accident_id,datetime,annee,mois,jour,heure,minute,departement,commune_insee,adresse,latitude,longitude,luminosite,agglomeration,intersection,meteo,collision,catr,circ,nbv,vosp,prof,plan,surf,infra,situ,vma,nb_vehicules,nb_usagers,nb_indemnes,nb_tues,nb_blesses_hosp,nb_blesses_legers,age_cond_1,age_cond_2,veh_type_cond_1,veh_type_cond_2,lum_code,agg_code,int_code,atm_code,col_code
201900000367,2019-08-12 16:55:00,2019,8,12,16,55,37,37261,MAGINOT (AV. ANDRE),47.4173611,0.6909276,Plein jour,En agglomération,Intersection en X,Normale,Deux véhicules - arrière,7,2,2,0,1,1,1,0,1,50,2,2,1,0,0,1,33.0,28.0,deux_roues,utilitaire_camion,1,2,2,1,2
201900000368,2019-08-17 23:00:00,2019,8,17,23,0,35,35238,CHATEAUBRIAND (QUAI),48.1102097,-1.6741705,Nuit avec éclairage allumé,En agglomération,Intersection en X,Pluie forte,Deux véhicules - frontale,4,3,2,1,2,1,2,5,1,50,2,2,1,0,0,1,34.0,48.0,deux_roues,voiture,5,2,2,3,1
201900000369,2019-08-17 20:25:00,2019,8,17,20,25,35,35278,RD 137,48.15478,-1.70217,Crépuscule ou aube,Hors agglomération,Intersection en Y,Pluie légère,Deux véhicules - côté,3,3,4,0,2,3,2,3,1,90,2,4,0,0,0,4,22.0,46.0,voiture,voiture,2,1,4,2,3
201900000370,2019-08-17 08:25:00,2019,8,17,8,25,35,35238,ROCADE 13-14,48.138283,-1.701088,Plein jour,Hors agglomération,Autre intersection,Pluie forte,Autre collision,2,3,4,0,1,2,2,3,1,90,1,1,0,0,0,1,34.0,,voiture,,1,1,9,3,6
201900000371,2019-08-16 18:15:00,2019,8,16,18,15,35,35238,GASCOGNE (SQUARE DE),48.121965,-1.713706,Plein jour,En agglomération,Hors intersection,Normale,Deux véhicules - côté,4,-1,1,0,1,1,1,0,1,30,2,2,1,0,0,1,19.0,36.0,deux_roues,utilitaire_camion,1,2,1,1,3
201900000372,2019-08-15 17:55:00,2019,8,15,17,55,35,35238,MITTERAND (MAIL FRANCOIS),48.109023,-1.690897,Plein jour,En agglomération,Intersection en T,Normale,Deux véhicules - côté,4,2,2,1,1,1,1,0,1,30,2,4,2,0,0,2,31.0,21.0,deux_roues,voiture,1,2,3,1,3
201900000373,2019-08-14 20:15:00,2019,8,14,20,15,35,35051,ALLIES (BOULEVARD DES),48.10534,-1.61545,Plein jour,En agglomération,Hors intersection,Normale,Sans collision,3,2,4,0,1,2,2,0,1,50,1,2,0,0,0,2,27.0,,voiture,,1,2,1,1,7
201900000374,2019-08-13 08:45:00,2019,8,13,8,45,35,35238,DUGUAY TROUIN (QUAI),48.11019,-1.68422,Plein jour,En agglomération,Hors intersection,Normale,Autre collision,4,1,1,1,1,1,1,0,1,50,1,2,1,0,0,1,22.0,,deux_roues,,1,2,1,1,6
201900000375,2019-08-12 10:50:00,2019,8,12,10,50,35,35051,VILAINE (COURS DE LA),48.1157825,-1.6066993,Plein jour,En agglomération,Intersection en T,Pluie forte,Autre collision,4,2,2,0,1,1,2,0,1,30,1,2,1,0,0,1,57.0,,voiture,,1,2,3,3,6
201900000376,2019-08-16 08:25:00,2019,8,16,8,25,34,34301,RD2 Route de Balaruc,43.41544,3.70368,Plein jour,Hors agglomération,Intersection en T,Normale,Deux véhicules - côté,3,2,4,1,1,1,1,5,1,50,2,2,1,1,0,0,71.0,65.0,deux_roues,utilitaire_camion,1,1,3,1,3
201900000377,2019-08-16 11:50:00,2019,8,16,11,50,34,34172,BARCELONE (RUE DE),43.6035905,3.8881164,Plein jour,En agglomération,Intersection en X,Normale,Deux véhicules - côté,4,1,2,3,1,1,1,9,1,50,2,4,1,0,0,3,39.0,65.0,voiture,voiture,1,2,2,1,3
201900000378,2019-08-15 19:45:00,2019,8,15,19,45,34,34172,TOURNOI DES SIX NATIONS ( RUE DU ),43.5869374,3.8527251,Plein jour,En agglomération,Hors intersection,Normale,Autre collision,4,-1,-1,3,1,1,1,0,1,50,1,2,1,0,0,1,21.0,,utilitaire_camion,,1,2,1,1,6
201900000379,2019-08-14 19:45:00,2019,8,14,19,45,34,34172,MAS ARGELLIERS (AVENUE DU),43.58333,3.88738,Plein jour,En agglomération,Intersection en X,Normale,Deux véhicules - côté,4,2,4,0,1,1,1,0,1,50,2,7,2,0,0,5,33.0,30.0,utilitaire_camion,utilitaire_camion,1,2,2,1,3
201900000380,2019-08-14 17:40:00,2019,8,14,17,40,34,34172,CROIX VERTE (RUE DE LA),43.6452497,3.841218,Plein jour,En agglomération,Hors intersection,Normale,Autre collision,4,1,-1,0,1,1,1,0,1,50,1,2,1,0,0,1,33.0,,utilitaire_camion,,1,2,1,1,6
201900000381,2019-08-13 17:45:00,2019,8,13,17,45,34,34172,GRASSET (AVENUE DU PROFESSEUR),43.621595,3.8685201,Plein jour,En agglomération,Intersection en X,Normale,Deux véhicules - côté,4,1,1,3,1,1,1,5,1,50,2,3,2,0,0,1,47.0,19.0,voiture,utilitaire_camion,1,2,2,1,3
201900000382,2019-06-14 07:11:00,2019,6,14,7,11,93,93055,LOUIS NADOT,48.8958,2.40989,Plein jour,En agglomération,Hors intersection,Normale,Deux véhicules - côté,4,2,2,2,2,2,1,0,1,50,2,2,1,0,0,1,31.0,30.0,deux_roues,voiture,1,2,1,1,3
201900000383,2019-06-12 11:20:00,2019,6,12,11,20,93,93055,JEAN LOLIVE (AVENUE)(137/FIN ET 134/FIN),48.893234,2.413098,Plein jour,En agglomération,Hors intersection,Normale,Autre collision,3,2,6,0,1,1,1,9,1,10,1,2,1,0,0,1,24.0,,voiture,,1,2,1,1,6
201900000384,2019-06-13 17:20:00,2019,6,13,17,20,93,93053,BREMENT (RUE DE) 109 A 235 - 110 A ...,48.88663,2.47164,Plein jour,En agglomération,Hors intersection,Pluie légère,Autre collision,3,1,2,0,1,1,2,0,1,50,1,2,1,0,0,1,42.0,,voiture,,1,2,1,2,6
201900000385,2019-06-13 13:45:00,2019,6,13,13,45,93,93053,BOBIGNY (AVENUE DE),48.89373,2.45007,Plein jour,En agglomération,Hors intersection,Normale,Trois véhicules et plus - en chaîne,4,2,2,0,1,1,1,8,1,50,3,1,0,0,0,1,21.0,,utilitaire_camion,,1,2,1,1,4
201900000386,2019-06-09 05:05:00,2019,6,9,5,5,93,93053,SAINT JUST (RUE),48.894868,2.452151,Crépuscule ou aube,En agglomération,Hors intersection,Normale,Autre collision,4,2,2,0,1,1,1,0,1,30,1,2,1,0,1,0,37.0,,autre,,2,2,1,1,6
201900000387,2019-06-02 02:56:00,2019,6,2,2,56,93,93053,PARIS (RUE DE),48.9,2.46,Nuit avec éclairage allumé,Hors agglomération,Intersection en T,Normale,Sans collision,3,1,2,0,1,1,1,5,1,50,1,1,0,0,0,1,,,,,5,1,3,1,7
201900000388,2019-06-19 20:10:00,2019,6,19,20,10,93,93051,GABRIEL PERI (AVENUE),48.8295913,2.5674669,Plein jour,En agglomération,Hors intersection,Normale,Autre collision,4,2,2,0,1,1,1,0,1,50,1,2,1,0,0,1,25.0,,voiture,,1,2,1,1,6
201900000389,2019-06-12 10:30:00,2019,6,12,10,30,93,93051,RU DE NESLE (BOULEVARD),48.8425,2.58044,Plein jour,En agglomération,Intersection en T,Normale,Deux véhicules - côté,3,2,3,0,1,1,1,8,1,50,2,2,1,0,0,1,39.0,31.0,deux_roues,voiture,1,2,3,1,3
201900000390,2019-06-07 19:15:00,2019,6,7,19,15,93,93051,NEUILLY (ROUTE),48.8515,2.534,Plein jour,En agglomération,Intersection en X,Pluie forte,Deux véhicules - côté,3,2,2,0,2,1,2,0,3,50,2,1,0,0,0,1,29.0,,deux_roues,,1,2,2,3,3
201900000391,2019-06-07 05:00:00,2019,6,7,5,0,93,93051,UNIVERSITE,48.836895,2.554577,Crépuscule ou aube,En agglomération,Hors intersection,Normale,Autre collision,4,2,2,0,1,1,1,0,3,50,1,1,0,0,0,1,42.0,,voiture,,2,2,1,1,6
201900000392,2019-06-03 13:30:00,2019,6,3,13,30,93,93033,BRAS SAINT ARNOULT,48.859644,2.57078,Plein jour,En agglomération,Intersection en X,Normale,Deux véhicules - côté,4,2,0,0,1,1,1,0,1,50,2,3,2,0,0,1,38.0,19.0,deux_roues,voiture,1,2,2,1,3
201900000393,2019-06-07 04:25:00,2019,6,7,4,25,93,93049,PARMENTIER (RUE),48.85701,2.50149,Nuit avec éclairage allumé,En agglomération,Intersection en X,Normale,Deux véhicules - côté,4,1,1,0,1,1,1,0,1,50,2,1,0,0,0,1,25.0,,deux_roues,,5,2,2,1,3
201900000394,2019-06-13 14:30:00,2019,6,13,14,30,93,93048,PARIS (RUE DE),48.8578882,2.4351291,Plein jour,En agglomération,Hors intersection,Normale,Deux véhicules - côté,3,-1,2,0,1,1,1,0,1,50,2,2,1,0,0,1,27.0,54.0,voiture,deux_roues,1,2,1,1,3
201900000395,2019-06-13 14:00:00,2019,6,13,14,0,93,93048,PARIS (RUE DE),48.85787,2.43422,Plein jour,En agglomération,Hors intersection,Normale,Autre collision,3,2,2,0,1,1,1,0,1,50,1,1,0,0,0,1,,,,,1,2,1,1,6
201900000396,2019-06-12 20:20:00,2019,6,12,20,20,93,93048,VERT BOIS (RUE DU),48.87244,2.436529,Crépuscule ou aube,En agglomération,Intersection en T,Pluie légère,Deux véhicules - arrière,4,2,2,0,2,1,1,0,1,50,2,1,0,0,0,1,30.0,,deux_roues,,2,2,3,2,2
201900000397,2019-06-12 16:25:00,2019,6,12,16,25,93,93048,ROSNY (RUE DE),48.86066,2.44364,Plein jour,En agglomération,Intersection en X,Pluie forte,Autre collision,3,2,2,0,1,1,2,0,1,50,1,2,1,0,0,1,82.0,,utilitaire_camion,,1,2,2,3,6
201900000398,2019-06-12 14:45:00,2019,6,12,14,45,93,93048,BAUNE (RUE DE LA),48.86184,2.43696,Plein jour,En agglomération,Autre intersection,Pluie forte,Deux véhicules - côté,4,2,2,0,2,1,2,0,1,50,2,2,0,0,0,2,44.0,47.0,voiture,voiture,1,2,9,3,3
201900000399,2019-06-10 18:00:00,2019,6,10,18,0,93,93048,MARCEAU (RUE),48.85071,2.42635,Plein jour,En agglomération,Intersection en X,Normale,Deux véhicules - côté,4,2,2,0,1,1,1,0,-1,50,2,4,2,0,0,2,34.0,18.0,voiture,voiture,1,2,2,1,3
201900000400,2019-06-05 19:15:00,2019,6,5,19,15,93,93048,JAURES (AV. JEAN) 1 A 123,48.863565,2.467584,Plein jour,En agglomération,Hors intersection,Normale,Deux véhicules - frontale,4,2,2,0,1,1,2,6,1,50,2,3,0,0,0,3,21.0,48.0,voiture,voiture,1,2,1,1,1
201900000401,2019-06-19 10:31:00,2019,6,19,10,31,93,93046,COLONEL FABIEN AVENUE DU,48.91525,2.513,Plein jour,En agglomération,Giratoire,Normale,Deux véhicules - côté,4,2,2,0,1,1,1,0,1,50,2,2,1,0,0,1,64.0,30.0,utilitaire_camion,deux_roues,1,2,6,1,3
201900000402,2019-06-19 09:37:00,2019,6,19,9,37,93,93046,EUGENE MASSE RUE,48.9263,2.54527,Plein jour,En agglomération,Intersection en T,Normale,Deux véhicules - côté,4,2,2,0,1,4,1,0,1,50,2,2,1,0,0,1,16.0,52.0,deux_roues,utilitaire_camion,1,2,3,1,3
201900000403,2019-06-18 19:20:00,2019,6,18,19,20,93,93015,PASTEUR AVENUE,48.91069,2.5839,Plein jour,En agglomération,Intersection en X,Normale,Deux véhicules - côté,4,2,2,0,1,1,1,0,1,50,2,2,1,0,0,1,57.0,35.0,voiture,transport_commun,1,2,2,1,3
201900000404,2019-06-14 04:00:00,2019,6,14,4,0,93,93074,Route Nationale 3,48.93343,2.59311,Nuit sans éclairage public,Hors agglomération,Hors intersection,Normale,Sans collision,3,3,2,0,1,1,1,0,1,110,1,1,0,0,0,1,23.0,,voiture,,3,1,1,1,7
201900000405,2019-06-14 00:15:00,2019,6,14,0,15,93,93046,EMILE GERARD AVENUE,48.9187,2.52041,Nuit avec éclairage allumé,En agglomération,Intersection en X,Normale,Deux véhicules - côté,4,2,0,0,1,1,1,5,2,50,2,4,0,0,0,4,36.0,21.0,voiture,voiture,5,2,2,1,3
201900000406,2019-06-07 20:50:00,2019,6,7,20,50,93,93015,PALOMBIERE ALLEE DE LA,48.91726,2.5637,Crépuscule ou aube,En agglomération,Autre intersection,Vent fort / tempête,Deux véhicules - arrière,4,2,1,0,1,1,1,0,1,30,2,4,0,0,3,1,44.0,34.0,voiture,voiture,2,2,9,6,2
201900000407,2019-06-05 17:40:00,2019,6,5,17,40,93,93074,LIMOUSIN RUE DU,48.93835,2.59486,Plein jour,En agglomération,Intersection en X,Pluie légère,Deux véhicules - côté,4,2,2,0,1,1,2,0,1,50,2,2,1,0,0,1,25.0,32.0,voiture,deux_roues,1,2,2,2,3
201900000408,2019-06-17 08:55:00,2019,6,17,8,55,93,93045,LANGEVIN PAUL RUE,48.883715,2.423349,Plein jour,En agglomération,Hors intersection,Normale,Autre collision,4,2,2,0,2,2,1,0,2,50,1,1,0,0,0,1,,,,,1,2,1,1,6
201900000409,2019-06-11 20:15:00,2019,6,11,20,15,93,93045,PARIS RUE DE,48.8795811,2.4157047,Plein jour,En agglomération,Hors intersection,Pluie légère,Autre collision,3,2,2,0,1,1,2,0,1,50,1,2,1,0,0,1,88.0,,voiture,,1,2,1,2,6
201900000410,2019-06-09 17:55:00,2019,6,9,17,55,93,93045,PARIS RUE DE,48.8791225,2.4136448,Plein jour,En agglomération,Hors intersection,Normale,Autre collision,3,2,2,0,1,1,1,0,1,50,1,2,1,0,0,1,16.0,,deux_roues,,1,2,1,1,6
201900000411,2019-06-15 22:35:00,2019,6,15,22,35,93,93032,JEAN JAURES (AVENUE),48.88286,2.52644,Nuit avec éclairage allumé,En agglomération,Hors intersection,Normale,Trois véhicules et plus - en chaîne,3,2,2,0,1,1,1,0,1,50,3,3,2,0,0,1,24.0,27.0,voiture,voiture,5,2,1,1,4
201900000412,2019-06-08 13:50:00,2019,6,8,13,50,93,93032,PARMENTIER   (RUE),48.88282,2.53489,Plein jour,En agglomération,Intersection à plus de 4 branches,Normale,Deux véhicules - côté,3,2,2,0,1,1,1,0,1,50,2,2,1,0,0,1,43.0,54.0,deux_roues,voiture,1,2,5,1,3
201900000413,2019-06-07 08:45:00,2019,6,7,8,45,93,93032,MONTGUICHET  (CHEMIN DE),48.88117,2.54787,Plein jour,En agglomération,Intersection en T,Normale,Autre collision,4,2,0,0,2,1,1,0,1,50,3,3,1,0,0,2,64.0,23.0,utilitaire_camion,deux_roues,1,2,3,1,6
201900000414,2019-06-04 17:10:00,2019,6,4,17,10,93,93032,"JULES GUESDES  (RUE, DU 2 AU 96 ET DE 1",48.88083,2.54264,Plein jour,En agglomération,Hors intersection,Normale,Deux véhicules - côté,3,1,1,1,1,1,1,0,1,50,2,2,1,0,0,1,23.0,35.0,voiture,deux_roues,1,2,1,1,3
201900000415,2019-05-24 19:44:00,2019,5,24,19,44,93,93032,ARISTIDE BRIAND (RUE),48.8771,2.53176,Plein jour,En agglomération,Hors intersection,Normale,Autre collision,3,2,2,0,1,1,1,0,1,50,1,1,0,0,0,1,49.0,,voiture,,1,2,1,1,6
201900000416,2019-06-14 17:10:00,2019,6,14,17,10,93,93031,MARNE (AVENUE DE LA),48.953589,2.327234,Plein jour,En agglomération,Hors intersection,Normale,Autre collision,4,2,2,0,1,1,1,0,1,50,1,1,0,0,0,1,,,,,1,2,1,1,6
201900000417,2019-06-13 12:55:00,2019,6,13,12,55,93,93079,SAINT LEU (ROUTE),48.95455,2.33449,Plein jour,En agglomération,Intersection en X,Normale,Deux véhicules - côté,3,2,2,1,1,1,1,0,1,50,2,2,1,0,0,1,40.0,33.0,deux_roues,voiture,1,2,2,1,3
201900000418,2019-06-11 13:00:00,2019,6,11,13,0,93,93031,REPUBLIQUE (AVENUE),48.947,2.34275,Plein jour,En agglomération,Intersection en X,Normale,Deux véhicules - frontale,3,2,8,0,1,1,1,5,1,50,2,2,1,0,0,1,30.0,42.0,voiture,voiture,1,2,2,1,1
201900000419,2019-06-10 19:15:00,2019,6,10,19,15,93,93031,FELIX MERLIN,48.95524,2.29289,Plein jour,En agglomération,Hors intersection,Normale,Autre collision,4,2,2,0,1,1,1,0,1,50,1,1,0,0,0,1,,,,,1,2,1,1,6
201900000420,2019-06-09 16:59:00,2019,6,9,16,59,93,93031,JARROW (AVENUE DE),48.95232,2.3319,Plein jour,En agglomération,Intersection en X,Normale,Deux véhicules - côté,4,2,2,0,1,1,1,5,1,50,2,2,1,0,0,1,31.0,20.0,deux_roues,voiture,1,2,2,1,3
201900000421,2019-06-07 11:42:00,2019,6,7,11,42,93,93079,DIVISION LECLERC (AV),48.9494,2.34224,Plein jour,En agglomération,Hors intersection,Pluie légère,Autre collision,3,2,0,0,1,1,2,9,8,30,1,1,0,0,0,1,,,,,1,2,1,2,6
201900000422,2019-06-04 07:55:00,2019,6,4,7,55,93,93031,SAINT LEU (ROUTE DE) 1 à 157,48.95034,2.34053,Plein jour,En agglomération,Intersection en T,Normale,Deux véhicules - côté,3,2,2,1,1,1,1,0,1,50,2,2,1,0,0,1,48.0,44.0,utilitaire_camion,deux_roues,1,2,3,1,3
201900000423,2019-06-18 11:20:00,2019,6,18,11,20,93,93029,REPUBLIQUE (DE LA) N° 1-161,48.922474,2.440516,Plein jour,En agglomération,Hors intersection,Normale,Deux véhicules - frontale,4,2,2,0,1,1,1,0,1,50,2,2,0,0,1,1,70.0,82.0,voiture,voiture,1,2,1,1,1
201900000424,2019-06-04 17:55:00,2019,6,4,17,55,93,93029,JEAN JAURES (AVENUE) N°,48.91406,2.46166,Plein jour,En agglomération,Hors intersection,Temps couvert,Trois véhicules et plus - en chaîne,3,2,2,0,1,1,2,0,1,50,3,4,3,0,0,1,48.0,51.0,voiture,voiture,1,2,1,8,4
201900000425,2019-06-04 18:22:00,2019,6,4,18,22,93,93029,ANATOLE FRANCE,48.93098,2.45528,Plein jour,En agglomération,Hors intersection,Pluie forte,Autre collision,4,2,2,0,1,3,2,0,1,50,1,2,1,0,0,1,45.0,,voiture,,1,2,1,3,6
201900000426,2019-06-04 09:40:00,2019,6,4,9,40,93,93029,MARAT,48.91973,2.43333,Plein jour,En agglomération,Intersection en T,Pluie légère,Deux véhicules - côté,4,1,1,0,1,1,2,0,1,50,2,2,1,0,0,1,31.0,53.0,voiture,voiture,1,2,3,2,3
201900000427,2019-05-31 15:30:00,2019,5,31,15,30,93,93029,MARTYRS DE CHATEAUBRIANT (AV. DES),48.91686,2.47023,Plein jour,En agglomération,Intersection en X,Normale,Trois véhicules et plus - collisions multiples,4,2,1,0,1,1,1,0,1,50,3,3,2,0,0,1,20.0,46.0,voiture,utilitaire_camion,1,2,2,1,5
201900000428,2019-06-01 14:20:00,2019,6,1,14,20,93,93029,ROGER SALENGRO N° 94 - FIN,48.91367,2.43624,Plein jour,En agglomération,Hors intersection,Normale,Autre collision,4,2,2,0,1,1,1,0,1,50,1,2,1,0,0,1,34.0,,voiture,,1,2,1,1,6
201900000429,2019-06-17 15:20:00,2019,6,17,15,20,93,93013,LECLERC (AVENU DE LA DIVISION),48.93763,2.42838,Plein jour,En agglomération,Intersection en X,Normale,Autre collision,3,3,4,0,1,1,1,0,1,50,2,2,1,0,0,1,46.0,54.0,voiture,deux_roues,1,2,2,1,6
201900000430,2019-06-15 22:40:00,2019,6,15,22,40,93,93013,VAILLANT (RUE EDOUARD),48.93692,2.4315,Nuit avec éclairage allumé,En agglomération,Autre intersection,Normale,Deux véhicules - frontale,4,2,2,1,1,1,1,9,1,50,2,2,1,0,0,1,20.0,28.0,voiture,deux_roues,5,2,9,1,1
201900000431,2019-06-15 16:45:00,2019,6,15,16,45,93,93027,CONVENTION (RUE DE LA),48.92759,2.39201,Plein jour,En agglomération,Hors intersection,Normale,Autre collision,3,3,4,0,1,1,1,0,1,50,1,2,1,0,0,1,48.0,,utilitaire_camion,,1,2,1,1,6
201900000432,2019-06-13 20:30:00,2019,6,13,20,30,93,93030,HUIT-MAI-1945 (AVENUE DU),48.94869,2.43822,Plein jour,En agglomération,Hors intersection,Normale,Autre collision,3,3,5,0,1,2,1,0,1,50,1,2,1,0,0,1,21.0,,utilitaire_camion,,1,2,1,1,6
201900000433,2019-06-12 17:30:00,2019,6,12,17,30,93,93027,HUGO (AVENUE VICTOR),48.9253886,2.3911141,Plein jour,En agglomération,Hors intersection,Pluie légère,Autre collision,4,2,2,0,1,1,2,0,1,50,1,2,1,0,0,1,49.0,,voiture,,1,2,1,2,6
201900000434,2019-06-12 10:51:00,2019,6,12,10,51,93,93027,FERRY (RUE JULES),48.9266,2.392639,Plein jour,En agglomération,Hors intersection,Normale,Autre collision,4,2,2,0,1,1,1,0,1,50,1,2,1,0,0,1,42.0,,voiture,,1,2,1,1,6
201900000435,2019-06-08 15:00:00,2019,6,8,15,0,93,93027,VAILLANT-COUTURIER (AVENUE PAUL),48.9181,2.40781,Plein jour,En agglomération,Intersection en X,Normale,Deux véhicules - côté,3,2,4,0,1,1,1,0,1,50,2,4,2,0,2,0,44.0,29.0,voiture,deux_roues,1,2,2,1,3
201900000436,2019-06-07 14:00:00,2019,6,7,14,0,93,93027,BERRI (RUE DU),48.91948,2.40485,Plein jour,En agglomération,Intersection en T,Normale,Deux véhicules - côté,7,2,1,0,1,1,1,0,1,50,2,2,1,0,0,1,26.0,24.0,voiture,utilitaire_camion,1,2,3,1,3
201900000437,2019-06-15 18:30:00,2019,6,15,18,30,93,93047,JEAN JAURES (AVENUE),48.89783,2.56085,Plein jour,En agglomération,Intersection en T,Normale,Deux véhicules - côté,3,2,2,2,1,1,1,0,1,50,2,2,1,0,0,1,55.0,30.0,autre,deux_roues,1,2,3,1,3
201900000438,2019-06-13 21:50:00,2019,6,13,21,50,93,93047,EUROPE (BOULEVARD DE L'),48.895291,2.570662,Plein jour,En agglomération,Hors intersection,Normale,Deux véhicules - côté,4,2,2,0,2,1,1,0,1,30,2,1,0,0,0,1,18.0,,deux_roues,,1,2,1,1,3
201900000439,2019-06-10 20:40:00,2019,6,10,20,40,93,93047,COUBRON  (VIEUX CHEMIN DE),48.9051,2.5767,Plein jour,En agglomération,Intersection en T,Normale,Deux véhicules - frontale,4,2,2,0,2,1,1,0,1,30,2,2,1,0,0,1,18.0,23.0,deux_roues,voiture,1,2,3,1,1
201900000440,2019-06-07 15:10:00,2019,6,7,15,10,93,93047,VAUQUELIN   (AVENUE),48.907623,2.58528,Plein jour,En agglomération,Hors intersection,Normale,Deux véhicules - frontale,4,2,2,0,1,1,1,0,1,50,2,2,1,0,1,0,41.0,74.0,voiture,voiture,1,2,1,1,1
201900000441,2019-06-02 23:05:00,2019,6,2,23,5,93,93047,CALMETTE (RUE DU DR),48.902,2.57895,Nuit avec éclairage allumé,En agglomération,Hors intersection,Normale,Autre collision,4,-1,0,0,1,1,1,9,1,10,1,2,1,0,0,1,50.0,,autre,,5,2,1,1,6
201900000442,2019-06-01 19:20:00,2019,6,1,19,20,93,93047,GENERAL DE GAULLE (RUE DU),48.899387,2.559523,Plein jour,En agglomération,Intersection en X,Normale,Deux véhicules - côté,4,2,2,0,1,1,1,0,1,50,2,4,0,0,0,4,22.0,41.0,utilitaire_camion,utilitaire_camion,1,2,2,1,3
201900000443,2019-06-18 19:15:00,2019,6,18,19,15,93,93057,CASANOVA (AL. DANIELLE) 1 A 98,48.90782,2.49459,Plein jour,En agglomération,Hors intersection,Normale,Deux véhicules - côté,3,2,2,0,1,3,1,0,1,50,2,3,2,0,0,1,51.0,58.0,voiture,deux_roues,1,2,1,1,3
201900000444,2019-06-18 19:30:00,2019,6,18,19,30,93,93057,JAURES (AV. JEAN) 1 A 123,48.90561,2.50124,Plein jour,En agglomération,Autre intersection,Normale,Deux véhicules - côté,3,2,2,0,1,1,1,0,1,50,2,2,1,0,0,1,35.0,23.0,voiture,deux_roues,1,2,9,1,3
201900000445,2019-06-15 15:50:00,2019,6,15,15,50,93,93010,RENONCULES (AL. DES),48.90322,2.48602,Plein jour,En agglomération,Hors intersection,Normale,Autre collision,4,2,2,0,1,1,1,0,1,30,1,1,0,0,0,1,,,,,1,2,1,1,6
201900000446,2019-06-14 10:15:00,2019,6,14,10,15,93,93010,QUATORZE-JUILLET (AV. DU),48.9096982,2.4910051,Plein jour,En agglomération,Hors intersection,Normale,Deux véhicules - frontale,3,4,2,0,1,1,1,0,1,30,2,2,1,0,0,1,43.0,47.0,utilitaire_camion,voiture,1,2,1,1,1
201900000447,2019-06-12 18:30:00,2019,6,12,18,30,93,93057,BARBUSSE ( AL. HENRI),48.903382,2.509662,Plein jour,En agglomération,Autre intersection,Pluie légère,Deux véhicules - côté,7,1,2,0,1,1,2,0,1,30,2,2,1,0,1,0,44.0,20.0,voiture,voiture,1,2,9,2,3
201900000448,2019-06-09 06:30:00,2019,6,9,6,30,93,93057,BRIAND ( AV. ARISTIDE) 238 A 308,48.911,2.5186,Crépuscule ou aube,En agglomération,Hors intersection,Normale,Deux véhicules - côté,3,3,4,0,1,1,1,0,4,50,2,3,0,0,3,0,29.0,29.0,voiture,voiture,2,2,1,1,3
201900000449,2019-06-06 21:30:00,2019,6,6,21,30,93,93010,GALLIENI (AV.) DE 111 A 175,48.90667,2.48542,Crépuscule ou aube,En agglomération,Hors intersection,Normale,Deux véhicules - frontale,3,1,3,0,1,1,1,0,1,50,2,1,0,0,0,1,25.0,,voiture,,2,2,1,1,1
201900000450,2019-06-06 03:56:00,2019,6,6,3,56,93,93010,GALLIENI (AV.) DE 111 A 175,48.90606,2.48036,Nuit avec éclairage allumé,En agglomération,Intersection en T,Normale,Deux véhicules - côté,3,-1,6,0,1,1,2,2,1,50,2,8,3,0,5,0,20.0,19.0,voiture,voiture,5,2,3,1,3
201900000451,2019-06-03 10:40:00,2019,6,3,10,40,93,93010,GALLIENI (AV.) DE 177 A 211,48.9075,2.49079,Plein jour,En agglomération,Hors intersection,Pluie légère,Deux véhicules - côté,3,1,3,0,1,1,2,0,1,50,2,3,1,0,0,2,23.0,53.0,voiture,voiture,1,2,1,2,3
201900000452,2019-06-02 19:20:00,2019,6,2,19,20,93,93010,BUISSON (AV. SUZANNE),48.913821,2.481009,Plein jour,En agglomération,Hors intersection,Normale,Deux véhicules - frontale,4,-1,2,0,1,1,1,0,1,30,2,2,1,0,0,1,19.0,,voiture,,1,2,1,1,1
201900000453,2019-06-16 06:15:00,2019,6,16,6,15,93,93008,VAILLANT COUTURIER (AVENUE PAUL),48.90968,2.44779,Plein jour,En agglomération,Hors intersection,Normale,Autre collision,3,2,4,0,1,1,1,0,4,50,1,4,1,0,1,2,42.0,,voiture,,1,2,1,1,6
201900000454,2019-06-15 19:50:00,2019,6,15,19,50,93,93008,PARIS (RUE DE),48.89555,2.42575,Plein jour,En agglomération,Giratoire,Normale,Deux véhicules - arrière,3,-1,4,0,1,1,1,4,1,50,2,2,1,0,0,1,23.0,43.0,voiture,deux_roues,1,2,6,1,2
201900000455,2019-06-15 22:07:00,2019,6,15,22,7,93,93007,8 MAI 45 (AVENUE DU 1 AU 182),48.95056,2.4402,Nuit avec éclairage allumé,En agglomération,Autre intersection,Normale,Deux véhicules - frontale,3,3,4,3,1,1,1,0,1,50,2,3,2,0,0,1,61.0,22.0,voiture,voiture,5,2,9,1,1
201900000456,2019-06-15 11:50:00,2019,6,15,11,50,93,93007,DIDEROT,48.94506,2.43533,Plein jour,En agglomération,Intersection en T,Normale,Deux véhicules - côté,3,2,6,2,1,1,1,0,1,10,2,2,1,0,0,1,27.0,35.0,voiture,deux_roues,1,2,3,1,3
201900000457,2019-06-14 15:20:00,2019,6,14,15,20,93,93007,PLISSON (AVENUE),48.94292,2.44036,Plein jour,En agglomération,Intersection en T,Normale,Deux véhicules - côté,3,2,2,0,1,1,1,0,1,50,2,2,1,0,0,1,33.0,37.0,transport_commun,voiture,1,2,3,1,3
201900000458,2019-06-11 16:05:00,2019,6,11,16,5,93,93007,DE LA REPUBLIQUE (AVENUE),48.935,2.475,Plein jour,En agglomération,Hors intersection,Pluie légère,Deux véhicules - arrière,9,2,3,0,1,1,2,0,1,50,2,2,1,0,0,1,61.0,25.0,voiture,utilitaire_camion,1,2,1,2,2