accident_id,datetime,annee,mois,jour,heure,minute,departement,commune_insee,adresse,latitude,longitude,luminosite,agglomeration,intersection,meteo,collision,catr,circ,nbv,vosp,prof,plan,surf,infra,situ,vma,nb_vehicules,nb_usagers,nb_indemnes,nb_tues,nb_blesses_hosp,nb_blesses_legers,age_cond_1,age_cond_2,veh_type_cond_1,veh_type_cond_2,lum_code,agg_code,int_code,atm_code,col_code
201900000551,2019-11-29 21:50:00,2019,11,29,21,50,7,07316,LONES (PONT DES),44.91719,4.86327,Nuit avec éclairage non allumé,Hors agglomération,Hors intersection,Pluie légère,Autre collision,3,3,4,0,1,1,2,0,1,90,1,1,0,0,0,1,47.0,,voiture,,4,1,1,2,6
201900000552,2019-11-30 00:05:00,2019,11,30,0,5,6,06088,ANGLAIS (DU N° 45 AU N° 112),43.693788,7.256565,Nuit avec éclairage allumé,En agglomération,Intersection en T,Normale,Autre collision,7,1,3,0,1,1,1,0,1,50,1,2,1,0,1,0,23.0,,voiture,,5,2,3,1,6
201900000553,2019-11-29 12:00:00,2019,11,29,12,0,6,06088,CIMIEZ (BD) A PARTIR DU 16-17,43.715197,7.271862,Plein jour,En agglomération,Hors intersection,Normale,Deux véhicules - arrière,4,2,4,0,2,1,1,0,1,50,2,8,4,0,1,3,60.0,21.0,voiture,voiture,1,2,1,1,2
201900000554,2019-11-29 01:25:00,2019,11,29,1,25,5,05061,plaine de lachaup,44.5095876,6.0455006,Nuit avec éclairage allumé,Hors agglomération,Giratoire,Normale,Sans collision,2,2,2,0,1,1,1,0,1,50,1,2,0,0,0,2,25.0,,voiture,,5,1,6,1,7
201900000555,2019-11-29 19:40:00,2019,11,29,19,40,3,03190,route de Clermont,46.5562249,3.3211499,Nuit avec éclairage allumé,En agglomération,Hors intersection,Normale,Autre collision,3,2,2,0,1,1,1,0,1,50,1,3,2,0,1,0,,,,,5,2,1,1,6
201900000556,2019-11-29 17:00:00,2019,11,29,17,0,75,75112,BD PERIPHERIQUE EXTERIEUR,48.8377373,2.4129528,Plein jour,En agglomération,Hors intersection,Normale,Deux véhicules - côté,4,1,4,0,1,1,1,0,1,70,2,2,1,0,0,1,38.0,49.0,voiture,deux_roues,1,2,1,1,3
201900000557,2019-11-28 09:20:00,2019,11,28,9,20,75,75112,RUE DE DIJON,48.835601,2.385911,Plein jour,En agglomération,Hors intersection,Normale,Trois véhicules et plus - en chaîne,4,2,4,0,1,1,1,0,1,30,3,4,2,0,1,1,57.0,38.0,utilitaire_camion,transport_commun,1,2,1,1,4
201900000558,2019-11-29 19:26:00,2019,11,29,19,26,75,75105,BOULEVARD SAINT MARCEL,48.8384763,2.3570239,Nuit avec éclairage allumé,En agglomération,Intersection en X,Normale,Autre collision,4,2,4,-1,1,1,1,0,1,30,1,2,1,0,0,1,41.0,,deux_roues,,5,2,2,1,6
201900000559,2019-11-27 13:20:00,2019,11,27,13,20,75,75106,BOULEVARD SAINT MICHEL,48.8412519,2.3374696,Plein jour,En agglomération,Intersection en Y,Pluie légère,Deux véhicules - côté,4,2,3,0,1,1,2,0,1,50,2,2,1,0,0,1,33.0,25.0,voiture,deux_roues,1,2,4,2,3
201900000560,2019-11-29 14:50:00,2019,11,29,14,50,75,75117,AVENUE DE VILLIERS,48.885265,2.294796,Plein jour,En agglomération,Hors intersection,Normale,Deux véhicules - côté,4,2,2,0,1,1,1,0,1,50,2,2,1,0,0,1,35.0,35.0,voiture,deux_roues,1,2,1,1,3
201900000561,2019-11-28 10:35:00,2019,11,28,10,35,75,75117,BOULEVARD DE COURCELLES,48.879908,2.306633,Plein jour,En agglomération,Hors intersection,Normale,Deux véhicules - côté,4,2,3,0,1,1,1,0,1,30,2,3,2,0,0,1,59.0,19.0,voiture,deux_roues,1,2,1,1,3
201900000562,2019-11-28 16:25:00,2019,11,28,16,25,75,75108,AVENUE MARCEAU,48.8660756,2.2996588,Plein jour,En agglomération,Intersection en Y,Temps couvert,Autre collision,4,2,4,0,1,1,1,0,1,50,1,2,1,0,0,1,45.0,,deux_roues,,1,2,4,8,6
201900000563,2019-11-29 19:30:00,2019,11,29,19,30,75,75112,BOULEVARD DIDEROT,48.8466734,2.3809492,Nuit avec éclairage allumé,En agglomération,Hors intersection,Temps couvert,Autre collision,4,2,3,3,1,1,2,-1,6,50,2,1,0,0,0,1,65.0,,deux_roues,,5,2,1,8,6
201900000564,2019-11-29 08:00:00,2019,11,29,8,0,75,75112,AVENUE LEDRU ROLLIN,48.848819,2.372875,Plein jour,En agglomération,Hors intersection,Pluie légère,Deux véhicules - côté,4,2,2,0,1,1,2,0,1,50,2,2,1,0,0,1,47.0,39.0,deux_roues,voiture,1,2,1,2,3
201900000565,2019-11-29 09:00:00,2019,11,29,9,0,75,75111,RUE DE CRUSSOL,48.86408,2.367715,Plein jour,En agglomération,Hors intersection,Temps couvert,Autre collision,4,2,2,0,1,1,2,0,1,30,1,2,1,0,0,1,32.0,,deux_roues,,1,2,1,8,6
201900000566,2019-11-29 19:05:00,2019,11,29,19,5,75,75108,COURS LA REINE,48.864681,2.313657,Nuit avec éclairage allumé,En agglomération,Intersection en X,Normale,Autre collision,4,3,2,0,1,1,1,0,1,50,2,1,0,0,0,1,25.0,,deux_roues,,5,2,2,1,6
201900000567,2019-11-29 12:00:00,2019,11,29,12,0,75,75108,RUE DE COURCELLES,48.8732719,2.3112966,Plein jour,En agglomération,Hors intersection,Normale,Sans collision,4,2,2,0,1,1,2,0,1,30,1,2,0,0,0,2,70.0,,deux_roues,,1,2,1,1,7
201900000568,2019-11-29 09:30:00,2019,11,29,9,30,75,75108,AVENUE MARCEAU,48.868525,2.298919,Plein jour,En agglomération,Intersection en T,Pluie légère,Deux véhicules - arrière,4,2,4,-1,2,1,2,0,1,50,2,2,1,0,0,1,27.0,22.0,deux_roues,voiture,1,2,3,2,2
201900000569,2019-11-29 13:45:00,2019,11,29,13,45,75,75102,RUE SAINT DENIS,48.8667094,2.3512489,Plein jour,En agglomération,Intersection en T,Pluie légère,Autre collision,4,1,1,-1,1,1,2,0,1,50,2,2,1,0,0,1,22.0,,deux_roues,,1,2,3,2,6
201900000570,2019-11-28 23:20:00,2019,11,28,23,20,75,75101,PLACE DU CARROUSEL,48.860115,2.333339,Nuit avec éclairage allumé,En agglomération,Intersection en X,Pluie légère,Deux véhicules - côté,4,2,4,0,1,1,2,5,1,50,2,2,1,0,0,1,33.0,60.0,voiture,deux_roues,5,2,2,2,3
201900000571,2019-11-28 00:05:00,2019,11,28,0,5,94,94068,BAC (AV DU),48.79389,2.51336,Nuit avec éclairage allumé,En agglomération,Hors intersection,Pluie légère,Deux véhicules - frontale,3,2,3,0,2,1,1,0,1,50,2,2,1,0,0,1,47.0,32.0,voiture,voiture,5,2,1,2,1
201900000572,2019-11-29 21:00:00,2019,11,29,21,0,94,94042,JEAN MERMOZ (R),48.81978,2.46469,Nuit avec éclairage allumé,En agglomération,Hors intersection,Normale,Autre collision,3,1,1,0,2,1,1,2,1,30,1,2,1,0,1,0,21.0,,voiture,,5,2,1,1,6
201900000573,2019-11-28 13:20:00,2019,11,28,13,20,94,94046,JEAN JAURES (R),48.7956276,2.4338253,Plein jour,En agglomération,Intersection en X,Temps couvert,Deux véhicules - côté,3,3,2,0,1,1,1,0,1,50,2,3,2,0,0,1,48.0,34.0,voiture,transport_commun,1,2,2,8,3
201900000574,2019-11-29 18:20:00,2019,11,29,18,20,94,94076,MAXIME GORKI (R),48.79057,2.36944,Nuit avec éclairage allumé,En agglomération,Hors intersection,Normale,Deux véhicules - côté,3,2,4,1,1,1,1,8,4,50,2,2,1,0,0,1,25.0,35.0,deux_roues,voiture,5,2,1,1,3
201900000575,2019-11-28 12:50:00,2019,11,28,12,50,94,94065,STRASBOURG (RUE DE),48.75873,2.35814,Plein jour,En agglomération,Intersection en X,Normale,Deux véhicules - côté,5,1,1,0,1,1,2,0,8,30,2,2,1,0,0,1,20.0,24.0,voiture,utilitaire_camion,1,2,2,1,3
201900000576,2019-11-29 10:40:00,2019,11,29,10,40,94,94028,POMPADOUR(CARREFOUR),48.7746,2.43912,Plein jour,En agglomération,Giratoire,Pluie légère,Deux véhicules - côté,3,3,2,0,1,1,2,0,1,50,2,2,1,0,0,1,64.0,57.0,deux_roues,voiture,1,2,6,2,3
201900000577,2019-11-29 07:55:00,2019,11,29,7,55,94,94028,FALKIRK(RUE),48.77116,2.46119,Nuit avec éclairage allumé,En agglomération,Intersection en T,Pluie légère,Autre collision,4,2,2,0,1,1,2,0,2,50,1,2,1,0,0,1,28.0,,voiture,,5,2,3,2,6
201900000578,2019-11-28 21:15:00,2019,11,28,21,15,94,94011,BOISSY.(AVENUE DE),48.76397,2.49311,Nuit avec éclairage allumé,En agglomération,Autre intersection,Normale,Deux véhicules - côté,3,2,4,0,1,1,1,2,1,50,2,2,1,0,0,1,23.0,18.0,voiture,voiture,5,2,9,1,3
201900000579,2019-11-29 20:15:00,2019,11,29,20,15,94,94022,VICTOR HUGO (AV),48.7669,2.41481,Nuit avec éclairage non allumé,En agglomération,Hors intersection,Normale,Deux véhicules - côté,3,1,4,0,1,1,1,0,1,50,2,2,1,0,0,1,23.0,18.0,deux_roues,voiture,4,2,1,1,3
201900000580,2019-11-29 16:30:00,2019,11,29,16,30,94,94054,MARECHAL FOCH (R DU),48.74452,2.39718,Nuit avec éclairage non allumé,En agglomération,Intersection en T,Normale,Deux véhicules - côté,3,2,4,0,1,1,1,0,1,50,2,2,0,0,0,2,57.0,48.0,deux_roues,voiture,4,2,3,1,3
201900000581,2019-11-29 09:00:00,2019,11,29,9,0,94,94022,VICTOR HUGO (AV),48.76884,2.42085,Plein jour,En agglomération,Autre intersection,Pluie légère,Autre collision,3,2,2,3,1,1,2,0,1,30,1,3,2,0,0,1,25.0,,transport_commun,,1,2,9,2,6
201900000582,2019-11-29 14:50:00,2019,11,29,14,50,93,93048,IRENEE LECOQ (RUE),48.872381,2.448989,Plein jour,En agglomération,Hors intersection,Pluie légère,Deux véhicules - côté,4,1,1,0,2,1,2,9,1,50,2,2,1,0,0,1,60.0,35.0,deux_roues,voiture,1,2,1,2,3
201900000583,2019-11-28 10:20:00,2019,11,28,10,20,93,93005,SAVIGNY (AVENUE DE),48.950529,2.511002,Plein jour,En agglomération,Hors intersection,Temps couvert,Autre collision,4,2,2,0,1,1,1,0,1,50,1,2,1,0,1,0,28.0,,utilitaire_camion,,1,2,1,8,6
201900000584,2019-03-11 23:45:00,2019,3,11,23,45,92,92078,GALLIENI (BD) (1 A 79 ET 22 A 102),48.92712,2.32996,Nuit avec éclairage allumé,En agglomération,Autre intersection,Normale,Autre collision,3,2,2,0,1,1,1,9,1,50,1,2,1,0,1,0,50.0,,transport_commun,,5,2,9,1,6
201900000585,2019-04-11 18:10:00,2019,4,11,18,10,92,92078,ROGER MARTIN DU GARD (SQUARE),48.9365,2.32697,Plein jour,En agglomération,Autre intersection,Normale,Autre collision,4,-1,8,0,1,1,1,0,1,50,1,1,0,0,0,1,,,,,1,2,9,1,6
201900000586,2019-11-27 12:00:00,2019,11,27,12,0,92,92078,CHEMIN VERT (ALLEE),48.93696,2.33297,Plein jour,En agglomération,Autre intersection,Normale,Autre collision,9,-1,0,0,1,1,1,0,1,30,1,2,1,0,0,1,60.0,,utilitaire_camion,,1,2,9,1,6
201900000587,2019-11-29 20:50:00,2019,11,29,20,50,92,92073,BAS ROGERS (RUE DES),48.87987,2.23333,Nuit avec éclairage allumé,En agglomération,Hors intersection,Temps couvert,Deux véhicules - côté,3,2,2,0,2,1,1,0,1,50,2,2,1,0,0,1,31.0,23.0,deux_roues,deux_roues,5,2,1,8,3
201900000588,2019-11-28 17:40:00,2019,11,28,17,40,92,92063,FLOQUET (RUE CHARLES) NORD,48.87199,2.17688,Nuit avec éclairage allumé,En agglomération,Intersection en T,Normale,Autre collision,3,3,2,0,2,1,1,0,1,50,1,2,1,0,1,0,75.0,,voiture,,5,2,3,1,6
201900000589,2019-11-29 10:50:00,2019,11,29,10,50,92,92051,CHARTRES (RUE DE ),48.8819071,2.2777212,Plein jour,En agglomération,Hors intersection,Pluie légère,Autre collision,9,3,0,0,1,1,2,6,1,50,1,1,0,0,0,1,,,,,1,2,1,2,6
201900000590,2019-11-28 18:15:00,2019,11,28,18,15,92,92050,GAMBETTA RUE,48.888219,2.199327,Nuit avec éclairage allumé,En agglomération,Hors intersection,Normale,Autre collision,4,2,2,0,2,1,1,0,8,50,1,1,0,0,0,1,,,,,5,2,1,1,6
201900000591,2019-11-28 18:15:00,2019,11,28,18,15,92,92050,FRACHON BENOIT AVENUE,48.894601,2.190958,Nuit avec éclairage allumé,En agglomération,Hors intersection,Normale,Autre collision,3,2,1,3,2,1,1,6,6,50,1,2,1,0,0,1,19.0,,deux_roues,,5,2,1,1,6
201900000592,2019-11-29 16:00:00,2019,11,29,16,0,92,92049,GAMBETTA AVENUE LEON N° PAIRS,48.8136,2.32367,Plein jour,En agglomération,Hors intersection,Normale,Deux véhicules - côté,7,2,2,0,1,1,1,0,1,50,2,2,1,0,0,1,53.0,19.0,voiture,deux_roues,1,2,1,1,3
201900000593,2019-11-27 23:45:00,2019,11,27,23,45,92,92004,AULAGNIER ( QUAI ),48.915663,2.3156618,Nuit sans éclairage public,En agglomération,Hors intersection,Normale,Autre collision,3,2,5,0,1,1,1,0,1,50,2,2,0,1,1,0,32.0,,deux_roues,,3,2,1,1,6
201900000594,2019-11-29 15:30:00,2019,11,29,15,30,80,80016,Rue des Otages,50.001385,2.652406,Plein jour,En agglomération,Hors intersection,Normale,Autre collision,9,1,1,0,1,1,1,0,1,50,1,2,1,0,0,1,84.0,,voiture,,1,2,1,1,6
201900000595,2019-11-29 17:55:00,2019,11,29,17,55,37,37063,3 Rue du Pr Guillaume Louis,47.586266,0.897914,Nuit sans éclairage public,Hors agglomération,Hors intersection,Normale,Autre collision,3,2,2,0,1,1,1,0,1,70,1,2,1,1,0,0,26.0,,utilitaire_camion,,3,1,1,1,6
201900000596,2019-11-26 17:20:00,2019,11,26,17,20,47,47057,22 Avenue Saint-gregoire,44.651239,0.587357,Plein jour,Hors agglomération,Hors intersection,Normale,Deux véhicules - frontale,3,2,2,0,2,2,1,0,1,50,2,2,1,0,1,0,43.0,33.0,voiture,utilitaire_camion,1,1,1,1,1
201900000597,2019-11-29 21:44:00,2019,11,29,21,44,62,62768,D137,50.362365,1.865529,Nuit avec éclairage allumé,En agglomération,Hors intersection,Temps couvert,Autre collision,3,2,2,0,1,1,2,0,4,50,1,1,0,0,0,1,33.0,,voiture,,5,2,1,8,6
201900000598,2019-11-29 03:30:00,2019,11,29,3,30,22,22368,D766,48.563186,-2.054822,Nuit sans éclairage public,Hors agglomération,Hors intersection,Temps couvert,Sans collision,3,2,2,0,1,1,2,0,1,80,1,1,0,0,1,0,20.0,,voiture,,3,1,1,8,7
201900000599,2019-11-29 23:45:00,2019,11,29,23,45,95,95116,Chemin du Jacloret,49.150319,2.342497,Nuit avec éclairage allumé,Hors agglomération,Hors intersection,Normale,Deux véhicules - frontale,4,2,2,1,1,1,1,0,1,30,2,8,1,0,2,5,18.0,,voiture,,5,1,1,1,1
201900000600,2019-11-29 12:00:00,2019,11,29,12,0,1,01109,D884,46.143693,5.91146,Plein jour,Hors agglomération,Hors intersection,Pluie forte,Sans collision,3,3,4,0,4,3,3,9,3,110,1,3,0,0,2,1,72.0,,voiture,,1,1,1,3,7
201900000601,2019-11-29 17:05:00,2019,11,29,17,5,40,40295,Chemin Castelnau,44.37761,-0.799753,Plein jour,Hors agglomération,Intersection en X,Normale,Deux véhicules - côté,3,2,2,0,1,1,1,5,1,80,2,4,2,1,1,0,34.0,27.0,voiture,voiture,1,1,2,1,3
201900000602,2019-11-29 12:05:00,2019,11,29,12,5,51,51507,RD 982E2,49.0822722,4.8830996,Plein jour,Hors agglomération,Hors intersection,Pluie légère,Sans collision,3,2,2,0,1,1,8,0,3,80,1,1,0,0,1,0,49.0,,voiture,,1,1,1,2,7
201900000603,2019-11-30 17:10:00,2019,11,30,17,10,51,51660,AVENUE DU VAL DES BOIS,49.3481234,4.2125039,Crépuscule ou aube,En agglomération,Autre intersection,Normale,Deux véhicules - frontale,3,2,2,0,1,1,1,5,1,50,2,3,2,1,0,0,41.0,79.0,voiture,deux_roues,2,2,9,1,1
201900000604,2019-11-29 16:15:00,2019,11,29,16,15,56,56036,Rue Pierre Landais,47.784966,-3.337427,Plein jour,En agglomération,Hors intersection,Normale,Autre collision,9,2,2,0,1,1,1,6,1,50,1,2,1,0,0,1,75.0,,voiture,,1,2,1,1,6
201900000605,2019-11-08 20:30:00,2019,11,8,20,30,74,74006,Route de sous le Mont,45.997022,6.113542,Nuit sans éclairage public,Hors agglomération,Hors intersection,Pluie légère,Autre collision,4,2,2,0,1,1,2,0,3,-1,1,1,0,0,1,0,48.0,,voiture,,3,1,1,2,6
201900000606,2019-11-29 15:35:00,2019,11,29,15,35,2B,2B050,La Vigna,42.555917,8.792582,Plein jour,Hors agglomération,Giratoire,Normale,Deux véhicules - arrière,2,-1,1,0,1,2,1,0,1,70,2,2,1,0,1,0,52.0,82.0,deux_roues,voiture,1,1,6,1,2
201900000607,2019-11-30 16:20:00,2019,11,30,16,20,2B,2B286,T10,42.482285,9.480715,Plein jour,En agglomération,Hors intersection,Normale,Deux véhicules - côté,2,2,2,0,1,1,1,0,1,50,2,5,4,0,0,1,55.0,52.0,voiture,voiture,1,2,1,1,3
201900000608,2019-11-30 02:00:00,2019,11,30,2,0,80,80082,D1001,49.976766,2.144549,Nuit sans éclairage public,Hors agglomération,Hors intersection,Brouillard / fumée,Deux véhicules - frontale,3,2,2,0,2,1,1,0,1,80,2,2,0,0,1,1,46.0,50.0,utilitaire_camion,utilitaire_camion,3,1,1,5,1
201900000609,2019-11-25 07:50:00,2019,11,25,7,50,63,63178,Boulevard de Barrière,45.5387431,3.2439519,Plein jour,En agglomération,Intersection en X,Normale,Autre collision,4,2,2,0,1,1,1,0,1,50,1,2,1,0,0,1,50.0,,voiture,,1,2,2,1,6
201900000610,2019-11-29 22:30:00,2019,11,29,22,30,61,61168,Rue d'Hautvie,48.591959,-0.356847,Nuit avec éclairage allumé,En agglomération,Hors intersection,Normale,Autre collision,4,1,1,0,1,1,1,9,1,20,1,1,0,0,1,0,38.0,,deux_roues,,5,2,1,1,6
201900000611,2019-11-30 03:30:00,2019,11,30,3,30,49,49222,D160,47.333345,-0.589229,Nuit sans éclairage public,Hors agglomération,Hors intersection,Normale,Autre collision,3,2,2,0,1,1,1,0,1,80,1,2,1,0,1,0,26.0,,utilitaire_camion,,3,1,1,1,6
201900000612,2019-11-30 10:30:00,2019,11,30,10,30,42,42060,Lieu Dit Apagneux,45.495717,4.098731,Plein jour,Hors agglomération,Hors intersection,Normale,Autre collision,4,-1,2,0,2,1,6,0,8,-1,1,1,0,0,1,0,36.0,,deux_roues,,1,1,1,1,6
201900000613,2019-11-29 15:35:00,2019,11,29,15,35,47,47147,Au Trespountets,44.636076,0.241719,Plein jour,Hors agglomération,Intersection en T,Temps éblouissant,Deux véhicules - frontale,3,2,2,0,2,3,1,0,1,80,2,2,1,1,0,0,52.0,71.0,voiture,deux_roues,1,1,3,7,1
201900000614,2019-11-30 14:00:00,2019,11,30,14,0,34,34214,D15,43.466043,3.273719,Plein jour,Hors agglomération,Hors intersection,Normale,Deux véhicules - frontale,3,2,2,0,1,1,1,0,1,-1,2,3,0,1,2,0,34.0,82.0,voiture,voiture,1,1,1,1,1
201900000615,2019-11-29 13:20:00,2019,11,29,13,20,68,68374,1 Rue du Logelbach,48.073666,7.290989,Plein jour,En agglomération,Hors intersection,Normale,Autre collision,4,2,2,0,1,1,1,0,1,30,1,3,2,0,1,0,74.0,,voiture,,1,2,1,1,6
201900000616,2019-11-29 19:30:00,2019,11,29,19,30,44,44013,D773,47.397184,-2.097015,Nuit sans éclairage public,Hors agglomération,Hors intersection,Normale,Deux véhicules - frontale,3,2,2,0,1,1,1,0,1,80,2,2,0,0,1,1,24.0,22.0,voiture,voiture,3,1,1,1,1
201900000617,2019-11-29 16:45:00,2019,11,29,16,45,44,44125,Route de Saint-sébastien,47.3666063,-2.5222546,Crépuscule ou aube,En agglomération,Giratoire,Normale,Deux véhicules - côté,4,-1,1,0,2,1,1,0,1,50,2,2,1,0,1,0,32.0,52.0,deux_roues,voiture,2,2,6,1,3
201900000618,2019-11-29 17:21:00,2019,11,29,17,21,29,29302,1770 Lieu-dit Pennarun,48.270061,-4.096194,Crépuscule ou aube,Hors agglomération,Hors intersection,Autre,Autre collision,4,2,2,0,1,1,2,0,1,80,1,2,1,0,1,0,61.0,,voiture,,2,1,1,9,6
201900000619,2019-11-30 06:15:00,2019,11,30,6,15,26,26001,RD93,44.696315,5.394642,Nuit sans éclairage public,Hors agglomération,Hors intersection,Normale,Autre collision,3,2,1,0,1,1,2,0,1,80,1,1,0,0,0,1,48.0,,voiture,,3,1,1,1,6
201900000620,2019-11-30 04:45:00,2019,11,30,4,45,72,72046,rue des ormeaux,47.99683,0.502429,Nuit avec éclairage allumé,En agglomération,Autre intersection,Normale,Autre collision,4,2,2,0,2,3,1,0,1,-1,1,3,1,0,0,2,18.0,,voiture,,5,2,9,1,6
201900000621,2019-11-30 13:20:00,2019,11,30,13,20,60,60067,Chemin du Sémaphore,49.290519,2.817458,Plein jour,Hors agglomération,Hors intersection,Normale,Sans collision,9,1,1,0,1,1,6,0,6,30,1,1,0,0,0,1,24.0,,utilitaire_camion,,1,1,1,1,7
201900000622,2019-11-29 23:30:00,2019,11,29,23,30,60,60009,D1001,49.4053558,2.1199451,Nuit sans éclairage public,Hors agglomération,Giratoire,Normale,Sans collision,3,3,4,0,1,1,1,0,3,90,1,1,0,0,0,1,33.0,,utilitaire_camion,,3,1,6,1,7
201900000623,2019-11-30 01:45:00,2019,11,30,1,45,64,64527,d918,43.3406992,-1.4726714,Nuit sans éclairage public,En agglomération,Giratoire,Normale,Sans collision,3,2,2,0,1,1,2,9,1,50,1,1,0,0,0,1,49.0,,voiture,,3,2,6,1,7
201900000624,2019-11-29 17:35:00,2019,11,29,17,35,73,73059,D991  Route de Paris,45.7594224,5.8706055,Nuit sans éclairage public,Hors agglomération,Hors intersection,Pluie légère,Sans collision,3,2,2,0,1,4,2,0,1,70,1,1,0,0,0,1,55.0,,deux_roues,,3,1,1,2,7
201900000625,2019-11-30 06:10:00,2019,11,30,6,10,16,16421,Lieu Dit la Petite Fenetre,45.677509,0.458111,Nuit sans éclairage public,Hors agglomération,Hors intersection,Normale,Sans collision,3,2,2,0,2,1,1,0,1,80,1,1,0,0,1,0,25.0,,voiture,,3,1,1,1,7
201900000626,2019-11-29 20:45:00,2019,11,29,20,45,85,85107,LA TUILERIE,46.96425,-1.27299,Nuit sans éclairage public,Hors agglomération,Hors intersection,Normale,Deux véhicules - côté,3,2,2,0,1,1,1,0,1,-1,2,2,1,0,1,0,16.0,26.0,deux_roues,voiture,3,1,1,1,3
201900000627,2019-11-29 16:10:00,2019,11,29,16,10,48,48063,D987,44.776672,3.347869,Plein jour,Hors agglomération,Hors intersection,Pluie légère,Autre collision,3,2,2,0,1,4,2,2,1,70,1,2,1,0,1,0,91.0,,voiture,,1,1,1,2,6
201900000628,2019-11-29 19:40:00,2019,11,29,19,40,973,97307,RN2,4.886021,-52.335345,Nuit avec éclairage allumé,En agglomération,Intersection en X,Normale,Deux véhicules - côté,2,2,2,0,1,1,2,9,1,50,2,2,1,0,1,0,44.0,71.0,voiture,deux_roues,5,2,2,1,3
201900000629,2019-11-29 23:35:00,2019,11,29,23,35,80,80160,A29,49.852943,2.354916,Nuit sans éclairage public,Hors agglomération,Hors intersection,Normale,Trois véhicules et plus - collisions multiples,1,3,4,0,2,1,1,0,8,110,3,5,2,0,0,3,40.0,76.0,voiture,voiture,3,1,1,1,5
201900000630,2019-11-30 07:50:00,2019,11,30,7,50,76,76660,A131,49.486063,0.318433,Crépuscule ou aube,Hors agglomération,Hors intersection,Normale,Trois véhicules et plus - en chaîne,1,1,2,0,1,1,1,0,1,130,4,4,3,0,1,0,24.0,48.0,utilitaire_camion,utilitaire_camion,2,1,1,1,4
201900000631,2019-11-26 17:33:00,2019,11,26,17,33,28,28092,A10,48.355841,1.875674,Nuit sans éclairage public,Hors agglomération,Hors intersection,Normale,Deux véhicules - côté,1,3,3,0,1,1,2,0,1,130,2,3,1,0,0,2,54.0,71.0,voiture,voiture,3,1,1,1,3
201900000632,2019-11-30 05:50:00,2019,11,30,5,50,986,98613,Vailala,45.893441,-0.14759,Plein jour,Hors agglomération,Hors intersection,Normale,Sans collision,2,2,2,0,1,2,1,0,3,70,1,2,1,1,0,0,50.0,,voiture,,1,1,1,1,7
201900000633,2019-11-29 19:45:00,2019,11,29,19,45,971,97107,1368 Boulevard de Bananier,15.996751,-61.607094,Nuit sans éclairage public,Hors agglomération,Hors intersection,Normale,Deux véhicules - arrière,2,2,2,0,2,1,1,0,1,70,2,2,1,0,0,1,63.0,23.0,voiture,deux_roues,3,1,1,1,2
201900000634,2019-11-29 20:45:00,2019,11,29,20,45,33,33199,161 avenue Maréchal de lattre de tassigny,44.63651,-1.09566,Nuit avec éclairage non allumé,En agglomération,Hors intersection,Normale,Deux véhicules - arrière,3,2,2,0,1,1,1,0,1,50,2,2,1,0,1,0,30.0,76.0,voiture,deux_roues,4,2,1,1,2
201900000635,2019-11-30 16:20:00,2019,11,30,16,20,45,45315,3 Place Maurice de Sully,47.7657979,2.3755932,Plein jour,En agglomération,Hors intersection,Normale,Autre collision,3,1,1,0,1,1,1,0,1,50,1,3,1,0,1,1,52.0,,voiture,,1,2,1,1,6
201900000636,2019-11-30 09:30:00,2019,11,30,9,30,78,78415,Route de Mareil,48.885742,1.860263,Plein jour,En agglomération,Hors intersection,Normale,Autre collision,4,2,2,0,2,2,1,0,1,30,1,2,1,0,1,0,30.0,,utilitaire_camion,,1,2,1,1,6
201900000637,2019-11-30 05:20:00,2019,11,30,5,20,78,78231,RD 928,48.951903,1.65173,Nuit sans éclairage public,Hors agglomération,Hors intersection,Normale,Sans collision,3,2,2,0,1,1,1,0,3,80,1,1,0,1,0,0,23.0,,deux_roues,,3,1,1,1,7
201900000638,2019-11-30 01:15:00,2019,11,30,1,15,83,83068,1251 Route de Saint Tropez,43.267304,6.55578,Nuit sans éclairage public,Hors agglomération,Hors intersection,Normale,Deux véhicules - frontale,3,2,2,0,1,4,1,0,1,70,2,2,1,0,1,0,34.0,56.0,deux_roues,voiture,3,1,1,1,1
201900000639,2019-11-30 10:40:00,2019,11,30,10,40,6,06048,Chemin du Baudaric,43.815677,7.315725,Plein jour,En agglomération,Hors intersection,Normale,Deux véhicules - frontale,4,2,2,0,2,3,1,0,1,50,2,2,1,0,1,0,14.0,57.0,deux_roues,voiture,1,2,1,1,1
201900000640,2019-11-29 17:55:00,2019,11,29,17,55,89,89105,D606,47.899749,3.520934,Nuit sans éclairage public,Hors agglomération,Hors intersection,Pluie forte,Trois véhicules et plus - en chaîne,3,2,3,0,1,1,2,9,1,90,3,5,2,0,0,3,40.0,44.0,voiture,voiture,3,1,1,3,4
201900000641,2019-11-27 11:51:00,2019,11,27,11,51,67,67205,rue de l'hippodromme,48.690649,7.784627,Plein jour,En agglomération,Giratoire,Normale,Deux véhicules - côté,4,2,2,0,1,1,1,5,1,50,2,2,1,0,0,1,63.0,60.0,deux_roues,voiture,1,2,6,1,3