accident_id,datetime,annee,mois,jour,heure,minute,departement,commune_insee,adresse,latitude,longitude,luminosite,agglomeration,intersection,meteo,collision,catr,circ,nbv,vosp,prof,plan,surf,infra,situ,vma,nb_vehicules,nb_usagers,nb_indemnes,nb_tues,nb_blesses_hosp,nb_blesses_legers,age_cond_1,age_cond_2,veh_type_cond_1,veh_type_cond_2,lum_code,agg_code,int_code,atm_code,col_code
201900000642,2019-11-29 16:05:00,2019,11,29,16,5,73,73248,D906  Rue de la Libération,45.284383,6.350301,Plein jour,Hors agglomération,Hors intersection,Pluie légère,Autre collision,3,2,2,0,2,1,2,0,3,80,1,1,0,0,1,0,21.0,,voiture,,1,1,1,2,6
201900000643,2019-11-29 15:25:00,2019,11,29,15,25,56,56023,Kerhuiltan RD768,47.727879,-3.012336,Plein jour,Hors agglomération,Hors intersection,Temps éblouissant,Deux véhicules - frontale,3,2,2,0,1,1,1,0,1,80,2,4,3,0,1,0,37.0,18.0,voiture,voiture,1,1,1,7,1
201900000644,2019-11-30 03:00:00,2019,11,30,3,0,76,76495,Avenue Jean Jouvenet,49.57412,0.945958,Nuit sans éclairage public,En agglomération,Hors intersection,Normale,Trois véhicules et plus - collisions multiples,3,2,2,0,1,1,1,0,1,50,3,3,1,0,1,1,28.0,16.0,voiture,deux_roues,3,2,1,1,5
201900000645,2019-11-30 09:30:00,2019,11,30,9,30,80,80685,25 Rue Saint Pierre,49.698684,2.790996,Plein jour,En agglomération,Hors intersection,Normale,Autre collision,4,1,1,0,1,1,1,0,1,50,1,2,1,1,0,0,52.0,,voiture,,1,2,1,1,6
201900000646,2019-11-29 01:15:00,2019,11,29,1,15,59,59482,Rue de Warneton,50.716418,2.993358,Nuit sans éclairage public,En agglomération,Hors intersection,Normale,Autre collision,7,3,2,0,1,1,2,4,3,50,1,1,0,0,1,0,35.0,,voiture,,3,2,1,1,6
201900000647,2019-11-30 15:55:00,2019,11,30,15,55,59,59106,Rue Felix Dehau,50.5773974,3.1917099,Plein jour,Hors agglomération,Hors intersection,Normale,Deux véhicules - frontale,7,3,2,0,1,1,1,0,1,70,2,2,0,0,0,2,29.0,22.0,voiture,voiture,1,1,1,1,1
201900000648,2019-11-29 18:45:00,2019,11,29,18,45,13,13211,A50-Sens Aubagne vers Marseille,43.2911914,5.4503362,Nuit sans éclairage public,Hors agglomération,Hors intersection,Normale,Deux véhicules - côté,1,-1,3,0,1,1,1,0,1,90,2,2,1,0,0,1,46.0,22.0,deux_roues,voiture,3,1,1,1,3
201900000649,2019-11-26 17:10:00,2019,11,26,17,10,13,13211,Sens Aubagne vers Marseille,43.290543,5.448576,Nuit avec éclairage allumé,Hors agglomération,Hors intersection,Normale,Deux véhicules - arrière,1,3,3,0,1,1,1,0,1,90,2,3,2,0,0,1,56.0,46.0,utilitaire_camion,voiture,5,1,1,1,2
201900000650,2019-11-29 16:20:00,2019,11,29,16,20,33,33550,ROCADE A 630,44.78217,-0.58398,Plein jour,Hors agglomération,Hors intersection,Normale,Deux véhicules - côté,1,3,6,0,1,1,1,0,1,90,2,2,1,0,0,1,78.0,43.0,voiture,utilitaire_camion,1,1,1,1,3
201900000651,2019-11-29 01:35:00,2019,11,29,1,35,33,33550,ROCADE A 630,44.78336,-0.58814,Nuit avec éclairage allumé,Hors agglomération,Hors intersection,Normale,Autre collision,1,3,6,0,1,1,1,0,1,90,1,3,2,0,0,1,23.0,,voiture,,5,1,1,1,6
201900000652,2019-11-25 08:25:00,2019,11,25,8,25,59,59183,AUTOROUTE A16,51.0125,2.3584,Plein jour,Hors agglomération,Hors intersection,Normale,Trois véhicules et plus - en chaîne,1,3,2,0,1,1,2,0,1,90,4,6,3,0,0,3,48.0,51.0,voiture,voiture,1,1,1,1,4
201900000653,2019-11-26 07:50:00,2019,11,26,7,50,59,59350,AUTOROUTE A25,50.616861,3.044622,Crépuscule ou aube,Hors agglomération,Hors intersection,Normale,Trois véhicules et plus - en chaîne,1,3,8,0,1,1,2,0,1,90,3,3,2,0,1,0,19.0,36.0,voiture,deux_roues,2,1,1,1,4
201900000654,2019-11-29 07:30:00,2019,11,29,7,30,91,91471,RD 188 CHEVREUSE,48.692,2.1808,Plein jour,Hors agglomération,Hors intersection,Pluie légère,Trois véhicules et plus - en chaîne,3,2,2,0,1,3,2,0,1,80,3,4,1,0,1,2,44.0,55.0,voiture,voiture,1,1,1,2,4
201900000655,2019-11-29 07:55:00,2019,11,29,7,55,91,91689,AUTOROUTE A6,48.7224,2.312,Crépuscule ou aube,Hors agglomération,Hors intersection,Normale,Deux véhicules - côté,1,-1,6,0,1,1,1,0,1,110,2,2,1,0,0,1,38.0,22.0,voiture,deux_roues,2,1,1,1,3
201900000656,2019-11-29 17:20:00,2019,11,29,17,20,92,92050,A86,48.9097596,2.2153353,Nuit sans éclairage public,Hors agglomération,Hors intersection,Normale,Deux véhicules - arrière,1,1,3,0,1,1,1,0,1,90,2,2,1,0,0,1,30.0,28.0,voiture,deux_roues,3,1,1,1,2
201900000657,2019-11-29 10:20:00,2019,11,29,10,20,92,92062,RN1013,48.8903724,2.2398538,Plein jour,Hors agglomération,Hors intersection,Pluie légère,Sans collision,2,1,1,0,1,3,2,1,1,70,1,1,0,0,1,0,32.0,,deux_roues,,1,1,1,2,7
201900000658,2019-11-29 17:20:00,2019,11,29,17,20,94,94046,A86 EXT,48.7985,2.44442,Nuit sans éclairage public,Hors agglomération,Hors intersection,Normale,Deux véhicules - arrière,1,3,4,0,1,1,1,0,1,90,2,2,1,0,0,1,45.0,27.0,deux_roues,voiture,3,1,1,1,2
201900000659,2019-11-27 15:40:00,2019,11,27,15,40,75,75112,A4,48.8183908,2.4568786,Plein jour,Hors agglomération,Hors intersection,Pluie légère,Deux véhicules - arrière,1,3,4,0,1,1,2,0,1,90,2,2,1,0,0,1,30.0,43.0,utilitaire_camion,voiture,1,1,1,2,2
201900000660,2019-11-27 02:15:00,2019,11,27,2,15,95,95488,AUTOROUTE A15,49.0282,2.12839,Nuit sans éclairage public,Hors agglomération,Hors intersection,Pluie forte,Autre collision,1,3,6,0,1,1,3,0,1,90,2,2,1,0,0,1,18.0,54.0,voiture,voiture,3,1,1,3,6
201900000661,2019-11-27 01:20:00,2019,11,27,1,20,93,93010,AUTOROUTE A3,48.90479,2.47169,Nuit sans éclairage public,Hors agglomération,Hors intersection,Pluie forte,Deux véhicules - arrière,1,3,6,0,1,1,2,2,1,90,2,2,1,0,0,1,25.0,26.0,voiture,voiture,3,1,1,3,2
201900000662,2019-11-26 09:20:00,2019,11,26,9,20,93,93006,AUTOROUTE A3,48.8669,2.42532,Plein jour,Hors agglomération,Hors intersection,Normale,Trois véhicules et plus - collisions multiples,1,3,8,0,1,1,1,0,1,70,3,3,2,0,0,1,68.0,42.0,voiture,voiture,1,1,1,1,5
201900000663,2019-11-26 08:40:00,2019,11,26,8,40,95,95061,RN 104,49.06807,2.25437,Plein jour,Hors agglomération,Hors intersection,Normale,Autre collision,2,3,4,0,1,2,2,0,1,110,1,1,0,0,0,1,24.0,,voiture,,1,1,1,1,6
201900000664,2019-11-26 13:50:00,2019,11,26,13,50,75,75116,AVENUE FOCH,48.8731676,2.2844497,Plein jour,En agglomération,Intersection en X,Temps couvert,Deux véhicules - côté,4,3,7,1,1,1,2,0,5,50,2,2,1,1,0,0,28.0,39.0,deux_roues,utilitaire_camion,1,2,2,8,3
201900000665,2019-11-28 21:25:00,2019,11,28,21,25,75,75106,BOULEVARD SAINT MICHEL,48.848375,2.341469,Nuit avec éclairage allumé,En agglomération,Intersection en Y,Normale,Deux véhicules - côté,4,1,5,-1,1,1,1,0,1,50,2,2,1,0,0,1,30.0,22.0,transport_commun,deux_roues,5,2,4,1,3
201900000666,2019-11-27 21:00:00,2019,11,27,21,0,75,75119,BOULEVARD D INDOCHINE,48.8840994,2.3968389,Nuit avec éclairage allumé,En agglomération,Intersection en Y,Normale,Autre collision,4,2,4,0,2,1,1,0,1,50,1,2,1,0,0,1,22.0,,voiture,,5,2,4,1,6
201900000667,2019-11-28 12:15:00,2019,11,28,12,15,75,75119,RUE COMPANS,48.875801,2.394971,Plein jour,En agglomération,Hors intersection,Normale,Autre collision,4,2,2,0,1,1,1,0,1,30,1,2,0,0,0,2,20.0,,deux_roues,,1,2,1,1,6
201900000668,2019-11-27 12:30:00,2019,11,27,12,30,75,75116,RUE JEAN DE LA FONTAINE,48.849684,2.268559,Plein jour,En agglomération,Intersection en X,Normale,Autre collision,4,1,1,0,1,1,2,0,1,50,1,2,1,0,0,1,26.0,,voiture,,1,2,2,1,6
201900000669,2019-11-27 06:20:00,2019,11,27,6,20,75,75116,ALLEE DE LONGCHAMP,48.863709,2.2401166,Nuit avec éclairage allumé,En agglomération,Intersection en X,Normale,Deux véhicules - côté,4,2,4,0,1,1,2,0,1,50,2,2,1,0,0,1,46.0,23.0,utilitaire_camion,deux_roues,5,2,2,1,3
201900000670,2019-11-28 18:30:00,2019,11,28,18,30,75,75115,RUE DE L ARRIVEE,48.844185,2.322892,Nuit avec éclairage allumé,En agglomération,Intersection en T,Normale,Deux véhicules - côté,4,3,3,-1,1,1,1,0,1,50,2,3,2,0,0,1,63.0,32.0,voiture,deux_roues,5,2,3,1,3
201900000671,2019-11-28 16:15:00,2019,11,28,16,15,75,75111,AVENUE DE LA REPUBLIQUE,48.863372,2.384521,Plein jour,En agglomération,Hors intersection,Normale,Autre collision,4,2,2,0,1,1,1,0,1,30,1,2,1,0,0,1,32.0,,voiture,,1,2,1,1,6
201900000672,2019-11-28 17:25:00,2019,11,28,17,25,75,75108,BOULEVARD MALESHERBES,48.87472,2.31995,Nuit avec éclairage allumé,En agglomération,Intersection à plus de 4 branches,Normale,Autre collision,4,2,6,-1,1,1,1,0,1,50,1,2,1,0,0,1,25.0,,voiture,,5,2,5,1,6
201900000673,2019-11-28 19:30:00,2019,11,28,19,30,75,75102,PLACE DE L OPERA,48.870694,2.332524,Nuit avec éclairage allumé,En agglomération,Place,Normale,Deux véhicules - côté,4,1,2,0,1,1,1,0,1,50,2,2,1,0,0,1,39.0,51.0,deux_roues,voiture,5,2,7,1,3
201900000674,2019-11-27 20:00:00,2019,11,27,20,0,75,75102,BOULEVARD MONTMARTRE,48.871698,2.341595,Nuit avec éclairage non allumé,En agglomération,Intersection en T,Temps couvert,Sans collision,4,2,2,1,1,1,2,0,5,50,1,1,0,0,0,1,22.0,,deux_roues,,4,2,3,8,7
201900000675,2019-11-28 20:10:00,2019,11,28,20,10,75,75103,RUE SAINT MARTIN,48.867919,2.355024,Nuit avec éclairage allumé,En agglomération,Intersection en X,Normale,Autre collision,4,1,3,-1,1,1,1,0,1,30,2,1,0,0,0,1,38.0,,deux_roues,,5,2,2,1,6
201900000676,2019-11-28 17:20:00,2019,11,28,17,20,75,75117,RUE JACQUES IBERT,48.889105,2.290902,Nuit avec éclairage allumé,En agglomération,Hors intersection,Normale,Autre collision,7,1,2,0,1,1,1,0,1,30,2,1,0,0,0,1,31.0,,voiture,,5,2,1,1,6
201900000677,2019-11-27 09:13:00,2019,11,27,9,13,94,94068,CORNEILLES (BD DES),48.78458,2.49213,Plein jour,En agglomération,Intersection en T,Temps couvert,Deux véhicules - côté,3,1,2,0,1,1,2,0,1,50,2,2,1,0,0,1,51.0,21.0,voiture,utilitaire_camion,1,2,3,8,3
201900000678,2019-11-28 11:05:00,2019,11,28,11,5,94,94003,GABRIEL PERI (AV),48.7993,2.3436,Plein jour,En agglomération,Intersection en X,Normale,Sans collision,3,1,3,0,2,3,2,0,1,50,1,1,0,0,0,1,48.0,,deux_roues,,1,2,2,1,7
201900000679,2019-11-27 13:30:00,2019,11,27,13,30,94,94055,PROVINS (RTE DE),48.79326,2.55564,Plein jour,En agglomération,Hors intersection,Pluie légère,Deux véhicules - côté,3,1,2,0,1,1,2,9,1,30,2,1,0,0,0,1,17.0,,deux_roues,,1,2,1,2,3
201900000680,2019-11-28 09:10:00,2019,11,28,9,10,94,94017,DIDEROT (R),48.81471,2.48177,Plein jour,En agglomération,Hors intersection,Normale,Autre collision,4,1,1,0,1,1,1,9,1,30,1,2,1,0,0,1,29.0,,transport_commun,,1,2,1,1,6
201900000681,2019-11-27 12:00:00,2019,11,27,12,0,93,93070,SEINE (QUAI DE),48.91549,2.32193,Plein jour,En agglomération,Hors intersection,Pluie légère,Deux véhicules - arrière,4,2,3,0,1,1,2,0,1,50,2,2,1,0,0,1,40.0,58.0,voiture,utilitaire_camion,1,2,1,2,2
201900000682,2019-11-27 22:00:00,2019,11,27,22,0,93,93066,ORNANO (BOULEVARD),48.91835,2.34443,Nuit avec éclairage allumé,En agglomération,Hors intersection,Normale,Deux véhicules - arrière,3,2,4,0,1,1,1,0,1,50,2,3,2,0,0,1,54.0,36.0,voiture,voiture,5,2,1,1,2
201900000683,2019-11-28 08:25:00,2019,11,28,8,25,93,93046,GRAFFAN RUE,48.92422,2.5426,Plein jour,En agglomération,Hors intersection,Normale,Deux véhicules - frontale,4,1,1,0,1,1,1,0,1,50,2,2,1,0,0,1,30.0,58.0,voiture,voiture,1,2,1,1,1
201900000684,2019-11-28 08:30:00,2019,11,28,8,30,93,93045,JUIN AVENUE DU MARECHAL,48.87834,2.42251,Plein jour,En agglomération,Intersection en X,Pluie légère,Deux véhicules - côté,3,2,2,0,1,1,1,0,1,50,2,2,1,0,0,1,60.0,27.0,deux_roues,voiture,1,2,2,2,3
201900000685,2019-11-28 08:50:00,2019,11,28,8,50,93,93027,CREVECOEUR (RUE DE),48.91937,2.38409,Plein jour,En agglomération,Intersection en T,Temps couvert,Autre collision,4,2,2,0,1,1,1,0,1,50,1,2,1,0,0,1,44.0,,voiture,,1,2,3,8,6
201900000686,2019-11-28 02:35:00,2019,11,28,2,35,93,93005,GEORGES BRAQUE (BOULEVARD),48.959473,2.476184,Nuit avec éclairage allumé,Hors agglomération,Autre intersection,Normale,Autre collision,3,1,2,0,1,1,1,0,1,50,1,1,0,0,0,1,63.0,,voiture,,5,1,9,1,6
201900000687,2019-11-28 07:19:00,2019,11,28,7,19,92,92062,CHANTE COQ (RUE),48.88279,2.23914,Nuit avec éclairage allumé,En agglomération,Intersection en X,Normale,Autre collision,4,1,1,0,1,1,2,0,1,30,1,2,1,0,1,0,32.0,,utilitaire_camion,,5,2,2,1,6
201900000688,2019-11-28 09:00:00,2019,11,28,9,0,92,92025,HENRI BARBUSSE (AV),48.91634,2.252742,Plein jour,En agglomération,Hors intersection,Normale,Deux véhicules - côté,3,1,2,0,1,1,1,0,1,50,2,3,1,0,0,2,27.0,36.0,voiture,deux_roues,1,2,1,1,3
201900000689,2019-11-28 13:25:00,2019,11,28,13,25,92,92012,POINT DU JOUR (QUAI DU),48.82779,2.25309,Plein jour,En agglomération,Hors intersection,Temps couvert,Sans collision,3,2,2,0,1,1,1,0,1,50,1,1,0,0,0,1,51.0,,deux_roues,,1,2,1,8,7
201900000690,2019-11-28 11:25:00,2019,11,28,11,25,92,92012,GENERAL LECLERC (AVENUE DU) 35/FIN - 60/,48.8309329,2.2346122,Plein jour,En agglomération,Intersection en X,Normale,Deux véhicules - côté,3,1,7,0,1,1,1,0,1,50,2,2,1,0,0,1,72.0,27.0,deux_roues,voiture,1,2,2,1,3
201900000691,2019-11-27 16:35:00,2019,11,27,16,35,92,92014,GALOIS (AVENUE),48.7768112,2.3165238,Plein jour,En agglomération,Intersection en X,Pluie légère,Deux véhicules - côté,3,2,2,0,2,1,2,0,1,50,2,2,1,0,0,1,28.0,20.0,deux_roues,voiture,1,2,2,2,3
201900000692,2019-11-28 16:45:00,2019,11,28,16,45,25,25611,N57 - PR 18+1180 La Vèze,47.212795,6.060306,Nuit avec éclairage non allumé,Hors agglomération,Hors intersection,Pluie forte,Deux véhicules - arrière,2,3,4,0,1,2,2,0,1,90,2,2,1,0,1,0,40.0,27.0,utilitaire_camion,voiture,4,1,1,3,2
201900000693,2019-11-29 09:00:00,2019,11,29,9,0,31,31439,D54,43.537251,1.606197,Plein jour,Hors agglomération,Hors intersection,Normale,Autre collision,3,2,2,0,1,1,2,0,3,80,1,1,0,1,0,0,49.0,,voiture,,1,1,1,1,6
201900000694,2019-11-28 22:35:00,2019,11,28,22,35,23,23001,Route de Limoges,46.080853,2.044079,Nuit sans éclairage public,En agglomération,Hors intersection,Pluie légère,Deux véhicules - frontale,4,2,2,0,1,1,2,0,1,50,2,3,2,0,1,0,61.0,27.0,voiture,voiture,3,2,1,2,1
201900000695,2019-11-25 17:50:00,2019,11,25,17,50,86,86256,RD 89 4+700,46.534984,0.464088,Crépuscule ou aube,Hors agglomération,Hors intersection,Pluie légère,Deux véhicules - frontale,3,2,2,0,1,3,2,0,1,80,2,2,1,0,1,0,23.0,47.0,utilitaire_camion,utilitaire_camion,2,1,1,2,1
201900000696,2019-11-26 08:05:00,2019,11,26,8,5,71,71170,A6,46.903784,4.821848,Plein jour,Hors agglomération,Hors intersection,Temps couvert,Autre collision,1,1,5,0,1,1,2,0,1,130,1,1,0,0,1,0,52.0,,voiture,,1,1,1,8,6
201900000697,2019-11-28 19:35:00,2019,11,28,19,35,41,41252,"A10, PK 138.900",47.694662,1.437582,Nuit sans éclairage public,Hors agglomération,Hors intersection,Pluie légère,Deux véhicules - côté,1,3,3,0,1,1,2,0,1,130,2,3,2,0,0,1,36.0,22.0,voiture,voiture,3,1,1,2,3
201900000698,2019-11-29 01:40:00,2019,11,29,1,40,60,60656,D20,49.0899,3.056406,Nuit avec éclairage non allumé,En agglomération,Intersection en T,Pluie légère,Sans collision,3,2,2,0,1,3,2,2,8,-1,1,5,4,1,0,0,18.0,,voiture,,4,2,3,2,7
201900000699,2019-11-29 14:15:00,2019,11,29,14,15,83,83019,RD 98,43.155686,6.312766,Plein jour,Hors agglomération,Intersection en X,Normale,Deux véhicules - arrière,3,2,2,0,2,2,1,0,1,80,2,2,1,0,0,1,58.0,39.0,deux_roues,utilitaire_camion,1,1,2,1,2
201900000700,2019-11-29 06:30:00,2019,11,29,6,30,62,62060,D938,50.223434,2.097879,Nuit sans éclairage public,Hors agglomération,Hors intersection,Pluie légère,Autre collision,3,2,2,0,1,1,2,0,3,80,1,1,0,1,0,0,26.0,,voiture,,3,1,1,2,6
201900000701,2019-08-28 19:35:00,2019,8,28,19,35,51,51612,44 AVENUE DE BAMMENTAL,48.9069063,4.0173334,Plein jour,En agglomération,Hors intersection,Normale,Deux véhicules - arrière,3,2,2,0,1,1,1,9,1,50,2,2,1,0,1,0,31.0,44.0,voiture,deux_roues,1,2,1,1,2
201900000702,2019-11-28 18:12:00,2019,11,28,18,12,74,74173,1463 Route Nationale,45.858581,6.617763,Nuit avec éclairage allumé,En agglomération,Hors intersection,Pluie forte,Autre collision,3,2,2,0,1,1,2,0,1,50,1,2,1,0,0,1,33.0,,voiture,,5,2,1,3,6
201900000703,2019-11-29 07:45:00,2019,11,29,7,45,11,11397,Avenue des Capucins,43.206194,2.430645,Plein jour,En agglomération,Intersection en T,Normale,Deux véhicules - côté,3,2,2,0,2,1,1,0,1,50,2,2,1,0,1,0,54.0,47.0,voiture,voiture,1,2,3,1,3
201900000704,2019-11-28 17:00:00,2019,11,28,17,0,71,71310,32 Route du Pont Jeanne Rose,46.758157,4.480502,Crépuscule ou aube,En agglomération,Intersection en X,Normale,Deux véhicules - côté,3,2,2,0,1,1,1,5,1,50,2,2,0,0,0,2,63.0,,voiture,,2,2,2,1,3
201900000705,2019-11-28 19:30:00,2019,11,28,19,30,61,61426,Route de Mamers,48.37575,0.537666,Nuit sans éclairage public,Hors agglomération,Hors intersection,Temps couvert,Deux véhicules - arrière,3,2,2,0,3,1,2,0,1,80,2,1,0,0,1,0,24.0,,deux_roues,,3,1,1,8,2
201900000706,2019-11-29 07:00:00,2019,11,29,7,0,12,12142,D994,44.400497,2.360484,Nuit sans éclairage public,Hors agglomération,Hors intersection,Pluie forte,Deux véhicules - frontale,3,2,2,0,1,4,2,0,1,80,2,2,0,0,1,1,32.0,35.0,voiture,voiture,3,1,1,3,1
201900000707,2019-11-23 03:15:00,2019,11,23,3,15,47,47167,D656,44.070794,0.274509,Nuit sans éclairage public,Hors agglomération,Hors intersection,Pluie légère,Sans collision,3,2,2,0,1,1,2,0,3,80,1,1,0,0,1,0,58.0,,voiture,,3,1,1,2,7
201900000708,2019-10-22 17:15:00,2019,10,22,17,15,29,29075,18 Rue Henri Becquerel,48.432311,-4.4413739,Plein jour,Hors agglomération,Hors intersection,Normale,Deux véhicules - côté,2,1,1,0,1,1,1,3,1,50,2,2,1,0,0,1,70.0,63.0,deux_roues,deux_roues,1,1,1,1,3
201900000709,2019-11-28 18:38:00,2019,11,28,18,38,31,31331,D38,43.521699,1.700692,Nuit avec éclairage allumé,En agglomération,Hors intersection,Pluie forte,Sans collision,3,2,2,0,2,1,2,0,3,50,1,1,0,0,1,0,27.0,,voiture,,5,2,1,3,7
201900000710,2019-11-21 07:30:00,2019,11,21,7,30,1,01363,221 Grande Rue,46.029148,5.389564,Crépuscule ou aube,En agglomération,Hors intersection,Normale,Autre collision,3,2,2,0,1,1,1,0,1,30,1,2,1,0,0,1,25.0,,voiture,,2,2,1,1,6
201900000711,2019-11-28 08:35:00,2019,11,28,8,35,54,54449,Rue Yves de Ravinel,48.562367,6.469859,Plein jour,En agglomération,Hors intersection,Pluie légère,Sans collision,3,2,2,0,1,1,2,6,1,50,1,1,0,0,1,0,64.0,,deux_roues,,1,2,1,2,7
201900000712,2019-11-29 18:25:00,2019,11,29,18,25,50,50359,Rue des Fontaines,48.648821,-0.941651,Nuit avec éclairage allumé,En agglomération,Hors intersection,Normale,Autre collision,4,2,2,0,4,3,1,0,1,50,1,2,1,1,0,0,59.0,,voiture,,5,2,1,1,6
201900000713,2019-11-29 13:35:00,2019,11,29,13,35,50,50029,La Prise Passais de Haut,48.641098,-0.795695,Plein jour,Hors agglomération,Hors intersection,Normale,Sans collision,3,2,2,0,1,1,1,0,3,80,1,2,1,0,1,0,44.0,,utilitaire_camion,,1,1,1,1,7
201900000714,2019-11-29 15:30:00,2019,11,29,15,30,60,60471,Avenue Fernand Grégoire,49.5865278,3.0132068,Plein jour,En agglomération,Hors intersection,Normale,Sans collision,4,3,2,0,1,3,1,0,4,50,1,1,0,0,1,0,17.0,,deux_roues,,1,2,1,1,7
201900000715,2019-11-29 02:40:00,2019,11,29,2,40,60,60030,,49.3666642,2.1065001,Nuit sans éclairage public,Hors agglomération,Hors intersection,Pluie légère,Sans collision,3,2,2,0,1,3,2,0,3,80,1,1,0,0,1,0,35.0,,voiture,,3,1,1,2,7
201900000716,2019-11-25 18:30:00,2019,11,25,18,30,28,28267,D16.1,48.771917,1.370757,Nuit sans éclairage public,Hors agglomération,Autre intersection,Pluie légère,Deux véhicules - frontale,3,3,2,0,1,1,2,0,1,80,2,2,0,0,0,2,38.0,44.0,voiture,voiture,3,1,9,2,1
201900000717,2019-11-28 17:50:00,2019,11,28,17,50,88,88307,D460a,48.024493,5.809052,Nuit sans éclairage public,Hors agglomération,Hors intersection,Pluie légère,Deux véhicules - côté,3,2,2,0,1,2,2,0,1,80,2,2,1,0,1,0,13.0,84.0,deux_roues,voiture,3,1,1,2,3
201900000718,2019-11-28 16:15:00,2019,11,28,16,15,987,98738,PK 13 - RT1,-17.624474,-149.612706,Plein jour,En agglomération,Hors intersection,Normale,Sans collision,2,2,2,0,1,1,1,0,4,50,1,1,0,0,1,0,18.0,,deux_roues,,1,2,1,1,7
201900000719,2019-11-29 07:40:00,2019,11,29,7,40,1,01089,"A 42, PK 41+400, sens GENEVE/LYON",45.976059,5.310058,Crépuscule ou aube,Hors agglomération,Hors intersection,Normale,Deux véhicules - arrière,1,3,5,0,1,1,2,0,1,130,2,2,1,0,1,0,38.0,58.0,voiture,voiture,2,1,1,1,2
201900000720,2019-11-28 16:00:00,2019,11,28,16,0,66,66195,D916 a,42.687144,2.810828,Plein jour,Hors agglomération,Hors intersection,Normale,Deux véhicules - côté,3,2,2,0,1,1,1,0,1,90,2,2,1,0,1,0,40.0,56.0,voiture,deux_roues,1,1,1,1,3
201900000721,2019-11-25 16:40:00,2019,11,25,16,40,68,68042,3 Chemin du Hellhof,47.607006,7.527584,Crépuscule ou aube,Hors agglomération,Hors intersection,Normale,Trois véhicules et plus - en chaîne,1,3,4,0,1,1,1,0,1,110,4,4,2,0,0,2,34.0,20.0,voiture,voiture,2,1,1,1,4
201900000722,2019-11-21 08:55:00,2019,11,21,8,55,69,69027,D386,45.65984,4.751858,Plein jour,Hors agglomération,Intersection en X,Normale,Deux véhicules - arrière,3,2,1,0,1,1,1,5,1,70,2,2,1,0,1,0,56.0,54.0,deux_roues,utilitaire_camion,1,1,2,1,2
201900000723,2019-11-29 00:25:00,2019,11,29,0,25,988,98825,R.T.1,-21.240393,164.909489,Nuit sans éclairage public,Hors agglomération,Hors intersection,Normale,Deux véhicules - arrière,2,2,2,0,2,1,1,0,1,90,2,4,3,0,1,0,18.0,25.0,utilitaire_camion,voiture,3,1,1,1,2
201900000724,2019-11-28 20:35:00,2019,11,28,20,35,973,97311,Avenue Jean Galmot,5.531182,-53.949126,Nuit sans éclairage public,Hors agglomération,Hors intersection,Normale,Autre collision,3,2,2,0,1,1,1,0,1,80,1,1,0,0,1,0,,,,,3,1,1,1,6
201900000725,2019-11-28 18:15:00,2019,11,28,18,15,971,97129,Plessis Nogent,16.353249,-61.734478,Nuit sans éclairage public,Hors agglomération,Intersection en T,Normale,Deux véhicules - côté,2,-1,2,0,4,1,1,0,1,70,2,3,1,0,1,1,45.0,22.0,voiture,deux_roues,3,1,3,1,3
201900000726,2019-11-29 13:00:00,2019,11,29,13,0,37,37007,Intersection D517 - La Belle Croix,47.077838,0.289121,Plein jour,Hors agglomération,Intersection en X,Normale,Deux véhicules - côté,3,2,2,0,1,1,1,0,1,80,2,2,0,0,2,0,74.0,35.0,voiture,voiture,1,1,2,1,3
201900000727,2019-11-25 20:30:00,2019,11,25,20,30,77,77264,D402 - Route de Coulommiers,48.70574,2.92918,Nuit sans éclairage public,Hors agglomération,Hors intersection,Normale,Autre collision,3,2,2,0,1,1,1,0,3,80,1,1,0,0,0,1,64.0,,utilitaire_camion,,3,1,1,1,6
201900000728,2019-11-29 15:25:00,2019,11,29,15,25,84,84138,Départementale 10,44.391917,4.988551,Plein jour,En agglomération,Intersection en T,Normale,Deux véhicules - côté,3,2,2,0,4,1,1,5,5,50,2,2,1,0,1,0,29.0,22.0,voiture,voiture,1,2,3,1,3
201900000729,2019-11-27 13:55:00,2019,11,27,13,55,51,51250,PLACE DE L'EGLISE,49.307358,3.683953,Plein jour,En agglomération,Place,Pluie légère,Sans collision,6,-1,-1,0,1,1,2,0,8,30,1,3,1,0,0,2,36.0,,voiture,,1,2,7,2,7
201900000730,2019-11-28 14:00:00,2019,11,28,14,0,68,68287,D18 BIS,47.954645,7.334293,Plein jour,Hors agglomération,Hors intersection,Normale,Deux véhicules - côté,3,2,2,0,1,1,1,0,1,80,2,2,0,0,0,2,53.0,35.0,voiture,voiture,1,1,1,1,3
201900000731,2019-11-28 07:10:00,2019,11,28,7,10,67,67300,42 Rue de Saverne,48.545487,7.491426,Crépuscule ou aube,En agglomération,Hors intersection,Pluie légère,Autre collision,3,2,2,0,2,1,2,0,1,50,1,2,1,0,1,0,59.0,,voiture,,2,2,1,2,6