accident_id,datetime,annee,mois,jour,heure,minute,departement,commune_insee,adresse,latitude,longitude,luminosite,agglomeration,intersection,meteo,collision,catr,circ,nbv,vosp,prof,plan,surf,infra,situ,vma,nb_vehicules,nb_usagers,nb_indemnes,nb_tues,nb_blesses_hosp,nb_blesses_legers,age_cond_1,age_cond_2,veh_type_cond_1,veh_type_cond_2,lum_code,agg_code,int_code,atm_code,col_code
201900000732,2019-11-29 18:30:00,2019,11,29,18,30,38,38158,Avenue Teisseire,45.16122,5.755026,Nuit avec éclairage allumé,En agglomération,Intersection en T,Pluie légère,Deux véhicules - côté,3,2,2,0,2,1,2,0,1,50,2,2,1,0,0,1,30.0,44.0,voiture,deux_roues,5,2,3,2,3
201900000733,2019-09-01 15:32:00,2019,9,1,15,32,63,63019,SOLEIL LEVANT (RUE DU),45.7959039,3.1651663,Plein jour,En agglomération,Hors intersection,Normale,Deux véhicules - côté,4,2,2,0,1,1,1,0,1,50,2,2,1,0,1,0,52.0,15.0,transport_commun,deux_roues,1,2,1,1,3
201900000734,2019-09-20 17:50:00,2019,9,20,17,50,59,59599,EGALITE (BOULEVARD DE L'),50.739,3.16905,Plein jour,En agglomération,Hors intersection,Normale,Autre collision,4,3,2,0,1,1,1,0,1,50,1,2,1,0,0,1,57.0,,voiture,,1,2,1,1,6
201900000735,2019-09-20 22:40:00,2019,9,20,22,40,59,59512,AVELGHEM (RUE D'),50.6946874,3.1949066,Nuit avec éclairage allumé,En agglomération,Giratoire,Normale,Deux véhicules - frontale,4,-1,1,1,1,1,1,0,1,50,2,2,0,0,0,2,45.0,23.0,deux_roues,voiture,5,2,6,1,1
201900000736,2019-09-16 07:20:00,2019,9,16,7,20,59,59193,"Bas chemin, rue du",50.59151,3.01156,Plein jour,Hors agglomération,Hors intersection,Normale,Deux véhicules - côté,4,2,2,0,1,1,1,0,1,50,2,1,0,0,0,1,32.0,,voiture,,1,1,1,1,3
201900000737,2019-09-19 11:37:00,2019,9,19,11,37,59,59009,OUEST BOULEVARD DE L,50.6398651,3.1226237,Plein jour,En agglomération,Intersection en X,Normale,Autre collision,7,2,3,2,1,1,1,0,1,50,1,2,1,1,0,0,79.0,,voiture,,1,2,2,1,6
201900000738,2019-09-20 15:00:00,2019,9,20,15,0,57,57672,GENERAL DE CASTELNAU (RUE DU),49.35271,6.1608,Plein jour,En agglomération,Hors intersection,Normale,Autre collision,4,2,2,0,1,1,1,0,1,50,1,2,1,0,1,0,81.0,,voiture,,1,2,1,1,6
201900000739,2019-09-18 14:55:00,2019,9,18,14,55,57,57672,MEILBOURG (RUE DE),49.395,6.1992,Plein jour,En agglomération,Hors intersection,Normale,Deux véhicules - côté,4,2,2,0,1,1,1,0,1,50,2,2,0,0,0,2,14.0,46.0,deux_roues,deux_roues,1,2,1,1,3
201900000740,2019-09-19 17:15:00,2019,9,19,17,15,56,56121,Rue Louis Guiguen,47.75574,-3.35481,Plein jour,En agglomération,Intersection en X,Normale,Deux véhicules - côté,4,2,2,2,1,1,1,0,1,30,2,2,1,0,0,1,32.0,56.0,voiture,deux_roues,1,2,2,1,3
201900000741,2019-09-20 18:40:00,2019,9,20,18,40,54,54395,BROT (Rond-Point Marcel),48.6767,6.2054,Crépuscule ou aube,En agglomération,Giratoire,Normale,Deux véhicules - côté,4,1,1,0,1,1,1,0,1,30,2,2,1,0,0,1,32.0,53.0,voiture,deux_roues,2,2,6,1,3
201900000742,2019-09-20 16:50:00,2019,9,20,16,50,54,54547,HOLLANDE (RUE DE),48.662622,6.181545,Plein jour,En agglomération,Hors intersection,Normale,Sans collision,4,1,2,0,1,1,1,0,1,50,1,2,1,0,0,1,,,,,1,2,1,1,7
201900000743,2019-09-19 15:30:00,2019,9,19,15,30,50,50203,VENTE (ROUTE DE LA),49.59774,-1.5898,Plein jour,Hors agglomération,Hors intersection,Normale,Autre collision,3,2,2,0,2,4,1,0,1,50,1,1,0,0,0,1,87.0,,voiture,,1,1,1,1,6
201900000744,2019-09-17 10:20:00,2019,9,17,10,20,50,50129,BREMERHAVEN (AVENUE DE),49.63101,-1.60651,Plein jour,En agglomération,Intersection en T,Normale,Deux véhicules - côté,4,2,2,0,1,1,1,5,1,50,2,3,1,0,0,2,16.0,62.0,deux_roues,voiture,1,2,3,1,3
201900000745,2019-09-19 18:25:00,2019,9,19,18,25,49,49007,ATLANTIQUE  AVENUE DE L',47.46934,-0.5978,Plein jour,Hors agglomération,Hors intersection,Normale,Trois véhicules et plus - en chaîne,3,3,4,0,1,1,1,0,1,90,5,7,4,0,0,3,26.0,22.0,voiture,voiture,1,1,1,1,4
201900000746,2019-09-19 11:20:00,2019,9,19,11,20,49,49353,MARAICHERE CHEMIN,47.44549,-0.48946,Plein jour,Hors agglomération,Intersection en X,Normale,Deux véhicules - côté,4,2,4,0,1,1,1,0,1,50,2,2,1,0,1,0,74.0,55.0,voiture,deux_roues,1,1,2,1,3
201900000747,2019-09-20 14:03:00,2019,9,20,14,3,45,45285,RUE DES DIAMANTS,47.92153,1.87691,Plein jour,En agglomération,Hors intersection,Normale,Deux véhicules - frontale,4,1,1,0,1,2,1,0,1,30,2,1,0,0,1,0,20.0,,deux_roues,,1,2,1,1,1
201900000748,2019-09-20 07:40:00,2019,9,20,7,40,45,45234,AV DES DROITS DE L'HOMME,47.9184534,1.9244942,Plein jour,En agglomération,Giratoire,Normale,Autre collision,4,1,2,0,1,1,1,0,1,50,1,2,1,0,0,1,27.0,,voiture,,1,2,6,1,6
201900000749,2019-09-20 13:10:00,2019,9,20,13,10,44,44109,RUE JEAN LOUIS DE GIRODET/ AVENUE CEZANNE,47.22588,-1.58547,Plein jour,En agglomération,Intersection en X,Normale,Deux véhicules - côté,4,2,0,0,1,1,1,0,1,50,2,2,1,0,1,0,55.0,18.0,deux_roues,voiture,1,2,2,1,3
201900000750,2019-09-18 18:50:00,2019,9,18,18,50,41,41018,D 766,47.5827,1.2976,Plein jour,En agglomération,Hors intersection,Normale,Deux véhicules - côté,3,2,2,0,1,1,1,5,1,50,2,2,1,0,0,1,56.0,31.0,voiture,deux_roues,1,2,1,1,3
201900000751,2019-09-20 16:50:00,2019,9,20,16,50,38,38151,AVENUE DE GRUGLIASCO,45.14975,5.71884,Plein jour,En agglomération,Hors intersection,Normale,Autre collision,3,2,1,0,1,1,1,0,1,30,1,2,1,0,0,1,71.0,,voiture,,1,2,1,1,6
201900000752,2019-09-20 13:24:00,2019,9,20,13,24,38,38185,AUTOROUTE A 480,45.2116424,5.6850037,Plein jour,Hors agglomération,Hors intersection,Normale,Autre collision,1,1,2,0,1,1,1,3,1,70,2,2,1,0,0,1,63.0,21.0,deux_roues,utilitaire_camion,1,1,1,1,6
201900000753,2019-09-20 12:20:00,2019,9,20,12,20,38,38185,PLACE DOCTEUR GIRARD,45.197,5.73691,Plein jour,En agglomération,Hors intersection,Normale,Autre collision,7,1,2,0,1,2,1,0,1,30,1,2,1,0,1,0,24.0,,voiture,,1,2,1,1,6
201900000754,2019-09-20 11:45:00,2019,9,20,11,45,37,37261,CHATEAUNEUF (RUE),47.393385,0.6831078,Plein jour,En agglomération,Hors intersection,Normale,Deux véhicules - arrière,4,1,1,0,1,1,1,0,2,30,2,2,1,0,0,1,51.0,73.0,voiture,voiture,1,2,1,1,2
201900000755,2019-09-20 23:40:00,2019,9,20,23,40,35,35238,RN136,48.114402,-1.718901,Nuit sans éclairage public,Hors agglomération,Hors intersection,Normale,Deux véhicules - arrière,2,3,4,0,2,1,1,3,1,90,2,2,0,0,0,2,49.0,,voiture,,3,1,1,1,2
201900000756,2019-09-20 17:20:00,2019,9,20,17,20,35,35238,ISLY (RUE D'),48.10509,-1.67749,Plein jour,En agglomération,Hors intersection,Temps éblouissant,Autre collision,4,2,2,0,1,1,1,0,1,50,1,1,0,0,0,1,,,,,1,2,1,7,6
201900000757,2019-09-20 09:04:00,2019,9,20,9,4,35,35238,PARIS (RUE DE),48.112708,-1.664333,Plein jour,En agglomération,Hors intersection,Normale,Deux véhicules - côté,4,1,1,0,1,2,1,0,1,50,2,2,1,0,1,0,49.0,25.0,voiture,deux_roues,1,2,1,1,3
201900000758,2019-09-19 20:55:00,2019,9,19,20,55,35,35238,VOLCLAIR (BD LOUIS),48.088399,-1.665183,Nuit avec éclairage allumé,En agglomération,Intersection en T,Normale,Deux véhicules - côté,4,2,4,1,1,1,1,0,1,50,2,3,2,0,1,0,49.0,23.0,voiture,deux_roues,5,2,3,1,3
201900000759,2019-09-19 15:29:00,2019,9,19,15,29,35,35238,SAINT-MALO (RUE DE),48.11801,-1.68067,Plein jour,En agglomération,Hors intersection,Normale,Autre collision,4,-1,2,0,1,1,1,9,1,50,1,2,1,0,0,1,63.0,,voiture,,1,2,1,1,6
201900000760,2019-09-20 15:00:00,2019,9,20,15,0,34,34172,VALLOIS (RUE PROFESSEUR LEON),43.61441,3.8838,Plein jour,En agglomération,Hors intersection,Normale,Deux véhicules - côté,4,1,2,0,1,1,1,0,1,50,2,2,1,0,0,1,41.0,,voiture,,1,2,1,1,3
201900000761,2019-09-20 02:20:00,2019,9,20,2,20,34,34172,FLAHAULT (AVENUE CHARLES,43.62377,3.86217,Nuit avec éclairage allumé,En agglomération,Intersection en X,Normale,Autre collision,4,2,4,0,1,1,1,0,1,50,1,2,0,0,1,1,21.0,,deux_roues,,5,2,2,1,6
201900000762,2019-09-18 10:40:00,2019,9,18,10,40,34,34032,VERDUN (BD DE),43.33638,3.22183,Plein jour,En agglomération,Hors intersection,Normale,Deux véhicules - côté,4,2,3,0,2,1,1,0,1,50,2,2,1,0,1,0,35.0,70.0,deux_roues,voiture,1,2,1,1,3
201900000763,2019-09-20 12:18:00,2019,9,20,12,18,33,33065,QUAI DE LA SOUYS,44.81491,-0.52758,Plein jour,En agglomération,Intersection en X,Normale,Deux véhicules - côté,4,2,5,0,1,1,1,0,1,50,2,4,0,1,0,3,69.0,47.0,voiture,deux_roues,1,2,2,1,3
201900000764,2019-09-20 14:20:00,2019,9,20,14,20,33,33550,CHEM DE LEYSOTTE,44.79931,-0.57691,Plein jour,En agglomération,Hors intersection,Normale,Deux véhicules - côté,4,2,2,0,1,1,1,0,1,50,2,1,0,0,0,1,50.0,,deux_roues,,1,2,1,1,3
201900000765,2019-09-20 12:15:00,2019,9,20,12,15,33,33063,79 COURS DE QUEBEC,44.88212,-0.56998,Plein jour,En agglomération,Hors intersection,Normale,Autre collision,4,3,4,2,1,1,1,0,1,50,1,1,0,0,0,1,21.0,,deux_roues,,1,2,1,1,6
201900000766,2019-09-20 08:50:00,2019,9,20,8,50,33,33167,AVE DU PDT FRANCOIS MITTERRAND,44.84303,-0.51127,Plein jour,En agglomération,Giratoire,Normale,Deux véhicules - côté,4,2,2,0,3,1,1,0,1,50,2,2,1,0,0,1,16.0,38.0,deux_roues,voiture,1,2,6,1,3
201900000767,2019-09-20 00:40:00,2019,9,20,0,40,33,33075,AQUITAINE (AVE D),44.87442,-0.60079,Nuit avec éclairage allumé,En agglomération,Intersection en T,Normale,Sans collision,4,3,5,0,1,1,1,0,1,50,1,1,0,0,0,1,18.0,,deux_roues,,5,2,3,1,7
201900000768,2019-09-19 16:05:00,2019,9,19,16,5,33,33200,RUE DU MEDOC,44.88666,-0.67455,Plein jour,En agglomération,Intersection en T,Normale,Deux véhicules - côté,4,2,0,0,1,1,1,0,1,30,2,2,1,0,0,1,15.0,15.0,deux_roues,deux_roues,1,2,3,1,3
201900000769,2019-09-19 08:30:00,2019,9,19,8,30,33,33063,RUE POMME D'OR / RUE BORIE,44.8547,-0.569877,Plein jour,En agglomération,Intersection en X,Normale,Deux véhicules - côté,4,1,1,0,1,1,1,0,1,20,2,2,1,0,1,0,26.0,37.0,deux_roues,utilitaire_camion,1,2,2,1,3
201900000770,2019-09-19 05:30:00,2019,9,19,5,30,33,33063,QUAI RICHELIEU,44.83821,-0.5671,Nuit avec éclairage allumé,En agglomération,Hors intersection,Normale,Autre collision,4,3,11,0,1,1,1,0,1,50,1,1,0,1,0,0,21.0,,deux_roues,,5,2,1,1,6
201900000771,2019-09-19 16:15:00,2019,9,19,16,15,31,31555,FAUBOURG BONNEFOY (RUE DU) DU 1AU 231,43.616,1.45317,Plein jour,En agglomération,Hors intersection,Normale,Deux véhicules - côté,3,2,3,0,1,1,1,0,1,50,2,2,1,0,1,0,70.0,54.0,voiture,deux_roues,1,2,1,1,3
201900000772,2019-09-19 18:25:00,2019,9,19,18,25,26,26252,RN7 DEV PLV AVENUE DU PORT,44.87888,4.8666,Plein jour,Hors agglomération,Intersection en X,Normale,Deux véhicules - côté,2,2,2,0,1,1,1,0,1,70,2,3,2,1,0,0,57.0,72.0,voiture,voiture,1,1,2,1,3
201900000773,2019-09-18 12:00:00,2019,9,18,12,0,26,26198,SAINT GERVAIS (Route),44.55568,4.76098,Plein jour,En agglomération,Hors intersection,Normale,Deux véhicules - arrière,3,2,2,0,1,1,1,0,1,50,2,2,1,0,1,0,37.0,17.0,voiture,deux_roues,1,2,1,1,2
201900000774,2019-09-15 11:00:00,2019,9,15,11,0,22,22278,Bd de l'Atlantique,48.51941,-2.788268,Plein jour,En agglomération,Intersection en X,Normale,Deux véhicules - côté,4,-1,2,0,1,1,1,0,1,50,2,2,1,0,0,1,76.0,11.0,deux_roues,deux_roues,1,2,2,1,3
201900000775,2019-09-19 07:35:00,2019,9,19,7,35,22,22113,R.D.767,48.74492,-3.4454,Plein jour,Hors agglomération,Hors intersection,Normale,Deux véhicules - frontale,3,2,2,0,1,1,1,0,1,80,2,2,0,0,2,0,18.0,60.0,voiture,voiture,1,1,1,1,1
201900000776,2019-09-18 07:45:00,2019,9,18,7,45,18,18033,SEMARD (AVENUE PIERRE),47.09385,2.39596,Plein jour,En agglomération,Hors intersection,Normale,Autre collision,4,2,2,0,1,3,1,0,1,50,2,2,1,0,1,0,45.0,46.0,deux_roues,voiture,1,2,1,1,6
201900000777,2019-09-19 12:05:00,2019,9,19,12,5,16,16102,Rue Dupuy,45.69719,-0.32285,Plein jour,En agglomération,Intersection en X,Normale,Deux véhicules - côté,4,2,2,0,3,1,1,0,1,50,2,2,1,0,0,1,17.0,34.0,deux_roues,voiture,1,2,2,1,3
201900000778,2019-09-20 18:40:00,2019,9,20,18,40,14,14118,CONQUERANT (RUE GUILLAUME LE),49.18224,-0.37289,Plein jour,En agglomération,Hors intersection,Normale,Deux véhicules - frontale,4,2,-1,-1,1,1,1,0,1,-1,2,2,1,0,0,1,56.0,24.0,voiture,deux_roues,1,2,1,1,1
201900000779,2019-09-20 17:30:00,2019,9,20,17,30,13,13216,HENRI BARNIER (BOULEVARD),43.3700548,5.3460178,Plein jour,En agglomération,Hors intersection,Normale,Deux véhicules - côté,3,-1,0,0,2,2,1,0,1,50,2,1,0,0,1,0,14.0,,deux_roues,,1,2,1,1,3
201900000780,2019-09-20 13:45:00,2019,9,20,13,45,13,13214,PLOMBIERES (BOULEVARD DES),43.31873,5.37914,Plein jour,En agglomération,Hors intersection,Normale,Deux véhicules - côté,4,3,4,0,1,1,1,2,1,50,2,2,1,0,1,0,25.0,48.0,deux_roues,voiture,1,2,1,1,3
201900000781,2019-09-20 14:35:00,2019,9,20,14,35,13,13205,JEANNE D'ARC (BOULEVARD),43.293377,5.4034935,Plein jour,En agglomération,Hors intersection,Normale,Deux véhicules - côté,4,2,2,0,1,1,1,0,1,50,2,2,1,0,0,1,52.0,64.0,voiture,voiture,1,2,1,1,3
201900000782,2019-09-20 12:00:00,2019,9,20,12,0,13,13206,PAUL PEYTRAL (BOULEVARD),43.29065,5.38021,Plein jour,En agglomération,Hors intersection,Normale,Deux véhicules - côté,4,2,3,3,1,1,1,9,1,50,2,2,1,0,0,1,53.0,41.0,deux_roues,voiture,1,2,1,1,3
201900000783,2019-09-20 13:05:00,2019,9,20,13,5,13,13205,SAKAKINI (BOULEVARD),43.2957754,5.4004711,Plein jour,En agglomération,Intersection en X,Normale,Deux véhicules - côté,4,-1,2,0,1,1,1,0,1,50,2,2,1,0,0,1,47.0,57.0,voiture,voiture,1,2,2,1,3
201900000784,2019-09-19 19:50:00,2019,9,19,19,50,13,13208,MENDES FRANCE (AVENUE),43.254093,5.376069,Crépuscule ou aube,En agglomération,Hors intersection,Normale,Deux véhicules - arrière,4,2,4,0,1,1,1,0,1,50,2,3,1,0,0,2,59.0,37.0,voiture,voiture,2,2,1,1,2
201900000785,2019-09-19 18:30:00,2019,9,19,18,30,13,13204,FRANÇOISE DUPARC (BOULEVARD),43.3,5.4,Plein jour,En agglomération,Hors intersection,Normale,Deux véhicules - côté,4,2,6,3,1,1,1,0,1,50,2,2,1,0,0,1,45.0,,deux_roues,utilitaire_camion,1,2,1,1,3
201900000786,2019-09-19 08:30:00,2019,9,19,8,30,13,13215,LYON (RUE DE),43.323866,5.367535,Plein jour,En agglomération,Hors intersection,Normale,Trois véhicules et plus - en chaîne,4,2,2,0,1,1,1,0,1,50,3,3,2,0,0,1,32.0,31.0,voiture,voiture,1,2,1,1,4
201900000787,2019-09-20 12:25:00,2019,9,20,12,25,13,13063,ANCIENS COMBATTANTS AVENUE DES,43.59165,5.00392,Plein jour,En agglomération,Intersection en X,Normale,Deux véhicules - côté,9,2,4,0,1,1,1,0,1,50,2,2,1,0,1,0,36.0,48.0,voiture,deux_roues,1,2,2,1,3
201900000788,2019-09-19 18:43:00,2019,9,19,18,43,10,10333,MARECHAL LECLERC (RUE DU),48.2803,4.0557,Plein jour,En agglomération,Hors intersection,Normale,Sans collision,4,2,2,0,1,1,1,0,1,50,1,1,0,0,0,1,17.0,,deux_roues,,1,2,1,1,7
201900000789,2019-09-20 11:11:00,2019,9,20,11,11,10,10387,GRAND VEON (RUE DU),48.29575,4.09773,Plein jour,En agglomération,Giratoire,Normale,Deux véhicules - côté,4,1,1,0,1,2,1,0,1,50,2,2,1,0,0,1,46.0,23.0,voiture,deux_roues,1,2,6,1,3
201900000790,2019-09-20 09:00:00,2019,9,20,9,0,7,07102,Ave de la République,44.938793,4.867673,Plein jour,En agglomération,Hors intersection,Normale,Autre collision,3,2,2,0,1,1,1,0,1,50,1,2,1,0,0,1,77.0,,voiture,,1,2,1,1,6
201900000791,2019-09-20 16:21:00,2019,9,20,16,21,6,06069,KENNEDY (BOULEVARD DU PRESIDENT),43.66774,6.92864,Plein jour,En agglomération,Autre intersection,Normale,Trois véhicules et plus - collisions multiples,3,-1,2,0,2,3,1,0,1,50,3,3,1,0,2,0,54.0,47.0,deux_roues,deux_roues,1,2,9,1,5
201900000792,2019-09-20 21:55:00,2019,9,20,21,55,6,06004,SAINT CLAUDE CH.DE,43.594564,7.108166,Nuit avec éclairage non allumé,En agglomération,Hors intersection,Normale,Deux véhicules - frontale,4,2,3,3,3,1,1,0,1,50,2,2,1,0,1,0,18.0,40.0,deux_roues,voiture,4,2,1,1,1
201900000793,2019-09-19 09:00:00,2019,9,19,9,0,5,05061,TORRENT ( ALLEE DU ),44.56723,6.09719,Plein jour,En agglomération,Giratoire,Normale,Deux véhicules - côté,2,2,2,0,1,1,1,0,1,50,2,2,1,0,0,1,39.0,50.0,voiture,deux_roues,1,2,6,1,3
201900000794,2019-09-20 16:30:00,2019,9,20,16,30,5,05023,GAP (ROUTE DE   RN94),44.87151,6.60751,Plein jour,Hors agglomération,Hors intersection,Normale,Sans collision,2,2,4,0,1,1,1,5,1,80,1,1,0,0,1,0,81.0,,deux_roues,,1,1,1,1,7
201900000795,2019-09-19 13:24:00,2019,9,19,13,24,5,05023,IZOARD (AVENUE DU COL D'),44.89369,6.63773,Plein jour,En agglomération,Intersection en T,Normale,Deux véhicules - côté,3,2,2,1,4,1,1,0,1,50,2,3,1,0,2,0,17.0,20.0,deux_roues,voiture,1,2,3,1,3
201900000796,2019-09-20 21:05:00,2019,9,20,21,5,75,75114,BD PERIPHERIQUE INTERIEUR,48.82146,2.319226,Nuit avec éclairage allumé,En agglomération,Hors intersection,Normale,Deux véhicules - côté,4,1,4,0,1,1,1,0,1,70,2,2,1,0,0,1,19.0,44.0,deux_roues,voiture,5,2,1,1,3
201900000797,2019-09-20 18:50:00,2019,9,20,18,50,75,75116,BD PERIPHERIQUE EXTERIEUR,48.8395896,2.2539032,Plein jour,En agglomération,Hors intersection,Normale,Deux véhicules - côté,4,1,4,0,1,1,1,0,1,70,2,2,1,0,0,1,69.0,41.0,voiture,deux_roues,1,2,1,1,3
201900000798,2019-09-20 10:25:00,2019,9,20,10,25,75,75118,BD PERIPHERIQUE EXTERIEUR,48.900802,2.369807,Plein jour,En agglomération,Hors intersection,Normale,Deux véhicules - côté,4,1,4,0,1,1,1,0,1,70,2,2,1,0,0,1,70.0,22.0,voiture,deux_roues,1,2,1,1,3
201900000799,2019-09-19 11:20:00,2019,9,19,11,20,75,75114,ECHANGEUR ORLEANS,48.8194839,2.3287882,Plein jour,En agglomération,Hors intersection,Normale,Trois véhicules et plus - en chaîne,4,1,2,0,1,1,1,0,1,50,3,4,3,0,0,1,49.0,38.0,deux_roues,voiture,1,2,1,1,4
201900000800,2019-09-20 09:25:00,2019,9,20,9,25,75,75103,RUE REAUMUR,48.8656245,2.3553242,Plein jour,En agglomération,Hors intersection,Normale,Deux véhicules - côté,4,1,3,0,1,1,1,0,1,50,2,2,1,0,1,0,52.0,47.0,deux_roues,voiture,1,2,1,1,3
201900000801,2019-09-20 02:51:00,2019,9,20,2,51,75,75106,BOULEVARD SAINT GERMAIN,48.854471,2.330465,Nuit avec éclairage allumé,En agglomération,Intersection en X,Normale,Deux véhicules - côté,4,1,4,-1,1,1,1,0,1,50,2,7,6,0,1,0,31.0,29.0,voiture,deux_roues,5,2,2,1,3
201900000802,2019-09-20 06:15:00,2019,9,20,6,15,75,75105,RUE CLAUDE BERNARD,48.839012,2.349209,Nuit avec éclairage allumé,En agglomération,Intersection en X,Normale,Deux véhicules - côté,4,3,2,0,1,1,1,0,1,30,2,2,1,0,0,1,24.0,26.0,utilitaire_camion,deux_roues,5,2,2,1,3
201900000803,2019-09-20 16:40:00,2019,9,20,16,40,75,75119,RUE DU MAROC,48.8871068,2.3677059,Plein jour,En agglomération,Hors intersection,Normale,Autre collision,4,2,2,0,1,1,1,0,1,30,1,1,0,0,0,1,28.0,,deux_roues,,1,2,1,1,6
201900000804,2019-09-20 20:49:00,2019,9,20,20,49,75,75116,CHAUSSEE LA MUETTE,48.8580722,2.2728234,Nuit sans éclairage public,En agglomération,Intersection à plus de 4 branches,Normale,Autre collision,4,2,4,0,1,1,1,0,1,50,1,2,1,0,0,1,53.0,,deux_roues,,3,2,5,1,6
201900000805,2019-09-20 08:34:00,2019,9,20,8,34,75,75116,BOULEVARD DE L AMIRAL BRUIX,48.8748629,2.2787538,Plein jour,En agglomération,Intersection en T,Normale,Deux véhicules - côté,4,2,2,0,1,1,1,0,1,50,2,2,1,0,0,1,78.0,40.0,voiture,deux_roues,1,2,3,1,3
201900000806,2019-09-20 03:17:00,2019,9,20,3,17,75,75114,BOULEVARD BRUNE,48.8261358,2.3127615,Nuit avec éclairage allumé,En agglomération,Intersection en X,Normale,Deux véhicules - arrière,4,3,2,0,1,1,1,0,1,50,2,3,2,0,0,1,24.0,35.0,voiture,deux_roues,5,2,2,1,2
201900000807,2019-09-20 19:25:00,2019,9,20,19,25,75,75113,RUE DE TOLBIAC,48.8259651,2.3531906,Crépuscule ou aube,En agglomération,Hors intersection,Normale,Autre collision,4,2,4,3,1,1,1,0,6,50,2,1,0,0,0,1,18.0,,deux_roues,,2,2,1,1,6
201900000808,2019-09-20 13:05:00,2019,9,20,13,5,75,75113,AVENUE D ITALIE,48.8258256,2.3575383,Plein jour,En agglomération,Intersection en T,Normale,Deux véhicules - côté,4,2,4,0,1,1,1,0,1,50,2,2,1,0,0,1,22.0,42.0,deux_roues,transport_commun,1,2,3,1,3
201900000809,2019-09-20 09:00:00,2019,9,20,9,0,75,75113,AVENUE DE LA PORTE DE CHOISY,48.818199,2.366123,Plein jour,En agglomération,Hors intersection,Normale,Deux véhicules - côté,4,2,2,0,1,1,1,0,1,50,2,2,0,0,0,2,38.0,41.0,deux_roues,deux_roues,1,2,1,1,3
201900000810,2019-09-20 15:35:00,2019,9,20,15,35,75,75112,ROUTE ROYALE DE BEAUTE,48.834114,2.443568,Plein jour,En agglomération,Hors intersection,Normale,Autre collision,4,2,2,1,1,1,1,0,5,50,1,1,0,0,0,1,74.0,,deux_roues,,1,2,1,1,6
201900000811,2019-09-20 15:40:00,2019,9,20,15,40,75,75111,BOULEVARD RICHARD LENOIR,48.857431,2.371387,Plein jour,En agglomération,Hors intersection,Normale,Sans collision,4,3,2,-1,1,1,1,0,1,50,1,1,0,0,0,1,29.0,,deux_roues,,1,2,1,1,7
201900000812,2019-09-20 15:45:00,2019,9,20,15,45,75,75108,RUE DE ROME,48.8771953,2.3230354,Plein jour,En agglomération,Intersection en T,Normale,Autre collision,4,2,4,3,2,1,1,0,6,50,2,1,0,0,0,1,27.0,,deux_roues,,1,2,3,1,6
201900000813,2019-09-20 15:43:00,2019,9,20,15,43,75,75107,BOULEVARD SAINT GERMAIN,48.8569673,2.3245999,Plein jour,En agglomération,Intersection en T,Normale,Autre collision,4,2,4,-1,1,1,1,0,1,50,1,1,0,0,0,1,73.0,,voiture,,1,2,3,1,6
201900000814,2019-09-20 01:30:00,2019,9,20,1,30,75,75107,QUAI D ORSAY,48.862832,2.313437,Nuit avec éclairage allumé,En agglomération,Intersection en X,Normale,Deux véhicules - côté,4,2,1,0,1,1,1,8,1,50,2,2,0,0,0,2,28.0,52.0,voiture,voiture,5,2,2,1,3
201900000815,2019-09-20 17:20:00,2019,9,20,17,20,75,75104,BOULEVARD DU PALAIS,48.8552101,2.3458059,Plein jour,En agglomération,Hors intersection,Normale,Autre collision,4,1,4,3,1,1,1,0,6,50,1,2,1,0,0,1,24.0,,deux_roues,,1,2,1,1,6
201900000816,2019-09-19 18:40:00,2019,9,19,18,40,75,75101,QUAI FRANCOIS MITTERRAND,48.8592526,2.3379745,Crépuscule ou aube,En agglomération,Hors intersection,Normale,Autre collision,4,1,3,0,1,1,1,8,1,50,2,1,0,0,0,1,28.0,,deux_roues,,2,2,1,1,6
201900000817,2019-09-19 20:00:00,2019,9,19,20,0,75,75109,RUE DU HAVRE,48.874178,2.326949,Nuit avec éclairage allumé,En agglomération,Intersection en X,Normale,Deux véhicules - arrière,4,1,4,0,1,1,1,0,1,50,2,2,1,0,0,1,38.0,52.0,deux_roues,deux_roues,5,2,2,1,2
201900000818,2019-09-20 15:45:00,2019,9,20,15,45,94,94081,MOULIN DE SAQUET (AV DU),48.79,2.379,Plein jour,En agglomération,Hors intersection,Normale,Autre collision,3,2,2,0,2,1,1,0,1,50,1,2,1,0,0,1,47.0,,transport_commun,,1,2,1,1,6
201900000819,2019-09-03 00:09:00,2019,9,3,0,9,94,94077,VILLENEUVE LE ROI (PONT DE),48.7278707,2.44575,Nuit avec éclairage allumé,En agglomération,Hors intersection,Normale,Deux véhicules - côté,3,2,6,0,1,1,1,2,1,50,2,2,1,0,0,1,49.0,30.0,utilitaire_camion,deux_roues,5,2,1,1,3
201900000820,2019-09-20 09:45:00,2019,9,20,9,45,94,94068,CONDE (AV DE),48.81148,2.476916,Plein jour,En agglomération,Intersection en T,Normale,Deux véhicules - côté,3,2,2,0,1,1,1,0,2,50,2,2,1,0,0,1,35.0,31.0,utilitaire_camion,deux_roues,1,2,3,1,3
201900000821,2019-09-18 17:10:00,2019,9,18,17,10,94,94015,GEORGES CLEMENCEAU (AV),48.84025,2.52412,Plein jour,En agglomération,Hors intersection,Normale,Autre collision,4,2,2,0,1,1,1,0,1,30,1,2,1,0,0,1,72.0,,voiture,,1,2,1,1,6
201900000822,2019-09-20 09:15:00,2019,9,20,9,15,94,94041,AMEDEE HUON (R),48.8043,2.3854,Plein jour,En agglomération,Hors intersection,Normale,Autre collision,4,2,2,0,1,1,1,0,3,50,1,2,1,0,0,1,32.0,,utilitaire_camion,,1,2,1,1,6
201900000823,2019-09-20 19:05:00,2019,9,20,19,5,94,94034,ROGER SALENGRO (R),48.75545,2.321,Plein jour,En agglomération,Hors intersection,Normale,Deux véhicules - côté,4,1,1,0,1,1,1,0,1,50,2,1,0,0,0,1,26.0,,deux_roues,,1,2,1,1,3