accident_id,datetime,annee,mois,jour,heure,minute,departement,commune_insee,adresse,latitude,longitude,luminosite,agglomeration,intersection,meteo,collision,catr,circ,nbv,vosp,prof,plan,surf,infra,situ,vma,nb_vehicules,nb_usagers,nb_indemnes,nb_tues,nb_blesses_hosp,nb_blesses_legers,age_cond_1,age_cond_2,veh_type_cond_1,veh_type_cond_2,lum_code,agg_code,int_code,atm_code,col_code
201900000824,2019-09-20 12:15:00,2019,9,20,12,15,94,94033,PIERRE BROSSOLETTE (R),48.84,2.47,Plein jour,En agglomération,Hors intersection,Normale,Deux véhicules - frontale,4,2,1,0,2,1,1,0,1,30,2,2,1,0,0,1,37.0,15.0,voiture,deux_roues,1,2,1,1,1
201900000825,2019-09-19 18:45:00,2019,9,19,18,45,94,94028,DEMENITROUX(RUE MAURICE),48.78989,2.45379,Plein jour,En agglomération,Hors intersection,Normale,Deux véhicules - côté,4,2,2,3,1,1,1,0,1,50,2,2,1,0,0,1,34.0,23.0,voiture,voiture,1,2,1,1,3
201900000826,2019-09-19 15:30:00,2019,9,19,15,30,94,94028,COMPAGNONS DE LA LIBERATION(AVE DES),48.77,2.46,Plein jour,En agglomération,Autre intersection,Normale,Deux véhicules - côté,4,1,0,0,1,1,1,0,1,50,2,2,1,0,0,1,35.0,24.0,deux_roues,voiture,1,2,9,1,3
201900000827,2019-09-20 11:35:00,2019,9,20,11,35,94,94054,CHARLES TILLON (route),48.74014,2.38802,Plein jour,En agglomération,Hors intersection,Normale,Deux véhicules - arrière,3,2,2,0,1,1,1,0,1,50,2,2,1,0,0,1,45.0,30.0,voiture,voiture,1,2,1,1,2
201900000828,2019-09-20 21:30:00,2019,9,20,21,30,94,94059,MAURICE BERTEAUX (AV),48.81,2.56,Nuit avec éclairage allumé,En agglomération,Intersection en X,Normale,Deux véhicules - côté,3,2,2,0,1,1,1,0,3,50,2,3,1,0,0,2,49.0,22.0,voiture,deux_roues,5,2,2,1,3
201900000829,2019-09-20 07:45:00,2019,9,20,7,45,94,94079,GENERAL GALLIENI (RUE DU),48.82671,2.54027,Crépuscule ou aube,En agglomération,Giratoire,Normale,Deux véhicules - côté,3,2,2,0,2,3,1,0,1,50,2,2,1,0,0,1,22.0,48.0,deux_roues,voiture,2,2,6,1,3
201900000830,2019-09-19 17:10:00,2019,9,19,17,10,94,94079,NOISY (R DE),48.83213,2.54489,Plein jour,En agglomération,Hors intersection,Temps éblouissant,Autre collision,4,2,2,0,1,1,1,0,1,50,1,2,1,0,0,1,48.0,,voiture,,1,2,1,7,6
201900000831,2019-09-20 19:50:00,2019,9,20,19,50,93,93048,PAUL VAILLANT COUTURIER (BOULEVARD),48.86672,2.44512,Plein jour,En agglomération,Intersection en X,Normale,Deux véhicules - côté,3,2,3,3,1,1,1,0,1,50,2,2,1,0,1,0,23.0,19.0,voiture,deux_roues,1,2,2,1,3
201900000832,2019-09-20 14:00:00,2019,9,20,14,0,93,93046,SALVADOR ALLENDE CARREFOUR,48.9111778,2.516178,Plein jour,En agglomération,Intersection à plus de 4 branches,Normale,Autre collision,3,3,5,3,1,1,1,5,1,50,1,1,0,0,1,0,46.0,,voiture,,1,2,5,1,6
201900000833,2019-09-20 18:50:00,2019,9,20,18,50,93,93045,PARIS RUE DE,48.884,2.4182,Plein jour,En agglomération,Hors intersection,Normale,Autre collision,3,2,2,0,1,1,1,0,1,50,1,2,1,0,0,1,44.0,,deux_roues,,1,2,1,1,6
201900000834,2019-09-20 17:05:00,2019,9,20,17,5,93,93006,STALINGRAD AV.,48.8761,2.42625,Plein jour,En agglomération,Hors intersection,Normale,Autre collision,3,2,1,0,1,1,1,6,1,50,1,1,0,0,0,1,,,,,1,2,1,1,6
201900000835,2019-09-18 17:00:00,2019,9,18,17,0,93,93032,ARISTIDE BRIAND (RUE),48.88288,2.53507,Plein jour,En agglomération,Intersection en X,Normale,Deux véhicules - frontale,3,1,0,0,1,1,1,0,1,50,2,2,1,0,0,1,25.0,25.0,voiture,deux_roues,1,2,2,1,1
201900000836,2019-09-18 12:35:00,2019,9,18,12,35,93,93027,MASSON (RUE SUZANNE),48.9233,2.38517,Plein jour,En agglomération,Hors intersection,Normale,Autre collision,4,2,2,0,1,1,1,0,3,50,1,2,1,0,0,1,61.0,,voiture,,1,2,1,1,6
201900000837,2019-09-20 10:20:00,2019,9,20,10,20,93,93010,MOULIN (AV. JEAN) COTE PAIRS,48.912512,2.478723,Plein jour,En agglomération,Hors intersection,Normale,Autre collision,4,2,2,0,1,1,1,0,1,30,1,2,1,0,0,1,66.0,,voiture,,1,2,1,1,6
201900000838,2019-09-20 19:25:00,2019,9,20,19,25,93,93008,LUXEMBOURG (RUE DE),48.91246,2.46423,Crépuscule ou aube,En agglomération,Intersection en X,Normale,Autre collision,3,2,2,0,1,1,1,0,-1,50,1,2,1,0,0,1,38.0,,voiture,,2,2,2,1,6
201900000839,2019-09-20 08:50:00,2019,9,20,8,50,93,93005,CHARLES FLOQUET (BOULEVARD),48.93,2.5,Plein jour,En agglomération,Intersection en X,Normale,Autre collision,4,-1,2,0,2,3,1,5,1,50,1,2,1,0,0,1,27.0,,voiture,,1,2,2,1,6
201900000840,2019-09-20 09:00:00,2019,9,20,9,0,93,93005,ROBERT SCHUMAN (CARREFOUR),48.949344,2.517675,Plein jour,En agglomération,Hors intersection,Normale,Deux véhicules - arrière,3,1,3,0,1,3,1,5,1,50,2,2,1,0,0,1,24.0,37.0,voiture,voiture,1,2,1,1,2
201900000841,2019-09-20 14:30:00,2019,9,20,14,30,92,92073,SELLIER (BOULEVARD HENRI),48.86798,2.22494,Plein jour,En agglomération,Hors intersection,Normale,Deux véhicules - côté,3,1,8,0,2,1,1,0,1,50,2,2,1,0,0,1,38.0,54.0,voiture,deux_roues,1,2,1,1,3
201900000842,2019-09-18 16:58:00,2019,9,18,16,58,92,92072,BRUYERES (CARREFOUR DES),48.821367,2.218778,Plein jour,En agglomération,Hors intersection,Normale,Deux véhicules - côté,4,4,4,0,1,1,1,0,1,50,2,2,1,0,0,1,45.0,34.0,deux_roues,voiture,1,2,1,1,3
201900000843,2019-09-20 16:00:00,2019,9,20,16,0,92,92062,GENERAL DE GAULLE (AV) DU 44 AU 106,48.8876,2.2331,Plein jour,En agglomération,Intersection en X,Normale,Autre collision,3,3,7,0,1,1,1,5,2,50,1,2,1,0,0,1,48.0,,autre,,1,2,2,1,6
201900000844,2019-09-20 18:05:00,2019,9,20,18,5,92,92050,boulevard Aimé Césaire,48.8958281,2.2283826,Plein jour,En agglomération,Autre intersection,Normale,Deux véhicules - arrière,4,2,2,0,1,3,1,0,1,50,2,2,1,0,0,1,30.0,54.0,voiture,voiture,1,2,9,1,2
201900000845,2019-09-20 12:25:00,2019,9,20,12,25,92,92040,GABRIEL PERI,48.80198,2.26726,Plein jour,En agglomération,Hors intersection,Temps éblouissant,Autre collision,4,2,2,0,1,1,1,0,1,50,1,2,1,0,0,1,52.0,,voiture,,1,2,1,7,6
201900000846,2019-09-08 10:35:00,2019,9,8,10,35,92,92040,STALINGRAD (QUAI DE),48.8236412,2.2554331,Plein jour,En agglomération,Hors intersection,Normale,Deux véhicules - frontale,3,2,2,1,1,1,1,0,1,30,2,2,0,0,0,2,47.0,,deux_roues,,1,2,1,1,1
201900000847,2019-09-16 11:30:00,2019,9,16,11,30,92,92024,CLICHY (QUAI DE) DE (8 A 60),48.90329,2.289734,Plein jour,En agglomération,Intersection en X,Normale,Autre collision,3,2,2,0,3,2,1,5,1,50,3,3,2,0,0,1,56.0,47.0,voiture,voiture,1,2,2,1,6
201900000848,2019-09-20 13:40:00,2019,9,20,13,40,92,92071,COLBERT (BOULEVARD),48.77833,2.30296,Plein jour,En agglomération,Hors intersection,Normale,Autre collision,7,2,4,0,1,1,1,0,1,50,3,3,2,0,0,1,50.0,39.0,transport_commun,voiture,1,2,1,1,6
201900000849,2019-09-20 09:00:00,2019,9,20,9,0,92,92012,PIERRE GRENIER (AVENUE),48.82538,2.24838,Plein jour,En agglomération,Giratoire,Normale,Autre collision,3,2,1,0,2,1,1,0,1,50,1,1,0,0,0,1,,,,,1,2,6,1,6
201900000850,2019-09-21 15:00:00,2019,9,21,15,0,47,47241,D 153,44.561163,0.697312,Plein jour,Hors agglomération,Hors intersection,Normale,Sans collision,3,2,2,0,1,1,1,0,1,80,1,1,0,0,1,0,64.0,,deux_roues,,1,1,1,1,7
201900000851,2019-09-21 09:40:00,2019,9,21,9,40,22,22209,BEAUSSAIS (Trégon),48.575079,-2.17605,Plein jour,Hors agglomération,Giratoire,Temps éblouissant,Deux véhicules - côté,3,4,1,0,1,2,1,5,1,50,2,2,1,0,1,0,70.0,52.0,voiture,deux_roues,1,1,6,7,3
201900000852,2019-09-21 13:15:00,2019,9,21,13,15,49,49092,"route déparemantale 160 lieu-dit ""l'echo""",47.226538,-0.723683,Plein jour,Hors agglomération,Hors intersection,Normale,Deux véhicules - frontale,3,2,2,0,2,4,1,0,1,80,2,2,1,0,1,0,25.0,44.0,voiture,deux_roues,1,1,1,1,1
201900000853,2019-09-20 19:30:00,2019,9,20,19,30,68,68023,23 rue du hoen,48.159136,7.327749,Crépuscule ou aube,En agglomération,Hors intersection,Normale,Autre collision,3,2,2,0,1,2,1,0,4,50,1,1,0,0,1,0,30.0,,deux_roues,,2,2,1,1,6
201900000854,2019-09-20 20:40:00,2019,9,20,20,40,10,10066,"PR 8 , RD 34",48.243245,3.89771,Nuit sans éclairage public,Hors agglomération,Hors intersection,Normale,Sans collision,3,2,2,0,1,3,1,0,3,80,1,1,0,1,0,0,41.0,,deux_roues,,3,1,1,1,7
201900000855,2019-09-20 18:20:00,2019,9,20,18,20,1,01419,chemin de pré jacquet,46.233292,6.002209,Plein jour,Hors agglomération,Intersection en X,Normale,Deux véhicules - côté,9,2,2,0,1,2,1,0,1,70,2,2,1,0,1,0,20.0,44.0,deux_roues,voiture,1,1,2,1,3
201900000856,2019-09-21 05:45:00,2019,9,21,5,45,60,60658,15 rue nationale,49.2404081,3.0179665,Nuit avec éclairage allumé,En agglomération,Hors intersection,Normale,Autre collision,2,2,2,0,4,1,1,0,4,50,1,1,0,0,0,1,21.0,,voiture,,5,2,1,1,6
201900000857,2019-09-20 09:00:00,2019,9,20,9,0,62,62473,3 Rue Emile Basly,50.61849,2.470579,Plein jour,En agglomération,Place,Normale,Deux véhicules - arrière,9,2,2,0,1,1,1,0,1,50,2,2,1,0,1,0,82.0,85.0,voiture,deux_roues,1,2,7,1,2
201900000858,2019-09-20 19:45:00,2019,9,20,19,45,41,41149,Avenue des reclusages,47.746789,0.864361,Nuit sans éclairage public,En agglomération,Hors intersection,Normale,Autre collision,4,2,2,0,1,1,1,0,1,-1,2,2,1,1,0,0,25.0,61.0,deux_roues,deux_roues,3,2,1,1,6
201900000859,2019-09-20 21:50:00,2019,9,20,21,50,34,34077,cd 21,43.651776,3.897656,Nuit sans éclairage public,Hors agglomération,Hors intersection,Normale,Autre collision,3,2,2,0,1,1,1,0,1,50,1,2,1,0,1,0,72.0,,voiture,,3,1,1,1,6
201900000860,2019-09-21 14:20:00,2019,9,21,14,20,62,62773,D127E4,50.633034,1.789274,Plein jour,Hors agglomération,Hors intersection,Normale,Autre collision,3,2,2,0,2,2,1,0,3,80,1,1,0,1,0,0,46.0,,deux_roues,,1,1,1,1,6
201900000861,2019-09-21 01:30:00,2019,9,21,1,30,51,51459,RD 934,48.7501934,3.440382,Nuit sans éclairage public,Hors agglomération,Hors intersection,Normale,Sans collision,3,2,2,0,2,1,1,0,1,80,1,1,0,0,1,0,32.0,,voiture,,3,1,1,1,7
201900000862,2019-09-20 17:00:00,2019,9,20,17,0,56,56237,Kernivinen RD767,48.049691,-2.930138,Plein jour,Hors agglomération,Hors intersection,Normale,Deux véhicules - frontale,3,2,2,0,2,3,1,0,1,80,2,4,1,0,3,0,36.0,35.0,voiture,voiture,1,1,1,1,1
201900000863,2019-09-20 22:10:00,2019,9,20,22,10,76,76020,Route du Colombier,49.44921,0.880909,Nuit sans éclairage public,Hors agglomération,Hors intersection,Normale,Sans collision,4,2,2,0,1,1,1,0,3,80,1,1,0,0,1,0,57.0,,deux_roues,,3,1,1,1,7
201900000864,2019-09-21 05:30:00,2019,9,21,5,30,76,76242,cd916,49.464368,1.696534,Nuit sans éclairage public,Hors agglomération,Hors intersection,Normale,Deux véhicules - frontale,3,2,2,0,1,1,1,0,1,80,2,3,0,0,0,3,28.0,25.0,voiture,voiture,3,1,1,1,1
201900000865,2019-09-20 06:30:00,2019,9,20,6,30,41,41110,"Point kilométrique 189, autoroute A85",47.312406,1.824557,Nuit sans éclairage public,Hors agglomération,Hors intersection,Normale,Deux véhicules - arrière,1,1,4,0,1,1,1,0,2,130,2,2,0,0,1,1,46.0,50.0,voiture,voiture,3,1,1,1,2
201900000866,2019-09-20 15:20:00,2019,9,20,15,20,65,65036,Rd 100 Pk 5+800,42.9876438,-0.0565356,Plein jour,Hors agglomération,Hors intersection,Normale,Autre collision,3,2,2,0,2,3,1,0,1,80,1,1,0,0,1,0,66.0,,deux_roues,,1,1,1,1,6
201900000867,2019-09-20 19:30:00,2019,9,20,19,30,63,63295,Lieu dit Jussat,45.9970063,3.3561999,Plein jour,Hors agglomération,Intersection en X,Normale,Deux véhicules - frontale,3,2,2,0,3,1,1,0,1,70,2,2,1,1,0,0,33.0,32.0,deux_roues,voiture,1,1,2,1,1
201900000868,2019-09-14 11:50:00,2019,9,14,11,50,61,61284,6 Route d'Essay,48.594103,0.338469,Plein jour,Hors agglomération,Hors intersection,Normale,Autre collision,3,2,2,0,1,1,1,0,3,80,1,6,0,0,0,6,51.0,,voiture,,1,1,1,1,6
201900000869,2019-09-01 19:00:00,2019,9,1,19,0,49,49088,D180,47.755501,-1.113189,Plein jour,Hors agglomération,Intersection en T,Normale,Deux véhicules - frontale,3,2,2,0,1,1,1,5,1,80,2,2,1,0,1,0,28.0,17.0,voiture,deux_roues,1,1,3,1,1
201900000870,2019-09-09 09:00:00,2019,9,9,9,0,34,34130,rd909,43.5212649,3.1887739,Plein jour,Hors agglomération,Autre intersection,Normale,Deux véhicules - arrière,3,2,2,0,1,1,1,0,1,80,2,2,1,0,0,1,75.0,38.0,utilitaire_camion,deux_roues,1,1,9,1,2
201900000871,2019-09-20 20:21:00,2019,9,20,20,21,22,22087,Lustruyen,48.277889,-3.303549,Crépuscule ou aube,Hors agglomération,Hors intersection,Normale,Deux véhicules - frontale,3,2,2,0,1,3,1,0,1,80,2,2,1,0,1,0,24.0,18.0,utilitaire_camion,deux_roues,2,1,1,1,1
201900000872,2019-08-22 19:45:00,2019,8,22,19,45,39,39274,,46.369054,5.984549,Plein jour,Hors agglomération,Hors intersection,Normale,Sans collision,3,2,2,0,2,2,1,0,1,80,1,1,0,0,1,0,37.0,,deux_roues,,1,1,1,1,7
201900000873,2019-09-21 02:50:00,2019,9,21,2,50,25,25050,La Vie Paul et Richard,47.120363,6.620246,Nuit sans éclairage public,Hors agglomération,Hors intersection,Normale,Autre collision,3,2,2,0,1,1,1,0,3,80,1,1,0,0,1,0,29.0,,voiture,,3,1,1,1,6
201900000874,2019-09-19 17:15:00,2019,9,19,17,15,35,35340,pk 26+400,48.02742,-2.028945,Plein jour,Hors agglomération,Autre intersection,Normale,Sans collision,2,3,4,0,1,1,1,0,3,110,1,2,1,0,1,0,29.0,,voiture,,1,1,9,1,7
201900000875,2019-09-21 19:15:00,2019,9,21,19,15,38,38139,route départmentale D14A,45.76172,5.45601,Nuit sans éclairage public,Hors agglomération,Hors intersection,Temps couvert,Sans collision,3,2,2,0,1,1,1,0,1,80,1,4,3,0,1,0,18.0,,voiture,,3,1,1,8,7
201900000876,2019-09-21 15:00:00,2019,9,21,15,0,1,01113,Allée de Romans,46.1501686,5.0662855,Plein jour,Hors agglomération,Hors intersection,Normale,Sans collision,4,2,2,0,1,2,1,0,3,50,1,2,0,0,1,1,18.0,,voiture,,1,1,1,1,7
201900000877,2019-09-20 16:20:00,2019,9,20,16,20,14,14575,La Forge St Cloud,49.298414,0.126776,Plein jour,Hors agglomération,Hors intersection,Normale,Autre collision,3,2,2,0,1,2,1,2,3,50,1,1,0,0,0,1,56.0,,deux_roues,,1,1,1,1,6
201900000878,2019-09-20 19:20:00,2019,9,20,19,20,14,14297,D214,49.116335,-0.50401,Plein jour,Hors agglomération,Hors intersection,Temps éblouissant,Deux véhicules - frontale,3,2,2,0,2,2,1,0,1,80,2,2,1,0,1,0,18.0,23.0,voiture,voiture,1,1,1,7,1
201900000879,2019-09-21 15:35:00,2019,9,21,15,35,50,50507,RD 421,49.495011,-1.265644,Plein jour,Hors agglomération,Hors intersection,Normale,Deux véhicules - arrière,3,2,2,0,1,1,1,0,1,80,2,2,1,0,0,1,59.0,80.0,deux_roues,voiture,1,1,1,1,2
201900000880,2019-09-20 23:00:00,2019,9,20,23,0,73,73300,D1201  Boulevard Jean Charcot,45.6890004,5.8956964,Nuit avec éclairage allumé,En agglomération,Hors intersection,Normale,Deux véhicules - arrière,3,3,2,2,1,1,1,0,1,50,2,2,1,0,1,0,20.0,59.0,voiture,deux_roues,5,2,1,1,2
201900000881,2019-09-20 13:45:00,2019,9,20,13,45,43,43119,RD 103 - PK 71+200,45.111239,3.89741,Plein jour,Hors agglomération,Hors intersection,Normale,Sans collision,3,2,2,0,1,2,1,0,3,80,1,1,0,0,0,1,25.0,,deux_roues,,1,1,1,1,7
201900000882,2019-09-20 22:45:00,2019,9,20,22,45,16,16414,Les Couates,45.858949,0.083896,Nuit sans éclairage public,Hors agglomération,Hors intersection,Normale,Sans collision,3,2,2,0,1,3,1,0,1,80,1,2,0,0,2,0,42.0,,deux_roues,,3,1,1,1,7
201900000883,2019-09-21 13:40:00,2019,9,21,13,40,53,53121,Le Laisy,48.416142,-0.343699,Plein jour,Hors agglomération,Intersection en T,Normale,Deux véhicules - frontale,2,2,2,0,4,1,1,5,1,70,2,2,1,0,1,0,31.0,56.0,utilitaire_camion,deux_roues,1,1,3,1,1
201900000884,2019-09-20 20:35:00,2019,9,20,20,35,27,27062,1315 Route du Val,49.296124,0.839852,Crépuscule ou aube,En agglomération,Hors intersection,Normale,Deux véhicules - frontale,4,2,2,0,1,1,1,0,1,50,2,2,0,0,1,1,15.0,16.0,deux_roues,deux_roues,2,2,1,1,1
201900000885,2019-09-20 18:25:00,2019,9,20,18,25,87,87006,RD49,46.326826,1.060634,Plein jour,Hors agglomération,Hors intersection,Temps éblouissant,Deux véhicules - frontale,3,2,2,0,1,2,1,0,1,80,2,2,0,1,0,1,37.0,35.0,voiture,transport_commun,1,1,1,7,1
201900000886,2019-09-21 05:30:00,2019,9,21,5,30,48,48128,D806 Masbérals le Vieux,44.744662,3.340474,Nuit sans éclairage public,Hors agglomération,Hors intersection,Temps couvert,Autre collision,3,2,2,0,2,1,9,0,1,80,1,1,0,1,0,0,20.0,,voiture,,3,1,1,8,6
201900000887,2019-09-20 07:45:00,2019,9,20,7,45,49,49132,Rue de la Garenne,47.649357,-0.441874,Plein jour,En agglomération,Intersection en T,Normale,Autre collision,4,2,2,0,1,1,1,0,1,50,2,2,1,0,1,0,63.0,80.0,transport_commun,deux_roues,1,2,3,1,6
201900000888,2019-09-14 16:10:00,2019,9,14,16,10,35,35131,Rue Ernest Renan,48.129351,-1.809516,Plein jour,En agglomération,Intersection en X,Normale,Deux véhicules - côté,4,2,2,0,1,1,1,0,1,50,2,2,1,0,1,0,71.0,53.0,deux_roues,deux_roues,1,2,2,1,3
201900000889,2019-09-21 10:30:00,2019,9,21,10,30,38,38289,D44 C,45.12633,6.04324,Plein jour,Hors agglomération,Hors intersection,Normale,Autre collision,3,2,1,0,2,2,2,0,1,80,2,2,0,0,2,0,35.0,41.0,deux_roues,deux_roues,1,1,1,1,6
201900000890,2019-09-21 11:00:00,2019,9,21,11,0,988,98814,R.M.12,-20.93222,167.10382,Plein jour,Hors agglomération,Hors intersection,Normale,Autre collision,4,2,2,0,1,2,1,0,3,90,1,1,0,1,0,0,31.0,,voiture,,1,1,1,1,6
201900000891,2019-09-21 05:30:00,2019,9,21,5,30,988,98804,R.P.N.3,-21.52643,165.97128,Crépuscule ou aube,Hors agglomération,Hors intersection,Normale,Sans collision,3,2,2,0,1,3,1,0,8,50,1,3,1,0,0,2,16.0,,voiture,,2,1,1,1,7
201900000892,2019-09-21 12:15:00,2019,9,21,12,15,45,45253,D927,48.1677526,2.2208833,Plein jour,Hors agglomération,Hors intersection,Normale,Deux véhicules - frontale,3,2,2,0,1,1,1,0,1,70,2,4,0,0,0,4,25.0,23.0,voiture,voiture,1,1,1,1,1
201900000893,2019-09-13 07:45:00,2019,9,13,7,45,45,45028,48 AV DE BLOIS,47.7748472,1.6232825,Plein jour,En agglomération,Autre intersection,Normale,Deux véhicules - côté,3,2,2,0,1,1,1,0,1,50,2,2,1,0,1,0,18.0,32.0,deux_roues,utilitaire_camion,1,2,9,1,3
201900000894,2019-09-20 16:45:00,2019,9,20,16,45,77,77392,D401,49.05566,2.71291,Plein jour,Hors agglomération,Hors intersection,Normale,Deux véhicules - côté,3,2,2,0,1,1,1,0,1,70,2,1,0,0,0,1,37.0,,deux_roues,,1,1,1,1,3
201900000895,2019-09-20 18:15:00,2019,9,20,18,15,2B,2B134,Place Paoli,42.634685,8.938318,Plein jour,En agglomération,Place,Temps éblouissant,Autre collision,9,2,2,0,1,1,1,0,1,50,1,2,1,0,1,0,32.0,,voiture,,1,2,7,7,6
201900000896,2019-08-03 18:05:00,2019,8,3,18,5,5,05139,le pin,44.700597,5.929199,Plein jour,Hors agglomération,Hors intersection,Temps éblouissant,Autre collision,3,2,2,0,2,3,1,0,1,80,1,3,1,0,2,0,58.0,,voiture,,1,1,1,7,6
201900000897,2019-09-18 01:08:00,2019,9,18,1,8,38,38072,A7,45.3168,4.81187,Nuit sans éclairage public,Hors agglomération,Hors intersection,Normale,Autre collision,1,3,3,0,1,1,1,0,3,130,1,1,0,0,1,0,40.0,,utilitaire_camion,,3,1,1,1,6
201900000898,2019-09-20 17:30:00,2019,9,20,17,30,70,70220,D70,47.405183,5.473796,Plein jour,Hors agglomération,Hors intersection,Normale,Sans collision,3,2,2,0,1,3,1,0,3,80,1,1,0,0,1,0,45.0,,deux_roues,,1,1,1,1,7
201900000899,2019-09-20 23:10:00,2019,9,20,23,10,71,71235,route de Salornay,46.32687,4.789622,Nuit sans éclairage public,Hors agglomération,Hors intersection,Normale,Autre collision,4,2,2,0,1,3,1,0,3,80,1,1,0,0,1,0,28.0,,voiture,,3,1,1,1,6
201900000900,2019-09-20 11:30:00,2019,9,20,11,30,58,58121,Rue Gabriel Péri,47.034758,3.09942,Plein jour,En agglomération,Hors intersection,Normale,Autre collision,3,2,2,0,1,1,1,0,1,50,1,2,1,0,1,0,55.0,,voiture,,1,2,1,1,6
201900000901,2019-09-21 17:00:00,2019,9,21,17,0,73,73307,D215A  La Combaz,45.1791618,6.4848377,Plein jour,Hors agglomération,Hors intersection,Normale,Autre collision,3,2,2,0,2,4,1,0,8,80,1,1,0,0,1,0,29.0,,voiture,,1,1,1,1,6
201900000902,2019-08-09 20:20:00,2019,8,9,20,20,1,01142,253 route de Genève,45.851174,5.065643,Plein jour,En agglomération,Hors intersection,Normale,Autre collision,3,2,2,0,1,1,1,0,1,50,1,1,0,0,1,0,42.0,,voiture,,1,2,1,1,6
201900000903,2019-09-21 11:15:00,2019,9,21,11,15,69,69229,Sous Favardie,46.1062,4.441,Plein jour,Hors agglomération,Hors intersection,Normale,Deux véhicules - côté,9,-1,1,0,2,2,1,0,1,80,2,2,1,0,0,1,41.0,43.0,deux_roues,deux_roues,1,1,1,1,3
201900000904,2019-09-19 19:00:00,2019,9,19,19,0,33,33242,D672,44.80332,0.18441,Plein jour,Hors agglomération,Hors intersection,Normale,Deux véhicules - frontale,3,2,2,0,1,3,1,0,1,80,2,3,1,0,1,1,32.0,19.0,voiture,voiture,1,1,1,1,1
201900000905,2019-09-21 03:10:00,2019,9,21,3,10,33,33366,rd 137,45.009858,-0.439878,Nuit sans éclairage public,En agglomération,Giratoire,Normale,Autre collision,3,2,2,0,1,1,1,5,1,80,1,1,0,1,0,0,45.0,,deux_roues,,3,2,6,1,6
201900000906,2019-09-20 19:00:00,2019,9,20,19,0,50,50492,Le Haut Rouxeville (Rouxeville),49.101951,-0.952508,Plein jour,Hors agglomération,Hors intersection,Normale,Deux véhicules - frontale,3,2,2,0,2,1,1,0,1,80,2,4,0,0,2,2,70.0,45.0,voiture,voiture,1,1,1,1,1
201900000907,2019-09-20 11:15:00,2019,9,20,11,15,27,27016,Clos du Gambon,49.249335,1.439052,Plein jour,En agglomération,Hors intersection,Normale,Deux véhicules - frontale,4,2,2,0,1,1,1,0,1,50,2,2,1,0,0,1,18.0,61.0,deux_roues,voiture,1,2,1,1,1
201900000908,2019-09-21 12:40:00,2019,9,21,12,40,27,27123,route nationale 13,49.012141,1.305998,Plein jour,Hors agglomération,Hors intersection,Normale,Deux véhicules - frontale,2,2,2,0,1,1,1,0,1,80,2,4,0,0,4,0,28.0,39.0,voiture,voiture,1,1,1,1,1
201900000909,2019-09-20 19:10:00,2019,9,20,19,10,13,13211,A50-Sens Marseille vers Aubagne,43.2900981,5.4477368,Plein jour,Hors agglomération,Hors intersection,Normale,Deux véhicules - arrière,1,3,3,0,1,1,1,2,1,90,2,2,1,0,0,1,40.0,28.0,voiture,voiture,1,1,1,1,2
201900000910,2019-09-20 06:27:00,2019,9,20,6,27,13,13019,A51-Sens Marseille vers Aix en Provence,43.42624,5.37996,Nuit sans éclairage public,Hors agglomération,Hors intersection,Normale,Deux véhicules - arrière,1,1,3,0,1,1,1,0,1,90,2,2,0,0,1,1,48.0,33.0,utilitaire_camion,deux_roues,3,1,1,1,2
201900000911,2019-09-19 11:55:00,2019,9,19,11,55,83,83137,A50,43.12506,5.90625,Plein jour,Hors agglomération,Hors intersection,Normale,Deux véhicules - côté,1,3,8,0,1,1,1,0,1,90,2,2,1,0,1,0,74.0,51.0,voiture,deux_roues,1,1,1,1,3
201900000912,2019-09-19 08:45:00,2019,9,19,8,45,69,69275,RN346   29.300 A 34.350,45.76686,4.98485,Plein jour,Hors agglomération,Hors intersection,Normale,Deux véhicules - arrière,2,3,4,0,1,1,1,0,1,90,2,3,2,0,0,1,28.0,30.0,voiture,utilitaire_camion,1,1,1,1,2
201900000913,2019-09-20 07:30:00,2019,9,20,7,30,33,33249,ROCADE A 630,44.88465,-0.51578,Plein jour,Hors agglomération,Hors intersection,Normale,Deux véhicules - côté,1,3,6,0,1,1,1,0,1,90,2,2,1,0,0,1,40.0,22.0,voiture,deux_roues,1,1,1,1,3
201900000914,2019-09-20 07:40:00,2019,9,20,7,40,33,33167,ROUTE NATIONALE 230,44.82609,-0.50931,Crépuscule ou aube,Hors agglomération,Hors intersection,Normale,Deux véhicules - côté,2,3,6,0,4,1,1,0,1,90,2,3,2,0,0,1,22.0,50.0,utilitaire_camion,deux_roues,2,1,1,1,3
201900000915,2019-09-20 07:27:00,2019,9,20,7,27,91,91086,RN 104,48.62373,2.3848,Plein jour,Hors agglomération,Hors intersection,Normale,Deux véhicules - côté,2,1,2,0,1,1,1,0,1,110,2,2,0,0,0,2,47.0,39.0,voiture,voiture,1,1,1,1,3
201900000916,2019-09-20 07:30:00,2019,9,20,7,30,92,92002,AUTOROUTE A10,48.730172,2.307917,Nuit sans éclairage public,Hors agglomération,Hors intersection,Pluie légère,Deux véhicules - arrière,1,3,6,0,1,1,1,0,1,90,2,2,1,0,0,1,46.0,23.0,utilitaire_camion,deux_roues,3,1,1,2,2
201900000917,2019-09-20 05:00:00,2019,9,20,5,0,91,91228,AUTOROUTE A6,48.61865,2.42716,Nuit sans éclairage public,Hors agglomération,Hors intersection,Normale,Deux véhicules - arrière,1,1,6,0,1,1,1,8,1,70,2,2,0,0,0,2,53.0,44.0,voiture,voiture,3,1,1,1,2