accident_id,datetime,annee,mois,jour,heure,minute,departement,commune_insee,adresse,latitude,longitude,luminosite,agglomeration,intersection,meteo,collision,catr,circ,nbv,vosp,prof,plan,surf,infra,situ,vma,nb_vehicules,nb_usagers,nb_indemnes,nb_tues,nb_blesses_hosp,nb_blesses_legers,age_cond_1,age_cond_2,veh_type_cond_1,veh_type_cond_2,lum_code,agg_code,int_code,atm_code,col_code
201900000918,2019-09-20 14:11:00,2019,9,20,14,11,92,92048,N118,48.7956,2.2179,Plein jour,Hors agglomération,Hors intersection,Normale,Deux véhicules - côté,2,1,3,0,1,1,1,0,1,90,2,2,1,0,0,1,27.0,23.0,voiture,voiture,1,1,1,1,3
201900000919,2019-09-20 07:30:00,2019,9,20,7,30,78,78490,RN12 EXT,48.801606,1.948239,Plein jour,Hors agglomération,Hors intersection,Normale,Trois véhicules et plus - en chaîne,2,1,2,0,1,1,1,0,2,90,3,3,2,0,0,1,35.0,41.0,utilitaire_camion,deux_roues,1,1,1,1,4
201900000920,2019-08-08 18:20:00,2019,8,8,18,20,46,46209,D12,44.853876,1.405327,Plein jour,Hors agglomération,Hors intersection,Normale,Deux véhicules - côté,3,2,2,0,1,2,1,0,1,80,2,4,3,0,0,1,47.0,67.0,voiture,voiture,1,1,1,1,3
201900000921,2019-12-11 17:50:00,2019,12,11,17,50,57,57463,PAIXHANS (BOULEVARD ),49.12225,6.18272,Nuit avec éclairage allumé,En agglomération,Hors intersection,Pluie légère,Autre collision,4,3,-1,-1,1,1,-1,0,-1,-1,1,2,1,0,1,0,30.0,,deux_roues,,5,2,1,2,6
201900000922,2019-04-12 20:38:00,2019,4,12,20,38,38,38544,CD 41,45.5265,4.8818,Nuit avec éclairage allumé,Hors agglomération,Intersection en Y,Normale,Deux véhicules - frontale,3,4,3,0,1,1,1,5,1,70,2,4,2,0,0,2,49.0,20.0,voiture,voiture,5,1,4,1,1
201900000923,2019-09-10 07:30:00,2019,9,10,7,30,93,93005,JULES PRINCET [CD115] (RUE),48.935345,2.493138,Plein jour,En agglomération,Autre intersection,Normale,Deux véhicules - côté,3,2,2,0,1,1,1,0,1,50,2,2,1,0,0,1,42.0,26.0,voiture,deux_roues,1,2,9,1,3
201900000924,2019-08-14 08:45:00,2019,8,14,8,45,93,93005,JEAN MONET (CARREFOUR),48.9540606,2.5090767,Plein jour,Hors agglomération,Hors intersection,Normale,Trois véhicules et plus - en chaîne,3,1,2,0,1,1,1,0,1,90,4,4,3,0,0,1,49.0,21.0,utilitaire_camion,voiture,1,1,1,1,4
201900000925,2019-12-21 17:55:00,2019,12,21,17,55,14,14366,HENRY CHERON (RUE),49.1460673,0.2276082,Nuit avec éclairage allumé,En agglomération,Hors intersection,Pluie légère,Deux véhicules - côté,4,2,2,0,2,1,2,0,1,30,2,2,1,0,0,1,30.0,14.0,voiture,deux_roues,5,2,1,2,3
201900000926,2019-09-01 07:00:00,2019,9,1,7,0,75,75110,BOULEVARD DE STRASBOURG,48.873456,2.356632,Nuit avec éclairage allumé,En agglomération,Hors intersection,Normale,Autre collision,4,1,5,0,1,1,1,0,1,50,1,1,0,0,0,1,47.0,,deux_roues,,5,2,1,1,6
201900000927,2019-12-12 07:25:00,2019,12,12,7,25,35,35333,D173,47.915456,-1.409644,Nuit sans éclairage public,Hors agglomération,Hors intersection,Pluie légère,Autre collision,3,3,4,0,1,1,2,0,1,110,1,1,0,0,1,0,54.0,,voiture,,3,1,1,2,6
201900000928,2019-08-10 09:16:00,2019,8,10,9,16,36,36044,177 AVENUE D'ARGENTON,46.7981793,1.6683742,Plein jour,Hors agglomération,Hors intersection,Normale,Autre collision,4,2,-1,-1,1,1,1,0,4,50,1,1,0,0,0,1,20.0,,deux_roues,,1,1,1,1,6
201900000929,2019-12-21 15:45:00,2019,12,21,15,45,84,84141,Rue Rainoardi,43.9731305,4.9045101,Plein jour,En agglomération,Intersection en T,Normale,Deux véhicules - côté,9,2,2,0,1,1,1,0,1,70,2,3,2,1,0,0,65.0,21.0,utilitaire_camion,deux_roues,1,2,3,1,3
201900000930,2019-03-18 16:00:00,2019,3,18,16,0,36,36127,AVENUE DE VERDUN,46.5990537,1.9767179,Plein jour,Hors agglomération,Hors intersection,Temps couvert,Deux véhicules - côté,3,2,2,-1,1,1,1,0,1,70,2,2,1,0,0,1,23.0,42.0,voiture,voiture,1,1,1,8,3
201900000931,2019-11-13 12:30:00,2019,11,13,12,30,1,01004,8 Allee Alfred Rocheray,45.959097,5.34457,Plein jour,En agglomération,Intersection en T,Temps éblouissant,Autre collision,4,2,2,0,1,2,1,0,1,50,1,2,1,0,1,0,46.0,,voiture,,1,2,3,7,6
201900000932,2019-04-14 15:35:00,2019,4,14,15,35,1,01089,D77,45.97679,5.325099,Plein jour,Hors agglomération,Hors intersection,Normale,Deux véhicules - arrière,3,2,2,0,1,2,1,0,1,80,2,2,1,0,1,0,21.0,23.0,voiture,deux_roues,1,1,1,1,2
201900000933,2019-12-22 17:45:00,2019,12,22,17,45,91,91600,2 Rue de l'Eglise,48.645734,2.450509,Nuit sans éclairage public,En agglomération,Autre intersection,Pluie légère,Deux véhicules - frontale,3,1,1,0,1,1,2,0,1,50,2,3,1,0,2,0,18.0,,voiture,,3,2,9,2,1
201900000934,2019-12-01 05:20:00,2019,12,1,5,20,13,13088,d568,43.360124,5.247685,Nuit sans éclairage public,Hors agglomération,Hors intersection,Pluie forte,Autre collision,3,2,2,0,2,2,2,0,3,80,1,3,0,0,3,0,21.0,,voiture,,3,1,1,3,6
201900000935,2019-10-08 17:30:00,2019,10,8,17,30,75,75115,PLACE ALFRED DREYFUS,48.846907,2.2931024,Plein jour,En agglomération,Intersection en Y,Pluie légère,Sans collision,4,2,2,0,1,1,2,0,1,50,1,1,0,0,0,1,26.0,,deux_roues,,1,2,4,2,7
201900000936,2019-01-29 15:30:00,2019,1,29,15,30,92,92078,GALLIENI (BD) (154 ET 214),48.932763,2.332525,Plein jour,En agglomération,Autre intersection,Normale,Autre collision,3,2,4,0,1,1,1,0,1,30,1,2,1,0,0,1,40.0,,voiture,,1,2,9,1,6
201900000937,2019-12-26 08:10:00,2019,12,26,8,10,21,21056,A31 PR 54+500,47.407801,5.180529,Crépuscule ou aube,Hors agglomération,Hors intersection,Normale,Sans collision,1,3,3,0,1,1,2,0,1,130,1,1,0,0,0,1,55.0,,voiture,,2,1,1,1,7
201900000938,2019-12-19 13:10:00,2019,12,19,13,10,21,21449,A6,47.40443,4.3482,Plein jour,Hors agglomération,Hors intersection,Normale,Sans collision,1,3,4,0,1,1,1,0,1,130,1,1,0,0,0,1,42.0,,utilitaire_camion,,1,1,1,1,7
201900000939,2019-12-30 08:45:00,2019,12,30,8,45,90,90071,D34,47.59926,7.005127,Plein jour,Hors agglomération,Hors intersection,Normale,Autre collision,3,2,2,0,2,1,1,0,3,80,1,1,0,0,1,0,22.0,,voiture,,1,1,1,1,6
201900000940,2019-12-09 07:00:00,2019,12,9,7,0,21,21390,89 Route de Beaune,47.268598,5.00017,Crépuscule ou aube,En agglomération,Intersection en X,Pluie légère,Deux véhicules - côté,3,3,4,0,1,1,2,5,1,-1,2,4,2,0,1,1,45.0,46.0,voiture,voiture,2,2,2,2,3
201900000941,2019-12-23 11:09:00,2019,12,23,11,9,21,21021,92 Route Nationale,47.348096,5.181032,Plein jour,En agglomération,Intersection en X,Normale,Deux véhicules - côté,3,2,3,0,1,1,2,5,1,50,2,3,2,0,1,0,43.0,80.0,voiture,voiture,1,2,2,1,3
201900000942,2019-08-08 03:20:00,2019,8,8,3,20,92,92078,CHARLES DE GAULLE (PLACE),48.940389,2.323682,Nuit avec éclairage allumé,Hors agglomération,Autre intersection,Normale,Autre collision,3,3,-1,-1,1,3,1,0,1,-1,1,1,0,0,0,1,,,,,5,1,9,1,6
201900000943,2019-08-02 01:25:00,2019,8,2,1,25,92,92078,CHARLES DE GAULLE (BD)(72 AU 308),48.942238,2.320405,Nuit avec éclairage allumé,En agglomération,Autre intersection,Normale,Autre collision,3,3,-1,-1,1,3,1,0,1,-1,1,1,0,0,0,1,,,,,5,2,9,1,6
201900000944,2019-07-23 01:20:00,2019,7,23,1,20,77,77420,rue pasteur,49.039121,2.70392,Nuit avec éclairage allumé,En agglomération,Hors intersection,Normale,Autre collision,6,-1,-1,3,1,3,1,0,3,50,1,3,0,0,1,2,19.0,,voiture,,5,2,1,1,6
201900000945,2019-12-20 07:35:00,2019,12,20,7,35,13,13051,Route de Saint-chamas,43.592795,5.118033,Crépuscule ou aube,En agglomération,Intersection en T,Pluie forte,Autre collision,3,2,2,0,1,1,2,1,8,50,2,2,1,0,0,1,42.0,24.0,voiture,voiture,2,2,3,3,6
201900000946,2019-12-28 05:15:00,2019,12,28,5,15,13,13088,rn 568,43.366711,5.234677,Nuit sans éclairage public,Hors agglomération,Hors intersection,Normale,Autre collision,3,2,2,0,2,3,1,0,3,80,1,3,0,1,0,2,19.0,,voiture,,3,1,1,1,6
201900000947,2019-08-20 01:45:00,2019,8,20,1,45,971,97121,Mahault,16.19198,-61.777968,Nuit sans éclairage public,Hors agglomération,Hors intersection,Normale,Sans collision,2,2,2,0,-1,2,1,0,8,70,1,1,0,0,1,0,32.0,,voiture,,3,1,1,1,7
201900000948,2019-09-26 13:05:00,2019,9,26,13,5,50,50407,A84,48.618534,-1.334778,Plein jour,Hors agglomération,Hors intersection,Pluie forte,Deux véhicules - arrière,1,2,2,0,1,1,2,8,1,70,2,3,1,0,0,2,40.0,43.0,voiture,utilitaire_camion,1,1,1,3,2
201900000949,2019-11-27 06:05:00,2019,11,27,6,5,92,92026,PRÉSIDENT PAUL DOUMER (QUAI DU),48.8915815,2.2582912,Nuit avec éclairage allumé,En agglomération,Hors intersection,Pluie légère,Deux véhicules - arrière,4,3,5,0,1,1,2,0,1,50,2,2,1,0,0,1,28.0,33.0,voiture,deux_roues,5,2,1,2,2
201900000950,2019-10-15 14:00:00,2019,10,15,14,0,92,92026,VERDUN (DE 62 A FIN),48.90304,2.25819,Plein jour,En agglomération,Intersection en Y,Normale,Deux véhicules - côté,3,2,4,0,1,1,1,0,1,50,2,2,1,0,0,1,22.0,37.0,deux_roues,utilitaire_camion,1,2,4,1,3
201900000951,2019-09-22 14:15:00,2019,9,22,14,15,36,36018,INTERSECTION QUAI AUBEPIN-QUAI ANDRE LIESSE,46.6298963,1.0618735,Plein jour,En agglomération,Intersection en T,Normale,Deux véhicules - frontale,3,2,2,-1,2,2,1,0,1,50,2,2,1,0,0,1,21.0,34.0,voiture,utilitaire_camion,1,2,3,1,1
201900000952,2019-11-03 23:13:00,2019,11,3,23,13,94,94060,GENERAL DE GAULLE (R DU),48.78079,2.57385,Nuit avec éclairage allumé,En agglomération,Hors intersection,Pluie légère,Deux véhicules - arrière,3,2,4,0,1,1,2,0,1,50,2,2,1,0,0,1,19.0,45.0,voiture,voiture,5,2,1,2,2
201900000953,2019-10-14 09:30:00,2019,10,14,9,30,92,92051,MAILLOT (BOULEVARD),48.87825,2.27622,Plein jour,En agglomération,Hors intersection,Normale,Deux véhicules - côté,4,2,2,0,1,1,1,0,1,50,2,2,1,1,0,0,58.0,30.0,utilitaire_camion,deux_roues,1,2,1,1,3
201900000954,2019-12-31 22:55:00,2019,12,31,22,55,92,92051,"BINEAU (BOULEVARD, N°53 A 131 ET 52 A 13",48.888902,2.273988,Nuit avec éclairage allumé,En agglomération,Hors intersection,Normale,Sans collision,3,2,4,0,1,2,1,0,1,50,1,1,0,1,0,0,38.0,,deux_roues,,5,2,1,1,7
201900000955,2019-12-05 08:00:00,2019,12,5,8,0,972,97213,ACAJOU PROLONGEE,14.62915,-61.01568,Plein jour,En agglomération,Intersection en T,Normale,Autre collision,3,-1,1,0,2,3,1,0,1,50,2,4,1,0,0,3,56.0,,voiture,,1,2,3,1,6
201900000956,2019-01-27 06:10:00,2019,1,27,6,10,92,92024,114 CLICHY (QUAI DE)/ GENERAL LECLERC (BD DU),48.9106563,2.3058111,Nuit avec éclairage allumé,En agglomération,Intersection en X,Normale,Autre collision,3,3,-1,-1,1,3,1,5,1,-1,1,1,0,1,0,0,34.0,,deux_roues,,5,2,2,1,6
201900000957,2019-05-12 14:30:00,2019,5,12,14,30,85,85224,Rue André Charles Boulle,47.02472,-1.34549,Plein jour,Hors agglomération,Hors intersection,Normale,Deux véhicules - côté,4,2,2,0,1,1,1,0,8,50,2,2,0,0,0,2,22.0,17.0,autre,autre,1,1,1,1,3
201900000958,2019-12-01 20:45:00,2019,12,1,20,45,92,92026,VERDUN (DE 01 A 61),48.898989,2.262145,Nuit avec éclairage allumé,En agglomération,Hors intersection,Normale,Deux véhicules - arrière,3,2,2,0,1,1,1,0,1,50,2,2,1,0,0,1,38.0,18.0,voiture,deux_roues,5,2,1,1,2
201900000959,2019-06-30 19:40:00,2019,6,30,19,40,78,78640,N118,48.774163,2.223534,Crépuscule ou aube,Hors agglomération,Hors intersection,Normale,Deux véhicules - arrière,2,3,2,0,1,1,1,0,1,90,2,3,2,0,0,1,57.0,64.0,voiture,utilitaire_camion,2,1,1,1,2
201900000960,2019-12-15 02:43:00,2019,12,15,2,43,94,94018,PARIS (R DE),48.82512,2.40823,Nuit avec éclairage allumé,En agglomération,Hors intersection,Pluie légère,Autre collision,3,-1,2,0,1,1,2,0,1,30,1,2,1,0,0,1,31.0,,utilitaire_camion,,5,2,1,2,6
201900000961,2019-02-10 20:50:00,2019,2,10,20,50,93,93046,CONSUL GENERAL NORDLING AVENUE,48.91786,2.53533,Nuit avec éclairage allumé,En agglomération,Hors intersection,Autre,Trois véhicules et plus - collisions multiples,3,1,4,0,1,1,2,0,1,50,3,5,4,0,0,1,25.0,36.0,voiture,voiture,5,2,1,9,5
201900000962,2019-12-10 18:30:00,2019,12,10,18,30,63,63113,BRUYANT (RUE CHARLES),45.764359,3.08283,Nuit avec éclairage allumé,En agglomération,Intersection en X,Normale,Autre collision,4,2,2,0,1,1,1,0,1,50,1,2,1,0,1,0,63.0,,voiture,,5,2,2,1,6
201900000963,2019-06-08 22:50:00,2019,6,8,22,50,91,91461,Route de Limours,48.60092,2.229967,Nuit avec éclairage allumé,En agglomération,Intersection en X,Normale,Deux véhicules - frontale,3,2,2,0,1,1,1,5,1,50,2,2,1,1,0,0,65.0,18.0,voiture,voiture,5,2,2,1,1
201900000964,2019-09-06 16:00:00,2019,9,6,16,0,94,94060,MARMOUSETS (CHE DES),48.77221,2.58607,Plein jour,En agglomération,Hors intersection,Normale,Autre collision,6,1,1,0,1,1,1,0,8,20,1,1,0,0,0,1,23.0,,deux_roues,,1,2,1,1,6
201900000965,2019-12-20 20:50:00,2019,12,20,20,50,94,94041,PIERRE SEMARD (AV),48.8191,2.3806,Nuit avec éclairage allumé,En agglomération,Hors intersection,Pluie légère,Autre collision,3,2,2,0,1,1,2,0,1,50,1,1,0,0,0,1,17.0,,deux_roues,,5,2,1,2,6
201900000966,2019-03-20 10:05:00,2019,3,20,10,5,46,46232,Avenue Augustin GARCIA,44.995661,1.645722,Plein jour,En agglomération,Intersection en T,Normale,Deux véhicules - côté,3,2,2,0,1,1,1,0,1,50,2,2,1,0,0,1,18.0,39.0,deux_roues,voiture,1,2,3,1,3
201900000967,2019-01-24 08:05:00,2019,1,24,8,5,94,94017,GEORGES DIMITROV (R),48.813649,2.51016,Plein jour,En agglomération,Intersection en X,Normale,Autre collision,3,1,1,0,2,1,1,5,1,50,1,2,1,0,0,1,21.0,,utilitaire_camion,,1,2,2,1,6
201900000968,2019-02-13 19:00:00,2019,2,13,19,0,94,94033,ROGER SALENGRO (R),48.85059,2.48827,Nuit avec éclairage allumé,En agglomération,Hors intersection,Normale,Autre collision,4,2,2,0,1,1,1,8,1,50,1,2,1,0,0,1,62.0,,voiture,,5,2,1,1,6
201900000969,2019-02-06 20:00:00,2019,2,6,20,0,94,94022,BABEUF (R),48.75925,2.40608,Nuit avec éclairage allumé,En agglomération,Hors intersection,Pluie légère,Deux véhicules - côté,4,2,2,0,1,1,2,0,1,50,2,2,1,0,0,1,23.0,66.0,deux_roues,voiture,5,2,1,2,3
201900000970,2019-02-04 08:30:00,2019,2,4,8,30,94,94058,GENERAL DE GAULLE (AV DU),48.8391,2.50854,Plein jour,En agglomération,Intersection en X,Normale,Autre collision,3,2,2,0,1,1,1,0,1,50,1,3,2,0,0,1,74.0,,voiture,,1,2,2,1,6
201900000971,2019-02-01 08:20:00,2019,2,1,8,20,94,94019,FUSILLES DE CHATEAUBRIAND (R DES),48.7993,2.5418,Plein jour,En agglomération,Hors intersection,Normale,Autre collision,4,2,1,0,1,1,2,0,1,50,1,3,2,0,0,1,41.0,,voiture,,1,2,1,1,6
201900000972,2019-01-22 13:20:00,2019,1,22,13,20,94,94017,REPUBLIQUE (AV DE LA),48.82481,2.50999,Plein jour,En agglomération,Hors intersection,Neige / grêle,Autre collision,3,2,0,0,2,1,5,0,1,50,1,2,1,0,0,1,40.0,,voiture,,1,2,1,4,6
201900000973,2019-01-09 19:30:00,2019,1,9,19,30,94,94054,CHARLES TILLON (route),48.74425,2.38636,Nuit avec éclairage allumé,En agglomération,Hors intersection,Normale,Deux véhicules - côté,3,2,2,0,1,1,2,0,1,50,2,2,1,0,0,1,20.0,22.0,voiture,deux_roues,5,2,1,1,3
201900000974,2019-11-25 18:45:00,2019,11,25,18,45,85,85194,RUE GEORGES CLEMENCEAU ,46.50338,-1.74358,Nuit avec éclairage allumé,En agglomération,Hors intersection,Pluie légère,Deux véhicules - côté,4,2,2,-1,1,1,2,0,1,50,2,2,1,0,1,0,20.0,45.0,deux_roues,voiture,5,2,1,2,3
201900000975,2019-12-05 10:50:00,2019,12,5,10,50,84,84007,PIERRE SEMARD (avenue),43.93735,4.82426,Plein jour,En agglomération,Hors intersection,Normale,Deux véhicules - côté,4,2,4,1,1,1,1,0,1,50,2,2,1,0,1,0,67.0,51.0,voiture,deux_roues,1,2,1,1,3
201900000976,2019-06-05 14:15:00,2019,6,5,14,15,69,69266,11 NOVEMBRE 1918    (Boulevard du),45.7788653,4.8671097,Plein jour,En agglomération,Hors intersection,Normale,Deux véhicules - arrière,4,1,1,0,1,1,1,0,1,50,2,2,1,0,0,1,18.0,36.0,deux_roues,autre,1,2,1,1,2
201900000977,2019-03-04 01:45:00,2019,3,4,1,45,92,92078,FOSSE ASTRES (RUE) (IMPAIRS>J MOULIN),48.940608,2.331542,Nuit avec éclairage allumé,En agglomération,Autre intersection,Normale,Autre collision,4,2,-1,-1,1,1,1,0,1,-1,1,1,0,0,0,1,33.0,,deux_roues,,5,2,9,1,6
201900000978,2019-01-04 19:35:00,2019,1,4,19,35,94,94073,ALOUETTES (R DES),48.75276,2.37753,Nuit avec éclairage allumé,En agglomération,Hors intersection,Normale,Autre collision,4,2,2,0,1,1,1,9,1,50,1,2,1,0,0,1,39.0,,voiture,,5,2,1,1,6
201900000979,2019-01-02 17:00:00,2019,1,2,17,0,94,94079,GENERAL DE GAULLE (R DU),48.82847,2.55887,Plein jour,En agglomération,Giratoire,Normale,Autre collision,4,3,2,0,1,1,1,0,1,50,1,1,0,0,0,1,83.0,,voiture,,1,2,6,1,6
201900000980,2019-01-04 10:35:00,2019,1,4,10,35,94,94021,GENERAL DE GAULLE (AV DU),48.77187,2.34419,Plein jour,En agglomération,Hors intersection,Normale,Autre collision,4,2,2,0,1,1,1,9,2,50,1,2,1,0,0,1,44.0,,voiture,,1,2,1,1,6
201900000981,2019-01-03 18:30:00,2019,1,3,18,30,94,94046,GENERAL LECLERC (AV DU),48.8045762,2.4430833,Nuit avec éclairage allumé,En agglomération,Hors intersection,Normale,Deux véhicules - côté,3,1,1,0,1,1,1,0,1,50,2,2,1,0,0,1,45.0,18.0,voiture,deux_roues,5,2,1,1,3
201900000982,2019-01-03 15:40:00,2019,1,3,15,40,94,94003,ARISTIDE BRIAND (AV),48.8090688,2.3266315,Plein jour,En agglomération,Autre intersection,Normale,Deux véhicules - côté,3,3,8,0,1,1,1,0,1,50,2,3,2,0,0,1,44.0,26.0,utilitaire_camion,voiture,1,2,9,1,3
201900000983,2019-10-30 19:00:00,2019,10,30,19,0,2,02013,Ferme de Fleuricourt,49.520266,3.913348,Nuit sans éclairage public,Hors agglomération,Hors intersection,Normale,Deux véhicules - frontale,3,2,2,0,1,1,1,0,1,80,2,4,1,0,1,2,50.0,21.0,utilitaire_camion,voiture,3,1,1,1,1
201900000984,2019-12-31 08:30:00,2019,12,31,8,30,13,13205,ABBÉ FERAUD (RUE),43.2851471,5.3908417,Plein jour,En agglomération,Hors intersection,Normale,Trois véhicules et plus - collisions multiples,7,1,2,0,2,1,1,0,1,50,3,3,2,0,0,1,55.0,30.0,utilitaire_camion,voiture,1,2,1,1,5
201900000985,2019-12-07 18:24:00,2019,12,7,18,24,67,67389,Autoroute A.4,48.64463,7.73244,Nuit sans éclairage public,Hors agglomération,Hors intersection,Temps couvert,Deux véhicules - arrière,1,3,3,0,1,1,2,0,1,90,2,2,1,0,0,1,21.0,21.0,voiture,voiture,3,1,1,8,2
201900000986,2019-11-26 10:30:00,2019,11,26,10,30,6,06088,Rond point dit de l'aéropostale,43.663472,7.200611,Plein jour,En agglomération,Giratoire,Normale,Autre collision,4,2,2,0,1,1,1,0,3,50,1,2,1,1,0,0,72.0,,voiture,,1,2,6,1,6
201900000987,2019-01-01 17:50:00,2019,1,1,17,50,59,59009,ROUTE NATIONALE 227,50.6407147,3.1439835,Nuit sans éclairage public,Hors agglomération,Hors intersection,Normale,Trois véhicules et plus - en chaîne,2,3,4,0,1,1,1,0,1,90,5,6,4,1,1,0,22.0,20.0,voiture,voiture,3,1,1,1,4
201900000988,2019-12-06 21:30:00,2019,12,6,21,30,83,83137,"1643, avenue Joseph Gasquet",43.122359,5.972445,Nuit avec éclairage allumé,En agglomération,Hors intersection,Normale,Autre collision,3,2,2,0,1,1,1,0,1,50,2,1,0,1,0,0,60.0,,deux_roues,,5,2,1,1,6
201900000989,2019-12-15 06:10:00,2019,12,15,6,10,38,38185,LIBERATION (COURS DE LA)  (58-65 A 104-1,45.17446,5.71445,Nuit avec éclairage allumé,En agglomération,Intersection à plus de 4 branches,Normale,Deux véhicules - côté,3,2,4,3,1,1,2,4,6,50,2,2,0,0,1,1,23.0,47.0,voiture,transport_commun,5,2,5,1,3
201900000990,2019-12-24 09:00:00,2019,12,24,9,0,85,85194,AVENUE CARNOT,46.49753,-1.7825,Plein jour,En agglomération,Giratoire,Normale,Autre collision,4,1,1,-1,1,3,1,5,1,50,1,2,1,0,1,0,86.0,,voiture,,1,2,6,1,6
201900000991,2019-10-13 12:10:00,2019,10,13,12,10,63,63113,AURIOL (BOULEVARD VINCENT),45.7928399,3.1198883,Plein jour,En agglomération,Intersection en T,Normale,Trois véhicules et plus - collisions multiples,7,2,2,0,1,1,1,0,3,50,3,3,2,0,0,1,71.0,26.0,voiture,deux_roues,1,2,3,1,5
201900000992,2019-12-21 08:15:00,2019,12,21,8,15,38,38185,,45.18222,5.70284,Plein jour,Hors agglomération,Hors intersection,Normale,Autre collision,1,-1,-1,-1,3,2,1,3,1,-1,1,1,0,1,0,0,43.0,,utilitaire_camion,,1,1,1,1,6
201900000993,2019-12-28 06:24:00,2019,12,28,6,24,95,95539,GENERAL DE GAULLE (AVENUE DU),48.99164,2.36021,Nuit avec éclairage allumé,En agglomération,Autre intersection,Normale,Deux véhicules - arrière,3,3,2,0,1,1,1,9,1,90,2,2,0,0,0,2,50.0,23.0,utilitaire_camion,voiture,5,2,9,1,2
201900000994,2019-12-26 20:30:00,2019,12,26,20,30,95,95127,MERVEILLES (BOULEVARD DES),49.05106,2.00709,Nuit avec éclairage allumé,En agglomération,Hors intersection,Pluie forte,Autre collision,4,1,2,0,1,1,2,0,1,50,1,1,0,0,0,1,,,,,5,2,1,3,6
201900000995,2019-12-23 22:07:00,2019,12,23,22,7,95,95572,FOND DE VAUX (AVENUE DU),49.03767,2.08522,Nuit sans éclairage public,En agglomération,Hors intersection,Normale,Deux véhicules - frontale,4,2,3,0,1,1,1,5,1,50,2,2,1,0,0,1,19.0,66.0,voiture,voiture,3,2,1,1,1
201900000996,2019-02-17 20:30:00,2019,2,17,20,30,34,34020,D10,43.33218,2.736525,Nuit sans éclairage public,Hors agglomération,Hors intersection,Normale,Autre collision,2,2,2,0,2,3,1,0,3,80,1,3,2,0,1,0,40.0,,voiture,,3,1,1,1,6
201900000997,2019-02-17 17:00:00,2019,2,17,17,0,83,83107,Col du bougnon,43.389502,6.676596,Plein jour,Hors agglomération,Hors intersection,Normale,Deux véhicules - côté,3,2,2,0,2,1,1,0,1,90,2,2,1,0,1,0,52.0,60.0,deux_roues,voiture,1,1,1,1,3
201900000998,2019-02-11 17:00:00,2019,2,11,17,0,6,06157,"rond-point de l'Ara, boulevard Emmanuel Maurel",43.720375,7.10742,Plein jour,En agglomération,Giratoire,Temps éblouissant,Autre collision,7,2,2,0,1,1,1,0,8,50,1,2,1,0,1,0,20.0,,voiture,,1,2,6,7,6
201900000999,2019-02-13 18:10:00,2019,2,13,18,10,4,04242, RD 4096 / CH DU PATRE,43.912165,5.884577,Plein jour,Hors agglomération,Intersection en T,Normale,Trois véhicules et plus - en chaîne,3,2,2,0,2,1,1,0,1,80,3,3,1,0,0,2,56.0,41.0,voiture,voiture,1,1,3,1,4
201900001000,2019-02-16 08:10:00,2019,2,16,8,10,13,13072,CD 6,43.462967,5.612687,Plein jour,Hors agglomération,Hors intersection,Normale,Autre collision,3,3,2,0,1,1,1,0,1,80,1,2,1,1,0,0,43.0,,voiture,,1,1,1,1,6
201900001001,2019-02-17 20:30:00,2019,2,17,20,30,71,71250,rd 82,46.366841,4.801631,Nuit sans éclairage public,Hors agglomération,Hors intersection,Normale,Sans collision,3,2,2,0,2,1,1,0,1,80,1,2,1,0,0,1,19.0,,voiture,,3,1,1,1,7
201900001002,2019-02-17 16:45:00,2019,2,17,16,45,10,10210,D5,48.384797,4.22059,Plein jour,Hors agglomération,Hors intersection,Normale,Autre collision,3,2,2,0,1,1,1,0,1,80,1,1,0,1,0,0,49.0,,deux_roues,,1,1,1,1,6
201900001003,2019-02-14 13:36:00,2019,2,14,13,36,67,67433,croisement D282 et D124,48.377278,7.619137,Plein jour,Hors agglomération,Intersection en Y,Temps éblouissant,Deux véhicules - côté,3,2,2,0,1,2,1,5,1,-1,2,2,1,0,1,0,62.0,69.0,deux_roues,voiture,1,1,4,7,3
201900001004,2019-02-16 19:20:00,2019,2,16,19,20,88,88196,10 Boulevard des xettes,48.072809,6.870077,Nuit avec éclairage allumé,En agglomération,Hors intersection,Normale,Autre collision,3,2,2,0,1,1,1,9,1,50,1,2,1,1,0,0,26.0,,voiture,,5,2,1,1,6
201900001005,2019-02-15 18:45:00,2019,2,15,18,45,3,03253,Les Abeaupins,46.4861894,3.6802953,Nuit sans éclairage public,Hors agglomération,Hors intersection,Normale,Sans collision,4,2,2,0,1,3,1,0,3,90,1,1,0,0,1,0,28.0,,deux_roues,,3,1,1,1,7
201900001006,2019-02-16 08:40:00,2019,2,16,8,40,74,74153,route de Lucinges,46.190912,6.318078,Crépuscule ou aube,En agglomération,Hors intersection,Normale,Autre collision,3,2,2,0,2,2,1,0,1,50,1,2,1,1,0,0,33.0,,voiture,,2,2,1,1,6
201900001007,2019-02-15 09:00:00,2019,2,15,9,0,42,42147,"18, Boulevard LACHEZE",45.604922,4.065599,Plein jour,En agglomération,Hors intersection,Temps éblouissant,Autre collision,3,2,2,0,1,1,1,0,1,50,1,2,1,0,1,0,73.0,,autre,,1,2,1,7,6