accident_id,datetime,annee,mois,jour,heure,minute,departement,commune_insee,adresse,latitude,longitude,luminosite,agglomeration,intersection,meteo,collision,catr,circ,nbv,vosp,prof,plan,surf,infra,situ,vma,nb_vehicules,nb_usagers,nb_indemnes,nb_tues,nb_blesses_hosp,nb_blesses_legers,age_cond_1,age_cond_2,veh_type_cond_1,veh_type_cond_2,lum_code,agg_code,int_code,atm_code,col_code
201900001279,2019-05-16 15:20:00,2019,5,16,15,20,33,33096,AUTOROUTE A 10,44.89353,-0.49946,Plein jour,Hors agglomération,Hors intersection,Normale,Deux véhicules - arrière,1,3,7,0,1,1,1,0,1,90,2,2,1,1,0,0,55.0,28.0,utilitaire_camion,utilitaire_camion,1,1,1,1,2
201900001280,2019-05-14 11:10:00,2019,5,14,11,10,33,33096,AUTOROUTE A 10,44.90071,-0.49432,Plein jour,Hors agglomération,Hors intersection,Normale,Deux véhicules - arrière,1,3,6,0,1,1,1,0,1,110,2,2,1,0,0,1,58.0,72.0,utilitaire_camion,voiture,1,1,1,1,2
201900001281,2019-05-14 08:10:00,2019,5,14,8,10,33,33039,ROCADE A 630,44.78991,-0.54081,Plein jour,Hors agglomération,Hors intersection,Normale,Autre collision,1,3,8,0,1,1,1,0,1,90,1,1,0,0,0,1,28.0,,deux_roues,,1,1,1,1,6
201900001282,2019-05-13 08:50:00,2019,5,13,8,50,33,33550,ROCADE A 630,44.77962,-0.54976,Plein jour,Hors agglomération,Hors intersection,Normale,Deux véhicules - arrière,1,3,6,0,1,1,1,0,1,90,2,2,1,0,0,1,33.0,38.0,voiture,deux_roues,1,1,1,1,2
201900001283,2019-05-11 02:20:00,2019,5,11,2,20,33,33281,ROCADE A 630,44.81934,-0.67376,Nuit sans éclairage public,Hors agglomération,Hors intersection,Normale,Autre collision,1,3,6,0,1,1,1,3,1,90,1,3,2,0,0,1,30.0,,voiture,,3,1,1,1,6
201900001284,2019-05-10 17:36:00,2019,5,10,17,36,33,33162,ROCADE A 630,44.8781,-0.63019,Plein jour,Hors agglomération,Hors intersection,Normale,Trois véhicules et plus - en chaîne,1,3,6,0,1,1,1,0,1,90,4,4,2,0,0,2,32.0,30.0,voiture,utilitaire_camion,1,1,1,1,4
201900001285,2019-05-10 16:25:00,2019,5,10,16,25,33,33013,ROUTE NATIONALE 230,44.84554,-0.50209,Plein jour,Hors agglomération,Hors intersection,Normale,Trois véhicules et plus - collisions multiples,2,3,6,0,1,1,1,0,1,90,4,5,4,0,0,1,34.0,40.0,voiture,utilitaire_camion,1,1,1,1,5
201900001286,2019-05-04 22:45:00,2019,5,4,22,45,33,33080,AUTOROUTE A 62,44.73538,-0.53271,Nuit sans éclairage public,Hors agglomération,Hors intersection,Normale,Autre collision,1,3,4,0,1,1,1,0,1,130,1,1,0,0,0,1,22.0,,voiture,,3,1,1,1,6
201900001287,2019-05-03 07:50:00,2019,5,3,7,50,33,33075,ROCADE A 630,44.8818,-0.62429,Plein jour,Hors agglomération,Hors intersection,Normale,Deux véhicules - côté,1,3,6,0,1,1,1,0,1,90,2,2,1,0,0,1,31.0,26.0,voiture,deux_roues,1,1,1,1,3
201900001288,2019-04-30 18:20:00,2019,4,30,18,20,33,33397,AUTOROUTE A 10,44.90826,-0.4904,Plein jour,Hors agglomération,Hors intersection,Normale,Trois véhicules et plus - collisions multiples,1,3,6,0,1,1,1,0,1,110,3,3,1,0,0,2,47.0,35.0,deux_roues,voiture,1,1,1,1,5
201900001289,2019-05-25 18:15:00,2019,5,25,18,15,59,59456,AUTOROUTE A 21,50.38278,3.21015,Plein jour,Hors agglomération,Hors intersection,Normale,Sans collision,1,3,4,0,1,3,1,0,1,90,1,2,1,0,1,0,35.0,,voiture,,1,1,1,1,7
201900001290,2019-05-20 23:30:00,2019,5,20,23,30,62,62393,AUTOROUTE A16,50.93363,1.99715,Nuit sans éclairage public,Hors agglomération,Hors intersection,Normale,Autre collision,1,3,4,0,1,1,1,0,1,110,1,2,1,1,0,0,26.0,,voiture,,3,1,1,1,6
201900001291,2019-05-15 13:30:00,2019,5,15,13,30,59,59665,AUTOROUTE A25,50.91142,2.48346,Plein jour,Hors agglomération,Hors intersection,Normale,Deux véhicules - arrière,1,3,4,0,1,1,1,0,1,110,2,2,1,0,1,0,70.0,54.0,voiture,utilitaire_camion,1,1,1,1,2
201900001292,2019-05-24 17:50:00,2019,5,24,17,50,59,59350,AUTOROUTE A25,50.62121,3.0281,Plein jour,Hors agglomération,Hors intersection,Normale,Sans collision,1,3,8,0,1,3,1,0,1,90,1,1,0,0,1,0,61.0,,deux_roues,,1,1,1,1,7
201900001293,2019-05-13 07:50:00,2019,5,13,7,50,62,62510,AUTOROUTE A21,50.43966,2.7733,Plein jour,Hors agglomération,Hors intersection,Normale,Autre collision,1,3,4,0,1,1,1,0,1,110,1,2,1,1,0,0,45.0,,utilitaire_camion,,1,1,1,1,6
201900001294,2019-05-09 13:55:00,2019,5,9,13,55,59,59449,AUTOROUTE A23,50.46924,3.23176,Plein jour,Hors agglomération,Hors intersection,Normale,Autre collision,1,3,4,0,1,1,1,0,1,110,1,1,0,0,1,0,53.0,,voiture,,1,1,1,1,6
201900001295,2019-04-27 08:40:00,2019,4,27,8,40,59,59009,AUTOROUTE A22,50.64901,3.14326,Plein jour,Hors agglomération,Hors intersection,Normale,Sans collision,1,3,4,0,1,1,1,0,1,90,1,1,0,0,1,0,24.0,,voiture,,1,1,1,1,7
201900001296,2019-05-29 17:45:00,2019,5,29,17,45,91,91161,AUTOROUTE A126,48.71143,2.29447,Plein jour,Hors agglomération,Hors intersection,Normale,Trois véhicules et plus - en chaîne,1,2,2,0,1,1,1,0,1,90,3,5,2,0,3,0,55.0,33.0,utilitaire_camion,utilitaire_camion,1,1,1,1,4
201900001297,2019-05-29 09:10:00,2019,5,29,9,10,94,94038,AUTOROUTE A6A,48.77476,2.34607,Plein jour,Hors agglomération,Hors intersection,Normale,Trois véhicules et plus - collisions multiples,1,3,12,0,1,1,1,0,1,90,4,8,7,0,0,1,46.0,41.0,voiture,voiture,1,1,1,1,5
201900001298,2019-05-29 06:50:00,2019,5,29,6,50,91,91589,AUTOROUTE A6,48.669934,2.349293,Plein jour,Hors agglomération,Hors intersection,Normale,Deux véhicules - côté,1,3,6,0,2,3,1,0,1,110,2,2,1,0,0,1,47.0,48.0,voiture,deux_roues,1,1,1,1,3
201900001299,2019-05-28 16:50:00,2019,5,28,16,50,91,91432,AUTOROUTE A6,48.69094,2.32279,Plein jour,Hors agglomération,Hors intersection,Temps couvert,Deux véhicules - côté,1,3,6,0,1,1,1,0,1,110,2,2,1,0,0,1,26.0,32.0,deux_roues,voiture,1,1,1,8,3
201900001300,2019-05-28 15:00:00,2019,5,28,15,0,91,91689,AUTOROUTE A6B,48.74277,2.32104,Plein jour,Hors agglomération,Hors intersection,Normale,Trois véhicules et plus - collisions multiples,1,3,4,0,1,1,1,0,1,90,3,3,2,0,0,1,42.0,27.0,voiture,deux_roues,1,1,1,1,5
201900001301,2019-05-28 14:35:00,2019,5,28,14,35,92,92002,A6,48.73452,2.31618,Plein jour,Hors agglomération,Hors intersection,Pluie légère,Trois véhicules et plus - collisions multiples,1,3,6,0,1,1,1,0,1,110,3,3,2,0,0,1,65.0,63.0,voiture,deux_roues,1,1,1,2,5
201900001302,2019-05-28 01:30:00,2019,5,28,1,30,91,91659,AUTOROUTE A6,48.58861,2.44852,Nuit sans éclairage public,Hors agglomération,Hors intersection,Normale,Deux véhicules - arrière,1,3,6,0,1,1,1,0,1,130,2,2,1,0,0,1,47.0,43.0,utilitaire_camion,voiture,3,1,1,1,2
201900001303,2019-05-26 12:00:00,2019,5,26,12,0,91,91689,AUTOROUTE A6B,48.7492,2.3284,Plein jour,Hors agglomération,Hors intersection,Normale,Trois véhicules et plus - collisions multiples,1,3,3,0,4,1,1,0,3,90,4,5,4,0,0,1,36.0,44.0,voiture,voiture,1,1,1,1,5
201900001304,2019-05-26 06:30:00,2019,5,26,6,30,91,91286,AUTOROUTE A6,48.65532,2.37935,Plein jour,Hors agglomération,Hors intersection,Normale,Deux véhicules - arrière,1,3,7,0,1,1,1,0,3,70,2,6,1,0,0,5,36.0,49.0,voiture,voiture,1,1,1,1,2
201900001305,2019-05-26 01:28:00,2019,5,26,1,28,91,91661,AUTOROUTE A10,48.70334,2.24872,Nuit sans éclairage public,Hors agglomération,Hors intersection,Normale,Deux véhicules - frontale,1,1,2,0,1,1,1,0,3,130,2,2,0,1,0,1,53.0,24.0,voiture,voiture,3,1,1,1,1
201900001306,2019-05-25 13:15:00,2019,5,25,13,15,94,94065,AUTOROUTE A86,48.76525,2.34446,Plein jour,Hors agglomération,Hors intersection,Normale,Deux véhicules - côté,1,3,8,0,1,3,1,0,1,70,2,4,3,0,1,0,32.0,44.0,utilitaire_camion,utilitaire_camion,1,1,1,1,3
201900001307,2019-05-24 05:55:00,2019,5,24,5,55,91,91340,RN 104,48.612518,2.43129,Plein jour,Hors agglomération,Hors intersection,Normale,Deux véhicules - arrière,2,1,1,0,1,1,1,3,1,90,2,2,1,0,0,1,38.0,41.0,deux_roues,utilitaire_camion,1,1,1,1,2
201900001308,2019-05-24 03:10:00,2019,5,24,3,10,91,91086,RN 104,48.62307,2.38721,Nuit sans éclairage public,Hors agglomération,Hors intersection,Normale,Deux véhicules - arrière,1,1,2,0,1,1,1,0,1,110,2,2,0,0,0,2,54.0,78.0,utilitaire_camion,voiture,3,1,1,1,2
201900001309,2019-05-23 17:05:00,2019,5,23,17,5,94,94034,AUTOROUTE A86,48.75964,2.32108,Plein jour,Hors agglomération,Hors intersection,Normale,Deux véhicules - arrière,1,1,6,0,1,1,1,0,1,90,2,2,1,0,0,1,32.0,75.0,voiture,deux_roues,1,1,1,1,2
201900001310,2019-05-23 12:35:00,2019,5,23,12,35,94,94065,AUTOROUTE A86,48.7536222,2.3580963,Plein jour,Hors agglomération,Hors intersection,Normale,Deux véhicules - côté,1,3,4,0,1,1,1,0,1,70,2,2,1,0,0,1,33.0,36.0,voiture,utilitaire_camion,1,1,1,1,3
201900001311,2019-05-22 18:20:00,2019,5,22,18,20,91,91377,AUTOROUTE A10,48.721914,2.295598,Plein jour,Hors agglomération,Hors intersection,Normale,Deux véhicules - côté,1,3,12,0,1,1,1,0,1,110,2,2,1,0,0,1,30.0,37.0,deux_roues,utilitaire_camion,1,1,1,1,3
201900001312,2019-05-22 11:15:00,2019,5,22,11,15,94,94021,AUTOROUTE A6A,48.77013,2.34543,Plein jour,Hors agglomération,Hors intersection,Normale,Deux véhicules - côté,1,3,6,0,1,1,1,0,1,110,2,2,1,0,0,1,41.0,19.0,voiture,deux_roues,1,1,1,1,3
201900001313,2019-05-22 08:50:00,2019,5,22,8,50,94,94034,AUTOROUTE A6B,48.75247,2.33121,Plein jour,Hors agglomération,Hors intersection,Normale,Trois véhicules et plus - en chaîne,1,3,6,0,1,1,1,0,1,130,4,5,4,0,0,1,71.0,41.0,voiture,voiture,1,1,1,1,4
201900001314,2019-05-22 07:43:00,2019,5,22,7,43,92,92002,RN 385,48.7597903,2.2734189,Plein jour,Hors agglomération,Hors intersection,Normale,Deux véhicules - arrière,2,3,6,0,1,1,1,3,1,80,2,2,1,0,0,1,25.0,48.0,deux_roues,utilitaire_camion,1,1,1,1,2
201900001315,2019-05-21 18:20:00,2019,5,21,18,20,91,91477,AUTOROUTE A126,48.71664,2.26462,Plein jour,Hors agglomération,Hors intersection,Normale,Autre collision,1,3,6,0,1,1,1,3,1,130,3,4,3,0,0,1,32.0,25.0,voiture,voiture,1,1,1,1,6
201900001316,2019-05-21 15:20:00,2019,5,21,15,20,91,91216,AUTOROUTE A6,48.68265,2.32971,Plein jour,Hors agglomération,Hors intersection,Temps couvert,Deux véhicules - arrière,1,3,6,0,1,1,1,0,1,110,2,2,1,0,0,1,61.0,21.0,voiture,voiture,1,1,1,8,2
201900001317,2019-05-20 17:20:00,2019,5,20,17,20,91,91339,RN 104,48.63066,2.24982,Plein jour,Hors agglomération,Hors intersection,Normale,Deux véhicules - arrière,2,3,4,0,1,1,1,0,1,80,2,2,1,0,0,1,26.0,33.0,deux_roues,voiture,1,1,1,1,2
201900001318,2019-05-19 06:00:00,2019,5,19,6,0,77,77495,AUTOROUTE A5A,48.59354,2.62007,Plein jour,Hors agglomération,Autre intersection,Brouillard / fumée,Autre collision,1,3,4,0,1,3,2,3,1,110,1,1,0,0,0,1,40.0,,voiture,,1,1,9,5,6
201900001319,2019-05-18 18:45:00,2019,5,18,18,45,91,91645,RN 385 Extèrieure,48.759713,2.266645,Plein jour,Hors agglomération,Hors intersection,Temps couvert,Deux véhicules - côté,2,3,4,0,1,1,2,0,1,4,2,6,4,0,0,2,51.0,51.0,deux_roues,autre,1,1,1,8,3
201900001320,2019-05-18 18:20:00,2019,5,18,18,20,91,91161,AUTOROUTE A6,48.7127,2.3127,Plein jour,Hors agglomération,Hors intersection,Normale,Autre collision,1,3,6,0,1,1,1,0,1,110,1,4,0,0,0,4,40.0,,voiture,,1,1,1,1,6
201900001321,2019-05-18 09:29:00,2019,5,18,9,29,91,91216,AUTOROUTE A6,48.685771,2.32691,Plein jour,Hors agglomération,Hors intersection,Temps couvert,Deux véhicules - arrière,1,3,6,0,1,1,2,0,1,110,2,2,1,0,0,1,32.0,27.0,voiture,utilitaire_camion,1,1,1,8,2
201900001322,2019-05-18 06:30:00,2019,5,18,6,30,91,91161,AUTOROUTE A6,48.69694,2.31553,Crépuscule ou aube,Hors agglomération,Hors intersection,Pluie légère,Deux véhicules - arrière,1,3,6,0,1,1,2,0,1,110,2,7,5,0,0,2,51.0,22.0,voiture,voiture,2,1,1,2,2
201900001323,2019-05-17 10:30:00,2019,5,17,10,30,91,91216,AUTOROUTE A6,48.68404,2.32847,Plein jour,Hors agglomération,Hors intersection,Normale,Trois véhicules et plus - collisions multiples,1,1,3,0,1,1,1,0,1,90,3,3,2,0,0,1,32.0,33.0,utilitaire_camion,voiture,1,1,1,1,5
201900001324,2019-05-17 07:04:00,2019,5,17,7,4,94,94038,AUTOROUTE A6A,48.779,2.34664,Crépuscule ou aube,Hors agglomération,Hors intersection,Normale,Deux véhicules - arrière,1,1,6,0,1,1,1,0,1,130,2,2,0,0,0,2,45.0,32.0,utilitaire_camion,voiture,2,1,1,1,2
201900001325,2019-05-16 20:10:00,2019,5,16,20,10,94,94021,AUTOROUTE A6A,48.77135,2.34547,Plein jour,Hors agglomération,Hors intersection,Normale,Autre collision,1,3,6,0,1,1,1,0,1,90,2,2,1,0,0,1,44.0,20.0,deux_roues,voiture,1,1,1,1,6
201900001326,2019-05-16 17:35:00,2019,5,16,17,35,91,91689,AUTOROUTE A6B,48.74791,2.32631,Plein jour,Hors agglomération,Hors intersection,Normale,Trois véhicules et plus - collisions multiples,1,3,3,0,2,1,1,0,1,110,3,3,2,0,0,1,33.0,30.0,voiture,voiture,1,1,1,1,5
201900001327,2019-05-16 12:15:00,2019,5,16,12,15,91,91434,AUTOROUTE A6,48.66828,2.3541,Plein jour,Hors agglomération,Hors intersection,Normale,Deux véhicules - arrière,1,3,6,0,3,1,1,0,1,90,2,2,1,0,0,1,53.0,26.0,voiture,voiture,1,1,1,1,2
201900001328,2019-05-15 20:55:00,2019,5,15,20,55,91,91617,RN 104,48.632514,2.531111,Plein jour,Hors agglomération,Hors intersection,Normale,Deux véhicules - côté,2,1,2,0,1,1,1,0,1,110,2,2,1,0,0,1,24.0,52.0,deux_roues,voiture,1,1,1,1,3
201900001329,2019-05-15 08:20:00,2019,5,15,8,20,91,91161,AUTOROUTE A6,48.701,2.3097,Plein jour,Hors agglomération,Hors intersection,Normale,Deux véhicules - arrière,1,3,4,0,1,1,1,0,1,90,2,2,1,0,0,1,23.0,31.0,deux_roues,deux_roues,1,1,1,1,2
201900001330,2019-05-14 20:50:00,2019,5,14,20,50,94,94065,AUTOROUTE A86,48.75473,2.34673,Crépuscule ou aube,Hors agglomération,Hors intersection,Normale,Deux véhicules - arrière,1,1,4,0,1,1,1,3,1,130,2,2,1,0,0,1,43.0,37.0,voiture,utilitaire_camion,2,1,1,1,2
201900001331,2019-05-14 18:05:00,2019,5,14,18,5,91,91692,RN 118,48.678841,2.19204,Plein jour,Hors agglomération,Hors intersection,Normale,Sans collision,2,1,2,0,1,1,1,0,1,90,1,2,1,0,0,1,56.0,,autre,,1,1,1,1,7
201900001332,2019-05-14 15:00:00,2019,5,14,15,0,91,91179,AUTOROUTE A6,48.558707,2.488552,Plein jour,Hors agglomération,Hors intersection,Normale,Trois véhicules et plus - collisions multiples,1,-1,3,0,1,1,1,0,1,110,3,4,2,0,0,2,54.0,37.0,voiture,utilitaire_camion,1,1,1,1,5
201900001333,2019-05-14 17:50:00,2019,5,14,17,50,91,91689,AUTOROUTE A6B,48.74123,2.3192,Plein jour,Hors agglomération,Hors intersection,Normale,Sans collision,1,1,2,0,2,1,1,0,1,130,1,1,0,0,0,1,42.0,,deux_roues,,1,1,1,1,7
201900001334,2019-05-14 16:30:00,2019,5,14,16,30,92,92002,AUTOROUTE A10,48.730958,2.3091078,Plein jour,Hors agglomération,Hors intersection,Normale,Deux véhicules - arrière,1,1,6,0,1,1,1,0,1,130,2,2,1,0,0,1,41.0,23.0,utilitaire_camion,voiture,1,1,1,1,2
201900001335,2019-05-14 13:10:00,2019,5,14,13,10,91,91617,RN 104,48.63581,2.53551,Plein jour,Hors agglomération,Hors intersection,Normale,Sans collision,2,1,2,0,4,3,1,3,1,80,1,1,0,0,0,1,36.0,,deux_roues,,1,1,1,1,7
201900001336,2019-05-14 07:35:00,2019,5,14,7,35,94,94034,AUTOROUTE A6B,48.75454,2.33036,Plein jour,Hors agglomération,Hors intersection,Normale,Trois véhicules et plus - collisions multiples,1,1,3,0,1,1,1,0,1,90,4,4,2,0,0,2,39.0,55.0,utilitaire_camion,voiture,1,1,1,1,5
201900001337,2019-05-13 12:40:00,2019,5,13,12,40,92,92002,AUTOROUTE A10,48.7318134,2.3104351,Plein jour,Hors agglomération,Hors intersection,Normale,Deux véhicules - côté,1,3,6,0,1,1,1,0,1,110,2,2,1,0,0,1,36.0,48.0,voiture,deux_roues,1,1,1,1,3
201900001338,2019-05-12 19:30:00,2019,5,12,19,30,91,91064,RN 118,48.7694,2.2293,Plein jour,Hors agglomération,Hors intersection,Normale,Deux véhicules - arrière,2,1,2,0,2,1,1,2,1,50,2,2,1,0,0,1,43.0,22.0,deux_roues,voiture,1,1,1,1,2
201900001339,2019-05-11 09:00:00,2019,5,11,9,0,91,91589,AUTOROUTE A6,48.67805,2.33636,Plein jour,Hors agglomération,Hors intersection,Pluie forte,Autre collision,1,3,6,0,1,1,2,0,1,110,1,1,0,0,0,1,29.0,,voiture,,1,1,1,3,6
201900001340,2019-05-11 08:45:00,2019,5,11,8,45,94,94021,AUTOROUTE A6A,48.76378,2.34227,Plein jour,Hors agglomération,Hors intersection,Pluie forte,Sans collision,1,3,6,0,1,2,2,0,1,90,1,1,0,0,0,1,25.0,,utilitaire_camion,,1,1,1,3,7
201900001341,2019-05-11 05:35:00,2019,5,11,5,35,91,91661,RD 188 CHEVREUSE,48.7049,2.2498,Nuit sans éclairage public,Hors agglomération,Hors intersection,Pluie forte,Sans collision,2,1,1,0,4,1,2,3,1,70,1,1,0,0,0,1,29.0,,voiture,,3,1,1,3,7
201900001342,2019-05-11 03:58:00,2019,5,11,3,58,91,91689,AUTOROUTE A6B,48.74811,2.32626,Nuit avec éclairage non allumé,Hors agglomération,Hors intersection,Pluie forte,Sans collision,1,1,3,0,4,1,2,0,1,110,1,1,0,0,0,1,41.0,,utilitaire_camion,,4,1,1,3,7
201900001343,2019-05-10 09:26:00,2019,5,10,9,26,91,91589,AUTOROUTE A6,48.68014,2.33235,Plein jour,Hors agglomération,Hors intersection,Normale,Sans collision,1,3,6,0,4,1,1,0,1,110,1,1,0,0,0,1,62.0,,voiture,,1,1,1,1,7
201900001344,2019-05-08 18:12:00,2019,5,8,18,12,94,94021,AUTOROUTE A6B,48.76048,2.33931,Plein jour,Hors agglomération,Hors intersection,Pluie légère,Trois véhicules et plus - en chaîne,1,1,3,0,1,1,2,0,1,90,3,8,7,0,0,1,31.0,63.0,utilitaire_camion,voiture,1,1,1,2,4
201900001345,2019-05-08 12:15:00,2019,5,8,12,15,92,92002,AUTOROUTE A86,48.7632142,2.3108203,Plein jour,Hors agglomération,Hors intersection,Pluie légère,Trois véhicules et plus - en chaîne,1,1,2,0,1,1,2,0,1,70,3,4,2,0,0,2,54.0,27.0,voiture,voiture,1,1,1,2,4
201900001346,2019-05-07 22:00:00,2019,5,7,22,0,91,91659,AUTOROUTE A6,48.58384,2.45556,Nuit sans éclairage public,Hors agglomération,Hors intersection,Normale,Deux véhicules - arrière,1,3,6,0,1,1,1,0,1,110,2,2,1,0,0,1,22.0,24.0,utilitaire_camion,voiture,3,1,1,1,2
201900001347,2019-05-07 18:20:00,2019,5,7,18,20,92,92002,AUTOROUTE A86,48.7605835,2.2926766,Plein jour,Hors agglomération,Hors intersection,Normale,Trois véhicules et plus - collisions multiples,1,3,4,0,1,1,1,0,1,90,4,4,3,0,1,0,32.0,39.0,deux_roues,voiture,1,1,1,1,5
201900001348,2019-05-06 14:00:00,2019,5,6,14,0,94,94076,AUTOROUTE A6B,48.7912,2.3445,Plein jour,Hors agglomération,Hors intersection,Normale,Sans collision,1,3,12,0,1,1,1,0,1,90,1,1,0,0,0,1,48.0,,deux_roues,,1,1,1,1,7
201900001349,2019-05-06 08:20:00,2019,5,6,8,20,94,94038,AUTOROUTE A6A,48.778,2.34627,Plein jour,Hors agglomération,Hors intersection,Normale,Deux véhicules - arrière,1,3,12,0,1,1,1,0,1,90,2,2,1,0,0,1,22.0,53.0,utilitaire_camion,utilitaire_camion,1,1,1,1,2
201900001350,2019-05-05 17:15:00,2019,5,5,17,15,91,91521,RN 104,48.62937,2.40048,Plein jour,Hors agglomération,Hors intersection,Normale,Sans collision,2,3,5,0,3,3,2,0,1,90,1,1,0,0,0,1,34.0,,deux_roues,,1,1,1,1,7
201900001351,2019-05-04 15:45:00,2019,5,4,15,45,91,91521,RN 104,48.637638,2.397644,Plein jour,Hors agglomération,Hors intersection,Pluie légère,Deux véhicules - côté,2,1,2,0,4,4,2,0,1,70,2,2,1,0,0,1,21.0,27.0,voiture,voiture,1,1,1,2,3
201900001352,2019-05-04 15:15:00,2019,5,4,15,15,91,91136,AUTOROUTE A10,48.71154,2.28926,Plein jour,Hors agglomération,Hors intersection,Pluie légère,Sans collision,1,1,2,0,1,2,2,0,1,70,1,1,0,0,0,1,40.0,,voiture,,1,1,1,2,7
201900001353,2019-05-04 12:50:00,2019,5,4,12,50,94,94034,AUTOROUTE A6B,48.75978,2.33858,Plein jour,Hors agglomération,Hors intersection,Temps couvert,Sans collision,1,-1,1,0,4,3,8,3,1,50,1,1,0,0,0,1,34.0,,deux_roues,,1,1,1,8,7
201900001354,2019-05-04 12:20:00,2019,5,4,12,20,91,91161,AUTOROUTE A6,48.7067,2.30506,Plein jour,Hors agglomération,Hors intersection,Temps couvert,Deux véhicules - arrière,1,3,6,0,1,1,2,0,1,130,2,3,2,0,0,1,56.0,34.0,voiture,voiture,1,1,1,8,2
201900001355,2019-05-02 15:05:00,2019,5,2,15,5,91,91687,AUTOROUTE A6,48.66453,2.36488,Plein jour,Hors agglomération,Hors intersection,Pluie légère,Deux véhicules - arrière,1,3,6,0,1,1,2,8,1,70,2,2,1,0,0,1,38.0,26.0,voiture,voiture,1,1,1,2,2
201900001356,2019-05-02 13:50:00,2019,5,2,13,50,94,94038,AUTOROUTE A6B,48.77471,2.34625,Plein jour,Hors agglomération,Hors intersection,Normale,Trois véhicules et plus - collisions multiples,1,-1,12,0,1,1,2,0,1,130,4,4,3,0,0,1,50.0,59.0,voiture,voiture,1,1,1,1,5
201900001357,2019-05-02 06:00:00,2019,5,2,6,0,91,91377,AUTOROUTE A10,48.7245,2.3001,Plein jour,Hors agglomération,Hors intersection,Normale,Deux véhicules - arrière,1,3,6,0,1,1,1,0,1,110,2,3,1,0,0,2,28.0,24.0,utilitaire_camion,voiture,1,1,1,1,2
201900001358,2019-04-29 07:55:00,2019,4,29,7,55,91,91553,RN 104,48.62842,2.48063,Plein jour,Hors agglomération,Hors intersection,Normale,Deux véhicules - arrière,2,-1,6,0,4,1,1,0,1,110,2,2,1,0,0,1,47.0,58.0,voiture,voiture,1,1,1,1,2
201900001359,2019-05-29 15:50:00,2019,5,29,15,50,92,92036,AUTOROUTE A86,48.93452,2.26773,Plein jour,Hors agglomération,Hors intersection,Normale,Autre collision,1,1,0,0,1,1,1,0,1,90,1,1,0,0,0,1,45.0,,voiture,,1,1,1,1,6
201900001360,2019-05-28 17:40:00,2019,5,28,17,40,92,92050,A86,48.9127969,2.2178569,Plein jour,Hors agglomération,Hors intersection,Normale,Autre collision,1,1,3,0,1,1,1,0,1,90,1,1,0,0,0,1,30.0,,deux_roues,,1,1,1,1,6
201900001361,2019-05-27 08:05:00,2019,5,27,8,5,92,92036,A86,48.9347202,2.2678634,Plein jour,Hors agglomération,Hors intersection,Normale,Autre collision,1,3,2,0,1,3,1,2,1,70,3,3,2,0,0,1,51.0,30.0,voiture,voiture,1,1,1,1,6
201900001362,2019-05-26 21:40:00,2019,5,26,21,40,92,92025,A86,48.9274816,2.2375338,Nuit avec éclairage non allumé,Hors agglomération,Hors intersection,Normale,Autre collision,1,3,2,0,1,1,1,0,2,90,1,5,0,0,1,4,19.0,,utilitaire_camion,,4,1,1,1,6
201900001363,2019-05-26 16:50:00,2019,5,26,16,50,78,78362,A13,48.975931,1.722569,Plein jour,Hors agglomération,Hors intersection,Normale,Deux véhicules - arrière,1,3,3,0,1,1,1,0,1,110,2,3,1,0,0,2,52.0,27.0,voiture,deux_roues,1,1,1,1,2
201900001364,2019-05-26 07:05:00,2019,5,26,7,5,92,92050,A14,48.9018318,2.2028664,Plein jour,Hors agglomération,Hors intersection,Normale,Sans collision,1,1,1,0,1,2,1,1,1,50,1,1,0,0,0,1,40.0,,deux_roues,,1,1,1,1,7
201900001365,2019-06-11 09:25:00,2019,6,11,9,25,93,93005,MARC CHAGALL (BOULEVARD),48.953666,2.50644,Plein jour,En agglomération,Intersection en X,Normale,Deux véhicules - frontale,3,2,2,0,1,1,1,0,1,50,2,3,0,0,0,3,36.0,34.0,utilitaire_camion,voiture,1,2,2,1,1
201900001366,2019-06-08 15:15:00,2019,6,8,15,15,93,93005,JEAN CHARCOT [CD115] (RUE),48.934055,2.4911,Plein jour,En agglomération,Intersection en X,Pluie légère,Deux véhicules - côté,3,2,2,0,1,1,1,0,1,50,2,2,1,0,0,1,31.0,24.0,voiture,voiture,1,2,2,2,3
201900001367,2019-06-07 18:30:00,2019,6,7,18,30,93,93005,MARC CHAGALL (BOULEVARD),48.95319,2.501465,Plein jour,En agglomération,Hors intersection,Pluie légère,Trois véhicules et plus - en chaîne,3,3,2,0,1,1,2,0,1,50,3,3,2,0,1,0,51.0,41.0,utilitaire_camion,utilitaire_camion,1,2,1,2,4
201900001368,2019-06-06 19:45:00,2019,6,6,19,45,93,93005,SEVRAN (CD44) (RUE DE),48.94319,2.5039,Plein jour,En agglomération,Hors intersection,Normale,Autre collision,3,2,0,0,1,1,1,0,1,50,1,2,1,0,0,1,51.0,,voiture,,1,2,1,1,6
201900001369,2019-06-06 19:05:00,2019,6,6,19,5,93,93005,JACQUES DUCLOS [CD44] (RUE),48.955501,2.492245,Plein jour,En agglomération,Hors intersection,Normale,Trois véhicules et plus - en chaîne,3,1,0,0,1,1,1,0,1,50,3,3,2,0,0,1,23.0,53.0,voiture,voiture,1,2,1,1,4
201900001370,2019-06-06 17:00:00,2019,6,6,17,0,93,93005,CROIX NOBILLON (RUE DE LA),48.945487,2.508232,Plein jour,En agglomération,Intersection en X,Normale,Autre collision,4,2,0,0,1,1,1,0,2,50,1,2,1,0,0,1,24.0,,voiture,,1,2,2,1,6