accident_id,datetime,annee,mois,jour,heure,minute,departement,commune_insee,adresse,latitude,longitude,luminosite,agglomeration,intersection,meteo,collision,catr,circ,nbv,vosp,prof,plan,surf,infra,situ,vma,nb_vehicules,nb_usagers,nb_indemnes,nb_tues,nb_blesses_hosp,nb_blesses_legers,age_cond_1,age_cond_2,veh_type_cond_1,veh_type_cond_2,lum_code,agg_code,int_code,atm_code,col_code
201900001371,2019-06-05 11:40:00,2019,6,5,11,40,93,93005,PETITS PONTS (ROUTE DES),48.94944,2.51959,Plein jour,En agglomération,Hors intersection,Normale,Autre collision,3,1,2,0,1,1,1,0,1,50,1,2,1,0,1,0,63.0,,voiture,,1,2,1,1,6
201900001372,2019-06-15 23:40:00,2019,6,15,23,40,93,93001,VICTOR HUGO (AVE)  => N° 129,48.90869,2.378,Nuit avec éclairage allumé,En agglomération,Autre intersection,Normale,Deux véhicules - côté,3,2,4,0,1,1,1,8,1,50,2,2,1,0,0,1,30.0,37.0,deux_roues,voiture,5,2,9,1,3
201900001373,2019-06-15 20:10:00,2019,6,15,20,10,93,93001,LUCIEN LEFRANC (QUAI),48.91108,2.37375,Plein jour,En agglomération,Hors intersection,Normale,Deux véhicules - côté,3,2,2,0,2,1,1,0,1,50,2,2,1,0,0,1,27.0,34.0,voiture,deux_roues,1,2,1,1,3
201900001374,2019-06-15 11:05:00,2019,6,15,11,5,93,93001,LUCIEN LEFRANC (QUAI),48.91045,2.37434,Plein jour,En agglomération,Hors intersection,Temps éblouissant,Deux véhicules - frontale,3,2,3,0,2,1,1,0,1,50,2,3,1,0,0,2,52.0,26.0,voiture,deux_roues,1,2,1,7,1
201900001375,2019-06-11 16:20:00,2019,6,11,16,20,93,93001,REPUBLIQUE (AVE DE LA ) 43/106 =>,48.90637,2.3893,Plein jour,En agglomération,Hors intersection,Normale,Autre collision,3,2,2,0,1,1,1,0,1,50,1,3,2,0,1,0,32.0,,voiture,,1,2,1,1,6
201900001376,2019-06-03 21:10:00,2019,6,3,21,10,93,93001,PONT BLANC.CHARLES TILLON (RUE) =>72,48.9216,2.39134,Plein jour,En agglomération,Hors intersection,Normale,Autre collision,3,2,2,0,1,1,1,0,1,30,1,2,1,0,0,1,72.0,,voiture,,1,2,1,1,6
201900001377,2019-06-02 19:00:00,2019,6,2,19,0,93,93001,PRESIDENT ROOSEVELT (AVENUE DU),48.92,2.378,Plein jour,En agglomération,Hors intersection,Normale,Autre collision,3,2,2,3,1,1,1,0,1,30,1,2,1,0,0,1,20.0,,deux_roues,,1,2,1,1,6
201900001378,2019-06-02 07:55:00,2019,6,2,7,55,93,93001,JEAN JAURES  (AVE)  157 A 213,48.91153,2.40039,Plein jour,En agglomération,Hors intersection,Temps éblouissant,Deux véhicules - arrière,3,1,2,0,1,1,1,0,1,50,2,2,1,0,0,1,48.0,32.0,voiture,deux_roues,1,2,1,7,2
201900001379,2019-06-01 02:30:00,2019,6,1,2,30,93,93001,JEAN JAURES  (AVE)  157 A 213,48.909684,2.398158,Nuit avec éclairage allumé,En agglomération,Hors intersection,Normale,Trois véhicules et plus - en chaîne,3,2,6,0,1,1,1,0,1,50,4,4,3,0,0,1,29.0,43.0,voiture,voiture,5,2,1,1,4
201900001380,2019-06-19 07:35:00,2019,6,19,7,35,92,92075,RAYMOND MARCHERON (RUE),48.819078,2.2874492,Plein jour,En agglomération,Hors intersection,Normale,Deux véhicules - côté,3,2,2,0,1,1,8,8,1,50,2,2,1,0,0,1,65.0,45.0,voiture,deux_roues,1,2,1,1,3
201900001381,2019-06-13 09:30:00,2019,6,13,9,30,92,92075,PAIX (AVENUE DE LA),48.8147937,2.2780765,Plein jour,En agglomération,Intersection en T,Pluie légère,Deux véhicules - côté,3,2,6,0,1,1,1,5,1,50,2,2,1,0,0,1,58.0,36.0,deux_roues,voiture,1,2,3,2,3
201900001382,2019-06-07 21:30:00,2019,6,7,21,30,92,92075,GUY MOQUET (RUE),48.81552,2.29851,Nuit avec éclairage allumé,En agglomération,Intersection en X,Normale,Deux véhicules - côté,4,1,1,1,1,1,1,0,1,50,2,2,1,0,0,1,21.0,35.0,deux_roues,transport_commun,5,2,2,1,3
201900001383,2019-06-06 16:45:00,2019,6,6,16,45,92,92046,Charles de gaulle,48.8211676,2.297049,Plein jour,En agglomération,Hors intersection,Normale,Autre collision,3,2,2,0,1,1,1,0,1,50,1,1,0,0,0,1,24.0,,utilitaire_camion,,1,2,1,1,6
201900001384,2019-06-01 21:00:00,2019,6,1,21,0,92,92075,PIERRE BROSSOLETTE (AVENUE),48.8176908,2.3078676,Plein jour,En agglomération,Intersection en X,Normale,Deux véhicules - côté,3,2,4,0,1,1,1,0,1,50,2,3,2,0,0,1,67.0,50.0,deux_roues,voiture,1,2,2,1,3
201900001385,2019-06-01 19:30:00,2019,6,1,19,30,92,92075,PIERRE BROSSOLETTE (AVENUE),48.8188532,2.3094437,Plein jour,En agglomération,Hors intersection,Normale,Autre collision,3,2,4,3,1,1,1,0,1,50,1,2,1,0,0,1,25.0,,voiture,,1,2,1,1,6
201900001386,2019-06-01 01:05:00,2019,6,1,1,5,92,92075,LARMEROUX (RUE),48.81686,2.28085,Nuit avec éclairage allumé,En agglomération,Hors intersection,Normale,Autre collision,3,2,2,0,1,1,1,0,1,50,1,5,0,0,0,5,49.0,,voiture,,5,2,1,1,6
201900001387,2019-06-19 16:04:00,2019,6,19,16,4,92,92073,PASTEUR (RUE),48.86351,2.2238,Plein jour,En agglomération,Hors intersection,Normale,Autre collision,4,1,1,0,1,1,1,0,1,30,1,2,1,0,0,1,35.0,,voiture,,1,2,1,1,6
201900001388,2019-06-09 19:45:00,2019,6,9,19,45,92,92073,ROOSVELT (AVENUE FRANKLIN),48.8743449,2.2206545,Plein jour,En agglomération,Intersection en X,Normale,Deux véhicules - côté,3,2,4,0,2,1,1,9,1,50,2,2,1,0,0,1,51.0,33.0,utilitaire_camion,deux_roues,1,2,2,1,3
201900001389,2019-08-12 10:30:00,2019,8,12,10,30,34,34198,RD N21,43.58725,3.91624,Plein jour,En agglomération,Hors intersection,Normale,Deux véhicules - arrière,3,1,-1,0,1,1,1,0,1,50,2,6,5,0,0,1,20.0,35.0,utilitaire_camion,utilitaire_camion,1,2,1,1,2
201900001390,2019-08-16 00:25:00,2019,8,16,0,25,34,34032,ROUTE DEPARTEMENTALE NR.64,43.30439,3.21634,Nuit sans éclairage public,Hors agglomération,Autre intersection,Normale,Autre collision,3,1,2,0,1,3,1,9,1,90,1,1,0,1,0,0,62.0,,utilitaire_camion,,3,1,9,1,6
201900001391,2019-08-16 15:20:00,2019,8,16,15,20,33,33318,RUE JEAN PERRIN,44.77892,-0.66017,Plein jour,En agglomération,Intersection en T,Normale,Sans collision,4,2,2,0,1,1,1,0,1,50,1,1,0,0,0,1,39.0,,deux_roues,,1,2,3,1,7
201900001392,2019-06-07 10:11:00,2019,6,7,10,11,92,92073,LIBERTE (RUE DE LA),48.879735,2.2189376,Plein jour,En agglomération,Intersection en X,Normale,Deux véhicules - côté,3,2,2,0,1,1,1,0,1,50,2,2,1,0,1,0,54.0,37.0,deux_roues,voiture,1,2,2,1,3
201900001393,2019-08-12 14:45:00,2019,8,12,14,45,33,33318,BECQUEREL (AVE ANTOINE),44.78796,-0.64611,Plein jour,En agglomération,Intersection en X,Normale,Deux véhicules - arrière,4,2,2,0,1,1,1,0,1,50,2,2,1,0,0,1,55.0,,voiture,,1,2,2,1,2
201900001394,2019-08-15 16:40:00,2019,8,15,16,40,33,33039,RUE LOUIS BLERIOT,44.8,-0.53065,Plein jour,En agglomération,Giratoire,Normale,Autre collision,4,2,2,0,1,2,1,5,1,30,1,2,0,0,2,0,41.0,,deux_roues,,1,2,6,1,6
201900001395,2019-06-05 15:20:00,2019,6,5,15,20,92,92073,SELLIER (BOULEVARD HENRI),48.86817,2.22565,Plein jour,En agglomération,Intersection en T,Pluie légère,Deux véhicules - côté,3,1,2,0,1,1,2,0,1,30,2,3,1,0,0,2,44.0,53.0,voiture,voiture,1,2,3,2,3
201900001396,2019-06-03 11:10:00,2019,6,3,11,10,92,92073,LATTRE DE TASSIGNY (BOULEVARD DU MARECHA,48.8676191,2.2170726,Plein jour,En agglomération,Hors intersection,Pluie légère,Deux véhicules - arrière,3,2,3,0,1,1,2,0,1,50,2,2,1,0,0,1,27.0,49.0,voiture,deux_roues,1,2,1,2,2
201900001397,2019-08-14 14:25:00,2019,8,14,14,25,33,33550,2 AVE GEORGES CLEMENCEAU,44.78172,-0.56549,Plein jour,En agglomération,Intersection en X,Normale,Autre collision,4,2,2,0,1,1,1,0,1,50,1,3,1,1,1,0,45.0,,utilitaire_camion,,1,2,2,1,6
201900001398,2019-06-17 09:45:00,2019,6,17,9,45,92,92072,PAVE DES GARDES (ROUTE DU),48.8123335,2.2149086,Plein jour,En agglomération,Intersection en X,Normale,Deux véhicules - côté,3,2,4,0,3,1,1,5,2,50,2,2,0,0,0,2,50.0,33.0,voiture,utilitaire_camion,1,2,2,1,3
201900001399,2019-08-14 11:45:00,2019,8,14,11,45,33,33281,AVE DU TRUC,44.84929,-0.65518,Plein jour,En agglomération,Hors intersection,Normale,Autre collision,4,2,0,0,1,1,1,0,1,50,1,2,1,0,0,1,79.0,,voiture,,1,2,1,1,6
201900001400,2019-08-15 11:50:00,2019,8,15,11,50,33,33529,D259,44.60066,-1.18438,Plein jour,Hors agglomération,Hors intersection,Normale,Trois véhicules et plus - en chaîne,3,2,2,0,1,4,1,0,1,80,4,4,3,0,1,0,48.0,23.0,voiture,voiture,1,1,1,1,4
201900001401,2019-08-15 14:42:00,2019,8,15,14,42,31,31555,RUE DE KIEV,43.570871,1.406614,Plein jour,En agglomération,Hors intersection,Normale,Autre collision,4,2,2,0,1,1,1,0,1,5,1,2,0,0,0,2,25.0,,deux_roues,,1,2,1,1,6
201900001402,2019-08-14 18:43:00,2019,8,14,18,43,31,31555,AV JEAN ZAY,43.64889,1.43309,Plein jour,En agglomération,Hors intersection,Normale,Deux véhicules - côté,4,2,2,0,1,1,1,0,1,50,2,3,2,0,1,0,80.0,34.0,deux_roues,voiture,1,2,1,1,3
201900001403,2019-08-14 16:10:00,2019,8,14,16,10,31,31555,ARCOLE (BD D) DU 2AU 76,43.61129,1.44112,Plein jour,En agglomération,Hors intersection,Normale,Autre collision,4,2,2,0,1,1,1,0,1,50,1,2,1,0,1,0,33.0,,voiture,,1,2,1,1,6
201900001404,2019-08-12 05:50:00,2019,8,12,5,50,31,31555,ECHANGEUR ST MARTIN ( A624-RD 901),43.61086,1.3831,Nuit avec éclairage non allumé,Hors agglomération,Hors intersection,Pluie légère,Sans collision,1,1,2,0,1,3,2,0,1,90,1,1,0,0,0,1,23.0,,deux_roues,,4,1,1,2,7
201900001405,2019-08-14 15:46:00,2019,8,14,15,46,29,29232,BREST ROUTE DE,48.01939,-4.08414,Plein jour,Hors agglomération,Hors intersection,Pluie légère,Sans collision,3,2,2,0,1,2,2,0,1,80,1,1,0,0,1,0,27.0,,voiture,,1,1,1,2,7
201900001406,2019-06-12 19:50:00,2019,6,12,19,50,92,92022,SALENGRO (AVENUE ROGER),48.8167132,2.1950997,Plein jour,En agglomération,Hors intersection,Pluie légère,Deux véhicules - côté,3,2,2,1,1,1,2,0,1,50,2,4,3,0,0,1,41.0,25.0,voiture,deux_roues,1,2,1,2,3
201900001407,2019-08-14 02:58:00,2019,8,14,2,58,29,29232,DE KERREQUELLOU CHEMIN,47.9582699,-4.0656636,Nuit sans éclairage public,Hors agglomération,Hors intersection,Normale,Sans collision,4,2,2,0,1,1,1,0,3,80,1,1,0,0,0,1,26.0,,voiture,,3,1,1,1,7
201900001408,2019-08-15 16:35:00,2019,8,15,16,35,29,29039,RD 783,47.88188,-3.91069,Plein jour,En agglomération,Hors intersection,Normale,Sans collision,3,2,2,0,1,1,1,0,1,50,1,1,0,0,0,1,22.0,,voiture,,1,2,1,1,7
201900001409,2019-06-05 09:40:00,2019,6,5,9,40,92,92072,VILLE D'AVRAY (RUE DE ),48.8258781,2.2015011,Plein jour,En agglomération,Autre intersection,Temps couvert,Deux véhicules - frontale,3,2,2,0,2,1,1,0,1,50,2,2,1,0,0,1,58.0,65.0,deux_roues,voiture,1,2,9,8,1
201900001410,2019-06-04 08:35:00,2019,6,4,8,35,92,92072,VILLE D'AVRAY (RUE DE ),48.8258882,2.201277,Plein jour,En agglomération,Hors intersection,Temps couvert,Autre collision,3,2,2,0,2,1,2,0,1,50,1,2,1,0,0,1,47.0,,deux_roues,,1,2,1,8,6
201900001411,2019-08-16 17:38:00,2019,8,16,17,38,29,29019,MONTAIGNE (DE 39 A 111 ET 32 A 96),48.40166,-4.48321,Plein jour,En agglomération,Hors intersection,Normale,Deux véhicules - arrière,4,2,2,0,1,1,1,5,1,50,2,3,2,0,0,1,73.0,18.0,voiture,deux_roues,1,2,1,1,2
201900001412,2019-08-13 11:58:00,2019,8,13,11,58,29,29019,PEN AR CH'LEUZ (ROND POINT),48.41413,-4.48009,Plein jour,En agglomération,Giratoire,Pluie légère,Sans collision,4,-1,0,0,1,2,2,0,1,50,1,1,0,0,0,1,49.0,,voiture,,1,2,6,2,7
201900001413,2019-06-13 15:05:00,2019,6,13,15,5,92,92064,MARCEL DASSAULT,48.8559109,2.223092,Plein jour,En agglomération,Hors intersection,Normale,Trois véhicules et plus - en chaîne,3,2,2,0,1,1,1,0,1,50,4,5,4,0,0,1,62.0,40.0,voiture,voiture,1,2,1,1,4
201900001414,2019-06-11 19:44:00,2019,6,11,19,44,92,92064,DAILLY,48.8428,2.2211,Plein jour,En agglomération,Hors intersection,Normale,Autre collision,3,3,3,1,2,1,2,0,1,50,1,1,0,0,0,1,55.0,,deux_roues,,1,2,1,1,6
201900001415,2019-08-13 09:55:00,2019,8,13,9,55,27,27229,NORMANDIE (BOULEVARD DE),49.021602,1.137508,Plein jour,En agglomération,Hors intersection,Normale,Deux véhicules - côté,4,3,2,0,1,1,1,0,1,50,2,2,1,0,0,1,71.0,19.0,voiture,voiture,1,2,1,1,3
201900001416,2019-06-07 15:40:00,2019,6,7,15,40,92,92064,REPUBLIQUE,48.8575,2.2108,Plein jour,En agglomération,Autre intersection,Pluie légère,Sans collision,3,-1,0,0,1,1,2,9,1,30,1,2,1,0,0,1,81.0,,voiture,,1,2,9,2,7
201900001417,2019-08-13 12:00:00,2019,8,13,12,0,26,26281,JAURES JEAN (PLACE),45.04554,5.05274,Plein jour,En agglomération,Hors intersection,Normale,Deux véhicules - arrière,4,1,2,0,1,1,1,0,1,50,2,4,1,0,0,3,39.0,38.0,transport_commun,voiture,1,2,1,1,2
201900001418,2019-06-07 13:40:00,2019,6,7,13,40,92,92064,REPUBLIQUE,48.85046,2.21348,Plein jour,En agglomération,Hors intersection,Pluie légère,Deux véhicules - côté,3,2,2,0,1,1,2,0,2,50,2,2,1,0,0,1,81.0,46.0,utilitaire_camion,deux_roues,1,2,1,2,3
201900001419,2019-06-14 16:30:00,2019,6,14,16,30,92,92063,FOCH (BOULEVARD DU MARECHAL),48.8782,2.18036,Plein jour,En agglomération,Hors intersection,Normale,Autre collision,4,2,2,0,1,1,1,0,1,50,1,2,1,0,0,1,81.0,,voiture,,1,2,1,1,6
201900001420,2019-08-09 14:40:00,2019,8,9,14,40,26,26198,DAUJAT( Rue Raymond),44.55887,4.74872,Plein jour,En agglomération,Intersection en T,Normale,Deux véhicules - côté,4,1,1,0,1,4,1,0,1,30,2,2,1,0,0,1,19.0,46.0,voiture,deux_roues,1,2,3,1,3
201900001421,2019-06-10 09:15:00,2019,6,10,9,15,92,92063,DOUMER (AVENUE PAUL) EST,48.8787617,2.1773299,Plein jour,En agglomération,Intersection en T,Normale,Autre collision,3,3,4,0,1,1,1,5,1,50,2,2,1,0,0,1,63.0,34.0,voiture,deux_roues,1,2,3,1,6
201900001422,2019-08-08 17:30:00,2019,8,8,17,30,26,26198,MEYNOT (Boulevard),44.555687,4.751747,Plein jour,En agglomération,Hors intersection,Normale,Autre collision,4,2,2,0,1,1,1,0,1,30,1,2,1,0,0,1,39.0,,voiture,,1,2,1,1,6
201900001423,2019-08-12 17:10:00,2019,8,12,17,10,26,26198,MEYNOT (Boulevard),44.55565,4.75161,Plein jour,En agglomération,Hors intersection,Normale,Autre collision,4,2,2,0,1,1,1,0,1,30,1,1,0,0,0,1,,,,,1,2,1,1,6
201900001424,2019-06-06 10:00:00,2019,6,6,10,0,92,92063,THIERS (RUE),48.8696,2.19376,Plein jour,En agglomération,Intersection en T,Normale,Autre collision,4,2,2,0,2,1,2,0,1,50,1,2,1,0,0,1,87.0,,voiture,,1,2,3,1,6
201900001425,2019-08-17 03:40:00,2019,8,17,3,40,25,25056,EPINAL RUE D',47.269839,5.999672,Nuit avec éclairage non allumé,Hors agglomération,Hors intersection,Normale,Sans collision,4,1,1,0,2,1,1,3,1,50,1,1,0,0,0,1,20.0,,voiture,,4,1,1,1,7
201900001426,2019-05-31 12:40:00,2019,5,31,12,40,92,92063,SUE (RUE EUGENE),48.87657,2.20124,Plein jour,En agglomération,Hors intersection,Normale,Deux véhicules - côté,4,2,2,0,1,1,1,0,1,50,2,2,1,0,0,1,13.0,56.0,deux_roues,voiture,1,2,1,1,3
201900001427,2019-06-19 07:45:00,2019,6,19,7,45,92,92062,DE DION BOUTON (QUAI) DU 29 AU 65,48.8831547,2.2484496,Plein jour,En agglomération,Hors intersection,Normale,Deux véhicules - arrière,3,1,2,0,1,1,1,0,1,50,2,2,1,0,0,1,27.0,44.0,deux_roues,voiture,1,2,1,1,2
201900001428,2019-06-03 18:48:00,2019,6,3,18,48,92,92062,GODEFROY (RUE) DU 1 AU 17,48.880892,2.242861,Plein jour,En agglomération,Hors intersection,Normale,Deux véhicules - côté,4,3,1,0,1,1,1,0,1,50,2,2,1,0,0,1,22.0,44.0,deux_roues,voiture,1,2,1,1,3
201900001429,2019-08-14 16:45:00,2019,8,14,16,45,25,25056,VESOUL RUE DE (inf 52),47.25334,6.01579,Plein jour,En agglomération,Intersection en X,Normale,Deux véhicules - côté,3,2,2,0,1,1,1,5,1,50,2,2,1,0,0,1,21.0,37.0,voiture,deux_roues,1,2,2,1,3
201900001430,2019-06-07 14:15:00,2019,6,7,14,15,92,92051,CHATEAU (BOULEVARD DU),48.886728,2.262263,Plein jour,En agglomération,Hors intersection,Temps couvert,Autre collision,4,2,2,0,1,1,1,0,1,50,1,2,1,0,0,1,28.0,,deux_roues,,1,2,1,8,6
201900001431,2019-06-06 09:05:00,2019,6,6,9,5,92,92051,RICHARD WALLACE (BOULEVARD),48.8752229,2.2505202,Plein jour,En agglomération,Intersection en X,Normale,Deux véhicules - côté,4,3,4,0,1,1,1,0,1,50,2,3,2,0,0,1,47.0,34.0,deux_roues,voiture,1,2,2,1,3
201900001432,2019-08-10 16:28:00,2019,8,10,16,28,24,24037,RN 21,44.81916,0.50454,Plein jour,En agglomération,Intersection en T,Normale,Deux véhicules - côté,2,2,2,0,1,1,1,0,1,50,2,3,1,0,1,1,67.0,79.0,voiture,voiture,1,2,3,1,3
201900001433,2019-06-03 13:42:00,2019,6,3,13,42,92,92051,"CHARLES DE GAULLE (AVENUE,N°118 A 192 +",48.88189,2.26872,Plein jour,En agglomération,Hors intersection,Pluie légère,Deux véhicules - arrière,2,1,3,0,1,1,2,0,1,50,2,2,1,0,0,1,50.0,19.0,voiture,deux_roues,1,2,1,2,2
201900001434,2019-08-07 17:20:00,2019,8,7,17,20,22,22278,GENEVE (DE),48.5171383,-2.7430372,Plein jour,En agglomération,Hors intersection,Normale,Autre collision,4,2,2,0,1,1,1,0,1,30,1,2,1,0,0,1,40.0,,voiture,,1,2,1,1,6
201900001435,2019-05-30 12:20:00,2019,5,30,12,20,92,92051,"ACHILLE PERETTI (AVENUE, N° 90 A 96 ET 9",48.88774,2.25519,Plein jour,En agglomération,Hors intersection,Normale,Autre collision,4,2,2,0,1,1,1,0,1,30,1,2,1,0,1,0,58.0,,utilitaire_camion,,1,2,1,1,6
201900001436,2019-08-12 12:00:00,2019,8,12,12,0,22,22187,RN12,48.54558,-2.79151,Plein jour,Hors agglomération,Hors intersection,Normale,Deux véhicules - arrière,2,3,4,0,1,1,1,0,1,90,2,2,1,0,0,1,41.0,43.0,voiture,voiture,1,1,1,1,2
201900001437,2019-06-18 14:45:00,2019,6,18,14,45,92,92050,REPUBLIQUE AVENUE DE LA,48.898073,2.198759,Plein jour,En agglomération,Intersection en X,Normale,Deux véhicules - côté,3,1,2,0,1,1,1,0,1,50,2,1,0,0,0,1,24.0,,deux_roues,,1,2,2,1,3
201900001438,2019-08-11 18:10:00,2019,8,11,18,10,22,22278,BOUGAINVILLE (DE),48.51992,-2.71687,Plein jour,Hors agglomération,Hors intersection,Normale,Deux véhicules - frontale,4,2,2,0,2,3,1,0,1,50,2,2,1,0,1,0,45.0,29.0,voiture,deux_roues,1,1,1,1,1
201900001439,2019-06-18 12:05:00,2019,6,18,12,5,92,92050,LENINE VLADIMIR ILITCH AVENUE,48.88811,2.1946,Plein jour,En agglomération,Hors intersection,Normale,Deux véhicules - arrière,3,-1,2,0,1,1,1,0,1,50,2,2,1,0,1,0,44.0,24.0,utilitaire_camion,deux_roues,1,2,1,1,2
201900001440,2019-08-13 15:15:00,2019,8,13,15,15,22,22113,RESISTANCE (AVENUE DE LA),48.75227,-3.45692,Plein jour,En agglomération,Autre intersection,Normale,Autre collision,6,-1,0,0,1,2,1,9,1,30,1,2,1,0,1,0,19.0,,voiture,,1,2,9,1,6
201900001441,2019-06-16 16:45:00,2019,6,16,16,45,92,92050,GAULLE DE CHARLES ESPLANADE,48.89453,2.22231,Plein jour,En agglomération,Hors intersection,Normale,Autre collision,9,-1,0,3,1,1,1,6,2,1,1,2,1,0,0,1,17.0,,deux_roues,,1,2,1,1,6
201900001442,2019-08-14 15:25:00,2019,8,14,15,25,19,19272,Winston Churchill (Av),45.2589988,1.7567579,Plein jour,En agglomération,Hors intersection,Normale,Autre collision,4,-1,0,0,1,1,1,9,1,20,2,2,1,0,0,1,49.0,,voiture,,1,2,1,1,6
201900001443,2019-06-15 14:05:00,2019,6,15,14,5,92,92050,PONT DE BEZONS,48.919053,2.222939,Plein jour,En agglomération,Intersection en X,Normale,Autre collision,3,1,2,0,1,3,1,2,1,50,1,2,1,0,0,1,63.0,,voiture,,1,2,2,1,6
201900001444,2019-08-14 15:45:00,2019,8,14,15,45,19,19031,GEOFFRAY (RUE CESAR),45.15621,1.50949,Plein jour,En agglomération,Hors intersection,Normale,Deux véhicules - frontale,4,2,2,0,1,1,1,0,1,50,2,2,1,0,0,1,41.0,47.0,voiture,voiture,1,2,1,1,1
201900001445,2019-06-14 18:30:00,2019,6,14,18,30,92,92050,COMMUNE DE PARIS AVENUE DE LA,48.90583,2.20943,Plein jour,En agglomération,Intersection en X,Normale,Autre collision,3,1,2,0,1,3,1,2,1,50,1,2,1,0,0,1,63.0,,voiture,,1,2,2,1,6
201900001446,2019-08-09 18:45:00,2019,8,9,18,45,19,19031,CRETES (CHEMIN DES),45.17645,1.51639,Plein jour,Hors agglomération,Giratoire,Normale,Deux véhicules - côté,4,2,2,0,1,2,2,0,1,50,2,2,1,0,0,1,39.0,39.0,deux_roues,voiture,1,1,6,1,3
201900001447,2019-06-14 14:25:00,2019,6,14,14,25,92,92050,QUENTIN JULES AVENUE,48.89498,2.19189,Plein jour,En agglomération,Intersection en X,Normale,Deux véhicules - côté,3,1,1,1,1,1,1,5,1,-1,2,2,1,1,0,0,23.0,32.0,utilitaire_camion,deux_roues,1,2,2,1,3
201900001448,2019-08-13 09:40:00,2019,8,13,9,40,17,17415,Route Départementale 728,45.7469768,-0.7027119,Plein jour,Hors agglomération,Hors intersection,Normale,Sans collision,3,2,1,0,1,3,1,0,1,80,1,1,0,0,1,0,21.0,,voiture,,1,1,1,1,7
201900001449,2019-06-11 21:10:00,2019,6,11,21,10,92,92050,CLEMENCEAU GEORGES AVENUE N° PAIR,48.886253,2.214041,Crépuscule ou aube,En agglomération,Hors intersection,Pluie légère,Deux véhicules - côté,3,1,4,0,2,1,2,9,1,50,2,2,1,0,0,1,21.0,24.0,deux_roues,voiture,2,2,1,2,3
201900001450,2019-08-16 18:30:00,2019,8,16,18,30,17,17306,EUROPE (COURS DE L'),45.624968,-1.019859,Plein jour,En agglomération,Hors intersection,Normale,Trois véhicules et plus - collisions multiples,4,2,2,1,1,1,1,0,1,50,3,3,2,0,0,1,33.0,62.0,voiture,deux_roues,1,2,1,1,5
201900001451,2019-06-09 16:15:00,2019,6,9,16,15,92,92050,GAMBETTA RUE,48.888523,2.19902,Plein jour,En agglomération,Hors intersection,Normale,Autre collision,4,2,2,0,1,1,1,0,1,50,1,2,1,0,1,0,50.0,,voiture,,1,2,1,1,6
201900001452,2019-06-07 12:10:00,2019,6,7,12,10,92,92050,PROVINCES FRANCAISES BD DES,48.89979,2.21405,Plein jour,En agglomération,Hors intersection,Normale,Autre collision,4,1,1,0,1,1,1,0,1,50,1,2,1,0,0,1,35.0,,transport_commun,,1,2,1,1,6
201900001453,2019-08-16 11:00:00,2019,8,16,11,0,17,17306,Avenue Louis BOUCHET,45.629361,-0.99357,Plein jour,En agglomération,Intersection en X,Normale,Deux véhicules - arrière,3,-1,3,0,1,1,1,5,1,50,2,8,4,0,0,4,42.0,49.0,voiture,voiture,1,2,2,1,2
201900001454,2019-06-06 17:00:00,2019,6,6,17,0,92,92050,JOILIOT CURIE F. ET IRENE AVENUE N°IMPAI,48.892305,2.209408,Plein jour,En agglomération,Hors intersection,Normale,Deux véhicules - arrière,3,3,2,1,1,1,1,0,1,50,2,2,1,0,0,1,50.0,36.0,deux_roues,voiture,1,2,1,1,2
201900001455,2019-08-09 10:05:00,2019,8,9,10,5,17,17306,ROCHEFORT (DE)  (AVENUE),45.64897,-1.02445,Plein jour,En agglomération,Intersection en X,Normale,Deux véhicules - côté,3,-1,2,0,1,1,1,0,1,50,2,2,1,0,0,1,20.0,73.0,deux_roues,voiture,1,2,2,1,3
201900001456,2019-06-05 19:25:00,2019,6,5,19,25,92,92050,PROVINCES FRANCAISES BD DES,48.901193,2.217495,Plein jour,En agglomération,Hors intersection,Pluie légère,Autre collision,4,3,2,3,1,1,2,0,1,50,1,2,1,0,0,1,24.0,,voiture,,1,2,1,2,6
201900001457,2019-08-14 17:40:00,2019,8,14,17,40,17,17291,BELGIQUE  RUE,46.17924,-1.12283,Plein jour,En agglomération,Hors intersection,Normale,Sans collision,4,-1,2,0,1,2,1,0,1,50,1,1,0,0,0,1,49.0,,deux_roues,,1,2,1,1,7
201900001458,2019-06-01 14:00:00,2019,6,1,14,0,92,92050,REPUBLIQUE AVENUE DE LA,48.905785,2.210509,Plein jour,En agglomération,Hors intersection,Normale,Deux véhicules - arrière,3,1,2,0,1,1,1,0,1,50,2,3,2,0,0,1,43.0,92.0,voiture,voiture,1,2,1,1,2
201900001459,2019-08-13 19:05:00,2019,8,13,19,5,16,16102,Bd de JAVREZAC,45.69216,-0.34488,Crépuscule ou aube,En agglomération,Intersection en X,Normale,Deux véhicules - frontale,3,2,2,0,1,1,1,0,1,50,2,2,1,0,1,0,66.0,56.0,deux_roues,voiture,2,2,2,1,1
201900001460,2019-05-31 12:00:00,2019,5,31,12,0,92,92050,VAILLANT COUTURIER PAUL RUE,48.8823,2.20462,Plein jour,En agglomération,Intersection en X,Normale,Trois véhicules et plus - en chaîne,3,2,1,0,2,1,1,0,1,50,4,5,4,0,0,1,84.0,79.0,voiture,voiture,1,2,2,1,4
201900001461,2019-06-13 07:45:00,2019,6,13,7,45,92,92020,LIBERTE BOULEVARD DE LA N° PAIRS,48.80305,2.2899,Plein jour,En agglomération,Hors intersection,Normale,Trois véhicules et plus - collisions multiples,3,2,2,0,1,1,1,9,1,50,3,3,2,0,0,1,57.0,46.0,voiture,voiture,1,2,1,1,5
201900001462,2019-06-13 06:53:00,2019,6,13,6,53,92,92049,BRIAND AVENUE ARISTIDE N°1 A 129,48.8175,2.3256,Plein jour,En agglomération,Intersection en X,Temps couvert,Deux véhicules - côté,3,3,6,0,1,1,1,0,1,50,2,2,1,0,1,0,52.0,21.0,deux_roues,voiture,1,2,2,8,3