accident_id,datetime,annee,mois,jour,heure,minute,departement,commune_insee,adresse,latitude,longitude,luminosite,agglomeration,intersection,meteo,collision,catr,circ,nbv,vosp,prof,plan,surf,infra,situ,vma,nb_vehicules,nb_usagers,nb_indemnes,nb_tues,nb_blesses_hosp,nb_blesses_legers,age_cond_1,age_cond_2,veh_type_cond_1,veh_type_cond_2,lum_code,agg_code,int_code,atm_code,col_code
201900001463,2019-06-10 19:30:00,2019,6,10,19,30,92,92049,GINOUX AVENUE HENRI AUTRES N°,48.81201,2.31896,Plein jour,En agglomération,Intersection en X,Normale,Deux véhicules - côté,4,1,2,2,1,1,1,0,1,50,2,3,2,0,0,1,46.0,35.0,voiture,voiture,1,2,2,1,3
201900001464,2019-06-08 19:55:00,2019,6,8,19,55,92,92049,GAMBETTA AVENUE LEON N° IMPAIRS,48.81359,2.32421,Plein jour,En agglomération,Hors intersection,Normale,Autre collision,4,2,2,0,1,1,1,0,1,50,1,2,1,0,0,1,29.0,,voiture,,1,2,1,1,6
201900001465,2019-08-13 14:15:00,2019,8,13,14,15,14,14366,CONDORCET (RUE),49.1463342,0.225467,Plein jour,En agglomération,Intersection en T,Pluie forte,Autre collision,4,1,1,0,1,1,2,0,1,50,1,2,1,0,1,0,23.0,,voiture,,1,2,3,3,6
201900001466,2019-06-07 14:55:00,2019,6,7,14,55,92,92049,PERI RUE GABRIEL N°2 A 36,48.81791,2.32256,Plein jour,En agglomération,Hors intersection,Normale,Autre collision,3,2,3,0,1,1,1,0,1,50,1,2,1,0,0,1,85.0,,voiture,,1,2,1,1,6
201900001467,2019-08-16 18:30:00,2019,8,16,18,30,14,14304,CD  579,49.38221,0.24,Plein jour,Hors agglomération,Intersection en X,Normale,Deux véhicules - frontale,3,2,3,0,1,1,1,5,1,80,2,2,1,0,0,1,19.0,23.0,voiture,deux_roues,1,1,2,1,1
201900001468,2019-06-14 09:45:00,2019,6,14,9,45,92,92048,REPUBLIQUE (RUE DE LA) N° 47 A 85,48.806044,2.2357642,Plein jour,En agglomération,Hors intersection,Normale,Deux véhicules - côté,3,2,2,0,1,1,1,0,1,50,2,2,1,0,0,1,34.0,38.0,deux_roues,voiture,1,2,1,1,3
201900001469,2019-08-14 21:40:00,2019,8,14,21,40,14,14271,ECHANGEUR N° 10 ( ETERVILLE ),49.1554648,-0.4221192,Nuit sans éclairage public,Hors agglomération,Hors intersection,Normale,Autre collision,2,3,4,0,1,1,1,0,1,110,1,1,0,0,0,1,57.0,,voiture,,3,1,1,1,6
201900001470,2019-06-10 07:57:00,2019,6,10,7,57,92,92048,GARDES (ROUTE DES) N° 5 A 51,48.8188,2.2378,Plein jour,En agglomération,Hors intersection,Temps couvert,Deux véhicules - frontale,3,2,2,0,2,1,2,0,1,50,2,2,1,0,0,1,26.0,27.0,deux_roues,voiture,1,2,1,8,1
201900001471,2019-08-08 09:10:00,2019,8,8,9,10,14,14118,FALAISE (RUE DE  - 90 PAIR 95 IMPAIR),49.17256,-0.35453,Plein jour,En agglomération,Intersection en T,Normale,Deux véhicules - côté,4,2,-1,-1,2,1,1,0,1,-1,2,2,1,0,0,1,49.0,41.0,voiture,deux_roues,1,2,3,1,3
201900001472,2019-06-03 14:40:00,2019,6,3,14,40,92,92048,GARDES (ROUTE DES) N° 55 A 87,48.81651,2.22693,Plein jour,En agglomération,Hors intersection,Pluie légère,Deux véhicules - arrière,3,2,2,0,1,1,2,0,1,50,2,2,1,0,0,1,86.0,37.0,voiture,deux_roues,1,2,1,2,2
201900001473,2019-08-15 21:30:00,2019,8,15,21,30,13,13039,FENOUILLERE (Chemin de la),43.4620226,4.9191043,Nuit sans éclairage public,Hors agglomération,Hors intersection,Normale,Autre collision,2,3,4,0,1,3,1,0,1,90,1,4,0,0,0,4,19.0,,voiture,,3,1,1,1,6
201900001474,2019-06-03 10:55:00,2019,6,3,10,55,92,92048,MAL DE LATTRE DE TASSIGNY (AVENUE),48.78575,2.22921,Plein jour,En agglomération,Intersection en T,Pluie légère,Autre collision,4,2,2,0,1,1,1,0,1,50,1,2,1,0,0,1,92.0,,voiture,,1,2,3,2,6
201900001475,2019-08-17 17:35:00,2019,8,17,17,35,13,13204,LIBERATION (BOULEVARD),43.30228,5.39475,Plein jour,En agglomération,Hors intersection,Normale,Deux véhicules - arrière,4,2,2,0,1,1,1,0,1,50,2,4,2,0,0,2,45.0,22.0,voiture,voiture,1,2,1,1,2
201900001476,2019-06-19 14:40:00,2019,6,19,14,40,92,92044,KLEBER (RUE),48.8925282,2.2794899,Plein jour,En agglomération,Intersection en X,Normale,Deux véhicules - côté,4,1,1,0,1,1,1,5,1,50,2,2,1,0,0,1,46.0,27.0,utilitaire_camion,deux_roues,1,2,2,1,3
201900001477,2019-08-16 22:10:00,2019,8,16,22,10,13,13208,MAZARGUES (AVENUE DE),43.26697,5.38965,Nuit avec éclairage allumé,En agglomération,Hors intersection,Normale,Autre collision,4,2,2,0,2,1,1,0,1,50,2,1,0,0,0,1,23.0,,deux_roues,,5,2,1,1,6
201900001478,2019-01-21 08:02:00,2019,1,21,8,2,92,92044,GABRIEL PERI(RUE) 1A23 ET 2A36,48.88899,2.2905,Crépuscule ou aube,En agglomération,Intersection en T,Normale,Autre collision,4,1,2,0,1,1,1,0,1,50,1,3,2,0,0,1,53.0,,voiture,,2,2,3,1,6
201900001479,2019-08-16 19:30:00,2019,8,16,19,30,13,13208,MENDES FRANCE (AVENUE),43.2559,5.37666,Plein jour,En agglomération,Hors intersection,Normale,Deux véhicules - côté,4,1,6,3,1,1,1,0,1,50,2,5,2,0,0,3,26.0,57.0,transport_commun,voiture,1,2,1,1,3
201900001480,2019-08-16 17:20:00,2019,8,16,17,20,13,13215,VISTE (AVENUE DE LA),43.359941,5.357598,Plein jour,En agglomération,Hors intersection,Normale,Autre collision,4,2,0,0,2,1,1,6,1,50,1,1,0,1,0,0,52.0,,deux_roues,,1,2,1,1,6
201900001481,2019-06-09 20:22:00,2019,6,9,20,22,92,92044,PDT WILSON(RUE)23A49 ET 26A52,48.8921392,2.2903164,Plein jour,En agglomération,Intersection en X,Normale,Deux véhicules - côté,4,1,2,0,1,1,1,0,1,50,2,2,0,0,0,2,18.0,23.0,voiture,deux_roues,1,2,2,1,3
201900001482,2019-08-16 17:25:00,2019,8,16,17,25,13,13202,REPUBLIQUE (RUE DE LA),43.304115,5.367811,Plein jour,En agglomération,Hors intersection,Normale,Deux véhicules - arrière,4,2,2,0,1,1,1,4,1,50,2,1,0,0,0,1,35.0,,voiture,,1,2,1,1,2
201900001483,2019-08-16 16:20:00,2019,8,16,16,20,13,13213,VALDONNE (AVENUE DE),43.32442,5.41549,Plein jour,En agglomération,Autre intersection,Normale,Deux véhicules - frontale,4,2,2,0,2,2,1,0,1,50,2,2,1,0,1,0,46.0,32.0,deux_roues,transport_commun,1,2,9,1,1
201900001484,2019-08-16 12:50:00,2019,8,16,12,50,13,13002,GÉNÉRAL DE GAULLE (AVENUE DU),43.33976,5.48248,Plein jour,En agglomération,Hors intersection,Normale,Deux véhicules - arrière,4,2,2,0,1,1,1,0,1,30,2,2,1,0,0,1,55.0,22.0,voiture,voiture,1,2,1,1,2
201900001485,2019-08-16 10:00:00,2019,8,16,10,0,13,13210,ROMAIN ROLLAND (BOULEVARD),43.271051,5.40868,Plein jour,En agglomération,Hors intersection,Normale,Autre collision,4,2,2,0,1,1,1,0,1,50,1,2,1,0,0,1,68.0,,voiture,,1,2,1,1,6
201900001486,2019-08-15 22:30:00,2019,8,15,22,30,13,13216,JEAN LABRO (BOULEVARD),43.35465,5.34108,Nuit avec éclairage allumé,En agglomération,Hors intersection,Normale,Autre collision,4,2,1,0,2,1,1,0,1,50,2,2,1,0,0,1,54.0,,voiture,,5,2,1,1,6
201900001487,2019-06-06 20:25:00,2019,6,6,20,25,92,92044,JEAN JAURES(RUE) 1A55 ET 2A54,48.8910828,2.2922625,Crépuscule ou aube,En agglomération,Intersection en T,Normale,Deux véhicules - côté,4,2,0,0,1,1,1,0,1,50,2,3,2,0,0,1,32.0,34.0,deux_roues,voiture,2,2,3,1,3
201900001488,2019-08-15 19:40:00,2019,8,15,19,40,13,13002,JEAN GIONO (AVENUE),43.33561,5.47722,Plein jour,En agglomération,Hors intersection,Normale,Autre collision,4,2,2,0,2,3,1,0,1,50,1,1,0,0,1,0,66.0,,deux_roues,,1,2,1,1,6
201900001489,2019-04-09 18:30:00,2019,4,9,18,30,92,92044,VICTOR HUGO (RUE),48.8959294,2.2965016,Plein jour,En agglomération,Intersection en X,Normale,Sans collision,3,1,2,0,1,1,1,0,1,50,1,1,0,0,0,1,33.0,,deux_roues,,1,2,2,1,7
201900001490,2019-08-15 11:00:00,2019,8,15,11,0,13,13208,PRADO (contre allée),43.28,5.38,Plein jour,En agglomération,Hors intersection,Normale,Deux véhicules - arrière,4,1,2,0,1,1,1,0,1,50,2,2,1,0,0,1,29.0,27.0,voiture,deux_roues,1,2,1,1,2
201900001491,2019-06-13 20:10:00,2019,6,13,20,10,92,92040,GALLIENI (BOULEVARD),48.83167,2.2672,Plein jour,En agglomération,Hors intersection,Normale,Deux véhicules - arrière,3,2,2,0,1,1,1,0,1,50,2,3,1,0,0,2,24.0,24.0,voiture,voiture,1,2,1,1,2
201900001492,2019-08-15 10:00:00,2019,8,15,10,0,13,13208,PRADO (AVENUE DU),43.2741,5.3904,Plein jour,En agglomération,Hors intersection,Normale,Autre collision,4,2,6,0,1,1,1,0,1,50,1,2,1,0,0,1,42.0,,voiture,,1,2,1,1,6
201900001493,2019-08-15 00:19:00,2019,8,15,0,19,13,13204,FRANÇOISE DUPARC (BOULEVARD),43.30654,5.40089,Nuit avec éclairage allumé,En agglomération,Intersection à plus de 4 branches,Normale,Deux véhicules - frontale,4,4,2,3,1,1,1,0,1,50,2,2,1,0,1,0,23.0,22.0,autre,voiture,5,2,5,1,1
201900001494,2019-06-03 20:10:00,2019,6,3,20,10,92,92040,VERDUN (AVENUE DE) DU 115 AU 149,48.81964,2.25627,Plein jour,En agglomération,Hors intersection,Normale,Autre collision,3,2,2,0,1,1,1,0,1,50,1,2,1,0,0,1,28.0,,deux_roues,,1,2,1,1,6
201900001495,2019-08-14 05:40:00,2019,8,14,5,40,13,13204,ALEX. FLEMING (BOULEVARD),43.31351,5.40559,Nuit avec éclairage allumé,En agglomération,Hors intersection,Normale,Autre collision,4,1,2,0,1,2,1,1,1,50,1,1,0,0,0,1,21.0,,voiture,,5,2,1,1,6
201900001496,2019-05-31 15:45:00,2019,5,31,15,45,92,92040,GALLIENI (BOULEVARD),48.8341,2.2668,Plein jour,En agglomération,Hors intersection,Normale,Sans collision,3,2,2,0,1,1,1,0,1,50,1,1,0,0,0,1,34.0,,deux_roues,,1,2,1,1,7
201900001497,2019-08-13 13:45:00,2019,8,13,13,45,13,13209,FLORALIA (Rue),43.24145,5.39401,Plein jour,En agglomération,Hors intersection,Normale,Deux véhicules - côté,4,-1,2,0,1,1,1,0,1,50,2,2,1,0,0,1,51.0,16.0,voiture,deux_roues,1,2,1,1,3
201900001498,2019-06-17 17:39:00,2019,6,17,17,39,92,92036,MARCEL PAUL (AVENUE) (52/102),48.9396133,2.3039875,Plein jour,En agglomération,Hors intersection,Normale,Deux véhicules - côté,3,3,6,1,1,1,1,0,1,50,2,2,1,0,0,1,58.0,60.0,deux_roues,deux_roues,1,2,1,1,3
201900001499,2019-08-13 09:00:00,2019,8,13,9,0,13,13209,LÉON LACHAMP (ROUTE),43.248784,5.441706,Plein jour,En agglomération,Hors intersection,Normale,Deux véhicules - frontale,3,2,2,0,1,1,1,0,1,50,2,2,1,0,0,1,54.0,59.0,deux_roues,voiture,1,2,1,1,1
201900001500,2019-08-16 18:30:00,2019,8,16,18,30,13,13047,R.N 569,43.553514,4.95959,Plein jour,Hors agglomération,Hors intersection,Normale,Trois véhicules et plus - collisions multiples,2,2,2,0,1,1,1,0,1,80,4,5,0,0,0,5,43.0,74.0,voiture,voiture,1,1,1,1,5
201900001501,2019-08-16 17:00:00,2019,8,16,17,0,13,13047,RADOLFZELL AVENUE DE,43.499194,4.987829,Plein jour,En agglomération,Giratoire,Normale,Deux véhicules - côté,7,4,2,2,1,1,1,5,1,50,2,2,1,0,1,0,40.0,56.0,voiture,deux_roues,1,2,6,1,3
201900001502,2019-08-13 12:20:00,2019,8,13,12,20,13,13005,BAUMONE (AVENUE DE LA ),43.29622,5.59469,Plein jour,Hors agglomération,Hors intersection,Normale,Deux véhicules - frontale,4,1,2,0,1,1,1,0,1,30,2,4,1,0,0,3,73.0,44.0,voiture,voiture,1,1,1,1,1
201900001503,2019-08-13 09:10:00,2019,8,13,9,10,12,12202,BOURRAN (AVENUE DE),44.36285,2.55406,Plein jour,En agglomération,Hors intersection,Normale,Trois véhicules et plus - en chaîne,4,2,2,0,1,1,1,0,1,50,4,5,3,0,0,2,85.0,66.0,voiture,voiture,1,2,1,1,4
201900001504,2019-08-10 19:05:00,2019,8,10,19,5,12,12145,JAURES JEAN (AVENUE),44.10058,3.07893,Plein jour,En agglomération,Hors intersection,Normale,Autre collision,4,2,2,0,1,1,1,0,1,30,1,2,1,0,0,1,84.0,,voiture,,1,2,1,1,6
201900001505,2019-06-17 16:40:00,2019,6,17,16,40,92,92036,RUE GUY MOCQUET,48.9342,2.28794,Plein jour,En agglomération,Hors intersection,Normale,Sans collision,4,3,2,0,1,1,1,0,2,50,1,1,0,0,0,1,53.0,,deux_roues,,1,2,1,1,7
201900001506,2019-08-09 16:33:00,2019,8,9,16,33,12,12089,D 963,44.58621,2.24797,Plein jour,Hors agglomération,Hors intersection,Normale,Sans collision,3,2,2,0,2,3,1,0,1,80,1,1,0,0,0,1,67.0,,utilitaire_camion,,1,1,1,1,7
201900001507,2019-08-17 10:47:00,2019,8,17,10,47,10,10357,GENERAL DE GAULLE (RUE DU),48.297,4.12,Plein jour,En agglomération,Hors intersection,Pluie légère,Sans collision,4,2,2,0,1,1,2,0,1,50,1,1,0,0,0,1,35.0,,deux_roues,,1,2,1,2,7
201900001508,2019-06-15 20:30:00,2019,6,15,20,30,92,92036,MARCEL PAUL (AVENUE) (52/102),48.9417901,2.3028883,Crépuscule ou aube,En agglomération,Hors intersection,Normale,Deux véhicules - côté,3,3,4,0,1,1,1,0,1,50,2,3,1,0,0,2,42.0,24.0,voiture,voiture,2,2,1,1,3
201900001509,2019-08-14 18:02:00,2019,8,14,18,2,10,10387,MAROTS (RUE DES),48.3063,4.0491,Plein jour,En agglomération,Hors intersection,Normale,Deux véhicules - côté,4,2,2,0,1,1,1,0,1,50,2,1,0,0,0,1,,,,,1,2,1,1,3
201900001510,2019-06-13 19:00:00,2019,6,13,19,0,92,92036,GRESILLONS (QUAI DES),48.9201358,2.3231615,Plein jour,En agglomération,Hors intersection,Normale,Autre collision,3,1,1,0,1,1,1,0,1,50,2,1,0,0,0,1,59.0,,deux_roues,,1,2,1,1,6
201900001511,2019-06-11 18:55:00,2019,6,11,18,55,92,92036,FELICIE (RUE),48.91455,2.29393,Plein jour,En agglomération,Intersection en T,Pluie forte,Sans collision,4,1,1,0,1,1,2,0,1,50,1,1,0,0,1,0,59.0,,deux_roues,,1,2,3,3,7
201900001512,2019-08-13 15:54:00,2019,8,13,15,54,10,10081,ROCADE OUEST (RD 610),48.30228,4.0256,Plein jour,Hors agglomération,Giratoire,Normale,Deux véhicules - arrière,3,1,2,0,1,3,1,0,1,50,2,3,2,0,0,1,23.0,35.0,voiture,voiture,1,1,6,1,2
201900001513,2019-06-07 21:35:00,2019,6,7,21,35,92,92036,GABRIEL PERI (AVENUE) (60/134),48.9207309,2.295177,Crépuscule ou aube,En agglomération,Hors intersection,Pluie légère,Deux véhicules - côté,3,2,2,0,1,1,1,0,1,50,2,2,1,0,0,1,20.0,42.0,voiture,voiture,2,2,1,2,3
201900001514,2019-06-03 12:10:00,2019,6,3,12,10,92,92036,LIBERATION (AVENUE DE LA),48.92463,2.29393,Plein jour,En agglomération,Hors intersection,Normale,Autre collision,4,1,1,0,2,2,1,0,1,50,1,2,1,0,0,1,60.0,,voiture,,1,2,1,1,6
201900001515,2019-05-30 19:15:00,2019,5,30,19,15,92,92035,Estienne d'Orves ( rue d' ),48.909073,2.249686,Crépuscule ou aube,En agglomération,Hors intersection,Normale,Deux véhicules - arrière,4,1,1,0,1,1,1,0,1,50,2,2,1,0,0,1,45.0,24.0,voiture,deux_roues,2,2,1,1,2
201900001516,2019-06-07 07:40:00,2019,6,7,7,40,92,92026,AVENUE GAMBETTA,48.8924926,2.2455058,Plein jour,En agglomération,Intersection en X,Normale,Deux véhicules - côté,3,1,2,0,1,1,1,0,3,50,2,2,1,0,0,1,33.0,,voiture,,1,2,2,1,3
201900001517,2019-08-12 23:00:00,2019,8,12,23,0,8,08409,THIERS (RUE),49.7017,4.93863,Nuit avec éclairage allumé,En agglomération,Intersection en X,Normale,Deux véhicules - côté,4,2,1,0,1,1,1,5,1,50,2,2,1,0,0,1,31.0,14.0,voiture,deux_roues,5,2,2,1,3
201900001518,2019-06-18 09:20:00,2019,6,18,9,20,92,92026,PRÉSIDENT PAUL DOUMER (QUAI DU),48.89296,2.25972,Plein jour,En agglomération,Hors intersection,Normale,Deux véhicules - arrière,4,1,3,0,1,1,1,0,1,50,2,2,1,0,0,1,46.0,22.0,deux_roues,utilitaire_camion,1,2,1,1,2
201900001519,2019-06-13 18:30:00,2019,6,13,18,30,92,92026,SAINT-DENIS BD (120 A 174 / DE 199 A 315,48.9032133,2.2760672,Plein jour,En agglomération,Hors intersection,Normale,Autre collision,3,2,2,0,1,1,1,0,1,50,1,2,1,0,0,1,62.0,,voiture,,1,2,1,1,6
201900001520,2019-08-17 11:35:00,2019,8,17,11,35,7,07102,TREMOLETS (Rue des),44.93752,4.86345,Plein jour,En agglomération,Giratoire,Normale,Autre collision,4,2,2,0,1,1,1,0,1,50,3,3,2,0,0,1,40.0,35.0,voiture,voiture,1,2,6,1,6
201900001521,2019-06-13 16:30:00,2019,6,13,16,30,92,92026,SAINT DENIS BD (120 A 174 / 199 A 315),48.900423,2.269559,Plein jour,En agglomération,Hors intersection,Normale,Autre collision,4,2,2,0,1,1,1,0,1,50,1,2,1,0,0,1,27.0,,voiture,,1,2,1,1,6
201900001522,2019-08-15 15:30:00,2019,8,15,15,30,6,06088,HOTEL DES POSTES (R.),43.69889,7.26949,Plein jour,En agglomération,Intersection en X,Normale,Autre collision,4,1,0,3,1,1,1,0,1,50,1,2,1,0,0,1,51.0,,deux_roues,,1,2,2,1,6
201900001523,2019-06-10 16:18:00,2019,6,10,16,18,92,92026,VERDUN (DE 62 A FIN),48.900304,2.260921,Plein jour,En agglomération,Hors intersection,Normale,Deux véhicules - arrière,3,2,2,0,1,1,1,0,1,50,2,2,1,0,0,1,29.0,34.0,utilitaire_camion,deux_roues,1,2,1,1,2
201900001524,2019-08-13 16:42:00,2019,8,13,16,42,6,06159,PRINCESSE GRACE DE MONACO (AVENUE),43.68917,7.30706,Plein jour,En agglomération,Hors intersection,Normale,Deux véhicules - côté,7,2,2,0,1,1,1,0,1,50,2,2,1,0,0,1,41.0,23.0,deux_roues,voiture,1,2,1,1,3
201900001525,2019-06-10 11:00:00,2019,6,10,11,0,92,92026,PRÉSIDENT PAUL DOUMER (QUAI DU),48.890133,2.256255,Plein jour,En agglomération,Intersection en X,Normale,Autre collision,3,3,4,0,1,1,1,5,1,70,2,3,0,0,0,3,73.0,44.0,voiture,voiture,1,2,2,1,6
201900001526,2019-08-13 15:40:00,2019,8,13,15,40,6,06104,PRINCE RAINIER III (AVENUE),43.75432,7.434522,Plein jour,En agglomération,Intersection en Y,Normale,Deux véhicules - frontale,3,2,2,0,2,2,1,0,1,50,2,2,1,0,0,1,30.0,23.0,voiture,deux_roues,1,2,4,1,1
201900001527,2019-06-09 20:00:00,2019,6,9,20,0,92,92026,COLOMBES,48.899717,2.256466,Plein jour,En agglomération,Autre intersection,Normale,Trois véhicules et plus - en chaîne,3,2,2,0,1,1,1,0,1,50,3,8,7,0,0,1,32.0,49.0,voiture,voiture,1,2,9,1,4
201900001528,2019-05-25 08:15:00,2019,5,25,8,15,92,92026,PRÉSIDENT PAUL DOUMER (QUAI DU),48.89008,2.25626,Plein jour,En agglomération,Intersection en X,Normale,Deux véhicules - côté,4,3,4,0,1,1,1,0,1,50,2,4,3,0,0,1,56.0,26.0,voiture,voiture,1,2,2,1,3
201900001529,2019-06-05 13:50:00,2019,6,5,13,50,92,92026,VERDUN (DE 62 A FIN),48.900376,2.260852,Plein jour,En agglomération,Hors intersection,Pluie forte,Autre collision,3,2,4,0,1,1,2,0,1,50,1,2,1,0,0,1,45.0,,deux_roues,,1,2,1,3,6
201900001530,2019-08-13 22:30:00,2019,8,13,22,30,6,06069,DUVAL (AVENUE MATHIAS),43.65158,6.92221,Nuit avec éclairage allumé,En agglomération,Autre intersection,Normale,Deux véhicules - frontale,3,2,1,0,1,1,1,0,1,50,2,2,1,0,1,0,21.0,20.0,voiture,deux_roues,5,2,9,1,1
201900001531,2019-06-04 20:10:00,2019,6,4,20,10,92,92026,ARISTIDE BRIAND,48.89971,2.25884,Plein jour,En agglomération,Hors intersection,Normale,Autre collision,4,2,2,0,1,1,1,0,1,50,1,3,2,0,0,1,82.0,,voiture,,1,2,1,1,6
201900001532,2019-08-14 19:13:00,2019,8,14,19,13,6,06029,JOURDAN (AVENUE MICHEL),43.5556756,6.9702699,Plein jour,En agglomération,Hors intersection,Normale,Deux véhicules - côté,4,2,2,0,2,2,1,0,1,50,2,2,1,0,1,0,19.0,82.0,deux_roues,voiture,1,2,1,1,3
201900001533,2019-05-31 20:00:00,2019,5,31,20,0,92,92026,SAINT-DENIS BD (120 A 174 / DE 199 A 315,48.9,2.276,Plein jour,En agglomération,Hors intersection,Normale,Autre collision,3,2,2,0,1,1,1,0,1,50,1,1,0,0,1,0,22.0,,deux_roues,,1,2,1,1,6
201900001534,2019-08-16 07:10:00,2019,8,16,7,10,6,06027,CANNES AVENUE DE (RN7),43.6541802,7.1481105,Plein jour,En agglomération,Hors intersection,Normale,Deux véhicules - côté,7,2,2,1,2,3,1,0,1,50,2,2,1,0,0,1,56.0,49.0,deux_roues,utilitaire_camion,1,2,1,1,3
201900001535,2019-05-30 17:30:00,2019,5,30,17,30,92,92026,PRÉSIDENT PAUL DOUMER (QUAI DU),48.891343,2.257836,Plein jour,En agglomération,Hors intersection,Normale,Deux véhicules - côté,3,1,1,0,4,2,1,0,1,50,2,3,2,0,0,1,28.0,40.0,voiture,deux_roues,1,2,1,1,3
201900001536,2019-08-10 11:53:00,2019,8,10,11,53,6,06027,PLAGE BOULEVARD DE LA,43.6469641,7.1478721,Plein jour,En agglomération,Hors intersection,Normale,Deux véhicules - arrière,7,2,2,0,1,1,1,0,1,50,2,2,1,0,1,0,70.0,30.0,voiture,deux_roues,1,2,1,1,2
201900001537,2019-06-11 11:45:00,2019,6,11,11,45,92,92025,MARECHAL JOFFRE (RUE DU),48.9244,2.263,Plein jour,En agglomération,Hors intersection,Normale,Autre collision,4,1,1,0,1,1,1,0,1,50,1,2,1,0,0,1,32.0,,voiture,,1,2,1,1,6
201900001538,2019-06-13 21:10:00,2019,6,13,21,10,92,92025,GABRIEL PERI (RUE),48.92324,2.25239,Plein jour,En agglomération,Hors intersection,Normale,Deux véhicules - côté,3,-1,0,0,1,1,1,0,1,50,2,2,0,0,0,2,38.0,23.0,deux_roues,deux_roues,1,2,1,1,3
201900001539,2019-08-13 14:50:00,2019,8,13,14,50,6,06004,GRASSE RTE DE,43.60156,7.084326,Plein jour,En agglomération,Hors intersection,Normale,Autre collision,3,1,3,0,1,1,1,0,1,50,1,2,1,0,1,0,85.0,,voiture,,1,2,1,1,6
201900001540,2019-06-12 17:55:00,2019,6,12,17,55,92,92025,EDGARD QUINET (BD),48.9234,2.24936,Plein jour,En agglomération,Hors intersection,Pluie légère,Deux véhicules - côté,4,2,2,0,1,1,2,0,1,50,2,3,1,0,0,2,25.0,33.0,deux_roues,voiture,1,2,1,2,3
201900001541,2019-08-13 07:37:00,2019,8,13,7,37,6,06004,VAUTRIN BD DU GENERAL,43.5874297,7.1191105,Plein jour,En agglomération,Hors intersection,Normale,Autre collision,3,1,2,3,1,1,1,9,1,30,1,2,1,0,1,0,61.0,,transport_commun,,1,2,1,1,6
201900001542,2019-06-10 20:30:00,2019,6,10,20,30,92,92025,STALINGRAD (AV DE),48.931006,2.267185,Plein jour,En agglomération,Hors intersection,Normale,Deux véhicules - côté,3,2,2,0,1,1,1,0,1,50,2,2,1,0,0,1,42.0,43.0,deux_roues,voiture,1,2,1,1,3
201900001543,2019-08-15 18:45:00,2019,8,15,18,45,5,05061,EMBRUN ( AVENUE D'),44.56753,6.09727,Plein jour,En agglomération,Giratoire,Normale,Deux véhicules - côté,2,2,2,0,1,1,1,5,1,50,2,2,1,0,0,1,32.0,77.0,deux_roues,voiture,1,2,6,1,3
201900001544,2019-08-14 09:10:00,2019,8,14,9,10,5,05061,GEORGES POUGET ( RUE),44.55882,6.06807,Plein jour,En agglomération,Hors intersection,Normale,Sans collision,4,-1,2,0,2,1,1,0,1,50,1,1,0,0,0,1,15.0,,deux_roues,,1,2,1,1,7
201900001545,2019-08-14 08:25:00,2019,8,14,8,25,5,05023,FORGUES (AVENUE DU PROF.),44.9056,6.6302,Plein jour,En agglomération,Hors intersection,Normale,Autre collision,2,2,2,0,2,1,1,0,1,50,1,2,1,0,0,1,28.0,,deux_roues,,1,2,1,1,6
201900001546,2019-08-04 17:10:00,2019,8,4,17,10,2,02805,MOINES Rue des,49.371,3.35647,Plein jour,En agglomération,Hors intersection,Normale,Sans collision,4,2,2,0,1,3,1,5,1,50,1,2,1,0,1,0,33.0,,deux_roues,,1,2,1,1,7
201900001547,2019-06-10 16:40:00,2019,6,10,16,40,92,92025,BOURNARD (RUE DU),48.9230345,2.2544218,Plein jour,En agglomération,Hors intersection,Normale,Deux véhicules - arrière,3,2,4,0,1,1,1,0,1,50,2,2,1,0,0,1,20.0,38.0,deux_roues,voiture,1,2,1,1,2
201900001548,2019-06-18 15:05:00,2019,6,18,15,5,92,92024,HENRI BARBUSSE (RUE) DE (73 A 139),48.90091,2.30817,Plein jour,En agglomération,Hors intersection,Normale,Autre collision,3,2,2,0,1,1,1,6,1,50,1,2,1,0,0,1,44.0,,voiture,,1,2,1,1,6
201900001549,2019-06-16 17:00:00,2019,6,16,17,0,92,92024,CLICHY (QUAI DE) DE (104 A 202),48.90367,2.29009,Plein jour,En agglomération,Intersection en X,Normale,Deux véhicules - côté,3,2,3,0,1,1,1,5,1,50,2,2,1,0,0,1,28.0,32.0,deux_roues,voiture,1,2,2,1,3
201900001550,2019-06-17 09:45:00,2019,6,17,9,45,92,92023,FONTENAY (RUE DE),48.79723,2.27357,Plein jour,En agglomération,Hors intersection,Normale,Autre collision,4,1,1,0,2,1,1,0,1,30,1,2,1,0,0,1,48.0,,voiture,,1,2,1,1,6
201900001551,2019-06-11 06:50:00,2019,6,11,6,50,92,92060,GALILEE (AVENUE),48.78141,2.24777,Plein jour,En agglomération,Hors intersection,Normale,Deux véhicules - côté,4,1,1,0,1,1,1,8,1,50,2,2,1,0,0,1,54.0,38.0,deux_roues,utilitaire_camion,1,2,1,1,3
201900001552,2019-06-06 08:40:00,2019,6,6,8,40,92,92023,PORTE DE TRIVAUX (RUE DE) N°57 A 197 ET,48.78714,2.2466,Plein jour,En agglomération,Hors intersection,Normale,Deux véhicules - côté,3,2,2,0,1,1,1,0,1,50,2,2,1,0,0,1,54.0,39.0,deux_roues,voiture,1,2,1,1,3
201900001553,2019-06-03 18:00:00,2019,6,3,18,0,92,92023,PORTE DE TRIVAUX (RUE DE) N°57 A 197 ET,48.7851,2.23943,Plein jour,En agglomération,Hors intersection,Normale,Autre collision,3,2,2,0,1,1,1,0,1,50,1,2,0,0,0,2,47.0,,deux_roues,,1,2,1,1,6
201900001554,2019-06-01 13:20:00,2019,6,1,13,20,92,92023,GENERAL DE GAULLE (AV DU) N°130 A 340 ET,48.7872646,2.2561842,Plein jour,En agglomération,Hors intersection,Normale,Deux véhicules - côté,3,2,3,0,1,1,1,0,1,50,2,2,1,0,0,1,40.0,29.0,deux_roues,voiture,1,2,1,1,3