accident_id,datetime,annee,mois,jour,heure,minute,departement,commune_insee,adresse,latitude,longitude,luminosite,agglomeration,intersection,meteo,collision,catr,circ,nbv,vosp,prof,plan,surf,infra,situ,vma,nb_vehicules,nb_usagers,nb_indemnes,nb_tues,nb_blesses_hosp,nb_blesses_legers,age_cond_1,age_cond_2,veh_type_cond_1,veh_type_cond_2,lum_code,agg_code,int_code,atm_code,col_code
201900001739,2019-08-16 13:45:00,2019,8,16,13,45,76,76135,A150 pk 17+900,49.5645474,0.9014261,Plein jour,Hors agglomération,Hors intersection,Normale,Autre collision,1,3,4,0,2,3,1,0,3,130,1,3,2,0,0,1,29.0,,voiture,,1,1,1,1,6
201900001740,2019-08-14 15:55:00,2019,8,14,15,55,68,68162,RD 1 Bis - Sigolsheim,48.137359,7.322725,Plein jour,Hors agglomération,Hors intersection,Normale,Sans collision,3,2,2,0,2,2,1,0,3,80,1,1,0,0,1,0,87.0,,deux_roues,,1,1,1,1,7
201900001741,2019-08-16 16:30:00,2019,8,16,16,30,4,04148,RD 4085 Le Mousteiret,43.797223,6.630287,Plein jour,Hors agglomération,Hors intersection,Normale,Sans collision,3,2,2,0,2,3,1,0,3,80,1,1,0,0,1,0,19.0,,deux_roues,,1,1,1,1,7
201900001742,2019-10-25 19:55:00,2019,10,25,19,55,988,98805,R.T.1,-22.198157,166.478795,Nuit avec éclairage allumé,En agglomération,Hors intersection,Normale,Autre collision,2,2,2,0,1,1,1,0,3,50,1,1,0,1,0,0,50.0,,deux_roues,,5,2,1,1,6
201900001743,2019-10-18 16:00:00,2019,10,18,16,0,79,79048,,46.3471,-0.295,Plein jour,Hors agglomération,Hors intersection,Pluie légère,Trois véhicules et plus - en chaîne,1,3,4,0,1,1,2,0,1,130,3,8,5,0,1,2,71.0,52.0,voiture,voiture,1,1,1,2,4
201900001744,2019-10-18 23:55:00,2019,10,18,23,55,33,33260,A63,44.50726,-0.84245,Nuit sans éclairage public,Hors agglomération,Hors intersection,Normale,Deux véhicules - arrière,1,3,6,0,1,2,1,0,1,130,2,1,0,0,1,0,27.0,,voiture,,3,1,1,1,2
201900001745,2019-10-25 08:00:00,2019,10,25,8,0,6,06004,A8 chaussée nord,43.617496,7.115514,Plein jour,Hors agglomération,Hors intersection,Normale,Deux véhicules - côté,1,3,4,0,1,1,2,0,1,110,2,2,1,0,1,0,21.0,52.0,deux_roues,utilitaire_camion,1,1,1,1,3
201900001746,2019-10-24 18:20:00,2019,10,24,18,20,34,34172,A709,43.604832,3.929811,Crépuscule ou aube,Hors agglomération,Hors intersection,Normale,Deux véhicules - arrière,1,3,4,0,1,1,1,0,1,90,2,2,1,0,0,1,73.0,54.0,voiture,deux_roues,2,1,1,1,2
201900001747,2019-10-24 19:30:00,2019,10,24,19,30,13,13058,Avenue du Général de Gaulle,43.715177,4.805211,Nuit avec éclairage allumé,En agglomération,Hors intersection,Normale,Autre collision,3,2,2,0,1,1,1,0,4,50,1,1,0,1,0,0,25.0,,deux_roues,,5,2,1,1,6
201900001748,2019-09-26 08:00:00,2019,9,26,8,0,27,27469,D6015,49.285345,1.157669,Plein jour,Hors agglomération,Hors intersection,Pluie légère,Autre collision,3,2,3,0,2,1,2,0,1,80,2,2,1,0,1,0,48.0,31.0,utilitaire_camion,voiture,1,1,1,2,6
201900001749,2019-10-25 12:05:00,2019,10,25,12,5,28,28092,A10,48.364924,1.881113,Plein jour,Hors agglomération,Hors intersection,Pluie légère,Autre collision,1,3,3,0,1,1,2,0,8,130,1,2,0,0,1,1,79.0,,voiture,,1,1,1,2,6
201900001750,2019-10-25 15:15:00,2019,10,25,15,15,78,78349,A10,48.575251,2.003293,Plein jour,Hors agglomération,Hors intersection,Normale,Trois véhicules et plus - en chaîne,1,3,5,0,1,1,1,0,1,130,4,11,5,0,1,5,54.0,60.0,voiture,voiture,1,1,1,1,4
201900001751,2019-06-15 16:00:00,2019,6,15,16,0,987,98742,.,-18.520691,-136.347727,Plein jour,Hors agglomération,Hors intersection,Normale,Autre collision,4,-1,2,0,1,1,1,0,3,50,1,1,0,1,0,0,37.0,,deux_roues,,1,1,1,1,6
201900001752,2019-07-28 17:00:00,2019,7,28,17,0,987,98731,Taipivai - Vallée de Hooumi,-8.8746693,-140.0612104,Plein jour,En agglomération,Hors intersection,Normale,Sans collision,2,2,2,0,1,2,1,0,3,-1,1,5,1,0,3,1,29.0,,voiture,,1,2,1,1,7
201900001753,2019-10-24 10:50:00,2019,10,24,10,50,972,97228,Route Departementale 25 Bon Air,14.74783,-61.003714,Plein jour,En agglomération,Hors intersection,Normale,Autre collision,3,2,2,0,2,3,2,0,1,50,1,2,1,1,0,0,19.0,,voiture,,1,2,1,1,6
201900001754,2019-10-24 17:45:00,2019,10,24,17,45,57,57433,Rue de MARANGE,49.208354,6.154247,Plein jour,En agglomération,Hors intersection,Normale,Deux véhicules - côté,3,3,2,0,1,1,1,9,1,50,2,2,1,0,0,1,12.0,59.0,deux_roues,voiture,1,2,1,1,3
201900001755,2019-10-24 18:50:00,2019,10,24,18,50,73,73097,D11,45.5631958,6.0192204,Nuit sans éclairage public,Hors agglomération,Hors intersection,Normale,Sans collision,3,-1,2,0,2,2,1,0,1,80,1,1,0,0,1,0,37.0,,deux_roues,,3,1,1,1,7
201900001756,2019-10-18 13:23:00,2019,10,18,13,23,73,73213,D5 Rue des Belledonnes,45.551621,5.9693155,Plein jour,En agglomération,Giratoire,Normale,Autre collision,3,2,2,0,1,3,1,5,1,50,1,2,0,0,1,1,16.0,,deux_roues,,1,2,6,1,6
201900001757,2019-10-24 16:50:00,2019,10,24,16,50,1,01049,D1084,45.84588,5.038821,Plein jour,En agglomération,Intersection en T,Normale,Deux véhicules - arrière,3,2,2,0,1,1,1,0,1,50,2,2,0,0,0,2,15.0,15.0,deux_roues,deux_roues,1,2,3,1,2
201900001758,2019-10-24 07:40:00,2019,10,24,7,40,1,01376,Avenue Maurice-Cusin (Pont),45.826153,4.9814,Crépuscule ou aube,En agglomération,Giratoire,Pluie légère,Autre collision,4,2,2,1,2,1,2,0,1,50,1,2,1,0,0,1,31.0,,voiture,,2,2,6,2,6
201900001759,2019-10-23 19:10:00,2019,10,23,19,10,69,69040,67 Avenue de Lanessan,45.79544,4.79211,Nuit avec éclairage allumé,En agglomération,Hors intersection,Pluie légère,Autre collision,3,2,2,0,1,1,2,0,1,50,1,2,1,0,0,1,23.0,,voiture,,5,2,1,2,6
201900001760,2019-10-25 17:00:00,2019,10,25,17,0,31,31381,rd 813,43.463458,1.568495,Plein jour,En agglomération,Intersection en T,Normale,Deux véhicules - côté,3,2,2,0,1,1,1,0,1,70,2,2,1,0,1,0,41.0,51.0,voiture,deux_roues,1,2,3,1,3
201900001761,2019-10-25 19:30:00,2019,10,25,19,30,17,17038,RD 145,45.200485,-0.33989,Crépuscule ou aube,Hors agglomération,Autre intersection,Normale,Deux véhicules - côté,3,2,2,0,1,1,1,9,1,80,2,2,1,1,0,0,29.0,55.0,deux_roues,voiture,2,1,9,1,3
201900001762,2019-10-24 02:00:00,2019,10,24,2,0,47,47157,Boulevard Richard Coeur de Lion,44.499181,0.157521,Nuit avec éclairage allumé,En agglomération,Autre intersection,Normale,Autre collision,4,2,2,0,1,3,1,9,8,50,1,2,1,0,1,0,20.0,,voiture,,5,2,9,1,6
201900001763,2019-10-24 17:30:00,2019,10,24,17,30,33,33164,D8,44.53953,-0.287619,Plein jour,Hors agglomération,Hors intersection,Pluie forte,Deux véhicules - côté,3,2,2,0,1,2,2,0,1,70,2,3,0,1,0,2,28.0,70.0,voiture,voiture,1,1,1,3,3
201900001764,2019-10-25 11:45:00,2019,10,25,11,45,50,50597,La Durerie - Tirepied,48.714929,-1.308251,Plein jour,Hors agglomération,Hors intersection,Pluie légère,Autre collision,4,2,2,0,1,1,2,0,3,80,1,3,2,1,0,0,76.0,,voiture,,1,1,1,2,6
201900001765,2019-10-25 00:30:00,2019,10,25,0,30,29,29103,20 Rue la Tour d'Auvergne,48.452381,-4.246806,Nuit avec éclairage allumé,En agglomération,Giratoire,Normale,Deux véhicules - côté,3,2,2,0,1,1,1,5,1,50,2,4,2,0,1,1,15.0,20.0,deux_roues,voiture,5,2,6,1,3
201900001766,2019-10-25 12:40:00,2019,10,25,12,40,27,27161,Rue Sainte Suzanne,49.055277,1.018421,Plein jour,En agglomération,Hors intersection,Temps couvert,Sans collision,4,2,2,0,1,1,1,0,1,50,1,1,0,0,1,0,51.0,,deux_roues,,1,2,1,8,7
201900001767,2019-10-24 17:15:00,2019,10,24,17,15,76,76321,route de dieppe,49.781717,1.233605,Plein jour,En agglomération,Intersection en T,Pluie forte,Deux véhicules - côté,3,2,2,0,1,1,2,0,1,50,2,2,1,0,1,0,19.0,52.0,deux_roues,voiture,1,2,3,3,3
201900001768,2019-10-25 15:00:00,2019,10,25,15,0,60,60589,D44,49.205789,2.462982,Plein jour,Hors agglomération,Giratoire,Normale,Deux véhicules - arrière,3,1,1,0,1,3,1,5,1,50,2,4,1,0,0,3,45.0,48.0,voiture,voiture,1,1,6,1,2
201900001769,2019-10-25 17:40:00,2019,10,25,17,40,60,60141,Avenue de la Plaine des Aigles,49.189278,2.480272,Plein jour,En agglomération,Giratoire,Normale,Autre collision,4,1,1,2,1,1,1,5,1,50,1,2,1,0,1,0,37.0,,voiture,,1,2,6,1,6
201900001770,2019-10-25 17:25:00,2019,10,25,17,25,80,80467,D930,49.667325,2.748896,Plein jour,Hors agglomération,Hors intersection,Normale,Deux véhicules - frontale,3,2,2,0,1,1,1,0,1,80,2,5,1,0,4,0,38.0,35.0,voiture,voiture,1,1,1,1,1
201900001771,2019-10-02 13:15:00,2019,10,2,13,15,80,80322,D1017,49.771678,2.819309,Plein jour,Hors agglomération,Autre intersection,Normale,Deux véhicules - frontale,3,2,2,0,1,1,1,0,1,80,2,2,1,0,0,1,28.0,38.0,deux_roues,voiture,1,1,9,1,1
201900001772,2019-10-25 08:10:00,2019,10,25,8,10,80,80521,A1,49.980027,2.86712,Plein jour,Hors agglomération,Hors intersection,Normale,Deux véhicules - côté,1,3,3,0,1,1,1,0,1,130,2,2,1,0,1,0,46.0,20.0,utilitaire_camion,voiture,1,1,1,1,3
201900001773,2019-10-06 10:20:00,2019,10,6,10,20,13,13071,A51-Sens Marseille vers Aix en Provence,43.41679,5.36551,Plein jour,Hors agglomération,Hors intersection,Normale,Trois véhicules et plus - en chaîne,1,-1,2,0,1,3,1,0,1,50,3,4,1,0,0,3,24.0,18.0,voiture,voiture,1,1,1,1,4
201900001774,2019-10-18 19:20:00,2019,10,18,19,20,69,69029,RD383   7.640 A 11.044,45.73896,4.90423,Crépuscule ou aube,Hors agglomération,Hors intersection,Pluie légère,Deux véhicules - côté,3,1,3,0,2,1,2,0,1,70,2,2,1,0,1,0,58.0,24.0,utilitaire_camion,utilitaire_camion,2,1,1,2,3
201900001775,2019-10-18 06:25:00,2019,10,18,6,25,69,69115,A6   427.300 A 428.640,45.9733,4.73379,Nuit avec éclairage allumé,Hors agglomération,Hors intersection,Pluie légère,Autre collision,1,1,2,0,1,2,2,0,1,70,1,2,0,0,2,0,24.0,,voiture,,5,1,1,2,6
201900001776,2019-10-19 21:20:00,2019,10,19,21,20,69,69272,A46S   57.400 A 61.010,45.59396,4.84665,Nuit sans éclairage public,Hors agglomération,Hors intersection,Normale,Deux véhicules - arrière,1,1,4,0,1,1,2,0,1,110,2,4,0,0,0,4,61.0,,voiture,,3,1,1,1,2
201900001777,2019-10-24 09:00:00,2019,10,24,9,0,33,33550,ROCADE A 630,44.77771,-0.55941,Plein jour,Hors agglomération,Hors intersection,Normale,Deux véhicules - côté,1,3,6,0,1,1,2,0,1,90,2,3,2,0,0,1,23.0,32.0,deux_roues,utilitaire_camion,1,1,1,1,3
201900001778,2019-10-24 07:50:00,2019,10,24,7,50,33,33013,ROUTE NATIONALE 230,44.86229,-0.5039,Plein jour,Hors agglomération,Hors intersection,Pluie légère,Trois véhicules et plus - en chaîne,2,3,6,0,1,1,2,0,1,90,3,4,3,0,0,1,78.0,38.0,voiture,voiture,1,1,1,2,4
201900001779,2019-10-24 17:45:00,2019,10,24,17,45,91,91064,RN 118,48.7482,2.19872,Plein jour,Hors agglomération,Hors intersection,Normale,Deux véhicules - côté,2,3,2,0,3,1,1,0,1,90,2,2,1,0,0,1,51.0,53.0,voiture,deux_roues,1,1,1,1,3
201900001780,2019-10-24 09:30:00,2019,10,24,9,30,94,94003,AUTOROUTE A6A,48.8026,2.3418,Plein jour,Hors agglomération,Hors intersection,Normale,Trois véhicules et plus - en chaîne,1,1,3,3,2,1,1,0,1,70,4,3,1,0,0,2,65.0,35.0,voiture,voiture,1,1,1,1,4
201900001781,2019-10-23 17:00:00,2019,10,23,17,0,93,93008,AUTOROUTE A86,48.911775,2.439566,Plein jour,Hors agglomération,Hors intersection,Normale,Deux véhicules - arrière,1,3,8,0,1,1,1,1,1,90,2,3,1,0,0,2,27.0,47.0,voiture,voiture,1,1,1,1,2
201900001782,2019-10-23 14:30:00,2019,10,23,14,30,92,92036,AUTOROUTE A86,48.9378311,2.2974755,Plein jour,Hors agglomération,Hors intersection,Normale,Deux véhicules - arrière,1,3,10,0,1,1,1,0,1,90,2,2,1,0,0,1,34.0,53.0,deux_roues,utilitaire_camion,1,1,1,1,2
201900001783,2019-10-23 09:20:00,2019,10,23,9,20,93,93010,AUTOROUTE A3,48.91279,2.47656,Plein jour,Hors agglomération,Hors intersection,Normale,Deux véhicules - arrière,1,3,6,0,1,1,1,2,1,110,2,2,1,0,0,1,38.0,32.0,voiture,deux_roues,1,1,1,1,2
201900001784,2019-10-22 18:40:00,2019,10,22,18,40,93,93008,AUTOROUTE A86,48.91075,2.44202,Plein jour,Hors agglomération,Hors intersection,Normale,Deux véhicules - côté,1,3,8,0,1,1,1,1,1,90,2,2,1,0,0,1,39.0,27.0,voiture,deux_roues,1,1,1,1,3
201900001785,2019-10-22 13:40:00,2019,10,22,13,40,95,95424,AUTOROUTE A15,48.99247,2.1882,Plein jour,Hors agglomération,Hors intersection,Brouillard / fumée,Sans collision,1,3,7,0,1,3,1,0,1,110,1,1,0,0,0,1,32.0,,deux_roues,,1,1,1,5,7
201900001786,2019-10-24 20:00:00,2019,10,24,20,0,77,77373,RN104,48.7888,2.6176,Nuit avec éclairage non allumé,Hors agglomération,Hors intersection,Normale,Deux véhicules - arrière,2,3,2,0,1,1,1,0,1,90,2,2,1,0,1,0,23.0,51.0,voiture,voiture,4,1,1,1,2
201900001787,2019-10-24 20:00:00,2019,10,24,20,0,94,94065,A86 EXT,48.754,2.35075,Nuit avec éclairage allumé,Hors agglomération,Hors intersection,Normale,Trois véhicules et plus - en chaîne,1,1,2,0,1,1,1,0,1,90,3,4,2,0,0,2,35.0,23.0,deux_roues,voiture,5,1,1,1,4
201900001788,2019-10-24 08:00:00,2019,10,24,8,0,94,94018,A4,48.8176,2.4188,Crépuscule ou aube,Hors agglomération,Hors intersection,Normale,Trois véhicules et plus - en chaîne,1,1,5,0,1,1,1,0,1,90,3,3,2,0,0,1,73.0,37.0,voiture,utilitaire_camion,2,1,1,1,4
201900001789,2019-10-24 07:40:00,2019,10,24,7,40,94,94018,A4,48.81756,2.42219,Nuit sans éclairage public,Hors agglomération,Hors intersection,Normale,Deux véhicules - arrière,1,-1,5,0,1,1,1,0,1,90,2,2,1,0,0,1,58.0,50.0,voiture,deux_roues,3,1,1,1,2
201900001790,2019-10-22 20:45:00,2019,10,22,20,45,94,94018,A4,48.8182579,2.4107479,Nuit sans éclairage public,Hors agglomération,Hors intersection,Normale,Deux véhicules - arrière,1,3,5,0,1,1,1,0,1,90,2,3,1,0,0,2,21.0,27.0,voiture,voiture,3,1,1,1,2
201900001791,2019-10-22 20:00:00,2019,10,22,20,0,94,94073,A86 EXT,48.7667,2.3833,Nuit sans éclairage public,Hors agglomération,Hors intersection,Normale,Trois véhicules et plus - en chaîne,1,3,3,0,1,1,1,0,1,90,3,3,2,0,0,1,30.0,40.0,voiture,utilitaire_camion,3,1,1,1,4
201900001792,2019-10-21 17:45:00,2019,10,21,17,45,71,71153,VILAR (RUE JEAN),46.7849,4.43472,Plein jour,En agglomération,Place,Normale,Deux véhicules - frontale,4,2,2,0,2,1,1,0,1,50,2,2,1,0,1,0,91.0,55.0,voiture,deux_roues,1,2,7,1,1
201900001793,2019-10-22 17:25:00,2019,10,22,17,25,50,50532,CROISSANT (ROUTE DU),48.815406,-1.5474,Plein jour,Hors agglomération,Intersection en X,Normale,Deux véhicules - côté,4,2,2,0,1,1,1,5,1,80,2,3,2,0,0,1,22.0,81.0,voiture,voiture,1,1,2,1,3
201900001794,2019-10-23 09:30:00,2019,10,23,9,30,13,13211,Sens Aubagne vers Marseille,43.28705,5.43588,Plein jour,Hors agglomération,Hors intersection,Temps couvert,Autre collision,1,3,5,0,1,1,1,0,1,70,2,2,1,0,0,1,53.0,61.0,utilitaire_camion,voiture,1,1,1,8,6
201900001795,2019-10-21 19:25:00,2019,10,21,19,25,93,93005,AUTOROUTE A3,48.96018,2.47352,Nuit avec éclairage non allumé,Hors agglomération,Hors intersection,Normale,Trois véhicules et plus - collisions multiples,1,3,6,0,1,1,1,0,1,90,3,3,2,0,0,1,56.0,40.0,voiture,utilitaire_camion,4,1,1,1,5
201900001796,2019-10-20 22:15:00,2019,10,20,22,15,93,93053,AUTOROUTE A3,48.8957,2.4709,Nuit avec éclairage non allumé,Hors agglomération,Hors intersection,Pluie légère,Autre collision,1,3,10,0,1,3,2,2,1,70,1,1,0,0,0,1,25.0,,voiture,,4,1,1,2,6
201900001797,2019-10-23 18:17:00,2019,10,23,18,17,976,97611,kaweni-Kaweni nord ( Z I ),-12.76136,45.22638,Nuit avec éclairage non allumé,En agglomération,Hors intersection,Normale,Autre collision,2,2,0,0,1,1,1,6,1,50,1,2,1,0,0,1,27.0,,voiture,,4,2,1,1,6
201900001798,2019-10-23 13:10:00,2019,10,23,13,10,974,97416,SAINT-EXPEDIT (RUE),-21.345593,55.483677,Plein jour,Hors agglomération,Intersection en X,Normale,Deux véhicules - côté,4,2,0,0,2,1,1,9,1,50,2,5,4,0,0,1,18.0,36.0,voiture,voiture,1,1,2,1,3
201900001799,2019-10-23 17:10:00,2019,10,23,17,10,974,97409,DE LA GARE(RUE),-20.96142,55.656479,Plein jour,En agglomération,Intersection en T,Normale,Trois véhicules et plus - collisions multiples,4,2,2,0,1,1,1,0,1,50,3,7,0,0,0,7,62.0,30.0,voiture,utilitaire_camion,1,2,3,1,5
201900001800,2019-10-24 00:00:00,2019,10,24,0,0,69,69386,MARECHAL DE SAXE                    (R ),45.76625,4.84441,Nuit avec éclairage allumé,En agglomération,Hors intersection,Pluie forte,Autre collision,4,2,3,3,1,1,2,0,6,50,1,2,1,0,0,1,44.0,,transport_commun,,5,2,1,3,6
201900001801,2019-10-23 16:30:00,2019,10,23,16,30,69,69387,BERTHELOT                           (AV),45.74782,4.83361,Plein jour,En agglomération,Intersection en X,Pluie légère,Autre collision,4,1,2,0,1,1,2,0,1,50,1,2,1,0,0,1,39.0,,voiture,,1,2,2,2,6
201900001802,2019-10-23 13:45:00,2019,10,23,13,45,972,97213,PLACE D'ARMES,14.61217,-60.99172,Plein jour,Hors agglomération,Hors intersection,Normale,Deux véhicules - côté,5,3,1,0,1,1,1,0,1,30,2,2,1,0,0,1,19.0,51.0,voiture,voiture,1,1,1,1,3
201900001803,2019-10-22 11:45:00,2019,10,22,11,45,69,69389,DOCTEURS CORDIER (DES)              (R ),45.80146,4.82872,Plein jour,En agglomération,Hors intersection,Pluie légère,Deux véhicules - frontale,4,2,2,0,2,1,2,0,1,50,2,2,1,0,0,1,44.0,42.0,voiture,deux_roues,1,2,1,2,1
201900001804,2019-10-11 17:29:00,2019,10,11,17,29,971,97101,MORNE VERGAIN,16.2543,-61.52296,Plein jour,En agglomération,Hors intersection,Normale,Autre collision,2,3,2,0,1,1,1,0,1,50,1,2,1,0,1,0,76.0,,voiture,,1,2,1,1,6
201900001805,2019-10-22 12:25:00,2019,10,22,12,25,91,91215,QUINCY (RUE DE),48.6847,2.5154,Plein jour,Hors agglomération,Autre intersection,Normale,Trois véhicules et plus - collisions multiples,4,2,2,0,1,1,1,0,1,50,3,7,0,0,1,6,22.0,63.0,voiture,voiture,1,1,9,1,5
201900001806,2019-10-21 19:09:00,2019,10,21,19,9,87,87085,PETIT TOUR (RUE DU),45.8317,1.24893,Nuit avec éclairage allumé,En agglomération,Intersection en X,Normale,Deux véhicules - côté,4,1,1,0,1,1,1,0,1,50,2,2,1,0,0,1,22.0,52.0,deux_roues,voiture,5,2,2,1,3
201900001807,2019-10-21 09:10:00,2019,10,21,9,10,85,85194,BOULEVARD DU VENDEE GLOBE ,46.49985,-1.75691,Plein jour,En agglomération,Giratoire,Normale,Autre collision,4,2,2,0,1,4,1,0,1,50,1,2,1,1,0,0,48.0,,utilitaire_camion,,1,2,6,1,6
201900001808,2019-10-23 03:50:00,2019,10,23,3,50,85,85194,AVENUE DE TALMONT ,46.48959,-1.75025,Nuit avec éclairage allumé,En agglomération,Giratoire,Pluie légère,Sans collision,4,2,2,0,2,3,2,5,1,50,1,2,0,0,1,1,17.0,,deux_roues,,5,2,6,2,7
201900001809,2019-10-21 19:40:00,2019,10,21,19,40,80,80021,VERDUN (RUE DE ),49.89396,2.31153,Crépuscule ou aube,En agglomération,Intersection en T,Normale,Autre collision,4,2,2,0,1,2,1,0,1,50,1,2,1,0,0,1,69.0,,voiture,,2,2,3,1,6
201900001810,2019-10-18 16:25:00,2019,10,18,16,25,78,78640,LOUIS BREGUET (AVENUE),48.78186,2.18225,Plein jour,En agglomération,Hors intersection,Normale,Deux véhicules - arrière,4,3,4,0,1,1,1,0,1,50,2,2,1,0,0,1,42.0,51.0,voiture,voiture,1,2,1,1,2
201900001811,2019-10-23 07:00:00,2019,10,23,7,0,77,77438,D418 X AV DES JONCS,48.86985,2.68171,Nuit avec éclairage allumé,En agglomération,Intersection en Y,Normale,Trois véhicules et plus - en chaîne,3,2,2,0,1,1,1,5,1,50,3,3,1,0,0,2,48.0,28.0,voiture,voiture,5,2,4,1,4
201900001812,2019-10-23 18:10:00,2019,10,23,18,10,74,74305,MONTREAL (RUE DE),46.205744,6.283473,Crépuscule ou aube,En agglomération,Intersection en T,Pluie légère,Deux véhicules - frontale,4,2,2,0,2,1,1,0,1,50,2,2,1,0,0,1,55.0,55.0,voiture,voiture,2,2,3,2,1
201900001813,2019-10-23 11:20:00,2019,10,23,11,20,64,64140,GLIZE (RUE RAYMOND ET MARCEL),43.5154,-1.47957,Plein jour,En agglomération,Hors intersection,Temps couvert,Sans collision,4,2,2,0,2,3,8,0,1,50,1,1,0,0,0,1,57.0,,utilitaire_camion,,1,2,1,8,7
201900001814,2019-10-23 08:10:00,2019,10,23,8,10,63,63113,CHATEAUDUN (RUE DE),45.7825,3.09825,Plein jour,En agglomération,Hors intersection,Normale,Deux véhicules - arrière,4,2,2,0,1,1,1,0,1,50,2,2,1,0,0,1,18.0,27.0,voiture,deux_roues,1,2,1,1,2
201900001815,2019-10-22 12:30:00,2019,10,22,12,30,63,63113,MOULIN (BD JEAN),45.77323,3.12077,Plein jour,En agglomération,Hors intersection,Normale,Deux véhicules - arrière,7,1,2,0,1,1,1,0,3,50,2,4,2,0,0,2,47.0,31.0,voiture,voiture,1,2,1,1,2
201900001816,2019-10-22 11:00:00,2019,10,22,11,0,62,62193,CURIE (BOULEVARD),50.93953,1.86286,Plein jour,En agglomération,Intersection en X,Normale,Deux véhicules - côté,4,2,1,0,1,1,1,0,1,50,2,3,1,0,2,0,19.0,56.0,deux_roues,voiture,1,2,2,1,3
201900001817,2019-10-22 07:55:00,2019,10,22,7,55,60,60057,JEAN MERMOZ (AVENUE),49.43703,2.07517,Crépuscule ou aube,En agglomération,Intersection en X,Brouillard / fumée,Deux véhicules - côté,4,2,4,0,1,1,1,0,1,50,2,2,1,0,1,0,53.0,28.0,deux_roues,voiture,2,2,2,5,3
201900001818,2019-10-23 08:25:00,2019,10,23,8,25,59,59009,MONS BOULEVARD DE,50.646,3.129,Plein jour,En agglomération,Giratoire,Normale,Deux véhicules - côté,4,1,10,0,1,2,1,5,1,50,2,2,1,0,0,1,40.0,54.0,voiture,deux_roues,1,2,6,1,3
201900001819,2019-10-13 11:06:00,2019,10,13,11,6,59,59350,LAMBRET OSCAR AVENUE,50.6148208,3.0356061,Plein jour,En agglomération,Autre intersection,Normale,Autre collision,4,3,2,0,1,1,1,9,1,50,1,2,1,0,1,0,33.0,,voiture,,1,2,9,1,6
201900001820,2019-10-07 16:28:00,2019,10,7,16,28,59,59017,FAIDHERBE (BD ),50.68663,2.86743,Plein jour,En agglomération,Hors intersection,Normale,Autre collision,4,2,2,0,1,1,1,0,2,50,1,2,1,0,0,1,21.0,,voiture,,1,2,1,1,6
201900001821,2019-10-23 09:45:00,2019,10,23,9,45,56,56098,LECLERC (RUE  GENERAL ),47.76307,-3.34955,Plein jour,En agglomération,Giratoire,Normale,Deux véhicules - arrière,4,2,2,0,1,1,1,0,1,30,2,2,1,0,0,1,47.0,22.0,voiture,voiture,1,2,6,1,2
201900001822,2019-10-22 17:35:00,2019,10,22,17,35,56,56098,RN 165,47.77638,-3.36243,Plein jour,Hors agglomération,Hors intersection,Normale,Trois véhicules et plus - en chaîne,2,3,6,0,1,1,1,0,1,90,4,4,2,0,0,2,48.0,57.0,voiture,voiture,1,1,1,1,4
201900001823,2019-10-18 15:00:00,2019,10,18,15,0,54,54395,LORRAIN (QUAI CLAUDE LE),48.69967,6.16952,Plein jour,En agglomération,Hors intersection,Normale,Sans collision,4,-1,2,0,1,1,1,0,1,50,1,2,1,0,0,1,27.0,,voiture,,1,2,1,1,7
201900001824,2019-10-22 10:25:00,2019,10,22,10,25,51,51108,RUE EMILE SCHMIT,48.96675,4.36009,Plein jour,En agglomération,Hors intersection,Temps couvert,Sans collision,4,-1,2,0,1,1,1,9,1,50,1,1,0,0,0,1,,,,,1,2,1,8,7
201900001825,2019-10-23 08:35:00,2019,10,23,8,35,50,50218,MATIGNON (AV DES),48.8379,-1.5834,Crépuscule ou aube,En agglomération,Autre intersection,Pluie légère,Autre collision,3,2,2,1,1,1,2,0,1,50,1,2,1,0,0,1,51.0,,voiture,,2,2,9,2,6
201900001826,2019-10-22 07:00:00,2019,10,22,7,0,50,50129,ABBAYE (RUE DE L'),49.64598,-1.63971,Nuit avec éclairage allumé,En agglomération,Hors intersection,Brouillard / fumée,Trois véhicules et plus - en chaîne,3,3,5,0,3,1,2,1,1,50,4,4,3,0,0,1,26.0,37.0,voiture,voiture,5,2,1,5,4
201900001827,2019-10-23 09:40:00,2019,10,23,9,40,50,50129,FOURCHES (ROUTE DES),49.63722,-1.65062,Plein jour,En agglomération,Hors intersection,Normale,Autre collision,6,-1,-1,0,1,1,1,0,1,50,1,2,1,0,0,1,67.0,,voiture,,1,2,1,1,6
201900001828,2019-10-21 08:50:00,2019,10,21,8,50,50,50129,TANNERIES (RUE DES),49.63291,-1.623,Plein jour,En agglomération,Hors intersection,Temps couvert,Deux véhicules - arrière,4,2,4,0,1,1,2,2,1,50,2,2,1,0,0,1,62.0,18.0,voiture,deux_roues,1,2,1,8,2
201900001829,2019-10-24 19:00:00,2019,10,24,19,0,49,49099,MINEE(BOULEVARD DE LA),47.05518,-0.86009,Crépuscule ou aube,En agglomération,Hors intersection,Normale,Autre collision,7,3,6,2,2,1,1,0,1,50,1,2,1,0,1,0,47.0,,voiture,,2,2,1,1,6
201900001830,2019-10-23 19:25:00,2019,10,23,19,25,45,45285,AV P MENDES FRANCE,47.9047,1.86605,Nuit avec éclairage non allumé,En agglomération,Hors intersection,Normale,Autre collision,4,3,5,2,1,1,1,1,1,50,1,2,1,0,1,0,49.0,,voiture,,4,2,1,1,6