accident_id,datetime,annee,mois,jour,heure,minute,departement,commune_insee,adresse,latitude,longitude,luminosite,agglomeration,intersection,meteo,collision,catr,circ,nbv,vosp,prof,plan,surf,infra,situ,vma,nb_vehicules,nb_usagers,nb_indemnes,nb_tues,nb_blesses_hosp,nb_blesses_legers,age_cond_1,age_cond_2,veh_type_cond_1,veh_type_cond_2,lum_code,agg_code,int_code,atm_code,col_code
201900001831,2019-10-23 16:52:00,2019,10,23,16,52,45,45232,RUE DE LA REINE BLANCHE,47.8738906,1.8811961,Plein jour,Hors agglomération,Hors intersection,Autre,Deux véhicules - côté,4,2,2,0,1,3,2,0,1,50,2,3,0,0,0,3,26.0,24.0,voiture,voiture,1,1,1,9,3
201900001832,2019-10-23 07:00:00,2019,10,23,7,0,44,44109,BOULEVARD ROBERT SCHUMAN,47.2416,-1.57348,Nuit avec éclairage allumé,En agglomération,Autre intersection,Normale,Autre collision,4,2,2,0,1,1,1,0,1,50,1,2,1,0,1,0,71.0,,voiture,,5,2,9,1,6
201900001833,2019-10-23 08:40:00,2019,10,23,8,40,37,37208,BEAUGAILLARD (AVENUE),47.3649415,0.7186116,Plein jour,En agglomération,Hors intersection,Temps couvert,Autre collision,4,3,4,2,2,1,1,9,1,50,3,3,1,0,0,2,36.0,56.0,deux_roues,utilitaire_camion,1,2,1,8,6
201900001834,2019-10-23 20:45:00,2019,10,23,20,45,35,35238,SAINT-BRIEUC (DE),48.11642,-1.71,Nuit sans éclairage public,En agglomération,Intersection à plus de 4 branches,Normale,Deux véhicules - frontale,4,3,4,0,1,1,1,5,1,50,2,4,0,0,0,4,40.0,48.0,voiture,voiture,3,2,5,1,1
201900001835,2019-10-24 02:10:00,2019,10,24,2,10,33,33063,CRS VICTOR HUGO  - VTA = VTC,44.835679,-0.56813,Nuit avec éclairage allumé,En agglomération,Intersection en T,Pluie légère,Deux véhicules - côté,4,2,4,2,1,1,1,0,1,50,2,2,1,0,0,1,29.0,28.0,voiture,deux_roues,5,2,3,2,3
201900001836,2019-10-22 16:50:00,2019,10,22,16,50,33,33039,ALL DES QUATRE CASTERA,44.81119,-0.53364,Plein jour,En agglomération,Intersection en Y,Pluie forte,Deux véhicules - arrière,4,2,2,0,1,3,2,0,1,30,2,2,1,0,0,1,54.0,46.0,voiture,voiture,1,2,4,3,2
201900001837,2019-10-23 09:50:00,2019,10,23,9,50,32,32013,JEAN JAURES (AVENUE),43.66416,0.59745,Plein jour,En agglomération,Hors intersection,Normale,Autre collision,4,2,2,0,1,1,1,0,1,50,1,2,1,0,1,0,42.0,,voiture,,1,2,1,1,6
201900001838,2019-10-23 00:30:00,2019,10,23,0,30,31,31555,AV M BOURGES MAUNOURY,43.62965,1.44959,Nuit avec éclairage allumé,En agglomération,Hors intersection,Pluie forte,Deux véhicules - frontale,4,2,2,0,1,1,2,0,1,50,2,4,3,0,0,1,22.0,23.0,voiture,voiture,5,2,1,3,1
201900001839,2019-10-23 16:40:00,2019,10,23,16,40,30,30007,LUMIERES (AVE DES FRERES),44.13967,4.08931,Plein jour,En agglomération,Hors intersection,Pluie forte,Sans collision,4,2,2,0,1,1,2,0,1,50,1,1,0,1,0,0,91.0,,voiture,,1,2,1,3,7
201900001840,2019-10-23 15:35:00,2019,10,23,15,35,29,29232,LUZEL RUE,47.99604,-4.09987,Plein jour,En agglomération,Hors intersection,Pluie légère,Deux véhicules - côté,4,2,3,0,1,1,2,0,1,30,2,2,1,0,0,1,40.0,42.0,voiture,deux_roues,1,2,1,2,3
201900001841,2019-10-20 14:50:00,2019,10,20,14,50,29,29232,LIMERICK AVENUE DE,47.98698,-4.09151,Plein jour,En agglomération,Hors intersection,Normale,Sans collision,4,2,2,0,2,2,1,0,1,50,1,1,0,0,0,1,23.0,,voiture,,1,2,1,1,7
201900001842,2019-10-18 13:00:00,2019,10,18,13,0,29,29232,MENEZ EDOUARD  ROND POINT,48.0154,-4.0821,Plein jour,En agglomération,Giratoire,Normale,Autre collision,4,2,4,0,1,1,1,5,1,50,1,2,1,0,0,1,22.0,,voiture,,1,2,6,1,6
201900001843,2019-10-22 12:15:00,2019,10,22,12,15,13,13026,RN 568 CLM,43.39006,5.16758,Plein jour,Hors agglomération,Autre intersection,Normale,Deux véhicules - arrière,3,2,2,0,1,1,2,0,1,80,2,3,0,0,0,3,19.0,35.0,voiture,voiture,1,1,9,1,2
201900001844,2019-10-23 19:10:00,2019,10,23,19,10,13,13202,DAMES (BOULEVARD DES),43.3029062,5.3676313,Nuit avec éclairage allumé,En agglomération,Intersection en X,Pluie forte,Autre collision,4,2,4,0,2,1,2,0,1,50,1,2,1,0,0,1,69.0,,voiture,,5,2,2,3,6
201900001845,2019-10-23 15:30:00,2019,10,23,15,30,13,13213,ROSE (AVENUE DE LA),43.3260674,5.4205459,Plein jour,En agglomération,Hors intersection,Pluie forte,Deux véhicules - arrière,4,2,2,0,1,1,2,0,1,50,2,3,1,0,0,2,17.0,35.0,voiture,voiture,1,2,1,3,2
201900001846,2019-10-23 14:10:00,2019,10,23,14,10,13,13211,JEAN LOMBARD (AVENUE),43.288977,5.433827,Plein jour,Hors agglomération,Hors intersection,Pluie légère,Autre collision,3,2,2,1,1,1,2,0,1,50,1,1,0,0,0,1,,,,,1,1,1,2,6
201900001847,2019-10-21 18:00:00,2019,10,21,18,0,13,13215,GARE (BOULEVARD DE LA) ,43.35804,5.36573,Plein jour,En agglomération,Hors intersection,Pluie forte,Trois véhicules et plus - collisions multiples,4,2,2,0,1,1,2,0,1,50,4,5,1,0,0,4,33.0,33.0,voiture,voiture,1,2,1,3,5
201900001848,2019-10-23 10:35:00,2019,10,23,10,35,13,13213,VALLON VERT (CHEMIN DU),43.33492,5.45152,Plein jour,En agglomération,Hors intersection,Temps couvert,Deux véhicules - côté,4,2,2,0,1,1,1,0,1,50,2,2,1,0,1,0,53.0,64.0,deux_roues,voiture,1,2,1,8,3
201900001849,2019-10-22 19:55:00,2019,10,22,19,55,13,13211,PINEDE (RUE DE LA),43.29269,5.42858,Nuit avec éclairage allumé,En agglomération,Hors intersection,Normale,Deux véhicules - arrière,9,2,2,0,2,2,1,0,1,30,2,1,0,0,0,1,30.0,,voiture,,5,2,1,1,2
201900001850,2019-10-22 08:10:00,2019,10,22,8,10,5,05061,FOREST D'ENTRAIS ( RUE  DU ),44.56478,6.08647,Plein jour,En agglomération,Hors intersection,Pluie légère,Trois véhicules et plus - en chaîne,4,2,2,0,1,2,2,0,1,50,4,4,3,0,0,1,49.0,36.0,voiture,voiture,1,2,1,2,4
201900001851,2019-10-22 19:15:00,2019,10,22,19,15,75,75120,BD PERIPHERIQUE INTERIEUR,48.85724,2.414025,Nuit avec éclairage allumé,En agglomération,Hors intersection,Normale,Autre collision,4,1,4,0,1,1,1,0,1,70,2,1,0,0,0,1,33.0,,deux_roues,,5,2,1,1,6
201900001852,2019-10-22 17:40:00,2019,10,22,17,40,75,75116,BD PERIPHERIQUE EXTERIEUR,48.862014,2.264393,Plein jour,En agglomération,Hors intersection,Normale,Trois véhicules et plus - en chaîne,4,1,4,0,1,1,1,0,1,70,4,4,1,0,0,3,33.0,49.0,voiture,utilitaire_camion,1,2,1,1,4
201900001853,2019-10-21 16:30:00,2019,10,21,16,30,75,75112,BD PERIPHERIQUE INTERIEUR,48.8308143,2.402808,Plein jour,En agglomération,Hors intersection,Normale,Deux véhicules - arrière,4,1,4,0,1,1,1,0,1,70,2,2,1,0,0,1,31.0,41.0,utilitaire_camion,deux_roues,1,2,1,1,2
201900001854,2019-10-23 20:32:00,2019,10,23,20,32,75,75112,AVENUE DE NOGENT,48.8443575,2.4414997,Nuit sans éclairage public,En agglomération,Hors intersection,Normale,Deux véhicules - côté,4,2,4,3,1,1,1,0,6,50,2,2,1,0,1,0,43.0,48.0,deux_roues,deux_roues,3,2,1,1,3
201900001855,2019-10-22 20:20:00,2019,10,22,20,20,75,75114,AVENUE PAUL VAILLANT COUTURIER,48.8169835,2.3321307,Nuit avec éclairage allumé,En agglomération,Intersection en T,Temps couvert,Deux véhicules - côté,4,2,2,0,1,1,1,0,1,50,2,2,1,0,0,1,33.0,70.0,deux_roues,voiture,5,2,3,8,3
201900001856,2019-10-23 11:50:00,2019,10,23,11,50,75,75119,RUE DU MAROC,48.8862304,2.3698221,Plein jour,En agglomération,Hors intersection,Temps couvert,Deux véhicules - côté,4,2,2,0,1,1,1,0,1,50,2,2,1,0,0,1,40.0,38.0,deux_roues,utilitaire_camion,1,2,1,8,3
201900001857,2019-10-23 17:10:00,2019,10,23,17,10,75,75118,BOULEVARD NEY,48.8986751,2.367013,Plein jour,En agglomération,Hors intersection,Temps couvert,Deux véhicules - côté,4,3,2,0,1,1,2,9,1,50,2,2,1,0,0,1,47.0,60.0,deux_roues,utilitaire_camion,1,2,1,8,3
201900001858,2019-10-23 16:00:00,2019,10,23,16,0,75,75118,RUE MARCADET,48.89121,2.3396426,Plein jour,En agglomération,Intersection à plus de 4 branches,Pluie légère,Deux véhicules - côté,4,1,1,0,2,1,2,0,1,30,2,2,1,0,0,1,56.0,51.0,voiture,deux_roues,1,2,5,2,3
201900001859,2019-10-23 14:30:00,2019,10,23,14,30,75,75110,QUAI DE JEMMAPES,48.8732275,2.364203,Plein jour,En agglomération,Intersection en X,Temps couvert,Autre collision,4,1,2,1,1,1,1,0,5,50,1,2,0,0,0,2,34.0,,deux_roues,,1,2,2,8,6
201900001860,2019-10-23 10:38:00,2019,10,23,10,38,75,75118,RUE MARX DORMOY,48.88683,2.35969,Plein jour,En agglomération,Intersection en T,Temps couvert,Deux véhicules - côté,4,3,4,0,1,1,1,0,1,50,2,2,1,0,1,0,23.0,24.0,utilitaire_camion,deux_roues,1,2,3,8,3
201900001861,2019-10-23 16:50:00,2019,10,23,16,50,75,75117,RUE RENNEQUIN,48.881309,2.298535,Plein jour,En agglomération,Intersection en X,Pluie légère,Deux véhicules - côté,4,1,2,0,1,1,2,0,1,30,2,2,1,0,0,1,50.0,18.0,utilitaire_camion,deux_roues,1,2,2,2,3
201900001862,2019-10-23 17:00:00,2019,10,23,17,0,75,75117,BOULEVARD DE COURCELLES,48.8786745,2.3008495,Plein jour,En agglomération,Intersection en T,Normale,Autre collision,4,2,4,0,1,1,2,0,1,30,1,1,0,0,0,1,,,,,1,2,3,1,6
201900001863,2019-10-22 09:30:00,2019,10,22,9,30,75,75108,BOULEVARD DE COURCELLES,48.8793707,2.3041734,Plein jour,En agglomération,Hors intersection,Normale,Deux véhicules - côté,4,2,4,0,1,1,1,0,1,30,2,2,1,0,0,1,46.0,42.0,deux_roues,deux_roues,1,2,1,1,3
201900001864,2019-10-22 17:50:00,2019,10,22,17,50,75,75116,PLACE DE COLOMBIE,48.8631674,2.2685777,Plein jour,En agglomération,Place,Normale,Deux véhicules - arrière,4,2,4,0,1,1,1,0,1,50,2,2,1,0,0,1,38.0,30.0,utilitaire_camion,deux_roues,1,2,7,1,2
201900001865,2019-10-22 17:20:00,2019,10,22,17,20,75,75115,BOULEVARD PASTEUR,48.8392271,2.3163333,Plein jour,En agglomération,Hors intersection,Normale,Autre collision,4,2,6,0,2,1,1,0,1,50,1,2,0,0,0,2,36.0,,deux_roues,,1,2,1,1,6
201900001866,2019-10-23 08:45:00,2019,10,23,8,45,75,75114,AVENUE DU GENERAL LECLERC,48.830801,2.329397,Plein jour,En agglomération,Intersection en T,Normale,Deux véhicules - côté,4,1,4,3,1,1,1,-1,6,50,2,2,1,0,0,1,18.0,45.0,deux_roues,utilitaire_camion,1,2,3,1,3
201900001867,2019-10-23 10:45:00,2019,10,23,10,45,75,75113,BOULEVARD MASSENA,48.8239679,2.3767372,Plein jour,En agglomération,Hors intersection,Temps couvert,Autre collision,4,2,4,1,2,1,1,5,5,50,1,2,1,0,0,1,21.0,,deux_roues,,1,2,1,8,6
201900001868,2019-10-22 22:32:00,2019,10,22,22,32,75,75113,RUE BOBILLOT,48.8258116,2.350362,Nuit avec éclairage allumé,En agglomération,Intersection à plus de 4 branches,Normale,Deux véhicules - côté,4,2,3,-1,1,1,1,5,1,50,2,2,1,0,0,1,52.0,39.0,deux_roues,voiture,5,2,5,1,3
201900001869,2019-10-23 11:50:00,2019,10,23,11,50,75,75112,AVENUE DU TRONE,48.8481109,2.3974879,Plein jour,En agglomération,Place,Normale,Deux véhicules - côté,4,4,4,0,1,1,1,0,1,50,2,2,1,0,0,1,69.0,14.0,utilitaire_camion,deux_roues,1,2,7,1,3
201900001870,2019-10-23 18:30:00,2019,10,23,18,30,75,75110,RUE DE LANCRY,48.869863,2.36073,Nuit avec éclairage allumé,En agglomération,Intersection en X,Normale,Deux véhicules - côté,4,4,1,1,1,1,1,0,5,30,2,2,1,0,0,1,50.0,27.0,utilitaire_camion,deux_roues,5,2,2,1,3
201900001871,2019-10-23 21:40:00,2019,10,23,21,40,75,75108,VOIE GEORGES POMPIDOU,48.8645733,2.3039737,Nuit sans éclairage public,En agglomération,Hors intersection,Normale,Deux véhicules - côté,4,1,3,0,1,1,2,0,1,50,2,2,1,0,0,1,35.0,29.0,deux_roues,voiture,3,2,1,1,3
201900001872,2019-10-23 09:45:00,2019,10,23,9,45,75,75108,BOULEVARD MALESHERBES,48.8800984,2.3134602,Plein jour,En agglomération,Intersection en T,Normale,Deux véhicules - arrière,4,2,4,0,1,1,1,0,1,50,2,2,1,0,0,1,60.0,55.0,utilitaire_camion,voiture,1,2,3,1,2
201900001873,2019-10-23 14:20:00,2019,10,23,14,20,75,75103,RUE DES FRANCS BOURGEOIS,48.85789,2.3603,Plein jour,En agglomération,Hors intersection,Normale,Autre collision,4,1,1,0,1,1,1,0,1,30,1,2,1,0,0,1,73.0,,voiture,,1,2,1,1,6
201900001874,2019-10-22 15:40:00,2019,10,22,15,40,94,94078,PARIS (R DE),48.73117,2.44671,Plein jour,En agglomération,Hors intersection,Pluie légère,Deux véhicules - arrière,2,3,4,0,1,1,2,0,1,50,2,2,1,0,0,1,63.0,33.0,voiture,utilitaire_camion,1,2,1,2,2
201900001875,2019-10-23 19:00:00,2019,10,23,19,0,94,94003,PAUL VAILLANT COUTURIER (AV),48.8,2.34,Nuit sans éclairage public,En agglomération,Hors intersection,Normale,Trois véhicules et plus - en chaîne,3,2,0,0,2,1,1,0,1,50,3,3,1,0,0,2,27.0,48.0,voiture,voiture,3,2,1,1,4
201900001876,2019-10-23 02:50:00,2019,10,23,2,50,94,94076,JEAN JAURES (R),48.7927,2.3665,Nuit avec éclairage allumé,En agglomération,Hors intersection,Normale,Sans collision,3,1,1,0,1,1,1,0,1,30,1,1,0,0,0,1,35.0,,voiture,,5,2,1,1,7
201900001877,2019-10-21 19:30:00,2019,10,21,19,30,94,94011,PARIS(AVENUE DE),48.7741855,2.4818347,Nuit avec éclairage allumé,En agglomération,Intersection en X,Normale,Deux véhicules - côté,3,4,4,0,1,1,1,5,1,50,2,2,1,0,0,1,24.0,18.0,voiture,deux_roues,5,2,2,1,3
201900001878,2019-10-23 13:30:00,2019,10,23,13,30,94,94079,ANDRE ROUY (R),48.82285,2.55044,Plein jour,En agglomération,Hors intersection,Normale,Deux véhicules - côté,4,2,2,0,1,1,1,0,1,50,2,2,1,0,0,1,34.0,24.0,voiture,deux_roues,1,2,1,1,3
201900001879,2019-10-23 12:23:00,2019,10,23,12,23,93,93078,ROUX (RUE DU DOCTEUR),48.9509,2.5559,Plein jour,En agglomération,Intersection en X,Normale,Deux véhicules - côté,7,1,1,0,1,1,1,0,1,50,2,3,2,0,0,1,42.0,55.0,voiture,voiture,1,2,2,1,3
201900001880,2019-10-23 07:19:00,2019,10,23,7,19,93,93053,STAINS (ROUTE DE),48.904689,2.470191,Nuit avec éclairage non allumé,En agglomération,Place,Normale,Autre collision,3,1,3,0,2,1,1,2,1,50,1,2,1,0,0,1,20.0,,voiture,,4,2,7,1,6
201900001881,2019-10-23 08:00:00,2019,10,23,8,0,93,93014,JEAN MOULIN (AVENUE),48.90825,2.55496,Crépuscule ou aube,En agglomération,Hors intersection,Temps couvert,Autre collision,4,2,2,0,1,1,1,0,1,50,1,1,0,0,0,1,88.0,,voiture,,2,2,1,8,6
201900001882,2019-10-23 18:20:00,2019,10,23,18,20,93,93010,BLANQUI (R. LOUIS-AUGUSTE) DE 32 A 134 C,48.89817,2.48968,Crépuscule ou aube,En agglomération,Intersection en X,Normale,Trois véhicules et plus - collisions multiples,4,2,2,0,1,1,2,0,1,30,3,3,2,0,0,1,41.0,33.0,voiture,voiture,2,2,2,1,5
201900001883,2019-10-23 14:28:00,2019,10,23,14,28,93,93008,JAURES (AVENUE JEAN),48.89883,2.44209,Plein jour,En agglomération,Hors intersection,Normale,Deux véhicules - côté,3,1,4,0,1,1,1,0,1,50,2,2,1,0,0,1,16.0,37.0,deux_roues,utilitaire_camion,1,2,1,1,3
201900001884,2019-10-23 21:15:00,2019,10,23,21,15,93,93001,ADRIEN AGNES (QUAI),48.91842,2.36923,Nuit sans éclairage public,En agglomération,Hors intersection,Normale,Deux véhicules - arrière,3,2,2,0,1,1,1,0,1,50,2,2,1,0,0,1,32.0,35.0,voiture,deux_roues,3,2,1,1,2
201900001885,2019-10-23 21:20:00,2019,10,23,21,20,92,92062,GENERAL DE GAULLE (AV) DU 63 AU 107,48.8875,2.2325,Nuit avec éclairage allumé,En agglomération,Hors intersection,Normale,Deux véhicules - côté,3,3,3,0,1,1,1,0,1,50,2,2,1,0,0,1,25.0,29.0,deux_roues,voiture,5,2,1,1,3
201900001886,2019-10-23 11:15:00,2019,10,23,11,15,92,92035,Voltaire ( rue ),48.90693,2.2448,Plein jour,En agglomération,Hors intersection,Normale,Autre collision,4,1,1,0,1,1,1,0,1,30,1,2,1,0,0,1,57.0,,voiture,,1,2,1,1,6
201900001887,2019-09-06 13:50:00,2019,9,6,13,50,9,09209,Audinac les Bains,43.00734,1.182732,Plein jour,Hors agglomération,Hors intersection,Normale,Autre collision,3,2,2,0,1,2,1,0,1,50,1,1,0,1,0,0,28.0,,voiture,,1,1,1,1,6
201900001888,2019-10-24 09:00:00,2019,10,24,9,0,54,54235,D55,48.488204,6.014837,Plein jour,Hors agglomération,Hors intersection,Normale,Autre collision,3,2,2,0,1,3,1,0,1,70,2,2,1,0,0,1,22.0,38.0,utilitaire_camion,utilitaire_camion,1,1,1,1,6
201900001889,2019-10-14 15:25:00,2019,10,14,15,25,76,76245,A151,49.548773,1.041135,Plein jour,Hors agglomération,Hors intersection,Normale,Deux véhicules - arrière,1,3,4,3,1,1,1,0,1,130,2,3,2,0,0,1,20.0,79.0,voiture,voiture,1,1,1,1,2
201900001890,2019-10-24 07:50:00,2019,10,24,7,50,974,97422,4 Chemin de l'Hermitage,-21.264326,55.507923,Plein jour,En agglomération,Hors intersection,Normale,Autre collision,2,2,2,0,1,1,1,6,8,50,1,2,1,1,0,0,75.0,,voiture,,1,2,1,1,6
201900001891,2019-10-20 00:30:00,2019,10,20,0,30,972,97220,chevalier,14.488582,-60.904493,Nuit avec éclairage allumé,En agglomération,Hors intersection,Normale,Deux véhicules - frontale,2,2,2,0,1,2,1,0,1,50,2,2,1,0,1,0,19.0,17.0,voiture,deux_roues,5,2,1,1,1
201900001892,2019-10-23 16:50:00,2019,10,23,16,50,62,62361,Avenue Philippe Lebas,50.276546,2.283367,Plein jour,En agglomération,Intersection en T,Normale,Deux véhicules - côté,3,2,2,0,1,1,1,0,1,50,2,2,0,0,1,1,16.0,17.0,deux_roues,deux_roues,1,2,3,1,3
201900001893,2019-10-24 11:40:00,2019,10,24,11,40,51,51380,RD 41,48.9083228,3.5562406,Plein jour,Hors agglomération,Hors intersection,Temps couvert,Sans collision,3,2,2,0,1,4,2,0,3,80,1,1,0,0,1,0,80.0,,voiture,,1,1,1,8,7
201900001894,2019-10-20 21:40:00,2019,10,20,21,40,56,56022,La Forêt,47.801068,-2.909067,Nuit sans éclairage public,Hors agglomération,Hors intersection,Normale,Autre collision,3,2,2,0,2,2,2,0,3,80,1,1,0,0,0,1,42.0,,voiture,,3,1,1,1,6
201900001895,2019-10-23 17:20:00,2019,10,23,17,20,69,69169,D98,45.989009,4.399682,Plein jour,Hors agglomération,Hors intersection,Pluie forte,Deux véhicules - frontale,3,2,2,0,1,2,2,0,1,80,2,3,0,0,0,3,38.0,23.0,voiture,voiture,1,1,1,3,1
201900001896,2019-10-18 10:40:00,2019,10,18,10,40,81,81120,Place de l'Europe,43.5384854,2.2633694,Plein jour,En agglomération,Giratoire,Normale,Autre collision,3,2,2,0,1,1,1,5,1,50,1,2,1,0,1,0,85.0,,voiture,,1,2,6,1,6
201900001897,2019-10-24 07:30:00,2019,10,24,7,30,49,49143,Chenaie,47.615831,-0.159699,Nuit sans éclairage public,Hors agglomération,Intersection en T,Normale,Deux véhicules - côté,3,2,2,0,2,1,2,0,1,80,2,3,1,0,2,0,26.0,20.0,voiture,deux_roues,3,1,3,1,3
201900001898,2019-10-22 14:18:00,2019,10,22,14,18,12,12042,D25,43.952108,2.760107,Plein jour,Hors agglomération,Intersection en Y,Pluie forte,Deux véhicules - frontale,3,2,2,0,1,3,2,0,1,80,2,6,1,0,0,5,53.0,27.0,voiture,utilitaire_camion,1,1,4,3,1
201900001899,2019-10-18 07:55:00,2019,10,18,7,55,44,44072,Route des Marais,47.411046,-2.350479,Crépuscule ou aube,Hors agglomération,Intersection en X,Normale,Deux véhicules - côté,3,2,2,0,1,1,1,5,1,80,2,3,1,0,0,2,32.0,58.0,voiture,voiture,2,1,2,1,3
201900001900,2019-10-23 07:25:00,2019,10,23,7,25,44,44072,D33,47.448908,-2.298916,Nuit sans éclairage public,Hors agglomération,Hors intersection,Pluie légère,Deux véhicules - frontale,3,2,2,0,1,1,2,0,1,80,2,2,0,0,1,1,21.0,44.0,voiture,voiture,3,1,1,2,1
201900001901,2019-10-24 17:15:00,2019,10,24,17,15,38,38389,D518,45.55605,5.09772,Plein jour,Hors agglomération,Intersection en X,Normale,Deux véhicules - côté,3,2,2,0,2,1,1,0,1,80,2,2,0,1,0,1,83.0,20.0,voiture,voiture,1,1,2,1,3
201900001902,2019-10-14 13:00:00,2019,10,14,13,0,2,02179,6 Rue de Fismes,49.261211,3.613315,Plein jour,En agglomération,Hors intersection,Normale,Deux véhicules - frontale,3,2,2,0,2,3,1,0,1,50,2,2,1,0,1,0,33.0,29.0,deux_roues,voiture,1,2,1,1,1
201900001903,2019-10-24 07:30:00,2019,10,24,7,30,3,03110,,46.123352,3.3560326,Crépuscule ou aube,Hors agglomération,Hors intersection,Normale,Trois véhicules et plus - collisions multiples,3,2,2,0,2,1,2,0,1,-1,3,3,1,0,2,0,28.0,52.0,voiture,voiture,2,1,1,1,5
201900001904,2019-10-23 20:45:00,2019,10,23,20,45,1,01147,D1,46.419956,5.296046,Nuit avec éclairage allumé,En agglomération,Hors intersection,Normale,Autre collision,3,2,2,0,2,2,2,0,3,50,1,1,0,0,0,1,16.0,,deux_roues,,5,2,1,1,6
201900001905,2019-10-24 08:00:00,2019,10,24,8,0,14,14675,D230,49.129061,-0.297576,Crépuscule ou aube,Hors agglomération,Hors intersection,Pluie légère,Deux véhicules - frontale,3,2,2,0,1,1,2,0,1,80,2,2,1,0,1,0,33.0,18.0,voiture,deux_roues,2,1,1,2,1
201900001906,2019-10-24 05:27:00,2019,10,24,5,27,45,45306,D2060,48.018397,2.885335,Nuit sans éclairage public,Hors agglomération,Hors intersection,Normale,Deux véhicules - côté,3,2,2,0,1,1,1,0,1,80,2,2,1,0,1,0,57.0,22.0,utilitaire_camion,voiture,3,1,1,1,3
201900001907,2019-10-23 16:00:00,2019,10,23,16,0,64,64371,36 rue Victor Hugo,43.2208915,-0.8878753,Plein jour,En agglomération,Hors intersection,Temps couvert,Autre collision,3,1,1,2,1,1,1,0,4,30,1,2,1,0,1,0,13.0,,deux_roues,,1,2,1,8,6
201900001908,2019-10-24 14:35:00,2019,10,24,14,35,73,73114,D1212,45.8230291,6.5335659,Plein jour,Hors agglomération,Hors intersection,Pluie légère,Deux véhicules - frontale,3,2,2,0,2,3,2,0,1,80,2,3,1,0,1,1,56.0,21.0,voiture,voiture,1,1,1,2,1
201900001909,2019-10-23 19:20:00,2019,10,23,19,20,18,18221,D35,46.805614,2.392751,Nuit sans éclairage public,Hors agglomération,Hors intersection,Vent fort / tempête,Sans collision,3,2,2,0,1,1,2,0,1,80,1,1,0,0,1,0,17.0,,deux_roues,,3,1,1,6,7
201900001910,2019-10-23 12:35:00,2019,10,23,12,35,40,40288,1628 Route du Jay,44.018569,-0.343935,Plein jour,Hors agglomération,Intersection en Y,Normale,Deux véhicules - arrière,3,2,2,0,1,1,2,0,1,80,2,2,1,0,0,1,20.0,34.0,voiture,voiture,1,1,4,1,2
201900001911,2019-10-23 23:40:00,2019,10,23,23,40,30,30004,N113,43.716769,4.202244,Nuit sans éclairage public,Hors agglomération,Hors intersection,Pluie légère,Autre collision,2,2,2,0,1,2,2,0,3,80,1,1,0,1,0,0,23.0,,voiture,,3,1,1,2,6
201900001912,2019-10-24 10:05:00,2019,10,24,10,5,48,48092,17 Avenue Théophile Roussel,44.557968,3.290918,Plein jour,En agglomération,Hors intersection,Normale,Autre collision,3,2,2,0,1,1,2,0,1,50,1,2,1,0,1,0,72.0,,voiture,,1,2,1,1,6
201900001913,2019-10-23 15:10:00,2019,10,23,15,10,49,49193,D15,47.159289,-0.89454,Plein jour,Hors agglomération,Hors intersection,Normale,Autre collision,3,2,2,0,1,1,1,0,1,80,2,2,1,0,0,1,57.0,66.0,utilitaire_camion,voiture,1,1,1,1,6
201900001914,2019-10-23 09:40:00,2019,10,23,9,40,91,91045,D17,48.541674,2.387231,Plein jour,Hors agglomération,Hors intersection,Normale,Trois véhicules et plus - en chaîne,3,2,2,0,1,1,1,0,1,70,3,3,2,0,1,0,36.0,73.0,voiture,voiture,1,1,1,1,4
201900001915,2019-10-23 20:28:00,2019,10,23,20,28,67,67125,Autoroute A35 PK 432.200 sens Strasbourg / Colmar,48.335348,7.499132,Nuit sans éclairage public,Hors agglomération,Hors intersection,Normale,Trois véhicules et plus - en chaîne,1,3,4,0,1,1,1,0,1,130,3,3,2,0,1,0,46.0,28.0,voiture,voiture,3,1,1,1,4
201900001916,2019-10-23 07:45:00,2019,10,23,7,45,69,69112,A89  (Embranchement d'autoroute),45.82159,4.6892,Crépuscule ou aube,Hors agglomération,Hors intersection,Pluie légère,Autre collision,1,3,2,0,1,2,2,0,1,110,1,1,0,0,0,1,22.0,,voiture,,2,1,1,2,6
201900001917,2019-10-19 13:00:00,2019,10,19,13,0,6,06088,A8 - PK 198+500 NORD,43.733739,7.240561,Plein jour,Hors agglomération,Hors intersection,Pluie forte,Deux véhicules - côté,1,3,4,0,2,3,2,0,1,90,2,3,1,0,0,2,40.0,33.0,voiture,utilitaire_camion,1,1,1,3,3
201900001918,2019-10-22 19:00:00,2019,10,22,19,0,33,33005,Rue Jean Sachetti,44.74699,-1.089672,Nuit avec éclairage allumé,En agglomération,Intersection en X,Pluie légère,Deux véhicules - côté,3,2,4,2,1,1,2,5,1,-1,2,2,1,0,0,1,82.0,62.0,voiture,deux_roues,5,2,2,2,3
201900001919,2019-10-23 08:20:00,2019,10,23,8,20,988,98821,R.T.1,-22.08833,166.31951,Plein jour,Hors agglomération,Hors intersection,Pluie légère,Deux véhicules - frontale,2,2,2,0,2,3,2,0,1,70,2,6,0,1,2,3,46.0,54.0,utilitaire_camion,voiture,1,1,1,2,1
201900001920,2019-10-12 12:10:00,2019,10,12,12,10,977,97701,rt46 - tourterelle,17.893279,-62.837244,Plein jour,En agglomération,Hors intersection,Normale,Sans collision,2,2,2,0,2,1,1,0,1,50,1,1,0,0,1,0,22.0,,deux_roues,,1,2,1,1,7