accident_id,datetime,annee,mois,jour,heure,minute,departement,commune_insee,adresse,latitude,longitude,luminosite,agglomeration,intersection,meteo,collision,catr,circ,nbv,vosp,prof,plan,surf,infra,situ,vma,nb_vehicules,nb_usagers,nb_indemnes,nb_tues,nb_blesses_hosp,nb_blesses_legers,age_cond_1,age_cond_2,veh_type_cond_1,veh_type_cond_2,lum_code,agg_code,int_code,atm_code,col_code
201900002010,2019-11-27 07:15:00,2019,11,27,7,15,13,13201,DUGOMMIER (BOULEVARD)     1 A 29,43.29706,5.38102,Crépuscule ou aube,En agglomération,Intersection en T,Pluie légère,Deux véhicules - côté,4,2,5,0,1,1,2,0,1,50,2,2,1,0,0,1,43.0,17.0,utilitaire_camion,deux_roues,2,2,3,2,3
201900002011,2019-11-26 19:00:00,2019,11,26,19,0,13,13210,VERDILLON (RUE),43.27552,5.42411,Nuit avec éclairage allumé,En agglomération,Hors intersection,Normale,Autre collision,4,2,2,0,2,1,1,0,1,50,1,2,1,0,1,0,24.0,,voiture,,5,2,1,1,6
201900002012,2019-11-26 08:50:00,2019,11,26,8,50,13,13063,RN 1569 LA TRANSHUMANCE,43.54169,4.95616,Plein jour,Hors agglomération,Hors intersection,Normale,Trois véhicules et plus - collisions multiples,2,2,2,3,1,1,1,0,1,80,4,4,3,0,1,0,46.0,29.0,voiture,voiture,1,1,1,1,5
201900002013,2019-11-27 09:30:00,2019,11,27,9,30,13,13001,RD9,43.50614,5.40279,Plein jour,Hors agglomération,Hors intersection,Normale,Deux véhicules - arrière,3,1,0,0,1,1,2,0,1,90,2,2,1,0,1,0,50.0,30.0,deux_roues,voiture,1,1,1,1,2
201900002014,2019-11-23 13:20:00,2019,11,23,13,20,11,11262,CREISSEL (BOULEVARD DE),43.17817,3.0277,Plein jour,En agglomération,Autre intersection,Normale,Deux véhicules - côté,6,1,1,0,1,1,1,9,8,30,2,2,1,0,1,0,72.0,32.0,voiture,voiture,1,2,9,1,3
201900002015,2019-11-27 13:50:00,2019,11,27,13,50,9,09122,LECLERC (AVENUE DU GENERAL),42.97686,1.608957,Plein jour,En agglomération,Intersection en T,Normale,Deux véhicules - côté,3,-1,2,0,1,1,1,5,1,50,2,2,1,0,0,1,59.0,62.0,voiture,deux_roues,1,2,3,1,3
201900002016,2019-11-27 06:45:00,2019,11,27,6,45,7,07281,Avenue du Puy en Velay,44.940562,4.833212,Crépuscule ou aube,Hors agglomération,Autre intersection,Pluie légère,Autre collision,3,2,2,0,2,2,2,0,1,90,1,1,0,0,0,1,18.0,,voiture,,2,1,9,2,6
201900002017,2019-11-27 13:15:00,2019,11,27,13,15,6,06069,CAPUCINS (CHEMIN ET IMPASSE DES),43.649913,6.931567,Plein jour,En agglomération,Hors intersection,Normale,Autre collision,4,2,2,0,1,1,1,0,1,50,1,2,1,0,0,1,50.0,,voiture,,1,2,1,1,6
201900002018,2019-11-26 12:25:00,2019,11,26,12,25,6,06069,NAPOLEON (ROUTE),43.675943,6.90107,Plein jour,Hors agglomération,Hors intersection,Normale,Sans collision,3,-1,2,0,1,1,1,0,1,90,1,2,1,0,0,1,69.0,,voiture,,1,1,1,1,7
201900002019,2019-11-27 16:30:00,2019,11,27,16,30,6,06027,FRANCE ROUTE DE,43.662336,7.131479,Crépuscule ou aube,En agglomération,Hors intersection,Normale,Autre collision,4,2,4,0,1,1,1,0,1,50,1,2,1,0,0,1,24.0,,voiture,,2,2,1,1,6
201900002020,2019-11-26 12:05:00,2019,11,26,12,5,6,06027,BESSET AVENUE CYRILLE,43.659637,7.158041,Plein jour,En agglomération,Autre intersection,Normale,Deux véhicules - côté,7,2,2,0,2,1,1,0,1,50,2,2,1,0,0,1,41.0,17.0,voiture,deux_roues,1,2,9,1,3
201900002021,2019-11-26 21:53:00,2019,11,26,21,53,5,05061,EMILE DIDIER ( AV ),44.56744,6.09687,Nuit avec éclairage allumé,En agglomération,Giratoire,Normale,Sans collision,2,2,2,0,1,1,1,5,1,50,1,1,0,0,1,0,19.0,,voiture,,5,2,6,1,7
201900002022,2019-11-26 07:10:00,2019,11,26,7,10,5,05061,JEAN JAURES ( AVENUE ),44.55459,6.07429,Nuit avec éclairage allumé,En agglomération,Hors intersection,Normale,Sans collision,2,2,2,0,1,1,1,0,1,50,1,2,1,0,1,0,28.0,,voiture,,5,2,1,1,7
201900002023,2019-11-27 15:50:00,2019,11,27,15,50,75,75119,BD PERIPHERIQUE INTERIEUR,48.900223,2.382005,Plein jour,En agglomération,Hors intersection,Normale,Deux véhicules - côté,4,1,4,0,1,1,2,0,1,70,2,2,1,0,0,1,21.0,20.0,deux_roues,voiture,1,2,1,1,3
201900002024,2019-11-27 04:50:00,2019,11,27,4,50,75,75115,BD PERIPHERIQUE EXTERIEUR,48.8340829,2.2763089,Nuit avec éclairage allumé,En agglomération,Hors intersection,Temps couvert,Autre collision,4,1,3,0,1,1,2,0,1,70,1,1,0,0,0,1,30.0,,voiture,,5,2,1,8,6
201900002025,2019-11-27 03:13:00,2019,11,27,3,13,75,75111,BOULEVARD VOLTAIRE,48.8605575,2.3754823,Nuit avec éclairage allumé,En agglomération,Intersection en T,Normale,Autre collision,4,2,8,0,1,1,2,0,1,50,1,2,1,0,0,1,45.0,,voiture,,5,2,3,1,6
201900002026,2019-11-26 02:54:00,2019,11,26,2,54,75,75109,BOULEVARD POISSONNIERE,48.8710453,2.345742,Nuit avec éclairage allumé,En agglomération,Intersection en T,Normale,Deux véhicules - côté,4,2,3,0,1,1,2,0,1,50,2,2,1,0,1,0,32.0,30.0,voiture,deux_roues,5,2,3,1,3
201900002027,2019-11-27 13:19:00,2019,11,27,13,19,75,75105,RUE SOUFFLOT,48.8470982,2.3419551,Plein jour,En agglomération,Intersection en X,Pluie légère,Autre collision,4,2,2,0,2,1,2,0,1,30,2,4,2,0,0,2,29.0,36.0,deux_roues,voiture,1,2,2,2,6
201900002028,2019-11-27 20:32:00,2019,11,27,20,32,75,75120,RUE DE BELLEVILLE,48.8745444,2.3866577,Nuit avec éclairage allumé,En agglomération,Hors intersection,Normale,Deux véhicules - frontale,4,2,2,3,2,1,1,-1,6,50,2,2,0,0,0,2,31.0,50.0,transport_commun,deux_roues,5,2,1,1,1
201900002029,2019-11-27 06:30:00,2019,11,27,6,30,75,75119,RUE JULES ROMAINS,48.8735682,2.3777944,Nuit avec éclairage allumé,En agglomération,Hors intersection,Autre,Autre collision,4,1,1,0,2,4,2,0,1,30,1,1,0,0,0,1,,,,,5,2,1,9,6
201900002030,2019-11-27 12:30:00,2019,11,27,12,30,75,75116,RUE DE LA TOUR,48.862802,2.276328,Plein jour,En agglomération,Intersection à plus de 4 branches,Pluie légère,Autre collision,4,1,1,0,1,1,2,0,1,50,1,3,1,0,0,2,60.0,,utilitaire_camion,,1,2,5,2,6
201900002031,2019-11-26 17:10:00,2019,11,26,17,10,75,75116,RUE DES VIGNES,48.8571094,2.273435,Nuit avec éclairage allumé,En agglomération,Intersection en Y,Normale,Autre collision,4,2,2,0,1,1,1,0,1,50,1,2,1,0,0,1,26.0,,deux_roues,,5,2,4,1,6
201900002032,2019-11-25 23:56:00,2019,11,25,23,56,75,75116,ALLEE DE LONGCHAMP,48.8749229,2.2711067,Nuit avec éclairage allumé,En agglomération,Intersection en X,Normale,Deux véhicules - côté,4,2,2,0,1,1,1,0,1,50,2,3,0,0,0,3,48.0,29.0,voiture,utilitaire_camion,5,2,2,1,3
201900002033,2019-11-27 09:30:00,2019,11,27,9,30,75,75113,BOULEVARD VINCENT AURIOL,48.834736,2.366966,Plein jour,En agglomération,Intersection en T,Pluie légère,Autre collision,4,3,3,0,2,1,2,0,1,50,1,2,1,0,0,1,53.0,,deux_roues,,1,2,3,2,6
201900002034,2019-11-22 08:20:00,2019,11,22,8,20,75,75113,RUE GUYTON DE MORVEAU,48.8253939,2.3470187,Plein jour,En agglomération,Intersection en T,Normale,Autre collision,4,2,2,-1,1,1,1,0,1,30,1,2,0,0,0,2,54.0,,utilitaire_camion,,1,2,3,1,6
201900002035,2019-11-27 12:20:00,2019,11,27,12,20,75,75112,RUE DES MARGUETTES,48.843969,2.408305,Plein jour,En agglomération,Intersection en X,Pluie légère,Autre collision,4,2,2,0,1,1,2,0,1,30,1,2,1,0,0,1,57.0,,voiture,,1,2,2,2,6
201900002036,2019-11-27 07:45:00,2019,11,27,7,45,75,75111,RUE DU CHEMIN VERT,48.8580235,2.3716629,Plein jour,En agglomération,Intersection en X,Normale,Autre collision,4,1,2,0,1,1,1,0,1,30,1,2,1,0,0,1,44.0,,utilitaire_camion,,1,2,2,1,6
201900002037,2019-11-27 08:54:00,2019,11,27,8,54,75,75108,PLACE DE LA CONCORDE,48.8662533,2.3212695,Plein jour,En agglomération,Place,Pluie légère,Sans collision,4,1,4,0,1,2,2,0,1,50,1,1,0,0,0,1,37.0,,deux_roues,,1,2,7,2,7
201900002038,2019-11-26 23:16:00,2019,11,26,23,16,75,75107,PLACE JOFFRE,48.853859,2.30479,Nuit avec éclairage allumé,En agglomération,Place,Pluie légère,Trois véhicules et plus - collisions multiples,4,2,2,0,1,1,2,0,1,50,3,4,2,0,1,1,41.0,67.0,voiture,voiture,5,2,7,2,5
201900002039,2019-11-27 09:45:00,2019,11,27,9,45,75,75104,RUE DE LA CITE,48.855653,2.348344,Plein jour,En agglomération,Intersection en X,Pluie légère,Sans collision,4,1,2,1,1,1,2,0,5,30,1,1,0,0,0,1,27.0,,deux_roues,,1,2,2,2,7
201900002040,2019-11-26 23:30:00,2019,11,26,23,30,94,94046,GENERAL DE GAULLE (AV DU),48.815,2.4205,Nuit avec éclairage allumé,En agglomération,Hors intersection,Pluie légère,Autre collision,3,3,2,0,2,1,2,0,1,50,1,2,1,0,0,1,34.0,,deux_roues,,5,2,1,2,6
201900002041,2019-11-26 13:00:00,2019,11,26,13,0,94,94046,GENERAL LECLERC (AV DU),48.81265,2.42832,Plein jour,En agglomération,Hors intersection,Pluie légère,Autre collision,3,1,2,0,1,1,2,0,1,50,1,2,0,0,0,2,37.0,,deux_roues,,1,2,1,2,6
201900002042,2019-11-26 18:50:00,2019,11,26,18,50,94,94041,AUGUSTE DESHAIES (QU),48.81855,2.40035,Nuit avec éclairage allumé,En agglomération,Intersection en Y,Normale,Deux véhicules - côté,3,2,3,0,1,1,1,0,1,50,2,2,1,0,0,1,48.0,50.0,deux_roues,utilitaire_camion,5,2,4,1,3
201900002043,2019-11-27 12:30:00,2019,11,27,12,30,94,94054,GEORGES CLEMENCEAU (AV),48.750212,2.398705,Plein jour,En agglomération,Autre intersection,Pluie légère,Deux véhicules - côté,4,-1,2,0,1,1,2,0,1,50,2,2,1,0,0,1,43.0,22.0,deux_roues,utilitaire_camion,1,2,9,2,3
201900002044,2019-11-26 18:00:00,2019,11,26,18,0,93,93066,WILSON (AVENUE DU PRESIDENT),48.90809,2.35865,Nuit sans éclairage public,En agglomération,Hors intersection,Normale,Autre collision,3,1,2,3,1,1,2,0,1,50,1,2,1,0,1,0,37.0,,voiture,,3,2,1,1,6
201900002045,2019-11-27 01:30:00,2019,11,27,1,30,93,93032,PAUL VAILLANT COUTURIER (RUE),48.87561,2.55043,Nuit avec éclairage allumé,En agglomération,Hors intersection,Pluie légère,Autre collision,3,2,0,0,1,1,2,0,1,50,1,1,0,0,1,0,,,,,5,2,1,2,6
201900002046,2019-11-27 17:30:00,2019,11,27,17,30,93,93048,PAUL DOUMER (RUE),48.858496,2.456984,Plein jour,En agglomération,Hors intersection,Pluie légère,Trois véhicules et plus - en chaîne,4,2,2,0,1,1,2,0,1,50,3,3,2,0,0,1,46.0,52.0,voiture,voiture,1,2,1,2,4
201900002047,2019-11-27 08:20:00,2019,11,27,8,20,93,93048,FRANKLIN (RUE),48.862356,2.443715,Plein jour,En agglomération,Intersection en X,Normale,Autre collision,4,2,2,0,1,1,1,0,1,50,1,2,1,0,0,1,28.0,,transport_commun,,1,2,2,1,6
201900002048,2019-11-27 01:20:00,2019,11,27,1,20,93,93048,JEAN JAURES (PLACE),48.86211,2.44151,Nuit avec éclairage allumé,En agglomération,Place,Pluie forte,Autre collision,4,2,2,0,1,1,2,0,1,30,2,1,0,0,1,0,41.0,,deux_roues,,5,2,7,3,6
201900002049,2019-11-27 08:35:00,2019,11,27,8,35,93,93046,JULES GUESDES AVENUE,48.9109,2.51155,Plein jour,En agglomération,Hors intersection,Normale,Deux véhicules - arrière,3,2,2,0,1,1,1,0,1,50,2,2,1,0,0,1,31.0,51.0,voiture,voiture,1,2,1,1,2
201900002050,2019-11-22 09:15:00,2019,11,22,9,15,93,93007,8 MAI 45 (AVENUE DU 1 AU 182),48.94639,2.43637,Plein jour,En agglomération,Hors intersection,Normale,Autre collision,3,1,2,0,1,2,1,8,1,50,1,1,0,0,1,0,33.0,,deux_roues,,1,2,1,1,6
201900002051,2019-09-17 13:50:00,2019,9,17,13,50,92,92078,CHARLES DE GAULLE (BD) (1 AU 13),48.94257,2.31896,Plein jour,En agglomération,Autre intersection,Normale,Deux véhicules - côté,3,2,4,0,1,1,1,0,1,50,2,2,1,0,0,1,35.0,40.0,voiture,deux_roues,1,2,9,1,3
201900002052,2019-11-27 19:14:00,2019,11,27,19,14,92,92040,PDT ROOSEVELT (QUAI DU),48.83333,2.26403,Nuit sans éclairage public,En agglomération,Hors intersection,Normale,Deux véhicules - côté,3,2,2,0,1,1,2,0,1,50,2,2,1,0,0,1,23.0,50.0,voiture,deux_roues,3,2,1,1,3
201900002053,2019-11-27 16:15:00,2019,11,27,16,15,92,92012,GENERAL LECLERC (AVENUE DU) 35/FIN - 60/,48.83112,2.23892,Plein jour,En agglomération,Intersection en X,Pluie légère,Deux véhicules - côté,3,3,4,0,1,1,2,9,1,50,2,2,1,0,0,1,43.0,28.0,deux_roues,utilitaire_camion,1,2,2,2,3
201900002054,2019-11-26 16:00:00,2019,11,26,16,0,92,92002,FRERES LUMIERES (AVENUE DES),48.73831,2.30791,Plein jour,En agglomération,Intersection en T,Normale,Deux véhicules - frontale,4,1,1,0,1,2,1,0,1,50,2,2,0,0,0,2,30.0,45.0,voiture,voiture,1,2,3,1,1
201900002055,2019-11-27 17:00:00,2019,11,27,17,0,1,01443,488 Rue de Dombes,46.000142,5.028058,Nuit avec éclairage allumé,En agglomération,Intersection en T,Pluie légère,Deux véhicules - côté,3,2,2,0,1,1,2,0,1,50,2,2,1,0,0,1,41.0,17.0,voiture,deux_roues,5,2,3,2,3
201900002056,2019-11-28 07:50:00,2019,11,28,7,50,33,33138,21 Rue Francois Mitterrand - Piétons traversent Est vers Ouest,45.04796,-0.11962,Crépuscule ou aube,En agglomération,Hors intersection,Pluie légère,Autre collision,3,2,2,0,1,1,2,0,1,50,1,3,1,0,1,1,56.0,,voiture,,2,2,1,2,6
201900002057,2019-11-27 16:10:00,2019,11,27,16,10,68,68076,8 Rue de la 5e Division Blindee,48.092284,7.501098,Plein jour,En agglomération,Intersection en Y,Pluie légère,Sans collision,4,2,2,0,1,3,2,0,1,50,1,1,0,0,0,1,14.0,,deux_roues,,1,2,4,2,7
201900002058,2019-11-25 12:30:00,2019,11,25,12,30,972,97227,D17,14.468273,-60.924159,Plein jour,En agglomération,Hors intersection,Temps couvert,Deux véhicules - frontale,2,2,2,0,2,3,2,2,1,50,2,3,0,0,1,2,24.0,55.0,voiture,voiture,1,2,1,8,1
201900002059,2019-11-28 06:30:00,2019,11,28,6,30,60,60395,Rue Aristide Briand,49.2152968,2.1269912,Nuit sans éclairage public,Hors agglomération,Giratoire,Temps couvert,Deux véhicules - arrière,3,-1,2,0,1,1,1,9,1,80,2,2,1,0,0,1,49.0,23.0,deux_roues,voiture,3,1,6,8,2
201900002060,2019-11-27 10:30:00,2019,11,27,10,30,74,74034,D902,46.271916,6.62062,Plein jour,Hors agglomération,Hors intersection,Pluie forte,Deux véhicules - côté,3,2,3,0,1,1,2,0,1,80,2,4,2,0,0,2,60.0,38.0,voiture,voiture,1,1,1,3,3
201900002061,2019-11-28 17:50:00,2019,11,28,17,50,41,41173,D50,47.927362,1.401962,Nuit sans éclairage public,Hors agglomération,Intersection en X,Pluie légère,Deux véhicules - côté,3,2,2,0,1,1,2,5,1,80,2,2,1,1,0,0,22.0,35.0,deux_roues,voiture,3,1,2,2,3
201900002062,2019-11-27 18:15:00,2019,11,27,18,15,30,30060,D42,43.78932,4.387762,Nuit avec éclairage allumé,En agglomération,Hors intersection,Normale,Trois véhicules et plus - collisions multiples,3,2,2,0,1,1,1,0,1,50,3,3,2,0,0,1,71.0,52.0,voiture,deux_roues,5,2,1,1,5
201900002063,2019-11-26 08:10:00,2019,11,26,8,10,56,56094,Chemin de Mané-kernours,47.760075,-3.283676,Crépuscule ou aube,Hors agglomération,Giratoire,Pluie légère,Sans collision,9,1,2,0,1,2,2,5,8,80,1,1,0,0,1,0,45.0,,deux_roues,,2,1,6,2,7
201900002064,2019-11-28 07:40:00,2019,11,28,7,40,2B,2B096,7 Avenue Jean Nicoli,42.306401,9.156529,Plein jour,En agglomération,Intersection en X,Normale,Autre collision,3,2,2,0,2,3,1,0,4,-1,1,1,0,0,1,0,46.0,,utilitaire_camion,,1,2,2,1,6
201900002065,2019-10-11 19:01:00,2019,10,11,19,1,82,82149,Route de Mirabel,44.124492,1.45413,Plein jour,Hors agglomération,Intersection en T,Normale,Deux véhicules - côté,3,2,2,0,1,1,1,0,1,80,2,2,1,0,1,0,80.0,49.0,voiture,deux_roues,1,1,3,1,3
201900002066,2019-11-28 13:55:00,2019,11,28,13,55,65,65127,D938,43.096668,0.330706,Plein jour,Hors agglomération,Intersection en Y,Normale,Trois véhicules et plus - collisions multiples,3,2,2,0,1,3,1,5,1,80,3,4,2,0,1,1,64.0,63.0,voiture,utilitaire_camion,1,1,4,1,5
201900002067,2019-11-27 17:00:00,2019,11,27,17,0,33,33394,Lieu Dit la Grace Dieu,44.90597,-0.1736,Crépuscule ou aube,Hors agglomération,Hors intersection,Pluie forte,Deux véhicules - frontale,3,2,2,0,1,3,2,0,1,70,2,3,0,0,2,1,42.0,33.0,voiture,voiture,2,1,1,3,1
201900002068,2019-11-27 01:45:00,2019,11,27,1,45,81,81272,D999,43.920817,1.612661,Nuit sans éclairage public,Hors agglomération,Hors intersection,Pluie forte,Autre collision,3,2,2,0,1,1,2,0,3,80,1,2,0,0,1,1,65.0,,voiture,,3,1,1,3,6
201900002069,2019-11-27 17:40:00,2019,11,27,17,40,11,11426,66 Avenue du Minervois,43.285569,2.439026,Nuit avec éclairage allumé,En agglomération,Hors intersection,Normale,Autre collision,3,2,2,0,1,1,1,9,1,50,1,2,1,0,1,0,71.0,,voiture,,5,2,1,1,6
201900002070,2019-10-24 10:10:00,2019,10,24,10,10,34,34091,Route de Saint pierre,43.851126,3.355239,Plein jour,Hors agglomération,Hors intersection,Normale,Autre collision,3,2,2,0,2,1,1,0,3,80,1,1,0,0,0,1,59.0,,voiture,,1,1,1,1,6
201900002071,2019-11-27 12:00:00,2019,11,27,12,0,68,68075,Rue des Coteaux,47.532419,7.333235,Plein jour,Hors agglomération,Hors intersection,Normale,Sans collision,9,2,1,0,1,1,1,0,5,-1,1,1,0,0,1,0,47.0,,deux_roues,,1,1,1,1,7
201900002072,2019-09-21 21:21:00,2019,9,21,21,21,29,29302,42 Rue de Brest,48.25618,-4.083706,Nuit avec éclairage allumé,En agglomération,Intersection en T,Normale,Sans collision,3,2,2,0,2,2,2,0,4,50,1,1,0,0,1,0,73.0,,deux_roues,,5,2,3,1,7
201900002073,2019-11-23 17:25:00,2019,11,23,17,25,29,29298,1076 Moulin de Bondivy,47.913356,-4.316286,Crépuscule ou aube,Hors agglomération,Hors intersection,Temps couvert,Deux véhicules - arrière,3,2,2,0,2,4,2,0,1,80,2,2,1,0,0,1,53.0,75.0,deux_roues,voiture,2,1,1,8,2
201900002074,2019-11-27 11:05:00,2019,11,27,11,5,31,31582,14 Avenue de la Fontasse,43.396397,1.718404,Plein jour,En agglomération,Hors intersection,Temps éblouissant,Autre collision,4,1,1,0,1,2,1,9,1,50,1,2,1,1,0,0,30.0,,voiture,,1,2,1,7,6
201900002075,2019-11-20 08:00:00,2019,11,20,8,0,38,38454,Rue des Lavandes,45.15736,5.33439,Plein jour,En agglomération,Hors intersection,Normale,Autre collision,4,-1,1,0,2,1,1,9,8,50,1,2,1,0,0,1,21.0,,utilitaire_camion,,1,2,1,1,6
201900002076,2019-11-28 06:00:00,2019,11,28,6,0,70,70317,,47.5358187,6.4048317,Nuit sans éclairage public,Hors agglomération,Hors intersection,Pluie légère,Sans collision,3,2,2,0,1,1,2,0,3,80,1,1,0,0,1,0,15.0,,deux_roues,,3,1,1,2,7
201900002077,2019-11-27 20:45:00,2019,11,27,20,45,58,58281,40 Rue Saint Symphorien,47.336282,3.066835,Nuit avec éclairage allumé,En agglomération,Hors intersection,Pluie légère,Autre collision,3,2,2,0,1,1,2,0,1,50,1,3,0,0,1,2,26.0,,voiture,,5,2,1,2,6
201900002078,2019-11-28 15:50:00,2019,11,28,15,50,14,14120,41 Route de 7 Vents,49.066884,-0.77271,Plein jour,En agglomération,Intersection en T,Normale,Autre collision,3,2,2,0,1,1,1,0,3,50,1,1,0,1,0,0,75.0,,voiture,,1,2,3,1,6
201900002079,2019-11-27 11:20:00,2019,11,27,11,20,36,36194,D943,46.910167,1.337503,Plein jour,Hors agglomération,Hors intersection,Pluie légère,Deux véhicules - frontale,3,2,2,0,4,1,2,0,1,80,2,2,0,1,0,1,39.0,82.0,utilitaire_camion,voiture,1,1,1,2,1
201900002080,2019-11-27 22:00:00,2019,11,27,22,0,7,07010,rue Font Chevalier,45.2449048,4.662941,Nuit avec éclairage allumé,En agglomération,Hors intersection,Normale,Autre collision,4,2,2,0,2,4,1,0,1,50,1,3,0,1,2,0,41.0,,voiture,,5,2,1,1,6
201900002081,2019-11-28 08:50:00,2019,11,28,8,50,13,13040,A52,43.473518,5.565319,Plein jour,Hors agglomération,Hors intersection,Pluie légère,Deux véhicules - arrière,1,3,5,0,2,1,2,0,1,130,2,3,2,0,0,1,25.0,51.0,voiture,voiture,1,1,1,2,2
201900002082,2019-11-28 09:06:00,2019,11,28,9,6,40,40278,D 44,44.177984,-1.130264,Plein jour,Hors agglomération,Hors intersection,Normale,Deux véhicules - frontale,3,2,2,0,1,1,2,0,1,80,2,2,1,1,0,0,48.0,82.0,utilitaire_camion,voiture,1,1,1,1,1
201900002083,2019-11-28 05:45:00,2019,11,28,5,45,974,97422,Chemin Notre Dame de la Paix,-21.221707,55.560441,Plein jour,En agglomération,Hors intersection,Normale,Deux véhicules - côté,2,2,2,0,2,3,1,0,1,50,2,2,1,1,0,0,49.0,14.0,transport_commun,deux_roues,1,2,1,1,3
201900002084,2019-11-27 17:15:00,2019,11,27,17,15,971,97112,Poisson,15.926252,-61.31661,Crépuscule ou aube,Hors agglomération,Hors intersection,Normale,Deux véhicules - arrière,2,2,2,0,1,1,1,0,1,80,2,3,2,0,0,1,28.0,62.0,autre,voiture,2,1,1,1,2
201900002085,2019-11-27 15:45:00,2019,11,27,15,45,971,97118,Route de la Traversee,16.206464,-61.631514,Plein jour,Hors agglomération,Hors intersection,Normale,Trois véhicules et plus - collisions multiples,3,2,2,0,2,1,1,0,1,70,3,4,1,0,1,2,22.0,59.0,voiture,voiture,1,1,1,1,5
201900002086,2019-11-25 07:10:00,2019,11,25,7,10,45,45277,D54 PR9 + 500,47.697803,2.38964,Crépuscule ou aube,Hors agglomération,Hors intersection,Normale,Sans collision,3,2,2,0,2,2,1,0,3,80,1,1,0,0,1,0,31.0,,voiture,,2,1,1,1,7
201900002087,2019-09-27 17:30:00,2019,9,27,17,30,84,84055,Chemin des Contrebandiers,43.944889,4.929569,Plein jour,En agglomération,Hors intersection,Normale,Deux véhicules - frontale,9,2,2,0,1,3,1,0,1,50,2,2,1,0,1,0,17.0,48.0,deux_roues,autre,1,2,1,1,1
201900002088,2019-11-28 07:15:00,2019,11,28,7,15,44,44035,8 Rue de l'Europe,47.285827,-1.549484,Nuit avec éclairage allumé,Hors agglomération,Giratoire,Pluie légère,Autre collision,7,2,2,0,1,1,2,0,1,80,1,2,1,0,1,0,43.0,,voiture,,5,1,6,2,6
201900002089,2019-11-27 19:50:00,2019,11,27,19,50,31,31165,32 Rue Frederic Chopin,43.432656,1.357958,Nuit sans éclairage public,Hors agglomération,Intersection en T,Normale,Deux véhicules - frontale,3,2,2,0,1,1,2,0,1,90,2,3,1,0,2,0,77.0,31.0,voiture,voiture,3,1,3,1,1
201900002090,2019-11-28 12:20:00,2019,11,28,12,20,64,64422,Route de Pau,43.1880614,-0.5892815,Plein jour,En agglomération,Hors intersection,Normale,Deux véhicules - côté,2,1,1,0,2,2,1,0,1,50,2,2,1,0,1,0,38.0,16.0,voiture,deux_roues,1,2,1,1,3
201900002091,2019-11-24 17:58:00,2019,11,24,17,58,33,33238,Avenue de Cadaujac,44.73257,-0.58139,Nuit sans éclairage public,Hors agglomération,Hors intersection,Normale,Deux véhicules - frontale,3,2,2,0,1,1,2,0,1,70,2,3,2,0,0,1,22.0,41.0,deux_roues,voiture,3,1,1,1,1
201900002092,2019-11-27 21:15:00,2019,11,27,21,15,72,72154,Rue des Eturcies,47.709651,-0.096077,Nuit avec éclairage allumé,En agglomération,Hors intersection,Normale,Deux véhicules - côté,4,2,2,0,1,1,1,0,1,50,2,2,0,0,1,1,24.0,40.0,voiture,voiture,5,2,1,1,3
201900002093,2019-11-28 18:10:00,2019,11,28,18,10,59,59177,Rue Charles Desquilbet,50.149706,3.874069,Nuit avec éclairage allumé,En agglomération,Hors intersection,Pluie légère,Autre collision,3,2,2,0,1,1,2,0,1,50,1,2,1,0,1,0,67.0,,voiture,,5,2,1,2,6
201900002094,2019-11-27 09:00:00,2019,11,27,9,0,33,33162,ROCADE A 630,44.87763,-0.631,Plein jour,Hors agglomération,Hors intersection,Normale,Deux véhicules - côté,1,3,4,0,1,1,1,0,1,90,2,2,1,0,0,1,32.0,25.0,voiture,deux_roues,1,1,1,1,3
201900002095,2019-11-27 08:45:00,2019,11,27,8,45,91,91216,AUTOROUTE A6,48.68434,2.32806,Plein jour,Hors agglomération,Hors intersection,Normale,Trois véhicules et plus - en chaîne,1,3,6,0,1,1,2,0,1,110,3,3,2,0,0,1,33.0,46.0,voiture,voiture,1,1,1,1,4
201900002096,2019-11-27 07:30:00,2019,11,27,7,30,91,91692,RN 118,48.67261,2.19403,Nuit sans éclairage public,Hors agglomération,Hors intersection,Normale,Deux véhicules - arrière,2,1,2,0,1,1,2,0,1,90,2,2,1,0,0,1,54.0,21.0,voiture,voiture,3,1,1,1,2
201900002097,2019-11-27 05:40:00,2019,11,27,5,40,91,91377,AUTOROUTE A10,48.7217,2.2954,Nuit sans éclairage public,Hors agglomération,Hors intersection,Pluie légère,Sans collision,1,3,3,0,1,1,2,0,1,110,1,3,0,0,0,3,26.0,,voiture,,3,1,1,2,7
201900002098,2019-11-27 08:45:00,2019,11,27,8,45,78,78423,A12 W,48.79289,2.04038,Plein jour,Hors agglomération,Hors intersection,Pluie légère,Trois véhicules et plus - en chaîne,1,1,2,0,1,1,2,0,1,90,4,6,2,0,0,4,42.0,22.0,voiture,voiture,1,1,1,2,4
201900002099,2019-11-27 08:10:00,2019,11,27,8,10,78,78073,A12 W,48.80144,2.046728,Plein jour,Hors agglomération,Hors intersection,Pluie légère,Deux véhicules - arrière,1,-1,2,0,1,1,1,0,1,90,2,2,1,0,0,1,26.0,43.0,deux_roues,voiture,1,1,1,2,2