accident_id,datetime,annee,mois,jour,heure,minute,departement,commune_insee,adresse,latitude,longitude,luminosite,agglomeration,intersection,meteo,collision,catr,circ,nbv,vosp,prof,plan,surf,infra,situ,vma,nb_vehicules,nb_usagers,nb_indemnes,nb_tues,nb_blesses_hosp,nb_blesses_legers,age_cond_1,age_cond_2,veh_type_cond_1,veh_type_cond_2,lum_code,agg_code,int_code,atm_code,col_code
201900002100,2019-11-27 01:35:00,2019,11,27,1,35,92,92050,A14,48.9015853,2.2026299,Nuit avec éclairage allumé,Hors agglomération,Hors intersection,Pluie légère,Autre collision,1,-1,1,0,1,2,2,1,1,50,1,2,1,0,0,1,27.0,,deux_roues,,5,1,1,2,6
201900002101,2019-11-26 08:10:00,2019,11,26,8,10,92,92047,A13,48.8347306,2.172792,Plein jour,Hors agglomération,Hors intersection,Normale,Trois véhicules et plus - en chaîne,1,1,3,0,1,1,1,0,1,110,4,4,3,0,0,1,22.0,19.0,utilitaire_camion,voiture,1,1,1,1,4
201900002102,2019-11-26 09:30:00,2019,11,26,9,30,93,93008,AUTOROUTE A86,48.91232,2.43804,Plein jour,Hors agglomération,Hors intersection,Pluie légère,Deux véhicules - côté,1,3,6,0,1,1,2,1,1,90,2,2,1,0,0,1,26.0,28.0,voiture,deux_roues,1,1,1,2,3
201900002103,2019-11-24 20:00:00,2019,11,24,20,0,77,77186,DENECOURT (RUE),48.403216,2.698368,Nuit avec éclairage allumé,En agglomération,Intersection en T,Normale,Deux véhicules - frontale,4,2,2,0,1,1,1,0,1,30,2,2,1,0,0,1,18.0,24.0,deux_roues,voiture,5,2,3,1,1
201900002104,2019-10-12 02:15:00,2019,10,12,2,15,77,77186,D142 X D606,48.483854,2.665662,Nuit avec éclairage allumé,Hors agglomération,Intersection en Y,Normale,Autre collision,3,-1,2,0,1,1,1,5,1,70,1,1,0,0,0,1,21.0,,voiture,,5,1,4,1,6
201900002105,2019-12-16 07:30:00,2019,12,16,7,30,38,38421,RUE DE LA PASSERELLE,45.19406,5.76749,Nuit avec éclairage allumé,En agglomération,Intersection en T,Normale,Deux véhicules - côté,7,2,2,0,1,1,1,0,1,30,2,2,1,0,1,0,22.0,71.0,deux_roues,voiture,5,2,3,1,3
201900002106,2019-12-07 05:40:00,2019,12,7,5,40,7,07101,D 111,44.411433,4.300514,Nuit sans éclairage public,Hors agglomération,Hors intersection,Normale,Autre collision,3,2,2,0,1,1,1,0,3,80,1,2,1,0,0,1,22.0,,voiture,,3,1,1,1,6
201900002107,2019-12-31 11:15:00,2019,12,31,11,15,976,97611,mamoudzou centre-Jardin du collège(rue d,-12.783126,45.227328,Plein jour,En agglomération,Intersection en Y,Normale,Deux véhicules - côté,4,-1,1,0,2,3,1,0,1,30,2,3,1,0,0,2,30.0,53.0,deux_roues,voiture,1,2,4,1,3
201900002108,2019-12-25 19:00:00,2019,12,25,19,0,974,97411,SAPENTS (ALLEE DES),-20.89505,55.46226,Nuit avec éclairage allumé,En agglomération,Hors intersection,Normale,Autre collision,6,2,2,0,1,1,1,9,1,30,1,2,1,0,0,1,35.0,,voiture,,5,2,1,1,6
201900002109,2019-12-20 15:15:00,2019,12,20,15,15,974,97411,DEBASSYNS (AVENUE),-20.8894413,55.4799324,Plein jour,En agglomération,Hors intersection,Normale,Deux véhicules - frontale,4,2,2,0,2,1,1,0,1,50,2,2,1,0,0,1,26.0,21.0,deux_roues,voiture,1,2,1,1,1
201900002110,2019-12-15 13:30:00,2019,12,15,13,30,974,97411,MONTAGNE (ROUTE DE LA),-20.8874,55.47337,Plein jour,En agglomération,Hors intersection,Normale,Autre collision,4,2,2,0,2,3,1,0,1,50,1,1,0,0,0,1,45.0,,deux_roues,,1,2,1,1,6
201900002111,2019-12-30 20:10:00,2019,12,30,20,10,66,66136,BISBAL LA,42.66877,2.89241,Nuit avec éclairage allumé,En agglomération,Intersection en X,Normale,Deux véhicules - côté,4,1,2,0,1,1,1,0,1,50,2,2,1,0,0,1,49.0,63.0,voiture,voiture,5,2,2,1,3
201900002112,2019-12-29 18:30:00,2019,12,29,18,30,66,66136,LLUCIA (FRANCOIS-XAVIER ANTOINE),42.69728,2.9009,Nuit avec éclairage allumé,En agglomération,Hors intersection,Normale,Autre collision,4,1,1,0,2,1,1,0,4,30,1,1,0,0,0,1,,,,,5,2,1,1,6
201900002113,2019-12-29 06:20:00,2019,12,29,6,20,66,66136,AERODROME AVENUE DE L'(CD117),42.72205,2.88502,Nuit avec éclairage allumé,En agglomération,Hors intersection,Normale,Autre collision,4,2,1,0,1,1,1,0,1,50,2,2,0,0,0,2,30.0,21.0,voiture,voiture,5,2,1,1,6
201900002114,2019-12-29 02:50:00,2019,12,29,2,50,66,66136,FRANCE LIBRE (BOULEVARD DE LA),42.70242,2.89193,Nuit avec éclairage allumé,En agglomération,Hors intersection,Normale,Deux véhicules - frontale,4,2,2,0,1,1,1,0,1,50,2,1,0,0,1,0,67.0,,voiture,,5,2,1,1,1
201900002115,2019-12-28 17:50:00,2019,12,28,17,50,66,66136,ARGELES SUR MER AVENUE D',42.67879,2.91209,Plein jour,En agglomération,Hors intersection,Normale,Deux véhicules - arrière,4,2,1,0,1,1,1,0,1,50,2,2,1,0,0,1,37.0,22.0,voiture,voiture,1,2,1,1,2
201900002116,2019-12-31 15:00:00,2019,12,31,15,0,34,34172,CHASSEURS (RUE DES),43.60025,3.85946,Plein jour,En agglomération,Autre intersection,Normale,Deux véhicules - côté,4,3,2,0,1,1,1,0,1,50,2,2,1,0,1,0,69.0,29.0,voiture,deux_roues,1,2,9,1,3
201900002117,2019-12-17 18:05:00,2019,12,17,18,5,34,34032,VOIE DOMITIENNE (AV DE LA),43.34745,3.2438,Nuit avec éclairage allumé,En agglomération,Hors intersection,Temps couvert,Sans collision,4,2,4,0,1,1,1,0,1,50,1,2,1,0,1,0,21.0,,voiture,,5,2,1,8,7
201900002118,2019-12-31 14:15:00,2019,12,31,14,15,6,06069,SIDI BRAHIM (AVENUE),43.647825,6.939853,Plein jour,En agglomération,Hors intersection,Normale,Sans collision,4,2,2,0,2,3,1,0,1,50,1,1,0,0,0,1,31.0,,deux_roues,,1,2,1,1,7
201900002119,2019-12-28 21:10:00,2019,12,28,21,10,6,06004,SAINT CLAUDE CH.DE,43.598739,7.101952,Nuit avec éclairage allumé,En agglomération,Hors intersection,Normale,Deux véhicules - côté,4,1,1,0,1,1,1,0,1,50,2,2,1,0,1,0,70.0,45.0,voiture,deux_roues,5,2,1,1,3
201900002120,2019-12-28 05:20:00,2019,12,28,5,20,6,06088,ANGLAIS (DU N° 114 AU N° 263),43.690333,7.244524,Nuit avec éclairage allumé,En agglomération,Hors intersection,Normale,Deux véhicules - arrière,7,3,6,0,1,1,1,0,1,50,2,2,0,0,0,2,37.0,40.0,voiture,voiture,5,2,1,1,2
201900002121,2019-12-27 16:00:00,2019,12,27,16,0,6,06088,SOLA (BD PIERRE),43.707323,7.286122,Plein jour,En agglomération,Hors intersection,Normale,Deux véhicules - arrière,4,1,3,0,1,1,1,0,1,50,2,3,1,0,0,2,52.0,16.0,voiture,deux_roues,1,2,1,1,2
201900002122,2019-12-27 11:50:00,2019,12,27,11,50,6,06069,NAPOLEON (ROUTE),43.660094,6.918437,Plein jour,En agglomération,Hors intersection,Normale,Autre collision,3,2,2,0,2,1,1,0,1,50,1,2,1,0,0,1,26.0,,voiture,,1,2,1,1,6
201900002123,2019-12-24 13:45:00,2019,12,24,13,45,6,06004,DUGOMMIER BD,43.583432,7.119139,Plein jour,En agglomération,Hors intersection,Normale,Autre collision,4,1,1,0,1,1,1,0,1,50,1,3,1,0,0,2,16.0,,deux_roues,,1,2,1,1,6
201900002124,2019-12-22 20:30:00,2019,12,22,20,30,6,06088,RAYBAUD JOSEPH,43.723686,7.287152,Nuit avec éclairage allumé,En agglomération,Hors intersection,Normale,Deux véhicules - côté,4,2,2,0,1,1,1,0,1,50,2,2,1,0,0,1,19.0,43.0,deux_roues,voiture,5,2,1,1,3
201900002125,2019-12-21 16:40:00,2019,12,21,16,40,6,06088,FAURE (AV. FELIX),43.698463,7.274259,Plein jour,En agglomération,Hors intersection,Normale,Autre collision,5,1,2,0,1,1,1,0,8,50,1,1,0,0,0,1,,,,,1,2,1,1,6
201900002126,2019-12-20 23:00:00,2019,12,20,23,0,6,06069,ROUMIOUX (CHEMIN ET SENTIER DES),43.636775,6.93986,Nuit avec éclairage allumé,En agglomération,Hors intersection,Temps couvert,Autre collision,4,1,1,0,2,3,2,0,8,30,1,2,0,0,2,0,20.0,,voiture,,5,2,1,8,6
201900002127,2019-12-19 18:15:00,2019,12,19,18,15,6,06088,CARABACEL (BD),43.703708,7.275565,Nuit avec éclairage allumé,En agglomération,Hors intersection,Normale,Trois véhicules et plus - collisions multiples,4,2,4,0,1,1,1,0,1,50,3,3,1,0,1,1,33.0,20.0,deux_roues,deux_roues,5,2,1,1,5
201900002128,2019-12-19 13:15:00,2019,12,19,13,15,6,06088,TURIN (RTE DE),43.720354,7.287585,Plein jour,En agglomération,Hors intersection,Temps couvert,Deux véhicules - arrière,4,3,4,0,1,1,2,0,1,50,2,2,1,0,1,0,65.0,26.0,deux_roues,voiture,1,2,1,8,2
201900002129,2019-12-16 17:25:00,2019,12,16,17,25,6,06030,JEANPIERRE (AVENUE MAURICE),43.572321,7.006315,Nuit avec éclairage allumé,En agglomération,Hors intersection,Normale,Deux véhicules - côté,4,2,2,0,1,1,1,0,1,50,2,2,1,0,0,1,32.0,26.0,voiture,deux_roues,5,2,1,1,3
201900002130,2019-12-14 20:35:00,2019,12,14,20,35,6,06088,GAMBETTA (A PARTIR DU N° 63-74),43.706316,7.256054,Nuit avec éclairage allumé,En agglomération,Hors intersection,Normale,Trois véhicules et plus - en chaîne,4,2,4,0,2,1,1,0,1,50,3,5,4,0,0,1,28.0,58.0,voiture,voiture,5,2,1,1,4
201900002131,2019-12-14 17:53:00,2019,12,14,17,53,6,06088,BOUNIN (RUE PAUL),43.719716,7.262248,Nuit avec éclairage allumé,En agglomération,Place,Normale,Autre collision,4,-1,1,0,1,1,1,9,1,50,1,2,1,0,1,0,62.0,,voiture,,5,2,7,1,6
201900002132,2019-12-13 11:50:00,2019,12,13,11,50,6,06088,CIMIEZ (BD) A PARTIR DU 16-17,43.72016,7.27489,Plein jour,En agglomération,Intersection en T,Normale,Autre collision,4,2,2,0,2,4,1,0,1,50,1,2,1,0,1,0,64.0,,voiture,,1,2,3,1,6
201900002133,2019-12-12 15:00:00,2019,12,12,15,0,6,06030,SADI CARNOT (BOULEVARD),43.57538,7.01677,Plein jour,En agglomération,Hors intersection,Normale,Autre collision,4,2,2,0,1,1,1,0,1,50,1,2,1,0,1,0,44.0,,utilitaire_camion,,1,2,1,1,6
201900002134,2019-12-05 12:50:00,2019,12,5,12,50,6,06088,NAPOLEON III (BD),43.683461,7.223494,Plein jour,En agglomération,Hors intersection,Normale,Deux véhicules - frontale,4,2,3,0,1,1,1,0,1,50,2,2,1,0,1,0,56.0,19.0,deux_roues,voiture,1,2,1,1,1
201900002135,2019-12-04 13:35:00,2019,12,4,13,35,6,06088,MARTIN LUTHER KING (AV.),43.674422,7.2042,Plein jour,En agglomération,Hors intersection,Normale,Deux véhicules - frontale,4,2,2,0,1,1,1,0,1,50,2,2,1,0,0,1,17.0,35.0,deux_roues,voiture,1,2,1,1,1
201900002136,2019-12-03 08:15:00,2019,12,3,8,15,6,06088,BORRIGLIONE (A PARTIR DU N° 42-51),43.715341,7.261485,Plein jour,En agglomération,Autre intersection,Normale,Autre collision,4,2,2,3,1,1,1,9,1,50,1,2,1,0,0,1,37.0,,transport_commun,,1,2,9,1,6
201900002137,2019-12-02 09:55:00,2019,12,2,9,55,6,06088,BESSET (AV.) (A PARTIR DU N° 47),43.71696,7.255523,Plein jour,En agglomération,Intersection en T,Normale,Deux véhicules - côté,4,2,2,0,2,1,2,0,1,50,2,2,1,0,0,1,39.0,24.0,voiture,deux_roues,1,2,3,1,3
201900002138,2019-06-15 16:20:00,2019,6,15,16,20,93,93010,VILLEMOMBLE (RTE DE) DE 22 A 130,48.893085,2.482749,Plein jour,En agglomération,Autre intersection,Normale,Sans collision,4,-1,1,0,1,1,1,0,1,50,1,2,1,0,0,1,47.0,,transport_commun,,1,2,9,1,7
201900002139,2019-05-21 11:20:00,2019,5,21,11,20,6,06029,PETIT JUAS (TRAVERSE),43.56338,7.01261,Plein jour,En agglomération,Hors intersection,Normale,Autre collision,5,-1,0,0,2,1,1,0,8,50,1,1,0,1,0,0,,,,,1,2,1,1,6
201900002140,2019-10-09 08:55:00,2019,10,9,8,55,2,02691,MARTIN (BD HENRI),49.848,3.27976,Plein jour,En agglomération,Intersection en X,Normale,Autre collision,4,3,3,2,2,1,1,5,1,50,1,2,1,0,1,0,26.0,,voiture,,1,2,2,1,6
201900002141,2019-12-12 19:04:00,2019,12,12,19,4,62,62826,DALOZ (BOULEVARD),50.52108,1.58665,Nuit avec éclairage allumé,En agglomération,Hors intersection,Pluie forte,Autre collision,4,2,2,0,1,1,2,0,1,50,1,2,1,0,1,0,32.0,,utilitaire_camion,,5,2,1,3,6
201900002142,2019-12-20 18:30:00,2019,12,20,18,30,62,62626,ANNEQUIN ( ROUTE D' ),50.49694,2.730474,Nuit avec éclairage allumé,Hors agglomération,Intersection en X,Normale,Deux véhicules - frontale,4,2,2,0,1,1,1,0,1,80,2,3,1,0,2,0,24.0,26.0,voiture,deux_roues,5,1,2,1,1
201900002143,2019-12-10 05:30:00,2019,12,10,5,30,62,62244,DEPARTEMENTALE 943,50.92637,1.903853,Nuit sans éclairage public,Hors agglomération,Hors intersection,Temps couvert,Deux véhicules - côté,3,2,2,0,1,1,1,9,1,70,2,1,0,0,0,1,25.0,,deux_roues,,3,1,1,8,3
201900002144,2019-12-08 18:20:00,2019,12,8,18,20,62,62040,MONTAND (AVENUE YVES),50.73255,2.27642,Crépuscule ou aube,En agglomération,Hors intersection,Pluie légère,Autre collision,4,2,2,0,1,1,2,0,1,50,1,3,1,0,1,1,56.0,,voiture,,2,2,1,2,6
201900002145,2019-11-16 19:10:00,2019,11,16,19,10,6,06088,MADELEINE (BD DE LA),43.70287,7.23612,Nuit avec éclairage non allumé,En agglomération,Hors intersection,Normale,Autre collision,4,1,1,0,2,1,1,0,1,50,1,2,1,0,1,0,21.0,,voiture,,4,2,1,1,6
201900002146,2019-12-28 22:05:00,2019,12,28,22,5,60,60057,SAINT JEAN (BOULEVARD),49.42926,2.07609,Nuit avec éclairage allumé,En agglomération,Intersection en X,Normale,Deux véhicules - côté,4,2,2,0,1,1,1,0,1,50,2,2,1,1,0,0,20.0,28.0,voiture,deux_roues,5,2,2,1,3
201900002147,2019-12-26 18:00:00,2019,12,26,18,0,76,76341,RESISTANCE (AVENUE DE LA),49.4984561,0.2291518,Nuit avec éclairage allumé,En agglomération,Hors intersection,Pluie légère,Sans collision,3,2,2,0,1,1,2,0,1,50,1,2,1,0,0,1,29.0,,utilitaire_camion,,5,2,1,2,7
201900002148,2019-12-24 19:50:00,2019,12,24,19,50,76,76351,PAUL CLAUDEL,49.51701,0.11627,Nuit avec éclairage allumé,En agglomération,Intersection en X,Normale,Deux véhicules - côté,4,2,1,0,1,1,1,0,1,50,2,2,1,0,0,1,33.0,40.0,deux_roues,voiture,5,2,2,1,3
201900002149,2019-12-24 10:10:00,2019,12,24,10,10,76,76447,COMMUNE 1871 (DE LA),49.54554,0.1882,Plein jour,En agglomération,Intersection en X,Normale,Sans collision,4,2,2,0,2,1,2,0,1,50,1,2,1,0,1,0,49.0,,voiture,,1,2,2,1,7
201900002150,2019-12-19 18:20:00,2019,12,19,18,20,76,76384,HUGO VICTOR (RUE),49.51798,0.53671,Nuit sans éclairage public,En agglomération,Hors intersection,Pluie légère,Sans collision,9,2,2,0,1,1,2,0,1,50,1,2,1,0,0,1,53.0,,voiture,,3,2,1,2,7
201900002151,2019-12-16 13:25:00,2019,12,16,13,25,76,76575,OREE DU ROUVRAY. RUE DE L',49.39208,1.08704,Plein jour,En agglomération,Giratoire,Normale,Deux véhicules - côté,4,-1,1,0,1,1,1,0,1,50,2,1,0,0,0,1,35.0,,deux_roues,,1,2,6,1,3
201900002152,2019-12-06 08:45:00,2019,12,6,8,45,76,76351,GENERAL FERRIE (AVENUE),49.5034575,0.1795542,Plein jour,En agglomération,Intersection en Y,Pluie légère,Deux véhicules - arrière,4,1,2,1,2,1,2,0,1,50,2,3,1,0,0,2,26.0,41.0,voiture,deux_roues,1,2,4,2,2
201900002153,2019-12-15 12:20:00,2019,12,15,12,20,76,76305,ENTREPRISES (ROUTE DES),49.4825,0.19877,Plein jour,En agglomération,Hors intersection,Normale,Sans collision,4,2,2,0,1,1,1,0,1,50,1,1,0,0,1,0,23.0,,voiture,,1,2,1,1,7
201900002154,2019-12-03 16:20:00,2019,12,3,16,20,76,76447,PRESIDENT WILSON,49.5449526,0.1853192,Plein jour,En agglomération,Hors intersection,Normale,Autre collision,4,2,2,0,1,1,1,0,1,30,1,3,1,0,0,2,59.0,,voiture,,1,2,1,1,6
201900002155,2019-12-03 11:05:00,2019,12,3,11,5,76,76351,PAUL MARION,49.4847689,0.1334667,Plein jour,En agglomération,Intersection en T,Normale,Autre collision,3,2,2,0,1,1,1,0,1,50,1,2,1,0,1,0,46.0,,voiture,,1,2,3,1,6
201900002156,2019-11-26 16:00:00,2019,11,26,16,0,76,76351,AMIRAL MOUCHEZ (BD),49.48608,0.13963,Plein jour,En agglomération,Hors intersection,Normale,Autre collision,3,2,2,0,1,1,1,0,1,30,1,2,1,0,1,0,59.0,,utilitaire_camion,,1,2,1,1,6
201900002157,2019-04-11 06:11:00,2019,4,11,6,11,38,38544,CD 41,45.51624,4.92248,Nuit sans éclairage public,Hors agglomération,Giratoire,Temps couvert,Deux véhicules - côté,3,2,1,0,1,3,1,5,1,50,2,2,1,0,0,1,40.0,40.0,voiture,voiture,3,1,6,8,3
201900002158,2019-12-17 19:00:00,2019,12,17,19,0,59,59544,ROLEUR (RUE DU),50.35961,3.5761,Crépuscule ou aube,Hors agglomération,Hors intersection,Normale,Deux véhicules - frontale,3,2,2,0,1,2,1,0,1,80,2,3,0,1,2,0,35.0,29.0,voiture,voiture,2,1,1,1,1
201900002159,2019-12-31 13:20:00,2019,12,31,13,20,83,83137,CLEMENCEAU (BD GEORGES),43.1227,5.93915,Plein jour,En agglomération,Intersection en Y,Normale,Deux véhicules - arrière,4,1,5,1,1,2,1,0,1,50,2,2,1,0,1,0,47.0,23.0,voiture,deux_roues,1,2,4,1,2
201900002160,2019-12-28 18:00:00,2019,12,28,18,0,83,83137,VAL D'ARDENE (ROUTE DU),43.159214,5.91803,Nuit avec éclairage allumé,En agglomération,Hors intersection,Normale,Deux véhicules - frontale,3,3,2,0,2,2,1,0,1,50,2,4,0,0,0,4,63.0,85.0,voiture,voiture,5,2,1,1,1
201900002161,2019-12-28 10:30:00,2019,12,28,10,30,83,83062,BARBUSSE (AVENUE HENRI),43.12957,6.01717,Plein jour,En agglomération,Hors intersection,Temps éblouissant,Autre collision,4,2,2,0,1,3,1,0,1,50,1,4,1,0,1,2,78.0,,voiture,,1,2,1,7,6
201900002162,2019-12-25 18:18:00,2019,12,25,18,18,83,83090,LAGOUBRAN (CHEMIN DE),43.12577,5.87822,Nuit avec éclairage non allumé,En agglomération,Hors intersection,Normale,Deux véhicules - arrière,4,3,4,0,1,1,1,2,1,50,2,2,1,0,0,1,25.0,26.0,utilitaire_camion,deux_roues,4,2,1,1,2
201900002163,2019-12-24 15:15:00,2019,12,24,15,15,83,83137,CARNOT (AVE LAZARE),43.12785,5.9248,Plein jour,En agglomération,Intersection en X,Normale,Trois véhicules et plus - collisions multiples,4,2,3,0,2,1,1,0,1,30,3,5,4,0,1,0,44.0,31.0,voiture,deux_roues,1,2,2,1,5
201900002164,2019-12-24 11:05:00,2019,12,24,11,5,83,83144,LAVOISIER (AVE / IMP),43.13818,5.998,Plein jour,En agglomération,Hors intersection,Normale,Autre collision,4,2,2,0,1,1,1,0,1,50,2,2,1,0,0,1,21.0,39.0,voiture,voiture,1,2,1,1,6
201900002165,2019-12-23 13:00:00,2019,12,23,13,0,83,83137,BLACHE (PLACE NOEL),43.1223,5.9,Plein jour,En agglomération,Hors intersection,Normale,Autre collision,4,2,6,3,1,1,1,0,1,50,1,2,1,0,0,1,25.0,,voiture,,1,2,1,1,6
201900002166,2019-09-20 14:45:00,2019,9,20,14,45,26,26281,RUE POUCHELON,45.048177,5.064405,Plein jour,En agglomération,Hors intersection,Normale,Deux véhicules - arrière,4,1,-1,-1,1,1,1,5,1,50,2,2,1,0,0,1,45.0,39.0,voiture,utilitaire_camion,1,2,1,1,2
201900002167,2019-12-30 13:17:00,2019,12,30,13,17,988,98818, RUE DU GENERAL GALLIENI/ANATOLE FRANCE,-22.27453,166.4441,Plein jour,En agglomération,Intersection en X,Normale,Deux véhicules - côté,4,4,3,0,1,1,1,5,1,50,2,3,2,0,0,1,42.0,59.0,voiture,deux_roues,1,2,2,1,3
201900002168,2019-11-18 17:25:00,2019,11,18,17,25,39,39198,EISENHOWER (AVENUE DU GENERAL),47.0995,5.5066,Nuit avec éclairage allumé,En agglomération,Autre intersection,Normale,Autre collision,4,2,2,0,1,1,1,0,1,50,1,2,1,0,1,0,44.0,,voiture,,5,2,9,1,6
201900002169,2019-12-24 10:19:00,2019,12,24,10,19,63,63019,NORD (RUE DU),45.79645,3.16325,Plein jour,En agglomération,Intersection en T,Normale,Autre collision,4,1,1,0,1,1,1,0,1,50,1,1,0,0,0,1,,,,,1,2,3,1,6
201900002170,2019-12-30 09:00:00,2019,12,30,9,0,43,43041,R.N 88,45.0551315,3.9095879,Plein jour,Hors agglomération,Hors intersection,Normale,Autre collision,2,1,2,0,2,2,2,0,1,90,1,1,0,1,0,0,85.0,,voiture,,1,1,1,1,6
201900002171,2019-12-21 10:30:00,2019,12,21,10,30,43,43157,CHANTEMESSE (BD DR.ANDRE)  (1-9),45.0491917,3.8772351,Plein jour,En agglomération,Hors intersection,Normale,Autre collision,2,2,-1,-1,1,1,1,0,1,-1,1,2,0,0,1,1,57.0,,voiture,,1,2,1,1,6
201900002172,2019-09-11 08:25:00,2019,9,11,8,25,29,29019,41 KERVERN AUGUSTE,48.4023988,-4.4885748,Plein jour,En agglomération,Hors intersection,Temps couvert,Deux véhicules - côté,4,2,0,0,1,2,2,0,1,50,2,2,1,0,0,1,25.0,19.0,voiture,deux_roues,1,2,1,8,3
201900002173,2019-12-03 08:15:00,2019,12,3,8,15,69,69266,8 MAI 1945   (Rue du),45.77079,4.89631,Plein jour,En agglomération,Intersection en T,Normale,Deux véhicules - côté,7,2,4,1,1,1,1,0,1,50,2,2,1,0,1,0,21.0,40.0,voiture,deux_roues,1,2,3,1,3
201900002174,2019-12-30 13:23:00,2019,12,30,13,23,49,49353,ANDARD ROUTE,47.44646,-0.45561,Plein jour,Hors agglomération,Hors intersection,Normale,Sans collision,4,2,2,0,1,1,1,0,1,80,1,1,0,0,0,1,46.0,,voiture,,1,1,1,1,7
201900002175,2019-12-29 15:15:00,2019,12,29,15,15,44,44109,PLACE PIRMIL,47.19813,-1.54141,Plein jour,En agglomération,Giratoire,Normale,Deux véhicules - côté,4,2,1,0,1,1,1,0,1,50,2,2,1,0,0,1,30.0,57.0,deux_roues,voiture,1,2,6,1,3
201900002176,2019-09-05 11:10:00,2019,9,5,11,10,29,29019,ROBESPIERRE (DE 33 A 107 ET 26 A 94),48.40937,-4.49084,Plein jour,En agglomération,Hors intersection,Normale,Autre collision,4,2,1,0,2,1,1,0,1,50,1,2,1,0,0,1,19.0,,voiture,,1,2,1,1,6
201900002177,2019-09-19 22:41:00,2019,9,19,22,41,29,29019,LOUPPE ALBERT (DE 71 A 95 ET 64 A 84),48.40244,-4.46738,Nuit avec éclairage allumé,En agglomération,Intersection en X,Normale,Deux véhicules - côté,4,2,2,0,1,1,1,5,1,50,2,2,1,0,0,1,25.0,45.0,voiture,transport_commun,5,2,2,1,3
201900002178,2019-12-12 07:30:00,2019,12,12,7,30,14,14366,LIVAROT (CD579 ROUTE DE),49.1300722,0.2251714,Nuit sans éclairage public,Hors agglomération,Intersection en T,Pluie légère,Deux véhicules - côté,3,2,2,0,2,1,2,0,1,30,2,2,0,0,0,2,22.0,28.0,voiture,voiture,3,1,3,2,3
201900002179,2019-12-24 18:00:00,2019,12,24,18,0,14,14658,Place President Albert Lebrun,48.846043,-1.019364,Nuit avec éclairage allumé,En agglomération,Hors intersection,Normale,Autre collision,3,2,2,0,1,1,1,0,1,50,2,3,2,1,0,0,44.0,41.0,voiture,voiture,5,2,1,1,6
201900002180,2019-11-25 15:30:00,2019,11,25,15,30,42,42275,HOPITAL NORD,45.4809,4.36474,Plein jour,En agglomération,Hors intersection,Normale,Autre collision,6,2,1,3,1,1,1,0,1,30,1,2,1,0,1,0,36.0,,voiture,,1,2,1,1,6
201900002181,2019-12-17 05:35:00,2019,12,17,5,35,26,26252,PORT AVENUE DU,44.87769,4.874097,Nuit sans éclairage public,Hors agglomération,Intersection en T,Normale,Autre collision,3,2,1,0,1,1,1,0,1,50,1,1,0,0,1,0,35.0,,voiture,,3,1,3,1,6
201900002182,2019-07-15 00:34:00,2019,7,15,0,34,14,14333,MONTS (CHEMIN DES),49.406806,0.233279,Nuit avec éclairage allumé,En agglomération,Intersection en Y,Normale,Sans collision,4,2,1,0,3,2,1,5,1,30,1,1,0,0,0,1,18.0,,deux_roues,,5,2,4,1,7
201900002183,2019-05-14 18:30:00,2019,5,14,18,30,90,90104,D13  Rue de Brebotte,47.602855,6.92885,Crépuscule ou aube,En agglomération,Hors intersection,Normale,Deux véhicules - côté,3,2,2,0,3,1,1,0,1,80,2,2,1,0,1,0,29.0,25.0,transport_commun,deux_roues,2,2,1,1,3
201900002184,2019-04-18 16:35:00,2019,4,18,16,35,69,69266,PAUL VERLAINE       (Rue),45.76686,4.8802,Plein jour,En agglomération,Hors intersection,Normale,Autre collision,4,2,2,0,1,1,1,0,1,50,1,2,1,0,0,1,21.0,,voiture,,1,2,1,1,6
201900002185,2019-12-13 15:11:00,2019,12,13,15,11,6,06069,LECLERC (BOULEVARD DU MARECHAL),43.650279,6.920244,Plein jour,En agglomération,Hors intersection,Normale,Autre collision,3,2,2,0,2,1,1,0,1,50,1,2,1,0,0,1,70.0,,voiture,,1,2,1,1,6
201900002186,2019-09-30 20:46:00,2019,9,30,20,46,6,06088,ANGLAIS (DU N° 45 AU N° 112),43.669654,7.222306,Nuit avec éclairage allumé,En agglomération,Hors intersection,Normale,Autre collision,7,3,6,0,1,1,1,0,1,50,1,2,0,0,1,1,26.0,,deux_roues,,5,2,1,1,6
201900002187,2019-09-15 10:30:00,2019,9,15,10,30,6,06088,CORNIGLION MOLINIER (BD),43.665226,7.2029889,Plein jour,En agglomération,Intersection en Y,Normale,Deux véhicules - côté,7,1,1,1,2,3,1,9,1,30,2,2,1,0,1,0,60.0,62.0,voiture,deux_roues,1,2,4,1,3
201900002188,2019-09-05 23:50:00,2019,9,5,23,50,6,06083,GREVILLE (RUE HENRI),43.7763,7.49757,Nuit avec éclairage allumé,En agglomération,Intersection en T,Normale,Deux véhicules - côté,3,1,2,0,1,1,1,0,1,50,2,3,2,0,1,0,50.0,29.0,voiture,deux_roues,5,2,3,1,3
201900002189,2019-08-16 03:30:00,2019,8,16,3,30,6,06088,CIMIEZ (BD) JUSQU'AU 14-15,43.706293,7.270048,Nuit avec éclairage allumé,En agglomération,Hors intersection,Normale,Deux véhicules - frontale,4,2,3,0,4,3,1,0,1,50,2,2,1,0,0,1,20.0,28.0,deux_roues,voiture,5,2,1,1,1
201900002190,2019-09-29 02:00:00,2019,9,29,2,0,6,06004,BIOT (CD.4) RTE DE,43.61492,7.11932,Nuit avec éclairage allumé,En agglomération,Hors intersection,Normale,Sans collision,3,2,2,0,1,3,1,0,1,50,1,1,0,0,1,0,55.0,,deux_roues,,5,2,1,1,7