accident_id,datetime,annee,mois,jour,heure,minute,departement,commune_insee,adresse,latitude,longitude,luminosite,agglomeration,intersection,meteo,collision,catr,circ,nbv,vosp,prof,plan,surf,infra,situ,vma,nb_vehicules,nb_usagers,nb_indemnes,nb_tues,nb_blesses_hosp,nb_blesses_legers,age_cond_1,age_cond_2,veh_type_cond_1,veh_type_cond_2,lum_code,agg_code,int_code,atm_code,col_code
201900002374,2019-09-19 14:35:00,2019,9,19,14,35,94,94041,FOUILLOUX (R),48.8076,2.39229,Plein jour,En agglomération,Hors intersection,Normale,Autre collision,4,2,2,0,1,1,1,0,2,50,1,2,1,0,0,1,19.0,,deux_roues,,1,2,1,1,6
201900002375,2019-09-18 23:20:00,2019,9,18,23,20,94,94041,NELSON MANDELA,48.81898,2.39927,Nuit avec éclairage allumé,En agglomération,Intersection en X,Normale,Autre collision,4,1,2,0,2,1,1,2,3,50,2,1,0,0,1,0,33.0,,deux_roues,,5,2,2,1,6
201900002376,2019-09-16 17:10:00,2019,9,16,17,10,94,94041,HENRI BARBUSSE (AV),48.809,2.376,Plein jour,En agglomération,Intersection en X,Normale,Autre collision,3,1,2,0,1,1,1,5,1,50,1,3,2,1,0,0,25.0,,utilitaire_camion,,1,2,2,1,6
201900002377,2019-09-19 17:03:00,2019,9,19,17,3,94,94073,RENE PANHARD (AV),48.76335,2.39959,Plein jour,En agglomération,Autre intersection,Normale,Deux véhicules - arrière,3,-1,2,0,1,1,1,0,1,50,2,2,1,0,0,1,34.0,35.0,voiture,voiture,1,2,9,1,2
201900002378,2019-09-19 11:40:00,2019,9,19,11,40,94,94073,GENERAL DE GAULLE (AV DU),48.7679,2.37427,Plein jour,En agglomération,Hors intersection,Normale,Autre collision,4,2,2,2,1,1,1,0,2,50,1,1,0,0,0,1,,,,,1,2,1,1,6
201900002379,2019-09-19 07:40:00,2019,9,19,7,40,94,94038,PAUL VAILLANT COUTURIER (BD),48.7790973,2.3406358,Crépuscule ou aube,En agglomération,Hors intersection,Normale,Deux véhicules - arrière,3,1,2,0,1,1,1,0,2,50,2,2,1,0,0,1,34.0,29.0,voiture,voiture,2,2,1,1,2
201900002380,2019-09-19 21:00:00,2019,9,19,21,0,94,94017,ALEXANDRE FOURNY (R),48.81878,2.5210924,Nuit avec éclairage allumé,En agglomération,Hors intersection,Normale,Deux véhicules - côté,4,2,2,0,1,1,1,0,1,30,2,3,2,0,0,1,41.0,38.0,voiture,deux_roues,5,2,1,1,3
201900002381,2019-09-17 18:20:00,2019,9,17,18,20,94,94017,GENERAL DE GAULLE (AV DU),48.82072,2.48663,Plein jour,En agglomération,Hors intersection,Normale,Deux véhicules - arrière,3,2,4,0,1,1,1,0,1,50,2,2,1,0,0,1,42.0,52.0,voiture,deux_roues,1,2,1,1,2
201900002382,2019-09-19 16:40:00,2019,9,19,16,40,94,94047,ROSES (R DES),48.6995862,2.54271,Plein jour,En agglomération,Hors intersection,Normale,Deux véhicules - côté,4,2,2,0,1,1,1,0,1,50,2,2,1,0,1,0,76.0,41.0,voiture,deux_roues,1,2,1,1,3
201900002383,2019-09-19 08:00:00,2019,9,19,8,0,94,94075,MARECHAL DE LATTRE DE TASSIGNY (AV),48.73336,2.52138,Plein jour,En agglomération,Hors intersection,Normale,Autre collision,2,2,4,0,1,1,1,0,1,50,2,2,1,0,0,1,41.0,33.0,deux_roues,voiture,1,2,1,1,6
201900002384,2019-09-19 10:12:00,2019,9,19,10,12,94,94004,MARECHAL DE LATTRE DE TASSIGNY (AV DU),48.741,2.514,Plein jour,En agglomération,Hors intersection,Normale,Deux véhicules - arrière,2,1,1,0,1,4,1,0,1,50,2,2,1,0,0,1,32.0,43.0,deux_roues,voiture,1,2,1,1,2
201900002385,2019-09-19 16:10:00,2019,9,19,16,10,93,93066,WILSON (AVENUE DU PRESIDENT),48.9049967,2.3588886,Plein jour,En agglomération,Hors intersection,Normale,Deux véhicules - arrière,3,1,2,0,1,1,1,0,1,50,2,1,0,0,0,1,27.0,,deux_roues,,1,2,1,1,2
201900002386,2019-09-19 11:15:00,2019,9,19,11,15,93,93066,GUYNEMER,48.94788,2.35755,Plein jour,En agglomération,Intersection en X,Normale,Deux véhicules - côté,4,3,4,0,1,1,1,0,1,50,2,1,0,0,0,1,70.0,,deux_roues,,1,2,2,1,3
201900002387,2019-09-19 01:30:00,2019,9,19,1,30,93,93001,EDOUARD VAILLANT (BLD),48.918335,2.398397,Nuit avec éclairage allumé,En agglomération,Hors intersection,Normale,Deux véhicules - côté,4,1,1,0,1,1,1,0,1,50,2,2,1,0,0,1,37.0,43.0,deux_roues,deux_roues,5,2,1,1,3
201900002388,2019-09-19 08:00:00,2019,9,19,8,0,93,93051,MEDERIC (AVENUE),48.83033,2.5849,Plein jour,En agglomération,Intersection en X,Temps couvert,Deux véhicules - côté,3,4,2,0,1,1,1,5,1,50,2,2,1,0,0,1,56.0,27.0,voiture,voiture,1,2,2,8,3
201900002389,2019-09-19 18:25:00,2019,9,19,18,25,93,93050,DAUPHINE (PLACE),48.86,2.53,Plein jour,En agglomération,Intersection en T,Normale,Deux véhicules - côté,4,2,2,1,1,1,1,0,1,50,2,2,1,0,0,1,23.0,25.0,utilitaire_camion,deux_roues,1,2,3,1,3
201900002390,2019-09-19 18:00:00,2019,9,19,18,0,93,93029,ROGER SALENGRO N° 94 - FIN,48.91716,2.43613,Plein jour,En agglomération,Hors intersection,Normale,Autre collision,4,2,2,0,1,1,1,0,1,50,1,2,1,0,0,1,29.0,,utilitaire_camion,,1,2,1,1,6
201900002391,2019-09-19 17:40:00,2019,9,19,17,40,93,93014,CHENE POINTU (ALLEE DU),48.90109,2.54745,Plein jour,En agglomération,Intersection en T,Normale,Deux véhicules - côté,4,2,2,0,2,1,1,0,1,50,2,2,1,0,0,1,84.0,,voiture,,1,2,3,1,3
201900002392,2019-09-19 08:10:00,2019,9,19,8,10,93,93047,FRENES (AVENUE DES),48.88971,2.55856,Crépuscule ou aube,En agglomération,Giratoire,Normale,Autre collision,4,2,2,0,1,1,1,5,1,30,1,2,1,0,0,1,29.0,,voiture,,2,2,6,1,6
201900002393,2019-09-19 17:10:00,2019,9,19,17,10,93,93010,VERDUN (AV. DE) 1 A 33,48.905233,2.490364,Plein jour,En agglomération,Hors intersection,Normale,Deux véhicules - arrière,4,2,1,0,1,1,1,0,1,30,2,2,1,0,0,1,44.0,12.0,deux_roues,deux_roues,1,2,1,1,2
201900002394,2019-09-19 10:30:00,2019,9,19,10,30,93,93001,REPUBLIQUE (AVE DE LA ) => NO 41/50,48.90686,2.38866,Plein jour,En agglomération,Hors intersection,Normale,Autre collision,3,2,2,0,1,1,1,0,1,50,1,2,1,0,0,1,61.0,,voiture,,1,2,1,1,6
201900002395,2019-09-19 15:45:00,2019,9,19,15,45,92,92072,GRANDE RUE,48.8250862,2.2151095,Plein jour,En agglomération,Hors intersection,Normale,Autre collision,3,3,4,0,1,1,1,0,1,50,1,2,1,0,0,1,60.0,,voiture,,1,2,1,1,6
201900002396,2019-09-18 17:50:00,2019,9,18,17,50,92,92064,DAILLY,48.8454,2.2176,Plein jour,En agglomération,Hors intersection,Normale,Autre collision,3,3,3,0,3,1,1,0,1,50,1,1,0,0,0,1,58.0,,voiture,,1,2,1,1,6
201900002397,2019-09-17 10:20:00,2019,9,17,10,20,92,92073,RD 914,48.8966707,2.2304606,Plein jour,En agglomération,Hors intersection,Normale,Deux véhicules - côté,3,1,3,0,1,1,1,0,1,70,2,2,1,0,0,1,38.0,38.0,voiture,deux_roues,1,2,1,1,3
201900002398,2019-09-19 15:50:00,2019,9,19,15,50,92,92036,GABRIEL PERI (AVENUE) (147/177),48.91707,2.29567,Plein jour,En agglomération,Intersection en T,Normale,Autre collision,3,2,2,0,1,1,1,0,1,50,1,3,1,0,0,2,61.0,,voiture,,1,2,3,1,6
201900002399,2019-09-19 06:50:00,2019,9,19,6,50,92,92036,LAURENT CELY (AVENUE) (145/329),48.9277089,2.302844,Nuit avec éclairage allumé,En agglomération,Intersection en T,Normale,Deux véhicules - côté,3,3,2,1,1,1,1,0,1,50,2,2,1,0,0,1,36.0,61.0,deux_roues,utilitaire_camion,5,2,3,1,3
201900002400,2019-09-18 21:30:00,2019,9,18,21,30,92,92023,HUIT MAI 1945 (CARREFOUR DU) S103,48.79141,2.26292,Nuit avec éclairage allumé,En agglomération,Giratoire,Normale,Deux véhicules - côté,3,2,2,0,1,1,1,0,1,50,2,2,1,0,0,1,25.0,33.0,autre,voiture,5,2,6,1,3
201900002401,2019-09-19 09:05:00,2019,9,19,9,5,92,92032,BLANCHARD (RUE),48.7945073,2.2879371,Plein jour,En agglomération,Intersection en X,Temps éblouissant,Autre collision,3,2,2,0,1,2,1,6,1,30,2,2,1,0,1,0,56.0,,voiture,,1,2,2,7,6
201900002402,2019-09-19 08:40:00,2019,9,19,8,40,92,92007,FOCH (AVENUE DU MARECHAL) AUTRES NUMEROS,48.78669,2.30238,Plein jour,En agglomération,Intersection en T,Normale,Deux véhicules - arrière,4,2,2,0,1,1,1,0,1,50,2,2,1,0,0,1,15.0,33.0,deux_roues,voiture,1,2,3,1,2
201900002403,2019-09-19 15:15:00,2019,9,19,15,15,8,08343,D217,49.678691,5.088088,Plein jour,Hors agglomération,Hors intersection,Normale,Deux véhicules - frontale,3,-1,2,0,2,2,1,0,1,80,2,2,1,0,0,1,76.0,25.0,voiture,voiture,1,1,1,1,1
201900002404,2019-09-20 12:15:00,2019,9,20,12,15,62,62254,rue principale,50.613567,2.193816,Plein jour,Hors agglomération,Hors intersection,Normale,Autre collision,3,2,2,0,1,1,1,0,3,80,1,1,0,0,1,0,27.0,,voiture,,1,1,1,1,6
201900002405,2019-09-18 11:00:00,2019,9,18,11,0,76,76249,A 29,49.63549,1.159747,Plein jour,Hors agglomération,Hors intersection,Autre,Deux véhicules - côté,1,3,4,0,1,1,1,0,1,130,2,3,2,0,1,0,60.0,20.0,utilitaire_camion,utilitaire_camion,1,1,1,9,3
201900002406,2019-09-20 07:30:00,2019,9,20,7,30,74,74090,A 410,46.092372,6.289689,Plein jour,Hors agglomération,Hors intersection,Normale,Deux véhicules - arrière,1,3,4,0,1,1,1,0,1,130,2,2,1,0,0,1,48.0,32.0,utilitaire_camion,utilitaire_camion,1,1,1,1,2
201900002407,2019-09-17 10:30:00,2019,9,17,10,30,64,64254,3320 Chemin Departemental 945,43.5106716,-0.614243,Plein jour,Hors agglomération,Intersection en X,Normale,Trois véhicules et plus - en chaîne,3,2,2,0,1,1,1,0,1,80,3,3,1,0,1,1,22.0,58.0,utilitaire_camion,voiture,1,1,2,1,4
201900002408,2019-07-17 06:00:00,2019,7,17,6,0,35,35176,La Cottaie,47.794539,-1.859913,Crépuscule ou aube,Hors agglomération,Intersection en X,Normale,Deux véhicules - côté,4,2,2,0,3,1,1,0,1,80,2,2,1,0,1,0,65.0,29.0,voiture,voiture,2,1,2,1,3
201900002409,2019-09-18 17:20:00,2019,9,18,17,20,59,59478,Route de Looweg,50.955439,2.461201,Plein jour,Hors agglomération,Intersection en T,Normale,Deux véhicules - frontale,3,2,2,0,1,2,1,0,1,80,2,3,2,0,0,1,21.0,37.0,voiture,voiture,1,1,3,1,1
201900002410,2019-09-12 19:00:00,2019,9,12,19,0,84,84099,route d gordese,43.8624,5.103366,Plein jour,Hors agglomération,Intersection en X,Normale,Deux véhicules - côté,3,2,2,0,1,1,1,0,1,70,2,2,1,0,1,0,19.0,40.0,voiture,voiture,1,1,2,1,3
201900002411,2019-09-20 00:00:00,2019,9,20,0,0,72,72008,boulevard pierre lefaucheux,47.945885,0.18223,Nuit avec éclairage allumé,En agglomération,Hors intersection,Normale,Autre collision,3,4,5,0,1,1,1,0,5,70,2,4,3,0,1,0,20.0,23.0,deux_roues,voiture,5,2,1,1,6
201900002412,2019-09-19 14:00:00,2019,9,19,14,0,37,37179,Autoroute A10,47.4421023,0.7381741,Plein jour,Hors agglomération,Hors intersection,Normale,Autre collision,1,3,5,0,1,1,1,0,1,130,1,1,0,0,1,0,69.0,,voiture,,1,1,1,1,6
201900002413,2019-09-19 18:30:00,2019,9,19,18,30,19,19117,RD59,45.117583,1.464726,Plein jour,Hors agglomération,Hors intersection,Normale,Autre collision,3,2,2,0,2,3,1,0,3,-1,1,3,0,0,1,2,30.0,,voiture,,1,1,1,1,6
201900002414,2019-09-19 17:20:00,2019,9,19,17,20,56,56244,Le Glétin,47.835065,-2.53832,Plein jour,Hors agglomération,Hors intersection,Normale,Sans collision,3,2,2,0,1,3,9,0,3,80,1,1,0,0,1,0,21.0,,voiture,,1,1,1,1,7
201900002415,2019-09-17 15:30:00,2019,9,17,15,30,67,67314,D130,48.4502683,7.2255029,Plein jour,Hors agglomération,Intersection en Y,Normale,Deux véhicules - côté,3,2,2,0,2,1,1,0,1,80,2,2,0,0,1,1,55.0,31.0,voiture,utilitaire_camion,1,1,4,1,3
201900002416,2019-08-31 02:30:00,2019,8,31,2,30,2B,2B305,Grisgione,42.733567,9.460878,Nuit avec éclairage allumé,Hors agglomération,Hors intersection,Normale,Trois véhicules et plus - collisions multiples,3,2,2,0,2,4,1,0,1,80,3,7,2,0,1,4,18.0,52.0,voiture,voiture,5,1,1,1,5
201900002417,2019-09-20 09:05:00,2019,9,20,9,5,82,82134,Chemin des Tempets Revel,44.065198,1.542853,Plein jour,Hors agglomération,Hors intersection,Normale,Autre collision,4,2,2,0,1,2,1,0,3,70,1,1,0,0,0,1,15.0,,deux_roues,,1,1,1,1,6
201900002418,2019-09-20 16:10:00,2019,9,20,16,10,82,82134,1145 Avenue du 8 Mai 1945,44.071442,1.508843,Plein jour,En agglomération,Hors intersection,Normale,Deux véhicules - arrière,3,2,2,1,1,1,1,0,1,50,2,2,1,1,0,0,63.0,53.0,deux_roues,voiture,1,2,1,1,2
201900002419,2019-09-18 11:30:00,2019,9,18,11,30,65,65455,Route de Saint-Laurent,43.0747643,0.4398493,Plein jour,En agglomération,Hors intersection,Normale,Autre collision,3,2,2,0,1,1,1,0,8,50,1,1,0,0,1,0,81.0,,voiture,,1,2,1,1,6
201900002420,2019-09-19 21:03:00,2019,9,19,21,3,89,89142,Route des Marnières,48.07619,3.45168,Nuit sans éclairage public,En agglomération,Hors intersection,Normale,Autre collision,3,2,2,0,1,3,1,0,1,50,1,1,0,0,1,0,26.0,,voiture,,3,2,1,1,6
201900002421,2019-09-20 16:50:00,2019,9,20,16,50,89,89352,CD90 X CD92,47.658127,3.040572,Plein jour,Hors agglomération,Intersection en T,Temps éblouissant,Deux véhicules - côté,3,2,2,0,1,1,1,0,1,80,2,2,0,1,0,1,64.0,42.0,deux_roues,voiture,1,1,3,7,3
201900002422,2019-09-20 14:45:00,2019,9,20,14,45,42,42215,D4,46.164051,4.194385,Plein jour,Hors agglomération,Intersection en T,Normale,Sans collision,3,2,2,1,1,1,1,0,1,80,1,2,0,0,1,1,61.0,,deux_roues,,1,1,3,1,7
201900002423,2019-09-20 10:25:00,2019,9,20,10,25,34,34096,D909,43.562476,3.180636,Plein jour,Hors agglomération,Intersection en Y,Normale,Autre collision,3,2,3,0,2,2,1,0,1,90,2,2,1,1,0,0,55.0,83.0,voiture,deux_roues,1,1,4,1,6
201900002424,2019-09-18 17:08:00,2019,9,18,17,8,25,25512,"Rue des Fuottes, PR18+450",47.151942,6.738885,Plein jour,Hors agglomération,Hors intersection,Normale,Deux véhicules - frontale,3,2,2,0,3,4,1,0,1,80,2,3,1,0,0,2,27.0,32.0,voiture,voiture,1,1,1,1,1
201900002425,2019-09-16 04:45:00,2019,9,16,4,45,44,44175,Le Pont d'Os,47.387982,-2.324129,Nuit sans éclairage public,Hors agglomération,Hors intersection,Normale,Autre collision,3,2,2,0,1,1,1,0,1,80,1,1,0,0,1,0,27.0,,deux_roues,,3,1,1,1,6
201900002426,2019-09-20 03:25:00,2019,9,20,3,25,44,44169,carrefour CD 215 et C9,47.232497,-1.439599,Nuit sans éclairage public,Hors agglomération,Giratoire,Normale,Autre collision,3,2,2,0,1,1,1,5,1,80,1,4,0,3,0,1,26.0,,voiture,,3,1,6,1,6
201900002427,2019-09-18 20:10:00,2019,9,18,20,10,44,44064,D917,47.095637,-1.293236,Crépuscule ou aube,Hors agglomération,Hors intersection,Normale,Deux véhicules - frontale,3,2,2,3,1,4,1,0,1,80,2,2,0,0,2,0,20.0,53.0,voiture,voiture,2,1,1,1,1
201900002428,2019-09-19 20:30:00,2019,9,19,20,30,38,38175,Boulevard Paul Langevin,45.259617,5.909694,Nuit avec éclairage allumé,En agglomération,Intersection en T,Normale,Deux véhicules - côté,3,2,2,0,1,1,1,0,1,50,2,2,1,0,1,0,31.0,17.0,voiture,deux_roues,5,2,3,1,3
201900002429,2019-09-18 21:30:00,2019,9,18,21,30,3,03200,Patry,46.5709231,3.2771486,Nuit sans éclairage public,Hors agglomération,Hors intersection,Normale,Sans collision,3,2,2,0,1,1,1,0,1,80,1,1,0,0,1,0,51.0,,voiture,,3,1,1,1,7
201900002430,2019-09-20 10:25:00,2019,9,20,10,25,15,15265,avenue de la république,45.341124,2.434411,Plein jour,En agglomération,Autre intersection,Normale,Autre collision,6,-1,-1,-1,1,1,1,9,8,-1,1,2,1,0,1,0,,,,,1,2,9,1,6
201900002431,2019-09-19 12:00:00,2019,9,19,12,0,64,64542,N 134,42.798227,-0.530735,Plein jour,Hors agglomération,Hors intersection,Normale,Sans collision,2,2,2,0,2,3,9,0,1,80,1,2,0,0,2,0,68.0,,deux_roues,,1,1,1,1,7
201900002432,2019-09-20 10:05:00,2019,9,20,10,5,18,18015,"Route de Clémont, LES CHAMPS DES PRES",47.515828,2.402235,Plein jour,Hors agglomération,Hors intersection,Temps éblouissant,Deux véhicules - arrière,3,2,2,0,1,1,1,0,1,80,2,2,1,0,1,0,72.0,46.0,deux_roues,utilitaire_camion,1,1,1,7,2
201900002433,2019-09-20 11:00:00,2019,9,20,11,0,18,18053,intersection RD51- RD6,47.113,2.895123,Plein jour,Hors agglomération,Intersection en X,Normale,Deux véhicules - côté,3,2,2,0,1,1,1,0,1,80,2,3,2,0,1,0,64.0,59.0,voiture,utilitaire_camion,1,1,2,1,3
201900002434,2019-09-19 18:30:00,2019,9,19,18,30,7,07020,route des combes,44.565707,4.640908,Plein jour,Hors agglomération,Hors intersection,Normale,Sans collision,2,2,2,0,2,2,1,9,8,80,1,1,0,0,1,0,65.0,,deux_roues,,1,1,1,1,7
201900002435,2019-09-19 16:00:00,2019,9,19,16,0,53,53057,CD113,48.321353,-0.428983,Plein jour,Hors agglomération,Hors intersection,Normale,Autre collision,3,2,2,0,1,2,1,0,1,80,1,1,0,0,1,0,49.0,,voiture,,1,1,1,1,6
201900002436,2019-09-19 20:50:00,2019,9,19,20,50,40,40119,Chemin de Largele,43.648252,-0.599604,Nuit sans éclairage public,En agglomération,Hors intersection,Normale,Autre collision,4,1,1,0,1,1,1,0,3,50,1,1,0,0,1,0,27.0,,voiture,,3,2,1,1,6
201900002437,2019-09-19 20:00:00,2019,9,19,20,0,85,85234,Rue du Moulin Casse,46.802394,-2.0896,Crépuscule ou aube,En agglomération,Giratoire,Normale,Deux véhicules - côté,4,2,2,0,1,1,1,0,1,50,2,2,1,0,1,0,48.0,19.0,voiture,deux_roues,2,2,6,1,3
201900002438,2019-09-20 16:20:00,2019,9,20,16,20,27,27043,Rue Prévost,48.877679,0.826766,Plein jour,Hors agglomération,Hors intersection,Temps éblouissant,Sans collision,3,2,2,0,2,2,1,0,3,80,1,1,0,0,0,1,33.0,,deux_roues,,1,1,1,7,7
201900002439,2019-09-18 06:45:00,2019,9,18,6,45,37,37249,La Tonnerie,47.485926,0.517137,Crépuscule ou aube,Hors agglomération,Hors intersection,Normale,Deux véhicules - frontale,3,2,2,0,4,1,1,0,1,80,2,2,0,0,2,0,45.0,27.0,voiture,voiture,2,1,1,1,1
201900002440,2019-09-19 15:35:00,2019,9,19,15,35,30,30160,D982,44.004669,4.12972,Plein jour,Hors agglomération,Intersection en T,Normale,Deux véhicules - côté,3,2,2,0,1,1,1,0,1,50,2,2,1,0,1,0,76.0,20.0,voiture,voiture,1,1,3,1,3
201900002441,2019-09-20 13:00:00,2019,9,20,13,0,8,08222,D8051,50.01129,4.701549,Plein jour,Hors agglomération,Hors intersection,Normale,Sans collision,3,2,2,0,1,1,1,0,3,80,1,1,0,1,0,0,66.0,,deux_roues,,1,1,1,1,7
201900002442,2019-09-19 16:30:00,2019,9,19,16,30,973,97309,Route de Montjoly,4.9134598,-52.2733596,Plein jour,En agglomération,Hors intersection,Normale,Autre collision,3,2,2,0,1,1,1,6,1,50,1,2,1,0,1,0,37.0,,voiture,,1,2,1,1,6
201900002443,2019-09-19 17:00:00,2019,9,19,17,0,49,49007,A11 PK 262.000,47.490794,-0.537216,Plein jour,Hors agglomération,Autre intersection,Normale,Deux véhicules - arrière,1,1,1,0,2,1,1,3,1,70,2,2,1,0,0,1,59.0,47.0,voiture,deux_roues,1,1,9,1,2
201900002444,2019-02-12 12:15:00,2019,2,12,12,15,62,62276,RD 941,50.5213,2.8218,Plein jour,Hors agglomération,Hors intersection,Normale,Deux véhicules - frontale,3,2,2,0,1,1,1,0,1,80,2,2,0,0,0,2,34.0,30.0,voiture,voiture,1,1,1,1,1
201900002445,2019-02-12 21:50:00,2019,2,12,21,50,59,59648,CLEMENCEAU RUE,50.5949365,3.0510711,Nuit sans éclairage public,En agglomération,Hors intersection,Normale,Deux véhicules - arrière,4,2,3,0,1,1,1,0,1,50,2,1,0,0,0,1,32.0,,voiture,,3,2,1,1,2
201900002446,2019-02-11 16:15:00,2019,2,11,16,15,59,59350,LORRAINE BOULEVARD,50.63455,3.03961,Plein jour,En agglomération,Hors intersection,Normale,Deux véhicules - côté,7,2,2,0,1,1,1,0,1,50,2,2,1,1,0,0,33.0,46.0,voiture,voiture,1,2,1,1,3
201900002447,2019-02-13 05:15:00,2019,2,13,5,15,57,57672,METZ (ROUTE DE),49.33682,6.15847,Nuit avec éclairage allumé,Hors agglomération,Hors intersection,Brouillard / fumée,Autre collision,3,2,2,0,1,3,7,0,1,80,1,3,0,0,1,2,19.0,,voiture,,5,1,1,5,6
201900002448,2019-02-11 17:22:00,2019,2,11,17,22,57,57221,LORRAINE (AVENUE DE),49.32557,6.12268,Plein jour,En agglomération,Intersection en X,Normale,Deux véhicules - côté,3,2,3,0,1,1,1,5,1,50,2,3,1,0,2,0,87.0,59.0,voiture,utilitaire_camion,1,2,2,1,3
201900002449,2019-02-11 18:00:00,2019,2,11,18,0,54,54395,MOTHE (RUE DE LA),48.6932,6.19623,Crépuscule ou aube,En agglomération,Hors intersection,Normale,Sans collision,4,2,2,0,1,1,1,0,1,50,1,1,0,0,0,1,,,,,2,2,1,1,7
201900002450,2019-02-12 09:50:00,2019,2,12,9,50,49,49007,MANSION,47.47786,-0.59165,Plein jour,En agglomération,Hors intersection,Normale,Deux véhicules - frontale,4,2,2,0,1,1,1,0,1,30,2,2,1,0,0,1,28.0,29.0,voiture,voiture,1,2,1,1,1
201900002451,2019-02-11 17:37:00,2019,2,11,17,37,49,49015,MEIGNANNE ROUTE DE LA,47.49414,-0.59892,Plein jour,Hors agglomération,Intersection en X,Normale,Deux véhicules - côté,4,2,2,0,1,1,1,0,1,70,2,2,1,0,0,1,82.0,17.0,voiture,deux_roues,1,1,2,1,3
201900002452,2019-02-11 17:55:00,2019,2,11,17,55,49,49007,DUPETIT THOUARS,47.463432,-0.552616,Plein jour,En agglomération,Hors intersection,Normale,Autre collision,4,2,2,0,1,2,1,0,1,30,1,3,0,0,0,3,35.0,,deux_roues,,1,2,1,1,6
201900002453,2019-02-11 18:17:00,2019,2,11,18,17,49,49007,QUILLOT,47.45879,-0.61316,Crépuscule ou aube,En agglomération,Hors intersection,Normale,Autre collision,4,2,2,0,1,1,1,0,1,30,1,1,0,0,0,1,19.0,,deux_roues,,2,2,1,1,6
201900002454,2019-02-12 19:30:00,2019,2,12,19,30,47,47323,PUJOLS (AVENUE),44.3991,0.69783,Nuit avec éclairage allumé,En agglomération,Hors intersection,Normale,Deux véhicules - frontale,3,2,2,0,1,1,1,0,1,50,2,2,1,0,0,1,25.0,63.0,voiture,voiture,5,2,1,1,1
201900002455,2019-02-11 15:07:00,2019,2,11,15,7,47,47001,08 PUITS DU SAUMON (RUE DU),44.20562,0.6165,Plein jour,En agglomération,Intersection en Y,Normale,Deux véhicules - côté,4,1,1,0,1,3,1,0,1,30,2,2,1,0,1,0,38.0,44.0,deux_roues,voiture,1,2,4,1,3
201900002456,2019-02-13 07:08:00,2019,2,13,7,8,45,45235,RD 955,47.95269,1.80149,Nuit sans éclairage public,Hors agglomération,Hors intersection,Brouillard / fumée,Trois véhicules et plus - collisions multiples,3,2,2,0,1,1,1,0,1,80,3,4,3,1,0,0,53.0,48.0,voiture,utilitaire_camion,3,1,1,5,5
201900002457,2019-02-11 11:10:00,2019,2,11,11,10,45,45298,R DES CYGNES,47.875751,1.873799,Plein jour,En agglomération,Hors intersection,Normale,Deux véhicules - arrière,4,2,2,0,1,1,1,0,1,50,2,2,1,0,0,1,38.0,19.0,voiture,deux_roues,1,2,1,1,2
201900002458,2019-02-13 15:30:00,2019,2,13,15,30,45,45208,BD J F KENNEDY-R E MALATRE,47.9957032,2.7203542,Plein jour,En agglomération,Intersection en X,Normale,Deux véhicules - côté,4,2,2,0,1,1,1,0,1,50,2,3,2,0,0,1,17.0,54.0,deux_roues,utilitaire_camion,1,2,2,1,3
201900002459,2019-02-08 15:50:00,2019,2,8,15,50,44,44184, RUES JULES MANSARD/PORNICHET,47.2677,-2.222,Plein jour,En agglomération,Intersection en X,Normale,Autre collision,4,2,2,0,1,1,1,0,1,50,1,2,1,0,0,1,75.0,,voiture,,1,2,2,1,6
201900002460,2019-02-13 22:30:00,2019,2,13,22,30,44,44109,RUE DE STRASBOURG,47.218,-1.55292,Nuit avec éclairage allumé,En agglomération,Hors intersection,Normale,Deux véhicules - frontale,4,2,0,0,1,1,1,0,1,50,2,3,0,0,0,3,32.0,20.0,deux_roues,voiture,5,2,1,1,1
201900002461,2019-02-11 14:30:00,2019,2,11,14,30,44,44162,AVENUE DU PARNASSE,47.23509,-1.59574,Plein jour,En agglomération,Hors intersection,Normale,Trois véhicules et plus - collisions multiples,4,2,2,0,1,1,1,5,1,50,3,3,2,0,0,1,29.0,65.0,voiture,voiture,1,2,1,1,5
201900002462,2019-02-11 06:00:00,2019,2,11,6,0,42,42218,117 RUE PARE AMBROISE,45.406873,4.379971,Nuit avec éclairage allumé,En agglomération,Hors intersection,Temps couvert,Autre collision,4,2,-1,-1,-1,-1,-1,-1,1,50,1,2,1,1,0,0,34.0,,voiture,,5,2,1,8,6
201900002463,2019-02-11 13:30:00,2019,2,11,13,30,41,41295,GRANDE RUE,47.58058,1.38215,Plein jour,En agglomération,Hors intersection,Normale,Deux véhicules - côté,4,2,2,0,1,1,1,0,1,50,2,2,1,0,1,0,26.0,25.0,voiture,deux_roues,1,2,1,1,3
201900002464,2019-02-13 00:50:00,2019,2,13,0,50,37,37233,LOIRE (LEVEE DE LA),47.3982498,0.7337973,Nuit sans éclairage public,En agglomération,Hors intersection,Normale,Sans collision,3,2,2,0,1,1,1,0,1,70,1,1,0,0,1,0,20.0,,voiture,,3,2,1,1,7
201900002465,2019-02-12 18:35:00,2019,2,12,18,35,37,37214,MARECHAL LECLERC (RD PT),47.42011,0.66273,Nuit avec éclairage allumé,En agglomération,Giratoire,Normale,Deux véhicules - côté,4,1,2,0,1,2,1,0,1,50,2,2,1,0,0,1,46.0,37.0,deux_roues,voiture,5,2,6,1,3
201900002466,2019-01-30 11:50:00,2019,1,30,11,50,35,35238,PALESTINE (RUE DE LA),48.11544,-1.66971,Plein jour,En agglomération,Hors intersection,Pluie légère,Autre collision,4,1,1,0,1,1,2,0,1,30,1,1,0,0,0,1,37.0,,voiture,,1,2,1,2,6