accident_id,datetime,annee,mois,jour,heure,minute,departement,commune_insee,adresse,latitude,longitude,luminosite,agglomeration,intersection,meteo,collision,catr,circ,nbv,vosp,prof,plan,surf,infra,situ,vma,nb_vehicules,nb_usagers,nb_indemnes,nb_tues,nb_blesses_hosp,nb_blesses_legers,age_cond_1,age_cond_2,veh_type_cond_1,veh_type_cond_2,lum_code,agg_code,int_code,atm_code,col_code
201900002559,2019-02-14 17:50:00,2019,2,14,17,50,34,34341,D5,43.49458,3.58243,Plein jour,Hors agglomération,Hors intersection,Normale,Deux véhicules - frontale,3,2,2,0,2,1,1,0,1,80,2,2,0,0,0,2,32.0,32.0,voiture,voiture,1,1,1,1,1
201900002560,2019-02-13 18:40:00,2019,2,13,18,40,34,34199,boulevard Martin Luther King et Nelson mandela,43.463637,3.410151,Nuit sans éclairage public,Hors agglomération,Autre intersection,Normale,Deux véhicules - frontale,3,2,2,0,1,3,1,0,1,80,2,2,1,0,1,0,66.0,20.0,voiture,voiture,3,1,9,1,1
201900002561,2019-02-14 14:15:00,2019,2,14,14,15,83,83107,rond point de l'appel du 18 juin 1940 la bouverie,43.495516,6.641008,Plein jour,En agglomération,Giratoire,Normale,Sans collision,4,1,1,0,1,3,1,9,1,50,1,1,0,0,0,1,52.0,,deux_roues,,1,2,6,1,7
201900002562,2019-02-14 11:30:00,2019,2,14,11,30,68,68021,Rue de Rosenau,47.638519,7.519444,Plein jour,Hors agglomération,Hors intersection,Normale,Autre collision,3,2,2,0,1,1,1,0,3,70,1,3,0,0,3,0,29.0,,voiture,,1,1,1,1,6
201900002563,2019-02-13 14:50:00,2019,2,13,14,50,26,26146,RD 541 PR 15.100,44.4208698,4.8708923,Plein jour,Hors agglomération,Hors intersection,Normale,Deux véhicules - côté,3,2,2,0,2,1,1,0,1,80,2,2,1,0,1,0,54.0,30.0,voiture,deux_roues,1,1,1,1,3
201900002564,2019-02-14 17:00:00,2019,2,14,17,0,69,69010,AVENUE DU CHAMP D'AZILE,45.83358,4.607165,Plein jour,En agglomération,Hors intersection,Normale,Sans collision,4,2,2,0,1,1,1,0,1,50,1,2,1,0,0,1,17.0,,deux_roues,,1,2,1,1,7
201900002565,2019-02-14 11:20:00,2019,2,14,11,20,17,17393,57 route des Husseaux,45.682805,-0.839081,Plein jour,Hors agglomération,Hors intersection,Normale,Deux véhicules - frontale,3,2,1,0,2,3,1,0,1,80,2,2,0,0,1,1,21.0,26.0,voiture,voiture,1,1,1,1,1
201900002566,2019-02-14 16:25:00,2019,2,14,16,25,64,64230,RD 217 ROUTE DE LAS HIES,43.239106,-0.422236,Plein jour,Hors agglomération,Hors intersection,Normale,Deux véhicules - arrière,3,2,2,0,1,1,1,0,1,70,2,2,1,0,0,1,47.0,43.0,deux_roues,utilitaire_camion,1,1,1,1,2
201900002567,2019-02-14 13:50:00,2019,2,14,13,50,24,24347,LA CROIX,44.716965,0.799439,Plein jour,Hors agglomération,Intersection en T,Normale,Deux véhicules - frontale,3,2,2,0,2,2,1,0,1,80,2,2,1,1,0,0,72.0,62.0,deux_roues,voiture,1,1,3,1,1
201900002568,2019-02-07 14:45:00,2019,2,7,14,45,33,33222,D1089 / D245,44.94131,-0.20768,Plein jour,Hors agglomération,Intersection en T,Normale,Deux véhicules - frontale,3,2,2,0,1,1,1,5,1,80,2,3,0,0,3,0,72.0,86.0,voiture,voiture,1,1,3,1,1
201900002569,2019-02-02 23:10:00,2019,2,2,23,10,59,59043,AUTOROUTE A25,50.72666,2.72218,Nuit sans éclairage public,Hors agglomération,Hors intersection,Pluie légère,Deux véhicules - arrière,1,3,4,0,1,1,2,0,1,110,2,2,1,0,0,1,27.0,54.0,voiture,voiture,3,1,1,2,2
201900002570,2019-01-26 14:20:00,2019,1,26,14,20,62,62274,AUTOROUTE A21,50.42759,2.97904,Plein jour,Hors agglomération,Hors intersection,Normale,Deux véhicules - arrière,1,3,4,0,1,1,1,0,1,110,2,2,1,0,0,1,42.0,20.0,voiture,voiture,1,1,1,1,2
201900002571,2019-02-12 18:20:00,2019,2,12,18,20,92,92050,A14,48.8988016,2.2157366,Nuit avec éclairage allumé,Hors agglomération,Hors intersection,Normale,Deux véhicules - arrière,1,1,1,0,1,1,1,1,1,90,2,2,1,0,0,1,62.0,30.0,utilitaire_camion,voiture,5,1,1,1,2
201900002572,2019-02-12 17:00:00,2019,2,12,17,0,92,92036,A86,48.93837,2.30013,Plein jour,Hors agglomération,Hors intersection,Normale,Trois véhicules et plus - en chaîne,1,3,9,0,1,1,1,0,1,90,3,4,2,0,0,2,20.0,48.0,voiture,voiture,1,1,1,1,4
201900002573,2019-02-12 09:10:00,2019,2,12,9,10,93,93008,AUTOROUTE A86,48.91028,2.44411,Plein jour,Hors agglomération,Hors intersection,Normale,Deux véhicules - arrière,1,3,6,0,1,1,1,1,1,90,2,2,1,0,0,1,19.0,39.0,voiture,deux_roues,1,1,1,1,2
201900002574,2019-02-13 11:15:00,2019,2,13,11,15,94,94081,A86 INT,48.774132,2.404976,Plein jour,Hors agglomération,Hors intersection,Normale,Autre collision,1,1,3,0,1,1,1,0,1,90,1,1,0,0,0,1,26.0,,deux_roues,,1,1,1,1,6
201900002575,2019-02-13 07:10:00,2019,2,13,7,10,94,94073,A86 EXT,48.7630513,2.3813448,Nuit avec éclairage allumé,Hors agglomération,Hors intersection,Normale,Deux véhicules - côté,1,1,3,0,1,1,1,1,1,90,2,2,1,0,0,1,55.0,50.0,voiture,utilitaire_camion,5,1,1,1,3
201900002576,2019-02-11 17:20:00,2019,2,11,17,20,77,77146,A4.Y,48.83213,2.65309,Crépuscule ou aube,Hors agglomération,Hors intersection,Normale,Deux véhicules - côté,1,3,8,0,1,1,1,0,1,110,2,2,1,0,0,1,21.0,38.0,deux_roues,voiture,2,1,1,1,3
201900002577,2019-02-07 11:35:00,2019,2,7,11,35,95,95539,ROBERT SCHUMANN (AVENUE ),49.00661,2.352,Plein jour,En agglomération,Hors intersection,Normale,Autre collision,4,1,1,0,1,1,1,0,1,50,1,1,0,0,0,1,,,,,1,2,1,1,6
201900002578,2019-02-08 17:00:00,2019,2,8,17,0,71,71076,DE LATTRE DE TASSIGNY(MARECHAL),46.7861449,4.8440212,Plein jour,En agglomération,Hors intersection,Pluie légère,Autre collision,4,2,2,0,1,1,1,0,1,50,1,2,1,0,0,1,54.0,,voiture,,1,2,1,2,6
201900002579,2019-02-05 19:10:00,2019,2,5,19,10,42,42187,FUYANT (RUE DU),46.043042,4.053541,Nuit avec éclairage allumé,En agglomération,Hors intersection,Normale,Deux véhicules - frontale,4,1,2,1,1,1,1,0,1,50,2,3,1,0,0,2,33.0,53.0,deux_roues,voiture,5,2,1,1,1
201900002580,2019-02-06 20:25:00,2019,2,6,20,25,41,41295,RD 174,47.59306,1.35516,Nuit avec éclairage allumé,En agglomération,Hors intersection,Normale,Deux véhicules - arrière,3,1,2,0,1,1,1,0,1,70,2,2,1,0,0,1,47.0,27.0,voiture,voiture,5,2,1,1,2
201900002581,2019-02-08 15:50:00,2019,2,8,15,50,29,29039,QUIMPER ( RUE DE),47.8888704,-3.9177871,Plein jour,En agglomération,Hors intersection,Pluie légère,Sans collision,6,-1,-1,-1,1,1,1,0,1,30,1,3,2,0,0,1,70.0,,voiture,,1,2,1,2,7
201900002582,2019-02-07 15:15:00,2019,2,7,15,15,27,27229,CONCHES (ROUTE DE),49.01751,1.11463,Plein jour,En agglomération,Hors intersection,Normale,Deux véhicules - arrière,3,2,2,0,1,1,1,0,1,50,2,3,0,0,0,3,26.0,35.0,voiture,voiture,1,2,1,1,2
201900002583,2019-02-08 17:30:00,2019,2,8,17,30,11,11069,RADIGUET,43.21023,2.32988,Plein jour,En agglomération,Hors intersection,Normale,Autre collision,4,2,2,0,1,1,1,0,1,30,1,2,1,0,0,1,34.0,,voiture,,1,2,1,1,6
201900002584,2019-02-05 09:00:00,2019,2,5,9,0,5,05061,MALCOMBE ( ROUTE DE ),44.55791,6.04422,Plein jour,En agglomération,Hors intersection,Autre,Sans collision,4,-1,2,0,2,1,7,0,1,50,1,1,0,0,0,1,18.0,,deux_roues,,1,2,1,9,7
201900002585,2019-02-07 10:15:00,2019,2,7,10,15,94,94004,GENERAL LECLERC (AV DU),48.76075,2.49771,Plein jour,En agglomération,Hors intersection,Normale,Trois véhicules et plus - collisions multiples,2,1,4,0,1,1,1,0,1,70,3,3,2,0,0,1,59.0,41.0,voiture,voiture,1,2,1,1,5
201900002586,2019-02-06 20:25:00,2019,2,6,20,25,94,94071,GRAND VAL (R DU),48.77379,2.51724,Nuit avec éclairage allumé,En agglomération,Intersection en T,Pluie légère,Autre collision,3,2,2,0,2,1,2,0,1,50,1,2,1,0,1,0,26.0,,voiture,,5,2,3,2,6
201900002587,2019-02-09 23:25:00,2019,2,9,23,25,93,93047,PERVENCHES (AVENUE DES),48.8872,2.55147,Nuit avec éclairage allumé,En agglomération,Place,Pluie légère,Deux véhicules - côté,4,2,2,0,1,1,2,0,1,50,2,3,2,0,0,1,29.0,51.0,voiture,utilitaire_camion,5,2,7,2,3
201900002588,2019-02-05 13:55:00,2019,2,5,13,55,83,83137,,43.12132,5.95331,Plein jour,Hors agglomération,Hors intersection,Normale,Trois véhicules et plus - en chaîne,1,3,6,0,1,1,1,0,1,90,4,5,4,0,0,1,59.0,50.0,voiture,voiture,1,1,1,1,4
201900002589,2019-02-02 00:20:00,2019,2,2,0,20,93,93066,AUTOROUTE A1,48.92989,2.36421,Nuit sans éclairage public,Hors agglomération,Hors intersection,Pluie légère,Deux véhicules - côté,1,3,10,0,1,1,2,0,1,90,2,2,1,0,0,1,55.0,32.0,deux_roues,voiture,3,1,1,2,3
201900002590,2019-02-07 02:40:00,2019,2,7,2,40,92,92036,AUTOROUTE A15,48.9370439,2.2948571,Nuit sans éclairage public,Hors agglomération,Hors intersection,Pluie légère,Autre collision,1,1,2,0,2,2,2,3,1,50,1,2,0,0,0,2,43.0,,voiture,,3,1,1,2,6
201900002591,2019-02-09 05:00:00,2019,2,9,5,0,988,98818,COOK (AVENUE JAMES),-22.26585,166.41801,Nuit sans éclairage public,En agglomération,Hors intersection,Normale,Sans collision,4,2,2,0,1,3,1,0,1,50,1,3,0,0,3,0,26.0,,voiture,,3,2,1,1,7
201900002592,2019-01-28 15:26:00,2019,1,28,15,26,987,98735,CLEMENCEAU (RUE),-17.53529,-149.55624,Plein jour,En agglomération,Intersection en T,Normale,Deux véhicules - frontale,4,2,2,0,1,1,1,0,1,50,2,2,1,0,0,1,19.0,50.0,deux_roues,utilitaire_camion,1,2,3,1,1
201900002593,2019-02-10 21:25:00,2019,2,10,21,25,976,97611,kaweni-Kaweni nord ( Z I ),-12.76368,45.22556,Nuit avec éclairage allumé,En agglomération,Giratoire,Normale,Sans collision,2,2,2,0,1,1,1,9,1,45,1,1,0,0,0,1,,,,,5,2,6,1,7
201900002594,2019-02-09 12:15:00,2019,2,9,12,15,976,97611,kaweni-Kaweni nord ( Z I ),-12.77547,45.22346,Plein jour,En agglomération,Hors intersection,Normale,Deux véhicules - côté,2,2,2,0,1,1,1,9,1,40,2,2,1,0,0,1,50.0,44.0,voiture,deux_roues,1,2,1,1,3
201900002595,2019-02-07 07:15:00,2019,2,7,7,15,976,97611,passamanty-Vahibé ( route ),-12.80105,45.20913,Plein jour,En agglomération,Hors intersection,Normale,Autre collision,3,2,2,0,1,1,1,0,1,50,1,2,1,0,0,1,32.0,,deux_roues,,1,2,1,1,6
201900002596,2019-02-07 07:00:00,2019,2,7,7,0,976,97611,mgombani-Baobab ( Bd ),-12.78419,45.22953,Crépuscule ou aube,En agglomération,Hors intersection,Normale,Autre collision,2,2,2,0,2,1,1,0,1,50,1,2,0,0,0,2,65.0,,deux_roues,,2,2,1,1,6
201900002597,2019-02-06 21:00:00,2019,2,6,21,0,976,97611,m'tsapere-Nationale 2 (route),-12.78328,45.23403,Nuit sans éclairage public,En agglomération,Hors intersection,Normale,Deux véhicules - côté,2,2,2,0,1,1,1,0,1,50,2,4,2,0,1,1,38.0,32.0,voiture,voiture,3,2,1,1,3
201900002598,2019-02-08 22:30:00,2019,2,8,22,30,974,97416,Rue Hippolyte Piot,-21.2986098,55.4538183,Nuit avec éclairage allumé,En agglomération,Intersection en X,Pluie légère,Deux véhicules - frontale,3,2,2,0,1,1,2,0,1,50,2,3,2,0,1,0,35.0,18.0,voiture,deux_roues,5,2,2,2,1
201900002599,2019-02-09 13:10:00,2019,2,9,13,10,974,97416,Rue Marius et Ary Leblond,-21.33535,55.46625,Plein jour,En agglomération,Hors intersection,Normale,Trois véhicules et plus - collisions multiples,4,2,2,0,1,1,1,0,1,50,4,4,1,0,0,3,35.0,35.0,voiture,voiture,1,2,1,1,5
201900002600,2019-02-08 20:50:00,2019,2,8,20,50,974,97411,Chemin du Ruisseau blanc,-20.89295,55.41573,Nuit avec éclairage allumé,En agglomération,Hors intersection,Normale,Deux véhicules - frontale,4,2,2,0,2,1,1,0,1,50,2,2,0,0,1,1,22.0,23.0,deux_roues,deux_roues,5,2,1,1,1
201900002601,2019-02-08 09:20:00,2019,2,8,9,20,974,97411,Avenue de la Victoire,-20.876907,55.447955,Nuit avec éclairage allumé,En agglomération,Hors intersection,Pluie légère,Autre collision,4,2,3,0,2,1,1,0,1,50,1,2,1,0,1,0,43.0,,voiture,,5,2,1,2,6
201900002602,2019-02-08 08:30:00,2019,2,8,8,30,974,97411,DECAEN (DE L'AMIRAL),-20.8856,55.45721,Plein jour,En agglomération,Intersection en T,Normale,Autre collision,4,2,2,0,1,2,1,0,1,50,1,2,1,0,1,0,90.0,,voiture,,1,2,3,1,6
201900002603,2019-02-07 15:15:00,2019,2,7,15,15,974,97411,MACE (BOULEVARD GABRIEL),-20.87469,55.44615,Plein jour,En agglomération,Hors intersection,Normale,Deux véhicules - arrière,4,2,2,0,1,1,1,5,1,50,2,2,1,0,0,1,53.0,26.0,voiture,voiture,1,2,1,1,2
201900002604,2019-02-11 09:35:00,2019,2,11,9,35,973,97302,MADELEINE (ROUTE DE LA),4.9297502,-52.3258209,Plein jour,En agglomération,Intersection en T,Normale,Deux véhicules - côté,3,2,2,0,1,1,1,0,1,50,2,2,1,0,1,0,54.0,63.0,deux_roues,voiture,1,2,3,1,3
201900002605,2019-02-07 06:11:00,2019,2,7,6,11,973,97302,VIRGILE (AVENUE),4.932337,-52.3080969,Crépuscule ou aube,En agglomération,Hors intersection,Normale,Autre collision,3,-1,2,0,1,1,1,0,1,50,1,2,1,0,0,1,65.0,,voiture,,2,2,1,1,6
201900002606,2019-02-11 07:30:00,2019,2,11,7,30,69,69383,ABONDANCE (DE L')                   (R ),45.75392,4.85629,Crépuscule ou aube,En agglomération,Intersection en X,Normale,Deux véhicules - côté,4,1,1,0,1,1,1,0,1,50,2,3,2,0,0,1,23.0,23.0,voiture,voiture,2,2,2,1,3
201900002607,2019-02-10 17:15:00,2019,2,10,17,15,69,69387,DEBOURG                             (AV),45.7317,4.82425,Plein jour,En agglomération,Giratoire,Normale,Deux véhicules - côté,4,2,1,0,1,1,2,0,1,50,2,2,1,0,0,1,46.0,28.0,deux_roues,voiture,1,2,6,1,3
201900002608,2019-02-10 05:35:00,2019,2,10,5,35,69,69387,BERTHELOT                           (AV),45.74235,4.85065,Nuit avec éclairage allumé,En agglomération,Intersection en X,Normale,Deux véhicules - côté,4,1,2,0,1,1,1,0,1,50,2,5,3,0,0,2,25.0,26.0,voiture,voiture,5,2,2,1,3
201900002609,2019-02-10 05:45:00,2019,2,10,5,45,69,69387,LECLERC                             (AV),45.74779,4.83362,Nuit avec éclairage allumé,En agglomération,Intersection en X,Normale,Deux véhicules - côté,4,2,4,0,1,1,1,0,1,50,2,2,1,0,0,1,19.0,32.0,voiture,voiture,5,2,2,1,3
201900002610,2019-02-09 15:35:00,2019,2,9,15,35,69,69387,LECLERC                             (AV),45.74346,4.82958,Plein jour,En agglomération,Hors intersection,Temps couvert,Trois véhicules et plus - en chaîne,4,1,2,3,1,1,1,0,1,50,4,5,3,0,0,2,54.0,30.0,voiture,voiture,1,2,1,8,4
201900002611,2019-02-09 14:30:00,2019,2,9,14,30,69,69387,BERTHELOT                           (AV),45.74517,4.84188,Plein jour,En agglomération,Intersection en X,Normale,Autre collision,4,1,2,0,1,1,1,2,1,50,1,2,1,0,1,0,39.0,,voiture,,1,2,2,1,6
201900002612,2019-02-08 22:10:00,2019,2,8,22,10,69,69383,VICTOR AUGAGNEUR                    (QU),45.75831,4.84083,Nuit avec éclairage allumé,En agglomération,Hors intersection,Normale,Autre collision,9,2,1,1,1,1,1,0,1,25,1,1,0,0,0,1,31.0,,autre,,5,2,1,1,6
201900002613,2019-02-08 13:08:00,2019,2,8,13,8,69,69383,GAMBETTA                            (CO),45.75381,4.84736,Plein jour,En agglomération,Hors intersection,Normale,Autre collision,4,1,3,3,1,1,1,0,1,50,1,2,1,0,0,1,23.0,,voiture,,1,2,1,1,6
201900002614,2019-02-08 11:40:00,2019,2,8,11,40,69,69388,LAENNEC                             (R ),45.73779,4.88493,Plein jour,En agglomération,Hors intersection,Normale,Deux véhicules - arrière,4,1,1,1,1,1,1,0,1,50,2,3,1,0,0,2,41.0,28.0,voiture,voiture,1,2,1,1,2
201900002615,2019-02-08 08:20:00,2019,2,8,8,20,69,69259,PRESIDENT EDOUARD HERRIOT (DU)      (R ),45.69638,4.87682,Plein jour,En agglomération,Hors intersection,Normale,Autre collision,4,2,2,0,1,1,1,0,1,15,1,2,1,0,0,1,44.0,,voiture,,1,2,1,1,6
201900002616,2019-02-07 20:00:00,2019,2,7,20,0,69,69259,FRERES LAFRANCHI (DES)                  ,45.71313,4.87682,Nuit sans éclairage public,En agglomération,Autre intersection,Normale,Autre collision,4,1,1,0,1,1,2,0,1,50,1,2,1,0,0,1,37.0,,utilitaire_camion,,3,2,9,1,6
201900002617,2019-02-07 09:40:00,2019,2,7,9,40,69,69383,ST PHILIPPE                         (R ),45.75041,4.86632,Plein jour,En agglomération,Hors intersection,Pluie légère,Autre collision,4,1,1,0,1,1,2,0,1,50,1,2,1,0,0,1,54.0,,voiture,,1,2,1,2,6
201900002618,2019-02-09 15:50:00,2019,2,9,15,50,972,97213,PELLETIER (ROUTE DE),14.656685,-60.97851,Plein jour,Hors agglomération,Hors intersection,Normale,Deux véhicules - côté,3,2,2,0,2,3,1,0,1,50,2,2,0,0,1,1,49.0,18.0,voiture,deux_roues,1,1,1,1,3
201900002619,2019-07-09 13:15:00,2019,7,9,13,15,94,94017,A4,48.8280945,2.5033698,Plein jour,Hors agglomération,Hors intersection,Normale,Deux véhicules - arrière,1,3,8,0,1,1,1,1,1,90,2,2,1,0,0,1,24.0,57.0,voiture,voiture,1,1,1,1,2
201900002620,2019-07-07 09:48:00,2019,7,7,9,48,91,91421,NATIONALE 6 (PARTIE FORET),48.6838,2.4895,Plein jour,En agglomération,Hors intersection,Normale,Deux véhicules - arrière,2,3,4,0,1,1,1,0,3,50,2,5,4,0,0,1,40.0,32.0,voiture,voiture,1,2,1,1,2
201900002621,2019-07-08 18:00:00,2019,7,8,18,0,27,27229,VULCAIN (RUE),49.02039,1.18155,Plein jour,En agglomération,Hors intersection,Normale,Deux véhicules - arrière,4,2,2,0,1,1,1,0,1,50,2,2,1,0,0,1,24.0,27.0,voiture,voiture,1,2,1,1,2
201900002622,2019-07-07 23:50:00,2019,7,7,23,50,13,13207,ROUCAS BLAN (CHEMIN),43.278606,5.367489,Nuit avec éclairage allumé,En agglomération,Autre intersection,Normale,Autre collision,4,2,2,0,2,3,1,0,1,50,1,1,0,0,1,0,28.0,,deux_roues,,5,2,9,1,6
201900002623,2019-06-19 19:15:00,2019,6,19,19,15,13,13210,PONT DE VIVAUX (BOULEVARD),43.28154,5.42459,Plein jour,En agglomération,Hors intersection,Normale,Deux véhicules - côté,4,2,2,0,1,1,1,0,1,50,2,2,1,0,0,1,32.0,30.0,voiture,deux_roues,1,2,1,1,3
201900002624,2019-06-19 19:20:00,2019,6,19,19,20,13,13209,ANTOINE FORTUNE MARION (RUE),43.238614,5.40417,Plein jour,En agglomération,Giratoire,Normale,Deux véhicules - frontale,4,2,2,0,2,2,1,0,1,50,2,2,1,0,1,0,20.0,45.0,deux_roues,voiture,1,2,6,1,1
201900002625,2019-07-08 20:14:00,2019,7,8,20,14,10,10333,FREDERIC MISTRAL (RUE),48.28054,4.0462,Plein jour,En agglomération,Intersection en Y,Normale,Deux véhicules - arrière,3,-1,0,0,1,3,1,0,1,50,2,2,1,0,0,1,18.0,20.0,deux_roues,deux_roues,1,2,4,1,2
201900002626,2019-07-07 04:00:00,2019,7,7,4,0,93,93027,AUTOROUTE A86,48.92587,2.39931,Nuit sans éclairage public,Hors agglomération,Hors intersection,Normale,Autre collision,1,3,10,0,1,1,1,0,1,90,1,1,0,0,0,1,22.0,,voiture,,3,1,1,1,6
201900002627,2019-07-09 16:15:00,2019,7,9,16,15,988,98818,RUE DE VERDUN/GEORGES CLEMENCEAU,-22.27259,166.44142,Plein jour,En agglomération,Intersection en X,Normale,Autre collision,4,1,1,0,1,1,1,0,1,50,1,2,1,0,1,0,76.0,,voiture,,1,2,2,1,6
201900002628,2019-07-09 16:50:00,2019,7,9,16,50,973,97302,MANGO (CITE),4.9325935,-52.3185575,Plein jour,En agglomération,Hors intersection,Normale,Deux véhicules - arrière,4,2,2,0,1,1,1,0,1,50,2,2,1,0,0,1,64.0,41.0,deux_roues,voiture,1,2,1,1,2
201900002629,2019-07-09 19:15:00,2019,7,9,19,15,69,69387,CAMILLE ROY                         (R ),45.74513,4.84661,Plein jour,En agglomération,Intersection en X,Normale,Deux véhicules - côté,4,1,1,0,1,1,1,0,1,50,2,2,1,0,0,1,42.0,19.0,voiture,deux_roues,1,2,2,1,3
201900002630,2019-07-09 15:25:00,2019,7,9,15,25,69,69383,ARSONVAL (D')                       (PL),45.74282,4.87822,Plein jour,En agglomération,Intersection en X,Normale,Autre collision,4,-1,2,0,1,1,1,0,1,50,3,3,2,0,0,1,41.0,35.0,voiture,voiture,1,2,2,1,6
201900002631,2019-07-08 19:20:00,2019,7,8,19,20,972,97213,AUTOROUTE A1,14.6152,-61.0136,Nuit avec éclairage non allumé,En agglomération,Hors intersection,Pluie forte,Trois véhicules et plus - en chaîne,1,2,6,0,2,1,2,0,1,90,4,6,4,0,0,2,33.0,34.0,voiture,voiture,4,2,1,3,4
201900002632,2019-07-09 15:00:00,2019,7,9,15,0,69,69149,CELESTINS (DES)                     (CH),45.72008,4.79806,Plein jour,En agglomération,Intersection en Y,Normale,Deux véhicules - côté,4,2,2,0,1,1,1,5,1,50,2,2,1,0,0,1,72.0,76.0,deux_roues,voiture,1,2,4,1,3
201900002633,2019-07-08 15:15:00,2019,7,8,15,15,2A,2A004,T20,41.9429366,8.8098426,Plein jour,Hors agglomération,Hors intersection,Normale,Deux véhicules - frontale,2,2,2,0,1,2,1,0,1,80,2,2,0,0,1,1,21.0,27.0,deux_roues,deux_roues,1,1,1,1,1
201900002634,2019-07-09 07:05:00,2019,7,9,7,5,95,95018,RD 311,48.94535,2.26343,Plein jour,Hors agglomération,Hors intersection,Temps éblouissant,Trois véhicules et plus - en chaîne,3,1,2,0,1,1,1,0,1,90,3,3,1,0,2,0,30.0,63.0,deux_roues,voiture,1,1,1,7,4
201900002635,2019-07-09 13:00:00,2019,7,9,13,0,91,91687,GENERAL DE GAULLE (AVENUE DU),48.68348,2.37639,Plein jour,En agglomération,Intersection en T,Normale,Deux véhicules - côté,2,3,4,0,1,1,1,9,3,50,2,2,1,0,0,1,46.0,28.0,voiture,utilitaire_camion,1,2,3,1,3
201900002636,2019-07-08 12:25:00,2019,7,8,12,25,91,91521,GRIGNY (ROUTE DE),48.65193,2.4,Plein jour,En agglomération,Intersection en T,Normale,Deux véhicules - côté,4,2,2,0,1,1,1,0,2,30,2,2,1,0,1,0,31.0,45.0,voiture,deux_roues,1,2,3,1,3
201900002637,2019-07-08 12:50:00,2019,7,8,12,50,91,91223,MAI 1945 (AVENUE DU 8),48.41685,2.17793,Plein jour,En agglomération,Hors intersection,Normale,Trois véhicules et plus - en chaîne,4,2,2,0,2,1,1,0,3,50,3,6,4,0,0,2,68.0,47.0,voiture,voiture,1,2,1,1,4
201900002638,2019-07-08 17:15:00,2019,7,8,17,15,91,91223,RUE DU LT COLONEL ARNAUD BELTRAME,48.44889,2.14058,Plein jour,Hors agglomération,Hors intersection,Normale,Sans collision,4,2,3,0,3,2,1,0,3,70,1,1,0,0,0,1,47.0,,voiture,,1,1,1,1,7
201900002639,2019-07-09 16:20:00,2019,7,9,16,20,91,91174,RUE PAUL MAINTENANT,48.61421,2.457,Plein jour,En agglomération,Hors intersection,Temps éblouissant,Sans collision,4,2,4,0,2,1,1,9,2,50,1,1,0,0,0,1,33.0,,deux_roues,,1,2,1,7,7
201900002640,2019-07-09 11:20:00,2019,7,9,11,20,91,91215,ANATOLE FRANCE (RUE),48.6962,2.52586,Plein jour,En agglomération,Giratoire,Normale,Deux véhicules - frontale,4,2,2,0,1,1,1,0,3,50,2,2,1,0,0,1,73.0,,voiture,,1,2,6,1,1
201900002641,2019-07-09 07:20:00,2019,7,9,7,20,91,91425,NATIONALE 20 (ROUTE),48.64238,2.2697,Plein jour,En agglomération,Hors intersection,Normale,Trois véhicules et plus - en chaîne,4,3,4,0,1,1,1,0,3,70,3,3,2,0,1,0,55.0,51.0,utilitaire_camion,transport_commun,1,2,1,1,4
201900002642,2019-07-08 17:25:00,2019,7,8,17,25,88,88413,Avenue de l'egalité,48.292707,6.935753,Plein jour,En agglomération,Hors intersection,Normale,Deux véhicules - arrière,4,3,2,0,1,1,1,0,1,50,2,2,1,0,0,1,20.0,31.0,deux_roues,utilitaire_camion,1,2,1,1,2
201900002643,2019-07-08 19:45:00,2019,7,8,19,45,87,87085,RN520,45.89037,1.26818,Plein jour,Hors agglomération,Hors intersection,Normale,Deux véhicules - arrière,2,2,2,0,1,1,1,0,1,80,2,2,1,0,0,1,73.0,24.0,voiture,voiture,1,1,1,1,2
201900002644,2019-07-08 14:21:00,2019,7,8,14,21,87,87085,106 RUBEN (AVENUE ERNEST),45.82355,1.25116,Plein jour,En agglomération,Intersection en T,Normale,Autre collision,4,1,1,0,2,1,1,0,1,50,2,2,1,0,0,1,57.0,39.0,voiture,voiture,1,2,3,1,6
201900002645,2019-06-08 09:15:00,2019,6,8,9,15,84,84007,MONTFAVET (Route),43.94105,4.82631,Plein jour,Hors agglomération,Hors intersection,Normale,Autre collision,4,2,2,0,1,1,1,0,1,50,1,2,1,0,0,1,58.0,,voiture,,1,1,1,1,6
201900002646,2019-07-08 22:10:00,2019,7,8,22,10,80,80021,"146, BD DE SAINT QUENTIN",49.87893,2.30127,Crépuscule ou aube,En agglomération,Hors intersection,Normale,Autre collision,4,2,4,0,1,1,1,0,1,50,1,3,0,0,0,3,24.0,,voiture,,2,2,1,1,6
201900002647,2019-07-06 15:30:00,2019,7,6,15,30,78,78327,"RUE DE LA POSTE, n° 29",48.99141,1.84405,Plein jour,En agglomération,Hors intersection,Normale,Autre collision,4,2,2,0,1,1,1,0,3,30,1,2,0,0,1,1,53.0,,voiture,,1,2,1,1,6
201900002648,2019-07-06 16:10:00,2019,7,6,16,10,77,77114,D216 X ACCES NO LIMIT AVENTURE,48.7320358,2.6887816,Plein jour,Hors agglomération,Autre intersection,Normale,Deux véhicules - côté,3,2,2,0,1,1,1,0,1,80,2,5,3,0,0,2,37.0,28.0,voiture,voiture,1,1,9,1,3