accident_id,datetime,annee,mois,jour,heure,minute,departement,commune_insee,adresse,latitude,longitude,luminosite,agglomeration,intersection,meteo,collision,catr,circ,nbv,vosp,prof,plan,surf,infra,situ,vma,nb_vehicules,nb_usagers,nb_indemnes,nb_tues,nb_blesses_hosp,nb_blesses_legers,age_cond_1,age_cond_2,veh_type_cond_1,veh_type_cond_2,lum_code,agg_code,int_code,atm_code,col_code
201900002649,2019-07-09 14:25:00,2019,7,9,14,25,77,77059,D418 X RUE DU GUE LANGLOIS,48.84392,2.66686,Plein jour,Hors agglomération,Intersection en T,Normale,Deux véhicules - côté,3,2,2,0,1,1,1,0,1,70,2,2,0,0,0,2,55.0,73.0,voiture,voiture,1,1,3,1,3
201900002650,2019-07-08 17:20:00,2019,7,8,17,20,76,76498,SUD III (RN 338),49.42964,1.05665,Plein jour,Hors agglomération,Hors intersection,Normale,Autre collision,2,3,4,0,1,3,1,0,1,90,2,1,0,0,0,1,22.0,,deux_roues,,1,1,1,1,6
201900002651,2019-07-07 06:55:00,2019,7,7,6,55,76,76351,RD 6382,49.52375,0.16737,Plein jour,Hors agglomération,Hors intersection,Normale,Autre collision,3,3,4,0,1,2,1,0,1,90,1,3,0,0,0,3,19.0,,voiture,,1,1,1,1,6
201900002652,2019-07-09 11:00:00,2019,7,9,11,0,71,71499,TOULON (RUE DE),46.66,4.27,Plein jour,En agglomération,Hors intersection,Normale,Trois véhicules et plus - collisions multiples,4,2,2,0,1,1,1,0,1,50,3,3,0,0,0,3,15.0,15.0,deux_roues,deux_roues,1,2,1,1,5
201900002653,2019-07-08 18:20:00,2019,7,8,18,20,71,71059,BEAUSOLEIL (RUE),46.80759,4.46425,Plein jour,En agglomération,Intersection en X,Normale,Autre collision,4,2,2,0,2,1,1,0,1,50,1,1,0,0,0,1,20.0,,voiture,,1,2,2,1,6
201900002654,2019-07-09 15:15:00,2019,7,9,15,15,69,69266,REPUBLIQUE   (Cours de la),45.77119,4.873736,Plein jour,En agglomération,Hors intersection,Normale,Autre collision,4,2,2,0,1,1,1,0,1,50,1,1,0,0,0,1,,,,,1,2,1,1,6
201900002655,2019-07-08 19:40:00,2019,7,8,19,40,69,69266,PAUL VERLAINE       (Rue),45.76475,4.88039,Plein jour,En agglomération,Intersection en X,Normale,Deux véhicules - côté,4,2,2,0,1,1,1,0,1,50,2,2,1,0,1,0,23.0,69.0,utilitaire_camion,voiture,1,2,2,1,3
201900002656,2019-07-09 10:15:00,2019,7,9,10,15,69,69091,PAIX (DE LA) ( R ),45.58437,4.74988,Plein jour,En agglomération,Giratoire,Normale,Autre collision,4,2,1,0,1,2,1,9,1,50,1,2,1,0,1,0,47.0,,voiture,,1,2,6,1,6
201900002657,2019-07-05 23:30:00,2019,7,5,23,30,67,67482,PAUL ELUARD (RUE),48.587491,7.699423,Nuit avec éclairage allumé,En agglomération,Intersection en T,Normale,Deux véhicules - côté,4,1,2,1,1,1,1,0,1,50,2,2,0,0,0,2,40.0,30.0,voiture,deux_roues,5,2,3,1,3
201900002658,2019-07-05 12:05:00,2019,7,5,12,5,67,67482,JACOUTOT (QUAI),48.591622,7.782358,Plein jour,En agglomération,Intersection en T,Normale,Deux véhicules - côté,4,2,3,0,1,1,1,0,1,50,2,2,1,0,0,1,35.0,57.0,deux_roues,utilitaire_camion,1,2,3,1,3
201900002659,2019-07-08 17:28:00,2019,7,8,17,28,66,66136,FRANCE LIBRE (BOULEVARD DE LA),42.70589,2.90306,Plein jour,En agglomération,Hors intersection,Normale,Deux véhicules - arrière,4,2,2,0,1,1,1,0,1,50,2,2,1,0,0,1,43.0,51.0,voiture,voiture,1,2,1,1,2
201900002660,2019-07-09 16:40:00,2019,7,9,16,40,64,64348,CHARLES DE GAULLE,43.3156,-0.42086,Plein jour,En agglomération,Hors intersection,Normale,Trois véhicules et plus - en chaîne,4,2,2,0,1,1,1,0,1,50,3,4,1,0,0,3,43.0,51.0,utilitaire_camion,voiture,1,2,1,1,4
201900002661,2019-07-08 08:25:00,2019,7,8,8,25,64,64284,8 MAI 1945 DU,43.2811,-0.3865,Plein jour,En agglomération,Hors intersection,Pluie légère,Trois véhicules et plus - en chaîne,3,2,3,0,1,1,2,4,1,50,3,4,3,0,0,1,40.0,22.0,utilitaire_camion,voiture,1,2,1,2,4
201900002662,2019-07-08 12:15:00,2019,7,8,12,15,64,64125,CHABADENIA (AVENUE),43.4382496,-1.5892107,Plein jour,En agglomération,Hors intersection,Normale,Autre collision,3,2,2,0,4,1,1,0,1,30,1,3,2,0,1,0,15.0,,deux_roues,,1,2,1,1,6
201900002663,2019-07-09 13:15:00,2019,7,9,13,15,61,61117,D 112,48.435925,0.020973,Plein jour,Hors agglomération,Hors intersection,Normale,Sans collision,3,2,2,0,2,2,1,0,1,70,1,1,0,0,0,1,39.0,,deux_roues,,1,1,1,1,7
201900002664,2019-07-08 09:25:00,2019,7,8,9,25,60,60463,EUROPE (AVENUE DE L'),49.27028,2.48245,Plein jour,En agglomération,Hors intersection,Temps éblouissant,Autre collision,9,1,1,0,1,1,1,6,1,50,1,2,1,0,1,0,51.0,,utilitaire_camion,,1,2,1,7,6
201900002665,2019-07-09 23:20:00,2019,7,9,23,20,59,59599,WATT (CHAUSSEE),50.724398,3.134022,Nuit avec éclairage allumé,En agglomération,Intersection en X,Normale,Deux véhicules - côté,4,3,4,0,4,1,1,0,1,50,2,3,2,0,1,0,30.0,18.0,voiture,autre,5,2,2,1,3
201900002666,2019-07-06 05:40:00,2019,7,6,5,40,59,59392,MONS (ROUTE DE),50.313069,3.977479,Crépuscule ou aube,En agglomération,Hors intersection,Normale,Deux véhicules - frontale,2,2,2,0,1,1,1,9,3,50,2,2,1,0,1,0,23.0,,voiture,,2,2,1,1,1
201900002667,2019-07-09 06:40:00,2019,7,9,6,40,59,59043,NATIONS UNIES (AVENUE DES),50.725912,2.73949,Crépuscule ou aube,En agglomération,Hors intersection,Normale,Autre collision,4,2,2,0,1,1,1,6,1,30,1,2,1,1,0,0,37.0,,voiture,,2,2,1,1,6
201900002668,2019-07-08 21:35:00,2019,7,8,21,35,57,57463,FOCH (AVENUE ),49.11139,6.17381,Plein jour,En agglomération,Hors intersection,Normale,Autre collision,4,1,1,3,1,2,1,0,1,30,1,2,1,1,0,0,55.0,,voiture,,1,2,1,1,6
201900002669,2019-07-08 08:45:00,2019,7,8,8,45,56,56121,MULLER ( DU COLONEL JEAN ),47.76299,-3.39328,Plein jour,En agglomération,Hors intersection,Normale,Deux véhicules - côté,4,2,2,0,1,1,1,0,1,50,2,2,1,0,0,1,38.0,22.0,voiture,voiture,1,2,1,1,3
201900002670,2019-06-27 10:29:00,2019,6,27,10,29,51,51230,AVENUE DU MARECHAL FOCH,49.0381043,3.9492263,Plein jour,En agglomération,Hors intersection,Normale,Sans collision,3,-1,2,0,1,1,1,0,1,50,1,2,1,0,0,1,29.0,,voiture,,1,2,1,1,7
201900002671,2019-05-27 17:45:00,2019,5,27,17,45,50,50647,CONILLOT (RUE DU),48.84038,-1.55919,Plein jour,En agglomération,Giratoire,Normale,Sans collision,3,2,2,0,1,1,1,0,3,50,1,1,0,0,0,1,21.0,,deux_roues,,1,2,6,1,7
201900002672,2019-07-09 14:50:00,2019,7,9,14,50,45,45286,AV G GALLOUX - R DE LA CORNAILLERE,47.8704515,1.9322094,Plein jour,En agglomération,Intersection en X,Normale,Deux véhicules - côté,4,1,2,0,2,1,1,0,1,50,2,3,1,0,0,2,23.0,77.0,voiture,voiture,1,2,2,1,3
201900002673,2019-07-09 16:55:00,2019,7,9,16,55,45,45302, RD 970102 - bretelle accès tangentielle,47.94009,1.88788,Plein jour,Hors agglomération,Hors intersection,Normale,Autre collision,3,1,1,0,2,3,1,3,1,70,1,1,0,0,0,1,52.0,,voiture,,1,1,1,1,6
201900002674,2019-07-09 08:10:00,2019,7,9,8,10,45,45286,RUE DE LA CORNAILLERE,47.8704845,1.9323103,Crépuscule ou aube,En agglomération,Hors intersection,Temps éblouissant,Autre collision,4,1,1,0,1,1,1,5,1,50,1,2,1,0,1,0,45.0,,utilitaire_camion,,2,2,1,7,6
201900002675,2019-07-08 09:40:00,2019,7,8,9,40,44,44184,RTE DES BASSINS,47.283878,-2.241538,Plein jour,En agglomération,Hors intersection,Normale,Deux véhicules - frontale,4,2,2,0,4,1,1,0,1,50,2,3,2,0,1,0,24.0,24.0,deux_roues,voiture,1,2,1,1,1
201900002676,2019-07-09 17:30:00,2019,7,9,17,30,37,37208,BELLERIE (RUE DE LA),47.3502651,0.7404631,Plein jour,En agglomération,Intersection en X,Normale,Deux véhicules - côté,4,2,2,0,2,1,1,0,1,50,2,2,1,0,0,1,58.0,12.0,utilitaire_camion,deux_roues,1,2,2,1,3
201900002677,2019-07-08 10:01:00,2019,7,8,10,1,36,36044,GIRATOIRE LUCIE AUBRAC,46.81138,1.68502,Plein jour,En agglomération,Giratoire,Normale,Sans collision,4,1,1,0,1,2,1,0,1,50,1,1,0,0,0,1,19.0,,deux_roues,,1,2,6,1,7
201900002678,2019-07-09 17:50:00,2019,7,9,17,50,35,35238,JANVIER (AVENUE JEAN),48.10978,-1.67405,Plein jour,En agglomération,Intersection en X,Normale,Autre collision,4,3,4,1,1,1,1,0,1,50,1,2,1,0,0,1,25.0,,voiture,,1,2,2,1,6
201900002679,2019-07-09 08:35:00,2019,7,9,8,35,35,35238,MAGENTA (BD),48.104324,-1.673508,Plein jour,En agglomération,Autre intersection,Normale,Autre collision,4,2,2,0,1,1,1,0,1,30,1,2,1,0,1,0,56.0,,transport_commun,,1,2,9,1,6
201900002680,2019-07-08 17:15:00,2019,7,8,17,15,35,35281,ALBERT 1ER (BD),48.0902936,-1.6927318,Plein jour,En agglomération,Intersection en X,Temps éblouissant,Deux véhicules - côté,4,2,4,0,1,1,1,0,1,50,2,2,1,0,0,1,61.0,26.0,voiture,deux_roues,1,2,2,7,3
201900002681,2019-07-08 08:50:00,2019,7,8,8,50,35,35206,ROCADE 6-7,48.07979,-1.68338,Plein jour,Hors agglomération,Hors intersection,Normale,Trois véhicules et plus - en chaîne,2,3,4,0,1,1,1,0,1,90,3,3,1,0,0,2,31.0,57.0,voiture,voiture,1,1,1,1,4
201900002682,2019-07-09 16:50:00,2019,7,9,16,50,34,34172,GANGES (ROUTE DE,43.64629,3.84224,Plein jour,En agglomération,Autre intersection,Normale,Deux véhicules - arrière,3,3,5,0,1,1,1,3,1,70,2,2,0,0,0,2,36.0,25.0,voiture,voiture,1,2,9,1,2
201900002683,2019-07-09 13:10:00,2019,7,9,13,10,34,34172,PONT DE LATTES (RUE DU),43.6042871,3.8835333,Plein jour,En agglomération,Autre intersection,Normale,Deux véhicules - côté,4,2,2,3,2,1,2,0,1,50,2,2,1,0,0,1,31.0,31.0,deux_roues,voiture,1,2,9,1,3
201900002684,2019-07-08 18:35:00,2019,7,8,18,35,34,34003,NEUF AGDE-LA TAMARISSIERE (L6 A G10,43.30519,3.45756,Plein jour,Hors agglomération,Hors intersection,Normale,Deux véhicules - côté,4,2,0,0,1,1,1,0,1,70,2,2,1,0,1,0,27.0,44.0,deux_roues,voiture,1,1,1,1,3
201900002685,2019-06-14 19:00:00,2019,6,14,19,0,33,33063,CRS PORTAL,44.85431,-0.57224,Plein jour,En agglomération,Intersection en X,Normale,Deux véhicules - côté,4,2,2,0,1,1,1,0,1,50,2,2,1,0,0,1,20.0,28.0,deux_roues,voiture,1,2,2,1,3
201900002686,2019-07-08 23:05:00,2019,7,8,23,5,33,33069,Bd Pierre 1er / Av de Tivoli,44.85705,-0.59112,Nuit avec éclairage allumé,En agglomération,Intersection en X,Normale,Deux véhicules - côté,4,2,8,2,1,1,1,0,1,50,2,2,1,1,0,0,20.0,23.0,deux_roues,voiture,5,2,2,1,3
201900002687,2019-07-08 19:45:00,2019,7,8,19,45,33,33063,Fin du Pont Jacques Chaban Delmas - sens Quai de Brazza vers Bacalan,44.86017,-0.55355,Plein jour,En agglomération,Intersection en X,Normale,Deux véhicules - côté,4,2,7,2,2,1,1,0,8,50,2,2,1,0,0,1,19.0,,voiture,,1,2,2,1,3
201900002688,2019-07-07 00:25:00,2019,7,7,0,25,33,33550,RUE DE CHAMBERY,44.76383,-0.56306,Nuit avec éclairage allumé,En agglomération,Hors intersection,Normale,Autre collision,4,2,2,0,1,1,1,0,1,50,1,1,0,0,0,1,28.0,,voiture,,5,2,1,1,6
201900002689,2019-07-08 10:20:00,2019,7,8,10,20,33,33063,Crs Victor Hugo / Pl de la Ferme de Richemont,44.834996,-0.572071,Plein jour,En agglomération,Intersection en T,Normale,Deux véhicules - côté,4,3,4,2,1,1,1,0,1,30,2,2,1,0,1,0,75.0,44.0,voiture,deux_roues,1,2,3,1,3
201900002690,2019-07-08 17:58:00,2019,7,8,17,58,31,31555,EISENHOWER (AVENUE DU GENERAL),43.55895,1.39851,Plein jour,En agglomération,Hors intersection,Normale,Deux véhicules - côté,3,2,4,0,1,1,1,0,1,30,2,2,1,0,0,1,31.0,50.0,deux_roues,voiture,1,2,1,1,3
201900002691,2019-07-08 07:40:00,2019,7,8,7,40,31,31557,RAMELET MOUNDI (CH DE),43.57973,1.36069,Plein jour,Hors agglomération,Hors intersection,Normale,Trois véhicules et plus - collisions multiples,3,2,2,0,1,1,1,0,1,50,5,5,3,0,0,2,23.0,47.0,voiture,voiture,1,1,1,1,5
201900002692,2019-07-09 13:05:00,2019,7,9,13,5,29,29232,FRUGY Rond-Point du,47.98769,-4.10857,Plein jour,En agglomération,Giratoire,Normale,Sans collision,4,1,2,0,1,3,1,5,1,50,1,1,0,0,0,1,22.0,,deux_roues,,1,2,6,1,7
201900002693,2019-05-22 18:25:00,2019,5,22,18,25,29,29019,PEN AR CH'LEUZ (ROND POINT),48.4143353,-4.4788085,Plein jour,En agglomération,Giratoire,Normale,Deux véhicules - côté,4,1,3,0,1,2,1,5,1,50,2,2,1,0,0,1,49.0,26.0,voiture,deux_roues,1,2,6,1,3
201900002694,2019-05-02 20:08:00,2019,5,2,20,8,29,29019,COLLET YVES (DE 1 A 27 ET 2 A 26),48.39224,-4.47979,Plein jour,En agglomération,Hors intersection,Normale,Deux véhicules - arrière,4,2,2,0,2,1,1,0,1,50,2,2,1,0,0,1,25.0,36.0,deux_roues,voiture,1,2,1,1,2
201900002695,2019-07-06 18:20:00,2019,7,6,18,20,28,28404,ROME (RUE DE),48.7179,1.3714,Plein jour,En agglomération,Hors intersection,Normale,Deux véhicules - arrière,4,-1,2,0,1,1,1,0,1,50,2,2,1,0,0,1,42.0,27.0,voiture,voiture,1,2,1,1,2
201900002696,2019-07-06 14:00:00,2019,7,6,14,0,22,22360,RD 700,48.49309,-2.7626764,Plein jour,En agglomération,Hors intersection,Normale,Deux véhicules - côté,3,1,2,0,1,2,2,0,1,50,2,2,1,0,0,1,59.0,32.0,voiture,voiture,1,2,1,1,3
201900002697,2019-07-08 17:20:00,2019,7,8,17,20,19,19031,KENNEDY (AVENUE JOHN),45.1673,1.55015,Plein jour,En agglomération,Hors intersection,Normale,Deux véhicules - arrière,4,2,2,0,1,1,1,0,1,50,2,2,1,0,0,1,18.0,56.0,deux_roues,voiture,1,2,1,1,2
201900002698,2019-05-25 02:57:00,2019,5,25,2,57,78,78571,A13,48.8631,2.0419,Nuit sans éclairage public,Hors agglomération,Hors intersection,Normale,Deux véhicules - arrière,1,1,2,0,1,1,1,0,1,110,2,2,0,0,0,2,25.0,45.0,voiture,voiture,3,1,1,1,2
201900002699,2019-05-24 17:55:00,2019,5,24,17,55,92,92048,N118,48.8001603,2.2157509,Plein jour,Hors agglomération,Hors intersection,Normale,Deux véhicules - arrière,2,3,2,0,1,1,1,0,1,90,2,3,1,0,0,2,63.0,49.0,voiture,deux_roues,1,1,1,1,2
201900002700,2019-05-22 19:10:00,2019,5,22,19,10,92,92064,A13,48.8397716,2.203918,Plein jour,Hors agglomération,Hors intersection,Normale,Trois véhicules et plus - en chaîne,1,1,3,0,1,1,1,1,1,90,4,6,5,0,0,1,43.0,40.0,voiture,voiture,1,1,1,1,4
201900002701,2019-05-22 14:30:00,2019,5,22,14,30,92,92063,A86,48.8865596,2.1657333,Plein jour,Hors agglomération,Hors intersection,Normale,Autre collision,1,1,3,0,1,1,1,0,1,70,1,1,0,0,0,1,82.0,,voiture,,1,1,1,1,6
201900002702,2019-05-22 03:50:00,2019,5,22,3,50,78,78133,A14,48.9142,2.0414,Nuit avec éclairage allumé,Hors agglomération,Hors intersection,Normale,Autre collision,1,1,2,0,1,1,1,0,1,90,1,1,0,0,0,1,23.0,,voiture,,5,1,1,1,6
201900002703,2019-05-21 07:00:00,2019,5,21,7,0,78,78242,A14,48.805979,2.0512,Nuit avec éclairage allumé,Hors agglomération,Hors intersection,Normale,Autre collision,1,1,4,0,1,1,1,1,1,90,2,2,1,0,0,1,40.0,51.0,voiture,utilitaire_camion,5,1,1,1,6
201900002704,2019-05-20 17:00:00,2019,5,20,17,0,78,78043,A12 W,48.833659,2.08564,Plein jour,Hors agglomération,Hors intersection,Normale,Deux véhicules - arrière,1,-1,4,0,1,1,1,0,1,110,2,2,1,0,1,0,31.0,35.0,voiture,deux_roues,1,1,1,1,2
201900002705,2019-05-19 20:45:00,2019,5,19,20,45,92,92036,A86,48.9351447,2.2832133,Plein jour,Hors agglomération,Hors intersection,Pluie légère,Sans collision,1,1,2,0,1,3,2,0,1,50,1,2,0,0,0,2,27.0,,utilitaire_camion,,1,1,1,2,7
201900002706,2019-05-19 17:40:00,2019,5,19,17,40,92,92025,A86,48.9190208,2.2238188,Plein jour,Hors agglomération,Hors intersection,Pluie légère,Deux véhicules - arrière,1,-1,2,0,1,1,2,0,1,90,2,2,1,0,0,1,38.0,22.0,voiture,utilitaire_camion,1,1,1,2,2
201900002707,2019-05-18 22:30:00,2019,5,18,22,30,78,78007,A13W,48.8975,2.0063,Nuit sans éclairage public,Hors agglomération,Hors intersection,Pluie forte,Sans collision,1,1,2,0,2,1,2,0,1,110,1,1,0,0,0,1,23.0,,deux_roues,,3,1,1,3,7
201900002708,2019-05-16 16:02:00,2019,5,16,16,2,78,78402,A13,48.9648,1.80095,Plein jour,Hors agglomération,Hors intersection,Normale,Trois véhicules et plus - collisions multiples,1,1,3,0,1,1,1,0,1,130,3,3,2,0,0,1,49.0,33.0,utilitaire_camion,voiture,1,1,1,1,5
201900002709,2019-05-15 07:00:00,2019,5,15,7,0,78,78640,N118,48.782,2.22311,Plein jour,Hors agglomération,Hors intersection,Normale,Deux véhicules - arrière,2,-1,3,0,1,1,1,0,1,90,2,2,1,0,0,1,44.0,33.0,deux_roues,voiture,1,1,1,1,2
201900002710,2019-05-14 08:30:00,2019,5,14,8,30,92,92064,A13,48.844188,2.2228779,Plein jour,Hors agglomération,Hors intersection,Normale,Deux véhicules - arrière,1,-1,2,0,1,1,1,2,1,70,2,2,1,0,0,1,42.0,59.0,deux_roues,voiture,1,1,1,1,2
201900002711,2019-05-13 20:00:00,2019,5,13,20,0,92,92012,A13,48.8484311,2.2396766,Plein jour,Hors agglomération,Hors intersection,Normale,Deux véhicules - côté,1,3,3,0,1,1,1,1,1,70,2,2,1,0,0,1,33.0,69.0,deux_roues,voiture,1,1,1,1,3
201900002712,2019-05-13 11:50:00,2019,5,13,11,50,78,78498,A13,48.91135,2.00531,Plein jour,Hors agglomération,Hors intersection,Normale,Deux véhicules - arrière,1,1,3,0,1,1,1,0,1,110,2,3,1,0,0,2,59.0,49.0,utilitaire_camion,utilitaire_camion,1,1,1,1,2
201900002713,2019-05-13 06:05:00,2019,5,13,6,5,92,92047,A13,48.8362525,2.1843919,Crépuscule ou aube,Hors agglomération,Hors intersection,Normale,Autre collision,1,1,3,0,1,1,1,0,1,110,1,1,0,0,0,1,37.0,,utilitaire_camion,,2,1,1,1,6
201900002714,2019-05-12 16:35:00,2019,5,12,16,35,92,92025,A86,48.9320633,2.2473601,Plein jour,Hors agglomération,Hors intersection,Normale,Deux véhicules - arrière,1,-1,2,0,1,1,1,0,1,90,2,3,0,0,0,3,55.0,33.0,voiture,voiture,1,1,1,1,2
201900002715,2019-05-11 00:45:00,2019,5,11,0,45,92,92025,A86,48.9343011,2.2564031,Nuit avec éclairage allumé,Hors agglomération,Hors intersection,Pluie forte,Deux véhicules - arrière,1,1,2,0,1,1,2,2,1,70,2,2,1,0,0,1,36.0,46.0,utilitaire_camion,utilitaire_camion,5,1,1,3,2
201900002716,2019-05-10 18:00:00,2019,5,10,18,0,78,78423,A12 Y,48.79521,2.04393,Plein jour,Hors agglomération,Hors intersection,Pluie forte,Autre collision,1,1,2,0,1,2,2,3,1,70,1,1,0,0,0,1,42.0,,utilitaire_camion,,1,1,1,3,6
201900002717,2019-05-10 03:15:00,2019,5,10,3,15,78,78640,N118,48.778,2.2213,Nuit sans éclairage public,Hors agglomération,Hors intersection,Normale,Autre collision,2,1,2,0,3,2,1,2,1,70,1,1,0,0,1,0,29.0,,deux_roues,,3,1,1,1,6
201900002718,2019-05-09 09:30:00,2019,5,9,9,30,92,92072,N118,48.8263791,2.2234205,Plein jour,Hors agglomération,Hors intersection,Pluie légère,Sans collision,2,1,2,0,2,2,2,0,1,50,1,1,0,0,0,1,66.0,,deux_roues,,1,1,1,2,7
201900002719,2019-05-09 08:10:00,2019,5,9,8,10,78,78524,A13,48.840936,2.10854,Plein jour,Hors agglomération,Hors intersection,Pluie légère,Trois véhicules et plus - collisions multiples,1,3,2,0,1,1,2,0,1,50,3,3,1,0,0,2,28.0,42.0,voiture,voiture,1,1,1,2,5
201900002720,2019-05-09 06:50:00,2019,5,9,6,50,92,92047,A13,48.8359825,2.1821722,Plein jour,Hors agglomération,Hors intersection,Pluie légère,Trois véhicules et plus - en chaîne,1,3,3,0,1,1,2,0,1,110,4,5,4,0,0,1,35.0,54.0,voiture,utilitaire_camion,1,1,1,2,4
201900002721,2019-05-07 13:00:00,2019,5,7,13,0,78,78362,A13,48.978,1.7103,Plein jour,Hors agglomération,Hors intersection,Normale,Deux véhicules - arrière,1,1,3,0,1,1,1,0,1,110,2,2,1,0,0,1,54.0,57.0,voiture,voiture,1,1,1,1,2
201900002722,2019-05-06 15:45:00,2019,5,6,15,45,92,92064,A13,48.8430108,2.2224862,Plein jour,Hors agglomération,Hors intersection,Normale,Trois véhicules et plus - en chaîne,1,3,2,0,1,1,1,0,1,70,3,3,2,0,0,1,56.0,50.0,utilitaire_camion,voiture,1,1,1,1,4
201900002723,2019-05-05 02:45:00,2019,5,5,2,45,78,78158,A13,48.831544,2.146135,Nuit sans éclairage public,Hors agglomération,Hors intersection,Normale,Autre collision,1,-1,5,0,1,1,1,0,1,110,3,4,1,0,2,1,37.0,24.0,voiture,voiture,3,1,1,1,6
201900002724,2019-05-04 16:37:00,2019,5,4,16,37,78,78423,RN12,48.79493,2.04755,Plein jour,Hors agglomération,Hors intersection,Temps couvert,Autre collision,2,1,1,0,1,3,2,0,1,50,1,1,0,0,0,1,29.0,,voiture,,1,1,1,8,6
201900002725,2019-05-04 14:30:00,2019,5,4,14,30,78,78545,A12 Y,48.81703,2.06392,Plein jour,Hors agglomération,Hors intersection,Pluie légère,Autre collision,1,1,4,0,1,1,2,0,1,110,2,4,2,0,0,2,30.0,37.0,voiture,voiture,1,1,1,2,6
201900002726,2019-05-04 04:15:00,2019,5,4,4,15,78,78043,A12 W,48.8312,2.0829,Nuit sans éclairage public,Hors agglomération,Hors intersection,Normale,Deux véhicules - arrière,1,1,3,3,2,1,1,0,1,110,2,3,2,0,0,1,22.0,26.0,voiture,voiture,3,1,1,1,2
201900002727,2019-05-03 23:00:00,2019,5,3,23,0,92,92048,N118,48.7951,2.2179,Nuit avec éclairage non allumé,Hors agglomération,Hors intersection,Normale,Autre collision,2,1,3,0,1,1,1,0,1,90,1,1,0,0,0,1,26.0,,utilitaire_camion,,4,1,1,1,6
201900002728,2019-05-02 08:30:00,2019,5,2,8,30,92,92050,A86,48.9142632,2.2194308,Plein jour,Hors agglomération,Hors intersection,Normale,Deux véhicules - arrière,1,3,2,0,1,1,1,0,1,90,2,2,1,0,0,1,57.0,61.0,voiture,deux_roues,1,1,1,1,2
201900002729,2019-05-01 23:00:00,2019,5,1,23,0,92,92036,RN315 W,48.9248619,2.2321858,Nuit avec éclairage allumé,Hors agglomération,Hors intersection,Normale,Autre collision,1,-1,2,0,1,1,1,1,2,70,1,1,0,0,0,1,24.0,,voiture,,5,1,1,1,6
201900002730,2019-05-01 15:55:00,2019,5,1,15,55,78,78043,A12 Y,48.82347,2.07255,Plein jour,Hors agglomération,Hors intersection,Normale,Trois véhicules et plus - collisions multiples,1,1,4,0,2,1,1,0,1,110,3,3,2,0,0,1,54.0,50.0,utilitaire_camion,voiture,1,1,1,1,5
201900002731,2019-04-30 18:15:00,2019,4,30,18,15,78,78238,A13,48.970558,1.88627,Plein jour,Hors agglomération,Hors intersection,Normale,Deux véhicules - côté,1,-1,3,0,1,1,1,0,1,130,2,2,1,0,0,1,29.0,29.0,deux_roues,utilitaire_camion,1,1,1,1,3
201900002732,2019-04-30 14:10:00,2019,4,30,14,10,92,92050,A86,48.9023632,2.2040518,Plein jour,Hors agglomération,Hors intersection,Normale,Deux véhicules - côté,1,1,2,0,1,1,1,0,1,90,2,2,1,0,0,1,42.0,29.0,voiture,utilitaire_camion,1,1,1,1,3
201900002733,2019-04-29 12:10:00,2019,4,29,12,10,78,78217,A13,48.965062,1.818783,Plein jour,Hors agglomération,Hors intersection,Normale,Trois véhicules et plus - collisions multiples,1,1,3,0,1,1,1,0,1,130,3,3,1,0,0,2,45.0,30.0,utilitaire_camion,utilitaire_camion,1,1,1,1,5
201900002734,2019-04-27 19:30:00,2019,4,27,19,30,78,78423,A12 Y,48.79544,2.04461,Plein jour,Hors agglomération,Hors intersection,Pluie forte,Sans collision,1,-1,1,0,1,2,2,3,1,30,1,1,0,0,0,1,24.0,,voiture,,1,1,1,3,7
201900002735,2019-05-29 07:32:00,2019,5,29,7,32,95,95491,AUTOROUTE A115,48.99754,2.24617,Plein jour,Hors agglomération,Hors intersection,Normale,Deux véhicules - côté,1,1,1,0,2,3,1,0,1,70,2,2,1,0,0,1,24.0,53.0,voiture,deux_roues,1,1,1,1,3
201900002736,2019-05-28 18:40:00,2019,5,28,18,40,95,95018,AUTOROUTE A15,48.95321,2.27937,Plein jour,Hors agglomération,Hors intersection,Normale,Deux véhicules - arrière,1,3,9,0,1,1,1,0,1,110,2,2,1,0,0,1,29.0,61.0,voiture,voiture,1,1,1,1,2
201900002737,2019-05-27 23:00:00,2019,5,27,23,0,95,95678,RN 184,49.07317,2.23412,Nuit sans éclairage public,Hors agglomération,Hors intersection,Normale,Deux véhicules - arrière,2,3,8,0,1,1,1,0,1,110,2,3,2,0,0,1,20.0,19.0,voiture,voiture,3,1,1,1,2
201900002738,2019-05-26 19:30:00,2019,5,26,19,30,93,93005,AUTOROUTE A104,48.97181,2.4959,Plein jour,Hors agglomération,Hors intersection,Normale,Trois véhicules et plus - collisions multiples,1,3,7,0,1,1,1,0,1,110,3,4,3,0,0,1,42.0,23.0,voiture,voiture,1,1,1,1,5
201900002739,2019-05-26 21:20:00,2019,5,26,21,20,93,93053,AUTOROUTE A86,48.89203,2.47284,Nuit sans éclairage public,Hors agglomération,Hors intersection,Normale,Deux véhicules - arrière,1,3,10,0,1,1,1,2,1,70,2,4,2,0,0,2,55.0,21.0,voiture,voiture,3,1,1,1,2
201900002740,2019-05-25 22:15:00,2019,5,25,22,15,92,92078,AUTOROUTE A86,48.9288861,2.3300066,Nuit sans éclairage public,Hors agglomération,Hors intersection,Normale,Deux véhicules - côté,1,3,6,0,1,3,1,2,1,90,2,2,1,0,0,1,28.0,44.0,voiture,utilitaire_camion,3,1,1,1,3
201900002741,2019-05-25 16:45:00,2019,5,25,16,45,93,93066,AUTOROUTE A1,48.90762,2.35848,Plein jour,Hors agglomération,Hors intersection,Normale,Deux véhicules - côté,1,3,8,0,1,1,1,1,1,90,2,1,0,0,0,1,53.0,,deux_roues,,1,1,1,1,3