accident_id,datetime,annee,mois,jour,heure,minute,departement,commune_insee,adresse,latitude,longitude,luminosite,agglomeration,intersection,meteo,collision,catr,circ,nbv,vosp,prof,plan,surf,infra,situ,vma,nb_vehicules,nb_usagers,nb_indemnes,nb_tues,nb_blesses_hosp,nb_blesses_legers,age_cond_1,age_cond_2,veh_type_cond_1,veh_type_cond_2,lum_code,agg_code,int_code,atm_code,col_code
201900002742,2019-05-25 14:00:00,2019,5,25,14,0,93,93053,AUTOROUTE A3,48.88406,2.46356,Plein jour,Hors agglomération,Hors intersection,Normale,Trois véhicules et plus - en chaîne,1,3,8,0,2,1,1,0,1,90,4,5,2,0,0,3,35.0,37.0,voiture,voiture,1,1,1,1,4
201900002743,2019-05-25 07:15:00,2019,5,25,7,15,93,93064,AUTOROUTE A86,48.88405,2.47156,Plein jour,Hors agglomération,Hors intersection,Normale,Autre collision,1,1,2,0,1,3,1,8,1,70,1,2,0,0,0,2,26.0,,voiture,,1,1,1,1,6
201900002744,2019-05-25 03:00:00,2019,5,25,3,0,95,95563,AUTOROUTE A115,49.01066,2.22893,Nuit avec éclairage non allumé,Hors agglomération,Hors intersection,Normale,Sans collision,1,3,4,0,1,1,1,0,1,90,1,1,0,0,0,1,49.0,,voiture,,4,1,1,1,7
201900002745,2019-05-24 21:30:00,2019,5,24,21,30,95,95641,AUTOROUTE A1,49.06988,2.55288,Crépuscule ou aube,Hors agglomération,Autre intersection,Normale,Autre collision,1,1,1,0,1,2,1,0,1,30,1,5,2,0,0,3,35.0,,voiture,,2,1,9,1,6
201900002746,2019-05-24 10:45:00,2019,5,24,10,45,92,92036,AUTOROUTE A86,48.9389169,2.3054721,Plein jour,Hors agglomération,Hors intersection,Normale,Deux véhicules - arrière,1,3,7,0,1,3,1,0,1,90,2,3,2,0,0,1,21.0,25.0,voiture,voiture,1,1,1,1,2
201900002747,2019-05-24 08:45:00,2019,5,24,8,45,92,92078,AUTOROUTE A86,48.9273404,2.333385,Plein jour,Hors agglomération,Hors intersection,Normale,Sans collision,1,3,8,0,1,2,1,2,1,90,1,1,0,0,0,1,36.0,,deux_roues,,1,1,1,1,7
201900002748,2019-05-24 09:10:00,2019,5,24,9,10,95,95219,AUTOROUTE A115,48.99364,2.24589,Plein jour,Hors agglomération,Hors intersection,Normale,Deux véhicules - côté,1,3,4,0,1,1,1,0,1,90,2,2,1,0,0,1,39.0,30.0,voiture,deux_roues,1,1,1,1,3
201900002749,2019-05-24 07:30:00,2019,5,24,7,30,95,95018,AUTOROUTE A15,48.95729,2.27597,Plein jour,Hors agglomération,Hors intersection,Normale,Deux véhicules - côté,1,3,8,0,1,1,1,0,1,110,2,2,1,0,0,1,36.0,31.0,deux_roues,voiture,1,1,1,1,3
201900002750,2019-05-24 03:20:00,2019,5,24,3,20,95,95582,AUTOROUTE A15,48.97481,2.24378,Nuit sans éclairage public,Hors agglomération,Hors intersection,Normale,Trois véhicules et plus - collisions multiples,1,3,6,0,2,2,1,0,1,110,3,3,1,1,0,1,33.0,20.0,voiture,voiture,3,1,1,1,5
201900002751,2019-05-23 19:30:00,2019,5,23,19,30,93,93007,AUTOROUTE A3,48.94213,2.47816,Plein jour,Hors agglomération,Hors intersection,Normale,Deux véhicules - côté,1,3,6,0,1,1,1,2,1,110,2,2,1,0,0,1,37.0,21.0,deux_roues,voiture,1,1,1,1,3
201900002752,2019-05-23 18:00:00,2019,5,23,18,0,93,93005,AUTOROUTE A3,48.96024,2.47331,Plein jour,Hors agglomération,Hors intersection,Normale,Trois véhicules et plus - en chaîne,1,3,6,0,1,1,1,0,1,110,3,3,1,0,0,2,30.0,38.0,voiture,voiture,1,1,1,1,4
201900002753,2019-05-23 09:20:00,2019,5,23,9,20,95,95572,RN 184,49.04112,2.12803,Plein jour,Hors agglomération,Hors intersection,Normale,Deux véhicules - côté,2,3,4,0,1,3,1,0,1,90,2,2,1,0,0,1,21.0,38.0,utilitaire_camion,deux_roues,1,1,1,1,3
201900002754,2019-05-23 06:00:00,2019,5,23,6,0,93,93066,AUTOROUTE A86,48.92293,2.34503,Crépuscule ou aube,Hors agglomération,Hors intersection,Normale,Trois véhicules et plus - en chaîne,1,3,10,0,1,3,1,2,1,90,3,3,2,0,0,1,45.0,26.0,voiture,utilitaire_camion,2,1,1,1,4
201900002755,2019-05-23 03:30:00,2019,5,23,3,30,93,93007,AUTOROUTE A3,48.92067,2.47934,Nuit sans éclairage public,Hors agglomération,Hors intersection,Normale,Autre collision,1,3,6,0,1,1,1,0,1,110,1,2,1,1,0,0,41.0,,utilitaire_camion,,3,1,1,1,6
201900002756,2019-05-23 02:20:00,2019,5,23,2,20,93,93078,AUTOROUTE A104,48.9586,2.5346,Nuit avec éclairage non allumé,Hors agglomération,Hors intersection,Normale,Autre collision,1,3,8,0,1,1,1,0,1,90,1,1,0,0,0,1,19.0,,voiture,,4,1,1,1,6
201900002757,2019-05-22 23:30:00,2019,5,22,23,30,93,93066,AUTOROUTE A1,48.91482,2.35797,Nuit avec éclairage allumé,Hors agglomération,Hors intersection,Normale,Deux véhicules - côté,1,3,8,0,1,1,1,1,1,90,2,2,1,0,0,1,56.0,47.0,deux_roues,voiture,5,1,1,1,3
201900002758,2019-05-22 17:00:00,2019,5,22,17,0,93,93010,AUTOROUTE A3,48.91473,2.47762,Plein jour,Hors agglomération,Hors intersection,Normale,Trois véhicules et plus - en chaîne,1,3,7,0,1,1,1,0,1,110,3,3,2,0,1,0,41.0,29.0,voiture,utilitaire_camion,1,1,1,1,4
201900002759,2019-05-21 13:00:00,2019,5,21,13,0,93,93005,AUTOROUTE A104,48.972662,2.4928987,Plein jour,Hors agglomération,Hors intersection,Normale,Autre collision,1,3,3,0,1,1,1,2,1,70,1,1,0,0,1,0,52.0,,deux_roues,,1,1,1,1,6
201900002760,2019-05-21 10:00:00,2019,5,21,10,0,60,60494,AUTOROUTE A1,49.11438,2.55406,Plein jour,Hors agglomération,Hors intersection,Normale,Autre collision,1,3,6,0,1,1,1,0,1,130,1,1,0,0,0,1,56.0,,utilitaire_camion,,1,1,1,1,6
201900002761,2019-05-21 06:15:00,2019,5,21,6,15,93,93064,AUTOROUTE A86,48.88403,2.47154,Crépuscule ou aube,Hors agglomération,Hors intersection,Normale,Sans collision,1,1,3,0,2,3,9,2,1,70,1,1,0,0,0,1,44.0,,deux_roues,,2,1,1,1,7
201900002762,2019-05-20 20:30:00,2019,5,20,20,30,93,93013,AUTOROUTE A1,48.94023,2.42277,Plein jour,Hors agglomération,Hors intersection,Normale,Deux véhicules - arrière,1,3,8,0,1,1,1,0,1,110,2,3,0,0,0,3,52.0,57.0,voiture,voiture,1,1,1,1,2
201900002763,2019-05-20 17:10:00,2019,5,20,17,10,93,93008,AUTOROUTE A86,48.90692,2.45583,Plein jour,Hors agglomération,Hors intersection,Normale,Trois véhicules et plus - collisions multiples,1,3,8,0,1,1,1,0,1,90,3,3,2,0,0,1,53.0,52.0,voiture,voiture,1,1,1,1,5
201900002764,2019-05-20 14:15:00,2019,5,20,14,15,93,93048,AUTOROUTE A86,48.8667,2.48163,Plein jour,Hors agglomération,Hors intersection,Normale,Deux véhicules - arrière,1,3,6,0,1,3,1,2,1,90,2,3,1,0,0,2,22.0,57.0,voiture,utilitaire_camion,1,1,1,1,2
201900002765,2019-05-20 11:30:00,2019,5,20,11,30,93,93039,AUTOROUTE A86,48.9273,2.33337,Plein jour,Hors agglomération,Hors intersection,Normale,Trois véhicules et plus - en chaîne,1,3,8,0,1,1,1,2,1,90,4,4,3,0,0,1,38.0,63.0,voiture,voiture,1,1,1,1,4
201900002766,2019-05-19 22:10:00,2019,5,19,22,10,93,93039,AUTOROUTE A86,48.9273,2.3334,Nuit sans éclairage public,Hors agglomération,Hors intersection,Pluie légère,Deux véhicules - arrière,1,3,8,0,1,1,2,2,1,70,2,3,1,0,0,2,29.0,52.0,voiture,voiture,3,1,1,2,2
201900002767,2019-05-19 18:50:00,2019,5,19,18,50,93,93064,AUTOROUTE A103,48.8867,2.47783,Plein jour,Hors agglomération,Hors intersection,Pluie forte,Deux véhicules - arrière,1,3,7,0,1,1,2,0,1,90,2,2,1,0,0,1,27.0,32.0,voiture,voiture,1,1,1,3,2
201900002768,2019-05-19 14:10:00,2019,5,19,14,10,93,93010,AUTOROUTE A3,48.90537,2.47183,Plein jour,Hors agglomération,Hors intersection,Pluie forte,Deux véhicules - arrière,1,3,6,0,1,1,2,2,1,90,2,2,1,0,0,1,51.0,59.0,voiture,voiture,1,1,1,3,2
201900002769,2019-05-19 12:30:00,2019,5,19,12,30,93,93053,AUTOROUTE A103,48.88848,2.47222,Plein jour,Hors agglomération,Hors intersection,Normale,Autre collision,1,3,4,0,3,2,1,0,1,90,1,2,1,0,0,1,30.0,,voiture,,1,1,1,1,6
201900002770,2019-05-19 11:00:00,2019,5,19,11,0,93,93005,AUTOROUTE A104,48.972887,2.492269,Plein jour,Hors agglomération,Hors intersection,Normale,Deux véhicules - côté,1,1,2,0,2,3,2,0,1,90,2,4,1,0,0,3,25.0,33.0,voiture,voiture,1,1,1,1,3
201900002771,2019-05-18 17:20:00,2019,5,18,17,20,93,93006,AUTOROUTE A3,48.86784,2.42763,Plein jour,Hors agglomération,Hors intersection,Normale,Deux véhicules - arrière,1,3,8,0,1,1,1,1,1,90,2,2,1,0,0,1,31.0,21.0,voiture,deux_roues,1,1,1,1,2
201900002772,2019-05-18 18:00:00,2019,5,18,18,0,93,93078,AUTOROUTE A104,48.9633581,2.5502835,Plein jour,Hors agglomération,Hors intersection,Normale,Deux véhicules - arrière,1,3,-1,-1,1,1,-1,3,-1,-1,2,2,1,0,0,1,51.0,54.0,voiture,voiture,1,1,1,1,2
201900002773,2019-05-17 21:20:00,2019,5,17,21,20,93,93005,AUTOROUTE A1,48.96409,2.47345,Nuit sans éclairage public,Hors agglomération,Hors intersection,Normale,Trois véhicules et plus - collisions multiples,1,3,11,0,1,1,1,0,1,110,3,8,7,0,0,1,51.0,47.0,voiture,voiture,3,1,1,1,5
201900002774,2019-05-17 15:15:00,2019,5,17,15,15,93,93006,AUTOROUTE A3,48.8644,2.41433,Plein jour,Hors agglomération,Hors intersection,Normale,Sans collision,1,3,3,0,2,2,1,3,1,50,1,2,0,0,0,2,27.0,,deux_roues,,1,1,1,1,7
201900002775,2019-05-17 07:30:00,2019,5,17,7,30,93,93063,AUTOROUTE A3,48.87835,2.44648,Plein jour,Hors agglomération,Hors intersection,Normale,Deux véhicules - côté,1,3,7,0,1,1,1,1,1,70,2,2,1,0,0,1,31.0,23.0,deux_roues,voiture,1,1,1,1,3
201900002776,2019-05-16 16:40:00,2019,5,16,16,40,93,93007,AUTOROUTE A3,48.93483,2.48048,Plein jour,Hors agglomération,Hors intersection,Normale,Trois véhicules et plus - en chaîne,1,3,6,0,1,1,1,0,1,110,3,3,2,0,0,1,48.0,71.0,voiture,voiture,1,1,1,1,4
201900002777,2019-05-16 17:30:00,2019,5,16,17,30,93,93007,AUTOROUTE A1,48.94399,2.43658,Plein jour,Hors agglomération,Hors intersection,Normale,Deux véhicules - côté,1,3,9,0,1,1,1,0,1,110,2,2,1,0,0,1,39.0,32.0,utilitaire_camion,voiture,1,1,1,1,3
201900002778,2019-05-16 13:45:00,2019,5,16,13,45,93,93048,AUTOROUTE A3,48.87245,2.4342,Plein jour,Hors agglomération,Hors intersection,Normale,Trois véhicules et plus - en chaîne,1,3,10,0,1,1,1,0,1,70,5,5,4,0,0,1,49.0,36.0,utilitaire_camion,voiture,1,1,1,1,4
201900002779,2019-05-16 10:50:00,2019,5,16,10,50,95,95018,AUTOROUTE A15,48.96029,2.27115,Plein jour,Hors agglomération,Hors intersection,Normale,Autre collision,1,3,11,0,1,1,1,0,1,110,1,1,0,0,0,1,37.0,,voiture,,1,1,1,1,6
201900002780,2019-05-14 19:00:00,2019,5,14,19,0,93,93007,AUTOROUTE A3,48.94316,2.47792,Plein jour,Hors agglomération,Hors intersection,Normale,Trois véhicules et plus - en chaîne,1,3,6,0,1,1,1,0,1,110,3,3,2,0,0,1,25.0,39.0,voiture,utilitaire_camion,1,1,1,1,4
201900002781,2019-05-14 14:15:00,2019,5,14,14,15,95,95527,AUTOROUTE A1,48.99726,2.51849,Plein jour,Hors agglomération,Hors intersection,Normale,Autre collision,1,3,6,0,1,1,1,0,1,110,1,1,0,0,0,1,60.0,,voiture,,1,1,1,1,6
201900002782,2019-05-15 17:20:00,2019,5,15,17,20,93,93078,AUTOROUTE A104,48.96567,2.51697,Plein jour,Hors agglomération,Hors intersection,Temps éblouissant,Deux véhicules - côté,1,3,6,0,1,1,1,0,1,90,2,2,1,0,0,1,32.0,20.0,deux_roues,voiture,1,1,1,7,3
201900002783,2019-05-15 12:35:00,2019,5,15,12,35,60,60494,AUTOROUTE A1,49.13942,2.56934,Plein jour,Hors agglomération,Hors intersection,Normale,Autre collision,1,3,6,0,1,1,1,0,1,130,1,1,0,0,0,1,52.0,,voiture,,1,1,1,1,6
201900002784,2019-05-15 10:10:00,2019,5,15,10,10,93,93078,AUTOROUTE A104,48.96214,2.54632,Plein jour,Hors agglomération,Hors intersection,Normale,Deux véhicules - côté,1,-1,6,0,1,1,1,0,1,110,2,1,0,0,0,1,44.0,,deux_roues,,1,1,1,1,3
201900002785,2019-05-15 09:45:00,2019,5,15,9,45,93,93048,AUTOROUTE A86,48.86507,2.4818,Plein jour,Hors agglomération,Hors intersection,Normale,Deux véhicules - arrière,1,3,6,0,2,1,1,1,1,90,2,1,0,0,0,1,31.0,,voiture,,1,1,1,1,2
201900002786,2019-05-14 21:50:00,2019,5,14,21,50,95,95154,AUTOROUTE A1,49.04569,2.54588,Nuit sans éclairage public,Hors agglomération,Hors intersection,Normale,Deux véhicules - arrière,1,3,6,0,1,1,1,0,1,110,2,2,1,0,0,1,29.0,29.0,utilitaire_camion,voiture,3,1,1,1,2
201900002787,2019-05-14 18:15:00,2019,5,14,18,15,93,93001,AUTOROUTE A86,48.92108,2.37446,Plein jour,Hors agglomération,Hors intersection,Normale,Trois véhicules et plus - collisions multiples,1,3,8,0,2,2,1,2,1,90,3,3,2,0,0,1,38.0,56.0,voiture,voiture,1,1,1,1,5
201900002788,2019-05-14 17:45:00,2019,5,14,17,45,95,95018,AUTOROUTE A15,48.96194,2.26788,Plein jour,Hors agglomération,Hors intersection,Normale,Deux véhicules - côté,1,3,10,0,2,1,1,0,1,110,2,2,1,0,0,1,48.0,25.0,voiture,deux_roues,1,1,1,1,3
201900002789,2019-05-14 17:45:00,2019,5,14,17,45,93,93010,AUTOROUTE A3,48.88894,2.47374,Plein jour,Hors agglomération,Hors intersection,Normale,Trois véhicules et plus - collisions multiples,1,3,9,0,4,3,1,0,1,70,3,3,2,0,1,0,21.0,37.0,deux_roues,voiture,1,1,1,1,5
201900002790,2019-05-14 09:20:00,2019,5,14,9,20,95,95394,RN 184,49.05151,2.1514,Plein jour,Hors agglomération,Hors intersection,Normale,Deux véhicules - arrière,2,3,6,0,1,1,1,0,1,90,2,2,1,0,1,0,47.0,39.0,utilitaire_camion,utilitaire_camion,1,1,1,1,2
201900002791,2019-05-14 08:50:00,2019,5,14,8,50,93,93078,AUTOROUTE A104,48.97147,2.49714,Plein jour,Hors agglomération,Hors intersection,Normale,Deux véhicules - arrière,1,3,8,0,1,1,1,0,1,110,2,3,1,0,0,2,51.0,22.0,voiture,voiture,1,1,1,1,2
201900002792,2019-05-13 15:50:00,2019,5,13,15,50,93,93007,AUTOROUTE A1,48.95211,2.45206,Plein jour,Hors agglomération,Hors intersection,Normale,Trois véhicules et plus - collisions multiples,1,3,8,0,1,1,1,0,1,110,4,4,3,0,0,1,44.0,36.0,voiture,utilitaire_camion,1,1,1,1,5
201900002793,2019-05-12 19:50:00,2019,5,12,19,50,93,93066,AUTOROUTE A1,48.92386,2.35734,Plein jour,Hors agglomération,Hors intersection,Normale,Deux véhicules - arrière,1,3,8,0,1,1,1,0,1,90,2,2,1,0,0,1,49.0,27.0,deux_roues,voiture,1,1,1,1,2
201900002794,2019-05-12 17:50:00,2019,5,12,17,50,95,95028,RN 104,49.06327,2.33534,Plein jour,Hors agglomération,Hors intersection,Normale,Autre collision,2,3,5,0,2,1,1,0,1,70,1,5,0,0,0,5,34.0,,voiture,,1,1,1,1,6
201900002795,2019-05-12 16:10:00,2019,5,12,16,10,93,93053,AUTOROUTE A86,48.89089,2.47308,Plein jour,Hors agglomération,Hors intersection,Normale,Deux véhicules - côté,1,3,10,0,1,1,1,0,1,70,2,1,0,0,0,1,37.0,,deux_roues,,1,1,1,1,3
201900002796,2019-05-12 15:45:00,2019,5,12,15,45,93,93064,AUTOROUTE A86,48.86771,2.48177,Plein jour,Hors agglomération,Hors intersection,Normale,Deux véhicules - arrière,1,3,6,0,1,1,1,0,1,90,2,2,1,0,0,1,27.0,25.0,voiture,voiture,1,1,1,1,2
201900002797,2019-05-12 05:40:00,2019,5,12,5,40,93,93066,AUTOROUTE A1,48.92089,2.35735,Crépuscule ou aube,Hors agglomération,Autre intersection,Normale,Autre collision,1,3,8,0,1,1,1,9,1,90,1,2,1,0,1,0,28.0,,voiture,,2,1,9,1,6
201900002798,2019-05-12 04:30:00,2019,5,12,4,30,95,95306,AUTOROUTE A15,49.00883,2.15841,Nuit sans éclairage public,Hors agglomération,Hors intersection,Normale,Autre collision,1,3,6,0,1,1,1,0,1,110,1,1,0,0,0,1,27.0,,voiture,,3,1,1,1,6
201900002799,2019-05-11 19:00:00,2019,5,11,19,0,93,93053,AUTOROUTE A3,48.88281,2.45685,Plein jour,Hors agglomération,Hors intersection,Pluie légère,Trois véhicules et plus - en chaîne,1,3,7,0,1,1,2,0,1,90,3,3,2,0,0,1,34.0,40.0,voiture,voiture,1,1,1,2,4
201900002800,2019-05-11 14:15:00,2019,5,11,14,15,95,95394,AUTOROUTE A115,49.05081,2.18166,Plein jour,Hors agglomération,Hors intersection,Normale,Autre collision,1,3,4,0,1,2,1,0,1,70,1,1,0,0,0,1,46.0,,deux_roues,,1,1,1,1,6
201900002801,2019-05-11 06:45:00,2019,5,11,6,45,95,95582,AUTOROUTE A15,48.96572,2.25837,Crépuscule ou aube,Hors agglomération,Hors intersection,Pluie forte,Autre collision,1,3,10,0,1,1,2,0,1,110,1,1,0,0,0,1,73.0,,voiture,,2,1,1,3,6
201900002802,2019-05-11 09:00:00,2019,5,11,9,0,93,93078,AUTOROUTE A104,48.96362,2.52141,Plein jour,Hors agglomération,Hors intersection,Pluie forte,Autre collision,1,3,6,0,1,1,8,0,1,90,1,2,0,0,0,2,36.0,,voiture,,1,1,1,3,6
201900002803,2019-05-10 07:35:00,2019,5,10,7,35,95,95028,RN 104,49.06197,2.36099,Plein jour,Hors agglomération,Hors intersection,Normale,Autre collision,2,3,4,0,1,1,1,0,1,110,1,1,0,0,0,1,34.0,,voiture,,1,1,1,1,6
201900002804,2019-05-10 14:50:00,2019,5,10,14,50,93,93005,AUTOROUTE A3,48.94433,2.47728,Plein jour,Hors agglomération,Autre intersection,Normale,Autre collision,1,1,-1,0,1,1,1,0,1,90,1,1,0,0,0,1,51.0,,voiture,,1,1,9,1,6
201900002805,2019-05-10 17:20:00,2019,5,10,17,20,93,93066,AUTOROUTE A1,48.90609,2.35857,Plein jour,Hors agglomération,Hors intersection,Pluie légère,Trois véhicules et plus - en chaîne,1,3,8,0,1,1,1,1,1,90,4,5,4,0,0,1,49.0,30.0,voiture,voiture,1,1,1,2,4
201900002806,2019-05-10 13:25:00,2019,5,10,13,25,95,95277,AUTOROUTE A104,48.97319,2.48836,Plein jour,Hors agglomération,Hors intersection,Normale,Autre collision,1,1,2,0,3,3,1,3,1,90,1,1,0,0,0,1,46.0,,deux_roues,,1,1,1,1,6
201900002807,2019-05-10 14:45:00,2019,5,10,14,45,93,93048,AUTOROUTE A86,48.86459,2.48237,Plein jour,Hors agglomération,Hors intersection,Normale,Deux véhicules - arrière,1,3,6,0,1,1,1,0,1,90,2,3,1,0,0,2,55.0,20.0,utilitaire_camion,voiture,1,1,1,1,2
201900002808,2019-05-10 13:00:00,2019,5,10,13,0,93,93010,AUTOROUTE A3,48.91441,2.47719,Plein jour,Hors agglomération,Hors intersection,Normale,Trois véhicules et plus - en chaîne,1,3,6,0,1,1,1,2,1,110,3,3,2,0,0,1,44.0,50.0,utilitaire_camion,voiture,1,1,1,1,4
201900002809,2019-05-10 05:40:00,2019,5,10,5,40,93,93027,AUTOROUTE A86,48.92274,2.38081,Nuit avec éclairage allumé,Hors agglomération,Hors intersection,Normale,Autre collision,1,3,9,0,1,1,1,0,1,90,1,4,0,0,1,3,23.0,,voiture,,5,1,1,1,6
201900002810,2019-05-09 16:50:00,2019,5,9,16,50,93,93005,AUTOROUTE A3,48.96017,2.47351,Plein jour,Hors agglomération,Hors intersection,Normale,Deux véhicules - côté,1,3,6,0,1,1,1,0,1,90,2,2,1,0,0,1,54.0,59.0,deux_roues,voiture,1,1,1,1,3
201900002811,2019-05-09 11:30:00,2019,5,9,11,30,93,93048,AUTOROUTE A86,48.86758,2.4819,Plein jour,Hors agglomération,Hors intersection,Pluie légère,Deux véhicules - côté,1,3,6,0,1,1,2,0,1,90,2,2,1,0,0,1,39.0,61.0,utilitaire_camion,voiture,1,1,1,2,3
201900002812,2019-05-09 07:50:00,2019,5,9,7,50,93,93064,AUTOROUTE A86,48.88401,2.47156,Plein jour,Hors agglomération,Hors intersection,Pluie légère,Deux véhicules - arrière,1,1,3,0,4,3,2,0,1,90,2,2,1,0,0,1,60.0,54.0,deux_roues,voiture,1,1,1,2,2
201900002813,2019-05-09 09:00:00,2019,5,9,9,0,93,93027,AUTOROUTE A86,48.92785,2.40957,Plein jour,Hors agglomération,Hors intersection,Pluie légère,Autre collision,1,3,7,0,1,1,2,0,1,90,1,1,0,0,0,1,19.0,,voiture,,1,1,1,2,6
201900002814,2019-05-09 09:25:00,2019,5,9,9,25,93,93005,AUTOROUTE A3,48.96024,2.47331,Plein jour,Hors agglomération,Hors intersection,Pluie légère,Sans collision,1,3,6,0,1,1,2,0,1,110,1,1,0,0,0,1,43.0,,deux_roues,,1,1,1,2,7
201900002815,2019-05-09 08:50:00,2019,5,9,8,50,95,95154,AUTOROUTE A1,49.03455,2.54048,Plein jour,Hors agglomération,Hors intersection,Pluie légère,Deux véhicules - arrière,1,3,6,0,1,1,2,0,1,110,2,2,1,0,0,1,55.0,39.0,voiture,utilitaire_camion,1,1,1,2,2
201900002816,2019-05-09 08:00:00,2019,5,9,8,0,93,93066,AUTOROUTE A1,48.93322,2.37644,Plein jour,Hors agglomération,Hors intersection,Pluie légère,Deux véhicules - côté,1,3,10,0,1,1,2,0,1,90,2,2,1,0,0,1,23.0,28.0,voiture,deux_roues,1,1,1,2,3
201900002817,2019-05-08 12:45:00,2019,5,8,12,45,93,93027,BDL,48.92871,2.403,Plein jour,Hors agglomération,Hors intersection,Pluie légère,Deux véhicules - côté,1,3,4,0,1,2,2,3,1,50,2,3,2,0,0,1,21.0,52.0,voiture,voiture,1,1,1,2,3
201900002818,2019-05-09 03:00:00,2019,5,9,3,0,95,95277,AUTOROUTE A104,48.97159,2.48381,Nuit sans éclairage public,Hors agglomération,Hors intersection,Pluie légère,Autre collision,1,3,-1,0,1,1,2,0,1,70,1,1,0,0,0,1,69.0,,voiture,,3,1,1,2,6
201900002819,2019-05-08 23:40:00,2019,5,8,23,40,95,95527,AUTOROUTE A3,48.98622,2.50798,Nuit sans éclairage public,Hors agglomération,Hors intersection,Pluie légère,Trois véhicules et plus - collisions multiples,1,1,4,0,1,1,2,0,1,90,6,9,6,0,0,3,25.0,43.0,voiture,utilitaire_camion,3,1,1,2,5
201900002820,2019-05-09 00:00:00,2019,5,9,0,0,92,92036,AUTOROUTE A86,48.9387802,2.3073401,Nuit avec éclairage non allumé,Hors agglomération,Autre intersection,Normale,Trois véhicules et plus - collisions multiples,1,3,7,0,1,1,2,0,1,90,3,3,2,0,0,1,41.0,54.0,voiture,utilitaire_camion,4,1,9,1,5
201900002821,2019-05-08 23:00:00,2019,5,8,23,0,95,95018,RD 170,48.96141,2.26076,Nuit sans éclairage public,Hors agglomération,Hors intersection,Pluie légère,Autre collision,3,3,2,0,1,1,2,0,1,70,1,1,0,0,0,1,22.0,,voiture,,3,1,1,2,6
201900002822,2019-05-08 22:10:00,2019,5,8,22,10,93,93027,AUTOROUTE A86,48.92864,2.41492,Nuit sans éclairage public,Hors agglomération,Hors intersection,Pluie légère,Autre collision,1,3,9,0,1,2,2,2,1,70,1,1,0,0,0,1,20.0,,voiture,,3,1,1,2,6
201900002823,2019-05-08 20:00:00,2019,5,8,20,0,93,93027,AUTOROUTE A86,48.92866,2.41479,Plein jour,Hors agglomération,Hors intersection,Pluie légère,Trois véhicules et plus - collisions multiples,1,3,9,0,1,2,2,0,1,70,3,3,1,0,0,2,24.0,42.0,voiture,utilitaire_camion,1,1,1,2,5
201900002824,2019-05-08 18:15:00,2019,5,8,18,15,93,93078,AUTOROUTE A104,48.96652,2.51455,Plein jour,Hors agglomération,Hors intersection,Normale,Deux véhicules - côté,1,3,8,0,1,1,1,0,1,90,2,2,1,0,0,1,36.0,45.0,voiture,voiture,1,1,1,1,3
201900002825,2019-05-08 20:00:00,2019,5,8,20,0,93,93027,AUTOROUTE A86,48.92855,2.41597,Plein jour,Hors agglomération,Hors intersection,Pluie légère,Autre collision,1,3,6,0,1,2,2,0,1,70,1,1,0,0,0,1,31.0,,voiture,,1,1,1,2,6
201900002826,2019-05-08 17:00:00,2019,5,8,17,0,95,95488,AUTOROUTE A15,49.0275,2.12927,Plein jour,Hors agglomération,Hors intersection,Normale,Autre collision,1,3,6,0,1,1,2,0,1,110,1,3,0,0,0,3,47.0,,voiture,,1,1,1,1,6
201900002827,2019-05-08 15:30:00,2019,5,8,15,30,93,93013,AUTOROUTE A1,48.9399,2.42152,Plein jour,Hors agglomération,Hors intersection,Pluie légère,Deux véhicules - côté,1,3,8,0,1,1,2,0,1,110,2,2,1,0,0,1,29.0,40.0,voiture,voiture,1,1,1,2,3
201900002828,2019-05-08 09:55:00,2019,5,8,9,55,93,93053,AUTOROUTE A86,48.89966,2.46921,Plein jour,Hors agglomération,Hors intersection,Pluie légère,Autre collision,1,3,10,0,1,1,2,2,1,70,1,1,0,0,0,1,24.0,,voiture,,1,1,1,2,6
201900002829,2019-05-08 09:50:00,2019,5,8,9,50,92,92078,AUTOROUTE A86,48.9292341,2.3295641,Plein jour,Hors agglomération,Hors intersection,Pluie légère,Autre collision,1,3,7,0,1,2,2,1,1,70,1,1,0,0,0,1,28.0,,voiture,,1,1,1,2,6
201900002830,2019-05-08 10:20:00,2019,5,8,10,20,93,93027,AUTOROUTE A86,48.92658,2.40312,Plein jour,Hors agglomération,Hors intersection,Pluie légère,Autre collision,1,1,4,0,3,2,2,2,1,50,2,2,1,0,0,1,65.0,56.0,voiture,voiture,1,1,1,2,6
201900002831,2019-05-08 08:50:00,2019,5,8,8,50,92,92036,AUTOROUTE A15,48.9370807,2.2921737,Plein jour,Hors agglomération,Hors intersection,Pluie légère,Autre collision,1,3,8,0,2,3,2,3,1,50,1,1,0,0,0,1,27.0,,voiture,,1,1,1,2,6
201900002832,2019-05-07 19:05:00,2019,5,7,19,5,93,93078,AUTOROUTE A104,48.96511,2.55434,Plein jour,Hors agglomération,Hors intersection,Normale,Deux véhicules - frontale,1,3,9,0,2,1,1,3,1,70,2,4,1,0,0,3,23.0,50.0,voiture,voiture,1,1,1,1,1
201900002833,2019-05-07 18:55:00,2019,5,7,18,55,95,95127,AUTOROUTE A15,49.04356,2.07673,Plein jour,Hors agglomération,Hors intersection,Normale,Sans collision,1,1,1,0,2,1,1,0,1,90,1,1,0,0,0,1,22.0,,deux_roues,,1,1,1,1,7
201900002834,2019-05-07 18:30:00,2019,5,7,18,30,92,92036,AUTOROUTE A86,48.9383694,2.300089,Plein jour,Hors agglomération,Hors intersection,Normale,Deux véhicules - arrière,1,3,9,0,1,1,1,0,1,90,2,2,1,0,0,1,21.0,32.0,deux_roues,voiture,1,1,1,1,2