accident_id,datetime,annee,mois,jour,heure,minute,departement,commune_insee,adresse,latitude,longitude,luminosite,agglomeration,intersection,meteo,collision,catr,circ,nbv,vosp,prof,plan,surf,infra,situ,vma,nb_vehicules,nb_usagers,nb_indemnes,nb_tues,nb_blesses_hosp,nb_blesses_legers,age_cond_1,age_cond_2,veh_type_cond_1,veh_type_cond_2,lum_code,agg_code,int_code,atm_code,col_code
201900002926,2019-10-17 14:55:00,2019,10,17,14,55,41,41018,MAUNOURY (AVENUE DE MARECHAL),47.60068,1.34677,Plein jour,En agglomération,Hors intersection,Normale,Deux véhicules - arrière,4,2,2,0,1,1,1,0,1,50,2,2,1,0,0,1,29.0,55.0,voiture,voiture,1,2,1,1,2
201900002927,2019-10-19 19:10:00,2019,10,19,19,10,22,22215,RD 712,48.49774,-2.77099,Plein jour,Hors agglomération,Hors intersection,Normale,Sans collision,3,3,4,0,1,1,1,2,1,90,1,1,0,0,0,1,46.0,,deux_roues,,1,1,1,1,7
201900002928,2019-10-20 14:20:00,2019,10,20,14,20,10,10357,GENERAL DE GAULLE (RUE DU),48.29605,4.13224,Plein jour,En agglomération,Hors intersection,Pluie forte,Sans collision,4,3,0,0,1,3,2,0,1,50,1,1,0,0,0,1,18.0,,deux_roues,,1,2,1,3,7
201900002929,2019-10-19 23:20:00,2019,10,19,23,20,93,93055,JEAN JAURES (AVENUE) (76/128),48.90356,2.39213,Nuit avec éclairage allumé,En agglomération,Autre intersection,Pluie légère,Deux véhicules - côté,3,2,2,0,1,1,2,0,1,50,2,2,1,0,0,1,27.0,33.0,deux_roues,voiture,5,2,9,2,3
201900002930,2019-10-21 20:30:00,2019,10,21,20,30,92,92049,PERI RUE GABRIEL AUTRES N°/  REPUBLIQUE AVENUE DE LA N°1 A 79,48.8185095,2.3196199,Nuit avec éclairage allumé,En agglomération,Intersection en X,Normale,Deux véhicules - côté,3,2,2,0,1,1,1,0,1,50,2,2,1,0,0,1,27.0,21.0,deux_roues,voiture,5,2,2,1,3
201900002931,2019-07-14 01:00:00,2019,7,14,1,0,987,98740,village de AVATORU,-15.848472,-148.251179,Nuit avec éclairage non allumé,En agglomération,Hors intersection,Normale,Autre collision,9,2,2,0,1,1,1,0,1,50,1,2,0,1,0,1,42.0,,deux_roues,,4,2,1,1,6
201900002932,2019-10-22 07:20:00,2019,10,22,7,20,976,97611,kaweni-Mangrove ( rue de la ),-12.77587,45.22584,Plein jour,En agglomération,Hors intersection,Normale,Deux véhicules - arrière,2,2,0,0,1,1,1,0,1,50,2,2,1,0,0,1,54.0,33.0,deux_roues,voiture,1,2,1,1,2
201900002933,2019-10-22 10:30:00,2019,10,22,10,30,69,69383,GAMBETTA                            (CO),45.75586,4.84124,Plein jour,En agglomération,Hors intersection,Pluie légère,Autre collision,4,2,4,3,1,1,2,0,1,50,1,2,1,0,0,1,38.0,,voiture,,1,2,1,2,6
201900002934,2019-10-22 15:00:00,2019,10,22,15,0,69,69034,PASTEUR                             (R ),45.79051,4.84201,Plein jour,En agglomération,Hors intersection,Temps couvert,Autre collision,4,2,2,0,1,1,1,0,1,50,2,2,1,0,0,1,37.0,56.0,voiture,deux_roues,1,2,1,8,6
201900002935,2019-10-22 16:30:00,2019,10,22,16,30,2A,2A004,MEZZAVIA ROUTE DE,41.94525,8.75857,Plein jour,En agglomération,Giratoire,Normale,Deux véhicules - arrière,2,1,2,0,4,2,1,0,1,50,2,4,0,0,0,4,68.0,55.0,voiture,voiture,1,2,6,1,2
201900002936,2019-10-22 10:50:00,2019,10,22,10,50,2A,2A004,NAPOLEON COURS AVANT BEVERINI,41.9259105,8.7382253,Plein jour,En agglomération,Intersection en Y,Normale,Autre collision,2,2,3,0,1,1,1,0,1,50,1,2,1,0,0,1,74.0,,voiture,,1,2,4,1,6
201900002937,2019-10-22 22:25:00,2019,10,22,22,25,91,91589,OUZILLO (AVENUE HENRI),48.67329,2.34031,Nuit avec éclairage allumé,En agglomération,Giratoire,Normale,Deux véhicules - côté,4,3,1,0,2,3,1,0,1,50,2,3,2,0,0,1,19.0,35.0,voiture,voiture,5,2,6,1,3
201900002938,2019-10-19 17:50:00,2019,10,19,17,50,91,91377,DE LATTRE DE TASSIGNY (AVENUE DU MARECHA,48.72304,2.28707,Plein jour,En agglomération,Intersection en T,Normale,Deux véhicules - côté,3,2,5,0,1,1,1,0,1,50,2,2,1,0,0,1,40.0,69.0,voiture,utilitaire_camion,1,2,3,1,3
201900002939,2019-10-22 20:20:00,2019,10,22,20,20,91,91687,GENERAL DE GAULLE (AVENUE DU),48.676,2.3854,Nuit avec éclairage allumé,En agglomération,Intersection en X,Normale,Deux véhicules - arrière,2,3,0,0,1,1,1,5,3,50,2,4,2,0,0,2,22.0,39.0,voiture,voiture,5,2,2,1,2
201900002940,2019-10-22 07:45:00,2019,10,22,7,45,91,91347,MONTLHERY (ROUTE DE),48.63467,2.28873,Nuit avec éclairage allumé,En agglomération,Hors intersection,Brouillard / fumée,Sans collision,4,3,4,0,2,1,2,0,1,50,1,1,0,0,1,0,36.0,,deux_roues,,5,2,1,5,7
201900002941,2019-10-11 07:10:00,2019,10,11,7,10,84,84007,BOCCACE (avenue),43.94931,4.82953,Crépuscule ou aube,En agglomération,Hors intersection,Normale,Autre collision,4,2,4,1,1,1,1,0,1,50,1,3,1,0,1,1,78.0,,voiture,,2,2,1,1,6
201900002942,2019-10-22 18:20:00,2019,10,22,18,20,81,81163,BARBEY (EDOUARD),43.4903997,2.3752988,Nuit avec éclairage non allumé,En agglomération,Hors intersection,Pluie forte,Autre collision,3,2,2,0,1,1,2,6,1,50,1,2,1,0,0,1,49.0,,voiture,,4,2,1,3,6
201900002943,2019-08-16 09:58:00,2019,8,16,9,58,35,35085,pk 13 - RD82,48.375659,-1.72641,Plein jour,Hors agglomération,Hors intersection,Normale,Deux véhicules - frontale,3,2,2,0,1,1,1,0,1,80,2,2,1,1,0,0,62.0,42.0,voiture,utilitaire_camion,1,1,1,1,1
201900002944,2019-08-14 16:45:00,2019,8,14,16,45,84,84029,D43,44.164979,4.857922,Plein jour,Hors agglomération,Intersection en X,Normale,Deux véhicules - côté,3,2,2,0,1,1,1,8,1,80,2,2,1,0,1,0,53.0,77.0,deux_roues,voiture,1,1,2,1,3
201900002945,2019-08-16 14:55:00,2019,8,16,14,55,63,63248,D942,45.7342307,2.9292709,Plein jour,Hors agglomération,Hors intersection,Normale,Sans collision,3,2,2,0,2,2,1,0,3,50,1,1,0,0,0,1,31.0,,deux_roues,,1,1,1,1,7
201900002946,2019-08-15 08:30:00,2019,8,15,8,30,52,52258,A5 - PK 190+380,48.089073,4.841031,Plein jour,Hors agglomération,Hors intersection,Temps couvert,Deux véhicules - arrière,1,3,4,0,2,1,1,0,1,130,2,2,1,0,0,1,49.0,32.0,utilitaire_camion,voiture,1,1,1,8,2
201900002947,2019-08-12 13:10:00,2019,8,12,13,10,21,21298,A6 PK 253+600 sens LYON vers PARIS,47.327498,4.48415,Plein jour,Hors agglomération,Hors intersection,Normale,Autre collision,1,3,4,0,1,1,1,0,1,130,1,3,0,0,0,3,52.0,,voiture,,1,1,1,1,6
201900002948,2019-10-18 21:00:00,2019,10,18,21,0,80,80256,,49.91645,2.22544,Nuit avec éclairage allumé,Hors agglomération,Hors intersection,Normale,Deux véhicules - côté,3,2,2,0,1,1,1,0,1,80,2,3,1,0,0,2,73.0,18.0,voiture,deux_roues,5,1,1,1,3
201900002949,2019-08-14 09:00:00,2019,8,14,9,0,6,06026,Boulevard des 5 Communes/Boulevard Jean Marais,43.6487643,6.8776448,Plein jour,Hors agglomération,Hors intersection,Normale,Autre collision,3,2,2,0,2,2,1,0,1,70,2,3,2,1,0,0,81.0,79.0,voiture,deux_roues,1,1,1,1,6
201900002950,2019-08-14 18:11:00,2019,8,14,18,11,51,51544,RD 977,49.2863066,4.5525896,Plein jour,Hors agglomération,Hors intersection,Temps couvert,Deux véhicules - frontale,3,2,2,0,1,3,1,0,1,80,2,2,1,1,0,0,58.0,52.0,deux_roues,utilitaire_camion,1,1,1,8,1
201900002951,2019-10-22 07:25:00,2019,10,22,7,25,74,74118,REIGNIER (ROUTE DE),46.17717,6.23509,Nuit sans éclairage public,Hors agglomération,Hors intersection,Temps couvert,Trois véhicules et plus - en chaîne,3,2,2,0,1,1,2,0,1,50,3,4,3,0,0,1,25.0,34.0,voiture,voiture,3,1,1,8,4
201900002952,2019-08-17 02:00:00,2019,8,17,2,0,58,58086,Route des Carrières,47.429771,2.975614,Nuit sans éclairage public,Hors agglomération,Hors intersection,Normale,Sans collision,4,2,2,0,1,3,1,0,8,80,1,3,0,0,3,0,54.0,,voiture,,3,1,1,1,7
201900002953,2019-08-16 13:45:00,2019,8,16,13,45,62,62408,route de guines,50.8861,1.876607,Plein jour,Hors agglomération,Hors intersection,Normale,Autre collision,3,2,2,0,1,3,1,0,4,70,1,1,0,0,1,0,22.0,,deux_roues,,1,1,1,1,6
201900002954,2019-09-02 23:18:00,2019,9,2,23,18,73,73008,GENEVE RUE DE,45.6918263,5.9124376,Nuit avec éclairage allumé,En agglomération,Giratoire,Normale,Autre collision,4,2,2,0,1,1,1,5,1,50,1,1,0,0,1,0,46.0,,deux_roues,,5,2,6,1,6
201900002955,2019-10-21 23:40:00,2019,10,21,23,40,72,72181,ESTIENNE D'ORVES (BD D'),47.98178,0.18933,Nuit avec éclairage allumé,En agglomération,Hors intersection,Normale,Autre collision,4,3,4,0,1,2,1,0,1,70,1,4,0,0,1,3,59.0,,voiture,,5,2,1,1,6
201900002956,2019-10-21 22:15:00,2019,10,21,22,15,71,71270,GAULLE (AVENUE DU GENERAL DE),46.33126,4.84284,Nuit avec éclairage allumé,En agglomération,Hors intersection,Normale,Deux véhicules - côté,3,2,5,0,1,1,2,0,1,50,2,2,0,0,0,2,46.0,67.0,voiture,voiture,5,2,1,1,3
201900002957,2019-10-21 16:45:00,2019,10,21,16,45,71,71153,MONTCENIS (ROUTE DE),46.80337,4.41311,Plein jour,En agglomération,Hors intersection,Normale,Trois véhicules et plus - collisions multiples,4,2,3,0,1,1,1,0,1,50,3,4,2,0,0,2,93.0,58.0,voiture,transport_commun,1,2,1,1,5
201900002958,2019-08-13 18:10:00,2019,8,13,18,10,84,84091,Le Crepon Sud,44.16387,4.775138,Plein jour,Hors agglomération,Intersection en T,Normale,Deux véhicules - côté,2,2,3,0,1,1,1,5,1,70,2,2,1,0,1,0,46.0,45.0,voiture,deux_roues,1,1,3,1,3
201900002959,2019-10-22 17:25:00,2019,10,22,17,25,69,69275,JEAN JAURES                         (AV),45.77095,4.96274,Crépuscule ou aube,En agglomération,Intersection en T,Temps couvert,Autre collision,7,2,2,1,2,1,2,0,1,50,1,2,1,0,0,1,38.0,,utilitaire_camion,,2,2,3,8,6
201900002960,2019-08-16 18:35:00,2019,8,16,18,35,62,62571,Route de Berck,50.435051,1.609329,Plein jour,Hors agglomération,Hors intersection,Normale,Deux véhicules - côté,3,2,2,1,1,1,1,0,5,80,2,2,1,0,1,0,77.0,38.0,deux_roues,voiture,1,1,1,1,3
201900002961,2019-10-22 09:35:00,2019,10,22,9,35,69,69266,ROGER SALENGRO     (Avenue),45.77856,4.87986,Plein jour,En agglomération,Hors intersection,Temps couvert,Autre collision,4,2,0,0,1,1,2,0,1,50,1,2,1,0,0,1,42.0,,deux_roues,,1,2,1,8,6
201900002962,2019-08-15 17:00:00,2019,8,15,17,0,79,79150,RD 948,46.140089,0.196939,Plein jour,Hors agglomération,Intersection en X,Normale,Deux véhicules - côté,3,2,2,0,1,1,1,0,1,80,2,3,1,2,0,0,48.0,88.0,utilitaire_camion,voiture,1,1,2,1,3
201900002963,2019-10-22 07:50:00,2019,10,22,7,50,69,69264,GRANGE BLAZET,45.98061,4.71887,Crépuscule ou aube,En agglomération,Intersection en T,Pluie légère,Deux véhicules - côté,4,2,2,0,1,1,2,0,1,50,2,3,1,0,0,2,50.0,21.0,voiture,voiture,2,2,3,2,3
201900002964,2019-08-13 10:10:00,2019,8,13,10,10,85,85109,Route de la Goriandière,46.87466,-0.99694,Plein jour,En agglomération,Hors intersection,Normale,Deux véhicules - frontale,4,2,2,0,2,2,1,0,1,50,2,6,5,0,1,0,50.0,22.0,voiture,voiture,1,2,1,1,1
201900002965,2019-10-21 09:00:00,2019,10,21,9,0,67,67482,TILLEULS (RUE DES),48.60804,7.78188,Plein jour,En agglomération,Intersection en T,Pluie légère,Autre collision,4,2,2,0,2,1,2,0,1,30,2,2,1,0,1,0,42.0,,deux_roues,,1,2,3,2,6
201900002966,2019-08-16 01:35:00,2019,8,16,1,35,67,67405,37 rue principale,48.829644,8.037986,Nuit avec éclairage allumé,En agglomération,Hors intersection,Normale,Autre collision,3,2,2,1,1,1,1,0,1,50,1,4,0,0,2,2,18.0,,voiture,,5,2,1,1,6
201900002967,2019-10-21 07:50:00,2019,10,21,7,50,67,67482,COLMAR (AVENUE DE),48.56126,7.75154,Crépuscule ou aube,En agglomération,Hors intersection,Pluie légère,Autre collision,4,2,2,2,1,1,2,0,1,50,1,2,1,0,0,1,27.0,,voiture,,2,2,1,2,6
201900002968,2019-08-14 10:15:00,2019,8,14,10,15,71,71054,Intersection RD 5 / RD 171,46.921039,5.022308,Plein jour,Hors agglomération,Intersection en X,Normale,Deux véhicules - côté,3,2,2,0,1,1,1,5,1,70,2,2,1,0,0,1,92.0,48.0,voiture,deux_roues,1,1,2,1,3
201900002969,2019-10-21 17:30:00,2019,10,21,17,30,66,66136,R D 900,42.67846,2.87179,Plein jour,En agglomération,Hors intersection,Normale,Trois véhicules et plus - collisions multiples,4,2,4,0,1,1,1,0,1,90,3,5,2,0,0,3,24.0,33.0,voiture,voiture,1,2,1,1,5
201900002970,2019-08-16 10:45:00,2019,8,16,10,45,2B,2B009,310 Avenue Saint-Alexandre Sauli,42.115764,9.513272,Plein jour,En agglomération,Hors intersection,Normale,Autre collision,2,2,2,0,1,1,1,0,1,50,1,2,1,0,0,1,81.0,,voiture,,1,2,1,1,6
201900002971,2019-10-19 18:00:00,2019,10,19,18,0,66,66136,Départementale 914,42.67201,2.892,Plein jour,En agglomération,Hors intersection,Normale,Trois véhicules et plus - en chaîne,4,2,2,0,1,1,1,0,1,50,3,3,2,0,0,1,69.0,25.0,voiture,voiture,1,2,1,1,4
201900002972,2019-08-14 18:55:00,2019,8,14,18,55,62,62870,D303,50.424133,1.716618,Plein jour,Hors agglomération,Intersection en X,Pluie forte,Deux véhicules - côté,3,2,2,0,4,1,2,0,1,80,2,5,4,0,1,0,18.0,55.0,voiture,voiture,1,1,2,3,3
201900002973,2019-10-19 17:00:00,2019,10,19,17,0,66,66136,64 Av Panchot,42.69171,2.88298,Plein jour,En agglomération,Hors intersection,Normale,Autre collision,4,2,3,0,1,1,1,0,1,50,3,3,2,0,0,1,39.0,33.0,voiture,voiture,1,2,1,1,6
201900002974,2019-08-15 18:45:00,2019,8,15,18,45,83,83018,D2013,43.348408,6.176271,Plein jour,Hors agglomération,Hors intersection,Normale,Autre collision,3,2,2,0,1,3,1,0,3,80,1,1,0,0,1,0,34.0,,deux_roues,,1,1,1,1,6
201900002975,2019-06-16 16:35:00,2019,6,16,16,35,68,68044,route departementale 148,48.182703,7.091198,Plein jour,Hors agglomération,Hors intersection,Normale,Sans collision,3,-1,2,0,2,1,1,0,1,80,1,1,0,0,0,1,60.0,,deux_roues,,1,1,1,1,7
201900002976,2019-10-21 17:00:00,2019,10,21,17,0,64,64122,ESPAGNE (RUE D'),43.47659,-1.56519,Plein jour,En agglomération,Hors intersection,Normale,Deux véhicules - arrière,4,-1,0,0,1,1,1,0,1,30,2,2,1,0,0,1,25.0,41.0,deux_roues,voiture,1,2,1,1,2
201900002977,2019-08-15 16:45:00,2019,8,15,16,45,57,57089,RD662,49.033114,7.477138,Plein jour,Hors agglomération,Hors intersection,Normale,Sans collision,3,2,3,0,2,2,1,0,3,70,1,1,0,0,1,0,37.0,,deux_roues,,1,1,1,1,7
201900002978,2019-08-13 17:48:00,2019,8,13,17,48,19,19225,Route de Saint-Privat,45.230127,2.09466,Plein jour,Hors agglomération,Hors intersection,Normale,Sans collision,3,2,2,0,1,1,1,0,1,50,1,2,1,0,1,0,61.0,,deux_roues,,1,1,1,1,7
201900002979,2019-08-16 15:25:00,2019,8,16,15,25,56,56200,Botrel,47.838076,-2.308503,Plein jour,Hors agglomération,Hors intersection,Normale,Sans collision,3,2,2,0,2,3,1,0,3,80,1,1,0,0,1,0,49.0,,deux_roues,,1,1,1,1,7
201900002980,2019-06-10 11:35:00,2019,6,10,11,35,68,68023,D3,48.161114,7.341165,Plein jour,Hors agglomération,Intersection en T,Pluie légère,Deux véhicules - côté,3,2,2,0,1,1,2,0,1,80,2,4,3,0,0,1,70.0,46.0,voiture,voiture,1,1,3,2,3
201900002981,2019-08-13 14:50:00,2019,8,13,14,50,56,56234,Rue Georges Clemenceau,47.520451,-3.135532,Plein jour,En agglomération,Intersection en X,Normale,Deux véhicules - frontale,4,2,2,0,1,1,1,0,1,50,2,2,1,0,1,0,17.0,70.0,deux_roues,voiture,1,2,2,1,1
201900002982,2019-10-22 09:15:00,2019,10,22,9,15,64,64102,D'ARROUSETS (RUE),43.4934599,-1.4503472,Plein jour,En agglomération,Hors intersection,Temps couvert,Sans collision,3,2,2,0,2,1,2,0,1,50,1,1,0,0,0,1,33.0,,voiture,,1,2,1,8,7
201900002983,2019-06-09 14:00:00,2019,6,9,14,0,68,68249,CD11.6 - PK 4.900,48.082206,7.16201,Plein jour,Hors agglomération,Hors intersection,Normale,Sans collision,3,2,2,0,1,2,1,0,1,80,1,1,0,0,1,0,55.0,,deux_roues,,1,1,1,1,7
201900002984,2019-10-22 11:40:00,2019,10,22,11,40,60,60057,GASCOGNE (RUE DE),49.43597,2.09643,Plein jour,En agglomération,Hors intersection,Normale,Autre collision,4,2,-1,-1,1,1,1,0,1,-1,1,2,1,0,0,1,80.0,,voiture,,1,2,1,1,6
201900002985,2019-08-15 16:40:00,2019,8,15,16,40,56,56231,Lieu-dit Kerboulard,47.69589,-2.63369,Plein jour,Hors agglomération,Hors intersection,Normale,Trois véhicules et plus - collisions multiples,3,2,2,0,1,1,1,0,1,50,4,4,3,0,1,0,71.0,55.0,voiture,deux_roues,1,1,1,1,5
201900002986,2019-06-04 10:20:00,2019,6,4,10,20,68,68155,D10,48.113899,7.305433,Plein jour,Hors agglomération,Hors intersection,Normale,Sans collision,3,2,2,0,1,1,1,0,1,80,1,1,0,0,1,0,24.0,,voiture,,1,1,1,1,7
201900002987,2019-08-13 18:49:00,2019,8,13,18,49,59,59089,1382 route de volckerinckhoe,50.858496,2.317591,Crépuscule ou aube,Hors agglomération,Hors intersection,Normale,Sans collision,3,2,2,0,1,2,1,0,8,80,1,1,0,0,1,0,17.0,,deux_roues,,2,1,1,1,7
201900002988,2019-10-22 11:10:00,2019,10,22,11,10,59,59350,DEFRENNE ADOLPHE RUE,50.64955,2.98667,Plein jour,En agglomération,Autre intersection,Normale,Deux véhicules - côté,4,2,0,0,1,1,1,0,1,50,2,2,1,0,0,1,13.0,63.0,deux_roues,voiture,1,2,9,1,3
201900002989,2019-05-31 06:30:00,2019,5,31,6,30,68,68005,rd10,48.118182,7.306441,Plein jour,Hors agglomération,Hors intersection,Normale,Sans collision,3,2,2,0,1,1,1,0,3,80,1,1,0,0,1,0,26.0,,voiture,,1,1,1,1,7
201900002990,2019-08-14 19:00:00,2019,8,14,19,0,67,67066,axe 1420 entre ROTHAU et DEVANT FOUDAY,48.4431059,7.1876163,Plein jour,Hors agglomération,Hors intersection,Normale,Autre collision,3,2,2,0,1,1,1,0,3,80,1,1,0,0,0,1,27.0,,deux_roues,,1,1,1,1,6
201900002991,2019-08-16 16:55:00,2019,8,16,16,55,76,76367,D121,49.504599,1.099601,Plein jour,Hors agglomération,Hors intersection,Normale,Autre collision,3,2,2,0,2,3,1,0,3,80,1,1,0,0,1,0,19.0,,deux_roues,,1,1,1,1,6
201900002992,2019-06-08 13:55:00,2019,6,8,13,55,68,68019,CD 468,48.095981,7.533486,Plein jour,Hors agglomération,Intersection en T,Normale,Deux véhicules - frontale,3,2,1,0,1,1,1,0,1,80,2,2,1,0,1,0,45.0,7.0,deux_roues,deux_roues,1,1,3,1,1
201900002993,2019-10-21 15:00:00,2019,10,21,15,0,59,59239,RD 938,50.42757,3.15541,Plein jour,Hors agglomération,Intersection en X,Temps couvert,Deux véhicules - côté,3,2,2,0,1,1,2,0,3,80,2,2,1,0,0,1,64.0,40.0,deux_roues,utilitaire_camion,1,1,2,8,3
201900002994,2019-08-13 14:40:00,2019,8,13,14,40,79,79213,31 avenue de lauzon,46.609602,-0.235509,Plein jour,En agglomération,Hors intersection,Normale,Deux véhicules - côté,3,2,2,0,1,1,1,0,1,50,2,2,1,0,1,0,53.0,83.0,utilitaire_camion,deux_roues,1,2,1,1,3
201900002995,2019-06-19 11:15:00,2019,6,19,11,15,10,10350,Rue Charles Petit,48.174395,3.798618,Plein jour,En agglomération,Hors intersection,Normale,Deux véhicules - frontale,3,2,2,0,1,3,1,0,1,50,2,2,1,0,1,0,49.0,45.0,utilitaire_camion,utilitaire_camion,1,2,1,1,1
201900002996,2019-10-22 17:50:00,2019,10,22,17,50,59,59431,HOUCKE (AVENUE JULES),50.6833,2.84081,Plein jour,Hors agglomération,Autre intersection,Normale,Deux véhicules - côté,3,2,2,0,3,1,1,5,1,70,2,2,1,0,1,0,60.0,26.0,voiture,utilitaire_camion,1,1,9,1,3
201900002997,2019-07-31 01:00:00,2019,7,31,1,0,79,79340,La Fonzille,46.532174,-0.114168,Nuit sans éclairage public,Hors agglomération,Hors intersection,Normale,Autre collision,3,2,2,0,2,2,1,0,1,80,1,2,1,0,1,0,26.0,,voiture,,3,1,1,1,6
201900002998,2019-06-07 16:50:00,2019,6,7,16,50,10,10003,Avenue Georges Clemenceau (Aix-en-Othe),48.221148,3.727379,Plein jour,En agglomération,Intersection en T,Normale,Autre collision,3,2,2,0,2,1,1,0,1,50,2,4,3,0,1,0,14.0,75.0,deux_roues,voiture,1,2,3,1,6
201900002999,2019-08-13 18:00:00,2019,8,13,18,0,79,79168,,47.002884,-0.336715,Plein jour,Hors agglomération,Intersection en X,Normale,Deux véhicules - arrière,3,2,2,0,4,2,1,0,1,80,2,2,1,0,1,0,49.0,20.0,utilitaire_camion,deux_roues,1,1,2,1,2
201900003000,2019-10-19 04:30:00,2019,10,19,4,30,56,56121,MULLER ( DU COLONEL JEAN ),47.76254,-3.39144,Nuit avec éclairage allumé,En agglomération,Hors intersection,Normale,Sans collision,4,2,2,0,1,1,1,0,1,50,1,2,0,0,0,2,27.0,,voiture,,5,2,1,1,7
201900003001,2019-08-15 19:25:00,2019,8,15,19,25,2A,2A085,T40,41.912025,8.935222,Plein jour,Hors agglomération,Hors intersection,Normale,Sans collision,2,-1,2,0,2,3,1,0,1,80,1,2,0,0,2,0,14.0,,deux_roues,,1,1,1,1,7
201900003002,2019-10-18 17:22:00,2019,10,18,17,22,56,56162,RACINE (RUE JEAN),47.73953,-3.43628,Plein jour,En agglomération,Intersection en X,Normale,Deux véhicules - côté,4,2,2,0,1,1,1,0,1,50,2,2,1,0,0,1,72.0,72.0,voiture,voiture,1,2,2,1,3
201900003003,2019-08-14 09:25:00,2019,8,14,9,25,2B,2B207,Lieu dit MAJO D206,42.460977,9.463587,Plein jour,Hors agglomération,Hors intersection,Normale,Sans collision,3,2,2,0,2,2,9,0,3,80,1,2,1,0,0,1,55.0,,deux_roues,,1,1,1,1,7
201900003004,2019-10-22 19:50:00,2019,10,22,19,50,54,54357,METZ (ROUTE DE),48.713199,6.168146,Crépuscule ou aube,En agglomération,Hors intersection,Normale,Sans collision,4,2,3,3,1,1,1,0,1,50,1,2,1,0,0,1,51.0,,voiture,,2,2,1,1,7
201900003005,2019-08-13 08:30:00,2019,8,13,8,30,80,80444,Rue de la Vallée,50.036577,1.789875,Plein jour,Hors agglomération,Hors intersection,Normale,Sans collision,3,2,2,0,2,4,1,0,1,80,1,1,0,0,0,1,18.0,,deux_roues,,1,1,1,1,7
201900003006,2019-05-10 18:30:00,2019,5,10,18,30,10,10003,Rue du Docteur Georgel (Aix-en-Othe),48.222359,3.74028,Plein jour,En agglomération,Autre intersection,Pluie légère,Deux véhicules - frontale,4,2,2,0,1,1,2,5,1,50,2,2,0,0,1,1,19.0,16.0,deux_roues,deux_roues,1,2,9,2,1
201900003007,2019-10-22 17:30:00,2019,10,22,17,30,54,54526,POTIER (RUE EUGENE),48.688537,6.216156,Plein jour,En agglomération,Hors intersection,Normale,Deux véhicules - arrière,4,2,2,0,1,1,1,0,1,50,2,3,2,0,0,1,25.0,42.0,voiture,voiture,1,2,1,1,2
201900003008,2019-08-14 12:00:00,2019,8,14,12,0,65,65006,PK 6+800- D113,42.8877072,0.321338,Plein jour,Hors agglomération,Hors intersection,Normale,Deux véhicules - arrière,3,2,2,0,2,1,1,0,1,80,2,6,5,0,0,1,37.0,50.0,deux_roues,voiture,1,1,1,1,2
201900003009,2019-06-02 09:45:00,2019,6,2,9,45,10,10067,Route de Maisons Blanches,48.231336,4.112743,Plein jour,En agglomération,Hors intersection,Normale,Deux véhicules - côté,3,2,2,0,1,1,1,0,1,50,2,3,2,0,1,0,57.0,28.0,voiture,voiture,1,2,1,1,3
201900003010,2019-08-14 12:00:00,2019,8,14,12,0,65,65138,D 920,42.855629,-0.12805,Plein jour,Hors agglomération,Hors intersection,Normale,Autre collision,3,2,2,0,2,3,1,0,1,80,2,2,1,0,1,0,33.0,36.0,deux_roues,voiture,1,1,1,1,6
201900003011,2019-10-22 21:30:00,2019,10,22,21,30,51,51055,RUE ALAIN COLAS,49.2713472,4.0449361,Nuit avec éclairage allumé,En agglomération,Intersection en T,Normale,Deux véhicules - côté,4,2,2,0,1,1,1,0,1,30,2,4,2,0,0,2,20.0,40.0,voiture,voiture,5,2,3,1,3
201900003012,2019-06-19 14:30:00,2019,6,19,14,30,28,28123,Thoreau,48.22085,1.101403,Plein jour,Hors agglomération,Hors intersection,Normale,Autre collision,3,2,1,0,2,1,1,0,3,80,1,4,0,0,2,2,66.0,,voiture,,1,1,1,1,6
201900003013,2019-06-04 16:15:00,2019,6,4,16,15,974,97422,161 Rue Georges Pompidou,-21.255737,55.5226,Plein jour,En agglomération,Hors intersection,Normale,Autre collision,2,2,2,0,2,1,1,6,1,50,1,2,1,0,0,1,36.0,,deux_roues,,1,2,1,1,6
201900003014,2019-10-22 17:20:00,2019,10,22,17,20,45,45234,AV DES DROITS DE L'HOMME - R DU PETIT PONT,47.9226165,1.9296393,Plein jour,En agglomération,Intersection en X,Normale,Deux véhicules - côté,4,3,4,0,1,1,1,0,1,50,2,3,1,0,0,2,50.0,37.0,voiture,voiture,1,2,2,1,3
201900003015,2019-08-14 08:50:00,2019,8,14,8,50,33,33514,RD101E1 59 Boulevard de l'Amélie,45.488147,-1.14625,Plein jour,En agglomération,Hors intersection,Normale,Autre collision,3,2,2,1,2,1,1,0,1,50,1,2,1,0,0,1,42.0,,voiture,,1,2,1,1,6
201900003016,2019-06-15 07:50:00,2019,6,15,7,50,974,97405,RN2,-21.365101,55.550791,Plein jour,Hors agglomération,Hors intersection,Normale,Deux véhicules - frontale,2,2,3,0,2,1,1,0,1,80,2,4,3,0,0,1,52.0,24.0,voiture,voiture,1,1,1,1,1
201900003017,2019-06-13 00:45:00,2019,6,13,0,45,974,97412,Rue Marcel Pagnol,-21.374153,55.668452,Nuit sans éclairage public,Hors agglomération,Hors intersection,Pluie légère,Autre collision,2,2,2,0,1,2,2,0,1,70,1,1,0,0,1,0,26.0,,voiture,,3,1,1,2,6