accident_id,datetime,annee,mois,jour,heure,minute,departement,commune_insee,adresse,latitude,longitude,luminosite,agglomeration,intersection,meteo,collision,catr,circ,nbv,vosp,prof,plan,surf,infra,situ,vma,nb_vehicules,nb_usagers,nb_indemnes,nb_tues,nb_blesses_hosp,nb_blesses_legers,age_cond_1,age_cond_2,veh_type_cond_1,veh_type_cond_2,lum_code,agg_code,int_code,atm_code,col_code
201900003018,2019-08-12 13:45:00,2019,8,12,13,45,33,33125,CD 1215  route de Margales,45.22876,-0.87989,Plein jour,Hors agglomération,Intersection en T,Normale,Deux véhicules - arrière,3,2,2,0,1,1,1,0,1,80,2,2,1,0,1,0,59.0,15.0,voiture,deux_roues,1,1,3,1,2
201900003019,2019-10-22 09:10:00,2019,10,22,9,10,38,38185,AUTOROUTE A 480,45.18714,5.70274,Plein jour,En agglomération,Hors intersection,Pluie légère,Trois véhicules et plus - en chaîne,1,1,3,0,1,1,2,3,1,70,3,4,2,0,1,1,37.0,48.0,voiture,voiture,1,2,1,2,4
201900003020,2019-08-16 13:45:00,2019,8,16,13,45,33,33382,La Perotine,45.138921,-0.496056,Plein jour,Hors agglomération,Hors intersection,Normale,Autre collision,4,2,2,0,1,3,1,0,1,50,1,2,1,0,1,0,22.0,,voiture,,1,1,1,1,6
201900003021,2019-06-19 15:25:00,2019,6,19,15,25,972,97222,RN1 - AUGRAIN,14.6697,-60.959661,Plein jour,Hors agglomération,Hors intersection,Normale,Deux véhicules - côté,2,2,2,0,2,1,1,0,1,-1,2,3,2,0,1,0,50.0,51.0,voiture,deux_roues,1,1,1,1,3
201900003022,2019-10-22 09:44:00,2019,10,22,9,44,37,37261,VAILLANT (RUE EDOUARD),47.3854798,0.6997778,Plein jour,En agglomération,Hors intersection,Normale,Autre collision,4,2,2,0,1,1,1,0,1,50,1,2,1,0,0,1,33.0,,utilitaire_camion,,1,2,1,1,6
201900003023,2019-06-11 06:00:00,2019,6,11,6,0,972,97212,Chemin Gond,14.732175,-61.02076,Plein jour,Hors agglomération,Hors intersection,Normale,Trois véhicules et plus - collisions multiples,3,2,2,0,4,3,1,0,1,70,3,3,1,1,1,0,58.0,30.0,voiture,voiture,1,1,1,1,5
201900003024,2019-08-16 17:28:00,2019,8,16,17,28,81,81055,42 Rue de la Fontaine,43.4125216,2.077037,Plein jour,En agglomération,Hors intersection,Normale,Deux véhicules - côté,3,2,2,0,1,1,1,0,1,50,2,2,1,0,0,1,62.0,36.0,deux_roues,voiture,1,2,1,1,3
201900003025,2019-06-10 01:48:00,2019,6,10,1,48,972,97207,ROUTE DEPARTEMENTALE 5,14.571657,-60.961335,Nuit avec éclairage allumé,En agglomération,Hors intersection,Normale,Autre collision,3,2,2,0,2,1,1,0,3,50,1,1,0,1,0,0,,,,,5,2,1,1,6
201900003026,2019-08-14 00:45:00,2019,8,14,0,45,11,11337,D111,43.202777,2.628664,Nuit sans éclairage public,Hors agglomération,Hors intersection,Normale,Deux véhicules - frontale,3,2,2,0,1,1,1,0,1,80,2,2,0,0,0,2,32.0,36.0,voiture,voiture,3,1,1,1,1
201900003027,2019-10-22 14:45:00,2019,10,22,14,45,35,35238,VALLES (JULES),48.1028325,-1.7152196,Plein jour,En agglomération,Intersection en Y,Normale,Deux véhicules - côté,2,1,1,0,1,3,1,3,1,50,2,2,1,0,0,1,91.0,29.0,voiture,utilitaire_camion,1,2,4,1,3
201900003028,2019-08-14 11:20:00,2019,8,14,11,20,71,71183,D225 PK 12+800,46.889726,4.580505,Plein jour,Hors agglomération,Hors intersection,Normale,Deux véhicules - frontale,3,2,2,0,2,3,1,0,1,80,2,2,0,0,1,1,64.0,32.0,voiture,voiture,1,1,1,1,1
201900003029,2019-06-09 19:00:00,2019,6,9,19,0,972,97210,Petite France,14.589917,-60.881479,Nuit sans éclairage public,Hors agglomération,Hors intersection,Normale,Deux véhicules - frontale,2,3,2,0,1,1,1,0,1,50,2,4,0,0,1,3,78.0,54.0,voiture,voiture,3,1,1,1,1
201900003030,2019-06-09 00:15:00,2019,6,9,0,15,972,97232,Beaujolais,14.520937,-60.860741,Nuit avec éclairage non allumé,Hors agglomération,Hors intersection,Pluie légère,Autre collision,3,2,2,0,2,2,2,0,3,-1,1,1,0,0,1,0,48.0,,voiture,,4,1,1,2,6
201900003031,2019-08-13 13:45:00,2019,8,13,13,45,61,61156,D42 entre Essay et le Mele Sur Sarthe,48.53488,0.269365,Plein jour,Hors agglomération,Hors intersection,Normale,Deux véhicules - arrière,3,2,2,0,1,1,1,0,1,80,2,2,1,0,1,0,22.0,57.0,deux_roues,voiture,1,1,1,1,2
201900003032,2019-08-14 15:00:00,2019,8,14,15,0,55,55334,RN4 sens PARIS - NANCY au PK : 44+120,48.704791,5.524635,Plein jour,Hors agglomération,Hors intersection,Normale,Autre collision,2,3,4,0,2,1,1,2,8,110,1,2,0,1,1,0,80.0,,voiture,,1,1,1,1,6
201900003033,2019-06-05 17:50:00,2019,6,5,17,50,972,97210,Cotonnerie Sud,14.606419,-60.909536,Plein jour,Hors agglomération,Hors intersection,Normale,Deux véhicules - frontale,3,2,2,0,1,2,1,0,1,80,2,3,1,0,1,1,60.0,46.0,transport_commun,voiture,1,1,1,1,1
201900003034,2019-08-14 19:10:00,2019,8,14,19,10,12,12004,RD 508,44.605392,2.288853,Plein jour,Hors agglomération,Hors intersection,Normale,Autre collision,3,2,2,0,1,1,1,0,1,80,1,1,0,0,1,0,43.0,,voiture,,1,1,1,1,6
201900003035,2019-06-09 15:50:00,2019,6,9,15,50,62,62078,1250 Rue du Camp du Drap d'Or,50.859902,1.943566,Plein jour,En agglomération,Hors intersection,Normale,Autre collision,3,2,2,0,1,3,2,0,1,50,1,1,0,0,1,0,43.0,,deux_roues,,1,2,1,1,6
201900003036,2019-08-15 07:55:00,2019,8,15,7,55,12,12239,RD 45 - PK 13+322,44.429019,2.962818,Plein jour,Hors agglomération,Intersection en X,Pluie légère,Deux véhicules - côté,3,2,2,0,1,1,1,0,1,80,2,2,1,1,0,0,69.0,67.0,voiture,deux_roues,1,1,2,2,3
201900003037,2019-06-14 14:25:00,2019,6,14,14,25,27,27278,D836,48.902739,1.448456,Plein jour,Hors agglomération,Hors intersection,Normale,Sans collision,3,2,2,0,1,1,1,0,3,80,1,3,2,0,1,0,25.0,,voiture,,1,1,1,1,7
201900003038,2019-06-08 06:30:00,2019,6,8,6,30,11,11041,la tuilerie,43.308233,2.860315,Plein jour,Hors agglomération,Hors intersection,Normale,Autre collision,3,2,2,0,1,1,1,2,3,80,1,1,0,0,1,0,27.0,,voiture,,1,1,1,1,6
201900003039,2019-08-15 11:10:00,2019,8,15,11,10,12,12238,D911  PR 021+460,44.23621,2.977946,Plein jour,Hors agglomération,Hors intersection,Normale,Deux véhicules - frontale,3,2,2,0,2,1,1,0,1,80,2,6,0,0,1,5,52.0,58.0,voiture,voiture,1,1,1,1,1
201900003040,2019-08-13 19:50:00,2019,8,13,19,50,12,12120,RN 88 - PK 25+800,44.384403,2.80813,Plein jour,Hors agglomération,Hors intersection,Normale,Trois véhicules et plus - collisions multiples,2,2,2,0,1,1,1,0,1,80,3,6,5,0,0,1,23.0,67.0,voiture,voiture,1,1,1,1,5
201900003041,2019-10-21 09:20:00,2019,10,21,9,20,35,35238,LECLERC (AVENUE DU GENERAL),48.11389,-1.63979,Plein jour,En agglomération,Intersection en T,Normale,Deux véhicules - côté,4,3,4,3,1,1,1,5,1,30,2,4,1,1,0,2,36.0,51.0,deux_roues,transport_commun,1,2,3,1,3
201900003042,2019-06-01 01:30:00,2019,6,1,1,30,11,11077,Avenue des Corbières,43.231468,2.675346,Nuit sans éclairage public,Hors agglomération,Hors intersection,Normale,Autre collision,3,2,2,0,1,1,1,0,3,80,1,1,0,1,0,0,50.0,,deux_roues,,3,1,1,1,6
201900003043,2019-10-22 09:10:00,2019,10,22,9,10,34,34172,SAINT LAZARE (AVENUE DE),43.61916,3.88658,Plein jour,En agglomération,Hors intersection,Pluie légère,Autre collision,4,2,2,0,1,1,2,0,1,50,1,2,1,0,0,1,59.0,,voiture,,1,2,1,2,6
201900003044,2019-08-15 03:45:00,2019,8,15,3,45,42,42081,Route Bellegarde,45.620003,4.269412,Nuit sans éclairage public,Hors agglomération,Passage à niveau,Normale,Deux véhicules - frontale,4,2,2,0,3,1,1,4,1,70,2,5,1,0,1,3,18.0,19.0,voiture,voiture,3,1,8,1,1
201900003045,2019-06-08 15:45:00,2019,6,8,15,45,84,84029,Route de Jonquières,44.152063,4.884916,Plein jour,Hors agglomération,Hors intersection,Normale,Deux véhicules - arrière,3,2,2,0,1,1,1,0,1,80,2,2,1,0,0,1,53.0,42.0,deux_roues,voiture,1,1,1,1,2
201900003046,2019-06-08 20:20:00,2019,6,8,20,20,26,26166,AUTOROUTE A7,44.75883,4.794214,Crépuscule ou aube,Hors agglomération,Autre intersection,Normale,Autre collision,1,3,5,0,1,3,1,3,2,50,1,1,0,0,1,0,51.0,,deux_roues,,2,1,9,1,6
201900003047,2019-08-14 02:45:00,2019,8,14,2,45,42,42100,Le Mazot,45.556071,4.40687,Nuit sans éclairage public,Hors agglomération,Hors intersection,Normale,Autre collision,4,2,2,0,2,2,1,0,3,50,1,2,0,1,0,1,20.0,,voiture,,3,1,1,1,6
201900003048,2019-06-17 17:50:00,2019,6,17,17,50,63,63248,Rue Charles de Gaulle,45.7151394,2.9015869,Plein jour,Hors agglomération,Intersection en T,Normale,Autre collision,4,2,2,0,4,2,1,0,3,80,1,1,0,0,1,0,57.0,,voiture,,1,1,3,1,6
201900003049,2019-10-20 19:25:00,2019,10,20,19,25,34,34032,ROUTE DEPARTEMENTALE 612,43.35625,3.2499,Nuit sans éclairage public,Hors agglomération,Hors intersection,Normale,Trois véhicules et plus - collisions multiples,3,2,2,0,1,1,1,0,1,80,3,6,2,0,3,1,52.0,54.0,voiture,voiture,3,1,1,1,5
201900003050,2019-08-14 10:20:00,2019,8,14,10,20,47,47217,Marmounet RD 110,44.199571,0.798364,Plein jour,Hors agglomération,Hors intersection,Normale,Deux véhicules - frontale,3,2,2,0,4,2,1,0,1,80,2,3,2,0,1,0,55.0,48.0,voiture,voiture,1,1,1,1,1
201900003051,2019-07-26 16:30:00,2019,7,26,16,30,41,41154,La Guizonniere,47.904223,1.25518,Plein jour,Hors agglomération,Hors intersection,Normale,Autre collision,3,2,2,0,1,1,1,0,3,80,1,1,0,1,0,0,63.0,,voiture,,1,1,1,1,6
201900003052,2019-06-12 15:40:00,2019,6,12,15,40,63,63071,le bourg  RD68 t R52,45.767478,2.897415,Plein jour,En agglomération,Intersection en Y,Normale,Deux véhicules - frontale,3,2,2,0,1,1,1,9,1,50,2,2,1,0,0,1,46.0,18.0,deux_roues,voiture,1,2,4,1,1
201900003053,2019-08-15 01:45:00,2019,8,15,1,45,34,34332,Avenue de la Méditerranée,43.29688,3.417744,Nuit avec éclairage allumé,En agglomération,Hors intersection,Normale,Autre collision,3,2,2,0,1,1,1,6,1,50,1,2,1,0,1,0,41.0,,voiture,,5,2,1,1,6
201900003054,2019-10-20 02:52:00,2019,10,20,2,52,33,33063,82 QUAI DES CHARTRONS,44.85348,-0.5667,Nuit avec éclairage allumé,En agglomération,Hors intersection,Pluie forte,Deux véhicules - arrière,4,3,9,-1,1,1,2,9,1,50,2,3,1,1,1,0,25.0,27.0,deux_roues,voiture,5,2,1,3,2
201900003055,2019-07-22 08:45:00,2019,7,22,8,45,34,34284,col de saint colombe,43.425086,2.737534,Plein jour,En agglomération,Hors intersection,Normale,Sans collision,3,2,2,0,2,2,1,0,1,80,1,1,0,0,1,0,40.0,,utilitaire_camion,,1,2,1,1,7
201900003056,2019-05-30 20:00:00,2019,5,30,20,0,63,63116,Avenue Étienne Clementel,45.982799,3.088046,Plein jour,En agglomération,Intersection en X,Normale,Trois véhicules et plus - en chaîne,3,2,2,0,1,1,1,5,1,50,3,8,5,0,0,3,23.0,70.0,voiture,voiture,1,2,2,1,4
201900003057,2019-06-16 18:43:00,2019,6,16,18,43,88,88256,11 Rue des Champs d'Armenil,48.173242,6.75877,Plein jour,Hors agglomération,Hors intersection,Normale,Deux véhicules - frontale,3,2,2,0,1,1,1,0,1,-1,2,2,0,0,2,0,39.0,47.0,voiture,voiture,1,1,1,1,1
201900003058,2019-08-14 09:55:00,2019,8,14,9,55,68,68258,Route Départementale 2,47.826854,7.286668,Plein jour,Hors agglomération,Intersection en X,Normale,Deux véhicules - côté,3,4,2,0,3,1,1,2,1,80,2,2,1,0,0,1,26.0,31.0,deux_roues,voiture,1,1,2,1,3
201900003059,2019-10-19 14:54:00,2019,10,19,14,54,31,31555,BD LAZARE CARNOT,43.60371,1.4508,Plein jour,En agglomération,Hors intersection,Normale,Deux véhicules - côté,4,3,2,3,1,1,1,0,1,50,2,3,2,0,0,1,29.0,31.0,voiture,deux_roues,1,2,1,1,3
201900003060,2019-10-22 09:40:00,2019,10,22,9,40,31,31344,ASPET (ROUTE),43.0935,0.7536,Plein jour,Hors agglomération,Autre intersection,Pluie légère,Sans collision,3,1,1,0,1,2,2,0,1,70,1,1,0,0,0,1,18.0,,deux_roues,,1,1,9,2,7
201900003061,2019-10-22 13:30:00,2019,10,22,13,30,30,30007,CASSIN (RUE RENE),44.10762,4.0978,Plein jour,En agglomération,Hors intersection,Pluie légère,Deux véhicules - côté,4,2,2,0,1,1,2,0,1,50,2,4,1,0,2,1,62.0,18.0,utilitaire_camion,voiture,1,2,1,2,3
201900003062,2019-06-16 14:50:00,2019,6,16,14,50,46,46201,Route du lac,44.341572,1.192555,Plein jour,Hors agglomération,Hors intersection,Normale,Autre collision,3,2,2,0,2,1,1,0,3,80,1,2,1,0,1,0,73.0,,voiture,,1,1,1,1,6
201900003063,2019-10-19 12:20:00,2019,10,19,12,20,28,28085,FRANCE (MAIL ANATOLE),48.446,1.526,Plein jour,En agglomération,Hors intersection,Normale,Deux véhicules - côté,4,2,2,0,2,3,2,0,1,50,2,3,2,0,1,0,72.0,68.0,voiture,deux_roues,1,2,1,1,3
201900003064,2019-06-03 15:30:00,2019,6,3,15,30,41,41161,Autoroute A71,47.547518,2.008647,Plein jour,Hors agglomération,Hors intersection,Normale,Deux véhicules - côté,1,3,2,0,1,1,1,0,1,130,2,5,1,0,0,4,63.0,53.0,voiture,utilitaire_camion,1,1,1,1,3
201900003065,2019-10-17 18:50:00,2019,10,17,18,50,24,24037,boulevard J.SANTRAILLE,44.85946,0.48404,Crépuscule ou aube,En agglomération,Hors intersection,Normale,Autre collision,4,2,2,0,1,1,1,0,1,50,1,3,2,0,1,0,16.0,,voiture,,2,2,1,1,6
201900003066,2019-08-15 15:25:00,2019,8,15,15,25,68,68338,Route de Colmar,48.084923,7.286893,Plein jour,En agglomération,Giratoire,Pluie légère,Deux véhicules - arrière,3,2,2,0,1,1,2,5,1,50,2,4,3,0,0,1,22.0,21.0,voiture,voiture,1,2,6,2,2
201900003067,2019-05-28 16:40:00,2019,5,28,16,40,41,41046,autoroute A71,47.625943,1.959064,Plein jour,Hors agglomération,Hors intersection,Normale,Autre collision,1,1,4,0,1,1,1,0,3,-1,1,1,0,0,0,1,74.0,,voiture,,1,1,1,1,6
201900003068,2019-08-13 11:30:00,2019,8,13,11,30,22,22131,Le Dresnay,48.50332,-3.462268,Plein jour,Hors agglomération,Hors intersection,Temps couvert,Autre collision,3,2,2,0,2,3,1,0,1,80,2,3,2,0,0,1,17.0,75.0,utilitaire_camion,voiture,1,1,1,8,6
201900003069,2019-06-16 11:20:00,2019,6,16,11,20,76,76167,Rue d'Ecqueville,49.5857,0.1207,Plein jour,En agglomération,Intersection en T,Normale,Deux véhicules - côté,4,2,-1,-1,1,1,1,0,1,-1,2,3,2,0,0,1,36.0,52.0,deux_roues,voiture,1,2,3,1,3
201900003070,2019-08-13 17:40:00,2019,8,13,17,40,22,22122,N164,48.184722,-2.536089,Plein jour,Hors agglomération,Intersection en T,Normale,Deux véhicules - arrière,2,2,2,0,1,1,1,0,1,80,2,4,3,0,0,1,41.0,36.0,voiture,voiture,1,1,3,1,2
201900003071,2019-10-22 14:50:00,2019,10,22,14,50,17,17200,GONTHIERES   RUE DES (99 et 11),46.178889,-1.14631,Plein jour,En agglomération,Hors intersection,Normale,Deux véhicules - côté,4,2,2,0,1,1,1,0,1,50,2,3,1,0,0,2,71.0,16.0,voiture,deux_roues,1,2,1,1,3
201900003072,2019-06-10 23:10:00,2019,6,10,23,10,28,28006,N123,48.436717,1.430372,Nuit sans éclairage public,Hors agglomération,Giratoire,Normale,Sans collision,2,3,2,0,1,1,1,5,3,90,1,1,0,0,1,0,30.0,,voiture,,3,1,6,1,7
201900003073,2019-10-22 12:55:00,2019,10,22,12,55,17,17291,LIBERATION   RUE DE LA,46.1768,-1.11439,Plein jour,En agglomération,Hors intersection,Normale,Autre collision,6,-1,0,0,1,1,1,0,8,50,1,2,1,0,0,1,38.0,,voiture,,1,2,1,1,6
201900003074,2019-06-02 15:18:00,2019,6,2,15,18,28,28022,RD 939,48.498343,1.365495,Plein jour,Hors agglomération,Hors intersection,Normale,Autre collision,3,2,2,0,2,1,1,0,8,80,1,1,0,0,1,0,19.0,,voiture,,1,1,1,1,6
201900003075,2019-10-22 00:00:00,2019,10,22,0,0,30,30032,COMPS ROUTE DE,43.8154,4.6306,Nuit sans éclairage public,Hors agglomération,Hors intersection,Pluie légère,Autre collision,4,-1,2,0,1,1,2,0,1,50,1,1,0,0,1,0,25.0,,voiture,,3,1,1,2,6
201900003076,2019-06-01 15:00:00,2019,6,1,15,0,28,28269,Rue de Chartres,48.395566,1.492814,Plein jour,En agglomération,Intersection en X,Normale,Deux véhicules - côté,3,2,2,0,1,1,1,0,1,50,2,2,1,0,1,0,91.0,24.0,deux_roues,voiture,1,2,2,1,3
201900003077,2019-06-12 07:45:00,2019,6,12,7,45,68,68300,Rue de la Fabrique,47.779659,7.365075,Plein jour,En agglomération,Giratoire,Pluie légère,Deux véhicules - arrière,3,2,2,1,1,1,2,5,1,50,2,2,1,0,0,1,50.0,54.0,deux_roues,voiture,1,2,6,2,2
201900003078,2019-10-22 17:00:00,2019,10,22,17,0,13,13209,GASTON RAMON (BOULEVARD),43.266828,5.395397,Plein jour,En agglomération,Hors intersection,Temps couvert,Deux véhicules - côté,4,2,4,0,1,1,2,0,1,50,2,2,0,0,0,2,20.0,42.0,voiture,voiture,1,2,1,8,3
201900003079,2019-10-22 17:15:00,2019,10,22,17,15,13,13215,DE SAINT LOUIS AU ROVE (chemin),43.3547511,5.3486788,Plein jour,En agglomération,Hors intersection,Pluie légère,Deux véhicules - frontale,3,2,0,0,1,1,2,0,1,50,2,2,0,0,2,0,50.0,19.0,voiture,voiture,1,2,1,2,1
201900003080,2019-05-26 11:35:00,2019,5,26,11,35,64,64554,RD945,43.4193325,-0.4691778,Plein jour,Hors agglomération,Intersection en T,Normale,Deux véhicules - côté,3,2,2,0,1,1,1,0,1,80,2,2,0,0,1,1,73.0,68.0,voiture,voiture,1,1,3,1,3
201900003081,2019-06-13 17:25:00,2019,6,13,17,25,12,12197,La Rivaldie,43.98528,2.526041,Plein jour,Hors agglomération,Hors intersection,Normale,Deux véhicules - frontale,4,2,2,0,2,2,1,0,1,80,2,2,1,0,1,0,66.0,78.0,deux_roues,voiture,1,1,1,1,1
201900003082,2019-10-22 13:30:00,2019,10,22,13,30,13,13216,PRADEL (traverse du),43.357232,5.344898,Plein jour,En agglomération,Intersection en Y,Temps couvert,Deux véhicules - côté,4,2,2,0,1,1,1,0,1,50,2,2,1,0,0,1,56.0,23.0,voiture,voiture,1,2,4,8,3
201900003083,2019-06-11 15:20:00,2019,6,11,15,20,12,12267,RD 902 PK 33+500,44.075604,2.526626,Plein jour,Hors agglomération,Hors intersection,Normale,Deux véhicules - frontale,3,2,2,0,1,2,1,0,1,80,2,2,1,1,0,0,43.0,69.0,utilitaire_camion,voiture,1,1,1,1,1
201900003084,2019-10-22 13:15:00,2019,10,22,13,15,13,13210,ROMAIN ROLLAND (BOULEVARD),43.2725341,5.4112762,Plein jour,En agglomération,Hors intersection,Normale,Autre collision,4,2,3,0,1,1,1,0,1,50,1,2,1,0,0,1,41.0,,voiture,,1,2,1,1,6
201900003085,2019-06-17 00:30:00,2019,6,17,0,30,35,35219,Le Fresche,47.800391,-1.901509,Nuit sans éclairage public,Hors agglomération,Hors intersection,Normale,Autre collision,4,2,2,0,1,2,1,0,3,-1,1,1,0,0,1,0,32.0,,voiture,,3,1,1,1,6
201900003086,2019-10-21 10:30:00,2019,10,21,10,30,10,10387,boulevard Gambetta,48.01077,4.0259,Plein jour,En agglomération,Hors intersection,Temps couvert,Sans collision,4,2,3,0,1,1,2,0,1,50,1,1,0,0,1,0,,,,,1,2,1,8,7
201900003087,2019-08-11 10:40:00,2019,8,11,10,40,25,25405,CD 437,46.835081,6.344175,Plein jour,Hors agglomération,Hors intersection,Normale,Deux véhicules - côté,3,3,2,0,3,3,1,0,1,70,2,6,4,0,1,1,54.0,61.0,deux_roues,voiture,1,1,1,1,3
201900003088,2019-04-16 15:30:00,2019,4,16,15,30,35,35219,La Glochais,47.828951,-1.950293,Plein jour,Hors agglomération,Hors intersection,Normale,Autre collision,3,2,2,0,2,3,1,0,1,80,1,1,0,0,1,0,57.0,,deux_roues,,1,1,1,1,6
201900003089,2019-08-16 17:30:00,2019,8,16,17,30,25,25050,Carrefour D461 e D242,47.11792,6.614027,Plein jour,Hors agglomération,Intersection en X,Normale,Sans collision,3,2,2,0,3,1,1,0,3,80,1,1,0,0,1,0,15.0,,deux_roues,,1,1,2,1,7
201900003090,2019-10-22 13:10:00,2019,10,22,13,10,75,75116,BD PERIPHERIQUE EXTERIEUR,48.851484,2.252049,Plein jour,En agglomération,Hors intersection,Normale,Trois véhicules et plus - en chaîne,4,1,4,0,1,1,1,0,1,70,3,4,3,0,0,1,21.0,38.0,utilitaire_camion,voiture,1,2,1,1,4
201900003091,2019-06-02 10:20:00,2019,6,2,10,20,83,83036,260 Avenue des Alliés,43.172047,6.529853,Plein jour,En agglomération,Hors intersection,Normale,Autre collision,9,1,1,0,1,1,1,0,8,50,1,7,1,0,0,6,64.0,,voiture,,1,2,1,1,6
201900003092,2019-08-15 12:52:00,2019,8,15,12,52,25,25112,20 Chemin de Port Arthur,47.263272,6.067685,Plein jour,En agglomération,Hors intersection,Normale,Autre collision,3,2,2,0,2,4,1,0,3,50,1,1,0,0,1,0,24.0,,voiture,,1,2,1,1,6
201900003093,2019-06-08 15:15:00,2019,6,8,15,15,54,54322,25 Route de Viviers,49.456455,5.599962,Plein jour,En agglomération,Intersection en T,Normale,Deux véhicules - frontale,3,2,2,0,2,3,1,0,8,50,2,3,1,0,0,2,64.0,60.0,voiture,deux_roues,1,2,3,1,1
201900003094,2019-08-14 11:50:00,2019,8,14,11,50,44,44044,Cotidel,47.657068,-1.783309,Plein jour,Hors agglomération,Intersection en X,Normale,Deux véhicules - côté,3,2,2,0,1,1,1,5,1,-1,2,2,1,0,1,0,47.0,28.0,voiture,voiture,1,1,2,1,3
201900003095,2019-10-22 08:15:00,2019,10,22,8,15,75,75119,BD PERIPHERIQUE EXTERIEUR,48.900429,2.383466,Plein jour,En agglomération,Hors intersection,Normale,Trois véhicules et plus - en chaîne,4,1,4,0,1,1,1,0,1,70,6,7,5,0,0,2,35.0,28.0,deux_roues,deux_roues,1,2,1,1,4
201900003096,2019-06-09 14:02:00,2019,6,9,14,2,1,01209,ROUTE DEPARTEMENTALE 1206,46.092238,5.871912,Plein jour,Hors agglomération,Hors intersection,Pluie légère,Deux véhicules - arrière,3,2,2,0,1,1,2,0,1,80,2,2,1,1,0,0,65.0,22.0,deux_roues,voiture,1,1,1,2,2
201900003097,2019-08-15 08:38:00,2019,8,15,8,38,35,35223,N24,47.956973,-2.091785,Plein jour,Hors agglomération,Hors intersection,Normale,Deux véhicules - arrière,2,3,4,0,2,3,1,0,1,110,2,3,0,0,2,1,64.0,31.0,deux_roues,voiture,1,1,1,1,2
201900003098,2019-06-02 21:25:00,2019,6,2,21,25,1,01109,D 1206,46.122111,5.896326,Crépuscule ou aube,Hors agglomération,Intersection en Y,Normale,Deux véhicules - côté,3,2,2,0,4,2,1,0,8,70,2,3,1,1,1,0,29.0,30.0,voiture,voiture,2,1,4,1,3
201900003099,2019-06-07 18:50:00,2019,6,7,18,50,22,22097,RN 176 PR 023+100,48.4260562,-2.1900754,Plein jour,Hors agglomération,Hors intersection,Vent fort / tempête,Deux véhicules - arrière,2,3,4,0,1,1,1,0,3,110,2,3,2,0,0,1,35.0,72.0,voiture,voiture,1,1,1,6,2
201900003100,2019-06-17 06:30:00,2019,6,17,6,30,22,22228,RN 12 PR 115 +0525 GAUCHE,48.557332,-3.48297,Plein jour,Hors agglomération,Hors intersection,Normale,Deux véhicules - arrière,2,3,4,-1,1,1,1,0,1,80,2,2,1,0,0,1,29.0,19.0,utilitaire_camion,utilitaire_camion,1,1,1,1,2
201900003101,2019-08-04 06:00:00,2019,8,4,6,0,35,35302,N164,48.190919,-2.162764,Nuit sans éclairage public,Hors agglomération,Hors intersection,Normale,Autre collision,4,2,2,0,1,3,1,0,3,80,1,1,0,0,1,0,26.0,,voiture,,3,1,1,1,6
201900003102,2019-10-22 16:00:00,2019,10,22,16,0,75,75104,BOULEVARD DU PALAIS,48.8561897,2.3464764,Plein jour,En agglomération,Intersection en X,Normale,Deux véhicules - côté,4,1,2,3,1,1,1,-1,6,50,2,6,2,0,0,4,39.0,32.0,voiture,voiture,1,2,2,1,3
201900003103,2019-06-14 17:37:00,2019,6,14,17,37,22,22225,Route Nationale12 PR 087+0500,48.552573,-3.127378,Plein jour,Hors agglomération,Hors intersection,Normale,Deux véhicules - arrière,2,3,4,-1,2,1,1,3,1,110,2,4,1,0,0,3,24.0,55.0,voiture,voiture,1,1,1,1,2
201900003104,2019-08-15 11:05:00,2019,8,15,11,5,29,29274,Cleun Beuz,47.990272,-3.661246,Plein jour,Hors agglomération,Hors intersection,Temps couvert,Sans collision,3,2,2,0,1,2,2,0,1,80,1,1,0,0,0,1,22.0,,deux_roues,,1,1,1,8,7
201900003105,2019-08-16 17:50:00,2019,8,16,17,50,29,29020,ROSCULEC,48.101949,-3.99678,Plein jour,En agglomération,Giratoire,Pluie légère,Deux véhicules - frontale,4,1,1,0,1,2,2,0,1,-1,2,1,0,0,0,1,71.0,,voiture,,1,2,6,2,1
201900003106,2019-10-20 05:00:00,2019,10,20,5,0,75,75107,AVENUE BOSQUET,48.860319,2.302784,Nuit avec éclairage allumé,En agglomération,Hors intersection,Pluie légère,Deux véhicules - frontale,4,1,2,-1,1,1,2,0,1,30,2,4,1,0,1,2,50.0,17.0,voiture,deux_roues,5,2,1,2,1
201900003107,2019-06-12 18:00:00,2019,6,12,18,0,14,14061,D53 Saint Martin des Besaces-,49.0012749,-0.8403007,Crépuscule ou aube,Hors agglomération,Intersection en T,Pluie légère,Deux véhicules - côté,3,2,2,0,4,1,2,0,1,80,2,2,1,0,1,0,39.0,16.0,voiture,deux_roues,2,1,3,2,3
201900003108,2019-08-07 13:45:00,2019,8,7,13,45,31,31100,D 11,43.317116,1.619629,Plein jour,Hors agglomération,Hors intersection,Normale,Autre collision,3,2,2,0,1,1,1,0,1,80,1,1,0,0,1,0,76.0,,voiture,,1,1,1,1,6
201900003109,2019-08-13 19:40:00,2019,8,13,19,40,31,31076,Route Départementale 817,43.111175,0.634548,Plein jour,Hors agglomération,Hors intersection,Normale,Autre collision,3,2,2,0,1,1,1,0,3,80,1,1,0,0,1,0,47.0,,voiture,,1,1,1,1,6