accident_id,datetime,annee,mois,jour,heure,minute,departement,commune_insee,adresse,latitude,longitude,luminosite,agglomeration,intersection,meteo,collision,catr,circ,nbv,vosp,prof,plan,surf,infra,situ,vma,nb_vehicules,nb_usagers,nb_indemnes,nb_tues,nb_blesses_hosp,nb_blesses_legers,age_cond_1,age_cond_2,veh_type_cond_1,veh_type_cond_2,lum_code,agg_code,int_code,atm_code,col_code
201900003202,2019-06-05 18:35:00,2019,6,5,18,35,12,12291,a75 pk 205+600,44.226747,3.069099,Plein jour,Hors agglomération,Hors intersection,Pluie forte,Autre collision,1,3,4,3,2,1,2,0,2,130,1,1,0,0,1,0,31.0,,utilitaire_camion,,1,1,1,3,6
201900003203,2019-10-19 16:30:00,2019,10,19,16,30,37,37261,ALOUETTE (AVENUE),47.3628986,0.6969874,Plein jour,En agglomération,Hors intersection,Normale,Autre collision,4,2,2,0,1,1,2,0,1,50,1,1,0,0,1,0,85.0,,voiture,,1,2,1,1,6
201900003204,2019-07-18 00:40:00,2019,7,18,0,40,24,24312,106 route de jargues,45.150407,0.723117,Nuit sans éclairage public,En agglomération,Hors intersection,Normale,Sans collision,4,2,2,0,1,1,1,0,8,50,1,1,0,0,1,0,24.0,,voiture,,3,2,1,1,7
201900003205,2019-06-17 08:00:00,2019,6,17,8,0,30,30217,"Plateau de Signargues, PLT DE SIGNARGUES",43.964868,4.669549,Plein jour,En agglomération,Autre intersection,Normale,Trois véhicules et plus - en chaîne,3,2,2,1,1,1,1,0,5,50,3,5,2,0,0,3,22.0,25.0,voiture,voiture,1,2,9,1,4
201900003206,2019-10-22 16:45:00,2019,10,22,16,45,74,74181,Route de Tessy,45.950918,6.108699,Plein jour,En agglomération,Giratoire,Normale,Deux véhicules - frontale,4,1,1,0,1,2,1,5,1,50,2,2,1,0,1,0,47.0,61.0,deux_roues,transport_commun,1,2,6,1,1
201900003207,2019-08-16 14:25:00,2019,8,16,14,25,4,04157,RD 56,43.862918,6.136609,Plein jour,Hors agglomération,Hors intersection,Normale,Deux véhicules - frontale,3,2,2,0,2,3,1,0,1,80,2,2,1,0,0,1,44.0,37.0,voiture,deux_roues,1,1,1,1,1
201900003208,2019-06-14 07:50:00,2019,6,14,7,50,30,30221,RN580,44.030272,4.735828,Plein jour,Hors agglomération,Hors intersection,Pluie légère,Trois véhicules et plus - collisions multiples,2,2,2,0,1,1,2,0,1,-1,3,3,2,0,1,0,41.0,56.0,voiture,voiture,1,1,1,2,5
201900003209,2019-08-16 00:45:00,2019,8,16,0,45,4,04230,RD 8,43.8111897,5.9537673,Nuit sans éclairage public,Hors agglomération,Hors intersection,Normale,Autre collision,3,2,2,0,1,3,1,0,3,80,1,1,0,0,1,0,42.0,,voiture,,3,1,1,1,6
201900003210,2019-10-21 10:00:00,2019,10,21,10,0,22,22337,Sévignac,48.3531943,-2.3006569,Plein jour,Hors agglomération,Hors intersection,Normale,Deux véhicules - arrière,2,3,4,0,2,1,2,0,1,110,2,3,1,0,0,2,19.0,26.0,voiture,utilitaire_camion,1,1,1,1,2
201900003211,2019-06-10 21:30:00,2019,6,10,21,30,30,30315,Route Nationale 100,43.9473838,4.6867636,Nuit sans éclairage public,Hors agglomération,Hors intersection,Normale,Autre collision,2,2,2,0,1,1,1,0,8,80,1,3,1,0,1,1,27.0,,voiture,,3,1,1,1,6
201900003212,2019-08-16 20:30:00,2019,8,16,20,30,4,04001,RN 85 RP des ammonites,44.065629,6.172658,Crépuscule ou aube,Hors agglomération,Giratoire,Normale,Sans collision,2,1,1,0,1,2,1,0,1,80,1,1,0,0,1,0,31.0,,deux_roues,,2,1,6,1,7
201900003213,2019-05-06 18:00:00,2019,5,6,18,0,30,30096,D980,44.211645,4.494664,Plein jour,Hors agglomération,Intersection en T,Normale,Deux véhicules - côté,3,2,2,0,1,1,1,0,1,80,2,2,1,0,1,0,81.0,29.0,voiture,voiture,1,1,3,1,3
201900003214,2019-10-17 16:35:00,2019,10,17,16,35,60,60176,Rue Saint Germain,49.230738,2.909607,Plein jour,En agglomération,Intersection en T,Normale,Deux véhicules - arrière,9,1,1,0,1,1,1,0,1,50,2,2,1,0,0,1,39.0,51.0,voiture,voiture,1,2,3,1,2
201900003215,2019-06-08 18:15:00,2019,6,8,18,15,30,30334,Route de Bagnols,44.021207,4.438404,Plein jour,Hors agglomération,Hors intersection,Normale,Deux véhicules - frontale,3,2,2,0,1,1,1,0,1,80,2,2,0,1,0,1,36.0,60.0,utilitaire_camion,voiture,1,1,1,1,1
201900003216,2019-10-23 16:49:00,2019,10,23,16,49,31,31157,15 Rue Alfred Sauvy,43.538196,1.357469,Plein jour,En agglomération,Hors intersection,Normale,Deux véhicules - frontale,3,2,2,1,1,1,1,6,1,70,2,4,2,0,1,1,47.0,45.0,voiture,voiture,1,2,1,1,1
201900003217,2019-06-03 17:30:00,2019,6,3,17,30,30,30151,D979,44.15231,4.365207,Plein jour,Hors agglomération,Hors intersection,Normale,Trois véhicules et plus - collisions multiples,3,2,1,0,1,1,1,0,1,80,3,5,1,0,1,3,35.0,64.0,voiture,voiture,1,1,1,1,5
201900003218,2019-09-29 03:00:00,2019,9,29,3,0,56,56094,Locadour RD 194,47.76045,-3.269814,Nuit sans éclairage public,Hors agglomération,Hors intersection,Pluie légère,Autre collision,3,2,2,0,1,1,2,0,3,80,1,1,0,0,1,0,20.0,,voiture,,3,1,1,2,6
201900003219,2019-08-12 18:30:00,2019,8,12,18,30,85,85026,D747,46.59225,-1.44399,Plein jour,Hors agglomération,Hors intersection,Normale,Trois véhicules et plus - collisions multiples,3,2,3,0,1,2,1,0,1,90,4,11,4,1,3,3,39.0,36.0,voiture,voiture,1,1,1,1,5
201900003220,2019-06-05 10:05:00,2019,6,5,10,5,2B,2B320,RT10,42.137193,9.509034,Plein jour,Hors agglomération,Intersection en X,Normale,Deux véhicules - côté,2,2,2,0,4,1,1,0,1,80,2,2,1,1,0,0,54.0,66.0,utilitaire_camion,deux_roues,1,1,2,1,3
201900003221,2019-10-15 14:45:00,2019,10,15,14,45,59,59111,9 Route de Saint Omer,50.831755,2.3159,Plein jour,Hors agglomération,Hors intersection,Normale,Autre collision,3,2,2,0,1,1,1,0,3,80,1,1,0,1,0,0,70.0,,voiture,,1,1,1,1,6
201900003222,2019-08-13 18:20:00,2019,8,13,18,20,27,27260,D6178,49.412183,0.424112,Plein jour,Hors agglomération,Hors intersection,Pluie légère,Deux véhicules - arrière,3,2,2,0,1,1,1,0,1,80,2,2,1,0,1,0,65.0,46.0,deux_roues,voiture,1,1,1,2,2
201900003223,2019-08-12 13:35:00,2019,8,12,13,35,27,27672,Route de Rouen,49.446535,1.359368,Plein jour,Hors agglomération,Hors intersection,Normale,Autre collision,2,2,2,0,2,2,1,0,3,80,1,2,1,1,0,0,50.0,,voiture,,1,1,1,1,6
201900003224,2019-08-14 11:35:00,2019,8,14,11,35,17,17459,Lieu dit Le Moulin à vent.,45.917438,-0.445377,Plein jour,Hors agglomération,Hors intersection,Normale,Deux véhicules - côté,3,2,2,0,1,1,1,0,1,80,2,2,1,0,1,0,43.0,68.0,voiture,deux_roues,1,1,1,1,3
201900003225,2019-08-14 16:50:00,2019,8,14,16,50,17,17347,rue des maréchaux,45.946693,-0.530172,Plein jour,En agglomération,Intersection en X,Normale,Autre collision,4,1,1,0,1,1,1,6,1,50,1,3,2,1,0,0,50.0,,voiture,,1,2,2,1,6
201900003226,2019-08-14 12:00:00,2019,8,14,12,0,37,37016,RD943,47.208362,0.944106,Plein jour,Hors agglomération,Hors intersection,Normale,Deux véhicules - frontale,3,2,2,0,1,1,1,0,1,80,2,2,0,1,0,1,24.0,46.0,voiture,deux_roues,1,1,1,1,1
201900003227,2019-08-14 16:10:00,2019,8,14,16,10,37,37273,Route départementale 140,47.381168,0.766277,Plein jour,Hors agglomération,Hors intersection,Normale,Deux véhicules - frontale,3,2,2,0,1,1,1,0,1,80,2,3,0,0,1,2,57.0,38.0,voiture,voiture,1,1,1,1,1
201900003228,2019-10-23 08:12:00,2019,10,23,8,12,59,59094,9 Rue Pasteur,50.946962,2.197261,Plein jour,En agglomération,Hors intersection,Normale,Sans collision,3,2,2,0,1,1,1,0,1,50,1,1,0,0,0,1,17.0,,deux_roues,,1,2,1,1,7
201900003229,2019-08-13 14:25:00,2019,8,13,14,25,37,37152,D2,47.472203,0.666219,Plein jour,Hors agglomération,Hors intersection,Normale,Deux véhicules - frontale,3,2,2,0,1,1,1,0,1,80,2,2,1,0,1,0,27.0,30.0,voiture,voiture,1,1,1,1,1
201900003230,2019-10-22 13:30:00,2019,10,22,13,30,76,76211,D16,49.89687,1.536438,Plein jour,Hors agglomération,Intersection en X,Temps éblouissant,Deux véhicules - côté,3,2,2,0,1,1,1,0,1,80,2,2,1,0,1,0,55.0,40.0,voiture,utilitaire_camion,1,1,2,7,3
201900003231,2019-08-13 17:50:00,2019,8,13,17,50,30,30341,Rue Fernand Granon,43.692951,4.274109,Plein jour,En agglomération,Intersection en X,Normale,Deux véhicules - côté,4,2,2,0,1,1,1,0,1,50,2,5,2,0,0,3,18.0,33.0,voiture,voiture,1,2,2,1,3
201900003232,2019-06-02 14:45:00,2019,6,2,14,45,87,87166,Le Pâtural,45.740403,1.110783,Plein jour,Hors agglomération,Hors intersection,Temps éblouissant,Deux véhicules - frontale,3,2,2,0,1,1,1,0,1,80,2,2,0,0,1,1,22.0,23.0,deux_roues,deux_roues,1,1,1,7,1
201900003233,2019-10-21 07:45:00,2019,10,21,7,45,79,79147,,46.642585,-0.510565,Nuit sans éclairage public,Hors agglomération,Hors intersection,Brouillard / fumée,Sans collision,3,2,2,0,1,2,2,0,3,80,1,4,0,0,1,3,65.0,,voiture,,3,1,1,5,7
201900003234,2019-08-13 23:30:00,2019,8,13,23,30,30,30006,RN 113,43.684331,4.207728,Nuit sans éclairage public,Hors agglomération,Hors intersection,Normale,Trois véhicules et plus - collisions multiples,4,2,2,0,1,1,1,0,1,80,3,4,3,0,1,0,27.0,50.0,voiture,deux_roues,3,1,1,1,5
201900003235,2019-06-15 14:40:00,2019,6,15,14,40,83,83054,Route de la Crau,43.160906,6.060348,Plein jour,Hors agglomération,Hors intersection,Normale,Deux véhicules - côté,3,2,2,0,1,3,1,9,1,80,2,3,1,0,2,0,47.0,50.0,deux_roues,voiture,1,1,1,1,3
201900003236,2019-08-15 12:00:00,2019,8,15,12,0,30,30325,Place de l'Eglise,43.980262,3.715418,Plein jour,En agglomération,Hors intersection,Normale,Autre collision,4,2,5,0,2,1,1,0,1,50,1,2,1,1,0,0,84.0,,voiture,,1,2,1,1,6
201900003237,2019-10-22 19:55:00,2019,10,22,19,55,2A,2A362,Lieu Dit Acqua Gelata,41.7042675,9.3620077,Nuit avec éclairage allumé,Hors agglomération,Intersection en T,Normale,Deux véhicules - côté,2,2,2,0,1,1,1,8,1,80,2,5,0,0,1,4,37.0,52.0,utilitaire_camion,voiture,5,1,3,1,3
201900003238,2019-06-05 19:00:00,2019,6,5,19,0,83,83130,,43.20775,6.050049,Plein jour,Hors agglomération,Hors intersection,Temps éblouissant,Deux véhicules - frontale,3,2,2,0,1,4,1,0,1,50,2,4,0,0,4,0,21.0,78.0,voiture,voiture,1,1,1,7,1
201900003239,2019-10-22 18:20:00,2019,10,22,18,20,32,32254,Lieu-dit Bile,43.539106,0.451009,Crépuscule ou aube,Hors agglomération,Hors intersection,Pluie légère,Autre collision,2,2,2,0,1,1,2,0,3,80,1,1,0,0,1,0,70.0,,voiture,,2,1,1,2,6
201900003240,2019-08-14 20:50:00,2019,8,14,20,50,30,30281,D22 / D1,43.8871286,4.188922,Crépuscule ou aube,Hors agglomération,Intersection en X,Normale,Deux véhicules - côté,3,2,2,2,1,1,1,0,1,80,2,2,0,0,1,1,25.0,24.0,voiture,deux_roues,2,1,2,1,3
201900003241,2019-06-18 14:35:00,2019,6,18,14,35,62,62805,Rue de Saint-Omer,50.456764,2.361348,Plein jour,Hors agglomération,Hors intersection,Normale,Sans collision,3,2,2,0,1,4,1,0,1,80,1,1,0,0,1,0,20.0,,voiture,,1,1,1,1,7
201900003242,2019-06-15 10:00:00,2019,6,15,10,0,62,62652,route nationale,50.483877,2.41052,Plein jour,En agglomération,Hors intersection,Normale,Autre collision,3,2,2,0,1,1,1,0,1,50,1,2,1,0,1,0,77.0,,voiture,,1,2,1,1,6
201900003243,2019-08-02 10:05:00,2019,8,2,10,5,30,30241,Chemin du moulin de baguet,43.970626,4.2786,Plein jour,Hors agglomération,Hors intersection,Normale,Deux véhicules - frontale,4,2,2,0,1,4,1,0,1,80,2,2,1,0,1,0,77.0,45.0,deux_roues,voiture,1,1,1,1,1
201900003244,2019-06-01 18:20:00,2019,6,1,18,20,62,62202,Départementale 131,50.612391,1.997055,Plein jour,Hors agglomération,Hors intersection,Normale,Sans collision,3,2,1,0,2,2,1,0,3,80,1,2,1,0,1,0,45.0,,deux_roues,,1,1,1,1,7
201900003245,2019-10-19 18:38:00,2019,10,19,18,38,49,49026,Rue Roche Bleue,47.498301,-0.807234,Crépuscule ou aube,En agglomération,Intersection en X,Pluie légère,Deux véhicules - côté,9,2,2,0,1,1,1,0,1,50,2,3,2,0,0,1,12.0,61.0,deux_roues,voiture,2,2,2,2,3
201900003246,2019-06-08 06:26:00,2019,6,8,6,26,62,62864,d 939,50.246459,2.939789,Crépuscule ou aube,Hors agglomération,Hors intersection,Vent fort / tempête,Autre collision,3,2,2,0,2,3,2,2,3,80,1,1,0,1,0,0,29.0,,voiture,,2,1,1,6,6
201900003247,2019-08-17 10:30:00,2019,8,17,10,30,48,48061,Route Nationale 106,44.331504,3.591272,Plein jour,Hors agglomération,Intersection en T,Normale,Deux véhicules - côté,2,2,2,0,1,1,1,0,1,70,2,2,1,0,1,0,74.0,53.0,voiture,deux_roues,1,1,3,1,3
201900003248,2019-10-23 09:00:00,2019,10,23,9,0,46,46045,lieu dit charrux,44.502027,1.839697,Plein jour,Hors agglomération,Hors intersection,Pluie forte,Deux véhicules - frontale,3,2,2,0,2,2,2,0,1,80,2,2,1,1,0,0,56.0,82.0,voiture,voiture,1,1,1,3,1
201900003249,2019-06-04 13:30:00,2019,6,4,13,30,77,77385,D222,48.85125,3.24929,Plein jour,Hors agglomération,Hors intersection,Normale,Sans collision,3,2,2,0,1,2,1,0,3,80,1,1,0,0,0,1,51.0,,deux_roues,,1,1,1,1,7
201900003250,2019-08-13 17:05:00,2019,8,13,17,5,48,48129,D34,44.719994,3.819647,Plein jour,Hors agglomération,Hors intersection,Normale,Autre collision,3,2,2,0,2,1,1,0,3,80,1,1,0,1,0,0,89.0,,voiture,,1,1,1,1,6
201900003251,2019-10-23 10:00:00,2019,10,23,10,0,41,41185,1356 Rue des Chevinières,47.373503,1.695439,Plein jour,Hors agglomération,Hors intersection,Pluie légère,Deux véhicules - frontale,3,2,2,0,1,3,2,0,1,80,2,2,1,1,0,0,50.0,24.0,utilitaire_camion,voiture,1,1,1,2,1
201900003252,2019-06-08 17:30:00,2019,6,8,17,30,66,66050,RD 83,42.7774,2.9498,Plein jour,Hors agglomération,Autre intersection,Temps éblouissant,Deux véhicules - arrière,3,3,4,0,1,1,1,0,1,110,2,3,1,0,1,1,36.0,64.0,deux_roues,voiture,1,1,9,7,2
201900003253,2019-08-09 17:30:00,2019,8,9,17,30,88,88438,Route de Saint-Die,48.329414,6.811712,Plein jour,Hors agglomération,Hors intersection,Normale,Autre collision,3,2,2,0,2,2,1,0,3,80,1,1,0,0,1,0,61.0,,deux_roues,,1,1,1,1,6
201900003254,2019-06-16 15:30:00,2019,6,16,15,30,34,34095,Route Départementale 613,43.52936,3.745843,Plein jour,Hors agglomération,Hors intersection,Normale,Deux véhicules - côté,3,2,2,0,1,1,1,0,1,80,2,2,0,0,0,2,51.0,43.0,voiture,voiture,1,1,1,1,3
201900003255,2019-10-21 18:15:00,2019,10,21,18,15,68,68082,39 Rue de la Gare,47.867453,7.338268,Nuit avec éclairage allumé,En agglomération,Hors intersection,Pluie forte,Deux véhicules - côté,3,2,2,0,1,1,2,5,1,50,2,4,3,0,0,1,58.0,20.0,voiture,voiture,5,2,1,3,3
201900003256,2019-07-30 17:50:00,2019,7,30,17,50,88,88358,26 Place de la Libération,48.108333,6.566853,Plein jour,En agglomération,Intersection en T,Temps couvert,Deux véhicules - frontale,3,2,2,0,1,3,1,5,1,30,2,2,1,0,0,1,26.0,55.0,deux_roues,voiture,1,2,3,8,1
201900003257,2019-10-22 17:10:00,2019,10,22,17,10,25,25463,1 Rue du Général Herr,47.382145,6.773045,Plein jour,En agglomération,Intersection en T,Temps couvert,Deux véhicules - côté,3,2,2,0,1,2,1,0,1,50,2,2,1,0,1,0,20.0,15.0,voiture,deux_roues,1,2,3,8,3
201900003258,2019-06-08 07:00:00,2019,6,8,7,0,34,34270,Rue Jean Bene,43.575186,3.860974,Plein jour,En agglomération,Hors intersection,Normale,Sans collision,4,2,2,0,2,2,1,0,1,50,1,1,0,0,1,0,28.0,,deux_roues,,1,2,1,1,7
201900003259,2019-10-22 11:00:00,2019,10,22,11,0,29,29184,Rue de Saint Pol de Leon,48.6192075,-3.984445,Plein jour,En agglomération,Hors intersection,Normale,Autre collision,3,-1,1,0,1,1,1,0,8,50,1,2,1,0,0,1,48.0,,voiture,,1,2,1,1,6
201900003260,2019-08-14 03:55:00,2019,8,14,3,55,45,45332,Autoroute A77 - pk 041+300,47.8652795,2.6942485,Nuit sans éclairage public,Hors agglomération,Hors intersection,Normale,Autre collision,1,3,4,0,1,1,1,0,3,130,1,1,0,0,1,0,21.0,,voiture,,3,1,1,1,6
201900003261,2019-10-21 15:15:00,2019,10,21,15,15,29,29076,Allée des Moulins,48.487372,-4.57394,Plein jour,En agglomération,Intersection en T,Normale,Deux véhicules - côté,4,2,2,0,1,1,1,0,1,50,2,2,1,0,0,1,36.0,58.0,voiture,utilitaire_camion,1,2,3,1,3
201900003262,2019-05-31 21:30:00,2019,5,31,21,30,40,40227,Route de Commensacq,44.253526,-0.813098,Crépuscule ou aube,Hors agglomération,Intersection en X,Normale,Deux véhicules - côté,3,2,2,0,1,1,1,5,1,80,2,5,4,0,0,1,39.0,57.0,voiture,voiture,2,1,2,1,3
201900003263,2019-08-17 04:00:00,2019,8,17,4,0,38,38193,Boulevard de l'Isle d'Abeau,45.61129,5.22088,Nuit avec éclairage non allumé,Hors agglomération,Hors intersection,Normale,Autre collision,3,2,2,0,3,3,1,2,3,80,1,5,0,1,4,0,18.0,,voiture,,4,1,1,1,6
201900003264,2019-06-17 09:45:00,2019,6,17,9,45,34,34309,Avenue de Vendargues,43.680189,3.92642,Plein jour,En agglomération,Hors intersection,Normale,Autre collision,3,2,2,0,1,1,1,9,1,50,1,2,1,0,0,1,83.0,,voiture,,1,2,1,1,6
201900003265,2019-08-13 08:20:00,2019,8,13,8,20,69,69244,Avenue Franklin Roosevelt,45.76381,4.773522,Plein jour,En agglomération,Hors intersection,Normale,Deux véhicules - frontale,4,1,1,0,2,2,1,0,1,30,2,1,0,0,0,1,43.0,,deux_roues,,1,2,1,1,1
201900003266,2019-10-19 19:10:00,2019,10,19,19,10,31,31585,D21,43.108402,0.674416,Nuit sans éclairage public,Hors agglomération,Hors intersection,Normale,Sans collision,3,2,2,0,1,2,1,0,1,80,1,3,2,0,1,0,20.0,,voiture,,3,1,1,1,7
201900003267,2019-08-14 10:55:00,2019,8,14,10,55,6,06152,14 Avenue Saint-Roch,43.640459,7.006949,Plein jour,En agglomération,Hors intersection,Normale,Autre collision,3,2,2,0,1,1,1,9,1,50,1,2,1,0,0,1,51.0,,voiture,,1,2,1,1,6
201900003268,2019-10-17 12:00:00,2019,10,17,12,0,2,02032,6 Route de la Guinguette,49.778766,3.114964,Plein jour,Hors agglomération,Autre intersection,Normale,Deux véhicules - frontale,3,2,2,0,1,1,1,0,1,80,2,2,1,0,1,0,66.0,23.0,voiture,deux_roues,1,1,9,1,1
201900003269,2019-06-17 18:05:00,2019,6,17,18,5,34,34217,Allée des Platanes,43.7007359,3.8622941,Plein jour,En agglomération,Giratoire,Normale,Autre collision,3,-1,2,0,1,1,1,0,1,50,1,2,1,1,0,0,59.0,,utilitaire_camion,,1,2,6,1,6
201900003270,2019-08-16 15:10:00,2019,8,16,15,10,42,42169,jourde,45.441391,4.155089,Plein jour,Hors agglomération,Autre intersection,Normale,Sans collision,4,2,2,0,1,2,1,0,3,80,1,1,0,1,0,0,49.0,,deux_roues,,1,1,9,1,7
201900003271,2019-06-15 16:00:00,2019,6,15,16,0,83,83073,Chemin de Bel Amant,43.34467,6.340498,Plein jour,Hors agglomération,Hors intersection,Normale,Deux véhicules - frontale,4,2,2,0,1,1,1,0,1,30,2,3,1,0,2,0,17.0,,deux_roues,,1,1,1,1,1
201900003272,2019-08-15 08:30:00,2019,8,15,8,30,82,82037,A20,44.191709,1.536416,Plein jour,Hors agglomération,Hors intersection,Normale,Autre collision,1,3,4,0,1,1,1,0,3,130,1,1,0,0,1,0,58.0,,voiture,,1,1,1,1,6
201900003273,2019-10-23 16:00:00,2019,10,23,16,0,50,50185,3 Route du Petit Pont,48.841963,-1.247236,Plein jour,Hors agglomération,Hors intersection,Normale,Sans collision,3,2,2,0,1,1,1,9,3,80,1,1,0,1,0,0,89.0,,voiture,,1,1,1,1,7
201900003274,2019-06-03 08:30:00,2019,6,3,8,30,83,83073,Avenue Pablo Picasso,43.397519,6.308455,Plein jour,En agglomération,Hors intersection,Normale,Autre collision,4,2,2,0,1,1,1,2,1,50,1,4,1,0,0,3,54.0,,voiture,,1,2,1,1,6
201900003275,2019-08-17 11:35:00,2019,8,17,11,35,68,68309,A 35 - PK 113+100,47.673946,7.468897,Plein jour,Hors agglomération,Hors intersection,Normale,Deux véhicules - côté,1,3,4,0,1,1,1,0,1,130,2,5,2,0,0,3,20.0,22.0,voiture,voiture,1,1,1,1,3
201900003276,2019-10-22 20:10:00,2019,10,22,20,10,50,50239,Rue de Bohon,49.136324,-1.176087,Nuit sans éclairage public,Hors agglomération,Hors intersection,Normale,Deux véhicules - arrière,2,3,4,0,1,1,1,0,1,110,2,2,1,0,1,0,27.0,36.0,utilitaire_camion,voiture,3,1,1,1,2
201900003277,2019-06-08 08:55:00,2019,6,8,8,55,83,83140,,43.408066,5.913663,Plein jour,Hors agglomération,Hors intersection,Normale,Deux véhicules - côté,3,2,4,0,4,1,1,0,1,90,2,2,1,0,1,0,75.0,48.0,voiture,deux_roues,1,1,1,1,3
201900003278,2019-06-17 21:30:00,2019,6,17,21,30,62,62792,route de saint omer,50.808062,2.225295,Nuit sans éclairage public,Hors agglomération,Hors intersection,Normale,Sans collision,3,2,2,0,1,1,1,0,1,70,1,1,0,0,1,0,40.0,,deux_roues,,3,1,1,1,7
201900003279,2019-10-21 14:20:00,2019,10,21,14,20,9,09159,RN 20 ,42.770235,1.733974,Plein jour,Hors agglomération,Hors intersection,Normale,Deux véhicules - frontale,2,2,2,0,1,4,1,0,1,80,2,2,1,1,0,0,20.0,63.0,voiture,utilitaire_camion,1,1,1,1,1
201900003280,2019-08-16 12:45:00,2019,8,16,12,45,89,89208,Autoroute A6 - PK 192+800,47.6438002,3.9070528,Plein jour,Hors agglomération,Hors intersection,Normale,Deux véhicules - côté,1,3,4,0,1,1,1,0,1,130,2,6,3,0,1,2,51.0,28.0,utilitaire_camion,voiture,1,1,1,1,3
201900003281,2019-06-17 09:00:00,2019,6,17,9,0,57,57038,Quartier Saint-Larent,49.472879,5.956323,Plein jour,En agglomération,Hors intersection,Normale,Deux véhicules - arrière,4,2,2,0,2,1,1,0,1,50,2,2,1,0,0,1,57.0,35.0,voiture,voiture,1,2,1,1,2
201900003282,2019-10-23 19:40:00,2019,10,23,19,40,60,60254,La Ferme de Fresnel,49.444805,2.656499,Nuit sans éclairage public,Hors agglomération,Autre intersection,Normale,Deux véhicules - frontale,9,2,2,0,1,2,9,0,1,-1,2,2,1,0,0,1,45.0,44.0,voiture,utilitaire_camion,3,1,9,1,1
201900003283,2019-08-14 05:50:00,2019,8,14,5,50,74,74169,Avenue du Mole,46.0717463,6.5200457,Crépuscule ou aube,En agglomération,Hors intersection,Normale,Autre collision,4,2,2,0,1,1,1,0,8,50,1,1,0,0,1,0,67.0,,voiture,,2,2,1,1,6
201900003284,2019-08-17 15:00:00,2019,8,17,15,0,976,97606,Rue du lycée,-12.936924,45.1461,Plein jour,En agglomération,Hors intersection,Normale,Deux véhicules - côté,2,2,2,0,1,1,1,0,1,50,2,2,1,0,0,1,35.0,54.0,deux_roues,voiture,1,2,1,1,3
201900003285,2019-06-13 23:45:00,2019,6,13,23,45,57,57489,RD36,48.982844,7.443943,Nuit sans éclairage public,Hors agglomération,Hors intersection,Normale,Sans collision,3,2,2,0,1,2,1,0,1,80,1,2,0,0,0,2,34.0,,deux_roues,,3,1,1,1,7
201900003286,2019-08-16 00:15:00,2019,8,16,0,15,22,22158,rn164 pr 56+200,48.209774,-2.920525,Nuit sans éclairage public,Hors agglomération,Intersection en T,Normale,Deux véhicules - côté,2,2,2,0,1,1,1,0,1,80,2,3,1,0,0,2,58.0,57.0,voiture,utilitaire_camion,3,1,3,1,3
201900003287,2019-08-15 18:15:00,2019,8,15,18,15,34,34294,sortie d'autoroute 27,43.7027732,4.1156191,Plein jour,Hors agglomération,Autre intersection,Normale,Deux véhicules - arrière,1,-1,5,0,1,1,1,9,8,50,2,2,0,0,0,2,43.0,,utilitaire_camion,,1,1,9,1,2
201900003288,2019-06-09 15:55:00,2019,6,9,15,55,57,57750,RD662,49.085062,7.172944,Plein jour,Hors agglomération,Hors intersection,Normale,Deux véhicules - côté,3,2,2,0,1,1,1,0,1,80,2,3,2,0,1,0,49.0,48.0,deux_roues,voiture,1,1,1,1,3
201900003289,2019-08-14 07:15:00,2019,8,14,7,15,30,30034,Autoroute A54 - PK12 - Sens NIMES/ARLES,43.7435067,4.4431516,Plein jour,Hors agglomération,Hors intersection,Normale,Deux véhicules - côté,1,3,4,0,1,1,1,0,1,130,2,2,1,0,1,0,51.0,22.0,utilitaire_camion,utilitaire_camion,1,1,1,1,3
201900003290,2019-10-22 23:00:00,2019,10,22,23,0,60,60477,Route Nationale 31,49.43463,1.919512,Nuit sans éclairage public,En agglomération,Hors intersection,Normale,Autre collision,2,2,2,0,1,1,1,0,1,70,1,2,1,0,0,1,29.0,,voiture,,3,2,1,1,6
201900003291,2019-06-02 12:00:00,2019,6,2,12,0,57,57427,Rue Koeberle,48.729517,7.249949,Plein jour,En agglomération,Intersection en T,Normale,Deux véhicules - côté,3,2,2,0,1,1,1,0,1,30,2,3,2,0,0,1,71.0,,voiture,,1,2,3,1,3
201900003292,2019-08-13 18:00:00,2019,8,13,18,0,83,83116,autoroute A8,43.456714,5.872808,Plein jour,Hors agglomération,Hors intersection,Normale,Deux véhicules - arrière,1,3,5,3,1,1,1,0,1,-1,2,2,1,0,0,1,58.0,47.0,utilitaire_camion,voiture,1,1,1,1,2
201900003293,2019-10-23 19:30:00,2019,10,23,19,30,73,73252,D74,45.4358454,6.2800275,Nuit sans éclairage public,En agglomération,Hors intersection,Pluie légère,Deux véhicules - côté,3,2,2,0,1,4,2,0,1,50,2,2,1,0,0,1,30.0,51.0,deux_roues,voiture,3,2,1,2,3