accident_id,datetime,annee,mois,jour,heure,minute,departement,commune_insee,adresse,latitude,longitude,luminosite,agglomeration,intersection,meteo,collision,catr,circ,nbv,vosp,prof,plan,surf,infra,situ,vma,nb_vehicules,nb_usagers,nb_indemnes,nb_tues,nb_blesses_hosp,nb_blesses_legers,age_cond_1,age_cond_2,veh_type_cond_1,veh_type_cond_2,lum_code,agg_code,int_code,atm_code,col_code
201900003294,2019-06-01 00:50:00,2019,6,1,0,50,57,57383,RELAIS DES ETANGS,48.731151,6.889818,Nuit sans éclairage public,Hors agglomération,Hors intersection,Normale,Autre collision,3,2,2,0,1,1,1,0,1,80,1,1,0,0,1,0,28.0,,deux_roues,,3,1,1,1,6
201900003295,2019-10-23 01:00:00,2019,10,23,1,0,73,73063,D990  route de la gare,45.5970378,6.4479907,Nuit sans éclairage public,Hors agglomération,Hors intersection,Normale,Autre collision,3,2,2,0,2,1,1,0,8,80,1,1,0,0,1,0,44.0,,voiture,,3,1,1,1,6
201900003296,2019-06-01 17:50:00,2019,6,1,17,50,57,57623,RD 96,48.625031,7.093302,Plein jour,Hors agglomération,Hors intersection,Normale,Autre collision,3,2,2,0,2,2,1,0,3,80,1,1,0,0,1,0,61.0,,deux_roues,,1,1,1,1,6
201900003297,2019-08-13 13:45:00,2019,8,13,13,45,27,27598,Autoroute A13,49.214322,1.217157,Plein jour,Hors agglomération,Hors intersection,Normale,Deux véhicules - arrière,1,3,5,0,1,1,2,0,1,130,2,4,3,0,0,1,30.0,71.0,voiture,voiture,1,1,1,1,2
201900003298,2019-10-18 02:40:00,2019,10,18,2,40,36,36121,place de l'Eglise,46.8373369,1.9561392,Nuit avec éclairage allumé,En agglomération,Hors intersection,Pluie légère,Autre collision,3,2,2,0,4,3,2,0,4,30,1,1,0,1,0,0,37.0,,voiture,,5,2,1,2,6
201900003299,2019-06-17 17:35:00,2019,6,17,17,35,57,57311,Départementale 29,49.003872,6.831539,Plein jour,Hors agglomération,Hors intersection,Normale,Deux véhicules - arrière,3,2,2,0,1,1,1,0,1,80,2,2,1,0,0,1,23.0,29.0,deux_roues,voiture,1,1,1,1,2
201900003300,2019-06-01 17:09:00,2019,6,1,17,9,57,57262,22 Rue Nationale,48.979947,6.738692,Plein jour,En agglomération,Hors intersection,Normale,Autre collision,3,2,2,0,1,1,1,5,4,50,1,2,1,0,1,0,58.0,,voiture,,1,2,1,1,6
201900003301,2019-10-19 19:45:00,2019,10,19,19,45,36,36074,Fléré-la-Rivière,47.012072,1.084538,Nuit sans éclairage public,Hors agglomération,Hors intersection,Pluie forte,Sans collision,4,2,2,0,1,1,2,0,8,80,1,1,0,0,1,0,73.0,,voiture,,3,1,1,3,7
201900003302,2019-06-16 00:40:00,2019,6,16,0,40,57,57132,D955,48.813442,6.523814,Nuit sans éclairage public,Hors agglomération,Hors intersection,Pluie légère,Autre collision,3,2,2,0,2,3,2,0,3,80,1,4,0,0,0,4,20.0,,voiture,,3,1,1,2,6
201900003303,2019-07-12 17:00:00,2019,7,12,17,0,974,97415,101 Avenue de Bourbon,-21.068332,55.222831,Plein jour,En agglomération,Intersection en Y,Normale,Autre collision,4,1,1,0,1,1,1,0,1,50,1,3,1,0,1,1,50.0,,voiture,,1,2,4,1,6
201900003304,2019-09-27 17:30:00,2019,9,27,17,30,7,07319,Chemin du Dépôt,44.559464,4.690798,Plein jour,En agglomération,Autre intersection,Normale,Deux véhicules - côté,4,2,2,0,1,1,1,0,1,50,2,2,1,0,1,0,17.0,59.0,deux_roues,voiture,1,2,9,1,3
201900003305,2019-06-02 17:40:00,2019,6,2,17,40,91,91577,59 Route de Morsang,48.590951,2.490822,Plein jour,En agglomération,Hors intersection,Normale,Autre collision,4,2,2,0,1,1,1,0,1,50,1,2,1,0,1,0,,,,,1,2,1,1,6
201900003306,2019-07-16 17:30:00,2019,7,16,17,30,971,97128,Les Galbas,16.224336,-61.393107,Crépuscule ou aube,En agglomération,Hors intersection,Normale,Autre collision,2,2,2,0,1,1,1,0,1,50,1,2,1,0,1,0,83.0,,voiture,,2,2,1,1,6
201900003307,2019-06-08 20:55:00,2019,6,8,20,55,51,51105,RD 64,49.2614423,4.1074193,Plein jour,Hors agglomération,Hors intersection,Temps couvert,Sans collision,3,2,2,0,1,1,1,0,1,80,1,1,0,0,1,0,30.0,,voiture,,1,1,1,8,7
201900003308,2019-10-22 07:45:00,2019,10,22,7,45,40,40111,D834,43.978977,-0.60116,Nuit sans éclairage public,Hors agglomération,Hors intersection,Normale,Deux véhicules - frontale,3,2,2,0,1,1,1,0,1,80,2,3,2,0,0,1,23.0,30.0,utilitaire_camion,voiture,3,1,1,1,1
201900003309,2019-06-15 16:15:00,2019,6,15,16,15,51,51291,RUE THERESE ET ROBERT CHAPELLE,49.333214,3.914275,Plein jour,En agglomération,Hors intersection,Normale,Autre collision,4,2,2,0,1,1,1,0,1,50,1,1,0,0,1,0,18.0,,deux_roues,,1,2,1,1,6
201900003310,2019-06-01 19:40:00,2019,6,1,19,40,51,51518,RD 944,49.2970502,3.9964985,Plein jour,Hors agglomération,Hors intersection,Normale,Trois véhicules et plus - collisions multiples,2,2,2,0,1,2,1,2,1,80,3,3,2,0,1,0,45.0,62.0,utilitaire_camion,deux_roues,1,1,1,1,5
201900003311,2019-06-10 16:00:00,2019,6,10,16,0,51,51413,RD 3,49.0211979,4.0420064,Plein jour,Hors agglomération,Hors intersection,Pluie légère,Trois véhicules et plus - en chaîne,3,2,1,0,1,1,2,0,1,80,3,3,2,0,1,0,70.0,50.0,voiture,deux_roues,1,1,1,2,4
201900003312,2019-08-15 13:00:00,2019,8,15,13,0,971,97107,Route Haute Paine,16.000727,-61.617705,Plein jour,Hors agglomération,Hors intersection,Normale,Deux véhicules - côté,3,2,2,0,2,1,1,0,1,-1,2,2,1,0,0,1,69.0,33.0,autre,deux_roues,1,1,1,1,3
201900003313,2019-06-17 04:30:00,2019,6,17,4,30,51,51409,RD 977,48.8533557,4.2680054,Crépuscule ou aube,Hors agglomération,Hors intersection,Normale,Sans collision,3,2,2,0,1,1,1,0,1,80,1,1,0,0,0,1,19.0,,voiture,,2,1,1,1,7
201900003314,2019-08-14 15:00:00,2019,8,14,15,0,33,33349,D10,44.74018,-0.48199,Plein jour,Hors agglomération,Intersection en T,Normale,Deux véhicules - arrière,3,2,2,0,1,1,1,0,1,70,2,2,1,0,1,0,16.0,55.0,deux_roues,voiture,1,1,3,1,2
201900003315,2019-10-23 13:15:00,2019,10,23,13,15,85,85047,Rte de Commequiers,46.824381,-1.856222,Plein jour,En agglomération,Intersection en X,Normale,Deux véhicules - côté,4,2,2,0,2,1,1,5,1,50,2,4,0,0,1,3,24.0,23.0,voiture,voiture,1,2,2,1,3
201900003316,2019-08-12 13:30:00,2019,8,12,13,30,77,77483,D97 - rue du four,49.00044,2.92979,Plein jour,En agglomération,Hors intersection,Normale,Sans collision,3,1,1,0,1,2,1,0,1,50,1,1,0,0,0,1,18.0,,deux_roues,,1,2,1,1,7
201900003317,2019-06-11 17:45:00,2019,6,11,17,45,51,51617,RD 21,49.0448777,4.325376,Plein jour,Hors agglomération,Intersection en T,Normale,Trois véhicules et plus - collisions multiples,1,1,-1,-1,1,1,1,0,1,-1,3,6,2,0,0,4,22.0,49.0,voiture,voiture,1,1,3,1,5
201900003318,2019-10-22 23:30:00,2019,10,22,23,30,27,27467,2 Rue du Pont Marchand,49.351189,0.521122,Nuit sans éclairage public,En agglomération,Hors intersection,Normale,Deux véhicules - frontale,4,1,1,0,1,2,1,0,1,50,2,2,1,0,1,0,26.0,16.0,voiture,deux_roues,3,2,1,1,1
201900003319,2019-08-14 19:15:00,2019,8,14,19,15,77,77317,D619 X D215,48.60681,2.8906,Plein jour,En agglomération,Intersection en T,Normale,Deux véhicules - côté,3,2,2,0,1,1,1,5,1,50,2,2,1,0,1,0,30.0,30.0,deux_roues,voiture,1,2,3,1,3
201900003320,2019-05-07 02:30:00,2019,5,7,2,30,19,19241,Vieille Maison,45.690638,2.103286,Nuit sans éclairage public,Hors agglomération,Hors intersection,Normale,Autre collision,3,2,2,0,2,3,1,0,3,80,1,3,1,0,1,1,42.0,,voiture,,3,1,1,1,6
201900003321,2019-08-12 15:00:00,2019,8,12,15,0,78,78623,N12,48.794266,1.876526,Plein jour,Hors agglomération,Hors intersection,Normale,Trois véhicules et plus - collisions multiples,2,3,4,0,1,1,1,0,3,110,3,5,1,0,0,4,47.0,,utilitaire_camion,,1,1,1,1,5
201900003322,2019-08-16 16:30:00,2019,8,16,16,30,2B,2B023,D 147,42.44581,9.016751,Plein jour,Hors agglomération,Hors intersection,Normale,Sans collision,3,2,2,0,2,3,1,0,1,80,1,1,0,0,1,0,36.0,,deux_roues,,1,1,1,1,7
201900003323,2019-06-11 18:00:00,2019,6,11,18,0,19,19005,cd 901,45.2339207,1.4252776,Plein jour,Hors agglomération,Hors intersection,Temps couvert,Deux véhicules - frontale,3,2,2,0,1,1,1,0,1,90,2,18,16,1,0,1,48.0,58.0,transport_commun,transport_commun,1,1,1,8,1
201900003324,2019-10-21 19:30:00,2019,10,21,19,30,974,97415,85 Rue Auguste Vinson,-21.030363,55.270419,Nuit sans éclairage public,En agglomération,Hors intersection,Normale,Deux véhicules - côté,4,2,2,0,2,1,1,0,1,50,2,2,1,0,1,0,30.0,54.0,deux_roues,voiture,3,2,1,1,3
201900003325,2019-06-10 22:00:00,2019,6,10,22,0,19,19117,Les Carrieres de Puymege,45.124638,1.46916,Nuit sans éclairage public,Hors agglomération,Hors intersection,Normale,Sans collision,3,2,2,0,2,2,1,0,3,80,1,2,0,0,2,0,31.0,,voiture,,3,1,1,1,7
201900003326,2019-05-31 16:50:00,2019,5,31,16,50,56,56131,La Roche Piriou,48.015749,-3.46877,Plein jour,Hors agglomération,Hors intersection,Normale,Trois véhicules et plus - collisions multiples,3,2,2,0,1,1,1,0,1,80,3,4,3,0,1,0,35.0,56.0,voiture,voiture,1,1,1,1,5
201900003327,2019-08-16 16:45:00,2019,8,16,16,45,34,34113,Issanka,43.4908136,3.7016416,Plein jour,En agglomération,Hors intersection,Normale,Deux véhicules - arrière,3,2,2,0,1,1,1,0,1,50,2,3,2,0,0,1,23.0,47.0,transport_commun,deux_roues,1,2,1,1,2
201900003328,2019-08-15 04:45:00,2019,8,15,4,45,34,34244,route nationale 113,43.661999,4.030684,Nuit sans éclairage public,En agglomération,Hors intersection,Normale,Autre collision,2,2,2,0,1,1,1,0,3,90,1,1,0,0,0,1,50.0,,deux_roues,,3,2,1,1,6
201900003329,2019-06-13 14:00:00,2019,6,13,14,0,56,56207,Saint Thuriau,47.944865,-3.049872,Plein jour,Hors agglomération,Hors intersection,Normale,Deux véhicules - frontale,3,2,2,0,1,4,1,0,1,50,2,2,1,0,0,1,62.0,75.0,voiture,voiture,1,1,1,1,1
201900003330,2019-06-13 18:00:00,2019,6,13,18,0,56,56017,kergal,47.878281,-2.786833,Plein jour,Hors agglomération,Hors intersection,Normale,Deux véhicules - frontale,4,2,2,0,1,1,1,0,1,70,2,2,1,0,1,0,18.0,31.0,deux_roues,voiture,1,1,1,1,1
201900003331,2019-08-15 09:30:00,2019,8,15,9,30,84,84136,d7,44.144257,4.986067,Plein jour,Hors agglomération,Hors intersection,Normale,Autre collision,3,2,2,0,1,1,1,0,1,80,2,4,3,1,0,0,70.0,26.0,autre,deux_roues,1,1,1,1,6
201900003332,2019-05-30 17:45:00,2019,5,30,17,45,56,56024,Queuvre,48.047539,-2.706163,Plein jour,Hors agglomération,Hors intersection,Normale,Sans collision,4,-1,2,0,1,1,1,0,3,50,1,2,1,0,1,0,44.0,,deux_roues,,1,1,1,1,7
201900003333,2019-08-14 06:40:00,2019,8,14,6,40,84,84122,Route d'Orange,44.099706,4.940298,Crépuscule ou aube,Hors agglomération,Hors intersection,Normale,Sans collision,3,2,2,0,1,1,1,0,1,80,1,3,1,0,1,1,20.0,,voiture,,2,1,1,1,7
201900003334,2019-10-22 12:10:00,2019,10,22,12,10,978,97801,Route Nationale 7,18.09895,-63.051569,Plein jour,Hors agglomération,Intersection en T,Normale,Deux véhicules - côté,2,2,2,0,1,1,1,0,8,70,2,2,1,0,1,0,37.0,17.0,voiture,deux_roues,1,1,3,1,3
201900003335,2019-05-26 04:15:00,2019,5,26,4,15,56,56060,La Hallais,47.73771,-2.191771,Nuit sans éclairage public,Hors agglomération,Hors intersection,Normale,Autre collision,4,-1,2,0,1,3,1,0,3,80,1,3,1,0,1,1,21.0,,voiture,,3,1,1,1,6
201900003336,2019-08-14 16:10:00,2019,8,14,16,10,5,05065,Rond point du chateau,44.654947,6.652125,Plein jour,En agglomération,Giratoire,Normale,Deux véhicules - côté,3,-1,1,0,4,1,1,0,1,50,2,3,2,0,0,1,80.0,60.0,voiture,deux_roues,1,2,6,1,3
201900003337,2019-10-23 18:00:00,2019,10,23,18,0,13,13051,départementale 19,43.574325,5.1741,Crépuscule ou aube,Hors agglomération,Hors intersection,Pluie forte,Deux véhicules - frontale,3,2,2,0,1,1,2,0,1,80,2,2,1,0,0,1,21.0,39.0,voiture,voiture,2,1,1,3,1
201900003338,2019-06-17 17:00:00,2019,6,17,17,0,56,56130,ZA de bellevue,47.739545,-3.222006,Plein jour,Hors agglomération,Hors intersection,Normale,Autre collision,4,2,2,0,1,1,1,0,3,50,1,1,0,1,0,0,68.0,,voiture,,1,1,1,1,6
201900003339,2019-08-15 14:40:00,2019,8,15,14,40,5,05079,RD1091,45.030561,6.4434828,Plein jour,Hors agglomération,Hors intersection,Normale,Deux véhicules - frontale,3,2,2,0,2,3,1,0,1,80,2,4,2,0,2,0,44.0,30.0,deux_roues,voiture,1,1,1,1,1
201900003340,2019-06-16 19:45:00,2019,6,16,19,45,56,56169,Rue Général de Gaulle,47.698641,-3.254125,Plein jour,En agglomération,Hors intersection,Normale,Autre collision,3,2,2,0,1,1,1,0,1,50,1,2,1,0,1,0,41.0,,utilitaire_camion,,1,2,1,1,6
201900003341,2019-10-22 18:10:00,2019,10,22,18,10,78,78043,Route de Saint Cyr,48.834322,2.08479,Plein jour,Hors agglomération,Intersection en T,Normale,Deux véhicules - côté,3,2,2,2,1,2,1,0,1,70,2,3,2,0,1,0,53.0,34.0,voiture,deux_roues,1,1,3,1,3
201900003342,2019-08-16 16:20:00,2019,8,16,16,20,4,04039,RD 952,43.830405,6.472895,Plein jour,Hors agglomération,Hors intersection,Normale,Trois véhicules et plus - collisions multiples,3,2,2,0,1,1,1,0,1,80,4,7,5,0,2,0,43.0,42.0,deux_roues,deux_roues,1,1,1,1,5
201900003343,2019-10-23 18:45:00,2019,10,23,18,45,74,74268,15 Rue du Pré Fornet,45.883185,6.106101,Nuit avec éclairage allumé,En agglomération,Intersection en X,Normale,Deux véhicules - côté,4,2,2,0,1,1,1,0,1,50,2,2,0,0,0,2,25.0,17.0,voiture,deux_roues,5,2,2,1,3
201900003344,2019-06-13 07:20:00,2019,6,13,7,20,56,56040,Kerchopine,47.890743,-3.34011,Crépuscule ou aube,Hors agglomération,Hors intersection,Pluie légère,Deux véhicules - frontale,3,2,2,0,1,1,2,0,1,80,2,3,1,0,2,0,65.0,22.0,voiture,utilitaire_camion,2,1,1,2,1
201900003345,2019-08-16 15:25:00,2019,8,16,15,25,4,04183,RD 955,43.912807,6.548404,Plein jour,Hors agglomération,Hors intersection,Normale,Deux véhicules - côté,3,2,2,0,2,1,1,0,1,80,2,3,2,0,0,1,23.0,22.0,deux_roues,voiture,1,1,1,1,3
201900003346,2019-06-15 04:30:00,2019,6,15,4,30,56,56248,route de Sulniac D183,47.5952,-2.621877,Nuit sans éclairage public,Hors agglomération,Hors intersection,Normale,Sans collision,3,2,2,0,1,1,1,0,3,80,1,1,0,1,0,0,39.0,,deux_roues,,3,1,1,1,7
201900003347,2019-10-23 01:20:00,2019,10,23,1,20,6,06085,D6185,43.587901,7.003576,Nuit sans éclairage public,En agglomération,Hors intersection,Normale,Deux véhicules - frontale,3,3,4,0,2,1,1,0,1,90,2,2,1,1,0,0,37.0,41.0,voiture,voiture,3,2,1,1,1
201900003348,2019-08-15 11:00:00,2019,8,15,11,0,4,04148,RD 4085,43.7973677,6.6257821,Plein jour,Hors agglomération,Hors intersection,Normale,Deux véhicules - frontale,3,2,2,0,1,3,1,0,1,80,2,3,2,0,0,1,69.0,35.0,voiture,deux_roues,1,1,1,1,1
201900003349,2019-06-20 12:20:00,2019,6,20,12,20,56,56143,Route de Billiers,47.551873,-2.482101,Plein jour,En agglomération,Intersection en T,Normale,Deux véhicules - frontale,3,2,2,0,2,3,1,0,1,50,2,2,1,0,1,0,20.0,16.0,voiture,deux_roues,1,2,3,1,1
201900003350,2019-10-23 15:45:00,2019,10,23,15,45,89,89333,A6,47.5045487,4.0459049,Plein jour,Hors agglomération,Hors intersection,Normale,Deux véhicules - arrière,1,3,4,0,1,1,1,0,1,130,2,5,3,0,0,2,49.0,49.0,voiture,utilitaire_camion,1,1,1,1,2
201900003351,2019-05-31 14:15:00,2019,5,31,14,15,56,56157,Kerhorno,47.798128,-2.729337,Plein jour,Hors agglomération,Hors intersection,Normale,Autre collision,3,2,2,0,2,1,1,0,3,80,1,1,0,0,0,1,18.0,,voiture,,1,1,1,1,6
201900003352,2019-08-17 11:29:00,2019,8,17,11,29,4,04195,RD 900 Karting,44.389318,6.593702,Plein jour,Hors agglomération,Intersection en T,Normale,Deux véhicules - arrière,3,2,2,0,1,1,1,0,1,80,2,3,2,0,1,0,55.0,28.0,deux_roues,voiture,1,1,3,1,2
201900003353,2019-06-15 03:00:00,2019,6,15,3,0,74,74256,525 route du Fayet,45.929435,6.637031,Nuit avec éclairage allumé,En agglomération,Hors intersection,Normale,Autre collision,3,2,2,0,1,1,1,9,4,50,1,1,0,0,1,0,57.0,,voiture,,5,2,1,1,6
201900003354,2019-10-23 07:50:00,2019,10,23,7,50,51,51480,A4,49.1438556,3.632528,Nuit sans éclairage public,Hors agglomération,Hors intersection,Normale,Deux véhicules - arrière,1,1,4,0,3,1,1,0,1,130,2,2,0,0,1,1,58.0,34.0,utilitaire_camion,utilitaire_camion,3,1,1,1,2
201900003355,2019-08-16 18:30:00,2019,8,16,18,30,13,13086,18 Avenue des Alliés,43.350373,5.604184,Plein jour,En agglomération,Hors intersection,Normale,Autre collision,3,2,2,0,1,1,1,0,1,50,1,2,1,0,1,0,86.0,,voiture,,1,2,1,1,6
201900003356,2019-10-20 07:30:00,2019,10,20,7,30,84,84078,A7,44.244642,4.708125,Nuit sans éclairage public,Hors agglomération,Hors intersection,Normale,Deux véhicules - arrière,1,3,4,0,1,1,1,0,1,130,2,3,2,0,1,0,62.0,19.0,utilitaire_camion,voiture,3,1,1,1,2
201900003357,2019-08-15 22:55:00,2019,8,15,22,55,13,13100,133 voie aurélia,43.782229,4.845623,Nuit sans éclairage public,Hors agglomération,Hors intersection,Normale,Deux véhicules - côté,4,2,1,0,1,1,1,0,1,50,2,2,1,0,1,0,21.0,41.0,deux_roues,voiture,3,1,1,1,3
201900003358,2019-05-29 08:40:00,2019,5,29,8,40,74,74313,Route de Body,46.052162,6.147155,Plein jour,Hors agglomération,Hors intersection,Normale,Deux véhicules - frontale,3,2,2,0,1,3,1,0,1,80,2,2,0,0,1,1,29.0,65.0,voiture,voiture,1,1,1,1,1
201900003359,2019-08-04 16:30:00,2019,8,4,16,30,89,89206,rue du luxembourg 89300,47.9842235,3.4051084,Plein jour,En agglomération,Hors intersection,Normale,Deux véhicules - côté,4,2,2,0,1,1,1,0,1,50,2,2,1,0,0,1,23.0,49.0,deux_roues,deux_roues,1,2,1,1,3
201900003360,2019-10-22 13:45:00,2019,10,22,13,45,987,98729,RT 91,-17.511184,-149.850457,Plein jour,Hors agglomération,Hors intersection,Normale,Deux véhicules - arrière,2,2,2,1,1,1,1,0,1,60,2,2,1,0,0,1,18.0,43.0,deux_roues,voiture,1,1,1,1,2
201900003361,2019-06-18 17:00:00,2019,6,18,17,0,74,74275,D909A,45.804213,6.23113,Plein jour,Hors agglomération,Hors intersection,Normale,Deux véhicules - côté,3,2,2,0,1,1,1,0,1,80,2,2,1,0,1,0,36.0,72.0,deux_roues,voiture,1,1,1,1,3
201900003362,2019-09-25 17:53:00,2019,9,25,17,53,974,97415,25 Chemin Bras Canot,-21.06878,55.289326,Plein jour,Hors agglomération,Hors intersection,Normale,Deux véhicules - frontale,3,2,2,0,2,2,1,0,1,90,2,2,1,0,1,0,16.0,43.0,deux_roues,voiture,1,1,1,1,1
201900003363,2019-10-21 19:30:00,2019,10,21,19,30,973,97304,Avenue de Pariacabo,5.155978,-52.659886,Nuit avec éclairage allumé,En agglomération,Hors intersection,Normale,Deux véhicules - frontale,4,2,2,1,1,1,1,0,5,-1,2,2,1,0,1,0,19.0,13.0,deux_roues,deux_roues,5,2,1,1,1
201900003364,2019-08-17 04:20:00,2019,8,17,4,20,89,89438,A6 PK 166+600,47.791555,3.668177,Nuit sans éclairage public,Hors agglomération,Autre intersection,Pluie légère,Deux véhicules - frontale,1,3,5,0,2,1,2,0,1,110,2,4,0,2,2,0,67.0,30.0,voiture,voiture,3,1,9,2,1
201900003365,2019-10-23 08:00:00,2019,10,23,8,0,45,45072,D101,47.9645965,1.9781479,Crépuscule ou aube,Hors agglomération,Hors intersection,Normale,Deux véhicules - frontale,3,2,2,0,2,3,2,0,1,80,2,2,0,1,0,1,34.0,47.0,deux_roues,voiture,2,1,1,1,1
201900003366,2019-08-15 17:13:00,2019,8,15,17,13,52,52545,Route de Vauxbons,47.866161,5.178758,Plein jour,Hors agglomération,Hors intersection,Normale,Autre collision,4,2,2,0,2,2,1,0,3,80,1,1,0,0,1,0,14.0,,deux_roues,,1,1,1,1,6
201900003367,2019-08-14 18:30:00,2019,8,14,18,30,52,52269,Rue Eugène Gallion,47.867644,5.34248,Plein jour,En agglomération,Hors intersection,Normale,Autre collision,4,2,2,0,2,1,1,0,3,30,1,1,0,0,0,1,21.0,,deux_roues,,1,2,1,1,6
201900003368,2019-08-04 19:20:00,2019,8,4,19,20,51,51250,RN 31,49.3080806,3.7024461,Plein jour,Hors agglomération,Hors intersection,Normale,Deux véhicules - frontale,2,2,3,0,1,2,1,0,1,80,2,2,1,0,0,1,23.0,28.0,voiture,deux_roues,1,1,1,1,1
201900003369,2019-10-21 13:55:00,2019,10,21,13,55,77,77318,RD216 X D20,48.792567,2.93487,Plein jour,Hors agglomération,Intersection en X,Normale,Deux véhicules - côté,3,2,2,0,1,1,1,0,1,70,2,3,2,0,0,1,65.0,58.0,voiture,voiture,1,1,2,1,3
201900003370,2019-06-17 07:10:00,2019,6,17,7,10,74,74242,Route d'Épagny,45.8317101,6.1509828,Plein jour,En agglomération,Intersection en X,Normale,Deux véhicules - côté,3,2,2,0,1,1,1,5,1,50,2,2,1,0,0,1,18.0,37.0,deux_roues,voiture,1,2,2,1,3
201900003371,2019-08-16 16:30:00,2019,8,16,16,30,68,68193,route du petit ballon,47.992462,7.130306,Plein jour,Hors agglomération,Hors intersection,Normale,Sans collision,9,2,2,0,2,2,9,0,1,80,1,1,0,0,1,0,47.0,,deux_roues,,1,1,1,1,7
201900003372,2019-06-13 18:10:00,2019,6,13,18,10,74,74282,Route de Groisy (Évires),46.0425252,6.2170459,Plein jour,Hors agglomération,Hors intersection,Normale,Deux véhicules - frontale,3,2,2,0,1,1,1,0,1,80,2,2,0,0,1,1,33.0,27.0,voiture,voiture,1,1,1,1,1
201900003373,2019-10-17 18:25:00,2019,10,17,18,25,34,34027,D120,43.732525,4.009676,Nuit sans éclairage public,Hors agglomération,Intersection en X,Pluie légère,Deux véhicules - côté,3,2,2,0,1,1,2,0,1,70,2,2,1,0,1,0,74.0,26.0,voiture,voiture,3,1,2,2,3
201900003374,2019-08-14 18:00:00,2019,8,14,18,0,68,68329,"CD 417 PK 1,4",48.060849,7.043047,Plein jour,Hors agglomération,Hors intersection,Normale,Sans collision,3,2,2,0,2,2,1,0,3,80,1,1,0,0,1,0,51.0,,deux_roues,,1,1,1,1,7
201900003375,2019-10-22 16:15:00,2019,10,22,16,15,84,84122,Boulevard du Comtat Venaissin,44.087257,4.968215,Plein jour,En agglomération,Hors intersection,Pluie légère,Deux véhicules - arrière,3,2,2,0,1,1,2,0,1,50,2,2,1,0,1,0,43.0,22.0,deux_roues,voiture,1,2,1,2,2
201900003376,2019-08-16 16:25:00,2019,8,16,16,25,67,67184,rue du stade,48.901206,7.977999,Plein jour,En agglomération,Hors intersection,Normale,Deux véhicules - côté,4,2,2,0,1,1,1,0,1,50,2,2,1,0,0,1,9.0,56.0,deux_roues,voiture,1,2,1,1,3
201900003377,2019-06-03 08:57:00,2019,6,3,8,57,77,77311,D210,48.4425,3.03956,Plein jour,Hors agglomération,Hors intersection,Normale,Autre collision,3,2,2,0,1,1,1,0,3,80,1,1,0,0,1,0,18.0,,voiture,,1,1,1,1,6
201900003378,2019-08-11 01:30:00,2019,8,11,1,30,67,67339,CD 263,48.9164548,7.8803403,Nuit sans éclairage public,Hors agglomération,Hors intersection,Normale,Deux véhicules - frontale,3,2,2,0,1,1,1,0,1,-1,2,3,1,0,0,2,20.0,53.0,voiture,voiture,3,1,1,1,1
201900003379,2019-05-31 09:50:00,2019,5,31,9,50,78,78300,RD 11,48.889532,1.722326,Plein jour,Hors agglomération,Intersection en X,Temps éblouissant,Deux véhicules - côté,3,-1,2,0,1,1,1,5,1,80,2,2,1,0,1,0,77.0,72.0,deux_roues,voiture,1,1,2,7,3
201900003380,2019-08-11 11:35:00,2019,8,11,11,35,67,67545,2 A Rue des Fleurs,48.310641,7.614144,Plein jour,En agglomération,Hors intersection,Normale,Deux véhicules - côté,4,2,2,0,1,1,1,0,1,50,2,2,1,0,1,0,35.0,59.0,voiture,deux_roues,1,2,1,1,3
201900003381,2019-06-14 05:45:00,2019,6,14,5,45,67,67088,93 Ferme Klappbach,48.980028,7.206792,Plein jour,Hors agglomération,Hors intersection,Normale,Autre collision,3,-1,2,0,2,1,9,0,1,80,1,1,0,0,1,0,37.0,,voiture,,1,1,1,1,6
201900003382,2019-06-06 06:40:00,2019,6,6,6,40,67,67234,rd 92,48.957454,7.046486,Crépuscule ou aube,Hors agglomération,Hors intersection,Normale,Autre collision,3,2,2,0,1,1,1,0,3,80,1,1,0,0,1,0,21.0,,voiture,,2,1,1,1,6
201900003383,2019-08-12 22:40:00,2019,8,12,22,40,67,67285,1 Quartier de la Gare,48.399085,7.621741,Nuit avec éclairage allumé,En agglomération,Hors intersection,Normale,Autre collision,3,3,4,0,1,2,1,0,8,110,1,3,2,0,0,1,37.0,,voiture,,5,2,1,1,6
201900003384,2019-06-18 05:55:00,2019,6,18,5,55,67,67414,RD 130,48.456822,7.211319,Plein jour,Hors agglomération,Hors intersection,Normale,Deux véhicules - frontale,3,2,2,0,2,4,1,0,1,70,2,2,0,0,1,1,48.0,26.0,voiture,voiture,1,1,1,1,1
201900003385,2019-08-14 14:20:00,2019,8,14,14,20,88,88133,140 Villancote,48.239687,6.506186,Plein jour,Hors agglomération,Hors intersection,Normale,Autre collision,3,2,2,0,1,2,1,0,3,80,1,2,1,0,1,0,88.0,,voiture,,1,1,1,1,6
201900003386,2019-06-08 14:50:00,2019,6,8,14,50,67,67165,D993,48.492016,7.15962,Plein jour,Hors agglomération,Hors intersection,Normale,Autre collision,3,2,2,0,2,1,1,0,1,80,1,1,0,0,1,0,38.0,,deux_roues,,1,1,1,1,6