accident_id,datetime,annee,mois,jour,heure,minute,departement,commune_insee,adresse,latitude,longitude,luminosite,agglomeration,intersection,meteo,collision,catr,circ,nbv,vosp,prof,plan,surf,infra,situ,vma,nb_vehicules,nb_usagers,nb_indemnes,nb_tues,nb_blesses_hosp,nb_blesses_legers,age_cond_1,age_cond_2,veh_type_cond_1,veh_type_cond_2,lum_code,agg_code,int_code,atm_code,col_code
201900003387,2019-08-17 15:30:00,2019,8,17,15,30,57,57355,lieu dit grand bois,49.020887,7.154092,Plein jour,Hors agglomération,Hors intersection,Pluie légère,Sans collision,3,-1,2,0,1,1,2,0,1,80,1,4,3,0,1,0,19.0,,utilitaire_camion,,1,1,1,2,7
201900003388,2019-06-04 23:54:00,2019,6,4,23,54,67,67448,101 Grand-rue,48.478239,7.218146,Nuit avec éclairage allumé,En agglomération,Hors intersection,Normale,Deux véhicules - arrière,3,2,2,0,1,1,1,0,1,30,2,2,1,0,1,0,19.0,44.0,voiture,deux_roues,5,2,1,1,2
201900003389,2019-08-14 01:05:00,2019,8,14,1,5,57,57669,6 Rue de Folkling,49.12974,6.892535,Nuit avec éclairage allumé,En agglomération,Hors intersection,Normale,Autre collision,3,2,2,0,4,2,1,0,4,50,1,4,0,0,4,0,18.0,,voiture,,5,2,1,1,6
201900003390,2019-06-01 20:00:00,2019,6,1,20,0,76,76655,Rue des remparts,49.869369,0.716164,Crépuscule ou aube,En agglomération,Hors intersection,Normale,Autre collision,6,-1,-1,0,1,1,1,0,1,50,1,2,1,0,1,0,65.0,,voiture,,2,2,1,1,6
201900003391,2019-06-16 11:45:00,2019,6,16,11,45,76,76419,RD265,49.3945,0.8972,Plein jour,Hors agglomération,Intersection en X,Normale,Autre collision,3,2,2,0,1,3,1,0,1,80,1,1,0,0,1,0,53.0,,deux_roues,,1,1,2,1,6
201900003392,2019-08-14 16:24:00,2019,8,14,16,24,3,03286,,46.4947912,3.3611205,Plein jour,Hors agglomération,Hors intersection,Normale,Deux véhicules - frontale,2,2,2,0,1,2,1,0,1,80,2,4,0,1,2,1,56.0,34.0,utilitaire_camion,voiture,1,1,1,1,1
201900003393,2019-06-13 22:50:00,2019,6,13,22,50,76,76263,"PK 29+200, R.N. 31",49.4635,1.4734,Nuit sans éclairage public,Hors agglomération,Hors intersection,Normale,Autre collision,2,2,2,0,1,2,1,0,1,80,1,2,1,1,0,0,34.0,,voiture,,3,1,1,1,6
201900003394,2019-08-14 14:25:00,2019,8,14,14,25,73,73054,D1090 avenue du maréchal Leclerc,45.619931,6.770939,Plein jour,En agglomération,Hors intersection,Normale,Autre collision,3,2,2,2,1,1,1,0,1,50,1,2,1,0,1,0,56.0,,voiture,,1,2,1,1,6
201900003395,2019-06-18 21:20:00,2019,6,18,21,20,76,76248,route de roquemont,49.593726,1.333469,Plein jour,Hors agglomération,Hors intersection,Normale,Deux véhicules - frontale,3,2,2,0,1,1,1,0,1,80,2,2,1,0,1,0,31.0,27.0,deux_roues,voiture,1,1,1,1,1
201900003396,2019-06-19 17:45:00,2019,6,19,17,45,76,76555,route de neufchatel,49.545521,1.233186,Plein jour,Hors agglomération,Intersection en X,Pluie légère,Deux véhicules - côté,3,2,2,0,1,1,2,0,1,80,2,2,1,0,1,0,34.0,47.0,deux_roues,voiture,1,1,2,2,3
201900003397,2019-08-16 15:00:00,2019,8,16,15,0,73,73211,D925 Route d'ALBERTVILLE - LIEU DIT LES ROENGERS,45.7007598,6.4286115,Plein jour,Hors agglomération,Hors intersection,Normale,Deux véhicules - frontale,3,2,2,0,1,4,1,0,1,80,2,3,1,0,1,1,53.0,23.0,voiture,deux_roues,1,1,1,1,1
201900003398,2019-06-12 18:09:00,2019,6,12,18,9,76,76271,route du Bolhard,49.581303,1.168309,Plein jour,Hors agglomération,Hors intersection,Normale,Deux véhicules - frontale,3,2,2,0,2,3,1,0,1,80,2,2,0,1,0,1,39.0,50.0,voiture,deux_roues,1,1,1,1,1
201900003399,2019-08-13 15:20:00,2019,8,13,15,20,73,73150,Route de Pierrolaz (La Côte-d'Aime),45.5659803,6.6662855,Plein jour,En agglomération,Intersection en Y,Normale,Deux véhicules - côté,4,2,2,0,2,1,1,0,1,50,2,3,1,0,2,0,51.0,16.0,voiture,deux_roues,1,2,4,1,3
201900003400,2019-06-04 18:30:00,2019,6,4,18,30,76,76517,route de dieppe,49.521861,1.141508,Plein jour,Hors agglomération,Intersection en X,Temps couvert,Trois véhicules et plus - collisions multiples,3,2,2,0,1,1,2,0,1,80,3,5,2,0,1,2,21.0,66.0,voiture,voiture,1,1,2,8,5
201900003401,2019-08-15 17:00:00,2019,8,15,17,0,26,26163,route du col de la bataille,44.921552,5.202686,Plein jour,Hors agglomération,Intersection en T,Normale,Sans collision,3,2,2,0,2,4,9,0,1,80,1,2,1,0,0,1,58.0,,deux_roues,,1,1,3,1,7
201900003402,2019-08-15 22:17:00,2019,8,15,22,17,1,01060,Le Pontet,46.048491,5.603249,Nuit sans éclairage public,Hors agglomération,Hors intersection,Normale,Sans collision,3,2,2,0,1,1,1,0,8,80,1,1,0,1,0,0,42.0,,voiture,,3,1,1,1,7
201900003403,2019-06-14 18:00:00,2019,6,14,18,0,79,79202,8 avenue victor hugo,46.647777,-0.24076,Plein jour,En agglomération,Hors intersection,Normale,Deux véhicules - arrière,3,2,2,0,1,1,1,0,1,50,2,2,1,0,1,0,50.0,61.0,autre,voiture,1,2,1,1,2
201900003404,2019-06-03 19:45:00,2019,6,3,19,45,79,79250,Route de St Varent,46.900282,-0.267422,Plein jour,Hors agglomération,Hors intersection,Normale,Autre collision,4,2,2,0,1,1,1,0,3,80,1,3,2,0,1,0,20.0,,voiture,,1,1,1,1,6
201900003405,2019-06-07 16:25:00,2019,6,7,16,25,79,79079,N249,46.970329,-0.803806,Plein jour,Hors agglomération,Hors intersection,Vent fort / tempête,Autre collision,2,3,4,0,1,1,3,0,3,110,1,1,0,1,0,0,64.0,,voiture,,1,1,1,6,6
201900003406,2019-06-02 14:20:00,2019,6,2,14,20,79,79079,Rue Louis Bordier,46.984267,-0.846125,Plein jour,Hors agglomération,Hors intersection,Normale,Autre collision,4,2,2,0,1,1,1,0,1,80,1,1,0,0,1,0,20.0,,deux_roues,,1,1,1,1,6
201900003407,2019-05-04 07:00:00,2019,5,4,7,0,2A,2A362,RT 10 STE LUCIE DE PORTO VECCHIO,41.6995129,9.3470713,Plein jour,En agglomération,Hors intersection,Normale,Sans collision,2,2,2,0,1,1,1,0,3,50,1,2,1,0,1,0,28.0,,voiture,,1,2,1,1,7
201900003408,2019-06-13 19:35:00,2019,6,13,19,35,2B,2B123,route de la mer,42.0164135,9.4045955,Plein jour,En agglomération,Intersection en T,Temps éblouissant,Deux véhicules - côté,3,2,2,0,1,1,1,0,1,50,2,2,1,0,1,0,44.0,48.0,voiture,deux_roues,1,2,3,7,3
201900003409,2019-06-15 14:25:00,2019,6,15,14,25,2B,2B315,RT20,42.248295,9.176547,Plein jour,En agglomération,Hors intersection,Normale,Deux véhicules - frontale,2,2,2,0,1,1,1,0,1,50,2,4,1,0,0,3,61.0,15.0,deux_roues,deux_roues,1,2,1,1,1
201900003410,2019-06-06 11:25:00,2019,6,6,11,25,2B,2B096,RT 50,42.304745,9.157492,Plein jour,En agglomération,Hors intersection,Normale,Deux véhicules - côté,2,2,2,0,2,3,1,1,1,50,2,2,1,0,1,0,36.0,33.0,deux_roues,utilitaire_camion,1,2,1,1,3
201900003411,2019-06-15 19:15:00,2019,6,15,19,15,2B,2B150,rt 30,42.599634,8.839848,Plein jour,Hors agglomération,Hors intersection,Normale,Deux véhicules - côté,2,2,2,0,1,1,1,0,1,70,2,2,1,0,0,1,25.0,32.0,deux_roues,voiture,1,1,1,1,3
201900003412,2019-06-03 08:45:00,2019,6,3,8,45,2B,2B049,Route de Calenzana,42.529642,8.834371,Plein jour,Hors agglomération,Hors intersection,Normale,Deux véhicules - arrière,3,2,2,0,1,1,1,0,1,80,2,2,1,0,0,1,17.0,35.0,deux_roues,voiture,1,1,1,1,2
201900003413,2019-07-29 17:40:00,2019,7,29,17,40,69,69093,CD504 les brosses 69870,46.047933,4.45908,Plein jour,Hors agglomération,Hors intersection,Normale,Autre collision,3,2,2,0,2,4,1,9,1,80,1,1,0,0,1,0,40.0,,deux_roues,,1,1,1,1,6
201900003414,2019-06-17 16:35:00,2019,6,17,16,35,2B,2B246,RD 205,42.434313,9.376039,Plein jour,Hors agglomération,Hors intersection,Normale,Deux véhicules - frontale,3,2,2,0,2,2,1,0,1,80,2,2,0,0,0,2,78.0,31.0,voiture,voiture,1,1,1,1,1
201900003415,2019-08-16 17:00:00,2019,8,16,17,0,69,69243,route de valsonne,45.90286,4.43184,Plein jour,Hors agglomération,Hors intersection,Normale,Autre collision,3,2,2,0,2,2,1,0,1,80,1,1,0,0,1,0,57.0,,deux_roues,,1,1,1,1,6
201900003416,2019-08-16 18:15:00,2019,8,16,18,15,69,69227,RD 311 PK 19,45.66338,4.579272,Plein jour,Hors agglomération,Hors intersection,Normale,Deux véhicules - frontale,3,2,3,2,2,2,1,0,1,80,2,2,0,0,1,1,21.0,43.0,voiture,voiture,1,1,1,1,1
201900003417,2019-06-16 18:30:00,2019,6,16,18,30,2B,2B319,RT 10,42.425903,9.527252,Plein jour,Hors agglomération,Intersection en Y,Normale,Trois véhicules et plus - collisions multiples,2,2,2,0,1,3,1,0,1,80,3,5,4,0,0,1,66.0,42.0,voiture,voiture,1,1,4,1,5
201900003418,2019-06-15 02:30:00,2019,6,15,2,30,2B,2B077,Route d'Anghione,42.473956,9.51163,Nuit sans éclairage public,Hors agglomération,Hors intersection,Normale,Autre collision,3,2,2,0,2,3,1,0,3,80,1,1,0,1,0,0,25.0,,voiture,,3,1,1,1,6
201900003419,2019-06-07 02:30:00,2019,6,7,2,30,2B,2B207,Folelli,42.444559,9.508004,Nuit avec éclairage allumé,En agglomération,Giratoire,Normale,Autre collision,2,2,2,0,1,1,1,0,1,50,1,1,0,0,1,0,27.0,,deux_roues,,5,2,6,1,6
201900003420,2019-08-16 00:15:00,2019,8,16,0,15,81,81105,Avenue de Gaillac,43.773579,1.9994,Nuit sans éclairage public,Hors agglomération,Hors intersection,Normale,Autre collision,3,2,2,0,2,3,1,0,1,80,1,1,0,0,0,1,22.0,,voiture,,3,1,1,1,6
201900003421,2019-06-04 17:20:00,2019,6,4,17,20,2B,2B319,RT 10 lieu dt miloni  - vallée longhe,42.420375,9.528711,Plein jour,Hors agglomération,Intersection en T,Normale,Deux véhicules - côté,2,2,2,0,2,1,1,0,1,70,2,4,0,0,3,1,71.0,34.0,voiture,voiture,1,1,3,1,3
201900003422,2019-08-14 05:25:00,2019,8,14,5,25,17,17360,RD 201,46.159521,-1.335243,Nuit sans éclairage public,Hors agglomération,Intersection en T,Normale,Deux véhicules - côté,3,2,2,0,1,1,1,5,1,70,2,2,1,0,1,0,44.0,18.0,voiture,deux_roues,3,1,3,1,3
201900003423,2019-06-15 11:25:00,2019,6,15,11,25,80,80274,48 rue Jean MOULN,49.738386,3.06633,Plein jour,En agglomération,Hors intersection,Normale,Deux véhicules - frontale,3,2,2,0,1,1,1,0,1,50,2,2,1,0,0,1,70.0,,voiture,,1,2,1,1,1
201900003424,2019-06-17 19:25:00,2019,6,17,19,25,80,80177,D44,49.895916,3.02172,Crépuscule ou aube,Hors agglomération,Hors intersection,Temps éblouissant,Deux véhicules - frontale,3,2,2,0,1,1,1,0,1,80,2,2,0,0,2,0,61.0,56.0,voiture,voiture,2,1,1,7,1
201900003425,2019-08-13 15:00:00,2019,8,13,15,0,40,40278,3173 Route de Sainte-Eulalie,44.246738,-1.169043,Plein jour,Hors agglomération,Hors intersection,Normale,Deux véhicules - côté,3,2,2,0,1,3,1,0,1,80,2,3,1,0,1,1,45.0,47.0,voiture,utilitaire_camion,1,1,1,1,3
201900003426,2019-06-04 20:00:00,2019,6,4,20,0,80,80802,59 Rue d'Épehy,49.984861,3.123078,Plein jour,En agglomération,Hors intersection,Normale,Autre collision,3,2,2,0,4,1,2,0,3,50,1,2,1,0,0,1,47.0,,voiture,,1,2,1,1,6
201900003427,2019-08-11 09:35:00,2019,8,11,9,35,33,33501,D111,44.62605,-0.61205,Plein jour,Hors agglomération,Hors intersection,Normale,Deux véhicules - côté,3,2,2,0,1,1,1,0,1,80,2,3,1,0,1,1,56.0,73.0,voiture,voiture,1,1,1,1,3
201900003428,2019-06-08 03:45:00,2019,6,8,3,45,80,80494,CD 134,49.732985,2.39422,Nuit sans éclairage public,Hors agglomération,Hors intersection,Vent fort / tempête,Autre collision,3,2,2,0,2,2,1,0,3,80,1,2,0,0,1,1,24.0,,deux_roues,,3,1,1,6,6
201900003429,2019-08-15 18:30:00,2019,8,15,18,30,33,33019,D5E5 Rte de bordeaux,44.69546,-0.980945,Plein jour,En agglomération,Intersection en T,Normale,Deux véhicules - frontale,3,2,2,0,1,1,1,5,1,50,2,3,1,0,1,1,67.0,20.0,voiture,voiture,1,2,3,1,1
201900003430,2019-08-13 22:45:00,2019,8,13,22,45,85,85302,Le Landreau,46.97158,-0.96905,Nuit sans éclairage public,Hors agglomération,Hors intersection,Normale,Deux véhicules - frontale,3,2,2,0,1,1,1,0,1,80,2,6,4,0,2,0,41.0,41.0,voiture,voiture,3,1,1,1,1
201900003431,2019-06-01 22:45:00,2019,6,1,22,45,80,80148,37 rue du petit selve,50.024343,1.565342,Nuit sans éclairage public,En agglomération,Hors intersection,Normale,Autre collision,4,2,1,0,1,1,1,0,1,50,1,1,0,0,0,1,17.0,,deux_roues,,3,2,1,1,6
201900003432,2019-07-07 18:00:00,2019,7,7,18,0,72,72025,Le Chêne Vert (Cré-sur-Loir),47.673166,-0.128103,Plein jour,Hors agglomération,Hors intersection,Normale,Deux véhicules - côté,3,2,2,0,1,1,1,0,1,80,2,4,0,0,0,4,19.0,25.0,voiture,voiture,1,1,1,1,3
201900003433,2019-06-17 17:40:00,2019,6,17,17,40,80,80656,Rue de la Chapelle,49.825845,2.085853,Plein jour,En agglomération,Intersection en X,Normale,Deux véhicules - côté,3,2,2,0,1,1,1,0,1,50,2,3,2,0,1,0,71.0,65.0,deux_roues,voiture,1,2,2,1,3
201900003434,2019-08-15 08:30:00,2019,8,15,8,30,49,49301,L'Orvoire (Tillières),47.160398,-1.165712,Plein jour,Hors agglomération,Intersection en T,Normale,Sans collision,3,2,2,0,1,1,1,0,8,80,1,4,2,0,1,1,19.0,,voiture,,1,1,3,1,7
201900003435,2019-06-14 08:45:00,2019,6,14,8,45,82,82001,Route de Nivelle,44.04023,1.277189,Plein jour,Hors agglomération,Hors intersection,Normale,Deux véhicules - frontale,3,2,2,0,1,1,1,0,1,80,2,2,0,0,1,1,35.0,23.0,voiture,voiture,1,1,1,1,1
201900003436,2019-05-04 11:20:00,2019,5,4,11,20,82,82161,cd 115- che de pradelles,44.04625,1.448479,Plein jour,Hors agglomération,Intersection en X,Normale,Deux véhicules - côté,3,2,2,0,1,1,1,0,1,80,2,2,1,0,1,0,72.0,34.0,voiture,deux_roues,1,1,2,1,3
201900003437,2019-08-07 10:15:00,2019,8,7,10,15,44,44047,88 Rue Alexandre Olivier,47.219992,-1.724669,Plein jour,En agglomération,Hors intersection,Normale,Deux véhicules - côté,7,2,2,0,2,1,1,0,1,50,2,2,1,0,1,0,22.0,64.0,voiture,deux_roues,1,2,1,1,3
201900003438,2019-08-14 05:50:00,2019,8,14,5,50,14,14554,N 158 PK 031.400,49.088329,-0.305794,Nuit sans éclairage public,Hors agglomération,Hors intersection,Normale,Deux véhicules - arrière,2,3,4,0,1,1,1,0,1,110,2,3,0,0,1,2,22.0,20.0,voiture,voiture,3,1,1,1,2
201900003439,2019-06-07 17:35:00,2019,6,7,17,35,82,82149,D820,44.141383,1.513479,Plein jour,Hors agglomération,Hors intersection,Normale,Autre collision,3,2,3,0,1,1,1,0,2,90,1,2,0,1,1,0,42.0,,deux_roues,,1,1,1,1,6
201900003440,2019-08-15 05:35:00,2019,8,15,5,35,22,22154,RD786,48.513219,-2.6028478,Nuit sans éclairage public,Hors agglomération,Intersection en T,Pluie légère,Deux véhicules - côté,3,2,2,0,3,1,2,0,1,80,2,3,0,0,0,3,21.0,45.0,voiture,utilitaire_camion,3,1,3,2,3
201900003441,2019-06-06 08:15:00,2019,6,6,8,15,82,82090,285 Chemin de Pech de Cos,44.092748,1.403443,Plein jour,Hors agglomération,Hors intersection,Normale,Autre collision,4,2,2,0,2,2,1,0,3,50,1,1,0,0,0,1,18.0,,voiture,,1,1,1,1,6
201900003442,2019-08-14 15:00:00,2019,8,14,15,0,22,22136,Boulevard de Penthievre,48.190971,-2.755856,Plein jour,En agglomération,Giratoire,Pluie légère,Sans collision,3,2,2,0,1,2,2,5,1,50,1,1,0,0,0,1,21.0,,deux_roues,,1,2,6,2,7
201900003443,2019-06-05 17:00:00,2019,6,5,17,0,41,41185,"Aire de repos de Romorantin, PK 176+100",47.337787,1.666128,Plein jour,Hors agglomération,Hors intersection,Pluie forte,Sans collision,1,1,1,0,2,4,2,9,8,50,1,2,0,0,2,0,58.0,,deux_roues,,1,1,1,3,7
201900003444,2019-06-02 19:00:00,2019,6,2,19,0,65,65031,D919,42.895217,0.355383,Plein jour,Hors agglomération,Autre intersection,Pluie forte,Deux véhicules - frontale,3,2,2,0,2,3,2,0,1,80,2,3,2,0,1,0,68.0,25.0,voiture,deux_roues,1,1,9,3,1
201900003445,2019-06-01 13:40:00,2019,6,1,13,40,65,65257,N2021,43.1614067,-0.0148219,Plein jour,En agglomération,Hors intersection,Normale,Sans collision,2,1,1,0,2,2,1,0,3,80,1,1,0,0,1,0,51.0,,deux_roues,,1,2,1,1,7
201900003446,2019-06-07 20:10:00,2019,6,7,20,10,33,33301,Le Sabley,44.78765,-0.17045,Plein jour,Hors agglomération,Hors intersection,Normale,Deux véhicules - frontale,3,2,2,0,2,1,1,0,1,80,2,2,0,0,2,0,53.0,19.0,voiture,voiture,1,1,1,1,1
201900003447,2019-06-14 19:45:00,2019,6,14,19,45,33,33095,35 Route de Bazas - piétonne traverse des n° impairs vers pairs,44.2931,-0.26107,Plein jour,En agglomération,Hors intersection,Normale,Autre collision,2,2,2,0,1,1,1,0,1,50,1,2,1,0,1,0,23.0,,voiture,,1,2,1,1,6
201900003448,2019-06-02 12:10:00,2019,6,2,12,10,33,33236,RD106 / route forestière du Truc Vert,44.68653,-1.2462,Plein jour,Hors agglomération,Intersection en T,Normale,Trois véhicules et plus - collisions multiples,3,2,2,0,1,1,1,0,1,70,3,5,2,0,2,1,51.0,59.0,deux_roues,deux_roues,1,1,3,1,5
201900003449,2019-05-24 18:15:00,2019,5,24,18,15,69,69066,Route de THIZY,46.0956097,4.3164182,Plein jour,En agglomération,Hors intersection,Normale,Deux véhicules - frontale,3,2,2,0,2,3,1,0,1,50,2,3,2,0,1,0,18.0,55.0,deux_roues,voiture,1,2,1,1,1
201900003450,2019-06-13 12:15:00,2019,6,13,12,15,81,81120,la lande basse,43.538533,2.252353,Plein jour,En agglomération,Hors intersection,Temps éblouissant,Deux véhicules - frontale,4,2,2,0,2,2,1,0,1,50,2,2,1,0,1,0,17.0,56.0,deux_roues,voiture,1,2,1,7,1
201900003451,2019-03-27 18:15:00,2019,3,27,18,15,14,14431,Les Quatre Routes (le mesnil mauger),49.077585,-0.008392,Plein jour,Hors agglomération,Intersection en X,Normale,Deux véhicules - côté,3,2,2,0,1,1,1,5,1,80,2,2,1,1,0,0,17.0,45.0,deux_roues,utilitaire_camion,1,1,2,1,3
201900003452,2019-03-27 18:15:00,2019,3,27,18,15,64,64138,D938,43.2477426,-0.2754099,Plein jour,Hors agglomération,Hors intersection,Normale,Deux véhicules - arrière,3,2,2,0,1,1,1,0,1,80,2,2,1,0,0,1,44.0,83.0,deux_roues,voiture,1,1,1,1,2
201900003453,2019-03-27 10:00:00,2019,3,27,10,0,24,24296,Rue du Docteur Daude Lagrave,44.85492,0.594438,Plein jour,En agglomération,Hors intersection,Temps éblouissant,Autre collision,3,2,2,0,1,1,1,0,1,50,1,2,1,0,1,0,85.0,,voiture,,1,2,1,7,6
201900003454,2019-03-25 07:45:00,2019,3,25,7,45,4,04116,RD 4 / VC domaine Saint Georges,43.993744,5.932922,Plein jour,Hors agglomération,Intersection en T,Normale,Deux véhicules - côté,3,2,2,0,1,1,1,0,1,80,2,2,0,0,0,2,36.0,38.0,voiture,voiture,1,1,3,1,3
201900003455,2019-03-23 21:15:00,2019,3,23,21,15,17,17464,RD 150,46.066645,-0.507814,Crépuscule ou aube,Hors agglomération,Hors intersection,Normale,Deux véhicules - frontale,3,2,2,0,1,1,1,0,1,80,2,2,1,0,1,0,44.0,55.0,voiture,voiture,2,1,1,1,1
201900003456,2019-03-26 14:30:00,2019,3,26,14,30,87,87115,Route départementale D6 bis,45.610013,0.825015,Plein jour,Hors agglomération,Hors intersection,Normale,Deux véhicules - côté,3,2,2,0,1,1,1,0,1,80,2,4,3,0,1,0,24.0,64.0,utilitaire_camion,voiture,1,1,1,1,3
201900003457,2019-03-25 14:45:00,2019,3,25,14,45,87,87104,Chez Thivaud,45.697742,1.854334,Plein jour,Hors agglomération,Hors intersection,Temps éblouissant,Autre collision,3,2,2,0,1,1,1,0,3,80,1,1,0,0,1,0,44.0,,voiture,,1,1,1,7,6
201900003458,2019-03-14 09:45:00,2019,3,14,9,45,37,37204,D2-D48,47.538272,0.631458,Plein jour,Hors agglomération,Intersection en X,Normale,Deux véhicules - côté,3,2,2,0,1,1,2,0,5,80,2,2,1,0,0,1,45.0,48.0,voiture,voiture,1,1,2,1,3
201900003459,2019-03-22 18:30:00,2019,3,22,18,30,30,30228,D979,43.942602,4.376303,Plein jour,Hors agglomération,Hors intersection,Normale,Autre collision,3,2,2,0,2,2,1,0,1,80,1,1,0,0,1,0,24.0,,deux_roues,,1,1,1,1,6
201900003460,2019-03-22 10:45:00,2019,3,22,10,45,8,08367,"D1, route de revin",49.921302,4.563307,Plein jour,Hors agglomération,Hors intersection,Temps éblouissant,Sans collision,3,2,2,0,2,1,1,0,3,80,1,1,0,1,0,0,85.0,,voiture,,1,1,1,7,7
201900003461,2019-03-27 11:50:00,2019,3,27,11,50,31,31324,A64 bretelle BOUSSENS PK 000.340,43.186132,0.979009,Plein jour,Hors agglomération,Hors intersection,Normale,Autre collision,1,1,1,0,1,2,1,3,3,50,1,2,0,0,1,1,73.0,,voiture,,1,1,1,1,6
201900003462,2019-03-27 13:20:00,2019,3,27,13,20,74,74067,56 Route de Cran-Gevrier,45.895946,6.072494,Plein jour,Hors agglomération,Hors intersection,Normale,Sans collision,4,2,2,0,4,2,1,0,3,80,1,2,0,0,2,0,16.0,,deux_roues,,1,1,1,1,7
201900003463,2019-03-27 00:40:00,2019,3,27,0,40,21,21285,Autoroute A36,47.064659,5.293299,Nuit sans éclairage public,Hors agglomération,Hors intersection,Normale,Deux véhicules - arrière,1,3,4,0,1,1,1,0,1,130,2,2,0,1,0,1,39.0,40.0,voiture,utilitaire_camion,3,1,1,1,2
201900003464,2019-03-22 11:10:00,2019,3,22,11,10,30,30125,A54 - PK 007+500,43.77676,4.416665,Plein jour,Hors agglomération,Hors intersection,Normale,Deux véhicules - côté,1,3,4,0,1,1,1,0,1,130,2,3,1,0,0,2,58.0,77.0,voiture,voiture,1,1,1,1,3
201900003465,2019-03-23 18:05:00,2019,3,23,18,5,69,69252,RD 502,45.54008,4.67246,Plein jour,En agglomération,Hors intersection,Temps éblouissant,Deux véhicules - frontale,3,2,2,0,2,3,1,0,1,50,2,5,0,0,0,5,24.0,29.0,voiture,voiture,1,2,1,7,1
201900003466,2019-03-26 13:50:00,2019,3,26,13,50,34,34123,24 Avenue des Hauts de Fontcaude,43.628355,3.799934,Plein jour,En agglomération,Hors intersection,Normale,Deux véhicules - frontale,4,2,2,0,2,1,1,0,3,50,2,2,1,0,0,1,30.0,25.0,deux_roues,voiture,1,2,1,1,1
201900003467,2019-03-27 02:45:00,2019,3,27,2,45,971,97112,Route de Folle Anse,15.937332,-61.335944,Nuit sans éclairage public,Hors agglomération,Hors intersection,Normale,Autre collision,3,2,2,0,1,2,1,0,3,80,1,2,0,1,1,0,31.0,,voiture,,3,1,1,1,6
201900003468,2019-03-26 16:15:00,2019,3,26,16,15,77,77192,RD 402 pk 33+169,48.7020554,2.9147265,Plein jour,Hors agglomération,Hors intersection,Normale,Deux véhicules - frontale,3,2,2,0,1,3,1,0,1,80,2,3,2,1,0,0,65.0,44.0,voiture,utilitaire_camion,1,1,1,1,1
201900003469,2019-03-26 21:10:00,2019,3,26,21,10,95,95438,RD43,49.133702,1.88814,Nuit sans éclairage public,Hors agglomération,Hors intersection,Normale,Trois véhicules et plus - collisions multiples,3,2,2,0,1,1,1,0,1,80,3,3,0,0,1,2,55.0,70.0,voiture,voiture,3,1,1,1,5
201900003470,2019-03-26 13:55:00,2019,3,26,13,55,78,78443,Route Nationale 12,48.799847,1.85457,Plein jour,Hors agglomération,Hors intersection,Temps éblouissant,Deux véhicules - côté,2,3,4,0,1,2,1,0,1,110,2,2,1,0,1,0,42.0,72.0,deux_roues,voiture,1,1,1,7,3
201900003471,2019-03-26 21:05:00,2019,3,26,21,5,34,34199,Route de Caux,43.476757,3.396865,Nuit sans éclairage public,Hors agglomération,Hors intersection,Normale,Autre collision,3,2,2,0,1,1,1,0,3,80,1,1,0,0,1,0,45.0,,voiture,,3,1,1,1,6
201900003472,2019-03-26 12:50:00,2019,3,26,12,50,5,05172,Lieu-dit La Blache,44.355781,5.717347,Plein jour,Hors agglomération,Hors intersection,Normale,Sans collision,3,2,2,0,1,1,1,0,3,80,1,1,0,0,1,0,71.0,,voiture,,1,1,1,1,7
201900003473,2019-03-27 08:55:00,2019,3,27,8,55,81,81099,D988,43.8862729,1.868342,Plein jour,Hors agglomération,Intersection en T,Normale,Deux véhicules - côté,3,2,2,-1,1,1,1,9,1,80,2,2,0,0,0,2,47.0,86.0,voiture,voiture,1,1,3,1,3
201900003474,2019-03-26 18:14:00,2019,3,26,18,14,9,09099,RD 117,42.98338,1.571984,Plein jour,Hors agglomération,Hors intersection,Normale,Deux véhicules - frontale,3,2,2,0,2,2,1,0,1,80,2,2,1,0,1,0,17.0,23.0,deux_roues,voiture,1,1,1,1,1
201900003475,2019-03-25 14:57:00,2019,3,25,14,57,44,44176,Rue Jules Verne,47.353075,-2.182337,Plein jour,En agglomération,Hors intersection,Normale,Trois véhicules et plus - collisions multiples,3,2,2,0,1,3,1,0,1,50,3,3,1,0,0,2,35.0,61.0,voiture,voiture,1,2,1,1,5
201900003476,2019-03-27 14:00:00,2019,3,27,14,0,22,22282,43 Boulevard de Penthievre,48.627377,-2.266111,Plein jour,En agglomération,Hors intersection,Normale,Sans collision,3,2,2,0,1,1,1,0,5,50,1,1,0,1,0,0,79.0,,deux_roues,,1,2,1,1,7
201900003477,2019-03-24 17:10:00,2019,3,24,17,10,22,22162,Rue de Beauport -D786,48.7651505,-3.0179008,Plein jour,Hors agglomération,Hors intersection,Normale,Deux véhicules - frontale,3,2,2,0,1,2,1,0,1,70,2,3,1,0,0,2,40.0,77.0,deux_roues,voiture,1,1,1,1,1
201900003478,2019-03-14 12:55:00,2019,3,14,12,55,60,60141,Av de verdun,49.186824,2.459594,Plein jour,En agglomération,Hors intersection,Normale,Deux véhicules - frontale,9,1,1,2,1,2,1,0,1,30,2,2,1,0,1,0,42.0,77.0,voiture,deux_roues,1,2,1,1,1