accident_id,datetime,annee,mois,jour,heure,minute,departement,commune_insee,adresse,latitude,longitude,luminosite,agglomeration,intersection,meteo,collision,catr,circ,nbv,vosp,prof,plan,surf,infra,situ,vma,nb_vehicules,nb_usagers,nb_indemnes,nb_tues,nb_blesses_hosp,nb_blesses_legers,age_cond_1,age_cond_2,veh_type_cond_1,veh_type_cond_2,lum_code,agg_code,int_code,atm_code,col_code
201900003659,2019-11-26 12:20:00,2019,11,26,12,20,17,17300,SCIERIE   RUE DE LA,46.14738,-1.15306,Plein jour,En agglomération,Intersection en X,Normale,Deux véhicules - côté,4,2,2,0,1,1,2,0,1,30,2,5,2,0,0,3,32.0,49.0,voiture,voiture,1,2,2,1,3
201900003660,2019-11-04 11:40:00,2019,11,4,11,40,17,17300,NOUE   RUE DE LA,46.16128,-1.1554,Plein jour,En agglomération,Hors intersection,Pluie légère,Autre collision,4,2,2,0,1,1,2,0,1,30,1,2,1,0,0,1,23.0,,voiture,,1,2,1,2,6
201900003661,2019-11-26 21:35:00,2019,11,26,21,35,14,14118,SAINT JEAN (RUE (DE 33 ET + ET 38 ET +),49.17949,-0.35767,Nuit avec éclairage allumé,En agglomération,Hors intersection,Normale,Deux véhicules - côté,4,2,-1,-1,1,1,1,0,1,-1,2,2,1,0,0,1,31.0,19.0,deux_roues,voiture,5,2,1,1,3
201900003662,2019-11-26 07:12:00,2019,11,26,7,12,14,14118,POMPIDOU (BOULEVARD GEORGES),49.18164,-0.40095,Nuit avec éclairage allumé,En agglomération,Hors intersection,Normale,Autre collision,4,2,-1,0,1,1,1,0,1,50,1,2,1,0,0,1,53.0,,deux_roues,,5,2,1,1,6
201900003663,2019-11-26 08:00:00,2019,11,26,8,0,13,13117,SEYSSAUD ( RUE RENE ),43.444,5.2553,Plein jour,En agglomération,Intersection en T,Normale,Deux véhicules - frontale,4,2,2,0,1,1,1,0,1,50,2,2,0,0,0,2,21.0,56.0,voiture,voiture,1,2,3,1,1
201900003664,2019-11-26 21:40:00,2019,11,26,21,40,13,13075,GEORGES POMPIDOU (AVE),43.3446,5.47158,Nuit avec éclairage allumé,En agglomération,Hors intersection,Normale,Deux véhicules - frontale,4,2,2,0,1,1,1,0,1,50,2,2,0,0,0,2,57.0,23.0,voiture,voiture,5,2,1,1,1
201900003665,2019-11-26 08:50:00,2019,11,26,8,50,13,13209,MICHELET (BOULEVARD),43.255,5.40125,Plein jour,En agglomération,Hors intersection,Normale,Trois véhicules et plus - collisions multiples,4,2,6,3,1,1,1,0,1,50,3,3,2,0,0,1,26.0,40.0,voiture,voiture,1,2,1,1,5
201900003666,2019-11-26 06:50:00,2019,11,26,6,50,13,13204,FRANÇOISE DUPARC (BOULEVARD),43.30797,5.40258,Nuit avec éclairage allumé,En agglomération,Intersection en T,Normale,Deux véhicules - arrière,7,3,6,0,1,1,1,0,1,50,2,2,1,0,0,1,32.0,24.0,voiture,voiture,5,2,3,1,2
201900003667,2019-11-25 11:15:00,2019,11,25,11,15,13,13211,SAINT MARCEL (BOULEVARD DE ),43.28768,5.46468,Plein jour,En agglomération,Hors intersection,Normale,Deux véhicules - côté,4,2,2,0,1,1,1,0,1,50,2,2,1,0,0,1,66.0,32.0,voiture,deux_roues,1,2,1,1,3
201900003668,2019-11-25 13:45:00,2019,11,25,13,45,13,13209,MORGIOU (chemin de ),43.233895,5.411968,Plein jour,En agglomération,Hors intersection,Normale,Deux véhicules - côté,4,2,2,0,1,1,1,0,1,50,2,2,1,0,0,1,29.0,22.0,voiture,deux_roues,1,2,1,1,3
201900003669,2019-11-25 07:35:00,2019,11,25,7,35,13,13001,ISAAC JULES (AV),43.534389,5.451153,Plein jour,En agglomération,Intersection en T,Normale,Deux véhicules - côté,4,2,2,0,2,1,1,0,1,50,2,2,1,0,0,1,46.0,17.0,voiture,deux_roues,1,2,3,1,3
201900003670,2019-11-25 13:28:00,2019,11,25,13,28,10,10387,REINE BLANCHE (RUE),48.274714,4.059604,Plein jour,En agglomération,Hors intersection,Normale,Deux véhicules - côté,4,2,2,0,2,1,1,0,1,50,2,2,1,0,0,1,42.0,54.0,voiture,voiture,1,2,1,1,3
201900003671,2019-11-25 19:15:00,2019,11,25,19,15,7,07019,,44.62183,4.393888,Nuit avec éclairage allumé,Hors agglomération,Hors intersection,Normale,Deux véhicules - arrière,2,2,2,0,1,1,1,0,1,70,2,3,1,0,0,2,19.0,20.0,voiture,voiture,5,1,1,1,2
201900003672,2019-11-26 19:58:00,2019,11,26,19,58,3,03185,avenue de la République,46.3478837,2.5954223,Nuit avec éclairage allumé,En agglomération,Intersection en T,Normale,Autre collision,3,2,2,0,1,1,1,0,1,50,3,4,1,0,1,2,25.0,56.0,deux_roues,voiture,5,2,3,1,6
201900003673,2019-11-26 09:25:00,2019,11,26,9,25,75,75116,BD PERIPHERIQUE EXTERIEUR,48.8667636,2.2686858,Plein jour,En agglomération,Hors intersection,Pluie légère,Deux véhicules - côté,4,1,4,0,1,1,2,0,1,70,2,2,1,0,0,1,41.0,44.0,deux_roues,voiture,1,2,1,2,3
201900003674,2019-11-25 11:43:00,2019,11,25,11,43,75,75115,RUE LINOIS,48.84857,2.2829,Plein jour,En agglomération,Intersection en T,Normale,Deux véhicules - arrière,4,2,6,0,1,1,1,5,1,50,2,2,1,0,1,0,21.0,43.0,deux_roues,utilitaire_camion,1,2,3,1,2
201900003675,2019-11-26 13:40:00,2019,11,26,13,40,75,75118,RUE EUGENE SUE,48.8912735,2.347362,Plein jour,En agglomération,Intersection en X,Normale,Autre collision,4,1,1,0,1,1,2,0,1,50,1,2,1,0,0,1,61.0,,utilitaire_camion,,1,2,2,1,6
201900003676,2019-11-26 09:00:00,2019,11,26,9,0,75,75117,PLACE DU GENERAL KOENIG,48.8808667,2.2843297,Plein jour,En agglomération,Place,Pluie légère,Deux véhicules - côté,4,3,2,0,1,1,2,0,1,50,2,2,1,0,0,1,34.0,59.0,deux_roues,deux_roues,1,2,7,2,3
201900003677,2019-11-26 18:00:00,2019,11,26,18,0,75,75116,AVENUE FOCH,48.8733603,2.2861137,Nuit avec éclairage allumé,En agglomération,Intersection en T,Normale,Deux véhicules - arrière,4,2,6,0,1,1,1,0,1,50,2,2,1,0,0,1,34.0,30.0,voiture,deux_roues,5,2,3,1,2
201900003678,2019-11-26 13:15:00,2019,11,26,13,15,75,75116,RUE JEAN DE LA FONTAINE,48.8483485,2.2649324,Plein jour,En agglomération,Intersection en X,Normale,Autre collision,4,1,2,0,1,1,1,0,1,50,1,3,1,0,0,2,53.0,,voiture,,1,2,2,1,6
201900003679,2019-11-25 10:20:00,2019,11,25,10,20,75,75114,RUE VERCINGETORIX,48.8308184,2.3084316,Plein jour,En agglomération,Hors intersection,Normale,Autre collision,4,1,1,0,1,1,1,0,1,30,1,2,1,0,0,1,45.0,,utilitaire_camion,,1,2,1,1,6
201900003680,2019-11-24 01:25:00,2019,11,24,1,25,75,75114,AVENUE DU MAINE,48.8368363,2.3232268,Nuit avec éclairage allumé,En agglomération,Intersection en X,Normale,Autre collision,4,2,4,0,1,1,1,0,1,50,1,2,1,0,0,1,33.0,,deux_roues,,5,2,2,1,6
201900003681,2019-11-26 18:00:00,2019,11,26,18,0,75,75113,BOULEVARD VINCENT AURIOL,48.8345773,2.367362,Nuit avec éclairage allumé,En agglomération,Intersection en T,Normale,Deux véhicules - côté,4,3,2,1,2,1,2,0,5,50,2,2,1,0,0,1,49.0,46.0,deux_roues,utilitaire_camion,5,2,3,1,3
201900003682,2019-11-26 08:45:00,2019,11,26,8,45,75,75113,RUE CHARCOT,48.8311376,2.3718955,Plein jour,En agglomération,Intersection en T,Temps couvert,Deux véhicules - côté,4,2,2,1,2,1,1,0,5,50,2,2,1,0,0,1,39.0,44.0,deux_roues,voiture,1,2,3,8,3
201900003683,2019-11-26 20:50:00,2019,11,26,20,50,75,75112,QUAI DE LA RAPEE,48.841429,2.373027,Nuit avec éclairage allumé,En agglomération,Hors intersection,Pluie forte,Deux véhicules - arrière,4,1,3,0,2,1,2,0,1,50,2,2,1,0,1,0,19.0,34.0,deux_roues,voiture,5,2,1,3,2
201900003684,2019-11-26 10:20:00,2019,11,26,10,20,75,75112,ROUTE DE LA PYRAMIDE,48.8207595,2.4602399,Plein jour,En agglomération,Intersection en X,Pluie légère,Autre collision,4,2,2,0,2,1,2,0,1,50,1,2,1,0,0,1,41.0,,voiture,,1,2,2,2,6
201900003685,2019-11-25 22:15:00,2019,11,25,22,15,75,75112,RUE DE LYON,48.8514329,2.3699002,Nuit avec éclairage allumé,En agglomération,Intersection en T,Pluie légère,Deux véhicules - côté,4,2,4,0,1,1,2,0,1,50,2,2,1,0,0,1,48.0,20.0,transport_commun,deux_roues,5,2,3,2,3
201900003686,2019-11-26 19:00:00,2019,11,26,19,0,75,75111,RUE DU CHEMIN VERT,48.861858,2.3834096,Nuit avec éclairage allumé,En agglomération,Intersection en T,Temps couvert,Deux véhicules - côté,4,1,1,0,2,1,2,0,1,30,2,2,1,0,0,1,37.0,44.0,utilitaire_camion,deux_roues,5,2,3,8,3
201900003687,2019-11-26 10:00:00,2019,11,26,10,0,75,75108,RUE DE COURCELLES,48.8788851,2.3035828,Plein jour,En agglomération,Intersection en T,Pluie légère,Deux véhicules - côté,4,2,2,0,1,1,2,0,1,50,2,2,1,0,0,1,24.0,32.0,deux_roues,utilitaire_camion,1,2,3,2,3
201900003688,2019-11-26 19:45:00,2019,11,26,19,45,75,75104,BOULEVARD DE SEBASTOPOL,48.8595305,2.3487901,Nuit avec éclairage allumé,En agglomération,Intersection en X,Pluie légère,Autre collision,4,1,4,1,1,1,2,0,5,50,2,1,0,0,0,1,42.0,,deux_roues,,5,2,2,2,6
201900003689,2019-11-25 09:15:00,2019,11,25,9,15,75,75101,RUE DANIELLE CASANOVA,48.8680848,2.33114,Plein jour,En agglomération,Hors intersection,Normale,Autre collision,4,2,2,1,1,1,1,0,5,30,1,2,1,0,0,1,30.0,,deux_roues,,1,2,1,1,6
201900003690,2019-11-26 12:40:00,2019,11,26,12,40,94,94081,STALINGRAD (BD DE),48.80155,2.38105,Plein jour,En agglomération,Hors intersection,Pluie légère,Deux véhicules - côté,9,-1,2,0,1,1,1,9,-1,30,2,3,1,0,0,2,66.0,32.0,voiture,voiture,1,2,1,2,3
201900003691,2019-11-12 08:50:00,2019,11,12,8,50,94,94081,LAVOISIER (R),48.79888,2.39139,Plein jour,En agglomération,Hors intersection,Normale,Autre collision,4,2,2,0,1,1,1,0,1,50,1,2,1,0,0,1,36.0,,voiture,,1,2,1,1,6
201900003692,2019-11-26 13:30:00,2019,11,26,13,30,94,94077,REPUBLIQUE (AV DE LA),48.7311898,2.4167298,Plein jour,En agglomération,Hors intersection,Pluie légère,Deux véhicules - côté,3,2,0,0,1,1,2,0,1,50,2,2,1,0,0,1,47.0,33.0,deux_roues,voiture,1,2,1,2,3
201900003693,2019-11-25 17:55:00,2019,11,25,17,55,93,93073,CHAPIT RE ( RUE DU),49.002948,2.536879,Nuit sans éclairage public,En agglomération,Hors intersection,Normale,Trois véhicules et plus - en chaîne,4,1,1,0,1,2,2,9,1,70,3,3,2,0,0,1,63.0,30.0,voiture,voiture,3,2,1,1,4
201900003694,2019-11-25 16:45:00,2019,11,25,16,45,93,93070,SEINE (QUAI DE),48.9139,2.3173,Crépuscule ou aube,En agglomération,Hors intersection,Temps couvert,Deux véhicules - côté,4,2,2,0,1,1,2,0,1,50,2,3,2,0,0,1,33.0,24.0,voiture,voiture,2,2,1,8,3
201900003695,2019-11-25 00:20:00,2019,11,25,0,20,93,93066,"""STALINGRAD (AVENUE), NR 88 A 114 BIS""",48.9454,2.3639,Nuit avec éclairage allumé,En agglomération,Intersection en X,Normale,Deux véhicules - côté,3,-1,2,0,1,1,1,0,1,50,2,2,1,0,1,0,24.0,37.0,voiture,deux_roues,5,2,2,1,3
201900003696,2019-11-25 17:35:00,2019,11,25,17,35,93,93077,DUNANT (AVENUE HENRI),48.8827,2.51778,Nuit avec éclairage allumé,En agglomération,Intersection en T,Pluie légère,Autre collision,3,2,2,0,1,1,2,0,1,50,1,2,1,0,0,1,44.0,,voiture,,5,2,3,2,6
201900003697,2019-11-25 10:50:00,2019,11,25,10,50,93,93010,GROSLAY (CHEM. DE),48.911346,2.474766,Plein jour,En agglomération,Giratoire,Normale,Autre collision,4,2,2,0,2,3,1,0,1,50,1,2,1,0,0,1,68.0,,utilitaire_camion,,1,2,6,1,6
201900003698,2019-11-26 08:40:00,2019,11,26,8,40,93,93005,ANATOLE FRANCE (AVENUE),48.937372,2.494606,Plein jour,En agglomération,Hors intersection,Normale,Autre collision,4,2,2,0,1,1,1,0,1,50,1,2,1,0,0,1,76.0,,voiture,,1,2,1,1,6
201900003699,2019-11-25 19:00:00,2019,11,25,19,0,92,92078,CHARLES DE GAULLE (BD) (71 AU 153),48.94356,2.31531,Nuit avec éclairage allumé,En agglomération,Autre intersection,Normale,Deux véhicules - arrière,3,2,4,0,1,1,1,0,1,5,2,2,1,0,0,1,56.0,29.0,voiture,voiture,5,2,9,1,2
201900003700,2019-11-26 08:17:00,2019,11,26,8,17,92,92046,PIERRE BROSSOLETTE (AVENUE),48.81673,2.30645,Plein jour,En agglomération,Hors intersection,Pluie légère,Deux véhicules - côté,3,2,4,3,1,1,1,6,1,50,2,2,1,0,0,1,22.0,37.0,deux_roues,voiture,1,2,1,2,3
201900003701,2019-11-25 15:55:00,2019,11,25,15,55,92,92036,LOUIS CALMEL (RUE) (18/58),48.923225,2.287175,Plein jour,En agglomération,Intersection en T,Normale,Autre collision,3,2,5,1,1,1,1,0,1,50,1,1,0,0,0,1,,,,,1,2,3,1,6
201900003702,2019-08-19 04:00:00,2019,8,19,4,0,84,84031,PEYRIERE CHEMIN DE,44.0728137,5.049685,Nuit avec éclairage allumé,Hors agglomération,Hors intersection,Normale,Autre collision,4,2,2,0,1,1,1,0,-1,70,1,1,0,0,1,0,21.0,,utilitaire_camion,,5,1,1,1,6
201900003703,2019-07-22 18:45:00,2019,7,22,18,45,78,78498,CEP AVENUE DU,48.93037,2.03951,Plein jour,En agglomération,Hors intersection,Normale,Autre collision,4,2,1,0,1,1,1,6,-1,50,1,2,1,0,0,1,35.0,,voiture,,1,2,1,1,6
201900003704,2019-04-08 12:25:00,2019,4,8,12,25,69,69266,GENERAL LECLERC    (Avenue du),45.759,4.8907,Plein jour,En agglomération,Intersection en X,Normale,Autre collision,7,2,2,0,1,3,1,0,2,50,1,1,0,0,1,0,,,,,1,2,2,1,6
201900003705,2019-11-04 19:20:00,2019,11,4,19,20,62,62510,LEQUETTE (R MADAME),50.42133,2.781,Crépuscule ou aube,En agglomération,Autre intersection,Autre,Autre collision,9,-1,0,0,1,1,1,0,1,50,1,2,1,0,1,0,77.0,,voiture,,2,2,9,9,6
201900003706,2019-04-26 02:02:00,2019,4,26,2,2,93,93006,REPUBLIQUE AVENUE DE LA,48.86225,2.41617,Nuit avec éclairage allumé,En agglomération,Intersection en X,Normale,Deux véhicules - côté,3,2,0,0,1,1,1,1,1,50,2,2,1,0,1,0,39.0,25.0,voiture,deux_roues,5,2,2,1,3
201900003707,2019-12-23 12:45:00,2019,12,23,12,45,971,97105,CHARLES DE GAULLE (BOULEVARD),15.99541,-61.731681,Plein jour,En agglomération,Autre intersection,Normale,Autre collision,2,2,2,0,1,2,1,2,8,50,1,2,1,0,0,1,60.0,,voiture,,1,2,9,1,6
201900003708,2019-12-29 11:30:00,2019,12,29,11,30,88,88383,Route de Bussang,48.00412,6.61252,Plein jour,En agglomération,Hors intersection,Normale,Autre collision,5,-1,0,0,1,1,1,9,-1,30,1,3,2,0,1,0,47.0,,voiture,,1,2,1,1,6
201900003709,2019-11-16 16:00:00,2019,11,16,16,0,84,84031,ZOLA BOULEVARD EMILE,44.05097,5.04956,Plein jour,En agglomération,Autre intersection,Normale,Autre collision,4,2,2,0,1,1,1,9,-1,50,1,2,1,0,0,1,73.0,,utilitaire_camion,,1,2,9,1,6
201900003710,2019-12-15 11:40:00,2019,12,15,11,40,83,83069,MARAIS (ROUTE DES),43.08101,6.12861,Plein jour,Hors agglomération,Hors intersection,Normale,Autre collision,6,-1,0,0,1,1,2,9,-1,10,1,2,1,0,1,0,69.0,,voiture,,1,1,1,1,6
201900003711,2019-12-29 03:07:00,2019,12,29,3,7,71,71445,JEAN BAPTISTE PERRIN (RUE),46.7679,4.8705,Nuit avec éclairage allumé,Hors agglomération,Passage à niveau,Normale,Deux véhicules - côté,4,2,2,0,1,1,1,4,-1,50,2,5,4,0,1,0,23.0,44.0,voiture,transport_commun,5,1,8,1,3
201900003712,2019-12-31 21:20:00,2019,12,31,21,20,69,69264,BURDEAU BD,45.99669,4.72858,Nuit avec éclairage allumé,En agglomération,Giratoire,Brouillard / fumée,Deux véhicules - arrière,4,2,-1,0,1,1,2,0,1,50,2,3,2,0,0,1,30.0,19.0,voiture,voiture,5,2,6,5,2
201900003713,2019-12-21 17:35:00,2019,12,21,17,35,61,61001,CERISE (RUE DE),48.43493,0.10614,Nuit avec éclairage allumé,En agglomération,Hors intersection,Pluie forte,Autre collision,4,2,2,0,1,1,2,0,1,50,1,2,1,0,1,0,71.0,,voiture,,5,2,1,3,6
201900003714,2019-12-18 17:40:00,2019,12,18,17,40,59,59328,DUNKERQUE AVENUE DE,50.63798,3.02362,Nuit avec éclairage allumé,En agglomération,Intersection en X,Normale,Deux véhicules - côté,7,2,2,0,1,1,1,0,1,50,2,2,1,0,1,0,28.0,32.0,deux_roues,voiture,5,2,2,1,3
201900003715,2019-12-24 13:52:00,2019,12,24,13,52,54,54549,RD400,48.6332,6.3239,Plein jour,En agglomération,Hors intersection,Normale,Sans collision,3,3,2,0,1,1,1,9,8,50,1,2,1,0,1,0,18.0,,voiture,,1,2,1,1,7
201900003716,2019-12-14 14:35:00,2019,12,14,14,35,49,49328,DE LATTRE DE TASSIGNY (BLD),47.26187,-0.08999,Plein jour,En agglomération,Autre intersection,Autre,Autre collision,6,-1,0,0,1,1,1,1,6,10,1,2,1,0,1,0,26.0,,voiture,,1,2,9,9,6
201900003717,2019-12-22 03:00:00,2019,12,22,3,0,45,45286,AV GASTON GALLOUX - R DE LA COSSONNIERE,47.88429,1.9243,Nuit avec éclairage allumé,En agglomération,Intersection en X,Pluie légère,Deux véhicules - côté,4,3,5,1,1,1,2,5,1,50,2,2,1,0,0,1,35.0,,voiture,,5,2,2,2,3
201900003718,2019-12-21 16:15:00,2019,12,21,16,15,39,39300,BERCAILLE (RUE),46.6965,5.5569,Plein jour,En agglomération,Hors intersection,Normale,Sans collision,3,2,2,0,1,1,1,0,-1,70,1,1,0,0,1,0,54.0,,deux_roues,,1,2,1,1,7
201900003719,2019-12-23 19:00:00,2019,12,23,19,0,13,13215,SAINT LOUIS (AVENUE DE),43.348253,5.35898,Plein jour,En agglomération,Hors intersection,Normale,Autre collision,4,-1,0,0,1,1,1,0,-1,50,1,2,1,0,0,1,20.0,,deux_roues,,1,2,1,1,6
201900003720,2019-12-23 13:15:00,2019,12,23,13,15,13,13212,CAILLOLS (AVENUE DES),43.303842,5.436238,Plein jour,En agglomération,Hors intersection,Normale,Autre collision,4,1,1,0,1,1,1,9,8,20,1,2,1,0,0,1,40.0,,voiture,,1,2,1,1,6
201900003721,2019-12-22 14:45:00,2019,12,22,14,45,13,13208,MENDES FRANCE (AVENUE),43.258364,5.376048,Plein jour,En agglomération,Hors intersection,Vent fort / tempête,Sans collision,4,-1,3,0,1,1,1,0,1,30,1,1,0,0,1,0,82.0,,voiture,,1,2,1,6,7
201900003722,2019-12-21 13:20:00,2019,12,21,13,20,13,13216,LE PELLETIE (RUE),43.36255,5.31899,Plein jour,En agglomération,Hors intersection,Normale,Autre collision,4,2,2,0,1,1,1,0,1,50,1,2,1,0,0,1,37.0,,deux_roues,,1,2,1,1,6
201900003723,2019-12-21 20:00:00,2019,12,21,20,0,75,75113,BD PERIPHERIQUE EXTERIEUR,48.8248362,2.3846447,Nuit avec éclairage allumé,En agglomération,Intersection en Y,Pluie légère,Deux véhicules - côté,4,1,2,0,1,1,2,0,1,70,2,2,1,0,0,1,37.0,45.0,deux_roues,voiture,5,2,4,2,3
201900003724,2019-12-22 09:50:00,2019,12,22,9,50,75,75119,AVENUE DE FLANDRE,48.889289,2.375273,Plein jour,En agglomération,Intersection en T,Pluie légère,Deux véhicules - arrière,4,1,3,3,1,1,2,0,6,50,2,2,0,0,0,2,24.0,40.0,deux_roues,voiture,1,2,3,2,2
201900003725,2019-12-22 00:10:00,2019,12,22,0,10,75,75113,PONT DE TOLBIAC,48.832235,2.379763,Nuit sans éclairage public,En agglomération,Intersection en X,Pluie légère,Autre collision,4,2,4,0,1,1,2,2,1,50,1,1,0,0,0,1,61.0,,voiture,,3,2,2,2,6
201900003726,2019-12-21 21:00:00,2019,12,21,21,0,75,75108,AVENUE FRANKLIN D ROOSEVELT,48.867617,2.310018,Nuit avec éclairage allumé,En agglomération,Hors intersection,Normale,Sans collision,4,2,2,-1,1,1,2,0,1,50,1,1,0,0,0,1,65.0,,deux_roues,,5,2,1,1,7
201900003727,2019-12-22 11:00:00,2019,12,22,11,0,94,94076,EUGENE VARLIN (R),48.794,2.363,Plein jour,En agglomération,Hors intersection,Normale,Autre collision,4,1,1,0,1,1,1,0,1,50,1,2,1,0,0,1,34.0,,voiture,,1,2,1,1,6
201900003728,2019-12-03 09:45:00,2019,12,3,9,45,988,98818,AVENUE DU GOLF DE TINA,-22.25919,166.4894,Plein jour,En agglomération,Hors intersection,Normale,Autre collision,4,1,1,0,1,2,1,5,1,30,1,1,0,0,0,1,64.0,,voiture,,1,2,1,1,6
201900003729,2019-11-21 19:50:00,2019,11,21,19,50,988,98818,RUE LE CARROUR/A. DALY,-22.27487,166.47763,Nuit avec éclairage allumé,En agglomération,Intersection en T,Normale,Sans collision,4,-1,2,0,3,3,1,0,1,50,1,1,0,0,0,1,34.0,,deux_roues,,5,2,3,1,7
201900003730,2019-10-23 04:43:00,2019,10,23,4,43,988,98818,HT N° 101 ROUTE DE L'ANSE VATA,-22.29332,166.44692,Crépuscule ou aube,En agglomération,Hors intersection,Normale,Autre collision,9,1,1,0,4,1,1,9,1,5,1,2,1,0,1,0,27.0,,utilitaire_camion,,2,2,1,1,6
201900003731,2019-10-13 22:30:00,2019,10,13,22,30,29,29019,ROND POINT Dun Laoghaire,48.40205,-4.5024,Nuit avec éclairage allumé,En agglomération,Giratoire,Pluie légère,Sans collision,4,2,2,0,1,3,1,0,1,50,1,1,0,0,0,1,18.0,,deux_roues,,5,2,6,2,7
201900003732,2019-09-10 16:20:00,2019,9,10,16,20,29,29135,Rue du Dourdy,47.8394604,-4.1884995,Plein jour,En agglomération,Hors intersection,Normale,Autre collision,4,2,2,0,1,1,1,0,4,50,1,1,0,1,0,0,71.0,,voiture,,1,2,1,1,6
201900003733,2019-07-11 07:40:00,2019,7,11,7,40,2A,2A139,T10,41.666328,9.308027,Crépuscule ou aube,Hors agglomération,Intersection en X,Normale,Deux véhicules - côté,2,2,2,0,1,1,1,5,1,80,2,2,0,0,0,2,41.0,26.0,voiture,voiture,2,1,2,1,3
201900003734,2019-12-30 05:40:00,2019,12,30,5,40,974,97416,RN02,-21.343,55.4963,Crépuscule ou aube,Hors agglomération,Hors intersection,Pluie légère,Sans collision,2,2,2,0,1,1,2,0,-1,80,1,4,3,0,1,0,37.0,,voiture,,2,1,1,2,7
201900003735,2019-12-24 08:20:00,2019,12,24,8,20,974,97416,RECHERCHANT(RUE ADRIEN),-21.28313,55.4759,Plein jour,En agglomération,Hors intersection,Normale,Deux véhicules - côté,3,2,2,0,1,1,1,0,-1,50,2,2,1,0,1,0,53.0,21.0,voiture,autre,1,2,1,1,3
201900003736,2019-12-31 09:10:00,2019,12,31,9,10,92,92033,BUZENVAL,48.8531,2.20035,Plein jour,En agglomération,Hors intersection,Normale,Deux véhicules - côté,3,2,2,0,1,1,1,0,1,50,2,2,1,0,0,1,54.0,28.0,deux_roues,voiture,1,2,1,1,3
201900003737,2019-12-30 17:05:00,2019,12,30,17,5,5,05061,PIC PONCON  ( CHEMIN DU ),44.552835,6.054883,Crépuscule ou aube,En agglomération,Intersection en T,Normale,Sans collision,3,2,2,0,1,1,1,0,1,50,1,3,1,0,0,2,42.0,,voiture,,2,2,3,1,7
201900003738,2019-11-02 00:40:00,2019,11,2,0,40,75,75118,ECHANGEUR CHAPELLE,48.9003535,2.3591242,Nuit avec éclairage allumé,En agglomération,Hors intersection,Pluie légère,Autre collision,4,1,2,0,3,2,2,0,1,50,1,2,0,0,0,2,25.0,,voiture,,5,2,1,2,6
201900003739,2019-12-12 17:45:00,2019,12,12,17,45,61,61168,Faubourg d'Argentan,48.593587,-0.353462,Nuit avec éclairage allumé,En agglomération,Hors intersection,Pluie légère,Autre collision,3,2,2,0,2,1,2,0,1,50,1,2,1,0,0,1,57.0,,voiture,,5,2,1,2,6
201900003740,2019-06-01 17:20:00,2019,6,1,17,20,93,93072,SAINT-EXUPERY (ALLEE),48.97,2.37,Plein jour,En agglomération,Hors intersection,Normale,Autre collision,4,-1,2,0,1,1,1,0,1,50,1,2,1,0,0,1,24.0,,voiture,,1,2,1,1,6
201900003741,2019-11-21 01:20:00,2019,11,21,1,20,92,92036,BAS (RUE DES) (78   +),48.91909,2.29022,Nuit avec éclairage allumé,En agglomération,Autre intersection,Normale,Autre collision,3,2,0,0,1,1,1,9,1,50,2,3,2,0,0,1,25.0,25.0,voiture,voiture,5,2,9,1,6
201900003742,2019-01-29 03:00:00,2019,1,29,3,0,73,73214,D35 Rochefort,45.5722552,5.7103534,Nuit sans éclairage public,Hors agglomération,Hors intersection,Normale,Autre collision,3,2,2,0,2,3,1,0,8,80,1,1,0,0,1,0,27.0,,voiture,,3,1,1,1,6
201900003743,2019-03-27 18:00:00,2019,3,27,18,0,69,69254,"intersection D313, D54",45.96779,4.41829,Crépuscule ou aube,Hors agglomération,Intersection en Y,Normale,Deux véhicules - côté,3,2,-1,-1,1,1,-1,0,1,-1,2,2,1,0,0,1,59.0,16.0,voiture,deux_roues,2,1,4,1,3
201900003744,2019-12-28 00:05:00,2019,12,28,0,5,84,84035,LIBERATION (AVENUE DE LA),43.84368,5.0385,Nuit avec éclairage allumé,En agglomération,Hors intersection,Autre,Autre collision,4,2,0,0,1,1,1,0,1,50,1,2,1,1,0,0,25.0,,voiture,,5,2,1,9,6
201900003745,2019-12-27 18:20:00,2019,12,27,18,20,77,77186,D606 X D138,48.4746274,2.6788755,Nuit sans éclairage public,Hors agglomération,Giratoire,Normale,Trois véhicules et plus - en chaîne,3,2,2,0,2,3,1,5,1,70,3,3,2,0,0,1,37.0,59.0,voiture,voiture,3,1,6,1,4
201900003746,2019-12-29 16:00:00,2019,12,29,16,0,77,77278,D111,48.78698,3.13416,Plein jour,Hors agglomération,Intersection en T,Normale,Sans collision,3,2,2,0,1,3,1,5,1,80,1,1,0,0,0,1,28.0,,utilitaire_camion,,1,1,3,1,7
201900003747,2019-12-20 12:00:00,2019,12,20,12,0,62,62160,COMTE (Bd Auguste),50.71823,1.61247,Plein jour,En agglomération,Giratoire,Normale,Deux véhicules - arrière,4,3,2,0,1,1,1,0,1,50,2,3,2,0,1,0,56.0,43.0,utilitaire_camion,utilitaire_camion,1,2,6,1,2
201900003748,2019-12-05 22:45:00,2019,12,5,22,45,68,68375,Wittelsheim,47.773517,7.221726,Nuit sans éclairage public,Hors agglomération,Hors intersection,Autre,Sans collision,2,2,4,0,1,2,7,0,3,110,1,2,0,1,1,0,40.0,,voiture,,3,1,1,9,7
201900003749,2019-12-22 19:00:00,2019,12,22,19,0,69,69388,VIENNE (DE)                         (RO),45.73238,4.85351,Nuit avec éclairage allumé,En agglomération,Autre intersection,Pluie légère,Autre collision,4,2,0,0,1,3,2,6,-1,50,1,2,1,0,0,1,57.0,,voiture,,5,2,9,2,6