accident_id,datetime,annee,mois,jour,heure,minute,departement,commune_insee,adresse,latitude,longitude,luminosite,agglomeration,intersection,meteo,collision,catr,circ,nbv,vosp,prof,plan,surf,infra,situ,vma,nb_vehicules,nb_usagers,nb_indemnes,nb_tues,nb_blesses_hosp,nb_blesses_legers,age_cond_1,age_cond_2,veh_type_cond_1,veh_type_cond_2,lum_code,agg_code,int_code,atm_code,col_code
201900003840,2019-11-23 16:40:00,2019,11,23,16,40,29,29042,D155,48.263526,-4.496477,Plein jour,Hors agglomération,Autre intersection,Pluie légère,Deux véhicules - arrière,3,2,2,0,4,2,2,0,1,70,2,5,4,0,1,0,37.0,49.0,voiture,voiture,1,1,9,2,2
201900003841,2019-12-21 16:10:00,2019,12,21,16,10,13,13214,A507 sens Marseille - Aubagne,43.332641,5.385587,Plein jour,Hors agglomération,Hors intersection,Normale,Deux véhicules - arrière,1,-1,2,0,2,3,1,0,1,70,2,3,1,0,0,2,19.0,24.0,voiture,voiture,1,1,1,1,2
201900003842,2019-12-17 05:40:00,2019,12,17,5,40,75,75119,BD PERIPHERIQUE INTERIEUR,48.878879,2.407906,Nuit avec éclairage allumé,En agglomération,Hors intersection,Normale,Deux véhicules - côté,4,-1,4,0,1,1,1,0,1,70,2,2,1,0,1,0,47.0,25.0,voiture,deux_roues,5,2,1,1,3
201900003843,2019-10-16 23:25:00,2019,10,16,23,25,29,29019,SALAUN PENQUER,48.3828682,-4.4880967,Nuit avec éclairage allumé,En agglomération,Giratoire,Normale,Autre collision,4,-1,2,0,1,1,1,0,1,30,1,2,1,0,1,0,22.0,,voiture,,5,2,6,1,6
201900003844,2019-10-10 18:15:00,2019,10,10,18,15,29,29019,PRIGENT TANGUY (RP CARREFOUR A RUE MESNO,48.3986,-4.5288,Plein jour,En agglomération,Hors intersection,Normale,Autre collision,4,2,2,0,1,1,1,0,1,50,1,2,1,0,0,1,21.0,,voiture,,1,2,1,1,6
201900003845,2019-09-26 09:00:00,2019,9,26,9,0,29,29019,PEN AR CH'LEUZ,48.4145,-4.4786,Plein jour,En agglomération,Giratoire,Normale,Sans collision,4,1,3,0,1,2,2,0,1,50,1,1,0,0,0,1,32.0,,voiture,,1,2,6,1,7
201900003846,2019-09-17 14:40:00,2019,9,17,14,40,29,29019,PRIGENT TANGUY (DE MESNOS A PONT LA VILL,48.3993087,-4.5273486,Plein jour,En agglomération,Hors intersection,Normale,Deux véhicules - frontale,4,2,2,0,2,2,1,0,1,50,2,3,0,0,0,3,76.0,25.0,voiture,voiture,1,2,1,1,1
201900003847,2019-06-30 22:30:00,2019,6,30,22,30,93,93057,CASANOVA ( AL. DANIELLE) 91 A FIN,48.90532,2.49875,Nuit avec éclairage allumé,En agglomération,Intersection en Y,Normale,Autre collision,4,2,0,0,1,2,1,0,1,30,1,1,0,1,0,0,25.0,,deux_roues,,5,2,4,1,6
201900003848,2019-12-24 11:00:00,2019,12,24,11,0,5,05061,COMMANDANT DUMONT ( AVENUE),44.5639576,6.0838602,Plein jour,En agglomération,Giratoire,Normale,Sans collision,2,2,2,0,2,3,1,5,1,50,1,2,1,0,0,1,63.0,,voiture,,1,2,6,1,7
201900003849,2019-11-08 17:35:00,2019,11,8,17,35,30,30279,Départementale 6,44.129673,4.435398,Crépuscule ou aube,Hors agglomération,Hors intersection,Normale,Deux véhicules - frontale,3,2,2,0,1,3,1,0,1,80,2,2,0,0,2,0,44.0,74.0,voiture,voiture,2,1,1,1,1
201900003850,2019-05-21 19:05:00,2019,5,21,19,5,22,22215,CROIX FICHET (RUE DE LA),48.4921302,-2.7951021,Plein jour,En agglomération,Intersection en X,Normale,Deux véhicules - côté,4,-1,2,0,1,1,1,0,1,50,2,2,1,0,0,1,42.0,19.0,utilitaire_camion,deux_roues,1,2,2,1,3
201900003851,2019-12-30 01:45:00,2019,12,30,1,45,31,31555,VA007331 A620,43.6143,1.41797,Nuit sans éclairage public,Hors agglomération,Hors intersection,Normale,Deux véhicules - arrière,1,3,4,0,1,1,1,0,1,90,2,2,1,0,1,0,52.0,33.0,voiture,utilitaire_camion,3,1,1,1,2
201900003852,2019-09-20 08:05:00,2019,9,20,8,5,75,75111,AVENUE DE LA REPUBLIQUE,48.8660025,2.3706578,Plein jour,En agglomération,Intersection en X,Normale,Deux véhicules - côté,4,2,2,0,2,1,1,0,1,30,2,2,1,0,0,1,31.0,59.0,deux_roues,voiture,1,2,2,1,3
201900003853,2019-11-09 22:50:00,2019,11,9,22,50,29,29189,Plougastel-Daoulas,48.383026,-4.351326,Nuit sans éclairage public,Hors agglomération,Autre intersection,Temps couvert,Autre collision,2,3,2,0,1,1,2,3,1,110,4,8,7,1,0,0,72.0,28.0,voiture,voiture,3,1,9,8,6
201900003854,2019-11-15 15:45:00,2019,11,15,15,45,29,29162,34 Rue Maurice de Tresiguidy,48.221695,-3.984925,Plein jour,En agglomération,Intersection en T,Normale,Deux véhicules - côté,4,2,2,0,1,1,1,5,1,50,2,2,1,0,1,0,34.0,14.0,voiture,deux_roues,1,2,3,1,3
201900003855,2019-11-29 18:07:00,2019,11,29,18,7,29,29160,Lieu-dit Streat Glaz,48.5152907,-4.4383863,Nuit sans éclairage public,Hors agglomération,Intersection en T,Normale,Deux véhicules - arrière,3,2,2,0,1,1,1,5,1,80,2,3,2,0,0,1,49.0,16.0,voiture,deux_roues,3,1,3,1,2
201900003856,2019-12-20 04:30:00,2019,12,20,4,30,33,33143,AUTOROUTE A 10,44.97477,-0.43355,Nuit sans éclairage public,Hors agglomération,Hors intersection,Pluie forte,Autre collision,1,3,6,0,2,2,3,0,1,130,1,1,0,0,0,1,22.0,,voiture,,3,1,1,3,6
201900003857,2019-10-18 00:05:00,2019,10,18,0,5,68,68256,,47.755502,7.297955,Nuit sans éclairage public,Hors agglomération,Hors intersection,Normale,Autre collision,1,1,1,0,2,3,1,0,1,70,1,1,0,1,0,0,,,,,3,1,1,1,6
201900003858,2019-09-06 08:55:00,2019,9,6,8,55,7,07324,,45.073036,4.820112,Plein jour,En agglomération,Hors intersection,Normale,Deux véhicules - côté,3,2,2,0,1,1,1,0,1,50,2,2,1,0,1,0,56.0,62.0,voiture,deux_roues,1,2,1,1,3
201900003859,2019-11-18 07:41:00,2019,11,18,7,41,29,29019,RICHELIEU,48.39415,-4.47468,Plein jour,En agglomération,Intersection en T,Normale,Deux véhicules - côté,4,-1,2,0,1,1,1,0,1,50,2,3,1,0,0,2,21.0,35.0,voiture,voiture,1,2,3,1,3
201900003860,2019-12-21 20:50:00,2019,12,21,20,50,73,73008,D991 RUSSIE BOULEVARD DE,45.682385,5.910505,Nuit avec éclairage allumé,En agglomération,Hors intersection,Pluie forte,Deux véhicules - arrière,3,3,2,2,1,1,2,0,1,50,2,2,1,0,0,1,40.0,29.0,voiture,voiture,5,2,1,3,2
201900003861,2019-12-22 11:45:00,2019,12,22,11,45,89,89074,Route Nationale,48.325184,3.124159,Plein jour,En agglomération,Intersection en T,Normale,Deux véhicules - côté,3,2,2,0,1,1,1,0,1,50,2,2,1,0,1,0,49.0,65.0,deux_roues,voiture,1,2,3,1,3
201900003862,2019-03-14 07:18:00,2019,3,14,7,18,2A,2A130,Route Departementale 55,41.896272,8.808546,Plein jour,En agglomération,Autre intersection,Normale,Deux véhicules - côté,3,2,2,0,1,1,1,0,1,50,2,2,1,0,0,1,50.0,52.0,voiture,voiture,1,2,9,1,3
201900003863,2019-12-16 14:30:00,2019,12,16,14,30,986,98612,Lieu dit Vilamalia villlage de Leava,-14.300675,-178.155182,Plein jour,Hors agglomération,Hors intersection,Normale,Sans collision,2,2,2,0,2,1,1,0,1,-1,1,1,0,0,1,0,25.0,,deux_roues,,1,1,1,1,7
201900003864,2019-12-16 18:25:00,2019,12,16,18,25,76,76351,PONTS (DES),49.52054,0.12612,Nuit avec éclairage allumé,En agglomération,Hors intersection,Normale,Sans collision,4,2,2,0,1,1,2,0,1,50,1,2,1,0,1,0,70.0,,voiture,,5,2,1,1,7
201900003865,2019-12-19 18:25:00,2019,12,19,18,25,9,09122,ESPAGNE (ROUTE D'),42.950682,1.624831,Nuit avec éclairage allumé,En agglomération,Hors intersection,Normale,Trois véhicules et plus - en chaîne,3,2,2,0,1,1,1,0,1,70,3,3,2,0,0,1,69.0,33.0,voiture,voiture,5,2,1,1,4
201900003866,2019-12-26 14:05:00,2019,12,26,14,5,7,07183,105 Chemin des Ranchins,44.484313,4.380219,Plein jour,Hors agglomération,Hors intersection,Normale,Deux véhicules - frontale,3,2,2,0,1,1,1,0,1,70,2,3,1,0,0,2,60.0,72.0,voiture,voiture,1,1,1,1,1
201900003867,2019-12-07 22:50:00,2019,12,7,22,50,92,92024,TROIS PAVILLONS (RUE DES),48.9107676,2.3129822,Nuit avec éclairage allumé,En agglomération,Giratoire,Normale,Deux véhicules - côté,3,2,2,0,1,1,1,0,1,50,2,1,0,0,0,1,23.0,,voiture,,5,2,6,1,3
201900003868,2019-12-01 20:00:00,2019,12,1,20,0,92,92024,MARTRE (RUE) DE (59 A 109)   (58 A 120),48.9034784,2.3058128,Nuit avec éclairage allumé,En agglomération,Intersection en X,Normale,Deux véhicules - côté,3,1,3,3,1,1,1,0,1,50,2,1,0,0,1,0,25.0,,deux_roues,,5,2,2,1,3
201900003869,2019-11-22 20:30:00,2019,11,22,20,30,92,92024,GENERAL ROGUET (RUE DU) DE (1 A 57)   (2,48.9123,2.3129,Nuit avec éclairage allumé,En agglomération,Hors intersection,Normale,Autre collision,4,2,2,0,1,1,1,0,1,50,1,2,1,0,0,1,48.0,,deux_roues,,5,2,1,1,6
201900003870,2019-11-17 03:40:00,2019,11,17,3,40,92,92024,GENERAL LECLERC (BD DU) (9 A 59)   (4 A,48.9000877,2.317807,Nuit avec éclairage allumé,En agglomération,Intersection en Y,Normale,Deux véhicules - côté,3,2,2,0,1,1,1,0,1,50,2,2,1,0,0,1,28.0,46.0,voiture,deux_roues,5,2,4,1,3
201900003871,2019-11-12 08:50:00,2019,11,12,8,50,92,92024,PARIS (RUE DE) DE (1 A 57)   (2 A 52),48.8968,2.30828,Plein jour,En agglomération,Hors intersection,Autre,Sans collision,4,1,1,1,1,1,2,0,5,30,1,1,0,0,0,1,33.0,,deux_roues,,1,2,1,9,7
201900003872,2019-11-07 13:38:00,2019,11,7,13,38,92,92024,GENERAL LECLERC (BD DU) (9 A 59)   (4 A,48.90109,2.31533,Plein jour,En agglomération,Hors intersection,Normale,Deux véhicules - côté,3,-1,2,0,1,1,1,0,1,50,2,2,0,0,0,2,37.0,28.0,deux_roues,deux_roues,1,2,1,1,3
201900003873,2019-10-11 09:00:00,2019,10,11,9,0,92,92024,GENERAL ROGUET (RUE DU) DE (1 A 57)   (2,48.90376,2.31293,Plein jour,En agglomération,Hors intersection,Normale,Autre collision,4,2,2,0,1,1,1,0,1,50,1,2,1,0,0,1,28.0,,deux_roues,,1,2,1,1,6
201900003874,2019-10-09 10:20:00,2019,10,9,10,20,92,92024,GENERAL LECLERC (RUE DU) DE (81 A 109)  ,48.90693,2.30891,Plein jour,En agglomération,Hors intersection,Normale,Deux véhicules - côté,4,2,2,0,1,1,2,0,1,50,2,2,1,0,0,1,62.0,27.0,utilitaire_camion,deux_roues,1,2,1,1,3
201900003875,2019-07-14 21:20:00,2019,7,14,21,20,29,29158,"chemin communal ""alignemnt de mégalithes""",47.828403,-4.319269,Plein jour,Hors agglomération,Hors intersection,Normale,Sans collision,4,-1,2,0,1,2,9,0,8,-1,1,2,0,0,1,1,45.0,,deux_roues,,1,1,1,1,7
201900003876,2019-12-23 23:40:00,2019,12,23,23,40,976,97611,passamanty-Sada ( rue de ),-12.79848,45.21568,Nuit sans éclairage public,En agglomération,Hors intersection,Normale,Autre collision,2,2,0,0,1,1,1,0,1,50,1,1,0,0,0,1,,,,,3,2,1,1,6
201900003877,2019-12-22 19:00:00,2019,12,22,19,0,976,97611,cavani-Cavani Massimoni rue de,-12.7918,45.2192,Nuit avec éclairage allumé,En agglomération,Hors intersection,Normale,Autre collision,4,2,0,0,1,1,1,0,1,50,1,2,1,0,0,1,55.0,,utilitaire_camion,,5,2,1,1,6
201900003878,2019-12-11 19:00:00,2019,12,11,19,0,72,72268,la balinière,47.81884,0.236115,Nuit sans éclairage public,Hors agglomération,Hors intersection,Pluie forte,Autre collision,3,2,2,0,4,2,2,0,3,80,1,3,0,0,0,3,71.0,,voiture,,3,1,1,3,6
201900003879,2019-10-13 07:55:00,2019,10,13,7,55,29,29170,Route des Chateaux,47.931817,-4.1466361,Plein jour,Hors agglomération,Hors intersection,Pluie forte,Autre collision,4,2,2,0,2,2,2,0,8,70,1,1,0,0,1,0,26.0,,voiture,,1,1,1,3,6
201900003880,2019-09-19 14:45:00,2019,9,19,14,45,17,17110,RD 158,45.194433,-0.219636,Plein jour,Hors agglomération,Intersection en T,Normale,Deux véhicules - côté,3,2,2,0,1,1,1,5,1,70,2,2,1,0,1,0,52.0,42.0,voiture,utilitaire_camion,1,1,3,1,3
201900003881,2019-09-20 06:15:00,2019,9,20,6,15,76,76705,"A 13, PK 110.850",49.3332,1.080418,Nuit sans éclairage public,Hors agglomération,Hors intersection,Normale,Deux véhicules - côté,1,3,5,0,1,1,1,0,1,110,2,3,1,0,0,2,25.0,51.0,voiture,voiture,3,1,1,1,3
201900003882,2019-08-10 16:45:00,2019,8,10,16,45,13,13001,A8,43.522814,5.409965,Plein jour,Hors agglomération,Hors intersection,Normale,Trois véhicules et plus - en chaîne,1,1,5,0,1,1,1,0,1,130,3,4,2,0,0,2,57.0,20.0,voiture,voiture,1,1,1,1,4
201900003883,2019-09-20 07:00:00,2019,9,20,7,0,33,33199,118 Avenue du Maréchal de Lattre de Tassigny,44.63732,-1.10139,Crépuscule ou aube,En agglomération,Intersection en X,Normale,Deux véhicules - côté,3,2,4,2,1,1,1,0,1,50,2,2,1,0,1,0,47.0,23.0,deux_roues,voiture,2,2,2,1,3
201900003884,2019-09-20 11:20:00,2019,9,20,11,20,78,78366,N12 PK 41.450,48.798627,1.859299,Plein jour,Hors agglomération,Hors intersection,Normale,Autre collision,2,1,2,0,1,1,1,9,8,110,1,1,0,1,0,0,70.0,,voiture,,1,1,1,1,6
201900003885,2019-09-20 18:34:00,2019,9,20,18,34,83,83023,,43.405753,6.060888,Crépuscule ou aube,Hors agglomération,Hors intersection,Temps éblouissant,Deux véhicules - côté,3,2,2,0,1,1,1,0,1,80,2,2,1,0,1,0,16.0,47.0,deux_roues,voiture,2,1,1,7,3
201900003886,2019-09-20 13:00:00,2019,9,20,13,0,83,83023,,43.400879,6.121782,Plein jour,Hors agglomération,Hors intersection,Normale,Deux véhicules - frontale,3,1,2,0,2,1,1,0,3,110,2,6,2,0,0,4,20.0,66.0,voiture,voiture,1,1,1,1,1
201900003887,2019-09-20 15:15:00,2019,9,20,15,15,4,04148,RD 4085,43.8161215,6.5945566,Plein jour,Hors agglomération,Hors intersection,Normale,Deux véhicules - frontale,3,2,2,0,2,3,1,0,1,80,2,2,1,1,0,0,73.0,36.0,voiture,deux_roues,1,1,1,1,1
201900003888,2019-09-19 15:30:00,2019,9,19,15,30,4,04096,Rte des sagnes,44.4127279,6.7559962,Plein jour,Hors agglomération,Hors intersection,Temps couvert,Sans collision,4,2,2,0,2,1,9,0,1,50,1,2,1,0,0,1,59.0,,deux_roues,,1,1,1,8,7
201900003889,2019-09-20 14:25:00,2019,9,20,14,25,25,25050,La Vie Paul et Richard,47.120363,6.620246,Nuit sans éclairage public,Hors agglomération,Hors intersection,Normale,Deux véhicules - côté,3,2,2,0,1,3,1,0,1,80,2,2,0,0,1,1,57.0,33.0,utilitaire_camion,utilitaire_camion,3,1,1,1,3
201900003890,2019-09-19 17:30:00,2019,9,19,17,30,73,73284,D90D,45.4635034,6.5487433,Plein jour,Hors agglomération,Hors intersection,Normale,Deux véhicules - frontale,3,2,2,0,1,4,1,0,1,50,2,3,2,0,1,0,17.0,57.0,deux_roues,voiture,1,1,1,1,1
201900003891,2019-09-15 11:00:00,2019,9,15,11,0,38,38200,Route de l'Électrochimie,45.08832,5.731,Plein jour,En agglomération,Giratoire,Normale,Deux véhicules - côté,2,1,2,0,1,2,1,0,1,50,2,2,1,0,0,1,57.0,44.0,deux_roues,voiture,1,2,6,1,3
201900003892,2019-09-17 08:05:00,2019,9,17,8,5,69,69160,Lafont,46.13447,4.489965,Plein jour,En agglomération,Hors intersection,Normale,Autre collision,3,2,2,0,2,2,1,0,3,50,1,1,0,0,1,0,48.0,,utilitaire_camion,,1,2,1,1,6
201900003893,2019-09-19 17:45:00,2019,9,19,17,45,32,32331,nationale 21,43.722334,0.623607,Plein jour,Hors agglomération,Hors intersection,Normale,Autre collision,2,2,2,0,1,1,1,0,3,80,1,1,0,0,1,0,42.0,,utilitaire_camion,,1,1,1,1,6
201900003894,2019-09-20 17:45:00,2019,9,20,17,45,79,79049,Boulevard de Nantes,46.845032,-0.527792,Plein jour,Hors agglomération,Hors intersection,Normale,Deux véhicules - côté,3,2,2,0,1,1,1,0,1,80,2,3,0,0,2,1,32.0,40.0,voiture,voiture,1,1,1,1,3
201900003895,2019-09-19 19:50:00,2019,9,19,19,50,47,47263,Laubarede,44.477765,0.21256,Plein jour,Hors agglomération,Hors intersection,Normale,Autre collision,3,2,2,0,1,2,1,0,3,80,1,1,0,0,1,0,54.0,,voiture,,1,1,1,1,6
201900003896,2019-09-20 05:35:00,2019,9,20,5,35,85,85003,L'Echasserie,46.75188,-1.55457,Nuit sans éclairage public,Hors agglomération,Hors intersection,Normale,Deux véhicules - arrière,3,2,2,0,1,1,1,0,1,80,2,2,1,0,1,0,16.0,28.0,deux_roues,voiture,3,1,1,1,2
201900003897,2019-09-20 12:50:00,2019,9,20,12,50,85,85151,Rue du Puynardon,46.980764,-0.930482,Plein jour,Hors agglomération,Autre intersection,Normale,Deux véhicules - côté,4,-1,2,0,1,1,1,9,1,-1,2,3,2,0,1,0,19.0,34.0,voiture,deux_roues,1,1,9,1,3
201900003898,2019-09-20 11:30:00,2019,9,20,11,30,60,60095,RD22E,49.2424039,1.7128597,Plein jour,Hors agglomération,Intersection en X,Normale,Deux véhicules - côté,3,2,2,0,1,1,1,0,1,80,2,2,1,0,0,1,40.0,48.0,voiture,deux_roues,1,1,2,1,3
201900003899,2019-09-20 10:00:00,2019,9,20,10,0,60,60143,rue de l'hotel de ville,49.264001,1.882529,Plein jour,En agglomération,Hors intersection,Normale,Autre collision,3,2,2,0,1,1,1,0,1,30,1,2,1,0,0,1,69.0,,voiture,,1,2,1,1,6
201900003900,2019-09-19 17:30:00,2019,9,19,17,30,59,59578,départementale 916,50.673583,2.484551,Plein jour,En agglomération,Hors intersection,Normale,Sans collision,3,2,2,0,1,1,1,0,1,50,1,1,0,0,1,0,52.0,,deux_roues,,1,2,1,1,7
201900003901,2019-09-18 07:44:00,2019,9,18,7,44,13,13005,A50-Sens Aubagne vers Marseille,43.19326,5.66994,Plein jour,Hors agglomération,Hors intersection,Normale,Deux véhicules - côté,1,3,3,0,1,1,1,0,1,90,2,2,1,0,0,1,36.0,26.0,voiture,deux_roues,1,1,1,1,3
201900003902,2019-09-19 06:45:00,2019,9,19,6,45,33,33249,ROCADE A 630,44.88469,-0.51218,Nuit avec éclairage allumé,Hors agglomération,Hors intersection,Normale,Deux véhicules - arrière,1,3,6,0,1,3,1,0,1,90,2,2,1,0,0,1,50.0,35.0,deux_roues,voiture,5,1,1,1,2
201900003903,2019-09-19 14:40:00,2019,9,19,14,40,91,91659,AUTOROUTE A6,48.58873,2.44796,Plein jour,Hors agglomération,Hors intersection,Normale,Deux véhicules - côté,1,2,6,0,1,1,1,0,1,110,2,3,2,0,0,1,53.0,34.0,voiture,utilitaire_camion,1,1,1,1,3
201900003904,2019-09-19 13:35:00,2019,9,19,13,35,94,94034,AUTOROUTE A86,48.75994,2.32148,Plein jour,Hors agglomération,Hors intersection,Normale,Deux véhicules - côté,1,3,4,0,1,1,1,0,1,90,2,2,1,0,0,1,31.0,45.0,deux_roues,voiture,1,1,1,1,3
201900003905,2019-09-18 21:30:00,2019,9,18,21,30,93,93007,AUTOROUTE A3,48.9332,2.48092,Nuit sans éclairage public,Hors agglomération,Hors intersection,Normale,Deux véhicules - arrière,1,3,7,0,1,1,1,0,1,110,2,2,1,0,0,1,35.0,27.0,utilitaire_camion,voiture,3,1,1,1,2
201900003906,2019-09-18 18:00:00,2019,9,18,18,0,93,93064,AUTOROUTE A86,48.88196,2.47381,Plein jour,Hors agglomération,Hors intersection,Normale,Trois véhicules et plus - collisions multiples,1,3,8,0,1,1,1,8,1,70,3,3,2,0,0,1,44.0,42.0,voiture,utilitaire_camion,1,1,1,1,5
201900003907,2019-09-18 17:00:00,2019,9,18,17,0,93,93064,AUTOROUTE A86,48.88247,2.47164,Plein jour,Hors agglomération,Hors intersection,Normale,Deux véhicules - arrière,1,3,4,0,1,1,1,0,1,90,2,4,2,0,0,2,41.0,22.0,voiture,voiture,1,1,1,1,2
201900003908,2019-09-18 13:15:00,2019,9,18,13,15,93,93064,AUTOROUTE A86,48.87344,2.47972,Plein jour,Hors agglomération,Hors intersection,Normale,Deux véhicules - arrière,1,3,6,0,1,2,1,0,1,90,2,2,1,0,0,1,33.0,30.0,utilitaire_camion,deux_roues,1,1,1,1,2
201900003909,2019-09-18 10:15:00,2019,9,18,10,15,93,93066,AUTOROUTE A86,48.92555,2.33972,Plein jour,Hors agglomération,Hors intersection,Normale,Trois véhicules et plus - en chaîne,1,3,9,0,1,1,1,0,1,90,4,4,3,0,0,1,31.0,44.0,voiture,voiture,1,1,1,1,4
201900003910,2019-09-19 05:50:00,2019,9,19,5,50,94,94081,A86 INT,48.7744,2.4098,Nuit avec éclairage non allumé,Hors agglomération,Hors intersection,Normale,Deux véhicules - arrière,1,3,4,0,1,1,1,0,1,90,2,2,1,0,0,1,49.0,25.0,deux_roues,voiture,4,1,1,1,2
201900003911,2019-09-08 10:00:00,2019,9,8,10,0,94,94046,A86 INT,48.80455,2.44858,Plein jour,Hors agglomération,Hors intersection,Normale,Deux véhicules - arrière,1,3,4,0,1,1,1,0,1,90,2,4,1,0,0,3,34.0,24.0,voiture,voiture,1,1,1,1,2
201900003912,2019-09-17 18:55:00,2019,9,17,18,55,45,45234,PONT JOFFRE,47.8973,1.8954,Plein jour,En agglomération,Hors intersection,Normale,Trois véhicules et plus - en chaîne,4,2,4,0,1,1,1,2,1,50,3,4,3,0,0,1,39.0,54.0,voiture,voiture,1,2,1,1,4
201900003913,2019-09-17 19:25:00,2019,9,17,19,25,94,94059,CHERET (AV),48.80544,2.58492,Crépuscule ou aube,En agglomération,Place,Normale,Deux véhicules - arrière,4,1,1,0,1,1,1,0,1,50,2,2,1,0,0,1,37.0,68.0,voiture,voiture,2,2,7,1,2
201900003914,2019-09-17 12:40:00,2019,9,17,12,40,93,93055,JEAN LOLIVE (AVENUE)(55/73.62/86),48.89182,2.40522,Plein jour,En agglomération,Hors intersection,Normale,Deux véhicules - côté,3,1,2,0,1,1,1,0,1,50,2,2,1,0,0,1,41.0,47.0,deux_roues,voiture,1,2,1,1,3
201900003915,2019-09-15 21:54:00,2019,9,15,21,54,93,93007,AUTOROUTE A3,48.937292,2.480211,Nuit sans éclairage public,Hors agglomération,Hors intersection,Normale,Autre collision,1,3,6,0,1,1,1,2,1,110,1,1,0,0,0,1,31.0,,deux_roues,,3,1,1,1,6
201900003916,2019-09-13 23:10:00,2019,9,13,23,10,95,95028,RN 104,49.06255,2.33702,Nuit sans éclairage public,Hors agglomération,Hors intersection,Normale,Deux véhicules - arrière,2,3,5,0,1,3,1,3,1,90,2,3,2,0,0,1,36.0,40.0,voiture,voiture,3,1,1,1,2
201900003917,2019-09-18 18:25:00,2019,9,18,18,25,988,98818,RUE DU DOCTEUR GUEGAN/Rue eugene Porcheron,-22.2754,166.4447,Nuit avec éclairage allumé,En agglomération,Intersection en X,Normale,Autre collision,4,1,1,0,1,1,1,0,1,50,1,2,1,0,0,1,47.0,,voiture,,5,2,2,1,6
201900003918,2019-09-18 13:10:00,2019,9,18,13,10,988,98818,ENTRECASTEAUX (RUE D')/Rue Marechal Juin,-22.27313,166.46162,Plein jour,En agglomération,Intersection en T,Normale,Autre collision,4,2,2,0,2,3,1,0,3,50,1,1,0,0,0,1,21.0,,voiture,,1,2,3,1,6
201900003919,2019-09-16 10:15:00,2019,9,16,10,15,974,97411,LORY LES HAUTS (RUE),-20.8974,55.4808,Plein jour,En agglomération,Hors intersection,Normale,Deux véhicules - arrière,4,2,2,0,2,1,1,0,1,50,2,2,1,0,0,1,45.0,20.0,voiture,deux_roues,1,2,1,1,2
201900003920,2019-09-16 12:15:00,2019,9,16,12,15,973,97302,MADELEINE (ROUTE DE LA),4.908158,-52.322036,Plein jour,Hors agglomération,Autre intersection,Normale,Autre collision,9,2,2,0,1,1,1,9,1,50,1,3,0,0,0,3,16.0,,deux_roues,,1,1,9,1,6
201900003921,2019-09-18 06:40:00,2019,9,18,6,40,973,97309,SUZINI (CARREFOUR),4.92704,-52.28987,Crépuscule ou aube,En agglomération,Giratoire,Normale,Deux véhicules - côté,3,1,2,0,1,2,1,0,1,50,2,2,1,0,0,1,29.0,46.0,deux_roues,voiture,2,2,6,1,3
201900003922,2019-09-19 00:05:00,2019,9,19,0,5,69,69388,ALBERT THOMAS                       (CO),45.74553,4.87122,Nuit avec éclairage allumé,En agglomération,Place,Normale,Deux véhicules - côté,4,2,4,3,1,1,1,0,1,50,2,2,1,0,0,1,26.0,25.0,deux_roues,deux_roues,5,2,7,1,3
201900003923,2019-09-18 17:40:00,2019,9,18,17,40,69,69259,IRENE JOLIOT CURIE                  (BD),45.7111,4.88196,Plein jour,En agglomération,Hors intersection,Normale,Autre collision,4,1,4,0,1,1,1,0,1,50,1,2,1,0,0,1,22.0,,voiture,,1,2,1,1,6
201900003924,2019-09-17 04:50:00,2019,9,17,4,50,972,97213,ROUTE DEPARTEMENTALE 15,14.6535,-61.0114,Nuit sans éclairage public,En agglomération,Hors intersection,Normale,Deux véhicules - frontale,3,2,2,0,1,1,1,0,1,50,2,2,0,0,0,2,54.0,54.0,voiture,voiture,3,2,1,1,1
201900003925,2019-09-18 15:00:00,2019,9,18,15,0,69,69034,TUNNEL BELLEVUE (QUAI BELLEVUE COUVE(XX),45.78823,4.86419,Plein jour,Hors agglomération,Hors intersection,Normale,Deux véhicules - arrière,9,1,1,0,1,2,1,9,1,50,2,1,0,0,0,1,30.0,,utilitaire_camion,,1,1,1,1,2
201900003926,2019-09-18 15:50:00,2019,9,18,15,50,2B,2B037,TOUTES RUES,42.5958,9.44206,Plein jour,En agglomération,Intersection en T,Normale,Deux véhicules - côté,4,2,2,0,1,1,1,0,1,50,2,2,1,0,0,1,22.0,21.0,utilitaire_camion,deux_roues,1,2,3,1,3
201900003927,2019-09-17 17:30:00,2019,9,17,17,30,91,91223,SACLAS (ROUTE DE),48.41777,2.14831,Plein jour,Hors agglomération,Intersection en Y,Normale,Sans collision,3,2,2,0,1,2,1,5,1,50,1,1,0,0,1,0,17.0,,deux_roues,,1,1,4,1,7
201900003928,2019-09-13 21:17:00,2019,9,13,21,17,89,89387,GEORGES POMPIDOU (AVENUE),48.2103896,3.2763398,Nuit avec éclairage non allumé,En agglomération,Hors intersection,Normale,Deux véhicules - côté,3,4,3,0,1,1,1,0,1,50,2,2,1,1,0,0,35.0,17.0,voiture,deux_roues,4,2,1,1,3
201900003929,2019-09-17 14:25:00,2019,9,17,14,25,87,87085,PERRIN (RUE FRANCOIS),45.82936,1.2447,Plein jour,En agglomération,Intersection en X,Normale,Deux véhicules - côté,4,2,2,0,1,1,1,0,1,50,2,2,0,0,1,1,25.0,21.0,deux_roues,voiture,1,2,2,1,3