accident_id,datetime,annee,mois,jour,heure,minute,departement,commune_insee,adresse,latitude,longitude,luminosite,agglomeration,intersection,meteo,collision,catr,circ,nbv,vosp,prof,plan,surf,infra,situ,vma,nb_vehicules,nb_usagers,nb_indemnes,nb_tues,nb_blesses_hosp,nb_blesses_legers,age_cond_1,age_cond_2,veh_type_cond_1,veh_type_cond_2,lum_code,agg_code,int_code,atm_code,col_code
201900003930,2019-09-16 18:48:00,2019,9,16,18,48,87,87085,MONTJOVIS (AVENUE),45.83728,1.24906,Plein jour,En agglomération,Intersection en X,Normale,Deux véhicules - côté,4,2,2,0,1,1,1,0,1,50,2,2,1,0,1,0,47.0,37.0,voiture,deux_roues,1,2,2,1,3
201900003931,2019-09-18 08:20:00,2019,9,18,8,20,83,83129,MER (AVENUE DE LA) N°IMPAIRS,43.1034,5.8198,Plein jour,En agglomération,Autre intersection,Normale,Deux véhicules - côté,3,3,2,0,1,2,1,0,1,50,2,2,1,0,0,1,40.0,19.0,voiture,deux_roues,1,2,9,1,3
201900003932,2019-09-16 16:45:00,2019,9,16,16,45,83,83129,FONT DE FILLOL (RC ET T),43.09412,5.83195,Plein jour,En agglomération,Hors intersection,Normale,Autre collision,4,-1,2,0,1,1,1,0,1,30,1,2,1,0,0,1,54.0,,voiture,,1,2,1,1,6
201900003933,2019-09-15 18:40:00,2019,9,15,18,40,83,83061,N7,43.502905,6.786182,Plein jour,Hors agglomération,Hors intersection,Normale,Deux véhicules - frontale,3,2,0,0,2,1,1,9,1,70,2,3,1,0,1,1,42.0,32.0,voiture,deux_roues,1,1,1,1,1
201900003934,2019-09-17 17:35:00,2019,9,17,17,35,80,80021,FRANKLIN ROOSEVELT (RUE),49.91536,2.29552,Plein jour,En agglomération,Hors intersection,Normale,Deux véhicules - arrière,4,2,2,0,1,1,1,0,1,50,2,2,1,0,0,1,25.0,53.0,voiture,voiture,1,2,1,1,2
201900003935,2019-08-02 16:20:00,2019,8,2,16,20,78,78498,ROBESPIERRE BD,48.933055,2.045277,Plein jour,En agglomération,Hors intersection,Normale,Deux véhicules - côté,3,2,2,0,1,1,1,0,1,50,2,3,1,0,0,2,33.0,68.0,deux_roues,voiture,1,2,1,1,3
201900003936,2019-09-16 19:25:00,2019,9,16,19,25,77,77335,RN3 (ROUTE NATIONALE),48.95867,2.83691,Plein jour,Hors agglomération,Hors intersection,Normale,Sans collision,2,3,3,0,2,1,1,0,3,90,1,1,0,1,0,0,50.0,,voiture,,1,1,1,1,7
201900003937,2019-09-14 15:00:00,2019,9,14,15,0,71,71270,BEAUJOLAIS (RUE DU),46.288647,4.803608,Plein jour,En agglomération,Hors intersection,Normale,Deux véhicules - frontale,4,2,2,0,1,1,1,0,1,50,2,1,0,0,1,0,30.0,,deux_roues,,1,2,1,1,1
201900003938,2019-09-14 22:50:00,2019,9,14,22,50,71,71270,Rue du 28 Juin 1944-place Gardon,46.3094,4.8374,Nuit avec éclairage allumé,En agglomération,Giratoire,Normale,Deux véhicules - côté,3,-1,1,0,1,1,1,0,1,30,2,2,1,0,0,1,20.0,20.0,voiture,deux_roues,5,2,6,1,3
201900003939,2019-09-17 18:20:00,2019,9,17,18,20,67,67482,MILAN (RUE DE),48.576873,7.767373,Plein jour,En agglomération,Hors intersection,Normale,Autre collision,4,-1,1,0,1,4,1,9,1,30,1,2,1,0,0,1,9.0,,deux_roues,,1,2,1,1,6
201900003940,2019-09-17 17:35:00,2019,9,17,17,35,67,67482,AUBERGE DE JEUNESSE (RUE DE L ),48.573753,7.718534,Plein jour,En agglomération,Intersection en T,Temps couvert,Deux véhicules - côté,4,2,2,0,1,1,1,0,1,20,2,2,1,0,0,1,33.0,46.0,voiture,deux_roues,1,2,3,8,3
201900003941,2019-09-12 17:55:00,2019,9,12,17,55,67,67180,MARCHE AUX GRAINS (RUE DU),48.81375,7.79187,Plein jour,En agglomération,Hors intersection,Normale,Autre collision,4,2,2,0,1,1,1,0,1,30,1,2,1,0,0,1,35.0,,voiture,,1,2,1,1,6
201900003942,2019-09-18 10:05:00,2019,9,18,10,5,66,66136,Départementale 914,42.66532,2.91785,Plein jour,Hors agglomération,Hors intersection,Normale,Trois véhicules et plus - en chaîne,3,3,1,0,1,1,1,0,1,50,3,3,2,0,0,1,60.0,58.0,voiture,voiture,1,1,1,1,4
201900003943,2019-09-16 18:40:00,2019,9,16,18,40,66,66136,Georges Lavall,42.67799,2.90535,Plein jour,En agglomération,Hors intersection,Normale,Deux véhicules - frontale,4,2,2,0,1,2,1,0,1,50,2,2,1,0,0,1,21.0,46.0,voiture,voiture,1,2,1,1,1
201900003944,2019-09-18 05:35:00,2019,9,18,5,35,64,64445,CHAMPETIER DE RIBES,43.303234,-0.3785096,Nuit avec éclairage allumé,En agglomération,Intersection en X,Pluie légère,Deux véhicules - côté,4,2,2,0,1,1,2,0,1,50,2,2,1,0,1,0,51.0,23.0,deux_roues,voiture,5,2,2,2,3
201900003945,2019-09-17 17:20:00,2019,9,17,17,20,64,64102,HENRI DE NAVARRE (AVENUE),43.5039636,-1.4465854,Plein jour,En agglomération,Hors intersection,Normale,Deux véhicules - côté,3,2,2,0,1,1,1,0,3,50,2,3,1,0,1,1,22.0,27.0,deux_roues,voiture,1,2,1,1,3
201900003946,2019-09-16 15:40:00,2019,9,16,15,40,64,64024,CADRAN (ALLEE),43.4825842,-1.505195,Plein jour,En agglomération,Intersection en T,Normale,Autre collision,3,1,1,0,1,1,1,0,1,30,1,1,0,0,0,1,,,,,1,2,3,1,6
201900003947,2019-09-14 23:00:00,2019,9,14,23,0,62,62498,BETHUNE (RTE DE),50.44312,2.80302,Nuit avec éclairage allumé,En agglomération,Intersection en X,Normale,Deux véhicules - côté,4,2,4,0,1,1,1,0,1,50,2,2,1,0,1,0,45.0,45.0,voiture,deux_roues,5,2,2,1,3
201900003948,2019-09-18 12:20:00,2019,9,18,12,20,62,62193,CURIE (BOULEVARD),50.93962,1.86106,Plein jour,En agglomération,Intersection en X,Normale,Deux véhicules - côté,4,2,2,0,1,1,1,0,1,50,2,2,1,0,0,1,37.0,48.0,voiture,deux_roues,1,2,2,1,3
201900003949,2019-09-18 20:55:00,2019,9,18,20,55,59,59299,CD 700,50.65756,3.21254,Nuit sans éclairage public,Hors agglomération,Hors intersection,Normale,Trois véhicules et plus - collisions multiples,7,3,3,0,1,1,1,2,3,90,5,5,3,1,0,1,40.0,39.0,voiture,voiture,3,1,1,1,5
201900003950,2019-09-07 17:45:00,2019,9,7,17,45,59,59350,LAMBRET OSCAR AVENUE,50.61641,3.0344,Plein jour,En agglomération,Autre intersection,Normale,Deux véhicules - côté,4,1,3,0,1,1,1,0,1,50,2,2,1,0,0,1,75.0,48.0,voiture,voiture,1,2,9,1,3
201900003951,2019-09-16 07:37:00,2019,9,16,7,37,57,57672,GENERAL DE CASTELNAU (RUE DU),49.35339,6.16158,Plein jour,En agglomération,Intersection en T,Normale,Deux véhicules - côté,4,2,2,0,1,1,1,0,1,50,2,2,1,0,1,0,48.0,26.0,voiture,deux_roues,1,2,3,1,3
201900003952,2019-09-18 13:50:00,2019,9,18,13,50,56,56260,PONTIVY(BOULEVARD DE),47.67066,-2.77052,Plein jour,En agglomération,Intersection en T,Normale,Deux véhicules - arrière,4,3,4,0,1,1,1,5,1,50,2,2,1,0,0,1,45.0,28.0,deux_roues,utilitaire_camion,1,2,3,1,2
201900003953,2019-09-17 17:10:00,2019,9,17,17,10,56,56121,KERJULAUDE ( RUE DE ),47.7438357,-3.3810682,Plein jour,En agglomération,Intersection en X,Normale,Deux véhicules - côté,4,2,4,1,1,1,1,5,1,50,2,2,1,0,0,1,51.0,21.0,deux_roues,utilitaire_camion,1,2,2,1,3
201900003954,2019-09-18 19:10:00,2019,9,18,19,10,54,54304,RESISTANCE (AV. DE LA -IMPAIR-),48.693935,6.135277,Crépuscule ou aube,En agglomération,Intersection en Y,Temps éblouissant,Deux véhicules - côté,4,1,2,0,2,1,1,0,1,2,2,3,1,0,0,2,20.0,26.0,voiture,voiture,2,2,4,7,3
201900003955,2019-09-18 07:00:00,2019,9,18,7,0,54,54578,LECLERC (AVENUE DU GENERAL),48.676077,6.153328,Crépuscule ou aube,En agglomération,Hors intersection,Normale,Deux véhicules - côté,4,2,2,0,1,1,1,0,1,50,2,4,3,0,0,1,27.0,31.0,voiture,voiture,2,2,1,1,3
201900003956,2019-09-18 19:00:00,2019,9,18,19,0,51,51454,AVENUE D'EPERNAY,49.2447137,4.0124819,Plein jour,En agglomération,Hors intersection,Normale,Deux véhicules - côté,4,2,2,0,1,1,1,0,1,50,2,2,0,0,0,2,55.0,22.0,voiture,voiture,1,2,1,1,3
201900003957,2019-09-18 08:40:00,2019,9,18,8,40,51,51055,ROUTE DE LA NEUVILLETTE,49.28682,4.02816,Plein jour,En agglomération,Giratoire,Normale,Sans collision,4,1,1,0,1,2,1,0,1,50,1,1,0,0,0,1,47.0,,deux_roues,,1,2,6,1,7
201900003958,2019-09-17 11:35:00,2019,9,17,11,35,51,51454,PLACE DU SOUVENIR FRANCAIS,49.2692435,4.0705321,Plein jour,En agglomération,Giratoire,Normale,Deux véhicules - côté,4,1,2,0,1,2,1,0,1,50,2,2,1,0,1,0,58.0,66.0,deux_roues,utilitaire_camion,1,2,6,1,3
201900003959,2019-09-18 07:15:00,2019,9,18,7,15,49,49099,OLDENBURG (PLACE D'),47.07368,-0.84327,Nuit avec éclairage allumé,En agglomération,Place,Normale,Deux véhicules - côté,7,1,2,0,1,2,1,0,1,50,2,2,1,1,0,0,61.0,21.0,utilitaire_camion,deux_roues,5,2,7,1,3
201900003960,2019-09-17 13:25:00,2019,9,17,13,25,49,49099,BENESTIERE (RUE DE LA),47.03632,-0.87561,Plein jour,Hors agglomération,Hors intersection,Normale,Deux véhicules - frontale,4,2,2,0,1,1,1,0,1,50,2,2,1,0,0,1,45.0,30.0,voiture,voiture,1,1,1,1,1
201900003961,2019-09-16 13:46:00,2019,9,16,13,46,49,49007,GIRAN  OLIVIER PLACE,47.47488,-0.54245,Plein jour,En agglomération,Hors intersection,Normale,Deux véhicules - côté,4,2,2,0,1,1,1,0,1,60,2,2,1,0,1,0,21.0,52.0,voiture,deux_roues,1,2,1,1,3
201900003962,2019-09-13 16:06:00,2019,9,13,16,6,47,47001,CARNOT (BD DU PRESIDENT),44.2042607,0.6207031,Plein jour,En agglomération,Intersection en X,Normale,Deux véhicules - côté,4,2,2,0,1,1,1,0,1,50,2,4,3,0,1,0,35.0,22.0,voiture,deux_roues,1,2,2,1,3
201900003963,2019-09-16 10:15:00,2019,9,16,10,15,46,46042,ORMEAUX (COTE DES),44.46393,1.4286,Plein jour,En agglomération,Intersection en X,Normale,Trois véhicules et plus - collisions multiples,3,2,2,1,2,3,1,9,1,50,3,3,2,1,0,0,38.0,42.0,utilitaire_camion,utilitaire_camion,1,2,2,1,5
201900003964,2019-09-18 13:09:00,2019,9,18,13,9,45,45234,BD MARIE STUART,47.9114,1.92826,Plein jour,En agglomération,Hors intersection,Normale,Autre collision,4,3,2,0,1,1,1,0,1,50,1,3,2,0,1,0,42.0,,voiture,,1,2,1,1,6
201900003965,2019-09-13 02:45:00,2019,9,13,2,45,45,45004,RD 2060 - RIC Environnement,48.0041545,2.796051,Nuit sans éclairage public,Hors agglomération,Hors intersection,Normale,Sans collision,3,2,2,0,1,1,1,0,1,80,1,1,0,0,0,1,48.0,,voiture,,3,1,1,1,7
201900003966,2019-09-18 10:50:00,2019,9,18,10,50,44,44109,BOULEVARD DE DOULON,47.22575,-1.52254,Plein jour,En agglomération,Hors intersection,Normale,Autre collision,4,2,0,0,1,1,1,0,1,50,1,2,1,0,0,1,50.0,,voiture,,1,2,1,1,6
201900003967,2019-09-18 18:34:00,2019,9,18,18,34,37,37261,COPPEE (RUE FRANCOIS),47.4269157,0.6902293,Plein jour,En agglomération,Intersection en T,Normale,Deux véhicules - côté,4,2,2,0,1,1,1,0,1,50,2,5,4,0,1,0,19.0,39.0,voiture,deux_roues,1,2,3,1,3
201900003968,2019-09-18 15:38:00,2019,9,18,15,38,37,37261,TONNELLE (BOULEVARD),47.3809387,0.6681232,Plein jour,En agglomération,Hors intersection,Normale,Autre collision,4,2,2,0,1,1,1,0,1,50,1,3,2,0,0,1,68.0,,voiture,,1,2,1,1,6
201900003969,2019-09-18 13:59:00,2019,9,18,13,59,37,37261,FOUQUET (RUE JEHAN),47.3862001,0.6840291,Plein jour,En agglomération,Hors intersection,Normale,Sans collision,4,1,1,0,1,1,1,0,1,50,1,1,0,0,0,1,27.0,,deux_roues,,1,2,1,1,7
201900003970,2019-09-18 17:30:00,2019,9,18,17,30,35,35051,RENAUDIERE (AVENUE DE LA),48.11776,-1.63204,Plein jour,En agglomération,Intersection en T,Normale,Deux véhicules - côté,3,2,2,2,2,1,1,0,5,50,2,2,1,0,0,1,23.0,25.0,deux_roues,voiture,1,2,3,1,3
201900003971,2019-09-18 07:35:00,2019,9,18,7,35,35,35238,RN136,48.082636,-1.644549,Plein jour,Hors agglomération,Hors intersection,Normale,Autre collision,2,3,4,0,1,1,1,0,1,90,1,1,0,0,1,0,52.0,,deux_roues,,1,1,1,1,6
201900003972,2019-09-16 20:30:00,2019,9,16,20,30,34,34032,DEVEZE (AV DE LA),43.33113,3.24452,Nuit avec éclairage allumé,En agglomération,Autre intersection,Normale,Deux véhicules - arrière,4,2,3,0,2,1,1,5,1,50,2,2,1,0,1,0,72.0,49.0,voiture,deux_roues,5,2,9,1,2
201900003973,2019-09-17 11:00:00,2019,9,17,11,0,33,33032,Parking centre commercial rue camille Jullian,44.90218,-0.5089,Plein jour,En agglomération,Hors intersection,Normale,Autre collision,6,-1,0,0,1,1,1,0,1,30,1,2,1,0,0,1,73.0,,voiture,,1,2,1,1,6
201900003974,2019-09-16 11:45:00,2019,9,16,11,45,33,33192,ALL DE GASCOGNE,44.77288,-0.60101,Plein jour,En agglomération,Intersection en T,Normale,Deux véhicules - frontale,4,2,4,0,1,1,1,0,1,50,2,2,1,0,0,1,32.0,87.0,voiture,voiture,1,2,3,1,1
201900003975,2019-09-17 13:55:00,2019,9,17,13,55,32,32013,AGEN (ROUTE D'),43.69953,0.61192,Plein jour,Hors agglomération,Hors intersection,Normale,Sans collision,2,2,2,0,1,1,1,0,1,80,1,1,0,0,1,0,60.0,,voiture,,1,1,1,1,7
201900003976,2019-09-18 06:40:00,2019,9,18,6,40,31,31149,Bd VICTOR HUGO,43.61475,1.31026,Nuit sans éclairage public,En agglomération,Hors intersection,Normale,Deux véhicules - côté,4,2,2,0,1,1,1,0,1,50,2,2,1,0,0,1,46.0,32.0,voiture,deux_roues,3,2,1,1,3
201900003977,2019-09-17 21:45:00,2019,9,17,21,45,31,31555,AV SALVADOR DALI,43.62488,1.40595,Nuit avec éclairage non allumé,En agglomération,Hors intersection,Normale,Deux véhicules - côté,4,2,2,0,1,1,1,0,1,50,2,2,1,0,0,1,52.0,36.0,voiture,voiture,4,2,1,1,3
201900003978,2019-09-18 17:48:00,2019,9,18,17,48,29,29232,CNO,48.02321,-4.10392,Plein jour,Hors agglomération,Hors intersection,Normale,Deux véhicules - arrière,3,3,4,0,1,3,1,8,1,70,2,3,2,0,0,1,40.0,38.0,voiture,voiture,1,1,1,1,2
201900003979,2019-09-18 17:48:00,2019,9,18,17,48,25,25056,DENFERT ROCHEREAU AVENUE,47.24405,6.02707,Plein jour,En agglomération,Intersection en X,Normale,Autre collision,4,1,1,0,1,1,1,0,1,50,1,3,2,0,1,0,23.0,,voiture,,1,2,2,1,6
201900003980,2019-09-18 16:00:00,2019,9,18,16,0,14,14327,COLOMBELLES CD226 (ROUTE DE),49.20686,-0.31564,Plein jour,En agglomération,Autre intersection,Normale,Deux véhicules - côté,3,2,0,0,1,1,1,9,1,30,2,2,1,0,0,1,26.0,62.0,deux_roues,voiture,1,2,9,1,3
201900003981,2019-09-18 12:05:00,2019,9,18,12,5,14,14341,NOBEL (RUE  ALFRED),49.14867,-0.34011,Plein jour,En agglomération,Hors intersection,Normale,Deux véhicules - côté,4,2,2,0,1,1,1,0,1,50,2,2,1,0,0,1,30.0,62.0,voiture,deux_roues,1,2,1,1,3
201900003982,2019-09-18 15:00:00,2019,9,18,15,0,13,13210,OCTROI (BOULEVARD DE L'),43.2816119,5.425646,Plein jour,En agglomération,Intersection en T,Normale,Deux véhicules - côté,4,1,1,0,1,1,1,8,1,50,2,2,1,0,0,1,70.0,46.0,deux_roues,deux_roues,1,2,3,1,3
201900003983,2019-09-18 07:00:00,2019,9,18,7,0,13,13209,SAINTE MARGUERITE (BOULEVARD),43.263259,5.411201,Crépuscule ou aube,En agglomération,Hors intersection,Normale,Deux véhicules - arrière,4,2,3,0,1,1,1,0,1,50,2,2,1,0,0,1,62.0,40.0,voiture,deux_roues,2,2,1,1,2
201900003984,2019-09-17 16:00:00,2019,9,17,16,0,13,13210,MAURIAC (RUE),43.26826,5.42609,Plein jour,En agglomération,Hors intersection,Normale,Trois véhicules et plus - en chaîne,4,2,2,0,1,1,1,0,1,50,4,4,3,0,1,0,45.0,51.0,voiture,voiture,1,2,1,1,4
201900003985,2019-09-17 10:50:00,2019,9,17,10,50,11,11262,POMPIDOR (AVENUE),43.18581,2.97529,Plein jour,En agglomération,Hors intersection,Normale,Deux véhicules - arrière,4,2,2,0,1,1,1,0,1,50,2,2,1,0,0,1,25.0,25.0,voiture,voiture,1,2,1,1,2
201900003986,2019-09-18 23:45:00,2019,9,18,23,45,6,06069,MOULIN DE BRUN (CHEMIN ET TRAVERSE DU),43.659318,6.946465,Nuit avec éclairage allumé,Hors agglomération,Autre intersection,Normale,Sans collision,4,2,2,0,2,2,1,2,1,30,1,1,0,0,0,1,42.0,,voiture,,5,1,9,1,7
201900003987,2019-09-18 21:05:00,2019,9,18,21,5,75,75113,BD PERIPHERIQUE EXTERIEUR,48.8168838,2.3483035,Nuit avec éclairage allumé,En agglomération,Hors intersection,Normale,Trois véhicules et plus - en chaîne,4,1,3,0,1,1,1,0,1,70,4,4,3,0,0,1,70.0,43.0,voiture,deux_roues,5,2,1,1,4
201900003988,2019-09-18 18:30:00,2019,9,18,18,30,75,75116,BD PERIPHERIQUE EXTERIEUR,48.8577694,2.2596109,Crépuscule ou aube,En agglomération,Hors intersection,Normale,Trois véhicules et plus - en chaîne,4,1,4,0,1,1,1,0,1,70,3,3,2,0,0,1,36.0,39.0,deux_roues,voiture,2,2,1,1,4
201900003989,2019-09-18 14:45:00,2019,9,18,14,45,75,75112,BD PERIPHERIQUE EXTERIEUR,48.842225,2.413863,Plein jour,En agglomération,Hors intersection,Normale,Deux véhicules - côté,4,1,4,0,1,1,1,0,1,70,2,2,1,0,0,1,32.0,75.0,deux_roues,voiture,1,2,1,1,3
201900003990,2019-09-18 09:00:00,2019,9,18,9,0,75,75117,BD PERIPHERIQUE EXTERIEUR,48.8845335,2.2858635,Plein jour,En agglomération,Intersection en Y,Normale,Sans collision,4,1,4,0,1,1,8,0,1,70,1,1,0,0,0,1,43.0,,deux_roues,,1,2,4,1,7
201900003991,2019-09-17 18:15:00,2019,9,17,18,15,75,75115,BD PERIPHERIQUE INTERIEUR,48.831053,2.284126,Plein jour,En agglomération,Hors intersection,Normale,Trois véhicules et plus - en chaîne,4,1,3,0,1,1,1,0,1,70,3,4,2,0,0,2,53.0,24.0,utilitaire_camion,voiture,1,2,1,1,4
201900003992,2019-09-17 12:00:00,2019,9,17,12,0,75,75116,BD PERIPHERIQUE INTERIEUR,48.8712005,2.2732097,Plein jour,En agglomération,Hors intersection,Normale,Deux véhicules - côté,4,1,4,0,1,1,1,1,1,70,2,2,1,0,0,1,70.0,58.0,voiture,deux_roues,1,2,1,1,3
201900003993,2019-09-17 00:45:00,2019,9,17,0,45,75,75120,BD PERIPHERIQUE INTERIEUR,48.8685188,2.4132369,Nuit avec éclairage allumé,En agglomération,Intersection en Y,Normale,Autre collision,4,1,4,0,1,1,1,0,1,70,1,2,0,0,0,2,23.0,,deux_roues,,5,2,4,1,6
201900003994,2019-09-18 11:18:00,2019,9,18,11,18,75,75119,AVENUE JEAN JAURES,48.887795,2.389288,Plein jour,En agglomération,Intersection en X,Normale,Autre collision,4,2,2,0,1,1,1,0,1,50,2,2,1,0,0,1,60.0,47.0,voiture,voiture,1,2,2,1,6
201900003995,2019-09-18 09:20:00,2019,9,18,9,20,75,75119,AVENUE JEAN JAURES,48.884259,2.375937,Plein jour,En agglomération,Intersection en T,Normale,Autre collision,4,2,2,0,1,1,1,0,1,50,1,2,1,0,0,1,26.0,,deux_roues,,1,2,3,1,6
201900003996,2019-09-18 18:46:00,2019,9,18,18,46,75,75118,AVENUE DE LA PORTE DE LA CHAPELLE,48.8986947,2.3590063,Plein jour,En agglomération,Intersection en X,Normale,Autre collision,4,3,2,0,1,1,1,0,1,50,1,2,1,0,1,0,35.0,,deux_roues,,1,2,2,1,6
201900003997,2019-09-18 07:00:00,2019,9,18,7,0,75,75117,RUE ANDRE BRECHET,48.898916,2.32569,Crépuscule ou aube,En agglomération,Hors intersection,Normale,Autre collision,4,1,1,0,1,1,1,0,4,1,1,1,0,0,0,1,46.0,,deux_roues,,2,2,1,1,6
201900003998,2019-09-18 13:40:00,2019,9,18,13,40,75,75116,PLACE DU TROCADERO,48.863301,2.286661,Plein jour,En agglomération,Place,Normale,Deux véhicules - arrière,4,1,4,0,1,2,1,0,1,50,2,2,1,0,0,1,48.0,50.0,voiture,deux_roues,1,2,7,1,2
201900003999,2019-09-18 19:45:00,2019,9,18,19,45,75,75115,RUE LEBLANC,48.839846,2.27254,Crépuscule ou aube,En agglomération,Hors intersection,Normale,Deux véhicules - arrière,4,2,3,-1,1,1,1,0,1,50,2,2,1,0,0,1,60.0,61.0,voiture,deux_roues,2,2,1,1,2
201900004000,2019-09-18 19:45:00,2019,9,18,19,45,75,75106,BOULEVARD DU MONTPARNASSE,48.8431195,2.3264303,Crépuscule ou aube,En agglomération,Intersection en X,Normale,Autre collision,4,2,5,0,1,1,1,0,1,50,2,1,0,0,0,1,40.0,,deux_roues,,2,2,2,1,6
201900004001,2019-09-18 16:25:00,2019,9,18,16,25,75,75115,RUE MARMONTEL,48.836752,2.299544,Plein jour,En agglomération,Intersection en X,Normale,Deux véhicules - côté,4,2,2,1,1,1,1,0,5,50,2,2,1,0,0,1,62.0,27.0,deux_roues,utilitaire_camion,1,2,2,1,3
201900004002,2019-09-18 17:00:00,2019,9,18,17,0,75,75111,RUE ALPHONSE BAUDIN,48.860985,2.370311,Plein jour,En agglomération,Intersection en T,Normale,Autre collision,4,2,2,-1,1,1,1,0,1,30,1,2,1,0,0,1,29.0,,voiture,,1,2,3,1,6
201900004003,2019-09-18 20:00:00,2019,9,18,20,0,75,75108,RUE PIERRE CHARRON,48.8692386,2.302773,Crépuscule ou aube,En agglomération,Intersection en X,Normale,Deux véhicules - côté,4,2,2,0,1,1,1,0,1,50,2,2,1,0,0,1,46.0,52.0,voiture,deux_roues,2,2,2,1,3
201900004004,2019-09-18 11:30:00,2019,9,18,11,30,94,94067,GENERAL DE GAULLE (AV DU),48.84567,2.41774,Plein jour,En agglomération,Hors intersection,Normale,Autre collision,3,2,2,0,1,1,1,0,1,50,1,2,1,0,0,1,28.0,,deux_roues,,1,2,1,1,6
201900004005,2019-09-18 17:45:00,2019,9,18,17,45,94,94078,WINSTON CHURCHILL (AV),48.753997,2.44953,Plein jour,En agglomération,Autre intersection,Normale,Deux véhicules - côté,3,3,4,0,1,1,1,0,1,50,2,2,1,0,0,1,38.0,24.0,voiture,voiture,1,2,9,1,3
201900004006,2019-09-18 19:50:00,2019,9,18,19,50,94,94076,EDOUARD VAILLANT (R),48.79,2.34,Crépuscule ou aube,En agglomération,Hors intersection,Normale,Autre collision,9,1,1,0,1,1,1,0,1,50,1,2,1,0,1,0,38.0,,voiture,,2,2,1,1,6
201900004007,2019-09-18 09:30:00,2019,9,18,9,30,94,94033,25 AOUT 1944 (BD DU),48.84734,2.47867,Plein jour,En agglomération,Intersection à plus de 4 branches,Normale,Autre collision,3,2,2,1,1,1,1,5,1,50,1,2,1,0,0,1,22.0,,voiture,,1,2,5,1,6
201900004008,2019-09-17 22:40:00,2019,9,17,22,40,94,94028,CODOS.(RUE PAUL),48.7747,2.4696,Nuit avec éclairage allumé,En agglomération,Hors intersection,Normale,Deux véhicules - frontale,4,-1,2,0,1,1,1,0,1,50,2,2,0,0,0,2,21.0,41.0,voiture,voiture,5,2,1,1,1
201900004009,2019-09-17 11:30:00,2019,9,17,11,30,94,94028,ARCOS.(RUE RENE),48.77746,2.45854,Plein jour,En agglomération,Autre intersection,Normale,Deux véhicules - arrière,4,1,1,0,1,3,1,5,1,50,2,2,1,0,0,1,29.0,45.0,voiture,voiture,1,2,9,1,2
201900004010,2019-09-18 12:20:00,2019,9,18,12,20,94,94071,BOISSY (R DE),48.76493,2.525,Plein jour,En agglomération,Intersection en Y,Normale,Deux véhicules - côté,3,-1,2,0,1,1,1,0,1,50,2,2,0,0,0,2,58.0,24.0,voiture,voiture,1,2,4,1,3
201900004011,2019-09-16 19:15:00,2019,9,16,19,15,94,94002,EMILE ZOLA (R),48.79814,2.42025,Plein jour,En agglomération,Hors intersection,Normale,Trois véhicules et plus - en chaîne,3,-1,2,0,1,1,1,0,1,50,3,3,2,0,0,1,28.0,36.0,deux_roues,voiture,1,2,1,1,4
201900004012,2019-09-18 10:30:00,2019,9,18,10,30,93,93073,CHAPIT RE ( RUE DU),49.003592,2.53679,Plein jour,En agglomération,Hors intersection,Temps éblouissant,Deux véhicules - arrière,4,1,1,0,2,1,1,2,1,50,2,2,1,0,0,1,45.0,35.0,voiture,voiture,1,2,1,7,2
201900004013,2019-09-18 19:30:00,2019,9,18,19,30,93,93005,ANDRE CITROEN (BOULEVARD),48.958427,2.485375,Crépuscule ou aube,Hors agglomération,Autre intersection,Normale,Deux véhicules - arrière,3,1,2,0,1,3,1,5,3,50,2,2,1,0,0,1,68.0,36.0,voiture,voiture,2,1,9,1,2
201900004014,2019-09-17 11:30:00,2019,9,17,11,30,93,93066,LENINE (AVENUE) NR 28 A 62 ET 13 A 41,48.938038,2.368432,Plein jour,En agglomération,Hors intersection,Normale,Autre collision,3,-1,2,0,1,1,1,0,1,50,1,2,1,0,0,1,21.0,,voiture,,1,2,1,1,6
201900004015,2019-09-18 08:49:00,2019,9,18,8,49,93,93055,COURTILLIERES(PARC),48.91435,2.41023,Plein jour,En agglomération,Autre intersection,Normale,Deux véhicules - côté,6,2,1,0,1,4,1,0,1,30,2,2,1,0,0,1,19.0,24.0,deux_roues,voiture,1,2,9,1,3
201900004016,2019-09-18 12:00:00,2019,9,18,12,0,93,93048,JACQUES DUCLOS (RUE),48.8581,2.4366,Plein jour,En agglomération,Giratoire,Normale,Deux véhicules - arrière,3,1,6,0,1,1,1,0,1,50,2,2,0,0,0,2,49.0,47.0,deux_roues,deux_roues,1,2,6,1,2
201900004017,2019-06-01 18:10:00,2019,6,1,18,10,93,93046,MONTESQUIEU AVENUE,48.923932,2.529605,Plein jour,En agglomération,Hors intersection,Temps éblouissant,Autre collision,4,2,2,0,1,1,1,0,1,50,1,2,1,0,0,1,47.0,,voiture,,1,2,1,7,6
201900004018,2019-09-18 18:20:00,2019,9,18,18,20,93,93063,PARAT RUE DU DOCTEUR,48.891917,2.43752,Plein jour,En agglomération,Hors intersection,Normale,Deux véhicules - arrière,4,-1,0,0,2,1,1,0,1,50,2,2,1,0,1,0,39.0,34.0,voiture,deux_roues,1,2,1,1,2
201900004019,2019-09-18 13:50:00,2019,9,18,13,50,93,93063,ETHIS RUE MARCEL,48.87753,2.44364,Plein jour,En agglomération,Autre intersection,Normale,Deux véhicules - côté,4,2,3,0,1,1,1,6,1,50,2,2,1,0,0,1,35.0,22.0,utilitaire_camion,voiture,1,2,9,1,3
201900004020,2019-09-18 19:40:00,2019,9,18,19,40,92,92075,SADI CARNOT (RUE),48.821971,2.289218,Nuit avec éclairage allumé,En agglomération,Intersection en X,Normale,Deux véhicules - côté,4,1,2,2,1,1,1,0,1,30,2,2,1,0,0,1,45.0,36.0,voiture,deux_roues,5,2,2,1,3