accident_id,datetime,annee,mois,jour,heure,minute,departement,commune_insee,adresse,latitude,longitude,luminosite,agglomeration,intersection,meteo,collision,catr,circ,nbv,vosp,prof,plan,surf,infra,situ,vma,nb_vehicules,nb_usagers,nb_indemnes,nb_tues,nb_blesses_hosp,nb_blesses_legers,age_cond_1,age_cond_2,veh_type_cond_1,veh_type_cond_2,lum_code,agg_code,int_code,atm_code,col_code
201900004021,2019-09-17 19:30:00,2019,9,17,19,30,92,92073,JAURES (AVENUE JEAN),48.864581,2.2074,Crépuscule ou aube,En agglomération,Hors intersection,Normale,Autre collision,3,2,2,0,2,1,1,0,1,50,1,2,0,0,1,1,57.0,,deux_roues,,2,2,1,1,6
201900004022,2019-09-18 19:00:00,2019,9,18,19,0,92,92064,PARC SAINT CLOUD,48.840993,2.214818,Plein jour,En agglomération,Hors intersection,Normale,Deux véhicules - arrière,4,2,2,0,2,1,1,0,1,30,2,2,1,0,0,1,86.0,39.0,deux_roues,voiture,1,2,1,1,2
201900004023,2019-09-18 15:45:00,2019,9,18,15,45,92,92051,GENERAL LECLERC (BOULEVARD DU N° 29 A 65,48.89123,2.26295,Plein jour,En agglomération,Hors intersection,Normale,Deux véhicules - arrière,3,2,2,0,1,1,1,9,1,50,2,2,1,0,0,1,50.0,60.0,utilitaire_camion,voiture,1,2,1,1,2
201900004024,2019-09-18 08:45:00,2019,9,18,8,45,92,92020,FONTENAY RUE DE AUTRES N°,48.79694,2.28572,Plein jour,En agglomération,Hors intersection,Normale,Deux véhicules - côté,4,2,2,0,1,1,1,0,1,50,2,2,1,0,0,1,23.0,27.0,deux_roues,voiture,1,2,1,1,3
201900004025,2019-09-17 14:20:00,2019,9,17,14,20,92,92036,PRINCIPALE DU PORT (ROUTE) (1/17),48.94176,2.29513,Plein jour,En agglomération,Giratoire,Normale,Deux véhicules - côté,4,3,4,0,1,1,1,0,1,50,2,2,1,0,0,1,55.0,37.0,deux_roues,voiture,1,2,6,1,3
201900004026,2019-09-17 09:50:00,2019,9,17,9,50,92,92004,BAS ( RUE DES ),48.9160718,2.294631,Plein jour,En agglomération,Hors intersection,Normale,Trois véhicules et plus - collisions multiples,3,-1,2,0,1,1,1,1,1,50,3,3,2,0,0,1,55.0,35.0,utilitaire_camion,deux_roues,1,2,1,1,5
201900004027,2019-09-18 12:20:00,2019,9,18,12,20,92,92004,BAS ( RUE DES ),48.9149305,2.2959561,Plein jour,En agglomération,Intersection en T,Normale,Deux véhicules - côté,3,1,2,0,1,1,1,0,1,50,2,2,1,0,0,1,63.0,42.0,utilitaire_camion,deux_roues,1,2,3,1,3
201900004028,2019-09-18 16:25:00,2019,9,18,16,25,92,92002,RENE BARTHELEMY (RUE),48.7539986,2.3074982,Plein jour,En agglomération,Hors intersection,Temps éblouissant,Autre collision,4,2,1,0,1,1,1,0,1,50,1,2,1,0,1,0,64.0,,voiture,,1,2,1,7,6
201900004029,2019-09-19 08:00:00,2019,9,19,8,0,50,50541,Le Haut Theil,48.837373,-1.523102,Plein jour,Hors agglomération,Hors intersection,Temps éblouissant,Trois véhicules et plus - en chaîne,3,2,2,2,2,1,1,0,1,80,3,3,0,0,1,2,41.0,53.0,voiture,voiture,1,1,1,7,4
201900004030,2019-09-18 18:15:00,2019,9,18,18,15,74,74118,130 Chemin de sous Rossy,46.1783622,6.2240052,Plein jour,Hors agglomération,Hors intersection,Normale,Deux véhicules - arrière,1,1,1,0,2,3,1,3,1,70,2,2,1,0,0,1,28.0,39.0,deux_roues,voiture,1,1,1,1,2
201900004031,2019-09-13 14:55:00,2019,9,13,14,55,60,60007,Avenue Philippe Courtial,49.392188,2.374385,Plein jour,En agglomération,Autre intersection,Normale,Deux véhicules - frontale,3,2,2,0,1,1,1,0,1,50,2,2,0,0,0,2,79.0,27.0,voiture,voiture,1,2,9,1,1
201900004032,2019-08-09 00:50:00,2019,8,9,0,50,28,28018,"Autoroute A11, pk 114.000 sens province-Pris",48.202981,0.893199,Nuit sans éclairage public,Hors agglomération,Hors intersection,Normale,Autre collision,1,1,5,0,1,1,1,0,1,90,1,1,0,0,0,1,50.0,,utilitaire_camion,,3,1,1,1,6
201900004033,2019-09-19 16:25:00,2019,9,19,16,25,68,68289,Rue de la Chapelle,47.826109,7.350465,Plein jour,En agglomération,Hors intersection,Temps éblouissant,Sans collision,3,2,2,0,1,1,1,0,1,50,1,2,1,0,0,1,60.0,,voiture,,1,2,1,7,7
201900004034,2019-09-17 09:40:00,2019,9,17,9,40,59,59309,Rue de Furnes,50.98406,2.590168,Plein jour,En agglomération,Hors intersection,Normale,Sans collision,3,2,2,0,1,1,9,0,1,50,1,1,0,0,1,0,68.0,,deux_roues,,1,2,1,1,7
201900004035,2019-09-19 18:45:00,2019,9,19,18,45,72,72200,carrefour de la rue du belinos et de la roue de TELOCHE,47.894344,0.197259,Plein jour,Hors agglomération,Hors intersection,Normale,Deux véhicules - frontale,3,2,2,0,2,1,1,5,5,80,2,2,0,0,0,2,52.0,21.0,voiture,voiture,1,1,1,1,1
201900004036,2019-09-18 12:35:00,2019,9,18,12,35,85,85109,Rue du Baron Pierre de Coubertin,46.86206,-1.016068,Plein jour,En agglomération,Giratoire,Normale,Deux véhicules - côté,4,1,1,0,1,2,1,5,1,50,2,2,1,0,1,0,53.0,52.0,deux_roues,voiture,1,2,6,1,3
201900004037,2019-09-19 07:00:00,2019,9,19,7,0,57,57108,Route départementale 162 D PK 001+400,49.143743,7.431068,Crépuscule ou aube,Hors agglomération,Hors intersection,Normale,Deux véhicules - frontale,3,2,2,0,1,1,2,0,1,80,2,2,0,0,1,1,19.0,22.0,voiture,voiture,2,1,1,1,1
201900004038,2019-09-19 10:30:00,2019,9,19,10,30,74,74309,Route de la Cote,46.114049,6.042302,Plein jour,En agglomération,Hors intersection,Normale,Deux véhicules - frontale,3,2,2,0,2,1,1,0,1,50,2,2,1,1,0,0,43.0,34.0,utilitaire_camion,deux_roues,1,2,1,1,1
201900004039,2019-09-19 05:40:00,2019,9,19,5,40,79,79268,,46.784196,-0.185116,Nuit sans éclairage public,Hors agglomération,Hors intersection,Normale,Autre collision,3,2,2,0,1,1,1,0,1,80,1,1,0,0,1,0,47.0,,deux_roues,,3,1,1,1,6
201900004040,2019-09-18 17:30:00,2019,9,18,17,30,31,31150,41 route de Toulouse,43.651079,1.337373,Plein jour,En agglomération,Hors intersection,Normale,Trois véhicules et plus - collisions multiples,3,2,2,0,1,1,1,0,1,50,3,3,2,0,1,0,45.0,25.0,deux_roues,voiture,1,2,1,1,5
201900004041,2019-09-18 16:45:00,2019,9,18,16,45,2B,2B341,route territoriale 20,42.232032,9.172269,Plein jour,Hors agglomération,Hors intersection,Pluie légère,Sans collision,2,2,2,0,1,1,2,0,1,80,1,1,0,0,1,0,67.0,,deux_roues,,1,1,1,2,7
201900004042,2019-09-15 10:40:00,2019,9,15,10,40,2B,2B207,RT10 FOLELLI,42.44022,9.510493,Plein jour,Hors agglomération,Hors intersection,Normale,Deux véhicules - côté,2,2,2,0,2,3,1,0,1,80,2,2,1,0,1,0,33.0,64.0,voiture,deux_roues,1,1,1,1,3
201900004043,2019-09-19 09:13:00,2019,9,19,9,13,81,81013,Carrefour RD903 et RD94,44.009726,2.2934474,Plein jour,Hors agglomération,Intersection en X,Normale,Autre collision,3,2,2,0,1,1,1,0,3,80,1,1,0,0,1,0,62.0,,voiture,,1,1,2,1,6
201900004044,2019-09-19 14:20:00,2019,9,19,14,20,32,32256,RN 21 PK 69+570,43.533564,0.432051,Plein jour,Hors agglomération,Hors intersection,Normale,Deux véhicules - frontale,2,2,3,0,3,1,1,0,1,90,2,3,0,1,2,0,75.0,62.0,voiture,voiture,1,1,1,1,1
201900004045,2019-09-17 19:34:00,2019,9,17,19,34,71,71109,RD 974B - PR 4 - Les Garruches,46.9039979,4.7058541,Plein jour,Hors agglomération,Intersection en T,Normale,Deux véhicules - côté,3,2,2,0,1,1,1,0,1,70,2,4,0,2,0,2,87.0,22.0,voiture,voiture,1,1,3,1,3
201900004046,2019-09-19 17:00:00,2019,9,19,17,0,89,89368,Route de Toucy,47.620983,3.192508,Plein jour,En agglomération,Hors intersection,Temps éblouissant,Autre collision,3,2,2,0,1,1,1,0,1,50,1,2,1,1,0,0,71.0,,voiture,,1,2,1,7,6
201900004047,2019-09-18 12:20:00,2019,9,18,12,20,61,61096,D849,48.518118,-0.420872,Plein jour,Hors agglomération,Intersection en T,Normale,Deux véhicules - côté,3,2,2,0,1,3,1,0,1,70,2,2,1,0,1,0,52.0,19.0,deux_roues,voiture,1,1,3,1,3
201900004048,2019-09-19 07:35:00,2019,9,19,7,35,49,49290,D751,47.402231,-0.463315,Crépuscule ou aube,En agglomération,Hors intersection,Normale,Autre collision,3,2,2,0,1,1,1,0,1,50,1,1,0,0,0,1,29.0,,deux_roues,,2,2,1,1,6
201900004049,2019-09-18 12:10:00,2019,9,18,12,10,42,42015,D50,46.171169,4.375273,Plein jour,Hors agglomération,Hors intersection,Normale,Deux véhicules - frontale,3,2,2,0,2,2,1,0,1,80,2,2,0,0,0,2,39.0,63.0,voiture,voiture,1,1,1,1,1
201900004050,2019-09-15 21:10:00,2019,9,15,21,10,22,22222,route du palus,48.674902,-2.897952,Nuit sans éclairage public,Hors agglomération,Hors intersection,Normale,Autre collision,4,2,2,0,2,1,1,0,3,70,1,1,0,0,0,1,60.0,,voiture,,3,1,1,1,6
201900004051,2019-09-18 08:40:00,2019,9,18,8,40,39,39458,,46.616286,5.609479,Plein jour,Hors agglomération,Intersection en X,Temps éblouissant,Deux véhicules - côté,3,2,2,0,2,1,1,5,1,70,2,2,1,0,1,0,71.0,35.0,voiture,voiture,1,1,2,7,3
201900004052,2019-09-16 06:15:00,2019,9,16,6,15,25,25413,D389,46.681695,6.186236,Crépuscule ou aube,Hors agglomération,Hors intersection,Normale,Deux véhicules - côté,3,2,2,0,2,3,1,0,1,80,2,2,1,1,0,0,50.0,27.0,deux_roues,voiture,2,1,1,1,3
201900004053,2019-09-18 17:20:00,2019,9,18,17,20,44,44098,Rue du Plessis la Croix d'Haut,47.501102,-2.133023,Plein jour,Hors agglomération,Hors intersection,Normale,Deux véhicules - côté,4,2,2,0,1,3,1,0,1,70,2,3,2,0,1,0,22.0,46.0,deux_roues,utilitaire_camion,1,1,1,1,3
201900004054,2019-09-19 09:45:00,2019,9,19,9,45,2,02656,CD 22,49.381142,3.828831,Plein jour,Hors agglomération,Hors intersection,Temps éblouissant,Deux véhicules - arrière,3,2,2,0,1,1,1,0,1,80,2,2,1,0,1,0,71.0,22.0,deux_roues,voiture,1,1,1,7,2
201900004055,2019-09-18 18:45:00,2019,9,18,18,45,1,01246,Impasse de la Brasserie,46.2341494,5.0468948,Crépuscule ou aube,En agglomération,Hors intersection,Normale,Autre collision,4,2,2,0,1,1,1,0,1,50,1,3,2,0,0,1,90.0,,voiture,,2,2,1,1,6
201900004056,2019-09-18 21:20:00,2019,9,18,21,20,72,72022,Le Jardin,47.763734,-0.193474,Nuit sans éclairage public,Hors agglomération,Hors intersection,Normale,Deux véhicules - côté,3,2,3,0,1,1,1,5,1,80,2,4,2,0,1,1,28.0,24.0,deux_roues,voiture,3,1,1,1,3
201900004057,2019-09-18 19:05:00,2019,9,18,19,5,60,60509,rue louis boilet,49.3003579,2.6038163,Plein jour,En agglomération,Intersection en T,Normale,Deux véhicules - frontale,3,2,2,0,1,1,1,0,1,50,2,3,2,0,1,0,9.0,50.0,deux_roues,voiture,1,2,3,1,1
201900004058,2019-09-18 18:35:00,2019,9,18,18,35,60,60632,D82,49.5661992,2.8997021,Plein jour,Hors agglomération,Hors intersection,Temps éblouissant,Sans collision,3,2,2,0,3,2,1,0,1,80,1,1,0,0,1,0,38.0,,deux_roues,,1,1,1,7,7
201900004059,2019-09-19 15:50:00,2019,9,19,15,50,64,64320,RD 934 - Entre EAUX CHAUDES et GABAS PR 38+100,42.9868858,-0.4274073,Plein jour,Hors agglomération,Hors intersection,Normale,Deux véhicules - frontale,3,2,2,0,2,3,1,0,1,80,2,2,1,1,0,0,48.0,45.0,deux_roues,voiture,1,1,1,1,1
201900004060,2019-09-19 07:20:00,2019,9,19,7,20,64,64371,34 Rue de la Navarre,43.2152791,-0.8962425,Crépuscule ou aube,En agglomération,Hors intersection,Temps couvert,Deux véhicules - arrière,3,2,2,0,1,1,1,0,1,50,2,3,2,0,0,1,19.0,33.0,voiture,deux_roues,2,2,1,8,2
201900004061,2019-07-09 08:55:00,2019,7,9,8,55,17,17306,PERCHE (DE LA) (BD),45.6311,-1.04075,Plein jour,En agglomération,Hors intersection,Normale,Deux véhicules - côté,4,-1,2,0,1,1,1,0,1,30,2,2,1,0,0,1,,30.0,utilitaire_camion,utilitaire_camion,1,2,1,1,3
201900004062,2019-07-09 15:20:00,2019,7,9,15,20,17,17300,RONDEAU   BOULEVARD ARISTIDE,46.15819,-1.18692,Plein jour,En agglomération,Intersection en T,Normale,Deux véhicules - côté,4,2,0,2,1,1,1,5,1,30,2,2,1,0,0,1,41.0,71.0,deux_roues,voiture,1,2,3,1,3
201900004063,2019-07-09 20:10:00,2019,7,9,20,10,14,14118,DELIVRANDE (RUE DE LA),49.19496,-0.35987,Plein jour,En agglomération,Hors intersection,Normale,Autre collision,4,2,2,0,1,1,1,0,1,50,1,1,0,0,1,0,42.0,,deux_roues,,1,2,1,1,6
201900004064,2019-07-09 08:00:00,2019,7,9,8,0,10,10081,JULES FERRY (RUE),48.32905,4.05331,Plein jour,En agglomération,Intersection en X,Normale,Autre collision,7,-1,2,0,1,1,1,0,1,50,2,2,1,0,0,1,19.0,43.0,deux_roues,voiture,1,2,2,1,6
201900004065,2019-07-09 11:30:00,2019,7,9,11,30,6,06104,SERRET (AVENUE DU),43.7575,7.4477,Plein jour,En agglomération,Hors intersection,Pluie légère,Sans collision,4,2,2,0,2,3,2,0,1,50,1,1,0,0,0,1,62.0,,deux_roues,,1,2,1,2,7
201900004066,2019-07-09 06:50:00,2019,7,9,6,50,6,06104,"VERDUN (AVENUE DE, N° 131 ET +)",43.7618116,7.4707979,Plein jour,En agglomération,Hors intersection,Normale,Deux véhicules - arrière,3,2,2,0,2,1,1,8,1,50,2,3,1,0,1,1,28.0,48.0,deux_roues,deux_roues,1,2,1,1,2
201900004067,2019-07-09 18:18:00,2019,7,9,18,18,6,06029,FERRAGE (BOULEVARD DE LA),43.5533591,7.0144045,Plein jour,En agglomération,Hors intersection,Normale,Deux véhicules - côté,4,1,1,0,1,1,1,0,1,50,2,2,1,0,0,1,26.0,22.0,voiture,deux_roues,1,2,1,1,3
201900004068,2019-07-09 11:00:00,2019,7,9,11,0,6,06029,ESTEREL (BOULEVARD DE L'),43.5594,6.9729,Plein jour,En agglomération,Hors intersection,Normale,Autre collision,4,1,2,0,2,2,2,0,1,30,1,2,0,1,0,1,41.0,,utilitaire_camion,,1,2,1,1,6
201900004069,2019-07-09 08:55:00,2019,7,9,8,55,5,05023,CASTRES (RUE DE),44.89959,6.64394,Plein jour,En agglomération,Hors intersection,Normale,Autre collision,4,1,1,0,2,2,1,0,1,50,1,2,1,0,1,0,38.0,,utilitaire_camion,,1,2,1,1,6
201900004070,2019-07-08 11:30:00,2019,7,8,11,30,2,02738,RAYMOND POINCARE,49.65606,3.31967,Plein jour,En agglomération,Intersection en T,Normale,Deux véhicules - côté,4,1,2,0,1,1,1,0,1,50,2,2,0,0,0,2,20.0,37.0,voiture,voiture,1,2,3,1,3
201900004071,2019-07-09 17:30:00,2019,7,9,17,30,75,75114,PORTE D ORLEANS,48.82081,2.321721,Plein jour,En agglomération,Intersection en Y,Normale,Deux véhicules - arrière,4,1,3,0,1,1,1,0,1,70,2,2,1,0,0,1,47.0,26.0,voiture,voiture,1,2,4,1,2
201900004072,2019-07-09 17:45:00,2019,7,9,17,45,75,75117,BD PERIPHERIQUE INTERIEUR,48.878454,2.28099,Plein jour,En agglomération,Hors intersection,Normale,Deux véhicules - côté,4,1,4,0,1,1,1,1,1,70,2,2,1,0,0,1,25.0,33.0,deux_roues,utilitaire_camion,1,2,1,1,3
201900004073,2019-07-08 08:20:00,2019,7,8,8,20,75,75118,PORTE DE LA CHAPELLE,48.900912,2.359844,Plein jour,En agglomération,Intersection en Y,Normale,Deux véhicules - arrière,4,1,4,0,1,1,1,0,1,70,2,5,3,0,1,1,31.0,62.0,voiture,utilitaire_camion,1,2,4,1,2
201900004074,2019-07-09 01:03:00,2019,7,9,1,3,75,75109,RUE DU FAUBOURG MONTMARTRE,48.8719,2.34315,Nuit avec éclairage allumé,En agglomération,Hors intersection,Normale,Autre collision,4,1,2,0,1,1,1,0,1,50,2,4,3,0,1,0,42.0,62.0,deux_roues,voiture,5,2,1,1,6
201900004075,2019-07-08 00:38:00,2019,7,8,0,38,75,75108,AVENUE HOCHE,48.876549,2.301677,Nuit avec éclairage allumé,En agglomération,Intersection en X,Normale,Trois véhicules et plus - collisions multiples,4,2,2,0,1,1,1,0,1,50,3,5,0,0,0,5,33.0,39.0,voiture,voiture,5,2,2,1,5
201900004076,2019-07-09 17:00:00,2019,7,9,17,0,75,75106,BOULEVARD RASPAIL,48.845053,2.328787,Plein jour,En agglomération,Intersection en Y,Normale,Deux véhicules - côté,4,2,2,3,1,1,1,0,1,50,2,3,1,0,0,2,35.0,31.0,voiture,deux_roues,1,2,4,1,3
201900004077,2019-07-09 12:30:00,2019,7,9,12,30,75,75105,RUE DE PONTOISE,48.848943,2.351317,Plein jour,En agglomération,Hors intersection,Normale,Autre collision,4,1,1,0,1,1,1,0,1,50,1,2,1,0,0,1,22.0,,utilitaire_camion,,1,2,1,1,6
201900004078,2019-07-09 09:50:00,2019,7,9,9,50,75,75106,RUE DE VAUGIRARD,48.848272,2.331211,Plein jour,En agglomération,Hors intersection,Normale,Autre collision,4,2,2,0,1,1,1,0,1,50,1,2,1,0,0,1,62.0,,voiture,,1,2,1,1,6
201900004079,2019-07-09 09:40:00,2019,7,9,9,40,75,75106,BOULEVARD SAINT MICHEL,48.84158,2.337647,Plein jour,En agglomération,Hors intersection,Normale,Deux véhicules - côté,4,2,4,3,2,1,1,0,6,50,2,2,1,0,0,1,29.0,42.0,deux_roues,utilitaire_camion,1,2,1,1,3
201900004080,2019-07-09 19:12:00,2019,7,9,19,12,75,75119,RUE DE KABYLIE,48.884299,2.367549,Plein jour,En agglomération,Intersection en T,Normale,Autre collision,4,1,1,0,1,1,1,0,1,30,1,2,1,0,0,1,59.0,,utilitaire_camion,,1,2,3,1,6
201900004081,2019-07-09 19:32:00,2019,7,9,19,32,75,75118,RUE MARX DORMOY,48.889064,2.359902,Plein jour,En agglomération,Intersection en T,Normale,Deux véhicules - côté,4,2,4,0,1,1,1,0,1,50,2,3,1,0,0,2,32.0,37.0,deux_roues,deux_roues,1,2,3,1,3
201900004082,2019-07-09 16:40:00,2019,7,9,16,40,75,75118,RUE DU POTEAU,48.893478,2.342606,Plein jour,En agglomération,Hors intersection,Normale,Deux véhicules - côté,4,1,1,0,1,1,1,0,1,30,2,2,1,0,0,1,53.0,54.0,deux_roues,voiture,1,2,1,1,3
201900004083,2019-07-09 14:45:00,2019,7,9,14,45,75,75117,AVENUE DE LA PORTE DE CLICHY,48.894461,2.313477,Plein jour,En agglomération,Intersection en X,Normale,Deux véhicules - côté,4,3,2,0,1,1,1,8,1,30,2,2,1,0,0,1,27.0,71.0,deux_roues,voiture,1,2,2,1,3
201900004084,2019-07-09 13:50:00,2019,7,9,13,50,75,75117,BOULEVARD PEREIRE,48.887947,2.308033,Plein jour,En agglomération,Hors intersection,Normale,Autre collision,4,3,1,0,1,1,1,0,1,50,2,2,1,0,0,1,25.0,57.0,deux_roues,voiture,1,2,1,1,6
201900004085,2019-07-09 09:45:00,2019,7,9,9,45,75,75117,BOULEVARD GOUVION SAINT CYR,48.883879,2.288972,Plein jour,En agglomération,Hors intersection,Normale,Deux véhicules - côté,4,2,6,3,1,1,1,8,6,50,2,2,1,0,0,1,39.0,57.0,deux_roues,voiture,1,2,1,1,3
201900004086,2019-07-09 10:00:00,2019,7,9,10,0,75,75115,RUE PAUL BARRUEL,48.839765,2.304632,Plein jour,En agglomération,Hors intersection,Normale,Deux véhicules - arrière,4,2,2,0,2,1,1,0,1,50,2,2,1,0,0,1,38.0,59.0,voiture,deux_roues,1,2,1,1,2
201900004087,2019-07-08 19:00:00,2019,7,8,19,0,75,75115,QUAI ANDRE CITROEN,48.849106,2.281897,Plein jour,En agglomération,Intersection en X,Normale,Deux véhicules - côté,4,2,0,0,1,1,1,0,1,50,2,2,1,0,0,1,30.0,37.0,deux_roues,deux_roues,1,2,2,1,3
201900004088,2019-07-08 09:00:00,2019,7,8,9,0,75,75115,BOULEVARD LEFEBVRE,48.831387,2.291577,Plein jour,En agglomération,Hors intersection,Normale,Deux véhicules - côté,4,1,1,1,2,1,1,0,5,30,2,2,1,0,0,1,33.0,39.0,deux_roues,deux_roues,1,2,1,1,3
201900004089,2019-07-08 08:10:00,2019,7,8,8,10,75,75115,RUE DE LA CROIX NIVERT,48.84374,2.295878,Plein jour,En agglomération,Intersection en T,Normale,Autre collision,4,2,2,0,1,1,1,0,1,50,1,2,1,0,0,1,21.0,,utilitaire_camion,,1,2,3,1,6
201900004090,2019-07-09 19:10:00,2019,7,9,19,10,75,75114,BOULEVARD DU MONTPARNASSE,48.841926,2.329589,Plein jour,En agglomération,Intersection à plus de 4 branches,Normale,Deux véhicules - côté,4,2,6,0,1,1,1,0,1,50,2,2,1,0,0,1,24.0,22.0,deux_roues,voiture,1,2,5,1,3
201900004091,2019-07-09 10:56:00,2019,7,9,10,56,75,75106,PLACE DU DIX HUIT JUIN 1940,48.843801,2.324313,Plein jour,En agglomération,Place,Normale,Autre collision,4,2,4,0,1,1,1,0,1,50,1,2,1,0,0,1,55.0,,voiture,,1,2,7,1,6
201900004092,2019-07-08 12:15:00,2019,7,8,12,15,75,75114,RUE FURTADO HEINE,48.830383,2.319683,Plein jour,En agglomération,Intersection en T,Normale,Autre collision,4,1,1,0,1,1,1,0,1,50,1,2,1,0,0,1,53.0,,utilitaire_camion,,1,2,3,1,6
201900004093,2019-07-09 13:20:00,2019,7,9,13,20,75,75113,BOULEVARD MASSENA,48.823434,2.375058,Plein jour,En agglomération,Intersection en T,Normale,Deux véhicules - côté,4,1,3,1,2,1,1,0,5,50,2,2,1,0,0,1,19.0,19.0,voiture,deux_roues,1,2,3,1,3
201900004094,2019-07-09 11:05:00,2019,7,9,11,5,75,75109,RUE DU FAUBOURG MONTMARTRE,48.875101,2.341022,Plein jour,En agglomération,Intersection en X,Normale,Autre collision,4,1,1,0,1,1,1,0,1,50,1,2,1,0,0,1,20.0,,deux_roues,,1,2,2,1,6
201900004095,2019-07-08 12:00:00,2019,7,8,12,0,75,75109,PLACE PIGALLE,48.882328,2.336971,Plein jour,En agglomération,Place,Temps éblouissant,Autre collision,4,1,1,0,1,3,1,0,1,50,1,2,1,0,0,1,47.0,,utilitaire_camion,,1,2,7,7,6
201900004096,2019-07-09 10:25:00,2019,7,9,10,25,75,75108,AVENUE DES CHAMPS ELYSEES,48.871406,2.302292,Plein jour,En agglomération,Intersection en Y,Normale,Deux véhicules - arrière,4,2,8,0,1,1,1,0,1,50,2,4,3,0,0,1,56.0,35.0,voiture,deux_roues,1,2,4,1,2
201900004097,2019-07-09 10:00:00,2019,7,9,10,0,75,75103,BOULEVARD DES FILLES DU CALVAIRE,48.862475,2.366891,Plein jour,En agglomération,Intersection en X,Normale,Deux véhicules - côté,4,2,4,0,1,1,1,0,1,50,2,2,1,0,0,1,30.0,30.0,voiture,voiture,1,2,2,1,3
201900004098,2019-07-09 13:15:00,2019,7,9,13,15,75,75101,PLACE DU MARCHE SAINT HONORE,48.866491,2.331931,Plein jour,En agglomération,Hors intersection,Normale,Autre collision,4,1,1,0,1,3,1,6,1,30,1,2,1,0,0,1,46.0,,utilitaire_camion,,1,2,1,1,6
201900004099,2019-07-09 09:50:00,2019,7,9,9,50,94,94042,VERDUN (PL DE),48.82014,2.47377,Plein jour,En agglomération,Hors intersection,Normale,Autre collision,3,2,4,0,1,1,1,0,1,50,2,3,2,0,0,1,25.0,33.0,voiture,utilitaire_camion,1,2,1,1,6
201900004100,2019-07-09 18:50:00,2019,7,9,18,50,94,94016,SAUSSAIES (R DES),48.78796,2.33377,Plein jour,En agglomération,Intersection en X,Normale,Deux véhicules - côté,4,2,2,0,2,1,1,5,1,50,2,2,1,0,0,1,45.0,45.0,deux_roues,voiture,1,2,2,1,3
201900004101,2019-07-09 15:45:00,2019,7,9,15,45,94,94003,ARISTIDE BRIAND (AV),48.81024,2.3269,Plein jour,En agglomération,Place,Normale,Deux véhicules - côté,3,1,8,0,1,4,1,5,1,50,2,3,2,0,0,1,50.0,66.0,utilitaire_camion,voiture,1,2,7,1,3
201900004102,2019-07-09 09:00:00,2019,7,9,9,0,94,94073,RD 86,48.7607654,2.3996018,Plein jour,Hors agglomération,Hors intersection,Normale,Sans collision,3,1,2,0,1,1,1,0,1,90,1,1,0,0,0,1,36.0,,deux_roues,,1,1,1,1,7
201900004103,2019-07-09 08:15:00,2019,7,9,8,15,94,94028,POMPADOUR(ROUTE DE LA),48.76921,2.46169,Plein jour,En agglomération,Giratoire,Temps éblouissant,Sans collision,2,2,2,3,2,1,1,5,1,50,1,2,1,0,0,1,30.0,,transport_commun,,1,2,6,7,7
201900004104,2019-07-09 16:10:00,2019,7,9,16,10,94,94022,VICTOR HUGO (AV),48.7688174,2.4211282,Plein jour,En agglomération,Hors intersection,Normale,Deux véhicules - arrière,3,-1,2,0,1,1,1,0,1,50,2,2,1,0,0,1,32.0,49.0,voiture,deux_roues,1,2,1,1,2
201900004105,2019-07-09 06:55:00,2019,7,9,6,55,94,94018,CARRIERES (QU DES),48.81783,2.41919,Plein jour,En agglomération,Hors intersection,Normale,Deux véhicules - côté,3,2,2,0,1,1,1,0,1,50,2,2,1,0,0,1,20.0,28.0,deux_roues,utilitaire_camion,1,2,1,1,3
201900004106,2019-07-09 20:20:00,2019,7,9,20,20,94,94002,RAYMOND JACLARD (R),48.80491,2.4218,Plein jour,En agglomération,Hors intersection,Normale,Autre collision,4,1,1,0,1,2,1,0,1,50,1,1,0,0,0,1,26.0,,deux_roues,,1,2,1,1,6
201900004107,2019-07-09 18:30:00,2019,7,9,18,30,93,93048,PARIS (RUE DE),48.85727,2.43051,Plein jour,En agglomération,Hors intersection,Normale,Trois véhicules et plus - collisions multiples,3,2,2,0,1,1,1,0,1,30,4,4,3,0,0,1,27.0,30.0,voiture,voiture,1,2,1,1,5
201900004108,2019-07-08 22:00:00,2019,7,8,22,0,93,93063,PARAT RUE DU DOCTEUR,48.89331,2.43742,Nuit avec éclairage allumé,En agglomération,Intersection en X,Normale,Deux véhicules - côté,4,1,1,0,1,1,1,0,1,50,2,2,1,0,0,1,47.0,23.0,deux_roues,voiture,5,2,2,1,3
201900004109,2019-07-08 07:20:00,2019,7,8,7,20,93,93079,JEAN BAPTISTE CLEMENT,48.954,2.33821,Plein jour,En agglomération,Hors intersection,Normale,Trois véhicules et plus - collisions multiples,4,2,0,0,1,1,1,0,1,50,3,3,2,0,0,1,60.0,32.0,voiture,transport_commun,1,2,1,1,5
201900004110,2019-07-08 16:00:00,2019,7,8,16,0,93,93027,ROCHET (RUE WALDECK),48.94172,2.4102,Plein jour,En agglomération,Hors intersection,Normale,Deux véhicules - frontale,3,2,1,1,2,1,1,2,3,50,2,5,1,0,0,4,22.0,46.0,utilitaire_camion,utilitaire_camion,1,2,1,1,1
201900004111,2019-07-09 07:45:00,2019,7,9,7,45,93,93008,VAILLANT COUTURIER (AVENUE PAUL),48.907728,2.4550775,Plein jour,En agglomération,Hors intersection,Temps éblouissant,Autre collision,3,3,1,0,1,1,1,0,1,50,1,2,1,0,0,1,64.0,,voiture,,1,2,1,7,6