accident_id,datetime,annee,mois,jour,heure,minute,departement,commune_insee,adresse,latitude,longitude,luminosite,agglomeration,intersection,meteo,collision,catr,circ,nbv,vosp,prof,plan,surf,infra,situ,vma,nb_vehicules,nb_usagers,nb_indemnes,nb_tues,nb_blesses_hosp,nb_blesses_legers,age_cond_1,age_cond_2,veh_type_cond_1,veh_type_cond_2,lum_code,agg_code,int_code,atm_code,col_code
201900004205,2019-07-03 19:40:00,2019,7,3,19,40,21,21231,DOCTEUR JEAN VEILLET (BOULEVARD),47.35364,5.05317,Plein jour,En agglomération,Hors intersection,Normale,Autre collision,4,2,2,0,2,1,1,0,1,50,2,2,1,0,1,0,71.0,43.0,deux_roues,voiture,1,2,1,1,6
201900004206,2019-07-06 21:20:00,2019,7,6,21,20,94,94002,MICOLON (R),48.80507,2.41465,Plein jour,En agglomération,Hors intersection,Normale,Deux véhicules - côté,9,-1,0,3,1,1,1,6,2,1,2,2,1,0,0,1,8.0,41.0,deux_roues,voiture,1,2,1,1,3
201900004207,2019-07-07 21:15:00,2019,7,7,21,15,92,92020,DIVISION LECLERC AVENUE DE LA,48.79729,2.28073,Crépuscule ou aube,En agglomération,Hors intersection,Normale,Sans collision,4,2,2,0,2,3,1,0,1,50,1,1,0,0,0,1,46.0,,deux_roues,,2,2,1,1,7
201900004208,2019-07-07 12:30:00,2019,7,7,12,30,94,94034,AUTOROUTE A86,48.758039,2.326955,Plein jour,Hors agglomération,Hors intersection,Normale,Trois véhicules et plus - en chaîne,1,3,6,0,2,1,1,0,1,70,5,5,4,0,0,1,25.0,38.0,voiture,voiture,1,1,1,1,4
201900004209,2019-07-07 00:10:00,2019,7,7,0,10,93,93029,AUTOROUTE A86,48.9226,2.4273,Nuit sans éclairage public,Hors agglomération,Hors intersection,Normale,Sans collision,1,-1,6,0,1,1,1,1,1,70,1,2,0,0,0,2,31.0,,deux_roues,,3,1,1,1,7
201900004210,2019-07-06 21:50:00,2019,7,6,21,50,93,93005,AUTOROUTE A3,48.92848,2.48103,Crépuscule ou aube,Hors agglomération,Hors intersection,Normale,Deux véhicules - arrière,9,1,1,0,3,1,1,3,1,50,2,1,0,0,0,1,29.0,,voiture,,2,1,1,1,2
201900004211,2019-07-09 01:25:00,2019,7,9,1,25,69,69386,VIABERT (DE LA)                     (R ),45.7663772,4.8680022,Nuit avec éclairage allumé,En agglomération,Intersection en T,Normale,Deux véhicules - côté,4,1,1,0,1,1,1,0,1,50,2,2,1,0,0,1,38.0,30.0,voiture,deux_roues,5,2,3,1,3
201900004212,2019-07-08 14:25:00,2019,7,8,14,25,69,69383,BONNAND                             (R ),45.7503309,4.8843636,Plein jour,En agglomération,Hors intersection,Normale,Autre collision,4,2,3,2,1,1,1,0,1,50,1,2,1,0,1,0,80.0,,voiture,,1,2,1,1,6
201900004213,2019-07-08 11:20:00,2019,7,8,11,20,69,69387,JEAN JAURES                         (AV),45.7262991,4.830611,Plein jour,En agglomération,Hors intersection,Normale,Autre collision,4,2,2,2,1,1,1,0,1,50,1,3,2,1,0,0,78.0,,utilitaire_camion,,1,2,1,1,6
201900004214,2019-07-08 06:10:00,2019,7,8,6,10,69,69383,MARECHAL DE SAXE                    (AV),45.7549974,4.8467571,Crépuscule ou aube,En agglomération,Intersection en X,Normale,Sans collision,4,2,3,3,1,1,1,0,1,50,1,2,1,0,0,1,23.0,,deux_roues,,2,2,2,1,7
201900004215,2019-07-08 08:45:00,2019,7,8,8,45,69,69387,FELIX FAURE                         (AV),45.7521901,4.8471574,Plein jour,En agglomération,Hors intersection,Normale,Autre collision,4,1,2,1,1,1,1,0,1,50,1,1,0,0,0,1,47.0,,voiture,,1,2,1,1,6
201900004216,2019-07-07 11:10:00,2019,7,7,11,10,972,97213,ROUTE DEPARTEMENTALE 3,14.63491,-60.991483,Plein jour,Hors agglomération,Hors intersection,Normale,Sans collision,3,2,2,0,1,4,1,9,1,50,1,2,0,0,0,2,22.0,,deux_roues,,1,1,1,1,7
201900004217,2019-07-05 23:55:00,2019,7,5,23,55,972,97213,ROUTE DEPARTEMENTALE 3,14.63135,-60.97154,Nuit avec éclairage allumé,Hors agglomération,Hors intersection,Normale,Autre collision,3,2,2,0,1,1,1,0,1,50,1,1,0,0,0,1,51.0,,voiture,,5,1,1,1,6
201900004218,2019-07-07 23:05:00,2019,7,7,23,5,972,97209,GENERAL DE GAULLE (BLD DU),14.60512,-61.06438,Nuit avec éclairage allumé,En agglomération,Hors intersection,Pluie légère,Deux véhicules - arrière,2,3,6,0,1,1,2,0,1,50,2,2,1,0,0,1,32.0,49.0,deux_roues,voiture,5,2,1,2,2
201900004219,2019-07-08 19:00:00,2019,7,8,19,0,69,69389,PAUL SEDAILLIAN                     (QU),45.79271,4.82091,Plein jour,En agglomération,Autre intersection,Normale,Deux véhicules - côté,4,2,4,2,1,1,1,0,1,50,2,4,3,0,0,1,42.0,23.0,deux_roues,voiture,1,2,9,1,3
201900004220,2019-07-08 12:10:00,2019,7,8,12,10,69,69152,EUROPE (DE L')                      (BD),45.69798,4.82468,Plein jour,En agglomération,Hors intersection,Normale,Deux véhicules - côté,3,2,2,0,1,1,1,0,1,50,2,1,0,0,1,0,28.0,,voiture,,1,2,1,1,3
201900004221,2019-07-08 09:15:00,2019,7,8,9,15,69,69389,ST CYR (DE)                         (R ),45.79101,4.80846,Plein jour,En agglomération,Hors intersection,Normale,Deux véhicules - côté,4,2,2,0,2,1,1,0,1,50,2,2,1,0,0,1,54.0,21.0,deux_roues,voiture,1,2,1,1,3
201900004222,2019-07-08 06:55:00,2019,7,8,6,55,69,69385,TRION (DE)                          (R ),45.75684,4.81603,Plein jour,En agglomération,Hors intersection,Normale,Autre collision,4,2,2,3,1,1,1,6,1,50,1,2,1,0,0,1,60.0,,deux_roues,,1,2,1,1,6
201900004223,2019-07-06 11:10:00,2019,7,6,11,10,971,97113,BAS DU FORT,16.21738,-61.52685,Plein jour,En agglomération,Hors intersection,Normale,Autre collision,9,2,2,0,2,2,1,0,1,50,1,3,2,0,1,0,19.0,,voiture,,1,2,1,1,6
201900004224,2019-05-28 14:43:00,2019,5,28,14,43,971,97107,DUMANOIR ( ALLEE ),16.03873,-61.566805,Plein jour,En agglomération,Giratoire,Pluie légère,Deux véhicules - côté,4,2,2,0,1,1,2,9,1,50,2,2,1,0,1,0,31.0,54.0,deux_roues,voiture,1,2,6,2,3
201900004225,2019-07-05 08:53:00,2019,7,5,8,53,91,91339,RN 20,48.635,2.266,Plein jour,En agglomération,Hors intersection,Normale,Trois véhicules et plus - en chaîne,4,-1,4,0,1,1,1,0,3,50,4,3,2,0,0,1,26.0,48.0,voiture,voiture,1,2,1,1,4
201900004226,2019-07-06 12:14:00,2019,7,6,12,14,87,87085,RN520,45.89074,1.27629,Plein jour,Hors agglomération,Hors intersection,Normale,Sans collision,2,2,2,0,1,1,1,0,1,80,1,1,0,0,0,1,23.0,,deux_roues,,1,1,1,1,7
201900004227,2019-07-07 21:00:00,2019,7,7,21,0,84,84087,TERRIER (RUE DU),44.14151,4.81363,Crépuscule ou aube,En agglomération,Intersection en X,Normale,Deux véhicules - frontale,4,2,2,0,1,1,1,5,1,50,2,3,2,1,0,0,36.0,62.0,deux_roues,voiture,2,2,2,1,1
201900004228,2019-07-08 00:45:00,2019,7,8,0,45,81,81033,BRUGAYRAC ( RUE DE ),44.0326991,2.1547057,Nuit avec éclairage allumé,En agglomération,Hors intersection,Normale,Autre collision,4,2,2,0,2,3,1,0,2,30,1,3,1,0,0,2,19.0,,voiture,,5,2,1,1,6
201900004229,2019-07-06 15:35:00,2019,7,6,15,35,80,80702,"6, ROUTE DE SAINS",49.84181,2.31178,Plein jour,En agglomération,Hors intersection,Normale,Deux véhicules - côté,4,2,2,0,2,1,1,0,1,50,2,2,1,0,0,1,44.0,48.0,deux_roues,voiture,1,2,1,1,3
201900004230,2019-07-07 22:05:00,2019,7,7,22,5,77,77305,COLLINE SAINT MARTIN (AVENUE DE LA),48.39497,2.9663,Plein jour,En agglomération,Hors intersection,Normale,Deux véhicules - côté,4,2,3,3,2,1,1,0,1,50,2,2,1,0,0,1,21.0,16.0,voiture,deux_roues,1,2,1,1,3
201900004231,2019-07-07 12:40:00,2019,7,7,12,40,76,76540,VERTE. RUE,49.45286,1.0935,Plein jour,En agglomération,Intersection en T,Normale,Deux véhicules - côté,4,2,2,0,1,1,1,0,1,50,2,2,1,0,1,0,20.0,49.0,deux_roues,voiture,1,2,3,1,3
201900004232,2019-07-06 17:00:00,2019,7,6,17,0,76,76540,YSER. BOULEVARD DE L',49.44807,1.10163,Plein jour,En agglomération,Hors intersection,Normale,Deux véhicules - arrière,3,2,5,0,1,1,1,0,1,50,2,2,1,0,0,1,24.0,54.0,deux_roues,voiture,1,2,1,1,2
201900004233,2019-07-06 17:00:00,2019,7,6,17,0,76,76341,RD 6015,49.5161,0.2091,Plein jour,Hors agglomération,Hors intersection,Normale,Autre collision,3,3,4,0,2,3,1,0,1,90,1,1,0,0,1,0,54.0,,deux_roues,,1,1,1,1,6
201900004234,2019-07-06 21:15:00,2019,7,6,21,15,76,76351,JEAN JAURES (AVENUE),49.50084,0.17821,Crépuscule ou aube,En agglomération,Intersection en T,Normale,Deux véhicules - côté,4,2,2,0,1,1,1,0,1,50,2,2,1,0,0,1,23.0,37.0,voiture,deux_roues,2,2,3,1,3
201900004235,2019-07-06 13:30:00,2019,7,6,13,30,76,76305,ORCHER,49.50349,0.21402,Plein jour,En agglomération,Intersection en T,Normale,Autre collision,4,2,2,0,2,1,1,0,1,50,1,2,0,0,0,2,17.0,,deux_roues,,1,2,3,1,6
201900004236,2019-07-05 11:50:00,2019,7,5,11,50,67,67482,JEAN JAURES (AVENUE),48.569461,7.763097,Plein jour,En agglomération,Intersection en T,Normale,Deux véhicules - côté,4,1,2,1,1,1,1,0,1,50,2,2,1,0,0,1,24.0,51.0,voiture,deux_roues,1,2,3,1,3
201900004237,2019-07-04 17:15:00,2019,7,4,17,15,66,66136,LANGUEDOC (AVENUE DU CD 88),42.73279,2.88968,Plein jour,En agglomération,Hors intersection,Normale,Autre collision,4,2,1,0,1,1,1,0,1,50,2,1,0,0,0,1,20.0,,voiture,,1,2,1,1,6
201900004238,2019-07-04 16:30:00,2019,7,4,16,30,66,66136,BELFORT AVENUE DE,42.6884,2.88128,Plein jour,En agglomération,Hors intersection,Normale,Trois véhicules et plus - collisions multiples,4,2,2,0,1,1,1,0,1,50,3,3,1,0,0,2,32.0,33.0,voiture,voiture,1,2,1,1,5
201900004239,2019-07-06 03:40:00,2019,7,6,3,40,64,64102,PAULMY (AVENUE DES ALLEES),43.4933016,-1.4800516,Nuit avec éclairage allumé,En agglomération,Hors intersection,Normale,Sans collision,4,3,6,3,2,1,1,8,1,50,1,2,0,0,1,1,37.0,,deux_roues,,5,2,1,1,7
201900004240,2019-07-06 00:05:00,2019,7,6,0,5,64,64024,BUTTE AUX CAILLES (ROND POINT DE LA),43.4968,-1.50938,Nuit avec éclairage allumé,En agglomération,Giratoire,Normale,Autre collision,4,1,2,0,1,2,8,0,1,50,2,2,1,0,0,1,20.0,48.0,deux_roues,deux_roues,5,2,6,1,6
201900004241,2019-07-07 11:50:00,2019,7,7,11,50,62,62048,PARC DES LOISIRS,50.5194742,2.4463034,Plein jour,Hors agglomération,Hors intersection,Normale,Autre collision,4,2,2,0,1,1,1,0,1,50,1,1,0,0,0,1,48.0,,voiture,,1,1,1,1,6
201900004242,2019-07-08 15:00:00,2019,7,8,15,0,59,59421,CONGO (RUE DU),50.695945,3.143964,Plein jour,En agglomération,Intersection en X,Normale,Deux véhicules - côté,7,2,2,0,1,1,1,0,1,50,2,2,1,0,1,0,49.0,31.0,voiture,deux_roues,1,2,2,1,3
201900004243,2019-07-08 05:05:00,2019,7,8,5,5,56,56260,ESPALIERS DE LIMOGES(RUE DES),47.651,-2.75126,Nuit avec éclairage allumé,En agglomération,Hors intersection,Normale,Autre collision,4,2,1,0,1,1,1,0,4,50,1,1,0,0,0,1,22.0,,deux_roues,,5,2,1,1,6
201900004244,2019-02-09 15:50:00,2019,2,9,15,50,972,97213,PELLETIER (ROUTE DE),14.6569,-60.97735,Plein jour,Hors agglomération,Hors intersection,Normale,Deux véhicules - frontale,3,2,2,0,2,3,1,0,1,50,2,2,0,0,1,1,18.0,29.0,deux_roues,voiture,1,1,1,1,1
201900004245,2019-02-12 04:50:00,2019,2,12,4,50,972,97209,RD 41 (ROCADE),14.61127,-61.06518,Nuit sans éclairage public,En agglomération,Hors intersection,Pluie légère,Autre collision,3,3,4,0,2,2,2,0,1,60,1,1,0,0,0,1,32.0,,utilitaire_camion,,3,2,1,2,6
201900004246,2019-02-10 02:33:00,2019,2,10,2,33,972,97209,SOLEIL LEVANT (BOULEVARD DU),14.62712,-61.0399,Nuit avec éclairage allumé,En agglomération,Intersection en T,Normale,Autre collision,3,2,2,0,1,1,1,0,1,50,1,1,0,0,0,1,31.0,,deux_roues,,5,2,3,1,6
201900004247,2019-02-07 07:20:00,2019,2,7,7,20,972,97209,MARNE (BOULEVARD DE LA),14.60405,-61.0802,Plein jour,En agglomération,Hors intersection,Normale,Deux véhicules - arrière,2,2,2,0,1,1,1,0,1,50,2,3,2,0,0,1,37.0,43.0,deux_roues,voiture,1,2,1,1,2
201900004248,2019-02-11 20:05:00,2019,2,11,20,5,69,69286,GENERAL LECLERC                     (AV),45.81747,4.90359,Nuit sans éclairage public,En agglomération,Hors intersection,Normale,Autre collision,4,2,2,0,1,1,1,0,1,50,1,1,0,0,0,1,,,,,3,2,1,1,6
201900004249,2019-02-09 19:45:00,2019,2,9,19,45,69,69382,CHARLEMAGNE                         (CO),45.73971,4.81845,Nuit avec éclairage allumé,En agglomération,Intersection en X,Normale,Autre collision,4,2,4,0,1,1,1,5,1,50,2,3,1,0,0,2,22.0,46.0,voiture,voiture,5,2,2,1,6
201900004250,2019-02-08 19:35:00,2019,2,8,19,35,69,69142,STEPHANE DECHANT                    (R ),45.72266,4.81182,Nuit avec éclairage allumé,En agglomération,Autre intersection,Normale,Deux véhicules - côté,4,2,2,0,1,1,1,0,1,50,2,2,1,0,0,1,34.0,22.0,voiture,deux_roues,5,2,9,1,3
201900004251,2019-02-07 17:20:00,2019,2,7,17,20,69,69149,FRANCISQUE JOMARD                   (R ),45.71704,4.79458,Plein jour,En agglomération,Hors intersection,Pluie légère,Autre collision,4,2,2,0,1,1,2,0,1,50,1,2,1,0,0,1,63.0,,voiture,,1,2,1,2,6
201900004252,2019-02-07 08:45:00,2019,2,7,8,45,69,69286,ROUTE DE GENEVE                     (RO),45.80328,4.88149,Plein jour,En agglomération,Hors intersection,Pluie légère,Autre collision,4,2,3,0,1,1,2,0,2,50,1,2,1,0,1,0,32.0,,deux_roues,,1,2,1,2,6
201900004253,2019-02-07 05:35:00,2019,2,7,5,35,69,69389,CHAUVEAU                            (QU),45.76838,4.81287,Nuit avec éclairage allumé,En agglomération,Hors intersection,Normale,Deux véhicules - arrière,4,1,2,3,1,1,1,0,1,50,2,2,0,0,0,2,38.0,,voiture,,5,2,1,1,2
201900004254,2019-02-10 19:00:00,2019,2,10,19,0,971,97101,JEAN  IGNACE (RUE) ,16.23969,-61.52047,Nuit avec éclairage allumé,En agglomération,Hors intersection,Normale,Sans collision,4,2,2,0,2,1,1,0,1,30,1,1,0,0,0,1,,,,,5,2,1,1,7
201900004255,2019-02-10 09:58:00,2019,2,10,9,58,971,97101,RN05,16.27368,-61.50998,Plein jour,En agglomération,Hors intersection,Normale,Deux véhicules - frontale,2,3,2,0,1,1,1,0,1,70,2,2,0,0,1,1,46.0,74.0,voiture,voiture,1,2,1,1,1
201900004256,2019-02-10 03:40:00,2019,2,10,3,40,2A,2A004,MARECHAL JUIN AVENUE,41.9415363,8.7499857,Nuit avec éclairage allumé,En agglomération,Hors intersection,Normale,Sans collision,4,3,4,0,3,3,1,0,1,50,1,2,0,0,2,0,17.0,,deux_roues,,5,2,1,1,7
201900004257,2019-02-09 08:22:00,2019,2,9,8,22,2A,2A004,NICOLI JEAN COURS,41.933647,8.7440749,Plein jour,En agglomération,Intersection en T,Normale,Deux véhicules - côté,2,2,4,0,1,1,1,0,2,50,2,2,0,0,0,2,57.0,34.0,deux_roues,deux_roues,1,2,3,1,3
201900004258,2019-02-08 16:35:00,2019,2,8,16,35,95,95424,FORTUNÉ CHARLOT(RUE),48.98956,2.18672,Plein jour,En agglomération,Hors intersection,Normale,Autre collision,4,2,2,0,2,1,1,0,2,50,1,2,1,0,0,1,30.0,,deux_roues,,1,2,1,1,6
201900004259,2019-02-08 18:30:00,2019,2,8,18,30,91,91421,SAINT HUBERT (RUE),48.69653,2.47164,Nuit avec éclairage allumé,En agglomération,Hors intersection,Normale,Autre collision,4,2,2,0,1,1,1,6,1,50,1,2,1,0,0,1,23.0,,voiture,,5,2,1,1,6
201900004260,2019-02-08 21:45:00,2019,2,8,21,45,91,91326,ESTIENNE D'ORVES (AVENUE D'),48.690764,2.380234,Nuit avec éclairage allumé,En agglomération,Intersection en X,Temps couvert,Deux véhicules - côté,3,2,2,0,1,1,1,5,1,50,2,2,1,0,0,1,34.0,49.0,voiture,deux_roues,5,2,2,8,3
201900004261,2019-02-07 08:30:00,2019,2,7,8,30,91,91027,P VAILLANT COUTURIER (RUE),48.70738,2.3877,Plein jour,En agglomération,Hors intersection,Normale,Deux véhicules - arrière,4,1,1,0,1,1,2,0,2,30,2,3,2,0,0,1,41.0,44.0,voiture,deux_roues,1,2,1,1,2
201900004262,2019-02-07 16:45:00,2019,2,7,16,45,91,91103,BABIN (RUE DU DOCTEUR),48.5994,2.29276,Plein jour,En agglomération,Hors intersection,Normale,Sans collision,4,2,2,0,1,2,1,0,1,50,1,1,0,0,0,1,22.0,,deux_roues,,1,2,1,1,7
201900004263,2019-02-07 16:33:00,2019,2,7,16,33,87,87085,GAMBETTA (BOULEVARD),45.82769,1.25848,Plein jour,En agglomération,Hors intersection,Normale,Deux véhicules - arrière,4,2,4,0,2,1,1,0,1,50,2,4,2,0,0,2,97.0,46.0,voiture,voiture,1,2,1,1,2
201900004264,2019-02-06 22:32:00,2019,2,6,22,32,87,87085,CARNOT (PLACE SADI),45.83995,1.25803,Nuit avec éclairage allumé,En agglomération,Giratoire,Normale,Autre collision,4,1,2,0,1,2,1,0,4,50,1,1,0,0,1,0,34.0,,voiture,,5,2,6,1,6
201900004265,2019-02-06 20:54:00,2019,2,6,20,54,87,87085,REVOLUTION (AVENUE DE LA),45.82388,1.25995,Nuit avec éclairage allumé,En agglomération,Hors intersection,Normale,Sans collision,4,2,3,0,2,1,6,0,1,50,1,1,0,0,1,0,22.0,,deux_roues,,5,2,1,1,7
201900004266,2019-02-10 13:35:00,2019,2,10,13,35,86,86194,PARIS (AVENUE DE),46.59202,0.33787,Plein jour,En agglomération,Hors intersection,Normale,Deux véhicules - côté,4,2,2,0,1,1,1,0,1,50,2,2,1,0,0,1,22.0,16.0,voiture,deux_roues,1,2,1,1,3
201900004267,2019-02-07 09:30:00,2019,2,7,9,30,86,86194,EUROPE (AVENUE DE L'),46.5908,0.35283,Plein jour,En agglomération,Intersection en T,Normale,Autre collision,3,3,4,0,1,1,1,0,1,50,2,4,1,0,0,3,62.0,38.0,voiture,voiture,1,2,3,1,6
201900004268,2019-02-07 10:20:00,2019,2,7,10,20,86,86194,ROCADE OUEST ,46.5647672,0.303816,Plein jour,En agglomération,Hors intersection,Normale,Deux véhicules - côté,3,3,6,0,1,1,2,0,1,70,2,3,1,0,2,0,22.0,22.0,voiture,utilitaire_camion,1,2,1,1,3
201900004269,2019-02-10 05:15:00,2019,2,10,5,15,30,30011,R.N. 100,43.9483928,4.778876,Nuit sans éclairage public,Hors agglomération,Hors intersection,Normale,Sans collision,3,1,2,0,1,4,1,0,1,90,1,2,0,0,2,0,19.0,,voiture,,3,1,1,1,7
201900004270,2019-02-08 17:05:00,2019,2,8,17,5,84,84007,RD225  (route touristique),43.95488,4.82365,Crépuscule ou aube,Hors agglomération,Hors intersection,Normale,Deux véhicules - côté,3,2,2,0,1,1,1,0,1,70,2,2,1,0,1,0,32.0,68.0,voiture,deux_roues,2,1,1,1,3
201900004271,2019-02-11 14:45:00,2019,2,11,14,45,83,83098,CIBONNE(CHEMIN DES),43.10041,6.03482,Plein jour,Hors agglomération,Hors intersection,Normale,Autre collision,4,-1,1,0,2,2,1,0,1,50,1,2,1,0,0,1,58.0,,deux_roues,,1,1,1,1,6
201900004272,2019-02-08 12:10:00,2019,2,8,12,10,83,83129,JUIN MARECHAL (AV DU),43.09546,5.8482,Plein jour,En agglomération,Giratoire,Normale,Deux véhicules - côté,4,2,4,0,1,3,1,9,1,50,2,2,1,0,0,1,52.0,53.0,voiture,deux_roues,1,2,6,1,3
201900004273,2019-02-06 16:30:00,2019,2,6,16,30,83,83129,LILAS (IMPASSE DES),43.09,5.84,Plein jour,En agglomération,Hors intersection,Normale,Autre collision,6,-1,0,0,1,1,1,9,2,30,1,2,1,0,0,1,79.0,,voiture,,1,2,1,1,6
201900004274,2019-02-05 09:15:00,2019,2,5,9,15,83,83123,BUGE (CHEMIN DE LA),43.120753,5.807873,Plein jour,En agglomération,Intersection en X,Normale,Autre collision,3,1,1,0,1,1,1,0,1,50,1,2,1,0,1,0,54.0,,voiture,,1,2,2,1,6
201900004275,2019-02-08 12:34:00,2019,2,8,12,34,83,83069,VILETTE (CHEMIN DE LA),43.10842,6.12358,Plein jour,En agglomération,Autre intersection,Normale,Autre collision,4,2,3,0,1,1,1,0,1,50,2,2,1,0,1,0,57.0,34.0,voiture,deux_roues,1,2,9,1,6
201900004276,2019-02-06 11:50:00,2019,2,6,11,50,79,79191,10 boulevard de l'Atlantique,46.31645,-0.47821,Plein jour,En agglomération,Hors intersection,Temps couvert,Autre collision,4,2,4,2,1,1,1,9,1,30,2,3,2,0,1,0,30.0,32.0,voiture,deux_roues,1,2,1,8,6
201900004277,2019-02-07 17:15:00,2019,2,7,17,15,77,77350,ARISTIDE BRIAND (PLACE),48.76797,2.67306,Plein jour,En agglomération,Autre intersection,Pluie légère,Autre collision,4,2,2,0,1,1,1,0,1,50,1,1,0,0,0,1,,,,,1,2,9,2,6
201900004278,2019-02-07 08:10:00,2019,2,7,8,10,77,77390,D361-MALIBRAN (AVENUE DE LA),48.7979,2.64,Plein jour,En agglomération,Hors intersection,Normale,Autre collision,3,2,2,0,1,1,2,0,2,50,1,2,1,0,0,1,55.0,,utilitaire_camion,,1,2,1,1,6
201900004279,2019-02-10 13:30:00,2019,2,10,13,30,77,77464,D418 - CLAYE  (RUE DE  ),48.89013,2.70577,Plein jour,En agglomération,Hors intersection,Pluie légère,Autre collision,3,2,2,0,2,1,2,0,1,50,1,1,0,0,0,1,62.0,,voiture,,1,2,1,2,6
201900004280,2019-02-08 09:00:00,2019,2,8,9,0,77,77243,SAINT DENIS  (RUE   ),48.87867,2.7068,Plein jour,En agglomération,Intersection en T,Temps couvert,Autre collision,4,2,2,0,1,1,2,0,1,50,1,2,1,0,0,1,53.0,,utilitaire_camion,,1,2,3,8,6
201900004281,2019-02-08 19:55:00,2019,2,8,19,55,77,77111,D934 X RUE DE LAGNY,48.87823,2.75578,Nuit avec éclairage allumé,En agglomération,Intersection en X,Normale,Sans collision,3,2,2,0,1,1,1,5,1,50,1,1,0,0,1,0,44.0,,deux_roues,,5,2,2,1,7
201900004282,2019-02-10 14:45:00,2019,2,10,14,45,76,76540,MONT RIBOUDET. AVENUE DU,49.44633,1.07096,Plein jour,En agglomération,Intersection en X,Normale,Deux véhicules - côté,3,2,5,0,1,1,2,0,1,50,2,6,3,0,0,3,32.0,26.0,voiture,voiture,1,2,2,1,3
201900004283,2019-02-10 12:15:00,2019,2,10,12,15,76,76351,JEAN JAURES (AVENUE),49.49913,0.15321,Plein jour,En agglomération,Hors intersection,Pluie légère,Autre collision,3,2,2,1,1,1,2,0,1,50,1,2,1,0,0,1,64.0,,deux_roues,,1,2,1,2,6
201900004284,2019-02-07 10:10:00,2019,2,7,10,10,76,76351,MULHOUSE (DE),49.48776,0.14153,Plein jour,En agglomération,Hors intersection,Normale,Autre collision,6,-1,-1,0,1,1,2,0,1,50,1,2,1,0,1,0,48.0,,utilitaire_camion,,1,2,1,1,6
201900004285,2019-02-06 19:45:00,2019,2,6,19,45,76,76351,IRENE JOLIOT CURIE (RUE),49.5182715,0.1058078,Nuit avec éclairage allumé,En agglomération,Hors intersection,Normale,Deux véhicules - frontale,3,2,2,0,1,1,3,0,1,50,2,2,1,0,0,1,41.0,28.0,voiture,voiture,5,2,1,1,1
201900004286,2019-02-10 05:45:00,2019,2,10,5,45,74,74013,CONTOURNEMENT,46.347666,6.437508,Nuit sans éclairage public,Hors agglomération,Autre intersection,Autre,Sans collision,3,2,4,0,1,1,1,3,1,90,1,1,0,0,0,1,32.0,,voiture,,3,1,9,9,7
201900004287,2019-02-08 06:50:00,2019,2,8,6,50,74,74008,FRATERNITE (RUE DE LA),46.19638,6.22766,Nuit avec éclairage allumé,En agglomération,Intersection en T,Normale,Autre collision,4,2,2,0,1,1,7,9,2,50,1,2,1,0,0,1,40.0,,deux_roues,,5,2,3,1,6
201900004288,2019-02-06 01:07:00,2019,2,6,1,7,74,74093,OUEST (BOULEVARD),45.8998,6.0896,Nuit sans éclairage public,Hors agglomération,Hors intersection,Normale,Trois véhicules et plus - collisions multiples,3,3,2,0,2,3,2,0,1,70,3,11,6,0,0,5,61.0,20.0,voiture,voiture,3,1,1,1,5
201900004289,2019-02-11 07:50:00,2019,2,11,7,50,72,72181,MOLIERE - ENTRE ROCADE ET MONTHEARD,47.99456,0.22092,Nuit avec éclairage allumé,En agglomération,Hors intersection,Normale,Autre collision,4,2,2,0,1,1,2,0,1,50,1,2,1,0,0,1,51.0,,voiture,,5,2,1,1,6
201900004290,2019-02-07 09:40:00,2019,2,7,9,40,72,72181,19 MARS 1962 (PL),47.98158,0.2085,Plein jour,En agglomération,Intersection en T,Pluie légère,Deux véhicules - frontale,4,2,2,0,1,1,2,0,1,50,2,2,1,0,0,1,43.0,31.0,voiture,voiture,1,2,3,2,1
201900004291,2019-02-07 08:00:00,2019,2,7,8,0,72,72181,LOUIS BLANC (QUAI),48.01248,0.19854,Crépuscule ou aube,En agglomération,Hors intersection,Pluie légère,Autre collision,4,2,2,2,1,1,2,0,1,50,1,2,0,0,0,2,31.0,,deux_roues,,2,2,1,2,6
201900004292,2019-02-06 16:45:00,2019,2,6,16,45,72,72181,DURAND GEORGES (AV) N° IMP 1 A 141,47.98294,0.21084,Plein jour,En agglomération,Giratoire,Pluie légère,Autre collision,4,3,2,3,1,1,2,4,1,30,3,3,2,0,0,1,52.0,45.0,voiture,transport_commun,1,2,6,2,6
201900004293,2019-02-06 08:30:00,2019,2,6,8,30,72,72181,TOURS (RTE) LIGNE DROITE DES HUNAUDIERES,47.951,0.23031,Plein jour,Hors agglomération,Hors intersection,Pluie légère,Deux véhicules - côté,3,2,2,0,1,1,2,0,1,90,2,2,1,0,0,1,78.0,78.0,voiture,voiture,1,1,1,2,3
201900004294,2019-02-08 14:00:00,2019,2,8,14,0,71,71306,RN 70 (ROUTE EXPRESS),46.67183,4.3441,Plein jour,Hors agglomération,Hors intersection,Normale,Trois véhicules et plus - en chaîne,2,3,4,0,1,3,1,0,1,110,3,5,3,0,0,2,33.0,76.0,voiture,voiture,1,1,1,1,4
201900004295,2019-02-11 09:56:00,2019,2,11,9,56,71,71270,HERRIOT (AVENUE EDOUARD),46.3018561,4.8315016,Plein jour,En agglomération,Hors intersection,Normale,Autre collision,3,3,5,0,1,1,1,0,1,50,3,3,2,0,1,0,46.0,57.0,utilitaire_camion,utilitaire_camion,1,2,1,1,6