accident_id,datetime,annee,mois,jour,heure,minute,departement,commune_insee,adresse,latitude,longitude,luminosite,agglomeration,intersection,meteo,collision,catr,circ,nbv,vosp,prof,plan,surf,infra,situ,vma,nb_vehicules,nb_usagers,nb_indemnes,nb_tues,nb_blesses_hosp,nb_blesses_legers,age_cond_1,age_cond_2,veh_type_cond_1,veh_type_cond_2,lum_code,agg_code,int_code,atm_code,col_code
201900004296,2019-02-09 10:00:00,2019,2,9,10,0,71,71497,DIX-NEUF MARS 1962 (RUE DU),46.33409,4.8454,Plein jour,En agglomération,Hors intersection,Normale,Deux véhicules - côté,4,2,2,0,1,1,1,0,1,50,2,2,1,0,0,1,32.0,22.0,voiture,voiture,1,2,1,1,3
201900004297,2019-02-06 19:00:00,2019,2,6,19,0,71,71076,CHAUVEAU (RUE DES LIEUTENANTS),46.78028,4.83865,Nuit avec éclairage allumé,En agglomération,Hors intersection,Normale,Deux véhicules - côté,4,2,2,0,1,1,1,0,1,50,2,2,1,0,0,1,42.0,70.0,deux_roues,voiture,5,2,1,1,3
201900004298,2019-02-08 16:50:00,2019,2,8,16,50,69,69266,HENRI BARBUSSE   (Avenue)),45.76695,4.87957,Plein jour,En agglomération,Hors intersection,Normale,Autre collision,4,2,2,0,1,1,1,0,1,30,1,2,1,0,1,0,52.0,,voiture,,1,2,1,1,6
201900004299,2019-02-08 12:15:00,2019,2,8,12,15,69,69266,TOLSTOI    (Cours),45.76092,4.88474,Plein jour,En agglomération,Intersection en X,Normale,Deux véhicules - côté,4,2,1,0,2,1,1,0,1,50,2,2,1,0,0,1,21.0,15.0,voiture,autre,1,2,2,1,3
201900004300,2019-02-06 10:30:00,2019,2,6,10,30,69,69256,SALVADOR ALLENDE                    (AV),45.7807,4.92336,Plein jour,En agglomération,Intersection en X,Temps éblouissant,Deux véhicules - côté,4,2,2,0,1,1,1,5,1,50,2,2,0,0,0,2,44.0,49.0,voiture,voiture,1,2,2,7,3
201900004301,2019-02-07 17:05:00,2019,2,7,17,5,69,69266,MOZART      (Rue),45.7749,4.8663,Crépuscule ou aube,En agglomération,Intersection en T,Pluie légère,Autre collision,4,-1,0,3,2,1,2,6,1,30,1,1,0,0,1,0,,,,,2,2,3,2,6
201900004302,2019-02-06 06:50:00,2019,2,6,6,50,69,69275,EMILE BERTRAND                      (R ),45.772,4.95621,Nuit avec éclairage allumé,En agglomération,Hors intersection,Normale,Autre collision,9,-1,2,3,1,1,1,4,1,1,1,2,1,0,0,1,59.0,,transport_commun,,5,2,1,1,6
201900004303,2019-02-07 16:00:00,2019,2,7,16,0,67,67482,HERRENSCHMIDT (AVENUE),48.59587,7.72146,Plein jour,En agglomération,Hors intersection,Pluie légère,Trois véhicules et plus - en chaîne,4,3,6,1,1,1,2,0,1,50,3,3,2,0,0,1,59.0,41.0,voiture,voiture,1,2,1,2,4
201900004304,2019-02-07 14:00:00,2019,2,7,14,0,67,67218,ALFRED KASTLER (ROUTE),48.54302,7.73605,Plein jour,En agglomération,Hors intersection,Pluie légère,Trois véhicules et plus - en chaîne,4,2,3,0,1,1,1,0,1,70,3,3,2,0,0,1,35.0,39.0,utilitaire_camion,voiture,1,2,1,2,4
201900004305,2019-02-08 06:25:00,2019,2,8,6,25,67,67180,RD 99,48.795661,7.869847,Crépuscule ou aube,Hors agglomération,Hors intersection,Normale,Deux véhicules - frontale,3,2,2,0,1,1,7,0,1,80,2,2,0,1,0,1,28.0,28.0,utilitaire_camion,voiture,2,1,1,1,1
201900004306,2019-02-02 03:50:00,2019,2,2,3,50,67,67180,RD 1062,48.83275,7.7446,Nuit avec éclairage allumé,Hors agglomération,Autre intersection,Normale,Deux véhicules - arrière,3,3,4,0,1,1,2,5,1,70,2,3,0,0,0,3,55.0,30.0,voiture,voiture,5,1,9,1,2
201900004307,2019-02-10 00:50:00,2019,2,10,0,50,66,66136,PANCHOT (AVENUE JULIEN),42.6864,2.8691,Plein jour,Hors agglomération,Hors intersection,Normale,Autre collision,3,3,2,0,1,1,1,0,1,50,1,1,0,0,0,1,23.0,,voiture,,1,1,1,1,6
201900004308,2019-02-08 16:30:00,2019,2,8,16,30,66,66136,WILSON (BOULEVARD THOMAS),42.7016,2.8947,Plein jour,En agglomération,Hors intersection,Normale,Autre collision,4,2,1,0,1,1,1,0,1,50,1,2,1,0,0,1,41.0,,deux_roues,,1,2,1,1,6
201900004309,2019-02-07 16:52:00,2019,2,7,16,52,66,66136,R D 900,42.7260176,2.8782081,Plein jour,Hors agglomération,Hors intersection,Normale,Autre collision,3,3,0,0,1,1,1,3,1,110,4,4,2,0,0,2,19.0,32.0,voiture,voiture,1,1,1,1,6
201900004310,2019-02-09 19:00:00,2019,2,9,19,0,64,64024,JOUANETOTE (RUE DE),43.49176,-1.50687,Plein jour,En agglomération,Hors intersection,Normale,Deux véhicules - côté,4,2,2,0,1,1,1,0,1,50,2,3,1,0,2,0,26.0,18.0,voiture,deux_roues,1,2,1,1,3
201900004311,2019-02-09 17:55:00,2019,2,9,17,55,64,64445,JULES VERNE,43.30682,-0.35907,Plein jour,En agglomération,Hors intersection,Normale,Deux véhicules - arrière,4,2,2,0,1,1,1,0,1,50,2,2,1,0,0,1,50.0,52.0,voiture,voiture,1,2,1,1,2
201900004312,2019-02-08 08:05:00,2019,2,8,8,5,64,64445,PHILIPPON,43.32339,-0.36027,Plein jour,En agglomération,Intersection en T,Normale,Deux véhicules - côté,4,2,2,1,1,1,1,0,1,50,2,2,1,0,0,1,17.0,50.0,deux_roues,voiture,1,2,3,1,3
201900004313,2019-02-08 09:05:00,2019,2,8,9,5,64,64140,SEMARD (PLACE PIERRE),43.52381,-1.49069,Plein jour,En agglomération,Hors intersection,Normale,Autre collision,4,2,2,0,1,4,1,0,1,50,1,2,1,0,1,0,30.0,,voiture,,1,2,1,1,6
201900004314,2019-01-16 16:15:00,2019,1,16,16,15,62,62587,CD 46,50.43205,2.92203,Plein jour,En agglomération,Hors intersection,Normale,Deux véhicules - côté,3,2,2,0,1,1,1,2,1,70,2,2,1,0,0,1,69.0,31.0,voiture,deux_roues,1,2,1,1,3
201900004315,2019-01-11 17:55:00,2019,1,11,17,55,62,62427,ABBAYE (R DE L'),50.424109,2.944553,Nuit avec éclairage allumé,En agglomération,Hors intersection,Pluie légère,Autre collision,3,2,2,0,1,1,2,0,1,50,1,3,1,0,1,1,78.0,,voiture,,5,2,1,2,6
201900004316,2019-01-03 19:25:00,2019,1,3,19,25,62,62215,EVRARD (R FLORENT ),50.48573,2.94668,Nuit avec éclairage allumé,En agglomération,Hors intersection,Normale,Autre collision,4,2,2,0,1,1,1,0,1,50,1,2,1,0,1,0,22.0,,voiture,,5,2,1,1,6
201900004317,2019-02-06 18:30:00,2019,2,6,18,30,62,62893,MITTERRAND ( Ave. François ),50.78697,1.6057,Nuit sans éclairage public,Hors agglomération,Hors intersection,Pluie légère,Deux véhicules - frontale,3,2,2,0,1,3,2,0,1,70,2,2,0,0,0,2,55.0,69.0,utilitaire_camion,voiture,3,1,1,2,1
201900004318,2019-02-10 04:20:00,2019,2,10,4,20,61,61006,PETITS FOSSES (RUE DES) N° 11 A N° 29,48.749585,-0.022671,Nuit sans éclairage public,En agglomération,Hors intersection,Pluie légère,Autre collision,3,3,4,0,1,2,2,0,4,70,1,1,0,0,1,0,41.0,,voiture,,3,2,1,2,6
201900004319,2019-02-11 17:40:00,2019,2,11,17,40,60,60159,WEYGAND (AV. DU GENERAL),49.4067,2.80733,Crépuscule ou aube,En agglomération,Intersection en T,Normale,Autre collision,4,2,2,0,1,1,1,0,1,50,1,2,1,0,1,0,82.0,,voiture,,2,2,3,1,6
201900004320,2019-02-07 18:10:00,2019,2,7,18,10,60,60159,rue de Paris,49.40462,2.8107,Nuit avec éclairage allumé,En agglomération,Hors intersection,Pluie légère,Autre collision,4,2,2,0,1,1,2,0,1,50,1,2,1,0,0,1,45.0,,voiture,,5,2,1,2,6
201900004321,2019-02-10 17:20:00,2019,2,10,17,20,59,59599,PIATS (RUE DES),50.7237932,3.1723398,Plein jour,En agglomération,Hors intersection,Pluie légère,Deux véhicules - côté,7,2,2,0,1,1,2,0,1,50,2,2,1,0,1,0,20.0,39.0,voiture,deux_roues,1,2,1,2,3
201900004322,2019-02-09 16:50:00,2019,2,9,16,50,59,59599,YSER (RUE DE L'),50.742377,3.169505,Plein jour,En agglomération,Intersection en T,Pluie légère,Deux véhicules - frontale,7,2,2,1,1,1,2,0,1,50,2,2,1,0,1,0,39.0,31.0,utilitaire_camion,deux_roues,1,2,3,2,1
201900004323,2019-02-08 22:45:00,2019,2,8,22,45,59,59090,GAULLE (AVENUE DU GENERAL DE),50.6900655,3.086898,Nuit avec éclairage allumé,En agglomération,Intersection en T,Pluie légère,Trois véhicules et plus - en chaîne,3,2,4,1,1,1,2,0,1,50,3,8,5,0,2,1,28.0,48.0,voiture,voiture,5,2,3,2,4
201900004324,2019-02-07 15:30:00,2019,2,7,15,30,59,59599,DOUMER (RUE PAUL),50.72365,3.16195,Plein jour,En agglomération,Hors intersection,Temps couvert,Deux véhicules - arrière,4,1,1,1,1,1,1,0,1,50,2,2,1,0,0,1,50.0,50.0,deux_roues,voiture,1,2,1,8,2
201900004325,2019-02-06 12:25:00,2019,2,6,12,25,59,59392,CROIX (RUE DE LA),50.276758,3.97477,Plein jour,En agglomération,Hors intersection,Normale,Autre collision,4,2,2,0,4,3,1,6,1,50,1,2,1,0,1,0,53.0,,voiture,,1,2,1,1,6
201900004326,2019-02-10 12:45:00,2019,2,10,12,45,59,59350,MONTEBELLO BOULEVARD N°2/74B,50.62548,3.04137,Plein jour,En agglomération,Hors intersection,Pluie légère,Autre collision,4,3,4,1,1,1,2,6,1,50,1,2,1,0,1,0,35.0,,voiture,,1,2,1,2,6
201900004327,2019-02-10 00:55:00,2019,2,10,0,55,59,59350,LAMBRET OSCAR AVENUE,50.61439,3.03592,Nuit avec éclairage allumé,En agglomération,Hors intersection,Pluie légère,Autre collision,4,2,4,0,1,1,2,0,1,50,1,4,0,0,1,3,19.0,,voiture,,5,2,1,2,6
201900004328,2019-02-06 18:30:00,2019,2,6,18,30,59,59569,D25,50.34463,3.10964,Nuit sans éclairage public,Hors agglomération,Hors intersection,Normale,Trois véhicules et plus - en chaîne,3,2,2,0,1,1,2,0,1,80,4,8,7,0,1,0,30.0,46.0,voiture,voiture,3,1,1,1,4
201900004329,2019-02-05 10:50:00,2019,2,5,10,50,59,59569,FAIDHERBE (RUE),50.36367,3.11353,Plein jour,En agglomération,Hors intersection,Normale,Autre collision,4,1,1,0,1,1,2,0,1,50,1,2,1,0,0,1,55.0,,utilitaire_camion,,1,2,1,1,6
201900004330,2019-02-05 08:15:00,2019,2,5,8,15,59,59569,8 MAI  1945 (RUE DU),50.36683,3.10489,Crépuscule ou aube,En agglomération,Hors intersection,Normale,Autre collision,6,-1,-1,0,1,1,2,0,2,50,1,4,3,0,1,0,46.0,,voiture,,2,2,1,1,6
201900004331,2019-02-04 18:00:00,2019,2,4,18,0,57,57463,SOLIDARITE (BOULEVARD DE LA ),49.108103,6.2436837,Nuit avec éclairage allumé,En agglomération,Giratoire,Normale,Deux véhicules - arrière,4,1,2,0,1,2,1,0,1,50,2,1,0,0,0,1,45.0,,voiture,,5,2,6,1,2
201900004332,2019-02-09 09:50:00,2019,2,9,9,50,56,56260,LECLERC(RUE DU MARECHAL),47.658365,-2.749724,Plein jour,En agglomération,Intersection en T,Normale,Deux véhicules - côté,4,2,2,0,1,1,1,6,1,50,2,2,1,0,0,1,65.0,49.0,voiture,voiture,1,2,3,1,3
201900004333,2019-02-06 19:10:00,2019,2,6,19,10,56,56260,RN 166 -SENS VANNES / RENNES-,47.66994,-2.72306,Nuit sans éclairage public,Hors agglomération,Hors intersection,Pluie forte,Autre collision,2,3,4,0,1,1,2,0,1,70,1,2,0,1,0,1,38.0,,voiture,,3,1,1,3,6
201900004334,2019-02-07 14:10:00,2019,2,7,14,10,56,56260,Avenue Edouard Herriot,47.65508,-2.7395,Plein jour,En agglomération,Giratoire,Normale,Autre collision,3,2,2,0,1,2,1,5,1,50,2,2,1,0,0,1,75.0,55.0,voiture,deux_roues,1,2,6,1,6
201900004335,2019-02-08 21:45:00,2019,2,8,21,45,56,56098,RN 165,47.78942,-3.32373,Nuit avec éclairage allumé,Hors agglomération,Hors intersection,Temps couvert,Autre collision,2,3,4,0,1,1,2,0,1,90,1,1,0,0,0,1,31.0,,voiture,,5,1,1,8,6
201900004336,2019-02-06 13:15:00,2019,2,6,13,15,56,56107,PHARE (RUE DU PETIT),47.71563,-3.37864,Plein jour,En agglomération,Giratoire,Pluie forte,Sans collision,4,2,2,0,1,3,2,5,1,50,1,1,0,0,0,1,21.0,,deux_roues,,1,2,6,3,7
201900004337,2019-02-08 19:50:00,2019,2,8,19,50,51,51454,RUE LEDRU ROLLIN,49.22784,4.04375,Nuit avec éclairage allumé,En agglomération,Hors intersection,Normale,Sans collision,4,2,0,0,1,1,1,0,1,50,1,2,1,0,0,1,30.0,,voiture,,5,2,1,1,7
201900004338,2019-02-04 19:19:00,2019,2,4,19,19,51,51454,BOULEVARD DES BOUCHES DU RHONE,49.23244,4.01824,Nuit avec éclairage allumé,En agglomération,Intersection en X,Normale,Trois véhicules et plus - collisions multiples,4,2,2,0,1,1,1,0,1,50,3,5,2,0,1,2,38.0,35.0,voiture,voiture,5,2,2,1,5
201900004339,2019-02-07 14:20:00,2019,2,7,14,20,50,50502,KOENIG (rue Général),49.11217,-1.06239,Plein jour,En agglomération,Intersection en X,Normale,Deux véhicules - côté,4,2,2,0,1,1,1,5,1,50,2,4,0,0,0,4,54.0,39.0,voiture,voiture,1,2,2,1,3
201900004340,2019-02-08 14:55:00,2019,2,8,14,55,50,50129,VOLTAIRE (RUE),49.63197,-1.63679,Plein jour,En agglomération,Intersection en T,Pluie légère,Deux véhicules - côté,4,2,2,0,1,1,2,0,1,50,2,2,0,0,0,2,70.0,47.0,voiture,voiture,1,2,3,2,3
201900004341,2019-02-07 13:00:00,2019,2,7,13,0,50,50602,BREQUECAL (RUE DE),49.63176,-1.56164,Plein jour,En agglomération,Hors intersection,Pluie légère,Autre collision,4,2,2,0,4,2,2,0,1,50,1,1,0,0,0,1,63.0,,voiture,,1,2,1,2,6
201900004342,2019-02-05 17:20:00,2019,2,5,17,20,49,49328,ROCADE N 347,47.24539,-0.10746,Plein jour,Hors agglomération,Hors intersection,Normale,Deux véhicules - arrière,3,2,2,0,1,1,2,0,1,80,2,2,1,0,0,1,21.0,28.0,voiture,voiture,1,1,1,1,2
201900004343,2019-02-08 19:55:00,2019,2,8,19,55,49,49007,PATTON AVENUE,47.47349,-0.59181,Nuit avec éclairage allumé,En agglomération,Intersection en X,Pluie légère,Deux véhicules - côté,4,2,2,0,2,1,2,8,1,30,2,2,1,0,0,1,19.0,25.0,voiture,voiture,5,2,2,2,3
201900004344,2019-02-09 13:06:00,2019,2,9,13,6,49,49015,MEIGNANNE ROUTE DE LA,47.49694,-0.6105,Plein jour,Hors agglomération,Hors intersection,Pluie légère,Trois véhicules et plus - collisions multiples,3,2,2,0,1,1,2,0,1,90,3,6,1,0,0,5,26.0,33.0,voiture,voiture,1,1,1,2,5
201900004345,2019-02-09 01:00:00,2019,2,9,1,0,49,49007,MENDES FRANCE PLACE,47.47349,-0.54533,Nuit avec éclairage allumé,En agglomération,Hors intersection,Temps couvert,Autre collision,4,2,2,2,1,1,2,0,1,30,1,1,0,0,0,1,21.0,,deux_roues,,5,2,1,8,6
201900004346,2019-02-07 10:48:00,2019,2,7,10,48,49,49007,MADELEINE,47.46504,-0.54461,Plein jour,En agglomération,Hors intersection,Normale,Deux véhicules - arrière,4,-1,1,0,1,1,1,0,1,30,2,2,1,0,0,1,39.0,23.0,voiture,voiture,1,2,1,1,2
201900004347,2019-02-07 08:52:00,2019,2,7,8,52,49,49007,DE LATTRE DE TASSIGNY,47.45769,-0.54446,Plein jour,En agglomération,Intersection en T,Normale,Sans collision,4,3,4,3,1,1,1,5,1,50,1,2,1,0,0,1,23.0,,voiture,,1,2,3,1,7
201900004348,2019-02-06 18:02:00,2019,2,6,18,2,49,49007,BEAUSSIER BOULEVARD,47.47517,-0.59942,Crépuscule ou aube,En agglomération,Hors intersection,Temps couvert,Deux véhicules - arrière,4,2,2,0,1,3,1,0,1,50,2,2,1,0,0,1,22.0,21.0,voiture,voiture,2,2,1,8,2
201900004349,2019-02-11 13:20:00,2019,2,11,13,20,45,45169,ROUTE NATIONALE-R DE LA FOLIE,47.9215,1.85331,Plein jour,En agglomération,Intersection en T,Normale,Trois véhicules et plus - collisions multiples,4,2,2,0,2,1,1,0,1,50,3,6,1,0,0,5,23.0,65.0,voiture,voiture,1,2,3,1,5
201900004350,2019-02-11 07:50:00,2019,2,11,7,50,45,45147,R DE CUREMBOURG-R DE COULVREUX,47.938272,1.938967,Plein jour,En agglomération,Intersection en T,Normale,Deux véhicules - côté,4,2,2,0,1,1,1,0,1,50,2,2,1,0,0,1,33.0,56.0,voiture,deux_roues,1,2,3,1,3
201900004351,2019-02-10 12:35:00,2019,2,10,12,35,45,45234,PLACE DE LA BASCULE,47.8944283,1.9070924,Plein jour,En agglomération,Hors intersection,Normale,Autre collision,4,1,1,0,1,1,1,0,1,30,1,1,0,1,0,0,60.0,,voiture,,1,2,1,1,6
201900004352,2019-02-09 12:49:00,2019,2,9,12,49,45,45302,347 RUE NATIONALE 20,47.941123,1.893148,Plein jour,En agglomération,Hors intersection,Normale,Trois véhicules et plus - en chaîne,4,3,5,1,1,1,1,5,1,50,3,15,12,0,0,3,52.0,61.0,transport_commun,voiture,1,2,1,1,4
201900004353,2019-02-08 07:23:00,2019,2,8,7,23,45,45147,ROCADE D2060,47.9387,1.9148,Nuit avec éclairage allumé,Hors agglomération,Hors intersection,Normale,Deux véhicules - côté,3,3,4,0,1,3,1,0,1,90,2,2,1,0,0,1,40.0,39.0,voiture,voiture,5,1,1,1,3
201900004354,2019-02-07 13:40:00,2019,2,7,13,40,45,45234,PLACE DU JARDIN DES PLANTES,47.892901,1.899225,Plein jour,En agglomération,Hors intersection,Normale,Autre collision,3,2,2,0,1,1,1,0,1,50,2,3,2,0,0,1,25.0,67.0,deux_roues,voiture,1,2,1,1,6
201900004355,2019-02-08 15:40:00,2019,2,8,15,40,45,45004,RUE DE BROSSERONDE,47.982923,2.774828,Plein jour,Hors agglomération,Hors intersection,Normale,Autre collision,4,2,0,0,1,2,1,0,1,50,1,1,0,0,0,1,30.0,,voiture,,1,1,1,1,6
201900004356,2019-02-10 10:30:00,2019,2,10,10,30,44,44184,BROODCOORENS (RUE) DU 78 AU 122 - DU 79,47.2656,-2.2518,Plein jour,En agglomération,Hors intersection,Pluie légère,Deux véhicules - arrière,4,-1,2,0,1,1,3,0,1,50,2,2,1,0,0,1,37.0,61.0,deux_roues,voiture,1,2,1,2,2
201900004357,2019-02-07 19:45:00,2019,2,7,19,45,44,44184,BD RENAISSANCE /V. HUGO,47.28342,-2.21566,Nuit avec éclairage allumé,En agglomération,Intersection en X,Normale,Deux véhicules - côté,4,2,2,0,1,1,1,0,1,50,2,2,1,0,0,1,21.0,30.0,deux_roues,voiture,5,2,2,1,3
201900004358,2019-02-07 08:00:00,2019,2,7,8,0,44,44184,RUE DU 28 FÉVRIER 1943/PASSAGE GAUTIER,47.2743,-2.2076,Plein jour,En agglomération,Intersection en T,Normale,Deux véhicules - côté,4,2,2,0,1,1,1,0,1,50,2,2,1,0,0,1,20.0,30.0,voiture,deux_roues,1,2,3,1,3
201900004359,2019-02-07 20:15:00,2019,2,7,20,15,44,44109,JOSEPH ( RTE DE ST ),47.24886,-1.53019,Nuit avec éclairage allumé,En agglomération,Hors intersection,Normale,Autre collision,4,2,0,0,1,1,1,0,1,50,1,2,1,0,1,0,20.0,,voiture,,5,2,1,1,6
201900004360,2019-02-07 19:25:00,2019,2,7,19,25,44,44109,RUE CHEVREUL,47.19795,-1.59161,Nuit avec éclairage allumé,En agglomération,Intersection en T,Normale,Deux véhicules - côté,4,2,0,0,1,1,1,0,1,50,2,2,1,0,1,0,34.0,35.0,deux_roues,voiture,5,2,3,1,3
201900004361,2019-02-08 10:20:00,2019,2,8,10,20,44,44114,BOULEVARD MENDES FRANCE,47.2608,-1.58824,Plein jour,En agglomération,Hors intersection,Pluie légère,Autre collision,4,2,0,0,2,1,2,0,1,50,1,2,1,0,0,1,35.0,,voiture,,1,2,1,2,6
201900004362,2019-02-08 07:30:00,2019,2,8,7,30,44,44109,STALINGRAD ( BD DE ),47.21864,-1.5385,Nuit avec éclairage allumé,En agglomération,Hors intersection,Temps couvert,Autre collision,4,1,0,0,1,1,2,0,1,50,1,2,1,0,1,0,46.0,,voiture,,5,2,1,8,6
201900004363,2019-02-11 16:15:00,2019,2,11,16,15,42,42187,SEMARD (RUE PIERRE ),46.04235,4.06035,Plein jour,En agglomération,Hors intersection,Normale,Autre collision,4,2,2,0,1,3,2,0,1,50,1,2,0,0,1,1,21.0,,voiture,,1,2,1,1,6
201900004364,2019-02-07 19:45:00,2019,2,7,19,45,42,42187,EST (ROCADE),46.04882,4.08591,Nuit sans éclairage public,En agglomération,Autre intersection,Normale,Sans collision,2,1,1,0,3,1,1,0,1,70,1,2,0,0,0,2,40.0,,voiture,,3,2,9,1,7
201900004365,2019-02-08 08:18:00,2019,2,8,8,18,42,42183,BERAUDIERE (RUE DE LA),45.410874,4.377081,Plein jour,En agglomération,Hors intersection,Neige / grêle,Deux véhicules - frontale,4,3,2,0,1,1,7,0,1,30,2,2,1,0,0,1,47.0,33.0,utilitaire_camion,voiture,1,2,1,4,1
201900004366,2019-02-07 15:00:00,2019,2,7,15,0,41,41018,BASSES DES GROUETS (RUE),47.55642,1.29518,Plein jour,En agglomération,Hors intersection,Normale,Sans collision,4,2,2,0,1,1,1,0,1,50,1,1,0,0,1,0,54.0,,voiture,,1,2,1,1,7
201900004367,2019-02-06 19:10:00,2019,2,6,19,10,39,39198,103 Avenue Jacques Duhamel,47.084176,5.480214,Nuit avec éclairage allumé,En agglomération,Hors intersection,Normale,Autre collision,4,2,2,0,1,1,1,0,1,50,1,2,1,0,1,0,45.0,,voiture,,5,2,1,1,6
201900004368,2019-02-08 11:19:00,2019,2,8,11,19,38,38544,CAMILLE JOUFFRAY(PLACE),45.521251,4.871119,Plein jour,En agglomération,Autre intersection,Normale,Autre collision,3,-1,1,0,1,1,1,9,1,30,1,2,1,0,0,1,70.0,,utilitaire_camion,,1,2,9,1,6
201900004369,2019-02-10 06:50:00,2019,2,10,6,50,37,37208,GRANDMONT (RUE DE),47.3655745,0.7153736,Crépuscule ou aube,En agglomération,Intersection en X,Pluie forte,Deux véhicules - côté,4,2,4,2,1,2,2,9,1,50,2,2,1,0,1,0,31.0,38.0,voiture,voiture,2,2,2,3,3
201900004370,2019-02-09 12:40:00,2019,2,9,12,40,37,37261,ROYER (BD JEAN),47.38021,0.68933,Plein jour,En agglomération,Intersection en X,Normale,Deux véhicules - côté,4,2,2,2,1,1,1,5,1,50,2,2,1,0,0,1,46.0,52.0,deux_roues,voiture,1,2,2,1,3
201900004371,2019-02-09 10:50:00,2019,2,9,10,50,37,37233,RABATERIE (RUE DE LA),47.39186,0.7224,Plein jour,En agglomération,Hors intersection,Normale,Autre collision,4,2,2,0,1,1,1,0,1,50,1,2,1,0,0,1,54.0,,voiture,,1,2,1,1,6
201900004372,2019-02-07 11:45:00,2019,2,7,11,45,37,37261,ROTONDE (ROND-POINT DE LA),47.3813751,0.7064478,Plein jour,En agglomération,Intersection en X,Normale,Deux véhicules - côté,4,1,4,0,1,1,1,0,1,50,2,2,1,0,0,1,25.0,64.0,deux_roues,voiture,1,2,2,1,3
201900004373,2019-02-08 16:02:00,2019,2,8,16,2,37,37233,POMPIDOU (AVENUE GEORGES),47.3900819,0.7072608,Plein jour,En agglomération,Hors intersection,Normale,Deux véhicules - arrière,4,2,4,0,1,1,1,0,1,50,2,5,4,0,0,1,37.0,44.0,voiture,voiture,1,2,1,1,2
201900004374,2019-02-07 15:17:00,2019,2,7,15,17,37,37195,DE GAULLE (RUE CHARLES),47.3907745,0.6575075,Plein jour,Hors agglomération,Intersection en X,Normale,Deux véhicules - côté,4,2,2,0,1,1,1,5,1,30,2,2,1,0,0,1,73.0,44.0,voiture,utilitaire_camion,1,1,2,1,3
201900004375,2019-02-07 10:17:00,2019,2,7,10,17,37,37261,ROYER (BD JEAN),47.3817126,0.6816711,Plein jour,En agglomération,Hors intersection,Normale,Autre collision,4,2,2,0,1,1,1,5,1,50,1,2,1,0,0,1,63.0,,voiture,,1,2,1,1,6
201900004376,2019-02-07 09:11:00,2019,2,7,9,11,37,37261,SAVONNIERES (ROUTE DE),47.3676399,0.648433,Plein jour,Hors agglomération,Hors intersection,Normale,Trois véhicules et plus - en chaîne,4,2,2,0,1,1,1,0,1,50,3,3,2,0,0,1,24.0,33.0,voiture,voiture,1,1,1,1,4
201900004377,2019-02-07 17:00:00,2019,2,7,17,0,37,37233,BEAUFILS (RUE MAURICE),47.3921516,0.7298634,Plein jour,En agglomération,Intersection en X,Normale,Deux véhicules - côté,4,1,1,0,1,1,1,0,1,50,2,3,2,0,0,1,48.0,19.0,voiture,voiture,1,2,2,1,3
201900004378,2019-02-07 07:53:00,2019,2,7,7,53,37,37122,CHINON (BOULEVARD DE),47.3545561,0.6954066,Plein jour,En agglomération,Intersection en X,Normale,Deux véhicules - côté,4,2,4,0,1,1,1,0,1,50,2,2,1,0,0,1,32.0,20.0,voiture,voiture,1,2,2,1,3
201900004379,2019-02-07 07:55:00,2019,2,7,7,55,37,37261,MONTJOYEUX (AVENUE),47.3608645,0.7033455,Crépuscule ou aube,En agglomération,Intersection en X,Temps couvert,Deux véhicules - frontale,4,2,2,0,2,1,2,5,2,50,2,2,0,0,0,2,23.0,20.0,voiture,voiture,2,2,2,8,1
201900004380,2019-02-09 18:40:00,2019,2,9,18,40,35,35278,CHESNAIS BEAUREGARD (RUE DU),48.137083,-1.690006,Nuit sans éclairage public,En agglomération,Giratoire,Pluie légère,Autre collision,4,3,4,0,1,1,2,6,1,50,1,2,1,0,0,1,27.0,,voiture,,3,2,6,2,6
201900004381,2019-02-08 19:30:00,2019,2,8,19,30,35,35278,ROBIQUETTE (ROND POINT DE LA),48.13501,-1.69361,Nuit avec éclairage non allumé,En agglomération,Giratoire,Pluie forte,Autre collision,4,1,2,0,1,1,2,0,1,50,2,3,2,0,0,1,37.0,41.0,voiture,voiture,4,2,6,3,6
201900004382,2019-02-08 18:10:00,2019,2,8,18,10,35,35051,BRAY (ROND-POINT DE),48.10803,-1.61628,Crépuscule ou aube,En agglomération,Giratoire,Pluie forte,Deux véhicules - côté,4,1,2,0,1,1,2,0,1,50,2,2,1,0,0,1,20.0,47.0,deux_roues,voiture,2,2,6,3,3
201900004383,2019-02-08 13:00:00,2019,2,8,13,0,35,35238,CHURCHILL (AVENUE SIR WINSTON),48.123,-1.7089,Plein jour,En agglomération,Intersection en X,Autre,Deux véhicules - côté,4,2,2,2,1,1,2,0,1,50,2,2,1,0,0,1,29.0,23.0,voiture,deux_roues,1,2,2,9,3
201900004384,2019-02-06 14:25:00,2019,2,6,14,25,35,35238,ROCADE 6-7,48.086058,-1.638047,Plein jour,En agglomération,Hors intersection,Normale,Deux véhicules - arrière,2,3,4,0,1,1,1,0,1,90,2,2,1,0,0,1,54.0,35.0,utilitaire_camion,voiture,1,2,1,1,2
201900004385,2019-02-08 08:35:00,2019,2,8,8,35,35,35353,LORIENT (DE),48.104977,-1.741519,Plein jour,En agglomération,Hors intersection,Normale,Deux véhicules - côté,2,3,4,0,1,1,1,0,1,50,2,5,2,0,0,3,44.0,29.0,voiture,utilitaire_camion,1,2,1,1,3
201900004386,2019-02-07 17:10:00,2019,2,7,17,10,35,35051,TOURAUDAIS (AVENUE DE LA),48.11553,-1.6332,Plein jour,En agglomération,Hors intersection,Normale,Deux véhicules - arrière,3,2,3,0,1,1,1,0,1,50,2,2,1,0,0,1,22.0,52.0,deux_roues,voiture,1,2,1,1,2