accident_id,datetime,annee,mois,jour,heure,minute,departement,commune_insee,adresse,latitude,longitude,luminosite,agglomeration,intersection,meteo,collision,catr,circ,nbv,vosp,prof,plan,surf,infra,situ,vma,nb_vehicules,nb_usagers,nb_indemnes,nb_tues,nb_blesses_hosp,nb_blesses_legers,age_cond_1,age_cond_2,veh_type_cond_1,veh_type_cond_2,lum_code,agg_code,int_code,atm_code,col_code
201900004568,2019-04-19 21:40:00,2019,4,19,21,40,91,91027,POINTE (RUE DE LA),48.70647,2.37354,Nuit avec éclairage allumé,En agglomération,Intersection en T,Normale,Deux véhicules - frontale,4,3,1,0,1,3,1,0,1,30,2,2,1,0,0,1,37.0,31.0,voiture,deux_roues,5,2,3,1,1
201900004569,2019-04-20 20:45:00,2019,4,20,20,45,91,91021,GRANDE (RUE),48.58807,2.24484,Crépuscule ou aube,En agglomération,Hors intersection,Normale,Sans collision,4,1,1,0,1,1,1,0,1,50,1,1,0,0,0,1,32.0,,deux_roues,,2,2,1,1,7
201900004570,2019-04-18 13:00:00,2019,4,18,13,0,91,91103,CD 19,48.592793,2.310147,Plein jour,En agglomération,Hors intersection,Normale,Sans collision,3,-1,0,0,1,1,1,0,3,90,1,1,0,0,0,1,34.0,,voiture,,1,2,1,1,7
201900004571,2019-04-18 08:55:00,2019,4,18,8,55,91,91552,NATIONALE 20 (ROUTE),48.60463,2.24922,Plein jour,En agglomération,Hors intersection,Normale,Deux véhicules - côté,2,3,4,0,1,1,1,0,1,50,2,2,1,0,0,1,42.0,42.0,voiture,deux_roues,1,2,1,1,3
201900004572,2019-04-21 21:00:00,2019,4,21,21,0,88,88413,RUE DES 3 VILLES,48.2875,6.9447,Nuit avec éclairage allumé,En agglomération,Autre intersection,Normale,Sans collision,7,1,1,0,1,2,1,0,1,50,1,1,0,0,0,1,45.0,,deux_roues,,5,2,9,1,7
201900004573,2019-04-25 09:05:00,2019,4,25,9,5,87,87085,ISLE (RUE D'),45.8247,1.23457,Plein jour,En agglomération,Intersection en X,Pluie légère,Deux véhicules - côté,4,2,2,0,1,1,2,0,1,50,2,4,3,0,0,1,64.0,69.0,voiture,voiture,1,2,2,2,3
201900004574,2019-04-21 12:34:00,2019,4,21,12,34,87,87085,VIGENAL (BOULEVARD DU),45.85231,1.25246,Plein jour,En agglomération,Intersection en T,Normale,Deux véhicules - côté,4,3,4,0,1,1,1,0,1,50,2,3,2,0,1,0,38.0,38.0,deux_roues,utilitaire_camion,1,2,3,1,3
201900004575,2019-04-21 10:31:00,2019,4,21,10,31,87,87114,BRASSENS (GEORGES-),45.83511,1.30526,Plein jour,En agglomération,Hors intersection,Normale,Autre collision,4,2,2,0,2,1,1,0,1,50,1,1,0,0,0,1,73.0,,voiture,,1,2,1,1,6
201900004576,2019-04-19 16:19:00,2019,4,19,16,19,87,87085,NEXON (RUE DE),45.80501,1.25242,Plein jour,Hors agglomération,Hors intersection,Normale,Trois véhicules et plus - en chaîne,3,2,2,0,1,2,1,0,1,80,4,4,3,0,0,1,27.0,34.0,voiture,voiture,1,1,1,1,4
201900004577,2019-04-19 21:35:00,2019,4,19,21,35,87,87085,MONTJOVIS (AVENUE),45.8447,1.24568,Nuit avec éclairage allumé,En agglomération,Intersection en T,Normale,Autre collision,4,3,3,0,2,3,1,5,1,50,1,1,0,0,1,0,,,,,5,2,3,1,6
201900004578,2019-04-19 09:40:00,2019,4,19,9,40,87,87085,BORIE (BOULEVARD DE LA),45.83451,1.22592,Plein jour,En agglomération,Intersection en X,Normale,Deux véhicules - côté,3,3,4,0,2,1,1,5,1,50,2,2,0,0,0,2,36.0,72.0,voiture,voiture,1,2,2,1,3
201900004579,2019-04-18 18:35:00,2019,4,18,18,35,87,87038,RN520 (COUZEIX),45.90186,1.2287,Plein jour,Hors agglomération,Intersection en Y,Normale,Trois véhicules et plus - collisions multiples,2,1,1,0,2,3,1,0,1,50,3,8,5,0,1,2,38.0,44.0,voiture,voiture,1,1,4,1,5
201900004580,2019-04-17 19:44:00,2019,4,17,19,44,87,87085,BORIE (BOULEVARD DE LA),45.83522,1.22691,Plein jour,En agglomération,Intersection en X,Normale,Deux véhicules - côté,4,3,6,0,1,1,1,5,1,50,2,2,1,0,0,1,57.0,33.0,voiture,voiture,1,2,2,1,3
201900004581,2019-04-16 08:54:00,2019,4,16,8,54,87,87085,SAGNES (RUE DES),45.87813,1.29025,Plein jour,En agglomération,Giratoire,Pluie légère,Deux véhicules - côté,4,2,2,0,1,1,2,0,1,50,2,2,1,0,0,1,58.0,66.0,voiture,deux_roues,1,2,6,2,3
201900004582,2019-04-24 17:35:00,2019,4,24,17,35,86,86158,RN.147,46.62883,0.29556,Plein jour,Hors agglomération,Hors intersection,Pluie légère,Deux véhicules - arrière,2,3,4,0,2,1,2,0,1,110,2,2,1,0,0,1,30.0,43.0,deux_roues,voiture,1,1,1,2,2
201900004583,2019-04-20 05:50:00,2019,4,20,5,50,86,86194,PARIS (AVENUE DE),46.61222,0.34873,Nuit avec éclairage allumé,En agglomération,Hors intersection,Normale,Sans collision,4,2,2,0,1,1,1,0,1,50,1,1,0,1,0,0,32.0,,deux_roues,,5,2,1,1,7
201900004584,2019-04-25 07:55:00,2019,4,25,7,55,85,85194,Rond-Point de la Burguinière,46.51759,-1.74774,Plein jour,En agglomération,Giratoire,Pluie légère,Deux véhicules - arrière,3,3,2,0,1,1,2,0,1,50,2,2,1,0,0,1,49.0,24.0,utilitaire_camion,voiture,1,2,6,2,2
201900004585,2019-03-25 18:00:00,2019,3,25,18,0,69,69388,PAUL SANTY                          (AV),45.72754,4.87828,Plein jour,En agglomération,Hors intersection,Normale,Autre collision,4,2,2,3,1,1,1,0,1,50,1,2,1,0,0,1,54.0,,voiture,,1,2,1,1,6
201900004586,2019-03-25 12:10:00,2019,3,25,12,10,69,69388,ST MAURICE                          (R ),45.74189,4.86694,Plein jour,En agglomération,Intersection en X,Normale,Trois véhicules et plus - collisions multiples,4,1,1,0,1,1,1,0,1,50,3,5,4,0,0,1,43.0,37.0,voiture,voiture,1,2,2,1,5
201900004587,2019-03-25 11:30:00,2019,3,25,11,30,69,69383,MARECHAL DE SAXE                    (AV),45.7548,4.84683,Plein jour,En agglomération,Hors intersection,Normale,Deux véhicules - côté,4,1,2,3,1,1,1,0,1,50,2,2,1,0,0,1,81.0,62.0,voiture,deux_roues,1,2,1,1,3
201900004588,2019-03-24 17:50:00,2019,3,24,17,50,69,69386,MONTGOLFIER                         (R ),45.77194,4.84946,Plein jour,En agglomération,Hors intersection,Normale,Deux véhicules - arrière,4,1,3,0,1,1,1,0,1,50,2,2,1,0,0,1,40.0,27.0,deux_roues,utilitaire_camion,1,2,1,1,2
201900004589,2019-03-23 03:30:00,2019,3,23,3,30,69,69388,ETERNITE (DE L')                    (R ),45.74137,4.85853,Nuit avec éclairage allumé,En agglomération,Autre intersection,Normale,Autre collision,7,-1,1,3,1,3,1,4,1,1,1,1,0,0,0,1,24.0,,deux_roues,,5,2,9,1,6
201900004590,2019-03-23 18:20:00,2019,3,23,18,20,69,69388,JULES FROMENT                       (R ),45.72856,4.88538,Crépuscule ou aube,En agglomération,Hors intersection,Normale,Autre collision,4,2,2,0,1,1,1,0,1,50,1,2,1,0,0,1,24.0,,voiture,,2,2,1,1,6
201900004591,2019-03-23 13:20:00,2019,3,23,13,20,69,69259,VIENNE (DE)                         (RO),45.71984,4.85439,Plein jour,En agglomération,Hors intersection,Normale,Trois véhicules et plus - collisions multiples,4,2,2,0,1,1,1,0,1,50,3,4,2,0,0,2,42.0,20.0,voiture,voiture,1,2,1,1,5
201900004592,2019-03-22 14:56:00,2019,3,22,14,56,69,69259,MARCEL CACHIN                       (AV),45.69235,4.87723,Plein jour,En agglomération,Hors intersection,Normale,Autre collision,4,3,2,1,1,1,1,6,1,50,1,1,0,0,0,1,,,,,1,2,1,1,6
201900004593,2019-03-21 12:00:00,2019,3,21,12,0,69,69387,ST ANDRE                            (R ),45.75173,4.84071,Plein jour,En agglomération,Intersection en T,Normale,Autre collision,4,1,1,0,1,1,1,0,1,50,1,2,1,0,0,1,29.0,,voiture,,1,2,3,1,6
201900004594,2019-03-21 16:20:00,2019,3,21,16,20,69,69387,DEBOURG                             (AV),45.73099,4.83458,Plein jour,En agglomération,Hors intersection,Normale,Autre collision,4,-1,0,0,1,1,1,6,1,50,1,2,0,0,0,2,16.0,,autre,,1,2,1,1,6
201900004595,2019-03-21 16:50:00,2019,3,21,16,50,69,69259,PARMENTIER                          (R ),45.69679,4.88904,Plein jour,En agglomération,Hors intersection,Normale,Autre collision,9,1,1,1,1,1,1,0,2,50,1,1,0,0,1,0,,,,,1,2,1,1,6
201900004596,2019-03-20 15:55:00,2019,3,20,15,55,69,69387,TONY GARNIER                        (AV),45.72663,4.82688,Plein jour,En agglomération,Intersection en X,Normale,Deux véhicules - côté,4,3,6,0,1,1,1,0,1,50,2,2,1,0,1,0,76.0,29.0,voiture,deux_roues,1,2,2,1,3
201900004597,2019-03-21 09:50:00,2019,3,21,9,50,69,69388,LAENNEC                             (R ),45.73924,4.88304,Plein jour,En agglomération,Hors intersection,Normale,Autre collision,4,2,1,1,1,1,1,0,1,50,1,2,1,0,1,0,48.0,,deux_roues,,1,2,1,1,6
201900004598,2019-03-20 18:30:00,2019,3,20,18,30,69,69386,VERGUIN                             (AV),45.77267,4.85669,Crépuscule ou aube,En agglomération,Hors intersection,Normale,Deux véhicules - côté,4,2,4,0,1,1,1,0,1,50,2,2,1,0,0,1,54.0,25.0,voiture,deux_roues,2,2,1,1,3
201900004599,2019-03-20 17:15:00,2019,3,20,17,15,69,69259,DOCTEUR COBLOD (DU)                 (BD),45.70312,4.88766,Plein jour,En agglomération,Intersection en X,Normale,Deux véhicules - côté,4,-1,3,0,1,1,1,9,1,50,2,2,1,0,0,1,23.0,21.0,voiture,voiture,1,2,2,1,3
201900004600,2019-03-20 08:25:00,2019,3,20,8,25,69,69388,ETATS UNIS (DES)                    (BD),45.73663,4.86225,Plein jour,En agglomération,Hors intersection,Normale,Autre collision,7,3,2,0,1,1,1,0,2,50,1,2,1,0,0,1,37.0,,deux_roues,,1,2,1,1,6
201900004601,2019-03-25 13:00:00,2019,3,25,13,0,972,97213,ROUTE NATIONALE 6,14.597206,-60.977803,Plein jour,Hors agglomération,Hors intersection,Normale,Deux véhicules - côté,2,2,4,3,1,1,1,0,1,80,2,2,1,1,0,0,39.0,52.0,deux_roues,utilitaire_camion,1,1,1,1,3
201900004602,2019-03-22 07:00:00,2019,3,22,7,0,972,97213,ROUTE NATIONALE 5,14.59662,-60.99439,Plein jour,Hors agglomération,Hors intersection,Normale,Deux véhicules - arrière,2,1,0,0,1,1,1,0,1,70,2,2,0,0,2,0,23.0,23.0,deux_roues,voiture,1,1,1,1,2
201900004603,2019-03-20 06:00:00,2019,3,20,6,0,972,97213,VICTOR LAMON,14.633972,-60.991695,Plein jour,En agglomération,Intersection en T,Normale,Deux véhicules - côté,3,2,2,0,2,1,1,0,1,50,2,2,0,0,0,2,48.0,56.0,voiture,voiture,1,2,3,1,3
201900004604,2019-03-25 18:35:00,2019,3,25,18,35,972,97209,BOUILLE (RUE),14.60401,-61.06517,Nuit avec éclairage allumé,En agglomération,Hors intersection,Normale,Deux véhicules - arrière,4,2,3,3,1,1,1,0,1,50,2,2,1,0,0,1,35.0,43.0,voiture,voiture,5,2,1,1,2
201900004605,2019-03-24 15:40:00,2019,3,24,15,40,972,97209,BALATA (ROUTE DE),14.64041,-61.07473,Plein jour,Hors agglomération,Hors intersection,Pluie légère,Autre collision,2,2,2,0,3,3,2,0,1,60,1,1,0,0,0,1,79.0,,voiture,,1,1,1,2,6
201900004606,2019-03-24 14:57:00,2019,3,24,14,57,972,97209,RN9,14.59963,-61.05816,Plein jour,En agglomération,Hors intersection,Normale,Sans collision,2,3,2,0,1,1,1,0,1,50,1,1,0,0,0,1,37.0,,deux_roues,,1,2,1,1,7
201900004607,2019-03-23 23:40:00,2019,3,23,23,40,972,97209,HENRI BARBUSSE (RUE),14.60887,-61.07021,Nuit avec éclairage allumé,En agglomération,Intersection en X,Normale,Deux véhicules - côté,4,1,1,0,1,1,1,0,1,50,2,2,1,0,1,0,34.0,41.0,deux_roues,voiture,5,2,2,1,3
201900004608,2019-03-21 13:40:00,2019,3,21,13,40,972,97209,CLUNY (ROUTE DE),14.612,-61.079,Plein jour,En agglomération,Hors intersection,Normale,Autre collision,3,3,2,0,2,1,1,0,1,50,1,2,1,0,0,1,69.0,,voiture,,1,2,1,1,6
201900004609,2019-03-20 11:40:00,2019,3,20,11,40,972,97209,BISHOP (Avenue Maurice),14.60317,-61.06324,Plein jour,En agglomération,Hors intersection,Normale,Autre collision,2,2,6,0,1,3,1,0,1,50,1,5,1,0,2,2,17.0,,deux_roues,,1,2,1,1,6
201900004610,2019-03-22 17:00:00,2019,3,22,17,0,69,69385,JOLIOT CURIE                        (R ),45.75646,4.79647,Plein jour,En agglomération,Autre intersection,Normale,Autre collision,4,2,0,0,1,1,1,0,1,50,1,2,1,0,0,1,72.0,,voiture,,1,2,9,1,6
201900004611,2019-03-23 17:20:00,2019,3,23,17,20,69,69384,JACQUES-LOUIS HENON                               (R ),45.77964,4.82425,Plein jour,En agglomération,Hors intersection,Normale,Autre collision,4,2,2,0,1,1,1,0,1,50,1,2,1,0,0,1,51.0,,voiture,,1,2,1,1,6
201900004612,2019-03-22 15:00:00,2019,3,22,15,0,69,69381,JEAN MOULIN                         (QU),45.76772,4.83788,Plein jour,En agglomération,Intersection en X,Normale,Deux véhicules - côté,7,1,4,3,1,1,1,0,1,50,2,3,2,0,0,1,56.0,22.0,deux_roues,voiture,1,2,2,1,3
201900004613,2019-03-22 09:50:00,2019,3,22,9,50,69,69385,GARDE (DE LA)                       (R ),45.75915,4.7915,Plein jour,En agglomération,Intersection en Y,Normale,Autre collision,4,2,2,0,1,2,1,0,1,50,1,2,1,0,0,1,85.0,,voiture,,1,2,4,1,6
201900004614,2019-03-22 09:25:00,2019,3,22,9,25,69,69034,ST CLAIR (DE)                       (GR),45.79102,4.86028,Plein jour,En agglomération,Hors intersection,Normale,Autre collision,4,1,1,0,1,3,1,6,1,50,1,2,1,0,0,1,45.0,,voiture,,1,2,1,1,6
201900004615,2019-03-21 23:30:00,2019,3,21,23,30,69,69384,BONY                                (R ),45.77223,4.81872,Nuit avec éclairage allumé,En agglomération,Intersection en T,Normale,Autre collision,7,-1,2,0,1,2,1,0,1,50,1,1,0,0,1,0,,,,,5,2,3,1,6
201900004616,2019-03-21 17:30:00,2019,3,21,17,30,69,69389,PIERRE BAIZET                       (R ),45.78985,4.81244,Plein jour,En agglomération,Intersection en T,Normale,Deux véhicules - côté,4,2,2,0,1,1,1,0,1,50,2,2,1,0,0,1,52.0,51.0,deux_roues,voiture,1,2,3,1,3
201900004617,2019-03-21 17:10:00,2019,3,21,17,10,69,69034,ORATOIRE (DE L')                    (R ),45.78487,4.83795,Plein jour,En agglomération,Hors intersection,Normale,Autre collision,4,2,2,0,1,1,1,0,2,50,2,3,2,0,0,1,69.0,58.0,voiture,deux_roues,1,2,1,1,6
201900004618,2019-03-21 08:45:00,2019,3,21,8,45,69,69389,ST SIMON                            (R ),45.7801,4.80018,Plein jour,En agglomération,Hors intersection,Normale,Deux véhicules - arrière,4,2,2,0,1,1,1,0,1,50,2,2,1,0,0,1,21.0,29.0,deux_roues,voiture,1,2,1,1,2
201900004619,2019-03-20 20:25:00,2019,3,20,20,25,69,69142,NAVARRE (DE LA)                     (R ),45.72864,4.8103,Nuit avec éclairage allumé,En agglomération,Autre intersection,Normale,Autre collision,4,2,2,0,1,1,1,0,1,30,1,2,1,0,0,1,70.0,,voiture,,5,2,9,1,6
201900004620,2019-03-20 21:45:00,2019,3,20,21,45,69,69382,DOCTEUR GAILLETON (DU)              (QU),45.74975,4.83124,Nuit avec éclairage allumé,En agglomération,Hors intersection,Normale,Deux véhicules - arrière,4,1,4,0,1,1,1,9,1,50,2,1,0,0,0,1,37.0,,deux_roues,,5,2,1,1,2
201900004621,2019-03-19 10:40:00,2019,3,19,10,40,69,69381,ANDRE LASSAGNE                      (QU),45.77085,4.83792,Plein jour,En agglomération,Hors intersection,Normale,Deux véhicules - côté,7,1,2,0,1,1,1,0,1,50,2,2,1,0,0,1,33.0,37.0,deux_roues,voiture,1,2,1,1,3
201900004622,2019-03-23 12:06:00,2019,3,23,12,6,2B,2B033,ST FLORENT-ANCIENNE RT DE,42.6772,9.38609,Plein jour,Hors agglomération,Hors intersection,Normale,Deux véhicules - frontale,3,2,2,0,3,2,1,0,1,80,2,3,0,0,0,3,56.0,32.0,voiture,voiture,1,1,1,1,1
201900004623,2019-03-23 00:28:00,2019,3,23,0,28,2B,2B033,MIOT - RUE,42.69918,9.4512,Nuit avec éclairage allumé,En agglomération,Intersection en X,Normale,Deux véhicules - côté,4,2,2,0,1,1,1,0,1,50,2,3,2,0,0,1,20.0,21.0,deux_roues,deux_roues,5,2,2,1,3
201900004624,2019-03-21 12:22:00,2019,3,21,12,22,2B,2B033,CAPITAINE THEN,42.67327,9.43731,Plein jour,En agglomération,Hors intersection,Normale,Deux véhicules - côté,3,2,2,0,1,1,1,0,1,50,2,2,1,0,0,1,39.0,34.0,utilitaire_camion,deux_roues,1,2,1,1,3
201900004625,2019-03-23 19:00:00,2019,3,23,19,0,971,97113,SECTION MARE-GAILLARD,16.21724,-61.43218,Nuit avec éclairage allumé,Hors agglomération,Autre intersection,Normale,Deux véhicules - côté,2,2,2,0,2,1,1,0,1,80,2,6,4,0,0,2,54.0,38.0,voiture,voiture,5,1,9,1,3
201900004626,2019-03-22 07:45:00,2019,3,22,7,45,971,97113,SECTION MARE-GAILLARD,16.2149032,-61.438732,Plein jour,En agglomération,Hors intersection,Normale,Autre collision,2,2,2,0,1,1,1,0,2,50,1,2,1,0,0,1,24.0,,deux_roues,,1,2,1,1,6
201900004627,2019-03-20 08:35:00,2019,3,20,8,35,971,97113,RN4 - SECTION RIVIERA,16.21778,-61.48978,Plein jour,Hors agglomération,Hors intersection,Normale,Deux véhicules - arrière,2,-1,2,0,1,1,1,0,1,70,2,3,2,0,0,1,29.0,38.0,voiture,voiture,1,1,1,1,2
201900004628,2019-03-25 14:35:00,2019,3,25,14,35,2A,2A004,AVENUE DU DOCTEUR NOEL FRANCHINI,41.94076,8.75605,Plein jour,En agglomération,Hors intersection,Normale,Deux véhicules - arrière,2,-1,2,0,1,1,1,0,1,50,2,3,1,0,0,2,59.0,25.0,voiture,voiture,1,2,1,1,2
201900004629,2019-03-22 08:15:00,2019,3,22,8,15,2A,2A004,ROSSINI PASCAL BD,41.9145,8.7296,Plein jour,En agglomération,Hors intersection,Normale,Deux véhicules - arrière,3,2,2,0,1,1,1,6,1,50,2,2,1,0,0,1,59.0,42.0,voiture,deux_roues,1,2,1,1,2
201900004630,2019-03-21 19:06:00,2019,3,21,19,6,2A,2A004,SARTENE ANCIENNE ROUTE,41.92982,8.77564,Nuit avec éclairage allumé,En agglomération,Hors intersection,Normale,Deux véhicules - côté,3,2,2,0,1,1,1,0,1,50,2,2,1,0,0,1,39.0,28.0,deux_roues,voiture,5,2,1,1,3
201900004631,2019-03-19 08:20:00,2019,3,19,8,20,2A,2A004,SAMPIERO BD,41.92526,8.7388,Plein jour,En agglomération,Hors intersection,Normale,Deux véhicules - arrière,3,3,3,0,1,1,1,0,1,50,2,2,1,0,0,1,26.0,58.0,voiture,deux_roues,1,2,1,1,2
201900004632,2019-03-24 22:20:00,2019,3,24,22,20,95,95539,MARAINVAL  (ROUTE DE),49.0062,2.3582,Nuit sans éclairage public,Hors agglomération,Autre intersection,Normale,Sans collision,4,3,2,0,2,1,1,0,1,90,1,2,0,1,1,0,26.0,,voiture,,3,1,9,1,7
201900004633,2019-03-19 22:30:00,2019,3,19,22,30,95,95680,PIERRE SEMARD (AVENUE),49.0010521,2.408157,Nuit avec éclairage allumé,En agglomération,Intersection en X,Normale,Trois véhicules et plus - collisions multiples,3,2,3,0,1,1,1,0,1,50,3,3,2,0,0,1,20.0,28.0,deux_roues,utilitaire_camion,5,2,2,1,5
201900004634,2019-03-11 15:15:00,2019,3,11,15,15,95,95607,GARE (AVENUE DE LA),49.02713,2.2236,Plein jour,En agglomération,Autre intersection,Normale,Autre collision,3,1,1,0,1,1,1,0,1,50,1,2,1,0,0,1,31.0,,voiture,,1,2,9,1,6
201900004635,2019-03-20 09:13:00,2019,3,20,9,13,91,91692,TROPIQUES (AVENUE DES),48.684812,2.192449,Plein jour,Hors agglomération,Hors intersection,Temps éblouissant,Deux véhicules - arrière,3,2,3,0,1,1,1,6,1,45,2,2,1,0,0,1,59.0,46.0,voiture,voiture,1,1,1,7,2
201900004636,2019-03-24 04:05:00,2019,3,24,4,5,91,91689,EUROPE (BOULEVARD DE L'),48.72741,2.33343,Nuit sans éclairage public,En agglomération,Hors intersection,Normale,Sans collision,3,2,2,0,1,1,1,0,1,50,1,1,0,0,1,0,29.0,,voiture,,3,2,1,1,7
201900004637,2019-03-20 11:00:00,2019,3,20,11,0,91,91377,ESTIENNE D'ORVES (RUE D'),48.7333,2.2833,Plein jour,En agglomération,Giratoire,Normale,Deux véhicules - côté,4,1,2,0,1,1,1,5,1,50,2,2,1,0,0,1,46.0,65.0,deux_roues,voiture,1,2,6,1,3
201900004638,2019-03-08 23:20:00,2019,3,8,23,20,91,91377,EUROPE (AVENUE DE L'),48.72587,2.28205,Nuit avec éclairage allumé,En agglomération,Autre intersection,Pluie légère,Deux véhicules - frontale,9,2,4,0,1,1,2,9,1,50,2,2,1,0,0,1,26.0,52.0,deux_roues,voiture,5,2,9,2,1
201900004639,2019-03-17 21:20:00,2019,3,17,21,20,91,91161,Bretelle d'accés A6 sens Paris,48.69955,2.31252,Nuit avec éclairage allumé,En agglomération,Autre intersection,Normale,Autre collision,1,1,1,0,1,1,1,9,1,50,1,2,1,0,0,1,64.0,,voiture,,5,2,9,1,6
201900004640,2019-03-21 13:50:00,2019,3,21,13,50,91,91223,C.D. 21,48.42397,2.11754,Plein jour,Hors agglomération,Intersection en X,Normale,Deux véhicules - côté,3,2,2,0,1,1,1,5,1,70,2,2,1,0,1,0,61.0,32.0,voiture,deux_roues,1,1,2,1,3
201900004641,2019-03-20 18:15:00,2019,3,20,18,15,91,91223,NEUVE ST-GILLES (RUE),48.43136,2.15033,Plein jour,En agglomération,Hors intersection,Normale,Autre collision,4,2,2,0,1,1,1,0,1,50,1,2,1,0,1,0,32.0,,voiture,,1,2,1,1,6
201900004642,2019-03-20 14:30:00,2019,3,20,14,30,91,91109,CHARLES DE GAULLE (RUE),48.45697,2.14073,Plein jour,En agglomération,Intersection en T,Normale,Deux véhicules - côté,4,2,2,0,1,1,1,0,1,50,2,2,1,0,0,1,70.0,58.0,voiture,voiture,1,2,3,1,3
201900004643,2019-03-21 17:00:00,2019,3,21,17,0,91,91657,CROCUS (RUE DES),48.6898,2.4401,Plein jour,En agglomération,Hors intersection,Normale,Autre collision,4,2,2,0,2,1,1,0,1,50,1,2,1,0,0,1,54.0,,voiture,,1,2,1,1,6
201900004644,2019-03-25 17:20:00,2019,3,25,17,20,91,91174,JEAN JAURES (BOULEVARD),48.612832,2.459966,Plein jour,En agglomération,Autre intersection,Normale,Trois véhicules et plus - en chaîne,2,1,0,0,1,1,1,0,1,50,3,3,1,0,0,2,27.0,29.0,voiture,voiture,1,2,9,1,4
201900004645,2019-03-25 16:10:00,2019,3,25,16,10,91,91174,PARIS (RUE),48.60467,2.46752,Plein jour,En agglomération,Autre intersection,Normale,Autre collision,2,2,0,0,1,1,1,0,1,50,1,3,1,0,0,2,34.0,,voiture,,1,2,9,1,6
201900004646,2019-03-22 16:35:00,2019,3,22,16,35,91,91027,CLOS NOLLET,48.71422,2.39377,Plein jour,En agglomération,Hors intersection,Normale,Autre collision,9,1,1,0,1,1,1,0,1,30,1,2,1,0,0,1,25.0,,deux_roues,,1,2,1,1,6
201900004647,2019-03-17 20:25:00,2019,3,17,20,25,91,91027,GOURMELIN (RUE HENRI),48.71531,2.39078,Nuit sans éclairage public,En agglomération,Hors intersection,Temps couvert,Autre collision,4,2,2,0,1,1,2,0,1,50,1,2,1,0,0,1,35.0,,voiture,,3,2,1,8,6
201900004648,2019-03-25 07:50:00,2019,3,25,7,50,91,91021,GIRAULT ERNEST (BOULEVARD),48.592,2.245,Plein jour,En agglomération,Intersection en T,Normale,Deux véhicules - côté,4,-1,0,0,1,1,1,0,1,50,2,2,1,0,0,1,41.0,57.0,voiture,deux_roues,1,2,3,1,3
201900004649,2019-03-24 09:05:00,2019,3,24,9,5,91,91333,FERRY JULES (RUE),48.613,2.262,Plein jour,En agglomération,Hors intersection,Normale,Sans collision,4,-1,0,0,1,1,1,0,1,50,1,1,0,0,0,1,15.0,,deux_roues,,1,2,1,1,7
201900004650,2019-03-20 13:47:00,2019,3,20,13,47,91,91457,FERTE ALAIS (ROUTE DE LA),48.58321,2.2553,Plein jour,En agglomération,Hors intersection,Normale,Deux véhicules - côté,4,2,2,0,1,1,1,0,1,50,2,3,0,0,2,1,42.0,23.0,deux_roues,voiture,1,2,1,1,3
201900004651,2019-03-20 08:25:00,2019,3,20,8,25,91,91103,RONGIERE JEAN (RUE),48.597,2.298,Plein jour,En agglomération,Hors intersection,Normale,Deux véhicules - frontale,4,-1,0,0,1,1,1,0,1,50,2,2,1,0,0,1,18.0,26.0,deux_roues,voiture,1,2,1,1,1
201900004652,2019-03-24 19:16:00,2019,3,24,19,16,87,87075,NOEL (RUE JULES),45.81319,1.17202,Plein jour,En agglomération,Hors intersection,Normale,Autre collision,6,-1,-1,0,1,1,1,0,1,50,1,2,1,0,1,0,20.0,,voiture,,1,2,1,1,6
201900004653,2019-03-24 21:41:00,2019,3,24,21,41,87,87065,PONTEIX (AVENUE DU),45.80674,1.2973,Nuit avec éclairage allumé,En agglomération,Intersection en T,Normale,Deux véhicules - côté,1,1,1,0,1,3,1,3,1,50,2,2,0,0,0,2,52.0,30.0,voiture,voiture,5,2,3,1,3
201900004654,2019-03-21 08:07:00,2019,3,21,8,7,87,87085,PETIT TOUR (RUE DU),45.8317,1.24893,Plein jour,En agglomération,Intersection en T,Normale,Deux véhicules - côté,4,2,2,0,1,1,1,0,1,50,2,2,1,0,1,0,25.0,49.0,deux_roues,voiture,1,2,3,1,3
201900004655,2019-03-21 03:01:00,2019,3,21,3,1,87,87085,RN520,45.89043,1.27249,Nuit sans éclairage public,Hors agglomération,Hors intersection,Normale,Trois véhicules et plus - collisions multiples,2,2,2,0,1,1,1,0,1,80,3,3,1,0,0,2,50.0,55.0,utilitaire_camion,utilitaire_camion,3,1,1,1,5
201900004656,2019-03-20 13:22:00,2019,3,20,13,22,87,87085,MONTMAILLER (RUE),45.83519,1.25214,Plein jour,En agglomération,Intersection en T,Normale,Deux véhicules - arrière,4,2,2,0,1,1,1,0,1,50,2,2,1,0,0,1,40.0,52.0,utilitaire_camion,voiture,1,2,3,1,2
201900004657,2019-03-15 20:30:00,2019,3,15,20,30,86,86066,RD 161 - ROCADE EST,46.78662,0.54769,Nuit sans éclairage public,Hors agglomération,Hors intersection,Pluie légère,Deux véhicules - frontale,3,2,2,0,1,1,2,0,1,80,2,2,1,0,0,1,26.0,30.0,voiture,voiture,3,1,1,2,1