accident_id,datetime,annee,mois,jour,heure,minute,departement,commune_insee,adresse,latitude,longitude,luminosite,agglomeration,intersection,meteo,collision,catr,circ,nbv,vosp,prof,plan,surf,infra,situ,vma,nb_vehicules,nb_usagers,nb_indemnes,nb_tues,nb_blesses_hosp,nb_blesses_legers,age_cond_1,age_cond_2,veh_type_cond_1,veh_type_cond_2,lum_code,agg_code,int_code,atm_code,col_code
201900004658,2019-03-22 15:25:00,2019,3,22,15,25,85,85194,33-31 AVENUE D'AQUITAINE ,46.49321,-1.7621,Plein jour,En agglomération,Hors intersection,Normale,Autre collision,4,2,2,0,1,1,1,0,1,50,1,3,0,0,1,2,17.0,,deux_roues,,1,2,1,1,6
201900004659,2019-03-21 17:45:00,2019,3,21,17,45,85,85194,AVENUE DE TALMONT ,46.48227,-1.7191,Plein jour,Hors agglomération,Intersection en X,Normale,Deux véhicules - côté,4,2,0,0,1,1,1,5,1,70,2,2,1,0,1,0,52.0,86.0,voiture,voiture,1,1,2,1,3
201900004660,2019-03-20 17:30:00,2019,3,20,17,30,85,85191,RUE PHILIPPE LEBON ,46.69631,-1.43206,Plein jour,En agglomération,Autre intersection,Normale,Deux véhicules - côté,4,-1,2,0,1,3,1,0,1,50,2,2,1,0,0,1,23.0,48.0,deux_roues,voiture,1,2,9,1,3
201900004661,2019-03-08 20:00:00,2019,3,8,20,0,84,84087,ROUTE D'UCHAUX,44.19754,4.80146,Nuit sans éclairage public,Hors agglomération,Hors intersection,Normale,Trois véhicules et plus - collisions multiples,3,2,2,0,1,1,1,0,1,80,3,3,1,0,0,2,62.0,47.0,voiture,voiture,3,1,1,1,5
201900004662,2019-03-23 15:11:00,2019,3,23,15,11,30,30011,NATIONALE 100  (ROUTE),43.95817,4.74705,Plein jour,Hors agglomération,Hors intersection,Normale,Autre collision,3,3,4,0,2,3,8,0,1,50,1,1,0,0,1,0,60.0,,deux_roues,,1,1,1,1,6
201900004663,2019-03-16 19:57:00,2019,3,16,19,57,84,84007,MONTFAVET (Route),43.94085,4.82689,Crépuscule ou aube,En agglomération,Hors intersection,Normale,Deux véhicules - arrière,4,2,4,1,1,1,1,0,1,50,2,2,1,0,0,1,33.0,40.0,voiture,voiture,2,2,1,1,2
201900004664,2019-03-25 23:10:00,2019,3,25,23,10,83,83144,RD 98,43.14128,6.00469,Nuit avec éclairage allumé,En agglomération,Hors intersection,Normale,Sans collision,3,1,2,0,2,2,1,2,1,50,1,1,0,0,1,0,49.0,,deux_roues,,5,2,1,1,7
201900004665,2019-03-24 20:15:00,2019,3,24,20,15,83,83090,BRIAND (AVE ARISTIDE),43.12242,5.89495,Nuit avec éclairage allumé,En agglomération,Hors intersection,Normale,Deux véhicules - frontale,4,2,3,0,1,2,1,0,1,50,2,3,0,0,0,3,30.0,17.0,deux_roues,deux_roues,5,2,1,1,1
201900004666,2019-03-23 18:05:00,2019,3,23,18,5,83,83137,FARON (BD DU),43.1364,5.92256,Plein jour,En agglomération,Intersection en T,Normale,Deux véhicules - frontale,4,2,2,0,2,1,1,0,1,50,2,2,1,0,1,0,61.0,39.0,deux_roues,voiture,1,2,3,1,1
201900004667,2019-03-21 17:25:00,2019,3,21,17,25,83,83144,RN 97,43.14158,6.00362,Plein jour,En agglomération,Hors intersection,Normale,Deux véhicules - côté,3,2,2,0,1,1,1,0,1,70,2,2,0,0,0,2,24.0,36.0,voiture,deux_roues,1,2,1,1,3
201900004668,2019-03-20 15:05:00,2019,3,20,15,5,83,83062,DIGNE (AVENUE DE ),43.145532,6.033651,Plein jour,Hors agglomération,Hors intersection,Normale,Trois véhicules et plus - en chaîne,4,2,2,0,1,1,1,0,1,50,3,6,2,0,0,4,46.0,29.0,voiture,voiture,1,1,1,1,4
201900004669,2019-03-16 10:20:00,2019,3,16,10,20,83,83129,ECOLES (BD DES),43.11382,5.8117,Plein jour,En agglomération,Hors intersection,Normale,Deux véhicules - arrière,4,1,1,0,1,1,1,0,1,50,2,2,1,0,0,1,48.0,59.0,voiture,deux_roues,1,2,1,1,2
201900004670,2019-03-21 18:10:00,2019,3,21,18,10,83,83141,,43.50875,6.48146,Plein jour,En agglomération,Giratoire,Normale,Deux véhicules - côté,3,1,2,0,1,3,1,5,1,50,2,2,1,0,1,0,43.0,36.0,voiture,deux_roues,1,2,6,1,3
201900004671,2019-03-20 16:20:00,2019,3,20,16,20,82,82121,HAMECHER (AVENUE MARCEAU),44.012728,1.346214,Plein jour,En agglomération,Intersection en X,Normale,Deux véhicules - côté,4,1,3,2,1,1,1,0,1,50,2,2,1,0,1,0,28.0,34.0,deux_roues,utilitaire_camion,1,2,2,1,3
201900004672,2019-03-23 19:20:00,2019,3,23,19,20,81,81257,145AVENUE JEAN  JAURES,43.94388,2.19635,Nuit avec éclairage allumé,En agglomération,Hors intersection,Normale,Deux véhicules - frontale,4,2,2,0,1,1,1,0,1,50,2,2,1,0,0,1,15.0,41.0,deux_roues,voiture,5,2,1,1,1
201900004673,2019-03-19 15:30:00,2019,3,19,15,30,80,80021,R GAUTHIER DE RUMILLY,49.8864,2.29301,Plein jour,En agglomération,Intersection en T,Normale,Deux véhicules - côté,4,1,1,0,2,1,1,0,1,50,2,2,1,0,0,1,34.0,69.0,voiture,voiture,1,2,3,1,3
201900004674,2019-03-25 18:10:00,2019,3,25,18,10,78,78638,PONTOISE (ROUTE DE),49.009806,1.960593,Plein jour,En agglomération,Intersection en Y,Normale,Deux véhicules - côté,3,2,2,0,2,2,1,0,1,50,2,2,1,0,0,1,49.0,22.0,deux_roues,voiture,1,2,4,1,3
201900004675,2019-03-24 17:36:00,2019,3,24,17,36,78,78299,CARNOT (BOULEVARD),49.005013,1.90156,Plein jour,En agglomération,Hors intersection,Normale,Autre collision,3,1,2,0,1,1,1,0,1,50,1,1,0,0,1,0,38.0,,voiture,,1,2,1,1,6
201900004676,2019-03-22 17:25:00,2019,3,22,17,25,78,78638,GENERAL DE GAULLE (RUE DU),49.00553,1.96441,Plein jour,En agglomération,Hors intersection,Normale,Autre collision,3,2,2,0,1,1,1,0,1,30,1,3,2,0,0,1,71.0,,voiture,,1,2,1,1,6
201900004677,2019-03-19 18:00:00,2019,3,19,18,0,78,78267,AVENUE DU COLONEL FABIEN,48.98794,1.80434,Plein jour,En agglomération,Intersection en T,Normale,Deux véhicules - côté,3,2,2,0,1,1,1,0,1,50,2,2,1,0,1,0,48.0,47.0,voiture,deux_roues,1,2,3,1,3
201900004678,2019-03-23 23:10:00,2019,3,23,23,10,78,78498,ROBESPIERRE BD,48.934466,2.055966,Nuit avec éclairage allumé,En agglomération,Hors intersection,Normale,Deux véhicules - côté,3,2,2,0,1,1,1,0,1,50,2,2,1,0,0,1,31.0,39.0,utilitaire_camion,deux_roues,5,2,1,1,3
201900004679,2019-03-23 13:30:00,2019,3,23,13,30,77,77514,D84A2 X LAMARTINE (AVENUE),48.94363,2.60996,Plein jour,En agglomération,Intersection en X,Normale,Deux véhicules - côté,3,2,2,0,1,1,1,0,1,50,2,3,2,0,0,1,52.0,56.0,voiture,voiture,1,2,2,1,3
201900004680,2019-03-24 03:52:00,2019,3,24,3,52,77,77373,D604 - PARIS (RUE DE),48.77716,2.59452,Nuit avec éclairage allumé,En agglomération,Hors intersection,Normale,Sans collision,3,3,4,0,1,1,1,0,1,50,1,1,0,0,1,0,26.0,,deux_roues,,5,2,1,1,7
201900004681,2019-03-22 23:45:00,2019,3,22,23,45,77,77108,LIBERTE (RUE DE LA),48.87709,2.59952,Nuit avec éclairage allumé,En agglomération,Intersection en X,Normale,Deux véhicules - côté,4,2,2,0,4,1,1,0,1,50,2,5,2,0,0,3,27.0,29.0,voiture,voiture,5,2,2,1,3
201900004682,2019-03-22 18:29:00,2019,3,22,18,29,77,77296,JEAN JAURES (AVENUE),48.62737,2.58593,Plein jour,En agglomération,Hors intersection,Temps éblouissant,Autre collision,4,2,1,0,1,1,1,0,1,30,1,3,2,0,0,1,22.0,,voiture,,1,2,1,7,6
201900004683,2019-03-19 15:30:00,2019,3,19,15,30,77,77288,D39-MARECHAL FOCH   (QUAI),48.53633,2.66275,Plein jour,En agglomération,Hors intersection,Normale,Autre collision,3,2,3,0,1,1,1,0,1,30,1,2,1,0,1,0,64.0,,voiture,,1,2,1,1,6
201900004684,2019-03-23 12:35:00,2019,3,23,12,35,77,77284,PARKING (AV. SALVADOR ALLENDE),48.95463,2.89599,Plein jour,En agglomération,Autre intersection,Normale,Autre collision,6,-1,0,0,1,1,1,8,2,10,1,2,1,0,0,1,38.0,,voiture,,1,2,9,1,6
201900004685,2019-03-22 11:52:00,2019,3,22,11,52,77,77186,REPUBLIQUE (PLACE DE LA),48.4065,2.70086,Plein jour,En agglomération,Hors intersection,Normale,Autre collision,4,1,1,0,1,1,1,0,4,30,1,3,0,0,1,2,80.0,,voiture,,1,2,1,1,6
201900004686,2019-03-24 17:30:00,2019,3,24,17,30,76,76351,BOIS AU COQ (AVENUE),49.51851,0.11696,Plein jour,En agglomération,Intersection en X,Normale,Deux véhicules - côté,4,2,5,1,1,1,1,4,1,50,2,2,1,0,0,1,17.0,26.0,deux_roues,voiture,1,2,2,1,3
201900004687,2019-03-21 16:16:00,2019,3,21,16,16,76,76351,MARCEL PAUL,49.4935,0.14554,Plein jour,En agglomération,Hors intersection,Normale,Trois véhicules et plus - collisions multiples,4,2,2,0,1,1,1,0,1,50,3,4,1,0,0,3,28.0,70.0,voiture,voiture,1,2,1,1,5
201900004688,2019-03-20 17:28:00,2019,3,20,17,28,76,76351,VERDUN (RUE DE),49.501402,0.1500919,Plein jour,En agglomération,Intersection en X,Normale,Deux véhicules - côté,3,2,3,1,1,1,1,0,1,50,2,2,1,0,1,0,55.0,60.0,deux_roues,voiture,1,2,2,1,3
201900004689,2019-03-19 15:55:00,2019,3,19,15,55,76,76351,ERNEST RENAN,49.49719,0.113295,Plein jour,En agglomération,Intersection en X,Normale,Deux véhicules - côté,4,1,1,0,1,1,1,0,1,30,2,2,1,0,1,0,19.0,43.0,deux_roues,voiture,1,2,2,1,3
201900004690,2019-03-19 14:45:00,2019,3,19,14,45,76,76351,LENINGRAD (BD DE),49.4963,0.1469,Plein jour,En agglomération,Intersection en X,Normale,Trois véhicules et plus - en chaîne,3,3,4,0,1,1,1,0,1,50,3,3,1,0,0,2,52.0,37.0,voiture,voiture,1,2,2,1,4
201900004691,2019-03-21 16:05:00,2019,3,21,16,5,76,76545,RD 154E,49.90702,1.10589,Plein jour,Hors agglomération,Autre intersection,Normale,Autre collision,3,1,3,0,1,1,1,9,1,70,1,1,0,0,0,1,,,,,1,1,9,1,6
201900004692,2019-03-23 17:44:00,2019,3,23,17,44,74,74281,PRES VERTS (AVENUE DES),46.37909,6.49227,Plein jour,En agglomération,Hors intersection,Normale,Trois véhicules et plus - en chaîne,4,2,2,0,1,1,1,0,1,50,3,6,5,0,0,1,35.0,50.0,voiture,voiture,1,2,1,1,4
201900004693,2019-03-23 22:40:00,2019,3,23,22,40,74,74298,BONNEVILLE (ROUTE DE ),46.17366,6.24967,Nuit avec éclairage allumé,En agglomération,Hors intersection,Normale,Autre collision,3,-1,2,0,1,1,1,9,1,50,2,2,1,0,0,1,38.0,56.0,voiture,voiture,5,2,1,1,6
201900004694,2019-03-22 13:00:00,2019,3,22,13,0,74,74093,REPUBLIQUE (AVENUE DE LA),45.90824,6.10265,Plein jour,En agglomération,Hors intersection,Normale,Deux véhicules - frontale,4,2,3,3,2,1,1,9,1,50,2,2,1,0,1,0,49.0,50.0,deux_roues,voiture,1,2,1,1,1
201900004695,2019-03-20 18:00:00,2019,3,20,18,0,72,72181,ROSTOV SUR LE DON (RUE) N° IMP,48.00505,0.19401,Plein jour,En agglomération,Intersection en X,Normale,Deux véhicules - côté,4,2,2,3,2,1,1,4,1,30,2,2,1,0,1,0,16.0,53.0,deux_roues,voiture,1,2,2,1,3
201900004696,2019-03-22 10:20:00,2019,3,22,10,20,71,71306,DE LATTRE DE TASSIGNY (BLD DU MARECHAL),46.67679,4.37011,Plein jour,En agglomération,Intersection en X,Normale,Deux véhicules - frontale,4,3,4,0,2,1,1,0,1,50,2,2,1,0,0,1,31.0,64.0,voiture,voiture,1,2,2,1,1
201900004697,2019-03-22 17:15:00,2019,3,22,17,15,71,71153,ABATTOIRS (boulevard des),46.78855,4.44566,Plein jour,En agglomération,Intersection en X,Temps éblouissant,Deux véhicules - côté,4,2,1,0,1,1,1,5,1,50,2,2,1,0,0,1,32.0,28.0,voiture,utilitaire_camion,1,2,2,7,3
201900004698,2019-03-24 18:47:00,2019,3,24,18,47,69,69290,PETRUCCIANI Michel       (R),45.69374,4.93921,Plein jour,En agglomération,Hors intersection,Normale,Autre collision,4,1,1,0,1,1,1,0,1,30,1,2,1,0,0,1,22.0,,voiture,,1,2,1,1,6
201900004699,2019-03-25 15:30:00,2019,3,25,15,30,69,69290,ARISTIDE BRIAND (D 518)             (R ),45.69543,4.92782,Plein jour,En agglomération,Hors intersection,Normale,Deux véhicules - côté,3,2,2,0,1,1,1,0,1,50,2,2,1,0,0,1,54.0,45.0,autre,voiture,1,2,1,1,3
201900004700,2019-03-22 19:50:00,2019,3,22,19,50,69,69029,FRANKLIN ROOSEVELT                  (AV),45.73552,4.90273,Nuit avec éclairage allumé,En agglomération,Hors intersection,Normale,Trois véhicules et plus - en chaîne,4,1,3,0,1,1,1,9,1,50,3,4,3,0,0,1,26.0,39.0,voiture,voiture,5,2,1,1,4
201900004701,2019-03-24 05:30:00,2019,3,24,5,30,69,69275,JEAN JAURES                         (AV),45.7717,4.96793,Nuit avec éclairage allumé,En agglomération,Intersection en X,Normale,Deux véhicules - frontale,3,3,1,0,1,1,1,0,1,50,2,2,0,0,0,2,20.0,38.0,voiture,voiture,5,2,2,1,1
201900004702,2019-03-23 17:00:00,2019,3,23,17,0,69,69266,DOUA      (Rue de la),45.7785,4.87465,Plein jour,En agglomération,Intersection en X,Normale,Deux véhicules - côté,4,2,2,2,1,1,1,0,1,50,2,2,1,0,0,1,45.0,21.0,voiture,deux_roues,1,2,2,1,3
201900004703,2019-03-24 06:00:00,2019,3,24,6,0,69,69264,FRACHON BENOIT  R,45.98826,4.73886,Nuit avec éclairage allumé,En agglomération,Hors intersection,Normale,Autre collision,4,1,1,0,1,1,1,0,1,50,1,1,0,0,0,1,37.0,,deux_roues,,5,2,1,1,6
201900004704,2019-03-19 19:55:00,2019,3,19,19,55,69,69264,RENAN ERNEST  R,45.99205,4.70715,Nuit avec éclairage allumé,En agglomération,Hors intersection,Normale,Trois véhicules et plus - en chaîne,3,2,2,0,1,1,1,9,1,50,3,5,4,0,0,1,25.0,37.0,voiture,voiture,5,2,1,1,4
201900004705,2019-03-25 06:10:00,2019,3,25,6,10,69,69091,RIVE DE GIER (DE) (RTE),45.58071,4.73609,Crépuscule ou aube,En agglomération,Hors intersection,Normale,Deux véhicules - arrière,3,2,2,0,1,1,1,0,1,70,2,4,2,0,0,2,29.0,20.0,voiture,voiture,2,2,1,1,2
201900004706,2019-03-20 14:00:00,2019,3,20,14,0,69,69091,GAGARINE (AV),45.60194,4.77023,Plein jour,En agglomération,Intersection en X,Normale,Deux véhicules - côté,3,2,2,0,1,1,1,5,1,50,2,3,2,0,1,0,60.0,41.0,deux_roues,voiture,1,2,2,1,3
201900004707,2019-03-19 16:03:00,2019,3,19,16,3,68,68066,152EME REGIMENT D'INFANTERIE(RUE DU),48.093561,7.358541,Plein jour,En agglomération,Autre intersection,Normale,Autre collision,3,1,4,0,1,1,1,0,1,50,1,2,1,0,1,0,62.0,,deux_roues,,1,2,9,1,6
201900004708,2019-03-24 14:40:00,2019,3,24,14,40,67,67218,BURKEL (ROUTE),48.518972,7.713803,Plein jour,En agglomération,Intersection en T,Normale,Deux véhicules - côté,4,2,2,0,1,1,1,0,1,50,2,2,1,0,0,1,37.0,13.0,voiture,deux_roues,1,2,3,1,3
201900004709,2019-03-23 20:00:00,2019,3,23,20,0,67,67482,VIENNE (ROUTE DE),48.573288,7.755775,Nuit avec éclairage allumé,En agglomération,Intersection en T,Normale,Deux véhicules - côté,4,2,4,3,1,1,1,0,1,50,2,4,3,0,0,1,24.0,61.0,voiture,deux_roues,5,2,3,1,3
201900004710,2019-03-22 17:10:00,2019,3,22,17,10,67,67482,HOCHFELDEN (RUE DE),48.601346,7.722998,Plein jour,En agglomération,Hors intersection,Normale,Deux véhicules - arrière,4,2,2,0,2,1,1,0,1,50,2,3,1,0,0,2,52.0,25.0,voiture,voiture,1,2,1,1,2
201900004711,2019-03-22 15:30:00,2019,3,22,15,30,67,67482,BOECKLIN (RUE),48.5974,7.776934,Plein jour,En agglomération,Hors intersection,Normale,Deux véhicules - côté,4,3,6,3,1,1,9,4,1,50,2,2,1,0,0,1,71.0,37.0,deux_roues,transport_commun,1,2,1,1,3
201900004712,2019-03-22 13:25:00,2019,3,22,13,25,67,67447,MARAIS (RUE DU),48.609587,7.765338,Plein jour,En agglomération,Hors intersection,Normale,Autre collision,9,3,5,3,1,1,1,4,2,50,1,2,1,0,0,1,42.0,,transport_commun,,1,2,1,1,6
201900004713,2019-03-21 12:00:00,2019,3,21,12,0,67,67482,ZURICH (RUE DE),48.578852,7.759096,Plein jour,En agglomération,Intersection en T,Normale,Autre collision,4,3,4,0,1,1,1,0,1,30,1,2,1,0,0,1,21.0,,deux_roues,,1,2,3,1,6
201900004714,2019-03-20 16:25:00,2019,3,20,16,25,67,67447,MARAIS (RUE DU),48.6169065,7.768196,Plein jour,En agglomération,Intersection en T,Normale,Autre collision,4,3,5,3,1,1,1,4,1,50,2,1,0,0,0,1,17.0,,deux_roues,,1,2,3,1,6
201900004715,2019-03-20 09:15:00,2019,3,20,9,15,67,67482,ORFEVRES (RUE DES),48.582323,7.749135,Plein jour,En agglomération,Hors intersection,Normale,Autre collision,4,-1,0,0,2,1,1,6,2,30,1,2,1,0,0,1,41.0,,utilitaire_camion,,1,2,1,1,6
201900004716,2019-03-19 15:50:00,2019,3,19,15,50,67,67482,ILL (RUE DE L ),48.612724,7.774465,Plein jour,En agglomération,Hors intersection,Normale,Autre collision,4,3,2,0,1,1,1,0,1,50,1,3,2,0,0,1,75.0,,voiture,,1,2,1,1,6
201900004717,2019-03-19 13:25:00,2019,3,19,13,25,67,67482,LAMPROIE (RUE DE LA),48.598969,7.790971,Plein jour,En agglomération,Intersection en T,Normale,Deux véhicules - côté,4,3,4,0,1,3,1,0,1,50,2,2,1,0,0,1,74.0,28.0,voiture,utilitaire_camion,1,2,3,1,3
201900004718,2019-03-21 11:48:00,2019,3,21,11,48,66,66096,Avenue du Général de Gaulle,42.767795,2.659298,Nuit sans éclairage public,En agglomération,Hors intersection,Normale,Autre collision,4,2,4,0,1,1,1,0,1,30,1,2,1,0,0,1,63.0,,voiture,,3,2,1,1,6
201900004719,2019-03-21 11:15:00,2019,3,21,11,15,66,66136,CAYROL (BOULEVARD COLONEL),42.6960244,2.9055909,Plein jour,En agglomération,Intersection en X,Normale,Deux véhicules - côté,4,-1,2,0,1,1,1,0,1,30,2,2,1,0,0,1,47.0,70.0,deux_roues,voiture,1,2,2,1,3
201900004720,2019-03-20 22:30:00,2019,3,20,22,30,66,66136,ROTTERDAM (ROND POINT DE),42.69462,2.85019,Nuit avec éclairage allumé,Hors agglomération,Hors intersection,Normale,Autre collision,2,3,4,0,2,1,1,5,1,90,1,1,0,1,0,0,23.0,,voiture,,5,1,1,1,6
201900004721,2019-03-23 13:30:00,2019,3,23,13,30,64,64483,LAHANCHIPIA (AVENUE),43.4014849,-1.6369841,Plein jour,En agglomération,Hors intersection,Normale,Deux véhicules - arrière,3,3,3,0,1,1,1,0,1,50,2,2,1,0,0,1,24.0,40.0,voiture,voiture,1,2,1,1,2
201900004722,2019-03-22 07:45:00,2019,3,22,7,45,64,64189,EVADES (CARREFOUR DES),43.38453,-1.66645,Crépuscule ou aube,En agglomération,Hors intersection,Normale,Deux véhicules - côté,4,1,1,0,1,2,1,0,1,30,2,2,1,0,0,1,54.0,50.0,voiture,deux_roues,2,2,1,1,3
201900004723,2019-03-20 15:40:00,2019,3,20,15,40,64,64483,CHANTACO (AVENUE DE ),43.378682,-1.6387813,Plein jour,En agglomération,Hors intersection,Normale,Deux véhicules - arrière,3,2,2,0,1,1,1,0,1,50,2,2,1,0,0,1,67.0,38.0,voiture,voiture,1,2,1,1,2
201900004724,2019-03-20 19:35:00,2019,3,20,19,35,64,64237,LOUIS BARTHOU,43.2841071,-0.3746685,Nuit avec éclairage allumé,En agglomération,Intersection en T,Normale,Autre collision,3,2,2,0,1,2,1,0,1,30,2,3,2,0,1,0,20.0,23.0,deux_roues,voiture,5,2,3,1,6
201900004725,2019-03-21 07:40:00,2019,3,21,7,40,64,64335,FRERES WRIGHT DES,43.3547745,-0.402577,Plein jour,En agglomération,Hors intersection,Normale,Sans collision,3,2,2,0,1,1,1,0,1,50,1,1,0,0,0,1,57.0,,voiture,,1,2,1,1,7
201900004726,2019-03-20 07:50:00,2019,3,20,7,50,64,64348,FRERES WRIGHT DES,43.3483279,-0.3810078,Crépuscule ou aube,En agglomération,Intersection en T,Temps éblouissant,Deux véhicules - côté,4,2,2,0,1,1,1,0,1,50,2,2,1,0,0,1,24.0,57.0,deux_roues,voiture,2,2,3,7,3
201900004727,2019-03-23 19:40:00,2019,3,23,19,40,64,64125,LAC (AVENUE DU ),43.45938,-1.57501,Crépuscule ou aube,En agglomération,Hors intersection,Normale,Sans collision,4,2,2,0,1,1,1,0,1,30,1,1,0,0,1,0,60.0,,deux_roues,,2,2,1,1,7
201900004728,2019-03-22 09:50:00,2019,3,22,9,50,64,64122,BRAOU (AVENUE DU),43.4799185,-1.5355393,Plein jour,En agglomération,Hors intersection,Normale,Autre collision,4,2,2,0,2,2,1,0,1,30,1,1,0,0,1,0,29.0,,deux_roues,,1,2,1,1,6
201900004729,2019-03-22 10:20:00,2019,3,22,10,20,64,64122,"""KENNEDY (AVENUE DU PRESIDENT J,F)""",43.4684589,-1.5547749,Plein jour,En agglomération,Hors intersection,Normale,Autre collision,4,2,2,0,1,1,1,0,1,50,2,2,1,0,0,1,56.0,67.0,deux_roues,voiture,1,2,1,1,6
201900004730,2019-03-22 08:00:00,2019,3,22,8,0,64,64122,MARCEL DASSAULT (BD),43.4595461,-1.5481802,Plein jour,En agglomération,Hors intersection,Normale,Autre collision,3,2,3,0,2,1,1,2,1,70,1,1,0,0,0,1,18.0,,deux_roues,,1,2,1,1,6
201900004731,2019-03-16 01:25:00,2019,3,16,1,25,64,64122,SABAOU (AVENUE DU),43.4740715,-1.5444526,Nuit avec éclairage allumé,En agglomération,Hors intersection,Normale,Sans collision,4,2,2,0,1,1,1,0,1,50,1,1,0,0,0,1,24.0,,voiture,,5,2,1,1,7
201900004732,2019-03-24 15:35:00,2019,3,24,15,35,64,64140,CASTAINGS (RUE J.B.),43.5324038,-1.4770604,Plein jour,En agglomération,Hors intersection,Normale,Autre collision,4,2,2,0,1,2,1,0,1,30,1,1,0,0,0,1,23.0,,deux_roues,,1,2,1,1,6
201900004733,2019-03-21 16:00:00,2019,3,21,16,0,64,64140,DOUANE (QUAI DE LA),43.5126024,-1.4888009,Plein jour,En agglomération,Hors intersection,Normale,Deux véhicules - frontale,3,2,2,0,1,1,1,0,1,50,2,2,1,0,1,0,50.0,47.0,transport_commun,voiture,1,2,1,1,1
201900004734,2019-03-22 17:43:00,2019,3,22,17,43,63,63164,MITTERRAND ( Bd François),45.81999,3.15486,Plein jour,En agglomération,Hors intersection,Normale,Trois véhicules et plus - collisions multiples,7,2,2,0,1,1,1,0,1,70,4,7,0,0,1,6,23.0,50.0,voiture,voiture,1,2,1,1,5
201900004735,2019-03-25 08:00:00,2019,3,25,8,0,63,63113,CRISTAL (AVENUE ERNEST),45.7602864,3.1368338,Plein jour,En agglomération,Hors intersection,Normale,Deux véhicules - côté,7,2,2,0,1,1,1,0,2,50,2,2,1,1,0,0,53.0,44.0,utilitaire_camion,deux_roues,1,2,1,1,3
201900004736,2019-03-21 19:10:00,2019,3,21,19,10,62,62737,LAFONTAINE (RUE),50.44781,2.68452,Crépuscule ou aube,En agglomération,Intersection en T,Normale,Deux véhicules - côté,4,2,2,0,1,1,1,0,1,50,2,2,1,0,1,0,16.0,51.0,deux_roues,deux_roues,2,2,3,1,3
201900004737,2019-01-05 17:10:00,2019,1,5,17,10,62,62215,VIEUX CHATEAU (R DU),50.483671,2.961802,Plein jour,En agglomération,Hors intersection,Normale,Deux véhicules - côté,4,2,2,0,1,1,1,0,1,50,2,2,1,0,1,0,53.0,28.0,voiture,deux_roues,1,2,1,1,3
201900004738,2019-03-23 19:20:00,2019,3,23,19,20,62,62457,DIVION (ROUTE DE),50.4559228,2.5281603,Nuit avec éclairage allumé,En agglomération,Intersection en T,Normale,Deux véhicules - arrière,3,2,2,0,2,1,1,0,1,50,2,3,2,1,0,0,62.0,43.0,voiture,deux_roues,5,2,3,1,2
201900004739,2019-03-23 17:25:00,2019,3,23,17,25,60,60463,BERTHELOT (RUE MARCELLIN),49.2780777,2.4761057,Plein jour,En agglomération,Hors intersection,Temps couvert,Autre collision,4,-1,1,0,1,1,1,0,1,50,1,2,1,0,1,0,31.0,,voiture,,1,2,1,8,6
201900004740,2019-03-20 19:00:00,2019,3,20,19,0,60,60159,CURIE (AV. PIERRE ET MARIE),49.39637,2.79403,Crépuscule ou aube,En agglomération,Hors intersection,Normale,Autre collision,4,3,4,0,1,1,1,0,1,50,1,2,1,0,1,0,65.0,,voiture,,2,2,1,1,6
201900004741,2019-03-20 11:00:00,2019,3,20,11,0,60,60159,LESSEPS (FERDINAND DE),49.39571,2.78467,Plein jour,Hors agglomération,Intersection en T,Normale,Deux véhicules - côté,4,2,2,0,1,1,1,0,1,50,2,2,0,0,0,2,77.0,52.0,voiture,voiture,1,1,3,1,3
201900004742,2019-03-22 13:10:00,2019,3,22,13,10,60,60057,WINSTON CHURCHILL (AVENUE),49.41818,2.09215,Plein jour,En agglomération,Hors intersection,Normale,Deux véhicules - côté,4,2,2,0,2,1,1,0,1,70,2,2,1,0,0,1,11.0,52.0,deux_roues,voiture,1,2,1,1,3
201900004743,2019-03-22 12:00:00,2019,3,22,12,0,59,59284,HENRI DURRE,50.423883,3.386386,Plein jour,En agglomération,Hors intersection,Normale,Deux véhicules - côté,3,2,2,0,1,1,1,0,1,50,2,2,1,0,0,1,37.0,37.0,voiture,deux_roues,1,2,1,1,3
201900004744,2019-03-25 11:30:00,2019,3,25,11,30,59,59009,BASOCHE ALLEE DE,50.62508,3.12656,Plein jour,En agglomération,Hors intersection,Normale,Autre collision,4,-1,1,0,1,3,1,0,1,50,1,1,0,0,0,1,,,,,1,2,1,1,6
201900004745,2019-03-11 10:20:00,2019,3,11,10,20,59,59328,BOURG RUE DU N°188 AU 362,50.65264,3.03091,Plein jour,En agglomération,Autre intersection,Normale,Deux véhicules - arrière,4,2,2,0,1,1,1,0,1,50,2,2,1,0,1,0,68.0,79.0,voiture,deux_roues,1,2,9,1,2
201900004746,2019-03-22 23:18:00,2019,3,22,23,18,59,59009,CANTELEU AVENUE DE,50.63713,3.14334,Nuit avec éclairage allumé,En agglomération,Intersection à plus de 4 branches,Normale,Deux véhicules - côté,4,1,1,0,1,1,1,0,1,50,2,3,2,0,0,1,21.0,36.0,voiture,transport_commun,5,2,5,1,3
201900004747,2019-03-23 18:10:00,2019,3,23,18,10,59,59183,ALEXANDRE III - BOULEVARD,51.0329237,2.3750049,Plein jour,En agglomération,Hors intersection,Normale,Autre collision,4,2,2,0,1,1,1,0,1,50,1,2,1,0,1,0,85.0,,voiture,,1,2,1,1,6
201900004748,2019-03-20 10:00:00,2019,3,20,10,0,59,59183,SAINTE BARBE - BOULEVARD,51.0345,2.3818,Plein jour,En agglomération,Hors intersection,Normale,Deux véhicules - frontale,4,2,4,0,1,1,1,0,1,50,2,2,1,0,0,1,78.0,39.0,voiture,deux_roues,1,2,1,1,1