accident_id,datetime,annee,mois,jour,heure,minute,departement,commune_insee,adresse,latitude,longitude,luminosite,agglomeration,intersection,meteo,collision,catr,circ,nbv,vosp,prof,plan,surf,infra,situ,vma,nb_vehicules,nb_usagers,nb_indemnes,nb_tues,nb_blesses_hosp,nb_blesses_legers,age_cond_1,age_cond_2,veh_type_cond_1,veh_type_cond_2,lum_code,agg_code,int_code,atm_code,col_code
201900004930,2019-10-21 15:00:00,2019,10,21,15,0,13,13216,A55-Sens Marseille vers Martigues,43.3641957,5.340786,Plein jour,Hors agglomération,Hors intersection,Pluie forte,Autre collision,1,1,3,0,1,3,2,0,1,90,1,1,0,0,0,1,21.0,,voiture,,1,1,1,3,6
201900004931,2019-10-21 13:15:00,2019,10,21,13,15,13,13215,A55-Sens Martigues vers Marseille,43.3736,5.19478,Plein jour,Hors agglomération,Hors intersection,Pluie forte,Sans collision,1,1,3,0,1,2,2,0,1,90,1,1,0,0,0,1,25.0,,voiture,,1,1,1,3,7
201900004932,2019-10-20 00:00:00,2019,10,20,0,0,13,13202,TVPCM-Sens Saint Victor vers Les Ports,43.2947764,5.3635697,Nuit avec éclairage allumé,Hors agglomération,Hors intersection,Normale,Trois véhicules et plus - en chaîne,1,1,2,0,1,2,1,1,1,70,3,6,4,0,1,1,29.0,33.0,utilitaire_camion,utilitaire_camion,5,1,1,1,4
201900004933,2019-10-20 14:20:00,2019,10,20,14,20,83,83035,A50,43.16144,5.76743,Plein jour,Hors agglomération,Hors intersection,Normale,Autre collision,1,3,6,0,1,1,1,0,2,130,1,1,0,0,0,1,20.0,,voiture,,1,1,1,1,6
201900004934,2019-10-21 11:50:00,2019,10,21,11,50,33,33039,ROCADE A 630,44.79367,-0.53955,Plein jour,Hors agglomération,Hors intersection,Normale,Trois véhicules et plus - collisions multiples,1,3,6,0,1,1,1,0,1,90,3,4,2,0,0,2,23.0,54.0,voiture,voiture,1,1,1,1,5
201900004935,2019-10-21 10:40:00,2019,10,21,10,40,33,33249,RN230 - moto veut se rendre à la station à carburants,44.87224,-0.5059,Plein jour,Hors agglomération,Hors intersection,Normale,Deux véhicules - arrière,2,3,7,0,1,1,1,0,1,90,2,2,1,0,0,1,25.0,49.0,deux_roues,utilitaire_camion,1,1,1,1,2
201900004936,2019-10-20 05:40:00,2019,10,20,5,40,59,59606,AUTOROUTE A2,50.339608,3.496982,Nuit sans éclairage public,Hors agglomération,Hors intersection,Normale,Trois véhicules et plus - collisions multiples,1,3,6,0,1,1,1,0,1,110,3,3,1,0,2,0,28.0,37.0,voiture,voiture,3,1,1,1,5
201900004937,2019-10-21 19:30:00,2019,10,21,19,30,94,94065,AUTOROUTE A106,48.7490434,2.3570703,Nuit sans éclairage public,Hors agglomération,Hors intersection,Normale,Trois véhicules et plus - en chaîne,1,1,2,0,1,1,1,0,1,90,3,3,2,0,0,1,26.0,49.0,voiture,voiture,3,1,1,1,4
201900004938,2019-06-08 21:30:00,2019,6,8,21,30,81,81307,avenue de mazamet,43.566857,2.316276,Nuit avec éclairage allumé,En agglomération,Hors intersection,Normale,Autre collision,3,2,2,0,1,3,1,0,1,50,1,2,0,0,2,0,28.0,,voiture,,5,2,1,1,6
201900004939,2019-06-01 20:45:00,2019,6,1,20,45,81,81145,Les Fortis,43.877335,1.786914,Crépuscule ou aube,Hors agglomération,Intersection en X,Normale,Deux véhicules - côté,3,2,2,0,1,1,1,0,1,80,2,7,1,0,2,4,52.0,32.0,voiture,voiture,2,1,2,1,3
201900004940,2019-06-09 18:40:00,2019,6,9,18,40,81,81206,CD 115 P 0+500,44.114917,1.726875,Plein jour,Hors agglomération,Hors intersection,Normale,Autre collision,3,2,2,0,1,2,1,0,3,80,2,2,1,0,1,0,51.0,58.0,deux_roues,utilitaire_camion,1,1,1,1,6
201900004941,2019-05-31 19:10:00,2019,5,31,19,10,81,81319,Marlaux,44.024435,2.020177,Plein jour,Hors agglomération,Autre intersection,Normale,Deux véhicules - frontale,3,3,2,0,4,1,1,0,1,80,2,2,1,1,0,0,41.0,60.0,utilitaire_camion,deux_roues,1,1,9,1,1
201900004942,2019-06-02 14:40:00,2019,6,2,14,40,32,32378,RD 935 PK 009+200,43.677794,-0.126843,Plein jour,Hors agglomération,Hors intersection,Normale,Autre collision,3,2,2,0,1,1,1,0,3,80,1,2,1,0,1,0,70.0,,voiture,,1,1,1,1,6
201900004943,2019-05-31 19:45:00,2019,5,31,19,45,32,32369,RD 931,43.787728,-0.002425,Plein jour,Hors agglomération,Hors intersection,Normale,Autre collision,3,2,2,0,1,1,1,0,3,80,1,1,0,0,1,0,61.0,,deux_roues,,1,1,1,1,6
201900004944,2019-06-13 16:25:00,2019,6,13,16,25,32,32280,CD 40-PK 1+900,43.330526,0.569102,Plein jour,Hors agglomération,Autre intersection,Normale,Deux véhicules - côté,3,2,2,0,1,1,1,0,1,80,2,2,1,0,1,0,79.0,48.0,deux_roues,utilitaire_camion,1,1,9,1,3
201900004945,2019-06-14 18:00:00,2019,6,14,18,0,32,32208,Route d'Agen,43.934907,0.638647,Plein jour,Hors agglomération,Autre intersection,Pluie légère,Deux véhicules - côté,2,2,2,0,2,1,2,0,1,80,2,2,1,0,1,0,59.0,16.0,utilitaire_camion,deux_roues,1,1,9,2,3
201900004946,2019-05-31 11:30:00,2019,5,31,11,30,32,32115,RN 124,43.763353,0.173948,Plein jour,Hors agglomération,Hors intersection,Normale,Autre collision,2,2,2,0,4,1,1,0,3,80,1,1,0,0,1,0,83.0,,voiture,,1,1,1,1,6
201900004947,2019-06-09 22:10:00,2019,6,9,22,10,32,32290,cd29,43.908903,0.164742,Nuit sans éclairage public,Hors agglomération,Hors intersection,Temps couvert,Autre collision,3,2,2,0,3,2,1,0,3,80,1,1,0,0,1,0,61.0,,deux_roues,,3,1,1,8,6
201900004948,2019-06-03 07:40:00,2019,6,3,7,40,32,32160,d634 / d257,43.57238,1.036033,Plein jour,Hors agglomération,Intersection en X,Normale,Deux véhicules - côté,3,2,2,0,1,1,1,0,1,80,2,2,1,0,1,0,62.0,38.0,voiture,voiture,1,1,2,1,3
201900004949,2019-06-14 18:00:00,2019,6,14,18,0,11,11125,RD 205- EMBRES ET CASTELMURE,42.949191,2.831068,Plein jour,Hors agglomération,Hors intersection,Normale,Deux véhicules - côté,3,2,2,0,1,1,1,0,1,80,2,3,0,0,1,2,43.0,74.0,voiture,voiture,1,1,1,1,3
201900004950,2019-06-16 17:00:00,2019,6,16,17,0,11,11170,Boulevard du Pech Maynaud,43.111096,3.10184,Plein jour,En agglomération,Hors intersection,Temps éblouissant,Autre collision,4,2,2,0,1,1,1,0,8,50,1,3,2,0,1,0,77.0,,voiture,,1,2,1,7,6
201900004951,2019-06-17 16:10:00,2019,6,17,16,10,11,11103,RD 118,42.939303,2.24104,Plein jour,Hors agglomération,Hors intersection,Normale,Deux véhicules - côté,3,2,2,0,1,1,1,0,1,80,2,3,1,0,0,2,20.0,66.0,voiture,deux_roues,1,1,1,1,3
201900004952,2019-06-12 12:35:00,2019,6,12,12,35,11,11015,Route des Corbières,42.952512,2.374227,Plein jour,Hors agglomération,Hors intersection,Normale,Autre collision,3,2,2,0,1,1,1,0,1,80,2,2,1,0,1,0,57.0,57.0,deux_roues,deux_roues,1,1,1,1,6
201900004953,2019-06-02 17:30:00,2019,6,2,17,30,11,11129,Route déparementale 118,42.934366,2.220365,Plein jour,Hors agglomération,Hors intersection,Normale,Deux véhicules - côté,3,2,2,0,2,1,1,0,1,80,2,3,1,1,1,0,20.0,30.0,voiture,deux_roues,1,1,1,1,3
201900004954,2019-06-19 18:30:00,2019,6,19,18,30,11,11239,RD 624,43.276856,1.827683,Plein jour,Hors agglomération,Hors intersection,Normale,Sans collision,3,2,2,0,1,2,1,0,1,80,1,1,0,0,1,0,64.0,,deux_roues,,1,1,1,1,7
201900004955,2019-06-08 18:40:00,2019,6,8,18,40,11,11429,D620 - PK 35+100,43.244227,2.387301,Plein jour,Hors agglomération,Autre intersection,Normale,Deux véhicules - frontale,3,2,2,0,1,3,1,0,1,80,2,3,0,0,3,0,49.0,50.0,voiture,voiture,1,1,9,1,1
201900004956,2019-06-18 19:15:00,2019,6,18,19,15,71,71351,27 route de Louhans,46.872972,5.274609,Plein jour,En agglomération,Intersection en X,Normale,Deux véhicules - côté,3,2,2,0,1,1,1,0,1,80,2,3,1,0,0,2,61.0,25.0,voiture,deux_roues,1,2,2,1,3
201900004957,2019-06-19 13:00:00,2019,6,19,13,0,71,71318,ROUTE DE ROMENAY,46.551216,5.161662,Plein jour,Hors agglomération,Hors intersection,Normale,Deux véhicules - frontale,3,2,2,0,1,1,1,0,1,80,2,2,1,0,0,1,37.0,52.0,utilitaire_camion,voiture,1,1,1,1,1
201900004958,2019-06-18 14:53:00,2019,6,18,14,53,71,71319,Route de Louhans,46.675215,5.112898,Plein jour,Hors agglomération,Hors intersection,Normale,Autre collision,3,2,2,0,1,3,1,0,1,80,1,1,0,1,0,0,35.0,,voiture,,1,1,1,1,6
201900004959,2019-06-07 16:20:00,2019,6,7,16,20,71,71263,1315 Rue du Jura,46.63267,5.244449,Plein jour,En agglomération,Hors intersection,Normale,Sans collision,3,3,2,0,1,1,1,0,1,50,1,1,0,0,1,0,81.0,,deux_roues,,1,2,1,1,7
201900004960,2019-06-13 10:00:00,2019,6,13,10,0,71,71334,RD52,46.568848,4.157081,Plein jour,Hors agglomération,Hors intersection,Normale,Autre collision,3,2,2,0,1,1,1,2,3,80,1,1,0,0,1,0,73.0,,voiture,,1,1,1,1,6
201900004961,2019-06-16 18:00:00,2019,6,16,18,0,71,71282,Intersction RD6 et RD680,46.837092,4.356422,Plein jour,En agglomération,Intersection en X,Normale,Deux véhicules - côté,3,2,2,0,2,1,1,0,1,-1,2,7,3,0,1,3,27.0,77.0,voiture,voiture,1,2,2,1,3
201900004962,2019-06-14 15:20:00,2019,6,14,15,20,71,71479,Les Bonnardots,46.827839,4.401288,Plein jour,En agglomération,Hors intersection,Pluie légère,Autre collision,3,2,2,0,1,4,2,0,3,-1,1,1,0,1,0,0,77.0,,voiture,,1,2,1,2,6
201900004963,2019-06-12 16:15:00,2019,6,12,16,15,71,71310,"RN 70, PK 46",46.734757,4.475968,Plein jour,Hors agglomération,Autre intersection,Normale,Autre collision,2,3,4,0,1,1,1,0,8,110,5,6,5,1,0,0,61.0,51.0,utilitaire_camion,utilitaire_camion,1,1,9,1,6
201900004964,2019-06-15 22:15:00,2019,6,15,22,15,89,89348,Avenue Marcelin Berthelot,48.0241987,3.3000814,Nuit avec éclairage allumé,En agglomération,Intersection en T,Normale,Deux véhicules - côté,3,2,2,0,1,1,1,0,1,50,2,4,0,0,1,3,43.0,31.0,voiture,voiture,5,2,3,1,3
201900004965,2019-06-08 19:20:00,2019,6,8,19,20,89,89467,Route de bonval,48.2697546,3.0629593,Plein jour,Hors agglomération,Hors intersection,Temps éblouissant,Deux véhicules - frontale,3,2,2,0,2,1,1,0,1,80,2,2,1,1,0,0,66.0,45.0,deux_roues,voiture,1,1,1,7,1
201900004966,2019-06-02 11:45:00,2019,6,2,11,45,89,89367,"Intersection D9, D85",47.6274907,3.2853466,Plein jour,Hors agglomération,Intersection en X,Normale,Deux véhicules - côté,3,2,2,0,1,1,1,0,1,80,2,5,1,0,3,1,43.0,40.0,voiture,voiture,1,1,2,1,3
201900004967,2019-06-02 05:45:00,2019,6,2,5,45,89,89073,Départementale 14,47.767662,3.022793,Crépuscule ou aube,Hors agglomération,Hors intersection,Normale,Autre collision,3,2,2,0,1,1,1,0,3,80,1,1,0,0,1,0,19.0,,voiture,,2,1,1,1,6
201900004968,2019-06-08 18:20:00,2019,6,8,18,20,89,89062,D8,47.913622,3.818515,Plein jour,Hors agglomération,Autre intersection,Normale,Deux véhicules - côté,3,2,2,0,1,3,1,0,1,80,2,2,1,1,0,0,50.0,41.0,utilitaire_camion,deux_roues,1,1,9,1,3
201900004969,2019-06-06 23:15:00,2019,6,6,23,15,89,89015,"RD606, PK 116",47.6113963,3.7575926,Nuit sans éclairage public,Hors agglomération,Hors intersection,Normale,Deux véhicules - frontale,3,2,2,0,1,1,1,0,1,80,2,2,0,0,2,0,72.0,55.0,voiture,voiture,3,1,1,1,1
201900004970,2019-06-08 16:50:00,2019,6,8,16,50,63,63418,D223 - LD Gouttes Mercier,45.778928,3.477611,Plein jour,Hors agglomération,Hors intersection,Temps éblouissant,Deux véhicules - frontale,3,2,2,0,2,3,1,0,1,80,2,2,1,0,1,0,39.0,44.0,voiture,deux_roues,1,1,1,7,1
201900004971,2019-06-04 09:35:00,2019,6,4,9,35,63,63180,D1093 vc  vc rue du bourg,45.883302,3.316646,Plein jour,Hors agglomération,Intersection en X,Normale,Deux véhicules - côté,3,2,2,0,1,1,1,0,1,80,2,2,1,0,1,0,80.0,62.0,voiture,deux_roues,1,1,2,1,3
201900004972,2019-06-08 16:30:00,2019,6,8,16,30,63,63430,D906,45.895452,3.518498,Plein jour,Hors agglomération,Hors intersection,Normale,Sans collision,3,2,2,0,1,1,1,0,3,80,1,5,4,0,1,0,20.0,,voiture,,1,1,1,1,7
201900004973,2019-06-05 17:45:00,2019,6,5,17,45,63,63430,carrefour route de sainte marguerite / avenue dU général de gaulle,45.844303,3.519829,Plein jour,En agglomération,Intersection en X,Normale,Deux véhicules - côté,3,2,2,0,1,1,1,0,1,50,2,2,1,0,1,0,61.0,17.0,voiture,deux_roues,1,2,2,1,3
201900004974,2019-06-12 16:50:00,2019,6,12,16,50,63,63381,D559,45.8087203,2.9397655,Plein jour,Hors agglomération,Hors intersection,Normale,Autre collision,3,2,2,0,2,3,1,0,1,80,1,1,0,0,1,0,51.0,,deux_roues,,1,1,1,1,6
201900004975,2019-06-01 22:20:00,2019,6,1,22,20,63,63459,"d63, sens décroissant, PK1+800",46.0155281,3.3193183,Nuit sans éclairage public,Hors agglomération,Hors intersection,Normale,Sans collision,3,2,2,0,1,1,1,0,8,80,1,1,0,0,1,0,30.0,,voiture,,3,1,1,1,7
201900004976,2019-06-03 18:00:00,2019,6,3,18,0,63,63437,rd922/guzoux,45.48553,2.57203,Plein jour,Hors agglomération,Intersection en T,Normale,Deux véhicules - côté,3,2,2,0,1,1,1,9,1,80,2,3,2,0,1,0,79.0,54.0,voiture,utilitaire_camion,1,1,3,1,3
201900004977,2019-06-09 09:45:00,2019,6,9,9,45,63,63161,Le Prat de La Forie,45.5926278,3.7670893,Plein jour,En agglomération,Hors intersection,Pluie forte,Sans collision,4,2,1,0,1,1,2,0,8,50,1,1,0,0,1,0,24.0,,deux_roues,,1,2,1,3,7
201900004978,2019-06-02 18:05:00,2019,6,2,18,5,63,63374,Les Ballays,45.527516,3.805592,Plein jour,Hors agglomération,Hors intersection,Normale,Sans collision,3,2,2,0,1,2,1,0,1,80,1,1,0,0,0,1,60.0,,deux_roues,,1,1,1,1,7
201900004979,2019-06-01 09:00:00,2019,6,1,9,0,63,63312,ISSAC - RD 105,45.376161,3.654916,Plein jour,Hors agglomération,Hors intersection,Normale,Sans collision,3,2,2,0,1,2,1,0,3,80,1,1,0,1,0,0,52.0,,deux_roues,,1,1,1,1,7
201900004980,2019-06-15 15:30:00,2019,6,15,15,30,63,63214,Rue du Cendre,45.7045206,3.1984727,Plein jour,Hors agglomération,Hors intersection,Pluie forte,Autre collision,4,2,2,0,1,3,2,3,3,80,1,2,0,0,1,1,19.0,,voiture,,1,1,1,3,6
201900004981,2019-06-02 08:45:00,2019,6,2,8,45,63,63034,rd 2089,45.79121,3.297584,Plein jour,Hors agglomération,Hors intersection,Normale,Sans collision,3,2,2,1,1,1,1,0,1,80,1,1,0,0,1,0,66.0,,utilitaire_camion,,1,1,1,1,7
201900004982,2019-06-05 04:00:00,2019,6,5,4,0,61,61214,11 Avenue du Mont Saint-Michel,48.760733,0.614687,Nuit sans éclairage public,En agglomération,Hors intersection,Normale,Autre collision,4,2,2,0,1,1,1,0,1,50,1,1,0,1,0,0,,,,,3,2,1,1,6
201900004983,2019-06-13 07:00:00,2019,6,13,7,0,61,61481,d3,48.632554,0.392955,Crépuscule ou aube,Hors agglomération,Hors intersection,Pluie légère,Sans collision,3,2,2,0,2,4,2,0,3,80,1,1,0,0,1,0,24.0,,deux_roues,,2,1,1,2,7
201900004984,2019-06-07 20:30:00,2019,6,7,20,30,55,55387,19 Rue Philippe Vayringe,49.358173,5.639888,Crépuscule ou aube,En agglomération,Hors intersection,Normale,Autre collision,3,2,2,0,1,3,1,0,4,50,1,1,0,1,0,0,28.0,,voiture,,2,2,1,1,6
201900004985,2019-06-07 00:45:00,2019,6,7,0,45,55,55502,RD 964,49.47682,5.203777,Nuit sans éclairage public,Hors agglomération,Hors intersection,Normale,Sans collision,3,2,2,0,1,1,1,0,3,80,1,3,0,1,2,0,21.0,,voiture,,3,1,1,1,7
201900004986,2019-05-13 09:55:00,2019,5,13,9,55,55,55562,D05 La forestière,48.619995,5.288171,Crépuscule ou aube,Hors agglomération,Hors intersection,Normale,Deux véhicules - côté,3,2,2,0,1,3,1,0,1,80,2,2,1,0,0,1,49.0,68.0,transport_commun,voiture,2,1,1,1,3
201900004987,2019-06-11 07:15:00,2019,6,11,7,15,49,49018,La Gouleuvre,47.542649,-0.104899,Plein jour,Hors agglomération,Intersection en T,Normale,Deux véhicules - côté,4,2,2,0,1,1,1,0,1,80,2,2,1,0,1,0,33.0,62.0,voiture,voiture,1,1,3,1,3
201900004988,2019-06-11 17:15:00,2019,6,11,17,15,49,49150,PLACE DE L EGLISE,47.592219,0.049203,Plein jour,En agglomération,Hors intersection,Pluie légère,Deux véhicules - frontale,3,2,2,0,1,2,2,0,1,50,2,4,1,0,2,1,33.0,31.0,voiture,voiture,1,2,1,2,1
201900004989,2019-06-09 16:05:00,2019,6,9,16,5,49,49247,Route de Savennières,47.388679,-0.707332,Plein jour,Hors agglomération,Hors intersection,Normale,Trois véhicules et plus - en chaîne,3,2,2,0,1,1,1,0,1,80,3,7,1,0,1,5,45.0,42.0,voiture,voiture,1,1,1,1,4
201900004990,2019-06-01 20:15:00,2019,6,1,20,15,49,49026,D961,47.5033637,-0.8012531,Plein jour,Hors agglomération,Giratoire,Normale,Sans collision,3,4,2,0,1,1,1,5,8,80,1,1,0,0,0,1,37.0,,voiture,,1,1,6,1,7
201900004991,2019-06-04 17:30:00,2019,6,4,17,30,49,49377,La Dionnière,47.549251,-0.490137,Plein jour,Hors agglomération,Hors intersection,Normale,Deux véhicules - arrière,3,2,2,0,1,1,1,0,1,80,2,2,1,0,1,0,37.0,31.0,voiture,deux_roues,1,1,1,1,2
201900004992,2019-06-10 12:00:00,2019,6,10,12,0,49,49050,Rue des Grands Champs (Saint-Saturnin-sur-Loire),47.393165,-0.429339,Plein jour,En agglomération,Giratoire,Normale,Sans collision,9,2,2,0,1,1,1,0,1,50,1,1,0,0,1,0,52.0,,deux_roues,,1,2,6,1,7
201900004993,2019-05-29 16:40:00,2019,5,29,16,40,49,49223,rue des valentin deormeaux s,47.397408,-0.529299,Plein jour,En agglomération,Autre intersection,Normale,Autre collision,6,-1,-1,0,1,1,1,0,1,30,1,2,1,0,1,0,35.0,,voiture,,1,2,9,1,6
201900004994,2019-06-05 16:22:00,2019,6,5,16,22,12,12089,Route d'Agnac,44.575243,2.263554,Plein jour,Hors agglomération,Intersection en X,Pluie forte,Deux véhicules - côté,3,2,2,0,1,1,2,0,1,80,2,2,1,0,1,0,75.0,16.0,voiture,deux_roues,1,1,2,3,3
201900004995,2019-06-05 11:25:00,2019,6,5,11,25,12,12243,D 3,43.995512,2.947862,Plein jour,Hors agglomération,Hors intersection,Normale,Sans collision,3,2,2,0,2,2,1,0,1,80,1,2,0,0,0,2,58.0,,deux_roues,,1,1,1,1,7
201900004996,2019-06-17 15:30:00,2019,6,17,15,30,12,12120,pk 19 RN 88,44.363943,2.877417,Plein jour,Hors agglomération,Hors intersection,Normale,Deux véhicules - frontale,2,2,2,0,1,2,1,0,1,80,2,4,1,0,3,0,31.0,30.0,voiture,voiture,1,1,1,1,1
201900004997,2019-06-01 14:24:00,2019,6,1,14,24,12,12094,CD920,44.655433,2.554843,Plein jour,Hors agglomération,Hors intersection,Normale,Sans collision,3,3,2,0,2,2,1,0,3,90,1,1,0,0,0,1,22.0,,deux_roues,,1,1,1,1,7
201900004998,2019-06-07 13:35:00,2019,6,7,13,35,42,42230,RUE DE VICHY,45.835288,4.007938,Plein jour,Hors agglomération,Hors intersection,Normale,Autre collision,3,2,2,0,2,3,1,0,8,50,1,1,0,0,1,0,39.0,,voiture,,1,1,1,1,6
201900004999,2019-06-04 14:35:00,2019,6,4,14,35,42,42323,Avenue Irénée Laurent,45.567538,4.294691,Plein jour,En agglomération,Hors intersection,Normale,Autre collision,3,2,2,0,1,1,1,0,1,50,1,2,1,0,0,1,80.0,,voiture,,1,2,1,1,6
201900005000,2019-06-14 17:40:00,2019,6,14,17,40,42,42091,Départementale D14,45.417581,4.048858,Plein jour,Hors agglomération,Hors intersection,Normale,Autre collision,3,2,2,0,4,2,1,0,3,80,1,2,1,0,1,0,89.0,,voiture,,1,1,1,1,6
201900005001,2019-06-08 12:30:00,2019,6,8,12,30,42,42097,Allée des Perrotins,45.511279,4.301974,Plein jour,Hors agglomération,Intersection en T,Normale,Deux véhicules - côté,3,2,2,0,2,1,1,9,1,80,2,3,1,1,1,0,72.0,40.0,voiture,deux_roues,1,1,3,1,3
201900005002,2019-06-18 17:45:00,2019,6,18,17,45,42,42023,6 Rue de la République,45.296817,4.559427,Plein jour,En agglomération,Hors intersection,Normale,Autre collision,3,2,2,0,2,1,1,0,1,50,1,2,1,0,1,0,18.0,,voiture,,1,2,1,1,6
201900005003,2019-06-07 19:00:00,2019,6,7,19,0,42,42329,D1082,45.319731,4.522417,Plein jour,Hors agglomération,Hors intersection,Temps couvert,Deux véhicules - côté,3,2,2,0,2,3,2,0,1,80,2,3,2,0,0,1,19.0,21.0,voiture,utilitaire_camion,1,1,1,8,3
201900005004,2019-06-09 03:45:00,2019,6,9,3,45,46,46330,82 Avenue du Pré Neuf,44.949494,1.703308,Nuit avec éclairage non allumé,En agglomération,Hors intersection,Normale,Autre collision,4,2,2,0,1,3,1,0,3,50,1,3,0,1,2,0,19.0,,voiture,,4,2,1,1,6
201900005005,2019-06-19 17:55:00,2019,6,19,17,55,46,46128,Avenue Général de Gaulle,44.783462,1.732947,Plein jour,En agglomération,Intersection en T,Normale,Deux véhicules - côté,3,2,2,0,1,1,1,0,1,50,2,2,1,0,1,0,57.0,49.0,deux_roues,voiture,1,2,3,1,3
201900005006,2019-06-17 12:54:00,2019,6,17,12,54,46,46204,Route Départmentale 807,44.693443,1.61154,Plein jour,Hors agglomération,Hors intersection,Temps éblouissant,Sans collision,3,2,2,0,4,1,1,0,3,80,1,1,0,1,0,0,65.0,,deux_roues,,1,1,1,7,7
201900005007,2019-06-08 19:00:00,2019,6,8,19,0,46,46021,Route départementale 19,44.571033,1.91587,Plein jour,Hors agglomération,Hors intersection,Temps éblouissant,Sans collision,3,2,2,0,1,2,1,0,1,80,1,1,0,0,1,0,70.0,,deux_roues,,1,1,1,7,7
201900005008,2019-06-17 16:40:00,2019,6,17,16,40,47,47081,Roussous,44.338564,0.623454,Plein jour,Hors agglomération,Intersection en X,Temps éblouissant,Trois véhicules et plus - en chaîne,3,2,2,0,4,1,1,0,1,80,3,3,2,1,0,0,60.0,69.0,voiture,voiture,1,1,2,7,4
201900005009,2019-06-19 22:55:00,2019,6,19,22,55,47,47106,Avenue Léon Jouhaux,44.497337,0.966638,Nuit avec éclairage allumé,En agglomération,Hors intersection,Normale,Autre collision,3,2,2,0,1,2,1,0,4,50,1,2,1,0,1,0,26.0,,voiture,,5,2,1,1,6
201900005010,2019-06-06 13:50:00,2019,6,6,13,50,47,47064,Santroulis,44.409532,0.921867,Plein jour,Hors agglomération,Intersection en X,Normale,Deux véhicules - côté,4,2,2,0,1,1,1,0,1,80,2,2,0,0,0,2,81.0,45.0,voiture,utilitaire_camion,1,1,2,1,3
201900005011,2019-06-11 15:50:00,2019,6,11,15,50,47,47041,D119,44.209154,0.395423,Plein jour,Hors agglomération,Hors intersection,Temps couvert,Autre collision,3,2,2,0,1,1,1,8,1,50,1,2,1,0,1,0,93.0,,voiture,,1,1,1,8,6
201900005012,2019-06-16 17:00:00,2019,6,16,17,0,47,47310,lieu dit conte tonneins,44.389794,0.348125,Plein jour,Hors agglomération,Hors intersection,Normale,Sans collision,4,2,2,0,2,2,9,0,1,80,1,1,0,0,1,0,21.0,,deux_roues,,1,1,1,1,7
201900005013,2019-06-13 18:05:00,2019,6,13,18,5,47,47285,Cantet,44.433525,0.112285,Plein jour,En agglomération,Hors intersection,Normale,Deux véhicules - côté,3,2,2,0,3,3,1,0,1,50,2,2,1,0,1,0,22.0,60.0,deux_roues,utilitaire_camion,1,2,1,1,3
201900005014,2019-06-13 14:35:00,2019,6,13,14,35,47,47226,CD933,44.633314,0.353195,Plein jour,Hors agglomération,Hors intersection,Normale,Autre collision,3,2,2,0,1,1,1,0,3,70,2,2,1,0,1,0,72.0,68.0,voiture,voiture,1,1,1,1,6
201900005015,2019-06-06 00:25:00,2019,6,6,0,25,41,41235,La Planchardière,47.906042,0.879182,Nuit sans éclairage public,Hors agglomération,Hors intersection,Normale,Deux véhicules - arrière,3,2,2,0,1,1,2,0,1,80,2,2,1,0,1,0,25.0,21.0,utilitaire_camion,deux_roues,3,1,1,1,2
201900005016,2019-06-01 04:00:00,2019,6,1,4,0,41,41237,route de selles sur cher,47.398892,1.455308,Nuit sans éclairage public,Hors agglomération,Intersection en X,Normale,Deux véhicules - côté,3,2,2,0,1,1,1,0,1,80,2,3,0,2,1,0,50.0,17.0,utilitaire_camion,voiture,3,1,2,1,3
201900005017,2019-06-03 06:00:00,2019,6,3,6,0,86,86293,N10,46.404999,0.236963,Nuit sans éclairage public,Hors agglomération,Hors intersection,Normale,Autre collision,2,3,4,0,1,1,1,5,3,90,1,1,0,0,1,0,42.0,,voiture,,3,1,1,1,6
201900005018,2019-06-16 01:00:00,2019,6,16,1,0,34,34031,D28,43.360268,3.43418,Nuit avec éclairage allumé,En agglomération,Hors intersection,Normale,Trois véhicules et plus - collisions multiples,3,2,2,0,1,1,1,0,1,50,3,5,4,0,1,0,29.0,,voiture,,5,2,1,1,5
201900005019,2019-06-04 15:50:00,2019,6,4,15,50,34,34313,RD32,43.57681,3.482932,Plein jour,Hors agglomération,Hors intersection,Normale,Deux véhicules - frontale,3,2,2,0,1,2,1,0,1,80,2,2,0,0,1,1,53.0,18.0,voiture,voiture,1,1,1,1,1
201900005020,2019-05-25 11:00:00,2019,5,25,11,0,34,34292,lieu dit Roques,43.633375,3.322321,Plein jour,Hors agglomération,Hors intersection,Normale,Autre collision,3,-1,2,0,1,1,1,0,1,80,1,1,0,0,1,0,40.0,,deux_roues,,1,1,1,1,6
201900005021,2019-06-15 20:30:00,2019,6,15,20,30,34,34064,D142 à 200 mètres de l'intrsection avec D9,43.856664,3.329735,Plein jour,En agglomération,Hors intersection,Normale,Sans collision,3,2,2,0,4,1,1,0,1,80,1,1,0,0,1,0,38.0,,deux_roues,,1,2,1,1,7
201900005022,2019-06-09 09:30:00,2019,6,9,9,30,34,34160,d908,43.565123,2.945191,Plein jour,Hors agglomération,Hors intersection,Temps couvert,Deux véhicules - frontale,3,2,2,0,1,1,1,0,1,80,2,4,0,0,2,2,68.0,65.0,voiture,voiture,1,1,1,8,1