accident_id,datetime,annee,mois,jour,heure,minute,departement,commune_insee,adresse,latitude,longitude,luminosite,agglomeration,intersection,meteo,collision,catr,circ,nbv,vosp,prof,plan,surf,infra,situ,vma,nb_vehicules,nb_usagers,nb_indemnes,nb_tues,nb_blesses_hosp,nb_blesses_legers,age_cond_1,age_cond_2,veh_type_cond_1,veh_type_cond_2,lum_code,agg_code,int_code,atm_code,col_code
201900005023,2019-05-23 09:40:00,2019,5,23,9,40,68,68304,51 Grand Rue,47.756337,7.04937,Plein jour,En agglomération,Hors intersection,Normale,Trois véhicules et plus - en chaîne,3,2,2,0,1,3,1,0,1,50,3,3,2,0,0,1,54.0,31.0,voiture,utilitaire_camion,1,2,1,1,4
201900005024,2019-06-09 08:59:00,2019,6,9,8,59,68,68082,RD 2,47.87891,7.353297,Plein jour,Hors agglomération,Hors intersection,Normale,Autre collision,3,2,2,0,1,1,1,0,3,80,1,1,0,0,0,1,68.0,,voiture,,1,1,1,1,6
201900005025,2019-06-07 07:35:00,2019,6,7,7,35,68,68290,Route départementale 18 Bis,47.943065,7.446724,Plein jour,Hors agglomération,Hors intersection,Normale,Deux véhicules - arrière,3,2,2,0,1,1,1,0,1,80,2,2,1,0,1,0,28.0,59.0,voiture,deux_roues,1,1,1,1,2
201900005026,2019-06-05 18:05:00,2019,6,5,18,5,68,68140,RD 2 - rue de Rustenhart,47.914737,7.44538,Plein jour,En agglomération,Hors intersection,Normale,Deux véhicules - côté,3,2,2,0,1,1,1,0,1,50,2,2,1,0,0,1,47.0,14.0,voiture,deux_roues,1,2,1,1,3
201900005027,2019-06-16 22:15:00,2019,6,16,22,15,68,68042,rue de michelbach,47.596271,7.481644,Nuit avec éclairage allumé,En agglomération,Hors intersection,Normale,Autre collision,3,2,2,0,2,4,1,0,3,50,1,1,0,0,0,1,24.0,,voiture,,5,2,1,1,6
201900005028,2019-06-16 19:15:00,2019,6,16,19,15,68,68270,rue de la paix,47.785857,7.290956,Plein jour,Hors agglomération,Hors intersection,Normale,Deux véhicules - côté,4,2,2,0,1,3,1,0,1,70,2,3,0,0,1,2,50.0,40.0,voiture,voiture,1,1,1,1,3
201900005029,2019-06-05 16:30:00,2019,6,5,16,30,68,68017,D419,47.627676,7.169155,Plein jour,Hors agglomération,Hors intersection,Temps éblouissant,Sans collision,3,2,1,0,1,2,1,0,1,80,1,1,0,0,0,1,76.0,,deux_roues,,1,1,1,7,7
201900005030,2019-06-17 18:10:00,2019,6,17,18,10,68,68191,14 Rue de l'École,47.654427,7.287539,Plein jour,En agglomération,Intersection en X,Normale,Deux véhicules - frontale,4,2,2,0,1,4,1,0,1,50,2,2,1,0,0,1,42.0,12.0,voiture,deux_roues,1,2,2,1,1
201900005031,2019-06-16 14:10:00,2019,6,16,14,10,68,68356,route départementle 432,47.650281,7.264491,Plein jour,Hors agglomération,Hors intersection,Normale,Deux véhicules - arrière,3,2,2,0,1,1,1,0,1,80,2,4,2,0,0,2,52.0,42.0,voiture,voiture,1,1,1,1,2
201900005032,2019-06-16 17:50:00,2019,6,16,17,50,68,68338,D11,48.088304,7.241799,Plein jour,Hors agglomération,Hors intersection,Normale,Autre collision,3,2,2,0,2,4,1,0,1,80,1,2,1,0,0,1,59.0,,deux_roues,,1,1,1,1,6
201900005033,2019-06-05 10:40:00,2019,6,5,10,40,68,68338,Route des 3 Épis,48.090613,7.237519,Plein jour,Hors agglomération,Hors intersection,Normale,Deux véhicules - arrière,3,2,2,0,2,1,1,0,1,70,2,2,1,0,0,1,85.0,85.0,deux_roues,voiture,1,1,1,1,2
201900005034,2019-06-01 10:30:00,2019,6,1,10,30,68,68374,Saint-Gilles,48.073901,7.260871,Plein jour,Hors agglomération,Intersection en T,Temps éblouissant,Deux véhicules - côté,4,2,2,1,1,1,1,0,5,80,2,1,0,0,0,1,65.0,,deux_roues,,1,1,3,7,3
201900005035,2019-05-20 14:00:00,2019,5,20,14,0,68,68374,24 Route de Colmar,48.068307,7.305991,Plein jour,En agglomération,Hors intersection,Normale,Sans collision,4,2,2,0,1,1,1,0,1,-1,1,2,1,0,1,0,34.0,,voiture,,1,2,1,1,7
201900005036,2019-05-31 09:50:00,2019,5,31,9,50,22,22247,16 Rue de l'Église,48.731513,-3.242472,Plein jour,En agglomération,Hors intersection,Normale,Autre collision,3,2,2,0,1,1,1,0,1,50,1,2,1,0,1,0,23.0,,deux_roues,,1,2,1,1,6
201900005037,2019-06-09 03:00:00,2019,6,9,3,0,22,22245,Kernalegan,48.645759,-3.383132,Nuit sans éclairage public,Hors agglomération,Hors intersection,Normale,Sans collision,3,2,2,0,1,2,1,0,3,80,1,3,2,0,0,1,20.0,,voiture,,3,1,1,1,7
201900005038,2019-06-09 00:05:00,2019,6,9,0,5,22,22217,hent ar iliz,48.511181,-3.56253,Nuit avec éclairage non allumé,En agglomération,Hors intersection,Normale,Sans collision,3,2,2,0,1,1,1,0,4,50,1,1,0,0,1,0,18.0,,deux_roues,,4,2,1,1,7
201900005039,2019-06-20 13:45:00,2019,6,20,13,45,22,22295,Resaudy,48.2261985,-2.9542091,Plein jour,Hors agglomération,Hors intersection,Normale,Sans collision,4,2,2,0,2,2,9,0,3,80,1,1,0,0,0,1,16.0,,deux_roues,,1,1,1,1,7
201900005040,2019-06-16 16:40:00,2019,6,16,16,40,22,22079,LE MONTIER,48.3849631,-2.7514465,Plein jour,Hors agglomération,Hors intersection,Normale,Deux véhicules - côté,3,2,2,0,2,3,1,0,1,80,2,2,1,0,1,0,26.0,40.0,deux_roues,voiture,1,1,1,1,3
201900005041,2019-05-31 19:35:00,2019,5,31,19,35,22,22046,lieu dit la tournée,48.2554208,-2.5088267,Plein jour,Hors agglomération,Hors intersection,Normale,Sans collision,3,2,2,0,2,1,1,0,3,80,1,5,0,0,1,4,20.0,,voiture,,1,1,1,1,7
201900005042,2019-05-25 14:15:00,2019,5,25,14,15,22,22046,rue andré fauchet,48.2896811,-2.4173818,Plein jour,En agglomération,Intersection en Y,Normale,Autre collision,3,2,2,0,1,1,1,0,4,50,1,1,0,0,1,0,18.0,,deux_roues,,1,2,4,1,6
201900005043,2019-06-04 20:10:00,2019,6,4,20,10,39,39405,,47.014293,5.49461,Plein jour,Hors agglomération,Intersection en T,Normale,Deux véhicules - côté,3,2,2,0,1,1,1,0,1,80,2,2,1,0,1,0,23.0,31.0,voiture,deux_roues,1,1,3,1,3
201900005044,2019-06-18 18:20:00,2019,6,18,18,20,39,39176,,47.007679,5.773629,Plein jour,Hors agglomération,Intersection en T,Normale,Deux véhicules - côté,3,2,2,0,1,1,1,0,5,80,2,3,1,1,0,1,55.0,51.0,voiture,deux_roues,1,1,3,1,3
201900005045,2019-06-15 16:00:00,2019,6,15,16,0,39,39133,,46.885494,5.878852,Plein jour,Hors agglomération,Intersection en X,Normale,Deux véhicules - côté,3,2,2,0,1,1,1,0,1,80,2,2,1,0,1,0,22.0,19.0,deux_roues,voiture,1,1,2,1,3
201900005046,2019-06-02 11:30:00,2019,6,2,11,30,39,39306,La Fontaine aux Daims,46.657304,5.539687,Plein jour,En agglomération,Hors intersection,Normale,Deux véhicules - côté,3,2,2,0,2,1,1,0,1,50,2,2,1,0,1,0,19.0,66.0,voiture,deux_roues,1,2,1,1,3
201900005047,2019-06-13 20:00:00,2019,6,13,20,0,25,25373,11 Rue du Bizot,47.154314,6.679168,Crépuscule ou aube,En agglomération,Hors intersection,Normale,Autre collision,4,-1,2,0,2,1,1,0,1,50,2,2,1,0,1,0,40.0,46.0,voiture,deux_roues,2,2,1,1,6
201900005048,2019-06-14 18:30:00,2019,6,14,18,30,25,25114,44 grande rue,47.347939,6.841339,Plein jour,En agglomération,Hors intersection,Normale,Autre collision,4,2,2,0,1,1,1,0,1,50,2,2,1,0,1,0,66.0,52.0,utilitaire_camion,deux_roues,1,2,1,1,6
201900005049,2019-06-13 16:00:00,2019,6,13,16,0,25,25429,Rue de Besançon,47.286992,6.139763,Plein jour,En agglomération,Hors intersection,Normale,Deux véhicules - frontale,3,2,2,0,1,1,1,0,1,50,2,2,1,0,1,0,68.0,41.0,voiture,voiture,1,2,1,1,1
201900005050,2019-05-31 23:45:00,2019,5,31,23,45,25,25212,RD 75,47.267123,5.986733,Nuit sans éclairage public,En agglomération,Hors intersection,Normale,Deux véhicules - arrière,3,2,2,0,1,1,1,0,1,50,2,3,1,0,1,1,25.0,22.0,deux_roues,voiture,3,2,1,1,2
201900005051,2019-06-10 14:40:00,2019,6,10,14,40,44,44189,Travers,47.437614,-2.164827,Plein jour,Hors agglomération,Intersection en T,Normale,Deux véhicules - côté,3,2,2,0,1,1,1,0,1,80,2,2,1,1,0,0,13.0,53.0,deux_roues,utilitaire_camion,1,1,3,1,3
201900005052,2019-06-09 16:25:00,2019,6,9,16,25,44,44161,d773,47.526972,-2.048612,Plein jour,Hors agglomération,Hors intersection,Pluie forte,Trois véhicules et plus - collisions multiples,3,2,2,0,1,1,2,0,1,80,4,8,2,0,1,5,46.0,82.0,voiture,voiture,1,1,1,3,5
201900005053,2019-06-01 09:35:00,2019,6,1,9,35,44,44098,Rue de Bercehan-Bergon,47.4618148,-2.2080269,Plein jour,Hors agglomération,Intersection en X,Normale,Deux véhicules - côté,4,2,2,0,1,1,1,0,1,70,2,2,1,0,1,0,51.0,54.0,deux_roues,voiture,1,1,2,1,3
201900005054,2019-03-13 12:15:00,2019,3,13,12,15,44,44013,,47.3707624,-2.0419797,Nuit avec éclairage allumé,Hors agglomération,Hors intersection,Normale,Autre collision,3,2,2,0,1,3,1,0,1,70,1,1,0,1,0,0,68.0,,voiture,,5,1,1,1,6
201900005055,2019-06-02 00:01:00,2019,6,2,0,1,44,44151,Rue de la Brière,47.316249,-2.301579,Nuit sans éclairage public,En agglomération,Hors intersection,Normale,Autre collision,4,2,2,0,1,3,1,0,3,50,1,1,0,0,1,0,21.0,,deux_roues,,3,2,1,1,6
201900005056,2019-05-31 19:20:00,2019,5,31,19,20,44,44151,18 Route d'Avrillac,47.315886,-2.344971,Plein jour,En agglomération,Hors intersection,Normale,Deux véhicules - côté,4,2,2,0,1,1,1,0,1,50,2,2,1,0,1,0,56.0,64.0,deux_roues,utilitaire_camion,1,2,1,1,3
201900005057,2019-05-28 06:40:00,2019,5,28,6,40,44,44032,RN 249 - PK 11+600,47.1644212,-1.3690209,Crépuscule ou aube,Hors agglomération,Autre intersection,Normale,Deux véhicules - arrière,2,3,4,0,1,1,1,0,2,110,2,2,1,0,0,1,53.0,34.0,utilitaire_camion,voiture,2,1,9,1,2
201900005058,2019-06-12 16:30:00,2019,6,12,16,30,44,44043,Place des Douves,47.086164,-1.284113,Plein jour,En agglomération,Autre intersection,Normale,Autre collision,6,-1,-1,0,1,1,1,0,1,30,1,2,1,0,0,1,50.0,,voiture,,1,2,9,1,6
201900005059,2019-06-11 19:20:00,2019,6,11,19,20,44,44014,D11,47.100949,-1.502169,Plein jour,Hors agglomération,Hors intersection,Pluie légère,Deux véhicules - frontale,3,2,2,0,1,2,2,9,1,80,2,2,1,0,1,0,20.0,47.0,voiture,deux_roues,1,1,1,2,1
201900005060,2019-06-03 17:45:00,2019,6,3,17,45,44,44014,RD137,47.129673,-1.504026,Plein jour,Hors agglomération,Intersection en T,Temps éblouissant,Deux véhicules - côté,3,2,2,0,3,2,1,3,1,80,2,2,1,0,1,0,49.0,33.0,deux_roues,voiture,1,1,3,7,3
201900005061,2019-06-15 11:00:00,2019,6,15,11,0,44,44145,Launay,47.196292,-1.835537,Plein jour,Hors agglomération,Hors intersection,Normale,Deux véhicules - arrière,3,2,2,0,1,4,1,0,1,80,2,2,1,0,1,0,55.0,28.0,voiture,deux_roues,1,1,1,1,2
201900005062,2019-06-08 21:45:00,2019,6,8,21,45,44,44164,D61,47.115193,-1.899846,Crépuscule ou aube,Hors agglomération,Hors intersection,Normale,Sans collision,3,2,2,0,1,2,1,0,1,80,1,1,0,0,1,0,59.0,,voiture,,2,1,1,1,7
201900005063,2019-06-02 14:30:00,2019,6,2,14,30,44,44023,La Haie,47.397685,-1.868453,Plein jour,Hors agglomération,Hors intersection,Normale,Deux véhicules - frontale,2,2,2,0,1,1,1,0,1,80,2,3,0,1,1,1,41.0,64.0,voiture,voiture,1,1,1,1,1
201900005064,2019-05-30 17:50:00,2019,5,30,17,50,44,44048,Les Pourières  D21,47.362182,-1.329252,Plein jour,Hors agglomération,Intersection en X,Normale,Deux véhicules - frontale,3,2,2,0,1,1,1,0,1,80,2,2,1,0,0,1,65.0,24.0,voiture,deux_roues,1,1,2,1,1
201900005065,2019-06-15 18:35:00,2019,6,15,18,35,35,35105,Mont de Boeuf,48.129842,-1.120489,Plein jour,Hors agglomération,Hors intersection,Pluie légère,Deux véhicules - frontale,3,2,2,0,1,3,2,0,1,80,2,6,5,0,1,0,53.0,70.0,voiture,voiture,1,1,1,2,1
201900005066,2019-06-07 12:00:00,2019,6,7,12,0,35,35247,La Roche Blanche,48.577665,-1.599244,Plein jour,Hors agglomération,Hors intersection,Normale,Autre collision,3,2,2,0,1,1,1,0,3,80,1,1,0,1,0,0,72.0,,utilitaire_camion,,1,1,1,1,6
201900005067,2019-06-14 12:00:00,2019,6,14,12,0,35,35162,La pierrelaye,48.4789912,-1.1464915,Plein jour,Hors agglomération,Hors intersection,Normale,Autre collision,3,2,2,0,2,3,1,0,3,50,1,2,0,1,1,0,58.0,,voiture,,1,1,1,1,6
201900005068,2019-06-16 16:00:00,2019,6,16,16,0,29,29150,lieu dit le guilly,47.8195564,-3.651804,Plein jour,Hors agglomération,Intersection en T,Normale,Deux véhicules - côté,3,2,2,0,1,3,1,0,1,70,2,2,1,0,0,1,78.0,24.0,voiture,deux_roues,1,1,3,1,3
201900005069,2019-06-18 10:00:00,2019,6,18,10,0,29,29062,ty ar prat,48.158964,-3.926893,Crépuscule ou aube,Hors agglomération,Intersection en Y,Normale,Sans collision,3,2,2,0,2,2,1,0,3,80,1,1,0,1,0,0,80.0,,deux_roues,,2,1,4,1,7
201900005070,2019-06-18 09:30:00,2019,6,18,9,30,29,29029,échangeur de Kerdivoal,48.255321,-3.6176026,Plein jour,Hors agglomération,Autre intersection,Pluie légère,Deux véhicules - arrière,2,3,2,0,1,1,2,0,1,110,2,2,0,0,1,1,86.0,29.0,voiture,voiture,1,1,9,2,2
201900005071,2019-05-31 12:30:00,2019,5,31,12,30,29,29112,La Roche Plate,48.4903148,-4.7238514,Plein jour,Hors agglomération,Hors intersection,Temps éblouissant,Deux véhicules - frontale,4,2,2,0,2,2,1,0,1,80,2,2,1,0,0,1,52.0,17.0,utilitaire_camion,deux_roues,1,1,1,7,1
201900005072,2019-06-02 07:50:00,2019,6,2,7,50,29,29177,Kerveatouz Plouarzel,48.4360985,-4.6642935,Plein jour,Hors agglomération,Hors intersection,Normale,Deux véhicules - frontale,3,2,2,0,1,1,1,0,1,80,2,5,0,0,4,1,56.0,31.0,voiture,voiture,1,1,1,1,1
201900005073,2019-05-28 16:30:00,2019,5,28,16,30,29,29076,Rue du ponant,48.461276,-4.57254,Plein jour,En agglomération,Intersection en X,Normale,Autre collision,4,2,2,0,1,1,1,0,1,50,1,2,1,0,0,1,40.0,,voiture,,1,2,2,1,6
201900005074,2019-06-10 03:45:00,2019,6,10,3,45,29,29011,Route de Ploudalmézeau,48.439835,-4.510384,Nuit sans éclairage public,Hors agglomération,Hors intersection,Normale,Sans collision,3,2,2,0,3,3,1,0,3,70,1,1,0,0,1,0,20.0,,voiture,,3,1,1,1,7
201900005075,2019-06-02 16:00:00,2019,6,2,16,0,29,29235,Rue Jules Ferry,48.397752,-4.419263,Plein jour,En agglomération,Hors intersection,Pluie légère,Autre collision,4,2,2,0,2,1,2,0,1,50,2,2,1,0,0,1,6.0,47.0,deux_roues,voiture,1,2,1,2,6
201900005076,2019-06-11 13:15:00,2019,6,11,13,15,29,29216,Rue de Pouldreuzic,47.979989,-4.181247,Plein jour,En agglomération,Hors intersection,Pluie légère,Deux véhicules - arrière,3,2,2,0,1,1,2,6,1,30,2,4,3,0,0,1,44.0,35.0,voiture,voiture,1,2,1,2,2
201900005077,2019-06-11 19:10:00,2019,6,11,19,10,29,29216,PENC'HOAD,47.993036,-4.189921,Plein jour,Hors agglomération,Hors intersection,Pluie forte,Deux véhicules - arrière,3,2,2,0,1,2,2,0,1,80,2,4,2,0,0,2,29.0,30.0,voiture,voiture,1,1,1,3,2
201900005078,2019-05-31 11:00:00,2019,5,31,11,0,31,31208,RD 26,43.059883,0.808098,Plein jour,Hors agglomération,Hors intersection,Normale,Autre collision,3,2,2,0,2,3,1,0,3,80,1,1,0,0,1,0,68.0,,voiture,,1,1,1,1,6
201900005079,2019-06-03 14:30:00,2019,6,3,14,30,31,31424,rue de la Gravette,43.560579,1.300918,Plein jour,En agglomération,Hors intersection,Normale,Deux véhicules - frontale,3,2,2,0,1,1,1,0,1,50,2,2,1,1,0,0,34.0,21.0,voiture,deux_roues,1,2,1,1,1
201900005080,2019-06-01 11:40:00,2019,6,1,11,40,31,31584,Avenue du Général Leclerc,43.856247,1.499934,Plein jour,En agglomération,Giratoire,Normale,Autre collision,7,1,1,0,1,2,1,0,1,50,1,2,1,0,1,0,61.0,,voiture,,1,2,6,1,6
201900005081,2019-06-02 15:10:00,2019,6,2,15,10,38,38130,D 519,45.34696,5.25281,Plein jour,Hors agglomération,Hors intersection,Normale,Deux véhicules - côté,3,2,2,0,1,1,1,0,1,80,2,4,2,0,2,0,24.0,21.0,voiture,voiture,1,1,1,1,3
201900005082,2019-06-07 06:10:00,2019,6,7,6,10,38,38559,D 22 ,45.19541,5.41983,Plein jour,Hors agglomération,Hors intersection,Normale,Deux véhicules - frontale,3,2,2,0,2,3,1,0,1,80,2,2,0,0,1,1,64.0,22.0,voiture,voiture,1,1,1,1,1
201900005083,2019-06-01 15:40:00,2019,6,1,15,40,38,38058,Le Grand Chemin,45.34644,5.30357,Plein jour,En agglomération,Hors intersection,Temps éblouissant,Autre collision,3,2,2,0,1,1,1,0,1,50,1,2,1,1,0,0,50.0,,utilitaire_camion,,1,2,1,7,6
201900005084,2019-03-23 12:45:00,2019,3,23,12,45,38,38174,ROUTE DE LYON,45.39327,5.36079,Plein jour,En agglomération,Intersection en X,Normale,Deux véhicules - frontale,3,3,2,0,4,1,1,0,1,50,2,2,1,0,0,1,62.0,28.0,voiture,voiture,1,2,2,1,1
201900005085,2019-06-08 05:00:00,2019,6,8,5,0,38,38075,D 590,45.46243,5.98987,Crépuscule ou aube,Hors agglomération,Hors intersection,Normale,Deux véhicules - frontale,3,2,2,0,1,1,2,0,1,70,2,2,1,0,0,1,61.0,,voiture,,2,1,1,1,1
201900005086,2019-06-12 23:00:00,2019,6,12,23,0,38,38435,Route Départementale 30,45.282571,5.848421,Nuit avec éclairage allumé,Hors agglomération,Hors intersection,Normale,Deux véhicules - frontale,3,2,2,0,2,4,1,1,1,70,2,2,1,0,0,1,41.0,25.0,voiture,voiture,5,1,1,1,1
201900005087,2019-03-23 16:15:00,2019,3,23,16,15,38,38422,d111,45.144454,5.887185,Plein jour,Hors agglomération,Hors intersection,Normale,Autre collision,3,2,2,0,2,2,1,0,1,80,1,1,0,0,1,0,23.0,,deux_roues,,1,1,1,1,6
201900005088,2019-06-18 11:40:00,2019,6,18,11,40,38,38229,Avenue de Verdun,45.2048,5.76414,Plein jour,En agglomération,Hors intersection,Normale,Autre collision,3,3,2,0,1,1,1,5,4,50,1,1,0,0,1,0,28.0,,deux_roues,,1,2,1,1,6
201900005089,2019-04-24 19:55:00,2019,4,24,19,55,38,38249,D11,45.226705,5.802558,Plein jour,Hors agglomération,Autre intersection,Normale,Trois véhicules et plus - collisions multiples,3,2,3,0,1,1,1,5,1,50,3,3,2,0,0,1,68.0,33.0,voiture,voiture,1,1,9,1,5
201900005090,2019-06-12 14:15:00,2019,6,12,14,15,38,38354,D82 - route de voissant,45.49269,5.706189,Plein jour,Hors agglomération,Intersection en T,Normale,Deux véhicules - côté,3,2,2,0,2,1,1,0,1,80,2,2,1,0,1,0,70.0,58.0,deux_roues,voiture,1,1,3,1,3
201900005091,2019-06-15 19:10:00,2019,6,15,19,10,38,38065,7 Route de Grenoble,45.445901,5.404287,Plein jour,Hors agglomération,Hors intersection,Normale,Deux véhicules - frontale,3,1,1,0,2,1,1,0,1,70,2,2,1,0,0,1,63.0,21.0,voiture,voiture,1,1,1,1,1
201900005092,2019-06-05 19:00:00,2019,6,5,19,0,2,02760,Rue des Deux Drucbert,50.021494,3.562002,Crépuscule ou aube,En agglomération,Hors intersection,Normale,Autre collision,3,2,2,0,1,1,1,0,3,50,1,1,0,0,1,0,53.0,,deux_roues,,2,2,1,1,6
201900005093,2019-06-07 18:30:00,2019,6,7,18,30,2,02420,LE TRONQUOY,49.91138,3.29597,Plein jour,Hors agglomération,Hors intersection,Normale,Sans collision,5,-1,5,0,1,1,1,9,8,-1,1,1,0,0,1,0,38.0,,deux_roues,,1,1,1,1,7
201900005094,2019-06-03 09:10:00,2019,6,3,9,10,2,02057,D932,49.991005,3.332245,Plein jour,Hors agglomération,Intersection en T,Temps couvert,Deux véhicules - côté,3,2,2,0,1,1,1,0,1,80,2,3,2,0,1,0,34.0,72.0,utilitaire_camion,autre,1,1,3,8,3
201900005095,2019-06-13 19:25:00,2019,6,13,19,25,2,02032,Rue de la Guinguette,49.780082,3.118022,Plein jour,Hors agglomération,Autre intersection,Normale,Trois véhicules et plus - en chaîne,3,2,2,0,1,1,1,0,1,80,3,5,2,0,1,2,47.0,66.0,voiture,voiture,1,1,9,1,4
201900005096,2019-06-02 12:15:00,2019,6,2,12,15,2,02816,lieu dit balanchere,49.150761,3.537006,Plein jour,Hors agglomération,Hors intersection,Temps éblouissant,Deux véhicules - frontale,3,2,2,0,1,2,1,9,1,80,2,2,0,0,2,0,28.0,19.0,voiture,voiture,1,1,1,7,1
201900005097,2019-06-10 05:15:00,2019,6,10,5,15,84,84148,1401 Lieu-dit Jas de Gassin,44.057034,5.233033,Nuit sans éclairage public,Hors agglomération,Hors intersection,Normale,Autre collision,3,-1,2,0,1,4,1,0,8,70,1,1,0,0,1,0,21.0,,voiture,,3,1,1,1,6
201900005098,2019-06-01 22:34:00,2019,6,1,22,34,84,84072,route de carpentras,44.058683,5.111413,Nuit avec éclairage allumé,En agglomération,Hors intersection,Normale,Autre collision,3,2,2,0,1,1,1,0,1,50,1,2,1,1,0,0,55.0,,voiture,,5,2,1,1,6
201900005099,2019-06-20 09:15:00,2019,6,20,9,15,84,84002,La Route,43.741521,5.509332,Plein jour,Hors agglomération,Hors intersection,Normale,Trois véhicules et plus - collisions multiples,3,2,2,0,1,2,1,0,1,80,3,3,1,0,2,0,95.0,51.0,voiture,utilitaire_camion,1,1,1,1,5
201900005100,2019-06-18 15:20:00,2019,6,18,15,20,84,84102,Départementale 2,43.920103,5.278043,Plein jour,Hors agglomération,Hors intersection,Normale,Autre collision,3,-1,2,0,1,1,1,0,3,80,1,1,0,1,0,0,53.0,,voiture,,1,1,1,1,6
201900005101,2019-06-12 13:45:00,2019,6,12,13,45,3,03254,3B route de Moulins,46.3134683,3.2871316,Plein jour,En agglomération,Hors intersection,Normale,Deux véhicules - côté,6,-1,-1,0,1,1,1,0,8,-1,2,2,1,0,0,1,27.0,16.0,voiture,deux_roues,1,2,1,1,3
201900005102,2019-06-08 15:34:00,2019,6,8,15,34,3,03107,route de Chouvigny,46.1136826,3.0824129,Plein jour,En agglomération,Intersection en T,Normale,Deux véhicules - côté,3,2,2,0,1,1,1,0,1,30,2,2,1,0,1,0,47.0,42.0,utilitaire_camion,deux_roues,1,2,3,1,3
201900005103,2019-06-06 19:15:00,2019,6,6,19,15,3,03001,Sentier André Monnot,46.0898325,3.4534315,Plein jour,Hors agglomération,Hors intersection,Normale,Autre collision,9,-1,1,0,1,1,9,0,8,-1,1,1,0,0,0,1,22.0,,deux_roues,,1,1,1,1,6
201900005104,2019-05-25 16:00:00,2019,5,25,16,0,3,03052,route des Artisans,46.3333358,2.7027816,Plein jour,En agglomération,Hors intersection,Normale,Deux véhicules - côté,3,2,2,3,1,1,1,0,6,50,2,2,1,0,0,1,19.0,19.0,voiture,voiture,1,2,1,1,3
201900005105,2019-06-07 01:00:00,2019,6,7,1,0,3,03301,Les Bernards,46.419029,2.590706,Nuit sans éclairage public,Hors agglomération,Hors intersection,Normale,Sans collision,3,2,2,0,2,3,1,0,3,80,1,1,0,0,1,0,47.0,,voiture,,3,1,1,1,7
201900005106,2019-06-15 14:30:00,2019,6,15,14,30,3,03260,les Fougères,46.4332189,3.000654,Plein jour,Hors agglomération,Hors intersection,Pluie légère,Sans collision,3,2,2,0,1,2,2,0,3,80,1,1,0,0,1,0,29.0,,deux_roues,,1,1,1,2,7
201900005107,2019-06-06 11:05:00,2019,6,6,11,5,3,03170,,46.5104533,3.0840693,Plein jour,Hors agglomération,Hors intersection,Normale,Deux véhicules - frontale,3,2,2,0,1,1,1,0,1,80,2,3,1,1,1,0,68.0,55.0,deux_roues,utilitaire_camion,1,1,1,1,1
201900005108,2019-08-14 06:15:00,2019,8,14,6,15,60,60070,Bienville,49.438645,2.820232,Crépuscule ou aube,Hors agglomération,Hors intersection,Brouillard / fumée,Sans collision,3,1,2,0,3,2,2,3,1,70,1,2,0,1,1,0,33.0,,voiture,,2,1,1,5,7
201900005109,2019-06-05 20:05:00,2019,6,5,20,5,15,15175,Rosiers,45.059396,2.406687,Plein jour,Hors agglomération,Intersection en T,Pluie légère,Sans collision,4,2,2,0,2,1,2,0,1,-1,1,1,0,0,1,0,25.0,,deux_roues,,1,1,3,2,7
201900005110,2019-06-01 07:05:00,2019,6,1,7,5,1,01304,route départementale 1075,46.063131,5.331376,Crépuscule ou aube,Hors agglomération,Hors intersection,Normale,Autre collision,3,2,2,0,1,3,1,0,3,80,1,2,1,0,1,0,72.0,,voiture,,2,1,1,1,6
201900005111,2019-06-13 08:35:00,2019,6,13,8,35,1,01079,Route du Col de Richemont,45.909698,5.683689,Plein jour,En agglomération,Autre intersection,Normale,Autre collision,3,2,2,0,1,1,1,0,1,50,1,2,1,0,1,0,39.0,,voiture,,1,2,9,1,6
201900005112,2019-06-14 21:25:00,2019,6,14,21,25,1,01179,RD933 PK 33+600,46.245269,4.866762,Nuit sans éclairage public,Hors agglomération,Intersection en X,Normale,Deux véhicules - côté,3,2,2,0,1,1,1,0,1,80,2,2,0,1,0,1,25.0,40.0,voiture,voiture,3,1,2,1,3
201900005113,2019-06-16 11:15:00,2019,6,16,11,15,1,01196,Route de Chalon,46.389009,5.11593,Plein jour,Hors agglomération,Hors intersection,Normale,Deux véhicules - frontale,3,2,2,0,1,1,1,0,1,-1,2,3,1,0,1,1,67.0,17.0,voiture,deux_roues,1,1,1,1,1
201900005114,2019-06-08 12:45:00,2019,6,8,12,45,1,01335,Route de la Dombes,46.113097,5.075525,Plein jour,Hors agglomération,Hors intersection,Normale,Deux véhicules - côté,3,2,2,0,1,1,1,0,1,80,2,2,1,0,0,1,22.0,34.0,voiture,deux_roues,1,1,1,1,3
201900005115,2019-06-11 14:30:00,2019,6,11,14,30,70,70147,rue de la maisonnette 7000,47.56181,6.658566,Plein jour,En agglomération,Hors intersection,Pluie légère,Autre collision,3,2,2,0,2,3,1,0,1,50,1,1,0,1,0,0,58.0,,voiture,,1,2,1,2,6