accident_id,datetime,annee,mois,jour,heure,minute,departement,commune_insee,adresse,latitude,longitude,luminosite,agglomeration,intersection,meteo,collision,catr,circ,nbv,vosp,prof,plan,surf,infra,situ,vma,nb_vehicules,nb_usagers,nb_indemnes,nb_tues,nb_blesses_hosp,nb_blesses_legers,age_cond_1,age_cond_2,veh_type_cond_1,veh_type_cond_2,lum_code,agg_code,int_code,atm_code,col_code
201900005116,2019-06-17 14:10:00,2019,6,17,14,10,70,70283,Les Chaseaux,47.853675,6.73504,Plein jour,En agglomération,Hors intersection,Normale,Sans collision,4,2,2,0,2,2,1,0,3,80,1,1,0,0,1,0,51.0,,voiture,,1,2,1,1,7
201900005117,2019-06-13 18:20:00,2019,6,13,18,20,70,70120,avenue de la gare,47.703116,6.696619,Plein jour,En agglomération,Hors intersection,Normale,Deux véhicules - côté,3,2,2,0,1,1,1,0,1,50,2,2,1,1,0,0,26.0,63.0,deux_roues,utilitaire_camion,1,2,1,1,3
201900005118,2019-06-05 17:45:00,2019,6,5,17,45,70,70339,D486/d131,47.743196,6.556301,Plein jour,Hors agglomération,Intersection en X,Normale,Deux véhicules - côté,3,2,2,0,1,1,1,0,1,70,2,2,1,0,1,0,49.0,63.0,voiture,deux_roues,1,1,2,1,3
201900005119,2019-06-05 15:00:00,2019,6,5,15,0,70,70514,carrefour rue SAINTE BARBE rue de la LIBERTE et rue duLAVOIR,47.341066,5.633903,Plein jour,En agglomération,Intersection en X,Normale,Deux véhicules - côté,3,2,2,0,2,1,1,0,1,50,2,3,2,0,0,1,13.0,63.0,deux_roues,voiture,1,2,2,1,3
201900005120,2019-06-01 23:00:00,2019,6,1,23,0,70,70167,Lieu dit le Moulin Rouge,47.732704,6.042839,Nuit sans éclairage public,Hors agglomération,Hors intersection,Normale,Autre collision,3,2,2,0,1,3,1,0,1,80,1,2,0,1,0,1,21.0,,deux_roues,,3,1,1,1,6
201900005121,2019-06-04 20:00:00,2019,6,4,20,0,70,70202,RD417,47.9319205,6.0759561,Plein jour,Hors agglomération,Hors intersection,Normale,Autre collision,3,2,2,0,3,1,1,0,3,80,1,1,0,0,1,0,25.0,,deux_roues,,1,1,1,1,6
201900005122,2019-06-15 11:00:00,2019,6,15,11,0,26,26275,D8 PK 13+400,44.24948,4.855872,Plein jour,Hors agglomération,Hors intersection,Normale,Autre collision,3,2,-1,-1,1,1,1,0,1,80,1,1,0,0,1,0,62.0,,voiture,,1,1,1,1,6
201900005123,2019-06-02 11:15:00,2019,6,2,11,15,26,26357,Route de Nyons,44.290776,4.967773,Plein jour,Hors agglomération,Hors intersection,Normale,Deux véhicules - arrière,3,2,2,0,1,1,1,0,1,80,2,3,2,0,1,0,30.0,66.0,voiture,deux_roues,1,1,1,1,2
201900005124,2019-05-31 00:10:00,2019,5,31,0,10,26,26360,Route de Montelimar,44.420929,4.815823,Nuit sans éclairage public,Hors agglomération,Hors intersection,Normale,Deux véhicules - arrière,3,2,-1,-1,1,1,1,0,1,80,2,2,1,0,1,0,31.0,21.0,voiture,deux_roues,3,1,1,1,2
201900005125,2019-06-16 19:30:00,2019,6,16,19,30,26,26113,Route d'Ausson,44.740288,5.381552,Plein jour,Hors agglomération,Hors intersection,Normale,Deux véhicules - frontale,3,2,-1,-1,1,3,1,0,1,80,2,2,0,0,0,2,15.0,54.0,deux_roues,deux_roues,1,1,1,1,1
201900005126,2019-06-10 18:00:00,2019,6,10,18,0,26,26248,RD93,44.734492,5.266928,Plein jour,Hors agglomération,Hors intersection,Pluie forte,Deux véhicules - côté,3,2,2,0,1,4,2,0,1,80,2,2,1,0,1,0,25.0,38.0,voiture,deux_roues,1,1,1,3,3
201900005127,2019-06-10 23:00:00,2019,6,10,23,0,26,26006,Route de Livron,44.765838,4.903541,Nuit sans éclairage public,Hors agglomération,Hors intersection,Pluie légère,Deux véhicules - côté,3,2,2,0,1,1,2,0,1,80,2,5,1,0,1,3,29.0,20.0,voiture,voiture,3,1,1,2,3
201900005128,2019-06-17 09:30:00,2019,6,17,9,30,58,58059,Grande Rue,47.177174,3.016634,Plein jour,En agglomération,Hors intersection,Normale,Autre collision,4,1,1,0,1,2,1,0,1,50,1,2,1,0,1,0,72.0,,voiture,,1,2,1,1,6
201900005129,2019-06-09 18:15:00,2019,6,9,18,15,58,58265,Route départementale 4,47.336326,3.026591,Plein jour,Hors agglomération,Hors intersection,Normale,Deux véhicules - frontale,3,2,2,0,2,3,1,0,1,80,2,5,2,1,0,2,68.0,54.0,voiture,deux_roues,1,1,1,1,1
201900005130,2019-06-15 12:15:00,2019,6,15,12,15,58,58205,RD 301,47.202627,3.952234,Plein jour,Hors agglomération,Hors intersection,Temps couvert,Deux véhicules - côté,3,2,2,0,1,3,1,0,1,80,2,2,1,0,0,1,21.0,37.0,deux_roues,voiture,1,1,1,8,3
201900005131,2019-08-17 09:20:00,2019,8,17,9,20,62,62235,2 Rue Nouvelle,50.646479,1.625165,Plein jour,En agglomération,Hors intersection,Pluie légère,Deux véhicules - arrière,3,2,2,0,1,1,2,0,1,50,2,3,2,0,0,1,58.0,46.0,voiture,voiture,1,2,1,2,2
201900005132,2019-08-14 17:20:00,2019,8,14,17,20,62,62300,95 Rue Charles Cazin,50.6730438,1.5716372,Plein jour,En agglomération,Hors intersection,Pluie légère,Autre collision,4,2,2,0,2,1,2,0,1,50,2,3,2,0,0,1,27.0,,voiture,,1,2,1,2,6
201900005133,2019-08-13 02:00:00,2019,8,13,2,0,59,59053,14 Rue des Platanes,50.301083,3.796016,Nuit avec éclairage allumé,Hors agglomération,Hors intersection,Temps couvert,Autre collision,4,2,2,0,1,1,1,0,4,50,1,2,1,0,1,0,64.0,,voiture,,5,1,1,8,6
201900005134,2019-07-14 02:35:00,2019,7,14,2,35,59,59452,Rue Émile Macquart,50.470697,3.045967,Nuit sans éclairage public,Hors agglomération,Hors intersection,Normale,Sans collision,3,-1,2,0,1,1,1,0,8,70,1,1,0,1,0,0,82.0,,deux_roues,,3,1,1,1,7
201900005135,2019-08-16 08:20:00,2019,8,16,8,20,13,13071,A51-Sens Aix en Provence vers Marseille,43.41102,5.36398,Plein jour,Hors agglomération,Hors intersection,Normale,Deux véhicules - arrière,1,1,3,0,1,1,1,0,1,110,2,2,1,0,0,1,56.0,22.0,voiture,utilitaire_camion,1,1,1,1,2
201900005136,2019-08-17 01:20:00,2019,8,17,1,20,13,13033,A55-Sens Martigues vers Marseille,43.3795,5.205722,Nuit sans éclairage public,Hors agglomération,Hors intersection,Normale,Deux véhicules - côté,1,1,2,0,1,2,1,0,1,110,2,4,1,0,2,1,25.0,37.0,voiture,voiture,3,1,1,1,3
201900005137,2019-08-15 17:30:00,2019,8,15,17,30,13,13071,A7-Sens Marseille vers Lyon,43.4071,5.332,Plein jour,Hors agglomération,Hors intersection,Normale,Autre collision,1,1,2,0,3,4,1,0,1,50,1,1,0,0,1,0,35.0,,deux_roues,,1,1,1,1,6
201900005138,2019-08-10 22:15:00,2019,8,10,22,15,13,13088,A55-Sens Marseille vers Martigues,43.39173,5.25737,Nuit sans éclairage public,Hors agglomération,Hors intersection,Normale,Deux véhicules - côté,1,1,2,0,1,1,1,0,1,110,2,2,1,0,0,1,46.0,34.0,voiture,voiture,3,1,1,1,3
201900005139,2019-08-11 01:00:00,2019,8,11,1,0,13,13005,A50-Sens Aubagne vers Marseille,43.28725,5.54125,Nuit sans éclairage public,Hors agglomération,Hors intersection,Normale,Deux véhicules - arrière,1,3,3,0,1,1,1,0,1,90,2,6,0,0,0,6,63.0,34.0,voiture,voiture,3,1,1,1,2
201900005140,2019-08-13 07:00:00,2019,8,13,7,0,13,13071,A55-Sens Martigues vers Marseille,43.3966,5.2859,Crépuscule ou aube,Hors agglomération,Hors intersection,Normale,Sans collision,1,1,4,0,1,1,1,0,1,90,1,1,0,0,0,1,19.0,,voiture,,2,1,1,1,7
201900005141,2019-08-12 23:35:00,2019,8,12,23,35,13,13085,A50-Sens Aubagne vers Toulon,43.2430351,5.5943076,Nuit sans éclairage public,Hors agglomération,Hors intersection,Normale,Autre collision,1,1,1,0,1,1,1,3,1,70,1,2,0,0,1,1,58.0,,voiture,,3,1,1,1,6
201900005142,2019-08-13 18:05:00,2019,8,13,18,5,83,83144,A57,43.13349,5.98476,Plein jour,Hors agglomération,Hors intersection,Normale,Trois véhicules et plus - collisions multiples,1,-1,4,0,1,1,1,0,1,110,3,3,2,0,0,1,67.0,49.0,voiture,voiture,1,1,1,1,5
201900005143,2019-08-17 07:30:00,2019,8,17,7,30,1,01248,A46N   14.305 A 17.210,45.8973074,4.8861193,Plein jour,Hors agglomération,Hors intersection,Normale,Deux véhicules - arrière,1,3,0,0,1,1,1,0,1,110,2,2,1,0,0,1,38.0,23.0,utilitaire_camion,voiture,1,1,1,1,2
201900005144,2019-08-16 14:30:00,2019,8,16,14,30,69,69204,A450   1.740 A 5.100,45.6743,4.78179,Plein jour,Hors agglomération,Hors intersection,Normale,Sans collision,1,3,2,0,1,1,1,0,1,90,1,2,1,0,0,1,30.0,,voiture,,1,1,1,1,7
201900005145,2019-08-14 15:45:00,2019,8,14,15,45,69,69091,A47   1.809 A 5.620,45.58552,4.75152,Plein jour,Hors agglomération,Hors intersection,Normale,Deux véhicules - arrière,1,3,2,0,1,1,1,0,1,90,2,3,1,0,0,2,54.0,75.0,utilitaire_camion,voiture,1,1,1,1,2
201900005146,2019-08-13 16:10:00,2019,8,13,16,10,42,42218,A72,45.46635,4.37863,Plein jour,Hors agglomération,Hors intersection,Normale,Deux véhicules - côté,1,3,6,0,1,1,1,1,1,70,2,4,2,0,2,0,52.0,31.0,utilitaire_camion,voiture,1,1,1,1,3
201900005147,2019-08-07 05:35:00,2019,8,7,5,35,67,67152,Route Nationale 83,48.5306,7.69321,Crépuscule ou aube,Hors agglomération,Hors intersection,Normale,Autre collision,7,3,2,0,3,2,2,0,1,50,1,1,0,0,0,1,44.0,,voiture,,2,1,1,1,6
201900005148,2019-08-12 19:45:00,2019,8,12,19,45,67,67218,R.N. 353,48.49994,7.7352,Plein jour,Hors agglomération,Hors intersection,Pluie forte,Autre collision,2,3,3,0,1,1,2,0,1,100,1,1,0,0,0,1,50.0,,voiture,,1,1,1,3,6
201900005149,2019-08-17 23:20:00,2019,8,17,23,20,33,33281,ROCADE A 630,44.841193,-0.674156,Nuit sans éclairage public,Hors agglomération,Hors intersection,Normale,Trois véhicules et plus - collisions multiples,1,3,8,0,1,1,1,0,1,90,3,3,2,0,0,1,19.0,45.0,voiture,voiture,3,1,1,1,5
201900005150,2019-08-16 10:40:00,2019,8,16,10,40,33,33249,ROUTE NATIONALE 230,44.88122,-0.51084,Plein jour,Hors agglomération,Hors intersection,Normale,Trois véhicules et plus - en chaîne,2,3,8,0,1,1,1,0,1,70,3,6,5,0,0,1,35.0,35.0,voiture,voiture,1,1,1,1,4
201900005151,2019-08-14 05:15:00,2019,8,14,5,15,33,33318,ROCADE A 630,44.787655,-0.637918,Nuit sans éclairage public,Hors agglomération,Hors intersection,Normale,Deux véhicules - arrière,1,3,6,0,1,2,1,0,1,90,2,2,1,0,0,1,55.0,21.0,voiture,voiture,3,1,1,1,2
201900005152,2019-07-27 16:07:00,2019,7,27,16,7,59,59178,AUTOROUTE A21,50.39873,3.112147,Plein jour,Hors agglomération,Hors intersection,Normale,Deux véhicules - arrière,1,3,4,0,1,1,1,0,3,110,2,2,1,0,1,0,65.0,22.0,voiture,voiture,1,1,1,1,2
201900005153,2019-07-19 17:45:00,2019,7,19,17,45,62,62528,AUTOROUTE A21,50.450741,2.799336,Plein jour,Hors agglomération,Hors intersection,Normale,Deux véhicules - arrière,1,3,4,0,1,1,1,0,1,110,2,2,1,0,0,1,34.0,34.0,voiture,deux_roues,1,1,1,1,2
201900005154,2019-07-17 17:50:00,2019,7,17,17,50,62,62274,AUTOROUTE A1,50.43303,2.97861,Plein jour,Hors agglomération,Hors intersection,Normale,Deux véhicules - arrière,1,3,7,0,1,1,1,0,1,130,2,2,1,0,1,0,22.0,36.0,deux_roues,voiture,1,1,1,1,2
201900005155,2019-08-17 16:05:00,2019,8,17,16,5,91,91521,RN 104,48.6372,2.4005,Plein jour,Hors agglomération,Hors intersection,Pluie légère,Sans collision,2,1,2,0,2,2,2,0,3,70,1,2,1,0,0,1,61.0,,voiture,,1,1,1,2,7
201900005156,2019-08-14 16:45:00,2019,8,14,16,45,91,91064,RN 118,48.74813,2.19333,Plein jour,Hors agglomération,Hors intersection,Normale,Deux véhicules - arrière,2,3,4,0,2,1,1,0,1,90,2,2,1,0,0,1,35.0,42.0,deux_roues,voiture,1,1,1,1,2
201900005157,2019-08-14 14:44:00,2019,8,14,14,44,77,77251,AUTOROUTE A5A,48.62073,2.54766,Plein jour,Hors agglomération,Hors intersection,Normale,Deux véhicules - côté,1,3,6,0,1,1,1,0,1,110,2,2,1,0,0,1,41.0,41.0,voiture,voiture,1,1,1,1,3
201900005158,2019-08-14 09:02:00,2019,8,14,9,2,91,91136,RD 188 PARIS / A 10 PROVINCE,48.71519,2.26609,Plein jour,Hors agglomération,Hors intersection,Normale,Deux véhicules - côté,2,3,2,0,3,1,1,0,3,70,2,2,1,0,0,1,52.0,45.0,utilitaire_camion,voiture,1,1,1,1,3
201900005159,2019-08-17 21:35:00,2019,8,17,21,35,92,92036,A86,48.9338287,2.2732498,Nuit sans éclairage public,Hors agglomération,Hors intersection,Pluie forte,Sans collision,1,1,2,0,1,1,2,0,1,90,1,1,0,0,0,1,20.0,,utilitaire_camion,,3,1,1,3,7
201900005160,2019-08-16 21:10:00,2019,8,16,21,10,78,78362,A13,48.9759,1.7232,Nuit avec éclairage allumé,Hors agglomération,Hors intersection,Temps couvert,Sans collision,1,1,3,0,4,2,1,0,1,130,1,2,1,0,0,1,32.0,,voiture,,5,1,1,8,7
201900005161,2019-08-15 02:15:00,2019,8,15,2,15,78,78455,A13,48.853207,2.062584,Nuit sans éclairage public,Hors agglomération,Hors intersection,Pluie légère,Autre collision,1,3,2,0,1,1,2,0,1,110,1,1,0,0,0,1,38.0,,voiture,,3,1,1,2,6
201900005162,2019-08-12 18:10:00,2019,8,12,18,10,78,78640,A86 INT,48.780708,2.178056,Plein jour,Hors agglomération,Hors intersection,Normale,Deux véhicules - arrière,1,1,4,0,1,1,1,0,1,110,2,5,1,0,0,4,20.0,76.0,voiture,voiture,1,1,1,1,2
201900005163,2019-08-17 21:30:00,2019,8,17,21,30,93,93053,AUTOROUTE A103,48.88766,2.47261,Nuit sans éclairage public,Hors agglomération,Hors intersection,Pluie forte,Autre collision,1,3,4,0,1,2,2,0,1,70,1,1,0,0,0,1,69.0,,voiture,,3,1,1,3,6
201900005164,2019-08-17 21:30:00,2019,8,17,21,30,95,95572,RN 184,49.0326,2.111,Nuit sans éclairage public,Hors agglomération,Hors intersection,Pluie forte,Autre collision,2,1,1,0,3,3,2,3,1,50,1,2,1,0,0,1,20.0,,voiture,,3,1,1,3,6
201900005165,2019-08-17 17:25:00,2019,8,17,17,25,93,93027,AUTOROUTE A86,48.92851,2.41355,Plein jour,Hors agglomération,Hors intersection,Pluie légère,Deux véhicules - côté,1,3,8,0,1,2,2,0,1,70,2,2,1,0,0,1,28.0,25.0,voiture,voiture,1,1,1,2,3
201900005166,2019-08-17 16:35:00,2019,8,17,16,35,93,93064,AUTOROUTE A86,48.87917,2.47634,Plein jour,Hors agglomération,Hors intersection,Pluie légère,Trois véhicules et plus - en chaîne,1,3,8,0,1,1,2,0,1,90,3,4,3,0,0,1,46.0,26.0,voiture,voiture,1,1,1,2,4
201900005167,2019-08-17 14:30:00,2019,8,17,14,30,93,93027,AUTOROUTE A86,48.92785,2.40958,Plein jour,Hors agglomération,Hors intersection,Pluie forte,Autre collision,1,3,7,0,1,1,2,0,1,90,1,1,0,0,0,1,32.0,,utilitaire_camion,,1,1,1,3,6
201900005168,2019-08-17 13:30:00,2019,8,17,13,30,93,93053,AUTOROUTE A103,48.88785,2.47241,Plein jour,Hors agglomération,Hors intersection,Pluie forte,Autre collision,1,3,4,0,1,2,2,0,1,70,1,2,1,0,0,1,22.0,,voiture,,1,1,1,3,6
201900005169,2019-08-17 11:30:00,2019,8,17,11,30,93,93053,AUTOROUTE A86,48.90076,2.4693,Plein jour,Hors agglomération,Hors intersection,Pluie légère,Autre collision,1,1,2,0,3,3,2,2,1,60,1,1,0,0,0,1,25.0,,utilitaire_camion,,1,1,1,2,6
201900005170,2019-08-17 08:40:00,2019,8,17,8,40,93,93053,AUTOROUTE A103,48.88809,2.4724,Plein jour,Hors agglomération,Hors intersection,Pluie légère,Autre collision,1,3,4,0,4,3,2,3,1,50,1,1,0,0,0,1,25.0,,voiture,,1,1,1,2,6
201900005171,2019-08-17 06:30:00,2019,8,17,6,30,93,93005,AUTOROUTE A3,48.94574,2.47682,Crépuscule ou aube,Hors agglomération,Hors intersection,Pluie légère,Autre collision,1,3,8,0,1,1,2,0,1,110,1,2,0,0,1,1,31.0,,voiture,,2,1,1,2,6
201900005172,2019-08-15 17:30:00,2019,8,15,17,30,95,95018,AUTOROUTE A15,48.9576,2.2742,Plein jour,Hors agglomération,Hors intersection,Normale,Autre collision,1,1,2,0,3,2,1,3,1,50,1,1,0,0,0,1,27.0,,voiture,,1,1,1,1,6
201900005173,2019-08-14 23:45:00,2019,8,14,23,45,93,93005,AUTOROUTE A3,48.96164,2.46642,Nuit avec éclairage non allumé,Hors agglomération,Hors intersection,Normale,Autre collision,1,3,3,0,2,2,1,0,1,50,1,1,0,0,0,1,40.0,,voiture,,4,1,1,1,6
201900005174,2019-08-14 08:45:00,2019,8,14,8,45,93,93053,AUTOROUTE A3,48.88336,2.45796,Plein jour,Hors agglomération,Hors intersection,Normale,Deux véhicules - arrière,1,3,7,0,4,1,1,0,1,90,2,2,1,0,0,1,23.0,52.0,voiture,utilitaire_camion,1,1,1,1,2
201900005175,2019-08-14 09:40:00,2019,8,14,9,40,95,95604,AUTOROUTE A1,49.1041,2.55108,Plein jour,Hors agglomération,Hors intersection,Normale,Sans collision,1,3,6,0,1,1,1,0,1,130,1,1,0,0,0,1,31.0,,voiture,,1,1,1,1,7
201900005176,2019-08-14 05:41:00,2019,8,14,5,41,95,95219,AUTOROUTE A115,48.99182,2.24531,Nuit sans éclairage public,Hors agglomération,Hors intersection,Normale,Deux véhicules - côté,1,3,4,0,1,1,2,0,1,90,2,2,1,0,0,1,35.0,29.0,voiture,voiture,3,1,1,1,3
201900005177,2019-08-13 19:50:00,2019,8,13,19,50,93,93066,AUTOROUTE A1,48.92991,2.36416,Plein jour,Hors agglomération,Hors intersection,Normale,Autre collision,1,3,10,0,1,1,1,0,1,90,1,1,0,0,0,1,22.0,,voiture,,1,1,1,1,6
201900005178,2019-08-13 15:30:00,2019,8,13,15,30,93,93013,AUTOROUTE A1,48.94237,2.43184,Plein jour,Hors agglomération,Hors intersection,Normale,Deux véhicules - côté,1,3,8,0,1,1,1,0,1,110,2,3,1,0,0,2,33.0,21.0,voiture,utilitaire_camion,1,1,1,1,3
201900005179,2019-08-13 10:35:00,2019,8,13,10,35,60,60494,AUTOROUTE A1,49.1142,2.55423,Plein jour,Hors agglomération,Hors intersection,Normale,Trois véhicules et plus - en chaîne,1,3,6,0,1,1,1,0,1,130,3,6,3,0,0,3,46.0,33.0,voiture,voiture,1,1,1,1,4
201900005180,2019-08-12 17:00:00,2019,8,12,17,0,93,93066,AUTOROUTE A1,48.92798,2.35749,Plein jour,Hors agglomération,Hors intersection,Pluie forte,Autre collision,1,3,6,0,2,2,2,2,1,90,1,2,0,0,0,2,29.0,,utilitaire_camion,,1,1,1,3,6
201900005181,2019-08-17 17:50:00,2019,8,17,17,50,94,94052,A86.EXT,48.835874,2.4941386,Plein jour,Hors agglomération,Hors intersection,Pluie légère,Autre collision,1,-1,2,0,1,2,2,1,1,90,1,1,0,0,0,1,20.0,,utilitaire_camion,,1,1,1,2,6
201900005182,2019-08-17 15:45:00,2019,8,17,15,45,77,77249,RN104,48.757589,2.615561,Plein jour,Hors agglomération,Hors intersection,Pluie forte,Autre collision,2,1,2,0,1,1,2,0,1,90,1,3,0,0,0,3,40.0,,voiture,,1,1,1,3,6
201900005183,2019-08-17 12:00:00,2019,8,17,12,0,77,77337,RN104,48.829812,2.618962,Plein jour,Hors agglomération,Hors intersection,Pluie légère,Autre collision,2,1,2,0,1,3,2,0,3,50,1,1,0,0,0,1,41.0,,voiture,,1,1,1,2,6
201900005184,2019-08-17 10:30:00,2019,8,17,10,30,77,77514,A104,48.93872,2.62829,Plein jour,Hors agglomération,Hors intersection,Pluie légère,Autre collision,1,3,5,0,1,1,2,0,1,90,1,1,0,0,0,1,52.0,,utilitaire_camion,,1,1,1,2,6
201900005185,2019-08-15 10:40:00,2019,8,15,10,40,94,94018,A4,48.8176,2.4164,Plein jour,Hors agglomération,Hors intersection,Normale,Deux véhicules - arrière,1,3,6,0,1,1,1,0,1,90,2,3,2,0,0,1,28.0,29.0,voiture,voiture,1,1,1,1,2
201900005186,2019-08-15 07:45:00,2019,8,15,7,45,77,77294,A104,48.9599312,2.620642,Plein jour,Hors agglomération,Hors intersection,Normale,Trois véhicules et plus - collisions multiples,1,1,2,0,1,1,2,0,1,90,3,6,2,0,0,4,26.0,30.0,voiture,voiture,1,1,1,1,5
201900005187,2019-08-14 15:25:00,2019,8,14,15,25,94,94042,A4,48.7639581,2.3420715,Plein jour,Hors agglomération,Hors intersection,Normale,Sans collision,1,3,8,0,1,1,1,0,1,90,1,1,0,0,0,1,31.0,,deux_roues,,1,1,1,1,7
201900005188,2019-08-13 22:20:00,2019,8,13,22,20,94,94069,A4,48.81751,2.43324,Nuit sans éclairage public,Hors agglomération,Hors intersection,Pluie légère,Trois véhicules et plus - en chaîne,1,3,10,0,1,1,2,0,1,90,5,9,7,1,1,0,38.0,47.0,voiture,voiture,3,1,1,2,4
201900005189,2019-08-11 19:30:00,2019,8,11,19,30,94,94018,A4,48.820431,2.401874,Plein jour,Hors agglomération,Hors intersection,Normale,Trois véhicules et plus - en chaîne,1,-1,5,0,1,1,1,0,3,90,3,4,3,0,0,1,22.0,44.0,utilitaire_camion,utilitaire_camion,1,1,1,1,4
201900005190,2019-07-26 18:08:00,2019,7,26,18,8,86,86066,HUGO (BOULEVARD VICTOR),46.81537,0.54735,Plein jour,En agglomération,Intersection en X,Normale,Deux véhicules - côté,4,2,3,0,1,1,1,5,1,50,2,2,1,0,0,1,46.0,27.0,voiture,voiture,1,2,2,1,3
201900005191,2019-08-11 16:45:00,2019,8,11,16,45,72,72181,COURBOULAY PAUL (RUE),48.003,0.19142,Plein jour,En agglomération,Hors intersection,Normale,Deux véhicules - côté,7,3,4,2,1,1,1,0,1,50,2,2,1,0,0,1,36.0,19.0,deux_roues,voiture,1,2,1,1,3
201900005192,2019-08-10 22:35:00,2019,8,10,22,35,63,63113,BARBIER DAUBREE (AVENUE),45.78684,3.08922,Nuit avec éclairage allumé,En agglomération,Hors intersection,Normale,Sans collision,4,2,2,0,1,1,1,0,3,50,1,1,0,0,0,1,31.0,,deux_roues,,5,2,1,1,7
201900005193,2019-08-09 17:47:00,2019,8,9,17,47,63,63113,CARTOUCHERIE (RUE DE LA),45.77805,3.11576,Plein jour,En agglomération,Intersection en X,Normale,Deux véhicules - côté,4,2,2,0,1,1,1,0,3,50,2,2,1,0,0,1,34.0,61.0,deux_roues,voiture,1,2,2,1,3
201900005194,2019-08-11 06:55:00,2019,8,11,6,55,45,45234,R DU 131E REGIMENT D'INFANTERIE - R DES MURLINS),47.91761,1.89387,Plein jour,En agglomération,Intersection en T,Normale,Autre collision,4,2,2,0,1,1,1,0,4,50,1,2,1,0,0,1,20.0,,voiture,,1,2,3,1,6
201900005195,2019-08-11 02:05:00,2019,8,11,2,5,6,06088,ANGLAIS (DU N° 114 AU N° 263),43.6851295,7.2359898,Nuit avec éclairage allumé,En agglomération,Autre intersection,Normale,Autre collision,7,1,3,0,1,1,1,9,1,50,1,3,1,0,2,0,38.0,,autre,,5,2,9,1,6
201900005196,2019-06-19 13:40:00,2019,6,19,13,40,6,06069,MARIGARDE (ROUTE DE LA),43.6538803,6.9346141,Plein jour,En agglomération,Hors intersection,Normale,Sans collision,3,2,2,0,1,1,1,0,1,50,1,1,0,0,0,1,66.0,,voiture,,1,2,1,1,7
201900005197,2019-06-19 06:50:00,2019,6,19,6,50,6,06069,ZILLER (AVENUE PIERRE),43.67891,6.94767,Crépuscule ou aube,En agglomération,Hors intersection,Normale,Deux véhicules - frontale,3,2,1,0,1,1,1,9,1,50,2,2,1,0,1,0,61.0,20.0,utilitaire_camion,utilitaire_camion,2,2,1,1,1
201900005198,2019-08-12 00:10:00,2019,8,12,0,10,3,03095,avenue de la Liberté,46.1248055,3.4376552,Nuit avec éclairage allumé,En agglomération,Intersection en X,Normale,Autre collision,4,1,2,0,1,2,1,0,1,50,1,1,0,1,0,0,82.0,,voiture,,5,2,2,1,6
201900005199,2019-08-10 10:05:00,2019,8,10,10,5,83,83027,A50,43.17871,5.76961,Plein jour,Hors agglomération,Hors intersection,Normale,Autre collision,1,3,6,0,1,1,1,0,1,130,1,2,1,0,0,1,28.0,,voiture,,1,1,1,1,6
201900005200,2019-08-12 18:45:00,2019,8,12,18,45,976,97611,kaweni-Poste ( rue de la ),-12.77077,45.21571,Nuit sans éclairage public,En agglomération,Hors intersection,Normale,Autre collision,4,-1,0,0,1,1,1,9,1,50,1,1,0,0,0,1,,,,,3,2,1,1,6
201900005201,2019-08-11 15:58:00,2019,8,11,15,58,974,97407,MASCAREIGNES(BOULEVARD),-20.94654,55.30421,Plein jour,En agglomération,Hors intersection,Normale,Autre collision,2,2,4,0,1,1,1,5,1,70,1,1,0,0,1,0,18.0,,autre,,1,2,1,1,6
201900005202,2019-08-12 13:39:00,2019,8,12,13,39,972,97213,ROUTE NATIONALE 5,14.59677,-60.9869,Plein jour,Hors agglomération,Hors intersection,Normale,Deux véhicules - côté,2,1,3,0,1,1,1,0,1,70,2,2,1,0,0,1,32.0,27.0,voiture,voiture,1,1,1,1,3
201900005203,2019-08-12 08:15:00,2019,8,12,8,15,69,69389,AUTOROUTE A6                        (XX),45.77273,4.78971,Plein jour,En agglomération,Hors intersection,Pluie légère,Sans collision,9,1,2,0,2,2,2,9,1,50,1,1,0,0,0,1,22.0,,voiture,,1,2,1,2,7
201900005204,2019-08-12 15:42:00,2019,8,12,15,42,2A,2A004,ILES SANGUINAIRES ROUTE DES,41.90592,8.67213,Plein jour,Hors agglomération,Hors intersection,Normale,Deux véhicules - frontale,3,2,2,0,1,1,1,0,1,50,2,2,1,0,0,1,22.0,27.0,deux_roues,voiture,1,1,1,1,1
201900005205,2019-08-10 17:19:00,2019,8,10,17,19,87,87085,CARNOT (BOULEVARD),45.83274,1.25961,Plein jour,En agglomération,Hors intersection,Normale,Autre collision,4,2,3,3,1,1,1,0,1,50,2,3,2,0,0,1,43.0,50.0,transport_commun,voiture,1,2,1,1,6
201900005206,2019-08-09 17:05:00,2019,8,9,17,5,87,87085,REVOLUTION (AVENUE DE LA),45.82479,1.25901,Plein jour,En agglomération,Intersection en T,Normale,Trois véhicules et plus - collisions multiples,4,3,3,0,2,1,1,0,1,50,3,3,1,0,0,2,24.0,49.0,voiture,voiture,1,2,3,1,5
201900005207,2019-08-11 14:57:00,2019,8,11,14,57,87,87113,CARNOT (AVENUE SADI),45.8676,1.32412,Plein jour,En agglomération,Hors intersection,Normale,Autre collision,3,2,2,0,2,2,2,0,1,50,1,2,1,0,1,0,44.0,,deux_roues,,1,2,1,1,6
201900005208,2019-08-09 05:30:00,2019,8,9,5,30,87,87085,GARIBALDI (AVENUE),45.83445,1.26092,Nuit avec éclairage allumé,En agglomération,Intersection en X,Normale,Autre collision,4,2,2,0,1,1,1,5,1,50,2,2,1,0,0,1,25.0,39.0,voiture,deux_roues,5,2,2,1,6