accident_id,datetime,annee,mois,jour,heure,minute,departement,commune_insee,adresse,latitude,longitude,luminosite,agglomeration,intersection,meteo,collision,catr,circ,nbv,vosp,prof,plan,surf,infra,situ,vma,nb_vehicules,nb_usagers,nb_indemnes,nb_tues,nb_blesses_hosp,nb_blesses_legers,age_cond_1,age_cond_2,veh_type_cond_1,veh_type_cond_2,lum_code,agg_code,int_code,atm_code,col_code
201900005209,2019-08-11 16:30:00,2019,8,11,16,30,80,80489,R HENRI BARBUSSE,49.8711,2.35577,Plein jour,En agglomération,Hors intersection,Normale,Autre collision,4,2,2,0,2,1,1,0,1,50,1,2,1,0,0,1,46.0,,utilitaire_camion,,1,2,1,1,6
201900005210,2019-08-09 10:55:00,2019,8,9,10,55,76,76540,NEUFCHATEL. ROUTE DE,49.45285,1.09936,Plein jour,En agglomération,Hors intersection,Pluie légère,Deux véhicules - arrière,3,2,-1,0,2,1,2,0,1,50,2,2,1,0,0,1,29.0,20.0,voiture,deux_roues,1,2,1,2,2
201900005211,2019-08-12 21:40:00,2019,8,12,21,40,69,69256,ROGER SALENGRO                      (R ),45.7627,4.92934,Nuit avec éclairage allumé,En agglomération,Intersection en X,Normale,Deux véhicules - côté,4,2,2,0,1,1,1,4,1,50,2,2,1,0,0,1,36.0,27.0,voiture,deux_roues,5,2,2,1,3
201900005212,2019-08-09 17:15:00,2019,8,9,17,15,69,69091,CHARLES SIMON ( R ),45.58421,4.771514,Plein jour,En agglomération,Autre intersection,Normale,Autre collision,4,1,1,0,1,1,1,9,1,50,1,2,1,0,0,1,47.0,,utilitaire_camion,,1,2,9,1,6
201900005213,2019-08-12 08:45:00,2019,8,12,8,45,67,67482,SHAKESPEARE (AVENUE),48.594465,7.703771,Plein jour,En agglomération,Hors intersection,Temps couvert,Autre collision,4,3,4,0,1,1,1,0,1,50,1,2,1,0,0,1,48.0,,voiture,,1,2,1,8,6
201900005214,2019-08-12 05:20:00,2019,8,12,5,20,67,67482,PLAINE DES BOUCHERS (RUE DE LA),48.56919,7.73913,Crépuscule ou aube,En agglomération,Intersection en T,Normale,Deux véhicules - côté,4,2,3,0,1,1,1,0,1,50,2,2,1,0,0,1,35.0,57.0,voiture,voiture,2,2,3,1,3
201900005215,2019-08-09 10:00:00,2019,8,9,10,0,67,67482,THUMENAU (RUE DE LA),48.5717,7.75179,Plein jour,En agglomération,Hors intersection,Normale,Autre collision,4,3,6,0,1,1,1,0,1,50,1,2,1,0,0,1,50.0,,voiture,,1,2,1,1,6
201900005216,2019-08-11 11:20:00,2019,8,11,11,20,66,66136,ROTTERDAM (ROND POINT DE),42.6941367,2.8501754,Plein jour,En agglomération,Hors intersection,Normale,Deux véhicules - côté,4,-1,1,0,1,2,1,0,1,50,2,2,1,0,0,1,88.0,62.0,voiture,voiture,1,2,1,1,3
201900005217,2019-08-10 21:50:00,2019,8,10,21,50,66,66136,DALBIEZ (AVENUE VICTOR),42.68468,2.88206,Nuit avec éclairage allumé,En agglomération,Intersection en X,Normale,Deux véhicules - côté,4,2,2,0,1,1,1,0,1,50,2,3,1,0,2,0,31.0,62.0,voiture,voiture,5,2,2,1,3
201900005218,2019-08-12 15:06:00,2019,8,12,15,6,65,65440,PAU (ROND POINT DE),43.237705,0.0421147,Plein jour,Hors agglomération,Autre intersection,Normale,Trois véhicules et plus - en chaîne,3,3,2,0,1,1,1,0,1,90,4,6,2,0,0,4,66.0,60.0,voiture,voiture,1,1,9,1,4
201900005219,2019-08-09 12:15:00,2019,8,9,12,15,64,64122,PIOCHE (AVENUE-IMPASSE DE),43.4699,-1.56064,Plein jour,En agglomération,Hors intersection,Normale,Sans collision,4,2,2,0,1,1,1,0,1,30,1,1,0,0,0,1,73.0,,deux_roues,,1,2,1,1,7
201900005220,2019-08-10 13:15:00,2019,8,10,13,15,64,64102,FORGUES FERNAND (AVENUE),43.4873399,-1.4812647,Plein jour,En agglomération,Hors intersection,Temps couvert,Sans collision,3,3,4,1,1,3,8,0,3,50,1,1,0,0,1,0,50.0,,deux_roues,,1,2,1,8,7
201900005221,2019-08-09 18:15:00,2019,8,9,18,15,64,64102,REDUIT (PLACE DU),43.49295,-1.4731,Plein jour,En agglomération,Hors intersection,Normale,Autre collision,4,2,4,3,1,1,1,8,1,50,1,2,1,0,0,1,52.0,,utilitaire_camion,,1,2,1,1,6
201900005222,2019-08-08 20:00:00,2019,8,8,20,0,64,64102,LOUIS DE FOIX (AVENUE),43.506501,-1.4672457,Plein jour,En agglomération,Intersection en X,Normale,Deux véhicules - côté,3,2,2,0,1,1,1,0,3,50,2,2,1,0,0,1,43.0,49.0,voiture,deux_roues,1,2,2,1,3
201900005223,2019-07-31 12:10:00,2019,7,31,12,10,59,59350,TOURNAI RUE DE,50.63337,3.07491,Plein jour,En agglomération,Intersection en T,Normale,Autre collision,4,3,3,2,2,1,1,0,1,50,1,2,1,0,0,1,29.0,,voiture,,1,2,3,1,6
201900005224,2019-08-09 22:45:00,2019,8,9,22,45,55,55545,MIRIBEL ( AVENUE ),49.16764,5.39428,Nuit avec éclairage allumé,En agglomération,Intersection en X,Normale,Deux véhicules - côté,4,2,2,0,1,1,1,0,1,50,2,7,3,0,0,4,28.0,24.0,voiture,voiture,5,2,2,1,3
201900005225,2019-08-11 20:01:00,2019,8,11,20,1,51,51108,RUE DU 8 MAI 1945,48.97822,4.3556,Plein jour,En agglomération,Hors intersection,Normale,Sans collision,4,1,1,0,1,2,1,0,1,50,1,1,0,0,1,0,59.0,,voiture,,1,2,1,1,7
201900005226,2019-08-12 09:00:00,2019,8,12,9,0,50,50129,MENDES FRANCE (BOULEVARD),49.63389,-1.62255,Plein jour,En agglomération,Hors intersection,Pluie légère,Deux véhicules - arrière,3,2,4,0,1,1,2,0,1,50,2,2,0,0,0,2,51.0,37.0,voiture,voiture,1,2,1,2,2
201900005227,2019-08-10 09:45:00,2019,8,10,9,45,49,49007,CHALOUERE,47.47571,-0.54557,Plein jour,En agglomération,Hors intersection,Normale,Sans collision,4,-1,1,0,1,1,1,0,1,30,1,1,0,0,0,1,64.0,,deux_roues,,1,2,1,1,7
201900005228,2019-08-06 20:05:00,2019,8,6,20,5,40,40192,DUPOUY (AV JEAN),43.89445,-0.4652,Plein jour,En agglomération,Hors intersection,Normale,Autre collision,4,2,2,0,1,1,1,2,1,50,1,6,0,0,4,2,30.0,,voiture,,1,2,1,1,6
201900005229,2019-08-13 02:00:00,2019,8,13,2,0,37,37261,PREUILLY (BOULEVARD),47.39409,0.67371,Nuit avec éclairage allumé,En agglomération,Hors intersection,Normale,Autre collision,4,2,2,0,1,1,1,0,1,50,1,1,0,0,0,1,20.0,,deux_roues,,5,2,1,1,6
201900005230,2019-08-12 22:15:00,2019,8,12,22,15,37,37261,SEBASTOPOL (RUE),47.38864,0.6846,Nuit avec éclairage allumé,En agglomération,Intersection en X,Normale,Deux véhicules - côté,4,1,1,0,1,1,1,0,1,50,2,1,0,0,1,0,23.0,,deux_roues,,5,2,2,1,3
201900005231,2019-08-08 14:45:00,2019,8,8,14,45,35,35238,LORIENT (DE),48.10912,-1.69773,Plein jour,En agglomération,Giratoire,Normale,Sans collision,4,2,1,0,1,3,1,5,1,50,1,1,0,0,0,1,27.0,,deux_roues,,1,2,6,1,7
201900005232,2019-08-09 13:55:00,2019,8,9,13,55,31,31555,AV LOUIS BAZERQUE,43.57993,1.39554,Plein jour,En agglomération,Hors intersection,Normale,Deux véhicules - arrière,4,3,2,0,2,1,1,0,1,50,2,3,2,0,0,1,46.0,36.0,voiture,voiture,1,2,1,1,2
201900005233,2019-08-09 08:45:00,2019,8,9,8,45,31,31555,EISENHOWER (AVENUE DU GENERAL),43.54982,1.41774,Plein jour,En agglomération,Hors intersection,Normale,Deux véhicules - côté,3,2,2,0,1,2,1,0,1,50,2,2,1,0,0,1,58.0,23.0,utilitaire_camion,deux_roues,1,2,1,1,3
201900005234,2019-07-13 15:31:00,2019,7,13,15,31,28,28220,MARCEAU (RUE),48.42677,1.47263,Plein jour,En agglomération,Autre intersection,Normale,Trois véhicules et plus - en chaîne,4,2,2,0,2,1,1,0,1,50,3,6,0,0,0,6,52.0,42.0,voiture,voiture,1,2,9,1,4
201900005235,2019-08-09 14:20:00,2019,8,9,14,20,22,22187,ROUSSEAU (RUE),48.54112,-2.81347,Plein jour,Hors agglomération,Hors intersection,Vent fort / tempête,Deux véhicules - frontale,3,2,2,0,1,2,1,0,1,80,2,3,1,0,2,0,31.0,53.0,voiture,voiture,1,1,1,6,1
201900005236,2019-08-12 18:57:00,2019,8,12,18,57,17,17300,REAUMUR   RUE,46.15724,-1.15691,Plein jour,En agglomération,Intersection en T,Normale,Deux véhicules - côté,4,1,1,0,1,1,1,0,1,30,2,2,1,0,0,1,24.0,19.0,voiture,deux_roues,1,2,3,1,3
201900005237,2019-08-12 18:10:00,2019,8,12,18,10,17,17300,LECLERC   AVENUE DU GENERAL,46.15993,-1.16761,Plein jour,En agglomération,Hors intersection,Normale,Deux véhicules - côté,4,2,2,1,2,1,1,0,1,50,2,2,1,0,0,1,13.0,72.0,deux_roues,voiture,1,2,1,1,3
201900005238,2019-08-09 16:50:00,2019,8,9,16,50,15,15014,MONRAISSE (AVENUE DU COMMANDANT),44.91337,2.43315,Plein jour,En agglomération,Intersection en X,Normale,Deux véhicules - côté,2,3,4,0,1,1,1,0,1,50,2,3,2,0,0,1,51.0,63.0,utilitaire_camion,voiture,1,2,2,1,3
201900005239,2019-08-12 15:45:00,2019,8,12,15,45,14,14079,MICHEL D'ORNANO (AVENUE),49.34099,0.0331,Plein jour,En agglomération,Intersection en Y,Normale,Autre collision,3,2,2,0,2,1,2,0,1,50,2,2,1,0,0,1,21.0,72.0,deux_roues,voiture,1,2,4,1,6
201900005240,2019-08-08 09:15:00,2019,8,8,9,15,14,14118,FALAISE (RUE DE -144),49.17254,-0.35452,Plein jour,En agglomération,Intersection en X,Normale,Deux véhicules - côté,4,3,3,1,2,1,1,0,1,50,2,2,1,0,0,1,49.0,41.0,voiture,deux_roues,1,2,2,1,3
201900005241,2019-08-12 18:20:00,2019,8,12,18,20,13,13211,AUDIENCE (RUE DE L'),43.29538,5.48892,Plein jour,En agglomération,Hors intersection,Normale,Deux véhicules - côté,7,-1,1,0,1,1,1,0,1,50,2,2,1,0,1,0,87.0,38.0,voiture,deux_roues,1,2,1,1,3
201900005242,2019-08-12 16:05:00,2019,8,12,16,5,13,13215,SAINT LOUIS (AVENUE DE),43.344061,5.359449,Plein jour,En agglomération,Intersection en T,Normale,Deux véhicules - côté,4,2,2,0,1,1,1,0,1,50,2,2,1,0,1,0,36.0,54.0,voiture,deux_roues,1,2,3,1,3
201900005243,2019-08-12 12:15:00,2019,8,12,12,15,13,13209,JOSEPH AIGUIER (CHEMIN),43.25239,5.41012,Plein jour,En agglomération,Hors intersection,Normale,Deux véhicules - côté,4,2,2,0,2,1,1,0,1,50,2,2,1,0,0,1,13.0,37.0,deux_roues,voiture,1,2,1,1,3
201900005244,2019-08-12 11:40:00,2019,8,12,11,40,13,13201,JULES GUESDE (PLACE),43.301507,5.373955,Plein jour,En agglomération,Intersection en X,Normale,Deux véhicules - côté,4,2,4,0,1,1,1,0,1,50,2,1,0,0,1,0,44.0,,deux_roues,,1,2,2,1,3
201900005245,2019-08-12 18:30:00,2019,8,12,18,30,13,13005,SOLLANS (CHEMIN DES),43.30728,5.57351,Plein jour,Hors agglomération,Intersection en T,Normale,Deux véhicules - côté,3,2,2,0,1,1,1,5,-1,50,2,2,0,0,0,2,22.0,18.0,voiture,voiture,1,1,3,1,3
201900005246,2019-08-11 22:10:00,2019,8,11,22,10,13,13005,CAMP DE SARLIER ROUTE DE GEMENOS,43.29795,5.59084,Nuit avec éclairage allumé,En agglomération,Giratoire,Normale,Autre collision,3,-1,1,0,1,2,1,5,1,50,2,2,1,0,0,1,17.0,49.0,deux_roues,voiture,5,2,6,1,6
201900005247,2019-08-12 16:30:00,2019,8,12,16,30,7,07331,ANTRAIGUES ( RUE),44.679182,4.36736,Plein jour,En agglomération,Intersection en T,Normale,Deux véhicules - frontale,3,2,2,0,1,1,1,0,1,50,2,4,2,0,1,1,59.0,77.0,deux_roues,voiture,1,2,3,1,1
201900005248,2019-08-12 11:59:00,2019,8,12,11,59,6,06088,COLOMARS (ROUTE DE),43.7515114,7.200821,Plein jour,En agglomération,Intersection en Y,Normale,Deux véhicules - côté,7,2,2,0,2,1,1,0,1,50,2,2,1,0,1,0,27.0,32.0,voiture,deux_roues,1,2,4,1,3
201900005249,2019-08-12 11:45:00,2019,8,12,11,45,6,06027,TILLEULS ALLEE DES,43.6611883,7.1531695,Plein jour,En agglomération,Hors intersection,Normale,Autre collision,4,1,1,3,1,1,1,9,1,50,1,2,0,0,0,2,21.0,,utilitaire_camion,,1,2,1,1,6
201900005250,2019-08-12 05:17:00,2019,8,12,5,17,75,75113,QUAI D IVRY,48.825355,2.388215,Nuit avec éclairage allumé,En agglomération,Hors intersection,Normale,Autre collision,4,3,2,1,1,4,1,5,5,50,1,2,0,0,1,1,,,,,5,2,1,1,6
201900005251,2019-08-11 17:23:00,2019,8,11,17,23,75,75110,QUAI DE VALMY,48.8757838,2.3637691,Plein jour,En agglomération,Hors intersection,Normale,Autre collision,4,1,2,0,2,1,1,0,1,30,1,1,0,0,1,0,22.0,,deux_roues,,1,2,1,1,6
201900005252,2019-08-11 04:50:00,2019,8,11,4,50,75,75110,RUE DU FAUBOURG DU TEMPLE,48.8705694,2.3728933,Plein jour,En agglomération,Intersection en X,Normale,Autre collision,4,1,1,0,1,1,1,0,1,30,1,2,1,1,0,0,47.0,,transport_commun,,1,2,2,1,6
201900005253,2019-08-12 19:15:00,2019,8,12,19,15,75,75114,BOULEVARD DU MONTPARNASSE,48.840564,2.3336774,Plein jour,En agglomération,Intersection en T,Normale,Deux véhicules - côté,4,2,6,3,1,1,1,0,6,50,2,3,2,0,0,1,19.0,21.0,voiture,deux_roues,1,2,3,1,3
201900005254,2019-08-11 23:45:00,2019,8,11,23,45,75,75108,AVENUE DES CHAMPS ELYSEES,48.8710876,2.3034865,Nuit avec éclairage allumé,En agglomération,Intersection en T,Normale,Autre collision,4,2,6,0,1,1,1,0,1,50,2,3,2,0,0,1,48.0,30.0,voiture,voiture,5,2,3,1,6
201900005255,2019-08-11 20:30:00,2019,8,11,20,30,75,75104,QUAI DE L HOTEL DE VILLE,48.8559016,2.351162,Crépuscule ou aube,En agglomération,Intersection en X,Normale,Deux véhicules - côté,4,2,4,0,1,3,1,0,1,50,2,2,1,0,0,1,59.0,27.0,voiture,deux_roues,2,2,2,1,3
201900005256,2019-08-12 09:45:00,2019,8,12,9,45,94,94080,LAGNY (R DE),48.84915,2.42,Plein jour,En agglomération,Hors intersection,Normale,Deux véhicules - frontale,4,1,1,0,1,1,1,0,1,50,2,2,1,0,0,1,34.0,37.0,deux_roues,utilitaire_camion,1,2,1,1,1
201900005257,2019-08-11 00:24:00,2019,8,11,0,24,94,94034,DIVISION LECLERC (AV DE LA),48.759,2.3246,Nuit avec éclairage allumé,En agglomération,Intersection en T,Normale,Deux véhicules - côté,3,3,4,0,2,1,1,0,3,50,2,4,1,0,0,3,22.0,31.0,voiture,voiture,5,2,3,1,3
201900005258,2019-08-11 23:30:00,2019,8,11,23,30,94,94073,STALINGRAD - CAR DES TROIS COMMUNES (BD,48.7722952,2.3999487,Nuit avec éclairage allumé,En agglomération,Intersection en X,Normale,Deux véhicules - côté,3,1,1,0,1,1,1,0,1,50,2,3,2,0,0,1,30.0,32.0,voiture,voiture,5,2,2,1,3
201900005259,2019-08-11 13:35:00,2019,8,11,13,35,93,93066,CALON,48.925,2.342,Plein jour,En agglomération,Intersection en T,Normale,Sans collision,3,-1,2,0,1,1,1,0,1,50,1,1,0,0,0,1,,,,,1,2,3,1,7
201900005260,2019-08-12 00:45:00,2019,8,12,0,45,93,93055,JEAN JAURES (AVENUE) (76/128),48.905597,2.394263,Nuit avec éclairage allumé,En agglomération,Hors intersection,Normale,Autre collision,3,1,1,0,1,1,1,0,1,50,1,1,0,0,1,0,,,,,5,2,1,1,6
201900005261,2019-08-12 17:20:00,2019,8,12,17,20,93,93050,GENERAL DE GAULLE (AVENUE),48.8585,2.53437,Plein jour,En agglomération,Hors intersection,Temps couvert,Deux véhicules - côté,3,2,4,0,1,1,2,0,1,50,2,2,1,0,0,1,34.0,35.0,voiture,voiture,1,2,1,8,3
201900005262,2019-08-12 10:24:00,2019,8,12,10,24,93,93048,PARIS (RUE DE),48.85661,2.42746,Plein jour,En agglomération,Intersection en X,Normale,Deux véhicules - côté,3,2,2,0,1,1,1,0,1,50,2,2,1,0,0,1,63.0,38.0,voiture,deux_roues,1,2,2,1,3
201900005263,2019-08-11 11:10:00,2019,8,11,11,10,93,93063,PARIS RUE DE,48.88425,2.43484,Plein jour,En agglomération,Hors intersection,Normale,Deux véhicules - côté,9,1,1,0,1,1,1,0,1,50,2,1,0,0,0,1,70.0,,deux_roues,,1,2,1,1,3
201900005264,2019-08-11 10:45:00,2019,8,11,10,45,93,93061,DANTON RUE,48.8845,2.4071,Plein jour,En agglomération,Intersection en T,Normale,Autre collision,9,1,1,0,1,1,1,9,1,50,1,1,0,0,1,0,,,,,1,2,3,1,6
201900005265,2019-08-12 08:30:00,2019,8,12,8,30,93,93007,8 MAI 45 (AVENUE DU 1 AU 182),48.945086,2.435139,Plein jour,En agglomération,Intersection en X,Normale,Deux véhicules - arrière,3,2,4,0,1,1,1,0,3,50,2,1,0,0,0,1,33.0,,voiture,,1,2,2,1,2
201900005266,2019-08-12 13:20:00,2019,8,12,13,20,93,93005,RAOUL DUFY (AVENUE),48.95801,2.50486,Plein jour,En agglomération,Autre intersection,Pluie légère,Trois véhicules et plus - en chaîne,3,-1,0,0,1,1,2,5,1,50,3,3,2,0,0,1,37.0,40.0,utilitaire_camion,voiture,1,2,9,2,4
201900005267,2019-08-12 13:50:00,2019,8,12,13,50,93,93001,VICTOR HUGO (AVE)  => 120,48.90493,2.37413,Plein jour,En agglomération,Hors intersection,Normale,Autre collision,3,-1,4,0,1,1,1,0,1,30,1,2,1,0,0,1,37.0,,deux_roues,,1,2,1,1,6
201900005268,2019-08-12 12:40:00,2019,8,12,12,40,92,92036,PRINCIPALE DU PORT (ROUTE) (2>S/SA15),48.93842,2.28023,Plein jour,En agglomération,Intersection en X,Normale,Deux véhicules - arrière,4,2,4,0,1,1,1,0,1,50,2,3,1,0,0,2,18.0,40.0,voiture,utilitaire_camion,1,2,2,1,2
201900005269,2019-08-12 10:50:00,2019,8,12,10,50,92,92036,LAURENT CELY (AVENUE) (1/143),48.9174,2.30743,Plein jour,En agglomération,Intersection en Y,Normale,Deux véhicules - côté,3,2,2,0,1,1,1,0,1,50,2,2,1,0,0,1,42.0,59.0,voiture,deux_roues,1,2,4,1,3
201900005270,2019-08-11 00:40:00,2019,8,11,0,40,92,92025,PAUL BERT (RUE),48.9260181,2.2471762,Nuit sans éclairage public,En agglomération,Hors intersection,Normale,Deux véhicules - côté,3,-1,4,0,1,1,1,0,1,50,2,2,1,0,0,1,39.0,42.0,voiture,voiture,3,2,1,1,3
201900005271,2019-08-12 17:30:00,2019,8,12,17,30,92,92012,JULES GUESDE/NATIONALE (PLACE),48.82693,2.24211,Plein jour,En agglomération,Place,Normale,Deux véhicules - côté,4,1,1,0,1,1,1,0,1,50,2,2,1,0,0,1,44.0,59.0,voiture,deux_roues,1,2,7,1,3
201900005272,2019-07-12 13:15:00,2019,7,12,13,15,92,92012,VICTOR HUGO (AVENUE) DEBUT/47 BIS- DEBUT,48.8403,2.24738,Plein jour,En agglomération,Hors intersection,Normale,Autre collision,4,2,1,0,1,1,1,0,1,50,1,2,1,0,0,1,61.0,,voiture,,1,2,1,1,6
201900005273,2019-07-12 03:10:00,2019,7,12,3,10,92,92012,GENERAL LECLERC (AVENUE DU) ,48.8332909,2.2425203,Plein jour,En agglomération,Hors intersection,Normale,Autre collision,3,2,1,0,1,1,2,1,1,50,1,1,0,0,0,1,21.0,,voiture,,1,2,1,1,6
201900005274,2019-07-11 02:30:00,2019,7,11,2,30,92,92012,ILE DE FRANCE (PASSAGE),48.83084,2.23474,Nuit avec éclairage allumé,En agglomération,Hors intersection,Normale,Autre collision,4,2,1,0,1,1,1,0,1,50,1,1,0,0,0,1,13.0,,deux_roues,,5,2,1,1,6
201900005275,2019-08-11 14:45:00,2019,8,11,14,45,976,97610,Route Nationale 1 - Majicavo-Koropa,-12.745078,45.220784,Plein jour,En agglomération,Autre intersection,Normale,Autre collision,2,2,2,0,1,1,1,0,1,30,1,2,1,0,1,0,57.0,,voiture,,1,2,9,1,6
201900005276,2019-08-11 16:30:00,2019,8,11,16,30,10,10042,7 Rue de Berluviers,48.170494,3.689135,Plein jour,En agglomération,Hors intersection,Normale,Sans collision,9,2,2,0,1,2,1,0,3,50,1,2,0,0,1,1,64.0,,deux_roues,,1,2,1,1,7
201900005277,2019-08-13 15:15:00,2019,8,13,15,15,6,06095,Route de Draguignan,43.6389079,6.8677331,Plein jour,En agglomération,Hors intersection,Normale,Deux véhicules - frontale,3,2,2,0,2,3,1,0,1,50,2,2,0,0,1,1,54.0,72.0,voiture,voiture,1,2,1,1,1
201900005278,2019-08-12 17:10:00,2019,8,12,17,10,38,38337,Rue Sadi Carnot / Rue Igor Stravinsky,45.34988,5.50136,Plein jour,En agglomération,Intersection en T,Normale,Deux véhicules - côté,4,2,2,0,1,1,1,0,1,50,2,2,1,0,0,1,46.0,17.0,voiture,deux_roues,1,2,3,1,3
201900005279,2019-08-13 11:30:00,2019,8,13,11,30,42,42322,Route du Planil,45.413047,4.536485,Plein jour,Hors agglomération,Intersection en Y,Normale,Deux véhicules - frontale,3,4,2,0,4,1,1,0,1,80,2,2,1,0,1,0,20.0,66.0,voiture,deux_roues,1,1,4,1,1
201900005280,2019-08-12 14:10:00,2019,8,12,14,10,23,23075,"Intersection rue des Sabots, rue du Barreau Vert",46.306796,1.663982,Plein jour,En agglomération,Intersection en T,Normale,Deux véhicules - côté,4,2,2,0,1,1,1,0,1,50,2,2,1,0,1,0,80.0,17.0,voiture,deux_roues,1,2,3,1,3
201900005281,2019-08-13 09:50:00,2019,8,13,9,50,62,62437,D126,50.53742,1.989492,Plein jour,Hors agglomération,Hors intersection,Temps couvert,Trois véhicules et plus - collisions multiples,3,2,2,0,2,1,1,0,1,80,4,9,6,0,3,0,49.0,38.0,voiture,voiture,1,1,1,8,5
201900005282,2019-08-12 21:05:00,2019,8,12,21,5,74,74258,Route Departemantale 4,46.07996,6.697578,Nuit sans éclairage public,Hors agglomération,Hors intersection,Normale,Sans collision,3,2,2,0,1,1,1,0,3,80,1,1,0,0,1,0,31.0,,voiture,,3,1,1,1,7
201900005283,2019-08-11 17:45:00,2019,8,11,17,45,2B,2B123,Bruscheto,41.996526,9.446942,Plein jour,En agglomération,Hors intersection,Normale,Autre collision,4,2,2,0,1,2,1,0,3,50,2,6,5,0,1,0,45.0,19.0,voiture,voiture,1,2,1,1,6
201900005284,2019-08-13 15:15:00,2019,8,13,15,15,82,82013,Avenue du lac,43.879625,0.991025,Plein jour,En agglomération,Giratoire,Normale,Deux véhicules - côté,3,1,1,0,1,2,1,5,1,50,2,2,1,0,0,1,75.0,56.0,deux_roues,voiture,1,2,6,1,3
201900005285,2019-08-13 10:50:00,2019,8,13,10,50,65,65050,D 618,42.838882,0.411752,Plein jour,Hors agglomération,Hors intersection,Normale,Autre collision,3,2,2,0,2,1,1,0,1,80,1,2,0,0,0,2,53.0,,deux_roues,,1,1,1,1,6
201900005286,2019-08-12 17:25:00,2019,8,12,17,25,81,81182,La Pinié,43.7463241,2.2763682,Plein jour,Hors agglomération,Hors intersection,Normale,Deux véhicules - frontale,3,2,2,0,1,1,1,0,1,80,2,3,0,0,2,1,51.0,84.0,voiture,voiture,1,1,1,1,1
201900005287,2019-08-12 22:40:00,2019,8,12,22,40,71,71502,RD5,46.830627,4.920826,Nuit sans éclairage public,Hors agglomération,Hors intersection,Normale,Sans collision,3,2,2,0,1,1,1,0,8,80,1,1,0,0,1,0,32.0,,voiture,,3,1,1,1,7
201900005288,2019-08-13 17:20:00,2019,8,13,17,20,71,71014,Boulevard Frédéric Latouche,46.952792,4.302442,Plein jour,En agglomération,Hors intersection,Normale,Sans collision,4,2,2,0,2,1,1,0,4,50,1,1,0,0,0,1,59.0,,deux_roues,,1,2,1,1,7
201900005289,2019-08-11 09:40:00,2019,8,11,9,40,42,42017,rue du féria,45.368744,4.516079,Plein jour,En agglomération,Hors intersection,Normale,Autre collision,3,1,1,0,2,1,1,0,1,50,1,2,0,0,0,2,64.0,,deux_roues,,1,2,1,1,6
201900005290,2019-08-12 12:15:00,2019,8,12,12,15,39,39323,,47.165767,5.496504,Plein jour,Hors agglomération,Hors intersection,Normale,Autre collision,3,2,2,0,1,2,1,0,3,80,1,1,0,0,1,0,24.0,,deux_roues,,1,1,1,1,6
201900005291,2019-07-19 15:30:00,2019,7,19,15,30,35,35360,Avenue d'Helmstedt,48.119191,-1.187615,Plein jour,En agglomération,Intersection en T,Normale,Deux véhicules - côté,3,2,2,0,1,1,1,0,1,50,2,2,1,0,1,0,76.0,59.0,voiture,utilitaire_camion,1,2,3,1,3
201900005292,2019-08-05 10:15:00,2019,8,5,10,15,35,35302,bel-air,48.187185,-2.168862,Plein jour,Hors agglomération,Intersection en Y,Normale,Deux véhicules - côté,2,1,1,0,2,1,1,3,1,110,2,2,1,0,1,0,29.0,75.0,utilitaire_camion,deux_roues,1,1,4,1,3
201900005293,2019-08-13 16:00:00,2019,8,13,16,0,38,38074,PK 31 +300,45.233149,5.44361,Plein jour,Hors agglomération,Hors intersection,Normale,Trois véhicules et plus - en chaîne,3,2,2,0,1,1,1,0,1,80,3,3,2,0,0,1,19.0,19.0,deux_roues,deux_roues,1,1,1,1,4
201900005294,2019-08-06 20:45:00,2019,8,6,20,45,1,01457,Route de Biziat,46.2178,4.977141,Crépuscule ou aube,Hors agglomération,Hors intersection,Normale,Sans collision,3,2,2,0,1,1,1,0,8,70,1,1,0,0,1,0,17.0,,deux_roues,,2,1,1,1,7
201900005295,2019-08-12 15:10:00,2019,8,12,15,10,70,70038,CD 24,47.500559,6.133444,Plein jour,Hors agglomération,Hors intersection,Normale,Deux véhicules - frontale,3,2,2,0,1,4,1,0,1,80,2,2,0,0,2,0,46.0,19.0,voiture,voiture,1,1,1,1,1
201900005296,2019-08-13 13:45:00,2019,8,13,13,45,50,50064,route départentle 15,49.3859298,-1.454469,Plein jour,Hors agglomération,Hors intersection,Normale,Sans collision,3,2,2,0,1,2,2,0,1,80,1,1,0,0,1,0,19.0,,voiture,,1,1,1,1,7
201900005297,2019-08-12 14:10:00,2019,8,12,14,10,60,60471,''mondial pare brise'' - zac du mont renaud,49.571898,2.9757111,Plein jour,En agglomération,Autre intersection,Normale,Autre collision,6,-1,-1,0,1,1,1,9,8,50,1,2,1,0,0,1,53.0,,voiture,,1,2,9,1,6
201900005298,2019-08-04 12:45:00,2019,8,4,12,45,64,64108,D 29,43.511652,-0.896908,Plein jour,Hors agglomération,Hors intersection,Normale,Sans collision,3,2,2,0,2,2,1,0,1,80,1,2,0,0,0,2,53.0,,deux_roues,,1,1,1,1,7
201900005299,2019-08-10 05:15:00,2019,8,10,5,15,64,64527,D 88,43.3455492,-1.4709391,Nuit sans éclairage public,En agglomération,Hors intersection,Pluie légère,Sans collision,3,2,2,0,2,3,2,0,3,70,1,1,0,0,1,0,23.0,,voiture,,3,2,1,2,7
201900005300,2019-08-13 08:51:00,2019,8,13,8,51,4,04123,RD 4075 Les Hostes,44.28206,5.847316,Plein jour,Hors agglomération,Hors intersection,Normale,Trois véhicules et plus - collisions multiples,3,2,2,0,1,1,1,0,1,70,3,6,5,0,1,0,41.0,63.0,voiture,utilitaire_camion,1,1,1,1,5