accident_id,datetime,annee,mois,jour,heure,minute,departement,commune_insee,adresse,latitude,longitude,luminosite,agglomeration,intersection,meteo,collision,catr,circ,nbv,vosp,prof,plan,surf,infra,situ,vma,nb_vehicules,nb_usagers,nb_indemnes,nb_tues,nb_blesses_hosp,nb_blesses_legers,age_cond_1,age_cond_2,veh_type_cond_1,veh_type_cond_2,lum_code,agg_code,int_code,atm_code,col_code
201900005481,2019-11-24 19:50:00,2019,11,24,19,50,93,93010,AULNAY (ROUTE) DE 1 A 45 COTE IMPAIRE,48.908124,2.480203,Nuit avec éclairage allumé,En agglomération,Hors intersection,Normale,Deux véhicules - côté,4,2,2,0,1,1,1,0,1,50,2,2,1,0,0,1,27.0,19.0,voiture,voiture,5,2,1,1,3
201900005482,2019-11-24 10:30:00,2019,11,24,10,30,92,92072,Rond Point des Bruyères,48.8116305,2.2114634,Plein jour,En agglomération,Hors intersection,Normale,Deux véhicules - arrière,3,-1,2,0,1,2,1,0,1,50,2,2,1,0,0,1,28.0,60.0,voiture,deux_roues,1,2,1,1,2
201900005483,2019-11-25 08:45:00,2019,11,25,8,45,92,92076,BOULEVARD DE LA REPUBLIQUE,48.8370576,2.1492253,Plein jour,En agglomération,Intersection en X,Normale,Deux véhicules - côté,3,2,3,3,1,1,1,0,1,50,2,3,1,0,0,2,16.0,77.0,deux_roues,voiture,1,2,2,1,3
201900005484,2019-11-25 09:15:00,2019,11,25,9,15,92,92048,CAPUCINS (RUE DES) N° 1 A 31,48.81479,2.22844,Plein jour,En agglomération,Hors intersection,Normale,Autre collision,4,2,2,0,2,1,1,0,1,50,1,2,1,0,0,1,33.0,,voiture,,1,2,1,1,6
201900005485,2019-11-23 00:15:00,2019,11,23,0,15,92,92036,BASSIN N°6 (ROUTE DU),48.9447104,2.2952093,Nuit avec éclairage allumé,En agglomération,Intersection en X,Pluie légère,Autre collision,4,2,3,0,1,1,2,0,1,50,1,2,1,0,0,1,65.0,,voiture,,5,2,2,2,6
201900005486,2019-11-22 20:20:00,2019,11,22,20,20,92,92036,ARGENTEUIL (AVENUE D'),48.93564,2.26092,Nuit avec éclairage allumé,En agglomération,Intersection en X,Normale,Deux véhicules - côté,3,2,4,0,1,1,1,0,1,50,2,3,2,0,0,1,18.0,40.0,voiture,voiture,5,2,2,1,3
201900005487,2019-11-25 12:10:00,2019,11,25,12,10,92,92012,ANDRE MORIZET (AVENUE) 1/47 - 2/52,48.8352487,2.2408535,Plein jour,En agglomération,Hors intersection,Normale,Autre collision,3,2,2,0,1,1,1,0,1,50,1,2,1,0,0,1,41.0,,deux_roues,,1,2,1,1,6
201900005488,2019-11-25 17:25:00,2019,11,25,17,25,92,92007,LATERAL (CHEMIN),48.797709,2.29688,Nuit avec éclairage allumé,En agglomération,Intersection en T,Pluie légère,Autre collision,4,-1,2,0,1,1,2,0,1,50,1,2,1,0,0,1,57.0,,voiture,,5,2,3,2,6
201900005489,2019-11-24 00:20:00,2019,11,24,0,20,92,92002,DIVISION LECLERC (53 A 217 - 58 A 186),48.7449514,2.3033022,Nuit avec éclairage allumé,En agglomération,Hors intersection,Normale,Autre collision,3,2,4,1,2,1,2,0,1,50,1,1,0,0,1,0,35.0,,voiture,,5,2,1,1,6
201900005490,2019-11-25 16:35:00,2019,11,25,16,35,83,83072,,43.477356,6.321945,Crépuscule ou aube,Hors agglomération,Hors intersection,Normale,Deux véhicules - frontale,3,2,2,0,1,3,1,0,1,80,2,4,0,0,0,4,34.0,45.0,voiture,voiture,2,1,1,1,1
201900005491,2019-10-05 02:15:00,2019,10,5,2,15,38,38425,Rue de Narvick,45.41003,4.77289,Nuit sans éclairage public,En agglomération,Hors intersection,Normale,Autre collision,4,2,2,0,1,1,1,4,3,50,1,3,0,0,2,1,22.0,,voiture,,3,2,1,1,6
201900005492,2019-11-24 20:00:00,2019,11,24,20,0,31,31467,41 Rue de Fenouillet,43.687839,1.406007,Nuit avec éclairage non allumé,En agglomération,Giratoire,Autre,Deux véhicules - côté,3,2,2,0,1,2,1,5,1,50,2,2,1,0,0,1,74.0,21.0,voiture,deux_roues,4,2,6,9,3
201900005493,2019-11-26 07:45:00,2019,11,26,7,45,60,60395,D927,49.255409,2.123814,Crépuscule ou aube,Hors agglomération,Hors intersection,Temps couvert,Sans collision,3,2,2,0,1,1,2,0,8,80,1,1,0,0,0,1,41.0,,voiture,,2,1,1,8,7
201900005494,2019-11-25 08:00:00,2019,11,25,8,0,54,54514,RD618,49.508347,5.639804,Plein jour,Hors agglomération,Hors intersection,Brouillard / fumée,Deux véhicules - frontale,3,2,2,0,1,1,1,0,1,80,2,2,0,0,1,1,70.0,18.0,voiture,voiture,1,1,1,5,1
201900005495,2019-11-22 22:10:00,2019,11,22,22,10,22,22193,Plestan,48.422803,-2.452213,Nuit sans éclairage public,Hors agglomération,Hors intersection,Pluie forte,Sans collision,2,3,4,0,1,1,2,0,1,110,1,1,0,0,0,1,30.0,,deux_roues,,3,1,1,3,7
201900005496,2019-11-26 07:50:00,2019,11,26,7,50,60,60176,Rue Marie Rotsen,49.227092,2.888273,Crépuscule ou aube,En agglomération,Hors intersection,Normale,Autre collision,4,2,2,0,1,1,2,0,1,50,1,2,1,0,0,1,23.0,,voiture,,2,2,1,1,6
201900005497,2019-11-26 07:20:00,2019,11,26,7,20,60,60448,23 Rue Louis Faussard,49.117823,3.064404,Nuit avec éclairage allumé,En agglomération,Hors intersection,Pluie légère,Deux véhicules - arrière,3,2,2,0,1,1,2,0,1,50,2,2,0,0,0,2,37.0,18.0,voiture,voiture,5,2,1,2,2
201900005498,2019-11-25 18:05:00,2019,11,25,18,5,60,60176,Route de Compiegne,49.240287,2.8819559,Nuit avec éclairage allumé,En agglomération,Hors intersection,Pluie légère,Trois véhicules et plus - collisions multiples,3,2,2,0,2,1,2,0,5,80,4,4,3,0,0,1,48.0,26.0,voiture,voiture,5,2,1,2,5
201900005499,2019-07-26 21:05:00,2019,7,26,21,5,30,30086,Route de Saint-chaptes,44.001301,4.290381,Crépuscule ou aube,Hors agglomération,Hors intersection,Normale,Sans collision,3,2,2,0,1,2,1,0,3,80,1,1,0,0,1,0,70.0,,voiture,,2,1,1,1,7
201900005500,2019-02-06 08:05:00,2019,2,6,8,5,80,80131,RD 934,49.84239,2.42846,Plein jour,Hors agglomération,Hors intersection,Normale,Deux véhicules - arrière,3,2,2,0,2,1,1,0,1,110,2,2,1,0,0,1,22.0,47.0,voiture,voiture,1,1,1,1,2
201900005501,2019-12-21 10:35:00,2019,12,21,10,35,972,97209,MARNE (BOULEVARD DE LA),14.6047,-61.0845,Plein jour,En agglomération,Giratoire,Normale,Deux véhicules - côté,2,2,4,0,1,4,1,0,1,50,2,2,1,0,0,1,65.0,26.0,voiture,deux_roues,1,2,6,1,3
201900005502,2019-11-08 11:50:00,2019,11,8,11,50,77,77307,ROME ( RUE DE ),48.859104,2.758444,Plein jour,En agglomération,Hors intersection,Normale,Deux véhicules - côté,4,2,2,0,1,1,1,0,1,50,2,2,1,0,0,1,30.0,19.0,deux_roues,voiture,1,2,1,1,3
201900005503,2019-12-22 15:40:00,2019,12,22,15,40,37,37261,CALAIS (RUE DE),47.4215898,0.6860226,Plein jour,En agglomération,Intersection en X,Normale,Deux véhicules - côté,4,2,2,0,1,1,2,0,1,50,2,4,2,0,0,2,38.0,22.0,utilitaire_camion,utilitaire_camion,1,2,2,1,3
201900005504,2019-05-21 09:40:00,2019,5,21,9,40,2A,2A004,Parking Géant,41.949918,8.774964,Plein jour,En agglomération,Intersection en T,Normale,Deux véhicules - côté,6,2,-1,-1,1,1,1,0,1,30,2,2,1,0,0,1,31.0,43.0,deux_roues,voiture,1,2,3,1,3
201900005505,2019-08-10 18:15:00,2019,8,10,18,15,13,13056,ESTANDADOUS ALLEE DES,43.41758,5.05846,Plein jour,Hors agglomération,Hors intersection,Normale,Deux véhicules - côté,4,2,2,0,1,1,1,0,1,50,2,2,1,0,0,1,56.0,33.0,voiture,deux_roues,1,1,1,1,3
201900005506,2019-11-09 19:30:00,2019,11,9,19,30,92,92036,CROIX DE VIGNES (RUE),48.928659,2.299518,Nuit avec éclairage allumé,En agglomération,Intersection en X,Normale,Deux véhicules - côté,3,2,2,0,1,1,1,0,1,50,2,2,1,0,0,1,32.0,22.0,voiture,deux_roues,5,2,2,1,3
201900005507,2019-10-19 23:55:00,2019,10,19,23,55,49,49180,Route de Saumur,47.370455,-0.098705,Nuit sans éclairage public,En agglomération,Giratoire,Pluie légère,Deux véhicules - frontale,3,4,1,0,1,2,2,5,1,50,2,3,2,0,0,1,17.0,22.0,deux_roues,voiture,3,2,6,2,1
201900005508,2019-12-31 14:15:00,2019,12,31,14,15,54,54323,RAYMOND POINCARE (AVENUE),49.52518,5.773733,Plein jour,En agglomération,Hors intersection,Normale,Deux véhicules - côté,4,2,2,0,1,2,1,0,1,50,2,2,1,0,0,1,65.0,60.0,voiture,deux_roues,1,2,1,1,3
201900005509,2019-12-25 13:30:00,2019,12,25,13,30,59,59311,57 Rue du Cheminet,50.068885,3.464835,Plein jour,Hors agglomération,Hors intersection,Normale,Sans collision,4,2,2,0,2,1,6,0,6,50,1,1,0,0,1,0,46.0,,deux_roues,,1,1,1,1,7
201900005510,2019-12-23 17:20:00,2019,12,23,17,20,58,58218,D2 - PR 0+5,47.181101,3.315551,Nuit sans éclairage public,Hors agglomération,Hors intersection,Normale,Autre collision,3,2,2,0,3,3,1,0,3,80,1,2,0,0,0,2,69.0,,voiture,,3,1,1,1,6
201900005511,2019-12-13 00:50:00,2019,12,13,0,50,54,54265,Autoroute 33,48.62949,6.18004,Nuit sans éclairage public,Hors agglomération,Hors intersection,Pluie légère,Deux véhicules - côté,1,3,5,3,2,1,2,0,1,110,2,2,1,0,0,1,19.0,43.0,voiture,utilitaire_camion,3,1,1,2,3
201900005512,2019-09-03 16:45:00,2019,9,3,16,45,42,42207,FONSALA BOULEVARD,45.47293,4.52983,Plein jour,En agglomération,Hors intersection,Normale,Autre collision,4,2,2,0,2,1,1,0,1,50,2,3,2,0,0,1,62.0,31.0,voiture,voiture,1,2,1,1,6
201900005513,2019-12-25 23:20:00,2019,12,25,23,20,974,97413,N1,-21.192665,55.296169,Nuit sans éclairage public,Hors agglomération,Hors intersection,Normale,Autre collision,2,3,4,0,1,2,1,0,3,110,1,4,0,0,1,3,19.0,,voiture,,3,1,1,1,6
201900005514,2019-12-23 07:20:00,2019,12,23,7,20,28,28164,N154,48.237676,1.783658,Nuit sans éclairage public,Hors agglomération,Hors intersection,Normale,Deux véhicules - frontale,2,2,2,0,1,1,1,0,1,80,2,3,0,0,1,2,69.0,20.0,voiture,voiture,3,1,1,1,1
201900005515,2019-03-05 17:00:00,2019,3,5,17,0,17,17086,RN 141,45.745534,-0.57334,Plein jour,Hors agglomération,Intersection en X,Normale,Deux véhicules - côté,2,2,2,0,1,1,1,5,1,80,2,2,1,0,0,1,48.0,76.0,utilitaire_camion,voiture,1,1,2,1,3
201900005516,2019-01-09 08:35:00,2019,1,9,8,35,92,92044,ANA.FRANCE(RUE) 141+ ET 126 +,48.8980242,2.2796604,Nuit avec éclairage allumé,En agglomération,Intersection en T,Normale,Autre collision,3,1,2,0,1,1,1,0,1,50,1,2,1,0,1,0,41.0,,voiture,,5,2,3,1,6
201900005517,2019-12-11 15:30:00,2019,12,11,15,30,78,78267,RUE PIERRE ANDRE,48.991095,1.808782,Plein jour,En agglomération,Giratoire,Temps éblouissant,Autre collision,3,1,1,0,1,2,1,9,1,50,1,2,1,0,1,0,35.0,,voiture,,1,2,6,7,6
201900005518,2019-12-31 20:40:00,2019,12,31,20,40,13,13001,SAPORTA GASTON DE (RUE),43.532667,5.446399,Nuit avec éclairage allumé,En agglomération,Intersection à plus de 4 branches,Normale,Deux véhicules - côté,4,1,3,3,1,1,1,5,1,50,2,3,1,0,0,2,19.0,48.0,deux_roues,voiture,5,2,5,1,3
201900005519,2019-08-08 07:05:00,2019,8,8,7,5,75,75117,BOULEVARD DE COURCELLES,48.87985,2.306394,Plein jour,En agglomération,Hors intersection,Normale,Deux véhicules - côté,4,2,2,0,1,1,1,0,1,50,2,3,2,0,0,1,40.0,63.0,voiture,voiture,1,2,1,1,3
201900005520,2019-08-17 20:30:00,2019,8,17,20,30,75,75110,RUE DU FAUBOURG SAINT MARTIN,48.8804013,2.3643155,Crépuscule ou aube,En agglomération,Intersection en T,Pluie forte,Deux véhicules - côté,4,2,2,0,1,1,2,0,1,50,2,2,1,0,0,1,42.0,20.0,deux_roues,deux_roues,2,2,3,3,3
201900005521,2019-11-05 14:10:00,2019,11,5,14,10,95,95580,D16,49.085074,2.551704,Plein jour,Hors agglomération,Intersection en T,Normale,Deux véhicules - côté,3,2,2,0,1,1,1,3,1,50,2,2,1,0,1,0,50.0,54.0,voiture,voiture,1,1,3,1,3
201900005522,2019-11-30 03:30:00,2019,11,30,3,30,38,38544,RHONE(BOULEVARD DU),45.5362,4.87,Nuit avec éclairage allumé,En agglomération,Hors intersection,Normale,Autre collision,3,3,0,0,1,1,1,0,1,50,1,2,0,0,0,2,34.0,,utilitaire_camion,,5,2,1,1,6
201900005523,2019-11-23 20:15:00,2019,11,23,20,15,36,36202,ANCIENNE ROUTE DE TOURS,46.8324672,1.6102963,Nuit sans éclairage public,Hors agglomération,Hors intersection,Temps couvert,Trois véhicules et plus - en chaîne,3,3,4,0,4,1,2,0,1,110,4,7,0,0,0,7,38.0,26.0,voiture,voiture,3,1,1,8,4
201900005524,2019-10-11 09:45:00,2019,10,11,9,45,36,36044,RUE DIEUDONNE COSTES,46.81889,1.71772,Plein jour,En agglomération,Hors intersection,Normale,Autre collision,4,2,2,0,1,1,1,0,4,50,1,2,1,0,1,0,53.0,,voiture,,1,2,1,1,6
201900005525,2019-12-09 10:35:00,2019,12,9,10,35,22,22251,Rue de Remelet,48.5696521,-2.8178322,Plein jour,En agglomération,Place,Normale,Autre collision,6,-1,-1,0,1,1,2,0,1,30,1,2,1,0,0,1,32.0,,voiture,,1,2,7,1,6
201900005526,2019-12-20 22:00:00,2019,12,20,22,0,37,37096,D140,47.345192,0.94789,Nuit sans éclairage public,Hors agglomération,Hors intersection,Normale,Sans collision,3,2,2,0,1,1,1,0,8,80,1,1,0,0,1,0,28.0,,voiture,,3,1,1,1,7
201900005527,2019-12-23 10:45:00,2019,12,23,10,45,50,50129,NORMANDIE (AVENUE DE),49.62692,-1.63451,Plein jour,En agglomération,Intersection en T,Normale,Deux véhicules - arrière,4,2,2,0,1,1,2,0,1,30,2,5,4,0,1,0,27.0,20.0,voiture,voiture,1,2,3,1,2
201900005528,2019-05-04 07:00:00,2019,5,4,7,0,971,97125,D118,16.251439,-61.209995,Plein jour,Hors agglomération,Hors intersection,Normale,Trois véhicules et plus - en chaîne,3,2,2,0,1,1,1,0,1,-1,3,3,1,0,1,1,51.0,57.0,deux_roues,deux_roues,1,1,1,1,4
201900005529,2019-12-20 08:02:00,2019,12,20,8,2,19,19101,21 Avenue de Coulaud,45.2483497,1.7702606,Nuit sans éclairage public,En agglomération,Intersection en Y,Pluie légère,Autre collision,3,2,2,0,1,3,2,3,1,-1,1,2,1,0,1,0,76.0,,voiture,,3,2,4,2,6
201900005530,2019-10-04 16:30:00,2019,10,4,16,30,42,42071,ETINES (BOULEVARD DES),46.024917,4.090348,Plein jour,En agglomération,Intersection en X,Normale,Autre collision,4,2,2,0,1,1,1,0,1,50,1,2,1,0,1,0,22.0,,transport_commun,,1,2,2,1,6
201900005531,2019-07-30 07:00:00,2019,7,30,7,0,73,73065,Rue Rabelais,45.570372,5.9039595,Crépuscule ou aube,En agglomération,Hors intersection,Normale,Autre collision,4,1,1,0,1,1,1,0,1,30,1,1,0,0,0,1,51.0,,deux_roues,,2,2,1,1,6
201900005532,2019-04-28 10:50:00,2019,4,28,10,50,69,69266,LEON BLUM      (Rue),45.76428,4.91781,Plein jour,En agglomération,Hors intersection,Pluie légère,Deux véhicules - côté,4,2,4,0,1,1,2,0,1,50,2,3,2,0,0,1,26.0,26.0,voiture,voiture,1,2,1,2,3
201900005533,2019-07-19 12:50:00,2019,7,19,12,50,73,73065,D991 RP Forum,45.592017,5.9188031,Plein jour,En agglomération,Giratoire,Normale,Autre collision,3,1,1,0,2,3,1,5,1,50,1,1,0,0,1,0,67.0,,voiture,,1,2,6,1,6
201900005534,2019-06-17 10:42:00,2019,6,17,10,42,6,06029,SOURCE (BOULEVARD DE LA),43.546257,7.046298,Plein jour,En agglomération,Hors intersection,Pluie légère,Autre collision,4,2,2,0,1,1,1,0,1,50,2,2,1,1,0,0,76.0,71.0,deux_roues,deux_roues,1,2,1,2,6
201900005535,2019-12-20 09:30:00,2019,12,20,9,30,84,84007,LAVARIN (Chemin du ),43.927272,4.804556,Plein jour,En agglomération,Hors intersection,Pluie forte,Autre collision,4,2,5,1,2,1,1,0,1,50,1,2,1,0,1,0,22.0,,voiture,,1,2,1,3,6
201900005536,2019-12-17 18:30:00,2019,12,17,18,30,62,62758,SAINT OMER ( Route de ),50.72578,1.63405,Nuit avec éclairage allumé,En agglomération,Hors intersection,Pluie légère,Autre collision,4,2,2,0,1,1,2,6,1,50,1,2,1,0,1,0,83.0,,voiture,,5,2,1,2,6
201900005537,2019-11-06 08:35:00,2019,11,6,8,35,6,06030,ROOSEVELT (AVENUE FRANKLIN)CANNET,43.574753,6.999014,Plein jour,En agglomération,Hors intersection,Normale,Autre collision,4,2,2,0,1,1,1,0,1,50,1,2,1,1,0,0,24.0,,voiture,,1,2,1,1,6
201900005538,2019-01-18 07:00:00,2019,1,18,7,0,92,92044,GABRIEL PERI(RUE) 1A23 ET 2A36,48.8889303,2.2905572,Crépuscule ou aube,En agglomération,Intersection en T,Normale,Autre collision,4,1,1,0,1,1,1,0,1,50,1,2,1,0,0,1,24.0,,voiture,,2,2,3,1,6
201900005539,2019-10-06 12:00:00,2019,10,6,12,0,17,17263,RD 137,45.418636,-0.564444,Plein jour,Hors agglomération,Hors intersection,Pluie légère,Deux véhicules - frontale,3,2,2,0,1,1,1,0,1,80,2,2,0,0,1,1,53.0,51.0,voiture,voiture,1,1,1,2,1
201900005540,2019-12-24 13:30:00,2019,12,24,13,30,8,08363,Avenue Danton,49.938885,4.639288,Plein jour,En agglomération,Hors intersection,Normale,Autre collision,4,2,2,0,1,1,1,0,8,50,1,1,0,0,1,0,17.0,,deux_roues,,1,2,1,1,6
201900005541,2019-12-21 17:15:00,2019,12,21,17,15,987,98733,PK 23.500 - Route Territoriale 1,-17.689931,-149.548349,Plein jour,En agglomération,Hors intersection,Normale,Deux véhicules - côté,2,2,2,0,1,1,1,0,1,60,2,2,1,0,1,0,34.0,53.0,voiture,deux_roues,1,2,1,1,3
201900005542,2019-07-14 10:30:00,2019,7,14,10,30,73,73191,D921,45.5992209,5.766353,Plein jour,Hors agglomération,Hors intersection,Normale,Deux véhicules - arrière,3,2,2,0,2,1,1,0,1,80,2,2,1,0,1,0,62.0,80.0,voiture,deux_roues,1,1,1,1,2
201900005543,2019-12-29 01:20:00,2019,12,29,1,20,33,33392,100 Lacoste,44.587728,-0.277394,Nuit sans éclairage public,Hors agglomération,Hors intersection,Brouillard / fumée,Deux véhicules - frontale,3,2,2,0,1,3,1,0,1,80,2,2,1,0,1,0,18.0,27.0,deux_roues,voiture,3,1,1,5,1
201900005544,2019-12-22 17:48:00,2019,12,22,17,48,1,01165,Grande Rue,46.07,4.810499,Nuit avec éclairage allumé,En agglomération,Hors intersection,Pluie forte,Autre collision,3,2,2,0,1,1,2,0,1,50,1,5,2,0,1,2,26.0,,voiture,,5,2,1,3,6
201900005545,2019-07-02 15:45:00,2019,7,2,15,45,73,73065,av des bernardines,45.56674,5.914764,Plein jour,En agglomération,Hors intersection,Normale,Autre collision,4,3,2,2,1,1,1,0,1,50,1,2,1,0,0,1,65.0,,voiture,,1,2,1,1,6
201900005546,2019-09-01 06:25:00,2019,9,1,6,25,37,37266,a10,47.317273,0.688879,Nuit sans éclairage public,Hors agglomération,Hors intersection,Pluie légère,Trois véhicules et plus - en chaîne,1,3,4,0,1,1,2,9,1,130,4,8,5,0,0,3,49.0,44.0,voiture,voiture,3,1,1,2,4
201900005547,2019-12-06 18:20:00,2019,12,6,18,20,51,51250,RUE HILDEVERT LEFEVRE,49.3115874,3.6796396,Nuit avec éclairage allumé,En agglomération,Hors intersection,Pluie légère,Sans collision,4,2,2,0,3,1,2,0,1,50,1,2,1,0,0,1,62.0,,voiture,,5,2,1,2,7
201900005548,2019-12-12 17:45:00,2019,12,12,17,45,86,86137,16 Avenue de Ouagadougou,47.018814,0.091367,Nuit sans éclairage public,En agglomération,Intersection en X,Pluie forte,Trois véhicules et plus - collisions multiples,4,2,1,0,1,1,2,5,1,50,3,3,2,0,1,0,21.0,48.0,deux_roues,voiture,3,2,2,3,5
201900005549,2019-12-29 17:05:00,2019,12,29,17,5,60,60080,D115,49.2812592,1.9294976,Crépuscule ou aube,Hors agglomération,Hors intersection,Normale,Sans collision,3,2,2,0,1,1,1,0,3,80,1,2,0,0,1,1,20.0,,voiture,,2,1,1,1,7
201900005550,2019-12-21 00:23:00,2019,12,21,0,23,77,77484,A4,48.9080545,2.9439421,Nuit sans éclairage public,Hors agglomération,Hors intersection,Normale,Sans collision,1,3,2,0,1,1,1,0,3,130,1,4,3,0,0,1,22.0,,voiture,,3,1,1,1,7
201900005551,2019-05-22 17:40:00,2019,5,22,17,40,35,35363,,48.010309,-1.700887,Plein jour,En agglomération,Hors intersection,Normale,Autre collision,4,2,2,-1,1,1,1,0,1,50,1,2,1,0,0,1,43.0,,voiture,,1,2,1,1,6
201900005552,2019-11-30 18:00:00,2019,11,30,18,0,55,55029,VEEL ( RUE DE ),48.76655,5.15057,Nuit sans éclairage public,En agglomération,Hors intersection,Normale,Autre collision,4,2,2,0,2,1,1,0,4,50,1,1,0,0,1,0,26.0,,deux_roues,,3,2,1,1,6
201900005553,2019-12-23 04:55:00,2019,12,23,4,55,10,10339,D442,48.401357,3.770192,Nuit sans éclairage public,Hors agglomération,Hors intersection,Normale,Sans collision,3,2,2,0,1,1,1,0,8,80,1,1,0,0,0,1,32.0,,voiture,,3,1,1,1,7
201900005554,2019-12-29 14:15:00,2019,12,29,14,15,38,38553,87 Avenue des Pins,45.60325,5.146747,Plein jour,En agglomération,Hors intersection,Normale,Autre collision,4,2,2,0,2,1,1,0,1,50,1,1,0,0,0,1,22.0,,deux_roues,,1,2,1,1,6
201900005555,2019-10-09 05:20:00,2019,10,9,5,20,84,84007,PIERRE SEMARD (avenue),43.93399,4.83162,Nuit avec éclairage non allumé,En agglomération,Intersection en X,Normale,Deux véhicules - côté,4,4,5,1,1,1,1,0,1,50,2,4,2,0,1,1,44.0,25.0,voiture,voiture,4,2,2,1,3
201900005556,2019-07-25 09:10:00,2019,7,25,9,10,75,75117,BOULEVARD BERTHIER,48.8901166,2.3038083,Plein jour,En agglomération,Intersection en X,Normale,Deux véhicules - côté,4,2,2,0,1,1,1,0,1,50,2,2,1,0,0,1,39.0,21.0,deux_roues,utilitaire_camion,1,2,2,1,3
201900005557,2019-10-17 17:30:00,2019,10,17,17,30,25,25519,CD 437,47.29604,6.803412,Crépuscule ou aube,Hors agglomération,Hors intersection,Pluie forte,Autre collision,3,2,2,0,2,2,2,0,8,80,1,1,0,1,0,0,67.0,,voiture,,2,1,1,3,6
201900005558,2019-12-31 09:20:00,2019,12,31,9,20,49,49328,VIEUX VIVY (ROUTE DU),47.30526,-0.07286,Plein jour,Hors agglomération,Hors intersection,Brouillard / fumée,Deux véhicules - frontale,4,2,2,0,1,3,2,0,1,70,2,4,0,0,1,3,34.0,20.0,voiture,voiture,1,1,1,5,1
201900005559,2019-12-16 17:10:00,2019,12,16,17,10,35,35236,Boulevard Bonne Nouvelle,47.650364,-2.08156,Crépuscule ou aube,En agglomération,Intersection en T,Normale,Sans collision,3,2,2,0,2,1,3,9,8,50,1,1,0,1,0,0,84.0,,voiture,,2,2,3,1,7
201900005560,2019-12-27 18:18:00,2019,12,27,18,18,39,39063,,46.591567,5.839009,Nuit sans éclairage public,Hors agglomération,Hors intersection,Normale,Sans collision,3,2,2,0,1,3,1,0,8,80,1,4,2,0,0,2,21.0,,voiture,,3,1,1,1,7
201900005561,2019-12-22 18:30:00,2019,12,22,18,30,44,44157,L'Ardillais,46.942135,-1.730984,Nuit sans éclairage public,Hors agglomération,Intersection en X,Pluie légère,Deux véhicules - côté,3,2,2,0,1,1,2,5,1,80,2,5,0,0,1,4,47.0,20.0,voiture,voiture,3,1,2,2,3
201900005562,2019-12-23 17:15:00,2019,12,23,17,15,34,34213,RD613,43.474375,3.689012,Crépuscule ou aube,Hors agglomération,Hors intersection,Normale,Deux véhicules - côté,3,2,3,0,1,1,1,3,1,80,2,6,4,0,0,2,72.0,54.0,voiture,voiture,2,1,1,1,3
201900005563,2019-12-22 16:50:00,2019,12,22,16,50,13,13035,Chemin du Col de Melet,43.691436,5.017922,Crépuscule ou aube,Hors agglomération,Hors intersection,Normale,Deux véhicules - frontale,4,2,2,0,2,1,1,0,1,50,2,2,1,0,1,0,24.0,40.0,deux_roues,utilitaire_camion,2,1,1,1,1
201900005564,2019-12-20 18:15:00,2019,12,20,18,15,26,26332,A7,45.208309,4.871649,Nuit sans éclairage public,Hors agglomération,Hors intersection,Autre,Deux véhicules - frontale,1,1,3,0,3,1,2,0,1,130,2,3,0,1,1,1,52.0,48.0,voiture,voiture,3,1,1,9,1
201900005565,2019-12-28 22:45:00,2019,12,28,22,45,59,59063,75 Rue Victor Watremez,50.141056,3.381491,Nuit avec éclairage allumé,En agglomération,Intersection en X,Normale,Deux véhicules - arrière,3,2,3,0,1,1,1,5,1,50,2,6,4,0,1,1,55.0,18.0,voiture,voiture,5,2,2,1,2
201900005566,2019-11-16 18:00:00,2019,11,16,18,0,30,30011,ARAMON RUE D',43.9493,4.7881,Nuit sans éclairage public,Hors agglomération,Hors intersection,Normale,Deux véhicules - côté,3,2,2,0,2,1,1,2,1,70,2,2,1,0,1,0,68.0,17.0,voiture,deux_roues,3,1,1,1,3
201900005567,2019-09-27 23:00:00,2019,9,27,23,0,2,02691,BLUM (BD LEON),49.8409289,3.2913145,Nuit avec éclairage allumé,En agglomération,Intersection en T,Normale,Autre collision,4,2,0,0,1,1,1,0,1,50,1,4,2,0,1,1,49.0,,voiture,,5,2,3,1,6
201900005568,2019-05-06 15:15:00,2019,5,6,15,15,92,92040,PDT ROOSEVELT (QUAI DU),48.8311485,2.261981,Plein jour,En agglomération,Hors intersection,Normale,Autre collision,3,3,2,0,1,1,1,0,1,50,1,2,1,1,0,0,36.0,,utilitaire_camion,,1,2,1,1,6
201900005569,2019-09-27 14:20:00,2019,9,27,14,20,68,68333,Rue de la Vallée,47.619006,7.298212,Plein jour,En agglomération,Intersection en T,Pluie légère,Sans collision,3,2,2,0,1,1,2,0,1,-1,1,1,0,0,1,0,59.0,,deux_roues,,1,2,3,2,7
201900005570,2019-10-02 18:20:00,2019,10,2,18,20,62,62194,LATERALE ( RUE ),50.487904,2.489455,Crépuscule ou aube,En agglomération,Hors intersection,Normale,Autre collision,4,2,2,0,1,1,1,0,1,50,1,1,0,0,0,1,58.0,,deux_roues,,2,2,1,1,6
201900005571,2019-12-19 08:35:00,2019,12,19,8,35,44,44109,COTY   ( BD PRESIDENT RENE),47.208636,-1.586324,Crépuscule ou aube,En agglomération,Hors intersection,Normale,Autre collision,4,1,1,0,2,1,1,0,1,30,1,2,1,0,1,0,25.0,,voiture,,2,2,1,1,6