accident_id,datetime,annee,mois,jour,heure,minute,departement,commune_insee,adresse,latitude,longitude,luminosite,agglomeration,intersection,meteo,collision,catr,circ,nbv,vosp,prof,plan,surf,infra,situ,vma,nb_vehicules,nb_usagers,nb_indemnes,nb_tues,nb_blesses_hosp,nb_blesses_legers,age_cond_1,age_cond_2,veh_type_cond_1,veh_type_cond_2,lum_code,agg_code,int_code,atm_code,col_code
201900005665,2019-11-27 13:33:00,2019,11,27,13,33,87,87085,CHASSAGNE (RUE JEAN),45.81258,1.24312,Plein jour,Hors agglomération,Hors intersection,Pluie légère,Autre collision,4,2,2,0,2,2,2,0,1,30,1,1,0,0,0,1,22.0,,voiture,,1,1,1,2,6
201900005666,2019-11-28 08:50:00,2019,11,28,8,50,71,71309,TOULON (ROUTE DE),46.78285,4.39079,Plein jour,Hors agglomération,Hors intersection,Pluie légère,Deux véhicules - frontale,3,2,2,0,1,2,2,0,1,80,2,2,1,0,0,1,42.0,42.0,voiture,voiture,1,1,1,2,1
201900005667,2019-06-03 15:10:00,2019,6,3,15,10,69,69266,ALBERT THOMAS    (Place),45.7597439,4.8761111,Plein jour,En agglomération,Giratoire,Temps couvert,Deux véhicules - côté,4,-1,0,0,1,1,1,0,1,50,2,2,1,0,0,1,54.0,63.0,voiture,deux_roues,1,2,6,8,3
201900005668,2019-11-28 09:32:00,2019,11,28,9,32,63,63032,MONTANT (RUE DU),45.75381,3.09936,Plein jour,En agglomération,Hors intersection,Pluie légère,Deux véhicules - arrière,4,2,2,0,1,1,2,0,1,50,2,2,1,0,0,1,29.0,21.0,voiture,deux_roues,1,2,1,2,2
201900005669,2019-11-28 07:35:00,2019,11,28,7,35,63,63113,CANROBERT (RUE),45.78926,3.06279,Plein jour,Hors agglomération,Intersection en X,Pluie légère,Autre collision,7,2,-1,-1,2,1,1,0,1,-1,1,2,1,0,0,1,29.0,,voiture,,1,1,2,2,6
201900005670,2019-11-19 08:00:00,2019,11,19,8,0,62,62321,RD 160E,50.43604,3.04679,Crépuscule ou aube,Hors agglomération,Hors intersection,Autre,Deux véhicules - côté,3,2,2,0,2,1,7,2,1,80,2,3,1,1,0,1,58.0,22.0,deux_roues,voiture,2,1,1,9,3
201900005671,2019-11-27 07:55:00,2019,11,27,7,55,44,44162,BOULEVARD DU MASSACRE,47.23592,-1.5874,Nuit avec éclairage allumé,En agglomération,Hors intersection,Pluie forte,Autre collision,4,2,0,0,1,1,2,0,1,50,1,2,1,1,0,0,67.0,,voiture,,5,2,1,3,6
201900005672,2019-07-09 17:37:00,2019,7,9,17,37,29,29019,KERVERN AUGUSTE,48.40295,-4.4887,Plein jour,En agglomération,Hors intersection,Normale,Deux véhicules - frontale,4,2,2,0,1,1,1,0,1,50,2,2,1,0,0,1,27.0,49.0,voiture,deux_roues,1,2,1,1,1
201900005673,2019-08-31 14:15:00,2019,8,31,14,15,18,18205,RD 2076,47.1209,2.37126,Plein jour,En agglomération,Hors intersection,Normale,Trois véhicules et plus - collisions multiples,3,2,3,0,1,1,1,0,1,70,3,7,1,0,1,5,26.0,59.0,voiture,voiture,1,2,1,1,5
201900005674,2019-11-28 10:06:00,2019,11,28,10,6,17,17300,LORIENT   RUE DE,46.16477,-1.19048,Plein jour,En agglomération,Intersection en X,Normale,Deux véhicules - côté,4,2,2,0,1,1,1,0,1,50,2,2,0,0,0,2,82.0,67.0,voiture,voiture,1,2,2,1,3
201900005675,2019-08-26 17:00:00,2019,8,26,17,0,17,17300,GUITON   AVENUE JEAN (9-165 et 4),46.15975,-1.16573,Plein jour,En agglomération,Intersection en X,Normale,Deux véhicules - côté,4,2,2,0,1,1,1,9,1,50,2,2,1,0,0,1,41.0,48.0,deux_roues,voiture,1,2,2,1,3
201900005676,2019-07-07 17:45:00,2019,7,7,17,45,56,56121,LECLERC ( BD GENERAL ),47.74864,-3.36538,Plein jour,En agglomération,Hors intersection,Normale,Sans collision,4,-1,0,0,1,1,1,0,1,50,1,1,0,0,0,1,42.0,,deux_roues,,1,2,1,1,7
201900005677,2019-07-07 12:23:00,2019,7,7,12,23,54,54578,AIGUILLETTES  (BD 5A A 17A),48.67148,6.15632,Plein jour,En agglomération,Intersection en T,Normale,Trois véhicules et plus - collisions multiples,4,2,5,0,1,1,1,0,1,50,3,6,2,0,3,1,33.0,40.0,voiture,voiture,1,2,3,1,5
201900005678,2019-07-03 13:53:00,2019,7,3,13,53,54,54395,LOBAU (BOULEVARD),48.67941,6.19899,Plein jour,En agglomération,Intersection en T,Normale,Deux véhicules - côté,4,2,-1,0,1,1,1,0,1,50,2,2,1,0,0,1,40.0,48.0,voiture,voiture,1,2,3,1,3
201900005679,2019-07-02 06:00:00,2019,7,2,6,0,54,54578,CHAMPELLE (BD DE),48.65559,6.10833,Plein jour,En agglomération,Intersection en X,Normale,Deux véhicules - côté,4,2,2,0,1,1,1,0,1,50,2,2,1,0,0,1,31.0,17.0,voiture,deux_roues,1,2,2,1,3
201900005680,2019-06-21 12:25:00,2019,6,21,12,25,54,54395,BOUFFLERS (AV. DE 74,48.68921,6.16157,Plein jour,En agglomération,Intersection en T,Normale,Deux véhicules - arrière,4,2,2,0,1,1,1,0,1,50,2,2,1,0,0,1,52.0,22.0,voiture,deux_roues,1,2,3,1,2
201900005681,2019-06-26 08:20:00,2019,6,26,8,20,54,54184,RD 83,48.71933,6.24024,Plein jour,En agglomération,Hors intersection,Normale,Trois véhicules et plus - collisions multiples,4,-1,2,0,1,1,1,0,1,50,4,4,3,0,0,1,44.0,78.0,voiture,voiture,1,2,1,1,5
201900005682,2019-06-24 17:50:00,2019,6,24,17,50,54,54395,STRASBOURG (AVENUE DE),48.68184,6.19249,Plein jour,En agglomération,Hors intersection,Normale,Trois véhicules et plus - collisions multiples,4,2,1,0,1,1,1,0,1,50,3,3,2,0,0,1,28.0,32.0,voiture,deux_roues,1,2,1,1,5
201900005683,2019-06-26 10:55:00,2019,6,26,10,55,54,54184,RD83,48.71075,6.24303,Plein jour,Hors agglomération,Giratoire,Normale,Deux véhicules - arrière,3,2,1,0,2,1,1,0,1,50,2,2,1,0,0,1,18.0,33.0,deux_roues,voiture,1,1,6,1,2
201900005684,2019-07-02 17:20:00,2019,7,2,17,20,54,54274,BIZET (RUE GEORGES),48.673529,6.205706,Plein jour,En agglomération,Hors intersection,Normale,Sans collision,4,2,2,0,1,1,1,0,1,30,1,2,1,0,0,1,65.0,,voiture,,1,2,1,1,7
201900005685,2019-06-07 16:25:00,2019,6,7,16,25,54,54395,ARC ( RUE JEANNE D'N,48.6851,6.17232,Plein jour,En agglomération,Intersection en T,Normale,Deux véhicules - côté,4,1,2,0,1,1,1,0,1,30,2,2,1,0,0,1,45.0,21.0,deux_roues,voiture,1,2,3,1,3
201900005686,2019-06-22 19:20:00,2019,6,22,19,20,54,54304,RESISTANCE (AV. DE LA -IMPAIR-),48.69465,6.12841,Plein jour,En agglomération,Hors intersection,Normale,Deux véhicules - côté,4,2,5,0,2,1,1,0,1,50,2,3,2,0,0,1,42.0,23.0,voiture,deux_roues,1,2,1,1,3
201900005687,2019-06-18 07:30:00,2019,6,18,7,30,54,54395,SENN (RUE DU RECTEUR),48.68351,6.1878,Plein jour,En agglomération,Intersection en X,Normale,Sans collision,4,-1,2,0,1,1,1,0,1,50,1,2,1,0,0,1,23.0,,voiture,,1,2,2,1,7
201900005688,2019-06-26 11:31:00,2019,6,26,11,31,54,54395,FAUBOURG DES TROIS MAISONS (RUE DU),48.70277,6.17519,Plein jour,En agglomération,Intersection en X,Normale,Sans collision,4,1,3,0,1,1,1,0,1,50,1,2,1,0,0,1,47.0,,voiture,,1,2,2,1,7
201900005689,2019-06-04 07:43:00,2019,6,4,7,43,54,54184,BRIGACHTAL (AVENUE DE),48.70824,6.24358,Plein jour,En agglomération,Giratoire,Normale,Deux véhicules - arrière,4,2,2,0,1,1,1,0,1,50,2,2,1,0,0,1,17.0,59.0,deux_roues,utilitaire_camion,1,2,6,1,2
201900005690,2019-07-07 13:20:00,2019,7,7,13,20,52,52448,ETATS UNIS (AVENUE DES) PAIR,48.63593,4.96714,Plein jour,En agglomération,Hors intersection,Normale,Autre collision,3,2,2,0,1,1,1,0,1,50,1,1,0,0,1,0,15.0,,deux_roues,,1,2,1,1,6
201900005691,2019-07-05 18:08:00,2019,7,5,18,8,52,52121,ROSTAND (RUE EDMOND),48.0992,5.14916,Plein jour,En agglomération,Intersection en X,Normale,Deux véhicules - côté,4,2,2,0,1,1,1,0,1,50,2,3,1,0,0,2,32.0,43.0,voiture,voiture,1,2,2,1,3
201900005692,2019-07-06 17:45:00,2019,7,6,17,45,49,49328,ROCADE N 347,47.25954,-0.09739,Plein jour,En agglomération,Hors intersection,Normale,Deux véhicules - frontale,3,2,2,0,2,1,1,0,1,80,2,3,0,0,1,2,47.0,19.0,deux_roues,voiture,1,2,1,1,1
201900005693,2019-07-05 06:45:00,2019,7,5,6,45,49,49353,JEAN JAURES RUE,47.44283,-0.4959,Nuit avec éclairage non allumé,En agglomération,Hors intersection,Normale,Deux véhicules - côté,4,2,2,0,1,1,1,0,1,50,2,4,2,0,0,2,24.0,24.0,voiture,voiture,4,2,1,1,3
201900005694,2019-07-07 23:15:00,2019,7,7,23,15,49,49007,POISSONNERIE,47.47293,-0.55597,Nuit avec éclairage allumé,En agglomération,Hors intersection,Normale,Autre collision,4,2,2,0,1,1,1,0,1,50,2,2,1,0,0,1,26.0,40.0,voiture,deux_roues,5,2,1,1,6
201900005695,2019-07-06 20:50:00,2019,7,6,20,50,49,49015,MENDES FRANCE AVENUE PIERRE,47.5025,-0.58575,Crépuscule ou aube,En agglomération,Hors intersection,Normale,Sans collision,4,2,2,0,1,1,1,0,1,50,1,1,0,0,0,1,33.0,,deux_roues,,2,2,1,1,7
201900005696,2019-07-05 20:13:00,2019,7,5,20,13,47,47201,GAMBETTA (RUE),44.19935,0.59984,Plein jour,En agglomération,Hors intersection,Temps éblouissant,Autre collision,4,2,1,0,1,3,1,0,1,50,1,1,0,0,1,0,85.0,,voiture,,1,2,1,7,6
201900005697,2019-07-08 13:10:00,2019,7,8,13,10,45,45147,RUE DES FOSSES,47.925362,1.922567,Plein jour,En agglomération,Hors intersection,Normale,Deux véhicules - côté,4,2,2,2,1,1,1,0,1,50,2,1,0,0,0,1,46.0,,voiture,,1,2,1,1,3
201900005698,2019-07-06 20:30:00,2019,7,6,20,30,45,45068,RUE DU GUE AUX BICHES,48.021393,2.724681,Plein jour,En agglomération,Hors intersection,Normale,Sans collision,4,2,2,0,1,2,1,0,1,50,1,1,0,0,0,1,28.0,,deux_roues,,1,2,1,1,7
201900005699,2019-07-06 18:30:00,2019,7,6,18,30,44,44184,rue henri gautier,47.278999,-2.204834,Plein jour,En agglomération,Hors intersection,Normale,Deux véhicules - frontale,4,-1,-1,0,1,1,1,0,1,50,2,3,1,0,0,2,18.0,52.0,deux_roues,voiture,1,2,1,1,1
201900005700,2019-07-05 21:30:00,2019,7,5,21,30,44,44184,RUE RENÉ GUILLOUZO / PLACE DU COMMERCE ,47.2812,-2.21406,Plein jour,En agglomération,Intersection en T,Normale,Deux véhicules - côté,4,1,1,0,1,1,1,0,1,30,2,2,0,0,0,2,20.0,21.0,voiture,voiture,1,2,3,1,3
201900005701,2019-07-06 13:50:00,2019,7,6,13,50,41,41295,,47.58428,1.36481,Plein jour,Hors agglomération,Hors intersection,Normale,Deux véhicules - arrière,3,3,4,0,1,1,1,0,3,70,2,1,0,0,1,0,46.0,,deux_roues,,1,1,1,1,2
201900005702,2019-07-02 09:15:00,2019,7,2,9,15,39,39300,BERCAILLE (RUE),46.692026,5.558808,Plein jour,En agglomération,Hors intersection,Normale,Deux véhicules - côté,4,2,4,0,1,1,1,0,1,50,2,2,1,0,1,0,67.0,67.0,transport_commun,deux_roues,1,2,1,1,3
201900005703,2019-07-08 07:15:00,2019,7,8,7,15,38,38421,GRIMAU (RUE J.),45.185855,5.761271,Plein jour,En agglomération,Intersection en X,Normale,Autre collision,4,2,2,0,1,1,1,0,1,30,1,2,1,0,1,0,48.0,,utilitaire_camion,,1,2,2,1,6
201900005704,2019-07-08 15:55:00,2019,7,8,15,55,37,37261,PROUDHON (AVENUE),47.3947333,0.6704678,Plein jour,En agglomération,Autre intersection,Normale,Deux véhicules - arrière,4,1,1,0,2,3,1,9,1,50,2,3,2,0,0,1,68.0,48.0,voiture,voiture,1,2,9,1,2
201900005705,2019-07-08 14:03:00,2019,7,8,14,3,37,37261,BUFFON (RUE),47.3933953,0.6906165,Plein jour,En agglomération,Hors intersection,Normale,Deux véhicules - côté,4,1,1,1,1,1,1,0,1,50,2,3,2,0,0,1,54.0,34.0,voiture,deux_roues,1,2,1,1,3
201900005706,2019-07-08 06:50:00,2019,7,8,6,50,37,37233,DUCLOS (AVENUE JACQUES),47.38011,0.72694,Plein jour,En agglomération,Giratoire,Normale,Deux véhicules - arrière,4,2,2,0,1,1,1,0,1,50,2,2,1,0,0,1,29.0,22.0,voiture,voiture,1,2,6,1,2
201900005707,2019-07-05 13:25:00,2019,7,5,13,25,36,36044,191 AVENUE DE VERDUN,46.7997277,1.6976508,Plein jour,En agglomération,Hors intersection,Normale,Deux véhicules - côté,4,1,1,0,1,1,1,5,1,50,2,2,1,0,1,0,69.0,18.0,voiture,deux_roues,1,2,1,1,3
201900005708,2019-07-05 06:10:00,2019,7,5,6,10,36,36044,57 RUE DE NOTZ,46.8027432,1.6881492,Crépuscule ou aube,En agglomération,Hors intersection,Normale,Autre collision,4,-1,2,0,1,1,1,0,1,50,1,1,0,0,1,0,47.0,,voiture,,2,2,1,1,6
201900005709,2019-07-08 08:55:00,2019,7,8,8,55,35,35238,YSER (BD DE L'),48.09199,-1.67306,Plein jour,En agglomération,Hors intersection,Normale,Autre collision,4,1,1,0,1,1,1,0,1,50,1,2,1,0,0,1,47.0,,voiture,,1,2,1,1,6
201900005710,2019-07-07 18:20:00,2019,7,7,18,20,35,35238,SAINT-HELIER,48.10691,-1.67075,Plein jour,En agglomération,Intersection en X,Normale,Deux véhicules - côté,4,2,1,1,1,1,1,0,1,30,2,2,1,0,0,1,42.0,62.0,voiture,deux_roues,1,2,2,1,3
201900005711,2019-07-07 17:10:00,2019,7,7,17,10,35,35238,PERRIN (JEAN),48.09664,-1.71098,Plein jour,En agglomération,Intersection en Y,Normale,Autre collision,4,2,2,0,1,1,1,0,1,30,1,6,1,0,0,5,34.0,,voiture,,1,2,4,1,6
201900005712,2019-07-08 13:59:00,2019,7,8,13,59,34,34172,REINE HELENE D'ITALIE (AVENUE DE LA),43.62343,3.89199,Plein jour,En agglomération,Intersection en T,Normale,Deux véhicules - frontale,4,1,1,2,1,3,1,0,1,50,2,2,1,0,0,1,39.0,77.0,voiture,deux_roues,1,2,3,1,1
201900005713,2019-06-12 19:30:00,2019,6,12,19,30,33,33039,RUE ALEXIS LABRO,44.79238,-0.56118,Plein jour,En agglomération,Intersection en T,Normale,Deux véhicules - arrière,4,2,4,2,1,1,1,0,1,50,2,3,2,0,0,1,29.0,57.0,voiture,voiture,1,2,3,1,2
201900005714,2019-06-15 22:35:00,2019,6,15,22,35,33,33063,GAUTIER (BD ANTOINE),44.83335,-0.59875,Nuit avec éclairage allumé,En agglomération,Intersection en T,Normale,Deux véhicules - côté,4,3,6,0,1,1,1,0,1,50,2,2,1,0,1,0,52.0,55.0,voiture,voiture,5,2,3,1,3
201900005715,2019-06-28 16:35:00,2019,6,28,16,35,33,33063,RUE CAPDEVILLE - autobus articulé percute cycliste en le doublant,44.8438,-0.58716,Plein jour,En agglomération,Hors intersection,Normale,Autre collision,4,2,2,0,1,1,1,0,1,30,2,2,1,0,0,1,63.0,47.0,deux_roues,transport_commun,1,2,1,1,6
201900005716,2019-07-07 19:15:00,2019,7,7,19,15,33,33119,RUE EDOUARD VAILLANT,44.8564,-0.53406,Plein jour,En agglomération,Hors intersection,Normale,Autre collision,4,1,2,1,1,1,1,0,1,50,1,2,1,0,0,1,32.0,,voiture,,1,2,1,1,6
201900005717,2019-07-07 02:40:00,2019,7,7,2,40,31,31555,BD DE L EMBOUCHURE,43.61143,1.41996,Nuit avec éclairage allumé,En agglomération,Intersection en T,Normale,Deux véhicules - côté,4,1,3,0,1,1,1,0,1,50,2,2,1,0,0,1,37.0,30.0,deux_roues,voiture,5,2,3,1,3
201900005718,2019-07-05 17:00:00,2019,7,5,17,0,31,31555,AV CAMILLE PUJOL,43.60174,1.45844,Plein jour,En agglomération,Hors intersection,Normale,Autre collision,3,2,2,0,2,3,1,0,1,50,2,2,1,0,0,1,58.0,36.0,deux_roues,utilitaire_camion,1,2,1,1,6
201900005719,2019-05-13 17:35:00,2019,5,13,17,35,29,29019,CHEVILLOTTE JEAN CHARLES,48.3879,-4.44864,Plein jour,En agglomération,Hors intersection,Normale,Deux véhicules - frontale,4,2,2,0,1,3,1,0,1,50,2,2,0,0,0,2,37.0,23.0,voiture,voiture,1,2,1,1,1
201900005720,2019-07-05 21:15:00,2019,7,5,21,15,29,29019,LE DANTEC FELIX (DE 39 ET 52 A FIN),48.41594,-4.47186,Plein jour,En agglomération,Hors intersection,Normale,Deux véhicules - frontale,4,1,1,0,1,1,1,5,1,50,2,2,1,0,0,1,23.0,30.0,deux_roues,voiture,1,2,1,1,1
201900005721,2019-07-08 11:03:00,2019,7,8,11,3,26,26281,CARDONEL (RUE LOUIS LE),45.053806,5.042177,Plein jour,En agglomération,Hors intersection,Normale,Autre collision,4,2,-1,-1,1,1,1,0,1,30,1,2,1,0,0,1,67.0,,voiture,,1,2,1,1,6
201900005722,2019-07-05 15:30:00,2019,7,5,15,30,22,22106,VERNE (RUE JULES),48.496599,-2.729453,Plein jour,En agglomération,Hors intersection,Normale,Autre collision,4,1,2,0,1,1,1,1,1,50,1,2,1,0,1,0,15.0,,deux_roues,,1,2,1,1,6
201900005723,2019-07-08 07:45:00,2019,7,8,7,45,16,16358,293 route e St Jean d'Angely,45.683788,0.11282,Plein jour,Hors agglomération,Hors intersection,Normale,Deux véhicules - arrière,3,2,2,-1,2,1,1,9,1,70,2,2,1,0,0,1,16.0,60.0,deux_roues,voiture,1,1,1,1,2
201900005724,2019-07-08 17:35:00,2019,7,8,17,35,14,14118,RN 814,49.19586,-0.39577,Plein jour,Hors agglomération,Hors intersection,Temps éblouissant,Deux véhicules - arrière,2,3,4,0,1,1,1,0,1,90,2,2,1,0,0,1,24.0,54.0,deux_roues,utilitaire_camion,1,1,1,7,2
201900005725,2019-07-09 00:00:00,2019,7,9,0,0,13,13117,ROUTE NATIONALE 113 - LA GARE,43.44037,5.24942,Nuit sans éclairage public,En agglomération,Hors intersection,Normale,Sans collision,3,1,3,0,2,3,1,0,1,50,1,2,0,0,0,2,17.0,,deux_roues,,3,2,1,1,7
201900005726,2019-07-07 02:05:00,2019,7,7,2,5,13,13056,TOURET DE VALLIER,43.42684,5.05688,Nuit avec éclairage allumé,En agglomération,Hors intersection,Normale,Autre collision,4,2,2,0,2,3,1,0,1,50,1,3,0,0,0,3,19.0,,voiture,,5,2,1,1,6
201900005727,2019-07-08 20:00:00,2019,7,8,20,0,13,13070,VOLTAIRE (BOULEVARD),43.28133,5.51608,Crépuscule ou aube,En agglomération,Intersection en T,Normale,Autre collision,4,2,2,0,1,1,1,0,1,50,1,3,2,0,1,0,58.0,,voiture,,2,2,3,1,6
201900005728,2019-07-07 14:00:00,2019,7,7,14,0,12,12089,AOUT (PLACE DU 10 ),44.5584,2.25467,Plein jour,En agglomération,Hors intersection,Normale,Deux véhicules - arrière,6,-1,-1,0,1,1,1,0,1,50,2,2,1,0,1,0,46.0,14.0,voiture,deux_roues,1,2,1,1,2
201900005729,2019-07-06 03:36:00,2019,7,6,3,36,11,11262,MER (AVENUE DE LA),43.18062,3.03637,Nuit avec éclairage allumé,En agglomération,Hors intersection,Normale,Autre collision,4,2,2,0,1,1,1,0,1,50,1,1,0,1,0,0,40.0,,deux_roues,,5,2,1,1,6
201900005730,2019-07-06 16:30:00,2019,7,6,16,30,11,11262,FABRE (RUE GUSTAVE),43.18495,3.00315,Plein jour,En agglomération,Hors intersection,Normale,Autre collision,4,2,2,0,1,1,1,6,1,50,1,2,1,0,0,1,28.0,,voiture,,1,2,1,1,6
201900005731,2019-07-05 08:30:00,2019,7,5,8,30,8,08105,ARCHES (AVENUE),49.76417,4.7194,Plein jour,En agglomération,Hors intersection,Normale,Autre collision,4,2,4,0,1,1,1,0,1,50,1,2,1,0,1,0,39.0,,utilitaire_camion,,1,2,1,1,6
201900005732,2019-07-08 14:50:00,2019,7,8,14,50,6,06088,CASSIN (BD RENE),43.667835,7.209404,Plein jour,En agglomération,Hors intersection,Normale,Deux véhicules - arrière,4,1,1,0,1,1,1,0,1,50,2,2,1,0,0,1,55.0,62.0,deux_roues,deux_roues,1,2,1,1,2
201900005733,2019-05-03 20:00:00,2019,5,3,20,0,6,06088,TURIN (RTE DE),43.72045,7.28772,Plein jour,En agglomération,Hors intersection,Normale,Deux véhicules - arrière,4,2,2,0,1,1,1,0,1,50,2,2,1,0,0,1,44.0,43.0,voiture,voiture,1,2,1,1,2
201900005734,2019-04-23 19:07:00,2019,4,23,19,7,6,06088,GRENOBLE (ROUTE DE),43.67077,7.20976,Crépuscule ou aube,En agglomération,Intersection en X,Normale,Deux véhicules - côté,4,-1,2,0,1,1,1,0,1,50,2,2,1,0,0,1,25.0,40.0,voiture,deux_roues,2,2,2,1,3
201900005735,2019-07-07 18:25:00,2019,7,7,18,25,3,03185,avenue de la République,46.3472927,2.5960145,Plein jour,En agglomération,Hors intersection,Normale,Deux véhicules - arrière,3,2,-1,0,1,1,1,0,1,50,2,4,2,0,1,1,14.0,34.0,deux_roues,voiture,1,2,1,1,2
201900005736,2019-07-07 20:00:00,2019,7,7,20,0,75,75112,COURS DE VINCENNES,48.847115,2.406676,Crépuscule ou aube,En agglomération,Hors intersection,Normale,Autre collision,4,1,1,0,1,1,1,0,1,20,1,2,1,0,0,1,28.0,,voiture,,2,2,1,1,6
201900005737,2019-07-07 14:15:00,2019,7,7,14,15,75,75116,AVENUE DE NEW YORK,48.863345,2.296329,Plein jour,En agglomération,Intersection en T,Normale,Deux véhicules - côté,4,2,4,0,1,1,1,0,1,50,2,5,4,0,0,1,43.0,28.0,deux_roues,voiture,1,2,3,1,3
201900005738,2019-07-06 21:05:00,2019,7,6,21,5,75,75118,BOULEVARD DE ROCHECHOUART,48.883445,2.346325,Nuit avec éclairage allumé,En agglomération,Hors intersection,Normale,Deux véhicules - côté,4,2,2,0,1,1,1,0,1,50,2,2,1,0,1,0,22.0,41.0,deux_roues,voiture,5,2,1,1,3
201900005739,2019-07-08 13:00:00,2019,7,8,13,0,75,75120,AVENUE DE LA PORTE DE VINCENNES,48.846785,2.415191,Plein jour,En agglomération,Giratoire,Normale,Autre collision,4,1,5,0,1,2,1,2,1,50,2,2,0,0,0,2,25.0,,voiture,,1,2,6,1,6
201900005740,2019-07-08 16:40:00,2019,7,8,16,40,75,75119,PLACE DE LA PORTE DE PANTIN,48.889491,2.395787,Plein jour,En agglomération,Place,Normale,Autre collision,4,1,3,0,1,1,1,0,1,50,1,1,0,0,0,1,,,,,1,2,7,1,6
201900005741,2019-07-08 22:20:00,2019,7,8,22,20,75,75117,AVENUE DE WAGRAM,48.879716,2.29935,Nuit avec éclairage allumé,En agglomération,Intersection en X,Normale,Deux véhicules - côté,4,2,0,0,2,1,1,0,1,50,2,2,1,0,0,1,29.0,41.0,deux_roues,utilitaire_camion,5,2,2,1,3
201900005742,2019-07-08 19:20:00,2019,7,8,19,20,75,75116,BOULEVARD EXELMANS,48.841509,2.263856,Plein jour,En agglomération,Intersection en X,Normale,Autre collision,4,1,1,1,1,1,1,0,5,50,2,2,1,0,0,1,45.0,26.0,voiture,deux_roues,1,2,2,1,6
201900005743,2019-07-07 21:10:00,2019,7,7,21,10,75,75108,AVENUE MARCEAU,48.866069,2.299688,Crépuscule ou aube,En agglomération,Place,Normale,Deux véhicules - frontale,4,2,3,0,2,1,1,0,1,50,2,5,1,0,0,4,25.0,52.0,voiture,voiture,2,2,7,1,1
201900005744,2019-07-08 17:10:00,2019,7,8,17,10,75,75113,RUE DE LA GLACIERE,48.826447,2.341799,Plein jour,En agglomération,Intersection en X,Normale,Autre collision,4,1,2,0,1,1,1,0,1,50,1,2,1,0,0,1,31.0,,voiture,,1,2,2,1,6
201900005745,2019-07-08 17:00:00,2019,7,8,17,0,75,75112,AVENUE DAUMESNIL,48.838442,2.398705,Plein jour,En agglomération,Intersection en T,Normale,Deux véhicules - côté,4,2,2,0,2,1,1,0,1,50,2,2,1,0,0,1,60.0,34.0,deux_roues,voiture,1,2,3,1,3
201900005746,2019-07-08 09:40:00,2019,7,8,9,40,75,75110,RUE DE METZ,48.870842,2.353936,Plein jour,En agglomération,Hors intersection,Normale,Deux véhicules - arrière,4,1,1,0,1,1,1,0,1,30,2,2,1,0,0,1,35.0,33.0,deux_roues,deux_roues,1,2,1,1,2
201900005747,2019-07-08 20:15:00,2019,7,8,20,15,75,75108,AVENUE DES CHAMPS ELYSEES,48.867756,2.313968,Plein jour,En agglomération,Place,Normale,Trois véhicules et plus - collisions multiples,4,2,6,1,1,1,1,0,1,50,3,3,1,0,0,2,49.0,29.0,deux_roues,deux_roues,1,2,7,1,5
201900005748,2019-07-08 10:50:00,2019,7,8,10,50,75,75117,PLACE CHARLES FILLION,48.888633,2.315661,Plein jour,En agglomération,Intersection en X,Normale,Deux véhicules - côté,4,2,2,0,1,1,1,0,1,50,2,2,1,0,0,1,58.0,39.0,voiture,deux_roues,1,2,2,1,3
201900005749,2019-07-06 11:30:00,2019,7,6,11,30,75,75117,PLACE GENERAL CATROUX,48.882762,2.309088,Plein jour,En agglomération,Place,Normale,Autre collision,4,1,4,0,1,1,1,5,1,50,1,2,1,0,0,1,70.0,,voiture,,1,2,7,1,6
201900005750,2019-07-07 02:00:00,2019,7,7,2,0,75,75101,QUAI FRANCOIS MITTERRAND,48.860181,2.333211,Nuit avec éclairage allumé,En agglomération,Intersection en X,Normale,Deux véhicules - côté,4,1,4,0,1,1,1,0,1,50,2,2,1,0,0,1,24.0,63.0,deux_roues,voiture,5,2,2,1,3
201900005751,2019-07-08 13:45:00,2019,7,8,13,45,75,75101,PLACE VENDOME,48.867861,2.32985,Plein jour,En agglomération,Place,Normale,Deux véhicules - côté,4,2,2,0,1,1,1,0,1,50,2,2,1,0,0,1,45.0,25.0,deux_roues,voiture,1,2,7,1,3
201900005752,2019-07-07 03:50:00,2019,7,7,3,50,75,75101,QUAI DU LOUVRE,48.858922,2.340262,Nuit avec éclairage allumé,En agglomération,Hors intersection,Normale,Autre collision,4,1,4,0,1,1,1,0,1,50,1,1,0,0,0,1,23.0,,voiture,,5,2,1,1,6
201900005753,2019-07-08 20:45:00,2019,7,8,20,45,94,94003,PAUL VAILLANT COUTURIER (AV),48.79868,2.34576,Plein jour,En agglomération,Hors intersection,Normale,Deux véhicules - côté,3,2,2,0,2,1,1,0,1,50,2,2,1,0,1,0,31.0,40.0,voiture,deux_roues,1,2,1,1,3
201900005754,2019-07-07 15:30:00,2019,7,7,15,30,94,94033,OLYMPIADES (AV DES),48.85407,2.48847,Plein jour,En agglomération,Giratoire,Normale,Deux véhicules - côté,4,2,2,3,1,1,1,5,1,50,2,2,1,0,0,1,55.0,65.0,voiture,deux_roues,1,2,6,1,3
201900005755,2019-07-07 02:15:00,2019,7,7,2,15,94,94054,BAS MARIN (R DU),48.748,2.3897,Nuit avec éclairage allumé,En agglomération,Hors intersection,Normale,Autre collision,3,-1,0,0,1,1,1,0,1,50,1,1,0,0,0,1,42.0,,utilitaire_camion,,5,2,1,1,6
201900005756,2019-07-08 17:25:00,2019,7,8,17,25,93,93073,CHAPIT RE ( RUE DU),49.002764,2.53691,Plein jour,Hors agglomération,Hors intersection,Normale,Deux véhicules - arrière,9,1,2,0,1,1,1,0,1,70,2,3,0,0,0,3,35.0,55.0,voiture,voiture,1,1,1,1,2