accident_id,datetime,annee,mois,jour,heure,minute,departement,commune_insee,adresse,latitude,longitude,luminosite,agglomeration,intersection,meteo,collision,catr,circ,nbv,vosp,prof,plan,surf,infra,situ,vma,nb_vehicules,nb_usagers,nb_indemnes,nb_tues,nb_blesses_hosp,nb_blesses_legers,age_cond_1,age_cond_2,veh_type_cond_1,veh_type_cond_2,lum_code,agg_code,int_code,atm_code,col_code
201900005757,2019-07-08 18:00:00,2019,7,8,18,0,93,93072,STALINGRAD (AVENUE DE) COTE DES N°51 AU,48.95794,2.3969,Plein jour,En agglomération,Intersection en T,Normale,Deux véhicules - côté,3,3,4,0,1,1,1,0,1,50,2,2,0,0,0,2,26.0,65.0,deux_roues,voiture,1,2,3,1,3
201900005758,2019-07-08 00:05:00,2019,7,8,0,5,93,93070,ALBERT-DHALENNE (RUE),48.9116,2.3367,Nuit avec éclairage allumé,En agglomération,Hors intersection,Normale,Sans collision,3,2,4,0,1,1,1,0,1,50,1,1,0,0,0,1,24.0,,deux_roues,,5,2,1,1,7
201900005759,2019-07-08 12:25:00,2019,7,8,12,25,93,93066,VAILLANT COUTURIER PAUL (AV) NR 2 A 110,48.93149,2.3643,Plein jour,En agglomération,Intersection en T,Normale,Deux véhicules - frontale,3,2,4,1,1,1,1,9,1,50,2,2,1,0,0,1,40.0,31.0,voiture,deux_roues,1,2,3,1,1
201900005760,2019-07-08 08:30:00,2019,7,8,8,30,93,93039,CHATELIER (QUAI DU ),48.91974,2.3289,Plein jour,En agglomération,Hors intersection,Normale,Autre collision,3,2,1,0,1,1,1,0,1,50,1,2,1,0,0,1,61.0,,deux_roues,,1,2,1,1,6
201900005761,2019-06-25 18:50:00,2019,6,25,18,50,93,93055,JEAN LOLIVE (AVENUE)(1/55 2/60),48.89114,2.40046,Plein jour,En agglomération,Hors intersection,Normale,Deux véhicules - arrière,3,2,4,0,1,1,1,0,1,50,2,2,0,0,0,2,46.0,59.0,deux_roues,deux_roues,1,2,1,1,2
201900005762,2019-07-08 10:45:00,2019,7,8,10,45,93,93051,GEORGES MELIES,48.83946,2.53976,Plein jour,En agglomération,Hors intersection,Normale,Autre collision,3,2,2,0,2,1,1,0,3,50,1,2,1,0,0,1,58.0,,voiture,,1,2,1,1,6
201900005763,2019-07-07 22:20:00,2019,7,7,22,20,93,93048,HENRI BARBUSSE (BOULEVARD),48.86391,2.44433,Nuit avec éclairage allumé,En agglomération,Hors intersection,Normale,Autre collision,3,1,2,0,1,2,1,0,1,50,1,3,1,0,0,2,24.0,,voiture,,5,2,1,1,6
201900005764,2019-07-08 17:55:00,2019,7,8,17,55,93,93046,ROSNY ALLEE DE,48.90204,2.51153,Plein jour,En agglomération,Hors intersection,Normale,Autre collision,4,1,1,0,1,1,1,0,1,50,1,2,1,0,0,1,55.0,,voiture,,1,2,1,1,6
201900005765,2019-07-08 14:20:00,2019,7,8,14,20,93,93031,LYAUTEY,48.9652658,2.2986916,Plein jour,En agglomération,Hors intersection,Normale,Autre collision,4,1,1,0,1,2,1,0,4,30,1,1,0,0,0,1,15.0,,deux_roues,,1,2,1,1,6
201900005766,2019-07-08 13:30:00,2019,7,8,13,30,93,93010,LEBAS (AV. JEAN),48.912947,2.481357,Plein jour,En agglomération,Hors intersection,Normale,Autre collision,4,2,2,0,1,1,1,0,4,30,1,1,0,0,0,1,,,,,1,2,1,1,6
201900005767,2019-07-08 12:15:00,2019,7,8,12,15,92,92073,LOUCHEUR (BOULEVARD LOUIS),48.8595674,2.2136019,Plein jour,En agglomération,Intersection en X,Normale,Deux véhicules - côté,3,3,4,0,1,1,1,0,1,50,2,3,0,0,0,3,63.0,58.0,utilitaire_camion,utilitaire_camion,1,2,2,1,3
201900005768,2019-07-05 16:00:00,2019,7,5,16,0,92,92025,STALINGRAD (AV DE),48.9291288,2.2684558,Plein jour,En agglomération,Hors intersection,Normale,Deux véhicules - côté,3,2,0,0,1,1,1,0,1,50,2,2,1,0,0,1,41.0,40.0,voiture,deux_roues,1,2,1,1,3
201900005769,2019-07-07 04:30:00,2019,7,7,4,30,47,47246,route de saint hilaire,44.223641,0.516788,Nuit sans éclairage public,Hors agglomération,Hors intersection,Normale,Sans collision,3,2,2,0,1,3,1,0,1,80,1,2,0,0,2,0,36.0,,voiture,,3,1,1,1,7
201900005770,2019-07-09 10:45:00,2019,7,9,10,45,83,83136,Boulevard du 17 Août 1944,43.454128,6.29898,Plein jour,En agglomération,Hors intersection,Pluie forte,Deux véhicules - côté,3,2,2,0,2,1,2,0,1,50,2,2,1,1,0,0,31.0,86.0,deux_roues,voiture,1,2,1,3,3
201900005771,2019-07-07 15:20:00,2019,7,7,15,20,40,40133,Avenue de l'Océan,43.592727,-1.432593,Plein jour,En agglomération,Intersection en T,Normale,Deux véhicules - côté,3,2,3,0,1,1,1,0,1,50,2,2,1,0,1,0,75.0,68.0,voiture,deux_roues,1,2,3,1,3
201900005772,2019-07-09 14:40:00,2019,7,9,14,40,6,06161,2507 (RD 6007),43.62727,7.132682,Plein jour,En agglomération,Autre intersection,Normale,Deux véhicules - frontale,3,2,2,2,1,1,1,0,5,50,2,2,1,0,1,0,33.0,38.0,voiture,deux_roues,1,2,9,1,1
201900005773,2019-07-08 17:10:00,2019,7,8,17,10,22,22070,PR 89 +350,48.5491445,-3.1509841,Plein jour,Hors agglomération,Hors intersection,Normale,Sans collision,2,3,4,0,2,1,1,0,8,110,1,2,0,0,0,2,18.0,,voiture,,1,1,1,1,7
201900005774,2019-07-08 15:05:00,2019,7,8,15,5,38,38383,Chemin du Bouillât,45.385957,5.632911,Plein jour,En agglomération,Intersection en T,Normale,Deux véhicules - arrière,3,2,2,0,1,1,1,0,1,50,2,2,1,0,1,0,49.0,16.0,voiture,deux_roues,1,2,3,1,2
201900005775,2019-07-08 15:00:00,2019,7,8,15,0,57,57089,Route Départementale 35 P.R. 019+800,49.054388,7.487909,Plein jour,Hors agglomération,Hors intersection,Normale,Sans collision,3,2,2,0,2,3,1,0,1,80,1,2,0,0,1,1,32.0,,deux_roues,,1,1,1,1,7
201900005776,2019-06-18 18:40:00,2019,6,18,18,40,19,19072,D170,45.226875,1.52311,Plein jour,Hors agglomération,Hors intersection,Normale,Deux véhicules - côté,3,2,1,0,1,1,1,0,1,80,2,2,1,0,1,0,29.0,48.0,deux_roues,voiture,1,1,1,1,3
201900005777,2019-07-06 23:30:00,2019,7,6,23,30,56,56169,Landredeau,47.680585,-3.24768,Nuit sans éclairage public,Hors agglomération,Hors intersection,Normale,Sans collision,4,2,2,0,1,2,1,0,3,80,1,1,0,0,0,1,31.0,,utilitaire_camion,,3,1,1,1,7
201900005778,2019-07-07 17:00:00,2019,7,7,17,0,56,56193,Kerostin route de Port Louis,47.721623,-3.33313,Plein jour,En agglomération,Giratoire,Normale,Deux véhicules - côté,3,2,2,0,1,4,1,0,1,50,2,1,0,0,1,0,23.0,,deux_roues,,1,2,6,1,3
201900005779,2019-07-09 11:15:00,2019,7,9,11,15,56,56168,D768 Avenue de l'Océan,47.596749,-3.122035,Plein jour,Hors agglomération,Hors intersection,Normale,Autre collision,3,2,2,0,1,2,1,0,1,50,1,2,1,0,0,1,81.0,,voiture,,1,1,1,1,6
201900005780,2019-07-09 17:00:00,2019,7,9,17,0,79,79079,,46.961367,-0.880582,Plein jour,Hors agglomération,Hors intersection,Normale,Deux véhicules - frontale,3,2,2,0,1,1,1,0,1,80,2,4,1,0,3,0,27.0,60.0,voiture,voiture,1,1,1,1,1
201900005781,2019-07-09 13:15:00,2019,7,9,13,15,2B,2B150,RT 30,42.575372,8.833481,Plein jour,En agglomération,Intersection en T,Normale,Autre collision,2,2,2,0,4,2,1,0,1,50,2,2,1,0,1,0,71.0,48.0,deux_roues,utilitaire_camion,1,2,3,1,6
201900005782,2019-07-09 14:35:00,2019,7,9,14,35,2B,2B166, -,42.511036,9.4417,Plein jour,Hors agglomération,Hors intersection,Normale,Deux véhicules - frontale,3,2,2,0,2,2,1,0,1,80,2,2,0,0,0,2,79.0,37.0,voiture,voiture,1,1,1,1,1
201900005783,2019-07-09 06:45:00,2019,7,9,6,45,65,65360,RD97,43.10405,-0.1126863,Plein jour,En agglomération,Hors intersection,Normale,Autre collision,3,2,2,0,2,1,1,0,3,50,1,1,0,0,1,0,23.0,,voiture,,1,2,1,1,6
201900005784,2019-07-09 15:35:00,2019,7,9,15,35,11,11426,"d 620, PK 29 + 600",43.28562,2.439731,Plein jour,Hors agglomération,Hors intersection,Normale,Deux véhicules - frontale,3,2,2,0,2,1,1,0,1,80,2,2,0,0,2,0,22.0,42.0,voiture,voiture,1,1,1,1,1
201900005785,2019-07-04 18:05:00,2019,7,4,18,5,63,63003,10 Avenue Georges Clemenceau,45.551129,3.739486,Plein jour,En agglomération,Hors intersection,Normale,Autre collision,9,2,2,0,1,1,1,0,1,50,1,2,1,0,1,0,76.0,,voiture,,1,2,1,1,6
201900005786,2019-07-06 19:00:00,2019,7,6,19,0,61,61369,Le Four à Chaux,48.67588,-0.641436,Plein jour,Hors agglomération,Hors intersection,Normale,Autre collision,9,-1,1,1,2,3,1,0,3,80,1,1,0,0,1,0,38.0,,deux_roues,,1,1,1,1,6
201900005787,2019-07-08 18:25:00,2019,7,8,18,25,12,12171,Route Dépatementale 901,44.496525,2.437791,Plein jour,Hors agglomération,Hors intersection,Normale,Autre collision,3,2,2,0,1,4,1,0,8,80,1,1,0,0,1,0,27.0,,voiture,,1,1,1,1,6
201900005788,2019-07-08 17:10:00,2019,7,8,17,10,47,47011,RD 656 et C 201,44.364035,0.974352,Plein jour,Hors agglomération,Intersection en X,Normale,Deux véhicules - côté,3,2,2,0,1,2,1,0,1,80,2,3,0,0,1,2,45.0,32.0,voiture,voiture,1,1,2,1,3
201900005789,2019-06-30 18:40:00,2019,6,30,18,40,86,86002,RD 18,46.758475,0.160527,Plein jour,Hors agglomération,Intersection en X,Normale,Deux véhicules - côté,3,2,2,0,1,1,1,0,1,80,2,5,2,0,3,0,43.0,59.0,voiture,voiture,1,1,2,1,3
201900005790,2019-07-08 15:45:00,2019,7,8,15,45,68,68094,Rue de hesingue,47.551873,7.449151,Plein jour,En agglomération,Intersection en Y,Normale,Deux véhicules - côté,3,2,2,0,2,2,1,0,1,50,2,2,1,0,1,0,23.0,53.0,deux_roues,utilitaire_camion,1,2,4,1,3
201900005791,2019-07-08 13:30:00,2019,7,8,13,30,68,68004,11 Route de Thann,47.631136,7.236433,Plein jour,En agglomération,Hors intersection,Normale,Deux véhicules - côté,3,2,2,0,1,1,1,0,1,50,2,1,0,0,1,0,15.0,,deux_roues,,1,2,1,1,3
201900005792,2019-07-08 17:20:00,2019,7,8,17,20,44,44129,Route des Moulins de la Grée,47.462833,-2.105303,Plein jour,Hors agglomération,Intersection en X,Normale,Deux véhicules - côté,3,2,-1,-1,1,1,1,0,1,-1,2,3,0,0,1,2,85.0,67.0,voiture,voiture,1,1,2,1,3
201900005793,2019-07-08 04:15:00,2019,7,8,4,15,44,44182,Rue de la Mouraudière du Sud,47.158032,-2.148809,Nuit sans éclairage public,Hors agglomération,Hors intersection,Normale,Sans collision,4,-1,2,0,1,1,1,0,3,80,1,1,0,1,0,0,47.0,,voiture,,3,1,1,1,7
201900005794,2019-07-05 14:30:00,2019,7,5,14,30,35,35097,la boisselière,48.010338,-1.237827,Plein jour,Hors agglomération,Hors intersection,Normale,Deux véhicules - frontale,3,2,2,0,3,1,1,0,1,80,2,2,1,0,1,0,38.0,34.0,voiture,voiture,1,1,1,1,1
201900005795,2019-07-07 16:20:00,2019,7,7,16,20,35,35361,Rond-Point du Centre,48.6028625,-1.7748411,Plein jour,En agglomération,Intersection en T,Temps éblouissant,Deux véhicules - côté,3,2,2,0,1,1,1,5,1,50,2,2,1,0,0,1,30.0,46.0,deux_roues,voiture,1,2,3,7,3
201900005796,2019-07-09 09:45:00,2019,7,9,9,45,29,29293,24 Route de Pont Aven,47.8548507,-3.8498588,Plein jour,En agglomération,Hors intersection,Temps éblouissant,Autre collision,3,2,2,0,1,1,1,0,1,30,1,2,1,0,1,0,35.0,,voiture,,1,2,1,7,6
201900005797,2019-07-07 15:05:00,2019,7,7,15,5,29,29190,D789,48.358302,-4.707728,Plein jour,Hors agglomération,Intersection en X,Normale,Deux véhicules - côté,3,2,2,0,1,1,1,5,1,80,2,3,1,0,1,1,32.0,64.0,voiture,deux_roues,1,1,2,1,3
201900005798,2019-07-08 13:15:00,2019,7,8,13,15,70,70221,D127,47.64215,6.696441,Plein jour,Hors agglomération,Hors intersection,Normale,Sans collision,3,2,2,0,2,2,9,9,1,80,1,1,0,0,0,1,17.0,,deux_roues,,1,1,1,1,7
201900005799,2019-07-08 06:20:00,2019,7,8,6,20,72,72051,168 Rue Nationale,47.824974,0.073294,Crépuscule ou aube,En agglomération,Hors intersection,Normale,Deux véhicules - arrière,3,2,2,0,2,1,1,0,1,50,2,4,3,0,1,0,54.0,38.0,utilitaire_camion,voiture,2,2,1,1,2
201900005800,2019-07-09 09:15:00,2019,7,9,9,15,6,06079,26 Avenue Henri Clews,43.525225,6.943811,Plein jour,En agglomération,Hors intersection,Normale,Trois véhicules et plus - en chaîne,3,3,2,1,1,1,1,0,1,-1,3,3,2,0,0,1,56.0,41.0,voiture,voiture,1,2,1,1,4
201900005801,2019-07-06 18:15:00,2019,7,6,18,15,83,83145,route de brue auriac,43.595735,5.9590036,Plein jour,En agglomération,Hors intersection,Normale,Deux véhicules - frontale,3,2,2,0,2,3,1,0,1,50,2,4,2,0,0,2,58.0,75.0,voiture,voiture,1,2,1,1,1
201900005802,2019-06-17 17:30:00,2019,6,17,17,30,83,83051,Route de Lorgues ,43.48093,6.26572,Plein jour,Hors agglomération,Hors intersection,Normale,Autre collision,3,2,2,0,1,1,1,0,3,80,1,1,0,0,1,0,25.0,,voiture,,1,1,1,1,6
201900005803,2019-07-07 18:15:00,2019,7,7,18,15,43,43224,Route de la Bâtie,45.237666,4.243523,Plein jour,En agglomération,Hors intersection,Normale,Sans collision,4,2,2,1,2,1,1,0,3,50,1,1,0,0,1,0,19.0,,deux_roues,,1,2,1,1,7
201900005804,2019-07-06 19:10:00,2019,7,6,19,10,43,43012,Avenue de Firminy,45.379416,4.221057,Plein jour,Hors agglomération,Hors intersection,Normale,Deux véhicules - côté,3,2,2,0,1,1,1,0,1,80,2,6,2,0,0,4,33.0,31.0,voiture,voiture,1,1,1,1,3
201900005805,2019-07-09 16:10:00,2019,7,9,16,10,7,07314,bary,44.885066,4.587135,Plein jour,Hors agglomération,Autre intersection,Normale,Autre collision,4,2,2,0,2,1,1,0,3,-1,1,1,0,0,1,0,29.0,,voiture,,1,1,9,1,6
201900005806,2019-07-07 06:15:00,2019,7,7,6,15,24,24340,ROUTE DES NEBOUTS,44.8421,0.43599,Crépuscule ou aube,Hors agglomération,Hors intersection,Normale,Sans collision,4,2,2,0,1,1,1,0,1,80,1,1,0,0,1,0,28.0,,voiture,,2,1,1,1,7
201900005807,2019-07-09 17:40:00,2019,7,9,17,40,4,04172,RD 952,43.8290193,6.1386786,Plein jour,Hors agglomération,Hors intersection,Normale,Sans collision,3,2,2,0,1,1,1,0,3,80,1,1,0,0,0,1,44.0,,deux_roues,,1,1,1,1,7
201900005808,2019-07-09 10:30:00,2019,7,9,10,30,4,04008,RN 202,43.952938,6.684876,Plein jour,Hors agglomération,Hors intersection,Pluie forte,Deux véhicules - frontale,2,2,2,0,2,3,8,0,1,80,2,2,1,1,0,0,81.0,57.0,voiture,deux_roues,1,1,1,3,1
201900005809,2019-06-30 08:32:00,2019,6,30,8,32,27,27425,lieu dit FEUGUEROLLES,49.143708,0.745613,Plein jour,En agglomération,Hors intersection,Normale,Deux véhicules - frontale,3,2,2,0,2,1,1,0,1,70,2,2,0,0,2,0,80.0,65.0,voiture,voiture,1,2,1,1,1
201900005810,2019-07-09 02:30:00,2019,7,9,2,30,87,87151,Mas de Roche,45.717297,1.319886,Nuit sans éclairage public,Hors agglomération,Hors intersection,Normale,Sans collision,3,2,2,0,1,1,1,0,1,80,1,3,0,1,2,0,18.0,,utilitaire_camion,,3,1,1,1,7
201900005811,2019-07-08 10:30:00,2019,7,8,10,30,30,30336,Rd 986L,43.852583,4.626705,Plein jour,Hors agglomération,Hors intersection,Normale,Autre collision,3,2,2,0,1,1,1,0,1,80,1,2,1,0,1,0,53.0,,utilitaire_camion,,1,1,1,1,6
201900005812,2019-07-08 10:50:00,2019,7,8,10,50,30,30147,AVENUE DE LA GARE,44.012663,4.050058,Plein jour,Hors agglomération,Hors intersection,Normale,Deux véhicules - frontale,3,2,2,0,1,1,1,0,1,80,2,2,0,0,1,1,59.0,42.0,voiture,voiture,1,1,1,1,1
201900005813,2019-07-09 19:00:00,2019,7,9,19,0,13,13059,a51,43.611414,5.497585,Plein jour,Hors agglomération,Hors intersection,Normale,Deux véhicules - arrière,1,3,5,0,1,1,1,9,6,130,2,7,1,0,0,6,31.0,47.0,utilitaire_camion,voiture,1,1,1,1,2
201900005814,2019-06-14 13:55:00,2019,6,14,13,55,74,74268,181 Avenue d'Aix-Les-Bains (Seynod),45.882645,6.097084,Plein jour,En agglomération,Intersection en X,Normale,Deux véhicules - arrière,3,2,2,2,4,1,1,0,1,50,2,2,1,0,1,0,51.0,21.0,deux_roues,voiture,1,2,2,1,2
201900005815,2019-07-05 19:45:00,2019,7,5,19,45,971,97128,Poirier,16.244475,-61.369868,Nuit avec éclairage allumé,En agglomération,Hors intersection,Normale,Deux véhicules - frontale,3,2,2,0,1,1,1,0,1,50,2,2,1,0,1,0,30.0,19.0,deux_roues,voiture,5,2,1,1,1
201900005816,2019-07-08 17:30:00,2019,7,8,17,30,977,97701,route de Lurin,17.895001,-62.839646,Plein jour,Hors agglomération,Hors intersection,Normale,Sans collision,4,2,2,0,2,1,1,0,3,40,1,2,0,0,0,2,19.0,,deux_roues,,1,1,1,1,7
201900005817,2019-07-08 21:15:00,2019,7,8,21,15,977,97701,ST JEAN AEROPORT,17.903478,-62.844014,Nuit avec éclairage allumé,En agglomération,Hors intersection,Normale,Trois véhicules et plus - collisions multiples,3,2,2,0,1,2,1,0,1,30,3,3,1,0,2,0,16.0,16.0,deux_roues,deux_roues,5,2,1,1,5
201900005818,2019-07-05 09:30:00,2019,7,5,9,30,77,77317,RD 227 PK 5+770,48.59057,2.89297,Plein jour,Hors agglomération,Hors intersection,Normale,Deux véhicules - côté,3,2,2,0,1,1,1,0,1,80,2,2,1,0,0,1,61.0,63.0,voiture,deux_roues,1,1,1,1,3
201900005819,2019-07-09 12:45:00,2019,7,9,12,45,6,06082,"RD26, PR 5+000",43.9421828,7.1229594,Plein jour,Hors agglomération,Hors intersection,Pluie forte,Sans collision,3,2,2,0,2,2,6,2,8,80,1,1,0,0,1,0,65.0,,deux_roues,,1,1,1,3,7
201900005820,2019-05-30 18:05:00,2019,5,30,18,5,67,67378,49 Rue du Général Leclerc,48.468213,7.722933,Plein jour,En agglomération,Intersection en T,Normale,Deux véhicules - arrière,7,2,2,0,1,1,1,0,1,30,2,2,1,0,1,0,49.0,54.0,deux_roues,voiture,1,2,3,1,2
201900005821,2019-07-09 10:15:00,2019,7,9,10,15,38,38135,Montée du Fayard,45.775729,5.381222,Plein jour,En agglomération,Hors intersection,Normale,Autre collision,4,2,2,0,2,1,1,0,3,50,1,1,0,0,1,0,61.0,,deux_roues,,1,2,1,1,6
201900005822,2019-01-23 11:00:00,2019,1,23,11,0,38,38111,Rue de la République,45.120526,5.674734,Plein jour,En agglomération,Hors intersection,Normale,Deux véhicules - arrière,4,1,1,0,1,1,1,0,1,50,2,2,1,0,0,1,37.0,24.0,voiture,voiture,1,2,1,1,2
201900005823,2019-07-09 14:00:00,2019,7,9,14,0,31,31004,chemin des landes,43.4469701,1.599534,Plein jour,Hors agglomération,Hors intersection,Normale,Deux véhicules - frontale,4,2,2,0,1,1,1,0,1,-1,2,3,0,0,1,2,26.0,40.0,utilitaire_camion,voiture,1,1,1,1,1
201900005824,2019-07-09 07:15:00,2019,7,9,7,15,85,85226,107 Route du Pissot,46.7402,-1.95338,Plein jour,Hors agglomération,Hors intersection,Normale,Deux véhicules - arrière,3,2,2,0,1,1,1,0,1,80,2,2,1,1,0,0,67.0,37.0,deux_roues,voiture,1,1,1,1,2
201900005825,2019-07-09 05:25:00,2019,7,9,5,25,61,61382,Le Bonnet,48.455228,-0.027294,Crépuscule ou aube,Hors agglomération,Hors intersection,Normale,Deux véhicules - frontale,2,2,2,0,2,1,1,0,1,80,2,2,1,0,1,0,26.0,56.0,utilitaire_camion,utilitaire_camion,2,1,1,1,1
201900005826,2019-07-09 10:20:00,2019,7,9,10,20,14,14047,Boulevard du 6 Juin,49.27557,-0.716066,Plein jour,En agglomération,Intersection en X,Normale,Deux véhicules - côté,4,2,2,0,1,1,1,0,1,50,2,2,1,0,0,1,74.0,22.0,voiture,voiture,1,2,2,1,3
201900005827,2019-07-09 13:00:00,2019,7,9,13,0,80,80185,Vaucourt,49.714375,2.838106,Plein jour,Hors agglomération,Intersection en X,Normale,Deux véhicules - côté,3,2,2,0,1,1,1,0,1,80,2,2,1,0,1,0,87.0,45.0,voiture,voiture,1,1,2,1,3
201900005828,2019-07-09 07:55:00,2019,7,9,7,55,80,80685,Rue d'Amiens,49.698615,2.788056,Plein jour,En agglomération,Intersection en X,Normale,Deux véhicules - côté,4,2,2,0,2,1,1,0,1,50,2,2,1,0,0,1,55.0,30.0,deux_roues,voiture,1,2,2,1,3
201900005829,2019-07-08 15:15:00,2019,7,8,15,15,33,33162,ROCADE A 630,44.86405,-0.65439,Plein jour,Hors agglomération,Hors intersection,Normale,Deux véhicules - arrière,1,3,4,0,1,1,1,3,1,90,2,2,1,0,0,1,39.0,24.0,utilitaire_camion,voiture,1,1,1,1,2
201900005830,2019-06-28 15:00:00,2019,6,28,15,0,59,59009,ROUTE NATIONALE 227,50.61986,3.13516,Plein jour,Hors agglomération,Hors intersection,Normale,Deux véhicules - côté,2,3,4,0,1,1,1,0,1,90,2,2,1,0,0,1,28.0,40.0,deux_roues,voiture,1,1,1,1,3
201900005831,2019-07-08 19:10:00,2019,7,8,19,10,91,91521,AUTOROUTE A6,48.63849,2.39614,Plein jour,Hors agglomération,Hors intersection,Normale,Sans collision,1,1,3,0,1,1,1,0,3,70,1,1,0,0,0,1,28.0,,deux_roues,,1,1,1,1,7
201900005832,2019-07-08 16:30:00,2019,7,8,16,30,91,91161,AUTOROUTE A6,48.70937,2.30697,Plein jour,Hors agglomération,Hors intersection,Normale,Deux véhicules - côté,1,1,3,0,1,1,1,0,3,110,2,2,1,0,0,1,44.0,36.0,voiture,deux_roues,1,1,1,1,3
201900005833,2019-07-08 08:30:00,2019,7,8,8,30,92,92072,N118,48.8270147,2.2242259,Plein jour,Hors agglomération,Hors intersection,Normale,Deux véhicules - côté,2,1,1,0,2,3,1,0,1,30,2,2,1,0,1,0,53.0,33.0,voiture,deux_roues,1,1,1,1,3
201900005834,2019-07-07 19:40:00,2019,7,7,19,40,95,95154,AUTOROUTE A1,49.04328,2.54402,Plein jour,Hors agglomération,Hors intersection,Normale,Autre collision,1,1,1,0,1,4,1,0,1,70,1,1,0,0,0,1,26.0,,voiture,,1,1,1,1,6
201900005835,2019-07-07 01:50:00,2019,7,7,1,50,95,95678,RN 184,49.07513,2.24403,Nuit sans éclairage public,Hors agglomération,Hors intersection,Normale,Deux véhicules - arrière,2,3,4,0,1,1,1,0,1,110,2,2,1,0,0,1,20.0,26.0,voiture,voiture,3,1,1,1,2
201900005836,2019-07-06 23:45:00,2019,7,6,23,45,93,93005,AUTOROUTE A3,48.93943,2.47957,Nuit sans éclairage public,Hors agglomération,Hors intersection,Normale,Autre collision,1,3,6,0,1,1,1,0,1,110,1,3,0,0,0,3,20.0,,voiture,,3,1,1,1,6
201900005837,2019-07-08 16:30:00,2019,7,8,16,30,94,94022,A86 EXT,48.77684,2.41829,Plein jour,Hors agglomération,Hors intersection,Normale,Deux véhicules - arrière,1,3,3,0,1,1,1,0,1,90,2,2,1,0,0,1,22.0,40.0,deux_roues,utilitaire_camion,1,1,1,1,2
201900005838,2019-07-08 13:25:00,2019,7,8,13,25,77,77449,A4,48.83362,2.79638,Plein jour,Hors agglomération,Hors intersection,Normale,Deux véhicules - arrière,1,1,3,0,1,1,1,0,3,130,2,3,2,0,0,1,31.0,28.0,utilitaire_camion,utilitaire_camion,1,1,1,1,2
201900005839,2019-07-07 23:35:00,2019,7,7,23,35,94,94018,A4,48.82178,2.3987,Nuit avec éclairage allumé,Hors agglomération,Hors intersection,Normale,Autre collision,1,1,5,0,1,1,1,0,1,90,1,2,1,1,0,0,33.0,,voiture,,5,1,1,1,6
201900005840,2019-07-07 07:30:00,2019,7,7,7,30,94,94073,A86 EXT,48.7667,2.3833,Plein jour,Hors agglomération,Hors intersection,Normale,Autre collision,1,3,3,0,1,1,1,1,1,90,1,2,0,0,0,2,22.0,,voiture,,1,1,1,1,6
201900005841,2019-07-07 05:00:00,2019,7,7,5,0,94,94015,A4,48.8293441,2.5283662,Crépuscule ou aube,Hors agglomération,Hors intersection,Normale,Trois véhicules et plus - en chaîne,1,-1,4,0,1,1,1,0,1,110,3,3,1,0,0,2,38.0,26.0,deux_roues,voiture,2,1,1,1,4
201900005842,2019-07-06 16:45:00,2019,7,6,16,45,94,94046,A86 EXT,48.8,2.433,Plein jour,Hors agglomération,Hors intersection,Normale,Deux véhicules - côté,1,3,4,0,1,1,1,0,1,90,2,2,1,0,0,1,41.0,73.0,deux_roues,voiture,1,1,1,1,3
201900005843,2019-07-07 19:20:00,2019,7,7,19,20,91,91434,AVENIR (AVENUE DE L'),48.65664,2.3539,Plein jour,En agglomération,Intersection en X,Normale,Deux véhicules - côté,4,-1,2,0,1,1,1,0,1,50,2,3,1,0,0,2,38.0,68.0,voiture,voiture,1,2,2,1,3
201900005844,2019-07-06 21:05:00,2019,7,6,21,5,13,13204,MARÉCHAL JUIN (BOULEVARD),43.30937,5.40301,Crépuscule ou aube,En agglomération,Intersection en X,Normale,Deux véhicules - côté,4,2,3,3,1,1,1,0,1,50,2,2,1,0,0,1,56.0,30.0,voiture,deux_roues,2,2,2,1,3
201900005845,2019-07-06 02:10:00,2019,7,6,2,10,13,13204,SAKAKINI (BOULEVARD),43.29951,5.40077,Nuit avec éclairage allumé,En agglomération,Hors intersection,Normale,Deux véhicules - arrière,4,3,6,0,1,1,1,0,1,50,2,3,1,0,0,2,54.0,25.0,voiture,voiture,5,2,1,1,2
201900005846,2019-06-19 12:45:00,2019,6,19,12,45,13,13047,RN 569,43.532933,4.959216,Plein jour,Hors agglomération,Hors intersection,Normale,Autre collision,2,2,2,0,1,1,1,0,1,80,2,2,1,0,0,1,39.0,,voiture,,1,1,1,1,6
201900005847,2019-07-07 12:15:00,2019,7,7,12,15,94,94075,MARECHAL DE LATTRE DE TASSIGNY (AV),48.72753,2.5311,Plein jour,En agglomération,Intersection en X,Normale,Trois véhicules et plus - collisions multiples,2,3,0,0,1,1,1,5,1,50,3,3,2,0,0,1,26.0,57.0,voiture,voiture,1,2,2,1,5
201900005848,2019-07-07 04:40:00,2019,7,7,4,40,976,97611,mamoudzou centre-Marché ( place du ),-12.77875,45.23063,Crépuscule ou aube,En agglomération,Place,Normale,Autre collision,4,2,2,0,1,1,1,9,1,50,1,1,0,0,0,1,,,,,2,2,7,1,6
201900005849,2019-07-07 05:25:00,2019,7,7,5,25,974,97416,HUBERT DE LISLE(BOULEVARD),-21.3433925,55.4675012,Nuit avec éclairage allumé,En agglomération,Hors intersection,Normale,Deux véhicules - côté,4,3,1,0,1,1,1,0,1,50,2,2,0,0,0,2,32.0,22.0,voiture,voiture,5,2,1,1,3
201900005850,2019-07-06 09:05:00,2019,7,6,9,5,974,97416,LEBLOND 2 (RUE MARIUS ET ARY),-21.33547,55.4664,Plein jour,En agglomération,Hors intersection,Normale,Deux véhicules - côté,4,2,2,0,1,3,1,0,2,50,2,2,0,0,0,2,36.0,29.0,deux_roues,voiture,1,2,1,1,3