accident_id,datetime,annee,mois,jour,heure,minute,departement,commune_insee,adresse,latitude,longitude,luminosite,agglomeration,intersection,meteo,collision,catr,circ,nbv,vosp,prof,plan,surf,infra,situ,vma,nb_vehicules,nb_usagers,nb_indemnes,nb_tues,nb_blesses_hosp,nb_blesses_legers,age_cond_1,age_cond_2,veh_type_cond_1,veh_type_cond_2,lum_code,agg_code,int_code,atm_code,col_code
201900005942,2019-09-16 10:45:00,2019,9,16,10,45,77,77131,D222-GAMBETTA (COUR),48.81495,3.0855,Plein jour,En agglomération,Hors intersection,Temps éblouissant,Autre collision,3,2,2,0,1,3,1,6,1,30,1,2,1,0,1,0,61.0,,voiture,,1,2,1,7,6
201900005943,2019-09-14 18:30:00,2019,9,14,18,30,76,76165,FAURE. RUE FELIX,49.28793,1.02819,Plein jour,En agglomération,Hors intersection,Normale,Deux véhicules - côté,4,2,0,0,1,1,1,0,1,50,2,3,1,0,0,2,24.0,70.0,voiture,voiture,1,2,1,1,3
201900005944,2019-09-13 17:51:00,2019,9,13,17,51,72,72181,CORDELET LOUIS ( AV),48.01211,0.18855,Plein jour,En agglomération,Hors intersection,Normale,Deux véhicules - côté,4,4,3,0,1,1,1,0,1,50,2,2,1,0,0,1,35.0,56.0,deux_roues,voiture,1,2,1,1,3
201900005945,2019-09-16 10:30:00,2019,9,16,10,30,71,71270,EUROPE (RUE DE L'),46.30043,4.82426,Plein jour,En agglomération,Intersection en T,Normale,Deux véhicules - côté,4,1,1,2,2,1,1,0,1,30,2,2,1,0,0,1,68.0,19.0,voiture,deux_roues,1,2,3,1,3
201900005946,2019-09-16 19:45:00,2019,9,16,19,45,71,71270,Rue de Flacé,46.31095,4.83397,Crépuscule ou aube,En agglomération,Hors intersection,Normale,Deux véhicules - côté,4,2,2,2,3,1,1,0,2,50,2,2,1,0,1,0,20.0,40.0,deux_roues,voiture,2,2,1,1,3
201900005947,2019-09-16 11:30:00,2019,9,16,11,30,69,69290,PORTE DES ALPES (DE LA) - BD URBAIN (BD),45.71889,4.93085,Plein jour,En agglomération,Intersection en T,Normale,Deux véhicules - côté,4,3,4,0,1,1,1,0,1,50,2,3,1,0,0,2,69.0,46.0,voiture,voiture,1,2,3,1,3
201900005948,2019-09-17 13:45:00,2019,9,17,13,45,68,68066,INGERSHEIM (ROUTE D'),48.08455,7.34239,Plein jour,En agglomération,Autre intersection,Normale,Deux véhicules - côté,4,2,2,0,1,1,1,0,1,50,2,2,1,0,1,0,50.0,60.0,voiture,deux_roues,1,2,9,1,3
201900005949,2019-09-16 16:55:00,2019,9,16,16,55,68,68066,INGERSHEIM (ROUTE D'),48.08515,7.33922,Plein jour,En agglomération,Hors intersection,Normale,Deux véhicules - arrière,4,2,2,0,1,1,1,0,1,50,2,3,1,0,0,2,63.0,18.0,voiture,deux_roues,1,2,1,1,2
201900005950,2019-09-16 22:00:00,2019,9,16,22,0,67,67482,LANGUEDOC (RUE DU),48.545914,7.756918,Nuit avec éclairage allumé,En agglomération,Intersection en T,Normale,Deux véhicules - côté,4,2,2,0,1,1,1,0,1,50,2,2,1,0,0,1,76.0,51.0,deux_roues,deux_roues,5,2,3,1,3
201900005951,2019-09-16 12:20:00,2019,9,16,12,20,67,67482,ANVERS (BOULEVARD D ),48.583096,7.776501,Plein jour,En agglomération,Hors intersection,Normale,Autre collision,4,2,3,0,1,1,1,0,1,50,1,2,1,1,0,0,43.0,,voiture,,1,2,1,1,6
201900005952,2019-09-15 21:50:00,2019,9,15,21,50,67,67482,ROMAINS (ROUTE DES),48.57846,7.70861,Nuit avec éclairage allumé,En agglomération,Hors intersection,Normale,Deux véhicules - frontale,4,3,1,1,1,1,1,8,1,30,2,2,0,0,0,2,43.0,47.0,voiture,deux_roues,5,2,1,1,1
201900005953,2019-09-15 16:30:00,2019,9,15,16,30,67,67482,ALBERT CALMETTE (RUE),48.589872,7.709398,Plein jour,En agglomération,Intersection en T,Normale,Deux véhicules - côté,4,3,5,3,1,1,1,0,1,50,2,2,1,0,0,1,36.0,68.0,deux_roues,voiture,1,2,3,1,3
201900005954,2019-09-14 14:00:00,2019,9,14,14,0,67,67204,TROIS MAIRES (RUE DES),48.638678,7.78094,Plein jour,Hors agglomération,Giratoire,Normale,Deux véhicules - côté,4,3,2,2,1,3,1,0,1,70,2,2,1,0,0,1,22.0,58.0,deux_roues,voiture,1,1,6,1,3
201900005955,2019-09-17 15:20:00,2019,9,17,15,20,66,66136,2 Allée du souvenir,42.68919,2.89324,Plein jour,En agglomération,Hors intersection,Normale,Autre collision,4,2,1,0,1,1,1,0,1,50,1,2,1,0,0,1,42.0,,voiture,,1,2,1,1,6
201900005956,2019-09-16 18:15:00,2019,9,16,18,15,66,66136,VC,42.69072,2.89117,Plein jour,En agglomération,Hors intersection,Normale,Autre collision,4,2,1,0,1,1,1,0,1,50,1,2,1,0,1,0,45.0,,voiture,,1,2,1,1,6
201900005957,2019-09-17 17:55:00,2019,9,17,17,55,66,66136,FRANCE LIBRE (BOULEVARD DE LA),42.70126,2.88637,Plein jour,En agglomération,Hors intersection,Normale,Deux véhicules - frontale,4,2,2,0,1,1,1,0,1,50,2,2,0,0,1,1,23.0,46.0,voiture,voiture,1,2,1,1,1
201900005958,2019-09-17 20:49:00,2019,9,17,20,49,65,65286,FOCH (AVENUE MARECHAL),43.0896884,-0.046169,Nuit avec éclairage allumé,En agglomération,Intersection en T,Normale,Deux véhicules - côté,4,2,2,0,1,1,1,0,3,50,2,3,1,0,0,2,17.0,34.0,deux_roues,voiture,5,2,3,1,3
201900005959,2019-09-17 14:05:00,2019,9,17,14,5,64,64445,ALLEES DE MORLAAS DES,43.3038,-0.3509,Plein jour,En agglomération,Intersection en T,Normale,Deux véhicules - côté,4,2,1,0,1,1,1,0,1,50,2,2,1,0,0,1,96.0,73.0,deux_roues,voiture,1,2,3,1,3
201900005960,2019-09-17 07:55:00,2019,9,17,7,55,64,64445,OLOF PALME,43.33889,-0.37859,Plein jour,En agglomération,Hors intersection,Normale,Trois véhicules et plus - en chaîne,3,2,2,0,1,1,1,0,1,70,3,3,1,0,0,2,20.0,28.0,voiture,voiture,1,2,1,1,4
201900005961,2019-09-16 19:45:00,2019,9,16,19,45,64,64335,ANDRE MARIE AMPERE,43.31529,-0.42996,Plein jour,En agglomération,Hors intersection,Normale,Deux véhicules - côté,4,2,3,0,1,1,1,0,3,50,2,1,0,0,0,1,25.0,,deux_roues,,1,2,1,1,3
201900005962,2019-08-28 09:40:00,2019,8,28,9,40,62,62194,CD 70,50.48392,2.47485,Plein jour,En agglomération,Giratoire,Normale,Autre collision,3,2,2,0,1,1,1,9,1,50,1,2,1,0,0,1,50.0,,voiture,,1,2,6,1,6
201900005963,2019-09-16 12:00:00,2019,9,16,12,0,62,62894,C.D. 96e,50.746449,1.620183,Plein jour,Hors agglomération,Intersection en X,Normale,Trois véhicules et plus - collisions multiples,3,2,2,0,2,1,1,0,1,70,3,3,0,0,3,0,68.0,25.0,voiture,voiture,1,1,2,1,5
201900005964,2019-09-08 20:05:00,2019,9,8,20,5,59,59009,GUESDE JULES RUE,50.63701,3.11777,Crépuscule ou aube,En agglomération,Hors intersection,Normale,Trois véhicules et plus - en chaîne,4,3,2,0,1,1,1,5,1,50,3,4,2,0,0,2,34.0,41.0,voiture,voiture,2,2,1,1,4
201900005965,2019-09-14 22:00:00,2019,9,14,22,0,58,58194,FONTAINE D'ARGENT (PLACE),46.9921,3.1491,Nuit avec éclairage allumé,En agglomération,Intersection en X,Normale,Deux véhicules - côté,4,4,2,0,1,2,1,5,1,50,2,2,1,0,0,1,19.0,24.0,voiture,deux_roues,5,2,2,1,3
201900005966,2019-09-17 13:50:00,2019,9,17,13,50,56,56162,GIRATOIRE DE SOYE,47.7409809,-3.4063671,Plein jour,En agglomération,Giratoire,Normale,Deux véhicules - côté,3,2,3,1,1,1,1,5,1,50,2,2,0,0,0,2,45.0,41.0,voiture,voiture,1,2,6,1,3
201900005967,2019-09-16 18:45:00,2019,9,16,18,45,56,56098,RN 165 PR 96+505,47.77793,-3.35635,Plein jour,Hors agglomération,Hors intersection,Normale,Deux véhicules - arrière,2,3,6,0,2,1,1,0,1,90,2,3,1,0,0,2,28.0,30.0,utilitaire_camion,utilitaire_camion,1,1,1,1,2
201900005968,2019-09-16 12:20:00,2019,9,16,12,20,56,56121,BELGIQUE (RUE  DE ),47.75973,-3.38146,Plein jour,En agglomération,Intersection en T,Normale,Deux véhicules - arrière,4,2,2,0,1,1,1,0,1,50,2,2,0,0,0,2,20.0,51.0,voiture,voiture,1,2,3,1,2
201900005969,2019-09-16 10:00:00,2019,9,16,10,0,56,56121,Parking du CHBS,47.75139,-3.35712,Plein jour,En agglomération,Hors intersection,Normale,Autre collision,6,-1,-1,0,1,1,1,0,1,30,1,1,0,0,0,1,63.0,,voiture,,1,2,1,1,6
201900005970,2019-09-16 09:15:00,2019,9,16,9,15,56,56121,RODIN (RUE AUGUSTE),47.75327,-3.37211,Plein jour,En agglomération,Intersection en T,Normale,Autre collision,4,1,1,0,1,1,1,0,1,50,1,2,1,0,1,0,38.0,,voiture,,1,2,3,1,6
201900005971,2019-09-16 07:35:00,2019,9,16,7,35,56,56121,Rue du Colonel Muller,47.76235,-3.39069,Plein jour,En agglomération,Intersection en T,Normale,Deux véhicules - côté,4,2,2,0,1,1,1,0,1,50,2,2,1,0,0,1,27.0,38.0,deux_roues,voiture,1,2,3,1,3
201900005972,2019-09-15 12:05:00,2019,9,15,12,5,56,56083,VILLENEUVE ST-CARADEC (LIEU-DIT),47.82162,-3.28838,Plein jour,Hors agglomération,Hors intersection,Normale,Sans collision,4,2,2,0,1,3,9,0,1,50,1,2,1,0,0,1,24.0,,deux_roues,,1,1,1,1,7
201900005973,2019-09-17 18:25:00,2019,9,17,18,25,54,54395,PINCHARD (AVENUE - OMBELLES),48.703526,6.15652,Plein jour,En agglomération,Autre intersection,Normale,Sans collision,4,2,2,0,1,1,1,0,1,50,1,2,0,0,0,2,45.0,,voiture,,1,2,9,1,7
201900005974,2019-03-07 13:00:00,2019,3,7,13,0,54,54395,LECLERC (AV. DU GENE,48.68188,6.18339,Plein jour,En agglomération,Intersection en Y,Normale,Sans collision,4,-1,1,0,1,1,1,0,1,50,1,2,1,0,0,1,62.0,,voiture,,1,2,4,1,7
201900005975,2019-03-05 09:36:00,2019,3,5,9,36,54,54184,MOENCH (RUE CHRISTIAN),48.70029,6.22551,Plein jour,En agglomération,Hors intersection,Pluie légère,Deux véhicules - côté,4,-1,2,0,1,1,2,0,1,50,2,2,1,0,0,1,45.0,59.0,voiture,voiture,1,2,1,2,3
201900005976,2019-03-06 15:00:00,2019,3,6,15,0,54,54395,BOFFRAND (AVENUE),48.68156,6.172101,Plein jour,En agglomération,Hors intersection,Pluie légère,Deux véhicules - frontale,4,1,1,0,1,2,2,0,1,30,2,2,1,0,0,1,50.0,28.0,voiture,deux_roues,1,2,1,2,1
201900005977,2019-03-05 07:44:00,2019,3,5,7,44,54,54526,ONZE NOVEMBRE (RUE DU),48.68155,6.21595,Plein jour,En agglomération,Intersection à plus de 4 branches,Normale,Trois véhicules et plus - en chaîne,4,-1,5,0,1,1,1,5,1,50,3,3,2,0,0,1,28.0,28.0,voiture,voiture,1,2,5,1,4
201900005978,2019-09-17 18:00:00,2019,9,17,18,0,51,51454,AVENUE PAUL MARCHANDEAU,49.24388,4.02709,Plein jour,En agglomération,Hors intersection,Temps éblouissant,Deux véhicules - arrière,4,2,4,0,1,1,1,0,1,50,2,3,2,0,0,1,68.0,38.0,voiture,voiture,1,2,1,7,2
201900005979,2019-09-16 23:20:00,2019,9,16,23,20,51,51172,AVENUE DU LANGUEDOC,49.2186857,4.0413137,Nuit avec éclairage allumé,En agglomération,Hors intersection,Normale,Sans collision,4,2,2,0,1,2,1,0,1,50,1,2,1,0,1,0,22.0,,deux_roues,,5,2,1,1,7
201900005980,2019-09-16 20:25:00,2019,9,16,20,25,51,51454,RUE GERBERT,49.2509911,4.0407788,Nuit avec éclairage allumé,En agglomération,Intersection en X,Normale,Deux véhicules - côté,4,2,3,0,3,1,1,9,1,50,2,2,1,0,1,0,21.0,58.0,voiture,deux_roues,5,2,2,1,3
201900005981,2019-09-16 10:19:00,2019,9,16,10,19,49,49007,FULTON,47.46372,-0.55669,Plein jour,En agglomération,Hors intersection,Normale,Sans collision,4,2,2,0,1,1,1,0,1,30,1,1,0,0,0,1,28.0,,deux_roues,,1,2,1,1,7
201900005982,2019-09-16 08:36:00,2019,9,16,8,36,49,49267,FLANDRE,47.48014,-0.4962,Plein jour,En agglomération,Hors intersection,Normale,Autre collision,4,2,2,0,1,1,1,0,1,60,1,2,1,0,0,1,41.0,,voiture,,1,2,1,1,6
201900005983,2019-09-15 14:22:00,2019,9,15,14,22,49,49007,BON PASTEUR BOULEVARD,47.47012,-0.56895,Plein jour,En agglomération,Hors intersection,Normale,Deux véhicules - arrière,4,2,2,0,1,1,1,0,1,60,2,2,1,0,0,1,29.0,86.0,deux_roues,voiture,1,2,1,1,2
201900005984,2019-09-14 08:47:00,2019,9,14,8,47,49,49007,LIZE,47.49008,-0.56612,Plein jour,En agglomération,Hors intersection,Normale,Deux véhicules - côté,4,2,2,0,1,1,1,0,1,60,2,2,1,0,0,1,60.0,44.0,voiture,deux_roues,1,2,1,1,3
201900005985,2019-09-13 14:14:00,2019,9,13,14,14,49,49007,LORRAINE PLACE,47.47047,-0.5477,Plein jour,En agglomération,Hors intersection,Normale,Deux véhicules - frontale,4,2,2,0,1,1,1,0,1,60,2,3,2,0,1,0,43.0,77.0,utilitaire_camion,voiture,1,2,1,1,1
201900005986,2019-09-06 10:45:00,2019,9,6,10,45,44,44132,AVENUES POULIGOU / PETIT CANON ,47.249,-2.308,Plein jour,En agglomération,Intersection en X,Normale,Deux véhicules - côté,4,2,2,1,1,1,1,9,1,50,2,2,1,0,0,1,91.0,56.0,voiture,deux_roues,1,2,2,1,3
201900005987,2019-09-17 08:24:00,2019,9,17,8,24,37,37261,ALOUETTE (AVENUE),47.3653124,0.7033628,Plein jour,En agglomération,Hors intersection,Normale,Autre collision,4,1,2,0,4,3,1,0,1,50,1,1,0,0,1,0,23.0,,deux_roues,,1,2,1,1,6
201900005988,2019-09-17 11:25:00,2019,9,17,11,25,35,35238,SAINT-HELIER,48.1071763,-1.6712523,Plein jour,En agglomération,Hors intersection,Normale,Deux véhicules - arrière,4,2,2,1,1,1,1,0,1,50,2,2,1,0,0,1,47.0,63.0,voiture,deux_roues,1,2,1,1,2
201900005989,2019-09-16 15:00:00,2019,9,16,15,0,33,33063,Q. de Bacalan / Proximité R. Lucien Faure,44.860169,-0.55417,Plein jour,En agglomération,Intersection en X,Temps éblouissant,Deux véhicules - côté,4,3,6,3,1,1,1,4,6,50,2,2,1,0,0,1,21.0,38.0,deux_roues,transport_commun,1,2,2,7,3
201900005990,2019-09-17 17:30:00,2019,9,17,17,30,33,33529,EUROPE (RUE DE L'),44.61751,-1.12373,Plein jour,Hors agglomération,Hors intersection,Normale,Deux véhicules - côté,6,-1,0,0,1,1,1,0,1,50,2,2,1,0,0,1,36.0,65.0,deux_roues,voiture,1,1,1,1,3
201900005991,2019-09-16 18:15:00,2019,9,16,18,15,31,31069,GRENADE (ROUTE DE),43.63431,1.39122,Plein jour,En agglomération,Hors intersection,Normale,Deux véhicules - côté,3,1,1,0,2,1,1,0,1,50,2,2,1,0,0,1,51.0,25.0,voiture,deux_roues,1,2,1,1,3
201900005992,2019-09-16 21:40:00,2019,9,16,21,40,31,31555,ALL CHARLES DE FITTE,43.59613,1.43204,Nuit avec éclairage allumé,En agglomération,Hors intersection,Normale,Deux véhicules - côté,4,3,4,0,1,1,1,0,1,50,2,1,0,0,0,1,60.0,,deux_roues,,5,2,1,1,3
201900005993,2019-09-16 16:45:00,2019,9,16,16,45,31,31555,SAINT EXUPERY (AV ANTOINE DE ) DU 2AU 23,43.58515,1.46695,Plein jour,En agglomération,Hors intersection,Normale,Autre collision,3,2,2,0,1,1,1,0,1,50,1,2,1,0,0,1,29.0,,voiture,,1,2,1,1,6
201900005994,2019-09-16 12:00:00,2019,9,16,12,0,30,30189,RANQUETTE (RUE),43.4921,4.21189,Plein jour,En agglomération,Hors intersection,Normale,Trois véhicules et plus - en chaîne,4,1,5,0,1,1,1,0,1,30,3,3,2,0,0,1,63.0,24.0,voiture,voiture,1,2,1,1,4
201900005995,2019-09-17 12:30:00,2019,9,17,12,30,28,28229,D939,48.46541,1.42306,Plein jour,Hors agglomération,Hors intersection,Normale,Deux véhicules - frontale,3,2,2,0,1,3,1,0,1,80,2,2,0,0,1,1,18.0,37.0,voiture,voiture,1,1,1,1,1
201900005996,2019-09-16 11:30:00,2019,9,16,11,30,17,17306,REGAZZONI (AVENUE CHARLES),45.63464,-1.03546,Plein jour,En agglomération,Intersection en X,Normale,Deux véhicules - côté,4,2,2,0,1,1,1,5,1,50,2,2,1,0,0,1,18.0,76.0,deux_roues,voiture,1,2,2,1,3
201900005997,2019-09-16 12:00:00,2019,9,16,12,0,14,14366,SAINTE ANNE (BOULEVARD),49.1438723,0.2212983,Plein jour,En agglomération,Hors intersection,Normale,Autre collision,6,-1,-1,0,1,1,1,9,1,30,1,2,1,0,1,0,53.0,,utilitaire_camion,,1,2,1,1,6
201900005998,2019-09-17 11:21:00,2019,9,17,11,21,14,14333,JEAN DE VIENNE (COURS),49.41286,0.25294,Plein jour,En agglomération,Hors intersection,Normale,Sans collision,9,3,2,0,1,1,1,9,1,50,1,1,0,0,1,0,49.0,,deux_roues,,1,2,1,1,7
201900005999,2019-09-17 17:10:00,2019,9,17,17,10,13,13206,TROIS FRERES (RUE DES),43.2923,5.38345,Plein jour,En agglomération,Intersection en X,Normale,Deux véhicules - côté,4,2,2,0,1,1,1,0,1,50,2,2,1,0,0,1,52.0,39.0,deux_roues,voiture,1,2,2,1,3
201900006000,2019-09-17 08:10:00,2019,9,17,8,10,13,13208,PRADO (AVENUE DU),43.275405,5.389631,Plein jour,En agglomération,Hors intersection,Normale,Trois véhicules et plus - en chaîne,4,1,3,0,1,1,1,0,1,50,5,5,4,0,0,1,35.0,54.0,voiture,voiture,1,2,1,1,4
201900006001,2019-09-17 08:00:00,2019,9,17,8,0,13,13208,ANDRE ZENATTI (AVENUE),43.24585,5.39055,Plein jour,En agglomération,Hors intersection,Normale,Deux véhicules - côté,4,2,2,0,1,1,1,0,2,50,2,2,0,0,0,2,16.0,41.0,deux_roues,voiture,1,2,1,1,3
201900006002,2019-09-17 07:50:00,2019,9,17,7,50,13,13209,AVIATEUR LE BRIX (RUE),43.2598092,5.4022777,Plein jour,En agglomération,Intersection en T,Normale,Deux véhicules - côté,4,2,5,0,1,1,1,0,1,50,2,2,1,0,0,1,48.0,44.0,voiture,deux_roues,1,2,3,1,3
201900006003,2019-09-17 07:00:00,2019,9,17,7,0,13,13005,RN 96 (ROUTE NATIONALE ),43.30624,5.5737,Crépuscule ou aube,En agglomération,Hors intersection,Normale,Deux véhicules - côté,4,2,4,0,2,1,1,0,1,50,2,3,1,0,0,2,21.0,79.0,deux_roues,voiture,2,2,1,1,3
201900006004,2019-09-16 12:10:00,2019,9,16,12,10,13,13005,RD 43 C,43.30152,5.59153,Plein jour,Hors agglomération,Intersection en T,Normale,Deux véhicules - côté,3,2,2,0,1,1,1,0,1,70,2,2,1,0,1,0,50.0,43.0,deux_roues,utilitaire_camion,1,1,3,1,3
201900006005,2019-09-16 15:10:00,2019,9,16,15,10,10,10387,EDMOND MICHELET (RUE),48.2842172,4.0601481,Plein jour,En agglomération,Hors intersection,Temps éblouissant,Deux véhicules - arrière,4,2,2,0,3,1,1,2,1,50,2,2,1,0,0,1,24.0,77.0,deux_roues,voiture,1,2,1,7,2
201900006006,2019-09-16 13:31:00,2019,9,16,13,31,10,10362,MALADIERE (RUE DE LA),48.29312,4.0254,Plein jour,En agglomération,Hors intersection,Normale,Deux véhicules - frontale,4,-1,1,0,1,1,1,0,1,50,2,2,1,0,0,1,42.0,26.0,voiture,deux_roues,1,2,1,1,1
201900006007,2019-09-17 13:55:00,2019,9,17,13,55,6,06088,BAQUIS (AV.),43.700295,7.262259,Plein jour,En agglomération,Intersection en X,Normale,Deux véhicules - côté,4,-1,2,0,1,1,1,0,4,50,2,3,2,0,0,1,54.0,26.0,voiture,voiture,1,2,2,1,3
201900006008,2019-09-17 13:00:00,2019,9,17,13,0,6,06088,QUAI DES ETATS UNIS,43.694925,7.276928,Plein jour,En agglomération,Intersection en T,Normale,Deux véhicules - côté,4,2,2,0,1,1,1,0,1,50,2,2,1,0,0,1,63.0,52.0,deux_roues,voiture,1,2,3,1,3
201900006009,2019-09-16 10:15:00,2019,9,16,10,15,6,06083,VERDUN (AVENUE DE),43.775041,7.495696,Plein jour,En agglomération,Hors intersection,Normale,Deux véhicules - arrière,3,2,2,0,1,1,1,0,1,50,2,1,0,0,0,1,31.0,,deux_roues,,1,2,1,1,2
201900006010,2019-09-17 17:20:00,2019,9,17,17,20,6,06069,PAGNOL (BOULEVARD MARCEL),43.643889,6.947396,Plein jour,En agglomération,Autre intersection,Normale,Deux véhicules - côté,4,2,2,0,1,1,1,0,1,50,2,2,1,0,0,1,42.0,16.0,voiture,deux_roues,1,2,9,1,3
201900006011,2019-09-17 17:20:00,2019,9,17,17,20,6,06069,PEGOMAS (ROUTE DE),43.62181,6.92519,Plein jour,Hors agglomération,Hors intersection,Normale,Autre collision,3,2,2,0,2,4,1,0,1,70,1,1,0,0,1,0,19.0,,deux_roues,,1,1,1,1,6
201900006012,2019-09-17 14:00:00,2019,9,17,14,0,6,06069,PROVENCE (AVENUE DE),43.654376,6.9223,Plein jour,En agglomération,Autre intersection,Normale,Sans collision,4,-1,-1,0,2,1,1,9,1,50,1,1,0,0,0,1,62.0,,deux_roues,,1,2,9,1,7
201900006013,2019-09-16 18:25:00,2019,9,16,18,25,6,06123,SAUVAIGO PIERRE AVENUE,43.662733,7.183385,Plein jour,En agglomération,Autre intersection,Normale,Deux véhicules - côté,7,2,2,0,1,1,1,0,1,50,2,2,0,0,1,1,40.0,27.0,deux_roues,deux_roues,1,2,9,1,3
201900006014,2019-09-16 19:30:00,2019,9,16,19,30,5,05061,RD944,44.61061,6.12638,Crépuscule ou aube,Hors agglomération,Hors intersection,Normale,Sans collision,3,2,2,0,2,3,9,0,1,80,1,1,0,0,1,0,60.0,,deux_roues,,2,1,1,1,7
201900006015,2019-09-16 08:00:00,2019,9,16,8,0,5,05061,MARECHAL FOCH ( AVENUE DU ),44.56302,6.08628,Plein jour,En agglomération,Intersection en T,Normale,Deux véhicules - côté,2,2,4,0,1,1,1,0,1,50,2,2,1,0,1,0,53.0,61.0,voiture,deux_roues,1,2,3,1,3
201900006016,2019-09-17 14:00:00,2019,9,17,14,0,3,03101,rue Clément Ader,46.3499933,2.5799882,Plein jour,En agglomération,Hors intersection,Normale,Deux véhicules - côté,4,2,2,0,1,1,1,0,1,50,2,2,0,0,1,1,41.0,30.0,deux_roues,voiture,1,2,1,1,3
201900006017,2019-09-16 16:30:00,2019,9,16,16,30,3,03098,rue de Stalingrad,46.3598482,2.6180381,Plein jour,En agglomération,Hors intersection,Normale,Autre collision,3,2,2,0,1,1,1,0,1,50,1,2,1,0,1,0,22.0,,voiture,,1,2,1,1,6
201900006018,2019-09-16 17:45:00,2019,9,16,17,45,1,01283,Route d'Echallon,46.23265,5.70214,Plein jour,Hors agglomération,Hors intersection,Normale,Deux véhicules - côté,3,2,2,0,2,2,1,0,1,80,2,2,1,0,1,0,57.0,56.0,voiture,voiture,1,1,1,1,3
201900006019,2019-09-15 03:10:00,2019,9,15,3,10,93,93053,AUTOROUTE A86,48.90081,2.46932,Nuit sans éclairage public,Hors agglomération,Hors intersection,Normale,Autre collision,1,1,2,0,2,3,1,2,1,60,1,2,0,0,0,2,38.0,,voiture,,3,1,1,1,6
201900006020,2019-09-16 15:20:00,2019,9,16,15,20,75,75118,BD PERIPHERIQUE EXTERIEUR,48.9009437,2.3398626,Plein jour,En agglomération,Hors intersection,Normale,Deux véhicules - arrière,4,1,4,0,1,1,1,0,1,70,2,2,1,0,0,1,59.0,45.0,utilitaire_camion,deux_roues,1,2,1,1,2
201900006021,2019-09-17 19:00:00,2019,9,17,19,0,75,75106,BOULEVARD SAINT GERMAIN,48.8520937,2.3393228,Plein jour,En agglomération,Hors intersection,Normale,Deux véhicules - côté,4,1,4,3,1,1,1,0,6,50,2,2,1,0,0,1,24.0,23.0,voiture,deux_roues,1,2,1,1,3
201900006022,2019-09-17 08:15:00,2019,9,17,8,15,75,75119,RUE DAVID D ANGERS,48.881327,2.396689,Plein jour,En agglomération,Intersection à plus de 4 branches,Normale,Deux véhicules - côté,4,2,2,1,2,1,1,0,1,50,2,2,1,0,0,1,32.0,13.0,utilitaire_camion,deux_roues,1,2,5,1,3
201900006023,2019-09-17 14:30:00,2019,9,17,14,30,75,75117,BOULEVARD DE COURCELLES,48.8800911,2.3075033,Plein jour,En agglomération,Hors intersection,Normale,Deux véhicules - côté,4,2,2,0,1,1,1,0,1,50,2,2,1,0,0,1,61.0,76.0,voiture,deux_roues,1,2,1,1,3
201900006024,2019-09-17 17:30:00,2019,9,17,17,30,75,75116,ROUTE DU CHAMP D ENTRAINEMENT,48.8744542,2.245043,Plein jour,En agglomération,Intersection en Y,Normale,Autre collision,4,2,2,0,1,1,1,0,1,50,2,3,2,0,0,1,46.0,,voiture,,1,2,4,1,6
201900006025,2019-09-16 08:35:00,2019,9,16,8,35,75,75115,RUE DU LAOS,48.849175,2.301287,Plein jour,En agglomération,Hors intersection,Normale,Deux véhicules - côté,4,1,1,0,1,1,1,0,1,50,2,2,1,0,0,1,44.0,48.0,deux_roues,utilitaire_camion,1,2,1,1,3
201900006026,2019-09-17 19:45:00,2019,9,17,19,45,75,75114,RUE VERCINGETORIX,48.8312642,2.3090114,Crépuscule ou aube,En agglomération,Hors intersection,Normale,Deux véhicules - frontale,4,2,2,1,1,1,1,8,5,50,2,2,0,0,0,2,34.0,42.0,deux_roues,deux_roues,2,2,1,1,1
201900006027,2019-09-17 06:33:00,2019,9,17,6,33,75,75113,AVENUE DE LA PORTE D ITALIE,48.8176606,2.359896,Crépuscule ou aube,En agglomération,Intersection en Y,Normale,Autre collision,4,2,4,0,1,1,1,0,1,50,1,1,0,0,0,1,27.0,,deux_roues,,2,2,4,1,6
201900006028,2019-09-17 16:35:00,2019,9,17,16,35,75,75112,BOULEVARD DIDEROT,48.847905,2.391538,Plein jour,En agglomération,Hors intersection,Normale,Sans collision,4,2,2,1,1,1,1,0,5,30,1,1,0,0,1,0,70.0,,deux_roues,,1,2,1,1,7
201900006029,2019-09-17 10:00:00,2019,9,17,10,0,75,75111,AVENUE DE LA REPUBLIQUE,48.866754,2.36676,Plein jour,En agglomération,Intersection en Y,Normale,Autre collision,4,2,4,0,1,1,1,0,1,50,1,2,1,0,0,1,18.0,,deux_roues,,1,2,4,1,6
201900006030,2019-09-17 06:31:00,2019,9,17,6,31,75,75108,RUE LA BOETIE,48.871881,2.308411,Crépuscule ou aube,En agglomération,Hors intersection,Normale,Deux véhicules - côté,4,1,1,0,1,1,1,0,1,50,2,2,1,0,0,1,50.0,36.0,voiture,deux_roues,2,2,1,1,3
201900006031,2019-09-17 11:25:00,2019,9,17,11,25,75,75107,RUE DE BABYLONE,48.8517369,2.3267355,Plein jour,En agglomération,Intersection en T,Temps couvert,Autre collision,4,1,1,0,1,1,1,0,1,50,1,2,1,0,0,1,41.0,,utilitaire_camion,,1,2,3,8,6
201900006032,2019-09-17 13:50:00,2019,9,17,13,50,75,75102,PLACE DE L OPERA,48.8702554,2.3324552,Plein jour,En agglomération,Place,Temps éblouissant,Deux véhicules - côté,4,3,2,0,1,1,1,5,1,50,2,2,1,0,0,1,30.0,30.0,deux_roues,voiture,1,2,7,7,3
201900006033,2019-09-14 13:00:00,2019,9,14,13,0,94,94068,GAMBETTA (AV),48.80155,2.48719,Plein jour,En agglomération,Intersection à plus de 4 branches,Normale,Deux véhicules - arrière,4,2,2,0,1,1,1,0,1,50,2,2,1,0,0,1,33.0,26.0,deux_roues,voiture,1,2,5,1,2