accident_id,datetime,annee,mois,jour,heure,minute,departement,commune_insee,adresse,latitude,longitude,luminosite,agglomeration,intersection,meteo,collision,catr,circ,nbv,vosp,prof,plan,surf,infra,situ,vma,nb_vehicules,nb_usagers,nb_indemnes,nb_tues,nb_blesses_hosp,nb_blesses_legers,age_cond_1,age_cond_2,veh_type_cond_1,veh_type_cond_2,lum_code,agg_code,int_code,atm_code,col_code
201900006034,2019-09-17 13:00:00,2019,9,17,13,0,94,94015,PASTEUR (BD),48.8363,2.52675,Plein jour,En agglomération,Autre intersection,Normale,Deux véhicules - arrière,3,2,1,0,2,1,1,0,1,50,2,3,2,0,0,1,36.0,53.0,voiture,deux_roues,1,2,9,1,2
201900006035,2019-09-17 20:35:00,2019,9,17,20,35,94,94022,STALINGRAD (BD DE),48.770692,2.401375,Nuit avec éclairage allumé,En agglomération,Intersection en T,Normale,Deux véhicules - côté,3,1,2,0,1,1,1,8,1,50,2,3,2,0,0,1,32.0,30.0,voiture,voiture,5,2,3,1,3
201900006036,2019-09-17 09:25:00,2019,9,17,9,25,93,93073,CHAPIT RE ( RUE DU),49.002989,2.536869,Plein jour,Hors agglomération,Autre intersection,Normale,Trois véhicules et plus - collisions multiples,9,1,1,0,1,1,1,9,1,70,3,3,2,0,0,1,49.0,30.0,voiture,voiture,1,1,9,1,5
201900006037,2019-09-17 20:00:00,2019,9,17,20,0,93,93064,BOIS DE NEUILLY (RUE DU),48.8729,2.5008,Crépuscule ou aube,En agglomération,Hors intersection,Normale,Autre collision,4,2,2,0,2,3,1,0,3,30,1,3,2,0,0,1,32.0,,voiture,,2,2,1,1,6
201900006038,2019-09-17 16:55:00,2019,9,17,16,55,93,93064,BLUM (RUE LEON),48.88575,2.47642,Plein jour,En agglomération,Intersection en X,Normale,Autre collision,3,1,0,0,1,1,1,5,1,30,1,2,1,0,1,0,33.0,,voiture,,1,2,2,1,6
201900006039,2019-09-17 18:40:00,2019,9,17,18,40,93,93051,PAVE NEUF (AVENUE),48.8363,2.56277,Plein jour,En agglomération,Intersection en T,Normale,Deux véhicules - frontale,3,-1,0,0,1,1,1,0,3,50,2,2,1,0,0,1,69.0,36.0,utilitaire_camion,deux_roues,1,2,3,1,1
201900006040,2019-09-17 18:35:00,2019,9,17,18,35,93,93050,JEAN STEPHAN (RUE),48.86658,2.55464,Plein jour,En agglomération,Intersection en T,Normale,Deux véhicules - côté,4,2,2,0,1,1,1,0,1,50,2,2,1,0,0,1,21.0,40.0,deux_roues,voiture,1,2,3,1,3
201900006041,2019-09-16 21:20:00,2019,9,16,21,20,93,93045,DECROS EUGENE BOULEVARD,48.88158,2.4144,Nuit avec éclairage allumé,En agglomération,Hors intersection,Normale,Deux véhicules - côté,3,2,2,0,1,1,1,0,1,50,2,2,1,0,0,1,73.0,32.0,voiture,deux_roues,5,2,1,1,3
201900006042,2019-09-16 08:00:00,2019,9,16,8,0,93,93006,GAL DE GAULLE AV. DU,48.8647,2.4171,Plein jour,En agglomération,Hors intersection,Normale,Autre collision,7,2,2,0,1,1,1,0,1,50,1,2,1,0,0,1,41.0,,voiture,,1,2,1,1,6
201900006043,2019-09-17 18:40:00,2019,9,17,18,40,93,93031,GENERAL JULIEN (DU),48.9543,2.31197,Plein jour,En agglomération,Hors intersection,Normale,Autre collision,4,2,2,0,1,1,1,0,1,50,1,2,1,0,0,1,31.0,,voiture,,1,2,1,1,6
201900006044,2019-09-17 04:45:00,2019,9,17,4,45,93,93027,CONVENTION (RUE DE LA),48.92722,2.39327,Nuit avec éclairage allumé,En agglomération,Autre intersection,Normale,Deux véhicules - côté,3,-1,2,0,1,1,1,0,3,50,2,1,0,0,0,1,47.0,,utilitaire_camion,,5,2,9,1,3
201900006045,2019-09-17 08:00:00,2019,9,17,8,0,93,93001,VALMY (RUE DE),48.922169,2.380249,Plein jour,En agglomération,Hors intersection,Normale,Deux véhicules - côté,4,2,2,0,1,1,1,0,1,50,2,2,1,0,0,1,47.0,28.0,utilitaire_camion,deux_roues,1,2,1,1,3
201900006046,2019-09-17 19:15:00,2019,9,17,19,15,92,92073,TUILERIE (RUE DE LA),48.8624303,2.2148931,Plein jour,En agglomération,Intersection en T,Normale,Deux véhicules - côté,4,4,1,0,2,1,1,0,1,30,2,2,1,0,0,1,49.0,36.0,deux_roues,voiture,1,2,3,1,3
201900006047,2019-09-16 12:35:00,2019,9,16,12,35,92,92072,GRANDE RUE,48.8220702,2.2063202,Plein jour,En agglomération,Hors intersection,Normale,Sans collision,3,2,4,0,1,2,1,0,1,50,1,1,0,0,0,1,29.0,,deux_roues,,1,2,1,1,7
201900006048,2019-09-17 18:30:00,2019,9,17,18,30,92,92040,PROFESSEUR CALMETTE (AVENUE DU),48.81476,2.27194,Plein jour,En agglomération,Intersection en T,Normale,Deux véhicules - frontale,4,2,2,0,2,1,1,0,1,50,2,2,1,0,0,1,37.0,52.0,deux_roues,voiture,1,2,3,1,1
201900006049,2019-09-17 20:15:00,2019,9,17,20,15,92,92026,VERDUN (BOULEVARD DE),48.899132,2.261978,Plein jour,En agglomération,Hors intersection,Pluie légère,Deux véhicules - côté,3,2,4,0,1,1,1,0,3,50,2,3,2,0,0,1,45.0,20.0,deux_roues,voiture,1,2,1,2,3
201900006050,2019-09-16 08:45:00,2019,9,16,8,45,92,92023,BRETAGNE (RUE DE),48.78323,2.24324,Plein jour,En agglomération,Hors intersection,Temps couvert,Autre collision,4,1,1,0,1,1,1,0,1,30,1,3,2,0,1,0,35.0,,voiture,,1,2,1,8,6
201900006051,2019-02-06 16:30:00,2019,2,6,16,30,31,31555,AV DE L URSS,43.58232,1.448717,Plein jour,En agglomération,Hors intersection,Normale,Deux véhicules - côté,4,2,2,0,1,1,1,0,1,50,2,2,1,0,0,1,35.0,26.0,deux_roues,voiture,1,2,1,1,3
201900006052,2019-02-07 07:30:00,2019,2,7,7,30,31,31149,AUCH (RUE D'),43.608587,1.340112,Nuit sans éclairage public,En agglomération,Hors intersection,Normale,Autre collision,4,2,2,0,1,1,1,0,1,50,1,2,1,0,0,1,64.0,,voiture,,3,2,1,1,6
201900006053,2019-02-08 20:05:00,2019,2,8,20,5,30,30189,KENNEDY (AVENUE),43.8263,4.3385,Nuit avec éclairage allumé,En agglomération,Hors intersection,Normale,Autre collision,4,1,2,0,2,1,1,0,1,70,1,2,1,0,0,1,41.0,,voiture,,5,2,1,1,6
201900006054,2019-02-10 17:20:00,2019,2,10,17,20,29,29232,KEREQUELLOU CHEMIN DE,47.96635,-4.0611,Plein jour,Hors agglomération,Intersection en T,Normale,Deux véhicules - frontale,3,2,2,0,1,1,2,0,1,70,2,2,1,0,0,1,30.0,87.0,voiture,voiture,1,1,3,1,1
201900006055,2019-02-09 20:15:00,2019,2,9,20,15,29,29232,RN 165,47.9809,-4.01329,Nuit sans éclairage public,Hors agglomération,Hors intersection,Pluie forte,Sans collision,2,1,4,0,1,1,2,0,1,110,1,1,0,0,0,1,40.0,,voiture,,3,1,1,3,7
201900006056,2019-02-07 18:45:00,2019,2,7,18,45,29,29232,GIRONDINS AVENUE DES,47.9893294,-4.1311968,Nuit avec éclairage allumé,En agglomération,Autre intersection,Pluie légère,Deux véhicules - frontale,4,2,2,0,1,1,2,9,1,50,2,1,0,0,1,0,48.0,,voiture,,5,2,9,2,1
201900006057,2019-02-07 12:10:00,2019,2,7,12,10,29,29019,GUESDE JULES,48.3945,-4.47161,Plein jour,En agglomération,Intersection en X,Normale,Deux véhicules - arrière,4,-1,0,0,1,1,1,0,1,50,2,2,1,0,0,1,23.0,24.0,voiture,deux_roues,1,2,2,1,2
201900006058,2019-02-07 07:50:00,2019,2,7,7,50,29,29019,KERGOAT,48.40032,-4.50476,Crépuscule ou aube,En agglomération,Hors intersection,Pluie légère,Autre collision,4,2,2,0,1,1,2,9,2,50,1,2,1,0,0,1,21.0,,voiture,,2,2,1,2,6
201900006059,2019-02-06 15:55:00,2019,2,6,15,55,28,28085,PROUST( avenue MARCEL),48.45069,1.51833,Plein jour,En agglomération,Autre intersection,Normale,Deux véhicules - côté,4,1,2,0,1,1,1,0,1,30,2,2,1,0,0,1,44.0,25.0,utilitaire_camion,voiture,1,2,9,1,3
201900006060,2019-02-09 23:00:00,2019,2,9,23,0,27,27681,ROUEN (AVENUE DE),49.09644,1.48177,Nuit avec éclairage allumé,En agglomération,Hors intersection,Pluie forte,Deux véhicules - côté,4,2,2,0,1,1,2,9,1,50,2,2,0,0,0,2,23.0,17.0,voiture,deux_roues,5,2,1,3,3
201900006061,2019-02-07 10:00:00,2019,2,7,10,0,27,27375,SALENGRO (RUE ROGER),49.22282,1.16448,Plein jour,En agglomération,Intersection en X,Normale,Deux véhicules - côté,4,2,2,0,1,1,2,0,1,50,2,4,1,0,0,3,65.0,32.0,voiture,voiture,1,2,2,1,3
201900006062,2019-02-08 19:40:00,2019,2,8,19,40,26,26058,RD2007,44.97012,4.88524,Nuit sans éclairage public,Hors agglomération,Hors intersection,Normale,Trois véhicules et plus - en chaîne,3,2,2,0,1,1,1,0,1,50,3,5,1,0,0,4,50.0,20.0,voiture,voiture,3,1,1,1,4
201900006063,2019-02-11 13:15:00,2019,2,11,13,15,25,25462,BOULEVARD PASTEUR (DE 0 A 54),46.90441,6.34737,Plein jour,En agglomération,Hors intersection,Neige / grêle,Deux véhicules - côté,4,2,1,0,1,1,5,0,1,50,2,2,1,0,0,1,48.0,34.0,voiture,deux_roues,1,2,1,4,3
201900006064,2019-02-09 13:05:00,2019,2,9,13,5,25,25204,Jules Grévy,46.92435,6.33823,Plein jour,Hors agglomération,Hors intersection,Normale,Deux véhicules - arrière,4,2,2,0,1,1,1,5,1,50,2,3,2,0,0,1,27.0,52.0,voiture,voiture,1,1,1,1,2
201900006065,2019-02-10 17:25:00,2019,2,10,17,25,25,25056,DOLE RUE DE (sup 200),47.22637,5.97785,Plein jour,En agglomération,Hors intersection,Pluie légère,Deux véhicules - frontale,3,2,4,0,1,1,2,3,1,50,2,2,0,0,0,2,36.0,21.0,voiture,voiture,1,2,1,2,1
201900006066,2019-02-09 19:50:00,2019,2,9,19,50,25,25056,APOLLINAIRE RUE GUILLAUME,47.21534,5.94425,Nuit avec éclairage allumé,En agglomération,Hors intersection,Normale,Deux véhicules - côté,6,-1,-1,0,1,1,1,0,1,30,2,4,2,0,0,2,20.0,32.0,deux_roues,voiture,5,2,1,1,3
201900006067,2019-02-03 18:30:00,2019,2,3,18,30,24,24138,AVENUE DU GENERAL GAULLE,45.18517,0.69968,Plein jour,En agglomération,Hors intersection,Normale,Deux véhicules - côté,3,2,2,0,1,1,1,0,1,50,2,2,1,0,1,0,45.0,31.0,voiture,deux_roues,1,2,1,1,3
201900006068,2019-02-07 20:45:00,2019,2,7,20,45,24,24037,RUE DU DOCTEUR ROUX,44.86166,0.49663,Nuit avec éclairage allumé,En agglomération,Intersection en X,Temps couvert,Deux véhicules - frontale,3,2,4,0,1,1,1,5,1,50,2,2,1,0,1,0,35.0,48.0,deux_roues,voiture,5,2,2,8,1
201900006069,2019-02-08 12:37:00,2019,2,8,12,37,22,22278,PARIS (DE),48.5056762,-2.7445189,Plein jour,En agglomération,Hors intersection,Normale,Deux véhicules - frontale,6,-1,-1,0,1,1,1,0,8,50,2,2,1,0,0,1,42.0,31.0,voiture,utilitaire_camion,1,2,1,1,1
201900006070,2019-02-06 20:00:00,2019,2,6,20,0,22,22187,VIADUC (RUE DU),48.52728,-2.77001,Nuit sans éclairage public,Hors agglomération,Hors intersection,Normale,Sans collision,3,-1,2,0,2,4,1,0,1,70,1,1,0,0,1,0,27.0,,voiture,,3,1,1,1,7
201900006071,2019-02-11 09:15:00,2019,2,11,9,15,19,19031,MIRABEAU (BOULEVARD) COTE NORD,45.1642148,1.5215153,Plein jour,En agglomération,Intersection en X,Pluie légère,Deux véhicules - arrière,4,2,2,0,1,1,2,0,1,50,2,3,1,0,0,2,65.0,31.0,voiture,voiture,1,2,2,2,2
201900006072,2019-02-09 04:40:00,2019,2,9,4,40,17,17300,LACROIX   RUE MARIUS,46.176304,-1.138472,Nuit avec éclairage allumé,En agglomération,Intersection en T,Normale,Autre collision,4,2,2,0,1,1,2,5,1,50,1,1,0,0,0,1,49.0,,voiture,,5,2,3,1,6
201900006073,2019-02-08 17:35:00,2019,2,8,17,35,17,17300,SAINT-ELOI   RUE BASSE DE,46.164655,-1.135904,Plein jour,En agglomération,Hors intersection,Normale,Sans collision,4,2,2,0,1,1,1,0,1,50,1,1,0,0,0,1,14.0,,deux_roues,,1,2,1,1,7
201900006074,2019-02-08 08:30:00,2019,2,8,8,30,17,17274,Route de Belle Croix,46.1672,-1.09229,Plein jour,Hors agglomération,Intersection en T,Normale,Trois véhicules et plus - collisions multiples,3,2,2,0,1,1,1,5,1,50,3,3,2,0,1,0,66.0,67.0,voiture,deux_roues,1,1,3,1,5
201900006075,2019-02-07 20:00:00,2019,2,7,20,0,17,17028,Route de Varaize,46.14063,-1.09697,Nuit sans éclairage public,Hors agglomération,Hors intersection,Normale,Autre collision,4,2,2,0,1,3,1,0,1,80,1,2,0,0,1,1,48.0,,voiture,,3,1,1,1,6
201900006076,2019-02-07 14:40:00,2019,2,7,14,40,17,17028,GRASSET   AVENUE EDMOND,46.132672,-1.111421,Plein jour,En agglomération,Hors intersection,Normale,Autre collision,4,2,2,0,1,1,1,0,1,30,1,2,1,0,1,0,60.0,,utilitaire_camion,,1,2,1,1,6
201900006077,2019-02-08 18:10:00,2019,2,8,18,10,17,17299,RUE DU COMMANDANT L'HERMINIER,45.94793,-0.97098,Plein jour,En agglomération,Hors intersection,Normale,Autre collision,4,2,2,0,1,1,2,0,1,50,1,3,1,0,1,1,68.0,,voiture,,1,2,1,1,6
201900006078,2019-02-08 11:20:00,2019,2,8,11,20,16,16154,route de Paris,45.67061,0.17313,Plein jour,En agglomération,Hors intersection,Normale,Deux véhicules - arrière,4,2,2,1,2,1,1,0,1,50,2,3,2,0,1,0,60.0,50.0,voiture,voiture,1,2,1,1,2
201900006079,2019-02-07 11:21:00,2019,2,7,11,21,14,14338,ALLIES (AVENUE DES),49.3014916,-0.0785795,Plein jour,En agglomération,Hors intersection,Temps éblouissant,Autre collision,3,1,1,0,1,1,1,0,1,30,1,2,1,0,0,1,51.0,,voiture,,1,2,1,7,6
201900006080,2019-02-09 20:05:00,2019,2,9,20,5,14,14341,RABIN (BOULEVARD YTHAK),49.149369,-0.3520428,Nuit avec éclairage allumé,En agglomération,Intersection en T,Pluie légère,Deux véhicules - frontale,4,2,2,-1,1,1,2,0,1,50,2,2,1,0,0,1,52.0,51.0,utilitaire_camion,voiture,5,2,3,2,1
201900006081,2019-02-09 20:40:00,2019,2,9,20,40,14,14118,JUIN (BOULEVARD MARECHAL),49.209775,-0.370922,Nuit avec éclairage allumé,En agglomération,Intersection en X,Pluie légère,Deux véhicules - arrière,3,2,4,-1,1,1,2,5,1,50,2,3,1,0,0,2,26.0,48.0,voiture,voiture,5,2,2,2,2
201900006082,2019-02-08 18:10:00,2019,2,8,18,10,14,14327,TSUKUBA (AVENUE DE),49.214,-0.352,Plein jour,En agglomération,Hors intersection,Pluie légère,Deux véhicules - côté,4,2,2,0,1,1,2,0,1,50,2,2,1,0,0,1,46.0,46.0,voiture,voiture,1,2,1,2,3
201900006083,2019-02-08 08:45:00,2019,2,8,8,45,14,14327,BERLIN (AVENUE DE),49.2017,-0.3371,Plein jour,En agglomération,Hors intersection,Normale,Autre collision,4,2,2,0,1,1,1,0,1,50,1,2,1,0,0,1,64.0,,voiture,,1,2,1,1,6
201900006084,2019-02-07 09:45:00,2019,2,7,9,45,14,14118,CLEMENCEAU (AVENUE GEORGES),49.18987,-0.34481,Plein jour,En agglomération,Hors intersection,Normale,Autre collision,4,2,2,0,1,1,1,0,1,50,1,2,1,0,0,1,62.0,,deux_roues,,1,2,1,1,6
201900006085,2019-02-08 20:10:00,2019,2,8,20,10,13,13103,AVENUE DU 22 AOUT 1944,43.63447,5.07814,Nuit avec éclairage allumé,En agglomération,Hors intersection,Normale,Deux véhicules - côté,4,2,2,1,1,1,1,0,1,50,2,5,2,0,2,1,34.0,21.0,deux_roues,voiture,5,2,1,1,3
201900006086,2019-02-07 11:05:00,2019,2,7,11,5,13,13056,ALSACE LORRAINE QUAI,43.40379,5.05378,Plein jour,En agglomération,Hors intersection,Normale,Deux véhicules - arrière,3,2,2,0,1,1,1,0,1,50,2,4,2,0,1,1,39.0,39.0,voiture,voiture,1,2,1,1,2
201900006087,2019-02-11 23:10:00,2019,2,11,23,10,13,13210,RABATAU (BOULEVARD),43.2788,5.39927,Nuit sans éclairage public,En agglomération,Hors intersection,Normale,Autre collision,4,2,2,0,1,1,1,0,1,50,1,2,0,0,0,2,21.0,,utilitaire_camion,,3,2,1,1,6
201900006088,2019-02-11 14:30:00,2019,2,11,14,30,13,13208,LOUIS BONNEFON (PLACE),43.254471,5.382205,Plein jour,En agglomération,Autre intersection,Normale,Deux véhicules - côté,4,1,1,0,1,2,1,0,1,50,2,2,1,0,0,1,71.0,55.0,voiture,deux_roues,1,2,9,1,3
201900006089,2019-02-11 12:10:00,2019,2,11,12,10,13,13206,LIEUTAUD (COURS),43.2923,5.38274,Plein jour,En agglomération,Hors intersection,Normale,Deux véhicules - côté,4,2,4,0,1,1,1,0,1,50,2,2,1,0,0,1,30.0,57.0,deux_roues,voiture,1,2,1,1,3
201900006090,2019-02-10 12:00:00,2019,2,10,12,0,13,13211,PARETTE (PLACE DE LA),43.29088,5.4264,Plein jour,En agglomération,Intersection en T,Normale,Deux véhicules - côté,4,2,2,0,2,2,1,0,1,50,2,2,1,0,0,1,44.0,56.0,voiture,voiture,1,2,3,1,3
201900006091,2019-02-09 22:00:00,2019,2,9,22,0,13,13206,MARENGO (RUE),43.287,5.385,Nuit avec éclairage allumé,En agglomération,Intersection en X,Normale,Deux véhicules - côté,4,3,2,0,2,1,1,0,1,50,2,2,1,0,1,0,42.0,34.0,deux_roues,voiture,5,2,2,1,3
201900006092,2019-02-09 20:12:00,2019,2,9,20,12,13,13212,SAINT JULIEN (AVENUE DE ),43.306195,5.41974,Nuit avec éclairage allumé,En agglomération,Hors intersection,Normale,Trois véhicules et plus - collisions multiples,4,2,3,0,1,1,1,0,1,50,3,5,2,0,0,3,33.0,43.0,voiture,voiture,5,2,1,1,5
201900006093,2019-02-09 21:10:00,2019,2,9,21,10,13,13206,LIEUTAUD (COURS),43.2882,5.38464,Nuit avec éclairage allumé,En agglomération,Hors intersection,Normale,Deux véhicules - arrière,4,1,4,0,1,1,1,0,1,50,2,2,1,0,0,1,47.0,20.0,voiture,voiture,5,2,1,1,2
201900006094,2019-02-09 14:40:00,2019,2,9,14,40,13,13204,ALBE (RUE),43.311876,5.405152,Plein jour,En agglomération,Hors intersection,Normale,Autre collision,4,2,2,0,2,1,1,0,1,50,2,2,1,0,1,0,38.0,52.0,utilitaire_camion,deux_roues,1,2,1,1,6
201900006095,2019-02-09 12:00:00,2019,2,9,12,0,13,13207,Corniche John Fitzgérald Kennedy,43.27888,5.35406,Plein jour,En agglomération,Hors intersection,Normale,Deux véhicules - arrière,4,2,2,0,1,1,1,0,1,50,2,2,1,0,0,1,80.0,38.0,voiture,deux_roues,1,2,1,1,2
201900006096,2019-02-08 22:30:00,2019,2,8,22,30,13,13204,ALEX. FLEMING (BOULEVARD),43.316571,5.397108,Nuit avec éclairage allumé,En agglomération,Hors intersection,Normale,Deux véhicules - arrière,4,1,2,0,1,1,1,0,1,50,2,2,0,0,0,2,21.0,46.0,utilitaire_camion,utilitaire_camion,5,2,1,1,2
201900006097,2019-02-08 19:00:00,2019,2,8,19,0,13,13208,MENDES FRANCE (AVENUE),43.255176,5.376337,Nuit avec éclairage allumé,En agglomération,Hors intersection,Normale,Deux véhicules - côté,4,2,0,0,1,1,1,0,1,50,2,2,1,0,0,1,27.0,34.0,utilitaire_camion,deux_roues,5,2,1,1,3
201900006098,2019-02-08 15:00:00,2019,2,8,15,0,13,13208,MAZARGUES (AVENUE DE),43.25997,5.39395,Plein jour,En agglomération,Hors intersection,Normale,Autre collision,4,-1,2,0,1,1,1,0,1,50,1,2,1,0,0,1,69.0,,voiture,,1,2,1,1,6
201900006099,2019-02-08 12:30:00,2019,2,8,12,30,13,13202,BASSINS DE RADOUB (BOULEVARD DES),43.32523,5.35976,Plein jour,En agglomération,Hors intersection,Normale,Deux véhicules - arrière,4,2,3,0,1,1,1,0,1,50,2,2,1,0,0,1,49.0,35.0,deux_roues,voiture,1,2,1,1,2
201900006100,2019-02-08 13:30:00,2019,2,8,13,30,13,13212,SAINT PIERRE (RUE),43.291657,5.406622,Plein jour,En agglomération,Hors intersection,Normale,Sans collision,4,2,4,1,2,1,1,0,1,50,1,1,0,0,1,0,45.0,,deux_roues,,1,2,1,1,7
201900006101,2019-02-08 14:00:00,2019,2,8,14,0,13,13206,ESTRANGIN (PLACE),43.290244,5.377615,Plein jour,En agglomération,Hors intersection,Normale,Autre collision,4,2,3,3,1,2,1,0,1,50,1,2,1,0,0,1,61.0,,utilitaire_camion,,1,2,1,1,6
201900006102,2019-02-08 07:50:00,2019,2,8,7,50,13,13209,REGNY (TRAVERSE),43.263766,5.419276,Crépuscule ou aube,En agglomération,Hors intersection,Normale,Deux véhicules - côté,4,2,2,0,1,1,1,9,2,30,2,2,0,0,0,2,16.0,,deux_roues,,2,2,1,1,3
201900006103,2019-02-08 02:00:00,2019,2,8,2,0,13,13207,Corniche John Fitzgérald Kennedy,43.26898,5.36888,Nuit avec éclairage allumé,En agglomération,Hors intersection,Normale,Deux véhicules - arrière,4,2,4,0,1,4,1,0,1,50,2,2,0,0,0,2,20.0,,voiture,,5,2,1,1,2
201900006104,2019-02-07 19:15:00,2019,2,7,19,15,13,13201,LÉON GAMBETTA (ALLEE),43.299097,5.382773,Nuit avec éclairage allumé,En agglomération,Hors intersection,Normale,Deux véhicules - arrière,4,1,2,0,2,1,1,0,1,50,2,2,1,0,0,1,29.0,27.0,voiture,voiture,5,2,1,1,2
201900006105,2019-02-07 17:30:00,2019,2,7,17,30,13,13201,BELSUNCE (COURS),43.29818,5.37713,Plein jour,En agglomération,Hors intersection,Normale,Autre collision,9,2,2,3,1,1,1,4,1,30,1,2,1,0,0,1,29.0,,transport_commun,,1,2,1,1,6
201900006106,2019-02-07 15:50:00,2019,2,7,15,50,13,13214,Min (avenue du),43.340047,5.379509,Plein jour,En agglomération,Hors intersection,Normale,Deux véhicules - côté,4,1,2,0,1,2,1,0,1,50,2,1,0,0,0,1,44.0,,voiture,,1,2,1,1,3
201900006107,2019-02-07 13:50:00,2019,2,7,13,50,13,13205,SAKAKINI (BOULEVARD),43.293698,5.401684,Plein jour,En agglomération,Intersection en X,Normale,Autre collision,4,2,3,0,1,3,1,0,1,50,1,2,1,0,0,1,58.0,,utilitaire_camion,,1,2,2,1,6
201900006108,2019-02-07 04:50:00,2019,2,7,4,50,13,13208,RABATAU (BOULEVARD),43.2754299,5.3958951,Nuit avec éclairage allumé,En agglomération,Intersection en X,Normale,Autre collision,4,2,4,0,1,1,1,0,1,50,2,1,0,0,0,1,22.0,,voiture,,5,2,2,1,6
201900006109,2019-02-05 19:40:00,2019,2,5,19,40,13,13202,TOURETTE (QUAI DE LA),43.29863,5.3632,Nuit avec éclairage allumé,En agglomération,Hors intersection,Normale,Deux véhicules - côté,4,1,1,0,2,2,2,0,1,50,2,2,1,0,0,1,38.0,66.0,voiture,utilitaire_camion,5,2,1,1,3
201900006110,2019-02-03 12:10:00,2019,2,3,12,10,13,13028,FONTSAINTE (AVENUE DE),43.18993,5.63619,Plein jour,En agglomération,Hors intersection,Normale,Deux véhicules - côté,3,2,2,0,1,1,1,0,1,50,2,4,2,0,2,0,28.0,69.0,deux_roues,voiture,1,2,1,1,3
201900006111,2019-02-09 17:30:00,2019,2,9,17,30,13,13001,RD 96,43.491603,5.52456,Crépuscule ou aube,En agglomération,Hors intersection,Normale,Deux véhicules - frontale,3,2,1,0,2,2,1,0,1,50,2,3,0,1,1,1,47.0,29.0,voiture,deux_roues,2,2,1,1,1
201900006112,2019-02-07 07:40:00,2019,2,7,7,40,13,13001,RD 7,43.562991,5.407778,Plein jour,Hors agglomération,Hors intersection,Normale,Trois véhicules et plus - collisions multiples,3,2,2,0,1,1,1,9,1,90,3,2,1,0,0,1,55.0,29.0,voiture,voiture,1,1,1,1,5
201900006113,2019-02-07 17:50:00,2019,2,7,17,50,11,11262,CUXAC (ROUTE DE),43.186782,2.998895,Plein jour,En agglomération,Hors intersection,Normale,Autre collision,4,2,2,0,1,1,1,0,1,50,1,1,0,0,1,0,37.0,,voiture,,1,2,1,1,6
201900006114,2019-02-07 10:55:00,2019,2,7,10,55,11,11069,STRASBOURG,43.21482,2.35607,Plein jour,En agglomération,Intersection en T,Normale,Deux véhicules - côté,4,2,2,0,1,1,1,0,1,50,2,2,1,0,1,0,40.0,65.0,voiture,voiture,1,2,3,1,3
201900006115,2019-02-06 13:50:00,2019,2,6,13,50,11,11069,RD 6161 - Rocade Ouest,43.2241,2.3276,Plein jour,Hors agglomération,Hors intersection,Normale,Trois véhicules et plus - en chaîne,3,2,2,0,2,1,1,0,1,80,3,5,4,0,0,1,38.0,34.0,voiture,voiture,1,1,1,1,4
201900006116,2019-01-15 16:50:00,2019,1,15,16,50,8,08105,MONTHERME,49.791023,4.714452,Plein jour,En agglomération,Hors intersection,Normale,Autre collision,4,2,2,0,2,1,1,0,1,50,1,2,1,0,0,1,32.0,,voiture,,1,2,1,1,6
201900006117,2019-02-06 12:20:00,2019,2,6,12,20,7,07186,CHOMERAC (AVENUE DE )  DU 33 AU 41,44.73218,4.597998,Plein jour,En agglomération,Hors intersection,Normale,Sans collision,4,2,1,0,1,1,1,0,1,50,1,2,1,0,0,1,68.0,,voiture,,1,2,1,1,7
201900006118,2019-02-07 15:30:00,2019,2,7,15,30,6,06088,ARMEE DU RHIN (PLACE),43.707446,7.28379,Plein jour,En agglomération,Hors intersection,Normale,Autre collision,4,2,2,3,1,1,1,4,1,50,1,2,1,0,1,0,46.0,,transport_commun,,1,2,1,1,6
201900006119,2019-02-07 13:00:00,2019,2,7,13,0,6,06088,BISCARRA (RUE),43.70256,7.26828,Plein jour,En agglomération,Autre intersection,Normale,Autre collision,4,1,2,0,1,1,1,0,1,50,1,8,2,0,0,6,61.0,,voiture,,1,2,9,1,6
201900006120,2019-02-08 18:15:00,2019,2,8,18,15,6,06027,PROMENADE DE L HIPPODROME,43.64389,7.14461,Nuit avec éclairage allumé,En agglomération,Autre intersection,Normale,Deux véhicules - arrière,7,-1,4,0,1,1,1,0,1,50,2,3,2,0,0,1,52.0,24.0,voiture,deux_roues,5,2,9,1,2
201900006121,2019-02-08 13:00:00,2019,2,8,13,0,6,06123,LIBERATION AVENUE DE LA,43.66953,7.18937,Plein jour,En agglomération,Intersection en Y,Normale,Deux véhicules - arrière,7,2,2,0,1,3,1,5,1,50,2,2,1,0,0,1,27.0,74.0,voiture,voiture,1,2,4,1,2
201900006122,2019-02-08 17:43:00,2019,2,8,17,43,5,05061,RAMBAUD ( ROUTE DE ),44.5575,6.1185,Crépuscule ou aube,Hors agglomération,Hors intersection,Normale,Sans collision,3,2,2,0,2,4,2,0,1,70,1,5,3,0,0,2,20.0,,voiture,,2,1,1,1,7
201900006123,2019-02-06 15:50:00,2019,2,6,15,50,5,05061,JEAN JAURES ( AVENUE ),44.55275,6.07209,Plein jour,En agglomération,Hors intersection,Normale,Trois véhicules et plus - en chaîne,2,2,2,0,1,1,1,0,1,50,3,4,2,0,0,2,44.0,47.0,voiture,voiture,1,2,1,1,4
201900006124,2019-02-05 18:10:00,2019,2,5,18,10,5,05061,RN 94,44.57748,6.12096,Crépuscule ou aube,En agglomération,Intersection en T,Normale,Deux véhicules - frontale,2,2,2,0,1,1,1,0,1,70,2,2,1,0,1,0,69.0,51.0,voiture,deux_roues,2,2,3,1,1