accident_id,datetime,annee,mois,jour,heure,minute,departement,commune_insee,adresse,latitude,longitude,luminosite,agglomeration,intersection,meteo,collision,catr,circ,nbv,vosp,prof,plan,surf,infra,situ,vma,nb_vehicules,nb_usagers,nb_indemnes,nb_tues,nb_blesses_hosp,nb_blesses_legers,age_cond_1,age_cond_2,veh_type_cond_1,veh_type_cond_2,lum_code,agg_code,int_code,atm_code,col_code
201900006585,2019-10-20 00:10:00,2019,10,20,0,10,93,93078,AUTOROUTE A104,48.9607,2.52455,Nuit sans éclairage public,Hors agglomération,Hors intersection,Pluie légère,Autre collision,1,3,6,0,1,3,2,0,1,90,1,1,0,0,0,1,22.0,,voiture,,3,1,1,2,6
201900006586,2019-10-20 00:40:00,2019,10,20,0,40,93,93027,BDL,48.92693,2.40344,Nuit sans éclairage public,Hors agglomération,Hors intersection,Pluie légère,Autre collision,1,1,2,0,4,2,2,2,1,50,1,1,0,0,0,1,29.0,,voiture,,3,1,1,2,6
201900006587,2019-10-19 16:30:00,2019,10,19,16,30,95,95678,RN 184,49.07298,2.2287,Plein jour,Hors agglomération,Hors intersection,Normale,Trois véhicules et plus - collisions multiples,2,3,6,0,1,2,1,0,1,110,3,6,5,0,1,0,37.0,36.0,voiture,voiture,1,1,1,1,5
201900006588,2019-10-19 11:00:00,2019,10,19,11,0,95,95394,AUTOROUTE A115,49.05081,2.18168,Plein jour,Hors agglomération,Hors intersection,Normale,Deux véhicules - arrière,1,3,4,0,2,2,2,0,1,70,2,3,1,0,0,2,34.0,23.0,utilitaire_camion,voiture,1,1,1,1,2
201900006589,2019-10-21 13:30:00,2019,10,21,13,30,77,77337,A4,48.833452,2.593264,Plein jour,Hors agglomération,Hors intersection,Normale,Autre collision,1,-1,3,0,1,1,1,0,1,110,1,1,0,0,1,0,45.0,,deux_roues,,1,1,1,1,6
201900006590,2019-10-20 13:15:00,2019,10,20,13,15,77,77258,A4.Y,48.82984,2.62516,Plein jour,Hors agglomération,Hors intersection,Brouillard / fumée,Trois véhicules et plus - collisions multiples,1,3,8,0,1,1,2,0,1,110,4,7,2,0,0,5,38.0,23.0,voiture,voiture,1,1,1,5,5
201900006591,2019-10-20 16:25:00,2019,10,20,16,25,974,97416,PECHE-CAVALE (IMPASSE),-21.35042,55.48423,Plein jour,En agglomération,Hors intersection,Normale,Sans collision,4,2,0,0,1,2,1,0,1,50,1,2,0,0,0,2,62.0,,deux_roues,,1,2,1,1,7
201900006592,2019-10-19 22:57:00,2019,10,19,22,57,973,97302,MONTABO (ROUTE DE) 2,4.9396911,-52.3012573,Nuit avec éclairage allumé,En agglomération,Hors intersection,Normale,Deux véhicules - côté,3,2,2,2,1,2,1,0,1,50,2,7,5,0,0,2,59.0,23.0,voiture,voiture,5,2,1,1,3
201900006593,2019-10-20 17:10:00,2019,10,20,17,10,69,69387,CHALLEMEL LACOUR                    (R ),45.72953,4.84364,Plein jour,En agglomération,Intersection en T,Pluie légère,Deux véhicules - arrière,4,2,2,0,1,1,2,0,1,50,2,2,1,0,1,0,66.0,59.0,voiture,deux_roues,1,2,3,2,2
201900006594,2019-10-20 01:40:00,2019,10,20,1,40,69,69386,SEZE (DE)                           (R ),45.7683,4.84775,Nuit avec éclairage allumé,En agglomération,Hors intersection,Normale,Deux véhicules - arrière,4,1,1,1,1,1,1,0,2,50,2,1,0,0,0,1,29.0,,deux_roues,,5,2,1,1,2
201900006595,2019-10-20 13:00:00,2019,10,20,13,0,972,97213,DEPARTEMENTALE 28,14.62553,-60.97287,Plein jour,Hors agglomération,Hors intersection,Normale,Deux véhicules - côté,3,2,2,0,1,1,1,0,1,70,2,2,1,0,1,0,54.0,27.0,voiture,deux_roues,1,1,1,1,3
201900006596,2019-10-20 08:00:00,2019,10,20,8,0,972,97209,PAPIN DUPONT (RUE),14.60688,-61.06811,Plein jour,En agglomération,Intersection en X,Normale,Autre collision,4,1,1,0,1,1,1,0,1,50,1,2,1,0,1,0,68.0,,voiture,,1,2,2,1,6
201900006597,2019-10-20 05:50:00,2019,10,20,5,50,972,97209,DOROTHY (ROUTE DE),14.61244,-61.04476,Plein jour,En agglomération,Hors intersection,Normale,Autre collision,4,2,2,0,4,2,2,0,1,50,1,3,2,0,1,0,20.0,,voiture,,1,2,1,1,6
201900006598,2019-10-20 13:00:00,2019,10,20,13,0,69,69389,BARTHELEMY BUYER                    (AV),45.76363,4.7956,Plein jour,En agglomération,Intersection en X,Pluie légère,Trois véhicules et plus - en chaîne,4,2,3,0,1,1,2,0,1,50,3,5,3,0,0,2,41.0,61.0,voiture,voiture,1,2,2,2,4
201900006599,2019-10-17 20:15:00,2019,10,17,20,15,69,69389,ST CYR (DE)                         (R ),45.78612,4.80798,Nuit avec éclairage allumé,En agglomération,Intersection en T,Pluie légère,Deux véhicules - côté,4,2,2,0,1,1,2,0,1,50,2,3,2,0,0,1,21.0,20.0,voiture,deux_roues,5,2,3,2,3
201900006600,2019-10-20 07:40:00,2019,10,20,7,40,971,97113,Chemin de la BOUAYE,16.22499,-61.49029,Plein jour,Hors agglomération,Hors intersection,Temps couvert,Autre collision,4,2,1,0,1,2,2,0,1,50,1,2,1,0,1,0,,,,,1,1,1,8,6
201900006601,2019-10-21 00:25:00,2019,10,21,0,25,2A,2A004,T21,41.9274565,8.7784417,Nuit avec éclairage non allumé,Hors agglomération,Giratoire,Normale,Autre collision,2,1,2,0,1,3,1,0,1,70,1,1,0,1,0,0,35.0,,voiture,,4,1,6,1,6
201900006602,2019-10-20 20:00:00,2019,10,20,20,0,95,95219,GENERAL LECLERC (RUE DU),48.9799179,2.2703158,Nuit avec éclairage allumé,En agglomération,Giratoire,Pluie légère,Deux véhicules - arrière,3,1,1,0,1,1,2,9,1,50,2,2,1,0,0,1,20.0,,deux_roues,,5,2,6,2,2
201900006603,2019-10-19 23:10:00,2019,10,19,23,10,95,95428,VERDUN ( RUE DE),48.996384,2.324717,Nuit avec éclairage allumé,En agglomération,Hors intersection,Pluie légère,Sans collision,3,2,2,0,2,1,2,0,4,50,1,4,0,0,0,4,40.0,,voiture,,5,2,1,2,7
201900006604,2019-10-20 18:45:00,2019,10,20,18,45,91,91589,GRAND VAUX (RUE DE),48.675594,2.335944,Nuit avec éclairage allumé,En agglomération,Intersection en T,Pluie légère,Deux véhicules - arrière,3,2,4,0,1,1,2,0,1,50,2,3,1,0,0,2,31.0,27.0,voiture,voiture,5,2,3,2,2
201900006605,2019-10-21 01:15:00,2019,10,21,1,15,91,91223,SAINT MICHEL (BOULEVARD),48.44972,2.17168,Nuit avec éclairage allumé,En agglomération,Hors intersection,Pluie légère,Autre collision,4,2,2,0,1,1,2,0,1,50,1,1,0,0,0,1,47.0,,voiture,,5,2,1,2,6
201900006606,2019-10-19 20:30:00,2019,10,19,20,30,86,86194,11 NOVEMBRE (AVENUE DU),46.56717,0.36579,Nuit avec éclairage allumé,En agglomération,Hors intersection,Normale,Deux véhicules - côté,4,3,4,0,1,1,2,0,5,50,2,1,0,0,1,0,61.0,,deux_roues,,5,2,1,1,3
201900006607,2019-10-20 14:20:00,2019,10,20,14,20,69,69271,LYON (DE)                               ,45.73876,4.96211,Plein jour,En agglomération,Intersection en T,Temps couvert,Deux véhicules - côté,4,2,2,0,1,1,1,0,1,50,2,2,0,0,0,2,73.0,52.0,voiture,voiture,1,2,3,8,3
201900006608,2019-10-20 10:45:00,2019,10,20,10,45,69,69266,EMILE ZOLA     (Cours),45.76714,4.89242,Plein jour,En agglomération,Hors intersection,Normale,Autre collision,4,-1,0,0,1,1,1,0,4,10,1,1,0,0,0,1,,,,,1,2,1,1,6
201900006609,2019-10-15 18:10:00,2019,10,15,18,10,69,69282,REPUBLIQUE (DE)                     (R ),45.76676,5.00204,Plein jour,En agglomération,Intersection en T,Temps couvert,Autre collision,4,2,2,0,1,1,2,0,1,50,1,2,1,0,0,1,35.0,,voiture,,1,2,3,8,6
201900006610,2019-10-19 11:20:00,2019,10,19,11,20,69,69266,TOLSTOI    (Cours),45.760175,4.88766,Plein jour,En agglomération,Intersection en T,Pluie légère,Deux véhicules - côté,4,2,3,3,2,1,2,0,1,50,2,2,1,0,0,1,58.0,35.0,deux_roues,utilitaire_camion,1,2,3,2,3
201900006611,2019-10-20 02:35:00,2019,10,20,2,35,68,68297,BALE ( AVE DE)WIRU JUSQUE RUE MULHOUSENR,47.582988,7.566496,Nuit avec éclairage allumé,En agglomération,Intersection en X,Temps couvert,Deux véhicules - côté,3,2,4,2,1,1,2,0,1,50,2,3,2,0,1,0,25.0,19.0,deux_roues,voiture,5,2,2,8,3
201900006612,2019-10-20 20:07:00,2019,10,20,20,7,64,64545,CORNICHE (ROUTE DE LA),43.3881679,-1.7089837,Nuit sans éclairage public,Hors agglomération,Hors intersection,Pluie forte,Sans collision,3,2,2,0,1,2,2,0,1,50,1,1,0,0,0,1,42.0,,voiture,,3,1,1,3,7
201900006613,2019-10-20 18:40:00,2019,10,20,18,40,64,64545,RD810,43.3524524,-1.73757,Nuit sans éclairage public,Hors agglomération,Hors intersection,Pluie forte,Sans collision,3,2,2,0,2,1,2,0,1,50,1,1,0,0,0,1,47.0,,voiture,,3,1,1,3,7
201900006614,2019-10-20 19:15:00,2019,10,20,19,15,64,64102,LACHEPAILLET (RUE DES REMPARTS),43.49069,-1.47889,Nuit avec éclairage allumé,En agglomération,Intersection en T,Pluie légère,Deux véhicules - côté,4,2,2,0,1,1,2,0,1,50,2,3,2,0,0,1,26.0,18.0,voiture,voiture,5,2,3,2,3
201900006615,2019-10-20 15:55:00,2019,10,20,15,55,57,57630,IMLING (ROUTE D'),48.7185774,7.0327136,Plein jour,En agglomération,Hors intersection,Temps couvert,Autre collision,4,2,2,0,2,2,2,0,1,40,1,3,1,0,1,1,45.0,,voiture,,1,2,1,8,6
201900006616,2019-10-20 20:30:00,2019,10,20,20,30,51,51454,RUE DE VESLE,49.251203,4.0224251,Nuit avec éclairage allumé,En agglomération,Hors intersection,Pluie légère,Sans collision,4,1,1,0,2,1,2,0,1,50,1,1,0,0,0,1,21.0,,deux_roues,,5,2,1,2,7
201900006617,2019-10-20 16:10:00,2019,10,20,16,10,51,51454,RUE BUIRETTE,49.2539442,4.0243672,Plein jour,En agglomération,Hors intersection,Pluie légère,Deux véhicules - arrière,4,1,1,0,1,1,2,0,1,30,2,2,1,0,0,1,21.0,46.0,voiture,voiture,1,2,1,2,2
201900006618,2019-10-20 20:15:00,2019,10,20,20,15,37,37122,RD 37,47.3435,0.6474,Nuit sans éclairage public,Hors agglomération,Hors intersection,Temps couvert,Sans collision,3,1,1,0,2,2,2,3,1,50,1,3,2,0,0,1,24.0,,voiture,,3,1,1,8,7
201900006619,2019-10-20 16:15:00,2019,10,20,16,15,37,37261,GANCE (BOULEVARD ABEL),47.4060171,0.7219715,Plein jour,En agglomération,Hors intersection,Pluie légère,Autre collision,3,3,4,0,2,3,2,0,1,70,1,4,2,0,0,2,83.0,,voiture,,1,2,1,2,6
201900006620,2019-10-20 14:45:00,2019,10,20,14,45,37,37261,RD 37,47.3681,0.6543,Plein jour,En agglomération,Hors intersection,Temps couvert,Autre collision,4,3,4,0,1,2,2,0,1,90,1,1,0,0,0,1,26.0,,voiture,,1,2,1,8,6
201900006621,2019-10-20 08:50:00,2019,10,20,8,50,30,30189,UZES (ROUTE D'),43.8741,4.3793,Plein jour,Hors agglomération,Hors intersection,Pluie légère,Autre collision,3,-1,1,0,2,1,2,0,1,80,1,1,0,0,1,0,65.0,,voiture,,1,1,1,2,6
201900006622,2019-10-19 19:20:00,2019,10,19,19,20,30,30189,BRICONNET (RUE),43.4953,4.21425,Nuit avec éclairage allumé,En agglomération,Intersection à plus de 4 branches,Normale,Deux véhicules - côté,4,1,1,0,1,1,1,0,1,50,2,2,1,0,1,0,24.0,20.0,voiture,deux_roues,5,2,5,1,3
201900006623,2019-10-20 15:30:00,2019,10,20,15,30,29,29232,BENODET ROUTE DE,47.9702628,-4.0861148,Plein jour,Hors agglomération,Hors intersection,Normale,Sans collision,3,3,2,0,2,3,1,0,1,70,1,1,0,0,1,0,53.0,,deux_roues,,1,1,1,1,7
201900006624,2019-10-04 13:00:00,2019,10,4,13,0,28,28085,SOUVENIR FRANCAIS (RUE DU),48.44631,1.5032,Plein jour,En agglomération,Autre intersection,Temps couvert,Deux véhicules - côté,3,-1,2,0,1,1,1,5,1,30,2,2,1,0,0,1,20.0,36.0,utilitaire_camion,utilitaire_camion,1,2,9,8,3
201900006625,2019-10-20 01:58:00,2019,10,20,1,58,25,25056,GAULLE BOULEVARD CHARLES,47.23029,6.01157,Nuit avec éclairage allumé,En agglomération,Intersection en T,Pluie légère,Autre collision,4,3,2,0,2,2,2,5,1,50,1,1,0,0,1,0,48.0,,voiture,,5,2,3,2,6
201900006626,2019-10-20 16:00:00,2019,10,20,16,0,13,13215,CAP PINEDE (Avenue),43.32717,5.35921,Plein jour,En agglomération,Hors intersection,Pluie légère,Trois véhicules et plus - en chaîne,4,1,2,0,2,1,2,0,1,50,3,3,2,0,0,1,33.0,67.0,voiture,voiture,1,2,1,2,4
201900006627,2019-10-20 12:47:00,2019,10,20,12,47,13,13214,MERLAN (AVENUE),43.3404254,5.4075,Plein jour,En agglomération,Hors intersection,Normale,Trois véhicules et plus - collisions multiples,4,2,0,0,1,1,1,0,1,50,3,2,1,0,0,1,63.0,,voiture,,1,2,1,1,5
201900006628,2019-10-20 06:20:00,2019,10,20,6,20,13,13213,CHEMIN DU MERLAN A LA ROSE ,43.3304,5.4123,Nuit avec éclairage allumé,En agglomération,Intersection en T,Normale,Autre collision,4,2,5,3,1,1,1,0,4,50,1,1,0,0,0,1,21.0,,voiture,,5,2,3,1,6
201900006629,2019-10-20 05:55:00,2019,10,20,5,55,13,13215,DE BEAUREGARD,43.367762,5.3459591,Nuit avec éclairage allumé,En agglomération,Hors intersection,Normale,Autre collision,4,4,1,0,4,3,1,0,1,50,1,2,0,0,2,0,19.0,,voiture,,5,2,1,1,6
201900006630,2019-10-20 00:20:00,2019,10,20,0,20,13,13203,PLOMBIERES (BOULEVARD DES),43.31491,5.38787,Nuit avec éclairage allumé,En agglomération,Intersection en X,Normale,Deux véhicules - côté,4,2,6,0,1,1,1,0,1,50,2,1,0,0,1,0,25.0,,deux_roues,,5,2,2,1,3
201900006631,2019-10-20 03:45:00,2019,10,20,3,45,7,07102,Chemin des MULETS,44.93372,4.85924,Nuit sans éclairage public,Hors agglomération,Hors intersection,Temps couvert,Sans collision,4,3,2,0,1,2,9,9,1,70,1,1,0,0,0,1,20.0,,voiture,,3,1,1,8,7
201900006632,2019-10-20 16:00:00,2019,10,20,16,0,6,06069,DUNANT (AVENUE HENRI),43.645699,6.92872,Plein jour,En agglomération,Hors intersection,Temps couvert,Sans collision,4,2,1,0,4,1,1,0,1,50,1,4,1,0,0,3,18.0,,voiture,,1,2,1,8,7
201900006633,2019-10-20 16:50:00,2019,10,20,16,50,75,75120,BD PERIPHERIQUE INTERIEUR,48.873965,2.411229,Plein jour,En agglomération,Hors intersection,Normale,Deux véhicules - arrière,4,1,4,0,1,1,1,0,1,70,2,3,1,0,0,2,52.0,27.0,voiture,deux_roues,1,2,1,1,2
201900006634,2019-10-19 00:10:00,2019,10,19,0,10,75,75118,BD PERIPHERIQUE INTERIEUR,48.901076,2.345273,Nuit avec éclairage allumé,En agglomération,Hors intersection,Normale,Trois véhicules et plus - en chaîne,4,1,4,0,1,1,1,0,1,70,3,4,2,0,0,2,31.0,25.0,voiture,deux_roues,5,2,1,1,4
201900006635,2019-10-18 18:00:00,2019,10,18,18,0,75,75119,BD PERIPHERIQUE INTERIEUR,48.8924325,2.3953535,Crépuscule ou aube,En agglomération,Intersection en Y,Normale,Trois véhicules et plus - en chaîne,4,1,4,0,1,1,1,0,1,70,5,5,4,0,0,1,47.0,28.0,deux_roues,deux_roues,2,2,4,1,4
201900006636,2019-10-20 06:40:00,2019,10,20,6,40,75,75105,RUE GAY LUSSAC,48.8459585,2.3412325,Nuit avec éclairage allumé,En agglomération,Intersection en X,Pluie légère,Deux véhicules - arrière,4,2,2,0,1,1,2,0,1,50,2,2,1,0,0,1,24.0,21.0,voiture,voiture,5,2,2,2,2
201900006637,2019-10-20 09:05:00,2019,10,20,9,5,75,75120,RUE DES PYRENEES,48.867507,2.396418,Plein jour,En agglomération,Intersection en X,Pluie forte,Autre collision,4,2,2,-1,2,1,2,0,1,50,1,1,0,0,0,1,,,,,1,2,2,3,6
201900006638,2019-10-14 13:00:00,2019,10,14,13,0,75,75116,BOULEVARD LANNES,48.8710745,2.2752532,Plein jour,En agglomération,Place,Normale,Sans collision,4,2,4,-1,1,1,1,5,1,50,1,1,0,0,0,1,24.0,,deux_roues,,1,2,7,1,7
201900006639,2019-10-20 11:30:00,2019,10,20,11,30,75,75114,RUE D ALESIA,48.831975,2.3135625,Plein jour,En agglomération,Intersection en T,Pluie légère,Sans collision,4,2,3,-1,1,1,8,0,1,50,1,1,0,0,0,1,40.0,,deux_roues,,1,2,3,2,7
201900006640,2019-10-19 21:10:00,2019,10,19,21,10,75,75113,QUAI D AUSTERLITZ,48.8430719,2.3663333,Nuit avec éclairage allumé,En agglomération,Intersection en T,Pluie légère,Autre collision,4,2,3,0,2,1,2,0,1,50,3,2,1,0,0,1,28.0,35.0,voiture,voiture,5,2,3,2,6
201900006641,2019-10-20 03:14:00,2019,10,20,3,14,75,75112,QUAI DE BERCY,48.8383652,2.3760779,Nuit avec éclairage allumé,En agglomération,Intersection en T,Normale,Deux véhicules - frontale,4,1,2,0,1,2,2,0,1,50,2,4,3,0,0,1,23.0,25.0,voiture,deux_roues,5,2,3,1,1
201900006642,2019-10-20 05:40:00,2019,10,20,5,40,75,75109,BOULEVARD HAUSSMANN,48.8734171,2.3297101,Nuit avec éclairage allumé,En agglomération,Intersection en T,Pluie légère,Autre collision,4,1,4,0,1,1,2,0,1,50,1,3,2,0,0,1,31.0,,voiture,,5,2,3,2,6
201900006643,2019-10-20 04:55:00,2019,10,20,4,55,75,75109,BOULEVARD DE CLICHY,48.8829755,2.3348702,Nuit avec éclairage allumé,En agglomération,Intersection en T,Pluie forte,Deux véhicules - côté,4,1,2,3,1,1,2,-1,6,50,2,3,2,0,0,1,32.0,41.0,deux_roues,voiture,5,2,3,3,3
201900006644,2019-10-19 23:30:00,2019,10,19,23,30,75,75109,RUE SAINT LAZARE,48.876273,2.3318574,Nuit avec éclairage allumé,En agglomération,Intersection en X,Pluie légère,Deux véhicules - côté,4,3,3,3,1,1,2,0,6,50,2,2,1,0,0,1,36.0,32.0,voiture,deux_roues,5,2,2,2,3
201900006645,2019-10-19 21:10:00,2019,10,19,21,10,75,75109,BOULEVARD DE ROCHECHOUART,48.8831798,2.3463485,Nuit avec éclairage allumé,En agglomération,Hors intersection,Pluie légère,Deux véhicules - côté,4,3,2,1,1,1,2,0,5,50,2,2,1,0,0,1,39.0,55.0,deux_roues,voiture,5,2,1,2,3
201900006646,2019-10-20 15:15:00,2019,10,20,15,15,75,75108,RUE DU GENERAL FOY,48.877885,2.3181552,Plein jour,En agglomération,Intersection en X,Pluie légère,Autre collision,4,2,2,0,2,1,2,0,1,50,1,1,0,0,0,1,27.0,,deux_roues,,1,2,2,2,6
201900006647,2019-10-20 09:20:00,2019,10,20,9,20,75,75104,QUAI DE GESVRES,48.8560682,2.3506934,Plein jour,En agglomération,Intersection en X,Pluie forte,Deux véhicules - côté,4,1,4,0,1,1,2,0,1,50,2,2,1,0,0,1,49.0,18.0,voiture,deux_roues,1,2,2,3,3
201900006648,2019-10-20 00:20:00,2019,10,20,0,20,94,94028,ALYSES.(PLACE DES),48.77035,2.46146,Nuit avec éclairage allumé,En agglomération,Place,Pluie légère,Deux véhicules - côté,4,2,2,0,1,1,2,0,2,50,2,1,0,0,0,1,30.0,,voiture,,5,2,7,2,3
201900006649,2019-10-20 18:10:00,2019,10,20,18,10,94,94077,REPUBLIQUE (AV DE LA),48.73165,2.41291,Crépuscule ou aube,En agglomération,Intersection en T,Pluie légère,Trois véhicules et plus - collisions multiples,3,2,1,0,2,1,2,0,1,50,3,5,4,0,0,1,33.0,35.0,voiture,voiture,2,2,3,2,5
201900006650,2019-10-20 13:00:00,2019,10,20,13,0,94,94017,REPUBLIQUE (AV DE LA),48.8208097,2.5109434,Plein jour,En agglomération,Hors intersection,Normale,Deux véhicules - arrière,3,2,2,0,1,1,2,0,1,50,2,2,1,0,0,1,46.0,28.0,utilitaire_camion,voiture,1,2,1,1,2
201900006651,2019-10-19 22:15:00,2019,10,19,22,15,93,93073,SALENGRO (AVENUE ROGER),48.94283,2.57701,Nuit avec éclairage allumé,En agglomération,Intersection en X,Pluie légère,Deux véhicules - côté,4,2,1,0,1,1,2,5,1,50,2,5,2,0,0,3,40.0,29.0,voiture,voiture,5,2,2,2,3
201900006652,2019-10-20 13:50:00,2019,10,20,13,50,93,93062,LIVRY (AVENUE DE),48.90274,2.52054,Plein jour,En agglomération,Intersection en X,Temps couvert,Deux véhicules - côté,4,2,2,0,1,1,2,0,1,50,2,2,1,0,0,1,45.0,,voiture,,1,2,2,8,3
201900006653,2019-10-20 05:05:00,2019,10,20,5,5,93,93074,MEAUX RUE DE,48.93799,2.59597,Nuit avec éclairage allumé,En agglomération,Intersection en T,Pluie forte,Deux véhicules - côté,3,3,2,0,1,1,2,0,1,50,2,2,1,0,1,0,23.0,27.0,voiture,voiture,5,2,3,3,3
201900006654,2019-10-20 18:00:00,2019,10,20,18,0,93,93014,ETIENNE LAURENT (ALLEE),48.90326,2.55097,Plein jour,En agglomération,Hors intersection,Pluie légère,Deux véhicules - côté,4,2,2,0,1,1,2,0,1,30,2,3,1,0,0,2,34.0,34.0,voiture,voiture,1,2,1,2,3
201900006655,2019-10-20 07:45:00,2019,10,20,7,45,93,93005,PAUL CEZANNE (RUE),48.95378,2.50621,Nuit avec éclairage allumé,En agglomération,Autre intersection,Pluie forte,Autre collision,3,1,2,0,1,1,2,6,6,50,1,2,1,0,0,1,32.0,,utilitaire_camion,,5,2,9,3,6
201900006656,2019-10-20 16:24:00,2019,10,20,16,24,92,92040,AUGUSTE GERVAIS,48.822681,2.273677,Plein jour,En agglomération,Intersection en T,Pluie légère,Autre collision,3,2,0,0,2,1,2,0,1,50,1,2,1,0,0,1,79.0,,voiture,,1,2,3,2,6
201900006657,2019-10-19 21:15:00,2019,10,19,21,15,92,92004,MOURINOUX ( RUE DES ),48.9292,2.2744,Nuit avec éclairage allumé,En agglomération,Hors intersection,Normale,Autre collision,4,-1,2,0,1,1,1,0,1,50,1,2,1,0,0,1,28.0,,voiture,,5,2,1,1,6
201900006658,2019-10-21 13:20:00,2019,10,21,13,20,28,28073,A11,48.482515,1.645378,Plein jour,Hors agglomération,Hors intersection,Normale,Autre collision,1,2,5,0,1,1,1,0,3,130,1,6,5,1,0,0,34.0,,voiture,,1,1,1,1,6
201900006659,2019-10-21 15:45:00,2019,10,21,15,45,41,41252,A10,47.690531,1.430726,Plein jour,Hors agglomération,Hors intersection,Normale,Trois véhicules et plus - collisions multiples,1,3,2,0,1,1,1,8,1,110,3,3,2,0,0,1,23.0,86.0,voiture,voiture,1,1,1,1,5
201900006660,2019-10-17 16:55:00,2019,10,17,16,55,58,58086,A77,47.377321,2.92305,Plein jour,Hors agglomération,Hors intersection,Temps couvert,Autre collision,1,1,4,0,1,1,2,0,1,130,1,2,0,0,0,2,70.0,,voiture,,1,1,1,8,6
201900006661,2019-10-21 11:25:00,2019,10,21,11,25,77,77411,D37,48.83899,3.14852,Plein jour,Hors agglomération,Hors intersection,Temps couvert,Deux véhicules - frontale,3,2,2,0,1,1,2,0,1,80,2,3,0,1,1,1,32.0,48.0,voiture,voiture,1,1,1,8,1
201900006662,2019-10-20 16:40:00,2019,10,20,16,40,77,77162,D204 X HAMEAU DE SAUSSOY,48.876434,3.191933,Plein jour,Hors agglomération,Intersection en X,Pluie légère,Autre collision,3,2,2,0,1,1,2,0,1,70,2,5,0,0,1,4,39.0,56.0,voiture,voiture,1,1,2,2,6
201900006663,2019-10-21 13:50:00,2019,10,21,13,50,51,51507,ROUTE DE CHALONS,49.0869225,4.8791357,Plein jour,Hors agglomération,Hors intersection,Normale,Autre collision,3,3,2,0,4,1,1,0,1,70,2,4,3,0,1,0,41.0,36.0,voiture,voiture,1,1,1,1,6
201900006664,2019-10-20 11:20:00,2019,10,20,11,20,56,56222,Rue de Rohan,47.845046,-2.72821,Plein jour,En agglomération,Intersection en X,Normale,Deux véhicules - côté,3,2,2,0,3,1,1,0,1,50,2,2,1,0,1,0,63.0,27.0,deux_roues,voiture,1,2,2,1,3
201900006665,2019-10-21 06:24:00,2019,10,21,6,24,56,56185,Route Nationale N°165,47.7886525,-3.437013,Nuit sans éclairage public,Hors agglomération,Hors intersection,Normale,Trois véhicules et plus - collisions multiples,2,3,4,3,1,1,1,0,1,110,3,4,1,0,3,0,49.0,28.0,utilitaire_camion,voiture,3,1,1,1,5
201900006666,2019-10-20 21:33:00,2019,10,20,21,33,56,56168,17 Route de Carnac,47.594784,-3.10448,Nuit sans éclairage public,Hors agglomération,Hors intersection,Normale,Autre collision,3,2,2,0,2,1,1,0,1,80,1,2,1,1,0,0,26.0,,voiture,,3,1,1,1,6
201900006667,2019-10-20 18:20:00,2019,10,20,18,20,32,32406,D928,43.691905,0.832002,Crépuscule ou aube,Hors agglomération,Hors intersection,Normale,Autre collision,3,2,2,0,2,3,1,0,8,80,1,1,0,1,0,0,28.0,,voiture,,2,1,1,1,6
201900006668,2019-10-20 16:09:00,2019,10,20,16,9,71,71120,8 Route de la Clayette,46.209289,4.318137,Plein jour,En agglomération,Hors intersection,Pluie forte,Autre collision,3,2,2,0,1,1,2,0,3,50,1,2,0,0,2,0,82.0,,voiture,,1,2,1,3,6
201900006669,2019-10-13 00:50:00,2019,10,13,0,50,63,63184,Chemin de Chez Roffin,46.007534,3.558726,Nuit sans éclairage public,Hors agglomération,Hors intersection,Normale,Sans collision,3,2,2,0,1,3,1,0,3,80,1,1,0,1,0,0,35.0,,utilitaire_camion,,3,1,1,1,7
201900006670,2019-10-21 10:53:00,2019,10,21,10,53,49,49129,Route d'Angers,47.509941,-0.515248,Plein jour,Hors agglomération,Hors intersection,Temps couvert,Deux véhicules - frontale,4,2,2,0,1,1,2,0,1,80,2,2,1,0,0,1,70.0,30.0,deux_roues,voiture,1,1,1,8,1
201900006671,2019-10-20 16:10:00,2019,10,20,16,10,22,22222,rue rene cassin,48.669854,-2.929366,Plein jour,En agglomération,Hors intersection,Pluie légère,Sans collision,3,2,2,0,2,1,2,0,3,50,1,2,0,0,1,1,77.0,,voiture,,1,2,1,2,7
201900006672,2019-10-21 19:00:00,2019,10,21,19,0,38,38104,1541 Route des Ternes,45.561795,5.596593,Crépuscule ou aube,En agglomération,Intersection en T,Pluie légère,Deux véhicules - frontale,3,2,2,0,2,1,2,0,1,70,2,2,1,0,1,0,16.0,54.0,deux_roues,voiture,2,2,3,2,1
201900006673,2019-10-19 12:30:00,2019,10,19,12,30,58,58088,D977,47.011352,3.200865,Plein jour,Hors agglomération,Autre intersection,Normale,Deux véhicules - frontale,3,2,2,0,1,1,1,3,1,70,2,2,1,0,1,0,63.0,26.0,voiture,voiture,1,1,9,1,1
201900006674,2019-10-17 07:00:00,2019,10,17,7,0,54,54256,D112,48.53062,6.31002,Crépuscule ou aube,Hors agglomération,Hors intersection,Temps couvert,Sans collision,3,2,2,0,1,1,2,0,8,80,1,1,0,0,1,0,53.0,,voiture,,2,1,1,8,7