accident_id,datetime,annee,mois,jour,heure,minute,departement,commune_insee,adresse,latitude,longitude,luminosite,agglomeration,intersection,meteo,collision,catr,circ,nbv,vosp,prof,plan,surf,infra,situ,vma,nb_vehicules,nb_usagers,nb_indemnes,nb_tues,nb_blesses_hosp,nb_blesses_legers,age_cond_1,age_cond_2,veh_type_cond_1,veh_type_cond_2,lum_code,agg_code,int_code,atm_code,col_code
201900006954,2019-07-22 06:45:00,2019,7,22,6,45,62,62393,AUTOROUTE A16,50.9334469,1.9977612,Plein jour,Hors agglomération,Hors intersection,Normale,Deux véhicules - arrière,1,3,4,0,1,1,1,0,1,110,2,3,2,0,0,1,55.0,55.0,utilitaire_camion,voiture,1,1,1,1,2
201900006955,2019-08-10 04:17:00,2019,8,10,4,17,94,94065,AUTOROUTE A106,48.75587,2.35001,Nuit avec éclairage non allumé,Hors agglomération,Hors intersection,Normale,Autre collision,1,3,2,0,1,4,1,9,1,50,1,1,0,0,1,0,26.0,,deux_roues,,4,1,1,1,6
201900006956,2019-08-11 13:00:00,2019,8,11,13,0,974,97416,RIFOSTA (CHEMIN),-21.3434,55.4867,Plein jour,Hors agglomération,Autre intersection,Normale,Deux véhicules - frontale,4,1,1,0,2,1,1,9,1,50,2,2,1,0,0,1,33.0,7.0,voiture,deux_roues,1,1,9,1,1
201900006957,2019-08-10 12:40:00,2019,8,10,12,40,973,97302,MANGO (ROUTE),4.9321446,-52.3180533,Plein jour,En agglomération,Hors intersection,Normale,Deux véhicules - côté,4,2,2,0,1,1,1,0,1,50,2,2,1,0,1,0,43.0,61.0,deux_roues,voiture,1,2,1,1,3
201900006958,2019-08-11 22:50:00,2019,8,11,22,50,69,69199,CARNOT                              (R ),45.708,4.85982,Nuit avec éclairage allumé,En agglomération,Intersection en X,Pluie légère,Deux véhicules - côté,7,2,2,0,1,1,2,0,1,50,2,7,6,0,0,1,24.0,28.0,voiture,voiture,5,2,2,2,3
201900006959,2019-08-11 03:55:00,2019,8,11,3,55,69,69259,FRANCIS DE PRESSENSE                (AV),45.71488,4.87216,Nuit avec éclairage allumé,En agglomération,Hors intersection,Normale,Autre collision,7,3,4,1,1,1,1,9,1,50,1,5,0,5,0,0,21.0,,voiture,,5,2,1,1,6
201900006960,2019-08-10 17:45:00,2019,8,10,17,45,95,95063,AV GABRIEL PERI,48.9342207,2.2091651,Plein jour,En agglomération,Intersection en X,Normale,Deux véhicules - frontale,3,2,2,0,1,1,1,0,1,50,2,3,1,0,2,0,36.0,14.0,voiture,deux_roues,1,2,2,1,1
201900006961,2019-08-11 21:25:00,2019,8,11,21,25,91,91589,PERI (AVENUE GABRIEL),48.68889,2.35623,Crépuscule ou aube,En agglomération,Intersection en X,Normale,Deux véhicules - côté,4,2,2,0,1,1,1,0,3,50,2,2,1,0,1,0,22.0,37.0,deux_roues,voiture,2,2,2,1,3
201900006962,2019-08-11 05:50:00,2019,8,11,5,50,69,69266,POIZAT      (Rue),45.7582,4.8933,Nuit avec éclairage allumé,En agglomération,Intersection en X,Normale,Deux véhicules - côté,4,1,1,0,1,1,1,0,1,50,2,3,0,0,0,3,23.0,39.0,voiture,voiture,5,2,2,1,3
201900006963,2019-08-11 16:30:00,2019,8,11,16,30,64,64483,ITHURRALDE ANDRE (AVENUE),43.3957366,-1.6471918,Plein jour,En agglomération,Hors intersection,Normale,Deux véhicules - arrière,3,2,2,0,1,1,1,0,3,50,2,3,2,0,0,1,15.0,72.0,deux_roues,voiture,1,2,1,1,2
201900006964,2019-08-11 05:35:00,2019,8,11,5,35,60,60684,RD 200_NORD,49.28415,2.48717,Nuit avec éclairage allumé,Hors agglomération,Hors intersection,Normale,Sans collision,3,2,3,0,1,1,1,0,1,70,1,2,1,0,1,0,27.0,,voiture,,5,1,1,1,7
201900006965,2019-08-11 22:20:00,2019,8,11,22,20,59,59512,DELORME (RUE PHILIBERT),50.67483,3.17882,Nuit avec éclairage allumé,En agglomération,Intersection en X,Normale,Deux véhicules - côté,4,1,2,0,1,1,1,0,1,50,2,4,2,0,0,2,40.0,22.0,voiture,voiture,5,2,2,1,3
201900006966,2019-08-11 12:15:00,2019,8,11,12,15,51,51454,RUE ALBERT THOMAS,49.2396972,4.0452639,Plein jour,En agglomération,Hors intersection,Normale,Deux véhicules - arrière,4,1,1,0,1,1,1,0,1,50,2,2,1,0,0,1,45.0,29.0,voiture,voiture,1,2,1,1,2
201900006967,2019-08-11 01:00:00,2019,8,11,1,0,44,44162,AVENUE DE LA BRANCHOIRE,47.21797,-1.61047,Nuit avec éclairage allumé,En agglomération,Hors intersection,Normale,Deux véhicules - côté,4,2,0,0,1,1,1,5,1,50,2,2,1,0,1,0,21.0,30.0,voiture,deux_roues,5,2,1,1,3
201900006968,2019-08-11 09:55:00,2019,8,11,9,55,33,33119,AVE CARNOT,44.86332,-0.52982,Plein jour,En agglomération,Hors intersection,Pluie légère,Autre collision,4,3,3,0,2,3,2,0,1,70,1,1,0,0,0,1,34.0,,voiture,,1,2,1,2,6
201900006969,2019-08-11 15:00:00,2019,8,11,15,0,27,27351,FRINGALE (RUE DE LA),49.23292,1.17011,Plein jour,En agglomération,Hors intersection,Normale,Deux véhicules - frontale,4,2,2,0,1,1,1,0,1,50,2,3,0,0,0,3,64.0,67.0,voiture,voiture,1,2,1,1,1
201900006970,2019-08-09 09:37:00,2019,8,9,9,37,14,14333,BOURDET (RUE),49.41498,0.23223,Plein jour,En agglomération,Hors intersection,Pluie légère,Deux véhicules - côté,3,1,1,0,1,1,2,0,1,50,2,2,1,0,0,1,75.0,68.0,voiture,voiture,1,2,1,2,3
201900006971,2019-07-19 22:30:00,2019,7,19,22,30,13,13210,RABATAU (BOULEVARD),43.28076,5.39954,Nuit avec éclairage allumé,En agglomération,Hors intersection,Normale,Autre collision,4,2,4,0,1,1,1,0,1,50,1,1,0,0,0,1,,,,,5,2,1,1,6
201900006972,2019-08-11 16:00:00,2019,8,11,16,0,13,13207,PAPETY (RUE),43.29075,5.35743,Plein jour,En agglomération,Intersection en X,Normale,Deux véhicules - côté,4,1,1,0,1,1,1,5,1,30,2,6,3,0,0,3,21.0,47.0,voiture,voiture,1,2,2,1,3
201900006973,2019-08-11 10:45:00,2019,8,11,10,45,13,13208,PRADO (AVENUE DU),43.2818,5.3865,Plein jour,En agglomération,Hors intersection,Normale,Autre collision,4,-1,1,0,1,1,1,0,1,50,1,2,1,0,0,1,,,voiture,,1,2,1,1,6
201900006974,2019-08-11 10:00:00,2019,8,11,10,0,13,13205,JEAN MOULIN (BOULEVARD),43.28855,5.40038,Plein jour,En agglomération,Hors intersection,Normale,Trois véhicules et plus - en chaîne,4,2,2,0,1,1,1,8,1,50,3,3,2,0,0,1,46.0,76.0,deux_roues,voiture,1,2,1,1,4
201900006975,2019-08-10 12:00:00,2019,8,10,12,0,13,13063,CALAMEAU CHEMIN DE,43.58666,4.98517,Plein jour,Hors agglomération,Hors intersection,Normale,Deux véhicules - côté,3,1,2,0,1,1,1,0,1,70,2,2,1,0,0,1,40.0,,voiture,,1,1,1,1,3
201900006976,2019-08-10 09:30:00,2019,8,10,9,30,13,13028,FRANCE (BOULEVARD ANATOLE),43.17375,5.61039,Plein jour,En agglomération,Hors intersection,Normale,Autre collision,4,3,2,0,1,1,2,0,1,30,1,2,1,0,0,1,52.0,,voiture,,1,2,1,1,6
201900006977,2019-08-11 16:10:00,2019,8,11,16,10,13,13001,BERRE (ROUTE DE),43.53711,5.38542,Plein jour,Hors agglomération,Hors intersection,Normale,Deux véhicules - frontale,3,2,2,0,2,1,1,0,1,80,2,2,0,0,2,0,72.0,50.0,voiture,voiture,1,1,1,1,1
201900006978,2019-08-09 09:50:00,2019,8,9,9,50,12,12089,RAMADIER PAUL (AVENUE),44.55544,2.25817,Plein jour,En agglomération,Hors intersection,Temps éblouissant,Autre collision,6,-1,-1,0,1,1,1,0,8,30,1,2,1,0,0,1,73.0,,voiture,,1,2,1,7,6
201900006979,2019-08-11 02:55:00,2019,8,11,2,55,7,07072,CHASSAGNE (HAUT),44.74777,4.608872,Nuit sans éclairage public,Hors agglomération,Hors intersection,Normale,Autre collision,3,2,2,0,2,2,1,0,1,80,1,1,0,0,0,1,39.0,,voiture,,3,1,1,1,6
201900006980,2019-08-11 18:50:00,2019,8,11,18,50,6,06159,BELLAVISTA (AVENUE),43.7099103,7.3180558,Plein jour,Hors agglomération,Intersection en T,Normale,Deux véhicules - côté,7,2,2,0,2,1,1,0,1,50,2,6,0,0,0,6,19.0,23.0,voiture,voiture,1,1,3,1,3
201900006981,2019-08-11 05:30:00,2019,8,11,5,30,6,06083,"SOSPEL (AVENUE DE, N° 1 A 55)",43.776448,7.494112,Nuit avec éclairage allumé,En agglomération,Giratoire,Normale,Deux véhicules - côté,3,-1,2,0,1,1,1,5,1,50,2,3,1,0,0,2,34.0,58.0,utilitaire_camion,voiture,5,2,6,1,3
201900006982,2019-08-11 18:45:00,2019,8,11,18,45,75,75120,AVENUE GAMBETTA,48.865027,2.398598,Plein jour,En agglomération,Place,Normale,Deux véhicules - arrière,4,2,2,0,4,1,1,0,1,50,2,2,1,0,0,1,34.0,59.0,deux_roues,voiture,1,2,7,1,2
201900006983,2019-08-11 16:15:00,2019,8,11,16,15,75,75119,RUE REBEVAL,48.874119,2.376294,Plein jour,En agglomération,Hors intersection,Normale,Deux véhicules - côté,4,1,3,0,2,1,1,0,1,50,2,2,1,0,0,1,25.0,6.0,voiture,deux_roues,1,2,1,1,3
201900006984,2019-08-11 19:00:00,2019,8,11,19,0,75,75114,BOULEVARD BRUNE,48.8276717,2.3051295,Plein jour,En agglomération,Place,Normale,Deux véhicules - côté,4,2,3,0,1,1,1,5,1,50,2,2,1,0,0,1,29.0,47.0,deux_roues,voiture,1,2,7,1,3
201900006985,2019-08-11 02:44:00,2019,8,11,2,44,75,75113,BOULEVARD DE L HOPITAL,48.836454,2.359189,Nuit avec éclairage allumé,En agglomération,Intersection à plus de 4 branches,Normale,Autre collision,4,2,5,0,2,1,1,0,1,50,1,1,0,0,0,1,,,,,5,2,5,1,6
201900006986,2019-08-11 19:51:00,2019,8,11,19,51,75,75107,AVENUE OCTAVE GREARD,48.8566822,2.2935514,Plein jour,En agglomération,Intersection en X,Normale,Autre collision,4,2,2,0,1,1,1,9,1,30,1,5,3,0,0,2,42.0,,voiture,,1,2,2,1,6
201900006987,2019-08-11 22:50:00,2019,8,11,22,50,75,75101,ALLEE ANDRE BRETON,48.862318,2.345545,Nuit avec éclairage allumé,En agglomération,Hors intersection,Normale,Deux véhicules - frontale,4,2,2,0,1,1,1,6,6,15,2,2,1,0,0,1,23.0,29.0,deux_roues,deux_roues,5,2,1,1,1
201900006988,2019-08-11 01:05:00,2019,8,11,1,5,93,93053,JEANNE D'ARC (PLACE),48.890125,2.452836,Nuit avec éclairage allumé,En agglomération,Intersection en T,Normale,Deux véhicules - côté,3,2,1,0,1,1,1,0,1,50,2,3,2,0,1,0,28.0,21.0,voiture,deux_roues,5,2,3,1,3
201900006989,2019-08-11 04:46:00,2019,8,11,4,46,93,93051,NEUILLY (PORTE),48.843319,2.543674,Nuit avec éclairage allumé,En agglomération,Giratoire,Normale,Autre collision,3,1,3,0,1,4,1,5,3,50,1,1,0,0,1,0,28.0,,deux_roues,,5,2,6,1,6
201900006990,2019-08-11 16:40:00,2019,8,11,16,40,93,93046,CONSUL GENERAL NORDLING AVENUE,48.91,2.53,Plein jour,En agglomération,Intersection en T,Normale,Trois véhicules et plus - collisions multiples,3,1,2,0,1,1,1,0,1,50,3,5,4,0,0,1,19.0,44.0,voiture,voiture,1,2,3,1,5
201900006991,2019-08-12 15:36:00,2019,8,12,15,36,65,65049,RD 5 lieu dit Bonneau,43.4874056,0.087086,Plein jour,Hors agglomération,Hors intersection,Normale,Deux véhicules - côté,3,2,2,0,2,1,1,0,1,80,2,2,1,0,1,0,84.0,54.0,voiture,deux_roues,1,1,1,1,3
201900006992,2019-08-09 14:00:00,2019,8,9,14,0,62,62760,Route Nationale,50.610473,2.106418,Plein jour,Hors agglomération,Hors intersection,Normale,Autre collision,3,2,2,0,1,1,1,0,1,80,2,5,4,0,1,0,43.0,79.0,voiture,voiture,1,1,1,1,6
201900006993,2019-08-12 04:55:00,2019,8,12,4,55,74,74109,A40,46.0799981,5.8427424,Nuit sans éclairage public,Hors agglomération,Hors intersection,Brouillard / fumée,Autre collision,1,3,4,0,2,1,1,0,3,130,1,4,2,0,2,0,37.0,,voiture,,3,1,1,5,6
201900006994,2019-08-10 19:47:00,2019,8,10,19,47,68,68315,RD431,47.864184,7.127907,Crépuscule ou aube,Hors agglomération,Hors intersection,Normale,Autre collision,3,2,2,0,1,2,2,0,1,80,2,2,1,0,1,0,42.0,48.0,deux_roues,deux_roues,2,1,1,1,6
201900006995,2019-08-10 17:10:00,2019,8,10,17,10,33,33552,Départementale D214,44.6494,-0.42576,Plein jour,Hors agglomération,Hors intersection,Normale,Autre collision,3,2,2,0,3,3,1,0,3,80,1,1,0,0,1,0,19.0,,deux_roues,,1,1,1,1,6
201900006996,2019-08-09 12:00:00,2019,8,9,12,0,34,34111,avenue de nimes,43.938207,3.713662,Plein jour,En agglomération,Intersection en T,Normale,Deux véhicules - arrière,3,2,2,0,1,1,1,0,1,50,2,2,1,0,1,0,70.0,58.0,voiture,deux_roues,1,2,3,1,2
201900006997,2019-08-12 13:00:00,2019,8,12,13,0,22,22354,"Route nationale 12, sens BREST-RENNES, PR99+150",48.569728,-3.274664,Plein jour,Hors agglomération,Hors intersection,Normale,Autre collision,2,3,2,0,3,2,1,0,3,110,1,3,1,0,0,2,19.0,,utilitaire_camion,,1,1,1,1,6
201900006998,2019-08-11 12:05:00,2019,8,11,12,5,17,17297,pont ile de Ré,46.165924,-1.252895,Plein jour,Hors agglomération,Hors intersection,Pluie forte,Deux véhicules - frontale,3,2,2,0,2,1,2,2,1,80,2,3,2,1,0,0,50.0,17.0,voiture,deux_roues,1,1,1,3,1
201900006999,2019-08-12 08:40:00,2019,8,12,8,40,1,01160,rue du Jura,46.258056,6.113623,Plein jour,En agglomération,Autre intersection,Normale,Sans collision,3,2,2,0,1,1,1,8,4,50,1,2,1,0,0,1,51.0,,transport_commun,,1,2,9,1,7
201900007000,2019-08-11 15:30:00,2019,8,11,15,30,44,44197,Le Haut Queneux,47.738842,-1.5311031,Plein jour,Hors agglomération,Intersection en T,Normale,Deux véhicules - côté,4,2,-1,-1,1,1,1,0,1,-1,2,3,0,0,1,2,34.0,70.0,voiture,voiture,1,1,3,1,3
201900007001,2019-08-12 00:10:00,2019,8,12,0,10,41,41255,La Ronce,47.748404,0.772628,Nuit sans éclairage public,Hors agglomération,Hors intersection,Normale,Autre collision,3,2,2,0,1,2,1,0,8,80,1,1,0,1,0,0,52.0,,deux_roues,,3,1,1,1,6
201900007002,2019-08-10 06:35:00,2019,8,10,6,35,37,37179,A10 sens TOURS/PARIS à l'échangeur A10/A28,47.44815,0.742437,Nuit sans éclairage public,Hors agglomération,Hors intersection,Normale,Autre collision,1,1,5,0,1,1,1,0,2,130,1,4,3,0,1,0,59.0,,voiture,,3,1,1,1,6
201900007003,2019-08-10 16:55:00,2019,8,10,16,55,74,74267,1080 Route d'Albertville (Sévrier),45.8743815,6.1414966,Plein jour,En agglomération,Intersection en T,Temps éblouissant,Deux véhicules - côté,3,2,2,0,1,1,1,0,1,50,2,2,1,0,1,0,44.0,18.0,voiture,deux_roues,1,2,3,7,3
201900007004,2019-08-12 14:05:00,2019,8,12,14,5,2B,2B305,Pietranera,42.720187,9.454371,Plein jour,En agglomération,Autre intersection,Normale,Deux véhicules - arrière,3,2,2,0,1,1,1,0,1,30,2,2,1,0,0,1,34.0,45.0,deux_roues,voiture,1,2,9,1,2
201900007005,2019-08-11 14:55:00,2019,8,11,14,55,80,80585,D930C,49.771103,2.938636,Plein jour,Hors agglomération,Hors intersection,Normale,Sans collision,3,2,2,0,1,1,1,0,1,80,1,1,0,0,0,1,20.0,,deux_roues,,1,1,1,1,7
201900007006,2019-08-10 14:50:00,2019,8,10,14,50,71,71368,Les Pelletiers,47.050545,4.294531,Plein jour,Hors agglomération,Hors intersection,Normale,Autre collision,4,2,2,0,1,1,1,0,3,80,1,1,0,0,1,0,57.0,,voiture,,1,1,1,1,6
201900007007,2019-08-12 10:30:00,2019,8,12,10,30,63,63186,Laschamps,45.883922,2.683439,Plein jour,En agglomération,Hors intersection,Normale,Autre collision,3,2,2,0,1,1,1,0,1,50,1,2,1,0,1,0,62.0,,utilitaire_camion,,1,2,1,1,6
201900007008,2019-08-11 16:35:00,2019,8,11,16,35,68,68041,rue de l'étang,47.887503,7.547191,Plein jour,En agglomération,Hors intersection,Normale,Sans collision,4,-1,2,0,1,1,1,0,3,50,1,2,1,0,0,1,57.0,,deux_roues,,1,2,1,1,7
201900007009,2019-08-11 07:00:00,2019,8,11,7,0,35,35034,Rue de la croi x bouessée,48.5123712,-1.6605537,Plein jour,En agglomération,Intersection en T,Normale,Autre collision,3,2,2,0,1,2,1,0,1,50,1,4,2,0,2,0,24.0,,voiture,,1,2,3,1,6
201900007010,2019-08-10 11:30:00,2019,8,10,11,30,31,31470,Village,42.806666,0.548417,Plein jour,En agglomération,Hors intersection,Normale,Autre collision,4,2,2,0,3,2,1,0,1,50,1,1,0,0,1,0,7.0,,deux_roues,,1,2,1,1,6
201900007011,2019-08-11 22:00:00,2019,8,11,22,0,2,02318,Rue Bernard Lefèvre,49.549809,3.285655,Nuit avec éclairage allumé,En agglomération,Hors intersection,Normale,Sans collision,3,2,2,0,2,3,1,0,8,50,1,1,0,0,0,1,28.0,,deux_roues,,5,2,1,1,7
201900007012,2019-08-11 22:50:00,2019,8,11,22,50,26,26314,Route de Tersanne,45.221429,4.992805,Nuit sans éclairage public,Hors agglomération,Hors intersection,Normale,Deux véhicules - frontale,3,2,2,0,2,2,1,0,1,80,2,2,0,0,2,0,19.0,16.0,deux_roues,deux_roues,3,1,1,1,1
201900007013,2019-08-08 18:20:00,2019,8,8,18,20,54,54073,D904,48.638418,5.905681,Plein jour,Hors agglomération,Hors intersection,Normale,Sans collision,3,2,2,0,1,3,1,0,3,70,1,1,0,0,1,0,45.0,,deux_roues,,1,1,1,1,7
201900007014,2019-08-12 17:30:00,2019,8,12,17,30,14,14726,LE COTENTIN (Chênedollé),48.85192,-0.6767,Plein jour,Hors agglomération,Hors intersection,Normale,Deux véhicules - frontale,3,2,2,0,2,1,1,0,1,80,2,4,2,0,1,1,74.0,50.0,voiture,voiture,1,1,1,1,1
201900007015,2019-08-10 19:10:00,2019,8,10,19,10,14,14522,La Forge,49.079117,0.248202,Plein jour,Hors agglomération,Hors intersection,Normale,Sans collision,3,2,1,0,2,3,1,0,1,80,1,1,0,0,1,0,25.0,,deux_roues,,1,1,1,1,7
201900007016,2019-08-11 14:49:00,2019,8,11,14,49,73,73096,RD 11,45.5411899,6.0838412,Plein jour,Hors agglomération,Hors intersection,Normale,Deux véhicules - frontale,3,2,2,0,2,1,1,0,1,80,2,2,1,0,1,0,47.0,45.0,voiture,deux_roues,1,1,1,1,1
201900007017,2019-08-10 18:10:00,2019,8,10,18,10,43,43152,RN 102 - Le Collet,45.06945,3.858957,Plein jour,Hors agglomération,Giratoire,Temps éblouissant,Deux véhicules - côté,2,2,2,0,1,1,1,0,1,80,2,2,1,0,0,1,16.0,62.0,deux_roues,voiture,1,1,6,7,3
201900007018,2019-08-11 18:30:00,2019,8,11,18,30,7,07132,volpilliare,44.531545,4.311392,Plein jour,Hors agglomération,Hors intersection,Normale,Deux véhicules - côté,4,2,2,0,2,3,1,0,1,80,2,2,1,0,0,1,72.0,23.0,voiture,voiture,1,1,1,1,3
201900007019,2019-08-10 15:50:00,2019,8,10,15,50,21,21472,D27,47.566808,5.210819,Plein jour,Hors agglomération,Hors intersection,Normale,Autre collision,3,2,2,0,1,4,1,0,3,80,1,1,0,0,1,0,27.0,,deux_roues,,1,1,1,1,6
201900007020,2019-08-11 16:10:00,2019,8,11,16,10,40,40282,Rue du Castallet,43.753608,-0.570711,Plein jour,En agglomération,Giratoire,Normale,Deux véhicules - côté,4,2,2,0,1,1,1,9,1,50,2,2,1,0,1,0,46.0,73.0,deux_roues,voiture,1,2,6,1,3
201900007021,2019-08-11 10:25:00,2019,8,11,10,25,4,04132,RD 51 / RD 401,44.010275,5.616364,Plein jour,Hors agglomération,Intersection en T,Normale,Deux véhicules - frontale,3,2,2,0,1,1,1,0,1,80,2,2,1,0,1,0,54.0,35.0,deux_roues,voiture,1,1,3,1,1
201900007022,2019-08-11 18:10:00,2019,8,11,18,10,17,17464,RD 115,46.072041,-0.503205,Plein jour,Hors agglomération,Hors intersection,Normale,Autre collision,3,2,2,0,1,1,1,0,3,80,1,1,0,0,1,0,24.0,,voiture,,1,1,1,1,6
201900007023,2019-08-12 08:45:00,2019,8,12,8,45,17,17084,1 Route de Saint-Genis,45.511098,-0.636715,Plein jour,En agglomération,Intersection en X,Normale,Deux véhicules - côté,4,2,2,0,1,1,2,0,1,50,2,2,1,0,1,0,29.0,27.0,deux_roues,utilitaire_camion,1,2,2,1,3
201900007024,2019-08-12 17:30:00,2019,8,12,17,30,30,30027,Route de Lézan,44.06239,4.067474,Plein jour,Hors agglomération,Intersection en T,Normale,Deux véhicules - côté,3,2,2,0,1,1,1,0,1,70,2,3,2,0,1,0,60.0,56.0,voiture,deux_roues,1,1,3,1,3
201900007025,2019-08-12 05:30:00,2019,8,12,5,30,48,48103,Route départementale 1,44.551118,3.343189,Nuit sans éclairage public,Hors agglomération,Hors intersection,Pluie légère,Sans collision,3,2,2,0,2,3,2,0,3,80,1,1,0,0,1,0,40.0,,voiture,,3,1,1,2,7
201900007026,2019-08-11 18:00:00,2019,8,11,18,0,48,48051,RN 106 PR:006+500,44.24514,3.922871,Plein jour,En agglomération,Hors intersection,Normale,Deux véhicules - côté,2,2,2,0,1,1,1,0,1,50,2,4,1,0,1,2,29.0,68.0,voiture,voiture,1,2,1,1,3
201900007027,2019-08-12 16:40:00,2019,8,12,16,40,67,67212,RD221,48.551693,7.651525,Plein jour,Hors agglomération,Hors intersection,Normale,Sans collision,7,1,1,0,2,3,1,0,3,50,1,1,0,0,1,0,50.0,,deux_roues,,1,1,1,1,7
201900007028,2019-08-11 23:40:00,2019,8,11,23,40,69,69086,"A 89, bretelle de sortie N°36",45.84609,4.674995,Nuit sans éclairage public,Hors agglomération,Autre intersection,Pluie légère,Sans collision,1,1,4,0,1,2,2,0,8,70,1,1,0,0,1,0,33.0,,voiture,,3,1,9,2,7
201900007029,2019-08-11 23:29:00,2019,8,11,23,29,69,69050,A89 pk 532.800,45.86312,4.63613,Nuit sans éclairage public,Hors agglomération,Hors intersection,Pluie légère,Autre collision,1,3,4,0,2,2,2,0,3,110,1,3,0,1,2,0,20.0,,voiture,,3,1,1,2,6
201900007030,2019-08-11 17:30:00,2019,8,11,17,30,31,31220,A 66 - PK 16.400,43.3209395,1.6399401,Plein jour,Hors agglomération,Hors intersection,Normale,Autre collision,1,3,2,0,1,1,1,0,3,130,1,5,0,0,1,4,32.0,,voiture,,1,1,1,1,6
201900007031,2019-08-11 16:05:00,2019,8,11,16,5,38,38005,D526,45.2081,6.04487,Plein jour,Hors agglomération,Hors intersection,Normale,Sans collision,3,2,2,0,2,2,1,0,1,80,1,1,0,0,1,0,19.0,,deux_roues,,1,1,1,1,7
201900007032,2019-08-09 23:40:00,2019,8,9,23,40,971,97103,rue Firmin Raghoumandan,16.249608,-61.591855,Nuit avec éclairage allumé,En agglomération,Hors intersection,Normale,Deux véhicules - frontale,3,2,2,0,2,3,1,0,1,50,2,3,2,0,1,0,43.0,28.0,utilitaire_camion,deux_roues,5,2,1,1,1
201900007033,2019-08-12 07:00:00,2019,8,12,7,0,60,60024,A1 Pk 67.800 sens Lille Paris,49.408469,2.693739,Plein jour,Hors agglomération,Hors intersection,Normale,Deux véhicules - arrière,1,3,3,0,1,1,1,0,1,130,2,5,1,0,0,4,20.0,22.0,voiture,voiture,1,1,1,1,2
201900007034,2019-08-12 13:00:00,2019,8,12,13,0,973,97311,avenue christophe colomb,5.4930554,-54.0314054,Plein jour,En agglomération,Intersection en X,Normale,Deux véhicules - côté,3,2,2,0,1,1,1,5,1,50,2,2,1,0,1,0,24.0,34.0,deux_roues,voiture,1,2,2,1,3
201900007035,2019-08-09 17:45:00,2019,8,9,17,45,2A,2A215,RT40,41.502332,9.030098,Plein jour,Hors agglomération,Intersection en T,Normale,Deux véhicules - côté,2,2,2,0,2,1,1,0,1,80,2,2,1,0,0,1,59.0,89.0,voiture,voiture,1,1,3,1,3
201900007036,2019-08-10 18:00:00,2019,8,10,18,0,5,05134,D38,44.650854,6.579636,Plein jour,En agglomération,Intersection en Y,Temps éblouissant,Deux véhicules - côté,3,2,2,0,2,3,1,0,1,50,2,2,1,0,0,1,43.0,41.0,voiture,deux_roues,1,2,4,7,3
201900007037,2019-08-08 12:10:00,2019,8,8,12,10,4,04226,RD 902 Gorges du Bachelard,44.332364,6.613915,Plein jour,Hors agglomération,Hors intersection,Normale,Autre collision,3,2,2,0,2,1,1,0,1,80,1,1,0,0,1,0,57.0,,deux_roues,,1,1,1,1,6
201900007038,2019-08-11 18:15:00,2019,8,11,18,15,67,67404,RD243,48.897982,7.947276,Plein jour,Hors agglomération,Hors intersection,Pluie forte,Sans collision,2,2,2,0,1,1,2,0,3,80,1,2,0,0,1,1,22.0,,voiture,,1,1,1,3,7
201900007039,2019-08-10 19:20:00,2019,8,10,19,20,88,88090,9 Rue des Olivettes,48.371581,6.291679,Plein jour,En agglomération,Intersection en X,Normale,Autre collision,3,2,2,0,1,2,1,5,8,50,1,3,1,0,0,2,63.0,,voiture,,1,2,2,1,6
201900007040,2019-08-12 07:50:00,2019,8,12,7,50,57,57669,D30,49.135811,6.880956,Plein jour,En agglomération,Hors intersection,Normale,Deux véhicules - frontale,3,-1,2,0,3,2,1,0,1,80,2,2,1,0,1,0,36.0,22.0,voiture,voiture,1,2,1,1,1
201900007041,2019-08-12 08:05:00,2019,8,12,8,5,42,42168,RD62,45.440862,4.643109,Plein jour,Hors agglomération,Hors intersection,Pluie légère,Sans collision,3,2,2,0,2,3,2,0,8,80,1,1,0,1,0,0,24.0,,voiture,,1,1,1,2,7
201900007042,2019-08-09 23:49:00,2019,8,9,23,49,1,01160,4 chemin du levant,46.259132,6.1159832,Nuit sans éclairage public,En agglomération,Hors intersection,Normale,Sans collision,4,2,2,0,1,1,1,0,1,50,1,1,0,0,1,0,20.0,,deux_roues,,3,2,1,1,7
201900007043,2019-08-12 10:10:00,2019,8,12,10,10,17,17283,RD 732,45.576681,-0.530499,Plein jour,Hors agglomération,Hors intersection,Normale,Deux véhicules - arrière,3,2,2,0,2,1,1,0,1,80,2,2,1,1,0,0,60.0,43.0,deux_roues,utilitaire_camion,1,1,1,1,2
201900007044,2019-08-11 12:30:00,2019,8,11,12,30,85,85106,D38,46.97001,-2.22624,Plein jour,Hors agglomération,Hors intersection,Normale,Deux véhicules - arrière,3,3,2,0,1,1,1,0,1,90,2,3,2,0,1,0,23.0,52.0,voiture,deux_roues,1,1,1,1,2
201900007045,2019-08-11 17:00:00,2019,8,11,17,0,44,44176,Rue Laennec,47.352981,-2.183676,Plein jour,En agglomération,Intersection en T,Normale,Deux véhicules - frontale,4,2,2,0,1,1,1,0,1,50,2,2,1,0,1,0,88.0,14.0,voiture,deux_roues,1,2,3,1,1
201900007046,2019-08-10 14:00:00,2019,8,10,14,0,22,22143,Lotissement la Vallée des Lys,48.6010585,-2.2856938,Plein jour,En agglomération,Hors intersection,Normale,Sans collision,9,-1,2,0,1,1,1,0,5,50,1,1,0,0,1,0,64.0,,deux_roues,,1,2,1,1,7