accident_id,datetime,annee,mois,jour,heure,minute,departement,commune_insee,adresse,latitude,longitude,luminosite,agglomeration,intersection,meteo,collision,catr,circ,nbv,vosp,prof,plan,surf,infra,situ,vma,nb_vehicules,nb_usagers,nb_indemnes,nb_tues,nb_blesses_hosp,nb_blesses_legers,age_cond_1,age_cond_2,veh_type_cond_1,veh_type_cond_2,lum_code,agg_code,int_code,atm_code,col_code
201900007138,2019-11-26 16:00:00,2019,11,26,16,0,70,70176,route des Crêtes,47.896584,6.660092,Plein jour,Hors agglomération,Autre intersection,Normale,Autre collision,3,2,2,0,2,2,2,0,3,80,1,1,0,1,0,0,67.0,,voiture,,1,1,9,1,6
201900007139,2019-11-25 06:55:00,2019,11,25,6,55,64,64415,184 Route de Bordeaux,43.4298313,-0.334445,Plein jour,Hors agglomération,Hors intersection,Autre,Sans collision,3,2,3,0,4,3,2,9,8,90,1,1,0,0,1,0,33.0,,voiture,,1,1,1,9,7
201900007140,2019-11-26 14:05:00,2019,11,26,14,5,7,07346,Quartier Saint Alban,44.495449,4.646101,Plein jour,Hors agglomération,Hors intersection,Normale,Deux véhicules - frontale,3,-1,2,0,1,3,1,0,1,80,2,2,0,0,0,2,28.0,30.0,voiture,voiture,1,1,1,1,1
201900007141,2019-11-24 17:45:00,2019,11,24,17,45,30,30123,N113,43.694496,4.168045,Nuit sans éclairage public,Hors agglomération,Intersection en X,Normale,Deux véhicules - côté,2,4,3,0,1,1,1,5,1,80,2,3,1,0,2,0,61.0,20.0,voiture,voiture,3,1,2,1,3
201900007142,2019-11-07 13:10:00,2019,11,7,13,10,33,33555,Avenue de la Côte d'Argent,44.69044,-0.85869,Plein jour,En agglomération,Giratoire,Normale,Deux véhicules - côté,3,2,2,0,1,1,1,8,1,50,2,2,1,0,0,1,38.0,64.0,voiture,voiture,1,2,6,1,3
201900007143,2019-11-25 18:00:00,2019,11,25,18,0,51,51324,RN 4,48.7271679,3.8646255,Nuit sans éclairage public,Hors agglomération,Hors intersection,Normale,Trois véhicules et plus - en chaîne,2,2,2,0,1,1,1,0,1,80,3,3,2,1,0,0,62.0,24.0,utilitaire_camion,utilitaire_camion,3,1,1,1,4
201900007144,2019-11-24 19:20:00,2019,11,24,19,20,987,98733,RT1 PK 19.100,-17.689931,-149.548349,Nuit avec éclairage allumé,En agglomération,Hors intersection,Normale,Deux véhicules - frontale,2,2,2,0,1,1,1,0,1,60,2,4,2,0,1,1,41.0,19.0,voiture,deux_roues,5,2,1,1,1
201900007145,2019-11-26 15:05:00,2019,11,26,15,5,974,97402,RN 2002,-21.000117,55.686704,Plein jour,En agglomération,Hors intersection,Normale,Deux véhicules - côté,2,2,2,0,1,1,1,0,1,50,2,2,1,0,1,0,21.0,45.0,voiture,deux_roues,1,2,1,1,3
201900007146,2019-11-25 19:30:00,2019,11,25,19,30,974,97408,Avenue Raymond Verges,-20.933364,55.332796,Crépuscule ou aube,En agglomération,Autre intersection,Normale,Deux véhicules - frontale,4,2,2,0,1,1,1,0,1,50,2,2,1,0,0,1,15.0,36.0,deux_roues,voiture,2,2,9,1,1
201900007147,2019-11-26 08:45:00,2019,11,26,8,45,45,45210,D 317 PR2 + 298,47.8885134,2.8485374,Plein jour,Hors agglomération,Intersection en X,Normale,Deux véhicules - frontale,3,2,2,0,1,1,2,0,1,-1,2,1,0,0,1,0,18.0,,deux_roues,,1,1,2,1,1
201900007148,2019-11-23 13:00:00,2019,11,23,13,0,83,83133,L'Adrech de l'Olivier,43.587653,6.88522,Plein jour,Hors agglomération,Hors intersection,Pluie forte,Sans collision,4,2,2,0,2,2,6,0,8,80,1,2,0,2,0,0,73.0,,voiture,,1,1,1,3,7
201900007149,2019-11-24 11:15:00,2019,11,24,11,15,13,13074,D96,43.645061,5.562508,Plein jour,Hors agglomération,Hors intersection,Pluie forte,Autre collision,3,2,2,0,1,1,2,0,3,70,1,1,0,0,1,0,76.0,,voiture,,1,1,1,3,6
201900007150,2019-11-26 06:35:00,2019,11,26,6,35,71,71235,Route de Mâcon,46.33396,4.796612,Nuit sans éclairage public,Hors agglomération,Intersection en Y,Normale,Deux véhicules - frontale,3,2,2,0,2,2,1,0,1,80,2,2,1,0,1,0,16.0,36.0,deux_roues,voiture,3,1,4,1,1
201900007151,2019-11-25 18:15:00,2019,11,25,18,15,67,67130,1 Route de Krafft,48.429076,7.662275,Nuit avec éclairage allumé,En agglomération,Autre intersection,Temps couvert,Autre collision,3,2,2,0,1,1,2,0,1,50,1,2,1,0,0,1,34.0,,voiture,,5,2,9,8,6
201900007152,2019-11-22 18:30:00,2019,11,22,18,30,3,03298,26 rue Antoine Fayard,46.3120431,3.40417,Crépuscule ou aube,En agglomération,Intersection en X,Normale,Deux véhicules - côté,4,1,1,0,1,1,1,0,1,50,2,2,1,0,0,1,19.0,80.0,voiture,voiture,2,2,2,1,3
201900007153,2019-11-25 16:30:00,2019,11,25,16,30,73,73081,RD911,45.6758485,6.1448266,Plein jour,Hors agglomération,Hors intersection,Normale,Deux véhicules - frontale,3,2,2,0,2,3,1,0,1,80,2,2,0,1,0,1,65.0,34.0,voiture,voiture,1,1,1,1,1
201900007154,2019-11-25 15:50:00,2019,11,25,15,50,26,26235,Av Mal Leclerc de Hauteclocque,44.37909,4.702042,Plein jour,En agglomération,Intersection en T,Normale,Deux véhicules - côté,4,2,2,0,1,1,1,5,1,50,2,2,1,0,1,0,16.0,36.0,deux_roues,voiture,1,2,3,1,3
201900007155,2019-11-26 07:35:00,2019,11,26,7,35,69,69204,108 Avenue Georges Clémenceau,45.698,4.7946,Crépuscule ou aube,En agglomération,Intersection en T,Normale,Deux véhicules - frontale,3,2,2,0,1,1,1,0,1,50,2,2,1,0,0,1,51.0,53.0,voiture,deux_roues,2,2,3,1,1
201900007156,2019-11-26 16:40:00,2019,11,26,16,40,81,81140,249 Avenue de Cocagne,43.705549,1.800797,Plein jour,En agglomération,Hors intersection,Temps éblouissant,Deux véhicules - arrière,4,2,2,0,1,1,1,0,1,50,2,2,1,1,0,0,51.0,88.0,voiture,deux_roues,1,2,1,7,2
201900007157,2019-11-25 21:30:00,2019,11,25,21,30,17,17099,route de corignac,45.257186,-0.37418,Nuit sans éclairage public,Hors agglomération,Hors intersection,Normale,Autre collision,4,2,2,0,1,2,1,0,3,80,1,1,0,0,1,0,20.0,,voiture,,3,1,1,1,6
201900007158,2019-11-25 15:40:00,2019,11,25,15,40,16,16320,,45.748525,0.040083,Plein jour,Hors agglomération,Hors intersection,Temps couvert,Deux véhicules - frontale,3,2,2,0,2,1,1,0,1,80,2,2,0,0,1,1,31.0,67.0,utilitaire_camion,voiture,1,1,1,8,1
201900007159,2019-11-25 18:15:00,2019,11,25,18,15,33,33273,20 Avenue de Nauplie,44.845044,-0.79493,Nuit avec éclairage allumé,En agglomération,Intersection en T,Temps couvert,Deux véhicules - côté,4,2,2,0,1,1,2,0,1,50,2,2,1,0,1,0,24.0,15.0,voiture,deux_roues,5,2,3,8,3
201900007160,2019-11-21 16:30:00,2019,11,21,16,30,85,85009,D115,46.41612,-0.86388,Plein jour,Hors agglomération,Intersection en T,Pluie légère,Deux véhicules - arrière,3,2,2,0,1,1,2,0,1,80,2,2,1,0,0,1,47.0,59.0,voiture,voiture,1,1,3,2,2
201900007161,2019-11-26 17:45:00,2019,11,26,17,45,76,76289,Rue de Caudebec,49.563252,0.825935,Nuit sans éclairage public,Hors agglomération,Hors intersection,Normale,Deux véhicules - frontale,3,2,2,0,1,1,2,0,1,80,2,2,1,0,1,0,87.0,62.0,voiture,utilitaire_camion,3,1,1,1,1
201900007162,2019-11-26 01:59:00,2019,11,26,1,59,60,60446,N2 pk 08.000   sens paris soissons,49.1313627,2.7957221,Nuit sans éclairage public,Hors agglomération,Hors intersection,Pluie légère,Sans collision,2,3,4,0,1,1,2,0,1,110,1,1,0,0,0,1,31.0,,voiture,,3,1,1,2,7
201900007163,2019-11-25 09:35:00,2019,11,25,9,35,13,13071,A7-Sens Lyon vers Marseille,43.40692,5.33178,Plein jour,Hors agglomération,Hors intersection,Normale,Deux véhicules - arrière,1,1,3,0,1,1,1,0,1,110,2,3,2,0,0,1,23.0,25.0,utilitaire_camion,utilitaire_camion,1,1,1,1,2
201900007164,2019-11-25 10:00:00,2019,11,25,10,0,13,13117,A7-Sens Lyon vers Marseille,43.444705,5.243867,Plein jour,En agglomération,Hors intersection,Normale,Trois véhicules et plus - en chaîne,1,3,3,0,1,1,1,0,1,110,3,3,2,0,0,1,53.0,45.0,voiture,voiture,1,2,1,1,4
201900007165,2019-11-24 23:45:00,2019,11,24,23,45,13,13210,S10CD-Sens Aubagne vers Marseille,43.2829462,5.3934208,Nuit sans éclairage public,Hors agglomération,Hors intersection,Temps couvert,Autre collision,1,3,3,0,2,2,2,0,1,40,1,3,0,0,0,3,20.0,,voiture,,3,1,1,8,6
201900007166,2019-11-14 02:20:00,2019,11,14,2,20,59,59343,AUTOROUTE A22,50.6,3.11,Nuit sans éclairage public,Hors agglomération,Hors intersection,Normale,Trois véhicules et plus - collisions multiples,1,3,2,0,1,1,1,0,1,90,3,3,2,0,1,0,58.0,41.0,voiture,voiture,3,1,1,1,5
201900007167,2019-11-25 18:25:00,2019,11,25,18,25,94,94021,AUTOROUTE A6A,48.76268,2.34109,Nuit avec éclairage allumé,Hors agglomération,Hors intersection,Pluie légère,Deux véhicules - côté,1,1,12,0,1,1,2,0,1,110,2,2,1,0,0,1,36.0,20.0,voiture,deux_roues,5,1,1,2,3
201900007168,2019-11-25 07:49:00,2019,11,25,7,49,91,91692,RN 118,48.68434,2.189531,Crépuscule ou aube,Hors agglomération,Hors intersection,Temps couvert,Deux véhicules - arrière,2,1,1,0,2,1,2,3,1,50,2,2,1,0,0,1,54.0,39.0,voiture,voiture,2,1,1,8,2
201900007169,2019-11-25 06:57:00,2019,11,25,6,57,94,94065,AUTOROUTE A106,48.75324,2.35294,Nuit avec éclairage non allumé,Hors agglomération,Hors intersection,Normale,Deux véhicules - arrière,1,3,4,0,1,1,1,0,1,110,2,2,1,1,0,0,29.0,33.0,utilitaire_camion,voiture,4,1,1,1,2
201900007170,2019-11-23 19:15:00,2019,11,23,19,15,93,93066,AUTOROUTE A1,48.90878,2.35841,Nuit sans éclairage public,Hors agglomération,Hors intersection,Normale,Deux véhicules - côté,1,3,8,0,1,1,2,1,1,90,2,2,1,0,0,1,46.0,47.0,utilitaire_camion,voiture,3,1,1,1,3
201900007171,2019-11-23 14:40:00,2019,11,23,14,40,93,93027,BDL,48.92653,2.4031,Plein jour,Hors agglomération,Hors intersection,Pluie légère,Autre collision,1,1,2,0,3,2,2,2,1,50,1,1,0,0,0,1,24.0,,voiture,,1,1,1,2,6
201900007172,2019-11-25 17:50:00,2019,11,25,17,50,93,93051,A4,48.83521,2.57011,Nuit sans éclairage public,Hors agglomération,Hors intersection,Normale,Trois véhicules et plus - en chaîne,1,3,9,0,1,1,1,0,1,110,3,4,3,0,0,1,36.0,38.0,voiture,utilitaire_camion,3,1,1,1,4
201900007173,2019-11-25 14:25:00,2019,11,25,14,25,77,77294,A104,48.97051,2.57087,Plein jour,Hors agglomération,Hors intersection,Normale,Autre collision,1,3,6,0,1,1,1,0,1,90,3,3,2,0,0,1,25.0,38.0,utilitaire_camion,utilitaire_camion,1,1,1,1,6
201900007174,2019-11-25 07:00:00,2019,11,25,7,0,77,77175,RN104,48.668,2.6122,Nuit sans éclairage public,Hors agglomération,Hors intersection,Temps couvert,Autre collision,2,-1,3,0,1,1,2,0,1,90,5,5,3,0,0,2,48.0,49.0,voiture,voiture,3,1,1,8,6
201900007175,2019-11-24 09:15:00,2019,11,24,9,15,94,94052,A4,48.8265643,2.4666023,Plein jour,Hors agglomération,Hors intersection,Normale,Deux véhicules - arrière,1,1,4,0,1,3,1,0,1,90,2,3,1,0,0,2,21.0,52.0,voiture,voiture,1,1,1,1,2
201900007176,2019-11-24 04:50:00,2019,11,24,4,50,94,94018,A4,48.82509,2.3931,Nuit avec éclairage allumé,Hors agglomération,Autre intersection,Temps couvert,Trois véhicules et plus - en chaîne,1,1,4,0,1,1,1,3,1,70,3,6,0,0,1,5,24.0,42.0,voiture,voiture,5,1,9,8,4
201900007177,2019-11-23 12:40:00,2019,11,23,12,40,974,97409,CAMBUSTON (rue de),-20.93254,55.64787,Plein jour,En agglomération,Autre intersection,Normale,Deux véhicules - arrière,3,2,2,0,1,1,1,9,1,50,2,2,1,0,0,1,32.0,39.0,deux_roues,voiture,1,2,9,1,2
201900007178,2019-11-24 21:30:00,2019,11,24,21,30,69,69383,PINEL                               (BD),45.7521,4.896,Nuit avec éclairage allumé,En agglomération,Intersection en T,Normale,Deux véhicules - côté,4,1,0,0,1,1,1,0,1,50,2,4,2,0,0,2,24.0,31.0,voiture,voiture,5,2,3,1,3
201900007179,2019-11-25 00:00:00,2019,11,25,0,0,972,97213,ROUTE DEPARTEMENTALE 14,14.61754,-61.02116,Nuit avec éclairage allumé,En agglomération,Autre intersection,Pluie légère,Autre collision,3,-1,2,0,2,3,2,2,1,50,1,2,0,0,0,2,71.0,,voiture,,5,2,9,2,6
201900007180,2019-11-24 05:30:00,2019,11,24,5,30,69,69081,BON PASTEUR (DU)                  AV,45.7868,4.77697,Nuit avec éclairage allumé,En agglomération,Giratoire,Pluie légère,Sans collision,4,1,2,0,2,1,2,0,1,50,1,1,0,0,0,1,34.0,,deux_roues,,5,2,6,2,7
201900007181,2019-11-24 15:40:00,2019,11,24,15,40,2A,2A004,VAZZIO HAUTS DU HLM,41.934988,8.7877044,Plein jour,En agglomération,Hors intersection,Normale,Autre collision,4,2,2,0,2,2,9,0,1,50,1,1,0,0,0,1,29.0,,voiture,,1,2,1,1,6
201900007182,2019-11-24 03:50:00,2019,11,24,3,50,91,91692,CD35,48.67556,2.19229,Nuit sans éclairage public,Hors agglomération,Giratoire,Brouillard / fumée,Autre collision,2,2,4,0,2,1,2,3,8,70,1,1,0,0,0,1,30.0,,voiture,,3,1,6,5,6
201900007183,2019-11-24 15:25:00,2019,11,24,15,25,91,91027,DUNANT (AVENUE HENRI),48.71045,2.3872,Plein jour,En agglomération,Hors intersection,Normale,Deux véhicules - arrière,4,2,2,0,1,1,1,0,1,50,2,2,1,0,0,1,41.0,35.0,voiture,deux_roues,1,2,1,1,2
201900007184,2019-11-22 16:34:00,2019,11,22,16,34,91,91425,NATIONALE 20 (ROUTE),48.643123,2.269388,Plein jour,En agglomération,Hors intersection,Normale,Trois véhicules et plus - en chaîne,4,3,4,0,1,1,1,0,1,50,3,4,1,0,0,3,19.0,29.0,voiture,voiture,1,2,1,1,4
201900007185,2019-11-24 06:40:00,2019,11,24,6,40,78,78551,BERLIOZ (BD HECTOR),48.89381,2.06712,Nuit avec éclairage allumé,En agglomération,Intersection en X,Normale,Deux véhicules - côté,4,2,2,0,1,1,1,0,1,50,2,1,0,0,0,1,34.0,,voiture,,5,2,2,1,3
201900007186,2019-11-24 14:40:00,2019,11,24,14,40,77,77292,D404 X D139-MOULIGNON (RUE DE),48.9670993,2.6988566,Plein jour,En agglomération,Intersection en X,Normale,Deux véhicules - côté,3,2,2,0,1,1,1,5,1,50,2,2,1,0,0,1,28.0,15.0,voiture,deux_roues,1,2,2,1,3
201900007187,2019-11-24 05:30:00,2019,11,24,5,30,77,77276,JEAN SERVA (RUE),48.93889,2.87929,Nuit avec éclairage allumé,En agglomération,Hors intersection,Normale,Deux véhicules - arrière,4,2,2,0,1,1,1,0,1,50,2,3,1,0,0,2,22.0,,voiture,,5,2,1,1,2
201900007188,2019-10-25 11:00:00,2019,10,25,11,0,68,68066,FRIBOURG (AVENUE DE),48.069505,7.360464,Plein jour,En agglomération,Intersection en X,Normale,Autre collision,4,2,2,0,1,1,1,0,1,50,1,3,1,0,1,1,73.0,,voiture,,1,2,2,1,6
201900007189,2019-11-24 20:00:00,2019,11,24,20,0,64,64102,ARITXAGUE (ROUTE D'),43.4731713,-1.4898258,Nuit avec éclairage allumé,En agglomération,Hors intersection,Temps couvert,Sans collision,3,3,4,0,2,2,2,9,1,70,1,2,0,0,0,2,18.0,,voiture,,5,2,1,8,7
201900007190,2019-11-23 22:11:00,2019,11,23,22,11,60,60414,REPUBLIQUE (RUE DE LA),49.2573804,2.4293035,Nuit avec éclairage allumé,En agglomération,Hors intersection,Normale,Autre collision,4,2,2,0,1,1,2,0,1,50,1,1,0,0,0,1,28.0,,autre,,5,2,1,1,6
201900007191,2019-11-24 08:30:00,2019,11,24,8,30,59,59279,LINSELLES (ROUTE DE),50.7796722,3.1172258,Crépuscule ou aube,En agglomération,Intersection en X,Brouillard / fumée,Deux véhicules - côté,4,2,2,0,1,1,1,0,1,50,2,5,3,0,0,2,20.0,47.0,voiture,voiture,2,2,2,5,3
201900007192,2019-11-24 03:35:00,2019,11,24,3,35,51,51454,BOULEVARD DE LA PAIX,49.2524677,4.0414888,Nuit avec éclairage allumé,En agglomération,Hors intersection,Normale,Sans collision,4,2,4,0,1,1,1,0,1,50,1,1,0,0,0,1,,,,,5,2,1,1,7
201900007193,2019-11-24 05:00:00,2019,11,24,5,0,51,51108,PLACE MONSEIGNEUR TISSIER,48.9575934,4.3642155,Nuit avec éclairage allumé,En agglomération,Giratoire,Normale,Sans collision,4,1,2,0,1,1,1,0,1,50,1,2,0,0,1,1,22.0,,voiture,,5,2,6,1,7
201900007194,2019-11-23 18:50:00,2019,11,23,18,50,44,44162,RUE DU MOULIN DE LA ROUSSELIERE,47.2298,-1.6394,Nuit avec éclairage allumé,En agglomération,Hors intersection,Normale,Deux véhicules - côté,4,2,2,0,1,1,1,0,1,50,2,4,2,0,0,2,34.0,23.0,voiture,voiture,5,2,1,1,3
201900007195,2019-11-24 17:16:00,2019,11,24,17,16,37,37261,HUGO (RUE VICTOR),47.3854888,0.6697764,Crépuscule ou aube,En agglomération,Hors intersection,Normale,Autre collision,4,1,1,0,1,1,1,0,1,50,1,1,0,0,0,1,46.0,,deux_roues,,2,2,1,1,6
201900007196,2019-11-24 18:35:00,2019,11,24,18,35,35,35238,CUCILLE (AVENUE DE),48.12845,-1.69982,Crépuscule ou aube,En agglomération,Hors intersection,Normale,Deux véhicules - arrière,4,2,2,0,1,1,1,0,1,50,2,2,1,0,0,1,52.0,15.0,voiture,deux_roues,2,2,1,1,2
201900007197,2019-11-23 23:00:00,2019,11,23,23,0,33,33063,BRANDENBURG (BD ALBERT),44.87608,-0.55175,Nuit avec éclairage allumé,En agglomération,Autre intersection,Normale,Autre collision,4,-1,4,2,1,3,1,0,1,50,1,2,1,0,0,1,24.0,,voiture,,5,2,9,1,6
201900007198,2019-11-23 16:45:00,2019,11,23,16,45,13,13215,SAINT ANTOINE (AVENUE DE),43.367191,5.356589,Plein jour,En agglomération,Giratoire,Pluie légère,Deux véhicules - arrière,3,1,1,0,2,3,2,9,1,50,2,3,0,0,0,3,29.0,,voiture,,1,2,6,2,2
201900007199,2019-11-22 20:35:00,2019,11,22,20,35,4,04112,Bd Charles De Gaulle,43.82975,5.78767,Nuit avec éclairage allumé,En agglomération,Hors intersection,Pluie forte,Autre collision,4,2,1,0,1,1,2,0,1,50,1,2,1,0,1,0,45.0,,voiture,,5,2,1,3,6
201900007200,2019-11-24 19:05:00,2019,11,24,19,5,75,75119,BD PERIPHERIQUE EXTERIEUR,48.894488,2.39504,Nuit avec éclairage allumé,En agglomération,Hors intersection,Normale,Deux véhicules - côté,4,1,4,0,1,1,1,0,1,70,2,2,1,0,0,1,25.0,23.0,voiture,deux_roues,5,2,1,1,3
201900007201,2019-11-24 18:35:00,2019,11,24,18,35,75,75119,SENTE DES DOREES,48.887025,2.393788,Nuit avec éclairage allumé,En agglomération,Intersection en Y,Normale,Autre collision,4,2,2,-1,1,1,1,0,1,30,1,2,1,0,0,1,48.0,,voiture,,5,2,4,1,6
201900007202,2019-11-24 11:40:00,2019,11,24,11,40,75,75118,RUE DU POTEAU,48.897223,2.3379758,Plein jour,En agglomération,Intersection en Y,Normale,Autre collision,4,2,3,0,1,1,1,0,4,50,1,1,0,0,0,1,,,,,1,2,4,1,6
201900007203,2019-11-24 15:40:00,2019,11,24,15,40,75,75117,RUE ANDRE BRECHET,48.89891,2.325274,Plein jour,En agglomération,Hors intersection,Normale,Autre collision,4,1,1,0,1,1,1,0,1,30,1,3,2,0,0,1,26.0,,voiture,,1,2,1,1,6
201900007204,2019-11-24 21:40:00,2019,11,24,21,40,75,75116,AVENUE DE NEW YORK,48.862558,2.293904,Nuit avec éclairage allumé,En agglomération,Hors intersection,Normale,Deux véhicules - arrière,4,2,4,3,1,1,1,0,1,50,2,3,2,0,0,1,21.0,43.0,voiture,voiture,5,2,1,1,2
201900007205,2019-11-24 14:45:00,2019,11,24,14,45,75,75116,ROUTE DE LA SEINE A LA BUTTE MORTEMART,48.851771,2.23295,Plein jour,En agglomération,Hors intersection,Normale,Deux véhicules - arrière,4,2,2,0,1,3,1,0,1,50,2,2,1,0,0,1,76.0,58.0,deux_roues,deux_roues,1,2,1,1,2
201900007206,2019-11-24 01:50:00,2019,11,24,1,50,75,75112,BOULEVARD PONIATOWSKI,48.832093,2.398309,Nuit avec éclairage non allumé,En agglomération,Hors intersection,Normale,Autre collision,4,3,2,0,1,1,1,0,1,50,1,2,1,0,0,1,52.0,,voiture,,4,2,1,1,6
201900007207,2019-11-24 18:15:00,2019,11,24,18,15,75,75111,BOULEVARD VOLTAIRE,48.861239,2.374368,Nuit sans éclairage public,En agglomération,Hors intersection,Normale,Autre collision,4,2,4,-1,1,1,1,0,1,30,1,2,1,0,0,1,46.0,,voiture,,3,2,1,1,6
201900007208,2019-11-24 17:45:00,2019,11,24,17,45,75,75107,RUE DE BELGRADE,48.8554,2.30137,Crépuscule ou aube,En agglomération,Intersection en T,Normale,Sans collision,4,1,1,0,1,1,1,0,1,30,1,1,0,0,0,1,25.0,,deux_roues,,2,2,3,1,7
201900007209,2019-11-24 18:05:00,2019,11,24,18,5,75,75107,QUAI BRANLY,48.8589683,2.2933789,Nuit avec éclairage allumé,En agglomération,Intersection en X,Normale,Deux véhicules - côté,4,2,6,0,1,1,2,0,1,50,2,2,1,0,0,1,49.0,58.0,voiture,deux_roues,5,2,2,1,3
201900007210,2019-11-23 22:45:00,2019,11,23,22,45,75,75107,BOULEVARD SAINT GERMAIN,48.856962,2.324594,Nuit avec éclairage allumé,En agglomération,Intersection en Y,Normale,Autre collision,4,1,5,0,1,1,1,0,1,50,1,1,0,0,0,1,90.0,,voiture,,5,2,4,1,6
201900007211,2019-11-23 09:50:00,2019,11,23,9,50,75,75107,BOULEVARD RASPAIL,48.8547145,2.3259926,Plein jour,En agglomération,Intersection en Y,Pluie légère,Deux véhicules - côté,4,2,4,0,1,1,2,0,1,50,2,3,2,0,0,1,26.0,22.0,utilitaire_camion,deux_roues,1,2,4,2,3
201900007212,2019-11-24 17:10:00,2019,11,24,17,10,75,75103,PLACE DE LA REPUBLIQUE,48.8667181,2.3644606,Crépuscule ou aube,En agglomération,Hors intersection,Normale,Autre collision,4,2,6,0,1,1,1,0,1,30,1,2,1,0,1,0,25.0,,voiture,,2,2,1,1,6
201900007213,2019-11-23 21:15:00,2019,11,23,21,15,75,75102,RUE DE CLERY,48.8689464,2.3494693,Nuit avec éclairage allumé,En agglomération,Intersection en T,Normale,Deux véhicules - côté,4,2,2,1,3,1,1,0,5,30,2,1,0,0,0,1,25.0,,deux_roues,,5,2,3,1,3
201900007214,2019-11-24 14:30:00,2019,11,24,14,30,93,93049,COMMANDANT RAYNAL (RUE),48.857059,2.501485,Plein jour,En agglomération,Intersection en X,Normale,Deux véhicules - côté,4,2,2,0,1,1,1,0,1,50,2,2,1,0,0,1,25.0,40.0,utilitaire_camion,utilitaire_camion,1,2,2,1,3
201900007215,2019-11-24 17:10:00,2019,11,24,17,10,93,93074,MEAUX RUE DE,48.9367255,2.5846886,Plein jour,En agglomération,Hors intersection,Normale,Deux véhicules - frontale,3,2,3,0,1,1,1,0,1,50,2,2,1,0,0,1,21.0,52.0,deux_roues,voiture,1,2,1,1,1
201900007216,2019-11-24 00:55:00,2019,11,24,0,55,92,92026,VERDUN (DE 62 A FIN),48.90041,2.26077,Nuit avec éclairage allumé,En agglomération,Intersection en X,Normale,Deux véhicules - côté,3,2,2,0,1,1,2,0,1,50,2,3,2,0,0,1,44.0,21.0,voiture,deux_roues,5,2,2,1,3
201900007217,2019-11-22 18:10:00,2019,11,22,18,10,92,92025,PRÉSIDENT PAUL DOUMER (QUAI DU),48.922578,2.2633445,Nuit avec éclairage allumé,En agglomération,Hors intersection,Pluie légère,Deux véhicules - arrière,4,2,2,0,1,1,1,0,1,50,2,2,1,0,0,1,47.0,61.0,voiture,voiture,5,2,1,2,2
201900007218,2019-11-24 18:45:00,2019,11,24,18,45,52,52183,D1,48.20888,5.374195,Nuit sans éclairage public,Hors agglomération,Hors intersection,Normale,Autre collision,3,2,2,0,1,1,2,0,3,80,1,1,0,0,0,1,20.0,,voiture,,3,1,1,1,6
201900007219,2019-11-25 08:41:00,2019,11,25,8,41,71,71576,"A6, PK360+700 sens Paris Lyon",46.5392431,4.919343,Plein jour,Hors agglomération,Hors intersection,Normale,Deux véhicules - arrière,1,1,3,0,1,1,2,0,1,130,2,3,1,0,1,1,31.0,54.0,voiture,utilitaire_camion,1,1,1,1,2
201900007220,2019-11-24 15:47:00,2019,11,24,15,47,11,11353,chemin du vignoble,43.259933,2.915261,Plein jour,Hors agglomération,Intersection en X,Normale,Deux véhicules - côté,4,2,2,0,1,1,1,0,1,80,2,4,1,0,1,2,52.0,19.0,voiture,voiture,1,1,2,1,3
201900007221,2019-11-25 06:05:00,2019,11,25,6,5,12,12291,A75,44.191617,3.059571,Nuit sans éclairage public,Hors agglomération,Hors intersection,Normale,Deux véhicules - arrière,1,3,4,3,4,1,1,0,1,130,2,6,1,0,4,1,24.0,56.0,utilitaire_camion,utilitaire_camion,3,1,1,1,2
201900007222,2019-11-23 00:20:00,2019,11,23,0,20,77,77182,D934 X VC,48.7840504,3.2848994,Nuit avec éclairage allumé,Hors agglomération,Intersection en T,Pluie légère,Deux véhicules - frontale,3,2,2,0,2,1,2,0,1,70,2,2,1,1,0,0,31.0,35.0,voiture,voiture,5,1,3,2,1
201900007223,2019-11-24 19:00:00,2019,11,24,19,0,56,56081,D782,48.035976,-3.651375,Nuit sans éclairage public,Hors agglomération,Hors intersection,Pluie forte,Autre collision,3,2,2,0,1,1,2,0,1,80,1,3,0,0,2,1,51.0,,voiture,,3,1,1,3,6
201900007224,2019-11-24 22:20:00,2019,11,24,22,20,79,79171,Giratoire de la Croix d'Ingand,46.998822,-0.28484,Nuit sans éclairage public,Hors agglomération,Giratoire,Pluie légère,Autre collision,3,2,2,0,1,1,2,9,3,70,1,1,0,0,0,1,41.0,,voiture,,3,1,6,2,6
201900007225,2019-11-25 05:45:00,2019,11,25,5,45,80,80765,D29,50.030574,1.684571,Nuit sans éclairage public,Hors agglomération,Hors intersection,Normale,Deux véhicules - frontale,3,2,2,0,1,1,1,0,1,80,2,2,0,0,2,0,34.0,45.0,voiture,voiture,3,1,1,1,1
201900007226,2019-11-23 17:50:00,2019,11,23,17,50,80,80588,D925,50.116172,1.891799,Crépuscule ou aube,Hors agglomération,Hors intersection,Normale,Deux véhicules - côté,3,2,2,0,3,1,1,0,1,80,2,3,2,0,0,1,36.0,53.0,autre,voiture,2,1,1,1,3
201900007227,2019-11-23 13:40:00,2019,11,23,13,40,65,65375,5 Rue des Bourdalats,43.385244,0.151706,Plein jour,En agglomération,Intersection en X,Pluie forte,Deux véhicules - arrière,3,2,2,0,1,1,2,0,1,50,2,6,5,0,0,1,54.0,36.0,voiture,voiture,1,2,2,3,2