accident_id,datetime,annee,mois,jour,heure,minute,departement,commune_insee,adresse,latitude,longitude,luminosite,agglomeration,intersection,meteo,collision,catr,circ,nbv,vosp,prof,plan,surf,infra,situ,vma,nb_vehicules,nb_usagers,nb_indemnes,nb_tues,nb_blesses_hosp,nb_blesses_legers,age_cond_1,age_cond_2,veh_type_cond_1,veh_type_cond_2,lum_code,agg_code,int_code,atm_code,col_code
201900007318,2019-07-07 15:40:00,2019,7,7,15,40,75,75111,BOULEVARD DE CHARONNE,48.853216,2.396782,Plein jour,En agglomération,Hors intersection,Normale,Autre collision,4,3,2,0,1,1,1,0,1,50,1,2,1,0,0,1,26.0,,voiture,,1,2,1,1,6
201900007319,2019-07-07 19:55:00,2019,7,7,19,55,75,75107,QUAI D ORSAY,48.862574,2.310396,Plein jour,En agglomération,Intersection en X,Normale,Deux véhicules - côté,4,2,4,2,1,1,1,8,5,50,2,2,1,0,0,1,33.0,37.0,deux_roues,voiture,1,2,2,1,3
201900007320,2019-07-07 02:50:00,2019,7,7,2,50,75,75104,QUAI DE L HOTEL DE VILLE,48.855998,2.350889,Nuit avec éclairage allumé,En agglomération,Intersection en X,Normale,Autre collision,4,1,4,0,1,1,1,5,1,50,1,2,0,0,0,2,34.0,,deux_roues,,5,2,2,1,6
201900007321,2019-07-07 20:45:00,2019,7,7,20,45,75,75104,BOULEVARD MORLAND,48.847466,2.365532,Plein jour,En agglomération,Intersection en X,Normale,Autre collision,4,1,2,0,1,1,1,0,1,50,1,2,1,0,0,1,22.0,,voiture,,1,2,2,1,6
201900007322,2019-07-06 07:00:00,2019,7,6,7,0,94,94068,FOCH (AV),48.80176,2.49,Plein jour,En agglomération,Hors intersection,Normale,Trois véhicules et plus - collisions multiples,3,2,2,0,1,1,1,0,1,50,4,5,3,0,0,2,28.0,24.0,voiture,voiture,1,2,1,1,5
201900007323,2019-07-07 04:15:00,2019,7,7,4,15,94,94070,MANDRES (RTE DE),48.71966,2.56589,Nuit avec éclairage allumé,En agglomération,Hors intersection,Normale,Autre collision,3,2,2,0,1,1,1,0,1,50,1,1,0,0,1,0,,,,,5,2,1,1,6
201900007324,2019-07-07 20:05:00,2019,7,7,20,5,93,93072,BOIS MOUSSAY (AVENUE DU),48.9558,2.3686,Plein jour,En agglomération,Hors intersection,Normale,Deux véhicules - côté,4,2,0,0,1,1,1,9,1,50,2,3,1,0,0,2,42.0,27.0,voiture,voiture,1,2,1,1,3
201900007325,2019-07-07 14:45:00,2019,7,7,14,45,93,93079,EDOUARD VAILLANT,48.9629,2.34677,Plein jour,En agglomération,Hors intersection,Normale,Deux véhicules - côté,4,2,2,0,2,1,1,0,1,50,2,3,1,0,0,2,18.0,36.0,voiture,transport_commun,1,2,1,1,3
201900007326,2019-07-07 21:30:00,2019,7,7,21,30,93,93029,ANATOLE FRANCE,48.928,2.4519,Crépuscule ou aube,En agglomération,Intersection en T,Normale,Deux véhicules - côté,4,2,2,0,1,1,1,0,1,50,2,2,1,0,0,1,37.0,29.0,voiture,deux_roues,2,2,3,1,3
201900007327,2019-07-07 11:50:00,2019,7,7,11,50,93,93027,17 octobre 1961,48.92702,2.37936,Plein jour,En agglomération,Intersection en T,Normale,Deux véhicules - côté,3,2,2,0,1,1,1,0,3,50,2,2,1,0,0,1,21.0,40.0,deux_roues,voiture,1,2,3,1,3
201900007328,2019-07-07 17:30:00,2019,7,7,17,30,93,93047,JEAN JAURES (AVENUE),48.89828,2.5549,Plein jour,En agglomération,Intersection en T,Normale,Deux véhicules - côté,3,2,2,2,1,1,1,0,1,50,2,3,2,0,0,1,35.0,21.0,voiture,utilitaire_camion,1,2,3,1,3
201900007329,2019-07-07 16:30:00,2019,7,7,16,30,93,93010,GUESDES (RUE JULES),48.904021,2.474653,Plein jour,En agglomération,Hors intersection,Normale,Deux véhicules - frontale,3,-1,1,0,1,1,1,0,1,50,2,2,1,0,0,1,38.0,41.0,voiture,deux_roues,1,2,1,1,1
201900007330,2019-07-07 11:25:00,2019,7,7,11,25,93,93057,HUGO (AV. VICTOR),48.90945,2.51517,Plein jour,En agglomération,Hors intersection,Normale,Deux véhicules - arrière,4,1,2,0,1,1,1,0,1,50,2,3,2,0,0,1,61.0,41.0,voiture,voiture,1,2,1,1,2
201900007331,2019-07-06 23:50:00,2019,7,6,23,50,92,92036,BAS (RUE DES) (64 AU 76),48.9132757,2.2974613,Nuit avec éclairage allumé,En agglomération,Hors intersection,Normale,Sans collision,3,2,4,0,1,1,1,0,1,50,1,2,0,0,0,2,36.0,,deux_roues,,5,2,1,1,7
201900007332,2019-07-06 15:50:00,2019,7,6,15,50,92,92036,MARCEL PAUL (AVENUE) (1/103),48.9369288,2.3039439,Plein jour,En agglomération,Giratoire,Normale,Deux véhicules - arrière,3,3,4,0,1,1,1,0,1,50,2,3,2,0,0,1,42.0,18.0,voiture,voiture,1,2,6,1,2
201900007333,2019-07-05 19:00:00,2019,7,5,19,0,92,92036,GRESILLONS (AVENUE DES) (141/215),48.91785,2.30842,Plein jour,En agglomération,Hors intersection,Normale,Deux véhicules - côté,3,2,2,0,1,1,1,0,1,50,2,3,1,0,0,2,47.0,29.0,deux_roues,voiture,1,2,1,1,3
201900007334,2019-07-05 14:40:00,2019,7,5,14,40,92,92036,ARGENTEUIL (AVENUE D'),48.93917,2.25619,Plein jour,En agglomération,Intersection en T,Normale,Deux véhicules - arrière,3,2,4,0,1,1,1,0,1,50,2,3,2,0,0,1,17.0,28.0,voiture,deux_roues,1,2,3,1,2
201900007335,2019-07-06 20:10:00,2019,7,6,20,10,2A,2A249,rue du collège,41.674304,8.900665,Plein jour,En agglomération,Hors intersection,Normale,Autre collision,4,1,2,0,1,1,1,0,1,50,2,2,1,0,1,0,31.0,44.0,deux_roues,voiture,1,2,1,1,6
201900007336,2019-07-08 09:30:00,2019,7,8,9,30,95,95205,RD 316,49.025464,2.387059,Plein jour,Hors agglomération,Hors intersection,Normale,Deux véhicules - côté,3,2,3,0,1,1,1,5,1,70,2,2,1,0,1,0,56.0,20.0,utilitaire_camion,voiture,1,1,1,1,3
201900007337,2019-07-06 04:00:00,2019,7,6,4,0,17,17214,N150,45.704258,-0.778265,Nuit sans éclairage public,Hors agglomération,Hors intersection,Normale,Sans collision,2,3,4,0,1,1,1,0,2,110,1,1,0,0,1,0,25.0,,deux_roues,,3,1,1,1,7
201900007338,2019-07-06 15:30:00,2019,7,6,15,30,95,95487,Avenue Jacques Vogt,49.15591,2.266505,Plein jour,En agglomération,Hors intersection,Temps éblouissant,Autre collision,3,2,2,0,1,1,1,0,1,50,1,3,1,0,0,2,21.0,,voiture,,1,2,1,7,6
201900007339,2019-06-26 01:04:00,2019,6,26,1,4,31,31044,13 Rue Pierre Latecoère,43.609568,1.497847,Nuit avec éclairage allumé,En agglomération,Hors intersection,Normale,Autre collision,9,2,2,0,4,2,1,9,4,50,1,1,0,0,1,0,,,deux_roues,,5,2,1,1,6
201900007340,2019-07-08 06:50:00,2019,7,8,6,50,28,28211,Rue du Clos des Abbés,48.147433,1.265256,Plein jour,Hors agglomération,Hors intersection,Normale,Deux véhicules - côté,3,2,2,0,1,4,1,0,1,80,2,3,2,0,1,0,30.0,24.0,deux_roues,voiture,1,1,1,1,3
201900007341,2019-07-08 01:15:00,2019,7,8,1,15,67,67115,RD 81,48.297521,7.473005,Nuit sans éclairage public,Hors agglomération,Hors intersection,Normale,Sans collision,3,2,1,0,1,1,1,0,3,80,1,1,0,0,1,0,30.0,,deux_roues,,3,1,1,1,7
201900007342,2019-07-06 08:30:00,2019,7,6,8,30,27,27507,D 32,48.910697,1.25356,Plein jour,Hors agglomération,Intersection en X,Normale,Deux véhicules - frontale,3,2,2,0,1,1,1,0,1,80,2,2,0,0,1,1,56.0,24.0,voiture,voiture,1,1,2,1,1
201900007343,2019-07-08 19:55:00,2019,7,8,19,55,23,23154,RD4,46.16197,2.044363,Plein jour,Hors agglomération,Hors intersection,Normale,Deux véhicules - frontale,3,2,2,0,1,1,1,5,1,80,2,2,1,0,0,1,19.0,40.0,voiture,deux_roues,1,1,1,1,1
201900007344,2019-07-08 14:15:00,2019,7,8,14,15,64,64410,Avenue Henri IV,43.3716215,-0.6309174,Plein jour,En agglomération,Autre intersection,Temps couvert,Autre collision,3,2,2,0,2,1,1,0,1,50,1,2,1,0,0,1,56.0,,voiture,,1,2,9,8,6
201900007345,2019-07-07 19:40:00,2019,7,7,19,40,12,12057,Lieu-dit La Pendarie,44.19314,2.527548,Crépuscule ou aube,Hors agglomération,Intersection en X,Normale,Deux véhicules - côté,3,2,2,0,1,1,1,0,1,80,2,3,0,1,0,2,61.0,60.0,voiture,deux_roues,2,1,2,1,3
201900007346,2019-07-08 07:00:00,2019,7,8,7,0,54,54138,D618,49.511998,5.72269,Plein jour,Hors agglomération,Hors intersection,Normale,Deux véhicules - frontale,3,2,2,0,1,1,1,0,1,-1,2,3,0,0,0,3,49.0,39.0,voiture,voiture,1,1,1,1,1
201900007347,2019-07-08 00:57:00,2019,7,8,0,57,22,22246,RN 12 PR 45+500,48.4769631,-2.6127773,Nuit sans éclairage public,Hors agglomération,Hors intersection,Normale,Sans collision,2,3,4,0,1,1,1,0,1,110,1,1,0,0,1,0,62.0,,voiture,,3,1,1,1,7
201900007348,2019-07-08 01:15:00,2019,7,8,1,15,87,87201,RN 141 PK 46 SENS SAINT JUNIEN LIMOGES,45.86536,1.126874,Nuit sans éclairage public,Hors agglomération,Hors intersection,Normale,Sans collision,2,3,4,0,1,2,1,0,3,110,1,2,0,0,1,1,29.0,,voiture,,3,1,1,1,7
201900007349,2019-07-08 07:10:00,2019,7,8,7,10,974,97410,RN 2,-21.024996,55.701982,Plein jour,Hors agglomération,Hors intersection,Normale,Trois véhicules et plus - collisions multiples,2,3,4,0,1,1,1,0,1,110,3,4,1,0,1,2,20.0,43.0,voiture,voiture,1,1,1,1,5
201900007350,2019-07-07 11:29:00,2019,7,7,11,29,34,34259,Autoroute A 750 Pk 11+600,43.632677,3.746508,Plein jour,Hors agglomération,Hors intersection,Normale,Autre collision,1,3,4,0,1,2,1,2,2,130,1,2,0,0,2,0,81.0,,voiture,,1,1,1,1,6
201900007351,2019-07-07 20:10:00,2019,7,7,20,10,74,74156,Route de Thonon,46.288324,6.42152,Plein jour,Hors agglomération,Hors intersection,Normale,Deux véhicules - côté,3,2,2,0,1,1,1,0,3,-1,2,3,2,0,1,0,50.0,38.0,deux_roues,voiture,1,1,1,1,3
201900007352,2019-07-02 11:30:00,2019,7,2,11,30,83,83116,chemin d'aix,43.455485,5.849731,Plein jour,En agglomération,Giratoire,Normale,Autre collision,3,3,2,0,1,3,1,0,1,50,1,2,1,0,1,0,74.0,,voiture,,1,2,6,1,6
201900007353,2019-07-02 12:20:00,2019,7,2,12,20,19,19213,Les Fontbelles,45.381497,1.669664,Plein jour,Hors agglomération,Intersection en T,Normale,Trois véhicules et plus - collisions multiples,3,2,2,0,4,1,1,0,1,80,3,3,1,0,1,1,47.0,31.0,voiture,voiture,1,1,3,1,5
201900007354,2019-07-07 20:20:00,2019,7,7,20,20,74,74208,rue Salavador Allende,45.9272581,6.7196964,Plein jour,En agglomération,Intersection en T,Normale,Autre collision,3,2,2,0,1,1,1,0,1,50,1,2,0,0,0,2,33.0,,voiture,,1,2,3,1,6
201900007355,2019-07-07 15:20:00,2019,7,7,15,20,74,74303,2275 Route d'Aviernoz,45.962596,6.215172,Plein jour,Hors agglomération,Hors intersection,Normale,Sans collision,3,2,2,0,1,2,1,0,3,50,1,3,1,0,2,0,41.0,,voiture,,1,1,1,1,7
201900007356,2019-07-08 15:35:00,2019,7,8,15,35,79,79277,,47.084534,-0.173743,Plein jour,Hors agglomération,Hors intersection,Normale,Deux véhicules - arrière,3,2,2,0,1,1,1,8,1,80,2,2,1,1,0,0,16.0,46.0,deux_roues,utilitaire_camion,1,1,1,1,2
201900007357,2019-07-06 22:30:00,2019,7,6,22,30,80,80443,Rue du Commandant Eard,49.844818,1.852935,Crépuscule ou aube,En agglomération,Hors intersection,Normale,Autre collision,4,1,1,0,2,1,1,0,1,50,1,1,0,0,1,0,53.0,,deux_roues,,2,2,1,1,6
201900007358,2019-07-07 21:25:00,2019,7,7,21,25,82,82149,D820,44.111081,1.473523,Plein jour,Hors agglomération,Hors intersection,Normale,Sans collision,3,2,2,0,1,1,1,0,3,80,1,1,0,0,1,0,52.0,,deux_roues,,1,1,1,1,7
201900007359,2019-07-07 22:20:00,2019,7,7,22,20,81,81084,Avenue du Bernazobre,43.500105,2.210988,Nuit avec éclairage allumé,En agglomération,Intersection en X,Normale,Deux véhicules - côté,3,2,2,0,1,1,1,9,1,50,2,4,3,0,1,0,51.0,17.0,voiture,deux_roues,5,2,2,1,3
201900007360,2019-07-08 07:00:00,2019,7,8,7,0,71,71535,D978 - Route de CHATAU CHINON,47.013841,4.23348,Plein jour,Hors agglomération,Hors intersection,Normale,Deux véhicules - frontale,3,2,2,0,2,1,1,0,1,80,2,2,0,0,0,2,15.0,20.0,voiture,voiture,1,1,1,1,1
201900007361,2019-07-08 12:30:00,2019,7,8,12,30,76,76394,D14,49.973356,1.534956,Plein jour,Hors agglomération,Hors intersection,Normale,Sans collision,3,2,2,0,1,2,1,0,1,80,1,2,0,1,1,0,33.0,,voiture,,1,1,1,1,7
201900007362,2019-07-07 20:30:00,2019,7,7,20,30,42,42264,D11,45.607718,4.375423,Crépuscule ou aube,Hors agglomération,Hors intersection,Temps couvert,Autre collision,3,2,2,0,2,3,2,2,8,80,1,1,0,1,0,0,30.0,,voiture,,2,1,1,8,6
201900007363,2019-07-08 13:10:00,2019,7,8,13,10,42,42312,Route Départementale 3,45.415307,4.08277,Plein jour,En agglomération,Intersection en X,Normale,Deux véhicules - côté,3,2,2,0,3,3,1,5,1,50,2,2,1,0,1,0,63.0,41.0,voiture,deux_roues,1,2,2,1,3
201900007364,2019-07-07 18:10:00,2019,7,7,18,10,42,42159,Route Départementale 1089,45.849295,3.737035,Plein jour,Hors agglomération,Hors intersection,Normale,Sans collision,3,2,2,0,1,2,1,0,3,80,1,3,0,0,1,2,21.0,,voiture,,1,1,1,1,7
201900007365,2019-07-07 08:00:00,2019,7,7,8,0,42,42313,Route de Montverdun,45.72979,4.02313,Plein jour,Hors agglomération,Hors intersection,Normale,Deux véhicules - frontale,3,2,2,0,1,1,1,0,1,80,2,2,0,0,1,1,21.0,59.0,voiture,voiture,1,1,1,1,1
201900007366,2019-07-04 16:55:00,2019,7,4,16,55,29,29140,Gorre Menez,48.402845,-4.317733,Plein jour,Hors agglomération,Hors intersection,Normale,Trois véhicules et plus - collisions multiples,3,2,2,0,1,1,1,0,1,70,3,3,2,0,0,1,41.0,59.0,voiture,voiture,1,1,1,1,5
201900007367,2019-07-07 10:45:00,2019,7,7,10,45,35,35360,Boulevard Pierre Landais,48.120574,-1.206482,Plein jour,En agglomération,Hors intersection,Autre,Deux véhicules - côté,4,2,2,2,1,1,1,0,1,30,2,2,1,0,0,1,81.0,22.0,voiture,deux_roues,1,2,1,9,3
201900007368,2019-07-07 17:40:00,2019,7,7,17,40,31,31570,d2,43.461791,1.819014,Plein jour,Hors agglomération,Hors intersection,Normale,Deux véhicules - frontale,3,2,2,0,2,3,1,0,1,80,2,9,0,0,1,8,70.0,64.0,voiture,voiture,1,1,1,1,1
201900007369,2019-07-08 08:15:00,2019,7,8,8,15,1,01094,4297 Route de Mantenay,46.42988,5.032337,Plein jour,Hors agglomération,Hors intersection,Normale,Autre collision,3,2,2,0,1,1,1,0,1,70,1,2,1,0,1,0,27.0,,voiture,,1,1,1,1,6
201900007370,2019-07-08 14:30:00,2019,7,8,14,30,26,26108,554 Les Seterées,44.736692,5.031833,Plein jour,En agglomération,Hors intersection,Normale,Deux véhicules - arrière,4,2,-1,0,3,1,1,0,1,30,2,2,1,0,1,0,14.0,40.0,deux_roues,voiture,1,2,1,1,2
201900007371,2019-07-08 16:20:00,2019,7,8,16,20,58,58153,rd 6,47.298869,3.754318,Plein jour,Hors agglomération,Hors intersection,Normale,Sans collision,3,2,2,0,2,2,9,0,1,50,1,1,0,0,0,1,22.0,,deux_roues,,1,1,1,1,7
201900007372,2019-07-08 12:45:00,2019,7,8,12,45,72,72184,RD 21 PR 2.9,47.981396,-0.199385,Plein jour,Hors agglomération,Hors intersection,Normale,Sans collision,3,2,2,0,1,2,1,0,3,80,1,1,0,0,1,0,19.0,,voiture,,1,1,1,1,7
201900007373,2019-07-07 16:25:00,2019,7,7,16,25,14,14546,Rue Marine,49.009228,-0.181339,Plein jour,Hors agglomération,Hors intersection,Temps éblouissant,Autre collision,4,2,2,0,2,1,1,0,3,80,1,1,0,1,0,0,64.0,,utilitaire_camion,,1,1,1,7,6
201900007374,2019-07-08 06:45:00,2019,7,8,6,45,50,50079,Hameau Fouquet,49.545911,-1.672801,Plein jour,Hors agglomération,Hors intersection,Normale,Deux véhicules - frontale,3,2,2,0,2,1,1,0,1,80,2,2,1,0,1,0,31.0,78.0,deux_roues,voiture,1,1,1,1,1
201900007375,2019-07-08 07:30:00,2019,7,8,7,30,36,36043,Jarlay,46.533019,1.941361,Plein jour,Hors agglomération,Hors intersection,Normale,Deux véhicules - frontale,3,2,2,0,1,4,1,0,1,80,2,3,2,0,1,0,30.0,44.0,deux_roues,voiture,1,1,1,1,1
201900007376,2019-07-07 18:20:00,2019,7,7,18,20,53,53079,Rue de Normandie,48.462089,-0.729348,Plein jour,Hors agglomération,Hors intersection,Normale,Sans collision,3,2,2,0,2,3,1,0,8,80,1,1,0,0,1,0,18.0,,deux_roues,,1,1,1,1,7
201900007377,2019-07-08 09:25:00,2019,7,8,9,25,21,21073,d 980,47.437331,4.311061,Plein jour,Hors agglomération,Intersection en T,Normale,Deux véhicules - frontale,1,3,4,0,1,3,1,3,8,70,2,2,1,0,0,1,35.0,21.0,utilitaire_camion,voiture,1,1,3,1,1
201900007378,2019-07-07 16:45:00,2019,7,7,16,45,4,04189,RD 952,43.7605,5.923177,Plein jour,Hors agglomération,Hors intersection,Normale,Deux véhicules - frontale,3,2,2,0,1,3,1,0,3,80,2,6,3,0,0,3,63.0,37.0,voiture,voiture,1,1,1,1,1
201900007379,2019-07-08 11:15:00,2019,7,8,11,15,85,85020,Chemin de Gate Bourse,46.36635,-0.59955,Plein jour,En agglomération,Hors intersection,Normale,Autre collision,4,-1,1,0,2,1,1,0,1,50,1,2,1,0,1,0,48.0,,voiture,,1,2,1,1,6
201900007380,2019-07-07 15:30:00,2019,7,7,15,30,28,28322,D 939,48.712012,0.98757,Plein jour,Hors agglomération,Hors intersection,Normale,Autre collision,3,2,2,0,1,1,1,0,3,80,1,2,0,2,0,0,49.0,,voiture,,1,1,1,1,6
201900007381,2019-07-07 18:45:00,2019,7,7,18,45,17,17267,Route nationale 11 - PK 17+600,46.226233,-0.915819,Plein jour,Hors agglomération,Hors intersection,Normale,Autre collision,2,3,4,0,3,1,1,0,3,110,1,1,0,0,1,0,22.0,,voiture,,1,1,1,1,6
201900007382,2019-07-07 08:45:00,2019,7,7,8,45,87,87040,Puy Chat,45.715574,1.593451,Plein jour,Hors agglomération,Hors intersection,Temps éblouissant,Deux véhicules - frontale,3,2,2,0,2,2,1,0,1,80,2,2,0,0,1,1,56.0,45.0,voiture,voiture,1,1,1,7,1
201900007383,2019-07-06 18:10:00,2019,7,6,18,10,52,52450,place sainte anne - courcelles sur aujon,47.894181,5.093292,Plein jour,En agglomération,Intersection en X,Normale,Deux véhicules - frontale,3,2,2,0,1,1,1,0,1,50,2,2,1,1,0,0,8.0,32.0,deux_roues,voiture,1,2,2,1,1
201900007384,2019-07-07 15:00:00,2019,7,7,15,0,52,52083,RD125C,47.740317,5.532542,Plein jour,Hors agglomération,Hors intersection,Normale,Autre collision,3,2,2,0,1,2,9,0,3,50,1,1,0,0,1,0,20.0,,voiture,,1,1,1,1,6
201900007385,2019-07-07 04:20:00,2019,7,7,4,20,88,88081,La Haitroye,47.881052,6.854034,Nuit sans éclairage public,En agglomération,Hors intersection,Normale,Autre collision,4,2,2,0,1,3,1,0,8,50,1,1,0,0,1,0,19.0,,voiture,,3,2,1,1,6
201900007386,2019-07-08 01:30:00,2019,7,8,1,30,31,31117,A68 PK012+500,43.67243,1.559033,Nuit sans éclairage public,Hors agglomération,Hors intersection,Normale,Deux véhicules - côté,1,3,4,0,2,3,1,0,1,130,2,2,1,1,0,0,43.0,30.0,deux_roues,voiture,3,1,1,1,3
201900007387,2019-07-05 09:00:00,2019,7,5,9,0,35,35206,la croix fleurie,48.052231,-1.66496,Crépuscule ou aube,Hors agglomération,Hors intersection,Temps éblouissant,Deux véhicules - frontale,3,2,2,0,1,1,1,0,1,80,2,2,1,0,1,0,68.0,45.0,voiture,voiture,2,1,1,7,1
201900007388,2019-07-05 08:50:00,2019,7,5,8,50,31,31506,Route de Cayras,43.566938,1.538841,Plein jour,En agglomération,Giratoire,Normale,Deux véhicules - côté,3,2,2,0,1,2,1,5,1,50,2,2,1,0,1,0,53.0,62.0,deux_roues,voiture,1,2,6,1,3
201900007389,2019-07-05 19:20:00,2019,7,5,19,20,38,38400,AUTOROUTE A 48 PK 77+500,45.33827,5.577507,Plein jour,Hors agglomération,Hors intersection,Normale,Deux véhicules - arrière,1,1,4,0,2,3,1,0,1,130,2,3,2,0,0,1,37.0,27.0,voiture,voiture,1,1,1,1,2
201900007390,2019-07-08 13:55:00,2019,7,8,13,55,975,97501,10 rue des iles de la madeleine,46.9631043,-56.3364905,Plein jour,En agglomération,Hors intersection,Normale,Deux véhicules - côté,3,2,2,0,1,1,1,0,1,50,2,2,1,0,1,0,55.0,62.0,utilitaire_camion,deux_roues,1,2,1,1,3
201900007391,2019-07-07 22:30:00,2019,7,7,22,30,988,98826,V.U.4,-20.22086,164.07662,Nuit sans éclairage public,Hors agglomération,Hors intersection,Normale,Autre collision,4,2,2,0,3,3,9,0,3,90,1,8,1,3,3,1,35.0,,utilitaire_camion,,3,1,1,1,6
201900007392,2019-06-24 09:30:00,2019,6,24,9,30,974,97415,route du théatre,-21.047006,55.233581,Plein jour,Hors agglomération,Hors intersection,Normale,Deux véhicules - frontale,3,2,2,0,2,2,1,0,1,70,2,2,0,0,1,1,33.0,49.0,voiture,voiture,1,1,1,1,1
201900007393,2019-07-07 11:15:00,2019,7,7,11,15,971,97111,66 Impasse Hibiscus,16.270245,-61.805954,Plein jour,En agglomération,Hors intersection,Normale,Sans collision,2,2,2,0,1,1,1,0,4,50,1,1,0,1,0,0,57.0,,deux_roues,,1,2,1,1,7
201900007394,2019-07-06 15:45:00,2019,7,6,15,45,45,45082,GRANDE RUE - R 8 mai 1945,47.8632459,2.2225892,Plein jour,En agglomération,Intersection en T,Normale,Autre collision,4,2,1,0,1,1,1,0,1,30,1,2,1,0,1,0,30.0,,voiture,,1,2,3,1,6
201900007395,2019-07-08 03:00:00,2019,7,8,3,0,66,66168,,42.55629,2.95627,Nuit sans éclairage public,Hors agglomération,Hors intersection,Normale,Autre collision,4,2,2,0,1,1,1,0,5,80,1,1,0,0,1,0,39.0,,deux_roues,,3,1,1,1,6
201900007396,2019-07-07 22:45:00,2019,7,7,22,45,83,83016,1835 Route de Toulon à Marseille,43.182119,5.822275,Nuit sans éclairage public,Hors agglomération,Hors intersection,Normale,Deux véhicules - côté,3,2,2,0,1,1,1,0,1,-1,2,2,1,0,1,0,27.0,,utilitaire_camion,,3,1,1,1,3
201900007397,2019-07-07 16:35:00,2019,7,7,16,35,6,06048,479 chemin de la roseyre,43.782755,7.33556,Plein jour,En agglomération,Hors intersection,Normale,Autre collision,4,2,2,0,1,1,1,0,1,50,1,1,0,0,1,0,37.0,,deux_roues,,1,2,1,1,6
201900007398,2019-07-08 05:10:00,2019,7,8,5,10,13,13081,D21,43.492086,5.204167,Crépuscule ou aube,Hors agglomération,Hors intersection,Normale,Deux véhicules - frontale,3,2,2,0,1,1,1,9,1,80,2,2,0,0,0,2,20.0,18.0,voiture,voiture,2,1,1,1,1
201900007399,2019-07-07 14:50:00,2019,7,7,14,50,13,13100,CD99,43.784382,4.8891,Plein jour,Hors agglomération,Hors intersection,Normale,Autre collision,3,2,2,0,1,1,1,0,3,80,1,1,0,0,1,0,52.0,,voiture,,1,1,1,1,6
201900007400,2019-07-02 20:00:00,2019,7,2,20,0,26,26252,"A7 , pk76.700",44.878991,4.865841,Plein jour,Hors agglomération,Hors intersection,Normale,Deux véhicules - arrière,1,1,5,0,1,1,1,0,1,110,2,2,1,0,0,1,58.0,21.0,voiture,voiture,1,1,1,1,2
201900007401,2019-07-05 07:46:00,2019,7,5,7,46,74,74243,8 Route d'Annemasse,46.1422572,6.0933007,Plein jour,En agglomération,Hors intersection,Normale,Deux véhicules - côté,3,2,2,0,1,1,1,0,1,50,2,2,1,0,1,0,48.0,33.0,voiture,deux_roues,1,2,1,1,3
201900007402,2019-07-08 14:40:00,2019,7,8,14,40,1,01012,départmentale 8,46.013581,5.525729,Plein jour,Hors agglomération,Autre intersection,Normale,Sans collision,3,2,2,0,1,1,1,2,3,80,1,1,0,0,1,0,61.0,,voiture,,1,1,9,1,7
201900007403,2019-06-23 14:00:00,2019,6,23,14,0,69,69068,Quai Jean Moulin,45.84477,4.832118,Plein jour,En agglomération,Hors intersection,Normale,Trois véhicules et plus - collisions multiples,4,2,2,0,1,1,1,0,1,50,3,3,1,0,1,1,19.0,49.0,voiture,voiture,1,2,1,1,5
201900007404,2019-07-08 09:30:00,2019,7,8,9,30,29,29103,Rue Gaston de l'Hôpital,48.460699,-4.26468,Plein jour,En agglomération,Hors intersection,Normale,Autre collision,4,2,2,0,1,1,1,5,1,50,1,2,1,1,0,0,68.0,,voiture,,1,2,1,1,6
201900007405,2019-07-07 11:55:00,2019,7,7,11,55,60,60685,Rue de la Gare,49.371401,2.223138,Plein jour,En agglomération,Hors intersection,Normale,Autre collision,3,2,2,0,1,2,1,0,3,50,1,2,0,0,2,0,52.0,,deux_roues,,1,2,1,1,6
201900007406,2019-07-06 07:50:00,2019,7,6,7,50,59,59357,D649,50.284209,3.878033,Plein jour,Hors agglomération,Hors intersection,Normale,Sans collision,3,3,5,0,1,1,1,0,3,80,1,1,0,0,1,0,44.0,,voiture,,1,1,1,1,7
201900007407,2019-07-05 17:15:00,2019,7,5,17,15,13,13216,A55-Sens Marseille vers Martigues,43.365033,5.33923,Plein jour,Hors agglomération,Hors intersection,Normale,Deux véhicules - arrière,1,1,3,0,2,2,1,0,1,110,2,2,1,0,0,1,36.0,50.0,voiture,voiture,1,1,1,1,2
201900007408,2019-07-06 00:10:00,2019,7,6,0,10,69,69199,A7   7.000 A 8.630,45.69011,4.84576,Nuit avec éclairage allumé,Hors agglomération,Hors intersection,Normale,Deux véhicules - côté,1,1,3,0,1,1,1,0,1,90,2,2,1,0,0,1,45.0,23.0,voiture,deux_roues,5,1,1,1,3
201900007409,2019-07-06 20:00:00,2019,7,6,20,0,95,95424,AUTOROUTE A15,48.9911,2.19251,Plein jour,Hors agglomération,Hors intersection,Normale,Deux véhicules - côté,1,3,7,0,1,1,1,0,1,110,2,2,1,0,1,0,42.0,40.0,voiture,deux_roues,1,1,1,1,3
201900007410,2019-07-07 16:45:00,2019,7,7,16,45,77,77294,A104,48.98,2.61,Plein jour,Hors agglomération,Hors intersection,Normale,Trois véhicules et plus - en chaîne,1,1,2,0,1,1,1,0,1,90,3,4,1,0,0,3,43.0,52.0,voiture,voiture,1,1,1,1,4