accident_id,datetime,annee,mois,jour,heure,minute,departement,commune_insee,adresse,latitude,longitude,luminosite,agglomeration,intersection,meteo,collision,catr,circ,nbv,vosp,prof,plan,surf,infra,situ,vma,nb_vehicules,nb_usagers,nb_indemnes,nb_tues,nb_blesses_hosp,nb_blesses_legers,age_cond_1,age_cond_2,veh_type_cond_1,veh_type_cond_2,lum_code,agg_code,int_code,atm_code,col_code
201900007411,2019-07-07 04:20:00,2019,7,7,4,20,94,94073,A86 EXT,48.768236,2.3788704,Nuit sans éclairage public,Hors agglomération,Hors intersection,Normale,Autre collision,1,3,3,0,1,3,1,0,1,90,1,1,0,0,0,1,48.0,,deux_roues,,3,1,1,1,6
201900007412,2019-05-26 22:30:00,2019,5,26,22,30,91,91228,CURIE( RUE PIERRE ET MARIE),48.63244,2.43217,Nuit sans éclairage public,En agglomération,Intersection en T,Normale,Deux véhicules - côté,4,2,4,0,1,1,1,0,1,50,2,1,0,0,0,1,21.0,,deux_roues,,3,2,3,1,3
201900007413,2019-07-04 17:20:00,2019,7,4,17,20,91,91021,JUSTICE (RUE DE LA),48.57959,2.240076,Plein jour,En agglomération,Intersection en T,Normale,Sans collision,4,-1,2,0,1,1,1,0,3,50,1,1,0,0,0,1,55.0,,deux_roues,,1,2,3,1,7
201900007414,2019-06-18 18:20:00,2019,6,18,18,20,91,91103,BLUM LEON (RUE),48.61765,2.30239,Plein jour,En agglomération,Hors intersection,Normale,Deux véhicules - arrière,4,2,2,0,3,1,1,0,1,50,2,3,2,0,0,1,44.0,47.0,voiture,voiture,1,2,1,1,2
201900007415,2019-06-18 19:00:00,2019,6,18,19,0,82,82121,BORDEAUX (AVENUE DE),44.025396,1.331957,Plein jour,En agglomération,Hors intersection,Normale,Deux véhicules - côté,3,2,4,0,1,1,1,0,1,50,2,2,1,0,1,0,40.0,45.0,deux_roues,voiture,1,2,1,1,3
201900007416,2019-07-04 15:30:00,2019,7,4,15,30,76,76552,REINE ELISABETH,49.5027,0.0866,Plein jour,En agglomération,Intersection en T,Normale,Deux véhicules - côté,3,2,2,0,1,1,1,0,1,50,2,2,1,0,0,1,17.0,43.0,deux_roues,voiture,1,2,3,1,3
201900007417,2019-07-04 18:00:00,2019,7,4,18,0,71,71040,BOIS CLAIR (RUE DU),46.69898,4.37926,Plein jour,En agglomération,Hors intersection,Normale,Sans collision,4,2,2,0,1,1,1,0,1,50,1,1,0,0,0,1,42.0,,deux_roues,,1,2,1,1,7
201900007418,2019-07-05 00:00:00,2019,7,5,0,0,63,63113,COTE BLATIN (BD),45.768,3.08659,Nuit avec éclairage allumé,En agglomération,Hors intersection,Normale,Deux véhicules - côté,4,1,3,0,1,1,1,9,1,50,2,2,1,0,0,1,24.0,49.0,voiture,voiture,5,2,1,1,3
201900007419,2019-07-04 12:25:00,2019,7,4,12,25,63,63113,NEYRON (RUE),45.77972,3.08931,Plein jour,En agglomération,Autre intersection,Normale,Deux véhicules - côté,4,1,1,0,1,1,1,0,1,30,2,2,1,0,0,1,36.0,54.0,voiture,voiture,1,2,9,1,3
201900007420,2019-07-03 11:25:00,2019,7,3,11,25,63,63113,SABLON (COURS),45.77441,3.09,Plein jour,En agglomération,Hors intersection,Normale,Deux véhicules - côté,4,2,4,0,1,1,1,0,1,50,2,2,1,0,0,1,52.0,23.0,voiture,voiture,1,2,1,1,3
201900007421,2019-07-04 10:23:00,2019,7,4,10,23,63,63113,JOUHAUX (BD LEON),45.79849,3.1143,Plein jour,En agglomération,Autre intersection,Normale,Deux véhicules - côté,7,1,2,0,1,3,1,9,1,50,2,4,1,0,0,3,43.0,45.0,voiture,transport_commun,1,2,9,1,3
201900007422,2019-07-02 09:03:00,2019,7,2,9,3,63,63113,CHARCOT (BD),45.79471,3.08259,Plein jour,En agglomération,Autre intersection,Normale,Trois véhicules et plus - en chaîne,4,2,2,0,1,1,1,0,1,50,3,3,1,0,0,2,41.0,71.0,voiture,voiture,1,2,9,1,4
201900007423,2019-06-22 14:50:00,2019,6,22,14,50,62,62724,RD 40,50.396,2.905,Plein jour,Hors agglomération,Hors intersection,Normale,Deux véhicules - frontale,3,2,3,0,1,1,1,0,1,80,2,4,0,0,0,4,27.0,22.0,voiture,voiture,1,1,1,1,1
201900007424,2019-07-02 14:50:00,2019,7,2,14,50,51,51454,RUE DES CAPUCINS,49.2513,4.02968,Plein jour,En agglomération,Intersection en X,Normale,Deux véhicules - côté,4,4,2,2,1,1,1,0,1,50,2,3,2,0,0,1,53.0,28.0,voiture,voiture,1,2,2,1,3
201900007425,2019-07-04 17:20:00,2019,7,4,17,20,45,45147,RUE DES FOSSES,47.9341,1.9291,Plein jour,En agglomération,Hors intersection,Normale,Deux véhicules - côté,4,2,2,-1,1,1,1,0,1,50,2,2,1,0,0,1,20.0,31.0,deux_roues,voiture,1,2,1,1,3
201900007426,2019-07-04 10:05:00,2019,7,4,10,5,45,45234,PONT JOFFRE - AV DE TREVISE,47.894483,1.895687,Plein jour,En agglomération,Intersection en Y,Normale,Deux véhicules - côté,4,2,4,0,1,1,1,5,1,50,2,2,1,0,0,1,53.0,54.0,voiture,utilitaire_camion,1,2,4,1,3
201900007427,2019-07-04 07:20:00,2019,7,4,7,20,45,45147,R M BERTHELOT - R M SANGNIER,47.92148,1.91447,Plein jour,En agglomération,Intersection en X,Normale,Deux véhicules - côté,4,2,2,0,1,1,1,0,1,50,2,2,0,0,0,2,55.0,32.0,voiture,voiture,1,2,2,1,3
201900007428,2019-07-06 03:20:00,2019,7,6,3,20,13,13202,HOZIER (RUE D'),43.305364,5.369365,Nuit avec éclairage allumé,En agglomération,Intersection en X,Normale,Deux véhicules - côté,4,1,1,0,1,1,1,0,1,50,2,7,2,0,0,5,21.0,23.0,voiture,voiture,5,2,2,1,3
201900007429,2019-07-05 15:05:00,2019,7,5,15,5,13,13206,BRETEUIL (RUE),43.28855,5.37648,Plein jour,En agglomération,Intersection en X,Normale,Autre collision,4,1,2,0,2,1,1,0,1,50,2,3,1,0,0,2,33.0,69.0,voiture,deux_roues,1,2,2,1,6
201900007430,2019-07-05 09:00:00,2019,7,5,9,0,13,13207,PIERRE PUGET (COURS),43.29006,5.373844,Plein jour,En agglomération,Hors intersection,Normale,Autre collision,4,1,2,0,2,1,1,0,1,50,1,2,0,0,1,1,58.0,,deux_roues,,1,2,1,1,6
201900007431,2019-07-04 11:45:00,2019,7,4,11,45,13,13206,BAILLE (BOULEVARD),43.28664,5.38628,Plein jour,En agglomération,Intersection en T,Normale,Trois véhicules et plus - collisions multiples,4,2,5,3,1,1,1,0,1,50,3,3,2,0,0,1,25.0,41.0,utilitaire_camion,deux_roues,1,2,3,1,5
201900007432,2019-07-03 23:30:00,2019,7,3,23,30,13,13204,FRANCOISE DUPARC (BOULEVARD),43.3057,5.40094,Nuit avec éclairage allumé,En agglomération,Hors intersection,Normale,Trois véhicules et plus - en chaîne,7,3,6,0,1,1,1,0,1,50,3,3,2,0,0,1,22.0,21.0,voiture,voiture,5,2,1,1,4
201900007433,2019-07-03 08:50:00,2019,7,3,8,50,13,13204,BLANCARDE (BOULEVARD),43.303009,5.401776,Plein jour,En agglomération,Hors intersection,Normale,Deux véhicules - arrière,4,1,2,0,1,1,1,0,1,50,2,3,2,0,0,1,30.0,52.0,voiture,utilitaire_camion,1,2,1,1,2
201900007434,2019-03-18 19:30:00,2019,3,18,19,30,75,75113,BOULEVARD PERIPHERIQUE,48.820004,2.374225,Crépuscule ou aube,En agglomération,Hors intersection,Normale,Autre collision,4,1,4,0,1,1,1,0,1,70,2,1,0,0,0,1,34.0,,deux_roues,,2,2,1,1,6
201900007435,2019-07-05 17:00:00,2019,7,5,17,0,94,94021,AUTOROUTE A6A,48.7635,2.3418,Plein jour,Hors agglomération,Hors intersection,Normale,Deux véhicules - arrière,1,3,6,0,1,3,1,0,1,90,2,2,1,0,0,1,33.0,27.0,voiture,deux_roues,1,1,1,1,2
201900007436,2019-07-05 19:20:00,2019,7,5,19,20,988,98818,COTE DE L'AMIRAL HALSEY/A. BARRAU,-22.28231,166.44324,Nuit avec éclairage allumé,En agglomération,Intersection en T,Pluie forte,Sans collision,4,1,2,0,2,2,2,0,1,50,1,1,0,0,0,1,62.0,,deux_roues,,5,2,3,3,7
201900007437,2019-05-14 10:50:00,2019,5,14,10,50,988,98818,AMPERE (RUE),-22.2315912,166.4487478,Plein jour,En agglomération,Hors intersection,Normale,Deux véhicules - arrière,4,2,1,0,1,1,1,0,1,50,2,3,2,0,0,1,64.0,25.0,voiture,voiture,1,2,1,1,2
201900007438,2019-07-05 19:35:00,2019,7,5,19,35,976,97611,kaweni-Mangrove (route de la),-12.76521,45.22524,Nuit sans éclairage public,En agglomération,Autre intersection,Normale,Autre collision,2,2,2,0,1,1,1,9,1,30,1,2,1,0,0,1,51.0,,deux_roues,,3,2,9,1,6
201900007439,2019-07-04 12:15:00,2019,7,4,12,15,976,97611,kaweni-Centrale (rue),-12.766086,45.224987,Plein jour,En agglomération,Hors intersection,Normale,Autre collision,2,2,2,0,1,1,1,9,1,45,1,1,0,0,0,1,60.0,,deux_roues,,1,2,1,1,6
201900007440,2019-07-04 08:40:00,2019,7,4,8,40,976,97611,kaweni-Mangrove (route de la),-12.765275,45.225154,Plein jour,En agglomération,Hors intersection,Normale,Sans collision,2,2,2,0,1,1,1,9,1,50,1,2,1,0,0,1,54.0,,deux_roues,,1,2,1,1,7
201900007441,2019-07-04 11:30:00,2019,7,4,11,30,974,97416,GAULLE (RUE DU GENERAL DE),-21.290107,55.465484,Plein jour,Hors agglomération,Autre intersection,Normale,Deux véhicules - arrière,9,2,0,0,1,1,1,9,3,50,2,2,1,0,0,1,50.0,32.0,voiture,voiture,1,1,9,1,2
201900007442,2019-07-06 13:50:00,2019,7,6,13,50,974,97411,ANJOU (RUE DE L'),-20.90184,55.49072,Plein jour,En agglomération,Hors intersection,Normale,Autre collision,4,1,1,0,2,1,1,0,1,50,1,1,0,0,0,1,13.0,,deux_roues,,1,2,1,1,6
201900007443,2019-07-05 05:00:00,2019,7,5,5,0,974,97411,GARROS (ROLAND),-20.88156,55.45544,Nuit avec éclairage allumé,En agglomération,Hors intersection,Normale,Deux véhicules - arrière,4,1,2,0,2,1,1,0,1,50,2,3,0,0,1,2,44.0,46.0,voiture,utilitaire_camion,5,2,1,1,2
201900007444,2019-07-04 14:35:00,2019,7,4,14,35,974,97411,GANDHI (BOULEVARD DU MAHATMA),-20.90913,55.48253,Plein jour,En agglomération,Hors intersection,Normale,Autre collision,4,2,2,0,2,1,1,0,1,50,1,2,1,0,0,1,62.0,,voiture,,1,2,1,1,6
201900007445,2019-07-04 13:45:00,2019,7,4,13,45,974,97411,MACE (BOULEVARD GABRIEL),-20.87263,55.44896,Plein jour,En agglomération,Intersection en T,Normale,Deux véhicules - côté,2,2,2,0,1,1,1,0,1,50,2,2,1,0,0,1,20.0,49.0,voiture,deux_roues,1,2,3,1,3
201900007446,2019-07-04 08:10:00,2019,7,4,8,10,974,97411,RUISSEAU BLANC (CHEMIN DU),-20.894889,55.4122934,Plein jour,En agglomération,Hors intersection,Normale,Autre collision,4,2,2,0,1,1,1,0,1,50,1,2,1,0,0,1,39.0,,voiture,,1,2,1,1,6
201900007447,2019-07-05 16:40:00,2019,7,5,16,40,974,97407,FERRY (RUE),-20.935646,55.29667,Plein jour,En agglomération,Intersection en X,Normale,Autre collision,4,2,2,0,1,1,1,0,2,50,1,3,2,0,0,1,33.0,,voiture,,1,2,2,1,6
201900007448,2019-07-03 18:15:00,2019,7,3,18,15,974,97407,ROUTE DU SACRE COEUR,-20.9562,55.3124,Nuit sans éclairage public,Hors agglomération,Autre intersection,Normale,Autre collision,2,1,2,0,1,1,1,0,1,30,1,2,1,0,1,0,57.0,,voiture,,3,1,9,1,6
201900007449,2019-07-05 19:10:00,2019,7,5,19,10,973,97302,FAUBOURG L'ABRI (CITE),4.9363347,-52.3222589,Nuit sans éclairage public,En agglomération,Hors intersection,Normale,Deux véhicules - arrière,4,1,1,0,1,1,1,0,1,50,2,3,2,0,0,1,50.0,47.0,voiture,voiture,3,2,1,1,2
201900007450,2019-07-04 18:15:00,2019,7,4,18,15,973,97302,ZEPHIR (ROCADE),4.9359285,-52.3076677,Crépuscule ou aube,En agglomération,Hors intersection,Normale,Deux véhicules - côté,3,2,3,2,1,1,1,5,1,50,2,2,0,1,0,1,36.0,55.0,deux_roues,voiture,2,2,1,1,3
201900007451,2019-07-06 21:10:00,2019,7,6,21,10,69,69387,CHAMBAUD DE LA BRUYERE              (BD),45.7225392,4.8423086,Nuit sans éclairage public,En agglomération,Autre intersection,Pluie légère,Deux véhicules - arrière,4,3,6,0,1,1,2,0,1,50,2,2,0,0,0,2,23.0,,voiture,,3,2,9,2,2
201900007452,2019-07-06 21:20:00,2019,7,6,21,20,69,69259,IRENE JOLIOT CURIE                  (BD),45.71146,4.88144,Nuit avec éclairage allumé,En agglomération,Hors intersection,Temps couvert,Deux véhicules - arrière,4,1,2,0,1,1,2,0,1,50,2,2,0,0,0,2,28.0,,utilitaire_camion,,5,2,1,8,2
201900007453,2019-07-06 13:10:00,2019,7,6,13,10,69,69388,ETATS UNIS (DES)                    (BD),45.73011,4.86717,Plein jour,En agglomération,Hors intersection,Normale,Sans collision,4,1,2,1,1,1,1,0,1,50,1,2,1,0,0,1,32.0,,voiture,,1,2,1,1,7
201900007454,2019-07-06 08:00:00,2019,7,6,8,0,69,69259,ROMAIN ROLLAND                      (R ),45.70114,4.87883,Plein jour,En agglomération,Intersection en X,Normale,Deux véhicules - côté,4,1,1,0,2,1,1,0,1,50,2,2,1,0,0,1,26.0,66.0,voiture,voiture,1,2,2,1,3
201900007455,2019-07-04 18:00:00,2019,7,4,18,0,69,69386,MARECHAL FOCH (DU)                  (AV),45.7692133,4.8437698,Plein jour,En agglomération,Autre intersection,Normale,Sans collision,4,1,2,0,1,1,1,9,1,50,1,1,0,0,1,0,,,,,1,2,9,1,7
201900007456,2019-07-05 07:15:00,2019,7,5,7,15,69,69386,GENERAL SARRAIL (DU)                (QU),45.76704,4.84132,Plein jour,En agglomération,Intersection en T,Normale,Deux véhicules - frontale,4,2,2,1,1,1,1,0,1,50,2,1,0,0,0,1,30.0,,voiture,,1,2,3,1,1
201900007457,2019-07-04 21:25:00,2019,7,4,21,25,69,69259,JODINO (DE)                         (BD),45.69127,4.88362,Crépuscule ou aube,En agglomération,Hors intersection,Normale,Deux véhicules - frontale,7,3,3,0,2,1,1,0,1,50,2,2,1,1,0,0,17.0,20.0,deux_roues,voiture,2,2,1,1,1
201900007458,2019-07-04 15:30:00,2019,7,4,15,30,69,69259,AMBROISE CROIZAT                    (BD),45.7054981,4.8874684,Plein jour,En agglomération,Autre intersection,Normale,Deux véhicules - arrière,3,2,2,0,1,1,1,0,1,30,2,5,1,0,0,4,31.0,59.0,voiture,voiture,1,2,9,1,2
201900007459,2019-07-04 08:10:00,2019,7,4,8,10,972,97213,MORNE PITAULT (ROUTE DE),14.0,-60.96749,Plein jour,Hors agglomération,Hors intersection,Pluie forte,Deux véhicules - côté,4,2,2,0,2,4,2,0,1,50,2,2,1,0,0,1,34.0,26.0,voiture,voiture,1,1,1,3,3
201900007460,2019-07-06 05:20:00,2019,7,6,5,20,972,97209,Bretelle sortie A1,14.61444,-61.05119,Crépuscule ou aube,En agglomération,Intersection en X,Normale,Autre collision,1,3,5,0,1,1,1,5,1,50,3,3,2,0,0,1,25.0,26.0,voiture,voiture,2,2,2,1,6
201900007461,2019-07-05 01:30:00,2019,7,5,1,30,69,69149,GRANDE RUE                          (GR),45.71685,4.80962,Nuit avec éclairage allumé,En agglomération,Intersection en X,Normale,Deux véhicules - arrière,7,2,2,0,1,1,1,0,1,50,2,1,0,0,0,1,33.0,,deux_roues,,5,2,2,1,2
201900007462,2019-07-04 14:35:00,2019,7,4,14,35,69,69389,PLATEAU (DU)                        (AV),45.7851997,4.7949098,Plein jour,En agglomération,Hors intersection,Normale,Trois véhicules et plus - collisions multiples,4,2,2,0,1,1,1,0,1,50,3,4,2,0,0,2,31.0,24.0,voiture,voiture,1,2,1,1,5
201900007463,2019-07-05 12:05:00,2019,7,5,12,5,2B,2B033,TOUTES RUES,42.70512,9.45378,Plein jour,En agglomération,Hors intersection,Normale,Autre collision,3,2,4,0,1,1,1,0,1,30,1,4,2,0,2,0,27.0,,voiture,,1,2,1,1,6
201900007464,2019-07-05 02:50:00,2019,7,5,2,50,2B,2B033,CHANOINE LESCHI - RUE,42.7,9.45,Nuit avec éclairage allumé,En agglomération,Hors intersection,Normale,Sans collision,4,3,4,0,1,1,1,0,1,30,1,1,0,0,1,0,18.0,,deux_roues,,5,2,1,1,7
201900007465,2019-07-04 21:15:00,2019,7,4,21,15,2B,2B037,TOUTES RUES,42.59678,9.43888,Nuit sans éclairage public,Hors agglomération,Hors intersection,Normale,Deux véhicules - arrière,2,3,2,0,1,1,1,0,1,110,2,3,0,0,0,3,17.0,21.0,voiture,voiture,3,1,1,1,2
201900007466,2019-07-06 19:45:00,2019,7,6,19,45,2A,2A004,BENIELLI NONCE RUE,41.9174166,8.7265922,Plein jour,En agglomération,Autre intersection,Normale,Deux véhicules - frontale,4,2,2,0,1,1,1,0,2,50,2,2,1,0,0,1,34.0,25.0,voiture,voiture,1,2,9,1,1
201900007467,2019-07-04 08:50:00,2019,7,4,8,50,2A,2A004,DIAMANT I RCE AV EUGENE MACCHINI,41.9179478,8.7370519,Plein jour,En agglomération,Autre intersection,Normale,Deux véhicules - frontale,4,2,3,0,1,1,1,9,1,50,2,2,0,0,0,2,30.0,27.0,deux_roues,voiture,1,2,9,1,1
201900007468,2019-07-04 20:45:00,2019,7,4,20,45,95,95539,RUE JEAN MONNET,49.0123333,2.3519238,Plein jour,En agglomération,Intersection en T,Normale,Deux véhicules - côté,3,2,2,0,1,1,1,0,1,70,2,3,1,0,0,2,24.0,24.0,voiture,voiture,1,2,3,1,3
201900007469,2019-07-03 16:25:00,2019,7,3,16,25,95,95598,BEAUSEJOUR   AVENUE,48.97568,2.30123,Plein jour,En agglomération,Hors intersection,Normale,Autre collision,4,2,2,0,1,3,1,0,1,50,1,3,1,0,0,2,16.0,,deux_roues,,1,2,1,1,6
201900007470,2019-07-06 21:40:00,2019,7,6,21,40,95,95450,ERAGNY (RUE D'),49.01502,2.07062,Plein jour,En agglomération,Intersection en T,Normale,Deux véhicules - côté,3,2,2,0,1,1,1,0,1,50,2,2,1,0,0,1,23.0,32.0,utilitaire_camion,deux_roues,1,2,3,1,3
201900007471,2019-11-27 17:15:00,2019,11,27,17,15,13,13202,MARCEAU (PLACE),43.30508,5.3729,Nuit avec éclairage allumé,En agglomération,Hors intersection,Normale,Autre collision,4,1,2,0,1,3,1,5,1,50,2,3,2,0,0,1,32.0,26.0,voiture,voiture,5,2,1,1,6
201900007472,2019-11-27 11:00:00,2019,11,27,11,0,13,13212,FERNAND NEGRO (BOULEVARD),43.31337,5.40934,Plein jour,En agglomération,Intersection en T,Normale,Autre collision,4,-1,2,0,2,2,1,0,1,50,1,1,0,0,0,1,78.0,,voiture,,1,2,3,1,6
201900007473,2019-11-27 07:25:00,2019,11,27,7,25,13,13201,BELGES (QUAI DES),43.294858,5.374419,Crépuscule ou aube,En agglomération,Hors intersection,Pluie légère,Autre collision,4,2,4,0,1,1,2,0,1,50,1,1,0,0,0,1,,,,,2,2,1,2,6
201900007474,2019-11-27 07:50:00,2019,11,27,7,50,6,06123,PUGETS ROUTE DES,43.694793,7.183068,Plein jour,En agglomération,Hors intersection,Pluie forte,Deux véhicules - arrière,7,2,2,0,1,1,2,0,1,50,2,2,1,0,0,1,37.0,15.0,utilitaire_camion,deux_roues,1,2,1,3,2
201900007475,2019-11-28 07:50:00,2019,11,28,7,50,973,97302,MONTABO (ROUTE DE) 1,4.940007,-52.301567,Plein jour,En agglomération,Hors intersection,Normale,Deux véhicules - côté,3,2,2,0,1,1,1,0,1,50,2,2,1,0,0,1,29.0,29.0,voiture,deux_roues,1,2,1,1,3
201900007476,2019-11-28 21:20:00,2019,11,28,21,20,69,69387,GUILLOTIERE (DE LA)                 (GR),45.751,4.8482,Nuit avec éclairage allumé,En agglomération,Intersection en X,Normale,Deux véhicules - côté,7,1,3,0,1,1,1,0,1,50,2,2,1,0,0,1,19.0,37.0,deux_roues,deux_roues,5,2,2,1,3
201900007477,2019-11-28 15:30:00,2019,11,28,15,30,69,69259,IRENE JOLIOT CURIE                  (BD),45.71834,4.87631,Plein jour,En agglomération,Intersection en Y,Normale,Autre collision,3,1,1,0,1,1,2,0,5,50,1,1,0,0,0,1,21.0,,voiture,,1,2,4,1,6
201900007478,2019-11-18 10:55:00,2019,11,18,10,55,95,95277,ROND POINT DE LA RESISTANCE,48.9945761,2.4515283,Plein jour,En agglomération,Giratoire,Pluie légère,Deux véhicules - côté,3,-1,2,0,1,1,1,0,1,50,2,2,0,0,0,2,41.0,33.0,voiture,transport_commun,1,2,6,2,3
201900007479,2019-11-28 06:50:00,2019,11,28,6,50,91,91657,TOURELLE (AVENUE DE LA ),48.69035,2.4393,Nuit avec éclairage allumé,En agglomération,Hors intersection,Pluie légère,Autre collision,4,2,2,0,1,1,2,0,1,50,1,2,1,0,0,1,27.0,,voiture,,5,2,1,2,6
201900007480,2019-10-28 05:20:00,2019,10,28,5,20,91,91114,ROUTE NATIONALE 6,48.682935,2.490724,Nuit avec éclairage allumé,En agglomération,Autre intersection,Normale,Autre collision,2,3,6,0,1,1,2,5,1,50,2,2,1,0,1,0,19.0,55.0,voiture,deux_roues,5,2,9,1,6
201900007481,2019-11-27 18:06:00,2019,11,27,18,6,91,91479,RN7,48.7266,2.3692,Nuit sans éclairage public,En agglomération,Hors intersection,Normale,Deux véhicules - côté,2,1,2,0,1,1,1,1,1,70,2,2,1,0,0,1,26.0,53.0,voiture,deux_roues,3,2,1,1,3
201900007482,2019-11-27 18:57:00,2019,11,27,18,57,87,87085,PALISSY (RUE BERNARD),45.83284,1.25192,Nuit avec éclairage allumé,En agglomération,Intersection en X,Pluie légère,Autre collision,4,3,4,3,2,1,2,5,1,50,1,2,1,0,0,1,43.0,,deux_roues,,5,2,2,2,6
201900007483,2019-11-27 15:20:00,2019,11,27,15,20,87,87114,DE-GAULLE (AVENUE DU GENERAL-),45.83326,1.3018,Plein jour,En agglomération,Hors intersection,Pluie légère,Deux véhicules - arrière,4,2,2,0,1,1,2,0,1,50,2,2,1,0,0,1,81.0,21.0,voiture,voiture,1,2,1,2,2
201900007484,2019-11-27 11:58:00,2019,11,27,11,58,87,87050,PASCAUD (RUE DU DOCTEUR),45.87985,1.23764,Plein jour,En agglomération,Hors intersection,Pluie légère,Deux véhicules - côté,4,2,2,0,4,1,2,0,1,50,2,3,2,0,0,1,34.0,85.0,voiture,voiture,1,2,1,2,3
201900007485,2019-11-25 16:35:00,2019,11,25,16,35,78,78686,GASTON BOISSIER (AVENUE),48.7994,2.17373,Plein jour,En agglomération,Hors intersection,Normale,Deux véhicules - côté,3,1,1,0,1,1,1,0,4,30,2,2,1,0,0,1,57.0,32.0,voiture,deux_roues,1,2,1,1,3
201900007486,2019-11-28 07:30:00,2019,11,28,7,30,78,78551,RD 308,48.93934,2.07299,Nuit sans éclairage public,Hors agglomération,Hors intersection,Pluie légère,Deux véhicules - frontale,3,2,2,0,1,1,2,0,1,70,2,2,0,0,2,0,48.0,25.0,utilitaire_camion,deux_roues,3,1,1,2,1
201900007487,2019-11-27 18:40:00,2019,11,27,18,40,78,78551,RD 190,48.91182,2.07196,Nuit sans éclairage public,Hors agglomération,Hors intersection,Temps couvert,Deux véhicules - côté,3,2,2,0,1,1,1,0,1,80,2,2,1,0,1,0,45.0,55.0,deux_roues,deux_roues,3,1,1,8,3
201900007488,2019-11-27 16:35:00,2019,11,27,16,35,72,72181,CUGNOT NICOLAS (BD),47.99252,0.22545,Plein jour,En agglomération,Intersection en T,Normale,Deux véhicules - côté,4,3,4,0,1,1,2,0,1,70,2,2,1,0,0,1,59.0,49.0,utilitaire_camion,voiture,1,2,3,1,3
201900007489,2019-11-28 22:15:00,2019,11,28,22,15,69,69256,BOLHEN   (DE)                        (AV,45.7653,4.9235,Nuit avec éclairage allumé,En agglomération,Autre intersection,Normale,Deux véhicules - côté,4,3,2,0,1,1,1,5,1,50,2,5,3,0,0,2,29.0,23.0,voiture,voiture,5,2,9,1,3
201900007490,2019-11-28 07:45:00,2019,11,28,7,45,69,69275,VERNEYRES (DES)                     (CH),45.75856,4.96003,Plein jour,En agglomération,Hors intersection,Pluie légère,Autre collision,4,1,1,0,1,3,2,0,1,50,1,2,1,0,0,1,49.0,,voiture,,1,2,1,2,6
201900007491,2019-11-27 12:40:00,2019,11,27,12,40,69,69282,REPUBLIQUE (DE)                     (R ),45.76674,4.99818,Plein jour,En agglomération,Hors intersection,Normale,Autre collision,4,2,2,1,1,1,1,0,1,50,1,1,0,0,0,1,,,,,1,2,1,1,6
201900007492,2019-11-28 18:30:00,2019,11,28,18,30,69,69115,ANSE (route d'),45.97099,4.71685,Nuit avec éclairage allumé,En agglomération,Hors intersection,Normale,Trois véhicules et plus - en chaîne,3,2,2,0,1,1,1,0,1,50,3,3,2,0,0,1,45.0,70.0,utilitaire_camion,utilitaire_camion,5,2,1,1,4
201900007493,2019-11-27 20:56:00,2019,11,27,20,56,57,57283,CD 112 F,49.24813,6.14544,Nuit sans éclairage public,Hors agglomération,Hors intersection,Pluie forte,Autre collision,3,2,-1,0,2,1,2,0,1,80,1,1,0,0,0,1,,,,,3,1,1,3,6
201900007494,2019-11-27 20:30:00,2019,11,27,20,30,56,56098,BILLOUX ( AV. FRANCOIS ),47.76509,-3.35186,Nuit avec éclairage allumé,En agglomération,Intersection en T,Pluie légère,Deux véhicules - côté,4,2,2,0,1,1,2,0,1,50,2,2,1,0,0,1,29.0,62.0,deux_roues,voiture,5,2,3,2,3
201900007495,2019-11-27 17:55:00,2019,11,27,17,55,56,56098,RN 165 (PATINOIRE),47.77811,-3.35433,Nuit avec éclairage allumé,Hors agglomération,Hors intersection,Pluie légère,Deux véhicules - arrière,2,3,4,0,1,1,2,0,1,80,2,2,1,0,0,1,52.0,20.0,voiture,voiture,5,1,1,2,2
201900007496,2019-11-27 18:32:00,2019,11,27,18,32,49,49007,MOULIN BOULEVARD,47.4917,-0.56108,Crépuscule ou aube,En agglomération,Hors intersection,Normale,Autre collision,4,2,2,0,1,1,2,0,1,60,1,2,1,0,1,0,46.0,,voiture,,2,2,1,1,6
201900007497,2019-11-26 19:45:00,2019,11,26,19,45,44,44184,RUES MENDES FRANCE / JOLLINIER,47.273699,-2.214747,Nuit sans éclairage public,En agglomération,Intersection en T,Pluie forte,Autre collision,4,2,2,0,1,3,2,0,1,50,1,2,1,0,1,0,30.0,,deux_roues,,3,2,3,3,6
201900007498,2019-11-28 13:55:00,2019,11,28,13,55,44,44109,AVENUE DE LA PETITE BARATTE,47.25089,-1.52499,Plein jour,En agglomération,Hors intersection,Normale,Deux véhicules - frontale,4,2,0,0,1,3,2,0,1,50,2,3,2,0,0,1,19.0,33.0,utilitaire_camion,voiture,1,2,1,1,1
201900007499,2019-11-28 01:05:00,2019,11,28,1,5,35,35281,MIVOIE (ROUTE DE),48.0690731,-1.7034553,Nuit sans éclairage public,En agglomération,Intersection en X,Normale,Deux véhicules - arrière,4,2,2,0,4,1,1,5,1,50,2,2,1,0,0,1,51.0,33.0,voiture,deux_roues,3,2,2,1,2
201900007500,2019-11-22 14:10:00,2019,11,22,14,10,33,33063,BD ALIENOR D'AQUITAINE,44.87576,-0.56448,Plein jour,En agglomération,Autre intersection,Pluie légère,Deux véhicules - côté,4,3,7,2,1,1,2,0,1,70,2,2,1,0,0,1,43.0,38.0,deux_roues,voiture,1,2,9,2,3