accident_id,datetime,annee,mois,jour,heure,minute,departement,commune_insee,adresse,latitude,longitude,luminosite,agglomeration,intersection,meteo,collision,catr,circ,nbv,vosp,prof,plan,surf,infra,situ,vma,nb_vehicules,nb_usagers,nb_indemnes,nb_tues,nb_blesses_hosp,nb_blesses_legers,age_cond_1,age_cond_2,veh_type_cond_1,veh_type_cond_2,lum_code,agg_code,int_code,atm_code,col_code
201900007501,2019-11-26 19:20:00,2019,11,26,19,20,33,33063,SOMME (CRS DE LA),44.83006,-0.57246,Nuit avec éclairage allumé,En agglomération,Intersection en T,Normale,Deux véhicules - côté,4,2,3,0,1,1,1,0,1,50,2,2,1,0,1,0,39.0,30.0,deux_roues,voiture,5,2,3,1,3
201900007502,2019-11-28 09:46:00,2019,11,28,9,46,31,31555,VA007306 A64,43.56847,1.41972,Plein jour,Hors agglomération,Hors intersection,Normale,Trois véhicules et plus - collisions multiples,1,3,2,0,1,3,1,0,1,90,3,3,2,0,0,1,56.0,21.0,voiture,voiture,1,1,1,1,5
201900007503,2019-11-27 20:30:00,2019,11,27,20,30,31,31555,RTE DE LABEGE,43.5587,1.50327,Nuit sans éclairage public,En agglomération,Hors intersection,Pluie légère,Deux véhicules - côté,3,2,3,0,1,1,2,0,1,50,2,2,1,0,0,1,21.0,46.0,voiture,voiture,3,2,1,2,3
201900007504,2019-11-27 19:20:00,2019,11,27,19,20,31,31555,AV JULES JULIEN,43.57655,1.45097,Nuit avec éclairage allumé,En agglomération,Intersection en X,Normale,Deux véhicules - côté,4,2,2,0,1,1,1,0,1,50,2,2,1,0,0,1,29.0,25.0,deux_roues,utilitaire_camion,5,2,2,1,3
201900007505,2019-11-28 07:49:00,2019,11,28,7,49,30,30189,ECLUSE (PLACE OU RUE),43.83915,4.36577,Plein jour,En agglomération,Intersection en X,Normale,Deux véhicules - côté,4,-1,0,0,1,1,1,5,1,50,2,2,1,0,1,0,19.0,47.0,deux_roues,voiture,1,2,2,1,3
201900007506,2019-11-28 18:30:00,2019,11,28,18,30,27,27681,BOURBON PENTHIEVRE (RUE),49.0936,1.4867,Nuit avec éclairage allumé,En agglomération,Hors intersection,Pluie légère,Autre collision,4,2,1,0,1,1,9,0,1,20,1,2,1,0,1,0,30.0,,voiture,,5,2,1,2,6
201900007507,2019-11-27 19:45:00,2019,11,27,19,45,22,22113,PLACENN AR GUER (RUE DE),48.744609,-3.453198,Nuit avec éclairage allumé,En agglomération,Hors intersection,Pluie forte,Deux véhicules - frontale,4,2,2,-1,2,1,2,0,1,50,2,2,1,0,0,1,62.0,30.0,voiture,voiture,5,2,1,3,1
201900007508,2019-11-28 17:43:00,2019,11,28,17,43,17,17300,MISSY   RUE DE,46.16088,-1.17067,Nuit avec éclairage allumé,En agglomération,Hors intersection,Normale,Autre collision,4,-1,2,0,1,2,2,5,4,50,1,2,1,0,0,1,16.0,,deux_roues,,5,2,1,1,6
201900007509,2019-11-28 20:30:00,2019,11,28,20,30,13,13208,MICHELET (BOULEVARD),43.261227,5.397697,Nuit avec éclairage allumé,En agglomération,Hors intersection,Normale,Deux véhicules - côté,4,-1,6,0,1,1,1,0,1,50,2,1,0,0,0,1,37.0,,deux_roues,,5,2,1,1,3
201900007510,2019-11-28 06:00:00,2019,11,28,6,0,13,13209,SAINTE MARGUERITE (BOULEVARD),43.26868,5.40416,Nuit avec éclairage allumé,En agglomération,Intersection en T,Normale,Autre collision,4,2,0,0,1,1,1,0,1,50,1,2,1,0,1,0,34.0,,voiture,,5,2,3,1,6
201900007511,2019-11-27 12:55:00,2019,11,27,12,55,6,06088,RISSO (BD),43.701354,7.279063,Plein jour,En agglomération,Intersection en X,Normale,Autre collision,4,1,3,0,1,1,1,0,1,50,1,2,1,1,0,0,59.0,,voiture,,1,2,2,1,6
201900007512,2019-11-28 16:50:00,2019,11,28,16,50,976,97611,passamanty-Vahibé ( route ),-12.79304,45.18843,Plein jour,Hors agglomération,Hors intersection,Normale,Deux véhicules - côté,3,2,0,0,2,4,1,0,1,50,2,2,1,0,0,1,21.0,27.0,deux_roues,voiture,1,1,1,1,3
201900007513,2019-12-26 09:25:00,2019,12,26,9,25,79,79329,16 avenue Emile Zola,46.98637,-0.210954,Plein jour,En agglomération,Hors intersection,Normale,Deux véhicules - côté,4,-1,0,0,1,1,1,0,4,30,2,2,1,0,1,0,52.0,58.0,deux_roues,voiture,1,2,1,1,3
201900007514,2019-12-17 19:50:00,2019,12,17,19,50,64,64445,NAPOLEON BONAPARTE,43.292719,-0.369196,Nuit avec éclairage allumé,En agglomération,Autre intersection,Pluie légère,Autre collision,4,2,2,0,4,2,2,0,1,50,1,2,1,0,0,1,60.0,,voiture,,5,2,9,2,6
201900007515,2019-12-24 18:15:00,2019,12,24,18,15,62,62907,SCHUMANN (BD ),50.47254,3.01639,Nuit sans éclairage public,En agglomération,Intersection en X,Pluie forte,Deux véhicules - côté,3,2,2,0,1,1,2,5,1,50,2,3,1,0,1,1,28.0,62.0,voiture,utilitaire_camion,3,2,2,3,3
201900007516,2019-12-24 17:30:00,2019,12,24,17,30,42,42207,DE GAULLE RUE DU GENERAL,45.466813,4.519748,Nuit avec éclairage allumé,En agglomération,Hors intersection,Temps couvert,Deux véhicules - côté,4,2,2,0,1,1,1,0,1,50,2,2,1,0,1,0,20.0,69.0,deux_roues,voiture,5,2,1,8,3
201900007517,2019-12-21 15:25:00,2019,12,21,15,25,17,17449,GAULLE AVENUE DU GENERAL,45.94538,-0.89685,Plein jour,En agglomération,Intersection en T,Pluie forte,Deux véhicules - côté,4,2,2,0,1,1,2,0,1,30,2,2,1,0,1,0,56.0,22.0,voiture,deux_roues,1,2,3,3,3
201900007518,2019-12-26 08:22:00,2019,12,26,8,22,29,29259,Rue du Reseau Centurie OCM,48.6872897,-3.9868934,Nuit avec éclairage allumé,En agglomération,Intersection en X,Normale,Autre collision,4,2,2,0,1,1,2,5,1,50,1,2,1,0,0,1,40.0,,voiture,,5,2,2,1,6
201900007519,2019-12-04 12:05:00,2019,12,4,12,5,6,06085,250 Chemin de Font Graissan,43.582189,7.010676,Plein jour,En agglomération,Hors intersection,Normale,Deux véhicules - côté,4,2,2,0,1,3,1,0,1,50,2,2,1,0,1,0,40.0,44.0,voiture,deux_roues,1,2,1,1,3
201900007520,2019-12-12 17:20:00,2019,12,12,17,20,69,69283,Route d'Heyrieux,45.67395,4.97314,Nuit avec éclairage allumé,En agglomération,Autre intersection,Normale,Deux véhicules - arrière,3,2,2,0,2,1,1,0,1,50,2,2,1,0,0,1,31.0,43.0,voiture,voiture,5,2,9,1,2
201900007521,2019-12-21 22:40:00,2019,12,21,22,40,91,91161,AUTOROUTE A6,48.69629,2.31663,Nuit avec éclairage non allumé,Hors agglomération,Hors intersection,Pluie légère,Autre collision,1,3,3,0,1,1,2,0,1,110,1,1,0,0,0,1,18.0,,utilitaire_camion,,4,1,1,2,6
201900007522,2019-11-28 18:40:00,2019,11,28,18,40,91,91691,GABRIEL PERI(RUE) DU N°4 AU N°69,48.70766,2.48795,Nuit avec éclairage allumé,En agglomération,Hors intersection,Normale,Autre collision,4,2,2,0,2,1,1,0,1,50,1,2,1,0,0,1,44.0,,voiture,,5,2,1,1,6
201900007523,2019-12-15 04:52:00,2019,12,15,4,52,87,87085,SAINT MAURICE (BOULEVARD),45.83036,1.2677,Nuit avec éclairage allumé,En agglomération,Hors intersection,Normale,Autre collision,4,2,2,0,2,1,1,0,1,50,1,1,0,0,0,1,,,,,5,2,1,1,6
201900007524,2019-11-30 19:32:00,2019,11,30,19,32,87,87050,BUXEROLLES (ROUTE DE),45.87548,1.24942,Crépuscule ou aube,En agglomération,Hors intersection,Pluie légère,Deux véhicules - frontale,4,2,2,0,1,1,2,0,1,50,2,4,2,0,0,2,55.0,65.0,voiture,voiture,2,2,1,2,1
201900007525,2019-09-19 18:10:00,2019,9,19,18,10,78,78646,SAINT ANTOINE (BOULEVARD),48.81542,2.12842,Plein jour,En agglomération,Giratoire,Normale,Autre collision,3,-1,0,0,1,3,1,0,1,50,1,2,1,0,1,0,44.0,,voiture,,1,2,6,1,6
201900007526,2019-09-23 15:40:00,2019,9,23,15,40,78,78490,SAINT GERMAIN (AVENUE DE),48.82739,1.963412,Plein jour,En agglomération,Hors intersection,Normale,Trois véhicules et plus - en chaîne,3,-1,4,0,1,3,1,0,1,50,3,5,4,0,0,1,45.0,66.0,voiture,voiture,1,2,1,1,4
201900007527,2019-11-08 09:30:00,2019,11,8,9,30,73,73065,N201,45.5846066,5.908285,Plein jour,Hors agglomération,Hors intersection,Normale,Deux véhicules - arrière,2,1,1,0,1,1,2,3,1,-1,2,3,2,0,0,1,30.0,50.0,voiture,voiture,1,1,1,1,2
201900007528,2019-11-28 17:45:00,2019,11,28,17,45,71,71153,ALBERT 1ER (RUE),46.79504,4.42508,Nuit avec éclairage allumé,En agglomération,Intersection en X,Pluie légère,Deux véhicules - côté,4,2,3,0,1,1,2,0,1,50,2,2,0,0,0,2,41.0,30.0,voiture,voiture,5,2,2,2,3
201900007529,2019-09-15 00:20:00,2019,9,15,0,20,69,69266,GENAS    (Route de),45.75178,4.90393,Nuit avec éclairage non allumé,En agglomération,Hors intersection,Normale,Deux véhicules - côté,4,2,3,0,1,1,1,0,1,50,2,4,3,0,0,1,33.0,21.0,voiture,voiture,4,2,1,1,3
201900007530,2019-12-01 06:30:00,2019,12,1,6,30,69,69266,EMILE ZOLA     (Cours),45.7676,4.8897,Nuit avec éclairage allumé,En agglomération,Intersection en X,Pluie forte,Deux véhicules - côté,4,2,1,0,1,1,2,0,1,50,2,2,0,0,0,2,44.0,21.0,voiture,voiture,5,2,2,3,3
201900007531,2019-12-02 18:00:00,2019,12,2,18,0,69,69092,TARARE (route de),45.98107,4.69377,Nuit sans éclairage public,Hors agglomération,Intersection en X,Normale,Trois véhicules et plus - collisions multiples,3,2,2,0,1,1,1,0,1,50,3,3,2,0,0,1,31.0,30.0,voiture,voiture,3,1,2,1,5
201900007532,2019-12-02 11:36:00,2019,12,2,11,36,63,63113,LIMOUSIN (AVENUE DU),45.7897009,3.0607401,Plein jour,En agglomération,Hors intersection,Pluie légère,Autre collision,7,2,2,0,1,1,2,0,1,50,2,3,1,0,0,2,77.0,45.0,voiture,voiture,1,2,1,2,6
201900007533,2019-12-02 15:04:00,2019,12,2,15,4,63,63113,MICHEL ANGE,45.76069,3.13189,Plein jour,En agglomération,Hors intersection,Pluie légère,Deux véhicules - frontale,4,2,2,0,1,1,2,0,1,50,2,2,0,0,0,2,31.0,50.0,voiture,voiture,1,2,1,2,1
201900007534,2019-11-27 17:20:00,2019,11,27,17,20,54,54265,RD 570,48.635445,6.181811,Nuit avec éclairage allumé,Hors agglomération,Hors intersection,Pluie légère,Deux véhicules - arrière,4,2,3,1,1,1,1,1,1,50,2,4,3,0,0,1,63.0,19.0,voiture,voiture,5,1,1,2,2
201900007535,2019-11-29 22:15:00,2019,11,29,22,15,49,49328,THOUET (RIVES DU),47.2514,-0.08204,Nuit sans éclairage public,En agglomération,Hors intersection,Pluie légère,Autre collision,9,-1,1,1,1,2,2,0,1,30,1,3,0,0,0,3,31.0,,voiture,,3,2,1,2,6
201900007536,2019-12-03 08:00:00,2019,12,3,8,0,45,45234,BD MARIE STUART -R D'AMBERT,47.9084905,1.9382799,Plein jour,En agglomération,Intersection en T,Normale,Deux véhicules - côté,4,3,2,0,1,1,1,-1,1,50,2,2,1,0,0,1,37.0,58.0,voiture,deux_roues,1,2,3,1,3
201900007537,2019-12-02 07:33:00,2019,12,2,7,33,45,45302,PLACE DU VILPOT,47.9321854,1.8889993,Nuit avec éclairage allumé,En agglomération,Giratoire,Normale,Autre collision,4,2,2,0,1,1,1,0,1,50,1,2,1,0,0,1,24.0,,voiture,,5,2,6,1,6
201900007538,2019-11-28 17:48:00,2019,11,28,17,48,45,45234,RUE AUGUSTE RENOIR,47.825,1.9319,Nuit sans éclairage public,En agglomération,Hors intersection,Pluie légère,Deux véhicules - côté,4,2,2,1,1,1,2,0,1,50,2,2,1,0,0,1,42.0,32.0,deux_roues,voiture,3,2,1,2,3
201900007539,2019-11-27 21:15:00,2019,11,27,21,15,38,38185,AVENUE DE L'EUROPE,45.15886,5.73318,Nuit avec éclairage non allumé,En agglomération,Hors intersection,Normale,Autre collision,4,1,2,0,1,4,2,0,1,50,1,2,1,0,1,0,24.0,,voiture,,4,2,1,1,6
201900007540,2019-11-14 22:35:00,2019,11,14,22,35,33,33522,CRS DE LA LIBERATION,44.80108,-0.59489,Nuit avec éclairage allumé,En agglomération,Hors intersection,Normale,Deux véhicules - côté,4,2,2,0,1,1,1,0,1,50,2,2,1,0,0,1,28.0,25.0,voiture,deux_roues,5,2,1,1,3
201900007541,2019-12-01 06:43:00,2019,12,1,6,43,30,30189,FRANCAIS LIBRES (BD),43.8399,4.3195,Nuit avec éclairage allumé,En agglomération,Hors intersection,Pluie forte,Deux véhicules - frontale,4,2,4,0,3,1,2,1,1,50,2,4,1,0,1,2,52.0,20.0,voiture,voiture,5,2,1,3,1
201900007542,2019-08-21 11:05:00,2019,8,21,11,5,29,29019,KERGOAT,48.401,-4.50347,Plein jour,En agglomération,Autre intersection,Normale,Deux véhicules - frontale,4,2,2,0,2,1,1,0,1,50,2,2,0,0,0,2,58.0,32.0,voiture,voiture,1,2,9,1,1
201900007543,2019-08-16 15:40:00,2019,8,16,15,40,29,29019,LYON (DE 1 A 33 ET 2 A 28),48.38727,-4.48606,Plein jour,En agglomération,Intersection en X,Normale,Deux véhicules - côté,4,2,2,0,2,1,2,0,1,50,2,3,1,0,0,2,24.0,55.0,voiture,deux_roues,1,2,2,1,3
201900007544,2019-12-13 13:50:00,2019,12,13,13,50,22,22360,ROCHERS (RUE DES),48.474588,-2.750639,Plein jour,Hors agglomération,Hors intersection,Normale,Deux véhicules - côté,3,2,2,0,1,3,1,0,1,50,2,2,1,0,0,1,40.0,33.0,voiture,voiture,1,1,1,1,3
201900007545,2019-12-02 16:35:00,2019,12,2,16,35,18,18279,PUITS BERTEAU (DE LA RUE A.RIBAUD RUE DE,47.236551,2.075757,Plein jour,En agglomération,Intersection en X,Normale,Deux véhicules - côté,7,-1,0,0,1,1,1,0,1,50,2,3,1,0,0,2,24.0,29.0,voiture,voiture,1,2,2,1,3
201900007546,2019-10-03 00:35:00,2019,10,3,0,35,17,17300,VILLENEUVE   RUE,46.16175,-1.14669,Nuit avec éclairage allumé,En agglomération,Intersection en X,Normale,Deux véhicules - côté,4,1,1,0,1,1,1,5,1,30,2,3,1,0,0,2,31.0,22.0,voiture,voiture,5,2,2,1,3
201900007547,2019-12-03 16:25:00,2019,12,3,16,25,14,14699,MARAIS (CHEMIN DU),49.35093,0.09276,Crépuscule ou aube,En agglomération,Intersection en X,Normale,Autre collision,3,2,4,0,1,1,1,5,1,70,1,2,1,0,0,1,54.0,,voiture,,2,2,2,1,6
201900007548,2019-12-01 23:00:00,2019,12,1,23,0,13,13206,BAILLE (BOULEVARD),43.28647,5.38571,Nuit avec éclairage allumé,En agglomération,Intersection en X,Normale,Trois véhicules et plus - en chaîne,4,2,6,3,2,1,2,0,1,50,3,8,1,0,0,7,22.0,19.0,voiture,voiture,5,2,2,1,4
201900007549,2019-12-02 08:40:00,2019,12,2,8,40,13,13047,D.5,43.4429,5.02868,Crépuscule ou aube,Hors agglomération,Hors intersection,Temps éblouissant,Deux véhicules - arrière,3,3,4,0,1,3,9,9,1,90,2,1,0,0,0,1,65.0,,voiture,,2,1,1,7,2
201900007550,2019-12-03 19:50:00,2019,12,3,19,50,973,97302,PLACE DU COQ,4.9359,-52.33457,Nuit avec éclairage allumé,En agglomération,Place,Normale,Deux véhicules - côté,4,1,1,0,1,1,1,0,1,50,2,3,2,0,0,1,55.0,58.0,deux_roues,voiture,5,2,7,1,3
201900007551,2019-12-02 23:40:00,2019,12,2,23,40,973,97302,ROUTE NATIONALE 1,4.9189968,-52.3308098,Nuit avec éclairage allumé,Hors agglomération,Hors intersection,Normale,Autre collision,2,3,4,0,1,1,1,0,1,90,2,4,3,1,0,0,22.0,21.0,voiture,voiture,5,1,1,1,6
201900007552,2019-12-16 20:50:00,2019,12,16,20,50,69,69259,PINEL                               (BD),45.72264,4.88732,Nuit avec éclairage allumé,En agglomération,Hors intersection,Normale,Autre collision,7,1,3,0,1,1,1,2,1,50,1,1,0,0,0,1,28.0,,deux_roues,,5,2,1,1,6
201900007553,2019-12-16 21:25:00,2019,12,16,21,25,69,69387,CLAUDE BERNARD                      (QU),45.75265,4.83755,Nuit avec éclairage allumé,En agglomération,Hors intersection,Normale,Sans collision,7,1,3,0,1,1,1,9,1,50,1,1,0,0,0,1,45.0,,deux_roues,,5,2,1,1,7
201900007554,2019-12-16 07:25:00,2019,12,16,7,25,69,69387,GERLAND (DE)                        (R ),45.73912,4.8403,Nuit avec éclairage allumé,En agglomération,Hors intersection,Normale,Autre collision,4,2,2,0,1,1,1,0,1,50,1,2,1,0,0,1,51.0,,voiture,,5,2,1,1,6
201900007555,2019-12-03 20:35:00,2019,12,3,20,35,69,69383,LACASSAGNE                          (AV),45.75319,4.86895,Nuit avec éclairage allumé,En agglomération,Hors intersection,Normale,Deux véhicules - arrière,7,2,4,3,1,1,1,0,1,50,2,3,2,0,0,1,33.0,18.0,voiture,deux_roues,5,2,1,1,2
201900007556,2019-12-03 22:00:00,2019,12,3,22,0,69,69259,AUGUSTE BLANQUI                     (R ),45.70174,4.8745,Nuit avec éclairage allumé,En agglomération,Intersection en T,Normale,Deux véhicules - côté,4,2,2,0,2,1,1,0,1,50,2,3,1,0,0,2,23.0,35.0,deux_roues,voiture,5,2,3,1,3
201900007557,2019-12-02 15:30:00,2019,12,2,15,30,69,69383,MARECHAL DE SAXE                    (AV),45.75593,4.84659,Plein jour,En agglomération,Hors intersection,Normale,Autre collision,4,2,3,3,1,1,1,0,1,50,1,2,1,0,0,1,34.0,,voiture,,1,2,1,1,6
201900007558,2019-12-16 13:10:00,2019,12,16,13,10,972,97213,Z I LA JAMBETTE,14.6167,-61.03634,Plein jour,En agglomération,Hors intersection,Normale,Deux véhicules - côté,4,2,2,0,1,1,1,0,1,30,2,2,1,0,0,1,76.0,54.0,voiture,deux_roues,1,2,1,1,3
201900007559,2019-11-30 00:50:00,2019,11,30,0,50,69,69034,BELLEVUE                            (QU),45.7881,4.8636,Nuit avec éclairage allumé,En agglomération,Intersection en Y,Pluie légère,Autre collision,4,1,1,0,2,2,2,3,1,50,1,4,1,0,0,3,22.0,,voiture,,5,2,4,2,6
201900007560,2019-12-03 17:20:00,2019,12,3,17,20,69,69034,RAYMOND POINCARE                    (PT),45.791,4.86042,Nuit avec éclairage allumé,En agglomération,Intersection en X,Normale,Deux véhicules - côté,3,1,3,3,2,1,1,3,1,50,2,2,1,1,0,0,39.0,48.0,deux_roues,utilitaire_camion,5,2,2,1,3
201900007561,2019-12-14 18:30:00,2019,12,14,18,30,971,97113,GENERAL DE GAULLE (AVENUE),16.20578,-61.4889,Nuit avec éclairage allumé,En agglomération,Hors intersection,Normale,Sans collision,3,1,1,0,1,1,1,0,1,50,1,1,0,0,0,1,38.0,,deux_roues,,5,2,1,1,7
201900007562,2019-12-01 09:10:00,2019,12,1,9,10,971,97113,GENERAL DE GAULLE (AVENUE),16.20611,-61.49662,Plein jour,En agglomération,Hors intersection,Normale,Deux véhicules - frontale,3,2,2,0,1,1,1,0,1,50,2,2,1,0,1,0,26.0,26.0,deux_roues,voiture,1,2,1,1,1
201900007563,2019-12-01 06:35:00,2019,12,1,6,35,971,97101,DUGAZON,16.251746,-61.518854,Plein jour,Hors agglomération,Hors intersection,Normale,Deux véhicules - côté,3,2,2,0,2,2,1,0,1,70,2,2,1,0,0,1,66.0,47.0,voiture,deux_roues,1,1,1,1,3
201900007564,2019-12-03 14:15:00,2019,12,3,14,15,2A,2A004,CAMPI LOUIS BD,41.94487,8.75827,Plein jour,En agglomération,Giratoire,Normale,Deux véhicules - côté,2,1,2,0,1,2,1,5,1,50,2,2,1,0,0,1,18.0,35.0,deux_roues,voiture,1,2,6,1,3
201900007565,2019-12-02 10:45:00,2019,12,2,10,45,2A,2A004,LORETTO CHEMIN,41.9306,8.732,Plein jour,En agglomération,Intersection en T,Normale,Deux véhicules - côté,4,2,2,0,1,1,1,0,1,30,2,1,0,0,0,1,36.0,,voiture,,1,2,3,1,3
201900007566,2019-12-01 23:15:00,2019,12,1,23,15,95,95539,DEUX PILIERS (RUE DES),48.99803,2.36663,Nuit avec éclairage allumé,En agglomération,Hors intersection,Normale,Deux véhicules - côté,4,-1,2,0,1,1,1,0,1,50,2,2,1,0,0,1,26.0,26.0,voiture,voiture,5,2,1,1,3
201900007567,2019-12-02 13:45:00,2019,12,2,13,45,95,95277,route deparementale 370,48.97447,2.46031,Plein jour,En agglomération,Hors intersection,Normale,Autre collision,3,3,4,0,2,3,1,0,1,50,1,1,0,0,0,1,29.0,,utilitaire_camion,,1,2,1,1,6
201900007568,2019-12-03 18:30:00,2019,12,3,18,30,91,91589,BRIAND (BOULEVARD ARISTIDE),48.6915,2.3572,Nuit avec éclairage allumé,En agglomération,Intersection en T,Normale,Deux véhicules - arrière,4,2,2,0,1,1,1,0,1,50,2,2,1,0,0,1,66.0,33.0,voiture,deux_roues,5,2,3,1,2
201900007569,2019-12-02 13:55:00,2019,12,2,13,55,91,91064,"GISY (ROUTE, JUSQU'A BUROSPACE)",48.76591,2.21899,Plein jour,En agglomération,Hors intersection,Normale,Autre collision,6,2,2,0,1,1,1,0,1,30,1,1,0,0,0,1,28.0,,deux_roues,,1,2,1,1,6
201900007570,2019-12-02 18:15:00,2019,12,2,18,15,91,91691,GABRIEL PERI(RUE) DU N°124 AU N°183,48.71053,2.48871,Nuit avec éclairage allumé,En agglomération,Giratoire,Normale,Autre collision,4,2,2,0,1,1,1,0,1,50,1,2,1,0,0,1,47.0,,voiture,,5,2,6,1,6
201900007571,2019-12-16 08:30:00,2019,12,16,8,30,91,91286,EMILE ALLIAUD (AVENUE),48.6478,2.37,Nuit avec éclairage allumé,En agglomération,Hors intersection,Pluie forte,Autre collision,3,1,4,0,1,1,2,9,1,50,1,3,1,0,0,2,37.0,,utilitaire_camion,,5,2,1,3,6
201900007572,2019-12-02 18:15:00,2019,12,2,18,15,91,91223,MAI 1945 (AVENUE DU 8),48.43775,2.16263,Nuit avec éclairage allumé,En agglomération,Hors intersection,Normale,Autre collision,3,2,2,0,2,1,1,0,1,50,1,2,1,0,0,1,46.0,,voiture,,5,2,1,1,6
201900007573,2019-12-15 19:10:00,2019,12,15,19,10,91,91657,PIERRE BROSSOLETTE (RUE),48.7024,2.43951,Nuit avec éclairage allumé,En agglomération,Intersection en T,Pluie légère,Deux véhicules - côté,4,2,2,0,1,1,2,0,1,50,2,1,0,0,0,1,47.0,,deux_roues,,5,2,3,2,3
201900007574,2019-12-16 18:00:00,2019,12,16,18,0,91,91174,MAINTENANT(RUE PAUL),48.61147,2.45325,Crépuscule ou aube,En agglomération,Giratoire,Normale,Deux véhicules - arrière,4,-1,1,0,1,1,1,0,1,50,2,2,1,0,0,1,26.0,28.0,voiture,autre,2,2,6,1,2
201900007575,2019-12-15 21:50:00,2019,12,15,21,50,91,91174,CHEVALIER SAINT JEAN,48.607034,2.477553,Nuit avec éclairage allumé,En agglomération,Intersection en X,Pluie légère,Deux véhicules - côté,4,2,2,0,2,1,2,0,1,50,2,2,1,0,0,1,20.0,,voiture,,5,2,2,2,3
201900007576,2019-12-16 07:30:00,2019,12,16,7,30,91,91479,VERDUN (AVENUE),48.70559,2.35468,Crépuscule ou aube,En agglomération,Giratoire,Pluie légère,Autre collision,3,2,2,0,1,1,2,9,1,50,1,2,1,0,0,1,65.0,,voiture,,2,2,6,2,6
201900007577,2019-11-29 17:45:00,2019,11,29,17,45,91,91021,VERDUN (AVENUE DE),48.581503,2.242104,Nuit avec éclairage allumé,En agglomération,Hors intersection,Pluie légère,Sans collision,4,2,2,0,1,1,2,9,1,30,1,4,3,0,0,1,18.0,,voiture,,5,2,1,2,7
201900007578,2019-12-15 13:37:00,2019,12,15,13,37,87,87085,COMTE (RUE AUGUSTE),45.87316,1.26884,Plein jour,En agglomération,Hors intersection,Pluie légère,Deux véhicules - côté,4,2,2,0,1,1,2,0,1,50,2,2,1,0,0,1,19.0,55.0,deux_roues,utilitaire_camion,1,2,1,2,3
201900007579,2019-12-02 09:40:00,2019,12,2,9,40,87,87085,TUILIERES (RUE DES),45.84958,1.25009,Plein jour,En agglomération,Hors intersection,Normale,Deux véhicules - arrière,4,2,2,0,1,1,1,0,1,50,2,2,1,0,0,1,25.0,51.0,voiture,voiture,1,2,1,1,2
201900007580,2019-12-01 04:38:00,2019,12,1,4,38,87,87085,RANSON (RUE LOUIS CASIMIR),45.82631,1.24399,Nuit avec éclairage allumé,En agglomération,Hors intersection,Pluie légère,Autre collision,4,2,2,0,1,1,2,0,1,50,1,1,0,0,0,1,20.0,,voiture,,5,2,1,2,6
201900007581,2019-11-29 18:17:00,2019,11,29,18,17,87,87114,CARNOT (AVENUE PRESIDENT-SADI-),45.82964,1.29721,Crépuscule ou aube,En agglomération,Hors intersection,Pluie légère,Autre collision,3,2,2,0,1,1,2,0,1,50,1,2,1,0,0,1,53.0,,voiture,,2,2,1,2,6
201900007582,2019-12-14 18:55:00,2019,12,14,18,55,86,86194,PONT ACHARD (BOULEVARD),46.5787353,0.3317843,Nuit avec éclairage allumé,En agglomération,Hors intersection,Pluie forte,Deux véhicules - côté,4,3,4,0,2,1,2,0,1,50,2,4,2,0,1,1,19.0,54.0,voiture,voiture,5,2,1,3,3
201900007583,2019-12-02 17:20:00,2019,12,2,17,20,86,86194,GRAND CERF (BOULEVARD DU),46.58668,0.33898,Nuit avec éclairage allumé,En agglomération,Hors intersection,Normale,Deux véhicules - arrière,4,2,2,0,1,1,1,0,1,50,2,3,1,0,1,1,42.0,21.0,voiture,deux_roues,5,2,1,1,2
201900007584,2019-12-02 16:45:00,2019,12,2,16,45,86,86194,FAUBOURG PONT NEUF (RUE DU),46.5773907,0.3518627,Plein jour,En agglomération,Intersection en T,Normale,Deux véhicules - côté,4,2,3,0,2,1,1,0,1,50,2,2,1,0,0,1,16.0,76.0,deux_roues,voiture,1,2,3,1,3
201900007585,2019-11-22 22:30:00,2019,11,22,22,30,86,86194,ANDRE MALRAUX (VOIE),46.58736,0.35004,Nuit avec éclairage allumé,En agglomération,Hors intersection,Pluie légère,Autre collision,4,3,4,0,2,2,2,0,1,50,1,1,0,0,0,1,21.0,,voiture,,5,2,1,2,6
201900007586,2019-11-25 09:25:00,2019,11,25,9,25,30,30351,GARE AVENUE DE LA,43.956339,4.792374,Plein jour,En agglomération,Autre intersection,Normale,Autre collision,4,2,-1,-1,1,1,-1,0,8,-1,1,2,1,0,1,0,84.0,,voiture,,1,2,9,1,6
201900007587,2019-12-02 22:30:00,2019,12,2,22,30,83,83144,RD46 (CHEMIN),43.16255,5.94892,Nuit sans éclairage public,Hors agglomération,Hors intersection,Autre,Autre collision,3,2,2,0,2,1,2,6,1,70,1,1,0,0,1,0,,,,,3,1,1,9,6
201900007588,2019-12-03 16:35:00,2019,12,3,16,35,83,83137,BRIAND (AVE ARISTIDE),43.12052,5.88875,Plein jour,En agglomération,Hors intersection,Normale,Deux véhicules - arrière,4,2,6,0,1,1,1,0,1,50,2,2,1,0,0,1,40.0,39.0,voiture,voiture,1,2,1,1,2
201900007589,2019-12-02 08:50:00,2019,12,2,8,50,83,83062,DUCLOS (AVENUE JACQUES),43.120483,6.01107,Plein jour,En agglomération,Hors intersection,Normale,Sans collision,4,2,2,0,1,1,2,0,1,50,1,2,1,0,0,1,49.0,,voiture,,1,2,1,1,7