accident_id,datetime,annee,mois,jour,heure,minute,departement,commune_insee,adresse,latitude,longitude,luminosite,agglomeration,intersection,meteo,collision,catr,circ,nbv,vosp,prof,plan,surf,infra,situ,vma,nb_vehicules,nb_usagers,nb_indemnes,nb_tues,nb_blesses_hosp,nb_blesses_legers,age_cond_1,age_cond_2,veh_type_cond_1,veh_type_cond_2,lum_code,agg_code,int_code,atm_code,col_code
201900007774,2019-09-16 17:20:00,2019,9,16,17,20,17,17299,HUIT MAI 1945 AVENUE DU,45.961401,-0.969743,Plein jour,En agglomération,Hors intersection,Normale,Autre collision,4,2,2,0,1,1,1,0,1,50,1,2,1,0,0,1,64.0,,voiture,,1,2,1,1,6
201900007775,2019-09-16 06:45:00,2019,9,16,6,45,13,13211,RTE D' ALLAUCH,43.3112,5.49966,Crépuscule ou aube,En agglomération,Hors intersection,Normale,Deux véhicules - arrière,3,2,2,0,2,1,1,0,1,80,2,2,0,0,0,2,24.0,49.0,voiture,utilitaire_camion,2,2,1,1,2
201900007776,2019-09-16 08:35:00,2019,9,16,8,35,10,10081,GENERAL SARRAIL (AVE),48.30757,4.04302,Plein jour,En agglomération,Hors intersection,Normale,Autre collision,4,2,2,1,1,1,1,9,5,50,1,3,2,0,0,1,38.0,,voiture,,1,2,1,1,6
201900007777,2019-09-15 17:57:00,2019,9,15,17,57,10,10387,ST DOMINIQUE (MAIL),48.29492,4.0816,Plein jour,En agglomération,Hors intersection,Normale,Deux véhicules - frontale,4,-1,4,0,1,1,1,0,1,50,2,2,1,0,1,0,19.0,32.0,deux_roues,voiture,1,2,1,1,1
201900007778,2019-09-15 16:44:00,2019,9,15,16,44,10,10333,ECHENILLY (RUE),48.27388,4.0398,Plein jour,En agglomération,Hors intersection,Normale,Autre collision,3,-1,2,0,1,1,1,0,1,50,1,1,0,0,0,1,58.0,,voiture,,1,2,1,1,6
201900007779,2019-08-30 22:50:00,2019,8,30,22,50,7,07281,C.D.533,44.93465,4.81519,Nuit sans éclairage public,Hors agglomération,Hors intersection,Normale,Autre collision,3,2,0,0,2,1,1,0,1,80,1,1,0,0,0,1,44.0,,deux_roues,,3,1,1,1,6
201900007780,2019-09-13 16:00:00,2019,9,13,16,0,7,07116,,44.6382,4.3745,Plein jour,Hors agglomération,Hors intersection,Normale,Deux véhicules - frontale,2,2,2,0,1,3,1,0,1,70,2,4,0,1,3,0,65.0,81.0,voiture,voiture,1,1,1,1,1
201900007781,2019-09-15 01:00:00,2019,9,15,1,0,6,06088,PENETRANTE DU PAILLON,43.73122,7.28598,Nuit avec éclairage allumé,En agglomération,Hors intersection,Normale,Deux véhicules - frontale,7,2,2,0,3,1,1,2,1,50,2,4,2,0,2,0,27.0,21.0,voiture,voiture,5,2,1,1,1
201900007782,2019-09-16 19:00:00,2019,9,16,19,0,6,06069,HALTE (ROND-POINT),43.641455,6.911597,Plein jour,En agglomération,Hors intersection,Normale,Deux véhicules - arrière,3,-1,2,0,1,2,1,0,1,50,2,2,1,0,0,1,47.0,32.0,voiture,voiture,1,2,1,1,2
201900007783,2019-09-16 10:56:00,2019,9,16,10,56,6,06069,DRAGUIGNAN (ROUTE DE) - D2562-,43.645256,6.902896,Plein jour,En agglomération,Hors intersection,Normale,Sans collision,3,2,2,0,2,2,1,2,1,50,1,1,0,0,0,1,23.0,,voiture,,1,2,1,1,7
201900007784,2019-09-16 09:55:00,2019,9,16,9,55,6,06069,CARNOT (BOULEVARD ET TRAVERSE),43.654834,6.921378,Plein jour,En agglomération,Hors intersection,Normale,Deux véhicules - arrière,3,2,2,0,1,1,1,0,2,50,2,2,1,0,0,1,42.0,31.0,voiture,voiture,1,2,1,1,2
201900007785,2019-09-16 10:20:00,2019,9,16,10,20,75,75118,BD PERIPHERIQUE EXTERIEUR,48.900942,2.357553,Plein jour,En agglomération,Hors intersection,Normale,Trois véhicules et plus - en chaîne,4,1,4,0,1,1,1,0,1,70,3,4,3,0,0,1,40.0,40.0,voiture,voiture,1,2,1,1,4
201900007786,2019-09-16 10:00:00,2019,9,16,10,0,75,75112,BD PERIPHERIQUE EXTERIEUR,48.832542,2.406109,Plein jour,En agglomération,Hors intersection,Normale,Deux véhicules - côté,4,1,4,0,1,1,1,0,1,70,2,2,1,0,0,1,22.0,38.0,voiture,deux_roues,1,2,1,1,3
201900007787,2019-09-16 09:25:00,2019,9,16,9,25,75,75116,BD PERIPHERIQUE INTERIEUR,48.8593849,2.2628401,Plein jour,En agglomération,Hors intersection,Normale,Trois véhicules et plus - en chaîne,4,1,4,0,1,1,1,0,1,70,3,3,2,0,0,1,30.0,40.0,deux_roues,deux_roues,1,2,1,1,4
201900007788,2019-09-14 12:35:00,2019,9,14,12,35,75,75119,BD PERIPHERIQUE EXTERIEUR,48.900606,2.373933,Plein jour,En agglomération,Hors intersection,Normale,Deux véhicules - arrière,4,1,4,0,1,1,1,0,1,70,2,2,1,0,0,1,33.0,20.0,voiture,deux_roues,1,2,1,1,2
201900007789,2019-09-16 18:34:00,2019,9,16,18,34,75,75118,RUE ORDENER,48.8902513,2.3599153,Plein jour,En agglomération,Intersection en X,Normale,Deux véhicules - côté,4,2,2,0,1,1,1,0,1,50,2,5,4,0,0,1,54.0,60.0,voiture,voiture,1,2,2,1,3
201900007790,2019-09-16 21:05:00,2019,9,16,21,5,75,75120,RUE HAXO,48.8759964,2.4025526,Nuit avec éclairage allumé,En agglomération,Intersection en X,Normale,Deux véhicules - côté,4,1,1,0,2,1,1,0,1,50,2,2,1,0,0,1,32.0,22.0,voiture,deux_roues,5,2,2,1,3
201900007791,2019-09-16 19:50:00,2019,9,16,19,50,75,75120,RUE DES PRAIRIES,48.862414,2.4034529,Nuit avec éclairage allumé,En agglomération,Intersection en T,Normale,Autre collision,4,2,2,0,1,1,1,0,1,50,1,2,1,0,0,1,54.0,,voiture,,5,2,3,1,6
201900007792,2019-09-16 14:45:00,2019,9,16,14,45,75,75120,RUE DES PYRENEES,48.8587524,2.4026179,Plein jour,En agglomération,Hors intersection,Normale,Autre collision,4,2,3,0,2,1,1,0,1,50,1,1,0,0,0,1,,,,,1,2,1,1,6
201900007793,2019-09-16 22:55:00,2019,9,16,22,55,75,75110,QUAI DE JEMMAPES,48.8717023,2.3653881,Nuit avec éclairage allumé,En agglomération,Intersection en T,Normale,Autre collision,4,1,2,0,1,1,1,0,1,50,1,2,1,0,0,1,74.0,,voiture,,5,2,3,1,6
201900007794,2019-09-16 18:30:00,2019,9,16,18,30,75,75118,RUE CHAMPIONNET,48.8934708,2.3294319,Crépuscule ou aube,En agglomération,Intersection en Y,Normale,Deux véhicules - côté,4,2,2,0,1,1,1,0,1,50,2,2,1,0,0,1,16.0,27.0,deux_roues,voiture,2,2,4,1,3
201900007795,2019-09-15 17:10:00,2019,9,15,17,10,75,75116,RUE POUSSIN,48.8488709,2.2651765,Plein jour,En agglomération,Intersection en T,Normale,Deux véhicules - côté,4,1,1,0,1,1,1,0,1,30,2,5,4,0,0,1,42.0,25.0,voiture,voiture,1,2,3,1,3
201900007796,2019-09-16 09:45:00,2019,9,16,9,45,75,75115,BOULEVARD PASTEUR,48.8428714,2.3123891,Plein jour,En agglomération,Intersection en X,Normale,Deux véhicules - côté,4,3,4,1,2,1,1,5,5,50,2,2,1,0,0,1,31.0,41.0,deux_roues,utilitaire_camion,1,2,2,1,3
201900007797,2019-09-16 18:20:00,2019,9,16,18,20,75,75111,BOULEVARD RICHARD LENOIR,48.8640025,2.3706871,Plein jour,En agglomération,Intersection en X,Normale,Autre collision,4,3,3,1,1,1,1,0,5,50,1,2,1,0,0,1,23.0,,deux_roues,,1,2,2,1,6
201900007798,2019-09-16 13:25:00,2019,9,16,13,25,75,75111,RUE LEON FROT,48.854643,2.387543,Plein jour,En agglomération,Hors intersection,Normale,Autre collision,4,1,2,1,1,1,1,0,5,30,1,1,0,0,0,1,,,,,1,2,1,1,6
201900007799,2019-09-16 16:00:00,2019,9,16,16,0,75,75110,AVENUE CLAUDE VELLEFAUX,48.8771774,2.3702974,Plein jour,En agglomération,Intersection en Y,Normale,Autre collision,4,2,2,0,1,1,1,0,1,30,1,1,0,0,0,1,,,,,1,2,4,1,6
201900007800,2019-09-16 01:25:00,2019,9,16,1,25,75,75102,BOULEVARD SAINT DENIS,48.8696083,2.3530032,Nuit avec éclairage allumé,En agglomération,Intersection en Y,Normale,Deux véhicules - côté,4,2,5,0,1,1,1,0,1,50,2,3,1,0,0,2,35.0,19.0,deux_roues,voiture,5,2,4,1,3
201900007801,2019-09-16 21:25:00,2019,9,16,21,25,94,94077,LE FOLL (AV),48.72931,2.42913,Nuit avec éclairage allumé,En agglomération,Hors intersection,Normale,Deux véhicules - arrière,4,1,1,0,1,1,1,0,1,50,2,2,1,0,0,1,71.0,50.0,voiture,deux_roues,5,2,1,1,2
201900007802,2019-09-16 12:55:00,2019,9,16,12,55,94,94021,RUE PAUL HOCHART,48.77844,2.36472,Plein jour,En agglomération,Hors intersection,Normale,Deux véhicules - côté,4,2,2,0,1,1,1,9,1,50,2,2,1,0,0,1,65.0,56.0,deux_roues,voiture,1,2,1,1,3
201900007803,2019-09-16 08:40:00,2019,9,16,8,40,94,94021,GENERAL DE GAULLE (AV DU),48.77152,2.3478,Plein jour,En agglomération,Hors intersection,Normale,Deux véhicules - arrière,4,2,3,0,1,1,1,0,2,50,2,4,3,0,0,1,55.0,25.0,voiture,voiture,1,2,1,1,2
201900007804,2019-09-16 08:30:00,2019,9,16,8,30,94,94011,BOISSY.(AVENUE DE),48.76131,2.49677,Plein jour,En agglomération,Hors intersection,Normale,Trois véhicules et plus - en chaîne,2,1,0,0,1,1,1,0,1,50,3,3,2,0,0,1,40.0,43.0,voiture,deux_roues,1,2,1,1,4
201900007805,2019-09-14 19:54:00,2019,9,14,19,54,94,94053,CONDORCET (R),48.7746,2.5495,Plein jour,En agglomération,Intersection en T,Normale,Deux véhicules - côté,4,2,2,0,1,1,1,9,3,50,2,3,1,0,0,2,49.0,35.0,deux_roues,voiture,1,2,3,1,3
201900007806,2019-09-15 18:10:00,2019,9,15,18,10,94,94018,PONT DE CHARENTON,48.81,2.41,Plein jour,En agglomération,Intersection en T,Normale,Deux véhicules - côté,3,2,2,0,1,1,1,0,1,30,2,2,1,0,0,1,32.0,28.0,voiture,deux_roues,1,2,3,1,3
201900007807,2019-09-16 10:00:00,2019,9,16,10,0,94,94017,GENERAL DE GAULLE (AV DU),48.82747,2.50943,Plein jour,En agglomération,Autre intersection,Normale,Deux véhicules - côté,3,1,2,0,1,1,1,3,1,50,2,2,1,0,0,1,39.0,53.0,voiture,deux_roues,1,2,9,1,3
201900007808,2019-09-16 00:30:00,2019,9,16,0,30,93,93013,LINDBERGH (CARREFOUR),48.94079,2.42315,Nuit sans éclairage public,En agglomération,Hors intersection,Normale,Deux véhicules - frontale,3,-1,2,0,1,1,1,0,1,50,2,2,1,0,0,1,36.0,28.0,voiture,deux_roues,3,2,1,1,1
201900007809,2019-09-16 00:20:00,2019,9,16,0,20,93,93001,JEAN JAURES (AVE)  215 =>,48.91623,2.40564,Nuit avec éclairage allumé,En agglomération,Intersection en T,Normale,Deux véhicules - côté,3,-1,4,0,1,1,1,0,1,50,2,2,1,0,0,1,57.0,30.0,voiture,deux_roues,5,2,3,1,3
201900007810,2019-09-16 18:44:00,2019,9,16,18,44,92,92075,LARMEROUX (RUE),48.816659,2.280423,Plein jour,En agglomération,Hors intersection,Normale,Deux véhicules - côté,3,2,0,0,1,1,1,0,1,50,2,2,1,0,0,1,18.0,26.0,deux_roues,deux_roues,1,2,1,1,3
201900007811,2019-09-16 09:30:00,2019,9,16,9,30,92,92020,STALINGRAD BOULEVARD,48.80482,2.28758,Plein jour,En agglomération,Hors intersection,Normale,Deux véhicules - côté,4,2,2,2,1,1,1,0,1,50,2,3,2,0,0,1,57.0,56.0,utilitaire_camion,deux_roues,1,2,1,1,3
201900007812,2019-09-14 02:25:00,2019,9,14,2,25,92,92036,PRINCIPALE DU PORT (ROUTE) (1/17),48.9412,2.29636,Nuit avec éclairage allumé,En agglomération,Hors intersection,Normale,Sans collision,4,3,4,0,1,1,1,0,1,50,1,1,0,0,1,0,30.0,,deux_roues,,5,2,1,1,7
201900007813,2019-09-13 00:00:00,2019,9,13,0,0,92,92004,AULAGNIER ( QUAI ),48.9131091,2.3070405,Nuit avec éclairage allumé,En agglomération,Intersection en T,Normale,Deux véhicules - côté,3,1,3,0,1,1,1,0,1,50,2,2,1,0,0,1,21.0,34.0,utilitaire_camion,utilitaire_camion,5,2,3,1,3
201900007814,2019-09-16 22:00:00,2019,9,16,22,0,92,92002,PRESIDENT KENNEDY (2 A 48),48.7362318,2.2917628,Nuit avec éclairage allumé,En agglomération,Intersection en X,Normale,Deux véhicules - côté,3,2,2,0,1,1,1,0,1,50,2,2,1,0,0,1,25.0,19.0,deux_roues,voiture,5,2,2,1,3
201900007815,2019-09-16 15:35:00,2019,9,16,15,35,92,92002,CHATENAY (RUE DE),48.7589,2.291,Plein jour,En agglomération,Hors intersection,Normale,Autre collision,4,2,2,0,1,1,1,0,1,50,1,2,1,0,0,1,49.0,,voiture,,1,2,1,1,6
201900007816,2019-09-15 16:40:00,2019,9,15,16,40,14,14741,"Route de Saint-Laurent, LE HAUT DU VEY",48.912451,-0.45159,Plein jour,Hors agglomération,Hors intersection,Normale,Deux véhicules - frontale,3,2,2,0,2,2,1,0,1,50,2,2,1,0,0,1,18.0,53.0,deux_roues,voiture,1,1,1,1,1
201900007817,2019-09-13 12:00:00,2019,9,13,12,0,71,71492,D84,46.568614,4.621055,Plein jour,Hors agglomération,Intersection en T,Temps éblouissant,Deux véhicules - côté,3,2,2,0,1,1,1,0,1,80,2,2,1,0,1,0,34.0,60.0,utilitaire_camion,deux_roues,1,1,3,7,3
201900007818,2019-09-16 22:30:00,2019,9,16,22,30,40,40004,Route de Capbreton,43.653372,-1.380851,Nuit sans éclairage public,Hors agglomération,Hors intersection,Normale,Deux véhicules - frontale,3,2,2,0,1,3,1,0,1,80,2,4,0,0,2,2,24.0,22.0,voiture,voiture,3,1,1,1,1
201900007819,2019-09-17 15:50:00,2019,9,17,15,50,26,26169,A7 - Pk 126+500 - S/N,44.4652,4.7622,Plein jour,Hors agglomération,Hors intersection,Normale,Trois véhicules et plus - en chaîne,1,3,5,0,1,1,1,0,1,130,3,4,2,1,1,0,38.0,27.0,utilitaire_camion,utilitaire_camion,1,1,1,1,4
201900007820,2019-09-17 08:15:00,2019,9,17,8,15,38,38362,Route de Miribel,45.409398,5.672886,Plein jour,Hors agglomération,Hors intersection,Normale,Autre collision,3,2,2,0,1,3,1,0,3,70,1,1,0,0,0,1,23.0,,utilitaire_camion,,1,1,1,1,6
201900007821,2019-09-17 06:00:00,2019,9,17,6,0,50,50059,RN 13 Sens Cherbourg Caen,49.372597,-1.29135,Nuit sans éclairage public,Hors agglomération,Hors intersection,Normale,Sans collision,2,3,4,0,1,1,1,0,1,-1,1,1,0,0,1,0,21.0,,voiture,,3,1,1,1,7
201900007822,2019-09-15 10:25:00,2019,9,15,10,25,34,34114,A750 PK 27+680,43.641629,3.570136,Plein jour,Hors agglomération,Hors intersection,Normale,Autre collision,1,3,4,0,2,1,1,0,1,110,2,4,2,0,0,2,24.0,28.0,voiture,voiture,1,1,1,1,6
201900007823,2019-02-09 00:20:00,2019,2,9,0,20,93,93039,EPINAY (AVENUE DU PONT D' ),48.95037,2.30682,Nuit sans éclairage public,En agglomération,Intersection en T,Pluie légère,Deux véhicules - côté,3,2,0,0,1,1,2,2,1,70,2,2,1,0,0,1,19.0,24.0,voiture,voiture,3,2,3,2,3
201900007824,2019-02-10 04:45:00,2019,2,10,4,45,93,93027,JAURES (AVENUE JEAN),48.92084,2.410309,Nuit avec éclairage allumé,En agglomération,Giratoire,Pluie légère,Autre collision,3,-1,1,0,1,1,2,9,1,50,1,3,0,0,0,3,37.0,,voiture,,5,2,6,2,6
201900007825,2019-02-10 21:50:00,2019,2,10,21,50,93,93057,BRIAND ( AV. ARISTIDE) 238 A 308,48.91092,2.51599,Nuit avec éclairage allumé,En agglomération,Hors intersection,Pluie légère,Deux véhicules - arrière,3,1,2,0,1,1,2,9,1,50,2,3,0,0,0,3,48.0,25.0,voiture,deux_roues,5,2,1,2,2
201900007826,2019-02-10 10:30:00,2019,2,10,10,30,93,93057,JAURES (AV. JEAN) 118 A FIN,48.90732,2.49699,Plein jour,En agglomération,Hors intersection,Pluie légère,Autre collision,3,2,2,0,1,1,2,0,1,50,1,2,1,0,0,1,50.0,,voiture,,1,2,1,2,6
201900007827,2019-02-08 16:00:00,2019,2,8,16,0,93,93010,BARBUSSE (AV. HENRI) DE 77 A 113 COTE IM,48.9013301,2.4892235,Plein jour,En agglomération,Hors intersection,Pluie légère,Autre collision,3,-1,2,0,1,1,2,0,1,50,1,2,1,0,0,1,25.0,,voiture,,1,2,1,2,6
201900007828,2019-02-10 01:46:00,2019,2,10,1,46,93,93007,"""PAUL VAILLANT COUTURIER (AVENUE """"DU 13",48.92646,2.46934,Nuit avec éclairage allumé,En agglomération,Hors intersection,Pluie légère,Deux véhicules - côté,3,2,4,0,1,1,2,0,1,50,2,1,0,0,0,1,28.0,,voiture,,5,2,1,2,3
201900007829,2019-02-09 19:20:00,2019,2,9,19,20,93,93005,ANDRE CITROEN (BOULEVARD),48.96065,2.48939,Nuit avec éclairage allumé,En agglomération,Autre intersection,Normale,Autre collision,3,-1,2,0,1,3,1,0,3,50,1,1,0,0,0,1,20.0,,voiture,,5,2,9,1,6
201900007830,2019-02-11 13:20:00,2019,2,11,13,20,92,92064,MONT VALERIEN,48.85906,2.21372,Plein jour,En agglomération,Hors intersection,Normale,Deux véhicules - arrière,4,3,2,0,1,1,1,0,1,50,2,2,1,0,0,1,22.0,37.0,deux_roues,voiture,1,2,1,1,2
201900007831,2019-02-07 23:15:00,2019,2,7,23,15,92,92064,GENERAL LECLERC,48.8415695,2.2070998,Nuit avec éclairage allumé,En agglomération,Hors intersection,Normale,Autre collision,3,2,2,0,2,1,1,0,1,50,1,2,1,0,0,1,80.0,,voiture,,5,2,1,1,6
201900007832,2019-02-07 10:10:00,2019,2,7,10,10,92,92012,ANDRE MORIZET (AVENUE) - 49/FIN - 54/FIN,48.840472,2.2289828,Plein jour,En agglomération,Hors intersection,Pluie légère,Trois véhicules et plus - collisions multiples,3,1,3,3,1,1,2,0,1,50,3,4,3,0,1,0,51.0,33.0,voiture,utilitaire_camion,1,2,1,2,5
201900007833,2019-02-12 14:35:00,2019,2,12,14,35,92,92051,LOUIS-PHILIPPE (RUE ),48.8835,2.2806,Plein jour,En agglomération,Hors intersection,Normale,Autre collision,4,1,2,0,1,1,1,0,1,50,1,2,1,0,0,1,81.0,,voiture,,1,2,1,1,6
201900007834,2019-02-12 11:00:00,2019,2,12,11,0,92,92051,"ROULE (AVENUE DU, N° 29 A 91 ET 30 A 86)",48.88185,2.28025,Plein jour,En agglomération,Intersection en X,Normale,Autre collision,4,3,2,0,1,2,1,5,1,50,1,3,1,0,0,2,31.0,,utilitaire_camion,,1,2,2,1,6
201900007835,2019-02-11 19:35:00,2019,2,11,19,35,92,92051,"GENERAL LECLERC (BOULEVARD DU, N° 1 A 27",48.89194,2.26622,Nuit avec éclairage allumé,En agglomération,Hors intersection,Normale,Deux véhicules - arrière,3,2,2,0,1,1,1,2,3,50,2,2,1,0,0,1,40.0,41.0,deux_roues,voiture,5,2,1,1,2
201900007836,2019-02-09 14:40:00,2019,2,9,14,40,92,92051,"CHARLES DE GAULLE (AVENUE, N°27 A 129)",48.8820141,2.2688548,Plein jour,En agglomération,Hors intersection,Normale,Deux véhicules - arrière,2,1,4,0,1,1,1,0,1,50,2,2,0,0,0,2,52.0,54.0,deux_roues,deux_roues,1,2,1,1,2
201900007837,2019-02-06 21:10:00,2019,2,6,21,10,92,92050,GARENNE RUE DE LA,48.90006,2.22974,Nuit avec éclairage allumé,En agglomération,Hors intersection,Pluie forte,Deux véhicules - côté,4,2,2,0,1,1,3,0,3,50,2,3,2,0,0,1,32.0,21.0,voiture,deux_roues,5,2,1,3,3
201900007838,2019-02-08 23:15:00,2019,2,8,23,15,92,92020,EXUPERY AVENUE SAINT/  PARIS AVENUE DE N°2 A82,48.80941,2.29829,Nuit avec éclairage allumé,En agglomération,Intersection en X,Pluie légère,Autre collision,3,2,2,0,1,1,2,5,1,50,1,3,1,0,0,2,65.0,,voiture,,5,2,2,2,6
201900007839,2019-02-10 01:40:00,2019,2,10,1,40,92,92048,GENERAL LECLERC (PLACE DU),48.8178655,2.2301294,Nuit avec éclairage allumé,En agglomération,Intersection à plus de 4 branches,Pluie légère,Deux véhicules - côté,3,2,2,0,1,1,2,0,3,50,2,3,2,0,0,1,19.0,41.0,deux_roues,voiture,5,2,5,2,3
201900007840,2019-02-07 17:15:00,2019,2,7,17,15,92,92044,ED.VAILLANT(RUE) 37A45 ET 36A48,48.89361,2.29113,Plein jour,En agglomération,Intersection en X,Normale,Autre collision,4,1,1,0,1,1,1,0,1,50,1,2,1,0,0,1,53.0,,deux_roues,,1,2,2,1,6
201900007841,2019-02-11 21:06:00,2019,2,11,21,6,92,92040,STALINGRAD (QUAI DE),48.8231838,2.2546186,Nuit avec éclairage allumé,En agglomération,Hors intersection,Normale,Autre collision,3,-1,1,0,1,1,1,4,2,65,3,2,1,0,1,0,51.0,40.0,transport_commun,transport_commun,5,2,1,1,6
201900007842,2019-02-08 22:47:00,2019,2,8,22,47,92,92026,EUROPE ( AVENUE DE L' ),48.90648,2.25949,Nuit avec éclairage allumé,En agglomération,Intersection en T,Pluie légère,Deux véhicules - côté,4,2,2,0,1,1,2,0,1,50,2,5,0,0,0,5,39.0,34.0,utilitaire_camion,utilitaire_camion,5,2,3,2,3
201900007843,2019-02-07 16:55:00,2019,2,7,16,55,92,92024,RUE DU 08 MAI 1945,48.8982124,2.3101565,Crépuscule ou aube,En agglomération,Intersection en X,Normale,Deux véhicules - côté,3,1,3,0,1,1,1,0,1,50,2,2,1,0,0,1,51.0,42.0,utilitaire_camion,deux_roues,2,2,2,1,3
201900007844,2019-02-11 09:30:00,2019,2,11,9,30,92,92023,DOCTEUR CALMETTE (AVENUE DU),48.81141,2.27027,Plein jour,En agglomération,Giratoire,Normale,Deux véhicules - côté,4,2,2,1,1,1,1,0,1,30,2,2,1,0,0,1,54.0,57.0,voiture,deux_roues,1,2,6,1,3
201900007845,2019-09-11 19:30:00,2019,9,11,19,30,92,92012,COURS DE L'ILE SEGUIN,48.82797,2.23526,Crépuscule ou aube,En agglomération,Hors intersection,Normale,Autre collision,4,2,1,0,1,1,1,0,1,50,1,2,1,0,0,1,43.0,,voiture,,2,2,1,1,6
201900007846,2019-02-08 09:30:00,2019,2,8,9,30,49,49244,"55 rue des mauges, LA POMMERAYE",47.350182,-0.85692,Plein jour,En agglomération,Hors intersection,Pluie légère,Autre collision,6,-1,0,0,1,1,2,9,6,50,1,2,1,0,1,0,86.0,,voiture,,1,2,1,2,6
201900007847,2019-02-10 06:40:00,2019,2,10,6,40,47,47223,LAS SAGNE,44.653409,0.733688,Crépuscule ou aube,Hors agglomération,Hors intersection,Pluie légère,Deux véhicules - frontale,3,2,2,0,1,3,2,0,3,80,2,3,0,1,0,2,48.0,38.0,utilitaire_camion,voiture,2,1,1,2,1
201900007848,2019-02-06 09:50:00,2019,2,6,9,50,95,95395,RD 316,49.055222,2.402028,Plein jour,Hors agglomération,Hors intersection,Brouillard / fumée,Autre collision,3,3,2,0,1,1,2,0,1,90,1,2,1,0,1,0,54.0,,voiture,,1,1,1,5,6
201900007849,2019-02-10 00:50:00,2019,2,10,0,50,60,60107,Rue des Marais,49.357036,2.435546,Nuit avec éclairage allumé,En agglomération,Hors intersection,Pluie forte,Autre collision,4,2,2,0,1,1,2,0,8,50,1,1,0,0,1,0,31.0,,voiture,,5,2,1,3,6
201900007850,2019-02-13 17:50:00,2019,2,13,17,50,17,17413,D203,46.076001,-1.052479,Plein jour,Hors agglomération,Hors intersection,Normale,Deux véhicules - côté,3,2,2,0,1,2,1,0,1,80,2,2,0,1,0,1,20.0,31.0,voiture,voiture,1,1,1,1,3
201900007851,2019-02-08 21:35:00,2019,2,8,21,35,41,41194,CD922 - PK 31 + 500,47.370698,1.738452,Nuit sans éclairage public,Hors agglomération,Hors intersection,Pluie légère,Deux véhicules - frontale,3,3,2,0,1,1,2,0,1,80,2,2,0,0,1,1,55.0,25.0,voiture,utilitaire_camion,3,1,1,2,1
201900007852,2019-02-08 07:30:00,2019,2,8,7,30,68,68043,Rte départementale 44,47.855759,7.250417,Crépuscule ou aube,Hors agglomération,Hors intersection,Temps couvert,Deux véhicules - frontale,3,2,2,0,1,1,7,0,1,80,2,2,0,0,2,0,27.0,40.0,voiture,voiture,2,1,1,8,1
201900007853,2019-02-10 10:22:00,2019,2,10,10,22,68,68112,03 RUE DE LA RÉPUBLIQUE,47.906656,7.214552,Plein jour,En agglomération,Hors intersection,Normale,Sans collision,4,1,1,0,1,1,1,9,3,20,1,1,0,0,1,0,40.0,,deux_roues,,1,2,1,1,7
201900007854,2019-02-10 14:25:00,2019,2,10,14,25,71,71155,"lieu dit ""Velleray""",46.74898,3.738915,Plein jour,Hors agglomération,Hors intersection,Pluie légère,Sans collision,4,2,2,0,1,1,2,0,1,-1,1,1,0,0,1,0,18.0,,deux_roues,,1,1,1,2,7
201900007855,2019-02-11 23:55:00,2019,2,11,23,55,86,86050,"Route de Vauvert, lieu dit l'Héraudière",46.644186,-0.047564,Nuit sans éclairage public,Hors agglomération,Hors intersection,Normale,Sans collision,4,2,2,0,1,1,1,0,8,80,1,1,0,0,1,0,39.0,,voiture,,3,1,1,1,7
201900007856,2019-02-09 15:15:00,2019,2,9,15,15,40,40133,avenue Charles de Gaulle,43.59411,-1.42528,Plein jour,En agglomération,Hors intersection,Normale,Autre collision,3,2,2,0,1,1,1,0,1,50,1,3,2,0,0,1,24.0,,voiture,,1,2,1,1,6
201900007857,2019-02-11 18:30:00,2019,2,11,18,30,33,33352,Avenue Ernest becquet,44.587697,-0.05321,Crépuscule ou aube,Hors agglomération,Intersection en T,Normale,Deux véhicules - côté,4,2,2,0,1,1,1,0,8,80,2,3,1,0,1,1,42.0,53.0,deux_roues,voiture,2,1,3,1,3
201900007858,2019-02-08 16:40:00,2019,2,8,16,40,41,41142,RD 766,47.6055,1.153586,Plein jour,Hors agglomération,Hors intersection,Normale,Autre collision,3,2,2,0,1,1,1,0,3,80,1,1,0,0,0,1,57.0,,voiture,,1,1,1,1,6
201900007859,2019-02-13 16:32:00,2019,2,13,16,32,31,31573,Les Espos,43.66712,1.689469,Plein jour,Hors agglomération,Hors intersection,Normale,Autre collision,3,2,2,0,2,3,1,0,3,70,1,2,0,0,1,1,32.0,,voiture,,1,1,1,1,6
201900007860,2019-02-12 00:25:00,2019,2,12,0,25,28,28269,A10,48.406513,1.500959,Nuit sans éclairage public,Hors agglomération,Hors intersection,Normale,Deux véhicules - arrière,1,3,5,0,1,1,1,0,1,130,2,2,1,0,1,0,64.0,44.0,voiture,utilitaire_camion,3,1,1,1,2
201900007861,2019-02-10 07:45:00,2019,2,10,7,45,974,97422,rue hubert delisle,-21.263026,55.506688,Plein jour,En agglomération,Hors intersection,Normale,Deux véhicules - arrière,3,2,2,0,1,1,-1,-1,1,50,2,2,1,0,0,1,27.0,60.0,voiture,voiture,1,2,1,1,2
201900007862,2019-02-13 06:40:00,2019,2,13,6,40,972,97221,Quartier Terrier,14.532579,-60.932992,Plein jour,Hors agglomération,Hors intersection,Normale,Autre collision,2,2,2,0,2,4,1,0,1,80,1,1,0,1,0,0,22.0,,voiture,,1,1,1,1,6
201900007863,2019-02-10 05:20:00,2019,2,10,5,20,63,63171,CD 227,46.0538673,2.7945681,Nuit sans éclairage public,Hors agglomération,Hors intersection,Normale,Autre collision,3,2,2,0,1,3,1,0,8,80,1,4,3,1,0,0,33.0,,voiture,,3,1,1,1,6