accident_id,datetime,annee,mois,jour,heure,minute,departement,commune_insee,adresse,latitude,longitude,luminosite,agglomeration,intersection,meteo,collision,catr,circ,nbv,vosp,prof,plan,surf,infra,situ,vma,nb_vehicules,nb_usagers,nb_indemnes,nb_tues,nb_blesses_hosp,nb_blesses_legers,age_cond_1,age_cond_2,veh_type_cond_1,veh_type_cond_2,lum_code,agg_code,int_code,atm_code,col_code
201900007864,2019-02-11 10:00:00,2019,2,11,10,0,52,52422,PK210+700 - Autoroute A5,48.029504,5.0859833,Plein jour,Hors agglomération,Hors intersection,Neige / grêle,Deux véhicules - arrière,1,3,4,0,1,1,5,0,1,110,2,3,2,0,1,0,49.0,40.0,voiture,utilitaire_camion,1,1,1,4,2
201900007865,2019-02-10 19:30:00,2019,2,10,19,30,52,52207,"A31, pk 133+500",47.95912,5.451213,Nuit sans éclairage public,Hors agglomération,Hors intersection,Vent fort / tempête,Deux véhicules - arrière,1,3,4,0,3,1,2,0,1,130,2,2,1,0,0,1,65.0,49.0,utilitaire_camion,voiture,3,1,1,6,2
201900007866,2019-02-09 20:00:00,2019,2,9,20,0,1,01250,CD936,45.989609,4.79995,Nuit sans éclairage public,Hors agglomération,Hors intersection,Normale,Deux véhicules - arrière,3,2,2,0,1,1,1,0,1,80,2,3,1,0,2,0,49.0,16.0,voiture,deux_roues,3,1,1,1,2
201900007867,2019-02-09 19:50:00,2019,2,9,19,50,1,01238,RD 933,45.910369,4.816049,Nuit sans éclairage public,Hors agglomération,Intersection en X,Normale,Deux véhicules - arrière,3,2,2,0,1,1,1,0,1,70,2,3,2,0,0,1,20.0,46.0,voiture,voiture,3,1,2,1,2
201900007868,2019-02-11 13:35:00,2019,2,11,13,35,64,64548,D49,43.469694,-0.502307,Plein jour,Hors agglomération,Hors intersection,Normale,Deux véhicules - frontale,3,2,1,-1,2,1,2,0,1,80,2,5,1,0,1,3,86.0,21.0,voiture,voiture,1,1,1,1,1
201900007869,2019-02-07 17:55:00,2019,2,7,17,55,21,21002,A38 - PR 18,47.302688,4.766058,Nuit sans éclairage public,Hors agglomération,Hors intersection,Normale,Autre collision,1,3,4,0,2,2,1,0,3,130,1,1,0,0,1,0,88.0,,voiture,,3,1,1,1,6
201900007870,2019-02-07 17:35:00,2019,2,7,17,35,35,35012,la roche signolet,47.822745,-1.719202,Plein jour,Hors agglomération,Intersection en T,Normale,Deux véhicules - côté,3,-1,2,0,2,3,1,0,1,80,2,5,2,0,0,3,32.0,43.0,transport_commun,utilitaire_camion,1,1,3,1,3
201900007871,2019-02-11 16:45:00,2019,2,11,16,45,974,97410,144 route Nationale 2 - Ste Anne,-21.080044,55.744715,Plein jour,En agglomération,Hors intersection,Normale,Autre collision,6,-1,1,0,1,1,1,0,8,50,1,2,1,0,1,0,57.0,,voiture,,1,2,1,1,6
201900007872,2019-02-08 18:30:00,2019,2,8,18,30,1,01033,65 rue de la République,46.106535,5.823335,Nuit avec éclairage allumé,En agglomération,Hors intersection,Normale,Autre collision,4,1,1,0,1,1,1,0,1,50,1,2,1,0,1,0,71.0,,voiture,,5,2,1,1,6
201900007873,2019-02-11 10:10:00,2019,2,11,10,10,83,83019,RD 98,43.20052,6.411968,Plein jour,Hors agglomération,Hors intersection,Normale,Autre collision,3,2,2,0,1,1,1,0,3,80,1,1,0,0,1,0,90.0,,voiture,,1,1,1,1,6
201900007874,2019-02-10 15:00:00,2019,2,10,15,0,978,97801,route de l'espérance,18.102783,-63.047802,Plein jour,En agglomération,Hors intersection,Normale,Deux véhicules - côté,4,2,2,0,1,1,1,9,1,50,2,2,1,0,1,0,33.0,32.0,deux_roues,voiture,1,2,1,1,3
201900007875,2019-02-09 12:03:00,2019,2,9,12,3,44,44113,N 137,47.571153,-1.632395,Plein jour,Hors agglomération,Hors intersection,Normale,Autre collision,2,3,4,0,1,1,2,0,3,110,1,2,0,0,0,2,48.0,,voiture,,1,1,1,1,6
201900007876,2019-01-31 07:30:00,2019,1,31,7,30,34,34123,N109 - PR 7+200,43.627396,3.783027,Crépuscule ou aube,En agglomération,Hors intersection,Normale,Trois véhicules et plus - collisions multiples,2,3,4,0,1,1,1,0,1,90,3,3,2,0,0,1,39.0,38.0,utilitaire_camion,voiture,2,2,1,1,5
201900007877,2019-02-08 10:10:00,2019,2,8,10,10,30,30312,D980,44.0337712,4.7943839,Plein jour,Hors agglomération,Hors intersection,Normale,Deux véhicules - frontale,3,2,2,0,1,2,1,0,1,80,2,2,1,0,1,0,30.0,69.0,utilitaire_camion,deux_roues,1,1,1,1,1
201900007878,2019-02-09 17:10:00,2019,2,9,17,10,30,30295,route de Jol D125,44.049333,4.424686,Plein jour,Hors agglomération,Hors intersection,Normale,Autre collision,3,2,2,0,1,2,1,0,1,70,1,1,0,1,0,0,38.0,,voiture,,1,1,1,1,6
201900007879,2019-02-11 10:00:00,2019,2,11,10,0,22,22239,D 766 / D 90,48.342397,-2.104496,Plein jour,Hors agglomération,Intersection en X,Normale,Deux véhicules - côté,3,2,2,0,1,1,1,5,1,80,2,2,1,0,1,0,59.0,62.0,utilitaire_camion,voiture,1,1,2,1,3
201900007880,2019-02-09 17:50:00,2019,2,9,17,50,22,22348,D19,48.356045,-2.222449,Nuit sans éclairage public,Hors agglomération,Hors intersection,Pluie forte,Sans collision,3,2,2,0,1,3,2,0,3,80,1,1,0,0,1,0,19.0,,voiture,,3,1,1,3,7
201900007881,2019-02-11 18:20:00,2019,2,11,18,20,62,62805,RD 77,50.452949,2.363326,Nuit sans éclairage public,Hors agglomération,Hors intersection,Normale,Deux véhicules - frontale,3,2,2,0,1,1,1,0,1,80,2,2,0,0,1,1,78.0,24.0,voiture,voiture,3,1,1,1,1
201900007882,2019-02-06 03:30:00,2019,2,6,3,30,30,30092,RD 6086,44.0894503,4.5960786,Nuit sans éclairage public,Hors agglomération,Hors intersection,Normale,Autre collision,3,2,2,0,1,1,1,0,1,80,1,1,0,0,1,0,53.0,,voiture,,3,1,1,1,6
201900007883,2019-02-06 14:50:00,2019,2,6,14,50,34,34095,RD 613 intersection D5E7,43.523351,3.735824,Plein jour,En agglomération,Intersection en T,Normale,Deux véhicules - frontale,3,2,2,0,1,1,1,0,1,80,2,4,1,0,0,3,26.0,40.0,voiture,utilitaire_camion,1,2,3,1,1
201900007884,2019-02-08 21:00:00,2019,2,8,21,0,61,61464,A28 PK 178+000,48.59599,0.191423,Nuit sans éclairage public,Hors agglomération,Hors intersection,Pluie forte,Trois véhicules et plus - collisions multiples,1,3,4,0,1,1,2,0,1,130,3,8,6,0,0,2,44.0,33.0,voiture,voiture,3,1,1,3,5
201900007885,2019-02-10 16:30:00,2019,2,10,16,30,27,27547,A 28 sens 1 PK 232.100,49.032488,0.442762,Plein jour,Hors agglomération,Hors intersection,Neige / grêle,Deux véhicules - frontale,1,3,4,0,1,1,2,0,1,130,2,3,2,0,0,1,57.0,29.0,voiture,voiture,1,1,1,4,1
201900007886,2019-02-08 23:57:00,2019,2,8,23,57,27,27463,autoroute A28 - PK 251+100 Sens Alençon-Rouen,49.148568,0.606702,Nuit sans éclairage public,Hors agglomération,Hors intersection,Vent fort / tempête,Sans collision,1,3,4,0,1,1,2,0,1,110,1,1,0,0,1,0,20.0,,voiture,,3,1,1,6,7
201900007887,2019-02-08 16:50:00,2019,2,8,16,50,83,83057, RD N7,43.374544,6.200298,Plein jour,Hors agglomération,Hors intersection,Normale,Deux véhicules - arrière,3,3,2,0,2,1,1,0,1,80,2,3,2,0,0,1,39.0,77.0,voiture,voiture,1,1,1,1,2
201900007888,2019-02-12 02:30:00,2019,2,12,2,30,57,57038,RD16,49.451502,5.952432,Nuit sans éclairage public,Hors agglomération,Hors intersection,Autre,Deux véhicules - frontale,3,2,2,0,1,1,7,0,1,80,2,4,1,0,3,0,52.0,21.0,voiture,voiture,3,1,1,9,1
201900007889,2019-02-05 16:54:00,2019,2,5,16,54,57,57106,07 rue de sarrelouis,49.290329,6.535798,Plein jour,En agglomération,Hors intersection,Temps éblouissant,Autre collision,3,2,2,0,1,1,1,0,1,50,1,2,1,0,1,0,47.0,,transport_commun,,1,2,1,7,6
201900007890,2019-02-08 13:00:00,2019,2,8,13,0,51,51261,RD 74,49.3190938,4.0731553,Plein jour,Hors agglomération,Intersection en T,Normale,Trois véhicules et plus - collisions multiples,3,2,1,0,2,3,1,5,1,80,3,3,2,0,1,0,29.0,61.0,voiture,voiture,1,1,3,1,5
201900007891,2019-02-04 14:35:00,2019,2,4,14,35,51,51200,RD 10,49.0089617,3.9500705,Plein jour,Hors agglomération,Giratoire,Normale,Sans collision,3,2,2,0,4,1,1,0,1,80,1,1,0,0,0,1,65.0,,deux_roues,,1,1,6,1,7
201900007892,2019-02-09 08:50:00,2019,2,9,8,50,59,59261,74 rue roland rouleau,50.057453,4.082278,Plein jour,En agglomération,Hors intersection,Normale,Autre collision,3,2,2,0,1,1,2,0,1,50,1,2,1,0,1,0,80.0,,voiture,,1,2,1,1,6
201900007893,2019-02-08 17:00:00,2019,2,8,17,0,56,56170,RD 790 Gornoec,48.137433,-3.399695,Plein jour,Hors agglomération,Hors intersection,Pluie forte,Autre collision,3,2,2,0,2,2,2,0,3,80,1,1,0,0,1,0,80.0,,voiture,,1,1,1,3,6
201900007894,2019-02-10 16:50:00,2019,2,10,16,50,56,56010,Baud RN 24 PR73+344,47.885039,-3.039116,Plein jour,Hors agglomération,Hors intersection,Temps éblouissant,Sans collision,2,3,4,0,2,1,2,0,3,110,1,2,0,0,1,1,24.0,,voiture,,1,1,1,7,7
201900007895,2019-02-07 09:55:00,2019,2,7,9,55,56,56178,RUE ALBERT DE MUN,48.052113,-2.959321,Plein jour,En agglomération,Hors intersection,Temps éblouissant,Autre collision,4,2,2,0,1,1,2,0,1,50,1,2,1,0,1,0,19.0,,voiture,,1,2,1,7,6
201900007896,2019-02-09 14:30:00,2019,2,9,14,30,56,56036,RD 769 Kergohal,47.817195,-3.335669,Plein jour,Hors agglomération,Hors intersection,Normale,Deux véhicules - frontale,3,2,2,0,1,1,1,0,1,80,2,2,1,0,1,0,73.0,51.0,voiture,voiture,1,1,1,1,1
201900007897,2019-02-11 14:30:00,2019,2,11,14,30,56,56251,Allée du Landy,47.63175,-2.662416,Plein jour,En agglomération,Giratoire,Normale,Deux véhicules - côté,4,1,1,0,1,2,1,0,1,50,2,3,1,0,0,2,66.0,28.0,voiture,deux_roues,1,2,6,1,3
201900007898,2019-02-09 20:30:00,2019,2,9,20,30,56,56240,Le Rangouët,47.537404,-2.705899,Nuit sans éclairage public,Hors agglomération,Hors intersection,Pluie forte,Autre collision,4,2,2,0,1,1,2,0,3,80,1,1,0,0,1,0,80.0,,voiture,,3,1,1,3,6
201900007899,2019-01-12 13:30:00,2019,1,12,13,30,56,56153,RD 20 Le Pont de l'Etier,47.5943,-2.29637,Plein jour,Hors agglomération,Hors intersection,Normale,Sans collision,3,2,2,0,3,2,1,0,3,80,1,1,0,0,1,0,31.0,,deux_roues,,1,1,1,1,7
201900007900,2019-01-31 18:45:00,2019,1,31,18,45,56,56158,rue Camille Claudel,47.678281,-2.801354,Crépuscule ou aube,Hors agglomération,Intersection en T,Normale,Autre collision,4,2,2,0,1,1,1,0,1,50,1,2,1,0,0,1,20.0,,voiture,,2,1,3,1,6
201900007901,2019-02-12 16:40:00,2019,2,12,16,40,74,74088,D1201,46.0471864,6.0905001,Plein jour,Hors agglomération,Giratoire,Normale,Autre collision,3,2,2,0,1,1,1,5,3,80,1,1,0,1,0,0,53.0,,voiture,,1,1,6,1,6
201900007902,2019-02-12 22:15:00,2019,2,12,22,15,74,74223,RD 4 - Route du fer a cheval,46.0932391,6.6411868,Nuit avec éclairage allumé,En agglomération,Hors intersection,Autre,Autre collision,3,2,2,0,1,2,9,0,3,70,1,2,0,2,0,0,22.0,,voiture,,5,2,1,9,6
201900007903,2019-02-07 11:00:00,2019,2,7,11,0,77,77026,RD 403,48.61499,3.38284,Plein jour,Hors agglomération,Hors intersection,Normale,Autre collision,3,2,2,0,1,1,1,8,1,50,1,2,1,0,0,1,62.0,,voiture,,1,1,1,1,6
201900007904,2019-02-13 10:25:00,2019,2,13,10,25,76,76719,rue André FIQUET,49.743878,0.511434,Plein jour,En agglomération,Hors intersection,Temps éblouissant,Autre collision,3,2,2,0,1,1,1,0,1,50,1,2,1,0,1,0,66.0,,voiture,,1,2,1,7,6
201900007905,2019-02-04 08:25:00,2019,2,4,8,25,76,76357,D925,49.598482,0.27119,Crépuscule ou aube,Hors agglomération,Hors intersection,Pluie légère,Deux véhicules - frontale,3,2,2,0,1,1,2,0,1,80,2,3,2,0,0,1,44.0,59.0,voiture,voiture,2,1,1,2,1
201900007906,2019-02-08 20:40:00,2019,2,8,20,40,79,79185,53 rue du Moulin à Vent,46.292286,-0.272073,Nuit sans éclairage public,En agglomération,Hors intersection,Temps couvert,Autre collision,4,2,2,0,1,2,2,0,3,50,1,5,2,1,2,0,18.0,,voiture,,3,2,1,8,6
201900007907,2019-02-12 15:56:00,2019,2,12,15,56,80,80743,rue de Cappy,49.942459,2.753635,Plein jour,Hors agglomération,Hors intersection,Normale,Sans collision,3,2,2,0,1,3,1,0,3,50,1,2,1,0,0,1,72.0,,voiture,,1,1,1,1,7
201900007908,2019-02-12 15:30:00,2019,2,12,15,30,80,80373,37 rue charles DE GAULLE,49.984983,1.558641,Plein jour,En agglomération,Hors intersection,Normale,Autre collision,3,2,2,0,1,1,1,0,1,50,1,2,1,0,1,0,73.0,,voiture,,1,2,1,1,6
201900007909,2019-02-07 21:45:00,2019,2,7,21,45,82,82076,route de lamothe capdeville,44.082286,1.356791,Nuit sans éclairage public,Hors agglomération,Hors intersection,Normale,Autre collision,3,2,2,0,3,3,1,0,3,70,1,1,0,1,0,0,23.0,,voiture,,3,1,1,1,6
201900007910,2019-02-09 15:40:00,2019,2,9,15,40,65,65444,D26,43.0405438,0.5597642,Plein jour,Hors agglomération,Hors intersection,Normale,Sans collision,3,2,2,0,2,2,1,0,3,80,1,1,0,0,1,0,24.0,,deux_roues,,1,1,1,1,7
201900007911,2019-02-09 06:45:00,2019,2,9,6,45,65,65184,"""Lieu dit La Losse"" D939 PK 20+900",43.183701,0.400788,Nuit sans éclairage public,Hors agglomération,Hors intersection,Normale,Autre collision,3,2,2,0,1,1,1,0,1,70,1,1,0,0,1,0,39.0,,voiture,,3,1,1,1,6
201900007912,2019-02-07 12:40:00,2019,2,7,12,40,69,69169,D313 - Les quatres vents,45.981086,4.373999,Plein jour,Hors agglomération,Hors intersection,Normale,Trois véhicules et plus - en chaîne,3,2,2,2,1,1,1,0,1,70,3,3,0,0,0,3,45.0,40.0,voiture,voiture,1,1,1,1,4
201900007913,2019-02-10 05:30:00,2019,2,10,5,30,11,11262,rond point de Ricardelle,43.161371,3.057523,Nuit sans éclairage public,Hors agglomération,Giratoire,Normale,Autre collision,3,2,2,0,1,1,1,5,3,80,1,5,0,0,3,2,21.0,,voiture,,3,1,6,1,6
201900007914,2019-02-09 03:00:00,2019,2,9,3,0,11,11018,Lieu-dit l'Auberge,43.211217,2.196306,Nuit sans éclairage public,Hors agglomération,Hors intersection,Brouillard / fumée,Autre collision,3,2,2,0,1,2,2,0,8,80,1,1,0,0,1,0,25.0,,voiture,,3,1,1,5,6
201900007915,2019-02-12 17:12:00,2019,2,12,17,12,71,71419,43 place du marché,46.752996,5.241599,Plein jour,En agglomération,Hors intersection,Normale,Deux véhicules - côté,3,2,2,0,1,1,1,0,1,50,2,3,2,0,1,0,15.0,15.0,deux_roues,deux_roues,1,2,1,1,3
201900007916,2019-02-09 10:15:00,2019,2,9,10,15,71,71157,Avenue René Cassin,46.500477,5.387091,Plein jour,Hors agglomération,Hors intersection,Temps couvert,Deux véhicules - frontale,4,2,2,0,2,1,2,0,1,80,2,2,1,1,0,0,80.0,55.0,voiture,voiture,1,1,1,8,1
201900007917,2019-02-13 09:15:00,2019,2,13,9,15,71,71310,Avenue des Mouettes,46.738507,4.475068,Plein jour,En agglomération,Hors intersection,Normale,Autre collision,4,2,3,0,1,1,1,0,1,50,1,2,1,0,1,0,21.0,,voiture,,1,2,1,1,6
201900007918,2019-02-09 09:55:00,2019,2,9,9,55,89,89169,21 route de DiJon,47.95006,3.87939,Plein jour,En agglomération,Hors intersection,Normale,Deux véhicules - frontale,3,2,2,0,1,3,1,0,1,50,2,2,1,0,1,0,58.0,26.0,voiture,voiture,1,2,1,1,1
201900007919,2019-02-13 08:20:00,2019,2,13,8,20,63,63131,LIEU-DIT BOGROS,45.8626945,3.3643663,Plein jour,Hors agglomération,Hors intersection,Normale,Sans collision,3,2,2,0,1,1,8,0,3,80,1,1,0,0,1,0,45.0,,voiture,,1,1,1,1,7
201900007920,2019-02-09 23:45:00,2019,2,9,23,45,63,63271,D906,45.929093,3.497864,Nuit sans éclairage public,Hors agglomération,Hors intersection,Pluie légère,Deux véhicules - arrière,3,2,2,0,1,1,2,0,1,70,2,2,1,0,0,1,22.0,35.0,deux_roues,voiture,3,1,1,2,2
201900007921,2019-02-03 18:15:00,2019,2,3,18,15,61,61184,lieu dit le bourg GAUVILLE RD 12,48.828309,0.555442,Nuit avec éclairage non allumé,En agglomération,Intersection en T,Normale,Deux véhicules - côté,3,2,2,0,1,1,1,0,1,50,2,2,1,0,1,0,27.0,63.0,deux_roues,voiture,4,2,3,1,3
201900007922,2019-02-08 01:00:00,2019,2,8,1,0,55,55344,,48.526079,5.692221,Nuit sans éclairage public,Hors agglomération,Hors intersection,Normale,Sans collision,3,2,2,0,2,2,1,0,8,80,1,1,0,0,0,1,38.0,,voiture,,3,1,1,1,7
201900007923,2019-02-12 07:30:00,2019,2,12,7,30,55,55093,D908 PR35.8,48.917882,5.678315,Crépuscule ou aube,Hors agglomération,Hors intersection,Brouillard / fumée,Sans collision,3,2,2,0,1,2,7,0,3,80,1,3,0,0,0,3,29.0,,voiture,,2,1,1,5,7
201900007924,2019-02-10 01:30:00,2019,2,10,1,30,55,55229,RD 964 - PK 49+200 sens croissant,48.859048,5.522446,Nuit sans éclairage public,Hors agglomération,Hors intersection,Pluie légère,Sans collision,3,2,2,0,3,2,2,0,3,70,1,3,2,0,1,0,19.0,,voiture,,3,1,1,2,7
201900007925,2019-02-10 12:31:00,2019,2,10,12,31,12,12021,RD905A PK9+80 - Vabre-Tizac,44.28059,2.166827,Plein jour,Hors agglomération,Hors intersection,Pluie légère,Sans collision,3,2,2,0,2,2,2,0,3,80,1,3,2,1,0,0,58.0,,utilitaire_camion,,1,1,1,2,7
201900007926,2019-02-12 18:55:00,2019,2,12,18,55,12,12043,la crouzette - ceignac,44.280081,2.510639,Nuit sans éclairage public,Hors agglomération,Hors intersection,Normale,Deux véhicules - frontale,3,2,2,0,1,1,1,0,1,80,2,2,1,0,1,0,19.0,43.0,voiture,deux_roues,3,1,1,1,1
201900007927,2019-02-10 14:20:00,2019,2,10,14,20,46,46181,rd 802,44.666027,1.680697,Plein jour,Hors agglomération,Hors intersection,Pluie légère,Deux véhicules - côté,3,2,2,0,1,2,2,0,1,80,2,5,1,1,2,1,35.0,34.0,voiture,voiture,1,1,1,2,3
201900007928,2019-02-09 15:20:00,2019,2,9,15,20,41,41151,"D62, route de Chaumont/Loire",47.376388,1.204658,Plein jour,Hors agglomération,Hors intersection,Temps couvert,Sans collision,3,2,2,0,1,1,1,0,3,80,1,1,0,1,0,0,69.0,,voiture,,1,1,1,8,7
201900007929,2019-02-08 20:00:00,2019,2,8,20,0,86,86235,La Grange Carree,46.383799,0.464517,Nuit sans éclairage public,Hors agglomération,Hors intersection,Pluie légère,Trois véhicules et plus - collisions multiples,3,2,2,0,1,1,2,0,1,80,3,3,2,0,1,0,47.0,18.0,utilitaire_camion,deux_roues,3,1,1,2,5
201900007930,2019-02-08 16:10:00,2019,2,8,16,10,34,34201,"D20 PK 22,700.",43.429849,2.972419,Plein jour,Hors agglomération,Hors intersection,Normale,Sans collision,3,2,2,0,1,2,1,0,8,80,1,1,0,0,1,0,29.0,,deux_roues,,1,1,1,1,7
201900007931,2019-02-10 11:00:00,2019,2,10,11,0,68,68305,"9, rue d'Altkirch",47.540451,7.176639,Plein jour,En agglomération,Hors intersection,Normale,Deux véhicules - arrière,3,2,2,0,1,1,1,0,1,50,2,3,2,0,1,0,36.0,70.0,voiture,voiture,1,2,1,1,2
201900007932,2019-02-06 16:25:00,2019,2,6,16,25,68,68068,rue de belfort 23,47.6311,7.113268,Plein jour,En agglomération,Hors intersection,Temps éblouissant,Sans collision,3,2,2,2,1,1,1,0,1,50,1,2,1,0,1,0,47.0,,voiture,,1,2,1,7,7
201900007933,2019-02-11 16:25:00,2019,2,11,16,25,68,68303,D16,47.614331,7.304794,Plein jour,Hors agglomération,Hors intersection,Normale,Deux véhicules - frontale,3,2,2,0,2,3,2,0,1,80,2,4,1,0,1,2,48.0,23.0,utilitaire_camion,voiture,1,1,1,1,1
201900007934,2019-02-12 10:10:00,2019,2,12,10,10,22,22266,place de la république,48.2359689,-3.3173804,Plein jour,En agglomération,Hors intersection,Normale,Autre collision,3,2,2,0,1,1,1,0,1,30,1,2,1,0,1,0,66.0,,voiture,,1,2,1,1,6
201900007935,2019-02-10 14:06:00,2019,2,10,14,6,22,22346,l'épine du bas bourg,48.3689571,-2.6229387,Plein jour,Hors agglomération,Hors intersection,Normale,Deux véhicules - frontale,3,2,2,0,1,3,8,0,1,70,2,4,3,0,1,0,65.0,44.0,voiture,voiture,1,1,1,1,1
201900007936,2019-02-08 12:00:00,2019,2,8,12,0,22,22184,la gare de moncontour,48.354516,-2.6420271,Plein jour,En agglomération,Hors intersection,Pluie légère,Deux véhicules - côté,3,2,2,0,1,1,2,0,1,70,2,2,1,0,0,1,91.0,62.0,voiture,voiture,1,2,1,2,3
201900007937,2019-01-08 02:50:00,2019,1,8,2,50,22,22219,RD 768,48.2712056,-2.7081315,Nuit avec éclairage non allumé,Hors agglomération,Hors intersection,Normale,Sans collision,3,2,2,0,2,1,1,0,1,80,1,1,0,0,0,1,27.0,,voiture,,4,1,1,1,7
201900007938,2019-02-12 16:50:00,2019,2,12,16,50,22,22183,"Les Livaudières d'En Bas (La Ferrière, Les Moulins)",48.126662,-2.645244,Plein jour,Hors agglomération,Intersection en T,Normale,Deux véhicules - frontale,3,2,3,0,1,1,1,5,1,80,2,3,0,0,0,3,27.0,56.0,voiture,voiture,1,1,3,1,1
201900007939,2019-02-10 08:40:00,2019,2,10,8,40,44,44175,RD47 - LIEU DIT LA BONNE FONTAINE,47.405671,-2.2973,Crépuscule ou aube,Hors agglomération,Hors intersection,Pluie légère,Sans collision,3,2,2,0,1,1,2,0,8,80,1,1,0,1,0,0,41.0,,voiture,,2,1,1,2,7
201900007940,2019-02-09 06:40:00,2019,2,9,6,40,44,44072,D 774 PK 25+350,47.4558509,-2.314991,Nuit sans éclairage public,Hors agglomération,Hors intersection,Normale,Autre collision,3,2,2,0,1,1,2,0,1,80,1,2,1,0,1,0,33.0,,utilitaire_camion,,3,1,1,1,6
201900007941,2019-02-08 11:10:00,2019,2,8,11,10,44,44049,Avenue de la Pierre Longue,47.285625,-2.517745,Plein jour,En agglomération,Hors intersection,Normale,Autre collision,3,2,2,0,1,4,1,0,1,50,1,1,0,0,1,0,29.0,,deux_roues,,1,2,1,1,6
201900007942,2019-02-08 07:00:00,2019,2,8,7,0,44,44128,lieu dit la montagne - le dresny,47.56305,-1.92631,Nuit sans éclairage public,Hors agglomération,Intersection en Y,Pluie légère,Deux véhicules - frontale,3,2,2,0,2,1,2,0,1,80,2,2,1,0,0,1,37.0,18.0,voiture,deux_roues,3,1,4,2,1
201900007943,2019-02-06 04:30:00,2019,2,6,4,30,44,44205,La Gicquelière,47.437215,-1.384805,Nuit sans éclairage public,Hors agglomération,Hors intersection,Pluie légère,Sans collision,3,2,2,0,1,3,2,0,3,80,1,1,0,1,0,0,25.0,,voiture,,3,1,1,2,7
201900007944,2019-02-09 21:10:00,2019,2,9,21,10,29,29213,D35,48.5906331,-4.1109243,Nuit sans éclairage public,Hors agglomération,Hors intersection,Pluie forte,Autre collision,3,2,2,0,3,1,2,0,1,80,2,4,3,0,0,1,34.0,26.0,voiture,voiture,3,1,1,3,6
201900007945,2019-02-12 11:15:00,2019,2,12,11,15,29,29113,place Tanguy Prigent,48.646626,-3.716517,Plein jour,En agglomération,Hors intersection,Normale,Autre collision,3,2,2,0,1,1,1,9,1,30,1,2,1,0,0,1,79.0,,voiture,,1,2,1,1,6
201900007946,2019-02-08 19:08:00,2019,2,8,19,8,29,29027,Lieu-dit KERADENNEC,48.2043912,-3.8256773,Nuit sans éclairage public,Hors agglomération,Hors intersection,Pluie légère,Autre collision,2,2,2,0,2,1,2,8,3,70,1,1,0,0,1,0,,,,,3,1,1,2,6
201900007947,2019-02-09 18:00:00,2019,2,9,18,0,29,29056,route de runal,48.43033,-4.315145,Crépuscule ou aube,En agglomération,Hors intersection,Pluie forte,Sans collision,4,2,2,0,1,1,2,0,1,50,1,1,0,0,0,1,79.0,,utilitaire_camion,,2,2,1,3,7
201900007948,2019-02-08 11:50:00,2019,2,8,11,50,31,31455,Rond point des Huguenots,43.253361,1.200593,Plein jour,En agglomération,Giratoire,Normale,Deux véhicules - côté,3,2,2,0,1,4,1,0,1,50,2,2,1,0,1,0,79.0,46.0,deux_roues,voiture,1,2,6,1,3
201900007949,2019-02-09 15:30:00,2019,2,9,15,30,31,31107,Route de l'arize,43.292114,1.216539,Plein jour,En agglomération,Hors intersection,Normale,Trois véhicules et plus - collisions multiples,3,2,2,0,1,1,1,0,1,50,4,8,4,0,0,4,48.0,51.0,voiture,voiture,1,2,1,1,5
201900007950,2019-02-09 16:45:00,2019,2,9,16,45,38,38139,D16,45.73862,5.46657,Plein jour,Hors agglomération,Hors intersection,Normale,Autre collision,3,2,2,0,1,2,1,0,8,80,1,1,0,0,1,0,66.0,,voiture,,1,1,1,1,6
201900007951,2019-02-06 11:40:00,2019,2,6,11,40,38,38022,Route du Dauphiné,45.63556,5.52144,Plein jour,En agglomération,Hors intersection,Normale,Deux véhicules - frontale,3,2,2,0,1,1,1,0,1,50,2,2,1,0,1,0,38.0,19.0,voiture,voiture,1,2,1,1,1
201900007952,2019-02-09 12:40:00,2019,2,9,12,40,2,02071,chemin du verleux,49.413683,3.149995,Plein jour,En agglomération,Hors intersection,Normale,Autre collision,4,-1,1,0,2,1,6,9,8,50,1,1,0,0,1,0,22.0,,deux_roues,,1,2,1,1,6
201900007953,2019-02-08 19:45:00,2019,2,8,19,45,2,02453,D103,49.3826632,3.7356379,Nuit sans éclairage public,Hors agglomération,Hors intersection,Normale,Deux véhicules - côté,3,2,2,0,1,3,1,0,1,70,2,1,0,0,0,1,16.0,,deux_roues,,3,1,1,1,3
201900007954,2019-02-13 17:50:00,2019,2,13,17,50,2,02046,Lieu dit maison blanche RN2,49.62752,3.676395,Plein jour,Hors agglomération,Intersection en X,Normale,Trois véhicules et plus - collisions multiples,2,2,2,0,1,1,1,0,1,80,3,5,1,0,2,2,54.0,45.0,utilitaire_camion,utilitaire_camion,1,1,2,1,5
201900007955,2019-02-09 10:35:00,2019,2,9,10,35,84,84089,boulevard jean guigues,43.683312,5.535103,Plein jour,En agglomération,Hors intersection,Normale,Autre collision,4,2,2,0,1,1,1,0,1,50,1,2,1,0,1,0,17.0,,deux_roues,,1,2,1,1,6