accident_id,datetime,annee,mois,jour,heure,minute,departement,commune_insee,adresse,latitude,longitude,luminosite,agglomeration,intersection,meteo,collision,catr,circ,nbv,vosp,prof,plan,surf,infra,situ,vma,nb_vehicules,nb_usagers,nb_indemnes,nb_tues,nb_blesses_hosp,nb_blesses_legers,age_cond_1,age_cond_2,veh_type_cond_1,veh_type_cond_2,lum_code,agg_code,int_code,atm_code,col_code
201900007956,2019-02-07 16:00:00,2019,2,7,16,0,3,03214,,46.4308734,3.0450064,Plein jour,Hors agglomération,Hors intersection,Normale,Autre collision,3,2,2,0,1,4,2,0,3,80,1,1,0,0,1,0,32.0,,voiture,,1,1,1,1,6
201900007957,2019-02-09 18:40:00,2019,2,9,18,40,15,15092,D49,45.423292,2.536668,Nuit sans éclairage public,Hors agglomération,Hors intersection,Normale,Autre collision,3,2,2,0,2,1,2,0,1,80,1,1,0,0,1,0,68.0,,voiture,,3,1,1,1,6
201900007958,2019-02-09 21:30:00,2019,2,9,21,30,1,01415,CD 992 lieu dit AMEZIEU,45.872083,5.707455,Nuit avec éclairage allumé,En agglomération,Hors intersection,Normale,Autre collision,3,2,2,0,1,1,1,0,1,50,1,2,1,0,1,0,65.0,,voiture,,5,2,1,1,6
201900007959,2019-02-13 10:15:00,2019,2,13,10,15,1,01040,D26 - La tronchay,46.357374,5.053263,Plein jour,Hors agglomération,Hors intersection,Normale,Sans collision,3,2,2,0,1,1,1,0,1,70,1,1,0,0,1,0,36.0,,deux_roues,,1,1,1,1,7
201900007960,2019-02-09 05:00:00,2019,2,9,5,0,70,70311,RN57,47.827972,6.39955,Nuit sans éclairage public,Hors agglomération,Hors intersection,Pluie légère,Sans collision,2,3,4,0,1,1,2,0,2,110,1,1,0,0,1,0,61.0,,voiture,,3,1,1,2,7
201900007961,2019-02-08 17:15:00,2019,2,8,17,15,70,70150,"Lieu dit ""Chenevrey Gare""",47.278962,5.717072,Plein jour,Hors agglomération,Intersection en X,Normale,Deux véhicules - côté,3,2,2,0,1,1,1,5,1,80,2,3,2,0,0,1,21.0,39.0,voiture,voiture,1,1,2,1,3
201900007962,2019-02-08 10:00:00,2019,2,8,10,0,70,70198,19 rue Bernard Louvot,47.561698,5.678077,Plein jour,En agglomération,Hors intersection,Normale,Autre collision,9,2,2,0,1,2,1,0,1,50,1,1,0,0,1,0,76.0,,voiture,,1,2,1,1,6
201900007963,2019-02-12 13:40:00,2019,2,12,13,40,26,26108,Route de Montelimar -Quartier les Blaches,44.718641,5.011761,Plein jour,Hors agglomération,Hors intersection,Normale,Trois véhicules et plus - en chaîne,3,2,2,0,2,3,1,0,1,80,3,3,2,0,1,0,60.0,61.0,voiture,voiture,1,1,1,1,4
201900007964,2019-02-13 15:40:00,2019,2,13,15,40,58,58095,route des feuillats,46.793056,3.508517,Plein jour,Hors agglomération,Hors intersection,Normale,Deux véhicules - arrière,3,2,2,0,1,1,1,0,1,80,2,2,1,0,1,0,63.0,62.0,deux_roues,deux_roues,1,1,1,1,2
201900007965,2019-02-12 16:39:00,2019,2,12,16,39,72,72382,lieu dit l'écotay,47.935917,0.473701,Plein jour,Hors agglomération,Hors intersection,Normale,Deux véhicules - côté,4,2,2,0,1,1,1,0,1,80,2,2,1,0,1,0,71.0,16.0,voiture,deux_roues,1,1,1,1,3
201900007966,2019-02-12 17:30:00,2019,2,12,17,30,72,72169,C4,47.947405,0.079981,Plein jour,Hors agglomération,Hors intersection,Normale,Deux véhicules - frontale,4,2,2,0,2,2,1,2,1,80,2,2,0,0,1,1,55.0,51.0,voiture,voiture,1,1,1,1,1
201900007967,2019-02-11 07:40:00,2019,2,11,7,40,72,72346,3 rue du Faubourg St Michel,47.889848,0.032254,Plein jour,En agglomération,Hors intersection,Pluie légère,Deux véhicules - côté,9,2,2,0,1,1,2,5,1,50,2,2,1,0,1,0,38.0,30.0,deux_roues,voiture,1,2,1,2,3
201900007968,2019-02-13 08:30:00,2019,2,13,8,30,6,06113,D22,43.794063,7.456796,Plein jour,Hors agglomération,Hors intersection,Normale,Deux véhicules - frontale,3,2,2,0,2,2,1,0,1,80,2,3,2,0,1,0,57.0,53.0,utilitaire_camion,deux_roues,1,1,1,1,1
201900007969,2019-02-11 18:20:00,2019,2,11,18,20,14,14425,La Croix Blanche,49.097139,0.12341,Crépuscule ou aube,Hors agglomération,Intersection en Y,Normale,Autre collision,3,2,2,0,1,2,2,0,3,80,1,1,0,0,1,0,19.0,,voiture,,2,1,4,1,6
201900007970,2019-02-10 18:00:00,2019,2,10,18,0,50,50215,D 650 PK 76 +300,49.1059421,-1.5962791,Crépuscule ou aube,Hors agglomération,Hors intersection,Neige / grêle,Deux véhicules - côté,3,2,2,0,1,1,2,0,1,80,2,3,0,2,1,0,73.0,19.0,voiture,voiture,2,1,1,4,3
201900007971,2019-02-13 17:35:00,2019,2,13,17,35,50,50391,D977 - Rue de la Rivière,48.583899,-1.090964,Plein jour,En agglomération,Hors intersection,Normale,Autre collision,3,2,2,0,1,1,1,0,1,50,1,5,3,0,0,2,42.0,,voiture,,1,2,1,1,6
201900007972,2019-02-10 15:45:00,2019,2,10,15,45,45,45130,RD 951,47.788348,1.714053,Plein jour,Hors agglomération,Intersection en X,Pluie légère,Deux véhicules - côté,3,2,2,0,1,1,2,0,1,70,2,3,1,1,1,0,59.0,34.0,deux_roues,voiture,1,1,2,2,3
201900007973,2019-02-09 08:40:00,2019,2,9,8,40,64,64142,PK 25+050,43.397816,-0.461046,Plein jour,Hors agglomération,Hors intersection,Normale,Deux véhicules - frontale,3,2,2,0,1,1,1,0,1,80,2,2,0,0,1,1,29.0,33.0,utilitaire_camion,voiture,1,1,1,1,1
201900007974,2019-02-10 00:20:00,2019,2,10,0,20,18,18129,D34,46.972569,2.409509,Nuit sans éclairage public,En agglomération,Intersection en T,Normale,Autre collision,3,2,2,0,1,2,1,0,3,50,1,1,0,0,1,0,34.0,,voiture,,3,2,3,1,6
201900007975,2019-02-13 08:00:00,2019,2,13,8,0,43,43141,Le Faubourg St Claude,45.186686,4.321436,Plein jour,En agglomération,Hors intersection,Normale,Autre collision,3,2,2,0,1,1,1,0,1,50,1,1,0,1,0,0,58.0,,utilitaire_camion,,1,2,1,1,6
201900007976,2019-02-06 14:10:00,2019,2,6,14,10,43,43112,Place Aristide BRIAND,45.099919,3.495045,Plein jour,En agglomération,Hors intersection,Normale,Autre collision,6,-1,-1,0,1,1,1,9,1,50,1,2,1,0,1,0,63.0,,utilitaire_camion,,1,2,1,1,6
201900007977,2019-02-10 11:35:00,2019,2,10,11,35,10,10254,Route départementale 97,48.579535,3.517689,Plein jour,Hors agglomération,Intersection en X,Vent fort / tempête,Deux véhicules - côté,3,2,2,0,1,1,2,0,1,80,2,5,3,0,0,2,43.0,56.0,voiture,voiture,1,1,2,6,3
201900007978,2019-02-12 14:45:00,2019,2,12,14,45,10,10028,D34,47.9831,4.172848,Plein jour,Hors agglomération,Hors intersection,Normale,Sans collision,3,2,2,1,2,2,6,0,8,-1,1,1,0,0,1,0,48.0,,voiture,,1,1,1,1,7
201900007979,2019-02-07 22:55:00,2019,2,7,22,55,36,36110,RD 42A,46.5752019,1.7042734,Nuit sans éclairage public,Hors agglomération,Hors intersection,Normale,Sans collision,3,2,2,0,1,1,1,0,3,80,1,1,0,0,1,0,31.0,,voiture,,3,1,1,1,7
201900007980,2019-02-07 13:30:00,2019,2,7,13,30,36,36005,,46.7718518,1.7903054,Plein jour,Hors agglomération,Hors intersection,Normale,Deux véhicules - frontale,3,2,2,0,1,1,1,0,1,80,2,3,0,0,2,1,36.0,45.0,voiture,voiture,1,1,1,1,1
201900007981,2019-02-09 08:30:00,2019,2,9,8,30,16,16044,RD 197,46.02642,0.252207,Plein jour,Hors agglomération,Hors intersection,Pluie légère,Deux véhicules - frontale,3,2,2,0,2,1,2,0,1,80,2,2,1,0,1,0,47.0,67.0,voiture,deux_roues,1,1,1,2,1
201900007982,2019-02-07 19:55:00,2019,2,7,19,55,7,07001,RD 578,44.89182,4.398334,Nuit sans éclairage public,En agglomération,Hors intersection,Normale,Autre collision,3,2,2,0,1,2,2,0,3,50,1,2,0,0,1,1,26.0,,voiture,,3,2,1,1,6
201900007983,2019-02-09 07:20:00,2019,2,9,7,20,53,53147,rue du 130ème RI,48.304369,-0.619116,Nuit sans éclairage public,En agglomération,Intersection en X,Temps couvert,Deux véhicules - côté,4,1,1,0,2,1,1,5,1,50,2,2,0,0,1,1,32.0,37.0,deux_roues,voiture,3,2,2,8,3
201900007984,2019-02-11 08:36:00,2019,2,11,8,36,53,53084,promenade Charles de Gaulle,47.847026,-0.948238,Plein jour,En agglomération,Giratoire,Normale,Deux véhicules - côté,3,-1,1,0,1,3,1,5,1,50,2,2,1,0,1,0,43.0,20.0,voiture,deux_roues,1,2,6,1,3
201900007985,2019-02-08 11:50:00,2019,2,8,11,50,40,40089,D 18 - 511 ROUTE DE MUGRON,43.69161,-0.649718,Plein jour,En agglomération,Hors intersection,Normale,Deux véhicules - arrière,3,2,2,0,2,1,1,0,1,50,2,2,1,0,1,0,36.0,28.0,deux_roues,voiture,1,2,1,1,2
201900007986,2019-02-08 15:05:00,2019,2,8,15,5,40,40001,avenue de Bordeaux,43.732594,-0.26694,Plein jour,Hors agglomération,Hors intersection,Normale,Autre collision,3,2,2,0,1,1,1,9,1,80,1,1,0,0,0,1,51.0,,deux_roues,,1,1,1,1,6
201900007987,2019-02-11 04:30:00,2019,2,11,4,30,40,40317,avenue du Général de Gaulle,43.688418,-1.333425,Nuit avec éclairage allumé,En agglomération,Hors intersection,Normale,Autre collision,3,2,2,0,1,1,2,5,1,50,1,1,0,1,0,0,52.0,,deux_roues,,5,2,1,1,6
201900007988,2019-02-09 06:30:00,2019,2,9,6,30,24,24002,le lyonnet,45.248972,0.73809,Nuit sans éclairage public,Hors agglomération,Hors intersection,Normale,Deux véhicules - frontale,3,2,2,0,1,1,2,0,1,70,2,2,1,0,1,0,37.0,48.0,voiture,voiture,3,1,1,1,1
201900007989,2019-02-08 06:40:00,2019,2,8,6,40,24,24328,Les brégères,45.6135,0.7033,Nuit sans éclairage public,Hors agglomération,Hors intersection,Brouillard / fumée,Autre collision,3,2,2,0,1,1,2,0,3,80,1,1,0,0,0,1,19.0,,voiture,,3,1,1,5,6
201900007990,2019-02-07 18:45:00,2019,2,7,18,45,4,04200,RD 4,44.147146,5.981356,Nuit sans éclairage public,Hors agglomération,Hors intersection,Normale,Deux véhicules - frontale,3,2,2,0,1,1,1,0,1,80,2,3,1,0,0,2,23.0,81.0,utilitaire_camion,voiture,3,1,1,1,1
201900007991,2019-02-10 03:15:00,2019,2,10,3,15,85,85020,Route de Niort,46.3708,-0.57683,Nuit avec éclairage allumé,En agglomération,Giratoire,Pluie légère,Autre collision,3,2,2,0,1,1,2,0,1,50,1,1,0,0,1,0,46.0,,voiture,,5,2,6,2,6
201900007992,2019-02-12 08:30:00,2019,2,12,8,30,85,85027,LA BASSE VILNIERE,46.95183,-1.37052,Crépuscule ou aube,Hors agglomération,Hors intersection,Normale,Sans collision,4,2,2,0,1,1,2,0,3,-1,1,1,0,0,1,0,17.0,,deux_roues,,2,1,1,1,7
201900007993,2019-02-11 18:20:00,2019,2,11,18,20,85,85084,Le Plessis Cosson,46.75531,-1.21926,Nuit sans éclairage public,Hors agglomération,Hors intersection,Normale,Sans collision,3,2,2,0,1,1,1,0,3,80,1,2,0,0,1,1,39.0,,utilitaire_camion,,3,1,1,1,7
201900007994,2019-01-18 16:00:00,2019,1,18,16,0,85,85266,Le Joblin,46.74099,-0.9749,Plein jour,Hors agglomération,Hors intersection,Normale,Autre collision,4,2,2,0,1,3,1,0,3,80,1,1,0,0,0,1,37.0,,deux_roues,,1,1,1,1,6
201900007995,2019-02-08 23:50:00,2019,2,8,23,50,27,27595,Intersection RD80 - Chemin de la mésangère,49.263716,0.886497,Nuit sans éclairage public,Hors agglomération,Intersection en X,Pluie légère,Deux véhicules - frontale,3,2,2,0,1,1,2,0,1,80,2,2,0,0,1,1,50.0,48.0,voiture,voiture,3,1,2,2,1
201900007996,2019-02-09 16:15:00,2019,2,9,16,15,27,27622,RD 46,49.121653,0.721982,Plein jour,Hors agglomération,Hors intersection,Temps couvert,Sans collision,3,2,2,0,1,1,1,4,1,80,1,1,0,0,0,1,39.0,,deux_roues,,1,1,1,8,7
201900007997,2019-02-12 09:10:00,2019,2,12,9,10,28,28280,,48.3231965,0.8213553,Plein jour,Hors agglomération,Hors intersection,Normale,Autre collision,3,2,2,0,1,1,1,0,1,50,1,2,1,0,0,1,72.0,,voiture,,1,1,1,1,6
201900007998,2019-02-12 18:05:00,2019,2,12,18,5,28,28188,D910 - sens PARIS - CHARTRES,48.497647,1.704816,Crépuscule ou aube,Hors agglomération,Hors intersection,Normale,Deux véhicules - frontale,3,2,2,0,3,1,1,0,1,80,2,2,1,1,0,0,56.0,21.0,utilitaire_camion,voiture,2,1,1,1,1
201900007999,2019-02-10 17:00:00,2019,2,10,17,0,28,28099,345-3,48.429083,1.173094,Crépuscule ou aube,Hors agglomération,Hors intersection,Pluie légère,Autre collision,3,2,2,0,1,1,2,2,3,80,1,1,0,0,1,0,70.0,,voiture,,2,1,1,2,6
201900008000,2019-02-08 06:45:00,2019,2,8,6,45,17,17177,RD 131,45.930529,-0.251473,Nuit sans éclairage public,Hors agglomération,Intersection en X,Normale,Deux véhicules - côté,3,2,2,0,1,1,1,0,1,80,2,2,1,0,1,0,33.0,18.0,voiture,deux_roues,3,1,2,1,3
201900008001,2019-02-11 17:55:00,2019,2,11,17,55,17,17225,Rue Léon Nicolle,45.723696,-1.143863,Plein jour,En agglomération,Intersection en X,Normale,Deux véhicules - côté,4,2,2,0,1,1,1,0,1,50,2,2,1,0,1,0,41.0,37.0,voiture,deux_roues,1,2,2,1,3
201900008002,2019-02-06 14:15:00,2019,2,6,14,15,17,17409,route de Saujon - D14,45.680336,-0.991154,Plein jour,Hors agglomération,Intersection en T,Normale,Deux véhicules - côté,3,2,2,0,1,1,1,0,1,70,2,2,1,0,1,0,25.0,16.0,voiture,deux_roues,1,1,3,1,3
201900008003,2019-02-07 16:20:00,2019,2,7,16,20,87,87077,Les quatres routes,45.630957,1.230783,Plein jour,Hors agglomération,Autre intersection,Normale,Deux véhicules - côté,3,2,2,0,1,1,1,5,1,80,2,2,1,0,1,0,57.0,55.0,voiture,voiture,1,1,9,1,3
201900008004,2019-02-11 18:00:00,2019,2,11,18,0,37,37216,9 bis vallée de Courtineau,47.138035,0.62259,Crépuscule ou aube,Hors agglomération,Hors intersection,Normale,Deux véhicules - frontale,4,2,2,0,2,3,2,0,1,50,2,2,1,0,1,0,16.0,27.0,deux_roues,voiture,2,1,1,1,1
201900008005,2019-02-08 09:05:00,2019,2,8,9,5,37,37274,Lieu dit le Moulin Boureau,47.6405223,0.5391943,Plein jour,Hors agglomération,Hors intersection,Normale,Autre collision,3,2,2,0,1,2,1,0,1,80,1,1,0,0,1,0,72.0,,voiture,,1,1,1,1,6
201900008006,2019-02-10 03:00:00,2019,2,10,3,0,30,30186,route de boissières,43.787487,4.231814,Nuit sans éclairage public,Hors agglomération,Hors intersection,Normale,Autre collision,3,2,2,0,1,3,1,0,3,70,1,1,0,0,1,0,25.0,,voiture,,3,1,1,1,6
201900008007,2019-03-20 16:50:00,2019,3,20,16,50,6,06083,POMPIDOU (ESPLANADE GEORGES),43.7718,7.4923,Plein jour,En agglomération,Giratoire,Normale,Autre collision,4,2,2,0,1,1,1,9,2,50,1,2,1,0,1,0,15.0,,deux_roues,,1,2,6,1,6
201900008008,2019-03-23 21:40:00,2019,3,23,21,40,6,06069,CANNES (ROUTE DE)  -RD 6085-,43.6303808,6.9587113,Nuit avec éclairage allumé,En agglomération,Hors intersection,Normale,Deux véhicules - côté,3,2,2,0,2,1,1,0,1,50,2,2,1,0,0,1,22.0,80.0,deux_roues,voiture,5,2,1,1,3
201900008009,2019-03-23 16:50:00,2019,3,23,16,50,6,06069,MISTRAL (AVENUE ET PLACE FREDERIC),43.64196,6.9133,Plein jour,En agglomération,Hors intersection,Normale,Deux véhicules - arrière,4,2,1,0,1,1,1,0,1,50,2,2,1,0,0,1,46.0,58.0,voiture,deux_roues,1,2,1,1,2
201900008010,2019-03-22 12:20:00,2019,3,22,12,20,6,06069,ROUQUIER (BOULEVARD EMMANUEL),43.64379,6.94184,Plein jour,En agglomération,Hors intersection,Normale,Deux véhicules - côté,4,2,2,0,1,1,1,0,1,50,2,4,2,0,0,2,47.0,23.0,voiture,deux_roues,1,2,1,1,3
201900008011,2019-03-22 18:45:00,2019,3,22,18,45,6,06030,SADI CARNOT (BOULEVARD),43.56626,7.0165,Plein jour,En agglomération,Hors intersection,Normale,Autre collision,4,3,2,0,1,1,1,0,1,50,1,2,1,0,0,1,67.0,,utilitaire_camion,,1,2,1,1,6
201900008012,2019-03-22 11:50:00,2019,3,22,11,50,6,06029,REPUBLIQUE (BOULEVARD DE LA),43.5577269,7.0223072,Plein jour,En agglomération,Hors intersection,Normale,Deux véhicules - frontale,4,2,2,0,1,1,1,0,1,50,2,3,2,0,0,1,57.0,31.0,voiture,deux_roues,1,2,1,1,1
201900008013,2019-03-25 12:00:00,2019,3,25,12,0,6,06027,CANNES AVENUE DE (RN7),43.65393,7.1474,Plein jour,En agglomération,Hors intersection,Normale,Deux véhicules - côté,7,2,2,0,1,1,1,0,1,50,2,2,1,0,0,1,23.0,28.0,utilitaire_camion,deux_roues,1,2,1,1,3
201900008014,2019-03-21 17:00:00,2019,3,21,17,0,6,06123,VESPINS ROUTE DES,43.6603419,7.1814618,Plein jour,En agglomération,Hors intersection,Normale,Deux véhicules - côté,7,2,2,0,1,1,1,0,1,50,2,2,1,0,0,1,24.0,63.0,deux_roues,voiture,1,2,1,1,3
201900008015,2019-03-21 15:00:00,2019,3,21,15,0,6,06123,ST JEANNET ROUTE DE,43.69387,7.17632,Plein jour,Hors agglomération,Hors intersection,Normale,Deux véhicules - frontale,7,2,2,0,2,3,1,8,1,50,2,2,0,0,2,0,57.0,17.0,utilitaire_camion,deux_roues,1,1,1,1,1
201900008016,2019-03-18 09:00:00,2019,3,18,9,0,6,06123,PUGETS AVENUE DES,43.67807,7.18872,Plein jour,En agglomération,Autre intersection,Normale,Deux véhicules - arrière,7,2,2,0,2,1,1,9,1,50,2,2,1,0,0,1,23.0,89.0,deux_roues,voiture,1,2,9,1,2
201900008017,2019-03-24 16:05:00,2019,3,24,16,5,5,05061,BELLEVUE (BOULEVARD),44.56182,6.09317,Plein jour,En agglomération,Hors intersection,Normale,Deux véhicules - frontale,4,2,2,0,1,1,1,0,1,50,2,3,1,0,2,0,51.0,18.0,voiture,deux_roues,1,2,1,1,1
201900008018,2019-03-23 11:50:00,2019,3,23,11,50,5,05061,EYSSAGNIERES ( ROUTE DES ),44.55683,6.05506,Plein jour,En agglomération,Hors intersection,Normale,Deux véhicules - arrière,3,2,2,0,2,1,1,0,3,50,2,6,0,0,0,6,49.0,35.0,voiture,voiture,1,2,1,1,2
201900008019,2019-03-19 11:15:00,2019,3,19,11,15,3,03023,30 rue Gabriel Ramin,46.1157058,3.4073292,Plein jour,En agglomération,Hors intersection,Normale,Autre collision,3,2,2,0,2,1,1,0,1,50,2,2,1,0,1,0,73.0,73.0,voiture,voiture,1,2,1,1,6
201900008020,2019-03-19 19:32:00,2019,3,19,19,32,3,03023,avenue des Acacias,46.1091934,3.4105062,Plein jour,En agglomération,Intersection en X,Normale,Deux véhicules - côté,4,1,1,0,1,1,1,0,1,50,2,2,1,0,1,0,53.0,49.0,deux_roues,voiture,1,2,2,1,3
201900008021,2019-03-19 14:15:00,2019,3,19,14,15,2,02738,RAYMOND POINCARE,49.65553,3.3144,Plein jour,En agglomération,Intersection en X,Normale,Deux véhicules - côté,4,1,2,0,1,1,1,0,1,50,2,2,1,0,0,1,48.0,51.0,voiture,utilitaire_camion,1,2,2,1,3
201900008022,2019-03-26 00:10:00,2019,3,26,0,10,2,02408,PREVERT (PLACE JACQUES),49.55028,3.61851,Nuit avec éclairage allumé,En agglomération,Hors intersection,Normale,Autre collision,6,-1,0,0,1,1,1,9,1,50,1,1,0,0,0,1,19.0,,voiture,,5,2,1,1,6
201900008023,2019-03-24 16:20:00,2019,3,24,16,20,2,02408,MANOISE (RUE DE),49.57418,3.64267,Plein jour,En agglomération,Autre intersection,Normale,Deux véhicules - côté,4,2,1,0,1,1,1,0,1,50,2,2,1,0,0,1,38.0,41.0,voiture,deux_roues,1,2,9,1,3
201900008024,2019-03-25 21:00:00,2019,3,25,21,0,75,75117,PORTE DES TERNES,48.884532,2.285857,Nuit avec éclairage allumé,En agglomération,Intersection en Y,Normale,Deux véhicules - côté,4,1,4,0,1,1,1,1,1,70,2,2,1,0,0,1,32.0,36.0,voiture,deux_roues,5,2,4,1,3
201900008025,2019-03-25 11:10:00,2019,3,25,11,10,75,75116,PORTE DE PASSY,48.85773,2.25968,Plein jour,En agglomération,Hors intersection,Normale,Deux véhicules - côté,4,1,4,0,1,1,1,1,1,70,2,2,1,0,0,1,33.0,56.0,deux_roues,voiture,1,2,1,1,3
201900008026,2019-03-23 18:35:00,2019,3,23,18,35,75,75118,PORTE D AUBERVILLIERS,48.900682,2.367073,Crépuscule ou aube,En agglomération,Hors intersection,Normale,Autre collision,4,1,4,0,1,1,1,0,1,70,2,1,0,0,0,1,23.0,,deux_roues,,2,2,1,1,6
201900008027,2019-03-22 19:20:00,2019,3,22,19,20,75,75117,PORTE D ASNIERES,48.893172,2.303521,Nuit avec éclairage allumé,En agglomération,Hors intersection,Normale,Trois véhicules et plus - en chaîne,4,1,4,0,1,1,1,0,1,70,3,3,2,0,0,1,20.0,63.0,voiture,deux_roues,5,2,1,1,4
201900008028,2019-03-22 12:30:00,2019,3,22,12,30,75,75116,ECHANGEUR SAINT CLOUD,48.839344,2.254209,Plein jour,En agglomération,Intersection en Y,Normale,Deux véhicules - arrière,4,1,4,0,1,1,1,0,1,70,2,2,1,0,0,1,26.0,22.0,utilitaire_camion,voiture,1,2,4,1,2
201900008029,2019-03-22 10:20:00,2019,3,22,10,20,75,75114,PORTE DE CHATILLON,48.821752,2.317932,Plein jour,En agglomération,Hors intersection,Normale,Autre collision,4,1,3,0,1,1,1,0,1,70,3,2,1,0,0,1,36.0,71.0,deux_roues,voiture,1,2,1,1,6
201900008030,2019-03-22 08:55:00,2019,3,22,8,55,75,75116,PORTE DE SAINT CLOUD,48.835539,2.25867,Plein jour,En agglomération,Hors intersection,Normale,Deux véhicules - arrière,4,1,4,0,1,1,1,0,1,70,2,2,1,0,0,1,23.0,29.0,deux_roues,voiture,1,2,1,1,2
201900008031,2019-03-21 09:50:00,2019,3,21,9,50,75,75113,PORTE D ITALIE,48.818797,2.370567,Plein jour,En agglomération,Hors intersection,Normale,Deux véhicules - arrière,4,1,4,0,1,1,1,0,1,70,2,2,1,0,0,1,24.0,33.0,deux_roues,deux_roues,1,2,1,1,2
201900008032,2019-03-20 11:40:00,2019,3,20,11,40,75,75117,PORTE D ASNIERES,48.889237,2.296154,Plein jour,En agglomération,Hors intersection,Normale,Trois véhicules et plus - en chaîne,4,1,4,0,1,1,1,1,1,70,4,4,3,0,0,1,23.0,35.0,voiture,voiture,1,2,1,1,4
201900008033,2019-03-20 08:50:00,2019,3,20,8,50,75,75117,BOULEVARD PERIPHERIQUE,48.887151,2.290074,Plein jour,En agglomération,Hors intersection,Normale,Autre collision,4,1,4,0,1,2,1,1,1,70,2,1,0,0,0,1,54.0,,deux_roues,,1,2,1,1,6
201900008034,2019-03-20 08:45:00,2019,3,20,8,45,75,75115,QUAI D ISSY LES MOULINEAUX,48.834927,2.266773,Plein jour,En agglomération,Hors intersection,Normale,Deux véhicules - arrière,4,1,4,0,1,1,1,0,1,70,2,2,1,0,0,1,34.0,54.0,deux_roues,voiture,1,2,1,1,2
201900008035,2019-03-14 20:15:00,2019,3,14,20,15,75,75113,PORTE D IVRY,48.819197,2.371793,Nuit avec éclairage allumé,En agglomération,Hors intersection,Temps couvert,Deux véhicules - côté,4,1,4,0,1,1,2,0,1,70,2,2,1,0,0,1,39.0,45.0,voiture,deux_roues,5,2,1,8,3
201900008036,2019-03-23 17:55:00,2019,3,23,17,55,75,75106,BOULEVARD SAINT GERMAIN,48.85191,2.34105,Crépuscule ou aube,En agglomération,Hors intersection,Normale,Deux véhicules - côté,4,1,3,3,1,1,1,0,6,50,2,2,0,0,0,2,22.0,35.0,deux_roues,deux_roues,2,2,1,1,3
201900008037,2019-03-21 08:40:00,2019,3,21,8,40,75,75116,AVENUE DU PRESIDENT KENNEDY,48.857924,2.287929,Plein jour,En agglomération,Intersection en T,Normale,Sans collision,4,2,4,0,1,1,1,0,1,50,1,1,0,0,1,0,27.0,,deux_roues,,1,2,3,1,7
201900008038,2019-03-20 17:05:00,2019,3,20,17,5,75,75101,RUE CAMBON,48.866523,2.325465,Plein jour,En agglomération,Hors intersection,Normale,Deux véhicules - côté,4,1,1,0,1,1,1,0,1,30,2,3,2,0,1,0,54.0,59.0,voiture,deux_roues,1,2,1,1,3
201900008039,2019-03-20 09:54:00,2019,3,20,9,54,75,75112,AVENUE LEDRU ROLLIN,48.848647,2.372557,Plein jour,En agglomération,Intersection en X,Normale,Autre collision,4,1,2,0,1,1,1,5,1,30,1,2,1,0,1,0,45.0,,transport_commun,,1,2,2,1,6
201900008040,2019-03-22 12:50:00,2019,3,22,12,50,75,75106,BOULEVARD DU MONTPARNASSE,48.846303,2.317628,Plein jour,En agglomération,Hors intersection,Normale,Deux véhicules - arrière,4,2,6,0,1,1,1,0,1,50,2,2,1,0,0,1,39.0,26.0,deux_roues,voiture,1,2,1,1,2
201900008041,2019-03-25 20:40:00,2019,3,25,20,40,75,75120,RUE DES PYRENEES,48.863289,2.399704,Nuit avec éclairage allumé,En agglomération,Intersection en X,Normale,Deux véhicules - côté,4,2,2,0,2,1,1,0,1,50,2,2,1,0,0,1,78.0,32.0,voiture,deux_roues,5,2,2,1,3
201900008042,2019-03-25 09:55:00,2019,3,25,9,55,75,75120,AVENUE GAMBETTA,48.863649,2.390526,Plein jour,En agglomération,Hors intersection,Normale,Deux véhicules - côté,4,2,2,0,2,1,1,0,1,50,2,2,1,0,0,1,45.0,39.0,deux_roues,utilitaire_camion,1,2,1,1,3
201900008043,2019-03-23 16:20:00,2019,3,23,16,20,75,75120,BOULEVARD DE BELLEVILLE,48.869563,2.379984,Plein jour,En agglomération,Intersection en T,Normale,Deux véhicules - côté,4,3,2,1,1,1,1,0,5,50,2,4,3,0,0,1,44.0,46.0,deux_roues,voiture,1,2,3,1,3
201900008044,2019-03-22 21:40:00,2019,3,22,21,40,75,75120,COURS DE VINCENNES,48.847178,2.411275,Nuit avec éclairage allumé,En agglomération,Place,Normale,Autre collision,4,2,6,0,1,1,1,5,1,50,1,2,0,0,0,2,24.0,,deux_roues,,5,2,7,1,6
201900008045,2019-03-21 22:40:00,2019,3,21,22,40,75,75120,RUE SAINT BLAISE,48.857751,2.407578,Nuit avec éclairage allumé,En agglomération,Intersection en X,Normale,Autre collision,4,1,1,0,1,1,1,0,1,30,1,2,1,0,0,1,34.0,,voiture,,5,2,2,1,6
201900008046,2019-03-21 20:20:00,2019,3,21,20,20,75,75120,RUE DE LA CROIX SAINT SIMON,48.855533,2.409725,Nuit avec éclairage allumé,En agglomération,Intersection en T,Normale,Autre collision,4,1,1,0,2,1,1,0,1,50,1,2,1,0,1,0,22.0,,deux_roues,,5,2,3,1,6