accident_id,datetime,annee,mois,jour,heure,minute,departement,commune_insee,adresse,latitude,longitude,luminosite,agglomeration,intersection,meteo,collision,catr,circ,nbv,vosp,prof,plan,surf,infra,situ,vma,nb_vehicules,nb_usagers,nb_indemnes,nb_tues,nb_blesses_hosp,nb_blesses_legers,age_cond_1,age_cond_2,veh_type_cond_1,veh_type_cond_2,lum_code,agg_code,int_code,atm_code,col_code
201900008140,2019-03-23 21:30:00,2019,3,23,21,30,93,93078,CLEMENCEAU (AVENUE GEORGES),48.95815,2.55843,Nuit avec éclairage allumé,En agglomération,Intersection en X,Normale,Deux véhicules - côté,3,3,4,0,1,1,1,5,1,50,2,3,1,0,0,2,29.0,21.0,voiture,voiture,5,2,2,1,3
201900008141,2019-03-20 13:20:00,2019,3,20,13,20,93,93078,BALLANGER (BD ROBERT),48.95438,2.53543,Plein jour,En agglomération,Hors intersection,Normale,Autre collision,3,2,3,0,1,1,1,0,2,50,1,2,1,0,0,1,54.0,,voiture,,1,2,1,1,6
201900008142,2019-03-24 11:05:00,2019,3,24,11,5,93,93005,BONDY (ROUTE DE),48.927976,2.492434,Plein jour,En agglomération,Intersection en T,Normale,Autre collision,4,2,0,0,1,1,1,0,1,50,1,2,1,0,0,1,57.0,,voiture,,1,2,3,1,6
201900008143,2019-03-22 22:15:00,2019,3,22,22,15,93,93071,HENRI BECQUEREL (RUE),48.945338,2.527484,Nuit sans éclairage public,En agglomération,Autre intersection,Normale,Sans collision,6,-1,0,0,1,1,1,9,1,30,1,2,1,0,1,0,20.0,,voiture,,3,2,9,1,7
201900008144,2019-03-25 16:40:00,2019,3,25,16,40,93,93066,FAURE FELIX (BOULEVARD),48.938908,2.360797,Plein jour,En agglomération,Hors intersection,Normale,Autre collision,4,2,0,3,1,1,1,9,1,30,1,1,0,0,0,1,,,,,1,2,1,1,6
201900008145,2019-03-25 09:03:00,2019,3,25,9,3,93,93066,GENERAL DE GAULLE,48.92577,2.36466,Plein jour,En agglomération,Intersection en X,Normale,Trois véhicules et plus - collisions multiples,3,3,2,0,1,1,1,2,1,50,3,3,2,0,1,0,37.0,33.0,deux_roues,utilitaire_camion,1,2,2,1,5
201900008146,2019-03-24 16:00:00,2019,3,24,16,0,93,93066,LIBERATION RD14 (BOULEVARD),48.92721,2.34161,Plein jour,En agglomération,Hors intersection,Normale,Deux véhicules - côté,3,2,3,1,1,1,1,0,1,50,2,2,1,0,0,1,54.0,36.0,deux_roues,voiture,1,2,1,1,3
201900008147,2019-03-25 18:52:00,2019,3,25,18,52,93,93064,LISBONNE (RUE DE),48.881563,2.470022,Crépuscule ou aube,En agglomération,Hors intersection,Normale,Autre collision,4,2,3,0,1,1,1,0,1,50,1,2,1,0,1,0,21.0,,voiture,,2,2,1,1,6
201900008148,2019-03-20 12:30:00,2019,3,20,12,30,93,93062,RESISTANCE (AVENUE DE LA),48.89437,2.51351,Plein jour,En agglomération,Hors intersection,Normale,Autre collision,3,2,2,0,1,1,1,0,1,50,1,2,1,0,0,1,69.0,,voiture,,1,2,1,1,6
201900008149,2019-03-23 08:15:00,2019,3,23,8,15,93,93055,CARTIER BRESSON DU 1/39.2/44,48.90326,2.39576,Plein jour,En agglomération,Hors intersection,Brouillard / fumée,Deux véhicules - côté,4,2,2,0,1,1,1,0,1,50,2,2,1,0,1,0,25.0,24.0,deux_roues,voiture,1,2,1,5,3
201900008150,2019-03-22 22:33:00,2019,3,22,22,33,93,93055,JEAN LOLIVE (AVENUE)(1/55 2/60),48.8912,2.40282,Nuit avec éclairage allumé,En agglomération,Intersection en X,Normale,Autre collision,3,1,2,0,1,1,1,0,1,50,1,3,1,0,2,0,25.0,,deux_roues,,5,2,2,1,6
201900008151,2019-03-21 14:45:00,2019,3,21,14,45,93,93053,VAILLANT COUTURIER (RUE),48.89239,2.44181,Plein jour,En agglomération,Hors intersection,Normale,Deux véhicules - arrière,3,2,0,0,1,1,1,0,1,50,2,2,1,0,0,1,72.0,39.0,voiture,voiture,1,2,1,1,2
201900008152,2019-01-26 18:30:00,2019,1,26,18,30,93,93053,PARIS (RUE DE),48.900998,2.455852,Nuit avec éclairage allumé,En agglomération,Autre intersection,Pluie légère,Deux véhicules - côté,3,2,6,3,1,1,2,9,1,50,2,4,1,0,0,3,28.0,26.0,voiture,voiture,5,2,9,2,3
201900008153,2019-03-22 14:35:00,2019,3,22,14,35,93,93051,MONT D'EST (BD),48.83872,2.54282,Plein jour,En agglomération,Hors intersection,Normale,Deux véhicules - arrière,3,2,4,0,1,1,1,0,1,50,2,2,1,0,0,1,47.0,72.0,deux_roues,voiture,1,2,1,1,2
201900008154,2019-03-21 16:50:00,2019,3,21,16,50,93,93051,VICTOR BASCH (AVENUE),48.84133,2.55966,Plein jour,En agglomération,Giratoire,Normale,Deux véhicules - côté,4,1,2,0,1,2,1,0,1,50,2,2,1,0,0,1,48.0,70.0,deux_roues,voiture,1,2,6,1,3
201900008155,2019-03-25 16:00:00,2019,3,25,16,0,93,93050,HENRI BARBUSSE (PLACE) MONUMENT AUX MORT,48.85779,2.52603,Plein jour,En agglomération,Hors intersection,Normale,Autre collision,4,2,2,0,1,1,1,5,1,50,1,2,1,0,0,1,27.0,,voiture,,1,2,1,1,6
201900008156,2019-03-22 16:45:00,2019,3,22,16,45,93,93050,PAUL ET CAMILLE THOMOUX (RUE) COTE PAIR,48.87157,2.52945,Plein jour,En agglomération,Hors intersection,Normale,Deux véhicules - côté,3,2,2,0,1,1,1,0,1,50,2,3,2,1,0,0,63.0,38.0,voiture,deux_roues,1,2,1,1,3
201900008157,2019-03-22 16:45:00,2019,3,22,16,45,93,93050,LOUIS VANNINI (RUE),48.86527,2.5212,Plein jour,En agglomération,Hors intersection,Normale,Deux véhicules - côté,4,2,1,0,1,1,1,0,1,50,2,3,2,0,0,1,54.0,47.0,deux_roues,utilitaire_camion,1,2,1,1,3
201900008158,2019-03-22 11:15:00,2019,3,22,11,15,93,93050,ARISTIDE BRIAND (BOULEBARD),48.85889,2.52053,Plein jour,En agglomération,Intersection en X,Normale,Trois véhicules et plus - collisions multiples,3,4,2,0,1,1,1,0,1,50,3,3,2,0,0,1,31.0,20.0,utilitaire_camion,utilitaire_camion,1,2,2,1,5
201900008159,2019-03-21 21:10:00,2019,3,21,21,10,93,93048,PARIS (RUE DE),48.856326,2.426329,Nuit avec éclairage allumé,En agglomération,Hors intersection,Normale,Trois véhicules et plus - en chaîne,3,2,2,0,1,1,1,0,1,30,3,3,2,0,1,0,34.0,31.0,deux_roues,autre,5,2,1,1,4
201900008160,2019-03-21 17:20:00,2019,3,21,17,20,93,93046,EUROPE BOULEVARD DE L',48.92675,2.55098,Plein jour,En agglomération,Giratoire,Normale,Autre collision,3,1,2,0,1,3,1,5,1,50,1,2,1,0,0,1,28.0,,utilitaire_camion,,1,2,6,1,6
201900008161,2019-03-21 11:35:00,2019,3,21,11,35,93,93046,HENRI BARBUSSE ALLEE,48.95777,2.573,Plein jour,En agglomération,Hors intersection,Normale,Autre collision,3,2,2,0,1,1,1,0,1,50,1,2,1,0,0,1,30.0,,voiture,,1,2,1,1,6
201900008162,2019-03-20 12:45:00,2019,3,20,12,45,93,93046,VAUBAN AVENUE,48.91715,2.52252,Plein jour,En agglomération,Hors intersection,Normale,Deux véhicules - côté,4,2,2,0,1,1,1,0,1,50,2,5,0,0,0,5,42.0,54.0,voiture,deux_roues,1,2,1,1,3
201900008163,2019-03-20 08:20:00,2019,3,20,8,20,93,93006,REPUBLIQUE AVENUE DE LA,48.863328,2.414626,Plein jour,En agglomération,Hors intersection,Normale,Deux véhicules - frontale,3,2,2,0,1,1,1,0,1,50,2,2,1,0,0,1,43.0,65.0,deux_roues,voiture,1,2,1,1,1
201900008164,2019-04-17 16:00:00,2019,4,17,16,0,93,93032,SAINTE CLOTHILDE  (AVENUE),48.87626,2.56888,Plein jour,En agglomération,Hors intersection,Normale,Autre collision,4,2,2,0,1,1,1,0,1,30,1,2,1,0,0,1,21.0,,voiture,,1,2,1,1,6
201900008165,2019-04-16 19:20:00,2019,4,16,19,20,93,93032,JEAN JAURES (AVENUE),48.88361,2.52936,Crépuscule ou aube,En agglomération,Hors intersection,Normale,Autre collision,3,2,2,0,1,1,1,0,1,50,1,3,2,0,0,1,17.0,,deux_roues,,2,2,1,1,6
201900008166,2019-03-21 08:37:00,2019,3,21,8,37,93,93032,ROSES   (AVENUE DES),48.895161,2.543763,Crépuscule ou aube,En agglomération,Hors intersection,Normale,Autre collision,4,2,2,0,1,1,1,0,1,50,1,2,1,0,0,1,52.0,,voiture,,2,2,1,1,6
201900008167,2019-03-21 17:50:00,2019,3,21,17,50,93,93031,DIX HUIT JUIN 1940 (AVENUE DU),48.952979,2.307388,Plein jour,En agglomération,Autre intersection,Normale,Deux véhicules - côté,3,2,4,0,1,1,1,0,1,50,2,2,0,0,0,2,57.0,30.0,voiture,deux_roues,1,2,9,1,3
201900008168,2019-03-20 20:26:00,2019,3,20,20,26,93,93031,PARIS (RUE DE),48.95478,2.30747,Nuit avec éclairage allumé,En agglomération,Hors intersection,Normale,Deux véhicules - arrière,3,2,2,0,1,1,1,0,1,50,2,2,1,0,0,1,31.0,31.0,voiture,transport_commun,5,2,1,1,2
201900008169,2019-03-20 17:40:00,2019,3,20,17,40,93,93031,JEAN JAURES (AVENUE),48.956772,2.320349,Plein jour,En agglomération,Autre intersection,Normale,Deux véhicules - côté,3,2,2,0,1,1,1,0,1,50,2,4,3,0,0,1,55.0,37.0,utilitaire_camion,utilitaire_camion,1,2,9,1,3
201900008170,2019-03-20 11:45:00,2019,3,20,11,45,93,93031,DE LATTRE DE TASSIGNY (1 A 51),48.95946,2.30154,Plein jour,En agglomération,Hors intersection,Normale,Deux véhicules - côté,3,3,4,0,1,1,1,0,1,50,2,2,0,0,0,2,75.0,59.0,voiture,deux_roues,1,2,1,1,3
201900008171,2019-03-24 18:15:00,2019,3,24,18,15,93,93008,BARBUSSE (AVENUE HENRI) A30,48.91233,2.43583,Crépuscule ou aube,En agglomération,Hors intersection,Normale,Autre collision,3,3,4,0,1,1,1,0,1,50,1,2,1,0,0,1,60.0,,deux_roues,,2,2,1,1,6
201900008172,2019-03-21 05:45:00,2019,3,21,5,45,93,93029,MARCEAU (AVENUE) N° 29-FIN,48.93024,2.4314,Nuit avec éclairage allumé,En agglomération,Hors intersection,Normale,Deux véhicules - côté,3,2,2,0,1,1,1,0,1,50,2,2,1,0,0,1,30.0,35.0,voiture,deux_roues,5,2,1,1,3
201900008173,2019-03-24 14:55:00,2019,3,24,14,55,93,93027,PASTEUR (BOULEVARD) DE 40 A +,48.92804,2.38539,Plein jour,En agglomération,Intersection en X,Normale,Deux véhicules - côté,3,2,4,0,1,1,1,0,1,50,2,2,1,0,0,1,23.0,30.0,deux_roues,voiture,1,2,2,1,3
201900008174,2019-03-23 22:20:00,2019,3,23,22,20,93,93030,CROIZAT (AVENUE AMBROISE),48.95443,2.41626,Nuit avec éclairage allumé,En agglomération,Hors intersection,Normale,Deux véhicules - arrière,7,2,2,0,1,1,1,0,1,50,2,3,0,0,0,3,35.0,27.0,deux_roues,voiture,5,2,1,1,2
201900008175,2019-03-23 18:30:00,2019,3,23,18,30,93,93013,LECLERC (AVENU DE LA DIVISION),48.93714,2.42815,Plein jour,En agglomération,Place,Normale,Deux véhicules - côté,3,1,2,0,1,1,1,0,1,50,2,3,2,0,0,1,37.0,56.0,utilitaire_camion,utilitaire_camion,1,2,7,1,3
201900008176,2019-03-21 18:45:00,2019,3,21,18,45,93,93030,LARIVIERE (RUE LOUIS),48.9528,2.4165,Nuit avec éclairage allumé,En agglomération,Intersection en X,Normale,Autre collision,3,2,2,0,1,1,1,0,1,50,2,2,1,0,0,1,61.0,61.0,utilitaire_camion,deux_roues,5,2,2,1,6
201900008177,2019-03-20 16:20:00,2019,3,20,16,20,93,93027,PASTEUR (BOULEVARD) DE 1 A 39,48.923,2.38204,Plein jour,En agglomération,Hors intersection,Normale,Autre collision,3,2,2,0,1,1,1,0,1,50,1,2,0,0,0,2,27.0,,deux_roues,,1,2,1,1,6
201900008178,2019-02-14 17:30:00,2019,2,14,17,30,93,93047,HARDY  (BOULEVARD),48.90619,2.56808,Crépuscule ou aube,En agglomération,Hors intersection,Normale,Deux véhicules - arrière,4,2,2,0,3,1,1,0,1,50,2,3,1,0,0,2,55.0,20.0,voiture,voiture,2,2,1,1,2
201900008179,2019-03-25 22:05:00,2019,3,25,22,5,93,93010,GALLIENI (AV.) DE 1 A 109,48.907026,2.488547,Nuit avec éclairage allumé,En agglomération,Intersection en X,Normale,Deux véhicules - côté,3,3,6,0,1,1,1,0,1,50,2,1,0,0,0,1,39.0,,deux_roues,,5,2,2,1,3
201900008180,2019-03-22 08:10:00,2019,3,22,8,10,93,93057,BRIAND ( AV. ARISTIDE) 31 A 91,48.90897,2.50061,Plein jour,En agglomération,Hors intersection,Brouillard / fumée,Autre collision,3,3,4,0,1,1,1,0,1,50,1,2,1,0,0,1,39.0,,deux_roues,,1,2,1,5,6
201900008181,2019-03-21 17:55:00,2019,3,21,17,55,93,93057,BRIAND (AV. ARISTIDE) 2 A 132,48.90777,2.49404,Plein jour,En agglomération,Intersection en X,Normale,Deux véhicules - arrière,3,3,3,3,1,1,1,0,1,50,2,2,1,0,1,0,40.0,57.0,deux_roues,deux_roues,1,2,2,1,2
201900008182,2019-03-21 11:15:00,2019,3,21,11,15,93,93057,BRACKEY ( CAR.),48.9,2.5,Plein jour,En agglomération,Giratoire,Normale,Deux véhicules - arrière,4,2,4,0,1,1,1,0,-1,50,2,2,1,0,0,1,53.0,59.0,deux_roues,voiture,1,2,6,1,2
201900008183,2019-03-21 09:35:00,2019,3,21,9,35,93,93057,BRIAND ( AV. ARISTIDE) 1 A29,48.907977,2.494073,Plein jour,En agglomération,Autre intersection,Normale,Deux véhicules - côté,3,3,4,0,1,1,1,0,1,50,2,3,1,0,0,2,46.0,38.0,utilitaire_camion,utilitaire_camion,1,2,9,1,3
201900008184,2019-03-20 08:10:00,2019,3,20,8,10,93,93010,GALLIENI (AV.) DE 2 A 96,48.90394,2.47175,Plein jour,En agglomération,Hors intersection,Normale,Autre collision,3,1,1,3,1,1,1,0,6,50,1,2,1,0,0,1,45.0,,transport_commun,,1,2,1,1,6
201900008185,2019-03-24 18:40:00,2019,3,24,18,40,93,93007,PROFESSEUR LANGEVIN (RUE DU),48.94363,2.45922,Plein jour,En agglomération,Intersection en X,Normale,Deux véhicules - côté,4,2,2,0,1,1,1,0,1,50,2,2,1,0,0,1,19.0,41.0,voiture,voiture,1,2,2,1,3
201900008186,2019-03-21 15:00:00,2019,3,21,15,0,93,93007,DIVISION LECLERC (AVENUE),48.945069,2.462304,Plein jour,En agglomération,Hors intersection,Normale,Deux véhicules - arrière,3,2,2,0,1,1,1,0,1,50,2,2,1,0,0,1,25.0,28.0,utilitaire_camion,utilitaire_camion,1,2,1,1,2
201900008187,2019-03-24 22:30:00,2019,3,24,22,30,93,93005,DROITS DE LHOMME (CARREFOUR DES),48.92944,2.48083,Nuit avec éclairage allumé,En agglomération,Autre intersection,Normale,Deux véhicules - côté,3,4,1,0,1,1,1,5,1,50,2,2,1,0,0,1,27.0,40.0,utilitaire_camion,utilitaire_camion,5,2,9,1,3
201900008188,2019-03-23 19:50:00,2019,3,23,19,50,93,93005,GEORGES BRAQUE (BOULEVARD),48.93675,2.48412,Nuit avec éclairage allumé,En agglomération,Intersection en X,Normale,Autre collision,3,-1,0,0,1,1,1,0,1,50,1,1,0,0,0,1,,,,,5,2,2,1,6
201900008189,2019-03-22 06:55:00,2019,3,22,6,55,93,93005,PIERRE JOUHET (AVENUE),48.92276,2.504904,Crépuscule ou aube,En agglomération,Hors intersection,Brouillard / fumée,Deux véhicules - arrière,4,2,2,0,1,1,1,0,1,50,2,2,1,0,0,1,27.0,38.0,voiture,voiture,2,2,1,5,2
201900008190,2019-03-20 13:05:00,2019,3,20,13,5,93,93005,MITRY [CD115] (ROUTE DE),48.94943,2.5192,Plein jour,En agglomération,Hors intersection,Normale,Autre collision,3,1,2,0,1,1,1,0,1,50,1,2,1,0,0,1,32.0,,voiture,,1,2,1,1,6
201900008191,2019-03-25 19:45:00,2019,3,25,19,45,93,93001,VICTOR HUGO (AVE)  => 120,48.908196,2.3775968,Nuit avec éclairage allumé,En agglomération,Hors intersection,Normale,Trois véhicules et plus - en chaîne,3,-1,4,0,1,1,1,0,1,50,3,3,1,0,1,1,32.0,32.0,deux_roues,deux_roues,5,2,1,1,4
201900008192,2019-03-24 17:00:00,2019,3,24,17,0,93,93066,CASANOVA DANIELLE NR 2 A 50 ET 1 A 19,48.92392,2.36894,Plein jour,En agglomération,Intersection en T,Normale,Deux véhicules - arrière,3,2,2,0,1,1,1,0,1,50,2,1,0,0,0,1,31.0,,voiture,,1,2,3,1,2
201900008193,2019-03-25 18:35:00,2019,3,25,18,35,92,92075,PAIX (AVENUE DE LA)/ LARMEROUX (RUE),48.8147975,2.2780737,Plein jour,En agglomération,Intersection en T,Normale,Trois véhicules et plus - collisions multiples,3,1,2,0,1,1,1,0,1,50,3,3,1,0,0,2,34.0,41.0,voiture,voiture,1,2,3,1,5
201900008194,2019-03-19 21:18:00,2019,3,19,21,18,92,92075,RAYMOND MARCHERON (RUE),48.81829,2.28508,Nuit avec éclairage allumé,En agglomération,Hors intersection,Normale,Deux véhicules - côté,3,2,2,0,2,1,1,0,1,50,2,3,2,0,0,1,78.0,30.0,voiture,deux_roues,5,2,1,1,3
201900008195,2019-01-11 15:05:00,2019,1,11,15,5,92,92075,PIERRE BROSSOLETTE (AVENUE),48.81245,2.3009,Plein jour,En agglomération,Hors intersection,Pluie légère,Deux véhicules - côté,3,1,2,0,1,1,2,0,1,50,2,2,1,0,0,1,43.0,31.0,deux_roues,voiture,1,2,1,2,3
201900008196,2019-03-21 08:45:00,2019,3,21,8,45,92,92073,JAURES (AVENUE JEAN),48.8625942,2.2105599,Plein jour,En agglomération,Giratoire,Normale,Autre collision,3,2,2,0,1,1,1,0,1,50,1,2,1,0,0,1,27.0,,deux_roues,,1,2,6,1,6
201900008197,2019-03-25 12:25:00,2019,3,25,12,25,92,92022,SALENGRO (AVENUE ROGER),48.8097564,2.1896507,Plein jour,En agglomération,Hors intersection,Normale,Deux véhicules - côté,3,2,3,3,1,1,1,0,1,50,2,2,1,0,0,1,18.0,37.0,deux_roues,voiture,1,2,1,1,3
201900008198,2019-03-24 23:10:00,2019,3,24,23,10,92,92022,SALENGRO (AVENUE ROGER),48.8091575,2.1884251,Nuit avec éclairage allumé,En agglomération,Hors intersection,Normale,Deux véhicules - côté,3,2,2,2,1,1,1,0,1,50,2,2,1,0,0,1,49.0,28.0,deux_roues,voiture,5,2,1,1,3
201900008199,2019-03-22 07:15:00,2019,3,22,7,15,92,92022,SALENGRO (AVENUE ROGER),48.807751,2.1864838,Plein jour,En agglomération,Hors intersection,Normale,Autre collision,3,2,2,0,1,1,1,0,1,50,2,2,1,0,0,1,59.0,31.0,deux_roues,utilitaire_camion,1,2,1,1,6
201900008200,2019-03-22 08:10:00,2019,3,22,8,10,92,92072,VILLE D'AVRAY (RUE DE ),48.8259672,2.1993249,Plein jour,En agglomération,Hors intersection,Normale,Autre collision,3,2,2,0,2,1,1,0,2,50,1,2,1,0,0,1,46.0,,voiture,,1,2,1,1,6
201900008201,2019-02-13 13:30:00,2019,2,13,13,30,92,92072,GRANDE RUE,48.8217109,2.2046203,Plein jour,En agglomération,Hors intersection,Normale,Deux véhicules - arrière,3,2,2,0,2,1,1,0,1,50,2,2,1,0,0,1,49.0,29.0,voiture,deux_roues,1,2,1,1,2
201900008202,2019-10-19 16:00:00,2019,10,19,16,0,71,71445,GRANDE RUE,46.7729569,4.8929834,Plein jour,En agglomération,Intersection en T,Pluie légère,Deux véhicules - côté,3,2,2,0,1,1,2,0,1,50,2,2,1,0,0,1,70.0,25.0,voiture,voiture,1,2,3,2,3
201900008203,2019-10-19 19:15:00,2019,10,19,19,15,69,69275,MICHEL SERVET                       (R ),45.75953,4.96908,Nuit avec éclairage allumé,En agglomération,Intersection en T,Pluie légère,Autre collision,4,2,2,1,4,3,2,0,1,50,1,4,3,0,0,1,18.0,,voiture,,5,2,3,2,6
201900008204,2019-10-12 16:30:00,2019,10,12,16,30,68,68166,GUEBWILLER (RUE DE),47.79005,7.31561,Plein jour,En agglomération,Giratoire,Normale,Deux véhicules - côté,4,1,2,0,1,3,1,0,1,50,2,2,1,0,0,1,35.0,49.0,voiture,deux_roues,1,2,6,1,3
201900008205,2019-10-19 19:00:00,2019,10,19,19,0,64,64140,LASSALLE (RUE GEORGES),43.5281,-1.49205,Plein jour,En agglomération,Hors intersection,Normale,Sans collision,4,1,1,0,1,2,1,0,1,50,1,1,0,0,0,1,18.0,,deux_roues,,1,2,1,1,7
201900008206,2019-10-19 05:30:00,2019,10,19,5,30,59,59350,DUNKERQUE AVENUE DE,50.6454161,3.0115896,Crépuscule ou aube,En agglomération,Autre intersection,Pluie légère,Autre collision,7,2,2,0,1,1,2,0,1,50,1,1,0,0,0,1,,,,,2,2,9,2,6
201900008207,2019-10-02 12:00:00,2019,10,2,12,0,59,59350,MONTEBELLO BOULEVARD N° RESTE,50.61908,3.04946,Plein jour,En agglomération,Hors intersection,Normale,Autre collision,4,3,2,1,1,1,1,0,1,50,1,2,1,0,0,1,25.0,,utilitaire_camion,,1,2,1,1,6
201900008208,2019-10-19 09:00:00,2019,10,19,9,0,51,51454,RUE DES POISSONNIERS,49.25328,4.02418,Plein jour,En agglomération,Hors intersection,Pluie légère,Sans collision,4,1,1,0,1,1,2,0,1,50,1,2,1,0,0,1,21.0,,voiture,,1,2,1,2,7
201900008209,2019-10-19 22:50:00,2019,10,19,22,50,45,45147,364 RUE DU FAUBOURG BANNIER,47.93087,1.89553,Nuit avec éclairage allumé,En agglomération,Hors intersection,Pluie légère,Deux véhicules - côté,4,2,2,0,1,1,2,0,1,50,2,3,1,0,0,2,24.0,20.0,voiture,voiture,5,2,1,2,3
201900008210,2019-10-19 23:10:00,2019,10,19,23,10,45,45004,R DE L' EUROPE - R J MONNET,47.9780981,2.729318,Nuit avec éclairage allumé,En agglomération,Giratoire,Pluie forte,Deux véhicules - côté,4,-1,2,0,2,1,2,0,1,50,2,2,1,0,0,1,19.0,28.0,voiture,deux_roues,5,2,6,3,3
201900008211,2019-10-19 15:20:00,2019,10,19,15,20,44,44109,BOULEVARD DES TRIBUNES,47.25019,-1.56887,Plein jour,En agglomération,Hors intersection,Normale,Deux véhicules - arrière,4,1,0,0,1,2,1,0,1,50,2,2,1,0,1,0,18.0,53.0,deux_roues,voiture,1,2,1,1,2
201900008212,2019-10-19 07:15:00,2019,10,19,7,15,44,44143,PONT DES 3 CONTINENTS,47.19771,-1.56187,Nuit avec éclairage non allumé,En agglomération,Hors intersection,Temps couvert,Autre collision,4,2,0,0,2,1,2,0,1,50,1,2,1,1,0,0,61.0,,voiture,,4,2,1,8,6
201900008213,2019-10-19 15:35:00,2019,10,19,15,35,43,43157,MONTREDON (ROUTE DE),45.0543,3.90162,Plein jour,En agglomération,Hors intersection,Normale,Deux véhicules - côté,4,2,2,0,1,1,1,0,1,50,2,3,1,0,0,2,18.0,17.0,voiture,deux_roues,1,2,1,1,3
201900008214,2019-10-19 21:25:00,2019,10,19,21,25,37,37261,GANCE (BOULEVARD ABEL),47.4103036,0.7203702,Nuit avec éclairage allumé,En agglomération,Giratoire,Pluie légère,Deux véhicules - arrière,4,3,3,0,2,3,2,0,1,50,2,3,1,0,0,2,30.0,19.0,utilitaire_camion,voiture,5,2,6,2,2
201900008215,2019-10-19 20:20:00,2019,10,19,20,20,35,35238,PATTON (AVENUE DU GENERAL SIR GEORGES),48.13538,-1.65954,Nuit avec éclairage allumé,En agglomération,Intersection en X,Normale,Trois véhicules et plus - collisions multiples,4,2,2,0,2,1,1,0,1,50,3,7,6,0,0,1,19.0,58.0,voiture,voiture,5,2,2,1,5
201900008216,2019-10-19 15:50:00,2019,10,19,15,50,35,35238,FREVILLE (AVENUE HENRI),48.086713,-1.6752722,Plein jour,En agglomération,Intersection en X,Normale,Sans collision,4,1,2,0,1,1,1,5,1,50,1,2,0,0,0,2,45.0,,deux_roues,,1,2,2,1,7
201900008217,2019-10-19 02:03:00,2019,10,19,2,3,34,34172,LIBERTE (AVENUE DE LA,43.60831,3.86229,Nuit avec éclairage allumé,En agglomération,Hors intersection,Normale,Autre collision,4,2,2,0,1,1,1,0,1,50,1,1,0,0,1,0,,,,,5,2,1,1,6
201900008218,2019-10-19 16:55:00,2019,10,19,16,55,33,33192,RTE DE LEOGNAN,44.75165,-0.61625,Plein jour,En agglomération,Hors intersection,Normale,Deux véhicules - côté,4,2,4,2,1,3,1,0,1,50,2,2,1,0,0,1,56.0,45.0,deux_roues,voiture,1,2,1,1,3
201900008219,2019-10-19 12:55:00,2019,10,19,12,55,33,33522,RUE PACARIS,44.79815,-0.58175,Plein jour,En agglomération,Hors intersection,Normale,Deux véhicules - côté,4,2,2,0,1,1,1,0,1,50,2,2,1,0,1,0,56.0,27.0,voiture,deux_roues,1,2,1,1,3
201900008220,2019-10-19 19:51:00,2019,10,19,19,51,33,33009,D217E1 (Av.Theophile Gautier),44.6461,-1.1901,Nuit sans éclairage public,En agglomération,Hors intersection,Pluie légère,Autre collision,3,2,2,0,1,1,2,0,1,50,1,1,0,0,0,1,88.0,,voiture,,3,2,1,2,6
201900008221,2019-10-19 11:30:00,2019,10,19,11,30,33,33529,BISCAROSSE (AVE DE) JUSQU'A DUNE,44.60402,-1.1984,Plein jour,En agglomération,Hors intersection,Pluie légère,Sans collision,3,2,2,0,4,2,2,0,1,50,1,1,0,0,0,1,66.0,,deux_roues,,1,2,1,2,7
201900008222,2019-10-19 14:35:00,2019,10,19,14,35,32,32013,SAINTES (CHEMIN DE),43.63756,0.56603,Plein jour,Hors agglomération,Hors intersection,Normale,Sans collision,4,2,2,0,1,1,1,0,1,80,1,1,0,0,0,1,60.0,,voiture,,1,1,1,1,7
201900008223,2019-10-19 05:40:00,2019,10,19,5,40,32,32013,LIBERATION (PLACE DE LA),43.6468,0.58343,Nuit avec éclairage allumé,En agglomération,Hors intersection,Normale,Sans collision,4,-1,2,0,1,1,1,9,1,30,1,2,1,0,0,1,18.0,,deux_roues,,5,2,1,1,7
201900008224,2019-10-18 13:17:00,2019,10,18,13,17,29,29232,BENODET ROUTE DE,47.9427,-4.07268,Plein jour,Hors agglomération,Hors intersection,Pluie légère,Deux véhicules - arrière,3,4,3,0,1,1,2,0,1,80,2,2,1,0,0,1,55.0,78.0,voiture,voiture,1,1,1,2,2
201900008225,2019-10-18 13:05:00,2019,10,18,13,5,22,22113,AIGUILLON (QUAI D'),48.73224,-3.46183,Plein jour,En agglomération,Giratoire,Normale,Deux véhicules - côté,3,1,2,0,1,1,1,5,1,30,2,2,1,0,0,1,17.0,22.0,deux_roues,voiture,1,2,6,1,3
201900008226,2019-10-19 03:00:00,2019,10,19,3,0,13,13208,MICHELET (BOULEVARD),43.26581,5.3948,Nuit avec éclairage allumé,En agglomération,Hors intersection,Normale,Autre collision,4,1,1,0,1,1,1,0,1,50,1,1,0,0,0,1,,,,,5,2,1,1,6
201900008227,2019-10-19 02:10:00,2019,10,19,2,10,13,13206,LAFON (RUE),43.291456,5.381603,Nuit avec éclairage allumé,En agglomération,Place,Normale,Deux véhicules - côté,4,1,2,0,1,1,1,0,1,50,2,2,1,0,0,1,,34.0,deux_roues,voiture,5,2,7,1,3
201900008228,2019-10-18 19:30:00,2019,10,18,19,30,13,13204,ALEX. FLEMING (BOULEVARD),43.3144,5.40428,Crépuscule ou aube,En agglomération,Hors intersection,Normale,Trois véhicules et plus - en chaîne,4,1,2,0,1,1,1,0,1,50,3,3,2,0,0,1,18.0,63.0,voiture,voiture,2,2,1,1,4