accident_id,datetime,annee,mois,jour,heure,minute,departement,commune_insee,adresse,latitude,longitude,luminosite,agglomeration,intersection,meteo,collision,catr,circ,nbv,vosp,prof,plan,surf,infra,situ,vma,nb_vehicules,nb_usagers,nb_indemnes,nb_tues,nb_blesses_hosp,nb_blesses_legers,age_cond_1,age_cond_2,veh_type_cond_1,veh_type_cond_2,lum_code,agg_code,int_code,atm_code,col_code
201900008229,2019-10-19 21:40:00,2019,10,19,21,40,10,10387,EDOUARD HERRIOT (RUE),48.274,4.0806,Nuit avec éclairage allumé,En agglomération,Hors intersection,Pluie légère,Deux véhicules - arrière,4,2,2,0,1,1,2,5,1,50,2,3,1,0,0,2,40.0,40.0,voiture,voiture,5,2,1,2,2
201900008230,2019-10-19 13:59:00,2019,10,19,13,59,75,75106,BOULEVARD DU MONTPARNASSE,48.8432235,2.3261134,Plein jour,En agglomération,Hors intersection,Normale,Autre collision,4,2,6,3,1,1,1,0,6,50,1,1,0,0,0,1,,,,,1,2,1,1,6
201900008231,2019-10-18 11:10:00,2019,10,18,11,10,75,75106,RUE D ASSAS,48.8503877,2.3277044,Plein jour,En agglomération,Intersection en X,Temps éblouissant,Autre collision,4,2,2,0,1,1,1,0,1,50,1,2,1,1,0,0,51.0,,deux_roues,,1,2,2,7,6
201900008232,2019-10-19 09:45:00,2019,10,19,9,45,75,75120,COURS DE VINCENNES,48.847475,2.406419,Plein jour,En agglomération,Intersection en X,Temps couvert,Deux véhicules - côté,4,2,6,0,1,1,2,0,1,50,2,2,1,0,0,1,66.0,32.0,voiture,deux_roues,1,2,2,8,3
201900008233,2019-10-19 05:10:00,2019,10,19,5,10,75,75119,PLACE AUGUSTE BARON,48.9006334,2.3870286,Nuit avec éclairage allumé,En agglomération,Place,Pluie légère,Autre collision,4,1,4,0,1,2,2,0,1,50,1,3,1,0,0,2,21.0,,voiture,,5,2,7,2,6
201900008234,2019-10-19 09:14:00,2019,10,19,9,14,75,75118,RUE MARX DORMOY,48.8890515,2.3599021,Crépuscule ou aube,En agglomération,Intersection en T,Temps couvert,Autre collision,4,2,4,0,1,1,2,0,1,50,2,1,0,0,0,1,57.0,,deux_roues,,2,2,3,8,6
201900008235,2019-10-18 13:50:00,2019,10,18,13,50,75,75115,QUAI D ISSY LES MOULINEAUX,48.8347933,2.2689116,Plein jour,En agglomération,Hors intersection,Normale,Deux véhicules - côté,4,1,3,0,1,1,1,0,1,50,2,2,1,0,0,1,32.0,29.0,utilitaire_camion,deux_roues,1,2,1,1,3
201900008236,2019-10-19 17:35:00,2019,10,19,17,35,75,75114,AVENUE DU MAINE,48.831457,2.325426,Plein jour,En agglomération,Intersection en Y,Normale,Autre collision,4,2,4,0,1,1,1,0,1,50,1,2,0,0,0,2,26.0,,deux_roues,,1,2,4,1,6
201900008237,2019-10-19 16:30:00,2019,10,19,16,30,75,75105,BOULEVARD DE L HOPITAL,48.839987,2.36176,Plein jour,En agglomération,Intersection en Y,Normale,Deux véhicules - arrière,4,2,4,0,2,2,1,0,1,50,2,2,1,0,0,1,26.0,41.0,deux_roues,voiture,1,2,4,1,2
201900008238,2019-10-19 17:15:00,2019,10,19,17,15,75,75110,RUE BEAUREPAIRE,48.8693256,2.3633875,Plein jour,En agglomération,Intersection en X,Normale,Autre collision,4,2,2,1,1,1,1,0,5,30,1,2,1,0,0,1,34.0,,deux_roues,,1,2,2,1,6
201900008239,2019-10-19 12:20:00,2019,10,19,12,20,75,75109,RUE LA FAYETTE,48.8752985,2.341718,Plein jour,En agglomération,Intersection en X,Pluie légère,Deux véhicules - côté,4,1,2,0,1,1,2,0,1,50,2,2,1,0,0,1,40.0,24.0,deux_roues,voiture,1,2,2,2,3
201900008240,2019-10-19 10:39:00,2019,10,19,10,39,75,75102,BOULEVARD MONTMARTRE,48.8717238,2.3416146,Plein jour,En agglomération,Intersection en T,Temps couvert,Deux véhicules - arrière,4,2,3,3,2,1,1,0,6,50,2,2,1,0,0,1,28.0,36.0,deux_roues,utilitaire_camion,1,2,3,8,2
201900008241,2019-10-19 04:30:00,2019,10,19,4,30,75,75108,AVENUE DES CHAMPS ELYSEES,48.8690502,2.3098896,Nuit avec éclairage allumé,En agglomération,Place,Pluie légère,Autre collision,4,1,1,0,2,1,2,0,1,30,2,1,0,0,1,0,48.0,,deux_roues,,5,2,7,2,6
201900008242,2019-10-18 11:00:00,2019,10,18,11,0,75,75107,BOULEVARD SAINT GERMAIN,48.8620574,2.3197755,Plein jour,En agglomération,Hors intersection,Temps couvert,Autre collision,4,1,4,3,1,1,2,0,1,50,1,1,0,0,0,1,76.0,,deux_roues,,1,2,1,8,6
201900008243,2019-10-19 16:15:00,2019,10,19,16,15,94,94068,BAC (AV DU),48.79625,2.50701,Plein jour,En agglomération,Hors intersection,Temps couvert,Deux véhicules - arrière,3,2,2,0,1,1,2,0,1,50,2,2,1,0,0,1,38.0,63.0,utilitaire_camion,voiture,1,2,1,8,2
201900008244,2019-10-19 19:00:00,2019,10,19,19,0,94,94058,LEDRU ROLLIN (AV),48.84607,2.50696,Nuit avec éclairage allumé,En agglomération,Hors intersection,Normale,Autre collision,3,2,2,0,1,1,1,0,1,50,1,2,1,0,0,1,47.0,,voiture,,5,2,1,1,6
201900008245,2019-10-18 13:15:00,2019,10,18,13,15,94,94058,HUIT MAI 1945 (AV DU),48.85185,2.51125,Plein jour,En agglomération,Hors intersection,Normale,Deux véhicules - côté,3,2,2,0,1,1,1,0,1,50,2,2,1,0,0,1,18.0,60.0,deux_roues,voiture,1,2,1,1,3
201900008246,2019-10-19 02:10:00,2019,10,19,2,10,92,92046,PIERRE BROSSOLETTE,48.816936,2.306777,Nuit avec éclairage allumé,En agglomération,Hors intersection,Pluie légère,Deux véhicules - arrière,3,2,4,3,1,1,2,0,1,50,2,2,1,0,0,1,43.0,36.0,voiture,deux_roues,5,2,1,2,2
201900008247,2019-10-19 08:40:00,2019,10,19,8,40,92,92072,LECLERC (AVENUE DE LA DIVISION),48.8256956,2.2196266,Plein jour,En agglomération,Hors intersection,Pluie légère,Deux véhicules - côté,3,2,2,0,2,1,2,0,1,50,2,2,1,0,0,1,48.0,26.0,utilitaire_camion,deux_roues,1,2,1,2,3
201900008248,2019-10-19 15:35:00,2019,10,19,15,35,92,92012,PAUL BERT (RUE),48.83504,2.23928,Plein jour,En agglomération,Hors intersection,Normale,Autre collision,4,-1,2,0,1,1,1,0,1,50,1,2,1,0,0,1,27.0,,voiture,,1,2,1,1,6
201900008249,2019-10-19 20:15:00,2019,10,19,20,15,91,91613,D 113,48.380133,1.992554,Nuit sans éclairage public,Hors agglomération,Hors intersection,Pluie légère,Deux véhicules - frontale,3,2,2,0,1,2,2,0,1,80,2,6,1,0,0,5,19.0,36.0,voiture,voiture,3,1,1,2,1
201900008250,2019-10-20 15:56:00,2019,10,20,15,56,71,71497,autoroute A40,46.348085,4.829576,Plein jour,Hors agglomération,Hors intersection,Pluie forte,Sans collision,1,3,4,0,1,1,4,0,1,110,1,2,0,0,1,1,29.0,,voiture,,1,1,1,3,7
201900008251,2019-10-19 13:00:00,2019,10,19,13,0,972,97201,Lotissement la Falaise,14.829397,-61.108406,Plein jour,En agglomération,Autre intersection,Normale,Autre collision,2,3,2,0,2,1,2,0,3,50,1,3,1,0,2,0,19.0,,voiture,,1,2,9,1,6
201900008252,2019-10-19 01:30:00,2019,10,19,1,30,972,97204,Boulevard du Bord de Mer,14.720743,-61.182076,Nuit sans éclairage public,Hors agglomération,Hors intersection,Normale,Deux véhicules - frontale,2,2,2,0,1,3,1,0,1,70,2,2,1,0,1,0,29.0,21.0,deux_roues,voiture,3,1,1,1,1
201900008253,2019-10-20 16:40:00,2019,10,20,16,40,62,62252,"130, rue du Pont maudit",50.582199,2.707815,Plein jour,En agglomération,Hors intersection,Normale,Autre collision,3,2,2,0,1,2,1,0,1,50,1,1,0,1,0,0,33.0,,deux_roues,,1,2,1,1,6
201900008254,2019-10-19 16:30:00,2019,10,19,16,30,35,35014,Bais,48.037164,-1.283016,Plein jour,Hors agglomération,Hors intersection,Normale,Autre collision,4,2,2,0,1,1,1,0,3,-1,1,1,0,0,1,0,86.0,,utilitaire_camion,,1,1,1,1,6
201900008255,2019-10-19 10:10:00,2019,10,19,10,10,87,87146,A20 PK 216.450,45.592105,1.458315,Plein jour,Hors agglomération,Hors intersection,Temps couvert,Deux véhicules - côté,1,1,4,0,1,1,2,0,2,130,2,5,3,0,0,2,22.0,56.0,voiture,voiture,1,1,1,8,3
201900008256,2019-10-19 20:03:00,2019,10,19,20,3,25,25370,A36 PR 59+150,47.447533,6.744564,Nuit sans éclairage public,Hors agglomération,Hors intersection,Pluie forte,Autre collision,1,3,4,0,2,1,2,0,2,80,1,1,0,0,1,0,57.0,,utilitaire_camion,,3,1,1,3,6
201900008257,2019-10-18 17:20:00,2019,10,18,17,20,57,57414,57 Rue du Général Leclerc,48.669577,6.99679,Plein jour,En agglomération,Hors intersection,Normale,Deux véhicules - frontale,3,2,2,0,1,1,1,0,1,50,2,2,1,0,1,0,38.0,50.0,voiture,voiture,1,2,1,1,1
201900008258,2019-10-20 02:45:00,2019,10,20,2,45,57,57736,Route de Bouzonville,49.1797945,6.3232836,Nuit sans éclairage public,Hors agglomération,Hors intersection,Pluie forte,Sans collision,3,2,2,0,1,1,2,0,8,80,1,2,0,2,0,0,28.0,,voiture,,3,1,1,3,7
201900008259,2019-10-18 21:45:00,2019,10,18,21,45,19,19063,Grauliere,45.1460276,1.5758587,Nuit sans éclairage public,Hors agglomération,Autre intersection,Normale,Autre collision,3,-1,2,0,1,2,1,2,8,-1,1,1,0,0,1,0,41.0,,voiture,,3,1,9,1,6
201900008260,2019-10-20 01:00:00,2019,10,20,1,0,74,74183,Route de Vivier,46.136127,6.515445,Nuit sans éclairage public,En agglomération,Hors intersection,Normale,Autre collision,4,2,2,0,2,1,1,0,8,50,1,1,0,0,0,1,18.0,,voiture,,3,2,1,1,6
201900008261,2019-10-20 02:25:00,2019,10,20,2,25,78,78281,D158,48.92575,1.776979,Nuit sans éclairage public,Hors agglomération,Hors intersection,Pluie légère,Autre collision,3,2,2,0,1,1,2,0,3,80,1,3,2,0,1,0,21.0,,voiture,,3,1,1,2,6
201900008262,2019-10-19 22:30:00,2019,10,19,22,30,79,79216,90 Rue de Niort,46.263035,-0.359282,Nuit sans éclairage public,En agglomération,Hors intersection,Pluie légère,Deux véhicules - arrière,3,2,2,0,1,1,2,0,1,50,2,2,1,0,1,0,21.0,17.0,deux_roues,deux_roues,3,2,1,2,2
201900008263,2019-10-19 16:05:00,2019,10,19,16,5,2A,2A271,T22,41.955603,8.796895,Plein jour,En agglomération,Hors intersection,Normale,Deux véhicules - côté,2,2,2,0,1,1,1,9,3,70,2,2,1,0,1,0,56.0,30.0,voiture,deux_roues,1,2,1,1,3
201900008264,2019-10-20 05:30:00,2019,10,20,5,30,2B,2B343,T10,42.490161,9.478655,Nuit avec éclairage allumé,En agglomération,Hors intersection,Normale,Autre collision,2,2,2,0,2,3,1,0,4,50,1,3,0,0,1,2,23.0,,voiture,,5,2,1,1,6
201900008265,2019-10-19 18:30:00,2019,10,19,18,30,81,81230,N88,44.0478659,2.2109697,Crépuscule ou aube,Hors agglomération,Hors intersection,Normale,Sans collision,2,3,4,0,2,1,1,0,1,110,1,1,0,0,1,0,30.0,,deux_roues,,2,1,1,1,7
201900008266,2019-10-19 18:04:00,2019,10,19,18,4,11,11263,D117,42.891051,2.120903,Plein jour,Hors agglomération,Hors intersection,Normale,Autre collision,3,2,1,0,1,1,1,0,3,80,1,1,0,0,1,0,22.0,,deux_roues,,1,1,1,1,6
201900008267,2019-10-19 20:10:00,2019,10,19,20,10,71,71156,1093 Route de Bissy la Maconnaise,46.496952,4.793762,Nuit avec éclairage allumé,En agglomération,Hors intersection,Pluie forte,Autre collision,3,2,2,0,2,1,2,9,1,50,1,1,0,0,1,0,47.0,,deux_roues,,5,2,1,3,6
201900008268,2019-10-20 11:40:00,2019,10,20,11,40,61,61116,D923,48.375107,0.886879,Plein jour,Hors agglomération,Hors intersection,Pluie forte,Trois véhicules et plus - collisions multiples,3,2,3,0,1,1,2,0,1,90,3,4,3,0,1,0,35.0,22.0,voiture,voiture,1,1,1,3,5
201900008269,2019-10-20 02:50:00,2019,10,20,2,50,49,49176,CD 775,47.669568,-0.802261,Nuit sans éclairage public,Hors agglomération,Hors intersection,Pluie forte,Autre collision,3,3,4,0,2,3,2,3,3,110,1,3,0,0,2,1,20.0,,voiture,,3,1,1,3,6
201900008270,2019-10-20 09:50:00,2019,10,20,9,50,34,34250,D908,43.533712,2.858443,Plein jour,En agglomération,Hors intersection,Pluie forte,Autre collision,3,2,2,0,1,1,2,9,1,50,1,1,0,0,1,0,91.0,,voiture,,1,2,1,3,6
201900008271,2019-10-20 11:50:00,2019,10,20,11,50,22,22166,Rue de Lannion,48.8067452,-3.3058119,Plein jour,En agglomération,Intersection en X,Normale,Deux véhicules - côté,3,2,2,0,1,1,1,0,1,50,2,2,1,1,0,0,76.0,20.0,voiture,deux_roues,1,2,2,1,3
201900008272,2019-10-20 08:00:00,2019,10,20,8,0,39,39013,,46.913722,5.769895,Plein jour,Hors agglomération,Hors intersection,Temps couvert,Autre collision,2,2,2,0,1,3,2,0,3,80,1,2,0,0,1,1,22.0,,voiture,,1,1,1,8,6
201900008273,2019-10-20 16:25:00,2019,10,20,16,25,31,31206,D25,43.231804,1.443831,Plein jour,Hors agglomération,Hors intersection,Normale,Autre collision,3,2,2,0,2,3,1,0,3,80,1,2,0,1,0,1,60.0,,voiture,,1,1,1,1,6
201900008274,2019-10-19 20:00:00,2019,10,19,20,0,70,70292,Rue de la Tuilerie,47.842068,5.896246,Nuit avec éclairage allumé,Hors agglomération,Hors intersection,Pluie forte,Autre collision,3,2,1,0,2,2,2,0,3,50,1,2,0,0,1,1,42.0,,voiture,,5,1,1,3,6
201900008275,2019-10-10 10:10:00,2019,10,10,10,10,64,64499,Chemin du Padu,43.466152,-0.941393,Plein jour,Hors agglomération,Hors intersection,Normale,Deux véhicules - frontale,4,2,2,0,1,1,1,0,1,80,2,2,1,0,1,0,31.0,68.0,utilitaire_camion,voiture,1,1,1,1,1
201900008276,2019-10-20 15:30:00,2019,10,20,15,30,64,64405,20 Rue de l'Ayguelongue,43.325875,-0.304366,Plein jour,En agglomération,Hors intersection,Normale,Sans collision,4,2,2,0,1,1,1,0,1,50,1,1,0,0,1,0,26.0,,deux_roues,,1,2,1,1,7
201900008277,2019-10-19 19:55:00,2019,10,19,19,55,73,73297,Rue du Bois de l'Ile,45.6377711,6.3296692,Nuit avec éclairage allumé,Hors agglomération,Hors intersection,Normale,Deux véhicules - frontale,4,2,2,0,1,4,1,0,1,50,2,7,2,0,1,4,46.0,25.0,voiture,voiture,5,1,1,1,1
201900008278,2019-10-20 12:20:00,2019,10,20,12,20,53,53096,Le Bouquet de la Rue,48.284911,-0.956161,Plein jour,Hors agglomération,Intersection en T,Normale,Deux véhicules - côté,3,2,2,0,1,1,1,0,1,-1,2,2,0,0,2,0,30.0,46.0,deux_roues,deux_roues,1,1,3,1,3
201900008279,2019-10-20 06:00:00,2019,10,20,6,0,21,21060,D104,47.356913,5.280007,Nuit sans éclairage public,Hors agglomération,Hors intersection,Normale,Autre collision,3,2,2,0,1,3,2,0,3,80,1,3,1,0,2,0,16.0,,voiture,,3,1,1,1,6
201900008280,2019-10-20 01:40:00,2019,10,20,1,40,40,40067,Route de Tartas D14,43.844149,-0.802905,Nuit sans éclairage public,Hors agglomération,Hors intersection,Pluie légère,Sans collision,3,2,2,0,2,2,2,0,3,80,1,1,0,0,1,0,23.0,,voiture,,3,1,1,2,7
201900008281,2019-10-18 19:30:00,2019,10,18,19,30,27,27214,8 Rue Nationale,49.298936,1.45861,Nuit avec éclairage allumé,Hors agglomération,Hors intersection,Normale,Trois véhicules et plus - collisions multiples,3,2,2,0,1,1,1,0,1,50,3,5,3,1,0,1,62.0,35.0,voiture,voiture,5,1,1,1,5
201900008282,2019-10-19 11:05:00,2019,10,19,11,5,30,30212,D6101,43.941598,4.572872,Plein jour,En agglomération,Hors intersection,Normale,Autre collision,3,2,2,0,1,1,1,0,1,50,1,2,1,0,1,0,90.0,,voiture,,1,2,1,1,6
201900008283,2019-10-17 06:30:00,2019,10,17,6,30,52,52299,D16,48.3946692,5.2435829,Crépuscule ou aube,Hors agglomération,Hors intersection,Normale,Sans collision,3,2,2,0,1,1,1,0,3,80,1,1,0,0,0,1,16.0,,deux_roues,,2,1,1,1,7
201900008284,2019-10-20 07:00:00,2019,10,20,7,0,95,95353,Route Nationale 1,49.08731,2.311201,Nuit sans éclairage public,Hors agglomération,Hors intersection,Pluie légère,Sans collision,2,3,4,0,1,1,2,0,1,70,1,2,1,0,1,0,20.0,,voiture,,3,1,1,2,7
201900008285,2019-10-20 15:05:00,2019,10,20,15,5,60,60138,A1,49.217234,2.629821,Plein jour,Hors agglomération,Hors intersection,Normale,Deux véhicules - arrière,1,3,3,0,1,1,9,7,1,90,2,4,0,0,3,1,21.0,46.0,voiture,voiture,1,1,1,1,2
201900008286,2019-10-16 20:00:00,2019,10,16,20,0,974,97415,Chemin de Ligne,-21.077042,55.277811,Nuit sans éclairage public,Hors agglomération,Hors intersection,Normale,Autre collision,3,2,2,0,1,2,1,0,1,90,1,1,0,0,1,0,25.0,,deux_roues,,3,1,1,1,6
201900008287,2019-10-18 19:45:00,2019,10,18,19,45,973,97310,Route de Montagne Cacao,4.57481,-52.4606341,Nuit sans éclairage public,Hors agglomération,Hors intersection,Normale,Deux véhicules - frontale,3,2,2,0,3,3,1,0,1,70,2,2,1,0,1,0,50.0,47.0,voiture,voiture,3,1,1,1,1
201900008288,2019-10-18 16:30:00,2019,10,18,16,30,971,97115,Route de Brefort,16.264173,-61.643111,Plein jour,En agglomération,Intersection en T,Pluie forte,Deux véhicules - côté,2,-1,1,0,3,2,2,3,1,50,2,3,1,0,2,0,44.0,79.0,deux_roues,voiture,1,2,3,3,3
201900008289,2019-10-20 10:20:00,2019,10,20,10,20,978,97801,"rue de Hollance, Marigot",18.066922,-63.083664,Plein jour,En agglomération,Intersection en Y,Normale,Deux véhicules - côté,2,1,1,0,1,1,1,0,1,50,2,2,1,0,1,0,46.0,36.0,voiture,deux_roues,1,2,4,1,3
201900008290,2019-10-20 17:30:00,2019,10,20,17,30,33,33214,53 Avenue Plantey,45.002511,-1.187155,Plein jour,En agglomération,Hors intersection,Temps couvert,Autre collision,3,2,2,0,1,1,1,0,4,30,1,7,4,0,0,3,39.0,,voiture,,1,2,1,8,6
201900008291,2019-10-20 02:25:00,2019,10,20,2,25,95,95213,CD 22,49.117459,2.052131,Nuit sans éclairage public,Hors agglomération,Hors intersection,Normale,Autre collision,3,2,2,0,1,1,1,9,1,80,1,2,1,1,0,0,30.0,,voiture,,3,1,1,1,6
201900008292,2019-10-19 04:45:00,2019,10,19,4,45,91,91405,36 Rue Saint-pierre,48.401848,2.460257,Nuit avec éclairage non allumé,En agglomération,Intersection en T,Pluie légère,Autre collision,4,2,2,0,1,1,2,0,4,50,1,1,0,0,1,0,21.0,,voiture,,4,2,3,2,6
201900008293,2019-10-19 20:20:00,2019,10,19,20,20,11,11192,départementale 28,43.297598,2.058826,Nuit sans éclairage public,Hors agglomération,Hors intersection,Normale,Sans collision,3,2,2,0,1,2,1,2,1,80,1,6,3,0,0,3,17.0,,voiture,,3,1,1,1,7
201900008294,2019-10-19 19:00:00,2019,10,19,19,0,84,84003,Rue des Oliviers,43.882596,5.385227,Nuit avec éclairage allumé,En agglomération,Autre intersection,Normale,Autre collision,4,2,2,0,2,1,1,9,1,30,1,1,0,0,0,1,,,,,5,2,9,1,6
201900008295,2019-10-19 12:30:00,2019,10,19,12,30,83,83088,,43.313307,5.999537,Plein jour,Hors agglomération,Hors intersection,Pluie légère,Autre collision,3,2,2,0,1,2,2,0,1,80,2,2,1,0,0,1,46.0,37.0,voiture,voiture,1,1,1,2,6
201900008296,2019-10-17 19:55:00,2019,10,17,19,55,26,26124,"Autoroute A7 PK 83+980, sens Sud/Nord",44.814,4.8563,Nuit sans éclairage public,Hors agglomération,Hors intersection,Pluie légère,Autre collision,1,3,5,0,1,1,2,0,2,110,1,1,0,0,0,1,45.0,,voiture,,3,1,1,2,6
201900008297,2019-10-18 18:30:00,2019,10,18,18,30,21,21106,RD 31C- PR 0+800 - Rue Principale,47.238951,5.114769,Plein jour,En agglomération,Giratoire,Normale,Deux véhicules - côté,3,2,2,0,1,1,1,0,1,30,2,2,1,0,0,1,30.0,36.0,deux_roues,voiture,1,2,6,1,3
201900008298,2019-10-20 17:30:00,2019,10,20,17,30,38,38365,Route des Hormins,45.7759,5.34327,Plein jour,Hors agglomération,Hors intersection,Normale,Autre collision,3,2,2,0,1,1,1,0,3,80,1,2,0,2,0,0,24.0,,voiture,,1,1,1,1,6
201900008299,2019-10-20 00:00:00,2019,10,20,0,0,1,01202,D40a,45.888865,5.332827,Nuit sans éclairage public,Hors agglomération,Hors intersection,Pluie légère,Autre collision,3,2,2,0,2,3,2,0,1,-1,2,5,1,0,1,3,31.0,62.0,voiture,voiture,3,1,1,2,6
201900008300,2019-10-20 08:15:00,2019,10,20,8,15,50,50230,1 Hameau Baquesne,49.570298,-1.662786,Plein jour,Hors agglomération,Hors intersection,Normale,Autre collision,3,-1,2,0,1,1,1,0,1,80,1,1,0,0,0,1,58.0,,deux_roues,,1,1,1,1,6
201900008301,2019-10-19 16:20:00,2019,10,19,16,20,22,22070,Route de Corlay,48.554267,-3.14986,Plein jour,En agglomération,Hors intersection,Normale,Autre collision,3,2,2,0,2,1,1,0,1,50,1,2,1,0,1,0,72.0,,voiture,,1,2,1,1,6
201900008302,2019-10-20 11:45:00,2019,10,20,11,45,27,27412,D81,49.220157,1.092413,Plein jour,Hors agglomération,Intersection en Y,Pluie légère,Deux véhicules - côté,3,2,2,0,1,2,2,0,1,80,2,7,3,0,0,4,48.0,24.0,voiture,voiture,1,1,4,2,3
201900008303,2019-10-20 18:00:00,2019,10,20,18,0,76,76753,route départementale 6015,49.337297,1.152323,Crépuscule ou aube,Hors agglomération,Hors intersection,Pluie légère,Deux véhicules - frontale,3,2,2,0,2,1,2,0,1,80,2,4,0,1,2,1,44.0,29.0,voiture,voiture,2,1,1,2,1
201900008304,2019-10-18 17:10:00,2019,10,18,17,10,13,13117,A7-Sens Marseille vers Lyon,43.44137,5.24789,Plein jour,Hors agglomération,Hors intersection,Normale,Deux véhicules - arrière,1,3,2,0,1,1,1,0,1,110,2,2,0,0,0,2,27.0,43.0,utilitaire_camion,utilitaire_camion,1,1,1,1,2
201900008305,2019-10-18 16:45:00,2019,10,18,16,45,13,13055,A507 sens Marseille - Aubagne,43.291042,5.424319,Plein jour,Hors agglomération,Hors intersection,Normale,Deux véhicules - arrière,1,1,4,0,1,1,1,1,1,70,2,2,1,0,0,1,61.0,38.0,deux_roues,voiture,1,1,1,1,2
201900008306,2019-08-05 05:00:00,2019,8,5,5,0,13,13203,A557-Liaison A7 Marseille-A55 Marseille,43.320287,5.372349,Nuit avec éclairage allumé,En agglomération,Autre intersection,Normale,Autre collision,1,3,2,0,2,2,1,2,1,90,3,3,2,0,1,0,34.0,55.0,voiture,deux_roues,5,2,9,1,6
201900008307,2019-10-19 13:10:00,2019,10,19,13,10,78,78640,A86 INT,48.77761,2.22109,Plein jour,Hors agglomération,Hors intersection,Normale,Deux véhicules - côté,1,1,3,0,1,1,2,0,1,90,2,3,2,0,0,1,49.0,61.0,voiture,voiture,1,1,1,1,3
201900008308,2019-10-18 23:55:00,2019,10,18,23,55,93,93007,AUTOROUTE A1,48.95484,2.45752,Nuit sans éclairage public,Hors agglomération,Hors intersection,Normale,Trois véhicules et plus - en chaîne,1,3,8,0,1,1,1,0,1,110,3,3,0,0,0,3,33.0,64.0,voiture,voiture,3,1,1,1,4
201900008309,2019-10-18 19:30:00,2019,10,18,19,30,92,92036,A86,48.937423,2.3170925,Nuit sans éclairage public,Hors agglomération,Hors intersection,Normale,Deux véhicules - côté,1,3,8,0,1,2,1,0,1,90,2,2,1,0,0,1,36.0,36.0,utilitaire_camion,deux_roues,3,1,1,1,3
201900008310,2019-10-18 14:20:00,2019,10,18,14,20,95,95127,AUTOROUTE A15,49.04584,2.07427,Plein jour,Hors agglomération,Hors intersection,Normale,Trois véhicules et plus - en chaîne,1,3,6,0,1,1,1,0,1,90,3,3,0,0,0,3,47.0,41.0,utilitaire_camion,voiture,1,1,1,1,4
201900008311,2019-10-19 17:30:00,2019,10,19,17,30,94,94018,A4,48.817237,2.4310272,Plein jour,Hors agglomération,Hors intersection,Normale,Deux véhicules - arrière,1,3,5,0,1,1,1,0,1,90,2,2,1,0,0,1,40.0,43.0,deux_roues,utilitaire_camion,1,1,1,1,2
201900008312,2019-10-19 17:30:00,2019,10,19,17,30,77,77517,A104.EXT,48.90793,2.63859,Plein jour,Hors agglomération,Hors intersection,Normale,Deux véhicules - côté,1,3,5,0,1,1,1,0,1,90,2,2,1,0,0,1,54.0,52.0,voiture,deux_roues,1,1,1,1,3
201900008313,2019-10-17 07:20:00,2019,10,17,7,20,86,86194,PARIS (AVENUE DE),46.6004373,0.3397822,Nuit avec éclairage allumé,En agglomération,Hors intersection,Pluie forte,Deux véhicules - côté,3,2,2,0,1,1,2,0,1,50,2,1,0,0,0,1,21.0,,deux_roues,,5,2,1,3,3
201900008314,2019-10-17 15:35:00,2019,10,17,15,35,63,63164,GUESDE (RUE JULES),45.8194167,3.1412945,Plein jour,En agglomération,Hors intersection,Pluie forte,Sans collision,7,2,2,0,1,1,2,0,1,50,1,1,0,0,0,1,18.0,,deux_roues,,1,2,1,3,7
201900008315,2019-10-17 16:45:00,2019,10,17,16,45,34,34172,SOULAS (AVENUE DU PERE,43.61953,3.8606,Plein jour,En agglomération,Intersection en T,Normale,Deux véhicules - côté,4,2,2,0,1,1,1,5,1,50,2,3,2,0,0,1,27.0,40.0,deux_roues,voiture,1,2,3,1,3
201900008316,2019-10-17 17:12:00,2019,10,17,17,12,13,13204,CHAVE (BOULEVARD),43.2957472,5.3978462,Plein jour,En agglomération,Intersection en T,Normale,Autre collision,4,2,2,0,1,1,1,0,1,50,1,1,0,0,0,1,,,,,1,2,3,1,6
201900008317,2019-10-17 16:30:00,2019,10,17,16,30,13,13205,SAKAKINI (BOULEVARD),43.29518,5.40095,Plein jour,En agglomération,Hors intersection,Normale,Autre collision,4,1,3,0,1,1,1,0,1,50,2,2,1,0,0,1,29.0,37.0,deux_roues,voiture,1,2,1,1,6
201900008318,2019-10-17 22:15:00,2019,10,17,22,15,93,93055,JEAN JAURES (AVENUE)(130 AU 172),48.9099947,2.3989604,Nuit avec éclairage allumé,En agglomération,Hors intersection,Normale,Deux véhicules - côté,3,1,2,0,1,1,1,0,1,50,2,1,0,0,0,1,34.0,,deux_roues,,5,2,1,1,3
201900008319,2019-10-16 18:16:00,2019,10,16,18,16,92,92072,VILLE D'AVRAY (RUE DE ),48.8258422,2.2034992,Plein jour,En agglomération,Hors intersection,Pluie légère,Autre collision,3,2,2,0,2,1,2,0,2,50,1,2,1,0,0,1,76.0,,voiture,,1,2,1,2,6
201900008320,2019-10-18 13:30:00,2019,10,18,13,30,13,13055,A507 sens Marseille - Aubagne,43.340105,5.376497,Plein jour,Hors agglomération,Hors intersection,Temps couvert,Sans collision,1,1,1,0,1,2,1,3,1,70,1,1,0,0,0,1,53.0,,deux_roues,,1,1,1,8,7