accident_id,datetime,annee,mois,jour,heure,minute,departement,commune_insee,adresse,latitude,longitude,luminosite,agglomeration,intersection,meteo,collision,catr,circ,nbv,vosp,prof,plan,surf,infra,situ,vma,nb_vehicules,nb_usagers,nb_indemnes,nb_tues,nb_blesses_hosp,nb_blesses_legers,age_cond_1,age_cond_2,veh_type_cond_1,veh_type_cond_2,lum_code,agg_code,int_code,atm_code,col_code
201900008413,2019-04-23 11:45:00,2019,4,23,11,45,45,45234,163 FB ST VINCENT - BD MARIE STUART,47.9125953,1.9156518,Plein jour,En agglomération,Intersection à plus de 4 branches,Normale,Autre collision,4,3,2,0,1,1,1,5,1,50,1,2,1,0,0,1,24.0,,voiture,,1,2,5,1,6
201900008414,2019-04-20 12:20:00,2019,4,20,12,20,45,45075,RUE DES HAUTS,47.88723,1.83554,Plein jour,En agglomération,Hors intersection,Normale,Sans collision,4,2,2,0,1,2,1,0,1,50,1,1,0,0,0,1,15.0,,deux_roues,,1,2,1,1,7
201900008415,2019-04-19 19:25:00,2019,4,19,19,25,45,45147,RUE JULES FERRY,47.93752,1.90419,Plein jour,En agglomération,Hors intersection,Normale,Deux véhicules - frontale,4,2,2,0,1,3,1,0,1,50,2,2,1,0,0,1,27.0,26.0,voiture,voiture,1,2,1,1,1
201900008416,2019-04-18 18:12:00,2019,4,18,18,12,45,45286,AV GASTON GALLOUX - RUE DEMAY,47.8852813,1.924427,Plein jour,En agglomération,Intersection en T,Normale,Deux véhicules - côté,4,3,5,1,1,1,1,0,1,50,2,2,1,0,0,1,20.0,62.0,voiture,deux_roues,1,2,3,1,3
201900008417,2019-04-27 14:50:00,2019,4,27,14,50,45,45004,AVENUE D'ANTIBES,47.97789,2.73316,Plein jour,En agglomération,Hors intersection,Temps couvert,Deux véhicules - arrière,3,3,2,0,1,1,2,0,1,50,2,2,1,0,0,1,40.0,20.0,voiture,voiture,1,2,1,8,2
201900008418,2019-04-25 13:25:00,2019,4,25,13,25,45,45004,RUE DE L'EUROPE,47.9778009,2.7292065,Plein jour,En agglomération,Giratoire,Pluie légère,Autre collision,4,2,2,0,1,1,2,5,1,50,1,2,1,0,1,0,51.0,,voiture,,1,2,6,2,6
201900008419,2019-04-24 19:45:00,2019,4,24,19,45,45,45208,RUE DU 23 AOUT 1944 - AV LOUIS PHILIPPON,48.00405,2.72463,Plein jour,En agglomération,Intersection en T,Normale,Deux véhicules - côté,3,2,2,0,1,1,1,6,1,50,2,2,1,0,1,0,45.0,21.0,voiture,deux_roues,1,2,3,1,3
201900008420,2019-04-21 13:30:00,2019,4,21,13,30,45,45068,10 RUE LUCIE AUBRAC,48.01654,2.70435,Plein jour,En agglomération,Hors intersection,Normale,Sans collision,4,2,2,0,1,1,1,0,1,50,1,2,1,0,1,0,17.0,,deux_roues,,1,2,1,1,7
201900008421,2019-04-20 13:15:00,2019,4,20,13,15,45,45208,RUE EMILE DECOURT,47.99828,2.74638,Plein jour,En agglomération,Intersection en X,Normale,Deux véhicules - côté,4,2,2,0,4,1,1,1,1,50,2,3,2,0,1,0,32.0,37.0,deux_roues,utilitaire_camion,1,2,2,1,3
201900008422,2019-04-24 17:00:00,2019,4,24,17,0,44,44184,RUES DE LA PAIX ET DES ARTS / MAINE,47.27678,-2.211162,Plein jour,En agglomération,Intersection en X,Normale,Deux véhicules - côté,4,1,1,3,1,1,1,0,1,30,2,2,1,0,0,1,15.0,21.0,deux_roues,voiture,1,2,2,1,3
201900008423,2019-04-24 15:20:00,2019,4,24,15,20,44,44184,LEFERME (BOULEVARD PAUL),47.27945,-2.20274,Plein jour,En agglomération,Hors intersection,Normale,Deux véhicules - côté,4,2,1,0,1,1,9,0,1,50,2,2,1,0,0,1,27.0,15.0,utilitaire_camion,deux_roues,1,2,1,1,3
201900008424,2019-04-22 19:27:00,2019,4,22,19,27,44,44184,LE DÉLÉZIR (RUE JOSEPH),47.24128,-2.2814,Plein jour,En agglomération,Hors intersection,Normale,Autre collision,4,2,2,0,2,1,1,0,1,50,1,4,2,0,0,2,19.0,,voiture,,1,2,1,1,6
201900008425,2019-04-19 21:50:00,2019,4,19,21,50,44,44184,PRISE D'EAU (AVENUE DE LA),47.279,-2.19726,Nuit avec éclairage allumé,En agglomération,Hors intersection,Normale,Deux véhicules - côté,4,2,-1,1,1,1,1,0,1,50,2,3,2,0,0,1,44.0,30.0,voiture,deux_roues,5,2,1,1,3
201900008426,2019-04-28 18:30:00,2019,4,28,18,30,44,44109,BD DES ANGLAIS / RUE J.L. GIRAUDET,47.22417,-1.5843,Crépuscule ou aube,En agglomération,Intersection en T,Pluie légère,Deux véhicules - arrière,7,2,0,0,2,1,1,0,1,50,2,2,1,0,0,1,33.0,83.0,voiture,voiture,2,2,3,2,2
201900008427,2019-04-26 22:38:00,2019,4,26,22,38,44,44109,RUE DE STRASBOURG,47.216869,-1.552003,Nuit avec éclairage allumé,En agglomération,Hors intersection,Normale,Autre collision,7,-1,0,0,2,1,1,0,1,50,1,2,0,0,1,1,43.0,,voiture,,5,2,1,1,6
201900008428,2019-04-25 13:45:00,2019,4,25,13,45,44,44109,BOULEVARD MARTIN LUTHER KING,47.25616,-1.55447,Plein jour,En agglomération,Hors intersection,Normale,Deux véhicules - côté,4,1,0,0,2,1,1,0,6,50,2,2,1,0,1,0,30.0,22.0,utilitaire_camion,deux_roues,1,2,1,1,3
201900008429,2019-04-11 21:00:00,2019,4,11,21,0,44,44109,RUES DE LA BASINERIE / LAVERAN,47.23847,-1.51799,Nuit avec éclairage allumé,En agglomération,Intersection en T,Normale,Deux véhicules - côté,7,-1,0,0,1,1,2,0,1,50,2,1,0,0,0,1,19.0,,voiture,,5,2,3,1,3
201900008430,2019-04-20 12:35:00,2019,4,20,12,35,44,44162,ROUTE DE VANNES,47.25669,-1.6389,Plein jour,Hors agglomération,Hors intersection,Normale,Deux véhicules - côté,7,3,0,0,1,1,1,0,1,110,2,2,1,0,1,0,22.0,70.0,deux_roues,voiture,1,1,1,1,3
201900008431,2019-04-16 12:24:00,2019,4,16,12,24,44,44055,FLORALIES ( AVENUE DES ),47.2911575,-2.3955613,Plein jour,En agglomération,Giratoire,Normale,Deux véhicules - arrière,3,2,1,0,1,1,1,9,1,50,2,2,1,0,0,1,53.0,65.0,deux_roues,voiture,1,2,6,1,2
201900008432,2019-04-26 16:00:00,2019,4,26,16,0,43,43041,DUPUY (AVENUE CHARLES),45.0503,3.9133,Plein jour,En agglomération,Hors intersection,Pluie légère,Autre collision,3,3,2,0,1,1,2,0,1,50,1,2,1,0,1,0,85.0,,voiture,,1,2,1,2,6
201900008433,2019-04-27 08:05:00,2019,4,27,8,5,42,42187,BELGIQUE (BOULEVARD DE ),46.0459,4.07455,Plein jour,En agglomération,Intersection en X,Pluie légère,Deux véhicules - côté,4,2,2,2,2,1,2,5,1,50,2,2,0,0,0,2,66.0,36.0,voiture,deux_roues,1,2,2,2,3
201900008434,2019-04-20 11:25:00,2019,4,20,11,25,42,42184,FOCH MARECHAL (RUE),46.04013,4.03177,Plein jour,En agglomération,Intersection en T,Normale,Deux véhicules - frontale,4,2,2,0,1,1,1,5,1,50,2,3,2,1,0,0,74.0,41.0,utilitaire_camion,deux_roues,1,2,3,1,1
201900008435,2019-04-18 09:30:00,2019,4,18,9,30,42,42095,VOLTAIRE (RUE),45.38978,4.28951,Plein jour,En agglomération,Intersection en X,Normale,Deux véhicules - côté,4,1,1,0,1,1,1,0,1,30,2,2,1,0,0,1,81.0,67.0,voiture,voiture,1,2,2,1,3
201900008436,2019-04-23 18:30:00,2019,4,23,18,30,39,39198,JOUHAUX (AVENUE LEON) N° PAIRS,47.08455,5.47547,Plein jour,En agglomération,Hors intersection,Normale,Sans collision,4,2,2,0,4,1,1,0,1,50,1,1,0,0,1,0,51.0,,deux_roues,,1,2,1,1,7
201900008437,2019-04-18 20:55:00,2019,4,18,20,55,38,38544,ROBESPIERRE(RUE),45.5231217,4.8755673,Plein jour,En agglomération,Intersection en T,Normale,Deux véhicules - frontale,4,2,0,0,2,1,1,0,3,50,2,2,1,0,0,1,41.0,31.0,voiture,deux_roues,1,2,3,1,1
201900008438,2019-04-25 11:35:00,2019,4,25,11,35,38,38185,FRANCE (QUAI DE),45.19338,5.72,Plein jour,En agglomération,Hors intersection,Normale,Autre collision,4,1,1,0,1,1,1,0,1,30,2,2,1,0,1,0,72.0,55.0,voiture,deux_roues,1,2,1,1,6
201900008439,2019-04-23 22:20:00,2019,4,23,22,20,38,38185,RUE LÉON JOUHAUX,45.1805,5.74415,Nuit avec éclairage allumé,En agglomération,Intersection en X,Normale,Deux véhicules - côté,7,2,2,0,1,1,1,5,1,50,2,5,1,0,0,4,37.0,25.0,voiture,voiture,5,2,2,1,3
201900008440,2019-04-23 12:30:00,2019,4,23,12,30,38,38185,PASSAGE COURS BERRIAT,45.18868,5.71509,Plein jour,En agglomération,Hors intersection,Normale,Autre collision,4,-1,1,0,1,1,1,6,1,10,1,2,1,0,1,0,31.0,,deux_roues,,1,2,1,1,6
201900008441,2019-04-28 18:15:00,2019,4,28,18,15,37,37261,TONNELLE (BOULEVARD),47.391,0.668,Plein jour,En agglomération,Intersection en X,Normale,Deux véhicules - côté,4,2,2,0,1,1,1,0,1,30,2,2,1,0,0,1,25.0,34.0,voiture,deux_roues,1,2,2,1,3
201900008442,2019-04-28 12:50:00,2019,4,28,12,50,37,37261,MAGINOT (AV. ANDRE),47.4190166,0.6929056,Plein jour,En agglomération,Hors intersection,Normale,Deux véhicules - arrière,3,2,2,0,1,1,1,0,1,50,2,2,1,0,0,1,31.0,41.0,deux_roues,voiture,1,2,1,1,2
201900008443,2019-04-26 06:07:00,2019,4,26,6,7,37,37122,JEAN JAURES,47.34676,0.6504,Nuit avec éclairage allumé,En agglomération,Giratoire,Normale,Autre collision,4,2,2,0,1,3,1,5,1,50,1,2,1,0,0,1,28.0,,voiture,,5,2,6,1,6
201900008444,2019-04-25 16:25:00,2019,4,25,16,25,37,37261,FLORENCE (AVENUE DE),47.37572,0.73403,Plein jour,En agglomération,Intersection en T,Pluie forte,Deux véhicules - côté,4,2,2,0,1,1,2,0,1,50,2,2,1,0,0,1,46.0,20.0,voiture,voiture,1,2,3,3,3
201900008445,2019-04-25 14:30:00,2019,4,25,14,30,37,37261,DESCARTES (RUE),47.3925119,0.6828719,Plein jour,En agglomération,Hors intersection,Normale,Sans collision,4,1,1,2,1,1,1,0,1,50,1,1,0,0,0,1,31.0,,deux_roues,,1,2,1,1,7
201900008446,2019-04-25 09:44:00,2019,4,25,9,44,37,37214,DE GAULLE (BD CHARLES),47.43,0.643,Plein jour,En agglomération,Hors intersection,Normale,Deux véhicules - arrière,4,3,4,0,2,1,1,0,1,50,2,2,1,0,0,1,35.0,33.0,utilitaire_camion,voiture,1,2,1,1,2
201900008447,2019-04-24 18:00:00,2019,4,24,18,0,37,37261,SAINT PAUL (PLACE),47.38,0.69555,Plein jour,En agglomération,Intersection en T,Temps couvert,Deux véhicules - frontale,4,2,2,0,1,1,2,0,1,50,2,2,1,0,0,1,34.0,40.0,voiture,voiture,1,2,3,8,1
201900008448,2019-04-24 16:30:00,2019,4,24,16,30,37,37261,ALOUETTE (AVENUE),47.36282,0.69676,Plein jour,En agglomération,Hors intersection,Temps couvert,Autre collision,4,1,4,0,2,3,2,0,1,50,1,1,0,0,0,1,28.0,,voiture,,1,2,1,8,6
201900008449,2019-04-24 09:25:00,2019,4,24,9,25,37,37122,RABELAIS (RUE),47.35077,0.66103,Plein jour,En agglomération,Hors intersection,Pluie légère,Deux véhicules - côté,4,2,2,0,1,1,2,0,1,50,2,2,1,0,0,1,59.0,66.0,voiture,voiture,1,2,1,2,3
201900008450,2019-04-24 08:05:00,2019,4,24,8,5,37,37233,POMPIDOU (AVENUE GEORGES),47.3753619,0.7155349,Plein jour,En agglomération,Hors intersection,Pluie légère,Sans collision,4,1,2,0,1,1,2,0,1,50,1,1,0,0,0,1,29.0,,deux_roues,,1,2,1,2,7
201900008451,2019-04-23 21:15:00,2019,4,23,21,15,37,37122,JAURES (BOULEVARD JEAN),47.3477,0.65587,Crépuscule ou aube,En agglomération,Hors intersection,Normale,Sans collision,4,2,2,0,1,1,1,0,1,50,1,1,0,0,0,1,23.0,,deux_roues,,2,2,1,1,7
201900008452,2019-04-23 08:30:00,2019,4,23,8,30,37,37261,VICTOIRE (RUE DE LA),47.395876,0.6770561,Plein jour,En agglomération,Hors intersection,Normale,Deux véhicules - côté,4,2,2,0,1,1,1,0,1,50,2,2,1,0,0,1,25.0,44.0,deux_roues,voiture,1,2,1,1,3
201900008453,2019-04-22 12:50:00,2019,4,22,12,50,37,37261,DE LATTRE DE TASSIGNY (BOULEVARD DE),47.3830505,0.6963226,Plein jour,En agglomération,Place,Normale,Deux véhicules - côté,4,2,3,0,1,1,1,0,1,50,2,3,2,0,0,1,25.0,47.0,voiture,voiture,1,2,7,1,3
201900008454,2019-04-19 08:24:00,2019,4,19,8,24,37,37261,TRANCHEE (PLACE DE LA),47.4088222,0.6808298,Plein jour,En agglomération,Hors intersection,Normale,Deux véhicules - côté,4,1,1,1,2,1,1,0,1,50,2,2,1,0,0,1,44.0,43.0,voiture,deux_roues,1,2,1,1,3
201900008455,2019-04-18 14:20:00,2019,4,18,14,20,37,37261,LOUIS XI (BOULEVARD),47.37433,0.67311,Plein jour,En agglomération,Hors intersection,Normale,Deux véhicules - arrière,4,3,2,0,1,1,1,0,1,50,2,2,1,0,0,1,35.0,51.0,voiture,utilitaire_camion,1,2,1,1,2
201900008456,2019-04-18 09:00:00,2019,4,18,9,0,37,37261,DEVILDE (RUE),47.4105297,0.6917979,Plein jour,En agglomération,Hors intersection,Normale,Sans collision,4,2,2,0,1,1,1,0,1,50,1,1,0,0,0,1,29.0,,deux_roues,,1,2,1,1,7
201900008457,2019-04-18 07:35:00,2019,4,18,7,35,37,37233,COLOMBIER (RUE DU),47.38356,0.74573,Plein jour,En agglomération,Hors intersection,Normale,Deux véhicules - frontale,4,2,2,0,1,1,1,0,1,50,2,2,1,0,0,1,22.0,37.0,voiture,deux_roues,1,2,1,1,1
201900008458,2019-04-18 07:45:00,2019,4,18,7,45,37,37261,SAVONNIERES (ROUTE DE),47.36995,0.67324,Plein jour,En agglomération,Hors intersection,Normale,Deux véhicules - arrière,4,2,2,0,1,1,1,0,1,50,2,2,1,0,0,1,54.0,29.0,deux_roues,voiture,1,2,1,1,2
201900008459,2019-04-24 17:02:00,2019,4,24,17,2,36,36159,ROUTE DE VARENNES,46.77208,1.7344,Plein jour,Hors agglomération,Hors intersection,Normale,Deux véhicules - arrière,3,2,2,0,1,1,1,0,1,50,2,2,1,0,0,1,67.0,19.0,voiture,deux_roues,1,1,1,1,2
201900008460,2019-04-17 15:30:00,2019,4,17,15,30,36,36044,105 RUE DE NOTZ,46.80146,1.68557,Plein jour,En agglomération,Hors intersection,Normale,Autre collision,4,2,2,0,1,1,1,0,1,50,1,1,0,0,0,1,19.0,,voiture,,1,2,1,1,6
201900008461,2019-04-28 19:00:00,2019,4,28,19,0,35,35238,PORTE DE CLEUNAY,48.10422,-1.71682,Plein jour,Hors agglomération,Hors intersection,Pluie forte,Deux véhicules - arrière,2,3,6,0,1,1,2,3,1,90,2,1,0,0,0,1,40.0,,voiture,,1,1,1,3,2
201900008462,2019-04-28 18:27:00,2019,4,28,18,27,35,35238,ARMORIQUE (BD D'),48.13134,-1.67264,Plein jour,En agglomération,Intersection en X,Pluie légère,Deux véhicules - côté,4,2,4,1,1,1,2,0,1,50,2,2,0,0,0,2,41.0,44.0,voiture,voiture,1,2,2,2,3
201900008463,2019-04-26 16:10:00,2019,4,26,16,10,35,35051,EST (ROCADE),48.10982,-1.5916,Plein jour,Hors agglomération,Autre intersection,Pluie légère,Trois véhicules et plus - en chaîne,2,3,4,0,1,1,2,0,1,90,3,6,1,0,0,5,31.0,71.0,voiture,voiture,1,1,9,2,4
201900008464,2019-04-26 12:15:00,2019,4,26,12,15,35,35238,CHATEAUGIRON (DE),48.100268,-1.649746,Plein jour,En agglomération,Place,Normale,Autre collision,4,3,4,0,1,3,1,0,2,50,1,2,1,0,0,1,75.0,,voiture,,1,2,7,1,6
201900008465,2019-04-26 09:10:00,2019,4,26,9,10,35,35238,PLANCHES (DES),48.09949,-1.67134,Plein jour,En agglomération,Intersection en T,Normale,Deux véhicules - côté,4,2,1,2,1,1,1,0,1,30,2,2,1,0,0,1,24.0,59.0,voiture,deux_roues,1,2,3,1,3
201900008466,2019-04-25 18:30:00,2019,4,25,18,30,35,35238,PAVIE (AUGUSTE),48.104,-1.6361,Plein jour,En agglomération,Intersection en T,Normale,Deux véhicules - côté,4,2,2,2,1,1,2,0,1,50,2,2,1,0,0,1,39.0,52.0,voiture,voiture,1,2,3,1,3
201900008467,2019-04-24 17:30:00,2019,4,24,17,30,35,35278,RD 137,48.18286,-1.72029,Plein jour,Hors agglomération,Hors intersection,Pluie forte,Trois véhicules et plus - en chaîne,3,3,4,0,1,1,2,0,1,110,3,4,3,0,0,1,38.0,74.0,utilitaire_camion,voiture,1,1,1,3,4
201900008468,2019-04-23 16:30:00,2019,4,23,16,30,35,35238,GROS MALHON (AVENUE),48.12717,-1.6832,Plein jour,En agglomération,Hors intersection,Normale,Deux véhicules - arrière,4,2,2,0,1,1,1,0,1,50,2,2,1,0,0,1,23.0,45.0,voiture,voiture,1,2,1,1,2
201900008469,2019-04-23 12:15:00,2019,4,23,12,15,35,35238,JANVIER (AVENUE JEAN),48.10917,-1.673875,Plein jour,En agglomération,Autre intersection,Pluie légère,Autre collision,4,2,2,0,1,1,2,6,1,30,1,2,1,0,0,1,57.0,,deux_roues,,1,2,9,2,6
201900008470,2019-04-23 08:50:00,2019,4,23,8,50,35,35238,VALLES (JULES),48.105047,-1.70811,Plein jour,En agglomération,Giratoire,Normale,Deux véhicules - arrière,4,1,2,2,1,2,1,0,1,50,2,1,0,0,0,1,19.0,,deux_roues,,1,2,6,1,2
201900008471,2019-04-21 16:00:00,2019,4,21,16,0,35,35238,RN136,48.08167,-1.67647,Plein jour,Hors agglomération,Hors intersection,Normale,Deux véhicules - arrière,2,1,1,0,1,3,1,0,1,50,2,5,4,0,0,1,38.0,41.0,voiture,voiture,1,1,1,1,2
201900008472,2019-04-20 12:20:00,2019,4,20,12,20,35,35238,ESPAGNE (D'),48.08666,-1.673098,Plein jour,En agglomération,Hors intersection,Normale,Deux véhicules - arrière,4,2,2,0,1,1,1,0,1,50,2,5,3,0,0,2,45.0,38.0,voiture,voiture,1,2,1,1,2
201900008473,2019-04-20 05:20:00,2019,4,20,5,20,35,35238,LIBERTE (BD DE LA),48.1085,-1.6841,Nuit avec éclairage allumé,En agglomération,Hors intersection,Normale,Autre collision,4,3,4,0,1,1,1,0,1,50,1,2,1,0,0,1,46.0,,voiture,,5,2,1,1,6
201900008474,2019-04-19 08:50:00,2019,4,19,8,50,35,35238,MITTERAND (MAIL FRANCOIS),48.10835,-1.693948,Plein jour,En agglomération,Hors intersection,Normale,Autre collision,4,-1,2,3,1,1,1,0,1,50,1,2,1,0,0,1,28.0,,deux_roues,,1,2,1,1,6
201900008475,2019-04-18 17:45:00,2019,4,18,17,45,35,35238,RN136,48.119927,-1.720026,Plein jour,Hors agglomération,Hors intersection,Normale,Trois véhicules et plus - en chaîne,2,3,4,0,2,1,1,0,1,90,5,6,5,0,0,1,22.0,33.0,voiture,voiture,1,1,1,1,4
201900008476,2019-04-17 08:00:00,2019,4,17,8,0,35,35238,NANTES (DE),48.094961,-1.690084,Plein jour,En agglomération,Hors intersection,Normale,Autre collision,4,3,0,0,1,1,1,9,1,50,1,1,0,0,0,1,56.0,,deux_roues,,1,2,1,1,6
201900008477,2019-04-25 02:10:00,2019,4,25,2,10,34,34172,JUSTICE DE CASTELNAU (AVENUE DE LA),43.62607,3.88231,Nuit avec éclairage allumé,En agglomération,Intersection en X,Vent fort / tempête,Deux véhicules - côté,4,2,4,0,1,1,1,0,1,50,2,4,2,1,1,0,22.0,34.0,deux_roues,voiture,5,2,2,6,3
201900008478,2019-04-21 20:15:00,2019,4,21,20,15,34,34172,PRES D'ARENES (AVENUE DES),43.59189,3.88115,Crépuscule ou aube,En agglomération,Autre intersection,Normale,Deux véhicules - côté,4,1,2,0,1,1,1,0,1,50,2,2,1,0,0,1,12.0,73.0,deux_roues,voiture,2,2,9,1,3
201900008479,2019-04-21 08:20:00,2019,4,21,8,20,34,34172,RIMBAUD (RUE PAUL),43.61937,3.84882,Plein jour,En agglomération,Intersection en T,Normale,Deux véhicules - arrière,4,2,4,0,2,1,1,0,1,50,2,3,0,1,0,2,61.0,22.0,voiture,voiture,1,2,3,1,2
201900008480,2019-04-17 13:55:00,2019,4,17,13,55,34,34172,GANGES (ROUTE DE,43.64358,3.8445,Plein jour,En agglomération,Hors intersection,Normale,Deux véhicules - arrière,4,2,-1,0,1,1,1,0,1,50,2,2,1,0,0,1,55.0,27.0,deux_roues,voiture,1,2,1,1,2
201900008481,2019-04-19 18:03:00,2019,4,19,18,3,34,34172,LODEVE (AVENUE DE,43.6146,3.83575,Plein jour,En agglomération,Hors intersection,Normale,Autre collision,4,2,2,0,1,1,9,8,1,50,2,2,1,0,0,1,24.0,20.0,deux_roues,voiture,1,2,1,1,6
201900008482,2019-04-18 09:40:00,2019,4,18,9,40,34,34172,FLAHAULT (AVENUE CHARLES,43.62379,3.86201,Plein jour,En agglomération,Intersection en X,Normale,Deux véhicules - arrière,4,2,4,0,1,1,1,5,1,50,2,2,1,0,0,1,21.0,62.0,deux_roues,voiture,1,2,2,1,2
201900008483,2019-04-24 15:00:00,2019,4,24,15,0,34,34336,BEREGOVOY (AVENUE PIERRE),43.32257,3.26778,Plein jour,En agglomération,Hors intersection,Normale,Deux véhicules - côté,4,2,2,0,1,1,1,0,1,50,2,2,1,0,1,0,30.0,68.0,voiture,deux_roues,1,2,1,1,3
201900008484,2019-04-27 15:25:00,2019,4,27,15,25,34,34003,MEDITERRANEENNE (C10 A C12,43.31757,3.46445,Plein jour,En agglomération,Hors intersection,Vent fort / tempête,Sans collision,4,1,1,0,1,1,1,0,1,50,1,2,0,1,1,0,64.0,,voiture,,1,2,1,6,7
201900008485,2019-04-18 21:05:00,2019,4,18,21,5,34,34003,RD612,43.29534,3.50311,Nuit avec éclairage allumé,Hors agglomération,Hors intersection,Normale,Sans collision,3,1,0,0,1,3,1,3,1,50,1,1,0,1,0,0,50.0,,deux_roues,,5,1,1,1,7
201900008486,2019-04-19 06:30:00,2019,4,19,6,30,33,33063,CRS DE LA LIBERATION,44.83288,-0.58182,Nuit avec éclairage allumé,En agglomération,Intersection en X,Normale,Deux véhicules - frontale,4,2,4,1,1,1,1,0,1,50,2,2,1,0,0,1,45.0,55.0,deux_roues,voiture,5,2,2,1,1
201900008487,2019-04-22 22:05:00,2019,4,22,22,5,33,33063,BD DU PDT FRANKLIN ROOSEVELT,44.8148,-0.57267,Nuit avec éclairage allumé,En agglomération,Intersection en X,Normale,Deux véhicules - frontale,4,3,6,0,1,1,1,0,1,50,2,2,1,0,1,0,24.0,28.0,voiture,deux_roues,5,2,2,1,1
201900008488,2019-04-23 17:05:00,2019,4,23,17,5,33,33063,QUAI DE BRIENNE,44.82321,-0.54338,Plein jour,En agglomération,Hors intersection,Normale,Deux véhicules - côté,4,2,4,0,1,1,1,0,1,50,2,2,1,0,1,0,38.0,51.0,deux_roues,voiture,1,2,1,1,3
201900008489,2019-04-20 18:40:00,2019,4,20,18,40,33,33063,PONT Jacques CHABAN DELMAS sens BACALAN vers BRAZZA,44.85611,-0.54959,Plein jour,En agglomération,Intersection en T,Normale,Autre collision,4,3,8,0,2,1,1,0,1,50,1,1,0,0,1,0,56.0,,deux_roues,,1,2,3,1,6
201900008490,2019-04-20 06:35:00,2019,4,20,6,35,33,33063,QUAI DE BACALAN,44.86035,-0.55396,Crépuscule ou aube,En agglomération,Intersection en X,Normale,Deux véhicules - côté,4,3,7,0,1,1,1,0,1,50,2,2,0,0,0,2,47.0,40.0,transport_commun,utilitaire_camion,2,2,2,1,3
201900008491,2019-04-18 22:15:00,2019,4,18,22,15,33,33063,QUAI RICHELIEU (place Quinconces vers place Bir Hakeim),44.83981,-0.56856,Nuit avec éclairage allumé,En agglomération,Intersection en T,Normale,Autre collision,4,3,10,-1,1,1,1,0,1,50,1,2,1,0,1,0,79.0,,voiture,,5,2,3,1,6
201900008492,2019-04-13 09:13:00,2019,4,13,9,13,33,33522,RUE BOURGES,44.81544,-0.57903,Plein jour,En agglomération,Intersection en X,Normale,Deux véhicules - côté,4,2,2,0,1,1,1,0,1,50,2,2,1,0,0,1,60.0,26.0,voiture,deux_roues,1,2,2,1,3
201900008493,2019-04-17 17:00:00,2019,4,17,17,0,33,33063,AVE DE LA REPUBLIQUE CAUD / bande cyclable fin av république,44.8386,-0.61534,Plein jour,En agglomération,Intersection en X,Temps couvert,Deux véhicules - côté,4,1,4,2,1,1,1,0,1,50,2,2,1,0,0,1,30.0,30.0,deux_roues,voiture,1,2,2,8,3
201900008494,2019-04-12 08:45:00,2019,4,12,8,45,33,33063,RUE DE BREZETS,44.82344,-0.5713,Plein jour,En agglomération,Hors intersection,Normale,Deux véhicules - côté,4,1,1,0,1,1,1,0,1,50,2,2,1,0,0,1,18.0,62.0,deux_roues,voiture,1,2,1,1,3
201900008495,2019-03-09 10:40:00,2019,3,9,10,40,33,33063,RUE DE TAUZIA,44.82776,-0.55653,Plein jour,En agglomération,Intersection en T,Normale,Autre collision,4,3,4,2,1,1,1,0,1,30,1,2,1,0,0,1,45.0,,transport_commun,,1,2,3,1,6
201900008496,2019-04-10 13:25:00,2019,4,10,13,25,33,33522,AVE DE THOUARS - Piéton traverse sans regarder en courant derrière un bus des n° pairs vers n° impairs.,44.79225,-0.59145,Plein jour,En agglomération,Hors intersection,Normale,Autre collision,4,2,2,0,1,1,1,0,1,30,1,2,1,0,0,1,43.0,,voiture,,1,2,1,1,6
201900008497,2019-04-22 11:20:00,2019,4,22,11,20,33,33009,D217E1 / Av.du Golf,44.64509,-1.17773,Plein jour,En agglomération,Intersection en T,Normale,Deux véhicules - côté,3,2,2,0,1,1,1,0,1,50,2,5,4,0,1,0,58.0,40.0,deux_roues,voiture,1,2,3,1,3
201900008498,2019-04-21 14:59:00,2019,4,21,14,59,33,33529,BD DU PYLA,44.63132,-1.156294,Plein jour,En agglomération,Hors intersection,Normale,Deux véhicules - frontale,4,2,2,0,1,1,1,0,1,50,2,2,1,0,1,0,30.0,26.0,deux_roues,voiture,1,2,1,1,1
201900008499,2019-04-18 14:10:00,2019,4,18,14,10,33,33529,SAINT-EXUPERY (AVE),44.61794,-1.13856,Plein jour,En agglomération,Intersection en T,Normale,Deux véhicules - côté,3,2,2,0,1,1,1,0,1,50,2,2,1,0,0,1,74.0,54.0,voiture,deux_roues,1,2,3,1,3
201900008500,2019-04-10 17:40:00,2019,4,10,17,40,33,33529,Av.Denis Papin,44.60765,-1.12536,Plein jour,En agglomération,Autre intersection,Normale,Deux véhicules - côté,4,2,2,0,1,1,1,0,1,50,2,2,0,0,0,2,22.0,77.0,voiture,voiture,1,2,9,1,3
201900008501,2019-04-19 17:40:00,2019,4,19,17,40,32,32013,YSER (AVENUE DE L'),43.655793,0.596611,Plein jour,En agglomération,Intersection en X,Normale,Deux véhicules - côté,2,2,2,0,1,1,1,0,1,50,2,2,1,0,0,1,53.0,79.0,deux_roues,voiture,1,2,2,1,3
201900008502,2019-04-19 16:20:00,2019,4,19,16,20,32,32013,EUGENE SUE,43.64474,0.59014,Plein jour,Hors agglomération,Autre intersection,Normale,Sans collision,5,-1,0,3,1,1,9,9,2,10,1,1,0,0,1,0,14.0,,deux_roues,,1,1,9,1,7
201900008503,2019-04-24 10:40:00,2019,4,24,10,40,31,31555,VA007331 A620,43.60574,1.40436,Plein jour,Hors agglomération,Hors intersection,Normale,Deux véhicules - côté,1,3,6,0,1,1,1,0,1,90,2,3,2,0,0,1,29.0,59.0,voiture,utilitaire_camion,1,1,1,1,3
201900008504,2019-04-23 09:19:00,2019,4,23,9,19,31,31555,ARCOLE (BD D) DU 1AU 79,43.61079,1.44225,Plein jour,En agglomération,Hors intersection,Normale,Autre collision,4,2,2,0,1,1,1,0,1,50,1,2,0,0,0,2,60.0,,deux_roues,,1,2,1,1,6