accident_id,datetime,annee,mois,jour,heure,minute,departement,commune_insee,adresse,latitude,longitude,luminosite,agglomeration,intersection,meteo,collision,catr,circ,nbv,vosp,prof,plan,surf,infra,situ,vma,nb_vehicules,nb_usagers,nb_indemnes,nb_tues,nb_blesses_hosp,nb_blesses_legers,age_cond_1,age_cond_2,veh_type_cond_1,veh_type_cond_2,lum_code,agg_code,int_code,atm_code,col_code
201900008505,2019-04-20 19:35:00,2019,4,20,19,35,31,31555,RUE SAINT ANTOINE DU T,43.60309,1.44733,Nuit avec éclairage allumé,En agglomération,Hors intersection,Normale,Autre collision,4,1,1,3,1,1,1,6,1,50,1,2,1,0,0,1,42.0,,deux_roues,,5,2,1,1,6
201900008506,2019-04-20 11:30:00,2019,4,20,11,30,31,31555,BD PIERRE PAUL RIQUET,43.60507,1.4566,Plein jour,En agglomération,Intersection en T,Normale,Deux véhicules - côté,4,1,2,0,1,1,1,0,1,50,2,2,0,0,2,0,72.0,34.0,deux_roues,voiture,1,2,3,1,3
201900008507,2019-04-19 19:35:00,2019,4,19,19,35,31,31555,VA007331 A620,43.60736,1.40831,Plein jour,Hors agglomération,Hors intersection,Normale,Trois véhicules et plus - collisions multiples,1,3,4,0,1,1,1,0,1,90,3,2,1,0,0,1,36.0,56.0,voiture,deux_roues,1,1,1,1,5
201900008508,2019-04-22 22:50:00,2019,4,22,22,50,31,31555,AV CRAMPEL,43.5838,1.45123,Nuit sans éclairage public,En agglomération,Hors intersection,Vent fort / tempête,Deux véhicules - frontale,4,2,2,0,1,1,1,0,1,50,2,2,1,0,0,1,44.0,57.0,voiture,voiture,3,2,1,6,1
201900008509,2019-04-19 17:40:00,2019,4,19,17,40,31,31555,AV DE GRANDE BRETAGNE,43.60542,1.40307,Plein jour,En agglomération,Hors intersection,Normale,Trois véhicules et plus - en chaîne,4,2,2,0,2,1,1,0,1,50,3,4,2,0,0,2,34.0,55.0,deux_roues,voiture,1,2,1,1,4
201900008510,2019-04-19 16:30:00,2019,4,19,16,30,31,31555,VA007331 A620,43.60645,1.4058,Plein jour,Hors agglomération,Hors intersection,Normale,Trois véhicules et plus - en chaîne,1,3,6,0,1,1,1,0,1,90,3,4,3,0,0,1,35.0,29.0,utilitaire_camion,voiture,1,1,1,1,4
201900008511,2019-04-18 06:00:00,2019,4,18,6,0,31,31483,BOUERY ANDRE (AVENUE),43.09529,0.73653,Nuit avec éclairage allumé,En agglomération,Giratoire,Normale,Deux véhicules - côté,3,2,1,0,1,1,1,5,1,50,2,2,1,0,1,0,52.0,22.0,deux_roues,utilitaire_camion,5,2,6,1,3
201900008512,2019-04-25 14:05:00,2019,4,25,14,5,30,30189,BOURDALOUE (RUE),43.8323,4.3617,Plein jour,En agglomération,Intersection en X,Temps couvert,Deux véhicules - côté,4,1,2,0,1,1,1,0,1,50,2,2,1,0,1,0,19.0,33.0,voiture,deux_roues,1,2,2,8,3
201900008513,2019-04-24 10:25:00,2019,4,24,10,25,30,30189,11 NOVEMBRE 1918 (SQUARE OU RUE),43.8346,4.361,Plein jour,En agglomération,Intersection en Y,Pluie légère,Deux véhicules - côté,9,-1,0,3,1,2,2,0,1,30,2,2,1,0,0,1,57.0,29.0,transport_commun,deux_roues,1,2,4,2,3
201900008514,2019-04-23 22:30:00,2019,4,23,22,30,30,30189,GAMBETTA (BD),43.84044,4.3589,Nuit avec éclairage allumé,En agglomération,Hors intersection,Normale,Trois véhicules et plus - en chaîne,4,2,3,3,1,1,1,0,1,50,3,4,0,0,0,4,24.0,35.0,voiture,voiture,5,2,1,1,4
201900008515,2019-04-22 00:12:00,2019,4,22,0,12,30,30189,MONTPELLIER (ROUTE DE),43.81115,4.33028,Nuit avec éclairage allumé,En agglomération,Intersection en X,Normale,Deux véhicules - côté,4,2,4,0,1,1,1,0,1,70,2,4,2,0,0,2,27.0,23.0,voiture,voiture,5,2,2,1,3
201900008516,2019-04-18 15:35:00,2019,4,18,15,35,30,30189,VERDUN (RUE),43.83033,4.35189,Plein jour,En agglomération,Giratoire,Normale,Trois véhicules et plus - collisions multiples,4,2,3,0,1,1,1,0,1,30,3,4,2,0,0,2,39.0,25.0,voiture,voiture,1,2,6,1,5
201900008517,2019-04-19 19:40:00,2019,4,19,19,40,30,30028,ROUTE D'AVIGNON,44.157396,4.6346247,Plein jour,En agglomération,Hors intersection,Normale,Deux véhicules - côté,2,2,2,0,1,1,1,0,1,70,2,2,0,0,0,2,21.0,46.0,voiture,utilitaire_camion,1,2,1,1,3
201900008518,2019-04-27 14:28:00,2019,4,27,14,28,29,29051,PEN CARN ROND POINT,48.01252,-4.0138,Plein jour,En agglomération,Giratoire,Normale,Sans collision,3,-1,1,0,1,2,1,5,1,50,1,2,1,0,0,1,19.0,,voiture,,1,2,6,1,7
201900008519,2019-04-27 17:30:00,2019,4,27,17,30,29,29232,LENDU ROUTE DU,47.9344,-4.0685,Plein jour,En agglomération,Hors intersection,Pluie légère,Sans collision,4,2,2,0,1,1,2,0,1,50,1,1,0,0,0,1,83.0,,voiture,,1,2,1,2,7
201900008520,2019-04-26 16:55:00,2019,4,26,16,55,29,29232,GARE AVENUE DE LA,47.9945645,-4.0944073,Plein jour,En agglomération,Hors intersection,Temps couvert,Autre collision,4,2,2,0,1,1,1,0,1,50,1,2,1,0,0,1,45.0,,voiture,,1,2,1,8,6
201900008521,2019-04-24 18:50:00,2019,4,24,18,50,29,29232,RN 165,47.9891378,-4.0323579,Plein jour,Hors agglomération,Hors intersection,Normale,Trois véhicules et plus - en chaîne,2,1,2,0,2,1,1,8,1,90,3,5,3,0,1,1,61.0,44.0,utilitaire_camion,voiture,1,1,1,1,4
201900008522,2019-04-24 12:20:00,2019,4,24,12,20,29,29232,FRUGY RUE DU,47.9877573,-4.1083906,Plein jour,En agglomération,Hors intersection,Pluie légère,Autre collision,4,2,2,0,2,1,2,0,1,50,1,2,1,0,0,1,23.0,,voiture,,1,2,1,2,6
201900008523,2019-04-23 11:00:00,2019,4,23,11,0,29,29039,KERVINIOU ( ROND POINT DE ),47.8625,-3.8896,Plein jour,En agglomération,Giratoire,Temps éblouissant,Deux véhicules - arrière,3,1,1,0,1,2,1,9,1,50,2,2,1,0,0,1,70.0,76.0,utilitaire_camion,deux_roues,1,2,6,7,2
201900008524,2019-04-28 11:00:00,2019,4,28,11,0,29,29019,EUROPE (DE 58 A 166 ET 99 A 129),48.4131557,-4.4912449,Plein jour,En agglomération,Intersection en T,Normale,Autre collision,4,2,2,0,1,1,1,0,1,50,1,2,1,1,0,0,52.0,,voiture,,1,2,3,1,6
201900008525,2019-04-20 08:58:00,2019,4,20,8,58,29,29019,SPERNOT (ROND POINT),48.4129847,-4.5075889,Plein jour,En agglomération,Giratoire,Normale,Trois véhicules et plus - collisions multiples,4,1,2,0,1,2,1,0,1,50,3,3,2,0,0,1,66.0,24.0,voiture,deux_roues,1,2,6,1,5
201900008526,2019-04-11 17:45:00,2019,4,11,17,45,29,29019,VILLENEUVE (RUE),48.40974,-4.46442,Plein jour,En agglomération,Hors intersection,Normale,Deux véhicules - côté,4,-1,1,0,3,1,1,0,1,50,2,2,1,0,1,0,47.0,23.0,voiture,deux_roues,1,2,1,1,3
201900008527,2019-04-23 08:45:00,2019,4,23,8,45,29,29019,DUVAL MARCELLIN (DE 22 A 78 ET 29 A 121),48.4205423,-4.4869022,Plein jour,En agglomération,Hors intersection,Normale,Deux véhicules - frontale,4,-1,0,0,2,1,1,0,1,50,2,2,1,0,0,1,38.0,60.0,deux_roues,voiture,1,2,1,1,1
201900008528,2019-04-26 13:30:00,2019,4,26,13,30,28,28134,LIEVRE D'OR (RUE DU),48.73669,1.38892,Plein jour,En agglomération,Autre intersection,Temps couvert,Autre collision,4,3,2,3,1,1,1,6,2,30,1,2,0,0,0,2,19.0,,voiture,,1,2,9,8,6
201900008529,2019-04-20 19:10:00,2019,4,20,19,10,28,28134,PROD'HOMME (RUE EMILE),48.74839,1.3409,Plein jour,Hors agglomération,Hors intersection,Normale,Sans collision,4,2,2,0,1,1,1,0,1,50,1,1,0,1,0,0,42.0,,deux_roues,,1,1,1,1,7
201900008530,2019-04-21 17:15:00,2019,4,21,17,15,28,28332,Moronval (rue des hauts de),48.72842,1.39233,Plein jour,En agglomération,Autre intersection,Normale,Autre collision,4,1,2,0,1,1,1,6,1,50,1,2,0,0,0,2,16.0,,deux_roues,,1,2,9,1,6
201900008531,2019-04-18 20:05:00,2019,4,18,20,5,28,28404,DELIBES (RUE LEO),48.71632,1.36394,Plein jour,En agglomération,Hors intersection,Normale,Autre collision,9,2,0,0,1,1,1,0,1,50,1,2,1,0,0,1,46.0,,voiture,,1,2,1,1,6
201900008532,2019-04-19 19:10:00,2019,4,19,19,10,27,27681,RENAISSANCE (RUE DE LA),49.07878,1.48201,Plein jour,En agglomération,Autre intersection,Normale,Sans collision,6,-1,0,0,1,1,9,9,1,50,1,1,0,0,0,1,22.0,,autre,,1,2,9,1,7
201900008533,2019-04-19 16:25:00,2019,4,19,16,25,27,27681,RELIGIEUSES (CHEMIN),49.07323,1.46878,Plein jour,Hors agglomération,Hors intersection,Normale,Deux véhicules - côté,4,2,2,0,1,3,1,0,1,50,2,5,2,0,0,3,42.0,29.0,deux_roues,voiture,1,1,1,1,3
201900008534,2019-04-18 11:55:00,2019,4,18,11,55,27,27681,QUEUE D'HAYE (RUE DE LA ),49.1257,1.5325,Plein jour,Hors agglomération,Hors intersection,Normale,Deux véhicules - frontale,4,2,2,0,1,3,1,0,1,80,2,2,1,0,0,1,57.0,41.0,voiture,utilitaire_camion,1,1,1,1,1
201900008535,2019-04-18 15:55:00,2019,4,18,15,55,27,27701,RD6015,49.25594,1.17056,Plein jour,Hors agglomération,Hors intersection,Normale,Trois véhicules et plus - collisions multiples,3,4,3,0,2,1,1,0,1,90,3,3,0,0,0,3,65.0,50.0,utilitaire_camion,voiture,1,1,1,1,5
201900008536,2019-04-18 09:45:00,2019,4,18,9,45,26,26252,MOLOISE BENJAMIN RUE,44.88936,4.87991,Plein jour,En agglomération,Intersection en T,Normale,Deux véhicules - côté,3,2,2,0,1,1,1,0,1,50,2,2,1,0,1,0,53.0,27.0,deux_roues,utilitaire_camion,1,2,3,1,3
201900008537,2019-04-23 17:50:00,2019,4,23,17,50,26,26057,RD 538,45.003835,5.03609,Plein jour,En agglomération,Autre intersection,Normale,Trois véhicules et plus - en chaîne,3,2,2,0,1,1,1,1,1,70,3,3,1,0,0,2,31.0,41.0,voiture,voiture,1,2,9,1,4
201900008538,2019-04-23 09:30:00,2019,4,23,9,30,26,26281,LIBERATION (BOULEVARD DE LA),45.04797,5.0474,Plein jour,En agglomération,Autre intersection,Pluie légère,Autre collision,4,2,2,0,1,1,2,0,1,50,1,2,1,0,0,1,86.0,,voiture,,1,2,9,2,6
201900008539,2019-04-25 15:55:00,2019,4,25,15,55,26,26198,GOURNIER (Avenue de),44.53363,4.73385,Plein jour,En agglomération,Hors intersection,Vent fort / tempête,Deux véhicules - arrière,2,2,2,0,1,1,1,0,1,70,2,2,1,0,0,1,29.0,81.0,voiture,voiture,1,2,1,6,2
201900008540,2019-03-10 06:30:00,2019,3,10,6,30,26,26198,MARSEILLE (Route de ),44.533476,4.745804,Nuit avec éclairage allumé,En agglomération,Giratoire,Normale,Deux véhicules - arrière,4,2,2,0,1,1,1,5,1,50,2,3,1,0,2,0,19.0,18.0,voiture,voiture,5,2,6,1,2
201900008541,2019-04-19 23:30:00,2019,4,19,23,30,26,26198,VALENCE (Route de),44.58841,4.75161,Nuit sans éclairage public,En agglomération,Hors intersection,Normale,Sans collision,2,2,2,0,1,1,1,0,1,50,1,1,0,0,0,1,36.0,,voiture,,3,2,1,1,7
201900008542,2019-04-27 13:00:00,2019,4,27,13,0,25,25204,Vuillecin  (rue de ),46.92422,6.33807,Plein jour,En agglomération,Hors intersection,Pluie légère,Deux véhicules - frontale,4,2,2,0,1,1,2,0,1,50,2,2,1,0,0,1,30.0,18.0,voiture,voiture,1,2,1,2,1
201900008543,2019-04-03 11:05:00,2019,4,3,11,5,22,22106,MORIN (RUE MATHURIN),48.49441,-2.71428,Plein jour,En agglomération,Intersection en X,Normale,Autre collision,3,2,-1,-1,1,1,1,9,1,-1,1,2,1,0,1,0,54.0,,transport_commun,,1,2,2,1,6
201900008544,2019-04-03 17:00:00,2019,4,3,17,0,22,22278,RIBOT (THEODULE),48.51708,-2.77782,Plein jour,En agglomération,Hors intersection,Normale,Deux véhicules - arrière,4,2,2,0,1,1,1,0,1,50,2,1,0,0,0,1,24.0,,voiture,,1,2,1,1,2
201900008545,2019-04-02 19:35:00,2019,4,2,19,35,22,22187, rue de la ville houard,48.538149,-2.732326,Plein jour,En agglomération,Giratoire,Normale,Deux véhicules - côté,4,2,2,0,1,1,1,5,1,50,2,3,2,0,0,1,45.0,20.0,voiture,voiture,1,2,6,1,3
201900008546,2019-04-25 04:50:00,2019,4,25,4,50,21,21231,AUGUSTE MORIN GACON (PLACE),47.33888,5.06346,Nuit avec éclairage allumé,En agglomération,Hors intersection,Pluie légère,Deux véhicules - côté,4,1,2,0,1,2,2,0,1,50,2,2,1,0,0,1,60.0,34.0,deux_roues,voiture,5,2,1,2,3
201900008547,2019-04-25 15:00:00,2019,4,25,15,0,19,19031,DELESSERT (RUE BENJAMIN),45.16209,1.53636,Plein jour,En agglomération,Hors intersection,Normale,Autre collision,4,1,1,0,1,1,1,8,1,50,1,2,1,0,0,1,67.0,,voiture,,1,2,1,1,6
201900008548,2019-04-24 17:05:00,2019,4,24,17,5,18,18279,RN 20 NORD (TRAVERSEE DE LA FORET),47.25304,2.06023,Plein jour,En agglomération,Autre intersection,Normale,Deux véhicules - arrière,3,2,2,0,1,1,1,0,1,80,2,3,1,0,1,1,70.0,70.0,deux_roues,voiture,1,2,9,1,2
201900008549,2019-04-19 02:45:00,2019,4,19,2,45,18,18033,DUN-SUR-AURON (AV DE),47.06058,2.42393,Nuit avec éclairage allumé,En agglomération,Hors intersection,Normale,Sans collision,4,2,2,0,1,1,1,0,1,50,1,1,0,0,0,1,18.0,,voiture,,5,2,1,1,7
201900008550,2019-04-17 22:22:00,2019,4,17,22,22,18,18205,PORTE DE VIERZON (ROCADE),47.12625,2.33918,Nuit avec éclairage non allumé,Hors agglomération,Giratoire,Normale,Deux véhicules - côté,3,2,2,0,1,1,1,0,1,50,2,2,1,1,0,0,46.0,30.0,utilitaire_camion,deux_roues,4,1,6,1,3
201900008551,2019-04-26 15:55:00,2019,4,26,15,55,17,17306,ALBERT 1ER (BD),45.626103,-1.022557,Plein jour,En agglomération,Hors intersection,Normale,Autre collision,4,1,1,0,1,1,1,0,1,30,1,2,1,0,1,0,27.0,,voiture,,1,2,1,1,6
201900008552,2019-04-24 12:05:00,2019,4,24,12,5,17,17306,AMPERE,45.6309,-0.9983,Plein jour,En agglomération,Hors intersection,Temps couvert,Deux véhicules - côté,4,2,2,0,1,3,2,0,1,50,2,2,1,0,0,1,55.0,73.0,deux_roues,voiture,1,2,1,8,3
201900008553,2019-04-17 10:54:00,2019,4,17,10,54,17,17306,LAMY (BD FRANCK),45.62795,-1.01607,Plein jour,En agglomération,Intersection en T,Normale,Trois véhicules et plus - collisions multiples,4,2,2,0,1,1,1,5,1,50,3,4,3,0,0,1,55.0,40.0,voiture,voiture,1,2,3,1,5
201900008554,2019-04-26 02:30:00,2019,4,26,2,30,17,17300,REMPART  CHEMIN DU,46.16497,-1.15543,Nuit avec éclairage allumé,En agglomération,Hors intersection,Pluie légère,Autre collision,4,2,4,0,1,3,2,0,4,50,1,2,1,0,0,1,24.0,,voiture,,5,2,1,2,6
201900008555,2019-04-23 16:40:00,2019,4,23,16,40,17,17300,JOFFRE   BOULEVARD (27-77 et 2-1),46.1598661,-1.1411525,Plein jour,En agglomération,Hors intersection,Normale,Trois véhicules et plus - en chaîne,4,3,4,0,1,1,1,4,1,50,3,3,2,0,0,1,24.0,43.0,voiture,voiture,1,2,1,1,4
201900008556,2019-04-20 19:00:00,2019,4,20,19,0,17,17300,MOULIN   AVENUE JEAN,46.15179,-1.13968,Plein jour,En agglomération,Giratoire,Normale,Deux véhicules - côté,4,2,2,1,1,1,1,5,1,50,2,2,1,0,0,1,61.0,61.0,voiture,deux_roues,1,2,6,1,3
201900008557,2019-04-22 19:00:00,2019,4,22,19,0,17,17449,AUNIS AVENUE D',45.9486,-0.915629,Plein jour,En agglomération,Hors intersection,Normale,Deux véhicules - côté,4,2,2,0,2,1,1,0,1,50,2,2,1,0,0,1,16.0,72.0,deux_roues,voiture,1,2,1,1,3
201900008558,2019-06-08 18:55:00,2019,6,8,18,55,87,87074,RC17,46.357049,1.384275,Plein jour,Hors agglomération,Hors intersection,Normale,Sans collision,4,2,2,0,1,1,1,0,3,80,1,1,0,0,1,0,50.0,,deux_roues,,1,1,1,1,7
201900008559,2019-06-13 19:30:00,2019,6,13,19,30,87,87119,Chez Barbotte,45.693126,1.342846,Plein jour,Hors agglomération,Hors intersection,Normale,Deux véhicules - côté,3,2,2,0,4,3,1,5,1,80,2,2,1,0,1,0,30.0,31.0,deux_roues,voiture,1,1,1,1,3
201900008560,2019-06-06 07:47:00,2019,6,6,7,47,37,37254,Montouvrin (Tauxigny),47.188623,0.84331,Plein jour,En agglomération,Intersection en T,Temps éblouissant,Autre collision,3,2,2,0,1,1,1,0,1,50,2,2,1,0,1,0,16.0,49.0,deux_roues,voiture,1,2,3,7,6
201900008561,2019-06-02 03:40:00,2019,6,2,3,40,37,37257,rue du plessis,47.2246,0.576709,Nuit sans éclairage public,En agglomération,Intersection en Y,Normale,Autre collision,4,2,2,0,1,3,1,9,4,50,1,1,0,0,1,0,16.0,,deux_roues,,3,2,4,1,6
201900008562,2019-06-19 19:30:00,2019,6,19,19,30,37,37273,D142,47.390204,0.787434,Plein jour,Hors agglomération,Intersection en T,Normale,Deux véhicules - frontale,3,2,2,3,3,1,1,2,1,70,2,2,1,0,1,0,22.0,27.0,deux_roues,voiture,1,1,3,1,1
201900008563,2019-06-17 13:35:00,2019,6,17,13,35,37,37156,RD751,47.397119,0.889036,Plein jour,Hors agglomération,Hors intersection,Normale,Deux véhicules - frontale,3,2,2,0,1,1,1,0,1,80,2,2,1,0,1,0,43.0,,deux_roues,,1,1,1,1,1
201900008564,2019-06-14 20:45:00,2019,6,14,20,45,37,37156,Rue des Rocheroux,47.392816,0.893237,Plein jour,Hors agglomération,Hors intersection,Normale,Sans collision,4,2,2,0,1,2,1,0,3,80,1,1,0,0,1,0,56.0,,deux_roues,,1,1,1,1,7
201900008565,2019-06-02 04:45:00,2019,6,2,4,45,37,37156,D140,47.3679067,0.8311123,Crépuscule ou aube,Hors agglomération,Giratoire,Normale,Sans collision,3,2,2,0,1,1,1,5,1,80,1,2,0,0,1,1,19.0,,voiture,,2,1,6,1,7
201900008566,2019-05-31 09:45:00,2019,5,31,9,45,37,37270,DÉPARTEMENTALE 46,47.4212455,0.8425577,Plein jour,Hors agglomération,Hors intersection,Normale,Deux véhicules - côté,3,2,2,0,1,1,1,0,1,70,2,3,1,0,1,1,22.0,25.0,utilitaire_camion,deux_roues,1,1,1,1,3
201900008567,2019-06-07 16:53:00,2019,6,7,16,53,37,37002,les landes,47.466851,0.41922,Plein jour,Hors agglomération,Hors intersection,Pluie légère,Autre collision,3,2,2,0,1,1,2,0,3,80,1,1,0,1,0,0,30.0,,voiture,,1,1,1,2,6
201900008568,2019-05-30 18:15:00,2019,5,30,18,15,30,30003,RD 62,43.560128,4.152263,Plein jour,Hors agglomération,Giratoire,Normale,Deux véhicules - arrière,3,1,4,0,1,3,1,5,1,90,2,3,1,0,0,2,66.0,34.0,voiture,voiture,1,1,6,1,2
201900008569,2019-06-16 18:00:00,2019,6,16,18,0,30,30341,D6572,43.692564,4.274875,Plein jour,Hors agglomération,Hors intersection,Normale,Deux véhicules - côté,3,2,2,0,1,1,1,0,1,80,2,3,1,0,2,0,54.0,40.0,deux_roues,voiture,1,1,1,1,3
201900008570,2019-06-07 17:30:00,2019,6,7,17,30,30,30033,Rue de la Chicanette,43.719706,4.31893,Plein jour,En agglomération,Hors intersection,Pluie légère,Autre collision,3,2,2,0,1,1,2,0,1,50,1,2,1,0,0,1,36.0,,voiture,,1,2,1,2,6
201900008571,2019-06-14 14:20:00,2019,6,14,14,20,30,30017,d999,43.974344,3.461861,Plein jour,Hors agglomération,Hors intersection,Normale,Autre collision,3,2,2,0,2,3,1,0,3,80,1,1,0,0,0,1,55.0,,voiture,,1,1,1,1,6
201900008572,2019-06-17 14:45:00,2019,6,17,14,45,30,30166,D 264,43.890837,4.562685,Plein jour,Hors agglomération,Hors intersection,Normale,Deux véhicules - frontale,3,2,2,0,1,3,1,0,1,80,2,2,0,0,1,1,52.0,28.0,voiture,voiture,1,1,1,1,1
201900008573,2019-06-02 20:30:00,2019,6,2,20,30,30,30089,rd 968 L,43.851997,4.605543,Nuit avec éclairage non allumé,En agglomération,Hors intersection,Normale,Autre collision,3,2,2,0,1,2,1,0,4,50,1,2,1,0,1,0,36.0,,voiture,,4,2,1,1,6
201900008574,2019-06-19 20:55:00,2019,6,19,20,55,30,30177,Route d'Uzès,44.091927,4.184664,Plein jour,Hors agglomération,Hors intersection,Normale,Autre collision,3,2,2,0,2,1,1,0,3,80,1,1,0,0,1,0,53.0,,utilitaire_camion,,1,1,1,1,6
201900008575,2019-06-08 09:35:00,2019,6,8,9,35,30,30227,Chemin des 4 Vents,44.244267,4.183114,Plein jour,Hors agglomération,Hors intersection,Normale,Deux véhicules - arrière,3,2,2,0,3,1,1,0,1,80,2,2,1,0,1,0,69.0,33.0,voiture,deux_roues,1,1,1,1,2
201900008576,2019-06-05 15:50:00,2019,6,5,15,50,30,30223,ROUTE DÉPARTEMENTALE 16,44.177579,4.151198,Plein jour,En agglomération,Intersection en T,Normale,Autre collision,3,2,2,0,2,1,1,0,1,50,2,2,1,0,1,0,67.0,55.0,voiture,voiture,1,2,3,1,6
201900008577,2019-06-06 12:55:00,2019,6,6,12,55,30,30269,DEPARTEMENTAE 907,44.104125,3.885608,Plein jour,Hors agglomération,Hors intersection,Normale,Sans collision,3,2,2,0,1,2,1,0,1,80,1,1,0,0,1,0,90.0,,voiture,,1,1,1,1,7
201900008578,2019-06-18 18:41:00,2019,6,18,18,41,48,48140,Pradels,44.789189,3.285864,Plein jour,Hors agglomération,Intersection en Y,Normale,Sans collision,3,2,2,0,2,4,1,5,1,70,1,1,0,0,0,1,17.0,,deux_roues,,1,1,4,1,7
201900008579,2019-06-10 15:20:00,2019,6,10,15,20,48,48009,Beauregard (Fau-de-Peyre),44.719155,3.215226,Plein jour,Hors agglomération,Hors intersection,Temps couvert,Autre collision,4,2,2,0,4,1,1,0,8,-1,1,1,0,0,0,1,82.0,,voiture,,1,1,1,8,6
201900008580,2019-06-16 02:15:00,2019,6,16,2,15,48,48091,D 52,44.623309,3.069978,Nuit sans éclairage public,Hors agglomération,Hors intersection,Brouillard / fumée,Sans collision,3,2,2,0,1,4,9,2,3,80,1,2,0,0,2,0,38.0,,voiture,,3,1,1,5,7
201900008581,2019-06-16 07:30:00,2019,6,16,7,30,48,48100,Pr 25+050,44.590342,3.698926,Plein jour,Hors agglomération,Hors intersection,Normale,Autre collision,3,2,2,0,1,3,1,0,8,80,1,1,0,0,1,0,46.0,,voiture,,1,1,1,1,6
201900008582,2019-06-03 17:35:00,2019,6,3,17,35,8,08116,RD 977 PK 027 +300,49.514645,4.769366,Plein jour,En agglomération,Hors intersection,Normale,Autre collision,3,2,2,0,1,1,1,0,4,50,1,1,0,0,0,1,28.0,,voiture,,1,2,1,1,6
201900008583,2019-06-02 00:50:00,2019,6,2,0,50,8,08220,PK 2+244 CD 980,49.303086,4.399485,Nuit sans éclairage public,Hors agglomération,Hors intersection,Normale,Autre collision,3,2,2,0,1,1,1,0,3,80,1,1,0,1,0,0,23.0,,voiture,,3,1,1,1,6
201900008584,2019-06-02 14:40:00,2019,6,2,14,40,8,08122,RD8051,50.122116,4.792937,Plein jour,Hors agglomération,Intersection en X,Normale,Deux véhicules - côté,3,2,2,3,2,1,1,0,1,80,2,2,0,1,1,0,14.0,40.0,deux_roues,deux_roues,1,1,2,1,3
201900008585,2019-06-03 14:10:00,2019,6,3,14,10,88,88438,14 Route de Rambervillers,48.324681,6.822523,Plein jour,En agglomération,Hors intersection,Temps éblouissant,Autre collision,3,2,2,0,2,1,1,0,8,50,1,1,0,0,1,0,58.0,,voiture,,1,2,1,7,6
201900008586,2019-05-31 16:50:00,2019,5,31,16,50,88,88032,rue de la petite cote,48.250161,7.063004,Plein jour,Hors agglomération,Hors intersection,Normale,Sans collision,3,2,2,0,1,2,1,0,1,80,1,1,0,0,1,0,56.0,,deux_roues,,1,1,1,1,7
201900008587,2019-06-01 23:40:00,2019,6,1,23,40,88,88237,RD6,48.228195,6.294881,Nuit sans éclairage public,Hors agglomération,Hors intersection,Normale,Deux véhicules - frontale,3,2,2,0,1,1,1,0,1,80,2,4,2,1,0,1,52.0,35.0,voiture,voiture,3,1,1,1,1
201900008588,2019-06-09 15:40:00,2019,6,9,15,40,88,88327,30 Rue de l'Église,48.306526,6.384446,Plein jour,En agglomération,Hors intersection,Normale,Deux véhicules - côté,3,2,2,0,1,1,1,0,1,50,2,2,1,0,1,0,53.0,21.0,deux_roues,voiture,1,2,1,1,3
201900008589,2019-05-31 14:43:00,2019,5,31,14,43,88,88465,6 Avenue Pierre de Coubertin (Thaon-les-Vosges),48.248761,6.427705,Plein jour,En agglomération,Hors intersection,Normale,Deux véhicules - frontale,9,2,2,0,1,3,1,0,1,50,2,2,1,0,1,0,20.0,80.0,voiture,voiture,1,2,1,1,1
201900008590,2019-06-19 09:05:00,2019,6,19,9,5,68,68252,Rue des 7 Nains - Intersection rue Malbrought,48.160021,7.369799,Plein jour,En agglomération,Intersection en X,Normale,Deux véhicules - frontale,4,2,2,0,1,1,1,0,1,50,2,2,1,0,1,0,19.0,32.0,deux_roues,voiture,1,2,2,1,1
201900008591,2019-06-07 21:00:00,2019,6,7,21,0,68,68375,2 Allée de la doller,47.813643,7.239598,Crépuscule ou aube,En agglomération,Hors intersection,Normale,Autre collision,4,2,2,0,1,1,1,0,1,30,1,2,1,0,1,0,23.0,,voiture,,2,2,1,1,6
201900008592,2019-04-20 19:30:00,2019,4,20,19,30,95,95039,46 rue de pontoise,49.069554,2.138471,Crépuscule ou aube,En agglomération,Hors intersection,Normale,Deux véhicules - arrière,3,2,2,0,1,1,1,0,1,50,2,1,0,0,0,1,11.0,,deux_roues,,2,2,1,1,2
201900008593,2019-06-12 20:48:00,2019,6,12,20,48,33,33420,RD670E5,44.861936,-0.132115,Plein jour,Hors agglomération,Hors intersection,Normale,Deux véhicules - frontale,3,2,2,0,1,1,1,0,1,80,2,2,0,1,0,1,26.0,40.0,utilitaire_camion,voiture,1,1,1,1,1
201900008594,2019-06-12 11:45:00,2019,6,12,11,45,33,33052,A89,44.96411,-0.24027,Plein jour,Hors agglomération,Hors intersection,Pluie forte,Deux véhicules - arrière,1,3,4,0,1,1,2,0,1,130,2,4,1,0,0,3,29.0,21.0,voiture,voiture,1,1,1,3,2
201900008595,2019-06-07 16:45:00,2019,6,7,16,45,33,33261,RD121/RD122,44.981767,-0.090766,Plein jour,Hors agglomération,Intersection en X,Normale,Deux véhicules - côté,3,2,2,0,1,1,1,5,8,80,2,2,1,0,1,0,39.0,25.0,utilitaire_camion,deux_roues,1,1,2,1,3
201900008596,2019-06-15 13:50:00,2019,6,15,13,50,78,78356,Route Départementale 91,48.742996,2.019859,Plein jour,Hors agglomération,Hors intersection,Normale,Autre collision,3,2,2,0,2,3,8,9,4,50,1,1,0,0,1,0,20.0,,deux_roues,,1,1,1,1,6