accident_id,datetime,annee,mois,jour,heure,minute,departement,commune_insee,adresse,latitude,longitude,luminosite,agglomeration,intersection,meteo,collision,catr,circ,nbv,vosp,prof,plan,surf,infra,situ,vma,nb_vehicules,nb_usagers,nb_indemnes,nb_tues,nb_blesses_hosp,nb_blesses_legers,age_cond_1,age_cond_2,veh_type_cond_1,veh_type_cond_2,lum_code,agg_code,int_code,atm_code,col_code
201900008597,2019-06-16 06:30:00,2019,6,16,6,30,68,68234,A35 PK 79-500,47.951923,7.366607,Crépuscule ou aube,Hors agglomération,Hors intersection,Pluie légère,Autre collision,1,3,4,0,1,1,2,0,2,130,1,2,0,0,0,2,25.0,,voiture,,2,1,1,2,6
201900008598,2019-06-09 01:40:00,2019,6,9,1,40,973,97307,RN 2 PK 01,4.884054,-52.335801,Nuit avec éclairage allumé,En agglomération,Intersection en X,Normale,Deux véhicules - arrière,2,2,2,0,1,1,1,0,1,50,2,3,1,0,1,1,29.0,28.0,deux_roues,voiture,5,2,2,1,2
201900008599,2019-06-02 01:00:00,2019,6,2,1,0,973,97307,Route de Rochambeau,4.836102,-52.345474,Nuit sans éclairage public,Hors agglomération,Hors intersection,Pluie forte,Deux véhicules - frontale,3,2,2,0,1,1,2,0,1,80,2,8,4,0,1,3,27.0,35.0,utilitaire_camion,voiture,3,1,1,3,1
201900008600,2019-05-05 00:15:00,2019,5,5,0,15,24,24461,Pourcaud,44.935927,0.182713,Nuit sans éclairage public,Hors agglomération,Hors intersection,Normale,Sans collision,3,2,2,0,2,1,1,0,3,80,1,1,0,1,0,0,23.0,,voiture,,3,1,1,1,7
201900008601,2019-06-04 05:45:00,2019,6,4,5,45,45,45332,AUTOROUTE 77 - PK 039+600,47.894116,2.682135,Crépuscule ou aube,Hors agglomération,Hors intersection,Normale,Sans collision,1,3,4,0,1,1,1,0,3,130,1,1,0,0,1,0,51.0,,voiture,,2,1,1,1,7
201900008602,2019-06-07 06:50:00,2019,6,7,6,50,80,80724,AUTOROUTE A29 PK 183,49.850059,2.232998,Plein jour,Hors agglomération,Hors intersection,Normale,Autre collision,1,1,2,0,1,1,1,0,1,130,1,1,0,0,1,0,39.0,,voiture,,1,1,1,1,6
201900008603,2019-05-28 10:00:00,2019,5,28,10,0,67,67506,CD263,48.658095,7.721606,Plein jour,En agglomération,Hors intersection,Temps éblouissant,Sans collision,7,2,2,0,1,1,1,9,3,50,1,1,0,0,1,0,37.0,,deux_roues,,1,2,1,7,7
201900008604,2019-06-03 07:50:00,2019,6,3,7,50,40,40152,A63 PK 108+200,43.940857,-1.086319,Plein jour,Hors agglomération,Hors intersection,Normale,Deux véhicules - arrière,1,3,3,0,1,1,1,0,1,130,2,3,2,0,1,0,44.0,66.0,utilitaire_camion,voiture,1,1,1,1,2
201900008605,2019-06-07 13:37:00,2019,6,7,13,37,3,03021,,46.1163761,3.1265185,Plein jour,Hors agglomération,Hors intersection,Normale,Autre collision,1,3,4,0,2,1,2,0,1,130,1,1,0,0,0,1,69.0,,voiture,,1,1,1,1,6
201900008606,2019-06-15 11:30:00,2019,6,15,11,30,13,13051,D19,43.592245,5.127045,Plein jour,Hors agglomération,Hors intersection,Normale,Autre collision,3,2,2,0,1,3,1,0,1,80,2,2,0,0,1,1,74.0,20.0,voiture,voiture,1,1,1,1,6
201900008607,2019-06-06 17:39:00,2019,6,6,17,39,13,13069,D15,43.625444,5.149098,Plein jour,Hors agglomération,Hors intersection,Normale,Autre collision,3,2,2,0,1,3,1,0,3,80,1,1,0,0,1,0,42.0,,deux_roues,,1,1,1,1,6
201900008608,2019-06-05 09:30:00,2019,6,5,9,30,1,01067,A40,46.1166955,5.4910665,Plein jour,Hors agglomération,Hors intersection,Normale,Sans collision,1,1,4,3,2,1,1,0,3,110,1,1,0,0,0,1,61.0,,voiture,,1,1,1,1,7
201900008609,2019-06-14 20:15:00,2019,6,14,20,15,34,34337,D185,43.539491,3.888655,Plein jour,Hors agglomération,Hors intersection,Normale,Sans collision,9,-1,2,1,1,1,1,0,5,80,1,2,1,0,1,0,20.0,,deux_roues,,1,1,1,1,7
201900008610,2019-06-13 13:45:00,2019,6,13,13,45,88,88095,A31 PK187+600 vers NANCY,48.313291,5.854676,Plein jour,Hors agglomération,Hors intersection,Normale,Deux véhicules - arrière,1,3,4,0,1,1,1,0,1,130,2,3,1,0,1,1,49.0,67.0,utilitaire_camion,voiture,1,1,1,1,2
201900008611,2019-06-10 07:00:00,2019,6,10,7,0,88,88390,A.31 PK 162+300 vers Nancy,48.148958,5.690052,Crépuscule ou aube,Hors agglomération,Hors intersection,Normale,Sans collision,1,3,4,0,1,1,1,0,1,130,1,2,0,0,2,0,68.0,,voiture,,2,1,1,1,7
201900008612,2019-05-31 11:50:00,2019,5,31,11,50,35,35210,Avenue Pinault,48.14787,-1.782427,Plein jour,En agglomération,Autre intersection,Normale,Autre collision,4,2,2,0,1,1,1,0,4,50,1,2,1,0,0,1,29.0,,deux_roues,,1,2,9,1,6
201900008613,2019-06-09 17:20:00,2019,6,9,17,20,9,09020,RD 16,42.721756,2.07788,Plein jour,Hors agglomération,Hors intersection,Normale,Autre collision,3,2,2,0,2,3,1,0,3,80,1,1,0,0,1,0,58.0,,deux_roues,,1,1,1,1,6
201900008614,2019-06-01 19:00:00,2019,6,1,19,0,9,09020,Pk 22+620,42.722182,2.078032,Plein jour,Hors agglomération,Hors intersection,Normale,Sans collision,3,2,2,0,1,3,9,0,1,80,1,1,0,0,0,1,49.0,,deux_roues,,1,1,1,1,7
201900008615,2019-06-09 11:55:00,2019,6,9,11,55,95,95430,RN 1,49.070219,2.325567,Plein jour,Hors agglomération,Hors intersection,Normale,Deux véhicules - arrière,2,3,4,0,1,1,1,0,1,70,2,2,1,0,1,0,44.0,47.0,voiture,deux_roues,1,1,1,1,2
201900008616,2019-06-02 10:05:00,2019,6,2,10,5,95,95678,RN 184,49.073115,2.235337,Plein jour,Hors agglomération,Hors intersection,Normale,Autre collision,2,1,2,0,2,1,1,3,1,110,1,6,4,0,2,0,32.0,,voiture,,1,1,1,1,6
201900008617,2019-06-16 20:25:00,2019,6,16,20,25,1,01038,Autoroute A 39,46.3079326,5.2583854,Plein jour,Hors agglomération,Hors intersection,Normale,Deux véhicules - arrière,1,1,2,0,1,1,1,0,1,130,2,8,4,0,4,0,49.0,39.0,voiture,utilitaire_camion,1,1,1,1,2
201900008618,2019-06-01 11:19:00,2019,6,1,11,19,1,01069,A.40-PK 152+100,46.1105861,5.2919763,Plein jour,Hors agglomération,Hors intersection,Normale,Autre collision,1,3,5,0,1,1,1,0,1,130,1,2,1,0,0,1,26.0,,voiture,,1,1,1,1,6
201900008619,2019-06-11 11:20:00,2019,6,11,11,20,69,69044,place sainte luce,45.7806985,4.7400266,Plein jour,En agglomération,Hors intersection,Normale,Autre collision,4,2,2,0,1,1,1,0,3,50,1,2,1,0,1,0,90.0,,voiture,,1,2,1,1,6
201900008620,2019-06-18 17:40:00,2019,6,18,17,40,6,06152,Route de Biot,43.642483,7.035201,Plein jour,En agglomération,Autre intersection,Normale,Deux véhicules - côté,3,2,2,0,3,1,1,0,1,50,2,2,1,0,1,0,58.0,61.0,deux_roues,voiture,1,2,9,1,3
201900008621,2019-06-11 11:00:00,2019,6,11,11,0,6,06018,chemin de la romaine,43.628334,7.094528,Plein jour,En agglomération,Hors intersection,Normale,Deux véhicules - côté,3,2,2,0,1,1,1,0,1,-1,2,2,1,0,1,0,34.0,39.0,utilitaire_camion,deux_roues,1,2,1,1,3
201900008622,2019-06-14 09:00:00,2019,6,14,9,0,69,69299,Autoroute A432,45.710765,5.099214,Plein jour,Hors agglomération,Hors intersection,Pluie légère,Deux véhicules - arrière,1,3,4,0,1,1,2,0,1,130,2,2,1,0,0,1,24.0,49.0,utilitaire_camion,utilitaire_camion,1,1,1,2,2
201900008623,2019-06-06 16:30:00,2019,6,6,16,30,1,01290,A42,45.860758,5.181118,Plein jour,Hors agglomération,Autre intersection,Normale,Deux véhicules - arrière,1,1,5,0,1,1,1,7,1,50,2,2,1,0,0,1,52.0,24.0,deux_roues,voiture,1,1,9,1,2
201900008624,2019-06-17 12:50:00,2019,6,17,12,50,74,74219,Route Départemenale 241,45.837393,6.097525,Plein jour,Hors agglomération,Hors intersection,Normale,Autre collision,3,2,2,0,2,2,1,0,3,80,1,3,2,0,1,0,18.0,,voiture,,1,1,1,1,6
201900008625,2019-05-30 10:50:00,2019,5,30,10,50,6,06085,Avenue de Tournamy,43.597489,6.986496,Plein jour,En agglomération,Hors intersection,Normale,Autre collision,4,1,1,0,1,1,1,0,1,50,1,2,1,0,1,0,67.0,,voiture,,1,2,1,1,6
201900008626,2019-06-11 05:38:00,2019,6,11,5,38,68,68301,AUTOROUTE A35 - PK 111+600,47.685226,7.454114,Crépuscule ou aube,Hors agglomération,Hors intersection,Pluie légère,Deux véhicules - arrière,1,3,4,0,1,1,2,0,1,130,2,1,0,0,0,1,53.0,,voiture,,2,1,1,2,2
201900008627,2019-06-04 04:30:00,2019,6,4,4,30,68,68300,Autoroute A36 bretelle d'insetion 21,47.785756,7.416375,Crépuscule ou aube,Hors agglomération,Hors intersection,Normale,Sans collision,1,3,4,0,2,2,1,3,3,90,1,1,0,0,0,1,32.0,,voiture,,2,1,1,1,7
201900008628,2019-06-14 14:15:00,2019,6,14,14,15,69,69086,autoroute A89,45.8433205,4.6743661,Plein jour,Hors agglomération,Hors intersection,Temps couvert,Autre collision,1,3,4,0,2,2,2,0,2,110,1,1,0,0,0,1,28.0,,voiture,,1,1,1,8,6
201900008629,2019-06-10 19:30:00,2019,6,10,19,30,69,69086,A89,45.835978,4.65168,Plein jour,Hors agglomération,Hors intersection,Pluie légère,Autre collision,1,1,1,0,1,2,2,0,3,50,1,1,0,0,0,1,21.0,,voiture,,1,1,1,2,6
201900008630,2019-06-20 14:20:00,2019,6,20,14,20,31,31220,a 66,43.293388,1.678522,Plein jour,Hors agglomération,Hors intersection,Normale,Sans collision,1,3,4,0,1,1,1,0,3,130,1,3,0,0,0,3,19.0,,voiture,,1,1,1,1,7
201900008631,2019-06-17 16:56:00,2019,6,17,16,56,31,31451,d622,43.457915,2.003297,Plein jour,En agglomération,Giratoire,Normale,Deux véhicules - côté,3,2,2,0,1,3,1,0,1,50,2,2,1,0,1,0,61.0,48.0,deux_roues,utilitaire_camion,1,2,6,1,3
201900008632,2019-06-03 09:41:00,2019,6,3,9,41,55,55122,RD 958,48.763722,5.597634,Plein jour,En agglomération,Intersection en T,Normale,Deux véhicules - côté,3,2,2,0,2,1,1,5,1,50,2,4,3,0,1,0,32.0,21.0,utilitaire_camion,voiture,1,2,3,1,3
201900008633,2019-06-12 01:45:00,2019,6,12,1,45,72,72080,Autoroute A11 PK 134.500,48.171818,0.657644,Nuit sans éclairage public,Hors agglomération,Hors intersection,Normale,Autre collision,1,3,3,0,1,1,1,0,1,130,3,4,2,0,1,1,36.0,46.0,voiture,utilitaire_camion,3,1,1,1,6
201900008634,2019-06-04 02:15:00,2019,6,4,2,15,47,47046,A62- PK 82.525. SENS TOULOUSE /BORDEAUX,44.370222,0.23918,Nuit avec éclairage non allumé,Hors agglomération,Hors intersection,Normale,Autre collision,1,3,4,3,1,1,1,9,1,90,1,1,0,0,0,1,20.0,,utilitaire_camion,,4,1,1,1,6
201900008635,2019-06-06 00:10:00,2019,6,6,0,10,74,74081,992 Avenue des Glières,46.072239,6.568225,Nuit avec éclairage allumé,En agglomération,Hors intersection,Pluie légère,Autre collision,3,2,2,0,1,1,2,0,3,50,1,1,0,0,1,0,19.0,,voiture,,5,2,1,2,6
201900008636,2019-05-22 11:15:00,2019,5,22,11,15,74,74081,place du Crétet,46.056974,6.580741,Plein jour,En agglomération,Hors intersection,Normale,Autre collision,3,2,2,0,1,3,1,0,1,50,1,2,1,0,0,1,38.0,,voiture,,1,2,1,1,6
201900008637,2019-06-20 08:05:00,2019,6,20,8,5,66,66172,28 Avenue Général de Gaulle,42.708368,2.842608,Plein jour,En agglomération,Hors intersection,Normale,Deux véhicules - côté,4,2,2,0,1,1,1,0,4,-1,2,2,1,0,1,0,52.0,27.0,voiture,deux_roues,1,2,1,1,3
201900008638,2019-06-12 17:05:00,2019,6,12,17,5,6,06161,A8 chaussée Sud direction Nice,43.627528,7.116433,Plein jour,Hors agglomération,Hors intersection,Normale,Deux véhicules - côté,1,3,3,0,1,1,1,0,1,110,2,2,1,0,1,0,21.0,88.0,deux_roues,voiture,1,1,1,1,3
201900008639,2019-06-08 15:00:00,2019,6,8,15,0,13,13001,Autoroute A8 13090,43.512668,5.466055,Plein jour,Hors agglomération,Hors intersection,Normale,Deux véhicules - côté,1,1,3,0,1,1,1,0,1,110,2,2,1,0,0,1,64.0,26.0,utilitaire_camion,utilitaire_camion,1,1,1,1,3
201900008640,2019-06-06 08:30:00,2019,6,6,8,30,13,13109,autoroute A8,43.509587,5.498607,Plein jour,Hors agglomération,Hors intersection,Normale,Deux véhicules - arrière,1,1,5,0,1,1,1,0,8,130,2,2,0,0,0,2,25.0,23.0,utilitaire_camion,voiture,1,1,1,1,2
201900008641,2019-06-02 13:20:00,2019,6,2,13,20,13,13025,Autoroute A8 PK 28+700 Sens LYON - NICE,43.483219,5.538539,Plein jour,Hors agglomération,Hors intersection,Normale,Deux véhicules - côté,1,3,5,0,1,1,1,7,1,110,2,2,1,0,1,0,66.0,20.0,deux_roues,voiture,1,1,1,1,3
201900008642,2019-06-09 17:35:00,2019,6,9,17,35,6,06088,A8 - pk 186+400 sud,43.671446,7.201456,Plein jour,Hors agglomération,Hors intersection,Normale,Deux véhicules - arrière,1,1,4,0,1,2,1,0,1,90,2,3,1,0,1,1,48.0,26.0,voiture,voiture,1,1,1,1,2
201900008643,2019-06-02 01:00:00,2019,6,2,1,0,6,06113,"Autoroute A8 Pk 219+150, chaussée sud",43.7926951,7.4752589,Nuit avec éclairage allumé,Hors agglomération,Hors intersection,Normale,Autre collision,1,3,2,0,1,1,1,1,1,110,2,3,0,1,0,2,34.0,41.0,voiture,voiture,5,1,1,1,6
201900008644,2019-06-15 21:00:00,2019,6,15,21,0,2,02168,"AUTOROUTE A4, sens PARIS-REIMS au PK084+600",49.07774,3.386566,Plein jour,Hors agglomération,Hors intersection,Normale,Deux véhicules - côté,1,3,4,0,1,1,1,0,1,130,2,7,4,1,0,2,40.0,22.0,voiture,voiture,1,1,1,1,3
201900008645,2019-06-09 16:36:00,2019,6,9,16,36,976,97603,Sakouli RN3,-12.9116833,45.1928884,Plein jour,Hors agglomération,Hors intersection,Normale,Sans collision,2,2,2,0,1,3,1,0,3,70,1,1,0,1,0,0,31.0,,deux_roues,,1,1,1,1,7
201900008646,2019-06-07 00:00:00,2019,6,7,0,0,976,97606,CD 5 M RAMADOUDOU,-12.931529,45.15242,Nuit avec éclairage allumé,En agglomération,Hors intersection,Normale,Sans collision,3,2,2,0,1,1,1,0,3,-1,1,4,3,0,1,0,22.0,,voiture,,5,2,1,1,7
201900008647,2019-06-17 18:05:00,2019,6,17,18,5,37,37045,RD 750,47.021684,0.609442,Plein jour,Hors agglomération,Intersection en X,Normale,Deux véhicules - côté,3,2,2,0,1,1,1,9,1,80,2,2,1,0,0,1,51.0,35.0,utilitaire_camion,utilitaire_camion,1,1,2,1,3
201900008648,2019-06-03 16:43:00,2019,6,3,16,43,37,37049,d 943,47.155339,0.9962633,Plein jour,Hors agglomération,Hors intersection,Normale,Deux véhicules - frontale,3,2,2,0,1,1,1,0,1,80,2,2,1,0,1,0,53.0,45.0,utilitaire_camion,utilitaire_camion,1,1,1,1,1
201900008649,2019-06-03 19:35:00,2019,6,3,19,35,17,17038,RN 10,45.19849,-0.30545,Plein jour,Hors agglomération,Hors intersection,Normale,Sans collision,2,3,4,0,1,1,1,0,1,80,1,2,0,0,1,1,22.0,,utilitaire_camion,,1,1,1,1,7
201900008650,2019-06-18 23:20:00,2019,6,18,23,20,57,57227,Autoroute A320 au point kilometrique 10.500,49.187631,6.921404,Nuit sans éclairage public,Hors agglomération,Hors intersection,Normale,Autre collision,1,3,4,0,1,1,1,0,1,110,1,2,1,0,1,0,51.0,,voiture,,3,1,1,1,6
201900008651,2019-06-02 13:00:00,2019,6,2,13,0,38,38005,D 526,45.12721,6.03571,Plein jour,En agglomération,Hors intersection,Normale,Autre collision,3,2,2,0,1,1,1,0,3,50,1,1,0,0,1,0,32.0,,deux_roues,,1,2,1,1,6
201900008652,2019-06-01 10:15:00,2019,6,1,10,15,38,38237,Route départementale 1091,45.050063,6.141986,Plein jour,Hors agglomération,Hors intersection,Normale,Deux véhicules - frontale,3,2,2,0,1,2,1,0,1,80,2,1,0,0,0,1,52.0,,deux_roues,,1,1,1,1,1
201900008653,2019-06-01 17:00:00,2019,6,1,17,0,38,38052,Route Départementale 1091,45.054993,6.02912,Plein jour,Hors agglomération,Hors intersection,Normale,Sans collision,3,2,2,0,2,1,1,0,1,80,1,1,0,0,0,1,34.0,,deux_roues,,1,1,1,1,7
201900008654,2019-06-03 14:55:00,2019,6,3,14,55,7,07152,,45.046001,4.829995,Plein jour,Hors agglomération,Giratoire,Normale,Trois véhicules et plus - collisions multiples,3,2,2,0,1,2,1,0,1,50,3,3,2,0,0,1,36.0,60.0,utilitaire_camion,autre,1,1,6,1,5
201900008655,2019-06-15 14:20:00,2019,6,15,14,20,91,91085,Avenue de Paris,48.554065,2.221261,Plein jour,Hors agglomération,Hors intersection,Normale,Deux véhicules - côté,2,3,4,0,1,1,1,0,1,90,2,2,1,0,1,0,81.0,38.0,voiture,utilitaire_camion,1,1,1,1,3
201900008656,2019-06-19 14:25:00,2019,6,19,14,25,51,51418,A4,49.238063,3.9692199,Plein jour,Hors agglomération,Hors intersection,Normale,Deux véhicules - côté,1,3,3,0,1,1,1,0,1,110,2,3,1,0,2,0,46.0,28.0,voiture,utilitaire_camion,1,1,1,1,3
201900008657,2019-06-02 14:30:00,2019,6,2,14,30,51,51183,A26,49.3178088,3.9881893,Plein jour,Hors agglomération,Hors intersection,Normale,Sans collision,1,3,4,0,1,2,1,0,1,130,1,1,0,0,0,1,60.0,,deux_roues,,1,1,1,1,7
201900008658,2019-05-31 17:00:00,2019,5,31,17,0,64,64483,A63 PK190+300,43.4123734,-1.6153971,Plein jour,Hors agglomération,Hors intersection,Normale,Sans collision,1,3,5,0,2,1,1,0,1,130,1,1,0,0,0,1,21.0,,voiture,,1,1,1,1,7
201900008659,2019-05-31 15:00:00,2019,5,31,15,0,64,64407,A 64 PK4,43.4571903,-1.4174697,Plein jour,Hors agglomération,Hors intersection,Normale,Deux véhicules - côté,1,3,2,0,2,3,1,0,1,110,2,2,1,0,0,1,58.0,56.0,utilitaire_camion,voiture,1,1,1,1,3
201900008660,2019-06-17 13:30:00,2019,6,17,13,30,34,34032,autoroute A9 pk 157 sens 2,43.344654,3.320181,Plein jour,Hors agglomération,Hors intersection,Normale,Autre collision,1,3,3,0,1,1,1,0,2,130,1,2,0,1,1,0,72.0,,voiture,,1,1,1,1,6
201900008661,2019-06-17 08:10:00,2019,6,17,8,10,34,34154,autoroute A 709,43.6194832,3.9523208,Plein jour,Hors agglomération,Hors intersection,Normale,Trois véhicules et plus - en chaîne,1,1,4,0,1,1,1,0,1,90,3,3,2,0,0,1,27.0,57.0,voiture,voiture,1,1,1,1,4
201900008662,2019-06-04 17:55:00,2019,6,4,17,55,34,34135,A9 - PK 173.300,43.262669,3.171945,Plein jour,Hors agglomération,Hors intersection,Normale,Autre collision,1,3,5,0,1,1,1,0,1,130,1,1,0,0,0,1,22.0,,voiture,,1,1,1,1,6
201900008663,2019-06-02 16:45:00,2019,6,2,16,45,69,69043,Boulevard Philippe Reydllet,45.707906,4.747422,Plein jour,En agglomération,Giratoire,Normale,Deux véhicules - côté,4,2,1,2,2,1,1,0,1,50,2,2,1,0,0,1,13.0,35.0,deux_roues,voiture,1,2,6,1,3
201900008664,2019-06-17 08:30:00,2019,6,17,8,30,22,22158,Rn 164 PR 63+190,48.216273,-3.00391,Plein jour,Hors agglomération,Hors intersection,Normale,Deux véhicules - frontale,2,2,2,0,2,2,1,0,1,80,2,2,0,1,0,1,60.0,19.0,utilitaire_camion,voiture,1,1,1,1,1
201900008665,2019-06-14 17:10:00,2019,6,14,17,10,21,21263,a311 sens Beaue/Djon,47.245264,5.02842,Plein jour,Hors agglomération,Hors intersection,Normale,Autre collision,1,3,4,0,1,1,2,0,3,110,1,2,1,0,1,0,30.0,,voiture,,1,1,1,1,6
201900008666,2019-06-16 07:25:00,2019,6,16,7,25,28,28311,A10 PK 64+100,48.213156,1.847253,Crépuscule ou aube,Hors agglomération,Hors intersection,Normale,Autre collision,1,1,3,0,1,1,1,0,3,130,1,1,0,0,1,0,75.0,,voiture,,2,1,1,1,6
201900008667,2019-06-16 13:49:00,2019,6,16,13,49,28,28303,A10 PK 76,48.102436,1.851598,Plein jour,Hors agglomération,Hors intersection,Normale,Sans collision,1,3,5,0,1,1,1,0,3,130,1,2,0,0,2,0,27.0,,voiture,,1,1,1,1,7
201900008668,2019-06-03 05:12:00,2019,6,3,5,12,45,45006,A 71 PK 110+700,47.8011452,1.8506008,Crépuscule ou aube,Hors agglomération,Hors intersection,Normale,Sans collision,1,3,4,0,1,1,1,0,3,130,1,2,0,0,2,0,58.0,,voiture,,2,1,1,1,7
201900008669,2019-06-03 15:05:00,2019,6,3,15,5,28,28199,autoroute A10,48.1970338,1.851563,Plein jour,Hors agglomération,Hors intersection,Normale,Autre collision,1,3,3,0,1,1,1,0,3,130,1,1,0,1,0,0,71.0,,voiture,,1,1,1,1,6
201900008670,2019-06-17 04:30:00,2019,6,17,4,30,11,11262,pk 187.730,43.179519,3.04148,Nuit sans éclairage public,Hors agglomération,Hors intersection,Normale,Trois véhicules et plus - en chaîne,1,-1,5,0,1,1,1,0,1,130,3,3,2,1,0,0,54.0,29.0,utilitaire_camion,utilitaire_camion,3,1,1,1,4
201900008671,2019-06-13 16:35:00,2019,6,13,16,35,30,30189,Autoroute A9 la Catalane,43.806531,4.334546,Plein jour,Hors agglomération,Hors intersection,Normale,Trois véhicules et plus - collisions multiples,1,3,5,0,1,1,1,0,1,130,6,7,1,2,1,3,32.0,24.0,voiture,utilitaire_camion,1,1,1,1,5
201900008672,2019-06-07 17:55:00,2019,6,7,17,55,34,34340,Autoroute A9 - PK 76+800,43.733665,4.139266,Plein jour,Hors agglomération,Hors intersection,Normale,Deux véhicules - arrière,1,3,5,0,1,1,1,0,1,130,2,2,1,0,0,1,25.0,59.0,voiture,deux_roues,1,1,1,1,2
201900008673,2019-06-10 15:40:00,2019,6,10,15,40,971,97103,Route de Calvaire Chapelle,16.233765,-61.631594,Plein jour,Hors agglomération,Hors intersection,Normale,Sans collision,4,2,2,0,2,4,1,0,8,80,1,2,0,0,1,1,27.0,,deux_roues,,1,1,1,1,7
201900008674,2019-05-13 15:30:00,2019,5,13,15,30,971,97103,ZAC DE BEAUSOLEIL,16.249608,-61.591855,Plein jour,Hors agglomération,Hors intersection,Normale,Deux véhicules - côté,2,2,3,0,2,1,1,0,1,80,2,3,2,0,1,0,28.0,52.0,deux_roues,voiture,1,1,1,1,3
201900008675,2019-06-07 16:05:00,2019,6,7,16,5,74,74264,Bretelle d'accès A 40 numéro 18,46.0680334,6.555357,Plein jour,Hors agglomération,Hors intersection,Normale,Deux véhicules - frontale,1,3,4,0,1,3,1,3,1,70,2,2,1,0,0,1,31.0,47.0,utilitaire_camion,voiture,1,1,1,1,1
201900008676,2019-06-01 16:30:00,2019,6,1,16,30,74,74159,autoroute A40,46.028906,6.614473,Plein jour,Hors agglomération,Hors intersection,Normale,Autre collision,1,1,2,3,1,1,1,0,1,130,1,1,0,0,1,0,66.0,,voiture,,1,1,1,1,6
201900008677,2019-06-07 13:00:00,2019,6,7,13,0,976,97605,CCD16,-12.8209,45.113788,Plein jour,En agglomération,Hors intersection,Normale,Deux véhicules - frontale,3,-1,2,0,3,2,1,0,1,50,2,2,1,0,1,0,31.0,32.0,voiture,deux_roues,1,2,1,1,1
201900008678,2019-06-03 17:30:00,2019,6,3,17,30,95,95250,Avenue Debussy,49.0975578,2.508406,Plein jour,En agglomération,Hors intersection,Normale,Deux véhicules - frontale,4,2,2,0,2,1,1,0,1,30,2,3,2,0,0,1,28.0,10.0,voiture,deux_roues,1,2,1,1,1
201900008679,2019-06-12 15:59:00,2019,6,12,15,59,68,68118,Avenue du Général de Gaulle,47.729232,7.417957,Plein jour,En agglomération,Hors intersection,Normale,Autre collision,4,3,2,0,1,1,1,0,1,50,1,2,1,0,0,1,38.0,,voiture,,1,2,1,1,6
201900008680,2019-06-19 14:36:00,2019,6,19,14,36,38,38053,A 43,45.59753,5.27707,Plein jour,Hors agglomération,Hors intersection,Normale,Deux véhicules - côté,1,3,3,0,1,1,1,0,1,130,2,2,1,1,0,0,55.0,40.0,voiture,voiture,1,1,1,1,3
201900008681,2019-06-06 15:17:00,2019,6,6,15,17,38,38537,Autoroute 43 PK 022+500,45.636757,5.142649,Plein jour,Hors agglomération,Hors intersection,Normale,Deux véhicules - arrière,1,3,3,0,1,1,1,0,1,130,2,2,1,0,1,0,48.0,43.0,utilitaire_camion,voiture,1,1,1,1,2
201900008682,2019-06-04 17:12:00,2019,6,4,17,12,38,38530,"A43, Pk 027+000",45.627514,5.170969,Plein jour,Hors agglomération,Hors intersection,Normale,Deux véhicules - arrière,1,1,3,3,1,1,1,0,1,130,2,3,2,0,0,1,46.0,25.0,voiture,voiture,1,1,1,1,2
201900008683,2019-05-31 22:25:00,2019,5,31,22,25,38,38348,A43 pk 040+500,45.588388,5.31685,Nuit sans éclairage public,Hors agglomération,Hors intersection,Normale,Deux véhicules - arrière,1,2,3,0,1,1,1,0,1,130,2,2,1,0,1,0,85.0,24.0,voiture,utilitaire_camion,3,1,1,1,2
201900008684,2019-06-20 03:28:00,2019,6,20,3,28,59,59010,Echangeur A26/A2 direction PARIS,50.145567,3.127206,Nuit sans éclairage public,Hors agglomération,Hors intersection,Normale,Autre collision,1,1,1,0,1,3,1,0,1,50,1,1,0,0,1,0,45.0,,deux_roues,,3,1,1,1,6
201900008685,2019-06-17 08:30:00,2019,6,17,8,30,69,69019,Autoroute A6 - PK 413- sens Paris Lyon,46.0969574,4.7475365,Plein jour,Hors agglomération,Hors intersection,Normale,Sans collision,1,3,3,0,1,1,1,0,1,130,1,1,0,0,0,1,39.0,,deux_roues,,1,1,1,1,7
201900008686,2019-06-02 11:45:00,2019,6,2,11,45,76,76705,A 13 PK 110.020,49.328459,1.088937,Plein jour,Hors agglomération,Hors intersection,Normale,Deux véhicules - côté,1,2,3,0,1,1,1,0,1,110,2,7,5,0,1,1,36.0,53.0,voiture,deux_roues,1,1,1,1,3
201900008687,2019-06-17 19:55:00,2019,6,17,19,55,84,84091,Autoroute A7 Pk 161.400 sens 2,44.178445,4.755247,Plein jour,Hors agglomération,Hors intersection,Normale,Deux véhicules - arrière,1,1,5,0,1,1,1,0,1,130,2,3,1,0,2,0,46.0,23.0,utilitaire_camion,voiture,1,1,1,1,2
201900008688,2019-06-14 02:20:00,2019,6,14,2,20,13,13112,"Autoroute A.7, PK 251+800, sens Nord/Sud",43.516808,5.229849,Nuit sans éclairage public,Hors agglomération,Hors intersection,Normale,Trois véhicules et plus - collisions multiples,1,1,2,0,2,1,1,0,1,130,3,4,3,0,0,1,35.0,49.0,utilitaire_camion,voiture,3,1,1,1,5
201900008689,2019-06-03 10:45:00,2019,6,3,10,45,13,13032,Autoroute A8 pk 011+100 sens sud/nord,43.538357,5.34654,Plein jour,Hors agglomération,Hors intersection,Normale,Trois véhicules et plus - collisions multiples,1,3,5,0,1,1,1,0,1,130,4,6,3,0,0,3,67.0,23.0,voiture,voiture,1,1,1,1,5