accident_id,datetime,annee,mois,jour,heure,minute,departement,commune_insee,adresse,latitude,longitude,luminosite,agglomeration,intersection,meteo,collision,catr,circ,nbv,vosp,prof,plan,surf,infra,situ,vma,nb_vehicules,nb_usagers,nb_indemnes,nb_tues,nb_blesses_hosp,nb_blesses_legers,age_cond_1,age_cond_2,veh_type_cond_1,veh_type_cond_2,lum_code,agg_code,int_code,atm_code,col_code
201900008690,2019-06-12 02:00:00,2019,6,12,2,0,62,62728,A26,50.24197,3.058806,Nuit sans éclairage public,Hors agglomération,Hors intersection,Normale,Sans collision,1,3,4,0,1,1,1,0,3,130,1,2,1,1,0,0,76.0,,voiture,,3,1,1,1,7
201900008691,2019-06-06 10:50:00,2019,6,6,10,50,62,62081,A26,50.224075,3.079033,Plein jour,Hors agglomération,Hors intersection,Normale,Deux véhicules - arrière,1,3,4,0,1,3,1,0,1,130,2,2,1,0,1,0,49.0,28.0,voiture,deux_roues,1,1,1,1,2
201900008692,2019-06-02 15:15:00,2019,6,2,15,15,77,77001,Autoroute A6,48.369072,2.564542,Plein jour,Hors agglomération,Hors intersection,Normale,Autre collision,1,3,5,0,1,2,1,0,1,130,1,4,2,0,0,2,29.0,,voiture,,1,1,1,1,6
201900008693,2019-06-11 17:45:00,2019,6,11,17,45,60,60142,route de plailly 60520,49.129605,2.539476,Plein jour,Hors agglomération,Hors intersection,Normale,Deux véhicules - côté,3,2,2,0,1,1,1,9,1,80,2,3,0,0,3,0,21.0,16.0,voiture,deux_roues,1,1,1,1,3
201900008694,2019-06-04 10:00:00,2019,6,4,10,0,60,60494,PLAILLY,49.105211,2.572824,Plein jour,Hors agglomération,Hors intersection,Normale,Sans collision,3,2,2,0,4,2,1,0,3,70,1,2,1,0,1,0,19.0,,voiture,,1,1,1,1,7
201900008695,2019-06-02 19:20:00,2019,6,2,19,20,33,33005,boulevard du maréchal juin,44.73342,-1.07852,Plein jour,En agglomération,Intersection en T,Normale,Deux véhicules - côté,4,2,2,0,1,1,1,0,1,50,2,2,1,0,1,0,46.0,49.0,deux_roues,voiture,1,2,3,1,3
201900008696,2019-06-11 15:45:00,2019,6,11,15,45,28,28169,"Autoroute 10, PK 037+300, sens Province-Paris",48.445208,1.909469,Plein jour,Hors agglomération,Hors intersection,Normale,Trois véhicules et plus - collisions multiples,1,3,3,0,1,1,1,0,1,130,3,3,2,0,1,0,68.0,54.0,voiture,utilitaire_camion,1,1,1,1,5
201900008697,2019-06-09 01:50:00,2019,6,9,1,50,11,11202,D627,42.892801,3.048156,Nuit sans éclairage public,Hors agglomération,Hors intersection,Normale,Deux véhicules - côté,3,2,2,0,1,1,1,5,1,80,2,3,2,0,0,1,31.0,34.0,voiture,voiture,3,1,1,1,3
201900008698,2019-06-16 22:30:00,2019,6,16,22,30,988,98820,Tribu du OUASSADIEU,-20.64607,166.53893,Nuit sans éclairage public,En agglomération,Intersection en T,Normale,Autre collision,4,2,2,0,1,1,1,0,3,50,1,1,0,1,0,0,43.0,,voiture,,3,2,3,1,6
201900008699,2019-06-09 14:35:00,2019,6,9,14,35,988,98830,RPN 2 - tribu de Tiwaka,-20.87608,165.24357,Plein jour,Hors agglomération,Hors intersection,Normale,Sans collision,3,2,2,0,1,1,1,0,3,90,1,2,1,0,1,0,26.0,,voiture,,1,1,1,1,7
201900008700,2019-06-02 06:00:00,2019,6,2,6,0,988,98822,Tribu de Tié,-20.906897,165.300106,Nuit sans éclairage public,Hors agglomération,Hors intersection,Normale,Autre collision,2,2,2,0,1,1,1,0,3,70,1,1,0,0,1,0,43.0,,voiture,,3,1,1,1,6
201900008701,2019-06-09 22:00:00,2019,6,9,22,0,988,98827,"Poya Nord Lieu-dit ""Foret Français""",-21.32703,165.09852,Nuit sans éclairage public,Hors agglomération,Hors intersection,Normale,Autre collision,2,2,2,0,4,1,1,2,3,110,1,2,1,0,1,0,23.0,,utilitaire_camion,,3,1,1,1,6
201900008702,2019-06-07 07:00:00,2019,6,7,7,0,988,98826,route RPN 1 - lieu dit Malabou,-20.294561,164.131572,Plein jour,Hors agglomération,Hors intersection,Normale,Deux véhicules - frontale,3,2,2,0,2,2,1,0,1,90,2,2,1,0,0,1,48.0,54.0,utilitaire_camion,transport_commun,1,1,1,1,1
201900008703,2019-06-01 01:00:00,2019,6,1,1,0,988,98826,Tribu de TIABET,-20.12385,164.02466,Nuit sans éclairage public,Hors agglomération,Hors intersection,Normale,Autre collision,4,2,2,0,1,1,1,0,1,50,1,2,1,1,0,0,49.0,,utilitaire_camion,,3,1,1,1,6
201900008704,2019-06-09 23:20:00,2019,6,9,23,20,988,98803,"RT1 - PK 186,5 - entrée de l'OCEF",-21.479534,165.369226,Nuit sans éclairage public,Hors agglomération,Hors intersection,Normale,Autre collision,2,2,2,0,1,3,1,0,3,110,1,2,0,0,2,0,32.0,,voiture,,3,1,1,1,6
201900008705,2019-05-31 23:30:00,2019,5,31,23,30,988,98832,Tribu de Touaourou,-22.18716,166.972199,Nuit sans éclairage public,Hors agglomération,Intersection en T,Normale,Autre collision,4,2,2,0,1,1,1,0,3,50,1,3,2,0,1,0,25.0,,voiture,,3,1,3,1,6
201900008706,2019-06-03 01:30:00,2019,6,3,1,30,988,98804,village,-21.52125,165.96705,Nuit sans éclairage public,En agglomération,Intersection en T,Normale,Autre collision,3,2,2,0,1,1,1,0,3,50,1,1,0,1,0,0,48.0,,voiture,,3,2,3,1,6
201900008707,2019-06-08 15:25:00,2019,6,8,15,25,988,98802,RT1 sortie nord,-21.855118,165.996838,Plein jour,Hors agglomération,Hors intersection,Normale,Deux véhicules - frontale,2,2,2,0,1,2,1,0,1,90,2,5,4,0,1,0,25.0,52.0,voiture,voiture,1,1,1,1,1
201900008708,2019-06-08 14:30:00,2019,6,8,14,30,988,98813,RT1/RM16,-21.73676,165.83475,Plein jour,Hors agglomération,Intersection en T,Normale,Deux véhicules - côté,2,2,2,0,1,1,1,0,1,110,2,8,6,0,1,1,59.0,22.0,voiture,utilitaire_camion,1,1,3,1,3
201900008709,2019-06-08 23:45:00,2019,6,8,23,45,974,97421,Rue du Général de Gaulle,-21.064648,55.520793,Nuit avec éclairage allumé,En agglomération,Intersection en T,Normale,Autre collision,3,1,1,0,2,1,1,0,4,50,1,3,1,0,1,1,41.0,,voiture,,5,2,3,1,6
201900008710,2019-06-03 04:30:00,2019,6,3,4,30,974,97419,RN2 Grand Brulé,-21.127714,55.792191,Nuit sans éclairage public,Hors agglomération,Hors intersection,Pluie légère,Deux véhicules - frontale,2,2,2,0,1,3,2,0,1,90,2,2,1,0,1,0,42.0,34.0,voiture,voiture,3,1,1,2,1
201900008711,2019-06-17 06:25:00,2019,6,17,6,25,974,97402,rue des caramboles,-20.99206,55.681284,Crépuscule ou aube,En agglomération,Hors intersection,Normale,Autre collision,4,1,1,0,1,1,1,0,3,50,1,1,0,0,0,1,,,,,2,2,1,1,6
201900008712,2019-06-16 20:25:00,2019,6,16,20,25,974,97402,25 Chemin Castaingt,-21.000201,55.695862,Nuit avec éclairage allumé,En agglomération,Hors intersection,Normale,Autre collision,4,2,2,0,1,2,1,0,1,50,1,2,1,0,0,1,30.0,,voiture,,5,2,1,1,6
201900008713,2019-06-14 13:20:00,2019,6,14,13,20,973,97305,PK 23 - RN1,4.9906114,-52.4493742,Plein jour,Hors agglomération,Hors intersection,Normale,Trois véhicules et plus - collisions multiples,2,-1,2,0,1,1,1,0,1,80,3,4,3,1,0,0,35.0,35.0,voiture,utilitaire_camion,1,1,1,1,5
201900008714,2019-06-07 21:15:00,2019,6,7,21,15,973,97313,CD5 - PK26,4.9262656,-52.5099278,Nuit sans éclairage public,Hors agglomération,Hors intersection,Pluie forte,Deux véhicules - arrière,3,2,2,0,1,1,2,0,1,80,2,2,0,0,1,1,45.0,35.0,voiture,voiture,3,1,1,3,2
201900008715,2019-06-01 19:50:00,2019,6,1,19,50,973,97305,Avenue Léopold Heder,5.0127056,-52.4749192,Nuit avec éclairage allumé,En agglomération,Intersection en X,Pluie forte,Deux véhicules - côté,4,1,1,0,1,1,2,0,1,50,2,2,1,0,0,1,17.0,25.0,deux_roues,voiture,5,2,2,3,3
201900008716,2019-06-07 19:15:00,2019,6,7,19,15,971,97116,"RN6, richeval, face station service",16.339405,-61.456538,Nuit avec éclairage allumé,En agglomération,Hors intersection,Normale,Autre collision,2,2,2,0,1,1,1,0,1,50,1,2,1,0,0,1,69.0,,voiture,,5,2,1,1,6
201900008717,2019-05-30 21:45:00,2019,5,30,21,45,971,97116,GENSOLIN - RN5,16.323554,-61.471204,Nuit sans éclairage public,Hors agglomération,Hors intersection,Pluie légère,Deux véhicules - frontale,2,2,2,0,2,3,2,0,1,80,2,2,0,0,0,2,25.0,41.0,voiture,voiture,3,1,1,2,1
201900008718,2019-06-05 12:40:00,2019,6,5,12,40,971,97128,fond thézan,16.217382,-61.420605,Plein jour,En agglomération,Hors intersection,Normale,Trois véhicules et plus - collisions multiples,2,2,2,0,3,1,1,0,1,70,3,3,2,0,1,0,67.0,36.0,voiture,voiture,1,2,1,1,5
201900008719,2019-05-03 17:15:00,2019,5,3,17,15,971,97117,"RD 123, desvarieux",16.3527711,-61.4228849,Plein jour,Hors agglomération,Intersection en T,Normale,Deux véhicules - côté,3,2,2,0,2,1,1,0,1,80,2,2,1,0,0,1,53.0,26.0,utilitaire_camion,deux_roues,1,1,3,1,3
201900008720,2019-06-17 04:00:00,2019,6,17,4,0,977,97701,L'OASIS,43.834099,5.976635,Nuit sans éclairage public,En agglomération,Hors intersection,Normale,Autre collision,3,2,2,0,2,1,1,8,1,30,1,1,0,0,0,1,27.0,,deux_roues,,3,2,1,1,6
201900008721,2019-06-06 14:45:00,2019,6,6,14,45,971,97106,Malendure,16.177479,-61.778102,Plein jour,Hors agglomération,Hors intersection,Normale,Sans collision,2,2,2,0,2,2,1,2,1,50,1,1,0,0,1,0,38.0,,deux_roues,,1,1,1,1,7
201900008722,2019-06-09 16:00:00,2019,6,9,16,0,972,97230,Route de la Caravelle,14.757389,-60.921868,Plein jour,En agglomération,Hors intersection,Normale,Deux véhicules - arrière,3,2,2,0,1,1,1,0,1,50,2,2,1,0,1,0,24.0,32.0,voiture,deux_roues,1,2,1,1,2
201900008723,2019-06-13 15:29:00,2019,6,13,15,29,13,13088,RD 568,43.368095,5.251011,Plein jour,En agglomération,Intersection en X,Normale,Deux véhicules - côté,3,2,2,0,1,1,1,5,1,50,2,2,0,0,1,1,21.0,34.0,autre,voiture,1,2,2,1,3
201900008724,2019-06-08 15:00:00,2019,6,8,15,0,37,37079,D976,47.322902,1.026999,Plein jour,Hors agglomération,Intersection en T,Normale,Deux véhicules - côté,3,2,2,0,1,1,1,0,1,80,2,2,1,0,1,0,62.0,76.0,deux_roues,voiture,1,1,3,1,3
201900008725,2019-05-31 19:20:00,2019,5,31,19,20,37,37201,Route de Richelieu,47.1357024,0.2922279,Plein jour,Hors agglomération,Giratoire,Normale,Deux véhicules - arrière,3,2,2,0,1,3,1,0,1,80,2,2,1,0,1,0,51.0,49.0,deux_roues,deux_roues,1,1,6,1,2
201900008726,2019-06-12 18:30:00,2019,6,12,18,30,37,37060,RD 80,47.4317393,1.0631039,Plein jour,Hors agglomération,Hors intersection,Temps couvert,Sans collision,3,2,2,0,1,1,2,0,3,80,1,1,0,0,1,0,48.0,,voiture,,1,1,1,8,7
201900008727,2019-06-13 05:10:00,2019,6,13,5,10,45,45191,79 Rue de la République,48.293918,2.410429,Crépuscule ou aube,En agglomération,Hors intersection,Normale,Autre collision,3,2,2,0,2,1,1,0,4,50,1,3,0,0,3,0,35.0,,voiture,,2,2,1,1,6
201900008728,2019-06-03 15:00:00,2019,6,3,15,0,45,45278,D41 - D56,47.8188999,2.8357568,Plein jour,Hors agglomération,Intersection en T,Normale,Autre collision,3,2,2,0,1,3,1,0,3,80,1,1,0,0,1,0,53.0,,voiture,,1,1,3,1,6
201900008729,2019-06-16 09:00:00,2019,6,16,9,0,45,45039,"10, route de sully",47.7952241,2.3813604,Plein jour,En agglomération,Hors intersection,Normale,Deux véhicules - côté,3,2,2,1,1,1,1,9,5,50,2,2,1,0,0,1,53.0,73.0,voiture,deux_roues,1,2,1,1,3
201900008730,2019-06-04 08:10:00,2019,6,4,8,10,45,45042,D952 - PK29+600,47.799117,2.43036,Plein jour,Hors agglomération,Hors intersection,Normale,Sans collision,3,2,2,0,1,1,1,0,3,80,1,1,0,0,1,0,20.0,,voiture,,1,1,1,1,7
201900008731,2019-06-09 14:00:00,2019,6,9,14,0,45,45291,R DU TROMPE SOURIS,47.65641,2.666713,Plein jour,En agglomération,Hors intersection,Normale,Sans collision,4,2,2,0,4,1,1,0,3,50,1,1,0,0,1,0,74.0,,deux_roues,,1,2,1,1,7
201900008732,2019-05-31 08:50:00,2019,5,31,8,50,45,45096,D44 - D56,47.771816,2.607221,Plein jour,Hors agglomération,Intersection en X,Normale,Deux véhicules - frontale,3,2,2,0,1,1,1,5,1,80,2,2,1,0,1,0,77.0,35.0,deux_roues,voiture,1,1,2,1,1
201900008733,2019-06-14 22:15:00,2019,6,14,22,15,45,45173,18 Route d'Orléans,47.8627177,2.1130752,Nuit avec éclairage allumé,En agglomération,Hors intersection,Pluie forte,Deux véhicules - frontale,3,2,2,0,1,1,2,0,1,50,2,2,1,0,1,0,20.0,34.0,deux_roues,voiture,5,2,1,3,1
201900008734,2019-06-14 07:50:00,2019,6,14,7,50,77,77089,D12,48.51496,2.9637,Plein jour,Hors agglomération,Hors intersection,Normale,Trois véhicules et plus - collisions multiples,3,2,2,0,1,3,2,0,1,80,3,4,1,0,0,3,35.0,32.0,utilitaire_camion,voiture,1,1,1,1,5
201900008735,2019-06-10 15:00:00,2019,6,10,15,0,77,77273,route nationale 330,49.050251,2.768813,Plein jour,Hors agglomération,Hors intersection,Pluie légère,Autre collision,2,2,2,0,2,1,2,9,1,80,1,1,0,0,1,0,58.0,,deux_roues,,1,1,1,2,6
201900008736,2019-06-09 09:00:00,2019,6,9,9,0,77,77437,D9 X RUE DE L'INTE,49.03574,2.79598,Plein jour,En agglomération,Intersection en X,Normale,Deux véhicules - côté,3,2,2,0,3,1,1,5,1,50,2,2,1,0,0,1,86.0,64.0,deux_roues,voiture,1,2,2,1,3
201900008737,2019-06-13 08:05:00,2019,6,13,8,5,77,77171,D5-Rue Louis Braille,48.8976761,2.8076823,Plein jour,En agglomération,Hors intersection,Normale,Autre collision,3,2,2,0,1,1,1,0,1,50,1,2,1,0,0,1,51.0,,voiture,,1,2,1,1,6
201900008738,2019-06-12 19:35:00,2019,6,12,19,35,77,77153,ROUTE NATIONBALE 2,49.054488,2.6995796,Plein jour,Hors agglomération,Hors intersection,Normale,Trois véhicules et plus - en chaîne,2,3,4,0,2,3,2,0,8,90,4,4,1,0,0,3,50.0,20.0,voiture,voiture,1,1,1,1,4
201900008739,2019-06-05 07:35:00,2019,6,5,7,35,77,77392,"nationale 2, pk 157, sens povince-Paris",49.07532,2.72164,Plein jour,Hors agglomération,Hors intersection,Pluie légère,Autre collision,2,3,4,0,2,1,2,0,1,110,2,3,2,0,1,0,64.0,34.0,voiture,deux_roues,1,1,1,2,6
201900008740,2019-06-07 14:25:00,2019,6,7,14,25,77,77168,D30 X RUE DU LOING,48.16811,2.89381,Plein jour,Hors agglomération,Autre intersection,Normale,Deux véhicules - frontale,3,2,2,0,1,1,1,0,1,70,2,2,1,0,1,0,29.0,38.0,voiture,utilitaire_camion,1,1,9,1,1
201900008741,2019-05-30 05:00:00,2019,5,30,5,0,77,77192,RN 36,48.69785,2.82443,Crépuscule ou aube,Hors agglomération,Hors intersection,Normale,Sans collision,2,2,2,0,1,1,1,0,3,80,1,1,0,0,0,1,32.0,,voiture,,2,1,1,1,7
201900008742,2019-06-16 15:00:00,2019,6,16,15,0,77,77440,D21 X CHEMIN DE PERREUSE,48.94321,3.08835,Plein jour,Hors agglomération,Intersection en T,Normale,Deux véhicules - côté,3,2,2,0,2,1,1,0,1,80,2,4,2,1,1,0,34.0,49.0,voiture,deux_roues,1,1,3,1,3
201900008743,2019-06-15 03:25:00,2019,6,15,3,25,77,77415,D603 X RUE DU GAL DE GAULLE,48.9516358,3.0164486,Nuit avec éclairage allumé,En agglomération,Intersection en X,Pluie forte,Deux véhicules - frontale,3,2,2,0,1,1,2,5,1,50,2,2,1,0,1,0,29.0,40.0,voiture,deux_roues,5,2,2,3,1
201900008744,2019-06-18 15:00:00,2019,6,18,15,0,77,77142,D934 X D406 Av Ensoleillée,48.86329,2.88361,Plein jour,En agglomération,Intersection en T,Normale,Trois véhicules et plus - collisions multiples,3,2,3,0,1,1,1,5,1,50,3,3,0,1,0,2,44.0,27.0,voiture,voiture,1,2,3,1,5
201900008745,2019-06-14 19:15:00,2019,6,14,19,15,77,77317,D 215,48.60019,2.87047,Crépuscule ou aube,Hors agglomération,Hors intersection,Normale,Sans collision,3,2,2,0,1,2,1,0,1,80,1,1,0,0,1,0,39.0,,voiture,,2,1,1,1,7
201900008746,2019-08-06 23:45:00,2019,8,6,23,45,971,97113,RN4 - SECTION RIVIERA,16.1338,61.29376,Nuit avec éclairage allumé,Hors agglomération,Intersection en Y,Normale,Deux véhicules - côté,2,2,3,0,1,1,1,0,1,70,2,2,0,0,0,2,21.0,20.0,voiture,voiture,5,1,4,1,3
201900008747,2019-08-07 19:50:00,2019,8,7,19,50,95,95585,PAINLEVE (ALLEE PAUL),48.97677,2.38641,Plein jour,En agglomération,Hors intersection,Normale,Autre collision,4,1,1,0,1,1,1,0,1,30,1,2,1,0,0,1,32.0,,voiture,,1,2,1,1,6
201900008748,2019-08-07 12:30:00,2019,8,7,12,30,91,91549,CORBEIL (ROUTE DE),48.63142,2.33767,Plein jour,En agglomération,Hors intersection,Normale,Autre collision,4,2,2,0,1,1,1,0,1,50,1,2,1,0,1,0,75.0,,voiture,,1,2,1,1,6
201900008749,2019-08-09 14:00:00,2019,8,9,14,0,91,91692,AUBRAC (AVENUE DE L'),48.677809,2.170727,Plein jour,En agglomération,Hors intersection,Pluie forte,Autre collision,7,2,2,0,1,2,2,0,1,45,1,3,1,0,0,2,59.0,,voiture,,1,2,1,3,6
201900008750,2019-08-09 15:30:00,2019,8,9,15,30,91,91434,JARDINET (AVENUE DU),48.65205,2.35136,Plein jour,En agglomération,Intersection en T,Pluie forte,Deux véhicules - côté,4,2,1,0,1,1,2,0,3,50,2,4,0,0,2,2,24.0,55.0,voiture,voiture,1,2,3,3,3
201900008751,2019-08-07 17:00:00,2019,8,7,17,0,91,91223,R.N.20,48.42023,2.1497,Plein jour,Hors agglomération,Hors intersection,Normale,Deux véhicules - côté,2,2,4,0,1,1,1,0,1,90,2,3,2,0,0,1,21.0,21.0,utilitaire_camion,voiture,1,1,1,1,3
201900008752,2019-08-06 17:48:00,2019,8,6,17,48,87,87085,BORIE (BOULEVARD DE LA),45.83536,1.22712,Plein jour,En agglomération,Hors intersection,Normale,Deux véhicules - arrière,4,3,6,0,1,1,1,0,1,50,2,3,1,0,0,2,26.0,36.0,voiture,voiture,1,2,1,1,2
201900008753,2019-08-02 05:45:00,2019,8,2,5,45,86,86194,CHASSEIGNE (BOULEVARD),46.58844,0.34786,Nuit avec éclairage allumé,En agglomération,Intersection en X,Normale,Deux véhicules - côté,4,3,4,0,1,1,1,5,1,50,2,3,2,0,0,1,22.0,19.0,voiture,voiture,5,2,2,1,3
201900008754,2019-08-07 11:50:00,2019,8,7,11,50,83,83009,ROUTE DE BANDOL,43.1301,5.7825,Plein jour,En agglomération,Intersection en T,Normale,Trois véhicules et plus - collisions multiples,3,3,2,0,1,1,1,0,1,50,3,3,2,0,1,0,60.0,22.0,voiture,deux_roues,1,2,3,1,5
201900008755,2019-08-07 09:10:00,2019,8,7,9,10,80,80632,R BERNARD RISBOURG,49.87572,2.25553,Plein jour,En agglomération,Hors intersection,Normale,Deux véhicules - côté,6,2,2,0,1,1,1,0,1,30,2,2,1,0,0,1,25.0,30.0,deux_roues,voiture,1,2,1,1,3
201900008756,2019-08-07 00:00:00,2019,8,7,0,0,80,80379,RD 1029 (ROUTE DE ST QUENTIN),49.867889,2.383334,Nuit avec éclairage allumé,En agglomération,Hors intersection,Normale,Autre collision,3,1,2,0,1,2,1,0,1,50,1,1,0,0,0,1,23.0,,voiture,,5,2,1,1,6
201900008757,2019-08-06 20:50:00,2019,8,6,20,50,80,80164,route de CORBIE,49.8932123,2.3532091,Plein jour,En agglomération,Hors intersection,Normale,Autre collision,3,2,2,0,1,1,1,0,1,80,1,1,0,0,0,1,56.0,,voiture,,1,2,1,1,6
201900008758,2019-08-06 16:25:00,2019,8,6,16,25,79,79191,37 avenue du Maréchal De Lattre de Tassigny,46.33066,-0.47043,Plein jour,En agglomération,Intersection en T,Normale,Autre collision,3,2,2,0,1,1,1,0,1,50,1,2,1,0,0,1,32.0,,voiture,,1,2,3,1,6
201900008759,2019-07-24 17:30:00,2019,7,24,17,30,78,78238,CD 14,48.963452,1.862349,Plein jour,En agglomération,Hors intersection,Normale,Deux véhicules - arrière,3,2,5,0,1,1,1,5,3,15,2,2,1,0,0,1,23.0,67.0,voiture,deux_roues,1,2,1,1,2
201900008760,2019-08-07 09:55:00,2019,8,7,9,55,78,78440,VERNEUIL (ROUTE DE),48.995379,1.93263,Plein jour,En agglomération,Hors intersection,Normale,Deux véhicules - arrière,3,1,1,0,1,1,1,0,1,50,2,3,0,0,0,3,51.0,24.0,transport_commun,voiture,1,2,1,1,2
201900008761,2019-08-02 13:30:00,2019,8,2,13,30,78,78423,PRES (AVENUE DES),48.7872,2.04532,Plein jour,En agglomération,Hors intersection,Normale,Autre collision,4,2,2,0,1,1,1,0,1,50,1,2,1,0,0,1,66.0,,voiture,,1,2,1,1,6
201900008762,2019-08-08 11:00:00,2019,8,8,11,0,77,77514,D84C X BRET.D603-JEAN MONNET (AVENUE),48.9405,2.6243,Plein jour,En agglomération,Giratoire,Normale,Deux véhicules - côté,3,2,2,0,1,1,1,5,1,50,2,1,0,0,0,1,34.0,,deux_roues,,1,2,6,1,3
201900008763,2019-08-08 21:30:00,2019,8,8,21,30,77,77319,DEPARTEMENTALE 231,48.58304,3.23915,Crépuscule ou aube,Hors agglomération,Hors intersection,Normale,Deux véhicules - frontale,3,2,2,0,1,1,1,0,1,80,2,3,0,0,1,2,38.0,22.0,voiture,voiture,2,1,1,1,1
201900008764,2019-08-10 17:30:00,2019,8,10,17,30,77,77390,PREMIERE AVENUE,48.79019,2.65529,Plein jour,En agglomération,Hors intersection,Normale,Deux véhicules - côté,4,2,2,1,1,1,1,0,2,30,2,2,1,0,0,1,31.0,49.0,deux_roues,voiture,1,2,1,1,3
201900008765,2019-08-08 15:20:00,2019,8,8,15,20,77,77284,D603-HUGO (QUAI VICTOR),48.957896,2.877566,Plein jour,En agglomération,Hors intersection,Normale,Autre collision,3,2,4,0,1,1,1,0,1,50,1,1,0,0,1,0,,,,,1,2,1,1,6
201900008766,2019-08-07 08:35:00,2019,8,7,8,35,76,76351,LESUEUR (RUE),49.4948,0.12289,Plein jour,En agglomération,Intersection en T,Normale,Deux véhicules - côté,4,2,2,0,1,1,1,0,1,50,2,4,3,0,0,1,20.0,23.0,voiture,voiture,1,2,3,1,3
201900008767,2019-08-07 04:35:00,2019,8,7,4,35,76,76481,rd 940,49.5425,0.1047,Nuit sans éclairage public,Hors agglomération,Hors intersection,Normale,Sans collision,3,2,2,0,1,1,1,0,1,80,1,1,0,0,1,0,23.0,,voiture,,3,1,1,1,7
201900008768,2019-08-10 17:40:00,2019,8,10,17,40,74,74012,EUROPE (AVENUE DE L'),46.1795,6.23602,Plein jour,En agglomération,Hors intersection,Normale,Trois véhicules et plus - collisions multiples,4,2,2,0,4,3,1,0,1,50,3,6,1,0,0,5,77.0,24.0,voiture,deux_roues,1,2,1,1,5
201900008769,2019-08-06 04:30:00,2019,8,6,4,30,74,74012,ETREMBIERES (ROUTE D'),46.1850449,6.2303994,Nuit avec éclairage allumé,En agglomération,Hors intersection,Normale,Sans collision,4,2,2,0,2,2,1,0,1,50,1,2,0,0,1,1,27.0,,voiture,,5,2,1,1,7
201900008770,2019-08-06 09:55:00,2019,8,6,9,55,74,74012,AMOUREUX (RUE DES),46.1908329,6.2361509,Plein jour,En agglomération,Intersection en X,Normale,Deux véhicules - arrière,4,2,2,0,1,1,1,0,1,50,2,3,2,0,0,1,41.0,40.0,voiture,voiture,1,2,2,1,2
201900008771,2019-08-08 10:10:00,2019,8,8,10,10,74,74010,GARE (RUE DE LA)(SECTEUR 120),45.8998,6.1216,Plein jour,En agglomération,Hors intersection,Normale,Autre collision,4,2,2,0,1,1,1,0,1,30,1,2,1,0,1,0,61.0,,deux_roues,,1,2,1,1,6
201900008772,2019-08-09 19:10:00,2019,8,9,19,10,71,71040,CHAMP PAGNOT (RUE DU),46.69871,4.36071,Plein jour,En agglomération,Hors intersection,Normale,Deux véhicules - côté,4,2,2,0,1,1,1,0,1,50,2,2,1,0,0,1,27.0,25.0,deux_roues,voiture,1,2,1,1,3
201900008773,2019-08-04 19:10:00,2019,8,4,19,10,69,69256,8 MAI 1945 (DU)                     (AV),45.78836,4.90512,Plein jour,En agglomération,Hors intersection,Normale,Deux véhicules - arrière,4,2,2,0,1,1,1,0,1,50,2,11,7,0,1,3,37.0,39.0,voiture,voiture,1,2,1,1,2
201900008774,2019-08-06 17:20:00,2019,8,6,17,20,69,69290,GRENOBLE (DE)  -  RN 6              (RO),45.70363,4.9343,Plein jour,En agglomération,Hors intersection,Normale,Deux véhicules - côté,4,2,4,0,1,1,1,9,1,50,2,2,1,0,0,1,25.0,34.0,utilitaire_camion,deux_roues,1,2,1,1,3
201900008775,2019-08-07 06:55:00,2019,8,7,6,55,69,69256,MARCEL CACHIN                       (AV),45.78083,4.9452,Plein jour,En agglomération,Intersection en T,Pluie forte,Deux véhicules - côté,4,2,3,1,1,1,3,5,1,50,2,2,1,0,1,0,43.0,30.0,utilitaire_camion,voiture,1,2,3,3,3
201900008776,2019-08-08 10:45:00,2019,8,8,10,45,69,69264,BERTHIER  PIERRE   R,45.98714,4.72128,Plein jour,En agglomération,Intersection en X,Normale,Autre collision,3,3,1,0,1,1,1,2,1,50,1,2,0,1,0,1,51.0,,transport_commun,,1,2,2,1,6
201900008777,2019-08-09 08:55:00,2019,8,9,8,55,69,69091,ROBICHON MALGONTIER (QUAI) ,45.581,4.77841,Plein jour,En agglomération,Intersection en Y,Normale,Deux véhicules - côté,3,2,3,0,1,1,1,5,1,50,2,2,1,0,1,0,26.0,32.0,deux_roues,utilitaire_camion,1,2,4,1,3
201900008778,2019-08-08 16:35:00,2019,8,8,16,35,67,67482,AUBERGE DE JEUNESSE (RUE DE L ),48.57454,7.71804,Plein jour,En agglomération,Hors intersection,Normale,Deux véhicules - arrière,4,1,1,1,1,1,1,2,1,20,2,2,1,0,0,1,45.0,73.0,deux_roues,voiture,1,2,1,1,2
201900008779,2019-08-07 20:20:00,2019,8,7,20,20,67,67218,LYON (RTE DE),48.53119,7.71403,Plein jour,En agglomération,Intersection en T,Pluie légère,Deux véhicules - côté,4,2,2,1,1,1,2,5,1,50,2,2,1,0,0,1,43.0,18.0,voiture,deux_roues,1,2,3,2,3
201900008780,2019-08-06 08:06:00,2019,8,6,8,6,67,67482,SAUER (RUE DE LA),48.612499,7.772406,Plein jour,En agglomération,Hors intersection,Normale,Deux véhicules - côté,4,2,2,0,1,1,1,0,1,30,2,3,2,0,0,1,55.0,36.0,deux_roues,utilitaire_camion,1,2,1,1,3