accident_id,datetime,annee,mois,jour,heure,minute,departement,commune_insee,adresse,latitude,longitude,luminosite,agglomeration,intersection,meteo,collision,catr,circ,nbv,vosp,prof,plan,surf,infra,situ,vma,nb_vehicules,nb_usagers,nb_indemnes,nb_tues,nb_blesses_hosp,nb_blesses_legers,age_cond_1,age_cond_2,veh_type_cond_1,veh_type_cond_2,lum_code,agg_code,int_code,atm_code,col_code
201900008875,2019-08-09 23:35:00,2019,8,9,23,35,17,17300,MOULIN   AVENUE JEAN,46.15244,-1.13949,Nuit avec éclairage allumé,En agglomération,Hors intersection,Normale,Sans collision,4,2,4,3,1,3,1,5,1,50,1,1,0,0,0,1,38.0,,deux_roues,,5,2,1,1,7
201900008876,2019-08-09 20:10:00,2019,8,9,20,10,17,17300,ONZE NOVEMBRE 1918   AVENUE DU,46.177,-1.152,Plein jour,En agglomération,Intersection en X,Normale,Deux véhicules - côté,4,1,2,0,1,1,1,5,1,50,2,2,1,0,1,0,40.0,21.0,voiture,deux_roues,1,2,2,1,3
201900008877,2019-08-06 18:00:00,2019,8,6,18,0,15,15014,GAULLE (AVENUE CHARLES DE),44.91051,2.42617,Plein jour,En agglomération,Hors intersection,Normale,Deux véhicules - côté,2,2,2,0,1,1,1,0,1,50,2,2,1,0,0,1,38.0,31.0,voiture,deux_roues,1,2,1,1,3
201900008878,2019-08-05 09:20:00,2019,8,5,9,20,15,15014,GAULLE (AVENUE CHARLES DE),44.9081,2.4218,Plein jour,En agglomération,Hors intersection,Normale,Deux véhicules - frontale,2,2,2,0,1,1,1,0,1,50,2,2,1,0,0,1,29.0,74.0,deux_roues,voiture,1,2,1,1,1
201900008879,2019-08-04 08:00:00,2019,8,4,8,0,15,15014,DELZONS (RUE DU PRESIDENT),44.9306,2.4423,Plein jour,En agglomération,Hors intersection,Normale,Autre collision,4,2,2,0,2,3,1,0,1,50,1,2,1,0,1,0,83.0,,voiture,,1,2,1,1,6
201900008880,2019-08-09 18:15:00,2019,8,9,18,15,14,14333,JEAN DE VIENNE (COURS),49.41467,0.24668,Plein jour,En agglomération,Hors intersection,Normale,Deux véhicules - arrière,4,2,5,0,1,1,1,0,1,50,2,2,1,0,0,1,20.0,28.0,voiture,deux_roues,1,2,1,1,2
201900008881,2019-08-07 11:55:00,2019,8,7,11,55,14,14333,LABRADOR (AVENUE DU),49.39921,0.23223,Plein jour,En agglomération,Hors intersection,Normale,Sans collision,4,2,2,0,1,2,1,0,2,50,1,2,0,0,0,2,19.0,,voiture,,1,2,1,1,7
201900008882,2019-08-10 05:40:00,2019,8,10,5,40,14,14181,VALLEE SECHE (ECHANGEUR N°15),49.1514,-0.3172,Nuit avec éclairage non allumé,En agglomération,Hors intersection,Normale,Deux véhicules - arrière,4,3,2,-1,1,1,1,0,1,-1,2,2,0,0,0,2,37.0,32.0,utilitaire_camion,utilitaire_camion,4,2,1,1,2
201900008883,2019-08-09 17:42:00,2019,8,9,17,42,14,14181,VALLEE SECHE (ECHANGEUR N°15),49.1514,-0.3172,Nuit avec éclairage non allumé,En agglomération,Hors intersection,Normale,Deux véhicules - arrière,4,2,-1,-1,1,1,1,0,1,-1,2,3,2,0,0,1,25.0,60.0,voiture,voiture,4,2,1,1,2
201900008884,2019-08-08 17:25:00,2019,8,8,17,25,14,14301,PREVERT (RUE JACQUES),49.17207,-0.29355,Plein jour,Hors agglomération,Hors intersection,Normale,Deux véhicules - frontale,4,2,-1,-1,1,1,1,0,1,-1,2,2,1,0,0,1,37.0,25.0,voiture,utilitaire_camion,1,1,1,1,1
201900008885,2019-08-08 16:30:00,2019,8,8,16,30,14,14118,BOURGOGNE (RUE DE),49.19429,-0.39797,Plein jour,En agglomération,Hors intersection,Normale,Deux véhicules - côté,4,2,2,0,1,1,1,0,1,50,2,2,1,0,1,0,71.0,18.0,voiture,deux_roues,1,2,1,1,3
201900008886,2019-08-07 17:45:00,2019,8,7,17,45,13,13043,ROVE (AV DU ),43.38398,5.21951,Plein jour,En agglomération,Hors intersection,Normale,Trois véhicules et plus - en chaîne,3,3,2,0,2,1,1,0,1,50,5,9,2,0,0,7,37.0,31.0,voiture,voiture,1,2,1,1,4
201900008887,2019-08-07 17:30:00,2019,8,7,17,30,13,13071,ROUTE NATIONALE 113 - AGAVON,43.41667,5.28072,Plein jour,En agglomération,Autre intersection,Normale,Deux véhicules - côté,3,2,0,0,1,1,1,3,1,50,2,2,1,0,0,1,26.0,54.0,voiture,deux_roues,1,2,9,1,3
201900008888,2019-08-04 20:30:00,2019,8,4,20,30,30,30032,saint gilles route de D38,43.792945,4.586333,Plein jour,Hors agglomération,Hors intersection,Normale,Deux véhicules - frontale,3,2,2,0,1,2,1,0,1,80,2,3,0,0,1,2,52.0,21.0,voiture,voiture,1,1,1,1,1
201900008889,2019-07-08 16:40:00,2019,7,8,16,40,30,30032,AV DES CHARMILLES,43.8180065,4.6158189,Plein jour,En agglomération,Hors intersection,Normale,Deux véhicules - frontale,4,2,2,0,2,2,1,0,1,50,2,3,1,0,1,1,15.0,19.0,deux_roues,voiture,1,2,1,1,1
201900008890,2019-07-07 09:20:00,2019,7,7,9,20,30,30032,saint gilles route de D38,43.792927,4.586287,Plein jour,Hors agglomération,Hors intersection,Normale,Deux véhicules - frontale,3,2,2,0,1,3,1,0,1,80,2,3,0,0,1,2,38.0,58.0,voiture,voiture,1,1,1,1,1
201900008891,2019-08-10 21:09:00,2019,8,10,21,9,13,13208,RABATAU (BOULEVARD),43.275441,5.395931,Nuit avec éclairage allumé,En agglomération,Intersection en T,Normale,Autre collision,4,2,4,0,1,1,1,6,1,50,1,5,0,0,0,5,,,,,5,2,3,1,6
201900008892,2019-08-10 20:45:00,2019,8,10,20,45,13,13002,GENERAL MONTSABERT (AVENUE DU),43.3561,5.4867,Crépuscule ou aube,En agglomération,Giratoire,Normale,Deux véhicules - côté,4,2,2,0,1,3,1,0,1,50,2,2,1,0,0,1,53.0,21.0,voiture,voiture,2,2,6,1,3
201900008893,2019-08-10 17:45:00,2019,8,10,17,45,13,13202,PARIS (BOULEVARD DE),43.31378,5.368066,Plein jour,En agglomération,Intersection en X,Normale,Deux véhicules - côté,4,1,3,0,1,1,1,0,1,50,2,2,1,0,0,1,33.0,55.0,voiture,deux_roues,1,2,2,1,3
201900008894,2019-08-09 22:17:00,2019,8,9,22,17,13,13202,EVECHE (RUE DE L'),43.2978,5.36585,Nuit avec éclairage allumé,En agglomération,Autre intersection,Normale,Autre collision,4,1,1,0,1,1,1,0,1,30,1,1,0,0,0,1,19.0,,deux_roues,,5,2,9,1,6
201900008895,2019-08-09 19:45:00,2019,8,9,19,45,13,13208,ANDRE ZENATTI (AVENUE),43.246816,5.383607,Plein jour,En agglomération,Hors intersection,Normale,Deux véhicules - frontale,4,2,2,0,1,3,1,0,1,50,2,4,0,0,0,4,19.0,46.0,voiture,voiture,1,2,1,1,1
201900008896,2019-08-09 17:00:00,2019,8,9,17,0,13,13203,FÉLIX PYAT (RUE),43.3185193,5.3748906,Plein jour,En agglomération,Hors intersection,Normale,Deux véhicules - frontale,4,1,1,0,2,2,1,0,1,30,2,2,1,0,0,1,26.0,,voiture,,1,2,1,1,1
201900008897,2019-08-09 16:00:00,2019,8,9,16,0,13,13203,EDOUARD CREMIEUX (RUE),43.3177092,5.372166,Plein jour,En agglomération,Hors intersection,Normale,Deux véhicules - côté,4,2,2,0,1,4,1,0,1,50,2,5,3,0,0,2,21.0,63.0,voiture,voiture,1,2,1,1,3
201900008898,2019-08-08 17:45:00,2019,8,8,17,45,13,13211,SAINT MENET (AVENUE DE),43.287,5.507,Plein jour,En agglomération,Hors intersection,Normale,Autre collision,3,2,5,0,1,1,1,0,1,70,1,1,0,0,0,1,24.0,,deux_roues,,1,2,1,1,6
201900008899,2019-08-08 12:30:00,2019,8,8,12,30,13,13203,STRASBOURG (BOULEVARD),43.309048,5.378406,Plein jour,En agglomération,Intersection en X,Normale,Deux véhicules - côté,4,2,2,0,1,1,1,0,1,50,2,3,2,0,0,1,60.0,44.0,voiture,voiture,1,2,2,1,3
201900008900,2019-08-07 17:00:00,2019,8,7,17,0,13,13210,FLORIAN ( ROND POINT),43.284862,5.425415,Plein jour,En agglomération,Intersection en X,Normale,Deux véhicules - côté,4,1,3,0,1,1,1,0,1,50,2,3,2,0,0,1,32.0,45.0,deux_roues,utilitaire_camion,1,2,2,1,3
201900008901,2019-08-08 09:45:00,2019,8,8,9,45,13,13212,SAINT JULIEN (AVENUE DE ),43.304439,5.414552,Plein jour,En agglomération,Intersection en T,Normale,Autre collision,4,2,2,0,2,1,1,0,1,50,1,2,0,0,1,1,44.0,,voiture,,1,2,3,1,6
201900008902,2019-08-07 13:15:00,2019,8,7,13,15,13,13210,EUROPE (ROND POINT DE L'),43.282952,5.392724,Plein jour,En agglomération,Hors intersection,Normale,Deux véhicules - côté,4,1,1,0,1,2,1,0,1,50,2,1,0,0,0,1,28.0,,deux_roues,,1,2,1,1,3
201900008903,2019-08-08 00:00:00,2019,8,8,0,0,11,11069,RD118,43.237799,2.373017,Nuit sans éclairage public,Hors agglomération,Hors intersection,Pluie légère,Autre collision,3,2,2,0,1,1,2,9,1,80,1,2,0,1,1,0,50.0,,voiture,,3,1,1,2,6
201900008904,2019-08-10 15:40:00,2019,8,10,15,40,10,10325,VICTOR HUGO (RUE),48.26729,4.06287,Plein jour,En agglomération,Intersection en T,Normale,Sans collision,4,2,2,0,1,1,1,0,1,50,1,1,0,0,1,0,38.0,,voiture,,1,2,3,1,7
201900008905,2019-08-07 11:18:00,2019,8,7,11,18,10,10321,GENERAL LECLERC (RUE DU),48.29153,4.03444,Plein jour,En agglomération,Intersection en T,Temps couvert,Deux véhicules - côté,4,2,1,0,1,1,2,0,1,50,2,2,1,0,0,1,39.0,46.0,transport_commun,voiture,1,2,3,8,3
201900008906,2019-08-09 22:20:00,2019,8,9,22,20,7,07281,TASSINI (AVENUE VICTOR),44.947054,4.833126,Nuit sans éclairage public,Hors agglomération,Hors intersection,Normale,Autre collision,3,2,2,0,2,2,1,0,1,80,1,1,0,1,0,0,49.0,,voiture,,3,1,1,1,6
201900008907,2019-08-08 22:19:00,2019,8,8,22,19,6,06088,NOTRE-DAME (AV.),43.70413,7.26847,Nuit avec éclairage allumé,En agglomération,Intersection en X,Normale,Deux véhicules - côté,4,1,1,0,1,1,1,9,1,30,2,4,3,0,1,0,29.0,39.0,deux_roues,utilitaire_camion,5,2,2,1,3
201900008908,2019-08-08 20:40:00,2019,8,8,20,40,6,06088,CARLONE (BD),43.693701,7.242713,Crépuscule ou aube,En agglomération,Hors intersection,Normale,Deux véhicules - côté,4,-1,3,3,1,1,1,0,1,50,2,2,1,0,1,0,29.0,28.0,deux_roues,voiture,2,2,1,1,3
201900008909,2019-08-07 10:00:00,2019,8,7,10,0,6,06088,CIMIEZ (BD) A PARTIR DU 16-17,43.7128374,7.2715276,Plein jour,En agglomération,Hors intersection,Normale,Sans collision,4,2,4,0,2,1,1,0,1,50,1,1,0,0,1,0,59.0,,deux_roues,,1,2,1,1,7
201900008910,2019-08-10 17:35:00,2019,8,10,17,35,6,06027,NICE AVENUE DE (RN7),43.6561669,7.1548861,Plein jour,En agglomération,Autre intersection,Normale,Deux véhicules - frontale,7,2,3,0,1,1,1,5,1,50,2,3,1,0,0,2,50.0,50.0,voiture,deux_roues,1,2,9,1,1
201900008911,2019-08-08 20:40:00,2019,8,8,20,40,6,06027,TILLEULS ALLEE DES,43.66058,7.15225,Nuit avec éclairage allumé,En agglomération,Hors intersection,Normale,Deux véhicules - frontale,4,1,2,0,1,3,1,5,1,50,2,2,1,0,0,1,22.0,31.0,voiture,deux_roues,5,2,1,1,1
201900008912,2019-08-06 00:00:00,2019,8,6,0,0,6,06027,SOUTINE RUE,43.665792,7.152681,Nuit sans éclairage public,En agglomération,Hors intersection,Normale,Trois véhicules et plus - collisions multiples,4,2,2,0,1,1,1,0,1,50,3,3,2,0,0,1,25.0,40.0,voiture,voiture,3,2,1,1,5
201900008913,2019-08-07 02:00:00,2019,8,7,2,0,6,06155,RD6007,43.551094,7.056975,Nuit avec éclairage allumé,Hors agglomération,Hors intersection,Normale,Sans collision,3,1,0,0,1,3,1,5,1,70,1,1,0,1,0,0,62.0,,deux_roues,,5,1,1,1,7
201900008914,2019-08-07 09:00:00,2019,8,7,9,0,5,05023,SOIE (RUE DE LA),44.89414,6.63538,Plein jour,En agglomération,Hors intersection,Normale,Deux véhicules - frontale,4,2,2,0,1,2,1,0,1,50,2,4,3,0,0,1,46.0,59.0,deux_roues,voiture,1,2,1,1,1
201900008915,2019-08-09 09:35:00,2019,8,9,9,35,75,75116,ECH MAILLOT,48.8779324,2.2797999,Plein jour,En agglomération,Hors intersection,Pluie légère,Sans collision,4,1,2,0,1,3,3,1,1,50,1,1,0,0,0,1,32.0,,deux_roues,,1,2,1,2,7
201900008916,2019-08-08 19:20:00,2019,8,8,19,20,75,75114,BD PERIPHERIQUE EXTERIEUR,48.824292,2.30637,Plein jour,En agglomération,Hors intersection,Normale,Deux véhicules - côté,4,1,3,0,1,1,1,0,1,70,2,2,1,0,0,1,24.0,38.0,deux_roues,voiture,1,2,1,1,3
201900008917,2019-08-08 12:20:00,2019,8,8,12,20,75,75112,BD PERIPHERIQUE EXTERIEUR,48.844933,2.41426,Plein jour,En agglomération,Hors intersection,Temps éblouissant,Autre collision,4,-1,4,0,1,1,1,0,1,70,1,1,0,0,0,1,51.0,,deux_roues,,1,2,1,7,6
201900008918,2019-08-08 09:15:00,2019,8,8,9,15,75,75112,BD PERIPHERIQUE INTERIEUR,48.829639,2.401076,Plein jour,En agglomération,Hors intersection,Normale,Autre collision,4,1,4,0,1,1,1,0,1,70,3,2,1,0,0,1,26.0,29.0,deux_roues,voiture,1,2,1,1,6
201900008919,2019-08-07 20:30:00,2019,8,7,20,30,75,75114,ECHANGEUR CHATILLON,48.8209476,2.3217389,Plein jour,En agglomération,Intersection en Y,Normale,Deux véhicules - arrière,4,1,2,0,2,1,1,0,1,50,2,2,1,0,0,1,57.0,38.0,voiture,voiture,1,2,4,1,2
201900008920,2019-08-07 12:53:00,2019,8,7,12,53,75,75116,BD PERIPHERIQUE EXTERIEUR,48.864978,2.267427,Plein jour,En agglomération,Hors intersection,Normale,Autre collision,4,3,4,0,1,1,1,0,1,70,1,1,0,0,0,1,39.0,,utilitaire_camion,,1,2,1,1,6
201900008921,2019-08-08 23:38:00,2019,8,8,23,38,75,75120,BOULEVARD DE BELLEVILLE,48.8688999,2.380828,Nuit avec éclairage allumé,En agglomération,Hors intersection,Normale,Autre collision,4,3,2,0,1,1,1,0,1,50,1,2,0,0,1,1,41.0,,deux_roues,,5,2,1,1,6
201900008922,2019-08-07 18:25:00,2019,8,7,18,25,75,75114,ECHANGEUR CHATILLON,48.8205744,2.324223,Plein jour,En agglomération,Intersection en Y,Normale,Autre collision,4,1,2,0,1,1,1,0,1,50,1,3,0,0,1,2,,,,,1,2,4,1,6
201900008923,2019-08-08 22:20:00,2019,8,8,22,20,75,75105,RUE MOUFFETARD,48.8443968,2.3492616,Nuit avec éclairage allumé,En agglomération,Place,Normale,Autre collision,4,1,1,0,1,2,1,5,1,30,1,2,1,0,0,1,54.0,,voiture,,5,2,7,1,6
201900008924,2019-11-23 01:15:00,2019,11,23,1,15,64,64140,BOULEVARD JACQUES DUCLOS,43.5269347,-1.4640513,Nuit sans éclairage public,En agglomération,Hors intersection,Pluie légère,Sans collision,3,2,2,0,3,1,2,8,1,50,1,2,1,0,1,0,24.0,,voiture,,3,2,1,2,7
201900008925,2019-11-22 18:20:00,2019,11,22,18,20,60,60057,BLAISE PASCAL  (AVENUE),49.41614,2.11032,Crépuscule ou aube,En agglomération,Hors intersection,Normale,Deux véhicules - côté,4,2,2,0,1,1,1,0,1,50,2,2,1,0,0,1,29.0,40.0,voiture,deux_roues,2,2,1,1,3
201900008926,2019-11-23 23:45:00,2019,11,23,23,45,59,59512,NATIONS UNIES (AVENUE DES),50.694321,3.183113,Nuit avec éclairage allumé,En agglomération,Hors intersection,Normale,Autre collision,4,3,4,2,1,3,1,0,1,50,1,2,1,0,0,1,21.0,,voiture,,5,2,1,1,6
201900008927,2019-11-23 08:30:00,2019,11,23,8,30,51,51454,127 RUE DE NEUFCHATEL,49.276398,4.026868,Plein jour,En agglomération,Intersection en X,Pluie légère,Deux véhicules - côté,4,2,2,0,1,1,2,0,1,50,2,2,1,0,1,0,32.0,31.0,voiture,deux_roues,1,2,2,2,3
201900008928,2019-11-23 13:55:00,2019,11,23,13,55,45,45284,AV CHARLES PEGUY,47.9049643,1.945157,Plein jour,En agglomération,Giratoire,Temps couvert,Sans collision,4,2,2,0,1,1,2,0,1,50,1,1,0,0,0,1,22.0,,deux_roues,,1,2,6,8,7
201900008929,2019-11-23 12:49:00,2019,11,23,12,49,45,45234,AV DE SOLOGNE,47.83319,1.91801,Plein jour,En agglomération,Hors intersection,Normale,Sans collision,3,3,4,0,1,1,2,0,1,90,1,1,0,0,0,1,,,voiture,,1,2,1,1,7
201900008930,2019-11-22 18:35:00,2019,11,22,18,35,44,44055,OCÉAN ( BOULEVARD DE L' ),47.27856,-2.37344,Nuit avec éclairage allumé,En agglomération,Hors intersection,Pluie forte,Autre collision,4,3,4,1,1,1,2,9,1,50,1,3,1,1,1,0,31.0,,voiture,,5,2,1,3,6
201900008931,2019-11-23 08:50:00,2019,11,23,8,50,42,42187,CLERMONT (RUE DE ),46.03029,4.0668,Plein jour,En agglomération,Hors intersection,Pluie légère,Sans collision,4,2,2,0,2,1,2,0,1,50,1,1,0,0,0,1,15.0,,deux_roues,,1,2,1,2,7
201900008932,2019-11-23 17:00:00,2019,11,23,17,0,38,38185,RUE COMMANDANT DE REYNIÈS,45.18029,5.71974,Nuit avec éclairage allumé,En agglomération,Hors intersection,Pluie légère,Trois véhicules et plus - en chaîne,4,2,2,0,1,1,2,0,1,50,3,3,1,0,0,2,28.0,39.0,voiture,voiture,5,2,1,2,4
201900008933,2019-11-23 10:15:00,2019,11,23,10,15,38,38185,LIBERATION (COURS)        1 A 15,45.16984,5.71287,Plein jour,En agglomération,Intersection en X,Normale,Autre collision,3,3,2,0,1,1,1,0,1,50,1,2,1,0,0,1,23.0,,voiture,,1,2,2,1,6
201900008934,2019-11-23 08:50:00,2019,11,23,8,50,38,38185,BOULEVARD MARÉCHAL LECLERC,45.19388,5.73582,Plein jour,En agglomération,Intersection en X,Normale,Autre collision,3,3,2,0,1,1,1,0,1,50,1,2,1,0,1,0,23.0,,utilitaire_camion,,1,2,2,1,6
201900008935,2019-11-23 10:15:00,2019,11,23,10,15,37,37261,DANIEL MAYER,47.4189043,0.7065479,Plein jour,En agglomération,Intersection en X,Temps couvert,Deux véhicules - côté,4,2,2,0,1,1,2,0,1,50,2,4,2,0,0,2,24.0,47.0,voiture,voiture,1,2,2,8,3
201900008936,2019-11-23 07:50:00,2019,11,23,7,50,37,37195,PROUDHON (AVENUE),47.3938101,0.6646729,Plein jour,En agglomération,Hors intersection,Temps couvert,Autre collision,3,3,4,0,1,3,2,2,1,4,1,1,0,0,0,1,28.0,,voiture,,1,2,1,8,6
201900008937,2019-11-23 20:10:00,2019,11,23,20,10,35,35238,GALICIE (SQUARE DE),48.08773,-1.65249,Nuit avec éclairage allumé,En agglomération,Autre intersection,Pluie légère,Autre collision,4,1,1,0,1,1,2,0,1,30,1,2,1,0,1,0,20.0,,voiture,,5,2,9,2,6
201900008938,2019-11-23 09:15:00,2019,11,23,9,15,35,35238,R.N. 136,48.13907,-1.69932,Plein jour,Hors agglomération,Hors intersection,Temps couvert,Autre collision,2,1,1,0,3,3,2,3,2,50,1,1,0,0,0,1,19.0,,voiture,,1,1,1,8,6
201900008939,2019-11-23 06:30:00,2019,11,23,6,30,35,35238,VOLNEY (BD),48.12186,-1.66268,Nuit avec éclairage allumé,En agglomération,Intersection en X,Normale,Deux véhicules - frontale,4,2,1,0,1,1,2,5,1,50,2,2,1,0,1,0,18.0,53.0,voiture,deux_roues,5,2,2,1,1
201900008940,2019-11-23 21:35:00,2019,11,23,21,35,34,34172,COLOMB (PLACE CHRISTOPHE),43.6061001,3.8989742,Nuit avec éclairage allumé,En agglomération,Giratoire,Pluie forte,Deux véhicules - côté,4,1,2,0,1,2,2,5,1,50,2,2,1,0,0,1,27.0,27.0,deux_roues,voiture,5,2,6,3,3
201900008941,2019-11-23 19:05:00,2019,11,23,19,5,34,34172,LIBERTE (AVENUE DE LA,43.60934,3.83808,Nuit sans éclairage public,En agglomération,Hors intersection,Pluie légère,Deux véhicules - arrière,4,-1,1,0,1,1,2,0,1,50,2,4,2,0,0,2,51.0,57.0,voiture,voiture,3,2,1,2,2
201900008942,2019-11-23 17:46:00,2019,11,23,17,46,34,34172,MENDES FRANCE (AVENUE PRESIDENT PIERRE,43.60812,3.92607,Nuit avec éclairage allumé,En agglomération,Hors intersection,Normale,Deux véhicules - arrière,3,1,3,0,1,1,2,0,1,70,2,2,1,0,1,0,18.0,29.0,voiture,deux_roues,5,2,1,1,2
201900008943,2019-11-23 16:50:00,2019,11,23,16,50,34,34172,GOSSEC (RUE FRANCOIS-JOSEPH),43.57512,3.85974,Crépuscule ou aube,En agglomération,Autre intersection,Normale,Deux véhicules - côté,3,-1,2,0,1,3,1,0,1,50,2,2,1,0,0,1,21.0,45.0,voiture,deux_roues,2,2,9,1,3
201900008944,2019-11-23 04:50:00,2019,11,23,4,50,32,32013,CORPS FRANC POMMIES (AVENUE DU),43.6267,0.5783,Nuit sans éclairage public,En agglomération,Hors intersection,Autre,Autre collision,2,2,2,0,1,1,2,0,1,70,1,1,0,0,1,0,29.0,,voiture,,3,2,1,9,6
201900008945,2019-11-20 18:15:00,2019,11,20,18,15,25,25388,carrefour de l'Etuve et des Alliés,47.51189,6.79968,Nuit avec éclairage allumé,En agglomération,Intersection en Y,Normale,Autre collision,3,1,2,0,1,2,1,5,1,50,1,2,1,0,1,0,38.0,,transport_commun,,5,2,4,1,6
201900008946,2019-11-23 17:20:00,2019,11,23,17,20,13,13213,CHEMIN DU MERLAN A LA ROSE ,43.33016,5.41279,Nuit avec éclairage allumé,En agglomération,Hors intersection,Pluie légère,Autre collision,4,2,6,0,1,1,2,0,1,50,1,2,1,0,1,0,52.0,,voiture,,5,2,1,2,6
201900008947,2019-11-23 15:50:00,2019,11,23,15,50,13,13204,FRANÇOISE DUPARC (BOULEVARD),43.3019,5.4003,Plein jour,En agglomération,Intersection en T,Pluie légère,Deux véhicules - côté,4,2,6,0,1,1,1,8,1,50,2,3,2,0,0,1,24.0,52.0,voiture,voiture,1,2,3,2,3
201900008948,2019-11-23 06:45:00,2019,11,23,6,45,13,13209,SCHLOESING (BOULEVARD),43.27272,5.40086,Nuit avec éclairage allumé,En agglomération,Hors intersection,Pluie forte,Deux véhicules - côté,4,2,6,0,1,1,3,0,1,50,2,1,0,0,0,1,51.0,,voiture,,5,2,1,3,3
201900008949,2019-11-23 09:54:00,2019,11,23,9,54,10,10387,GENERAL SARRAIL (RUE DU),48.31312,4.06348,Plein jour,En agglomération,Hors intersection,Temps couvert,Autre collision,4,2,1,0,1,1,2,0,1,50,1,2,1,0,0,1,32.0,,utilitaire_camion,,1,2,1,8,6
201900008950,2019-11-22 11:47:00,2019,11,22,11,47,10,10362,VOIE DE CORPS (CHEMIN),48.29068,4.01984,Plein jour,En agglomération,Intersection en T,Normale,Deux véhicules - frontale,4,2,2,0,1,1,1,0,1,50,2,2,1,0,0,1,75.0,15.0,voiture,deux_roues,1,2,3,1,1
201900008951,2019-11-22 20:40:00,2019,11,22,20,40,6,06012,"CORNICHE (MOYENNE, N° 1 A 2015)",43.746059,7.425993,Nuit avec éclairage allumé,En agglomération,Intersection en Y,Pluie forte,Deux véhicules - frontale,3,2,2,0,1,3,2,0,1,50,2,2,1,0,0,1,40.0,18.0,voiture,voiture,5,2,4,3,1
201900008952,2019-11-21 09:50:00,2019,11,21,9,50,75,75112,BD PERIPHERIQUE EXTERIEUR,48.828074,2.396298,Plein jour,En agglomération,Hors intersection,Normale,Trois véhicules et plus - en chaîne,4,1,4,0,1,1,1,0,1,70,4,4,2,0,1,1,55.0,60.0,deux_roues,deux_roues,1,2,1,1,4
201900008953,2019-11-22 19:17:00,2019,11,22,19,17,75,75115,PONT DU GARIGLIANO,48.839221,2.268618,Nuit avec éclairage allumé,En agglomération,Hors intersection,Normale,Trois véhicules et plus - en chaîne,4,2,6,3,1,1,1,2,1,50,3,3,2,1,0,0,55.0,52.0,utilitaire_camion,deux_roues,5,2,1,1,4
201900008954,2019-11-23 12:00:00,2019,11,23,12,0,75,75118,RUE DE L EVANGILE,48.8958069,2.3712783,Plein jour,En agglomération,Intersection en T,Temps couvert,Deux véhicules - côté,4,2,3,0,1,1,2,0,1,50,2,2,1,0,0,1,27.0,26.0,utilitaire_camion,deux_roues,1,2,3,8,3
201900008955,2019-11-23 09:55:00,2019,11,23,9,55,75,75116,RUE POUSSIN,48.8488376,2.2647379,Plein jour,En agglomération,Intersection en T,Pluie légère,Autre collision,4,1,1,0,1,1,2,0,1,50,1,2,1,0,0,1,57.0,,voiture,,1,2,3,2,6
201900008956,2019-11-23 09:30:00,2019,11,23,9,30,75,75115,RUE DE LA CONVENTION,48.8370086,2.2971457,Plein jour,En agglomération,Intersection en Y,Pluie légère,Autre collision,4,2,2,0,1,1,2,0,1,50,1,2,1,0,0,1,26.0,,transport_commun,,1,2,4,2,6
201900008957,2019-11-22 22:40:00,2019,11,22,22,40,75,75115,QUAI D ISSY LES MOULINEAUX,48.836313,2.2673142,Nuit sans éclairage public,En agglomération,Hors intersection,Pluie légère,Deux véhicules - arrière,4,3,4,0,1,1,2,0,1,50,2,4,0,0,0,4,29.0,33.0,voiture,voiture,3,2,1,2,2
201900008958,2019-11-23 19:15:00,2019,11,23,19,15,75,75114,BOULEVARD RASPAIL,48.8414885,2.3297742,Nuit avec éclairage allumé,En agglomération,Intersection en Y,Normale,Deux véhicules - côté,4,2,2,0,1,1,2,0,1,50,2,2,1,0,0,1,39.0,23.0,deux_roues,voiture,5,2,4,1,3
201900008959,2019-11-23 22:15:00,2019,11,23,22,15,75,75111,AVENUE DE LA REPUBLIQUE,48.8666337,2.367325,Nuit avec éclairage allumé,En agglomération,Intersection en Y,Normale,Autre collision,4,3,2,0,1,1,1,0,1,50,2,1,0,0,0,1,20.0,,deux_roues,,5,2,4,1,6
201900008960,2019-11-23 21:20:00,2019,11,23,21,20,75,75111,AVENUE DE LA REPUBLIQUE,48.8656422,2.3725686,Nuit avec éclairage allumé,En agglomération,Intersection en Y,Normale,Deux véhicules - côté,4,2,2,0,1,1,1,0,1,30,2,2,1,0,0,1,37.0,22.0,deux_roues,voiture,5,2,4,1,3
201900008961,2019-11-23 17:15:00,2019,11,23,17,15,75,75110,RUE DE L AQUEDUC,48.8820952,2.3633909,Crépuscule ou aube,En agglomération,Intersection en X,Normale,Autre collision,4,2,2,0,1,1,2,0,1,50,1,2,1,0,0,1,49.0,,voiture,,2,2,2,1,6
201900008962,2019-11-23 13:40:00,2019,11,23,13,40,75,75110,BOULEVARD DE MAGENTA,48.874913,2.357302,Plein jour,En agglomération,Intersection en X,Temps couvert,Deux véhicules - côté,4,2,4,0,1,1,2,5,1,50,2,2,1,0,0,1,19.0,18.0,voiture,deux_roues,1,2,2,8,3
201900008963,2019-11-23 03:55:00,2019,11,23,3,55,75,75101,RUE DE RIVOLI,48.863443,2.333036,Nuit avec éclairage allumé,En agglomération,Hors intersection,Pluie légère,Sans collision,4,1,3,3,1,1,2,0,6,50,1,1,0,0,0,1,28.0,,deux_roues,,5,2,1,2,7
201900008964,2019-11-23 10:00:00,2019,11,23,10,0,94,94068,FOCH (AV),48.79943,2.499,Plein jour,En agglomération,Intersection en X,Pluie légère,Deux véhicules - côté,3,2,2,0,1,1,2,0,1,50,2,3,2,0,0,1,49.0,32.0,voiture,voiture,1,2,2,2,3