accident_id,datetime,annee,mois,jour,heure,minute,departement,commune_insee,adresse,latitude,longitude,luminosite,agglomeration,intersection,meteo,collision,catr,circ,nbv,vosp,prof,plan,surf,infra,situ,vma,nb_vehicules,nb_usagers,nb_indemnes,nb_tues,nb_blesses_hosp,nb_blesses_legers,age_cond_1,age_cond_2,veh_type_cond_1,veh_type_cond_2,lum_code,agg_code,int_code,atm_code,col_code
201900009055,2019-11-22 11:00:00,2019,11,22,11,0,69,69286,ROUTE DE STRASBOURG D 483           (RO),45.81588,4.89012,Plein jour,En agglomération,Hors intersection,Normale,Autre collision,3,-1,3,0,1,3,1,5,1,50,1,1,0,0,0,1,,,,,1,2,1,1,6
201900009056,2019-11-21 18:20:00,2019,11,21,18,20,69,69286,ROUTE DE GENEVE                     (RO),45.80677,4.88953,Nuit avec éclairage allumé,En agglomération,Hors intersection,Pluie légère,Trois véhicules et plus - en chaîne,3,2,2,0,1,1,2,0,1,50,3,4,3,0,1,0,26.0,45.0,deux_roues,voiture,5,2,1,2,4
201900009057,2019-11-22 09:39:00,2019,11,22,9,39,2B,2B120,11 - RT,42.6608,9.4421,Plein jour,En agglomération,Hors intersection,Normale,Deux véhicules - côté,2,1,4,0,2,1,1,0,1,70,2,2,1,0,0,1,71.0,58.0,voiture,voiture,1,2,1,1,3
201900009058,2019-11-22 07:45:00,2019,11,22,7,45,2A,2A004,LORETTO CHEMIN,41.93329,8.72368,Plein jour,En agglomération,Intersection à plus de 4 branches,Temps couvert,Deux véhicules - côté,4,2,2,0,2,3,2,0,1,30,2,2,1,0,0,1,60.0,30.0,voiture,voiture,1,2,5,8,3
201900009059,2019-11-22 09:40:00,2019,11,22,9,40,91,91589,PERVENCHES (RUE DES),48.690015,2.354375,Plein jour,En agglomération,Hors intersection,Normale,Deux véhicules - côté,4,2,1,0,1,1,1,0,1,50,2,2,1,0,0,1,30.0,35.0,deux_roues,voiture,1,2,1,1,3
201900009060,2019-11-20 11:30:00,2019,11,20,11,30,91,91161,PIERRE BROSSOLETTE (AVENUE),48.69958,2.31144,Plein jour,En agglomération,Hors intersection,Normale,Autre collision,3,2,4,0,1,1,9,2,1,50,1,1,0,0,0,1,26.0,,deux_roues,,1,2,1,1,6
201900009061,2019-11-21 09:30:00,2019,11,21,9,30,91,91223,PONT SAINT JEAN (RUE DU),48.435623,2.152196,Plein jour,En agglomération,Intersection en X,Normale,Autre collision,4,2,2,0,2,1,1,9,1,50,1,2,1,0,0,1,46.0,,voiture,,1,2,2,1,6
201900009062,2019-11-21 17:57:00,2019,11,21,17,57,87,87085,MONTJOVIS (AVENUE),45.8368,1.24965,Crépuscule ou aube,En agglomération,Hors intersection,Pluie légère,Autre collision,4,2,2,0,1,1,2,0,4,50,1,2,1,0,0,1,80.0,,voiture,,2,2,1,2,6
201900009063,2019-11-21 07:33:00,2019,11,21,7,33,86,86041,RN 147 BUXEROLLES,46.6090908,0.3914523,Crépuscule ou aube,Hors agglomération,Hors intersection,Normale,Trois véhicules et plus - en chaîne,2,3,4,0,2,1,1,0,1,90,3,4,0,0,0,4,52.0,18.0,voiture,voiture,2,1,1,1,4
201900009064,2019-11-22 18:00:00,2019,11,22,18,0,83,83137,GROIGNARD (AVE),43.1472,5.9023,Nuit avec éclairage allumé,En agglomération,Hors intersection,Pluie forte,Autre collision,3,2,2,0,2,1,2,0,1,50,1,2,1,0,0,1,48.0,,voiture,,5,2,1,3,6
201900009065,2019-11-22 16:45:00,2019,11,22,16,45,83,83144,D.I.C. (AVE DE LA 9EME),43.13954,5.98266,Nuit avec éclairage allumé,En agglomération,Hors intersection,Pluie forte,Autre collision,4,3,1,0,2,1,3,0,1,30,1,3,1,0,0,2,81.0,,voiture,,5,2,1,3,6
201900009066,2019-11-20 07:40:00,2019,11,20,7,40,80,80021,GENERAL FRERE (RUE DU),49.90641,2.30373,Nuit avec éclairage allumé,En agglomération,Hors intersection,Normale,Autre collision,4,2,2,0,2,1,1,0,1,50,1,2,1,0,0,1,35.0,,voiture,,5,2,1,1,6
201900009067,2019-11-21 18:10:00,2019,11,21,18,10,78,78092,TOURGUENIEF YVAN (RUE   ),48.86808,2.146486,Crépuscule ou aube,En agglomération,Hors intersection,Normale,Deux véhicules - arrière,3,1,4,0,1,1,1,0,1,50,2,2,1,0,0,1,40.0,61.0,voiture,deux_roues,2,2,1,1,2
201900009068,2019-11-21 17:05:00,2019,11,21,17,5,78,78517,,48.626092,1.822492,Nuit avec éclairage allumé,En agglomération,Hors intersection,Pluie légère,Deux véhicules - côté,3,2,2,0,1,1,2,0,1,80,2,2,0,0,1,1,62.0,54.0,voiture,voiture,5,2,1,2,3
201900009069,2019-11-21 11:00:00,2019,11,21,11,0,78,78220,BOURBONNERIE (RUE DE LA),48.716518,1.893672,Plein jour,En agglomération,Hors intersection,Normale,Autre collision,4,2,2,0,1,3,1,0,1,50,1,2,1,0,1,0,82.0,,voiture,,1,2,1,1,6
201900009070,2019-11-22 19:20:00,2019,11,22,19,20,78,78624,RD1,48.968599,2.011315,Nuit avec éclairage allumé,Hors agglomération,Hors intersection,Normale,Trois véhicules et plus - en chaîne,3,2,2,0,1,1,1,0,1,50,3,3,2,0,0,1,26.0,28.0,voiture,voiture,5,1,1,1,4
201900009071,2019-11-20 14:40:00,2019,11,20,14,40,77,77468,PARIS (RUE DE),48.85025,2.64766,Plein jour,En agglomération,Hors intersection,Normale,Autre collision,4,2,2,3,1,1,1,0,1,30,1,2,1,0,1,0,77.0,,voiture,,1,2,1,1,6
201900009072,2019-11-20 14:05:00,2019,11,20,14,5,77,77468,LINGENFELD (AVENUE DE),48.85047,2.64938,Plein jour,En agglomération,Intersection en T,Normale,Autre collision,4,2,2,0,1,1,1,6,1,30,1,2,1,0,0,1,78.0,,voiture,,1,2,3,1,6
201900009073,2019-11-21 19:20:00,2019,11,21,19,20,76,76575,ROUSSEAU. RUE JEAN JACQUES,49.38112,1.10975,Nuit avec éclairage non allumé,Hors agglomération,Hors intersection,Normale,Deux véhicules - côté,4,2,2,0,1,1,1,1,1,50,2,3,1,0,0,2,37.0,17.0,voiture,deux_roues,4,1,1,1,3
201900009074,2019-11-22 14:15:00,2019,11,22,14,15,72,72181,Robert Jarry (Bd),47.99705,0.18952,Plein jour,En agglomération,Hors intersection,Normale,Autre collision,4,2,4,3,1,1,1,0,1,50,1,2,1,0,0,1,38.0,,voiture,,1,2,1,1,6
201900009075,2019-11-20 18:25:00,2019,11,20,18,25,71,71076,HERRIOT (AVENUE EDOUARD),46.79964,4.8684,Nuit avec éclairage allumé,En agglomération,Hors intersection,Brouillard / fumée,Deux véhicules - côté,4,2,2,0,1,1,1,5,1,50,2,2,1,0,1,0,33.0,42.0,deux_roues,voiture,5,2,1,5,3
201900009076,2019-11-22 15:40:00,2019,11,22,15,40,69,69266,SCHMIDT        (Rue),45.77774,4.87436,Plein jour,En agglomération,Intersection en T,Normale,Autre collision,4,1,1,0,1,2,1,0,1,50,1,2,1,0,0,1,75.0,,voiture,,1,2,3,1,6
201900009077,2019-11-21 20:35:00,2019,11,21,20,35,69,69266,LAURENT BONNEVAY    (Boulevard),45.78515,4.8695,Nuit avec éclairage non allumé,En agglomération,Hors intersection,Pluie légère,Deux véhicules - arrière,4,1,2,0,1,1,2,0,1,70,2,2,1,0,0,1,22.0,49.0,voiture,voiture,4,2,1,2,2
201900009078,2019-11-21 22:35:00,2019,11,21,22,35,69,69256,BOLHEN   (DE)                        (AV,45.76654,4.9303,Nuit avec éclairage allumé,En agglomération,Hors intersection,Pluie forte,Autre collision,4,2,5,3,1,1,2,0,1,50,1,2,1,0,0,1,22.0,,voiture,,5,2,1,3,6
201900009079,2019-11-20 07:10:00,2019,11,20,7,10,69,69290,ANATOLE FRANCE                      (R ),45.69081,4.9369,Crépuscule ou aube,En agglomération,Intersection en T,Normale,Autre collision,4,1,3,1,1,1,1,9,1,30,1,2,1,0,0,1,62.0,,voiture,,2,2,3,1,6
201900009080,2019-11-21 10:55:00,2019,11,21,10,55,69,69091,ANNE FRANCK ( R ),45.60284,4.76334,Plein jour,En agglomération,Hors intersection,Normale,Autre collision,6,-1,0,0,1,1,1,9,1,50,1,1,0,0,0,1,,,,,1,2,1,1,6
201900009081,2019-10-29 12:14:00,2019,10,29,12,14,68,68066,ST JOSEPH (RUE),48.0,7.356979,Plein jour,En agglomération,Hors intersection,Normale,Trois véhicules et plus - collisions multiples,4,2,2,0,1,1,1,0,1,50,4,7,6,0,0,1,61.0,67.0,voiture,voiture,1,2,1,1,5
201900009082,2019-11-22 04:50:00,2019,11,22,4,50,67,67482,MARCHE GARE (RUE DU),48.5964,7.73877,Nuit avec éclairage allumé,En agglomération,Hors intersection,Normale,Deux véhicules - côté,4,2,3,0,1,2,1,3,1,50,2,3,2,0,0,1,44.0,39.0,utilitaire_camion,utilitaire_camion,5,2,1,1,3
201900009083,2019-11-20 18:02:00,2019,11,20,18,2,66,66136,VIELLEDENT (JEAN),42.69487,2.90105,Crépuscule ou aube,En agglomération,Hors intersection,Normale,Deux véhicules - côté,4,2,2,0,1,1,1,0,1,50,2,2,1,0,0,1,35.0,19.0,voiture,deux_roues,2,2,1,1,3
201900009084,2019-11-22 18:35:00,2019,11,22,18,35,64,64348,EUROPE DE L',43.3168318,-0.3949307,Nuit avec éclairage non allumé,En agglomération,Hors intersection,Temps couvert,Autre collision,3,2,2,1,2,1,1,0,1,50,1,2,1,0,1,0,46.0,,voiture,,4,2,1,8,6
201900009085,2019-11-22 11:35:00,2019,11,22,11,35,64,64445,PASTEUR,43.301958,-0.3715559,Plein jour,En agglomération,Hors intersection,Temps couvert,Autre collision,4,1,1,0,1,1,1,0,1,50,1,2,1,0,0,1,48.0,,voiture,,1,2,1,8,6
201900009086,2019-11-21 18:10:00,2019,11,21,18,10,64,64445,LARRIBAU,43.3147,-0.3244,Nuit avec éclairage allumé,En agglomération,Intersection en T,Normale,Deux véhicules - frontale,4,2,2,0,1,1,1,0,1,50,2,2,1,0,0,1,32.0,22.0,voiture,voiture,5,2,3,1,1
201900009087,2019-11-01 05:00:00,2019,11,1,5,0,64,64122,BAB(BOULEVARD),43.4681853,-1.542063,Nuit avec éclairage allumé,En agglomération,Hors intersection,Pluie légère,Autre collision,3,2,4,0,1,3,2,0,1,70,1,1,0,1,0,0,45.0,,deux_roues,,5,2,1,2,6
201900009088,2019-11-21 14:25:00,2019,11,21,14,25,64,64024,BUTTE AUX CAILLES (ROND POINT DE LA),43.496993,-1.50974,Plein jour,En agglomération,Hors intersection,Normale,Sans collision,4,-1,2,0,1,2,1,0,1,50,1,1,0,0,0,1,71.0,,deux_roues,,1,2,1,1,7
201900009089,2019-11-20 10:30:00,2019,11,20,10,30,64,64102,ALSACE LORRAINE (BOULEVARD),43.4917,-1.46391,Plein jour,En agglomération,Giratoire,Normale,Deux véhicules - côté,4,1,1,0,1,2,1,0,1,50,2,2,1,0,0,1,54.0,31.0,voiture,deux_roues,1,2,6,1,3
201900009090,2019-11-21 14:00:00,2019,11,21,14,0,63,63164,Bois ( Allée Claude ),45.8276891,3.1525873,Plein jour,En agglomération,Intersection en T,Normale,Deux véhicules - côté,4,2,2,0,1,1,1,0,1,50,2,2,1,0,0,1,27.0,11.0,voiture,deux_roues,1,2,3,1,3
201900009091,2019-11-22 13:40:00,2019,11,22,13,40,59,59599,DUCHATELET (RUE DU LT-COLONEL JOSEPH),50.73233,3.18876,Plein jour,En agglomération,Hors intersection,Normale,Deux véhicules - côté,4,2,2,0,1,1,1,0,1,50,2,2,1,0,1,0,51.0,21.0,voiture,deux_roues,1,2,1,1,3
201900009092,2019-11-21 07:35:00,2019,11,21,7,35,59,59178,HERILLIER (PLACE L'),50.36303,3.07808,Nuit avec éclairage allumé,En agglomération,Giratoire,Normale,Deux véhicules - arrière,3,2,-1,-1,1,1,1,0,1,-1,2,2,1,0,0,1,19.0,49.0,deux_roues,voiture,5,2,6,1,2
201900009093,2019-11-18 13:20:00,2019,11,18,13,20,58,58194,MARECHAL JUIN,47.0055,3.1533,Plein jour,En agglomération,Intersection en T,Normale,Deux véhicules - côté,4,2,2,1,1,1,1,0,5,50,2,2,1,0,0,1,27.0,21.0,deux_roues,voiture,1,2,3,1,3
201900009094,2019-11-22 17:00:00,2019,11,22,17,0,54,54395,LEBRUN (RUE ALBERT),48.6858,6.1908,Plein jour,En agglomération,Hors intersection,Normale,Sans collision,4,2,2,0,1,1,1,0,1,50,1,1,0,0,0,1,51.0,,voiture,,1,2,1,1,7
201900009095,2019-11-22 14:00:00,2019,11,22,14,0,54,54184,BRIGACHTAL (AVENUE DE),48.704847,6.233679,Plein jour,En agglomération,Hors intersection,Normale,Deux véhicules - arrière,4,2,2,0,1,1,1,0,1,70,2,3,2,0,0,1,47.0,47.0,deux_roues,voiture,1,2,1,1,2
201900009096,2019-11-22 21:30:00,2019,11,22,21,30,51,51454,CHEMIN DE SAINT LEONARD,49.2249228,4.0968149,Nuit avec éclairage allumé,En agglomération,Giratoire,Pluie forte,Deux véhicules - arrière,4,1,1,0,1,2,2,0,1,50,2,2,1,0,0,1,21.0,31.0,deux_roues,voiture,5,2,6,3,2
201900009097,2019-11-22 17:35:00,2019,11,22,17,35,51,51573,RUE PAUL VAILLANT COUTURIER,49.2475616,4.0041721,Nuit avec éclairage allumé,En agglomération,Intersection en T,Normale,Deux véhicules - côté,4,2,3,0,2,1,1,0,1,50,2,3,2,0,1,0,17.0,48.0,deux_roues,voiture,5,2,3,1,3
201900009098,2019-11-22 14:20:00,2019,11,22,14,20,51,51454,AVENUE JEAN JAURES,49.2616441,4.0510169,Plein jour,En agglomération,Intersection en T,Temps éblouissant,Sans collision,4,2,2,3,1,1,1,0,1,50,1,2,1,0,0,1,28.0,,voiture,,1,2,3,7,7
201900009099,2019-11-21 13:10:00,2019,11,21,13,10,50,50129,POINCARE (AVENUE HENRI),49.62999,-1.60548,Plein jour,En agglomération,Hors intersection,Pluie légère,Autre collision,4,1,1,3,1,2,2,0,2,50,1,1,0,0,1,0,18.0,,deux_roues,,1,2,1,2,6
201900009100,2019-11-18 19:45:00,2019,11,18,19,45,50,50173,SALINE (BOULEVARD DE LA),49.65395,-1.64913,Nuit avec éclairage allumé,En agglomération,Intersection en X,Temps couvert,Deux véhicules - côté,3,3,4,1,1,1,1,5,1,70,2,4,0,0,0,4,30.0,23.0,utilitaire_camion,voiture,5,2,2,8,3
201900009101,2019-11-17 04:27:00,2019,11,17,4,27,50,50203,NATIONALE 13,49.600263,-1.597492,Nuit avec éclairage allumé,Hors agglomération,Hors intersection,Normale,Autre collision,2,1,1,0,2,3,2,0,1,50,1,1,0,0,1,0,28.0,,voiture,,5,1,1,1,6
201900009102,2019-11-17 18:05:00,2019,11,17,18,5,50,50129,BARBUSSE (RUE HENRI),49.61606,-1.65368,Nuit sans éclairage public,Hors agglomération,Hors intersection,Pluie forte,Trois véhicules et plus - en chaîne,3,2,2,2,2,1,2,0,1,50,4,4,1,0,0,3,24.0,27.0,utilitaire_camion,voiture,3,1,1,3,4
201900009103,2019-11-22 09:45:00,2019,11,22,9,45,45,45234,PL DU CHAMPS ST MARC,47.9064,1.92192,Plein jour,En agglomération,Place,Normale,Deux véhicules - arrière,4,3,4,0,1,2,2,5,1,50,2,2,1,0,0,1,35.0,43.0,voiture,voiture,1,2,7,1,2
201900009104,2019-11-22 08:05:00,2019,11,22,8,5,45,45234,R A SAVARY - R ST FIACRE,47.89059,1.90998,Crépuscule ou aube,En agglomération,Intersection en T,Temps couvert,Deux véhicules - côté,4,2,2,0,1,1,2,0,1,50,2,2,1,0,0,1,14.0,46.0,deux_roues,voiture,2,2,3,8,3
201900009105,2019-11-22 07:55:00,2019,11,22,7,55,45,45234,RUE DU NECOTIN - COLLEGE J ROSTAND,47.9171656,1.9375136,Nuit avec éclairage allumé,En agglomération,Hors intersection,Normale,Deux véhicules - frontale,4,2,2,0,1,1,2,0,1,50,2,2,1,0,0,1,52.0,12.0,voiture,deux_roues,5,2,1,1,1
201900009106,2019-09-17 11:00:00,2019,9,17,11,0,44,44109,BOULEVARD DES BELGES,47.23525,-1.54543,Plein jour,En agglomération,Hors intersection,Normale,Deux véhicules - côté,4,-1,2,0,1,1,1,0,1,50,2,2,1,0,0,1,23.0,39.0,deux_roues,voiture,1,2,1,1,3
201900009107,2019-07-05 14:10:00,2019,7,5,14,10,91,91027,MORANGIS (AVENUE DE),48.705563,2.359599,Plein jour,En agglomération,Intersection en T,Normale,Deux véhicules - côté,4,2,2,0,1,1,1,0,3,50,2,2,1,0,1,0,17.0,46.0,deux_roues,voiture,1,2,3,1,3
201900009108,2019-07-01 14:50:00,2019,7,1,14,50,91,91228,EUROPE (BD) N° PAIRS,48.63046,2.43107,Plein jour,En agglomération,Intersection en X,Normale,Deux véhicules - arrière,4,2,2,0,1,1,1,0,3,50,2,3,2,0,0,1,23.0,25.0,voiture,voiture,1,2,2,1,2
201900009109,2019-07-04 07:20:00,2019,7,4,7,20,91,91433,R.N.20,48.47048,2.1854,Plein jour,En agglomération,Hors intersection,Normale,Deux véhicules - arrière,2,3,4,0,1,1,1,0,3,90,2,2,1,0,0,1,58.0,41.0,voiture,voiture,1,2,1,1,2
201900009110,2019-07-04 20:11:00,2019,7,4,20,11,87,87085,BEL AIR (BOULEVARD DE),45.82088,1.2469,Plein jour,En agglomération,Hors intersection,Normale,Deux véhicules - côté,4,3,4,0,2,1,1,0,1,50,2,2,1,0,1,0,58.0,43.0,voiture,deux_roues,1,2,1,1,3
201900009111,2019-07-04 12:09:00,2019,7,4,12,9,87,87050,RD7,45.91041,1.22476,Plein jour,Hors agglomération,Hors intersection,Normale,Autre collision,3,2,2,0,1,1,1,0,1,80,1,1,0,0,0,1,68.0,,voiture,,1,1,1,1,6
201900009112,2019-07-03 09:12:00,2019,7,3,9,12,87,87085,DUSSOUBS (PLACE DENIS),45.83286,1.25568,Plein jour,En agglomération,Hors intersection,Normale,Deux véhicules - arrière,4,1,2,0,1,2,1,5,1,50,2,2,1,0,0,1,24.0,53.0,voiture,voiture,1,2,1,1,2
201900009113,2019-07-05 16:20:00,2019,7,5,16,20,86,86194,TIERS ETAT (COURS DU),46.59518,0.38246,Plein jour,En agglomération,Intersection en X,Normale,Deux véhicules - côté,4,3,4,2,1,1,1,0,1,50,2,2,1,0,1,0,17.0,42.0,deux_roues,voiture,1,2,2,1,3
201900009114,2019-07-03 15:55:00,2019,7,3,15,55,86,86194,8 MAI 1945 (AVENUE DU),46.55433,0.30914,Plein jour,En agglomération,Autre intersection,Normale,Autre collision,6,1,2,0,1,1,1,9,1,50,1,2,1,0,1,0,49.0,,voiture,,1,2,9,1,6
201900009115,2019-07-02 15:10:00,2019,7,2,15,10,85,85194, COURS JOSEPH DUPONT ,46.49782,-1.77935,Plein jour,En agglomération,Hors intersection,Normale,Autre collision,4,1,1,0,1,1,1,0,1,50,1,2,1,0,0,1,43.0,,voiture,,1,2,1,1,6
201900009116,2019-07-05 07:20:00,2019,7,5,7,20,83,83137,LE BELLEGOU (AVE EDOUARD),43.11936,5.93917,Plein jour,En agglomération,Hors intersection,Normale,Deux véhicules - arrière,4,2,2,0,1,3,1,0,1,50,2,2,1,0,1,0,47.0,56.0,deux_roues,autre,1,2,1,1,2
201900009117,2019-07-04 14:00:00,2019,7,4,14,0,83,83137,CAMUS (AVE ALBERT),43.13025,5.88189,Plein jour,En agglomération,Hors intersection,Normale,Autre collision,4,2,2,0,2,1,1,0,1,30,1,1,0,0,1,0,18.0,,deux_roues,,1,2,1,1,6
201900009118,2019-07-05 22:26:00,2019,7,5,22,26,83,83126,MOUISSEQUES (PLACE DES),43.10177,5.89447,Nuit avec éclairage allumé,En agglomération,Intersection en T,Normale,Deux véhicules - côté,4,2,0,0,1,1,1,0,1,50,2,2,0,0,1,1,29.0,49.0,deux_roues,voiture,5,2,3,1,3
201900009119,2019-07-04 22:15:00,2019,7,4,22,15,83,83118,BOULEVARD DE L'ASPÉ,43.44554,6.81208,Nuit avec éclairage allumé,En agglomération,Hors intersection,Normale,Deux véhicules - frontale,4,2,2,0,2,3,1,0,1,50,2,8,2,0,0,6,32.0,38.0,voiture,voiture,5,2,1,1,1
201900009120,2019-07-05 14:15:00,2019,7,5,14,15,82,82121,LANIS (CHEMIN DE),44.02974,1.33067,Plein jour,En agglomération,Intersection en T,Normale,Deux véhicules - côté,4,2,-1,-1,1,1,1,0,1,50,2,2,0,0,0,2,38.0,20.0,voiture,voiture,1,2,3,1,3
201900009121,2019-07-05 05:55:00,2019,7,5,5,55,82,82121,SAINT-NAUPHARY D 999 (ROUTE DE),43.99263,1.38876,Plein jour,Hors agglomération,Hors intersection,Normale,Deux véhicules - frontale,3,2,2,0,1,1,1,0,1,80,2,2,0,0,1,1,48.0,85.0,voiture,utilitaire_camion,1,1,1,1,1
201900009122,2019-07-03 16:40:00,2019,7,3,16,40,82,82121,MOULIN N 20 (AVENUE JEAN),44.02562,1.36556,Plein jour,En agglomération,Hors intersection,Normale,Deux véhicules - côté,4,2,5,0,1,1,1,0,1,50,2,2,1,0,1,0,41.0,66.0,voiture,deux_roues,1,2,1,1,3
201900009123,2019-07-03 17:30:00,2019,7,3,17,30,80,80021,R DU GENERAL LECLERC,49.89428,2.29305,Plein jour,En agglomération,Hors intersection,Normale,Autre collision,4,2,2,3,1,1,1,0,1,50,1,2,1,0,0,1,44.0,,transport_commun,,1,2,1,1,6
201900009124,2019-07-05 15:05:00,2019,7,5,15,5,79,79329,Boulevard de la Libération,46.99252,-0.21715,Plein jour,En agglomération,Intersection en X,Normale,Autre collision,3,3,4,0,1,1,1,0,1,70,2,2,1,0,0,1,25.0,25.0,voiture,deux_roues,1,2,2,1,6
201900009125,2019-07-03 19:30:00,2019,7,3,19,30,78,78396,PROCESSION (RUE DE LA),48.9435,2.13009,Plein jour,En agglomération,Intersection en T,Normale,Autre collision,3,2,2,0,1,1,1,0,3,50,1,1,0,0,1,0,72.0,,voiture,,1,2,3,1,6
201900009126,2019-07-06 23:31:00,2019,7,6,23,31,77,77468,D199 - ROUTE DE LA MARNE,48.84596,2.64443,Nuit avec éclairage allumé,Hors agglomération,Hors intersection,Normale,Sans collision,3,1,1,0,1,1,1,3,1,110,1,3,1,0,0,2,29.0,,voiture,,5,1,1,1,7
201900009127,2019-07-04 12:05:00,2019,7,4,12,5,77,77083,FLANDRES DUNKERQUE 1940 (RUE),48.8494407,2.5824209,Plein jour,En agglomération,Intersection en T,Normale,Deux véhicules - côté,4,2,2,0,1,1,1,0,1,50,2,2,1,0,0,1,21.0,34.0,deux_roues,voiture,1,2,3,1,3
201900009128,2019-07-04 22:20:00,2019,7,4,22,20,77,77305,D403 X D133-TOURNEBRIDE (GIRATOIRE DE),48.3988313,2.9781252,Nuit avec éclairage allumé,En agglomération,Giratoire,Normale,Autre collision,3,2,2,0,1,1,1,5,1,50,1,1,0,0,1,0,39.0,,deux_roues,,5,2,6,1,6
201900009129,2019-07-05 05:20:00,2019,7,5,5,20,77,77326,D346 X D50,48.5778675,2.5637552,Crépuscule ou aube,En agglomération,Intersection en X,Normale,Deux véhicules - côté,3,2,2,0,1,1,1,5,1,50,2,3,1,0,0,2,23.0,61.0,voiture,voiture,2,2,2,1,3
201900009130,2019-07-05 02:15:00,2019,7,5,2,15,77,77288,D39-PASTEUR (QUAI),48.53789,2.65803,Nuit avec éclairage allumé,En agglomération,Hors intersection,Normale,Deux véhicules - arrière,3,2,3,0,1,1,1,0,1,30,2,2,0,0,1,1,18.0,19.0,autre,deux_roues,5,2,1,1,2
201900009131,2019-07-04 07:28:00,2019,7,4,7,28,77,77285,BOIS GUYOT (RUE DU),48.5379408,2.6227704,Plein jour,En agglomération,Intersection en Y,Normale,Autre collision,4,2,2,0,1,1,1,0,2,50,1,1,0,0,1,0,,,,,1,2,4,1,6
201900009132,2019-07-04 18:10:00,2019,7,4,18,10,77,77284,ARIANE (ALLEE),48.95436,2.90701,Plein jour,En agglomération,Hors intersection,Normale,Autre collision,4,-1,1,0,1,1,1,0,1,30,1,2,1,0,1,0,62.0,,voiture,,1,2,1,1,6
201900009133,2019-07-03 09:05:00,2019,7,3,9,5,77,77243,D231 X RUE LOUIS BLERIOT,48.87478,2.72314,Plein jour,En agglomération,Intersection en X,Normale,Trois véhicules et plus - collisions multiples,3,2,2,0,2,1,1,5,1,50,3,3,1,0,0,2,25.0,39.0,voiture,voiture,1,2,2,1,5
201900009134,2019-07-05 08:45:00,2019,7,5,8,45,76,76498,DOCTEUR CHARCOT. RUE DU,49.42989,1.0644,Plein jour,En agglomération,Intersection en X,Normale,Deux véhicules - côté,4,1,1,0,1,1,1,0,1,50,2,1,0,0,0,1,35.0,,voiture,,1,2,2,1,3
201900009135,2019-07-05 11:20:00,2019,7,5,11,20,76,76351,AUGUSTE BLANQUI (PONT),49.4998,0.1624,Plein jour,En agglomération,Hors intersection,Normale,Autre collision,4,2,2,0,1,1,1,0,1,50,1,1,0,0,0,1,,,,,1,2,1,1,6
201900009136,2019-07-04 07:45:00,2019,7,4,7,45,76,76305,BREQUE (Route de la),49.48778,0.19621,Plein jour,Hors agglomération,Intersection en X,Normale,Autre collision,4,2,3,0,1,1,1,0,1,70,2,2,1,0,0,1,48.0,25.0,voiture,voiture,1,1,2,1,6
201900009137,2019-07-03 13:30:00,2019,7,3,13,30,76,76447,4 SAISONS (RUE DES ),49.53522,0.18551,Plein jour,En agglomération,Hors intersection,Normale,Autre collision,6,-1,0,0,1,1,1,0,1,30,1,2,1,0,1,0,65.0,,voiture,,1,2,1,1,6
201900009138,2019-07-05 15:13:00,2019,7,5,15,13,76,76217,GAMBETTA (AVENUE),49.91518,1.07477,Plein jour,En agglomération,Hors intersection,Normale,Autre collision,3,2,3,0,1,1,1,0,1,50,1,2,1,0,0,1,34.0,,voiture,,1,2,1,1,6
201900009139,2019-07-04 17:00:00,2019,7,4,17,0,74,74305,HENON (RUE ALBERT),46.20355,6.23761,Plein jour,En agglomération,Autre intersection,Normale,Deux véhicules - côté,4,3,2,0,1,1,1,0,1,50,2,2,1,0,0,1,60.0,21.0,utilitaire_camion,deux_roues,1,2,9,1,3
201900009140,2019-07-05 11:25:00,2019,7,5,11,25,72,72181,BREGUET LOUIS (RUE),47.97635,0.16726,Plein jour,En agglomération,Hors intersection,Normale,Deux véhicules - côté,4,2,2,2,1,1,1,0,1,50,2,3,2,0,1,0,76.0,48.0,deux_roues,utilitaire_camion,1,2,1,1,3
201900009141,2019-07-03 17:00:00,2019,7,3,17,0,72,72181,Boulevard Henri FRENAY,48.01564,0.24053,Plein jour,Hors agglomération,Hors intersection,Normale,Deux véhicules - côté,4,3,4,0,1,1,1,0,1,90,2,2,1,0,0,1,63.0,51.0,voiture,voiture,1,1,1,1,3
201900009142,2019-07-04 23:20:00,2019,7,4,23,20,71,71540,HUIT MAI (AVENUE DU),46.77382,4.44753,Nuit sans éclairage public,Hors agglomération,Hors intersection,Normale,Deux véhicules - côté,3,2,3,0,1,1,1,0,1,80,2,3,1,0,0,2,63.0,63.0,voiture,voiture,3,1,1,1,3
201900009143,2019-07-04 06:00:00,2019,7,4,6,0,71,71153,HARFLEUR (ROND POINT D'),46.79452,4.44855,Plein jour,En agglomération,Giratoire,Normale,Deux véhicules - côté,4,1,2,0,1,2,1,0,1,50,2,2,1,0,0,1,39.0,24.0,utilitaire_camion,deux_roues,1,2,6,1,3
201900009144,2019-07-05 17:45:00,2019,7,5,17,45,69,69282,JEAN JAURES                         (R ),45.7699652,5.0126624,Plein jour,En agglomération,Passage à niveau,Normale,Autre collision,4,2,2,0,1,1,1,0,1,50,1,3,2,0,0,1,35.0,,transport_commun,,1,2,8,1,6
201900009145,2019-07-05 17:45:00,2019,7,5,17,45,69,69256,EUGENE HENAFF                       (R ),45.77452,4.92684,Plein jour,En agglomération,Intersection en T,Normale,Autre collision,4,2,5,1,1,1,1,-1,1,30,1,3,1,0,0,2,62.0,,voiture,,1,2,3,1,6