accident_id,datetime,annee,mois,jour,heure,minute,departement,commune_insee,adresse,latitude,longitude,luminosite,agglomeration,intersection,meteo,collision,catr,circ,nbv,vosp,prof,plan,surf,infra,situ,vma,nb_vehicules,nb_usagers,nb_indemnes,nb_tues,nb_blesses_hosp,nb_blesses_legers,age_cond_1,age_cond_2,veh_type_cond_1,veh_type_cond_2,lum_code,agg_code,int_code,atm_code,col_code
201900009146,2019-07-05 08:05:00,2019,7,5,8,5,69,69266,LOUIS BRAILLE     (Rue),45.7617,4.88204,Plein jour,En agglomération,Intersection à plus de 4 branches,Normale,Deux véhicules - côté,7,1,1,0,1,1,1,0,1,50,2,4,0,0,0,4,37.0,,voiture,,1,2,5,1,3
201900009147,2019-07-05 15:20:00,2019,7,5,15,20,69,69264,FERRY JULES  R,45.9822495,4.7350211,Plein jour,En agglomération,Intersection en X,Normale,Deux véhicules - côté,4,2,2,0,1,1,1,0,1,50,2,2,1,0,0,1,59.0,49.0,voiture,voiture,1,2,2,1,3
201900009148,2019-07-03 08:10:00,2019,7,3,8,10,69,69091,VICTOR HUGO ( R ),45.5884,4.771,Plein jour,En agglomération,Intersection en X,Normale,Deux véhicules - côté,4,1,1,1,1,1,1,0,1,50,2,2,1,0,0,1,29.0,18.0,voiture,voiture,1,2,2,1,3
201900009149,2019-07-06 09:30:00,2019,7,6,9,30,68,68224,STOESSEL (BOULEVARD CHARLES),47.74131,7.3221,Plein jour,En agglomération,Hors intersection,Normale,Sans collision,4,2,2,3,2,1,1,9,1,50,1,2,0,2,0,0,68.0,,voiture,,1,2,1,1,7
201900009150,2019-07-04 12:20:00,2019,7,4,12,20,68,68066,REY (AVENUE JOSEPH),48.09573,7.37776,Plein jour,En agglomération,Autre intersection,Temps éblouissant,Deux véhicules - côté,4,1,0,0,1,1,1,0,1,50,2,2,1,0,1,0,43.0,15.0,voiture,deux_roues,1,2,9,7,3
201900009151,2019-07-04 17:30:00,2019,7,4,17,30,67,67482,PORTE DE L HOPITAL (RUE DE LA),48.576825,7.749718,Plein jour,En agglomération,Intersection en T,Normale,Deux véhicules - côté,4,1,1,0,1,1,1,0,1,30,2,2,1,0,0,1,55.0,20.0,deux_roues,voiture,1,2,3,1,3
201900009152,2019-07-04 12:20:00,2019,7,4,12,20,67,67218,LYON (RTE DE),48.529757,7.711333,Plein jour,En agglomération,Hors intersection,Normale,Autre collision,4,2,3,0,1,1,1,0,2,50,1,2,1,0,0,1,50.0,,utilitaire_camion,,1,2,1,1,6
201900009153,2019-07-03 19:15:00,2019,7,3,19,15,67,67043,ROBERTSAU (RUE DE LA),48.61296,7.764804,Plein jour,En agglomération,Hors intersection,Normale,Deux véhicules - arrière,4,2,2,0,1,1,1,0,1,40,2,2,1,0,0,1,29.0,27.0,voiture,voiture,1,2,1,1,2
201900009154,2019-07-03 14:25:00,2019,7,3,14,25,67,67482,HERRENSCHMIDT (AVENUE),48.59662,7.749729,Plein jour,En agglomération,Hors intersection,Normale,Trois véhicules et plus - en chaîne,4,3,3,0,1,1,1,0,1,50,3,3,1,0,0,2,41.0,33.0,voiture,voiture,1,2,1,1,4
201900009155,2019-07-03 16:52:00,2019,7,3,16,52,66,66136,BRIAND BOULEVARD ARISTIDE,42.69449,2.90145,Plein jour,En agglomération,Hors intersection,Normale,Deux véhicules - arrière,4,2,2,0,3,1,1,0,1,50,2,2,1,0,0,1,71.0,,voiture,,1,2,1,1,2
201900009156,2019-07-05 23:00:00,2019,7,5,23,0,64,64445,GENERAL DE GAULLE DU,43.30181,-0.35622,Nuit avec éclairage allumé,En agglomération,Intersection en X,Normale,Deux véhicules - côté,4,2,5,0,1,1,1,0,1,50,2,2,1,0,0,1,32.0,24.0,voiture,deux_roues,5,2,2,1,3
201900009157,2019-07-05 08:25:00,2019,7,5,8,25,64,64102,RESPLANDY (AVENUE DU CAPITAINE),43.4892034,-1.4664348,Plein jour,En agglomération,Hors intersection,Normale,Autre collision,4,2,2,0,1,1,1,0,1,50,1,3,1,0,0,2,79.0,,voiture,,1,2,1,1,6
201900009158,2019-04-17 22:15:00,2019,4,17,22,15,62,62643,MASURETTES ( Rue des ),50.70328,1.59503,Nuit avec éclairage allumé,En agglomération,Intersection à plus de 4 branches,Normale,Deux véhicules - côté,3,2,2,0,2,3,1,5,1,50,2,2,1,0,0,1,33.0,44.0,voiture,deux_roues,5,2,5,1,3
201900009159,2019-07-05 16:50:00,2019,7,5,16,50,62,62035,CAMUS ( RUE ALBERT ),50.531475,2.610133,Plein jour,Hors agglomération,Intersection en Y,Normale,Autre collision,2,2,3,0,2,1,1,5,1,80,1,1,0,0,1,0,31.0,,deux_roues,,1,1,4,1,6
201900009160,2019-06-27 18:45:00,2019,6,27,18,45,62,62863,CD 167 E2,50.5278008,2.7764463,Plein jour,Hors agglomération,Hors intersection,Autre,Sans collision,3,2,2,0,1,2,1,9,1,70,1,1,0,0,1,0,42.0,,deux_roues,,1,1,1,9,7
201900009161,2019-07-04 14:50:00,2019,7,4,14,50,60,60175,ALLENDE (BOULEVARD SALVADOR),49.25123,2.47608,Plein jour,En agglomération,Intersection en T,Temps éblouissant,Autre collision,4,2,2,0,1,1,1,5,2,30,2,2,1,0,0,1,59.0,38.0,deux_roues,voiture,1,2,3,7,6
201900009162,2019-07-03 20:40:00,2019,7,3,20,40,60,60159,JUSTICE (DE LA),49.40943,2.82218,Crépuscule ou aube,En agglomération,Hors intersection,Normale,Sans collision,4,2,2,0,1,1,1,0,1,50,1,1,0,0,1,0,44.0,,deux_roues,,2,2,1,1,7
201900009163,2019-06-23 09:00:00,2019,6,23,9,0,59,59392,JEAN JAURES (AVENUE),50.281832,3.953074,Plein jour,En agglomération,Autre intersection,Normale,Deux véhicules - côté,2,-1,0,0,1,1,1,0,3,50,2,4,0,0,0,4,33.0,31.0,voiture,utilitaire_camion,1,2,9,1,3
201900009164,2019-07-05 04:00:00,2019,7,5,4,0,59,59009,BREUCQ BOULEVARD DU,50.63825,3.14324,Crépuscule ou aube,Hors agglomération,Hors intersection,Normale,Autre collision,7,1,2,0,1,1,1,0,1,70,1,4,2,0,1,1,20.0,,voiture,,2,1,1,1,6
201900009165,2019-06-28 22:15:00,2019,6,28,22,15,59,59153,LORETTE (RUE DE  ),50.44914,3.59045,Plein jour,En agglomération,Hors intersection,Normale,Autre collision,4,2,2,0,1,1,1,0,1,50,1,2,1,0,1,0,74.0,,voiture,,1,2,1,1,6
201900009166,2019-07-04 01:20:00,2019,7,4,1,20,59,59206,PICASSO (RUE PABLO),50.18229,3.27367,Nuit avec éclairage allumé,En agglomération,Hors intersection,Normale,Deux véhicules - frontale,4,2,2,0,1,3,1,0,1,50,2,7,5,0,2,0,18.0,18.0,voiture,voiture,5,2,1,1,1
201900009167,2019-07-03 13:45:00,2019,7,3,13,45,58,58194,MONTAPINS,46.9753,3.1296,Plein jour,En agglomération,Hors intersection,Normale,Autre collision,4,2,2,0,1,1,1,0,1,50,1,1,0,0,0,1,56.0,,voiture,,1,2,1,1,6
201900009168,2019-06-04 16:56:00,2019,6,4,16,56,57,57332,Route départementale 603,49.12439,6.77346,Plein jour,En agglomération,Hors intersection,Temps éblouissant,Deux véhicules - arrière,3,3,2,0,1,1,1,0,1,50,2,2,1,0,1,0,54.0,59.0,deux_roues,utilitaire_camion,1,2,1,7,2
201900009169,2019-07-02 11:25:00,2019,7,2,11,25,56,56260,LEGRAND(RUE ALAIN),47.65822,-2.75491,Plein jour,En agglomération,Intersection en T,Normale,Autre collision,4,2,2,0,1,1,1,0,1,50,1,2,1,0,0,1,85.0,,voiture,,1,2,3,1,6
201900009170,2019-06-29 08:30:00,2019,6,29,8,30,56,56260,GUILLAUDOT (BD DU GAL MAURICE),47.66705,-2.74482,Plein jour,En agglomération,Intersection en Y,Normale,Deux véhicules - côté,4,2,2,0,2,1,1,0,1,50,2,2,1,0,0,1,57.0,23.0,deux_roues,voiture,1,2,4,1,3
201900009171,2019-06-29 00:15:00,2019,6,29,0,15,54,54395,VINGTIEME CORPS (AVENUE DU),48.696996,6.197895,Nuit sans éclairage public,En agglomération,Hors intersection,Normale,Deux véhicules - côté,4,-1,2,0,1,1,1,0,1,30,2,3,2,0,1,0,23.0,32.0,voiture,deux_roues,3,2,1,1,3
201900009172,2019-06-05 21:49:00,2019,6,5,21,49,54,54395,THEURIET (RUE ANDRE),48.694089,6.138021,Crépuscule ou aube,En agglomération,Hors intersection,Normale,Deux véhicules - côté,4,-1,2,0,1,1,1,0,1,50,2,3,0,0,0,3,43.0,31.0,voiture,voiture,2,2,1,1,3
201900009173,2019-07-04 08:40:00,2019,7,4,8,40,53,53130,AVESNIERES ( PONT D' ),48.0592,-0.76284,Plein jour,En agglomération,Intersection en X,Temps éblouissant,Autre collision,3,1,5,0,1,1,1,5,1,50,1,2,1,0,1,0,22.0,,voiture,,1,2,2,7,6
201900009174,2019-07-03 17:40:00,2019,7,3,17,40,52,52121,21EME RIC (RUE DU),48.10945,5.1367,Plein jour,En agglomération,Hors intersection,Normale,Deux véhicules - arrière,3,2,2,0,1,1,1,0,1,50,2,1,0,0,0,1,18.0,,voiture,,1,2,1,1,2
201900009175,2019-07-06 23:00:00,2019,7,6,23,0,51,51454,RUE DE ROUEN,49.2322889,4.019875,Nuit avec éclairage allumé,En agglomération,Intersection en Y,Normale,Sans collision,4,1,1,0,1,1,1,0,1,50,1,1,0,0,1,0,23.0,,voiture,,5,2,4,1,7
201900009176,2019-07-05 15:30:00,2019,7,5,15,30,51,51454,BOULEVARD DU GENERAL LECLERC,49.25451,4.02259,Plein jour,En agglomération,Hors intersection,Normale,Deux véhicules - côté,4,1,1,0,1,1,1,0,1,30,2,3,2,0,0,1,59.0,25.0,voiture,deux_roues,1,2,1,1,3
201900009177,2019-06-14 13:35:00,2019,6,14,13,35,51,51108,RUE COSME CLAUSE,48.955725,4.3575667,Plein jour,En agglomération,Intersection en T,Normale,Sans collision,4,2,2,0,1,1,1,0,1,50,1,2,1,0,0,1,48.0,,voiture,,1,2,3,1,7
201900009178,2019-07-04 19:00:00,2019,7,4,19,0,50,50502,CROIX CANUET,49.113547,-1.098838,Plein jour,En agglomération,Hors intersection,Normale,Autre collision,4,2,2,0,2,2,1,9,1,50,1,3,2,0,0,1,59.0,,voiture,,1,2,1,1,6
201900009179,2019-07-01 13:58:00,2019,7,1,13,58,50,50602,POMMIERS (RUE DES),49.633297,-1.582667,Plein jour,En agglomération,Intersection en X,Normale,Deux véhicules - frontale,4,2,2,0,1,1,1,0,1,50,2,2,1,0,0,1,19.0,34.0,deux_roues,voiture,1,2,2,1,1
201900009180,2019-07-01 11:55:00,2019,7,1,11,55,50,50129,PARIS (AVENUE DE),49.63199,-1.61761,Plein jour,En agglomération,Hors intersection,Normale,Trois véhicules et plus - en chaîne,3,3,2,0,1,1,1,0,1,50,3,5,3,0,0,2,18.0,72.0,voiture,voiture,1,2,1,1,4
201900009181,2019-07-04 11:12:00,2019,7,4,11,12,49,49007,SAINT JACQUES,47.4738,-0.5694,Plein jour,En agglomération,Hors intersection,Normale,Autre collision,4,2,2,0,1,1,1,0,1,60,1,2,1,0,0,1,49.0,,voiture,,1,2,1,1,6
201900009182,2019-07-04 06:55:00,2019,7,4,6,55,49,49007,VISITATION PLACE,47.46665,-0.5568,Plein jour,En agglomération,Hors intersection,Normale,Deux véhicules - côté,4,2,2,0,1,2,1,0,1,30,2,2,1,0,0,1,26.0,54.0,voiture,deux_roues,1,2,1,1,3
201900009183,2019-07-02 18:00:00,2019,7,2,18,0,49,49007,ARNAULD ( HENRI) BOULEVARD,47.47354,-0.5614,Plein jour,En agglomération,Hors intersection,Normale,Autre collision,4,2,2,2,1,1,1,0,1,30,1,1,0,0,1,0,71.0,,deux_roues,,1,2,1,1,6
201900009184,2019-07-03 20:10:00,2019,7,3,20,10,49,49007,CHATENAY AVENUE VICTOR,47.4822,-0.5219,Plein jour,En agglomération,Hors intersection,Normale,Sans collision,4,3,4,0,1,1,1,0,1,50,1,1,0,0,0,1,23.0,,voiture,,1,2,1,1,7
201900009185,2019-07-04 02:50:00,2019,7,4,2,50,49,49007,GUICHARD,47.45173,-0.54929,Nuit avec éclairage non allumé,En agglomération,Hors intersection,Normale,Autre collision,4,1,1,0,1,1,1,0,1,50,1,1,0,0,0,1,29.0,,voiture,,4,2,1,1,6
201900009186,2019-07-04 10:05:00,2019,7,4,10,5,47,47201,MARNE (AV. DE LA),44.1943,0.6037,Plein jour,Hors agglomération,Giratoire,Normale,Autre collision,3,2,3,0,1,2,1,0,1,50,1,2,1,0,1,0,64.0,,voiture,,1,1,6,1,6
201900009187,2019-07-06 16:35:00,2019,7,6,16,35,45,45234,AV DES DROITS DE L'HOMME - R G EIFFEL,47.923878,1.94036,Plein jour,Hors agglomération,Giratoire,Normale,Sans collision,4,1,2,0,2,2,1,0,1,50,1,1,0,0,0,1,89.0,,voiture,,1,1,6,1,7
201900009188,2019-07-06 11:45:00,2019,7,6,11,45,45,45284,BD DE LA SALLE,47.92368,1.99569,Plein jour,En agglomération,Hors intersection,Normale,Sans collision,4,-1,2,0,1,2,1,0,1,50,1,1,0,0,0,1,17.0,,deux_roues,,1,2,1,1,7
201900009189,2019-07-05 17:57:00,2019,7,5,17,57,45,45302,RUE DE LA PELLETERIE,47.94701,1.86627,Plein jour,En agglomération,Hors intersection,Normale,Deux véhicules - côté,4,2,2,0,1,3,1,0,1,50,2,2,1,0,0,1,73.0,17.0,voiture,deux_roues,1,2,1,1,3
201900009190,2019-07-05 15:00:00,2019,7,5,15,0,45,45232,R DE CHAMPAGNE - R D'ALSACE,47.841263,1.918518,Plein jour,En agglomération,Intersection en X,Normale,Deux véhicules - côté,4,2,2,0,1,1,1,0,1,50,2,4,3,0,0,1,36.0,45.0,voiture,voiture,1,2,2,1,3
201900009191,2019-07-05 15:45:00,2019,7,5,15,45,45,45208,RUE DE LA QUINTAINE,48.0038906,2.7329524,Plein jour,En agglomération,Hors intersection,Normale,Autre collision,4,2,2,0,1,1,1,0,1,30,1,2,1,0,0,1,56.0,,voiture,,1,2,1,1,6
201900009192,2019-07-04 11:40:00,2019,7,4,11,40,44,44184,RD 492 / BD NEYMAN,47.2766164,-2.2482915,Plein jour,Hors agglomération,Intersection en Y,Normale,Trois véhicules et plus - collisions multiples,3,2,2,0,1,1,1,0,1,70,4,4,3,0,0,1,29.0,20.0,voiture,voiture,1,1,4,1,5
201900009193,2019-07-03 08:20:00,2019,7,3,8,20,44,44184,TRIGNAC (RUE DE),47.2903,-2.1948,Plein jour,En agglomération,Hors intersection,Normale,Autre collision,4,2,2,0,1,1,1,0,1,50,1,2,1,0,0,1,23.0,,autre,,1,2,1,1,6
201900009194,2019-07-06 12:00:00,2019,7,6,12,0,44,44009,,47.21911,-1.47607,Plein jour,Hors agglomération,Autre intersection,Normale,Deux véhicules - arrière,2,3,0,0,1,1,1,0,1,50,2,3,1,0,0,2,26.0,29.0,voiture,voiture,1,1,9,1,2
201900009195,2019-07-05 20:50:00,2019,7,5,20,50,44,44109,BD ALEXANDRE MILLERAND/RUE RONDEAU,47.2079,-1.5301,Plein jour,En agglomération,Giratoire,Normale,Deux véhicules - côté,4,2,0,0,1,1,1,0,1,50,2,3,1,0,1,1,58.0,17.0,voiture,deux_roues,1,2,6,1,3
201900009196,2019-06-18 00:52:00,2019,6,18,0,52,44,44109,RUE CHARLES PERRON,47.224956,-1.601946,Nuit avec éclairage allumé,En agglomération,Hors intersection,Normale,Deux véhicules - frontale,4,-1,0,0,1,1,1,0,1,50,2,2,0,0,0,2,22.0,20.0,voiture,voiture,5,2,1,1,1
201900009197,2019-06-28 21:00:00,2019,6,28,21,0,44,44109,BOULEVARD DU PETIT PORT,47.24347,-1.55653,Plein jour,En agglomération,Giratoire,Normale,Deux véhicules - côté,4,1,0,0,1,2,1,5,1,50,2,2,1,0,1,0,49.0,55.0,voiture,deux_roues,1,2,6,1,3
201900009198,2019-07-04 06:55:00,2019,7,4,6,55,44,44162,BOULEVARD CHARLES DE GAULLE,47.21816,-1.64592,Crépuscule ou aube,En agglomération,Autre intersection,Normale,Deux véhicules - arrière,7,2,0,0,1,1,1,0,1,50,2,2,1,0,0,1,27.0,42.0,voiture,voiture,2,2,9,1,2
201900009199,2019-07-05 21:00:00,2019,7,5,21,0,42,42053,LONGES ROUTE DE,45.53101,4.6309,Plein jour,En agglomération,Hors intersection,Normale,Deux véhicules - frontale,3,-1,2,0,2,3,1,0,1,50,2,2,0,0,0,2,43.0,27.0,utilitaire_camion,utilitaire_camion,1,2,1,1,1
201900009200,2019-07-04 12:30:00,2019,7,4,12,30,42,42187,OUDAN (RUE DE L'),46.0521,4.08586,Plein jour,En agglomération,Intersection en X,Normale,Deux véhicules - côté,4,2,2,0,2,3,1,0,1,50,2,1,0,0,0,1,20.0,,deux_roues,,1,2,2,1,3
201900009201,2019-07-03 15:00:00,2019,7,3,15,0,42,42127,EST ( ROCADE),46.0646,4.05798,Plein jour,En agglomération,Hors intersection,Normale,Trois véhicules et plus - collisions multiples,2,3,4,0,1,1,1,0,1,70,6,6,4,0,0,2,40.0,25.0,voiture,voiture,1,2,1,1,5
201900009202,2019-07-05 17:15:00,2019,7,5,17,15,38,38544,ROBESPIERRE(RUE),45.51067,4.85681,Plein jour,En agglomération,Intersection en T,Normale,Autre collision,2,2,2,0,1,1,1,0,3,50,1,3,2,0,0,1,45.0,,voiture,,1,2,3,1,6
201900009203,2019-07-06 19:10:00,2019,7,6,19,10,38,38185,ILE VERTE (PONT DE L' ),45.20019,5.7409,Plein jour,Hors agglomération,Hors intersection,Normale,Autre collision,3,2,2,0,1,1,1,0,1,50,1,2,0,0,1,1,27.0,,deux_roues,,1,1,1,1,6
201900009204,2019-07-05 22:15:00,2019,7,5,22,15,38,38185,LEON JOUHAUX (RUE),45.17737,5.743,Nuit avec éclairage allumé,En agglomération,Intersection en X,Normale,Deux véhicules - côté,4,2,2,0,1,1,1,0,2,50,2,2,1,0,0,1,28.0,60.0,voiture,deux_roues,5,2,2,1,3
201900009205,2019-07-05 16:00:00,2019,7,5,16,0,38,38185,AVENUE ALSACE LORRAINE,45.1897,5.7187,Plein jour,En agglomération,Autre intersection,Normale,Deux véhicules - côté,4,-1,1,0,1,1,1,0,3,50,2,2,1,0,0,1,27.0,29.0,voiture,deux_roues,1,2,9,1,3
201900009206,2019-07-03 19:20:00,2019,7,3,19,20,38,38053,MARRONNIERS (AV),45.592149,5.2634339,Plein jour,En agglomération,Intersection en T,Normale,Deux véhicules - côté,4,2,2,0,1,1,1,9,3,50,2,3,2,0,1,0,21.0,75.0,voiture,deux_roues,1,2,3,1,3
201900009207,2019-07-06 19:30:00,2019,7,6,19,30,37,37261,A10,47.3927159,0.7055181,Plein jour,En agglomération,Intersection en T,Normale,Deux véhicules - côté,1,1,2,0,1,2,1,3,1,50,2,2,1,0,0,1,54.0,40.0,deux_roues,voiture,1,2,3,1,3
201900009208,2019-07-06 12:50:00,2019,7,6,12,50,37,37122,RD 86 DE MONTS à TOURS,47.31919,0.65965,Plein jour,En agglomération,Hors intersection,Normale,Sans collision,4,2,2,0,1,1,1,0,1,50,1,1,0,0,0,1,19.0,,voiture,,1,2,1,1,7
201900009209,2019-07-05 08:40:00,2019,7,5,8,40,37,37261,LUZARCHES (RUE VICTOR),47.3787416,0.6914111,Plein jour,En agglomération,Hors intersection,Normale,Autre collision,4,-1,2,0,1,1,1,0,1,50,1,2,1,0,0,1,25.0,,voiture,,1,2,1,1,6
201900009210,2019-07-04 21:50:00,2019,7,4,21,50,37,37195,SAINT-GENOUPH (ROUTE DE),47.3798,0.61383,Crépuscule ou aube,En agglomération,Hors intersection,Normale,Deux véhicules - frontale,3,2,2,0,1,1,1,6,1,80,2,3,0,0,0,3,69.0,42.0,voiture,voiture,2,2,1,1,1
201900009211,2019-07-04 08:25:00,2019,7,4,8,25,37,37261,BREL (RUE JACQUES),47.43362,0.70096,Plein jour,En agglomération,Hors intersection,Normale,Deux véhicules - arrière,4,2,2,0,1,1,1,0,1,50,2,2,1,0,0,1,22.0,49.0,deux_roues,voiture,1,2,1,1,2
201900009212,2019-07-02 15:50:00,2019,7,2,15,50,36,36044,166 AVENUE DE LA CHATRE,46.8064348,1.709697,Plein jour,En agglomération,Hors intersection,Normale,Autre collision,4,2,2,0,1,1,1,0,1,50,1,2,1,0,0,1,26.0,,voiture,,1,2,1,1,6
201900009213,2019-06-28 10:05:00,2019,6,28,10,5,36,36063,11 Avenue du Général de Gaulle,46.82523,1.69952,Plein jour,En agglomération,Hors intersection,Normale,Deux véhicules - arrière,4,3,2,0,1,1,1,0,1,50,2,2,1,0,0,1,26.0,59.0,voiture,deux_roues,1,2,1,1,2
201900009214,2019-06-27 17:08:00,2019,6,27,17,8,36,36044,368 AVENUE DE LA CHATRE,46.7995319,1.7244713,Plein jour,En agglomération,Hors intersection,Normale,Deux véhicules - côté,4,2,2,0,1,1,1,0,1,50,2,2,1,0,0,1,55.0,36.0,deux_roues,voiture,1,2,1,1,3
201900009215,2019-07-05 13:30:00,2019,7,5,13,30,35,35238,LORIENT (DE),48.107022,-1.723833,Plein jour,En agglomération,Intersection en T,Normale,Deux véhicules - côté,2,3,6,3,1,1,1,5,1,50,2,4,1,0,0,3,47.0,30.0,transport_commun,utilitaire_camion,1,2,3,1,3
201900009216,2019-07-05 13:10:00,2019,7,5,13,10,35,35281,MIVOIE (ROUTE DE),48.07001,-1.71037,Plein jour,Hors agglomération,Hors intersection,Temps éblouissant,Deux véhicules - arrière,4,-1,2,0,2,1,1,0,1,50,2,2,0,0,2,0,21.0,23.0,voiture,deux_roues,1,1,1,7,2
201900009217,2019-07-05 12:36:00,2019,7,5,12,36,35,35238,DESGREES (BD PAUL HUTIN),48.09146,-1.6424,Plein jour,En agglomération,Hors intersection,Normale,Deux véhicules - arrière,4,2,2,0,1,1,1,0,1,50,2,2,1,0,0,1,34.0,53.0,voiture,voiture,1,2,1,1,2
201900009218,2019-07-05 11:40:00,2019,7,5,11,40,35,35238,BRILHAC (DE),48.111752,-1.679292,Plein jour,En agglomération,Hors intersection,Normale,Autre collision,4,1,1,3,1,1,1,6,1,30,1,2,1,0,0,1,47.0,,voiture,,1,2,1,1,6
201900009219,2019-06-05 20:15:00,2019,6,5,20,15,35,35238,TROIS CROIX (BD DES),48.127088,-1.686486,Plein jour,En agglomération,Intersection en X,Pluie forte,Deux véhicules - côté,4,2,4,0,1,1,2,5,1,50,2,4,1,0,0,3,21.0,37.0,voiture,voiture,1,2,2,3,3
201900009220,2019-07-04 14:25:00,2019,7,4,14,25,35,35278,BROCELIANDE (RUE DE),48.16113,-1.68826,Plein jour,Hors agglomération,Autre intersection,Normale,Autre collision,6,-1,-1,0,1,1,1,0,1,30,1,4,3,0,0,1,72.0,,voiture,,1,1,9,1,6
201900009221,2019-07-04 19:15:00,2019,7,4,19,15,34,34172,VILLENEUVE-ANGOULEME (AVENUE DE,43.59796,3.87111,Plein jour,En agglomération,Intersection en X,Normale,Deux véhicules - côté,4,2,4,0,1,1,1,5,1,50,2,3,0,0,0,3,72.0,32.0,voiture,deux_roues,1,2,2,1,3
201900009222,2019-07-04 19:35:00,2019,7,4,19,35,34,34172,MOULARES (CHEMIN DE,43.597931,3.893139,Plein jour,En agglomération,Autre intersection,Normale,Deux véhicules - côté,4,2,2,0,1,1,1,0,1,50,2,2,1,0,0,1,32.0,21.0,deux_roues,utilitaire_camion,1,2,9,1,3
201900009223,2019-07-04 17:00:00,2019,7,4,17,0,34,34172,FOUCAULT (ALLEE LEON),43.61535,3.9128,Plein jour,En agglomération,Hors intersection,Normale,Sans collision,4,2,2,0,1,1,1,0,1,50,1,1,0,0,1,0,,,,,1,2,1,1,7
201900009224,2019-07-04 14:55:00,2019,7,4,14,55,34,34172,NOBEL (RUE ALFRED),43.61359,3.91202,Plein jour,En agglomération,Intersection en X,Normale,Deux véhicules - côté,4,2,2,0,1,1,1,5,1,50,2,2,1,0,1,0,41.0,19.0,voiture,deux_roues,1,2,2,1,3
201900009225,2019-07-03 19:30:00,2019,7,3,19,30,34,34172,PIREE (AVENUE DU),43.60743,3.89667,Plein jour,En agglomération,Hors intersection,Normale,Deux véhicules - côté,4,2,2,0,1,1,1,0,1,30,2,3,1,0,0,2,23.0,50.0,deux_roues,voiture,1,2,1,1,3
201900009226,2019-07-07 02:10:00,2019,7,7,2,10,33,33063,Crs de l'Yser / R. Bergeon,44.82948,-0.568195,Nuit avec éclairage allumé,En agglomération,Intersection en T,Normale,Deux véhicules - frontale,4,2,2,0,1,1,1,0,1,50,2,2,1,0,0,1,37.0,46.0,voiture,deux_roues,5,2,3,1,1
201900009227,2019-07-06 10:45:00,2019,7,6,10,45,33,33063,BRANDENBURG (BD ALBERT),44.87577,-0.54748,Plein jour,En agglomération,Hors intersection,Normale,Autre collision,4,2,4,2,1,1,2,0,1,50,2,2,1,0,0,1,72.0,29.0,deux_roues,voiture,1,2,1,1,6
201900009228,2019-07-05 14:00:00,2019,7,5,14,0,33,33075,RUE MAJOLAN,44.88906,-0.62486,Plein jour,En agglomération,Intersection en X,Normale,Deux véhicules - arrière,4,2,4,2,2,3,1,0,1,50,2,2,1,0,0,1,58.0,50.0,deux_roues,utilitaire_camion,1,2,2,1,2
201900009229,2019-07-05 08:30:00,2019,7,5,8,30,33,33069,RUE DES ECUS,44.86974,-0.60645,Plein jour,En agglomération,Intersection en T,Normale,Autre collision,4,2,2,0,1,1,1,0,1,50,1,2,1,0,0,1,58.0,,voiture,,1,2,3,1,6
201900009230,2019-07-05 01:50:00,2019,7,5,1,50,33,33063,336 AVE DU MAL DE LATTRE DE TASSIGNY CAUD - Piéton traverse des n° pairs vers impairs et revient sur ses pas ...,44.85835,-0.62388,Nuit avec éclairage allumé,En agglomération,Hors intersection,Normale,Autre collision,4,2,4,2,1,1,1,0,1,50,1,2,1,0,1,0,36.0,,voiture,,5,2,1,1,6
201900009231,2019-07-04 20:00:00,2019,7,4,20,0,33,33318,AVE DE MADRAN,44.80522,-0.65359,Plein jour,En agglomération,Intersection en T,Normale,Deux véhicules - côté,4,2,3,2,1,1,1,0,1,50,2,3,2,0,1,0,44.0,19.0,deux_roues,voiture,1,2,3,1,3
201900009232,2019-07-04 13:45:00,2019,7,4,13,45,33,33063,R. Judaïque / R. Charles Marionneau,44.841205,-0.586717,Plein jour,En agglomération,Intersection en X,Normale,Deux véhicules - arrière,4,1,2,0,2,1,1,0,1,50,2,2,1,0,0,1,59.0,35.0,voiture,deux_roues,1,2,2,1,2
201900009233,2019-07-04 12:15:00,2019,7,4,12,15,33,33281,RUE DE BEAUDESERT,44.84296,-0.69299,Plein jour,En agglomération,Hors intersection,Normale,Deux véhicules - arrière,4,2,2,0,1,1,1,0,1,50,2,2,1,0,0,1,42.0,68.0,voiture,deux_roues,1,2,1,1,2
201900009234,2019-06-13 22:20:00,2019,6,13,22,20,33,33281,DASSAULT (AVE MARCEL),44.84353,-0.67293,Crépuscule ou aube,En agglomération,Hors intersection,Normale,Deux véhicules - côté,4,2,2,0,3,1,1,0,1,50,2,2,1,0,0,1,62.0,31.0,voiture,deux_roues,2,2,1,1,3
201900009235,2019-07-04 13:05:00,2019,7,4,13,5,33,33063,R. de Pessac / R. de Budos,44.826799,-0.587113,Plein jour,En agglomération,Intersection en T,Normale,Autre collision,4,2,2,0,1,1,1,0,1,50,1,2,1,0,0,1,35.0,,voiture,,1,2,3,1,6
201900009236,2019-07-04 08:05:00,2019,7,4,8,5,33,33069,RUE GEORGES LAFONT,44.86827,-0.59824,Plein jour,En agglomération,Giratoire,Normale,Deux véhicules - côté,4,2,2,0,1,1,1,0,1,50,2,2,1,0,1,0,59.0,50.0,voiture,deux_roues,1,2,6,1,3
201900009237,2019-07-03 16:45:00,2019,7,3,16,45,33,33039,ALBERT 1ER (BD ),44.81285,-0.56141,Plein jour,En agglomération,Intersection en X,Normale,Deux véhicules - côté,4,2,4,2,2,1,1,0,1,50,2,2,1,0,1,0,47.0,57.0,deux_roues,utilitaire_camion,1,2,2,1,3
201900009238,2019-07-03 12:10:00,2019,7,3,12,10,33,33119,PCE MARTYRS DE LA RESISTANCE,44.86185,-0.51748,Plein jour,En agglomération,Hors intersection,Normale,Autre collision,9,-1,0,0,1,1,1,0,1,50,1,2,1,0,1,0,43.0,,utilitaire_camion,,1,2,1,1,6