accident_id,datetime,annee,mois,jour,heure,minute,departement,commune_insee,adresse,latitude,longitude,luminosite,agglomeration,intersection,meteo,collision,catr,circ,nbv,vosp,prof,plan,surf,infra,situ,vma,nb_vehicules,nb_usagers,nb_indemnes,nb_tues,nb_blesses_hosp,nb_blesses_legers,age_cond_1,age_cond_2,veh_type_cond_1,veh_type_cond_2,lum_code,agg_code,int_code,atm_code,col_code
201900009239,2019-06-19 15:30:00,2019,6,19,15,30,33,33065,Chem de la Matte / Roc N230 E22 Bretelle de sortie,44.81035,-0.51999,Plein jour,Hors agglomération,Giratoire,Normale,Deux véhicules - côté,4,3,4,0,1,2,1,0,1,50,2,2,1,0,0,1,60.0,43.0,voiture,voiture,1,1,6,1,3
201900009240,2019-07-05 11:20:00,2019,7,5,11,20,31,31555,VA007306 A64,43.56509,1.41838,Plein jour,Hors agglomération,Hors intersection,Normale,Deux véhicules - côté,1,3,4,0,1,1,1,0,1,90,2,2,1,0,1,0,72.0,39.0,deux_roues,voiture,1,1,1,1,3
201900009241,2019-07-05 02:05:00,2019,7,5,2,5,31,31555,CHE DE LAPUJADE,43.62092,1.45321,Nuit avec éclairage allumé,En agglomération,Hors intersection,Normale,Autre collision,4,2,2,0,1,1,1,0,1,50,1,2,1,1,0,0,47.0,,voiture,,5,2,1,1,6
201900009242,2019-07-04 13:20:00,2019,7,4,13,20,31,31555,BD SILVIO TRENTIN,43.62515,1.43021,Plein jour,En agglomération,Hors intersection,Normale,Trois véhicules et plus - collisions multiples,4,2,4,0,1,1,1,0,1,50,5,6,3,0,0,3,48.0,65.0,utilitaire_camion,voiture,1,2,1,1,5
201900009243,2019-07-04 07:00:00,2019,7,4,7,0,31,31149,AL NOBLE (CHEMIN D'),43.60252,1.34507,Plein jour,En agglomération,Intersection en X,Normale,Deux véhicules - côté,3,1,1,0,2,1,1,0,1,50,2,2,0,0,0,2,52.0,25.0,voiture,voiture,1,2,2,1,3
201900009244,2019-07-03 18:17:00,2019,7,3,18,17,31,31069,ARAGON (MAIL LOUIS),43.64453,1.37826,Plein jour,En agglomération,Hors intersection,Normale,Autre collision,4,2,2,0,1,1,1,0,1,30,1,2,1,0,0,1,30.0,,voiture,,1,2,1,1,6
201900009245,2019-07-03 19:25:00,2019,7,3,19,25,31,31555,RUE DE LIMAYRAC,43.5933,1.47401,Plein jour,En agglomération,Hors intersection,Pluie légère,Autre collision,4,2,2,0,2,1,1,0,1,30,1,2,1,0,0,1,59.0,,voiture,,1,2,1,2,6
201900009246,2019-07-05 03:00:00,2019,7,5,3,0,30,30189,PUCCINI (RUE),43.82346,4.33736,Nuit avec éclairage allumé,En agglomération,Hors intersection,Normale,Autre collision,4,2,2,0,1,1,1,2,1,50,1,1,0,0,1,0,,,deux_roues,,5,2,1,1,6
201900009247,2019-07-04 17:05:00,2019,7,4,17,5,30,30007,ANDUZE (AVE),44.10383,4.08219,Plein jour,En agglomération,Hors intersection,Normale,Deux véhicules - arrière,4,2,2,0,1,1,1,0,1,50,2,2,1,0,0,1,63.0,46.0,voiture,deux_roues,1,2,1,1,2
201900009248,2019-07-06 00:35:00,2019,7,6,0,35,29,29232,POULGUINAN BOULEVARD DE,47.9840734,-4.1156601,Nuit sans éclairage public,Hors agglomération,Autre intersection,Normale,Deux véhicules - côté,3,1,4,0,1,1,1,0,1,50,2,2,1,0,0,1,50.0,20.0,voiture,deux_roues,3,1,9,1,3
201900009249,2019-07-05 17:34:00,2019,7,5,17,34,29,29232,TY BOS AVENUE DE,47.97181,-4.06435,Plein jour,En agglomération,Hors intersection,Normale,Trois véhicules et plus - en chaîne,3,2,2,0,1,1,1,0,1,50,3,6,1,0,0,5,22.0,39.0,voiture,voiture,1,2,1,1,4
201900009250,2019-07-04 12:45:00,2019,7,4,12,45,29,29232,BREST RUE DE,47.99764,-4.09851,Plein jour,En agglomération,Hors intersection,Normale,Deux véhicules - arrière,4,2,2,0,1,1,1,0,1,30,2,3,1,0,0,2,32.0,16.0,voiture,deux_roues,1,2,1,1,2
201900009251,2019-07-04 18:35:00,2019,7,4,18,35,29,29232,LOCMARIA ALLEE DE,47.99271,-4.10695,Plein jour,En agglomération,Hors intersection,Normale,Deux véhicules - côté,4,2,4,0,1,1,1,0,1,50,2,3,2,0,1,0,85.0,21.0,voiture,deux_roues,1,2,1,1,3
201900009252,2019-07-04 19:00:00,2019,7,4,19,0,29,29019,EUROPE (DE 13 A 15),48.41297,-4.50149,Plein jour,En agglomération,Hors intersection,Normale,Deux véhicules - arrière,4,2,2,0,1,1,1,0,1,50,2,2,1,0,0,1,52.0,,voiture,,1,2,1,1,2
201900009253,2019-07-03 16:20:00,2019,7,3,16,20,29,29019,MELOU GEORGES (DE 1 A 63 ET 2 A 56),48.39759,-4.46299,Plein jour,En agglomération,Hors intersection,Autre,Sans collision,4,2,2,0,3,1,1,0,1,50,1,1,0,1,0,0,85.0,,voiture,,1,2,1,9,7
201900009254,2019-06-25 17:50:00,2019,6,25,17,50,28,28209,RN 1154,48.4969,1.46889,Plein jour,Hors agglomération,Hors intersection,Temps éblouissant,Trois véhicules et plus - collisions multiples,2,2,2,0,1,1,1,0,1,80,4,4,0,1,0,3,61.0,53.0,voiture,utilitaire_camion,1,1,1,7,5
201900009255,2019-07-05 22:40:00,2019,7,5,22,40,25,25462,GRANGES DES,46.8965,6.3437,Nuit avec éclairage allumé,En agglomération,Hors intersection,Normale,Deux véhicules - arrière,3,2,2,0,1,1,1,9,1,30,2,7,4,0,0,3,51.0,22.0,voiture,voiture,5,2,1,1,2
201900009256,2019-07-05 01:31:00,2019,7,5,1,31,25,25056,RN 273 - PR 0+50 - CHURCHILL BD WINSTON,47.2538,6.0161,Nuit avec éclairage allumé,En agglomération,Hors intersection,Normale,Autre collision,2,2,2,0,2,4,1,1,1,50,1,1,0,0,0,1,66.0,,voiture,,5,2,1,1,6
201900009257,2019-07-03 12:08:00,2019,7,3,12,8,19,19272,Charles de Gaulle (Av),45.26726,1.77133,Plein jour,En agglomération,Hors intersection,Temps éblouissant,Sans collision,4,2,3,0,1,1,1,0,1,50,1,2,1,0,1,0,35.0,,voiture,,1,2,1,7,7
201900009258,2019-07-04 23:45:00,2019,7,4,23,45,19,19031,LATREILLE (RUE),45.1591184,1.5022871,Nuit avec éclairage allumé,En agglomération,Hors intersection,Normale,Deux véhicules - arrière,4,2,2,0,1,1,1,0,1,50,2,3,1,0,1,1,22.0,43.0,voiture,voiture,5,2,1,1,2
201900009259,2019-07-04 08:40:00,2019,7,4,8,40,19,19031,POMPIDOU (AVENUE GEORGES),45.15758,1.54039,Plein jour,En agglomération,Intersection en X,Normale,Autre collision,4,2,2,0,1,1,1,0,1,50,1,2,1,0,0,1,63.0,,voiture,,1,2,2,1,6
201900009260,2019-07-05 01:12:00,2019,7,5,1,12,18,18279,PASTEUR ( RUE ),47.21894,2.09028,Nuit avec éclairage allumé,En agglomération,Hors intersection,Normale,Autre collision,4,2,2,0,1,1,1,0,1,50,1,1,0,0,1,0,39.0,,voiture,,5,2,1,1,6
201900009261,2019-07-05 12:40:00,2019,7,5,12,40,17,17380,REPUBLIQUE (AVENUE DE LA),45.64441,-1.09129,Plein jour,En agglomération,Giratoire,Normale,Deux véhicules - frontale,4,-1,0,0,1,1,1,5,1,50,2,2,1,0,0,1,74.0,19.0,voiture,voiture,1,2,6,1,1
201900009262,2019-07-06 11:35:00,2019,7,6,11,35,17,17200,AV DU RECTEUR P.MOISY,46.17347,-1.16813,Plein jour,En agglomération,Hors intersection,Normale,Autre collision,4,2,2,0,1,1,1,0,1,50,1,2,1,0,1,0,32.0,,voiture,,1,2,1,1,6
201900009263,2019-07-06 07:40:00,2019,7,6,7,40,17,17300,LAVENUE   RUE RAYMOND,46.17303,-1.21997,Plein jour,En agglomération,Hors intersection,Normale,Deux véhicules - côté,4,2,2,0,1,3,1,0,1,50,2,2,1,0,0,1,53.0,24.0,deux_roues,voiture,1,2,1,1,3
201900009264,2019-07-06 07:00:00,2019,7,6,7,0,17,17300,REMPART  CHEMIN DU,46.1584,-1.15765,Plein jour,En agglomération,Intersection en X,Normale,Deux véhicules - côté,4,1,1,0,1,1,1,5,1,50,2,2,1,0,0,1,32.0,41.0,voiture,utilitaire_camion,1,2,2,1,3
201900009265,2019-07-05 11:00:00,2019,7,5,11,0,17,17200,RN237 PK2+500,46.180591,-1.14848,Plein jour,En agglomération,Hors intersection,Normale,Deux véhicules - arrière,2,1,6,0,1,1,1,0,1,90,2,2,1,0,0,1,18.0,66.0,deux_roues,voiture,1,2,1,1,2
201900009266,2019-07-04 17:00:00,2019,7,4,17,0,17,17200,HUIT MAI 1945   AVENUE DU,46.18616,-1.15099,Plein jour,En agglomération,Intersection en X,Normale,Deux véhicules - côté,3,2,2,0,1,1,1,5,1,50,2,3,2,0,0,1,61.0,18.0,voiture,voiture,1,2,2,1,3
201900009267,2019-07-04 12:20:00,2019,7,4,12,20,17,17274,LANGEVIN   AVENUE PAUL,46.16198,-1.09348,Plein jour,En agglomération,Autre intersection,Normale,Deux véhicules - arrière,3,3,2,0,1,2,1,5,1,50,2,2,1,0,0,1,31.0,46.0,voiture,voiture,1,2,9,1,2
201900009268,2019-07-06 00:20:00,2019,7,6,0,20,14,14366,EDOUARD BRANLY (RUE),49.14621,0.26291,Nuit sans éclairage public,En agglomération,Hors intersection,Normale,Autre collision,4,2,2,0,1,3,1,0,1,50,1,3,1,0,0,2,19.0,,voiture,,3,2,1,1,6
201900009269,2019-07-05 09:35:00,2019,7,5,9,35,14,14366,SAINTE THERESE (AVENUE),49.14343,0.22936,Plein jour,En agglomération,Giratoire,Normale,Autre collision,4,2,2,0,4,1,1,0,1,50,1,2,1,0,0,1,74.0,,voiture,,1,2,6,1,6
201900009270,2019-07-04 16:10:00,2019,7,4,16,10,14,14366,BLAISE PASCAL (RUE),49.16709,0.21781,Plein jour,En agglomération,Hors intersection,Normale,Deux véhicules - côté,4,2,2,0,1,1,1,0,1,50,2,2,1,0,0,1,17.0,40.0,deux_roues,voiture,1,2,1,1,3
201900009271,2019-07-04 17:15:00,2019,7,4,17,15,14,14243,CD 579,49.37538,0.20664,Plein jour,Hors agglomération,Hors intersection,Normale,Sans collision,3,2,2,0,1,2,1,0,1,80,1,1,0,0,0,1,52.0,,voiture,,1,1,1,1,7
201900009272,2019-07-05 08:45:00,2019,7,5,8,45,14,14225,HASTINGS (RUE D'),49.28697,0.09877,Plein jour,En agglomération,Hors intersection,Normale,Deux véhicules - arrière,4,2,2,0,1,1,1,0,1,30,2,2,1,0,1,0,34.0,59.0,deux_roues,utilitaire_camion,1,2,1,1,2
201900009273,2019-07-04 07:40:00,2019,7,4,7,40,14,14118,DEBARQUEMENT (ROND POINT DU ),49.20283,-0.39197,Plein jour,En agglomération,Giratoire,Normale,Deux véhicules - côté,3,2,-1,-1,1,1,1,5,1,-1,2,2,1,0,0,1,49.0,74.0,deux_roues,voiture,1,2,6,1,3
201900009274,2019-07-04 08:45:00,2019,7,4,8,45,14,14242,RD N° 7 (DE CAEN A DOUVRES ),49.22437,-0.36878,Plein jour,En agglomération,Hors intersection,Normale,Deux véhicules - côté,3,2,-1,-1,1,1,1,0,1,-1,2,2,1,0,0,1,62.0,55.0,voiture,deux_roues,1,2,1,1,3
201900009275,2019-07-04 08:30:00,2019,7,4,8,30,13,13117,GELU  ( AVENUE VICTOR ),43.443805,5.245885,Plein jour,En agglomération,Hors intersection,Normale,Autre collision,4,3,3,3,2,1,1,0,2,50,1,2,1,0,0,1,19.0,,voiture,,1,2,1,1,6
201900009276,2019-07-06 13:10:00,2019,7,6,13,10,13,13209,LÉON LACHAMP (ROUTE),43.248804,5.442017,Plein jour,En agglomération,Hors intersection,Normale,Deux véhicules - côté,4,2,2,0,1,1,1,0,1,50,2,2,1,0,0,1,35.0,76.0,voiture,deux_roues,1,2,1,1,3
201900009277,2019-07-06 04:50:00,2019,7,6,4,50,13,13208,LOUIS BONNEFON (PLACE),43.25401,5.38202,Nuit avec éclairage allumé,En agglomération,Giratoire,Normale,Deux véhicules - arrière,4,1,1,0,1,2,1,9,1,50,2,1,0,0,1,0,57.0,,deux_roues,,5,2,6,1,2
201900009278,2019-07-06 04:30:00,2019,7,6,4,30,13,13208,RABATAU (BOULEVARD),43.27655,5.39778,Nuit avec éclairage allumé,En agglomération,Hors intersection,Normale,Autre collision,4,2,3,0,1,1,1,0,1,50,1,2,0,0,0,2,21.0,,voiture,,5,2,1,1,6
201900009279,2019-07-05 21:40:00,2019,7,5,21,40,13,13204,ALEX. FLEMING (BOULEVARD),43.31494,5.38866,Plein jour,En agglomération,Hors intersection,Normale,Deux véhicules - côté,4,2,2,0,1,1,1,0,1,50,2,3,1,0,0,2,37.0,25.0,voiture,voiture,1,2,1,1,3
201900009280,2019-12-13 12:25:00,2019,12,13,12,25,44,44184,ALBERT I (BOULEVARD) DU 01 AU 10,47.265,-2.225,Plein jour,En agglomération,Hors intersection,Normale,Autre collision,4,2,1,0,1,1,1,0,1,30,1,2,1,0,0,1,30.0,,voiture,,1,2,1,1,6
201900009281,2019-11-27 17:05:00,2019,11,27,17,5,44,44184,RD 492 DU RP EINSTEIN AU RP SARRELOUIS,47.26597,-2.25595,Crépuscule ou aube,En agglomération,Hors intersection,Pluie légère,Autre collision,3,2,2,0,1,1,2,0,1,30,1,2,1,0,0,1,72.0,,utilitaire_camion,,2,2,1,2,6
201900009282,2019-12-02 09:29:00,2019,12,2,9,29,44,44162,PERIPHERIQUE,47.20041,-1.61888,Plein jour,Hors agglomération,Hors intersection,Normale,Trois véhicules et plus - en chaîne,2,3,0,0,1,1,1,0,1,70,4,5,2,0,1,2,39.0,53.0,utilitaire_camion,utilitaire_camion,1,1,1,1,4
201900009283,2019-12-16 07:05:00,2019,12,16,7,5,37,37261,RN 76 - Route de St Avertin,47.3653316,0.7128561,Nuit avec éclairage allumé,En agglomération,Hors intersection,Pluie légère,Deux véhicules - côté,4,3,2,0,1,1,2,0,1,50,2,2,1,0,0,1,20.0,24.0,voiture,voiture,5,2,1,2,3
201900009284,2019-12-02 11:50:00,2019,12,2,11,50,37,37261,CHOPIN (RUE),47.41249,0.70187,Plein jour,En agglomération,Hors intersection,Normale,Autre collision,4,2,2,0,1,1,1,0,4,50,1,2,1,0,0,1,37.0,,voiture,,1,2,1,1,6
201900009285,2019-12-01 20:20:00,2019,12,1,20,20,37,37261,MONOD (ROND-POINT JACQUES),47.3946308,0.6952286,Nuit avec éclairage allumé,En agglomération,Giratoire,Normale,Autre collision,7,1,1,0,1,2,1,0,1,50,1,1,0,0,0,1,18.0,,deux_roues,,5,2,6,1,6
201900009286,2019-12-16 19:15:00,2019,12,16,19,15,35,35238,GERARD (MICHEL),48.08938,-1.64225,Nuit avec éclairage allumé,En agglomération,Intersection en T,Pluie forte,Autre collision,4,3,2,0,1,1,2,0,1,50,1,2,1,0,0,1,71.0,,voiture,,5,2,3,3,6
201900009287,2019-12-16 14:04:00,2019,12,16,14,4,35,35238,MOINE (LOUIS ET RENE),48.092011,-1.681987,Plein jour,En agglomération,Autre intersection,Pluie légère,Autre collision,4,-1,2,0,1,1,2,6,1,30,1,2,1,0,0,1,48.0,,voiture,,1,2,9,2,6
201900009288,2019-12-16 07:40:00,2019,12,16,7,40,35,35238,POINCARE (BD RAYMOND),48.1213,-1.65439,Nuit avec éclairage allumé,En agglomération,Giratoire,Pluie légère,Autre collision,4,2,2,0,4,1,2,0,6,30,1,2,1,0,0,1,51.0,,voiture,,5,2,6,2,6
201900009289,2019-12-03 17:55:00,2019,12,3,17,55,35,35238,MITTERAND (MAIL FRANCOIS),48.1091,-1.6907,Nuit avec éclairage allumé,En agglomération,Intersection en T,Normale,Deux véhicules - côté,4,1,0,0,1,1,1,0,1,30,2,2,1,0,0,1,36.0,16.0,voiture,deux_roues,5,2,3,1,3
201900009290,2019-12-03 08:20:00,2019,12,3,8,20,35,35189,RN136,48.14856,-1.69937,Crépuscule ou aube,Hors agglomération,Hors intersection,Normale,Deux véhicules - côté,3,3,4,0,1,1,1,0,1,90,2,2,1,0,0,1,23.0,75.0,deux_roues,voiture,2,1,1,1,3
201900009291,2019-12-03 08:10:00,2019,12,3,8,10,35,35238,MOTTE BRULON (DE LA),48.12675,-1.66989,Crépuscule ou aube,En agglomération,Hors intersection,Temps couvert,Autre collision,4,2,2,0,1,1,1,6,-1,50,1,2,1,0,0,1,18.0,,voiture,,2,2,1,8,6
201900009292,2019-12-02 08:45:00,2019,12,2,8,45,35,35278,OUESSANT (RUE D'),48.15738,-1.68835,Plein jour,En agglomération,Hors intersection,Normale,Deux véhicules - arrière,4,2,2,0,1,3,1,0,1,30,2,2,1,0,0,1,18.0,17.0,voiture,deux_roues,1,2,1,1,2
201900009293,2019-11-15 19:40:00,2019,11,15,19,40,33,33063,RUE AMEDEE SAINT-GERMAIN,44.81762,-0.56426,Nuit avec éclairage allumé,En agglomération,Hors intersection,Normale,Deux véhicules - frontale,4,2,2,2,1,1,1,0,1,50,2,2,1,0,0,1,77.0,30.0,voiture,transport_commun,5,2,1,1,1
201900009294,2019-12-15 18:50:00,2019,12,15,18,50,31,31555,RUE MONTMORENCY,43.6131,1.4289,Nuit sans éclairage public,En agglomération,Hors intersection,Normale,Deux véhicules - côté,4,2,2,0,1,1,1,0,1,50,2,2,1,0,1,0,31.0,59.0,voiture,deux_roues,3,2,1,1,3
201900009295,2019-12-13 18:55:00,2019,12,13,18,55,31,31555,RUE DU FAUBOURG BONNEFOY,43.61773,1.45517,Nuit sans éclairage public,En agglomération,Hors intersection,Pluie forte,Autre collision,3,2,2,0,1,1,2,0,1,50,1,2,1,0,0,1,54.0,,voiture,,3,2,1,3,6
201900009296,2019-12-13 08:05:00,2019,12,13,8,5,31,31555,RUE LOUIS PLANA,43.6192,1.46955,Plein jour,En agglomération,Hors intersection,Pluie forte,Deux véhicules - arrière,4,2,2,0,1,1,2,0,1,50,2,2,1,0,0,1,56.0,50.0,deux_roues,utilitaire_camion,1,2,1,3,2
201900009297,2019-12-13 08:00:00,2019,12,13,8,0,31,31555,RUE OLYMPE DE GOUGES ,43.64223,1.44651,Crépuscule ou aube,En agglomération,Hors intersection,Pluie forte,Autre collision,4,2,2,0,1,1,2,0,1,50,1,2,1,0,0,1,30.0,,voiture,,2,2,1,3,6
201900009298,2019-12-02 17:30:00,2019,12,2,17,30,31,31555,SAINT MICHEL (GRANDE RUE) DU 2AU 175,43.58722,1.44677,Nuit sans éclairage public,En agglomération,Hors intersection,Normale,Deux véhicules - côté,4,2,2,1,1,1,1,0,1,50,2,2,1,0,0,1,25.0,22.0,deux_roues,voiture,3,2,1,1,3
201900009299,2019-12-02 14:49:00,2019,12,2,14,49,31,31555,VERDIER (ALL FORAIN FRANCOIS) DU 3AU 29,43.60033,1.452235,Plein jour,En agglomération,Intersection en X,Normale,Deux véhicules - côté,4,1,3,0,1,1,1,0,1,50,2,2,1,0,0,1,44.0,33.0,deux_roues,utilitaire_camion,1,2,2,1,3
201900009300,2019-12-01 13:00:00,2019,12,1,13,0,31,31555,ECHANGEUR SESQUIERES (A62-A620),43.64817,1.42313,Plein jour,Hors agglomération,Hors intersection,Normale,Deux véhicules - côté,3,2,2,0,1,1,1,0,1,50,2,2,1,0,0,1,25.0,42.0,voiture,voiture,1,1,1,1,3
201900009301,2019-11-29 20:05:00,2019,11,29,20,5,31,31555,RTE DE REVEL,43.57502,1.48953,Nuit avec éclairage allumé,En agglomération,Hors intersection,Normale,Deux véhicules - côté,3,2,2,0,1,1,1,0,1,50,2,2,1,0,0,1,22.0,58.0,voiture,deux_roues,5,2,1,1,3
201900009302,2019-12-02 08:00:00,2019,12,2,8,0,29,29232,BLUM  LEON RUE,47.988,-4.08631,Nuit avec éclairage allumé,En agglomération,Hors intersection,Normale,Autre collision,4,2,2,3,1,1,1,9,1,50,1,2,1,0,1,0,48.0,,voiture,,5,2,1,1,6
201900009303,2019-12-01 06:40:00,2019,12,1,6,40,29,29232,CNO,48.015182,-4.1188135,Nuit sans éclairage public,Hors agglomération,Hors intersection,Normale,Autre collision,3,3,4,0,3,1,1,9,1,90,1,1,0,0,0,1,22.0,,voiture,,3,1,1,1,6
201900009304,2019-11-13 14:30:00,2019,11,13,14,30,28,28220,LIBERTE (RUE DE LA),48.42716,1.47106,Plein jour,En agglomération,Hors intersection,Normale,Autre collision,4,2,2,0,1,1,1,0,4,50,1,2,1,0,1,0,20.0,,voiture,,1,2,1,1,6
201900009305,2019-12-03 14:25:00,2019,12,3,14,25,26,26198,JAURES (Avenue Jean),44.55002,4.74717,Plein jour,En agglomération,Hors intersection,Temps éblouissant,Autre collision,4,2,2,0,1,1,1,0,1,50,1,2,1,0,0,1,63.0,,voiture,,1,2,1,7,6
201900009306,2019-12-02 23:38:00,2019,12,2,23,38,25,25056,PIEMONT RUE DU,47.22185,5.96382,Nuit avec éclairage allumé,En agglomération,Autre intersection,Normale,Autre collision,4,2,1,0,1,1,1,9,1,20,1,1,0,0,1,0,,,,,5,2,9,1,6
201900009307,2019-11-30 12:10:00,2019,11,30,12,10,25,25056,CHASNOT RUE DU,47.2544,6.02805,Plein jour,En agglomération,Intersection en X,Temps éblouissant,Autre collision,4,2,-1,-1,2,2,1,0,1,-1,1,2,1,0,0,1,73.0,,voiture,,1,2,2,7,6
201900009308,2019-12-13 12:45:00,2019,12,13,12,45,19,19031,RIVET (AVENUE JEAN CHARLES),45.14836,1.4897,Plein jour,En agglomération,Giratoire,Pluie légère,Deux véhicules - côté,4,1,2,0,1,3,2,5,1,50,2,2,1,0,0,1,43.0,17.0,voiture,deux_roues,1,2,6,2,3
201900009309,2019-11-30 21:00:00,2019,11,30,21,0,16,16102,rue de BOUTIERS,45.70114,-0.33242,Nuit sans éclairage public,En agglomération,Hors intersection,Pluie forte,Sans collision,3,2,2,0,2,1,2,0,1,50,1,1,0,0,1,0,17.0,,deux_roues,,3,2,1,3,7
201900009310,2019-12-16 16:30:00,2019,12,16,16,30,14,14118,NOVEMBRE (RUE DU 11),49.17803,-0.358,Plein jour,En agglomération,Hors intersection,Normale,Deux véhicules - côté,4,2,2,0,1,1,1,0,1,50,2,2,0,0,0,2,64.0,23.0,voiture,voiture,1,2,1,1,3
201900009311,2019-12-02 08:36:00,2019,12,2,8,36,14,14118,LONG BOUET (RUE DU),49.19563,-0.33918,Crépuscule ou aube,En agglomération,Hors intersection,Normale,Autre collision,4,2,2,0,1,2,2,0,4,50,1,2,1,0,0,1,27.0,,voiture,,2,2,1,1,6
201900009312,2019-12-03 16:15:00,2019,12,3,16,15,13,13071,D 6,43.411164,5.329884,Plein jour,Hors agglomération,Hors intersection,Normale,Deux véhicules - côté,3,2,2,0,2,1,1,0,1,50,2,2,1,0,1,0,48.0,27.0,voiture,deux_roues,1,1,1,1,3
201900009313,2019-12-14 15:55:00,2019,12,14,15,55,13,13056,CD 5 (Route d'Istres),43.4304,5.0469,Plein jour,En agglomération,Hors intersection,Normale,Trois véhicules et plus - en chaîne,3,3,4,0,4,1,1,0,1,50,3,7,3,0,0,4,40.0,51.0,voiture,voiture,1,2,1,1,4
201900009314,2019-11-30 10:47:00,2019,11,30,10,47,13,13077,SALENGRO ROGER (avenue),43.40707,4.98622,Plein jour,En agglomération,Hors intersection,Normale,Autre collision,4,2,2,0,1,1,1,0,1,50,1,2,1,0,1,0,67.0,,voiture,,1,2,1,1,6
201900009315,2019-12-16 21:50:00,2019,12,16,21,50,13,13208,MAZARGUES (AVENUE DE),43.25726,5.39413,Nuit avec éclairage non allumé,En agglomération,Intersection en T,Normale,Deux véhicules - côté,4,2,2,0,1,1,1,0,1,50,2,2,1,0,0,1,40.0,16.0,voiture,deux_roues,4,2,3,1,3
201900009316,2019-12-16 12:05:00,2019,12,16,12,5,13,13215,LYON (RUE DE),43.342437,5.359768,Plein jour,En agglomération,Hors intersection,Normale,Deux véhicules - côté,4,1,1,0,1,1,1,5,1,50,2,2,1,0,0,1,46.0,51.0,deux_roues,voiture,1,2,1,1,3
201900009317,2019-06-13 18:50:00,2019,6,13,18,50,13,13216,ESTAQUE PLAGE,43.35972,5.3164,Plein jour,En agglomération,Autre intersection,Normale,Deux véhicules - côté,3,2,2,0,1,1,1,0,1,50,2,2,1,0,0,1,53.0,50.0,voiture,deux_roues,1,2,9,1,3
201900009318,2019-12-02 18:00:00,2019,12,2,18,0,13,13209,MAZARGUES (AVENUE DE),43.259262,5.394149,Nuit avec éclairage allumé,En agglomération,Intersection en T,Normale,Deux véhicules - côté,4,2,4,0,1,1,1,0,1,50,2,2,1,0,0,1,55.0,28.0,voiture,voiture,5,2,3,1,3
201900009319,2019-12-02 17:30:00,2019,12,2,17,30,13,13212,EDOUARD ESTAUNIE (SQUARE),43.320322,5.431969,Nuit avec éclairage allumé,En agglomération,Hors intersection,Normale,Autre collision,9,1,1,0,1,1,1,0,1,50,1,2,0,0,1,1,30.0,,voiture,,5,2,1,1,6
201900009320,2019-11-27 14:30:00,2019,11,27,14,30,13,13212,24 AVRIL 15 (AVENUE DU),43.3081,5.4353,Plein jour,En agglomération,Hors intersection,Normale,Deux véhicules - côté,4,-1,2,0,1,1,1,0,1,50,2,2,1,0,0,1,54.0,26.0,deux_roues,voiture,1,2,1,1,3
201900009321,2019-12-16 15:30:00,2019,12,16,15,30,13,13005,DOUARD (AVENUE DU),43.28643,5.5955,Plein jour,Hors agglomération,Intersection en T,Normale,Deux véhicules - côté,4,2,2,0,1,1,1,0,1,50,2,2,1,0,1,0,44.0,45.0,deux_roues,voiture,1,1,3,1,3
201900009322,2019-11-29 17:50:00,2019,11,29,17,50,11,11262,RD 6009 NARBONNE - PERPIGNAN,43.1771,2.99434,Nuit avec éclairage allumé,En agglomération,Hors intersection,Normale,Trois véhicules et plus - en chaîne,4,2,2,0,1,1,1,0,1,50,3,3,2,0,0,1,28.0,69.0,voiture,voiture,5,2,1,1,4
201900009323,2019-11-30 11:00:00,2019,11,30,11,0,11,11262,RD 6009 NARBONNE - PERPIGNAN,43.14518,2.9759,Plein jour,En agglomération,Hors intersection,Normale,Autre collision,4,2,2,0,1,1,1,0,1,50,1,1,0,0,0,1,31.0,,utilitaire_camion,,1,2,1,1,6
201900009324,2019-11-29 08:00:00,2019,11,29,8,0,11,11262,RD 6009 NARBONNE - PERPIGNAN,43.1572,2.98166,Plein jour,En agglomération,Hors intersection,Normale,Deux véhicules - arrière,4,2,2,0,1,1,1,0,1,50,2,2,1,0,0,1,20.0,20.0,deux_roues,voiture,1,2,1,1,2
201900009325,2019-12-16 18:44:00,2019,12,16,18,44,10,10333,AUXERRE (ROUTE),48.27346,4.05684,Nuit avec éclairage allumé,En agglomération,Hors intersection,Normale,Autre collision,6,-1,1,0,1,1,1,0,-1,50,1,2,1,0,0,1,33.0,,voiture,,5,2,1,1,6
201900009326,2019-12-15 16:05:00,2019,12,15,16,5,7,07070,PEYROUSSES (CH. DE),44.9605,4.85209,Plein jour,Hors agglomération,Hors intersection,Normale,Sans collision,4,2,2,0,1,1,1,0,1,50,1,1,0,0,0,1,59.0,,deux_roues,,1,1,1,1,7
201900009327,2019-12-03 17:15:00,2019,12,3,17,15,6,06069,DRAGUIGNAN (ROUTE DE) - D2562-,43.643965,6.902901,Crépuscule ou aube,En agglomération,Hors intersection,Normale,Deux véhicules - arrière,3,-1,2,0,2,2,1,0,1,50,2,2,1,0,0,1,35.0,53.0,deux_roues,deux_roues,2,2,1,1,2
201900009328,2019-12-02 18:00:00,2019,12,2,18,0,6,06069,CHENES (CHEMIN DES),43.640832,6.917178,Nuit avec éclairage allumé,En agglomération,Intersection en T,Normale,Deux véhicules - côté,4,2,2,0,2,1,1,0,1,50,2,2,1,0,0,1,17.0,46.0,deux_roues,voiture,5,2,3,1,3
201900009329,2019-12-15 13:25:00,2019,12,15,13,25,5,05061,EMBRUN ( AVENUE D'),44.56846,6.09968,Plein jour,En agglomération,Hors intersection,Normale,Sans collision,2,2,2,0,1,1,2,0,1,50,1,2,1,0,0,1,71.0,,voiture,,1,2,1,1,7