accident_id,datetime,annee,mois,jour,heure,minute,departement,commune_insee,adresse,latitude,longitude,luminosite,agglomeration,intersection,meteo,collision,catr,circ,nbv,vosp,prof,plan,surf,infra,situ,vma,nb_vehicules,nb_usagers,nb_indemnes,nb_tues,nb_blesses_hosp,nb_blesses_legers,age_cond_1,age_cond_2,veh_type_cond_1,veh_type_cond_2,lum_code,agg_code,int_code,atm_code,col_code
201900009420,2019-12-23 11:35:00,2019,12,23,11,35,82,82052,A62,43.998707,1.227296,Plein jour,Hors agglomération,Hors intersection,Pluie légère,Deux véhicules - arrière,1,3,4,0,1,1,2,0,1,130,2,4,2,0,0,2,28.0,54.0,voiture,utilitaire_camion,1,1,1,2,2
201900009421,2019-12-31 18:05:00,2019,12,31,18,5,74,74094,Route de Thonon,46.186456,6.297403,Nuit sans éclairage public,Hors agglomération,Hors intersection,Brouillard / fumée,Autre collision,3,1,1,0,2,2,1,0,8,50,1,1,0,0,1,0,51.0,,voiture,,3,1,1,5,6
201900009422,2019-10-18 09:35:00,2019,10,18,9,35,85,85279,D6,46.7963,-1.40886,Plein jour,Hors agglomération,Hors intersection,Normale,Deux véhicules - côté,3,-1,2,0,2,2,2,0,1,80,2,2,1,1,0,0,41.0,57.0,voiture,utilitaire_camion,1,1,1,1,3
201900009423,2019-10-19 14:32:00,2019,10,19,14,32,94,94034,AUTOROUTE A86,48.7584,2.3258,Nuit avec éclairage allumé,Hors agglomération,Hors intersection,Pluie forte,Deux véhicules - arrière,1,3,4,0,1,1,2,1,1,70,2,3,2,0,0,1,38.0,29.0,voiture,voiture,5,1,1,3,2
201900009424,2019-12-19 19:50:00,2019,12,19,19,50,69,69389,ANDREI SAKHAROV                     (AV),45.78783,4.79958,Nuit avec éclairage allumé,En agglomération,Hors intersection,Normale,Autre collision,4,2,2,0,1,1,1,0,1,50,1,1,0,0,1,0,21.0,,voiture,,5,2,1,1,6
201900009425,2019-12-19 18:30:00,2019,12,19,18,30,69,69264,PASQUIER PIERRE  BD,45.98843,4.73163,Nuit avec éclairage allumé,En agglomération,Hors intersection,Vent fort / tempête,Autre collision,4,2,2,0,1,1,1,0,1,50,1,2,1,0,1,0,28.0,,voiture,,5,2,1,6,6
201900009426,2019-12-31 21:00:00,2019,12,31,21,0,29,29019,FOCH MARECHAL,48.3948,-4.48824,Nuit avec éclairage allumé,En agglomération,Hors intersection,Pluie légère,Autre collision,4,2,3,0,1,1,2,0,1,50,1,2,1,0,1,0,49.0,,voiture,,5,2,1,2,6
201900009427,2019-12-31 17:00:00,2019,12,31,17,0,94,94067,GENERAL DE GAULLE (AV DU),48.844445,2.417587,Crépuscule ou aube,En agglomération,Intersection en T,Normale,Autre collision,3,2,2,0,1,1,1,0,1,50,1,2,1,0,1,0,50.0,,voiture,,2,2,3,1,6
201900009428,2019-11-24 17:20:00,2019,11,24,17,20,7,07264,Chemin de Pontbrillant,44.3372992,4.6419958,Nuit sans éclairage public,Hors agglomération,Hors intersection,Temps couvert,Autre collision,3,2,2,0,2,1,2,0,1,50,2,2,1,1,0,0,33.0,72.0,deux_roues,voiture,3,1,1,8,6
201900009429,2019-05-02 17:45:00,2019,5,2,17,45,59,59014,LAURENT (COUR) - 289 AV A FRANCE,50.3777129,3.4968116,Plein jour,En agglomération,Intersection en T,Pluie légère,Deux véhicules - côté,3,2,2,0,1,1,2,0,1,50,2,2,1,0,0,1,48.0,30.0,deux_roues,voiture,1,2,3,2,3
201900009430,2019-11-26 08:30:00,2019,11,26,8,30,972,97209,MOUTTE (ROUTE DE),14.61875,-61.05591,Plein jour,En agglomération,Hors intersection,Normale,Deux véhicules - frontale,3,2,2,0,1,1,1,0,1,50,2,3,1,0,0,2,48.0,28.0,voiture,voiture,1,2,1,1,1
201900009431,2019-12-31 23:00:00,2019,12,31,23,0,95,95018,BELIN (RUE AG),48.947084,2.2468204,Nuit avec éclairage allumé,En agglomération,Intersection en T,Normale,Deux véhicules - côté,3,2,2,0,1,1,1,5,1,50,2,2,1,0,1,0,27.0,13.0,voiture,autre,5,2,3,1,3
201900009432,2019-12-13 17:30:00,2019,12,13,17,30,89,89387,VERDUN (5 BOULEVARD DE),48.20485,3.28616,Nuit avec éclairage allumé,En agglomération,Hors intersection,Normale,Autre collision,4,4,2,0,1,1,1,6,1,50,1,2,1,0,1,0,29.0,,voiture,,5,2,1,1,6
201900009433,2019-11-28 19:00:00,2019,11,28,19,0,30,30351,MISTRAL BOULEVARD FREDERIC,43.9822777,4.8052257,Nuit sans éclairage public,Hors agglomération,Hors intersection,Normale,Deux véhicules - côté,3,2,2,0,1,2,1,0,1,80,2,2,1,0,1,0,21.0,41.0,voiture,voiture,3,1,1,1,3
201900009434,2019-11-09 18:00:00,2019,11,9,18,0,84,84007,MISTRAL7  (Parking C.Commercial),43.92019,4.86574,Crépuscule ou aube,En agglomération,Autre intersection,Normale,Deux véhicules - côté,5,1,2,0,1,1,1,9,1,30,2,2,1,0,1,0,22.0,32.0,deux_roues,voiture,2,2,9,1,3
201900009435,2019-11-09 19:40:00,2019,11,9,19,40,77,77404,D403 X RUE J. GRIVEAU,48.52913,3.25387,Nuit avec éclairage allumé,En agglomération,Intersection en T,Normale,Deux véhicules - côté,3,2,2,0,1,1,1,5,1,50,2,2,1,0,1,0,47.0,19.0,voiture,deux_roues,5,2,3,1,3
201900009436,2019-12-22 17:50:00,2019,12,22,17,50,59,59017,BLUM  (AVENUE LEON),50.69413,2.88732,Nuit avec éclairage allumé,En agglomération,Intersection en T,Normale,Trois véhicules et plus - collisions multiples,9,3,2,0,1,1,1,0,1,50,3,5,1,0,0,4,40.0,39.0,voiture,voiture,5,2,3,1,5
201900009437,2019-12-30 18:10:00,2019,12,30,18,10,57,57672,CASTELNAU (RUE DE),49.3522,6.16026,Nuit avec éclairage allumé,En agglomération,Hors intersection,Normale,Autre collision,4,2,2,0,1,1,1,0,1,50,2,3,2,0,0,1,71.0,23.0,voiture,voiture,5,2,1,1,6
201900009438,2019-12-28 17:45:00,2019,12,28,17,45,53,53201,PARIS ( AVENUE DE ),48.068908,-0.808006,Nuit avec éclairage allumé,En agglomération,Giratoire,Normale,Autre collision,3,3,4,0,1,4,1,0,1,50,1,2,1,0,1,0,69.0,,voiture,,5,2,6,1,6
201900009439,2019-12-27 11:10:00,2019,12,27,11,10,33,33281,AVE PIERRE MENDES FRANCE,44.82028,-0.63486,Plein jour,En agglomération,Hors intersection,Temps éblouissant,Autre collision,4,2,5,2,1,1,1,0,1,50,1,3,1,0,2,0,44.0,,voiture,,1,2,1,7,6
201900009440,2019-10-18 07:00:00,2019,10,18,7,0,33,33281,AVE MARCEL DASSAULT,44.84575,-0.72529,Plein jour,Hors agglomération,Intersection en X,Normale,Deux véhicules - côté,4,2,5,2,1,1,1,0,1,80,2,2,1,0,0,1,33.0,54.0,deux_roues,voiture,1,1,2,1,3
201900009441,2019-12-28 18:10:00,2019,12,28,18,10,11,11069,MARECHAL FOCH -AVENUE-,43.2171871,2.3519885,Nuit avec éclairage allumé,En agglomération,Hors intersection,Normale,Sans collision,4,2,2,0,2,3,1,0,1,50,1,2,1,0,1,0,46.0,,voiture,,5,2,1,1,7
201900009442,2019-11-23 23:00:00,2019,11,23,23,0,11,11069,MINERVOISE -ROUTE-,43.2179,2.3537,Nuit sans éclairage public,En agglomération,Hors intersection,Pluie forte,Sans collision,4,2,2,0,1,1,2,0,1,50,1,1,0,0,1,0,18.0,,deux_roues,,3,2,1,3,7
201900009443,2019-12-02 13:44:00,2019,12,2,13,44,11,11069,MUSSET ALFRED-DE -ET IMPASSE-,43.2224067,2.3451863,Plein jour,En agglomération,Hors intersection,Normale,Autre collision,4,2,2,0,1,1,1,0,1,50,1,2,1,0,1,0,20.0,,voiture,,1,2,1,1,6
201900009444,2019-12-02 23:20:00,2019,12,2,23,20,93,93008,VALLES (RUE JULES),48.91,2.47,Nuit avec éclairage allumé,En agglomération,Intersection en T,Pluie légère,Deux véhicules - côté,4,2,2,0,1,1,2,0,1,50,2,5,1,0,0,4,29.0,26.0,voiture,voiture,5,2,3,2,3
201900009445,2019-12-01 19:00:00,2019,12,1,19,0,987,98745,route de Patio,-16.630833,-151.504028,Nuit sans éclairage public,Hors agglomération,Autre intersection,Normale,Sans collision,4,2,2,0,1,3,1,0,8,60,1,1,0,0,1,0,23.0,,voiture,,3,1,9,1,7
201900009446,2019-12-29 19:50:00,2019,12,29,19,50,973,97305,Village Kamuyneh,4.989854,-52.448948,Nuit avec éclairage allumé,Hors agglomération,Intersection en T,Normale,Deux véhicules - côté,2,2,2,0,1,1,1,0,1,80,2,4,0,0,2,2,29.0,35.0,voiture,voiture,5,1,3,1,3
201900009447,2019-12-31 15:00:00,2019,12,31,15,0,13,13022,Chemin du Plan d'Olive,43.234931,5.55169,Plein jour,En agglomération,Intersection en T,Normale,Deux véhicules - arrière,4,2,2,0,3,1,1,0,1,50,2,2,1,0,0,1,25.0,20.0,voiture,voiture,1,2,3,1,2
201900009448,2019-12-20 17:45:00,2019,12,20,17,45,13,13071,A7-Sens Marseille vers Lyon,43.41239,5.2821,Crépuscule ou aube,Hors agglomération,Hors intersection,Normale,Trois véhicules et plus - en chaîne,1,-1,4,0,1,1,1,0,1,110,3,3,1,0,0,2,37.0,28.0,utilitaire_camion,utilitaire_camion,2,1,1,1,4
201900009449,2019-12-23 14:00:00,2019,12,23,14,0,1,01043,A432N 9.900 A 11.118,45.84443,5.015414,Plein jour,Hors agglomération,Hors intersection,Pluie légère,Sans collision,1,3,3,3,2,1,2,2,1,110,1,2,0,0,1,1,61.0,,voiture,,1,1,1,2,7
201900009450,2019-12-31 20:15:00,2019,12,31,20,15,93,93078,AUTOROUTE A104,48.95921,2.53611,Nuit sans éclairage public,Hors agglomération,Hors intersection,Temps couvert,Trois véhicules et plus - collisions multiples,1,3,7,0,1,1,9,9,1,90,6,6,5,0,0,1,31.0,40.0,voiture,voiture,3,1,1,8,5
201900009451,2019-12-31 16:20:00,2019,12,31,16,20,79,79191,Boulevard de l'Atlantique,46.316216,-0.47686,Plein jour,En agglomération,Intersection en X,Temps couvert,Sans collision,4,2,4,2,1,1,1,5,1,50,1,2,1,0,0,1,63.0,,transport_commun,,1,2,2,8,7
201900009452,2019-12-18 15:45:00,2019,12,18,15,45,76,76351,ARISTIDE BRIAND,49.50023,0.1348,Plein jour,En agglomération,Intersection en T,Normale,Sans collision,3,2,2,0,1,1,1,0,1,50,1,2,0,0,1,1,23.0,,deux_roues,,1,2,3,1,7
201900009453,2019-12-31 17:30:00,2019,12,31,17,30,71,71270,LYON (ROUTE DE),46.28825,4.81089,Nuit avec éclairage allumé,En agglomération,Hors intersection,Brouillard / fumée,Deux véhicules - arrière,3,2,4,0,1,1,2,9,1,70,2,2,1,0,1,0,14.0,76.0,deux_roues,voiture,5,2,1,5,2
201900009454,2019-12-31 10:08:00,2019,12,31,10,8,36,36044,10 RUE HENRI DUNANT,46.806025,1.7138316,Plein jour,En agglomération,Hors intersection,Normale,Autre collision,4,2,2,-1,1,1,1,0,1,50,1,2,1,0,1,0,70.0,,voiture,,1,2,1,1,6
201900009455,2019-12-25 17:36:00,2019,12,25,17,36,36,36044,RUE HENRI DUNANT,46.806025,1.7138316,Plein jour,En agglomération,Hors intersection,Normale,Autre collision,4,3,4,0,1,1,1,5,1,50,2,2,1,0,1,0,25.0,20.0,deux_roues,voiture,1,2,1,1,6
201900009456,2019-12-26 09:00:00,2019,12,26,9,0,34,34301,EAUX BLANCHES (ZONE INDUSTRIELLE DES),43.4194,3.71331,Plein jour,En agglomération,Hors intersection,Normale,Deux véhicules - côté,4,2,2,0,1,1,1,0,1,30,2,2,1,0,1,0,48.0,35.0,voiture,deux_roues,1,2,1,1,3
201900009457,2019-12-30 13:05:00,2019,12,30,13,5,27,27306,CONCORDE (RUE),49.010323,1.177272,Plein jour,En agglomération,Autre intersection,Normale,Deux véhicules - côté,4,2,2,0,1,1,1,0,1,50,2,1,0,0,1,0,67.0,,deux_roues,,1,2,9,1,3
201900009458,2019-12-30 14:45:00,2019,12,30,14,45,22,22113,CORDIERS (RUE DES),48.7303744,-3.4491938,Plein jour,En agglomération,Hors intersection,Normale,Sans collision,4,1,1,0,1,2,1,9,1,30,1,1,0,0,1,0,56.0,,deux_roues,,1,2,1,1,7
201900009459,2019-12-20 23:34:00,2019,12,20,23,34,75,75116,BD PERIPHERIQUE INTERIEUR,48.86814,2.27,Nuit avec éclairage allumé,En agglomération,Hors intersection,Normale,Trois véhicules et plus - en chaîne,4,1,4,0,1,1,1,1,1,70,3,3,2,0,0,1,54.0,52.0,utilitaire_camion,voiture,5,2,1,1,4
201900009460,2019-12-31 05:43:00,2019,12,31,5,43,75,75110,RUE DU FAUBOURG SAINT MARTIN,48.879239,2.362881,Nuit avec éclairage allumé,En agglomération,Intersection en T,Normale,Autre collision,4,2,2,0,1,1,1,0,1,50,1,5,4,0,0,1,29.0,,voiture,,5,2,3,1,6
201900009461,2019-12-24 20:20:00,2019,12,24,20,20,94,94081,GROUPE MANOUCHIAN (AV DU),48.7881,2.4064,Nuit avec éclairage allumé,En agglomération,Intersection en T,Normale,Deux véhicules - côté,4,2,4,0,1,1,1,0,1,50,2,1,0,0,0,1,25.0,,voiture,,5,2,3,1,3
201900009462,2019-12-31 23:15:00,2019,12,31,23,15,94,94081,YOURI GAGARINE (AV),48.786109,2.391874,Nuit avec éclairage allumé,En agglomération,Intersection en T,Normale,Deux véhicules - côté,3,1,1,0,1,1,1,5,1,50,2,2,1,0,0,1,19.0,24.0,deux_roues,voiture,5,2,3,1,3
201900009463,2019-12-31 08:20:00,2019,12,31,8,20,93,93074,Route Nationale 3,48.9336,2.58656,Plein jour,En agglomération,Hors intersection,Temps éblouissant,Autre collision,3,1,2,0,1,2,8,0,1,90,1,1,0,0,0,1,48.0,,voiture,,1,2,1,7,6
201900009464,2019-12-03 07:05:00,2019,12,3,7,5,81,81311,D612 - LABOURIOUNE,43.733794,2.186413,Nuit avec éclairage allumé,Hors agglomération,Giratoire,Brouillard / fumée,Autre collision,3,2,2,0,1,1,2,9,8,80,1,1,0,0,1,0,24.0,,deux_roues,,5,1,6,5,6
201900009465,2019-12-04 15:34:00,2019,12,4,15,34,38,38205,Route de la Croix Perrin,45.128257,5.577335,Crépuscule ou aube,Hors agglomération,Hors intersection,Normale,Deux véhicules - frontale,3,2,2,0,2,3,2,0,1,80,2,2,1,0,1,0,60.0,24.0,utilitaire_camion,voiture,2,1,1,1,1
201900009466,2019-08-25 11:25:00,2019,8,25,11,25,34,34076,A75,43.660726,3.441283,Plein jour,Hors agglomération,Hors intersection,Normale,Autre collision,1,3,4,0,1,1,1,3,1,130,2,3,2,0,0,1,57.0,61.0,voiture,voiture,1,1,1,1,6
201900009467,2019-08-25 11:21:00,2019,8,25,11,21,34,34076,A75,43.646878,3.449415,Plein jour,Hors agglomération,Hors intersection,Normale,Autre collision,1,3,4,0,1,1,1,0,1,130,4,4,3,0,0,1,22.0,38.0,voiture,voiture,1,1,1,1,6
201900009468,2019-09-17 18:30:00,2019,9,17,18,30,62,62869,rue de Dainville,50.246158,2.721349,Plein jour,Hors agglomération,Hors intersection,Normale,Deux véhicules - frontale,4,2,2,0,2,4,1,0,1,80,2,2,1,0,1,0,51.0,16.0,voiture,deux_roues,1,1,1,1,1
201900009469,2019-09-17 13:10:00,2019,9,17,13,10,91,91534,D36,48.729212,2.165986,Plein jour,Hors agglomération,Hors intersection,Normale,Deux véhicules - frontale,3,2,2,0,3,3,1,2,1,50,2,2,1,0,1,0,23.0,45.0,voiture,deux_roues,1,1,1,1,1
201900009470,2019-09-17 17:10:00,2019,9,17,17,10,77,77218,D411 X D59A,48.4304048,3.3165053,Plein jour,Hors agglomération,Intersection en T,Normale,Deux véhicules - arrière,3,2,2,0,1,1,1,0,1,80,2,3,2,0,0,1,28.0,25.0,voiture,voiture,1,1,3,1,2
201900009471,2019-09-16 09:30:00,2019,9,16,9,30,82,82025,chemin de pastenc,43.948365,1.323341,Plein jour,Hors agglomération,Hors intersection,Normale,Deux véhicules - côté,4,2,2,0,1,1,1,0,1,80,2,2,1,1,0,0,68.0,59.0,deux_roues,utilitaire_camion,1,1,1,1,3
201900009472,2019-09-17 16:30:00,2019,9,17,16,30,81,81308,le coustil,44.012235,2.359588,Plein jour,Hors agglomération,Hors intersection,Normale,Autre collision,3,2,2,0,1,1,1,0,1,80,1,1,0,0,1,0,22.0,,voiture,,1,1,1,1,6
201900009473,2019-09-15 15:40:00,2019,9,15,15,40,63,63066,Avenue des Acacias,45.864228,3.639965,Plein jour,Hors agglomération,Intersection en X,Normale,Deux véhicules - côté,3,2,2,0,2,3,1,0,1,80,2,3,2,0,1,0,19.0,30.0,voiture,deux_roues,1,1,2,1,3
201900009474,2019-09-15 18:30:00,2019,9,15,18,30,49,49347,D68 lieu dit Champagne,47.626331,-0.450956,Plein jour,Hors agglomération,Intersection en X,Normale,Deux véhicules - côté,3,2,2,0,1,1,1,5,1,80,2,5,4,0,0,1,25.0,50.0,utilitaire_camion,voiture,1,1,2,1,3
201900009475,2019-09-17 09:00:00,2019,9,17,9,0,47,47185,le pont du dor ,44.450855,0.965311,Plein jour,Hors agglomération,Hors intersection,Normale,Autre collision,3,2,2,0,1,1,1,5,1,80,1,1,0,0,1,0,17.0,,deux_roues,,1,1,1,1,6
201900009476,2019-09-17 17:05:00,2019,9,17,17,5,2,02339,2 Rue de la Prairie,49.094322,3.181521,Plein jour,En agglomération,Hors intersection,Normale,Sans collision,3,2,2,0,1,1,1,0,1,50,1,2,1,0,0,1,39.0,,voiture,,1,2,1,1,7
201900009477,2019-09-16 16:45:00,2019,9,16,16,45,15,15246,Route Départementale 678,45.266698,2.603033,Plein jour,En agglomération,Hors intersection,Normale,Autre collision,3,2,2,0,2,1,1,0,3,50,1,2,1,0,0,1,48.0,,utilitaire_camion,,1,2,1,1,6
201900009478,2019-09-14 21:00:00,2019,9,14,21,0,1,01357,LA VOUTE,46.169194,5.721148,Nuit sans éclairage public,Hors agglomération,Hors intersection,Normale,Deux véhicules - frontale,3,2,2,0,1,3,1,0,1,80,2,2,1,0,0,1,26.0,44.0,voiture,voiture,3,1,1,1,1
201900009479,2019-09-15 19:30:00,2019,9,15,19,30,54,54561,RD22,48.448701,6.453631,Crépuscule ou aube,Hors agglomération,Hors intersection,Normale,Sans collision,3,2,2,0,1,3,1,0,3,80,1,1,0,0,1,0,67.0,,voiture,,2,1,1,1,7
201900009480,2019-09-16 20:30:00,2019,9,16,20,30,54,54029,Route de Serrouville,49.372066,5.895473,Nuit sans éclairage public,Hors agglomération,Hors intersection,Normale,Sans collision,3,2,2,0,1,1,1,0,8,80,1,2,1,0,1,0,42.0,,voiture,,3,1,1,1,7
201900009481,2019-09-17 17:50:00,2019,9,17,17,50,72,72265,D25,48.228143,0.343678,Plein jour,Hors agglomération,Intersection en X,Normale,Deux véhicules - côté,3,2,2,0,1,1,1,0,1,80,2,2,1,0,0,1,73.0,49.0,voiture,voiture,1,1,2,1,3
201900009482,2019-09-15 00:30:00,2019,9,15,0,30,14,14326,Les Bruyères Morin,49.17467,0.275989,Nuit sans éclairage public,Hors agglomération,Hors intersection,Normale,Autre collision,4,2,1,0,1,1,1,0,3,50,1,1,0,0,1,0,33.0,,voiture,,3,1,1,1,6
201900009483,2019-09-15 16:45:00,2019,9,15,16,45,14,14342,Route du Hameau Fontaine,49.310748,-1.08508,Plein jour,Hors agglomération,Hors intersection,Normale,Autre collision,3,2,2,0,1,1,1,0,3,50,1,2,1,0,1,0,65.0,,voiture,,1,1,1,1,6
201900009484,2019-09-17 15:30:00,2019,9,17,15,30,50,50486,La Roquelle,49.407837,-1.624602,Plein jour,Hors agglomération,Hors intersection,Normale,Sans collision,4,2,2,0,1,1,1,0,1,80,1,1,0,0,1,0,70.0,,deux_roues,,1,1,1,1,7
201900009485,2019-09-14 20:20:00,2019,9,14,20,20,18,18180,Vauroux,47.017939,2.444142,Nuit sans éclairage public,Hors agglomération,Hors intersection,Normale,Autre collision,3,2,2,0,1,1,1,0,1,70,1,2,0,0,2,0,50.0,,deux_roues,,3,1,1,1,6
201900009486,2019-09-16 13:30:00,2019,9,16,13,30,36,36088,RUE FERDINAND DE LESSEPS/RUE BASSE ST DENIS,46.959983,1.988428,Plein jour,En agglomération,Intersection en X,Normale,Deux véhicules - côté,4,2,2,0,2,1,1,0,1,50,2,2,1,0,1,0,54.0,11.0,voiture,deux_roues,1,2,2,1,3
201900009487,2019-09-17 10:55:00,2019,9,17,10,55,17,17248,RD 730,45.5122901,-0.7564175,Plein jour,Hors agglomération,Hors intersection,Temps éblouissant,Deux véhicules - arrière,3,2,2,0,1,1,1,0,1,80,2,2,1,0,1,0,81.0,,voiture,,1,1,1,7,2
201900009488,2019-09-16 16:15:00,2019,9,16,16,15,88,88487,30 Route du Girmont,47.948334,6.526586,Plein jour,Hors agglomération,Hors intersection,Normale,Deux véhicules - frontale,3,2,2,0,2,1,1,0,1,80,2,2,1,0,1,0,20.0,23.0,voiture,deux_roues,1,1,1,1,1
201900009489,2019-09-17 00:00:00,2019,9,17,0,0,69,69244,Avenue Charles de Gaulle,45.75778,4.77423,Nuit avec éclairage allumé,En agglomération,Hors intersection,Normale,Deux véhicules - arrière,3,2,2,0,1,1,1,0,1,50,2,3,1,0,0,2,24.0,45.0,voiture,voiture,5,2,1,1,2
201900009490,2019-09-16 09:10:00,2019,9,16,9,10,78,78466,route de 40 sous,48.928498,1.98123,Plein jour,Hors agglomération,Intersection en T,Normale,Deux véhicules - frontale,3,4,4,0,1,1,1,5,1,70,2,3,2,0,1,0,28.0,54.0,utilitaire_camion,deux_roues,1,1,3,1,1
201900009491,2019-09-06 13:40:00,2019,9,6,13,40,44,44163,autoroute A11 PK 302.000,47.428237,-0.91706,Plein jour,Hors agglomération,Hors intersection,Normale,Sans collision,1,1,4,0,1,1,1,0,1,130,1,1,0,0,1,0,22.0,,voiture,,1,1,1,1,7
201900009492,2019-09-16 20:10:00,2019,9,16,20,10,973,97361,CD 9 PK 23,5.6484654,-53.8648295,Nuit sans éclairage public,Hors agglomération,Hors intersection,Normale,Autre collision,3,2,2,0,1,1,1,0,1,80,1,2,1,0,1,0,29.0,,voiture,,3,1,1,1,6
201900009493,2019-09-17 10:39:00,2019,9,17,10,39,77,77315,D239-57 Avenue du Marechal Foch,48.8936591,2.822062,Plein jour,En agglomération,Autre intersection,Normale,Autre collision,3,2,2,0,1,1,1,0,1,50,1,2,1,0,0,1,75.0,,voiture,,1,2,9,1,6
201900009494,2019-09-16 23:40:00,2019,9,16,23,40,2A,2A288,route du stade,41.54549,9.183038,Nuit sans éclairage public,En agglomération,Hors intersection,Normale,Sans collision,3,2,2,0,2,3,1,0,8,50,1,3,0,0,3,0,18.0,,voiture,,3,2,1,1,7
201900009495,2019-09-17 20:15:00,2019,9,17,20,15,84,84138,D 976,44.367525,4.978074,Nuit sans éclairage public,En agglomération,Hors intersection,Normale,Autre collision,3,2,2,0,1,2,1,0,3,50,1,3,0,0,1,2,37.0,,voiture,,3,2,1,1,6
201900009496,2019-09-15 15:10:00,2019,9,15,15,10,83,83119,Avenue Augustin Grangeon,43.26879,6.641002,Plein jour,En agglomération,Hors intersection,Normale,Autre collision,4,1,1,0,1,1,1,0,1,50,1,2,1,0,1,0,48.0,,voiture,,1,2,1,1,6
201900009497,2019-09-16 15:35:00,2019,9,16,15,35,88,88398,D420,48.273617,6.841925,Plein jour,Hors agglomération,Hors intersection,Normale,Sans collision,3,2,2,0,2,2,1,0,3,80,1,1,0,0,1,0,75.0,,voiture,,1,1,1,1,7
201900009498,2019-09-17 11:30:00,2019,9,17,11,30,57,57206,rue descartes,49.299049,6.108683,Plein jour,Hors agglomération,Hors intersection,Normale,Deux véhicules - frontale,4,2,2,0,1,1,1,0,1,50,2,2,0,0,2,0,83.0,53.0,voiture,voiture,1,1,1,1,1
201900009499,2019-09-16 20:00:00,2019,9,16,20,0,38,38565,Avenue de Juin 1940,45.302454,5.626495,Nuit sans éclairage public,Hors agglomération,Hors intersection,Normale,Deux véhicules - arrière,3,1,4,0,2,1,1,0,1,70,2,2,0,0,0,2,28.0,,deux_roues,,3,1,1,1,2
201900009500,2019-09-17 20:35:00,2019,9,17,20,35,26,26084,Avenue de Valence,45.015152,4.938591,Nuit avec éclairage allumé,En agglomération,Giratoire,Normale,Deux véhicules - côté,3,2,2,0,1,1,1,0,1,50,2,3,1,0,1,1,48.0,15.0,utilitaire_camion,deux_roues,5,2,6,1,3
201900009501,2019-09-10 12:35:00,2019,9,10,12,35,69,69074,D19/D44,46.00841,4.636864,Plein jour,Hors agglomération,Intersection en X,Normale,Deux véhicules - côté,3,2,2,0,2,1,1,0,1,80,2,2,1,0,1,0,49.0,73.0,voiture,deux_roues,1,1,2,1,3
201900009502,2019-08-05 11:55:00,2019,8,5,11,55,9,09160,37 Avenue Alsace Lorraine 09300,42.939869,1.854071,Plein jour,En agglomération,Hors intersection,Normale,Deux véhicules - arrière,3,2,2,0,1,1,1,0,1,30,2,3,1,0,1,1,65.0,17.0,voiture,deux_roues,1,2,1,1,2
201900009503,2019-09-14 11:00:00,2019,9,14,11,0,33,33448,D1113,44.721995,-0.525993,Plein jour,Hors agglomération,Hors intersection,Normale,Deux véhicules - arrière,3,2,2,0,1,1,1,0,1,80,2,2,1,0,0,1,24.0,17.0,voiture,deux_roues,1,1,1,1,2
201900009504,2019-09-13 18:15:00,2019,9,13,18,15,53,53001,la blinière,48.035962,-0.897587,Plein jour,Hors agglomération,Intersection en X,Normale,Deux véhicules - côté,3,2,2,0,1,1,1,0,1,80,2,4,0,0,1,3,35.0,44.0,voiture,voiture,1,1,2,1,3
201900009505,2019-08-31 17:15:00,2019,8,31,17,15,22,22246,Jamet,48.4749513,-2.60537,Plein jour,Hors agglomération,Intersection en T,Pluie légère,Deux véhicules - côté,4,2,2,0,1,1,2,0,1,50,2,4,2,0,0,2,52.0,71.0,voiture,voiture,1,1,3,2,3
201900009506,2019-09-17 16:00:00,2019,9,17,16,0,80,80685,D1017 / D1930,49.702223,2.808419,Plein jour,Hors agglomération,Intersection en X,Normale,Deux véhicules - frontale,3,2,2,0,1,1,1,5,1,80,2,2,1,0,0,1,48.0,28.0,voiture,deux_roues,1,1,2,1,1
201900009507,2019-09-16 09:15:00,2019,9,16,9,15,13,13015,A51-Sens Marseille vers Aix en Provence,43.48996,5.40759,Plein jour,Hors agglomération,Hors intersection,Normale,Trois véhicules et plus - en chaîne,1,1,2,0,1,1,1,0,1,90,5,5,3,0,0,2,59.0,45.0,utilitaire_camion,voiture,1,1,1,1,4
201900009508,2019-09-07 06:00:00,2019,9,7,6,0,62,62498,AUTOROUTE A21,50.433769,2.848506,Nuit sans éclairage public,Hors agglomération,Hors intersection,Temps couvert,Autre collision,1,1,6,0,2,1,2,2,1,90,1,1,0,0,1,0,22.0,,voiture,,3,1,1,8,6
201900009509,2019-09-05 07:45:00,2019,9,5,7,45,59,59278,ROUTE NATIONALE 41,50.6,2.94,Plein jour,Hors agglomération,Hors intersection,Normale,Sans collision,2,3,4,0,1,1,1,0,3,110,1,1,0,0,0,1,41.0,,deux_roues,,1,1,1,1,7
201900009510,2019-08-28 16:30:00,2019,8,28,16,30,59,59143,AUTOROUTE A25,50.6568441,2.9043013,Plein jour,Hors agglomération,Hors intersection,Normale,Sans collision,1,1,1,0,1,3,1,9,3,50,1,1,0,0,0,1,33.0,,deux_roues,,1,1,1,1,7