accident_id,datetime,annee,mois,jour,heure,minute,departement,commune_insee,adresse,latitude,longitude,luminosite,agglomeration,intersection,meteo,collision,catr,circ,nbv,vosp,prof,plan,surf,infra,situ,vma,nb_vehicules,nb_usagers,nb_indemnes,nb_tues,nb_blesses_hosp,nb_blesses_legers,age_cond_1,age_cond_2,veh_type_cond_1,veh_type_cond_2,lum_code,agg_code,int_code,atm_code,col_code
201900009511,2019-09-16 15:20:00,2019,9,16,15,20,91,91570,RN 104,48.6264,2.3089,Plein jour,Hors agglomération,Hors intersection,Normale,Trois véhicules et plus - collisions multiples,2,1,2,0,1,1,1,0,1,90,3,3,0,0,0,3,28.0,21.0,voiture,voiture,1,1,1,1,5
201900009512,2019-09-15 19:10:00,2019,9,15,19,10,91,91687,AUTOROUTE A6,48.66511,2.36345,Plein jour,Hors agglomération,Hors intersection,Normale,Sans collision,1,1,3,0,1,1,8,0,1,70,1,1,0,0,0,1,31.0,,deux_roues,,1,1,1,1,7
201900009513,2019-09-16 17:10:00,2019,9,16,17,10,92,92050,A86,48.9023306,2.2039946,Plein jour,Hors agglomération,Autre intersection,Normale,Deux véhicules - côté,1,1,2,0,1,3,1,1,1,50,2,4,1,1,0,2,61.0,86.0,voiture,voiture,1,1,9,1,3
201900009514,2019-09-15 19:16:00,2019,9,15,19,16,78,78043,A12 W,48.835912,2.088383,Plein jour,Hors agglomération,Hors intersection,Normale,Trois véhicules et plus - en chaîne,1,-1,4,0,1,1,1,0,1,90,3,3,1,0,0,2,25.0,49.0,voiture,voiture,1,1,1,1,4
201900009515,2019-09-15 18:15:00,2019,9,15,18,15,78,78640,A86 INT,48.777316,2.223732,Plein jour,Hors agglomération,Hors intersection,Normale,Deux véhicules - arrière,1,-1,3,0,1,1,1,0,1,90,2,2,1,0,0,1,58.0,82.0,voiture,voiture,1,1,1,1,2
201900009516,2019-09-15 16:14:00,2019,9,15,16,14,78,78640,A86 EXT,48.77793,2.21461,Plein jour,Hors agglomération,Hors intersection,Normale,Trois véhicules et plus - en chaîne,1,-1,4,0,1,1,1,0,1,110,3,3,2,0,0,1,84.0,52.0,voiture,voiture,1,1,1,1,4
201900009517,2019-09-16 07:30:00,2019,9,16,7,30,94,94046,A86 EXT,48.79903,2.44555,Plein jour,Hors agglomération,Hors intersection,Normale,Deux véhicules - arrière,1,3,4,0,1,1,1,0,1,90,2,2,0,0,0,2,31.0,46.0,voiture,voiture,1,1,1,1,2
201900009518,2019-09-15 21:10:00,2019,9,15,21,10,77,77449,A4,48.833241,2.791632,Nuit sans éclairage public,Hors agglomération,Hors intersection,Normale,Deux véhicules - côté,1,1,3,0,1,1,1,0,1,130,2,6,4,0,0,2,34.0,45.0,utilitaire_camion,deux_roues,3,1,1,1,3
201900009519,2019-09-15 09:50:00,2019,9,15,9,50,976,97611,kaweni-Mangrove (route de la),-12.77593,45.22569,Plein jour,En agglomération,Hors intersection,Normale,Deux véhicules - arrière,2,2,0,0,1,1,1,0,1,50,2,3,1,0,0,2,31.0,54.0,deux_roues,voiture,1,2,1,1,2
201900009520,2019-09-15 14:00:00,2019,9,15,14,0,69,69388,PAUL SANTY                          (AV),45.72649,4.87956,Plein jour,En agglomération,Intersection en X,Normale,Deux véhicules - frontale,4,2,3,1,1,1,1,0,1,50,2,2,1,0,0,1,31.0,56.0,deux_roues,voiture,1,2,2,1,1
201900009521,2019-09-15 04:08:00,2019,9,15,4,8,69,69383,GARIBALDI                           (R ),45.76209,4.85184,Nuit avec éclairage allumé,En agglomération,Intersection en X,Normale,Deux véhicules - côté,4,3,5,3,1,1,1,0,1,50,2,7,4,0,3,0,22.0,29.0,voiture,voiture,5,2,2,1,3
201900009522,2019-09-11 01:05:00,2019,9,11,1,5,69,69387,YVES FARGES                         (BD),45.74294,4.83389,Nuit avec éclairage allumé,En agglomération,Hors intersection,Normale,Autre collision,4,2,3,1,1,1,1,0,1,50,1,1,0,0,0,1,,,,,5,2,1,1,6
201900009523,2019-09-15 19:00:00,2019,9,15,19,0,972,97209,CHATEAUBOEUF (ROUTE DE),14.626,-61.04041,Nuit avec éclairage allumé,Hors agglomération,Hors intersection,Pluie forte,Deux véhicules - côté,2,2,2,0,3,2,2,0,3,70,2,3,1,0,0,2,27.0,65.0,deux_roues,utilitaire_camion,5,1,1,3,3
201900009524,2019-09-15 17:10:00,2019,9,15,17,10,69,69389,DUCHERE (DE LA)                     (BD),45.77691,4.79495,Plein jour,En agglomération,Hors intersection,Normale,Trois véhicules et plus - collisions multiples,4,2,2,1,2,1,1,0,1,50,4,2,0,0,0,2,19.0,,voiture,,1,2,1,1,5
201900009525,2019-09-14 15:05:00,2019,9,14,15,5,69,69286,JULES MICHELET                      (R ),45.81545,4.89071,Plein jour,En agglomération,Hors intersection,Normale,Autre collision,4,2,2,0,1,1,1,0,1,50,1,2,1,0,0,1,39.0,,utilitaire_camion,,1,2,1,1,6
201900009526,2019-09-15 16:20:00,2019,9,15,16,20,2A,2A004,ILES SANGUINAIRES ROUTE DES,41.9064325,8.6685862,Plein jour,Hors agglomération,Hors intersection,Normale,Deux véhicules - frontale,3,2,2,0,1,1,1,0,1,50,2,2,1,0,0,1,45.0,63.0,deux_roues,voiture,1,1,1,1,1
201900009527,2019-09-15 01:30:00,2019,9,15,1,30,95,95268,AV DE STALINGRAD,48.9599646,2.3992945,Nuit avec éclairage allumé,En agglomération,Intersection en T,Normale,Deux véhicules - arrière,3,2,4,0,1,1,1,0,1,50,2,3,1,0,0,2,35.0,23.0,deux_roues,voiture,5,2,3,1,2
201900009528,2019-09-15 09:55:00,2019,9,15,9,55,95,95018,ALLEMANE (BOULEVARD JEAN),48.9506119,2.2536813,Plein jour,En agglomération,Hors intersection,Normale,Autre collision,3,2,2,0,1,1,1,0,1,50,1,3,1,0,1,1,45.0,,voiture,,1,2,1,1,6
201900009529,2019-09-15 21:20:00,2019,9,15,21,20,91,91286,ROUTE NATIONALE 7,48.66587,2.39735,Nuit avec éclairage allumé,En agglomération,Hors intersection,Normale,Deux véhicules - arrière,2,3,0,0,1,1,1,0,1,50,2,2,0,0,0,2,38.0,29.0,voiture,voiture,5,2,1,1,2
201900009530,2019-09-14 20:15:00,2019,9,14,20,15,90,90010,MICHELET (RUE),47.635294,6.852418,Nuit avec éclairage allumé,En agglomération,Hors intersection,Normale,Deux véhicules - frontale,3,2,2,0,1,1,1,0,1,50,2,3,2,0,1,0,19.0,35.0,deux_roues,voiture,5,2,1,1,1
201900009531,2019-09-13 15:10:00,2019,9,13,15,10,83,83009,LIBERATION (BOULEVARD DE LA),43.139434,5.767218,Plein jour,En agglomération,Autre intersection,Normale,Autre collision,4,3,2,0,1,3,1,0,1,50,1,2,1,1,0,0,56.0,,voiture,,1,2,9,1,6
201900009532,2019-09-15 05:30:00,2019,9,15,5,30,83,83050,FOCH(BOULEVARD DU MARECHAL),43.53923,6.46305,Nuit avec éclairage allumé,En agglomération,Intersection en T,Normale,Autre collision,3,2,2,0,1,1,1,0,1,50,1,2,1,0,1,0,36.0,,voiture,,5,2,3,1,6
201900009533,2019-09-13 19:55:00,2019,9,13,19,55,81,81244,PARC (AVENUE DU),44.047544,2.13332,Crépuscule ou aube,En agglomération,Intersection en X,Normale,Deux véhicules - côté,4,2,0,0,2,1,1,0,1,50,2,2,1,0,1,0,66.0,12.0,voiture,deux_roues,2,2,2,1,3
201900009534,2019-09-15 10:50:00,2019,9,15,10,50,77,77258,MAISON ROUGE (RUE DE LA),48.83363,2.62938,Plein jour,En agglomération,Hors intersection,Normale,Sans collision,4,-1,0,1,1,1,1,0,1,30,1,1,0,0,1,0,51.0,,deux_roues,,1,2,1,1,7
201900009535,2019-09-15 22:50:00,2019,9,15,22,50,77,77152,D376-THIBAULT(RUE DES FRERES),48.5308562,2.6398784,Nuit avec éclairage allumé,En agglomération,Hors intersection,Normale,Autre collision,3,2,2,0,2,2,1,0,3,50,1,1,0,0,1,0,20.0,,voiture,,5,2,1,1,6
201900009536,2019-09-14 22:10:00,2019,9,14,22,10,77,77438,D934,48.86681,2.67519,Nuit sans éclairage public,Hors agglomération,Hors intersection,Normale,Deux véhicules - arrière,3,3,6,0,1,1,1,3,3,70,2,2,1,0,0,1,33.0,26.0,voiture,voiture,3,1,1,1,2
201900009537,2019-09-15 11:45:00,2019,9,15,11,45,64,64545,GARRATTIKI (IMPASSE),43.375098,-1.6786783,Plein jour,En agglomération,Hors intersection,Normale,Deux véhicules - côté,4,2,2,0,1,1,1,0,1,30,2,3,2,0,0,1,65.0,15.0,voiture,deux_roues,1,2,1,1,3
201900009538,2019-09-15 15:35:00,2019,9,15,15,35,64,64445,MONTARDON DE,43.32628,-0.36843,Plein jour,En agglomération,Hors intersection,Normale,Deux véhicules - côté,4,2,2,0,1,1,1,0,1,50,2,2,1,0,0,1,73.0,46.0,voiture,deux_roues,1,2,1,1,3
201900009539,2019-09-15 08:57:00,2019,9,15,8,57,64,64348,EUROPE DE L',43.32101,-0.39176,Plein jour,En agglomération,Giratoire,Normale,Deux véhicules - côté,3,-1,2,0,1,3,1,9,1,50,2,2,1,0,1,0,46.0,46.0,voiture,deux_roues,1,2,6,1,3
201900009540,2019-09-15 01:45:00,2019,9,15,1,45,64,64041,MATACHOT,43.2813264,-0.3344377,Nuit avec éclairage allumé,En agglomération,Hors intersection,Normale,Sans collision,3,2,2,0,1,1,1,0,3,50,1,2,1,0,1,0,46.0,,voiture,,5,2,1,1,7
201900009541,2019-09-15 15:15:00,2019,9,15,15,15,60,60057,MANDELA NELSON (AVENUE),49.4317662,2.0699886,Plein jour,En agglomération,Intersection en X,Normale,Autre collision,4,2,2,0,1,1,1,0,1,50,2,3,1,0,0,2,74.0,24.0,voiture,voiture,1,2,2,1,6
201900009542,2019-09-15 17:15:00,2019,9,15,17,15,59,59098,LYS ( BOULEVARD DE LA ),50.755246,3.060864,Plein jour,Hors agglomération,Hors intersection,Normale,Deux véhicules - côté,7,2,4,1,1,1,1,0,1,80,2,3,0,2,1,0,24.0,22.0,voiture,deux_roues,1,1,1,1,3
201900009543,2019-09-15 06:10:00,2019,9,15,6,10,59,59378,BONPAIN RUE DE L'ABBE,50.65612,3.09007,Nuit avec éclairage allumé,En agglomération,Intersection en X,Normale,Autre collision,4,2,0,0,1,1,1,0,1,50,3,2,1,0,0,1,,,autre,,5,2,2,1,6
201900009544,2019-09-15 00:20:00,2019,9,15,0,20,37,37261,RICHER (RUE FRANCOIS),47.3833948,0.6661831,Nuit avec éclairage allumé,En agglomération,Intersection en X,Normale,Deux véhicules - côté,4,2,2,0,1,1,1,0,1,50,2,2,1,0,0,1,25.0,25.0,voiture,voiture,5,2,2,1,3
201900009545,2019-09-15 23:06:00,2019,9,15,23,6,35,35238,JOFFRE ( DU MARECHAL),48.10936,-1.67778,Nuit avec éclairage allumé,En agglomération,Intersection en X,Normale,Deux véhicules - côté,4,2,1,3,2,1,1,0,1,50,2,2,1,0,0,1,30.0,31.0,deux_roues,voiture,5,2,2,1,3
201900009546,2019-09-15 14:49:00,2019,9,15,14,49,35,35238,FREVILLE (AVENUE HENRI),48.08371,-1.67519,Plein jour,En agglomération,Intersection en T,Temps éblouissant,Deux véhicules - côté,4,3,4,0,1,1,1,0,1,50,2,2,1,0,0,1,44.0,32.0,voiture,voiture,1,2,3,7,3
201900009547,2019-09-15 02:40:00,2019,9,15,2,40,35,35051,PORTE DE LA RIGOURDIERE,48.11498,-1.5699,Nuit sans éclairage public,Hors agglomération,Hors intersection,Normale,Sans collision,2,1,1,0,2,2,1,0,1,50,1,1,0,0,0,1,24.0,,voiture,,3,1,1,1,7
201900009548,2019-09-14 23:00:00,2019,9,14,23,0,25,25031,JALESIE (RUE DE LA),47.48742,6.8427,Nuit avec éclairage allumé,En agglomération,Hors intersection,Normale,Autre collision,6,-1,-1,0,1,1,1,9,1,50,1,3,2,0,1,0,22.0,,voiture,,5,2,1,1,6
201900009549,2019-09-13 14:00:00,2019,9,13,14,0,17,17333,RD 140,45.61384,-0.96734,Plein jour,Hors agglomération,Hors intersection,Normale,Deux véhicules - frontale,3,2,2,0,1,4,1,0,1,80,2,2,1,0,0,1,68.0,64.0,voiture,voiture,1,1,1,1,1
201900009550,2019-09-15 15:20:00,2019,9,15,15,20,14,14333,CD513,49.42529,0.22711,Plein jour,En agglomération,Hors intersection,Normale,Trois véhicules et plus - en chaîne,3,2,2,1,1,1,1,0,1,30,3,4,2,0,0,2,74.0,59.0,voiture,deux_roues,1,2,1,1,4
201900009551,2019-09-15 14:30:00,2019,9,15,14,30,13,13215,VISTE (AVENUE DE LA),43.35427,5.35716,Plein jour,En agglomération,Hors intersection,Normale,Trois véhicules et plus - collisions multiples,3,2,2,0,2,1,1,0,1,50,3,7,1,0,0,6,26.0,41.0,voiture,voiture,1,2,1,1,5
201900009552,2019-09-15 08:45:00,2019,9,15,8,45,13,13207,RAMPE SAINT MAURICE,43.289467,5.364048,Plein jour,En agglomération,Intersection en T,Normale,Deux véhicules - frontale,4,1,1,0,2,1,1,0,1,50,2,3,1,0,0,2,31.0,22.0,voiture,voiture,1,2,3,1,1
201900009553,2019-09-15 06:03:00,2019,9,15,6,3,13,13214,CAPITAINE GEZE (BOULEVARD),43.33021,5.37015,Crépuscule ou aube,En agglomération,Hors intersection,Normale,Autre collision,4,2,4,0,1,1,1,0,4,50,2,2,1,0,1,0,44.0,33.0,voiture,voiture,2,2,1,1,6
201900009554,2019-09-14 20:53:00,2019,9,14,20,53,13,13202,PARIS (BOULEVARD DE),43.3062,5.37226,Nuit avec éclairage allumé,En agglomération,Intersection en X,Normale,Deux véhicules - côté,4,2,4,0,1,1,1,0,1,50,2,2,1,0,0,1,19.0,25.0,voiture,deux_roues,5,2,2,1,3
201900009555,2019-09-14 19:15:00,2019,9,14,19,15,7,07102,MISTRAL (PONT FREDERIC),44.93286,4.88018,Plein jour,En agglomération,Hors intersection,Normale,Deux véhicules - arrière,3,3,2,0,4,1,1,0,1,50,2,2,1,0,0,1,44.0,47.0,deux_roues,voiture,1,2,1,1,2
201900009556,2019-09-15 15:30:00,2019,9,15,15,30,6,06029,BORDE (AVENUE DE LA),43.566527,6.964799,Plein jour,En agglomération,Intersection en T,Normale,Deux véhicules - côté,3,2,2,0,1,1,1,0,1,50,2,3,1,0,0,2,44.0,30.0,deux_roues,voiture,1,2,3,1,3
201900009557,2019-09-15 01:50:00,2019,9,15,1,50,6,06123,BORD DE MER RN 98,43.656827,7.180613,Nuit avec éclairage allumé,En agglomération,Autre intersection,Normale,Trois véhicules et plus - collisions multiples,4,3,4,0,1,1,1,0,1,50,3,3,1,0,1,1,32.0,23.0,voiture,deux_roues,5,2,9,1,5
201900009558,2019-09-14 17:00:00,2019,9,14,17,0,6,06123,POMPIDOU GEORGES BOULEVARD,43.668407,7.19528,Plein jour,En agglomération,Giratoire,Normale,Deux véhicules - côté,7,1,2,0,1,2,1,0,1,50,2,3,1,0,0,2,57.0,59.0,deux_roues,voiture,1,2,6,1,3
201900009559,2019-09-14 19:45:00,2019,9,14,19,45,4,04070,RD 12,44.0556043,6.1720285,Plein jour,Hors agglomération,Hors intersection,Normale,Deux véhicules - frontale,3,-1,2,0,1,1,1,0,1,50,2,2,1,0,0,1,74.0,29.0,voiture,voiture,1,1,1,1,1
201900009560,2019-09-13 13:30:00,2019,9,13,13,30,75,75114,BD PERIPHERIQUE EXTERIEUR,48.8189755,2.3303713,Plein jour,En agglomération,Hors intersection,Normale,Trois véhicules et plus - en chaîne,4,-1,2,0,1,1,1,0,1,70,3,4,2,0,0,2,44.0,33.0,utilitaire_camion,voiture,1,2,1,1,4
201900009561,2019-09-15 14:30:00,2019,9,15,14,30,75,75118,RUE ORDENER,48.8919584,2.3474028,Plein jour,En agglomération,Hors intersection,Normale,Deux véhicules - côté,4,2,2,3,1,1,1,0,1,50,2,2,1,0,0,1,39.0,46.0,deux_roues,voiture,1,2,1,1,3
201900009562,2019-09-14 12:35:00,2019,9,14,12,35,75,75119,AVENUE DE LA PORTE D AUBERVILLIERS,48.8998452,2.3702727,Plein jour,En agglomération,Intersection en T,Normale,Autre collision,4,1,5,0,1,1,1,0,1,50,1,2,1,0,0,1,37.0,,deux_roues,,1,2,3,1,6
201900009563,2019-09-15 11:45:00,2019,9,15,11,45,75,75107,RUE DU BAC,48.856161,2.325988,Plein jour,En agglomération,Intersection en X,Normale,Autre collision,4,2,2,0,1,1,1,0,1,50,1,3,2,0,0,1,73.0,,voiture,,1,2,2,1,6
201900009564,2019-09-13 22:30:00,2019,9,13,22,30,75,75115,RUE DE LA CROIX NIVERT,48.838604,2.289416,Nuit avec éclairage allumé,En agglomération,Intersection en X,Normale,Deux véhicules - frontale,4,3,2,0,1,1,1,1,1,50,2,3,2,0,0,1,52.0,52.0,voiture,deux_roues,5,2,2,1,1
201900009565,2019-09-15 19:15:00,2019,9,15,19,15,75,75113,BOULEVARD AUGUSTE BLANQUI,48.8298,2.351121,Plein jour,En agglomération,Hors intersection,Normale,Deux véhicules - côté,4,3,2,0,2,1,1,0,1,30,2,2,1,0,0,1,52.0,19.0,voiture,deux_roues,1,2,1,1,3
201900009566,2019-09-15 17:30:00,2019,9,15,17,30,75,75112,BOULEVARD PONIATOWSKI,48.8290016,2.3894991,Plein jour,En agglomération,Hors intersection,Temps éblouissant,Deux véhicules - côté,4,2,4,0,1,1,1,0,1,50,2,4,2,0,0,2,29.0,26.0,voiture,deux_roues,1,2,1,7,3
201900009567,2019-09-15 04:00:00,2019,9,15,4,0,75,75112,QUAI DE LA RAPEE,48.8442277,2.3685501,Nuit avec éclairage allumé,En agglomération,Hors intersection,Normale,Deux véhicules - arrière,4,1,3,0,2,2,1,9,1,50,2,2,1,0,0,1,26.0,25.0,voiture,deux_roues,5,2,1,1,2
201900009568,2019-09-15 05:55:00,2019,9,15,5,55,75,75108,RUE LA BOETIE,48.87392,2.315894,Nuit avec éclairage allumé,En agglomération,Intersection en X,Normale,Deux véhicules - côté,4,1,2,3,1,1,1,0,1,50,2,2,1,0,0,1,26.0,25.0,voiture,voiture,5,2,2,1,3
201900009569,2019-09-15 16:20:00,2019,9,15,16,20,75,75102,AVENUE DE L OPERA,48.8677659,2.333556,Plein jour,En agglomération,Intersection en Y,Normale,Autre collision,4,2,4,3,1,1,1,0,6,50,1,2,1,0,0,1,48.0,,voiture,,1,2,4,1,6
201900009570,2019-09-15 06:39:00,2019,9,15,6,39,75,75102,RUE GRENETA,48.8653576,2.3487162,Nuit avec éclairage allumé,En agglomération,Intersection en X,Normale,Autre collision,4,1,1,0,1,1,1,0,1,50,1,2,1,0,0,1,46.0,,voiture,,5,2,2,1,6
201900009571,2019-09-14 15:05:00,2019,9,14,15,5,94,94074,JULIEN DURANTON (avenue),48.7528,2.45449,Plein jour,En agglomération,Giratoire,Normale,Deux véhicules - arrière,3,2,2,0,1,3,1,5,1,50,2,3,2,0,0,1,60.0,33.0,voiture,deux_roues,1,2,6,1,2
201900009572,2019-09-15 22:30:00,2019,9,15,22,30,94,94076,JEAN JAURES (R),48.79084,2.36656,Nuit avec éclairage allumé,En agglomération,Intersection en T,Normale,Deux véhicules - côté,3,1,1,0,1,1,1,0,1,50,2,1,0,0,0,1,19.0,,deux_roues,,5,2,3,1,3
201900009573,2019-09-15 03:00:00,2019,9,15,3,0,94,94076,REPUBLIQUE (AV DE LA),48.78849,2.36411,Nuit avec éclairage allumé,En agglomération,Hors intersection,Normale,Autre collision,3,2,2,0,1,1,1,0,4,50,1,1,0,0,1,0,54.0,,voiture,,5,2,1,1,6
201900009574,2019-09-15 10:30:00,2019,9,15,10,30,93,93059,LAENNEC (AVENUE),48.96218,2.37201,Plein jour,En agglomération,Intersection en T,Normale,Deux véhicules - côté,3,2,2,0,2,1,1,0,3,50,2,2,1,0,0,1,25.0,34.0,deux_roues,voiture,1,2,3,1,3
201900009575,2019-09-14 19:15:00,2019,9,14,19,15,93,93049,MARECHAL FOCH (AVENUE) PL J.MERMOZ->2 CO,48.86252,2.50398,Crépuscule ou aube,En agglomération,Intersection en X,Normale,Deux véhicules - côté,3,1,1,0,2,1,1,0,1,30,2,3,1,0,0,2,48.0,23.0,voiture,voiture,2,2,2,1,3
201900009576,2019-09-14 16:45:00,2019,9,14,16,45,93,93031,MARNE (AVENUE DE LA),48.95,2.32,Plein jour,En agglomération,Intersection en X,Normale,Autre collision,4,2,2,0,1,1,1,0,1,50,1,2,1,0,0,1,54.0,,voiture,,1,2,2,1,6
201900009577,2019-09-15 10:00:00,2019,9,15,10,0,92,92073,DUCLAUX (RUE EMILE),48.87814,2.23615,Plein jour,En agglomération,Hors intersection,Normale,Autre collision,7,1,2,2,1,1,1,0,1,30,1,2,0,0,1,1,35.0,,deux_roues,,1,2,1,1,6
201900009578,2019-09-15 11:30:00,2019,9,15,11,30,92,92012,QUATRE SEPTEMBRE (QUAI DU),48.8454619,2.2267542,Plein jour,En agglomération,Hors intersection,Normale,Deux véhicules - arrière,3,1,1,0,1,1,1,0,1,50,2,2,1,0,1,0,58.0,43.0,voiture,deux_roues,1,2,1,1,2
201900009579,2019-09-15 16:00:00,2019,9,15,16,0,49,49092,La Jolinière (Cossé-d'Anjou),47.176251,-0.67778,Plein jour,Hors agglomération,Intersection en X,Normale,Deux véhicules - arrière,3,3,2,0,1,1,1,0,1,80,2,2,0,0,1,1,23.0,23.0,deux_roues,deux_roues,1,1,2,1,2
201900009580,2019-09-16 12:20:00,2019,9,16,12,20,974,97412,36 Rue Marcel Pagnol,-21.378852,55.660072,Plein jour,En agglomération,Hors intersection,Normale,Deux véhicules - côté,2,2,2,0,1,1,1,0,1,-1,2,2,1,0,0,1,37.0,25.0,deux_roues,voiture,1,2,1,1,3
201900009581,2019-09-15 14:15:00,2019,9,15,14,15,972,97221,D8,14.509253,-60.95818,Plein jour,Hors agglomération,Hors intersection,Normale,Autre collision,3,2,2,0,2,2,1,0,3,80,1,1,0,0,1,0,26.0,,deux_roues,,1,1,1,1,6
201900009582,2019-09-15 13:50:00,2019,9,15,13,50,60,60257,Rue de Beauvais,49.2557721,1.9820058,Plein jour,En agglomération,Intersection en T,Normale,Deux véhicules - frontale,3,2,2,0,1,1,1,0,1,50,2,4,3,0,1,0,19.0,35.0,voiture,voiture,1,2,3,1,1
201900009583,2019-09-15 19:15:00,2019,9,15,19,15,46,46070,RD 149,44.348411,1.486814,Plein jour,Hors agglomération,Hors intersection,Normale,Deux véhicules - frontale,3,2,2,0,1,1,1,0,1,80,2,3,1,0,1,1,54.0,38.0,voiture,voiture,1,1,1,1,1
201900009584,2019-09-15 19:00:00,2019,9,15,19,0,74,74019,Route de l'Aiglière,45.937632,6.140922,Plein jour,Hors agglomération,Hors intersection,Normale,Sans collision,3,2,2,0,1,1,1,0,3,90,1,1,0,1,0,0,69.0,,deux_roues,,1,1,1,1,7
201900009585,2019-09-16 08:30:00,2019,9,16,8,30,38,38368,D 520,45.38648,5.52663,Plein jour,Hors agglomération,Intersection en Y,Normale,Deux véhicules - frontale,3,2,2,0,1,1,1,0,1,70,2,2,0,1,0,1,44.0,28.0,utilitaire_camion,deux_roues,1,1,4,1,1
201900009586,2019-09-16 20:55:00,2019,9,16,20,55,974,97413,Rn1,-21.215431,55.295916,Nuit sans éclairage public,Hors agglomération,Hors intersection,Normale,Autre collision,2,3,4,0,1,1,1,3,8,110,1,1,0,1,0,0,28.0,,deux_roues,,3,1,1,1,6
201900009587,2019-09-15 17:30:00,2019,9,15,17,30,62,62184,RD14,50.20606,3.040575,Plein jour,Hors agglomération,Intersection en X,Normale,Deux véhicules - frontale,2,2,2,0,1,1,1,0,1,80,2,3,0,0,0,3,31.0,39.0,voiture,voiture,1,1,2,1,1
201900009588,2019-09-10 12:00:00,2019,9,10,12,0,77,77359,1 Square des Sablons,48.481328,2.548384,Plein jour,En agglomération,Autre intersection,Normale,Autre collision,4,2,2,0,1,1,1,0,1,50,1,2,1,0,1,0,82.0,,voiture,,1,2,9,1,6
201900009589,2019-09-16 08:15:00,2019,9,16,8,15,51,51370,RUE BASSE,49.1294817,4.8883641,Crépuscule ou aube,En agglomération,Intersection en T,Normale,Trois véhicules et plus - collisions multiples,3,2,2,0,3,3,1,0,1,50,3,3,2,0,0,1,48.0,29.0,voiture,voiture,2,2,3,1,5
201900009590,2019-09-07 13:50:00,2019,9,7,13,50,56,56168,Kerhellegant,47.6101951,-3.1250791,Plein jour,Hors agglomération,Intersection en Y,Normale,Deux véhicules - côté,3,2,2,0,1,1,1,0,1,80,2,2,0,0,1,1,55.0,34.0,deux_roues,voiture,1,1,4,1,3
201900009591,2019-09-16 17:15:00,2019,9,16,17,15,77,77246,"D74, PK8+300",48.55443,3.40648,Plein jour,Hors agglomération,Hors intersection,Normale,Sans collision,3,2,2,0,1,1,1,0,3,80,1,2,0,0,1,1,43.0,,voiture,,1,1,1,1,7
201900009592,2019-09-15 20:05:00,2019,9,15,20,5,67,67234,Route départementale 1061,48.957405,7.055901,Crépuscule ou aube,Hors agglomération,Hors intersection,Normale,Autre collision,3,2,2,0,1,1,1,0,1,80,1,2,0,0,2,0,59.0,,deux_roues,,2,1,1,1,6
201900009593,2019-09-16 16:00:00,2019,9,16,16,0,76,76536,229 Route de Darnétal,49.45858,1.165627,Plein jour,Hors agglomération,Hors intersection,Normale,Autre collision,3,2,2,0,2,1,1,0,3,70,1,1,0,1,0,0,72.0,,deux_roues,,1,1,1,1,6
201900009594,2019-07-14 21:30:00,2019,7,14,21,30,2A,2A130,D55 20128 GROSSETO-PRUGNA,41.886103,8.796123,Nuit avec éclairage allumé,En agglomération,Hors intersection,Normale,Autre collision,3,2,2,0,1,1,1,0,4,50,1,5,1,0,2,2,21.0,,voiture,,5,2,1,1,6
201900009595,2019-09-09 20:40:00,2019,9,9,20,40,2B,2B150,RT30,42.570394,8.830627,Nuit sans éclairage public,En agglomération,Intersection en T,Normale,Deux véhicules - côté,2,2,2,0,2,3,1,0,1,50,2,4,3,0,1,0,31.0,62.0,voiture,voiture,3,2,3,1,3
201900009596,2019-09-15 18:45:00,2019,9,15,18,45,80,80308,RUE GAMBETTA,50.058933,1.597447,Crépuscule ou aube,En agglomération,Intersection en X,Temps éblouissant,Autre collision,4,3,2,0,1,1,1,0,1,50,2,2,1,0,0,1,45.0,49.0,voiture,deux_roues,2,2,2,7,6
201900009597,2019-09-15 21:00:00,2019,9,15,21,0,65,65258,rue des résistants,43.114402,0.384093,Nuit avec éclairage allumé,En agglomération,Hors intersection,Normale,Deux véhicules - arrière,3,2,2,0,1,1,1,0,1,50,2,3,2,0,0,1,44.0,19.0,voiture,deux_roues,5,2,1,1,2
201900009598,2019-09-15 19:00:00,2019,9,15,19,0,33,33303,Départementale 121,44.83471,-0.28039,Plein jour,Hors agglomération,Hors intersection,Normale,Autre collision,3,2,2,0,1,1,1,0,3,70,1,1,0,0,1,0,35.0,,voiture,,1,1,1,1,6
201900009599,2019-09-15 19:00:00,2019,9,15,19,0,71,71463,Le Montet,46.236587,4.260496,Crépuscule ou aube,Hors agglomération,Hors intersection,Normale,Autre collision,3,2,2,0,2,2,1,0,3,80,1,1,0,1,0,0,22.0,,deux_roues,,2,1,1,1,6
201900009600,2019-09-16 07:50:00,2019,9,16,7,50,63,63400,RP D 906 D434,46.0532425,3.4513043,Plein jour,Hors agglomération,Giratoire,Normale,Deux véhicules - côté,3,-1,1,0,1,2,1,9,1,80,2,2,1,0,0,1,18.0,15.0,voiture,deux_roues,1,1,6,1,3
201900009601,2019-09-14 16:30:00,2019,9,14,16,30,42,42138,La Ratte,45.646921,4.359132,Plein jour,Hors agglomération,Hors intersection,Normale,Sans collision,3,2,2,0,2,4,8,0,1,70,1,1,0,0,1,0,22.0,,deux_roues,,1,1,1,1,7
201900009602,2019-09-14 18:10:00,2019,9,14,18,10,46,46128,Place Clément BROUQUI,44.782152,1.730657,Plein jour,En agglomération,Hors intersection,Normale,Deux véhicules - côté,6,1,1,0,2,2,1,0,1,30,2,2,1,0,1,0,14.0,14.0,deux_roues,deux_roues,1,2,1,1,3