accident_id,datetime,annee,mois,jour,heure,minute,departement,commune_insee,adresse,latitude,longitude,luminosite,agglomeration,intersection,meteo,collision,catr,circ,nbv,vosp,prof,plan,surf,infra,situ,vma,nb_vehicules,nb_usagers,nb_indemnes,nb_tues,nb_blesses_hosp,nb_blesses_legers,age_cond_1,age_cond_2,veh_type_cond_1,veh_type_cond_2,lum_code,agg_code,int_code,atm_code,col_code
201900009877,2019-01-18 13:50:00,2019,1,18,13,50,33,33005,RD 215E1 (boulevard du page),44.7616,-1.07241,Plein jour,En agglomération,Intersection en T,Normale,Deux véhicules - côté,3,2,2,0,1,1,1,0,1,50,2,2,1,0,0,1,33.0,28.0,voiture,voiture,1,2,3,1,3
201900009878,2019-02-10 20:50:00,2019,2,10,20,50,28,28169,A10,48.433597,1.904793,Nuit sans éclairage public,Hors agglomération,Hors intersection,Normale,Deux véhicules - arrière,1,3,5,0,1,1,1,0,1,130,2,4,1,0,2,1,22.0,50.0,voiture,voiture,3,1,1,1,2
201900009879,2019-02-08 23:03:00,2019,2,8,23,3,987,98714,Vaitape - quartier Tiipoto,-16.498888,-145.738218,Nuit avec éclairage allumé,En agglomération,Autre intersection,Normale,Deux véhicules - côté,2,2,2,0,1,1,1,0,1,40,2,2,1,0,1,0,39.0,43.0,voiture,deux_roues,5,2,9,1,3
201900009880,2019-02-10 03:30:00,2019,2,10,3,30,987,98729,PK 10+800 PIHAENA-PAOPAO,-17.512739,-149.856036,Nuit sans éclairage public,Hors agglomération,Hors intersection,Normale,Autre collision,2,2,2,0,2,1,1,0,5,60,1,2,1,0,1,0,21.0,,deux_roues,,3,1,1,1,6
201900009881,2019-02-10 19:30:00,2019,2,10,19,30,987,98722,PK 25,-17.566833,-149.329009,Nuit sans éclairage public,En agglomération,Hors intersection,Normale,Deux véhicules - côté,2,2,2,0,1,1,1,2,1,60,2,2,1,0,1,0,23.0,24.0,deux_roues,voiture,3,2,1,1,3
201900009882,2019-02-11 20:15:00,2019,2,11,20,15,988,98814,JOZIP,-20.94452,167.35964,Nuit sans éclairage public,Hors agglomération,Hors intersection,Normale,Deux véhicules - frontale,4,2,2,0,1,1,1,0,3,90,2,3,0,0,0,3,27.0,32.0,voiture,voiture,3,1,1,1,1
201900009883,2019-02-09 05:00:00,2019,2,9,5,0,988,98831,RT1,-20.88893,164.67541,Crépuscule ou aube,Hors agglomération,Intersection en T,Normale,Deux véhicules - arrière,2,2,2,0,1,2,1,0,1,110,2,2,1,0,1,0,21.0,,voiture,,2,1,3,1,2
201900009884,2019-02-10 13:00:00,2019,2,10,13,0,974,97422,Rue du Père Favron,-21.224872,55.558429,Plein jour,En agglomération,Intersection en Y,Normale,Deux véhicules - frontale,4,2,2,0,2,3,1,0,1,50,2,2,1,0,1,0,27.0,33.0,deux_roues,utilitaire_camion,1,2,4,1,1
201900009885,2019-02-13 16:14:00,2019,2,13,16,14,974,97415,route du théâtre,-21.036635,55.310167,Plein jour,Hors agglomération,Hors intersection,Temps éblouissant,Autre collision,3,2,2,0,2,1,1,0,4,80,1,1,0,0,1,0,37.0,,deux_roues,,1,1,1,7,6
201900009886,2019-02-08 15:10:00,2019,2,8,15,10,974,97402,chemin bras panon,-21.030246,55.614548,Plein jour,En agglomération,Intersection en T,Normale,Deux véhicules - côté,4,2,2,0,1,1,1,0,1,50,2,2,1,0,1,0,31.0,41.0,voiture,deux_roues,1,2,3,1,3
201900009887,2019-02-11 17:45:00,2019,2,11,17,45,973,97306,"pk 182,5 RN1",5.5381215,-53.5062933,Plein jour,Hors agglomération,Hors intersection,Normale,Autre collision,2,2,2,0,1,1,1,0,1,80,1,2,1,0,1,0,51.0,,voiture,,1,1,1,1,6
201900009888,2019-02-09 12:45:00,2019,2,9,12,45,973,97311,route de saint jean,5.4398047,-54.037832,Plein jour,Hors agglomération,Hors intersection,Normale,Deux véhicules - frontale,3,2,2,0,1,1,1,0,1,80,2,2,1,0,1,0,44.0,28.0,voiture,voiture,1,1,1,1,1
201900009889,2019-02-08 08:45:00,2019,2,8,8,45,973,97312,RN1 - PK 110+300,5.3462575,-52.9347897,Plein jour,Hors agglomération,Hors intersection,Normale,Deux véhicules - côté,2,2,2,0,1,1,1,0,1,80,2,4,3,1,0,0,21.0,26.0,deux_roues,voiture,1,1,1,1,3
201900009890,2019-02-07 15:30:00,2019,2,7,15,30,973,97304,RN 1 Pont de kourou,5.14976,-52.671504,Plein jour,Hors agglomération,Hors intersection,Normale,Deux véhicules - arrière,2,2,2,0,1,1,1,2,1,80,2,2,1,0,0,1,61.0,48.0,deux_roues,utilitaire_camion,1,1,1,1,2
201900009891,2019-02-11 15:30:00,2019,2,11,15,30,971,97122,64 rue Rémy NAINSOUTA,16.415068,-61.523621,Plein jour,En agglomération,Hors intersection,Normale,Autre collision,2,2,2,0,1,3,1,0,1,50,2,5,3,0,2,0,35.0,43.0,deux_roues,utilitaire_camion,1,2,1,1,6
201900009892,2019-02-11 20:15:00,2019,2,11,20,15,971,97118,RN1,16.205483,-61.604616,Nuit sans éclairage public,Hors agglomération,Hors intersection,Normale,Autre collision,2,3,2,0,1,1,1,0,1,110,1,1,0,0,1,0,39.0,,deux_roues,,3,1,1,1,6
201900009893,2019-02-11 09:15:00,2019,2,11,9,15,77,77196,D54 X D54A,48.94033,2.74285,Plein jour,En agglomération,Intersection en X,Temps couvert,Deux véhicules - côté,3,2,2,0,2,1,2,5,1,50,2,3,2,0,1,0,47.0,29.0,voiture,utilitaire_camion,1,2,2,8,3
201900009894,2019-02-12 13:00:00,2019,2,12,13,0,77,77265,chemin de l'usine,48.958983,3.184648,Plein jour,En agglomération,Autre intersection,Normale,Deux véhicules - côté,4,2,1,0,1,1,1,0,1,50,2,3,2,0,0,1,24.0,39.0,voiture,voiture,1,2,9,1,3
201900009895,2019-02-07 12:55:00,2019,2,7,12,55,95,95241,20 rue Maitre Renault,49.050056,2.451781,Plein jour,En agglomération,Hors intersection,Normale,Autre collision,4,2,2,0,1,1,1,9,8,50,1,2,1,0,1,0,61.0,,voiture,,1,2,1,1,6
201900009896,2019-02-13 18:45:00,2019,2,13,18,45,91,91315,RD31,48.508588,2.355065,Nuit avec éclairage allumé,Hors agglomération,Autre intersection,Normale,Deux véhicules - côté,3,2,2,0,1,1,1,0,1,70,2,2,1,0,1,0,24.0,22.0,deux_roues,voiture,5,1,9,1,3
201900009897,2019-02-10 11:10:00,2019,2,10,11,10,78,78262,"PK 45,5 nationale 12",48.801718,1.805721,Plein jour,Hors agglomération,Hors intersection,Pluie forte,Deux véhicules - arrière,2,3,4,0,1,1,2,0,5,110,2,3,1,0,1,1,26.0,22.0,voiture,voiture,1,1,1,3,2
201900009898,2019-02-10 16:15:00,2019,2,10,16,15,78,78668,route départementale 113,49.024835,1.521574,Plein jour,Hors agglomération,Intersection en X,Pluie forte,Deux véhicules - côté,3,2,2,0,1,1,2,5,1,70,2,3,1,0,2,0,17.0,84.0,deux_roues,voiture,1,1,2,3,3
201900009899,2019-02-10 00:50:00,2019,2,10,0,50,78,78089,Autoroute A13 PK 057.250 sens Province -> Paris,49.020763,1.570724,Nuit sans éclairage public,Hors agglomération,Hors intersection,Pluie légère,Sans collision,1,1,5,0,1,1,2,0,2,110,1,5,4,0,0,1,19.0,,voiture,,3,1,1,2,7
201900009900,2019-02-10 05:15:00,2019,2,10,5,15,66,66065,RD914,42.610044,2.984986,Nuit sans éclairage public,Hors agglomération,Hors intersection,Normale,Deux véhicules - côté,3,3,4,0,1,1,1,0,1,110,2,2,0,0,1,1,22.0,22.0,voiture,voiture,3,1,1,1,3
201900009901,2019-02-11 17:45:00,2019,2,11,17,45,66,66182,,42.73186,3.013376,Nuit sans éclairage public,Hors agglomération,Hors intersection,Normale,Deux véhicules - côté,3,-1,1,0,1,3,1,9,1,80,2,2,1,0,1,0,68.0,42.0,voiture,deux_roues,3,1,1,1,3
201900009902,2019-02-08 15:50:00,2019,2,8,15,50,48,48198,22 rue de Palhères_Collège Odilon Barrot,44.440536,3.927041,Plein jour,En agglomération,Hors intersection,Normale,Autre collision,3,2,2,0,1,1,1,0,1,30,1,2,1,0,1,0,35.0,,utilitaire_camion,,1,2,1,1,6
201900009903,2019-02-05 17:30:00,2019,2,5,17,30,30,30132,rue Pasteur,44.210915,4.027845,Plein jour,En agglomération,Hors intersection,Normale,Trois véhicules et plus - collisions multiples,3,2,2,0,1,1,1,0,1,50,3,3,2,0,1,0,67.0,62.0,voiture,voiture,1,2,1,1,5
201900009904,2019-02-08 05:40:00,2019,2,8,5,40,34,34023,D2 route de SETE,43.447575,3.693102,Nuit avec éclairage allumé,En agglomération,Intersection en T,Normale,Autre collision,3,4,4,0,1,1,1,0,1,50,1,2,1,0,1,0,68.0,,voiture,,5,2,3,1,6
201900009905,2019-02-07 20:10:00,2019,2,7,20,10,34,34023,RD600,43.455506,3.70343,Nuit sans éclairage public,Hors agglomération,Hors intersection,Normale,Deux véhicules - frontale,3,2,3,0,2,1,1,0,1,80,2,2,0,1,1,0,58.0,21.0,voiture,voiture,3,1,1,1,1
201900009906,2019-02-10 14:15:00,2019,2,10,14,15,84,84150,d161,44.306789,4.909106,Plein jour,Hors agglomération,Hors intersection,Normale,Autre collision,3,2,2,0,1,2,1,0,8,80,1,5,0,1,3,1,22.0,,voiture,,1,1,1,1,6
201900009907,2019-02-10 16:00:00,2019,2,10,16,0,84,84068,Combe de Lourmarin,43.784545,5.346034,Plein jour,Hors agglomération,Hors intersection,Normale,Deux véhicules - côté,3,2,2,0,1,4,1,0,1,80,2,3,1,0,0,2,47.0,34.0,voiture,deux_roues,1,1,1,1,3
201900009908,2019-02-12 18:45:00,2019,2,12,18,45,83,83107,,43.360827,6.716731,Nuit avec éclairage allumé,En agglomération,Hors intersection,Normale,Trois véhicules et plus - collisions multiples,3,2,2,0,1,3,1,0,1,70,3,3,2,0,1,0,41.0,26.0,voiture,voiture,5,2,1,1,5
201900009909,2019-02-08 22:00:00,2019,2,8,22,0,83,83107, RD N7,43.461125,6.636315,Plein jour,Hors agglomération,Hors intersection,Normale,Autre collision,3,2,2,0,1,1,1,0,8,70,1,1,0,0,1,0,40.0,,deux_roues,,1,1,1,1,6
201900009910,2019-02-13 08:20:00,2019,2,13,8,20,83,83023,direction BRIGNOLES,43.401486,6.044221,Plein jour,Hors agglomération,Hors intersection,Normale,Autre collision,3,2,2,0,1,1,1,0,1,80,1,2,1,0,1,0,81.0,,voiture,,1,1,1,1,6
201900009911,2019-02-09 08:40:00,2019,2,9,8,40,83,83023, RD N7,43.403607,6.007949,Plein jour,Hors agglomération,Hors intersection,Normale,Deux véhicules - frontale,3,2,2,0,1,1,1,0,1,80,2,2,1,0,1,0,36.0,65.0,voiture,utilitaire_camion,1,1,1,1,1
201900009912,2019-02-07 22:01:00,2019,2,7,22,1,6,06075,Route M19,43.829447,7.256355,Nuit sans éclairage public,Hors agglomération,Hors intersection,Normale,Autre collision,7,2,2,0,1,3,1,0,1,70,1,1,0,0,0,1,24.0,,voiture,,3,1,1,1,6
201900009913,2019-01-26 20:00:00,2019,1,26,20,0,13,13097,D27,43.665849,4.798377,Nuit sans éclairage public,Hors agglomération,Intersection en T,Normale,Deux véhicules - frontale,3,2,2,0,1,1,1,5,1,80,2,3,2,0,0,1,64.0,28.0,voiture,voiture,3,1,3,1,1
201900009914,2019-01-31 21:35:00,2019,1,31,21,35,13,13110,D12,43.466479,5.681834,Nuit sans éclairage public,Hors agglomération,Hors intersection,Normale,Autre collision,3,2,2,0,1,3,1,0,3,80,1,1,0,0,0,1,43.0,,voiture,,3,1,1,1,6
201900009915,2019-01-31 21:35:00,2019,1,31,21,35,13,13110,RD12,43.466121,5.681813,Nuit sans éclairage public,Hors agglomération,Hors intersection,Normale,Autre collision,3,2,2,0,1,3,1,0,3,80,1,2,0,0,2,0,24.0,,voiture,,3,1,1,1,6
201900009916,2019-02-12 10:00:00,2019,2,12,10,0,89,89257,rue Dupré Luxembourg,47.9639795,3.5233123,Plein jour,En agglomération,Intersection en X,Brouillard / fumée,Deux véhicules - côté,3,2,2,0,1,1,2,5,1,50,2,2,0,0,0,2,74.0,48.0,voiture,voiture,1,2,2,5,3
201900009917,2019-02-06 08:10:00,2019,2,6,8,10,21,21292,RD905,47.231301,5.233742,Crépuscule ou aube,Hors agglomération,Hors intersection,Brouillard / fumée,Trois véhicules et plus - en chaîne,3,2,2,0,1,1,1,0,1,80,3,3,2,0,0,1,40.0,58.0,voiture,voiture,2,1,1,5,4
201900009918,2019-02-12 16:40:00,2019,2,12,16,40,10,10006,13 bis route de brienne,48.535118,4.150471,Plein jour,En agglomération,Hors intersection,Normale,Deux véhicules - arrière,3,2,2,0,1,1,1,0,1,50,2,2,1,0,1,0,47.0,16.0,voiture,deux_roues,1,2,1,1,2
201900009919,2019-02-12 16:58:00,2019,2,12,16,58,67,67519,16 rue de la Foret,48.65865,7.845404,Plein jour,En agglomération,Hors intersection,Normale,Autre collision,4,2,2,0,1,1,1,0,1,20,1,3,2,0,0,1,26.0,,voiture,,1,2,1,1,6
201900009920,2019-02-10 10:35:00,2019,2,10,10,35,67,67378,RD 222,48.471623,7.711759,Plein jour,Hors agglomération,Hors intersection,Temps couvert,Sans collision,3,2,2,0,1,2,1,0,8,80,1,1,0,0,0,1,40.0,,voiture,,1,1,1,8,7
201900009921,2019-02-12 16:55:00,2019,2,12,16,55,74,74220,intersection route de Viaison - route d'Annemasse,46.15967,6.242643,Plein jour,Hors agglomération,Intersection en T,Normale,Deux véhicules - frontale,3,2,2,0,1,4,1,8,1,50,2,3,1,0,0,2,60.0,36.0,utilitaire_camion,utilitaire_camion,1,1,3,1,1
201900009922,2019-02-08 17:50:00,2019,2,8,17,50,74,74229,D 1206,46.232532,6.316086,Crépuscule ou aube,Hors agglomération,Hors intersection,Temps couvert,Deux véhicules - arrière,3,3,4,0,1,1,1,0,1,110,2,2,1,0,0,1,55.0,36.0,deux_roues,voiture,2,1,1,8,2
201900009923,2019-02-11 08:15:00,2019,2,11,8,15,74,74201,chemin neuf,46.118571,6.109856,Plein jour,En agglomération,Hors intersection,Temps couvert,Autre collision,3,2,2,0,1,3,2,0,1,50,1,2,1,0,0,1,50.0,,voiture,,1,2,1,8,6
201900009924,2019-02-08 15:08:00,2019,2,8,15,8,74,74016,Route D1206,46.13945,6.127254,Plein jour,Hors agglomération,Hors intersection,Normale,Deux véhicules - arrière,3,2,2,0,1,1,1,0,1,80,2,2,1,0,0,1,19.0,69.0,deux_roues,voiture,1,1,1,1,2
201900009925,2019-02-07 16:00:00,2019,2,7,16,0,74,74080,Rte des confins,45.905613,6.436704,Plein jour,Hors agglomération,Hors intersection,Normale,Autre collision,4,2,2,0,2,1,2,0,3,50,1,2,1,0,0,1,19.0,,autre,,1,1,1,1,6
201900009926,2019-02-09 00:45:00,2019,2,9,0,45,73,73248,RD926,45.2641956,6.3289105,Nuit sans éclairage public,Hors agglomération,Hors intersection,Normale,Trois véhicules et plus - collisions multiples,3,2,2,0,2,1,1,0,1,80,3,10,6,0,1,3,22.0,67.0,voiture,voiture,3,1,1,1,5
201900009927,2019-02-09 08:30:00,2019,2,9,8,30,73,73150,RD 221,45.5145101,6.6792896,Plein jour,Hors agglomération,Hors intersection,Neige / grêle,Autre collision,3,2,2,0,2,2,5,0,3,80,1,7,6,0,1,0,38.0,,voiture,,1,1,1,4,6
201900009928,2019-02-07 17:10:00,2019,2,7,17,10,42,42323,RD 1082,45.562151,4.276878,Crépuscule ou aube,En agglomération,Intersection en X,Pluie légère,Trois véhicules et plus - en chaîne,3,2,2,0,1,1,2,0,1,50,3,5,0,0,0,5,70.0,22.0,voiture,voiture,2,2,2,2,4
201900009929,2019-02-08 07:10:00,2019,2,8,7,10,38,38449,D 75,45.62548,5.0894,Crépuscule ou aube,Hors agglomération,Hors intersection,Autre,Autre collision,3,2,2,0,2,2,7,2,4,80,1,1,0,0,1,0,22.0,,voiture,,2,1,1,9,6
201900009930,2019-02-07 19:15:00,2019,2,7,19,15,44,44035,rue de l'Europe,47.285843,-1.546156,Nuit sans éclairage public,Hors agglomération,Hors intersection,Normale,Autre collision,3,-1,2,0,1,1,1,0,1,50,1,2,1,0,1,0,23.0,,voiture,,3,1,1,1,6
201900009931,2019-02-01 14:30:00,2019,2,1,14,30,26,26347,rue emile friole,45.071261,4.838484,Plein jour,En agglomération,Hors intersection,Pluie légère,Deux véhicules - côté,9,2,2,0,1,1,2,0,1,-1,2,2,1,0,1,0,26.0,79.0,voiture,voiture,1,2,1,2,3
201900009932,2019-01-28 18:50:00,2019,1,28,18,50,1,01105,Route de Saint-André de Corcy,45.934224,4.902804,Nuit sans éclairage public,Hors agglomération,Intersection en T,Normale,Autre collision,3,2,2,0,1,1,1,0,3,80,1,1,0,0,1,0,87.0,,voiture,,3,1,3,1,6
201900009933,2019-02-12 16:50:00,2019,2,12,16,50,1,01185,avenue de la liberté,45.9747004,5.5958637,Crépuscule ou aube,En agglomération,Intersection en X,Temps éblouissant,Trois véhicules et plus - collisions multiples,3,2,2,0,1,1,1,0,1,50,3,3,2,0,0,1,43.0,19.0,voiture,voiture,2,2,2,7,5
201900009934,2019-02-11 19:45:00,2019,2,11,19,45,69,69065,751 lieu dit Chassagne,46.14372,4.72665,Nuit sans éclairage public,Hors agglomération,Hors intersection,Normale,Autre collision,4,2,2,0,1,1,1,0,1,80,1,1,0,0,1,0,52.0,,deux_roues,,3,1,1,1,6
201900009935,2019-02-01 18:40:00,2019,2,1,18,40,69,69206,Rue des Vernailles,46.0572,4.72089,Nuit avec éclairage allumé,En agglomération,Autre intersection,Normale,Autre collision,6,-1,-1,0,1,1,2,9,8,-1,1,2,1,0,0,1,50.0,,voiture,,5,2,9,1,6
201900009936,2019-02-11 00:50:00,2019,2,11,0,50,65,65059,37 bis avenue maquis de Payolle,43.0513818,0.1578501,Nuit avec éclairage allumé,Hors agglomération,Hors intersection,Pluie légère,Autre collision,3,2,2,0,1,2,2,0,3,70,1,1,0,1,0,0,27.0,,voiture,,5,1,1,2,6
201900009937,2019-02-08 09:50:00,2019,2,8,9,50,9,09261,05 avenue des évadés de France,42.98089,1.150849,Plein jour,En agglomération,Hors intersection,Normale,Autre collision,3,2,2,0,1,1,1,0,1,-1,1,2,1,0,1,0,62.0,,voiture,,1,2,1,1,6
201900009938,2019-02-07 17:00:00,2019,2,7,17,0,87,87156,Route de Rouveix,45.831576,1.376405,Plein jour,En agglomération,Hors intersection,Normale,Autre collision,3,2,2,0,1,4,1,0,3,50,1,1,0,0,1,0,30.0,,voiture,,1,2,1,1,6
201900009939,2019-02-09 07:50:00,2019,2,9,7,50,17,17184,D 733,45.775424,-0.936156,Plein jour,Hors agglomération,Hors intersection,Normale,Autre collision,3,2,2,0,1,1,1,0,3,80,1,3,0,0,1,2,26.0,,voiture,,1,1,1,1,6
201900009940,2019-02-12 16:20:00,2019,2,12,16,20,17,17243,Route de Montendre,45.242149,-0.270932,Plein jour,Hors agglomération,Autre intersection,Normale,Deux véhicules - frontale,3,2,2,0,1,1,1,3,1,70,2,2,0,0,1,1,57.0,52.0,voiture,voiture,1,1,9,1,1
201900009941,2019-02-09 07:30:00,2019,2,9,7,30,86,86163,RD 3,46.641734,0.492433,Crépuscule ou aube,Hors agglomération,Hors intersection,Normale,Deux véhicules - frontale,3,2,2,0,1,1,1,0,1,80,2,2,0,0,1,1,47.0,71.0,voiture,voiture,2,1,1,1,1
201900009942,2019-02-12 08:45:00,2019,2,12,8,45,64,64126,rue des Lilas,43.170015,-0.607988,Plein jour,En agglomération,Hors intersection,Normale,Deux véhicules - frontale,4,2,2,0,1,1,1,0,1,50,2,4,3,0,1,0,47.0,39.0,voiture,voiture,1,2,1,1,1
201900009943,2019-02-12 10:30:00,2019,2,12,10,30,64,64422,BEAUVALLON,43.1969,-0.602752,Plein jour,En agglomération,Giratoire,Normale,Autre collision,3,2,2,0,1,3,1,0,1,50,1,2,1,0,1,0,65.0,,voiture,,1,2,6,1,6
201900009944,2019-02-12 14:30:00,2019,2,12,14,30,47,47157,lieu dit Phenix,44.511391,0.200366,Plein jour,Hors agglomération,Intersection en X,Normale,Deux véhicules - côté,3,2,2,0,1,1,1,0,1,70,2,3,1,0,2,0,76.0,50.0,voiture,deux_roues,1,1,2,1,3
201900009945,2019-02-10 18:45:00,2019,2,10,18,45,33,33293,78 route de Sorbède,44.895356,-0.416859,Nuit sans éclairage public,En agglomération,Hors intersection,Pluie légère,Autre collision,4,2,2,0,1,2,2,0,3,50,1,3,0,0,0,3,51.0,,voiture,,3,2,1,2,6
201900009946,2019-02-09 16:45:00,2019,2,9,16,45,33,33100,RD137,45.12695,-0.616,Plein jour,Hors agglomération,Hors intersection,Normale,Autre collision,3,-1,2,0,4,1,1,0,8,80,1,1,0,0,1,0,30.0,,deux_roues,,1,1,1,1,6
201900009947,2019-02-09 16:15:00,2019,2,9,16,15,33,33519,Av de Soulac/Av de la Dame Blanche,44.909164,-0.668948,Plein jour,En agglomération,Giratoire,Normale,Deux véhicules - côté,4,2,2,0,1,1,1,5,1,50,2,4,3,0,1,0,40.0,57.0,voiture,deux_roues,1,2,6,1,3
201900009948,2019-02-12 17:30:00,2019,2,12,17,30,33,33051,Avenue de la cote d'argent,44.63102,-0.9831,Plein jour,En agglomération,Intersection en T,Normale,Deux véhicules - arrière,3,2,4,2,1,1,1,0,1,50,2,3,2,0,0,1,16.0,28.0,deux_roues,voiture,1,2,3,1,2
201900009949,2019-02-11 14:40:00,2019,2,11,14,40,85,85126,D206,46.47675,-0.87227,Plein jour,Hors agglomération,Intersection en T,Normale,Deux véhicules - côté,3,2,2,0,1,1,1,3,1,80,2,3,0,0,1,2,42.0,66.0,voiture,voiture,1,1,3,1,3
201900009950,2019-02-10 09:30:00,2019,2,10,9,30,49,49021,rue d'alsace,47.440568,-0.216168,Plein jour,En agglomération,Hors intersection,Normale,Autre collision,4,2,2,0,2,1,1,0,1,50,1,2,1,0,1,0,30.0,,voiture,,1,2,1,1,6
201900009951,2019-02-05 16:35:00,2019,2,5,16,35,44,44172,D337,47.260957,-1.487411,Plein jour,En agglomération,Hors intersection,Normale,Deux véhicules - frontale,7,2,2,0,1,1,2,0,1,50,2,2,1,0,1,0,24.0,17.0,voiture,deux_roues,1,2,1,1,1
201900009952,2019-02-11 17:57:00,2019,2,11,17,57,22,22324,route départementale D 788,48.786446,-3.447591,Plein jour,Hors agglomération,Giratoire,Normale,Sans collision,2,3,4,0,1,1,1,5,3,90,1,1,0,0,1,0,28.0,,deux_roues,,1,1,6,1,7
201900009953,2019-02-07 14:40:00,2019,2,7,14,40,22,22176,Le Pesle Hinault,48.4358781,-2.7282677,Plein jour,Hors agglomération,Hors intersection,Normale,Autre collision,4,2,2,0,1,1,1,0,3,80,1,3,2,0,1,0,71.0,,voiture,,1,1,1,1,6
201900009954,2019-02-08 16:30:00,2019,2,8,16,30,27,27016,Route départementale 125,49.248197,1.45832,Plein jour,Hors agglomération,Hors intersection,Normale,Deux véhicules - arrière,3,2,2,0,1,1,1,0,1,50,2,2,1,0,1,0,18.0,59.0,deux_roues,voiture,1,1,1,1,2
201900009955,2019-02-08 07:25:00,2019,2,8,7,25,76,76563,RD 6015,49.520759,0.308288,Crépuscule ou aube,En agglomération,Hors intersection,Normale,Deux véhicules - frontale,3,2,2,0,1,1,1,9,1,50,2,2,1,0,1,0,36.0,42.0,voiture,deux_roues,2,2,1,1,1
201900009956,2019-02-08 13:55:00,2019,2,8,13,55,60,60341,D943,49.0978048,2.7380652,Nuit avec éclairage allumé,Hors agglomération,Hors intersection,Pluie légère,Deux véhicules - arrière,2,3,4,0,1,1,2,0,1,110,2,2,1,0,1,0,55.0,40.0,voiture,voiture,5,1,1,2,2
201900009957,2019-02-08 21:30:00,2019,2,8,21,30,60,60139,D923,49.1824497,2.2346119,Nuit avec éclairage allumé,Hors agglomération,Intersection en X,Pluie légère,Deux véhicules - arrière,3,2,2,0,4,1,2,0,1,70,2,4,2,0,0,2,19.0,22.0,voiture,voiture,5,1,2,2,2
201900009958,2019-02-08 10:30:00,2019,2,8,10,30,62,62014,rue du fort gassion,50.641776,2.397868,Plein jour,En agglomération,Hors intersection,Normale,Autre collision,4,2,2,0,1,1,2,0,1,50,1,2,1,0,0,1,28.0,,voiture,,1,2,1,1,6
201900009959,2019-02-08 20:30:00,2019,2,8,20,30,62,62894,Autoroute A16 sens BOULOGNE-CALAIS,50.762969,1.636259,Nuit sans éclairage public,Hors agglomération,Hors intersection,Pluie forte,Autre collision,1,-1,4,0,1,1,2,0,1,130,1,1,0,0,0,1,26.0,,voiture,,3,1,1,3,6
201900009960,2019-02-08 11:00:00,2019,2,8,11,0,59,59363,D934,50.212937,3.641278,Plein jour,Hors agglomération,Hors intersection,Vent fort / tempête,Deux véhicules - côté,3,2,2,0,3,1,1,0,1,80,2,2,1,0,1,0,36.0,66.0,utilitaire_camion,deux_roues,1,1,1,6,3
201900009961,2019-02-08 21:15:00,2019,2,8,21,15,59,59285,rue de Villers D45,50.247381,3.412165,Nuit sans éclairage public,Hors agglomération,Hors intersection,Pluie forte,Autre collision,3,2,2,0,1,1,2,0,3,80,1,1,0,0,1,0,31.0,,deux_roues,,3,1,1,3,6
201900009962,2019-02-11 18:55:00,2019,2,11,18,55,59,59611,rue d'ypres,50.698461,3.015071,Nuit sans éclairage public,Hors agglomération,Hors intersection,Normale,Deux véhicules - arrière,3,2,2,2,1,1,1,0,1,70,2,2,1,0,1,0,35.0,20.0,voiture,deux_roues,3,1,1,1,2
201900009963,2019-02-08 07:30:00,2019,2,8,7,30,59,59497,ROUTE D'HAZEBROUCK,50.729321,2.374141,Nuit avec éclairage allumé,En agglomération,Hors intersection,Pluie légère,Autre collision,3,2,2,0,1,1,2,0,1,-1,1,5,3,1,1,0,36.0,,utilitaire_camion,,5,2,1,2,6
201900009964,2019-02-12 21:30:00,2019,2,12,21,30,13,13081,A7-Sens Lyon vers Marseille,43.48328,5.24071,Nuit sans éclairage public,Hors agglomération,Hors intersection,Normale,Deux véhicules - arrière,1,1,2,0,1,1,1,0,1,110,2,2,1,0,0,1,30.0,36.0,voiture,voiture,3,1,1,1,2
201900009965,2019-02-11 12:40:00,2019,2,11,12,40,13,13001,A51-Sens Marseille vers Aix en Provence,43.51106,5.41988,Plein jour,Hors agglomération,Hors intersection,Normale,Trois véhicules et plus - en chaîne,1,1,3,0,1,1,1,8,1,70,3,4,1,0,0,3,45.0,53.0,voiture,voiture,1,1,1,1,4
201900009966,2019-02-03 20:00:00,2019,2,3,20,0,13,13071,A7-Sens Lyon vers Marseille,43.403484,5.308673,Nuit sans éclairage public,Hors agglomération,Hors intersection,Normale,Deux véhicules - arrière,1,-1,3,0,2,1,1,0,1,110,2,4,1,0,0,3,39.0,20.0,voiture,voiture,3,1,1,1,2
201900009967,2019-01-15 18:45:00,2019,1,15,18,45,13,13055,A507 sens Aubagne- Marseille,43.331,5.38,Nuit avec éclairage allumé,Hors agglomération,Hors intersection,Normale,Trois véhicules et plus - en chaîne,1,1,2,0,1,1,1,1,1,70,3,7,5,0,0,2,37.0,25.0,voiture,voiture,5,1,1,1,4