accident_id,datetime,annee,mois,jour,heure,minute,departement,commune_insee,adresse,latitude,longitude,luminosite,agglomeration,intersection,meteo,collision,catr,circ,nbv,vosp,prof,plan,surf,infra,situ,vma,nb_vehicules,nb_usagers,nb_indemnes,nb_tues,nb_blesses_hosp,nb_blesses_legers,age_cond_1,age_cond_2,veh_type_cond_1,veh_type_cond_2,lum_code,agg_code,int_code,atm_code,col_code
201900010059,2019-10-18 16:45:00,2019,10,18,16,45,13,13208,PRADO (AVENUE DU),43.27412,5.39049,Plein jour,En agglomération,Intersection en T,Normale,Deux véhicules - côté,4,2,6,3,1,1,1,0,1,50,2,2,1,0,0,1,17.0,59.0,deux_roues,voiture,1,2,3,1,3
201900010060,2019-10-18 17:55:00,2019,10,18,17,55,13,13211,RTE D' ALLAUCH,43.31039,5.49994,Plein jour,Hors agglomération,Hors intersection,Normale,Autre collision,3,2,2,0,1,1,1,0,1,50,1,2,0,1,1,0,29.0,,deux_roues,,1,1,1,1,6
201900010061,2019-10-18 14:15:00,2019,10,18,14,15,13,13214,SAINTE MARTHE (chemin),43.33118,5.38909,Plein jour,En agglomération,Hors intersection,Normale,Autre collision,4,2,2,0,1,1,1,0,1,50,1,2,1,0,0,1,18.0,,deux_roues,,1,2,1,1,6
201900010062,2019-10-18 13:50:00,2019,10,18,13,50,13,13202,DAMES (BOULEVARD DES),43.302,5.3723,Plein jour,En agglomération,Hors intersection,Normale,Deux véhicules - côté,4,2,4,0,2,1,1,0,1,50,2,2,1,0,0,1,36.0,60.0,deux_roues,utilitaire_camion,1,2,1,1,3
201900010063,2019-10-17 17:20:00,2019,10,17,17,20,10,10325,PASTEUR (RUE),48.2629079,4.0808737,Plein jour,En agglomération,Hors intersection,Pluie légère,Deux véhicules - arrière,3,2,2,0,4,1,2,0,1,50,2,4,1,0,0,3,32.0,33.0,voiture,voiture,1,2,1,2,2
201900010064,2019-10-18 15:47:00,2019,10,18,15,47,10,10387,PREMIER RAM (RUE DU),48.29579,4.07353,Plein jour,En agglomération,Hors intersection,Temps couvert,Autre collision,4,3,4,0,1,1,2,0,2,50,1,3,2,0,1,0,83.0,,voiture,,1,2,1,8,6
201900010065,2019-10-18 08:30:00,2019,10,18,8,30,10,10387,LOMBARDS (AVENUE),48.269,4.0846,Plein jour,En agglomération,Intersection en T,Pluie légère,Deux véhicules - côté,4,2,2,0,1,1,2,0,1,50,2,2,1,0,0,1,36.0,30.0,voiture,voiture,1,2,3,2,3
201900010066,2019-10-18 19:00:00,2019,10,18,19,0,6,06088,DEROULEDE (RUE PAUL),43.700921,7.26661,Nuit avec éclairage non allumé,En agglomération,Intersection en X,Pluie forte,Autre collision,4,-1,1,0,1,1,2,0,1,50,1,2,1,0,0,1,50.0,,voiture,,4,2,2,3,6
201900010067,2019-10-18 10:05:00,2019,10,18,10,5,6,06088,SOLA (BD PIERRE),43.706428,7.288517,Plein jour,En agglomération,Intersection en X,Normale,Deux véhicules - côté,4,2,2,0,1,1,1,0,1,50,2,2,1,0,0,1,39.0,23.0,voiture,deux_roues,1,2,2,1,3
201900010068,2019-10-18 08:00:00,2019,10,18,8,0,6,06088,BEAL (RUE DU),43.701022,7.288738,Plein jour,En agglomération,Intersection en X,Normale,Autre collision,4,2,2,0,1,1,9,8,1,50,1,2,1,0,0,1,33.0,,voiture,,1,2,2,1,6
201900010069,2019-10-18 21:40:00,2019,10,18,21,40,6,06027,GAUDE AVENUE DE LA,43.699166,7.149471,Nuit sans éclairage public,Hors agglomération,Hors intersection,Pluie légère,Deux véhicules - côté,7,2,2,0,2,3,2,0,1,90,2,2,1,0,0,1,20.0,51.0,voiture,deux_roues,3,1,1,2,3
201900010070,2019-10-18 06:30:00,2019,10,18,6,30,6,06027,NICE AVENUE DE (RN7),43.659575,7.169154,Nuit avec éclairage allumé,En agglomération,Hors intersection,Normale,Deux véhicules - côté,7,2,2,0,1,1,1,0,1,50,2,2,1,0,0,1,44.0,28.0,voiture,deux_roues,5,2,1,1,3
201900010071,2019-10-18 08:10:00,2019,10,18,8,10,75,75119,BD PERIPHERIQUE EXTERIEUR,48.89361,2.395287,Plein jour,En agglomération,Hors intersection,Pluie légère,Deux véhicules - côté,4,1,4,0,1,1,2,0,1,70,2,2,1,0,0,1,37.0,27.0,deux_roues,voiture,1,2,1,2,3
201900010072,2019-10-17 09:30:00,2019,10,17,9,30,75,75116,BD PERIPHERIQUE EXTERIEUR,48.870597,2.272352,Plein jour,En agglomération,Hors intersection,Normale,Deux véhicules - côté,4,1,4,0,1,1,1,1,1,70,2,2,1,0,0,1,55.0,44.0,deux_roues,voiture,1,2,1,1,3
201900010073,2019-10-16 21:53:00,2019,10,16,21,53,75,75113,BD PERIPHERIQUE EXTERIEUR,48.818263,2.369457,Nuit avec éclairage allumé,En agglomération,Hors intersection,Pluie légère,Autre collision,4,1,4,0,1,1,2,0,1,70,2,2,1,0,1,0,59.0,36.0,deux_roues,voiture,5,2,1,2,6
201900010074,2019-10-18 06:55:00,2019,10,18,6,55,75,75120,RUE D AVRON,48.8527034,2.406105,Nuit avec éclairage allumé,En agglomération,Intersection en X,Pluie forte,Deux véhicules - côté,4,2,2,0,1,1,2,0,1,50,2,2,1,0,0,1,65.0,48.0,voiture,deux_roues,5,2,2,3,3
201900010075,2019-10-18 17:41:00,2019,10,18,17,41,75,75119,AVENUE DE FLANDRE,48.890434,2.3766974,Plein jour,En agglomération,Hors intersection,Normale,Deux véhicules - côté,4,1,2,-1,1,1,1,0,1,50,2,3,2,0,0,1,48.0,27.0,deux_roues,utilitaire_camion,1,2,1,1,3
201900010076,2019-10-18 08:25:00,2019,10,18,8,25,75,75119,AVENUE DE FLANDRE,48.8923245,2.3791355,Plein jour,En agglomération,Intersection en X,Pluie légère,Deux véhicules - côté,4,1,2,3,1,1,2,5,1,50,2,2,0,0,0,2,21.0,37.0,deux_roues,deux_roues,1,2,2,2,3
201900010077,2019-10-18 16:15:00,2019,10,18,16,15,75,75118,RUE DU MONT CENIS,48.8964117,2.3464813,Plein jour,En agglomération,Hors intersection,Normale,Autre collision,4,2,2,1,1,1,1,0,1,50,2,2,1,0,0,1,46.0,,deux_roues,,1,2,1,1,6
201900010078,2019-10-18 08:15:00,2019,10,18,8,15,75,75116,ALLEE DE LA REINE MARGUERITE,48.8585665,2.2448764,Plein jour,En agglomération,Intersection en X,Pluie légère,Deux véhicules - côté,4,-1,4,0,1,1,2,0,1,50,2,2,1,0,0,1,49.0,46.0,deux_roues,voiture,1,2,2,2,3
201900010079,2019-10-17 20:15:00,2019,10,17,20,15,75,75116,AVENUE DU PRESIDENT KENNEDY,48.85268,2.280647,Nuit avec éclairage allumé,En agglomération,Intersection en T,Normale,Deux véhicules - côté,4,2,4,0,1,1,1,0,1,50,2,2,1,0,0,1,55.0,72.0,deux_roues,deux_roues,5,2,3,1,3
201900010080,2019-10-17 15:55:00,2019,10,17,15,55,75,75116,RUE MAURICE BOURDET,48.8513469,2.2784853,Plein jour,En agglomération,Intersection en X,Normale,Deux véhicules - côté,4,2,4,0,1,1,1,0,1,50,2,2,1,0,0,1,24.0,46.0,deux_roues,utilitaire_camion,1,2,2,1,3
201900010081,2019-10-18 18:30:00,2019,10,18,18,30,75,75111,BOULEVARD VOLTAIRE,48.855012,2.384833,Crépuscule ou aube,En agglomération,Hors intersection,Normale,Deux véhicules - côté,4,2,2,1,1,1,1,0,5,30,2,2,1,0,0,1,23.0,71.0,deux_roues,voiture,2,2,1,1,3
201900010082,2019-10-18 13:25:00,2019,10,18,13,25,75,75108,RUE DES SAUSSAIES,48.871348,2.317769,Plein jour,En agglomération,Intersection en Y,Normale,Deux véhicules - arrière,4,1,1,0,1,1,1,0,1,50,2,2,1,0,0,1,20.0,44.0,deux_roues,utilitaire_camion,1,2,4,1,2
201900010083,2019-10-18 01:05:00,2019,10,18,1,5,75,75108,VOIE GEORGES POMPIDOU,48.8647728,2.3096445,Nuit avec éclairage allumé,En agglomération,Hors intersection,Normale,Trois véhicules et plus - en chaîne,4,1,2,0,4,1,1,1,1,50,4,4,3,0,0,1,30.0,38.0,voiture,voiture,5,2,1,1,4
201900010084,2019-10-18 21:00:00,2019,10,18,21,0,75,75107,QUAI D ORSAY,48.8625492,2.3104058,Nuit avec éclairage allumé,En agglomération,Intersection en X,Normale,Deux véhicules - côté,4,2,4,1,1,1,1,0,5,50,2,2,1,0,0,1,27.0,38.0,deux_roues,voiture,5,2,2,1,3
201900010085,2019-10-18 15:20:00,2019,10,18,15,20,75,75107,QUAI BRANLY,48.8605574,2.2956089,Plein jour,En agglomération,Intersection en T,Temps éblouissant,Deux véhicules - côté,4,1,2,0,1,1,1,8,1,50,2,2,1,0,0,1,20.0,58.0,deux_roues,voiture,1,2,3,7,3
201900010086,2019-10-18 09:25:00,2019,10,18,9,25,75,75107,PONT D IENA,48.859688,2.292248,Plein jour,En agglomération,Hors intersection,Temps couvert,Sans collision,4,2,4,0,1,1,8,2,1,50,1,1,0,0,0,1,31.0,,deux_roues,,1,2,1,8,7
201900010087,2019-10-16 19:55:00,2019,10,16,19,55,75,75104,BOULEVARD DE SEBASTOPOL,48.861212,2.349725,Nuit avec éclairage allumé,En agglomération,Intersection en T,Pluie légère,Deux véhicules - côté,4,2,2,1,1,1,2,0,5,50,2,2,1,0,0,1,54.0,20.0,voiture,deux_roues,5,2,3,2,3
201900010088,2019-10-18 09:20:00,2019,10,18,9,20,75,75104,QUAI DE L HOTEL DE VILLE,48.8533352,2.3578248,Plein jour,En agglomération,Intersection en X,Temps couvert,Deux véhicules - côté,4,2,4,0,1,1,2,0,1,50,2,2,1,0,0,1,29.0,46.0,utilitaire_camion,deux_roues,1,2,2,8,3
201900010089,2019-10-18 08:40:00,2019,10,18,8,40,94,94067,GAMBETTA (AV),48.8438,2.4188,Plein jour,En agglomération,Hors intersection,Pluie légère,Autre collision,4,2,2,0,1,1,2,0,1,50,1,2,1,0,0,1,32.0,,voiture,,1,2,1,2,6
201900010090,2019-10-17 19:50:00,2019,10,17,19,50,94,94068,ALMA (AV DE L),48.7848,2.4953,Nuit avec éclairage allumé,En agglomération,Intersection en X,Normale,Deux véhicules - côté,3,2,2,0,3,1,2,0,1,50,2,2,1,0,0,1,20.0,67.0,deux_roues,voiture,5,2,2,1,3
201900010091,2019-10-18 15:15:00,2019,10,18,15,15,94,94016,DIVISION LECLERC (AV DE LA),48.78693,2.33022,Plein jour,En agglomération,Hors intersection,Normale,Autre collision,3,2,2,0,1,1,1,0,1,30,1,2,1,0,0,1,33.0,,voiture,,1,2,1,1,6
201900010092,2019-10-18 13:15:00,2019,10,18,13,15,94,94037,PAUL VAILLANT COUTURIER (AV),48.81648,2.33801,Plein jour,En agglomération,Intersection en T,Normale,Deux véhicules - côté,3,2,2,0,1,1,1,0,1,50,2,2,1,0,1,0,16.0,16.0,deux_roues,deux_roues,1,2,3,1,3
201900010093,2019-10-18 12:40:00,2019,10,18,12,40,94,94041,GASTON MONMOUSSEAU (R),48.803,2.3828,Plein jour,En agglomération,Intersection en X,Normale,Deux véhicules - côté,4,2,2,0,1,1,1,0,1,50,2,2,0,0,0,2,43.0,44.0,utilitaire_camion,voiture,1,2,2,1,3
201900010094,2019-10-18 19:15:00,2019,10,18,19,15,94,94038,PAUL HOCHART (R),48.77655,2.3591,Nuit avec éclairage allumé,En agglomération,Hors intersection,Normale,Autre collision,4,2,2,0,1,1,1,0,1,50,1,2,1,0,1,0,60.0,,voiture,,5,2,1,1,6
201900010095,2019-10-18 13:55:00,2019,10,18,13,55,94,94028,FALKIRK(RUE),48.7722,2.4581,Plein jour,En agglomération,Hors intersection,Normale,Autre collision,4,2,0,0,1,1,1,0,1,50,1,2,1,0,0,1,31.0,,deux_roues,,1,2,1,1,6
201900010096,2019-10-18 16:15:00,2019,10,18,16,15,94,94037,PAUL VAILLANT COUTURIER (AV),48.81648,2.33801,Plein jour,En agglomération,Hors intersection,Normale,Deux véhicules - côté,4,2,2,0,1,1,1,0,1,50,2,1,0,0,0,1,49.0,,voiture,,1,2,1,1,3
201900010097,2019-10-18 12:15:00,2019,10,18,12,15,94,94071,OLIVIER D ORMESSON (AV),48.78106,2.51439,Plein jour,En agglomération,Hors intersection,Normale,Sans collision,4,2,2,0,2,1,1,0,1,50,1,1,0,0,0,1,18.0,,deux_roues,,1,2,1,1,7
201900010098,2019-10-18 02:30:00,2019,10,18,2,30,93,93064,ALSACE-LORRAINE (BOULEVARD),48.883913,2.4883447,Nuit avec éclairage allumé,En agglomération,Hors intersection,Normale,Deux véhicules - côté,3,2,4,0,1,1,1,5,1,50,2,2,0,0,0,2,36.0,19.0,autre,autre,5,2,1,1,3
201900010099,2019-10-17 23:50:00,2019,10,17,23,50,93,93064,ALSACE-LORRAINE (BOULEVARD),48.88665,2.47193,Nuit avec éclairage allumé,En agglomération,Intersection en X,Normale,Deux véhicules - côté,3,2,4,0,1,1,1,5,1,50,2,2,1,0,0,1,52.0,21.0,deux_roues,autre,5,2,2,1,3
201900010100,2019-10-18 14:35:00,2019,10,18,14,35,93,93053,GABRIEL PERI (BLD),48.87981,2.46409,Plein jour,En agglomération,Hors intersection,Temps couvert,Trois véhicules et plus - collisions multiples,3,2,2,0,4,3,1,9,1,50,3,3,2,0,0,1,67.0,30.0,utilitaire_camion,deux_roues,1,2,1,8,5
201900010101,2019-10-17 10:50:00,2019,10,17,10,50,93,93053,NEUILLY (RUE DE) N° 4 A ... - N° 9 A ...,48.88547,2.46191,Plein jour,En agglomération,Intersection en X,Normale,Deux véhicules - côté,4,-1,2,0,1,1,2,0,1,50,2,2,1,0,0,1,41.0,32.0,deux_roues,voiture,1,2,2,1,3
201900010102,2019-10-18 14:40:00,2019,10,18,14,40,93,93032,ABBESSES  (CHEMIN D'ACCES AUX),48.87,2.56,Plein jour,En agglomération,Hors intersection,Normale,Deux véhicules - côté,4,2,2,0,3,1,1,6,1,50,2,2,1,0,0,1,19.0,19.0,deux_roues,voiture,1,2,1,1,3
201900010103,2019-10-18 01:36:00,2019,10,18,1,36,93,93046,ARISTIDE BRIAND AVENUE,48.91055,2.51216,Nuit avec éclairage allumé,En agglomération,Intersection en X,Normale,Deux véhicules - côté,3,2,4,0,1,1,1,0,1,50,2,2,1,0,0,1,22.0,30.0,voiture,deux_roues,5,2,2,1,3
201900010104,2019-10-07 03:15:00,2019,10,7,3,15,93,93030,HUIT-MAI-1945 (AVENUE DU),48.949106,2.438572,Nuit avec éclairage allumé,En agglomération,Hors intersection,Normale,Deux véhicules - côté,3,3,1,0,1,1,1,0,3,50,2,3,1,0,0,2,49.0,30.0,utilitaire_camion,utilitaire_camion,5,2,1,1,3
201900010105,2019-10-18 20:30:00,2019,10,18,20,30,93,93066,STADE DE FRANCE (AVENUE DU),48.919103,2.361839,Nuit avec éclairage allumé,En agglomération,Autre intersection,Normale,Deux véhicules - arrière,4,1,0,0,2,3,1,0,1,50,2,2,1,0,0,1,29.0,40.0,voiture,voiture,5,2,9,1,2
201900010106,2019-10-18 10:55:00,2019,10,18,10,55,93,93001,NOYERS (RUE DES)  => 17/22,48.9162131,2.3816225,Plein jour,En agglomération,Intersection en X,Normale,Autre collision,3,2,2,0,1,1,1,0,-1,50,1,2,1,0,0,1,48.0,,voiture,,1,2,2,1,6
201900010107,2019-10-17 09:30:00,2019,10,17,9,30,92,92064,MARCEL DASSAULT,48.8546953,2.2227534,Plein jour,En agglomération,Hors intersection,Pluie légère,Deux véhicules - côté,3,1,4,0,1,1,2,0,1,50,2,2,1,0,0,1,53.0,25.0,deux_roues,deux_roues,1,2,1,2,3
201900010108,2019-10-18 09:30:00,2019,10,18,9,30,92,92051,"BINEAU (BOULEVARD, N°53 A 131 ET 52 A 13",48.888,2.275,Plein jour,En agglomération,Intersection en X,Normale,Autre collision,3,1,2,0,1,1,2,0,1,50,1,2,1,0,0,1,34.0,,voiture,,1,2,2,1,6
201900010109,2019-10-17 20:00:00,2019,10,17,20,0,92,92048,PARIS (RUE DE) N° 1 A 15BIS,48.81677,2.24785,Nuit avec éclairage allumé,En agglomération,Hors intersection,Temps couvert,Autre collision,4,2,2,0,2,1,1,0,1,50,1,2,0,0,0,2,18.0,,deux_roues,,5,2,1,8,6
201900010110,2019-10-17 19:10:00,2019,10,17,19,10,92,92036,GRESILLONS (AVENUE DES) (141/215),48.9144,2.30015,Nuit avec éclairage allumé,En agglomération,Hors intersection,Normale,Autre collision,3,2,2,0,1,1,1,0,1,50,1,2,1,0,0,1,38.0,,voiture,,5,2,1,1,6
201900010111,2019-10-17 13:00:00,2019,10,17,13,0,92,92025,VALMY (BD DE),48.9289861,2.2544775,Plein jour,En agglomération,Hors intersection,Normale,Deux véhicules - arrière,3,2,4,0,1,2,1,0,1,50,2,2,1,0,0,1,41.0,21.0,deux_roues,deux_roues,1,2,1,1,2
201900010112,2019-10-16 07:50:00,2019,10,16,7,50,92,92024,CLICHY (PONT DE),48.9099036,2.2993568,Crépuscule ou aube,En agglomération,Hors intersection,Pluie légère,Deux véhicules - arrière,3,2,4,0,1,1,2,2,1,50,2,1,0,0,0,1,16.0,,deux_roues,,2,2,1,2,2
201900010113,2019-10-17 08:50:00,2019,10,17,8,50,92,92009,JEAN JAURES ( RUE ),48.91257,2.26206,Plein jour,En agglomération,Intersection en T,Normale,Deux véhicules - côté,4,1,0,0,1,1,2,0,1,50,2,2,1,0,0,1,18.0,33.0,deux_roues,utilitaire_camion,1,2,3,1,3
201900010114,2019-10-17 17:10:00,2019,10,17,17,10,17,17315,RD 108,46.136907,-0.916567,Plein jour,Hors agglomération,Hors intersection,Temps couvert,Deux véhicules - frontale,3,2,2,0,1,3,1,0,1,80,2,2,0,0,1,1,34.0,27.0,voiture,voiture,1,1,1,8,1
201900010115,2019-10-18 10:20:00,2019,10,18,10,20,33,33088,21 rue de la République,45.01531,-0.04111,Plein jour,En agglomération,Hors intersection,Normale,Trois véhicules et plus - collisions multiples,3,2,2,0,1,1,1,0,1,70,3,4,3,0,1,0,61.0,31.0,voiture,voiture,1,2,1,1,5
201900010116,2019-10-11 18:00:00,2019,10,11,18,0,34,34243,D986,43.904335,3.737989,Plein jour,Hors agglomération,Hors intersection,Normale,Deux véhicules - frontale,3,2,2,0,1,1,1,0,1,80,2,2,0,0,2,0,66.0,53.0,voiture,voiture,1,1,1,1,1
201900010117,2019-10-17 19:00:00,2019,10,17,19,0,22,22206,,48.530368,-2.959106,Plein jour,Hors agglomération,Hors intersection,Normale,Deux véhicules - arrière,2,3,4,0,2,1,1,0,1,110,2,2,1,0,0,1,46.0,18.0,utilitaire_camion,utilitaire_camion,1,1,1,1,2
201900010118,2019-10-16 17:50:00,2019,10,16,17,50,84,84099,Chemin du Moulin d'Oise,43.86083,5.134201,Plein jour,Hors agglomération,Intersection en X,Normale,Deux véhicules - côté,3,2,2,0,1,1,1,0,1,80,2,2,1,0,1,0,28.0,25.0,deux_roues,voiture,1,1,2,1,3
201900010119,2019-10-19 09:35:00,2019,10,19,9,35,87,87133,A20 - PK 139.144 - Direction PARIS,46.189216,1.382499,Plein jour,Hors agglomération,Hors intersection,Temps couvert,Sans collision,1,3,4,0,2,2,1,0,3,130,1,4,2,0,2,0,45.0,,voiture,,1,1,1,8,7
201900010120,2019-10-13 12:00:00,2019,10,13,12,0,30,30290,Route de Pont,44.261808,4.60263,Plein jour,Hors agglomération,Intersection en T,Normale,Autre collision,3,2,2,0,1,1,1,0,3,70,1,1,0,0,1,0,71.0,,voiture,,1,1,3,1,6
201900010121,2019-10-19 11:55:00,2019,10,19,11,55,62,62428,D5,50.218735,2.846196,Plein jour,Hors agglomération,Hors intersection,Normale,Deux véhicules - frontale,3,2,2,0,1,1,1,0,1,80,2,4,3,0,1,0,47.0,45.0,voiture,voiture,1,1,1,1,1
201900010122,2019-10-18 18:00:00,2019,10,18,18,0,19,19023,Route de beaulieu,45.120094,1.682597,Plein jour,Hors agglomération,Hors intersection,Normale,Autre collision,3,2,2,0,2,3,2,0,3,80,1,1,0,0,1,0,53.0,,voiture,,1,1,1,1,6
201900010123,2019-10-18 15:55:00,2019,10,18,15,55,79,79257,D101,46.233886,-0.688428,Plein jour,Hors agglomération,Hors intersection,Normale,Deux véhicules - frontale,3,2,2,0,1,3,1,0,1,80,2,2,0,0,1,1,46.0,60.0,voiture,voiture,1,1,1,1,1
201900010124,2019-10-19 02:10:00,2019,10,19,2,10,2B,2B050,T30,42.552171,8.774364,Nuit sans éclairage public,Hors agglomération,Hors intersection,Normale,Autre collision,2,2,2,0,1,2,1,0,1,70,1,1,0,0,1,0,39.0,,deux_roues,,3,1,1,1,6
201900010125,2019-10-18 18:45:00,2019,10,18,18,45,33,33185,D1089,44.86982,-0.26457,Crépuscule ou aube,Hors agglomération,Hors intersection,Normale,Trois véhicules et plus - collisions multiples,3,2,2,0,1,1,1,0,1,80,3,5,4,0,1,0,21.0,39.0,voiture,voiture,2,1,1,1,5
201900010126,2019-10-19 17:20:00,2019,10,19,17,20,69,69063,Quai d'Illhaeusern,45.818153,4.853566,Plein jour,Hors agglomération,Hors intersection,Autre,Deux véhicules - côté,3,2,2,3,1,1,2,0,1,70,2,4,1,0,1,2,58.0,66.0,voiture,voiture,1,1,1,9,3
201900010127,2019-10-19 14:00:00,2019,10,19,14,0,71,71132,rue du 11 novembre 1918,46.614914,4.289765,Plein jour,Hors agglomération,Hors intersection,Pluie légère,Deux véhicules - frontale,3,2,2,0,1,3,2,0,1,70,2,4,2,1,1,0,76.0,39.0,voiture,voiture,1,1,1,2,1
201900010128,2019-10-19 11:30:00,2019,10,19,11,30,63,63321,D14,45.5891943,3.2787037,Plein jour,Hors agglomération,Hors intersection,Temps couvert,Sans collision,3,2,2,0,2,4,2,0,1,80,1,1,0,0,1,0,19.0,,voiture,,1,1,1,8,7
201900010129,2019-10-19 04:30:00,2019,10,19,4,30,63,63054,D909,45.497218,3.253656,Nuit sans éclairage public,Hors agglomération,Hors intersection,Pluie légère,Autre collision,3,2,2,0,1,1,2,0,8,80,1,1,0,1,0,0,43.0,,voiture,,3,1,1,2,6
201900010130,2019-10-18 12:00:00,2019,10,18,12,0,55,55404,33 Rue du Moulin,48.904809,5.328973,Plein jour,Hors agglomération,Intersection en Y,Pluie légère,Deux véhicules - côté,3,2,2,0,1,1,2,0,1,80,2,3,0,0,2,1,87.0,47.0,voiture,utilitaire_camion,1,1,4,2,3
201900010131,2019-10-19 11:25:00,2019,10,19,11,25,42,42131,Chemin de la Goutte Dine,46.176504,4.243297,Plein jour,Hors agglomération,Hors intersection,Normale,Deux véhicules - frontale,3,2,2,0,2,1,2,0,1,80,2,2,1,1,0,0,55.0,18.0,deux_roues,voiture,1,1,1,1,1
201900010132,2019-09-10 21:56:00,2019,9,10,21,56,46,46088,Rue de la Prade,44.47921,1.349923,Nuit sans éclairage public,Hors agglomération,Hors intersection,Normale,Deux véhicules - arrière,3,2,2,0,1,1,1,0,1,50,2,4,2,0,2,0,19.0,22.0,voiture,deux_roues,3,1,1,1,2
201900010133,2019-10-19 08:30:00,2019,10,19,8,30,47,47174,Pissette,44.058671,0.371589,Plein jour,Hors agglomération,Hors intersection,Normale,Deux véhicules - frontale,3,2,2,0,1,1,1,0,1,80,2,2,0,1,1,0,63.0,34.0,voiture,voiture,1,1,1,1,1
201900010134,2019-10-15 00:30:00,2019,10,15,0,30,47,47095,Benezit,44.4229582,0.2960129,Nuit sans éclairage public,Hors agglomération,Hors intersection,Pluie forte,Autre collision,3,2,2,0,1,2,2,0,3,80,1,5,0,0,1,4,19.0,,voiture,,3,1,1,3,6
201900010135,2019-10-09 11:10:00,2019,10,9,11,10,22,22018,Kernevez,48.655863,-3.227361,Plein jour,Hors agglomération,Hors intersection,Normale,Sans collision,4,2,2,0,1,1,1,0,3,80,1,1,0,1,0,0,70.0,,deux_roues,,1,1,1,1,7
201900010136,2019-10-16 12:50:00,2019,10,16,12,50,25,25212,Rue de Châtillon,47.284037,5.992864,Plein jour,En agglomération,Intersection à plus de 4 branches,Normale,Deux véhicules - frontale,3,2,2,1,1,1,1,5,1,50,2,2,1,0,1,0,55.0,47.0,deux_roues,voiture,1,2,5,1,1
201900010137,2019-10-19 12:20:00,2019,10,19,12,20,44,44091,Lieu dit la colle,47.606543,-1.683295,Plein jour,Hors agglomération,Hors intersection,Temps couvert,Autre collision,3,2,2,0,1,2,1,0,1,80,1,2,0,0,2,0,26.0,,voiture,,1,1,1,8,6
201900010138,2019-10-18 09:25:00,2019,10,18,9,25,29,29215,1050 Lieu Dit Scantourec,47.979501,-4.43273,Plein jour,En agglomération,Hors intersection,Normale,Autre collision,4,2,2,0,1,1,1,0,1,50,1,2,1,0,1,0,52.0,,voiture,,1,2,1,1,6
201900010139,2019-10-19 03:00:00,2019,10,19,3,0,31,31481,D53b,43.49596,1.14014,Nuit avec éclairage non allumé,Hors agglomération,Hors intersection,Normale,Autre collision,3,2,2,0,1,2,1,0,3,50,1,1,0,0,1,0,32.0,,voiture,,4,1,1,1,6
201900010140,2019-10-17 08:50:00,2019,10,17,8,50,31,31261,D626b,43.3037255,1.162384,Plein jour,En agglomération,Hors intersection,Temps éblouissant,Deux véhicules - frontale,3,2,2,0,1,3,1,0,1,30,2,3,2,0,1,0,43.0,45.0,voiture,voiture,1,2,1,7,1
201900010141,2019-10-18 20:00:00,2019,10,18,20,0,38,38311,Montee Chambourriere,45.35053,5.096207,Nuit sans éclairage public,Hors agglomération,Hors intersection,Pluie légère,Deux véhicules - frontale,3,2,2,0,2,1,2,0,1,80,2,4,1,0,2,1,49.0,22.0,utilitaire_camion,voiture,3,1,1,2,1
201900010142,2019-10-17 21:25:00,2019,10,17,21,25,38,38226,Route de Charvet,44.83756,5.7582,Nuit sans éclairage public,Hors agglomération,Hors intersection,Normale,Autre collision,4,2,2,0,2,1,1,0,3,80,1,1,0,0,0,1,18.0,,voiture,,3,1,1,1,6
201900010143,2019-10-17 00:15:00,2019,10,17,0,15,58,58059,120 Avenue du Marechal Leclerc,47.190544,3.015454,Nuit sans éclairage public,En agglomération,Hors intersection,Normale,Sans collision,3,2,2,0,2,1,1,0,4,50,1,2,0,1,1,0,17.0,,deux_roues,,3,2,1,1,7
201900010144,2019-10-19 17:50:00,2019,10,19,17,50,14,14241,D71,49.074559,-0.62728,Plein jour,En agglomération,Hors intersection,Normale,Autre collision,3,2,2,0,3,3,1,0,3,50,2,2,1,1,0,0,21.0,65.0,deux_roues,voiture,1,2,1,1,6
201900010145,2019-10-19 12:00:00,2019,10,19,12,0,64,64199,chemin pacheras,43.567125,-0.174166,Plein jour,En agglomération,Hors intersection,Normale,Deux véhicules - frontale,4,2,2,0,2,2,1,0,1,50,2,2,1,1,0,0,55.0,17.0,utilitaire_camion,deux_roues,1,2,1,1,1
201900010146,2019-10-19 00:30:00,2019,10,19,0,30,10,10056,D48,48.375476,4.256368,Nuit sans éclairage public,Hors agglomération,Hors intersection,Normale,Autre collision,3,2,2,0,1,1,2,0,1,80,1,1,0,0,1,0,44.0,,voiture,,3,1,1,1,6
201900010147,2019-10-17 22:10:00,2019,10,17,22,10,36,36128,Route Nationale 151 PK60+500,46.850258,1.759493,Nuit avec éclairage non allumé,Hors agglomération,Hors intersection,Pluie légère,Trois véhicules et plus - collisions multiples,2,2,2,0,1,1,2,0,1,80,3,4,2,1,0,1,37.0,52.0,voiture,voiture,4,1,1,2,5
201900010148,2019-10-03 12:15:00,2019,10,3,12,15,7,07110,Chemin des Hameaux d'Auzon,44.47946,4.229485,Plein jour,En agglomération,Autre intersection,Normale,Deux véhicules - côté,4,2,2,0,4,2,1,0,1,50,2,3,2,0,1,0,28.0,26.0,voiture,voiture,1,2,9,1,3