accident_id,datetime,annee,mois,jour,heure,minute,departement,commune_insee,adresse,latitude,longitude,luminosite,agglomeration,intersection,meteo,collision,catr,circ,nbv,vosp,prof,plan,surf,infra,situ,vma,nb_vehicules,nb_usagers,nb_indemnes,nb_tues,nb_blesses_hosp,nb_blesses_legers,age_cond_1,age_cond_2,veh_type_cond_1,veh_type_cond_2,lum_code,agg_code,int_code,atm_code,col_code
201900010149,2019-10-16 19:00:00,2019,10,16,19,0,37,37149,Diard,47.6206939,0.7224578,Nuit sans éclairage public,Hors agglomération,Hors intersection,Pluie légère,Autre collision,3,2,2,0,1,1,2,0,3,80,1,1,0,0,1,0,18.0,,voiture,,3,1,1,2,6
201900010150,2019-10-18 20:48:00,2019,10,18,20,48,49,49127,A11,47.638536,-0.274444,Nuit sans éclairage public,Hors agglomération,Hors intersection,Temps couvert,Deux véhicules - arrière,1,3,4,0,2,1,2,9,1,130,2,6,5,0,0,1,46.0,47.0,voiture,voiture,3,1,1,8,2
201900010151,2019-10-18 22:55:00,2019,10,18,22,55,1,01067,A40,46.113454,5.488028,Nuit sans éclairage public,Hors agglomération,Hors intersection,Pluie forte,Sans collision,1,3,3,3,2,2,2,0,1,110,1,2,1,0,0,1,25.0,,voiture,,3,1,1,3,7
201900010152,2019-10-18 15:50:00,2019,10,18,15,50,69,69244,230 Avenue Charles de Gaulle,45.75221,4.76281,Plein jour,En agglomération,Hors intersection,Pluie légère,Deux véhicules - frontale,3,2,2,0,1,4,2,0,1,50,2,2,1,0,0,1,59.0,27.0,voiture,utilitaire_camion,1,2,1,2,1
201900010153,2019-10-18 05:15:00,2019,10,18,5,15,69,69112,Lentilly (Embranchement d'autoroute),45.82345,4.68707,Nuit sans éclairage public,Hors agglomération,Hors intersection,Temps couvert,Autre collision,1,1,4,0,1,2,2,0,1,-1,1,1,0,0,0,1,34.0,,voiture,,3,1,1,8,6
201900010154,2019-10-18 08:30:00,2019,10,18,8,30,69,69086,A 89,45.84136,4.63925,Plein jour,Hors agglomération,Hors intersection,Temps couvert,Sans collision,1,1,2,0,1,2,2,0,3,70,1,1,0,0,0,1,23.0,,voiture,,1,1,1,8,7
201900010155,2019-10-17 08:40:00,2019,10,17,8,40,987,98715,"Rt1 - Pk 6,600",-17.584522,-149.568578,Plein jour,En agglomération,Intersection en T,Normale,Deux véhicules - arrière,2,2,2,0,1,1,1,0,1,50,2,2,1,0,0,1,47.0,21.0,voiture,deux_roues,1,2,3,1,2
201900010156,2019-10-18 18:45:00,2019,10,18,18,45,6,06079,A8 chaussée Sud,43.555525,6.945958,Nuit sans éclairage public,Hors agglomération,Hors intersection,Pluie légère,Sans collision,1,3,3,0,1,3,2,0,8,110,1,3,2,0,1,0,25.0,,voiture,,3,1,1,2,7
201900010157,2019-10-19 14:04:00,2019,10,19,14,4,45,45302,A10  - BRETELLE Sortie Orleans Nord,47.950743,1.847339,Plein jour,Hors agglomération,Hors intersection,Temps couvert,Deux véhicules - côté,1,2,2,0,2,2,2,3,1,50,2,4,3,1,0,0,68.0,33.0,voiture,voiture,1,1,1,8,3
201900010158,2019-10-19 09:45:00,2019,10,19,9,45,988,98824,R.P.N.10,-20.367781,164.562389,Plein jour,En agglomération,Hors intersection,Normale,Sans collision,3,2,2,0,3,3,1,0,3,50,1,2,1,0,1,0,21.0,,voiture,,1,2,1,1,7
201900010159,2019-10-19 10:40:00,2019,10,19,10,40,988,98813,rt1 village - niveau aire de repos de taiche,-21.75478,165.84006,Plein jour,Hors agglomération,Hors intersection,Normale,Deux véhicules - côté,2,2,2,0,1,1,1,0,1,110,2,7,4,0,1,2,22.0,28.0,voiture,utilitaire_camion,1,1,1,1,3
201900010160,2019-10-18 21:30:00,2019,10,18,21,30,973,97311,RN1,5.4896162,-54.0023435,Nuit sans éclairage public,Hors agglomération,Hors intersection,Normale,Deux véhicules - côté,2,2,2,1,1,1,1,0,5,70,2,4,1,0,0,3,34.0,40.0,voiture,deux_roues,3,1,1,1,3
201900010161,2019-10-18 05:30:00,2019,10,18,5,30,971,97129,RN2 pont de la Ramée,16.304022,-61.702781,Crépuscule ou aube,Hors agglomération,Hors intersection,Pluie légère,Deux véhicules - frontale,2,2,2,0,1,1,2,0,1,70,2,4,1,0,1,2,24.0,56.0,voiture,voiture,2,1,1,2,1
201900010162,2019-10-18 16:45:00,2019,10,18,16,45,971,97107,1312 Boulevard de Bananier,16.047823,-61.591067,Plein jour,Hors agglomération,Hors intersection,Pluie légère,Deux véhicules - frontale,2,2,2,0,2,1,2,0,1,90,2,3,2,0,1,0,43.0,37.0,voiture,voiture,1,1,1,2,1
201900010163,2019-10-19 05:00:00,2019,10,19,5,0,33,33503,RD5E3 Avenue de l'Ocean,44.925142,-0.987699,Nuit sans éclairage public,En agglomération,Hors intersection,Pluie légère,Autre collision,3,2,2,0,1,3,2,0,3,-1,1,1,0,0,0,1,25.0,,utilitaire_camion,,3,2,1,2,6
201900010164,2019-10-18 18:00:00,2019,10,18,18,0,37,37011,D7,47.225212,0.174408,Plein jour,Hors agglomération,Autre intersection,Normale,Trois véhicules et plus - collisions multiples,3,2,2,0,1,1,1,0,1,70,3,3,2,0,1,0,43.0,28.0,utilitaire_camion,voiture,1,1,9,1,5
201900010165,2019-10-19 11:50:00,2019,10,19,11,50,77,77308,D41,49.03795,2.73804,Plein jour,Hors agglomération,Hors intersection,Pluie légère,Deux véhicules - côté,3,2,2,0,1,1,2,0,1,80,2,2,0,0,0,2,47.0,57.0,voiture,voiture,1,1,1,2,3
201900010166,2019-10-19 08:05:00,2019,10,19,8,5,11,11198,D111,43.304516,2.496499,Plein jour,Hors agglomération,Hors intersection,Temps couvert,Sans collision,3,2,2,0,1,1,1,0,3,80,1,1,0,1,0,0,27.0,,deux_roues,,1,1,1,8,7
201900010167,2019-10-19 17:50:00,2019,10,19,17,50,34,34199,D39,43.441175,3.395122,Plein jour,Hors agglomération,Intersection en T,Temps couvert,Deux véhicules - côté,2,2,2,0,1,1,1,5,1,80,2,3,0,0,0,3,84.0,22.0,voiture,voiture,1,1,3,8,3
201900010168,2019-10-18 17:15:00,2019,10,18,17,15,13,13022,rd 5559 route de MARSEILLE,43.224885,5.542547,Plein jour,En agglomération,Hors intersection,Normale,Deux véhicules - côté,3,3,1,0,1,1,1,0,1,50,2,2,1,0,0,1,20.0,77.0,deux_roues,voiture,1,2,1,1,3
201900010169,2019-10-18 09:19:00,2019,10,18,9,19,26,26002,A7 - PK 036.000,45.241104,4.843084,Plein jour,Hors agglomération,Hors intersection,Temps couvert,Trois véhicules et plus - en chaîne,1,2,3,0,2,2,2,0,1,130,4,6,3,0,1,2,28.0,24.0,voiture,voiture,1,1,1,8,4
201900010170,2019-10-19 05:30:00,2019,10,19,5,30,68,68174,9 b Rue du Rhin,47.682302,7.393065,Nuit avec éclairage allumé,En agglomération,Hors intersection,Pluie forte,Sans collision,3,2,2,0,2,3,2,0,4,50,1,3,1,0,1,1,22.0,,voiture,,5,2,1,3,7
201900010171,2019-10-19 15:55:00,2019,10,19,15,55,57,57256,D603,49.1176445,6.0384709,Plein jour,Hors agglomération,Hors intersection,Pluie légère,Autre collision,3,2,3,0,2,3,2,0,3,80,1,2,0,0,1,1,34.0,,voiture,,1,1,1,2,6
201900010172,2019-10-17 09:45:00,2019,10,17,9,45,73,73157,D1006  8 Place Sommeiller,45.193551,6.6583753,Plein jour,En agglomération,Hors intersection,Temps couvert,Autre collision,3,2,2,0,1,1,1,0,1,50,1,2,1,0,1,0,36.0,,utilitaire_camion,,1,2,1,8,6
201900010173,2019-10-18 12:00:00,2019,10,18,12,0,81,81092,D49,43.698254,1.873753,Plein jour,Hors agglomération,Hors intersection,Normale,Trois véhicules et plus - collisions multiples,3,2,2,0,1,4,1,0,1,80,3,4,2,0,1,1,22.0,32.0,voiture,voiture,1,1,1,1,5
201900010174,2019-10-19 03:00:00,2019,10,19,3,0,40,40184,11 Avenue Maurice Martin,44.214183,-1.295934,Nuit avec éclairage allumé,En agglomération,Intersection en X,Normale,Autre collision,4,1,1,0,2,1,1,6,4,20,1,1,0,1,0,0,23.0,,deux_roues,,5,2,2,1,6
201900010175,2019-10-19 12:35:00,2019,10,19,12,35,33,33326,RD 137,45.316376,-0.576397,Plein jour,Hors agglomération,Hors intersection,Normale,Deux véhicules - frontale,3,2,2,0,3,3,1,0,1,80,2,2,1,0,1,0,40.0,72.0,deux_roues,voiture,1,1,1,1,1
201900010176,2019-10-18 13:05:00,2019,10,18,13,5,35,35257,26 Rue de Fougeres,48.409658,-1.364014,Plein jour,En agglomération,Intersection en T,Normale,Autre collision,3,2,2,0,1,1,1,0,4,50,1,1,0,0,1,0,53.0,,voiture,,1,2,3,1,6
201900010177,2019-10-18 04:15:00,2019,10,18,4,15,60,60138,D1330,49.21968,2.5956982,Nuit sans éclairage public,Hors agglomération,Hors intersection,Autre,Deux véhicules - arrière,3,2,4,0,1,1,2,0,1,90,2,2,1,0,1,0,25.0,35.0,voiture,voiture,3,1,1,9,2
201900010178,2019-10-13 05:30:00,2019,10,13,5,30,13,13215,A55-Sens Marseille vers Martigues,43.32931,5.35615,Nuit sans éclairage public,Hors agglomération,Hors intersection,Pluie légère,Sans collision,1,1,1,0,2,2,2,0,1,50,1,1,0,0,0,1,43.0,,voiture,,3,1,1,2,7
201900010179,2019-10-18 08:02:00,2019,10,18,8,2,94,94003,AUTOROUTE A6B,48.8031729,2.3417937,Plein jour,Hors agglomération,Hors intersection,Pluie légère,Deux véhicules - côté,1,1,3,0,4,1,2,0,1,90,2,2,1,0,0,1,23.0,48.0,voiture,deux_roues,1,1,1,2,3
201900010180,2019-10-18 04:05:00,2019,10,18,4,5,94,94076,AUTOROUTE A6A,48.79133,2.34415,Nuit avec éclairage allumé,Hors agglomération,Hors intersection,Normale,Sans collision,1,3,3,0,1,1,1,0,1,90,1,1,0,0,0,1,32.0,,deux_roues,,5,1,1,1,7
201900010181,2019-10-17 07:50:00,2019,10,17,7,50,78,78133,A13,48.892697,2.008487,Plein jour,Hors agglomération,Hors intersection,Pluie légère,Deux véhicules - côté,1,3,2,0,2,1,2,0,1,110,2,2,1,0,0,1,31.0,44.0,voiture,deux_roues,1,1,1,2,3
201900010182,2019-10-18 15:50:00,2019,10,18,15,50,95,95256,RN 184,49.05563,2.20327,Plein jour,Hors agglomération,Hors intersection,Normale,Sans collision,2,3,8,0,1,1,1,0,1,90,1,1,0,0,0,1,18.0,,deux_roues,,1,1,1,1,7
201900010183,2019-10-18 13:15:00,2019,10,18,13,15,93,93007,AUTOROUTE A3,48.92,2.47931,Plein jour,Hors agglomération,Hors intersection,Normale,Trois véhicules et plus - en chaîne,1,3,6,0,1,1,1,2,1,110,4,3,2,0,0,1,27.0,56.0,voiture,voiture,1,1,1,1,4
201900010184,2019-10-18 16:15:00,2019,10,18,16,15,93,93027,AUTOROUTE A1,48.93722,2.41062,Plein jour,Hors agglomération,Hors intersection,Normale,Trois véhicules et plus - collisions multiples,1,3,10,0,1,1,1,0,1,90,3,2,1,0,0,1,52.0,19.0,voiture,deux_roues,1,1,1,1,5
201900010185,2019-10-18 12:15:00,2019,10,18,12,15,93,93010,AUTOROUTE A3,48.89024,2.47355,Plein jour,Hors agglomération,Hors intersection,Normale,Deux véhicules - arrière,1,3,10,0,1,1,1,0,1,70,2,2,1,0,0,1,49.0,19.0,voiture,deux_roues,1,1,1,1,2
201900010186,2019-10-18 09:40:00,2019,10,18,9,40,93,93027,AUTOROUTE A86,48.92568,2.39638,Plein jour,Hors agglomération,Hors intersection,Normale,Deux véhicules - arrière,1,3,9,0,1,1,2,0,1,90,2,2,1,0,0,1,27.0,47.0,deux_roues,voiture,1,1,1,1,2
201900010187,2019-10-18 09:45:00,2019,10,18,9,45,93,93006,AUTOROUTE A3,48.86989,2.43038,Plein jour,Hors agglomération,Hors intersection,Normale,Deux véhicules - arrière,1,3,10,0,1,1,2,0,1,90,2,3,2,0,0,1,24.0,44.0,deux_roues,voiture,1,1,1,1,2
201900010188,2019-10-17 15:25:00,2019,10,17,15,25,95,95678,RN 184,49.05942,2.21076,Plein jour,Hors agglomération,Hors intersection,Normale,Trois véhicules et plus - en chaîne,2,3,6,0,1,2,1,0,1,110,3,3,0,0,0,3,40.0,53.0,voiture,voiture,1,1,1,1,4
201900010189,2019-10-17 13:35:00,2019,10,17,13,35,93,93007,AUTOROUTE A3,48.92083,2.47967,Plein jour,Hors agglomération,Hors intersection,Pluie légère,Trois véhicules et plus - collisions multiples,1,3,6,0,1,1,2,0,1,110,3,2,1,0,0,1,58.0,22.0,voiture,voiture,1,1,1,2,5
201900010190,2019-10-17 07:00:00,2019,10,17,7,0,93,93066,AUTOROUTE A1,48.92475,2.35715,Nuit avec éclairage non allumé,Hors agglomération,Hors intersection,Pluie légère,Deux véhicules - arrière,1,3,6,0,1,1,2,0,1,90,2,2,1,0,0,1,66.0,39.0,voiture,voiture,4,1,1,2,2
201900010191,2019-10-17 06:20:00,2019,10,17,6,20,95,95582,RD 170,48.9625,2.26334,Nuit sans éclairage public,Hors agglomération,Hors intersection,Pluie légère,Autre collision,3,1,2,0,2,2,2,3,1,50,1,1,0,0,0,1,33.0,,voiture,,3,1,1,2,6
201900010192,2019-10-15 23:02:00,2019,10,15,23,2,94,94028,A86 EXT,48.8030108,2.448313,Nuit avec éclairage allumé,Hors agglomération,Hors intersection,Normale,Trois véhicules et plus - en chaîne,1,1,4,0,1,1,1,0,1,90,3,5,0,0,0,5,44.0,40.0,voiture,voiture,5,1,1,1,4
201900010193,2019-10-16 09:15:00,2019,10,16,9,15,976,97611,kaweni-SPPM ( rue de la ),-12.76994,45.22386,Plein jour,En agglomération,Hors intersection,Normale,Sans collision,2,2,0,0,1,1,1,0,1,50,1,1,0,0,0,1,54.0,,deux_roues,,1,2,1,1,7
201900010194,2019-10-16 08:20:00,2019,10,16,8,20,976,97611,cavani-Manguiers (rue des),-12.78457,45.2241,Plein jour,En agglomération,Hors intersection,Normale,Deux véhicules - arrière,3,2,0,0,2,1,1,0,1,50,2,2,1,0,0,1,49.0,37.0,voiture,voiture,1,2,1,1,2
201900010195,2019-10-16 16:35:00,2019,10,16,16,35,42,42218,UNIVERSITE (DE L'),45.42018,4.42517,Plein jour,En agglomération,Hors intersection,Normale,Autre collision,4,2,2,0,1,1,1,0,1,50,1,2,1,0,1,0,20.0,,voiture,,1,2,1,1,6
201900010196,2019-10-17 16:18:00,2019,10,17,16,18,29,29039,RN165 (VE),47.9288,-3.90069,Plein jour,Hors agglomération,Hors intersection,Normale,Sans collision,2,1,4,0,1,1,2,0,1,110,1,1,0,0,0,1,41.0,,voiture,,1,1,1,1,7
201900010197,2019-10-17 05:15:00,2019,10,17,5,15,13,13207,PAPON (RUE),43.281851,5.354225,Nuit avec éclairage non allumé,En agglomération,Intersection en T,Normale,Autre collision,4,2,1,0,2,1,1,0,1,50,1,1,0,0,0,1,,,,,4,2,3,1,6
201900010198,2019-10-16 15:30:00,2019,10,16,15,30,94,94060,ARMAND PEUGEOT (R),48.7824004,2.5695417,Plein jour,En agglomération,Hors intersection,Normale,Trois véhicules et plus - collisions multiples,3,1,2,0,3,1,1,0,1,70,4,5,4,0,0,1,70.0,44.0,voiture,voiture,1,2,1,1,5
201900010199,2019-10-16 19:30:00,2019,10,16,19,30,988,98818,ROUTE DE L'ANSE VATA/RUE DU PASTEUR DELORD,-22.28942,166.44746,Nuit avec éclairage allumé,En agglomération,Intersection en T,Normale,Deux véhicules - côté,4,2,2,0,2,3,1,0,1,50,2,2,1,0,0,1,44.0,18.0,voiture,deux_roues,5,2,3,1,3
201900010200,2019-10-17 15:20:00,2019,10,17,15,20,974,97411,TOPAZES(ALLEE DES),-20.8966,55.445,Plein jour,En agglomération,Intersection en T,Normale,Deux véhicules - côté,3,-1,2,0,2,1,1,0,1,70,2,2,1,0,0,1,43.0,67.0,voiture,voiture,1,2,3,1,3
201900010201,2019-10-17 16:15:00,2019,10,17,16,15,69,69387,CAPITAINE ROBERT CLUZAN (DU)        (R ),45.7501,4.841,Plein jour,En agglomération,Hors intersection,Pluie légère,Autre collision,4,2,2,1,1,1,2,0,1,30,1,2,1,0,0,1,28.0,,voiture,,1,2,1,2,6
201900010202,2019-10-17 18:00:00,2019,10,17,18,0,69,69259,PROFESSEUR ROUX (DU)                (R ),45.72508,4.85829,Crépuscule ou aube,En agglomération,Hors intersection,Pluie légère,Deux véhicules - arrière,4,-1,2,0,1,1,2,0,1,50,2,3,2,0,0,1,56.0,26.0,voiture,voiture,2,2,1,2,2
201900010203,2019-10-17 03:20:00,2019,10,17,3,20,69,69276,MARRONNIERS (DES)                    AL,45.66978,4.85831,Nuit avec éclairage allumé,En agglomération,Hors intersection,Normale,Autre collision,4,2,2,0,1,1,1,0,1,50,1,1,0,0,0,1,21.0,,voiture,,5,2,1,1,6
201900010204,2019-10-17 15:35:00,2019,10,17,15,35,972,97209,MARNE (BOULEVARD DE LA),14.60562,-61.08794,Plein jour,Hors agglomération,Hors intersection,Pluie légère,Autre collision,2,3,4,0,2,3,2,3,1,50,1,2,0,0,0,2,19.0,,voiture,,1,1,1,2,6
201900010205,2019-10-17 18:10:00,2019,10,17,18,10,69,69389,DUCHERE (DE LA)                     (BD),45.77854,4.7954,Crépuscule ou aube,En agglomération,Hors intersection,Normale,Trois véhicules et plus - en chaîne,7,2,2,0,2,1,2,0,1,50,3,3,2,0,0,1,35.0,54.0,voiture,voiture,2,2,1,1,4
201900010206,2019-10-17 14:00:00,2019,10,17,14,0,69,69202,COMMANDANT CHARCOT (DU)             (R ),45.74959,4.79568,Plein jour,En agglomération,Intersection en X,Normale,Deux véhicules - côté,4,2,2,0,1,1,1,0,1,30,2,2,1,0,0,1,36.0,26.0,voiture,deux_roues,1,2,2,1,3
201900010207,2019-10-17 08:00:00,2019,10,17,8,0,95,95063,RUE AMBROISE PARE,48.9303372,2.2025632,Plein jour,En agglomération,Intersection en X,Normale,Deux véhicules - côté,4,2,1,0,1,1,1,0,1,50,2,2,1,0,1,0,39.0,40.0,voiture,deux_roues,1,2,2,1,3
201900010208,2019-10-15 18:22:00,2019,10,15,18,22,91,91477,BERTEAUX (RUE MAURICE),48.718452,2.241673,Plein jour,En agglomération,Hors intersection,Normale,Deux véhicules - côté,4,2,2,0,2,1,1,0,1,50,2,2,1,0,0,1,49.0,34.0,deux_roues,voiture,1,2,1,1,3
201900010209,2019-10-16 18:50:00,2019,10,16,18,50,88,88209,PLAINE (REU DE LA),48.1937,6.4433,Plein jour,En agglomération,Intersection en X,Normale,Deux véhicules - côté,4,2,2,0,1,1,1,0,1,50,2,2,1,0,1,0,17.0,31.0,deux_roues,voiture,1,2,2,1,3
201900010210,2019-10-17 06:35:00,2019,10,17,6,35,78,78586,PONTOISE,48.94955,2.20588,Nuit avec éclairage allumé,En agglomération,Giratoire,Pluie légère,Autre collision,4,2,2,0,1,1,2,0,6,50,1,2,1,0,0,1,32.0,,voiture,,5,2,6,2,6
201900010211,2019-10-17 15:50:00,2019,10,17,15,50,77,77186,SAINT MERRY (RUE),48.40948,2.69963,Plein jour,En agglomération,Hors intersection,Normale,Deux véhicules - arrière,4,1,1,0,1,1,1,0,1,50,2,2,1,0,0,1,30.0,19.0,utilitaire_camion,deux_roues,1,2,1,1,2
201900010212,2019-10-15 15:58:00,2019,10,15,15,58,76,76402, (ROUTE DE DIEPPE),49.52836,1.04168,Plein jour,En agglomération,Intersection en X,Normale,Autre collision,3,2,2,0,1,1,2,0,4,50,1,2,1,0,1,0,19.0,,deux_roues,,1,2,2,1,6
201900010213,2019-10-16 15:13:00,2019,10,16,15,13,76,76351,VERDUN (RUE DE),49.5022552,0.1869219,Plein jour,En agglomération,Intersection en X,Pluie légère,Deux véhicules - arrière,4,2,2,-1,1,1,2,0,1,50,2,2,1,0,0,1,15.0,33.0,deux_roues,voiture,1,2,2,2,2
201900010214,2019-10-17 16:25:00,2019,10,17,16,25,76,76217,REPUBLIQUE (AVENUE DE LA),49.9246,1.1037,Plein jour,En agglomération,Intersection en X,Normale,Deux véhicules - frontale,3,2,2,0,2,1,1,0,1,50,2,2,1,0,0,1,20.0,14.0,voiture,deux_roues,1,2,2,1,1
201900010215,2019-10-17 19:37:00,2019,10,17,19,37,74,74093,CROISEE (DE LA),45.895549,6.112145,Nuit avec éclairage allumé,En agglomération,Hors intersection,Pluie légère,Deux véhicules - côté,4,2,2,1,1,1,2,0,1,50,2,2,1,0,0,1,72.0,48.0,deux_roues,voiture,5,2,1,2,3
201900010216,2019-10-17 12:15:00,2019,10,17,12,15,71,71153,CHANZY (RUE DE),46.79908,4.44008,Plein jour,En agglomération,Hors intersection,Pluie forte,Sans collision,4,2,2,0,2,1,2,0,1,50,1,1,0,0,0,1,51.0,,deux_roues,,1,2,1,3,7
201900010217,2019-10-17 21:35:00,2019,10,17,21,35,69,69275,SULLY                               (R ),45.76763,4.97465,Nuit avec éclairage allumé,En agglomération,Hors intersection,Autre,Sans collision,4,3,1,0,1,3,2,0,2,50,1,3,1,0,0,2,19.0,,voiture,,5,2,1,9,7
201900010218,2019-10-17 22:15:00,2019,10,17,22,15,69,69266,LEON BLUM      (Rue),45.7606,4.90557,Nuit avec éclairage allumé,En agglomération,Intersection en X,Temps couvert,Autre collision,4,2,2,0,1,1,2,5,1,50,1,2,0,0,0,2,25.0,,voiture,,5,2,2,8,6
201900010219,2019-10-17 14:50:00,2019,10,17,14,50,69,69290,COLETTE                             (R ),45.68997,4.94239,Plein jour,En agglomération,Hors intersection,Normale,Autre collision,4,2,0,0,2,1,1,0,1,50,1,2,1,0,0,1,30.0,,voiture,,1,2,1,1,6
201900010220,2019-10-16 15:45:00,2019,10,16,15,45,67,67482,ALTKIRCH (RUE D ),48.56229,7.77348,Plein jour,En agglomération,Intersection en X,Normale,Deux véhicules - côté,4,2,2,0,1,1,1,0,1,50,2,2,1,0,1,0,49.0,32.0,voiture,deux_roues,1,2,2,1,3
201900010221,2019-10-16 14:35:00,2019,10,16,14,35,67,67482,SCHIRMECK (ROUTE DE),48.56617,7.70816,Plein jour,En agglomération,Hors intersection,Temps éblouissant,Autre collision,4,2,3,3,1,1,1,0,1,50,1,2,1,0,0,1,37.0,,voiture,,1,2,1,7,6
201900010222,2019-10-16 13:55:00,2019,10,16,13,55,67,67482,RHIN (AVENUE DU),48.57272,7.7939,Plein jour,En agglomération,Hors intersection,Normale,Deux véhicules - arrière,4,3,4,0,1,1,1,0,1,50,2,2,1,0,0,1,65.0,34.0,deux_roues,voiture,1,2,1,1,2
201900010223,2019-04-24 17:00:00,2019,4,24,17,0,14,14699,CD 677,49.3401728,0.1030979,Plein jour,En agglomération,Intersection en X,Normale,Autre collision,3,2,3,0,1,1,1,0,1,50,1,2,1,0,1,0,45.0,,utilitaire_camion,,1,2,2,1,6
201900010224,2019-04-20 17:50:00,2019,4,20,17,50,14,14220,AGUSTE-DECAENS (RUE),49.35872,0.08582,Plein jour,En agglomération,Hors intersection,Normale,Deux véhicules - côté,4,3,4,0,1,1,1,0,1,50,2,2,1,0,0,1,79.0,77.0,deux_roues,voiture,1,2,1,1,3
201900010225,2019-04-24 16:00:00,2019,4,24,16,0,14,14366,REPUBLIQUE (PLACE DE LA ),49.144,0.225,Plein jour,En agglomération,Hors intersection,Pluie légère,Autre collision,4,2,1,0,1,1,2,9,1,30,1,2,1,0,0,1,44.0,,utilitaire_camion,,1,2,1,2,6
201900010226,2019-04-25 20:33:00,2019,4,25,20,33,14,14333,PRES (RUE DES),49.419,0.231,Plein jour,En agglomération,Intersection en Y,Normale,Deux véhicules - frontale,7,2,2,0,1,2,1,0,1,50,2,4,3,0,0,1,55.0,18.0,voiture,deux_roues,1,2,4,1,1
201900010227,2019-04-25 10:10:00,2019,4,25,10,10,14,14118,NASHVILLE (RUE DE),49.20138,-0.386,Plein jour,En agglomération,Intersection en X,Normale,Deux véhicules - côté,4,2,2,0,1,1,1,0,1,50,2,2,1,0,0,1,20.0,23.0,voiture,voiture,1,2,2,1,3
201900010228,2019-04-18 11:59:00,2019,4,18,11,59,14,14437,PERIPHERIQUE NORD (BOULEVARD),49.17121,-0.305,Plein jour,Hors agglomération,Hors intersection,Normale,Deux véhicules - arrière,2,3,4,-1,1,1,1,0,1,90,2,2,1,0,0,1,26.0,70.0,voiture,voiture,1,1,1,1,2
201900010229,2019-04-26 14:00:00,2019,4,26,14,0,13,13054,DONAT PETTENATI (RUE ),43.41578,5.21434,Plein jour,En agglomération,Hors intersection,Normale,Autre collision,4,1,1,0,1,3,1,9,1,30,1,1,0,0,0,1,,,,,1,2,1,1,6
201900010230,2019-04-25 02:00:00,2019,4,25,2,0,13,13108,route des Saintes Maries de la Mer,43.591731,4.466728,Nuit sans éclairage public,Hors agglomération,Hors intersection,Normale,Autre collision,3,2,2,0,1,1,1,0,1,80,1,1,0,1,0,0,27.0,,voiture,,3,1,1,1,6
201900010231,2019-04-28 09:30:00,2019,4,28,9,30,13,13204,CHARTREUX (AVENUE DES),43.30293,5.39721,Plein jour,En agglomération,Intersection en X,Normale,Autre collision,4,1,2,0,1,1,1,0,1,50,1,3,1,0,2,0,22.0,,voiture,,1,2,2,1,6
201900010232,2019-04-28 08:30:00,2019,4,28,8,30,13,13212,CAILLOLS (AVENUE DES),43.30387,5.42624,Plein jour,En agglomération,Hors intersection,Normale,Deux véhicules - côté,4,2,2,0,1,1,1,0,1,50,2,3,2,0,0,1,68.0,22.0,voiture,voiture,1,2,1,1,3
201900010233,2019-04-27 16:25:00,2019,4,27,16,25,13,13208,DAVID (ROND-POINT),43.261908,5.37479,Plein jour,En agglomération,Hors intersection,Normale,Sans collision,4,-1,3,0,1,3,1,0,1,50,1,2,1,0,1,0,28.0,,utilitaire_camion,,1,2,1,1,7
201900010234,2019-04-27 18:15:00,2019,4,27,18,15,13,13203,FÉLIX PYAT (RUE),43.31465,5.37555,Plein jour,En agglomération,Hors intersection,Normale,Autre collision,4,2,2,0,1,1,1,0,1,30,1,2,1,0,1,0,27.0,,voiture,,1,2,1,1,6
201900010235,2019-04-27 17:30:00,2019,4,27,17,30,13,13205,CHAVE (BOULEVARD),43.29553,5.39762,Plein jour,En agglomération,Hors intersection,Normale,Autre collision,4,-1,0,3,1,1,1,6,1,50,1,3,2,0,0,1,18.0,,deux_roues,,1,2,1,1,6
201900010236,2019-04-27 18:50:00,2019,4,27,18,50,13,13214,PLOMBIERES (BOULEVARD DES),43.31767,5.38811,Plein jour,En agglomération,Intersection en T,Normale,Autre collision,3,-1,0,0,1,1,1,0,1,50,1,2,1,0,0,1,22.0,,voiture,,1,2,3,1,6
201900010237,2019-04-27 08:40:00,2019,4,27,8,40,13,13209,GASTON RAMON (BOULEVARD),43.26716,5.39694,Plein jour,En agglomération,Hors intersection,Normale,Autre collision,4,2,3,0,1,1,1,0,2,50,1,2,1,0,1,0,51.0,,deux_roues,,1,2,1,1,6
201900010238,2019-04-27 02:30:00,2019,4,27,2,30,13,13211,CARTONNERIE (BOULEVARD DE LA ),43.290647,5.462747,Nuit avec éclairage allumé,En agglomération,Hors intersection,Normale,Autre collision,3,3,2,2,1,1,1,0,1,50,1,1,0,1,0,0,25.0,,deux_roues,,5,2,1,1,6
201900010239,2019-04-27 01:20:00,2019,4,27,1,20,13,13214,GUYNEMER (PLACE),43.3497,5.40775,Nuit avec éclairage allumé,En agglomération,Intersection en X,Normale,Autre collision,4,-1,8,0,1,1,1,9,1,50,2,2,1,0,0,1,34.0,,voiture,,5,2,2,1,6