accident_id,datetime,annee,mois,jour,heure,minute,departement,commune_insee,adresse,latitude,longitude,luminosite,agglomeration,intersection,meteo,collision,catr,circ,nbv,vosp,prof,plan,surf,infra,situ,vma,nb_vehicules,nb_usagers,nb_indemnes,nb_tues,nb_blesses_hosp,nb_blesses_legers,age_cond_1,age_cond_2,veh_type_cond_1,veh_type_cond_2,lum_code,agg_code,int_code,atm_code,col_code
201900010518,2019-04-26 15:40:00,2019,4,26,15,40,75,75116,ALLEE DE LA REINE MARGUERITE,48.858565,2.244883,Plein jour,En agglomération,Intersection en X,Normale,Deux véhicules - côté,4,2,4,0,1,1,1,0,1,50,2,2,1,0,0,1,47.0,64.0,deux_roues,utilitaire_camion,1,2,2,1,3
201900010519,2019-04-25 17:00:00,2019,4,25,17,0,75,75116,AVENUE PAUL DOUMER,48.859906,2.279722,Plein jour,En agglomération,Intersection en T,Normale,Autre collision,4,2,2,0,1,1,1,0,1,50,1,2,0,0,0,2,20.0,,deux_roues,,1,2,3,1,6
201900010520,2019-06-16 17:45:00,2019,6,16,17,45,3,03139,,45.9958264,3.7301121,Plein jour,Hors agglomération,Hors intersection,Normale,Sans collision,3,2,2,0,1,1,1,0,3,80,1,1,0,0,1,0,32.0,,voiture,,1,1,1,1,7
201900010521,2019-04-24 16:35:00,2019,4,24,16,35,75,75116,BOULEVARD SUCHET,48.850893,2.260517,Plein jour,En agglomération,Intersection en T,Normale,Deux véhicules - arrière,4,2,1,0,1,1,1,0,1,50,2,2,1,0,0,1,33.0,85.0,transport_commun,voiture,1,2,3,1,2
201900010522,2019-04-23 12:30:00,2019,4,23,12,30,75,75116,AVENUE MARCEAU,48.870941,2.297507,Plein jour,En agglomération,Intersection en X,Normale,Autre collision,4,2,3,0,1,1,1,0,1,50,1,2,1,0,0,1,36.0,,deux_roues,,1,2,2,1,6
201900010523,2019-06-02 17:00:00,2019,6,2,17,0,3,03165,77 rue de Ferrières,46.066452,3.6571802,Plein jour,En agglomération,Intersection en X,Normale,Deux véhicules - côté,3,2,2,0,1,1,1,0,1,50,2,6,5,0,0,1,53.0,52.0,utilitaire_camion,deux_roues,1,2,2,1,3
201900010524,2019-04-23 18:20:00,2019,4,23,18,20,75,75116,AVENUE KLEBER,48.865461,2.28901,Plein jour,En agglomération,Hors intersection,Normale,Deux véhicules - côté,4,2,2,0,1,1,1,0,1,50,2,2,1,0,0,1,28.0,56.0,utilitaire_camion,deux_roues,1,2,1,1,3
201900010525,2019-06-03 05:34:00,2019,6,3,5,34,3,03286,,46.5250905,3.3501771,Crépuscule ou aube,Hors agglomération,Hors intersection,Normale,Autre collision,2,3,4,0,1,3,1,0,1,80,1,1,0,0,0,1,23.0,,utilitaire_camion,,2,1,1,1,6
201900010526,2019-04-22 18:00:00,2019,4,22,18,0,75,75116,BOULEVARD SUCHET,48.857361,2.264669,Plein jour,En agglomération,Intersection en X,Normale,Deux véhicules - côté,4,2,4,0,1,1,1,0,1,50,2,2,1,0,0,1,42.0,22.0,voiture,deux_roues,1,2,2,1,3
201900010527,2019-06-01 19:00:00,2019,6,1,19,0,3,03190,avenue de la Libération,46.5596062,3.3169593,Plein jour,En agglomération,Hors intersection,Normale,Deux véhicules - arrière,3,2,2,0,1,1,1,0,1,-1,2,2,1,0,0,1,51.0,36.0,deux_roues,deux_roues,1,2,1,1,2
201900010528,2019-04-22 15:00:00,2019,4,22,15,0,75,75116,AVENUE VICTOR HUGO,48.871163,2.288856,Plein jour,En agglomération,Intersection en X,Normale,Deux véhicules - côté,4,2,2,0,1,1,1,0,1,50,2,2,1,0,0,1,25.0,83.0,deux_roues,voiture,1,2,2,1,3
201900010529,2019-04-22 11:15:00,2019,4,22,11,15,75,75116,PLACE VICTOR HUGO,48.869526,2.285564,Plein jour,En agglomération,Place,Normale,Deux véhicules - côté,4,1,4,0,1,1,1,5,1,50,2,3,2,0,0,1,25.0,71.0,deux_roues,voiture,1,2,7,1,3
201900010530,2019-04-22 01:30:00,2019,4,22,1,30,75,75116,BOULEVARD MURAT,48.843394,2.256569,Nuit avec éclairage allumé,En agglomération,Hors intersection,Normale,Autre collision,4,2,4,0,1,1,1,0,1,50,2,1,0,0,0,1,23.0,,deux_roues,,5,2,1,1,6
201900010531,2019-04-21 16:15:00,2019,4,21,16,15,75,75116,AVENUE GEORGES MANDEL,48.863731,2.280985,Plein jour,En agglomération,Hors intersection,Normale,Autre collision,4,2,2,0,1,1,1,0,4,50,1,2,0,0,0,2,74.0,,voiture,,1,2,1,1,6
201900010532,2019-04-21 16:22:00,2019,4,21,16,22,75,75116,PLACE DU TROCADERO ET DU 11 NOVEMBRE,48.862537,2.286824,Plein jour,En agglomération,Place,Normale,Autre collision,4,1,1,0,1,1,1,9,1,50,1,1,0,0,0,1,,,,,1,2,7,1,6
201900010533,2019-04-21 10:50:00,2019,4,21,10,50,75,75116,PLACE DE LA PORTE DE SAINT CLOUD,48.838285,2.256502,Plein jour,En agglomération,Place,Normale,Autre collision,4,1,2,3,1,3,1,9,1,50,1,2,1,0,0,1,35.0,,transport_commun,,1,2,7,1,6
201900010534,2019-04-18 20:20:00,2019,4,18,20,20,75,75116,ROUTE DES TRIBUNES,48.861024,2.229922,Plein jour,En agglomération,Hors intersection,Normale,Deux véhicules - côté,4,2,2,0,1,1,1,0,1,50,2,2,1,0,0,1,36.0,44.0,deux_roues,voiture,1,2,1,1,3
201900010535,2019-04-19 15:30:00,2019,4,19,15,30,75,75116,AVENUE KLEBER,48.865846,2.289292,Plein jour,En agglomération,Hors intersection,Normale,Deux véhicules - côté,4,2,2,0,1,1,1,0,1,50,2,2,1,0,0,1,51.0,40.0,voiture,deux_roues,1,2,1,1,3
201900010536,2019-04-17 11:00:00,2019,4,17,11,0,75,75116,BOULEVARD MURAT,48.844419,2.257086,Plein jour,En agglomération,Intersection en T,Normale,Autre collision,4,2,4,0,1,1,1,0,1,50,1,1,0,0,0,1,48.0,,voiture,,1,2,3,1,6
201900010537,2019-04-17 17:25:00,2019,4,17,17,25,75,75116,ALLEE DU BORD DE L EAU,48.870734,2.240077,Plein jour,En agglomération,Hors intersection,Normale,Trois véhicules et plus - en chaîne,4,-1,2,0,1,1,1,0,1,50,3,6,3,0,0,3,24.0,44.0,voiture,voiture,1,2,1,1,4
201900010538,2019-06-19 18:30:00,2019,6,19,18,30,63,63254,Carrefour D2 - D764,45.8167169,3.0561411,Plein jour,Hors agglomération,Intersection en X,Temps éblouissant,Deux véhicules - côté,7,4,2,3,2,1,1,5,1,70,2,4,0,1,0,3,23.0,56.0,voiture,voiture,1,1,2,7,3
201900010539,2019-06-14 15:20:00,2019,6,14,15,20,74,74249,Roseires,46.38032,6.658354,Plein jour,En agglomération,Intersection en Y,Normale,Deux véhicules - frontale,4,2,2,0,1,2,1,0,1,50,2,2,1,0,1,0,16.0,54.0,deux_roues,voiture,1,2,4,1,1
201900010540,2019-06-09 01:50:00,2019,6,9,1,50,74,74166,Route de Thonon,46.376118,6.528183,Nuit sans éclairage public,Hors agglomération,Hors intersection,Normale,Deux véhicules - frontale,3,2,2,0,2,2,1,0,1,80,2,2,1,0,1,0,33.0,23.0,deux_roues,voiture,3,1,1,1,1
201900010541,2019-06-16 18:20:00,2019,6,16,18,20,74,74262,Route de l'Arve,46.124327,6.32872,Plein jour,Hors agglomération,Hors intersection,Normale,Deux véhicules - frontale,4,2,2,0,1,2,1,0,1,90,2,2,1,1,0,0,21.0,53.0,deux_roues,voiture,1,1,1,1,1
201900010542,2019-06-13 16:50:00,2019,6,13,16,50,74,74153,1158 route de milly,46.1813547,6.3293288,Plein jour,En agglomération,Hors intersection,Temps éblouissant,Autre collision,9,2,2,0,2,3,1,0,8,50,1,1,0,1,0,0,93.0,,voiture,,1,2,1,7,6
201900010543,2019-06-03 16:30:00,2019,6,3,16,30,74,74185,Route des 3 Lacs,46.1565665,6.2011052,Plein jour,Hors agglomération,Hors intersection,Normale,Autre collision,3,2,2,0,2,3,1,0,1,80,1,1,0,1,0,0,18.0,,deux_roues,,1,1,1,1,6
201900010544,2019-06-16 14:10:00,2019,6,16,14,10,74,74250,D 12,46.044405,6.378309,Plein jour,Hors agglomération,Hors intersection,Normale,Deux véhicules - frontale,3,2,2,0,1,4,1,0,1,80,2,4,0,0,2,2,56.0,48.0,deux_roues,voiture,1,1,1,1,1
201900010545,2019-06-07 14:27:00,2019,6,7,14,27,74,74122,Route de Contamine,46.120796,6.356888,Plein jour,En agglomération,Hors intersection,Normale,Deux véhicules - arrière,4,2,2,0,2,3,1,0,1,50,2,2,1,0,1,0,57.0,59.0,utilitaire_camion,deux_roues,1,2,1,1,2
201900010546,2019-04-28 02:45:00,2019,4,28,2,45,75,75115,BOULEVARD GARIBALDI,48.84575,2.309531,Nuit avec éclairage allumé,En agglomération,Intersection en X,Normale,Autre collision,4,1,0,0,1,1,1,0,1,50,1,1,0,0,0,1,25.0,,deux_roues,,5,2,2,1,6
201900010547,2019-06-07 14:00:00,2019,6,7,14,0,74,74280,La Vacherie,45.9013986,6.3532401,Plein jour,Hors agglomération,Hors intersection,Normale,Deux véhicules - arrière,3,2,2,0,3,1,1,0,1,80,2,2,1,0,1,0,21.0,52.0,deux_roues,voiture,1,1,1,1,2
201900010548,2019-04-27 10:45:00,2019,4,27,10,45,75,75115,RUE SAINT CHARLES,48.843443,2.282743,Plein jour,En agglomération,Intersection en X,Normale,Autre collision,4,2,2,0,1,1,1,0,1,50,1,2,1,0,0,1,78.0,,voiture,,1,2,2,1,6
201900010549,2019-06-16 16:50:00,2019,6,16,16,50,73,73026,D006,45.2099387,6.7205497,Plein jour,Hors agglomération,Hors intersection,Normale,Autre collision,3,2,2,0,1,3,1,0,3,80,1,1,0,0,1,0,39.0,,deux_roues,,1,1,1,1,6
201900010550,2019-06-11 11:00:00,2019,6,11,11,0,73,73290,D1006 Route Napoléon Bonaparte (Bramans),45.2272641,6.7748747,Plein jour,Hors agglomération,Hors intersection,Pluie légère,Autre collision,3,2,2,0,1,1,2,2,4,50,1,1,0,0,1,0,40.0,,utilitaire_camion,,1,1,1,2,6
201900010551,2019-06-19 18:00:00,2019,6,19,18,0,73,73306,RD 902,45.1001682,6.4288464,Plein jour,Hors agglomération,Hors intersection,Normale,Deux véhicules - côté,3,2,2,0,2,4,1,0,1,80,2,3,2,0,1,0,58.0,37.0,deux_roues,voiture,1,1,1,1,3
201900010552,2019-06-06 16:40:00,2019,6,6,16,40,73,73248,D926  462 Avenue Henri Falcoz,45.2766464,6.3522369,Plein jour,En agglomération,Intersection en X,Normale,Autre collision,3,2,2,0,4,1,1,0,1,50,1,2,1,0,0,1,77.0,,voiture,,1,2,2,1,6
201900010553,2019-06-01 11:30:00,2019,6,1,11,30,73,73034,D218A  3350 route d'areches,45.7017794,6.5671175,Plein jour,Hors agglomération,Intersection en Y,Normale,Deux véhicules - côté,3,2,2,0,1,1,1,0,1,80,2,4,2,0,1,1,18.0,76.0,deux_roues,utilitaire_camion,1,1,4,1,3
201900010554,2019-06-17 02:00:00,2019,6,17,2,0,38,38449,lieu dit le charpenay -route d'heyrieu,45.631962,5.110363,Nuit sans éclairage public,En agglomération,Hors intersection,Normale,Autre collision,3,2,2,0,3,3,1,0,3,80,1,1,0,0,0,1,27.0,,voiture,,3,2,1,1,6
201900010555,2019-06-13 08:15:00,2019,6,13,8,15,38,38087,Rue Copernic,45.5776,4.8002,Plein jour,En agglomération,Intersection à plus de 4 branches,Normale,Deux véhicules - côté,4,2,2,0,1,1,1,0,1,50,2,3,2,0,0,1,39.0,33.0,voiture,voiture,1,2,5,1,3
201900010556,2019-06-13 07:40:00,2019,6,13,7,40,38,38487,Route de Chasse,45.558941,4.824319,Plein jour,Hors agglomération,Hors intersection,Normale,Deux véhicules - arrière,3,2,2,0,1,1,1,0,1,70,2,2,1,0,1,0,33.0,39.0,deux_roues,voiture,1,1,1,1,2
201900010557,2019-06-02 07:15:00,2019,6,2,7,15,69,69297,Route de Communay,45.589262,4.804251,Plein jour,Hors agglomération,Hors intersection,Normale,Deux véhicules - frontale,3,2,2,0,1,1,1,2,1,80,2,2,0,0,0,2,50.0,26.0,voiture,voiture,1,1,1,1,1
201900010558,2019-06-13 16:40:00,2019,6,13,16,40,38,38509,rue danielle mitterand,45.56872,5.444845,Plein jour,En agglomération,Hors intersection,Normale,Sans collision,4,2,2,0,1,1,1,0,1,30,1,1,0,0,1,0,20.0,,deux_roues,,1,2,1,1,7
201900010559,2019-06-05 17:15:00,2019,6,5,17,15,38,38250,"PK 11.994, RD143",45.61478,5.432227,Plein jour,Hors agglomération,Intersection en X,Normale,Autre collision,3,2,2,0,1,1,1,0,1,80,2,2,1,0,1,0,53.0,42.0,voiture,voiture,1,1,2,1,6
201900010560,2019-06-08 19:00:00,2019,6,8,19,0,38,38138,route de genas,45.723889,5.233518,Plein jour,En agglomération,Hors intersection,Normale,Deux véhicules - arrière,3,2,2,0,1,1,1,0,1,50,2,3,1,0,1,1,25.0,56.0,deux_roues,voiture,1,2,1,1,2
201900010561,2019-06-13 16:50:00,2019,6,13,16,50,38,38382,Avenue de la monta,45.230259,5.683374,Plein jour,En agglomération,Hors intersection,Normale,Autre collision,7,2,2,0,1,1,1,0,1,30,1,2,1,0,1,0,28.0,,voiture,,1,2,1,1,6
201900010562,2019-06-06 16:30:00,2019,6,6,16,30,38,38111,Route de Comboire,45.137461,5.672607,Plein jour,En agglomération,Hors intersection,Normale,Deux véhicules - côté,3,2,2,0,2,1,1,0,1,70,2,2,1,0,0,1,33.0,21.0,voiture,voiture,1,2,1,1,3
201900010563,2019-06-01 10:00:00,2019,6,1,10,0,38,38317,Place du 8 Mai 1945,45.123445,5.697818,Plein jour,En agglomération,Hors intersection,Normale,Autre collision,3,2,2,0,1,1,1,0,1,50,1,2,1,0,1,0,47.0,,voiture,,1,2,1,1,6
201900010564,2019-06-07 19:15:00,2019,6,7,19,15,26,26380,Nationale 7,45.105714,4.829286,Plein jour,Hors agglomération,Intersection en X,Normale,Deux véhicules - côté,2,2,-1,0,1,1,1,5,1,80,2,2,1,0,1,0,56.0,22.0,voiture,voiture,1,1,2,1,3
201900010565,2019-04-22 03:30:00,2019,4,22,3,30,26,26271,Avenue des cevennes,45.011592,4.846777,Nuit sans éclairage public,Hors agglomération,Hors intersection,Normale,Deux véhicules - arrière,3,2,2,0,1,1,1,0,1,80,2,4,3,0,1,0,75.0,25.0,voiture,voiture,3,1,1,1,2
201900010566,2019-06-10 10:55:00,2019,6,10,10,55,26,26059,chemin de la jacine,44.940013,5.263473,Plein jour,Hors agglomération,Hors intersection,Brouillard / fumée,Autre collision,4,-1,1,0,1,2,2,0,1,-1,1,4,1,0,0,3,62.0,,voiture,,1,1,1,5,6
201900010567,2019-06-08 16:45:00,2019,6,8,16,45,26,26023,route du col,44.956198,5.140588,Plein jour,Hors agglomération,Hors intersection,Normale,Sans collision,3,2,-1,-1,4,2,1,0,1,80,1,1,0,0,1,0,60.0,,deux_roues,,1,1,1,1,7
201900010568,2019-06-10 15:10:00,2019,6,10,15,10,26,26168,RD 1075,44.714398,5.676856,Plein jour,Hors agglomération,Hors intersection,Pluie légère,Deux véhicules - frontale,3,2,2,0,2,3,8,0,1,50,2,2,1,1,0,0,37.0,44.0,voiture,deux_roues,1,1,1,2,1
201900010569,2019-06-17 19:30:00,2019,6,17,19,30,26,26315,Route du Buëch,45.021034,5.444404,Plein jour,En agglomération,Hors intersection,Normale,Sans collision,4,2,2,0,2,1,1,0,1,50,1,1,0,1,0,0,61.0,,deux_roues,,1,2,1,1,7
201900010570,2019-06-02 19:25:00,2019,6,2,19,25,26,26197,RD 119,44.935829,5.023833,Plein jour,Hors agglomération,Intersection en X,Normale,Deux véhicules - frontale,3,2,-1,-1,1,1,1,5,1,50,2,3,1,1,0,1,24.0,40.0,voiture,deux_roues,1,1,2,1,1
201900010571,2019-06-19 15:30:00,2019,6,19,15,30,7,07272,d579,44.516473,4.396431,Plein jour,Hors agglomération,Intersection en T,Normale,Deux véhicules - arrière,3,-1,2,0,1,1,1,0,1,-1,2,2,1,0,1,0,30.0,61.0,deux_roues,utilitaire_camion,1,1,3,1,2
201900010572,2019-06-19 09:25:00,2019,6,19,9,25,7,07264,RD 86,44.32158,4.625814,Plein jour,Hors agglomération,Hors intersection,Normale,Deux véhicules - côté,3,2,2,0,1,1,1,0,3,80,2,2,1,0,1,0,58.0,61.0,utilitaire_camion,deux_roues,1,1,1,1,3
201900010573,2019-06-08 08:30:00,2019,6,8,8,30,1,01049,917 Route Nationale,45.8450318,5.0360769,Plein jour,En agglomération,Hors intersection,Temps éblouissant,Deux véhicules - arrière,3,3,2,1,1,1,1,0,1,50,2,2,1,0,0,1,50.0,66.0,voiture,utilitaire_camion,1,2,1,7,2
201900010574,2019-05-30 20:30:00,2019,5,30,20,30,1,01276,D61,45.827065,5.070933,Plein jour,Hors agglomération,Hors intersection,Normale,Autre collision,3,2,2,0,1,1,1,0,3,70,1,1,0,0,1,0,27.0,,deux_roues,,1,1,1,1,6
201900010575,2019-05-11 11:30:00,2019,5,11,11,30,1,01027,Rue du Stade,45.831932,5.109343,Plein jour,En agglomération,Hors intersection,Normale,Deux véhicules - frontale,4,2,2,0,1,1,1,0,1,50,2,2,1,0,0,1,19.0,33.0,voiture,voiture,1,2,1,1,1
201900010576,2019-06-19 11:25:00,2019,6,19,11,25,1,01249,1064 Grande rue,45.824352,4.953725,Plein jour,En agglomération,Intersection en T,Normale,Autre collision,3,2,2,0,1,1,1,0,1,50,2,2,1,0,0,1,45.0,36.0,voiture,deux_roues,1,2,3,1,6
201900010577,2019-06-08 15:45:00,2019,6,8,15,45,1,01249,1586 Grande Rue,45.826219,4.959744,Plein jour,En agglomération,Intersection en Y,Temps éblouissant,Deux véhicules - frontale,3,2,2,0,1,1,1,0,1,50,2,2,1,0,1,0,16.0,48.0,deux_roues,voiture,1,2,4,7,1
201900010578,2019-05-29 21:45:00,2019,5,29,21,45,1,01255,Route de Serrières,45.795806,5.459275,Nuit avec éclairage allumé,En agglomération,Hors intersection,Normale,Deux véhicules - frontale,3,2,2,0,1,1,1,0,1,50,2,2,0,0,0,2,46.0,35.0,voiture,voiture,5,2,1,1,1
201900010579,2019-06-13 20:30:00,2019,6,13,20,30,69,69243,route de Valsonne,45.903639,4.432163,Crépuscule ou aube,En agglomération,Hors intersection,Normale,Autre collision,4,2,2,0,2,1,1,0,4,50,1,1,0,0,1,0,23.0,,deux_roues,,2,2,1,1,6
201900010580,2019-06-12 18:30:00,2019,6,12,18,30,69,69019,D37d,46.105573,4.751304,Plein jour,En agglomération,Giratoire,Normale,Deux véhicules - arrière,3,1,2,0,1,2,1,9,1,50,2,2,1,0,1,0,60.0,42.0,deux_roues,voiture,1,2,6,1,2
201900010581,2019-06-14 07:30:00,2019,6,14,7,30,69,69019,Rue de la Grange Berchet,46.102755,4.726427,Plein jour,Hors agglomération,Hors intersection,Pluie légère,Deux véhicules - frontale,3,2,2,0,1,2,1,0,1,90,2,2,1,0,1,0,19.0,57.0,voiture,utilitaire_camion,1,1,1,2,1
201900010582,2019-06-11 20:10:00,2019,6,11,20,10,69,69206,Avenue Léon Foillard,46.058135,4.722309,Plein jour,En agglomération,Autre intersection,Pluie légère,Autre collision,3,2,2,0,1,1,2,0,4,50,1,1,0,0,1,0,39.0,,voiture,,1,2,9,2,6
201900010583,2019-06-17 16:15:00,2019,6,17,16,15,69,69296,Rue du Rhône,45.643988,4.823697,Plein jour,Hors agglomération,Hors intersection,Normale,Deux véhicules - frontale,3,2,2,0,1,1,1,0,1,80,2,2,1,0,0,1,51.0,20.0,voiture,deux_roues,1,1,1,1,1
201900010584,2019-06-09 01:00:00,2019,6,9,1,0,69,69291,Avenue burago di molgora,45.633396,4.859858,Nuit avec éclairage allumé,En agglomération,Autre intersection,Pluie légère,Deux véhicules - frontale,4,2,2,0,1,1,1,0,1,50,2,3,2,0,0,1,38.0,50.0,voiture,voiture,5,2,9,2,1
201900010585,2019-06-04 19:30:00,2019,6,4,19,30,69,69291,Rue de Selins,45.629885,4.854569,Plein jour,En agglomération,Hors intersection,Normale,Autre collision,4,1,1,0,3,3,1,0,1,30,1,2,1,0,0,1,21.0,,voiture,,1,2,1,1,6
201900010586,2019-06-12 18:15:00,2019,6,12,18,15,69,69238,Avenue Emmanuel Clément,45.635602,4.460074,Plein jour,En agglomération,Intersection en X,Normale,Deux véhicules - frontale,3,2,2,0,1,1,1,9,1,30,2,2,1,0,0,1,46.0,35.0,deux_roues,voiture,1,2,2,1,1
201900010587,2019-05-07 16:20:00,2019,5,7,16,20,69,69014,lieu-dit-la-treve,45.67925,4.47901,Plein jour,En agglomération,Intersection en X,Normale,Deux véhicules - côté,3,2,2,0,2,1,1,0,1,50,2,2,1,0,1,0,58.0,65.0,voiture,deux_roues,1,2,2,1,3
201900010588,2019-06-14 08:15:00,2019,6,14,8,15,69,69263,Le Melay,45.829114,4.412266,Plein jour,Hors agglomération,Hors intersection,Pluie forte,Sans collision,3,2,2,0,2,1,2,0,1,80,1,1,0,0,1,0,35.0,,deux_roues,,1,1,1,3,7
201900010589,2019-06-07 17:55:00,2019,6,7,17,55,69,69032,170 Route de Lyon,45.8491648,4.5814213,Plein jour,En agglomération,Autre intersection,Normale,Deux véhicules - côté,2,2,2,0,1,1,1,0,1,50,2,2,1,0,1,0,53.0,48.0,deux_roues,voiture,1,2,9,1,3
201900010590,2019-06-02 15:50:00,2019,6,2,15,50,69,69086,RN7,45.8392764,4.6242946,Plein jour,En agglomération,Hors intersection,Normale,Deux véhicules - frontale,2,2,2,0,1,1,1,0,1,50,2,5,0,0,2,3,69.0,58.0,voiture,voiture,1,2,1,1,1
201900010591,2019-06-09 13:00:00,2019,6,9,13,0,69,69163,394 Lieu dit GRAND VESSIEUX,45.913346,4.776584,Plein jour,Hors agglomération,Hors intersection,Pluie légère,Deux véhicules - frontale,3,3,2,0,1,2,2,0,1,50,2,2,0,0,0,2,26.0,68.0,voiture,voiture,1,1,1,2,1
201900010592,2019-06-02 11:10:00,2019,6,2,11,10,1,01248,D38,45.882839,4.883735,Plein jour,Hors agglomération,Giratoire,Normale,Deux véhicules - côté,3,4,2,0,1,2,1,5,1,20,2,2,1,0,0,1,72.0,,voiture,,1,1,6,1,3
201900010593,2019-06-17 09:30:00,2019,6,17,9,30,69,69089,rue de la poste,45.738,4.772,Plein jour,En agglomération,Autre intersection,Normale,Autre collision,3,1,1,0,2,1,1,5,1,50,1,2,1,0,1,0,46.0,,voiture,,1,2,9,1,6
201900010594,2019-06-19 19:05:00,2019,6,19,19,5,81,81099,Rond-Point Taillefer,43.898454,1.88612,Plein jour,En agglomération,Giratoire,Normale,Deux véhicules - côté,3,1,2,0,1,2,1,0,1,50,2,2,1,0,0,1,16.0,69.0,deux_roues,voiture,1,2,6,1,3
201900010595,2019-06-02 18:00:00,2019,6,2,18,0,81,81187,Uyo,43.707309,2.011211,Plein jour,Hors agglomération,Hors intersection,Normale,Sans collision,4,2,2,0,1,3,1,0,1,80,1,1,0,0,0,1,16.0,,deux_roues,,1,1,1,1,7
201900010596,2019-06-13 12:20:00,2019,6,13,12,20,46,46221,D 840,44.636711,2.018645,Plein jour,Hors agglomération,Hors intersection,Normale,Sans collision,3,2,2,0,2,2,1,0,3,50,1,2,1,0,1,0,64.0,,deux_roues,,1,1,1,1,7
201900010597,2019-06-18 11:15:00,2019,6,18,11,15,32,32201,Les Chenes,43.571898,0.610901,Plein jour,Hors agglomération,Hors intersection,Normale,Autre collision,3,2,2,0,1,1,1,8,3,30,1,2,1,0,1,0,63.0,,utilitaire_camion,,1,1,1,1,6
201900010598,2019-06-14 22:00:00,2019,6,14,22,0,31,31395,50 avenue Jacques DOUZANS,43.467785,1.32988,Nuit avec éclairage allumé,En agglomération,Giratoire,Normale,Autre collision,3,2,2,0,1,1,1,5,1,50,1,2,1,0,1,0,21.0,,voiture,,5,2,6,1,6
201900010599,2019-06-02 05:43:00,2019,6,2,5,43,31,31421,RD56,43.479202,1.383186,Nuit avec éclairage allumé,En agglomération,Hors intersection,Normale,Autre collision,3,2,2,0,1,3,1,0,4,-1,1,1,0,0,1,0,23.0,,deux_roues,,5,2,1,1,6
201900010600,2019-06-17 08:00:00,2019,6,17,8,0,31,31291,Rn 124,43.589805,1.27313,Plein jour,Hors agglomération,Hors intersection,Normale,Trois véhicules et plus - collisions multiples,2,3,4,0,1,1,1,0,1,110,4,4,3,0,0,1,33.0,41.0,voiture,voiture,1,1,1,1,5
201900010601,2019-06-15 08:50:00,2019,6,15,8,50,79,79049,Avenue d'Angers,46.846004,-0.482241,Plein jour,En agglomération,Giratoire,Normale,Deux véhicules - côté,3,2,2,0,1,1,1,0,1,50,2,2,1,0,0,1,56.0,42.0,deux_roues,voiture,1,2,6,1,3
201900010602,2019-06-14 22:00:00,2019,6,14,22,0,79,79049,Route de Boismé,46.826642,-0.485653,Nuit sans éclairage public,Hors agglomération,Hors intersection,Normale,Autre collision,3,-1,2,0,1,2,1,0,1,80,1,4,2,0,0,2,22.0,,voiture,,3,1,1,1,6
201900010603,2019-08-07 21:00:00,2019,8,7,21,0,75,75105,QUAI DE LA TOURNELLE,48.8511324,2.3513039,Crépuscule ou aube,En agglomération,Intersection en X,Normale,Autre collision,4,2,4,1,1,1,1,0,1,30,1,2,1,0,0,1,31.0,,deux_roues,,2,2,2,1,6
201900010604,2019-08-06 16:40:00,2019,8,6,16,40,75,75105,BOULEVARD SAINT GERMAIN,48.8498708,2.349447,Plein jour,En agglomération,Intersection à plus de 4 branches,Pluie légère,Autre collision,4,1,3,0,1,1,2,0,1,50,1,2,1,0,0,1,25.0,,utilitaire_camion,,1,2,5,2,6
201900010605,2019-08-08 16:30:00,2019,8,8,16,30,75,75120,RUE BELGRAND,48.8646091,2.4059791,Plein jour,En agglomération,Intersection en Y,Normale,Autre collision,4,2,2,0,1,1,1,0,1,50,1,2,1,0,0,1,52.0,,deux_roues,,1,2,4,1,6
201900010606,2019-08-07 19:15:00,2019,8,7,19,15,75,75120,RUE DES CENDRIERS,48.865184,2.3852,Plein jour,En agglomération,Intersection en T,Normale,Autre collision,4,2,2,0,1,1,1,0,1,30,1,2,1,0,0,1,49.0,,voiture,,1,2,3,1,6
201900010607,2019-08-07 01:50:00,2019,8,7,1,50,75,75120,AVENUE GAMBETTA,48.868333,2.401411,Nuit avec éclairage allumé,En agglomération,Intersection à plus de 4 branches,Normale,Deux véhicules - côté,4,2,2,0,4,1,1,5,1,50,2,2,1,0,0,1,30.0,37.0,voiture,deux_roues,5,2,5,1,3
201900010608,2019-08-08 08:55:00,2019,8,8,8,55,75,75119,AVENUE JEAN JAURES,48.8830526,2.3714871,Plein jour,En agglomération,Intersection en Y,Normale,Deux véhicules - côté,4,2,2,0,1,1,1,0,1,50,2,2,1,0,0,1,17.0,60.0,deux_roues,utilitaire_camion,1,2,4,1,3
201900010609,2019-08-07 18:10:00,2019,8,7,18,10,75,75119,AVENUE JEAN JAURES,48.8851037,2.3787689,Plein jour,En agglomération,Intersection en T,Normale,Deux véhicules - arrière,4,2,2,0,1,1,1,0,1,50,2,2,1,0,0,1,36.0,72.0,deux_roues,voiture,1,2,3,1,2
201900010610,2019-08-09 11:50:00,2019,8,9,11,50,75,75117,BOULEVARD NEY,48.8976429,2.3289889,Plein jour,En agglomération,Intersection en X,Temps couvert,Deux véhicules - côté,4,3,4,0,1,1,2,5,1,50,2,2,1,0,0,1,25.0,42.0,voiture,deux_roues,1,2,2,8,3
201900010611,2019-08-08 21:00:00,2019,8,8,21,0,75,75118,RUE DAMREMONT,48.890542,2.334294,Nuit sans éclairage public,En agglomération,Intersection en X,Normale,Deux véhicules - côté,4,1,1,0,1,1,1,0,1,50,2,2,1,0,0,1,82.0,45.0,voiture,deux_roues,3,2,2,1,3