accident_id,datetime,annee,mois,jour,heure,minute,departement,commune_insee,adresse,latitude,longitude,luminosite,agglomeration,intersection,meteo,collision,catr,circ,nbv,vosp,prof,plan,surf,infra,situ,vma,nb_vehicules,nb_usagers,nb_indemnes,nb_tues,nb_blesses_hosp,nb_blesses_legers,age_cond_1,age_cond_2,veh_type_cond_1,veh_type_cond_2,lum_code,agg_code,int_code,atm_code,col_code
201900010612,2019-08-10 19:30:00,2019,8,10,19,30,75,75108,BOULEVARD DE COURCELLES,48.8791319,2.3031324,Plein jour,En agglomération,Intersection à plus de 4 branches,Normale,Deux véhicules - côté,4,2,6,0,1,1,1,0,1,50,2,2,1,0,0,1,20.0,29.0,utilitaire_camion,deux_roues,1,2,5,1,3
201900010613,2019-08-10 16:00:00,2019,8,10,16,0,75,75117,RUE DE ROME,48.884651,2.31786,Plein jour,En agglomération,Intersection en T,Normale,Deux véhicules - côté,4,2,3,0,1,1,1,0,1,50,2,2,1,0,0,1,26.0,57.0,deux_roues,utilitaire_camion,1,2,3,1,3
201900010614,2019-08-09 15:15:00,2019,8,9,15,15,75,75117,RUE DE ROME,48.885671,2.316824,Plein jour,En agglomération,Intersection en X,Normale,Deux véhicules - arrière,4,2,2,0,1,1,1,0,1,50,2,2,1,0,0,1,50.0,40.0,deux_roues,voiture,1,2,2,1,2
201900010615,2019-08-08 14:15:00,2019,8,8,14,15,75,75117,RUE DE TOCQUEVILLE,48.883273,2.3127012,Plein jour,En agglomération,Intersection en X,Normale,Deux véhicules - côté,4,2,2,0,1,1,1,0,1,30,2,2,1,0,0,1,29.0,29.0,utilitaire_camion,deux_roues,1,2,2,1,3
201900010616,2019-08-06 16:45:00,2019,8,6,16,45,75,75117,RUE FOURCROY,48.881314,2.298542,Plein jour,En agglomération,Intersection en X,Pluie forte,Autre collision,4,2,2,0,1,1,2,0,1,30,2,1,0,0,0,1,26.0,,deux_roues,,1,2,2,3,6
201900010617,2019-08-06 14:10:00,2019,8,6,14,10,75,75117,BOULEVARD BERTHIER,48.8872293,2.2979795,Plein jour,En agglomération,Place,Pluie forte,Sans collision,4,2,4,0,1,1,2,8,1,50,1,2,1,0,0,1,55.0,,deux_roues,,1,2,7,3,7
201900010618,2019-08-10 13:45:00,2019,8,10,13,45,75,75116,RUE DE LA TOUR,48.8602469,2.2810632,Plein jour,En agglomération,Intersection en X,Normale,Deux véhicules - côté,4,1,2,0,1,1,1,0,1,50,2,3,2,0,0,1,71.0,66.0,voiture,deux_roues,1,2,2,1,3
201900010619,2019-08-09 12:00:00,2019,8,9,12,0,75,75116,AVENUE KLEBER,48.8668109,2.2899574,Plein jour,En agglomération,Intersection en X,Normale,Autre collision,4,2,4,0,1,1,1,0,1,50,1,3,1,0,0,2,42.0,,utilitaire_camion,,1,2,2,1,6
201900010620,2019-08-09 16:00:00,2019,8,9,16,0,75,75116,AVENUE DU PRESIDENT WILSON,48.8639172,2.2905046,Plein jour,En agglomération,Intersection en X,Normale,Deux véhicules - côté,4,3,3,3,2,1,2,0,1,50,2,2,1,0,0,1,58.0,29.0,utilitaire_camion,voiture,1,2,2,1,3
201900010621,2019-08-08 14:40:00,2019,8,8,14,40,75,75116,RUE DU RANELAGH,48.8553764,2.2708923,Plein jour,En agglomération,Intersection en X,Normale,Autre collision,4,1,1,0,1,1,1,0,1,50,1,4,3,0,0,1,34.0,,voiture,,1,2,2,1,6
201900010622,2019-08-07 11:40:00,2019,8,7,11,40,75,75116,AVENUE D IENA,48.8717238,2.2953842,Plein jour,En agglomération,Intersection en Y,Normale,Deux véhicules - côté,4,2,2,0,1,1,1,9,1,50,2,2,1,0,0,1,27.0,35.0,deux_roues,utilitaire_camion,1,2,4,1,3
201900010623,2019-08-10 19:00:00,2019,8,10,19,0,75,75114,RUE RAYMOND LOSSERAND,48.834118,2.31841,Plein jour,En agglomération,Hors intersection,Normale,Trois véhicules et plus - en chaîne,4,2,1,2,1,1,1,0,1,30,3,4,3,0,0,1,31.0,30.0,voiture,voiture,1,2,1,1,4
201900010624,2019-08-10 15:25:00,2019,8,10,15,25,75,75113,RUE BOBILLOT,48.828926,2.353382,Plein jour,En agglomération,Hors intersection,Normale,Deux véhicules - côté,4,2,2,1,1,1,1,0,5,30,2,3,2,0,0,1,26.0,59.0,voiture,deux_roues,1,2,1,1,3
201900010625,2019-08-10 09:20:00,2019,8,10,9,20,75,75113,AVENUE D ITALIE,48.8277745,2.3567873,Plein jour,En agglomération,Autre intersection,Normale,Deux véhicules - côté,4,2,5,0,1,1,1,0,1,50,2,4,2,0,0,2,48.0,73.0,deux_roues,voiture,1,2,9,1,3
201900010626,2019-05-31 02:30:00,2019,5,31,2,30,75,75113,AVENUE D IVRY,48.82567,2.361032,Nuit avec éclairage allumé,En agglomération,Intersection en Y,Normale,Autre collision,4,1,2,0,2,2,1,0,1,50,1,1,0,0,0,1,28.0,,deux_roues,,5,2,4,1,6
201900010627,2019-08-10 14:40:00,2019,8,10,14,40,75,75112,BOULEVARD SOULT,48.8373405,2.408157,Plein jour,En agglomération,Intersection en T,Normale,Deux véhicules - côté,4,3,3,1,2,1,1,0,5,30,2,2,1,0,0,1,46.0,38.0,voiture,deux_roues,1,2,3,1,3
201900010628,2019-08-10 08:55:00,2019,8,10,8,55,75,75112,AVENUE DAUMESNIL,48.8442518,2.3814681,Plein jour,En agglomération,Intersection en X,Normale,Deux véhicules - côté,4,2,4,0,1,1,1,0,1,50,2,3,2,0,0,1,23.0,35.0,utilitaire_camion,deux_roues,1,2,2,1,3
201900010629,2019-08-08 16:40:00,2019,8,8,16,40,75,75112,BOULEVARD DE BERCY,48.8399573,2.3823235,Plein jour,En agglomération,Intersection en T,Normale,Autre collision,4,2,4,0,1,1,1,0,1,50,1,2,1,0,0,1,52.0,,voiture,,1,2,3,1,6
201900010630,2019-08-07 16:00:00,2019,8,7,16,0,75,75112,QUAI DE LA RAPEE,48.843438,2.370724,Plein jour,En agglomération,Intersection en X,Normale,Deux véhicules - côté,4,1,3,0,1,1,1,0,1,50,2,3,2,0,0,1,41.0,50.0,voiture,utilitaire_camion,1,2,2,1,3
201900010631,2019-08-07 14:15:00,2019,8,7,14,15,75,75112,BOULEVARD DE BERCY,48.8399583,2.3823174,Plein jour,En agglomération,Intersection en T,Normale,Deux véhicules - côté,4,2,4,0,2,2,1,0,1,50,2,2,1,0,0,1,23.0,27.0,voiture,voiture,1,2,3,1,3
201900010632,2019-08-07 17:10:00,2019,8,7,17,10,75,75111,BOULEVARD RICHARD LENOIR,48.8600775,2.3725909,Plein jour,En agglomération,Intersection en T,Normale,Autre collision,4,3,2,0,1,1,1,0,1,50,1,1,0,0,0,1,31.0,,deux_roues,,1,2,3,1,6
201900010633,2019-08-07 12:35:00,2019,8,7,12,35,75,75111,BOULEVARD RICHARD LENOIR,48.857038,2.371239,Plein jour,En agglomération,Intersection en T,Normale,Deux véhicules - côté,4,3,2,0,1,1,1,0,1,50,2,2,1,0,0,1,30.0,19.0,voiture,deux_roues,1,2,3,1,3
201900010634,2019-08-10 03:20:00,2019,8,10,3,20,75,75110,QUAI DE VALMY,48.879257,2.366741,Nuit avec éclairage allumé,En agglomération,Intersection en T,Normale,Deux véhicules - côté,4,1,2,0,1,1,1,0,1,30,2,2,0,0,0,2,35.0,34.0,voiture,voiture,5,2,3,1,3
201900010635,2019-08-08 18:45:00,2019,8,8,18,45,75,75110,PLACE DE LA REPUBLIQUE,48.8685117,2.3629993,Plein jour,En agglomération,Intersection en X,Normale,Deux véhicules - côté,4,2,4,0,1,2,1,0,1,50,2,2,1,0,0,1,56.0,23.0,voiture,deux_roues,1,2,2,1,3
201900010636,2019-08-10 12:30:00,2019,8,10,12,30,75,75109,RUE DE PROVENCE,48.8742349,2.3352668,Plein jour,En agglomération,Intersection en X,Normale,Deux véhicules - côté,4,2,2,1,1,1,1,0,5,30,2,2,1,0,0,1,26.0,53.0,deux_roues,voiture,1,2,2,1,3
201900010637,2019-08-07 18:40:00,2019,8,7,18,40,75,75109,BOULEVARD HAUSSMANN,48.8723849,2.3374237,Plein jour,En agglomération,Intersection en X,Normale,Autre collision,4,1,3,0,1,1,1,0,1,50,1,2,1,0,0,1,25.0,,voiture,,1,2,2,1,6
201900010638,2019-08-06 18:10:00,2019,8,6,18,10,75,75109,RUE DE PROVENCE,48.8741926,2.337175,Plein jour,En agglomération,Intersection en X,Pluie légère,Autre collision,4,2,2,0,1,1,2,0,1,30,1,2,1,0,0,1,24.0,,deux_roues,,1,2,2,2,6
201900010639,2019-08-09 07:30:00,2019,8,9,7,30,75,75108,RUE DE SAINT PETERSBOURG,48.880376,2.324504,Plein jour,En agglomération,Hors intersection,Temps couvert,Autre collision,4,2,3,0,1,1,1,0,1,50,1,1,0,0,0,1,46.0,,utilitaire_camion,,1,2,1,8,6
201900010640,2019-08-07 20:30:00,2019,8,7,20,30,75,75108,RUE DE ROME,48.878742,2.322267,Plein jour,En agglomération,Intersection en X,Normale,Deux véhicules - côté,4,2,2,0,1,1,1,0,1,50,2,2,1,0,0,1,31.0,42.0,deux_roues,voiture,1,2,2,1,3
201900010641,2019-08-08 21:40:00,2019,8,8,21,40,75,75104,RUE SAINT ANTOINE,48.8537457,2.3656708,Nuit avec éclairage allumé,En agglomération,Intersection en X,Normale,Deux véhicules - côté,4,2,2,0,1,1,1,0,1,50,2,2,1,0,0,1,50.0,26.0,deux_roues,voiture,5,2,2,1,3
201900010642,2019-08-09 17:44:00,2019,8,9,17,44,75,75101,RUE DU LOUVRE,48.8630541,2.3418656,Plein jour,En agglomération,Intersection en T,Temps couvert,Trois véhicules et plus - collisions multiples,4,2,4,0,1,1,1,0,1,50,3,3,2,0,0,1,30.0,50.0,utilitaire_camion,deux_roues,1,2,3,8,5
201900010643,2019-08-08 15:30:00,2019,8,8,15,30,75,75101,RUE DE RICHELIEU,48.8650535,2.3365206,Plein jour,En agglomération,Hors intersection,Normale,Deux véhicules - côté,4,1,2,0,1,1,1,0,1,50,2,2,1,0,0,1,28.0,29.0,deux_roues,utilitaire_camion,1,2,1,1,3
201900010644,2019-08-08 13:35:00,2019,8,8,13,35,94,94081,BEL AIR (R DU),48.78161,2.40489,Plein jour,En agglomération,Hors intersection,Normale,Autre collision,4,2,2,0,2,1,1,0,1,50,1,1,0,0,0,1,70.0,,voiture,,1,2,1,1,6
201900010645,2019-08-08 02:35:00,2019,8,8,2,35,94,94018,GRAVELLE (AV DE),48.8295692,2.4022602,Nuit avec éclairage allumé,En agglomération,Hors intersection,Normale,Autre collision,4,2,2,0,1,2,1,0,1,50,1,2,1,0,0,1,37.0,,utilitaire_camion,,5,2,1,1,6
201900010646,2019-08-08 13:10:00,2019,8,8,13,10,94,94074,theodule jourdain,48.77042,2.44718,Plein jour,En agglomération,Hors intersection,Normale,Deux véhicules - frontale,4,-1,1,3,1,1,1,0,6,50,2,2,1,0,0,1,42.0,44.0,voiture,transport_commun,1,2,1,1,1
201900010647,2019-08-07 15:45:00,2019,8,7,15,45,94,94001,BOIS (allée du),48.724704,2.41234,Plein jour,En agglomération,Hors intersection,Normale,Sans collision,5,2,1,0,1,1,1,0,1,30,1,1,0,0,1,0,32.0,,autre,,1,2,1,1,7
201900010648,2019-08-08 21:20:00,2019,8,8,21,20,94,94058,LEDRU ROLLIN (AV),48.84255,2.50237,Nuit avec éclairage allumé,En agglomération,Hors intersection,Normale,Autre collision,3,2,2,0,1,3,1,0,1,50,2,4,3,0,0,1,20.0,30.0,deux_roues,voiture,5,2,1,1,6
201900010649,2019-08-06 09:45:00,2019,8,6,9,45,94,94042,JOYEUSE (AV),48.81959,2.47713,Plein jour,En agglomération,Hors intersection,Normale,Autre collision,4,2,2,0,1,1,1,0,1,50,1,1,0,0,0,1,,,,,1,2,1,1,6
201900010650,2019-08-08 17:50:00,2019,8,8,17,50,94,94046,FERNAND SAGUET (QU),48.8159878,2.4207119,Plein jour,En agglomération,Hors intersection,Normale,Deux véhicules - côté,4,1,3,0,1,1,1,2,1,50,2,3,1,0,0,2,19.0,80.0,deux_roues,voiture,1,2,1,1,3
201900010651,2019-08-09 14:55:00,2019,8,9,14,55,94,94076,MOULIN DE SAQUET (R DU),48.79091,2.36679,Plein jour,En agglomération,Hors intersection,Pluie forte,Autre collision,4,1,1,0,1,1,3,0,1,50,1,2,1,0,0,1,29.0,,utilitaire_camion,,1,2,1,3,6
201900010652,2019-08-07 06:40:00,2019,8,7,6,40,94,94073,GEORGES HALGOULT (R),48.76283,2.40113,Crépuscule ou aube,En agglomération,Hors intersection,Normale,Autre collision,3,3,6,0,1,3,1,0,1,50,1,2,1,0,1,0,28.0,,voiture,,2,2,1,1,6
201900010653,2019-08-09 15:35:00,2019,8,9,15,35,94,94028,GAULLE(AVENUE DU GENERAL DE),48.79,2.44,Plein jour,En agglomération,Intersection en T,Pluie légère,Autre collision,3,1,1,0,1,1,2,5,1,50,1,2,1,0,0,1,61.0,,utilitaire_camion,,1,2,3,2,6
201900010654,2019-08-08 20:40:00,2019,8,8,20,40,94,94078,ANATOLE FRANCE (AV),48.7449,2.4525,Plein jour,En agglomération,Intersection en X,Normale,Deux véhicules - frontale,4,-1,2,0,1,1,1,0,1,50,2,3,2,0,0,1,47.0,20.0,voiture,voiture,1,2,2,1,1
201900010655,2019-08-08 12:50:00,2019,8,8,12,50,94,94011,GRANDE ALLEE,48.76849,2.49417,Plein jour,En agglomération,Intersection en T,Normale,Deux véhicules - côté,9,2,2,0,1,1,1,0,1,50,2,2,1,0,0,1,38.0,31.0,utilitaire_camion,voiture,1,2,3,1,3
201900010656,2019-08-07 15:00:00,2019,8,7,15,0,94,94028,SAVAR.(RUE JULIETTE),48.77958,2.46576,Plein jour,En agglomération,Hors intersection,Normale,Deux véhicules - frontale,4,2,2,0,1,1,1,0,1,50,2,4,3,0,0,1,25.0,24.0,voiture,deux_roues,1,2,1,1,1
201900010657,2019-08-06 18:00:00,2019,8,6,18,0,94,94028,POMPADOUR(ROUTE DE LA),48.7669,2.47108,Plein jour,En agglomération,Hors intersection,Normale,Autre collision,2,2,2,3,1,3,2,0,6,50,1,2,1,0,0,1,29.0,,transport_commun,,1,2,1,1,6
201900010658,2019-08-09 15:35:00,2019,8,9,15,35,94,94054,PAIX (AV DE LA),48.75029,2.39937,Plein jour,En agglomération,Intersection en X,Pluie légère,Deux véhicules - côté,4,2,4,0,1,1,2,0,1,30,2,6,2,0,0,4,33.0,26.0,voiture,voiture,1,2,2,2,3
201900010659,2019-08-09 17:15:00,2019,8,9,17,15,94,94079,CLAUDE TROTIN (R),48.82809,2.54318,Plein jour,En agglomération,Hors intersection,Pluie légère,Autre collision,4,2,2,0,1,1,2,0,1,50,1,2,1,0,0,1,67.0,,voiture,,1,2,1,2,6
201900010660,2019-08-07 01:40:00,2019,8,7,1,40,94,94018,PARIS (R DE),48.82774,2.40403,Nuit avec éclairage allumé,En agglomération,Intersection en X,Normale,Deux véhicules - frontale,3,2,2,0,1,1,1,5,1,30,2,1,0,0,0,1,18.0,,deux_roues,,5,2,2,1,1
201900010661,2019-08-10 20:10:00,2019,8,10,20,10,93,93078,BALLANGER (BD ROBERT),48.95588,2.54021,Plein jour,En agglomération,Hors intersection,Normale,Deux véhicules - arrière,3,2,2,0,1,1,1,0,1,50,2,3,2,0,0,1,32.0,60.0,voiture,voiture,1,2,1,1,2
201900010662,2019-08-07 08:50:00,2019,8,7,8,50,93,93049,JEAN MERMOZ (PLACE),48.86116,2.50871,Plein jour,En agglomération,Hors intersection,Normale,Deux véhicules - côté,3,1,0,0,1,1,1,0,-1,50,2,2,1,0,0,1,50.0,43.0,deux_roues,voiture,1,2,1,1,3
201900010663,2019-08-09 20:30:00,2019,8,9,20,30,93,93048,PASTEUR S2  (AVENUE),48.8708729,2.4311154,Crépuscule ou aube,En agglomération,Intersection en X,Normale,Deux véhicules - côté,4,3,2,0,2,1,1,2,1,50,2,2,1,0,1,0,28.0,27.0,deux_roues,utilitaire_camion,2,2,2,1,3
201900010664,2019-08-08 07:00:00,2019,8,8,7,0,93,93048,ROSNY (RUE DE),48.8678,2.4587,Plein jour,En agglomération,Intersection en T,Normale,Deux véhicules - côté,3,2,2,0,1,1,1,0,1,50,2,2,1,0,0,1,29.0,56.0,voiture,voiture,1,2,3,1,3
201900010665,2019-08-10 14:45:00,2019,8,10,14,45,93,93046,ARISTIDE BRIAND AVENUE,48.9114,2.51686,Plein jour,En agglomération,Intersection à plus de 4 branches,Normale,Autre collision,3,2,5,0,1,1,1,0,1,50,1,5,1,0,0,4,29.0,,transport_commun,,1,2,5,1,6
201900010666,2019-08-09 22:10:00,2019,8,9,22,10,93,93046,EST ALLEE DE L',48.9328346,2.5610768,Nuit avec éclairage allumé,En agglomération,Hors intersection,Normale,Autre collision,4,1,1,0,1,1,1,0,1,50,1,2,0,0,2,0,29.0,,voiture,,5,2,1,1,6
201900010667,2019-08-06 22:42:00,2019,8,6,22,42,93,93031,DE LATTRE DE TASSIGNY (1 A 51),48.95698,2.31061,Nuit avec éclairage allumé,En agglomération,Hors intersection,Normale,Autre collision,3,1,2,0,1,1,1,0,1,50,1,2,1,0,0,1,34.0,,voiture,,5,2,1,1,6
201900010668,2019-08-05 15:25:00,2019,8,5,15,25,93,93029,HENRI BARBUSSE (AVE) N°126-280,48.9191,2.45,Plein jour,En agglomération,Hors intersection,Normale,Autre collision,3,2,2,0,1,1,1,0,1,50,1,3,2,0,1,0,29.0,,utilitaire_camion,,1,2,1,1,6
201900010669,2019-08-08 15:15:00,2019,8,8,15,15,93,93057,BRIAND (AV. ARISTIDE) 2 A 132,48.90834,2.49819,Plein jour,En agglomération,Hors intersection,Normale,Deux véhicules - côté,3,1,0,0,1,1,1,0,1,50,2,2,1,0,0,1,34.0,49.0,voiture,deux_roues,1,2,1,1,3
201900010670,2019-08-09 18:10:00,2019,8,9,18,10,93,93008,PARIS (RUE DE),48.9002793,2.4511838,Plein jour,En agglomération,Hors intersection,Pluie légère,Deux véhicules - arrière,3,1,2,0,1,1,2,0,1,50,2,2,1,0,0,1,22.0,33.0,utilitaire_camion,utilitaire_camion,1,2,1,2,2
201900010671,2019-08-08 04:45:00,2019,8,8,4,45,93,93008,VAILLANT COUTURIER (AVENUE PAUL),48.905496,2.469747,Nuit sans éclairage public,Hors agglomération,Giratoire,Normale,Deux véhicules - arrière,3,3,4,0,1,1,1,2,1,50,2,2,1,0,0,1,35.0,28.0,voiture,voiture,3,1,6,1,2
201900010672,2019-08-08 18:00:00,2019,8,8,18,0,93,93008,GRANDE DENISE (RUE DE LA),48.91282,2.46797,Plein jour,En agglomération,Intersection en T,Normale,Deux véhicules - frontale,4,2,2,0,1,1,1,0,1,50,2,2,1,0,0,1,60.0,22.0,voiture,deux_roues,1,2,3,1,1
201900010673,2019-08-08 02:00:00,2019,8,8,2,0,93,93005,LOUIS ARMAND (CARREFOUR),48.95499,2.47922,Nuit avec éclairage allumé,En agglomération,Hors intersection,Normale,Deux véhicules - côté,3,3,-1,0,1,1,1,0,1,50,2,2,1,0,0,1,27.0,44.0,utilitaire_camion,voiture,5,2,1,1,3
201900010674,2019-08-07 17:45:00,2019,8,7,17,45,93,93005,GEORGES BRAQUE (BOULEVARD),48.9523,2.48457,Plein jour,En agglomération,Hors intersection,Normale,Deux véhicules - côté,3,1,1,0,1,1,1,0,1,50,2,2,1,0,0,1,47.0,32.0,utilitaire_camion,voiture,1,2,1,1,3
201900010675,2019-07-01 14:40:00,2019,7,1,14,40,93,93005,MAXIMILIEN ROBESPIERRE (RUE),48.948282,2.502132,Plein jour,En agglomération,Autre intersection,Normale,Deux véhicules - côté,4,2,2,0,1,1,1,0,1,50,2,2,1,0,0,1,38.0,52.0,voiture,deux_roues,1,2,9,1,3
201900010676,2019-08-07 15:15:00,2019,8,7,15,15,93,93001,PRESIDENT ROOSEVELT (AVENUE DU),48.91935,2.37828,Plein jour,En agglomération,Intersection en X,Normale,Deux véhicules - côté,3,2,4,3,1,1,1,0,1,50,2,2,1,0,0,1,30.0,39.0,voiture,deux_roues,1,2,2,1,3
201900010677,2019-08-08 15:37:00,2019,8,8,15,37,92,92073,SELLIER (BOULEVARD HENRI),48.868121,2.224653,Plein jour,En agglomération,Hors intersection,Normale,Deux véhicules - frontale,3,1,1,0,2,1,1,0,1,30,2,2,1,0,0,1,68.0,,voiture,,1,2,1,1,1
201900010678,2019-08-08 20:40:00,2019,8,8,20,40,92,92076,REPUBLIQUE,48.83773,2.16148,Crépuscule ou aube,En agglomération,Intersection en T,Normale,Deux véhicules - côté,3,1,2,0,1,1,1,0,1,50,2,3,1,0,0,2,24.0,52.0,voiture,voiture,2,2,3,1,3
201900010679,2019-08-10 20:55:00,2019,8,10,20,55,92,92050,GARE RUE DE LA,48.895935,2.198487,Crépuscule ou aube,En agglomération,Hors intersection,Normale,Deux véhicules - arrière,4,2,3,0,2,1,1,0,1,50,2,2,0,0,0,2,44.0,46.0,voiture,voiture,2,2,1,1,2
201900010680,2019-08-06 10:50:00,2019,8,6,10,50,92,92050,JOILIOT CURIE F. ET IRENE AVENUE N°IMPAI,48.892476,2.209709,Plein jour,En agglomération,Hors intersection,Normale,Autre collision,5,2,1,3,1,1,1,9,1,10,1,2,1,0,0,1,32.0,,utilitaire_camion,,1,2,1,1,6
201900010681,2019-08-10 20:40:00,2019,8,10,20,40,92,92020,VERDUN AVENUE DE N°1 A 45,48.80244,2.28626,Crépuscule ou aube,En agglomération,Intersection en X,Normale,Deux véhicules - côté,3,2,4,2,2,1,1,9,1,50,2,2,1,0,0,1,44.0,17.0,voiture,deux_roues,2,2,2,1,3
201900010682,2019-08-07 14:30:00,2019,8,7,14,30,92,92048,MARECHAL JUIN (AVENUE DU),48.78726,2.21846,Plein jour,En agglomération,Hors intersection,Normale,Autre collision,4,2,2,0,1,1,1,0,1,50,1,2,1,0,0,1,58.0,,deux_roues,,1,2,1,1,6
201900010683,2019-08-01 22:35:00,2019,8,1,22,35,92,92026,CHARRAS,48.894221,2.248695,Nuit avec éclairage allumé,En agglomération,Intersection en X,Normale,Deux véhicules - côté,4,2,4,0,1,1,1,0,1,50,2,2,1,0,1,0,36.0,36.0,deux_roues,voiture,5,2,2,1,3
201900010684,2019-08-08 19:10:00,2019,8,8,19,10,92,92025,PAUL BERT (RUE),48.9273604,2.2470206,Plein jour,En agglomération,Intersection en T,Normale,Deux véhicules - côté,3,2,4,0,1,1,1,0,1,50,2,3,1,0,0,2,51.0,53.0,deux_roues,voiture,1,2,3,1,3
201900010685,2019-08-08 21:20:00,2019,8,8,21,20,92,92023,GENERAL DE GAULLE (AV DU) N°130 A 340 ET,48.7863718,2.2539708,Nuit avec éclairage allumé,En agglomération,Intersection en X,Normale,Deux véhicules - arrière,3,2,3,0,1,1,1,0,1,50,2,2,1,0,0,1,30.0,28.0,deux_roues,voiture,5,2,2,1,2
201900010686,2019-08-08 17:20:00,2019,8,8,17,20,92,92019,DIVISION LECLERC (AVENUE DE LA),48.76919,2.25021,Plein jour,En agglomération,Intersection en Y,Normale,Deux véhicules - côté,3,2,1,0,1,1,1,0,1,50,2,2,1,0,0,1,29.0,57.0,transport_commun,voiture,1,2,4,1,3
201900010687,2019-08-10 10:10:00,2019,8,10,10,10,92,92012,MARCEL SEMBAT (PLACE),48.8336139,2.2435788,Plein jour,En agglomération,Hors intersection,Normale,Deux véhicules - côté,3,1,0,0,1,2,1,0,1,50,2,2,1,0,0,1,64.0,69.0,deux_roues,voiture,1,2,1,1,3
201900010688,2019-08-08 23:25:00,2019,8,8,23,25,92,92007,SUISSES (VOIE DES),48.8015,2.3003,Nuit avec éclairage allumé,En agglomération,Intersection en T,Normale,Deux véhicules - côté,7,2,1,0,1,1,1,0,1,50,2,3,2,0,1,0,34.0,22.0,voiture,deux_roues,5,2,3,1,3
201900010689,2019-08-07 19:40:00,2019,8,7,19,40,92,92004,DOCTEUR DERVAUX  ( QUAI DU ),48.9095,2.294017,Nuit avec éclairage non allumé,En agglomération,Hors intersection,Normale,Autre collision,3,3,4,0,3,3,8,0,1,50,1,1,0,1,0,0,31.0,,deux_roues,,4,2,1,1,6
201900010690,2019-08-07 07:58:00,2019,8,7,7,58,47,47048,RN21,44.524811,0.623647,Nuit sans éclairage public,Hors agglomération,Hors intersection,Pluie légère,Autre collision,2,2,2,0,1,1,2,0,3,90,1,4,2,0,0,2,48.0,,voiture,,3,1,1,2,6
201900010691,2019-08-05 14:00:00,2019,8,5,14,0,35,35258,C5 - route les iffs - tinténiac,48.306997,-1.860363,Plein jour,Hors agglomération,Hors intersection,Normale,Deux véhicules - frontale,4,2,2,0,1,2,1,0,1,80,2,2,1,0,1,0,79.0,19.0,voiture,voiture,1,1,1,1,1
201900010692,2019-08-09 20:15:00,2019,8,9,20,15,2A,2A272,T40,41.644526,8.958407,Crépuscule ou aube,Hors agglomération,Hors intersection,Normale,Autre collision,3,2,2,0,1,3,1,0,1,80,1,1,0,0,1,0,26.0,,deux_roues,,2,1,1,1,6
201900010693,2019-08-07 18:15:00,2019,8,7,18,15,87,87002,Rond-point de l'Europe,45.957397,1.398917,Plein jour,En agglomération,Giratoire,Normale,Deux véhicules - côté,3,1,1,0,1,2,1,5,1,50,2,4,3,0,0,1,50.0,17.0,voiture,deux_roues,1,2,6,1,3
201900010694,2019-08-09 17:00:00,2019,8,9,17,0,1,01424,D38,45.874832,4.976004,Plein jour,Hors agglomération,Intersection en X,Normale,Deux véhicules - côté,3,2,2,0,3,1,1,5,1,80,2,4,1,0,0,3,27.0,52.0,voiture,voiture,1,1,2,1,3
201900010695,2019-08-08 18:15:00,2019,8,8,18,15,1,01248,Rue Principale,45.895399,4.928182,Plein jour,En agglomération,Hors intersection,Normale,Autre collision,4,1,1,0,1,1,1,0,4,50,1,2,1,0,0,1,33.0,,voiture,,1,2,1,1,6
201900010696,2019-08-09 15:45:00,2019,8,9,15,45,38,38448,Route d'Auberives,45.43553,4.80145,Plein jour,Hors agglomération,Hors intersection,Normale,Sans collision,3,2,2,0,1,1,1,0,1,50,1,1,0,0,0,1,53.0,,deux_roues,,1,1,1,1,7
201900010697,2019-08-10 13:30:00,2019,8,10,13,30,41,41031,25 Route de Seur,47.514191,1.352159,Plein jour,Hors agglomération,Hors intersection,Normale,Sans collision,3,-1,2,0,1,2,1,0,8,70,1,1,0,1,0,0,53.0,,deux_roues,,1,1,1,1,7
201900010698,2019-08-11 11:05:00,2019,8,11,11,5,33,33007,D1113,44.67027,-0.39182,Plein jour,Hors agglomération,Hors intersection,Pluie légère,Deux véhicules - frontale,3,2,2,0,1,2,2,0,1,80,2,5,0,1,3,1,49.0,18.0,voiture,voiture,1,1,1,2,1
201900010699,2019-08-10 10:50:00,2019,8,10,10,50,49,49174,CD 323,47.655738,-0.25465,Plein jour,Hors agglomération,Intersection en T,Normale,Deux véhicules - côté,3,2,2,0,4,1,1,0,1,80,2,4,2,0,2,0,62.0,51.0,deux_roues,utilitaire_camion,1,1,3,1,3
201900010700,2019-08-08 11:50:00,2019,8,8,11,50,17,17425,RD 730,45.606145,-0.955736,Plein jour,Hors agglomération,Intersection en T,Normale,Deux véhicules - côté,3,2,2,0,1,1,1,5,1,80,2,2,1,0,0,1,19.0,53.0,voiture,deux_roues,1,1,3,1,3
201900010701,2019-08-09 08:10:00,2019,8,9,8,10,49,49092,Route départementale 84,47.20953,-0.675768,Crépuscule ou aube,Hors agglomération,Hors intersection,Pluie légère,Sans collision,3,2,2,0,2,3,2,0,3,80,1,1,0,0,1,0,38.0,,voiture,,2,1,1,2,7
201900010702,2019-08-08 18:30:00,2019,8,8,18,30,74,74238,Route des Grandes Alpes,46.2404351,6.6487692,Plein jour,Hors agglomération,Intersection en T,Normale,Trois véhicules et plus - collisions multiples,3,2,2,0,1,1,1,0,1,80,3,4,2,0,0,2,29.0,38.0,voiture,voiture,1,1,3,1,5
201900010703,2019-08-10 19:30:00,2019,8,10,19,30,76,76071,Rue du 31 Août 1944,49.9163,1.248368,Plein jour,Hors agglomération,Hors intersection,Normale,Sans collision,3,-1,2,0,1,3,1,0,3,80,1,1,0,0,1,0,35.0,,deux_roues,,1,1,1,1,7