accident_id,datetime,annee,mois,jour,heure,minute,departement,commune_insee,adresse,latitude,longitude,luminosite,agglomeration,intersection,meteo,collision,catr,circ,nbv,vosp,prof,plan,surf,infra,situ,vma,nb_vehicules,nb_usagers,nb_indemnes,nb_tues,nb_blesses_hosp,nb_blesses_legers,age_cond_1,age_cond_2,veh_type_cond_1,veh_type_cond_2,lum_code,agg_code,int_code,atm_code,col_code
201900010890,2019-07-05 09:00:00,2019,7,5,9,0,94,94052,LATTRE DE TASSIGNY (AV DE),48.8361,2.4828,Plein jour,En agglomération,Hors intersection,Normale,Autre collision,4,1,1,0,1,1,1,0,1,30,1,2,1,0,0,1,78.0,,voiture,,1,2,1,1,6
201900010891,2019-07-02 07:30:00,2019,7,2,7,30,94,94052,CARNOT (R),48.83408,2.48331,Plein jour,En agglomération,Hors intersection,Temps éblouissant,Autre collision,4,1,1,0,2,2,1,0,1,30,1,2,1,0,0,1,61.0,,voiture,,1,2,1,7,6
201900010892,2019-07-05 08:25:00,2019,7,5,8,25,94,94046,REPUBLIQUE (AV DE LA),48.8001,2.4283,Plein jour,En agglomération,Hors intersection,Normale,Autre collision,3,2,2,0,1,1,1,0,1,50,1,2,1,0,0,1,36.0,,voiture,,1,2,1,1,6
201900010893,2019-07-05 09:25:00,2019,7,5,9,25,94,94076,HENRI BARBUSSE (R),48.80305,2.36538,Plein jour,En agglomération,Hors intersection,Normale,Deux véhicules - frontale,4,3,2,0,2,1,1,0,1,50,2,2,1,0,0,1,24.0,26.0,deux_roues,voiture,1,2,1,1,1
201900010894,2019-07-04 17:30:00,2019,7,4,17,30,94,94003,PAUL VAILLANT COUTURIER (AV),48.800629,2.341614,Plein jour,En agglomération,Hors intersection,Normale,Autre collision,3,2,2,0,2,1,1,0,1,50,2,2,1,0,0,1,56.0,24.0,deux_roues,voiture,1,2,1,1,6
201900010895,2019-07-03 23:20:00,2019,7,3,23,20,94,94043,FONTAINEBLEAU (AV DE),48.8157,2.3608,Nuit avec éclairage allumé,En agglomération,Autre intersection,Normale,Deux véhicules - côté,3,1,3,0,1,1,1,0,1,50,2,3,2,0,0,1,27.0,45.0,transport_commun,utilitaire_camion,5,2,9,1,3
201900010896,2019-07-03 21:30:00,2019,7,3,21,30,94,94003,JEAN JAURES (AV),48.81,2.3388,Plein jour,En agglomération,Hors intersection,Normale,Deux véhicules - arrière,3,2,2,0,1,2,1,0,1,50,2,1,0,0,0,1,30.0,,deux_roues,,1,2,1,1,2
201900010897,2019-07-04 23:35:00,2019,7,4,23,35,94,94041,PAUL VAILLANT COUTURIER (BD),48.81667,2.39971,Nuit avec éclairage allumé,En agglomération,Hors intersection,Normale,Deux véhicules - côté,3,2,1,3,1,1,1,0,1,50,2,2,1,0,1,0,33.0,31.0,voiture,deux_roues,5,2,1,1,3
201900010898,2019-07-06 20:00:00,2019,7,6,20,0,94,94065,RN 186,48.7533,2.3591,Plein jour,Hors agglomération,Hors intersection,Normale,Sans collision,2,1,3,0,1,1,1,0,1,70,1,1,0,0,0,1,24.0,,voiture,,1,1,1,1,7
201900010899,2019-07-06 13:00:00,2019,7,6,13,0,94,94021,STALINGRAD (AV DE),48.76769,2.36791,Plein jour,En agglomération,Autre intersection,Normale,Sans collision,3,1,4,0,1,1,1,0,1,50,1,2,0,0,0,2,30.0,,deux_roues,,1,2,9,1,7
201900010900,2019-07-05 10:35:00,2019,7,5,10,35,94,94034,PAUL VAILLANT COUTURIER (AV),48.76102,2.31697,Plein jour,En agglomération,Intersection en T,Normale,Deux véhicules - côté,4,3,6,1,1,1,1,0,1,50,2,2,1,0,0,1,15.0,56.0,deux_roues,voiture,1,2,3,1,3
201900010901,2019-07-04 19:45:00,2019,7,4,19,45,94,94034,CERISAIE (AV DE LA),48.75205,2.33132,Crépuscule ou aube,En agglomération,Hors intersection,Normale,Sans collision,3,2,2,0,2,2,1,0,1,50,1,1,0,0,0,1,24.0,,deux_roues,,2,2,1,1,7
201900010902,2019-07-03 22:50:00,2019,7,3,22,50,94,94073,RENE PANHARD (AV),48.76399,2.39509,Nuit avec éclairage allumé,En agglomération,Hors intersection,Normale,Deux véhicules - frontale,3,2,2,0,1,2,1,0,1,50,2,3,2,0,0,1,33.0,28.0,transport_commun,voiture,5,2,1,1,1
201900010903,2019-07-04 09:45:00,2019,7,4,9,45,94,94033,RABELAIS (AV),48.8521869,2.476984,Plein jour,En agglomération,Hors intersection,Normale,Deux véhicules - arrière,4,2,2,0,2,1,1,8,1,50,2,2,1,0,0,1,47.0,51.0,deux_roues,autre,1,2,1,1,2
201900010904,2019-07-04 08:45:00,2019,7,4,8,45,94,94033,MAURICE COUDERCHET (R),48.84531,2.46822,Plein jour,En agglomération,Intersection en X,Normale,Autre collision,3,1,2,0,1,2,1,0,1,30,1,2,1,0,0,1,33.0,,voiture,,1,2,2,1,6
201900010905,2019-07-06 19:00:00,2019,7,6,19,0,94,94011,MOULIN BATEAU.(RUE DU),48.7796,2.50511,Plein jour,En agglomération,Giratoire,Normale,Sans collision,4,2,2,0,1,1,1,5,1,50,1,1,0,0,1,0,25.0,,deux_roues,,1,2,6,1,7
201900010906,2019-07-03 13:15:00,2019,7,3,13,15,94,94011,STAINS(ROUTE DE),48.77691,2.49045,Plein jour,Hors agglomération,Hors intersection,Normale,Deux véhicules - frontale,3,2,2,0,1,1,1,2,1,50,2,3,2,0,0,1,86.0,39.0,voiture,voiture,1,1,1,1,1
201900010907,2019-07-05 18:20:00,2019,7,5,18,20,94,94022,CHOISY (QU DE),48.76257,2.41485,Plein jour,En agglomération,Hors intersection,Normale,Autre collision,4,2,2,0,1,1,1,0,1,30,1,2,1,0,0,1,20.0,,voiture,,1,2,1,1,6
201900010908,2019-07-05 07:10:00,2019,7,5,7,10,94,94022,JEAN JAURES (R),48.76521,2.408,Plein jour,En agglomération,Hors intersection,Normale,Autre collision,3,3,4,0,1,1,1,0,1,30,1,2,1,0,0,1,32.0,,voiture,,1,2,1,1,6
201900010909,2019-07-03 14:00:00,2019,7,3,14,0,94,94079,GENERAL GALLIENI (RUE DU),48.82521,2.54064,Plein jour,En agglomération,Intersection en T,Normale,Deux véhicules - côté,3,2,2,0,2,1,1,0,1,50,2,2,1,0,0,1,52.0,33.0,deux_roues,voiture,1,2,3,1,3
201900010910,2019-07-06 19:15:00,2019,7,6,19,15,94,94004,LOUISE CHENU (R),48.74,2.5,Plein jour,En agglomération,Hors intersection,Normale,Autre collision,4,2,1,0,1,1,1,0,1,50,1,1,0,0,0,1,38.0,,deux_roues,,1,2,1,1,6
201900010911,2019-07-03 20:20:00,2019,7,3,20,20,94,94002,MARCEL BOURDARIAS (R),48.80931,2.42098,Plein jour,En agglomération,Hors intersection,Normale,Deux véhicules - arrière,4,1,1,0,1,1,1,0,1,30,2,2,1,0,0,1,22.0,28.0,voiture,utilitaire_camion,1,2,1,1,2
201900010912,2019-07-06 17:30:00,2019,7,6,17,30,93,93078,NATIONS (AVENUE DES),48.974478,2.514008,Plein jour,En agglomération,Hors intersection,Normale,Deux véhicules - côté,9,3,0,3,1,1,1,0,1,50,2,2,1,0,0,1,47.0,47.0,voiture,voiture,1,2,1,1,3
201900010913,2019-07-05 08:50:00,2019,7,5,8,50,93,93078,PEUPLIERS (AVENUE DES),48.950775,2.544052,Plein jour,En agglomération,Intersection en X,Normale,Deux véhicules - côté,4,1,3,0,1,1,1,0,1,3,2,8,0,0,2,6,22.0,53.0,voiture,transport_commun,1,2,2,1,3
201900010914,2019-07-04 16:45:00,2019,7,4,16,45,93,93072,MAXIME GORKI (BOULEVARD) DES N°1 AU 87,48.95134,2.38533,Plein jour,En agglomération,Hors intersection,Normale,Deux véhicules - côté,3,2,2,0,1,1,1,0,1,50,2,2,1,0,0,1,33.0,44.0,voiture,deux_roues,1,2,1,1,3
201900010915,2019-07-06 16:50:00,2019,7,6,16,50,93,93070,VICTOR-HUGO (BD),48.91,2.32,Plein jour,En agglomération,Hors intersection,Normale,Deux véhicules - frontale,3,2,2,0,1,2,1,8,1,50,2,2,1,0,0,1,36.0,32.0,voiture,deux_roues,1,2,1,1,1
201900010916,2019-07-05 14:30:00,2019,7,5,14,30,93,93070,JEAN-JAURES (BD),48.9143,2.3366,Plein jour,En agglomération,Hors intersection,Normale,Deux véhicules - frontale,3,-1,4,0,1,1,1,0,1,50,2,3,1,0,0,2,30.0,16.0,voiture,deux_roues,1,2,1,1,1
201900010917,2019-07-05 14:40:00,2019,7,5,14,40,93,93039,MARINE (QUAI DE LA ),48.9505,2.30687,Plein jour,En agglomération,Intersection en X,Normale,Deux véhicules - côté,3,2,2,0,3,1,1,0,1,50,2,2,1,0,0,1,26.0,34.0,voiture,voiture,1,2,2,1,3
201900010918,2019-07-05 13:40:00,2019,7,5,13,40,93,93066,FRANCE ANATOLE (BOULEVARD) NR AUTRES,48.922353,2.346217,Plein jour,En agglomération,Hors intersection,Normale,Trois véhicules et plus - collisions multiples,3,3,4,0,1,1,1,0,1,50,3,3,2,0,0,1,35.0,23.0,voiture,deux_roues,1,2,1,1,5
201900010919,2019-07-03 22:00:00,2019,7,3,22,0,93,93066,"""PERI GABRIEL, NR 2  A 114 ET 1 A 133""",48.9402,2.3566,Nuit avec éclairage allumé,En agglomération,Hors intersection,Normale,Deux véhicules - arrière,4,1,1,0,1,1,1,0,1,30,2,2,1,0,0,1,21.0,27.0,voiture,deux_roues,5,2,1,1,2
201900010920,2019-07-03 21:00:00,2019,7,3,21,0,93,93066,RU DE MONTFORT (CHEMIN),48.92787,2.36811,Plein jour,En agglomération,Intersection en T,Normale,Autre collision,4,2,2,0,1,1,1,0,2,50,1,2,1,0,0,1,32.0,,voiture,,1,2,3,1,6
201900010921,2019-07-05 14:00:00,2019,7,5,14,0,93,93055,JEAN JAURES (AVENUE) (178/204),48.9081373,2.3969373,Plein jour,En agglomération,Hors intersection,Normale,Autre collision,3,2,4,0,1,1,1,0,1,50,1,2,1,0,1,0,44.0,,deux_roues,,1,2,1,1,6
201900010922,2019-07-04 13:28:00,2019,7,4,13,28,93,93051,JULES FERRY (NR PAIRS ),48.84563,2.57273,Plein jour,En agglomération,Autre intersection,Normale,Deux véhicules - côté,6,-1,1,1,1,1,1,0,3,30,2,2,1,0,0,1,49.0,52.0,voiture,deux_roues,1,2,9,1,3
201900010923,2019-07-05 11:00:00,2019,7,5,11,0,93,93049,STALINGRAD (PLACE),48.87284,2.51075,Plein jour,En agglomération,Giratoire,Normale,Autre collision,4,2,2,0,1,2,1,0,1,50,1,2,1,0,0,1,23.0,,voiture,,1,2,6,1,6
201900010924,2019-07-04 14:24:00,2019,7,4,14,24,93,93048,ROCHES (RUE DES),48.872683,2.462799,Plein jour,En agglomération,Hors intersection,Temps éblouissant,Autre collision,4,2,1,0,2,3,1,9,1,30,1,2,1,0,0,1,51.0,,utilitaire_camion,,1,2,1,7,6
201900010925,2019-07-04 10:30:00,2019,7,4,10,30,93,93046,CESAR COLLAVERI AVENUE,48.92115,2.53798,Plein jour,En agglomération,Intersection en X,Normale,Deux véhicules - côté,4,2,2,0,1,1,1,0,1,50,2,2,1,0,0,1,68.0,40.0,voiture,voiture,1,2,2,1,3
201900010926,2019-07-04 06:50:00,2019,7,4,6,50,93,93046,LIBERATION PLACE DE LA,48.922392,2.543632,Plein jour,En agglomération,Hors intersection,Normale,Trois véhicules et plus - collisions multiples,3,3,2,0,1,1,1,0,1,50,3,5,3,0,0,2,39.0,55.0,utilitaire_camion,voiture,1,2,1,1,5
201900010927,2019-07-06 15:16:00,2019,7,6,15,16,93,93045,DECROS EUGENE BOULEVARD,48.87954,2.4122,Plein jour,En agglomération,Autre intersection,Temps éblouissant,Autre collision,3,-1,0,0,1,1,1,0,1,30,1,2,1,0,0,1,88.0,,voiture,,1,2,9,7,6
201900010928,2019-07-04 14:10:00,2019,7,4,14,10,93,93006,LIBERTE RUE DE LA,48.85945,2.4218,Plein jour,En agglomération,Intersection en T,Normale,Deux véhicules - arrière,4,1,1,0,1,1,1,0,1,50,2,2,1,0,0,1,49.0,40.0,voiture,voiture,1,2,3,1,2
201900010929,2019-07-06 17:00:00,2019,7,6,17,0,93,93032,MONTFERMEIL   (ALLEE DE),48.89924,2.53944,Plein jour,En agglomération,Hors intersection,Normale,Deux véhicules - côté,3,2,2,0,1,1,1,0,1,50,2,2,1,0,0,1,23.0,39.0,voiture,voiture,1,2,1,1,3
201900010930,2019-07-05 09:25:00,2019,7,5,9,25,93,93030,HUIT-MAI-1945 (AVENUE DU),48.952306,2.441572,Plein jour,En agglomération,Hors intersection,Normale,Deux véhicules - arrière,3,-1,4,0,1,1,1,0,3,50,2,2,1,0,0,1,31.0,40.0,utilitaire_camion,voiture,1,2,1,1,2
201900010931,2019-07-04 22:28:00,2019,7,4,22,28,93,93027,CACHIN (AVENUE MARCEL),48.9264,2.39669,Nuit avec éclairage allumé,En agglomération,Hors intersection,Normale,Deux véhicules - arrière,3,2,2,0,1,1,1,0,3,50,2,2,1,0,0,1,41.0,41.0,voiture,voiture,5,2,1,1,2
201900010932,2019-07-03 07:15:00,2019,7,3,7,15,93,93027,SALENGRO (AVENUE ROGER),48.94178,2.3908,Plein jour,Hors agglomération,Autre intersection,Normale,Autre collision,3,-1,0,0,1,1,1,9,3,20,1,2,1,1,0,0,32.0,,utilitaire_camion,,1,1,9,1,6
201900010933,2019-07-06 15:00:00,2019,7,6,15,0,93,93014,GAGNY (ALLEE DE),48.90936,2.55002,Plein jour,En agglomération,Intersection en X,Normale,Deux véhicules - frontale,3,2,2,0,1,1,1,0,1,50,2,2,1,0,0,1,35.0,32.0,voiture,deux_roues,1,2,2,1,1
201900010934,2019-07-04 09:00:00,2019,7,4,9,0,93,93047,JEAN JAURES (AVENUE),48.89859,2.55038,Plein jour,En agglomération,Intersection en X,Normale,Deux véhicules - côté,4,2,4,1,1,1,1,0,1,50,2,2,1,0,0,1,39.0,42.0,voiture,deux_roues,1,2,2,1,3
201900010935,2019-07-06 06:10:00,2019,7,6,6,10,93,93008,JAURES (AVENUE JEAN),48.902043,2.440731,Plein jour,En agglomération,Hors intersection,Normale,Deux véhicules - côté,3,1,2,0,1,1,1,9,1,50,2,4,2,0,0,2,26.0,31.0,voiture,voiture,1,2,1,1,3
201900010936,2019-07-04 17:00:00,2019,7,4,17,0,93,93008,PARIS (RUE DE),48.90211,2.4599,Plein jour,En agglomération,Hors intersection,Normale,Deux véhicules - arrière,3,1,2,0,1,1,1,0,1,50,2,2,1,0,0,1,21.0,33.0,voiture,voiture,1,2,1,1,2
201900010937,2019-07-06 20:10:00,2019,7,6,20,10,93,93007,"""PAUL VAILLANT COUTURIER (AVENUE """"DU 13",48.92445,2.46352,Crépuscule ou aube,En agglomération,Hors intersection,Temps éblouissant,Autre collision,3,2,2,0,1,1,1,0,1,50,1,2,1,0,0,1,56.0,,voiture,,2,2,1,7,6
201900010938,2019-07-05 11:30:00,2019,7,5,11,30,93,93007,"""PAUL VAILLANT COUTURIER (AVENUE """"DU 01",48.9284,2.47,Plein jour,En agglomération,Intersection en T,Normale,Deux véhicules - côté,3,2,2,0,1,1,1,0,3,50,2,2,1,0,0,1,33.0,61.0,deux_roues,voiture,1,2,3,1,3
201900010939,2019-07-05 19:00:00,2019,7,5,19,0,93,93005,CHARLES DE GAULLE [CD115] (AVENUE),48.93071,2.48333,Plein jour,En agglomération,Autre intersection,Normale,Deux véhicules - côté,4,1,3,0,1,1,1,5,1,50,2,3,1,0,2,0,21.0,62.0,utilitaire_camion,utilitaire_camion,1,2,9,1,3
201900010940,2019-07-06 20:50:00,2019,7,6,20,50,93,93001,ANATOLE FRANCE (BLD) PAIR,48.91878,2.38238,Plein jour,En agglomération,Hors intersection,Normale,Deux véhicules - côté,3,1,0,0,1,1,1,0,1,50,2,2,1,0,0,1,23.0,41.0,deux_roues,voiture,1,2,1,1,3
201900010941,2019-07-06 16:00:00,2019,7,6,16,0,93,93001,LUCIEN LEFRANC (QUAI),48.91137,2.37352,Plein jour,En agglomération,Hors intersection,Normale,Deux véhicules - arrière,3,1,2,0,1,1,1,0,1,50,2,5,3,0,0,2,43.0,46.0,voiture,utilitaire_camion,1,2,1,1,2
201900010942,2019-07-05 19:00:00,2019,7,5,19,0,93,93001,JEAN JAURES  (AVE)  157 A 213,48.909594,2.398415,Plein jour,En agglomération,Hors intersection,Normale,Deux véhicules - arrière,3,1,3,0,1,1,1,0,1,50,2,2,1,0,0,1,24.0,,voiture,,1,2,1,1,2
201900010943,2019-07-03 09:40:00,2019,7,3,9,40,93,93001,VICTOR HUGO (AVE)  131 A 165,48.9168678,2.3818272,Plein jour,En agglomération,Hors intersection,Normale,Deux véhicules - côté,3,3,0,0,1,1,1,0,1,50,2,2,1,0,0,1,32.0,40.0,voiture,deux_roues,1,2,1,1,3
201900010944,2019-07-06 20:30:00,2019,7,6,20,30,92,92077,MARNES (RUE DE),48.830103,2.180256,Plein jour,En agglomération,Hors intersection,Normale,Deux véhicules - frontale,3,2,2,0,1,1,1,0,1,50,2,2,1,0,0,1,62.0,51.0,voiture,voiture,1,2,1,1,1
201900010945,2019-07-04 21:45:00,2019,7,4,21,45,92,92077,MARNES (RUE DE),48.8276369,2.1844871,Crépuscule ou aube,En agglomération,Intersection en T,Normale,Deux véhicules - frontale,3,2,2,0,1,3,1,0,1,50,2,2,1,0,0,1,20.0,22.0,voiture,deux_roues,2,2,3,1,1
201900010946,2019-07-06 00:50:00,2019,7,6,0,50,92,92064,CARNOT,48.8416741,2.2225584,Nuit avec éclairage non allumé,En agglomération,Hors intersection,Normale,Autre collision,3,3,3,0,1,1,1,0,1,50,1,1,0,0,1,0,58.0,,voiture,,4,2,1,1,6
201900010947,2019-07-05 17:15:00,2019,7,5,17,15,92,92047,RAYMOND POINCARE,48.838229,2.1746535,Plein jour,En agglomération,Hors intersection,Normale,Autre collision,3,2,2,0,2,1,1,0,1,50,1,1,0,0,1,0,77.0,,voiture,,1,2,1,1,6
201900010948,2019-07-05 11:15:00,2019,7,5,11,15,92,92064,REPUBLIQUE,48.8580976,2.2109038,Plein jour,En agglomération,Intersection en X,Temps éblouissant,Deux véhicules - côté,3,3,5,0,1,1,1,0,1,50,2,2,1,0,1,0,28.0,28.0,deux_roues,voiture,1,2,2,7,3
201900010949,2019-07-04 19:45:00,2019,7,4,19,45,92,92062,POMPIDOU (AV GEORGES) N°2 A 18,48.87472,2.23434,Plein jour,En agglomération,Hors intersection,Normale,Deux véhicules - arrière,4,2,2,0,1,1,1,0,3,50,2,3,2,0,0,1,38.0,31.0,voiture,voiture,1,2,1,1,2
201900010950,2019-07-06 22:50:00,2019,7,6,22,50,92,92051,PERRONET (AVENUE),48.88494,2.27625,Nuit avec éclairage allumé,En agglomération,Hors intersection,Temps couvert,Deux véhicules - arrière,7,1,1,0,1,1,1,0,1,50,2,3,0,0,0,3,29.0,19.0,deux_roues,deux_roues,5,2,1,8,2
201900010951,2019-07-04 23:00:00,2019,7,4,23,0,92,92051,"CHARLES DE GAULLE (AVENUE,N°118 A 192 +",48.885,2.2603,Nuit avec éclairage allumé,En agglomération,Hors intersection,Normale,Deux véhicules - arrière,2,-1,3,0,1,1,1,0,1,50,2,2,1,0,0,1,35.0,51.0,deux_roues,voiture,5,2,1,1,2
201900010952,2019-07-06 04:30:00,2019,7,6,4,30,92,92050,REPUBLIQUE AVENUE DE LA,48.90745,2.21285,Nuit avec éclairage allumé,En agglomération,Intersection en T,Normale,Autre collision,3,1,3,0,1,1,1,0,1,50,1,2,1,0,0,1,,,,,5,2,3,1,6
201900010953,2019-07-05 15:30:00,2019,7,5,15,30,92,92062,BERGERES (RD-PT DES) DU 111 AU 115,48.8852039,2.2262858,Plein jour,En agglomération,Intersection en X,Normale,Trois véhicules et plus - collisions multiples,3,1,4,0,1,3,1,0,1,50,3,6,4,0,0,2,25.0,49.0,voiture,voiture,1,2,2,1,5
201900010954,2019-07-05 08:40:00,2019,7,5,8,40,92,92049,DORMOY AVENUE MARX N°102 A FIN,48.81063,2.30813,Plein jour,En agglomération,Autre intersection,Normale,Autre collision,4,2,2,0,1,1,1,0,1,50,1,2,1,0,0,1,47.0,,deux_roues,,1,2,9,1,6
201900010955,2019-07-04 09:50:00,2019,7,4,9,50,92,92049,BROSSOLETTE AVENUE PIERRE,48.81565,2.3051,Plein jour,En agglomération,Hors intersection,Normale,Deux véhicules - côté,3,2,4,3,1,1,1,0,1,50,2,2,1,0,0,1,34.0,30.0,deux_roues,voiture,1,2,1,1,3
201900010956,2019-07-03 09:45:00,2019,7,3,9,45,92,92049,BRIAND AVENUE ARISTIDE N°1 A 129,48.81781,2.32574,Plein jour,En agglomération,Intersection en X,Normale,Deux véhicules - côté,3,3,8,3,1,1,1,0,1,50,2,4,2,0,0,2,51.0,30.0,voiture,transport_commun,1,2,2,1,3
201900010957,2019-07-05 18:00:00,2019,7,5,18,0,92,92048,MORANE SAULNIER (AVENUE),48.78641,2.22334,Plein jour,En agglomération,Hors intersection,Normale,Deux véhicules - côté,3,1,1,0,1,3,1,0,1,30,2,3,2,0,0,1,21.0,61.0,autre,voiture,1,2,1,1,3
201900010958,2019-07-04 07:30:00,2019,7,4,7,30,92,92044,PARC (RUE DU) 2A16 ET 1A13,48.8976768,2.2839694,Plein jour,En agglomération,Intersection en X,Normale,Deux véhicules - arrière,4,2,2,0,1,1,1,0,1,50,2,1,0,0,0,1,64.0,,utilitaire_camion,,1,2,2,1,2
201900010959,2019-07-04 17:00:00,2019,7,4,17,0,92,92040,GALLIENI (BOULEVARD),48.82717,2.26762,Plein jour,En agglomération,Hors intersection,Normale,Deux véhicules - frontale,3,2,2,0,1,1,1,0,1,50,2,4,2,0,0,2,33.0,36.0,voiture,deux_roues,1,2,1,1,1
201900010960,2019-07-05 07:00:00,2019,7,5,7,0,92,92035,Belgique ( Place de ),48.90674,2.23923,Plein jour,En agglomération,Intersection en T,Normale,Autre collision,3,2,2,0,1,1,1,0,2,50,1,2,1,0,0,1,41.0,,utilitaire_camion,,1,2,3,1,6
201900010961,2019-07-04 07:40:00,2019,7,4,7,40,92,92035,Pierre Brossolette ( rue ),48.90343,2.25269,Plein jour,En agglomération,Autre intersection,Normale,Autre collision,4,2,2,0,1,1,1,0,1,50,1,2,1,0,0,1,31.0,,voiture,,1,2,9,1,6
201900010962,2019-07-06 18:40:00,2019,7,6,18,40,92,92026,RAYMOND RIDEL ( DE 104 A FIN ),48.9023,2.24316,Plein jour,En agglomération,Intersection en T,Normale,Deux véhicules - côté,4,2,2,0,1,1,1,0,1,50,2,2,1,0,0,1,25.0,,voiture,voiture,1,2,3,1,3
201900010963,2019-07-05 15:00:00,2019,7,5,15,0,92,92024,VICTOR HUGO (BD),48.9003668,2.3152092,Plein jour,En agglomération,Hors intersection,Normale,Deux véhicules - arrière,3,2,4,0,1,1,1,0,1,50,2,2,1,0,1,0,70.0,61.0,deux_roues,deux_roues,1,2,1,1,2
201900010964,2019-07-05 13:50:00,2019,7,5,13,50,92,92023,GENERAL DE GAULLE (AVENUE DU),48.7834432,2.2466278,Plein jour,En agglomération,Intersection en X,Normale,Deux véhicules - côté,3,2,5,0,1,1,1,0,1,50,2,2,1,0,0,1,71.0,17.0,voiture,deux_roues,1,2,2,1,3
201900010965,2019-07-02 07:50:00,2019,7,2,7,50,92,92023,EUGENE BEAUJARD (CARREFOUR),48.78973,2.25273,Plein jour,En agglomération,Giratoire,Normale,Deux véhicules - côté,3,1,2,0,1,1,1,5,1,50,2,2,1,0,0,1,57.0,66.0,utilitaire_camion,deux_roues,1,2,6,1,3
201900010966,2019-07-05 20:40:00,2019,7,5,20,40,92,92071,AVENUE JEAN PERRIN,48.78484,2.29948,Plein jour,En agglomération,Hors intersection,Normale,Autre collision,3,2,1,0,1,1,1,0,1,50,1,2,1,0,1,0,25.0,,voiture,,1,2,1,1,6
201900010967,2019-07-06 11:20:00,2019,7,6,11,20,92,92012,BELLEVUE (RUE DE) ,48.8354,2.2307,Crépuscule ou aube,En agglomération,Intersection en X,Normale,Autre collision,4,2,2,0,1,1,1,0,1,50,2,2,1,0,0,1,20.0,21.0,deux_roues,voiture,2,2,2,1,6
201900010968,2019-07-05 18:50:00,2019,7,5,18,50,92,92012,REPUBLIQUE AVENUE DE LA,48.8338019,2.2437293,Nuit avec éclairage allumé,En agglomération,Intersection en T,Normale,Deux véhicules - frontale,3,1,2,0,1,2,1,0,1,50,2,2,1,0,0,1,66.0,40.0,voiture,deux_roues,5,2,3,1,1
201900010969,2019-07-05 11:00:00,2019,7,5,11,0,92,92012,SILLY (RUE DE) 1/87 - 2/88,48.8417,2.23121,Plein jour,En agglomération,Hors intersection,Pluie légère,Sans collision,7,2,3,0,1,1,2,0,1,50,1,1,0,0,0,1,38.0,,deux_roues,,1,2,1,2,7
201900010970,2019-07-05 09:50:00,2019,7,5,9,50,92,92012,REINE (ROUTE DE LA) 82/FIN - 107TER/FIN,48.8405668,2.2306213,Plein jour,En agglomération,Hors intersection,Normale,Deux véhicules - côté,3,-1,3,0,1,1,1,0,1,50,2,4,3,0,0,1,27.0,30.0,utilitaire_camion,deux_roues,1,2,1,1,3
201900010971,2019-07-05 01:25:00,2019,7,5,1,25,92,92002,RAYMON ARON (AVENUE),48.7678272,2.3106054,Nuit avec éclairage allumé,En agglomération,Hors intersection,Normale,Autre collision,3,3,4,2,1,2,1,0,1,50,1,1,0,0,0,1,46.0,,voiture,,5,2,1,1,6
201900010972,2019-07-04 19:25:00,2019,7,4,19,25,60,60286,rue du général leclerc,49.6661451,1.9399687,Plein jour,En agglomération,Intersection en T,Temps éblouissant,Deux véhicules - côté,3,2,2,0,1,1,1,0,1,50,2,2,1,0,1,0,19.0,38.0,deux_roues,voiture,1,2,3,7,3
201900010973,2019-07-04 20:10:00,2019,7,4,20,10,47,47060,Rites,44.1180196,0.7461992,Crépuscule ou aube,Hors agglomération,Hors intersection,Temps éblouissant,Autre collision,4,2,2,0,2,4,1,0,3,70,1,4,1,0,3,0,18.0,,voiture,,2,1,1,7,6
201900010974,2019-07-06 06:15:00,2019,7,6,6,15,54,54462,RD1,48.578588,6.349448,Plein jour,Hors agglomération,Hors intersection,Normale,Sans collision,3,2,2,0,1,1,1,0,3,80,1,1,0,0,1,0,24.0,,utilitaire_camion,,1,1,1,1,7
201900010975,2019-07-06 08:20:00,2019,7,6,8,20,14,14427,le bateau,48.857488,-0.397832,Plein jour,Hors agglomération,Hors intersection,Normale,Autre collision,3,2,2,0,1,3,1,0,3,30,1,1,0,1,0,0,63.0,,voiture,,1,1,1,1,6
201900010976,2019-07-05 12:30:00,2019,7,5,12,30,24,24372,Boulevard Pierre Mallebay,45.149,0.52736,Plein jour,En agglomération,Hors intersection,Normale,Autre collision,4,2,2,0,1,1,1,0,1,50,2,2,1,0,1,0,39.0,23.0,voiture,deux_roues,1,2,1,1,6
201900010977,2019-07-04 22:30:00,2019,7,4,22,30,86,86195,D910,46.995376,0.596139,Nuit sans éclairage public,Hors agglomération,Hors intersection,Normale,Sans collision,3,3,2,0,1,3,1,0,1,80,1,1,0,0,1,0,50.0,,deux_roues,,3,1,1,1,7
201900010978,2019-07-07 18:00:00,2019,7,7,18,0,1,01004,1075,45.969766,5.340163,Plein jour,Hors agglomération,Hors intersection,Normale,Deux véhicules - côté,3,2,4,0,1,1,1,0,1,80,2,2,0,0,1,1,39.0,35.0,voiture,voiture,1,1,1,1,3
201900010979,2019-07-03 16:30:00,2019,7,3,16,30,17,17262,D728,45.743696,-0.725877,Plein jour,Hors agglomération,Hors intersection,Normale,Deux véhicules - frontale,3,2,2,0,2,2,1,0,1,80,2,4,3,0,0,1,36.0,74.0,voiture,voiture,1,1,1,1,1
201900010980,2019-07-06 16:40:00,2019,7,6,16,40,76,76517,Autoroute A28,49.5334742,1.2186402,Plein jour,Hors agglomération,Hors intersection,Normale,Autre collision,1,3,4,0,1,1,1,0,1,110,1,4,3,0,1,0,25.0,,voiture,,1,1,1,1,6
201900010981,2019-06-23 09:20:00,2019,6,23,9,20,84,84001,Avenue des Valayans,43.994377,4.956906,Plein jour,Hors agglomération,Hors intersection,Normale,Deux véhicules - frontale,4,2,2,0,1,1,1,0,1,80,2,2,0,0,0,2,25.0,24.0,voiture,voiture,1,1,1,1,1