accident_id,datetime,annee,mois,jour,heure,minute,departement,commune_insee,adresse,latitude,longitude,luminosite,agglomeration,intersection,meteo,collision,catr,circ,nbv,vosp,prof,plan,surf,infra,situ,vma,nb_vehicules,nb_usagers,nb_indemnes,nb_tues,nb_blesses_hosp,nb_blesses_legers,age_cond_1,age_cond_2,veh_type_cond_1,veh_type_cond_2,lum_code,agg_code,int_code,atm_code,col_code
201900010982,2019-07-04 10:40:00,2019,7,4,10,40,36,36235,intersection RD960 et RD128,47.1394601,1.4914686,Plein jour,Hors agglomération,Intersection en X,Normale,Deux véhicules - côté,3,2,2,0,1,2,1,0,1,80,2,3,2,0,1,0,57.0,27.0,voiture,voiture,1,1,2,1,3
201900010983,2019-07-05 15:31:00,2019,7,5,15,31,68,68007,départementale 415,48.0666,7.417277,Plein jour,Hors agglomération,Giratoire,Normale,Sans collision,3,2,1,0,1,1,1,0,1,70,1,1,0,0,1,0,19.0,,deux_roues,,1,1,6,1,7
201900010984,2019-07-05 23:30:00,2019,7,5,23,30,974,97404,D17 E,-21.234722,55.372929,Nuit sans éclairage public,Hors agglomération,Hors intersection,Normale,Sans collision,3,2,2,0,1,2,1,0,1,80,1,1,0,0,0,1,16.0,,deux_roues,,3,1,1,1,7
201900010985,2019-07-06 15:25:00,2019,7,6,15,25,26,26337,autoroute A7,44.717272,4.785287,Plein jour,Hors agglomération,Hors intersection,Normale,Trois véhicules et plus - en chaîne,1,1,3,0,1,1,1,0,1,110,4,15,14,0,0,1,50.0,30.0,voiture,voiture,1,1,1,1,4
201900010986,2019-07-06 02:35:00,2019,7,6,2,35,23,23245,"Route nationale 145, PR 41+900 sens la Souterraine/Guéret",46.186027,1.828198,Nuit sans éclairage public,Hors agglomération,Hors intersection,Normale,Deux véhicules - frontale,2,3,4,0,2,1,1,0,1,110,2,2,1,0,1,0,22.0,72.0,voiture,voiture,3,1,1,1,1
201900010987,2019-07-07 02:50:00,2019,7,7,2,50,54,54067,D18,49.436496,5.69458,Nuit sans éclairage public,Hors agglomération,Hors intersection,Normale,Sans collision,3,2,2,0,1,2,1,0,3,80,1,1,0,0,1,0,20.0,,voiture,,3,1,1,1,7
201900010988,2019-07-04 23:15:00,2019,7,4,23,15,1,01419,Chemin de Pré Jacquet,46.229527,5.994259,Nuit sans éclairage public,Hors agglomération,Hors intersection,Normale,Autre collision,9,2,2,0,1,2,1,0,1,70,1,2,1,0,1,0,21.0,,voiture,,3,1,1,1,6
201900010989,2019-11-22 23:30:00,2019,11,22,23,30,37,37261,PROUDHON (AVENUE),47.39482,0.67129,Nuit avec éclairage allumé,En agglomération,Intersection en T,Pluie légère,Deux véhicules - côté,4,2,3,0,1,1,2,0,1,50,2,3,2,0,0,1,19.0,21.0,voiture,voiture,5,2,3,2,3
201900010990,2019-11-22 19:15:00,2019,11,22,19,15,37,37208,CANGE (RUE DE),47.3657596,0.7548861,Nuit avec éclairage allumé,En agglomération,Intersection en T,Pluie légère,Autre collision,7,2,2,0,1,1,2,0,1,50,1,1,0,0,0,1,70.0,,utilitaire_camion,,5,2,3,2,6
201900010991,2019-11-22 08:00:00,2019,11,22,8,0,37,37261,ROUGE (RUE JACQUES-MARIE),47.3837709,0.6971952,Crépuscule ou aube,En agglomération,Hors intersection,Normale,Autre collision,4,2,2,0,1,1,2,0,1,50,1,2,1,0,0,1,37.0,,voiture,,2,2,1,1,6
201900010992,2019-11-22 08:05:00,2019,11,22,8,5,37,37261,TRANCHEE (AVENUE DE LA),47.408,0.68142,Plein jour,En agglomération,Hors intersection,Normale,Autre collision,4,2,2,0,2,1,1,0,1,50,2,2,1,0,0,1,23.0,74.0,deux_roues,utilitaire_camion,1,2,1,1,6
201900010993,2019-11-21 12:18:00,2019,11,21,12,18,37,37261,DELAROCHE (RUE),47.4210753,0.6803017,Plein jour,En agglomération,Intersection en X,Pluie légère,Deux véhicules - côté,4,2,2,0,1,1,2,0,1,50,2,3,2,0,0,1,24.0,42.0,voiture,voiture,1,2,2,2,3
201900010994,2019-11-21 18:00:00,2019,11,21,18,0,37,37122,DOUZILLIERE (RUE DE LA),47.34432,0.65569,Nuit sans éclairage public,En agglomération,Hors intersection,Pluie légère,Autre collision,4,2,2,2,1,1,2,0,1,50,2,3,2,0,1,0,22.0,15.0,voiture,deux_roues,3,2,1,2,6
201900010995,2019-11-21 08:58:00,2019,11,21,8,58,36,36063,AVENUE DE BLOIS/ANGLE ROUTE DE VILLERS,46.8392935,1.675694,Crépuscule ou aube,Hors agglomération,Hors intersection,Normale,Deux véhicules - arrière,4,2,2,-1,1,1,1,0,1,80,2,2,1,0,0,1,52.0,34.0,voiture,voiture,2,1,1,1,2
201900010996,2019-11-23 00:20:00,2019,11,23,0,20,34,34172,LA BLOTTIERE (RUE),43.61116,3.87203,Nuit avec éclairage allumé,En agglomération,Intersection en Y,Normale,Deux véhicules - frontale,4,2,2,0,3,1,2,0,1,50,2,2,1,0,0,1,27.0,22.0,voiture,deux_roues,5,2,4,1,1
201900010997,2019-11-22 16:40:00,2019,11,22,16,40,34,34172,RAYMOND DUGRAND (AVENUE),43.60068,3.90183,Nuit avec éclairage allumé,En agglomération,Hors intersection,Pluie légère,Deux véhicules - arrière,4,1,2,0,1,1,2,0,1,50,2,2,1,0,0,1,24.0,66.0,voiture,voiture,5,2,1,2,2
201900010998,2019-11-22 09:26:00,2019,11,22,9,26,33,33318,RUE DE CHENEVIERE,44.80188,-0.62837,Plein jour,En agglomération,Intersection en X,Pluie légère,Deux véhicules - côté,4,2,2,0,1,1,2,0,8,50,2,2,1,0,0,1,67.0,62.0,voiture,deux_roues,1,2,2,2,3
201900010999,2019-11-21 22:30:00,2019,11,21,22,30,33,33063,RUE LUCIEN FAURE,44.8617,-0.55527,Nuit avec éclairage allumé,En agglomération,Intersection en T,Temps couvert,Deux véhicules - côté,4,3,6,2,1,1,2,5,1,50,2,3,2,0,0,1,23.0,25.0,voiture,voiture,5,2,3,8,3
201900011000,2019-11-21 12:40:00,2019,11,21,12,40,33,33119,FOCH (RUE DU MARECHAL),44.85521,-0.53214,Plein jour,En agglomération,Intersection en X,Pluie forte,Deux véhicules - côté,4,2,2,0,4,1,2,5,1,50,2,2,1,0,1,0,34.0,34.0,voiture,voiture,1,2,2,3,3
201900011001,2019-11-22 14:17:00,2019,11,22,14,17,32,32013,ROCADE (RN 124 OUEST),43.66546,0.56972,Plein jour,Hors agglomération,Hors intersection,Normale,Trois véhicules et plus - en chaîne,2,2,2,0,1,1,1,0,1,80,3,3,2,0,0,1,29.0,82.0,voiture,voiture,1,1,1,1,4
201900011002,2019-11-21 21:00:00,2019,11,21,21,0,31,31555,AV DES ARENES ROMAINES,43.60828,1.39739,Nuit avec éclairage allumé,En agglomération,Hors intersection,Normale,Deux véhicules - côté,3,2,2,0,1,1,1,0,1,50,2,2,1,0,1,0,28.0,25.0,utilitaire_camion,deux_roues,5,2,1,1,3
201900011003,2019-11-22 16:35:00,2019,11,22,16,35,31,31344,ASPET (ROUTE),43.09344,0.75401,Plein jour,En agglomération,Giratoire,Temps couvert,Deux véhicules - arrière,3,1,1,0,2,2,1,5,1,50,2,3,2,0,0,1,71.0,73.0,voiture,voiture,1,2,6,8,2
201900011004,2019-11-21 09:35:00,2019,11,21,9,35,29,29039,RN165 (VE),47.9226,-3.8911,Plein jour,Hors agglomération,Hors intersection,Normale,Sans collision,2,3,4,0,1,1,1,0,1,110,1,1,0,0,0,1,64.0,,voiture,,1,1,1,1,7
201900011005,2019-11-22 20:50:00,2019,11,22,20,50,29,29019,PRIGENT TANGUY (RP CARREFOUR A RUE MESNO,48.39757,-4.53084,Nuit avec éclairage allumé,En agglomération,Hors intersection,Pluie forte,Autre collision,4,2,2,0,1,1,2,0,1,30,1,2,1,0,0,1,61.0,,voiture,,5,2,1,3,6
201900011006,2019-11-22 18:00:00,2019,11,22,18,0,28,28085,GORD A LAUNAY (CHEMIN DU),48.43255,1.49285,Crépuscule ou aube,En agglomération,Hors intersection,Temps couvert,Autre collision,4,2,2,0,1,1,2,0,1,50,1,2,1,0,1,0,25.0,,voiture,,2,2,1,8,6
201900011007,2019-11-15 20:00:00,2019,11,15,20,0,27,27701,Route de Seine,49.27058,1.2383,Nuit sans éclairage public,Hors agglomération,Hors intersection,Pluie légère,Autre collision,4,2,2,0,1,1,2,0,1,80,1,1,0,0,0,1,47.0,,deux_roues,,3,1,1,2,6
201900011008,2019-11-22 12:50:00,2019,11,22,12,50,18,18279,VAILLANT (AVENUE EDOUARD),47.2353789,2.0609788,Plein jour,En agglomération,Intersection en T,Normale,Deux véhicules - côté,3,2,0,0,1,1,1,0,1,50,2,2,1,0,1,0,43.0,43.0,deux_roues,voiture,1,2,3,1,3
201900011009,2019-11-22 11:00:00,2019,11,22,11,0,17,17415,REVERSEAUX 2 A 46 ET 1 ET 1BIS COURS,45.747106,-0.637332,Plein jour,En agglomération,Hors intersection,Normale,Deux véhicules - côté,4,1,2,0,1,1,1,0,1,50,2,2,1,0,0,1,20.0,18.0,voiture,deux_roues,1,2,1,1,3
201900011010,2019-11-22 18:13:00,2019,11,22,18,13,17,17291,RN 11,46.17439,-1.112716,Nuit avec éclairage allumé,Hors agglomération,Hors intersection,Pluie légère,Deux véhicules - arrière,2,3,3,0,1,1,2,3,1,70,2,2,1,0,0,1,54.0,44.0,voiture,voiture,5,1,1,2,2
201900011011,2019-11-22 12:47:00,2019,11,22,12,47,17,17300,SARTRE   AVENUE JEAN-PAUL,46.15681,-1.12378,Plein jour,En agglomération,Intersection en T,Normale,Deux véhicules - côté,4,2,3,0,1,1,1,5,1,50,2,2,0,0,1,1,29.0,72.0,deux_roues,voiture,1,2,3,1,3
201900011012,2019-11-22 08:50:00,2019,11,22,8,50,17,17291,RN 11,46.17532,-1.109558,Plein jour,En agglomération,Hors intersection,Normale,Sans collision,2,3,5,0,1,1,2,0,1,90,1,1,0,0,0,1,51.0,,deux_roues,,1,2,1,1,7
201900011013,2019-11-22 23:00:00,2019,11,22,23,0,14,14437,PARIS (ROUTE DE),49.164806,-0.308788,Nuit avec éclairage allumé,En agglomération,Intersection en T,Pluie légère,Trois véhicules et plus - en chaîne,3,2,2,0,1,1,2,5,1,50,3,4,2,0,0,2,43.0,66.0,voiture,voiture,5,2,3,2,4
201900011014,2019-11-22 12:05:00,2019,11,22,12,5,14,14327,GRANDE CAVEE (AVENUE DE LA),49.2,-0.34381,Plein jour,En agglomération,Hors intersection,Normale,Sans collision,4,2,-1,0,1,1,1,5,1,50,1,1,0,0,0,1,64.0,,deux_roues,,1,2,1,1,7
201900011015,2019-11-22 11:00:00,2019,11,22,11,0,14,14327,LION CD60 (ROUTE DE),49.20191,-0.35343,Plein jour,En agglomération,Hors intersection,Normale,Deux véhicules - côté,3,3,-1,-1,1,3,1,0,1,-1,2,2,1,0,0,1,24.0,29.0,voiture,transport_commun,1,2,1,1,3
201900011016,2019-11-22 16:30:00,2019,11,22,16,30,13,13211,MIRELLE LAUZE (BOULEVARD),43.28,5.43,Nuit avec éclairage allumé,En agglomération,Hors intersection,Pluie forte,Deux véhicules - côté,4,2,3,0,1,1,2,0,1,50,2,3,1,0,0,2,24.0,39.0,voiture,voiture,5,2,1,3,3
201900011017,2019-11-22 19:00:00,2019,11,22,19,0,13,13216,HENRI BARNIER (BOULEVARD),43.367961,5.344222,Nuit avec éclairage allumé,En agglomération,Autre intersection,Pluie forte,Autre collision,4,2,3,0,2,1,2,0,1,50,1,2,1,0,1,0,51.0,,voiture,,5,2,9,3,6
201900011018,2019-11-22 17:25:00,2019,11,22,17,25,13,13204,CHARTREUX (AVENUE DES),43.30855,5.40403,Crépuscule ou aube,En agglomération,Hors intersection,Pluie légère,Deux véhicules - côté,4,-1,2,0,1,1,2,0,1,50,2,2,1,0,0,1,45.0,51.0,deux_roues,voiture,2,2,1,2,3
201900011019,2019-11-22 11:10:00,2019,11,22,11,10,13,13205,VERTUS (RUE DES),43.29094,5.39214,Plein jour,En agglomération,Intersection en X,Normale,Deux véhicules - côté,9,1,1,0,1,1,1,0,1,45,2,2,1,0,0,1,19.0,41.0,voiture,voiture,1,2,2,1,3
201900011020,2019-11-22 11:15:00,2019,11,22,11,15,13,13211,COMMANDANT DE ROBIEN (RUE),43.29034,5.49554,Plein jour,En agglomération,Autre intersection,Normale,Deux véhicules - côté,4,2,2,0,1,1,2,2,1,50,2,2,1,0,0,1,40.0,19.0,deux_roues,voiture,1,2,9,1,3
201900011021,2019-11-22 09:30:00,2019,11,22,9,30,13,13205,BRIFFAUT (RUE),43.294727,5.395767,Plein jour,En agglomération,Hors intersection,Normale,Autre collision,4,2,2,0,1,1,1,0,1,50,1,2,1,0,1,0,67.0,,voiture,,1,2,1,1,6
201900011022,2019-11-22 09:00:00,2019,11,22,9,0,13,13209,MARÉCHAL DE LATTRE (AVENUE),43.245952,5.418434,Plein jour,En agglomération,Hors intersection,Normale,Deux véhicules - arrière,3,2,2,0,1,1,1,0,1,50,2,2,1,0,0,1,37.0,33.0,utilitaire_camion,voiture,1,2,1,1,2
201900011023,2019-11-22 07:15:00,2019,11,22,7,15,13,13005,GRAND PIN VERT (CHEMIN DU),43.31532,5.56187,Crépuscule ou aube,En agglomération,Intersection en T,Temps couvert,Deux véhicules - côté,4,2,2,0,2,4,2,0,1,50,2,3,1,0,0,2,21.0,21.0,voiture,deux_roues,2,2,3,8,3
201900011024,2019-11-22 16:45:00,2019,11,22,16,45,10,10387,MARGUERITE FLAVIEN BUFFARD (AVENUE),48.3039,4.06155,Crépuscule ou aube,En agglomération,Hors intersection,Normale,Autre collision,4,2,3,0,4,1,1,0,1,50,1,2,1,0,0,1,33.0,,voiture,,2,2,1,1,6
201900011025,2019-11-20 11:00:00,2019,11,20,11,0,7,07102,Avenue Georges CLEMENCEAU,44.93219,4.87273,Plein jour,En agglomération,Hors intersection,Normale,Autre collision,4,3,2,0,1,1,1,0,1,50,1,2,1,1,0,0,88.0,,voiture,,1,2,1,1,6
201900011026,2019-11-22 03:17:00,2019,11,22,3,17,6,06088,ANGLAIS (DU N° 1 AU N° 43),43.694876,7.265365,Nuit avec éclairage allumé,En agglomération,Hors intersection,Pluie légère,Autre collision,7,2,4,0,1,1,2,0,1,50,1,2,1,0,1,0,43.0,,voiture,,5,2,1,2,6
201900011027,2019-11-22 17:20:00,2019,11,22,17,20,6,06069,VICTOR HUGO  (BD),43.649652,6.917781,Nuit sans éclairage public,En agglomération,Hors intersection,Pluie forte,Autre collision,9,1,1,0,2,1,2,0,-1,50,1,2,1,0,0,1,58.0,,voiture,,3,2,1,3,6
201900011028,2019-11-22 05:20:00,2019,11,22,5,20,6,06069,DRAGUIGNAN (ROUTE DE) - D2562-,43.644753,6.893294,Nuit avec éclairage allumé,En agglomération,Hors intersection,Pluie légère,Deux véhicules - frontale,3,2,2,0,2,3,2,0,1,50,2,2,1,0,0,1,43.0,22.0,voiture,voiture,5,2,1,2,1
201900011029,2019-11-21 10:24:00,2019,11,21,10,24,6,06004,NOVEMBRE 11 AVE,43.59,7.1243,Plein jour,En agglomération,Hors intersection,Pluie légère,Autre collision,3,3,4,2,1,3,2,9,1,50,1,2,0,0,2,0,75.0,,voiture,,1,2,1,2,6
201900011030,2019-11-21 18:30:00,2019,11,21,18,30,5,05061,LADOUCETTE ( COURS ),44.56191,6.08358,Nuit avec éclairage allumé,En agglomération,Hors intersection,Normale,Sans collision,2,2,3,0,1,1,1,0,1,50,1,3,2,0,1,0,81.0,,voiture,,5,2,1,1,7
201900011031,2019-11-21 17:15:00,2019,11,21,17,15,5,05061,FAUVINS ( ROUTE  DES ),44.564035,6.093548,Nuit avec éclairage allumé,En agglomération,Giratoire,Normale,Trois véhicules et plus - en chaîne,4,2,2,0,1,2,1,5,1,50,3,3,2,0,0,1,40.0,42.0,voiture,voiture,5,2,6,1,4
201900011032,2019-11-22 08:30:00,2019,11,22,8,30,3,03185,avenue John F Kennedy,46.3326285,2.6088727,Plein jour,En agglomération,Intersection en X,Normale,Deux véhicules - côté,3,2,3,0,1,1,1,0,1,50,2,2,0,0,0,2,24.0,57.0,voiture,voiture,1,2,2,1,3
201900011033,2019-11-22 16:45:00,2019,11,22,16,45,75,75118,BD PERIPHERIQUE INTERIEUR,48.9006612,2.3657831,Plein jour,En agglomération,Hors intersection,Normale,Sans collision,4,1,4,0,1,1,1,0,1,70,1,1,0,0,0,1,39.0,,deux_roues,,1,2,1,1,7
201900011034,2019-11-21 08:30:00,2019,11,21,8,30,75,75114,BD PERIPHERIQUE INTERIEUR,48.822945,2.312951,Plein jour,En agglomération,Hors intersection,Normale,Deux véhicules - côté,4,1,3,0,1,1,1,0,1,70,2,2,1,0,0,1,44.0,25.0,voiture,deux_roues,1,2,1,1,3
201900011035,2019-11-21 18:43:00,2019,11,21,18,43,75,75115,BOULEVARD DU MONTPARNASSE,48.844702,2.321219,Nuit avec éclairage allumé,En agglomération,Intersection en T,Pluie légère,Autre collision,4,2,4,3,1,1,2,0,6,50,1,2,1,1,0,0,45.0,,transport_commun,,5,2,3,2,6
201900011036,2019-11-21 20:40:00,2019,11,21,20,40,75,75106,PLACE SAINT MICHEL,48.8537523,2.3442794,Nuit avec éclairage allumé,En agglomération,Place,Normale,Autre collision,4,2,4,3,1,1,1,0,6,30,1,2,1,0,0,1,37.0,,deux_roues,,5,2,7,1,6
201900011037,2019-11-21 15:10:00,2019,11,21,15,10,75,75106,BOULEVARD SAINT GERMAIN,48.852895,2.337002,Plein jour,En agglomération,Intersection en X,Normale,Deux véhicules - côté,4,1,4,3,1,1,1,0,6,50,2,2,1,0,0,1,30.0,37.0,deux_roues,voiture,1,2,2,1,3
201900011038,2019-11-22 17:00:00,2019,11,22,17,0,75,75119,AVENUE JEAN JAURES,48.884462,2.376636,Nuit avec éclairage allumé,En agglomération,Hors intersection,Normale,Deux véhicules - côté,4,2,4,1,1,1,1,0,5,30,2,3,2,0,0,1,57.0,24.0,voiture,deux_roues,5,2,1,1,3
201900011039,2019-11-22 03:40:00,2019,11,22,3,40,75,75118,BOULEVARD DE ROCHECHOUART,48.883548,2.346987,Nuit avec éclairage allumé,En agglomération,Intersection en X,Normale,Deux véhicules - arrière,4,3,2,-1,1,1,2,0,1,50,2,2,1,0,0,1,27.0,51.0,voiture,voiture,5,2,2,1,2
201900011040,2019-11-21 22:45:00,2019,11,21,22,45,75,75118,RUE DU POTEAU,48.893124,2.343163,Nuit avec éclairage allumé,En agglomération,Hors intersection,Pluie légère,Autre collision,4,1,1,-1,1,1,2,0,1,50,1,1,0,0,0,1,,,,,5,2,1,2,6
201900011041,2019-11-21 20:40:00,2019,11,21,20,40,75,75117,BOULEVARD PEREIRE,48.8873882,2.3139579,Nuit avec éclairage allumé,En agglomération,Intersection en X,Normale,Deux véhicules - côté,4,2,2,0,1,1,1,0,1,30,2,2,1,0,0,1,47.0,24.0,deux_roues,deux_roues,5,2,2,1,3
201900011042,2019-11-21 22:40:00,2019,11,21,22,40,75,75116,ROUTE DE LA PTE DAUPHINE A LA PTE DES SA,48.8742289,2.2714786,Nuit avec éclairage allumé,En agglomération,Hors intersection,Normale,Autre collision,4,2,2,0,2,1,2,0,1,50,2,1,0,0,0,1,25.0,,deux_roues,,5,2,1,1,6
201900011043,2019-11-21 08:50:00,2019,11,21,8,50,75,75116,RUE MIRABEAU,48.8453107,2.2669441,Plein jour,En agglomération,Place,Normale,Sans collision,4,2,2,0,1,1,1,0,1,50,1,2,1,0,0,1,48.0,,voiture,,1,2,7,1,7
201900011044,2019-11-22 13:45:00,2019,11,22,13,45,75,75115,RUE DE LA CONVENTION,48.8372308,2.2964428,Plein jour,En agglomération,Intersection en X,Normale,Autre collision,4,2,3,-1,1,1,1,0,1,50,1,2,1,0,0,1,21.0,,voiture,,1,2,2,1,6
201900011045,2019-11-22 08:45:00,2019,11,22,8,45,75,75115,PLACE DES INSURGES DE VARSOVIE,48.8274005,2.2921603,Plein jour,En agglomération,Place,Normale,Deux véhicules - côté,4,2,2,0,1,2,1,0,1,50,2,3,2,0,0,1,55.0,59.0,voiture,deux_roues,1,2,7,1,3
201900011046,2019-11-22 18:30:00,2019,11,22,18,30,75,75113,RUE JACQUES DESTREE,48.8171914,2.3543353,Nuit avec éclairage allumé,En agglomération,Hors intersection,Normale,Deux véhicules - côté,4,2,2,0,1,1,1,0,1,50,2,2,1,0,1,0,52.0,27.0,deux_roues,voiture,5,2,1,1,3
201900011047,2019-11-22 09:58:00,2019,11,22,9,58,75,75113,RUE DE LA GLACIERE,48.837253,2.345443,Plein jour,En agglomération,Hors intersection,Normale,Autre collision,4,2,2,0,1,1,1,0,1,50,2,3,2,0,0,1,52.0,38.0,voiture,deux_roues,1,2,1,1,6
201900011048,2019-11-22 22:25:00,2019,11,22,22,25,75,75109,RUE DES MARTYRS,48.880772,2.340214,Nuit avec éclairage allumé,En agglomération,Place,Normale,Autre collision,4,2,2,0,2,1,2,0,1,30,1,2,1,0,0,1,25.0,,utilitaire_camion,,5,2,7,1,6
201900011049,2019-11-22 15:15:00,2019,11,22,15,15,75,75109,RUE DE MONTHOLON,48.87657,2.3461103,Plein jour,En agglomération,Intersection en T,Normale,Autre collision,4,1,1,0,1,1,1,0,1,50,1,2,1,0,0,1,37.0,,deux_roues,,1,2,3,1,6
201900011050,2019-11-22 15:00:00,2019,11,22,15,0,75,75108,COURS ALBERT 1ER,48.8648232,2.3059758,Plein jour,En agglomération,Hors intersection,Normale,Sans collision,4,2,2,1,1,1,1,0,5,50,1,1,0,0,0,1,39.0,,deux_roues,,1,2,1,1,7
201900011051,2019-11-21 16:40:00,2019,11,21,16,40,75,75101,PLACE DU PALAIS ROYAL,48.86244,2.336263,Crépuscule ou aube,En agglomération,Place,Pluie légère,Deux véhicules - côté,4,1,2,3,1,1,2,0,6,50,2,2,1,0,0,1,37.0,52.0,deux_roues,transport_commun,2,2,7,2,3
201900011052,2019-11-22 15:00:00,2019,11,22,15,0,94,94081,COLONEL FABIEN (AV DU),48.78334,2.35997,Plein jour,En agglomération,Hors intersection,Normale,Deux véhicules - côté,4,-1,2,0,1,1,1,9,-1,50,2,2,1,0,0,1,51.0,22.0,voiture,deux_roues,1,2,1,1,3
201900011053,2019-11-19 20:30:00,2019,11,19,20,30,94,94067,GENERAL DE GAULLE (AV DU),48.83986,2.41748,Nuit avec éclairage allumé,En agglomération,Autre intersection,Normale,Autre collision,3,2,2,0,2,1,1,6,1,30,1,2,1,0,0,1,42.0,,voiture,,5,2,9,1,6
201900011054,2019-11-21 19:30:00,2019,11,21,19,30,94,94028,POMPADOUR(ROUTE DE LA),48.81053,2.47624,Plein jour,En agglomération,Intersection en X,Normale,Autre collision,4,2,1,0,1,1,2,0,1,50,2,2,1,0,0,1,17.0,46.0,deux_roues,deux_roues,1,2,2,1,6
201900011055,2019-11-21 08:40:00,2019,11,21,8,40,94,94042,EUROPE (BD DE L),48.81489,2.46321,Plein jour,En agglomération,Intersection en X,Normale,Deux véhicules - côté,3,2,4,0,1,1,1,0,1,50,2,2,1,0,0,1,38.0,43.0,deux_roues,voiture,1,2,2,1,3
201900011056,2019-11-22 17:50:00,2019,11,22,17,50,94,94046,GENERAL KOENIG (R DU),48.80284,2.44157,Crépuscule ou aube,En agglomération,Hors intersection,Normale,Autre collision,4,-1,2,0,2,3,1,9,1,50,1,2,1,0,0,1,75.0,,voiture,,2,2,1,1,6
201900011057,2019-11-22 18:10:00,2019,11,22,18,10,94,94016,PONT ROYAL (AV DU),48.79,2.32,Nuit avec éclairage allumé,En agglomération,Intersection en T,Normale,Deux véhicules - frontale,4,2,2,0,1,1,1,0,1,30,2,2,1,0,0,1,26.0,50.0,deux_roues,voiture,5,2,3,1,1
201900011058,2019-11-22 13:00:00,2019,11,22,13,0,94,94076,MAXIME GORKI (BD),48.79275,2.36927,Plein jour,En agglomération,Intersection en X,Normale,Deux véhicules - côté,3,2,4,0,1,1,1,0,1,50,2,2,1,0,0,1,19.0,46.0,voiture,deux_roues,1,2,2,1,3
201900011059,2019-11-21 18:50:00,2019,11,21,18,50,94,94016,LEON BLUM (AV),48.78509,2.33816,Nuit avec éclairage allumé,En agglomération,Intersection en X,Pluie légère,Deux véhicules - frontale,4,2,2,0,2,1,2,0,1,50,2,2,1,0,0,1,24.0,36.0,utilitaire_camion,deux_roues,5,2,2,2,1
201900011060,2019-11-19 18:35:00,2019,11,19,18,35,94,94016,CARNOT (AV),48.79843,2.32709,Nuit avec éclairage allumé,En agglomération,Intersection en T,Normale,Sans collision,3,2,2,0,1,1,1,0,1,50,1,2,1,0,0,1,43.0,,voiture,,5,2,3,1,7
201900011061,2019-11-22 11:30:00,2019,11,22,11,30,94,94034,STALINGRAD (AV DE),48.75835,2.32991,Plein jour,En agglomération,Autre intersection,Normale,Deux véhicules - arrière,3,1,2,0,1,1,1,0,1,50,2,2,1,0,0,1,67.0,51.0,voiture,utilitaire_camion,1,2,9,1,2
201900011062,2019-11-21 08:20:00,2019,11,21,8,20,94,94073,TILLEULS (AV DES),48.7513,2.40315,Plein jour,En agglomération,Hors intersection,Normale,Deux véhicules - côté,4,-1,2,0,1,1,1,0,1,50,2,2,1,0,0,1,45.0,22.0,voiture,deux_roues,1,2,1,1,3
201900011063,2019-11-22 18:45:00,2019,11,22,18,45,94,94028,AVET.(RUE PAUL FRANCOIS),48.7948,2.4639,Nuit avec éclairage allumé,En agglomération,Autre intersection,Normale,Deux véhicules - frontale,4,2,2,0,1,1,1,0,1,50,2,2,1,0,0,1,30.0,26.0,deux_roues,voiture,5,2,9,1,1
201900011064,2019-11-22 10:25:00,2019,11,22,10,25,94,94028,TASSIGNY(AVE DU MARECHAL DE LATTRE DE,48.7963,2.4578,Plein jour,En agglomération,Intersection en X,Normale,Deux véhicules - côté,3,2,4,0,1,1,1,0,1,50,2,2,0,0,0,2,60.0,70.0,voiture,voiture,1,2,2,1,3
201900011065,2019-11-22 08:10:00,2019,11,22,8,10,94,94028,POMPADOUR(ROUTE DE LA),48.7735,2.44324,Plein jour,En agglomération,Hors intersection,Normale,Autre collision,3,1,0,0,1,1,1,0,1,50,1,2,1,0,1,0,21.0,,voiture,,1,2,1,1,6
201900011066,2019-11-22 10:25:00,2019,11,22,10,25,94,94071,PIERRE SEMARD (R),48.7698,2.51664,Plein jour,En agglomération,Hors intersection,Normale,Deux véhicules - côté,4,2,2,0,2,1,1,0,2,30,2,3,2,0,0,1,31.0,49.0,utilitaire_camion,utilitaire_camion,1,2,1,1,3
201900011067,2019-11-21 18:45:00,2019,11,21,18,45,93,93066,CACHIN MARCEL (AVENUE),48.94221,2.36514,Nuit avec éclairage allumé,En agglomération,Hors intersection,Normale,Trois véhicules et plus - collisions multiples,3,2,4,0,1,1,1,5,1,50,6,6,5,0,0,1,39.0,39.0,voiture,voiture,5,2,1,1,5
201900011068,2019-11-22 17:50:00,2019,11,22,17,50,93,93064,ALSACE-LORRAINE (BOULEVARD),48.88442,2.48518,Nuit avec éclairage allumé,En agglomération,Hors intersection,Normale,Autre collision,3,2,3,0,1,1,1,6,3,50,1,2,1,0,0,1,22.0,,voiture,,5,2,1,1,6
201900011069,2019-11-21 16:10:00,2019,11,21,16,10,93,93055,ANATOLE FRANCE (AVENUE),48.89451,2.4251,Plein jour,En agglomération,Hors intersection,Temps couvert,Autre collision,3,2,2,0,2,1,1,9,1,50,1,3,2,0,0,1,53.0,,voiture,,1,2,1,8,6
201900011070,2019-11-22 16:30:00,2019,11,22,16,30,93,93053,REPUBLIQUE (BLD DE LA) N°,48.896,2.46101,Plein jour,En agglomération,Giratoire,Normale,Autre collision,7,2,3,0,1,1,1,0,6,50,1,1,0,0,0,1,,,,,1,2,6,1,6
201900011071,2019-11-20 07:45:00,2019,11,20,7,45,93,93053,ANATOLE FRANCE (RUE),48.88543,2.44338,Crépuscule ou aube,En agglomération,Hors intersection,Normale,Autre collision,3,2,2,0,2,1,1,0,1,50,1,1,0,0,0,1,43.0,,deux_roues,,2,2,1,1,6