accident_id,datetime,annee,mois,jour,heure,minute,departement,commune_insee,adresse,latitude,longitude,luminosite,agglomeration,intersection,meteo,collision,catr,circ,nbv,vosp,prof,plan,surf,infra,situ,vma,nb_vehicules,nb_usagers,nb_indemnes,nb_tues,nb_blesses_hosp,nb_blesses_legers,age_cond_1,age_cond_2,veh_type_cond_1,veh_type_cond_2,lum_code,agg_code,int_code,atm_code,col_code
201900011162,2019-11-21 10:30:00,2019,11,21,10,30,988,98818,TARAGNAT (RUE),-22.2751579,166.4565879,Plein jour,En agglomération,Intersection en T,Normale,Autre collision,4,1,1,0,1,1,1,0,1,50,1,2,1,0,1,0,47.0,,voiture,,1,2,3,1,6
201900011163,2019-11-20 13:46:00,2019,11,20,13,46,988,98818,VE1,-22.2422223,166.4586371,Plein jour,En agglomération,Hors intersection,Normale,Autre collision,1,3,4,0,1,1,1,2,1,70,1,2,1,0,1,0,21.0,,voiture,,1,2,1,1,6
201900011164,2019-11-21 12:45:00,2019,11,21,12,45,976,97611,kaweni-Grande Traverse (rue de la),-12.77043,45.22542,Plein jour,En agglomération,Intersection en Y,Normale,Deux véhicules - frontale,4,2,2,0,1,1,1,9,1,50,2,2,1,0,0,1,49.0,27.0,deux_roues,voiture,1,2,4,1,1
201900011165,2019-11-21 07:25:00,2019,11,21,7,25,976,97611,tsoundzou-Stara (rue),-12.8051,45.21027,Plein jour,En agglomération,Hors intersection,Normale,Deux véhicules - côté,2,2,2,0,1,1,1,9,1,50,2,2,1,0,0,1,43.0,32.0,voiture,deux_roues,1,2,1,1,3
201900011166,2019-11-20 12:25:00,2019,11,20,12,25,974,97416,LORION (RUE LUC),-21.3346565,55.4709792,Plein jour,En agglomération,Hors intersection,Normale,Deux véhicules - arrière,4,-1,2,0,1,1,1,9,1,50,2,2,1,0,0,1,52.0,15.0,voiture,deux_roues,1,2,1,1,2
201900011167,2019-11-21 07:06:00,2019,11,21,7,6,974,97411,QUATRE VOIES GILLOT (ROUTE A),-20.8861904,55.4939505,Plein jour,Hors agglomération,Autre intersection,Normale,Deux véhicules - arrière,2,1,2,0,1,1,1,9,1,90,2,2,1,0,1,0,33.0,41.0,utilitaire_camion,deux_roues,1,1,9,1,2
201900011168,2019-11-19 07:25:00,2019,11,19,7,25,974,97411,MONTAGNE (ROUTE DE LA),-20.88755,55.44072,Plein jour,En agglomération,Hors intersection,Normale,Deux véhicules - frontale,4,2,2,0,2,1,1,0,1,50,2,2,1,0,0,1,17.0,50.0,deux_roues,voiture,1,2,1,1,1
201900011169,2019-11-21 06:50:00,2019,11,21,6,50,973,97302,MARINGOUINS (ROND-POINT),4.9077195,-52.3225486,Plein jour,Hors agglomération,Giratoire,Normale,Deux véhicules - côté,2,3,4,0,1,3,1,0,1,50,2,2,1,0,0,1,53.0,46.0,deux_roues,utilitaire_camion,1,1,6,1,3
201900011170,2019-11-21 07:25:00,2019,11,21,7,25,69,69383,DOCTEUR LONG (DU)                   (CO),45.751,4.88913,Crépuscule ou aube,En agglomération,Intersection en X,Normale,Deux véhicules - côté,4,1,10,0,1,1,1,0,1,50,2,2,0,0,2,0,57.0,25.0,voiture,voiture,2,2,2,1,3
201900011171,2019-11-21 07:30:00,2019,11,21,7,30,69,69388,ALBERT THOMAS                       (CO),45.74439,4.87456,Crépuscule ou aube,En agglomération,Intersection en X,Normale,Autre collision,4,2,4,3,1,1,1,0,1,50,1,2,1,0,1,0,31.0,,deux_roues,,2,2,2,1,6
201900011172,2019-11-20 17:54:00,2019,11,20,17,54,972,97209,CLUNY (ROUTE DE),14.61528,-61.0826,Crépuscule ou aube,En agglomération,Hors intersection,Normale,Deux véhicules - arrière,3,2,2,0,1,1,1,0,1,50,2,3,0,0,0,3,22.0,78.0,voiture,voiture,2,2,1,1,2
201900011173,2019-11-20 16:00:00,2019,11,20,16,0,972,97209,ROBESPIERRE (RUE),14.60974,-61.06962,Plein jour,En agglomération,Intersection en X,Normale,Deux véhicules - côté,4,1,1,0,1,1,1,0,1,50,2,2,1,0,0,1,45.0,33.0,voiture,deux_roues,1,2,2,1,3
201900011174,2019-11-19 11:25:00,2019,11,19,11,25,972,97209,RD 41 (ROCADE),14.61498,-61.05321,Plein jour,En agglomération,Hors intersection,Normale,Trois véhicules et plus - en chaîne,3,3,7,0,4,1,1,0,1,50,3,3,1,0,1,1,58.0,40.0,voiture,voiture,1,2,1,1,4
201900011175,2019-11-19 13:20:00,2019,11,19,13,20,972,97209,CHATEAUBOEUF (ROUTE DE),14.6204,-61.0435,Plein jour,En agglomération,Hors intersection,Normale,Autre collision,3,2,2,0,1,1,1,0,1,30,1,2,1,0,1,0,69.0,,voiture,,1,2,1,1,6
201900011176,2019-11-21 17:55:00,2019,11,21,17,55,69,69389,BALMONT (DE)                        (BD),45.7892,4.7996,Nuit avec éclairage allumé,En agglomération,Hors intersection,Pluie légère,Autre collision,4,2,2,0,1,1,2,0,1,50,1,2,1,0,1,0,76.0,,voiture,,5,2,1,2,6
201900011177,2019-11-20 16:30:00,2019,11,20,16,30,69,69152,MURIERS (DES)                       (CH),45.69523,4.82753,Plein jour,En agglomération,Hors intersection,Normale,Deux véhicules - côté,4,2,2,0,1,1,1,0,1,50,2,2,1,0,0,1,24.0,25.0,voiture,deux_roues,1,2,1,1,3
201900011178,2019-11-21 03:40:00,2019,11,21,3,40,971,97113,RN4 - SECTION RIVIERA,16.21681,-61.4818,Nuit avec éclairage non allumé,Hors agglomération,Hors intersection,Normale,Deux véhicules - côté,2,2,2,0,1,1,1,0,1,70,2,3,2,0,0,1,42.0,43.0,voiture,voiture,4,1,1,1,3
201900011179,2019-12-20 17:50:00,2019,12,20,17,50,62,62477,D75,50.316483,2.549137,Nuit sans éclairage public,Hors agglomération,Intersection en T,Pluie légère,Deux véhicules - frontale,3,2,2,0,1,2,2,0,1,80,2,2,1,0,0,1,24.0,38.0,voiture,voiture,3,1,3,2,1
201900011180,2019-12-31 19:50:00,2019,12,31,19,50,61,61070,D911,48.816713,-0.602994,Nuit sans éclairage public,Hors agglomération,Hors intersection,Temps couvert,Deux véhicules - frontale,3,2,2,0,1,1,1,0,1,70,2,3,1,0,2,0,33.0,25.0,voiture,voiture,3,1,1,8,1
201900011181,2019-12-30 15:00:00,2019,12,30,15,0,38,38269,D115c,44.92379,5.78526,Plein jour,En agglomération,Hors intersection,Normale,Autre collision,3,2,2,0,1,2,1,0,3,80,1,1,0,0,0,1,,,,,1,2,1,1,6
201900011182,2019-12-31 21:00:00,2019,12,31,21,0,973,97307,Route Nationale 2,4.8461772,-52.3339963,Nuit avec éclairage allumé,Hors agglomération,Intersection en T,Normale,Deux véhicules - côté,2,2,2,0,1,1,1,5,1,80,2,2,1,0,1,0,33.0,65.0,deux_roues,voiture,5,1,3,1,3
201900011183,2019-12-29 19:00:00,2019,12,29,19,0,91,91386,Route de Chevannes,48.55089,2.437844,Nuit avec éclairage allumé,En agglomération,Intersection à plus de 4 branches,Normale,Deux véhicules - frontale,3,2,2,0,1,1,1,0,1,50,2,2,1,0,1,0,49.0,18.0,voiture,deux_roues,5,2,5,1,1
201900011184,2019-12-31 14:30:00,2019,12,31,14,30,22,22098,Rue de Saint-glen,48.427392,-2.538835,Plein jour,En agglomération,Hors intersection,Brouillard / fumée,Deux véhicules - frontale,3,2,2,0,2,1,2,0,1,50,2,3,2,0,1,0,63.0,36.0,deux_roues,voiture,1,2,1,5,1
201900011185,2019-12-31 15:00:00,2019,12,31,15,0,93,93066,AUTOROUTE A1,48.92994,2.36356,Plein jour,Hors agglomération,Hors intersection,Normale,Trois véhicules et plus - en chaîne,1,3,10,0,1,1,1,0,1,90,3,4,3,0,0,1,37.0,35.0,utilitaire_camion,utilitaire_camion,1,1,1,1,4
201900011186,2019-12-30 15:00:00,2019,12,30,15,0,93,93066,AUTOROUTE A86,48.92289,2.34423,Plein jour,Hors agglomération,Hors intersection,Normale,Deux véhicules - côté,1,3,7,0,1,2,1,0,1,90,2,2,1,0,0,1,47.0,37.0,deux_roues,voiture,1,1,1,1,3
201900011187,2019-10-09 17:10:00,2019,10,9,17,10,2A,2A004,RANUCCHIETTU CHEMIN DE,41.9507059,8.7663606,Plein jour,En agglomération,Hors intersection,Normale,Deux véhicules - frontale,4,2,2,0,2,1,1,0,1,50,2,3,1,0,0,2,62.0,19.0,voiture,deux_roues,1,2,1,1,1
201900011188,2019-08-15 23:50:00,2019,8,15,23,50,73,73065,D991 ROPS DANIEL (AVENUE),45.59917,5.91551,Nuit avec éclairage allumé,En agglomération,Giratoire,Normale,Deux véhicules - arrière,3,3,2,3,1,1,1,0,1,50,2,2,1,0,1,0,47.0,49.0,voiture,deux_roues,5,2,6,1,2
201900011189,2019-07-20 13:52:00,2019,7,20,13,52,75,75105,RUE SAINT JACQUES,48.8502089,2.3452202,Plein jour,En agglomération,Intersection en X,Normale,Deux véhicules - arrière,4,1,2,0,2,1,1,0,1,30,2,2,1,0,0,1,55.0,27.0,deux_roues,voiture,1,2,2,1,2
201900011190,2019-07-20 09:15:00,2019,7,20,9,15,75,75101,RUE SAINT HONORE,48.8654699,2.3308128,Plein jour,En agglomération,Intersection en X,Normale,Autre collision,4,1,1,0,1,1,1,0,1,50,1,2,1,0,0,1,20.0,,voiture,,1,2,2,1,6
201900011191,2019-12-07 16:05:00,2019,12,7,16,5,94,94042,GENERAL GALLIENI (AV DU),48.82,2.4815,Plein jour,En agglomération,Hors intersection,Normale,Autre collision,3,2,4,0,2,1,2,0,1,50,1,2,1,0,0,1,32.0,,utilitaire_camion,,1,2,1,1,6
201900011192,2019-12-05 12:00:00,2019,12,5,12,0,94,94042,MARECHAL LECLERC (BD DU),48.8166,2.46752,Plein jour,En agglomération,Hors intersection,Normale,Autre collision,3,2,4,0,1,1,1,0,1,50,1,2,1,1,0,0,65.0,,voiture,,1,2,1,1,6
201900011193,2019-12-04 14:50:00,2019,12,4,14,50,94,94042,GENERAL GALLIENI (AV DU),48.8199823,2.4772821,Plein jour,En agglomération,Intersection en X,Normale,Deux véhicules - frontale,3,2,4,3,1,1,1,0,1,50,2,2,1,0,0,1,19.0,49.0,deux_roues,utilitaire_camion,1,2,2,1,1
201900011194,2019-12-02 16:50:00,2019,12,2,16,50,94,94041,BARBES (R),48.81687,2.37128,Plein jour,En agglomération,Hors intersection,Normale,Deux véhicules - arrière,3,1,1,0,1,1,1,0,1,50,2,2,1,0,0,1,59.0,23.0,deux_roues,deux_roues,1,2,1,1,2
201900011195,2019-12-18 11:25:00,2019,12,18,11,25,94,94021,GEORGES GUYNEMER (AV),48.76053,2.34155,Plein jour,En agglomération,Autre intersection,Normale,Deux véhicules - arrière,3,1,2,0,1,3,1,5,1,50,2,2,1,0,0,1,19.0,33.0,deux_roues,voiture,1,2,9,1,2
201900011196,2019-12-11 07:30:00,2019,12,11,7,30,94,94073,VERSAILLES (AV DE),48.7585,2.39263,Crépuscule ou aube,En agglomération,Hors intersection,Pluie légère,Deux véhicules - arrière,3,3,6,0,2,1,2,0,1,50,2,3,1,0,0,2,38.0,46.0,voiture,voiture,2,2,1,2,2
201900011197,2019-12-07 11:20:00,2019,12,7,11,20,94,94021,11 novembre 1918 (Rue),48.76319,2.36116,Plein jour,En agglomération,Hors intersection,Normale,Autre collision,4,2,2,0,1,4,2,0,1,50,1,2,1,0,0,1,89.0,,voiture,,1,2,1,1,6
201900011198,2019-12-05 07:30:00,2019,12,5,7,30,94,94073,BAS MARIN (R DU),48.75638,2.38547,Nuit avec éclairage allumé,En agglomération,Autre intersection,Normale,Deux véhicules - arrière,3,1,1,0,1,3,1,0,1,50,2,2,1,0,0,1,51.0,54.0,deux_roues,utilitaire_camion,5,2,9,1,2
201900011199,2019-12-16 16:15:00,2019,12,16,16,15,94,94028,PETITES HAYES.(AVENUE DES),48.7878,2.437,Plein jour,En agglomération,Intersection en T,Normale,Deux véhicules - côté,4,2,2,0,1,1,1,0,1,50,2,2,1,0,0,1,23.0,26.0,deux_roues,voiture,1,2,3,1,3
201900011200,2019-05-23 17:10:00,2019,5,23,17,10,94,94028,GAULLE(AVENUE DU GENERAL DE),48.79392,2.44684,Plein jour,En agglomération,Hors intersection,Normale,Deux véhicules - arrière,3,3,4,0,1,1,1,0,2,50,2,2,1,0,0,1,35.0,51.0,voiture,voiture,1,2,1,1,2
201900011201,2019-12-18 15:40:00,2019,12,18,15,40,94,94079,JEAN MONNET (BD),48.740247,2.4465944,Plein jour,En agglomération,Hors intersection,Normale,Autre collision,4,1,2,0,1,1,1,9,1,50,1,2,1,0,0,1,79.0,,voiture,,1,2,1,1,6
201900011202,2019-12-14 18:05:00,2019,12,14,18,5,94,94060,GOURNAY (CHE DE),48.78896,2.58466,Nuit avec éclairage allumé,En agglomération,Intersection en Y,Normale,Deux véhicules - côté,4,2,2,0,2,2,1,0,1,50,2,5,3,0,0,2,24.0,46.0,voiture,voiture,5,2,4,1,3
201900011203,2019-12-03 22:20:00,2019,12,3,22,20,94,94075,MARECHAL DE LATTRE DE TASSIGNY (AV),48.7275,2.5302,Nuit sans éclairage public,En agglomération,Hors intersection,Normale,Autre collision,2,3,4,0,1,1,1,0,1,70,1,2,0,0,0,2,20.0,,voiture,,3,2,1,1,6
201900011204,2019-12-17 16:20:00,2019,12,17,16,20,92,92050,PONS NOEL RUE,48.9040931,2.2191525,Crépuscule ou aube,En agglomération,Intersection en X,Pluie légère,Deux véhicules - côté,3,1,2,0,2,1,1,0,1,50,2,3,2,0,0,1,29.0,30.0,voiture,voiture,2,2,2,2,3
201900011205,2019-12-09 08:46:00,2019,12,9,8,46,92,92050,PICASSO PABLO AVENUE,48.89056,2.23474,Plein jour,En agglomération,Hors intersection,Pluie forte,Autre collision,4,2,2,0,2,1,2,0,1,50,1,2,1,0,0,1,24.0,,voiture,,1,2,1,3,6
201900011206,2019-11-10 20:05:00,2019,11,10,20,5,92,92050,SEINE BOULEVARD DE,48.89672,2.19605,Nuit sans éclairage public,En agglomération,Intersection à plus de 4 branches,Temps couvert,Autre collision,3,3,2,0,1,1,2,0,1,50,1,2,1,0,0,1,23.0,,utilitaire_camion,,3,2,5,8,6
201900011207,2019-11-14 19:50:00,2019,11,14,19,50,92,92014,GENERAL LECLERC (AV.) (1 A 55BIS - 2 A 4,48.7824601,2.3165969,Nuit avec éclairage allumé,En agglomération,Intersection en X,Normale,Deux véhicules - côté,3,1,3,1,2,1,1,5,1,50,2,3,2,0,0,1,43.0,32.0,voiture,deux_roues,5,2,2,1,3
201900011208,2019-10-14 08:40:00,2019,10,14,8,40,2,02491,4 Rue de la Gare,49.794386,3.631387,Plein jour,Hors agglomération,Autre intersection,Normale,Deux véhicules - frontale,3,2,2,0,1,1,1,5,1,80,2,2,1,0,1,0,19.0,27.0,utilitaire_camion,voiture,1,1,9,1,1
201900011209,2019-10-15 21:25:00,2019,10,15,21,25,2,02303,D1044,49.876785,3.26866,Nuit sans éclairage public,Hors agglomération,Autre intersection,Pluie légère,Deux véhicules - frontale,3,2,2,0,1,1,2,0,1,80,2,2,1,0,1,0,21.0,38.0,utilitaire_camion,voiture,3,1,9,2,1
201900011210,2019-10-13 06:30:00,2019,10,13,6,30,70,70058,Rue des Ecoles,47.495607,5.662243,Crépuscule ou aube,Hors agglomération,Hors intersection,Normale,Sans collision,3,2,2,0,1,3,1,0,3,80,1,1,0,0,1,0,21.0,,voiture,,2,1,1,1,7
201900011211,2019-10-15 09:00:00,2019,10,15,9,0,59,59646,ROUTE NATIONALE 356,50.665881,3.1143163,Plein jour,Hors agglomération,Hors intersection,Pluie légère,Deux véhicules - arrière,2,3,4,0,1,1,2,0,1,90,2,2,1,0,0,1,19.0,27.0,voiture,deux_roues,1,1,1,2,2
201900011212,2019-10-16 13:25:00,2019,10,16,13,25,92,92002,AUTOROUTE A10,48.7343456,2.3144657,Plein jour,Hors agglomération,Hors intersection,Pluie légère,Deux véhicules - arrière,1,1,4,0,1,1,2,0,1,90,2,2,1,0,0,1,27.0,56.0,deux_roues,voiture,1,1,1,2,2
201900011213,2019-10-08 00:55:00,2019,10,8,0,55,92,92062,A14,48.8875076,2.2514892,Nuit avec éclairage allumé,Hors agglomération,Hors intersection,Normale,Autre collision,1,-1,2,0,1,1,1,1,1,70,1,1,0,0,0,1,25.0,,utilitaire_camion,,5,1,1,1,6
201900011214,2019-12-05 05:50:00,2019,12,5,5,50,92,92036,AUTOROUTE A15,48.9459038,2.2832526,Nuit sans éclairage public,Hors agglomération,Hors intersection,Brouillard / fumée,Deux véhicules - arrière,1,3,8,0,1,1,2,2,1,90,2,2,1,0,0,1,52.0,29.0,voiture,deux_roues,3,1,1,5,2
201900011215,2019-12-09 12:10:00,2019,12,9,12,10,988,98818,AVENUE DE LA VICTOIRE H. LAFLEUR/RUE DE SEBASTOPOL,-22.274592,166.4437348,Plein jour,En agglomération,Intersection en X,Normale,Deux véhicules - côté,4,3,5,0,1,1,1,5,1,50,2,3,2,0,0,1,23.0,23.0,utilitaire_camion,deux_roues,1,2,2,1,3
201900011216,2019-12-16 08:50:00,2019,12,16,8,50,976,97611,passamanty-Vahibé ( route ),-12.79322,45.19243,Plein jour,Hors agglomération,Hors intersection,Normale,Deux véhicules - frontale,3,2,0,0,2,4,1,0,1,50,2,3,2,0,0,1,40.0,45.0,voiture,voiture,1,1,1,1,1
201900011217,2019-12-17 21:40:00,2019,12,17,21,40,974,97416,DUMESGNIL (CHEMIN),-21.27944,55.4696,Nuit sans éclairage public,Hors agglomération,Hors intersection,Normale,Sans collision,4,2,2,0,2,3,1,0,1,50,1,1,0,0,1,0,22.0,,autre,,3,1,1,1,7
201900011218,2019-12-15 08:50:00,2019,12,15,8,50,974,97416,RN1 (ROUTE NATIONALE),-21.31168,55.43594,Plein jour,Hors agglomération,Hors intersection,Normale,Deux véhicules - arrière,2,3,0,0,1,1,1,0,2,110,2,2,1,0,1,0,20.0,41.0,voiture,deux_roues,1,1,1,1,2
201900011219,2019-12-17 14:30:00,2019,12,17,14,30,974,97407,ROUTE NATIONALE N° 1,-20.9523,55.3189,Plein jour,Hors agglomération,Hors intersection,Normale,Deux véhicules - arrière,2,1,2,0,1,1,1,0,1,110,2,2,1,0,1,0,54.0,67.0,deux_roues,voiture,1,1,1,1,2
201900011220,2019-12-18 17:30:00,2019,12,18,17,30,69,69388,PAUL SANTY                          (AV),45.73161,4.8739,Crépuscule ou aube,En agglomération,Intersection en T,Normale,Deux véhicules - côté,7,3,4,3,1,1,1,0,1,50,2,2,1,0,0,1,27.0,36.0,deux_roues,voiture,2,2,3,1,3
201900011221,2019-12-18 14:30:00,2019,12,18,14,30,69,69386,GARIBALDI                           (R ),45.7693,4.85039,Plein jour,En agglomération,Intersection en X,Normale,Autre collision,4,1,5,0,1,2,1,0,1,50,1,2,1,0,0,1,,,voiture,,1,2,2,1,6
201900011222,2019-12-18 10:45:00,2019,12,18,10,45,69,69383,PART DIEU      (DE LA)             (R ),45.75988,4.85174,Plein jour,En agglomération,Hors intersection,Normale,Deux véhicules - côté,4,1,1,0,1,1,1,0,4,50,2,2,1,0,0,1,42.0,49.0,deux_roues,voiture,1,2,1,1,3
201900011223,2019-12-17 15:30:00,2019,12,17,15,30,69,69259,AMBROISE CROIZAT                    (BD),45.70488,4.88762,Plein jour,En agglomération,Hors intersection,Normale,Deux véhicules - côté,3,1,0,0,2,1,1,0,1,50,2,2,1,0,0,1,52.0,61.0,voiture,voiture,1,2,1,1,3
201900011224,2019-12-17 07:15:00,2019,12,17,7,15,69,69387,CLAUDE BERNARD                      (QU),45.75274,4.83763,Nuit avec éclairage allumé,En agglomération,Hors intersection,Normale,Autre collision,4,1,3,0,1,3,1,0,1,50,1,1,0,0,0,1,20.0,,voiture,,5,2,1,1,6
201900011225,2019-12-18 16:55:00,2019,12,18,16,55,91,91174,08 MAI 1945 (AVENUE),48.611025,2.45465,Plein jour,En agglomération,Autre intersection,Normale,Deux véhicules - côté,4,2,2,0,1,1,2,0,1,50,2,2,1,0,0,1,54.0,27.0,voiture,voiture,1,2,9,1,3
201900011226,2019-12-17 14:00:00,2019,12,17,14,0,91,91174,JEAN COCTEAU (RUE),48.6075,2.44772,Plein jour,En agglomération,Hors intersection,Normale,Deux véhicules - frontale,4,2,2,0,1,1,1,0,1,50,2,2,0,0,0,2,24.0,23.0,voiture,voiture,1,2,1,1,1
201900011227,2019-12-17 18:35:00,2019,12,17,18,35,91,91027,MITTERAND (AVENUE FRANCOIS) N° 2 A 110,48.70585,2.3714,Nuit avec éclairage allumé,En agglomération,Autre intersection,Pluie légère,Deux véhicules - côté,2,2,2,0,1,1,2,0,1,50,2,2,1,0,0,1,47.0,38.0,deux_roues,voiture,5,2,9,2,3
201900011228,2019-12-14 18:50:00,2019,12,14,18,50,86,86066,MOULIN (AVENUE JEAN),46.79937,0.53694,Nuit avec éclairage allumé,En agglomération,Hors intersection,Pluie forte,Autre collision,3,3,3,0,2,1,2,0,1,50,3,5,3,0,2,0,86.0,32.0,voiture,voiture,5,2,1,3,6
201900011229,2019-12-18 15:00:00,2019,12,18,15,0,82,82121,MAYENNE (AVENUE),44.0153,1.343622,Plein jour,En agglomération,Intersection en Y,Normale,Deux véhicules - arrière,4,2,2,1,1,1,1,0,1,50,2,2,1,0,1,0,67.0,36.0,deux_roues,utilitaire_camion,1,2,4,1,2
201900011230,2019-12-17 17:00:00,2019,12,17,17,0,80,80021,VICTOR HUGO (RUE),49.89294,2.30228,Nuit avec éclairage allumé,En agglomération,Intersection en X,Pluie légère,Autre collision,4,2,2,0,1,2,2,0,1,30,1,2,1,0,1,0,35.0,,transport_commun,,5,2,2,2,6
201900011231,2019-12-16 18:25:00,2019,12,16,18,25,80,80489,HENRI BARBUSSE (RUE),49.87253,2.3526,Nuit avec éclairage allumé,En agglomération,Hors intersection,Normale,Deux véhicules - arrière,4,2,2,0,4,1,1,0,1,50,2,1,0,0,0,1,46.0,,deux_roues,,5,2,1,1,2
201900011232,2019-12-13 17:45:00,2019,12,13,17,45,79,79191,268 route d'Aiffres,46.31079,-0.44585,Nuit avec éclairage allumé,En agglomération,Intersection en T,Pluie légère,Autre collision,3,2,2,-1,1,1,2,0,1,50,1,2,1,0,0,1,35.0,,voiture,,5,2,3,2,6
201900011233,2019-12-17 12:10:00,2019,12,17,12,10,78,78646,PARIS (AVENUE DE),48.80178,2.13166,Plein jour,En agglomération,Intersection en X,Normale,Deux véhicules - côté,3,2,8,0,1,1,1,5,1,50,2,2,0,0,0,2,59.0,30.0,deux_roues,deux_roues,1,2,2,1,3
201900011234,2019-12-15 21:10:00,2019,12,15,21,10,78,78646,VERGENNES (RUE DE),48.79772,2.13759,Nuit avec éclairage allumé,En agglomération,Hors intersection,Normale,Deux véhicules - frontale,4,1,2,0,2,1,2,0,1,30,2,2,1,0,1,0,27.0,33.0,deux_roues,voiture,5,2,1,1,1
201900011235,2019-12-17 09:00:00,2019,12,17,9,0,76,76540,NEUFCHATEL. ROUTE DE,49.4546702,1.1056495,Plein jour,En agglomération,Hors intersection,Normale,Deux véhicules - côté,3,2,4,1,2,1,1,0,1,50,2,2,1,0,0,1,18.0,33.0,deux_roues,voiture,1,2,1,1,3
201900011236,2019-12-16 07:40:00,2019,12,16,7,40,76,76366,11 NOVEMBRE. RUE DU,49.52155,1.03334,Nuit avec éclairage allumé,En agglomération,Hors intersection,Normale,Autre collision,3,2,2,0,1,1,2,0,1,50,1,2,1,0,0,1,52.0,,voiture,,5,2,1,1,6
201900011237,2019-12-13 23:00:00,2019,12,13,23,0,76,76351,MARECHAL JOFFRE (RUE),49.4999611,0.1276892,Nuit avec éclairage allumé,En agglomération,Intersection en T,Pluie légère,Deux véhicules - côté,4,2,2,0,1,1,2,0,1,50,2,2,1,0,0,1,36.0,44.0,deux_roues,voiture,5,2,3,2,3
201900011238,2019-12-13 17:45:00,2019,12,13,17,45,76,76447,RD 489,49.5402813,0.2109128,Nuit sans éclairage public,Hors agglomération,Hors intersection,Pluie légère,Deux véhicules - arrière,3,3,4,0,1,1,2,0,1,110,2,3,0,0,0,3,24.0,35.0,voiture,voiture,3,1,1,2,2
201900011239,2019-12-16 00:00:00,2019,12,16,0,0,74,74218,GOLF (BOULEVARD DU),46.3878,6.5565,Nuit avec éclairage allumé,Hors agglomération,Hors intersection,Normale,Autre collision,4,2,2,1,1,1,1,0,1,50,1,1,0,1,0,0,,,,,5,1,1,1,6
201900011240,2019-12-08 05:20:00,2019,12,8,5,20,73,73065,D991 / Rue des bois,45.6038384,5.9127901,Crépuscule ou aube,En agglomération,Intersection en T,Normale,Deux véhicules - côté,3,3,2,2,2,1,1,5,1,50,2,7,1,0,1,5,41.0,31.0,voiture,voiture,2,2,3,1,3
201900011241,2019-11-16 15:10:00,2019,11,16,15,10,73,73087,DERRIERE LES MURS (RUE DE),45.5605658,5.8968077,Plein jour,En agglomération,Hors intersection,Normale,Autre collision,6,-1,-1,-1,1,2,1,0,1,30,1,2,1,0,0,1,37.0,,voiture,,1,2,1,1,6
201900011242,2019-12-16 17:27:00,2019,12,16,17,27,72,72181,BUDAPEST (RUE DE),48.0194657,0.2064034,Nuit avec éclairage allumé,En agglomération,Hors intersection,Normale,Autre collision,7,2,2,0,1,1,1,0,1,50,1,2,1,0,0,1,49.0,,voiture,,5,2,1,1,6
201900011243,2019-12-17 00:34:00,2019,12,17,0,34,69,69115,AULAS (rue Michel),45.9748,4.71561,Nuit avec éclairage allumé,En agglomération,Hors intersection,Normale,Autre collision,4,2,1,0,2,3,1,0,1,50,1,1,0,0,0,1,19.0,,deux_roues,,5,2,1,1,6
201900011244,2019-12-17 17:00:00,2019,12,17,17,0,68,68066,SCHWENDI (RUE),48.07529,7.36312,Nuit avec éclairage allumé,En agglomération,Intersection en T,Normale,Autre collision,4,1,1,0,1,2,1,0,1,30,1,3,1,0,1,1,59.0,,voiture,,5,2,3,1,6
201900011245,2019-12-18 11:54:00,2019,12,18,11,54,67,67180,RHIN (ROUTE DU),48.8022,7.83598,Plein jour,Hors agglomération,Autre intersection,Normale,Autre collision,6,-1,-1,0,1,1,1,9,1,50,1,2,1,0,0,1,50.0,,voiture,,1,1,9,1,6
201900011246,2019-12-17 17:30:00,2019,12,17,17,30,66,66136,ALBERT MARCELLIN,42.68999,2.89215,Plein jour,En agglomération,Hors intersection,Normale,Autre collision,4,2,1,0,1,1,1,0,1,50,1,3,1,0,1,1,37.0,,voiture,,1,2,1,1,6
201900011247,2019-12-17 13:16:00,2019,12,17,13,16,66,66136,MERMOZ (AVENUE JEAN),42.69644,2.9084,Plein jour,En agglomération,Hors intersection,Normale,Autre collision,4,2,1,0,1,1,1,0,1,50,2,2,1,0,0,1,32.0,27.0,voiture,deux_roues,1,2,1,1,6
201900011248,2019-12-18 14:15:00,2019,12,18,14,15,64,64260,BEHOBIE (ROUTE DE),43.3496,-1.7746,Plein jour,Hors agglomération,Hors intersection,Normale,Deux véhicules - côté,4,2,2,0,1,1,1,0,1,30,2,3,1,0,0,2,50.0,76.0,voiture,voiture,1,1,1,1,3
201900011249,2019-12-17 08:35:00,2019,12,17,8,35,64,64102,GAUDEUL (RUE DU DOCTEUR BERNARD),43.4796092,-1.5020686,Plein jour,En agglomération,Hors intersection,Temps couvert,Autre collision,4,2,2,0,1,1,1,0,1,50,1,2,1,0,1,0,64.0,,voiture,,1,2,1,8,6
201900011250,2019-12-02 07:45:00,2019,12,2,7,45,64,64102,RESPLANDY (AVENUE DU CAPITAINE),43.4838416,-1.4522132,Crépuscule ou aube,En agglomération,Hors intersection,Pluie légère,Sans collision,4,2,2,0,1,1,2,0,1,50,1,1,0,0,0,1,29.0,,voiture,,2,2,1,2,7