accident_id,datetime,annee,mois,jour,heure,minute,departement,commune_insee,adresse,latitude,longitude,luminosite,agglomeration,intersection,meteo,collision,catr,circ,nbv,vosp,prof,plan,surf,infra,situ,vma,nb_vehicules,nb_usagers,nb_indemnes,nb_tues,nb_blesses_hosp,nb_blesses_legers,age_cond_1,age_cond_2,veh_type_cond_1,veh_type_cond_2,lum_code,agg_code,int_code,atm_code,col_code
201900011251,2019-12-14 18:42:00,2019,12,14,18,42,63,63063,VERTE (RUE),45.83823,3.1226,Nuit sans éclairage public,Hors agglomération,Hors intersection,Normale,Sans collision,7,2,2,0,1,1,1,0,1,50,1,1,0,0,0,1,42.0,,voiture,,3,1,1,1,7
201900011252,2019-11-10 22:00:00,2019,11,10,22,0,62,62666,VENDIN (RTE DE),50.468951,2.874105,Crépuscule ou aube,En agglomération,Hors intersection,Normale,Deux véhicules - côté,4,2,2,0,1,1,1,0,1,50,2,2,1,0,1,0,19.0,28.0,deux_roues,voiture,2,2,1,1,3
201900011253,2019-12-17 10:10:00,2019,12,17,10,10,59,59352,TOURCOING (RUE DE),50.73901,3.08163,Plein jour,En agglomération,Hors intersection,Temps couvert,Deux véhicules - frontale,4,2,2,0,1,1,2,0,1,50,2,4,1,0,0,3,86.0,53.0,voiture,transport_commun,1,2,1,8,1
201900011254,2019-12-18 13:40:00,2019,12,18,13,40,59,59017,FUSILLES (RUE DES ),50.69231,2.87984,Plein jour,En agglomération,Hors intersection,Normale,Autre collision,4,2,2,0,2,1,1,0,1,50,1,2,1,0,1,0,17.0,,deux_roues,,1,2,1,1,6
201900011255,2019-12-16 20:20:00,2019,12,16,20,20,57,57463,GENERAL METMAN (RUE DU),49.12022,6.21419,Nuit avec éclairage allumé,En agglomération,Hors intersection,Normale,Autre collision,4,2,2,0,1,1,1,0,1,50,1,2,1,0,0,1,21.0,,voiture,,5,2,1,1,6
201900011256,2019-11-28 07:30:00,2019,11,28,7,30,57,57463,WILSON (RUE ),49.12629,6.17616,Crépuscule ou aube,En agglomération,Hors intersection,Pluie forte,Autre collision,7,1,1,0,1,1,2,0,1,50,1,2,1,0,1,0,32.0,,transport_commun,,2,2,1,3,6
201900011257,2019-12-18 14:00:00,2019,12,18,14,0,56,56260,ARRADON(RUE JEROME D'),47.65566,-2.7714,Plein jour,En agglomération,Intersection en Y,Temps couvert,Deux véhicules - frontale,4,2,2,0,1,1,2,5,1,30,2,2,1,0,0,1,57.0,71.0,voiture,voiture,1,2,4,8,1
201900011258,2019-12-17 13:55:00,2019,12,17,13,55,56,56121,ROHAN ( Q DE ),47.74503,-3.36099,Plein jour,En agglomération,Intersection en T,Normale,Autre collision,4,2,2,0,1,1,1,0,1,50,1,2,1,0,0,1,61.0,,utilitaire_camion,,1,2,3,1,6
201900011259,2019-12-16 18:30:00,2019,12,16,18,30,56,56098,KERHERVY (LIEU DIT),47.76666,-3.30807,Nuit sans éclairage public,En agglomération,Intersection en Y,Pluie légère,Deux véhicules - côté,3,2,2,0,1,1,2,0,1,50,2,2,1,0,0,1,35.0,59.0,voiture,deux_roues,3,2,4,2,3
201900011260,2019-12-15 14:25:00,2019,12,15,14,25,56,56083,VAILLANT ( AV. EDOUARD ),47.81925,-3.25314,Plein jour,En agglomération,Intersection en T,Normale,Deux véhicules - côté,3,2,2,0,1,1,1,0,1,30,2,2,1,0,1,0,37.0,31.0,voiture,deux_roues,1,2,3,1,3
201900011261,2019-12-13 21:15:00,2019,12,13,21,15,54,54300,GALTIER (RUE LUCIEN),48.662782,6.220159,Nuit avec éclairage allumé,En agglomération,Hors intersection,Normale,Deux véhicules - arrière,4,2,2,0,1,2,2,0,1,50,2,1,0,0,0,1,51.0,,deux_roues,,5,2,1,1,2
201900011262,2019-12-17 17:00:00,2019,12,17,17,0,54,54395,QUATRE EGLISES (RUE DES RESTE N°),48.686024,6.184582,Nuit avec éclairage allumé,En agglomération,Hors intersection,Normale,Sans collision,4,2,3,3,1,1,1,0,1,50,1,1,0,0,0,1,,,,,5,2,1,1,7
201900011263,2019-12-16 08:00:00,2019,12,16,8,0,54,54300,PATTON (RUE DU GENERAL),48.654557,6.232381,Crépuscule ou aube,En agglomération,Hors intersection,Temps couvert,Deux véhicules - côté,4,2,2,0,1,1,2,0,1,50,2,2,1,0,0,1,18.0,45.0,deux_roues,voiture,2,2,1,8,3
201900011264,2019-12-16 15:50:00,2019,12,16,15,50,54,54323,METZ (RUE DE),49.512965,5.762567,Plein jour,En agglomération,Hors intersection,Normale,Deux véhicules - frontale,4,2,2,0,2,3,2,0,1,50,2,2,1,0,0,1,36.0,63.0,voiture,voiture,1,2,1,1,1
201900011265,2019-12-16 18:10:00,2019,12,16,18,10,52,52121,GAGARINE (RUE YOURI),48.10468,5.1476,Crépuscule ou aube,En agglomération,Hors intersection,Normale,Deux véhicules - côté,4,-1,1,0,1,2,1,0,1,50,2,1,0,0,0,1,17.0,,deux_roues,,2,2,1,1,3
201900011266,2019-12-18 17:50:00,2019,12,18,17,50,51,51454,RUE DU DOCTEUR ROBERT CREUZAT,49.2887635,4.0230188,Nuit avec éclairage allumé,En agglomération,Hors intersection,Normale,Sans collision,4,2,2,1,1,1,1,0,1,50,1,2,1,0,0,1,39.0,,voiture,,5,2,1,1,7
201900011267,2019-12-17 18:10:00,2019,12,17,18,10,47,47323,30 GRELOT(RUE DE),44.4225,0.70457,Nuit avec éclairage allumé,En agglomération,Intersection en T,Pluie légère,Deux véhicules - côté,3,2,2,0,1,1,2,0,1,50,2,2,1,0,1,0,25.0,16.0,voiture,deux_roues,5,2,3,2,3
201900011268,2019-12-17 20:00:00,2019,12,17,20,0,45,45234,R R ROLLAND - R L SEDAR SENGHOR,47.83877,1.93055,Nuit avec éclairage allumé,En agglomération,Intersection en X,Normale,Deux véhicules - côté,4,2,2,0,1,1,1,0,1,30,2,2,1,0,0,1,24.0,21.0,voiture,voiture,5,2,2,1,3
201900011269,2019-12-13 17:28:00,2019,12,13,17,28,41,41018,113 MAUNOURY (AVENUE DE MARECHAL),47.598194,1.343969,Nuit avec éclairage allumé,En agglomération,Hors intersection,Pluie légère,Autre collision,4,2,2,0,1,1,1,6,1,50,1,2,1,0,1,0,23.0,,voiture,,5,2,1,2,6
201900011270,2019-12-15 17:30:00,2019,12,15,17,30,37,37261,LUYNES (ALLEE DE),47.3822838,0.6993662,Nuit sans éclairage public,En agglomération,Hors intersection,Pluie légère,Deux véhicules - côté,4,2,2,0,1,1,2,0,1,50,2,2,0,0,1,1,36.0,36.0,voiture,deux_roues,3,2,1,2,3
201900011271,2019-12-17 01:40:00,2019,12,17,1,40,35,35238,VERN (DE),48.09591,-1.65163,Nuit avec éclairage allumé,En agglomération,Hors intersection,Pluie légère,Autre collision,4,1,2,0,1,1,2,0,1,50,1,2,1,0,1,0,32.0,,voiture,,5,2,1,2,6
201900011272,2019-12-16 19:30:00,2019,12,16,19,30,34,34172,MOULINS (AVENUE DES,43.6277116,3.840065,Nuit avec éclairage allumé,En agglomération,Hors intersection,Normale,Autre collision,4,3,4,0,1,1,1,0,1,50,4,5,2,0,0,3,31.0,27.0,voiture,voiture,5,2,1,1,6
201900011273,2019-12-13 08:00:00,2019,12,13,8,0,31,31555,AV DE REYNERIE,43.5709,1.40536,Nuit avec éclairage allumé,En agglomération,Hors intersection,Pluie forte,Autre collision,4,1,2,0,1,1,1,0,1,50,1,2,1,0,0,1,68.0,,voiture,,5,2,1,3,6
201900011274,2019-12-17 18:00:00,2019,12,17,18,0,31,31555,QU DE TOUNIS,43.599641,1.440551,Nuit avec éclairage allumé,En agglomération,Intersection en X,Normale,Deux véhicules - côté,4,1,2,0,1,1,1,0,1,30,2,2,1,0,1,0,19.0,19.0,utilitaire_camion,deux_roues,5,2,2,1,3
201900011275,2019-12-13 17:35:00,2019,12,13,17,35,31,31555,ALL CHARLES DE FITTE,43.59933,1.42956,Nuit avec éclairage non allumé,En agglomération,Hors intersection,Pluie forte,Autre collision,4,3,4,0,1,1,2,0,1,50,1,2,1,0,1,0,19.0,,voiture,,4,2,1,3,6
201900011276,2019-12-15 00:56:00,2019,12,15,0,56,31,31555,RUE RAYMOND IV,43.61247,1.45148,Nuit avec éclairage allumé,En agglomération,Hors intersection,Normale,Deux véhicules - frontale,4,2,2,0,1,1,1,0,1,50,2,3,1,0,0,2,52.0,26.0,deux_roues,voiture,5,2,1,1,1
201900011277,2019-12-13 16:16:00,2019,12,13,16,16,31,31555,RTE DE NARBONNE,43.567,1.45834,Plein jour,En agglomération,Hors intersection,Pluie légère,Deux véhicules - côté,3,2,2,0,1,1,2,0,1,50,2,2,1,0,0,1,28.0,22.0,deux_roues,voiture,1,2,1,2,3
201900011278,2019-12-13 10:40:00,2019,12,13,10,40,31,31555,ALL DES DEMOISELLES,43.589774,1.455392,Plein jour,En agglomération,Hors intersection,Pluie forte,Deux véhicules - côté,4,2,2,0,1,1,2,0,1,50,2,2,1,0,1,0,69.0,50.0,voiture,deux_roues,1,2,1,3,3
201900011279,2019-12-18 07:40:00,2019,12,18,7,40,30,30189,CROIX DE VAUVERT (CHEMIN),43.8198,4.3467,Crépuscule ou aube,En agglomération,Intersection en T,Normale,Deux véhicules - côté,4,2,2,0,1,1,2,0,1,50,2,2,0,0,0,2,58.0,64.0,voiture,voiture,2,2,3,1,3
201900011280,2019-12-17 07:50:00,2019,12,17,7,50,29,29232,CNO,48.0097282,-4.1227773,Nuit sans éclairage public,Hors agglomération,Hors intersection,Normale,Trois véhicules et plus - en chaîne,3,3,4,0,1,1,1,0,1,90,4,3,2,0,0,1,36.0,19.0,voiture,voiture,3,1,1,1,4
201900011281,2019-12-16 18:00:00,2019,12,16,18,0,29,29232,TOUL SABLE  ROND POINT DE,47.9732612,-4.0875094,Nuit avec éclairage allumé,Hors agglomération,Giratoire,Pluie légère,Deux véhicules - côté,3,1,2,0,3,2,2,9,1,50,2,2,1,0,0,1,37.0,75.0,voiture,voiture,5,1,6,2,3
201900011282,2019-12-16 17:25:00,2019,12,16,17,25,29,29232,PONT L'ABBE RUE DE,47.9905474,-4.1130645,Nuit avec éclairage allumé,En agglomération,Intersection en T,Pluie légère,Deux véhicules - côté,4,2,2,0,1,1,2,0,1,50,2,2,1,0,0,1,57.0,67.0,voiture,deux_roues,5,2,3,2,3
201900011283,2019-12-16 06:50:00,2019,12,16,6,50,26,26362,MONTELIER ROUTE DE (104),44.93824,4.93979,Nuit sans éclairage public,En agglomération,Hors intersection,Normale,Autre collision,3,2,2,0,1,1,1,0,1,50,1,2,1,0,1,0,49.0,,voiture,,3,2,1,1,6
201900011284,2019-12-17 18:40:00,2019,12,17,18,40,22,22360,SEGUIN (RUE MARC),48.48939,-2.72203,Nuit avec éclairage allumé,En agglomération,Hors intersection,Pluie légère,Autre collision,4,2,2,0,1,1,2,0,1,50,1,2,1,0,0,1,63.0,,voiture,,5,2,1,2,6
201900011285,2019-12-16 08:15:00,2019,12,16,8,15,22,22187,MOTTAIS,48.53782,-2.8271,Nuit sans éclairage public,Hors agglomération,Hors intersection,Pluie légère,Deux véhicules - frontale,4,2,2,0,2,3,2,0,1,50,2,2,1,0,1,0,44.0,32.0,deux_roues,voiture,3,1,1,2,1
201900011286,2019-11-29 18:05:00,2019,11,29,18,5,22,22278,RN12,48.505861,-2.733972,Nuit sans éclairage public,Hors agglomération,Hors intersection,Normale,Trois véhicules et plus - en chaîne,2,3,4,0,1,1,1,3,1,90,5,9,8,0,0,1,18.0,30.0,voiture,voiture,3,1,1,1,4
201900011287,2019-12-12 08:20:00,2019,12,12,8,20,19,19031,MOULIN (BOULEVARD JEAN) COTE POMPIERS,45.1629,1.50172,Plein jour,En agglomération,Hors intersection,Normale,Trois véhicules et plus - en chaîne,3,1,2,0,1,1,2,0,1,50,3,5,3,0,1,1,42.0,69.0,voiture,voiture,1,2,1,1,4
201900011288,2019-12-18 10:10:00,2019,12,18,10,10,17,17300,CORSAIRES   AVENUE DES (125),46.17294,-1.16149,Plein jour,En agglomération,Hors intersection,Normale,Deux véhicules - arrière,4,2,2,0,1,1,1,0,1,50,2,2,1,0,0,1,38.0,40.0,voiture,voiture,1,2,1,1,2
201900011289,2019-12-17 18:15:00,2019,12,17,18,15,17,17300,WILSON   AVENUE DU PRESIDENT,46.159509,-1.188546,Nuit avec éclairage allumé,En agglomération,Hors intersection,Pluie légère,Deux véhicules - côté,4,2,2,0,1,1,2,0,1,50,2,2,1,0,0,1,43.0,50.0,voiture,deux_roues,5,2,1,2,3
201900011290,2019-12-17 07:40:00,2019,12,17,7,40,17,17274,RD 108,46.1671272,-1.0909081,Nuit sans éclairage public,Hors agglomération,Intersection en T,Normale,Trois véhicules et plus - collisions multiples,3,2,2,0,1,1,1,0,1,80,3,3,2,0,0,1,40.0,47.0,voiture,transport_commun,3,1,3,1,5
201900011291,2019-12-18 07:50:00,2019,12,18,7,50,14,14118,COTE DE NACRE(AVENUE),49.20584,-0.36133,Crépuscule ou aube,Hors agglomération,Hors intersection,Normale,Autre collision,4,3,4,0,1,1,1,0,1,50,3,3,2,0,0,1,18.0,61.0,voiture,utilitaire_camion,2,1,1,1,6
201900011292,2019-12-18 12:55:00,2019,12,18,12,55,13,13209,LÉON LACHAMP (ROUTE),43.248979,5.44243,Plein jour,Hors agglomération,Hors intersection,Normale,Trois véhicules et plus - collisions multiples,3,2,2,0,2,4,1,0,1,50,3,3,0,0,0,3,56.0,71.0,voiture,voiture,1,1,1,1,5
201900011293,2019-12-17 17:55:00,2019,12,17,17,55,13,13213,JEAN PAUL SARTRE (AVENUE),43.318093,5.412756,Nuit avec éclairage allumé,En agglomération,Hors intersection,Normale,Trois véhicules et plus - en chaîne,4,1,2,0,1,1,1,0,1,50,3,4,3,0,0,1,24.0,45.0,voiture,voiture,5,2,1,1,4
201900011294,2019-12-16 17:00:00,2019,12,16,17,0,13,13214,ANATOLE DE LA FORGE (BOULEVARD),43.33938,5.3911,Crépuscule ou aube,En agglomération,Hors intersection,Normale,Deux véhicules - côté,4,2,4,0,1,1,1,0,1,50,2,4,3,0,0,1,21.0,36.0,utilitaire_camion,voiture,2,2,1,1,3
201900011295,2019-12-17 14:30:00,2019,12,17,14,30,13,13001,DE LATTRE DE TASSIGNY (AV),43.538392,5.434001,Plein jour,En agglomération,Autre intersection,Normale,Deux véhicules - côté,4,3,2,0,2,1,1,0,1,50,2,2,0,0,0,2,35.0,35.0,deux_roues,voiture,1,2,9,1,3
201900011296,2019-12-17 17:58:00,2019,12,17,17,58,10,10343,DIJON (RUE DE),48.27559,4.08368,Nuit avec éclairage allumé,En agglomération,Hors intersection,Pluie forte,Autre collision,4,2,4,0,1,1,2,0,1,50,1,3,2,0,0,1,19.0,,voiture,,5,2,1,3,6
201900011297,2019-12-18 17:30:00,2019,12,18,17,30,6,06083,"COTY (COURS RENE, SENS MONT/MER)",43.773418,7.490264,Nuit sans éclairage public,En agglomération,Hors intersection,Pluie légère,Autre collision,3,2,2,0,1,1,2,0,1,50,1,3,0,0,2,1,26.0,,deux_roues,,3,2,1,2,6
201900011298,2019-12-18 12:15:00,2019,12,18,12,15,6,06069,TASSIGNY (AVENUE DELATTRE)RD 6085,43.64909,6.93175,Plein jour,Hors agglomération,Hors intersection,Normale,Deux véhicules - côté,4,2,4,0,2,1,1,0,1,50,2,2,1,0,0,1,22.0,42.0,deux_roues,voiture,1,1,1,1,3
201900011299,2019-12-17 10:35:00,2019,12,17,10,35,6,06155,LIBERTE AV.DE LA,43.563378,7.067202,Plein jour,En agglomération,Giratoire,Normale,Deux véhicules - côté,3,1,1,0,1,2,1,5,1,50,2,2,1,0,1,0,67.0,66.0,voiture,deux_roues,1,2,6,1,3
201900011300,2019-12-17 09:15:00,2019,12,17,9,15,5,05061,LUYE ( ROUTE DE LA ),44.52264,6.05969,Plein jour,Hors agglomération,Hors intersection,Normale,Sans collision,3,2,2,0,4,3,1,0,1,70,1,3,0,0,0,3,63.0,,voiture,,1,1,1,1,7
201900011301,2019-12-16 02:00:00,2019,12,16,2,0,75,75112,BD PERIPHERIQUE EXTERIEUR,48.8299008,2.4017399,Nuit avec éclairage allumé,En agglomération,Intersection en Y,Normale,Autre collision,4,1,4,0,1,1,1,0,1,70,1,4,0,0,0,4,19.0,,voiture,,5,2,4,1,6
201900011302,2019-12-15 13:30:00,2019,12,15,13,30,75,75116,BD PERIPHERIQUE EXTERIEUR,48.875228,2.276512,Plein jour,En agglomération,Hors intersection,Normale,Deux véhicules - arrière,4,1,4,0,1,1,1,0,1,70,2,2,1,0,0,1,42.0,26.0,voiture,deux_roues,1,2,1,1,2
201900011303,2019-12-18 03:11:00,2019,12,18,3,11,75,75112,QUAI DE LA RAPEE,48.8434379,2.3701943,Nuit avec éclairage allumé,En agglomération,Hors intersection,Normale,Autre collision,4,2,4,0,1,1,1,1,1,50,1,1,0,1,0,0,44.0,,deux_roues,,5,2,1,1,6
201900011304,2019-12-17 17:45:00,2019,12,17,17,45,75,75106,BOULEVARD SAINT GERMAIN,48.8544771,2.3304654,Nuit avec éclairage allumé,En agglomération,Intersection en X,Normale,Deux véhicules - côté,4,1,3,-1,1,1,1,0,1,50,2,2,1,0,0,1,57.0,39.0,deux_roues,voiture,5,2,2,1,3
201900011305,2019-12-16 21:30:00,2019,12,16,21,30,75,75105,BOULEVARD DE L HOPITAL,48.843185,2.364137,Crépuscule ou aube,En agglomération,Intersection en Y,Normale,Autre collision,4,2,4,0,1,1,1,0,1,50,1,2,1,0,0,1,58.0,,voiture,,2,2,4,1,6
201900011306,2019-12-18 19:00:00,2019,12,18,19,0,75,75120,AVENUE GAMBETTA,48.877075,2.406424,Nuit avec éclairage allumé,En agglomération,Intersection à plus de 4 branches,Normale,Autre collision,4,2,2,3,1,1,1,0,1,50,1,1,0,0,0,1,,,,,5,2,5,1,6
201900011307,2019-12-17 13:10:00,2019,12,17,13,10,75,75119,AVENUE JEAN JAURES,48.8838732,2.3743719,Plein jour,En agglomération,Hors intersection,Normale,Autre collision,4,2,2,-1,1,1,1,0,1,50,1,1,0,0,0,1,,,,,1,2,1,1,6
201900011308,2019-12-16 20:50:00,2019,12,16,20,50,75,75118,RUE ORDENER,48.891307,2.350999,Nuit avec éclairage allumé,En agglomération,Hors intersection,Normale,Deux véhicules - côté,4,3,2,0,1,1,1,0,1,50,2,2,1,0,1,0,49.0,62.0,deux_roues,voiture,5,2,1,1,3
201900011309,2019-12-17 20:30:00,2019,12,17,20,30,75,75117,AVENUE DE LA PORTE DE CHAMPERRET,48.8864099,2.2855608,Nuit avec éclairage allumé,En agglomération,Intersection en X,Normale,Autre collision,4,2,2,3,1,1,1,0,6,30,1,2,0,0,0,2,73.0,,voiture,,5,2,2,1,6
201900011310,2019-12-16 20:50:00,2019,12,16,20,50,75,75117,BOULEVARD MALESHERBES,48.884809,2.307714,Nuit avec éclairage allumé,En agglomération,Hors intersection,Normale,Deux véhicules - côté,4,2,3,1,1,1,1,0,5,30,2,3,2,0,0,1,40.0,36.0,deux_roues,voiture,5,2,1,1,3
201900011311,2019-12-17 16:15:00,2019,12,17,16,15,75,75116,RUE DE LA POMPE,48.8696621,2.2823882,Plein jour,En agglomération,Hors intersection,Pluie légère,Autre collision,4,1,2,-1,1,1,2,0,1,50,1,2,0,0,0,2,23.0,,deux_roues,,1,2,1,2,6
201900011312,2019-12-17 06:00:00,2019,12,17,6,0,75,75116,AVENUE DE L HIPPODROME,48.8623009,2.2383142,Nuit avec éclairage allumé,En agglomération,Intersection en X,Normale,Autre collision,4,2,2,0,1,1,1,0,1,50,2,1,0,0,0,1,66.0,,deux_roues,,5,2,2,1,6
201900011313,2019-12-18 18:00:00,2019,12,18,18,0,75,75115,QUAI DE GRENELLE,48.850648,2.28404,Nuit avec éclairage allumé,En agglomération,Intersection en X,Normale,Deux véhicules - côté,4,2,2,0,1,1,1,0,1,50,2,2,1,0,0,1,27.0,51.0,deux_roues,voiture,5,2,2,1,3
201900011314,2019-12-16 17:50:00,2019,12,16,17,50,75,75115,RUE CASTAGNARY,48.83289,2.308463,Crépuscule ou aube,En agglomération,Hors intersection,Normale,Deux véhicules - arrière,4,1,1,0,1,1,1,0,1,50,2,3,1,0,0,2,22.0,53.0,deux_roues,utilitaire_camion,2,2,1,1,2
201900011315,2019-12-18 16:40:00,2019,12,18,16,40,75,75114,RUE D ALESIA,48.8294096,2.3223617,Crépuscule ou aube,En agglomération,Hors intersection,Normale,Sans collision,4,2,3,-1,1,1,1,0,1,50,1,2,1,0,0,1,20.0,,deux_roues,,2,2,1,1,7
201900011316,2019-12-16 16:13:00,2019,12,16,16,13,75,75114,RUE DE L OUEST,48.836337,2.319832,Plein jour,En agglomération,Hors intersection,Pluie légère,Autre collision,4,1,1,0,1,1,2,0,1,50,1,2,1,0,0,1,22.0,,voiture,,1,2,1,2,6
201900011317,2019-12-18 17:35:00,2019,12,18,17,35,75,75113,AVENUE DE LA PORTE D IVRY,48.819713,2.372929,Plein jour,En agglomération,Intersection en Y,Normale,Autre collision,4,2,2,-1,1,1,1,0,1,50,1,2,1,0,0,1,39.0,,voiture,,1,2,4,1,6
201900011318,2019-12-18 12:45:00,2019,12,18,12,45,75,75113,AVENUE PIERRE DE COUBERTIN,48.8179806,2.344197,Plein jour,En agglomération,Hors intersection,Normale,Deux véhicules - côté,4,2,5,0,1,1,1,0,1,50,2,2,1,0,0,1,24.0,42.0,deux_roues,voiture,1,2,1,1,3
201900011319,2019-12-17 23:40:00,2019,12,17,23,40,75,75113,AVENUE DES GOBELINS,48.834906,2.353177,Nuit avec éclairage allumé,En agglomération,Intersection en T,Normale,Autre collision,4,2,4,0,2,1,1,0,1,50,2,1,0,0,0,1,27.0,,deux_roues,,5,2,3,1,6
201900011320,2019-12-17 09:03:00,2019,12,17,9,3,75,75113,BOULEVARD KELLERMANN,48.8209896,2.3506273,Plein jour,En agglomération,Intersection en T,Normale,Deux véhicules - côté,4,3,2,-1,2,1,1,0,1,50,2,2,0,0,0,2,28.0,34.0,deux_roues,deux_roues,1,2,3,1,3
201900011321,2019-12-18 07:15:00,2019,12,18,7,15,75,75112,QUAI DE LA RAPEE,48.8393467,2.375312,Crépuscule ou aube,En agglomération,Hors intersection,Normale,Deux véhicules - côté,4,2,2,-1,2,1,1,0,1,50,2,2,1,0,0,1,47.0,47.0,deux_roues,deux_roues,2,2,1,1,3
201900011322,2019-12-18 16:25:00,2019,12,18,16,25,75,75111,BOULEVARD VOLTAIRE,48.859742,2.376877,Plein jour,En agglomération,Intersection en X,Normale,Deux véhicules - frontale,4,2,4,1,1,1,1,0,5,50,2,2,1,0,0,1,35.0,71.0,deux_roues,deux_roues,1,2,2,1,1
201900011323,2019-12-18 22:45:00,2019,12,18,22,45,75,75110,BOULEVARD DE DENAIN,48.878522,2.354068,Nuit avec éclairage allumé,En agglomération,Intersection à plus de 4 branches,Normale,Autre collision,4,1,2,3,1,1,1,0,6,30,2,1,0,0,0,1,67.0,,deux_roues,,5,2,5,1,6
201900011324,2019-12-17 11:15:00,2019,12,17,11,15,75,75110,BOULEVARD DE STRASBOURG,48.8708985,2.3551433,Plein jour,En agglomération,Hors intersection,Normale,Autre collision,4,1,3,0,1,1,1,0,1,50,2,1,0,0,0,1,40.0,,deux_roues,,1,2,1,1,6
201900011325,2019-12-18 08:30:00,2019,12,18,8,30,75,75109,RUE DROUOT,48.872876,2.340431,Plein jour,En agglomération,Intersection en X,Normale,Autre collision,4,1,1,0,1,1,1,0,1,50,1,2,1,0,0,1,59.0,,voiture,,1,2,2,1,6
201900011326,2019-12-18 20:20:00,2019,12,18,20,20,75,75108,RUE D AMSTERDAM,48.878714,2.326977,Nuit avec éclairage allumé,En agglomération,Intersection en T,Normale,Autre collision,4,1,2,-1,2,1,1,0,1,50,1,1,0,0,0,1,,,,,5,2,3,1,6
201900011327,2019-12-18 19:10:00,2019,12,18,19,10,75,75108,BOULEVARD DES BATIGNOLLES,48.88199,2.32053,Nuit avec éclairage allumé,En agglomération,Intersection en X,Normale,Deux véhicules - côté,4,1,2,1,1,1,1,5,1,50,2,2,1,0,0,1,23.0,64.0,voiture,deux_roues,5,2,2,1,3
201900011328,2019-12-18 17:35:00,2019,12,18,17,35,75,75108,AVENUE DES CHAMPS ELYSEES,48.8661051,2.3191237,Nuit avec éclairage allumé,En agglomération,Intersection en Y,Normale,Autre collision,4,2,8,3,1,1,1,0,6,50,1,1,0,0,0,1,72.0,,deux_roues,,5,2,4,1,6
201900011329,2019-12-18 16:10:00,2019,12,18,16,10,75,75108,AVENUE MONTAIGNE,48.867612,2.307719,Plein jour,En agglomération,Intersection en Y,Normale,Autre collision,4,2,5,0,1,1,1,0,1,50,1,1,0,0,0,1,21.0,,deux_roues,,1,2,4,1,6
201900011330,2019-12-18 13:50:00,2019,12,18,13,50,75,75117,BOULEVARD DE COURCELLES,48.879153,2.3030841,Plein jour,En agglomération,Intersection à plus de 4 branches,Normale,Deux véhicules - côté,4,2,4,-1,1,1,1,0,1,50,2,2,0,0,0,2,37.0,63.0,deux_roues,deux_roues,1,2,5,1,3
201900011331,2019-12-18 10:50:00,2019,12,18,10,50,75,75108,RUE DE ROME,48.876299,2.323544,Plein jour,En agglomération,Hors intersection,Normale,Deux véhicules - côté,4,2,4,3,2,1,1,0,6,50,2,2,1,0,0,1,19.0,36.0,deux_roues,voiture,1,2,1,1,3
201900011332,2019-12-18 10:00:00,2019,12,18,10,0,75,75108,ROND POINT CHAMPS ELYSEES MARCEL DASSAUL,48.868292,2.310176,Plein jour,En agglomération,Giratoire,Normale,Deux véhicules - côté,4,1,4,0,1,1,1,0,1,50,2,2,1,0,0,1,24.0,40.0,deux_roues,voiture,1,2,6,1,3
201900011333,2019-12-17 14:45:00,2019,12,17,14,45,75,75108,AVENUE MARCEAU,48.8685611,2.2989106,Plein jour,En agglomération,Intersection en X,Normale,Deux véhicules - côté,4,2,4,-1,2,1,1,0,1,50,2,2,1,0,0,1,30.0,44.0,voiture,deux_roues,1,2,2,1,3
201900011334,2019-12-17 14:45:00,2019,12,17,14,45,75,75108,AVENUE MATIGNON,48.871748,2.314172,Plein jour,En agglomération,Intersection en X,Temps couvert,Deux véhicules - côté,4,1,3,3,1,1,2,0,6,50,2,3,2,0,0,1,29.0,37.0,deux_roues,utilitaire_camion,1,2,2,8,3
201900011335,2019-12-18 20:00:00,2019,12,18,20,0,75,75107,ROND POINT DU BLEUET DE FRANCE,48.8588564,2.3129869,Nuit avec éclairage allumé,En agglomération,Place,Normale,Deux véhicules - arrière,4,1,3,0,1,2,1,0,1,50,2,2,1,0,0,1,50.0,41.0,voiture,deux_roues,5,2,7,1,2
201900011336,2019-12-18 17:10:00,2019,12,18,17,10,75,75107,BOULEVARD SAINT GERMAIN,48.859996,2.321688,Nuit avec éclairage allumé,En agglomération,Intersection en X,Normale,Deux véhicules - côté,4,1,3,-1,1,1,1,0,1,50,2,2,1,0,0,1,34.0,55.0,deux_roues,deux_roues,5,2,2,1,3
201900011337,2019-12-17 16:00:00,2019,12,17,16,0,75,75107,RUE DE CONSTANTINE,48.858353,2.314644,Plein jour,En agglomération,Hors intersection,Temps couvert,Autre collision,4,1,3,-1,1,1,1,0,1,30,1,2,1,0,0,1,24.0,,voiture,,1,2,1,8,6
201900011338,2019-12-17 07:25:00,2019,12,17,7,25,75,75107,PONT ALEXANDRE III,48.862823,2.3134575,Nuit avec éclairage allumé,En agglomération,Intersection en X,Normale,Autre collision,4,2,8,-1,1,1,1,2,1,50,1,2,1,0,0,1,33.0,,voiture,,5,2,2,1,6
201900011339,2019-12-18 20:20:00,2019,12,18,20,20,75,75104,QUAI DES CELESTINS,48.85236,2.360489,Nuit avec éclairage allumé,En agglomération,Intersection en T,Normale,Sans collision,4,2,4,-1,1,1,1,0,1,50,1,1,0,0,0,1,28.0,,deux_roues,,5,2,3,1,7