accident_id,datetime,annee,mois,jour,heure,minute,departement,commune_insee,adresse,latitude,longitude,luminosite,agglomeration,intersection,meteo,collision,catr,circ,nbv,vosp,prof,plan,surf,infra,situ,vma,nb_vehicules,nb_usagers,nb_indemnes,nb_tues,nb_blesses_hosp,nb_blesses_legers,age_cond_1,age_cond_2,veh_type_cond_1,veh_type_cond_2,lum_code,agg_code,int_code,atm_code,col_code
201900011430,2019-09-13 07:00:00,2019,9,13,7,0,75,75117,BD PERIPHERIQUE INTERIEUR,48.889237,2.296154,Plein jour,En agglomération,Hors intersection,Normale,Deux véhicules - arrière,4,1,4,0,1,1,1,1,1,70,2,2,1,0,0,1,22.0,43.0,voiture,voiture,1,2,1,1,2
201900011431,2019-09-14 20:30:00,2019,9,14,20,30,75,75112,COURS DE VINCENNES,48.847071,2.410751,Nuit avec éclairage allumé,En agglomération,Hors intersection,Normale,Autre collision,4,2,4,1,1,1,1,0,5,50,2,1,0,0,0,1,15.0,,deux_roues,,5,2,1,1,6
201900011432,2019-09-14 00:50:00,2019,9,14,0,50,75,75116,ALLEE DE LONGCHAMP,48.869436,2.255861,Nuit avec éclairage allumé,En agglomération,Hors intersection,Normale,Deux véhicules - côté,4,2,2,0,1,1,1,0,1,50,2,2,1,0,0,1,44.0,30.0,voiture,voiture,5,2,1,1,3
201900011433,2019-09-14 16:40:00,2019,9,14,16,40,75,75113,BOULEVARD KELLERMANN,48.820661,2.34945,Plein jour,En agglomération,Intersection en T,Normale,Deux véhicules - arrière,4,2,4,0,2,1,1,0,1,50,2,2,1,0,0,1,35.0,65.0,deux_roues,voiture,1,2,3,1,2
201900011434,2019-09-13 22:30:00,2019,9,13,22,30,75,75112,BOULEVARD DIDEROT,48.846682,2.380938,Nuit avec éclairage allumé,En agglomération,Hors intersection,Normale,Trois véhicules et plus - en chaîne,4,2,2,0,1,1,1,0,1,50,3,3,2,0,0,1,38.0,29.0,voiture,voiture,5,2,1,1,4
201900011435,2019-09-13 10:20:00,2019,9,13,10,20,75,75103,RUE DU VERTBOIS,48.866815,2.358997,Plein jour,En agglomération,Hors intersection,Normale,Autre collision,4,2,12,0,1,1,1,0,1,30,1,1,0,0,0,1,36.0,,deux_roues,,1,2,1,1,6
201900011436,2019-09-14 20:00:00,2019,9,14,20,0,75,75101,RUE DU PONT NEUF,48.8604725,2.3444512,Nuit avec éclairage allumé,En agglomération,Hors intersection,Normale,Autre collision,4,1,1,0,1,1,1,0,4,50,1,2,1,0,1,0,22.0,,deux_roues,,5,2,1,1,6
201900011437,2019-09-14 10:40:00,2019,9,14,10,40,94,94080,FRANCE (R DE),48.84892,2.45485,Plein jour,En agglomération,Hors intersection,Normale,Deux véhicules - côté,4,2,2,0,1,1,1,0,1,25,2,2,1,0,0,1,60.0,,autre,,1,2,1,1,3
201900011438,2019-09-14 20:05:00,2019,9,14,20,5,94,94041,LOUIS FABLET (R),48.80942,2.38558,Crépuscule ou aube,En agglomération,Hors intersection,Normale,Autre collision,4,1,1,0,1,2,1,0,3,50,1,1,0,0,0,1,45.0,,deux_roues,,2,2,1,1,6
201900011439,2019-09-13 09:00:00,2019,9,13,9,0,94,94044,VALENTON (AV DE),48.7437,2.5042,Plein jour,En agglomération,Hors intersection,Normale,Autre collision,3,3,2,0,1,1,1,0,1,30,1,2,1,0,0,1,45.0,,voiture,,1,2,1,1,6
201900011440,2019-09-14 16:10:00,2019,9,14,16,10,93,93073,BLUM (RUE LEON),48.94754,2.56709,Plein jour,En agglomération,Hors intersection,Normale,Deux véhicules - côté,4,2,2,0,1,1,1,0,1,50,2,3,2,0,0,1,34.0,32.0,voiture,transport_commun,1,2,1,1,3
201900011441,2019-09-14 17:05:00,2019,9,14,17,5,93,93072,ARISTIDE BRIAND (AVENUE) COTE DES N°1A87,48.96081,2.38161,Plein jour,En agglomération,Intersection en T,Normale,Autre collision,4,2,2,0,1,1,1,0,3,30,1,2,1,0,1,0,67.0,,voiture,,1,2,3,1,6
201900011442,2019-09-14 16:15:00,2019,9,14,16,15,93,93071,DOCTEUR SCHAFFNER (AVENUE DU),48.93641,2.5135,Plein jour,En agglomération,Intersection en T,Normale,Deux véhicules - côté,4,-1,1,0,1,1,1,0,3,50,2,2,1,0,0,1,71.0,24.0,voiture,voiture,1,2,3,1,3
201900011443,2019-09-14 08:50:00,2019,9,14,8,50,93,93039,SEINE (QUAI DE ),48.935242,2.340961,Plein jour,En agglomération,Hors intersection,Normale,Autre collision,3,1,1,0,1,1,1,2,1,50,1,1,0,0,0,1,48.0,,deux_roues,,1,2,1,1,6
201900011444,2019-09-14 18:35:00,2019,9,14,18,35,93,93064,QUATRIEME ZOUAVES (RUE DU),48.872991,2.479715,Plein jour,En agglomération,Hors intersection,Normale,Autre collision,3,2,2,0,4,1,1,0,3,50,1,2,1,0,0,1,32.0,,utilitaire_camion,,1,2,1,1,6
201900011445,2019-09-14 14:30:00,2019,9,14,14,30,93,93051,MICHEL GOUTIER (NR PAIRS),48.8465,2.57138,Plein jour,En agglomération,Intersection en T,Normale,Deux véhicules - côté,4,2,2,1,1,1,1,0,3,50,2,3,2,0,0,1,23.0,36.0,voiture,deux_roues,1,2,3,1,3
201900011446,2019-09-11 14:45:00,2019,9,11,14,45,93,93051,MEDERIC (AVENUE),48.829445,2.57238,Plein jour,En agglomération,Hors intersection,Normale,Deux véhicules - frontale,3,2,2,0,1,1,1,0,1,50,2,4,3,0,0,1,37.0,43.0,utilitaire_camion,voiture,1,2,1,1,1
201900011447,2019-09-14 18:13:00,2019,9,14,18,13,93,93029,HENRI BARBUSSE (AVE) N°2-124,48.91801,2.44778,Plein jour,En agglomération,Hors intersection,Normale,Autre collision,3,2,2,0,1,1,1,0,1,50,1,2,1,0,0,1,42.0,,voiture,,1,2,1,1,6
201900011448,2019-09-14 18:09:00,2019,9,14,18,9,93,93013,QUINET (RUE EDGAR),48.93453,2.42922,Plein jour,En agglomération,Intersection en T,Normale,Deux véhicules - côté,4,1,2,0,1,1,1,0,1,50,2,2,0,0,2,0,49.0,34.0,voiture,voiture,1,2,3,1,3
201900011449,2019-09-13 18:15:00,2019,9,13,18,15,93,93047,HARDY  (BOULEVARD),48.90662,2.57091,Plein jour,En agglomération,Hors intersection,Normale,Deux véhicules - arrière,4,2,2,0,1,1,1,0,1,50,2,2,1,0,0,1,21.0,52.0,voiture,voiture,1,2,1,1,2
201900011450,2019-09-14 21:30:00,2019,9,14,21,30,93,93057,BRIAND (AV. ARISTIDE) 2 A 132,48.9083,2.4977,Nuit sans éclairage public,En agglomération,Hors intersection,Normale,Deux véhicules - côté,3,3,3,0,1,1,1,0,1,50,2,1,0,0,1,0,32.0,,deux_roues,,3,2,1,1,3
201900011451,2019-09-14 00:20:00,2019,9,14,0,20,93,93010,GALLIENI (AV.) DE 1 A 109,48.9067384,2.486912,Nuit avec éclairage allumé,En agglomération,Autre intersection,Normale,Deux véhicules - côté,3,-1,0,0,1,1,1,9,1,50,2,3,1,0,0,2,21.0,,voiture,,5,2,9,1,3
201900011452,2019-09-14 18:40:00,2019,9,14,18,40,93,93005,PARINOR,48.95664,2.47654,Plein jour,Hors agglomération,Hors intersection,Normale,Autre collision,6,3,0,0,1,1,1,0,1,30,1,1,0,0,0,1,,,,,1,1,1,1,6
201900011453,2019-09-13 21:20:00,2019,9,13,21,20,92,92046,Charles de gaulle,48.82119,2.29704,Nuit avec éclairage allumé,En agglomération,Intersection en T,Normale,Deux véhicules - arrière,3,2,0,0,1,1,1,0,1,50,2,3,1,0,0,2,35.0,50.0,utilitaire_camion,voiture,5,2,3,1,2
201900011454,2019-09-14 09:19:00,2019,9,14,9,19,92,92020,ESTIENNE D'ORVES RUE D',48.79971,2.28592,Plein jour,En agglomération,Intersection en X,Normale,Autre collision,3,2,2,0,1,1,1,9,1,50,1,1,0,0,1,0,,,,,1,2,2,1,6
201900011455,2019-09-15 01:35:00,2019,9,15,1,35,22,22209,la belle noé,48.567726,-2.127469,Nuit sans éclairage public,Hors agglomération,Hors intersection,Autre,Autre collision,3,2,2,0,1,1,1,0,8,80,1,2,0,2,0,0,22.0,,voiture,,3,1,1,9,6
201900011456,2019-09-14 10:25:00,2019,9,14,10,25,71,71227,Longve,46.686091,3.921907,Plein jour,Hors agglomération,Hors intersection,Normale,Deux véhicules - arrière,3,2,2,0,3,2,1,0,1,80,2,2,1,0,1,0,68.0,48.0,voiture,deux_roues,1,1,1,1,2
201900011457,2019-09-14 17:52:00,2019,9,14,17,52,33,33138,RD674 / RD674E4,45.044637,-0.121724,Plein jour,En agglomération,Intersection en T,Normale,Deux véhicules - côté,3,2,2,0,1,1,1,0,1,50,2,2,1,0,1,0,53.0,13.0,voiture,deux_roues,1,2,3,1,3
201900011458,2019-09-14 03:15:00,2019,9,14,3,15,45,45247,D2060 - PK 33 + 400,47.988288,2.665336,Nuit sans éclairage public,Hors agglomération,Hors intersection,Normale,Autre collision,3,3,4,-1,1,3,1,0,1,90,1,1,0,0,1,0,26.0,,voiture,,3,1,1,1,6
201900011459,2019-09-14 23:15:00,2019,9,14,23,15,49,49092,D149,47.242346,-0.765976,Nuit sans éclairage public,Hors agglomération,Hors intersection,Normale,Deux véhicules - frontale,3,2,2,0,2,1,1,0,1,80,2,3,1,0,0,2,20.0,34.0,voiture,voiture,3,1,1,1,1
201900011460,2019-09-15 18:25:00,2019,9,15,18,25,76,76235,72 rue des canadiens,49.8971767,1.2596041,Plein jour,En agglomération,Intersection en T,Temps éblouissant,Deux véhicules - côté,3,2,2,0,1,1,1,0,1,50,2,3,1,0,1,1,47.0,23.0,deux_roues,voiture,1,2,3,7,3
201900011461,2019-09-15 03:45:00,2019,9,15,3,45,31,31273,18 Route de Barranquet,43.693338,1.511399,Nuit avec éclairage allumé,En agglomération,Hors intersection,Normale,Autre collision,3,2,2,0,2,3,1,0,3,50,1,2,0,1,1,0,22.0,,voiture,,5,2,1,1,6
201900011462,2019-09-15 09:10:00,2019,9,15,9,10,83,83073,,43.4028025,6.2819016,Plein jour,Hors agglomération,Hors intersection,Normale,Deux véhicules - arrière,1,3,3,0,1,1,1,0,8,110,2,5,4,1,0,0,73.0,45.0,voiture,voiture,1,1,1,1,2
201900011463,2019-09-14 14:35:00,2019,9,14,14,35,972,97223,RD 6 intersection lotissement carreau,14.556164,-60.945177,Plein jour,Hors agglomération,Giratoire,Normale,Deux véhicules - côté,3,2,2,0,2,1,1,0,1,50,2,4,1,0,1,2,47.0,44.0,voiture,utilitaire_camion,1,1,6,1,3
201900011464,2019-09-15 02:10:00,2019,9,15,2,10,26,26337,AUTOROUTE A7 - PK 97 - sens NORD/SUD,44.703409,4.799022,Nuit sans éclairage public,Hors agglomération,Hors intersection,Normale,Autre collision,1,3,5,0,1,1,1,0,1,130,1,2,1,0,1,0,59.0,,voiture,,3,1,1,1,6
201900011465,2019-09-13 07:35:00,2019,9,13,7,35,67,67236,route départementale 31,48.694141,7.579813,Crépuscule ou aube,Hors agglomération,Hors intersection,Temps éblouissant,Trois véhicules et plus - en chaîne,3,2,2,0,4,1,1,0,1,80,3,3,2,0,0,1,19.0,62.0,voiture,voiture,2,1,1,7,4
201900011466,2019-09-15 09:25:00,2019,9,15,9,25,6,06130,PK 27+200 Route Departementale 6085,43.715033,6.855326,Plein jour,Hors agglomération,Hors intersection,Normale,Deux véhicules - côté,3,2,2,0,2,2,1,0,1,80,2,2,1,0,1,0,58.0,43.0,deux_roues,deux_roues,1,1,1,1,3
201900011467,2019-09-14 23:00:00,2019,9,14,23,0,51,51492,RD 440,48.5631269,3.7797701,Nuit sans éclairage public,Hors agglomération,Hors intersection,Normale,Deux véhicules - frontale,3,2,2,0,1,1,1,0,1,80,2,3,0,1,0,2,27.0,44.0,voiture,voiture,3,1,1,1,1
201900011468,2019-09-14 02:45:00,2019,9,14,2,45,56,56075,La Peignardais,47.952436,-2.105196,Nuit sans éclairage public,Hors agglomération,Hors intersection,Normale,Sans collision,3,2,2,0,1,3,1,2,8,80,1,2,0,1,0,1,27.0,,voiture,,3,1,1,1,7
201900011469,2019-09-14 05:50:00,2019,9,14,5,50,89,89439,Rn77,47.97397,3.730769,Nuit sans éclairage public,Hors agglomération,Hors intersection,Normale,Deux véhicules - frontale,2,2,2,0,1,1,1,0,1,80,2,2,1,0,1,0,40.0,71.0,voiture,voiture,3,1,1,1,1
201900011470,2019-09-14 17:30:00,2019,9,14,17,30,63,63397,CD 922 PK 5+500,45.602246,2.695798,Plein jour,Hors agglomération,Hors intersection,Normale,Sans collision,3,2,2,0,4,1,1,0,2,70,1,1,0,0,0,1,21.0,,deux_roues,,1,1,1,1,7
201900011471,2019-09-14 14:00:00,2019,9,14,14,0,61,61508,"Route d'Orbec, D16",48.934249,0.212014,Plein jour,Hors agglomération,Hors intersection,Normale,Autre collision,3,2,2,0,2,2,1,0,3,80,1,1,0,0,1,0,46.0,,voiture,,1,1,1,1,6
201900011472,2019-09-14 09:40:00,2019,9,14,9,40,42,42206,La Cartala,45.533394,4.319912,Plein jour,Hors agglomération,Intersection en T,Normale,Deux véhicules - côté,3,2,2,0,1,1,1,0,1,80,2,2,1,0,0,1,46.0,79.0,deux_roues,voiture,1,1,3,1,3
201900011473,2019-09-13 12:10:00,2019,9,13,12,10,47,47004,D251,44.314418,0.372506,Plein jour,Hors agglomération,Hors intersection,Normale,Sans collision,3,2,2,0,1,1,1,0,3,80,1,1,0,0,1,0,36.0,,voiture,,1,1,1,1,7
201900011474,2019-09-14 20:30:00,2019,9,14,20,30,39,39478,,46.378129,5.810302,Nuit sans éclairage public,Hors agglomération,Hors intersection,Normale,Deux véhicules - arrière,3,3,4,0,2,1,1,0,1,90,2,2,1,0,1,0,24.0,19.0,deux_roues,voiture,3,1,1,1,2
201900011475,2019-09-13 18:25:00,2019,9,13,18,25,44,44194,1 RUE DE L'ORANGERIE 44880,47.261426,-1.681878,Crépuscule ou aube,En agglomération,Intersection en T,Temps éblouissant,Deux véhicules - frontale,4,2,2,0,1,1,1,0,1,50,2,2,1,0,0,1,83.0,45.0,voiture,deux_roues,2,2,3,7,1
201900011476,2019-09-14 04:40:00,2019,9,14,4,40,35,35243,ROND POINT RN 12 / RD 18,48.342651,-1.292721,Nuit sans éclairage public,Hors agglomération,Giratoire,Normale,Autre collision,2,3,4,0,1,1,1,5,1,90,1,5,2,0,2,1,21.0,,voiture,,3,1,6,1,6
201900011477,2019-09-15 17:00:00,2019,9,15,17,0,38,38523,Route de Champ Moyet,45.20981,5.35244,Plein jour,Hors agglomération,Intersection en T,Normale,Deux véhicules - arrière,3,2,2,0,1,1,1,0,1,80,2,4,2,0,0,2,36.0,27.0,deux_roues,voiture,1,1,3,1,2
201900011478,2019-09-15 05:50:00,2019,9,15,5,50,38,38093,La Grande Charrière,45.31652,5.22996,Crépuscule ou aube,En agglomération,Hors intersection,Normale,Autre collision,4,2,2,0,1,1,1,0,1,50,1,1,0,1,0,0,23.0,,voiture,,2,2,1,1,6
201900011479,2019-09-15 16:15:00,2019,9,15,16,15,38,38431,Route de Saint-Pancrasse,45.259946,5.845535,Plein jour,Hors agglomération,Autre intersection,Normale,Deux véhicules - côté,3,2,2,0,2,3,1,0,1,80,2,2,1,0,1,0,53.0,51.0,voiture,deux_roues,1,1,9,1,3
201900011480,2019-09-14 19:30:00,2019,9,14,19,30,15,15134,D920,44.712029,2.502017,Plein jour,En agglomération,Hors intersection,Normale,Sans collision,3,-1,2,0,2,1,1,0,1,50,1,1,0,0,1,0,21.0,,deux_roues,,1,2,1,1,7
201900011481,2019-09-15 06:50:00,2019,9,15,6,50,72,72071,123 route des fontaines,47.682832,0.399524,Crépuscule ou aube,En agglomération,Hors intersection,Normale,Autre collision,3,2,2,0,1,2,1,0,8,50,1,2,0,0,0,2,22.0,,voiture,,2,2,1,1,6
201900011482,2019-09-15 17:24:00,2019,9,15,17,24,72,72363,le vichampe,48.117237,0.500673,Plein jour,Hors agglomération,Hors intersection,Normale,Deux véhicules - frontale,3,2,2,0,2,1,1,0,1,70,2,3,0,0,0,3,35.0,71.0,voiture,voiture,1,1,1,1,1
201900011483,2019-09-15 10:00:00,2019,9,15,10,0,5,05148,D14,44.650747,6.091462,Plein jour,Hors agglomération,Hors intersection,Normale,Sans collision,3,2,2,0,1,1,1,0,1,80,1,1,0,0,1,0,24.0,,deux_roues,,1,1,1,1,7
201900011484,2019-09-15 06:15:00,2019,9,15,6,15,64,64313,D508,43.2653079,-1.1117313,Nuit sans éclairage public,Hors agglomération,Hors intersection,Normale,Sans collision,3,2,2,0,1,2,1,0,3,80,1,1,0,0,0,1,33.0,,voiture,,3,1,1,1,7
201900011485,2019-09-15 12:24:00,2019,9,15,12,24,18,18045,RD34,46.871256,2.660501,Plein jour,Hors agglomération,Hors intersection,Normale,Sans collision,3,2,2,0,1,1,1,0,1,80,1,1,0,0,0,1,42.0,,deux_roues,,1,1,1,1,7
201900011486,2019-09-15 06:30:00,2019,9,15,6,30,36,36150,La Rauderie,46.4405925,1.4434898,Crépuscule ou aube,Hors agglomération,Hors intersection,Normale,Autre collision,3,2,2,0,1,1,1,0,3,80,1,1,0,0,1,0,22.0,,voiture,,2,1,1,1,6
201900011487,2019-09-15 09:10:00,2019,9,15,9,10,16,16086,20 Route de Pressignac,45.850502,0.760484,Plein jour,En agglomération,Intersection en X,Normale,Deux véhicules - côté,3,2,2,0,2,1,1,0,1,50,2,2,1,0,1,0,53.0,60.0,deux_roues,voiture,1,2,2,1,3
201900011488,2019-09-14 19:30:00,2019,9,14,19,30,16,16220,Ld Les Fougères,45.709806,-0.163229,Crépuscule ou aube,Hors agglomération,Intersection en X,Normale,Deux véhicules - côté,3,2,2,0,2,1,1,0,1,80,2,3,2,0,1,0,19.0,50.0,voiture,voiture,2,1,2,1,3
201900011489,2019-09-15 14:40:00,2019,9,15,14,40,16,16028,1 Boulevard Gambetta,45.470986,-0.153183,Plein jour,En agglomération,Hors intersection,Normale,Autre collision,9,2,2,0,1,1,1,6,4,30,1,1,0,0,0,1,21.0,,deux_roues,,1,2,1,1,6
201900011490,2019-09-14 21:45:00,2019,9,14,21,45,53,53104,63-65 rue de la Divison LECLERC,47.854277,-0.607377,Nuit avec éclairage allumé,En agglomération,Hors intersection,Normale,Deux véhicules - frontale,3,2,2,0,2,2,9,0,1,50,2,2,0,0,1,1,19.0,67.0,voiture,voiture,5,2,1,1,1
201900011491,2019-09-15 18:15:00,2019,9,15,18,15,27,27417,D316,49.366566,1.564998,Plein jour,Hors agglomération,Intersection en X,Normale,Deux véhicules - frontale,3,2,2,0,1,1,1,5,1,80,2,2,0,0,1,1,40.0,60.0,deux_roues,voiture,1,1,2,1,1
201900011492,2019-09-15 15:27:00,2019,9,15,15,27,30,30133,Quai Colbert,43.536271,4.13544,Plein jour,En agglomération,Hors intersection,Normale,Autre collision,4,1,1,0,1,1,1,0,1,50,1,2,1,0,0,1,71.0,,voiture,,1,2,1,1,6
201900011493,2019-09-15 12:16:00,2019,9,15,12,16,48,48146,RD986,44.366411,3.410526,Plein jour,Hors agglomération,Hors intersection,Normale,Autre collision,3,2,2,0,2,2,1,0,1,80,1,1,0,0,0,1,56.0,,deux_roues,,1,1,1,1,6
201900011494,2019-09-15 07:00:00,2019,9,15,7,0,988,98805,Route du barrage,-22.13366,166.51325,Plein jour,Hors agglomération,Hors intersection,Normale,Trois véhicules et plus - collisions multiples,5,2,2,0,1,2,1,2,1,-1,3,3,2,0,1,0,47.0,81.0,voiture,utilitaire_camion,1,1,1,1,5
201900011495,2019-09-14 22:30:00,2019,9,14,22,30,38,38249,A 41 Sud p 005.70,45.222827,5.821739,Nuit sans éclairage public,Hors agglomération,Hors intersection,Normale,Deux véhicules - arrière,1,2,2,0,1,1,1,0,1,130,2,4,2,0,1,1,73.0,27.0,voiture,voiture,3,1,1,1,2
201900011496,2019-09-14 22:50:00,2019,9,14,22,50,18,18038,A71 - PK 241.050,46.778991,2.408635,Nuit sans éclairage public,Hors agglomération,Hors intersection,Normale,Autre collision,1,3,4,0,1,1,1,0,1,130,1,3,1,0,1,1,23.0,,voiture,,3,1,1,1,6
201900011497,2019-09-13 17:34:00,2019,9,13,17,34,44,44030,"rue des fossés blancs / rue de la lande ""mayun""",47.443436,-2.258802,Plein jour,En agglomération,Intersection en X,Normale,Deux véhicules - côté,4,2,2,0,1,1,1,0,1,50,2,2,1,0,1,0,48.0,65.0,deux_roues,transport_commun,1,2,2,1,3
201900011498,2019-09-15 07:45:00,2019,9,15,7,45,988,98802,RT1,-21.888046,166.071335,Plein jour,Hors agglomération,Hors intersection,Normale,Autre collision,2,2,2,0,1,3,1,0,8,70,1,4,1,1,2,0,27.0,,voiture,,1,1,1,1,6
201900011499,2019-09-15 11:20:00,2019,9,15,11,20,973,97304,avenue de France,5.168804,-52.646155,Plein jour,En agglomération,Autre intersection,Normale,Deux véhicules - arrière,3,2,2,0,1,1,1,0,1,50,2,2,1,0,0,1,29.0,23.0,deux_roues,voiture,1,2,9,1,2
201900011500,2019-09-14 13:45:00,2019,9,14,13,45,971,97128,Chateaubrun,16.25342,-61.354017,Plein jour,Hors agglomération,Hors intersection,Normale,Trois véhicules et plus - collisions multiples,2,2,2,0,4,3,1,0,1,80,4,4,3,0,1,0,24.0,28.0,voiture,deux_roues,1,1,1,1,5
201900011501,2019-09-14 14:30:00,2019,9,14,14,30,2B,2B314,RD 81,42.656632,9.252443,Plein jour,Hors agglomération,Hors intersection,Normale,Autre collision,3,2,2,0,1,2,1,0,3,80,1,1,0,0,1,0,40.0,,deux_roues,,1,1,1,1,6
201900011502,2019-09-14 17:40:00,2019,9,14,17,40,2B,2B350,Lieu Dit Funtanone -RT 20-,42.510893,9.38613,Plein jour,En agglomération,Intersection en T,Normale,Deux véhicules - côté,2,2,2,0,1,1,1,8,1,50,2,3,1,0,0,2,55.0,33.0,deux_roues,utilitaire_camion,1,2,3,1,3
201900011503,2019-09-15 13:45:00,2019,9,15,13,45,34,34102,D 109,43.804208,3.924232,Plein jour,Hors agglomération,Hors intersection,Pluie légère,Deux véhicules - frontale,3,2,2,0,1,2,2,0,1,80,2,2,0,0,2,0,75.0,46.0,voiture,voiture,1,1,1,2,1
201900011504,2019-09-15 04:30:00,2019,9,15,4,30,34,34344,Avenue du Grand Travers,43.558383,4.055408,Nuit avec éclairage allumé,Hors agglomération,Hors intersection,Normale,Autre collision,9,2,2,0,1,1,1,0,3,30,1,2,0,0,0,2,27.0,,voiture,,5,1,1,1,6
201900011505,2019-09-15 20:35:00,2019,9,15,20,35,84,84063,N86,44.260534,4.662528,Nuit sans éclairage public,Hors agglomération,Hors intersection,Normale,Deux véhicules - côté,2,2,2,0,1,1,1,0,1,70,2,2,1,0,1,0,33.0,41.0,deux_roues,voiture,3,1,1,1,3
201900011506,2019-09-14 14:15:00,2019,9,14,14,15,83,83107,route nationale 7,43.445024,6.638591,Plein jour,Hors agglomération,Hors intersection,Normale,Deux véhicules - côté,3,2,3,0,1,1,1,0,1,80,2,3,1,1,0,1,61.0,27.0,voiture,voiture,1,1,1,1,3
201900011507,2019-09-15 13:15:00,2019,9,15,13,15,83,83081,RD 37,43.587815,6.79225,Plein jour,Hors agglomération,Hors intersection,Normale,Deux véhicules - frontale,3,2,2,0,2,3,1,0,1,80,2,2,1,1,0,0,43.0,47.0,deux_roues,voiture,1,1,1,1,1
201900011508,2019-09-15 15:20:00,2019,9,15,15,20,5,05063,RD1091,45.037526,6.233716,Plein jour,Hors agglomération,Hors intersection,Normale,Sans collision,3,2,2,0,2,2,1,0,1,80,1,2,0,0,2,0,54.0,,deux_roues,,1,1,1,1,7
201900011509,2019-09-14 12:00:00,2019,9,14,12,0,5,05126,rue de l'église,44.393987,5.472814,Plein jour,En agglomération,Hors intersection,Normale,Deux véhicules - frontale,4,2,2,0,2,2,1,0,1,50,2,2,1,0,1,0,26.0,67.0,deux_roues,voiture,1,2,1,1,1
201900011510,2019-09-13 19:00:00,2019,9,13,19,0,13,13076,Intersection chemin du moulin du plan / D7N,43.800785,5.005293,Plein jour,Hors agglomération,Intersection en Y,Normale,Deux véhicules - côté,3,2,2,0,1,1,1,0,1,80,2,6,5,0,0,1,20.0,27.0,voiture,deux_roues,1,1,4,1,3
201900011511,2019-09-10 08:20:00,2019,9,10,8,20,67,67551,Route de Wasselonne,48.591516,7.671987,Plein jour,En agglomération,Intersection en T,Normale,Deux véhicules - frontale,4,2,2,2,1,1,1,5,5,50,2,2,1,0,0,1,30.0,37.0,voiture,deux_roues,1,2,3,1,1
201900011512,2019-09-15 10:20:00,2019,9,15,10,20,55,55169,30 Avenue Victor Hugo,49.527307,5.462086,Plein jour,En agglomération,Hors intersection,Normale,Sans collision,3,2,2,0,1,3,1,0,1,50,1,1,0,0,1,0,82.0,,deux_roues,,1,2,1,1,7
201900011513,2019-09-15 05:28:00,2019,9,15,5,28,42,42285,Les Baraillons,45.574729,4.147542,Nuit sans éclairage public,Hors agglomération,Hors intersection,Normale,Sans collision,3,2,2,0,1,1,1,0,8,80,1,1,0,0,0,1,18.0,,voiture,,3,1,1,1,7
201900011514,2019-09-15 11:30:00,2019,9,15,11,30,42,42179,Route du Château d'Eau,45.662397,4.025983,Plein jour,En agglomération,Hors intersection,Normale,Autre collision,4,2,2,0,4,3,1,0,3,50,1,1,0,0,1,0,64.0,,deux_roues,,1,2,1,1,6
201900011515,2019-08-08 08:55:00,2019,8,8,8,55,69,69273,Rue Jean Macé,45.65938,4.9024,Plein jour,En agglomération,Intersection en X,Normale,Autre collision,4,2,2,0,1,1,1,5,5,50,1,2,1,0,1,0,72.0,,voiture,,1,2,2,1,6
201900011516,2019-09-14 05:00:00,2019,9,14,5,0,86,86274,Route départementale 347,47.036164,0.044031,Nuit sans éclairage public,Hors agglomération,Hors intersection,Normale,Autre collision,3,2,2,0,1,1,1,0,3,80,1,1,0,0,1,0,37.0,,voiture,,3,1,1,1,6
201900011517,2019-09-15 02:15:00,2019,9,15,2,15,14,14354,Rue du Général Leclerc,49.325745,-0.372698,Nuit avec éclairage allumé,En agglomération,Hors intersection,Normale,Autre collision,3,2,2,0,1,1,1,0,4,30,1,1,0,1,0,0,45.0,,voiture,,5,2,1,1,6
201900011518,2019-09-14 20:15:00,2019,9,14,20,15,62,62170,Rue de Lucheux,50.425264,2.665811,Nuit avec éclairage allumé,En agglomération,Hors intersection,Normale,Autre collision,3,2,1,0,2,2,1,0,4,50,1,1,0,1,0,0,28.0,,deux_roues,,5,2,1,1,6
201900011519,2019-09-14 20:30:00,2019,9,14,20,30,59,59584,105 Route de Mons,50.333795,3.871311,Nuit sans éclairage public,Hors agglomération,Hors intersection,Normale,Autre collision,3,2,2,0,1,1,1,0,1,50,1,1,0,0,1,0,49.0,,deux_roues,,3,1,1,1,6
201900011520,2019-09-15 00:30:00,2019,9,15,0,30,59,59357,Rue de Bavay,50.295958,3.84677,Nuit sans éclairage public,Hors agglomération,Intersection en T,Normale,Autre collision,3,2,2,0,1,3,1,0,1,50,1,1,0,0,1,0,40.0,,voiture,,3,1,3,1,6
201900011521,2019-09-13 23:24:00,2019,9,13,23,24,69,69290,A46S   40.883 A 43.680,45.69471,4.96973,Nuit sans éclairage public,Hors agglomération,Hors intersection,Normale,Deux véhicules - arrière,1,1,2,0,2,2,1,0,1,90,2,2,1,0,0,1,44.0,20.0,voiture,voiture,3,1,1,1,2