accident_id,datetime,annee,mois,jour,heure,minute,departement,commune_insee,adresse,latitude,longitude,luminosite,agglomeration,intersection,meteo,collision,catr,circ,nbv,vosp,prof,plan,surf,infra,situ,vma,nb_vehicules,nb_usagers,nb_indemnes,nb_tues,nb_blesses_hosp,nb_blesses_legers,age_cond_1,age_cond_2,veh_type_cond_1,veh_type_cond_2,lum_code,agg_code,int_code,atm_code,col_code
201900011522,2019-09-09 07:32:00,2019,9,9,7,32,67,67482,Autoroute A.351,48.58729,7.71301,Crépuscule ou aube,Hors agglomération,Hors intersection,Normale,Trois véhicules et plus - en chaîne,1,3,3,0,1,1,1,0,1,90,3,3,2,0,0,1,32.0,20.0,voiture,voiture,2,1,1,1,4
201900011523,2019-09-14 16:00:00,2019,9,14,16,0,91,91161,AUTOROUTE A6,48.69616,2.31696,Plein jour,Hors agglomération,Hors intersection,Normale,Deux véhicules - arrière,1,-1,3,0,1,1,1,0,1,110,2,2,1,0,0,1,33.0,34.0,voiture,voiture,1,1,1,1,2
201900011524,2019-09-14 14:20:00,2019,9,14,14,20,94,94034,AUTOROUTE A86,48.7613,2.3156,Plein jour,Hors agglomération,Hors intersection,Normale,Deux véhicules - arrière,1,3,6,0,1,1,1,0,1,90,2,2,1,0,0,1,24.0,24.0,voiture,voiture,1,1,1,1,2
201900011525,2019-09-13 19:30:00,2019,9,13,19,30,92,92050,A86,48.9028245,2.2048938,Plein jour,Hors agglomération,Hors intersection,Normale,Deux véhicules - arrière,1,-1,3,0,1,1,1,0,1,90,2,2,1,0,0,1,34.0,31.0,voiture,deux_roues,1,1,1,1,2
201900011526,2019-09-13 15:36:00,2019,9,13,15,36,78,78291,A13,48.965278,1.756177,Plein jour,Hors agglomération,Hors intersection,Normale,Trois véhicules et plus - en chaîne,1,1,3,0,1,1,1,0,1,70,4,5,4,0,0,1,34.0,54.0,voiture,voiture,1,1,1,1,4
201900011527,2019-09-14 15:30:00,2019,9,14,15,30,93,93030,AUTOROUTE A1,48.9397577,2.4194524,Plein jour,Hors agglomération,Hors intersection,Normale,Trois véhicules et plus - en chaîne,1,3,8,0,1,1,1,0,1,90,3,3,2,0,0,1,57.0,39.0,utilitaire_camion,voiture,1,1,1,1,4
201900011528,2019-09-14 06:45:00,2019,9,14,6,45,93,93066,AUTOROUTE A1,48.91957,2.35748,Nuit avec éclairage allumé,Hors agglomération,Hors intersection,Normale,Deux véhicules - arrière,1,3,8,0,1,1,1,0,1,90,2,1,0,0,0,1,40.0,,utilitaire_camion,,5,1,1,1,2
201900011529,2019-09-14 05:00:00,2019,9,14,5,0,93,93063,AUTOROUTE A3,48.87837,2.44649,Nuit avec éclairage allumé,Hors agglomération,Hors intersection,Normale,Deux véhicules - arrière,1,3,7,0,2,1,1,1,1,90,2,3,1,0,0,2,38.0,23.0,utilitaire_camion,voiture,5,1,1,1,2
201900011530,2019-09-14 02:30:00,2019,9,14,2,30,93,93053,AUTOROUTE A3,48.88006,2.45033,Nuit sans éclairage public,Hors agglomération,Hors intersection,Normale,Trois véhicules et plus - collisions multiples,1,3,7,0,2,1,1,8,1,70,3,4,1,1,1,1,24.0,23.0,voiture,voiture,3,1,1,1,5
201900011531,2019-09-14 03:00:00,2019,9,14,3,0,95,95277,AUTOROUTE A3,48.9735744,2.4859564,Nuit sans éclairage public,Hors agglomération,Hors intersection,Normale,Autre collision,1,-1,1,0,2,3,1,3,1,50,1,1,0,0,1,0,29.0,,utilitaire_camion,,3,1,1,1,6
201900011532,2019-09-13 19:30:00,2019,9,13,19,30,95,95277,AUTOROUTE A3,48.97317,2.48646,Plein jour,Hors agglomération,Hors intersection,Normale,Deux véhicules - arrière,1,3,12,0,1,1,1,0,1,90,2,2,1,0,0,1,26.0,56.0,voiture,voiture,1,1,1,1,2
201900011533,2019-09-13 15:00:00,2019,9,13,15,0,93,93078,AUTOROUTE A104,48.96284,2.54884,Plein jour,Hors agglomération,Hors intersection,Normale,Deux véhicules - côté,1,3,7,0,1,1,1,0,1,110,2,2,1,0,0,1,26.0,60.0,deux_roues,voiture,1,1,1,1,3
201900011534,2019-09-14 15:40:00,2019,9,14,15,40,75,75112,A4,48.8226755,2.4628931,Plein jour,Hors agglomération,Hors intersection,Normale,Trois véhicules et plus - en chaîne,1,3,8,0,1,1,1,0,1,110,3,3,2,0,0,1,48.0,24.0,voiture,voiture,1,1,1,1,4
201900011535,2019-09-14 12:35:00,2019,9,14,12,35,77,77337,BRET. N104 VERS A4 EST,48.82982,2.62258,Plein jour,Hors agglomération,Hors intersection,Normale,Sans collision,1,1,1,0,2,3,1,3,1,90,1,1,0,0,0,1,21.0,,deux_roues,,1,1,1,1,7
201900011536,2019-09-13 19:40:00,2019,9,13,19,40,94,94018,A4,48.8195012,2.4046529,Crépuscule ou aube,Hors agglomération,Hors intersection,Normale,Sans collision,1,3,10,0,2,1,1,0,1,50,1,1,0,0,0,1,49.0,,deux_roues,,2,1,1,1,7
201900011537,2019-09-12 18:30:00,2019,9,12,18,30,77,77169,RN104,48.81294,2.6284,Plein jour,Hors agglomération,Hors intersection,Normale,Deux véhicules - arrière,2,-1,2,0,1,1,1,0,1,90,2,3,1,0,0,2,21.0,47.0,voiture,voiture,1,1,1,1,2
201900011538,2019-09-12 17:28:00,2019,9,12,17,28,82,82121,MOULIN (avenue jean ),44.03137,1.37068,Plein jour,En agglomération,Hors intersection,Normale,Autre collision,6,-1,-1,0,1,2,1,0,1,50,1,2,1,0,1,0,48.0,,voiture,,1,2,1,1,6
201900011539,2019-06-19 09:40:00,2019,6,19,9,40,77,77215,FONTAINE (RUE DE LA),48.739557,2.740298,Plein jour,En agglomération,Hors intersection,Normale,Autre collision,4,1,1,0,1,1,1,0,1,50,1,2,1,0,0,1,44.0,,voiture,,1,2,1,1,6
201900011540,2019-07-19 19:37:00,2019,7,19,19,37,73,73008,PORT AUX FILLES BOULEVARD DU,45.6962745,5.8909159,Plein jour,En agglomération,Intersection en Y,Normale,Deux véhicules - arrière,4,2,2,0,1,1,1,0,1,50,2,4,2,0,2,0,63.0,25.0,deux_roues,voiture,1,2,4,1,2
201900011541,2019-03-26 06:00:00,2019,3,26,6,0,988,98817,RP1/RUE DE L'AMBROUA,-22.26451,166.617514,Plein jour,En agglomération,Intersection en T,Normale,Deux véhicules - frontale,3,2,2,0,1,2,1,0,1,70,2,4,1,0,1,2,45.0,19.0,voiture,voiture,1,2,3,1,1
201900011542,2019-03-22 07:35:00,2019,3,22,7,35,974,97424,27 Chemin Terre Fine,-21.155823,55.435918,Plein jour,En agglomération,Hors intersection,Normale,Deux véhicules - frontale,3,2,2,0,1,3,1,0,1,50,2,2,1,0,1,0,40.0,17.0,utilitaire_camion,deux_roues,1,2,1,1,1
201900011543,2019-03-26 15:00:00,2019,3,26,15,0,974,97418,RN2,-20.903068,55.542304,Plein jour,Hors agglomération,Hors intersection,Normale,Deux véhicules - arrière,2,1,1,0,1,1,1,9,1,90,2,2,1,0,1,0,25.0,60.0,deux_roues,voiture,1,1,1,1,2
201900011544,2019-03-24 00:15:00,2019,3,24,0,15,971,97112,section murat,15.875257,-61.303069,Nuit sans éclairage public,Hors agglomération,Hors intersection,Normale,Autre collision,3,2,2,0,1,1,2,0,3,50,1,2,0,0,1,1,24.0,,deux_roues,,3,1,1,1,6
201900011545,2019-03-21 11:45:00,2019,3,21,11,45,971,97131,Pain de Sucre,15.862441,-61.59157,Plein jour,En agglomération,Hors intersection,Normale,Sans collision,3,2,2,0,2,1,1,0,3,50,1,1,0,0,1,0,68.0,,autre,,1,2,1,1,7
201900011546,2019-03-25 10:30:00,2019,3,25,10,30,971,97106,Route de la Traversée,16.138749,-61.749317,Plein jour,Hors agglomération,Hors intersection,Normale,Sans collision,3,2,2,0,2,2,1,0,3,80,1,1,0,0,0,1,49.0,,voiture,,1,1,1,1,7
201900011547,2019-03-25 19:30:00,2019,3,25,19,30,37,37003,Boulevard Saint-Denis Hors,47.39346,1.002777,Nuit avec éclairage allumé,Hors agglomération,Giratoire,Normale,Sans collision,3,2,2,0,1,1,1,9,3,70,1,1,0,0,1,0,41.0,,deux_roues,,5,1,6,1,7
201900011548,2019-03-24 22:00:00,2019,3,24,22,0,77,77231,D17 -3 Cour des Tilleuls,48.99982,3.00671,Nuit avec éclairage allumé,En agglomération,Hors intersection,Normale,Deux véhicules - frontale,3,2,2,0,1,1,1,0,1,50,2,2,0,0,0,2,27.0,33.0,voiture,voiture,5,2,1,1,1
201900011549,2019-02-22 05:30:00,2019,2,22,5,30,77,77343,RD 3,49.01801,3.04439,Nuit sans éclairage public,Hors agglomération,Hors intersection,Brouillard / fumée,Autre collision,3,2,2,0,1,1,1,0,3,80,1,1,0,0,0,1,23.0,,voiture,,3,1,1,5,6
201900011550,2019-02-08 22:34:00,2019,2,8,22,34,77,77050,D43 - rue César,48.152373,2.831522,Nuit sans éclairage public,En agglomération,Hors intersection,Pluie forte,Autre collision,3,2,2,0,1,1,2,0,3,50,1,1,0,0,1,0,22.0,,deux_roues,,3,2,1,3,6
201900011551,2019-03-20 17:50:00,2019,3,20,17,50,77,77451,D21,48.92748,3.073543,Plein jour,Hors agglomération,Intersection en X,Normale,Deux véhicules - côté,3,2,2,0,3,1,1,5,1,80,2,4,2,0,2,0,16.0,26.0,deux_roues,voiture,1,1,2,1,3
201900011552,2019-03-21 14:59:00,2019,3,21,14,59,77,77217,D471 X VC7 CH. DES BOIS,48.69401,2.69425,Plein jour,Hors agglomération,Intersection en T,Normale,Deux véhicules - côté,3,2,2,0,1,1,1,5,1,80,2,2,1,0,0,1,50.0,75.0,voiture,deux_roues,1,1,3,1,3
201900011553,2019-03-24 23:00:00,2019,3,24,23,0,91,91376,route Départementale 19,48.578284,2.298337,Nuit avec éclairage allumé,Hors agglomération,Giratoire,Normale,Sans collision,3,3,4,0,1,1,1,5,3,50,1,2,0,0,2,0,25.0,,voiture,,5,1,6,1,7
201900011554,2019-03-26 07:50:00,2019,3,26,7,50,78,78089,Chemin de la Forêt,49.032057,1.577052,Plein jour,En agglomération,Hors intersection,Normale,Autre collision,4,2,1,0,1,1,1,0,1,50,1,2,1,0,0,1,23.0,,utilitaire_camion,,1,2,1,1,6
201900011555,2019-03-22 18:30:00,2019,3,22,18,30,2B,2B057,Piedocello,42.258493,9.524817,Crépuscule ou aube,Hors agglomération,Hors intersection,Normale,Autre collision,3,2,2,0,1,1,1,0,3,70,1,1,0,0,1,0,35.0,,deux_roues,,2,1,1,1,6
201900011556,2019-03-25 14:45:00,2019,3,25,14,45,2B,2B169,Ponte Leccia,42.462069,9.20618,Plein jour,En agglomération,Giratoire,Normale,Autre collision,2,-1,1,0,1,1,1,0,1,50,1,2,1,0,0,1,21.0,,voiture,,1,2,6,1,6
201900011557,2019-03-25 18:15:00,2019,3,25,18,15,2A,2A247,Route de Muratello,41.594501,9.254953,Plein jour,Hors agglomération,Hors intersection,Normale,Deux véhicules - frontale,3,2,2,0,1,3,1,0,1,80,2,2,0,1,1,0,40.0,27.0,deux_roues,voiture,1,1,1,1,1
201900011558,2019-03-24 20:00:00,2019,3,24,20,0,66,66182,D11,42.72045,3.01602,Nuit sans éclairage public,Hors agglomération,Hors intersection,Normale,Sans collision,3,2,2,0,1,1,1,0,1,80,1,2,0,0,1,1,19.0,,voiture,,3,1,1,1,7
201900011559,2019-03-24 13:40:00,2019,3,24,13,40,66,66037,Route de Saint-Cyprien,42.671243,3.0332,Plein jour,Hors agglomération,Hors intersection,Temps éblouissant,Autre collision,3,2,2,0,1,1,1,0,1,70,2,4,2,0,0,2,48.0,34.0,deux_roues,voiture,1,1,1,7,6
201900011560,2019-03-24 18:45:00,2019,3,24,18,45,34,34157,CD 5,43.458509,3.593863,Crépuscule ou aube,Hors agglomération,Hors intersection,Normale,Autre collision,3,2,2,0,1,3,1,0,3,70,1,1,0,0,1,0,27.0,,deux_roues,,2,1,1,1,6
201900011561,2019-03-24 03:00:00,2019,3,24,3,0,34,34052,d16,43.342735,3.039478,Nuit sans éclairage public,Hors agglomération,Hors intersection,Normale,Autre collision,3,2,2,0,1,1,1,0,1,80,1,2,1,1,0,0,34.0,,voiture,,3,1,1,1,6
201900011562,2019-03-23 17:15:00,2019,3,23,17,15,84,84150,Route de Richerenches,44.340698,4.923411,Plein jour,En agglomération,Hors intersection,Normale,Sans collision,3,2,2,0,1,2,1,0,3,80,1,2,1,0,1,0,52.0,,voiture,,1,2,1,1,7
201900011563,2019-03-25 15:30:00,2019,3,25,15,30,84,84054,Route de Cavaillon,43.876206,5.03924,Plein jour,Hors agglomération,Hors intersection,Normale,Trois véhicules et plus - en chaîne,3,2,2,0,3,1,1,2,1,80,6,8,6,0,1,1,31.0,55.0,voiture,voiture,1,1,1,1,4
201900011564,2019-03-24 13:30:00,2019,3,24,13,30,5,05178,Jousserand,44.377027,5.884974,Plein jour,Hors agglomération,Hors intersection,Normale,Sans collision,3,2,2,0,2,3,1,0,8,80,1,1,0,0,0,1,22.0,,voiture,,1,1,1,1,7
201900011565,2019-03-22 18:15:00,2019,3,22,18,15,4,04152,Route de la Bastide,43.821596,5.752022,Plein jour,En agglomération,Hors intersection,Normale,Sans collision,3,2,2,0,1,3,9,0,1,70,1,1,0,0,1,0,35.0,,deux_roues,,1,2,1,1,7
201900011566,2019-02-23 18:20:00,2019,2,23,18,20,13,13081,Route Départementale 21,43.493431,5.212276,Plein jour,Hors agglomération,Hors intersection,Normale,Deux véhicules - arrière,3,1,1,0,1,3,1,0,1,70,2,2,1,0,0,1,50.0,35.0,deux_roues,voiture,1,1,1,1,2
201900011567,2019-03-23 11:00:00,2019,3,23,11,0,13,13007,Départementale 560,43.373072,5.669111,Plein jour,Hors agglomération,Hors intersection,Normale,Trois véhicules et plus - collisions multiples,3,2,2,0,1,1,1,0,1,70,3,4,1,0,1,2,47.0,68.0,voiture,voiture,1,1,1,1,5
201900011568,2019-03-23 20:00:00,2019,3,23,20,0,13,13097,RN 568,43.59456,4.761126,Nuit sans éclairage public,Hors agglomération,Autre intersection,Normale,Deux véhicules - côté,2,1,1,0,1,1,1,5,1,90,2,8,0,0,1,7,31.0,21.0,voiture,voiture,3,1,9,1,3
201900011569,2019-03-20 20:40:00,2019,3,20,20,40,13,13066,Route de Cabannes Cd 24,43.880602,4.926277,Nuit sans éclairage public,Hors agglomération,Hors intersection,Normale,Autre collision,3,2,2,0,1,1,1,0,1,80,1,2,0,1,0,1,45.0,,voiture,,3,1,1,1,6
201900011570,2019-03-26 16:00:00,2019,3,26,16,0,70,70279,avenue jean jaures,47.437069,5.597162,Plein jour,En agglomération,Hors intersection,Normale,Autre collision,4,2,2,0,2,1,1,0,1,50,1,2,1,0,0,1,62.0,,voiture,,1,2,1,1,6
201900011571,2019-03-26 03:50:00,2019,3,26,3,50,89,89341,A6 - PK 177.000,47.7283253,3.7467609,Nuit sans éclairage public,Hors agglomération,Hors intersection,Normale,Sans collision,1,3,4,0,3,1,1,0,1,130,1,1,0,0,1,0,39.0,,utilitaire_camion,,3,1,1,1,7
201900011572,2019-03-26 04:15:00,2019,3,26,4,15,89,89341,autoroute A6,47.7190562,3.7602277,Nuit sans éclairage public,Hors agglomération,Hors intersection,Normale,Trois véhicules et plus - en chaîne,1,3,4,0,1,1,1,0,1,130,4,4,0,1,1,2,40.0,55.0,utilitaire_camion,utilitaire_camion,3,1,1,1,4
201900011573,2019-03-25 09:25:00,2019,3,25,9,25,21,21261,RD905,47.261586,5.138739,Plein jour,Hors agglomération,Hors intersection,Normale,Trois véhicules et plus - collisions multiples,3,2,2,0,1,1,1,0,1,90,3,9,4,0,1,4,63.0,34.0,voiture,voiture,1,1,1,1,5
201900011574,2019-03-24 19:11:00,2019,3,24,19,11,21,21535,CD104,47.364596,5.07655,Nuit avec éclairage non allumé,Hors agglomération,Intersection en T,Normale,Deux véhicules - côté,3,2,2,0,1,1,1,0,1,80,2,3,1,0,0,2,53.0,28.0,voiture,deux_roues,4,1,3,1,3
201900011575,2019-03-24 16:10:00,2019,3,24,16,10,8,08237,ROUTE DEPARTMENTAL 13,49.827425,4.774205,Plein jour,Hors agglomération,Hors intersection,Normale,Autre collision,3,2,2,0,2,2,1,0,3,80,1,1,0,0,1,0,63.0,,deux_roues,,1,1,1,1,6
201900011576,2019-03-23 12:10:00,2019,3,23,12,10,68,68063,10 rue de la ferme,47.793358,7.173349,Plein jour,En agglomération,Intersection en X,Normale,Deux véhicules - côté,4,2,2,0,1,1,1,0,1,50,2,2,1,0,1,0,15.0,45.0,deux_roues,voiture,1,2,2,1,3
201900011577,2019-03-15 07:40:00,2019,3,15,7,40,68,68174,rue Acklin,47.683287,7.387828,Plein jour,En agglomération,Intersection en X,Normale,Deux véhicules - côté,3,2,2,0,1,2,2,0,1,40,2,3,2,0,0,1,45.0,32.0,voiture,deux_roues,1,2,2,1,3
201900011578,2019-03-24 20:20:00,2019,3,24,20,20,68,68298,RD 459,48.249192,7.159741,Nuit sans éclairage public,Hors agglomération,Hors intersection,Normale,Autre collision,3,2,2,0,2,4,1,0,3,80,1,1,0,1,0,0,44.0,,voiture,,3,1,1,1,6
201900011579,2019-03-24 05:30:00,2019,3,24,5,30,67,67118,rue de wolfisheim,48.584535,7.678197,Crépuscule ou aube,En agglomération,Intersection en T,Normale,Deux véhicules - côté,7,2,2,0,1,1,1,0,1,50,2,2,1,0,1,0,28.0,45.0,deux_roues,voiture,2,2,3,1,3
201900011580,2019-03-12 15:00:00,2019,3,12,15,0,67,67336,D788,48.44794,7.67488,Plein jour,Hors agglomération,Hors intersection,Normale,Deux véhicules - frontale,3,2,2,0,1,3,1,0,1,80,2,2,1,0,1,0,69.0,88.0,voiture,voiture,1,1,1,1,1
201900011581,2019-03-23 04:20:00,2019,3,23,4,20,88,88483,Route Départementale 166,48.194836,6.399295,Nuit sans éclairage public,Hors agglomération,Hors intersection,Normale,Deux véhicules - frontale,3,2,2,0,1,3,1,0,1,80,2,2,1,0,1,0,57.0,19.0,utilitaire_camion,voiture,3,1,1,1,1
201900011582,2019-03-22 23:15:00,2019,3,22,23,15,74,74003,Route du Col de Bluffy,45.8876925,6.2256914,Nuit sans éclairage public,Hors agglomération,Hors intersection,Normale,Sans collision,3,2,2,0,2,1,1,0,8,80,1,1,0,0,1,0,19.0,,voiture,,3,1,1,1,7
201900011583,2019-03-16 10:45:00,2019,3,16,10,45,38,38507,Route de Crémieu,45.750766,5.193401,Plein jour,Hors agglomération,Hors intersection,Normale,Trois véhicules et plus - en chaîne,3,2,2,0,1,1,1,0,1,80,3,4,2,0,2,0,62.0,51.0,deux_roues,utilitaire_camion,1,1,1,1,4
201900011584,2019-03-21 18:00:00,2019,3,21,18,0,38,38474,Avenue de Romans,45.20081,5.6686,Plein jour,En agglomération,Hors intersection,Normale,Trois véhicules et plus - en chaîne,3,2,3,0,1,1,1,0,1,50,4,4,3,0,0,1,30.0,53.0,utilitaire_camion,utilitaire_camion,1,2,1,1,4
201900011585,2019-03-25 20:20:00,2019,3,25,20,20,26,26071,D532,45.051469,4.939373,Crépuscule ou aube,Hors agglomération,Hors intersection,Normale,Sans collision,3,2,2,0,1,1,1,0,8,80,1,1,0,0,1,0,59.0,,voiture,,2,1,1,1,7
201900011586,2019-03-26 16:45:00,2019,3,26,16,45,69,69009,route de lachassagne,45.92845,4.70422,Plein jour,Hors agglomération,Intersection en T,Normale,Deux véhicules - côté,3,2,2,0,2,1,1,0,1,70,2,2,1,0,1,0,23.0,65.0,utilitaire_camion,deux_roues,1,1,3,1,3
201900011587,2019-03-24 18:30:00,2019,3,24,18,30,69,69067,Départementale 50,45.745471,4.606158,Crépuscule ou aube,Hors agglomération,Hors intersection,Normale,Autre collision,3,2,2,0,2,1,1,0,3,80,1,1,0,0,1,0,48.0,,deux_roues,,2,1,1,1,6
201900011588,2019-03-24 17:10:00,2019,3,24,17,10,69,69030,LIEU DIT LE PITAVAL,45.762224,4.481245,Plein jour,Hors agglomération,Hors intersection,Normale,Autre collision,3,2,2,0,1,1,1,0,3,80,2,5,2,0,1,2,35.0,50.0,voiture,voiture,1,1,1,1,6
201900011589,2019-03-21 16:00:00,2019,3,21,16,0,69,69068,Rue Gabriel Péri,45.8504,4.832859,Plein jour,En agglomération,Hors intersection,Normale,Deux véhicules - arrière,3,2,2,0,1,1,1,0,1,50,2,2,1,0,1,0,75.0,31.0,voiture,voiture,1,2,1,1,2
201900011590,2019-03-20 07:50:00,2019,3,20,7,50,69,69072,Route de Limonest,45.82381,4.75552,Plein jour,En agglomération,Hors intersection,Normale,Deux véhicules - côté,4,3,2,0,2,1,1,0,1,50,2,2,1,0,0,1,48.0,37.0,deux_roues,voiture,1,2,1,1,3
201900011591,2019-03-21 15:00:00,2019,3,21,15,0,69,69089,22 B Avenue de la Table de Pierre,45.747426,4.756678,Plein jour,En agglomération,Hors intersection,Normale,Deux véhicules - côté,3,2,3,0,1,1,1,0,1,50,2,2,1,0,0,1,59.0,32.0,deux_roues,voiture,1,2,1,1,3
201900011592,2019-03-26 09:50:00,2019,3,26,9,50,81,81140,L'Aride,43.673117,1.733662,Plein jour,Hors agglomération,Hors intersection,Normale,Autre collision,3,2,2,0,1,1,1,0,1,80,1,1,0,0,1,0,27.0,,voiture,,1,1,1,1,6
201900011593,2019-02-22 12:00:00,2019,2,22,12,0,65,65198,Route des Palomières,43.058236,0.185159,Plein jour,Hors agglomération,Hors intersection,Normale,Deux véhicules - côté,3,2,2,0,2,3,1,0,1,80,2,2,1,0,1,0,44.0,72.0,deux_roues,voiture,1,1,1,1,3
201900011594,2019-03-24 00:00:00,2019,3,24,0,0,31,31395,Route de Rieumes,43.46561,1.275713,Nuit sans éclairage public,Hors agglomération,Hors intersection,Normale,Deux véhicules - côté,3,2,2,0,1,1,1,0,1,80,2,2,1,0,1,0,25.0,36.0,voiture,voiture,3,1,1,1,3
201900011595,2019-03-15 07:15:00,2019,3,15,7,15,17,17354,RD 137,45.610153,-0.56111,Crépuscule ou aube,Hors agglomération,Intersection en X,Pluie légère,Deux véhicules - côté,3,2,2,0,1,1,2,0,1,80,2,2,1,0,0,1,45.0,40.0,voiture,voiture,2,1,2,2,3
201900011596,2019-03-21 16:00:00,2019,3,21,16,0,17,17036,INTERSECTION RD 125 / RD 238,45.882003,-0.991175,Plein jour,Hors agglomération,Intersection en X,Normale,Deux véhicules - arrière,3,2,2,0,1,1,1,5,1,80,2,2,1,0,1,0,24.0,66.0,voiture,voiture,1,1,2,1,2
201900011597,2019-03-23 14:45:00,2019,3,23,14,45,16,16355,Rue de Vaujompe,45.7572374,-0.3827938,Plein jour,En agglomération,Intersection en X,Normale,Deux véhicules - côté,4,2,2,0,1,1,1,0,1,50,2,2,1,0,0,1,30.0,15.0,voiture,deux_roues,1,2,2,1,3
201900011598,2019-03-03 21:55:00,2019,3,3,21,55,33,33444,RD1113/VC route de St André,44.57558,-0.16153,Nuit avec éclairage allumé,En agglomération,Intersection en X,Normale,Deux véhicules - côté,3,2,2,0,1,1,1,0,1,50,2,3,1,0,0,2,37.0,32.0,voiture,voiture,5,2,2,1,3
201900011599,2019-03-21 10:31:00,2019,3,21,10,31,33,33143,avenue de Paris,44.967094,-0.45495,Plein jour,Hors agglomération,Intersection en X,Normale,Deux véhicules - côté,3,2,2,0,4,4,1,0,1,50,2,2,1,0,1,0,70.0,53.0,voiture,deux_roues,1,1,2,1,3
201900011600,2019-03-23 19:00:00,2019,3,23,19,0,33,33422,RD 106 - rnd point dex clochettes,44.79295,-0.875872,Crépuscule ou aube,Hors agglomération,Giratoire,Normale,Autre collision,3,1,1,0,1,3,1,3,1,80,1,1,0,0,1,0,20.0,,deux_roues,,2,1,6,1,6
201900011601,2019-03-23 19:20:00,2019,3,23,19,20,22,22081,Rue de Bel Orient,48.5128111,-2.6682626,Crépuscule ou aube,En agglomération,Intersection en T,Normale,Deux véhicules - frontale,3,2,2,0,1,1,1,0,1,50,2,2,1,0,1,0,24.0,39.0,deux_roues,voiture,2,2,3,1,1
201900011602,2019-03-25 17:15:00,2019,3,25,17,15,35,35241,D266,48.613697,-2.05741,Plein jour,Hors agglomération,Giratoire,Normale,Deux véhicules - côté,3,-1,2,0,1,2,1,0,1,50,2,2,1,0,0,1,17.0,77.0,deux_roues,voiture,1,1,6,1,3
201900011603,2019-03-26 13:45:00,2019,3,26,13,45,35,35236,Boulevard Bonne Nouvelle,47.650706,-2.079992,Plein jour,En agglomération,Hors intersection,Normale,Autre collision,3,2,2,0,4,1,1,0,1,50,1,2,1,0,1,0,90.0,,voiture,,1,2,1,1,6
201900011604,2019-03-18 10:48:00,2019,3,18,10,48,76,76057,Rue Saint-Hélier,49.544967,0.957239,Plein jour,En agglomération,Autre intersection,Temps éblouissant,Autre collision,3,2,2,0,1,1,1,6,1,50,1,2,1,0,1,0,52.0,,voiture,,1,2,9,7,6
201900011605,2019-03-24 11:20:00,2019,3,24,11,20,76,76283,Route de pommereval - RD 915,49.733116,1.326731,Plein jour,Hors agglomération,Intersection en T,Normale,Deux véhicules - arrière,3,2,2,0,1,1,1,0,1,80,2,2,1,0,1,0,57.0,22.0,deux_roues,voiture,1,1,3,1,2
201900011606,2019-03-22 20:30:00,2019,3,22,20,30,76,76647,Avenue Maréchal de Lattre de Tassigny,49.532711,0.35431,Nuit avec éclairage allumé,En agglomération,Intersection en X,Brouillard / fumée,Deux véhicules - frontale,3,2,2,0,1,1,1,5,1,50,2,3,1,0,1,1,19.0,22.0,deux_roues,voiture,5,2,2,5,1
201900011607,2019-03-23 17:50:00,2019,3,23,17,50,59,59604,35 Rue de la Sotière,50.108698,3.471185,Plein jour,En agglomération,Hors intersection,Normale,Deux véhicules - côté,3,2,2,0,2,3,1,0,1,50,2,2,1,0,1,0,32.0,70.0,utilitaire_camion,voiture,1,2,1,1,3
201900011608,2019-03-20 13:00:00,2019,3,20,13,0,13,13085,A50-Sens Toulon vers Aubagne,43.248549,5.596442,Plein jour,Hors agglomération,Hors intersection,Normale,Autre collision,1,1,3,0,2,2,1,0,1,110,1,1,0,0,0,1,34.0,,voiture,,1,1,1,1,6
201900011609,2019-03-24 19:02:00,2019,3,24,19,2,13,13211,A50-Sens Marseille vers Aubagne,43.285,5.4244,Nuit avec éclairage allumé,Hors agglomération,Hors intersection,Normale,Trois véhicules et plus - en chaîne,1,1,3,0,2,1,1,3,1,50,3,6,4,0,0,2,33.0,56.0,voiture,voiture,5,1,1,1,4
201900011610,2019-03-23 22:40:00,2019,3,23,22,40,13,13005,A52-Sens Toulon vers Pont de l'Etoile,43.28315,5.58483,Nuit sans éclairage public,Hors agglomération,Hors intersection,Normale,Sans collision,1,-1,2,0,2,1,1,0,2,90,1,3,0,0,1,2,,,,,3,1,1,1,7
201900011611,2019-03-23 19:30:00,2019,3,23,19,30,13,13071,A7-Sens Marseille vers Lyon,43.403487,5.309394,Nuit sans éclairage public,Hors agglomération,Hors intersection,Normale,Trois véhicules et plus - collisions multiples,1,3,3,0,3,1,1,0,1,110,3,6,1,0,0,5,44.0,51.0,voiture,voiture,3,1,1,1,5
201900011612,2019-03-23 15:20:00,2019,3,23,15,20,13,13211,A50-Sens Marseille vers Aubagne,43.291987,5.480613,Plein jour,Hors agglomération,Hors intersection,Normale,Deux véhicules - arrière,1,3,3,0,1,1,1,0,1,90,2,3,2,0,0,1,25.0,55.0,voiture,voiture,1,1,1,1,2
201900011613,2019-03-22 18:00:00,2019,3,22,18,0,13,13071,A7-Sens Marseille vers Lyon,43.403479,5.309159,Plein jour,Hors agglomération,Hors intersection,Normale,Trois véhicules et plus - en chaîne,1,3,2,0,1,1,1,0,1,110,5,7,5,0,0,2,79.0,68.0,voiture,voiture,1,1,1,1,4