accident_id,datetime,annee,mois,jour,heure,minute,departement,commune_insee,adresse,latitude,longitude,luminosite,agglomeration,intersection,meteo,collision,catr,circ,nbv,vosp,prof,plan,surf,infra,situ,vma,nb_vehicules,nb_usagers,nb_indemnes,nb_tues,nb_blesses_hosp,nb_blesses_legers,age_cond_1,age_cond_2,veh_type_cond_1,veh_type_cond_2,lum_code,agg_code,int_code,atm_code,col_code
201900011885,2019-02-04 20:10:00,2019,2,4,20,10,95,95585,STALINGRAD (PLACE DE),48.99615,2.37699,Nuit avec éclairage allumé,En agglomération,Place,Pluie légère,Autre collision,4,2,2,0,1,1,2,0,1,50,1,2,1,0,1,0,58.0,,voiture,,5,2,7,2,6
201900011886,2019-02-04 08:35:00,2019,2,4,8,35,95,95219,NADINE (RUE),48.98538,2.25958,Plein jour,En agglomération,Intersection en T,Normale,Deux véhicules - côté,4,2,2,0,1,1,1,0,1,50,2,2,1,0,0,1,24.0,,voiture,,1,2,3,1,3
201900011887,2019-02-05 21:20:00,2019,2,5,21,20,95,95127,RN 14 (PROLONGEMENT A15),49.05855,2.03168,Nuit sans éclairage public,En agglomération,Hors intersection,Normale,Deux véhicules - arrière,2,3,4,0,1,1,1,0,1,110,2,2,1,0,0,1,41.0,23.0,voiture,voiture,3,2,1,1,2
201900011888,2019-02-04 19:24:00,2019,2,4,19,24,95,95572,GENERAL DE GAULLE (AVENUE DU),49.04593,2.10638,Nuit avec éclairage allumé,En agglomération,Hors intersection,Normale,Autre collision,3,2,2,0,1,1,1,0,1,50,1,2,1,0,1,0,26.0,,voiture,,5,2,1,1,6
201900011889,2019-02-04 18:05:00,2019,2,4,18,5,95,95127,NORD (AVENUE DU),49.04364,2.05815,Nuit avec éclairage allumé,En agglomération,Hors intersection,Pluie légère,Autre collision,4,3,2,0,1,1,2,0,1,50,1,2,1,0,1,0,60.0,,voiture,,5,2,1,2,6
201900011890,2019-02-04 19:41:00,2019,2,4,19,41,95,95063,PL LENINE,48.92263,2.21744,Nuit avec éclairage allumé,En agglomération,Hors intersection,Normale,Deux véhicules - côté,3,1,2,0,1,1,1,0,1,50,2,2,1,0,0,1,41.0,28.0,voiture,deux_roues,5,2,1,1,3
201900011891,2019-02-05 19:38:00,2019,2,5,19,38,91,91477,LECLERC (AVENUE DU GENERAL),48.70396,2.23276,Nuit avec éclairage allumé,En agglomération,Hors intersection,Normale,Autre collision,3,2,2,0,1,1,1,0,1,50,1,2,1,0,1,0,35.0,,utilitaire_camion,,5,2,1,1,6
201900011892,2019-02-04 07:40:00,2019,2,4,7,40,91,91687,BRETAGNE (AVENUE DE),48.67149,2.36517,Crépuscule ou aube,En agglomération,Intersection en X,Normale,Autre collision,4,2,2,0,1,1,1,6,1,50,1,2,1,0,0,1,60.0,,voiture,,2,2,2,1,6
201900011893,2019-02-04 07:48:00,2019,2,4,7,48,87,87085,PARBELLE (PLACE PAUL),45.82016,1.26599,Nuit avec éclairage allumé,En agglomération,Hors intersection,Normale,Autre collision,4,1,1,0,1,2,1,0,1,50,1,2,1,0,0,1,47.0,,voiture,,5,2,1,1,6
201900011894,2019-01-30 01:50:00,2019,1,30,1,50,84,84007,LAVARIN (Chemin du ),43.9213,4.80301,Nuit sans éclairage public,En agglomération,Giratoire,Normale,Deux véhicules - frontale,4,2,4,1,1,1,1,5,1,50,2,1,0,0,1,0,41.0,,voiture,,3,2,6,1,1
201900011895,2019-01-09 14:54:00,2019,1,9,14,54,84,84007,EISENHOWER (Avenue),43.93891,4.79724,Plein jour,En agglomération,Hors intersection,Normale,Autre collision,4,2,2,1,1,1,1,0,1,50,1,3,1,0,0,2,48.0,,voiture,,1,2,1,1,6
201900011896,2019-02-02 17:40:00,2019,2,2,17,40,83,83100,RD12,43.286169,6.134109,Nuit sans éclairage public,En agglomération,Intersection en T,Normale,Autre collision,4,2,2,0,2,1,1,9,1,30,2,4,2,0,0,2,50.0,15.0,voiture,deux_roues,3,2,3,1,6
201900011897,2019-02-05 09:35:00,2019,2,5,9,35,82,82121,giratoire bouyer,44.033345,1.375163,Plein jour,En agglomération,Giratoire,Pluie légère,Deux véhicules - arrière,4,1,1,0,1,2,2,0,1,50,2,2,1,0,1,0,67.0,67.0,voiture,deux_roues,1,2,6,2,2
201900011898,2019-02-04 13:05:00,2019,2,4,13,5,82,82121,avenue de Bordeaux,44.036972,1.310205,Plein jour,Hors agglomération,Giratoire,Pluie légère,Deux véhicules - frontale,3,-1,2,0,1,1,1,0,1,80,2,2,0,0,1,1,51.0,29.0,voiture,utilitaire_camion,1,1,6,2,1
201900011899,2019-02-05 23:10:00,2019,2,5,23,10,81,81004,POMPIDOU (LICES GEORGES),43.928658,2.147783,Nuit avec éclairage allumé,En agglomération,Hors intersection,Brouillard / fumée,Trois véhicules et plus - en chaîne,4,2,3,2,1,1,1,0,1,50,3,5,4,0,0,1,24.0,22.0,voiture,voiture,5,2,1,5,4
201900011900,2019-02-04 17:55:00,2019,2,4,17,55,80,80021,"15, ALL LE CHEVALIER",49.87418,2.31334,Nuit avec éclairage allumé,En agglomération,Hors intersection,Pluie légère,Autre collision,4,1,1,0,1,1,2,0,1,50,1,2,1,0,0,1,64.0,,voiture,,5,2,1,2,6
201900011901,2019-02-02 09:45:00,2019,2,2,9,45,80,80021,"11, R SAINT GERMAIN",49.89626,2.29634,Plein jour,En agglomération,Hors intersection,Normale,Autre collision,4,2,2,0,1,1,1,0,1,50,1,2,1,0,0,1,37.0,,utilitaire_camion,,1,2,1,1,6
201900011902,2019-02-01 08:25:00,2019,2,1,8,25,80,80021,"49, R DES OTAGES",49.88881,2.30299,Plein jour,En agglomération,Hors intersection,Pluie légère,Autre collision,4,2,2,0,1,1,2,0,1,50,1,2,1,0,0,1,69.0,,voiture,,1,2,1,2,6
201900011903,2019-02-04 22:50:00,2019,2,4,22,50,77,77118,N3 X BRETELLE INSERTION,48.9448,2.67584,Nuit sans éclairage public,Hors agglomération,Hors intersection,Normale,Autre collision,2,3,4,0,1,2,1,0,1,90,1,1,0,0,1,0,30.0,,voiture,,3,1,1,1,6
201900011904,2019-10-16 12:30:00,2019,10,16,12,30,67,67482,SALLUSTE (RUE),48.58316,7.69776,Plein jour,En agglomération,Hors intersection,Normale,Autre collision,4,2,2,0,1,1,1,0,1,50,1,2,1,0,0,1,40.0,,voiture,,1,2,1,1,6
201900011905,2019-10-16 14:00:00,2019,10,16,14,0,66,66136,GAUGUIN (AVENUE PAUL),42.71401,2.8946,Plein jour,En agglomération,Hors intersection,Normale,Autre collision,4,2,2,0,1,1,1,0,1,50,2,2,1,0,0,1,32.0,57.0,voiture,deux_roues,1,2,1,1,6
201900011906,2019-10-17 08:00:00,2019,10,17,8,0,64,64483,CHANTACO (AVENUE DE ),43.3825734,-1.6479845,Nuit sans éclairage public,En agglomération,Hors intersection,Pluie légère,Deux véhicules - côté,3,2,2,0,1,1,2,0,1,50,2,3,2,0,0,1,16.0,60.0,deux_roues,voiture,3,2,1,2,3
201900011907,2019-10-17 09:20:00,2019,10,17,9,20,64,64348,ANDRE MARIE AMPERE,43.311728,-0.425797,Plein jour,En agglomération,Hors intersection,Pluie légère,Autre collision,4,2,2,0,1,1,2,0,1,50,1,2,1,0,0,1,34.0,,utilitaire_camion,,1,2,1,2,6
201900011908,2019-10-17 07:45:00,2019,10,17,7,45,64,64445,ALFRED NOBEL,43.3146172,-0.3164878,Nuit avec éclairage allumé,En agglomération,Hors intersection,Pluie forte,Deux véhicules - côté,4,2,2,1,1,1,2,0,1,50,2,2,1,0,0,1,51.0,12.0,voiture,deux_roues,5,2,1,3,3
201900011909,2019-10-16 16:45:00,2019,10,16,16,45,64,64445,EUROPE DE L',43.32917,-0.35256,Plein jour,En agglomération,Autre intersection,Normale,Deux véhicules - arrière,4,2,3,0,1,1,1,0,1,50,2,2,1,0,0,1,50.0,25.0,voiture,voiture,1,2,9,1,2
201900011910,2019-10-17 16:20:00,2019,10,17,16,20,64,64102,DUVERGIER DE HAURANNE (AVENUE),43.4817167,-1.4655725,Plein jour,En agglomération,Hors intersection,Normale,Autre collision,4,2,2,0,3,3,1,0,1,50,3,3,1,0,0,2,26.0,40.0,deux_roues,deux_roues,1,2,1,1,6
201900011911,2019-10-17 14:00:00,2019,10,17,14,0,64,64024,BERNAIN (AVENUE EUGENE),43.48537,-1.51294,Plein jour,En agglomération,Hors intersection,Normale,Deux véhicules - côté,4,2,-1,0,1,1,1,0,1,50,2,2,1,0,0,1,28.0,38.0,voiture,deux_roues,1,2,1,1,3
201900011912,2019-10-17 08:47:00,2019,10,17,8,47,64,64024,CESTAC (ROND POINT ELISE),43.4946759,-1.5279807,Plein jour,En agglomération,Giratoire,Pluie légère,Deux véhicules - côté,4,1,2,0,2,2,2,0,1,50,2,2,1,0,0,1,59.0,23.0,voiture,deux_roues,1,2,6,2,3
201900011913,2019-10-13 13:05:00,2019,10,13,13,5,62,62040,LOBEL (CHEMIN DU......),50.719144,2.324102,Plein jour,Hors agglomération,Intersection en T,Normale,Deux véhicules - côté,3,3,2,0,1,1,1,0,1,80,2,4,1,0,2,1,39.0,37.0,voiture,voiture,1,1,3,1,3
201900011914,2019-10-16 19:55:00,2019,10,16,19,55,62,62119,SAINT OMER (  RUE DE ),50.51552,2.63501,Crépuscule ou aube,En agglomération,Intersection en X,Pluie légère,Deux véhicules - côté,4,2,2,0,1,1,2,0,1,50,2,3,1,0,1,1,32.0,34.0,deux_roues,utilitaire_camion,2,2,2,2,3
201900011915,2019-10-17 07:00:00,2019,10,17,7,0,62,62004,BUCQUOY ( ROUTE DE ),50.26877,2.77425,Nuit avec éclairage allumé,En agglomération,Giratoire,Pluie légère,Autre collision,7,2,2,0,1,1,2,5,1,30,1,2,1,0,1,0,50.0,,voiture,,5,2,6,2,6
201900011916,2019-10-14 10:20:00,2019,10,14,10,20,61,61391,LE TREMBLAY (LIEU-DIT),48.75253,-0.57532,Plein jour,En agglomération,Autre intersection,Temps couvert,Autre collision,6,-1,0,0,1,1,2,0,1,50,1,2,1,0,0,1,54.0,,utilitaire_camion,,1,2,9,8,6
201900011917,2019-10-11 16:00:00,2019,10,11,16,0,61,61006,PATY (RUE DU) A PARTIR N° 14 ET N° 5,48.7422,-0.0153,Plein jour,En agglomération,Hors intersection,Normale,Deux véhicules - arrière,4,1,1,0,1,1,1,0,1,30,2,2,1,0,0,1,18.0,42.0,deux_roues,voiture,1,2,1,1,2
201900011918,2019-10-17 17:30:00,2019,10,17,17,30,60,60159,CLOS DES ROSES (QUAI DU),49.4126701,2.8083524,Plein jour,En agglomération,Hors intersection,Normale,Deux véhicules - frontale,4,2,2,0,1,1,1,0,1,50,2,2,1,0,0,1,70.0,53.0,utilitaire_camion,voiture,1,2,1,1,1
201900011919,2019-10-17 17:30:00,2019,10,17,17,30,59,59599,YSER (RUE DE L'),50.7481,3.18028,Plein jour,En agglomération,Hors intersection,Normale,Trois véhicules et plus - en chaîne,4,2,2,1,1,1,1,0,1,50,3,2,1,0,0,1,17.0,53.0,deux_roues,utilitaire_camion,1,2,1,1,4
201900011920,2019-09-29 10:55:00,2019,9,29,10,55,59,59410,JAURES JEAN  RUE,50.6423204,3.1033963,Plein jour,En agglomération,Intersection en X,Normale,Deux véhicules - côté,4,1,1,0,1,1,1,0,1,50,2,1,0,0,0,1,48.0,,voiture,,1,2,2,1,3
201900011921,2019-10-15 17:50:00,2019,10,15,17,50,56,56098,TRUDAINE (RUE  DANIEL ),47.77626,-3.33874,Plein jour,En agglomération,Intersection en T,Pluie légère,Deux véhicules - côté,3,2,2,0,1,1,2,0,1,50,2,2,0,0,0,2,58.0,27.0,voiture,voiture,1,2,3,2,3
201900011922,2019-10-15 07:10:00,2019,10,15,7,10,54,54395,CHANZY (RUE DE),48.690592,6.177638,Crépuscule ou aube,En agglomération,Hors intersection,Normale,Sans collision,4,1,2,0,1,1,1,0,1,50,1,2,1,0,0,1,29.0,,voiture,,2,2,1,1,7
201900011923,2019-10-14 20:00:00,2019,10,14,20,0,54,54498,RD 674,48.718543,6.262595,Nuit avec éclairage allumé,En agglomération,Hors intersection,Normale,Sans collision,4,2,2,0,1,1,1,0,1,50,1,1,0,0,0,1,32.0,,deux_roues,,5,2,1,1,7
201900011924,2019-10-16 15:40:00,2019,10,16,15,40,54,54184,BRIGACHTAL (AVENUE DE),48.70147,6.22544,Plein jour,En agglomération,Hors intersection,Temps éblouissant,Sans collision,4,2,4,0,1,1,1,0,1,50,1,2,1,0,0,1,61.0,,voiture,,1,2,1,7,7
201900011925,2019-10-17 08:20:00,2019,10,17,8,20,51,51454,AVENUE DU GENERAL DE GAULLE,49.2493694,4.0255083,Plein jour,En agglomération,Intersection en T,Pluie légère,Sans collision,4,1,1,0,2,3,2,2,1,50,1,1,0,0,0,1,35.0,,voiture,,1,2,3,2,7
201900011926,2019-10-17 05:20:00,2019,10,17,5,20,50,50502,TIQUERIE (lieu dit La),49.09683,-1.05838,Nuit sans éclairage public,Hors agglomération,Hors intersection,Temps couvert,Autre collision,2,1,2,0,4,1,2,0,1,110,1,1,0,0,0,1,27.0,,voiture,,3,1,1,8,6
201900011927,2019-10-16 09:30:00,2019,10,16,9,30,50,50173,BRANLY (RUE EDOUARD),49.645,-1.64778,Crépuscule ou aube,En agglomération,Intersection en T,Pluie légère,Deux véhicules - arrière,4,2,2,0,1,1,2,0,1,50,2,2,1,0,0,1,76.0,78.0,deux_roues,voiture,2,2,3,2,2
201900011928,2019-10-16 20:50:00,2019,10,16,20,50,50,50203,VALLEE DE QUINCAMPOI0X,49.61567,-1.64145,Nuit avec éclairage allumé,Hors agglomération,Hors intersection,Temps couvert,Autre collision,3,2,2,0,1,4,2,0,1,70,1,2,0,0,0,2,80.0,,voiture,,5,1,1,8,6
201900011929,2019-10-16 14:15:00,2019,10,16,14,15,50,50602,VAL CANU (RUE DU),49.63867,-1.54388,Plein jour,Hors agglomération,Hors intersection,Pluie légère,Trois véhicules et plus - en chaîne,3,2,2,0,1,1,2,0,1,70,3,5,2,0,0,3,50.0,58.0,voiture,voiture,1,1,1,2,4
201900011930,2019-10-16 12:05:00,2019,10,16,12,5,50,50602,MARITIME (BOULEVARD),49.64685,-1.59376,Plein jour,En agglomération,Hors intersection,Pluie légère,Deux véhicules - frontale,4,2,2,0,1,1,2,0,1,50,2,2,1,0,0,1,67.0,67.0,voiture,voiture,1,2,1,2,1
201900011931,2019-10-16 18:43:00,2019,10,16,18,43,49,49246,PORTE PERRIERE CHEMIN,47.4393,-0.5092,Plein jour,En agglomération,Hors intersection,Temps couvert,Deux véhicules - côté,4,2,2,0,1,1,2,0,1,60,2,2,1,0,0,1,28.0,74.0,voiture,voiture,1,2,1,8,3
201900011932,2019-10-16 15:45:00,2019,10,16,15,45,49,49007,GAIN ( LOUIS),47.46801,-0.53734,Plein jour,En agglomération,Hors intersection,Pluie légère,Deux véhicules - côté,4,2,2,0,1,1,1,0,1,60,2,2,1,0,0,1,47.0,58.0,deux_roues,voiture,1,2,1,2,3
201900011933,2019-10-17 09:00:00,2019,10,17,9,0,42,42095,ABATTOIR (PLACE DE L'),45.396729,4.290652,Plein jour,En agglomération,Hors intersection,Temps éblouissant,Autre collision,4,2,2,0,1,1,1,0,1,50,1,2,1,0,0,1,59.0,,voiture,,1,2,1,7,6
201900011934,2019-10-16 16:20:00,2019,10,16,16,20,41,41018,RD 956,47.59398,1.35386,Plein jour,Hors agglomération,Hors intersection,Pluie forte,Deux véhicules - côté,4,3,4,0,1,1,1,0,1,70,2,2,1,0,0,1,41.0,21.0,voiture,voiture,1,1,1,3,3
201900011935,2019-10-17 20:50:00,2019,10,17,20,50,37,37233,STALINGRAD (AVENUE),47.39032,0.73572,Nuit avec éclairage allumé,En agglomération,Hors intersection,Pluie légère,Autre collision,4,2,2,1,1,1,2,0,1,50,2,1,0,0,1,0,49.0,,deux_roues,,5,2,1,2,6
201900011936,2019-10-17 15:20:00,2019,10,17,15,20,37,37233,LABOURDE (RUE JEANNE),47.3936552,0.7419205,Plein jour,En agglomération,Hors intersection,Normale,Autre collision,4,2,2,0,1,1,1,0,1,50,2,2,1,0,1,0,79.0,25.0,deux_roues,utilitaire_camion,1,2,1,1,6
201900011937,2019-10-17 08:54:00,2019,10,17,8,54,37,37208,CORMERY (RUE DE),47.3413757,0.7375833,Plein jour,En agglomération,Hors intersection,Pluie légère,Autre collision,6,-1,-1,3,1,1,2,9,1,30,1,2,0,0,0,2,82.0,,voiture,,1,2,1,2,6
201900011938,2019-10-17 07:58:00,2019,10,17,7,58,37,37261,BAUGE (RUE MICHEL),47.3816162,0.669488,Nuit avec éclairage allumé,En agglomération,Hors intersection,Pluie légère,Autre collision,4,-1,2,0,1,1,2,0,1,30,2,2,1,0,0,1,39.0,22.0,voiture,deux_roues,5,2,1,2,6
201900011939,2019-10-17 07:05:00,2019,10,17,7,5,37,37233,JAURES (BOULEVARD JEAN),47.3949815,0.7261247,Nuit avec éclairage allumé,En agglomération,Giratoire,Pluie légère,Autre collision,4,2,2,0,1,1,2,5,1,50,2,2,1,0,0,1,30.0,53.0,deux_roues,voiture,5,2,6,2,6
201900011940,2019-10-17 18:15:00,2019,10,17,18,15,34,34172,LIBERTE (AVENUE DE LA,43.60473,3.86495,Plein jour,En agglomération,Autre intersection,Normale,Autre collision,4,2,4,0,1,1,1,0,1,50,1,2,1,0,0,1,17.0,,deux_roues,,1,2,9,1,6
201900011941,2019-10-17 07:50:00,2019,10,17,7,50,34,34172,FONT CARRADE (RUE DE),43.60803,3.85427,Nuit avec éclairage allumé,En agglomération,Hors intersection,Normale,Deux véhicules - frontale,4,2,2,0,1,1,1,0,2,50,2,1,0,0,0,1,13.0,,deux_roues,,5,2,1,1,1
201900011942,2019-10-16 12:15:00,2019,10,16,12,15,34,34172,LODEVE (AVENUE DE,43.6137,3.83923,Plein jour,En agglomération,Autre intersection,Normale,Deux véhicules - frontale,4,2,4,0,1,1,1,5,1,50,2,2,1,0,0,1,24.0,49.0,voiture,voiture,1,2,9,1,1
201900011943,2019-10-15 12:43:00,2019,10,15,12,43,34,34032,SIX NATIONS (ROND POINT DES),43.33392,3.25019,Plein jour,En agglomération,Hors intersection,Normale,Autre collision,4,1,1,0,1,2,1,5,1,50,1,2,1,0,1,0,20.0,,voiture,,1,2,1,1,6
201900011944,2019-10-16 18:50:00,2019,10,16,18,50,33,33069,RUE COUDOL,44.86604,-0.59914,Plein jour,En agglomération,Intersection en X,Pluie légère,Deux véhicules - côté,4,2,2,0,1,1,1,0,1,30,2,2,1,0,0,1,33.0,23.0,deux_roues,voiture,1,2,2,2,3
201900011945,2019-10-16 14:00:00,2019,10,16,14,0,33,33281,AVE DE LA SOMME,44.83309,-0.65214,Plein jour,En agglomération,Hors intersection,Pluie légère,Autre collision,4,2,2,0,1,1,1,0,1,50,1,2,1,0,0,1,25.0,,voiture,,1,2,1,2,6
201900011946,2019-10-16 07:30:00,2019,10,16,7,30,33,33281,AVE PIERRE MENDES FRANCE,44.83598,-0.64105,Crépuscule ou aube,En agglomération,Intersection en X,Normale,Deux véhicules - frontale,4,2,5,2,1,1,1,0,1,50,2,2,1,0,0,1,53.0,18.0,voiture,deux_roues,2,2,2,1,1
201900011947,2019-10-16 07:40:00,2019,10,16,7,40,33,33039,AVE ALEXIS CAPELLE,44.81411,-0.54893,Crépuscule ou aube,En agglomération,Intersection en T,Normale,Deux véhicules - côté,4,2,2,0,1,1,1,0,1,50,2,2,1,0,0,1,52.0,34.0,utilitaire_camion,deux_roues,2,2,3,1,3
201900011948,2019-10-16 08:10:00,2019,10,16,8,10,33,33281,42 AV DU CHUT,44.84877,-0.66354,Crépuscule ou aube,En agglomération,Hors intersection,Normale,Deux véhicules - côté,4,2,2,0,1,1,1,0,1,50,2,2,1,0,1,0,24.0,33.0,deux_roues,voiture,2,2,1,1,3
201900011949,2019-10-15 18:00:00,2019,10,15,18,0,33,33063,PONT Jacques CHABAN DELMAS,44.85828,-0.55175,Crépuscule ou aube,En agglomération,Hors intersection,Normale,Trois véhicules et plus - en chaîne,4,-1,0,0,1,1,1,2,1,50,4,4,3,0,0,1,31.0,55.0,voiture,voiture,2,2,1,1,4
201900011950,2019-10-17 06:55:00,2019,10,17,6,55,33,33009,AV de la Libération,44.65386,-1.15897,Nuit avec éclairage allumé,En agglomération,Giratoire,Pluie légère,Autre collision,4,2,2,0,1,1,2,5,8,50,1,2,1,0,0,1,59.0,,voiture,,5,2,6,2,6
201900011951,2019-10-16 19:24:00,2019,10,16,19,24,31,31044,VA007553 A61,43.59738,1.49257,Nuit avec éclairage non allumé,Hors agglomération,Hors intersection,Normale,Trois véhicules et plus - en chaîne,1,3,3,0,1,1,1,0,1,90,5,5,3,0,0,2,54.0,84.0,utilitaire_camion,voiture,4,1,1,1,4
201900011952,2019-10-16 00:00:00,2019,10,16,0,0,31,31555,AV DE MURET,43.58556,1.42855,Nuit avec éclairage allumé,En agglomération,Hors intersection,Normale,Deux véhicules - arrière,4,3,2,0,1,1,1,0,1,50,2,2,1,0,0,1,36.0,39.0,utilitaire_camion,deux_roues,5,2,1,1,2
201900011953,2019-10-17 10:00:00,2019,10,17,10,0,29,29232,TOURBIE PLACE DE LA,47.99883,-4.10251,Plein jour,En agglomération,Hors intersection,Normale,Autre collision,4,1,1,0,2,2,2,0,2,50,1,2,1,0,0,1,86.0,,voiture,,1,2,1,1,6
201900011954,2019-10-17 06:55:00,2019,10,17,6,55,29,29051,CORAY ROUTE DE,48.0270979,-3.9708817,Nuit sans éclairage public,Hors agglomération,Hors intersection,Pluie légère,Sans collision,3,2,2,0,1,2,2,0,1,80,1,1,0,0,0,1,20.0,,voiture,,3,1,1,2,7
201900011955,2019-10-17 08:55:00,2019,10,17,8,55,27,27229,PASSOT (RUE),49.026405,1.157206,Plein jour,En agglomération,Intersection en X,Temps couvert,Deux véhicules - côté,4,2,2,0,2,1,1,0,1,50,2,2,1,0,0,1,30.0,37.0,voiture,voiture,1,2,2,8,3
201900011956,2019-10-10 17:20:00,2019,10,10,17,20,18,18213,JAURES (RUE JEAN),47.098,2.4685,Plein jour,En agglomération,Intersection en T,Normale,Deux véhicules - frontale,4,2,2,2,1,1,1,0,1,70,2,2,1,0,0,1,69.0,49.0,deux_roues,voiture,1,2,3,1,1
201900011957,2019-10-17 06:30:00,2019,10,17,6,30,17,17274,D108,46.1610316,-1.0833131,Nuit sans éclairage public,Hors agglomération,Hors intersection,Pluie forte,Deux véhicules - arrière,3,2,2,0,1,1,2,0,1,80,2,2,1,1,0,0,64.0,22.0,deux_roues,utilitaire_camion,3,1,1,3,2
201900011958,2019-10-17 16:20:00,2019,10,17,16,20,14,14118,VENDEUVRE (QUAI),49.18044,-0.35056,Plein jour,En agglomération,Hors intersection,Temps couvert,Deux véhicules - côté,4,2,3,0,1,1,2,9,1,50,2,2,1,0,1,0,20.0,21.0,voiture,deux_roues,1,2,1,8,3
201900011959,2019-10-16 19:40:00,2019,10,16,19,40,13,13056,MOULET AVENUE CHARLES,43.409698,5.021852,Nuit sans éclairage public,En agglomération,Hors intersection,Normale,Trois véhicules et plus - collisions multiples,4,3,2,0,1,1,1,0,1,50,3,3,0,0,0,3,44.0,54.0,voiture,voiture,3,2,1,1,5
201900011960,2019-10-17 22:56:00,2019,10,17,22,56,13,13209,MARTHELINE (AVENUE DE LA),43.24542,5.40071,Nuit avec éclairage allumé,En agglomération,Hors intersection,Normale,Sans collision,4,-1,0,1,1,1,1,0,1,30,1,1,0,0,0,1,,,,,5,2,1,1,7
201900011961,2019-10-17 07:30:00,2019,10,17,7,30,13,13211,MIRELLE LAUZE (BOULEVARD),43.286854,5.431403,Crépuscule ou aube,En agglomération,Hors intersection,Normale,Autre collision,4,2,2,0,1,1,1,0,1,50,2,2,1,0,0,1,26.0,36.0,deux_roues,voiture,2,2,1,1,6
201900011962,2019-10-17 12:00:00,2019,10,17,12,0,10,10325,LOUIS FRANCOIS ARMAND (RUE),48.26634,4.072397,Plein jour,En agglomération,Hors intersection,Pluie légère,Autre collision,4,2,2,0,1,3,2,0,1,50,1,3,0,0,0,3,21.0,,voiture,,1,2,1,2,6
201900011963,2019-10-16 14:43:00,2019,10,16,14,43,10,10325,DOCTEUR SCHWEITZER (RUE DU),48.26808,4.08243,Plein jour,En agglomération,Autre intersection,Normale,Deux véhicules - frontale,4,2,4,0,1,1,1,0,1,50,2,2,1,0,0,1,20.0,79.0,voiture,voiture,1,2,9,1,1
201900011964,2019-10-17 19:20:00,2019,10,17,19,20,7,07019,BOISVIGNAL (AVENUE),44.61806,4.39368,Nuit avec éclairage allumé,En agglomération,Hors intersection,Pluie forte,Autre collision,4,2,2,0,2,1,2,0,2,50,1,1,0,0,1,0,,,,,5,2,1,3,6
201900011965,2019-10-17 13:00:00,2019,10,17,13,0,6,06088,AUGUSTA (AV. ANTONIA),43.723206,7.284792,Plein jour,En agglomération,Hors intersection,Normale,Autre collision,4,1,1,0,1,1,1,0,1,50,1,2,1,0,1,0,42.0,,voiture,,1,2,1,1,6
201900011966,2019-10-17 16:00:00,2019,10,17,16,0,6,06069,DUNANT (AVENUE HENRI),43.643777,6.930468,Plein jour,En agglomération,Hors intersection,Temps couvert,Deux véhicules - arrière,4,2,1,0,2,1,2,9,1,30,2,2,1,0,0,1,20.0,38.0,deux_roues,voiture,1,2,1,8,2
201900011967,2019-10-15 07:40:00,2019,10,15,7,40,5,05023,LIBERATION (AVENUE DE LA),44.90053,6.64069,Crépuscule ou aube,En agglomération,Hors intersection,Pluie forte,Autre collision,4,2,2,0,2,1,2,0,1,50,1,2,1,0,0,1,54.0,,voiture,,2,2,1,3,6
201900011968,2019-10-15 11:55:00,2019,10,15,11,55,1,01283,BELMONT,46.26044,5.66133,Plein jour,En agglomération,Hors intersection,Pluie légère,Autre collision,4,2,2,0,2,2,2,0,1,50,1,1,0,0,0,1,25.0,,voiture,,1,2,1,2,6
201900011969,2019-10-17 13:20:00,2019,10,17,13,20,75,75106,BOULEVARD DU MONTPARNASSE,48.8415541,2.3311383,Plein jour,En agglomération,Intersection en T,Normale,Autre collision,4,2,6,3,1,1,1,-1,6,50,1,2,1,0,1,0,37.0,,transport_commun,,1,2,3,1,6
201900011970,2019-10-16 17:55:00,2019,10,16,17,55,75,75108,PLACE DE LA CONCORDE,48.8666657,2.3220102,Plein jour,En agglomération,Place,Pluie légère,Deux véhicules - arrière,4,1,6,0,1,2,2,0,1,50,2,2,0,0,0,2,28.0,32.0,deux_roues,deux_roues,1,2,7,2,2
201900011971,2019-10-17 18:00:00,2019,10,17,18,0,75,75106,BOULEVARD SAINT MICHEL,48.8469218,2.3406054,Plein jour,En agglomération,Intersection en Y,Temps couvert,Autre collision,4,2,4,3,1,1,1,-1,6,50,1,2,0,0,0,2,42.0,,deux_roues,,1,2,4,8,6
201900011972,2019-10-17 22:50:00,2019,10,17,22,50,75,75111,BOULEVARD DE BELLEVILLE,48.868932,2.3804671,Nuit avec éclairage allumé,En agglomération,Intersection en X,Normale,Deux véhicules - côté,4,3,2,-1,1,1,1,0,1,50,2,2,1,0,0,1,29.0,22.0,transport_commun,deux_roues,5,2,2,1,3
201900011973,2019-10-17 18:30:00,2019,10,17,18,30,75,75120,BOULEVARD DAVOUT,48.8479425,2.4113542,Plein jour,En agglomération,Intersection en T,Normale,Deux véhicules - côté,4,3,4,0,1,1,1,0,1,50,2,2,1,0,1,0,29.0,61.0,deux_roues,voiture,1,2,3,1,3
201900011974,2019-10-17 17:50:00,2019,10,17,17,50,75,75120,RUE DES HAIES,48.8535636,2.4018775,Plein jour,En agglomération,Hors intersection,Normale,Deux véhicules - côté,4,2,2,0,1,1,1,0,1,30,2,2,1,0,0,1,55.0,12.0,voiture,deux_roues,1,2,1,1,3