accident_id,datetime,annee,mois,jour,heure,minute,departement,commune_insee,adresse,latitude,longitude,luminosite,agglomeration,intersection,meteo,collision,catr,circ,nbv,vosp,prof,plan,surf,infra,situ,vma,nb_vehicules,nb_usagers,nb_indemnes,nb_tues,nb_blesses_hosp,nb_blesses_legers,age_cond_1,age_cond_2,veh_type_cond_1,veh_type_cond_2,lum_code,agg_code,int_code,atm_code,col_code
201900011975,2019-10-17 14:40:00,2019,10,17,14,40,75,75117,AVENUE DE CLICHY,48.8842288,2.3271042,Plein jour,En agglomération,Hors intersection,Temps couvert,Autre collision,4,2,2,0,1,1,1,8,1,50,1,2,1,0,0,1,54.0,,transport_commun,,1,2,1,8,6
201900011976,2019-10-17 08:30:00,2019,10,17,8,30,75,75108,BOULEVARD DES BATIGNOLLES,48.8832641,2.3267412,Plein jour,En agglomération,Intersection en Y,Pluie légère,Sans collision,4,2,2,0,1,1,2,0,1,50,1,1,0,0,0,1,27.0,,deux_roues,,1,2,4,2,7
201900011977,2019-10-16 13:45:00,2019,10,16,13,45,75,75117,BOULEVARD DE REIMS,48.890951,2.300275,Plein jour,En agglomération,Hors intersection,Temps couvert,Autre collision,4,1,1,0,1,1,2,0,1,30,1,2,1,0,0,1,40.0,,voiture,,1,2,1,8,6
201900011978,2019-10-16 17:25:00,2019,10,16,17,25,75,75116,AVENUE KLEBER,48.8707365,2.2928039,Plein jour,En agglomération,Hors intersection,Pluie légère,Deux véhicules - côté,4,2,3,0,1,1,2,0,1,50,2,2,1,0,0,1,33.0,34.0,voiture,deux_roues,1,2,1,2,3
201900011979,2019-10-17 09:20:00,2019,10,17,9,20,75,75115,RUE CAUCHY,48.8421794,2.278285,Plein jour,En agglomération,Hors intersection,Normale,Autre collision,4,2,2,0,1,1,1,0,4,30,1,2,1,0,0,1,45.0,,voiture,,1,2,1,1,6
201900011980,2019-10-17 16:45:00,2019,10,17,16,45,75,75114,RUE D ALESIA,48.828029,2.326199,Plein jour,En agglomération,Hors intersection,Normale,Autre collision,4,2,4,0,1,1,1,0,1,50,1,2,1,0,0,1,58.0,,voiture,,1,2,1,1,6
201900011981,2019-10-17 20:10:00,2019,10,17,20,10,75,75113,BOULEVARD DE L HOPITAL,48.8386703,2.3608478,Nuit avec éclairage allumé,En agglomération,Intersection en Y,Pluie légère,Autre collision,4,2,2,0,2,1,2,0,1,50,3,2,1,0,0,1,40.0,52.0,deux_roues,voiture,5,2,4,2,6
201900011982,2019-10-17 12:25:00,2019,10,17,12,25,75,75113,BOULEVARD VINCENT AURIOL,48.830961,2.3568667,Plein jour,En agglomération,Hors intersection,Normale,Sans collision,4,3,2,3,2,1,1,-1,6,50,1,2,1,0,0,1,31.0,,transport_commun,,1,2,1,1,7
201900011983,2019-10-16 23:10:00,2019,10,16,23,10,75,75113,QUAI D AUSTERLITZ,48.8383317,2.3727992,Nuit avec éclairage allumé,En agglomération,Intersection en T,Pluie légère,Autre collision,4,2,5,1,1,1,2,0,5,30,2,1,0,0,0,1,26.0,,deux_roues,,5,2,3,2,6
201900011984,2019-10-17 20:35:00,2019,10,17,20,35,75,75112,BOULEVARD DIDEROT,48.8456767,2.3726355,Nuit avec éclairage allumé,En agglomération,Intersection en T,Pluie légère,Deux véhicules - côté,4,1,2,0,1,1,2,0,1,30,2,2,0,0,0,2,38.0,23.0,transport_commun,voiture,5,2,3,2,3
201900011985,2019-10-17 10:00:00,2019,10,17,10,0,75,75111,RUE DU CHEMIN VERT,48.8581329,2.3719445,Plein jour,En agglomération,Intersection en T,Temps couvert,Sans collision,4,1,1,0,1,1,2,0,1,50,1,1,0,0,0,1,34.0,,deux_roues,,1,2,3,8,7
201900011986,2019-10-17 06:15:00,2019,10,17,6,15,75,75111,AVENUE DE LA REPUBLIQUE,48.8640072,2.3811984,Crépuscule ou aube,En agglomération,Intersection à plus de 4 branches,Pluie légère,Deux véhicules - côté,4,2,2,0,2,1,2,0,1,50,2,2,1,0,1,0,44.0,19.0,utilitaire_camion,deux_roues,2,2,5,2,3
201900011987,2019-10-16 10:05:00,2019,10,16,10,5,75,75111,AVENUE DE LA REPUBLIQUE,48.8648771,2.3765928,Plein jour,En agglomération,Hors intersection,Pluie légère,Deux véhicules - côté,4,2,2,0,1,1,2,0,1,50,2,2,1,0,0,1,25.0,52.0,deux_roues,voiture,1,2,1,2,3
201900011988,2019-10-17 22:45:00,2019,10,17,22,45,75,75110,RUE LA FAYETTE,48.878532,2.3540472,Nuit avec éclairage allumé,En agglomération,Intersection en X,Normale,Deux véhicules - arrière,4,1,4,0,1,1,1,0,1,50,2,4,3,0,0,1,27.0,36.0,voiture,voiture,5,2,2,1,2
201900011989,2019-10-17 13:53:00,2019,10,17,13,53,75,75108,PLACE SAINT AUGUSTIN,48.8756215,2.3189494,Plein jour,En agglomération,Place,Normale,Trois véhicules et plus - en chaîne,4,2,4,0,1,1,1,0,1,50,3,3,2,0,0,1,38.0,39.0,voiture,deux_roues,1,2,7,1,4
201900011990,2019-10-17 18:30:00,2019,10,17,18,30,75,75102,RUE DE TURBIGO,48.8641035,2.3501137,Crépuscule ou aube,En agglomération,Intersection en X,Temps couvert,Deux véhicules - côté,4,2,4,1,1,1,1,0,5,30,2,2,0,0,0,2,22.0,53.0,deux_roues,deux_roues,2,2,2,8,3
201900011991,2019-10-17 12:45:00,2019,10,17,12,45,75,75104,QUAI D ORLEANS,48.8511358,2.3559247,Plein jour,En agglomération,Intersection en X,Normale,Deux véhicules - côté,4,1,1,0,1,1,1,0,1,50,2,2,1,0,0,1,39.0,65.0,deux_roues,voiture,1,2,2,1,3
201900011992,2019-10-17 12:45:00,2019,10,17,12,45,75,75101,RUE SAINT HONORE,48.8645701,2.3326997,Plein jour,En agglomération,Intersection en X,Normale,Autre collision,4,1,1,0,1,1,1,0,1,50,1,2,1,0,0,1,51.0,,voiture,,1,2,2,1,6
201900011993,2019-10-17 18:30:00,2019,10,17,18,30,75,75102,RUE SAINT AUGUSTIN,48.868881,2.334896,Nuit avec éclairage allumé,En agglomération,Hors intersection,Normale,Autre collision,4,2,2,1,1,1,1,0,5,30,1,2,1,0,0,1,25.0,,deux_roues,,5,2,1,1,6
201900011994,2019-10-17 12:20:00,2019,10,17,12,20,94,94074,CHAMP SAINT-JULIEN (AV DU),48.7492,2.45522,Plein jour,En agglomération,Intersection en X,Pluie légère,Autre collision,3,2,3,0,1,1,2,0,1,50,1,2,0,0,0,2,,,,,1,2,2,2,6
201900011995,2019-10-17 16:45:00,2019,10,17,16,45,94,94042,GENERAL GALLIENI (AV DU),48.8199,2.47896,Plein jour,En agglomération,Hors intersection,Normale,Autre collision,3,2,2,0,1,1,1,0,1,50,1,2,1,0,0,1,78.0,,voiture,,1,2,1,1,6
201900011996,2019-10-17 09:20:00,2019,10,17,9,20,94,94058,JEAN D ESTIENNE D ORVES (R),48.83882,2.49946,Plein jour,En agglomération,Hors intersection,Normale,Autre collision,4,2,2,0,1,1,2,0,1,50,2,2,1,0,0,1,27.0,59.0,voiture,deux_roues,1,2,1,1,6
201900011997,2019-10-17 07:30:00,2019,10,17,7,30,94,94041,VERDUN (AV DE),48.816,2.367,Crépuscule ou aube,En agglomération,Hors intersection,Pluie légère,Deux véhicules - côté,3,2,2,0,1,1,2,0,1,50,2,2,1,0,0,1,55.0,39.0,utilitaire_camion,deux_roues,2,2,1,2,3
201900011998,2019-10-17 12:00:00,2019,10,17,12,0,94,94075,MARECHAL DELATTRE DE TASSIGNY (AV),48.72751,2.5311,Plein jour,En agglomération,Hors intersection,Pluie légère,Deux véhicules - côté,2,2,2,0,1,1,2,0,1,50,2,2,1,0,0,1,28.0,59.0,voiture,voiture,1,2,1,2,3
201900011999,2019-10-17 08:10:00,2019,10,17,8,10,93,93072,MAXIME GORKI (BOULEVARD) DES N°1 AU 87,48.95419,2.3839,Crépuscule ou aube,En agglomération,Hors intersection,Pluie légère,Deux véhicules - arrière,3,2,2,0,1,1,2,8,1,50,2,2,1,0,0,1,26.0,61.0,voiture,voiture,2,2,1,2,2
201900012000,2019-10-17 10:30:00,2019,10,17,10,30,93,93070,JEAN-JAURES (BD),48.91394,2.33624,Plein jour,En agglomération,Hors intersection,Pluie légère,Deux véhicules - côté,3,-1,4,0,1,1,2,0,1,50,2,2,1,0,0,1,27.0,26.0,deux_roues,voiture,1,2,1,2,3
201900012001,2019-10-17 17:20:00,2019,10,17,17,20,93,93066,ROLLAND ROMAIN (AVENUE),48.93993,2.38376,Plein jour,En agglomération,Hors intersection,Normale,Autre collision,4,2,2,0,1,1,1,0,3,50,1,2,1,0,0,1,51.0,,voiture,,1,2,1,1,6
201900012002,2019-10-16 23:50:00,2019,10,16,23,50,93,93053,BREMENT (RUE DE) 109 A 235 - 110 A ...,48.8882554,2.4596536,Nuit avec éclairage allumé,En agglomération,Hors intersection,Pluie légère,Deux véhicules - arrière,3,2,2,0,1,1,2,0,1,50,2,5,3,0,0,2,35.0,26.0,voiture,voiture,5,2,1,2,2
201900012003,2019-10-17 20:00:00,2019,10,17,20,0,93,93048,SERGENT BOBILLOT (RUE DU),48.8537,2.43314,Nuit avec éclairage allumé,En agglomération,Intersection en X,Normale,Deux véhicules - côté,4,1,1,0,1,1,2,0,1,50,2,2,1,0,0,1,20.0,20.0,utilitaire_camion,voiture,5,2,2,1,3
201900012004,2019-10-17 08:55:00,2019,10,17,8,55,93,93045,JAURES BD JEAN,48.88605,2.42679,Plein jour,En agglomération,Intersection en Y,Pluie légère,Deux véhicules - côté,4,2,2,0,1,4,2,6,1,50,2,2,1,0,0,1,36.0,31.0,deux_roues,voiture,1,2,4,2,3
201900012005,2019-10-17 14:05:00,2019,10,17,14,5,93,93031,CDT LOUIS BOUCHET (AV),48.95444,2.31768,Plein jour,En agglomération,Hors intersection,Normale,Autre collision,4,2,2,0,1,1,1,0,1,50,1,2,1,0,0,1,19.0,,voiture,,1,2,1,1,6
201900012006,2019-10-17 14:51:00,2019,10,17,14,51,93,93057,HUGO (AV. VICTOR),48.9088,2.51653,Plein jour,En agglomération,Autre intersection,Normale,Deux véhicules - côté,4,3,4,0,1,1,1,9,1,50,2,2,1,0,0,1,72.0,43.0,voiture,deux_roues,1,2,9,1,3
201900012007,2019-10-17 15:40:00,2019,10,17,15,40,93,93007,DOCTEUR CALMETTE (RUE DU),48.940702,2.473921,Plein jour,En agglomération,Autre intersection,Pluie légère,Autre collision,4,2,0,0,1,1,2,0,2,30,1,2,1,0,0,1,37.0,,voiture,,1,2,9,2,6
201900012008,2019-10-17 05:29:00,2019,10,17,5,29,93,93005,SALVADOR ALLENDE (COURS),48.95406,2.50859,Nuit avec éclairage allumé,En agglomération,Hors intersection,Normale,Deux véhicules - arrière,3,3,4,0,1,1,2,0,1,50,2,3,1,0,1,1,21.0,50.0,voiture,utilitaire_camion,5,2,1,1,2
201900012009,2019-10-13 16:50:00,2019,10,13,16,50,92,92073,BAS ROGERS (RUE DES),48.87978,2.23388,Plein jour,En agglomération,Intersection en T,Normale,Sans collision,3,2,2,0,2,1,1,0,1,50,1,1,0,0,1,0,59.0,,deux_roues,,1,2,3,1,7
201900012010,2019-10-16 18:00:00,2019,10,16,18,0,92,92063,CARREY DE BELLEMARE (RUE DU GENERAL),48.8633,2.1908,Plein jour,En agglomération,Giratoire,Pluie légère,Deux véhicules - arrière,4,2,2,2,1,2,2,5,2,50,2,2,1,0,0,1,51.0,67.0,deux_roues,voiture,1,2,6,2,2
201900012011,2019-09-18 07:20:00,2019,9,18,7,20,6,06031,Chemin du Collet Begude,43.772983,7.332319,Plein jour,En agglomération,Hors intersection,Normale,Sans collision,3,2,2,3,1,1,1,0,1,70,1,1,0,0,0,1,47.0,,deux_roues,,1,2,1,1,7
201900012012,2019-10-18 15:35:00,2019,10,18,15,35,41,41052,"Lieu-dit ""l'ormeau buis""",47.486952,1.357158,Plein jour,Hors agglomération,Hors intersection,Normale,Autre collision,3,2,2,0,3,2,1,0,8,80,1,1,0,1,0,0,22.0,,deux_roues,,1,1,1,1,6
201900012013,2019-10-15 13:50:00,2019,10,15,13,50,31,31446,Avenue Tolosane,43.551323,1.469916,Plein jour,En agglomération,Hors intersection,Normale,Autre collision,3,2,2,1,1,1,1,0,1,50,1,2,1,0,1,0,41.0,,voiture,,1,2,1,1,6
201900012014,2019-10-16 15:55:00,2019,10,16,15,55,83,83019,Boulevard du Soléil,43.149393,6.342893,Plein jour,En agglomération,Hors intersection,Normale,Deux véhicules - frontale,3,2,2,0,2,3,1,0,1,50,2,2,1,0,1,0,83.0,45.0,voiture,deux_roues,1,2,1,1,1
201900012015,2019-10-18 07:45:00,2019,10,18,7,45,41,41259,D917,47.771433,0.969878,Crépuscule ou aube,Hors agglomération,Intersection en T,Pluie légère,Deux véhicules - côté,3,2,2,0,1,1,2,5,1,80,2,2,1,0,1,0,15.0,41.0,deux_roues,voiture,2,1,3,2,3
201900012016,2019-10-17 10:00:00,2019,10,17,10,0,51,51027,RD 3,49.0304203,4.6750375,Plein jour,Hors agglomération,Hors intersection,Pluie légère,Deux véhicules - frontale,3,2,2,0,1,1,2,0,1,80,2,4,0,1,2,1,82.0,76.0,voiture,voiture,1,1,1,2,1
201900012017,2019-10-17 22:50:00,2019,10,17,22,50,2A,2A271,T20,41.975694,8.82604,Nuit avec éclairage allumé,Hors agglomération,Hors intersection,Normale,Trois véhicules et plus - en chaîne,2,2,2,0,1,1,1,0,1,70,3,3,1,0,0,2,23.0,33.0,voiture,voiture,5,1,1,1,4
201900012018,2019-10-17 19:05:00,2019,10,17,19,5,11,11438,D4,43.222997,2.086678,Crépuscule ou aube,Hors agglomération,Hors intersection,Normale,Deux véhicules - frontale,3,2,2,0,1,1,1,0,1,80,2,2,0,0,2,0,78.0,54.0,voiture,voiture,2,1,1,1,1
201900012019,2019-10-15 07:55:00,2019,10,15,7,55,12,12238,D29,44.244027,2.935803,Crépuscule ou aube,Hors agglomération,Hors intersection,Pluie légère,Sans collision,3,2,2,0,2,3,2,0,3,80,1,1,0,0,1,0,29.0,,voiture,,2,1,1,2,7
201900012020,2019-10-18 16:30:00,2019,10,18,16,30,47,47004,D666,44.3233799,0.3707063,Plein jour,Hors agglomération,Hors intersection,Normale,Autre collision,3,2,2,0,1,1,1,0,8,80,1,2,0,0,2,0,23.0,,voiture,,1,1,1,1,6
201900012021,2019-10-14 20:00:00,2019,10,14,20,0,86,86271,Lieu Dit le Fourchaud,46.798593,0.24112,Nuit sans éclairage public,Hors agglomération,Hors intersection,Pluie forte,Sans collision,3,2,2,0,1,1,2,0,1,80,1,3,1,0,2,0,30.0,,voiture,,3,1,1,3,7
201900012022,2019-10-17 19:15:00,2019,10,17,19,15,68,68201,Rue du Général de Gaulle,47.7729862,7.001169,Nuit avec éclairage allumé,En agglomération,Hors intersection,Pluie forte,Deux véhicules - frontale,2,2,2,0,2,3,2,0,1,50,2,2,1,0,0,1,70.0,53.0,voiture,voiture,5,2,1,3,1
201900012023,2019-10-18 16:40:00,2019,10,18,16,40,29,29236,Pont du Guilly,47.822136,-3.651751,Plein jour,Hors agglomération,Hors intersection,Normale,Deux véhicules - frontale,3,2,2,0,4,2,2,0,1,70,2,2,1,1,0,0,23.0,22.0,autre,voiture,1,1,1,1,1
201900012024,2019-10-17 16:15:00,2019,10,17,16,15,38,38359,D27C,45.17505,5.21394,Plein jour,Hors agglomération,Hors intersection,Temps couvert,Sans collision,3,2,2,0,2,1,2,0,1,80,1,1,0,0,1,0,46.0,,utilitaire_camion,,1,1,1,8,7
201900012025,2019-10-15 10:00:00,2019,10,15,10,0,3,03126,48 avenue de Saint-Yorre,46.0794007,3.441436,Plein jour,En agglomération,Giratoire,Pluie légère,Deux véhicules - arrière,3,2,2,0,1,1,2,0,1,50,2,2,1,0,0,1,39.0,49.0,voiture,voiture,1,2,6,2,2
201900012026,2019-10-16 15:00:00,2019,10,16,15,0,26,26210,D67,45.199956,5.120562,Crépuscule ou aube,Hors agglomération,Hors intersection,Temps éblouissant,Deux véhicules - arrière,3,2,2,0,1,1,1,0,1,80,2,2,1,0,0,1,72.0,78.0,deux_roues,voiture,2,1,1,7,2
201900012027,2019-10-18 09:50:00,2019,10,18,9,50,6,06010,Route de Gourdon,43.700577,6.966573,Plein jour,Hors agglomération,Hors intersection,Normale,Sans collision,3,2,3,0,2,2,1,0,1,90,1,1,0,0,1,0,39.0,,deux_roues,,1,1,1,1,7
201900012028,2019-10-18 13:45:00,2019,10,18,13,45,24,24156,La Gélie Sud,45.038898,0.892556,Plein jour,Hors agglomération,Hors intersection,Pluie légère,Autre collision,3,2,2,0,1,3,2,0,3,80,1,2,0,0,1,1,42.0,,deux_roues,,1,1,1,2,6
201900012029,2019-10-17 16:15:00,2019,10,17,16,15,87,87150,Route des Vergnolles,45.640575,1.149565,Plein jour,Hors agglomération,Hors intersection,Temps couvert,Deux véhicules - arrière,3,2,2,0,2,4,2,0,1,70,2,2,1,0,1,0,67.0,66.0,voiture,voiture,1,1,1,8,2
201900012030,2019-09-10 18:00:00,2019,9,10,18,0,987,98715,RT1 pk 4.200,-17.584522,-149.568578,Plein jour,En agglomération,Intersection en T,Normale,Trois véhicules et plus - en chaîne,2,2,2,2,1,1,1,0,1,-1,3,2,1,0,1,0,35.0,20.0,deux_roues,deux_roues,1,2,3,1,4
201900012031,2019-10-18 07:57:00,2019,10,18,7,57,57,57433,autoroute A4,49.208301,6.154251,Plein jour,Hors agglomération,Autre intersection,Pluie légère,Trois véhicules et plus - en chaîne,1,1,4,0,1,1,1,0,1,130,3,3,1,0,1,1,52.0,40.0,voiture,deux_roues,1,1,9,2,4
201900012032,2019-10-19 03:00:00,2019,10,19,3,0,988,98817,route du Sud,-22.224409,166.502843,Nuit avec éclairage allumé,En agglomération,Hors intersection,Normale,Autre collision,3,2,2,0,1,1,1,0,1,50,1,5,2,0,2,1,42.0,,voiture,,5,2,1,1,6
201900012033,2019-10-17 14:45:00,2019,10,17,14,45,971,97128,Maudette,16.232752,-61.421399,Plein jour,Hors agglomération,Hors intersection,Normale,Deux véhicules - côté,4,2,2,0,2,1,1,0,1,70,2,2,1,1,0,0,72.0,23.0,voiture,deux_roues,1,1,1,1,3
201900012034,2019-10-17 13:20:00,2019,10,17,13,20,971,97125,N5,16.277011,-61.285175,Plein jour,Hors agglomération,Hors intersection,Normale,Deux véhicules - arrière,2,2,1,0,1,1,1,0,1,80,2,2,1,1,0,0,62.0,28.0,deux_roues,voiture,1,1,1,1,2
201900012035,2019-10-18 11:30:00,2019,10,18,11,30,2B,2B148,RT 20 - LD PARATELLA - PK 131+740,42.537279,9.469509,Plein jour,Hors agglomération,Hors intersection,Normale,Deux véhicules - frontale,2,2,2,0,1,3,1,0,1,80,2,3,0,1,0,2,76.0,48.0,voiture,voiture,1,1,1,1,1
201900012036,2019-10-16 08:35:00,2019,10,16,8,35,13,13086,D96,43.335996,5.601105,Plein jour,En agglomération,Hors intersection,Normale,Deux véhicules - frontale,3,2,2,0,1,1,1,0,1,50,2,2,1,0,1,0,61.0,47.0,deux_roues,voiture,1,2,1,1,1
201900012037,2019-10-03 05:55:00,2019,10,3,5,55,13,13110,1655 Route de Gardanne,43.458599,5.652544,Nuit sans éclairage public,Hors agglomération,Intersection en T,Normale,Deux véhicules - côté,3,2,2,0,1,1,1,9,6,80,2,2,1,0,1,0,49.0,54.0,deux_roues,utilitaire_camion,3,1,3,1,3
201900012038,2019-10-18 17:05:00,2019,10,18,17,5,10,10095,D677,48.557558,4.146577,Plein jour,Hors agglomération,Hors intersection,Normale,Autre collision,3,2,2,0,1,1,1,0,3,80,1,1,0,0,0,1,19.0,,voiture,,1,1,1,1,6
201900012039,2019-10-16 14:00:00,2019,10,16,14,0,67,67080,2 Rue Principale,48.56195,7.530063,Plein jour,Hors agglomération,Intersection en X,Normale,Deux véhicules - côté,3,2,2,1,1,1,1,5,1,80,2,2,1,0,1,0,52.0,55.0,deux_roues,voiture,1,1,2,1,3
201900012040,2019-10-17 12:10:00,2019,10,17,12,10,57,57474,Rue de l'Eglise,49.26343,6.171733,Plein jour,En agglomération,Hors intersection,Pluie légère,Autre collision,4,2,2,0,1,1,2,0,1,30,1,2,1,0,1,0,36.0,,voiture,,1,2,1,2,6
201900012041,2019-10-17 21:00:00,2019,10,17,21,0,9,09244,CD 119 rieucros,43.075825,1.777901,Nuit sans éclairage public,Hors agglomération,Autre intersection,Normale,Deux véhicules - arrière,3,4,3,0,1,1,1,0,1,90,2,2,0,0,1,1,20.0,55.0,voiture,voiture,3,1,9,1,2
201900012042,2019-10-17 23:00:00,2019,10,17,23,0,72,72084,Lieu Dit les Belles Ouvrieres,47.703365,-0.028908,Nuit sans éclairage public,Hors agglomération,Hors intersection,Normale,Autre collision,3,3,2,0,2,1,1,0,1,80,1,2,1,0,1,0,43.0,,voiture,,3,1,1,1,6
201900012043,2019-10-14 10:15:00,2019,10,14,10,15,29,29124,7 Rue Jeanne d'Arc,48.570456,-4.323549,Plein jour,En agglomération,Hors intersection,Pluie légère,Autre collision,4,2,2,0,1,3,2,0,1,50,1,2,1,0,1,0,69.0,,voiture,,1,2,1,2,6
201900012044,2019-10-18 11:05:00,2019,10,18,11,5,22,22282,Boulevard de Penthièvre,48.621736,-2.26496,Plein jour,En agglomération,Hors intersection,Temps éblouissant,Deux véhicules - frontale,3,2,2,1,1,1,1,0,1,50,2,3,1,0,2,0,39.0,60.0,utilitaire_camion,voiture,1,2,1,7,1
201900012045,2019-10-18 10:30:00,2019,10,18,10,30,27,27016,Avenue de la République,49.24515,1.410583,Plein jour,En agglomération,Hors intersection,Normale,Autre collision,3,2,2,0,1,1,1,9,1,50,1,2,1,0,1,0,70.0,,voiture,,1,2,1,1,6
201900012046,2019-10-18 00:50:00,2019,10,18,0,50,80,80124,Rue de Cayeux,50.118484,1.525966,Nuit sans éclairage public,Hors agglomération,Hors intersection,Normale,Sans collision,3,2,2,0,1,4,1,0,3,80,1,3,2,0,1,0,19.0,,voiture,,3,1,1,1,7
201900012047,2019-10-17 19:45:00,2019,10,17,19,45,62,62589,2 Rue Mal Leclerc de Hauteclocque,50.378314,2.812696,Nuit sans éclairage public,Hors agglomération,Hors intersection,Pluie forte,Deux véhicules - arrière,3,2,2,0,2,1,2,0,1,80,2,2,0,0,1,1,67.0,26.0,deux_roues,voiture,3,1,1,3,2
201900012048,2019-10-18 09:00:00,2019,10,18,9,0,59,59036,32 Rue du Marechal Joffre,50.12375,3.931006,Plein jour,En agglomération,Intersection en T,Pluie forte,Autre collision,3,2,2,0,1,3,2,0,1,50,1,2,1,0,1,0,48.0,,voiture,,1,2,3,3,6
201900012049,2019-10-16 19:15:00,2019,10,16,19,15,13,13071,A7-Sens Lyon vers Marseille,43.403463,5.309321,Crépuscule ou aube,Hors agglomération,Hors intersection,Normale,Deux véhicules - arrière,1,1,3,0,1,1,1,0,1,70,2,4,1,0,0,3,24.0,46.0,utilitaire_camion,voiture,2,1,1,1,2
201900012050,2019-10-17 09:35:00,2019,10,17,9,35,13,13211,A50-Sens Aubagne vers Marseille,43.2917539,5.4825121,Plein jour,Hors agglomération,Hors intersection,Normale,Deux véhicules - côté,1,3,3,0,1,1,1,0,1,90,2,2,0,0,0,2,67.0,38.0,deux_roues,deux_roues,1,1,1,1,3
201900012051,2019-10-17 06:50:00,2019,10,17,6,50,33,33249,A630 - VU A change de file à droite et provoque la chute de la moto B qui freine en urgence,44.87966,-0.5262,Nuit avec éclairage allumé,Hors agglomération,Hors intersection,Pluie légère,Deux véhicules - côté,1,3,6,0,1,1,2,0,1,90,2,1,0,0,0,1,50.0,,deux_roues,,5,1,1,2,3
201900012052,2019-10-17 06:10:00,2019,10,17,6,10,33,33122,AUTOROUTE A 63,44.74647,-0.70085,Nuit sans éclairage public,Hors agglomération,Hors intersection,Pluie légère,Trois véhicules et plus - en chaîne,1,3,4,0,1,1,2,0,1,130,3,4,3,0,0,1,23.0,25.0,voiture,voiture,3,1,1,2,4
201900012053,2019-10-17 05:10:00,2019,10,17,5,10,33,33122,AUTOROUTE A 63,44.74705,-0.69977,Nuit sans éclairage public,Hors agglomération,Hors intersection,Pluie légère,Autre collision,1,3,4,0,1,1,2,0,1,130,1,3,0,0,0,3,34.0,,voiture,,3,1,1,2,6
201900012054,2019-10-17 08:20:00,2019,10,17,8,20,91,91521,AUTOROUTE A6,48.6407,2.3942,Plein jour,Hors agglomération,Hors intersection,Pluie légère,Deux véhicules - côté,1,1,3,0,1,1,2,0,1,70,2,2,1,0,0,1,33.0,37.0,voiture,deux_roues,1,1,1,2,3
201900012055,2019-10-17 07:50:00,2019,10,17,7,50,91,91471,RN 118,48.7118,2.1848,Plein jour,Hors agglomération,Hors intersection,Pluie légère,Deux véhicules - côté,2,1,4,0,2,1,2,0,1,90,2,2,1,0,0,1,31.0,43.0,deux_roues,voiture,1,1,1,2,3
201900012056,2019-10-17 03:00:00,2019,10,17,3,0,77,77495,A5A - A5B (BRETELLE VERS N105),48.58982,2.63702,Nuit sans éclairage public,Hors agglomération,Hors intersection,Normale,Autre collision,1,1,2,0,1,2,2,3,3,70,1,1,0,0,0,1,25.0,,utilitaire_camion,,3,1,1,1,6
201900012057,2019-10-16 20:35:00,2019,10,16,20,35,94,94003,AUTOROUTE A6B,48.8096,2.3436,Nuit avec éclairage allumé,Hors agglomération,Hors intersection,Pluie légère,Sans collision,1,1,2,0,1,1,2,0,1,70,1,2,0,0,0,2,30.0,,deux_roues,,5,1,1,2,7
201900012058,2019-10-17 16:40:00,2019,10,17,16,40,78,78455,A13,48.851707,2.065668,Plein jour,Hors agglomération,Hors intersection,Normale,Trois véhicules et plus - collisions multiples,1,1,2,0,1,1,1,0,1,110,3,4,2,0,0,2,43.0,47.0,voiture,voiture,1,1,1,1,5
201900012059,2019-10-16 19:20:00,2019,10,16,19,20,92,92050,A86,48.9016925,2.2029281,Nuit avec éclairage allumé,Hors agglomération,Hors intersection,Pluie légère,Deux véhicules - côté,1,3,2,0,1,1,2,0,1,90,2,2,1,0,0,1,36.0,25.0,deux_roues,voiture,5,1,1,2,3
201900012060,2019-10-17 08:30:00,2019,10,17,8,30,93,93029,AUTOROUTE A86,48.91912,2.42853,Plein jour,Hors agglomération,Hors intersection,Normale,Trois véhicules et plus - collisions multiples,1,3,6,0,1,3,1,1,1,90,3,3,2,0,0,1,41.0,18.0,utilitaire_camion,deux_roues,1,1,1,1,5
201900012061,2019-10-17 19:50:00,2019,10,17,19,50,94,94052,A86 INT,48.8335,2.4929,Nuit avec éclairage allumé,Hors agglomération,Hors intersection,Normale,Deux véhicules - arrière,1,-1,3,0,1,1,1,1,1,90,2,3,1,0,0,2,48.0,41.0,voiture,voiture,5,1,1,1,2
201900012062,2019-10-17 13:00:00,2019,10,17,13,0,77,77337,RN104,48.8273,2.6173,Plein jour,Hors agglomération,Hors intersection,Pluie légère,Autre collision,2,3,2,0,1,3,2,0,1,90,1,1,0,0,0,1,30.0,,voiture,,1,1,1,2,6
201900012063,2019-10-17 08:15:00,2019,10,17,8,15,77,77258,A4,48.8317988,2.64657,Crépuscule ou aube,Hors agglomération,Hors intersection,Pluie légère,Trois véhicules et plus - collisions multiples,1,3,5,0,1,1,2,0,1,110,5,5,4,0,0,1,29.0,38.0,voiture,deux_roues,2,1,1,2,5
201900012064,2019-07-11 15:46:00,2019,7,11,15,46,31,31035,,43.5277,1.4904,Plein jour,En agglomération,Intersection en T,Normale,Deux véhicules - côté,3,2,-1,-1,1,1,1,5,1,50,2,3,2,1,0,0,58.0,20.0,deux_roues,voiture,1,2,3,1,3
201900012065,2019-10-15 10:30:00,2019,10,15,10,30,76,76351,FRANCOIS 1ER (BD),49.4872,0.1035,Plein jour,En agglomération,Intersection en X,Normale,Deux véhicules - côté,7,2,2,0,1,1,1,0,1,50,2,2,1,0,0,1,19.0,20.0,deux_roues,voiture,1,2,2,1,3