accident_id,datetime,annee,mois,jour,heure,minute,departement,commune_insee,adresse,latitude,longitude,luminosite,agglomeration,intersection,meteo,collision,catr,circ,nbv,vosp,prof,plan,surf,infra,situ,vma,nb_vehicules,nb_usagers,nb_indemnes,nb_tues,nb_blesses_hosp,nb_blesses_legers,age_cond_1,age_cond_2,veh_type_cond_1,veh_type_cond_2,lum_code,agg_code,int_code,atm_code,col_code
201900012158,2019-04-18 16:45:00,2019,4,18,16,45,75,75103,RUE REAUMUR,48.865961,2.353778,Plein jour,En agglomération,Intersection en X,Normale,Autre collision,4,1,2,0,1,1,1,0,1,50,1,2,0,0,0,2,23.0,,deux_roues,,1,2,2,1,6
201900012159,2019-04-18 02:12:00,2019,4,18,2,12,75,75103,BOULEVARD SAINT MARTIN,48.868352,2.359642,Nuit avec éclairage allumé,En agglomération,Hors intersection,Normale,Autre collision,4,2,4,0,1,1,1,0,1,50,1,1,0,0,0,1,32.0,,deux_roues,,5,2,1,1,6
201900012160,2019-04-24 17:40:00,2019,4,24,17,40,75,75102,RUE DE CLERY,48.867758,2.345478,Plein jour,En agglomération,Intersection en X,Pluie légère,Autre collision,4,1,2,0,2,1,2,0,1,50,1,2,1,0,0,1,35.0,,deux_roues,,1,2,2,2,6
201900012161,2019-04-19 10:00:00,2019,4,19,10,0,75,75101,RUE DANIELLE CASANOVA,48.868316,2.330288,Plein jour,En agglomération,Intersection en X,Normale,Deux véhicules - côté,4,1,3,0,1,1,1,0,1,50,2,2,1,0,0,1,36.0,45.0,deux_roues,voiture,1,2,2,1,3
201900012162,2019-04-18 13:05:00,2019,4,18,13,5,75,75103,RUE BEAUBOURG,48.861746,2.35378,Plein jour,En agglomération,Intersection en T,Normale,Autre collision,4,1,3,0,1,1,1,0,1,50,2,2,1,0,0,1,41.0,25.0,deux_roues,voiture,1,2,3,1,6
201900012163,2019-04-26 08:50:00,2019,4,26,8,50,75,75101,RUE DE RIVOLI,48.863988,2.331352,Plein jour,En agglomération,Intersection en X,Normale,Sans collision,4,1,3,0,1,1,1,8,1,50,1,1,0,0,0,1,23.0,,deux_roues,,1,2,2,1,7
201900012164,2019-04-25 08:25:00,2019,4,25,8,25,75,75101,RUE DE L AMIRAL DE COLIGNY,48.860913,2.340849,Plein jour,En agglomération,Intersection en X,Normale,Deux véhicules - côté,4,-1,4,0,1,1,1,0,1,50,2,2,1,0,0,1,49.0,22.0,deux_roues,utilitaire_camion,1,2,2,1,3
201900012165,2019-04-25 04:40:00,2019,4,25,4,40,75,75101,PLACE ANDRE MALRAUX,48.863831,2.334226,Nuit sans éclairage public,En agglomération,Place,Pluie légère,Autre collision,4,2,2,0,1,1,2,0,1,50,1,1,0,0,1,0,,,,,3,2,7,2,6
201900012166,2019-04-23 17:45:00,2019,4,23,17,45,75,75101,QUAI DU LOUVRE,48.85873,2.341262,Plein jour,En agglomération,Hors intersection,Normale,Autre collision,4,1,4,3,1,1,1,0,6,50,1,2,1,0,0,1,19.0,,deux_roues,,1,2,1,1,6
201900012167,2019-04-26 17:15:00,2019,4,26,17,15,94,94081,HENRI BARBUSSE (AV),48.79285,2.39273,Plein jour,En agglomération,Intersection en T,Normale,Deux véhicules - côté,3,1,3,3,2,1,1,0,1,50,2,2,1,0,0,1,36.0,24.0,deux_roues,voiture,1,2,3,1,3
201900012168,2019-04-24 06:45:00,2019,4,24,6,45,94,94081,PRESIDENT SALVADOR ALLENDE (AV DU),48.79556,2.40703,Plein jour,En agglomération,Intersection en Y,Normale,Deux véhicules - côté,3,2,2,0,2,1,1,5,1,50,2,2,1,0,0,1,81.0,54.0,voiture,deux_roues,1,2,4,1,3
201900012169,2019-04-23 00:50:00,2019,4,23,0,50,94,94081,EDOUARD TREMBLAY (R),48.78439,2.37601,Nuit avec éclairage allumé,En agglomération,Hors intersection,Normale,Autre collision,4,2,2,0,1,1,1,0,1,50,1,1,0,0,1,0,21.0,,deux_roues,,5,2,1,1,6
201900012170,2019-04-19 20:50:00,2019,4,19,20,50,94,94081,CHOISY (R DE),48.78771,2.39814,Crépuscule ou aube,En agglomération,Intersection en X,Normale,Deux véhicules - côté,4,-1,2,0,1,1,1,0,1,50,2,2,1,0,0,1,21.0,25.0,voiture,deux_roues,2,2,2,1,3
201900012171,2019-04-18 15:45:00,2019,4,18,15,45,94,94081,PAUL VAILLANT COUTURIER (AV),48.7928715,2.3954631,Plein jour,En agglomération,Hors intersection,Normale,Deux véhicules - côté,3,2,2,0,1,1,1,0,1,50,2,3,2,0,0,1,18.0,27.0,deux_roues,voiture,1,2,1,1,3
201900012172,2019-04-23 18:10:00,2019,4,23,18,10,94,94067,MINIMES (AV DES),48.84173,2.42609,Plein jour,En agglomération,Hors intersection,Normale,Autre collision,3,2,2,0,1,1,1,0,1,50,1,2,1,0,0,1,22.0,,voiture,,1,2,1,1,6
201900012173,2019-04-20 13:50:00,2019,4,20,13,50,94,94080,NOGENT (AV DE),48.8445617,2.4400699,Plein jour,En agglomération,Hors intersection,Normale,Deux véhicules - côté,3,2,5,0,1,1,1,0,1,50,2,2,1,0,0,1,45.0,45.0,voiture,deux_roues,1,2,1,1,3
201900012174,2019-04-19 14:00:00,2019,4,19,14,0,94,94067,GENERAL DE GAULLE (AV DU),48.84548,2.41751,Plein jour,En agglomération,Intersection en T,Normale,Deux véhicules - frontale,3,2,2,0,1,1,1,0,1,50,2,2,1,0,0,1,25.0,25.0,deux_roues,voiture,1,2,3,1,1
201900012175,2019-04-27 23:40:00,2019,4,27,23,40,94,94074,HENRI BARBUSSE (AV),48.77032,2.44052,Nuit avec éclairage allumé,En agglomération,Hors intersection,Normale,Autre collision,2,1,4,0,1,4,2,0,4,50,1,1,0,0,0,1,55.0,,voiture,,5,2,1,1,6
201900012176,2019-04-22 12:55:00,2019,4,22,12,55,94,94078,HENRI SELLIER (R),48.73113,2.44821,Plein jour,En agglomération,Hors intersection,Normale,Deux véhicules - frontale,4,-1,2,0,1,1,1,0,1,50,2,2,1,0,0,1,29.0,25.0,voiture,deux_roues,1,2,1,1,1
201900012177,2019-04-21 07:05:00,2019,4,21,7,5,94,94074,FONTAINE SAINT-MARTIN (R DE LA),48.73573,2.47199,Plein jour,En agglomération,Hors intersection,Normale,Autre collision,4,3,2,0,1,1,1,0,5,50,1,1,0,0,0,1,26.0,,voiture,,1,2,1,1,6
201900012178,2019-04-24 23:30:00,2019,4,24,23,30,94,94068,FOUR (R DU),48.8111,2.4694,Nuit avec éclairage allumé,En agglomération,Intersection en X,Pluie légère,Deux véhicules - côté,3,3,5,0,1,1,2,5,1,50,2,2,1,0,0,1,22.0,45.0,deux_roues,voiture,5,2,2,2,3
201900012179,2019-04-23 21:45:00,2019,4,23,21,45,94,94068,BAC (AV DU),48.7944,2.5116,Nuit avec éclairage allumé,En agglomération,Hors intersection,Normale,Deux véhicules - côté,3,2,2,0,1,1,1,0,1,50,2,2,1,0,0,1,24.0,56.0,deux_roues,deux_roues,5,2,1,1,3
201900012180,2019-04-23 17:30:00,2019,4,23,17,30,94,94068,RONSARD (AV),48.80846,2.46807,Plein jour,En agglomération,Hors intersection,Normale,Autre collision,4,2,2,0,2,1,1,0,1,50,1,1,0,0,0,1,32.0,,utilitaire_camion,,1,2,1,1,6
201900012181,2019-04-20 05:10:00,2019,4,20,5,10,94,94068,JEAN JAURES (AV),48.79396,2.47721,Nuit avec éclairage allumé,En agglomération,Hors intersection,Normale,Autre collision,4,1,1,0,1,1,1,0,1,50,1,2,0,0,0,2,25.0,,voiture,,5,2,1,1,6
201900012182,2019-04-19 14:40:00,2019,4,19,14,40,94,94068,BAC (AV DU),48.7963,2.5068,Plein jour,En agglomération,Hors intersection,Normale,Deux véhicules - arrière,3,2,2,0,1,1,1,0,1,50,2,3,1,0,0,2,35.0,52.0,voiture,deux_roues,1,2,1,1,2
201900012183,2019-04-25 23:10:00,2019,4,25,23,10,94,94058,ONZE NOVEMBRE (AV DU),48.8468,2.49682,Nuit avec éclairage allumé,En agglomération,Intersection en X,Normale,Deux véhicules - frontale,3,2,2,0,1,1,1,0,1,50,2,2,1,0,0,1,27.0,51.0,deux_roues,voiture,5,2,2,1,1
201900012184,2019-04-21 21:30:00,2019,4,21,21,30,94,94015,GENERAL LECLERC (AV),48.83133,2.51985,Nuit avec éclairage allumé,En agglomération,Hors intersection,Normale,Deux véhicules - côté,3,2,2,0,2,1,1,0,1,50,2,2,1,0,0,1,35.0,44.0,voiture,deux_roues,5,2,1,1,3
201900012185,2019-04-18 09:40:00,2019,4,18,9,40,94,94058,GENERAL DE GAULLE (AV DU),48.839062,2.508644,Plein jour,En agglomération,Intersection en X,Normale,Deux véhicules - côté,3,2,2,0,1,1,1,0,1,50,2,2,1,0,0,1,38.0,42.0,deux_roues,utilitaire_camion,1,2,2,1,3
201900012186,2019-04-17 23:30:00,2019,4,17,23,30,94,94052,JACQUES KABLE (R),48.83548,2.49381,Nuit avec éclairage allumé,En agglomération,Intersection en X,Normale,Trois véhicules et plus - collisions multiples,2,2,2,0,2,1,1,5,1,50,3,4,3,0,1,0,44.0,62.0,utilitaire_camion,deux_roues,5,2,2,1,5
201900012187,2019-04-27 21:00:00,2019,4,27,21,0,94,94046,RUE GUE AUX AUROCHS,48.81442,2.42377,Nuit avec éclairage allumé,En agglomération,Intersection en T,Pluie légère,Deux véhicules - côté,3,3,4,0,1,1,2,0,1,50,2,3,2,0,0,1,31.0,42.0,deux_roues,voiture,5,2,3,2,3
201900012188,2019-04-23 09:50:00,2019,4,23,9,50,94,94046,GAMBETTA (AV),48.81005,2.44007,Plein jour,En agglomération,Intersection en X,Normale,Deux véhicules - côté,4,2,2,0,1,1,1,0,1,50,2,2,1,0,0,1,47.0,46.0,voiture,voiture,1,2,2,1,3
201900012189,2019-04-19 12:45:00,2019,4,19,12,45,94,94046,LIEUTENANT DE VAISSEAU D'ESTIENNE D'ORVE,48.8132,2.43126,Plein jour,En agglomération,Intersection en X,Normale,Trois véhicules et plus - collisions multiples,4,1,1,0,1,1,1,0,1,30,3,2,1,0,0,1,32.0,28.0,voiture,autre,1,2,2,1,5
201900012190,2019-04-17 08:10:00,2019,4,17,8,10,94,94046,REPUBLIQUE (AV DE LA),48.80478,2.43851,Plein jour,En agglomération,Hors intersection,Normale,Deux véhicules - côté,3,-1,2,0,1,1,1,0,1,50,2,2,1,0,0,1,40.0,40.0,voiture,deux_roues,1,2,1,1,3
201900012191,2019-04-26 23:15:00,2019,4,26,23,15,94,94076,RENE THIBERT (R),48.8052,2.362,Nuit avec éclairage allumé,En agglomération,Intersection en T,Normale,Autre collision,4,1,1,0,4,1,1,0,1,30,1,5,0,0,1,4,20.0,,utilitaire_camion,,5,2,3,1,6
201900012192,2019-04-21 20:40:00,2019,4,21,20,40,94,94076,CHEVILLY (R DE),48.7865,2.3543,Nuit avec éclairage non allumé,En agglomération,Hors intersection,Normale,Sans collision,4,2,2,0,1,1,1,0,1,50,1,1,0,0,1,0,41.0,,deux_roues,,4,2,1,1,7
201900012193,2019-04-26 05:55:00,2019,4,26,5,55,94,94034,PEPINIERES (AV DES),48.7675,2.3513,Nuit avec éclairage allumé,En agglomération,Hors intersection,Normale,Deux véhicules - côté,5,3,6,0,1,1,1,0,1,30,2,2,0,0,0,2,55.0,21.0,utilitaire_camion,utilitaire_camion,5,2,1,1,3
201900012194,2019-04-19 19:00:00,2019,4,19,19,0,94,94076,LOUIS ARAGON (AV),48.788672,2.370911,Plein jour,En agglomération,Hors intersection,Normale,Autre collision,3,2,2,0,1,1,1,8,1,50,2,2,1,0,0,1,69.0,35.0,voiture,deux_roues,1,2,1,1,6
201900012195,2019-04-19 07:30:00,2019,4,19,7,30,94,94076,PRESIDENT ALLENDE (AV DU),48.79662,2.35076,Plein jour,En agglomération,Intersection en T,Normale,Deux véhicules - côté,4,2,0,0,1,1,1,6,1,50,2,2,1,0,0,1,37.0,24.0,deux_roues,voiture,1,2,3,1,3
201900012196,2019-04-19 08:30:00,2019,4,19,8,30,94,94076,PARIS (AV DE),48.8072851,2.3630208,Plein jour,En agglomération,Hors intersection,Normale,Autre collision,3,2,1,0,1,1,1,0,1,50,1,2,1,0,0,1,20.0,,voiture,,1,2,1,1,6
201900012197,2019-04-19 07:40:00,2019,4,19,7,40,94,94076,DAUPHIN (R),48.8057,2.36379,Plein jour,En agglomération,Autre intersection,Normale,Autre collision,4,1,1,1,1,1,1,0,1,50,2,2,1,0,0,1,23.0,39.0,deux_roues,voiture,1,2,9,1,6
201900012198,2019-04-26 19:10:00,2019,4,26,19,10,94,94041,ROBESPIERRE (R),48.80921,2.3855,Plein jour,En agglomération,Hors intersection,Normale,Deux véhicules - arrière,4,1,1,0,2,1,1,0,1,50,2,2,0,0,0,2,28.0,,deux_roues,,1,2,1,1,2
201900012199,2019-04-26 10:30:00,2019,4,26,10,30,94,94041,VERDUN (AV DE),48.81563,2.36804,Plein jour,En agglomération,Intersection en T,Normale,Autre collision,3,2,4,0,1,1,1,0,1,50,1,2,1,0,1,0,39.0,,utilitaire_camion,,1,2,3,1,6
201900012200,2019-04-25 20:15:00,2019,4,25,20,15,94,94041,GEORGES GOSNAT (AV),48.81155,2.38489,Plein jour,En agglomération,Hors intersection,Normale,Deux véhicules - arrière,3,4,4,0,1,1,1,0,1,50,2,2,1,0,0,1,19.0,29.0,deux_roues,voiture,1,2,1,1,2
201900012201,2019-04-23 23:27:00,2019,4,23,23,27,94,94041,CARNOT (R),48.80851,2.36871,Nuit avec éclairage allumé,En agglomération,Hors intersection,Normale,Autre collision,4,1,1,0,1,1,1,0,1,50,1,1,0,0,0,1,24.0,,voiture,,5,2,1,1,6
201900012202,2019-04-22 00:40:00,2019,4,22,0,40,94,94041,JEAN LE GALLEU (R),48.811,2.3798,Nuit avec éclairage allumé,En agglomération,Autre intersection,Normale,Autre collision,3,1,2,0,1,1,1,5,1,50,1,2,1,0,0,1,22.0,,voiture,,5,2,9,1,6
201900012203,2019-04-19 16:05:00,2019,4,19,16,5,94,94041,GEORGES GOSNAT (AV),48.81531,2.39218,Plein jour,En agglomération,Hors intersection,Normale,Deux véhicules - arrière,3,2,4,3,2,1,1,2,1,50,2,2,1,0,0,1,38.0,34.0,voiture,deux_roues,1,2,1,1,2
201900012204,2019-04-26 05:55:00,2019,4,26,5,55,94,94065,PEPINIERES Av (MIN DE RUNGIS),48.7675,2.3513,Nuit avec éclairage allumé,En agglomération,Intersection en T,Normale,Deux véhicules - côté,4,3,4,0,1,1,1,0,1,50,2,2,0,0,0,2,55.0,21.0,utilitaire_camion,utilitaire_camion,5,2,3,1,3
201900012205,2019-04-22 07:25:00,2019,4,22,7,25,94,94038,ARISTIDE BRIAND (AV),48.78162,2.3345,Crépuscule ou aube,En agglomération,Hors intersection,Normale,Autre collision,3,2,2,0,2,2,1,0,1,50,1,1,0,0,1,0,29.0,,deux_roues,,2,2,1,1,6
201900012206,2019-04-19 17:30:00,2019,4,19,17,30,94,94073,DOCTEUR MARIE (R DU),48.74626,2.37396,Plein jour,En agglomération,Hors intersection,Normale,Deux véhicules - frontale,4,2,2,0,1,1,1,0,1,50,2,3,2,0,0,1,29.0,77.0,voiture,voiture,1,2,1,1,1
201900012207,2019-04-19 16:45:00,2019,4,19,16,45,94,94021,ADJUDANT CHEF DERICBOURG (R DE L),48.773666,2.355146,Plein jour,En agglomération,Hors intersection,Normale,Autre collision,4,2,2,0,1,1,1,0,2,50,1,2,1,0,0,1,71.0,,voiture,,1,2,1,1,6
201900012208,2019-04-28 07:25:00,2019,4,28,7,25,94,94033,ROGER SALENGRO (R),48.85068,2.48834,Crépuscule ou aube,En agglomération,Hors intersection,Normale,Autre collision,4,2,2,0,1,1,1,0,1,50,1,1,0,0,0,1,28.0,,deux_roues,,2,2,1,1,6
201900012209,2019-04-23 18:07:00,2019,4,23,18,7,94,94033,REPUBLIQUE (AV DE LA),48.852,2.46,Plein jour,En agglomération,Intersection en Y,Normale,Sans collision,4,2,2,0,2,1,1,0,1,50,1,2,1,0,0,1,22.0,,utilitaire_camion,,1,2,4,1,7
201900012210,2019-04-27 12:45:00,2019,4,27,12,45,94,94028,POMPADOUR(CARREFOUR),48.774325,2.438835,Plein jour,En agglomération,Hors intersection,Normale,Autre collision,3,1,2,0,2,1,1,6,1,50,1,2,1,0,0,1,33.0,,voiture,,1,2,1,1,6
201900012211,2019-04-25 12:30:00,2019,4,25,12,30,94,94028,CASALIS.(AVE DU DR PAUL),48.78024,2.47204,Plein jour,En agglomération,Hors intersection,Pluie légère,Deux véhicules - côté,4,2,2,0,1,1,2,5,2,50,2,2,1,0,0,1,28.0,35.0,deux_roues,voiture,1,2,1,2,3
201900012212,2019-04-24 18:00:00,2019,4,24,18,0,94,94028,PARIS.(RUE DE),48.7939,2.461,Plein jour,En agglomération,Autre intersection,Pluie légère,Deux véhicules - arrière,3,1,4,0,1,1,2,0,1,50,2,2,1,0,0,1,45.0,30.0,voiture,voiture,1,2,9,2,2
201900012213,2019-04-20 15:15:00,2019,4,20,15,15,94,94028,FOCH(AVENUE DU MARECHAL),48.78504,2.43639,Plein jour,En agglomération,Hors intersection,Normale,Sans collision,3,2,0,0,1,1,8,0,1,50,1,2,0,0,0,2,32.0,,deux_roues,,1,2,1,1,7
201900012214,2019-04-20 16:00:00,2019,4,20,16,0,94,94028,CHOISY(ROUTE DE),48.79018,2.45271,Plein jour,En agglomération,Hors intersection,Normale,Autre collision,3,3,4,3,1,2,1,0,1,50,1,2,1,0,0,1,42.0,,voiture,,1,2,1,1,6
201900012215,2019-04-19 12:15:00,2019,4,19,12,15,94,94028,POMPADOUR(ROUTE DE LA),48.766767,2.471615,Plein jour,En agglomération,Hors intersection,Normale,Autre collision,3,3,4,0,1,1,1,0,1,50,1,2,1,0,0,1,47.0,,utilitaire_camion,,1,2,1,1,6
201900012216,2019-04-17 22:25:00,2019,4,17,22,25,94,94011,RN 406,48.7581965,2.4802813,Nuit avec éclairage allumé,Hors agglomération,Intersection en X,Normale,Trois véhicules et plus - collisions multiples,2,1,4,0,1,1,1,0,1,50,3,3,2,0,0,1,41.0,38.0,voiture,voiture,5,1,2,1,5
201900012217,2019-04-27 18:55:00,2019,4,27,18,55,94,94022,LUGO (AV DE),48.77331,2.40932,Plein jour,En agglomération,Hors intersection,Pluie légère,Deux véhicules - côté,3,1,2,0,1,1,1,0,1,50,2,2,1,0,0,1,36.0,34.0,voiture,voiture,1,2,1,2,3
201900012218,2019-04-26 17:24:00,2019,4,26,17,24,94,94022,DOCTEUR ROUX (R DU),48.77078,2.40208,Plein jour,En agglomération,Hors intersection,Normale,Autre collision,4,2,2,0,1,1,1,0,1,50,1,3,2,0,0,1,53.0,,utilitaire_camion,,1,2,1,1,6
201900012219,2019-04-24 23:40:00,2019,4,24,23,40,94,94022,ALLIES (BD DES),48.76454,2.40556,Nuit avec éclairage allumé,En agglomération,Intersection en X,Pluie légère,Autre collision,3,2,2,0,1,1,2,8,1,30,1,2,1,0,0,1,31.0,,voiture,,5,2,2,2,6
201900012220,2019-04-24 12:15:00,2019,4,24,12,15,94,94054,LANCES (R DES),48.7507207,2.3900492,Plein jour,En agglomération,Autre intersection,Normale,Autre collision,4,-1,0,0,1,1,1,0,-1,10,1,2,1,0,0,1,27.0,,autre,,1,2,9,1,6
201900012221,2019-04-26 22:00:00,2019,4,26,22,0,94,94055,OLIVIER D ORMESSON (AV),48.78435,2.53714,Nuit avec éclairage allumé,En agglomération,Hors intersection,Normale,Deux véhicules - côté,3,2,3,0,1,1,1,0,1,50,2,2,1,0,0,1,24.0,39.0,voiture,voiture,5,2,1,1,3
201900012222,2019-04-22 15:50:00,2019,4,22,15,50,94,94019,AUGUSTE COMTE (R),48.8020827,2.5477199,Plein jour,En agglomération,Hors intersection,Normale,Deux véhicules - côté,4,2,2,0,1,1,1,0,1,50,2,2,1,0,0,1,25.0,21.0,voiture,deux_roues,1,2,1,1,3
201900012223,2019-04-21 18:10:00,2019,4,21,18,10,94,94060,MARECHAL HORTIER (AV DU),48.79128,2.57764,Plein jour,En agglomération,Intersection en X,Normale,Deux véhicules - côté,4,2,2,0,1,2,1,0,1,50,2,2,1,0,0,1,26.0,31.0,voiture,deux_roues,1,2,2,1,3
201900012224,2019-04-20 18:30:00,2019,4,20,18,30,94,94079,STRASBOURG (BD DE),48.8237,2.54482,Plein jour,En agglomération,Hors intersection,Normale,Deux véhicules - arrière,4,2,2,0,1,1,1,2,1,50,2,2,0,0,0,2,29.0,,voiture,,1,2,1,1,2
201900012225,2019-04-19 09:00:00,2019,4,19,9,0,94,94055,AMBOILE (R D),48.78614,2.53085,Plein jour,En agglomération,Hors intersection,Normale,Autre collision,4,2,2,0,1,1,1,0,1,50,1,2,1,0,0,1,39.0,,voiture,,1,2,1,1,6
201900012226,2019-04-18 09:00:00,2019,4,18,9,0,94,94079,ANDRE ROUY (R),48.822638,2.551504,Plein jour,En agglomération,Hors intersection,Normale,Deux véhicules - arrière,4,2,2,0,1,1,1,0,1,50,2,2,1,0,0,1,19.0,35.0,voiture,deux_roues,1,2,1,1,2
201900012227,2019-04-25 10:15:00,2019,4,25,10,15,94,94017,STALINGRAD (BD DE),48.82279,2.4974,Plein jour,En agglomération,Hors intersection,Pluie légère,Deux véhicules - côté,3,2,2,0,1,1,2,0,1,50,2,2,1,1,0,0,35.0,69.0,deux_roues,utilitaire_camion,1,2,1,2,3
201900012228,2019-04-20 17:10:00,2019,4,20,17,10,94,94017,LENINE (PL),48.81198,2.5111,Plein jour,En agglomération,Hors intersection,Normale,Autre collision,9,-1,1,0,1,1,1,9,1,30,1,2,1,0,1,0,27.0,,voiture,,1,2,1,1,6
201900012229,2019-04-19 13:45:00,2019,4,19,13,45,94,94017,LOUIS TALAMONI (R),48.81316,2.51299,Plein jour,En agglomération,Hors intersection,Normale,Autre collision,3,2,2,0,2,1,1,0,1,50,1,2,1,0,0,1,59.0,,voiture,,1,2,1,1,6
201900012230,2019-04-26 14:00:00,2019,4,26,14,0,94,94071,LESIGNY (RTE DE),48.76122,2.54854,Plein jour,En agglomération,Hors intersection,Normale,Deux véhicules - arrière,4,2,2,0,1,1,1,0,1,50,2,2,1,0,0,1,47.0,35.0,voiture,voiture,1,2,1,1,2
201900012231,2019-04-23 12:51:00,2019,4,23,12,51,94,94004,GENERAL LECLERC (AV),48.75378,2.50657,Plein jour,En agglomération,Hors intersection,Normale,Autre collision,2,3,4,0,2,2,1,0,1,50,1,2,0,0,1,1,29.0,,deux_roues,,1,2,1,1,6
201900012232,2019-04-19 13:40:00,2019,4,19,13,40,94,94004,CHARLES DE GAULLE (AV),48.753,2.49906,Plein jour,En agglomération,Hors intersection,Normale,Deux véhicules - arrière,4,2,2,0,1,1,1,0,1,50,2,2,1,0,0,1,36.0,24.0,voiture,voiture,1,2,1,1,2
201900012233,2019-04-26 12:45:00,2019,4,26,12,45,94,94002,BLANQUI (QU),48.80624,2.41156,Plein jour,En agglomération,Hors intersection,Normale,Autre collision,3,3,2,0,1,1,1,0,1,50,1,1,0,0,0,1,44.0,,deux_roues,,1,2,1,1,6
201900012234,2019-04-22 20:50:00,2019,4,22,20,50,94,94002,BEETHOVEN (COUR),48.79131,2.43052,Plein jour,En agglomération,Hors intersection,Normale,Deux véhicules - côté,4,2,2,0,1,1,1,9,1,50,2,2,1,0,0,1,55.0,24.0,voiture,deux_roues,1,2,1,1,3
201900012235,2019-04-27 10:30:00,2019,4,27,10,30,93,93073,CHAPIT RE ( RUE DU),48.99662,2.51909,Plein jour,Hors agglomération,Hors intersection,Normale,Deux véhicules - arrière,9,1,2,0,1,1,1,0,1,70,2,7,5,0,0,2,36.0,43.0,voiture,voiture,1,1,1,1,2
201900012236,2019-04-23 17:50:00,2019,4,23,17,50,93,93073,PARC (AVENUE DU),48.95464,2.57029,Plein jour,En agglomération,Hors intersection,Normale,Autre collision,4,2,2,0,1,1,1,0,1,50,1,2,1,0,1,0,42.0,,voiture,,1,2,1,1,6
201900012237,2019-04-18 20:55:00,2019,4,18,20,55,93,93073,CHAPIT RE ( RUE DU),49.002777,2.53691,Nuit avec éclairage allumé,En agglomération,Giratoire,Normale,Deux véhicules - arrière,4,1,1,0,3,3,1,0,1,50,2,2,1,0,0,1,37.0,46.0,voiture,voiture,5,2,6,1,2
201900012238,2019-04-28 20:35:00,2019,4,28,20,35,93,93071,AULNAY (RUE D'),48.93989,2.516501,Plein jour,En agglomération,Hors intersection,Normale,Deux véhicules - frontale,7,2,2,0,1,1,1,0,1,50,2,2,1,0,0,1,24.0,42.0,voiture,deux_roues,1,2,1,1,1
201900012239,2019-04-25 19:40:00,2019,4,25,19,40,93,93071,PIERRE CURIE (AVENUE),48.9333,2.5333,Plein jour,En agglomération,Hors intersection,Normale,Autre collision,4,2,1,0,1,1,1,0,1,50,1,2,1,0,0,1,24.0,,voiture,,1,2,1,1,6
201900012240,2019-04-25 22:40:00,2019,4,25,22,40,93,93070,PONT (PL DU),48.9183,2.3293,Nuit avec éclairage allumé,En agglomération,Giratoire,Temps couvert,Deux véhicules - arrière,7,-1,2,0,1,1,1,2,1,50,2,2,1,0,0,1,30.0,33.0,utilitaire_camion,transport_commun,5,2,6,8,2
201900012241,2019-04-26 16:15:00,2019,4,26,16,15,93,93066,THOREZ MAURICE NR 2 A 10,48.94003,2.34521,Plein jour,En agglomération,Hors intersection,Normale,Autre collision,4,2,2,0,1,3,1,0,1,50,1,2,1,0,0,1,24.0,,voiture,,1,2,1,1,6
201900012242,2019-04-23 11:34:00,2019,4,23,11,34,93,93066,WILSON (AVENUE DU PRESIDENT),48.91282,2.35849,Plein jour,En agglomération,Hors intersection,Normale,Deux véhicules - côté,3,1,2,0,1,1,1,0,1,50,2,2,0,0,0,2,42.0,34.0,voiture,voiture,1,2,1,1,3
201900012243,2019-04-23 08:30:00,2019,4,23,8,30,93,93066,FRANCE ANATOLE (BOULEVARD) NR AUTRES,48.92547,2.35669,Plein jour,En agglomération,Intersection en X,Normale,Deux véhicules - côté,3,3,4,0,1,1,1,0,1,50,2,2,0,0,0,2,40.0,20.0,voiture,voiture,1,2,2,1,3
201900012244,2019-04-20 12:30:00,2019,4,20,12,30,93,93039,MECHIN,48.935766,2.339607,Plein jour,En agglomération,Hors intersection,Normale,Autre collision,3,2,2,0,1,1,1,0,1,50,1,2,1,0,0,1,23.0,,voiture,,1,2,1,1,6
201900012245,2019-04-19 17:35:00,2019,4,19,17,35,93,93066,ORNANO (BOULEVARD),48.91414,2.34439,Plein jour,En agglomération,Intersection en X,Normale,Deux véhicules - côté,3,3,4,1,1,1,1,0,1,50,2,3,1,0,0,2,29.0,34.0,voiture,voiture,1,2,2,1,3
201900012246,2019-04-16 08:20:00,2019,4,16,8,20,93,93066,ROLLAND ROMAIN (AVENUE),48.937186,2.372905,Plein jour,En agglomération,Hors intersection,Normale,Autre collision,4,2,2,0,1,1,1,0,1,50,1,2,1,0,0,1,27.0,,voiture,,1,2,1,1,6
201900012247,2019-04-28 14:40:00,2019,4,28,14,40,93,93064,STRASBOURG (RUE DE),48.86686,2.49543,Plein jour,En agglomération,Hors intersection,Pluie légère,Autre collision,4,1,1,0,1,1,2,0,1,50,1,1,0,0,0,1,26.0,,deux_roues,,1,2,1,2,6
201900012248,2019-04-25 14:20:00,2019,4,25,14,20,93,93064,LECLERC (RUE DU GENERAL),48.87135,2.4864,Plein jour,En agglomération,Intersection en X,Normale,Deux véhicules - côté,3,2,0,0,1,3,1,0,1,50,2,2,1,0,0,1,37.0,54.0,voiture,deux_roues,1,2,2,1,3
201900012249,2019-04-22 19:05:00,2019,4,22,19,5,93,93064,HOFFMANN (RUE PHILIBERT),48.87994,2.48534,Plein jour,En agglomération,Hors intersection,Normale,Trois véhicules et plus - en chaîne,4,2,2,0,1,2,1,8,2,50,4,3,1,0,2,0,50.0,39.0,voiture,voiture,1,2,1,1,4
201900012250,2019-04-22 13:20:00,2019,4,22,13,20,93,93077,LECLERC (AVENUE DU GENERAL),48.88568,2.51184,Plein jour,En agglomération,Intersection en X,Normale,Autre collision,4,1,1,0,1,1,1,0,1,50,1,1,0,0,0,1,,,,,1,2,2,1,6