accident_id,datetime,annee,mois,jour,heure,minute,departement,commune_insee,adresse,latitude,longitude,luminosite,agglomeration,intersection,meteo,collision,catr,circ,nbv,vosp,prof,plan,surf,infra,situ,vma,nb_vehicules,nb_usagers,nb_indemnes,nb_tues,nb_blesses_hosp,nb_blesses_legers,age_cond_1,age_cond_2,veh_type_cond_1,veh_type_cond_2,lum_code,agg_code,int_code,atm_code,col_code
201900012344,2019-06-05 14:50:00,2019,6,5,14,50,987,98733,PK 20.500,-17.679376,-149.587686,Plein jour,En agglomération,Hors intersection,Normale,Deux véhicules - côté,2,2,2,0,1,1,1,0,1,60,2,2,1,1,0,0,47.0,50.0,utilitaire_camion,voiture,1,2,1,1,3
201900012345,2019-08-08 22:30:00,2019,8,8,22,30,988,98832,RP3 - POINTE AU ACCACIAS,-22.1529019,166.8375367,Nuit sans éclairage public,Hors agglomération,Hors intersection,Normale,Autre collision,3,2,2,0,1,2,1,0,3,90,1,2,1,0,1,0,41.0,,voiture,,3,1,1,1,6
201900012346,2019-08-07 13:45:00,2019,8,7,13,45,973,97312,RN1 pk 117+500,5.3808454,-52.9798293,Plein jour,Hors agglomération,Hors intersection,Normale,Deux véhicules - côté,2,2,2,0,1,3,1,0,1,80,2,4,3,0,0,1,35.0,29.0,voiture,voiture,1,1,1,1,3
201900012347,2019-08-10 22:40:00,2019,8,10,22,40,971,97122,Goguette,16.445848,-61.515477,Nuit sans éclairage public,Hors agglomération,Hors intersection,Normale,Sans collision,2,2,2,0,1,3,1,0,3,80,1,3,0,0,1,2,20.0,,voiture,,3,1,1,1,7
201900012348,2019-08-07 16:00:00,2019,8,7,16,0,971,97129,N2 AU NIVEAU PLAGE DE MANBIA,16.344456,-61.71816,Plein jour,Hors agglomération,Hors intersection,Pluie forte,Deux véhicules - frontale,2,2,2,0,3,3,2,0,1,70,2,2,1,0,1,0,28.0,52.0,deux_roues,voiture,1,1,1,3,1
201900012349,2019-08-09 02:40:00,2019,8,9,2,40,33,33527,3 Rue de Balanos,44.62041,-1.01155,Nuit sans éclairage public,Hors agglomération,Hors intersection,Normale,Autre collision,3,2,2,1,1,4,1,0,3,80,1,1,0,0,1,0,17.0,,deux_roues,,3,1,1,1,6
201900012350,2019-08-10 17:30:00,2019,8,10,17,30,33,33203,RD101/RD205/RD3E2 Lagunan,45.19955,-0.94455,Plein jour,Hors agglomération,Intersection en X,Normale,Deux véhicules - côté,3,2,2,0,1,1,1,0,1,80,2,5,3,0,0,2,27.0,31.0,voiture,deux_roues,1,1,2,1,3
201900012351,2019-08-11 17:30:00,2019,8,11,17,30,37,37027,"RD 976, PK 6",47.31752,1.024091,Plein jour,Hors agglomération,Hors intersection,Normale,Deux véhicules - côté,3,2,2,0,1,2,1,1,1,80,2,4,2,0,2,0,67.0,55.0,voiture,deux_roues,1,1,1,1,3
201900012352,2019-08-05 07:30:00,2019,8,5,7,30,37,37004,27 Rue de la Gautraie,47.13249,0.309987,Crépuscule ou aube,En agglomération,Hors intersection,Normale,Autre collision,4,2,2,0,2,1,1,0,1,30,1,1,0,0,1,0,16.0,,deux_roues,,2,2,1,1,6
201900012353,2019-08-10 18:40:00,2019,8,10,18,40,45,45085,FB de Montargis - CHEMIN DES ECORCES,47.834669,2.841456,Plein jour,En agglomération,Intersection en T,Normale,Deux véhicules - côté,3,-1,2,0,1,1,1,0,1,50,2,2,1,0,1,0,54.0,33.0,voiture,deux_roues,1,2,3,1,3
201900012354,2019-08-02 22:25:00,2019,8,2,22,25,91,91659,4 avenue de la gare,48.591972,2.456704,Nuit avec éclairage allumé,En agglomération,Hors intersection,Normale,Deux véhicules - côté,4,2,2,0,4,1,1,0,1,50,2,2,1,0,0,1,13.0,19.0,deux_roues,voiture,5,2,1,1,3
201900012355,2019-07-29 16:00:00,2019,7,29,16,0,2A,2A247,82 Avenue de Bastia,41.606688,9.277741,Plein jour,En agglomération,Hors intersection,Normale,Trois véhicules et plus - en chaîne,2,2,2,0,1,1,1,0,1,50,3,3,2,0,1,0,41.0,31.0,voiture,voiture,1,2,1,1,4
201900012356,2019-08-09 03:45:00,2019,8,9,3,45,66,66008,RD618,42.551104,2.997824,Plein jour,Hors agglomération,Hors intersection,Normale,Autre collision,3,4,2,0,1,2,1,9,4,50,1,1,0,1,0,0,34.0,,deux_roues,,1,1,1,1,6
201900012357,2019-07-15 03:30:00,2019,7,15,3,30,66,66227,D914,42.65111,2.92736,Nuit sans éclairage public,Hors agglomération,Hors intersection,Normale,Autre collision,3,3,4,0,1,1,1,0,1,110,1,2,1,0,1,0,22.0,,voiture,,3,1,1,1,6
201900012358,2019-08-10 07:50:00,2019,8,10,7,50,66,66037,Avenue des Hauts de Canet,42.70101,3.00968,Plein jour,En agglomération,Giratoire,Normale,Deux véhicules - côté,3,1,2,0,1,2,1,5,1,50,2,2,1,0,1,0,59.0,45.0,voiture,deux_roues,1,2,6,1,3
201900012359,2019-08-09 18:45:00,2019,8,9,18,45,66,66037,RD 81a,42.66936,3.03312,Plein jour,Hors agglomération,Hors intersection,Normale,Deux véhicules - côté,3,2,2,0,1,1,1,0,1,70,2,5,3,0,1,1,55.0,46.0,deux_roues,voiture,1,1,1,1,3
201900012360,2019-08-06 11:10:00,2019,8,6,11,10,66,66037,avenue jean moulin,42.7052,3.006095,Plein jour,En agglomération,Hors intersection,Normale,Deux véhicules - côté,4,1,1,1,1,1,1,5,5,50,2,2,1,0,1,0,85.0,61.0,deux_roues,voiture,1,2,1,1,3
201900012361,2019-08-09 10:35:00,2019,8,9,10,35,34,34344,Avenue de Melgueil,43.560498,4.088044,Plein jour,En agglomération,Hors intersection,Normale,Deux véhicules - côté,4,2,3,0,1,1,1,6,1,50,2,2,1,0,1,0,53.0,21.0,deux_roues,voiture,1,2,1,1,3
201900012362,2019-08-09 08:25:00,2019,8,9,8,25,84,84003,Avenue du Viaduc,43.885455,5.380911,Plein jour,En agglomération,Intersection en Y,Normale,Deux véhicules - côté,3,2,2,0,1,1,1,5,1,50,2,2,1,1,0,0,63.0,61.0,utilitaire_camion,deux_roues,1,2,4,1,3
201900012363,2019-08-10 16:15:00,2019,8,10,16,15,83,83115,Saut du Loup,43.155615,6.453239,Plein jour,Hors agglomération,Hors intersection,Normale,Deux véhicules - côté,3,2,2,0,1,1,1,0,1,70,2,2,1,0,1,0,30.0,59.0,deux_roues,transport_commun,1,1,1,1,3
201900012364,2019-08-11 00:57:00,2019,8,11,0,57,83,83068,cd 559 camping des mures,43.272904,6.520821,Nuit avec éclairage allumé,Hors agglomération,Autre intersection,Normale,Deux véhicules - frontale,3,2,2,0,1,1,1,0,1,70,2,2,0,1,1,0,23.0,52.0,deux_roues,deux_roues,5,1,9,1,1
201900012365,2019-08-09 17:10:00,2019,8,9,17,10,83,83068,Route du Littoral,43.28354,6.591237,Plein jour,Hors agglomération,Hors intersection,Normale,Deux véhicules - côté,3,2,2,0,1,1,1,0,8,70,2,2,1,0,1,0,44.0,26.0,deux_roues,voiture,1,1,1,1,3
201900012366,2019-07-13 17:35:00,2019,7,13,17,35,83,83042,Route départementale 98 A- face à Géant CASINO,43.262888,6.583198,Plein jour,En agglomération,Hors intersection,Normale,Autre collision,3,1,1,0,1,1,1,0,1,50,1,2,1,0,1,0,55.0,,voiture,,1,2,1,1,6
201900012367,2019-08-11 12:40:00,2019,8,11,12,40,83,83106,Les Gravetes,43.301378,6.063589,Plein jour,Hors agglomération,Hors intersection,Normale,Sans collision,3,2,2,0,1,1,1,0,3,80,1,1,0,0,1,0,30.0,,deux_roues,,1,1,1,1,7
201900012368,2019-08-09 14:20:00,2019,8,9,14,20,4,04148,RD 4085,43.804982,6.594989,Plein jour,Hors agglomération,Hors intersection,Normale,Deux véhicules - côté,3,2,2,0,2,3,1,0,1,70,2,3,0,0,0,3,24.0,49.0,deux_roues,deux_roues,1,1,1,1,3
201900012369,2019-08-06 17:50:00,2019,8,6,17,50,4,04226,RD 908,44.3277896,6.6001792,Plein jour,Hors agglomération,Hors intersection,Normale,Sans collision,3,2,2,0,1,1,1,0,1,80,1,2,0,0,2,0,68.0,,deux_roues,,1,1,1,1,7
201900012370,2019-08-09 00:05:00,2019,8,9,0,5,13,13034,Route d'Orgon,43.762035,4.96178,Nuit sans éclairage public,Hors agglomération,Hors intersection,Normale,Deux véhicules - côté,3,2,2,0,1,1,1,0,1,80,2,2,1,0,1,0,51.0,48.0,voiture,voiture,3,1,1,1,3
201900012371,2019-08-08 20:10:00,2019,8,8,20,10,13,13109,R7N,43.508264,5.507233,Plein jour,Hors agglomération,Hors intersection,Normale,Deux véhicules - côté,3,2,2,0,1,1,1,0,1,50,2,4,3,0,1,0,26.0,60.0,voiture,deux_roues,1,1,1,1,3
201900012372,2019-08-07 22:00:00,2019,8,7,22,0,38,38468,Autoroute A7-PK20+100 sens Sud/Nord,45.34382,4.807732,Nuit sans éclairage public,Hors agglomération,Hors intersection,Normale,Deux véhicules - arrière,1,3,3,0,1,1,1,8,1,110,2,3,2,0,1,0,70.0,23.0,voiture,utilitaire_camion,3,1,1,1,2
201900012373,2019-08-08 10:40:00,2019,8,8,10,40,70,70310,44 Rue Carnot,47.681119,6.499304,Plein jour,En agglomération,Autre intersection,Normale,Autre collision,4,2,2,0,1,1,1,9,1,50,1,3,2,0,1,0,88.0,,voiture,,1,2,9,1,6
201900012374,2019-08-09 21:08:00,2019,8,9,21,8,89,89055,Route de Saint-Florentin rd 943,47.998529,3.645474,Crépuscule ou aube,Hors agglomération,Hors intersection,Normale,Deux véhicules - arrière,3,2,2,0,1,1,1,0,1,80,2,4,0,0,0,4,53.0,34.0,voiture,voiture,2,1,1,1,2
201900012375,2019-08-09 17:40:00,2019,8,9,17,40,71,71342,boulevard du champ bossu,46.465259,4.11622,Plein jour,En agglomération,Giratoire,Normale,Deux véhicules - frontale,4,1,2,0,1,1,1,5,1,50,2,2,1,0,1,0,50.0,70.0,voiture,deux_roues,1,2,6,1,1
201900012376,2019-08-08 06:40:00,2019,8,8,6,40,71,71588,RN 79 PK 6+450,46.465475,4.062248,Crépuscule ou aube,Hors agglomération,Hors intersection,Normale,Autre collision,2,3,4,0,1,1,1,0,8,90,1,1,0,0,1,0,61.0,,utilitaire_camion,,2,1,1,1,6
201900012377,2019-08-10 16:10:00,2019,8,10,16,10,71,71176,RD 979,46.474815,4.012723,Plein jour,Hors agglomération,Hors intersection,Normale,Deux véhicules - côté,3,2,2,0,3,1,1,0,1,80,2,2,1,0,1,0,37.0,56.0,deux_roues,voiture,1,1,1,1,3
201900012378,2019-08-10 16:24:00,2019,8,10,16,24,71,71440,Le Buis,46.919093,4.090304,Plein jour,Hors agglomération,Hors intersection,Normale,Deux véhicules - côté,3,3,2,0,2,1,1,0,1,80,2,4,3,0,1,0,64.0,60.0,voiture,deux_roues,1,1,1,1,3
201900012379,2019-08-08 14:37:00,2019,8,8,14,37,71,71250,Impasse en Bouton,46.390001,4.804213,Plein jour,Hors agglomération,Intersection en Y,Normale,Sans collision,3,2,2,0,2,2,1,0,1,50,1,2,1,0,0,1,56.0,,deux_roues,,1,1,4,1,7
201900012380,2019-08-07 18:30:00,2019,8,7,18,30,52,52269,Avenue du 21e R I,47.848726,5.333683,Plein jour,En agglomération,Hors intersection,Normale,Deux véhicules - côté,3,2,2,0,1,1,1,0,1,50,2,3,2,0,1,0,25.0,46.0,deux_roues,voiture,1,2,1,1,3
201900012381,2019-08-09 19:25:00,2019,8,9,19,25,68,68351,Rond point D415 - D52,48.016947,7.571852,Crépuscule ou aube,Hors agglomération,Giratoire,Normale,Sans collision,3,4,1,0,2,2,1,9,1,80,1,1,0,1,0,0,57.0,,deux_roues,,2,1,6,1,7
201900012382,2019-08-08 11:30:00,2019,8,8,11,30,68,68329,Route de la Schlucht,48.054075,7.100602,Plein jour,En agglomération,Hors intersection,Normale,Sans collision,3,2,2,0,2,3,1,0,1,50,1,1,0,0,0,1,18.0,,deux_roues,,1,2,1,1,7
201900012383,2019-08-07 19:50:00,2019,8,7,19,50,67,67098,CD 392 67190 DINSHEIM SUR BRUCHE,48.539135,7.402336,Plein jour,Hors agglomération,Hors intersection,Normale,Sans collision,3,2,2,0,2,3,2,0,3,80,1,2,0,0,2,0,21.0,,voiture,,1,1,1,1,7
201900012384,2019-08-06 02:45:00,2019,8,6,2,45,67,67130,3 Route de Lyon,48.420621,7.638543,Nuit sans éclairage public,En agglomération,Hors intersection,Normale,Autre collision,3,3,4,0,1,1,1,0,4,110,1,1,0,0,1,0,19.0,,voiture,,3,2,1,1,6
201900012385,2019-08-09 22:30:00,2019,8,9,22,30,55,55128,rd998,48.937819,5.234889,Nuit sans éclairage public,Hors agglomération,Hors intersection,Normale,Autre collision,3,2,2,0,1,1,1,0,3,80,1,1,0,1,0,0,50.0,,voiture,,3,1,1,1,6
201900012386,2019-08-09 12:50:00,2019,8,9,12,50,57,57683,rue de la gare,49.302364,6.154282,Plein jour,En agglomération,Hors intersection,Normale,Deux véhicules - frontale,3,2,2,0,2,2,2,2,1,50,2,2,1,0,1,0,20.0,53.0,voiture,utilitaire_camion,1,2,1,1,1
201900012387,2019-08-05 00:17:00,2019,8,5,0,17,57,57242,Zone Artisanale Les Brequettes,49.270742,6.124852,Nuit sans éclairage public,En agglomération,Autre intersection,Normale,Sans collision,6,2,2,0,1,3,1,0,1,30,1,4,3,0,1,0,18.0,,voiture,,3,2,9,1,7
201900012388,2019-08-10 10:15:00,2019,8,10,10,15,3,03137,,46.2718221,3.4813356,Plein jour,Hors agglomération,Intersection en T,Normale,Deux véhicules - côté,2,2,2,0,2,3,1,0,1,80,2,3,1,0,2,0,63.0,81.0,deux_roues,voiture,1,1,3,1,3
201900012389,2019-08-07 18:45:00,2019,8,7,18,45,74,74136,Route du Chinaillon,45.9425181,6.4241953,Plein jour,Hors agglomération,Hors intersection,Normale,Sans collision,3,2,2,0,2,3,1,0,1,80,1,1,0,0,1,0,24.0,,deux_roues,,1,1,1,1,7
201900012390,2019-07-18 18:15:00,2019,7,18,18,15,38,38316,1 rue de la république,45.750584,5.172797,Plein jour,En agglomération,Intersection en X,Normale,Deux véhicules - frontale,3,2,2,0,1,1,1,0,1,50,2,2,1,0,1,0,58.0,49.0,voiture,voiture,1,2,2,1,1
201900012391,2019-08-10 02:28:00,2019,8,10,2,28,38,38059,Route d'Uriage,45.11475,5.79416,Nuit sans éclairage public,Hors agglomération,Hors intersection,Normale,Sans collision,3,2,2,0,1,2,1,0,8,80,1,1,0,1,0,0,62.0,,voiture,,3,1,1,1,7
201900012392,2019-08-08 12:05:00,2019,8,8,12,5,38,38317,RN 85,45.122966,5.698092,Plein jour,Hors agglomération,Hors intersection,Normale,Deux véhicules - arrière,2,2,2,0,1,3,1,0,1,80,2,2,1,0,1,0,52.0,25.0,voiture,voiture,1,1,1,1,2
201900012393,2019-08-10 14:30:00,2019,8,10,14,30,26,26059,DPR 33 76,44.964052,5.270448,Plein jour,Hors agglomération,Hors intersection,Normale,Sans collision,3,2,2,0,2,3,1,0,8,80,1,1,0,0,0,1,25.0,,deux_roues,,1,1,1,1,7
201900012394,2019-08-09 09:30:00,2019,8,9,9,30,7,07178,Rue de la fontaine,44.665891,4.289303,Plein jour,En agglomération,Hors intersection,Normale,Autre collision,2,2,2,0,1,1,1,0,1,50,1,2,1,0,1,0,77.0,,voiture,,1,2,1,1,6
201900012395,2019-08-09 06:45:00,2019,8,9,6,45,1,01049,RD 1084,45.843615,5.030779,Plein jour,En agglomération,Intersection en X,Normale,Deux véhicules - côté,3,2,2,0,1,1,1,0,1,50,2,2,1,0,0,1,25.0,55.0,voiture,voiture,1,2,2,1,3
201900012396,2019-08-08 16:25:00,2019,8,8,16,25,69,69024,RD 120,45.94595,4.58144,Plein jour,Hors agglomération,Hors intersection,Normale,Deux véhicules - arrière,3,2,2,0,1,1,1,0,1,80,2,2,1,0,0,1,36.0,48.0,voiture,deux_roues,1,1,1,1,2
201900012397,2019-08-09 16:45:00,2019,8,9,16,45,69,69120,1665 route de Saint laurent de chamousset,45.78058,4.440805,Plein jour,Hors agglomération,Hors intersection,Normale,Sans collision,3,2,2,0,2,3,1,0,3,80,1,14,6,0,1,7,66.0,,autre,,1,1,1,1,7
201900012398,2019-08-08 08:30:00,2019,8,8,8,30,69,69278,rue ampère,45.89424,4.82022,Plein jour,En agglomération,Hors intersection,Normale,Deux véhicules - côté,4,2,2,0,1,1,1,0,1,50,2,2,1,0,1,0,61.0,81.0,deux_roues,voiture,1,2,1,1,3
201900012399,2019-08-09 18:00:00,2019,8,9,18,0,81,81011,D87,43.741196,1.82152,Plein jour,Hors agglomération,Intersection en T,Normale,Trois véhicules et plus - collisions multiples,3,2,2,0,4,1,1,0,1,80,5,9,5,1,0,3,38.0,76.0,voiture,voiture,1,1,3,1,5
201900012400,2019-08-11 15:40:00,2019,8,11,15,40,46,46070,A20 PK 373+500,44.34961,1.498962,Plein jour,Hors agglomération,Hors intersection,Normale,Deux véhicules - arrière,1,3,2,0,2,1,1,0,1,130,2,4,2,2,0,0,65.0,51.0,voiture,deux_roues,1,1,1,1,2
201900012401,2019-08-09 21:15:00,2019,8,9,21,15,9,09194,rue victor hugo,43.089554,1.876135,Nuit avec éclairage allumé,En agglomération,Intersection en X,Normale,Deux véhicules - côté,4,2,2,0,1,1,1,0,1,50,2,2,1,1,0,0,76.0,40.0,deux_roues,deux_roues,5,2,2,1,3
201900012402,2019-08-08 08:20:00,2019,8,8,8,20,79,79184,Route de Saint-Maixent,46.370246,-0.118361,Plein jour,En agglomération,Hors intersection,Normale,Autre collision,3,2,2,0,1,1,1,0,1,70,1,2,1,0,1,0,18.0,,voiture,,1,2,1,1,6
201900012403,2019-08-07 08:30:00,2019,8,7,8,30,17,17089,Route de Burie,45.7623063,-0.5323219,Plein jour,Hors agglomération,Hors intersection,Normale,Sans collision,3,2,2,0,1,1,2,0,3,80,1,1,0,0,0,1,21.0,,voiture,,1,1,1,1,7
201900012404,2019-08-08 04:50:00,2019,8,8,4,50,86,86274,Route de Thouars - RD 39 - PK 9,47.050918,0.005364,Nuit sans éclairage public,Hors agglomération,Hors intersection,Normale,Sans collision,3,2,2,0,1,1,1,0,8,80,1,1,0,0,1,0,32.0,,deux_roues,,3,1,1,1,7
201900012405,2019-08-10 12:10:00,2019,8,10,12,10,86,86163,RD 20,46.642486,0.474344,Plein jour,Hors agglomération,Hors intersection,Normale,Autre collision,3,2,2,0,1,3,1,0,3,80,1,1,0,0,1,0,22.0,,deux_roues,,1,1,1,1,6
201900012406,2019-08-09 09:35:00,2019,8,9,9,35,64,64067,5 Route de Pau,43.2543467,-0.2973434,Plein jour,En agglomération,Intersection en X,Normale,Deux véhicules - côté,3,2,2,0,1,1,1,0,1,50,2,2,1,0,0,1,67.0,49.0,deux_roues,voiture,1,2,2,1,3
201900012407,2019-08-08 19:20:00,2019,8,8,19,20,40,40283,Route du Preau,43.75131,-0.994871,Plein jour,En agglomération,Hors intersection,Normale,Deux véhicules - frontale,4,2,2,0,2,3,1,0,1,50,2,2,1,0,1,0,53.0,40.0,deux_roues,voiture,1,2,1,1,1
201900012408,2019-08-07 19:05:00,2019,8,7,19,5,33,33415,Rue des Genêts,45.014664,-0.44442,Plein jour,Hors agglomération,Hors intersection,Normale,Deux véhicules - côté,3,2,2,0,1,1,1,0,1,80,2,2,1,0,1,0,58.0,55.0,deux_roues,voiture,1,1,1,1,3
201900012409,2019-08-07 18:30:00,2019,8,7,18,30,85,85071,Les Brosses,46.77209,-1.87473,Plein jour,Hors agglomération,Hors intersection,Normale,Deux véhicules - arrière,3,2,2,0,1,1,1,0,1,80,2,2,1,0,1,0,34.0,29.0,voiture,deux_roues,1,1,1,1,2
201900012410,2019-08-08 18:55:00,2019,8,8,18,55,85,85178,La Guilletière,46.78385,-1.54126,Plein jour,Hors agglomération,Hors intersection,Temps éblouissant,Deux véhicules - frontale,3,2,2,0,2,1,1,0,1,80,2,2,0,1,1,0,35.0,56.0,voiture,voiture,1,1,1,7,1
201900012411,2019-08-09 07:20:00,2019,8,9,7,20,49,49023,LA MAISON NEUVE (La Chapelle-du-Genêt),47.184233,-1.027696,Crépuscule ou aube,Hors agglomération,Hors intersection,Pluie légère,Autre collision,3,2,1,0,2,2,2,0,1,80,1,1,0,0,1,0,39.0,,voiture,,2,1,1,2,6
201900012412,2019-08-10 17:10:00,2019,8,10,17,10,44,44195,Départementale 3,47.366073,-1.94179,Plein jour,Hors agglomération,Giratoire,Normale,Deux véhicules - côté,3,3,2,0,1,1,1,0,1,70,2,2,1,0,0,1,64.0,34.0,voiture,deux_roues,1,1,6,1,3
201900012413,2019-08-10 19:45:00,2019,8,10,19,45,44,44168,Rue de Pendille,47.3852618,-2.2039268,Plein jour,En agglomération,Hors intersection,Normale,Sans collision,4,2,2,0,1,1,1,0,1,50,1,1,0,0,1,0,33.0,,deux_roues,,1,2,1,1,7
201900012414,2019-08-09 07:46:00,2019,8,9,7,46,50,50489,Les Monts,48.737123,-1.346837,Crépuscule ou aube,Hors agglomération,Hors intersection,Pluie légère,Deux véhicules - frontale,3,2,2,0,2,4,2,0,1,80,2,2,0,0,1,1,34.0,31.0,utilitaire_camion,voiture,2,1,1,2,1
201900012415,2019-08-02 00:20:00,2019,8,2,0,20,22,22143,Ville Samson,48.604764,-2.282809,Nuit sans éclairage public,Hors agglomération,Intersection en T,Normale,Deux véhicules - côté,3,2,2,0,1,1,1,0,1,70,2,2,1,0,0,1,23.0,58.0,voiture,voiture,3,1,3,1,3
201900012416,2019-08-10 05:20:00,2019,8,10,5,20,22,22155,Rue de Bel-Air,48.2350358,-2.7371823,Nuit sans éclairage public,En agglomération,Hors intersection,Normale,Sans collision,4,2,2,0,2,1,1,0,3,50,1,1,0,1,0,0,19.0,,voiture,,3,2,1,1,7
201900012417,2019-08-08 15:50:00,2019,8,8,15,50,27,27190,route de martinville,49.024229,1.340765,Plein jour,Hors agglomération,Hors intersection,Normale,Deux véhicules - frontale,4,2,2,0,1,1,1,0,1,80,2,2,1,0,1,0,35.0,31.0,utilitaire_camion,voiture,1,1,1,1,1
201900012418,2019-08-08 18:15:00,2019,8,8,18,15,76,76099,Route du Manoir,49.548264,0.854275,Plein jour,Hors agglomération,Intersection en T,Normale,Deux véhicules - côté,3,2,2,0,1,3,1,0,1,80,2,2,1,0,0,1,29.0,60.0,deux_roues,voiture,1,1,3,1,3
201900012419,2019-08-10 10:40:00,2019,8,10,10,40,60,60139,Rue Alfred Rouze,49.1628348,2.2566306,Plein jour,En agglomération,Intersection en T,Normale,Autre collision,3,2,-1,-1,1,1,1,0,1,-1,1,2,1,0,1,0,21.0,,voiture,,1,2,3,1,6
201900012420,2019-08-09 11:35:00,2019,8,9,11,35,2,02521,D1003,49.01345,3.182867,Plein jour,Hors agglomération,Hors intersection,Pluie légère,Deux véhicules - frontale,3,2,2,0,2,1,1,0,1,80,2,3,2,0,1,0,30.0,22.0,voiture,voiture,1,1,1,2,1
201900012421,2019-08-10 03:45:00,2019,8,10,3,45,62,62604,Route Départementale 940,50.624867,1.637933,Nuit sans éclairage public,Hors agglomération,Intersection en X,Pluie légère,Deux véhicules - côté,3,2,2,1,1,1,2,5,1,80,2,6,0,0,0,6,36.0,37.0,voiture,voiture,3,1,2,2,3
201900012422,2019-08-11 08:00:00,2019,8,11,8,0,59,59218,route départemental 965,50.054917,3.923073,Plein jour,Hors agglomération,Hors intersection,Normale,Sans collision,3,2,2,0,1,1,1,0,3,80,1,1,0,0,1,0,17.0,,deux_roues,,1,1,1,1,7
201900012423,2019-08-07 15:22:00,2019,8,7,15,22,59,59320,haemau de halpegarbe,50.560561,2.830919,Plein jour,Hors agglomération,Hors intersection,Normale,Sans collision,3,2,2,0,1,4,1,0,3,-1,1,1,0,0,1,0,19.0,,voiture,,1,1,1,1,7
201900012424,2019-08-10 05:20:00,2019,8,10,5,20,13,13026,A55-Sens Marseille vers Martigues,43.37327,5.18524,Nuit sans éclairage public,Hors agglomération,Hors intersection,Normale,Autre collision,1,1,2,0,1,1,1,0,1,110,1,2,1,0,0,1,32.0,,voiture,,3,1,1,1,6
201900012425,2019-08-09 18:30:00,2019,8,9,18,30,13,13055,A507 sens Marseille - Aubagne,43.28998,5.42439,Plein jour,Hors agglomération,Hors intersection,Normale,Trois véhicules et plus - collisions multiples,1,1,4,0,1,1,1,1,1,70,3,3,2,0,0,1,67.0,24.0,voiture,voiture,1,1,1,1,5
201900012426,2019-08-09 11:15:00,2019,8,9,11,15,13,13211,A50-Sens Marseille vers Aubagne,43.286964,5.436,Plein jour,Hors agglomération,Hors intersection,Normale,Trois véhicules et plus - collisions multiples,1,1,3,0,1,1,1,3,2,70,3,3,2,0,0,1,76.0,46.0,voiture,deux_roues,1,1,1,1,5
201900012427,2019-08-01 09:00:00,2019,8,1,9,0,69,69389,A6   451.790 A 453.400,45.77026,4.79228,Plein jour,Hors agglomération,Hors intersection,Normale,Deux véhicules - arrière,1,3,2,0,1,1,1,2,1,70,2,2,1,0,1,0,22.0,38.0,voiture,deux_roues,1,1,1,1,2
201900012428,2019-08-06 15:30:00,2019,8,6,15,30,69,69116,A89 543.943 A 544.593 CLERM/LYON,45.83509,4.74894,Plein jour,Hors agglomération,Hors intersection,Temps couvert,Sans collision,1,1,1,0,2,2,1,1,1,50,1,1,0,0,0,1,26.0,,deux_roues,,1,1,1,8,7
201900012429,2019-08-04 08:05:00,2019,8,4,8,5,69,69259,RD383   11.750 A 14.250,45.72233,4.88798,Plein jour,Hors agglomération,Hors intersection,Normale,Deux véhicules - arrière,3,1,3,0,1,1,1,0,1,70,2,2,1,0,0,1,35.0,71.0,voiture,voiture,1,1,1,1,2
201900012430,2019-08-09 05:30:00,2019,8,9,5,30,54,54557,Autoroute 31,48.69219,6.05977,Nuit sans éclairage public,Hors agglomération,Hors intersection,Normale,Deux véhicules - arrière,1,3,4,0,1,1,1,0,1,110,2,2,0,0,1,1,32.0,45.0,utilitaire_camion,utilitaire_camion,3,1,1,1,2
201900012431,2019-08-07 19:10:00,2019,8,7,19,10,67,67482, Route Nationale 2350,48.592463,7.741071,Plein jour,Hors agglomération,Hors intersection,Normale,Autre collision,2,1,2,0,2,4,1,0,1,70,1,2,0,0,0,2,28.0,,voiture,,1,1,1,1,6
201900012432,2019-08-02 08:25:00,2019,8,2,8,25,67,67218,Autoroute A.35,48.549398,7.73065,Plein jour,Hors agglomération,Hors intersection,Normale,Deux véhicules - arrière,1,3,3,0,1,1,1,0,1,90,2,2,1,0,0,1,31.0,31.0,deux_roues,utilitaire_camion,1,1,1,1,2
201900012433,2019-08-10 07:45:00,2019,8,10,7,45,33,33366,AUTOROUTE A 10,44.980204,-0.430244,Plein jour,Hors agglomération,Hors intersection,Normale,Autre collision,1,3,6,0,1,1,1,0,1,130,1,2,1,0,0,1,34.0,,voiture,,1,1,1,1,6
201900012434,2019-08-08 22:45:00,2019,8,8,22,45,33,33550,ROCADE A 630,44.78221,-0.58417,Nuit sans éclairage public,Hors agglomération,Hors intersection,Normale,Deux véhicules - arrière,1,3,6,0,1,1,1,0,1,90,2,2,1,0,0,1,58.0,50.0,utilitaire_camion,voiture,3,1,1,1,2
201900012435,2019-08-07 08:45:00,2019,8,7,8,45,33,33065,ROUTE NATIONALE 230,44.8105,-0.52342,Plein jour,Hors agglomération,Hors intersection,Normale,Trois véhicules et plus - collisions multiples,2,3,6,0,1,1,1,3,1,90,3,3,2,0,0,1,74.0,53.0,voiture,utilitaire_camion,1,1,1,1,5