accident_id,datetime,annee,mois,jour,heure,minute,departement,commune_insee,adresse,latitude,longitude,luminosite,agglomeration,intersection,meteo,collision,catr,circ,nbv,vosp,prof,plan,surf,infra,situ,vma,nb_vehicules,nb_usagers,nb_indemnes,nb_tues,nb_blesses_hosp,nb_blesses_legers,age_cond_1,age_cond_2,veh_type_cond_1,veh_type_cond_2,lum_code,agg_code,int_code,atm_code,col_code
201900012711,2019-07-06 10:10:00,2019,7,6,10,10,2,02489,D7,49.5642,3.551707,Plein jour,Hors agglomération,Intersection en X,Normale,Deux véhicules - côté,3,2,2,0,1,1,1,0,1,80,2,3,0,0,2,1,80.0,22.0,voiture,voiture,1,1,2,1,3
201900012712,2019-07-04 18:20:00,2019,7,4,18,20,3,03182,,46.1035194,3.2607358,Crépuscule ou aube,Hors agglomération,Intersection en X,Temps éblouissant,Deux véhicules - côté,3,2,2,0,1,1,1,0,5,80,2,3,1,0,2,0,57.0,41.0,deux_roues,voiture,2,1,2,7,3
201900012713,2019-06-13 16:50:00,2019,6,13,16,50,3,03084,Malléchère,46.5107697,2.8148745,Plein jour,Hors agglomération,Intersection en T,Normale,Deux véhicules - côté,3,2,2,0,1,1,1,0,1,80,2,2,1,0,1,0,61.0,71.0,voiture,utilitaire_camion,1,1,3,1,3
201900012714,2019-07-05 10:50:00,2019,7,5,10,50,15,15003,CD 681,45.186803,2.310813,Plein jour,Hors agglomération,Hors intersection,Normale,Deux véhicules - arrière,3,2,2,0,1,1,1,0,1,-1,2,2,0,0,0,2,78.0,82.0,deux_roues,deux_roues,1,1,1,1,2
201900012715,2019-07-07 06:00:00,2019,7,7,6,0,70,70447,20 Rue du Card,47.423963,6.065808,Crépuscule ou aube,En agglomération,Hors intersection,Temps couvert,Autre collision,4,2,2,0,2,1,2,0,4,50,1,1,0,0,1,0,21.0,,deux_roues,,2,2,1,8,6
201900012716,2019-07-04 08:00:00,2019,7,4,8,0,70,70203,D78,47.586391,6.182423,Plein jour,Hors agglomération,Hors intersection,Normale,Deux véhicules - côté,3,2,2,0,1,1,1,0,1,80,2,4,3,0,0,1,42.0,31.0,voiture,voiture,1,1,1,1,3
201900012717,2019-07-07 16:30:00,2019,7,7,16,30,26,26095,139 route de Montelimar,44.609944,4.91766,Plein jour,Hors agglomération,Hors intersection,Pluie légère,Deux véhicules - arrière,3,2,2,0,1,1,2,0,1,80,2,7,2,0,1,4,33.0,16.0,utilitaire_camion,utilitaire_camion,1,1,1,2,2
201900012718,2019-07-06 08:20:00,2019,7,6,8,20,26,26113,49 Rue Camille Buffardel,44.754326,5.37096,Plein jour,En agglomération,Intersection en T,Normale,Autre collision,4,1,-1,-1,1,1,1,0,1,30,1,2,0,0,2,0,19.0,,deux_roues,,1,2,3,1,6
201900012719,2019-07-04 19:35:00,2019,7,4,19,35,26,26166,Chemin des Archipuits,44.750632,4.785073,Plein jour,Hors agglomération,Hors intersection,Normale,Autre collision,4,2,2,0,2,2,9,0,3,80,1,1,0,0,1,0,24.0,,voiture,,1,1,1,1,6
201900012720,2019-07-06 12:00:00,2019,7,6,12,0,58,58216,D42,47.338729,3.762467,Plein jour,Hors agglomération,Hors intersection,Normale,Autre collision,3,2,2,0,3,3,1,0,3,80,1,1,0,0,1,0,33.0,,deux_roues,,1,1,1,1,6
201900012721,2019-07-04 16:22:00,2019,7,4,16,22,58,58097,moulins du pérat 58,46.916215,3.539119,Plein jour,Hors agglomération,Hors intersection,Temps éblouissant,Autre collision,3,2,2,0,1,1,1,0,8,80,1,1,0,0,1,0,67.0,,voiture,,1,1,1,7,6
201900012722,2019-07-06 15:00:00,2019,7,6,15,0,54,54594,D 28 C,48.98045,5.862551,Plein jour,Hors agglomération,Hors intersection,Normale,Sans collision,3,2,2,0,2,2,1,0,3,80,1,1,0,0,1,0,58.0,,deux_roues,,1,1,1,1,7
201900012723,2019-07-05 13:15:00,2019,7,5,13,15,54,54152,9 Route de Dombasle,48.56642,6.386267,Plein jour,En agglomération,Hors intersection,Normale,Sans collision,3,2,2,0,1,1,1,0,1,50,1,2,1,0,1,0,38.0,,voiture,,1,2,1,1,7
201900012724,2019-07-06 20:00:00,2019,7,6,20,0,72,72179,La Croix du Châtelet,47.802953,-0.110357,Plein jour,Hors agglomération,Hors intersection,Normale,Deux véhicules - arrière,3,2,2,0,1,3,1,0,1,70,2,2,1,0,1,0,30.0,,deux_roues,,1,1,1,1,2
201900012725,2019-07-06 09:30:00,2019,7,6,9,30,6,06151,M2565,43.910086,7.259277,Plein jour,Hors agglomération,Hors intersection,Normale,Sans collision,7,2,2,0,1,2,1,0,1,80,1,1,0,0,1,0,62.0,,deux_roues,,1,1,1,1,7
201900012726,2019-06-23 14:20:00,2019,6,23,14,20,6,06032,Avenue Prince Rainier III de Monaco,43.7242495,7.4038824,Plein jour,En agglomération,Hors intersection,Normale,Deux véhicules - côté,7,2,2,0,2,3,1,0,1,-1,2,2,1,0,0,1,57.0,71.0,deux_roues,voiture,1,2,1,1,3
201900012727,2019-07-05 14:08:00,2019,7,5,14,8,6,06138,1 Boulevard de la Corniche d'Or,43.506926,6.942153,Plein jour,En agglomération,Hors intersection,Normale,Sans collision,3,2,2,0,2,1,1,0,1,50,1,1,0,0,1,0,,,,,1,2,1,1,7
201900012728,2019-07-04 18:55:00,2019,7,4,18,55,14,14319,Rue des Frères Chappe,49.153548,-0.306704,Plein jour,Hors agglomération,Giratoire,Normale,Sans collision,4,1,1,0,1,2,1,0,1,50,1,1,0,0,0,1,45.0,,deux_roues,,1,1,6,1,7
201900012729,2019-07-05 23:35:00,2019,7,5,23,35,14,14372,RD9,49.09695,-0.794537,Nuit sans éclairage public,Hors agglomération,Hors intersection,Normale,Deux véhicules - arrière,3,2,2,0,1,1,1,0,1,80,2,2,1,0,1,0,30.0,19.0,voiture,deux_roues,3,1,1,1,2
201900012730,2019-07-06 13:55:00,2019,7,6,13,55,5,05084,SARUCHET,44.551818,6.249364,Plein jour,Hors agglomération,Hors intersection,Normale,Deux véhicules - frontale,2,2,2,0,1,2,1,0,1,80,2,3,0,0,0,3,61.0,71.0,voiture,voiture,1,1,1,1,1
201900012731,2019-07-04 12:15:00,2019,7,4,12,15,50,50321,Croisement RD88 - RD191,49.14222,-1.077285,Plein jour,Hors agglomération,Intersection en X,Normale,Deux véhicules - côté,3,2,2,0,1,1,1,0,1,80,2,2,1,0,0,1,43.0,47.0,voiture,voiture,1,1,2,1,3
201900012732,2019-07-07 09:50:00,2019,7,7,9,50,60,60636,D 932,49.487485,2.872374,Plein jour,Hors agglomération,Hors intersection,Normale,Sans collision,3,2,2,0,2,3,1,0,3,80,1,1,0,0,1,0,58.0,,voiture,,1,1,1,1,7
201900012733,2019-07-01 19:00:00,2019,7,1,19,0,64,64495,D4,43.3197351,-1.5408548,Crépuscule ou aube,Hors agglomération,Hors intersection,Normale,Sans collision,3,2,2,0,1,1,1,0,1,80,1,1,0,0,1,0,63.0,,voiture,,2,1,1,1,7
201900012734,2019-07-07 03:00:00,2019,7,7,3,0,18,18109,22 Rue de l'Église,47.302709,2.526286,Nuit avec éclairage allumé,En agglomération,Hors intersection,Temps couvert,Sans collision,3,2,2,0,1,3,2,0,1,50,1,1,0,0,1,0,31.0,,deux_roues,,5,2,1,8,7
201900012735,2019-06-26 06:43:00,2019,6,26,6,43,18,18223,La Rose,47.187259,2.38405,Crépuscule ou aube,Hors agglomération,Hors intersection,Normale,Autre collision,3,2,2,0,1,3,1,0,3,80,1,1,0,0,1,0,46.0,,voiture,,2,1,1,1,6
201900012736,2019-07-06 21:30:00,2019,7,6,21,30,43,43150,l'herm,45.100395,4.03873,Crépuscule ou aube,Hors agglomération,Hors intersection,Normale,Autre collision,4,2,2,0,1,1,1,0,3,80,1,1,0,0,1,0,24.0,,deux_roues,,2,1,1,1,6
201900012737,2019-07-04 17:00:00,2019,7,4,17,0,43,43158,RD 152,45.073852,4.098962,Plein jour,En agglomération,Intersection en Y,Normale,Deux véhicules - frontale,3,2,2,0,1,3,1,0,1,50,2,2,1,0,1,0,75.0,57.0,deux_roues,transport_commun,1,2,4,1,1
201900012738,2019-07-05 20:10:00,2019,7,5,20,10,10,10323,Avenue Jules Jacquemin,48.520698,3.734685,Plein jour,En agglomération,Hors intersection,Normale,Sans collision,4,2,2,0,1,1,1,0,3,30,1,1,0,1,0,0,39.0,,voiture,,1,2,1,1,7
201900012739,2019-07-05 11:45:00,2019,7,5,11,45,10,10420,8 Grande Rue Montrobert,48.600216,3.553011,Plein jour,En agglomération,Hors intersection,Normale,Autre collision,4,2,2,0,2,1,1,0,1,50,1,2,1,0,1,0,56.0,,voiture,,1,2,1,1,6
201900012740,2019-07-05 20:35:00,2019,7,5,20,35,7,07349,les cabanes,44.782511,4.767113,Plein jour,Hors agglomération,Intersection en T,Normale,Deux véhicules - côté,3,3,2,0,1,1,1,0,1,70,2,2,0,0,0,2,20.0,41.0,voiture,voiture,1,1,3,1,3
201900012741,2019-07-06 12:35:00,2019,7,6,12,35,53,53100,La Guyardière,48.487822,-0.967,Plein jour,Hors agglomération,Hors intersection,Temps éblouissant,Sans collision,3,2,2,0,4,2,1,0,3,80,1,1,0,0,1,0,50.0,,deux_roues,,1,1,1,7,7
201900012742,2019-07-05 19:20:00,2019,7,5,19,20,53,53062,8-10 Avenue Ambroise Paré,47.823015,-0.710658,Plein jour,En agglomération,Intersection en T,Normale,Deux véhicules - côté,3,2,2,0,2,1,1,5,1,70,2,2,1,0,0,1,27.0,33.0,deux_roues,voiture,1,2,3,1,3
201900012743,2019-07-06 18:10:00,2019,7,6,18,10,40,40031,1112 Route de Lesgor,43.82945,-0.87051,Plein jour,Hors agglomération,Hors intersection,Normale,Autre collision,3,2,2,0,1,2,1,0,3,80,1,2,0,0,1,1,30.0,,voiture,,1,1,1,1,6
201900012744,2019-07-06 21:10:00,2019,7,6,21,10,24,24352,Avenue Guy de Larigaudie,45.240814,0.345274,Plein jour,En agglomération,Intersection en X,Normale,Deux véhicules - côté,3,2,2,0,1,1,1,5,1,50,2,2,1,0,1,0,52.0,31.0,voiture,deux_roues,1,2,2,1,3
201900012745,2019-07-06 12:50:00,2019,7,6,12,50,24,24214,D93,45.552315,0.541936,Plein jour,Hors agglomération,Hors intersection,Normale,Sans collision,3,2,2,0,3,3,1,0,3,80,1,1,0,0,1,0,46.0,,deux_roues,,1,1,1,1,7
201900012746,2019-07-05 11:50:00,2019,7,5,11,50,27,27377,Route Départementale 6,49.3822,1.518949,Plein jour,Hors agglomération,Hors intersection,Normale,Autre collision,3,2,2,0,2,4,1,0,3,80,1,1,0,0,1,0,55.0,,deux_roues,,1,1,1,1,6
201900012747,2019-07-06 10:15:00,2019,7,6,10,15,27,27095,Intersection RD39 / RD26 / route du buhot,49.205291,0.784677,Plein jour,Hors agglomération,Intersection à plus de 4 branches,Normale,Deux véhicules - côté,3,2,2,0,1,1,1,0,1,80,2,3,0,0,2,1,48.0,67.0,voiture,voiture,1,1,5,1,3
201900012748,2019-07-05 13:20:00,2019,7,5,13,20,27,27266,Rd 438,49.175442,0.700252,Plein jour,Hors agglomération,Hors intersection,Temps éblouissant,Trois véhicules et plus - collisions multiples,3,2,2,0,1,1,1,0,1,80,3,4,1,0,2,1,24.0,39.0,voiture,voiture,1,1,1,7,5
201900012749,2019-07-06 16:30:00,2019,7,6,16,30,27,27390,Rue de la Croix Saint-Jacques,48.812778,1.215698,Plein jour,En agglomération,Hors intersection,Normale,Autre collision,3,2,2,0,1,3,1,0,8,50,1,1,0,0,0,1,28.0,,deux_roues,,1,2,1,1,6
201900012750,2019-07-07 00:10:00,2019,7,7,0,10,28,28120,RD 939 Lieu dit La Houdière,48.671721,1.098378,Nuit sans éclairage public,Hors agglomération,Intersection en T,Normale,Deux véhicules - côté,3,2,2,0,1,1,1,0,1,80,2,3,0,0,1,2,29.0,19.0,voiture,voiture,3,1,3,1,3
201900012751,2019-07-06 18:30:00,2019,7,6,18,30,37,37234,d31,47.223769,1.029928,Plein jour,Hors agglomération,Hors intersection,Normale,Sans collision,3,2,2,0,1,4,1,0,3,80,1,2,0,0,1,1,29.0,,voiture,,1,1,1,1,7
201900012752,2019-07-06 14:45:00,2019,7,6,14,45,30,30310,Château de l'Hom,44.108536,3.778785,Plein jour,Hors agglomération,Hors intersection,Normale,Sans collision,4,2,2,0,1,1,1,0,3,30,1,2,0,1,0,1,76.0,,voiture,,1,1,1,1,7
201900012753,2019-07-06 11:30:00,2019,7,6,11,30,30,30280,D110,43.934444,3.653328,Plein jour,Hors agglomération,Hors intersection,Normale,Deux véhicules - côté,3,2,2,0,2,3,1,0,1,80,2,2,1,0,1,0,55.0,48.0,voiture,deux_roues,1,1,1,1,3
201900012754,2019-06-13 08:45:00,2019,6,13,8,45,30,30272,CD 999,43.964239,3.687803,Plein jour,En agglomération,Hors intersection,Normale,Sans collision,3,2,2,0,1,3,9,0,1,50,1,1,0,0,1,0,47.0,,deux_roues,,1,2,1,1,7
201900012755,2019-07-04 05:30:00,2019,7,4,5,30,30,30216,route départmentale 162,44.276953,4.086276,Crépuscule ou aube,Hors agglomération,Hors intersection,Normale,Autre collision,3,-1,2,0,2,2,1,0,3,80,1,1,0,0,1,0,20.0,,voiture,,2,1,1,1,6
201900012756,2019-07-06 03:45:00,2019,7,6,3,45,30,30098,RD6110,43.884597,4.097739,Nuit avec éclairage allumé,En agglomération,Hors intersection,Normale,Autre collision,3,2,2,0,1,1,1,9,1,50,1,5,0,0,2,3,22.0,,utilitaire_camion,,5,2,1,1,6
201900012757,2019-07-06 00:05:00,2019,7,6,0,5,48,48001,D65,44.871456,3.130918,Nuit sans éclairage public,Hors agglomération,Hors intersection,Normale,Autre collision,3,2,2,0,1,1,1,0,3,80,1,1,0,0,0,1,56.0,,voiture,,3,1,1,1,6
201900012758,2019-07-04 17:25:00,2019,7,4,17,25,52,52169,départementale  4,48.478232,5.0096369,Plein jour,Hors agglomération,Hors intersection,Normale,Autre collision,3,2,2,0,2,2,9,0,3,50,1,1,0,1,0,0,84.0,,voiture,,1,1,1,1,6
201900012759,2019-07-06 10:20:00,2019,7,6,10,20,52,52060,Rue du Théâtre,47.951065,5.747446,Plein jour,En agglomération,Hors intersection,Normale,Autre collision,4,1,1,0,1,1,1,0,1,50,1,2,1,0,1,0,80.0,,voiture,,1,2,1,1,6
201900012760,2019-07-04 08:20:00,2019,7,4,8,20,88,88346,Rue Suzanne Goeppel,48.405923,6.997912,Plein jour,En agglomération,Hors intersection,Normale,Autre collision,4,2,2,0,2,1,1,0,1,50,1,2,1,0,1,0,86.0,,voiture,,1,2,1,1,6
201900012761,2019-05-04 14:05:00,2019,5,4,14,5,88,88075,41 Rue du Hohneck,48.00478,6.889802,Plein jour,Hors agglomération,Hors intersection,Neige / grêle,Deux véhicules - arrière,3,2,2,0,2,1,2,0,1,70,2,2,1,0,0,1,55.0,32.0,voiture,voiture,1,1,1,4,2
201900012762,2019-07-06 05:15:00,2019,7,6,5,15,88,88079,D165,48.206949,5.834162,Crépuscule ou aube,Hors agglomération,Hors intersection,Normale,Deux véhicules - frontale,3,2,2,0,1,1,1,0,3,80,2,3,1,0,2,0,25.0,24.0,voiture,utilitaire_camion,2,1,1,1,1
201900012763,2019-07-05 21:40:00,2019,7,5,21,40,88,88011,Rue de Remiremont,48.116975,6.534527,Nuit avec éclairage allumé,En agglomération,Hors intersection,Normale,Autre collision,3,2,2,0,1,1,1,0,1,50,2,2,1,0,1,0,17.0,21.0,deux_roues,utilitaire_camion,5,2,1,1,6
201900012764,2019-06-27 20:45:00,2019,6,27,20,45,76,76660,A131,49.486565,0.315257,Plein jour,Hors agglomération,Autre intersection,Normale,Autre collision,1,3,4,0,1,1,1,0,3,130,1,1,0,0,0,1,21.0,,voiture,,1,1,9,1,6
201900012765,2019-04-28 02:00:00,2019,4,28,2,0,60,60461,Autoroute A16,49.4452494,2.1513033,Nuit sans éclairage public,Hors agglomération,Hors intersection,Normale,Autre collision,1,3,2,0,1,1,2,0,1,110,1,4,1,0,1,2,20.0,,voiture,,3,1,1,1,6
201900012766,2019-07-04 12:00:00,2019,7,4,12,0,63,63082,Autoroute A71,46.0702533,3.1195164,Plein jour,Hors agglomération,Hors intersection,Normale,Deux véhicules - arrière,1,1,4,0,2,2,1,0,1,130,2,2,1,1,0,0,59.0,87.0,utilitaire_camion,voiture,1,1,1,1,2
201900012767,2019-07-06 11:40:00,2019,7,6,11,40,3,03175,,46.2438523,3.0913862,Plein jour,Hors agglomération,Hors intersection,Normale,Deux véhicules - côté,1,1,2,0,2,1,1,0,1,130,2,4,0,0,0,4,68.0,28.0,voiture,voiture,1,1,1,1,3
201900012768,2019-07-06 05:45:00,2019,7,6,5,45,95,95353,Route nationale 1,49.07741,2.31954,Crépuscule ou aube,Hors agglomération,Hors intersection,Normale,Autre collision,2,3,4,0,3,3,1,8,1,70,1,2,0,0,1,1,22.0,,voiture,,2,1,1,1,6
201900012769,2019-07-06 13:20:00,2019,7,6,13,20,1,01451,A40 - PK 169+300,46.251175,5.259074,Plein jour,Hors agglomération,Hors intersection,Temps couvert,Deux véhicules - côté,1,1,1,0,1,1,1,0,1,130,2,3,2,0,0,1,67.0,24.0,deux_roues,voiture,1,1,1,8,3
201900012770,2019-07-03 08:10:00,2019,7,3,8,10,974,97415,Rue Etienne regnault,-20.977599,55.328741,Plein jour,En agglomération,Intersection en T,Normale,Deux véhicules - côté,3,2,-1,-1,1,1,1,5,1,-1,2,3,2,0,1,0,28.0,45.0,voiture,deux_roues,1,2,3,1,3
201900012771,2019-07-04 17:05:00,2019,7,4,17,5,974,97415,3 Chemin de la Giroday,-20.997493,55.329915,Plein jour,Hors agglomération,Hors intersection,Normale,Sans collision,4,2,2,0,1,1,1,0,1,90,1,1,0,0,1,0,38.0,,deux_roues,,1,1,1,1,7
201900012772,2019-07-06 04:27:00,2019,7,6,4,27,67,67481,Autoroute A35,48.377881,7.479884,Nuit sans éclairage public,Hors agglomération,Hors intersection,Normale,Autre collision,1,3,4,0,1,2,1,0,1,130,1,2,1,1,0,0,27.0,,voiture,,3,1,1,1,6
201900012773,2019-07-04 10:40:00,2019,7,4,10,40,67,67084,A35 PK435.100,48.32374,7.42734,Plein jour,Hors agglomération,Hors intersection,Normale,Trois véhicules et plus - en chaîne,1,1,4,0,1,1,1,2,1,110,4,8,7,0,1,0,45.0,36.0,voiture,voiture,1,1,1,1,4
201900012774,2019-07-07 14:15:00,2019,7,7,14,15,82,82033,A62,44.0461,1.0735,Plein jour,Hors agglomération,Hors intersection,Temps éblouissant,Deux véhicules - arrière,1,3,4,0,1,1,1,0,1,130,2,5,3,0,0,2,26.0,31.0,voiture,voiture,1,1,1,7,2
201900012775,2019-07-06 23:30:00,2019,7,6,23,30,69,69112,PK 537.000,45.8335041,4.6860157,Nuit sans éclairage public,Hors agglomération,Hors intersection,Normale,Deux véhicules - côté,1,3,3,0,1,1,2,0,1,110,2,4,2,0,0,2,42.0,28.0,voiture,voiture,3,1,1,1,3
201900012776,2019-07-07 11:20:00,2019,7,7,11,20,33,33498,A63 _ pk033.550,44.55646,-0.83173,Plein jour,Hors agglomération,Hors intersection,Normale,Trois véhicules et plus - collisions multiples,1,3,4,0,1,1,1,0,1,130,3,4,3,0,0,1,43.0,74.0,deux_roues,voiture,1,1,1,1,5
201900012777,2019-07-06 23:00:00,2019,7,6,23,0,74,74081,Avenue Georges Clemenceau,46.0681255,6.5707848,Nuit avec éclairage allumé,En agglomération,Giratoire,Normale,Autre collision,3,2,2,0,1,1,1,5,6,50,1,3,2,0,0,1,28.0,,voiture,,5,2,6,1,6
201900012778,2019-07-05 10:35:00,2019,7,5,10,35,38,38550,D221 B,45.088337,6.0355,Plein jour,Hors agglomération,Hors intersection,Normale,Deux véhicules - frontale,3,2,2,0,2,3,1,0,1,80,2,2,1,0,1,0,34.0,54.0,utilitaire_camion,deux_roues,1,1,1,1,1
201900012779,2019-06-01 12:15:00,2019,6,1,12,15,38,38191,Route du col de sarenne,45.082121,6.058571,Plein jour,Hors agglomération,Hors intersection,Normale,Sans collision,4,2,2,0,2,1,1,0,1,50,1,1,0,0,0,1,42.0,,deux_roues,,1,1,1,1,7
201900012780,2019-07-04 16:45:00,2019,7,4,16,45,38,38053,"A43, PK 033+100",45.602539,5.259889,Plein jour,Hors agglomération,Hors intersection,Normale,Deux véhicules - arrière,1,1,3,3,1,1,1,0,1,130,2,2,1,0,0,1,28.0,44.0,voiture,voiture,1,1,1,1,2
201900012781,2019-07-04 18:06:00,2019,7,4,18,6,64,64124,"D918, PR46+500",43.25884,-1.319457,Plein jour,Hors agglomération,Hors intersection,Normale,Autre collision,3,2,2,0,1,3,1,0,1,80,4,6,2,1,0,3,55.0,54.0,voiture,transport_commun,1,1,1,1,6
201900012782,2019-06-30 13:10:00,2019,6,30,13,10,69,69242,A6,46.138756,4.767154,Plein jour,Hors agglomération,Hors intersection,Normale,Sans collision,1,3,3,0,1,1,1,0,1,130,1,1,0,0,0,1,38.0,,voiture,,1,1,1,1,7
201900012783,2019-07-05 18:00:00,2019,7,5,18,0,84,84081,autoroute A7 pk 197+400 sens 2,43.904706,4.912296,Plein jour,Hors agglomération,Hors intersection,Normale,Trois véhicules et plus - collisions multiples,1,3,3,0,1,1,1,0,1,130,3,2,1,0,0,1,43.0,24.0,voiture,voiture,1,1,1,1,5
201900012784,2019-07-05 17:16:00,2019,7,5,17,16,62,62476,autoroute A1,50.355891,2.954986,Plein jour,Hors agglomération,Autre intersection,Normale,Deux véhicules - frontale,1,3,4,0,1,1,1,0,1,130,2,3,1,0,0,2,32.0,29.0,utilitaire_camion,voiture,1,1,9,1,1
201900012785,2019-07-02 14:00:00,2019,7,2,14,0,60,60505,RD1017,49.149301,2.545551,Plein jour,Hors agglomération,Hors intersection,Normale,Deux véhicules - arrière,3,1,1,0,2,1,1,0,1,80,2,2,1,0,1,0,19.0,47.0,voiture,deux_roues,1,1,1,1,2
201900012786,2019-07-05 08:00:00,2019,7,5,8,0,988,98814,RT 2 - Tribu de Qanono,-20.90594,167.25394,Plein jour,En agglomération,Hors intersection,Normale,Autre collision,2,2,2,0,4,3,1,0,3,50,2,5,3,0,0,2,23.0,27.0,voiture,utilitaire_camion,1,2,1,1,6
201900012787,2019-07-02 09:15:00,2019,7,2,9,15,971,97119,Rue Félix Eboué,16.380487,-61.487092,Plein jour,En agglomération,Hors intersection,Normale,Deux véhicules - frontale,2,2,2,0,1,1,1,0,1,50,2,2,1,0,1,0,24.0,59.0,deux_roues,voiture,1,2,1,1,1
201900012788,2019-07-05 00:39:00,2019,7,5,0,39,21,21515,Avenue de l'Université,47.313455,5.093842,Nuit avec éclairage allumé,En agglomération,Intersection en X,Normale,Trois véhicules et plus - collisions multiples,3,3,4,0,1,1,1,0,1,50,3,4,1,0,1,2,24.0,56.0,voiture,voiture,5,2,2,1,5
201900012789,2019-07-04 18:45:00,2019,7,4,18,45,33,33199,Avenue de Cesarée,44.609043,-1.074152,Plein jour,Hors agglomération,Intersection en T,Normale,Deux véhicules - côté,4,2,2,0,1,1,1,9,1,50,2,4,3,0,1,0,52.0,23.0,voiture,voiture,1,1,3,1,3
201900012790,2019-07-05 15:10:00,2019,7,5,15,10,29,29234,Kergamp,47.8386064,-3.5043206,Plein jour,Hors agglomération,Intersection en T,Normale,Deux véhicules - frontale,3,2,2,0,1,1,1,5,1,80,2,3,1,0,0,2,16.0,66.0,deux_roues,voiture,1,1,3,1,1
201900012791,2019-07-06 19:50:00,2019,7,6,19,50,33,33070,Chemin de la Noune,45.043606,-0.933754,Plein jour,En agglomération,Hors intersection,Normale,Sans collision,4,2,2,0,1,2,1,0,3,50,1,2,1,0,1,0,31.0,,deux_roues,,1,2,1,1,7
201900012792,2019-07-06 18:15:00,2019,7,6,18,15,28,28375,D147.5,48.768377,1.484219,Plein jour,Hors agglomération,Hors intersection,Normale,Sans collision,3,2,2,0,1,2,1,0,3,80,1,2,1,0,1,0,16.0,,deux_roues,,1,1,1,1,7
201900012793,2019-07-05 01:20:00,2019,7,5,1,20,45,45212,RD 317 - 1+600,47.897838,2.836783,Nuit sans éclairage public,Hors agglomération,Hors intersection,Normale,Autre collision,3,2,2,0,1,1,1,0,1,80,1,2,0,0,2,0,23.0,,deux_roues,,3,1,1,1,6
201900012794,2019-07-05 11:45:00,2019,7,5,11,45,45,45173,16 BD JEANNE D'ARC,47.867612,2.122368,Plein jour,En agglomération,Hors intersection,Temps éblouissant,Autre collision,3,2,2,0,1,1,1,0,1,50,1,2,1,0,1,0,70.0,,voiture,,1,2,1,7,6
201900012795,2019-07-05 19:40:00,2019,7,5,19,40,77,77387,Intersection D225 X D120,48.2276035,2.8418036,Plein jour,Hors agglomération,Intersection en X,Temps éblouissant,Deux véhicules - frontale,3,2,2,0,1,1,1,0,1,80,2,2,1,0,1,0,49.0,62.0,voiture,voiture,1,1,2,7,1
201900012796,2019-07-06 19:15:00,2019,7,6,19,15,77,77031,"Intersection D49, D201",48.67267,2.95977,Plein jour,Hors agglomération,Intersection en X,Normale,Deux véhicules - côté,3,2,2,0,1,1,1,5,1,70,2,5,4,1,0,0,78.0,47.0,voiture,voiture,1,1,2,1,3
201900012797,2019-07-04 09:00:00,2019,7,4,9,0,77,77508,RD 21,48.81778,2.86122,Plein jour,Hors agglomération,Hors intersection,Normale,Deux véhicules - côté,3,2,2,0,1,1,1,0,1,80,2,1,0,0,1,0,63.0,,deux_roues,,1,1,1,1,3
201900012798,2019-07-04 18:35:00,2019,7,4,18,35,77,77142,D21,48.865961,2.954461,Plein jour,Hors agglomération,Hors intersection,Normale,Deux véhicules - frontale,3,2,2,0,3,3,1,0,1,80,2,2,1,0,1,0,61.0,37.0,deux_roues,voiture,1,1,1,1,1
201900012799,2019-07-05 17:55:00,2019,7,5,17,55,77,77470,15 Rue de la Libération,48.738717,2.774352,Plein jour,En agglomération,Hors intersection,Normale,Deux véhicules - frontale,4,2,2,0,1,1,1,0,1,50,2,3,1,2,0,0,43.0,79.0,voiture,voiture,1,2,1,1,1
201900012800,2019-07-04 20:00:00,2019,7,4,20,0,77,77470,Boulevard Isaac Pereire,48.740265,2.758605,Crépuscule ou aube,En agglomération,Intersection en T,Normale,Deux véhicules - arrière,4,1,1,1,1,1,1,0,5,50,2,1,0,0,0,1,18.0,,deux_roues,,2,2,3,1,2
201900012801,2019-07-06 13:30:00,2019,7,6,13,30,77,77381,RD 201- RD215,48.6216529,2.9727584,Plein jour,Hors agglomération,Intersection en X,Normale,Trois véhicules et plus - en chaîne,3,2,2,0,1,1,1,5,1,80,3,7,1,0,3,3,47.0,32.0,voiture,voiture,1,1,2,1,4
201900012802,2019-07-04 13:00:00,2019,7,4,13,0,95,95351,D137,49.035236,2.505698,Plein jour,Hors agglomération,Hors intersection,Normale,Sans collision,3,3,4,0,1,3,1,5,1,90,1,1,0,0,1,0,25.0,,deux_roues,,1,1,1,1,7
201900012803,2019-07-05 10:20:00,2019,7,5,10,20,78,78623,Rue du Général Charles de Gaulle,48.777216,1.877292,Plein jour,En agglomération,Hors intersection,Normale,Deux véhicules - côté,3,2,2,0,1,1,1,0,1,45,2,2,1,0,1,0,33.0,19.0,deux_roues,voiture,1,2,1,1,3
201900012804,2019-07-05 16:45:00,2019,7,5,16,45,2B,2B355,RT20,42.519078,9.400512,Plein jour,Hors agglomération,Hors intersection,Normale,Deux véhicules - frontale,2,2,2,0,3,2,1,0,1,50,2,6,0,1,3,2,51.0,63.0,voiture,voiture,1,1,1,1,1