accident_id,datetime,annee,mois,jour,heure,minute,departement,commune_insee,adresse,latitude,longitude,luminosite,agglomeration,intersection,meteo,collision,catr,circ,nbv,vosp,prof,plan,surf,infra,situ,vma,nb_vehicules,nb_usagers,nb_indemnes,nb_tues,nb_blesses_hosp,nb_blesses_legers,age_cond_1,age_cond_2,veh_type_cond_1,veh_type_cond_2,lum_code,agg_code,int_code,atm_code,col_code
201900012805,2019-07-04 23:05:00,2019,7,4,23,5,34,34023,Avenue du Port,43.440642,3.681503,Nuit avec éclairage allumé,En agglomération,Hors intersection,Normale,Deux véhicules - frontale,3,2,2,0,1,2,1,0,1,30,2,3,2,0,1,0,51.0,16.0,voiture,deux_roues,5,2,1,1,1
201900012806,2019-07-04 15:30:00,2019,7,4,15,30,84,84019,Avenue Salvador Allende,44.288373,4.753948,Plein jour,En agglomération,Intersection en X,Normale,Deux véhicules - côté,3,2,2,0,1,1,1,5,1,50,2,2,1,0,1,0,46.0,54.0,deux_roues,voiture,1,2,2,1,3
201900012807,2019-07-05 12:05:00,2019,7,5,12,5,84,84092,Route Touristique des Bords du Rhône,43.968423,4.855119,Plein jour,Hors agglomération,Hors intersection,Normale,Trois véhicules et plus - collisions multiples,3,3,4,0,1,1,1,0,1,90,3,3,2,0,0,1,62.0,42.0,voiture,voiture,1,1,1,1,5
201900012808,2019-06-30 00:00:00,2019,6,30,0,0,84,84092,RD 907,43.975024,4.858008,Nuit avec éclairage allumé,En agglomération,Hors intersection,Normale,Deux véhicules - côté,3,2,4,0,1,1,1,0,1,70,2,3,0,0,0,3,21.0,47.0,voiture,voiture,5,2,1,1,3
201900012809,2019-06-16 12:15:00,2019,6,16,12,15,83,83035,Route des Garrigues,43.2549,5.74579,Plein jour,Hors agglomération,Hors intersection,Temps éblouissant,Deux véhicules - frontale,3,2,2,0,1,2,1,0,1,80,2,3,2,0,1,0,53.0,42.0,voiture,deux_roues,1,1,1,7,1
201900012810,2019-07-04 17:30:00,2019,7,4,17,30,83,83101,Route de l'EPI,43.221977,6.653972,Plein jour,Hors agglomération,Hors intersection,Normale,Autre collision,4,2,2,0,2,2,1,0,1,50,2,2,1,0,1,0,18.0,67.0,deux_roues,voiture,1,1,1,1,6
201900012811,2019-07-07 12:45:00,2019,7,7,12,45,4,04019,RD 902 Av Émile Aubert,44.383812,6.641903,Plein jour,En agglomération,Hors intersection,Normale,Autre collision,3,2,2,0,1,1,1,0,1,50,1,3,0,0,0,3,60.0,,voiture,,1,2,1,1,6
201900012812,2019-07-06 14:47:00,2019,7,6,14,47,13,13107,Route de Siege,43.430415,5.425058,Plein jour,En agglomération,Hors intersection,Normale,Sans collision,3,2,2,0,1,1,1,0,1,50,1,1,0,0,1,0,73.0,,deux_roues,,1,2,1,1,7
201900012813,2019-07-03 20:00:00,2019,7,3,20,0,70,70026,31 rue de la Gendarmerie,47.458089,5.581841,Plein jour,En agglomération,Hors intersection,Normale,Autre collision,4,2,2,0,1,1,1,0,1,50,1,1,0,0,1,0,15.0,,deux_roues,,1,2,1,1,6
201900012814,2019-07-05 07:13:00,2019,7,5,7,13,89,89037,D943,47.970416,3.3437705,Plein jour,Hors agglomération,Hors intersection,Normale,Deux véhicules - côté,3,2,2,0,2,1,1,0,1,80,2,2,1,1,0,0,65.0,34.0,deux_roues,utilitaire_camion,1,1,1,1,3
201900012815,2019-07-04 21:00:00,2019,7,4,21,0,71,71562,la couture,46.413247,4.309755,Crépuscule ou aube,Hors agglomération,Hors intersection,Normale,Autre collision,4,2,2,0,2,1,1,0,3,80,1,1,0,1,0,0,58.0,,deux_roues,,2,1,1,1,6
201900012816,2019-07-04 11:40:00,2019,7,4,11,40,71,71176,Route des Sables,46.499783,4.012766,Plein jour,En agglomération,Intersection en T,Normale,Deux véhicules - côté,3,2,2,0,1,1,1,0,1,70,2,2,1,0,1,0,43.0,67.0,voiture,deux_roues,1,2,3,1,3
201900012817,2019-07-06 15:17:00,2019,7,6,15,17,71,71512,Route de Gigny,46.638891,4.873961,Plein jour,En agglomération,Intersection en T,Normale,Deux véhicules - frontale,4,2,2,0,2,1,1,0,1,50,2,2,1,0,1,0,11.0,44.0,deux_roues,voiture,1,2,3,1,1
201900012818,2019-07-06 05:20:00,2019,7,6,5,20,71,71099,RD 86,46.393745,4.821808,Nuit sans éclairage public,Hors agglomération,Hors intersection,Normale,Sans collision,3,2,2,0,1,2,1,0,8,80,1,1,0,0,0,1,32.0,,voiture,,3,1,1,1,7
201900012819,2019-07-03 22:34:00,2019,7,3,22,34,21,21319,20 Rue d'Amont,47.170536,5.140819,Nuit avec éclairage allumé,En agglomération,Hors intersection,Normale,Autre collision,3,2,2,0,1,3,1,0,3,50,1,3,2,0,1,0,21.0,,voiture,,5,2,1,1,6
201900012820,2019-07-07 04:00:00,2019,7,7,4,0,68,68171,RD27,47.947431,6.966894,Nuit sans éclairage public,Hors agglomération,Hors intersection,Pluie forte,Sans collision,3,2,2,0,2,3,2,0,3,70,1,2,0,0,1,1,17.0,,voiture,,3,1,1,3,7
201900012821,2019-07-04 20:00:00,2019,7,4,20,0,88,88247,RN 57,48.269375,6.38466,Plein jour,Hors agglomération,Hors intersection,Normale,Trois véhicules et plus - en chaîne,2,3,4,0,1,1,1,0,1,110,3,3,2,0,1,0,30.0,48.0,voiture,deux_roues,1,1,1,1,4
201900012822,2019-07-05 09:05:00,2019,7,5,9,5,57,57303,RN 52,49.218679,6.189008,Plein jour,Hors agglomération,Giratoire,Normale,Autre collision,2,1,1,0,1,3,1,5,1,50,1,2,1,0,1,0,36.0,,utilitaire_camion,,1,1,6,1,6
201900012823,2019-07-06 16:43:00,2019,7,6,16,43,3,03270,,46.3493285,2.9512477,Plein jour,Hors agglomération,Hors intersection,Normale,Deux véhicules - arrière,3,2,2,0,1,1,1,0,1,80,2,2,0,0,0,2,72.0,27.0,voiture,voiture,1,1,1,1,2
201900012824,2019-07-06 19:00:00,2019,7,6,19,0,63,63417,D943,45.831177,3.044293,Plein jour,Hors agglomération,Hors intersection,Pluie légère,Autre collision,3,2,2,0,2,2,2,0,8,80,2,7,5,0,0,2,69.0,50.0,voiture,voiture,1,1,1,2,6
201900012825,2019-07-06 15:25:00,2019,7,6,15,25,74,74226,Curseille,46.193212,6.387481,Plein jour,En agglomération,Intersection en T,Normale,Deux véhicules - frontale,3,2,2,0,4,4,1,0,1,50,2,2,1,0,1,0,30.0,49.0,voiture,deux_roues,1,2,3,1,1
201900012826,2019-07-05 10:50:00,2019,7,5,10,50,73,73203,RD 1006,45.3156058,6.333231,Plein jour,Hors agglomération,Hors intersection,Normale,Autre collision,3,2,2,0,1,1,1,0,1,80,1,2,1,0,1,0,81.0,,voiture,,1,1,1,1,6
201900012827,2019-07-05 15:45:00,2019,7,5,15,45,38,38449,D124,45.656168,5.133568,Plein jour,Hors agglomération,Hors intersection,Normale,Deux véhicules - côté,3,2,2,0,1,3,1,0,1,80,2,1,0,0,0,1,28.0,,deux_roues,,1,1,1,1,3
201900012828,2019-07-06 17:20:00,2019,7,6,17,20,38,38468,Route nationale 7,45.329047,4.806452,Plein jour,Hors agglomération,Hors intersection,Normale,Trois véhicules et plus - en chaîne,2,2,2,0,1,1,1,0,1,50,3,5,2,0,0,3,36.0,65.0,voiture,voiture,1,1,1,1,4
201900012829,2019-06-07 15:45:00,2019,6,7,15,45,38,38468,ROUTE NATIONALE 7,45.342613,4.80402,Plein jour,En agglomération,Hors intersection,Normale,Autre collision,2,3,2,0,1,1,1,5,1,50,1,2,1,0,1,0,63.0,,voiture,,1,2,1,1,6
201900012830,2019-07-05 10:31:00,2019,7,5,10,31,26,26235,Route Nationale 7,44.329847,4.68722,Plein jour,Hors agglomération,Hors intersection,Normale,Deux véhicules - frontale,2,2,3,0,1,1,1,0,1,90,2,3,0,0,1,2,75.0,93.0,voiture,voiture,1,1,1,1,1
201900012831,2019-11-21 17:56:00,2019,11,21,17,56,2A,2A004,BONAPARTE LUCIEN  COURS,41.91258,8.72354,Nuit avec éclairage allumé,En agglomération,Hors intersection,Pluie forte,Autre collision,3,2,0,0,1,1,2,0,1,50,1,2,1,0,1,0,65.0,,voiture,,5,2,1,3,6
201900012832,2019-11-21 09:20:00,2019,11,21,9,20,91,91589,COURTELINE (RUE),48.6792,2.3463,Plein jour,En agglomération,Hors intersection,Normale,Deux véhicules - arrière,4,2,2,0,1,1,1,0,1,50,2,2,1,0,0,1,31.0,44.0,voiture,voiture,1,2,1,1,2
201900012833,2019-11-21 17:10:00,2019,11,21,17,10,91,91345,templiers (rue des ),48.684,2.314547,Nuit avec éclairage allumé,En agglomération,Autre intersection,Pluie légère,Autre collision,7,2,2,0,1,1,2,0,1,50,1,2,0,0,0,2,59.0,,deux_roues,,5,2,9,2,6
201900012834,2019-11-21 19:00:00,2019,11,21,19,0,91,91027,DIX HUIT AVRIL (AVENUE DU),48.70467,2.39156,Nuit avec éclairage allumé,En agglomération,Autre intersection,Pluie légère,Autre collision,4,2,2,0,1,1,2,0,1,50,1,2,1,0,0,1,52.0,,voiture,,5,2,9,2,6
201900012835,2019-11-21 08:55:00,2019,11,21,8,55,91,91103,FLANDRE (RUE DE),48.59486,2.30278,Plein jour,En agglomération,Hors intersection,Normale,Sans collision,4,2,2,0,1,1,1,0,1,50,1,2,1,0,0,1,81.0,,voiture,,1,2,1,1,7
201900012836,2019-11-19 21:03:00,2019,11,19,21,3,87,87085,TANNERIES (RUE DES),45.83008,1.26312,Nuit avec éclairage allumé,En agglomération,Hors intersection,Normale,Deux véhicules - côté,4,1,1,0,2,1,1,0,1,50,2,2,1,0,0,1,20.0,,deux_roues,,5,2,1,1,3
201900012837,2019-11-21 13:45:00,2019,11,21,13,45,86,86194,CONCORDE (BOULEVARD DE LA),46.56561,0.34833,Plein jour,En agglomération,Hors intersection,Normale,Autre collision,4,2,2,0,1,1,1,0,1,50,1,2,1,0,0,1,48.0,,voiture,,1,2,1,1,6
201900012838,2019-11-19 17:00:00,2019,11,19,17,0,84,84007,LYON (route de ),43.95485,4.838179,Plein jour,Hors agglomération,Intersection en X,Normale,Trois véhicules et plus - collisions multiples,4,2,4,1,1,1,1,0,1,50,4,5,2,0,0,3,28.0,65.0,voiture,voiture,1,1,2,1,5
201900012839,2019-11-21 07:30:00,2019,11,21,7,30,81,81033,ALBI (AV. D' ),44.0247275,2.1552675,Crépuscule ou aube,En agglomération,Autre intersection,Brouillard / fumée,Deux véhicules - côté,3,2,2,0,2,1,2,0,1,50,2,2,1,0,0,1,54.0,16.0,voiture,deux_roues,2,2,9,5,3
201900012840,2019-11-19 18:30:00,2019,11,19,18,30,80,80021,WINSTON CHURCHILL (RUE),49.90796,2.30387,Nuit avec éclairage allumé,En agglomération,Hors intersection,Normale,Autre collision,4,2,2,0,1,1,1,0,1,50,1,2,1,0,0,1,36.0,,voiture,,5,2,1,1,6
201900012841,2019-11-21 18:08:00,2019,11,21,18,8,78,78440,PIERRE CURIE (RUE),48.994848,1.928818,Nuit avec éclairage allumé,En agglomération,Hors intersection,Pluie légère,Deux véhicules - côté,4,2,2,0,1,1,2,0,1,50,2,3,2,0,0,1,43.0,64.0,voiture,voiture,5,2,1,2,3
201900012842,2019-11-19 15:22:00,2019,11,19,15,22,77,77210,D606 X D28A,48.3612903,2.88857,Plein jour,Hors agglomération,Intersection en T,Normale,Deux véhicules - frontale,3,-1,3,0,1,1,1,5,1,90,2,4,0,0,2,2,25.0,82.0,utilitaire_camion,voiture,1,1,3,1,1
201900012843,2019-11-20 19:00:00,2019,11,20,19,0,76,76540,RAFFETOT. RUE,49.45099,1.0835,Crépuscule ou aube,En agglomération,Hors intersection,Normale,Autre collision,4,2,2,0,1,1,1,0,1,50,1,2,1,0,0,1,50.0,,voiture,,2,2,1,1,6
201900012844,2019-11-21 16:10:00,2019,11,21,16,10,69,69271,EUROPE (DE L')                          ,45.73867,4.93641,Plein jour,En agglomération,Hors intersection,Normale,Autre collision,4,1,2,0,1,2,1,0,1,30,1,1,0,0,0,1,37.0,,voiture,,1,2,1,1,6
201900012845,2019-11-21 12:30:00,2019,11,21,12,30,69,69290,PORTE DES ALPES (DE LA) - BD URBAIN (BD),45.71683,4.92806,Plein jour,Hors agglomération,Intersection en X,Normale,Deux véhicules - côté,4,2,3,3,1,1,1,5,6,70,2,4,3,0,0,1,39.0,19.0,voiture,voiture,1,1,2,1,3
201900012846,2019-11-21 08:30:00,2019,11,21,8,30,69,69290,ANDRE CHENIER                       (R ),45.6977,4.957,Plein jour,En agglomération,Intersection en T,Normale,Autre collision,4,1,1,0,1,1,1,0,1,50,1,4,3,0,0,1,33.0,,voiture,,1,2,3,1,6
201900012847,2019-11-20 07:20:00,2019,11,20,7,20,67,67482,PLAINE DES BOUCHERS (RUE DE LA),48.56151,7.73843,Crépuscule ou aube,En agglomération,Hors intersection,Brouillard / fumée,Deux véhicules - côté,4,2,4,3,1,1,1,0,1,50,2,2,1,0,0,1,29.0,22.0,voiture,deux_roues,2,2,1,5,3
201900012848,2019-11-21 09:10:00,2019,11,21,9,10,66,66136,COQUELICOTS (DES),42.70499,2.90195,Plein jour,En agglomération,Intersection en X,Normale,Deux véhicules - côté,4,2,2,1,1,1,1,0,1,50,2,2,1,0,0,1,40.0,72.0,voiture,deux_roues,1,2,2,1,3
201900012849,2019-11-20 17:20:00,2019,11,20,17,20,66,66136,R D 900,42.67576,2.8666,Plein jour,Hors agglomération,Hors intersection,Normale,Deux véhicules - arrière,4,3,1,0,1,1,1,0,1,70,2,3,2,0,0,1,62.0,82.0,voiture,voiture,1,1,1,1,2
201900012850,2019-11-22 23:35:00,2019,11,22,23,35,64,64102,FLOQUET (RUE CHARLES),43.4913422,-1.4625451,Nuit avec éclairage allumé,En agglomération,Hors intersection,Normale,Sans collision,4,1,1,0,1,1,1,0,1,30,1,1,0,0,0,1,38.0,,voiture,,5,2,1,1,7
201900012851,2019-11-20 16:15:00,2019,11,20,16,15,64,64102,BEYRIS (GIRATOIRE),43.4782,-1.49213,Plein jour,En agglomération,Autre intersection,Normale,Sans collision,4,1,2,0,1,2,1,9,1,50,1,1,0,0,0,1,59.0,,deux_roues,,1,2,9,1,7
201900012852,2019-11-16 22:05:00,2019,11,16,22,5,63,63014,PASTEUR (RUE),45.75928,3.10293,Nuit avec éclairage allumé,En agglomération,Hors intersection,Normale,Deux véhicules - arrière,4,2,2,0,1,1,2,0,1,50,2,2,1,0,0,1,35.0,18.0,voiture,deux_roues,5,2,1,1,2
201900012853,2019-11-21 20:00:00,2019,11,21,20,0,59,59279,MARTEL (RUE DES FRERES MARTEL PROLONGEE),50.78,3.13,Nuit avec éclairage allumé,En agglomération,Intersection en X,Normale,Deux véhicules - côté,4,2,2,0,1,1,1,0,1,50,2,3,2,0,0,1,80.0,33.0,voiture,voiture,5,2,2,1,3
201900012854,2019-09-30 18:20:00,2019,9,30,18,20,59,59009,BOIS AVENUE DU PONT DE,50.6253,3.1267,Plein jour,En agglomération,Hors intersection,Normale,Autre collision,4,2,2,3,1,1,1,0,2,50,1,2,1,0,1,0,21.0,,voiture,,1,2,1,1,6
201900012855,2019-11-20 17:40:00,2019,11,20,17,40,54,54395,REPUBLIQUE (PLACE DE),48.688724,6.176408,Nuit avec éclairage allumé,En agglomération,Place,Normale,Sans collision,4,-1,2,0,1,1,1,0,1,30,1,3,1,0,0,2,48.0,,voiture,,5,2,7,1,7
201900012856,2019-11-20 17:10:00,2019,11,20,17,10,54,54304,POINCARE (RUE RAYMOND),48.680551,6.155188,Nuit avec éclairage allumé,En agglomération,Hors intersection,Normale,Deux véhicules - côté,4,-1,3,1,1,1,1,0,1,50,2,2,1,0,0,1,53.0,34.0,voiture,deux_roues,5,2,1,1,3
201900012857,2019-11-20 13:30:00,2019,11,20,13,30,54,54547,LECLERC (AV. DU GENERAL 26 A 172),48.660422,6.162091,Plein jour,En agglomération,Hors intersection,Temps couvert,Deux véhicules - arrière,4,3,2,0,2,1,1,0,1,50,2,2,1,0,0,1,49.0,23.0,voiture,voiture,1,2,1,8,2
201900012858,2019-11-19 18:25:00,2019,11,19,18,25,50,50129,PARIS (AVENUE DE),49.62657,-1.61735,Nuit avec éclairage allumé,En agglomération,Hors intersection,Normale,Deux véhicules - arrière,3,2,2,0,1,1,1,0,1,50,2,2,0,0,0,2,20.0,27.0,voiture,voiture,5,2,1,1,2
201900012859,2019-11-18 14:00:00,2019,11,18,14,0,50,50602,BROSSOLETTE (RUE PIERRE),49.6348,-1.5922,Plein jour,En agglomération,Giratoire,Normale,Deux véhicules - côté,4,1,1,0,1,2,1,0,1,50,2,2,1,0,0,1,21.0,33.0,deux_roues,voiture,1,2,6,1,3
201900012860,2019-11-21 13:50:00,2019,11,21,13,50,44,44184,LESNAIS (ROUTE DE),47.292529,-2.233064,Plein jour,En agglomération,Passage à niveau,Pluie légère,Deux véhicules - côté,4,2,2,0,2,3,2,4,1,50,2,2,1,0,0,1,18.0,35.0,voiture,voiture,1,2,8,2,3
201900012861,2019-11-21 08:00:00,2019,11,21,8,0,44,44184,AVENUES LAGRANGE / MITTERRAND,47.2693,-2.2284,Crépuscule ou aube,En agglomération,Intersection en X,Pluie forte,Deux véhicules - côté,4,2,3,0,1,1,2,0,1,50,2,2,1,0,0,1,50.0,19.0,voiture,deux_roues,2,2,2,3,3
201900012862,2019-11-18 18:25:00,2019,11,18,18,25,44,44184,RUES MOZART / VOLTAIRE,47.267,-2.2359,Crépuscule ou aube,En agglomération,Intersection en X,Normale,Deux véhicules - côté,4,2,2,0,1,1,1,0,1,50,2,2,1,0,1,0,27.0,53.0,voiture,deux_roues,2,2,2,1,3
201900012863,2019-11-20 12:15:00,2019,11,20,12,15,41,41047,RD 2152,47.61361,1.36149,Plein jour,En agglomération,Hors intersection,Normale,Autre collision,4,2,2,0,1,1,1,0,1,50,1,2,1,0,0,1,75.0,,voiture,,1,2,1,1,6
201900012864,2019-11-19 15:55:00,2019,11,19,15,55,33,33249,AVE DE LA RESISTANCE,44.87762,-0.51863,Plein jour,En agglomération,Intersection en T,Normale,Deux véhicules - côté,4,2,4,2,2,1,1,0,1,50,2,2,1,0,0,1,48.0,52.0,deux_roues,transport_commun,1,2,3,1,3
201900012865,2019-11-20 19:30:00,2019,11,20,19,30,30,30007,GUESDE (AVE JULES),44.11996,4.07919,Nuit avec éclairage allumé,En agglomération,Hors intersection,Normale,Autre collision,4,3,5,0,1,1,1,0,1,50,1,2,1,0,0,1,60.0,,utilitaire_camion,,5,2,1,1,6
201900012866,2019-11-21 18:07:00,2019,11,21,18,7,28,28110,BERNARD (RUE CLAUDE),48.41173,1.50797,Crépuscule ou aube,Hors agglomération,Intersection en Y,Temps couvert,Deux véhicules - côté,3,2,2,0,1,1,2,0,1,80,2,2,1,0,1,0,70.0,70.0,voiture,voiture,2,1,4,8,3
201900012867,2019-11-20 17:55:00,2019,11,20,17,55,15,15014,GAMBETTA (AVENUE),44.927517,2.445494,Nuit avec éclairage allumé,En agglomération,Hors intersection,Normale,Autre collision,4,-1,1,0,1,1,1,2,1,50,1,2,1,0,0,1,87.0,,voiture,,5,2,1,1,6
201900012868,2019-11-21 17:38:00,2019,11,21,17,38,14,14536,BOURG (RUE DU),49.40741,0.26707,Nuit avec éclairage allumé,En agglomération,Hors intersection,Pluie légère,Autre collision,3,2,2,0,1,1,2,0,2,30,1,3,2,0,0,1,64.0,,voiture,,5,2,1,2,6
201900012869,2019-11-21 15:20:00,2019,11,21,15,20,13,13214,MORETTI (BOULEVARD),43.3264,5.3752,Plein jour,En agglomération,Hors intersection,Pluie légère,Autre collision,4,2,2,0,1,1,2,0,1,50,1,1,0,0,0,1,,,,,1,2,1,2,6
201900012870,2019-11-21 13:30:00,2019,11,21,13,30,13,13210,LAZER (BOULEVARD),43.27788,5.40566,Plein jour,En agglomération,Autre intersection,Temps couvert,Deux véhicules - côté,4,2,2,0,1,1,2,0,1,50,2,2,1,0,0,1,32.0,56.0,deux_roues,voiture,1,2,9,8,3
201900012871,2019-11-20 10:30:00,2019,11,20,10,30,13,13206,DELPHES (AVENUE DE),43.2843,5.38805,Plein jour,En agglomération,Hors intersection,Normale,Deux véhicules - côté,4,1,3,0,1,1,1,0,1,50,2,2,1,0,0,1,35.0,39.0,deux_roues,voiture,1,2,1,1,3
201900012872,2019-11-21 13:31:00,2019,11,21,13,31,10,10387,PIERRE BROSSOLETTE (RUE),48.28656,4.07754,Plein jour,En agglomération,Intersection en X,Normale,Deux véhicules - côté,4,2,4,0,1,1,1,5,1,50,2,1,0,0,0,1,27.0,,deux_roues,,1,2,2,1,3
201900012873,2019-11-20 08:29:00,2019,11,20,8,29,10,10333,AUXERRE (ROUTE),48.27683,4.06598,Plein jour,En agglomération,Hors intersection,Normale,Deux véhicules - côté,4,2,2,0,1,1,1,0,1,50,2,2,1,0,0,1,16.0,25.0,deux_roues,voiture,1,2,1,1,3
201900012874,2019-11-21 07:55:00,2019,11,21,7,55,9,09122,ESPAGNE (ROUTE D'),42.946895,1.626922,Crépuscule ou aube,En agglomération,Hors intersection,Normale,Deux véhicules - côté,3,2,2,1,1,1,1,0,1,50,2,3,1,0,0,2,29.0,44.0,voiture,voiture,2,2,1,1,3
201900012875,2019-11-21 19:30:00,2019,11,21,19,30,1,01053,MACON ( AVENUE DE - IMPAIRS),46.20894,5.22041,Nuit avec éclairage allumé,En agglomération,Autre intersection,Pluie légère,Deux véhicules - frontale,4,2,3,0,1,1,2,0,1,50,2,2,1,0,1,0,23.0,48.0,deux_roues,voiture,5,2,9,2,1
201900012876,2019-11-20 16:15:00,2019,11,20,16,15,75,75116,BD PERIPHERIQUE INTERIEUR,48.8612633,2.2641925,Plein jour,En agglomération,Hors intersection,Normale,Deux véhicules - côté,4,1,4,0,1,1,1,0,1,70,2,4,2,0,0,2,21.0,62.0,utilitaire_camion,deux_roues,1,2,1,1,3
201900012877,2019-11-20 09:00:00,2019,11,20,9,0,75,75113,BD PERIPHERIQUE EXTERIEUR,48.8172,2.366252,Plein jour,En agglomération,Hors intersection,Normale,Trois véhicules et plus - en chaîne,4,1,4,0,1,1,1,0,1,70,3,3,2,0,0,1,55.0,47.0,deux_roues,deux_roues,1,2,1,1,4
201900012878,2019-11-20 09:30:00,2019,11,20,9,30,75,75107,RUE DE VARENNE,48.855706,2.316893,Plein jour,En agglomération,Intersection en T,Normale,Autre collision,4,2,2,0,1,1,1,0,1,50,1,2,1,0,0,1,49.0,,voiture,,1,2,3,1,6
201900012879,2019-11-21 18:15:00,2019,11,21,18,15,75,75119,RUE DE CRIMEE,48.890996,2.376397,Nuit avec éclairage allumé,En agglomération,Hors intersection,Pluie légère,Autre collision,4,1,2,3,1,1,2,0,6,50,1,2,1,0,0,1,61.0,,deux_roues,,5,2,1,2,6
201900012880,2019-11-20 22:45:00,2019,11,20,22,45,75,75119,BOULEVARD MACDONALD,48.896655,2.39304,Nuit avec éclairage allumé,En agglomération,Hors intersection,Normale,Autre collision,4,2,5,0,2,1,1,0,1,50,1,2,1,0,0,1,20.0,,voiture,,5,2,1,1,6
201900012881,2019-11-21 19:50:00,2019,11,21,19,50,75,75117,AVENUE DE WAGRAM,48.8815624,2.3007047,Nuit avec éclairage allumé,En agglomération,Intersection en X,Normale,Autre collision,4,2,2,0,1,1,1,0,1,30,2,1,0,0,0,1,31.0,,deux_roues,,5,2,2,1,6
201900012882,2019-11-21 18:10:00,2019,11,21,18,10,75,75116,AVENUE DE LA GRANDE ARMEE,48.8762631,2.2872018,Nuit avec éclairage allumé,En agglomération,Intersection en X,Pluie légère,Deux véhicules - côté,4,2,6,0,1,1,2,0,1,30,2,3,1,0,0,2,17.0,21.0,deux_roues,voiture,5,2,2,2,3
201900012883,2019-11-21 14:30:00,2019,11,21,14,30,75,75116,ROUTE DES TRIBUNES,48.854961,2.228796,Plein jour,En agglomération,Hors intersection,Normale,Deux véhicules - frontale,4,2,3,1,1,3,1,0,5,50,2,2,1,0,0,1,68.0,64.0,deux_roues,deux_roues,1,2,1,1,1
201900012884,2019-11-21 09:30:00,2019,11,21,9,30,75,75117,AVENUE DES TERNES,48.8786491,2.2942171,Plein jour,En agglomération,Intersection en X,Normale,Autre collision,4,2,4,0,1,1,1,0,1,50,1,2,1,0,0,1,42.0,,voiture,,1,2,2,1,6
201900012885,2019-11-20 17:55:00,2019,11,20,17,55,75,75116,AVENUE PRUDHON,48.859097,2.269208,Nuit avec éclairage allumé,En agglomération,Hors intersection,Normale,Deux véhicules - côté,4,2,2,0,1,1,1,0,1,50,2,2,1,0,0,1,29.0,20.0,deux_roues,voiture,5,2,1,1,3
201900012886,2019-11-20 09:20:00,2019,11,20,9,20,75,75116,BOULEVARD DE L AMIRAL BRUIX,48.874853,2.278762,Plein jour,En agglomération,Intersection en T,Normale,Deux véhicules - arrière,4,2,4,0,1,1,1,0,1,50,2,2,1,0,0,1,48.0,34.0,deux_roues,voiture,1,2,3,1,2
201900012887,2019-11-19 18:45:00,2019,11,19,18,45,75,75116,ROUTE DE LA PTE DAUPHINE A LA PTE DES SA,48.872787,2.273223,Nuit avec éclairage allumé,En agglomération,Hors intersection,Normale,Autre collision,4,2,4,0,1,3,1,0,1,50,2,1,0,0,0,1,24.0,,deux_roues,,5,2,1,1,6
201900012888,2019-11-19 15:20:00,2019,11,19,15,20,75,75116,AVENUE KLEBER,48.869023,2.29158,Plein jour,En agglomération,Intersection en X,Normale,Deux véhicules - côté,4,2,3,0,1,1,1,0,1,50,2,2,1,0,0,1,69.0,42.0,deux_roues,voiture,1,2,2,1,3
201900012889,2019-11-20 16:15:00,2019,11,20,16,15,75,75115,RUE BRANCION,48.829683,2.301758,Plein jour,En agglomération,Intersection en Y,Normale,Deux véhicules - côté,4,2,2,0,1,1,1,0,1,30,2,2,1,0,0,1,30.0,45.0,deux_roues,utilitaire_camion,1,2,4,1,3
201900012890,2019-11-19 12:00:00,2019,11,19,12,0,75,75115,RUE EMERIAU,48.8487229,2.2852167,Plein jour,En agglomération,Intersection en T,Normale,Deux véhicules - côté,4,2,2,0,1,1,1,0,1,50,2,2,1,0,0,1,67.0,58.0,voiture,deux_roues,1,2,3,1,3
201900012891,2019-11-21 15:30:00,2019,11,21,15,30,75,75105,BOULEVARD DE PORT ROYAL,48.8383927,2.3420915,Plein jour,En agglomération,Intersection en T,Normale,Autre collision,4,2,4,-1,1,1,1,0,1,50,1,2,0,0,0,2,68.0,,deux_roues,,1,2,3,1,6
201900012892,2019-11-20 17:50:00,2019,11,20,17,50,75,75114,AVENUE DU DOCTEUR LANNELONGUE,48.8182036,2.332715,Nuit sans éclairage public,En agglomération,Intersection en X,Normale,Deux véhicules - côté,4,2,4,0,1,3,1,0,1,30,2,2,1,0,0,1,32.0,56.0,utilitaire_camion,deux_roues,3,2,2,1,3
201900012893,2019-11-21 11:50:00,2019,11,21,11,50,75,75113,BOULEVARD MASSENA,48.8201323,2.3646375,Plein jour,En agglomération,Intersection en T,Normale,Autre collision,4,2,4,0,1,1,1,0,1,50,2,1,0,0,0,1,45.0,,deux_roues,,1,2,3,1,6
201900012894,2019-11-21 10:23:00,2019,11,21,10,23,75,75113,BOULEVARD AUGUSTE BLANQUI,48.831105,2.344241,Plein jour,En agglomération,Intersection en X,Normale,Deux véhicules - côté,4,2,4,1,1,1,1,0,1,50,2,2,1,0,0,1,26.0,36.0,deux_roues,deux_roues,1,2,2,1,3
201900012895,2019-11-20 19:30:00,2019,11,20,19,30,75,75112,BOULEVARD DE REUILLY,48.8389329,2.3892712,Nuit avec éclairage allumé,En agglomération,Intersection en X,Normale,Deux véhicules - côté,4,2,4,-1,2,1,1,0,1,50,2,2,1,0,0,1,52.0,27.0,voiture,deux_roues,5,2,2,1,3