accident_id,datetime,annee,mois,jour,heure,minute,departement,commune_insee,adresse,latitude,longitude,luminosite,agglomeration,intersection,meteo,collision,catr,circ,nbv,vosp,prof,plan,surf,infra,situ,vma,nb_vehicules,nb_usagers,nb_indemnes,nb_tues,nb_blesses_hosp,nb_blesses_legers,age_cond_1,age_cond_2,veh_type_cond_1,veh_type_cond_2,lum_code,agg_code,int_code,atm_code,col_code
201900013077,2019-12-18 14:35:00,2019,12,18,14,35,59,59063,Rue Victor Watremez,50.142944,3.373232,Plein jour,Hors agglomération,Hors intersection,Temps éblouissant,Trois véhicules et plus - collisions multiples,3,2,2,0,1,1,1,0,1,70,3,4,2,0,2,0,32.0,55.0,voiture,utilitaire_camion,1,1,1,7,5
201900013078,2019-12-13 05:30:00,2019,12,13,5,30,13,13071,A55 - Sens Marseille vers Martigues,43.3990077,5.2900177,Nuit sans éclairage public,Hors agglomération,Hors intersection,Pluie légère,Sans collision,1,3,2,0,1,1,2,0,1,90,1,1,0,0,0,1,25.0,,voiture,,3,1,1,2,7
201900013079,2019-12-11 01:40:00,2019,12,11,1,40,13,13001,A51-Sens Aix en Provence vers Marseille,43.516483,5.428203,Nuit sans éclairage public,Hors agglomération,Hors intersection,Normale,Deux véhicules - arrière,1,1,2,0,1,3,1,0,1,90,2,3,1,0,2,0,42.0,88.0,voiture,voiture,3,1,1,1,2
201900013080,2019-12-18 01:20:00,2019,12,18,1,20,69,69290,A43   3.865 A 9.894,45.70324,4.9662,Nuit sans éclairage public,Hors agglomération,Hors intersection,Normale,Deux véhicules - arrière,1,3,4,0,1,1,1,0,1,90,2,4,2,0,0,2,22.0,39.0,utilitaire_camion,voiture,3,1,1,1,2
201900013081,2019-12-18 16:20:00,2019,12,18,16,20,33,33075,ROCADE A 630,44.88908,-0.59712,Plein jour,Hors agglomération,Hors intersection,Normale,Trois véhicules et plus - en chaîne,1,3,6,0,1,1,1,0,1,90,3,3,2,0,0,1,46.0,61.0,voiture,voiture,1,1,1,1,4
201900013082,2019-12-18 17:30:00,2019,12,18,17,30,33,33249,ROCADE A 630,44.88175,-0.52286,Plein jour,Hors agglomération,Hors intersection,Normale,Deux véhicules - arrière,1,3,6,0,1,1,1,0,1,90,2,2,1,0,0,1,30.0,48.0,voiture,deux_roues,1,1,1,1,2
201900013083,2019-12-17 13:05:00,2019,12,17,13,5,33,33167,ROUTE NATIONALE 230,44.82097,-0.51785,Plein jour,Hors agglomération,Hors intersection,Normale,Autre collision,2,3,6,0,1,3,1,3,2,90,1,2,0,0,0,2,20.0,,deux_roues,,1,1,1,1,6
201900013084,2019-12-17 22:35:00,2019,12,17,22,35,59,59507,AUTOROUTE A1,50.6,3.09,Nuit sans éclairage public,Hors agglomération,Hors intersection,Normale,Trois véhicules et plus - en chaîne,1,3,8,0,1,1,2,0,1,90,3,3,2,0,0,1,25.0,31.0,voiture,utilitaire_camion,3,1,1,1,4
201900013085,2019-12-18 20:45:00,2019,12,18,20,45,91,91477,AUTOROUTE A126,48.72122,2.25229,Nuit sans éclairage public,Hors agglomération,Hors intersection,Normale,Deux véhicules - arrière,1,2,2,0,1,1,1,0,1,70,2,2,1,0,0,1,52.0,63.0,deux_roues,voiture,3,1,1,1,2
201900013086,2019-12-18 16:25:00,2019,12,18,16,25,91,91589,AUTOROUTE A6,48.67872,2.33517,Plein jour,Hors agglomération,Hors intersection,Normale,Sans collision,1,1,3,0,1,1,1,0,1,110,1,1,0,0,0,1,39.0,,deux_roues,,1,1,1,1,7
201900013087,2019-12-18 17:38:00,2019,12,18,17,38,91,91340,RN 104,48.609778,2.441493,Nuit sans éclairage public,Hors agglomération,Hors intersection,Normale,Trois véhicules et plus - en chaîne,2,1,4,0,1,1,1,0,1,90,3,3,2,0,0,1,31.0,54.0,voiture,voiture,3,1,1,1,4
201900013088,2019-12-18 13:00:00,2019,12,18,13,0,91,91687,AUTOROUTE A6,48.66045,2.37194,Plein jour,Hors agglomération,Hors intersection,Normale,Deux véhicules - arrière,1,1,3,0,1,1,1,0,1,110,2,2,1,0,0,1,26.0,27.0,voiture,voiture,1,1,1,1,2
201900013089,2019-12-16 20:25:00,2019,12,16,20,25,91,91174,RN 104,48.61301,2.45079,Nuit sans éclairage public,Hors agglomération,Hors intersection,Normale,Deux véhicules - côté,2,1,3,0,1,1,1,0,1,110,2,1,0,0,0,1,37.0,,deux_roues,,3,1,1,1,3
201900013090,2019-12-17 08:50:00,2019,12,17,8,50,95,95018,AUTOROUTE A15,48.9597,2.2719,Plein jour,Hors agglomération,Hors intersection,Normale,Deux véhicules - côté,1,3,12,0,1,1,1,0,1,110,2,2,1,0,0,1,70.0,47.0,voiture,deux_roues,1,1,1,1,3
201900013091,2019-12-17 05:50:00,2019,12,17,5,50,95,95582,AUTOROUTE A15,48.96991,2.24973,Nuit avec éclairage non allumé,Hors agglomération,Hors intersection,Normale,Deux véhicules - côté,1,3,9,0,1,2,1,0,1,110,2,2,1,0,0,1,28.0,46.0,deux_roues,utilitaire_camion,4,1,1,1,3
201900013092,2019-12-16 18:15:00,2019,12,16,18,15,95,95212,AUTOROUTE A1,49.03016,2.5389,Nuit sans éclairage public,Hors agglomération,Hors intersection,Normale,Deux véhicules - arrière,1,3,7,0,1,1,2,0,1,90,2,2,1,0,0,1,23.0,21.0,voiture,utilitaire_camion,3,1,1,1,2
201900013093,2019-12-17 13:05:00,2019,12,17,13,5,94,94042,A4,48.82786,2.47105,Plein jour,Hors agglomération,Hors intersection,Normale,Trois véhicules et plus - en chaîne,1,1,1,0,1,1,1,0,1,90,3,3,2,0,0,1,58.0,25.0,voiture,voiture,1,1,1,1,4
201900013094,2019-12-14 22:50:00,2019,12,14,22,50,94,94069,A4,48.8172803,2.4288456,Nuit avec éclairage allumé,Hors agglomération,Hors intersection,Pluie légère,Trois véhicules et plus - en chaîne,1,3,5,0,1,1,2,0,1,90,3,4,3,0,0,1,56.0,29.0,voiture,voiture,5,1,1,2,4
201900013095,2019-10-18 15:00:00,2019,10,18,15,0,2,02381,24 Rue Thiers,49.92096,4.080444,Plein jour,En agglomération,Intersection en X,Normale,Deux véhicules - côté,4,1,1,0,1,1,1,0,1,50,2,2,1,0,1,0,80.0,20.0,voiture,voiture,1,2,2,1,3
201900013096,2019-12-30 11:40:00,2019,12,30,11,40,974,97416,ENTRE DEUX(route de l'),-21.30203,55.43231,Plein jour,Hors agglomération,Hors intersection,Pluie légère,Autre collision,3,2,2,0,1,1,2,0,1,50,1,2,1,0,1,0,22.0,,autre,,1,1,1,2,6
201900013097,2019-12-31 07:30:00,2019,12,31,7,30,69,69385,PETIT COLLEGE (DU)                  (PL),45.76356,4.82761,Crépuscule ou aube,En agglomération,Hors intersection,Normale,Deux véhicules - arrière,4,1,1,0,2,1,1,0,1,30,2,2,1,0,0,1,48.0,46.0,utilitaire_camion,utilitaire_camion,2,2,1,1,2
201900013098,2019-12-31 07:45:00,2019,12,31,7,45,2B,2B037,TOUTES RUES,42.59593,9.44213,Plein jour,Hors agglomération,Intersection en T,Normale,Deux véhicules - côté,4,2,2,0,1,1,1,0,1,50,2,4,1,0,0,3,26.0,45.0,voiture,voiture,1,1,3,1,3
201900013099,2019-12-31 13:35:00,2019,12,31,13,35,91,91027,MITTERAND (AVENUE FRANCOIS) N° 2 A 110,48.70223,2.37171,Plein jour,En agglomération,Hors intersection,Normale,Trois véhicules et plus - collisions multiples,2,2,4,0,1,1,1,0,1,50,3,3,2,0,0,1,40.0,31.0,voiture,voiture,1,2,1,1,5
201900013100,2019-12-31 12:10:00,2019,12,31,12,10,77,77040,BEAUSSE(AVENUE DU CHEVALIER DE),48.52591,2.5788,Plein jour,En agglomération,Hors intersection,Normale,Autre collision,4,2,2,0,2,1,1,0,4,50,1,1,0,0,1,0,92.0,,voiture,,1,2,1,1,6
201900013101,2019-12-31 08:40:00,2019,12,31,8,40,62,62108,VILLES JUMELEES,50.41111,1.59438,Plein jour,En agglomération,Giratoire,Normale,Autre collision,3,2,1,0,1,1,1,5,1,50,1,3,2,0,1,0,81.0,,voiture,,1,2,6,1,6
201900013102,2019-12-31 15:10:00,2019,12,31,15,10,37,37122,CHINON (BOULEVARD DE),47.3524895,0.6883621,Plein jour,En agglomération,Hors intersection,Brouillard / fumée,Autre collision,4,1,1,1,1,1,1,5,5,50,2,2,1,0,0,1,55.0,32.0,voiture,deux_roues,1,2,1,5,6
201900013103,2019-12-31 21:00:00,2019,12,31,21,0,17,17291,RN 11,46.1788746,-1.097753,Nuit sans éclairage public,Hors agglomération,Hors intersection,Normale,Deux véhicules - arrière,2,3,4,0,1,1,2,0,1,90,2,3,1,0,0,2,81.0,21.0,voiture,voiture,3,1,1,1,2
201900013104,2019-12-23 11:15:00,2019,12,23,11,15,13,13208,PRADO (AVENUE DU),43.2819,5.3856,Plein jour,En agglomération,Hors intersection,Normale,Sans collision,4,1,1,0,1,1,1,0,1,30,1,2,1,0,0,1,73.0,,voiture,,1,2,1,1,7
201900013105,2019-12-18 16:35:00,2019,12,18,16,35,988,98812,R.P.N.8,-20.534443,164.251123,Plein jour,Hors agglomération,Hors intersection,Normale,Autre collision,3,2,2,0,3,1,1,0,3,70,1,3,0,2,0,1,57.0,,voiture,,1,1,1,1,6
201900013106,2019-12-10 08:00:00,2019,12,10,8,0,29,29095,N12,48.463456,-4.349776,Crépuscule ou aube,Hors agglomération,Hors intersection,Pluie légère,Deux véhicules - arrière,2,3,4,0,1,1,2,0,1,110,2,3,1,0,0,2,67.0,26.0,voiture,voiture,2,1,1,2,2
201900013107,2019-12-31 16:40:00,2019,12,31,16,40,59,59594,Rue Jean Baptiste Lebas,50.484191,3.455472,Crépuscule ou aube,En agglomération,Hors intersection,Temps couvert,Autre collision,3,2,2,0,1,2,1,0,3,50,1,1,0,0,1,0,42.0,,voiture,,2,2,1,8,6
201900013108,2019-12-19 19:10:00,2019,12,19,19,10,82,82149,Chemin de Marieu,44.119007,1.494681,Nuit sans éclairage public,En agglomération,Hors intersection,Normale,Sans collision,4,2,2,0,2,1,1,0,3,50,1,1,0,0,1,0,49.0,,voiture,,3,2,1,1,7
201900013109,2019-12-31 19:25:00,2019,12,31,19,25,49,49218,Allee de l'Ecusson,47.265183,-1.040839,Nuit avec éclairage allumé,En agglomération,Hors intersection,Pluie légère,Deux véhicules - côté,4,2,2,0,2,1,2,5,1,50,2,3,1,0,0,2,25.0,16.0,voiture,deux_roues,5,2,1,2,3
201900013110,2019-12-07 09:11:00,2019,12,7,9,11,47,47167,Bacala,44.080222,0.27809,Plein jour,Hors agglomération,Hors intersection,Normale,Deux véhicules - côté,3,2,2,0,3,1,1,0,1,80,2,2,1,0,0,1,21.0,75.0,voiture,voiture,1,1,1,1,3
201900013111,2019-12-17 17:45:00,2019,12,17,17,45,15,15258,Avenue Max Mabit Fournier,44.977353,2.620146,Crépuscule ou aube,En agglomération,Giratoire,Normale,Autre collision,3,2,2,0,1,3,1,9,1,50,1,2,1,0,1,0,45.0,,voiture,,2,2,6,1,6
201900013112,2019-12-18 18:05:00,2019,12,18,18,5,85,85084,Rue des Sables,46.76828,-1.23296,Nuit avec éclairage allumé,En agglomération,Giratoire,Normale,Autre collision,3,2,2,0,1,1,1,0,1,50,1,2,1,0,1,0,63.0,,voiture,,5,2,6,1,6
201900013113,2019-12-31 00:50:00,2019,12,31,0,50,68,68294,N59,48.259587,7.231431,Nuit avec éclairage non allumé,Hors agglomération,Hors intersection,Brouillard / fumée,Autre collision,2,2,3,0,2,1,7,2,1,90,1,2,1,0,1,0,67.0,,voiture,,4,1,1,5,6
201900013114,2019-12-31 20:55:00,2019,12,31,20,55,54,54019,D104,48.821704,5.8315447,Nuit sans éclairage public,Hors agglomération,Hors intersection,Temps couvert,Sans collision,3,2,2,0,1,3,7,0,1,80,1,2,0,0,1,1,19.0,,voiture,,3,1,1,8,7
201900013115,2019-12-19 14:00:00,2019,12,19,14,0,73,73155,D211 Route de la Fruitiere,45.6392427,5.9335673,Plein jour,Hors agglomération,Hors intersection,Normale,Sans collision,3,2,2,0,2,1,1,0,3,80,1,1,0,0,1,0,28.0,,deux_roues,,1,1,1,1,7
201900013116,2019-12-30 17:30:00,2019,12,30,17,30,85,85106,Rue du Petit Franc,46.96762,-2.25656,Crépuscule ou aube,Hors agglomération,Intersection en X,Normale,Deux véhicules - côté,3,2,2,1,1,1,1,0,1,70,2,2,1,0,1,0,23.0,77.0,deux_roues,voiture,2,1,2,1,3
201900013117,2019-12-04 15:34:00,2019,12,4,15,34,60,60612,Chaussée Brunehaut,49.207029,2.597371,Plein jour,Hors agglomération,Autre intersection,Normale,Autre collision,4,-1,2,0,1,1,1,0,1,50,1,2,1,0,1,0,40.0,,voiture,,1,1,9,1,6
201900013118,2019-12-31 21:40:00,2019,12,31,21,40,91,91136,RD 188,48.71069,2.26327,Nuit sans éclairage public,Hors agglomération,Hors intersection,Normale,Deux véhicules - côté,3,2,2,0,2,1,1,0,1,70,2,3,2,0,0,1,64.0,79.0,utilitaire_camion,voiture,3,1,1,1,3
201900013119,2019-12-31 23:30:00,2019,12,31,23,30,91,91645,RN 385 INT,48.75992,2.26304,Nuit sans éclairage public,Hors agglomération,Hors intersection,Normale,Deux véhicules - arrière,2,3,6,0,1,1,1,0,1,90,2,2,1,0,0,1,37.0,18.0,voiture,voiture,3,1,1,1,2
201900013120,2019-10-08 11:43:00,2019,10,8,11,43,91,91692,CHAMPS LASNIERS (AVENUE),48.685502,2.169884,Plein jour,En agglomération,Hors intersection,Pluie légère,Autre collision,9,2,2,0,1,1,1,6,1,50,1,1,0,0,0,1,,,,,1,2,1,2,6
201900013121,2019-12-31 13:00:00,2019,12,31,13,0,972,97209,RD 41 (ROCADE),14.61434,-61.04994,Plein jour,En agglomération,Hors intersection,Normale,Deux véhicules - côté,3,2,6,0,1,1,1,0,1,80,2,3,1,0,0,2,24.0,43.0,deux_roues,voiture,1,2,1,1,3
201900013122,2019-12-20 18:14:00,2019,12,20,18,14,972,97209,PAUL NARDAL (AVENUE),14.609718,-61.073368,Crépuscule ou aube,En agglomération,Hors intersection,Normale,Autre collision,2,1,2,0,1,1,1,0,1,50,1,1,0,1,0,0,44.0,,deux_roues,,2,2,1,1,6
201900013123,2019-12-30 12:50:00,2019,12,30,12,50,972,97209,RELIGIEUSES (ROUTE DES),14.615769,-61.0585,Plein jour,En agglomération,Hors intersection,Normale,Deux véhicules - côté,3,2,2,0,1,1,1,0,1,50,2,3,1,0,0,2,34.0,53.0,utilitaire_camion,voiture,1,2,1,1,3
201900013124,2019-12-31 18:37:00,2019,12,31,18,37,972,97209,RELIGIEUSES (ROUTE DES),14.61449,-61.05916,Nuit avec éclairage allumé,En agglomération,Intersection en T,Normale,Deux véhicules - côté,4,2,2,0,1,1,1,0,1,50,2,2,0,0,1,1,37.0,30.0,utilitaire_camion,deux_roues,5,2,3,1,3
201900013125,2019-12-31 16:00:00,2019,12,31,16,0,69,69034,JEAN PETIT                          (CH),45.80553,4.85895,Plein jour,En agglomération,Autre intersection,Brouillard / fumée,Deux véhicules - côté,4,-1,3,0,1,1,1,5,1,50,2,3,2,0,0,1,41.0,72.0,transport_commun,voiture,1,2,9,5,3
201900013126,2019-12-30 21:40:00,2019,12,30,21,40,971,97101,RN1 ROCADE DE CHAUVEL,16.23626,-61.52314,Nuit avec éclairage allumé,Hors agglomération,Hors intersection,Normale,Deux véhicules - arrière,2,1,3,0,3,1,1,0,1,90,2,3,2,1,0,0,56.0,57.0,voiture,voiture,5,1,1,1,2
201900013127,2019-12-28 16:25:00,2019,12,28,16,25,95,95210,MALLEVILLE (RUE DE),48.967,2.30465,Plein jour,En agglomération,Intersection en T,Normale,Deux véhicules - côté,4,2,2,0,1,1,1,0,1,50,2,2,1,0,1,0,56.0,33.0,deux_roues,voiture,1,2,3,1,3
201900013128,2019-12-30 18:30:00,2019,12,30,18,30,91,91223,LIBECCIO (RUE DU),48.43512,2.14102,Nuit avec éclairage allumé,En agglomération,Hors intersection,Normale,Autre collision,4,2,2,0,1,1,1,0,1,50,1,2,1,0,0,1,56.0,,voiture,,5,2,1,1,6
201900013129,2019-12-31 12:47:00,2019,12,31,12,47,87,87065,VALIN (AVENUE MARTIAL),45.81465,1.31764,Plein jour,En agglomération,Hors intersection,Normale,Deux véhicules - arrière,3,2,2,0,1,1,1,0,1,50,2,3,2,0,0,1,64.0,31.0,voiture,voiture,1,2,1,1,2
201900013130,2019-12-28 15:12:00,2019,12,28,15,12,87,87048,VERSANAS (LIEU DIT),45.784912,1.233601,Plein jour,En agglomération,Intersection en X,Normale,Deux véhicules - côté,3,2,2,0,1,1,1,0,1,50,2,2,1,0,0,1,14.0,52.0,deux_roues,deux_roues,1,2,2,1,3
201900013131,2019-12-29 19:47:00,2019,12,29,19,47,87,87085,CARNOT (PLACE SADI),45.84022,1.25777,Crépuscule ou aube,En agglomération,Intersection en X,Normale,Deux véhicules - côté,4,1,2,0,1,2,1,5,1,50,2,2,1,0,0,1,34.0,24.0,voiture,deux_roues,2,2,2,1,3
201900013132,2019-12-30 09:50:00,2019,12,30,9,50,83,83069,THOMAS (AVENUE AMBROISE),43.1126,6.13301,Plein jour,En agglomération,Intersection en T,Normale,Sans collision,4,2,1,0,1,1,1,0,1,50,1,2,1,0,0,1,77.0,,voiture,,1,2,3,1,7
201900013133,2019-12-30 02:30:00,2019,12,30,2,30,78,78646,SAINT CYR (ROUTE DE),48.8021,2.11561,Nuit sans éclairage public,Hors agglomération,Hors intersection,Normale,Autre collision,3,2,3,0,1,1,1,0,1,70,1,1,0,0,1,0,22.0,,deux_roues,,3,1,1,1,6
201900013134,2019-12-27 17:00:00,2019,12,27,17,0,78,78646,MARECHAL FOCH (RUE DU),48.81182,2.13522,Nuit avec éclairage allumé,En agglomération,Intersection en X,Normale,Trois véhicules et plus - collisions multiples,4,2,2,0,1,1,1,5,1,30,3,3,2,0,0,1,16.0,28.0,deux_roues,transport_commun,5,2,2,1,5
201900013135,2019-12-31 11:10:00,2019,12,31,11,10,77,77533,CENTRE COMMERCIAL-HERICY (ROUTE D'),48.43278,2.75313,Plein jour,En agglomération,Hors intersection,Normale,Autre collision,6,-1,0,0,1,1,1,0,1,30,1,2,1,0,0,1,38.0,,voiture,,1,2,1,1,6
201900013136,2019-12-30 14:25:00,2019,12,30,14,25,76,76270,LOUIS LUMIERE,49.5566,0.1258,Plein jour,Hors agglomération,Hors intersection,Normale,Deux véhicules - arrière,4,2,2,0,1,1,1,0,1,70,2,2,1,0,1,0,21.0,26.0,deux_roues,deux_roues,1,1,1,1,2
201900013137,2019-12-27 17:00:00,2019,12,27,17,0,76,76351,MARECHAL JOFFRE (RUE),49.49998,0.12749,Plein jour,En agglomération,Hors intersection,Normale,Deux véhicules - côté,4,2,2,0,1,1,1,0,1,50,2,2,1,0,1,0,34.0,49.0,voiture,deux_roues,1,2,1,1,3
201900013138,2019-12-30 16:55:00,2019,12,30,16,55,72,72181,MONTHEARD (RUE DE),47.99708,0.21726,Plein jour,En agglomération,Hors intersection,Normale,Autre collision,7,2,3,2,2,1,1,0,1,50,1,2,1,0,0,1,56.0,,voiture,,1,2,1,1,6
201900013139,2019-12-29 17:00:00,2019,12,29,17,0,72,72181,RHIN ET DANUBE (AV) N° PAIRS 194 A 338,48.02842,0.18037,Plein jour,En agglomération,Giratoire,Normale,Deux véhicules - côté,4,3,4,0,3,3,1,5,1,50,2,2,1,0,0,1,44.0,35.0,voiture,deux_roues,1,2,6,1,3
201900013140,2019-12-16 19:00:00,2019,12,16,19,0,67,67482,MULLENHEIM (QUAI),48.58622,7.7604,Nuit avec éclairage allumé,En agglomération,Hors intersection,Normale,Deux véhicules - côté,4,1,2,1,1,1,1,0,1,30,2,2,1,0,0,1,49.0,62.0,deux_roues,voiture,5,2,1,1,3
201900013141,2019-12-16 13:50:00,2019,12,16,13,50,67,67482,HOCHFELDEN (RUE DE),48.60289,7.7217,Plein jour,En agglomération,Intersection en T,Normale,Deux véhicules - côté,4,2,4,0,1,1,1,0,1,50,2,2,1,0,0,1,34.0,30.0,voiture,voiture,1,2,3,1,3
201900013142,2019-12-16 09:07:00,2019,12,16,9,7,67,67482,ETOILE (PLACE DE L ),48.573279,7.75393,Plein jour,En agglomération,Hors intersection,Normale,Deux véhicules - côté,4,1,4,0,1,1,1,1,1,70,2,2,1,0,0,1,57.0,32.0,utilitaire_camion,voiture,1,2,1,1,3
201900013143,2019-12-16 07:45:00,2019,12,16,7,45,67,67482,WANTZENAU (RTE DE LA),48.60535,7.77804,Crépuscule ou aube,En agglomération,Hors intersection,Normale,Autre collision,4,2,2,0,1,1,1,0,1,50,1,2,0,0,1,1,23.0,,deux_roues,,2,2,1,1,6
201900013144,2019-12-15 23:38:00,2019,12,15,23,38,67,67482,ABBE LEMIRE (RUE DE L ),48.580649,7.7231705,Nuit avec éclairage allumé,En agglomération,Intersection en T,Pluie légère,Deux véhicules - côté,7,2,3,0,1,1,2,0,1,50,2,2,1,0,0,1,38.0,38.0,deux_roues,voiture,5,2,3,2,3
201900013145,2019-12-17 20:55:00,2019,12,17,20,55,64,64335,JOSEPH CUGNOT,43.31914,-0.43115,Nuit avec éclairage allumé,En agglomération,Intersection en T,Normale,Deux véhicules - côté,4,2,2,0,1,1,2,0,1,50,2,3,2,0,0,1,18.0,30.0,voiture,deux_roues,5,2,3,1,3
201900013146,2019-12-29 10:46:00,2019,12,29,10,46,63,63113,BLANZAT (RUE DE),45.79598,3.08544,Plein jour,En agglomération,Hors intersection,Brouillard / fumée,Autre collision,4,2,2,0,1,1,1,0,1,50,1,1,0,0,1,0,70.0,,voiture,,1,2,1,5,6
201900013147,2019-12-30 11:40:00,2019,12,30,11,40,62,62617,ROUTE NATIONALE (CD 937),50.481313,2.661223,Plein jour,En agglomération,Intersection en X,Temps éblouissant,Autre collision,3,2,2,0,1,1,1,5,1,50,1,2,1,0,1,0,21.0,,voiture,,1,2,2,7,6
201900013148,2019-12-12 18:30:00,2019,12,12,18,30,62,62427,PERI (BD GABRIEL),50.25101,2.56396,Nuit avec éclairage allumé,En agglomération,Hors intersection,Pluie légère,Autre collision,4,2,3,0,1,1,2,9,1,50,1,1,0,0,0,1,,,,,5,2,1,2,6
201900013149,2019-12-31 18:15:00,2019,12,31,18,15,59,59599,PAPIN (CHAUSSEE DENIS),50.73053,3.13982,Nuit avec éclairage allumé,En agglomération,Hors intersection,Normale,Deux véhicules - côté,4,3,6,3,1,1,1,0,1,50,2,4,1,0,0,3,20.0,27.0,voiture,voiture,5,2,1,1,3
201900013150,2019-12-31 22:20:00,2019,12,31,22,20,59,59512,NATIONS UNIES (AVENUE DES),50.69594,3.16863,Nuit avec éclairage allumé,En agglomération,Hors intersection,Normale,Autre collision,7,2,4,1,1,1,2,5,1,50,1,2,0,1,0,1,45.0,,utilitaire_camion,,5,2,1,1,6
201900013151,2019-12-28 02:45:00,2019,12,28,2,45,54,54498,SAINT LAMBERT (RUE),48.716122,6.264576,Nuit avec éclairage allumé,En agglomération,Hors intersection,Normale,Autre collision,4,2,2,0,1,1,1,0,1,50,1,1,0,0,0,1,,,,,5,2,1,1,6
201900013152,2019-12-29 19:20:00,2019,12,29,19,20,54,54395,COLLIGNON (Avenue et Pont),48.688417,6.200163,Crépuscule ou aube,Hors agglomération,Hors intersection,Normale,Sans collision,4,1,2,0,1,1,1,0,1,50,1,1,0,0,0,1,,,,,2,1,1,1,7
201900013153,2019-12-30 16:10:00,2019,12,30,16,10,54,54184,BRIGACHTAL (AVENUE DE),48.708026,6.243114,Plein jour,En agglomération,Giratoire,Normale,Sans collision,4,1,2,0,1,1,1,0,1,50,1,2,1,0,1,0,46.0,,voiture,,1,2,6,1,7
201900013154,2019-12-30 15:55:00,2019,12,30,15,55,49,49007,RONCERAY BOULEVARD,47.47475,-0.55978,Plein jour,En agglomération,Hors intersection,Normale,Deux véhicules - frontale,4,-1,1,0,1,1,1,0,1,30,2,2,1,0,0,1,21.0,19.0,deux_roues,voiture,1,2,1,1,1
201900013155,2019-12-03 13:02:00,2019,12,3,13,2,42,42186,FLEURDELIX QUAI,45.528847,4.617305,Plein jour,En agglomération,Hors intersection,Normale,Autre collision,4,2,2,0,1,1,1,0,1,50,1,2,1,0,0,1,18.0,,voiture,,1,2,1,1,6
201900013156,2019-12-28 18:30:00,2019,12,28,18,30,38,38169,BERTHOIN (RUE J.),45.19885,5.68223,Nuit avec éclairage allumé,En agglomération,Intersection en T,Normale,Autre collision,7,2,2,0,1,1,1,0,1,50,1,2,1,0,1,0,19.0,,voiture,,5,2,3,1,6
201900013157,2019-12-31 17:10:00,2019,12,31,17,10,37,37261,WAGNER (BOULEVARD RICHARD),47.37399,0.69547,Nuit sans éclairage public,En agglomération,Hors intersection,Normale,Deux véhicules - arrière,4,2,2,0,1,1,1,1,1,50,2,3,2,0,0,1,21.0,65.0,voiture,voiture,3,2,1,1,2
201900013158,2019-12-23 12:20:00,2019,12,23,12,20,34,34108,RESISTANCE (AVENUE DE LA),43.45171,3.75874,Plein jour,En agglomération,Hors intersection,Normale,Deux véhicules - côté,4,2,2,0,1,1,1,0,1,30,2,2,1,0,1,0,55.0,42.0,voiture,deux_roues,1,2,1,1,3
201900013159,2019-12-19 21:00:00,2019,12,19,21,0,34,34301,LECLERC PHILIPPE MARECHAL (PROMENADE),43.39267,3.69099,Nuit sans éclairage public,En agglomération,Hors intersection,Pluie légère,Deux véhicules - frontale,3,2,2,0,1,1,2,0,1,50,2,3,0,0,2,1,19.0,47.0,voiture,voiture,3,2,1,2,1
201900013160,2019-12-30 19:05:00,2019,12,30,19,5,34,34172,CASTELNAU JUSTICE DE,43.6267644,3.889422,Nuit avec éclairage allumé,En agglomération,Autre intersection,Normale,Autre collision,4,2,2,0,1,1,1,0,1,50,1,3,1,0,2,0,40.0,,voiture,,5,2,9,1,6
201900013161,2019-12-24 16:45:00,2019,12,24,16,45,34,34172,CARRIEU (RUE MARIUS),43.6172475,3.8427052,Plein jour,En agglomération,Hors intersection,Normale,Trois véhicules et plus - en chaîne,4,2,0,0,2,1,1,0,1,50,3,3,2,0,0,1,20.0,36.0,voiture,voiture,1,2,1,1,4
201900013162,2019-12-30 09:40:00,2019,12,30,9,40,34,34129,CENTRE COMMERCIAL CARREFOUR,43.5827496,3.9273173,Plein jour,En agglomération,Hors intersection,Normale,Autre collision,6,-1,0,0,1,1,1,8,4,30,1,3,1,0,1,1,40.0,,utilitaire_camion,,1,2,1,1,6
201900013163,2019-12-18 17:05:00,2019,12,18,17,5,33,33200,AVE DE MAGUDAS,44.8608,-0.69215,Plein jour,En agglomération,Intersection en T,Normale,Autre collision,4,3,4,2,1,1,1,0,1,50,1,2,1,0,0,1,56.0,,deux_roues,,1,2,3,1,6
201900013164,2019-12-17 10:00:00,2019,12,17,10,0,33,33039,Parking centre commercial rives d'Arcins,44.79483,-0.53178,Plein jour,En agglomération,Hors intersection,Normale,Autre collision,6,-1,-1,0,1,2,1,0,1,20,1,2,1,0,0,1,66.0,,voiture,,1,2,1,1,6
201900013165,2019-12-31 00:20:00,2019,12,31,0,20,33,33550,AVE PIERRE PROUDHON,44.78426,-0.58606,Nuit avec éclairage allumé,En agglomération,Hors intersection,Normale,Autre collision,4,3,6,2,1,1,1,0,1,50,1,2,1,0,0,1,20.0,,voiture,,5,2,1,1,6
201900013166,2019-12-31 11:30:00,2019,12,31,11,30,31,31555,BD FLORENCE ARTHAUD,43.65194,1.45794,Plein jour,En agglomération,Hors intersection,Normale,Deux véhicules - côté,4,2,4,0,1,1,1,0,1,50,2,2,1,0,1,0,30.0,67.0,deux_roues,voiture,1,2,1,1,3