accident_id,datetime,annee,mois,jour,heure,minute,departement,commune_insee,adresse,latitude,longitude,luminosite,agglomeration,intersection,meteo,collision,catr,circ,nbv,vosp,prof,plan,surf,infra,situ,vma,nb_vehicules,nb_usagers,nb_indemnes,nb_tues,nb_blesses_hosp,nb_blesses_legers,age_cond_1,age_cond_2,veh_type_cond_1,veh_type_cond_2,lum_code,agg_code,int_code,atm_code,col_code
201900013442,2019-03-18 15:30:00,2019,3,18,15,30,26,26339,AUTOROUTE A7,44.61323,4.79277,Plein jour,Hors agglomération,Hors intersection,Normale,Deux véhicules - côté,1,1,3,0,1,1,1,0,1,130,2,3,1,0,0,2,66.0,43.0,voiture,utilitaire_camion,1,1,1,1,3
201900013443,2019-03-07 07:58:00,2019,3,7,7,58,1,01398,D904,46.000799,4.847062,Crépuscule ou aube,En agglomération,Intersection en X,Temps couvert,Deux véhicules - côté,3,2,2,0,1,1,2,0,1,50,2,2,1,0,0,1,18.0,70.0,deux_roues,voiture,2,2,2,8,3
201900013444,2019-03-16 18:05:00,2019,3,16,18,5,1,01347,D933,45.955253,4.754946,Crépuscule ou aube,Hors agglomération,Giratoire,Normale,Deux véhicules - côté,3,1,2,0,1,2,1,0,1,50,2,2,1,0,1,0,48.0,66.0,deux_roues,voiture,2,1,6,1,3
201900013445,2019-03-19 12:10:00,2019,3,19,12,10,6,06137,RD 4,43.655984,6.851446,Plein jour,Hors agglomération,Hors intersection,Normale,Sans collision,3,2,2,0,2,3,1,0,3,70,1,1,0,0,1,0,70.0,,deux_roues,,1,1,1,1,7
201900013446,2019-03-16 15:09:00,2019,3,16,15,9,6,06033,1027 Route de la ginestière,43.782444,7.181201,Plein jour,En agglomération,Hors intersection,Normale,Deux véhicules - côté,4,2,2,0,2,3,1,0,1,50,2,4,1,0,0,3,66.0,,transport_commun,,1,2,1,1,3
201900013447,2019-03-17 10:00:00,2019,3,17,10,0,50,50087,RN 13 - PR 47.880 - SENS CHERBOURG / CAEN,49.564926,-1.56974,Plein jour,Hors agglomération,Hors intersection,Neige / grêle,Autre collision,2,3,4,0,2,3,2,0,3,110,1,4,3,0,1,0,34.0,,utilitaire_camion,,1,1,1,4,6
201900013448,2019-03-20 11:45:00,2019,3,20,11,45,56,56013,Rue Général de Gaulle,47.675738,-3.168157,Plein jour,En agglomération,Giratoire,Normale,Sans collision,3,2,2,0,1,1,1,5,1,50,1,1,0,1,0,0,54.0,,voiture,,1,2,6,1,7
201900013449,2019-03-18 01:00:00,2019,3,18,1,0,65,65007,RD935,43.3155732,0.0691175,Nuit sans éclairage public,Hors agglomération,Hors intersection,Pluie légère,Autre collision,3,2,2,0,1,1,1,0,1,80,1,1,0,0,1,0,30.0,,voiture,,3,1,1,2,6
201900013450,2019-03-19 18:00:00,2019,3,19,18,0,33,33289,lieu dit douat - D 234,44.64435,0.10396,Plein jour,Hors agglomération,Hors intersection,Normale,Deux véhicules - côté,3,2,2,0,1,1,2,0,1,80,2,2,0,0,2,0,30.0,42.0,voiture,voiture,1,1,1,1,3
201900013451,2019-03-14 08:55:00,2019,3,14,8,55,61,61294,grande rue,48.639153,0.08009,Plein jour,En agglomération,Intersection en X,Normale,Deux véhicules - côté,3,2,2,0,1,1,1,0,1,50,2,3,1,0,0,2,51.0,33.0,voiture,voiture,1,2,2,1,3
201900013452,2019-03-19 13:00:00,2019,3,19,13,0,42,42302,avenue anthony barralon,45.485635,4.449517,Plein jour,En agglomération,Intersection en T,Normale,Deux véhicules - côté,3,2,2,0,2,1,1,0,1,50,2,2,1,0,1,0,54.0,54.0,voiture,deux_roues,1,2,3,1,3
201900013453,2019-03-20 07:45:00,2019,3,20,7,45,29,29160,Kerstrat,48.501452,-4.4432434,Plein jour,Hors agglomération,Hors intersection,Pluie légère,Deux véhicules - frontale,4,2,2,0,1,2,2,0,1,70,2,2,0,0,1,1,42.0,21.0,voiture,voiture,1,1,1,2,1
201900013454,2019-03-20 18:37:00,2019,3,20,18,37,2,02543,départementale 4,49.165228,3.249622,Plein jour,Hors agglomération,Hors intersection,Normale,Autre collision,3,2,2,0,1,1,1,0,3,80,1,1,0,1,0,0,24.0,,deux_roues,,1,1,1,1,6
201900013455,2019-03-19 23:00:00,2019,3,19,23,0,2,02601,D 966,49.397019,4.039975,Nuit sans éclairage public,Hors agglomération,Hors intersection,Normale,Deux véhicules - frontale,3,2,2,0,2,1,1,0,1,80,2,4,1,1,0,2,19.0,65.0,deux_roues,voiture,3,1,1,1,1
201900013456,2019-03-20 06:53:00,2019,3,20,6,53,1,01199,D1084 - Les Brotteaux,46.058195,5.386082,Crépuscule ou aube,Hors agglomération,Intersection à plus de 4 branches,Normale,Deux véhicules - côté,3,2,2,3,1,3,1,5,1,80,2,2,0,0,1,1,42.0,23.0,utilitaire_camion,voiture,2,1,5,1,3
201900013457,2019-03-11 17:30:00,2019,3,11,17,30,72,72320,RD 338,48.058254,0.17458,Plein jour,Hors agglomération,Hors intersection,Normale,Trois véhicules et plus - collisions multiples,3,2,2,0,2,2,1,0,1,80,3,4,3,0,1,0,48.0,24.0,voiture,voiture,1,1,1,1,5
201900013458,2019-03-20 17:50:00,2019,3,20,17,50,14,14578,Chemin de la Mue,49.3636385,0.195702,Plein jour,Hors agglomération,Hors intersection,Normale,Deux véhicules - côté,3,2,2,0,1,1,1,0,1,70,2,2,1,1,0,0,25.0,38.0,deux_roues,utilitaire_camion,1,1,1,1,3
201900013459,2019-03-06 19:45:00,2019,3,6,19,45,60,60686,D92,49.2057811,2.3886366,Nuit sans éclairage public,Hors agglomération,Intersection en X,Normale,Trois véhicules et plus - en chaîne,3,2,2,0,1,1,1,0,1,80,3,3,2,0,0,1,19.0,23.0,voiture,voiture,3,1,2,1,4
201900013460,2019-03-19 14:15:00,2019,3,19,14,15,45,45175,intersection RD15-RD7,47.749515,1.812234,Plein jour,En agglomération,Giratoire,Normale,Deux véhicules - côté,3,2,2,0,1,2,1,5,1,50,2,3,2,0,0,1,60.0,42.0,deux_roues,voiture,1,2,6,1,3
201900013461,2019-03-19 14:30:00,2019,3,19,14,30,18,18281,"D30, route de Foecy",47.188462,2.170385,Plein jour,Hors agglomération,Hors intersection,Normale,Sans collision,3,4,2,0,2,1,9,8,1,80,1,1,0,0,1,0,73.0,,deux_roues,,1,1,1,1,7
201900013462,2019-03-19 20:35:00,2019,3,19,20,35,18,18049,Lieu-dit les grenouilles,47.160566,3.008722,Nuit sans éclairage public,Hors agglomération,Hors intersection,Normale,Deux véhicules - frontale,3,2,2,0,1,1,1,0,1,80,2,2,0,1,0,1,25.0,66.0,voiture,utilitaire_camion,3,1,1,1,1
201900013463,2019-03-20 13:47:00,2019,3,20,13,47,4,04138,RD 4100,43.9381313,5.8252591,Plein jour,Hors agglomération,Hors intersection,Normale,Deux véhicules - frontale,3,2,2,0,1,3,1,0,1,80,2,2,0,1,0,1,53.0,46.0,voiture,deux_roues,1,1,1,1,1
201900013464,2019-03-20 11:43:00,2019,3,20,11,43,973,97307,Route de Stoupan,4.7845117,-52.3484105,Plein jour,Hors agglomération,Intersection en T,Normale,Trois véhicules et plus - collisions multiples,3,2,2,0,3,1,1,0,1,80,3,4,3,0,0,1,39.0,45.0,deux_roues,voiture,1,1,3,1,5
201900013465,2019-03-19 16:46:00,2019,3,19,16,46,17,17038,RN 10,45.194089,-0.31015,Plein jour,Hors agglomération,Hors intersection,Normale,Trois véhicules et plus - en chaîne,2,3,4,0,1,1,1,0,1,80,4,4,3,0,0,1,24.0,48.0,utilitaire_camion,utilitaire_camion,1,1,1,1,4
201900013466,2019-03-19 07:30:00,2019,3,19,7,30,86,86174,Entre Bretelle sortie A10 Chatellerault Sud et D910,46.775027,0.511123,Crépuscule ou aube,Hors agglomération,Hors intersection,Brouillard / fumée,Deux véhicules - frontale,1,2,2,0,1,3,2,0,1,50,2,3,2,0,0,1,27.0,19.0,voiture,voiture,2,1,1,5,1
201900013467,2019-03-19 12:15:00,2019,3,19,12,15,971,97103,boulevard mahatma ghandi jarry  rn 10,16.249182,-61.590325,Plein jour,Hors agglomération,Hors intersection,Normale,Deux véhicules - arrière,2,3,4,0,2,1,1,0,1,70,2,2,1,0,1,0,62.0,39.0,voiture,deux_roues,1,1,1,1,2
201900013468,2019-03-19 23:50:00,2019,3,19,23,50,27,27091,autoroute  A 13 PK 129.800 vers Caen,49.363798,0.835409,Nuit sans éclairage public,Hors agglomération,Hors intersection,Normale,Deux véhicules - côté,1,2,3,0,1,1,1,0,1,130,2,3,2,0,1,0,70.0,38.0,voiture,voiture,3,1,1,1,3
201900013469,2019-03-20 15:00:00,2019,3,20,15,0,988,98809,tribu de Youati - RM 3,-22.642,167.49331,Plein jour,Hors agglomération,Intersection en T,Normale,Trois véhicules et plus - collisions multiples,4,2,2,-1,-1,1,1,0,1,50,3,13,10,1,1,1,42.0,32.0,voiture,utilitaire_camion,1,1,3,1,5
201900013470,2019-03-20 08:38:00,2019,3,20,8,38,13,13030,,43.266388,5.731929,Plein jour,Hors agglomération,Hors intersection,Normale,Deux véhicules - frontale,3,2,2,0,2,3,1,0,1,80,2,3,2,1,0,0,27.0,58.0,deux_roues,voiture,1,1,1,1,1
201900013471,2019-03-19 20:00:00,2019,3,19,20,0,68,68028,Route de Sélestat,48.207837,7.379112,Nuit sans éclairage public,Hors agglomération,Hors intersection,Normale,Deux véhicules - frontale,3,2,2,0,1,3,1,0,1,80,2,3,0,0,1,2,23.0,54.0,voiture,voiture,3,1,1,1,1
201900013472,2019-03-20 03:00:00,2019,3,20,3,0,55,55351,D981,49.522181,5.390524,Nuit sans éclairage public,Hors agglomération,Hors intersection,Normale,Autre collision,3,2,2,0,1,4,1,1,8,50,1,1,0,0,0,1,31.0,,voiture,,3,1,1,1,6
201900013473,2019-03-20 13:05:00,2019,3,20,13,5,74,74220,route d'annemasse,46.138881,6.270334,Plein jour,Hors agglomération,Hors intersection,Normale,Autre collision,3,2,2,0,1,2,1,8,1,30,1,1,0,0,1,0,35.0,,deux_roues,,1,1,1,1,6
201900013474,2019-03-20 14:45:00,2019,3,20,14,45,16,16355,Ldv La Fosse des Canes,45.7586062,-0.4379457,Plein jour,Hors agglomération,Hors intersection,Normale,Deux véhicules - frontale,3,2,2,0,1,1,1,0,1,80,2,4,2,0,0,2,65.0,46.0,voiture,voiture,1,1,1,1,1
201900013475,2019-03-20 12:45:00,2019,3,20,12,45,44,44215,Boulevard Auguste Priou,47.18137,-1.50618,Plein jour,En agglomération,Hors intersection,Normale,Deux véhicules - côté,7,2,2,0,1,1,1,0,1,70,2,3,0,0,1,2,33.0,18.0,voiture,deux_roues,1,2,1,1,3
201900013476,2019-03-19 12:05:00,2019,3,19,12,5,62,62318,boulevard billet,50.517308,1.640002,Plein jour,En agglomération,Hors intersection,Normale,Deux véhicules - arrière,3,2,2,0,1,1,1,0,1,50,2,2,1,0,1,0,62.0,18.0,voiture,deux_roues,1,2,1,1,2
201900013477,2019-03-18 16:30:00,2019,3,18,16,30,13,13071,A51-Sens Aix en Provence vers Marseille,43.46594,5.40686,Plein jour,Hors agglomération,Hors intersection,Normale,Deux véhicules - arrière,1,1,1,0,2,1,1,0,2,90,2,2,1,0,0,1,47.0,59.0,voiture,voiture,1,1,1,1,2
201900013478,2019-03-18 15:00:00,2019,3,18,15,0,13,13211,Sens Marseille vers Aubagne,43.29189,5.4802,Plein jour,Hors agglomération,Hors intersection,Normale,Deux véhicules - côté,1,1,4,0,1,1,1,0,1,70,2,1,0,0,0,1,38.0,,utilitaire_camion,,1,1,1,1,3
201900013479,2019-03-19 08:30:00,2019,3,19,8,30,69,69266,RD383   3.750 A 7.640,45.78375,4.89427,Plein jour,Hors agglomération,Hors intersection,Normale,Trois véhicules et plus - collisions multiples,1,1,3,0,1,1,1,0,1,90,3,3,2,0,1,0,26.0,36.0,utilitaire_camion,utilitaire_camion,1,1,1,1,5
201900013480,2019-03-19 22:10:00,2019,3,19,22,10,33,33318,AUTOROUTE A 63,44.78389,-0.63117,Nuit sans éclairage public,Hors agglomération,Hors intersection,Normale,Deux véhicules - côté,1,3,6,0,1,1,1,0,1,110,2,2,1,0,0,1,67.0,50.0,voiture,utilitaire_camion,3,1,1,1,3
201900013481,2019-03-19 13:45:00,2019,3,19,13,45,33,33550,AUTOROUTE A 62,44.76428,-0.54891,Plein jour,Hors agglomération,Hors intersection,Normale,Trois véhicules et plus - en chaîne,1,3,4,0,1,1,1,0,1,110,3,4,2,0,0,2,38.0,66.0,voiture,voiture,1,1,1,1,4
201900013482,2019-03-19 09:20:00,2019,3,19,9,20,78,78466,A13,48.93466,1.96635,Plein jour,Hors agglomération,Hors intersection,Normale,Deux véhicules - arrière,1,3,3,0,1,1,1,0,1,110,2,2,1,0,0,1,32.0,41.0,voiture,voiture,1,1,1,1,2
201900013483,2019-03-19 08:55:00,2019,3,19,8,55,78,78043,A12 W,48.84094,2.097663,Plein jour,Hors agglomération,Hors intersection,Normale,Autre collision,1,3,3,0,1,1,1,0,1,110,1,1,0,0,0,1,44.0,,deux_roues,,1,1,1,1,6
201900013484,2019-03-19 07:10:00,2019,3,19,7,10,78,78646,A13,48.789921,2.122458,Plein jour,Hors agglomération,Hors intersection,Normale,Deux véhicules - arrière,2,3,3,0,1,1,1,0,1,110,2,2,1,0,0,1,56.0,53.0,voiture,voiture,1,1,1,1,2
201900013485,2019-03-19 03:04:00,2019,3,19,3,4,78,78402,A13,48.9639,1.7913,Nuit sans éclairage public,Hors agglomération,Hors intersection,Normale,Trois véhicules et plus - en chaîne,1,1,3,0,1,1,1,0,1,130,3,3,2,1,0,0,29.0,24.0,voiture,voiture,3,1,1,1,4
201900013486,2019-03-17 09:10:00,2019,3,17,9,10,95,95018,AUTOROUTE A15,48.95665,2.2746,Plein jour,Hors agglomération,Hors intersection,Normale,Autre collision,1,3,3,0,1,1,2,0,1,70,1,1,0,0,0,1,19.0,,voiture,,1,1,1,1,6
201900013487,2019-03-18 10:40:00,2019,3,18,10,40,95,95212,RN 104,49.03264,2.54246,Plein jour,Hors agglomération,Hors intersection,Normale,Autre collision,2,1,1,0,2,3,1,0,1,50,1,1,0,0,0,1,80.0,,voiture,,1,1,1,1,6
201900013488,2019-03-18 09:10:00,2019,3,18,9,10,93,93039,AUTOROUTE A86,48.92685,2.33614,Plein jour,Hors agglomération,Hors intersection,Normale,Deux véhicules - arrière,1,3,8,0,1,1,1,2,1,70,2,2,1,0,0,1,29.0,44.0,voiture,voiture,1,1,1,1,2
201900013489,2019-03-18 08:12:00,2019,3,18,8,12,95,95018,AUTOROUTE A15,48.95679,2.27454,Plein jour,Hors agglomération,Hors intersection,Normale,Autre collision,1,3,4,0,4,2,2,0,1,70,1,1,0,0,0,1,40.0,,voiture,,1,1,1,1,6
201900013490,2019-03-19 17:15:00,2019,3,19,17,15,94,94028,RN406.W,48.758671,2.481869,Plein jour,Hors agglomération,Hors intersection,Normale,Deux véhicules - arrière,2,3,2,0,1,1,1,0,1,90,2,2,1,0,0,1,32.0,61.0,voiture,utilitaire_camion,1,1,1,1,2
201900013491,2019-03-19 09:30:00,2019,3,19,9,30,77,77121,A4,48.8312676,2.6849262,Plein jour,Hors agglomération,Hors intersection,Normale,Autre collision,1,1,3,0,1,1,1,0,1,110,2,2,1,0,0,1,86.0,20.0,voiture,voiture,1,1,1,1,6
201900013492,2019-03-18 08:30:00,2019,3,18,8,30,91,91027,VOIE VERTE (RUE DE LA),48.699672,2.359909,Plein jour,En agglomération,Intersection en X,Normale,Deux véhicules - frontale,4,2,2,0,1,1,1,0,1,50,2,2,1,0,0,1,41.0,46.0,utilitaire_camion,deux_roues,1,2,2,1,1
201900013493,2019-01-11 22:15:00,2019,1,11,22,15,87,87050,LIMOGES (AVENUE DE),45.86332,1.23809,Nuit avec éclairage allumé,En agglomération,Hors intersection,Pluie légère,Autre collision,3,2,2,0,2,2,3,0,1,50,1,1,0,0,1,0,44.0,,utilitaire_camion,,5,2,1,2,6
201900013494,2019-03-15 07:40:00,2019,3,15,7,40,71,71040,RN 70 (ROUTE EXPRESS),46.7011,4.4122,Plein jour,Hors agglomération,Hors intersection,Normale,Autre collision,2,3,4,0,1,1,1,3,1,70,1,1,0,0,0,1,23.0,,voiture,,1,1,1,1,6
201900013495,2019-03-14 13:40:00,2019,3,14,13,40,41,41018,BERGEVIN (RUE),47.58334,1.34331,Plein jour,En agglomération,Hors intersection,Normale,Deux véhicules - frontale,4,2,2,0,1,1,1,0,1,50,2,2,1,0,0,1,17.0,31.0,deux_roues,voiture,1,2,1,1,1
201900013496,2019-01-18 18:30:00,2019,1,18,18,30,94,94080,PARIS (AV DE),48.84529,2.43082,Nuit avec éclairage allumé,En agglomération,Hors intersection,Normale,Autre collision,3,2,2,0,1,1,1,0,1,50,1,2,1,0,0,1,34.0,,deux_roues,,5,2,1,1,6
201900013497,2019-03-15 17:30:00,2019,3,15,17,30,93,93006,AUTOROUTE A3,48.86777,2.42784,Plein jour,Hors agglomération,Hors intersection,Normale,Deux véhicules - arrière,1,3,8,0,3,1,1,1,1,90,2,2,1,0,0,1,76.0,31.0,deux_roues,voiture,1,1,1,1,2
201900013498,2019-03-19 07:20:00,2019,3,19,7,20,988,98818,GASPARD (RUE HENRI)/E. PENTECOST,-22.28712,166.45503,Plein jour,En agglomération,Giratoire,Normale,Deux véhicules - côté,4,2,2,0,1,2,1,5,1,50,2,2,1,0,0,1,10.0,27.0,deux_roues,voiture,1,2,6,1,3
201900013499,2019-03-18 16:10:00,2019,3,18,16,10,988,98818,VE1,-22.23063,166.45757,Plein jour,Hors agglomération,Hors intersection,Normale,Trois véhicules et plus - collisions multiples,1,3,4,0,1,1,1,0,1,90,3,3,2,0,1,0,25.0,28.0,voiture,deux_roues,1,1,1,1,5
201900013500,2019-03-13 17:25:00,2019,3,13,17,25,974,97407,MASCAREIGNES(BOULEVARD),-20.9388251,55.3085834,Plein jour,En agglomération,Hors intersection,Normale,Trois véhicules et plus - en chaîne,4,2,2,0,1,1,1,0,3,50,3,4,3,0,0,1,19.0,47.0,voiture,utilitaire_camion,1,2,1,1,4
201900013501,2019-03-17 19:00:00,2019,3,17,19,0,972,97213,AUTOROUTE A1,14.614932,-61.013182,Nuit avec éclairage allumé,Hors agglomération,Hors intersection,Normale,Trois véhicules et plus - collisions multiples,1,-1,8,0,1,1,1,0,1,90,3,6,4,0,0,2,58.0,30.0,voiture,voiture,5,1,1,1,5
201900013502,2019-03-18 15:10:00,2019,3,18,15,10,972,97209,SOLEIL LEVANT (BOULEVARD DU),14.62605,-61.03923,Plein jour,Hors agglomération,Hors intersection,Normale,Trois véhicules et plus - en chaîne,3,2,2,0,2,1,1,0,1,50,3,4,1,0,0,3,37.0,21.0,voiture,voiture,1,1,1,1,4
201900013503,2019-03-17 21:00:00,2019,3,17,21,0,972,97209,RN9,14.60393,-61.04305,Nuit sans éclairage public,Hors agglomération,Hors intersection,Normale,Deux véhicules - arrière,2,2,4,0,2,1,1,0,1,70,2,3,2,0,0,1,37.0,33.0,voiture,utilitaire_camion,3,1,1,1,2
201900013504,2019-03-15 15:06:00,2019,3,15,15,6,69,69034,FORTS (DES)                         (MO),45.79448,4.83017,Plein jour,En agglomération,Hors intersection,Normale,Deux véhicules - côté,4,2,2,0,2,1,1,9,2,50,2,2,1,0,1,0,23.0,51.0,utilitaire_camion,deux_roues,1,2,1,1,3
201900013505,2019-03-18 08:20:00,2019,3,18,8,20,69,69389,SIDOINE APPOLINAIRE                 (AV),45.76396,4.80339,Plein jour,En agglomération,Hors intersection,Normale,Deux véhicules - arrière,4,2,3,0,2,1,1,0,1,50,2,2,1,0,0,1,21.0,62.0,deux_roues,voiture,1,2,1,1,2
201900013506,2019-03-17 01:27:00,2019,3,17,1,27,971,97101,MORNE LACROSSE,16.2276756,-61.5312135,Nuit avec éclairage allumé,En agglomération,Hors intersection,Normale,Sans collision,4,2,2,0,1,2,1,0,1,50,1,1,0,0,1,0,18.0,,deux_roues,,5,2,1,1,7
201900013507,2019-03-18 10:55:00,2019,3,18,10,55,91,91201,HENRI BARBUSSE(BOULEVARD),48.679044,2.410179,Plein jour,En agglomération,Autre intersection,Normale,Deux véhicules - arrière,3,2,2,0,1,1,1,0,1,50,2,4,3,0,0,1,37.0,30.0,utilitaire_camion,voiture,1,2,9,1,2
201900013508,2019-03-17 19:11:00,2019,3,17,19,11,91,91021,VOLTAIRE (BOULEVARD),48.58989,2.25255,Nuit avec éclairage allumé,En agglomération,Hors intersection,Pluie légère,Autre collision,4,2,2,0,1,1,2,9,1,50,1,2,1,0,0,1,33.0,,voiture,,5,2,1,2,6
201900013509,2019-03-15 17:16:00,2019,3,15,17,16,87,87085,BORIE (BOULEVARD DE LA),45.83507,1.22718,Plein jour,En agglomération,Intersection en X,Pluie légère,Deux véhicules - côté,4,2,2,0,1,1,2,5,1,50,2,2,1,0,0,1,44.0,58.0,voiture,deux_roues,1,2,2,2,3
201900013510,2019-03-16 12:14:00,2019,3,16,12,14,87,87085,VARDELLE (RUE MARCEL),45.84151,1.23327,Plein jour,En agglomération,Hors intersection,Normale,Autre collision,4,2,2,0,1,1,1,0,1,50,1,2,1,0,0,1,70.0,,voiture,,1,2,1,1,6
201900013511,2019-03-18 00:40:00,2019,3,18,0,40,30,30011,RD 6100,43.9479087,4.77629,Nuit sans éclairage public,Hors agglomération,Hors intersection,Normale,Autre collision,3,3,4,0,2,2,1,0,1,90,1,1,0,0,0,1,23.0,,voiture,,3,1,1,1,6
201900013512,2019-03-18 17:10:00,2019,3,18,17,10,83,83137,BONAPARTE (ROND POINT DU GENERAL),43.11782,5.9365,Plein jour,En agglomération,Giratoire,Normale,Autre collision,4,1,2,0,1,3,1,0,1,50,1,2,1,0,0,1,23.0,,voiture,,1,2,6,1,6
201900013513,2019-03-15 18:15:00,2019,3,15,18,15,80,80021,"67, R JULES BARNI",49.88899,2.31128,Crépuscule ou aube,En agglomération,Hors intersection,Vent fort / tempête,Deux véhicules - côté,4,2,2,0,1,1,1,0,1,50,2,2,1,0,0,1,42.0,29.0,voiture,deux_roues,2,2,1,6,3
201900013514,2019-03-16 08:00:00,2019,3,16,8,0,77,77337,D10P-PIERRE CARLE (BOULEVARD),48.85568,2.62269,Plein jour,En agglomération,Hors intersection,Normale,Autre collision,3,2,2,0,2,3,2,0,1,50,1,2,0,0,2,0,25.0,,voiture,,1,2,1,1,6
201900013515,2019-03-16 22:10:00,2019,3,16,22,10,76,76351,GRAND HAMEAU (Avenue du ),49.52306,0.10975,Nuit sans éclairage public,En agglomération,Autre intersection,Normale,Deux véhicules - côté,6,-1,-1,0,1,1,1,0,1,10,2,1,0,0,0,1,19.0,,deux_roues,,3,2,9,1,3
201900013516,2019-03-18 16:50:00,2019,3,18,16,50,74,74012,FAUCIGNY (RUE DU),46.19419,6.24006,Plein jour,En agglomération,Hors intersection,Normale,Deux véhicules - côté,4,1,0,0,1,1,1,0,1,50,2,3,2,0,0,1,59.0,37.0,voiture,deux_roues,1,2,1,1,3
201900013517,2019-03-17 10:00:00,2019,3,17,10,0,71,71153,MARECHAL LECLERC (RUE),46.80664,4.42796,Plein jour,En agglomération,Hors intersection,Normale,Autre collision,4,2,2,0,4,1,1,0,1,50,1,1,0,0,0,1,20.0,,deux_roues,,1,2,1,1,6
201900013518,2019-03-15 17:20:00,2019,3,15,17,20,66,66136,BELFORT AVENUE DE,42.68715,2.881483,Plein jour,En agglomération,Hors intersection,Normale,Autre collision,4,-1,1,0,1,1,1,0,1,50,1,2,1,0,0,1,36.0,,voiture,,1,2,1,1,6
201900013519,2019-03-18 16:00:00,2019,3,18,16,0,64,64335,SANTOS-DUMONT,43.32188,-0.42174,Plein jour,En agglomération,Hors intersection,Normale,Trois véhicules et plus - en chaîne,4,2,2,0,1,1,1,0,1,50,3,3,1,0,0,2,26.0,51.0,utilitaire_camion,voiture,1,2,1,1,4
201900013520,2019-03-15 23:00:00,2019,3,15,23,0,64,64024,MER (BOULEVARD DE LA),43.49356,-1.54553,Nuit avec éclairage allumé,En agglomération,Intersection en T,Normale,Deux véhicules - côté,4,2,2,0,1,1,1,0,1,30,2,2,1,0,0,1,63.0,19.0,voiture,deux_roues,5,2,3,1,3
201900013521,2019-03-06 18:20:00,2019,3,6,18,20,59,59609,SECLIN RUE DE,50.57332,3.06987,Nuit sans éclairage public,Hors agglomération,Hors intersection,Pluie forte,Trois véhicules et plus - en chaîne,3,3,2,0,1,1,2,5,1,50,3,4,1,0,1,2,63.0,49.0,voiture,voiture,3,1,1,3,4
201900013522,2019-03-16 19:00:00,2019,3,16,19,0,54,54395,FRIOT (RUE ET ROND POINT DU DOCTEUR),48.69306,6.14358,Plein jour,En agglomération,Intersection en T,Normale,Sans collision,4,2,2,0,1,1,1,0,1,50,1,1,0,0,0,1,,,,,1,2,3,1,7
201900013523,2019-03-18 18:25:00,2019,3,18,18,25,45,45302,RUE NATIONALE 20,47.94394,1.89259,Crépuscule ou aube,En agglomération,Autre intersection,Pluie légère,Trois véhicules et plus - collisions multiples,4,2,4,0,1,1,2,9,1,50,3,3,2,0,0,1,25.0,24.0,voiture,voiture,2,2,9,2,5
201900013524,2019-03-12 12:54:00,2019,3,12,12,54,45,45208,PLACE DE LA REPUBLIQUE,47.99575,2.73326,Plein jour,En agglomération,Hors intersection,Normale,Autre collision,4,1,1,0,1,1,1,0,1,50,1,1,0,0,0,1,52.0,,voiture,,1,2,1,1,6
201900013525,2019-02-02 18:30:00,2019,2,2,18,30,42,42218,VIVIE PAUL DE,45.40239,4.40448,Crépuscule ou aube,Hors agglomération,Hors intersection,Neige / grêle,Deux véhicules - arrière,3,2,2,0,2,1,5,0,1,70,2,2,1,0,0,1,40.0,41.0,voiture,voiture,2,1,1,4,2
201900013526,2019-03-16 02:34:00,2019,3,16,2,34,38,38185,COURS JEAN JAURÈS,45.1858,5.71841,Nuit avec éclairage allumé,En agglomération,Intersection en X,Normale,Deux véhicules - côté,4,2,2,0,1,1,2,0,1,50,2,3,2,0,1,0,33.0,28.0,voiture,deux_roues,5,2,2,1,3
201900013527,2019-03-16 14:30:00,2019,3,16,14,30,36,36202,87 AVENUE D'OCCITANIE,46.78268,1.65492,Plein jour,En agglomération,Hors intersection,Normale,Autre collision,3,3,2,0,1,1,1,0,1,50,1,2,0,0,0,2,74.0,,voiture,,1,2,1,1,6
201900013528,2019-03-15 10:55:00,2019,3,15,10,55,36,36202,AVENUE D'OCCITANIE,46.78888,1.66069,Plein jour,En agglomération,Giratoire,Normale,Autre collision,3,1,1,0,1,2,1,0,1,50,1,1,0,0,0,1,,,,,1,2,6,1,6
201900013529,2019-03-18 14:45:00,2019,3,18,14,45,35,35238,MARBAUDAIS (DE LA),48.12477,-1.66461,Plein jour,En agglomération,Hors intersection,Pluie légère,Autre collision,4,1,1,0,1,1,2,0,1,30,1,2,1,0,0,1,31.0,,voiture,,1,2,1,2,6
201900013530,2019-03-17 23:05:00,2019,3,17,23,5,35,35051,EST (ROCADE),48.14524,-1.61888,Nuit sans éclairage public,Hors agglomération,Hors intersection,Normale,Sans collision,2,3,4,0,1,1,1,0,1,90,1,1,0,0,0,1,20.0,,voiture,,3,1,1,1,7
201900013531,2019-03-14 20:40:00,2019,3,14,20,40,33,33039,Ex A631 coté fleuve - aux feux tourne à gauche vers R.J.Pauly - sens Bègles vers Bordeaux  ,44.81929,-0.53837,Nuit avec éclairage allumé,En agglomération,Intersection en T,Pluie légère,Trois véhicules et plus - en chaîne,4,3,10,2,1,1,2,5,1,50,3,3,2,0,0,1,33.0,22.0,voiture,voiture,5,2,3,2,4