accident_id,datetime,annee,mois,jour,heure,minute,departement,commune_insee,adresse,latitude,longitude,luminosite,agglomeration,intersection,meteo,collision,catr,circ,nbv,vosp,prof,plan,surf,infra,situ,vma,nb_vehicules,nb_usagers,nb_indemnes,nb_tues,nb_blesses_hosp,nb_blesses_legers,age_cond_1,age_cond_2,veh_type_cond_1,veh_type_cond_2,lum_code,agg_code,int_code,atm_code,col_code
201900013532,2019-03-18 18:08:00,2019,3,18,18,8,32,32013,BARON (CHEMIN DE),43.65361,0.57712,Crépuscule ou aube,En agglomération,Place,Normale,Sans collision,4,2,2,0,1,1,1,5,2,30,1,1,0,0,0,1,55.0,,deux_roues,,2,2,7,1,7
201900013533,2019-03-18 08:05:00,2019,3,18,8,5,31,31069,VINCI (AV LEONARD DE),43.63991,1.37707,Plein jour,En agglomération,Hors intersection,Normale,Deux véhicules - côté,4,2,2,0,1,1,1,0,1,30,2,2,1,0,0,1,63.0,39.0,voiture,deux_roues,1,2,1,1,3
201900013534,2019-03-17 16:00:00,2019,3,17,16,0,31,31555,VA007331 A620,43.64152,1.42168,Plein jour,Hors agglomération,Hors intersection,Normale,Deux véhicules - arrière,1,3,3,0,1,1,1,0,1,90,2,6,0,0,0,6,24.0,51.0,voiture,voiture,1,1,1,1,2
201900013535,2019-03-16 07:00:00,2019,3,16,7,0,31,31555,140 RUE DU FAUBOURG BONNEFOY,43.62423,1.45882,Crépuscule ou aube,En agglomération,Hors intersection,Normale,Sans collision,3,2,2,0,3,1,1,0,1,50,1,1,0,0,0,1,39.0,,voiture,,2,2,1,1,7
201900013536,2019-03-16 06:20:00,2019,3,16,6,20,31,31555,BD DE STRASBOURG,43.60966,1.44435,Crépuscule ou aube,En agglomération,Hors intersection,Normale,Deux véhicules - arrière,4,2,2,0,1,1,1,0,1,50,2,2,1,0,1,0,25.0,21.0,deux_roues,voiture,2,2,1,1,2
201900013537,2019-03-15 18:20:00,2019,3,15,18,20,30,30189,DAYAN GEORGES (AVENUE),43.8219,4.3446,Plein jour,En agglomération,Hors intersection,Normale,Deux véhicules - arrière,4,3,2,0,1,1,1,0,1,50,2,3,2,0,0,1,51.0,30.0,voiture,voiture,1,2,1,1,2
201900013538,2019-03-18 20:10:00,2019,3,18,20,10,29,29232,LE GUENNEC LOUIS BOULEVARD,47.9801817,-4.1076583,Nuit sans éclairage public,Hors agglomération,Hors intersection,Pluie légère,Sans collision,3,1,2,0,1,1,2,0,1,70,1,1,0,1,0,0,34.0,,voiture,,3,1,1,2,7
201900013539,2019-03-18 13:45:00,2019,3,18,13,45,25,25462,CLEMENCEAU (GEORGES),46.90308,6.35134,Plein jour,En agglomération,Intersection en T,Normale,Autre collision,4,2,1,0,1,1,1,9,1,50,1,2,1,0,0,1,21.0,,voiture,,1,2,3,1,6
201900013540,2019-02-04 08:20:00,2019,2,4,8,20,76,76565,VERTUS (CHEMIN DES),49.89503,1.07433,Plein jour,En agglomération,Intersection en T,Normale,Deux véhicules - côté,4,2,2,0,1,1,1,0,1,50,2,2,1,0,1,0,30.0,45.0,voiture,voiture,1,2,3,1,3
201900013541,2019-02-05 11:23:00,2019,2,5,11,23,74,74012,THONON (ROUTE DE),46.19337,6.255647,Plein jour,En agglomération,Intersection en T,Normale,Deux véhicules - arrière,3,3,3,0,1,1,1,5,1,50,2,2,0,0,0,2,54.0,19.0,voiture,voiture,1,2,3,1,2
201900013542,2019-02-01 07:10:00,2019,2,1,7,10,74,74133,CHATELET (RUE DU),46.19028,6.21193,Nuit avec éclairage allumé,En agglomération,Hors intersection,Pluie forte,Deux véhicules - côté,4,2,2,0,1,1,2,0,2,50,2,2,1,0,0,1,29.0,25.0,voiture,voiture,5,2,1,3,3
201900013543,2019-02-05 09:11:00,2019,2,5,9,11,74,74010,FINS (SECTEUR 420),45.91442,6.12245,Plein jour,En agglomération,Hors intersection,Normale,Deux véhicules - côté,4,2,2,0,1,1,1,0,1,30,2,2,1,0,0,1,27.0,27.0,voiture,voiture,1,2,1,1,3
201900013544,2019-02-03 14:50:00,2019,2,3,14,50,72,72181,WASHINGTON GEORGES (PL),47.99534,0.203,Plein jour,En agglomération,Hors intersection,Normale,Autre collision,4,1,2,0,1,1,1,0,1,50,1,3,2,0,1,0,56.0,,deux_roues,,1,2,1,1,6
201900013545,2019-02-04 20:20:00,2019,2,4,20,20,71,71270,HERRIOT (AVENUE EDOUARD),46.29596,4.82135,Nuit sans éclairage public,En agglomération,Hors intersection,Normale,Autre collision,4,1,1,0,1,1,1,0,1,50,1,2,1,0,0,1,55.0,,voiture,,3,2,1,1,6
201900013546,2019-02-03 13:00:00,2019,2,3,13,0,67,67267,MOLKENBRONN (RUE DU),48.56427,7.69478,Plein jour,En agglomération,Intersection en X,Normale,Trois véhicules et plus - collisions multiples,4,2,2,0,1,1,1,0,1,50,3,2,1,0,0,1,30.0,39.0,voiture,voiture,1,2,2,1,5
201900013547,2019-02-01 20:37:00,2019,2,1,20,37,67,67482,SCHOEPFLIN (QUAI),48.58658,7.74688,Nuit avec éclairage allumé,En agglomération,Intersection en T,Pluie légère,Autre collision,4,1,2,3,1,1,2,0,2,50,1,2,1,0,1,0,30.0,,voiture,,5,2,3,2,6
201900013548,2019-02-04 20:24:00,2019,2,4,20,24,66,66136,KENNEDY (BD JOHN-FITZGERALD),42.687,2.9067,Plein jour,En agglomération,Hors intersection,Normale,Deux véhicules - arrière,4,2,-1,0,1,1,1,0,1,30,2,2,1,0,0,1,60.0,55.0,voiture,voiture,1,2,1,1,2
201900013549,2019-02-04 15:09:00,2019,2,4,15,9,66,66136,ALBERT MARCELLIN,42.68889,2.893803,Plein jour,En agglomération,Hors intersection,Normale,Deux véhicules - côté,4,2,2,0,1,1,1,1,1,30,2,2,1,0,0,1,57.0,24.0,deux_roues,voiture,1,2,1,1,3
201900013550,2019-02-04 11:30:00,2019,2,4,11,30,66,66136,KENNEDY (BD JOHN-FITZGERALD),42.69016,2.90211,Plein jour,En agglomération,Hors intersection,Normale,Autre collision,4,2,1,0,1,1,1,0,1,50,2,2,1,0,0,1,46.0,20.0,voiture,deux_roues,1,2,1,1,6
201900013551,2019-02-02 12:15:00,2019,2,2,12,15,66,66136,CASSANYES (PLACE JOSEPH),42.69706,2.90218,Plein jour,En agglomération,Hors intersection,Normale,Autre collision,4,2,1,0,1,1,1,0,1,30,1,2,1,0,1,0,35.0,,voiture,,1,2,1,1,6
201900013552,2019-02-02 02:05:00,2019,2,2,2,5,65,65440,MASSEY (RUE),43.2359134,0.0741406,Nuit avec éclairage allumé,En agglomération,Hors intersection,Normale,Autre collision,4,1,1,0,1,1,1,6,1,50,1,3,1,0,1,1,50.0,,voiture,,5,2,1,1,6
201900013553,2019-02-04 19:20:00,2019,2,4,19,20,64,64101,rue de l'estibette,43.20424,-0.258965,Plein jour,En agglomération,Hors intersection,Pluie légère,Sans collision,4,3,4,0,1,1,2,9,1,50,1,3,1,0,0,2,33.0,,utilitaire_camion,,1,2,1,2,7
201900013554,2019-02-04 10:45:00,2019,2,4,10,45,64,64445,JEAN REVEIL,43.30158,-0.36704,Plein jour,En agglomération,Hors intersection,Temps éblouissant,Autre collision,4,2,2,0,1,1,1,0,1,50,1,2,1,0,0,1,35.0,,utilitaire_camion,,1,2,1,7,6
201900013555,2019-02-01 15:15:00,2019,2,1,15,15,64,64102,AQUITAINE  (Rond Point d'),43.4868438,-1.4688621,Plein jour,En agglomération,Giratoire,Temps couvert,Deux véhicules - côté,3,4,2,0,4,3,1,5,1,50,2,2,1,0,1,0,67.0,59.0,voiture,deux_roues,1,2,6,8,3
201900013556,2019-01-04 19:10:00,2019,1,4,19,10,62,62464,SALENGRO (R ROGER),50.49317,2.80921,Nuit avec éclairage allumé,En agglomération,Hors intersection,Pluie légère,Deux véhicules - côté,4,-1,2,0,1,1,2,0,1,50,2,2,1,0,0,1,16.0,40.0,deux_roues,voiture,5,2,1,2,3
201900013557,2019-01-21 16:00:00,2019,1,21,16,0,62,62386,GUESDE (R JULES),50.4484867,2.7448694,Plein jour,En agglomération,Hors intersection,Normale,Autre collision,4,2,2,0,1,1,1,9,1,50,1,3,0,0,2,1,31.0,,voiture,,1,2,1,1,6
201900013558,2019-02-05 07:45:00,2019,2,5,7,45,59,59599,PAPIN (CHAUSSEE DENIS),50.7322,3.1423,Plein jour,En agglomération,Hors intersection,Normale,Deux véhicules - côté,7,3,4,0,1,1,1,0,1,50,2,2,1,0,0,1,33.0,47.0,voiture,voiture,1,2,1,1,3
201900013559,2019-01-17 08:05:00,2019,1,17,8,5,59,59367,CAVROIS (RUE),50.66976,3.20417,Nuit avec éclairage allumé,En agglomération,Hors intersection,Pluie légère,Autre collision,4,2,2,0,1,1,2,0,2,30,1,2,1,0,0,1,19.0,,voiture,,5,2,1,2,6
201900013560,2019-01-07 14:40:00,2019,1,7,14,40,59,59350,MITTERIE RUE DE LA,50.64885,2.99615,Plein jour,En agglomération,Hors intersection,Normale,Trois véhicules et plus - en chaîne,4,2,2,0,1,1,1,0,1,50,3,4,3,0,0,1,63.0,21.0,voiture,voiture,1,2,1,1,4
201900013561,2019-01-18 20:00:00,2019,1,18,20,0,59,59350,D 651,50.63754,3.07889,Nuit avec éclairage allumé,En agglomération,Hors intersection,Pluie légère,Trois véhicules et plus - en chaîne,7,3,4,0,2,1,2,0,1,90,3,3,2,0,0,1,22.0,26.0,voiture,voiture,5,2,1,2,4
201900013562,2019-02-04 10:30:00,2019,2,4,10,30,59,59234,CENTRE COMMERCIAL CARREFOUR,50.39947,3.04735,Plein jour,En agglomération,Hors intersection,Normale,Autre collision,6,-1,-1,0,1,1,2,0,1,50,1,2,1,0,1,0,70.0,,voiture,,1,2,1,1,6
201900013563,2019-02-01 20:00:00,2019,2,1,20,0,58,58194,PIERRE DE COUBERTIN,46.9929,3.1676,Nuit avec éclairage allumé,En agglomération,Giratoire,Pluie légère,Deux véhicules - côté,4,1,1,0,1,2,2,0,1,50,2,2,1,0,0,1,26.0,66.0,voiture,voiture,5,2,6,2,3
201900013564,2019-02-04 13:45:00,2019,2,4,13,45,56,56121,BERLIOZ (RUE  HECTOR ),47.7626,-3.37616,Plein jour,En agglomération,Hors intersection,Normale,Autre collision,4,2,2,0,1,2,1,0,1,50,1,2,1,0,0,1,27.0,,voiture,,1,2,1,1,6
201900013565,2019-02-04 08:40:00,2019,2,4,8,40,56,56121,LEPINE (RUE  PROFESSEUR ),47.74503,-3.39005,Crépuscule ou aube,En agglomération,Intersection en T,Pluie légère,Deux véhicules - côté,4,2,2,0,1,1,2,0,1,30,2,2,1,0,0,1,36.0,21.0,voiture,deux_roues,2,2,3,2,3
201900013566,2019-02-04 07:15:00,2019,2,4,7,15,56,56121,MARQUET (RUE  MARY ),47.75848,-3.38492,Nuit avec éclairage allumé,Hors agglomération,Hors intersection,Pluie forte,Autre collision,3,1,1,0,1,3,2,3,1,50,1,1,0,0,0,1,49.0,,voiture,,5,1,1,3,6
201900013567,2019-02-03 16:10:00,2019,2,3,16,10,56,56083,LOCOYARNE ( R-P DE ),47.79113,-3.2765,Plein jour,Hors agglomération,Giratoire,Normale,Deux véhicules - arrière,3,2,2,0,2,1,1,5,1,70,2,3,1,0,0,2,63.0,42.0,voiture,deux_roues,1,1,6,1,2
201900013568,2019-02-02 18:40:00,2019,2,2,18,40,56,56121,Rue François le Brise,47.74434,-3.36344,Nuit avec éclairage allumé,En agglomération,Hors intersection,Pluie légère,Autre collision,4,2,2,0,1,1,2,0,1,30,1,2,1,0,0,1,24.0,,voiture,,5,2,1,2,6
201900013569,2019-02-01 20:25:00,2019,2,1,20,25,56,56098,KESLER-DEVILLERS ( AV. ),47.76806,-3.34289,Nuit avec éclairage allumé,En agglomération,Hors intersection,Pluie légère,Deux véhicules - côté,3,2,2,0,2,1,2,0,1,50,2,2,1,0,0,1,30.0,65.0,deux_roues,voiture,5,2,1,2,3
201900013570,2019-02-03 18:00:00,2019,2,3,18,0,55,55545,ARGONNE ( ROUTE DE L' ),49.15016,5.34858,Crépuscule ou aube,Hors agglomération,Hors intersection,Normale,Deux véhicules - frontale,3,3,4,0,1,1,1,0,1,90,2,5,0,0,0,5,66.0,69.0,utilitaire_camion,utilitaire_camion,2,1,1,1,1
201900013571,2019-04-25 15:00:00,2019,4,25,15,0,54,54431,SAINT-LAURENT (RUE),48.90393,6.05348,Plein jour,En agglomération,Intersection en T,Normale,Sans collision,4,2,2,0,1,1,1,0,1,50,1,2,1,0,1,0,61.0,,voiture,,1,2,3,1,7
201900013572,2019-02-05 15:45:00,2019,2,5,15,45,51,51454,BOULEVARD POMMERY,49.2445622,4.0498956,Plein jour,En agglomération,Place,Normale,Deux véhicules - arrière,2,3,0,0,2,1,1,5,1,50,2,3,2,0,0,1,64.0,28.0,voiture,voiture,1,2,7,1,2
201900013573,2019-02-02 11:27:00,2019,2,2,11,27,51,51108,RUE PRIEUR DE LA MARNE,48.9556925,4.3653081,Plein jour,En agglomération,Hors intersection,Normale,Sans collision,4,2,2,0,1,1,1,0,2,30,1,2,1,0,1,0,36.0,,voiture,,1,2,1,1,7
201900013574,2019-02-04 18:00:00,2019,2,4,18,0,50,50129,LECLERC (RUE DU MARECHAL)),49.6357,-1.634288,Crépuscule ou aube,En agglomération,Hors intersection,Normale,Autre collision,4,2,2,0,2,2,1,0,1,50,1,1,0,0,0,1,45.0,,utilitaire_camion,,2,2,1,1,6
201900013575,2019-02-03 15:20:00,2019,2,3,15,20,50,50129,SCHMITT (AVENUE RENE),49.63342,-1.64874,Plein jour,En agglomération,Intersection en T,Normale,Deux véhicules - arrière,4,2,3,0,2,1,1,5,2,50,2,3,1,0,0,2,49.0,78.0,voiture,voiture,1,2,3,1,2
201900013576,2019-02-02 14:45:00,2019,2,2,14,45,50,50203,DAURAT (IMPASSE DIDIER),49.61758,-1.6057,Plein jour,En agglomération,Hors intersection,Normale,Autre collision,4,2,2,0,1,3,1,0,1,50,1,2,1,0,1,0,36.0,,voiture,,1,2,1,1,6
201900013577,2019-02-03 19:30:00,2019,2,3,19,30,49,49007,VOIE DES BERGES,47.47061,-0.56131,Crépuscule ou aube,Hors agglomération,Hors intersection,Normale,Trois véhicules et plus - en chaîne,3,3,4,0,1,1,1,0,1,70,3,3,2,0,0,1,20.0,21.0,voiture,voiture,2,1,1,1,4
201900013578,2019-02-01 15:00:00,2019,2,1,15,0,49,49007,RD 323,47.46832,-0.56526,Plein jour,Hors agglomération,Hors intersection,Normale,Sans collision,3,3,4,0,1,1,1,0,1,70,1,1,0,0,0,1,24.0,,voiture,,1,1,1,1,7
201900013579,2019-02-04 19:15:00,2019,2,4,19,15,45,45234,ROUTE D'OLIVET,47.8815,1.90343,Nuit avec éclairage allumé,En agglomération,Giratoire,Normale,Deux véhicules - côté,4,2,2,-1,1,1,1,0,1,50,2,2,1,0,0,1,48.0,76.0,deux_roues,voiture,5,2,6,1,3
201900013580,2019-02-04 16:55:00,2019,2,4,16,55,45,45147,BD DE LAMBALLE,47.92276,1.91948,Plein jour,En agglomération,Hors intersection,Normale,Trois véhicules et plus - collisions multiples,4,2,2,1,1,1,1,0,1,50,3,6,4,0,0,2,34.0,54.0,voiture,voiture,1,2,1,1,5
201900013581,2019-02-04 12:19:00,2019,2,4,12,19,45,45298,RUE GASTON DEFFIE,47.89258,1.87154,Plein jour,En agglomération,Hors intersection,Temps couvert,Autre collision,4,2,2,1,1,1,1,0,1,50,1,2,1,1,0,0,60.0,,utilitaire_camion,,1,2,1,8,6
201900013582,2019-02-04 08:20:00,2019,2,4,8,20,44,44109,BOULEVARD DE LA BEAUJOIRE,47.25943,-1.51091,Crépuscule ou aube,En agglomération,Hors intersection,Pluie légère,Deux véhicules - côté,4,2,0,0,1,1,2,0,1,50,2,2,1,0,0,1,55.0,25.0,voiture,deux_roues,2,2,1,2,3
201900013583,2019-02-03 07:50:00,2019,2,3,7,50,41,41295,D951,47.60682,1.37739,Nuit sans éclairage public,En agglomération,Hors intersection,Normale,Deux véhicules - frontale,3,3,4,0,1,1,1,0,1,90,2,2,1,0,0,1,71.0,29.0,voiture,voiture,3,2,1,1,1
201900013584,2019-02-05 21:30:00,2019,2,5,21,30,38,38516,GRANDE RUE,45.2052,5.73858,Nuit avec éclairage allumé,En agglomération,Intersection en X,Normale,Trois véhicules et plus - collisions multiples,4,2,2,0,1,1,1,5,1,50,3,3,2,0,0,1,26.0,26.0,voiture,voiture,5,2,2,1,5
201900013585,2019-02-05 21:00:00,2019,2,5,21,0,37,37261,MIRABEAU (PONT),47.39783,0.69942,Nuit avec éclairage allumé,En agglomération,Intersection en X,Pluie légère,Deux véhicules - côté,4,2,4,0,4,1,2,2,1,50,2,2,1,0,0,1,21.0,72.0,voiture,voiture,5,2,2,2,3
201900013586,2019-02-05 18:30:00,2019,2,5,18,30,37,37261,CHAUTEMPS (AVENUE CAMILLE),47.37996,0.72667,Crépuscule ou aube,En agglomération,Hors intersection,Pluie légère,Sans collision,4,2,2,0,1,3,2,0,1,50,1,1,0,0,1,0,45.0,,deux_roues,,2,2,1,2,7
201900013587,2019-02-05 18:15:00,2019,2,5,18,15,37,37261,ALOUETTE (AVENUE),47.36289,0.69662,Nuit sans éclairage public,En agglomération,Hors intersection,Pluie légère,Autre collision,4,1,4,0,2,3,2,0,1,50,1,1,0,0,0,1,82.0,,voiture,,3,2,1,2,6
201900013588,2019-02-05 08:05:00,2019,2,5,8,5,37,37122,CHINON (BOULEVARD DE),47.35516,0.69707,Crépuscule ou aube,En agglomération,Hors intersection,Pluie légère,Autre collision,4,3,4,0,1,1,2,0,1,50,1,2,1,0,1,0,31.0,,utilitaire_camion,,2,2,1,2,6
201900013589,2019-02-05 09:15:00,2019,2,5,9,15,37,37261,BELLANGER (RUE),47.387,0.705,Plein jour,En agglomération,Intersection en X,Autre,Autre collision,9,1,1,0,1,1,2,0,1,50,2,2,0,0,0,2,25.0,41.0,utilitaire_camion,voiture,1,2,2,9,6
201900013590,2019-02-04 16:25:00,2019,2,4,16,25,37,37261,CHAUTEMPS (AVENUE CAMILLE),47.37789,0.7272,Plein jour,En agglomération,Hors intersection,Pluie légère,Autre collision,4,2,2,0,1,2,2,0,1,50,1,1,0,0,0,1,73.0,,voiture,,1,2,1,2,6
201900013591,2019-02-04 15:20:00,2019,2,4,15,20,37,37261,LAPONNERAYE (RUE),47.38418,0.68913,Plein jour,En agglomération,Intersection en X,Pluie légère,Autre collision,4,1,1,0,1,1,2,6,1,50,1,2,1,0,0,1,57.0,,utilitaire_camion,,1,2,2,2,6
201900013592,2019-02-02 12:00:00,2019,2,2,12,0,36,36044,40 AVENUE D'ARGENTON,46.80637,1.67547,Plein jour,En agglomération,Hors intersection,Normale,Deux véhicules - arrière,4,2,2,0,1,1,1,0,1,50,2,2,0,0,0,2,32.0,52.0,voiture,voiture,1,2,1,1,2
201900013593,2019-02-05 02:00:00,2019,2,5,2,0,35,35238,NITSCH (CARREFOUR GEORGES),48.10192,-1.68412,Nuit avec éclairage allumé,En agglomération,Place,Normale,Autre collision,4,2,4,0,1,2,2,0,1,50,1,1,0,0,0,1,23.0,,voiture,,5,2,7,1,6
201900013594,2019-02-04 12:15:00,2019,2,4,12,15,34,34172,RAVAZ (AVENUE DU PROFESSEUR LOUIS,43.622767,3.844938,Plein jour,En agglomération,Hors intersection,Normale,Autre collision,4,2,2,0,1,1,1,0,1,50,1,2,1,0,0,1,33.0,,voiture,,1,2,1,1,6
201900013595,2019-02-02 21:24:00,2019,2,2,21,24,34,34032,ROUTE DEPARTEMENTALE 612,43.365194,3.232206,Nuit sans éclairage public,Hors agglomération,Hors intersection,Temps couvert,Trois véhicules et plus - collisions multiples,3,2,2,0,1,1,2,8,1,70,3,4,1,0,0,3,36.0,33.0,voiture,voiture,3,1,1,8,5
201900013596,2019-02-01 07:30:00,2019,2,1,7,30,34,34032,FOUR A CHAUX (BD DU),43.35203,3.21182,Crépuscule ou aube,En agglomération,Hors intersection,Pluie légère,Autre collision,4,2,2,0,2,1,2,0,1,50,1,2,1,0,0,1,53.0,,voiture,,2,2,1,2,6
201900013597,2019-01-29 07:30:00,2019,1,29,7,30,33,33192,AVE SAINT-GERY,44.77962,-0.60864,Crépuscule ou aube,En agglomération,Hors intersection,Normale,Autre collision,4,2,0,0,1,1,1,0,1,50,1,2,1,0,1,0,60.0,,voiture,,2,2,1,1,6
201900013598,2019-01-30 08:05:00,2019,1,30,8,5,33,33281,AVE DE L'YSER,44.84118,-0.65113,Plein jour,En agglomération,Giratoire,Normale,Autre collision,4,3,2,0,1,1,2,0,1,50,1,2,1,0,1,0,66.0,,voiture,,1,2,6,1,6
201900013599,2019-02-04 18:20:00,2019,2,4,18,20,31,31555,2 LA CRABE (A 624),43.6095,1.37082,Nuit sans éclairage public,Hors agglomération,Hors intersection,Pluie légère,Trois véhicules et plus - en chaîne,1,1,1,0,1,1,2,0,1,50,3,3,2,0,0,1,43.0,53.0,voiture,voiture,3,1,1,2,4
201900013600,2019-02-02 14:55:00,2019,2,2,14,55,31,31149,BRUNAUD (AVENUE YVES),43.61523,1.34568,Plein jour,En agglomération,Intersection en T,Pluie légère,Deux véhicules - côté,4,2,2,0,1,1,2,0,1,50,2,4,1,0,0,3,45.0,37.0,voiture,voiture,1,2,3,2,3
201900013601,2019-02-03 11:20:00,2019,2,3,11,20,31,31555,24 EMPALOT  (PERIPH OUEST A620),43.57283,1.43724,Plein jour,Hors agglomération,Hors intersection,Normale,Deux véhicules - côté,1,3,3,0,1,1,1,0,1,90,2,5,2,0,0,3,24.0,25.0,voiture,voiture,1,1,1,1,3
201900013602,2019-02-01 20:00:00,2019,2,1,20,0,31,31555,GRANDE BRETAGNE (AV DE) DU 39AU 306,43.59857,1.41832,Nuit sans éclairage public,En agglomération,Hors intersection,Normale,Deux véhicules - côté,4,2,4,0,1,1,1,0,1,50,2,2,1,0,0,1,23.0,28.0,voiture,deux_roues,3,2,1,1,3
201900013603,2019-02-04 17:20:00,2019,2,4,17,20,28,28085,SOURS (RUE DE),48.4391,1.51433,Plein jour,En agglomération,Hors intersection,Normale,Autre collision,3,3,4,0,2,1,1,0,1,50,1,1,0,0,0,1,48.0,,deux_roues,,1,2,1,1,6
201900013604,2019-02-04 10:20:00,2019,2,4,10,20,25,25056,GRAY ROUTE DE,47.244192,5.987291,Plein jour,En agglomération,Hors intersection,Normale,Trois véhicules et plus - collisions multiples,3,2,2,0,1,1,1,0,1,50,4,5,3,0,1,1,64.0,53.0,voiture,voiture,1,2,1,1,5
201900013605,2019-02-05 07:35:00,2019,2,5,7,35,24,24322,RUE PIERRE SEMARD,45.19441,0.70445,Nuit sans éclairage public,En agglomération,Hors intersection,Pluie légère,Sans collision,3,2,2,0,1,1,2,5,1,50,1,2,1,0,0,1,46.0,,voiture,,3,2,1,2,7
201900013606,2019-02-04 16:02:00,2019,2,4,16,2,23,23096,CHARLES DE GAULLE (AVENUE),46.1697867,1.8744016,Plein jour,En agglomération,Intersection en X,Temps couvert,Autre collision,4,2,2,0,2,1,1,9,1,50,1,2,1,0,1,0,32.0,,voiture,,1,2,2,8,6
201900013607,2019-02-02 10:15:00,2019,2,2,10,15,18,18205,VERDINS (RUE DES),47.1062,2.37389,Plein jour,En agglomération,Hors intersection,Normale,Autre collision,7,2,2,0,1,1,1,0,1,50,1,2,1,0,1,0,45.0,,utilitaire_camion,,1,2,1,1,6
201900013608,2019-02-05 13:20:00,2019,2,5,13,20,17,17300,JOURDAN   RUE,46.16422,-1.16045,Plein jour,En agglomération,Intersection en X,Pluie légère,Autre collision,4,1,1,0,1,1,2,0,1,50,2,2,1,0,0,1,18.0,48.0,deux_roues,voiture,1,2,2,2,6
201900013609,2019-02-05 07:40:00,2019,2,5,7,40,17,17300,REPUBLIQUE   BOULEVARD DE LA,46.13834,-1.15334,Nuit avec éclairage allumé,En agglomération,Hors intersection,Brouillard / fumée,Autre collision,4,2,2,1,1,1,2,0,1,50,1,2,1,0,0,1,43.0,,utilitaire_camion,,5,2,1,5,6
201900013610,2019-02-04 18:50:00,2019,2,4,18,50,17,17300,JOFFRE   BOULEVARD (27-77 et 2-1),46.15878,-1.141877,Nuit avec éclairage allumé,En agglomération,Hors intersection,Pluie légère,Autre collision,4,3,4,0,1,1,2,0,1,50,1,2,1,0,1,0,51.0,,voiture,,5,2,1,2,6
201900013611,2019-02-04 19:00:00,2019,2,4,19,0,17,17300,QUATORZE JUILLET   AVENUE DU,46.1533,-1.12964,Nuit avec éclairage allumé,En agglomération,Hors intersection,Pluie légère,Deux véhicules - côté,4,2,2,0,1,1,2,0,1,50,2,3,2,0,0,1,54.0,39.0,voiture,voiture,5,2,1,2,3
201900013612,2019-02-04 08:00:00,2019,2,4,8,0,17,17291,JUSTICES  RUE DU MOULIN DES,46.17022,-1.12107,Crépuscule ou aube,En agglomération,Intersection en T,Normale,Deux véhicules - côté,4,1,1,0,1,1,1,5,1,50,2,2,1,0,0,1,26.0,66.0,utilitaire_camion,voiture,2,2,3,1,3
201900013613,2019-02-04 00:00:00,2019,2,4,0,0,14,14327,PERIPHERIQUE (BOULEVARD),49.20137,-0.3498,Nuit sans éclairage public,En agglomération,Hors intersection,Normale,Autre collision,4,3,4,3,1,1,1,0,1,90,1,1,0,1,0,0,,,,,3,2,1,1,6
201900013614,2019-02-02 23:30:00,2019,2,2,23,30,30,30032,SAINT GILLES ROUTE DE,43.80097,4.61301,Nuit sans éclairage public,En agglomération,Intersection en T,Autre,Deux véhicules - côté,4,2,2,0,1,1,1,0,1,50,2,2,1,0,0,1,36.0,33.0,voiture,voiture,3,2,3,9,3
201900013615,2019-02-05 20:44:00,2019,2,5,20,44,13,13207,ENDOUME (RUE D'),43.286118,5.360449,Nuit avec éclairage allumé,En agglomération,Hors intersection,Normale,Autre collision,4,2,3,0,1,1,1,0,1,50,1,2,1,0,0,1,70.0,,voiture,,5,2,1,1,6
201900013616,2019-02-05 18:10:00,2019,2,5,18,10,13,13208,PRADO (AVENUE DU),43.26,5.38,Nuit avec éclairage allumé,En agglomération,Autre intersection,Normale,Deux véhicules - côté,4,2,6,3,1,1,1,0,1,50,2,2,0,0,0,2,70.0,35.0,voiture,voiture,5,2,9,1,3
201900013617,2019-02-05 11:35:00,2019,2,5,11,35,13,13201,SADI CARNOT (PLACE ),43.29953,5.37155,Plein jour,En agglomération,Giratoire,Normale,Deux véhicules - arrière,4,1,2,0,1,2,1,0,1,50,2,3,1,0,0,2,19.0,55.0,voiture,voiture,1,2,6,1,2
201900013618,2019-02-04 22:25:00,2019,2,4,22,25,13,13207,Corniche John Fitzgérald Kennedy,43.276506,5.358221,Nuit avec éclairage allumé,En agglomération,Hors intersection,Normale,Deux véhicules - frontale,4,3,2,0,1,1,1,0,1,50,2,2,1,0,0,1,40.0,22.0,deux_roues,utilitaire_camion,5,2,1,1,1
201900013619,2019-02-04 19:30:00,2019,2,4,19,30,13,13203,GUICHARD (RUE),43.315383,5.376057,Nuit avec éclairage allumé,En agglomération,Intersection en T,Normale,Autre collision,4,1,1,0,2,2,1,0,1,30,1,1,0,0,0,1,,,,,5,2,3,1,6
201900013620,2019-02-04 18:25:00,2019,2,4,18,25,13,13201,DUGOMMIER (BOULEVARD)     1 A 29,43.2982,5.38094,Nuit avec éclairage allumé,En agglomération,Hors intersection,Normale,Trois véhicules et plus - en chaîne,4,-1,5,0,1,1,1,0,1,50,3,4,3,0,0,1,19.0,28.0,deux_roues,voiture,5,2,1,1,4
201900013621,2019-02-04 15:30:00,2019,2,4,15,30,13,13214,ROLAND DORGELES (BOULEVARD),43.347365,5.378275,Plein jour,En agglomération,Hors intersection,Normale,Deux véhicules - frontale,4,2,2,0,1,1,1,0,1,50,2,3,2,0,0,1,84.0,23.0,voiture,voiture,1,2,1,1,1
201900013622,2019-02-04 13:30:00,2019,2,4,13,30,13,13210,ROMAIN ROLLAND (BOULEVARD),43.274932,5.415725,Plein jour,En agglomération,Hors intersection,Normale,Deux véhicules - arrière,4,2,4,0,1,1,1,0,1,50,2,2,1,0,0,1,44.0,23.0,voiture,deux_roues,1,2,1,1,2