accident_id,datetime,annee,mois,jour,heure,minute,departement,commune_insee,adresse,latitude,longitude,luminosite,agglomeration,intersection,meteo,collision,catr,circ,nbv,vosp,prof,plan,surf,infra,situ,vma,nb_vehicules,nb_usagers,nb_indemnes,nb_tues,nb_blesses_hosp,nb_blesses_legers,age_cond_1,age_cond_2,veh_type_cond_1,veh_type_cond_2,lum_code,agg_code,int_code,atm_code,col_code
201900013623,2019-02-04 14:15:00,2019,2,4,14,15,13,13205,DOCTEUR LÉON IMBERT (PLACE),43.2943,5.39809,Plein jour,En agglomération,Giratoire,Normale,Deux véhicules - côté,4,1,2,0,1,2,1,0,1,50,2,2,1,0,0,1,45.0,,deux_roues,voiture,1,2,6,1,3
201900013624,2019-02-04 12:50:00,2019,2,4,12,50,13,13209,MICHELET (BOULEVARD),43.2587,5.3992,Plein jour,En agglomération,Hors intersection,Normale,Deux véhicules - arrière,4,1,1,0,1,1,1,0,1,50,2,2,1,0,0,1,58.0,58.0,voiture,voiture,1,2,1,1,2
201900013625,2019-02-04 11:30:00,2019,2,4,11,30,13,13212,BOISERAIE (RUE),43.29521,5.42291,Plein jour,En agglomération,Hors intersection,Normale,Deux véhicules - côté,4,2,2,0,1,1,1,0,1,30,2,2,1,0,0,1,60.0,28.0,deux_roues,voiture,1,2,1,1,3
201900013626,2019-02-04 16:05:00,2019,2,4,16,5,13,13001,D'ORVES ESTIENNE (ALLEE D'),43.52221,5.42088,Plein jour,En agglomération,Intersection en T,Normale,Deux véhicules - côté,4,2,2,0,1,1,1,0,1,50,2,2,1,0,0,1,47.0,26.0,voiture,deux_roues,1,2,3,1,3
201900013627,2019-02-05 15:06:00,2019,2,5,15,6,10,10343,GENTILLY (RUE),48.27396,4.09723,Plein jour,En agglomération,Intersection en T,Temps éblouissant,Autre collision,4,1,1,0,1,3,1,0,1,50,1,1,0,0,0,1,,,,,1,2,3,7,6
201900013628,2019-02-04 07:48:00,2019,2,4,7,48,10,10387,COMTES DE CHAMPAGNE (QUAI DES),48.3000958,4.076495,Crépuscule ou aube,En agglomération,Hors intersection,Normale,Autre collision,7,3,4,0,1,1,1,0,1,50,1,2,1,0,0,1,34.0,,voiture,,2,2,1,1,6
201900013629,2019-02-04 06:58:00,2019,2,4,6,58,10,10325,EGALITE (RUE DE L'),48.26883,4.06208,Nuit avec éclairage allumé,En agglomération,Giratoire,Normale,Deux véhicules - côté,4,2,2,0,1,1,1,5,1,50,2,2,1,0,0,1,39.0,34.0,deux_roues,voiture,5,2,6,1,3
201900013630,2019-02-04 18:14:00,2019,2,4,18,14,6,06088,CESSOLE (BD DE) (A PARTIR DU 101-114),43.72214,7.250763,Nuit avec éclairage allumé,En agglomération,Hors intersection,Normale,Autre collision,4,-1,2,0,1,1,1,0,1,50,1,2,0,0,0,2,25.0,,deux_roues,,5,2,1,1,6
201900013631,2019-02-04 15:25:00,2019,2,4,15,25,6,06069,PEGOMAS (ROUTE DE),43.62567,6.92757,Plein jour,Hors agglomération,Hors intersection,Normale,Deux véhicules - côté,3,2,2,0,1,1,1,0,1,70,2,2,1,1,0,0,58.0,38.0,deux_roues,utilitaire_camion,1,1,1,1,3
201900013632,2019-02-03 18:40:00,2019,2,3,18,40,6,06027,DONAT AVENUE DOCTEUR MAURICE,43.66099,7.14536,Nuit avec éclairage allumé,En agglomération,Hors intersection,Normale,Deux véhicules - côté,4,2,2,0,1,1,1,0,1,50,2,2,1,0,0,1,30.0,51.0,voiture,deux_roues,5,2,1,1,3
201900013633,2019-02-03 18:50:00,2019,2,3,18,50,5,05061,MALCOMBE ( ROUTE DE ),44.557369,6.043505,Nuit sans éclairage public,En agglomération,Hors intersection,Normale,Deux véhicules - frontale,4,-1,2,0,2,2,1,0,1,50,2,2,1,0,0,1,20.0,70.0,voiture,voiture,3,2,1,1,1
201900013634,2019-02-01 14:00:00,2019,2,1,14,0,5,05061,JEAN JAURES ( AVENUE ),44.55593,6.07582,Plein jour,En agglomération,Intersection en T,Pluie forte,Deux véhicules - côté,2,2,3,2,1,1,2,0,1,50,2,2,1,0,0,1,22.0,37.0,deux_roues,voiture,1,2,3,3,3
201900013635,2019-02-01 10:30:00,2019,2,1,10,30,5,05061,ROUTE DE RAMBAUD,44.55939,6.11245,Plein jour,Hors agglomération,Hors intersection,Pluie forte,Sans collision,3,2,2,0,2,3,5,0,3,70,1,1,0,0,0,1,35.0,,voiture,,1,1,1,3,7
201900013636,2019-02-05 16:20:00,2019,2,5,16,20,1,01344,BRESSE (AVENUE DE),46.208068,5.201354,Plein jour,Hors agglomération,Hors intersection,Normale,Deux véhicules - arrière,3,2,2,0,1,1,1,0,1,70,2,5,3,0,0,2,53.0,89.0,voiture,voiture,1,1,1,1,2
201900013637,2019-02-04 19:25:00,2019,2,4,19,25,75,75120,PORTE DE MONTREUIL,48.859033,2.41411,Nuit avec éclairage non allumé,En agglomération,Hors intersection,Normale,Autre collision,4,1,4,0,1,1,2,0,1,70,2,1,0,0,0,1,40.0,,deux_roues,,4,2,1,1,6
201900013638,2019-02-04 16:45:00,2019,2,4,16,45,75,75118,PORTE DE CLIGNANCOURT,48.900935,2.338542,Plein jour,En agglomération,Hors intersection,Normale,Deux véhicules - arrière,4,1,4,0,1,1,1,0,1,70,2,2,1,0,0,1,34.0,56.0,voiture,deux_roues,1,2,1,1,2
201900013639,2019-01-18 08:30:00,2019,1,18,8,30,75,75120,BOULEVARD PERIPHERIQUE,48.852713,2.414464,Plein jour,En agglomération,Hors intersection,Normale,Deux véhicules - côté,4,1,4,0,1,1,1,0,1,70,2,2,1,0,0,1,33.0,57.0,voiture,deux_roues,1,2,1,1,3
201900013640,2019-02-05 18:40:00,2019,2,5,18,40,75,75116,AVENUE KLEBER,48.870731,2.29284,Nuit avec éclairage allumé,En agglomération,Hors intersection,Normale,Deux véhicules - côté,4,2,5,0,1,1,1,0,1,50,2,2,1,0,0,1,48.0,41.0,deux_roues,voiture,5,2,1,1,3
201900013641,2019-02-05 09:02:00,2019,2,5,9,2,75,75106,BOULEVARD DU MONTPARNASSE,48.841551,2.331169,Plein jour,En agglomération,Intersection en T,Normale,Autre collision,4,4,6,0,1,1,1,9,1,50,1,2,1,0,1,0,45.0,,utilitaire_camion,,1,2,3,1,6
201900013642,2019-02-03 14:57:00,2019,2,3,14,57,75,75107,AVENUE DU MARECHAL GALLIENI,48.85995,2.313098,Plein jour,En agglomération,Intersection en X,Normale,Autre collision,4,2,6,2,1,1,1,0,1,50,2,3,2,1,0,0,41.0,29.0,deux_roues,voiture,1,2,2,1,6
201900013643,2019-02-04 11:15:00,2019,2,4,11,15,75,75105,BOULEVARD DE PORT ROYAL,48.839247,2.338355,Plein jour,En agglomération,Intersection en T,Normale,Autre collision,4,2,4,0,1,1,1,0,1,30,1,2,1,0,0,1,52.0,,utilitaire_camion,,1,2,3,1,6
201900013644,2019-02-04 20:15:00,2019,2,4,20,15,75,75119,RUE DE L OURCQ,48.893802,2.37332,Nuit avec éclairage allumé,En agglomération,Intersection à plus de 4 branches,Normale,Autre collision,4,1,1,0,1,1,1,0,1,50,1,2,1,0,0,1,19.0,,voiture,,5,2,5,1,6
201900013645,2019-02-04 13:50:00,2019,2,4,13,50,75,75119,AVENUE DE LA PORTE DE LA VILLETTE,48.899077,2.386741,Plein jour,En agglomération,Hors intersection,Temps couvert,Deux véhicules - arrière,4,1,3,3,2,1,1,0,6,50,2,2,1,0,0,1,27.0,29.0,deux_roues,utilitaire_camion,1,2,1,8,2
201900013646,2019-02-05 02:15:00,2019,2,5,2,15,75,75118,RUE DU MONT CENIS,48.896041,2.346282,Nuit avec éclairage allumé,En agglomération,Place,Normale,Deux véhicules - côté,4,-1,0,0,1,1,1,0,1,50,2,2,1,0,0,1,22.0,32.0,deux_roues,voiture,5,2,7,1,3
201900013647,2019-02-04 17:20:00,2019,2,4,17,20,75,75118,BOULEVARD BARBES,48.88423,2.34947,Crépuscule ou aube,En agglomération,Intersection en T,Pluie légère,Autre collision,4,2,4,0,1,1,2,0,1,50,1,2,0,0,0,2,69.0,,deux_roues,,2,2,3,2,6
201900013648,2019-02-04 14:30:00,2019,2,4,14,30,75,75118,BOULEVARD ORNANO,48.89271,2.348749,Plein jour,En agglomération,Intersection en T,Normale,Deux véhicules - côté,4,2,4,0,1,1,1,5,1,50,2,2,1,0,0,1,34.0,40.0,deux_roues,utilitaire_camion,1,2,3,1,3
201900013649,2019-02-03 20:20:00,2019,2,3,20,20,75,75118,AVENUE DE SAINT OUEN,48.889449,2.326242,Nuit sans éclairage public,En agglomération,Hors intersection,Normale,Autre collision,4,2,2,0,2,1,1,0,1,50,1,2,1,0,0,1,30.0,,voiture,,3,2,1,1,6
201900013650,2019-02-04 13:30:00,2019,2,4,13,30,75,75117,BOULEVARD DE DOUAUMONT,48.895666,2.30712,Plein jour,En agglomération,Hors intersection,Normale,Autre collision,4,1,1,0,1,1,1,0,1,30,2,1,0,0,0,1,25.0,,deux_roues,,1,2,1,1,6
201900013651,2019-02-05 19:30:00,2019,2,5,19,30,75,75116,ROUTE DE SURESNES,48.865037,2.234444,Nuit avec éclairage allumé,En agglomération,Intersection en X,Normale,Deux véhicules - arrière,4,-1,2,0,1,1,1,9,1,50,2,2,1,0,0,1,60.0,54.0,voiture,deux_roues,5,2,2,1,2
201900013652,2019-02-05 10:25:00,2019,2,5,10,25,75,75116,RUE MESNIL,48.868256,2.284401,Plein jour,En agglomération,Hors intersection,Normale,Autre collision,4,1,1,0,1,1,1,0,1,20,1,1,0,0,0,1,,,,,1,2,1,1,6
201900013653,2019-02-03 02:55:00,2019,2,3,2,55,75,75116,ALLEE DE LONGCHAMP,48.86347,2.239386,Nuit avec éclairage allumé,En agglomération,Intersection en X,Normale,Deux véhicules - côté,4,2,4,0,1,1,1,0,1,50,2,3,2,0,0,1,24.0,29.0,voiture,deux_roues,5,2,2,1,3
201900013654,2019-02-05 20:00:00,2019,2,5,20,0,75,75115,RUE DE LA CONVENTION,48.838628,2.293362,Nuit avec éclairage allumé,En agglomération,Hors intersection,Normale,Deux véhicules - arrière,4,2,2,0,1,1,1,0,1,50,2,2,1,0,0,1,62.0,20.0,voiture,deux_roues,5,2,1,1,2
201900013655,2019-02-04 14:30:00,2019,2,4,14,30,75,75115,RUE VIOLET,48.845717,2.291394,Plein jour,En agglomération,Intersection en T,Normale,Autre collision,4,1,1,0,1,1,1,0,1,50,1,2,1,0,0,1,57.0,,voiture,,1,2,3,1,6
201900013656,2019-02-04 20:30:00,2019,2,4,20,30,75,75107,BOULEVARD DES INVALIDES,48.856212,2.314828,Nuit avec éclairage allumé,En agglomération,Intersection en T,Normale,Deux véhicules - côté,4,2,4,0,1,1,1,0,1,50,2,2,1,0,0,1,59.0,46.0,voiture,deux_roues,5,2,3,1,3
201900013657,2019-02-05 09:40:00,2019,2,5,9,40,75,75112,RUE VAN GOGH,48.844029,2.371952,Plein jour,En agglomération,Hors intersection,Normale,Sans collision,4,1,2,0,2,1,1,0,1,50,1,1,0,0,0,1,25.0,,deux_roues,,1,2,1,1,7
201900013658,2019-02-05 10:05:00,2019,2,5,10,5,75,75112,RUE DE CHARENTON,48.838397,2.389884,Plein jour,En agglomération,Hors intersection,Normale,Deux véhicules - côté,4,2,3,0,2,1,1,0,1,50,2,2,1,0,0,1,30.0,37.0,voiture,deux_roues,1,2,1,1,3
201900013659,2019-02-05 16:00:00,2019,2,5,16,0,75,75111,BOULEVARD VOLTAIRE,48.851322,2.390992,Plein jour,En agglomération,Hors intersection,Normale,Deux véhicules - côté,4,2,2,0,1,1,1,0,1,50,2,2,1,0,0,1,37.0,70.0,voiture,deux_roues,1,2,1,1,3
201900013660,2019-02-05 10:45:00,2019,2,5,10,45,75,75111,BOULEVARD VOLTAIRE,48.865363,2.367435,Plein jour,En agglomération,Hors intersection,Temps couvert,Deux véhicules - côté,4,2,4,0,1,1,1,0,1,50,2,2,1,0,0,1,38.0,30.0,utilitaire_camion,deux_roues,1,2,1,8,3
201900013661,2019-02-04 20:50:00,2019,2,4,20,50,75,75111,RUE AMELOT,48.859543,2.368184,Nuit avec éclairage allumé,En agglomération,Intersection en X,Normale,Sans collision,4,1,1,0,1,1,1,0,1,50,1,1,0,0,0,1,28.0,,deux_roues,,5,2,2,1,7
201900013662,2019-02-05 16:25:00,2019,2,5,16,25,75,75110,BOULEVARD DE MAGENTA,48.878894,2.353738,Plein jour,En agglomération,Hors intersection,Normale,Autre collision,4,2,4,0,2,1,1,0,1,50,1,1,0,0,0,1,,,,,1,2,1,1,6
201900013663,2019-02-04 14:15:00,2019,2,4,14,15,75,75110,IMPASSE BOUTRON,48.877432,2.361355,Plein jour,En agglomération,Intersection en T,Temps couvert,Autre collision,4,1,1,0,2,1,1,0,4,30,1,3,2,0,1,0,21.0,,voiture,,1,2,3,8,6
201900013664,2019-02-04 17:45:00,2019,2,4,17,45,75,75108,AVENUE MATIGNON,48.872604,2.314764,Crépuscule ou aube,En agglomération,Intersection en X,Pluie légère,Autre collision,4,1,3,0,1,1,2,5,1,50,1,1,0,0,0,1,82.0,,voiture,,2,2,2,2,6
201900013665,2019-02-04 08:23:00,2019,2,4,8,23,75,75107,ROND POINT DU BLEUET DE FRANCE,48.858432,2.313356,Crépuscule ou aube,En agglomération,Place,Normale,Sans collision,4,2,4,0,1,3,7,0,1,50,1,1,0,0,0,1,45.0,,deux_roues,,2,2,7,1,7
201900013666,2019-02-04 08:20:00,2019,2,4,8,20,75,75107,ROND POINT DU BLEUET DE FRANCE,48.858432,2.313356,Crépuscule ou aube,En agglomération,Place,Normale,Sans collision,4,2,4,2,1,3,7,0,1,50,1,1,0,0,0,1,46.0,,deux_roues,,2,2,7,1,7
201900013667,2019-02-04 18:50:00,2019,2,4,18,50,94,94074,HENRI BARBUSSE (AV),48.77,2.44,Nuit avec éclairage allumé,En agglomération,Hors intersection,Normale,Autre collision,2,3,4,0,1,4,1,0,1,50,1,1,0,0,0,1,52.0,,voiture,,5,2,1,1,6
201900013668,2019-02-05 16:50:00,2019,2,5,16,50,94,94046,GENERAL LECLERC (AV DU),48.81,2.42797,Plein jour,En agglomération,Hors intersection,Normale,Autre collision,3,1,4,0,1,1,1,0,1,50,2,2,1,0,0,1,23.0,17.0,voiture,deux_roues,1,2,1,1,6
201900013669,2019-02-04 08:30:00,2019,2,4,8,30,94,94021,CITE (AV DE LA),48.75954,2.3655,Plein jour,En agglomération,Hors intersection,Normale,Deux véhicules - arrière,4,1,1,0,1,1,7,7,1,50,2,2,1,0,0,1,43.0,58.0,deux_roues,voiture,1,2,1,1,2
201900013670,2019-02-02 10:45:00,2019,2,2,10,45,94,94017,JEAN JAURES (R),48.81574,2.50402,Plein jour,En agglomération,Intersection en X,Pluie légère,Deux véhicules - côté,3,2,2,0,1,1,2,0,1,50,2,2,1,0,0,1,38.0,49.0,voiture,voiture,1,2,2,2,3
201900013671,2019-02-04 17:10:00,2019,2,4,17,10,94,94071,CLOS DE VILLE (R DU),48.76624,2.52083,Plein jour,En agglomération,Intersection en T,Pluie légère,Autre collision,4,2,1,0,4,1,1,0,1,50,1,2,1,0,0,1,44.0,,voiture,,1,2,3,2,6
201900013672,2019-02-04 07:00:00,2019,2,4,7,0,93,93073,VAILLANT (BOULEVARD CHARLES),48.94796,2.58933,Nuit sans éclairage public,En agglomération,Hors intersection,Normale,Autre collision,4,2,2,0,1,1,1,0,1,50,2,1,0,0,0,1,29.0,,voiture,,3,2,1,1,6
201900013673,2019-02-04 19:10:00,2019,2,4,19,10,93,93045,JUIN AVENUE DU MARECHAL,48.880492,2.42186,Nuit avec éclairage allumé,En agglomération,Intersection en X,Normale,Deux véhicules - frontale,3,2,2,0,1,1,2,0,1,50,2,2,1,0,1,0,62.0,35.0,voiture,deux_roues,5,2,2,1,1
201900013674,2019-02-05 07:30:00,2019,2,5,7,30,93,93031,REPUBLIQUE (AVENUE),48.948062,2.338738,Nuit avec éclairage allumé,En agglomération,Intersection en T,Normale,Deux véhicules - côté,3,2,4,1,2,1,1,4,1,50,2,2,1,0,1,0,24.0,40.0,utilitaire_camion,voiture,5,2,3,1,3
201900013675,2019-02-04 08:40:00,2019,2,4,8,40,93,93057,CALMANOVIC (AL. LOUIS),48.90929,2.50328,Plein jour,En agglomération,Intersection en T,Normale,Trois véhicules et plus - en chaîne,3,3,6,0,1,1,1,0,1,50,3,3,2,0,0,1,44.0,26.0,voiture,voiture,1,2,3,1,4
201900013676,2019-02-05 09:03:00,2019,2,5,9,3,92,92073,FUSILLES DE LA RESISTANCE 1940-1945 (ROU,48.879049,2.217881,Plein jour,En agglomération,Autre intersection,Normale,Deux véhicules - côté,3,2,2,0,1,1,1,9,1,50,2,2,1,0,0,1,48.0,23.0,deux_roues,autre,1,2,9,1,3
201900013677,2019-02-04 14:00:00,2019,2,4,14,0,92,92062,JEAN MOULIN (AVENUE),48.889,2.24121,Plein jour,En agglomération,Hors intersection,Pluie légère,Deux véhicules - arrière,3,1,1,0,2,3,2,0,1,50,2,2,1,0,0,1,33.0,32.0,deux_roues,utilitaire_camion,1,2,1,2,2
201900013678,2019-02-03 17:30:00,2019,2,3,17,30,92,92024,VICTOR HUGO (BD),48.8994031,2.3136479,Plein jour,En agglomération,Hors intersection,Normale,Deux véhicules - arrière,3,2,2,0,1,1,1,0,1,50,2,3,2,0,0,1,34.0,34.0,voiture,voiture,1,2,1,1,2
201900013679,2019-02-01 20:20:00,2019,2,1,20,20,92,92024,CLICHY (QUAI DE) DE (8 A 60),48.9082817,2.2998753,Nuit avec éclairage allumé,En agglomération,Intersection en X,Pluie forte,Deux véhicules - côté,3,2,4,0,1,1,2,0,1,50,2,1,0,0,0,1,25.0,,deux_roues,,5,2,2,3,3
201900013680,2019-02-04 07:25:00,2019,2,4,7,25,92,92012,BELLEVUE (RUE DE) 1/71BIS - 2/72,48.8411,2.23029,Nuit avec éclairage allumé,En agglomération,Intersection en T,Normale,Deux véhicules - côté,4,2,2,0,1,1,1,0,1,50,2,2,1,0,0,1,25.0,19.0,deux_roues,deux_roues,5,2,3,1,3
201900013681,2019-02-06 07:15:00,2019,2,6,7,15,69,69280,ROUTE DE PUSIGNAN,45.80006,5.08449,Crépuscule ou aube,En agglomération,Hors intersection,Brouillard / fumée,Deux véhicules - frontale,4,4,2,0,1,1,1,0,1,30,2,3,1,0,1,1,40.0,54.0,voiture,voiture,2,2,1,5,1
201900013682,2019-02-04 17:10:00,2019,2,4,17,10,11,11203,AVENUE LEO LAGRANGE,43.190359,2.754722,Plein jour,En agglomération,Hors intersection,Normale,Deux véhicules - arrière,4,2,2,0,1,1,1,0,1,50,2,2,1,0,1,0,22.0,34.0,voiture,deux_roues,1,2,1,1,2
201900013683,2019-02-01 15:10:00,2019,2,1,15,10,22,22180,RN 176,48.4273526,-2.2257749,Plein jour,Hors agglomération,Hors intersection,Normale,Sans collision,2,3,4,0,1,1,1,0,3,110,1,1,0,0,1,0,74.0,,voiture,,1,1,1,1,7
201900013684,2019-02-05 21:00:00,2019,2,5,21,0,971,97109,RN 1,16.005406,-61.679727,Nuit avec éclairage allumé,En agglomération,Hors intersection,Normale,Autre collision,2,-1,3,0,2,1,1,1,1,70,1,2,1,0,1,0,29.0,,voiture,,5,2,1,1,6
201900013685,2019-02-04 18:30:00,2019,2,4,18,30,62,62221,D77,50.3826,2.4658548,Nuit sans éclairage public,Hors agglomération,Hors intersection,Autre,Deux véhicules - arrière,3,2,2,0,1,1,2,0,1,80,2,1,0,0,1,0,48.0,,deux_roues,,3,1,1,9,2
201900013686,2019-02-05 23:50:00,2019,2,5,23,50,29,29189,Rue du dispensaire,48.375501,-4.367763,Nuit avec éclairage allumé,En agglomération,Giratoire,Pluie légère,Autre collision,4,1,1,0,1,1,2,0,4,50,1,2,1,0,0,1,23.0,,voiture,,5,2,6,2,6
201900013687,2019-02-05 19:35:00,2019,2,5,19,35,57,57089,Route Départementale 962,49.0601166,7.4344182,Nuit sans éclairage public,Hors agglomération,Hors intersection,Normale,Autre collision,3,2,2,0,1,1,1,0,3,80,1,1,0,1,0,0,24.0,,voiture,,3,1,1,1,6
201900013688,2019-02-06 15:30:00,2019,2,6,15,30,59,59331,Route de Guise,50.110289,3.692783,Plein jour,Hors agglomération,Hors intersection,Normale,Deux véhicules - côté,3,2,2,0,2,1,1,0,1,70,2,5,3,1,0,1,88.0,36.0,voiture,voiture,1,1,1,1,3
201900013689,2019-02-01 14:38:00,2019,2,1,14,38,79,79172,,46.560834,-0.30376,Plein jour,Hors agglomération,Hors intersection,Normale,Autre collision,3,4,3,0,2,1,1,9,3,90,1,1,0,0,0,1,58.0,,utilitaire_camion,,1,1,1,1,6
201900013690,2019-02-05 19:05:00,2019,2,5,19,5,80,80096,rue de bas,50.078226,1.505458,Nuit avec éclairage allumé,En agglomération,Hors intersection,Normale,Deux véhicules - frontale,3,2,2,0,4,3,1,0,1,50,2,2,1,0,0,1,81.0,47.0,voiture,voiture,5,2,1,1,1
201900013691,2019-02-05 10:00:00,2019,2,5,10,0,80,80373,69 rue charles de gaulle,49.985633,1.55742,Plein jour,En agglomération,Hors intersection,Normale,Deux véhicules - frontale,3,2,2,0,1,1,1,0,1,50,2,3,0,0,0,3,64.0,67.0,voiture,voiture,1,2,1,1,1
201900013692,2019-02-01 19:00:00,2019,2,1,19,0,63,63233,Départementale 2144,46.188864,2.793521,Nuit sans éclairage public,Hors agglomération,Hors intersection,Normale,Deux véhicules - côté,3,2,2,0,1,1,1,0,1,80,2,2,1,0,0,1,33.0,68.0,voiture,voiture,3,1,1,1,3
201900013693,2019-01-30 12:15:00,2019,1,30,12,15,49,49125,route de montreuil - DOUE LA FONTAINE,47.189829,-0.268626,Plein jour,En agglomération,Intersection en X,Normale,Deux véhicules - côté,7,2,2,0,1,1,1,0,1,50,2,2,1,0,0,1,18.0,72.0,deux_roues,voiture,1,2,2,1,3
201900013694,2019-02-05 12:15:00,2019,2,5,12,15,42,42052,RD 487,46.171303,4.191847,Plein jour,Hors agglomération,Hors intersection,Normale,Deux véhicules - frontale,3,2,2,0,1,3,1,2,1,80,2,2,0,1,1,0,76.0,49.0,voiture,voiture,1,1,1,1,1
201900013695,2019-02-05 08:10:00,2019,2,5,8,10,34,34074,RD14 PK46+600,43.448991,3.050629,Crépuscule ou aube,Hors agglomération,Hors intersection,Normale,Autre collision,3,2,2,0,1,1,1,0,8,80,1,2,0,0,2,0,33.0,,voiture,,2,1,1,1,6
201900013696,2019-02-06 11:55:00,2019,2,6,11,55,68,68374,Rte départementale D417,48.064507,7.244944,Plein jour,Hors agglomération,Hors intersection,Normale,Deux véhicules - frontale,3,2,2,0,1,2,1,0,1,80,2,3,1,0,0,2,47.0,20.0,utilitaire_camion,utilitaire_camion,1,1,1,1,1
201900013697,2019-02-05 08:25:00,2019,2,5,8,25,44,44102,la jaunaie,47.0657641,-1.4716772,Crépuscule ou aube,Hors agglomération,Hors intersection,Pluie légère,Deux véhicules - frontale,3,2,2,0,1,1,2,0,1,80,2,2,1,0,0,1,37.0,24.0,voiture,voiture,2,1,1,2,1
201900013698,2019-02-03 15:35:00,2019,2,3,15,35,35,35327,RN 157 PK 31+980,48.102068,-1.448253,Plein jour,Hors agglomération,Hors intersection,Normale,Deux véhicules - arrière,2,3,4,0,1,1,1,0,1,110,2,3,1,0,1,1,27.0,56.0,voiture,voiture,1,1,1,1,2
201900013699,2019-02-04 08:10:00,2019,2,4,8,10,29,29196,rue Paotr Térouré,48.526994,-4.612135,Nuit avec éclairage allumé,En agglomération,Place,Pluie légère,Autre collision,4,1,1,0,1,1,2,6,1,-1,1,2,1,0,0,1,40.0,,voiture,,5,2,7,2,6
201900013700,2019-02-05 12:40:00,2019,2,5,12,40,29,29075,85 rue Anne de Bretagne,48.43627,-4.40616,Plein jour,En agglomération,Autre intersection,Normale,Autre collision,6,-1,0,0,1,1,1,9,8,50,1,2,1,0,1,0,31.0,,voiture,,1,2,9,1,6
201900013701,2019-02-04 19:15:00,2019,2,4,19,15,38,38130,CAMILLE JOUFFRAY(PLACE),45.353177,5.264841,Plein jour,En agglomération,Autre intersection,Normale,Deux véhicules - arrière,3,2,2,0,1,1,1,0,1,80,2,1,0,0,1,0,17.0,,deux_roues,,1,2,9,1,2
201900013702,2019-02-05 16:25:00,2019,2,5,16,25,38,38126,avenue du cèdre,45.208558,5.754469,Plein jour,En agglomération,Hors intersection,Normale,Autre collision,4,2,2,0,2,1,1,6,1,50,1,2,1,0,1,0,48.0,,voiture,,1,2,1,1,6
201900013703,2019-02-05 15:40:00,2019,2,5,15,40,2,02238,D1044,49.596632,3.527422,Plein jour,Hors agglomération,Hors intersection,Temps éblouissant,Deux véhicules - frontale,3,2,2,0,1,1,1,0,1,80,2,3,1,0,2,0,63.0,56.0,voiture,utilitaire_camion,1,1,1,7,1
201900013704,2019-02-06 07:00:00,2019,2,6,7,0,70,70117,RN 19 rue de belfort,47.64688,6.774558,Crépuscule ou aube,Hors agglomération,Hors intersection,Autre,Sans collision,3,2,3,0,3,2,7,0,3,80,1,1,0,0,0,1,22.0,,voiture,,2,1,1,9,7
201900013705,2019-02-05 23:15:00,2019,2,5,23,15,58,58195,ROUTE DÉPARTEMENTALE 30,46.753334,3.722812,Nuit sans éclairage public,Hors agglomération,Hors intersection,Normale,Autre collision,3,2,2,0,1,3,1,0,1,80,1,1,0,0,0,1,32.0,,voiture,,3,1,1,1,6
201900013706,2019-02-05 10:00:00,2019,2,5,10,0,54,54069,D906 entre pk35 et pk36,49.388791,5.918396,Plein jour,Hors agglomération,Hors intersection,Normale,Deux véhicules - arrière,3,2,2,0,1,1,1,0,1,80,2,2,0,0,0,2,27.0,31.0,voiture,voiture,1,1,1,1,2
201900013707,2019-01-12 08:15:00,2019,1,12,8,15,54,54069,RD 906,49.388644,5.917961,Plein jour,Hors agglomération,Hors intersection,Temps couvert,Autre collision,3,2,2,0,1,1,2,0,3,80,2,2,1,0,0,1,35.0,28.0,voiture,voiture,1,1,1,8,6
201900013708,2019-02-04 07:45:00,2019,2,4,7,45,6,06059,861 Boulevard Maréchal Leclerc,43.733361,7.354668,Plein jour,En agglomération,Hors intersection,Normale,Sans collision,4,2,2,0,2,1,1,0,1,50,1,1,0,0,1,0,20.0,,deux_roues,,1,2,1,1,7
201900013709,2019-02-06 10:30:00,2019,2,6,10,30,5,05179,route de Gap,44.536081,5.831223,Plein jour,En agglomération,Autre intersection,Normale,Autre collision,5,-1,2,0,1,1,1,0,8,30,1,2,1,0,0,1,26.0,,utilitaire_camion,,1,2,9,1,6
201900013710,2019-02-06 17:00:00,2019,2,6,17,0,60,60423,D66,49.497315,2.911549,Plein jour,Hors agglomération,Hors intersection,Normale,Autre collision,3,2,2,0,1,4,2,0,3,70,1,2,0,1,0,1,19.0,,voiture,,1,1,1,1,6
201900013711,2019-10-15 18:20:00,2019,10,15,18,20,91,91114,GRANDE RUE,48.698,2.5035,Plein jour,En agglomération,Hors intersection,Temps couvert,Autre collision,4,1,1,0,1,1,1,0,1,50,1,3,2,0,0,1,37.0,,voiture,,1,2,1,8,6
201900013712,2019-10-12 05:30:00,2019,10,12,5,30,89,89236,D 606,48.17831,3.29827,Nuit sans éclairage public,Hors agglomération,Hors intersection,Normale,Deux véhicules - frontale,3,2,2,0,1,1,1,0,1,80,2,2,0,0,1,1,34.0,25.0,voiture,voiture,3,1,1,1,1
201900013713,2019-10-15 13:19:00,2019,10,15,13,19,87,87050,LIMOGES (AVENUE DE),45.85879,1.24224,Plein jour,Hors agglomération,Hors intersection,Pluie légère,Autre collision,3,2,2,0,2,2,2,0,1,70,1,1,0,0,0,1,36.0,,voiture,,1,1,1,2,6
201900013714,2019-10-15 13:35:00,2019,10,15,13,35,80,80021,VERRIER LEBEL (RUE),49.90194,2.27428,Plein jour,En agglomération,Hors intersection,Normale,Autre collision,4,1,1,0,1,1,1,0,1,30,1,2,1,0,0,1,22.0,,voiture,,1,2,1,1,6
201900013715,2019-10-15 18:00:00,2019,10,15,18,0,80,80021,ROCADE NORD EST RN 25,49.92743,2.30487,Plein jour,Hors agglomération,Hors intersection,Normale,Autre collision,2,3,4,0,1,1,1,0,1,110,1,1,0,0,0,1,65.0,,voiture,,1,1,1,1,6