accident_id,datetime,annee,mois,jour,heure,minute,departement,commune_insee,adresse,latitude,longitude,luminosite,agglomeration,intersection,meteo,collision,catr,circ,nbv,vosp,prof,plan,surf,infra,situ,vma,nb_vehicules,nb_usagers,nb_indemnes,nb_tues,nb_blesses_hosp,nb_blesses_legers,age_cond_1,age_cond_2,veh_type_cond_1,veh_type_cond_2,lum_code,agg_code,int_code,atm_code,col_code
201900013806,2019-10-15 20:20:00,2019,10,15,20,20,67,67447,Autoroute A.4,48.6111166,7.7269656,Nuit sans éclairage public,Hors agglomération,Hors intersection,Pluie légère,Trois véhicules et plus - collisions multiples,1,3,3,0,1,1,2,0,1,90,3,3,2,0,0,1,50.0,44.0,voiture,utilitaire_camion,3,1,1,2,5
201900013807,2019-10-16 17:15:00,2019,10,16,17,15,33,33013,RN230 - éch24 - véhicule B arrêté au feu rouge de régulation,44.8442,-0.50141,Plein jour,Hors agglomération,Hors intersection,Normale,Deux véhicules - arrière,2,3,3,0,1,1,1,3,1,50,2,2,1,0,0,1,47.0,34.0,voiture,voiture,1,1,1,1,2
201900013808,2019-10-16 17:20:00,2019,10,16,17,20,91,91363,RN 104,48.6534,2.1789,Plein jour,Hors agglomération,Hors intersection,Pluie légère,Trois véhicules et plus - collisions multiples,2,1,2,0,1,1,2,0,1,90,3,3,1,0,0,2,37.0,36.0,voiture,voiture,1,1,1,2,5
201900013809,2019-10-16 11:00:00,2019,10,16,11,0,94,94021,AUTOROUTE A6A,48.76835,2.34465,Plein jour,Hors agglomération,Hors intersection,Pluie légère,Deux véhicules - arrière,1,3,6,0,1,1,2,0,1,90,2,2,1,0,0,1,33.0,27.0,deux_roues,voiture,1,1,1,2,2
201900013810,2019-10-16 09:06:00,2019,10,16,9,6,91,91064,RD 444,48.74697,2.21934,Plein jour,Hors agglomération,Hors intersection,Pluie légère,Sans collision,3,1,1,0,2,3,2,0,1,50,1,1,0,0,0,1,45.0,,deux_roues,,1,1,1,2,7
201900013811,2019-10-16 08:10:00,2019,10,16,8,10,91,91471,RN 118,48.69053,2.19185,Plein jour,Hors agglomération,Hors intersection,Pluie légère,Deux véhicules - côté,2,3,6,0,2,1,2,0,2,110,2,2,1,0,0,1,44.0,27.0,deux_roues,voiture,1,1,1,2,3
201900013812,2019-10-16 02:23:00,2019,10,16,2,23,92,92012,A13,48.8485308,2.2278019,Nuit avec éclairage allumé,Hors agglomération,Hors intersection,Pluie légère,Autre collision,1,1,2,0,1,2,2,2,1,70,1,1,0,0,0,1,29.0,,deux_roues,,5,1,1,2,6
201900013813,2019-10-16 16:45:00,2019,10,16,16,45,93,93048,AUTOROUTE A3,48.87052,2.43132,Plein jour,Hors agglomération,Hors intersection,Pluie légère,Deux véhicules - côté,1,3,8,0,1,3,2,0,1,90,2,3,2,0,0,1,19.0,31.0,voiture,deux_roues,1,1,1,2,3
201900013814,2019-10-16 09:50:00,2019,10,16,9,50,95,95572,AUTOROUTE A15,49.03201,2.10689,Plein jour,Hors agglomération,Hors intersection,Pluie légère,Autre collision,1,1,2,0,2,2,2,3,1,70,1,2,0,0,0,2,30.0,,voiture,,1,1,1,2,6
201900013815,2019-10-15 22:30:00,2019,10,15,22,30,60,60631,AUTOROUTE A1,49.16404,2.59831,Nuit sans éclairage public,Hors agglomération,Hors intersection,Normale,Deux véhicules - côté,1,3,6,0,1,3,1,0,1,130,2,2,1,0,0,1,45.0,35.0,utilitaire_camion,utilitaire_camion,3,1,1,1,3
201900013816,2019-10-15 19:40:00,2019,10,15,19,40,93,93005,AUTOROUTE A3,48.95892,2.47338,Nuit sans éclairage public,Hors agglomération,Hors intersection,Normale,Deux véhicules - arrière,1,3,6,0,1,1,2,0,1,90,2,2,1,0,1,0,28.0,40.0,utilitaire_camion,deux_roues,3,1,1,1,2
201900013817,2019-10-15 13:13:00,2019,10,15,13,13,95,95127,AUTOROUTE A15,49.04651,2.07338,Plein jour,Hors agglomération,Hors intersection,Normale,Deux véhicules - côté,1,3,6,0,1,1,1,0,1,90,2,2,1,0,0,1,53.0,30.0,utilitaire_camion,voiture,1,1,1,1,3
201900013818,2019-10-09 20:30:00,2019,10,9,20,30,95,95527,AUTOROUTE A1,49.01035,2.52882,Nuit sans éclairage public,Hors agglomération,Hors intersection,Normale,Autre collision,1,3,6,0,1,1,2,0,1,110,1,1,0,0,0,1,26.0,,voiture,,3,1,1,1,6
201900013819,2019-10-16 09:00:00,2019,10,16,9,0,94,94033,A86.EXT,48.860882,2.4842772,Plein jour,Hors agglomération,Hors intersection,Normale,Trois véhicules et plus - en chaîne,1,3,2,0,1,1,2,1,1,90,3,3,2,0,0,1,19.0,60.0,deux_roues,voiture,1,1,1,1,4
201900013820,2019-10-16 07:00:00,2019,10,16,7,0,94,94065,A86 INT,48.7535,2.3636,Nuit avec éclairage allumé,Hors agglomération,Hors intersection,Pluie légère,Trois véhicules et plus - en chaîne,1,3,4,0,1,1,2,0,1,90,3,3,2,0,0,1,23.0,56.0,voiture,voiture,5,1,1,2,4
201900013821,2019-10-14 09:10:00,2019,10,14,9,10,69,69259,FRANCIS DE PRESSENSE                (AV),45.72739,4.86204,Plein jour,En agglomération,Intersection en X,Normale,Deux véhicules - côté,4,1,1,0,1,1,1,5,1,50,2,2,1,0,0,1,48.0,41.0,utilitaire_camion,utilitaire_camion,1,2,2,1,3
201900013822,2019-10-14 06:50:00,2019,10,14,6,50,972,97209,BALATA (ROUTE DE),14.62075,-61.06996,Plein jour,En agglomération,Hors intersection,Pluie légère,Sans collision,2,2,2,0,2,2,2,0,1,50,1,1,0,0,0,1,30.0,,deux_roues,,1,2,1,2,7
201900013823,2019-10-13 16:30:00,2019,10,13,16,30,77,77186,RD148 carrefour DIANE à SORQUES,48.3766,2.7396,Plein jour,Hors agglomération,Intersection en X,Normale,Deux véhicules - côté,3,2,2,0,1,1,1,5,1,70,2,2,1,0,1,0,44.0,49.0,voiture,deux_roues,1,1,2,1,3
201900013824,2019-09-20 08:05:00,2019,9,20,8,5,73,73029,D1006  CHALLES (ROUTE DE),45.5700561,5.9467213,Plein jour,En agglomération,Intersection en T,Normale,Deux véhicules - arrière,3,2,2,0,1,1,1,0,1,50,2,2,1,0,1,0,37.0,16.0,voiture,deux_roues,1,2,3,1,2
201900013825,2019-09-06 08:05:00,2019,9,6,8,5,73,73065,DESFRANCOIS (AVENUE DU DOCTEUR),45.5687457,5.9286014,Plein jour,En agglomération,Hors intersection,Normale,Deux véhicules - arrière,4,2,2,0,1,1,1,0,1,50,2,2,1,0,0,1,43.0,13.0,voiture,deux_roues,1,2,1,1,2
201900013826,2019-10-14 20:30:00,2019,10,14,20,30,63,63113,LAFAYETTE (BD),45.7721059,3.0985299,Nuit avec éclairage allumé,En agglomération,Intersection en Y,Temps couvert,Deux véhicules - côté,4,2,2,0,1,1,2,0,1,50,2,2,1,0,1,0,27.0,42.0,voiture,deux_roues,5,2,4,8,3
201900013827,2019-10-12 18:56:00,2019,10,12,18,56,63,63308,BREUIL (CHEMIN DU),45.76548,3.04223,Plein jour,En agglomération,Autre intersection,Normale,Deux véhicules - côté,4,2,2,0,1,1,1,0,1,50,2,2,1,0,0,1,29.0,25.0,voiture,voiture,1,2,9,1,3
201900013828,2019-10-11 11:04:00,2019,10,11,11,4,63,63113,JACOBINS (RUE DES),45.7813261,3.0938159,Plein jour,En agglomération,Hors intersection,Normale,Autre collision,4,1,1,0,1,1,1,0,1,30,2,2,0,0,0,2,62.0,58.0,voiture,voiture,1,2,1,1,6
201900013829,2019-10-10 12:55:00,2019,10,10,12,55,63,63113,DUMAS (BD J.BAPTISTE),45.78396,3.09405,Plein jour,En agglomération,Hors intersection,Normale,Deux véhicules - côté,4,2,-1,2,1,1,1,9,1,50,2,2,1,0,0,1,22.0,31.0,voiture,deux_roues,1,2,1,1,3
201900013830,2019-10-10 08:54:00,2019,10,10,8,54,63,63113,CRISTAL (AVENUE ERNEST),45.75862,3.14539,Plein jour,En agglomération,Hors intersection,Normale,Autre collision,7,2,4,0,1,1,1,0,1,50,2,2,1,0,0,1,24.0,39.0,deux_roues,voiture,1,2,1,1,6
201900013831,2019-10-09 10:50:00,2019,10,9,10,50,63,63113,DUMAS (BD J.BAPTISTE),45.78637,3.09178,Plein jour,En agglomération,Hors intersection,Normale,Autre collision,4,2,3,0,1,1,2,0,1,50,2,3,2,0,1,0,27.0,30.0,voiture,voiture,1,2,1,1,6
201900013832,2019-09-19 17:30:00,2019,9,19,17,30,62,62215,anne frank,50.496,2.963,Plein jour,En agglomération,Intersection en T,Normale,Deux véhicules - côté,4,2,2,0,1,1,1,0,1,50,2,2,1,0,1,0,29.0,10.0,utilitaire_camion,deux_roues,1,2,3,1,3
201900013833,2019-10-11 09:50:00,2019,10,11,9,50,45,45234,AV DE LA LIBERATION,47.91956,1.90224,Plein jour,En agglomération,Hors intersection,Normale,Deux véhicules - côté,4,2,3,0,1,1,1,0,1,50,2,2,1,0,0,1,72.0,30.0,voiture,deux_roues,1,2,1,1,3
201900013834,2019-10-14 10:10:00,2019,10,14,10,10,27,27229,CARNOT (RUE),49.029126,1.179724,Plein jour,En agglomération,Intersection en X,Normale,Deux véhicules - côté,4,2,2,0,1,1,1,0,1,50,2,2,1,0,0,1,64.0,36.0,voiture,voiture,1,2,2,1,3
201900013835,2019-10-10 10:10:00,2019,10,10,10,10,25,25036,RD673,47.21275,5.93699,Plein jour,Hors agglomération,Hors intersection,Pluie légère,Sans collision,3,3,4,0,1,2,8,0,1,90,1,1,0,0,0,1,42.0,,voiture,,1,1,1,2,7
201900013836,2019-10-13 23:10:00,2019,10,13,23,10,13,13206,LIEUTAUD (COURS),43.29326,5.38231,Nuit avec éclairage allumé,En agglomération,Hors intersection,Normale,Autre collision,4,2,2,0,1,1,1,0,1,50,1,1,0,0,1,0,62.0,,deux_roues,,5,2,1,1,6
201900013837,2019-10-13 16:30:00,2019,10,13,16,30,13,13201,LIEUTAUD (COURS)      2 A 52,43.295073,5.381722,Plein jour,En agglomération,Hors intersection,Normale,Autre collision,4,2,4,0,1,1,1,0,1,50,1,2,1,0,0,1,23.0,,deux_roues,,1,2,1,1,6
201900013838,2019-10-10 00:20:00,2019,10,10,0,20,13,13202,TOURETTE (QUAI DE LA),43.298021,5.36318,Nuit avec éclairage allumé,En agglomération,Hors intersection,Normale,Autre collision,4,1,1,0,1,1,1,0,1,50,2,2,0,0,0,2,18.0,,deux_roues,,5,2,1,1,6
201900013839,2019-08-23 09:35:00,2019,8,23,9,35,11,11069,RD 6161 - Rocade Ouest,43.2002,2.3258,Plein jour,Hors agglomération,Hors intersection,Normale,Deux véhicules - côté,3,2,2,0,2,1,1,0,1,70,2,2,1,0,1,0,51.0,58.0,deux_roues,utilitaire_camion,1,1,1,1,3
201900013840,2019-10-14 07:45:00,2019,10,14,7,45,10,10343,BOIS DORIEUX (RUE),48.281239,4.1003224,Plein jour,En agglomération,Autre intersection,Normale,Deux véhicules - arrière,4,1,1,0,1,1,1,5,1,50,2,2,1,0,0,1,18.0,60.0,deux_roues,voiture,1,2,9,1,2
201900013841,2019-10-11 15:35:00,2019,10,11,15,35,988,98818,RUE TEYSSANDIER DE LAUBAREDE,-22.26234,166.44995,Plein jour,En agglomération,Hors intersection,Normale,Deux véhicules - frontale,4,2,2,0,3,3,1,0,1,50,2,2,0,0,1,1,35.0,25.0,deux_roues,deux_roues,1,2,1,1,1
201900013842,2019-10-14 06:25:00,2019,10,14,6,25,976,97611,kaweni-Massakini (rue),-12.75984,45.22729,Plein jour,En agglomération,Hors intersection,Normale,Deux véhicules - arrière,2,2,0,0,1,1,1,0,1,50,2,3,0,0,0,3,23.0,33.0,deux_roues,deux_roues,1,2,1,1,2
201900013843,2019-10-15 17:30:00,2019,10,15,17,30,974,97416,PERE MAITRE(RUE DU),-21.28597,55.46959,Plein jour,En agglomération,Autre intersection,Normale,Autre collision,3,2,2,0,2,1,1,9,-1,50,1,2,1,0,0,1,67.0,,voiture,,1,2,9,1,6
201900013844,2019-10-14 20:35:00,2019,10,14,20,35,974,97416,RN2 (1),-21.33461,55.48601,Nuit sans éclairage public,Hors agglomération,Hors intersection,Normale,Trois véhicules et plus - collisions multiples,2,2,2,0,2,1,1,0,1,80,3,4,3,0,1,0,34.0,52.0,deux_roues,voiture,3,1,1,1,5
201900013845,2019-10-05 10:00:00,2019,10,5,10,0,974,97416,LENORMAND(CHEMIN),-21.28126,55.4376,Plein jour,Hors agglomération,Intersection en T,Normale,Deux véhicules - frontale,4,2,2,0,1,1,1,5,1,50,2,2,1,0,0,1,15.0,42.0,deux_roues,voiture,1,1,3,1,1
201900013846,2019-10-15 13:55:00,2019,10,15,13,55,974,97411,LECLERC (DU MARECHAL),-20.88117,55.45891,Plein jour,En agglomération,Hors intersection,Pluie légère,Sans collision,4,3,3,3,1,1,2,0,1,50,1,1,0,0,0,1,55.0,,deux_roues,,1,2,1,2,7
201900013847,2019-10-10 18:10:00,2019,10,10,18,10,974,97411,REPUBLIQUE (RUE DE LA),-20.87987,55.44648,Nuit avec éclairage allumé,En agglomération,Hors intersection,Normale,Autre collision,4,2,2,0,1,1,1,6,1,50,1,1,0,0,1,0,75.0,,deux_roues,,5,2,1,1,6
201900013848,2019-10-10 09:58:00,2019,10,10,9,58,974,97411,COCTEAU (JEAN),-20.89005,55.46722,Plein jour,En agglomération,Hors intersection,Normale,Deux véhicules - arrière,4,2,0,0,1,1,1,0,2,30,2,2,1,0,0,1,34.0,19.0,voiture,deux_roues,1,2,1,1,2
201900013849,2019-10-11 16:46:00,2019,10,11,16,46,973,97302,ROUTE NATIONALE 3,4.9047157,-52.3186541,Plein jour,En agglomération,Hors intersection,Normale,Autre collision,3,2,0,0,1,1,1,0,1,50,2,2,1,0,1,0,28.0,55.0,deux_roues,utilitaire_camion,1,2,1,1,6
201900013850,2019-10-11 08:20:00,2019,10,11,8,20,973,97302,EOLE (RESIDENCE) RTE DE BADUEL,4.9285263,-52.2938517,Plein jour,En agglomération,Hors intersection,Temps couvert,Autre collision,3,2,2,0,2,1,1,0,1,50,2,2,1,0,0,1,30.0,31.0,deux_roues,utilitaire_camion,1,2,1,8,6
201900013851,2019-10-11 07:00:00,2019,10,11,7,0,973,97302,BADUEL (ROUTE DE),4.9331066,-52.3096418,Plein jour,En agglomération,Giratoire,Temps couvert,Deux véhicules - côté,3,2,2,0,1,1,1,0,1,50,2,2,1,0,0,1,32.0,23.0,transport_commun,deux_roues,1,2,6,8,3
201900013852,2019-10-15 07:55:00,2019,10,15,7,55,69,69388,GENERAL FRERE (DU)                  (AV),45.73097,4.87724,Plein jour,En agglomération,Hors intersection,Pluie forte,Autre collision,4,2,2,0,1,1,2,0,1,50,1,2,1,0,1,0,17.0,,voiture,,1,2,1,3,6
201900013853,2019-10-15 07:40:00,2019,10,15,7,40,69,69383,FEUILLAT                            (R ),45.75181,4.87655,Crépuscule ou aube,En agglomération,Intersection en T,Pluie forte,Autre collision,4,2,3,0,1,1,2,0,1,30,1,2,1,0,0,1,55.0,,voiture,,2,2,3,3,6
201900013854,2019-10-15 09:00:00,2019,10,15,9,0,69,69387,JEAN JAURES                         (AV),45.73818,4.83767,Crépuscule ou aube,En agglomération,Intersection en X,Pluie forte,Autre collision,4,2,4,0,1,1,2,5,1,50,1,2,1,0,0,1,81.0,,voiture,,2,2,2,3,6
201900013855,2019-10-12 02:00:00,2019,10,12,2,0,69,69387,DEBOURG                             (AV),45.73148,4.82786,Nuit avec éclairage allumé,En agglomération,Intersection en X,Normale,Sans collision,4,2,3,3,1,1,1,0,1,50,1,1,0,0,0,1,26.0,,deux_roues,,5,2,2,1,7
201900013856,2019-10-11 17:10:00,2019,10,11,17,10,69,69388,PIERRE DELORE                       (R ),45.7314,4.85938,Plein jour,En agglomération,Autre intersection,Normale,Trois véhicules et plus - en chaîne,4,2,0,0,1,1,1,0,1,50,3,3,2,0,0,1,,44.0,voiture,voiture,1,2,9,1,4
201900013857,2019-10-11 12:45:00,2019,10,11,12,45,69,69387,CREUZET                             (R ),45.75088,4.8467,Plein jour,En agglomération,Intersection en X,Normale,Deux véhicules - côté,4,1,1,0,1,1,1,0,1,50,2,2,0,0,0,2,32.0,36.0,voiture,voiture,1,2,2,1,3
201900013858,2019-10-11 08:31:00,2019,10,11,8,31,69,69383,LACASSAGNE                          (AV),45.75445,4.86664,Plein jour,En agglomération,Intersection en X,Normale,Deux véhicules - côté,4,2,3,3,1,1,1,0,1,50,2,2,1,1,0,0,53.0,31.0,deux_roues,utilitaire_camion,1,2,2,1,3
201900013859,2019-10-11 07:55:00,2019,10,11,7,55,69,69383,CLAUDIUS PIONCHON                   (R ),45.76092,4.87085,Plein jour,En agglomération,Hors intersection,Normale,Deux véhicules - côté,4,1,1,0,1,1,1,0,1,50,2,2,0,0,0,2,25.0,39.0,voiture,voiture,1,2,1,1,3
201900013860,2019-10-10 10:25:00,2019,10,10,10,25,69,69386,BROTTEAUX (DES)                     (BD),45.76613,4.85695,Plein jour,En agglomération,Intersection en X,Normale,Autre collision,4,2,4,2,1,1,1,0,1,30,1,2,1,0,0,1,26.0,,deux_roues,,1,2,2,1,6
201900013861,2019-10-11 14:35:00,2019,10,11,14,35,972,97213,ROUTE NATIONALE 1,14.6226,-60.98989,Plein jour,En agglomération,Hors intersection,Normale,Deux véhicules - arrière,2,3,4,0,1,1,1,0,1,70,2,2,1,0,0,1,55.0,47.0,voiture,deux_roues,1,2,1,1,2
201900013862,2019-10-10 17:28:00,2019,10,10,17,28,972,97213,ROUTE DEPARTEMENTALE 15,14.61618,-61.00528,Crépuscule ou aube,Hors agglomération,Hors intersection,Normale,Deux véhicules - frontale,3,2,2,0,1,1,1,0,1,50,2,2,1,0,0,1,48.0,24.0,deux_roues,voiture,2,1,1,1,1
201900013863,2019-10-10 14:48:00,2019,10,10,14,48,972,97213,ROUTE NATIONALE 1,14.6188,-61.0035,Plein jour,En agglomération,Hors intersection,Normale,Sans collision,2,3,4,0,2,2,2,0,1,70,1,1,0,0,0,1,30.0,,deux_roues,,1,2,1,1,7
201900013864,2019-10-14 17:25:00,2019,10,14,17,25,972,97209,ANDRE ALIKER (RUE),14.60794,-61.07152,Crépuscule ou aube,En agglomération,Hors intersection,Normale,Autre collision,4,1,1,0,1,1,1,0,1,50,1,1,0,0,0,1,,,,,2,2,1,1,6
201900013865,2019-10-11 15:20:00,2019,10,11,15,20,972,97209,AUTOROUTE (A1),14.61809,-61.03881,Plein jour,Hors agglomération,Hors intersection,Normale,Deux véhicules - arrière,1,3,4,0,2,1,1,0,1,90,2,2,1,0,0,1,34.0,45.0,voiture,deux_roues,1,1,1,1,2
201900013866,2019-10-15 21:10:00,2019,10,15,21,10,69,69389,SERGENT MICHEL BERTHET (DU)         (R ),45.76829,4.80542,Nuit avec éclairage allumé,En agglomération,Hors intersection,Normale,Deux véhicules - arrière,4,2,2,0,2,1,1,0,1,50,2,2,1,0,0,1,40.0,19.0,voiture,deux_roues,5,2,1,1,2
201900013867,2019-09-28 22:00:00,2019,9,28,22,0,69,69034,GEORGES CLEMENCEAU                  (QU),45.7921,4.8243,Nuit avec éclairage allumé,En agglomération,Intersection en T,Normale,Deux véhicules - côté,7,3,2,0,1,1,1,0,1,50,2,2,1,0,0,1,36.0,31.0,voiture,voiture,5,2,3,1,3
201900013868,2019-10-14 22:05:00,2019,10,14,22,5,69,69381,JARDIN DES PLANTES (R),45.76964,4.8295,Plein jour,En agglomération,Hors intersection,Normale,Deux véhicules - arrière,4,2,2,0,2,3,1,0,1,50,2,2,1,0,0,1,21.0,26.0,deux_roues,voiture,1,2,1,1,2
201900013869,2019-10-14 10:10:00,2019,10,14,10,10,69,69202,BARON DU MARAIS (DU)                (BD),45.73474,4.80455,Plein jour,En agglomération,Hors intersection,Normale,Autre collision,7,2,2,0,1,3,1,0,2,50,1,2,0,1,0,1,84.0,,voiture,,1,2,1,1,6
201900013870,2019-10-11 23:48:00,2019,10,11,23,48,69,69385,ROMAIN ROLLAND                      (QU),45.76355,4.82898,Nuit avec éclairage allumé,En agglomération,Hors intersection,Normale,Deux véhicules - frontale,4,1,2,3,1,1,1,0,1,50,2,3,2,0,0,1,59.0,23.0,voiture,deux_roues,5,2,1,1,1
201900013871,2019-10-11 10:10:00,2019,10,11,10,10,69,69034,BARTHELEMY THIMONNIER               (AV),45.8048,4.86716,Plein jour,En agglomération,Hors intersection,Normale,Deux véhicules - côté,4,2,2,0,1,1,1,0,1,50,2,2,1,0,0,1,27.0,55.0,deux_roues,voiture,1,2,1,1,3
201900013872,2019-10-11 16:25:00,2019,10,11,16,25,2B,2B033,ROUTE ROYALE,42.67481,9.4351,Plein jour,En agglomération,Autre intersection,Normale,Deux véhicules - frontale,9,2,1,0,1,1,1,0,2,50,2,4,1,0,0,3,62.0,14.0,utilitaire_camion,deux_roues,1,2,9,1,1
201900013873,2019-10-10 15:05:00,2019,10,10,15,5,2B,2B033,11 - RT,42.6751,9.444,Plein jour,En agglomération,Hors intersection,Normale,Deux véhicules - côté,2,1,3,0,1,3,1,0,1,50,2,2,1,0,0,1,39.0,16.0,voiture,deux_roues,1,2,1,1,3
201900013874,2019-10-15 20:00:00,2019,10,15,20,0,2A,2A004,MARECHAL JUIN AVENUE,41.9377,8.75085,Nuit avec éclairage allumé,En agglomération,Hors intersection,Normale,Deux véhicules - arrière,4,3,4,0,2,1,2,0,1,50,2,3,1,0,0,2,53.0,29.0,voiture,voiture,5,2,1,1,2
201900013875,2019-10-06 17:00:00,2019,10,6,17,0,95,95680,FAIDHERBE (RUE),49.0052,2.38886,Plein jour,En agglomération,Intersection en T,Normale,Autre collision,4,1,1,0,1,1,1,0,1,50,1,1,0,1,0,0,23.0,,deux_roues,,1,2,3,1,6
201900013876,2019-10-11 18:58:00,2019,10,11,18,58,95,95176,SARRAIL (RUE DU GENERAL),48.97,2.1891,Crépuscule ou aube,En agglomération,Hors intersection,Temps couvert,Autre collision,4,-1,2,0,1,1,1,0,1,50,1,2,1,0,1,0,47.0,,voiture,,2,2,1,8,6
201900013877,2019-10-14 18:30:00,2019,10,14,18,30,91,91687,SAVIGNY (RUE DE),48.68396,2.37852,Plein jour,En agglomération,Hors intersection,Normale,Deux véhicules - côté,4,2,2,0,1,1,1,0,1,50,2,2,1,0,0,1,19.0,19.0,voiture,deux_roues,1,2,1,1,3
201900013878,2019-10-13 01:40:00,2019,10,13,1,40,91,91223,RD 191,48.43334,2.18073,Nuit avec éclairage allumé,En agglomération,Hors intersection,Normale,Deux véhicules - côté,3,2,2,0,1,1,1,0,1,50,2,4,3,0,0,1,25.0,20.0,voiture,voiture,5,2,1,1,3
201900013879,2019-10-11 18:55:00,2019,10,11,18,55,91,91215,CHARLES GOUNOD (AVENUE),48.6965,2.5236,Crépuscule ou aube,En agglomération,Hors intersection,Normale,Autre collision,4,2,2,0,1,1,1,0,1,30,1,2,1,0,0,1,18.0,,voiture,,2,2,1,1,6
201900013880,2019-10-15 04:10:00,2019,10,15,4,10,91,91103,CD 19,48.5788,2.30086,Nuit sans éclairage public,Hors agglomération,Hors intersection,Pluie légère,Sans collision,3,2,1,1,1,1,2,0,1,30,1,1,0,0,1,0,39.0,,deux_roues,,3,1,1,2,7
201900013881,2019-10-14 19:00:00,2019,10,14,19,0,91,91425,ORLEANS (ROUTE D'),48.65155,2.27273,Nuit avec éclairage allumé,En agglomération,Intersection en X,Pluie légère,Autre collision,4,3,4,0,1,1,2,9,1,50,1,1,0,0,1,0,,,,,5,2,2,2,6
201900013882,2019-10-10 09:00:00,2019,10,10,9,0,91,91425,TEMPLIERS (ROUTE DES),48.64805,2.25707,Plein jour,En agglomération,Hors intersection,Normale,Deux véhicules - frontale,3,2,2,0,1,1,1,0,1,50,2,2,0,0,0,2,48.0,20.0,transport_commun,voiture,1,2,1,1,1
201900013883,2019-10-10 12:00:00,2019,10,10,12,0,88,88413,RUE DES 3 VILLES,48.2887305,6.9440085,Plein jour,En agglomération,Intersection en X,Normale,Deux véhicules - côté,4,2,2,0,1,1,1,0,1,50,2,2,1,0,1,0,36.0,57.0,voiture,deux_roues,1,2,2,1,3
201900013884,2019-10-14 11:20:00,2019,10,14,11,20,87,87085,Georges GUINGOUIN(rue),45.89851,1.29506,Plein jour,Hors agglomération,Hors intersection,Normale,Autre collision,3,2,2,0,1,1,1,0,1,70,1,1,0,0,0,1,43.0,,voiture,,1,1,1,1,6
201900013885,2019-10-11 09:43:00,2019,10,11,9,43,87,87085,GAMBETTA (BOULEVARD),45.82806,1.25701,Plein jour,En agglomération,Hors intersection,Normale,Deux véhicules - côté,4,2,3,0,2,3,1,0,1,50,2,2,1,0,0,1,35.0,18.0,voiture,deux_roues,1,2,1,1,3
201900013886,2019-10-12 10:17:00,2019,10,12,10,17,87,87085,RUBEN (AVENUE ERNEST),45.82356,1.25114,Plein jour,En agglomération,Intersection en X,Pluie légère,Deux véhicules - côté,4,2,2,0,1,1,2,0,1,50,2,2,1,0,0,1,18.0,32.0,voiture,voiture,1,2,2,2,3
201900013887,2019-10-14 20:45:00,2019,10,14,20,45,86,86194,ROCADE OUEST (RD 910),46.56801,0.30847,Nuit sans éclairage public,Hors agglomération,Hors intersection,Pluie légère,Autre collision,3,3,4,0,2,1,2,0,1,80,1,1,0,1,0,0,26.0,,voiture,,3,1,1,2,6
201900013888,2019-10-10 15:45:00,2019,10,10,15,45,86,86158,SAINT NICOLAS (ROUTE DE),46.610178,0.294441,Plein jour,Hors agglomération,Intersection en X,Normale,Deux véhicules - côté,3,2,2,0,1,1,1,0,1,80,2,2,1,0,0,1,24.0,88.0,voiture,voiture,1,1,2,1,3
201900013889,2019-10-11 13:56:00,2019,10,11,13,56,86,86194,FAUBOURG PONT NEUF (RUE DU),46.573,0.3562,Plein jour,En agglomération,Hors intersection,Normale,Deux véhicules - côté,4,2,2,0,2,1,1,0,1,50,2,2,1,0,0,1,22.0,20.0,deux_roues,voiture,1,2,1,1,3
201900013890,2019-04-21 22:50:00,2019,4,21,22,50,93,93027,VAILLANT-COUTURIER (AVENUE PAUL),48.924418,2.414599,Nuit avec éclairage allumé,En agglomération,Hors intersection,Normale,Deux véhicules - arrière,3,1,3,0,2,1,1,5,1,50,2,3,1,0,0,2,32.0,30.0,voiture,voiture,5,2,1,1,2
201900013891,2019-04-27 20:19:00,2019,4,27,20,19,93,93047,JEAN JAURES (AVENUE),48.8986,2.54972,Plein jour,En agglomération,Autre intersection,Normale,Deux véhicules - côté,3,3,2,1,1,1,1,0,1,50,2,2,1,0,0,1,19.0,47.0,deux_roues,voiture,1,2,9,1,3
201900013892,2019-04-26 17:00:00,2019,4,26,17,0,93,93047,GABRIEL PERI  (AVENUE),48.893166,2.552542,Plein jour,En agglomération,Intersection en X,Normale,Deux véhicules - côté,4,-1,2,0,1,1,1,0,1,50,2,2,1,0,0,1,24.0,62.0,voiture,voiture,1,2,2,1,3
201900013893,2019-04-24 18:20:00,2019,4,24,18,20,93,93057,BRIAND ( AV. ARISTIDE) 134 A 212,48.91154,2.51982,Plein jour,En agglomération,Hors intersection,Normale,Deux véhicules - côté,3,3,2,0,1,1,1,0,1,50,2,2,1,0,0,1,56.0,31.0,voiture,transport_commun,1,2,1,1,3
201900013894,2019-04-22 22:15:00,2019,4,22,22,15,93,93010,ROUSSEAU (RUE JEAN-JACQUES),48.910649,2.475526,Nuit avec éclairage allumé,En agglomération,Hors intersection,Normale,Autre collision,4,2,2,0,1,2,1,2,1,50,1,2,1,0,0,1,26.0,,voiture,,5,2,1,1,6
201900013895,2019-04-21 01:25:00,2019,4,21,1,25,93,93010,GALLIENI (AV.) DE 177 A 211,48.90713,2.48873,Nuit avec éclairage allumé,En agglomération,Intersection à plus de 4 branches,Normale,Deux véhicules - côté,3,3,4,0,1,1,1,5,1,50,2,2,1,0,0,1,28.0,27.0,voiture,voiture,5,2,5,1,3