accident_id,datetime,annee,mois,jour,heure,minute,departement,commune_insee,adresse,latitude,longitude,luminosite,agglomeration,intersection,meteo,collision,catr,circ,nbv,vosp,prof,plan,surf,infra,situ,vma,nb_vehicules,nb_usagers,nb_indemnes,nb_tues,nb_blesses_hosp,nb_blesses_legers,age_cond_1,age_cond_2,veh_type_cond_1,veh_type_cond_2,lum_code,agg_code,int_code,atm_code,col_code
201900013896,2019-04-18 12:35:00,2019,4,18,12,35,93,93057,HUGO (AV. VICTOR),48.910554,2.512596,Plein jour,En agglomération,Intersection en X,Normale,Deux véhicules - frontale,3,3,-1,-1,1,1,1,5,1,-1,2,2,1,1,0,0,74.0,63.0,deux_roues,utilitaire_camion,1,2,2,1,1
201900013897,2019-04-27 00:30:00,2019,4,27,0,30,93,93053,VAILLANT COUTURIER (RUE),48.89061,2.45167,Nuit avec éclairage allumé,En agglomération,Intersection en X,Normale,Deux véhicules - côté,3,2,1,0,1,1,1,0,1,50,2,1,0,0,0,1,35.0,,voiture,,5,2,2,1,3
201900013898,2019-04-25 14:05:00,2019,4,25,14,5,93,93008,JAURES (AVENUE JEAN),48.9052,2.4394,Plein jour,En agglomération,Hors intersection,Temps couvert,Deux véhicules - frontale,3,2,2,0,1,1,2,0,1,50,2,2,1,0,0,1,32.0,49.0,deux_roues,voiture,1,2,1,8,1
201900013899,2019-04-21 10:50:00,2019,4,21,10,50,93,93008,GROSLAY (CHEMIN DE) D20,48.9090075,2.472931,Plein jour,En agglomération,Intersection en T,Normale,Deux véhicules - côté,3,3,2,0,1,1,1,0,1,50,2,2,1,0,0,1,44.0,45.0,voiture,deux_roues,1,2,3,1,3
201900013900,2019-04-19 15:15:00,2019,4,19,15,15,93,93008,JAURES (AVENUE JEAN),48.905,2.438,Plein jour,En agglomération,Hors intersection,Normale,Deux véhicules - côté,3,2,2,0,1,1,1,0,1,50,2,2,1,0,0,1,18.0,14.0,deux_roues,deux_roues,1,2,1,1,3
201900013901,2019-04-18 08:00:00,2019,4,18,8,0,93,93008,ROLLAND (RUE ROMAIN),48.91506,2.42609,Crépuscule ou aube,En agglomération,Hors intersection,Normale,Autre collision,7,2,2,0,1,1,1,0,1,50,1,2,1,0,0,1,15.0,,voiture,,2,2,1,1,6
201900013902,2019-04-28 18:00:00,2019,4,28,18,0,93,93007,8 MAI 45 (AVENUE DU 1 AU 182),48.94221,2.43269,Plein jour,En agglomération,Autre intersection,Normale,Deux véhicules - côté,3,1,3,0,1,1,1,2,1,50,2,2,1,0,0,1,21.0,52.0,voiture,voiture,1,2,9,1,3
201900013903,2019-04-21 17:48:00,2019,4,21,17,48,93,93007,CASANOVA (AVENUE),48.92306,2.47352,Plein jour,En agglomération,Autre intersection,Normale,Deux véhicules - côté,4,2,4,0,1,1,1,0,1,50,2,1,0,0,0,1,25.0,,autre,,1,2,9,1,3
201900013904,2019-04-22 19:30:00,2019,4,22,19,30,93,93007,"""PAUL VAILLANT COUTURIER (AVENUE """"DU 01",48.927027,2.472511,Plein jour,En agglomération,Hors intersection,Normale,Autre collision,3,2,2,0,1,1,1,5,1,50,2,2,1,0,0,1,28.0,74.0,voiture,deux_roues,1,2,1,1,6
201900013905,2019-04-20 22:30:00,2019,4,20,22,30,93,93005,ROBERT SCHUMAN (CARREFOUR),48.94894,2.51565,Nuit avec éclairage allumé,En agglomération,Giratoire,Normale,Trois véhicules et plus - collisions multiples,3,-1,3,0,1,3,1,5,1,50,3,2,1,0,0,1,34.0,39.0,voiture,voiture,5,2,6,1,5
201900013906,2019-04-26 08:25:00,2019,4,26,8,25,93,93001,MOTTE (RUE DE LA),48.91149,2.39772,Plein jour,En agglomération,Hors intersection,Normale,Autre collision,7,2,0,0,1,3,1,8,1,30,1,1,0,0,0,1,,,,,1,2,1,1,6
201900013907,2019-03-13 14:35:00,2019,3,13,14,35,93,93001,LEOPOLD RECHOSSIERE (RUE)  => 13/50,48.91471,2.38759,Plein jour,En agglomération,Hors intersection,Normale,Autre collision,4,2,2,0,1,1,1,0,1,50,1,2,1,0,0,1,38.0,,utilitaire_camion,,1,2,1,1,6
201900013908,2019-04-19 16:00:00,2019,4,19,16,0,92,92046,GABRIEL PERI,48.8195259,2.3059247,Plein jour,En agglomération,Hors intersection,Normale,Autre collision,3,2,-1,0,1,1,1,9,1,50,1,2,1,0,0,1,45.0,,deux_roues,,1,2,1,1,6
201900013909,2019-04-24 18:25:00,2019,4,24,18,25,92,92073,SELLIER (BOULEVARD HENRI),48.8678805,2.2258432,Plein jour,En agglomération,Intersection en X,Normale,Deux véhicules - côté,3,1,4,3,1,1,1,0,1,50,2,2,0,0,0,2,51.0,22.0,deux_roues,autre,1,2,2,1,3
201900013910,2019-04-20 08:40:00,2019,4,20,8,40,92,92073,WASHINGTON (BOULEVARD),48.87605,2.21756,Plein jour,En agglomération,Hors intersection,Normale,Autre collision,3,2,0,0,1,1,1,0,1,50,1,1,0,0,0,1,22.0,,voiture,,1,2,1,1,6
201900013911,2019-04-24 21:20:00,2019,4,24,21,20,92,92072,SAINT CLOUD (RUE DE),48.8344639,2.2222465,Nuit avec éclairage allumé,En agglomération,Autre intersection,Temps couvert,Deux véhicules - côté,3,3,5,0,1,1,2,0,1,50,2,4,1,0,1,2,21.0,24.0,voiture,voiture,5,2,9,8,3
201900013912,2019-04-23 15:05:00,2019,4,23,15,5,92,92022,SALENGRO (AVENUE ROGER),48.818846,2.1982341,Plein jour,En agglomération,Hors intersection,Normale,Autre collision,3,3,2,0,1,1,1,0,1,50,1,2,1,0,0,1,19.0,,deux_roues,,1,2,1,1,6
201900013913,2019-04-26 15:50:00,2019,4,26,15,50,92,92064,CARNOT,48.8470641,2.2237879,Plein jour,En agglomération,Hors intersection,Normale,Trois véhicules et plus - en chaîne,3,2,2,0,1,1,1,0,1,50,3,3,2,0,0,1,44.0,19.0,deux_roues,deux_roues,1,2,1,1,4
201900013914,2019-04-22 16:00:00,2019,4,22,16,0,92,92033,HENRI REGNAULT,48.84801,2.18991,Plein jour,En agglomération,Hors intersection,Normale,Autre collision,4,1,1,0,1,1,1,0,1,50,1,1,0,0,0,1,47.0,,voiture,,1,2,1,1,6
201900013915,2019-04-18 17:05:00,2019,4,18,17,5,92,92064,MARECHAL FOCH,48.84785,2.20666,Plein jour,En agglomération,Hors intersection,Normale,Autre collision,4,2,2,0,1,1,1,0,1,50,1,2,1,0,0,1,53.0,,transport_commun,,1,2,1,1,6
201900013916,2019-04-18 08:00:00,2019,4,18,8,0,92,92064,REPUBLIQUE,48.8513422,2.2130956,Plein jour,En agglomération,Hors intersection,Normale,Deux véhicules - côté,3,1,3,0,1,1,1,0,1,50,2,2,1,0,0,1,42.0,70.0,voiture,voiture,1,2,1,1,3
201900013917,2019-04-25 07:50:00,2019,4,25,7,50,92,92063,DRIANT (RUE DU LIEUTENANT COLONEL),48.87622,2.20073,Plein jour,En agglomération,Hors intersection,Normale,Deux véhicules - côté,4,2,1,0,1,1,1,0,1,50,2,2,1,0,1,0,34.0,61.0,utilitaire_camion,voiture,1,2,1,1,3
201900013918,2019-04-22 17:50:00,2019,4,22,17,50,92,92063,COLMAR (AVENUE DE),48.8871511,2.1791255,Plein jour,En agglomération,Hors intersection,Normale,Autre collision,3,3,4,0,1,1,1,0,1,50,1,2,1,0,1,0,35.0,,deux_roues,,1,2,1,1,6
201900013919,2019-04-17 14:19:00,2019,4,17,14,19,92,92063,DOUMER (AVENUE PAUL) EST,48.8787624,2.1773317,Plein jour,En agglomération,Intersection en T,Normale,Deux véhicules - côté,3,3,4,0,1,1,1,5,1,50,2,2,1,0,1,0,56.0,9.0,transport_commun,deux_roues,1,2,3,1,3
201900013920,2019-04-25 23:50:00,2019,4,25,23,50,92,92062,WALLACE (BD RICHARD) DU 2 AU 28 ET DU 1,48.87887,2.24188,Nuit avec éclairage allumé,En agglomération,Intersection en X,Normale,Deux véhicules - côté,4,2,2,0,2,1,1,0,1,50,2,2,1,0,0,1,30.0,51.0,deux_roues,utilitaire_camion,5,2,2,1,3
201900013921,2019-04-25 17:30:00,2019,4,25,17,30,92,92062,GENERAL DE GAULLE (AV) DU 63 AU 107,48.886317,2.230751,Plein jour,En agglomération,Intersection en T,Normale,Autre collision,3,1,1,0,1,1,1,0,1,50,1,1,0,0,0,1,47.0,,deux_roues,,1,2,3,1,6
201900013922,2019-04-24 13:00:00,2019,4,24,13,0,92,92062,PDT WILSON (Avenue),48.88525,2.22462,Plein jour,En agglomération,Hors intersection,Normale,Autre collision,3,2,6,3,2,1,1,0,1,50,1,2,1,0,0,1,50.0,,voiture,,1,2,1,1,6
201900013923,2019-04-17 06:45:00,2019,4,17,6,45,92,92051,GENERAL KOENIG (BOULEVARD DU),48.88,2.2544,Crépuscule ou aube,En agglomération,Hors intersection,Normale,Trois véhicules et plus - en chaîne,3,2,4,1,1,1,1,0,1,50,3,3,1,0,0,2,46.0,53.0,utilitaire_camion,voiture,2,2,1,1,4
201900013924,2019-04-25 09:20:00,2019,4,25,9,20,92,92050,GRANDS PRES RUE DES,48.91031,2.21457,Plein jour,En agglomération,Hors intersection,Normale,Autre collision,4,2,2,0,1,1,2,0,1,50,1,3,2,0,0,1,72.0,,voiture,,1,2,1,1,6
201900013925,2019-04-23 22:30:00,2019,4,23,22,30,92,92050,CLEMENCEAU GEORGES AVENUE N°IMPAIR,48.88679,2.2053,Nuit avec éclairage allumé,En agglomération,Intersection en X,Normale,Deux véhicules - arrière,3,3,4,0,2,1,1,0,1,50,2,3,2,0,0,1,25.0,34.0,deux_roues,voiture,5,2,2,1,2
201900013926,2019-04-21 20:52:00,2019,4,21,20,52,92,92050,ARAGO FRANCOIS AVENUE,48.900878,2.224671,Nuit avec éclairage allumé,En agglomération,Hors intersection,Normale,Deux véhicules - côté,3,2,4,0,1,1,1,0,1,50,2,3,2,0,0,1,32.0,22.0,voiture,deux_roues,5,2,1,1,3
201900013927,2019-04-16 09:30:00,2019,4,16,9,30,92,92050,CLEMENCEAU GEORGES AVENUE N° PAIR,48.88579,2.21391,Plein jour,En agglomération,Hors intersection,Temps couvert,Autre collision,3,-1,-1,0,2,1,1,9,1,20,1,2,1,0,0,1,65.0,,voiture,,1,2,1,8,6
201900013928,2019-04-27 17:50:00,2019,4,27,17,50,92,92020,PARIS AVENUE DE N°84 A FIN,48.8101658,2.298732,Plein jour,En agglomération,Hors intersection,Pluie légère,Sans collision,3,2,3,0,2,1,2,0,1,50,1,1,0,0,0,1,18.0,,deux_roues,,1,2,1,2,7
201900013929,2019-04-25 22:20:00,2019,4,25,22,20,92,92049,BRIAND AVENUE ARISTIDE N°1 A 129,48.81287,2.32578,Nuit avec éclairage allumé,En agglomération,Hors intersection,Normale,Deux véhicules - arrière,3,3,3,3,1,1,1,0,1,50,2,3,2,0,0,1,43.0,34.0,utilitaire_camion,voiture,5,2,1,1,2
201900013930,2019-04-22 19:00:00,2019,4,22,19,0,92,92040,RESISTANCE (PLACE DE LA),48.82097,2.25042,Plein jour,En agglomération,Place,Normale,Deux véhicules - côté,3,4,2,0,1,1,1,0,1,50,2,2,1,0,0,1,18.0,25.0,deux_roues,voiture,1,2,7,1,3
201900013931,2019-04-18 08:20:00,2019,4,18,8,20,92,92040,BARA,48.83359,2.2671,Plein jour,En agglomération,Place,Normale,Deux véhicules - côté,4,4,4,1,1,1,1,0,1,10,2,2,1,0,0,1,47.0,58.0,voiture,deux_roues,1,2,7,1,3
201900013932,2019-04-26 13:25:00,2019,4,26,13,25,92,92036,PRINCIPALE DU PORT (ROUTE) (19/+),48.93854,2.27955,Plein jour,En agglomération,Hors intersection,Normale,Deux véhicules - côté,4,3,4,0,1,1,1,0,1,50,2,2,1,0,0,1,59.0,54.0,utilitaire_camion,deux_roues,1,2,1,1,3
201900013933,2019-04-24 16:15:00,2019,4,24,16,15,92,92036,PRINCIPALE DU PORT (ROUTE) (1/17),48.93575,2.26748,Plein jour,En agglomération,Hors intersection,Normale,Deux véhicules - côté,4,1,2,0,1,2,1,0,1,50,2,2,1,0,0,1,40.0,26.0,voiture,deux_roues,1,2,1,1,3
201900013934,2019-04-24 08:00:00,2019,4,24,8,0,92,92036,PETITS MARAIS (CHEMIN DES),48.94619,2.30304,Plein jour,En agglomération,Hors intersection,Normale,Deux véhicules - arrière,4,2,2,0,1,1,1,0,1,50,2,3,2,0,0,1,56.0,50.0,utilitaire_camion,utilitaire_camion,1,2,1,1,2
201900013935,2019-04-23 16:43:00,2019,4,23,16,43,92,92036,GENERAL DE GAULLE (AVENUE) (PAIRS),48.9338131,2.3137339,Plein jour,En agglomération,Hors intersection,Normale,Autre collision,3,2,2,0,1,1,1,0,1,50,1,2,1,1,0,0,21.0,,voiture,,1,2,1,1,6
201900013936,2019-04-23 12:30:00,2019,4,23,12,30,92,92036,PRINCIPALE DU PORT (ROUTE) (1/17),48.93732,2.27839,Plein jour,En agglomération,Hors intersection,Normale,Deux véhicules - côté,4,2,4,0,1,1,1,0,1,50,2,2,1,0,0,1,49.0,33.0,deux_roues,voiture,1,2,1,1,3
201900013937,2019-04-21 14:40:00,2019,4,21,14,40,92,92036,GABRIEL PERI (AVENUE) (60/134),48.9248137,2.2945112,Plein jour,En agglomération,Hors intersection,Normale,Autre collision,3,2,2,0,1,1,1,0,1,50,1,2,0,0,1,1,91.0,,voiture,,1,2,1,1,6
201900013938,2019-04-24 11:10:00,2019,4,24,11,10,92,92026,CAPITAINE GUYNEMER,48.8975737,2.2476164,Plein jour,En agglomération,Intersection en T,Normale,Autre collision,4,1,1,0,1,1,1,0,1,50,1,2,1,0,0,1,34.0,,voiture,,1,2,3,1,6
201900013939,2019-04-20 14:15:00,2019,4,20,14,15,92,92026,RÉPUBLIQUE ( DE 65 A FIN ),48.90197,2.25266,Plein jour,En agglomération,Hors intersection,Normale,Deux véhicules - côté,4,2,2,0,1,1,1,0,1,50,2,2,1,0,0,1,62.0,33.0,voiture,deux_roues,1,2,1,1,3
201900013940,2019-04-19 20:44:00,2019,4,19,20,44,92,92026,VERDUN (DE 01 A 61),48.9003812,2.2608159,Nuit avec éclairage allumé,En agglomération,Hors intersection,Normale,Autre collision,3,2,2,0,1,1,1,0,1,50,1,2,1,0,0,1,47.0,,voiture,,5,2,1,1,6
201900013941,2019-04-20 01:25:00,2019,4,20,1,25,92,92025,HENRI BARBUSSE (AV),48.917079,2.252734,Nuit avec éclairage allumé,En agglomération,Hors intersection,Normale,Deux véhicules - arrière,3,2,0,0,1,1,1,0,1,50,2,2,1,0,0,1,19.0,43.0,deux_roues,voiture,5,2,1,1,2
201900013942,2019-04-25 18:20:00,2019,4,25,18,20,92,92024,JEAN JAURES (BD) DE (111 A 159),48.9082962,2.2998566,Plein jour,En agglomération,Intersection en X,Normale,Deux véhicules - côté,3,3,3,0,1,1,1,5,1,50,2,2,1,0,0,1,52.0,30.0,deux_roues,voiture,1,2,2,1,3
201900013943,2019-04-24 15:15:00,2019,4,24,15,15,92,92023,PAVE BLANC (ROUTE DU) N°1 A 135,48.78692,2.2378,Plein jour,Hors agglomération,Hors intersection,Normale,Autre collision,4,2,2,0,1,1,1,0,1,50,1,2,1,0,0,1,37.0,,voiture,,1,1,1,1,6
201900013944,2019-04-18 18:00:00,2019,4,18,18,0,92,92023,PIERRE FRANQUET (RUE),48.7998,2.26756,Plein jour,En agglomération,Intersection en T,Normale,Deux véhicules - côté,3,2,2,0,3,1,1,0,1,30,2,2,1,0,0,1,75.0,21.0,voiture,deux_roues,1,2,3,1,3
201900013945,2019-04-26 14:30:00,2019,4,26,14,30,92,92012,CHARLES DE GAULLE (AVENUE) COTE IMPAIR,48.84843,2.23722,Plein jour,En agglomération,Hors intersection,Normale,Autre collision,4,2,2,0,1,1,1,0,1,50,1,2,1,0,0,1,55.0,,voiture,,1,2,1,1,6
201900013946,2019-04-24 20:10:00,2019,4,24,20,10,92,92012,REINE (ROUTE DE LA) 1/37- 6/80,48.8394966,2.2423498,Crépuscule ou aube,En agglomération,Autre intersection,Temps éblouissant,Autre collision,3,2,4,0,1,1,1,0,1,50,1,2,1,0,0,1,29.0,,voiture,,2,2,9,7,6
201900013947,2019-04-24 13:00:00,2019,4,24,13,0,92,92012,VICTOR HUGO (AVENUE) 49/FIN - 60/FIN,48.83476,2.2443,Plein jour,En agglomération,Hors intersection,Normale,Deux véhicules - côté,4,2,2,0,1,1,1,0,1,50,2,2,1,0,0,1,26.0,30.0,deux_roues,voiture,1,2,1,1,3
201900013948,2019-04-22 18:40:00,2019,4,22,18,40,92,92012,SILLY (RUE DE) 89/FIN - 90/FIN,48.83495,2.2328,Plein jour,En agglomération,Hors intersection,Normale,Autre collision,4,-1,2,0,1,1,1,0,1,50,1,2,1,0,0,1,32.0,,deux_roues,,1,2,1,1,6
201900013949,2019-04-26 19:00:00,2019,4,26,19,0,92,92007,VERDUN (RUE DE) N° IMPAIRS,48.8019,2.3175,Plein jour,En agglomération,Hors intersection,Temps éblouissant,Deux véhicules - arrière,4,2,2,0,1,1,1,0,1,50,2,5,2,0,0,3,50.0,,voiture,,1,2,1,7,2
201900013950,2019-04-24 07:40:00,2019,4,24,7,40,92,92007,SUISSES (VOIE DES),48.80157,2.30032,Crépuscule ou aube,En agglomération,Intersection en T,Temps couvert,Deux véhicules - côté,4,2,2,0,1,1,2,0,1,50,2,2,1,0,0,1,39.0,26.0,utilitaire_camion,utilitaire_camion,2,2,3,8,3
201900013951,2019-04-22 09:20:00,2019,4,22,9,20,92,92007,DORMOY (AVENUE MARX),48.8103,2.3124,Plein jour,En agglomération,Autre intersection,Normale,Autre collision,4,2,2,0,1,1,1,0,1,50,1,2,1,0,0,1,24.0,,voiture,,1,2,9,1,6
201900013952,2019-04-20 20:17:00,2019,4,20,20,17,92,92024,JEAN JAURES (BD) DE (111 A 159),48.9083,2.2999,Plein jour,En agglomération,Intersection en X,Normale,Deux véhicules - côté,7,2,4,2,1,1,1,0,1,50,2,4,2,0,0,2,37.0,37.0,voiture,voiture,1,2,2,1,3
201900013953,2019-04-24 09:50:00,2019,4,24,9,50,92,92004,VOLTAIRE ( BD ),48.9152359,2.293473,Plein jour,En agglomération,Hors intersection,Normale,Deux véhicules - côté,3,2,2,0,1,1,1,0,1,50,2,2,0,0,0,2,61.0,36.0,utilitaire_camion,deux_roues,1,2,1,1,3
201900013954,2019-04-06 21:15:00,2019,4,6,21,15,92,92004,ARGENTEUIL AV D',48.9196949,2.2799807,Nuit avec éclairage allumé,En agglomération,Intersection en X,Normale,Deux véhicules - côté,3,2,2,0,1,1,1,0,1,50,2,2,1,0,0,1,43.0,18.0,utilitaire_camion,deux_roues,5,2,2,1,3
201900013955,2019-04-18 09:00:00,2019,4,18,9,0,92,92004,AULAGNIER ( QUAI ),48.9149947,2.3129837,Plein jour,En agglomération,Hors intersection,Normale,Deux véhicules - arrière,3,1,3,0,1,1,1,0,1,70,2,2,1,0,0,1,46.0,43.0,deux_roues,deux_roues,1,2,1,1,2
201900013956,2019-04-22 05:40:00,2019,4,22,5,40,92,92002,DIVISION LECLERC (53 A 217 - 58 A 186),48.7446845,2.303307,Crépuscule ou aube,En agglomération,Hors intersection,Normale,Autre collision,3,3,4,0,4,1,1,0,1,50,1,2,1,0,0,1,68.0,,voiture,,2,2,1,1,6
201900013957,2019-04-25 18:55:00,2019,4,25,18,55,60,60435,D150,49.5863719,1.8617591,Plein jour,Hors agglomération,Hors intersection,Temps éblouissant,Sans collision,3,2,2,0,1,2,2,0,3,80,1,2,1,0,0,1,46.0,,voiture,,1,1,1,7,7
201900013958,2019-04-19 13:30:00,2019,4,19,13,30,37,37194,RD 5,47.463616,0.926073,Plein jour,Hors agglomération,Autre intersection,Normale,Deux véhicules - frontale,3,2,2,0,1,1,1,0,1,80,2,2,1,1,0,0,54.0,49.0,deux_roues,voiture,1,1,9,1,1
201900013959,2019-04-27 15:45:00,2019,4,27,15,45,54,54247,RD 35,48.497192,6.071356,Plein jour,Hors agglomération,Hors intersection,Normale,Sans collision,3,2,2,0,3,4,1,0,3,80,1,1,0,0,1,0,76.0,,voiture,,1,1,1,1,7
201900013960,2019-03-27 14:16:00,2019,3,27,14,16,62,62204,249 rue Daniel ranger,50.3974893,1.8772896,Plein jour,En agglomération,Hors intersection,Normale,Autre collision,3,2,2,0,1,1,1,0,1,50,1,2,1,1,0,0,50.0,,utilitaire_camion,,1,2,1,1,6
201900013961,2019-04-23 09:25:00,2019,4,23,9,25,86,86015,4 Route de Confolens,46.114324,0.655984,Plein jour,Hors agglomération,Hors intersection,Pluie légère,Deux véhicules - frontale,3,2,2,0,1,1,2,0,1,80,2,3,2,0,1,0,49.0,66.0,voiture,voiture,1,1,1,2,1
201900013962,2019-04-17 18:02:00,2019,4,17,18,2,86,86289,Route départementale 10,46.221936,0.648388,Plein jour,Hors agglomération,Hors intersection,Normale,Autre collision,3,2,2,0,1,2,1,0,1,80,1,1,0,0,1,0,47.0,,voiture,,1,1,1,1,6
201900013963,2019-04-27 09:40:00,2019,4,27,9,40,2A,2A048,D 81,42.021552,8.736599,Plein jour,Hors agglomération,Hors intersection,Normale,Deux véhicules - côté,3,2,2,0,2,3,1,0,1,80,2,2,1,0,1,0,28.0,38.0,voiture,deux_roues,1,1,1,1,3
201900013964,2019-04-21 13:00:00,2019,4,21,13,0,2A,2A212,Calanques de PIANA,42.2604757,8.6819382,Plein jour,Hors agglomération,Hors intersection,Normale,Trois véhicules et plus - collisions multiples,3,2,2,0,2,2,1,0,1,70,3,4,2,0,2,0,25.0,29.0,voiture,deux_roues,1,1,1,1,5
201900013965,2019-03-24 15:15:00,2019,3,24,15,15,2A,2A048,rd81,42.0323865,8.7644253,Plein jour,Hors agglomération,Hors intersection,Normale,Sans collision,3,2,2,0,2,3,1,0,1,80,1,1,0,0,1,0,57.0,,deux_roues,,1,1,1,1,7
201900013966,2019-04-20 18:24:00,2019,4,20,18,24,1,01052,Route départementale 2,46.039221,4.993771,Plein jour,Hors agglomération,Hors intersection,Normale,Autre collision,3,2,2,0,1,1,1,0,1,80,1,2,0,1,0,1,38.0,,voiture,,1,1,1,1,6
201900013967,2019-04-23 16:40:00,2019,4,23,16,40,62,62053,D158,50.600661,2.130795,Plein jour,Hors agglomération,Intersection en X,Normale,Deux véhicules - côté,3,2,2,0,1,1,1,5,1,80,2,4,1,0,1,2,17.0,25.0,voiture,voiture,1,1,2,1,3
201900013968,2019-04-29 16:30:00,2019,4,29,16,30,24,24236,La Font de l'Auche,45.193658,0.574702,Plein jour,Hors agglomération,Hors intersection,Normale,Sans collision,4,2,2,0,4,4,1,0,8,-1,1,2,1,1,0,0,75.0,,voiture,,1,1,1,1,7
201900013969,2019-04-28 16:15:00,2019,4,28,16,15,24,24295,4 Rue du Ver à Soie,45.153442,0.563059,Plein jour,En agglomération,Hors intersection,Normale,Sans collision,4,2,2,0,1,1,1,0,1,50,1,2,1,0,0,1,50.0,,deux_roues,,1,2,1,1,7
201900013970,2019-04-21 23:30:00,2019,4,21,23,30,83,83134,Route de Lorgues,43.459726,6.418661,Nuit sans éclairage public,Hors agglomération,Hors intersection,Normale,Sans collision,3,2,2,0,2,2,1,0,1,70,1,2,0,0,1,1,20.0,,voiture,,3,1,1,1,7
201900013971,2019-04-24 16:40:00,2019,4,24,16,40,86,86265,R42,46.850979,0.381561,Plein jour,Hors agglomération,Hors intersection,Normale,Deux véhicules - frontale,3,2,2,0,1,1,1,0,1,80,2,5,0,0,4,1,31.0,34.0,voiture,voiture,1,1,1,1,1
201900013972,2019-04-19 20:00:00,2019,4,19,20,0,86,86081,Route d'Ouzilly,46.770206,0.394672,Plein jour,Hors agglomération,Hors intersection,Normale,Deux véhicules - frontale,4,2,2,0,2,2,1,2,1,80,2,3,2,0,1,0,24.0,21.0,deux_roues,voiture,1,1,1,1,1
201900013973,2019-04-29 01:42:00,2019,4,29,1,42,67,67103,DEPARTEMENTALE 133,48.809683,7.421948,Nuit sans éclairage public,Hors agglomération,Hors intersection,Brouillard / fumée,Sans collision,3,2,2,0,1,3,2,0,3,80,1,2,0,1,0,1,29.0,,voiture,,3,1,1,5,7
201900013974,2019-04-20 15:00:00,2019,4,20,15,0,67,67265,Départementale 181,48.920905,7.479555,Plein jour,Hors agglomération,Hors intersection,Normale,Deux véhicules - frontale,3,2,2,0,1,1,1,0,1,80,2,4,2,0,0,2,48.0,65.0,voiture,voiture,1,1,1,1,1
201900013975,2019-04-20 17:39:00,2019,4,20,17,39,6,06060,1319 Route du Mont-Chauve,43.762039,7.26064,Plein jour,En agglomération,Hors intersection,Normale,Deux véhicules - frontale,7,2,2,0,2,1,1,0,1,50,2,2,0,0,1,1,37.0,19.0,deux_roues,deux_roues,1,2,1,1,1
201900013976,2019-04-21 14:30:00,2019,4,21,14,30,73,73073,D18 Portout,45.8090571,5.8155091,Plein jour,Hors agglomération,Hors intersection,Normale,Autre collision,3,2,2,0,1,4,1,0,3,80,1,2,0,0,1,1,49.0,,deux_roues,,1,1,1,1,6
201900013977,2019-04-30 12:00:00,2019,4,30,12,0,16,16248,Le Coudret,45.921842,-0.017359,Plein jour,Hors agglomération,Hors intersection,Normale,Autre collision,3,2,2,-1,1,1,1,8,1,80,1,2,0,0,0,2,81.0,,voiture,,1,1,1,1,6
201900013978,2019-04-18 14:10:00,2019,4,18,14,10,74,74182,A41,45.919304,6.102019,Plein jour,Hors agglomération,Hors intersection,Normale,Trois véhicules et plus - collisions multiples,1,3,4,0,1,1,1,0,1,110,4,4,3,0,0,1,55.0,24.0,voiture,voiture,1,1,1,1,5
201900013979,2019-04-09 14:26:00,2019,4,9,14,26,69,69277,rd29,45.719035,5.060633,Plein jour,Hors agglomération,Hors intersection,Normale,Deux véhicules - côté,3,2,2,0,1,1,1,0,1,80,2,2,1,0,1,0,52.0,22.0,utilitaire_camion,voiture,1,1,1,1,3
201900013980,2019-04-21 17:00:00,2019,4,21,17,0,49,49127,RD59,47.651098,-0.2473,Plein jour,Hors agglomération,Hors intersection,Normale,Sans collision,3,2,2,0,1,1,1,0,3,80,1,1,0,0,0,1,32.0,,deux_roues,,1,1,1,1,7
201900013981,2019-04-25 21:33:00,2019,4,25,21,33,17,17404,65 Route de Saint-Simon,45.612997,-0.686085,Nuit avec éclairage allumé,Hors agglomération,Hors intersection,Temps couvert,Autre collision,3,2,2,0,1,2,1,0,3,70,1,1,0,1,0,0,25.0,,voiture,,5,1,1,8,6
201900013982,2019-04-22 17:45:00,2019,4,22,17,45,74,74030,Route du Lac,46.283356,6.616243,Plein jour,Hors agglomération,Autre intersection,Normale,Autre collision,3,2,2,0,1,2,1,2,3,70,1,1,0,0,1,0,53.0,,deux_roues,,1,1,9,1,6
201900013983,2019-04-20 16:00:00,2019,4,20,16,0,36,36026,Route de Levroux,46.958336,1.724931,Plein jour,Hors agglomération,Hors intersection,Normale,Deux véhicules - côté,3,2,2,0,1,1,2,0,1,80,2,3,2,0,1,0,35.0,35.0,voiture,voiture,1,1,1,1,3
201900013984,2019-04-26 18:50:00,2019,4,26,18,50,31,31282,chemin de virebent,43.673785,1.456487,Plein jour,En agglomération,Hors intersection,Normale,Deux véhicules - côté,3,2,2,0,1,2,2,0,1,50,2,2,1,0,1,0,34.0,33.0,voiture,deux_roues,1,2,1,1,3
201900013985,2019-04-20 05:55:00,2019,4,20,5,55,76,76227,Autoroute A29 pk 81 + 100 sens AMIENS - LE HAVRE,49.663388,0.925987,Crépuscule ou aube,Hors agglomération,Hors intersection,Normale,Autre collision,1,3,4,0,1,2,1,0,3,130,1,2,0,1,0,1,22.0,,voiture,,2,1,1,1,6
201900013986,2019-04-25 16:37:00,2019,4,25,16,37,81,81132,Le Treil,43.63704,2.028425,Plein jour,Hors agglomération,Hors intersection,Normale,Sans collision,4,-1,1,0,1,1,1,0,8,-1,1,1,0,0,1,0,17.0,,deux_roues,,1,1,1,1,7