accident_id,datetime,annee,mois,jour,heure,minute,departement,commune_insee,adresse,latitude,longitude,luminosite,agglomeration,intersection,meteo,collision,catr,circ,nbv,vosp,prof,plan,surf,infra,situ,vma,nb_vehicules,nb_usagers,nb_indemnes,nb_tues,nb_blesses_hosp,nb_blesses_legers,age_cond_1,age_cond_2,veh_type_cond_1,veh_type_cond_2,lum_code,agg_code,int_code,atm_code,col_code
201900014173,2019-08-04 18:15:00,2019,8,4,18,15,35,35353,,48.1241,-1.739,Plein jour,Hors agglomération,Hors intersection,Normale,Sans collision,2,3,4,0,1,2,1,0,1,90,1,1,0,0,0,1,26.0,,voiture,,1,1,1,1,7
201900014174,2019-08-06 08:45:00,2019,8,6,8,45,34,34172,ALCO (ROND-POINT D'),43.624364,3.8365041,Plein jour,En agglomération,Hors intersection,Normale,Deux véhicules - frontale,4,2,-1,1,1,1,1,0,1,50,2,2,0,0,0,2,46.0,28.0,deux_roues,deux_roues,1,2,1,1,1
201900014175,2019-08-05 13:45:00,2019,8,5,13,45,34,34172,MENDES FRANCE (AVENUE PRESIDENT PIERRE,43.60767,3.923,Plein jour,Hors agglomération,Hors intersection,Normale,Trois véhicules et plus - en chaîne,4,1,2,0,1,1,1,0,1,70,3,3,2,0,0,1,19.0,43.0,voiture,voiture,1,1,1,1,4
201900014176,2019-08-05 08:50:00,2019,8,5,8,50,34,34172,MONDIAL 98 (AVENUE DU),43.60274,3.90451,Plein jour,En agglomération,Hors intersection,Normale,Deux véhicules - arrière,4,-1,2,0,1,1,1,0,1,50,2,2,1,0,0,1,31.0,22.0,voiture,voiture,1,2,1,1,2
201900014177,2019-08-05 01:45:00,2019,8,5,1,45,34,34172,PAVELET (AVENUE DU COLONEL),43.5824,3.8632,Nuit avec éclairage allumé,En agglomération,Intersection en X,Normale,Autre collision,4,1,2,0,2,1,1,0,1,50,1,1,0,0,0,1,26.0,,voiture,,5,2,2,1,6
201900014178,2019-08-04 00:00:00,2019,8,4,0,0,34,34172,CLEMENCEAU (AVENUE GEORGES),43.6032755,3.8719712,Nuit avec éclairage allumé,En agglomération,Intersection en T,Normale,Deux véhicules - côté,4,1,1,0,1,1,1,0,1,50,2,4,0,0,2,2,42.0,22.0,voiture,voiture,5,2,3,1,3
201900014179,2019-08-06 03:55:00,2019,8,6,3,55,33,33063,RUE MALBEC,44.82318,-0.5667,Nuit avec éclairage allumé,En agglomération,Hors intersection,Normale,Sans collision,4,1,1,0,1,1,1,0,1,50,1,1,0,0,0,1,40.0,,deux_roues,,5,2,1,1,7
201900014180,2019-08-05 18:35:00,2019,8,5,18,35,33,33013,AVE DU TECHENEY,44.87162,-0.47629,Plein jour,En agglomération,Hors intersection,Normale,Deux véhicules - frontale,4,2,2,0,1,3,1,0,1,30,2,2,1,0,0,1,20.0,67.0,utilitaire_camion,voiture,1,2,1,1,1
201900014181,2019-08-05 12:00:00,2019,8,5,12,0,33,33318,LEVEQUE (AVE DU HAUT),44.79068,-0.65748,Plein jour,En agglomération,Intersection en X,Normale,Deux véhicules - côté,4,3,4,3,1,1,1,4,1,50,2,2,1,0,1,0,58.0,79.0,transport_commun,voiture,1,2,2,1,3
201900014182,2019-08-05 08:50:00,2019,8,5,8,50,33,33069,Bd Pierre 1er / Av de Tivoli (Le Bouscat),44.857062,-0.591149,Plein jour,En agglomération,Intersection en X,Autre,Deux véhicules - arrière,4,3,7,0,1,1,1,0,1,50,2,2,1,0,0,1,41.0,47.0,utilitaire_camion,utilitaire_camion,1,2,2,9,2
201900014183,2019-08-04 21:05:00,2019,8,4,21,5,33,33550,CHEM DE CAMPARIAN,44.77673,-0.57045,Plein jour,En agglomération,Intersection en X,Normale,Deux véhicules - côté,4,3,2,0,1,2,1,0,1,50,2,1,0,0,0,1,28.0,,deux_roues,,1,2,2,1,3
201900014184,2019-08-04 01:00:00,2019,8,4,1,0,33,33529,AERODROME (AVE DE L'),44.60436,-1.12601,Nuit avec éclairage allumé,Hors agglomération,Hors intersection,Normale,Deux véhicules - frontale,4,2,2,0,1,1,1,0,1,50,2,3,1,0,1,1,42.0,61.0,utilitaire_camion,voiture,5,1,1,1,1
201900014185,2019-08-05 12:45:00,2019,8,5,12,45,33,33009,RAPP (AVE),44.65835,-1.18036,Plein jour,En agglomération,Intersection en X,Normale,Deux véhicules - côté,4,2,2,0,2,1,1,0,1,50,2,2,1,0,1,0,68.0,16.0,voiture,deux_roues,1,2,2,1,3
201900014186,2019-08-05 17:30:00,2019,8,5,17,30,29,29051,RN 165,48.00122,-4.05187,Plein jour,Hors agglomération,Hors intersection,Normale,Sans collision,2,1,4,0,1,2,1,0,1,110,1,1,0,0,0,1,50.0,,voiture,,1,1,1,1,7
201900014187,2019-08-05 07:35:00,2019,8,5,7,35,29,29232,ROSPORDEN ROUTE DE,47.9910005,-4.0727027,Plein jour,En agglomération,Giratoire,Pluie légère,Autre collision,3,2,2,0,1,1,2,0,1,50,1,2,1,0,0,1,55.0,,voiture,,1,2,6,2,6
201900014188,2019-08-05 23:00:00,2019,8,5,23,0,27,27681,PETIT VAL (CHEMIN DU),49.07598,1.507738,Nuit avec éclairage allumé,En agglomération,Hors intersection,Normale,Autre collision,4,-1,1,0,2,1,1,0,1,30,1,1,0,0,1,0,36.0,,deux_roues,,5,2,1,1,6
201900014189,2019-08-05 09:30:00,2019,8,5,9,30,27,27681,JAURES (BOULEVARD JAURES),49.0945,1.4676,Plein jour,En agglomération,Hors intersection,Normale,Trois véhicules et plus - en chaîne,4,2,1,0,1,1,1,0,1,50,3,8,7,0,0,1,42.0,21.0,voiture,voiture,1,2,1,1,4
201900014190,2019-08-05 18:10:00,2019,8,5,18,10,26,26198,FORTUNEAU (Chemin de),44.53931,4.73175,Plein jour,En agglomération,Intersection en X,Normale,Deux véhicules - côté,4,2,2,0,1,1,1,0,1,50,2,2,0,0,1,1,37.0,20.0,voiture,voiture,1,2,2,1,3
201900014191,2019-08-04 10:35:00,2019,8,4,10,35,26,26198,ALLAN (Route d'),44.537141,4.764337,Plein jour,En agglomération,Giratoire,Normale,Deux véhicules - côté,3,1,1,0,1,2,1,9,1,50,2,2,1,0,1,0,65.0,85.0,voiture,deux_roues,1,2,6,1,3
201900014192,2019-08-02 05:45:00,2019,8,2,5,45,25,25539,BERNE (RUE DE),47.454406,6.875333,Crépuscule ou aube,En agglomération,Autre intersection,Normale,Deux véhicules - frontale,3,2,2,0,1,3,1,0,1,30,2,2,0,0,1,1,23.0,39.0,voiture,voiture,2,2,9,1,1
201900014193,2019-08-05 00:25:00,2019,8,5,0,25,25,25056,LANGUEDOC RUE DU,47.2197,5.9654,Nuit avec éclairage allumé,En agglomération,Intersection à plus de 4 branches,Pluie légère,Sans collision,4,1,1,0,1,2,2,5,1,50,1,1,0,0,1,0,31.0,,deux_roues,,5,2,5,2,7
201900014194,2019-08-03 08:40:00,2019,8,3,8,40,17,17306,CLEMENCEAU  GEORGES (BD),45.6275,-1.0201,Plein jour,En agglomération,Autre intersection,Normale,Deux véhicules - côté,4,2,2,0,2,1,1,0,1,50,2,2,1,0,1,0,80.0,16.0,voiture,deux_roues,1,2,9,1,3
201900014195,2019-08-03 12:15:00,2019,8,3,12,15,17,17291,RN 237,46.179074,-1.129276,Plein jour,Hors agglomération,Hors intersection,Normale,Sans collision,2,3,4,0,1,1,1,0,1,90,1,3,2,0,0,1,49.0,,voiture,,1,1,1,1,7
201900014196,2019-08-03 12:00:00,2019,8,3,12,0,17,17299,VERCORS BD DU,45.948198,-0.967409,Plein jour,En agglomération,Giratoire,Normale,Deux véhicules - côté,4,2,2,0,1,1,1,0,1,50,2,2,1,0,1,0,48.0,49.0,voiture,deux_roues,1,2,6,1,3
201900014197,2019-08-05 07:20:00,2019,8,5,7,20,16,16102,Avue Victor Hugo,45.68996,-0.31936,Plein jour,En agglomération,Intersection en X,Normale,Deux véhicules - côté,3,2,3,0,1,1,1,0,1,50,2,2,1,0,0,1,19.0,25.0,voiture,voiture,1,2,2,1,3
201900014198,2019-08-03 16:30:00,2019,8,3,16,30,14,14715,JOHN FITZGERALD KENNEDY (AVENUE),49.37034,0.10337,Plein jour,En agglomération,Hors intersection,Normale,Autre collision,4,1,1,0,1,1,1,0,1,50,1,2,1,0,1,0,20.0,,voiture,,1,2,1,1,6
201900014199,2019-08-06 17:25:00,2019,8,6,17,25,14,14366,LOUIS PASTEUR (BOULEVARD),49.14266,0.22384,Plein jour,En agglomération,Hors intersection,Normale,Deux véhicules - arrière,4,2,2,0,1,1,1,0,1,50,2,2,1,0,0,1,75.0,70.0,voiture,voiture,1,2,1,1,2
201900014200,2019-08-05 07:30:00,2019,8,5,7,30,14,14366,JEAN XXIII (AVENUE),49.14246,0.247864,Plein jour,En agglomération,Hors intersection,Normale,Deux véhicules - frontale,4,2,2,0,1,2,1,0,1,50,2,2,1,0,1,0,39.0,55.0,voiture,voiture,1,2,1,1,1
201900014201,2019-08-06 02:05:00,2019,8,6,2,5,14,14243,HOUSSAUE (AVENUE CHARLES),49.39723,0.21269,Nuit avec éclairage allumé,En agglomération,Hors intersection,Normale,Autre collision,3,3,2,0,1,1,1,0,1,50,1,1,0,0,1,0,24.0,,deux_roues,,5,2,1,1,6
201900014202,2019-08-06 11:00:00,2019,8,6,11,0,14,14587,RN N° 13 ( DE ST GERMAIN A  ROTS),49.19129,-0.4211,Plein jour,Hors agglomération,Hors intersection,Normale,Sans collision,4,1,-1,-1,1,3,1,0,1,-1,1,1,0,0,0,1,30.0,,deux_roues,,1,1,1,1,7
201900014203,2019-08-05 17:40:00,2019,8,5,17,40,13,13102,ROBERT FERRISSE (BD ),43.419638,5.240916,Plein jour,En agglomération,Hors intersection,Normale,Deux véhicules - arrière,3,2,2,0,1,1,1,0,1,50,2,2,1,0,0,1,26.0,20.0,utilitaire_camion,deux_roues,1,2,1,1,2
201900014204,2019-08-06 11:15:00,2019,8,6,11,15,13,13075,LOUIS PASTEUR (AVE),43.356515,5.466613,Plein jour,En agglomération,Hors intersection,Normale,Deux véhicules - côté,4,2,2,0,1,1,1,0,1,50,2,2,1,0,0,1,32.0,53.0,voiture,deux_roues,1,2,1,1,3
201900014205,2019-08-06 06:55:00,2019,8,6,6,55,13,13215,LITTORAL (CHEMIN DU),43.345066,5.345954,Plein jour,Hors agglomération,Autre intersection,Normale,Deux véhicules - côté,3,1,2,0,1,1,1,3,1,50,2,2,1,0,0,1,45.0,,transport_commun,,1,1,9,1,3
201900014206,2019-08-06 08:40:00,2019,8,6,8,40,13,13206,PARADIS (RUE),43.28444,5.38058,Plein jour,En agglomération,Intersection en T,Normale,Deux véhicules - côté,4,1,2,0,1,1,1,0,1,50,2,2,0,0,0,2,43.0,20.0,utilitaire_camion,utilitaire_camion,1,2,3,1,3
201900014207,2019-08-04 21:45:00,2019,8,4,21,45,13,13207,CHARLES LIVON (BOULEVARD),43.29226,5.36306,Nuit avec éclairage allumé,En agglomération,Intersection en T,Normale,Deux véhicules - côté,4,2,3,0,4,1,1,0,1,50,2,3,1,0,0,2,25.0,14.0,deux_roues,autre,5,2,3,1,3
201900014208,2019-08-04 12:55:00,2019,8,4,12,55,13,13215,"131, SAINT LOUIS (AVENUE DE)",43.347744,5.35899,Plein jour,En agglomération,Intersection en T,Normale,Autre collision,4,2,1,0,2,1,1,0,1,50,1,3,1,0,0,2,22.0,,voiture,,1,2,3,1,6
201900014209,2019-08-04 11:00:00,2019,8,4,11,0,13,13207,Corniche John Fitzgérald Kennedy,43.2861716,5.3511757,Plein jour,En agglomération,Hors intersection,Normale,Deux véhicules - côté,4,2,2,0,1,1,1,0,1,50,2,2,1,0,0,1,37.0,31.0,deux_roues,voiture,1,2,1,1,3
201900014210,2019-08-04 03:15:00,2019,8,4,3,15,13,13211,SABLIERE (ROUTE DE LA),43.293,5.479,Nuit avec éclairage allumé,En agglomération,Hors intersection,Normale,Autre collision,4,1,1,0,2,1,1,9,1,50,1,1,0,0,0,1,41.0,,voiture,,5,2,1,1,6
201900014211,2019-08-04 07:15:00,2019,8,4,7,15,13,13208,ROUET (RUE DU),43.2765023,5.3943783,Plein jour,En agglomération,Hors intersection,Normale,Deux véhicules - côté,4,2,2,0,1,1,1,0,1,50,2,2,1,0,0,1,26.0,23.0,deux_roues,voiture,1,2,1,1,3
201900014212,2019-08-04 19:30:00,2019,8,4,19,30,13,13047,SAINT CHAMAS ROUTE DE,43.536019,5.012164,Plein jour,Hors agglomération,Hors intersection,Normale,Sans collision,3,2,2,0,2,4,1,0,1,70,1,1,0,0,1,0,34.0,,deux_roues,,1,1,1,1,7
201900014213,2019-08-06 00:10:00,2019,8,6,0,10,13,13028,GASSION (AVENUE FERNAND ),43.18278,5.60539,Nuit avec éclairage allumé,En agglomération,Hors intersection,Normale,Deux véhicules - côté,4,2,2,0,1,2,1,0,1,50,2,2,1,0,1,0,37.0,23.0,voiture,deux_roues,5,2,1,1,3
201900014214,2019-08-04 21:15:00,2019,8,4,21,15,13,13028,SEVERIERS (CHEMIN DES),43.20262,5.61574,Crépuscule ou aube,En agglomération,Hors intersection,Normale,Deux véhicules - frontale,4,2,2,0,1,1,1,0,1,50,2,3,0,0,0,3,22.0,19.0,voiture,voiture,2,2,1,1,1
201900014215,2019-08-04 21:45:00,2019,8,4,21,45,11,11069,BLERIOT LOUIS,43.22622,2.338028,Nuit avec éclairage allumé,En agglomération,Hors intersection,Normale,Sans collision,4,2,2,0,4,1,1,9,1,50,1,1,0,0,1,0,67.0,,voiture,,5,2,1,1,7
201900014216,2019-08-06 19:20:00,2019,8,6,19,20,10,10387,EUROPE (RUE DE),48.3055,4.0923,Plein jour,En agglomération,Hors intersection,Temps éblouissant,Autre collision,4,3,2,0,1,1,1,0,1,50,1,2,1,0,1,0,67.0,,voiture,,1,2,1,7,6
201900014217,2019-08-03 12:05:00,2019,8,3,12,5,7,07102,CURIE (>RUE PIERRE)[N° AU N°],44.938406,4.882065,Plein jour,En agglomération,Giratoire,Normale,Sans collision,4,2,2,0,1,1,1,0,1,50,1,1,0,0,1,0,53.0,,deux_roues,,1,2,6,1,7
201900014218,2019-08-04 10:00:00,2019,8,4,10,0,7,07116,102 ( ROUTE NATIONALE ),44.64095,4.370409,Plein jour,Hors agglomération,Hors intersection,Normale,Deux véhicules - frontale,2,2,2,0,1,3,1,0,1,70,2,2,0,1,1,0,78.0,61.0,voiture,voiture,1,1,1,1,1
201900014219,2019-08-06 06:50:00,2019,8,6,6,50,6,06088,GRAVIER (AV.),43.72426,7.25949,Plein jour,En agglomération,Giratoire,Normale,Deux véhicules - côté,7,-1,2,0,2,2,1,5,1,50,2,2,1,0,0,1,32.0,26.0,utilitaire_camion,deux_roues,1,2,6,1,3
201900014220,2019-08-05 21:36:00,2019,8,5,21,36,6,06088,PHOCEENS (AV. DES),43.6952,7.26911,Crépuscule ou aube,En agglomération,Intersection en X,Normale,Deux véhicules - côté,7,1,3,0,1,1,1,9,1,50,2,3,2,0,1,0,29.0,42.0,autre,deux_roues,2,2,2,1,3
201900014221,2019-08-06 14:50:00,2019,8,6,14,50,6,06069,PEGOMAS (ROUTE DE),43.643195,6.938122,Plein jour,En agglomération,Hors intersection,Normale,Sans collision,3,2,2,0,2,1,1,0,1,50,1,1,0,0,1,0,75.0,,voiture,,1,2,1,1,7
201900014222,2019-08-05 13:40:00,2019,8,5,13,40,6,06069,POMPIDOU (AVENUE GEORGES) -RD 6085,43.647302,6.936614,Plein jour,En agglomération,Hors intersection,Normale,Sans collision,3,2,2,0,2,3,1,0,1,50,1,1,0,0,0,1,15.0,,deux_roues,,1,2,1,1,7
201900014223,2019-08-04 09:45:00,2019,8,4,9,45,6,06069,SAINT LAURENT (AVENUE),43.6798627,6.9578299,Plein jour,En agglomération,Hors intersection,Normale,Trois véhicules et plus - collisions multiples,4,-1,2,0,1,1,1,0,1,50,4,4,1,0,0,3,44.0,38.0,voiture,voiture,1,2,1,1,5
201900014224,2019-08-04 12:00:00,2019,8,4,12,0,5,05061,CHAMPS FORAIN ( CHEMIN DE ),44.58057,6.11066,Plein jour,En agglomération,Intersection en Y,Normale,Deux véhicules - côté,3,2,2,0,2,2,1,0,1,30,2,2,1,0,1,0,51.0,19.0,voiture,voiture,1,2,4,1,3
201900014225,2019-08-02 18:30:00,2019,8,2,18,30,5,05061,VEYNES ( ROUTE DE ),44.55766,6.05348,Plein jour,Hors agglomération,Hors intersection,Normale,Deux véhicules - côté,3,2,2,0,2,1,1,0,1,80,2,5,3,0,2,0,38.0,33.0,deux_roues,utilitaire_camion,1,1,1,1,3
201900014226,2019-08-04 13:15:00,2019,8,4,13,15,5,05023,PROVENCE (AVENUE DE),44.8985,6.6287,Plein jour,En agglomération,Hors intersection,Normale,Deux véhicules - côté,2,2,2,0,1,3,1,2,1,50,2,2,1,0,0,1,24.0,17.0,deux_roues,deux_roues,1,2,1,1,3
201900014227,2019-08-05 17:45:00,2019,8,5,17,45,3,03001,route d'Hauterive,46.0966629,3.4329619,Plein jour,Hors agglomération,Hors intersection,Normale,Deux véhicules - côté,3,2,2,0,1,1,1,0,1,70,2,2,1,0,1,0,32.0,60.0,deux_roues,voiture,1,1,1,1,3
201900014228,2019-08-04 15:20:00,2019,8,4,15,20,3,03095,allée Mesdames,46.1346139,3.4458895,Plein jour,En agglomération,Hors intersection,Normale,Deux véhicules - frontale,4,2,2,0,1,4,1,0,1,50,2,3,0,0,0,3,68.0,57.0,voiture,voiture,1,2,1,1,1
201900014229,2019-07-30 09:30:00,2019,7,30,9,30,3,03095,route de Paris,46.1390227,3.4564168,Plein jour,En agglomération,Hors intersection,Normale,Autre collision,3,2,2,0,2,1,1,2,1,50,1,1,0,0,1,0,37.0,,utilitaire_camion,,1,2,1,1,6
201900014230,2019-08-06 06:50:00,2019,8,6,6,50,75,75115,RUE ERNEST RENAN,48.843737,2.309645,Nuit avec éclairage allumé,En agglomération,Hors intersection,Normale,Autre collision,4,1,1,0,1,1,1,0,1,50,1,2,0,0,1,1,39.0,,deux_roues,,5,2,1,1,6
201900014231,2019-08-06 05:06:00,2019,8,6,5,6,75,75114,AVENUE DU GENERAL LECLERC,48.8239542,2.3257182,Crépuscule ou aube,En agglomération,Intersection en T,Normale,Autre collision,4,2,5,0,1,1,1,0,1,50,1,1,0,0,1,0,30.0,,deux_roues,,2,2,3,1,6
201900014232,2019-08-05 20:44:00,2019,8,5,20,44,75,75101,QUAI DES TUILERIES,48.8630797,2.3232082,Crépuscule ou aube,En agglomération,Hors intersection,Normale,Sans collision,4,1,3,3,1,1,1,0,1,50,1,1,0,0,1,0,20.0,,deux_roues,,2,2,1,1,7
201900014233,2019-08-03 11:40:00,2019,8,3,11,40,75,75114,BD PERIPHERIQUE EXTERIEUR,48.8240344,2.3074749,Plein jour,En agglomération,Intersection en Y,Normale,Deux véhicules - côté,4,3,3,0,2,1,1,9,1,70,2,5,4,0,0,1,38.0,61.0,voiture,voiture,1,2,4,1,3
201900014234,2019-08-06 16:30:00,2019,8,6,16,30,75,75119,AVENUE DE LA PORTE DES LILAS,48.8777771,2.4081677,Plein jour,En agglomération,Place,Pluie forte,Deux véhicules - côté,4,2,2,0,1,1,2,5,1,50,2,2,1,0,0,1,54.0,48.0,utilitaire_camion,deux_roues,1,2,7,3,3
201900014235,2019-08-05 10:40:00,2019,8,5,10,40,75,75120,RUE PAGANINI,48.8513042,2.4118916,Plein jour,En agglomération,Intersection en X,Normale,Deux véhicules - côté,4,2,2,0,1,1,1,0,1,30,2,2,1,0,0,1,33.0,33.0,voiture,deux_roues,1,2,2,1,3
201900014236,2019-08-04 20:30:00,2019,8,4,20,30,75,75120,BOULEVARD DE BELLEVILLE,48.870106,2.379318,Plein jour,En agglomération,Intersection en X,Normale,Deux véhicules - côté,4,3,2,0,1,1,1,0,1,30,2,3,2,0,0,1,40.0,37.0,voiture,utilitaire_camion,1,2,2,1,3
201900014237,2019-08-04 17:30:00,2019,8,4,17,30,75,75119,AVENUE CORENTIN CARIOU,48.895401,2.383068,Plein jour,En agglomération,Hors intersection,Normale,Deux véhicules - côté,4,2,3,0,1,1,1,0,1,50,2,3,2,0,0,1,45.0,20.0,voiture,deux_roues,1,2,1,1,3
201900014238,2019-08-04 15:15:00,2019,8,4,15,15,75,75119,RUE DE CRIMEE,48.8885521,2.3791984,Plein jour,En agglomération,Intersection en T,Normale,Deux véhicules - arrière,4,2,3,0,1,1,1,0,1,30,2,2,1,0,0,1,23.0,63.0,voiture,voiture,1,2,3,1,2
201900014239,2019-08-06 00:01:00,2019,8,6,0,1,75,75118,BOULEVARD ORNANO,48.8972268,2.3449615,Nuit avec éclairage allumé,En agglomération,Hors intersection,Normale,Deux véhicules - côté,4,2,6,0,1,1,1,0,1,50,2,2,1,0,0,1,25.0,43.0,deux_roues,voiture,5,2,1,1,3
201900014240,2019-08-06 00:10:00,2019,8,6,0,10,75,75117,AVENUE DE CLICHY,48.8943012,2.3137646,Nuit avec éclairage allumé,En agglomération,Intersection en X,Normale,Deux véhicules - côté,4,2,2,0,1,1,1,0,1,50,2,2,1,0,0,1,49.0,34.0,voiture,deux_roues,5,2,2,1,3
201900014241,2019-08-04 16:10:00,2019,8,4,16,10,75,75117,AVENUE DE WAGRAM,48.8866,2.304373,Plein jour,En agglomération,Hors intersection,Normale,Deux véhicules - côté,4,2,4,0,1,1,1,0,1,30,2,2,1,0,0,1,18.0,44.0,deux_roues,voiture,1,2,1,1,3
201900014242,2019-08-05 05:40:00,2019,8,5,5,40,75,75117,RUE DU CAPORAL PEUGEOT,48.8879509,2.2885627,Nuit avec éclairage allumé,En agglomération,Place,Normale,Deux véhicules - côté,4,2,4,0,1,1,1,5,1,50,2,2,1,0,0,1,24.0,64.0,deux_roues,voiture,5,2,7,1,3
201900014243,2019-08-06 10:28:00,2019,8,6,10,28,75,75114,AVENUE DE LA PORTE D ORLEANS,48.8219189,2.325384,Plein jour,En agglomération,Intersection en X,Normale,Deux véhicules - côté,4,1,4,3,1,1,1,0,6,50,2,5,2,0,0,3,21.0,29.0,utilitaire_camion,voiture,1,2,2,1,3
201900014244,2019-08-05 14:40:00,2019,8,5,14,40,75,75114,RUE VERCINGETORIX,48.833171,2.312085,Plein jour,En agglomération,Intersection en X,Normale,Autre collision,4,2,4,0,1,1,1,0,1,50,1,2,1,0,0,1,37.0,,voiture,,1,2,2,1,6
201900014245,2019-08-04 19:35:00,2019,8,4,19,35,75,75114,BOULEVARD BRUNE,48.823993,2.322337,Plein jour,En agglomération,Hors intersection,Normale,Autre collision,4,3,2,1,1,1,1,0,5,50,2,1,0,0,0,1,70.0,,deux_roues,,1,2,1,1,6
201900014246,2019-08-05 18:45:00,2019,8,5,18,45,75,75113,QUAI D IVRY,48.8251187,2.3887378,Plein jour,En agglomération,Intersection en T,Normale,Deux véhicules - côté,4,2,4,0,1,4,1,0,1,50,2,3,1,0,0,2,54.0,23.0,voiture,deux_roues,1,2,3,1,3
201900014247,2019-08-06 12:25:00,2019,8,6,12,25,75,75112,RUE DU SERGENT BAUCHAT,48.8442104,2.3902695,Plein jour,En agglomération,Intersection en T,Normale,Autre collision,4,2,2,0,1,1,1,0,1,50,1,2,1,0,0,1,27.0,,utilitaire_camion,,1,2,3,1,6
201900014248,2019-08-05 20:45:00,2019,8,5,20,45,75,75112,PLACE EDOUARD RENARD,48.8353618,2.4065982,Crépuscule ou aube,En agglomération,Place,Normale,Autre collision,4,3,2,0,1,3,1,0,4,50,1,1,0,0,0,1,,,,,2,2,7,1,6
201900014249,2019-08-05 08:50:00,2019,8,5,8,50,75,75112,SOUTERRAIN VAN GOGH,48.843778,2.371214,Plein jour,En agglomération,Hors intersection,Normale,Autre collision,4,1,2,0,1,1,1,1,1,50,1,1,0,0,0,1,24.0,,utilitaire_camion,,1,2,1,1,6
201900014250,2019-08-04 16:40:00,2019,8,4,16,40,75,75112,AVENUE DAUMESNIL,48.847975,2.373947,Plein jour,En agglomération,Intersection en X,Normale,Deux véhicules - côté,4,2,5,0,1,1,1,0,1,50,2,3,1,0,0,2,29.0,64.0,deux_roues,voiture,1,2,2,1,3
201900014251,2019-08-03 22:15:00,2019,8,3,22,15,75,75112,RUE DE CHARENTON,48.846616,2.378759,Nuit avec éclairage allumé,En agglomération,Intersection en X,Normale,Sans collision,4,2,2,0,1,1,1,0,1,50,1,1,0,0,1,0,26.0,,deux_roues,,5,2,2,1,7
201900014252,2019-08-06 08:30:00,2019,8,6,8,30,75,75111,RUE DE CHARONNE,48.8557651,2.3913253,Plein jour,En agglomération,Intersection en X,Normale,Deux véhicules - côté,4,2,2,0,2,1,1,5,1,30,2,2,1,0,0,1,60.0,23.0,deux_roues,deux_roues,1,2,2,1,3
201900014253,2019-08-05 12:50:00,2019,8,5,12,50,75,75111,AVENUE PARMENTIER,48.867001,2.373221,Plein jour,En agglomération,Intersection en X,Normale,Deux véhicules - côté,4,2,2,0,1,1,1,0,1,30,2,2,1,0,0,1,20.0,41.0,deux_roues,voiture,1,2,2,1,3
201900014254,2019-06-02 22:32:00,2019,6,2,22,32,91,91471,RN 118,48.71449,2.17541,Nuit sans éclairage public,Hors agglomération,Hors intersection,Normale,Deux véhicules - arrière,2,1,3,0,1,1,1,0,1,90,2,3,1,0,0,2,42.0,34.0,utilitaire_camion,utilitaire_camion,3,1,1,1,2
201900014255,2019-06-02 17:30:00,2019,6,2,17,30,91,91340,RN 104,48.60941,2.44085,Plein jour,Hors agglomération,Hors intersection,Normale,Trois véhicules et plus - en chaîne,2,3,6,0,1,1,1,0,1,90,7,7,6,0,0,1,23.0,59.0,voiture,voiture,1,1,1,1,4
201900014256,2019-06-02 14:50:00,2019,6,2,14,50,94,94034,AUTOROUTE A6A,48.75931,2.33773,Plein jour,Hors agglomération,Hors intersection,Normale,Deux véhicules - côté,1,3,6,0,1,1,1,0,1,90,2,2,1,0,0,1,49.0,61.0,voiture,deux_roues,1,1,1,1,3
201900014257,2019-06-01 07:40:00,2019,6,1,7,40,91,91216,AUTOROUTE A6,48.6828,2.3295,Plein jour,Hors agglomération,Hors intersection,Normale,Sans collision,1,3,3,0,1,1,1,0,3,90,1,1,0,0,0,1,54.0,,voiture,,1,1,1,1,7
201900014258,2019-06-01 13:20:00,2019,6,1,13,20,91,91589,AUTOROUTE A6,48.6738,2.34283,Plein jour,Hors agglomération,Hors intersection,Normale,Deux véhicules - arrière,1,1,6,0,3,1,1,0,1,110,2,2,1,0,1,0,31.0,27.0,deux_roues,voiture,1,1,1,1,2
201900014259,2019-06-01 11:42:00,2019,6,1,11,42,91,91064,RN 118,48.7487,2.2171,Plein jour,Hors agglomération,Hors intersection,Normale,Sans collision,2,1,1,0,1,3,1,0,1,50,1,2,0,0,0,2,63.0,,deux_roues,,1,1,1,1,7
201900014260,2019-05-30 20:00:00,2019,5,30,20,0,94,94037,AUTOROUTE A6B,48.8102,2.3496,Plein jour,Hors agglomération,Hors intersection,Normale,Deux véhicules - arrière,1,3,2,0,1,1,1,1,1,70,2,2,1,0,0,1,33.0,22.0,voiture,deux_roues,1,1,1,1,2
201900014261,2019-05-30 17:30:00,2019,5,30,17,30,77,77251,AUTOROUTE A5A,48.6308439,2.536109,Plein jour,Hors agglomération,Hors intersection,Normale,Deux véhicules - côté,1,3,2,0,1,1,1,0,1,90,2,3,2,0,0,1,23.0,46.0,voiture,voiture,1,1,1,1,3
201900014262,2019-05-30 20:50:00,2019,5,30,20,50,91,91689,AUTOROUTE A6B,48.74169,2.31979,Plein jour,Hors agglomération,Hors intersection,Normale,Deux véhicules - arrière,1,3,4,0,1,1,1,0,1,90,2,3,2,0,0,1,50.0,50.0,voiture,voiture,1,1,1,1,2
201900014263,2019-06-19 17:15:00,2019,6,19,17,15,78,78402,A13,48.96476,1.767366,Plein jour,Hors agglomération,Hors intersection,Normale,Deux véhicules - côté,1,1,3,0,1,1,1,0,1,130,2,2,1,0,0,1,45.0,44.0,voiture,voiture,1,1,1,1,3
201900014264,2019-06-19 06:50:00,2019,6,19,6,50,92,92012,A13,48.8482211,2.2377536,Plein jour,Hors agglomération,Hors intersection,Normale,Trois véhicules et plus - collisions multiples,1,1,3,0,1,1,1,1,1,90,3,3,1,0,0,2,19.0,71.0,utilitaire_camion,voiture,1,1,1,1,5