accident_id,datetime,annee,mois,jour,heure,minute,departement,commune_insee,adresse,latitude,longitude,luminosite,agglomeration,intersection,meteo,collision,catr,circ,nbv,vosp,prof,plan,surf,infra,situ,vma,nb_vehicules,nb_usagers,nb_indemnes,nb_tues,nb_blesses_hosp,nb_blesses_legers,age_cond_1,age_cond_2,veh_type_cond_1,veh_type_cond_2,lum_code,agg_code,int_code,atm_code,col_code
201900014635,2019-11-19 17:30:00,2019,11,19,17,30,76,76259,DE LATTRE DE TASSIGNY,49.75421,0.37817,Nuit avec éclairage allumé,En agglomération,Hors intersection,Normale,Autre collision,4,2,2,0,2,1,1,5,1,50,1,2,1,0,1,0,70.0,,voiture,,5,2,1,1,6
201900014636,2019-11-20 11:50:00,2019,11,20,11,50,76,76217,CHANZY (GENERAL),49.91311,1.08221,Plein jour,En agglomération,Hors intersection,Normale,Sans collision,3,2,2,0,1,1,1,0,1,30,1,1,0,0,0,1,38.0,,deux_roues,,1,2,1,1,7
201900014637,2019-11-19 10:00:00,2019,11,19,10,0,74,74133,GENEVE (RUE DE),46.19148,6.21251,Plein jour,En agglomération,Hors intersection,Normale,Autre collision,4,-1,0,0,1,1,1,0,4,30,1,1,0,0,0,1,20.0,,deux_roues,,1,2,1,1,6
201900014638,2019-11-04 18:23:00,2019,11,4,18,23,74,74298,BONNEVILLE (ROUTE DE ),46.1721306,6.2518816,Nuit sans éclairage public,Hors agglomération,Hors intersection,Pluie légère,Autre collision,3,2,2,0,1,1,2,0,1,80,1,1,0,0,0,1,43.0,,voiture,,3,1,1,2,6
201900014639,2019-11-19 19:15:00,2019,11,19,19,15,67,67482,DANTE (AVENUE),48.59074,7.70235,Nuit avec éclairage allumé,En agglomération,Hors intersection,Normale,Autre collision,4,3,6,3,1,1,1,4,1,50,1,2,1,0,0,1,47.0,,voiture,,5,2,1,1,6
201900014640,2019-11-19 17:50:00,2019,11,19,17,50,67,67482,SCHIRMECK (ROUTE DE),48.57209,7.71406,Nuit avec éclairage allumé,En agglomération,Intersection en T,Normale,Deux véhicules - côté,4,2,3,0,1,1,1,0,1,50,2,2,1,0,1,0,37.0,22.0,deux_roues,voiture,5,2,3,1,3
201900014641,2019-11-20 13:11:00,2019,11,20,13,11,66,66136,JULIEN PANCHOT (AVENUE),42.67702,2.84769,Plein jour,En agglomération,Hors intersection,Normale,Deux véhicules - côté,4,2,2,0,1,1,1,0,1,50,2,2,1,0,1,0,17.0,50.0,deux_roues,voiture,1,2,1,1,3
201900014642,2019-11-20 17:50:00,2019,11,20,17,50,65,65440,MOUSIS (RUE FRANCOIS),43.230896,0.081989,Nuit avec éclairage allumé,En agglomération,Hors intersection,Normale,Autre collision,4,2,2,0,1,1,1,0,1,50,1,2,1,0,0,1,27.0,,voiture,,5,2,1,1,6
201900014643,2019-11-20 07:05:00,2019,11,20,7,5,65,65440,8 bis JOFFRE (AVENUE DU MARECHAL),43.239562,0.072663,Nuit avec éclairage allumé,En agglomération,Hors intersection,Normale,Autre collision,3,2,-1,-1,1,1,1,0,1,-1,1,2,1,0,1,0,27.0,,voiture,,5,2,1,1,6
201900014644,2019-11-19 18:50:00,2019,11,19,18,50,64,64445,JEAN MERMOZ,43.30654,-0.37632,Nuit avec éclairage allumé,En agglomération,Hors intersection,Normale,Autre collision,4,2,3,0,1,1,1,0,1,50,1,2,1,0,0,1,78.0,,voiture,,5,2,1,1,6
201900014645,2019-11-19 10:15:00,2019,11,19,10,15,64,64122,PRINGLE (RUE),43.47885,-1.55279,Plein jour,En agglomération,Hors intersection,Normale,Deux véhicules - côté,4,2,2,0,2,2,1,0,1,50,2,2,1,0,0,1,29.0,45.0,voiture,deux_roues,1,2,1,1,3
201900014646,2019-11-17 06:00:00,2019,11,17,6,0,64,64122,CHAPELET (RUE),43.46155,-1.54496,Nuit avec éclairage allumé,En agglomération,Hors intersection,Pluie légère,Autre collision,4,2,2,0,2,1,2,0,1,30,1,3,1,0,1,1,20.0,,voiture,,5,2,1,2,6
201900014647,2019-11-20 18:40:00,2019,11,20,18,40,62,62617,ROUTE NATIONALE (CD 937),50.46479,2.67495,Nuit avec éclairage allumé,En agglomération,Intersection en T,Normale,Deux véhicules - côté,3,2,2,0,1,1,1,0,1,50,2,2,1,0,0,1,57.0,16.0,voiture,deux_roues,5,2,3,1,3
201900014648,2019-10-08 15:05:00,2019,10,8,15,5,62,62570,D 262,50.4001418,2.8803928,Plein jour,Hors agglomération,Hors intersection,Normale,Autre collision,3,2,3,0,1,1,1,0,1,50,1,1,0,0,1,0,,,,,1,1,1,1,6
201900014649,2019-11-20 18:30:00,2019,11,20,18,30,60,60057,BRIAND ARISTIDE (BOULEVARD),49.4265719,2.0832336,Crépuscule ou aube,En agglomération,Hors intersection,Normale,Autre collision,4,1,2,0,1,1,2,0,1,50,1,2,1,0,0,1,35.0,,voiture,,2,2,1,1,6
201900014650,2019-11-20 17:45:00,2019,11,20,17,45,60,60057,TILLOY (RUE DU) - AVENUE DU 8 MAI,49.4424934,2.0982547,Crépuscule ou aube,En agglomération,Hors intersection,Normale,Autre collision,4,2,-1,-1,1,1,1,0,1,50,1,2,1,0,0,1,51.0,,voiture,,2,2,1,1,6
201900014651,2019-11-19 19:35:00,2019,11,19,19,35,56,56162,D 163,47.76019,-3.42363,Nuit sans éclairage public,Hors agglomération,Hors intersection,Normale,Deux véhicules - frontale,3,2,2,0,1,1,1,0,1,70,2,2,0,0,0,2,42.0,22.0,voiture,voiture,3,1,1,1,1
201900014652,2019-11-20 18:00:00,2019,11,20,18,0,54,54578,VANDOEUVRE (RUE DE),48.6632642,6.155122,Nuit avec éclairage allumé,En agglomération,Hors intersection,Normale,Sans collision,4,2,2,0,1,1,1,0,1,50,1,2,1,0,0,1,33.0,,voiture,,5,2,1,1,7
201900014653,2019-11-19 08:33:00,2019,11,19,8,33,54,54395,HAXO (RUE DU GENERAL),48.67633,6.1707,Plein jour,En agglomération,Intersection en X,Normale,Deux véhicules - côté,4,2,2,1,1,1,1,0,1,50,2,2,1,0,0,1,49.0,49.0,deux_roues,voiture,1,2,2,1,3
201900014654,2019-11-19 18:20:00,2019,11,19,18,20,54,54578,BAUDRICOURT (BD DE),48.673142,6.164465,Nuit avec éclairage allumé,En agglomération,Intersection à plus de 4 branches,Normale,Sans collision,4,-1,3,0,1,1,1,0,1,50,1,2,1,0,0,1,27.0,,voiture,,5,2,5,1,7
201900014655,2019-11-19 16:40:00,2019,11,19,16,40,54,54547,HOLLANDE (RUE DE),48.664259,6.184421,Crépuscule ou aube,En agglomération,Intersection en T,Normale,Deux véhicules - arrière,4,-1,2,0,1,1,1,0,1,50,2,2,1,0,0,1,82.0,49.0,voiture,voiture,2,2,3,1,2
201900014656,2019-11-19 08:30:00,2019,11,19,8,30,54,54395,VOIRIN (RUE DES FRERES),48.676981,6.170792,Plein jour,En agglomération,Hors intersection,Normale,Deux véhicules - côté,4,-1,2,0,1,1,1,0,1,50,2,1,0,0,0,1,58.0,,deux_roues,,1,2,1,1,3
201900014657,2019-11-20 21:30:00,2019,11,20,21,30,51,51454,BOULEVARD LUNDY,49.2612371,4.0306847,Nuit avec éclairage allumé,En agglomération,Intersection en T,Normale,Deux véhicules - côté,4,2,2,0,1,1,1,5,1,50,2,2,1,0,1,0,47.0,23.0,voiture,deux_roues,5,2,3,1,3
201900014658,2019-11-19 13:25:00,2019,11,19,13,25,50,50602,EST (BOULEVARD DE L'),49.63654,-1.59595,Plein jour,En agglomération,Giratoire,Normale,Deux véhicules - côté,3,3,4,0,1,2,1,0,1,50,2,2,1,0,0,1,52.0,15.0,voiture,deux_roues,1,2,6,1,3
201900014659,2019-11-18 17:20:00,2019,11,18,17,20,47,47323,R.D.911(ROUTE DE SAINTSYLVESTRE),44.4077,0.74786,Crépuscule ou aube,Hors agglomération,Hors intersection,Normale,Trois véhicules et plus - collisions multiples,3,2,2,0,1,1,1,0,1,70,3,4,1,0,0,3,42.0,42.0,voiture,voiture,2,1,1,1,5
201900014660,2019-11-20 17:44:00,2019,11,20,17,44,45,45286,RUE DU GENERAL DE GAULLE,47.8910802,1.9210049,Nuit avec éclairage allumé,En agglomération,Hors intersection,Normale,Deux véhicules - côté,4,2,3,1,1,1,1,0,5,50,2,3,2,0,0,1,29.0,34.0,deux_roues,voiture,5,2,1,1,3
201900014661,2019-11-18 11:20:00,2019,11,18,11,20,44,44184,COMMANDO (PLACE DU),47.27179,-2.204754,Plein jour,En agglomération,Hors intersection,Normale,Deux véhicules - côté,4,2,1,0,1,1,1,0,1,30,2,2,1,0,1,0,46.0,68.0,voiture,deux_roues,1,2,1,1,3
201900014662,2019-11-20 20:45:00,2019,11,20,20,45,44,44162,PERIPHERIQUE,47.24347,-1.62262,Nuit avec éclairage allumé,Hors agglomération,Hors intersection,Pluie légère,Deux véhicules - arrière,2,1,0,0,1,1,2,0,1,50,2,2,1,0,0,1,64.0,40.0,voiture,voiture,5,1,1,2,2
201900014663,2019-10-29 19:20:00,2019,10,29,19,20,40,40192,FOCH (AV DU MARECHAL),43.89768,-0.48868,Nuit avec éclairage allumé,En agglomération,Hors intersection,Pluie légère,Deux véhicules - côté,3,2,4,1,1,1,2,9,1,50,2,2,1,0,0,1,19.0,53.0,deux_roues,voiture,5,2,1,2,3
201900014664,2019-11-18 13:22:00,2019,11,18,13,22,39,39300,238 Rue des Violettes,46.676408,5.572458,Plein jour,En agglomération,Hors intersection,Normale,Deux véhicules - frontale,4,2,2,0,2,3,1,0,1,50,2,4,3,0,1,0,31.0,31.0,voiture,deux_roues,1,2,1,1,1
201900014665,2019-11-20 21:05:00,2019,11,20,21,5,37,37261,DANIEL MAYER,47.41883,0.70422,Nuit avec éclairage allumé,En agglomération,Hors intersection,Normale,Autre collision,4,2,2,0,1,1,1,0,1,50,2,1,0,0,0,1,19.0,,voiture,,5,2,1,1,6
201900014666,2019-11-20 19:20:00,2019,11,20,19,20,37,37261,PLAT D'ETAIN (RUE DU),47.38378,0.67284,Nuit sans éclairage public,En agglomération,Hors intersection,Normale,Autre collision,4,2,2,0,1,1,1,0,1,50,2,2,1,0,1,0,20.0,54.0,voiture,deux_roues,3,2,1,1,6
201900014667,2019-11-19 09:00:00,2019,11,19,9,0,36,36044,RUE TRAVERSIERE,46.81183,1.68936,Plein jour,En agglomération,Hors intersection,Normale,Autre collision,4,2,2,0,1,1,1,0,1,50,1,1,0,0,0,1,,,,,1,2,1,1,6
201900014668,2019-11-15 22:26:00,2019,11,15,22,26,36,36063,ROND POINT DU FREESBEE,46.85226,1.70069,Nuit avec éclairage allumé,Hors agglomération,Giratoire,Autre,Autre collision,3,1,1,0,1,2,2,9,1,50,1,1,0,0,1,0,22.0,,voiture,,5,1,6,9,6
201900014669,2019-11-17 14:45:00,2019,11,17,14,45,31,31555,VA007331 A620,43.56058,1.49381,Plein jour,Hors agglomération,Hors intersection,Normale,Trois véhicules et plus - en chaîne,1,3,5,0,1,1,1,0,1,90,3,5,3,0,0,2,47.0,36.0,voiture,voiture,1,1,1,1,4
201900014670,2019-11-15 20:20:00,2019,11,15,20,20,31,31149,BD GENERAL DE GAULLE,43.61004,1.32819,Nuit avec éclairage allumé,En agglomération,Hors intersection,Pluie forte,Autre collision,3,2,2,0,1,1,2,0,1,50,1,4,1,0,0,3,65.0,,voiture,,5,2,1,3,6
201900014671,2019-11-20 11:00:00,2019,11,20,11,0,27,27681,JAURES (BOULEVARD JAURES),49.09634,1.46374,Plein jour,En agglomération,Giratoire,Normale,Deux véhicules - côté,4,2,2,1,1,3,1,0,1,50,2,2,1,0,0,1,19.0,80.0,deux_roues,voiture,1,2,6,1,3
201900014672,2019-11-20 11:25:00,2019,11,20,11,25,24,24037,DOUMER (AVENUE PAUL),44.8423,0.4804,Plein jour,En agglomération,Hors intersection,Normale,Deux véhicules - côté,3,2,2,0,1,1,1,0,1,50,2,2,1,0,1,0,58.0,17.0,voiture,deux_roues,1,2,1,1,3
201900014673,2019-11-09 12:25:00,2019,11,9,12,25,22,22106,LANDELLE (RUE DE LA),48.49252,-2.722068,Plein jour,En agglomération,Hors intersection,Pluie légère,Deux véhicules - frontale,4,2,2,0,1,3,2,0,1,50,2,3,1,0,0,2,37.0,40.0,voiture,voiture,1,2,1,2,1
201900014674,2019-11-19 07:50:00,2019,11,19,7,50,19,19031,MICHELET (AVENUE EDMOND),45.15066,1.53172,Plein jour,En agglomération,Intersection en X,Normale,Deux véhicules - côté,4,2,2,0,2,1,1,0,1,50,2,2,1,0,0,1,17.0,74.0,deux_roues,utilitaire_camion,1,2,2,1,3
201900014675,2019-11-19 14:30:00,2019,11,19,14,30,17,17291,JUSTICES  RUE DU MOULIN DES,46.17233,-1.12441,Plein jour,En agglomération,Intersection en X,Normale,Autre collision,4,2,2,0,1,1,1,0,1,50,1,2,1,0,1,0,62.0,,voiture,,1,2,2,1,6
201900014676,2019-11-19 11:45:00,2019,11,19,11,45,15,15014,PREVERT (RUE JACQUES),44.917307,2.422271,Plein jour,En agglomération,Giratoire,Normale,Deux véhicules - côté,4,-1,1,0,1,1,1,5,1,50,2,4,3,0,0,1,58.0,18.0,voiture,voiture,1,2,6,1,3
201900014677,2019-11-20 16:30:00,2019,11,20,16,30,13,13117,EUROPE (AVENUE DE L'),43.43197,5.24863,Plein jour,En agglomération,Hors intersection,Normale,Deux véhicules - frontale,4,2,0,0,2,1,1,0,1,50,2,2,1,0,1,0,33.0,23.0,voiture,deux_roues,1,2,1,1,1
201900014678,2019-11-20 15:10:00,2019,11,20,15,10,13,13213,SAINT PAUL (AVENUE),43.328402,5.405242,Plein jour,En agglomération,Intersection en T,Normale,Deux véhicules - côté,4,2,2,0,1,2,1,0,1,50,2,2,1,0,0,1,62.0,47.0,utilitaire_camion,utilitaire_camion,1,2,3,1,3
201900014679,2019-11-19 16:01:00,2019,11,19,16,1,13,13203,ROGER SALENGRO (AVENUE),43.3195479,5.3674344,Crépuscule ou aube,En agglomération,Hors intersection,Pluie légère,Deux véhicules - côté,4,2,2,0,1,1,1,0,1,50,2,3,1,0,1,1,34.0,32.0,deux_roues,voiture,2,2,1,2,3
201900014680,2019-11-20 12:15:00,2019,11,20,12,15,13,13211,LOUIS REGIS (RUE),43.289302,5.496745,Plein jour,En agglomération,Hors intersection,Normale,Deux véhicules - arrière,3,2,4,0,1,1,1,0,1,50,2,2,1,0,0,1,33.0,58.0,voiture,voiture,1,2,1,1,2
201900014681,2019-11-19 10:30:00,2019,11,19,10,30,13,13209,MICHELET (BOULEVARD),43.268256,5.393703,Plein jour,En agglomération,Intersection en T,Normale,Deux véhicules - frontale,4,2,6,0,1,1,1,0,1,50,2,2,1,0,0,1,25.0,50.0,voiture,deux_roues,1,2,3,1,1
201900014682,2019-11-18 18:20:00,2019,11,18,18,20,13,13214,SAINTE MARTHE (chemin),43.326643,5.387803,Nuit avec éclairage allumé,En agglomération,Autre intersection,Normale,Deux véhicules - côté,4,2,2,0,2,1,1,0,1,50,2,5,3,0,1,1,28.0,34.0,deux_roues,voiture,5,2,9,1,3
201900014683,2019-11-20 07:36:00,2019,11,20,7,36,10,10387,GEORGES POMPIDOU (RUE),48.29614,4.09431,Crépuscule ou aube,En agglomération,Hors intersection,Brouillard / fumée,Autre collision,3,1,2,0,1,1,1,0,1,50,1,2,1,0,1,0,25.0,,voiture,,2,2,1,5,6
201900014684,2019-11-19 14:35:00,2019,11,19,14,35,5,05061,FOREST D'ENTRAIS ( RUE  DU ),44.56582,6.08693,Plein jour,En agglomération,Hors intersection,Temps éblouissant,Sans collision,4,2,2,0,1,1,1,0,1,50,1,3,2,0,1,0,66.0,,voiture,,1,2,1,7,7
201900014685,2019-11-20 13:00:00,2019,11,20,13,0,2,02408,WINSTON CHURCHILL (RUE),49.56734,3.63597,Plein jour,En agglomération,Hors intersection,Normale,Deux véhicules - côté,9,-1,2,0,2,2,1,9,1,50,2,2,1,0,0,1,46.0,59.0,voiture,voiture,1,2,1,1,3
201900014686,2019-11-20 16:25:00,2019,11,20,16,25,75,75105,QUAI DE MONTEBELLO,48.851932,2.349209,Plein jour,En agglomération,Intersection en T,Normale,Deux véhicules - arrière,4,1,3,0,1,1,1,0,1,50,2,2,1,0,0,1,49.0,28.0,voiture,deux_roues,1,2,3,1,2
201900014687,2019-11-19 23:37:00,2019,11,19,23,37,75,75105,RUE SAINT JACQUES,48.847354,2.343654,Nuit avec éclairage allumé,En agglomération,Intersection en X,Normale,Deux véhicules - côté,4,1,2,0,3,1,1,0,1,30,2,2,1,0,0,1,25.0,54.0,voiture,deux_roues,5,2,2,1,3
201900014688,2019-11-20 17:45:00,2019,11,20,17,45,75,75119,RUE AUGUSTIN THIERRY,48.8761276,2.3937024,Crépuscule ou aube,En agglomération,Hors intersection,Normale,Sans collision,4,2,2,0,1,1,1,0,1,30,1,1,0,0,0,1,28.0,,deux_roues,,2,2,1,1,7
201900014689,2019-11-19 11:00:00,2019,11,19,11,0,75,75117,RUE CARDINET,48.888298,2.315363,Plein jour,En agglomération,Hors intersection,Normale,Sans collision,4,2,2,0,1,1,1,0,1,50,1,1,0,0,0,1,27.0,,deux_roues,,1,2,1,1,7
201900014690,2019-11-19 21:10:00,2019,11,19,21,10,75,75117,AVENUE DE VILLIERS,48.884358,2.301909,Nuit avec éclairage allumé,En agglomération,Hors intersection,Normale,Deux véhicules - côté,4,2,2,0,1,1,1,0,1,50,2,2,1,0,0,1,42.0,64.0,voiture,deux_roues,5,2,1,1,3
201900014691,2019-11-19 19:28:00,2019,11,19,19,28,75,75116,AVENUE KLEBER,48.872434,2.294063,Nuit avec éclairage allumé,En agglomération,Intersection en X,Normale,Deux véhicules - côté,4,2,3,0,1,1,1,0,1,50,2,2,1,0,0,1,43.0,20.0,deux_roues,voiture,5,2,2,1,3
201900014692,2019-11-19 17:00:00,2019,11,19,17,0,75,75116,PLACE DE LA PORTE DE SAINT CLOUD,48.8374605,2.2569019,Nuit avec éclairage allumé,En agglomération,Place,Normale,Deux véhicules - côté,4,1,5,0,1,3,1,0,1,50,2,2,1,0,0,1,27.0,55.0,deux_roues,voiture,5,2,7,1,3
201900014693,2019-11-19 23:05:00,2019,11,19,23,5,75,75112,AVENUE DE NOGENT   VINCENNES,48.844293,2.442275,Nuit avec éclairage allumé,En agglomération,Intersection en Y,Normale,Deux véhicules - côté,4,2,2,0,1,1,1,0,1,50,2,3,1,0,0,2,29.0,36.0,voiture,deux_roues,5,2,4,1,3
201900014694,2019-11-18 14:40:00,2019,11,18,14,40,75,75107,BOULEVARD DES INVALIDES,48.854659,2.314851,Plein jour,En agglomération,Hors intersection,Pluie légère,Trois véhicules et plus - collisions multiples,4,2,4,0,1,1,2,0,1,50,3,3,2,0,0,1,53.0,50.0,voiture,voiture,1,2,1,2,5
201900014695,2019-11-20 12:00:00,2019,11,20,12,0,75,75101,RUE ETIENNE MARCEL,48.8641945,2.347602,Plein jour,En agglomération,Intersection en X,Normale,Deux véhicules - côté,4,2,3,0,1,1,1,0,1,30,2,2,1,0,0,1,22.0,27.0,deux_roues,voiture,1,2,2,1,3
201900014696,2019-11-20 17:05:00,2019,11,20,17,5,94,94078,PIERRE SEMARD (PL),48.730561,2.446858,Nuit avec éclairage allumé,En agglomération,Hors intersection,Normale,Autre collision,2,3,2,0,1,1,1,9,1,50,1,2,1,0,0,1,39.0,,voiture,,5,2,1,1,6
201900014697,2019-11-19 18:00:00,2019,11,19,18,0,94,94068,GENERAL LECLERC (AV DU),48.806623,2.496902,Nuit avec éclairage allumé,En agglomération,Hors intersection,Normale,Deux véhicules - côté,4,1,1,0,1,2,1,0,1,50,2,2,1,0,0,1,44.0,37.0,voiture,deux_roues,5,2,1,1,3
201900014698,2019-11-19 14:00:00,2019,11,19,14,0,94,94068,CHAMPIGNY - PONT DE CHAMPIGNY (BD DE),48.81,2.51,Plein jour,En agglomération,Hors intersection,Normale,Sans collision,9,2,2,0,1,1,1,0,1,50,1,1,0,0,1,0,54.0,,deux_roues,,1,2,1,1,7
201900014699,2019-11-20 17:40:00,2019,11,20,17,40,94,94033,CHARLES GARCIA (AV),48.85335,2.48269,Nuit avec éclairage allumé,En agglomération,Autre intersection,Normale,Deux véhicules - côté,6,2,2,0,1,1,1,9,1,30,2,2,1,0,0,1,45.0,12.0,voiture,deux_roues,5,2,9,1,3
201900014700,2019-11-20 21:40:00,2019,11,20,21,40,94,94028,FRANCE LIBRE(AVENUE DE LA),48.7813,2.45497,Nuit avec éclairage allumé,En agglomération,Hors intersection,Temps couvert,Deux véhicules - côté,4,2,2,0,1,1,1,0,1,50,2,2,1,0,0,1,27.0,27.0,deux_roues,voiture,5,2,1,8,3
201900014701,2019-11-20 20:00:00,2019,11,20,20,0,94,94079,JEAN JAURES (R),48.82754,2.52791,Nuit avec éclairage allumé,En agglomération,Giratoire,Normale,Autre collision,4,1,2,0,1,2,1,0,1,50,1,1,0,0,0,1,27.0,,deux_roues,,5,2,6,1,6
201900014702,2019-11-18 18:50:00,2019,11,18,18,50,94,94002,BLANQUI (QU),48.80949,2.41021,Nuit avec éclairage allumé,En agglomération,Intersection en T,Pluie légère,Deux véhicules - frontale,3,2,2,0,1,1,2,0,1,50,2,2,1,0,0,1,34.0,47.0,deux_roues,voiture,5,2,3,2,1
201900014703,2019-11-20 08:05:00,2019,11,20,8,5,93,93049,GALLIENI (BOULEVARD),48.853296,2.51555,Plein jour,En agglomération,Hors intersection,Normale,Autre collision,3,2,4,0,1,1,1,0,1,50,1,2,1,0,0,1,41.0,,voiture,,1,2,1,1,6
201900014704,2019-11-20 16:30:00,2019,11,20,16,30,93,93046,JULES GUESDES AVENUE,48.91104,2.51106,Plein jour,En agglomération,Hors intersection,Normale,Autre collision,3,2,2,0,1,1,1,0,1,50,1,2,1,0,0,1,40.0,,voiture,,1,2,1,1,6
201900014705,2019-11-20 08:04:00,2019,11,20,8,4,93,93046,VAUBAN AVENUE,48.91395,2.51949,Plein jour,En agglomération,Autre intersection,Normale,Autre collision,4,2,2,0,1,1,1,0,4,50,2,2,1,0,0,1,22.0,20.0,voiture,autre,1,2,9,1,6
201900014706,2019-11-20 21:15:00,2019,11,20,21,15,93,93027,VAILLANT-COUTURIER (AVENUE PAUL),48.9213,2.4112,Nuit avec éclairage allumé,En agglomération,Hors intersection,Normale,Autre collision,3,1,1,0,1,1,1,9,3,50,1,2,1,0,0,1,35.0,,voiture,,5,2,1,1,6
201900014707,2019-11-20 12:45:00,2019,11,20,12,45,93,93007,EMILE PALADHILE (RUE),48.938,2.468,Plein jour,En agglomération,Intersection en T,Normale,Deux véhicules - côté,4,1,1,0,1,1,1,0,1,50,2,2,1,0,0,1,40.0,22.0,voiture,deux_roues,1,2,3,1,3
201900014708,2019-11-20 04:26:00,2019,11,20,4,26,92,92050,PICASSO PABLO AVENUE,48.89012,2.219213,Nuit avec éclairage allumé,En agglomération,Hors intersection,Normale,Autre collision,4,2,2,1,1,1,1,0,1,50,1,1,0,0,0,1,22.0,,deux_roues,,5,2,1,1,6
201900014709,2019-11-20 18:20:00,2019,11,20,18,20,92,92049,RACINE RUE AUTRES N°,48.812361,2.314248,Nuit avec éclairage allumé,En agglomération,Intersection en X,Normale,Deux véhicules - côté,4,1,1,0,1,1,2,0,1,50,2,2,1,0,0,1,31.0,44.0,voiture,deux_roues,5,2,2,1,3
201900014710,2019-11-15 18:00:00,2019,11,15,18,0,92,92036,MOULIN DE CAGE (QUAI DU),48.92103,2.3252,Nuit avec éclairage allumé,En agglomération,Intersection en X,Pluie forte,Deux véhicules - côté,3,3,4,0,1,1,1,0,1,50,2,2,1,0,0,1,41.0,27.0,voiture,deux_roues,5,2,2,3,3
201900014711,2019-11-18 10:20:00,2019,11,18,10,20,92,92025,STALINGRAD (AV DE),48.930405,2.267521,Plein jour,En agglomération,Hors intersection,Pluie légère,Deux véhicules - côté,3,2,2,0,1,1,2,0,1,50,2,2,1,0,0,1,35.0,45.0,utilitaire_camion,voiture,1,2,1,2,3
201900014712,2019-11-20 11:50:00,2019,11,20,11,50,92,92004,AULAGNIER ( QUAI ),48.9143178,2.310745,Plein jour,En agglomération,Hors intersection,Normale,Deux véhicules - côté,3,-1,2,0,1,1,1,0,1,50,2,2,1,0,0,1,24.0,30.0,voiture,deux_roues,1,2,1,1,3
201900014713,2019-11-21 09:20:00,2019,11,21,9,20,10,10115,Rue Claude Bertrand,48.32971,4.128424,Plein jour,En agglomération,Hors intersection,Normale,Autre collision,3,3,2,0,1,1,1,0,1,50,1,2,1,0,1,0,84.0,,voiture,,1,2,1,1,6
201900014714,2019-11-21 12:45:00,2019,11,21,12,45,972,97232,Ravine Plate,14.563869,-60.856728,Plein jour,Hors agglomération,Hors intersection,Normale,Deux véhicules - arrière,2,2,2,0,2,3,1,0,1,80,2,2,1,0,0,1,20.0,59.0,voiture,voiture,1,1,1,1,2
201900014715,2019-11-21 10:30:00,2019,11,21,10,30,62,62038,Avenue des Tilleuls,50.851501,1.981474,Plein jour,En agglomération,Hors intersection,Normale,Deux véhicules - côté,3,2,2,0,1,1,1,0,1,50,2,3,2,1,0,0,73.0,43.0,voiture,utilitaire_camion,1,2,1,1,3
201900014716,2019-11-21 07:20:00,2019,11,21,7,20,14,14061,A84,49.016264,-0.848591,Crépuscule ou aube,Hors agglomération,Hors intersection,Autre,Deux véhicules - arrière,1,3,4,0,3,2,7,0,3,130,2,4,3,0,0,1,46.0,54.0,voiture,voiture,2,1,1,9,2
201900014717,2019-11-20 17:30:00,2019,11,20,17,30,58,58238,A77,47.005986,3.204497,Crépuscule ou aube,Hors agglomération,Autre intersection,Normale,Autre collision,1,3,4,0,1,1,1,0,1,130,2,2,1,0,0,1,58.0,22.0,utilitaire_camion,voiture,2,1,9,1,6
201900014718,2019-11-21 08:26:00,2019,11,21,8,26,12,12145,A75,44.119846,3.029488,Plein jour,Hors agglomération,Hors intersection,Normale,Deux véhicules - arrière,1,3,4,0,1,1,1,0,1,130,2,2,1,0,0,1,59.0,47.0,utilitaire_camion,utilitaire_camion,1,1,1,1,2
201900014719,2019-11-16 14:45:00,2019,11,16,14,45,77,77432,D934 - 23 Rue de Villars,48.7885936,3.2349027,Plein jour,Hors agglomération,Hors intersection,Normale,Autre collision,3,2,2,0,1,1,1,0,1,80,3,5,2,1,2,0,22.0,80.0,voiture,voiture,1,1,1,1,6
201900014720,2019-11-20 08:00:00,2019,11,20,8,0,56,56067,Kerroz,47.776459,-2.888811,Crépuscule ou aube,Hors agglomération,Hors intersection,Normale,Trois véhicules et plus - collisions multiples,3,2,2,0,2,1,1,0,1,80,3,3,1,0,0,2,55.0,55.0,utilitaire_camion,voiture,2,1,1,1,5
201900014721,2019-11-20 16:40:00,2019,11,20,16,40,79,79290,,46.41588,-0.59219,Plein jour,Hors agglomération,Hors intersection,Normale,Autre collision,3,2,2,0,1,1,1,0,3,80,1,1,0,0,1,0,47.0,,voiture,,1,1,1,1,6
201900014722,2019-11-21 07:00:00,2019,11,21,7,0,80,80834,42 Rue de l'Avenir,50.066695,1.512605,Nuit sans éclairage public,Hors agglomération,Giratoire,Brouillard / fumée,Autre collision,3,2,1,0,1,1,1,5,3,80,1,1,0,0,1,0,58.0,,voiture,,3,1,6,5,6
201900014723,2019-11-21 07:45:00,2019,11,21,7,45,32,32132,Rue de la 1ere Armee Francaise Rhin et Danube,43.848776,0.676154,Crépuscule ou aube,Hors agglomération,Hors intersection,Normale,Deux véhicules - arrière,3,2,2,0,1,1,1,5,1,80,2,2,1,0,0,1,47.0,25.0,voiture,voiture,2,1,1,1,2
201900014724,2019-11-18 19:00:00,2019,11,18,19,0,61,61457,Lieu Dit les brousettes,48.789485,0.520548,Nuit sans éclairage public,Hors agglomération,Hors intersection,Normale,Sans collision,3,2,2,0,1,1,1,0,3,80,1,1,0,0,1,0,72.0,,voiture,,3,1,1,1,7