accident_id,datetime,annee,mois,jour,heure,minute,departement,commune_insee,adresse,latitude,longitude,luminosite,agglomeration,intersection,meteo,collision,catr,circ,nbv,vosp,prof,plan,surf,infra,situ,vma,nb_vehicules,nb_usagers,nb_indemnes,nb_tues,nb_blesses_hosp,nb_blesses_legers,age_cond_1,age_cond_2,veh_type_cond_1,veh_type_cond_2,lum_code,agg_code,int_code,atm_code,col_code
201900014815,2019-12-30 17:00:00,2019,12,30,17,0,31,31470,Ravi,42.743136,0.60153,Crépuscule ou aube,Hors agglomération,Hors intersection,Normale,Sans collision,3,2,2,0,2,3,1,0,3,80,1,1,0,0,1,0,19.0,,deux_roues,,2,1,1,1,7
201900014816,2019-12-31 18:00:00,2019,12,31,18,0,38,38029,Rue des Canuts,45.58022,5.52328,Nuit sans éclairage public,En agglomération,Hors intersection,Normale,Deux véhicules - frontale,3,4,2,0,2,1,1,9,1,30,2,3,1,0,0,2,53.0,29.0,voiture,voiture,3,2,1,1,1
201900014817,2019-12-31 16:58:00,2019,12,31,16,58,30,30167,D51,44.262489,4.158434,Plein jour,Hors agglomération,Hors intersection,Normale,Deux véhicules - côté,3,3,2,0,1,1,1,0,1,80,2,2,1,1,0,0,59.0,70.0,voiture,deux_roues,1,1,1,1,3
201900014818,2019-12-29 20:30:00,2019,12,29,20,30,987,98745,Haamene,-16.630833,-151.504028,Nuit avec éclairage allumé,En agglomération,Intersection en T,Normale,Autre collision,2,2,2,0,1,1,1,0,1,40,1,1,0,0,1,0,19.0,,deux_roues,,5,2,3,1,6
201900014819,2019-12-31 16:15:00,2019,12,31,16,15,33,33199,4 Av du Mal de Lattre de Tassigny,44.639426,-1.118506,Plein jour,En agglomération,Hors intersection,Normale,Deux véhicules - côté,3,2,2,0,1,1,1,0,1,50,2,2,1,0,0,1,34.0,23.0,deux_roues,voiture,1,2,1,1,3
201900014820,2019-12-31 14:10:00,2019,12,31,14,10,78,78349,D149,48.561748,1.987393,Plein jour,Hors agglomération,Hors intersection,Normale,Deux véhicules - côté,3,2,2,0,2,3,1,0,1,50,2,2,1,0,1,0,26.0,49.0,voiture,deux_roues,1,1,1,1,3
201900014821,2019-12-31 09:30:00,2019,12,31,9,30,34,34164,D21,43.749117,3.958736,Plein jour,En agglomération,Intersection en X,Normale,Deux véhicules - frontale,3,2,2,0,1,1,1,0,1,50,2,2,1,0,1,0,80.0,66.0,deux_roues,voiture,1,2,2,1,1
201900014822,2019-12-31 17:50:00,2019,12,31,17,50,83,83099,Les Salles,43.441588,6.705303,Nuit sans éclairage public,En agglomération,Hors intersection,Normale,Autre collision,3,1,4,0,2,1,1,0,1,50,1,2,1,0,1,0,70.0,,voiture,,3,2,1,1,6
201900014823,2019-12-31 10:40:00,2019,12,31,10,40,13,13042,7 Avenue de Verdun,43.295176,5.626431,Plein jour,En agglomération,Hors intersection,Normale,Autre collision,3,2,2,0,1,1,1,0,1,50,1,2,1,1,0,0,50.0,,voiture,,1,2,1,1,6
201900014824,2019-12-31 17:30:00,2019,12,31,17,30,52,52269,Avenue Jean Ernest Darbot,47.86382,5.330311,Nuit avec éclairage allumé,En agglomération,Hors intersection,Normale,Autre collision,2,2,2,0,2,1,1,9,1,50,1,2,1,0,0,1,35.0,,voiture,,5,2,1,1,6
201900014825,2019-12-31 12:50:00,2019,12,31,12,50,87,87161,Rue Louis Valadas,45.84099,1.493082,Plein jour,En agglomération,Hors intersection,Normale,Deux véhicules - arrière,4,2,2,0,2,1,1,0,1,50,2,4,2,0,2,0,18.0,64.0,voiture,deux_roues,1,2,1,1,2
201900014826,2019-12-31 15:00:00,2019,12,31,15,0,29,29256,D887,48.225208,-4.265238,Plein jour,Hors agglomération,Hors intersection,Pluie légère,Sans collision,3,2,2,0,1,1,2,0,3,80,1,1,0,0,1,0,55.0,,voiture,,1,1,1,2,7
201900014827,2019-12-31 06:25:00,2019,12,31,6,25,13,13210,A50-Sens Marseille vers Aubagne,43.285964,5.430703,Nuit avec éclairage allumé,Hors agglomération,Hors intersection,Normale,Autre collision,1,-1,4,0,1,1,1,0,1,90,2,2,1,0,0,1,23.0,55.0,voiture,utilitaire_camion,5,1,1,1,6
201900014828,2019-12-31 00:29:00,2019,12,31,0,29,13,13211,A50-Sens Marseille vers Aubagne,43.2880402,5.4419727,Nuit sans éclairage public,En agglomération,Hors intersection,Normale,Autre collision,1,1,3,0,1,1,1,0,1,90,1,1,0,0,1,0,41.0,,utilitaire_camion,,3,2,1,1,6
201900014829,2019-12-30 22:05:00,2019,12,30,22,5,13,13210,A50-Sens Marseille vers Aubagne,43.2844926,5.4139155,Nuit sans éclairage public,En agglomération,Hors intersection,Normale,Deux véhicules - arrière,1,1,3,0,1,1,1,0,1,90,2,1,0,0,0,1,22.0,,utilitaire_camion,,3,2,1,1,2
201900014830,2019-12-28 20:30:00,2019,12,28,20,30,54,54578,Autoroute 33,48.66423,6.12384,Nuit sans éclairage public,Hors agglomération,Hors intersection,Normale,Sans collision,1,3,4,0,1,1,1,0,1,110,1,3,2,0,1,0,36.0,,voiture,,3,1,1,1,7
201900014831,2019-12-31 17:15:00,2019,12,31,17,15,91,91363,RN 104,48.63194,2.22663,Crépuscule ou aube,Hors agglomération,Hors intersection,Normale,Autre collision,2,3,4,0,1,1,1,0,1,110,1,1,0,0,0,1,53.0,,voiture,,2,1,1,1,6
201900014832,2019-12-30 17:40:00,2019,12,30,17,40,92,92064,A13,48.8370911,2.1873104,Nuit sans éclairage public,Hors agglomération,Hors intersection,Normale,Autre collision,1,1,3,0,1,1,1,0,1,110,3,7,6,0,0,1,22.0,62.0,voiture,voiture,3,1,1,1,6
201900014833,2019-12-30 11:45:00,2019,12,30,11,45,95,95572,AUTOROUTE A15,49.03206,2.10673,Plein jour,Hors agglomération,Hors intersection,Normale,Autre collision,1,1,2,0,2,2,1,2,1,70,1,1,0,0,0,1,23.0,,voiture,,1,1,1,1,6
201900014834,2019-12-30 04:55:00,2019,12,30,4,55,93,93066,AUTOROUTE A1,48.9034,2.35883,Nuit avec éclairage allumé,Hors agglomération,Hors intersection,Normale,Deux véhicules - côté,1,3,8,0,1,1,1,0,1,70,2,3,2,0,0,1,36.0,20.0,utilitaire_camion,voiture,5,1,1,1,3
201900014835,2019-12-30 06:15:00,2019,12,30,6,15,93,93007,AUTOROUTE A1,48.94926,2.44676,Nuit sans éclairage public,Hors agglomération,Hors intersection,Normale,Trois véhicules et plus - collisions multiples,1,3,8,0,1,1,1,0,1,110,3,3,2,0,0,1,35.0,43.0,utilitaire_camion,voiture,3,1,1,1,5
201900014836,2019-12-28 13:30:00,2019,12,28,13,30,95,95572,AUTOROUTE A15,49.03502,2.09894,Plein jour,Hors agglomération,Hors intersection,Normale,Deux véhicules - arrière,1,3,9,0,2,1,2,0,1,90,2,3,1,0,2,0,35.0,21.0,voiture,voiture,1,1,1,1,2
201900014837,2019-12-16 16:00:00,2019,12,16,16,0,93,93010,AUTOROUTE A3,48.90487,2.47133,Plein jour,Hors agglomération,Hors intersection,Temps couvert,Autre collision,1,1,2,0,2,2,2,2,1,50,1,1,0,0,0,1,24.0,,voiture,,1,1,1,8,6
201900014838,2019-12-29 19:45:00,2019,12,29,19,45,94,94073,A86 INT,48.7699089,2.3807489,Nuit avec éclairage allumé,Hors agglomération,Hors intersection,Normale,Trois véhicules et plus - en chaîne,1,1,3,0,1,1,1,1,1,90,3,4,3,0,0,1,65.0,25.0,voiture,voiture,5,1,1,1,4
201900014839,2019-12-29 00:40:00,2019,12,29,0,40,94,94017,A4,48.8280945,2.5033698,Nuit sans éclairage public,Hors agglomération,Hors intersection,Normale,Trois véhicules et plus - en chaîne,1,3,5,0,1,1,1,0,1,90,3,3,1,0,0,2,29.0,39.0,voiture,voiture,3,1,1,1,4
201900014840,2019-12-17 18:00:00,2019,12,17,18,0,77,77169,RN104,48.815426,2.624129,Nuit avec éclairage allumé,Hors agglomération,Hors intersection,Normale,Deux véhicules - arrière,2,-1,3,0,1,1,1,0,1,110,2,2,1,0,0,1,20.0,48.0,voiture,voiture,5,1,1,1,2
201900014841,2019-10-01 11:00:00,2019,10,1,11,0,73,73008,D991 MARLIOZ AVENUE DE,45.6757954,5.9088265,Plein jour,En agglomération,Hors intersection,Normale,Deux véhicules - côté,3,2,2,2,1,1,1,0,1,50,2,2,1,0,1,0,60.0,58.0,deux_roues,voiture,1,2,1,1,3
201900014842,2019-12-30 08:25:00,2019,12,30,8,25,93,93055,GENERAL LECLERC(AVE DU)(43/87 ET 78/120),48.90056,2.41103,Plein jour,En agglomération,Hors intersection,Temps couvert,Deux véhicules - côté,3,2,2,0,1,1,1,0,1,50,2,2,1,0,0,1,43.0,35.0,deux_roues,voiture,1,2,1,8,3
201900014843,2019-12-30 05:00:00,2019,12,30,5,0,93,93055,GENERAL LECLERC(AVE DU)(43/87 ET 78/120),48.8998,2.4095,Nuit avec éclairage allumé,En agglomération,Hors intersection,Normale,Autre collision,3,1,2,0,1,1,1,0,1,50,1,1,0,0,0,1,,,,,5,2,1,1,6
201900014844,2019-12-29 18:45:00,2019,12,29,18,45,974,97416,BOEUF(CHEMIN),-21.29736,55.45587,Crépuscule ou aube,En agglomération,Hors intersection,Pluie forte,Autre collision,4,-1,2,0,1,1,2,0,1,50,1,1,0,0,0,1,58.0,,voiture,,2,2,1,3,6
201900014845,2019-12-30 15:55:00,2019,12,30,15,55,973,97307,ROUTE NATIONALE II,4.89029,-52.333336,Plein jour,En agglomération,Autre intersection,Normale,Deux véhicules - côté,2,1,1,1,1,1,1,9,1,90,2,2,1,0,0,1,24.0,59.0,deux_roues,voiture,1,2,9,1,3
201900014846,2019-12-19 09:50:00,2019,12,19,9,50,95,95427,GARE (AVENUE DE LA),48.97475,2.34146,Plein jour,En agglomération,Hors intersection,Pluie légère,Deux véhicules - frontale,3,2,2,0,1,1,2,0,1,50,2,2,1,0,0,1,39.0,52.0,voiture,utilitaire_camion,1,2,1,2,1
201900014847,2019-12-29 16:49:00,2019,12,29,16,49,87,87085,VIGENAL (BOULEVARD DU),45.84983,1.24766,Plein jour,En agglomération,Hors intersection,Normale,Deux véhicules - arrière,4,3,4,0,1,1,2,0,1,50,2,2,1,0,1,0,95.0,24.0,deux_roues,voiture,1,2,1,1,2
201900014848,2019-12-28 06:42:00,2019,12,28,6,42,87,87085,LARREY (AVENUE DOMINIQUE),45.81397,1.24175,Nuit avec éclairage allumé,En agglomération,Hors intersection,Normale,Autre collision,4,2,2,0,1,1,1,0,1,50,1,1,0,0,1,0,49.0,,transport_commun,,5,2,1,1,6
201900014849,2019-12-02 14:10:00,2019,12,2,14,10,86,86194,PHILIPPE LE BEL (PLACE),46.5748,0.3778,Plein jour,En agglomération,Hors intersection,Normale,Autre collision,4,2,2,0,1,1,1,0,1,50,1,2,1,0,0,1,37.0,,utilitaire_camion,,1,2,1,1,6
201900014850,2019-12-28 17:25:00,2019,12,28,17,25,83,83123,JOHN KENNEDY (SQUARE),43.115,5.805,Crépuscule ou aube,En agglomération,Autre intersection,Normale,Autre collision,6,-1,-1,3,1,2,1,6,6,30,1,5,0,1,1,3,84.0,,voiture,,2,2,9,1,6
201900014851,2019-12-26 10:35:00,2019,12,26,10,35,83,83061,RUE DU DOCTEUR DONNADIEU,43.2559,6.4518,Plein jour,En agglomération,Hors intersection,Normale,Autre collision,4,-1,1,0,1,1,1,0,1,30,1,2,0,0,2,0,62.0,,voiture,,1,2,1,1,6
201900014852,2019-12-27 21:50:00,2019,12,27,21,50,80,80379,PHILEAS FOGG (AVENUE),49.86523,2.37898,Nuit avec éclairage allumé,En agglomération,Hors intersection,Normale,Autre collision,7,3,4,0,2,1,1,9,4,30,1,3,1,0,0,2,24.0,,voiture,,5,2,1,1,6
201900014853,2019-12-30 12:20:00,2019,12,30,12,20,78,78624,POISSY AVENUE DE,48.95642,2.01929,Plein jour,Hors agglomération,Hors intersection,Normale,Sans collision,3,2,2,0,1,1,1,0,1,50,1,2,1,0,1,0,37.0,,voiture,,1,1,1,1,7
201900014854,2019-12-29 18:38:00,2019,12,29,18,38,78,78005,RD 30,48.97277,2.07672,Nuit sans éclairage public,Hors agglomération,Hors intersection,Normale,Deux véhicules - côté,3,2,1,0,1,1,1,0,1,70,2,3,2,0,1,0,26.0,20.0,voiture,deux_roues,3,1,1,1,3
201900014855,2019-12-30 19:10:00,2019,12,30,19,10,77,77475,D17 - DE GAULLE (RUE GAL),48.9602,2.94809,Nuit avec éclairage allumé,En agglomération,Hors intersection,Normale,Autre collision,3,2,2,0,2,1,1,2,1,50,3,7,1,1,5,0,35.0,72.0,voiture,voiture,5,2,1,1,6
201900014856,2019-12-09 08:45:00,2019,12,9,8,45,76,76231,SOLFERINO. RUE DE,49.289793,1.0110784,Nuit avec éclairage non allumé,En agglomération,Hors intersection,Pluie légère,Autre collision,4,2,2,0,1,1,2,0,1,50,1,2,1,0,0,1,33.0,,voiture,,4,2,1,2,6
201900014857,2019-12-13 12:10:00,2019,12,13,12,10,76,76575,LENINE. BOULEVARD,49.3811559,1.1096569,Plein jour,En agglomération,Intersection en X,Normale,Sans collision,3,3,2,0,1,1,2,0,1,70,1,2,1,0,0,1,31.0,,voiture,,1,2,2,1,7
201900014858,2019-12-28 07:50:00,2019,12,28,7,50,76,76481,RD 940,49.57809,0.12215,Crépuscule ou aube,En agglomération,Hors intersection,Normale,Autre collision,3,2,2,0,1,1,1,0,1,50,1,1,0,0,1,0,18.0,,voiture,,2,2,1,1,6
201900014859,2019-12-17 07:50:00,2019,12,17,7,50,69,69282,HENRI LEBRUN                        (R ),45.76723,4.9972,Crépuscule ou aube,En agglomération,Hors intersection,Normale,Autre collision,4,1,2,2,1,1,1,0,1,50,1,2,1,0,0,1,49.0,,voiture,,2,2,1,1,6
201900014860,2019-12-30 13:00:00,2019,12,30,13,0,69,69266,TOLSTOI    (Cours),45.75991,4.88896,Plein jour,En agglomération,Intersection en T,Normale,Deux véhicules - côté,4,1,3,0,1,1,1,0,1,50,2,2,1,0,0,1,50.0,29.0,utilitaire_camion,deux_roues,1,2,3,1,3
201900014861,2019-12-15 13:30:00,2019,12,15,13,30,67,67267,ALFRED KASTLER (RUE),48.54877,7.68385,Plein jour,En agglomération,Hors intersection,Pluie légère,Autre collision,4,2,4,1,1,1,2,9,1,30,1,3,2,0,0,1,60.0,,voiture,,1,2,1,2,6
201900014862,2019-12-14 17:25:00,2019,12,14,17,25,67,67447,GENERAL DE GAULLE (ROUTE DU),48.60812,7.73516,Nuit avec éclairage allumé,En agglomération,Intersection en T,Normale,Deux véhicules - côté,7,2,2,1,1,1,1,0,1,40,2,2,0,0,0,2,18.0,79.0,voiture,voiture,5,2,3,1,3
201900014863,2019-12-14 16:30:00,2019,12,14,16,30,67,67447,BRETAGNE (RUE DE),48.6082762,7.7677574,Crépuscule ou aube,En agglomération,Hors intersection,Normale,Deux véhicules - côté,4,1,1,0,1,3,1,0,1,50,2,2,1,0,0,1,19.0,,deux_roues,,2,2,1,1,3
201900014864,2019-12-13 19:30:00,2019,12,13,19,30,67,67482,OBERHAUSBERGEN (ROUTE D ),48.59512,7.70992,Nuit avec éclairage allumé,En agglomération,Hors intersection,Normale,Autre collision,4,2,3,1,1,1,1,0,1,50,1,2,1,0,0,1,20.0,,voiture,,5,2,1,1,6
201900014865,2019-12-13 08:10:00,2019,12,13,8,10,67,67482,RHIN (ROUTE DU),48.57255,7.76595,Crépuscule ou aube,En agglomération,Intersection en T,Pluie forte,Deux véhicules - côté,4,2,2,0,1,1,2,0,1,50,2,3,1,0,0,2,57.0,48.0,voiture,voiture,2,2,3,3,3
201900014866,2019-11-27 15:55:00,2019,11,27,15,55,64,64445,LEON BLUM,43.31532,-0.33241,Plein jour,En agglomération,Intersection en T,Normale,Deux véhicules - côté,4,2,2,0,1,1,1,0,1,50,2,2,1,0,1,0,62.0,50.0,utilitaire_camion,deux_roues,1,2,3,1,3
201900014867,2019-12-29 21:50:00,2019,12,29,21,50,64,64122,BAB(BOULEVARD),43.482408,-1.540275,Nuit avec éclairage allumé,En agglomération,Hors intersection,Normale,Autre collision,4,2,4,0,2,1,1,0,1,50,1,1,0,0,0,1,31.0,,voiture,,5,2,1,1,6
201900014868,2019-12-30 14:20:00,2019,12,30,14,20,64,64102,SOULT (AVENUE MARECHAL),43.48391,-1.50007,Plein jour,En agglomération,Hors intersection,Normale,Deux véhicules - arrière,3,3,4,0,2,1,1,0,1,50,2,2,1,0,0,1,56.0,42.0,voiture,voiture,1,2,1,1,2
201900014869,2019-11-18 19:00:00,2019,11,18,19,0,62,62895,RN 47,50.486866,2.836232,Crépuscule ou aube,Hors agglomération,Hors intersection,Normale,Autre collision,2,1,2,0,1,3,2,0,1,70,1,3,2,0,1,0,20.0,,voiture,,2,1,1,1,6
201900014870,2019-12-28 08:30:00,2019,12,28,8,30,62,62863,CD941,50.51617,2.76978,Crépuscule ou aube,Hors agglomération,Hors intersection,Normale,Sans collision,3,2,3,0,1,1,1,0,1,80,1,1,0,0,0,1,27.0,,deux_roues,,2,1,1,1,7
201900014871,2019-12-30 17:20:00,2019,12,30,17,20,60,60159,CAPUCINS (DES),49.4143465,2.8216749,Nuit sans éclairage public,En agglomération,Hors intersection,Normale,Autre collision,4,2,-1,-1,1,1,1,0,1,50,1,2,1,0,0,1,24.0,,voiture,,3,2,1,1,6
201900014872,2019-11-28 20:10:00,2019,11,28,20,10,59,59350,HUGO VICTOR RUE,50.62095,3.09568,Nuit avec éclairage allumé,En agglomération,Hors intersection,Normale,Autre collision,7,2,2,0,1,1,1,0,1,50,1,2,1,0,0,1,22.0,,utilitaire_camion,,5,2,1,1,6
201900014873,2019-12-16 07:55:00,2019,12,16,7,55,58,58194,MARECHAL JUIN,47.00558,3.15334,Crépuscule ou aube,En agglomération,Intersection en T,Normale,Deux véhicules - arrière,4,2,4,0,1,1,1,0,1,50,2,2,1,0,0,1,55.0,18.0,voiture,deux_roues,2,2,3,1,2
201900014874,2019-12-16 14:45:00,2019,12,16,14,45,57,57606,CD 72 (ROUTE DE PORCELETTE),49.13746,6.67882,Plein jour,Hors agglomération,Intersection en T,Normale,Deux véhicules - arrière,3,2,2,0,1,3,1,0,1,70,2,2,1,0,1,0,38.0,74.0,voiture,voiture,1,1,3,1,2
201900014875,2019-12-28 16:15:00,2019,12,28,16,15,54,54184,BRIGACHTAL (AVENUE DE),48.708001,6.243447,Plein jour,En agglomération,Giratoire,Normale,Sans collision,4,1,2,0,1,1,1,0,1,50,1,3,1,0,0,2,88.0,,voiture,,1,2,6,1,7
201900014876,2019-12-30 20:55:00,2019,12,30,20,55,51,51454,RUE PIERRE MAITRE,49.2630435,4.0018303,Nuit avec éclairage allumé,En agglomération,Intersection en T,Normale,Deux véhicules - côté,4,4,3,0,1,1,1,5,1,50,2,2,1,0,0,1,19.0,,voiture,,5,2,3,1,3
201900014877,2019-12-28 22:35:00,2019,12,28,22,35,44,44184,RUE MENDES FRANCE / AVENUE DE BEARN,47.27272,-2.21739,Nuit avec éclairage allumé,En agglomération,Intersection en X,Normale,Deux véhicules - côté,4,2,2,1,1,1,1,0,5,50,2,2,1,0,0,1,16.0,65.0,deux_roues,voiture,5,2,2,1,3
201900014878,2019-12-30 10:00:00,2019,12,30,10,0,38,38151,ETATS GENERAUX (AVENUE DES),45.15644,5.71872,Plein jour,En agglomération,Hors intersection,Normale,Autre collision,7,2,5,0,1,1,1,0,1,50,1,1,0,0,0,1,,,,,1,2,1,1,6
201900014879,2019-12-30 21:50:00,2019,12,30,21,50,37,37261,JOLIVET (RUE),47.3865248,0.7071161,Nuit avec éclairage allumé,En agglomération,Intersection en X,Brouillard / fumée,Deux véhicules - côté,4,1,2,0,1,1,1,0,1,50,2,4,0,0,0,4,34.0,,voiture,,5,2,2,5,3
201900014880,2019-12-13 20:05:00,2019,12,13,20,5,34,34172,GAMBETTA (COURS),43.60864,3.86754,Nuit avec éclairage allumé,En agglomération,Hors intersection,Normale,Sans collision,4,1,2,0,1,1,1,0,4,50,1,2,1,0,0,1,76.0,,voiture,,5,2,1,1,7
201900014881,2019-12-16 07:50:00,2019,12,16,7,50,33,33063,BD DU PDT FRANKLIN ROOSEVELT,44.81486,-0.57272,Nuit avec éclairage allumé,En agglomération,Intersection en X,Normale,Autre collision,4,2,7,2,1,1,1,0,1,50,2,1,0,0,0,1,27.0,,deux_roues,,5,2,2,1,6
201900014882,2019-12-16 07:05:00,2019,12,16,7,5,33,33119,CRS VICTOR HUGO,44.85513,-0.5322,Nuit avec éclairage allumé,En agglomération,Intersection en X,Normale,Autre collision,4,2,2,0,1,1,1,0,1,50,1,2,1,0,0,1,51.0,,voiture,,5,2,2,1,6
201900014883,2019-12-29 14:15:00,2019,12,29,14,15,31,31555,RUE YVAN LACASSAGNE,43.59034,1.42318,Plein jour,En agglomération,Hors intersection,Normale,Deux véhicules - côté,4,2,2,0,1,1,1,0,1,50,2,2,1,0,0,1,33.0,28.0,deux_roues,voiture,1,2,1,1,3
201900014884,2019-12-29 13:55:00,2019,12,29,13,55,31,31555,AV DE CASTRES,43.60015,1.47794,Plein jour,En agglomération,Hors intersection,Normale,Deux véhicules - côté,3,2,2,0,2,1,1,0,1,50,2,2,1,0,0,1,37.0,43.0,voiture,deux_roues,1,2,1,1,3
201900014885,2019-12-30 14:10:00,2019,12,30,14,10,31,31483,SCHUMANN ROBERT (RUE),43.11178,0.71864,Plein jour,En agglomération,Hors intersection,Normale,Sans collision,4,2,2,0,1,1,1,0,1,50,1,1,0,0,0,1,35.0,,deux_roues,,1,2,1,1,7
201900014886,2019-12-02 12:40:00,2019,12,2,12,40,27,27562,DE GAULLE (BOULEVARD),49.09562,1.45991,Plein jour,En agglomération,Giratoire,Normale,Deux véhicules - côté,4,-1,2,0,1,1,1,0,1,50,2,7,1,0,0,6,85.0,49.0,voiture,voiture,1,2,6,1,3
201900014887,2019-12-28 20:10:00,2019,12,28,20,10,21,21231,ALBERT PREMIER (AVENUE),47.32208,5.02882,Nuit avec éclairage allumé,En agglomération,Hors intersection,Normale,Deux véhicules - côté,4,2,0,0,1,1,1,0,1,2,2,2,1,0,1,0,26.0,22.0,deux_roues,voiture,5,2,1,1,3
201900014888,2019-12-27 11:30:00,2019,12,27,11,30,21,21166,BERNARD    PALISSY (BOULEVARD),47.28174,5.01702,Plein jour,En agglomération,Giratoire,Normale,Sans collision,4,3,2,0,1,1,2,0,1,50,1,3,0,0,2,1,64.0,,voiture,,1,2,6,1,7
201900014889,2019-12-30 17:45:00,2019,12,30,17,45,17,17291,QUATORZE JUILLET   RUE DU,46.17457,-1.11707,Crépuscule ou aube,En agglomération,Intersection en T,Normale,Autre collision,6,-1,0,0,1,1,1,0,1,10,1,2,1,0,0,1,47.0,,voiture,,2,2,3,1,6
201900014890,2019-12-30 14:53:00,2019,12,30,14,53,17,17300,ROBESPIERRE   AVENUE,46.15216,-1.12395,Plein jour,En agglomération,Intersection en X,Normale,Autre collision,4,2,2,0,1,1,1,0,1,50,1,2,1,0,0,1,55.0,,voiture,,1,2,2,1,6
201900014891,2019-12-18 08:50:00,2019,12,18,8,50,17,17300,COLIGNY   AVENUE,46.163052,-1.165154,Plein jour,En agglomération,Intersection en X,Normale,Autre collision,4,2,2,0,1,1,1,6,1,30,1,2,1,0,1,0,47.0,,voiture,,1,2,2,1,6
201900014892,2019-12-30 10:15:00,2019,12,30,10,15,17,17299,BEGON ROND POINT ET RUE,45.942964,-0.960165,Plein jour,En agglomération,Giratoire,Temps éblouissant,Deux véhicules - côté,4,2,2,0,1,1,1,0,1,30,2,2,1,0,0,1,56.0,34.0,deux_roues,voiture,1,2,6,7,3
201900014893,2019-12-30 07:50:00,2019,12,30,7,50,17,17299,LA FAYETTE RUE,45.93522,-0.96451,Nuit avec éclairage allumé,En agglomération,Hors intersection,Normale,Autre collision,4,2,2,0,1,1,2,0,1,30,1,2,1,0,0,1,50.0,,voiture,,5,2,1,1,6
201900014894,2019-12-29 20:25:00,2019,12,29,20,25,14,14333,VASES (RUE DES),49.4179676,0.2393136,Nuit avec éclairage allumé,En agglomération,Hors intersection,Normale,Autre collision,3,2,4,0,1,3,1,0,1,50,1,4,2,0,0,2,47.0,,voiture,,5,2,1,1,6
201900014895,2019-12-30 14:55:00,2019,12,30,14,55,13,13056,DIX NEUF MARS 1962 BOULEVARD DU,43.42114,5.03614,Plein jour,En agglomération,Hors intersection,Normale,Trois véhicules et plus - collisions multiples,4,2,2,0,2,2,1,0,1,50,3,3,2,0,1,0,22.0,24.0,deux_roues,utilitaire_camion,1,2,1,1,5
201900014896,2019-12-02 15:00:00,2019,12,2,15,0,13,13039,RN 544,43.4417855,4.9136138,Plein jour,Hors agglomération,Hors intersection,Normale,Autre collision,9,3,3,0,1,1,1,0,1,70,1,1,0,0,0,1,33.0,,utilitaire_camion,,1,1,1,1,6
201900014897,2019-12-30 18:15:00,2019,12,30,18,15,13,13210,ROMAIN ROLLAND (BOULEVARD),43.275077,5.415804,Nuit sans éclairage public,En agglomération,Hors intersection,Normale,Deux véhicules - arrière,4,2,2,2,1,1,1,0,1,50,2,2,1,0,0,1,65.0,,voiture,,3,2,1,1,2
201900014898,2019-12-30 15:35:00,2019,12,30,15,35,13,13211,ST MENET ACCATES (CHEMIN),43.2973,5.4956,Plein jour,En agglomération,Hors intersection,Normale,Deux véhicules - arrière,4,2,2,0,1,1,1,0,1,50,2,2,0,0,0,2,18.0,44.0,voiture,deux_roues,1,2,1,1,2
201900014899,2019-11-28 11:48:00,2019,11,28,11,48,13,13204,CHUTES LAVI (AVENUE),43.3112,5.39648,Plein jour,En agglomération,Hors intersection,Normale,Autre collision,4,1,1,0,1,1,1,0,1,30,1,1,0,0,1,0,,,,,1,2,1,1,6
201900014900,2019-12-27 19:30:00,2019,12,27,19,30,11,11262,LECLERC (AVENUE DU GENERAL),43.17933,2.99595,Nuit avec éclairage allumé,En agglomération,Hors intersection,Normale,Autre collision,4,2,2,0,1,1,1,0,1,50,2,5,3,0,0,2,27.0,38.0,voiture,voiture,5,2,1,1,6
201900014901,2019-12-30 13:30:00,2019,12,30,13,30,6,06123,PUGETS MOYENNE CORNICHE DES,43.703487,7.174278,Plein jour,En agglomération,Hors intersection,Normale,Sans collision,7,2,2,0,2,1,1,0,1,70,1,2,0,0,0,2,39.0,,utilitaire_camion,,1,2,1,1,7
201900014902,2019-12-30 20:00:00,2019,12,30,20,0,75,75113,BD PERIPHERIQUE INTERIEUR,48.825791,2.386589,Nuit avec éclairage allumé,En agglomération,Hors intersection,Normale,Trois véhicules et plus - en chaîne,4,1,4,0,1,1,1,0,1,70,3,4,3,0,0,1,24.0,38.0,voiture,voiture,5,2,1,1,4
201900014903,2019-12-30 18:00:00,2019,12,30,18,0,75,75118,BD PERIPHERIQUE EXTERIEUR,48.900847,2.334437,Nuit avec éclairage allumé,En agglomération,Hors intersection,Normale,Deux véhicules - arrière,4,1,4,0,1,1,1,0,1,70,2,2,1,0,0,1,62.0,23.0,voiture,deux_roues,5,2,1,1,2
201900014904,2019-12-29 21:30:00,2019,12,29,21,30,75,75120,ECHANGEUR MONTREUIL,48.851432,2.415116,Nuit avec éclairage allumé,En agglomération,Intersection en Y,Normale,Deux véhicules - côté,4,1,4,0,1,1,1,0,1,70,2,3,2,0,0,1,24.0,39.0,voiture,deux_roues,5,2,4,1,3
201900014905,2019-12-30 17:30:00,2019,12,30,17,30,75,75120,RUE LEON FRAPIE,48.873355,2.410265,Nuit avec éclairage allumé,En agglomération,Intersection en T,Normale,Deux véhicules - côté,4,2,2,-1,1,1,1,0,1,50,2,3,1,0,0,2,23.0,20.0,deux_roues,voiture,5,2,3,1,3
201900014906,2019-12-30 14:15:00,2019,12,30,14,15,75,75119,RUE DE BELLEVILLE,48.875337,2.389843,Plein jour,En agglomération,Hors intersection,Normale,Autre collision,4,2,2,0,1,1,1,0,1,50,1,2,1,0,0,1,62.0,,voiture,,1,2,1,1,6