accident_id,datetime,annee,mois,jour,heure,minute,departement,commune_insee,adresse,latitude,longitude,luminosite,agglomeration,intersection,meteo,collision,catr,circ,nbv,vosp,prof,plan,surf,infra,situ,vma,nb_vehicules,nb_usagers,nb_indemnes,nb_tues,nb_blesses_hosp,nb_blesses_legers,age_cond_1,age_cond_2,veh_type_cond_1,veh_type_cond_2,lum_code,agg_code,int_code,atm_code,col_code
201900014998,2019-03-18 17:20:00,2019,3,18,17,20,75,75103,RUE DE BRETAGNE,48.863002,2.362303,Plein jour,En agglomération,Hors intersection,Normale,Deux véhicules - côté,4,1,1,0,1,1,1,0,1,50,2,3,2,0,0,1,32.0,52.0,deux_roues,voiture,1,2,1,1,3
201900014999,2019-03-17 21:30:00,2019,3,17,21,30,94,94081,ROUGET DE L ISLE (AV),48.78292,2.39428,Nuit avec éclairage allumé,En agglomération,Intersection en X,Pluie légère,Deux véhicules - côté,3,1,1,0,1,1,2,0,1,50,2,2,1,0,0,1,65.0,21.0,voiture,voiture,5,2,2,2,3
201900015000,2019-03-18 11:20:00,2019,3,18,11,20,94,94041,VERDUN (AV DE),48.81597,2.36766,Plein jour,En agglomération,Hors intersection,Normale,Autre collision,3,2,3,0,1,1,1,0,1,50,1,2,1,0,0,1,37.0,,voiture,,1,2,1,1,6
201900015001,2019-01-04 19:30:00,2019,1,4,19,30,94,94073,MARECHAL DE LATTRE DE TASSIGNY (AV DU),48.76164,2.49624,Nuit sans éclairage public,En agglomération,Hors intersection,Normale,Autre collision,2,3,8,0,1,1,1,0,1,90,2,3,2,0,0,1,21.0,22.0,voiture,utilitaire_camion,3,2,1,1,6
201900015002,2019-01-14 21:15:00,2019,1,14,21,15,94,94034,REPUBLIQUE (AV DE LA),48.7584,2.32019,Nuit avec éclairage allumé,En agglomération,Hors intersection,Normale,Deux véhicules - côté,3,2,2,1,2,1,1,0,1,50,2,2,1,0,1,0,23.0,59.0,deux_roues,voiture,5,2,1,1,3
201900015003,2019-01-14 12:25:00,2019,1,14,12,25,94,94038,LARROUMES (AV),48.77616,2.33043,Plein jour,En agglomération,Intersection en X,Normale,Deux véhicules - côté,3,2,4,0,1,1,1,0,1,50,2,2,1,0,0,1,54.0,38.0,voiture,voiture,1,2,2,1,3
201900015004,2019-01-07 09:35:00,2019,1,7,9,35,94,94065,CHARLES LINDBERGH (AV),48.75746,2.34463,Plein jour,En agglomération,Hors intersection,Normale,Deux véhicules - arrière,3,2,2,0,1,1,1,0,1,50,2,4,1,0,0,3,34.0,41.0,voiture,utilitaire_camion,1,2,1,1,2
201900015005,2019-01-04 20:30:00,2019,1,4,20,30,94,94065,Rue des transports,48.75,2.36816,Nuit avec éclairage allumé,En agglomération,Hors intersection,Normale,Deux véhicules - arrière,4,3,3,0,1,1,1,0,1,90,2,3,2,0,0,1,25.0,38.0,voiture,voiture,5,2,1,1,2
201900015006,2019-03-18 15:20:00,2019,3,18,15,20,94,94017,JEAN JAURES (R),48.81544,2.50514,Plein jour,En agglomération,Hors intersection,Normale,Deux véhicules - frontale,3,2,3,0,1,1,1,0,1,50,2,2,1,0,0,1,67.0,47.0,voiture,voiture,1,2,1,1,1
201900015007,2019-03-18 08:20:00,2019,3,18,8,20,94,94017,MUSSELBURGH (R DE),48.81,2.51,Plein jour,En agglomération,Hors intersection,Normale,Autre collision,4,2,2,0,1,1,2,0,1,50,1,2,1,0,0,1,28.0,,voiture,,1,2,1,1,6
201900015008,2019-03-18 08:45:00,2019,3,18,8,45,94,94071,NOISEAU (R DE),48.77365,2.53058,Plein jour,En agglomération,Hors intersection,Temps couvert,Trois véhicules et plus - en chaîne,4,2,2,0,2,1,2,0,1,50,3,3,2,0,0,1,45.0,46.0,voiture,deux_roues,1,2,1,8,4
201900015009,2019-03-18 15:15:00,2019,3,18,15,15,93,93078,BALLANGER (BD ROBERT),48.95445,2.53571,Plein jour,En agglomération,Hors intersection,Normale,Autre collision,3,2,2,0,1,1,1,5,1,50,1,2,1,0,0,1,52.0,,voiture,,1,2,1,1,6
201900015010,2019-03-18 16:30:00,2019,3,18,16,30,93,93051,HAUTS ROSEAUX,48.84503,2.57768,Plein jour,En agglomération,Autre intersection,Normale,Autre collision,4,2,2,0,1,1,1,0,1,50,1,3,2,0,0,1,70.0,,voiture,,1,2,9,1,6
201900015011,2019-03-17 01:50:00,2019,3,17,1,50,93,93029,AUGUSTE BLANQUI,48.92026,2.45796,Nuit avec éclairage allumé,En agglomération,Hors intersection,Normale,Deux véhicules - côté,4,2,2,0,1,1,1,0,1,50,2,2,1,0,1,0,32.0,25.0,voiture,deux_roues,5,2,1,1,3
201900015012,2019-03-18 17:00:00,2019,3,18,17,0,93,93030,DE GAULLE (AVENUE DU GENERAL),48.949608,2.41487,Plein jour,En agglomération,Intersection en X,Normale,Autre collision,3,2,2,0,1,1,1,0,2,50,1,2,1,0,0,1,21.0,,voiture,,1,2,2,1,6
201900015013,2019-03-17 09:30:00,2019,3,17,9,30,93,93030,HUIT-MAI-1945 (AVENUE DU),48.95386,2.44516,Plein jour,En agglomération,Hors intersection,Normale,Autre collision,3,1,1,1,1,1,2,0,1,30,2,2,1,0,0,1,28.0,71.0,deux_roues,voiture,1,2,1,1,6
201900015014,2019-03-18 08:45:00,2019,3,18,8,45,93,93010,VAILLANT (RUE EDOUARD) 24 A 96,48.896175,2.4804041,Plein jour,En agglomération,Hors intersection,Normale,Autre collision,4,2,2,0,1,1,1,0,1,10,1,2,1,0,0,1,32.0,,voiture,,1,2,1,1,6
201900015015,2019-03-18 08:57:00,2019,3,18,8,57,93,93007,PASTEUR (AVENUE),48.93965,2.47187,Plein jour,En agglomération,Intersection en X,Normale,Autre collision,3,2,2,0,1,1,1,0,2,50,1,1,0,0,0,1,67.0,,voiture,,1,2,2,1,6
201900015016,2019-03-18 07:40:00,2019,3,18,7,40,93,93005,MARCEL SEMBAT (RUE),48.93566,2.48687,Plein jour,En agglomération,Autre intersection,Normale,Deux véhicules - côté,4,2,2,0,1,1,1,0,1,50,2,2,1,0,0,1,42.0,45.0,utilitaire_camion,utilitaire_camion,1,2,9,1,3
201900015017,2019-03-02 10:50:00,2019,3,2,10,50,92,92078,MOULIN CAGE (QUAI),48.9244461,2.3294986,Plein jour,En agglomération,Autre intersection,Normale,Autre collision,3,1,0,0,1,1,1,1,1,30,1,1,0,0,0,1,35.0,,voiture,,1,2,9,1,6
201900015018,2019-03-18 08:10:00,2019,3,18,8,10,92,92063,DOUMER (AVENUE PAUL) NORD,48.8830514,2.1894854,Plein jour,En agglomération,Intersection en T,Normale,Sans collision,3,3,4,0,1,1,1,5,1,50,1,1,0,0,0,1,47.0,,deux_roues,,1,2,3,1,7
201900015019,2019-03-16 20:00:00,2019,3,16,20,0,92,92063,DOUMER (AVENUE PAUL) EST,48.8835984,2.1908158,Nuit avec éclairage allumé,En agglomération,Hors intersection,Normale,Deux véhicules - arrière,3,3,4,0,1,1,1,0,2,50,2,3,1,0,0,2,21.0,42.0,deux_roues,voiture,5,2,1,1,2
201900015020,2019-01-11 14:00:00,2019,1,11,14,0,92,92048,TRIVAUX (AVENUE DE) N° 1,48.7895336,2.2343836,Plein jour,En agglomération,Hors intersection,Pluie légère,Deux véhicules - frontale,3,2,2,0,2,4,2,0,1,50,2,2,1,0,0,1,42.0,44.0,voiture,transport_commun,1,2,1,2,1
201900015021,2019-03-18 12:20:00,2019,3,18,12,20,92,92040,FRERES VOISIN (BOULEVARD DES),48.82794,2.27343,Plein jour,En agglomération,Giratoire,Normale,Deux véhicules - arrière,3,2,3,0,1,1,1,0,1,50,2,2,1,0,0,1,31.0,47.0,deux_roues,voiture,1,2,6,1,2
201900015022,2019-03-15 21:30:00,2019,3,15,21,30,92,92025,HENRI BARBUSSE (AV),48.917786,2.252666,Nuit avec éclairage allumé,Hors agglomération,Hors intersection,Normale,Deux véhicules - frontale,3,2,2,0,1,1,1,0,1,50,2,2,1,0,0,1,52.0,18.0,voiture,deux_roues,5,1,1,1,1
201900015023,2019-03-16 20:45:00,2019,3,16,20,45,92,92024,GENERAL LECLERC (BD DU) DE (61 A 9),48.9038,2.3122,Nuit avec éclairage allumé,En agglomération,Intersection en T,Normale,Deux véhicules - côté,3,2,2,0,1,1,1,0,1,50,2,2,1,0,0,1,28.0,19.0,deux_roues,deux_roues,5,2,3,1,3
201900015024,2019-03-14 19:45:00,2019,3,14,19,45,92,92023,PORTE DE TRIVAUX (RUE DE) N°57 A 197 ET,48.7869354,2.2457388,Nuit avec éclairage allumé,En agglomération,Hors intersection,Pluie légère,Autre collision,3,2,2,0,1,1,2,0,1,50,1,1,0,0,0,1,29.0,,voiture,,5,2,1,2,6
201900015025,2019-03-16 17:50:00,2019,3,16,17,50,14,14656,D562,48.93516,-0.508634,Plein jour,En agglomération,Hors intersection,Vent fort / tempête,Autre collision,3,2,2,0,1,1,2,9,1,50,1,1,0,0,0,1,51.0,,deux_roues,,1,2,1,6,6
201900015026,2019-03-19 11:30:00,2019,3,19,11,30,52,52017,PK32 D6,47.938274,5.014735,Plein jour,Hors agglomération,Intersection en T,Normale,Deux véhicules - frontale,3,2,2,3,1,1,1,0,1,80,2,2,1,0,1,0,58.0,64.0,voiture,voiture,1,1,3,1,1
201900015027,2019-03-19 19:00:00,2019,3,19,19,0,974,97405,Rue Paul Demange,-21.332088,55.565109,Nuit sans éclairage public,En agglomération,Hors intersection,Normale,Deux véhicules - côté,3,2,2,0,2,1,1,0,1,50,2,2,0,0,1,1,18.0,17.0,deux_roues,deux_roues,3,2,1,1,3
201900015028,2019-03-19 23:20:00,2019,3,19,23,20,974,97414,Chemin Bancoul,-21.287633,55.426691,Nuit sans éclairage public,En agglomération,Hors intersection,Normale,Sans collision,4,2,2,0,1,1,1,0,3,50,1,1,0,0,0,1,24.0,,deux_roues,,3,2,1,1,7
201900015029,2019-03-18 08:07:00,2019,3,18,8,7,83,83049,,43.244212,6.095496,Plein jour,Hors agglomération,Hors intersection,Normale,Deux véhicules - arrière,3,2,2,1,1,1,1,0,1,80,2,2,1,0,1,0,33.0,43.0,voiture,deux_roues,1,1,1,1,2
201900015030,2019-03-18 07:30:00,2019,3,18,7,30,83,83116,1710 Route de Marseille,43.452639,5.860713,Plein jour,En agglomération,Hors intersection,Normale,Autre collision,3,2,2,0,1,2,1,0,3,70,1,1,0,0,1,0,22.0,,deux_roues,,1,2,1,1,6
201900015031,2019-03-19 08:12:00,2019,3,19,8,12,2B,2B251,route de l'ancienne voie ferrée,42.026374,9.366104,Plein jour,Hors agglomération,Hors intersection,Normale,Autre collision,4,2,2,0,1,1,9,0,8,80,1,1,0,1,0,0,26.0,,voiture,,1,1,1,1,6
201900015032,2019-03-19 17:20:00,2019,3,19,17,20,33,33344,lieu dit Fourcat,44.80605,-0.04421,Plein jour,Hors agglomération,Hors intersection,Normale,Autre collision,3,2,2,0,1,1,1,0,3,80,1,1,0,1,0,0,61.0,,utilitaire_camion,,1,1,1,1,6
201900015033,2019-03-18 15:00:00,2019,3,18,15,0,76,76711,quai Cadi Sarnot,50.059939,1.375987,Plein jour,En agglomération,Autre intersection,Normale,Deux véhicules - côté,4,2,2,0,1,1,1,0,1,50,2,2,1,0,0,1,26.0,69.0,voiture,voiture,1,2,9,1,3
201900015034,2019-03-18 22:00:00,2019,3,18,22,0,12,12195,ST PIERRE DE REBOURGUIL,43.878125,2.798602,Nuit sans éclairage public,Hors agglomération,Hors intersection,Pluie légère,Deux véhicules - frontale,3,2,2,0,2,4,1,0,1,80,2,2,1,0,0,1,33.0,21.0,voiture,voiture,3,1,1,2,1
201900015035,2019-03-18 17:00:00,2019,3,18,17,0,46,46339,CD 940,44.829138,1.858343,Plein jour,Hors agglomération,Hors intersection,Temps couvert,Deux véhicules - frontale,3,2,2,0,1,2,2,0,1,90,2,2,1,0,1,0,66.0,29.0,voiture,deux_roues,1,1,1,8,1
201900015036,2019-03-18 10:30:00,2019,3,18,10,30,41,41198,17 avenue du Blanc,47.263916,1.362222,Plein jour,En agglomération,Hors intersection,Normale,Autre collision,3,2,2,0,1,1,1,8,1,50,2,2,1,0,1,0,56.0,69.0,utilitaire_camion,deux_roues,1,2,1,1,6
201900015037,2019-03-19 08:08:00,2019,3,19,8,8,41,41094,Route de Blois,47.457,1.425394,Plein jour,Hors agglomération,Hors intersection,Normale,Deux véhicules - frontale,3,2,2,0,1,1,1,0,1,80,2,2,1,1,0,0,34.0,29.0,utilitaire_camion,voiture,1,1,1,1,1
201900015038,2019-03-19 17:50:00,2019,3,19,17,50,2,02483,D57 - PR 11+200,49.792038,3.368305,Plein jour,Hors agglomération,Hors intersection,Normale,Sans collision,3,2,2,0,2,2,1,0,3,80,1,1,0,1,0,0,93.0,,voiture,,1,1,1,1,7
201900015039,2019-03-18 21:30:00,2019,3,18,21,30,1,01314,Rd 93,46.004481,5.28368,Nuit sans éclairage public,Hors agglomération,Hors intersection,Normale,Autre collision,3,2,2,0,1,1,1,0,1,80,1,2,1,0,1,0,22.0,,voiture,,3,1,1,1,6
201900015040,2019-03-19 04:15:00,2019,3,19,4,15,54,54491,RD156,49.363206,5.925705,Nuit sans éclairage public,Hors agglomération,Hors intersection,Autre,Sans collision,3,2,2,0,1,1,7,0,3,80,1,1,0,0,0,1,46.0,,voiture,,3,1,1,9,7
201900015041,2019-03-18 20:10:00,2019,3,18,20,10,6,06079,route de Fréjus,43.5265333,6.9259532,Nuit avec éclairage allumé,En agglomération,Hors intersection,Normale,Sans collision,3,2,2,0,1,1,1,0,3,50,1,1,0,0,1,0,40.0,,deux_roues,,5,2,1,1,7
201900015042,2019-02-16 10:20:00,2019,2,16,10,20,14,14570,RD 519 - PK croissant 12.050,49.0742044,0.3250548,Plein jour,Hors agglomération,Intersection en X,Temps éblouissant,Deux véhicules - côté,3,2,2,0,4,1,1,0,1,80,2,2,1,0,1,0,69.0,62.0,voiture,deux_roues,1,1,2,7,3
201900015043,2019-03-19 11:55:00,2019,3,19,11,55,50,50364,"la chasserie, CD 68",49.151715,-1.450886,Plein jour,Hors agglomération,Hors intersection,Normale,Deux véhicules - frontale,3,2,2,0,1,1,1,0,1,80,2,2,0,0,1,1,42.0,23.0,utilitaire_camion,voiture,1,1,1,1,1
201900015044,2019-03-18 08:35:00,2019,3,18,8,35,50,50551,D900 et D347,49.365279,-1.532116,Plein jour,Hors agglomération,Intersection en X,Normale,Deux véhicules - côté,3,2,2,0,1,1,1,0,1,80,2,2,1,0,0,1,65.0,21.0,voiture,deux_roues,1,1,2,1,3
201900015045,2019-03-18 19:30:00,2019,3,18,19,30,73,73017,D12B Lieu-dit Pierre Grosse,45.5059336,5.9580766,Nuit sans éclairage public,En agglomération,Hors intersection,Normale,Autre collision,3,2,2,0,2,3,1,0,3,50,1,1,0,0,1,0,84.0,,voiture,,3,2,1,1,6
201900015046,2019-03-18 18:15:00,2019,3,18,18,15,21,21435,Rue du moulin,47.900921,4.552932,Crépuscule ou aube,En agglomération,Intersection en T,Pluie légère,Sans collision,4,2,2,0,1,1,2,0,1,50,1,2,1,0,1,0,16.0,,deux_roues,,2,2,3,2,7
201900015047,2019-03-18 18:00:00,2019,3,18,18,0,24,24222,rue de picou,44.868036,0.371963,Plein jour,En agglomération,Intersection en X,Temps couvert,Deux véhicules - côté,3,2,2,-1,1,1,2,5,1,-1,2,2,1,0,0,1,71.0,46.0,voiture,deux_roues,1,2,2,8,3
201900015048,2019-03-18 08:45:00,2019,3,18,8,45,23,23023,RD100,46.206197,2.085155,Plein jour,Hors agglomération,Intersection en X,Normale,Deux véhicules - côté,3,2,2,0,2,1,2,5,1,80,2,3,2,0,1,0,45.0,22.0,voiture,voiture,1,1,2,1,3
201900015049,2019-03-19 17:00:00,2019,3,19,17,0,87,87110,intersection de la RD03-RD09,45.924915,1.04396,Plein jour,Hors agglomération,Intersection en X,Normale,Deux véhicules - côté,3,2,2,0,2,1,1,5,1,80,2,2,1,0,1,0,22.0,31.0,voiture,deux_roues,1,1,2,1,3
201900015050,2019-03-19 04:25:00,2019,3,19,4,25,46,46304,AUTOROUTE A20 PK 327.957 SENS PARIS/TOULOUSE,44.703708,1.572808,Nuit sans éclairage public,Hors agglomération,Hors intersection,Temps couvert,Autre collision,1,3,4,3,2,3,2,0,6,130,1,2,1,1,0,0,55.0,,utilitaire_camion,,3,1,1,8,6
201900015051,2019-03-19 14:08:00,2019,3,19,14,8,26,26088,A49,45.023765,5.081146,Plein jour,Hors agglomération,Autre intersection,Normale,Autre collision,1,1,1,0,1,3,1,0,3,50,1,1,0,0,0,1,18.0,,deux_roues,,1,1,9,1,6
201900015052,2019-03-19 10:45:00,2019,3,19,10,45,67,67065,CD45,48.5709538,7.5834201,Plein jour,Hors agglomération,Intersection en T,Normale,Deux véhicules - côté,7,2,2,0,3,2,1,5,1,70,2,2,1,1,0,0,70.0,37.0,deux_roues,utilitaire_camion,1,1,3,1,3
201900015053,2019-03-18 12:50:00,2019,3,18,12,50,1,01087,Autoroute A40,46.168603,5.691883,Plein jour,Hors agglomération,Hors intersection,Temps couvert,Sans collision,1,1,2,0,3,1,2,0,3,110,1,1,0,0,0,1,68.0,,voiture,,1,1,1,8,7
201900015054,2019-03-17 06:35:00,2019,3,17,6,35,35,35210,Rn 12 pk 69,48.145221,-1.783501,Crépuscule ou aube,Hors agglomération,Hors intersection,Normale,Autre collision,2,3,4,0,3,1,2,0,1,110,1,4,0,0,3,1,22.0,,voiture,,2,1,1,1,6
201900015055,2019-03-19 08:43:00,2019,3,19,8,43,77,77239,RN4,48.6918018,3.1623907,Plein jour,Hors agglomération,Hors intersection,Normale,Trois véhicules et plus - collisions multiples,2,2,2,0,1,1,1,0,1,80,3,7,1,0,0,6,42.0,58.0,utilitaire_camion,transport_commun,1,1,1,1,5
201900015056,2019-03-15 12:15:00,2019,3,15,12,15,38,38253,D 213,45.03213,6.1244,Plein jour,Hors agglomération,Hors intersection,Normale,Autre collision,3,2,2,0,4,3,1,0,3,80,1,1,0,0,1,0,25.0,,voiture,,1,1,1,1,6
201900015057,2019-03-13 16:30:00,2019,3,13,16,30,6,06088,A8,43.722415,7.222048,Plein jour,Hors agglomération,Hors intersection,Normale,Trois véhicules et plus - en chaîne,1,1,4,0,1,1,1,2,1,90,4,4,3,0,0,1,31.0,55.0,voiture,voiture,1,1,1,1,4
201900015058,2019-03-19 04:43:00,2019,3,19,4,43,73,73191,"A43, PK 78.050, sens lyon-chambéry",45.5666994,5.7888957,Nuit sans éclairage public,Hors agglomération,Intersection en Y,Normale,Autre collision,1,3,6,0,2,2,1,0,8,130,1,1,0,0,1,0,24.0,,utilitaire_camion,,3,1,4,1,6
201900015059,2019-03-18 11:29:00,2019,3,18,11,29,17,17440,A 10,45.946331,-0.557107,Plein jour,Hors agglomération,Hors intersection,Normale,Deux véhicules - arrière,1,3,4,0,1,1,1,0,1,130,2,2,1,0,0,1,56.0,43.0,voiture,utilitaire_camion,1,1,1,1,2
201900015060,2019-03-18 12:30:00,2019,3,18,12,30,77,77216,Autoroute A6  point kilométrique 68+800,48.29544,2.67252,Plein jour,Hors agglomération,Hors intersection,Normale,Trois véhicules et plus - en chaîne,1,1,3,0,4,1,1,0,1,130,4,4,3,0,0,1,44.0,70.0,voiture,voiture,1,1,1,1,4
201900015061,2019-03-18 16:45:00,2019,3,18,16,45,51,51147,A4,49.0271594,4.5180145,Plein jour,Hors agglomération,Hors intersection,Normale,Sans collision,1,3,4,0,1,1,1,0,3,130,1,1,0,0,1,0,61.0,,utilitaire_camion,,1,1,1,1,7
201900015062,2019-03-18 18:45:00,2019,3,18,18,45,973,97306,cd 8 pk 18,5.6054792,-53.6566258,Plein jour,Hors agglomération,Hors intersection,Normale,Autre collision,3,2,2,0,1,1,1,0,1,80,1,2,1,1,0,0,40.0,,voiture,,1,1,1,1,6
201900015063,2019-03-16 19:45:00,2019,3,16,19,45,34,34024,D129,43.462872,3.684781,Nuit sans éclairage public,Hors agglomération,Hors intersection,Normale,Sans collision,3,2,2,0,1,1,1,0,8,70,1,1,0,0,1,0,60.0,,deux_roues,,3,1,1,1,7
201900015064,2019-03-18 17:40:00,2019,3,18,17,40,71,71325,RD 238,46.494139,3.963543,Plein jour,Hors agglomération,Hors intersection,Normale,Autre collision,3,2,2,0,1,1,1,0,3,80,1,2,1,0,1,0,35.0,,voiture,,1,1,1,1,6
201900015065,2019-03-18 06:45:00,2019,3,18,6,45,57,57578,D103B,49.086581,5.99789,Crépuscule ou aube,Hors agglomération,Hors intersection,Normale,Sans collision,2,2,2,0,1,1,1,0,3,80,1,1,0,0,0,1,24.0,,voiture,,2,1,1,1,7
201900015066,2019-03-08 17:28:00,2019,3,8,17,28,73,73328,RD 1201 - Rond Point des Quatre Chemins,45.6479796,5.8928918,Plein jour,Hors agglomération,Giratoire,Normale,Sans collision,3,2,2,0,1,1,1,5,3,70,1,1,0,1,0,0,68.0,,deux_roues,,1,1,6,1,7
201900015067,2019-03-19 16:42:00,2019,3,19,16,42,33,33324,D936 - PR 48 +500,44.82796,0.21294,Plein jour,Hors agglomération,Hors intersection,Normale,Deux véhicules - frontale,3,2,2,0,1,3,1,0,1,80,2,2,1,0,1,0,49.0,64.0,utilitaire_camion,voiture,1,1,1,1,1
201900015068,2019-03-19 03:00:00,2019,3,19,3,0,49,49301,D753 - La Colonne - TORFOU,47.0329881,-1.0904495,Nuit sans éclairage public,Hors agglomération,Hors intersection,Brouillard / fumée,Autre collision,3,2,2,0,1,1,2,5,3,80,1,2,0,0,1,1,21.0,,voiture,,3,1,1,5,6
201900015069,2019-03-18 05:42:00,2019,3,18,5,42,13,13055,A507 sens Marseille - Aubagne,43.297,5.4247,Nuit avec éclairage allumé,Hors agglomération,Hors intersection,Normale,Autre collision,1,3,4,0,2,1,1,1,1,70,1,2,0,0,2,0,30.0,,utilitaire_camion,,5,1,1,1,6
201900015070,2019-03-18 09:30:00,2019,3,18,9,30,33,33039,ROCADE A 630,44.79955,-0.5361,Plein jour,Hors agglomération,Hors intersection,Normale,Deux véhicules - côté,1,3,6,0,1,1,1,0,1,90,2,2,1,0,0,1,28.0,21.0,deux_roues,voiture,1,1,1,1,3
201900015071,2019-03-12 16:05:00,2019,3,12,16,5,62,62624,AUTOROUTE A1,50.42044,2.98545,Plein jour,Hors agglomération,Hors intersection,Normale,Deux véhicules - arrière,1,3,5,0,1,1,1,0,1,130,2,3,2,1,0,0,34.0,25.0,voiture,utilitaire_camion,1,1,1,1,2
201900015072,2019-03-02 00:15:00,2019,3,2,0,15,59,59043,AUTOROUTE A25,50.72556,2.72781,Nuit sans éclairage public,Hors agglomération,Hors intersection,Normale,Autre collision,1,3,4,0,1,1,1,0,1,110,1,1,0,1,0,0,,,,,3,1,1,1,6
201900015073,2019-03-18 10:10:00,2019,3,18,10,10,91,91589,AUTOROUTE A6,48.6796,2.33323,Plein jour,Hors agglomération,Hors intersection,Normale,Trois véhicules et plus - en chaîne,1,1,3,0,1,1,1,0,1,110,3,4,3,0,0,1,76.0,29.0,voiture,voiture,1,1,1,1,4
201900015074,2019-03-18 09:15:00,2019,3,18,9,15,91,91377,AUTOROUTE A10,48.7175,2.29173,Plein jour,Hors agglomération,Hors intersection,Normale,Deux véhicules - arrière,1,1,4,0,1,1,1,0,1,130,2,2,1,0,0,1,46.0,31.0,deux_roues,utilitaire_camion,1,1,1,1,2
201900015075,2019-03-18 08:25:00,2019,3,18,8,25,91,91377,AUTOROUTE A10,48.715873,2.290551,Plein jour,Hors agglomération,Hors intersection,Normale,Trois véhicules et plus - en chaîne,1,4,4,0,1,1,1,3,1,130,3,3,2,0,0,1,26.0,44.0,voiture,deux_roues,1,1,1,1,4
201900015076,2019-03-17 12:40:00,2019,3,17,12,40,94,94038,AUTOROUTE A6A,48.77869,2.34663,Plein jour,Hors agglomération,Hors intersection,Normale,Deux véhicules - arrière,1,1,3,0,1,1,1,0,1,90,2,3,1,0,0,2,35.0,53.0,voiture,voiture,1,1,1,1,2
201900015077,2019-03-18 09:00:00,2019,3,18,9,0,93,93078,AUTOROUTE A104,48.96767,2.51007,Plein jour,Hors agglomération,Hors intersection,Normale,Trois véhicules et plus - en chaîne,1,3,7,0,1,1,1,0,1,110,6,6,5,0,0,1,20.0,35.0,voiture,utilitaire_camion,1,1,1,1,4
201900015078,2019-03-17 19:30:00,2019,3,17,19,30,93,93007,AUTOROUTE A3,48.93483,2.48044,Crépuscule ou aube,Hors agglomération,Hors intersection,Normale,Deux véhicules - côté,1,3,6,0,1,1,2,0,1,110,2,2,1,0,0,1,26.0,38.0,voiture,deux_roues,2,1,1,1,3
201900015079,2019-03-17 19:00:00,2019,3,17,19,0,95,95424,AUTOROUTE A15,48.98908,2.19918,Nuit sans éclairage public,Hors agglomération,Hors intersection,Normale,Autre collision,1,1,1,0,2,3,2,0,1,50,1,1,0,0,0,1,30.0,,voiture,,3,1,1,1,6
201900015080,2019-03-17 17:00:00,2019,3,17,17,0,93,93010,AUTOROUTE A3,48.90537,2.47189,Plein jour,Hors agglomération,Hors intersection,Normale,Trois véhicules et plus - en chaîne,1,3,6,0,1,1,2,2,1,90,3,3,2,0,0,1,47.0,51.0,voiture,voiture,1,1,1,1,4
201900015081,2019-03-17 12:30:00,2019,3,17,12,30,93,93005,AUTOROUTE A3,48.96429,2.4739,Plein jour,Hors agglomération,Hors intersection,Normale,Autre collision,1,3,11,0,1,3,2,0,1,110,1,1,0,0,1,0,37.0,,deux_roues,,1,1,1,1,6
201900015082,2019-03-17 12:30:00,2019,3,17,12,30,93,93066,AUTOROUTE A1,48.90493,2.35845,Plein jour,Hors agglomération,Hors intersection,Pluie légère,Trois véhicules et plus - en chaîne,1,3,8,0,1,1,2,0,1,90,3,4,3,0,0,1,21.0,33.0,voiture,voiture,1,1,1,2,4
201900015083,2019-03-16 23:10:00,2019,3,16,23,10,93,93078,CLEMENCEAU (AVENUE GEORGES),48.9582,2.5582,Nuit avec éclairage allumé,En agglomération,Autre intersection,Normale,Deux véhicules - côté,3,3,-1,0,1,1,1,5,1,50,2,4,0,0,0,4,39.0,,voiture,,5,2,9,1,3
201900015084,2019-03-17 19:10:00,2019,3,17,19,10,988,98818,GERVOLINO (RUE MARCEL),-22.25455,166.47162,Nuit avec éclairage allumé,En agglomération,Hors intersection,Normale,Trois véhicules et plus - collisions multiples,4,2,2,0,1,2,1,0,1,50,3,4,2,0,0,2,32.0,57.0,voiture,utilitaire_camion,5,2,1,1,5
201900015085,2019-03-17 05:50:00,2019,3,17,5,50,974,97411,CHAUDRON  (BLD 1 DU),-20.88791,55.49001,Nuit avec éclairage allumé,Hors agglomération,Hors intersection,Normale,Autre collision,4,1,1,0,1,3,1,3,1,50,1,1,0,0,0,1,23.0,,utilitaire_camion,,5,1,1,1,6
201900015086,2019-03-16 17:00:00,2019,3,16,17,0,974,97411,SOURCE (CHEMIN DE LA),-20.92118,55.48491,Plein jour,En agglomération,Hors intersection,Normale,Deux véhicules - côté,4,2,2,0,2,2,1,0,1,50,2,2,0,0,2,0,66.0,17.0,utilitaire_camion,deux_roues,1,2,1,1,3
201900015087,2019-03-16 17:55:00,2019,3,16,17,55,974,97411,MACE (ROUTE GABRIEL),-20.91442,55.49503,Plein jour,En agglomération,Hors intersection,Normale,Deux véhicules - frontale,3,2,2,0,2,1,1,0,1,50,2,3,1,0,0,2,28.0,48.0,voiture,utilitaire_camion,1,2,1,1,1
201900015088,2019-03-16 02:15:00,2019,3,16,2,15,69,69142,LIBERATION (DE LA)                  (QU),45.72944,4.81589,Nuit avec éclairage allumé,En agglomération,Intersection à plus de 4 branches,Normale,Deux véhicules - côté,3,1,1,0,1,3,1,3,1,50,2,2,1,0,0,1,46.0,19.0,voiture,voiture,5,2,5,1,3