accident_id,datetime,annee,mois,jour,heure,minute,departement,commune_insee,adresse,latitude,longitude,luminosite,agglomeration,intersection,meteo,collision,catr,circ,nbv,vosp,prof,plan,surf,infra,situ,vma,nb_vehicules,nb_usagers,nb_indemnes,nb_tues,nb_blesses_hosp,nb_blesses_legers,age_cond_1,age_cond_2,veh_type_cond_1,veh_type_cond_2,lum_code,agg_code,int_code,atm_code,col_code
201900015089,2019-03-17 21:18:00,2019,3,17,21,18,2B,2B033,VEZZANI - RUE CESAR,42.691,9.4485,Nuit avec éclairage allumé,En agglomération,Hors intersection,Normale,Deux véhicules - frontale,4,2,2,0,2,3,1,0,1,50,2,5,4,0,0,1,22.0,36.0,voiture,voiture,5,2,1,1,1
201900015090,2019-03-16 18:50:00,2019,3,16,18,50,2B,2B033,ST NICOLAS - VOIE RAPIDE,42.6990462,9.4520392,Crépuscule ou aube,En agglomération,Giratoire,Normale,Autre collision,4,1,1,0,2,1,1,0,1,30,1,2,1,0,0,1,47.0,,voiture,,2,2,6,1,6
201900015091,2019-03-16 18:15:00,2019,3,16,18,15,77,77418,CD 106,48.53873,3.24969,Plein jour,Hors agglomération,Hors intersection,Normale,Deux véhicules - frontale,3,2,2,0,1,1,1,0,1,80,2,3,0,0,0,3,26.0,37.0,voiture,voiture,1,1,1,1,1
201900015092,2019-03-17 15:07:00,2019,3,17,15,7,69,69275,JEAN JAURES                         (AV),45.76786,4.93655,Plein jour,En agglomération,Intersection en X,Pluie forte,Deux véhicules - côté,3,2,5,1,1,1,2,5,1,50,2,3,2,0,0,1,34.0,20.0,voiture,deux_roues,1,2,2,3,3
201900015093,2019-03-17 14:00:00,2019,3,17,14,0,59,59508,DRONCKAERT (RUE DU),50.74825,3.13923,Plein jour,En agglomération,Intersection en T,Temps couvert,Deux véhicules - côté,7,2,2,0,1,1,2,8,1,50,2,2,1,0,0,1,25.0,45.0,voiture,voiture,1,2,3,8,3
201900015094,2019-03-16 18:20:00,2019,3,16,18,20,57,57630,STOCK (RUE DU MAIRE EMILE),48.74334,7.0515,Plein jour,En agglomération,Intersection en T,Normale,Deux véhicules - côté,4,2,2,0,1,2,1,5,1,50,2,2,1,0,1,0,21.0,48.0,deux_roues,voiture,1,2,3,1,3
201900015095,2019-03-16 09:15:00,2019,3,16,9,15,56,56260,AOUT 1944(RUE DU 4),47.68244,-2.76534,Plein jour,En agglomération,Hors intersection,Temps couvert,Sans collision,4,3,2,0,1,1,1,6,1,50,1,2,1,0,0,1,28.0,,voiture,,1,2,1,8,7
201900015096,2019-03-16 10:00:00,2019,3,16,10,0,50,50218,ARISTIDE BRIAND (AVENUE),48.83793,-1.5848,Plein jour,En agglomération,Giratoire,Normale,Autre collision,4,2,2,0,1,1,1,0,1,50,1,2,1,0,0,1,89.0,,voiture,,1,2,6,1,6
201900015097,2019-03-17 18:15:00,2019,3,17,18,15,45,45147,R M BERTHELOT - R DE VERDUN,47.93385,1.91697,Crépuscule ou aube,En agglomération,Intersection en X,Temps couvert,Deux véhicules - côté,4,2,2,0,1,1,1,5,1,50,2,2,1,0,0,1,19.0,24.0,voiture,voiture,2,2,2,8,3
201900015098,2019-03-17 18:15:00,2019,3,17,18,15,45,45234,FAUBOURG SAINT JEAN,47.9067135,1.8888915,Plein jour,En agglomération,Hors intersection,Normale,Deux véhicules - côté,4,2,2,0,1,1,1,0,1,50,2,3,2,0,0,1,67.0,13.0,voiture,deux_roues,1,2,1,1,3
201900015099,2019-03-17 23:10:00,2019,3,17,23,10,37,37122,RD 37,47.34626,0.64622,Nuit sans éclairage public,En agglomération,Hors intersection,Normale,Autre collision,3,1,4,0,1,1,1,0,1,90,1,1,0,0,0,1,26.0,,voiture,,3,2,1,1,6
201900015100,2019-03-17 08:25:00,2019,3,17,8,25,37,37122,RD 37,47.34417,0.64611,Plein jour,En agglomération,Hors intersection,Temps couvert,Autre collision,3,1,2,0,1,3,2,0,1,90,1,2,1,0,0,1,21.0,,voiture,,1,2,1,8,6
201900015101,2019-03-17 15:20:00,2019,3,17,15,20,34,34172,FLAHAULT (AVENUE CHARLES,43.6247452,3.8614208,Plein jour,En agglomération,Hors intersection,Normale,Sans collision,4,2,3,0,1,1,1,0,1,50,1,2,0,0,0,2,86.0,,voiture,,1,2,1,1,7
201900015102,2019-03-15 09:00:00,2019,3,15,9,0,34,34172,FRANKLIN (ROND-POINT BENJAMIN),43.61894,3.91358,Plein jour,En agglomération,Giratoire,Normale,Deux véhicules - côté,4,1,2,0,1,1,1,0,1,50,2,2,1,0,0,1,26.0,54.0,deux_roues,voiture,1,2,6,1,3
201900015103,2019-03-17 17:30:00,2019,3,17,17,30,29,29039,CERISIERS (RUE DES),47.8809856,-3.917731,Plein jour,En agglomération,Hors intersection,Temps couvert,Sans collision,4,2,2,0,4,2,1,0,1,50,1,1,0,0,0,1,50.0,,voiture,,1,2,1,8,7
201900015104,2019-03-17 18:00:00,2019,3,17,18,0,17,17300,VERDUN   PLACE DE,46.16293,-1.15333,Plein jour,En agglomération,Hors intersection,Normale,Deux véhicules - arrière,4,1,1,0,1,1,1,0,1,30,2,2,1,0,0,1,16.0,37.0,deux_roues,voiture,1,2,1,1,2
201900015105,2019-03-17 22:00:00,2019,3,17,22,0,13,13214,Louis VILLECROZE (Bld),43.31942,5.39203,Nuit avec éclairage non allumé,En agglomération,Intersection en T,Normale,Deux véhicules - côté,4,2,2,0,2,3,1,0,1,50,2,3,2,0,0,1,24.0,46.0,utilitaire_camion,deux_roues,4,2,3,1,3
201900015106,2019-03-17 20:00:00,2019,3,17,20,0,13,13212,CAILLOLS (AVENUE DES),43.303892,5.436088,Nuit sans éclairage public,En agglomération,Hors intersection,Normale,Autre collision,4,2,2,0,1,1,1,0,1,50,1,1,0,0,1,0,66.0,,voiture,,3,2,1,1,6
201900015107,2019-03-17 17:00:00,2019,3,17,17,0,13,13208,pointe rouge (ave),43.24513,5.37294,Plein jour,En agglomération,Hors intersection,Normale,Deux véhicules - arrière,4,2,1,0,1,1,1,0,1,50,2,2,1,0,0,1,21.0,26.0,voiture,deux_roues,1,2,1,1,2
201900015108,2019-03-16 10:50:00,2019,3,16,10,50,13,13215,BOSPHORE (BOULEVARD DU),43.37049,5.36364,Plein jour,En agglomération,Hors intersection,Normale,Autre collision,4,2,3,0,2,1,1,0,1,50,1,2,1,0,1,0,24.0,,voiture,,1,2,1,1,6
201900015109,2019-03-16 09:50:00,2019,3,16,9,50,13,13063,NORD AVENUE DU,43.596833,5.005396,Plein jour,En agglomération,Hors intersection,Normale,Trois véhicules et plus - en chaîne,4,2,2,0,1,1,1,0,1,50,3,2,1,0,0,1,46.0,23.0,voiture,voiture,1,2,1,1,4
201900015110,2019-03-16 10:15:00,2019,3,16,10,15,13,13005,BROSSOLETTE (AVENUE PIERRE),43.2855,5.5539,Plein jour,En agglomération,Hors intersection,Normale,Autre collision,4,2,2,0,1,1,1,9,1,50,1,2,1,0,0,1,37.0,,voiture,,1,2,1,1,6
201900015111,2019-03-17 15:33:00,2019,3,17,15,33,10,10387,MISSION (RUE DE LA),48.2875,4.0735,Plein jour,En agglomération,Hors intersection,Normale,Autre collision,4,2,2,0,1,1,1,0,1,50,1,3,2,0,0,1,37.0,,voiture,,1,2,1,1,6
201900015112,2019-03-17 13:55:00,2019,3,17,13,55,6,06069,PAOUTE (ROUTE ET TRAVERSE DE LA),43.63322,6.9576,Plein jour,En agglomération,Hors intersection,Normale,Deux véhicules - côté,3,2,2,0,1,1,1,0,1,50,2,4,3,0,0,1,15.0,57.0,deux_roues,voiture,1,2,1,1,3
201900015113,2019-03-15 13:42:00,2019,3,15,13,42,1,01283,NORMANDIE NIEMEN (AVENUE),46.25688,5.64664,Plein jour,En agglomération,Hors intersection,Pluie légère,Autre collision,4,2,2,0,1,1,2,0,1,50,1,2,1,0,0,1,92.0,,voiture,,1,2,1,2,6
201900015114,2019-03-17 19:35:00,2019,3,17,19,35,75,75120,AVENUE GAMBETTA,48.863532,2.390042,Nuit avec éclairage allumé,En agglomération,Hors intersection,Pluie légère,Autre collision,4,2,2,0,2,1,2,0,1,50,1,1,0,0,0,1,,,,,5,2,1,2,6
201900015115,2019-03-17 21:15:00,2019,3,17,21,15,75,75118,BOULEVARD DE CLICHY,48.884678,2.32942,Nuit avec éclairage allumé,En agglomération,Intersection en T,Normale,Autre collision,4,1,3,2,1,1,1,0,1,50,2,1,0,0,0,1,48.0,,deux_roues,,5,2,3,1,6
201900015116,2019-03-17 20:15:00,2019,3,17,20,15,75,75117,AVENUE DE SAINT OUEN,48.896686,2.328685,Nuit avec éclairage allumé,En agglomération,Hors intersection,Normale,Autre collision,4,2,3,3,1,1,1,0,6,50,1,2,1,0,1,0,37.0,,voiture,,5,2,1,1,6
201900015117,2019-03-17 19:40:00,2019,3,17,19,40,75,75117,PLACE DE LA PORTE DE CHAMPERRET,48.885782,2.290705,Nuit avec éclairage allumé,En agglomération,Intersection en X,Normale,Autre collision,4,1,3,0,1,3,1,0,1,50,1,2,1,0,0,1,42.0,,voiture,,5,2,2,1,6
201900015118,2019-03-17 21:20:00,2019,3,17,21,20,75,75112,RUE DES PIROGUES DE BERCY,48.833067,2.387453,Nuit avec éclairage allumé,En agglomération,Intersection en T,Pluie légère,Deux véhicules - côté,4,1,2,0,1,1,2,0,1,30,2,1,0,0,0,1,34.0,,deux_roues,,5,2,3,2,3
201900015119,2019-03-17 03:05:00,2019,3,17,3,5,75,75112,RUE ABEL,48.847693,2.375568,Nuit avec éclairage allumé,En agglomération,Hors intersection,Normale,Autre collision,4,1,1,0,1,1,1,1,1,50,1,2,1,0,0,1,28.0,,voiture,,5,2,1,1,6
201900015120,2019-03-17 10:10:00,2019,3,17,10,10,75,75111,BOULEVARD VOLTAIRE,48.854696,2.38532,Plein jour,En agglomération,Intersection en X,Normale,Deux véhicules - côté,4,2,2,0,1,1,1,0,1,50,2,2,1,0,0,1,51.0,50.0,voiture,deux_roues,1,2,2,1,3
201900015121,2019-03-17 02:30:00,2019,3,17,2,30,75,75107,BOULEVARD SAINT GERMAIN,48.861838,2.319955,Nuit avec éclairage allumé,En agglomération,Hors intersection,Normale,Autre collision,4,1,4,3,1,1,1,0,1,50,1,1,0,0,0,1,33.0,,deux_roues,,5,2,1,1,6
201900015122,2019-03-16 22:30:00,2019,3,16,22,30,75,75114,RUE JULIA BARTET,48.827413,2.304993,Nuit avec éclairage allumé,En agglomération,Intersection en Y,Normale,Deux véhicules - côté,4,2,-1,0,1,1,1,5,1,50,2,3,2,0,0,1,69.0,29.0,voiture,voiture,5,2,4,1,3
201900015123,2019-03-17 19:40:00,2019,3,17,19,40,94,94074,CHAMP SAINT-JULIEN (AV DU),48.74954,2.45494,Nuit avec éclairage allumé,En agglomération,Hors intersection,Pluie légère,Deux véhicules - côté,3,2,3,0,1,1,2,0,1,50,2,1,0,0,0,1,34.0,,deux_roues,,5,2,1,2,3
201900015124,2019-03-17 06:40:00,2019,3,17,6,40,94,94041,MAURICE GUNSBOURG (R),48.8119,2.40384,Nuit avec éclairage allumé,En agglomération,Hors intersection,Pluie légère,Autre collision,4,1,1,0,1,1,2,0,1,50,1,1,0,0,0,1,,,,,5,2,1,2,6
201900015125,2019-03-17 13:30:00,2019,3,17,13,30,93,93071,PEUPLIERS (ALLEE DES),48.929976,2.515513,Plein jour,En agglomération,Hors intersection,Pluie légère,Deux véhicules - arrière,3,2,2,0,2,1,2,0,1,50,2,2,1,0,0,1,88.0,37.0,voiture,utilitaire_camion,1,2,1,2,2
201900015126,2019-03-17 12:30:00,2019,3,17,12,30,93,93071,MANOUCHIAN (ALLEE),48.9333,2.5333,Plein jour,En agglomération,Hors intersection,Pluie légère,Autre collision,4,1,1,0,1,1,1,0,1,50,1,2,1,0,1,0,19.0,,voiture,,1,2,1,2,6
201900015127,2019-03-17 10:15:00,2019,3,17,10,15,93,93050,GENERAL DE GAULLE (AVENUE),48.85846,2.53456,Plein jour,En agglomération,Hors intersection,Normale,Autre collision,3,2,4,0,1,1,1,6,1,50,1,3,1,0,0,2,72.0,,voiture,,1,2,1,1,6
201900015128,2019-03-17 14:35:00,2019,3,17,14,35,93,93048,BOISSIERE (BOULEVARD DE LA),48.877,2.46411,Plein jour,En agglomération,Hors intersection,Normale,Autre collision,3,2,2,0,1,1,2,0,1,50,1,2,1,0,0,1,62.0,,utilitaire_camion,,1,2,1,1,6
201900015129,2019-03-17 12:55:00,2019,3,17,12,55,93,93010,ALPY (RUE HENRI),48.90094,2.48873,Plein jour,En agglomération,Hors intersection,Normale,Sans collision,4,1,1,0,1,1,2,0,4,30,1,1,0,0,0,1,91.0,,voiture,,1,2,1,1,7
201900015130,2019-03-17 12:40:00,2019,3,17,12,40,92,92022,PAVE DES GARDES (ROUTE DU),48.80761,2.19085,Plein jour,En agglomération,Hors intersection,Normale,Trois véhicules et plus - collisions multiples,3,2,2,0,2,1,2,0,1,50,4,11,9,0,0,2,41.0,77.0,voiture,voiture,1,2,1,1,5
201900015131,2019-03-18 12:15:00,2019,3,18,12,15,973,97353,Rue Maurice Gougis,3.639562,-54.028666,Plein jour,En agglomération,Hors intersection,Normale,Autre collision,4,2,2,0,1,1,1,0,1,30,1,2,1,0,0,1,19.0,,deux_roues,,1,2,1,1,6
201900015132,2019-03-16 16:55:00,2019,3,16,16,55,68,68331,160 grand rue,48.054756,7.411019,Plein jour,En agglomération,Hors intersection,Normale,Autre collision,3,2,2,0,1,1,1,0,4,30,1,4,3,0,0,1,26.0,,voiture,,1,2,1,1,6
201900015133,2019-03-17 19:26:00,2019,3,17,19,26,28,28205,927,48.069927,1.217619,Nuit sans éclairage public,Hors agglomération,Intersection en T,Pluie forte,Deux véhicules - côté,3,2,2,0,4,1,2,0,1,80,2,3,2,0,1,0,23.0,60.0,deux_roues,voiture,3,1,3,3,3
201900015134,2019-03-09 19:30:00,2019,3,9,19,30,974,97412,Rue Hubert Delisle,-21.346511,55.603144,Nuit avec éclairage allumé,En agglomération,Hors intersection,Normale,Autre collision,4,1,1,0,2,1,1,0,1,50,1,2,1,0,0,1,55.0,,voiture,,5,2,1,1,6
201900015135,2019-03-18 00:05:00,2019,3,18,0,5,83,83004,,43.458007,6.519544,Nuit sans éclairage public,Hors agglomération,Hors intersection,Vent fort / tempête,Deux véhicules - frontale,3,2,2,0,3,2,1,0,1,80,2,2,0,1,1,0,59.0,22.0,voiture,voiture,3,1,1,6,1
201900015136,2019-03-18 14:35:00,2019,3,18,14,35,71,71118,A6 PK 331+050 sens Lyon Paris,46.793261,4.821916,Plein jour,Hors agglomération,Hors intersection,Normale,Deux véhicules - arrière,1,1,5,0,1,1,1,0,1,110,2,4,2,0,2,0,31.0,72.0,utilitaire_camion,voiture,1,1,1,1,2
201900015137,2019-03-15 13:45:00,2019,3,15,13,45,38,38528,Route d'Uriage,45.08861,5.790017,Plein jour,Hors agglomération,Hors intersection,Pluie légère,Deux véhicules - frontale,3,2,2,0,1,1,2,0,1,70,2,2,1,1,0,0,62.0,76.0,transport_commun,voiture,1,1,1,2,1
201900015138,2019-03-17 18:30:00,2019,3,17,18,30,59,59570,"INTERSECTION ROUTE ROUTE DE BIERNE et CD110, route de CROCHTE",50.9515366,2.4231027,Crépuscule ou aube,En agglomération,Intersection en T,Temps couvert,Sans collision,3,2,2,0,1,1,2,4,3,50,1,1,0,0,1,0,29.0,,deux_roues,,2,2,3,8,7
201900015139,2019-03-18 14:15:00,2019,3,18,14,15,26,26325,6 avenue du docteur lucien steinberg,45.29467,4.812809,Plein jour,En agglomération,Hors intersection,Normale,Deux véhicules - côté,4,1,1,0,2,1,1,0,1,50,2,2,1,0,1,0,22.0,25.0,voiture,deux_roues,1,2,1,1,3
201900015140,2019-03-18 00:45:00,2019,3,18,0,45,62,62306,RN 917,50.151964,2.828444,Nuit sans éclairage public,Hors agglomération,Hors intersection,Pluie légère,Deux véhicules - arrière,2,2,2,0,1,1,2,0,1,80,2,2,1,0,1,0,22.0,42.0,voiture,utilitaire_camion,3,1,1,2,2
201900015141,2019-03-18 13:30:00,2019,3,18,13,30,34,34095,rd 613,43.534245,3.754303,Plein jour,Hors agglomération,Hors intersection,Normale,Trois véhicules et plus - en chaîne,3,2,2,0,1,1,1,0,1,80,3,3,1,0,0,2,36.0,59.0,voiture,voiture,1,1,1,1,4
201900015142,2019-03-09 17:15:00,2019,3,9,17,15,51,51507,RD 3 / RD 982E2,49.0873454,4.8823007,Plein jour,En agglomération,Intersection en X,Normale,Trois véhicules et plus - collisions multiples,3,2,2,0,4,1,1,5,1,50,3,5,4,0,1,0,44.0,40.0,voiture,voiture,1,2,2,1,5
201900015143,2019-03-17 10:45:00,2019,3,17,10,45,76,76260,D930 - Route de Gerberoy,49.487973,1.751079,Plein jour,Hors agglomération,Hors intersection,Temps couvert,Deux véhicules - frontale,3,2,2,0,1,1,1,0,1,80,2,3,2,0,1,0,32.0,19.0,voiture,voiture,1,1,1,8,1
201900015144,2019-03-18 07:35:00,2019,3,18,7,35,76,76648,place maintenon,49.672817,1.283269,Plein jour,En agglomération,Place,Normale,Sans collision,3,-1,2,0,1,1,2,9,1,50,1,2,1,0,1,0,49.0,,transport_commun,,1,2,7,1,7
201900015145,2019-03-17 11:45:00,2019,3,17,11,45,79,79156,,46.762299,-0.22119,Plein jour,Hors agglomération,Intersection en X,Pluie légère,Deux véhicules - côté,3,2,2,0,3,1,2,5,1,80,2,2,1,0,1,0,66.0,39.0,voiture,deux_roues,1,1,2,2,3
201900015146,2019-03-17 16:15:00,2019,3,17,16,15,11,11262,D168,43.17511,3.10859,Plein jour,Hors agglomération,Hors intersection,Normale,Autre collision,3,2,2,0,4,2,1,0,3,70,1,1,0,0,1,0,67.0,,deux_roues,,1,1,1,1,6
201900015147,2019-03-18 08:45:00,2019,3,18,8,45,49,49129,lieu-dit la plesse - RD94,47.522089,-0.5102,Plein jour,Hors agglomération,Hors intersection,Normale,Deux véhicules - frontale,3,2,2,0,1,1,1,0,1,70,2,2,1,0,0,1,31.0,59.0,utilitaire_camion,voiture,1,1,1,1,1
201900015148,2019-03-18 16:00:00,2019,3,18,16,0,42,42154,la rivière,45.841201,4.237816,Plein jour,Hors agglomération,Intersection en Y,Normale,Deux véhicules - côté,3,2,2,0,1,2,2,0,1,70,2,2,1,0,1,0,49.0,49.0,voiture,deux_roues,1,1,4,1,3
201900015149,2019-03-17 18:15:00,2019,3,17,18,15,25,25338,D 135,47.068215,5.993884,Nuit sans éclairage public,Hors agglomération,Hors intersection,Neige / grêle,Sans collision,3,2,2,0,2,2,9,0,8,80,1,4,0,2,2,0,68.0,,voiture,,3,1,1,4,7
201900015150,2019-03-17 22:35:00,2019,3,17,22,35,35,35023,RN 12 Pk 81+300,48.181829,-1.932245,Nuit sans éclairage public,Hors agglomération,Hors intersection,Normale,Trois véhicules et plus - en chaîne,2,3,4,0,1,1,2,0,1,110,3,4,0,2,1,1,47.0,25.0,voiture,voiture,3,1,1,1,4
201900015151,2019-03-17 06:30:00,2019,3,17,6,30,29,29216,D785,47.9422908,-4.1817913,Crépuscule ou aube,Hors agglomération,Hors intersection,Pluie légère,Sans collision,3,3,4,0,1,1,2,0,3,110,1,1,0,0,0,1,30.0,,voiture,,2,1,1,2,7
201900015152,2019-03-18 07:30:00,2019,3,18,7,30,31,31091,37 avenue de Toulouse,43.724695,1.410577,Plein jour,En agglomération,Hors intersection,Normale,Autre collision,3,2,2,0,1,1,1,0,1,50,1,2,1,0,1,0,60.0,,voiture,,1,2,1,1,6
201900015153,2019-03-17 18:45:00,2019,3,17,18,45,1,01420,Avenue du port,46.166592,4.793098,Plein jour,En agglomération,Hors intersection,Normale,Deux véhicules - frontale,3,2,2,0,1,3,1,0,1,70,2,4,1,0,0,3,25.0,17.0,voiture,voiture,1,2,1,1,1
201900015154,2019-03-16 09:30:00,2019,3,16,9,30,66,66003,Boulevard de la petite provence,42.47448,2.67027,Plein jour,En agglomération,Hors intersection,Temps éblouissant,Sans collision,3,2,2,0,2,2,1,0,1,50,1,2,1,0,1,0,58.0,,voiture,,1,2,1,7,7
201900015155,2019-03-17 19:10:00,2019,3,17,19,10,14,14431,LES BARBITOTS,49.048355,-0.110958,Crépuscule ou aube,Hors agglomération,Intersection en X,Pluie légère,Deux véhicules - arrière,3,2,2,0,1,1,2,5,1,80,2,2,0,0,0,2,54.0,35.0,voiture,voiture,2,1,2,2,2
201900015156,2019-03-18 16:45:00,2019,3,18,16,45,5,05123,RD 994 - PK 54+100,44.561859,5.933405,Plein jour,Hors agglomération,Hors intersection,Normale,Deux véhicules - arrière,3,2,2,0,1,1,1,0,1,80,2,3,1,0,1,1,54.0,50.0,voiture,voiture,1,1,1,1,2
201900015157,2019-03-08 17:20:00,2019,3,8,17,20,45,45224,177 rue de saint germain,48.089295,2.040394,Plein jour,Hors agglomération,Hors intersection,Pluie forte,Autre collision,3,2,2,0,1,1,2,0,1,80,2,2,1,0,1,0,64.0,56.0,deux_roues,voiture,1,1,1,3,6
201900015158,2019-03-17 19:30:00,2019,3,17,19,30,18,18165,RD 926,47.302195,2.229591,Nuit sans éclairage public,Hors agglomération,Hors intersection,Normale,Trois véhicules et plus - collisions multiples,3,2,2,0,3,1,1,0,1,80,3,3,1,0,0,2,39.0,75.0,voiture,voiture,3,1,1,1,5
201900015159,2019-03-17 13:50:00,2019,3,17,13,50,16,16220,Route de Luchac,45.7090355,-0.1762583,Plein jour,Hors agglomération,Hors intersection,Normale,Deux véhicules - frontale,3,2,2,0,2,3,1,0,1,80,2,3,2,0,0,1,70.0,39.0,voiture,voiture,1,1,1,1,1
201900015160,2019-01-16 16:15:00,2019,1,16,16,15,40,40197,RD 325,44.017667,-0.894333,Plein jour,Hors agglomération,Hors intersection,Normale,Autre collision,3,2,2,0,1,2,1,0,3,80,1,1,0,1,0,0,48.0,,voiture,,1,1,1,1,6
201900015161,2019-03-18 13:40:00,2019,3,18,13,40,40,40051,departementale 1,43.884945,-0.371101,Plein jour,Hors agglomération,Hors intersection,Normale,Autre collision,3,3,2,0,1,1,1,0,1,80,2,2,1,1,0,0,36.0,23.0,voiture,deux_roues,1,1,1,1,6
201900015162,2019-09-19 18:35:00,2019,9,19,18,35,93,93070,JEAN-HENRI-FABRE(RUE),48.901176,2.338644,Crépuscule ou aube,En agglomération,Autre intersection,Normale,Autre collision,4,2,2,0,1,1,1,6,1,12,1,2,1,0,0,1,27.0,,voiture,,2,2,9,1,6
201900015163,2019-09-11 08:20:00,2019,9,11,8,20,93,93070,MICHELET(AV):N°1AU 103,48.909338,2.344211,Plein jour,En agglomération,Hors intersection,Temps couvert,Deux véhicules - côté,3,2,2,0,1,1,1,0,1,50,2,2,1,0,0,1,39.0,34.0,deux_roues,voiture,1,2,1,8,3
201900015164,2019-09-13 05:43:00,2019,9,13,5,43,93,93062,THIERS (AVENUE),48.90042,2.51445,Nuit avec éclairage allumé,En agglomération,Hors intersection,Normale,Autre collision,4,2,1,0,2,1,1,0,1,50,1,2,0,0,0,2,24.0,,voiture,,5,2,1,1,6
201900015165,2019-09-11 16:30:00,2019,9,11,16,30,93,93055,CHEMIN DE FER (DU),48.8993428,2.3937814,Plein jour,En agglomération,Hors intersection,Normale,Deux véhicules - arrière,4,2,2,0,1,1,1,0,1,50,2,2,1,0,0,1,38.0,,voiture,,1,2,1,1,2
201900015166,2019-09-13 18:45:00,2019,9,13,18,45,93,93048,PIERRE BROSSOLETTE (AVENUE),48.86417,2.479873,Crépuscule ou aube,En agglomération,Hors intersection,Normale,Autre collision,4,3,2,0,1,3,1,0,1,30,1,2,1,0,0,1,55.0,,voiture,,2,2,1,1,6
201900015167,2019-09-13 13:35:00,2019,9,13,13,35,93,93048,DOCTEUR SCHAFFNER (AVENUE DU),48.853243,2.42355,Plein jour,En agglomération,Intersection en T,Normale,Deux véhicules - côté,3,2,-1,-1,1,1,1,5,1,-1,2,2,1,0,0,1,71.0,48.0,voiture,deux_roues,1,2,3,1,3
201900015168,2019-09-12 22:45:00,2019,9,12,22,45,93,93046,ARISTIDE BRIAND AVENUE,48.91156,2.51883,Nuit avec éclairage allumé,En agglomération,Hors intersection,Normale,Autre collision,3,3,6,0,1,1,1,0,1,50,1,2,1,0,1,0,23.0,,voiture,,5,2,1,1,6
201900015169,2019-09-12 22:35:00,2019,9,12,22,35,93,93045,PARIS RUE DE,48.88102,2.42018,Nuit avec éclairage allumé,En agglomération,Intersection en Y,Normale,Deux véhicules - côté,3,2,2,0,1,1,1,0,1,50,2,2,1,0,0,1,31.0,21.0,deux_roues,voiture,5,2,4,1,3
201900015170,2019-09-12 20:30:00,2019,9,12,20,30,93,93045,PASTEUR AV.,48.87713,2.41192,Nuit avec éclairage allumé,En agglomération,Hors intersection,Normale,Deux véhicules - côté,7,2,2,0,1,1,1,0,1,50,2,2,1,0,0,1,54.0,47.0,voiture,deux_roues,5,2,1,1,3
201900015171,2019-09-13 19:30:00,2019,9,13,19,30,93,93079,JEAN BAPTISTE CLEMENT,48.95968,2.34255,Plein jour,En agglomération,Hors intersection,Normale,Deux véhicules - arrière,4,2,2,0,4,1,1,0,1,50,2,2,1,0,0,1,63.0,45.0,voiture,voiture,1,2,1,1,2
201900015172,2019-09-13 23:05:00,2019,9,13,23,5,93,93007,BLES D'OR (RUE DES),48.92056,2.46671,Nuit avec éclairage allumé,En agglomération,Intersection en T,Normale,Deux véhicules - frontale,4,2,2,0,1,1,1,0,1,50,2,2,1,0,0,1,28.0,,voiture,,5,2,3,1,1
201900015173,2019-09-13 19:20:00,2019,9,13,19,20,93,93005,MAURICE UTRILLO (RUE),48.954173,2.50389,Crépuscule ou aube,En agglomération,Hors intersection,Normale,Autre collision,4,-1,2,0,1,1,1,9,1,25,1,2,1,0,0,1,21.0,,voiture,,2,2,1,1,6
201900015174,2019-09-13 00:50:00,2019,9,13,0,50,93,93005,JEAN CHARCOT [CD115] (RUE),48.93371,2.49053,Nuit avec éclairage allumé,En agglomération,Hors intersection,Normale,Deux véhicules - arrière,3,2,2,0,1,1,1,6,1,50,2,2,1,0,0,1,30.0,18.0,voiture,voiture,5,2,1,1,2
201900015175,2019-09-13 06:30:00,2019,9,13,6,30,93,93001,VICTOR HUGO (AVE)  => N° 129,48.90693,2.37597,Crépuscule ou aube,En agglomération,Hors intersection,Normale,Autre collision,3,1,0,3,1,1,1,0,1,30,1,2,1,0,0,1,49.0,,voiture,,2,2,1,1,6
201900015176,2019-09-13 14:54:00,2019,9,13,14,54,92,92064,REPUBLIQUE,48.857933,2.210807,Plein jour,En agglomération,Intersection en T,Normale,Deux véhicules - côté,3,-1,2,0,1,1,1,0,1,50,2,2,1,0,0,1,49.0,25.0,utilitaire_camion,deux_roues,1,2,3,1,3
201900015177,2019-09-13 22:50:00,2019,9,13,22,50,92,92040,CITEAUX (ALLEE DES),48.82296,2.2673,Nuit avec éclairage allumé,En agglomération,Hors intersection,Normale,Autre collision,7,1,1,0,1,1,1,0,1,20,1,2,1,0,0,1,62.0,,voiture,,5,2,1,1,6
201900015178,2019-09-13 17:10:00,2019,9,13,17,10,92,92024,CLICHY (QUAI DE) DE (104 A 202),48.907677,2.2980344,Plein jour,En agglomération,Hors intersection,Normale,Deux véhicules - arrière,3,1,2,1,1,1,1,0,1,50,2,2,1,0,0,1,85.0,41.0,voiture,deux_roues,1,2,1,1,2
201900015179,2019-09-13 16:20:00,2019,9,13,16,20,92,92024,ASNIERES (ROUTE D'),48.90138,2.29177,Plein jour,En agglomération,Intersection en Y,Normale,Deux véhicules - côté,3,2,2,0,1,1,1,0,1,50,2,2,1,0,0,1,33.0,55.0,voiture,deux_roues,1,2,4,1,3
201900015180,2019-09-13 12:25:00,2019,9,13,12,25,92,92002,AUBEPINE (RUE DE L'),48.740769,2.3123523,Plein jour,En agglomération,Giratoire,Normale,Deux véhicules - côté,4,2,2,0,1,1,1,0,1,30,2,2,1,0,0,1,58.0,37.0,voiture,deux_roues,1,2,6,1,3