accident_id,datetime,annee,mois,jour,heure,minute,departement,commune_insee,adresse,latitude,longitude,luminosite,agglomeration,intersection,meteo,collision,catr,circ,nbv,vosp,prof,plan,surf,infra,situ,vma,nb_vehicules,nb_usagers,nb_indemnes,nb_tues,nb_blesses_hosp,nb_blesses_legers,age_cond_1,age_cond_2,veh_type_cond_1,veh_type_cond_2,lum_code,agg_code,int_code,atm_code,col_code
201900015273,2019-09-12 07:00:00,2019,9,12,7,0,69,69382,JULES COURMONT                      (QU),45.76357,4.83847,Nuit avec éclairage allumé,En agglomération,Intersection à plus de 4 branches,Normale,Deux véhicules - côté,7,3,8,0,1,1,1,0,1,50,2,2,1,0,0,1,40.0,30.0,deux_roues,voiture,5,2,5,1,3
201900015274,2019-09-03 19:30:00,2019,9,3,19,30,91,91589,DE GAULLE  (AVENUE CHARLES),48.678497,2.346871,Plein jour,En agglomération,Hors intersection,Normale,Trois véhicules et plus - en chaîne,2,2,3,0,1,1,1,0,1,50,3,4,2,0,0,2,25.0,43.0,voiture,voiture,1,2,1,1,4
201900015275,2019-09-12 17:45:00,2019,9,12,17,45,91,91549,JACQUES DUCLOS (AVENUE),48.634552,2.342589,Plein jour,En agglomération,Autre intersection,Normale,Deux véhicules - côté,3,2,2,0,1,1,1,5,1,50,2,2,1,0,0,1,59.0,48.0,voiture,voiture,1,2,9,1,3
201900015276,2019-09-12 16:55:00,2019,9,12,16,55,91,91477,MAURICE BERTEAUX (RUE),48.718417,2.241743,Plein jour,En agglomération,Hors intersection,Normale,Sans collision,4,2,2,0,2,1,1,0,1,50,1,1,0,0,1,0,32.0,,autre,,1,2,1,1,7
201900015277,2019-09-11 14:54:00,2019,9,11,14,54,91,91223,DE GAULLE (AVENUE CHARLES),48.42786,2.15724,Plein jour,En agglomération,Autre intersection,Normale,Deux véhicules - frontale,4,2,2,0,1,2,1,0,1,50,2,2,1,0,0,1,24.0,34.0,voiture,voiture,1,2,9,1,1
201900015278,2019-09-11 11:45:00,2019,9,11,11,45,91,91103,MAISON NEUVE (AVENUE DE LA),48.587526,2.306718,Plein jour,En agglomération,Giratoire,Normale,Sans collision,4,1,2,0,1,2,1,0,1,50,1,1,0,0,0,1,44.0,,deux_roues,,1,2,6,1,7
201900015279,2019-09-09 16:00:00,2019,9,9,16,0,89,89387,INDUSTRIE (RUE DE L'),48.2085273,3.2685711,Plein jour,En agglomération,Intersection en T,Normale,Trois véhicules et plus - collisions multiples,4,2,2,0,2,2,1,0,1,50,3,3,2,0,0,1,37.0,88.0,deux_roues,voiture,1,2,3,1,5
201900015280,2019-09-06 10:25:00,2019,9,6,10,25,89,89338,HENRI VINCENOT (RUE),48.2216373,3.2880088,Plein jour,En agglomération,Giratoire,Normale,Autre collision,3,1,-1,-1,1,2,1,5,8,50,2,2,1,0,0,1,69.0,69.0,deux_roues,voiture,1,2,6,1,6
201900015281,2019-09-11 14:00:00,2019,9,11,14,0,87,87085,PUY PONCHET (RUE DU),45.85497,1.28518,Plein jour,En agglomération,Hors intersection,Normale,Deux véhicules - côté,4,2,2,0,1,1,1,0,1,50,2,2,1,0,0,1,26.0,21.0,utilitaire_camion,voiture,1,2,1,1,3
201900015282,2019-06-19 08:30:00,2019,6,19,8,30,78,78621,DIDEROT (AVENUE DENIS),48.79485,1.98313,Plein jour,En agglomération,Hors intersection,Normale,Autre collision,4,2,4,0,1,1,1,9,3,50,1,2,0,0,1,1,61.0,,transport_commun,,1,2,1,1,6
201900015283,2019-09-09 06:30:00,2019,9,9,6,30,77,77053,SAINT LAZARE (RUE),48.69508,2.60398,Crépuscule ou aube,En agglomération,Intersection en T,Normale,Autre collision,4,1,1,0,1,1,1,0,2,50,1,1,0,0,0,1,,,,,2,2,3,1,6
201900015284,2019-09-12 08:55:00,2019,9,12,8,55,77,77122,D57 X AV DE LA REPUBLIQUE,48.66574,2.55044,Plein jour,En agglomération,Giratoire,Normale,Autre collision,3,2,2,0,1,3,1,5,1,50,1,2,1,0,0,1,19.0,,voiture,,1,2,6,1,6
201900015285,2019-09-11 11:30:00,2019,9,11,11,30,74,74218,MAXIMA (RUE DE),46.39,6.54,Plein jour,En agglomération,Intersection en Y,Normale,Deux véhicules - côté,4,-1,2,0,2,3,1,0,1,50,2,2,1,0,1,0,42.0,14.0,utilitaire_camion,deux_roues,1,2,4,1,3
201900015286,2019-09-10 23:10:00,2019,9,10,23,10,74,74012,ETREMBIERES (ROUTE D'),46.18952,6.23304,Nuit avec éclairage allumé,En agglomération,Hors intersection,Normale,Deux véhicules - côté,4,2,3,0,2,1,1,0,1,50,2,4,2,0,0,2,44.0,34.0,voiture,voiture,5,2,1,1,3
201900015287,2019-09-11 18:00:00,2019,9,11,18,0,71,71306,ROGER SALENGRO (AVENUE),46.66674,4.35882,Plein jour,En agglomération,Intersection en Y,Normale,Autre collision,4,2,2,0,4,1,1,5,1,50,1,1,0,0,1,0,21.0,,voiture,,1,2,4,1,6
201900015288,2019-09-12 08:30:00,2019,9,12,8,30,69,69266,8 MAI 1945   (Rue du),45.7742,4.8941,Plein jour,En agglomération,Hors intersection,Temps éblouissant,Autre collision,4,2,4,1,1,1,1,0,1,50,1,2,1,0,1,0,40.0,,voiture,,1,2,1,7,6
201900015289,2019-09-12 08:10:00,2019,9,12,8,10,69,69266,LIGNE DE L'EST      (Chemin),45.757758,4.906125,Plein jour,En agglomération,Hors intersection,Normale,Autre collision,4,2,1,1,1,1,1,4,5,120,1,2,1,0,0,1,36.0,,deux_roues,,1,2,1,1,6
201900015290,2019-09-11 21:30:00,2019,9,11,21,30,69,69256,GENAS (DE)                          (RO),45.74576,4.92786,Nuit avec éclairage allumé,En agglomération,Hors intersection,Normale,Trois véhicules et plus - collisions multiples,3,2,4,3,1,1,1,0,1,50,3,3,2,0,0,1,60.0,24.0,voiture,deux_roues,5,2,1,1,5
201900015291,2019-09-11 09:50:00,2019,9,11,9,50,68,68149,ABATTOIR ( RUE DE ),47.592187,7.586161,Plein jour,En agglomération,Hors intersection,Normale,Sans collision,4,2,2,0,1,1,1,8,1,50,1,2,1,0,1,0,25.0,,utilitaire_camion,,1,2,1,1,7
201900015292,2019-09-12 07:51:00,2019,9,12,7,51,67,67482,SCHIRMECK (ROUTE DE),48.573775,7.722526,Plein jour,En agglomération,Hors intersection,Normale,Deux véhicules - arrière,4,1,1,0,1,3,1,0,1,50,2,2,1,0,0,1,15.0,56.0,deux_roues,voiture,1,2,1,1,2
201900015293,2019-09-12 11:40:00,2019,9,12,11,40,64,64132,GEORGES CLEMENCEAU,43.29139,-0.35785,Plein jour,En agglomération,Hors intersection,Normale,Autre collision,4,2,0,0,1,1,1,0,1,50,2,2,1,0,0,1,19.0,54.0,deux_roues,voiture,1,2,1,1,6
201900015294,2019-09-12 09:50:00,2019,9,12,9,50,59,59508,DRONCKAERT (RUE DU),50.73924,3.13051,Plein jour,En agglomération,Intersection en T,Normale,Deux véhicules - frontale,7,2,0,0,1,1,1,0,1,50,2,2,1,0,0,1,42.0,37.0,voiture,voiture,1,2,3,1,1
201900015295,2019-09-09 13:45:00,2019,9,9,13,45,57,57672,REPUBLIQUE (PLACE DE LA),49.35607,6.16397,Plein jour,En agglomération,Hors intersection,Normale,Autre collision,4,2,2,2,1,1,1,6,2,50,1,2,1,0,0,1,70.0,,voiture,,1,2,1,1,6
201900015296,2019-02-08 15:40:00,2019,2,8,15,40,54,54578,CLEMENCEAU (RUE GEORGES),48.676286,6.153896,Plein jour,En agglomération,Intersection en X,Normale,Autre collision,4,2,2,0,1,1,1,0,1,50,2,4,3,0,0,1,20.0,25.0,voiture,deux_roues,1,2,2,1,6
201900015297,2019-02-28 19:50:00,2019,2,28,19,50,54,54547,VAUCOULEURS (RUE DE) AU DELA DU N°90,48.67356,6.18323,Nuit avec éclairage allumé,En agglomération,Intersection en X,Pluie légère,Deux véhicules - côté,4,2,2,0,1,1,1,0,1,50,2,2,1,0,0,1,60.0,68.0,voiture,voiture,5,2,2,2,3
201900015298,2019-02-28 18:30:00,2019,2,28,18,30,54,54395,LIBERATION (AVENUE DE LA),48.69544,6.13993,Nuit avec éclairage allumé,En agglomération,Hors intersection,Normale,Deux véhicules - arrière,4,2,2,0,1,1,1,0,1,50,2,2,1,0,0,1,36.0,40.0,voiture,voiture,5,2,1,1,2
201900015299,2019-09-12 10:40:00,2019,9,12,10,40,54,54304,RESISTANCE (AV. DE LA -PAIR-),48.694702,6.126739,Plein jour,En agglomération,Hors intersection,Normale,Deux véhicules - côté,4,2,0,0,2,1,1,0,1,50,2,2,1,0,0,1,55.0,54.0,voiture,voiture,1,2,1,1,3
201900015300,2019-02-25 16:40:00,2019,2,25,16,40,54,54395,SAINT GEORGES (RUE),48.69198,6.186327,Plein jour,En agglomération,Hors intersection,Normale,Deux véhicules - côté,4,2,2,0,1,1,1,0,1,30,2,2,1,0,0,1,25.0,17.0,deux_roues,voiture,1,2,1,1,3
201900015301,2019-02-21 16:10:00,2019,2,21,16,10,54,54526,CAMELINAT (RUE),48.68802,6.20739,Plein jour,En agglomération,Intersection en T,Normale,Sans collision,4,2,2,0,1,1,1,0,1,50,1,3,1,0,0,2,20.0,,voiture,,1,2,3,1,7
201900015302,2019-02-17 19:05:00,2019,2,17,19,5,54,54526,MILLENAIRE (Rond Point An 2000),48.684291,6.221696,Nuit avec éclairage allumé,En agglomération,Hors intersection,Normale,Deux véhicules - côté,4,2,2,0,1,1,1,0,1,50,2,2,1,0,0,1,38.0,23.0,voiture,deux_roues,5,2,1,1,3
201900015303,2019-02-13 12:20:00,2019,2,13,12,20,54,54395,rue de Laxou,48.6862,6.1627,Plein jour,En agglomération,Hors intersection,Normale,Trois véhicules et plus - collisions multiples,4,-1,1,0,1,1,1,0,1,50,3,3,2,0,0,1,28.0,19.0,voiture,voiture,1,2,1,1,5
201900015304,2019-02-07 18:07:00,2019,2,7,18,7,54,54395,METZ (RUE DE),48.70072,6.1721,Nuit avec éclairage allumé,En agglomération,Hors intersection,Normale,Sans collision,4,-1,2,0,1,1,1,0,2,30,1,2,1,0,0,1,28.0,,voiture,,5,2,1,1,7
201900015305,2019-09-12 08:15:00,2019,9,12,8,15,54,54395,VERDUN (rue de),48.69714,6.17055,Plein jour,En agglomération,Intersection en X,Normale,Deux véhicules - arrière,4,2,3,0,1,1,1,0,1,50,2,4,2,0,0,2,59.0,39.0,voiture,voiture,1,2,2,1,2
201900015306,2019-09-12 07:10:00,2019,9,12,7,10,51,51454,AVENUE DE CHAMPAGNE,49.234973,4.0412747,Crépuscule ou aube,En agglomération,Hors intersection,Normale,Deux véhicules - arrière,2,3,6,0,1,1,1,3,1,70,2,5,3,0,0,2,27.0,33.0,voiture,voiture,2,2,1,1,2
201900015307,2019-09-10 08:50:00,2019,9,10,8,50,51,51108,AVENUE PIERRE SEMARD,48.944334,4.343026,Plein jour,En agglomération,Intersection en X,Normale,Sans collision,4,2,2,0,2,1,1,0,1,50,1,2,1,0,1,0,29.0,,voiture,,1,2,2,1,7
201900015308,2019-09-12 11:25:00,2019,9,12,11,25,50,50129,GAMBETTA (RUE),49.63817,-1.62522,Plein jour,En agglomération,Intersection en X,Normale,Deux véhicules - côté,4,2,2,0,1,1,1,0,1,50,2,2,1,0,0,1,47.0,38.0,deux_roues,voiture,1,2,2,1,3
201900015309,2019-09-12 07:55:00,2019,9,12,7,55,50,50416,CLAIRES (RUE DES),49.65991,-1.6924,Plein jour,En agglomération,Hors intersection,Temps couvert,Deux véhicules - côté,4,2,2,0,1,1,2,0,2,50,2,2,1,0,1,0,29.0,47.0,deux_roues,voiture,1,2,1,8,3
201900015310,2019-09-10 05:25:00,2019,9,10,5,25,50,50173,VAL DE LA CRESPINIERE (rue),49.63778,-1.65218,Nuit avec éclairage allumé,En agglomération,Hors intersection,Normale,Autre collision,4,2,2,0,1,1,1,0,1,50,1,2,1,0,0,1,21.0,,voiture,,5,2,1,1,6
201900015311,2019-09-10 10:12:00,2019,9,10,10,12,50,50129,FOURCHES (RUE DES),49.64286,-1.64434,Plein jour,En agglomération,Hors intersection,Normale,Deux véhicules - arrière,4,2,2,0,2,3,1,0,1,50,2,4,1,0,0,3,83.0,52.0,voiture,transport_commun,1,2,1,1,2
201900015312,2019-09-11 14:58:00,2019,9,11,14,58,49,49007,FOCH BOULEVARD,47.4678,-0.551,Plein jour,En agglomération,Hors intersection,Normale,Autre collision,4,2,2,0,1,1,1,0,1,60,1,2,1,0,0,1,37.0,,voiture,,1,2,1,1,6
201900015313,2019-09-11 11:24:00,2019,9,11,11,24,49,49015,ROSES RUE DES,47.5004,-0.5882,Plein jour,En agglomération,Hors intersection,Normale,Sans collision,4,2,2,0,1,1,1,0,1,60,1,1,0,0,0,1,17.0,,deux_roues,,1,2,1,1,7
201900015314,2019-09-11 08:00:00,2019,9,11,8,0,49,49007,DAGUENET,47.47639,-0.51509,Plein jour,En agglomération,Hors intersection,Normale,Autre collision,4,2,2,0,1,1,1,0,1,60,1,1,0,0,0,1,,,,,1,2,1,1,6
201900015315,2019-09-10 18:03:00,2019,9,10,18,3,49,49007,CHATEAU D'ORGEMONT RUE ET SQU,47.44469,-0.54077,Plein jour,En agglomération,Hors intersection,Normale,Autre collision,4,2,2,0,1,1,1,0,1,60,2,3,1,0,0,2,23.0,69.0,voiture,voiture,1,2,1,1,6
201900015316,2019-09-06 20:50:00,2019,9,6,20,50,47,47001,JAURES (AV. JEAN),44.199416,0.635766,Crépuscule ou aube,En agglomération,Hors intersection,Normale,Autre collision,3,2,2,0,1,1,1,0,1,50,1,2,1,0,1,0,29.0,,deux_roues,,2,2,1,1,6
201900015317,2019-09-12 14:45:00,2019,9,12,14,45,44,44109,ROND-POINT DE RENNES,47.2333,-1.5658,Plein jour,En agglomération,Giratoire,Normale,Deux véhicules - côté,4,-1,0,0,1,1,1,0,1,50,2,1,0,0,0,1,27.0,,deux_roues,,1,2,6,1,3
201900015318,2019-08-08 18:09:00,2019,8,8,18,9,44,44114,AVENUE CLAUDE ANTOINE PECCOT,47.256,-1.6196,Plein jour,En agglomération,Hors intersection,Normale,Autre collision,4,2,0,0,1,1,1,0,1,50,1,1,0,0,0,1,,,,,1,2,1,1,6
201900015319,2019-09-12 07:15:00,2019,9,12,7,15,44,44172,PERIPHERIQUE EST,47.24924,-1.50644,Crépuscule ou aube,Hors agglomération,Hors intersection,Normale,Deux véhicules - côté,2,3,0,0,1,1,1,9,1,90,2,2,1,0,1,0,51.0,24.0,deux_roues,voiture,2,1,1,1,3
201900015320,2019-09-12 19:15:00,2019,9,12,19,15,38,38544,JEAN MOULIN(RUE),45.5094441,4.857645,Plein jour,En agglomération,Hors intersection,Normale,Autre collision,4,1,1,0,1,1,1,0,1,50,1,2,1,0,0,1,29.0,,voiture,,1,2,1,1,6
201900015321,2019-09-11 18:30:00,2019,9,11,18,30,34,34172,CASTELLE (RUE DE LA),43.57873,3.86892,Plein jour,En agglomération,Hors intersection,Normale,Deux véhicules - côté,4,2,2,0,2,1,1,0,1,50,2,3,2,0,0,1,42.0,24.0,deux_roues,voiture,1,2,1,1,3
201900015322,2019-09-10 20:45:00,2019,9,10,20,45,34,34003,SERGENTS (I14 A K17,43.2849,3.50508,Nuit avec éclairage allumé,En agglomération,Hors intersection,Pluie légère,Autre collision,4,2,0,0,4,1,2,0,1,50,1,3,2,0,0,1,32.0,,utilitaire_camion,,5,2,1,2,6
201900015323,2019-09-11 23:30:00,2019,9,11,23,30,33,33063,Av Général Leclerc/Av Maréchal de Lattre de Tassigny/R.St Amand/Av de Verdun/R. Godard,44.855304,-0.613979,Nuit avec éclairage allumé,En agglomération,Intersection à plus de 4 branches,Normale,Deux véhicules - côté,4,2,5,2,1,1,1,0,1,50,2,2,1,0,0,1,29.0,32.0,utilitaire_camion,voiture,5,2,5,1,3
201900015324,2019-09-11 22:00:00,2019,9,11,22,0,33,33039,RUE GUSTAVE EIFFEL,44.79627,-0.53419,Nuit avec éclairage allumé,En agglomération,Giratoire,Normale,Autre collision,4,2,2,0,1,1,1,0,1,50,1,2,1,0,0,1,19.0,,voiture,,5,2,6,1,6
201900015325,2019-09-11 10:45:00,2019,9,11,10,45,31,31555,RTE DE LAUNAGUET,43.63525,1.43816,Plein jour,En agglomération,Hors intersection,Normale,Deux véhicules - côté,3,2,2,1,2,1,1,0,1,50,2,2,1,0,0,1,47.0,30.0,voiture,voiture,1,2,1,1,3
201900015326,2019-09-12 20:35:00,2019,9,12,20,35,27,27229,GAMBETTA (BOULEVARD),49.019333,1.152621,Nuit avec éclairage allumé,En agglomération,Hors intersection,Normale,Deux véhicules - arrière,4,2,4,0,1,1,1,0,1,50,2,2,1,0,0,1,23.0,36.0,deux_roues,voiture,5,2,1,1,2
201900015327,2019-09-12 18:40:00,2019,9,12,18,40,25,25056,FAURE AVENUE EDGAR,47.24437,6.02058,Plein jour,En agglomération,Hors intersection,Normale,Deux véhicules - côté,4,2,3,0,1,1,1,0,1,50,2,2,1,0,1,0,51.0,51.0,voiture,deux_roues,1,2,1,1,3
201900015328,2019-09-11 17:50:00,2019,9,11,17,50,22,22215,PONT NOIR (RUE DU),48.48738,-2.82699,Plein jour,Hors agglomération,Hors intersection,Normale,Trois véhicules et plus - en chaîne,3,2,2,0,1,2,1,0,1,80,3,4,3,0,0,1,20.0,39.0,voiture,voiture,1,1,1,1,4
201900015329,2019-09-11 12:20:00,2019,9,11,12,20,14,14333,SOREL (PLACE ALBERT),49.41694,0.23025,Plein jour,En agglomération,Hors intersection,Normale,Sans collision,4,1,1,0,1,2,1,9,1,5,1,2,1,0,1,0,24.0,,utilitaire_camion,,1,2,1,1,7
201900015330,2019-09-12 10:39:00,2019,9,12,10,39,14,14118,SEULLES  (RUE DE LA),49.17045,-0.3381,Plein jour,En agglomération,Hors intersection,Normale,Sans collision,4,2,2,0,1,1,1,0,1,50,1,3,1,0,2,0,89.0,,utilitaire_camion,,1,2,1,1,7
201900015331,2019-09-12 20:32:00,2019,9,12,20,32,13,13103,CHEMIN SAINT JEAN-RD 68E,43.62618,5.10775,Nuit avec éclairage allumé,En agglomération,Autre intersection,Normale,Trois véhicules et plus - collisions multiples,4,2,2,2,1,1,1,0,1,50,3,3,2,0,0,1,58.0,42.0,voiture,voiture,5,2,9,1,5
201900015332,2019-09-07 02:20:00,2019,9,7,2,20,13,13077,GROUPE MANOUCHIAN (avenue du),43.41133,4.99395,Nuit avec éclairage allumé,En agglomération,Hors intersection,Normale,Autre collision,4,2,2,0,1,4,1,0,1,40,1,3,1,1,0,1,21.0,,voiture,,5,2,1,1,6
201900015333,2019-09-12 23:30:00,2019,9,12,23,30,13,13209,MICHELET (BOULEVARD),43.25137,5.40331,Nuit avec éclairage allumé,En agglomération,Autre intersection,Normale,Autre collision,4,2,6,3,1,1,1,0,1,50,2,1,0,0,0,1,21.0,,deux_roues,,5,2,9,1,6
201900015334,2019-09-12 09:20:00,2019,9,12,9,20,13,13216,GRAWITZ (Bd),43.35647,5.34312,Plein jour,En agglomération,Hors intersection,Normale,Autre collision,4,1,1,0,1,1,1,0,1,50,1,1,0,0,0,1,,,,,1,2,1,1,6
201900015335,2019-09-11 11:30:00,2019,9,11,11,30,13,13210,VERRERIE  (TRAVERSE DE LA),43.279763,5.418407,Plein jour,En agglomération,Intersection en T,Normale,Deux véhicules - côté,4,1,1,0,1,4,1,0,1,50,2,2,1,0,0,1,33.0,20.0,voiture,deux_roues,1,2,3,1,3
201900015336,2019-06-19 02:51:00,2019,6,19,2,51,13,13204,ALEX. FLEMING (BOULEVARD),43.316649,5.398402,Nuit avec éclairage allumé,En agglomération,Hors intersection,Normale,Autre collision,4,1,2,0,2,2,1,0,1,50,1,2,0,0,1,1,,,,,5,2,1,1,6
201900015337,2019-09-05 17:50:00,2019,9,5,17,50,11,11262,CLAPE (RUE DE LA),43.18463,3.00989,Plein jour,En agglomération,Intersection en T,Normale,Deux véhicules - côté,4,2,2,0,1,1,1,9,1,50,2,2,1,0,0,1,57.0,45.0,voiture,deux_roues,1,2,3,1,3
201900015338,2019-09-12 07:30:00,2019,9,12,7,30,6,06159,LEOPOLD II (AVENUE),43.709897,7.318077,Plein jour,En agglomération,Intersection en X,Normale,Deux véhicules - côté,7,2,0,0,3,1,1,0,1,50,2,2,1,0,1,0,54.0,53.0,deux_roues,voiture,1,2,2,1,3
201900015339,2019-09-12 10:20:00,2019,9,12,10,20,75,75119,BD PERIPHERIQUE EXTERIEUR,48.890069,2.396274,Plein jour,En agglomération,Hors intersection,Normale,Deux véhicules - arrière,4,1,4,0,1,1,1,0,1,70,2,2,1,0,0,1,32.0,28.0,voiture,deux_roues,1,2,1,1,2
201900015340,2019-09-12 07:30:00,2019,9,12,7,30,75,75118,BD PERIPHERIQUE EXTERIEUR,48.901208,2.353476,Plein jour,En agglomération,Hors intersection,Normale,Deux véhicules - arrière,4,1,4,0,1,1,1,0,1,70,2,2,1,0,0,1,63.0,42.0,utilitaire_camion,deux_roues,1,2,1,1,2
201900015341,2019-09-12 00:01:00,2019,9,12,0,1,75,75117,ECH MAILLOT,48.8817304,2.2828446,Nuit avec éclairage allumé,En agglomération,Intersection en Y,Normale,Autre collision,4,1,4,0,1,1,1,0,1,70,1,1,0,0,0,1,23.0,,deux_roues,,5,2,4,1,6
201900015342,2019-09-11 09:15:00,2019,9,11,9,15,75,75116,BD PERIPHERIQUE INTERIEUR,48.8739738,2.2756451,Plein jour,En agglomération,Intersection en Y,Normale,Deux véhicules - côté,4,1,4,0,1,1,1,0,1,70,2,2,1,0,0,1,49.0,49.0,deux_roues,voiture,1,2,4,1,3
201900015343,2019-09-11 08:30:00,2019,9,11,8,30,75,75117,BD PERIPHERIQUE INTERIEUR,48.885193,2.287302,Plein jour,En agglomération,Hors intersection,Normale,Sans collision,4,1,4,0,1,1,1,0,1,70,1,1,0,0,0,1,40.0,,deux_roues,,1,2,1,1,7
201900015344,2019-09-11 21:00:00,2019,9,11,21,0,75,75120,BOULEVARD MORTIER,48.877026,2.406521,Nuit avec éclairage allumé,En agglomération,Intersection à plus de 4 branches,Normale,Autre collision,4,3,2,0,1,1,1,0,1,50,1,2,1,0,0,1,29.0,,transport_commun,,5,2,5,1,6
201900015345,2019-09-12 19:05:00,2019,9,12,19,5,75,75119,PLACE SKANDERBEG,48.9007004,2.3715851,Plein jour,En agglomération,Hors intersection,Normale,Deux véhicules - arrière,4,1,3,0,1,3,1,0,1,50,2,3,2,0,0,1,32.0,59.0,voiture,utilitaire_camion,1,2,1,1,2
201900015346,2019-01-24 18:55:00,2019,1,24,18,55,64,64547,Route du fronton - Quartier Arrantz,43.419863,-1.481228,Nuit avec éclairage allumé,En agglomération,Hors intersection,Pluie légère,Sans collision,4,2,2,3,1,1,2,6,1,50,1,1,0,0,1,0,60.0,,deux_roues,,5,2,1,2,7
201900015347,2019-02-05 13:45:00,2019,2,5,13,45,64,64101,rue de l'estibette,43.2086107,-0.2606281,Plein jour,En agglomération,Hors intersection,Pluie légère,Sans collision,3,2,2,0,1,1,1,0,1,50,1,1,0,0,0,1,19.0,,deux_roues,,1,2,1,2,7
201900015348,2019-02-04 18:15:00,2019,2,4,18,15,53,53193,RD 154,47.8969968,-0.6344675,Crépuscule ou aube,Hors agglomération,Hors intersection,Normale,Trois véhicules et plus - en chaîne,3,2,2,0,1,1,2,0,1,80,3,3,2,0,0,1,54.0,76.0,voiture,voiture,2,1,1,1,4
201900015349,2019-02-05 13:50:00,2019,2,5,13,50,21,21094,ROUTE DE LUX,47.500473,5.29358,Plein jour,Hors agglomération,Hors intersection,Temps éblouissant,Deux véhicules - frontale,3,2,2,0,2,1,1,0,1,80,2,2,0,0,2,0,37.0,46.0,voiture,voiture,1,1,1,7,1
201900015350,2019-02-06 07:45:00,2019,2,6,7,45,40,40275,RD 824 PK 22+900,43.8012416,-0.4504395,Crépuscule ou aube,Hors agglomération,Hors intersection,Brouillard / fumée,Trois véhicules et plus - collisions multiples,3,2,2,0,1,1,2,0,1,80,3,4,2,1,1,0,78.0,69.0,voiture,voiture,2,1,1,5,5
201900015351,2019-02-06 18:40:00,2019,2,6,18,40,27,27224,RD24,49.139263,0.872076,Crépuscule ou aube,Hors agglomération,Hors intersection,Pluie légère,Deux véhicules - frontale,3,2,2,0,1,1,2,0,1,80,2,2,1,1,0,0,44.0,20.0,utilitaire_camion,voiture,2,1,1,2,1
201900015352,2019-02-04 10:15:00,2019,2,4,10,15,17,17177,RD 131,45.930537,-0.25143,Plein jour,Hors agglomération,Intersection en X,Normale,Deux véhicules - côté,3,2,2,0,1,1,1,0,1,80,2,2,1,0,1,0,60.0,52.0,voiture,voiture,1,1,2,1,3
201900015353,2019-02-04 16:20:00,2019,2,4,16,20,17,17382,RN 11,46.1998364,-0.7079449,Plein jour,Hors agglomération,Hors intersection,Pluie légère,Deux véhicules - arrière,2,3,4,0,1,1,2,0,1,110,2,2,1,0,1,0,37.0,67.0,voiture,voiture,1,1,1,2,2
201900015354,2019-02-05 10:50:00,2019,2,5,10,50,17,17250,RD 137 - PK 19,45.498788,-0.564879,Plein jour,Hors agglomération,Hors intersection,Pluie légère,Autre collision,3,2,2,0,1,1,2,0,3,80,1,1,0,1,0,0,78.0,,voiture,,1,1,1,2,6
201900015355,2019-02-06 07:55:00,2019,2,6,7,55,37,37156,zone commerciale LES COTEAUX,47.384347,0.82735,Crépuscule ou aube,En agglomération,Autre intersection,Temps couvert,Autre collision,6,-1,-1,0,1,1,1,9,8,50,1,2,1,0,0,1,45.0,,voiture,,2,2,9,8,6
201900015356,2019-02-05 20:43:00,2019,2,5,20,43,68,68228,a35 pk 81+550,47.942771,7.362834,Nuit sans éclairage public,Hors agglomération,Hors intersection,Normale,Deux véhicules - arrière,1,1,4,0,1,1,1,0,2,130,2,2,1,0,0,1,35.0,58.0,voiture,utilitaire_camion,3,1,1,1,2
201900015357,2019-02-04 19:00:00,2019,2,4,19,0,42,42174,A72 pk 97+500,45.74298,4.1782,Crépuscule ou aube,Hors agglomération,Hors intersection,Normale,Trois véhicules et plus - collisions multiples,1,3,4,0,1,1,1,0,1,130,3,3,2,0,0,1,28.0,52.0,voiture,voiture,2,1,1,1,5
201900015358,2019-02-05 18:25:00,2019,2,5,18,25,74,74081,340 avenue André Gaillard,46.073447,6.563468,Nuit avec éclairage allumé,En agglomération,Hors intersection,Normale,Deux véhicules - frontale,3,2,2,0,1,1,1,0,1,50,2,4,2,0,0,2,27.0,28.0,voiture,voiture,5,2,1,1,1
201900015359,2019-02-05 17:26:00,2019,2,5,17,26,64,64510,D933,43.5670618,-0.6623546,Plein jour,Hors agglomération,Hors intersection,Pluie légère,Deux véhicules - frontale,3,2,2,0,2,1,2,0,1,80,2,2,1,1,0,0,76.0,47.0,voiture,utilitaire_camion,1,1,1,2,1
201900015360,2019-02-03 21:05:00,2019,2,3,21,5,83,83133,Autoroute A8 pk 149 sud,43.536469,6.861834,Nuit sans éclairage public,Hors agglomération,Hors intersection,Normale,Deux véhicules - côté,1,2,3,0,2,2,1,0,1,110,2,2,1,0,0,1,25.0,29.0,voiture,voiture,3,1,1,1,3
201900015361,2019-02-06 09:50:00,2019,2,6,9,50,27,27002,Route Nationale 12 - PK 010.500,48.774628,1.105584,Plein jour,Hors agglomération,Intersection en X,Normale,Deux véhicules - côté,2,3,4,0,4,1,2,0,1,90,2,2,1,0,1,0,38.0,87.0,utilitaire_camion,voiture,1,1,2,1,3
201900015362,2019-02-05 12:00:00,2019,2,5,12,0,21,21475,Autoroute A36,47.039513,5.207919,Plein jour,Hors agglomération,Hors intersection,Normale,Autre collision,1,3,4,0,1,1,1,2,8,130,1,1,0,0,1,0,19.0,,voiture,,1,1,1,1,6
201900015363,2019-02-03 21:00:00,2019,2,3,21,0,30,30156,Autoroute A9 - PK 47+100 - Sens NIMES/ORANGE,43.8527984,4.4228869,Nuit sans éclairage public,Hors agglomération,Hors intersection,Normale,Deux véhicules - arrière,1,1,3,0,1,1,1,0,1,130,2,3,1,0,0,2,28.0,56.0,voiture,voiture,3,1,1,1,2