accident_id,datetime,annee,mois,jour,heure,minute,departement,commune_insee,adresse,latitude,longitude,luminosite,agglomeration,intersection,meteo,collision,catr,circ,nbv,vosp,prof,plan,surf,infra,situ,vma,nb_vehicules,nb_usagers,nb_indemnes,nb_tues,nb_blesses_hosp,nb_blesses_legers,age_cond_1,age_cond_2,veh_type_cond_1,veh_type_cond_2,lum_code,agg_code,int_code,atm_code,col_code
201900015638,2019-10-11 23:58:00,2019,10,11,23,58,49,49007,JEAN XXIII AVENUE,47.44741,-0.56193,Nuit avec éclairage allumé,En agglomération,Hors intersection,Normale,Sans collision,4,2,2,0,1,1,1,0,1,60,1,1,0,0,0,1,52.0,,voiture,,5,2,1,1,7
201900015639,2019-10-11 18:25:00,2019,10,11,18,25,49,49007,DEUX CROIX BOULEVARD,47.47901,-0.52828,Plein jour,En agglomération,Hors intersection,Normale,Deux véhicules - arrière,4,2,2,0,1,1,1,0,1,60,2,2,1,0,0,1,24.0,39.0,voiture,voiture,1,2,1,1,2
201900015640,2019-10-11 14:34:00,2019,10,11,14,34,49,49007,CHAUMIN BOULEVARD,47.45058,-0.55607,Plein jour,En agglomération,Hors intersection,Normale,Autre collision,4,2,2,0,1,1,1,0,1,60,1,2,1,0,0,1,34.0,,voiture,,1,2,1,1,6
201900015641,2019-10-11 10:56:00,2019,10,11,10,56,49,49007,LANDEMAURE RUE ET SQUARE,47.44829,-0.55033,Plein jour,En agglomération,Hors intersection,Normale,Deux véhicules - côté,4,2,2,0,1,1,1,0,1,60,2,2,1,0,0,1,38.0,81.0,voiture,voiture,1,2,1,1,3
201900015642,2019-10-10 21:10:00,2019,10,10,21,10,49,49007,TRISTAN SQUARE,47.46857,-0.59834,Crépuscule ou aube,En agglomération,Hors intersection,Normale,Sans collision,4,-1,1,0,1,1,1,0,1,30,1,1,0,0,0,1,19.0,,deux_roues,,2,2,1,1,7
201900015643,2019-10-10 16:49:00,2019,10,10,16,49,49,49007,BOUCHEMAINE ROUTE,47.45392,-0.56865,Plein jour,En agglomération,Hors intersection,Normale,Deux véhicules - côté,4,2,1,0,1,1,1,0,1,60,2,2,1,0,0,1,25.0,11.0,voiture,deux_roues,1,2,1,1,3
201900015644,2019-09-16 18:06:00,2019,9,16,18,6,49,49353,BELLINIERE RUE,47.4561,-0.5118,Plein jour,En agglomération,Hors intersection,Normale,Sans collision,4,2,2,0,1,1,1,0,1,60,1,1,0,0,1,0,38.0,,voiture,,1,2,1,1,7
201900015645,2019-10-10 11:50:00,2019,10,10,11,50,47,47215,COMPTE (lieudit),44.364,0.7222,Plein jour,Hors agglomération,Hors intersection,Normale,Autre collision,3,2,2,0,2,3,1,0,1,70,1,1,0,0,1,0,60.0,,voiture,,1,1,1,1,6
201900015646,2019-10-11 20:08:00,2019,10,11,20,8,45,45147,R DU 19 MARS 1962 - R L MICHEL,47.9412787,1.9066758,Nuit avec éclairage allumé,En agglomération,Intersection en X,Normale,Deux véhicules - côté,4,2,2,0,1,1,1,0,1,50,2,2,1,0,0,1,54.0,23.0,voiture,deux_roues,5,2,2,1,3
201900015647,2019-10-11 18:50:00,2019,10,11,18,50,45,45302,RUE DES FRERES LUMIERE,47.9640331,1.8871902,Plein jour,En agglomération,Hors intersection,Normale,Autre collision,4,2,2,0,1,1,1,0,1,50,1,2,1,0,0,1,32.0,,voiture,,1,2,1,1,6
201900015648,2019-10-16 01:12:00,2019,10,16,1,12,44,44109,RUE PAUL BELLAMY,47.22893,-1.56221,Nuit avec éclairage allumé,En agglomération,Intersection en X,Pluie forte,Deux véhicules - frontale,4,2,0,0,1,1,2,0,1,30,2,4,3,0,0,1,48.0,34.0,voiture,deux_roues,5,2,2,3,1
201900015649,2019-10-10 17:50:00,2019,10,10,17,50,44,44162,RUE JEAN JAURES,47.21966,-1.61476,Plein jour,En agglomération,Hors intersection,Normale,Deux véhicules - frontale,4,2,0,0,1,1,1,0,1,30,2,2,1,0,0,1,15.0,25.0,deux_roues,voiture,1,2,1,1,1
201900015650,2019-10-14 21:15:00,2019,10,14,21,15,44,44109,RUE DE FLEURUS,47.21208,-1.54237,Nuit avec éclairage allumé,En agglomération,Hors intersection,Normale,Deux véhicules - frontale,4,2,0,0,1,1,2,0,1,50,2,2,1,0,0,1,22.0,60.0,deux_roues,voiture,5,2,1,1,1
201900015651,2019-09-28 09:40:00,2019,9,28,9,40,43,43046,CHAMPS-ELYSEES (AVENUE DES),45.05228,3.89735,Plein jour,En agglomération,Hors intersection,Normale,Autre collision,2,2,2,0,1,1,1,0,1,50,1,2,1,0,1,0,70.0,,utilitaire_camion,,1,2,1,1,6
201900015652,2019-10-15 17:25:00,2019,10,15,17,25,42,42187,MACE (RUE JEAN),46.03963,4.07447,Plein jour,En agglomération,Autre intersection,Pluie légère,Deux véhicules - arrière,4,-1,2,0,3,1,2,0,1,50,2,3,1,0,0,2,23.0,15.0,voiture,deux_roues,1,2,9,2,2
201900015653,2019-10-11 07:45:00,2019,10,11,7,45,38,38185,BRENIER (RUE C.),45.19176,5.71843,Crépuscule ou aube,En agglomération,Intersection en X,Normale,Deux véhicules - côté,4,1,1,2,1,1,1,0,1,50,2,2,1,0,0,1,56.0,43.0,deux_roues,voiture,2,2,2,1,3
201900015654,2019-10-11 15:15:00,2019,10,11,15,15,38,38053,JOLIOT CURIE,45.58894,5.26134,Plein jour,En agglomération,Intersection en T,Normale,Deux véhicules - côté,4,2,4,2,1,1,1,0,1,50,2,2,1,0,1,0,26.0,81.0,deux_roues,voiture,1,2,3,1,3
201900015655,2019-10-15 07:45:00,2019,10,15,7,45,37,37261,GRAMMONT (AVENUE DE),47.36485,0.69902,Crépuscule ou aube,En agglomération,Hors intersection,Pluie légère,Deux véhicules - arrière,4,2,4,3,1,1,2,2,1,50,2,2,1,0,0,1,25.0,36.0,voiture,deux_roues,2,2,1,2,2
201900015656,2019-10-14 07:55:00,2019,10,14,7,55,37,37122,JAURES (BOULEVARD JEAN),47.3489532,0.6653111,Crépuscule ou aube,En agglomération,Giratoire,Normale,Deux véhicules - arrière,4,2,2,0,1,2,1,5,1,50,2,2,1,0,0,1,58.0,19.0,voiture,voiture,2,2,6,1,2
201900015657,2019-10-11 19:50:00,2019,10,11,19,50,37,37214,LOIRE (QUAI DE LA),47.39922,0.67399,Nuit avec éclairage allumé,En agglomération,Hors intersection,Normale,Autre collision,4,3,3,0,1,1,1,0,1,50,2,2,0,0,2,0,54.0,53.0,deux_roues,deux_roues,5,2,1,1,6
201900015658,2019-10-11 17:10:00,2019,10,11,17,10,37,37261,SUEDE (RUE DE),47.43132,0.67876,Plein jour,En agglomération,Autre intersection,Normale,Autre collision,4,2,1,0,1,1,1,0,1,50,2,2,1,0,0,1,41.0,28.0,deux_roues,voiture,1,2,9,1,6
201900015659,2019-10-11 07:25:00,2019,10,11,7,25,37,37261,VAILLANT (RUE EDOUARD),47.3897214,0.6947958,Nuit avec éclairage allumé,En agglomération,Hors intersection,Normale,Sans collision,4,2,2,1,1,1,1,0,1,50,1,1,0,0,0,1,47.0,,deux_roues,,5,2,1,1,7
201900015660,2019-10-14 19:10:00,2019,10,14,19,10,35,35238,MAGINOT (AVENUE SERGENT),48.11008,-1.65987,Crépuscule ou aube,En agglomération,Hors intersection,Normale,Autre collision,4,2,2,3,1,1,2,0,1,50,1,2,1,0,0,1,45.0,,transport_commun,,2,2,1,1,6
201900015661,2019-10-14 12:00:00,2019,10,14,12,0,35,35238,LANJUINAIS ( JEAN DENIS),48.10868,-1.68196,Plein jour,En agglomération,Intersection en X,Temps couvert,Deux véhicules - côté,4,2,2,0,1,1,2,0,1,50,2,2,1,0,0,1,29.0,17.0,voiture,deux_roues,1,2,2,8,3
201900015662,2019-10-11 11:50:00,2019,10,11,11,50,35,35238,LORIENT (DE),48.106954,-1.72594,Plein jour,En agglomération,Intersection en T,Normale,Deux véhicules - côté,2,3,4,3,1,1,1,0,1,50,2,3,2,0,0,1,58.0,59.0,voiture,voiture,1,2,3,1,3
201900015663,2019-10-11 08:45:00,2019,10,11,8,45,35,35238,JUGAN (JEANNE),48.11568,-1.64865,Plein jour,En agglomération,Intersection en X,Pluie légère,Deux véhicules - côté,4,-1,2,0,2,1,2,5,1,50,2,2,0,0,0,2,50.0,48.0,voiture,voiture,1,2,2,2,3
201900015664,2019-10-10 21:45:00,2019,10,10,21,45,35,35238,ROCADE 8-9,48.08125,-1.66265,Nuit sans éclairage public,Hors agglomération,Hors intersection,Normale,Deux véhicules - arrière,2,3,4,0,1,1,1,0,1,90,2,2,1,0,0,1,24.0,38.0,voiture,voiture,3,1,1,1,2
201900015665,2019-10-14 22:40:00,2019,10,14,22,40,34,34172,MENDE (ROUTE DE),43.62686,3.86983,Nuit avec éclairage allumé,En agglomération,Intersection en X,Pluie légère,Deux véhicules - frontale,4,2,4,0,1,1,2,0,1,50,2,2,1,0,0,1,20.0,23.0,voiture,deux_roues,5,2,2,2,1
201900015666,2019-10-11 16:30:00,2019,10,11,16,30,34,34172,SOPHORAS (ALLEE DES),43.60086,3.86814,Plein jour,En agglomération,Hors intersection,Normale,Autre collision,4,1,1,0,1,1,1,5,2,50,1,2,0,0,0,2,35.0,,voiture,,1,2,1,1,6
201900015667,2019-10-10 10:35:00,2019,10,10,10,35,34,34172,RECAMBALE (AVENUE DE LA),43.60093,3.84001,Plein jour,En agglomération,Autre intersection,Normale,Deux véhicules - arrière,4,1,3,0,1,1,1,9,1,50,2,3,1,0,0,2,29.0,38.0,voiture,voiture,1,2,9,1,2
201900015668,2019-10-11 08:30:00,2019,10,11,8,30,34,34172,ROQUETURIERE (RUE DE LA),43.63053,3.88549,Plein jour,En agglomération,Intersection en T,Normale,Deux véhicules - côté,4,2,2,0,2,1,1,5,1,50,2,2,1,0,0,1,21.0,57.0,deux_roues,voiture,1,2,3,1,3
201900015669,2019-10-10 08:15:00,2019,10,10,8,15,34,34172,LODEVE (ROUTE DE),43.61537,3.82031,Plein jour,En agglomération,Intersection en X,Normale,Deux véhicules - côté,3,1,1,0,4,2,1,3,1,50,2,2,1,0,0,1,47.0,51.0,deux_roues,voiture,1,2,2,1,3
201900015670,2019-10-09 17:00:00,2019,10,9,17,0,34,34032,DE GAULLE GENERAL (PLACE),43.34489,3.21814,Plein jour,En agglomération,Hors intersection,Normale,Sans collision,6,-1,-1,3,2,1,1,9,1,30,1,2,1,0,0,1,44.0,,transport_commun,,1,2,1,1,7
201900015671,2019-10-14 15:20:00,2019,10,14,15,20,33,33063,BEGLES (RUE DE),44.81529,-0.56535,Plein jour,En agglomération,Intersection en X,Normale,Autre collision,4,2,2,0,1,1,1,0,1,50,1,2,1,0,0,1,64.0,,voiture,,1,2,2,1,6
201900015672,2019-10-11 19:00:00,2019,10,11,19,0,33,33318,ALL DES GLYCINES,44.79273,-0.62828,Nuit avec éclairage allumé,En agglomération,Hors intersection,Normale,Deux véhicules - frontale,6,-1,-1,0,1,1,1,0,1,50,2,2,1,0,0,1,33.0,13.0,voiture,deux_roues,5,2,1,1,1
201900015673,2019-10-13 18:00:00,2019,10,13,18,0,33,33063,CRS JULES LADOUMEGUE,44.89796,-0.57121,Plein jour,En agglomération,Hors intersection,Normale,Autre collision,4,3,4,0,1,1,1,0,1,50,1,1,0,0,1,0,20.0,,deux_roues,,1,2,1,1,6
201900015674,2019-10-13 07:00:00,2019,10,13,7,0,33,33281,ALL DES CONVIVIALES,44.82667,-0.62162,Nuit avec éclairage allumé,En agglomération,Intersection en T,Normale,Deux véhicules - côté,4,2,2,0,1,1,1,0,1,50,2,2,1,0,0,1,28.0,32.0,voiture,deux_roues,5,2,3,1,3
201900015675,2019-10-05 10:40:00,2019,10,5,10,40,33,33063,AVE DES QUARANTE JOURNAUX,44.87889,-0.568439,Plein jour,En agglomération,Intersection en T,Normale,Deux véhicules - côté,4,2,2,0,1,1,1,0,1,30,2,2,1,0,0,1,19.0,19.0,voiture,deux_roues,1,2,3,1,3
201900015676,2019-10-10 17:08:00,2019,10,10,17,8,33,33550,LEOGNAN (RTE DE),44.77061,-0.57813,Plein jour,En agglomération,Intersection en X,Normale,Deux véhicules - frontale,4,2,5,2,1,1,1,0,1,50,2,2,1,0,1,0,31.0,43.0,transport_commun,deux_roues,1,2,2,1,1
201900015677,2019-10-10 13:45:00,2019,10,10,13,45,33,33063,BD JEAN-JACQUES BOSC,44.81541,-0.55172,Plein jour,En agglomération,Intersection en X,Normale,Deux véhicules - arrière,4,2,4,2,2,1,1,0,1,50,2,2,1,0,0,1,52.0,45.0,deux_roues,utilitaire_camion,1,2,2,1,2
201900015678,2019-10-10 08:00:00,2019,10,10,8,0,33,33063,AV LABARDE / IMP NOEL,44.88432,-0.55007,Crépuscule ou aube,En agglomération,Intersection en T,Brouillard / fumée,Deux véhicules - côté,4,2,2,0,1,1,2,0,8,30,2,2,1,0,0,1,61.0,21.0,voiture,deux_roues,2,2,3,5,3
201900015679,2019-10-09 11:45:00,2019,10,9,11,45,33,33318,AVE PASTEUR,44.79919,-0.66318,Plein jour,En agglomération,Intersection en X,Normale,Trois véhicules et plus - collisions multiples,4,2,5,0,1,1,1,0,1,50,3,5,2,0,0,3,19.0,37.0,voiture,voiture,1,2,2,1,5
201900015680,2019-10-13 16:30:00,2019,10,13,16,30,33,33529,D218 / Av. des Hortensias,44.63641,-1.20235,Plein jour,En agglomération,Intersection en X,Normale,Deux véhicules - frontale,3,2,2,0,1,1,1,0,1,30,2,2,1,0,1,0,43.0,61.0,deux_roues,voiture,1,2,2,1,1
201900015681,2019-10-12 17:30:00,2019,10,12,17,30,31,31149,GILET (RUE),43.61169,1.33951,Plein jour,En agglomération,Hors intersection,Normale,Sans collision,4,2,2,0,1,1,1,0,1,50,1,1,0,0,0,1,25.0,,deux_roues,,1,2,1,1,7
201900015682,2019-10-13 01:40:00,2019,10,13,1,40,31,31069,A621,43.63066,1.38199,Nuit avec éclairage allumé,Hors agglomération,Hors intersection,Normale,Autre collision,1,3,4,0,1,2,1,0,1,50,1,1,0,0,1,0,35.0,,voiture,,5,1,1,1,6
201900015683,2019-10-12 20:10:00,2019,10,12,20,10,31,31555,RUE SIMONE BOUDET,43.63155,1.46259,Nuit avec éclairage allumé,En agglomération,Hors intersection,Normale,Deux véhicules - côté,4,2,2,0,1,1,1,0,1,50,2,1,0,0,0,1,57.0,,deux_roues,,5,2,1,1,3
201900015684,2019-10-12 15:50:00,2019,10,12,15,50,31,31555,RTE DE NARBONNE,43.5715,1.45377,Plein jour,En agglomération,Hors intersection,Normale,Autre collision,3,3,2,0,1,1,1,0,1,50,1,3,2,0,1,0,47.0,,voiture,,1,2,1,1,6
201900015685,2019-10-12 12:30:00,2019,10,12,12,30,31,31555,VA007331 A620,43.57418,1.43936,Plein jour,Hors agglomération,Hors intersection,Normale,Deux véhicules - arrière,1,3,4,0,1,1,1,0,1,90,2,7,6,0,0,1,33.0,47.0,voiture,voiture,1,1,1,1,2
201900015686,2019-10-10 20:43:00,2019,10,10,20,43,31,31555,RTE DE BLAGNAC,43.62248,1.40512,Nuit sans éclairage public,Hors agglomération,Hors intersection,Normale,Autre collision,3,2,1,1,1,1,1,0,1,30,1,1,0,0,1,0,,,,,3,1,1,1,6
201900015687,2019-10-10 16:10:00,2019,10,10,16,10,31,31555,AV DE GRANDE BRETAGNE,43.6006,1.41375,Plein jour,En agglomération,Intersection en T,Normale,Deux véhicules - côté,4,2,2,0,1,1,1,0,1,50,2,2,1,0,1,0,52.0,30.0,voiture,deux_roues,1,2,3,1,3
201900015688,2019-10-11 11:30:00,2019,10,11,11,30,30,30189,VINCENT ELOY (RUE),43.8243,4.3436,Plein jour,En agglomération,Hors intersection,Normale,Deux véhicules - côté,4,2,1,0,2,3,1,0,1,50,2,2,1,0,0,1,26.0,55.0,deux_roues,utilitaire_camion,1,2,1,1,3
201900015689,2019-10-15 08:48:00,2019,10,15,8,48,29,29019,KERVERN AUGUSTE,48.40033,-4.48892,Plein jour,En agglomération,Hors intersection,Normale,Autre collision,4,2,1,0,2,1,2,9,1,50,1,2,1,0,0,1,43.0,,voiture,,1,2,1,1,6
201900015690,2019-10-08 10:34:00,2019,10,8,10,34,29,29019,BERLIOZ HECTOR,48.41052,-4.49572,Plein jour,En agglomération,Intersection en X,Normale,Deux véhicules - côté,4,2,0,0,1,1,1,5,1,50,2,3,1,0,0,2,22.0,70.0,voiture,voiture,1,2,2,1,3
201900015691,2019-10-13 19:20:00,2019,10,13,19,20,29,29019,VAUBAN (22 ET 25 A FIN ET PLACE),48.38572,-4.50117,Crépuscule ou aube,En agglomération,Intersection en X,Normale,Deux véhicules - côté,4,2,2,0,3,1,1,0,1,50,2,2,1,0,0,1,24.0,29.0,deux_roues,voiture,2,2,2,1,3
201900015692,2019-10-13 14:15:00,2019,10,13,14,15,29,29019,ROBESPIERRE (DE 33 A 107 ET 26 A 94),48.40733,-4.48976,Plein jour,En agglomération,Intersection en X,Normale,Deux véhicules - arrière,4,-1,2,0,1,1,1,0,1,50,2,2,1,0,0,1,27.0,25.0,deux_roues,voiture,1,2,2,1,2
201900015693,2019-10-12 17:45:00,2019,10,12,17,45,29,29019,VILLENEUVE (RUE),48.4114,-4.45712,Plein jour,En agglomération,Giratoire,Pluie légère,Deux véhicules - côté,4,2,2,0,2,2,2,0,1,30,2,2,1,0,0,1,44.0,23.0,voiture,deux_roues,1,2,6,2,3
201900015694,2019-10-31 17:50:00,2019,10,31,17,50,26,26362,PAPIN RUE DENIS (304),44.92738,4.89248,Nuit avec éclairage allumé,En agglomération,Intersection en T,Normale,Autre collision,4,2,2,1,1,1,2,0,1,50,2,2,1,0,0,1,20.0,15.0,voiture,deux_roues,5,2,3,1,6
201900015695,2019-10-11 08:00:00,2019,10,11,8,0,26,26198,GOURNIER (Avenue de),44.53272,4.73722,Plein jour,Hors agglomération,Hors intersection,Normale,Autre collision,2,2,2,0,1,1,1,0,1,70,1,2,1,0,0,1,52.0,,voiture,,1,1,1,1,6
201900015696,2019-10-14 17:25:00,2019,10,14,17,25,25,25056,DIDEROT BOULEVARD,47.24761,6.03673,Plein jour,En agglomération,Hors intersection,Normale,Deux véhicules - côté,4,2,2,1,1,1,1,0,1,50,2,4,2,0,0,2,23.0,29.0,deux_roues,voiture,1,2,1,1,3
201900015697,2019-10-10 19:00:00,2019,10,10,19,0,22,22360,SAINT-RIVILY (RUE DE),48.488928,-2.75788,Nuit sans éclairage public,En agglomération,Hors intersection,Normale,Deux véhicules - arrière,4,-1,2,0,1,1,1,0,1,50,2,1,0,0,1,0,48.0,,deux_roues,,3,2,1,1,2
201900015698,2019-09-03 14:00:00,2019,9,3,14,0,17,17306,RD 25,45.63933,-1.02525,Plein jour,En agglomération,Giratoire,Normale,Deux véhicules - côté,3,-1,2,0,1,3,1,5,1,50,2,2,1,0,0,1,53.0,53.0,voiture,deux_roues,1,2,6,1,3
201900015699,2019-10-14 13:50:00,2019,10,14,13,50,17,17300,BRIAND   AVENUE ARISTIDE,46.167368,-1.163859,Plein jour,En agglomération,Intersection en X,Normale,Deux véhicules - frontale,4,2,2,0,1,1,1,0,1,50,2,2,1,0,0,1,39.0,55.0,voiture,voiture,1,2,2,1,1
201900015700,2019-10-13 01:15:00,2019,10,13,1,15,17,17300,JOFFRE   BOULEVARD (27-77 et 2-1),46.15792,-1.14232,Nuit avec éclairage allumé,En agglomération,Intersection en X,Pluie légère,Deux véhicules - côté,4,2,-1,0,1,1,2,5,1,50,2,2,0,0,1,1,31.0,50.0,voiture,deux_roues,5,2,2,2,3
201900015701,2019-10-11 17:20:00,2019,10,11,17,20,17,17300,REPUBLIQUE   BOULEVARD DE LA,46.14099,-1.14128,Plein jour,En agglomération,Intersection en X,Normale,Deux véhicules - côté,4,2,2,1,2,1,1,0,1,50,2,2,1,0,0,1,26.0,21.0,voiture,deux_roues,1,2,2,1,3
201900015702,2019-10-11 09:13:00,2019,10,11,9,13,17,17274,Route de Belle Croix,46.16719,-1.09234,Plein jour,Hors agglomération,Intersection en T,Normale,Deux véhicules - côté,3,2,2,0,1,1,1,0,1,80,2,2,1,0,0,1,19.0,25.0,deux_roues,voiture,1,1,3,1,3
201900015703,2019-10-14 14:42:00,2019,10,14,14,42,14,14557,C.D. 27,49.32757,0.08475,Plein jour,Hors agglomération,Hors intersection,Normale,Trois véhicules et plus - en chaîne,3,2,2,0,1,1,1,0,1,80,3,3,2,0,0,1,20.0,41.0,voiture,voiture,1,1,1,1,4
201900015704,2019-10-15 08:00:00,2019,10,15,8,0,14,14327,BELLES PORTES (BOULEVARD DES),49.19761,-0.33267,Crépuscule ou aube,En agglomération,Hors intersection,Normale,Autre collision,4,2,-1,-1,1,1,1,0,1,-1,1,2,1,0,0,1,56.0,,voiture,,2,2,1,1,6
201900015705,2019-10-11 07:30:00,2019,10,11,7,30,14,14341,FALAISE (ROUTE DE),49.15473,-0.34407,Crépuscule ou aube,En agglomération,Intersection en X,Normale,Deux véhicules - frontale,4,2,-1,0,1,1,1,0,1,50,2,2,0,0,0,2,26.0,55.0,deux_roues,deux_roues,2,2,2,1,1
201900015706,2019-10-14 07:50:00,2019,10,14,7,50,13,13117,PIGNES ( CHEMIN DES ),43.42683,5.27939,Plein jour,En agglomération,Hors intersection,Normale,Autre collision,4,2,2,0,1,1,1,0,1,50,2,2,1,0,0,1,59.0,13.0,voiture,deux_roues,1,2,1,1,6
201900015707,2019-09-20 23:30:00,2019,9,20,23,30,13,13056,BARQUIOU CHEMIN DU,43.36457,5.08378,Nuit avec éclairage allumé,En agglomération,Hors intersection,Normale,Deux véhicules - côté,4,2,2,0,2,2,1,0,1,50,2,2,0,0,0,2,37.0,28.0,voiture,voiture,5,2,1,1,3
201900015708,2019-10-15 20:30:00,2019,10,15,20,30,13,13215,1ER ARMEE F (ROND-POINT),43.37353,5.35454,Nuit avec éclairage allumé,En agglomération,Giratoire,Normale,Deux véhicules - côté,4,1,1,0,1,1,1,0,1,50,2,1,0,0,0,1,29.0,,deux_roues,,5,2,6,1,3
201900015709,2019-04-19 06:00:00,2019,4,19,6,0,74,74167,MOULIN DE MARLENS (Marlens),45.765428,6.357087,Crépuscule ou aube,Hors agglomération,Hors intersection,Normale,Trois véhicules et plus - collisions multiples,3,2,2,0,1,1,1,0,1,80,3,4,1,0,0,3,31.0,40.0,voiture,voiture,2,1,1,1,5
201900015710,2019-04-20 14:30:00,2019,4,20,14,30,78,78076,D166 entrée BOISSETS,48.860982,1.592721,Plein jour,Hors agglomération,Hors intersection,Normale,Sans collision,3,-1,2,0,1,2,1,0,3,80,1,1,0,0,0,1,18.0,,voiture,,1,1,1,1,7
201900015711,2019-04-26 06:10:00,2019,4,26,6,10,67,67090,RD468,48.283856,7.655752,Crépuscule ou aube,Hors agglomération,Hors intersection,Pluie légère,Autre collision,3,2,2,0,1,1,2,0,1,80,2,2,1,0,1,0,55.0,52.0,utilitaire_camion,voiture,2,1,1,2,6
201900015712,2019-03-29 20:05:00,2019,3,29,20,5,67,67369,rue des Dahlias,48.861571,7.236613,Crépuscule ou aube,Hors agglomération,Hors intersection,Normale,Sans collision,3,2,2,0,1,2,1,0,3,80,1,1,0,0,1,0,23.0,,deux_roues,,2,1,1,1,7
201900015713,2019-04-26 23:25:00,2019,4,26,23,25,76,76488,CD 925,49.784294,0.609786,Nuit sans éclairage public,Hors agglomération,Intersection en X,Pluie légère,Deux véhicules - frontale,3,2,2,0,1,1,2,5,1,80,2,2,1,0,1,0,22.0,23.0,voiture,voiture,3,1,2,2,1
201900015714,2019-04-26 10:40:00,2019,4,26,10,40,76,76594,Route Départementale 90,49.5106,1.0203,Plein jour,Hors agglomération,Hors intersection,Normale,Deux véhicules - frontale,3,2,2,0,2,3,1,0,1,80,2,3,0,0,1,2,32.0,81.0,voiture,voiture,1,1,1,1,1
201900015715,2019-04-19 17:40:00,2019,4,19,17,40,76,76067,RN31,49.465874,1.628212,Plein jour,Hors agglomération,Hors intersection,Normale,Deux véhicules - frontale,2,2,2,0,2,1,1,0,1,80,2,2,1,0,0,1,19.0,28.0,voiture,voiture,1,1,1,1,1
201900015716,2019-04-20 14:00:00,2019,4,20,14,0,76,76070,Route d'Auffay,49.711245,1.204167,Plein jour,Hors agglomération,Hors intersection,Normale,Sans collision,3,2,2,0,1,4,1,0,1,80,1,2,0,0,2,0,69.0,,deux_roues,,1,1,1,1,7
201900015717,2019-04-29 18:55:00,2019,4,29,18,55,76,76452,,49.547596,1.074292,Crépuscule ou aube,En agglomération,Intersection en Y,Normale,Autre collision,3,2,2,0,4,1,1,0,1,50,1,2,1,0,0,1,28.0,,voiture,,2,2,4,1,6
201900015718,2019-04-23 18:05:00,2019,4,23,18,5,76,76517,4779 route de neufchatel,49.535036,1.212125,Plein jour,Hors agglomération,Intersection en X,Normale,Deux véhicules - côté,3,2,2,0,1,1,1,0,1,80,2,3,1,0,1,1,29.0,27.0,voiture,deux_roues,1,1,2,1,3
201900015719,2019-04-23 10:00:00,2019,4,23,10,0,76,76177,route de cailly,49.596146,1.198242,Plein jour,Hors agglomération,Hors intersection,Normale,Deux véhicules - arrière,3,2,2,0,1,1,1,0,1,80,2,3,2,1,0,0,27.0,67.0,voiture,deux_roues,1,1,1,1,2
201900015720,2019-04-23 14:00:00,2019,4,23,14,0,79,79080,RN 149,46.672312,-0.25766,Plein jour,Hors agglomération,Hors intersection,Normale,Autre collision,2,2,2,0,1,1,1,0,1,80,2,2,1,0,1,0,64.0,52.0,voiture,utilitaire_camion,1,1,1,1,6
201900015721,2019-04-23 12:26:00,2019,4,23,12,26,79,79203,lieu-dit laire,46.975118,-0.064237,Plein jour,Hors agglomération,Intersection en X,Normale,Trois véhicules et plus - collisions multiples,3,2,2,0,1,3,1,0,1,80,3,3,2,1,0,0,35.0,64.0,utilitaire_camion,voiture,1,1,2,1,5
201900015722,2019-04-19 12:30:00,2019,4,19,12,30,79,79210,,46.892571,-0.65329,Plein jour,Hors agglomération,Hors intersection,Normale,Sans collision,3,2,2,0,2,1,1,0,8,80,1,1,0,0,1,0,33.0,,deux_roues,,1,1,1,1,7
201900015723,2019-04-27 21:15:00,2019,4,27,21,15,2B,2B096,RT50 - Lieu Dit Lergie,42.29592,9.179057,Nuit sans éclairage public,Hors agglomération,Hors intersection,Normale,Autre collision,2,2,2,0,1,1,1,0,3,80,1,4,2,0,0,2,20.0,,voiture,,3,1,1,1,6
201900015724,2019-04-26 18:58:00,2019,4,26,18,58,60,60102,Route des Ageux,49.3068257,2.5546217,Plein jour,Hors agglomération,Hors intersection,Normale,Sans collision,4,2,2,0,1,1,1,0,8,80,1,1,0,0,1,0,17.0,,deux_roues,,1,1,1,1,7
201900015725,2019-04-28 06:58:00,2019,4,28,6,58,80,80144,rue de l'église,49.717899,3.096414,Crépuscule ou aube,En agglomération,Hors intersection,Pluie forte,Sans collision,4,2,2,0,1,2,2,0,3,50,1,1,0,0,0,1,36.0,,voiture,,2,2,1,3,7
201900015726,2019-04-26 16:40:00,2019,4,26,16,40,80,80002,rue de cappy,49.839477,2.820806,Plein jour,En agglomération,Hors intersection,Normale,Deux véhicules - arrière,3,2,2,0,1,1,1,0,1,50,2,2,1,0,1,0,37.0,56.0,deux_roues,voiture,1,2,1,1,2
201900015727,2019-04-19 15:45:00,2019,4,19,15,45,80,80680,Croisement Route d'HERLEVILLE et RD 337,49.831266,2.723844,Plein jour,Hors agglomération,Intersection en X,Temps éblouissant,Deux véhicules - côté,3,2,2,0,1,1,1,0,1,80,2,2,1,0,1,0,38.0,56.0,utilitaire_camion,deux_roues,1,1,2,7,3
201900015728,2019-04-21 15:45:00,2019,4,21,15,45,80,80240,RD937,49.922251,2.965216,Plein jour,En agglomération,Hors intersection,Normale,Autre collision,3,2,2,0,1,1,1,0,1,70,2,3,2,0,0,1,73.0,31.0,voiture,voiture,1,2,1,1,6
201900015729,2019-04-21 16:50:00,2019,4,21,16,50,80,80742,DÉPARTEMENTALE 216,50.061713,2.083803,Plein jour,Hors agglomération,Hors intersection,Temps éblouissant,Deux véhicules - côté,3,2,2,0,1,1,1,0,1,-1,2,2,1,0,1,0,30.0,26.0,voiture,deux_roues,1,1,1,7,3