accident_id,datetime,annee,mois,jour,heure,minute,departement,commune_insee,adresse,latitude,longitude,luminosite,agglomeration,intersection,meteo,collision,catr,circ,nbv,vosp,prof,plan,surf,infra,situ,vma,nb_vehicules,nb_usagers,nb_indemnes,nb_tues,nb_blesses_hosp,nb_blesses_legers,age_cond_1,age_cond_2,veh_type_cond_1,veh_type_cond_2,lum_code,agg_code,int_code,atm_code,col_code
201900015823,2019-04-22 04:25:00,2019,4,22,4,25,2,02114,72AB avenue de chateau-thierry,49.044902,3.419407,Nuit avec éclairage allumé,En agglomération,Hors intersection,Normale,Sans collision,3,2,2,0,1,1,1,0,1,50,1,1,0,0,0,1,42.0,,deux_roues,,5,2,1,1,7
201900015824,2019-04-20 09:50:00,2019,4,20,9,50,2,02150,D 967,49.456097,3.670859,Plein jour,Hors agglomération,Hors intersection,Normale,Deux véhicules - côté,3,2,2,0,2,3,1,0,1,80,2,6,0,0,1,5,22.0,42.0,voiture,deux_roues,1,1,1,1,3
201900015825,2019-04-20 18:00:00,2019,4,20,18,0,2,02680,D7,49.582361,3.410341,Plein jour,Hors agglomération,Intersection en X,Normale,Deux véhicules - côté,3,2,2,0,1,1,1,0,1,80,2,2,1,0,0,1,68.0,33.0,voiture,deux_roues,1,1,2,1,3
201900015826,2019-04-24 07:25:00,2019,4,24,7,25,2,02294,D65,49.510119,3.571662,Plein jour,Hors agglomération,Giratoire,Normale,Deux véhicules - côté,3,1,1,0,1,2,1,0,1,50,2,2,0,0,1,1,53.0,25.0,deux_roues,voiture,1,1,6,1,3
201900015827,2019-04-19 00:50:00,2019,4,19,0,50,3,03240,Les Quatre Vents,46.4056643,3.6805406,Nuit sans éclairage public,Hors agglomération,Hors intersection,Normale,Autre collision,3,2,2,0,1,1,1,0,3,80,1,1,0,1,0,0,23.0,,voiture,,3,1,1,1,6
201900015828,2019-04-23 20:17:00,2019,4,23,20,17,3,03118,route de Saint-Priest,46.0812126,3.1781084,Plein jour,Hors agglomération,Hors intersection,Pluie légère,Sans collision,4,2,2,0,1,2,2,0,1,80,1,1,0,0,1,0,21.0,,voiture,,1,1,1,2,7
201900015829,2019-04-21 15:05:00,2019,4,21,15,5,3,03082,65 avenue des Rémorets,46.2753719,2.7378053,Plein jour,En agglomération,Hors intersection,Normale,Deux véhicules - côté,3,2,2,1,1,3,1,0,1,50,2,2,1,0,0,1,69.0,22.0,voiture,deux_roues,1,2,1,1,3
201900015830,2019-04-26 18:15:00,2019,4,26,18,15,3,03193,Le Bouet,46.4827343,2.6173263,Plein jour,Hors agglomération,Hors intersection,Pluie forte,Autre collision,3,2,2,0,1,1,2,0,1,80,1,1,0,0,1,0,57.0,,deux_roues,,1,1,1,3,6
201900015831,2019-04-22 16:40:00,2019,4,22,16,40,3,03048,rue de la Croix Verte,46.6215581,2.8206823,Plein jour,En agglomération,Hors intersection,Normale,Sans collision,3,2,2,0,1,2,1,0,3,50,1,1,0,0,1,0,53.0,,deux_roues,,1,2,1,1,7
201900015832,2019-04-20 16:08:00,2019,4,20,16,8,3,03158,,46.4983482,2.7129063,Plein jour,Hors agglomération,Hors intersection,Normale,Sans collision,3,2,2,0,1,1,1,0,1,80,1,4,3,0,1,0,36.0,,voiture,,1,1,1,1,7
201900015833,2019-04-22 09:00:00,2019,4,22,9,0,3,03155,41 faubourg des Porcelainiers,46.7219211,2.9358923,Plein jour,En agglomération,Hors intersection,Normale,Autre collision,3,2,2,0,1,1,1,0,4,50,1,1,0,1,0,0,80.0,,voiture,,1,2,1,1,6
201900015834,2019-04-26 06:50:00,2019,4,26,6,50,15,15104,Le Pont d'Amont,44.756635,2.275429,Crépuscule ou aube,Hors agglomération,Hors intersection,Pluie légère,Sans collision,4,2,2,0,2,1,2,0,3,80,1,1,0,0,1,0,60.0,,voiture,,2,1,1,2,7
201900015835,2019-04-19 16:45:00,2019,4,19,16,45,1,01056,RD 12,46.033516,5.444619,Plein jour,Hors agglomération,Hors intersection,Normale,Autre collision,3,2,2,0,2,2,1,0,1,80,1,1,0,0,1,0,39.0,,deux_roues,,1,1,1,1,6
201900015836,2019-04-18 16:32:00,2019,4,18,16,32,1,01179,Route de Saint-Laurent,46.266534,4.836912,Plein jour,En agglomération,Autre intersection,Normale,Deux véhicules - côté,3,2,2,0,1,1,1,0,1,80,2,2,1,0,1,0,81.0,41.0,voiture,deux_roues,1,2,9,1,3
201900015837,2019-04-23 07:55:00,2019,4,23,7,55,1,01163,Route de Saint-Amour,46.391377,5.203906,Plein jour,Hors agglomération,Hors intersection,Normale,Sans collision,3,2,2,0,1,1,1,0,3,80,1,1,0,0,0,1,27.0,,voiture,,1,1,1,1,7
201900015838,2019-04-27 15:30:00,2019,4,27,15,30,1,01457,Route de Namary,46.20933,5.012932,Plein jour,Hors agglomération,Hors intersection,Pluie légère,Sans collision,4,2,2,0,1,2,2,0,3,80,1,2,1,0,1,0,21.0,,voiture,,1,1,1,2,7
201900015839,2019-04-26 14:30:00,2019,4,26,14,30,1,01408,Route de Grand Corent,46.224981,5.420168,Plein jour,Hors agglomération,Hors intersection,Normale,Sans collision,3,2,2,0,2,1,1,0,8,80,1,1,0,0,1,0,15.0,,deux_roues,,1,1,1,1,7
201900015840,2019-04-19 10:48:00,2019,4,19,10,48,85,85017,6A 87 PK 077+600,46.89753,-1.0693,Plein jour,Hors agglomération,Hors intersection,Normale,Sans collision,1,3,2,0,1,1,1,0,2,130,1,1,0,0,0,1,61.0,,deux_roues,,1,1,1,1,7
201900015841,2019-04-29 01:25:00,2019,4,29,1,25,70,70245,route départementale 83,47.906265,6.451995,Nuit sans éclairage public,Hors agglomération,Hors intersection,Normale,Autre collision,3,2,2,0,1,2,1,0,3,80,1,1,0,0,1,0,41.0,,voiture,,3,1,1,1,6
201900015842,2019-04-22 03:15:00,2019,4,22,3,15,70,70021,Rue de la Forêt,47.655847,6.598423,Nuit sans éclairage public,Hors agglomération,Hors intersection,Normale,Sans collision,4,2,2,0,1,1,1,0,1,80,1,2,0,0,1,1,28.0,,voiture,,3,1,1,1,7
201900015843,2019-04-21 16:50:00,2019,4,21,16,50,70,70092,D21,47.260804,5.639772,Plein jour,En agglomération,Intersection en X,Normale,Deux véhicules - côté,3,3,3,0,1,1,1,5,1,50,2,3,2,0,1,0,39.0,16.0,voiture,deux_roues,1,2,2,1,3
201900015844,2019-04-28 00:10:00,2019,4,28,0,10,70,70566,croisement D6/D434,47.725141,6.104208,Nuit sans éclairage public,Hors agglomération,Intersection en X,Normale,Autre collision,3,2,2,0,1,1,1,0,3,80,1,1,0,0,1,0,31.0,,voiture,,3,1,2,1,6
201900015845,2019-04-21 19:30:00,2019,4,21,19,30,70,70427,Rue du Vaux,47.749204,5.999041,Plein jour,En agglomération,Intersection en X,Normale,Deux véhicules - frontale,3,2,2,0,2,1,1,0,1,50,2,2,1,0,1,0,41.0,14.0,voiture,deux_roues,1,2,2,1,1
201900015846,2019-03-24 03:15:00,2019,3,24,3,15,26,26229,Route de Buis,44.245841,5.230235,Nuit sans éclairage public,Hors agglomération,Hors intersection,Normale,Deux véhicules - frontale,3,2,2,0,1,1,1,0,1,80,2,2,1,0,1,0,22.0,57.0,voiture,voiture,3,1,1,1,1
201900015847,2019-04-17 17:15:00,2019,4,17,17,15,26,26272,RD4,44.493181,4.875217,Plein jour,Hors agglomération,Hors intersection,Normale,Deux véhicules - frontale,3,2,2,0,2,3,1,0,1,80,2,2,1,0,1,0,49.0,83.0,deux_roues,voiture,1,1,1,1,1
201900015848,2019-04-20 11:00:00,2019,4,20,11,0,26,26056,route de NYONS RD 70,44.571574,5.157385,Plein jour,Hors agglomération,Hors intersection,Normale,Sans collision,3,2,2,0,1,2,1,0,1,80,1,2,0,0,1,1,66.0,,deux_roues,,1,1,1,1,7
201900015849,2019-04-29 09:25:00,2019,4,29,9,25,58,58278,lieu dit la bonne femme,46.963579,3.181516,Plein jour,Hors agglomération,Hors intersection,Normale,Autre collision,3,3,2,0,1,2,1,0,3,70,1,1,0,1,0,0,82.0,,voiture,,1,1,1,1,6
201900015850,2019-04-20 13:00:00,2019,4,20,13,0,58,58046,16 Quai Antoine Lacharme,46.868103,3.644085,Plein jour,En agglomération,Hors intersection,Normale,Autre collision,3,2,2,0,1,1,1,0,4,50,1,1,0,0,0,1,66.0,,voiture,,1,2,1,1,6
201900015851,2019-04-18 16:20:00,2019,4,18,16,20,66,66071,Avenue du Docteur Cartade,42.771494,2.695384,Plein jour,En agglomération,Hors intersection,Normale,Autre collision,6,-1,-1,3,1,1,1,0,8,10,1,2,1,0,0,1,60.0,,transport_commun,,1,2,1,1,6
201900015852,2019-04-20 19:30:00,2019,4,20,19,30,66,66193,nationale 116,42.568184,2.321802,Plein jour,En agglomération,Hors intersection,Normale,Autre collision,2,2,2,0,2,1,1,0,4,50,1,1,0,1,0,0,69.0,,voiture,,1,2,1,1,6
201900015853,2019-04-21 17:40:00,2019,4,21,17,40,66,66053,VC,42.526543,3.058734,Plein jour,Hors agglomération,Hors intersection,Normale,Sans collision,4,2,2,0,2,1,1,0,1,80,1,1,0,0,1,0,29.0,,deux_roues,,1,1,1,1,7
201900015854,2019-04-24 16:34:00,2019,4,24,16,34,66,66206,D115,42.4100181,2.5131344,Plein jour,Hors agglomération,Hors intersection,Normale,Autre collision,3,2,2,0,2,2,1,0,3,80,1,2,0,0,2,0,55.0,,deux_roues,,1,1,1,1,6
201900015855,2019-04-28 02:45:00,2019,4,28,2,45,54,54316,RD958,48.88908,5.932375,Nuit sans éclairage public,Hors agglomération,Hors intersection,Normale,Autre collision,3,2,2,0,2,3,1,0,1,80,1,1,0,1,0,0,24.0,,voiture,,3,1,1,1,6
201900015856,2019-03-22 17:15:00,2019,3,22,17,15,54,54523,Route départementale 974,48.572469,5.961021,Plein jour,Hors agglomération,Hors intersection,Normale,Deux véhicules - frontale,3,2,2,0,4,3,1,0,1,70,2,2,0,0,1,1,66.0,23.0,voiture,voiture,1,1,1,1,1
201900015857,2019-04-27 16:25:00,2019,4,27,16,25,54,54059,Rue de Nomeny,48.83959,6.164075,Plein jour,Hors agglomération,Intersection en X,Normale,Deux véhicules - côté,3,2,2,0,4,1,1,0,1,80,2,2,1,0,1,0,42.0,57.0,voiture,deux_roues,1,1,2,1,3
201900015858,2019-04-19 10:15:00,2019,4,19,10,15,72,72312,La Galopinière,47.955493,-0.122373,Plein jour,Hors agglomération,Hors intersection,Normale,Sans collision,3,2,2,0,1,2,1,0,3,80,1,1,0,0,0,1,75.0,,voiture,,1,1,1,1,7
201900015859,2019-04-26 19:45:00,2019,4,26,19,45,72,72161,le haut du tertre,47.757046,0.581247,Crépuscule ou aube,Hors agglomération,Hors intersection,Pluie légère,Sans collision,3,2,2,0,1,1,2,0,3,80,1,1,0,0,1,0,51.0,,utilitaire_camion,,2,1,1,2,7
201900015860,2019-04-29 12:30:00,2019,4,29,12,30,6,06127,M2565,44.0685019,7.2552587,Plein jour,En agglomération,Intersection en T,Normale,Deux véhicules - côté,7,2,2,0,2,1,1,0,1,30,2,2,1,0,0,1,73.0,48.0,voiture,deux_roues,1,2,3,1,3
201900015861,2019-04-30 15:22:00,2019,4,30,15,22,6,06032,Avenue Prince Rainier III de Monaco,43.725982,7.396285,Plein jour,En agglomération,Hors intersection,Normale,Deux véhicules - arrière,7,3,2,0,2,1,1,0,1,50,2,2,1,0,0,1,43.0,29.0,deux_roues,voiture,1,2,1,1,2
201900015862,2019-04-26 12:35:00,2019,4,26,12,35,6,06059,24 avenue de la liberté,43.72704,7.360059,Plein jour,En agglomération,Hors intersection,Normale,Autre collision,3,2,2,0,1,1,1,0,1,50,1,2,1,0,1,0,36.0,,utilitaire_camion,,1,2,1,1,6
201900015863,2019-04-27 13:45:00,2019,4,27,13,45,6,06062,RD6204 PK 019+850,44.0026961,7.553637,Plein jour,Hors agglomération,Hors intersection,Normale,Sans collision,3,2,2,0,2,2,1,0,1,80,1,1,0,0,1,0,42.0,,deux_roues,,1,1,1,1,7
201900015864,2019-04-23 16:08:00,2019,4,23,16,8,6,06038,383 - 303 RD2085,43.674265,6.97368,Plein jour,En agglomération,Hors intersection,Pluie forte,Deux véhicules - arrière,3,3,2,0,1,1,2,0,1,-1,2,1,0,0,0,1,39.0,,deux_roues,,1,2,1,3,2
201900015865,2019-03-08 06:35:00,2019,3,8,6,35,6,06049,route des gorges,43.742372,7.008238,Crépuscule ou aube,Hors agglomération,Hors intersection,Normale,Sans collision,3,2,2,0,1,1,1,0,1,80,1,1,0,0,1,0,51.0,,deux_roues,,2,1,1,1,7
201900015866,2019-04-20 23:05:00,2019,4,20,23,5,6,06007,1219 Route de Grasse,43.617109,6.921579,Nuit avec éclairage allumé,Hors agglomération,Hors intersection,Normale,Sans collision,3,2,2,0,2,1,1,0,1,90,1,1,0,1,0,0,23.0,,deux_roues,,5,1,1,1,7
201900015867,2019-04-28 08:27:00,2019,4,28,8,27,14,14277,rue des castors,49.088111,-0.348259,Plein jour,En agglomération,Intersection en X,Normale,Deux véhicules - côté,3,2,2,0,1,1,1,5,1,30,2,2,1,0,1,0,40.0,24.0,voiture,deux_roues,1,2,2,1,3
201900015868,2019-04-26 19:40:00,2019,4,26,19,40,14,14287,RD613,49.1361109,-0.231298,Crépuscule ou aube,Hors agglomération,Giratoire,Normale,Deux véhicules - côté,1,3,4,-1,1,1,1,0,1,130,2,3,1,0,0,2,41.0,53.0,utilitaire_camion,voiture,2,1,6,1,3
201900015869,2019-04-21 18:40:00,2019,4,21,18,40,14,14016,rond point - rd675- rd 45,49.255196,0.055554,Plein jour,En agglomération,Giratoire,Normale,Deux véhicules - côté,3,2,2,0,1,1,1,0,1,50,2,2,1,0,0,1,78.0,51.0,voiture,deux_roues,1,2,6,1,3
201900015870,2019-04-22 10:15:00,2019,4,22,10,15,14,14563,Route départementae 140,49.333422,0.266148,Plein jour,Hors agglomération,Hors intersection,Normale,Sans collision,3,2,2,0,2,2,9,2,1,80,1,1,0,0,1,0,62.0,,deux_roues,,1,1,1,1,7
201900015871,2019-04-27 09:35:00,2019,4,27,9,35,14,14716,Route départementale 67 - Lieu-dit l'Espagne,49.191305,-0.721462,Plein jour,Hors agglomération,Intersection en T,Normale,Deux véhicules - côté,3,2,2,0,1,1,2,0,1,80,2,2,1,0,0,1,27.0,33.0,voiture,voiture,1,1,3,1,3
201900015872,2019-04-25 16:50:00,2019,4,25,16,50,14,14298,D199A,49.371848,-1.080654,Plein jour,Hors agglomération,Hors intersection,Pluie légère,Deux véhicules - frontale,3,2,2,0,1,4,2,0,1,80,2,3,2,0,1,0,27.0,46.0,deux_roues,voiture,1,1,1,2,1
201900015873,2019-04-25 09:51:00,2019,4,25,9,51,14,14004,RD613,49.335516,-0.91604,Plein jour,En agglomération,Hors intersection,Temps éblouissant,Deux véhicules - côté,3,2,2,0,1,1,2,0,1,50,2,3,2,0,1,0,55.0,73.0,utilitaire_camion,deux_roues,1,2,1,7,3
201900015874,2019-04-17 10:50:00,2019,4,17,10,50,14,14342,Place de l'hotel de ville,49.319718,-1.10165,Plein jour,En agglomération,Hors intersection,Normale,Autre collision,6,-1,-1,0,1,1,1,0,1,50,1,2,1,0,1,0,82.0,,voiture,,1,2,1,1,6
201900015875,2019-04-19 04:00:00,2019,4,19,4,0,14,14256,Lieu-dit la ville,49.321607,-0.798283,Nuit sans éclairage public,En agglomération,Hors intersection,Normale,Autre collision,3,2,2,0,1,1,1,0,3,50,1,2,0,0,1,1,21.0,,voiture,,3,2,1,1,6
201900015876,2019-04-19 20:15:00,2019,4,19,20,15,14,14543,route de caen,49.20044,-0.480267,Plein jour,En agglomération,Hors intersection,Normale,Trois véhicules et plus - collisions multiples,3,2,2,0,1,1,1,0,1,50,4,4,1,0,1,2,67.0,46.0,voiture,voiture,1,2,1,1,5
201900015877,2019-04-28 05:15:00,2019,4,28,5,15,5,05156,route de la madeleine,44.547448,6.499695,Nuit sans éclairage public,Hors agglomération,Autre intersection,Normale,Sans collision,3,2,2,0,1,2,1,0,8,80,1,2,0,0,0,2,19.0,,voiture,,3,1,9,1,7
201900015878,2019-04-26 12:14:00,2019,4,26,12,14,5,05046,avenue général Nicolas,44.566365,6.495152,Plein jour,En agglomération,Intersection en X,Normale,Sans collision,3,2,2,0,1,1,1,5,6,50,1,4,1,0,0,3,47.0,,voiture,,1,2,2,1,7
201900015879,2019-04-22 17:45:00,2019,4,22,17,45,5,05179,1760 Route de Gap,44.540061,5.840016,Plein jour,En agglomération,Hors intersection,Temps couvert,Deux véhicules - côté,3,2,2,2,2,1,1,0,1,50,2,3,2,0,0,1,53.0,39.0,voiture,deux_roues,1,2,1,8,3
201900015880,2019-04-20 09:50:00,2019,4,20,9,50,50,50549,La Besnastrerie,48.843361,-1.419622,Plein jour,Hors agglomération,Hors intersection,Normale,Trois véhicules et plus - collisions multiples,3,2,2,0,1,1,1,0,1,80,3,4,3,0,1,0,50.0,64.0,utilitaire_camion,voiture,1,1,1,1,5
201900015881,2019-04-20 14:10:00,2019,4,20,14,10,50,50484,La Beduaudière,48.535972,-1.17111,Plein jour,Hors agglomération,Hors intersection,Normale,Deux véhicules - côté,3,2,2,0,1,1,1,0,1,-1,2,2,1,0,1,0,29.0,11.0,voiture,deux_roues,1,1,1,1,3
201900015882,2019-04-20 15:45:00,2019,4,20,15,45,50,50582,Le Moulin Foulon,48.717403,-0.911728,Plein jour,Hors agglomération,Hors intersection,Normale,Deux véhicules - frontale,3,2,2,0,4,3,1,0,1,80,2,3,2,0,1,0,62.0,27.0,voiture,voiture,1,1,1,1,1
201900015883,2019-04-20 16:20:00,2019,4,20,16,20,90,90065,rd465,47.798287,6.839393,Plein jour,Hors agglomération,Hors intersection,Normale,Autre collision,3,2,2,0,2,3,1,0,8,80,1,1,0,0,0,1,32.0,,deux_roues,,1,1,1,1,6
201900015884,2019-04-18 15:15:00,2019,4,18,15,15,90,90065,Pk 11+200,47.760409,6.813715,Plein jour,Hors agglomération,Hors intersection,Normale,Autre collision,3,2,2,0,2,2,1,0,3,90,1,1,0,0,0,1,19.0,,deux_roues,,1,1,1,1,6
201900015885,2019-04-27 05:00:00,2019,4,27,5,0,90,90023,d465,47.699659,6.834972,Nuit sans éclairage public,Hors agglomération,Hors intersection,Pluie forte,Deux véhicules - frontale,3,2,2,0,1,1,2,0,1,80,2,2,1,1,0,0,30.0,62.0,voiture,deux_roues,3,1,1,3,1
201900015886,2019-04-28 09:40:00,2019,4,28,9,40,83,83040,,43.789215,6.635158,Plein jour,Hors agglomération,Hors intersection,Normale,Deux véhicules - frontale,3,2,2,0,1,3,1,0,1,70,2,3,2,1,0,0,23.0,44.0,deux_roues,voiture,1,1,1,1,1
201900015887,2019-03-23 15:45:00,2019,3,23,15,45,83,83139,,43.594249,6.291234,Plein jour,Hors agglomération,Hors intersection,Normale,Deux véhicules - frontale,3,2,2,0,1,4,1,0,1,80,2,2,1,0,1,0,61.0,48.0,deux_roues,voiture,1,1,1,1,1
201900015888,2019-04-28 11:20:00,2019,4,28,11,20,83,83025,D 560,43.524385,5.978788,Plein jour,Hors agglomération,Hors intersection,Normale,Sans collision,3,2,2,0,1,2,1,0,1,80,1,1,0,0,0,1,37.0,,deux_roues,,1,1,1,1,7
201900015889,2019-04-28 05:35:00,2019,4,28,5,35,9,09268,Rue du Mauberme,42.995062,1.140621,Nuit sans éclairage public,Hors agglomération,Hors intersection,Temps couvert,Sans collision,3,2,2,0,2,2,9,8,8,50,1,3,2,0,0,1,28.0,,voiture,,3,1,1,8,7
201900015890,2019-04-18 17:55:00,2019,4,18,17,55,60,60509,,49.3042166,2.604341,Plein jour,En agglomération,Intersection en X,Normale,Deux véhicules - côté,3,2,2,0,1,1,1,0,1,50,2,2,1,0,0,1,67.0,45.0,deux_roues,voiture,1,2,2,1,3
201900015891,2019-03-20 12:20:00,2019,3,20,12,20,60,60441,RN 31 entre PK69 et PK 70,49.40375,2.631704,Plein jour,Hors agglomération,Hors intersection,Normale,Trois véhicules et plus - collisions multiples,2,2,2,0,1,1,1,0,1,80,3,3,2,0,1,0,55.0,37.0,utilitaire_camion,utilitaire_camion,1,1,1,1,5
201900015892,2019-04-21 20:00:00,2019,4,21,20,0,60,60328,D149 X D11,49.5289147,2.0998824,Crépuscule ou aube,Hors agglomération,Intersection en Y,Normale,Deux véhicules - côté,3,2,2,0,3,1,2,0,1,80,2,4,2,0,1,1,26.0,28.0,voiture,deux_roues,2,1,4,1,3
201900015893,2019-04-23 08:10:00,2019,4,23,8,10,60,60155,Rue du Château,49.258949,2.332541,Plein jour,En agglomération,Autre intersection,Normale,Deux véhicules - côté,3,2,2,1,1,1,1,9,1,50,2,3,1,1,1,0,5.0,37.0,deux_roues,utilitaire_camion,1,2,9,1,3
201900015894,2019-04-26 18:00:00,2019,4,26,18,0,60,60405,route communale du tour de ville,49.667957,1.816547,Plein jour,Hors agglomération,Hors intersection,Temps couvert,Sans collision,9,2,2,0,1,1,1,0,1,30,1,5,3,0,2,0,20.0,,voiture,,1,1,1,8,7
201900015895,2019-04-28 11:10:00,2019,4,28,11,10,60,60477,1042 route de la vallée,49.420273,1.913216,Plein jour,En agglomération,Hors intersection,Pluie légère,Autre collision,3,2,2,0,2,2,2,0,1,50,1,1,0,0,1,0,79.0,,voiture,,1,2,1,2,6
201900015896,2019-04-22 12:45:00,2019,4,22,12,45,45,45097,rd35 - Rte de Montcorbon,48.0011294,2.9696855,Plein jour,Hors agglomération,Intersection en X,Normale,Deux véhicules - côté,3,2,2,0,1,1,1,0,1,80,2,2,1,0,1,0,46.0,73.0,voiture,voiture,1,1,2,1,3
201900015897,2019-08-05 20:55:00,2019,8,5,20,55,75,75110,QUAI DE VALMY,48.8728857,2.3637204,Crépuscule ou aube,En agglomération,Intersection en X,Normale,Deux véhicules - côté,4,1,3,0,1,1,1,0,1,30,2,2,0,0,0,2,38.0,31.0,deux_roues,deux_roues,2,2,2,1,3
201900015898,2019-08-05 11:15:00,2019,8,5,11,15,75,75110,RUE DE LANCRY,48.8725499,2.3632908,Plein jour,En agglomération,Intersection en T,Normale,Deux véhicules - arrière,4,2,2,0,1,1,1,0,1,30,2,2,1,0,0,1,31.0,18.0,utilitaire_camion,deux_roues,1,2,3,1,2
201900015899,2019-08-06 12:10:00,2019,8,6,12,10,75,75103,RUE DES ARCHIVES,48.8618457,2.3589218,Plein jour,En agglomération,Autre intersection,Normale,Deux véhicules - arrière,4,1,2,0,1,1,1,0,1,30,2,2,1,0,1,0,38.0,19.0,utilitaire_camion,deux_roues,1,2,9,1,2
201900015900,2019-08-03 21:30:00,2019,8,3,21,30,75,75108,AVENUE WINSTON CHURCHILL,48.8665584,2.313889,Plein jour,En agglomération,Hors intersection,Normale,Autre collision,4,2,8,0,1,1,1,0,1,50,1,2,0,0,1,1,26.0,,deux_roues,,1,2,1,1,6
201900015901,2019-08-01 16:35:00,2019,8,1,16,35,75,75104,BOULEVARD HENRI IV,48.852204,2.365962,Plein jour,En agglomération,Intersection en X,Normale,Deux véhicules - arrière,4,1,2,1,1,1,1,0,1,50,2,2,1,0,0,1,32.0,55.0,deux_roues,utilitaire_camion,1,2,2,1,2
201900015902,2019-08-05 18:40:00,2019,8,5,18,40,94,94081,MARRONNIER (ALL DU),48.786,2.388,Plein jour,En agglomération,Hors intersection,Normale,Autre collision,6,-1,0,0,2,1,1,0,1,30,1,2,1,0,0,1,66.0,,voiture,,1,2,1,1,6
201900015903,2019-08-05 01:55:00,2019,8,5,1,55,94,94081,ROUGET DE L ISLE (AV),48.7828,2.39409,Nuit avec éclairage allumé,En agglomération,Intersection en X,Normale,Deux véhicules - côté,3,2,0,0,1,1,1,0,1,50,2,6,3,0,0,3,21.0,35.0,voiture,voiture,5,2,2,1,3
201900015904,2019-08-06 18:00:00,2019,8,6,18,0,94,94074,ETIENNE DOLET (R),48.74534,2.46392,Plein jour,En agglomération,Giratoire,Normale,Deux véhicules - côté,3,2,0,0,3,1,1,0,1,50,2,2,1,0,0,1,44.0,39.0,voiture,voiture,1,2,6,1,3
201900015905,2019-08-05 08:47:00,2019,8,5,8,47,94,94078,HUIT MAI 1945 (AV DU),48.72783,2.44561,Plein jour,En agglomération,Autre intersection,Normale,Autre collision,2,2,5,0,2,1,1,2,1,50,2,2,1,0,0,1,41.0,35.0,utilitaire_camion,deux_roues,1,2,9,1,6
201900015906,2019-08-03 16:25:00,2019,8,3,16,25,94,94046,GEORGES MEDERIC (R),48.7998004,2.437569,Plein jour,En agglomération,Intersection en X,Normale,Deux véhicules - côté,3,2,0,0,1,1,1,0,1,50,2,2,0,0,0,2,32.0,18.0,deux_roues,deux_roues,1,2,2,1,3
201900015907,2019-08-05 15:30:00,2019,8,5,15,30,94,94016,DIVISION LECLERC (AV DE LA),48.78938,2.33139,Plein jour,En agglomération,Hors intersection,Normale,Autre collision,3,2,2,3,1,1,1,0,4,50,1,1,0,0,0,1,52.0,,voiture,,1,2,1,1,6
201900015908,2019-08-04 15:35:00,2019,8,4,15,35,94,94038,CHALAIS (R DE),48.77325,2.33098,Plein jour,En agglomération,Hors intersection,Normale,Sans collision,4,1,1,0,1,1,1,0,1,50,1,1,0,0,0,1,50.0,,voiture,,1,2,1,1,7
201900015909,2019-08-05 21:10:00,2019,8,5,21,10,94,94011,BOISSY.(AVENUE DE),48.76396,2.49309,Nuit avec éclairage allumé,En agglomération,Hors intersection,Normale,Deux véhicules - arrière,3,2,4,0,1,1,1,0,1,50,2,2,1,0,0,1,43.0,40.0,voiture,deux_roues,5,2,1,1,2
201900015910,2019-08-04 02:35:00,2019,8,4,2,35,94,94022,RONDU (AV),48.75845,2.41305,Nuit avec éclairage allumé,En agglomération,Intersection en X,Normale,Deux véhicules - arrière,4,2,4,0,1,1,1,0,1,50,2,1,0,0,0,1,29.0,,voiture,,5,2,2,1,2
201900015911,2019-08-05 18:20:00,2019,8,5,18,20,94,94079,MONTRICHARD (AV),48.83057,2.54889,Plein jour,En agglomération,Hors intersection,Normale,Deux véhicules - arrière,4,3,2,2,1,1,1,0,1,50,2,2,1,0,0,1,58.0,16.0,transport_commun,deux_roues,1,2,1,1,2
201900015912,2019-08-06 18:40:00,2019,8,6,18,40,94,94044,GENERAL LECLERC (AV DU),48.74561,2.51101,Plein jour,En agglomération,Hors intersection,Temps couvert,Trois véhicules et plus - en chaîne,2,2,2,0,2,1,2,0,1,50,3,4,3,0,0,1,56.0,43.0,deux_roues,voiture,1,2,1,8,4
201900015913,2019-08-05 19:00:00,2019,8,5,19,0,94,94071,ARAGO (R),48.77568,2.51115,Plein jour,En agglomération,Intersection en T,Normale,Deux véhicules - côté,3,2,0,0,1,1,1,0,1,50,2,2,1,0,0,1,54.0,57.0,voiture,voiture,1,2,3,1,3
201900015914,2019-08-06 02:50:00,2019,8,6,2,50,94,94078,ANATOLE FRANCE PROLONGEE (AV),48.74679,2.45279,Nuit avec éclairage allumé,En agglomération,Intersection en T,Normale,Autre collision,4,2,2,0,1,1,1,0,4,50,2,6,1,0,0,5,37.0,29.0,utilitaire_camion,utilitaire_camion,5,2,3,1,6
201900015915,2019-08-05 09:50:00,2019,8,5,9,50,94,94002,EMILE ZOLA (R),48.79974,2.42617,Plein jour,En agglomération,Intersection en T,Normale,Deux véhicules - côté,3,2,2,0,2,1,1,0,1,50,2,2,1,0,0,1,24.0,35.0,voiture,deux_roues,1,2,3,1,3
201900015916,2019-08-06 18:20:00,2019,8,6,18,20,93,93066,LENINE (AVENUE) NR 2 A 26,48.94033,2.36782,Plein jour,En agglomération,Hors intersection,Pluie légère,Deux véhicules - frontale,3,2,4,0,1,1,2,0,1,50,2,3,1,0,0,2,26.0,32.0,voiture,voiture,1,2,1,2,1