accident_id,datetime,annee,mois,jour,heure,minute,departement,commune_insee,adresse,latitude,longitude,luminosite,agglomeration,intersection,meteo,collision,catr,circ,nbv,vosp,prof,plan,surf,infra,situ,vma,nb_vehicules,nb_usagers,nb_indemnes,nb_tues,nb_blesses_hosp,nb_blesses_legers,age_cond_1,age_cond_2,veh_type_cond_1,veh_type_cond_2,lum_code,agg_code,int_code,atm_code,col_code
201900015917,2019-08-05 21:00:00,2019,8,5,21,0,93,93066,"""SEMBAT MARCEL (BD), NR 2 A 66 ET 1 A 47",48.931965,2.353191,Plein jour,En agglomération,Hors intersection,Normale,Autre collision,4,-1,2,0,1,1,1,0,1,50,1,2,1,0,0,1,37.0,,voiture,,1,2,1,1,6
201900015918,2019-08-06 11:20:00,2019,8,6,11,20,93,93066,LENINE (AVENUE) NR 2 A 26,48.9452,2.3602,Plein jour,En agglomération,Autre intersection,Temps couvert,Deux véhicules - arrière,3,1,5,0,3,1,1,0,1,50,2,4,2,0,0,2,58.0,31.0,voiture,transport_commun,1,2,9,8,2
201900015919,2019-08-05 16:30:00,2019,8,5,16,30,93,93066,"""STALINGRAD (AVENUE), NR 88 A 114 BIS""",48.94653,2.37057,Plein jour,En agglomération,Hors intersection,Normale,Deux véhicules - arrière,3,2,4,0,1,1,1,0,1,50,2,3,2,0,0,1,19.0,24.0,voiture,voiture,1,2,1,1,2
201900015920,2019-08-05 18:00:00,2019,8,5,18,0,93,93051,FEDERICO GARCIA LORCA (MAIL),48.83882,2.55691,Plein jour,En agglomération,Intersection en X,Normale,Deux véhicules - frontale,4,1,1,0,1,1,1,0,1,50,2,2,1,0,0,1,24.0,26.0,deux_roues,voiture,1,2,2,1,1
201900015921,2019-08-06 16:15:00,2019,8,6,16,15,93,93048,RIGONDES (RUE DES),48.87084,2.43089,Plein jour,En agglomération,Intersection à plus de 4 branches,Pluie forte,Deux véhicules - côté,4,3,6,0,1,1,2,2,1,50,2,2,1,0,0,1,26.0,29.0,voiture,voiture,1,2,5,3,3
201900015922,2019-08-05 21:50:00,2019,8,5,21,50,93,93006,CARNOT RUE SADI,48.872147,2.42148,Nuit avec éclairage allumé,En agglomération,Hors intersection,Normale,Deux véhicules - côté,3,2,4,3,1,1,1,0,1,50,2,2,1,0,0,1,19.0,29.0,deux_roues,utilitaire_camion,5,2,1,1,3
201900015923,2019-08-04 22:00:00,2019,8,4,22,0,93,93006,STALINGRAD AV.,48.8710586,2.4311661,Nuit avec éclairage allumé,En agglomération,Intersection en T,Normale,Deux véhicules - côté,3,3,0,0,2,1,1,2,1,50,2,2,1,0,0,1,28.0,21.0,deux_roues,autre,5,2,3,1,3
201900015924,2019-08-04 17:30:00,2019,8,4,17,30,93,93031,REPUBLIQUE (AVENUE),48.95008,2.32846,Plein jour,En agglomération,Intersection en X,Normale,Deux véhicules - côté,3,2,2,0,1,1,1,5,1,50,2,2,1,0,1,0,18.0,35.0,deux_roues,voiture,1,2,2,1,3
201900015925,2019-08-06 11:35:00,2019,8,6,11,35,93,93029,ARTHUR FONTAINE,48.91971,2.4558,Plein jour,En agglomération,Hors intersection,Normale,Autre collision,4,1,1,0,1,1,1,0,1,50,1,2,1,0,0,1,38.0,,voiture,,1,2,1,1,6
201900015926,2019-08-06 10:30:00,2019,8,6,10,30,93,93008,JAURES (AVENUE JEAN),48.9021,2.44053,Plein jour,En agglomération,Hors intersection,Normale,Deux véhicules - frontale,3,3,2,0,1,1,1,0,1,50,2,2,1,0,1,0,20.0,45.0,deux_roues,utilitaire_camion,1,2,1,1,1
201900015927,2019-08-05 20:00:00,2019,8,5,20,0,93,93008,ELUARD (AVENUE PAUL),48.9077712,2.4443634,Plein jour,En agglomération,Hors intersection,Normale,Deux véhicules - côté,4,2,2,0,1,1,1,0,3,50,2,2,1,0,0,1,46.0,13.0,voiture,deux_roues,1,2,1,1,3
201900015928,2019-08-05 19:50:00,2019,8,5,19,50,93,93007,"""DESCARTES (AVENUE """"DU 43AU 180"""")Z2""",48.94134,2.46436,Plein jour,En agglomération,Intersection en X,Normale,Deux véhicules - frontale,3,4,2,0,1,1,1,0,3,50,2,2,1,0,0,1,51.0,21.0,utilitaire_camion,voiture,1,2,2,1,1
201900015929,2019-08-03 23:40:00,2019,8,3,23,40,93,93007,PASTEUR (AVENUE),48.9404,2.47049,Nuit avec éclairage allumé,En agglomération,Intersection en Y,Normale,Deux véhicules - côté,3,2,2,0,1,1,1,0,1,50,2,4,2,0,0,2,28.0,37.0,voiture,voiture,5,2,4,1,3
201900015930,2019-08-04 12:55:00,2019,8,4,12,55,92,92046,GABRIEL PERI,48.819557,2.3061392,Plein jour,En agglomération,Intersection en X,Normale,Deux véhicules - côté,3,2,2,0,1,1,1,0,1,50,2,2,1,0,0,1,49.0,27.0,voiture,deux_roues,1,2,2,1,3
201900015931,2019-08-04 17:00:00,2019,8,4,17,0,92,92077,SEVRES (RUE DE),48.8263,2.19267,Plein jour,En agglomération,Hors intersection,Normale,Autre collision,3,2,2,0,2,1,1,0,1,50,1,1,0,0,0,1,,,,,1,2,1,1,6
201900015932,2019-08-06 11:05:00,2019,8,6,11,5,92,92062,LAFARGUES (RUE PAUL),48.8854,2.2473,Plein jour,En agglomération,Intersection en T,Normale,Deux véhicules - frontale,4,1,1,0,1,1,1,0,1,50,2,2,1,0,0,1,35.0,27.0,voiture,deux_roues,1,2,3,1,1
201900015933,2019-08-04 17:15:00,2019,8,4,17,15,92,92062,POUEY (RUE LOUIS) N° 1 A 9,48.88857,2.23597,Plein jour,En agglomération,Hors intersection,Normale,Autre collision,9,-1,2,0,2,1,1,0,1,50,1,2,1,0,0,1,21.0,,voiture,,1,2,1,1,6
201900015934,2019-08-05 15:10:00,2019,8,5,15,10,92,92044,MARJOLIN (RUE) 1A13 ET 2A20,48.89637,2.29149,Plein jour,En agglomération,Intersection en T,Normale,Deux véhicules - côté,4,1,1,0,1,1,1,0,1,50,2,2,1,0,0,1,51.0,44.0,deux_roues,voiture,1,2,3,1,3
201900015935,2019-08-04 09:05:00,2019,8,4,9,5,92,92035,République ( boulevard de la ),48.9069363,2.2440309,Plein jour,En agglomération,Intersection en T,Normale,Deux véhicules - côté,3,2,2,0,1,1,1,0,1,50,2,2,1,0,0,1,49.0,51.0,deux_roues,voiture,1,2,3,1,3
201900015936,2019-08-06 09:05:00,2019,8,6,9,5,92,92026,COLOMBES,48.89677,2.25641,Plein jour,En agglomération,Intersection en X,Normale,Deux véhicules - frontale,3,3,6,0,1,1,1,0,1,30,2,2,1,0,0,1,35.0,40.0,deux_roues,utilitaire_camion,1,2,2,1,1
201900015937,2019-08-02 23:44:00,2019,8,2,23,44,22,22197,"RN 137, PK 99 + 400",48.520847,-1.915005,Nuit sans éclairage public,Hors agglomération,Hors intersection,Normale,Deux véhicules - arrière,2,3,4,0,1,1,1,9,8,110,2,7,1,0,4,2,48.0,36.0,voiture,voiture,3,1,1,1,2
201900015938,2019-08-02 14:00:00,2019,8,2,14,0,63,63307,RD2089,45.741922,3.106231,Plein jour,En agglomération,Hors intersection,Normale,Deux véhicules - côté,3,3,4,0,1,1,1,0,1,110,2,2,1,0,1,0,31.0,46.0,voiture,deux_roues,1,2,1,1,3
201900015939,2019-08-04 10:10:00,2019,8,4,10,10,37,37116,RD 47,47.673672,0.761299,Plein jour,Hors agglomération,Hors intersection,Normale,Deux véhicules - côté,3,2,2,0,1,1,1,0,1,80,2,2,1,0,1,0,68.0,61.0,voiture,voiture,1,1,1,1,3
201900015940,2019-08-03 16:25:00,2019,8,3,16,25,47,47044,Lasto Ounos,44.67345,0.579366,Plein jour,Hors agglomération,Hors intersection,Normale,Autre collision,2,2,2,0,1,1,1,0,3,80,1,2,1,0,1,0,71.0,,voiture,,1,1,1,1,6
201900015941,2019-08-04 17:10:00,2019,8,4,17,10,62,62550,Rd 349,50.371441,2.029214,Plein jour,En agglomération,Giratoire,Normale,Deux véhicules - côté,3,2,2,0,1,2,1,5,1,50,2,2,1,0,0,1,30.0,64.0,deux_roues,voiture,1,2,6,1,3
201900015942,2019-08-07 14:15:00,2019,8,7,14,15,2A,2A272,T40,41.672084,8.909527,Plein jour,En agglomération,Intersection en T,Normale,Deux véhicules - côté,2,2,2,0,2,1,1,5,1,50,2,2,1,0,1,0,26.0,21.0,deux_roues,voiture,1,2,3,1,3
201900015943,2019-08-06 07:55:00,2019,8,6,7,55,2A,2A272,D268,41.64281,8.95742,Plein jour,Hors agglomération,Intersection en T,Normale,Autre collision,2,2,3,3,1,1,1,5,1,80,1,2,0,0,0,2,83.0,,voiture,,1,1,3,1,6
201900015944,2019-07-12 22:45:00,2019,7,12,22,45,26,26174,D538,45.14605,5.034733,Nuit avec éclairage allumé,En agglomération,Hors intersection,Normale,Autre collision,3,2,2,0,1,4,1,0,1,50,1,1,0,0,0,1,50.0,,deux_roues,,5,2,1,1,6
201900015945,2019-07-20 19:30:00,2019,7,20,19,30,24,24309,Avenue de Bordeaux,45.093692,0.472724,Plein jour,En agglomération,Intersection en X,Normale,Deux véhicules - frontale,3,2,2,0,1,1,1,0,1,50,2,2,1,0,0,1,81.0,18.0,voiture,deux_roues,1,2,2,1,1
201900015946,2019-08-03 18:45:00,2019,8,3,18,45,38,38336,N 7,45.48933,4.82876,Plein jour,En agglomération,Intersection en T,Normale,Deux véhicules - côté,2,2,2,0,4,1,1,0,1,50,2,3,0,0,1,2,56.0,25.0,deux_roues,voiture,1,2,3,1,3
201900015947,2019-08-05 10:15:00,2019,8,5,10,15,6,06114,Route de Levens,43.7487643,7.2855004,Plein jour,Hors agglomération,Intersection en X,Normale,Deux véhicules - côté,7,2,2,0,1,1,1,0,1,-1,2,2,1,0,1,0,49.0,52.0,utilitaire_camion,deux_roues,1,1,2,1,3
201900015948,2019-08-05 09:25:00,2019,8,5,9,25,74,74268,A 41 PR 127+340,45.8886036,6.0839036,Plein jour,Hors agglomération,Hors intersection,Normale,Deux véhicules - arrière,1,3,2,0,1,1,1,0,2,110,2,4,2,0,1,1,30.0,62.0,utilitaire_camion,voiture,1,1,1,1,2
201900015949,2019-08-04 18:45:00,2019,8,4,18,45,22,22182,RUE DU CHEMIN VERT,48.5517148,-2.9492439,Plein jour,En agglomération,Hors intersection,Normale,Sans collision,4,2,2,0,1,2,1,0,1,50,1,2,1,0,1,0,48.0,,autre,,1,2,1,1,7
201900015950,2019-08-03 16:20:00,2019,8,3,16,20,41,41031,D77 - Ornay,47.519183,1.363198,Plein jour,En agglomération,Hors intersection,Normale,Deux véhicules - frontale,3,2,2,0,1,1,1,0,1,50,2,2,1,0,1,0,28.0,31.0,voiture,voiture,1,2,1,1,1
201900015951,2019-08-04 18:25:00,2019,8,4,18,25,45,45334,"RD 88, pk 09+610",47.8734311,2.4385414,Plein jour,Hors agglomération,Hors intersection,Normale,Sans collision,3,2,2,0,1,3,1,0,1,70,1,1,0,0,1,0,38.0,,deux_roues,,1,1,1,1,7
201900015952,2019-08-05 06:05:00,2019,8,5,6,5,33,33221,La Noëlle,44.56422,0.043441,Nuit sans éclairage public,Hors agglomération,Hors intersection,Normale,Deux véhicules - arrière,3,2,2,0,1,1,1,0,1,70,2,2,1,1,0,0,62.0,49.0,deux_roues,voiture,3,1,1,1,2
201900015953,2019-08-01 12:00:00,2019,8,1,12,0,34,34115,D25,43.93255,3.668403,Plein jour,Hors agglomération,Hors intersection,Normale,Deux véhicules - frontale,3,2,2,0,1,1,1,0,1,-1,2,2,1,0,1,0,36.0,54.0,voiture,deux_roues,1,1,1,1,1
201900015954,2019-08-04 21:30:00,2019,8,4,21,30,18,18243,D926,47.499638,2.760172,Crépuscule ou aube,Hors agglomération,Hors intersection,Normale,Autre collision,3,2,2,0,1,3,1,0,3,80,1,1,0,0,1,0,16.0,,voiture,,2,1,1,1,6
201900015955,2019-08-03 19:40:00,2019,8,3,19,40,84,84069,Cours des Isnards,44.174467,5.132756,Plein jour,En agglomération,Hors intersection,Normale,Autre collision,3,2,2,0,1,1,1,0,1,50,1,3,2,0,1,0,23.0,,voiture,,1,2,1,1,6
201900015956,2019-08-02 17:30:00,2019,8,2,17,30,31,31113,Impasse des Genêts,43.518581,1.507105,Plein jour,En agglomération,Intersection en T,Normale,Deux véhicules - côté,4,2,2,0,1,1,1,0,4,50,2,2,1,0,1,0,59.0,29.0,deux_roues,voiture,1,2,3,1,3
201900015957,2019-08-05 04:13:00,2019,8,5,4,13,28,28269,Autoroute A11 PK 62+500 sens Province/PARIS,48.397774,1.497191,Nuit sans éclairage public,Hors agglomération,Hors intersection,Normale,Deux véhicules - arrière,1,3,5,0,1,1,1,0,1,130,2,2,1,0,1,0,41.0,25.0,utilitaire_camion,voiture,3,1,1,1,2
201900015958,2019-08-05 16:20:00,2019,8,5,16,20,974,97422,244 Rue des Flamboyants,-21.274092,55.497524,Plein jour,Hors agglomération,Hors intersection,Normale,Autre collision,3,2,2,0,1,1,1,0,1,80,1,2,1,0,0,1,41.0,,utilitaire_camion,,1,1,1,1,6
201900015959,2019-08-07 16:30:00,2019,8,7,16,30,974,97412,178 Rue Marcel Pagnol,-21.371168,55.673437,Plein jour,Hors agglomération,Hors intersection,Normale,Deux véhicules - côté,2,2,2,0,1,1,1,0,1,90,2,3,2,0,0,1,43.0,64.0,voiture,deux_roues,1,1,1,1,3
201900015960,2019-08-04 02:45:00,2019,8,4,2,45,972,97212,D1,14.701042,-60.983844,Nuit avec éclairage non allumé,Hors agglomération,Hors intersection,Normale,Sans collision,3,2,2,0,1,2,1,0,3,70,1,1,0,0,1,0,34.0,,deux_roues,,4,1,1,1,7
201900015961,2019-08-07 05:05:00,2019,8,7,5,5,972,97207,ROUTE DEPARTEMENTALE 5,14.570993,-60.96024,Crépuscule ou aube,Hors agglomération,Hors intersection,Pluie légère,Autre collision,3,2,2,0,2,2,2,0,1,50,1,2,1,0,1,0,20.0,,voiture,,2,1,1,2,6
201900015962,2019-08-04 18:10:00,2019,8,4,18,10,62,62662,route de garvelines,50.839943,2.083095,Plein jour,Hors agglomération,Hors intersection,Normale,Deux véhicules - frontale,3,-1,2,0,1,3,1,0,1,70,2,6,0,0,0,6,31.0,36.0,voiture,voiture,1,1,1,1,1
201900015963,2019-08-05 19:05:00,2019,8,5,19,5,1,01446,100 Route de Villefranche,46.021013,4.836219,Plein jour,En agglomération,Intersection en X,Pluie légère,Deux véhicules - côté,3,2,2,0,1,1,2,0,1,30,2,3,1,0,1,1,49.0,54.0,voiture,deux_roues,1,2,2,2,3
201900015964,2019-08-04 10:40:00,2019,8,4,10,40,1,01353,545 Rue du Marry,45.967454,4.8033593,Plein jour,En agglomération,Intersection en T,Normale,Deux véhicules - frontale,3,2,2,0,1,1,1,0,1,50,2,2,1,0,1,0,31.0,21.0,deux_roues,voiture,1,2,3,1,1
201900015965,2019-08-06 21:06:00,2019,8,6,21,6,68,68300,Avenue du Général de Gaulle,47.775935,7.379203,Nuit avec éclairage allumé,En agglomération,Hors intersection,Pluie forte,Deux véhicules - côté,3,3,4,0,1,1,2,3,1,50,2,9,3,0,2,4,31.0,46.0,voiture,voiture,5,2,1,3,3
201900015966,2019-07-27 14:20:00,2019,7,27,14,20,21,21128,A6,47.278963,4.510097,Plein jour,Hors agglomération,Hors intersection,Pluie légère,Autre collision,1,3,4,0,1,1,1,0,8,130,1,4,3,0,1,0,61.0,,voiture,,1,1,1,2,6
201900015967,2019-08-04 18:15:00,2019,8,4,18,15,83,83100,La Basse Ruol RN97,43.26292,6.111437,Plein jour,Hors agglomération,Hors intersection,Normale,Deux véhicules - côté,3,2,2,0,1,1,1,0,1,80,2,2,0,0,1,1,57.0,41.0,voiture,deux_roues,1,1,1,1,3
201900015968,2019-08-07 13:44:00,2019,8,7,13,44,1,01354,D35A PR000+25,46.252791,6.044182,Plein jour,Hors agglomération,Hors intersection,Temps couvert,Deux véhicules - côté,3,2,2,0,1,1,2,0,1,80,2,2,1,0,0,1,58.0,54.0,voiture,utilitaire_camion,1,1,1,8,3
201900015969,2019-08-05 11:20:00,2019,8,5,11,20,1,01354,d884,46.239188,6.032587,Plein jour,Hors agglomération,Hors intersection,Normale,Sans collision,3,1,4,0,1,1,1,0,1,110,1,1,0,0,0,1,33.0,,utilitaire_camion,,1,1,1,1,7
201900015970,2019-08-05 18:45:00,2019,8,5,18,45,72,72008,Boulevard Pierre Lefaucheux,47.940359,0.184783,Plein jour,En agglomération,Hors intersection,Normale,Deux véhicules - côté,3,4,4,0,1,1,1,5,1,50,2,3,1,0,0,2,40.0,27.0,voiture,voiture,1,2,1,1,3
201900015971,2019-08-02 08:45:00,2019,8,2,8,45,44,44076,rd29,47.632376,-1.602055,Plein jour,Hors agglomération,Hors intersection,Normale,Deux véhicules - frontale,3,2,2,0,1,2,1,0,1,70,2,2,0,0,1,1,72.0,20.0,utilitaire_camion,utilitaire_camion,1,1,1,1,1
201900015972,2019-08-07 06:15:00,2019,8,7,6,15,15,15207,"A 75, PK 77, sens Nord/Sud",45.174608,3.168526,Crépuscule ou aube,Hors agglomération,Hors intersection,Pluie forte,Sans collision,1,3,4,0,2,1,2,0,8,130,1,4,3,1,0,0,33.0,,voiture,,2,1,1,3,7
201900015973,2019-08-07 15:35:00,2019,8,7,15,35,71,71462,D673 - PR 16+400,46.85431,5.024799,Plein jour,Hors agglomération,Intersection en T,Normale,Trois véhicules et plus - collisions multiples,3,2,2,0,2,1,1,0,1,80,3,3,1,1,0,1,24.0,35.0,utilitaire_camion,voiture,1,1,3,1,5
201900015974,2019-07-20 18:56:00,2019,7,20,18,56,87,87001,Saint-Gerald,45.795739,1.135774,Plein jour,En agglomération,Hors intersection,Normale,Deux véhicules - frontale,2,2,2,0,1,1,1,0,1,50,2,3,0,0,1,2,40.0,50.0,voiture,voiture,1,2,1,1,1
201900015975,2019-08-05 12:05:00,2019,8,5,12,5,77,77240,D934 X D66B,48.7849428,3.2719572,Plein jour,Hors agglomération,Intersection en T,Normale,Deux véhicules - côté,3,2,2,0,3,1,1,0,1,80,2,4,0,0,0,4,22.0,50.0,voiture,voiture,1,1,3,1,3
201900015976,2019-08-05 16:00:00,2019,8,5,16,0,40,40246,route de commensacq,44.147441,-0.740208,Plein jour,Hors agglomération,Hors intersection,Normale,Autre collision,3,2,2,0,1,1,1,0,3,80,1,1,0,0,1,0,25.0,,voiture,,1,1,1,1,6
201900015977,2019-08-02 03:15:00,2019,8,2,3,15,40,40156,RD10E,44.309052,-0.874005,Nuit sans éclairage public,Hors agglomération,Hors intersection,Normale,Sans collision,3,2,2,0,1,1,1,0,3,80,1,1,0,0,1,0,18.0,,voiture,,3,1,1,1,7
201900015978,2019-08-04 17:20:00,2019,8,4,17,20,57,57001,ROUTE D'ABONCURT - D918,49.2636576,6.3460475,Plein jour,Hors agglomération,Hors intersection,Normale,Autre collision,3,2,2,0,2,3,1,0,3,80,2,2,0,0,1,1,21.0,23.0,deux_roues,deux_roues,1,1,1,1,6
201900015979,2019-08-03 17:37:00,2019,8,3,17,37,57,57541,D662,48.997185,7.508723,Plein jour,Hors agglomération,Hors intersection,Normale,Deux véhicules - frontale,3,2,2,0,1,3,1,0,1,70,2,5,3,0,2,0,50.0,32.0,voiture,voiture,1,1,1,1,1
201900015980,2019-08-03 18:50:00,2019,8,3,18,50,57,57028,Rue de Chailly Rugy,49.209763,6.210338,Plein jour,Hors agglomération,Giratoire,Normale,Sans collision,3,2,2,0,1,3,1,0,1,-1,1,1,0,0,1,0,55.0,,deux_roues,,1,1,6,1,7
201900015981,2019-08-06 16:11:00,2019,8,6,16,11,4,04205,RD 900 Chantemerle,44.334021,6.388695,Plein jour,Hors agglomération,Hors intersection,Normale,Deux véhicules - côté,3,2,2,0,2,2,1,0,1,80,2,2,1,0,1,0,70.0,21.0,voiture,deux_roues,1,1,1,1,3
201900015982,2019-08-01 11:40:00,2019,8,1,11,40,89,89411,rue la grève,48.165748,3.419503,Plein jour,En agglomération,Intersection en Y,Normale,Deux véhicules - arrière,3,2,2,0,1,1,1,0,1,50,2,3,0,0,0,3,39.0,16.0,voiture,deux_roues,1,2,4,1,2
201900015983,2019-08-04 08:00:00,2019,8,4,8,0,56,56035,Le Gueffro RD 8,47.843714,-2.323958,Plein jour,Hors agglomération,Hors intersection,Normale,Deux véhicules - frontale,3,2,2,0,1,3,1,0,1,80,2,3,1,0,0,2,25.0,72.0,voiture,voiture,1,1,1,1,1
201900015984,2019-08-06 09:20:00,2019,8,6,9,20,56,56034,Route de Pen Er Lann,47.597429,-3.084162,Plein jour,Hors agglomération,Hors intersection,Pluie légère,Deux véhicules - frontale,4,2,2,0,1,3,2,0,1,70,2,2,0,0,0,2,34.0,31.0,utilitaire_camion,voiture,1,1,1,2,1
201900015985,2019-08-07 08:00:00,2019,8,7,8,0,74,74267,RD 1508 en face du 295 Route de Piron (Sévrier),45.843477,6.151163,Plein jour,En agglomération,Hors intersection,Pluie légère,Deux véhicules - côté,3,2,2,0,1,1,2,6,1,70,2,2,1,0,1,0,60.0,81.0,voiture,deux_roues,1,2,1,2,3
201900015986,2019-08-06 10:35:00,2019,8,6,10,35,67,67281,Intersection CD10 et CD20,48.147169,7.578764,Plein jour,Hors agglomération,Intersection en T,Normale,Deux véhicules - côté,3,2,2,0,1,1,1,0,1,80,2,3,1,0,2,0,44.0,48.0,utilitaire_camion,autre,1,1,3,1,3
201900015987,2019-08-06 19:00:00,2019,8,6,19,0,76,76493,Route départementale 79 76460 PALUEL,49.850695,0.645577,Plein jour,Hors agglomération,Intersection en T,Normale,Sans collision,3,2,2,0,1,1,1,0,1,80,1,2,0,0,2,0,16.0,,deux_roues,,1,1,3,1,7
201900015988,2019-08-06 09:50:00,2019,8,6,9,50,76,76752,Rue Jacques Ferny,49.668393,0.897615,Plein jour,En agglomération,Hors intersection,Normale,Autre collision,3,2,2,0,1,1,1,9,1,50,1,2,1,0,1,0,73.0,,voiture,,1,2,1,1,6
201900015989,2019-07-24 19:41:00,2019,7,24,19,41,76,76531,Route des Forrières,49.671054,0.718448,Plein jour,Hors agglomération,Intersection en X,Normale,Deux véhicules - côté,3,2,2,0,1,1,1,0,1,80,2,2,1,0,1,0,36.0,40.0,voiture,voiture,1,1,2,1,3
201900015990,2019-08-05 19:45:00,2019,8,5,19,45,79,79003,Route de Niort,46.29851,-0.427391,Plein jour,En agglomération,Intersection en T,Normale,Deux véhicules - côté,3,2,3,1,1,1,1,0,1,30,2,5,3,0,1,1,40.0,36.0,voiture,deux_roues,1,2,3,1,3
201900015991,2019-08-04 11:50:00,2019,8,4,11,50,79,79059,,46.547938,-0.60182,Plein jour,Hors agglomération,Intersection en X,Normale,Sans collision,3,2,2,0,1,1,1,5,1,80,1,1,0,0,0,1,58.0,,deux_roues,,1,1,2,1,7
201900015992,2019-08-07 15:40:00,2019,8,7,15,40,60,60036,"route de picardie, D75",49.3904495,2.5781367,Plein jour,Hors agglomération,Intersection en T,Normale,Deux véhicules - frontale,3,2,2,0,1,1,1,0,1,80,2,2,1,0,0,1,16.0,28.0,deux_roues,voiture,1,1,3,1,1
201900015993,2019-08-05 13:15:00,2019,8,5,13,15,80,80801,RD 1029,49.875782,2.870156,Plein jour,Hors agglomération,Hors intersection,Normale,Deux véhicules - frontale,3,2,2,0,1,1,1,0,1,80,2,2,0,1,0,1,47.0,49.0,voiture,voiture,1,1,1,1,1
201900015994,2019-08-05 13:40:00,2019,8,5,13,40,82,82094,Tayssou,44.236385,1.141822,Plein jour,Hors agglomération,Hors intersection,Normale,Sans collision,3,2,2,0,1,1,1,0,3,80,1,1,0,0,1,0,50.0,,voiture,,1,1,1,1,7
201900015995,2019-06-16 17:10:00,2019,6,16,17,10,65,65032,D918,42.961308,-0.245958,Plein jour,Hors agglomération,Hors intersection,Normale,Trois véhicules et plus - collisions multiples,3,2,2,0,2,1,1,0,1,80,3,3,1,0,1,1,47.0,47.0,deux_roues,deux_roues,1,1,1,1,5
201900015996,2019-08-03 18:00:00,2019,8,3,18,0,33,33236,9 Avenue du Couchant,44.72339,-1.20533,Plein jour,En agglomération,Hors intersection,Normale,Deux véhicules - frontale,4,2,2,0,1,2,1,0,1,50,2,3,2,0,1,0,25.0,52.0,voiture,deux_roues,1,2,1,1,1
201900015997,2019-07-10 17:00:00,2019,7,10,17,0,32,32115,La Parisienne,43.771262,0.129083,Plein jour,Hors agglomération,Hors intersection,Normale,Autre collision,2,2,2,0,1,3,1,0,3,80,1,1,0,0,1,0,64.0,,voiture,,1,1,1,1,6
201900015998,2019-08-07 14:35:00,2019,8,7,14,35,71,71221,La Maison DiEU,46.763809,4.738161,Plein jour,Hors agglomération,Hors intersection,Normale,Deux véhicules - frontale,3,2,2,0,2,3,2,0,1,80,2,2,1,0,0,1,44.0,70.0,voiture,voiture,1,1,1,1,1
201900015999,2019-08-03 06:30:00,2019,8,3,6,30,71,71591,Route départementale 933 a,46.448712,4.889958,Plein jour,Hors agglomération,Hors intersection,Normale,Autre collision,3,2,2,0,1,1,1,0,3,80,1,3,1,0,2,0,41.0,,voiture,,1,1,1,1,6
201900016000,2019-08-05 21:10:00,2019,8,5,21,10,89,89198,23 Rue de l'Île Chamond,47.862268,3.559019,Nuit avec éclairage allumé,En agglomération,Hors intersection,Normale,Autre collision,4,2,2,0,1,3,1,0,4,50,1,2,0,1,1,0,43.0,,voiture,,5,2,1,1,6
201900016001,2019-08-05 18:25:00,2019,8,5,18,25,63,63418,D223,45.777431,3.492138,Plein jour,Hors agglomération,Hors intersection,Temps éblouissant,Deux véhicules - côté,3,2,2,0,2,4,1,0,1,80,2,2,1,0,0,1,19.0,57.0,voiture,deux_roues,1,1,1,7,3
201900016002,2019-08-06 00:15:00,2019,8,6,0,15,63,63391,RD2144,46.102996,2.938872,Nuit sans éclairage public,Hors agglomération,Hors intersection,Normale,Sans collision,3,2,2,0,2,3,1,0,3,80,1,1,0,0,1,0,22.0,,voiture,,3,1,1,1,7
201900016003,2019-08-06 14:45:00,2019,8,6,14,45,61,61418,Rue de Reno,48.512674,0.643967,Plein jour,Hors agglomération,Intersection en X,Pluie légère,Deux véhicules - côté,3,2,2,0,1,1,2,9,1,80,2,2,1,0,0,1,38.0,36.0,voiture,utilitaire_camion,1,1,2,2,3
201900016004,2019-08-06 19:00:00,2019,8,6,19,0,55,55063,28 Rue Fernand Legay,49.293936,5.738169,Plein jour,En agglomération,Hors intersection,Normale,Sans collision,4,2,2,0,2,3,1,0,1,50,1,1,0,0,0,1,34.0,,deux_roues,,1,2,1,1,7
201900016005,2019-08-04 01:00:00,2019,8,4,1,0,49,49221,L'Oisellerie,47.456435,0.016007,Nuit sans éclairage public,Hors agglomération,Intersection en X,Normale,Deux véhicules - côté,3,2,2,0,1,1,1,0,1,80,2,6,3,2,1,0,32.0,40.0,voiture,voiture,3,1,2,1,3
201900016006,2019-08-02 21:00:00,2019,8,2,21,0,49,49069,Rue d'Anjou,47.34499,-1.157764,Crépuscule ou aube,En agglomération,Intersection en X,Normale,Deux véhicules - côté,3,2,2,0,2,1,1,0,1,50,2,2,1,0,0,1,37.0,43.0,voiture,deux_roues,2,2,2,1,3
201900016007,2019-08-04 00:30:00,2019,8,4,0,30,49,49029,Les Châtaigniers (Blaison-Gohier),47.396064,-0.38033,Nuit sans éclairage public,Hors agglomération,Hors intersection,Normale,Sans collision,4,2,2,0,1,1,1,0,1,50,1,1,0,0,1,0,22.0,,deux_roues,,3,1,1,1,7
201900016008,2019-08-02 19:00:00,2019,8,2,19,0,42,42081,route de bellegarde,45.620041,4.269508,Plein jour,Hors agglomération,Passage à niveau,Normale,Deux véhicules - frontale,4,2,2,0,3,1,1,4,1,80,2,4,1,0,0,3,43.0,67.0,utilitaire_camion,voiture,1,1,8,1,1