accident_id,datetime,annee,mois,jour,heure,minute,departement,commune_insee,adresse,latitude,longitude,luminosite,agglomeration,intersection,meteo,collision,catr,circ,nbv,vosp,prof,plan,surf,infra,situ,vma,nb_vehicules,nb_usagers,nb_indemnes,nb_tues,nb_blesses_hosp,nb_blesses_legers,age_cond_1,age_cond_2,veh_type_cond_1,veh_type_cond_2,lum_code,agg_code,int_code,atm_code,col_code
201900016468,2019-11-18 16:15:00,2019,11,18,16,15,17,17306,AMPERE,45.63066,-1.00518,Plein jour,En agglomération,Hors intersection,Normale,Deux véhicules - arrière,4,2,2,0,2,1,1,9,1,50,2,2,1,0,0,1,41.0,73.0,voiture,deux_roues,1,2,1,1,2
201900016469,2019-11-19 08:20:00,2019,11,19,8,20,17,17028,REPUBLIQUE   BOULEVARD DE LA,46.13979,-1.1452,Crépuscule ou aube,En agglomération,Giratoire,Normale,Deux véhicules - côté,4,2,2,2,1,3,1,0,1,50,2,2,1,0,0,1,22.0,52.0,voiture,deux_roues,2,2,6,1,3
201900016470,2019-11-14 17:32:00,2019,11,14,17,32,12,12202,SAINT PIERRE (ROUTE DE),44.357584,2.55676,Nuit avec éclairage non allumé,En agglomération,Hors intersection,Pluie légère,Autre collision,4,2,2,0,2,3,2,9,1,50,1,2,1,0,0,1,31.0,,voiture,,4,2,1,2,6
201900016471,2019-11-19 12:20:00,2019,11,19,12,20,11,11069,GERMAIN PIERRE,43.2141,2.3581,Plein jour,En agglomération,Intersection en T,Normale,Deux véhicules - côté,4,1,1,0,1,1,1,0,1,50,2,3,0,0,0,3,33.0,33.0,voiture,voiture,1,2,3,1,3
201900016472,2019-11-19 11:17:00,2019,11,19,11,17,9,09122,ESPAGNE (ROUTE D'),42.94869,1.62598,Plein jour,Hors agglomération,Giratoire,Normale,Deux véhicules - arrière,3,2,2,1,1,1,1,0,1,50,2,3,2,0,0,1,51.0,37.0,voiture,voiture,1,1,6,1,2
201900016473,2019-11-19 13:15:00,2019,11,19,13,15,2,02408,LAVOISIER (RUE),49.563167,3.644424,Plein jour,En agglomération,Intersection en X,Normale,Deux véhicules - côté,4,2,1,0,1,1,1,0,1,50,2,2,1,0,1,0,17.0,60.0,deux_roues,voiture,1,2,2,1,3
201900016474,2019-11-19 18:00:00,2019,11,19,18,0,75,75115,BD PERIPHERIQUE EXTERIEUR,48.827596,2.291888,Nuit sans éclairage public,En agglomération,Hors intersection,Normale,Deux véhicules - côté,4,1,4,0,1,1,1,0,1,70,2,2,1,0,0,1,45.0,31.0,deux_roues,voiture,3,2,1,1,3
201900016475,2019-11-19 10:50:00,2019,11,19,10,50,75,75117,BD PERIPHERIQUE INTERIEUR,48.880992,2.282333,Plein jour,En agglomération,Hors intersection,Normale,Trois véhicules et plus - en chaîne,4,-1,4,0,1,1,1,0,1,70,4,4,3,0,0,1,54.0,54.0,utilitaire_camion,voiture,1,2,1,1,4
201900016476,2019-11-19 18:30:00,2019,11,19,18,30,75,75119,RUE DU CHEMIN DE FER,48.8997863,2.3879449,Nuit avec éclairage allumé,En agglomération,Intersection en X,Normale,Deux véhicules - côté,4,1,2,0,1,1,1,0,1,50,2,2,1,0,0,1,24.0,31.0,deux_roues,voiture,5,2,2,1,3
201900016477,2019-11-19 16:20:00,2019,11,19,16,20,75,75118,RUE CHAMPIONNET,48.895835,2.345836,Plein jour,En agglomération,Place,Normale,Deux véhicules - frontale,4,1,2,0,1,1,1,0,1,50,2,2,1,0,0,1,48.0,29.0,deux_roues,utilitaire_camion,1,2,7,1,1
201900016478,2019-11-19 12:00:00,2019,11,19,12,0,75,75118,IMPASSE MARTEAU,48.9016137,2.3594695,Plein jour,En agglomération,Intersection en Y,Normale,Deux véhicules - côté,4,1,3,0,1,1,1,0,1,50,2,2,1,0,0,1,23.0,35.0,voiture,deux_roues,1,2,4,1,3
201900016479,2019-11-19 11:50:00,2019,11,19,11,50,75,75117,RUE DE PRONY,48.883275,2.301947,Plein jour,En agglomération,Intersection en X,Normale,Autre collision,4,2,2,0,1,1,1,0,1,50,2,3,2,0,0,1,29.0,31.0,voiture,voiture,1,2,2,1,6
201900016480,2019-11-18 16:40:00,2019,11,18,16,40,75,75116,AVENUE KLEBER,48.865011,2.288702,Nuit avec éclairage allumé,En agglomération,Intersection à plus de 4 branches,Pluie légère,Autre collision,4,2,3,0,1,1,2,0,1,50,1,1,0,0,0,1,,,,,5,2,5,2,6
201900016481,2019-11-19 19:15:00,2019,11,19,19,15,75,75113,RUE DU CHEVALERET,48.826913,2.377652,Nuit avec éclairage allumé,En agglomération,Hors intersection,Normale,Deux véhicules - côté,4,2,2,0,1,1,1,0,1,50,2,2,1,0,0,1,28.0,52.0,deux_roues,utilitaire_camion,5,2,1,1,3
201900016482,2019-11-19 08:50:00,2019,11,19,8,50,75,75113,RUE NATIONALE,48.8274695,2.3662098,Plein jour,En agglomération,Hors intersection,Normale,Deux véhicules - arrière,4,1,1,0,2,1,1,0,1,50,2,2,1,0,0,1,35.0,20.0,voiture,deux_roues,1,2,1,1,2
201900016483,2019-11-19 17:00:00,2019,11,19,17,0,75,75108,RUE DU FAUBOURG SAINT HONORE,48.875818,2.303347,Nuit avec éclairage allumé,En agglomération,Intersection en Y,Normale,Autre collision,4,1,1,0,2,1,1,0,1,50,1,3,2,0,0,1,45.0,,voiture,,5,2,4,1,6
201900016484,2019-11-19 17:45:00,2019,11,19,17,45,94,94078,WINSTON CHURCHILL (AV),48.75429,2.44759,Nuit avec éclairage allumé,En agglomération,Intersection en T,Normale,Deux véhicules - côté,3,3,6,0,1,1,1,0,1,50,2,3,2,0,0,1,54.0,68.0,deux_roues,voiture,5,2,3,1,3
201900016485,2019-11-18 17:35:00,2019,11,18,17,35,94,94068,GAMBETTA (AV),48.7979,2.4913,Nuit avec éclairage allumé,En agglomération,Intersection en T,Pluie légère,Autre collision,3,2,2,0,1,1,2,0,1,50,1,2,1,0,0,1,39.0,,voiture,,5,2,3,2,6
201900016486,2019-11-17 05:00:00,2019,11,17,5,0,94,94068,ANGLAIS (PROM DES),48.7906,2.5206,Nuit avec éclairage allumé,En agglomération,Hors intersection,Normale,Autre collision,4,1,1,0,1,1,1,0,1,30,1,1,0,0,0,1,25.0,,voiture,,5,2,1,1,6
201900016487,2019-11-19 17:40:00,2019,11,19,17,40,94,94046,DANIELLE CASANOVA (R),48.80952,2.45877,Nuit avec éclairage allumé,En agglomération,Hors intersection,Normale,Autre collision,4,2,2,0,1,1,1,0,-1,50,1,2,1,0,1,0,52.0,,voiture,,5,2,1,1,6
201900016488,2019-11-19 12:30:00,2019,11,19,12,30,94,94003,LAPLACE (AV),48.80718,2.33536,Plein jour,En agglomération,Hors intersection,Normale,Autre collision,3,2,3,2,2,1,1,0,1,50,1,2,1,0,0,1,28.0,,deux_roues,,1,2,1,1,6
201900016489,2019-11-19 07:30:00,2019,11,19,7,30,94,94081,JEAN JAURES (AV),48.79485,2.40382,Nuit avec éclairage allumé,En agglomération,Autre intersection,Temps couvert,Deux véhicules - côté,3,2,2,0,1,1,1,0,1,50,2,2,1,0,0,1,31.0,26.0,utilitaire_camion,deux_roues,5,2,9,8,3
201900016490,2019-11-19 13:00:00,2019,11,19,13,0,94,94034,CERISAIE (AV DE LA),48.7532,2.32791,Plein jour,En agglomération,Hors intersection,Normale,Deux véhicules - arrière,3,1,1,0,1,1,1,0,1,50,2,2,1,0,0,1,33.0,51.0,voiture,voiture,1,2,1,1,2
201900016491,2019-11-19 18:10:00,2019,11,19,18,10,94,94033,REPUBLIQUE (AV DE LA),48.84972,2.4565,Nuit avec éclairage allumé,En agglomération,Giratoire,Normale,Autre collision,4,2,2,0,2,1,1,0,1,50,1,1,0,0,0,1,,,,,5,2,6,1,6
201900016492,2019-11-19 09:10:00,2019,11,19,9,10,94,94081,HENRI DE VILMORIN (R),48.7927,2.3888,Plein jour,En agglomération,Intersection en T,Normale,Deux véhicules - côté,3,-1,1,0,1,1,2,0,1,50,2,2,1,0,0,1,33.0,18.0,voiture,deux_roues,1,2,3,1,3
201900016493,2019-11-18 23:00:00,2019,11,18,23,0,94,94017,LOUIS TALAMONI (R),48.81354,2.51119,Nuit avec éclairage allumé,En agglomération,Intersection en X,Pluie légère,Deux véhicules - côté,3,2,4,0,1,1,2,5,1,50,2,3,1,0,0,2,22.0,21.0,voiture,voiture,5,2,2,2,3
201900016494,2019-11-19 18:25:00,2019,11,19,18,25,94,94075,REVEILLON (R DE),48.72213,2.53385,Nuit avec éclairage allumé,En agglomération,Hors intersection,Normale,Autre collision,4,2,2,0,1,1,1,0,1,50,1,2,1,0,1,0,51.0,,voiture,,5,2,1,1,6
201900016495,2019-11-19 21:40:00,2019,11,19,21,40,93,93078,BALLANGER (BD ROBERT),48.955,2.53804,Nuit avec éclairage allumé,En agglomération,Hors intersection,Normale,Deux véhicules - frontale,3,2,1,0,1,1,1,0,1,50,2,2,1,0,0,1,72.0,25.0,voiture,deux_roues,5,2,1,1,1
201900016496,2019-11-19 18:00:00,2019,11,19,18,0,93,93073,BARBUSSE (RUE HENRI),48.9632,2.57,Nuit avec éclairage allumé,En agglomération,Intersection en X,Normale,Deux véhicules - côté,4,2,1,0,1,1,1,0,1,50,2,2,1,0,0,1,52.0,17.0,utilitaire_camion,deux_roues,5,2,2,1,3
201900016497,2019-11-19 22:45:00,2019,11,19,22,45,93,93071,ROGER LE MANER (RUE),48.938847,2.527341,Nuit avec éclairage allumé,En agglomération,Hors intersection,Normale,Deux véhicules - arrière,3,2,2,0,1,1,1,0,1,50,2,2,1,0,0,1,21.0,23.0,voiture,voiture,5,2,1,1,2
201900016498,2019-11-18 18:30:00,2019,11,18,18,30,93,93070,BATELIERS (RUE DES),48.913,2.325,Nuit avec éclairage allumé,En agglomération,Hors intersection,Pluie légère,Autre collision,4,2,2,0,1,1,2,0,3,50,1,2,1,0,0,1,48.0,,transport_commun,,5,2,1,2,6
201900016499,2019-11-19 18:30:00,2019,11,19,18,30,93,93077,BEAUSIRE (RUE),48.87988,2.51567,Nuit avec éclairage allumé,En agglomération,Intersection en T,Normale,Autre collision,4,2,1,0,1,1,1,0,1,50,1,3,2,0,0,1,36.0,,utilitaire_camion,,5,2,3,1,6
201900016500,2019-11-18 16:20:00,2019,11,18,16,20,93,93048,GALLILEE (RUE),48.86063,2.4482,Plein jour,En agglomération,Hors intersection,Temps couvert,Autre collision,4,2,1,0,1,1,2,0,1,50,1,2,1,0,0,1,26.0,,voiture,,1,2,1,8,6
201900016501,2019-11-19 16:30:00,2019,11,19,16,30,93,93061,BELVEDERE AVENUE DU,48.8804,2.4083,Plein jour,En agglomération,Intersection en X,Temps couvert,Deux véhicules - côté,4,2,2,0,1,1,1,0,1,50,2,2,1,0,0,1,62.0,37.0,voiture,utilitaire_camion,1,2,2,8,3
201900016502,2019-11-18 18:00:00,2019,11,18,18,0,93,93031,NANCY (RUE DE),48.95658,2.2999,Nuit sans éclairage public,En agglomération,Hors intersection,Pluie légère,Autre collision,4,2,2,0,1,1,2,0,4,50,2,2,1,0,0,1,35.0,,utilitaire_camion,,3,2,1,2,6
201900016503,2019-11-19 17:46:00,2019,11,19,17,46,92,92050,ARRAS RUE D',48.900014,2.226212,Nuit avec éclairage allumé,En agglomération,Hors intersection,Normale,Deux véhicules - frontale,7,1,1,0,1,1,1,0,1,50,2,2,1,0,0,1,38.0,42.0,deux_roues,deux_roues,5,2,1,1,1
201900016504,2019-11-18 16:15:00,2019,11,18,16,15,92,92050,THOREZ MAURICE RUE,48.89196,2.19567,Nuit avec éclairage allumé,En agglomération,Hors intersection,Temps couvert,Deux véhicules - frontale,4,1,2,1,1,1,2,0,1,30,2,2,1,0,0,1,28.0,22.0,deux_roues,deux_roues,5,2,1,8,1
201900016505,2019-11-19 18:05:00,2019,11,19,18,5,92,92040,GOUVERNEUR GAL EBOUE DU 02 AU 64,48.82472,2.26534,Nuit avec éclairage allumé,En agglomération,Intersection en X,Normale,Deux véhicules - frontale,3,2,0,0,1,1,2,8,1,50,2,2,1,0,0,1,20.0,56.0,voiture,deux_roues,5,2,2,1,1
201900016506,2019-11-19 21:20:00,2019,11,19,21,20,92,92023,CLAUDE TREBIGNAUD (AVENUE) BOIS S102,48.78816,2.25296,Nuit avec éclairage allumé,En agglomération,Hors intersection,Normale,Deux véhicules - frontale,4,2,3,0,2,1,1,8,1,50,2,3,0,0,0,3,27.0,26.0,voiture,voiture,5,2,1,1,1
201900016507,2019-11-07 17:15:00,2019,11,7,17,15,92,92004,DOCTEUR DERVAUX  ( QUAI DU ),48.904766,2.2867598,Plein jour,En agglomération,Hors intersection,Normale,Deux véhicules - côté,3,-1,2,0,1,1,1,0,1,50,2,2,1,0,0,1,22.0,50.0,deux_roues,deux_roues,1,2,1,1,3
201900016508,2019-11-20 07:00:00,2019,11,20,7,0,67,67061,rd6,48.7966541,7.4314601,Crépuscule ou aube,Hors agglomération,Hors intersection,Normale,Autre collision,3,2,2,0,3,1,1,0,3,80,1,1,0,1,0,0,44.0,,voiture,,2,1,1,1,6
201900016509,2019-11-20 07:12:00,2019,11,20,7,12,69,69299,D29,45.696079,5.091532,Crépuscule ou aube,Hors agglomération,Hors intersection,Normale,Deux véhicules - frontale,3,2,2,1,1,1,1,0,1,80,2,2,0,0,0,2,78.0,30.0,utilitaire_camion,voiture,2,1,1,1,1
201900016510,2019-11-20 05:40:00,2019,11,20,5,40,972,97214,Lotissement Seguineau,14.832887,-61.042643,Crépuscule ou aube,En agglomération,Autre intersection,Normale,Autre collision,2,2,2,0,2,3,1,0,1,-1,1,2,1,0,0,1,56.0,,voiture,,2,2,9,1,6
201900016511,2019-11-20 10:20:00,2019,11,20,10,20,88,88218,route de Bruyères,48.173218,6.771865,Plein jour,Hors agglomération,Hors intersection,Normale,Deux véhicules - frontale,3,2,2,0,1,2,2,0,1,80,2,2,0,0,1,1,37.0,21.0,voiture,voiture,1,1,1,1,1
201900016512,2019-11-16 19:50:00,2019,11,16,19,50,973,97311,D11,5.4714609,-54.04612,Nuit sans éclairage public,En agglomération,Hors intersection,Normale,Deux véhicules - côté,3,2,2,0,1,1,1,0,1,80,2,2,1,0,1,0,44.0,41.0,deux_roues,voiture,3,2,1,1,3
201900016513,2019-09-26 06:45:00,2019,9,26,6,45,34,34076,A75,43.644362,3.447956,Nuit sans éclairage public,Hors agglomération,Hors intersection,Normale,Trois véhicules et plus - en chaîne,1,1,4,0,4,3,1,0,1,130,3,4,1,0,0,3,25.0,41.0,voiture,voiture,3,1,1,1,4
201900016514,2019-11-09 13:50:00,2019,11,9,13,50,37,37208,A10,47.368613,0.715293,Plein jour,Hors agglomération,Hors intersection,Normale,Deux véhicules - arrière,1,3,5,0,1,1,1,0,1,90,2,4,3,0,0,1,49.0,41.0,utilitaire_camion,voiture,1,1,1,1,2
201900016515,2019-11-19 17:00:00,2019,11,19,17,0,83,83057,Route de Besse,43.366731,6.20818,Crépuscule ou aube,Hors agglomération,Hors intersection,Pluie légère,Deux véhicules - côté,3,2,2,0,1,1,2,5,1,70,2,2,1,0,1,0,85.0,52.0,voiture,utilitaire_camion,2,1,1,2,3
201900016516,2019-11-19 15:20:00,2019,11,19,15,20,2B,2B319,Figareto,42.424383,9.527767,Plein jour,Hors agglomération,Hors intersection,Normale,Deux véhicules - côté,2,2,2,0,4,1,1,0,1,70,2,4,2,0,0,2,65.0,36.0,voiture,voiture,1,1,1,1,3
201900016517,2019-11-19 19:30:00,2019,11,19,19,30,71,71367,Route de LOUHANS,46.643198,5.297109,Nuit avec éclairage allumé,Hors agglomération,Intersection en T,Normale,Deux véhicules - arrière,3,2,2,0,1,1,1,0,1,70,2,3,1,0,0,2,39.0,51.0,voiture,voiture,5,1,3,1,2
201900016518,2019-11-19 17:30:00,2019,11,19,17,30,89,89007,D39,47.522111,3.473072,Nuit avec éclairage allumé,Hors agglomération,Hors intersection,Normale,Autre collision,3,2,2,0,1,1,1,0,3,80,1,1,0,0,1,0,31.0,,voiture,,5,1,1,1,6
201900016519,2019-10-24 16:30:00,2019,10,24,16,30,41,41237,Route de Soings,47.405891,1.4843526,Plein jour,Hors agglomération,Intersection en X,Temps couvert,Deux véhicules - côté,4,2,2,0,1,1,2,0,1,80,2,3,2,0,1,0,73.0,63.0,voiture,voiture,1,1,2,8,3
201900016520,2019-11-19 10:40:00,2019,11,19,10,40,22,22319,Route de Plouzelambre,48.682185,-3.557326,Plein jour,En agglomération,Hors intersection,Normale,Deux véhicules - frontale,4,2,2,0,2,2,2,0,1,50,2,2,1,0,1,0,57.0,68.0,voiture,voiture,1,2,1,1,1
201900016521,2019-11-19 19:10:00,2019,11,19,19,10,29,29029,N164,48.243445,-3.664108,Nuit sans éclairage public,Hors agglomération,Hors intersection,Pluie légère,Sans collision,4,2,2,0,1,1,1,0,3,80,1,1,0,0,1,0,35.0,,voiture,,3,1,1,2,7
201900016522,2019-11-19 17:50:00,2019,11,19,17,50,38,38315,34 Avenue de la Folatière,45.536641,5.658963,Nuit avec éclairage allumé,En agglomération,Hors intersection,Normale,Autre collision,3,2,2,0,1,1,1,0,6,50,1,2,1,0,0,1,36.0,,voiture,,5,2,1,1,6
201900016523,2019-11-16 16:20:00,2019,11,16,16,20,14,14275,cd170,49.282215,-0.453563,Plein jour,Hors agglomération,Hors intersection,Pluie légère,Sans collision,3,2,2,0,1,1,2,0,3,80,1,1,0,0,1,0,35.0,,deux_roues,,1,1,1,2,7
201900016524,2019-11-16 23:20:00,2019,11,16,23,20,60,60030,D927,49.3493895,2.0968254,Nuit sans éclairage public,Hors agglomération,Hors intersection,Normale,Autre collision,3,2,2,0,1,3,1,0,3,80,1,1,0,0,0,1,18.0,,voiture,,3,1,1,1,6
201900016525,2019-11-20 13:00:00,2019,11,20,13,0,16,16002,Lieu Dit la Clie,46.067803,0.19992,Plein jour,Hors agglomération,Hors intersection,Normale,Sans collision,3,2,2,0,1,1,1,0,3,80,1,1,0,0,1,0,34.0,,deux_roues,,1,1,1,1,7
201900016526,2019-11-19 10:00:00,2019,11,19,10,0,21,21530,D905,47.654683,4.255453,Plein jour,Hors agglomération,Hors intersection,Normale,Autre collision,3,2,2,0,1,1,1,0,1,80,2,2,1,1,0,0,57.0,93.0,voiture,voiture,1,1,1,1,6
201900016527,2019-11-19 12:05:00,2019,11,19,12,5,27,27227,D89,49.368054,0.631056,Plein jour,Hors agglomération,Intersection en X,Normale,Deux véhicules - côté,3,2,2,0,1,1,1,0,1,80,2,2,1,0,0,1,85.0,19.0,voiture,deux_roues,1,1,2,1,3
201900016528,2019-11-20 15:10:00,2019,11,20,15,10,27,27056,Rue Louis Gillain,49.094598,0.599601,Plein jour,En agglomération,Intersection en X,Normale,Deux véhicules - côté,4,2,2,0,2,1,1,0,1,50,2,4,1,0,2,1,40.0,20.0,voiture,deux_roues,1,2,2,1,3
201900016529,2019-11-20 07:50:00,2019,11,20,7,50,27,27565,D23,48.884674,0.866849,Crépuscule ou aube,Hors agglomération,Intersection en X,Normale,Deux véhicules - côté,3,2,2,0,1,1,1,0,1,80,2,2,0,0,2,0,50.0,32.0,voiture,utilitaire_camion,2,1,2,1,3
201900016530,2019-11-19 18:20:00,2019,11,19,18,20,87,87154,26 Avenue Sadi Carnot,45.884635,0.894374,Nuit avec éclairage allumé,En agglomération,Intersection en T,Temps couvert,Sans collision,3,3,3,0,1,1,1,5,8,50,1,1,0,0,1,0,48.0,,voiture,,5,2,3,8,7
201900016531,2019-11-07 18:40:00,2019,11,7,18,40,88,88327,Rue de l'Eglise,48.307086,6.383502,Nuit avec éclairage allumé,En agglomération,Intersection en T,Normale,Deux véhicules - côté,3,2,2,0,1,1,2,0,1,50,2,2,1,0,0,1,23.0,20.0,deux_roues,voiture,5,2,3,1,3
201900016532,2019-11-19 17:50:00,2019,11,19,17,50,71,71177,A39,46.490418,5.312364,Nuit sans éclairage public,Hors agglomération,Hors intersection,Normale,Trois véhicules et plus - collisions multiples,1,3,4,3,1,1,1,0,1,130,4,7,3,0,0,4,23.0,52.0,voiture,voiture,3,1,1,1,5
201900016533,2019-11-20 17:20:00,2019,11,20,17,20,31,31349,A64 - PK 239+700 - sens Toulouse-Tarbes,43.2310556,1.0650676,Crépuscule ou aube,Hors agglomération,Hors intersection,Normale,Trois véhicules et plus - en chaîne,1,3,2,0,1,1,1,0,1,130,3,5,2,0,2,1,62.0,19.0,voiture,voiture,2,1,1,1,4
201900016534,2019-10-12 13:25:00,2019,10,12,13,25,74,74010,Avenue de Periaz (Seynod),45.876266,6.089359,Plein jour,En agglomération,Hors intersection,Normale,Deux véhicules - arrière,4,2,2,0,1,1,1,0,1,50,2,5,4,0,1,0,46.0,38.0,deux_roues,voiture,1,2,1,1,2
201900016535,2019-11-20 12:15:00,2019,11,20,12,15,68,68386,2 Rue du Monastère,47.720544,7.388949,Plein jour,En agglomération,Hors intersection,Normale,Autre collision,3,2,2,0,1,1,1,0,3,50,1,1,0,0,0,1,45.0,,voiture,,1,2,1,1,6
201900016536,2019-11-18 18:45:00,2019,11,18,18,45,987,98729,RT 91,-17.481653,-149.79971,Nuit sans éclairage public,En agglomération,Hors intersection,Normale,Autre collision,2,2,2,1,1,1,1,0,5,60,1,2,0,0,1,1,30.0,,deux_roues,,3,2,1,1,6
201900016537,2019-11-20 17:30:00,2019,11,20,17,30,77,77327,D619 X D419 X D56,48.56191,3.01323,Nuit avec éclairage allumé,En agglomération,Intersection en X,Normale,Autre collision,3,2,2,0,1,1,1,5,1,50,1,2,1,0,1,0,56.0,,voiture,,5,2,2,1,6
201900016538,2019-11-19 16:17:00,2019,11,19,16,17,2B,2B169,T20,42.459762,9.207537,Plein jour,En agglomération,Hors intersection,Pluie légère,Trois véhicules et plus - en chaîne,2,2,2,0,1,1,2,0,1,50,3,3,1,0,0,2,18.0,22.0,voiture,voiture,1,2,1,2,4
201900016539,2019-11-20 10:10:00,2019,11,20,10,10,34,34209,10 Rue de la Bergerie,43.3030799,3.3350855,Plein jour,En agglomération,Intersection en X,Temps éblouissant,Autre collision,4,2,2,0,1,2,1,0,1,50,1,2,1,0,0,1,77.0,,voiture,,1,2,2,7,6
201900016540,2019-11-19 17:30:00,2019,11,19,17,30,83,83016,rond-point georges pompidou,43.195691,5.806482,Nuit avec éclairage allumé,En agglomération,Giratoire,Pluie légère,Deux véhicules - arrière,3,2,2,0,1,1,2,5,1,50,2,2,1,0,0,1,17.0,51.0,deux_roues,voiture,5,2,6,2,2
201900016541,2019-11-19 10:42:00,2019,11,19,10,42,10,10021,D107,48.445738,4.295874,Plein jour,Hors agglomération,Hors intersection,Normale,Autre collision,3,2,2,0,1,1,1,0,3,80,1,1,0,0,1,0,71.0,,voiture,,1,1,1,1,6
201900016542,2019-11-19 15:30:00,2019,11,19,15,30,82,82050,D30,44.0988,0.789945,Plein jour,Hors agglomération,Hors intersection,Normale,Trois véhicules et plus - collisions multiples,3,2,2,0,1,1,1,0,1,80,3,4,3,0,0,1,46.0,44.0,transport_commun,utilitaire_camion,1,1,1,1,5
201900016543,2019-11-19 23:15:00,2019,11,19,23,15,31,31291,N124,43.589261,1.272443,Nuit sans éclairage public,Hors agglomération,Hors intersection,Normale,Deux véhicules - frontale,2,3,4,0,1,1,1,0,1,110,2,2,0,0,2,0,44.0,49.0,voiture,voiture,3,1,1,1,1
201900016544,2019-11-19 17:25:00,2019,11,19,17,25,40,40244,route départementale 824,43.703928,-1.176313,Crépuscule ou aube,Hors agglomération,Hors intersection,Normale,Sans collision,3,3,4,0,1,1,1,0,1,110,1,1,0,0,0,1,37.0,,deux_roues,,2,1,1,1,7
201900016545,2019-11-20 03:00:00,2019,11,20,3,0,44,44179,La Noisetterie,47.3427382,-1.4686848,Plein jour,Hors agglomération,Hors intersection,Temps éblouissant,Autre collision,3,2,2,0,1,3,1,0,3,80,1,1,0,1,0,0,26.0,,voiture,,1,1,1,7,6
201900016546,2019-11-20 01:15:00,2019,11,20,1,15,61,61467,Lieu Dit le Sourtoir,48.481058,0.152704,Nuit sans éclairage public,Hors agglomération,Hors intersection,Normale,Autre collision,3,2,2,0,1,2,1,0,3,80,1,1,0,0,1,0,35.0,,voiture,,3,1,1,1,6
201900016547,2019-11-19 18:35:00,2019,11,19,18,35,50,50025,D973,48.690011,-1.362374,Nuit avec éclairage allumé,En agglomération,Hors intersection,Normale,Deux véhicules - côté,3,2,2,0,2,1,1,0,4,50,2,2,1,0,0,1,17.0,38.0,deux_roues,voiture,5,2,1,1,3
201900016548,2019-11-20 09:09:00,2019,11,20,9,9,60,60619,N2,49.112178,2.770407,Plein jour,Hors agglomération,Hors intersection,Normale,Trois véhicules et plus - en chaîne,2,3,4,0,1,1,1,0,1,110,3,6,5,0,0,1,29.0,37.0,voiture,voiture,1,1,1,1,4
201900016549,2019-11-19 17:10:00,2019,11,19,17,10,13,13210,A50-Sens Aubagne vers Marseille,43.28469,5.41604,Crépuscule ou aube,Hors agglomération,Hors intersection,Normale,Deux véhicules - arrière,1,3,3,0,1,1,1,0,1,90,2,2,1,0,1,0,27.0,21.0,voiture,deux_roues,2,1,1,1,2
201900016550,2019-11-14 15:20:00,2019,11,14,15,20,13,13071,A51-Sens Marseille vers Aix en Provence,43.41537,5.36505,Plein jour,Hors agglomération,Hors intersection,Pluie forte,Deux véhicules - arrière,1,1,3,0,1,1,4,0,1,90,2,2,1,0,0,1,21.0,46.0,voiture,voiture,1,1,1,3,2
201900016551,2019-11-19 06:50:00,2019,11,19,6,50,13,13071,A7-Sens Marseille vers Lyon,43.4094211,5.2859325,Plein jour,Hors agglomération,Hors intersection,Normale,Deux véhicules - arrière,1,-1,3,0,1,1,1,0,1,3,2,2,1,0,0,1,55.0,19.0,voiture,voiture,1,1,1,1,2
201900016552,2019-11-18 18:30:00,2019,11,18,18,30,13,13215,A7-Sens Lyon vers Marseille,43.3681343,5.3607745,Nuit avec éclairage allumé,En agglomération,Hors intersection,Normale,Deux véhicules - arrière,1,1,3,0,1,1,1,1,1,90,2,2,0,0,0,2,29.0,21.0,voiture,voiture,5,2,1,1,2
201900016553,2019-11-18 18:00:00,2019,11,18,18,0,13,13055,A507 sens Marseille - Aubagne,43.32989,5.393896,Nuit avec éclairage allumé,Hors agglomération,Hors intersection,Normale,Deux véhicules - arrière,1,3,3,0,2,1,1,1,1,70,2,2,1,0,0,1,35.0,21.0,deux_roues,voiture,5,1,1,1,2
201900016554,2019-11-15 20:20:00,2019,11,15,20,20,83,83137,A57,43.12132,5.95331,Nuit sans éclairage public,Hors agglomération,Hors intersection,Pluie légère,Trois véhicules et plus - collisions multiples,1,3,5,0,1,1,2,0,1,90,7,9,5,0,0,4,20.0,27.0,voiture,voiture,3,1,1,2,5
201900016555,2019-11-13 18:00:00,2019,11,13,18,0,67,67482,N.4 Contournement Sud,48.57343,7.72983,Nuit avec éclairage non allumé,Hors agglomération,Hors intersection,Temps couvert,Deux véhicules - arrière,2,1,3,0,1,3,2,0,1,70,2,2,1,0,0,1,44.0,19.0,deux_roues,voiture,4,1,1,8,2
201900016556,2019-11-19 20:25:00,2019,11,19,20,25,33,33448,AUTOROUTE A 62,44.70093,-0.50235,Nuit sans éclairage public,Hors agglomération,Hors intersection,Normale,Deux véhicules - arrière,1,3,4,0,1,1,1,0,1,130,2,2,0,0,1,1,33.0,32.0,voiture,voiture,3,1,1,1,2
201900016557,2019-11-19 18:05:00,2019,11,19,18,5,91,91347,RN 104,48.622322,2.284773,Nuit sans éclairage public,Hors agglomération,Hors intersection,Normale,Deux véhicules - arrière,2,3,2,0,2,1,1,0,1,110,2,3,2,0,0,1,42.0,73.0,voiture,voiture,3,1,1,1,2