accident_id,datetime,annee,mois,jour,heure,minute,departement,commune_insee,adresse,latitude,longitude,luminosite,agglomeration,intersection,meteo,collision,catr,circ,nbv,vosp,prof,plan,surf,infra,situ,vma,nb_vehicules,nb_usagers,nb_indemnes,nb_tues,nb_blesses_hosp,nb_blesses_legers,age_cond_1,age_cond_2,veh_type_cond_1,veh_type_cond_2,lum_code,agg_code,int_code,atm_code,col_code
201900016558,2019-11-19 14:56:00,2019,11,19,14,56,91,91689,AUTOROUTE A6,48.7411,2.32083,Plein jour,Hors agglomération,Hors intersection,Normale,Sans collision,1,1,3,0,2,3,1,0,1,110,1,1,0,0,0,1,32.0,,utilitaire_camion,,1,1,1,1,7
201900016559,2019-11-19 08:50:00,2019,11,19,8,50,92,92019,RN 385,48.761118,2.2957343,Plein jour,Hors agglomération,Hors intersection,Normale,Deux véhicules - arrière,2,3,4,0,2,1,1,0,1,90,2,2,1,0,0,1,33.0,51.0,deux_roues,voiture,1,1,1,1,2
201900016560,2019-11-19 07:30:00,2019,11,19,7,30,91,91471,RN 118,48.71198,2.18369,Crépuscule ou aube,Hors agglomération,Hors intersection,Normale,Trois véhicules et plus - collisions multiples,2,3,5,0,2,1,1,3,1,110,4,4,3,0,0,1,25.0,47.0,voiture,voiture,2,1,1,1,5
201900016561,2019-11-18 18:15:00,2019,11,18,18,15,91,91363,RN 104,48.64765,2.1884,Nuit avec éclairage non allumé,Hors agglomération,Hors intersection,Pluie légère,Deux véhicules - côté,2,3,4,0,1,1,2,0,1,110,2,1,0,0,0,1,23.0,,deux_roues,,4,1,1,2,3
201900016562,2019-11-19 13:48:00,2019,11,19,13,48,92,92050,A14,48.9012071,2.2054649,Plein jour,Hors agglomération,Hors intersection,Normale,Autre collision,1,1,2,0,1,2,1,1,1,70,2,2,1,0,0,1,70.0,28.0,voiture,utilitaire_camion,1,1,1,1,6
201900016563,2019-11-19 07:40:00,2019,11,19,7,40,92,92076,A13,48.8322585,2.1532242,Plein jour,Hors agglomération,Hors intersection,Normale,Deux véhicules - arrière,1,1,3,0,1,1,1,0,1,110,2,2,1,0,1,0,46.0,26.0,voiture,deux_roues,1,1,1,1,2
201900016564,2019-11-19 06:30:00,2019,11,19,6,30,78,78158,A13,48.83482,2.132255,Nuit sans éclairage public,Hors agglomération,Hors intersection,Normale,Autre collision,1,1,4,0,1,1,1,0,1,110,1,3,1,0,0,2,22.0,,utilitaire_camion,,3,1,1,1,6
201900016565,2019-11-19 02:40:00,2019,11,19,2,40,78,78455,A13,48.85654,2.05546,Nuit sans éclairage public,Hors agglomération,Hors intersection,Normale,Autre collision,1,3,2,0,1,1,2,0,1,110,1,1,0,0,0,1,30.0,,voiture,,3,1,1,1,6
201900016566,2019-11-18 22:50:00,2019,11,18,22,50,78,78640,A86 INT,48.77742,2.22293,Nuit sans éclairage public,Hors agglomération,Hors intersection,Normale,Autre collision,1,3,3,0,2,4,2,0,1,90,1,1,0,0,0,1,30.0,,voiture,,3,1,1,1,6
201900016567,2019-11-19 14:00:00,2019,11,19,14,0,77,77514,A104,48.9406,2.6284,Plein jour,Hors agglomération,Hors intersection,Normale,Autre collision,1,3,4,0,4,1,1,0,1,80,1,1,0,0,0,1,37.0,,utilitaire_camion,,1,1,1,1,6
201900016568,2019-11-19 12:45:00,2019,11,19,12,45,94,94018,A4,48.8186,2.4093,Plein jour,Hors agglomération,Hors intersection,Normale,Trois véhicules et plus - en chaîne,1,3,5,0,1,1,1,0,1,90,3,3,1,0,0,2,42.0,64.0,voiture,voiture,1,1,1,1,4
201900016569,2019-11-19 11:00:00,2019,11,19,11,0,94,94018,A4,48.8176,2.4165,Plein jour,Hors agglomération,Hors intersection,Normale,Deux véhicules - côté,1,1,6,0,1,1,1,0,1,70,2,2,1,0,0,1,51.0,24.0,deux_roues,utilitaire_camion,1,1,1,1,3
201900016570,2019-11-19 08:10:00,2019,11,19,8,10,77,77517,A104,48.8989661,2.6563804,Crépuscule ou aube,Hors agglomération,Hors intersection,Normale,Trois véhicules et plus - en chaîne,1,3,2,0,1,1,1,0,1,90,3,3,2,0,0,1,40.0,56.0,voiture,utilitaire_camion,2,1,1,1,4
201900016571,2019-07-25 15:50:00,2019,7,25,15,50,79,79191,Boulevard Pierre Mendès-France,46.32583,-0.41325,Plein jour,En agglomération,Hors intersection,Autre,Autre collision,3,3,4,0,3,3,1,0,1,90,1,1,0,1,0,0,45.0,,deux_roues,,1,2,1,9,6
201900016572,2019-11-17 13:36:00,2019,11,17,13,36,95,95277,BELLE ETOILE (RUE DE LA),48.9776,2.5002,Plein jour,En agglomération,Hors intersection,Normale,Autre collision,4,2,2,0,1,1,1,0,1,30,1,2,1,0,0,1,50.0,,utilitaire_camion,,1,2,1,1,6
201900016573,2019-11-04 07:45:00,2019,11,4,7,45,77,77186,D409 X D301,48.41362,2.64413,Crépuscule ou aube,Hors agglomération,Intersection en X,Pluie légère,Deux véhicules - côté,3,2,2,0,1,1,2,5,1,70,2,2,0,0,0,2,32.0,64.0,voiture,voiture,2,1,2,2,3
201900016574,2019-11-17 10:15:00,2019,11,17,10,15,71,71306,SEMARD (RUE DE),46.67071,4.37851,Plein jour,En agglomération,Hors intersection,Normale,Deux véhicules - côté,4,2,2,0,1,1,1,0,1,50,2,2,1,0,0,1,59.0,90.0,voiture,voiture,1,2,1,1,3
201900016575,2019-11-16 12:51:00,2019,11,16,12,51,63,63113,BALLAINVILLIERS (RUE),45.7742998,3.0868398,Plein jour,En agglomération,Hors intersection,Normale,Deux véhicules - côté,4,2,2,0,1,1,1,0,1,50,2,2,1,0,0,1,32.0,49.0,deux_roues,voiture,1,2,1,1,3
201900016576,2019-07-08 11:10:00,2019,7,8,11,10,62,62510,CRACOVIE (R DE ),50.4185,2.78,Plein jour,En agglomération,Hors intersection,Normale,Deux véhicules - frontale,4,2,2,0,1,1,1,0,1,50,2,3,0,0,0,3,59.0,59.0,voiture,voiture,1,2,1,1,1
201900016577,2019-11-13 09:30:00,2019,11,13,9,30,25,25580,OEHMICHEN (RUE),47.47289,6.83642,Plein jour,En agglomération,Intersection en T,Normale,Deux véhicules - côté,3,2,2,0,1,2,1,5,1,50,2,2,1,0,1,0,58.0,,utilitaire_camion,,1,2,3,1,3
201900016578,2019-11-17 12:30:00,2019,11,17,12,30,13,13207,Corniche John Fitzgérald Kennedy,43.272,5.363,Plein jour,En agglomération,Hors intersection,Normale,Trois véhicules et plus - en chaîne,4,2,3,0,1,3,1,0,1,50,3,6,1,0,0,5,38.0,66.0,voiture,voiture,1,2,1,1,4
201900016579,2019-11-17 11:30:00,2019,11,17,11,30,13,13202,PARIS (BOULEVARD DE),43.3151,5.36727,Plein jour,En agglomération,Intersection en T,Normale,Deux véhicules - côté,4,1,2,0,1,1,1,9,1,50,2,4,2,0,0,2,36.0,51.0,voiture,voiture,1,2,3,1,3
201900016580,2019-11-16 19:35:00,2019,11,16,19,35,92,92020,PARIS AVENUE DE N° IMPAIRS,48.8066035,2.2929179,Nuit avec éclairage allumé,En agglomération,Hors intersection,Normale,Autre collision,3,2,2,0,2,1,2,0,1,50,1,2,1,0,0,1,26.0,,voiture,,5,2,1,1,6
201900016581,2019-11-17 20:00:00,2019,11,17,20,0,974,97409,RN2 SENS ST BENOIT ST DENIS,-20.94116,55.64512,Nuit sans éclairage public,Hors agglomération,Autre intersection,Pluie légère,Autre collision,2,3,4,0,4,3,2,2,8,90,4,3,2,0,0,1,30.0,20.0,voiture,voiture,3,1,9,2,6
201900016582,2019-11-18 21:43:00,2019,11,18,21,43,974,97416,RN2 (2),-21.34079,55.4939,Nuit sans éclairage public,Hors agglomération,Autre intersection,Normale,Deux véhicules - arrière,2,2,2,0,1,1,1,0,1,90,2,2,0,0,0,2,21.0,40.0,voiture,voiture,3,1,9,1,2
201900016583,2019-11-17 21:35:00,2019,11,17,21,35,973,97302,BADUEL (ROUTE DE),4.9271848,-52.290051,Nuit avec éclairage allumé,En agglomération,Giratoire,Normale,Deux véhicules - frontale,3,2,2,0,1,1,1,0,1,50,2,3,1,1,1,0,41.0,46.0,voiture,deux_roues,5,2,6,1,1
201900016584,2019-11-18 18:45:00,2019,11,18,18,45,69,69387,TONY GARNIER                        (AV),45.72663,4.82693,Nuit sans éclairage public,En agglomération,Intersection en X,Normale,Deux véhicules - côté,4,2,6,0,1,1,1,0,1,50,2,2,1,0,1,0,54.0,44.0,deux_roues,voiture,3,2,2,1,3
201900016585,2019-11-18 14:35:00,2019,11,18,14,35,69,69259,CHARLES DE GAULLE                   (AV),45.71503,4.89557,Plein jour,En agglomération,Hors intersection,Normale,Deux véhicules - côté,4,2,6,3,1,1,1,0,6,70,2,2,1,0,1,0,71.0,27.0,voiture,transport_commun,1,2,1,1,3
201900016586,2019-11-18 09:50:00,2019,11,18,9,50,69,69259,CLUZEL (DU)                         (CH),45.70143,4.87343,Plein jour,En agglomération,Autre intersection,Normale,Deux véhicules - arrière,4,2,2,0,2,1,1,0,8,50,2,2,1,0,0,1,40.0,77.0,voiture,voiture,1,2,9,1,2
201900016587,2019-11-17 02:40:00,2019,11,17,2,40,972,97213,ROUTE NATIONALE 5,14.5961,-60.988,Nuit avec éclairage allumé,Hors agglomération,Hors intersection,Normale,Autre collision,2,1,3,0,1,1,1,0,1,90,2,5,4,0,0,1,53.0,41.0,voiture,voiture,5,1,1,1,6
201900016588,2019-11-18 18:42:00,2019,11,18,18,42,69,69149,GRANDE RUE                          (GR),45.72112,4.81109,Nuit avec éclairage allumé,En agglomération,Intersection en X,Normale,Deux véhicules - côté,4,2,2,0,1,1,1,5,1,30,2,2,1,0,0,1,80.0,20.0,voiture,deux_roues,5,2,2,1,3
201900016589,2019-12-30 04:45:00,2019,12,30,4,45,94,94003,AUTOROUTE A6A,48.80378,2.34188,Nuit sans éclairage public,Hors agglomération,Hors intersection,Normale,Autre collision,1,1,6,0,4,1,1,0,1,90,1,1,0,0,0,1,23.0,,voiture,,3,1,1,1,6
201900016590,2019-12-29 22:55:00,2019,12,29,22,55,94,94034,AUTOROUTE A86,48.75891,2.33724,Nuit avec éclairage non allumé,Hors agglomération,Hors intersection,Normale,Sans collision,1,1,2,0,1,2,1,0,1,70,1,1,0,0,0,1,28.0,,deux_roues,,4,1,1,1,7
201900016591,2019-12-30 21:10:00,2019,12,30,21,10,78,78640,N118,48.7776,2.223,Nuit avec éclairage non allumé,En agglomération,Hors intersection,Normale,Autre collision,2,1,2,0,3,2,1,2,1,70,1,1,0,0,0,1,29.0,,voiture,,4,2,1,1,6
201900016592,2019-12-30 14:35:00,2019,12,30,14,35,92,92036,A86,48.9345912,2.2684578,Plein jour,Hors agglomération,Hors intersection,Normale,Deux véhicules - arrière,1,1,2,0,1,1,1,0,1,90,2,2,1,0,0,1,19.0,50.0,voiture,voiture,1,1,1,1,2
201900016593,2019-12-29 16:00:00,2019,12,29,16,0,95,95582, A15,48.97064,2.24895,Plein jour,Hors agglomération,Hors intersection,Normale,Deux véhicules - côté,1,3,9,0,1,1,1,0,1,110,2,1,0,0,0,1,39.0,,voiture,,1,1,1,1,3
201900016594,2019-12-29 06:15:00,2019,12,29,6,15,93,93005,AUTOROUTE A3,48.96554,2.47471,Nuit avec éclairage non allumé,Hors agglomération,Hors intersection,Normale,Deux véhicules - arrière,1,1,3,0,1,2,1,0,1,90,2,2,0,0,0,2,22.0,64.0,voiture,voiture,4,1,1,1,2
201900016595,2019-12-29 06:20:00,2019,12,29,6,20,93,93005,AUTOROUTE A3,48.96554,2.47471,Nuit sans éclairage public,Hors agglomération,Hors intersection,Normale,Deux véhicules - côté,1,1,3,0,1,2,1,0,1,90,2,2,1,0,0,1,30.0,23.0,voiture,deux_roues,3,1,1,1,3
201900016596,2019-12-29 01:15:00,2019,12,29,1,15,93,93066,AUTOROUTE A86,48.92627,2.33721,Nuit avec éclairage non allumé,Hors agglomération,Hors intersection,Normale,Deux véhicules - arrière,1,3,8,0,1,1,1,2,1,90,2,4,0,0,0,4,45.0,,voiture,,4,1,1,1,2
201900016597,2019-10-25 07:25:00,2019,10,25,7,25,2,02032,38 Rue Saint Nicolas,49.773975,3.11578,Crépuscule ou aube,En agglomération,Hors intersection,Normale,Deux véhicules - côté,3,2,2,0,1,1,1,0,1,50,2,2,1,0,1,0,31.0,58.0,utilitaire_camion,voiture,2,2,1,1,3
201900016598,2019-12-29 23:00:00,2019,12,29,23,0,69,69386,DUQUESNE                            (R ),45.7729,4.8474,Nuit avec éclairage allumé,En agglomération,Intersection en X,Normale,Deux véhicules - côté,4,3,4,0,1,1,1,0,1,50,2,2,1,0,0,1,18.0,19.0,deux_roues,voiture,5,2,2,1,3
201900016599,2019-12-29 16:20:00,2019,12,29,16,20,69,69388,ETATS UNIS (DES)                    (BD),45.73296,4.86494,Plein jour,En agglomération,Hors intersection,Normale,Deux véhicules - côté,4,1,2,0,1,1,1,0,1,50,2,2,1,0,0,1,46.0,,voiture,,1,2,1,1,3
201900016600,2019-12-28 11:20:00,2019,12,28,11,20,83,83069,OLBIA  (VOIE),43.11702,6.14328,Plein jour,En agglomération,Hors intersection,Normale,Deux véhicules - arrière,3,1,2,0,1,1,1,0,1,50,2,9,8,0,0,1,58.0,58.0,utilitaire_camion,utilitaire_camion,1,2,1,1,2
201900016601,2019-12-28 22:15:00,2019,12,28,22,15,69,69275,JEAN JAURES                         (AV),45.77053,4.95709,Nuit avec éclairage allumé,En agglomération,Hors intersection,Normale,Deux véhicules - arrière,3,2,3,0,1,1,1,0,6,30,2,2,1,0,0,1,40.0,33.0,voiture,voiture,5,2,1,1,2
201900016602,2019-12-27 19:35:00,2019,12,27,19,35,69,69266,PIERRE BARATIN     (Rue),45.76339,4.90043,Nuit avec éclairage allumé,En agglomération,Hors intersection,Normale,Autre collision,4,1,1,0,1,1,1,1,1,50,1,2,1,0,1,0,20.0,,voiture,,5,2,1,1,6
201900016603,2019-12-28 09:00:00,2019,12,28,9,0,65,65286,MARCADAL (PLACE),43.09539,-0.04627,Plein jour,En agglomération,Hors intersection,Normale,Autre collision,4,2,2,0,1,1,1,0,1,50,1,2,1,0,0,1,67.0,,voiture,,1,2,1,1,6
201900016604,2019-12-29 15:10:00,2019,12,29,15,10,59,59599,ROOSEVELT (RUE FRANKLIN),50.727523,3.16362,Plein jour,En agglomération,Intersection en X,Normale,Deux véhicules - côté,4,2,2,0,1,1,1,5,1,50,2,2,1,0,0,1,53.0,77.0,voiture,voiture,1,2,2,1,3
201900016605,2019-12-28 19:20:00,2019,12,28,19,20,54,54469,RD135,49.15462,6.00155,Nuit sans éclairage public,Hors agglomération,Hors intersection,Normale,Deux véhicules - arrière,3,2,2,0,1,1,1,0,1,80,2,3,1,0,0,2,34.0,44.0,voiture,voiture,3,1,1,1,2
201900016606,2019-12-29 21:25:00,2019,12,29,21,25,50,50218,PORT (RUE DU),48.83577,-1.60466,Nuit avec éclairage allumé,En agglomération,Place,Normale,Deux véhicules - côté,7,2,2,0,1,1,1,0,1,30,2,3,1,0,0,2,16.0,63.0,deux_roues,utilitaire_camion,5,2,7,1,3
201900016607,2019-12-29 18:30:00,2019,12,29,18,30,45,45235,133 RUE NATIONALE,47.94148,1.81971,Crépuscule ou aube,En agglomération,Hors intersection,Normale,Deux véhicules - côté,4,2,2,0,1,1,1,0,1,50,2,1,0,0,0,1,31.0,,deux_roues,,2,2,1,1,3
201900016608,2019-12-29 11:45:00,2019,12,29,11,45,44,44162,RUE DE L'AQUITAINE,47.2102456,-1.616062,Plein jour,En agglomération,Hors intersection,Normale,Autre collision,4,2,0,0,1,1,1,0,1,30,1,2,1,0,1,0,62.0,,voiture,,1,2,1,1,6
201900016609,2019-12-29 17:07:00,2019,12,29,17,7,37,37261,PARCAY (RUE DE),47.4120296,0.7255268,Plein jour,En agglomération,Hors intersection,Temps couvert,Deux véhicules - frontale,4,2,2,0,2,3,2,2,1,50,2,3,0,0,0,3,45.0,56.0,voiture,voiture,1,2,1,8,1
201900016610,2019-12-29 07:25:00,2019,12,29,7,25,37,37214,CROIX PERIGOURD (RUE DE LA),47.414578,0.6578796,Nuit avec éclairage allumé,En agglomération,Hors intersection,Normale,Autre collision,4,2,2,0,1,1,1,0,1,50,1,1,0,0,0,1,68.0,,voiture,,5,2,1,1,6
201900016611,2019-12-29 12:26:00,2019,12,29,12,26,35,35238,LEROUX (BD OSCAR),48.091551,-1.667459,Plein jour,En agglomération,Intersection en X,Temps éblouissant,Autre collision,4,3,2,0,1,2,1,5,1,30,1,2,1,0,0,1,45.0,,voiture,,1,2,2,7,6
201900016612,2019-12-29 12:50:00,2019,12,29,12,50,13,13206,ROME (RUE DE),43.291173,5.380726,Plein jour,En agglomération,Intersection en T,Temps couvert,Trois véhicules et plus - collisions multiples,7,1,2,0,1,1,1,0,6,50,3,3,2,0,0,1,31.0,31.0,deux_roues,voiture,1,2,3,8,5
201900016613,2019-12-28 15:30:00,2019,12,28,15,30,13,13213,OLIVES (AVENUE DES),43.325989,5.440078,Plein jour,En agglomération,Hors intersection,Normale,Deux véhicules - arrière,4,1,2,0,1,1,1,0,1,50,2,5,1,0,0,4,31.0,60.0,voiture,voiture,1,2,1,1,2
201900016614,2019-12-29 01:10:00,2019,12,29,1,10,13,13213,ALPHONSE DAUDET (RUE),43.3190463,5.4081947,Nuit avec éclairage allumé,En agglomération,Intersection en X,Normale,Trois véhicules et plus - en chaîne,4,1,1,0,1,1,1,0,1,50,3,4,1,0,1,2,19.0,32.0,voiture,deux_roues,5,2,2,1,4
201900016615,2019-12-18 17:15:00,2019,12,18,17,15,13,13201,VOLTAIRE    PAIRS (BOULEVARD),43.301986,5.37971,Crépuscule ou aube,En agglomération,Intersection en X,Normale,Deux véhicules - côté,4,1,1,0,1,1,1,0,1,50,2,2,1,0,0,1,29.0,48.0,deux_roues,voiture,2,2,2,1,3
201900016616,2019-07-30 22:40:00,2019,7,30,22,40,7,07331,ISSOUX (QUARTIER),44.65269,4.32518,Nuit sans éclairage public,En agglomération,Hors intersection,Normale,Deux véhicules - arrière,4,2,1,0,1,1,1,0,1,50,2,3,2,0,1,0,64.0,17.0,voiture,deux_roues,3,2,1,1,2
201900016617,2019-12-28 14:15:00,2019,12,28,14,15,3,03185,,46.3405292,2.6318739,Plein jour,Hors agglomération,Hors intersection,Normale,Deux véhicules - frontale,3,2,2,0,2,1,1,0,1,70,2,2,0,0,2,0,84.0,71.0,voiture,voiture,1,1,1,1,1
201900016618,2019-12-28 21:20:00,2019,12,28,21,20,75,75116,BD PERIPHERIQUE INTERIEUR,48.8532091,2.2532487,Nuit avec éclairage allumé,En agglomération,Hors intersection,Normale,Deux véhicules - côté,4,1,4,0,1,1,1,1,1,70,2,2,1,0,0,1,24.0,29.0,voiture,deux_roues,5,2,1,1,3
201900016619,2019-12-28 12:40:00,2019,12,28,12,40,75,75120,BD PERIPHERIQUE INTERIEUR,48.8572541,2.4139988,Plein jour,En agglomération,Hors intersection,Normale,Deux véhicules - arrière,4,1,4,0,1,1,1,0,1,70,2,2,1,0,0,1,29.0,43.0,utilitaire_camion,voiture,1,2,1,1,2
201900016620,2019-12-28 11:45:00,2019,12,28,11,45,75,75119,BD PERIPHERIQUE INTERIEUR,48.900188,2.3770934,Plein jour,En agglomération,Hors intersection,Normale,Sans collision,4,1,4,0,1,1,1,0,1,70,1,1,0,0,0,1,48.0,,deux_roues,,1,2,1,1,7
201900016621,2019-12-28 11:30:00,2019,12,28,11,30,75,75114,BD PERIPHERIQUE INTERIEUR,48.8218623,2.3174286,Plein jour,En agglomération,Hors intersection,Normale,Deux véhicules - arrière,4,1,3,0,1,1,1,0,1,70,2,2,1,0,0,1,29.0,27.0,voiture,voiture,1,2,1,1,2
201900016622,2019-12-29 14:27:00,2019,12,29,14,27,75,75120,PLACE GAMBETTA,48.865067,2.398322,Plein jour,En agglomération,Place,Normale,Autre collision,4,1,2,0,1,3,1,0,1,50,2,1,0,0,0,1,56.0,,deux_roues,,1,2,7,1,6
201900016623,2019-12-29 00:01:00,2019,12,29,0,1,75,75120,PLACE DE LA PORTE DE BAGNOLET,48.8647638,2.4088824,Nuit avec éclairage allumé,En agglomération,Place,Normale,Autre collision,4,1,2,0,1,1,1,0,1,50,1,2,0,0,0,2,,,,,5,2,7,1,6
201900016624,2019-12-29 16:00:00,2019,12,29,16,0,75,75119,RUE DE L OURCQ,48.889367,2.3836947,Plein jour,En agglomération,Intersection à plus de 4 branches,Normale,Deux véhicules - côté,4,2,2,0,1,1,1,5,1,50,2,5,3,0,0,2,21.0,33.0,deux_roues,voiture,1,2,5,1,3
201900016625,2019-12-29 06:20:00,2019,12,29,6,20,75,75119,AVENUE DE FLANDRE,48.884383,2.369195,Nuit avec éclairage allumé,En agglomération,Intersection en X,Normale,Autre collision,4,3,2,1,1,2,1,0,5,50,2,1,0,0,0,1,19.0,,deux_roues,,5,2,2,1,6
201900016626,2019-12-29 21:15:00,2019,12,29,21,15,75,75118,RUE CUSTINE,48.888813,2.346557,Nuit avec éclairage allumé,En agglomération,Intersection en X,Normale,Autre collision,4,2,2,0,2,1,1,0,1,50,1,2,1,0,0,1,28.0,,voiture,,5,2,2,1,6
201900016627,2019-12-29 17:20:00,2019,12,29,17,20,75,75118,BOULEVARD BARBES,48.890506,2.34961,Nuit avec éclairage allumé,En agglomération,Intersection en X,Normale,Deux véhicules - côté,4,2,4,-1,1,1,1,0,1,50,2,2,1,0,0,1,32.0,31.0,voiture,deux_roues,5,2,2,1,3
201900016628,2019-12-29 04:55:00,2019,12,29,4,55,75,75116,AVENUE DE LA GRANDE ARMEE,48.8744216,2.2929945,Nuit sans éclairage public,En agglomération,Place,Normale,Autre collision,4,2,6,0,3,1,1,0,1,50,1,2,1,0,0,1,25.0,,voiture,,3,2,7,1,6
201900016629,2019-12-28 21:35:00,2019,12,28,21,35,75,75117,AVENUE DE LA PORTE DE CHAMPERRET,48.886001,2.28908,Nuit avec éclairage allumé,En agglomération,Intersection en X,Normale,Deux véhicules - côté,4,2,4,0,1,1,1,0,1,30,2,6,2,0,0,4,29.0,23.0,voiture,voiture,5,2,2,1,3
201900016630,2019-12-29 06:18:00,2019,12,29,6,18,75,75116,AVENUE FOCH,48.872685,2.284572,Nuit avec éclairage allumé,En agglomération,Intersection en X,Normale,Autre collision,4,3,2,0,1,1,1,0,1,50,1,1,0,0,0,1,,,,,5,2,2,1,6
201900016631,2019-12-29 10:15:00,2019,12,29,10,15,75,75115,RUE DE VAUGIRARD,48.841487,2.30795,Plein jour,En agglomération,Intersection en X,Normale,Autre collision,4,1,3,-1,1,1,1,0,1,50,1,2,1,0,0,1,55.0,,deux_roues,,1,2,2,1,6
201900016632,2019-12-29 08:07:00,2019,12,29,8,7,75,75114,AVENUE DU MAINE,48.831467,2.325379,Nuit avec éclairage allumé,En agglomération,Intersection en Y,Normale,Autre collision,4,2,4,-1,1,1,1,0,1,50,1,1,0,0,0,1,32.0,,deux_roues,,5,2,4,1,6
201900016633,2019-12-29 04:20:00,2019,12,29,4,20,75,75113,PORTE D ITALIE,48.816452,2.360293,Nuit avec éclairage allumé,En agglomération,Giratoire,Normale,Autre collision,4,1,1,0,1,1,1,5,1,50,1,1,0,0,0,1,28.0,,voiture,,5,2,6,1,6
201900016634,2019-12-29 15:25:00,2019,12,29,15,25,75,75112,BOULEVARD DIDEROT,48.846352,2.378079,Plein jour,En agglomération,Hors intersection,Normale,Deux véhicules - arrière,4,2,4,0,1,1,1,0,1,50,2,2,1,0,0,1,46.0,32.0,voiture,deux_roues,1,2,1,1,2
201900016635,2019-12-29 08:50:00,2019,12,29,8,50,75,75103,BOULEVARD SAINT DENIS,48.86911,2.355183,Crépuscule ou aube,En agglomération,Intersection en T,Normale,Deux véhicules - côté,4,2,4,0,1,1,1,0,1,50,2,2,0,0,0,2,40.0,24.0,deux_roues,deux_roues,2,2,3,1,3
201900016636,2019-12-29 06:45:00,2019,12,29,6,45,94,94078,PARIS (rue de ),48.7389,2.4467,Nuit avec éclairage allumé,En agglomération,Hors intersection,Normale,Deux véhicules - arrière,2,3,4,0,1,1,1,0,1,50,2,2,1,0,0,1,53.0,29.0,voiture,voiture,5,2,1,1,2
201900016637,2019-12-28 22:05:00,2019,12,28,22,5,94,94074,FONTAINE SAINT-MARTIN (R DE LA),48.73,2.47,Nuit avec éclairage allumé,En agglomération,Hors intersection,Normale,Autre collision,4,3,2,0,1,4,1,0,1,50,1,1,0,0,0,1,52.0,,voiture,,5,2,1,1,6
201900016638,2019-12-29 17:30:00,2019,12,29,17,30,94,94016,PRESIDENT WILSON (AV DU),48.79682,2.33117,Nuit avec éclairage allumé,En agglomération,Intersection en X,Normale,Deux véhicules - côté,3,2,4,0,1,1,1,0,1,50,2,2,1,0,0,1,22.0,60.0,deux_roues,voiture,5,2,2,1,3
201900016639,2019-12-29 06:05:00,2019,12,29,6,5,94,94043,GENERAL LECLERC (R DU),48.81415,2.35981,Nuit avec éclairage allumé,En agglomération,Hors intersection,Normale,Sans collision,4,1,1,0,1,1,1,0,1,50,1,4,2,0,0,2,22.0,,voiture,,5,2,1,1,7
201900016640,2019-12-29 08:00:00,2019,12,29,8,0,93,93048,CHANZY (BOULEVARD),48.858593,2.429693,Crépuscule ou aube,En agglomération,Hors intersection,Normale,Deux véhicules - côté,3,2,2,0,2,1,1,0,1,50,2,2,0,0,0,2,52.0,,deux_roues,,2,2,1,1,3
201900016641,2019-12-29 00:40:00,2019,12,29,0,40,93,93027,PASTEUR (BOULEVARD) DE 1 A 39,48.92253,2.38365,Nuit avec éclairage allumé,En agglomération,Hors intersection,Normale,Deux véhicules - frontale,3,2,2,0,1,1,1,0,1,50,2,2,1,0,1,0,28.0,19.0,deux_roues,voiture,5,2,1,1,1
201900016642,2019-12-29 20:50:00,2019,12,29,20,50,93,93001,REPUBLIQUE (AVE DE LA ) => NO 41/50,48.91089,2.38508,Nuit avec éclairage allumé,En agglomération,Hors intersection,Normale,Deux véhicules - côté,3,2,2,0,1,1,1,0,1,50,2,2,1,0,0,1,31.0,50.0,deux_roues,voiture,5,2,1,1,3
201900016643,2019-12-29 16:00:00,2019,12,29,16,0,93,93001,HENRI BARBUSSE (RUE) => 95/102,48.9107,2.39123,Plein jour,En agglomération,Intersection en T,Normale,Autre collision,3,1,1,0,1,1,1,0,1,50,1,2,1,0,0,1,45.0,,voiture,,1,2,3,1,6
201900016644,2019-12-30 06:30:00,2019,12,30,6,30,31,31044,7 Avenue Georges Pompidou,43.62984,1.485628,Nuit avec éclairage allumé,En agglomération,Hors intersection,Normale,Autre collision,3,1,4,0,2,1,1,0,1,50,1,3,2,0,1,0,47.0,,utilitaire_camion,,5,2,1,1,6
201900016645,2019-12-18 17:20:00,2019,12,18,17,20,10,10381,Rue des Sports,48.275042,3.97639,Nuit avec éclairage allumé,En agglomération,Intersection en T,Normale,Autre collision,3,2,2,0,1,1,1,0,1,30,2,2,1,0,1,0,34.0,20.0,voiture,deux_roues,5,2,3,1,6
201900016646,2019-12-28 15:45:00,2019,12,28,15,45,972,97232,N6,14.56535,-60.85766,Plein jour,Hors agglomération,Hors intersection,Normale,Deux véhicules - frontale,2,2,2,0,2,4,1,0,1,70,2,4,3,0,1,0,30.0,46.0,voiture,deux_roues,1,1,1,1,1
201900016647,2019-12-29 01:10:00,2019,12,29,1,10,972,97210,D6,14.595367,-60.91342,Nuit sans éclairage public,Hors agglomération,Hors intersection,Normale,Autre collision,3,2,2,0,1,1,1,0,1,80,1,2,1,1,0,0,27.0,,voiture,,3,1,1,1,6