accident_id,datetime,annee,mois,jour,heure,minute,departement,commune_insee,adresse,latitude,longitude,luminosite,agglomeration,intersection,meteo,collision,catr,circ,nbv,vosp,prof,plan,surf,infra,situ,vma,nb_vehicules,nb_usagers,nb_indemnes,nb_tues,nb_blesses_hosp,nb_blesses_legers,age_cond_1,age_cond_2,veh_type_cond_1,veh_type_cond_2,lum_code,agg_code,int_code,atm_code,col_code
201900016739,2019-12-28 12:30:00,2019,12,28,12,30,75,75110,PLACE DE LA BATAILLE DE STALINGRAD,48.882983,2.369556,Plein jour,En agglomération,Place,Temps couvert,Deux véhicules - côté,4,1,3,0,1,2,1,0,1,50,2,3,1,0,0,2,51.0,27.0,deux_roues,voiture,1,2,7,8,3
201900016740,2019-12-28 00:01:00,2019,12,28,0,1,75,75110,BOULEVARD DE MAGENTA,48.872859,2.359128,Nuit avec éclairage allumé,En agglomération,Hors intersection,Normale,Deux véhicules - côté,4,2,4,3,1,1,1,0,6,50,2,2,1,0,0,1,30.0,31.0,voiture,deux_roues,5,2,1,1,3
201900016741,2019-12-27 15:30:00,2019,12,27,15,30,75,75110,RUE LA FAYETTE,48.8776175,2.3505059,Plein jour,En agglomération,Hors intersection,Normale,Autre collision,4,1,3,3,2,1,1,0,6,50,2,1,0,0,0,1,44.0,,deux_roues,,1,2,1,1,6
201900016742,2019-12-28 03:50:00,2019,12,28,3,50,75,75109,RUE JEAN BAPTISTE PIGALLE,48.880116,2.334605,Nuit avec éclairage allumé,En agglomération,Hors intersection,Normale,Sans collision,4,1,1,0,2,1,1,0,4,50,1,1,0,0,0,1,34.0,,deux_roues,,5,2,1,1,7
201900016743,2019-12-28 15:40:00,2019,12,28,15,40,94,94076,STALINGRAD (AV DE),48.78276,2.36702,Plein jour,En agglomération,Intersection en Y,Temps couvert,Deux véhicules - côté,3,3,2,0,1,1,1,0,1,50,2,4,3,0,0,1,28.0,28.0,voiture,voiture,1,2,4,8,3
201900016744,2019-12-28 12:35:00,2019,12,28,12,35,94,94022,YVONNE MARCAILLOUX (AV),48.768214,2.4079605,Plein jour,En agglomération,Hors intersection,Normale,Deux véhicules - côté,4,2,2,0,1,1,1,0,1,50,2,5,3,0,0,2,22.0,49.0,voiture,voiture,1,2,1,1,3
201900016745,2019-12-28 12:20:00,2019,12,28,12,20,93,93070,MICHELET (AVE) : DU 1 AU 103,48.90632,2.34435,Plein jour,En agglomération,Hors intersection,Normale,Autre collision,3,3,2,0,1,1,1,0,1,20,1,2,1,0,0,1,25.0,,utilitaire_camion,,1,2,1,1,6
201900016746,2019-12-28 21:45:00,2019,12,28,21,45,93,93066,"""GUESDE JULES (BOULEVARD), NR 7 A 53""",48.936241,2.349999,Nuit avec éclairage allumé,En agglomération,Hors intersection,Normale,Autre collision,3,2,3,0,1,1,1,0,1,50,1,3,2,0,0,1,31.0,,voiture,,5,2,1,1,6
201900016747,2019-12-28 09:33:00,2019,12,28,9,33,93,93053,PARIS (RUE DE),48.90181,2.45968,Plein jour,En agglomération,Hors intersection,Temps couvert,Deux véhicules - arrière,3,2,0,0,1,1,1,0,1,50,2,3,2,0,0,1,49.0,20.0,utilitaire_camion,utilitaire_camion,1,2,1,8,2
201900016748,2019-12-28 17:45:00,2019,12,28,17,45,93,93051,PAUL SERELLE,48.82896,2.56812,Nuit avec éclairage allumé,En agglomération,Intersection en T,Normale,Autre collision,3,-1,3,0,1,3,1,0,1,50,1,1,0,0,0,1,,,,,5,2,3,1,6
201900016749,2019-12-28 07:00:00,2019,12,28,7,0,93,93013,LINDBERGH (CARREFOUR),48.94234,2.43001,Nuit sans éclairage public,En agglomération,Giratoire,Temps couvert,Autre collision,3,1,1,0,1,3,1,5,1,50,1,1,0,0,0,1,29.0,,voiture,,3,2,6,8,6
201900016750,2019-12-27 21:15:00,2019,12,27,21,15,92,92050,ARAGO FRANCOIS AVENUE,48.900891,2.224659,Nuit avec éclairage allumé,En agglomération,Hors intersection,Normale,Autre collision,3,2,4,0,1,1,1,0,1,50,1,1,0,0,0,1,,,,,5,2,1,1,6
201900016751,2019-12-28 02:40:00,2019,12,28,2,40,92,92026,MARECHAL JOFFRE (QUAI DU),48.89912,2.271,Nuit avec éclairage allumé,En agglomération,Hors intersection,Normale,Autre collision,3,3,4,0,1,1,1,0,1,70,1,4,2,0,0,2,28.0,,voiture,,5,2,1,1,6
201900016752,2019-12-29 11:25:00,2019,12,29,11,25,2B,2B121,Fontanaccia,42.414712,8.667773,Plein jour,Hors agglomération,Hors intersection,Normale,Deux véhicules - frontale,3,2,2,0,1,1,2,0,1,80,2,2,1,0,1,0,40.0,78.0,voiture,voiture,1,1,1,1,1
201900016753,2019-11-22 19:15:00,2019,11,22,19,15,1,01353,D28f,45.9571841,4.8017697,Nuit sans éclairage public,Hors agglomération,Intersection en Y,Normale,Deux véhicules - côté,3,2,2,0,3,2,2,0,1,80,2,3,1,0,0,2,41.0,47.0,voiture,voiture,3,1,4,1,3
201900016754,2019-12-29 16:15:00,2019,12,29,16,15,79,79062,10 rue du Général Catroux,46.821247,-0.655861,Plein jour,En agglomération,Intersection en T,Normale,Deux véhicules - côté,4,2,2,0,2,1,1,0,1,50,2,5,4,0,0,1,22.0,73.0,voiture,voiture,1,2,3,1,3
201900016755,2019-12-29 12:35:00,2019,12,29,12,35,79,79162,33 avenue du Marais Poitevin,46.311144,-0.52808,Plein jour,En agglomération,Hors intersection,Normale,Deux véhicules - côté,3,2,2,0,1,1,1,0,1,50,2,2,1,0,1,0,23.0,72.0,deux_roues,voiture,1,2,1,1,3
201900016756,2019-12-28 23:00:00,2019,12,28,23,0,2B,2B195,Ortiporio,42.463826,9.347007,Nuit sans éclairage public,Hors agglomération,Hors intersection,Temps couvert,Sans collision,3,2,2,0,1,1,7,0,8,90,1,1,0,1,0,0,58.0,,voiture,,3,1,1,8,7
201900016757,2019-12-29 02:30:00,2019,12,29,2,30,2B,2B207,RT 10 ZAC de FOLELLI,42.459438,9.499746,Nuit avec éclairage allumé,Hors agglomération,Intersection en X,Normale,Autre collision,2,2,2,0,1,1,1,5,8,70,1,1,0,0,1,0,20.0,,voiture,,5,1,2,1,6
201900016758,2019-12-28 20:00:00,2019,12,28,20,0,49,49135,Lieu Dit le Bas Dollan,47.562458,-0.585431,Nuit sans éclairage public,Hors agglomération,Intersection en X,Normale,Deux véhicules - côté,3,2,2,0,1,1,1,0,1,80,2,3,0,0,2,1,24.0,24.0,voiture,voiture,3,1,2,1,3
201900016759,2019-12-28 22:40:00,2019,12,28,22,40,31,31304,D826,43.581,1.795062,Nuit sans éclairage public,Hors agglomération,Hors intersection,Normale,Autre collision,3,2,2,0,1,1,1,0,3,80,1,1,0,1,0,0,40.0,,voiture,,3,1,1,1,6
201900016760,2019-12-28 23:45:00,2019,12,28,23,45,72,72300,Chemin du Bourray,48.035001,0.369277,Nuit avec éclairage allumé,Hors agglomération,Hors intersection,Normale,Deux véhicules - arrière,4,2,2,0,1,1,1,0,1,70,2,4,1,0,0,3,56.0,24.0,voiture,voiture,5,1,1,1,2
201900016761,2019-12-29 03:55:00,2019,12,29,3,55,6,06059,2000 Avenue Raymond Poincaré,43.722176,7.379549,Nuit avec éclairage allumé,En agglomération,Hors intersection,Normale,Autre collision,7,2,2,0,1,3,1,0,1,50,2,6,4,0,1,1,40.0,18.0,voiture,voiture,5,2,1,1,6
201900016762,2019-12-28 13:00:00,2019,12,28,13,0,73,73270,D101 Montée des Platanes,45.564687,6.153963,Plein jour,En agglomération,Giratoire,Normale,Autre collision,3,1,1,0,2,1,1,0,1,-1,1,2,1,0,1,0,48.0,,voiture,,1,2,6,1,6
201900016763,2019-12-29 14:10:00,2019,12,29,14,10,16,16286,,45.779014,-0.063134,Plein jour,En agglomération,Giratoire,Normale,Deux véhicules - côté,3,1,1,0,1,2,1,5,1,50,2,2,1,0,0,1,53.0,42.0,deux_roues,voiture,1,2,6,1,3
201900016764,2019-12-28 13:50:00,2019,12,28,13,50,7,07338,Marsannoux,44.898294,4.67986,Plein jour,Hors agglomération,Intersection en X,Normale,Autre collision,4,2,2,0,2,1,9,0,1,80,1,4,3,0,1,0,16.0,,voiture,,1,1,2,1,6
201900016765,2019-12-28 20:25:00,2019,12,28,20,25,7,07349,RD 86 F,44.799231,4.785346,Nuit avec éclairage allumé,En agglomération,Hors intersection,Normale,Deux véhicules - frontale,3,2,2,0,3,1,1,2,1,30,2,3,2,0,1,0,19.0,36.0,autre,deux_roues,5,2,1,1,1
201900016766,2019-12-18 15:30:00,2019,12,18,15,30,27,27056,Boulevard Dubus,49.087641,0.599196,Plein jour,En agglomération,Autre intersection,Normale,Deux véhicules - côté,3,3,2,0,1,1,1,0,1,50,2,2,0,0,0,2,20.0,31.0,deux_roues,deux_roues,1,2,9,1,3
201900016767,2019-12-26 16:28:00,2019,12,26,16,28,27,27481,N12,48.725206,0.897105,Plein jour,Hors agglomération,Hors intersection,Normale,Sans collision,2,2,2,0,1,1,1,0,8,80,1,1,0,0,1,0,57.0,,voiture,,1,1,1,1,7
201900016768,2019-12-29 18:20:00,2019,12,29,18,20,17,17385,Route des Allées,45.943086,-1.301658,Nuit avec éclairage allumé,En agglomération,Intersection en T,Normale,Deux véhicules - côté,4,2,2,0,1,1,1,5,1,50,2,2,1,0,1,0,52.0,31.0,voiture,deux_roues,5,2,3,1,3
201900016769,2019-12-28 15:54:00,2019,12,28,15,54,87,87051,D43,45.650806,1.611053,Plein jour,Hors agglomération,Hors intersection,Normale,Autre collision,3,2,2,0,1,1,1,0,1,80,1,1,0,1,0,0,52.0,,deux_roues,,1,1,1,1,6
201900016770,2019-12-29 04:45:00,2019,12,29,4,45,34,34240,A709,43.629317,3.966254,Nuit sans éclairage public,Hors agglomération,Hors intersection,Normale,Sans collision,1,1,3,0,1,1,1,0,2,90,1,4,1,0,1,2,24.0,,voiture,,3,1,1,1,7
201900016771,2019-12-29 07:35:00,2019,12,29,7,35,34,34157,A9,43.4512,3.595371,Nuit sans éclairage public,Hors agglomération,Hors intersection,Normale,Trois véhicules et plus - collisions multiples,1,3,3,0,1,1,1,0,1,130,4,6,2,1,0,3,71.0,51.0,voiture,voiture,3,1,1,1,5
201900016772,2019-12-28 18:55:00,2019,12,28,18,55,38,38064,A43,45.562762,5.371143,Nuit avec éclairage non allumé,Hors agglomération,Hors intersection,Normale,Deux véhicules - arrière,1,3,4,0,1,1,1,0,1,130,2,2,1,0,1,0,53.0,66.0,voiture,voiture,4,1,1,1,2
201900016773,2019-12-28 20:40:00,2019,12,28,20,40,988,98817,ROUTE DU VALLON DORE/RUE LOUIS THEODORE BERARD,-22.250567,166.566069,Nuit sans éclairage public,Hors agglomération,Intersection en T,Pluie forte,Autre collision,3,2,2,0,1,2,2,0,3,70,1,2,1,0,1,0,22.0,,voiture,,3,1,3,3,6
201900016774,2019-03-16 16:55:00,2019,3,16,16,55,24,24058,Route départementale 20 - Grandes Terres,45.2741,0.25016,Plein jour,Hors agglomération,Hors intersection,Normale,Sans collision,3,2,2,0,4,2,1,0,3,80,1,1,0,0,1,0,25.0,,deux_roues,,1,1,1,1,7
201900016775,2019-03-18 14:45:00,2019,3,18,14,45,85,85262,"LIEU-DIT ""PINFAUX""",46.94812,-1.51214,Plein jour,Hors agglomération,Hors intersection,Normale,Autre collision,3,2,2,0,1,1,1,0,3,80,1,4,3,0,1,0,28.0,,voiture,,1,1,1,1,6
201900016776,2019-03-17 17:40:00,2019,3,17,17,40,27,27578,D51 - D 23 - DAME MARIE,48.801347,0.995935,Crépuscule ou aube,Hors agglomération,Intersection en X,Pluie forte,Deux véhicules - frontale,3,2,2,0,2,3,2,0,1,80,2,2,1,0,1,0,65.0,84.0,deux_roues,voiture,2,1,2,3,1
201900016777,2019-03-18 08:15:00,2019,3,18,8,15,13,13044,Rn569,43.6130629,5.0118764,Plein jour,Hors agglomération,Hors intersection,Normale,Trois véhicules et plus - en chaîne,2,2,2,0,1,1,1,0,1,80,6,7,4,0,0,3,53.0,35.0,voiture,voiture,1,1,1,1,4
201900016778,2019-03-17 18:30:00,2019,3,17,18,30,1,01451,autoroute A40 PK 170+100,46.255159,5.251631,Plein jour,Hors agglomération,Hors intersection,Pluie légère,Autre collision,1,1,2,0,1,2,2,0,1,90,1,4,2,0,2,0,36.0,,voiture,,1,1,1,2,6
201900016779,2019-03-14 00:35:00,2019,3,14,0,35,974,97415,Route de savannah -Chemin le Lycée ST PAUL IV- RD4,-20.98096,55.315572,Nuit sans éclairage public,Hors agglomération,Hors intersection,Normale,Autre collision,3,2,2,0,1,1,1,5,1,50,1,2,1,0,1,0,33.0,,voiture,,3,1,1,1,6
201900016780,2019-03-16 20:35:00,2019,3,16,20,35,973,97309,Avenue Gaston Monnerville,4.88756,-52.282135,Nuit avec éclairage allumé,En agglomération,Autre intersection,Normale,Deux véhicules - frontale,3,2,2,0,2,1,1,0,1,50,2,2,1,0,1,0,36.0,27.0,voiture,deux_roues,5,2,9,1,1
201900016781,2019-03-08 16:20:00,2019,3,8,16,20,6,06152,2905 ROUTE DES DOLINES,43.62359,7.04514,Plein jour,En agglomération,Hors intersection,Normale,Deux véhicules - frontale,3,2,2,0,1,3,1,0,1,50,2,3,1,1,1,0,29.0,77.0,utilitaire_camion,deux_roues,1,2,1,1,1
201900016782,2019-03-17 05:00:00,2019,3,17,5,0,6,06083,A8 PK 219+600 sens Sud,43.796716,7.479889,Nuit sans éclairage public,Hors agglomération,Hors intersection,Normale,Autre collision,1,3,2,0,2,3,1,0,1,110,1,4,0,0,0,4,19.0,,voiture,,3,1,1,1,6
201900016783,2019-03-18 13:07:00,2019,3,18,13,7,7,07313,RD820,45.31151,4.766115,Plein jour,Hors agglomération,Hors intersection,Normale,Deux véhicules - côté,3,2,2,0,2,4,2,0,1,30,2,2,1,1,0,0,21.0,59.0,utilitaire_camion,voiture,1,1,1,1,3
201900016784,2019-03-18 08:20:00,2019,3,18,8,20,13,13081,"Autoroute A7, PK 253+800, sens N/S",43.498042,5.238861,Plein jour,Hors agglomération,Hors intersection,Normale,Deux véhicules - arrière,1,3,4,0,1,1,1,0,1,130,2,2,1,0,0,1,50.0,23.0,voiture,utilitaire_camion,1,1,1,1,2
201900016785,2019-03-18 08:05:00,2019,3,18,8,5,13,13105,A7,43.748462,5.085224,Plein jour,Hors agglomération,Hors intersection,Normale,Deux véhicules - côté,1,1,4,0,1,1,1,0,1,130,2,3,1,0,0,2,20.0,59.0,voiture,utilitaire_camion,1,1,1,1,3
201900016786,2019-03-18 08:45:00,2019,3,18,8,45,45,45265,A6 PK 97+200,48.132792,2.938378,Plein jour,Hors agglomération,Hors intersection,Normale,Deux véhicules - côté,1,3,4,0,1,1,1,0,1,130,2,2,1,0,1,0,66.0,46.0,utilitaire_camion,voiture,1,1,1,1,3
201900016787,2019-03-17 18:10:00,2019,3,17,18,10,69,69007,RD 386 - ROUTE DE LA ROCHE,45.491366,4.816358,Plein jour,En agglomération,Hors intersection,Normale,Deux véhicules - frontale,3,2,2,0,1,3,1,0,1,50,2,5,0,0,4,1,83.0,65.0,voiture,voiture,1,2,1,1,1
201900016788,2019-03-17 12:00:00,2019,3,17,12,0,973,97304,RN1 PK 83+200,5.1536068,-52.8607178,Plein jour,Hors agglomération,Hors intersection,Normale,Autre collision,2,2,2,0,1,1,1,9,8,80,1,2,0,1,0,1,33.0,,utilitaire_camion,,1,1,1,1,6
201900016789,2019-03-17 17:00:00,2019,3,17,17,0,77,77415,Route Départementale 603,48.95936,3.00001,Plein jour,Hors agglomération,Hors intersection,Pluie forte,Sans collision,3,3,4,0,2,2,2,0,3,90,1,1,0,0,0,1,25.0,,deux_roues,,1,1,1,3,7
201900016790,2019-03-13 16:20:00,2019,3,13,16,20,78,78472,RN191,48.483806,1.848556,Plein jour,Hors agglomération,Intersection à plus de 4 branches,Normale,Deux véhicules - frontale,2,2,2,0,1,1,1,0,1,80,2,2,0,0,0,2,50.0,39.0,voiture,voiture,1,1,5,1,1
201900016791,2019-03-18 17:20:00,2019,3,18,17,20,66,66212,rue jean GIONO,42.756196,2.996438,Plein jour,En agglomération,Hors intersection,Normale,Autre collision,4,2,2,0,1,1,1,0,1,30,1,2,1,0,0,1,83.0,,voiture,,1,2,1,1,6
201900016792,2019-03-17 22:30:00,2019,3,17,22,30,83,83035,Avenue des cigales,43.193219,5.792213,Nuit sans éclairage public,Hors agglomération,Hors intersection,Normale,Deux véhicules - frontale,3,2,2,0,2,2,1,0,1,-1,2,3,0,0,2,1,28.0,34.0,voiture,voiture,3,1,1,1,1
201900016793,2019-03-15 15:45:00,2019,3,15,15,45,83,83023, RD N7,43.412438,6.077087,Plein jour,Hors agglomération,Hors intersection,Normale,Autre collision,3,2,2,0,1,3,1,0,1,80,2,2,1,0,1,0,48.0,27.0,voiture,deux_roues,1,1,1,1,6
201900016794,2019-03-16 17:15:00,2019,3,16,17,15,13,13042,PK 28 - RD2 - Col de l'Espigoulier,43.31301,5.668273,Plein jour,Hors agglomération,Hors intersection,Normale,Deux véhicules - côté,3,2,2,0,2,3,1,0,1,80,2,2,0,0,1,1,26.0,50.0,deux_roues,deux_roues,1,1,1,1,3
201900016795,2019-03-16 20:00:00,2019,3,16,20,0,71,71176,8 rue victo hugo,46.490565,3.997751,Nuit avec éclairage allumé,En agglomération,Hors intersection,Normale,Deux véhicules - arrière,4,2,2,0,1,1,1,0,1,50,2,2,0,0,0,2,29.0,35.0,voiture,voiture,5,2,1,1,2
201900016796,2019-03-15 07:45:00,2019,3,15,7,45,68,68036,RD468,48.046557,7.538352,Plein jour,Hors agglomération,Hors intersection,Pluie légère,Sans collision,3,2,2,0,1,1,2,0,3,80,1,1,0,0,0,1,19.0,,deux_roues,,1,1,1,2,7
201900016797,2019-03-17 16:20:00,2019,3,17,16,20,54,54217,"RN 59, sens BACCARAT / LUNÉVILLE, PK 22+0600",48.471733,6.725752,Plein jour,Hors agglomération,Hors intersection,Neige / grêle,Deux véhicules - arrière,2,3,4,0,1,1,2,0,2,110,2,2,0,0,1,1,23.0,29.0,voiture,voiture,1,1,1,4,2
201900016798,2019-03-15 23:00:00,2019,3,15,23,0,38,38487,RN7,45.569396,4.857965,Nuit sans éclairage public,Hors agglomération,Intersection en T,Normale,Deux véhicules - côté,2,2,2,0,1,1,1,0,1,70,2,2,1,0,1,0,83.0,34.0,voiture,deux_roues,3,1,3,1,3
201900016799,2019-03-17 22:30:00,2019,3,17,22,30,38,38068,N 85,45.09215,5.7234,Nuit sans éclairage public,Hors agglomération,Hors intersection,Normale,Trois véhicules et plus - collisions multiples,2,2,2,0,1,1,2,0,1,80,3,4,0,1,2,1,22.0,24.0,voiture,voiture,3,1,1,1,5
201900016800,2019-03-18 08:40:00,2019,3,18,8,40,38,38565,3345 avenue du 11 novembre,45.269736,5.652931,Plein jour,Hors agglomération,Hors intersection,Normale,Deux véhicules - côté,3,2,2,2,1,1,1,0,5,70,2,2,1,0,0,1,55.0,31.0,deux_roues,voiture,1,1,1,1,3
201900016801,2019-03-14 10:45:00,2019,3,14,10,45,33,33243,avenue de l'Épinette,44.907743,-0.218053,Plein jour,En agglomération,Intersection en X,Normale,Deux véhicules - côté,4,2,2,0,1,1,1,5,1,50,2,2,0,0,1,1,88.0,45.0,voiture,voiture,1,2,2,1,3
201900016802,2019-03-17 04:20:00,2019,3,17,4,20,33,33243,FACE AU N° 181 AVENUE GEORGES POMPIDOU,44.94323,-0.23102,Nuit avec éclairage allumé,En agglomération,Hors intersection,Normale,Autre collision,3,2,2,0,1,2,1,0,3,50,1,1,0,0,1,0,35.0,,deux_roues,,5,2,1,1,6
201900016803,2019-03-18 13:40:00,2019,3,18,13,40,50,50531,rue de la Jarrière,48.667234,-1.26655,Plein jour,Hors agglomération,Intersection en X,Normale,Deux véhicules - arrière,3,2,2,1,2,1,2,0,1,80,2,3,1,0,0,2,23.0,37.0,voiture,voiture,1,1,2,1,2
201900016804,2019-03-14 21:02:00,2019,3,14,21,2,35,35066,D34 LE Champ rond,48.040567,-1.689549,Nuit avec éclairage allumé,Hors agglomération,Intersection en Y,Normale,Deux véhicules - côté,2,1,1,0,4,1,1,3,1,80,2,3,1,0,0,2,21.0,47.0,voiture,voiture,5,1,4,1,3
201900016805,2019-03-11 20:22:00,2019,3,11,20,22,60,60589,rue des montagnards,49.238153,2.469448,Nuit avec éclairage allumé,En agglomération,Giratoire,Normale,Autre collision,4,1,2,0,1,3,1,0,8,50,1,1,0,0,0,1,22.0,,deux_roues,,5,2,6,1,6
201900016806,2019-03-17 19:30:00,2019,3,17,19,30,59,59400,106 ROUTE D'ESTAIRES,50.642315,2.659116,Nuit sans éclairage public,En agglomération,Hors intersection,Pluie légère,Deux véhicules - frontale,3,2,2,0,1,2,2,0,1,50,2,2,0,0,2,0,25.0,27.0,deux_roues,deux_roues,3,2,1,2,1
201900016807,2019-03-16 16:05:00,2019,3,16,16,5,13,13211,A50-Sens Marseille vers Aubagne,43.29432,5.45978,Plein jour,Hors agglomération,Hors intersection,Normale,Trois véhicules et plus - en chaîne,1,1,3,0,1,1,1,0,1,90,3,3,2,0,0,1,58.0,39.0,voiture,voiture,1,1,1,1,4
201900016808,2019-03-16 16:20:00,2019,3,16,16,20,13,13071,A51-Sens Marseille vers Aix en Provence,43.40732,5.3626,Plein jour,Hors agglomération,Hors intersection,Normale,Deux véhicules - arrière,1,1,3,0,1,1,1,0,1,90,2,2,1,0,0,1,65.0,50.0,voiture,voiture,1,1,1,1,2
201900016809,2019-03-16 10:55:00,2019,3,16,10,55,13,13106,A51-Sens Marseille vers Aix en Provence,43.404735,5.359494,Plein jour,En agglomération,Hors intersection,Normale,Trois véhicules et plus - collisions multiples,1,1,3,0,1,1,1,0,1,90,3,3,2,0,0,1,69.0,28.0,voiture,voiture,1,2,1,1,5
201900016810,2019-03-17 05:36:00,2019,3,17,5,36,69,69296,A7   10.992 A 13.970,45.65526,4.83939,Nuit sans éclairage public,Hors agglomération,Hors intersection,Normale,Deux véhicules - frontale,1,1,3,0,1,1,1,0,1,110,2,1,0,0,0,1,28.0,,voiture,,3,1,1,1,1
201900016811,2019-02-26 15:30:00,2019,2,26,15,30,67,67365,Autoroute A.35,48.538539,7.718174,Plein jour,Hors agglomération,Hors intersection,Normale,Deux véhicules - arrière,1,1,3,0,1,1,1,0,1,90,2,3,2,0,0,1,72.0,57.0,voiture,voiture,1,1,1,1,2
201900016812,2019-03-17 16:54:00,2019,3,17,16,54,91,91521,RN 441,48.63591,2.40104,Plein jour,Hors agglomération,Hors intersection,Normale,Trois véhicules et plus - collisions multiples,2,1,3,0,1,3,2,0,1,90,3,3,0,0,0,3,47.0,34.0,voiture,voiture,1,1,1,1,5
201900016813,2019-03-17 09:00:00,2019,3,17,9,0,91,91645,RN 385 Extèrieure,48.76011,2.26783,Plein jour,Hors agglomération,Hors intersection,Pluie légère,Sans collision,1,1,1,0,2,4,8,2,1,50,1,2,1,0,0,1,41.0,,voiture,,1,1,1,2,7
201900016814,2019-03-17 01:25:00,2019,3,17,1,25,94,94021,AUTOROUTE A6B,48.7717,2.34511,Nuit sans éclairage public,Hors agglomération,Hors intersection,Normale,Autre collision,1,1,2,0,1,3,1,0,1,90,1,4,0,0,0,4,21.0,,voiture,,3,1,1,1,6
201900016815,2019-03-16 23:15:00,2019,3,16,23,15,94,94034,AUTOROUTE A86,48.7535882,2.3584204,Nuit sans éclairage public,Hors agglomération,Hors intersection,Normale,Deux véhicules - arrière,1,3,4,0,1,1,1,0,1,90,2,4,1,0,0,3,47.0,26.0,voiture,voiture,3,1,1,1,2
201900016816,2019-03-17 13:15:00,2019,3,17,13,15,92,92064,A13,48.8394365,2.1964831,Plein jour,Hors agglomération,Hors intersection,Normale,Autre collision,1,3,3,0,1,1,1,0,1,90,2,2,1,0,0,1,23.0,41.0,deux_roues,voiture,1,1,1,1,6
201900016817,2019-03-16 18:29:00,2019,3,16,18,29,78,78073,N12Y,48.799212,1.995673,Plein jour,Hors agglomération,Hors intersection,Normale,Sans collision,2,3,1,0,1,1,1,0,1,50,1,2,0,0,0,2,27.0,,deux_roues,,1,1,1,1,7
201900016818,2019-02-21 17:30:00,2019,2,21,17,30,95,95203,PARIS (AVENUE DE),48.9913233,2.2879404,Plein jour,En agglomération,Hors intersection,Normale,Autre collision,3,2,4,0,1,1,1,0,1,50,1,2,1,0,1,0,38.0,,voiture,,1,2,1,1,6
201900016819,2019-01-04 18:11:00,2019,1,4,18,11,87,87085,63 DE-LATTRE-DE-TASSIGNY (AVENUE DU MARECHAL),45.82499,1.27494,Crépuscule ou aube,En agglomération,Hors intersection,Normale,Autre collision,3,4,4,0,1,2,2,0,4,50,1,1,0,0,0,1,23.0,,utilitaire_camion,,2,2,1,1,6
201900016820,2019-03-14 06:20:00,2019,3,14,6,20,74,74305,VOIRONS (RUE DES),46.20251,6.25584,Crépuscule ou aube,En agglomération,Intersection en T,Temps couvert,Deux véhicules - côté,3,2,3,3,2,1,2,0,2,50,2,2,1,0,0,1,46.0,35.0,voiture,voiture,2,2,3,8,3
201900016821,2019-03-14 19:45:00,2019,3,14,19,45,71,71306,COUDRAIE (RUE DE LA),46.6920572,4.3504158,Plein jour,En agglomération,Hors intersection,Normale,Deux véhicules - côté,3,2,2,0,1,1,1,0,1,50,2,2,1,0,0,1,58.0,54.0,voiture,voiture,1,2,1,1,3
201900016822,2019-03-13 17:15:00,2019,3,13,17,15,71,71306,MOULINS (QUAI DE),46.66457,4.35114,Plein jour,En agglomération,Hors intersection,Normale,Deux véhicules - côté,3,2,2,0,1,1,1,0,1,50,2,3,1,0,0,2,51.0,42.0,voiture,voiture,1,2,1,1,3
201900016823,2019-03-12 02:40:00,2019,3,12,2,40,64,64445,CHAMPETIER DE RIBES,43.30364,-0.37816,Nuit avec éclairage allumé,En agglomération,Hors intersection,Normale,Sans collision,4,-1,2,0,1,1,1,0,1,50,1,1,0,0,0,1,54.0,,voiture,,5,2,1,1,7
201900016824,2019-03-12 10:40:00,2019,3,12,10,40,62,62753,rue Laurent Gers,50.298593,2.802587,Plein jour,En agglomération,Hors intersection,Normale,Autre collision,3,2,2,0,1,1,1,0,1,30,1,3,1,1,1,0,54.0,,voiture,,1,2,1,1,6
201900016825,2019-02-05 18:00:00,2019,2,5,18,0,44,44109,BOULEVARD DE LA PRAIRIE AU DUC,47.20493,-1.5585,Plein jour,En agglomération,Hors intersection,Normale,Autre collision,4,2,0,0,1,1,1,0,1,50,1,1,0,0,0,1,,,,,1,2,1,1,6
201900016826,2019-03-12 21:00:00,2019,3,12,21,0,38,38544,SERPAIZE(RUE),45.52,4.88,Nuit avec éclairage allumé,En agglomération,Intersection en T,Normale,Deux véhicules - côté,4,2,2,0,1,1,1,0,1,50,2,2,0,0,0,2,21.0,37.0,voiture,voiture,5,2,3,1,3
201900016827,2019-03-13 08:40:00,2019,3,13,8,40,37,37214,BORDIERS (RUE DES),47.42802,0.67258,Plein jour,En agglomération,Intersection en X,Normale,Deux véhicules - côté,4,2,2,0,1,1,1,5,1,50,2,2,0,0,0,2,24.0,45.0,voiture,voiture,1,2,2,1,3
201900016828,2019-03-14 02:15:00,2019,3,14,2,15,11,11069,DAVILLA -PLACE-,43.21256,2.34541,Nuit avec éclairage allumé,En agglomération,Hors intersection,Pluie légère,Autre collision,4,1,2,0,1,1,2,0,1,50,1,1,0,0,0,1,65.0,,voiture,,5,2,1,2,6
201900016829,2019-02-14 19:50:00,2019,2,14,19,50,94,94017,MAURICE THOREZ (AV),48.81047,2.53511,Nuit sans éclairage public,En agglomération,Hors intersection,Normale,Autre collision,3,2,2,0,1,1,1,0,1,30,1,2,1,0,0,1,16.0,,voiture,,3,2,1,1,6