accident_id,datetime,annee,mois,jour,heure,minute,departement,commune_insee,adresse,latitude,longitude,luminosite,agglomeration,intersection,meteo,collision,catr,circ,nbv,vosp,prof,plan,surf,infra,situ,vma,nb_vehicules,nb_usagers,nb_indemnes,nb_tues,nb_blesses_hosp,nb_blesses_legers,age_cond_1,age_cond_2,veh_type_cond_1,veh_type_cond_2,lum_code,agg_code,int_code,atm_code,col_code
201900016830,2019-02-13 09:05:00,2019,2,13,9,5,94,94017,ROGER SALENGRO (AV),48.81946,2.48671,Plein jour,En agglomération,Hors intersection,Normale,Autre collision,3,3,4,0,1,1,1,0,1,30,1,2,1,0,0,1,66.0,,voiture,,1,2,1,1,6
201900016831,2019-02-12 16:15:00,2019,2,12,16,15,94,94017,FELIX FAURE (R),48.80825,2.55524,Plein jour,En agglomération,Hors intersection,Normale,Deux véhicules - arrière,4,1,1,0,1,1,1,0,1,30,2,2,1,0,0,1,27.0,28.0,utilitaire_camion,utilitaire_camion,1,2,1,1,2
201900016832,2019-02-06 07:45:00,2019,2,6,7,45,94,94017,STALINGRAD (BD DE),48.8177,2.5063,Crépuscule ou aube,En agglomération,Hors intersection,Temps couvert,Deux véhicules - frontale,3,2,2,0,1,1,1,0,1,50,2,2,1,0,0,1,43.0,55.0,voiture,deux_roues,2,2,1,8,1
201900016833,2019-01-22 22:55:00,2019,1,22,22,55,94,94017,GENERAL DE GAULLE (AV DU),48.8239,2.49763,Nuit avec éclairage allumé,En agglomération,Autre intersection,Neige / grêle,Autre collision,3,2,2,0,1,1,5,0,1,50,1,1,0,0,0,1,,,,,5,2,9,4,6
201900016834,2019-01-31 22:00:00,2019,1,31,22,0,94,94017,GENERAL DE GAULLE (AV DU),48.82002,2.48419,Nuit sans éclairage public,En agglomération,Intersection en X,Temps couvert,Deux véhicules - côté,3,2,4,0,1,1,2,1,1,50,2,4,2,0,0,2,25.0,61.0,voiture,voiture,3,2,2,8,3
201900016835,2019-01-27 02:05:00,2019,1,27,2,5,94,94017,GENERAL DE GAULLE (AV DU),48.80034,2.48392,Nuit avec éclairage allumé,En agglomération,Autre intersection,Pluie légère,Deux véhicules - côté,3,-1,1,0,1,1,2,0,1,50,2,3,1,0,0,2,22.0,26.0,deux_roues,utilitaire_camion,5,2,9,2,3
201900016836,2019-01-21 20:15:00,2019,1,21,20,15,94,94017,Pont de Nogent,48.83,2.49,Nuit sans éclairage public,En agglomération,Hors intersection,Normale,Deux véhicules - côté,2,2,0,0,1,1,1,2,1,50,2,3,1,1,0,1,36.0,28.0,deux_roues,voiture,3,2,1,1,3
201900016837,2019-01-19 21:40:00,2019,1,19,21,40,94,94017,EUGENE VARLIN (R),48.82609,2.52121,Nuit avec éclairage allumé,En agglomération,Autre intersection,Pluie légère,Deux véhicules - frontale,4,2,2,0,2,3,2,0,1,50,2,4,0,0,0,4,45.0,41.0,voiture,voiture,5,2,9,2,1
201900016838,2019-01-18 15:15:00,2019,1,18,15,15,94,94017,GENERAL LAMBERT (R DU),48.809,2.555,Plein jour,En agglomération,Intersection en X,Normale,Deux véhicules - côté,4,1,1,0,1,1,1,5,1,50,2,3,2,0,0,1,48.0,37.0,voiture,voiture,1,2,2,1,3
201900016839,2019-01-18 06:45:00,2019,1,18,6,45,94,94017,François Mittérrand (avenue),48.816,2.512,Nuit avec éclairage allumé,En agglomération,Hors intersection,Temps couvert,Trois véhicules et plus - collisions multiples,4,3,3,0,2,1,2,0,1,50,3,3,1,0,0,2,,40.0,voiture,voiture,5,2,1,8,5
201900016840,2019-01-16 10:20:00,2019,1,16,10,20,94,94017,REPUBLIQUE (AV DE LA),48.82471,2.50999,Plein jour,En agglomération,Intersection en T,Normale,Deux véhicules - côté,3,2,2,0,1,1,1,0,1,50,2,2,1,0,0,1,27.0,33.0,voiture,voiture,1,2,3,1,3
201900016841,2019-01-14 10:20:00,2019,1,14,10,20,94,94017,GENERAL DE GAULLE (AV DU),48.8215403,2.4893204,Plein jour,En agglomération,Hors intersection,Normale,Deux véhicules - côté,3,2,4,0,1,1,1,0,1,50,2,2,1,0,0,1,38.0,70.0,deux_roues,voiture,1,2,1,1,3
201900016842,2019-01-10 11:30:00,2019,1,10,11,30,94,94017,JACQUES SOLOMON (R),48.80582,2.5487,Plein jour,En agglomération,Hors intersection,Pluie légère,Autre collision,4,2,2,0,1,1,1,0,1,30,1,3,2,0,0,1,31.0,,voiture,,1,2,1,2,6
201900016843,2019-01-10 19:20:00,2019,1,10,19,20,94,94017,MAURICE THOREZ (AV),48.799838,2.533833,Nuit avec éclairage allumé,En agglomération,Autre intersection,Normale,Autre collision,3,1,2,0,1,1,1,9,1,50,1,2,1,0,0,1,62.0,,voiture,,5,2,9,1,6
201900016844,2019-01-07 08:50:00,2019,1,7,8,50,94,94017,REPUBLIQUE (AV DE LA),48.8248,2.5099,Plein jour,En agglomération,Hors intersection,Temps couvert,Autre collision,3,2,2,0,1,1,1,0,1,30,1,2,1,0,0,1,40.0,,deux_roues,,1,2,1,8,6
201900016845,2019-01-07 08:25:00,2019,1,7,8,25,94,94017,MARIE (AV),48.81709,2.55233,Plein jour,En agglomération,Intersection en X,Normale,Autre collision,4,1,1,0,1,1,1,0,1,30,1,1,0,0,0,1,,,,,1,2,2,1,6
201900016846,2019-01-05 16:20:00,2019,1,5,16,20,94,94017,GENERAL DE GAULLE (AV DU),48.82326,2.49496,Plein jour,En agglomération,Autre intersection,Temps couvert,Autre collision,3,2,4,0,1,1,1,0,1,50,1,2,1,0,0,1,30.0,,utilitaire_camion,,1,2,9,8,6
201900016847,2019-02-10 16:35:00,2019,2,10,16,35,94,94002,EMILE ZOLA (R),48.79972,2.42606,Plein jour,En agglomération,Intersection en T,Pluie légère,Deux véhicules - côté,3,2,2,0,2,1,2,0,1,50,2,2,1,0,0,1,39.0,27.0,voiture,deux_roues,1,2,3,2,3
201900016848,2019-01-27 16:00:00,2019,1,27,16,0,94,94002,JEAN BAPTISTE PREUX (ALL),48.77701,2.41932,Plein jour,En agglomération,Intersection en T,Pluie forte,Sans collision,4,2,2,0,1,2,2,0,1,50,1,2,1,0,1,0,16.0,,deux_roues,,1,2,3,3,7
201900016849,2019-01-25 14:20:00,2019,1,25,14,20,94,94002,LATERAL (CHE),48.8119,2.4194,Plein jour,En agglomération,Hors intersection,Normale,Autre collision,4,2,2,0,2,1,1,2,1,50,1,2,1,0,0,1,37.0,,voiture,,1,2,1,1,6
201900016850,2019-01-15 08:30:00,2019,1,15,8,30,94,94002,TOULON (R DE),48.78763,2.42892,Crépuscule ou aube,En agglomération,Autre intersection,Temps couvert,Deux véhicules - côté,4,1,1,1,1,1,1,0,2,50,2,2,1,0,0,1,32.0,58.0,voiture,deux_roues,2,2,9,8,3
201900016851,2019-01-15 08:45:00,2019,1,15,8,45,92,92078,VERDUN (AVENUE) (PAIRS 92 ET PLUS),48.934971,2.325755,Plein jour,En agglomération,Hors intersection,Normale,Deux véhicules - côté,3,2,6,1,1,1,1,0,1,50,2,2,1,0,0,1,43.0,,voiture,,1,2,1,1,3
201900016852,2019-03-13 18:30:00,2019,3,13,18,30,93,93006,AUTOROUTE A3,48.86581,2.42173,Plein jour,Hors agglomération,Hors intersection,Normale,Sans collision,1,3,9,0,1,1,1,0,1,90,1,1,0,0,0,1,51.0,,deux_roues,,1,1,1,1,7
201900016853,2019-03-13 08:10:00,2019,3,13,8,10,95,95252,AUTOROUTE A15,48.97633,2.23603,Plein jour,Hors agglomération,Hors intersection,Normale,Deux véhicules - arrière,1,3,8,0,1,1,1,0,1,110,2,3,2,0,0,1,43.0,32.0,voiture,utilitaire_camion,1,1,1,1,2
201900016854,2019-03-13 08:55:00,2019,3,13,8,55,93,93027,AUTOROUTE A86,48.92584,2.39773,Plein jour,Hors agglomération,Hors intersection,Normale,Deux véhicules - arrière,1,3,10,0,1,1,1,0,1,90,2,2,1,0,0,1,25.0,26.0,voiture,deux_roues,1,1,1,1,2
201900016855,2019-03-13 06:10:00,2019,3,13,6,10,95,95028,RN 104,49.06255,2.33704,Nuit sans éclairage public,Hors agglomération,Hors intersection,Normale,Autre collision,2,3,5,0,1,3,1,8,1,70,1,1,0,0,0,1,24.0,,voiture,,3,1,1,1,6
201900016856,2019-03-16 07:50:00,2019,3,16,7,50,988,98818,ROUTE DE LA BAIE DES DAMES,-22.23306,166.43399,Plein jour,En agglomération,Hors intersection,Normale,Sans collision,4,1,2,0,1,1,1,0,1,50,1,2,1,0,1,0,29.0,,transport_commun,,1,2,1,1,7
201900016857,2019-03-16 04:32:00,2019,3,16,4,32,988,98818,VE1,-22.22484,166.46568,Nuit avec éclairage allumé,Hors agglomération,Hors intersection,Normale,Autre collision,1,3,4,0,1,1,1,9,1,70,1,3,0,0,2,1,43.0,,utilitaire_camion,,5,1,1,1,6
201900016858,2019-03-15 05:55:00,2019,3,15,5,55,976,97611,passamanty-Canavibe (rue),-12.80193,45.21471,Plein jour,En agglomération,Hors intersection,Normale,Deux véhicules - frontale,2,2,-1,0,1,1,1,9,1,50,2,1,0,0,0,1,26.0,,deux_roues,,1,2,1,1,1
201900016859,2019-03-15 09:20:00,2019,3,15,9,20,974,97416,Bd Notre dame de la Trinité,-20.89272,55.46426,Plein jour,En agglomération,Hors intersection,Normale,Autre collision,9,2,2,0,1,2,1,9,1,30,1,2,1,0,1,0,43.0,,voiture,,1,2,1,1,6
201900016860,2019-03-15 15:10:00,2019,3,15,15,10,974,97411,NOTRE DAME DE LA TRINITE (BOULEVARD),-20.89272,55.46426,Plein jour,En agglomération,Hors intersection,Pluie légère,Deux véhicules - côté,4,2,2,0,1,1,1,0,1,30,2,2,0,0,1,1,47.0,22.0,voiture,deux_roues,1,2,1,2,3
201900016861,2019-03-15 10:00:00,2019,3,15,10,0,974,97411,TESSAN (RUE),-20.89422,55.47906,Plein jour,En agglomération,Intersection en X,Normale,Deux véhicules - côté,4,2,2,0,2,1,1,9,1,50,2,2,1,0,1,0,22.0,74.0,deux_roues,voiture,1,2,2,1,3
201900016862,2019-03-16 18:30:00,2019,3,16,18,30,69,69387,GAMBETTA                            (CO),45.75543,4.84253,Crépuscule ou aube,En agglomération,Hors intersection,Normale,Autre collision,4,2,4,0,1,1,1,0,1,50,1,1,0,0,0,1,,,,,2,2,1,1,6
201900016863,2019-03-16 14:46:00,2019,3,16,14,46,69,69386,MARECHAL DE SAXE                    (R ),45.76713,4.84423,Plein jour,En agglomération,Hors intersection,Normale,Autre collision,4,2,3,3,1,1,1,0,1,50,1,2,1,0,0,1,16.0,,deux_roues,,1,2,1,1,6
201900016864,2019-03-16 08:20:00,2019,3,16,8,20,69,69388,ETATS UNIS (DES)                    (BD),45.7391,4.85977,Plein jour,En agglomération,Intersection en T,Normale,Deux véhicules - côté,4,3,6,1,1,1,1,9,1,50,2,2,1,0,0,1,39.0,45.0,voiture,deux_roues,1,2,3,1,3
201900016865,2019-03-15 19:30:00,2019,3,15,19,30,69,69388,ANDRE LATARJET                      (PL),45.7296,4.88608,Crépuscule ou aube,En agglomération,Hors intersection,Normale,Autre collision,7,2,0,0,1,1,1,0,1,50,1,2,1,0,0,1,13.0,,deux_roues,,2,2,1,1,6
201900016866,2019-03-15 15:05:00,2019,3,15,15,5,69,69387,ST JEAN DE DIEU                     (R ),45.72868,4.84568,Plein jour,En agglomération,Hors intersection,Normale,Deux véhicules - arrière,7,2,2,0,1,1,1,0,1,50,2,3,2,0,0,1,41.0,55.0,voiture,voiture,1,2,1,1,2
201900016867,2019-03-15 15:05:00,2019,3,15,15,5,69,69387,GARIBALDI                           (R ),45.74882,4.85318,Plein jour,En agglomération,Hors intersection,Normale,Autre collision,7,1,-1,0,1,1,1,0,1,50,2,3,2,0,1,0,51.0,23.0,voiture,voiture,1,2,1,1,6
201900016868,2019-03-15 14:15:00,2019,3,15,14,15,69,69383,GAMBETTA                            (CO),45.75058,4.85661,Plein jour,En agglomération,Hors intersection,Temps couvert,Autre collision,4,2,4,3,1,1,1,0,1,50,1,2,1,0,0,1,75.0,,voiture,,1,2,1,8,6
201900016869,2019-03-05 21:00:00,2019,3,5,21,0,69,69259,VIVIANI                             (AV),45.7253,4.86813,Nuit avec éclairage allumé,En agglomération,Hors intersection,Normale,Deux véhicules - arrière,7,3,2,0,1,1,1,0,1,50,2,2,1,0,0,1,22.0,31.0,voiture,deux_roues,5,2,1,1,2
201900016870,2019-03-05 20:52:00,2019,3,5,20,52,69,69388,CHALLEMEL LACOUR                    (R ),45.72935,4.84992,Nuit avec éclairage allumé,En agglomération,Hors intersection,Normale,Deux véhicules - côté,7,1,1,0,1,1,1,8,1,30,2,2,1,0,0,1,50.0,31.0,deux_roues,voiture,5,2,1,1,3
201900016871,2019-03-14 16:50:00,2019,3,14,16,50,69,69386,VITTON                              (CO),45.76946,4.85232,Plein jour,En agglomération,Intersection en X,Pluie légère,Autre collision,4,1,3,0,1,1,2,0,2,50,1,2,1,0,0,1,51.0,,voiture,,1,2,2,2,6
201900016872,2019-03-14 16:40:00,2019,3,14,16,40,69,69388,ST ROMAIN                           (R ),45.74037,4.86762,Plein jour,En agglomération,Intersection en T,Pluie légère,Autre collision,7,1,3,0,1,1,2,0,1,50,1,4,3,0,0,1,32.0,,voiture,,1,2,3,2,6
201900016873,2019-03-14 09:45:00,2019,3,14,9,45,69,69383,MARIUS VIVIER MERLE                 (BD),45.75858,4.85822,Plein jour,En agglomération,Hors intersection,Normale,Autre collision,4,2,2,3,1,1,1,0,1,50,1,2,1,0,0,1,59.0,,transport_commun,,1,2,1,1,6
201900016874,2019-03-16 13:40:00,2019,3,16,13,40,972,97213,ROUTE DEPARTEMENTALE 3,14.619715,-60.99441,Plein jour,En agglomération,Giratoire,Normale,Trois véhicules et plus - collisions multiples,2,1,2,0,1,2,1,0,1,50,4,9,1,0,1,7,45.0,74.0,voiture,voiture,1,2,6,1,5
201900016875,2019-03-14 01:25:00,2019,3,14,1,25,972,97213,BOIS CARRE (RUE DU),14.62512,-60.99225,Nuit avec éclairage allumé,Hors agglomération,Hors intersection,Normale,Sans collision,4,2,1,0,1,3,1,0,1,50,1,1,0,0,0,1,63.0,,utilitaire_camion,,5,1,1,1,7
201900016876,2019-03-15 15:34:00,2019,3,15,15,34,972,97209,POINTE SABLE (ROUTE DE),14.5995,-61.05026,Plein jour,Hors agglomération,Hors intersection,Normale,Deux véhicules - côté,2,1,2,0,1,1,1,0,1,50,2,2,1,0,1,0,43.0,31.0,voiture,deux_roues,1,1,1,1,3
201900016877,2019-03-15 14:55:00,2019,3,15,14,55,972,97209,REPUBLIQUE (RUE DE LA ),14.60705,-61.06932,Plein jour,En agglomération,Hors intersection,Normale,Autre collision,4,1,3,3,1,1,1,0,2,50,1,2,1,0,0,1,70.0,,voiture,,1,2,1,1,6
201900016878,2019-03-15 02:15:00,2019,3,15,2,15,972,97209,AUTOROUTE (A1),14.61523,-61.04519,Nuit sans éclairage public,En agglomération,Hors intersection,Normale,Sans collision,1,1,6,0,2,1,1,0,1,90,1,1,0,0,0,1,27.0,,deux_roues,,3,2,1,1,7
201900016879,2019-03-14 18:30:00,2019,3,14,18,30,69,69152,HENRI BARBUSSE                      (R ),45.69744,4.82125,Nuit avec éclairage allumé,En agglomération,Hors intersection,Pluie légère,Autre collision,4,-1,2,0,1,1,2,0,1,50,2,3,2,0,0,1,55.0,28.0,voiture,deux_roues,5,2,1,2,6
201900016880,2019-03-14 20:30:00,2019,3,14,20,30,69,69389,GARE D'EAU (DE LA)                  (QU),45.78055,4.80893,Nuit avec éclairage allumé,En agglomération,Hors intersection,Pluie légère,Deux véhicules - côté,4,2,2,0,1,1,2,5,1,50,2,2,1,0,0,1,53.0,19.0,voiture,deux_roues,5,2,1,2,3
201900016881,2019-03-14 17:45:00,2019,3,14,17,45,69,69389,BALMONT (DE)                        (BD),45.78883,4.80039,Plein jour,En agglomération,Hors intersection,Pluie forte,Autre collision,7,2,2,0,1,1,2,0,1,50,1,2,1,0,0,1,41.0,,voiture,,1,2,1,3,6
201900016882,2019-03-14 08:30:00,2019,3,14,8,30,69,69385,FARGES (DES)                        (R ),45.75703,4.82109,Plein jour,En agglomération,Hors intersection,Normale,Sans collision,7,2,2,0,2,1,1,0,2,50,1,1,0,0,0,1,54.0,,deux_roues,,1,2,1,1,7
201900016883,2019-03-14 06:35:00,2019,3,14,6,35,69,69385,FRANCOIS GENIN                      (R ),45.75636,4.79697,Crépuscule ou aube,En agglomération,Intersection en X,Normale,Deux véhicules - arrière,4,2,3,0,1,2,1,0,1,50,2,2,0,0,0,2,32.0,34.0,voiture,voiture,2,2,2,1,2
201900016884,2019-03-15 17:25:00,2019,3,15,17,25,971,97113,MONTAUBAN (SECTEUR),16.21491,-61.5008,Plein jour,En agglomération,Hors intersection,Normale,Deux véhicules - côté,4,2,2,0,2,1,1,0,1,50,2,2,1,0,1,0,53.0,28.0,voiture,deux_roues,1,2,1,1,3
201900016885,2019-03-14 07:50:00,2019,3,14,7,50,971,97113,RN4-ROND POINT SAINT FELIX,16.20719,-61.45497,Plein jour,Hors agglomération,Hors intersection,Normale,Autre collision,2,3,2,2,1,3,1,9,1,70,1,3,2,0,1,0,46.0,,voiture,,1,1,1,1,6
201900016886,2019-03-10 03:44:00,2019,3,10,3,44,971,97113,PONT DE POUCET,16.2091952,-61.4712551,Nuit avec éclairage allumé,En agglomération,Hors intersection,Normale,Autre collision,2,1,1,0,1,1,1,0,1,90,1,3,1,1,1,0,33.0,,voiture,,5,2,1,1,6
201900016887,2019-03-15 12:15:00,2019,3,15,12,15,2A,2A004,BONAPARTE CHARLES  BD,41.93242,8.74133,Plein jour,En agglomération,Hors intersection,Temps couvert,Deux véhicules - côté,2,1,2,0,1,1,1,0,1,50,2,2,1,0,0,1,52.0,46.0,voiture,utilitaire_camion,1,2,1,8,3
201900016888,2019-03-08 15:45:00,2019,3,8,15,45,95,95197,GARE (RUE DE LA),48.97546,2.33357,Plein jour,En agglomération,Hors intersection,Normale,Autre collision,3,2,2,0,1,1,1,0,1,50,1,4,3,0,0,1,39.0,,voiture,,1,2,1,1,6
201900016889,2019-03-16 17:40:00,2019,3,16,17,40,95,95063,RUE ALPHONSE CORNAILLE,48.93753,2.20677,Plein jour,En agglomération,Autre intersection,Normale,Autre collision,4,1,1,0,1,1,1,9,1,30,1,2,1,0,0,1,19.0,,voiture,,1,2,9,1,6
201900016890,2019-03-15 22:30:00,2019,3,15,22,30,91,91326,GAMBETTA (QUAI),48.69139,2.37756,Nuit avec éclairage allumé,En agglomération,Hors intersection,Normale,Trois véhicules et plus - collisions multiples,7,2,2,0,1,1,1,0,1,50,3,3,2,0,0,1,22.0,23.0,voiture,voiture,5,2,1,1,5
201900016891,2019-03-15 23:10:00,2019,3,15,23,10,91,91228,MONSEIGNEUR ROMERO (COURS)N°IMPAIR,48.62877,2.42767,Nuit avec éclairage allumé,En agglomération,Intersection en X,Normale,Deux véhicules - frontale,4,2,2,0,1,1,1,0,1,50,2,2,1,0,0,1,31.0,18.0,voiture,deux_roues,5,2,2,1,1
201900016892,2019-03-15 22:00:00,2019,3,15,22,0,91,91228,FRANCE (BD) N°PAIRS,48.62667,2.44157,Nuit avec éclairage allumé,En agglomération,Autre intersection,Normale,Deux véhicules - côté,2,2,4,0,1,1,1,0,1,50,2,7,5,0,0,2,32.0,19.0,voiture,voiture,5,2,9,1,3
201900016893,2019-03-11 20:05:00,2019,3,11,20,5,91,91228,CHAMPS ELYSEES (BD)N°1A EUROPE,48.63436,2.42538,Nuit avec éclairage allumé,En agglomération,Hors intersection,Normale,Autre collision,4,3,4,0,1,1,1,0,1,50,1,2,1,0,1,0,31.0,,voiture,,5,2,1,1,6
201900016894,2019-03-16 17:32:00,2019,3,16,17,32,91,91223,LYS (RUE DES),48.43935,2.13976,Plein jour,En agglomération,Autre intersection,Normale,Autre collision,4,2,2,0,1,1,1,9,1,30,1,2,1,0,0,1,28.0,,voiture,,1,2,9,1,6
201900016895,2019-03-16 13:55:00,2019,3,16,13,55,91,91174,SEINE(RUE DE),48.61607,2.47607,Plein jour,En agglomération,Hors intersection,Normale,Deux véhicules - côté,4,1,1,0,1,1,1,0,1,50,2,4,1,0,0,3,22.0,37.0,voiture,voiture,1,2,1,1,3
201900016896,2019-03-14 15:15:00,2019,3,14,15,15,87,87085,PERRIN (RUE FRANCOIS),45.8289,1.24339,Plein jour,En agglomération,Intersection en T,Pluie légère,Autre collision,4,2,2,0,2,1,2,0,1,50,2,2,1,0,0,1,27.0,36.0,voiture,deux_roues,1,2,3,2,6
201900016897,2019-03-13 20:10:00,2019,3,13,20,10,87,87085,LIBERATION (AVENUE DE LA),45.83413,1.25982,Nuit avec éclairage allumé,En agglomération,Hors intersection,Normale,Autre collision,4,2,2,0,2,1,1,0,1,50,1,3,1,0,0,2,50.0,,voiture,,5,2,1,1,6
201900016898,2019-03-13 14:50:00,2019,3,13,14,50,85,85191,BOULEVARD DES ETATS UNISSECTEUR 103),46.66496,-1.42225,Plein jour,En agglomération,Hors intersection,Normale,Autre collision,3,-1,2,2,1,1,2,0,1,50,1,1,0,0,0,1,84.0,,voiture,,1,2,1,1,6
201900016899,2019-01-27 10:15:00,2019,1,27,10,15,84,84031,VINGT CINQ AOUT 1944 PLACE DU,44.05242,5.04731,Plein jour,En agglomération,Hors intersection,Normale,Autre collision,4,2,2,0,1,1,1,0,1,20,1,2,1,0,1,0,81.0,,voiture,,1,2,1,1,6
201900016900,2019-03-10 07:30:00,2019,3,10,7,30,84,84007,SAINT ROCH (Boulevard),43.94254,4.80539,Crépuscule ou aube,En agglomération,Hors intersection,Normale,Autre collision,4,2,3,1,1,1,1,0,1,500,1,2,1,1,0,0,25.0,,voiture,,2,2,1,1,6
201900016901,2019-03-13 18:00:00,2019,3,13,18,0,83,83137,PRUNEAU (AVE GENERAL),43.121304,5.955749,Plein jour,En agglomération,Hors intersection,Normale,Autre collision,4,2,2,0,1,1,1,0,1,15,1,2,1,0,0,1,26.0,,voiture,,1,2,1,1,6
201900016902,2019-03-12 20:15:00,2019,3,12,20,15,83,83126,PETIN (AV HENRI),43.1041,5.87481,Nuit avec éclairage allumé,En agglomération,Hors intersection,Normale,Deux véhicules - côté,4,2,1,0,1,1,1,9,1,50,2,2,1,0,1,0,28.0,29.0,deux_roues,voiture,5,2,1,1,3
201900016903,2019-03-14 16:10:00,2019,3,14,16,10,83,83129,COURRENS (CH DE),43.0737,5.82821,Plein jour,Hors agglomération,Intersection en Y,Normale,Deux véhicules - côté,4,2,2,0,2,4,1,0,1,30,2,4,3,0,1,0,17.0,19.0,deux_roues,voiture,1,1,4,1,3
201900016904,2019-03-13 08:15:00,2019,3,13,8,15,83,83050,RD 54,43.52406,6.52573,Plein jour,Hors agglomération,Intersection en T,Normale,Deux véhicules - côté,3,2,2,0,2,3,1,5,1,80,2,2,1,0,1,0,32.0,32.0,voiture,deux_roues,1,1,3,1,3
201900016905,2019-03-12 16:30:00,2019,3,12,16,30,83,83050,BROSSOLETTE(AVENUE  PIERRE),43.5334579,6.4532715,Plein jour,En agglomération,Hors intersection,Normale,Autre collision,3,2,2,0,1,1,1,6,1,50,1,2,1,0,1,0,53.0,,utilitaire_camion,,1,2,1,1,6
201900016906,2019-03-15 14:00:00,2019,3,15,14,0,82,82121,POULT (QUAI ADOLPHE),44.01199,1.34668,Plein jour,En agglomération,Hors intersection,Normale,Autre collision,4,1,3,0,1,1,1,0,1,50,1,2,1,0,1,0,30.0,,voiture,,1,2,1,1,6
201900016907,2019-03-13 14:50:00,2019,3,13,14,50,80,80725,,49.87166,2.25718,Plein jour,En agglomération,Hors intersection,Pluie légère,Autre collision,3,2,2,0,1,1,2,0,1,50,1,2,1,0,0,1,79.0,,voiture,,1,2,1,2,6
201900016908,2019-03-11 08:21:00,2019,3,11,8,21,80,80021,QUATORZE JUILLET 1789 (AVENUE DU),49.87888,2.28324,Plein jour,En agglomération,Hors intersection,Normale,Autre collision,4,2,4,0,1,1,2,0,1,50,1,2,1,0,0,1,22.0,,voiture,,1,2,1,1,6
201900016909,2019-03-14 18:30:00,2019,3,14,18,30,77,77123,CD 212,48.99774,2.64299,Nuit sans éclairage public,Hors agglomération,Hors intersection,Pluie forte,Autre collision,2,1,1,0,2,3,2,3,3,50,1,3,2,0,0,1,39.0,,voiture,,3,1,1,3,6
201900016910,2019-03-15 22:20:00,2019,3,15,22,20,77,77114,D471 X D216,48.7347024,2.7008933,Nuit sans éclairage public,Hors agglomération,Intersection en X,Normale,Deux véhicules - côté,3,2,2,0,1,1,1,2,1,80,2,4,0,0,1,3,53.0,20.0,voiture,voiture,3,1,2,1,3
201900016911,2019-03-16 22:00:00,2019,3,16,22,0,77,77438,EUGENE BOUDIN  (RUE   ),48.8660512,2.6764476,Nuit avec éclairage allumé,En agglomération,Autre intersection,Normale,Autre collision,4,2,2,3,2,1,1,9,1,20,1,5,3,0,0,2,21.0,,voiture,,5,2,9,1,6
201900016912,2019-03-13 11:02:00,2019,3,13,11,2,77,77243,GOUVERNES  (CHEMIN DE),48.8698992,2.700918,Plein jour,En agglomération,Intersection en X,Normale,Autre collision,4,2,2,0,2,1,1,0,1,50,1,2,1,0,0,1,20.0,,voiture,,1,2,2,1,6
201900016913,2019-03-14 08:10:00,2019,3,14,8,10,76,76681,GARIBALDI. RUE,49.4186,1.0911,Plein jour,En agglomération,Hors intersection,Pluie forte,Sans collision,4,3,1,0,1,1,2,0,1,50,1,2,1,0,1,0,30.0,,voiture,,1,2,1,3,7
201900016914,2019-03-14 07:30:00,2019,3,14,7,30,76,76451,MONT AUX MALADES. AVENUE DU,49.45752,1.08271,Crépuscule ou aube,En agglomération,Hors intersection,Pluie forte,Sans collision,4,3,2,0,1,1,2,0,1,50,1,2,1,0,1,0,41.0,,voiture,,2,2,1,3,7
201900016915,2019-03-13 14:30:00,2019,3,13,14,30,76,76498,PREVERT. AVENUE JACQUES,49.42792,1.0629,Plein jour,En agglomération,Intersection en T,Normale,Autre collision,4,2,1,0,1,1,1,9,1,50,1,2,1,1,0,0,63.0,,voiture,,1,2,3,1,6
201900016916,2019-03-13 15:00:00,2019,3,13,15,0,76,76681,CITE THUILLIER. RUE,49.40735,1.09984,Plein jour,En agglomération,Hors intersection,Normale,Deux véhicules - arrière,5,-1,1,0,1,1,1,0,1,30,2,2,1,0,1,0,54.0,,voiture,,1,2,1,1,2
201900016917,2019-03-13 10:00:00,2019,3,13,10,0,76,76351,BERNARDIN DE SAINT PIERRE,49.49,0.1053,Plein jour,En agglomération,Intersection en X,Normale,Sans collision,4,2,2,0,1,1,2,0,1,50,1,2,1,0,1,0,49.0,,utilitaire_camion,,1,2,2,1,7
201900016918,2019-03-15 07:30:00,2019,3,15,7,30,72,72181,BASTIE MARYSE (RUE),47.96816,0.20582,Plein jour,En agglomération,Intersection en X,Normale,Deux véhicules - côté,4,2,2,0,1,1,1,0,2,50,2,2,1,0,0,1,34.0,65.0,voiture,voiture,1,2,2,1,3
201900016919,2019-03-13 07:45:00,2019,3,13,7,45,71,71076,MONNOT (AVENUE),46.788902,4.860538,Plein jour,En agglomération,Hors intersection,Pluie légère,Autre collision,4,2,2,0,1,1,2,0,1,50,1,2,1,0,1,0,17.0,,voiture,,1,2,1,2,6
201900016920,2019-03-14 22:55:00,2019,3,14,22,55,69,69266,EMILE ZOLA     (Cours),45.76979,4.87785,Nuit avec éclairage allumé,En agglomération,Hors intersection,Pluie légère,Deux véhicules - côté,4,2,2,1,1,1,2,0,1,50,2,2,1,0,1,0,54.0,33.0,deux_roues,voiture,5,2,1,2,3