accident_id,datetime,annee,mois,jour,heure,minute,departement,commune_insee,adresse,latitude,longitude,luminosite,agglomeration,intersection,meteo,collision,catr,circ,nbv,vosp,prof,plan,surf,infra,situ,vma,nb_vehicules,nb_usagers,nb_indemnes,nb_tues,nb_blesses_hosp,nb_blesses_legers,age_cond_1,age_cond_2,veh_type_cond_1,veh_type_cond_2,lum_code,agg_code,int_code,atm_code,col_code
201900016921,2019-03-13 17:45:00,2019,3,13,17,45,67,67482,22 NOVEMBRE (RUE DU),48.582888,7.740798,Plein jour,En agglomération,Hors intersection,Pluie légère,Autre collision,4,2,3,1,1,1,2,8,1,30,1,2,0,0,1,1,26.0,,deux_roues,,1,2,1,2,6
201900016922,2019-03-13 08:30:00,2019,3,13,8,30,67,67204,FONTAINE (RUE DE LA),48.624764,7.738419,Plein jour,Hors agglomération,Hors intersection,Normale,Deux véhicules - frontale,7,2,2,1,1,1,1,0,1,70,2,2,1,0,0,1,26.0,57.0,voiture,utilitaire_camion,1,1,1,1,1
201900016923,2019-03-15 07:40:00,2019,3,15,7,40,66,66136, (Bd FELIX mercarder,42.693,2.8911,Plein jour,En agglomération,Hors intersection,Normale,Autre collision,4,2,4,0,2,1,1,0,1,30,2,2,1,0,0,1,16.0,64.0,deux_roues,voiture,1,2,1,1,6
201900016924,2019-03-14 10:10:00,2019,3,14,10,10,66,66136,FAUCEILLE (CHEMIN DE LA),42.6697085,2.8979831,Plein jour,En agglomération,Hors intersection,Normale,Deux véhicules - côté,4,2,2,0,1,1,1,0,1,30,2,2,1,0,0,1,64.0,39.0,voiture,deux_roues,1,2,1,1,3
201900016925,2019-03-13 17:47:00,2019,3,13,17,47,66,66136,RD 617,42.709478,2.914762,Plein jour,Hors agglomération,Hors intersection,Normale,Deux véhicules - côté,3,3,4,0,1,1,1,0,1,90,2,3,1,0,0,2,72.0,45.0,voiture,utilitaire_camion,1,1,1,1,3
201900016926,2019-03-15 15:25:00,2019,3,15,15,25,65,65440,DEBUSSY (BOULEVARD CLAUDE),43.221,0.0612,Plein jour,En agglomération,Giratoire,Normale,Deux véhicules - côté,2,3,4,0,1,1,1,0,1,50,2,2,1,0,1,0,47.0,52.0,utilitaire_camion,deux_roues,1,2,6,1,3
201900016927,2019-03-14 11:00:00,2019,3,14,11,0,64,64483,CHANTACO (AVENUE DE ),43.3826182,-1.6480012,Plein jour,En agglomération,Hors intersection,Pluie légère,Deux véhicules - côté,3,2,2,0,1,1,2,0,1,50,2,2,1,0,0,1,35.0,39.0,voiture,deux_roues,1,2,1,2,3
201900016928,2019-03-15 15:41:00,2019,3,15,15,41,64,64445,LAUSSAT DE,43.302326,-0.371059,Plein jour,En agglomération,Hors intersection,Normale,Autre collision,4,2,2,0,1,1,1,0,1,50,1,2,1,0,0,1,72.0,,voiture,,1,2,1,1,6
201900016929,2019-03-14 15:30:00,2019,3,14,15,30,62,62276,cd 941,50.52191,2.83023,Plein jour,Hors agglomération,Hors intersection,Normale,Deux véhicules - frontale,3,2,2,0,1,1,1,9,1,70,2,2,0,0,1,1,32.0,43.0,voiture,voiture,1,1,1,1,1
201900016930,2019-03-13 19:40:00,2019,3,13,19,40,60,60159,SAINT-JOSEPH (Rue),49.40911,2.81994,Nuit avec éclairage allumé,En agglomération,Intersection en X,Normale,Autre collision,4,2,2,0,2,1,1,0,1,50,2,3,2,0,0,1,27.0,19.0,voiture,deux_roues,5,2,2,1,6
201900016931,2019-03-16 11:30:00,2019,3,16,11,30,59,59560,ARTISANS RUE DES,50.55266,3.0526,Plein jour,En agglomération,Hors intersection,Normale,Deux véhicules - frontale,4,2,2,0,1,1,1,0,1,50,2,2,1,0,1,0,44.0,28.0,voiture,deux_roues,1,2,1,1,1
201900016932,2019-03-15 00:50:00,2019,3,15,0,50,59,59350,SEBASTOPOL PLACE N°1 - 11,50.62899,3.05895,Nuit avec éclairage allumé,En agglomération,Place,Temps couvert,Deux véhicules - côté,4,4,4,0,1,1,1,0,1,50,2,2,1,0,0,1,,23.0,voiture,deux_roues,5,2,7,8,3
201900016933,2019-03-14 23:55:00,2019,3,14,23,55,56,56121,RN 465,47.76461,-3.37957,Nuit avec éclairage non allumé,Hors agglomération,Hors intersection,Pluie légère,Autre collision,3,2,4,0,1,1,2,0,1,70,1,1,0,0,0,1,20.0,,voiture,,4,1,1,2,6
201900016934,2019-03-14 12:45:00,2019,3,14,12,45,56,56121,FREBAULT (RUE  DU GENERAL ),47.74013,-3.37525,Plein jour,En agglomération,Intersection en X,Normale,Deux véhicules - côté,4,2,2,0,1,1,1,0,1,30,2,2,1,0,0,1,35.0,25.0,voiture,voiture,1,2,2,1,3
201900016935,2019-03-13 17:35:00,2019,3,13,17,35,56,56121,Place Pierre Guéguen,47.75011,-3.37237,Plein jour,En agglomération,Hors intersection,Normale,Autre collision,6,-1,-1,0,1,1,1,0,1,30,1,1,0,0,0,1,,,,,1,2,1,1,6
201900016936,2019-03-14 19:15:00,2019,3,14,19,15,51,51573,RUE NICOLAS APPERT,49.2409306,3.9910472,Nuit avec éclairage allumé,En agglomération,Hors intersection,Normale,Sans collision,4,2,2,0,1,1,2,0,1,50,1,2,1,0,0,1,63.0,,voiture,,5,2,1,1,7
201900016937,2019-03-15 17:20:00,2019,3,15,17,20,50,50165,MOULIN (RUE DU),48.8451,-1.57689,Plein jour,En agglomération,Intersection en T,Vent fort / tempête,Deux véhicules - côté,3,2,2,0,2,1,1,0,1,50,2,2,1,0,1,0,55.0,18.0,voiture,deux_roues,1,2,3,6,3
201900016938,2019-03-14 12:15:00,2019,3,14,12,15,50,50602,CITES (RUE DES),49.63841,-1.58564,Plein jour,En agglomération,Intersection en X,Normale,Deux véhicules - côté,4,2,2,0,1,1,2,5,1,50,2,3,1,0,0,2,44.0,24.0,voiture,voiture,1,2,2,1,3
201900016939,2019-03-14 07:35:00,2019,3,14,7,35,50,50129,BUCAILLE (RUE DE LA),49.64137,-1.63194,Plein jour,Hors agglomération,Intersection en T,Pluie légère,Autre collision,4,1,1,0,1,1,2,5,1,30,2,2,0,0,0,2,31.0,29.0,voiture,voiture,1,1,3,2,6
201900016940,2019-03-13 13:45:00,2019,3,13,13,45,50,50129,CURIE (RUE JOLIOT),49.62932,-1.6416,Plein jour,En agglomération,Hors intersection,Vent fort / tempête,Deux véhicules - côté,4,2,2,0,1,1,1,0,1,50,2,2,1,0,0,1,61.0,18.0,voiture,deux_roues,1,2,1,6,3
201900016941,2019-01-30 12:09:00,2019,1,30,12,9,87,87085,CARMES (PLACE DES),45.83017,1.25034,Plein jour,En agglomération,Intersection en X,Normale,Deux véhicules - côté,4,1,3,0,1,1,2,5,2,50,2,2,1,0,0,1,77.0,25.0,voiture,voiture,1,2,2,1,3
201900016942,2019-01-30 08:38:00,2019,1,30,8,38,87,87050,LANDOU (Route du),45.86336,1.20881,Crépuscule ou aube,En agglomération,Hors intersection,Neige / grêle,Autre collision,4,2,2,0,1,2,7,0,1,50,1,1,0,0,0,1,47.0,,voiture,,2,2,1,4,6
201900016943,2019-01-31 09:40:00,2019,1,31,9,40,83,83069,TOULON (VIEUX CHEMIN DE),43.1239,6.09602,Plein jour,En agglomération,Hors intersection,Normale,Deux véhicules - côté,4,2,2,0,1,1,2,0,1,50,2,4,3,0,1,0,42.0,42.0,voiture,deux_roues,1,2,1,1,3
201900016944,2019-01-28 18:10:00,2019,1,28,18,10,83,83050,KENNEDY(BOULEVARD JOHN),43.53561,6.47455,Nuit avec éclairage allumé,En agglomération,Intersection en Y,Normale,Deux véhicules - côté,4,2,2,0,1,1,1,0,2,30,2,2,1,0,0,1,42.0,18.0,utilitaire_camion,deux_roues,5,2,4,1,3
201900016945,2019-02-01 01:25:00,2019,2,1,1,25,81,81065,MERIGONDE (RUE),43.6018416,2.2526404,Nuit avec éclairage allumé,En agglomération,Hors intersection,Pluie légère,Sans collision,4,2,2,0,2,1,2,0,1,50,1,1,0,0,1,0,,,,,5,2,1,2,7
201900016946,2019-01-29 17:40:00,2019,1,29,17,40,78,78126,DE GAULLE CHARLES (AVENUE),48.84621,2.13506,Crépuscule ou aube,En agglomération,Hors intersection,Temps couvert,Autre collision,3,2,4,0,4,1,2,0,1,50,1,3,1,0,1,1,30.0,,deux_roues,,2,2,1,8,6
201900016947,2019-02-03 22:40:00,2019,2,3,22,40,77,77514,D603,48.94033,2.6252,Nuit avec éclairage allumé,Hors agglomération,Hors intersection,Normale,Autre collision,3,3,4,0,1,3,1,9,1,90,1,1,0,0,1,0,44.0,,voiture,,5,1,1,1,6
201900016948,2019-02-03 01:15:00,2019,2,3,1,15,77,77294,RN 2,48.98037,2.59352,Nuit sans éclairage public,Hors agglomération,Hors intersection,Pluie légère,Deux véhicules - arrière,2,1,2,0,1,1,2,0,1,110,2,4,0,0,0,4,27.0,47.0,voiture,voiture,3,1,1,2,2
201900016949,2019-01-29 19:10:00,2019,1,29,19,10,77,77350,AUGUSTE HUDIER (RUE),48.76346,2.67534,Nuit avec éclairage allumé,En agglomération,Autre intersection,Neige / grêle,Autre collision,4,2,2,2,1,1,2,9,1,50,1,2,1,0,1,0,26.0,,voiture,,5,2,9,4,6
201900016950,2019-02-02 03:50:00,2019,2,2,3,50,77,77335,RN3 (ROUTE NATIONALE),48.95888,2.83515,Nuit sans éclairage public,Hors agglomération,Hors intersection,Pluie forte,Deux véhicules - arrière,2,2,4,0,1,1,2,0,1,80,2,4,2,0,0,2,39.0,31.0,voiture,voiture,3,1,1,3,2
201900016951,2019-02-01 23:35:00,2019,2,1,23,35,77,77284,D360 X RUE JABLINOT-CORNILLON (RUE),48.95501,2.87916,Nuit avec éclairage allumé,En agglomération,Intersection en X,Pluie légère,Autre collision,3,2,4,0,1,1,2,5,1,50,1,2,1,1,0,0,60.0,,utilitaire_camion,,5,2,2,2,6
201900016952,2019-02-01 20:45:00,2019,2,1,20,45,77,77284,D603 X PINTEVILLE (COURS),48.95932,2.87362,Nuit avec éclairage allumé,En agglomération,Intersection à plus de 4 branches,Pluie forte,Autre collision,3,2,5,0,2,2,3,1,1,50,1,2,1,0,0,1,36.0,,transport_commun,,5,2,5,3,6
201900016953,2019-02-02 20:35:00,2019,2,2,20,35,77,77438,LAMARTINE  (RUE   ),48.86805,2.67847,Nuit avec éclairage allumé,En agglomération,Autre intersection,Normale,Autre collision,4,2,1,0,1,1,1,9,1,30,1,2,1,0,0,1,32.0,,voiture,,5,2,9,1,6
201900016954,2019-02-01 08:11:00,2019,2,1,8,11,77,77372,D934 X RUE VILLEVAUDE,48.88141,2.66113,Nuit sans éclairage public,Hors agglomération,Intersection en T,Temps couvert,Deux véhicules - arrière,3,2,2,0,1,1,2,5,1,50,2,2,1,0,0,1,49.0,54.0,deux_roues,utilitaire_camion,3,1,3,8,2
201900016955,2019-01-29 21:00:00,2019,1,29,21,0,76,76540,LA FAYETTE. RUE,49.43272,1.08972,Nuit avec éclairage allumé,En agglomération,Hors intersection,Normale,Autre collision,4,2,2,0,1,1,2,0,1,50,1,2,1,0,0,1,36.0,,voiture,,5,2,1,1,6
201900016956,2019-01-31 20:15:00,2019,1,31,20,15,76,76351,FORTINS (DES),49.51419,0.15767,Nuit avec éclairage allumé,En agglomération,Intersection en T,Neige / grêle,Autre collision,4,2,2,0,2,1,5,0,1,50,1,3,1,0,1,1,61.0,,voiture,,5,2,3,4,6
201900016957,2019-01-30 18:00:00,2019,1,30,18,0,76,76341,OUDALLE (ROUTE D'),49.50345,0.20641,Crépuscule ou aube,En agglomération,Hors intersection,Normale,Deux véhicules - arrière,3,2,2,0,1,1,1,0,1,50,2,2,1,0,1,0,51.0,20.0,voiture,deux_roues,2,2,1,1,2
201900016958,2019-02-01 18:30:00,2019,2,1,18,30,76,76217,GRANDE RUE DU POLLET,49.9274,1.08717,Nuit avec éclairage allumé,En agglomération,Hors intersection,Normale,Autre collision,3,2,2,0,2,1,1,0,1,50,1,2,1,0,1,0,20.0,,deux_roues,,5,2,1,1,6
201900016959,2019-01-29 10:30:00,2019,1,29,10,30,74,74012,SALEVE (RUE DU),46.19272,6.22877,Plein jour,En agglomération,Giratoire,Normale,Autre collision,4,2,2,0,1,1,1,0,1,50,1,1,0,0,0,1,,,,,1,2,6,1,6
201900016960,2019-01-08 08:15:00,2019,1,8,8,15,73,73065,LECLERC (AVENUE DU MAL),45.5702613,5.9166106,Crépuscule ou aube,En agglomération,Hors intersection,Normale,Autre collision,4,2,2,2,1,1,1,0,1,50,1,2,1,1,0,0,29.0,,deux_roues,,2,2,1,1,6
201900016961,2019-02-01 08:00:00,2019,2,1,8,0,71,71040,RN 70 PR 36+400 (ROUTE EXPRESS),46.69177,4.37345,Crépuscule ou aube,Hors agglomération,Hors intersection,Normale,Sans collision,2,3,4,0,1,1,1,0,1,110,1,1,0,0,0,1,19.0,,voiture,,2,1,1,1,7
201900016962,2019-01-31 16:06:00,2019,1,31,16,6,71,71059,COUCHES (ROUTE DE),46.80697,4.4631,Plein jour,En agglomération,Hors intersection,Pluie légère,Autre collision,9,2,2,0,1,1,2,0,1,50,1,2,1,0,0,1,40.0,,voiture,,1,2,1,2,6
201900016963,2019-02-01 22:25:00,2019,2,1,22,25,71,71076,56 EME RI  (RUE),46.79205,4.85211,Nuit avec éclairage allumé,En agglomération,Hors intersection,Normale,Autre collision,4,2,4,0,1,1,1,0,1,50,1,2,1,1,0,0,25.0,,voiture,,5,2,1,1,6
201900016964,2019-02-01 18:30:00,2019,2,1,18,30,71,71445,VARENNE (RUE DE LA),46.77834,4.8951,Crépuscule ou aube,En agglomération,Hors intersection,Normale,Deux véhicules - frontale,4,2,2,0,1,1,1,0,1,50,2,2,1,0,0,1,22.0,70.0,voiture,deux_roues,2,2,1,1,1
201900016965,2019-01-31 17:00:00,2019,1,31,17,0,71,71118,GIVRY (ROUTE),46.78392,4.79876,Plein jour,En agglomération,Hors intersection,Pluie forte,Deux véhicules - arrière,4,2,2,0,1,1,1,0,1,50,2,2,1,0,0,1,27.0,36.0,voiture,voiture,1,2,1,3,2
201900016966,2019-02-01 14:50:00,2019,2,1,14,50,69,69256,FERME (DE LA)                       (CH),45.78661,4.91143,Plein jour,En agglomération,Hors intersection,Temps couvert,Autre collision,4,2,2,0,1,1,2,0,1,50,1,2,1,0,0,1,21.0,,voiture,,1,2,1,8,6
201900016967,2019-02-01 10:00:00,2019,2,1,10,0,69,69256,MAURICE AUDIN                       (R ),45.77903,4.9222,Plein jour,En agglomération,Intersection en T,Pluie légère,Autre collision,4,2,2,0,1,1,2,5,2,50,1,1,0,0,0,1,32.0,,voiture,,1,2,3,2,6
201900016968,2019-01-31 11:55:00,2019,1,31,11,55,69,69256,SALVADOR ALLENDE                    (AV),45.78068,4.92335,Plein jour,En agglomération,Intersection en X,Normale,Deux véhicules - côté,4,2,2,0,1,1,1,5,1,50,2,3,2,0,0,1,18.0,23.0,deux_roues,voiture,1,2,2,1,3
201900016969,2019-01-31 06:45:00,2019,1,31,6,45,69,69029,GENAS (DE)                          (RO),45.751,4.90783,Nuit avec éclairage allumé,En agglomération,Intersection en X,Normale,Deux véhicules - côté,3,1,1,0,1,1,1,0,1,50,2,2,1,0,0,1,49.0,32.0,utilitaire_camion,deux_roues,5,2,2,1,3
201900016970,2019-01-16 20:31:00,2019,1,16,20,31,68,68297,MULHOUSE ( RUE DE)JUSQUE CIMETIERE DU 1,47.59314,7.55557,Nuit avec éclairage allumé,En agglomération,Hors intersection,Normale,Deux véhicules - côté,3,2,3,0,1,1,1,0,1,50,2,2,1,0,0,1,17.0,40.0,deux_roues,voiture,5,2,1,1,3
201900016971,2019-01-31 12:57:00,2019,1,31,12,57,67,67482,HOCHFELDEN (RUE DE),48.59825,7.72584,Plein jour,En agglomération,Intersection en T,Normale,Deux véhicules - côté,4,2,4,0,1,1,1,0,1,50,2,2,1,0,0,1,37.0,21.0,deux_roues,voiture,1,2,3,1,3
201900016972,2019-01-30 13:00:00,2019,1,30,13,0,67,67482,PRESIDENT WILSON (BOULEVARD),48.58679,7.73744,Plein jour,En agglomération,Hors intersection,Vent fort / tempête,Autre collision,4,3,6,3,1,1,2,0,2,50,1,2,1,0,0,1,26.0,,voiture,,1,2,1,6,6
201900016973,2019-01-30 12:23:00,2019,1,30,12,23,65,65440,LASSALLE (RUE GEORGES),43.235266,0.067636,Plein jour,En agglomération,Hors intersection,Pluie forte,Autre collision,4,2,2,0,1,1,2,0,1,50,1,2,1,0,0,1,50.0,,voiture,,1,2,1,3,6
201900016974,2019-02-03 06:30:00,2019,2,3,6,30,64,64545,RD810,43.361958,-1.7169947,Nuit sans éclairage public,Hors agglomération,Hors intersection,Neige / grêle,Sans collision,3,2,2,0,2,1,5,0,1,50,1,2,1,0,0,1,36.0,,utilitaire_camion,,3,1,1,4,7
201900016975,2019-01-30 12:50:00,2019,1,30,12,50,64,64445,LILAS DES,43.3131,-0.3412,Plein jour,En agglomération,Intersection en X,Pluie légère,Deux véhicules - côté,4,2,2,0,1,1,2,0,1,50,2,2,0,0,0,2,25.0,74.0,voiture,voiture,1,2,2,2,3
201900016976,2019-01-30 11:20:00,2019,1,30,11,20,62,62160,PERCIER ET FONTAINE (Ave),50.740649,1.6138369,Plein jour,En agglomération,Hors intersection,Normale,Autre collision,6,-1,0,0,1,1,1,9,1,45,1,3,2,0,1,0,64.0,,voiture,,1,2,1,1,6
201900016977,2019-01-26 19:25:00,2019,1,26,19,25,62,62160,COLONNE (Rue de la ),50.73563,1.61371,Nuit avec éclairage allumé,En agglomération,Intersection en X,Temps couvert,Deux véhicules - côté,4,2,2,0,2,1,2,0,1,50,2,3,2,0,0,1,53.0,17.0,voiture,deux_roues,5,2,2,8,3
201900016978,2019-02-02 22:10:00,2019,2,2,22,10,62,62626,CD 943,50.48641,2.72106,Nuit avec éclairage allumé,En agglomération,Autre intersection,Pluie légère,Autre collision,3,2,2,0,1,1,2,0,1,50,1,1,0,0,1,0,29.0,,voiture,,5,2,9,2,6
201900016979,2019-01-29 15:30:00,2019,1,29,15,30,59,59599,LILLE (RUE DE),50.72239,3.15493,Plein jour,En agglomération,Hors intersection,Temps couvert,Trois véhicules et plus - en chaîne,4,2,2,0,1,1,1,0,2,50,3,1,0,0,0,1,30.0,,voiture,,1,2,1,8,4
201900016980,2019-02-03 23:00:00,2019,2,3,23,0,59,59512,LANNOY (RUE DE ),50.68603,3.1869,Nuit avec éclairage allumé,En agglomération,Hors intersection,Normale,Deux véhicules - côté,4,2,2,0,1,1,1,0,1,50,2,1,0,0,1,0,48.0,,deux_roues,,5,2,1,1,3
201900016981,2019-02-02 23:30:00,2019,2,2,23,30,59,59512,PIERRE DE ROUBAIX (RUE),50.6885,3.1887,Nuit avec éclairage allumé,En agglomération,Intersection en T,Pluie légère,Deux véhicules - frontale,4,2,2,3,1,1,2,0,1,50,2,3,1,0,0,2,41.0,36.0,voiture,voiture,5,2,3,2,1
201900016982,2019-01-30 13:35:00,2019,1,30,13,35,59,59183,SALENGRO ROGER,51.0308791,2.345997,Plein jour,En agglomération,Intersection en X,Temps couvert,Autre collision,4,2,2,0,1,1,1,0,1,50,1,2,1,0,1,0,38.0,,voiture,,1,2,2,8,6
201900016983,2019-01-30 12:10:00,2019,1,30,12,10,56,56260,12 rue Winston Churchill,47.64877,-2.77042,Plein jour,En agglomération,Hors intersection,Pluie légère,Deux véhicules - côté,4,2,2,0,1,1,2,0,1,50,2,2,1,0,0,1,19.0,28.0,deux_roues,voiture,1,2,1,2,3
201900016984,2019-02-01 08:55:00,2019,2,1,8,55,56,56121,SAINT-CHRISTOPHE ( PONT ),47.76073,-3.3651,Plein jour,En agglomération,Hors intersection,Normale,Deux véhicules - arrière,4,2,2,0,1,1,1,0,1,50,2,2,0,0,0,2,22.0,53.0,voiture,voiture,1,2,1,1,2
201900016985,2019-01-30 08:30:00,2019,1,30,8,30,56,56083,MANE EL CULF (LIEU-DIT),47.81972,-3.2956,Plein jour,Hors agglomération,Hors intersection,Pluie forte,Trois véhicules et plus - collisions multiples,4,2,2,0,2,4,2,0,1,50,4,4,2,0,0,2,52.0,39.0,voiture,utilitaire_camion,1,1,1,3,5
201900016986,2019-01-31 19:00:00,2019,1,31,19,0,52,52448,REPUBLIQUE (AVE DE LA) N° 51A LA FIN,48.63753,4.94215,Nuit avec éclairage allumé,En agglomération,Hors intersection,Neige / grêle,Deux véhicules - côté,4,2,2,0,1,1,5,0,1,50,2,2,0,0,1,1,57.0,43.0,deux_roues,utilitaire_camion,5,2,1,4,3
201900016987,2019-01-31 03:30:00,2019,1,31,3,30,51,51454,BOULEVARD CHARLES ARNOULD,49.2656731,4.0129738,Nuit avec éclairage allumé,En agglomération,Hors intersection,Normale,Autre collision,4,2,2,0,1,1,2,0,1,50,2,2,1,0,0,1,54.0,26.0,utilitaire_camion,voiture,5,2,1,1,6
201900016988,2019-01-28 13:55:00,2019,1,28,13,55,50,50416,HAGUE (BOULEVARD DE LA),49.665,-1.6864,Plein jour,En agglomération,Intersection en X,Normale,Deux véhicules - frontale,3,2,3,0,1,1,1,5,3,50,2,2,0,0,1,1,64.0,66.0,voiture,voiture,1,2,2,1,1
201900016989,2019-01-31 07:45:00,2019,1,31,7,45,49,49328,JOUANNEAULT (RUE ALBERT),47.26443,-0.07327,Crépuscule ou aube,En agglomération,Hors intersection,Normale,Autre collision,4,-1,2,0,1,1,1,0,1,50,1,2,1,0,0,1,58.0,,voiture,,2,2,1,1,6
201900016990,2019-01-31 11:15:00,2019,1,31,11,15,49,49007,LETANDUERE,47.45711,-0.55404,Plein jour,En agglomération,Hors intersection,Pluie légère,Deux véhicules - côté,4,2,2,0,1,1,2,0,1,50,2,2,1,0,0,1,32.0,68.0,voiture,voiture,1,2,1,2,3
201900016991,2019-01-31 14:13:00,2019,1,31,14,13,49,49007,AYRAULT,47.47704,-0.55281,Plein jour,En agglomération,Hors intersection,Normale,Sans collision,4,3,6,0,1,1,2,0,1,50,1,1,0,0,0,1,55.0,,deux_roues,,1,2,1,1,7
201900016992,2019-01-30 08:35:00,2019,1,30,8,35,49,49007,DE LATTRE DE TASSIGNY,47.44822,-0.53806,Crépuscule ou aube,En agglomération,Giratoire,Normale,Sans collision,4,3,4,0,1,1,2,5,1,50,1,1,0,0,0,1,20.0,,deux_roues,,2,2,6,1,7
201900016993,2019-01-30 19:35:00,2019,1,30,19,35,49,49246,MOULIN MARCILLE CHEMIN,47.43269,-0.50151,Nuit avec éclairage allumé,Hors agglomération,Hors intersection,Temps couvert,Deux véhicules - frontale,4,2,2,0,1,3,2,0,1,30,2,3,0,0,0,3,27.0,58.0,voiture,voiture,5,1,1,8,1
201900016994,2019-01-30 12:00:00,2019,1,30,12,0,49,49007,BELFORT,47.47774,-0.53997,Plein jour,En agglomération,Intersection en X,Normale,Deux véhicules - côté,4,-1,1,0,1,1,1,0,1,50,2,4,2,0,0,2,25.0,81.0,voiture,voiture,1,2,2,1,3
201900016995,2019-01-28 13:10:00,2019,1,28,13,10,49,49007,BIRGE BOULEVARD,47.47056,-0.51902,Plein jour,En agglomération,Intersection en X,Normale,Deux véhicules - côté,4,3,5,0,1,1,1,5,1,50,2,2,1,1,0,0,83.0,51.0,deux_roues,utilitaire_camion,1,2,2,1,3
201900016996,2019-02-03 20:35:00,2019,2,3,20,35,45,45284,AVENUE PIERRE ET MARIE CURIE,47.90826,1.97816,Nuit avec éclairage allumé,En agglomération,Hors intersection,Normale,Trois véhicules et plus - en chaîne,4,2,2,0,1,1,1,0,1,50,3,4,3,0,0,1,22.0,43.0,voiture,voiture,5,2,1,1,4
201900016997,2019-02-02 12:55:00,2019,2,2,12,55,44,44109,RUE ALEXANDRE DUMAS,47.22267,-1.572078,Plein jour,En agglomération,Hors intersection,Normale,Autre collision,4,1,1,0,1,1,1,0,1,50,1,2,1,0,0,1,40.0,,deux_roues,,1,2,1,1,6
201900016998,2019-01-31 19:50:00,2019,1,31,19,50,44,44162,AVENUE DE L'ANGEVINIERE,47.24595,-1.61615,Plein jour,En agglomération,Hors intersection,Normale,Deux véhicules - côté,4,2,0,0,1,1,1,0,1,50,2,1,0,0,0,1,62.0,,voiture,,1,2,1,1,3
201900016999,2019-02-02 11:20:00,2019,2,2,11,20,42,42207,LIBERATION  AVENUE  DE LA,45.47381,4.51439,Plein jour,En agglomération,Hors intersection,Neige / grêle,Autre collision,4,1,2,0,1,1,2,0,1,50,1,2,1,0,0,1,24.0,,voiture,,1,2,1,4,6
201900017000,2019-01-31 15:35:00,2019,1,31,15,35,42,42186,DRIVON RUE CLAUDE,45.526995,4.611896,Plein jour,En agglomération,Hors intersection,Pluie légère,Autre collision,4,2,2,0,1,1,2,0,1,50,1,2,1,0,1,0,20.0,,voiture,,1,2,1,2,6
201900017001,2019-01-22 02:38:00,2019,1,22,2,38,42,42189,BRAILLE LOUIS (BOULEVARD),45.41489,4.30463,Nuit sans éclairage public,Hors agglomération,Hors intersection,Normale,Autre collision,3,2,2,0,1,1,1,0,1,80,1,1,0,0,1,0,,,,,3,1,1,1,6
201900017002,2019-01-31 08:45:00,2019,1,31,8,45,42,42187,THOMAS (RUE ALBERT),46.04667,4.07436,Plein jour,En agglomération,Hors intersection,Normale,Autre collision,4,2,2,0,1,1,1,0,1,50,2,2,1,0,0,1,87.0,61.0,voiture,deux_roues,1,2,1,1,6
201900017003,2019-02-01 12:30:00,2019,2,1,12,30,42,42316,CHENIER (RUE ANDRE),45.406409,4.272257,Plein jour,Hors agglomération,Hors intersection,Pluie légère,Deux véhicules - frontale,4,-1,2,0,1,1,2,0,1,50,2,2,0,0,0,2,53.0,43.0,voiture,voiture,1,1,1,2,1
201900017004,2019-02-01 22:20:00,2019,2,1,22,20,41,41269,DE GAULLE (RUE DU GENERAL),47.79183,1.06567,Nuit avec éclairage allumé,En agglomération,Hors intersection,Pluie légère,Autre collision,4,1,1,0,1,1,2,9,1,30,1,2,1,1,0,0,32.0,,voiture,,5,2,1,2,6
201900017005,2019-01-31 18:25:00,2019,1,31,18,25,41,41018,RD 956,47.59422,1.35351,Nuit avec éclairage allumé,Hors agglomération,Hors intersection,Pluie légère,Trois véhicules et plus - collisions multiples,3,3,4,0,1,1,2,2,1,70,6,6,5,0,0,1,29.0,37.0,voiture,voiture,5,1,1,2,5
201900017006,2019-02-02 17:20:00,2019,2,2,17,20,38,38544,Route de chasse,45.54381,4.84503,Plein jour,Hors agglomération,Hors intersection,Pluie forte,Autre collision,3,2,2,0,1,1,2,0,1,80,3,3,1,0,1,1,40.0,74.0,voiture,voiture,1,1,1,3,6
201900017007,2019-01-31 19:40:00,2019,1,31,19,40,38,38544,GENERAL LECLERC(AV),45.50287,4.85311,Nuit avec éclairage allumé,En agglomération,Intersection en T,Temps couvert,Deux véhicules - côté,4,2,2,0,1,1,2,0,1,50,2,2,0,0,0,2,34.0,32.0,voiture,voiture,5,2,3,8,3
201900017008,2019-01-25 15:50:00,2019,1,25,15,50,38,38544,BERTHELOT(AV),45.53464,4.87261,Plein jour,En agglomération,Autre intersection,Normale,Deux véhicules - côté,4,1,1,0,1,1,1,9,1,50,2,4,3,0,0,1,63.0,59.0,voiture,voiture,1,2,9,1,3
201900017009,2019-02-02 08:20:00,2019,2,2,8,20,37,37122,RD 37,47.3409018,0.6526231,Crépuscule ou aube,Hors agglomération,Hors intersection,Normale,Autre collision,3,3,4,0,1,2,2,0,1,90,1,1,0,0,0,1,23.0,,voiture,,2,1,1,1,6
201900017010,2019-01-30 17:55:00,2019,1,30,17,55,37,37122,BOULEVARD PERIPHERIQUE N 585,47.34617,0.64628,Nuit avec éclairage non allumé,En agglomération,Hors intersection,Pluie légère,Trois véhicules et plus - en chaîne,3,3,4,0,1,1,2,0,1,90,3,3,1,0,0,2,49.0,54.0,voiture,voiture,4,2,1,2,4
201900017011,2019-02-01 22:35:00,2019,2,1,22,35,37,37261,DANIEL MAYER,47.41885,0.69862,Plein jour,En agglomération,Hors intersection,Normale,Deux véhicules - arrière,4,3,4,0,1,1,2,0,1,50,2,1,0,0,0,1,44.0,,deux_roues,,1,2,1,1,2