accident_id,datetime,annee,mois,jour,heure,minute,departement,commune_insee,adresse,latitude,longitude,luminosite,agglomeration,intersection,meteo,collision,catr,circ,nbv,vosp,prof,plan,surf,infra,situ,vma,nb_vehicules,nb_usagers,nb_indemnes,nb_tues,nb_blesses_hosp,nb_blesses_legers,age_cond_1,age_cond_2,veh_type_cond_1,veh_type_cond_2,lum_code,agg_code,int_code,atm_code,col_code
201900017012,2019-02-01 19:20:00,2019,2,1,19,20,37,37261,PREUILLY (BOULEVARD),47.39342,0.67185,Nuit avec éclairage allumé,En agglomération,Intersection en X,Pluie légère,Autre collision,4,2,2,0,1,1,2,5,1,50,1,2,1,0,0,1,56.0,,transport_commun,,5,2,2,2,6
201900017013,2019-01-31 21:50:00,2019,1,31,21,50,37,37261,LAMARTINE (RUE),47.3922069,0.6705522,Nuit avec éclairage allumé,En agglomération,Hors intersection,Temps couvert,Sans collision,4,1,1,0,1,1,2,0,1,30,1,1,0,1,0,0,25.0,,deux_roues,,5,2,1,8,7
201900017014,2019-02-02 21:40:00,2019,2,2,21,40,35,35278,GAULLE (RUE DU GAL DE),48.1471,-1.6862,Nuit avec éclairage allumé,En agglomération,Autre intersection,Pluie légère,Autre collision,4,2,1,0,1,1,2,0,1,30,1,2,1,0,0,1,23.0,,voiture,,5,2,9,2,6
201900017015,2019-02-02 11:45:00,2019,2,2,11,45,35,35278,ROUTE DE SAINT-MALO,48.13736,-1.69359,Plein jour,En agglomération,Hors intersection,Normale,Deux véhicules - arrière,4,3,4,0,1,1,1,0,1,50,2,4,3,0,0,1,43.0,40.0,voiture,voiture,1,2,1,1,2
201900017016,2019-02-01 22:50:00,2019,2,1,22,50,35,35238,SAINT-JEAN BAPTISTE DE LA SALLE,48.1147,-1.701,Nuit avec éclairage allumé,En agglomération,Intersection en Y,Pluie légère,Deux véhicules - côté,4,2,1,2,1,1,2,5,1,50,2,4,2,0,0,2,27.0,35.0,voiture,voiture,5,2,4,2,3
201900017017,2019-02-01 23:00:00,2019,2,1,23,0,35,35238,LICES (PLACE DES),48.11327,-1.68311,Nuit avec éclairage allumé,En agglomération,Place,Pluie légère,Autre collision,4,1,1,0,1,1,2,0,1,50,1,2,1,0,0,1,60.0,,voiture,,5,2,7,2,6
201900017018,2019-02-01 18:20:00,2019,2,1,18,20,35,35238,VILLEBOIS MAREUIL (BD),48.10912,-1.654887,Nuit avec éclairage allumé,En agglomération,Intersection en T,Normale,Deux véhicules - côté,4,2,2,0,1,1,2,0,1,50,2,2,1,0,0,1,57.0,52.0,deux_roues,voiture,5,2,3,1,3
201900017019,2019-01-31 13:35:00,2019,1,31,13,35,35,35278,AUGE DE PIERRE (LIEU DIT),48.135013,-1.693603,Plein jour,En agglomération,Giratoire,Pluie forte,Autre collision,4,1,2,0,1,2,2,0,1,50,1,2,1,0,0,1,58.0,,voiture,,1,2,6,3,6
201900017020,2019-02-02 12:00:00,2019,2,2,12,0,34,34172,TOULOUSE (AVENUE DE,43.59733,3.86422,Plein jour,En agglomération,Intersection en X,Pluie légère,Deux véhicules - côté,4,2,4,0,1,1,2,0,1,50,2,2,1,0,0,1,29.0,67.0,deux_roues,utilitaire_camion,1,2,2,2,3
201900017021,2019-02-02 10:30:00,2019,2,2,10,30,34,34172,MAS ARGELLIERS (AVENUE DU),43.58334,3.88744,Plein jour,En agglomération,Intersection en T,Pluie légère,Deux véhicules - côté,4,2,4,0,2,1,2,0,1,50,2,2,0,0,0,2,25.0,36.0,voiture,voiture,1,2,3,2,3
201900017022,2019-02-02 19:14:00,2019,2,2,19,14,34,34172,ANTIGONE (BOULEVARD D'),43.60898,3.89077,Nuit avec éclairage allumé,En agglomération,Intersection en X,Pluie légère,Deux véhicules - côté,4,1,2,0,1,1,2,0,1,50,2,3,2,0,0,1,20.0,65.0,utilitaire_camion,deux_roues,5,2,2,2,3
201900017023,2019-02-01 19:40:00,2019,2,1,19,40,34,34172,COLOMB (PLACE CHRISTOPHE),43.60608,3.8987,Nuit avec éclairage allumé,En agglomération,Giratoire,Pluie légère,Deux véhicules - côté,4,1,2,0,1,2,2,5,1,50,2,2,1,0,0,1,43.0,32.0,deux_roues,utilitaire_camion,5,2,6,2,3
201900017024,2019-02-01 16:50:00,2019,2,1,16,50,34,34172,CLEMENTVILLE (RUE DE),43.61415,3.85108,Plein jour,En agglomération,Intersection en T,Temps couvert,Autre collision,4,2,2,0,2,1,2,0,1,50,1,2,1,0,0,1,41.0,,utilitaire_camion,,1,2,3,8,6
201900017025,2019-02-01 14:08:00,2019,2,1,14,8,34,34172,CASTELLE (RUE DE LA),43.57977,3.86906,Plein jour,En agglomération,Intersection en X,Normale,Deux véhicules - côté,4,2,4,0,1,1,2,0,1,50,2,3,2,0,0,1,48.0,24.0,utilitaire_camion,utilitaire_camion,1,2,2,1,3
201900017026,2019-02-01 09:20:00,2019,2,1,9,20,34,34172,8 MAI 1945 (PLACE DU),43.60092,3.8681,Plein jour,En agglomération,Intersection en X,Normale,Deux véhicules - côté,4,1,3,0,1,1,1,5,2,50,2,6,2,0,0,4,51.0,49.0,voiture,voiture,1,2,2,1,3
201900017027,2019-02-01 05:05:00,2019,2,1,5,5,34,34172,SAINT LOUIS (RUE),43.61023,3.86678,Nuit avec éclairage allumé,En agglomération,Hors intersection,Pluie légère,Autre collision,4,1,1,0,1,1,2,0,1,50,1,2,1,0,1,0,18.0,,voiture,,5,2,1,2,6
201900017028,2019-01-31 21:20:00,2019,1,31,21,20,34,34172,ARC (RUE JEANNE D'),43.60758,3.884766,Nuit avec éclairage allumé,En agglomération,Intersection en T,Normale,Autre collision,4,-1,0,0,2,3,1,0,1,50,1,2,1,0,0,1,32.0,,voiture,,5,2,3,1,6
201900017029,2019-01-31 13:30:00,2019,1,31,13,30,34,34172,PARGUEL (AVENUE ABBE PAUL,43.633095,3.860282,Plein jour,Hors agglomération,Hors intersection,Normale,Autre collision,4,2,2,0,1,1,1,0,1,50,1,1,0,0,0,1,,,,,1,1,1,1,6
201900017030,2019-01-28 13:45:00,2019,1,28,13,45,33,33063,23 CRS DU CHAPEAU ROUGE - piétonne traverse coté n° impairs vers pairs.,44.84242,-0.57266,Plein jour,En agglomération,Hors intersection,Normale,Autre collision,4,1,1,0,1,1,1,9,1,30,1,2,1,0,0,1,42.0,,utilitaire_camion,,1,2,1,1,6
201900017031,2019-01-25 09:05:00,2019,1,25,9,5,33,33069,20 PCE GAMBETTA - piéton traverse entre 2 voitures stationnées du coté façade vers coté église.,44.86531,-0.60009,Plein jour,En agglomération,Hors intersection,Pluie légère,Autre collision,4,1,1,0,1,1,2,9,1,30,1,2,1,0,0,1,68.0,,voiture,,1,2,1,2,6
201900017032,2019-01-22 08:00:00,2019,1,22,8,0,33,33281,AVE DES EYQUEMS,44.82793,-0.64615,Plein jour,En agglomération,Intersection en X,Pluie légère,Deux véhicules - côté,4,2,4,2,1,1,2,0,1,30,2,2,1,0,0,1,51.0,25.0,deux_roues,voiture,1,2,2,2,3
201900017033,2019-01-09 08:30:00,2019,1,9,8,30,33,33063,BD ALBERT 1ER,44.81347,-0.56465,Crépuscule ou aube,En agglomération,Intersection en X,Normale,Deux véhicules - frontale,4,2,5,2,1,1,1,0,1,90,2,2,1,0,0,1,25.0,36.0,voiture,deux_roues,2,2,2,1,1
201900017034,2019-01-08 20:45:00,2019,1,8,20,45,33,33063,RUE DE CURSOL,44.83477,-0.57834,Nuit avec éclairage allumé,En agglomération,Intersection en X,Normale,Deux véhicules - frontale,4,2,2,0,1,1,2,0,1,50,2,2,1,0,0,1,51.0,23.0,transport_commun,deux_roues,5,2,2,1,1
201900017035,2019-01-24 13:40:00,2019,1,24,13,40,33,33039,RUE CALIXTE CAMELLE,44.80879,-0.54226,Plein jour,En agglomération,Intersection en X,Normale,Deux véhicules - côté,4,2,4,2,1,1,1,0,8,30,2,2,1,0,0,1,66.0,42.0,voiture,deux_roues,1,2,2,1,3
201900017036,2019-01-31 12:10:00,2019,1,31,12,10,31,31555,ARCOLE (BD D) DU 2AU 76,43.61123,1.44146,Plein jour,En agglomération,Hors intersection,Pluie légère,Deux véhicules - arrière,4,2,4,0,1,1,2,0,1,50,2,2,1,0,0,1,17.0,52.0,deux_roues,voiture,1,2,1,2,2
201900017037,2019-01-31 17:40:00,2019,1,31,17,40,31,31555,RUE DU GEN ALBERT D AMADE,43.64167,1.46008,Crépuscule ou aube,En agglomération,Hors intersection,Temps couvert,Autre collision,4,2,2,0,1,1,2,0,1,50,1,2,1,0,0,1,48.0,,voiture,,2,2,1,8,6
201900017038,2019-01-31 08:30:00,2019,1,31,8,30,31,31557,PINSONS (RUE DES),43.58993,1.313401,Plein jour,En agglomération,Intersection en X,Pluie légère,Deux véhicules - côté,4,2,2,0,1,1,2,0,1,50,2,2,1,0,0,1,29.0,54.0,voiture,voiture,1,2,2,2,3
201900017039,2019-01-30 14:40:00,2019,1,30,14,40,31,31555,CHE DE GABARDIE,43.63009,1.48333,Plein jour,Hors agglomération,Hors intersection,Pluie légère,Autre collision,6,-1,-1,0,1,2,2,0,1,30,1,2,1,0,0,1,70.0,,voiture,,1,1,1,2,6
201900017040,2019-01-30 11:25:00,2019,1,30,11,25,31,31555,SAINT MICHEL (GRANDE RUE) DU 2AU 175,43.58607,1.44705,Plein jour,En agglomération,Hors intersection,Normale,Autre collision,4,2,2,0,1,1,2,0,1,50,1,2,1,0,0,1,77.0,,voiture,,1,2,1,1,6
201900017041,2019-02-01 16:45:00,2019,2,1,16,45,30,30189,BEAUCAIRE (RUE),43.83818,4.375,Plein jour,En agglomération,Hors intersection,Pluie légère,Deux véhicules - côté,4,2,2,0,1,1,2,0,1,50,2,2,1,0,1,0,25.0,23.0,voiture,deux_roues,1,2,1,2,3
201900017042,2019-02-01 16:10:00,2019,2,1,16,10,30,30189,BARON (RUE),43.86846,4.40565,Plein jour,En agglomération,Hors intersection,Temps couvert,Deux véhicules - frontale,4,2,2,0,2,1,2,0,1,50,2,2,1,0,0,1,16.0,39.0,deux_roues,voiture,1,2,1,8,1
201900017043,2019-01-30 17:00:00,2019,1,30,17,0,30,30189,MONNET JEAN (COURS),43.816,4.3482,Crépuscule ou aube,En agglomération,Intersection en X,Temps couvert,Deux véhicules - côté,4,1,2,0,4,1,1,5,1,50,2,2,1,0,0,1,48.0,21.0,autre,voiture,2,2,2,8,3
201900017044,2019-02-03 13:30:00,2019,2,3,13,30,29,29232,AMIRAL DE KERGUELEN BOULEVARD,47.99544,-4.09818,Plein jour,En agglomération,Intersection en T,Normale,Deux véhicules - côté,4,1,2,0,1,1,1,9,1,50,2,2,1,0,0,1,24.0,50.0,voiture,voiture,1,2,3,1,3
201900017045,2019-01-30 19:10:00,2019,1,30,19,10,29,29232,Pont du Théâtre,47.99517,-4.09785,Nuit avec éclairage allumé,En agglomération,Intersection en T,Pluie légère,Autre collision,4,1,2,0,1,1,2,9,1,50,1,2,1,0,0,1,22.0,,voiture,,5,2,3,2,6
201900017046,2019-01-30 07:58:00,2019,1,30,7,58,29,29232,JUSTICES CHEMIN DES,47.99216,-4.11917,Nuit avec éclairage allumé,En agglomération,Giratoire,Pluie légère,Autre collision,4,3,2,0,4,1,2,9,2,50,1,2,1,0,1,0,82.0,,voiture,,5,2,6,2,6
201900017047,2019-01-30 11:42:00,2019,1,30,11,42,29,29039,KERGUERES (Route de),47.89897,-3.94016,Plein jour,Hors agglomération,Hors intersection,Pluie légère,Sans collision,4,2,2,0,2,3,2,0,1,50,1,1,0,0,0,1,24.0,,voiture,,1,1,1,2,7
201900017048,2019-01-31 13:35:00,2019,1,31,13,35,29,29019,DOCTEUR LE NOBLE,48.39224,-4.48608,Plein jour,En agglomération,Hors intersection,Pluie forte,Autre collision,4,2,0,0,2,1,2,0,1,50,1,2,1,0,0,1,81.0,,voiture,,1,2,1,3,6
201900017049,2019-02-01 17:00:00,2019,2,1,17,0,28,28085,BOURGNEUF (RUE DU),48.4638248,1.4812692,Plein jour,En agglomération,Autre intersection,Pluie légère,Deux véhicules - côté,3,2,2,0,1,1,2,0,1,50,2,2,1,0,1,0,17.0,17.0,deux_roues,voiture,1,2,9,2,3
201900017050,2019-02-02 18:20:00,2019,2,2,18,20,25,25462,ARMEE DE L'EST (AVENUE DE L'),46.89768,6.36273,Nuit avec éclairage allumé,En agglomération,Hors intersection,Pluie légère,Deux véhicules - frontale,4,2,2,0,1,1,2,0,1,50,2,2,0,0,0,2,31.0,76.0,voiture,voiture,5,2,1,2,1
201900017051,2019-01-29 17:54:00,2019,1,29,17,54,24,24322,BOULEVARD MONTAIGNE,45.18641,0.72074,Nuit avec éclairage allumé,En agglomération,Hors intersection,Pluie forte,Autre collision,3,1,2,0,1,1,2,0,1,50,2,2,1,0,0,1,53.0,16.0,voiture,deux_roues,5,2,1,3,6
201900017052,2019-01-29 10:45:00,2019,1,29,10,45,22,22278,MOLIERE,48.5115248,-2.7500957,Plein jour,En agglomération,Intersection en Y,Normale,Deux véhicules - côté,4,2,2,0,1,1,1,8,1,50,2,2,1,0,0,1,58.0,62.0,utilitaire_camion,deux_roues,1,2,4,1,3
201900017053,2019-01-29 17:05:00,2019,1,29,17,5,22,22278,CORNOUAILLE (DE),48.517385,-2.7896849,Plein jour,En agglomération,Hors intersection,Pluie légère,Autre collision,4,2,2,0,1,1,2,0,1,30,1,2,1,0,0,1,72.0,,voiture,,1,2,1,2,6
201900017054,2019-01-10 13:47:00,2019,1,10,13,47,22,22187,RUE DE LA PRUNELLE,48.5345899,-2.7523733,Plein jour,En agglomération,Hors intersection,Normale,Deux véhicules - arrière,4,4,2,0,1,1,1,0,1,50,2,1,0,0,0,1,62.0,,deux_roues,,1,2,1,1,2
201900017055,2019-01-31 18:40:00,2019,1,31,18,40,19,19031,BONJOUR (RUE GUY),45.15229,1.52559,Nuit avec éclairage allumé,En agglomération,Intersection en T,Normale,Deux véhicules - côté,4,2,2,0,1,2,2,0,1,50,2,2,1,0,1,0,67.0,45.0,voiture,voiture,5,2,3,1,3
201900017056,2019-01-30 14:20:00,2019,1,30,14,20,18,18033,BARBES (RUE),47.07742,2.39012,Plein jour,En agglomération,Hors intersection,Normale,Deux véhicules - arrière,4,2,0,0,1,1,2,0,1,50,2,2,1,0,1,0,27.0,51.0,deux_roues,voiture,1,2,1,1,2
201900017057,2019-02-02 20:45:00,2019,2,2,20,45,17,17300,DENFERT-ROCHEREAU   AVENUE (59),46.16427,-1.20277,Nuit avec éclairage allumé,En agglomération,Intersection en X,Normale,Deux véhicules - côté,4,2,2,0,1,1,1,0,1,50,2,2,0,0,0,2,68.0,45.0,voiture,voiture,5,2,2,1,3
201900017058,2019-01-31 16:50:00,2019,1,31,16,50,17,17300,REPUBLIQUE   BOULEVARD DE LA,46.14188,-1.140148,Plein jour,En agglomération,Giratoire,Normale,Autre collision,4,2,2,1,1,3,2,0,1,50,3,3,2,1,0,0,27.0,29.0,transport_commun,utilitaire_camion,1,2,6,1,6
201900017059,2019-02-03 20:00:00,2019,2,3,20,0,17,17299,AUDRY DE PUYRAVAULT RUE,45.937339,-0.963021,Nuit avec éclairage allumé,En agglomération,Hors intersection,Normale,Autre collision,4,1,1,0,1,1,1,0,1,30,1,1,0,0,1,0,32.0,,deux_roues,,5,2,1,1,6
201900017060,2019-02-02 12:00:00,2019,2,2,12,0,14,14366,SIX JUIN (AVENUE DU),49.1437522,0.2199626,Plein jour,En agglomération,Hors intersection,Pluie légère,Deux véhicules - côté,4,2,3,0,1,1,2,0,1,30,2,2,1,0,0,1,20.0,45.0,deux_roues,voiture,1,2,1,2,3
201900017061,2019-02-01 19:05:00,2019,2,1,19,5,14,14327,BELLES PORTES (BOULEVARD DES),49.198,-0.3304,Nuit sans éclairage public,En agglomération,Hors intersection,Normale,Autre collision,4,2,2,0,1,1,1,0,1,50,1,2,1,0,0,1,66.0,,voiture,,3,2,1,1,6
201900017062,2019-02-01 07:45:00,2019,2,1,7,45,14,14118,JUIN (BOULEVARD MARECHAL),49.2107576,-0.3647935,Nuit avec éclairage allumé,En agglomération,Hors intersection,Normale,Autre collision,3,2,4,-1,1,1,7,0,1,50,1,1,0,0,1,0,,,,,5,2,1,1,6
201900017063,2019-01-31 10:40:00,2019,1,31,10,40,14,14118,BAYEUX (RUE DU143 IMPAIR . 160 PAIR,49.1843,-0.39298,Plein jour,En agglomération,Hors intersection,Temps couvert,Autre collision,4,2,-1,-1,1,1,1,0,1,-1,1,2,1,0,0,1,51.0,,voiture,,1,2,1,8,6
201900017064,2019-02-03 19:00:00,2019,2,3,19,0,13,13214,SAINT JOSEPH (CHEMIN DE),43.343555,5.385315,Nuit avec éclairage allumé,En agglomération,Intersection en T,Normale,Deux véhicules - côté,4,2,2,0,1,1,1,5,1,50,2,4,0,0,0,4,21.0,22.0,voiture,voiture,5,2,3,1,3
201900017065,2019-02-02 22:00:00,2019,2,2,22,0,13,13208,TURCAT MERY ALLÉE (ALLEE),43.28058,5.3878,Nuit avec éclairage allumé,En agglomération,Hors intersection,Pluie légère,Deux véhicules - arrière,4,2,4,0,1,1,2,0,1,50,2,2,1,0,0,1,17.0,28.0,voiture,voiture,5,2,1,2,2
201900017066,2019-02-02 21:30:00,2019,2,2,21,30,13,13214,CLAUDE MONET (avenue),43.3253,5.39402,Nuit avec éclairage allumé,En agglomération,Autre intersection,Pluie légère,Deux véhicules - côté,4,2,2,0,2,1,2,0,1,50,2,2,1,0,1,0,24.0,24.0,deux_roues,voiture,5,2,9,2,3
201900017067,2019-02-02 20:00:00,2019,2,2,20,0,13,13212,SAINT BARNABE (AVENUE DE),43.30429,5.41303,Nuit avec éclairage allumé,En agglomération,Intersection en X,Pluie légère,Deux véhicules - côté,4,2,2,0,1,1,2,0,1,50,2,2,1,0,0,1,47.0,58.0,voiture,voiture,5,2,2,2,3
201900017068,2019-02-02 20:15:00,2019,2,2,20,15,13,13210,CAPELETTE (AVENUE DE LA),43.27959,5.41061,Nuit avec éclairage allumé,En agglomération,Intersection en T,Pluie légère,Deux véhicules - côté,4,2,2,0,1,1,2,0,2,50,2,1,0,0,0,1,48.0,,deux_roues,,5,2,3,2,3
201900017069,2019-01-10 00:00:00,2019,1,10,0,0,13,13208,OUTRE MER (AVE),43.2391,5.36304,Nuit avec éclairage allumé,En agglomération,Hors intersection,Vent fort / tempête,Autre collision,4,2,2,1,2,2,1,0,1,50,1,2,0,0,0,2,31.0,,voiture,,5,2,1,6,6
201900017070,2019-02-02 18:20:00,2019,2,2,18,20,13,13202,REPUBLIQUE (RUE DE LA),43.29692,5.37358,Nuit avec éclairage allumé,En agglomération,Intersection en X,Normale,Deux véhicules - côté,4,2,2,0,1,1,1,0,1,50,2,2,1,0,0,1,54.0,20.0,voiture,deux_roues,5,2,2,1,3
201900017071,2019-02-02 10:40:00,2019,2,2,10,40,13,13214,SAINTE MARTHE (chemin),43.33194,5.38814,Plein jour,En agglomération,Hors intersection,Temps couvert,Deux véhicules - frontale,4,1,1,0,2,3,2,0,1,50,2,3,1,0,0,2,40.0,26.0,voiture,voiture,1,2,1,8,1
201900017072,2019-02-01 20:20:00,2019,2,1,20,20,13,13211,SAINT MARCEL (BOULEVARD DE ),43.28766,5.46475,Nuit avec éclairage allumé,En agglomération,Hors intersection,Normale,Deux véhicules - frontale,4,2,2,0,1,1,1,0,1,50,2,2,1,0,1,0,20.0,16.0,utilitaire_camion,utilitaire_camion,5,2,1,1,1
201900017073,2019-02-01 19:30:00,2019,2,1,19,30,13,13209,GILLIBERT (BOULEVARD),43.26467,5.408,Nuit avec éclairage allumé,En agglomération,Hors intersection,Normale,Autre collision,4,2,2,0,1,1,1,0,1,50,1,1,0,0,0,1,,,,,5,2,1,1,6
201900017074,2019-02-01 20:30:00,2019,2,1,20,30,13,13213,JEAN PAUL SARTRE (AVENUE),43.32763,5.42588,Nuit avec éclairage allumé,En agglomération,Hors intersection,Normale,Trois véhicules et plus - en chaîne,4,2,2,0,2,1,2,0,1,50,4,6,2,0,0,4,36.0,32.0,voiture,voiture,5,2,1,1,4
201900017075,2019-02-01 01:36:00,2019,2,1,1,36,13,13202,CHANTERAC (RUE DE),43.31236,5.36856,Nuit avec éclairage allumé,En agglomération,Intersection en X,Normale,Deux véhicules - arrière,4,2,0,0,1,1,1,5,1,50,2,2,1,0,0,1,44.0,26.0,voiture,deux_roues,5,2,2,1,2
201900017076,2019-01-31 23:40:00,2019,1,31,23,40,13,13208,JULES CANTINI (AVENUE),43.28156,5.39164,Nuit avec éclairage allumé,En agglomération,Intersection en T,Normale,Deux véhicules - côté,4,2,4,0,1,1,1,0,1,50,2,2,1,0,0,1,26.0,57.0,voiture,voiture,5,2,3,1,3
201900017077,2019-01-31 21:00:00,2019,1,31,21,0,13,13211,RTE D' ALLAUCH,43.310033,5.500187,Nuit avec éclairage allumé,En agglomération,Intersection en T,Pluie légère,Deux véhicules - arrière,3,2,2,0,1,3,2,2,1,50,2,3,2,0,0,1,52.0,21.0,voiture,voiture,5,2,3,2,2
201900017078,2019-01-31 07:20:00,2019,1,31,7,20,13,13210,BONNEFOY (RUE),43.28,5.4,Plein jour,En agglomération,Hors intersection,Normale,Deux véhicules - côté,4,-1,2,0,1,1,1,0,1,50,2,2,1,0,0,1,57.0,32.0,voiture,deux_roues,1,2,1,1,3
201900017079,2019-02-01 12:30:00,2019,2,1,12,30,13,13001,PIGONNET (AV DU),43.51823,5.44004,Plein jour,En agglomération,Hors intersection,Pluie légère,Deux véhicules - arrière,4,2,2,0,2,1,2,0,1,50,2,2,1,0,1,0,46.0,23.0,transport_commun,autre,1,2,1,2,2
201900017080,2019-02-01 06:03:00,2019,2,1,6,3,11,11262,KENNEDY (AVENUE DU PRESIDENT),43.1834,3.01444,Nuit avec éclairage allumé,En agglomération,Intersection en T,Normale,Deux véhicules - côté,4,1,3,0,1,1,1,0,1,50,2,2,1,0,0,1,37.0,31.0,voiture,voiture,5,2,3,1,3
201900017081,2019-01-31 17:25:00,2019,1,31,17,25,11,11262,ESPAGNE (AVENUE D'),43.16835,2.98834,Plein jour,En agglomération,Giratoire,Pluie légère,Autre collision,4,2,4,0,1,2,2,0,1,50,1,1,0,0,0,1,34.0,,deux_roues,,1,2,6,2,6
201900017082,2019-02-02 10:13:00,2019,2,2,10,13,10,10297,JEAN JAURES (RUE),48.31576,4.09798,Plein jour,En agglomération,Hors intersection,Temps couvert,Deux véhicules - côté,4,2,2,3,1,1,2,0,1,30,2,2,1,0,0,1,29.0,,voiture,,1,2,1,8,3
201900017083,2019-02-01 10:30:00,2019,2,1,10,30,10,10343,DIJON (RUE DE),48.2732,4.0853,Plein jour,En agglomération,Hors intersection,Normale,Deux véhicules - côté,4,2,2,0,1,1,2,0,1,50,2,2,1,0,0,1,30.0,76.0,deux_roues,voiture,1,2,1,1,3
201900017084,2019-02-01 12:28:00,2019,2,1,12,28,10,10081,NECKARBISCHOFSHEIM (CD),48.3103,4.0276,Plein jour,En agglomération,Hors intersection,Normale,Autre collision,4,2,2,0,1,1,2,0,1,50,1,2,1,0,1,0,79.0,,voiture,,1,2,1,1,6
201900017085,2019-02-01 08:20:00,2019,2,1,8,20,10,10362,GENERAL LECLERC (RUE DU),48.2921,4.04,Plein jour,En agglomération,Hors intersection,Normale,Deux véhicules - côté,4,2,2,0,1,1,1,0,1,50,2,2,1,0,0,1,25.0,47.0,voiture,deux_roues,1,2,1,1,3
201900017086,2019-01-31 19:37:00,2019,1,31,19,37,10,10060,ROCADE SUD (RD 610),48.25111,4.1126,Nuit sans éclairage public,Hors agglomération,Hors intersection,Neige / grêle,Trois véhicules et plus - en chaîne,3,1,1,0,1,1,2,0,3,80,3,3,1,0,0,2,36.0,42.0,voiture,voiture,3,1,1,4,4
201900017087,2019-01-31 17:15:00,2019,1,31,17,15,10,10387,CHOMEDEY DE MAISONNEUVE (AVE),48.30309,4.07373,Crépuscule ou aube,En agglomération,Hors intersection,Pluie légère,Deux véhicules - côté,4,1,1,0,1,1,2,0,1,50,2,2,1,0,0,1,46.0,30.0,deux_roues,voiture,2,2,1,2,3
201900017088,2019-01-30 11:56:00,2019,1,30,11,56,10,10343,GARE (RUE DE LA),48.26711,4.08924,Plein jour,En agglomération,Intersection en X,Normale,Deux véhicules - côté,3,2,4,0,1,1,1,0,1,50,2,2,1,0,0,1,39.0,32.0,voiture,autre,1,2,2,1,3
201900017089,2019-01-30 11:30:00,2019,1,30,11,30,9,09122,D17,42.959211,1.580025,Plein jour,Hors agglomération,Hors intersection,Neige / grêle,Deux véhicules - frontale,3,2,2,0,2,3,2,0,1,70,2,2,0,0,0,2,58.0,87.0,utilitaire_camion,voiture,1,1,1,4,1
201900017090,2019-02-03 12:45:00,2019,2,3,12,45,6,06069,SAINT EXUPERY (AVENUE ANTOINE DE),43.6622,6.9342,Plein jour,En agglomération,Intersection en X,Normale,Deux véhicules - côté,4,2,2,0,1,1,1,0,1,50,2,2,0,0,0,2,41.0,64.0,voiture,voiture,1,2,2,1,3
201900017091,2019-02-02 16:30:00,2019,2,2,16,30,6,06069,DRAGUIGNAN (ROUTE DE) - D2562-,43.64512,6.903,Plein jour,En agglomération,Hors intersection,Pluie légère,Sans collision,3,2,2,0,2,2,2,0,1,50,1,2,0,0,0,2,81.0,,voiture,,1,2,1,2,7
201900017092,2019-02-01 19:20:00,2019,2,1,19,20,6,06123,DE GAULLE GENERAL AVENUE,43.669633,7.191382,Nuit avec éclairage allumé,En agglomération,Autre intersection,Pluie légère,Autre collision,7,2,2,0,1,1,2,0,1,50,1,2,1,0,0,1,35.0,,voiture,,5,2,9,2,6
201900017093,2019-02-01 19:25:00,2019,2,1,19,25,1,01053,D117A,46.228839,5.226486,Nuit sans éclairage public,Hors agglomération,Hors intersection,Pluie légère,Deux véhicules - frontale,3,2,2,0,1,1,2,0,1,70,2,3,0,0,2,1,28.0,75.0,voiture,voiture,3,1,1,2,1
201900017094,2019-02-03 02:51:00,2019,2,3,2,51,75,75114,ECHANGEUR ORLEANS,48.81933,2.328623,Nuit avec éclairage allumé,En agglomération,Intersection en Y,Normale,Autre collision,4,1,2,0,1,1,1,0,1,50,2,1,0,0,0,1,46.0,,voiture,,5,2,4,1,6
201900017095,2019-02-01 19:40:00,2019,2,1,19,40,75,75116,PORTE DAUPHINE,48.870597,2.272352,Nuit avec éclairage allumé,En agglomération,Hors intersection,Pluie légère,Trois véhicules et plus - en chaîne,4,1,4,0,1,1,2,0,1,70,3,3,2,0,0,1,52.0,24.0,voiture,deux_roues,5,2,1,2,4
201900017096,2019-02-01 17:30:00,2019,2,1,17,30,75,75113,BD PERIPHERIQUE EXTERIEUR,48.81688,2.348326,Crépuscule ou aube,En agglomération,Hors intersection,Pluie légère,Sans collision,4,1,3,0,1,1,2,0,1,70,1,2,1,0,0,1,24.0,,deux_roues,,2,2,1,2,7
201900017097,2019-02-01 06:00:00,2019,2,1,6,0,75,75114,ECHANGEUR ORLEANS,48.81933,2.328626,Nuit avec éclairage allumé,En agglomération,Intersection en Y,Normale,Autre collision,4,1,1,0,1,1,1,0,1,50,2,1,0,0,0,1,54.0,,utilitaire_camion,,5,2,4,1,6
201900017098,2019-01-31 10:15:00,2019,1,31,10,15,75,75119,BOULEVARD PERIPHERIQUE,48.900327,2.379367,Plein jour,En agglomération,Hors intersection,Pluie légère,Trois véhicules et plus - en chaîne,4,-1,4,0,1,1,2,0,1,70,4,4,3,0,0,1,32.0,58.0,deux_roues,voiture,1,2,1,2,4
201900017099,2019-01-31 00:01:00,2019,1,31,0,1,75,75116,BOULEVARD PERIPHERIQUE,48.839337,2.254209,Nuit avec éclairage allumé,En agglomération,Intersection en Y,Normale,Trois véhicules et plus - en chaîne,4,1,2,0,1,1,2,0,1,50,4,4,3,0,0,1,33.0,57.0,voiture,deux_roues,5,2,4,1,4
201900017100,2019-01-30 16:55:00,2019,1,30,16,55,75,75113,BOULEVARD PERIPHERIQUE,48.824935,2.38442,Crépuscule ou aube,En agglomération,Intersection en Y,Normale,Deux véhicules - côté,4,1,3,0,1,1,2,0,1,70,2,2,1,0,0,1,43.0,23.0,voiture,voiture,2,2,4,1,3