accident_id,datetime,annee,mois,jour,heure,minute,departement,commune_insee,adresse,latitude,longitude,luminosite,agglomeration,intersection,meteo,collision,catr,circ,nbv,vosp,prof,plan,surf,infra,situ,vma,nb_vehicules,nb_usagers,nb_indemnes,nb_tues,nb_blesses_hosp,nb_blesses_legers,age_cond_1,age_cond_2,veh_type_cond_1,veh_type_cond_2,lum_code,agg_code,int_code,atm_code,col_code
201900017101,2019-01-26 04:50:00,2019,1,26,4,50,75,75112,BOULEVARD PERIPHERIQUE,48.833191,2.406946,Nuit avec éclairage allumé,En agglomération,Hors intersection,Pluie légère,Deux véhicules - arrière,4,1,4,0,1,1,2,0,1,70,2,2,1,0,0,1,20.0,44.0,voiture,voiture,5,2,1,2,2
201900017102,2019-02-02 10:59:00,2019,2,2,10,59,75,75108,BOULEVARD DES BATIGNOLLES,48.881998,2.320503,Plein jour,En agglomération,Intersection en X,Temps couvert,Autre collision,4,3,2,0,1,1,2,0,1,50,1,2,1,0,1,0,53.0,,utilitaire_camion,,1,2,2,8,6
201900017103,2019-02-02 05:57:00,2019,2,2,5,57,75,75111,AVENUE LEDRU ROLLIN,48.853277,2.37729,Nuit avec éclairage allumé,En agglomération,Intersection en X,Normale,Deux véhicules - côté,4,2,2,0,1,1,2,0,1,50,2,2,1,0,0,1,31.0,25.0,voiture,deux_roues,5,2,2,1,3
201900017104,2019-02-01 18:34:00,2019,2,1,18,34,75,75103,RUE DE BRETAGNE,48.863698,2.361084,Nuit avec éclairage allumé,En agglomération,Intersection en T,Pluie légère,Autre collision,4,1,1,0,1,1,2,9,1,30,1,2,1,1,0,0,53.0,,utilitaire_camion,,5,2,3,2,6
201900017105,2019-02-01 04:49:00,2019,2,1,4,49,75,75105,BOULEVARD SAINT MICHEL,48.847683,2.341052,Nuit avec éclairage allumé,En agglomération,Intersection en T,Normale,Autre collision,4,2,3,0,1,1,2,0,6,50,1,1,0,0,0,1,44.0,,voiture,,5,2,3,1,6
201900017106,2019-09-12 11:36:00,2019,9,12,11,36,75,75118,RUE RIQUET,48.889694,2.3681224,Plein jour,En agglomération,Intersection en X,Normale,Autre collision,4,1,1,0,1,1,1,0,1,50,1,2,1,0,0,1,28.0,,utilitaire_camion,,1,2,2,1,6
201900017107,2019-09-11 22:15:00,2019,9,11,22,15,75,75119,RUE DES BOIS,48.8782516,2.3979177,Nuit avec éclairage allumé,En agglomération,Intersection en X,Normale,Deux véhicules - côté,4,1,2,0,1,1,1,0,1,50,2,3,1,0,0,2,33.0,24.0,voiture,deux_roues,5,2,2,1,3
201900017108,2019-09-12 10:10:00,2019,9,12,10,10,75,75118,BOULEVARD DE ROCHECHOUART,48.8837123,2.3482469,Plein jour,En agglomération,Intersection en Y,Normale,Sans collision,4,1,2,3,2,1,1,0,1,50,1,1,0,0,0,1,35.0,,deux_roues,,1,2,4,1,7
201900017109,2019-09-12 07:50:00,2019,9,12,7,50,75,75118,BOULEVARD NEY,48.8978439,2.3426467,Plein jour,En agglomération,Intersection en Y,Normale,Autre collision,4,1,3,1,1,1,1,0,5,50,1,2,1,0,0,1,14.0,,deux_roues,,1,2,4,1,6
201900017110,2019-09-12 15:50:00,2019,9,12,15,50,75,75117,RUE DE PRONY,48.8807109,2.3080211,Plein jour,En agglomération,Hors intersection,Normale,Deux véhicules - côté,4,2,2,0,1,1,1,0,1,30,2,3,2,0,0,1,31.0,25.0,deux_roues,voiture,1,2,1,1,3
201900017111,2019-09-12 19:45:00,2019,9,12,19,45,75,75116,ROUTE DES TRIBUNES,48.864037,2.234237,Plein jour,En agglomération,Hors intersection,Normale,Deux véhicules - côté,4,1,2,1,1,3,1,0,5,50,2,2,1,0,0,1,25.0,35.0,voiture,deux_roues,1,2,1,1,3
201900017112,2019-09-11 20:51:00,2019,9,11,20,51,75,75116,RUE DE LONGCHAMP,48.86843,2.274729,Nuit avec éclairage allumé,En agglomération,Intersection en X,Normale,Autre collision,4,2,2,0,1,1,1,0,1,50,1,2,1,0,0,1,31.0,,deux_roues,,5,2,2,1,6
201900017113,2019-09-11 23:40:00,2019,9,11,23,40,75,75114,AVENUE DU MAINE,48.835047,2.323981,Nuit avec éclairage allumé,En agglomération,Intersection en Y,Normale,Autre collision,4,2,3,0,1,1,1,0,1,50,1,1,0,0,0,1,33.0,,deux_roues,,5,2,4,1,6
201900017114,2019-09-11 22:25:00,2019,9,11,22,25,75,75113,AVENUE D ITALIE,48.8227806,2.3583363,Nuit avec éclairage non allumé,En agglomération,Intersection en T,Normale,Deux véhicules - côté,4,2,4,0,1,1,1,0,1,50,2,3,2,0,0,1,19.0,50.0,voiture,transport_commun,4,2,3,1,3
201900017115,2019-09-11 08:40:00,2019,9,11,8,40,75,75112,RUE DE LYON,48.847969,2.371444,Plein jour,En agglomération,Intersection en X,Temps couvert,Deux véhicules - côté,4,1,3,0,1,1,1,5,1,50,2,2,1,0,0,1,35.0,50.0,utilitaire_camion,deux_roues,1,2,2,8,3
201900017116,2019-09-12 19:20:00,2019,9,12,19,20,75,75111,RUE DE VAUCOULEURS,48.8686408,2.3778923,Crépuscule ou aube,En agglomération,Hors intersection,Normale,Autre collision,4,1,1,-1,1,1,1,0,4,50,1,2,1,0,0,1,33.0,,voiture,,2,2,1,1,6
201900017117,2019-09-12 09:10:00,2019,9,12,9,10,75,75111,RUE DE LA ROQUETTE,48.8587052,2.3843364,Plein jour,En agglomération,Intersection en T,Normale,Deux véhicules - côté,4,2,2,0,2,1,1,5,1,50,2,2,1,0,0,1,42.0,64.0,voiture,deux_roues,1,2,3,1,3
201900017118,2019-09-12 09:40:00,2019,9,12,9,40,75,75107,AVENUE BOSQUET,48.8598198,2.3028583,Plein jour,En agglomération,Intersection en T,Normale,Deux véhicules - côté,4,1,3,-1,1,1,1,0,1,30,2,2,1,0,0,1,36.0,90.0,deux_roues,voiture,1,2,3,1,3
201900017119,2019-09-11 19:05:00,2019,9,11,19,5,75,75101,QUAI FRANCOIS MITTERRAND,48.8589888,2.3398505,Plein jour,En agglomération,Intersection en T,Normale,Deux véhicules - côté,4,1,3,-1,1,1,1,0,1,50,2,2,1,0,0,1,57.0,40.0,voiture,voiture,1,2,3,1,3
201900017120,2019-09-12 20:45:00,2019,9,12,20,45,94,94067,GALLIENI (AV),48.84656,2.41731,Nuit avec éclairage allumé,En agglomération,Hors intersection,Normale,Autre collision,4,2,2,0,1,1,1,0,1,50,1,2,1,0,0,1,32.0,,voiture,,5,2,1,1,6
201900017121,2019-09-12 16:00:00,2019,9,12,16,0,94,94043,VERDUN (R DE),48.80715,2.36299,Plein jour,En agglomération,Hors intersection,Normale,Autre collision,4,2,2,0,1,2,1,0,1,50,1,1,0,0,0,1,19.0,,voiture,,1,2,1,1,6
201900017122,2019-09-11 00:12:00,2019,9,11,0,12,94,94041,AUGUSTE DESHAIES (QU),48.8165,2.4074,Nuit avec éclairage allumé,En agglomération,Hors intersection,Normale,Sans collision,3,1,1,0,1,2,1,0,1,50,1,1,0,0,0,1,23.0,,voiture,,5,2,1,1,7
201900017123,2019-09-12 09:40:00,2019,9,12,9,40,94,94073,LUXEMBOURG (AV DU),48.7536,2.37547,Plein jour,En agglomération,Autre intersection,Normale,Deux véhicules - côté,4,1,2,0,1,1,1,0,1,50,2,3,2,0,0,1,31.0,23.0,deux_roues,utilitaire_camion,1,2,9,1,3
201900017124,2019-09-12 16:50:00,2019,9,12,16,50,94,94054,MARCEL CACHIN (AV),48.75016,2.41313,Plein jour,En agglomération,Intersection en X,Normale,Deux véhicules - côté,3,3,0,0,1,1,1,5,1,50,2,3,0,0,0,3,35.0,35.0,voiture,voiture,1,2,2,1,3
201900017125,2019-09-12 09:30:00,2019,9,12,9,30,94,94017,STALINGRAD (BD DE),48.824475,2.496024,Plein jour,En agglomération,Intersection en T,Temps couvert,Deux véhicules - côté,3,2,3,0,1,1,1,0,1,50,2,2,1,0,1,0,83.0,20.0,deux_roues,utilitaire_camion,1,2,3,8,3
201900017126,2019-09-12 10:50:00,2019,9,12,10,50,93,93078,BALLANGER (BD ROBERT),48.9576,2.54539,Plein jour,En agglomération,Hors intersection,Normale,Autre collision,3,3,0,0,1,1,1,0,2,50,1,1,0,0,0,1,33.0,,utilitaire_camion,,1,2,1,1,6
201900017127,2019-09-12 07:00:00,2019,9,12,7,0,93,93051,NEUILLY (PORTE),48.8434,2.54413,Plein jour,En agglomération,Giratoire,Normale,Autre collision,3,2,3,0,2,1,1,0,3,50,1,2,1,0,0,1,37.0,,utilitaire_camion,,1,2,6,1,6
201900017128,2019-09-12 08:20:00,2019,9,12,8,20,93,93049,GEORGES CLEMENCEAU (AVENUE) 47-54 AU 93-,48.868336,2.507698,Plein jour,En agglomération,Intersection en T,Normale,Deux véhicules - côté,4,1,2,0,1,1,1,0,1,50,2,4,3,0,0,1,37.0,50.0,voiture,voiture,1,2,3,1,3
201900017129,2019-09-12 16:15:00,2019,9,12,16,15,93,93048,EMILE BEAUFILS (RUE),48.8776,2.46,Plein jour,En agglomération,Autre intersection,Normale,Autre collision,4,1,1,0,1,1,1,0,3,30,1,2,1,0,0,1,78.0,,utilitaire_camion,,1,2,9,1,6
201900017130,2019-09-12 18:50:00,2019,9,12,18,50,93,93046,JEAN MOULIN BOULEVARD,48.9107,2.5124,Plein jour,En agglomération,Autre intersection,Normale,Deux véhicules - côté,4,2,2,0,1,1,1,9,1,50,2,2,1,0,0,1,29.0,,transport_commun,,1,2,9,1,3
201900017131,2019-09-12 17:55:00,2019,9,12,17,55,93,93079,ROGER SALENGRO,48.96303,2.34385,Plein jour,En agglomération,Intersection en Y,Normale,Deux véhicules - frontale,4,2,2,0,1,1,1,0,1,50,2,2,1,0,0,1,70.0,15.0,voiture,autre,1,2,4,1,1
201900017132,2019-09-12 00:25:00,2019,9,12,0,25,93,93007,"""DESCARTES (AVENUE """"DU 43AU 180"""")Z2""",48.95006,2.45945,Nuit avec éclairage allumé,En agglomération,Intersection en T,Normale,Deux véhicules - frontale,3,2,3,0,1,1,1,0,1,50,2,4,2,0,0,2,19.0,36.0,voiture,voiture,5,2,3,1,1
201900017133,2019-09-10 17:15:00,2019,9,10,17,15,92,92075,VICTOR BASCH (AVENUE),48.81901,2.29235,Plein jour,En agglomération,Hors intersection,Normale,Autre collision,4,1,1,0,1,1,1,9,1,50,1,3,1,0,0,2,30.0,,transport_commun,,1,2,1,1,6
201900017134,2019-09-11 15:30:00,2019,9,11,15,30,92,92072,MANUFACTURE NATIONALE (PLACE DE LA),48.8291817,2.2242023,Plein jour,En agglomération,Autre intersection,Normale,Deux véhicules - côté,3,1,2,0,1,1,1,0,1,50,2,2,1,0,0,1,36.0,24.0,voiture,deux_roues,1,2,9,1,3
201900017135,2019-09-12 19:50:00,2019,9,12,19,50,92,92062,PUTEAUX (PONT DE),48.87737,2.24381,Crépuscule ou aube,En agglomération,Hors intersection,Normale,Deux véhicules - arrière,3,-1,3,0,1,1,1,2,1,50,2,2,1,0,0,1,19.0,22.0,deux_roues,voiture,2,2,1,1,2
201900017136,2019-09-12 19:40:00,2019,9,12,19,40,92,92026,VERDUN (DE 01 A 61),48.89881,2.26248,Crépuscule ou aube,En agglomération,Hors intersection,Normale,Autre collision,3,2,2,3,2,1,1,0,1,50,1,2,0,0,0,2,29.0,,deux_roues,,2,2,1,1,6
201900017137,2019-09-12 14:00:00,2019,9,12,14,0,92,92004,CHATEAU ( RUE DU ),48.90973,2.29285,Plein jour,En agglomération,Intersection en T,Normale,Autre collision,4,-1,2,0,1,1,1,0,1,50,1,2,1,0,0,1,19.0,,voiture,,1,2,3,1,6
201900017138,2019-09-11 15:40:00,2019,9,11,15,40,86,86187,Rue la Grand-Rue,46.576565,0.77692,Plein jour,En agglomération,Autre intersection,Normale,Deux véhicules - côté,3,1,1,0,1,3,1,0,1,50,2,2,1,0,0,1,24.0,26.0,voiture,deux_roues,1,2,9,1,3
201900017139,2019-09-12 07:00:00,2019,9,12,7,0,37,37125,RD114,47.079493,0.348237,Crépuscule ou aube,Hors agglomération,Intersection en X,Brouillard / fumée,Deux véhicules - côté,3,2,2,0,1,1,1,0,1,80,2,2,1,0,1,0,46.0,52.0,voiture,voiture,2,1,2,5,3
201900017140,2019-09-11 21:05:00,2019,9,11,21,5,86,86297,Rue du Petit Bois,46.602927,0.282078,Nuit avec éclairage allumé,En agglomération,Hors intersection,Normale,Autre collision,4,2,2,0,1,1,1,0,4,50,1,1,0,0,1,0,22.0,,deux_roues,,5,2,1,1,6
201900017141,2019-09-13 15:25:00,2019,9,13,15,25,6,06161,route du bord de mer,43.634517,7.135144,Plein jour,En agglomération,Intersection en Y,Normale,Deux véhicules - côté,3,3,1,0,1,1,1,0,1,50,2,2,1,0,1,0,42.0,27.0,deux_roues,voiture,1,2,4,1,3
201900017142,2019-09-14 01:00:00,2019,9,14,1,0,988,98810,RT1,-20.724779,164.434759,Nuit sans éclairage public,Hors agglomération,Hors intersection,Normale,Autre collision,2,2,2,0,1,2,1,0,3,110,1,3,2,1,0,0,43.0,,voiture,,3,1,1,1,6
201900017143,2019-08-26 17:30:00,2019,8,26,17,30,972,97221,Petit Bourg,14.546008,-60.974488,Plein jour,Hors agglomération,Hors intersection,Normale,Deux véhicules - arrière,2,3,4,0,1,1,1,0,1,70,2,2,1,0,1,0,27.0,43.0,voiture,deux_roues,1,1,1,1,2
201900017144,2019-09-11 12:20:00,2019,9,11,12,20,84,84037,2 B Chemin de l'Arnesque,44.058595,4.815064,Plein jour,Hors agglomération,Hors intersection,Normale,Autre collision,4,2,2,0,2,3,1,0,3,80,1,9,5,0,2,2,49.0,,voiture,,1,1,1,1,6
201900017145,2019-09-12 16:45:00,2019,9,12,16,45,62,62491,33 Rue du 11 Novembre,50.629045,2.770652,Plein jour,En agglomération,Hors intersection,Normale,Deux véhicules - côté,9,2,2,0,1,1,1,0,1,50,2,2,1,0,0,1,66.0,42.0,deux_roues,voiture,1,2,1,1,3
201900017146,2019-09-10 18:23:00,2019,9,10,18,23,17,17414,RD 105,46.209657,-1.136036,Plein jour,Hors agglomération,Hors intersection,Normale,Trois véhicules et plus - en chaîne,3,2,2,0,1,1,1,0,1,80,4,8,6,0,0,2,36.0,44.0,voiture,voiture,1,1,1,1,4
201900017147,2019-09-11 12:15:00,2019,9,11,12,15,59,59202,rue du bac,50.675456,2.847479,Plein jour,En agglomération,Hors intersection,Normale,Deux véhicules - frontale,7,2,2,0,1,1,1,0,1,50,2,2,1,1,0,0,52.0,70.0,voiture,voiture,1,2,1,1,1
201900017148,2019-09-11 16:50:00,2019,9,11,16,50,50,50546,39 Rue des Communes,49.051646,-1.063896,Plein jour,Hors agglomération,Hors intersection,Normale,Sans collision,3,2,2,0,2,1,1,0,1,80,1,1,0,0,1,0,41.0,,deux_roues,,1,1,1,1,7
201900017149,2019-09-13 11:12:00,2019,9,13,11,12,3,03286,,46.4964017,3.3632237,Plein jour,Hors agglomération,Intersection en Y,Normale,Deux véhicules - côté,2,2,2,0,1,1,1,3,1,80,2,3,2,0,0,1,75.0,43.0,voiture,utilitaire_camion,1,1,4,1,3
201900017150,2019-09-10 15:17:00,2019,9,10,15,17,51,51629,18 RUE DE LA FERME,49.169564,4.020035,Plein jour,En agglomération,Hors intersection,Normale,Sans collision,4,2,2,0,1,1,1,0,1,50,1,2,1,0,1,0,20.0,,deux_roues,,1,2,1,1,7
201900017151,2019-09-13 17:30:00,2019,9,13,17,30,77,77032,D55 - PK 34 + 480,48.71216,3.23932,Plein jour,Hors agglomération,Hors intersection,Normale,Sans collision,3,2,2,0,1,1,1,0,3,80,1,1,0,0,0,1,32.0,,voiture,,1,1,1,1,7
201900017152,2019-08-20 12:15:00,2019,8,20,12,15,2A,2A271,D1,41.958427,8.80329,Plein jour,En agglomération,Hors intersection,Normale,Deux véhicules - côté,2,-1,1,0,1,1,1,0,1,50,2,2,1,0,0,1,56.0,41.0,deux_roues,utilitaire_camion,1,2,1,1,3
201900017153,2019-09-11 12:00:00,2019,9,11,12,0,33,33491,Lieu dit l'Enclos,44.625833,0.115571,Plein jour,Hors agglomération,Hors intersection,Normale,Sans collision,3,2,2,0,1,3,1,0,3,80,1,1,0,0,1,0,44.0,,deux_roues,,1,1,1,1,7
201900017154,2019-09-13 14:25:00,2019,9,13,14,25,69,69248,D308,46.0242,4.30944,Plein jour,Hors agglomération,Autre intersection,Normale,Autre collision,3,3,2,0,2,1,1,5,1,70,2,3,0,0,0,3,40.0,24.0,voiture,utilitaire_camion,1,1,9,1,6
201900017155,2019-09-12 19:00:00,2019,9,12,19,0,11,11152,D611,43.053019,2.817352,Plein jour,Hors agglomération,Hors intersection,Normale,Sans collision,3,2,2,0,1,1,1,0,3,80,1,1,0,0,1,0,26.0,,deux_roues,,1,1,1,1,7
201900017156,2019-09-13 08:00:00,2019,9,13,8,0,71,71332,Route de Vergennes,46.633395,4.974276,Plein jour,Hors agglomération,Hors intersection,Normale,Deux véhicules - arrière,3,2,2,0,1,1,1,0,1,80,2,2,1,1,0,0,79.0,67.0,voiture,deux_roues,1,1,1,1,2
201900017157,2019-09-12 18:45:00,2019,9,12,18,45,63,63281,Chotard,46.119288,2.709049,Plein jour,Hors agglomération,Hors intersection,Normale,Autre collision,3,2,2,0,1,2,1,0,3,70,1,1,0,0,1,0,82.0,,voiture,,1,1,1,1,6
201900017158,2019-09-12 20:55:00,2019,9,12,20,55,42,42136,RD 8,45.718016,4.028903,Nuit sans éclairage public,Hors agglomération,Hors intersection,Normale,Deux véhicules - côté,3,2,2,1,1,1,1,0,1,80,2,2,1,0,1,0,53.0,30.0,deux_roues,voiture,3,1,1,1,3
201900017159,2019-09-12 12:25:00,2019,9,12,12,25,47,47325,bourdieu,44.361927,0.271624,Plein jour,Hors agglomération,Hors intersection,Normale,Deux véhicules - arrière,3,2,2,0,1,1,1,0,1,80,2,2,1,1,0,0,76.0,80.0,deux_roues,voiture,1,1,1,1,2
201900017160,2019-09-12 09:10:00,2019,9,12,9,10,86,86154,RD18 / RD725,46.800385,0.099306,Plein jour,Hors agglomération,Intersection en Y,Brouillard / fumée,Sans collision,3,2,2,0,1,3,1,3,3,80,1,1,0,0,1,0,20.0,,deux_roues,,1,1,4,5,7
201900017161,2019-09-13 04:45:00,2019,9,13,4,45,34,34310,D 154 E1,43.406569,3.176688,Nuit sans éclairage public,Hors agglomération,Hors intersection,Normale,Autre collision,3,2,2,0,1,1,1,0,1,80,1,2,1,0,1,0,57.0,,voiture,,3,1,1,1,6
201900017162,2019-09-12 17:15:00,2019,9,12,17,15,68,68384,1 Rue de Flaxlanden,47.69816,7.305476,Plein jour,En agglomération,Intersection en X,Temps éblouissant,Deux véhicules - côté,3,2,2,2,1,1,1,0,5,50,2,2,1,0,0,1,28.0,10.0,voiture,deux_roues,1,2,2,7,3
201900017163,2019-07-27 11:50:00,2019,7,27,11,50,29,29235,Boulevard Léopold Maissin,48.3950874,-4.4084914,Plein jour,En agglomération,Giratoire,Normale,Deux véhicules - côté,3,2,2,0,1,1,1,5,1,50,2,2,1,0,1,0,58.0,70.0,deux_roues,voiture,1,2,6,1,3
201900017164,2019-09-12 08:15:00,2019,9,12,8,15,31,31187,Route de Seysses,43.525079,1.270433,Plein jour,Hors agglomération,Hors intersection,Normale,Deux véhicules - arrière,3,2,2,0,1,1,1,0,1,80,2,2,1,0,1,0,50.0,41.0,deux_roues,voiture,1,1,1,1,2
201900017165,2019-09-09 11:00:00,2019,9,9,11,0,38,38517,Rue de la République,45.2979,5.4833,Plein jour,En agglomération,Intersection en X,Normale,Autre collision,3,2,2,0,1,1,1,0,1,30,1,2,1,0,1,0,30.0,,voiture,,1,2,2,1,6
201900017166,2019-09-12 12:45:00,2019,9,12,12,45,54,54528,RN 4,48.649094,5.863281,Plein jour,Hors agglomération,Hors intersection,Normale,Trois véhicules et plus - en chaîne,2,3,4,0,1,2,1,0,1,110,3,8,7,0,1,0,31.0,24.0,utilitaire_camion,utilitaire_camion,1,1,1,1,4
201900017167,2019-09-13 13:10:00,2019,9,13,13,10,72,72215,D311,48.376264,0.244546,Plein jour,Hors agglomération,Hors intersection,Temps éblouissant,Deux véhicules - côté,3,2,2,0,2,1,1,0,1,80,2,2,1,0,1,0,51.0,30.0,deux_roues,voiture,1,1,1,7,3
201900017168,2019-09-13 18:00:00,2019,9,13,18,0,73,73007,D1090,45.5719168,6.2307793,Plein jour,Hors agglomération,Hors intersection,Normale,Trois véhicules et plus - collisions multiples,3,2,2,0,1,1,1,0,1,80,4,5,1,0,2,2,46.0,57.0,voiture,voiture,1,1,1,1,5
201900017169,2019-09-13 00:00:00,2019,9,13,0,0,7,07347,Petit Vignère,45.207893,4.565238,Nuit avec éclairage allumé,Hors agglomération,Hors intersection,Normale,Autre collision,3,2,2,0,3,1,1,0,8,80,1,1,0,1,0,0,29.0,,voiture,,5,1,1,1,6
201900017170,2019-09-13 16:00:00,2019,9,13,16,0,7,07027,Le Pont,44.8249336,4.7999473,Plein jour,En agglomération,Hors intersection,Temps éblouissant,Deux véhicules - frontale,3,2,2,0,1,2,1,0,1,50,2,2,1,0,1,0,23.0,25.0,deux_roues,transport_commun,1,2,1,7,1
201900017171,2019-09-12 13:45:00,2019,9,12,13,45,21,21603,D970,47.483955,4.359212,Plein jour,Hors agglomération,Intersection en T,Normale,Deux véhicules - côté,3,2,2,0,2,1,1,5,1,80,2,2,1,0,1,0,50.0,61.0,deux_roues,voiture,1,1,3,1,3
201900017172,2019-09-13 10:45:00,2019,9,13,10,45,4,04135,RD 952,43.832727,6.222354,Plein jour,Hors agglomération,Hors intersection,Normale,Sans collision,3,2,2,0,1,1,1,0,1,80,1,1,0,0,1,0,61.0,,deux_roues,,1,1,1,1,7
201900017173,2019-09-12 14:40:00,2019,9,12,14,40,4,04049,Av du Jas,44.078179,6.002552,Plein jour,En agglomération,Hors intersection,Normale,Autre collision,4,2,2,0,1,1,1,0,4,50,1,2,1,0,1,0,77.0,,voiture,,1,2,1,1,6
201900017174,2019-09-10 20:10:00,2019,9,10,20,10,27,27228,les baudoins,49.358517,0.685489,Nuit sans éclairage public,Hors agglomération,Intersection en T,Normale,Deux véhicules - côté,3,2,2,0,1,1,1,0,1,80,2,2,1,0,1,0,24.0,43.0,deux_roues,voiture,3,1,3,1,3
201900017175,2019-09-13 00:37:00,2019,9,13,0,37,17,17067,le breuil,45.8142197,-0.266465,Nuit sans éclairage public,Hors agglomération,Hors intersection,Normale,Autre collision,3,-1,2,0,1,3,1,0,3,80,1,1,0,0,0,1,19.0,,voiture,,3,1,1,1,6
201900017176,2019-09-13 08:40:00,2019,9,13,8,40,17,17024,RD 950,46.019675,-0.359674,Plein jour,Hors agglomération,Intersection en X,Normale,Deux véhicules - frontale,3,2,2,0,1,1,1,0,1,80,2,2,1,1,0,0,33.0,59.0,deux_roues,utilitaire_camion,1,1,2,1,1
201900017177,2019-09-12 17:45:00,2019,9,12,17,45,37,37018,BOIS JOLI,47.3100294,0.5765548,Plein jour,Hors agglomération,Hors intersection,Normale,Sans collision,3,2,2,0,1,3,1,0,3,70,1,1,0,0,1,0,16.0,,deux_roues,,1,1,1,1,7
201900017178,2019-08-30 12:30:00,2019,8,30,12,30,30,30249,Croisement D40 et D40c,43.80842,4.226657,Plein jour,Hors agglomération,Intersection à plus de 4 branches,Normale,Deux véhicules - côté,3,2,2,0,1,1,1,5,1,80,2,2,1,0,1,0,73.0,76.0,voiture,voiture,1,1,5,1,3
201900017179,2019-09-13 07:00:00,2019,9,13,7,0,88,88221,RD 40 D,48.057666,6.175705,Plein jour,Hors agglomération,Hors intersection,Normale,Autre collision,3,2,2,0,1,1,1,0,1,80,1,1,0,0,1,0,37.0,,deux_roues,,1,1,1,1,6
201900017180,2019-09-13 08:35:00,2019,9,13,8,35,67,67471,13 Rue des Ormes,48.634882,7.739597,Plein jour,En agglomération,Hors intersection,Temps éblouissant,Autre collision,4,1,1,2,1,1,1,0,1,20,2,2,1,0,1,0,53.0,59.0,voiture,deux_roues,1,2,1,7,6
201900017181,2019-09-13 08:30:00,2019,9,13,8,30,13,13109,A8 PK022.400 sens NICE-LYON,43.51195,5.495257,Plein jour,Hors agglomération,Hors intersection,Normale,Trois véhicules et plus - en chaîne,1,3,3,0,1,1,1,0,1,130,4,4,3,0,0,1,68.0,31.0,voiture,utilitaire_camion,1,1,1,1,4
201900017182,2019-09-10 20:35:00,2019,9,10,20,35,6,06088,AUTOROUTE A8 PK 197.400 SENS SUD,43.734805,7.245675,Nuit avec éclairage allumé,Hors agglomération,Hors intersection,Normale,Trois véhicules et plus - en chaîne,1,3,5,0,2,3,1,1,1,90,3,6,2,0,0,4,70.0,27.0,utilitaire_camion,voiture,5,1,1,1,4
201900017183,2019-09-06 16:30:00,2019,9,6,16,30,6,06088,A8 pk185+700 sens CANNES-NICE,43.668565,7.198987,Plein jour,Hors agglomération,Hors intersection,Normale,Sans collision,1,1,5,0,1,1,1,3,1,90,1,2,1,0,1,0,38.0,,deux_roues,,1,1,1,1,7
201900017184,2019-09-13 07:15:00,2019,9,13,7,15,976,97609,CD4,-12.971721,45.111006,Plein jour,Hors agglomération,Hors intersection,Normale,Deux véhicules - côté,3,2,2,0,1,2,1,0,1,50,2,11,2,0,0,9,43.0,21.0,transport_commun,utilitaire_camion,1,1,1,1,3
201900017185,2019-09-13 09:45:00,2019,9,13,9,45,37,37173,Intersection RD 775 - RD 12,47.1817807,1.3239641,Plein jour,Hors agglomération,Intersection en X,Normale,Deux véhicules - côté,3,2,2,0,1,1,1,5,1,80,2,3,1,0,1,1,44.0,70.0,utilitaire_camion,voiture,1,1,2,1,3
201900017186,2019-09-13 01:15:00,2019,9,13,1,15,95,95604,Rue d'Enfresne,49.0953278,2.5467969,Nuit sans éclairage public,En agglomération,Hors intersection,Normale,Autre collision,4,-1,1,0,1,1,1,0,1,-1,1,1,0,0,1,0,30.0,,deux_roues,,3,2,1,1,6
201900017187,2019-09-12 18:28:00,2019,9,12,18,28,51,51147,A4,49.0274275,4.5018995,Plein jour,Hors agglomération,Hors intersection,Normale,Sans collision,1,3,4,0,1,1,1,0,3,130,1,3,0,0,1,2,30.0,,utilitaire_camion,,1,1,1,1,7
201900017188,2019-09-12 07:52:00,2019,9,12,7,52,51,51545,AIRE DE SOMMESOUS,48.72992,4.229908,Crépuscule ou aube,Hors agglomération,Hors intersection,Normale,Sans collision,6,-1,-1,0,1,1,1,0,4,-1,1,1,0,0,1,0,64.0,,utilitaire_camion,,2,1,1,1,7
201900017189,2019-09-12 18:00:00,2019,9,12,18,0,973,97311,Avenue Paul Castaing,5.4858373,-54.0163141,Plein jour,En agglomération,Intersection en T,Normale,Deux véhicules - côté,4,2,2,0,1,1,1,0,1,50,2,3,2,0,1,0,31.0,52.0,deux_roues,voiture,1,2,3,1,3
201900017190,2019-09-12 09:30:00,2019,9,12,9,30,33,33203,Route départementale 3,45.1193,-1.04546,Plein jour,Hors agglomération,Hors intersection,Normale,Autre collision,3,2,2,0,1,1,1,0,1,80,2,2,1,0,0,1,43.0,33.0,deux_roues,utilitaire_camion,1,1,1,1,6
201900017191,2019-09-13 13:00:00,2019,9,13,13,0,83,83107,1342 Corniche des Issambres,43.345172,6.710003,Plein jour,Hors agglomération,Hors intersection,Normale,Deux véhicules - côté,3,2,2,0,1,3,1,0,1,50,2,2,1,0,1,0,64.0,42.0,voiture,deux_roues,1,1,1,1,3
201900017192,2019-09-13 09:25:00,2019,9,13,9,25,83,83023,DN7,43.415797,6.054641,Plein jour,Hors agglomération,Hors intersection,Normale,Deux véhicules - frontale,3,2,2,0,1,3,1,0,1,80,2,2,1,1,0,0,41.0,18.0,utilitaire_camion,voiture,1,1,1,1,1
201900017193,2019-09-12 20:25:00,2019,9,12,20,25,5,05021,D 21,44.405554,5.742817,Nuit sans éclairage public,Hors agglomération,Hors intersection,Normale,Sans collision,3,2,2,0,1,1,2,0,1,80,1,1,0,0,0,1,45.0,,deux_roues,,3,1,1,1,7