accident_id,datetime,annee,mois,jour,heure,minute,departement,commune_insee,adresse,latitude,longitude,luminosite,agglomeration,intersection,meteo,collision,catr,circ,nbv,vosp,prof,plan,surf,infra,situ,vma,nb_vehicules,nb_usagers,nb_indemnes,nb_tues,nb_blesses_hosp,nb_blesses_legers,age_cond_1,age_cond_2,veh_type_cond_1,veh_type_cond_2,lum_code,agg_code,int_code,atm_code,col_code
201900017285,2019-09-09 12:16:00,2019,9,9,12,16,49,49007,DESCAZEAUX BOULEVARD,47.47557,-0.56382,Plein jour,En agglomération,Hors intersection,Normale,Deux véhicules - frontale,4,2,2,0,1,1,1,0,1,60,2,2,1,0,0,1,19.0,87.0,voiture,voiture,1,2,1,1,1
201900017286,2019-09-11 15:05:00,2019,9,11,15,5,45,45284,AV C PEGUY - R DU PONT BORDEAU,47.90643,1.95458,Plein jour,En agglomération,Intersection en T,Normale,Deux véhicules - côté,4,2,2,0,1,1,1,0,1,50,2,2,1,0,1,0,23.0,35.0,voiture,deux_roues,1,2,3,1,3
201900017287,2019-09-11 16:10:00,2019,9,11,16,10,44,44162,PLACE OCEANE/RUE COOK,47.22445,-1.62918,Plein jour,En agglomération,Giratoire,Normale,Deux véhicules - côté,4,2,0,0,1,1,1,0,1,30,2,2,1,0,0,1,25.0,40.0,deux_roues,voiture,1,2,6,1,3
201900017288,2019-09-11 20:21:00,2019,9,11,20,21,42,42044,LANGEVIN (RUE PAUL),45.39265,4.32121,Crépuscule ou aube,En agglomération,Intersection en T,Normale,Deux véhicules - côté,2,1,1,0,2,1,1,2,1,50,2,2,1,0,1,0,24.0,20.0,voiture,deux_roues,2,2,3,1,3
201900017289,2019-09-10 18:30:00,2019,9,10,18,30,38,38151,COURS JEAN JAURÈS,45.1513,5.7066,Plein jour,En agglomération,Hors intersection,Normale,Deux véhicules - côté,7,2,6,3,1,1,1,0,1,50,2,2,1,0,0,1,18.0,22.0,deux_roues,voiture,1,2,1,1,3
201900017290,2019-09-11 09:55:00,2019,9,11,9,55,35,35051,RENNES (RUE DE),48.114138,-1.621236,Plein jour,En agglomération,Giratoire,Normale,Deux véhicules - côté,4,1,2,1,1,2,1,0,1,50,2,2,1,0,0,1,35.0,22.0,voiture,deux_roues,1,2,6,1,3
201900017291,2019-10-14 11:40:00,2019,10,14,11,40,13,13002,ETIENNE CUCCA-CD908 (AVENUE),43.36,5.494063,Plein jour,En agglomération,Hors intersection,Normale,Deux véhicules - frontale,3,2,0,0,1,2,1,0,1,50,2,2,1,0,0,1,25.0,37.0,voiture,voiture,1,2,1,1,1
201900017292,2019-10-14 17:00:00,2019,10,14,17,0,13,13206,DOCTEUR JEAN FIOLLE (RUE DU),43.284834,5.38184,Plein jour,En agglomération,Intersection en X,Normale,Autre collision,4,1,0,0,2,1,1,0,1,50,2,1,0,0,0,1,11.0,,deux_roues,,1,2,2,1,6
201900017293,2019-10-14 16:30:00,2019,10,14,16,30,13,13212,GAZELLES (ALLEE DES),43.297,5.43448,Plein jour,En agglomération,Hors intersection,Normale,Deux véhicules - côté,4,2,2,2,1,1,1,0,2,50,2,2,0,0,0,2,19.0,58.0,voiture,deux_roues,1,2,1,1,3
201900017294,2019-10-14 15:15:00,2019,10,14,15,15,13,13210,JEAN EUGENE CABASSUD (BOULEVARD),43.2864,5.4127,Plein jour,En agglomération,Hors intersection,Normale,Deux véhicules - côté,4,2,5,1,1,1,1,0,1,50,2,2,1,0,0,1,50.0,54.0,voiture,deux_roues,1,2,1,1,3
201900017295,2019-10-14 08:20:00,2019,10,14,8,20,13,13210,TOULON (AVENUE DE),43.284174,5.396018,Plein jour,En agglomération,Hors intersection,Normale,Deux véhicules - côté,4,-1,2,0,1,1,1,0,1,50,2,1,0,0,0,1,32.0,,deux_roues,,1,2,1,1,3
201900017296,2019-10-14 08:15:00,2019,10,14,8,15,13,13208,MADRAGUE DE MONTREDON (AVE DE LA) ,43.23742,5.36375,Plein jour,En agglomération,Hors intersection,Normale,Autre collision,4,2,2,0,1,1,1,0,1,50,1,2,1,0,0,1,45.0,,deux_roues,,1,2,1,1,6
201900017297,2019-10-11 21:15:00,2019,10,11,21,15,13,13211,MIRELLE LAUZE (BOULEVARD),43.289268,5.436448,Nuit avec éclairage allumé,En agglomération,Hors intersection,Normale,Trois véhicules et plus - en chaîne,4,2,2,0,1,1,1,0,1,50,3,6,5,0,0,1,49.0,24.0,voiture,voiture,5,2,1,1,4
201900017298,2019-10-11 17:30:00,2019,10,11,17,30,13,13001,POINCARE (AV),43.53971,5.44757,Plein jour,En agglomération,Hors intersection,Normale,Autre collision,4,2,2,0,1,1,1,0,1,50,1,1,0,0,0,1,,,,,1,2,1,1,6
201900017299,2019-10-09 21:00:00,2019,10,9,21,0,11,11262,MARAUSSAN (BOULEVARD DE),43.17568,2.9973,Nuit avec éclairage allumé,En agglomération,Giratoire,Normale,Deux véhicules - côté,4,2,2,0,1,1,1,0,1,50,2,3,2,0,0,1,22.0,30.0,voiture,voiture,5,2,6,1,3
201900017300,2019-10-11 17:45:00,2019,10,11,17,45,10,10333,CHARLES DE REFUGE (RUE),48.28155,4.05281,Plein jour,En agglomération,Autre intersection,Temps éblouissant,Deux véhicules - côté,4,1,1,0,1,1,1,0,1,50,2,2,1,0,0,1,19.0,76.0,deux_roues,voiture,1,2,9,7,3
201900017301,2019-10-10 16:24:00,2019,10,10,16,24,10,10362,LAMARTINE (RUE),48.30138,4.03643,Plein jour,En agglomération,Autre intersection,Normale,Deux véhicules - côté,4,2,1,0,1,1,1,0,1,50,2,2,1,0,1,0,24.0,29.0,deux_roues,voiture,1,2,9,1,3
201900017302,2019-10-11 17:00:00,2019,10,11,17,0,7,07316,LONES (PONT DES),44.910439,4.863532,Plein jour,Hors agglomération,Hors intersection,Normale,Trois véhicules et plus - en chaîne,3,2,4,0,1,1,1,0,1,90,3,3,2,0,0,1,26.0,59.0,voiture,autre,1,1,1,1,4
201900017303,2019-10-15 17:30:00,2019,10,15,17,30,6,06088,VERNIER (R.),43.707348,7.262447,Plein jour,En agglomération,Intersection en X,Normale,Deux véhicules - côté,4,2,2,0,1,1,1,0,1,50,2,2,1,0,1,0,37.0,66.0,voiture,deux_roues,1,2,2,1,3
201900017304,2019-10-14 17:00:00,2019,10,14,17,0,6,06069,BELLAUDIERE (SQUARE BELLAUD DE LA),43.657351,6.923904,Plein jour,En agglomération,Giratoire,Normale,Autre collision,3,2,2,0,2,1,1,5,1,50,1,2,1,0,0,1,33.0,,voiture,,1,2,6,1,6
201900017305,2019-10-11 09:00:00,2019,10,11,9,0,6,06069,BASSES RIBES (CHEMIN DES),43.645643,6.911612,Plein jour,En agglomération,Hors intersection,Normale,Deux véhicules - frontale,4,2,1,0,1,4,1,0,1,50,2,1,0,0,0,1,27.0,,voiture,,1,2,1,1,1
201900017306,2019-10-11 13:25:00,2019,10,11,13,25,6,06029,HUGO (RUE VICTOR)(BOCCA),43.56817,6.96701,Plein jour,En agglomération,Hors intersection,Normale,Autre collision,4,2,-1,-1,1,1,-1,0,1,-1,1,2,1,0,1,0,38.0,,deux_roues,,1,2,1,1,6
201900017307,2019-10-11 18:20:00,2019,10,11,18,20,6,06123,VESPINS ROUTE DES,43.65999,7.18384,Plein jour,En agglomération,Hors intersection,Normale,Deux véhicules - arrière,3,2,2,0,1,1,1,9,1,50,2,2,0,0,0,2,42.0,29.0,voiture,voiture,1,2,1,1,2
201900017308,2019-10-06 12:25:00,2019,10,6,12,25,6,06004,NICE(RN.7) AV.ET RTE DE,43.596829,7.120047,Plein jour,En agglomération,Hors intersection,Normale,Deux véhicules - côté,3,2,2,0,1,1,1,0,1,50,2,3,1,0,0,2,69.0,29.0,deux_roues,voiture,1,2,1,1,3
201900017309,2019-10-11 17:10:00,2019,10,11,17,10,5,05061,Bernard GIVAUDAN (Avenue) D900B,44.54158,6.06465,Plein jour,En agglomération,Intersection en T,Normale,Deux véhicules - côté,3,2,2,0,1,1,1,0,1,50,2,2,1,0,0,1,14.0,61.0,deux_roues,voiture,1,2,3,1,3
201900017310,2019-10-15 11:55:00,2019,10,15,11,55,3,03185,rue Marcel Sembat,46.34151,2.5960885,Plein jour,En agglomération,Intersection en Y,Temps couvert,Deux véhicules - frontale,4,2,2,0,1,1,2,0,1,50,2,2,1,0,0,1,25.0,30.0,voiture,deux_roues,1,2,4,8,1
201900017311,2019-10-11 08:35:00,2019,10,11,8,35,1,01289,LYON (AVE DE) JUSQ' N,46.18969,5.21079,Plein jour,En agglomération,Hors intersection,Normale,Trois véhicules et plus - en chaîne,3,2,2,1,1,1,1,0,1,50,4,4,3,0,0,1,25.0,30.0,utilitaire_camion,voiture,1,2,1,1,4
201900017312,2019-10-15 22:45:00,2019,10,15,22,45,92,92004,DOCTEUR DERVAUX  ( QUAI DU ),48.911225,2.2983975,Nuit avec éclairage allumé,En agglomération,Autre intersection,Pluie légère,Deux véhicules - côté,3,1,3,0,1,1,2,5,1,50,2,2,1,0,0,1,25.0,29.0,deux_roues,voiture,5,2,9,2,3
201900017313,2019-10-13 19:20:00,2019,10,13,19,20,75,75114,BOULEVARD RASPAIL,48.839413,2.3305339,Nuit avec éclairage allumé,En agglomération,Intersection en Y,Normale,Autre collision,4,2,4,3,1,1,1,-1,6,30,1,2,1,0,1,0,34.0,,deux_roues,,5,2,4,1,6
201900017314,2019-10-14 22:12:00,2019,10,14,22,12,75,75106,BOULEVARD SAINT GERMAIN,48.8531693,2.3358636,Nuit avec éclairage allumé,En agglomération,Intersection à plus de 4 branches,Pluie forte,Autre collision,4,1,3,3,1,1,2,-1,6,50,1,2,1,0,0,1,43.0,,voiture,,5,2,5,3,6
201900017315,2019-10-14 11:25:00,2019,10,14,11,25,75,75105,BOULEVARD SAINT MICHEL,48.851393,2.343172,Plein jour,En agglomération,Intersection en X,Normale,Autre collision,4,2,4,3,2,1,1,-1,6,30,2,1,0,0,0,1,21.0,,deux_roues,,1,2,2,1,6
201900017316,2019-10-15 14:58:00,2019,10,15,14,58,75,75119,AVENUE SIMON BOLIVAR,48.8764333,2.3768599,Plein jour,En agglomération,Intersection en T,Normale,Autre collision,4,2,2,0,2,2,1,0,1,50,1,1,0,0,0,1,,,,,1,2,3,1,6
201900017317,2019-10-15 18:30:00,2019,10,15,18,30,75,75116,ALLEE DU BORD DE L EAU,48.873854,2.244419,Crépuscule ou aube,En agglomération,Hors intersection,Temps couvert,Autre collision,4,2,2,0,1,1,1,0,1,50,1,1,0,0,0,1,40.0,,voiture,,2,2,1,8,6
201900017318,2019-10-14 19:50:00,2019,10,14,19,50,75,75108,COURS ALBERT 1ER,48.8647494,2.3083785,Crépuscule ou aube,En agglomération,Hors intersection,Pluie légère,Trois véhicules et plus - collisions multiples,4,2,4,0,2,1,2,9,1,50,3,4,2,0,0,2,53.0,63.0,voiture,voiture,2,2,1,2,5
201900017319,2019-10-15 18:45:00,2019,10,15,18,45,75,75106,BOULEVARD DU MONTPARNASSE,48.8420832,2.3295391,Nuit avec éclairage allumé,En agglomération,Intersection en X,Temps couvert,Autre collision,4,2,6,-1,1,1,1,0,1,50,1,2,1,0,0,1,39.0,,deux_roues,,5,2,2,8,6
201900017320,2019-10-15 18:20:00,2019,10,15,18,20,75,75111,AVENUE LEDRU ROLLIN,48.8532778,2.3772949,Crépuscule ou aube,En agglomération,Intersection en X,Normale,Autre collision,4,1,2,-1,1,1,2,0,1,50,1,2,1,0,0,1,20.0,,deux_roues,,2,2,2,1,6
201900017321,2019-10-15 13:50:00,2019,10,15,13,50,75,75110,BOULEVARD DE STRASBOURG,48.870622,2.354962,Plein jour,En agglomération,Intersection en T,Normale,Trois véhicules et plus - en chaîne,4,1,3,0,4,1,1,0,1,50,3,3,2,0,0,1,31.0,50.0,deux_roues,voiture,1,2,3,1,4
201900017322,2019-10-14 09:10:00,2019,10,14,9,10,75,75110,BOULEVARD DE MAGENTA,48.8821744,2.3507755,Plein jour,En agglomération,Hors intersection,Normale,Deux véhicules - côté,4,1,1,1,2,1,1,0,5,20,2,2,1,0,0,1,39.0,29.0,deux_roues,utilitaire_camion,1,2,1,1,3
201900017323,2019-10-14 21:30:00,2019,10,14,21,30,75,75109,RUE AUBER,48.8721721,2.3299012,Nuit avec éclairage allumé,En agglomération,Intersection en Y,Pluie légère,Deux véhicules - côté,4,2,4,-1,1,1,2,0,1,50,2,2,1,0,0,1,29.0,24.0,deux_roues,voiture,5,2,4,2,3
201900017324,2019-10-14 21:40:00,2019,10,14,21,40,75,75104,BOULEVARD BOURDON,48.852925,2.368407,Nuit avec éclairage allumé,En agglomération,Intersection en Y,Pluie légère,Autre collision,4,1,2,0,1,1,2,8,1,50,1,1,0,0,0,1,26.0,,deux_roues,,5,2,4,2,6
201900017325,2019-10-15 00:02:00,2019,10,15,0,2,75,75104,RUE DE RIVOLI,48.857894,2.35022,Nuit avec éclairage allumé,En agglomération,Intersection en X,Pluie légère,Autre collision,4,1,3,-1,1,1,2,0,1,50,1,2,1,0,0,1,64.0,,voiture,,5,2,2,2,6
201900017326,2019-10-15 16:05:00,2019,10,15,16,5,75,75103,RUE DE TURENNE,48.85747,2.36442,Plein jour,En agglomération,Intersection en T,Temps couvert,Deux véhicules - côté,4,2,2,0,1,1,1,0,1,30,2,2,1,0,0,1,26.0,56.0,deux_roues,utilitaire_camion,1,2,3,8,3
201900017327,2019-10-15 16:30:00,2019,10,15,16,30,94,94077,GUY MOCQUET (R),48.72949,2.42223,Plein jour,En agglomération,Intersection en T,Normale,Deux véhicules - côté,4,2,2,0,1,1,1,0,1,50,2,1,0,0,0,1,43.0,,voiture,,1,2,3,1,3
201900017328,2019-10-15 19:40:00,2019,10,15,19,40,94,94021,BOULEVARD CIRCULAIRE,48.7589,2.3485,Crépuscule ou aube,En agglomération,Hors intersection,Normale,Deux véhicules - arrière,4,1,3,0,1,1,1,0,1,60,2,2,1,0,0,1,35.0,37.0,deux_roues,transport_commun,2,2,1,1,2
201900017329,2019-10-15 22:15:00,2019,10,15,22,15,94,94022,NEWBURN (AV DE),48.7536,2.4124,Nuit avec éclairage allumé,En agglomération,Hors intersection,Normale,Deux véhicules - arrière,4,1,4,0,1,1,1,0,1,50,2,2,1,0,0,1,43.0,21.0,transport_commun,deux_roues,5,2,1,1,2
201900017330,2019-10-12 23:10:00,2019,10,12,23,10,94,94055,PINCE VENT - CAR DE PINCE-VENT (AV DE),48.78986,2.54999,Nuit avec éclairage allumé,En agglomération,Intersection en X,Normale,Deux véhicules - arrière,4,2,2,0,1,1,1,0,1,30,2,2,1,0,0,1,18.0,23.0,deux_roues,voiture,5,2,2,1,2
201900017331,2019-10-15 16:35:00,2019,10,15,16,35,94,94017,GENERAL DE GAULLE (AV DU),48.82003,2.48385,Plein jour,En agglomération,Hors intersection,Normale,Autre collision,3,1,1,0,2,1,1,1,1,50,1,1,0,0,0,1,46.0,,utilitaire_camion,,1,2,1,1,6
201900017332,2019-10-15 17:30:00,2019,10,15,17,30,93,93059,AUDENET (RUE),48.96876,2.36765,Plein jour,En agglomération,Hors intersection,Normale,Autre collision,4,-1,1,0,1,1,1,9,1,30,1,2,1,0,0,1,80.0,,voiture,,1,2,1,1,6
201900017333,2019-10-14 22:40:00,2019,10,14,22,40,93,93064,KENNEDY (AVENUE DU PRESIDENT),48.879231,2.491067,Nuit avec éclairage allumé,En agglomération,Hors intersection,Pluie légère,Autre collision,3,2,2,0,1,1,2,0,1,50,1,1,0,0,0,1,33.0,,voiture,,5,2,1,2,6
201900017334,2019-10-14 09:55:00,2019,10,14,9,55,93,93064,PERI (BOULEVARD GABRIEL)  0 - 37 / 42,48.87755,2.48576,Plein jour,En agglomération,Intersection en T,Normale,Deux véhicules - côté,3,3,4,0,2,1,1,0,3,50,2,2,0,0,2,0,46.0,28.0,deux_roues,voiture,1,2,3,1,3
201900017335,2019-10-15 05:38:00,2019,10,15,5,38,93,93077,GRANDE RUE,48.88,2.51,Nuit avec éclairage allumé,En agglomération,Intersection en T,Pluie légère,Deux véhicules - côté,3,2,2,0,1,1,2,0,1,50,2,2,0,0,0,2,34.0,33.0,utilitaire_camion,utilitaire_camion,5,2,3,2,3
201900017336,2019-10-14 16:20:00,2019,10,14,16,20,93,93053,GENERAL DE GAULLE (ROND POINT DU),48.888,2.458,Plein jour,En agglomération,Autre intersection,Normale,Deux véhicules - côté,4,4,2,0,2,3,1,9,1,50,2,2,1,0,0,1,24.0,62.0,voiture,deux_roues,1,2,9,1,3
201900017337,2019-10-15 15:20:00,2019,10,15,15,20,93,93048,PIERRE DE MONTREUIL (RUE),48.862917,2.457853,Plein jour,En agglomération,Intersection en T,Normale,Deux véhicules - côté,3,2,2,0,1,3,1,0,1,50,2,2,1,0,0,1,59.0,43.0,voiture,deux_roues,1,2,3,1,3
201900017338,2019-10-15 08:10:00,2019,10,15,8,10,93,93027,LENINE (AVENUE),48.92005,2.41202,Crépuscule ou aube,En agglomération,Hors intersection,Temps couvert,Autre collision,3,3,2,3,1,1,2,0,1,50,1,2,1,0,0,1,43.0,,voiture,,2,2,1,8,6
201900017339,2019-10-15 20:09:00,2019,10,15,20,9,92,92046,GABRIEL PERI,48.8192,2.29585,Nuit avec éclairage allumé,En agglomération,Intersection en T,Temps couvert,Autre collision,3,3,4,0,1,1,1,0,1,50,1,3,1,0,0,2,69.0,,voiture,,5,2,3,8,6
201900017340,2019-10-14 12:00:00,2019,10,14,12,0,92,92063,DIX-HUIT JUIN 1940 (AVENUE DU) EST,48.86868,2.1887,Plein jour,En agglomération,Intersection en T,Normale,Deux véhicules - arrière,3,2,2,0,2,1,1,5,1,50,2,2,1,0,0,1,63.0,40.0,deux_roues,voiture,1,2,3,1,2
201900017341,2019-10-15 18:28:00,2019,10,15,18,28,92,92062,DE DION BOUTON (QUAI) DU 29 AU 65,48.8855491,2.2511996,Plein jour,En agglomération,Intersection en X,Normale,Deux véhicules - côté,3,3,7,0,1,1,1,0,1,50,2,2,1,0,0,1,29.0,33.0,deux_roues,voiture,1,2,2,1,3
201900017342,2019-10-12 20:35:00,2019,10,12,20,35,92,92050,PREMIER MAI RUE DU,48.9162097,2.220692,Nuit avec éclairage allumé,En agglomération,Intersection en Y,Normale,Deux véhicules - arrière,3,1,2,0,1,1,1,0,1,50,2,2,1,0,0,1,32.0,50.0,voiture,voiture,5,2,4,1,2
201900017343,2019-10-14 08:35:00,2019,10,14,8,35,92,92050,NATIONAL BOULEVARD,48.888514,2.183967,Plein jour,En agglomération,Intersection en X,Normale,Deux véhicules - côté,4,2,2,0,1,1,1,0,1,50,2,3,2,0,0,1,45.0,47.0,voiture,deux_roues,1,2,2,1,3
201900017344,2019-10-14 19:05:00,2019,10,14,19,5,92,92035,Général de Gaulle  ( avenue du ),48.91001,2.25496,Crépuscule ou aube,En agglomération,Hors intersection,Temps couvert,Deux véhicules - côté,4,2,4,1,1,1,1,0,1,50,2,2,1,0,0,1,25.0,30.0,voiture,deux_roues,2,2,1,8,3
201900017345,2019-10-12 10:35:00,2019,10,12,10,35,92,92025,PRESIDENT SALVADOR ALLENDE (RUE DU),48.92209,2.242368,Plein jour,En agglomération,Hors intersection,Normale,Deux véhicules - frontale,4,2,2,0,1,1,1,0,1,50,2,2,1,0,0,1,42.0,26.0,voiture,deux_roues,1,2,1,1,1
201900017346,2019-10-15 06:30:00,2019,10,15,6,30,92,92007,PORT GALAND (RUE DU),48.78826,2.31799,Nuit avec éclairage allumé,En agglomération,Hors intersection,Normale,Autre collision,4,2,2,0,1,1,2,0,1,50,1,2,1,0,0,1,27.0,,voiture,,5,2,1,1,6
201900017347,2019-10-10 14:20:00,2019,10,10,14,20,44,44032,La Chapelle-Heulin,47.158706,-1.34188,Plein jour,Hors agglomération,Hors intersection,Normale,Deux véhicules - arrière,2,3,4,0,1,2,1,0,1,110,2,2,1,0,1,0,32.0,52.0,voiture,utilitaire_camion,1,1,1,1,2
201900017348,2019-09-17 08:15:00,2019,9,17,8,15,83,83049,580 Chemin du Collet de Blanc,43.244247,6.095459,Plein jour,Hors agglomération,Intersection en X,Normale,Trois véhicules et plus - collisions multiples,3,2,2,0,1,1,1,0,1,80,3,3,1,0,1,1,54.0,39.0,voiture,voiture,1,1,2,1,5
201900017349,2019-08-17 16:30:00,2019,8,17,16,30,19,19004,Le Murel,45.1412115,1.8681309,Plein jour,Hors agglomération,Hors intersection,Normale,Sans collision,3,2,2,0,2,2,1,0,8,80,1,1,0,0,0,1,42.0,,deux_roues,,1,1,1,1,7
201900017350,2019-10-16 06:30:00,2019,10,16,6,30,56,56031,Penvern Camors,47.80525,-3.010434,Nuit sans éclairage public,Hors agglomération,Hors intersection,Pluie forte,Sans collision,3,2,2,0,1,1,2,0,3,80,1,1,0,1,0,0,55.0,,voiture,,3,1,1,3,7
201900017351,2019-10-15 05:30:00,2019,10,15,5,30,67,67020,RD 1420,48.479835,7.233413,Nuit avec éclairage allumé,Hors agglomération,Hors intersection,Normale,Sans collision,3,2,2,0,1,1,1,0,1,80,1,1,0,1,0,0,60.0,,voiture,,5,1,1,1,7
201900017352,2019-10-15 20:55:00,2019,10,15,20,55,79,79079,RN249,46.926428,-0.714242,Nuit sans éclairage public,Hors agglomération,Hors intersection,Normale,Trois véhicules et plus - collisions multiples,2,3,4,0,1,1,1,0,1,110,3,4,0,0,1,3,30.0,41.0,voiture,voiture,3,1,1,1,5
201900017353,2019-10-15 15:18:00,2019,10,15,15,18,2B,2B050,Christophe Colomb,42.551871,8.773485,Plein jour,Hors agglomération,Hors intersection,Pluie légère,Deux véhicules - arrière,2,3,2,0,1,1,2,0,1,70,2,4,3,0,1,0,27.0,34.0,voiture,deux_roues,1,1,1,2,2
201900017354,2019-10-16 07:10:00,2019,10,16,7,10,2B,2B319,Fiume d'Olmo,42.424783,9.527735,Plein jour,Hors agglomération,Hors intersection,Normale,Deux véhicules - arrière,2,2,2,0,1,1,1,0,1,80,2,2,1,0,0,1,18.0,23.0,deux_roues,voiture,1,1,1,1,2
201900017355,2019-10-15 18:35:00,2019,10,15,18,35,11,11103,D118,42.939327,2.243749,Plein jour,Hors agglomération,Hors intersection,Normale,Autre collision,3,2,2,0,1,1,1,0,3,80,1,3,0,2,0,1,76.0,,voiture,,1,1,1,1,6
201900017356,2019-10-15 19:30:00,2019,10,15,19,30,71,71148,D83,46.18463,4.26159,Nuit sans éclairage public,Hors agglomération,Intersection en T,Normale,Deux véhicules - côté,3,2,2,0,1,1,1,0,1,80,2,2,0,0,1,1,50.0,29.0,voiture,voiture,3,1,3,1,3
201900017357,2019-10-16 14:10:00,2019,10,16,14,10,63,63107,D84,45.856476,3.262223,Plein jour,Hors agglomération,Hors intersection,Normale,Deux véhicules - arrière,3,2,2,0,1,1,1,0,1,80,2,2,1,0,1,0,20.0,74.0,utilitaire_camion,deux_roues,1,1,1,1,2
201900017358,2019-10-16 19:00:00,2019,10,16,19,0,12,12206,D994,44.43506,2.261494,Plein jour,Hors agglomération,Hors intersection,Normale,Sans collision,3,2,2,0,1,2,1,0,3,80,1,2,1,0,1,0,33.0,,voiture,,1,1,1,1,7
201900017359,2019-10-15 19:30:00,2019,10,15,19,30,12,12044,D902,43.83324,2.869686,Nuit sans éclairage public,Hors agglomération,Intersection en Y,Normale,Deux véhicules - frontale,3,2,2,0,1,2,1,0,1,80,2,3,2,0,1,0,42.0,56.0,deux_roues,voiture,3,1,4,1,1
201900017360,2019-10-15 14:50:00,2019,10,15,14,50,31,31372,D21,43.090541,0.885002,Plein jour,Hors agglomération,Hors intersection,Normale,Autre collision,3,2,2,0,1,2,1,0,3,80,1,1,0,0,1,0,39.0,,deux_roues,,1,1,1,1,6
201900017361,2019-09-05 20:00:00,2019,9,5,20,0,31,31135,58 Rue du Docteur Vaillant,43.204504,1.077693,Plein jour,En agglomération,Intersection en Y,Normale,Deux véhicules - côté,4,2,2,0,1,3,1,5,1,50,2,2,1,0,1,0,68.0,39.0,voiture,deux_roues,1,2,4,1,3
201900017362,2019-10-14 15:25:00,2019,10,14,15,25,15,15094,Caissiol,44.976121,2.198923,Plein jour,Hors agglomération,Hors intersection,Normale,Autre collision,4,2,2,0,2,2,9,0,8,80,1,1,0,0,1,0,60.0,,utilitaire_camion,,1,1,1,1,6
201900017363,2019-10-14 20:10:00,2019,10,14,20,10,1,01165,Avenue du Marquet,46.0814309,4.7690139,Nuit avec éclairage allumé,En agglomération,Intersection en T,Normale,Deux véhicules - frontale,3,2,2,0,3,1,1,0,1,50,2,2,1,0,1,0,54.0,16.0,voiture,deux_roues,5,2,3,1,1
201900017364,2019-10-16 17:30:00,2019,10,16,17,30,26,26166,route nationale 7,44.76387,4.83922,Plein jour,Hors agglomération,Intersection en T,Normale,Trois véhicules et plus - collisions multiples,2,2,2,0,2,1,1,0,1,-1,3,4,2,0,2,0,36.0,20.0,utilitaire_camion,deux_roues,1,1,3,1,5
201900017365,2019-10-15 04:00:00,2019,10,15,4,0,58,58021,Lieu Dit les Echameaux,46.781992,3.184064,Nuit sans éclairage public,Hors agglomération,Hors intersection,Pluie forte,Sans collision,3,2,1,0,1,3,2,0,3,80,1,1,0,0,1,0,54.0,,utilitaire_camion,,3,1,1,3,7
201900017366,2019-10-16 06:45:00,2019,10,16,6,45,66,66096,D17,42.764462,2.668274,Nuit sans éclairage public,Hors agglomération,Hors intersection,Normale,Autre collision,3,2,1,0,1,1,1,0,1,80,1,1,0,1,0,0,42.0,,deux_roues,,3,1,1,1,6
201900017367,2019-10-16 16:00:00,2019,10,16,16,0,72,72381,2 Place de l'Eglise,47.92869,0.071737,Plein jour,En agglomération,Place,Pluie légère,Autre collision,3,2,2,0,1,3,2,9,8,50,1,3,1,0,1,1,58.0,,voiture,,1,2,7,2,6
201900017368,2019-09-05 08:30:00,2019,9,5,8,30,6,06079,Avenue de Cannes,43.545296,6.938028,Plein jour,En agglomération,Hors intersection,Normale,Sans collision,4,3,4,0,1,1,1,0,1,50,1,2,1,0,0,1,37.0,,deux_roues,,1,2,1,1,7
201900017369,2019-10-15 19:00:00,2019,10,15,19,0,64,64495,Quartier Cherchebruit,43.3215657,-1.550467,Plein jour,Hors agglomération,Hors intersection,Normale,Sans collision,3,2,2,0,1,1,1,0,1,90,1,1,0,0,0,1,49.0,,deux_roues,,1,1,1,1,7
201900017370,2019-10-15 19:50:00,2019,10,15,19,50,73,73043,D1201 Route d'Annecy,45.7432185,5.9221301,Nuit sans éclairage public,Hors agglomération,Hors intersection,Temps couvert,Deux véhicules - frontale,3,2,2,2,2,3,2,0,1,70,2,2,0,0,1,1,37.0,40.0,voiture,voiture,3,1,1,8,1
201900017371,2019-10-06 16:00:00,2019,10,6,16,0,37,37062,avenue du général leclerc,47.54895,0.318861,Plein jour,En agglomération,Intersection en X,Normale,Deux véhicules - côté,3,2,2,0,1,1,1,0,1,50,2,2,1,0,1,0,71.0,28.0,deux_roues,voiture,1,2,2,1,3
201900017372,2019-10-15 17:15:00,2019,10,15,17,15,37,37050,36 Route de Bordeaux,47.348975,0.701002,Plein jour,En agglomération,Intersection en Y,Normale,Deux véhicules - arrière,3,2,-1,-1,1,1,1,0,1,-1,2,2,1,0,0,1,51.0,70.0,voiture,voiture,1,2,4,1,2
201900017373,2019-10-12 19:45:00,2019,10,12,19,45,30,30004,D6313,43.7054167,4.1918482,Nuit sans éclairage public,Hors agglomération,Giratoire,Normale,Deux véhicules - côté,3,2,2,0,1,1,1,0,1,70,2,3,1,0,0,2,32.0,19.0,voiture,voiture,3,1,6,1,3
201900017374,2019-10-15 18:25:00,2019,10,15,18,25,30,30224,intersection RD124 / RD22,43.919125,4.236721,Plein jour,Hors agglomération,Intersection en T,Temps couvert,Deux véhicules - côté,3,2,2,0,1,1,1,0,1,80,2,3,2,0,0,1,44.0,26.0,voiture,voiture,1,1,3,8,3