accident_id,datetime,annee,mois,jour,heure,minute,departement,commune_insee,adresse,latitude,longitude,luminosite,agglomeration,intersection,meteo,collision,catr,circ,nbv,vosp,prof,plan,surf,infra,situ,vma,nb_vehicules,nb_usagers,nb_indemnes,nb_tues,nb_blesses_hosp,nb_blesses_legers,age_cond_1,age_cond_2,veh_type_cond_1,veh_type_cond_2,lum_code,agg_code,int_code,atm_code,col_code
201900017375,2019-06-01 06:20:00,2019,6,1,6,20,987,98734,PK 33+100,-17.722042,-149.494837,Crépuscule ou aube,En agglomération,Hors intersection,Normale,Deux véhicules - côté,2,2,2,0,1,1,1,0,3,60,2,3,2,0,1,0,39.0,78.0,deux_roues,voiture,2,2,1,1,3
201900017376,2019-05-26 18:20:00,2019,5,26,18,20,987,98752,PK 54+800,-17.721491,-149.405203,Nuit avec éclairage allumé,En agglomération,Hors intersection,Normale,Deux véhicules - côté,2,2,2,0,2,3,1,0,3,60,2,2,1,0,0,1,28.0,36.0,deux_roues,voiture,5,2,1,1,3
201900017377,2019-10-16 13:00:00,2019,10,16,13,0,973,97309,Route Departementale 2,4.907315,-52.272865,Plein jour,En agglomération,Hors intersection,Normale,Deux véhicules - côté,3,2,2,0,1,1,1,0,3,50,2,2,1,0,0,1,22.0,25.0,voiture,deux_roues,1,2,1,1,3
201900017378,2019-10-15 20:00:00,2019,10,15,20,0,31,31506,38 Avenue de Gameville,43.553102,1.533233,Nuit avec éclairage non allumé,En agglomération,Hors intersection,Normale,Deux véhicules - côté,3,2,1,0,1,1,1,0,1,50,2,3,2,0,0,1,15.0,67.0,deux_roues,voiture,4,2,1,1,3
201900017379,2019-10-16 07:20:00,2019,10,16,7,20,33,33155,A65 PK 23+800,44.34215,-0.221,Nuit sans éclairage public,Hors agglomération,Hors intersection,Temps couvert,Autre collision,1,3,4,0,1,2,1,0,3,130,1,2,0,1,0,1,24.0,,voiture,,3,1,1,8,6
201900017380,2019-10-16 14:10:00,2019,10,16,14,10,69,69244,122 Rue Joliot Curie,45.7546,4.7811,Plein jour,En agglomération,Hors intersection,Normale,Deux véhicules - côté,9,4,3,3,2,1,1,9,6,50,2,2,1,0,1,0,57.0,73.0,transport_commun,deux_roues,1,2,1,1,3
201900017381,2019-10-15 21:45:00,2019,10,15,21,45,27,27701,A13,49.23796,1.198586,Nuit sans éclairage public,Hors agglomération,Hors intersection,Pluie légère,Deux véhicules - arrière,1,3,5,0,2,1,2,0,1,130,2,2,1,0,0,1,47.0,33.0,utilitaire_camion,utilitaire_camion,3,1,1,2,2
201900017382,2019-10-15 20:05:00,2019,10,15,20,5,974,97408,17 Rue Paul Eluard,-20.931586,55.331235,Nuit sans éclairage public,Hors agglomération,Hors intersection,Normale,Autre collision,2,3,4,0,1,1,1,0,1,110,1,3,2,1,0,0,20.0,,voiture,,3,1,1,1,6
201900017383,2019-10-15 18:54:00,2019,10,15,18,54,44,44020,D751,47.15748,-1.631624,Crépuscule ou aube,Hors agglomération,Intersection en X,Pluie légère,Deux véhicules - côté,7,2,2,1,2,1,2,0,1,80,2,2,1,0,1,0,67.0,50.0,voiture,voiture,2,1,2,2,3
201900017384,2019-10-15 18:00:00,2019,10,15,18,0,77,77420,D41 X RUE GAMBETTA,49.037429,2.696533,Plein jour,En agglomération,Intersection en X,Normale,Deux véhicules - côté,3,2,2,0,1,1,1,0,1,50,2,2,1,0,0,1,37.0,20.0,deux_roues,voiture,1,2,2,1,3
201900017385,2019-10-15 11:25:00,2019,10,15,11,25,2B,2B093,D151,42.618784,8.901369,Plein jour,Hors agglomération,Hors intersection,Pluie légère,Deux véhicules - arrière,3,2,2,0,2,1,9,0,1,80,2,2,1,0,1,0,41.0,38.0,voiture,deux_roues,1,1,1,2,2
201900017386,2019-10-15 18:30:00,2019,10,15,18,30,84,84003,Quai de la Liberté,43.877041,5.39611,Plein jour,En agglomération,Hors intersection,Normale,Autre collision,3,2,2,0,1,1,1,0,1,50,1,3,1,0,1,1,36.0,,utilitaire_camion,,1,2,1,1,6
201900017387,2019-10-15 07:10:00,2019,10,15,7,10,83,83017,30 Rue Republique,43.245321,6.000311,Nuit avec éclairage allumé,En agglomération,Hors intersection,Pluie légère,Autre collision,3,2,2,0,1,1,2,9,1,50,1,2,1,0,1,0,55.0,,voiture,,5,2,1,2,6
201900017388,2019-10-14 16:45:00,2019,10,14,16,45,6,06157,427 Chemin de Vosgelades,43.715158,7.129893,Plein jour,En agglomération,Intersection en T,Normale,Sans collision,4,2,2,0,1,1,1,0,1,50,1,1,0,0,1,0,24.0,,deux_roues,,1,2,3,1,7
201900017389,2019-10-11 11:40:00,2019,10,11,11,40,67,67263,10 Rue des Ecoles,49.002862,7.793789,Plein jour,En agglomération,Intersection en T,Normale,Deux véhicules - côté,4,2,2,3,4,1,1,0,1,50,2,2,1,0,1,0,2.0,66.0,deux_roues,voiture,1,2,3,1,3
201900017390,2019-10-15 21:00:00,2019,10,15,21,0,33,33279,RN 524,44.516163,-0.23935,Nuit sans éclairage public,Hors agglomération,Giratoire,Normale,Autre collision,2,2,2,0,1,3,1,9,3,-1,1,1,0,0,1,0,52.0,,voiture,,3,1,6,1,6
201900017391,2019-10-15 15:15:00,2019,10,15,15,15,33,33389,La 1000 Peines,45.31973,-0.707231,Plein jour,Hors agglomération,Hors intersection,Normale,Autre collision,4,2,2,0,1,4,1,2,3,80,1,2,0,0,0,2,73.0,,voiture,,1,1,1,1,6
201900017392,2019-10-16 07:30:00,2019,10,16,7,30,27,27469,9 Rue du Général de Gaulle,49.303603,1.154372,Nuit avec éclairage allumé,En agglomération,Hors intersection,Pluie légère,Autre collision,4,2,2,0,1,1,2,0,1,30,1,2,1,0,0,1,29.0,,voiture,,5,2,1,2,6
201900017393,2019-10-16 08:29:00,2019,10,16,8,29,27,27348,Rue de Lyons,49.319292,1.157569,Crépuscule ou aube,En agglomération,Giratoire,Pluie légère,Sans collision,3,1,2,0,1,2,2,5,1,50,1,1,0,0,0,1,18.0,,deux_roues,,2,2,6,2,7
201900017394,2019-10-16 07:45:00,2019,10,16,7,45,60,60065,Rue de Beauvais,49.348628,2.219609,Crépuscule ou aube,En agglomération,Intersection en Y,Pluie forte,Deux véhicules - frontale,3,-1,2,0,1,1,2,0,1,50,2,2,1,0,1,0,19.0,45.0,deux_roues,voiture,2,2,4,3,1
201900017395,2019-10-14 18:40:00,2019,10,14,18,40,13,13203,A7-Sens Marseille vers Lyon,43.307247,5.375438,Nuit avec éclairage allumé,Hors agglomération,Hors intersection,Normale,Autre collision,1,3,2,0,1,1,1,0,1,90,2,2,1,0,0,1,42.0,25.0,deux_roues,utilitaire_camion,5,1,1,1,6
201900017396,2019-10-13 21:11:00,2019,10,13,21,11,67,67482,Autoroute A.35,48.5606485,7.733423,Nuit sans éclairage public,Hors agglomération,Hors intersection,Normale,Deux véhicules - arrière,1,3,3,0,1,1,1,0,1,90,2,2,0,0,0,2,57.0,,utilitaire_camion,,3,1,1,1,2
201900017397,2019-10-15 09:55:00,2019,10,15,9,55,33,33039,ROCADE A 631,44.80354,-0.53271,Plein jour,Hors agglomération,Hors intersection,Pluie légère,Trois véhicules et plus - en chaîne,1,3,6,0,1,1,1,0,1,90,6,6,5,0,0,1,49.0,70.0,voiture,voiture,1,1,1,2,4
201900017398,2019-10-15 08:50:00,2019,10,15,8,50,33,33550,ROCADE A 630,44.78116,-0.58083,Plein jour,Hors agglomération,Hors intersection,Pluie forte,Trois véhicules et plus - en chaîne,1,3,6,0,1,1,2,0,1,90,3,4,3,0,0,1,39.0,40.0,voiture,voiture,1,1,1,3,4
201900017399,2019-10-15 08:50:00,2019,10,15,8,50,33,33075,ROCADE A 630,44.88905,-0.61799,Plein jour,Hors agglomération,Hors intersection,Pluie forte,Deux véhicules - côté,1,3,4,0,1,1,1,0,1,90,2,2,1,0,0,1,26.0,23.0,voiture,deux_roues,1,1,1,3,3
201900017400,2019-10-15 05:45:00,2019,10,15,5,45,33,33143,AUTOROUTE A 10,44.96213,-0.44309,Nuit avec éclairage non allumé,Hors agglomération,Hors intersection,Pluie forte,Trois véhicules et plus - collisions multiples,1,3,6,0,2,1,2,0,1,130,6,7,6,0,0,1,39.0,24.0,utilitaire_camion,utilitaire_camion,4,1,1,3,5
201900017401,2019-10-15 09:55:00,2019,10,15,9,55,91,91659,AUTOROUTE A6,48.59352,2.44346,Plein jour,Hors agglomération,Hors intersection,Temps couvert,Autre collision,1,3,6,0,1,1,2,0,1,130,1,1,0,0,0,1,23.0,,voiture,,1,1,1,8,6
201900017402,2019-10-15 08:53:00,2019,10,15,8,53,94,94076,AUTOROUTE A6B,48.79184,2.34475,Plein jour,Hors agglomération,Hors intersection,Pluie légère,Deux véhicules - côté,1,1,2,0,1,1,2,0,1,90,2,2,1,0,0,1,36.0,51.0,voiture,deux_roues,1,1,1,2,3
201900017403,2019-10-15 10:50:00,2019,10,15,10,50,92,92023,RN385,48.7760964,2.229385,Plein jour,Hors agglomération,Hors intersection,Normale,Autre collision,2,1,3,0,1,1,1,2,1,90,1,1,0,0,0,1,48.0,,deux_roues,,1,1,1,1,6
201900017404,2019-10-15 14:30:00,2019,10,15,14,30,93,93005,AUTOROUTE A3,48.9416545,2.4786092,Plein jour,Hors agglomération,Hors intersection,Normale,Deux véhicules - arrière,1,3,6,0,1,1,1,2,1,110,2,2,1,0,0,1,29.0,46.0,utilitaire_camion,voiture,1,1,1,1,2
201900017405,2019-10-14 07:45:00,2019,10,14,7,45,92,92049,BROSSOLETTE AVENUE PIERRE,48.819849,2.3107594,Crépuscule ou aube,En agglomération,Intersection en X,Normale,Deux véhicules - côté,3,2,4,3,1,1,1,0,1,50,2,2,1,0,0,1,39.0,31.0,utilitaire_camion,deux_roues,2,2,2,1,3
201900017406,2019-10-13 18:00:00,2019,10,13,18,0,92,92049,BRIAND (AVENUE ARISTIDE),48.81745,2.32549,Plein jour,En agglomération,Hors intersection,Normale,Autre collision,3,3,6,3,1,1,1,0,1,50,1,2,1,0,0,1,27.0,,voiture,,1,2,1,1,6
201900017407,2019-10-13 20:25:00,2019,10,13,20,25,75,75114,BD PERIPHERIQUE INTERIEUR,48.822948,2.312951,Nuit avec éclairage allumé,En agglomération,Hors intersection,Normale,Autre collision,4,-1,3,0,1,1,1,0,1,70,2,1,0,0,0,1,58.0,,deux_roues,,5,2,1,1,6
201900017408,2019-10-12 22:30:00,2019,10,12,22,30,75,75117,ECHANGEUR CLICHY,48.8975375,2.3130295,Nuit avec éclairage allumé,En agglomération,Intersection en Y,Normale,Sans collision,4,1,1,0,2,1,8,0,1,50,1,1,0,0,0,1,23.0,,deux_roues,,5,2,4,1,7
201900017409,2019-10-03 21:50:00,2019,10,3,21,50,75,75118,BD PERIPHERIQUE INTERIEUR,48.901041,2.350764,Nuit avec éclairage allumé,En agglomération,Hors intersection,Normale,Deux véhicules - arrière,4,3,4,0,1,1,1,0,1,70,2,3,1,0,0,2,25.0,29.0,voiture,voiture,5,2,1,1,2
201900017410,2019-10-14 15:00:00,2019,10,14,15,0,75,75117,AVENUE DE LA PORTE D ASNIERES,48.8911012,2.3026342,Plein jour,En agglomération,Intersection en X,Normale,Trois véhicules et plus - en chaîne,4,2,5,-1,1,1,1,0,1,50,3,4,3,0,0,1,38.0,36.0,voiture,voiture,1,2,2,1,4
201900017411,2019-10-14 15:00:00,2019,10,14,15,0,75,75116,AVENUE DE LA GRANDE ARMEE,48.8768811,2.2852658,Plein jour,En agglomération,Intersection en Y,Normale,Autre collision,4,2,4,0,1,1,1,0,1,50,1,2,1,0,0,1,30.0,,deux_roues,,1,2,4,1,6
201900017412,2019-10-14 08:35:00,2019,10,14,8,35,75,75117,BOULEVARD BESSIERES,48.8946862,2.31475,Plein jour,En agglomération,Hors intersection,Normale,Autre collision,4,3,3,1,1,1,1,0,5,50,1,2,1,0,0,1,26.0,,deux_roues,,1,2,1,1,6
201900017413,2019-10-14 08:00:00,2019,10,14,8,0,75,75114,AVENUE MAURICE D OCAGNE,48.824607,2.314048,Plein jour,En agglomération,Hors intersection,Normale,Deux véhicules - côté,4,2,2,0,1,1,1,1,1,50,2,4,2,0,0,2,36.0,27.0,utilitaire_camion,deux_roues,1,2,1,1,3
201900017414,2019-10-13 19:35:00,2019,10,13,19,35,75,75112,PLACE DE LA NATION,48.8481121,2.3974756,Nuit sans éclairage public,En agglomération,Place,Normale,Deux véhicules - côté,4,1,3,0,1,2,1,0,1,50,2,2,1,0,0,1,56.0,50.0,voiture,deux_roues,3,2,7,1,3
201900017415,2019-10-14 12:10:00,2019,10,14,12,10,75,75111,BOULEVARD DE CHARONNE,48.8572158,2.392852,Plein jour,En agglomération,Hors intersection,Normale,Deux véhicules - côté,4,3,2,-1,1,1,1,0,1,50,2,2,1,0,0,1,40.0,31.0,voiture,deux_roues,1,2,1,1,3
201900017416,2019-10-14 10:20:00,2019,10,14,10,20,75,75111,AVENUE DE LA REPUBLIQUE,48.864965,2.376241,Plein jour,En agglomération,Hors intersection,Normale,Deux véhicules - côté,4,2,4,0,2,1,1,0,1,50,2,2,1,0,0,1,23.0,55.0,voiture,deux_roues,1,2,1,1,3
201900017417,2019-10-13 19:00:00,2019,10,13,19,0,75,75108,COURS LA REINE,48.8649659,2.3193682,Crépuscule ou aube,En agglomération,Place,Normale,Sans collision,4,1,3,0,1,3,8,9,1,50,1,2,0,0,0,2,29.0,,deux_roues,,2,2,7,1,7
201900017418,2019-10-14 10:15:00,2019,10,14,10,15,75,75107,BOULEVARD DES INVALIDES,48.8482957,2.3157714,Plein jour,En agglomération,Intersection en T,Normale,Deux véhicules - arrière,4,2,6,0,1,1,1,0,1,50,2,2,1,0,0,1,45.0,51.0,voiture,voiture,1,2,3,1,2
201900017419,2019-10-13 22:22:00,2019,10,13,22,22,75,75104,QUAI DES CELESTINS,48.8529145,2.3589864,Nuit sans éclairage public,En agglomération,Intersection en T,Normale,Sans collision,4,2,4,0,1,1,1,0,1,50,1,1,0,0,0,1,37.0,,deux_roues,,3,2,3,1,7
201900017420,2019-10-14 07:40:00,2019,10,14,7,40,94,94076,MAXIME GORKI (BD),48.79274,2.36928,Crépuscule ou aube,En agglomération,Intersection en T,Normale,Deux véhicules - côté,3,3,4,0,1,1,1,0,1,50,2,2,0,0,1,1,41.0,59.0,voiture,deux_roues,2,2,3,1,3
201900017421,2019-10-13 22:25:00,2019,10,13,22,25,94,94038,PAUL VAILLANT COUTURIER (BD),48.7822,2.3412,Nuit avec éclairage allumé,En agglomération,Intersection en X,Normale,Trois véhicules et plus - collisions multiples,3,-1,2,0,1,1,1,0,1,50,3,6,3,0,0,3,26.0,29.0,voiture,voiture,5,2,2,1,5
201900017422,2019-10-12 20:05:00,2019,10,12,20,5,94,94022,NEWBURN (AV DE),48.75753,2.40993,Nuit avec éclairage non allumé,En agglomération,Intersection en T,Normale,Deux véhicules - côté,4,1,2,0,1,1,1,0,1,50,2,4,1,0,0,3,44.0,28.0,voiture,voiture,4,2,3,1,3
201900017423,2019-10-14 14:05:00,2019,10,14,14,5,94,94069,REPUBLIQUE (QU DE LA),48.8178,2.4218,Plein jour,En agglomération,Hors intersection,Normale,Deux véhicules - côté,3,2,2,0,1,1,1,0,1,50,2,2,1,0,0,1,33.0,42.0,deux_roues,voiture,1,2,1,1,3
201900017424,2019-10-14 21:05:00,2019,10,14,21,5,93,93072,GUILLAUME APPOLINAIRE (RUE),48.951906,2.376561,Nuit avec éclairage allumé,En agglomération,Autre intersection,Normale,Autre collision,4,-1,2,0,1,1,1,0,1,50,1,2,1,0,0,1,34.0,,voiture,,5,2,9,1,6
201900017425,2019-10-14 16:50:00,2019,10,14,16,50,93,93070,ROSIERS(DES) : APRES 61,48.9137968,2.3298365,Plein jour,En agglomération,Hors intersection,Normale,Deux véhicules - frontale,4,2,2,0,1,1,1,0,1,50,2,2,0,0,0,2,27.0,25.0,deux_roues,deux_roues,1,2,1,1,1
201900017426,2019-10-14 19:45:00,2019,10,14,19,45,93,93077,FOSSE AUX BERGERS (RUE DE LA),48.88492,2.49541,Nuit sans éclairage public,En agglomération,Autre intersection,Pluie légère,Trois véhicules et plus - en chaîne,4,2,3,0,1,3,2,2,2,50,3,3,2,0,0,1,59.0,47.0,voiture,voiture,3,2,9,2,4
201900017427,2019-10-13 23:50:00,2019,10,13,23,50,93,93077,FALLAY (RUE JEAN),48.89367,2.50214,Nuit avec éclairage allumé,En agglomération,Hors intersection,Normale,Deux véhicules - arrière,4,2,2,0,1,1,1,0,1,50,2,3,1,0,0,2,23.0,37.0,voiture,voiture,5,2,1,1,2
201900017428,2019-10-14 13:10:00,2019,10,14,13,10,93,93046,LIBERATION PLACE DE LA,48.922392,2.543632,Plein jour,En agglomération,Hors intersection,Normale,Autre collision,3,2,4,0,1,1,1,0,1,50,1,2,1,0,0,1,34.0,,voiture,,1,2,1,1,6
201900017429,2019-10-14 14:15:00,2019,10,14,14,15,92,92075,JEAN BLEUZEN (RUE),48.82412,2.29807,Plein jour,En agglomération,Intersection en T,Normale,Deux véhicules - arrière,3,2,2,0,1,1,1,5,1,50,2,3,2,0,0,1,31.0,50.0,deux_roues,utilitaire_camion,1,2,3,1,2
201900017430,2019-10-14 19:55:00,2019,10,14,19,55,92,92073,ROOSVELT (AVENUE FRANKLIN),48.87179,2.22171,Plein jour,En agglomération,Intersection en T,Normale,Autre collision,3,1,3,0,2,1,2,0,1,50,2,5,2,0,0,3,60.0,25.0,voiture,voiture,1,2,3,1,6
201900017431,2019-10-14 20:00:00,2019,10,14,20,0,92,92051,INKERMANN (BOULEVARD D'),48.886246,2.274654,Nuit sans éclairage public,En agglomération,Hors intersection,Pluie légère,Autre collision,4,2,2,0,1,1,2,0,1,50,1,2,1,0,1,0,77.0,,voiture,,3,2,1,2,6
201900017432,2019-10-14 14:40:00,2019,10,14,14,40,92,92026,VERDUN (DE 62 A FIN),48.90301,2.2582,Plein jour,En agglomération,Intersection en T,Normale,Deux véhicules - côté,3,2,2,0,1,1,1,0,1,50,2,2,1,0,0,1,40.0,68.0,deux_roues,voiture,1,2,3,1,3
201900017433,2019-10-14 10:39:00,2019,10,14,10,39,92,92026,PAUL DOUMER,48.89534,2.26226,Plein jour,En agglomération,Hors intersection,Normale,Deux véhicules - côté,4,1,3,0,1,1,1,2,1,70,2,2,1,0,0,1,74.0,42.0,voiture,deux_roues,1,2,1,1,3
201900017434,2019-10-13 01:50:00,2019,10,13,1,50,92,92025,CHARLES DE GAULLE (BD),48.91398,2.229848,Nuit avec éclairage allumé,En agglomération,Intersection en X,Normale,Deux véhicules - côté,3,3,4,0,1,1,1,0,1,50,2,3,2,0,0,1,30.0,43.0,voiture,voiture,5,2,2,1,3
201900017435,2019-10-14 17:58:00,2019,10,14,17,58,65,65407,42 Route de Sainte Barbe,43.022432,0.591568,Plein jour,Hors agglomération,Intersection en T,Normale,Trois véhicules et plus - collisions multiples,3,2,2,0,1,1,1,0,1,80,3,3,2,0,0,1,15.0,82.0,deux_roues,voiture,1,1,3,1,5
201900017436,2019-10-14 10:00:00,2019,10,14,10,0,17,17285,14 Rue de Port à Clou,45.811234,-0.650633,Plein jour,Hors agglomération,Hors intersection,Normale,Sans collision,3,2,2,0,1,1,1,0,3,80,1,1,0,1,0,0,58.0,,utilitaire_camion,,1,1,1,1,7
201900017437,2019-10-14 18:00:00,2019,10,14,18,0,973,97353,Route de Sophie,3.6454822,-54.0276999,Plein jour,En agglomération,Hors intersection,Normale,Sans collision,4,2,2,0,3,3,1,0,1,50,1,1,0,0,0,1,27.0,,deux_roues,,1,2,1,1,7
201900017438,2019-10-15 02:50:00,2019,10,15,2,50,1,01143,Avenue de Genève,46.35208,6.14177,Nuit avec éclairage allumé,En agglomération,Giratoire,Normale,Autre collision,3,2,2,0,1,1,1,5,1,50,1,1,0,0,1,0,45.0,,deux_roues,,5,2,6,1,6
201900017439,2019-10-15 14:45:00,2019,10,15,14,45,41,41252,A10,47.705521,1.453461,Plein jour,Hors agglomération,Hors intersection,Normale,Deux véhicules - côté,1,3,3,0,1,1,1,0,1,90,2,3,1,0,0,2,58.0,30.0,utilitaire_camion,utilitaire_camion,1,1,1,1,3
201900017440,2019-10-13 18:40:00,2019,10,13,18,40,43,43120,"A75, pk 51+000, sens Sud/Nord",45.380381,3.281873,Crépuscule ou aube,Hors agglomération,Hors intersection,Normale,Deux véhicules - arrière,1,3,4,0,1,1,1,8,1,80,2,3,2,0,0,1,49.0,28.0,deux_roues,voiture,2,1,1,1,2
201900017441,2019-10-15 05:00:00,2019,10,15,5,0,71,71004,D673,46.810476,4.95225,Nuit sans éclairage public,Hors agglomération,Hors intersection,Pluie forte,Deux véhicules - côté,3,2,2,0,1,1,2,0,1,80,2,2,0,0,2,0,35.0,24.0,voiture,voiture,3,1,1,3,3
201900017442,2019-10-12 18:30:00,2019,10,12,18,30,19,19102,La gane toupie,45.374111,2.180448,Crépuscule ou aube,Hors agglomération,Hors intersection,Normale,Sans collision,3,2,2,0,1,2,2,0,1,80,1,1,0,0,1,0,73.0,,voiture,,2,1,1,1,7
201900017443,2019-10-14 07:50:00,2019,10,14,7,50,81,81024,D999,43.91307,1.558303,Crépuscule ou aube,Hors agglomération,Hors intersection,Normale,Deux véhicules - frontale,3,2,2,0,1,1,1,0,1,80,2,2,0,0,2,0,40.0,25.0,voiture,voiture,2,1,1,1,1
201900017444,2019-10-15 11:02:00,2019,10,15,11,2,1,01012,D8,46.002861,5.538395,Plein jour,Hors agglomération,Hors intersection,Pluie forte,Deux véhicules - frontale,3,2,2,0,2,1,2,0,1,80,2,2,1,1,0,0,65.0,53.0,voiture,utilitaire_camion,1,1,1,3,1
201900017445,2019-10-11 15:05:00,2019,10,11,15,5,39,39355,,46.949102,5.75747,Plein jour,Hors agglomération,Intersection en X,Normale,Deux véhicules - côté,3,2,2,0,1,1,1,0,1,80,2,2,1,0,1,0,57.0,42.0,voiture,voiture,1,1,2,1,3
201900017446,2019-10-14 03:55:00,2019,10,14,3,55,44,44072,D33,47.460703,-2.373253,Nuit sans éclairage public,Hors agglomération,Hors intersection,Normale,Deux véhicules - côté,3,2,2,0,1,1,2,0,1,80,2,2,0,0,1,1,29.0,32.0,utilitaire_camion,utilitaire_camion,3,1,1,1,3
201900017447,2019-10-14 15:25:00,2019,10,14,15,25,35,35049,Boulevard d'Armor,48.67893,-1.862048,Plein jour,En agglomération,Giratoire,Pluie légère,Deux véhicules - côté,3,2,2,0,1,1,1,0,1,50,2,2,1,0,1,0,53.0,56.0,deux_roues,voiture,1,2,6,2,3
201900017448,2019-10-14 16:55:00,2019,10,14,16,55,29,29302,milh ar palud,48.26769,-4.079725,Plein jour,Hors agglomération,Hors intersection,Autre,Sans collision,3,2,2,0,2,2,2,0,3,80,1,2,0,1,0,1,25.0,,voiture,,1,1,1,9,7
201900017449,2019-10-14 18:45:00,2019,10,14,18,45,31,31002,Chemin de Laborie,43.348009,1.627008,Plein jour,Hors agglomération,Hors intersection,Normale,Autre collision,3,2,2,0,3,2,1,0,1,70,1,3,2,0,1,0,26.0,,utilitaire_camion,,1,1,1,1,6
201900017450,2019-10-04 08:20:00,2019,10,4,8,20,38,38249,Chemin de la Laurelle,45.22484,5.8082,Plein jour,En agglomération,Intersection en T,Normale,Deux véhicules - côté,4,2,2,1,2,1,1,0,5,30,2,2,1,0,0,1,37.0,25.0,voiture,deux_roues,1,2,3,1,3
201900017451,2019-10-15 03:20:00,2019,10,15,3,20,1,01066,D1504,45.853907,5.5428962,Nuit sans éclairage public,Hors agglomération,Hors intersection,Normale,Autre collision,3,2,2,0,1,1,1,0,3,80,1,1,0,0,1,0,39.0,,voiture,,3,1,1,1,6
201900017452,2019-10-14 11:55:00,2019,10,14,11,55,54,54327,D904 PK 26+300,48.733153,5.866153,Plein jour,Hors agglomération,Intersection en T,Normale,Deux véhicules - frontale,3,2,2,0,1,3,1,0,1,80,2,2,0,0,0,2,53.0,91.0,voiture,voiture,1,1,3,1,1
201900017453,2019-10-14 17:10:00,2019,10,14,17,10,6,06079,avenue des anciens combattants,43.549758,6.942133,Plein jour,En agglomération,Hors intersection,Normale,Deux véhicules - arrière,3,2,2,0,1,1,1,0,1,50,2,2,1,0,0,1,26.0,54.0,voiture,deux_roues,1,2,1,1,2
201900017454,2019-10-15 07:45:00,2019,10,15,7,45,5,05017,Avenue Francois Mitterrand,44.5647564,6.1984831,Crépuscule ou aube,En agglomération,Intersection en T,Pluie forte,Deux véhicules - côté,3,2,2,-1,1,1,1,0,1,50,2,2,1,0,0,1,58.0,12.0,voiture,deux_roues,2,2,3,3,3
201900017455,2019-10-14 22:30:00,2019,10,14,22,30,50,50243,D650,49.033248,-1.522919,Nuit sans éclairage public,Hors agglomération,Hors intersection,Normale,Autre collision,3,2,2,0,1,2,2,0,3,80,1,1,0,0,1,0,31.0,,voiture,,3,1,1,1,6
201900017456,2019-10-15 07:45:00,2019,10,15,7,45,21,21317,Avenue Carnot,47.522306,5.117255,Crépuscule ou aube,En agglomération,Hors intersection,Pluie légère,Autre collision,3,2,2,0,1,1,2,0,1,50,1,2,1,0,1,0,85.0,,voiture,,2,2,1,2,6
201900017457,2019-10-14 10:30:00,2019,10,14,10,30,4,04178,RD 951,44.046739,5.799744,Plein jour,Hors agglomération,Hors intersection,Normale,Deux véhicules - frontale,3,2,2,0,1,1,1,0,1,80,2,2,1,0,1,0,72.0,41.0,voiture,utilitaire_camion,1,1,1,1,1
201900017458,2019-10-15 18:15:00,2019,10,15,18,15,30,30341,Rue Victor Hugo,43.692522,4.274882,Crépuscule ou aube,En agglomération,Hors intersection,Normale,Autre collision,6,2,2,0,1,1,1,0,1,50,2,2,1,0,0,1,51.0,61.0,deux_roues,voiture,2,2,1,1,6
201900017459,2019-10-14 14:30:00,2019,10,14,14,30,68,68375,RD2,47.807929,7.224451,Plein jour,Hors agglomération,Giratoire,Normale,Sans collision,3,4,2,0,1,1,1,9,1,90,1,1,0,0,1,0,64.0,,deux_roues,,1,1,6,1,7
201900017460,2019-10-14 18:30:00,2019,10,14,18,30,45,45115,A19 PK 33+300 sens 1,48.0444838,3.0420735,Plein jour,Hors agglomération,Hors intersection,Normale,Deux véhicules - arrière,1,3,4,0,1,2,1,0,1,130,2,2,1,0,0,1,53.0,61.0,voiture,utilitaire_camion,1,1,1,1,2
201900017461,2019-10-15 08:15:00,2019,10,15,8,15,69,69244,2 bis honore espelette,45.7623,4.76006,Plein jour,En agglomération,Hors intersection,Pluie forte,Autre collision,4,2,2,0,1,1,1,0,1,50,2,2,1,0,1,0,77.0,56.0,voiture,voiture,1,2,1,3,6
201900017462,2019-10-14 15:30:00,2019,10,14,15,30,6,06018,Chemin Neuf,43.627752,7.093505,Plein jour,En agglomération,Hors intersection,Normale,Deux véhicules - frontale,3,2,2,0,2,2,1,0,1,30,2,2,0,1,1,0,60.0,19.0,deux_roues,deux_roues,1,2,1,1,1
201900017463,2019-10-11 12:50:00,2019,10,11,12,50,6,06152,rue gambetta,43.64162,7.007786,Plein jour,En agglomération,Intersection en Y,Normale,Autre collision,3,2,2,0,2,1,1,0,1,50,1,2,1,0,1,0,16.0,,deux_roues,,1,2,4,1,6
201900017464,2019-10-13 16:35:00,2019,10,13,16,35,74,74064,710 Route de Marignier,46.08684,6.560076,Plein jour,Hors agglomération,Hors intersection,Normale,Sans collision,3,2,2,0,2,1,1,0,1,80,1,1,0,0,1,0,54.0,,deux_roues,,1,1,1,1,7
201900017465,2019-09-30 17:10:00,2019,9,30,17,10,38,38449,RD 75,45.649958,5.114835,Plein jour,Hors agglomération,Hors intersection,Normale,Trois véhicules et plus - en chaîne,3,2,2,0,3,1,1,5,1,80,4,5,3,0,1,1,55.0,41.0,voiture,utilitaire_camion,1,1,1,1,4