accident_id,datetime,annee,mois,jour,heure,minute,departement,commune_insee,adresse,latitude,longitude,luminosite,agglomeration,intersection,meteo,collision,catr,circ,nbv,vosp,prof,plan,surf,infra,situ,vma,nb_vehicules,nb_usagers,nb_indemnes,nb_tues,nb_blesses_hosp,nb_blesses_legers,age_cond_1,age_cond_2,veh_type_cond_1,veh_type_cond_2,lum_code,agg_code,int_code,atm_code,col_code
201900017559,2019-04-20 08:55:00,2019,4,20,8,55,3,03031,,46.3898614,2.7166408,Plein jour,Hors agglomération,Hors intersection,Normale,Autre collision,1,3,4,0,1,1,1,0,1,130,1,1,0,0,0,1,25.0,,voiture,,1,1,1,1,6
201900017560,2019-04-20 16:00:00,2019,4,20,16,0,67,67108,route de schirmeck,48.526351,7.596599,Plein jour,En agglomération,Intersection en T,Temps éblouissant,Deux véhicules - côté,3,2,2,0,1,1,1,0,1,50,2,5,4,0,0,1,32.0,51.0,voiture,voiture,1,2,3,7,3
201900017561,2019-04-28 09:25:00,2019,4,28,9,25,1,01087,A40 PK 113.400 sens M/G,46.169654,5.690589,Plein jour,Hors agglomération,Hors intersection,Neige / grêle,Trois véhicules et plus - collisions multiples,1,1,2,0,1,2,2,0,1,110,6,7,5,0,0,2,26.0,44.0,voiture,voiture,1,1,1,4,5
201900017562,2019-04-28 09:20:00,2019,4,28,9,20,1,01087,A 40,46.166394,5.673527,Plein jour,Hors agglomération,Hors intersection,Neige / grêle,Trois véhicules et plus - en chaîne,1,1,1,0,1,1,5,2,1,110,3,6,4,0,1,1,62.0,21.0,voiture,voiture,1,1,1,4,4
201900017563,2019-04-15 07:55:00,2019,4,15,7,55,34,34337,Chemin de la Mort aux Ânes,43.533656,3.867418,Plein jour,En agglomération,Hors intersection,Temps éblouissant,Autre collision,4,2,2,0,1,1,1,0,1,50,1,2,1,0,0,1,37.0,,voiture,,1,2,1,7,6
201900017564,2019-03-21 16:00:00,2019,3,21,16,0,84,84014,A51 PK 060.800,43.73665,5.751808,Plein jour,Hors agglomération,Hors intersection,Normale,Deux véhicules - arrière,1,3,4,0,1,1,1,0,1,130,2,3,1,0,1,1,71.0,29.0,voiture,utilitaire_camion,1,1,1,1,2
201900017565,2019-03-23 12:10:00,2019,3,23,12,10,78,78233,Domaine de la Pommeraie,48.872508,1.972042,Plein jour,En agglomération,Hors intersection,Normale,Autre collision,4,2,2,0,1,1,1,0,1,-1,1,2,1,0,1,0,66.0,,voiture,,1,2,1,1,6
201900017566,2019-04-29 07:25:00,2019,4,29,7,25,973,97302,Carrefour Cabassou,4.9059065,-52.3048844,Plein jour,Hors agglomération,Intersection en T,Normale,Deux véhicules - côté,3,2,2,0,1,1,1,5,1,50,2,2,1,0,0,1,32.0,38.0,voiture,deux_roues,1,1,3,1,3
201900017567,2019-04-20 04:30:00,2019,4,20,4,30,973,97309,Route de la Matourienne,4.885559,-52.2875147,Nuit sans éclairage public,Hors agglomération,Hors intersection,Normale,Sans collision,2,2,2,0,1,1,1,0,3,90,1,2,0,0,2,0,28.0,,voiture,,3,1,1,1,7
201900017568,2019-04-27 11:45:00,2019,4,27,11,45,34,34116,route de Montpellier,43.646893,3.801832,Plein jour,En agglomération,Hors intersection,Normale,Autre collision,9,-1,2,0,1,1,1,0,1,50,2,2,1,0,1,0,47.0,43.0,deux_roues,voiture,1,2,1,1,6
201900017569,2019-04-21 14:30:00,2019,4,21,14,30,42,42042,D 108 lie dit les trats,45.457255,4.222838,Plein jour,Hors agglomération,Hors intersection,Normale,Deux véhicules - frontale,3,2,2,0,2,2,1,0,1,80,2,4,0,0,0,4,20.0,52.0,voiture,voiture,1,1,1,1,1
201900017570,2019-04-21 14:25:00,2019,4,21,14,25,42,42042,Cessieux,45.461771,4.228803,Plein jour,Hors agglomération,Hors intersection,Normale,Deux véhicules - côté,3,2,2,0,2,3,1,0,1,80,2,2,1,0,1,0,28.0,48.0,voiture,deux_roues,1,1,1,1,3
201900017571,2019-04-18 20:49:00,2019,4,18,20,49,37,37027,d976,47.320153,0.9727,Crépuscule ou aube,Hors agglomération,Hors intersection,Normale,Deux véhicules - frontale,3,2,2,0,2,2,1,0,1,80,2,2,0,1,0,1,23.0,42.0,voiture,utilitaire_camion,2,1,1,1,1
201900017572,2019-04-28 01:07:00,2019,4,28,1,7,67,67108,A352,48.523334,7.596035,Nuit sans éclairage public,Hors agglomération,Hors intersection,Normale,Deux véhicules - arrière,1,-1,4,0,1,1,1,0,1,130,2,2,1,0,1,0,43.0,36.0,voiture,deux_roues,3,1,1,1,2
201900017573,2019-04-22 13:22:00,2019,4,22,13,22,67,67021,A35,48.396876,7.475893,Plein jour,Hors agglomération,Hors intersection,Normale,Autre collision,1,3,4,3,1,1,1,3,3,130,1,3,1,0,0,2,26.0,,voiture,,1,1,1,1,6
201900017574,2019-04-20 17:00:00,2019,4,20,17,0,33,33122,Parc de MONSALUT,44.765755,-0.704167,Plein jour,En agglomération,Hors intersection,Normale,Autre collision,9,2,2,0,1,2,1,0,3,-1,1,2,0,1,1,0,81.0,,voiture,,1,2,1,1,6
201900017575,2019-04-25 18:00:00,2019,4,25,18,0,78,78466,rond point des qarante sous,48.923523,1.996916,Plein jour,En agglomération,Hors intersection,Normale,Deux véhicules - frontale,3,3,4,0,1,1,1,0,1,70,2,2,1,0,0,1,23.0,49.0,voiture,voiture,1,2,1,1,1
201900017576,2019-04-25 16:40:00,2019,4,25,16,40,53,53262,A 81- PK 226.900,48.061241,-0.520831,Plein jour,Hors agglomération,Hors intersection,Vent fort / tempête,Sans collision,1,3,4,0,1,1,2,0,8,130,1,1,0,0,1,0,69.0,,voiture,,1,1,1,6,7
201900017577,2019-03-21 09:10:00,2019,3,21,9,10,53,53097,Boulevard maréchal LECLERC,48.157189,-0.412096,Plein jour,En agglomération,Giratoire,Normale,Autre collision,3,2,2,0,2,1,1,9,1,70,1,2,1,0,1,0,62.0,,utilitaire_camion,,1,2,6,1,6
201900017578,2019-04-22 19:50:00,2019,4,22,19,50,72,72045,autouroute A81,48.019818,-0.046209,Crépuscule ou aube,Hors agglomération,Hors intersection,Normale,Sans collision,1,1,4,0,1,1,1,0,3,130,1,6,1,1,1,3,36.0,,voiture,,2,1,1,1,7
201900017579,2019-04-25 18:15:00,2019,4,25,18,15,69,69112,A 89 sortie 37,45.826198,4.686539,Crépuscule ou aube,Hors agglomération,Hors intersection,Pluie forte,Autre collision,1,1,2,0,2,2,2,3,3,50,1,1,0,0,0,1,51.0,,voiture,,2,1,1,3,6
201900017580,2019-04-22 19:15:00,2019,4,22,19,15,69,69112,A89 pk 536.700,45.8355172,4.6848106,Plein jour,Hors agglomération,Hors intersection,Normale,Sans collision,1,3,4,0,2,2,1,0,1,110,1,1,0,1,0,0,60.0,,deux_roues,,1,1,1,1,7
201900017581,2019-04-26 14:58:00,2019,4,26,14,58,33,33498,"Autoroute A 63, PR 034",44.55233,-0.83197,Plein jour,Hors agglomération,Hors intersection,Temps couvert,Autre collision,1,3,4,0,1,1,2,0,3,130,1,1,0,0,1,0,27.0,,utilitaire_camion,,1,1,1,8,6
201900017582,2019-04-24 08:30:00,2019,4,24,8,30,72,72363,Autoroute A11 PK 143+700  sens PARIS - PROVINCE,48.113513,0.512821,Plein jour,Hors agglomération,Hors intersection,Pluie légère,Autre collision,1,3,5,0,1,1,2,0,3,130,1,1,0,0,1,0,54.0,,voiture,,1,1,1,2,6
201900017583,2019-04-19 08:40:00,2019,4,19,8,40,13,13001,autoroute A8 sens nord pk 018+500,43.516061,5.433311,Plein jour,Hors agglomération,Hors intersection,Normale,Trois véhicules et plus - en chaîne,1,1,5,0,1,1,1,3,1,110,4,4,3,0,0,1,44.0,32.0,voiture,voiture,1,1,1,1,4
201900017584,2019-04-25 16:30:00,2019,4,25,16,30,53,53204,RD 176,48.478613,-0.277144,Plein jour,Hors agglomération,Hors intersection,Temps éblouissant,Deux véhicules - côté,3,2,2,0,2,1,1,0,1,80,2,2,1,0,1,0,72.0,35.0,voiture,utilitaire_camion,1,1,1,7,3
201900017585,2019-04-29 06:45:00,2019,4,29,6,45,57,57333,RN 4 P 024+700,48.748868,7.133535,Plein jour,Hors agglomération,Hors intersection,Temps éblouissant,Deux véhicules - arrière,2,3,4,0,1,1,1,0,1,110,2,3,1,0,1,1,28.0,63.0,utilitaire_camion,utilitaire_camion,1,1,1,7,2
201900017586,2019-04-14 14:45:00,2019,4,14,14,45,6,06149,A8 PK 206.700 SUD,43.745362,7.363937,Plein jour,Hors agglomération,Hors intersection,Neige / grêle,Sans collision,1,3,5,0,2,3,9,0,1,90,1,1,0,0,1,0,58.0,,voiture,,1,1,1,4,7
201900017587,2019-04-23 19:40:00,2019,4,23,19,40,976,97613,Chembenyoumba,-12.763302,45.078269,Nuit sans éclairage public,Hors agglomération,Hors intersection,Pluie légère,Sans collision,3,2,2,0,1,2,1,0,3,50,1,4,1,1,2,0,23.0,,voiture,,3,1,1,2,7
201900017588,2019-04-23 14:00:00,2019,4,23,14,0,976,97613,CCD1 PK:020.400,-12.75505,45.09469,Plein jour,Hors agglomération,Autre intersection,Normale,Sans collision,3,2,2,0,2,2,1,0,3,70,1,19,14,0,0,5,55.0,,transport_commun,,1,1,9,1,7
201900017589,2019-04-19 14:30:00,2019,4,19,14,30,86,86005,RD 347 PR 38+200,46.949709,0.110293,Plein jour,Hors agglomération,Hors intersection,Normale,Trois véhicules et plus - collisions multiples,3,2,2,0,1,1,1,0,1,80,4,15,14,0,1,0,50.0,50.0,voiture,utilitaire_camion,1,1,1,1,5
201900017590,2019-04-24 14:53:00,2019,4,24,14,53,7,07265,D 306,45.2911,4.64137,Plein jour,Hors agglomération,Hors intersection,Normale,Deux véhicules - frontale,3,2,2,0,4,1,2,0,1,80,2,2,1,0,1,0,29.0,55.0,voiture,utilitaire_camion,1,1,1,1,1
201900017591,2019-04-26 13:30:00,2019,4,26,13,30,51,51437,A4,49.218329,3.8084212,Plein jour,Hors agglomération,Hors intersection,Normale,Autre collision,1,3,4,3,3,1,1,0,6,-1,4,9,5,0,0,4,55.0,27.0,voiture,utilitaire_camion,1,1,1,1,6
201900017592,2019-04-26 09:05:00,2019,4,26,9,5,51,51282,A4,49.2427152,3.9126955,Plein jour,Hors agglomération,Hors intersection,Normale,Sans collision,1,3,4,0,1,1,1,0,3,130,1,4,0,1,3,0,46.0,,voiture,,1,1,1,1,7
201900017593,2019-04-21 19:15:00,2019,4,21,19,15,64,64545,Autoroute A63 - Point Kilométrique 197+800 - sens Espagne/France,43.3712424,-1.6780575,Plein jour,Hors agglomération,Hors intersection,Normale,Sans collision,1,1,3,0,1,1,1,3,1,90,1,1,0,0,0,1,40.0,,utilitaire_camion,,1,1,1,1,7
201900017594,2019-04-19 09:45:00,2019,4,19,9,45,14,14301,A13,49.1674275,-0.2767879,Plein jour,Hors agglomération,Hors intersection,Normale,Trois véhicules et plus - en chaîne,1,3,4,3,1,1,1,0,1,130,4,4,1,0,1,2,31.0,51.0,utilitaire_camion,utilitaire_camion,1,1,1,1,4
201900017595,2019-04-11 12:40:00,2019,4,11,12,40,14,14534,"autoroute A13, PK 186.200, sens PARIS - CAEN",49.268807,0.172713,Plein jour,Hors agglomération,Hors intersection,Normale,Deux véhicules - arrière,1,2,2,0,2,1,1,8,1,90,2,2,0,0,0,2,65.0,27.0,voiture,voiture,1,1,1,1,2
201900017596,2019-04-23 13:10:00,2019,4,23,13,10,55,55385,Autoroute A4,49.098312,5.300774,Plein jour,Hors agglomération,Hors intersection,Normale,Autre collision,1,3,4,0,1,1,1,9,6,130,1,2,0,0,1,1,61.0,,voiture,,1,1,1,1,6
201900017597,2019-04-29 19:20:00,2019,4,29,19,20,13,13114,4000 Route de Roquefavour,43.51893,5.30169,Plein jour,Hors agglomération,Hors intersection,Normale,Deux véhicules - frontale,3,2,2,0,1,2,1,0,1,70,2,2,1,1,0,0,34.0,31.0,voiture,deux_roues,1,1,1,1,1
201900017598,2019-04-26 03:30:00,2019,4,26,3,30,28,28002,Autoroute A10 PK 065.666,48.197253,1.851673,Nuit sans éclairage public,Hors agglomération,Hors intersection,Temps couvert,Sans collision,1,3,5,0,1,1,2,9,3,130,1,2,0,0,2,0,62.0,,voiture,,3,1,1,8,7
201900017599,2019-04-19 17:45:00,2019,4,19,17,45,45,45317,A10 point kilomètrique 125+500,47.7689155,1.5708832,Plein jour,Hors agglomération,Hors intersection,Normale,Deux véhicules - côté,1,-1,4,0,1,1,1,0,1,130,2,2,1,0,0,1,56.0,31.0,voiture,voiture,1,1,1,1,3
201900017600,2019-04-25 04:40:00,2019,4,25,4,40,971,97103,route nationale 1,16.254548,-61.556036,Nuit sans éclairage public,Hors agglomération,Autre intersection,Normale,Autre collision,2,3,4,0,1,1,1,0,1,90,1,2,1,0,1,0,46.0,,utilitaire_camion,,3,1,9,1,6
201900017601,2019-04-23 14:30:00,2019,4,23,14,30,27,27102,Autoroute A13,49.368662,0.7778,Plein jour,Hors agglomération,Hors intersection,Normale,Deux véhicules - arrière,1,3,3,0,1,1,1,0,1,130,2,3,1,0,1,1,45.0,63.0,utilitaire_camion,voiture,1,1,1,1,2
201900017602,2019-04-27 17:30:00,2019,4,27,17,30,13,13103,"A54, PK 71+300, sens ARLES / SALON-DE-PROVENCE",43.627443,5.111284,Plein jour,Hors agglomération,Hors intersection,Normale,Trois véhicules et plus - en chaîne,1,3,4,0,1,1,1,0,1,130,3,4,3,0,0,1,20.0,68.0,voiture,voiture,1,1,1,1,4
201900017603,2019-04-22 11:45:00,2019,4,22,11,45,13,13067,Autoroute A.7 PK 216+400 sens Marseille Lyon,43.781346,5.053724,Plein jour,Hors agglomération,Hors intersection,Normale,Deux véhicules - arrière,1,3,3,3,1,1,1,0,1,130,2,6,5,0,0,1,37.0,80.0,voiture,voiture,1,1,1,1,2
201900017604,2019-04-15 18:00:00,2019,4,15,18,0,13,13051,"Autoroute A.7, ses Sud/Nord, PK 244+500",43.572053,5.215043,Plein jour,Hors agglomération,Hors intersection,Normale,Deux véhicules - côté,1,3,3,0,2,1,1,0,1,130,2,8,7,0,0,1,38.0,37.0,voiture,utilitaire_camion,1,1,1,1,3
201900017605,2019-04-26 12:10:00,2019,4,26,12,10,51,51409,A26,48.8747642,4.2890839,Plein jour,Hors agglomération,Hors intersection,Normale,Deux véhicules - arrière,1,3,4,0,2,1,1,0,1,-1,2,4,1,0,0,3,61.0,83.0,voiture,voiture,1,1,1,1,2
201900017606,2019-04-29 05:10:00,2019,4,29,5,10,975,97502,Route de la Pérouse,46.769885,-56.181403,Nuit avec éclairage allumé,En agglomération,Hors intersection,Normale,Autre collision,4,2,2,0,1,4,1,0,3,50,1,1,0,0,1,0,21.0,,voiture,,5,2,1,1,6
201900017607,2019-04-20 18:45:00,2019,4,20,18,45,988,98808,Nessa Kouya,-21.29008,165.5342,Nuit sans éclairage public,Hors agglomération,Hors intersection,Normale,Autre collision,2,2,2,0,3,2,1,0,3,110,1,3,1,0,2,0,25.0,,voiture,,3,1,1,1,6
201900017608,2019-04-26 16:30:00,2019,4,26,16,30,988,98817,Avenue des Deux Baies,-22.224727,166.510321,Plein jour,En agglomération,Hors intersection,Pluie légère,Deux véhicules - arrière,3,3,2,1,1,1,2,0,1,50,2,2,1,0,0,1,39.0,25.0,voiture,voiture,1,2,1,2,2
201900017609,2019-04-28 03:45:00,2019,4,28,3,45,988,98821,RM4 ou Route de Tongouin,-22.12756,166.223732,Nuit sans éclairage public,Hors agglomération,Hors intersection,Normale,Autre collision,4,2,2,0,1,1,1,0,3,50,1,1,0,0,1,0,,,,,3,1,1,1,6
201900017610,2019-04-19 22:45:00,2019,4,19,22,45,988,98821,RT1,-22.157631,166.37767,Nuit avec éclairage allumé,Hors agglomération,Hors intersection,Pluie légère,Autre collision,1,3,4,0,1,2,2,3,3,110,1,1,0,0,1,0,33.0,,voiture,,5,1,1,2,6
201900017611,2019-04-20 16:45:00,2019,4,20,16,45,986,98613,RT2-Aoha,-13.285932,-176.233145,Plein jour,Hors agglomération,Intersection en T,Normale,Deux véhicules - côté,2,2,1,0,1,1,1,0,1,70,2,2,1,0,1,0,24.0,63.0,deux_roues,voiture,1,1,3,1,3
201900017612,2019-04-22 14:50:00,2019,4,22,14,50,974,97423,route forestière du Maido,-21.096242,55.339067,Plein jour,Hors agglomération,Hors intersection,Normale,Sans collision,4,2,2,0,1,1,1,0,8,50,1,1,0,0,0,1,18.0,,autre,,1,1,1,1,7
201900017613,2019-03-21 04:30:00,2019,3,21,4,30,974,97415,RN.1A LA SALINE LES BAINS,-21.097163,55.246799,Nuit sans éclairage public,Hors agglomération,Hors intersection,Normale,Deux véhicules - frontale,2,2,2,0,1,1,1,0,1,90,2,2,1,0,1,0,50.0,17.0,autre,voiture,3,1,1,1,1
201900017614,2019-03-23 23:50:00,2019,3,23,23,50,974,97415,Route Nationale 1,-20.975535,55.297654,Nuit sans éclairage public,Hors agglomération,Hors intersection,Normale,Autre collision,2,2,4,0,1,1,1,0,1,110,1,3,2,1,0,0,22.0,,voiture,,3,1,1,1,6
201900017615,2019-04-26 18:00:00,2019,4,26,18,0,974,97418,Chemin de Lagrange,-20.935267,55.531523,Crépuscule ou aube,Hors agglomération,Hors intersection,Normale,Deux véhicules - frontale,4,2,2,0,2,3,1,0,1,50,2,3,2,0,0,1,48.0,21.0,deux_roues,voiture,2,1,1,1,1
201900017616,2019-04-28 22:40:00,2019,4,28,22,40,971,97125,RN 5,16.272233,-61.282433,Nuit sans éclairage public,Hors agglomération,Hors intersection,Normale,Sans collision,2,2,2,0,1,1,1,0,3,80,1,1,0,1,0,0,32.0,,voiture,,3,1,1,1,7
201900017617,2019-04-22 03:50:00,2019,4,22,3,50,971,97116,Richeval,16.353475,-61.456043,Nuit sans éclairage public,Hors agglomération,Hors intersection,Normale,Autre collision,2,2,2,0,2,4,1,0,1,80,2,3,2,1,0,0,22.0,23.0,voiture,voiture,3,1,1,1,6
201900017618,2019-04-26 10:50:00,2019,4,26,10,50,971,97117,Boulevard Lucette Michaux Chevry,16.335665,-61.361671,Plein jour,En agglomération,Hors intersection,Temps couvert,Deux véhicules - côté,2,3,2,0,1,3,1,0,1,50,2,2,1,0,1,0,63.0,57.0,deux_roues,voiture,1,2,1,8,3
201900017619,2019-03-22 15:30:00,2019,3,22,15,30,971,97117,intersection RN5 et route de neron,16.335294,-61.39584,Plein jour,Hors agglomération,Hors intersection,Normale,Deux véhicules - côté,2,2,2,0,1,1,1,0,1,80,2,2,1,0,1,0,25.0,37.0,deux_roues,voiture,1,1,1,1,3
201900017620,2019-04-30 08:30:00,2019,4,30,8,30,977,97701,D209 - Rte de marigot,43.834099,5.976635,Plein jour,Hors agglomération,Hors intersection,Normale,Deux véhicules - côté,2,2,2,0,2,2,1,0,1,30,2,2,1,0,0,1,24.0,36.0,deux_roues,voiture,1,1,1,1,3
201900017621,2019-03-31 01:30:00,2019,3,31,1,30,977,97701,Marigot,17.909951,-62.813147,Nuit sans éclairage public,En agglomération,Hors intersection,Normale,Autre collision,3,2,2,0,2,3,1,0,1,50,1,1,0,0,1,0,37.0,,deux_roues,,3,2,1,1,6
201900017622,2019-04-17 11:10:00,2019,4,17,11,10,971,97107,Route de Routhiers,16.038939,-61.585036,Plein jour,Hors agglomération,Intersection en T,Normale,Deux véhicules - côté,3,2,2,0,2,1,1,0,1,80,2,2,1,0,1,0,51.0,68.0,utilitaire_camion,voiture,1,1,3,1,3
201900017623,2019-04-21 03:43:00,2019,4,21,3,43,971,97111,Allée Guyonneau Gadet,16.320588,-61.786637,Nuit sans éclairage public,Hors agglomération,Hors intersection,Normale,Sans collision,2,2,1,0,1,1,1,0,8,50,1,1,0,0,0,1,25.0,,voiture,,3,1,1,1,7
201900017624,2019-04-21 16:20:00,2019,4,21,16,20,29,29005,Kerveadou,47.848388,-3.611076,Plein jour,Hors agglomération,Hors intersection,Temps éblouissant,Sans collision,4,2,2,0,1,2,1,0,3,70,1,2,1,0,1,0,50.0,,deux_roues,,1,1,1,7,7
201900017625,2019-03-31 21:45:00,2019,3,31,21,45,29,29297,Kerlavarec,47.9184321,-3.516494,Nuit sans éclairage public,Hors agglomération,Hors intersection,Normale,Deux véhicules - frontale,3,2,2,0,3,3,1,0,1,80,2,2,0,0,2,0,26.0,53.0,voiture,voiture,3,1,1,1,1
201900017626,2019-04-27 16:05:00,2019,4,27,16,5,37,37003,38 Quai du Général de Gaulle,47.410682,0.975205,Plein jour,En agglomération,Hors intersection,Normale,Deux véhicules - arrière,3,2,2,0,1,1,1,0,1,50,2,2,1,0,1,0,38.0,16.0,voiture,deux_roues,1,2,1,1,2
201900017627,2019-04-24 12:45:00,2019,4,24,12,45,45,45082,30 Rue du Morvant,47.8628814,2.2321586,Plein jour,En agglomération,Hors intersection,Normale,Deux véhicules - arrière,4,2,2,0,1,1,1,0,1,50,2,2,1,0,1,0,14.0,24.0,deux_roues,voiture,1,2,1,1,2
201900017628,2019-04-28 14:50:00,2019,4,28,14,50,77,77023,RD97,49.01179,2.86765,Plein jour,Hors agglomération,Hors intersection,Pluie légère,Autre collision,3,2,2,0,2,2,2,0,8,80,1,1,0,0,0,1,37.0,,deux_roues,,1,1,1,2,6
201900017629,2019-04-25 16:15:00,2019,4,25,16,15,77,77273,D401,49.05035,2.73652,Plein jour,Hors agglomération,Hors intersection,Normale,Autre collision,3,2,2,0,1,1,1,0,3,80,1,1,0,0,1,0,22.0,,utilitaire_camion,,1,1,1,1,6
201900017630,2019-04-27 13:55:00,2019,4,27,13,55,77,77157,D401 X BRET. ACCES A4,49.01435,3.15742,Plein jour,Hors agglomération,Intersection en T,Pluie légère,Deux véhicules - frontale,3,2,2,0,1,1,2,5,1,80,2,4,1,0,0,3,33.0,27.0,voiture,voiture,1,1,3,2,1
201900017631,2019-04-21 21:45:00,2019,4,21,21,45,77,77196,Route Nationale 3,48.947527,2.727792,Nuit sans éclairage public,Hors agglomération,Hors intersection,Normale,Deux véhicules - côté,2,3,4,0,2,1,1,0,1,110,2,2,1,0,1,0,43.0,34.0,voiture,deux_roues,3,1,1,1,3
201900017632,2019-04-27 15:40:00,2019,4,27,15,40,77,77392,D401 PK 11.5,49.0539541,2.7205522,Plein jour,Hors agglomération,Hors intersection,Normale,Deux véhicules - frontale,3,2,2,0,1,1,1,0,1,80,2,4,1,0,0,3,51.0,19.0,utilitaire_camion,utilitaire_camion,1,1,1,1,1
201900017633,2019-04-24 16:20:00,2019,4,24,16,20,77,77339,CD16 pk  23+300,48.392164,2.488222,Plein jour,Hors agglomération,Hors intersection,Temps couvert,Deux véhicules - frontale,3,2,2,0,1,1,2,0,1,70,2,2,0,0,1,1,32.0,54.0,voiture,voiture,1,1,1,8,1
201900017634,2019-04-27 00:15:00,2019,4,27,0,15,77,77352,Départementale 48,48.660391,2.789182,Nuit avec éclairage allumé,Hors agglomération,Hors intersection,Normale,Deux véhicules - frontale,3,2,2,0,1,2,1,0,1,-1,2,4,2,0,0,2,34.0,27.0,voiture,voiture,5,1,1,1,1
201900017635,2019-04-29 18:35:00,2019,4,29,18,35,91,91319,D3,48.632761,2.177083,Plein jour,Hors agglomération,Hors intersection,Normale,Autre collision,3,2,2,0,3,2,1,0,1,50,1,1,0,0,1,0,46.0,,deux_roues,,1,1,1,1,6
201900017636,2019-04-27 16:00:00,2019,4,27,16,0,91,91546,D27,48.572667,2.024494,Plein jour,Hors agglomération,Intersection en T,Pluie légère,Autre collision,3,2,2,0,1,1,2,0,1,80,1,6,2,0,1,3,18.0,,voiture,,1,1,3,2,6
201900017637,2019-04-21 08:05:00,2019,4,21,8,5,91,91017,D132,48.607015,2.050715,Plein jour,Hors agglomération,Hors intersection,Normale,Autre collision,3,2,2,0,1,1,1,0,1,80,1,1,0,1,0,0,20.0,,voiture,,1,1,1,1,6
201900017638,2019-04-13 04:10:00,2019,4,13,4,10,91,91132,RN 20,48.515458,2.216009,Nuit sans éclairage public,Hors agglomération,Hors intersection,Normale,Sans collision,2,3,4,0,1,1,1,0,1,90,1,2,0,0,2,0,28.0,,voiture,,3,1,1,1,7
201900017639,2019-04-23 20:00:00,2019,4,23,20,0,91,91121,1 Rue du Petit Gironville,48.360222,2.387964,Crépuscule ou aube,En agglomération,Intersection en T,Normale,Deux véhicules - côté,4,2,2,0,1,1,1,0,1,50,2,2,1,0,1,0,67.0,15.0,voiture,deux_roues,2,2,3,1,3
201900017640,2019-04-27 19:25:00,2019,4,27,19,25,78,78265,Route de Boissy,48.824639,1.784403,Plein jour,Hors agglomération,Hors intersection,Pluie légère,Deux véhicules - côté,3,2,2,0,2,3,2,0,1,50,2,2,1,0,0,1,19.0,37.0,voiture,voiture,1,1,1,2,3
201900017641,2019-04-19 07:06:00,2019,4,19,7,6,78,78062,D 11 PK20,48.839816,1.846695,Plein jour,Hors agglomération,Hors intersection,Normale,Sans collision,3,2,2,0,1,1,1,0,8,80,1,2,0,0,2,0,18.0,,voiture,,1,1,1,1,7
201900017642,2019-04-28 07:15:00,2019,4,28,7,15,2B,2B057,Campitello,42.247644,9.545695,Plein jour,En agglomération,Hors intersection,Normale,Autre collision,2,2,2,0,1,1,1,2,3,80,1,2,1,0,0,1,36.0,,voiture,,1,2,1,1,6
201900017643,2019-04-27 15:20:00,2019,4,27,15,20,2B,2B109,Ghiandarile,42.729874,9.345827,Plein jour,Hors agglomération,Hors intersection,Normale,Autre collision,3,2,2,0,2,3,1,0,8,80,1,1,0,0,0,1,47.0,,deux_roues,,1,1,1,1,6
201900017644,2019-04-24 18:00:00,2019,4,24,18,0,2B,2B314,piste saleccia,42.663464,9.203197,Plein jour,Hors agglomération,Hors intersection,Normale,Sans collision,9,2,2,0,2,1,9,0,8,80,1,1,0,0,1,0,65.0,,deux_roues,,1,1,1,1,7
201900017645,2019-04-30 10:55:00,2019,4,30,10,55,2B,2B042,Avenue de BORGO,42.562635,9.441077,Plein jour,En agglomération,Hors intersection,Normale,Deux véhicules - arrière,2,2,2,0,1,1,1,0,1,50,2,2,1,0,0,1,56.0,49.0,deux_roues,deux_roues,1,2,1,1,2
201900017646,2019-04-26 12:55:00,2019,4,26,12,55,66,66196,VC,42.54931,2.958033,Plein jour,Hors agglomération,Hors intersection,Normale,Autre collision,4,2,2,0,1,1,1,0,3,80,1,1,0,0,1,0,50.0,,voiture,,1,1,1,1,6
201900017647,2019-04-26 17:35:00,2019,4,26,17,35,66,66226,rd2,42.5900865,2.8494387,Plein jour,Hors agglomération,Hors intersection,Vent fort / tempête,Autre collision,3,2,2,0,1,2,1,0,3,80,1,1,0,0,1,0,26.0,,deux_roues,,1,1,1,6,6
201900017648,2019-04-25 18:55:00,2019,4,25,18,55,66,66065,Rue Franklin,42.600006,2.970795,Plein jour,En agglomération,Intersection en T,Normale,Deux véhicules - côté,4,2,2,0,1,1,1,0,1,30,2,2,1,0,1,0,27.0,12.0,voiture,deux_roues,1,2,3,1,3
201900017649,2019-04-27 21:25:00,2019,4,27,21,25,30,30258,RD 42,43.696016,4.425098,Nuit sans éclairage public,Hors agglomération,Intersection en X,Normale,Deux véhicules - côté,3,2,2,3,1,1,1,5,1,80,2,2,0,0,0,2,33.0,53.0,voiture,voiture,3,1,2,1,3
201900017650,2019-04-24 09:45:00,2019,4,24,9,45,34,34113,Avenue de Béziers,43.4975809,3.7120522,Plein jour,En agglomération,Intersection en T,Normale,Sans collision,3,2,2,0,1,1,1,0,1,50,1,2,1,0,1,0,54.0,,voiture,,1,2,3,1,7