accident_id,datetime,annee,mois,jour,heure,minute,departement,commune_insee,adresse,latitude,longitude,luminosite,agglomeration,intersection,meteo,collision,catr,circ,nbv,vosp,prof,plan,surf,infra,situ,vma,nb_vehicules,nb_usagers,nb_indemnes,nb_tues,nb_blesses_hosp,nb_blesses_legers,age_cond_1,age_cond_2,veh_type_cond_1,veh_type_cond_2,lum_code,agg_code,int_code,atm_code,col_code
201900017651,2019-04-19 18:15:00,2019,4,19,18,15,34,34154,D24,43.619091,3.963699,Plein jour,Hors agglomération,Intersection en T,Normale,Deux véhicules - côté,3,2,3,0,1,1,1,5,1,50,2,3,1,0,2,0,35.0,35.0,voiture,deux_roues,1,1,3,1,3
201900017652,2019-04-17 16:30:00,2019,4,17,16,30,34,34154,Boulevard de la République,43.617195,4.011094,Plein jour,En agglomération,Autre intersection,Normale,Deux véhicules - côté,4,1,1,0,1,1,1,0,1,50,2,2,1,0,0,1,54.0,67.0,voiture,deux_roues,1,2,9,1,3
201900017653,2019-04-28 11:00:00,2019,4,28,11,0,34,34145,rue Tivoli,43.6742157,4.1292849,Plein jour,En agglomération,Intersection en T,Normale,Autre collision,4,-1,2,0,1,1,1,0,1,50,1,3,1,0,1,1,69.0,,voiture,,1,2,3,1,6
201900017654,2019-04-24 16:13:00,2019,4,24,16,13,34,34327,7 Avenue de Montpellier,43.653833,3.96674,Plein jour,En agglomération,Intersection en T,Normale,Deux véhicules - côté,3,2,2,0,1,1,1,5,1,50,2,2,1,0,0,1,25.0,49.0,utilitaire_camion,deux_roues,1,2,3,1,3
201900017655,2019-04-27 04:40:00,2019,4,27,4,40,84,84078,RD26,44.244396,4.725313,Nuit sans éclairage public,Hors agglomération,Hors intersection,Normale,Autre collision,3,2,2,0,1,1,1,0,8,80,1,1,0,0,1,0,21.0,,voiture,,3,1,1,1,6
201900017656,2019-04-22 18:30:00,2019,4,22,18,30,84,84067,route de sarrians,44.073878,5.001088,Plein jour,Hors agglomération,Hors intersection,Normale,Sans collision,3,2,2,0,1,1,1,0,3,80,1,1,0,0,1,0,35.0,,voiture,,1,1,1,1,7
201900017657,2019-03-23 18:10:00,2019,3,23,18,10,84,84095,RD 27,43.755065,5.364925,Plein jour,Hors agglomération,Giratoire,Normale,Deux véhicules - arrière,3,2,2,0,1,2,1,0,1,80,2,2,1,0,0,1,60.0,20.0,deux_roues,voiture,1,1,6,1,2
201900017658,2019-03-21 07:45:00,2019,3,21,7,45,84,84026,"RD 973, PR 40",43.733952,5.368766,Plein jour,Hors agglomération,Hors intersection,Normale,Deux véhicules - côté,3,2,2,0,1,1,1,0,1,80,2,2,1,0,0,1,47.0,41.0,voiture,voiture,1,1,1,1,3
201900017659,2019-04-24 09:05:00,2019,4,24,9,5,84,84145,D111,43.923302,5.39797,Plein jour,Hors agglomération,Hors intersection,Pluie forte,Sans collision,3,2,2,0,1,1,2,0,3,-1,1,1,0,0,1,0,36.0,,autre,,1,1,1,3,7
201900017660,2019-04-24 13:40:00,2019,4,24,13,40,84,84129,161 Avenue du Griffon,44.011744,4.874941,Plein jour,En agglomération,Hors intersection,Normale,Deux véhicules - arrière,9,1,1,0,1,1,1,9,1,30,2,2,1,0,1,0,17.0,40.0,deux_roues,voiture,1,2,1,1,2
201900017661,2019-01-28 07:20:00,2019,1,28,7,20,84,84092,avenue de la république,43.961928,4.858362,Crépuscule ou aube,En agglomération,Giratoire,Normale,Autre collision,4,2,2,0,1,2,1,5,1,50,1,2,1,0,1,0,32.0,,voiture,,2,2,6,1,6
201900017662,2019-04-28 18:00:00,2019,4,28,18,0,83,83107,Route de Marchandise,43.464283,6.636403,Plein jour,En agglomération,Hors intersection,Normale,Sans collision,4,2,2,0,2,2,1,1,3,70,1,1,0,0,1,0,60.0,,deux_roues,,1,2,1,1,7
201900017663,2019-04-20 09:40:00,2019,4,20,9,40,83,83064,RD81,43.323396,6.039422,Plein jour,Hors agglomération,Intersection en X,Normale,Deux véhicules - côté,3,4,2,0,1,1,1,5,1,70,2,2,1,1,0,0,90.0,45.0,voiture,voiture,1,1,2,1,3
201900017664,2019-04-20 17:35:00,2019,4,20,17,35,83,83023,Route de Nice,43.405884,6.073255,Plein jour,En agglomération,Hors intersection,Normale,Deux véhicules - côté,4,2,2,0,1,1,1,0,1,50,2,2,1,0,1,0,29.0,39.0,deux_roues,voiture,1,2,1,1,3
201900017665,2019-08-05 19:00:00,2019,8,5,19,0,4,04096,Col de la bonette,44.342508,6.795533,Plein jour,Hors agglomération,Hors intersection,Normale,Deux véhicules - frontale,4,2,2,0,2,3,1,0,1,50,2,2,1,0,1,0,24.0,44.0,deux_roues,voiture,1,1,1,1,1
201900017666,2019-07-12 16:35:00,2019,7,12,16,35,13,13053,Lotissement la Mignoniere,43.730665,5.172782,Plein jour,En agglomération,Place,Normale,Autre collision,4,1,1,0,1,2,1,9,1,50,1,2,1,0,1,0,23.0,,utilitaire_camion,,1,2,7,1,6
201900017667,2019-08-03 12:00:00,2019,8,3,12,0,13,13016,31 RD 45 E Le Pigeonnier,43.406784,5.609742,Plein jour,Hors agglomération,Hors intersection,Normale,Sans collision,3,2,2,0,2,2,1,0,3,70,1,1,0,1,0,0,81.0,,voiture,,1,1,1,1,7
201900017668,2019-08-05 12:00:00,2019,8,5,12,0,13,13097,Route Nationale 568,43.4952245,4.8753358,Plein jour,Hors agglomération,Hors intersection,Normale,Autre collision,2,3,2,0,1,1,1,0,3,110,1,3,0,0,1,2,72.0,,voiture,,1,1,1,1,6
201900017669,2019-08-06 11:30:00,2019,8,6,11,30,71,71510,Route de Sarry,46.267682,4.096364,Plein jour,En agglomération,Intersection en X,Normale,Deux véhicules - côté,3,2,2,0,1,1,1,0,1,50,2,2,1,0,1,0,67.0,76.0,voiture,deux_roues,1,2,2,1,3
201900017670,2019-08-05 13:00:00,2019,8,5,13,0,71,71525,RN79,46.366551,4.681248,Plein jour,Hors agglomération,Hors intersection,Normale,Deux véhicules - frontale,2,2,4,0,1,1,1,0,1,110,2,3,1,0,0,2,85.0,46.0,voiture,utilitaire_camion,1,1,1,1,1
201900017671,2019-08-03 10:40:00,2019,8,3,10,40,52,52315,RD 619,48.024238,5.232552,Plein jour,Hors agglomération,Hors intersection,Normale,Autre collision,3,2,2,0,1,3,1,0,3,80,1,1,0,0,1,0,60.0,,voiture,,1,1,1,1,6
201900017672,2019-08-05 19:35:00,2019,8,5,19,35,8,08081,12 Place de la République,49.851235,4.766545,Plein jour,En agglomération,Hors intersection,Normale,Autre collision,3,2,2,0,2,3,1,0,3,50,1,1,0,0,1,0,18.0,,deux_roues,,1,2,1,1,6
201900017673,2019-08-05 10:20:00,2019,8,5,10,20,68,68063,voie verte,47.806534,7.200363,Plein jour,Hors agglomération,Hors intersection,Normale,Deux véhicules - frontale,9,2,2,1,2,3,1,0,5,-1,2,2,1,0,1,0,78.0,43.0,deux_roues,deux_roues,1,1,1,1,1
201900017674,2019-08-04 10:20:00,2019,8,4,10,20,68,68296,d48.1,48.259091,7.300403,Plein jour,Hors agglomération,Hors intersection,Normale,Sans collision,3,2,2,0,2,2,9,0,1,80,1,1,0,0,1,0,25.0,,deux_roues,,1,1,1,1,7
201900017675,2019-08-04 15:30:00,2019,8,4,15,30,67,67131,Rue de la 1ère Division Blindée,48.4864152,7.7150883,Plein jour,En agglomération,Hors intersection,Normale,Deux véhicules - côté,7,2,2,0,1,2,1,0,1,30,2,2,1,0,1,0,26.0,34.0,deux_roues,voiture,1,2,1,1,3
201900017676,2019-07-31 15:40:00,2019,7,31,15,40,55,55258,RD 958 PK 11,48.793416,5.67162,Plein jour,Hors agglomération,Hors intersection,Normale,Sans collision,3,2,2,0,2,1,1,0,3,80,1,1,0,0,1,0,42.0,,voiture,,1,1,1,1,7
201900017677,2019-08-05 19:00:00,2019,8,5,19,0,57,57474,112 Rue d'Amnéville,49.262719,6.154636,Plein jour,En agglomération,Intersection en T,Normale,Autre collision,3,2,2,0,1,1,1,0,1,50,2,2,1,0,1,0,49.0,78.0,deux_roues,voiture,1,2,3,1,6
201900017678,2019-08-06 17:00:00,2019,8,6,17,0,73,73213,44 rue de la parpillette,45.570421,5.952452,Plein jour,En agglomération,Hors intersection,Normale,Autre collision,6,-1,-1,0,1,1,1,9,1,-1,1,2,1,0,1,0,61.0,,voiture,,1,2,1,1,6
201900017679,2019-08-06 20:20:00,2019,8,6,20,20,38,38054,D1075,45.79598,5.40249,Crépuscule ou aube,Hors agglomération,Hors intersection,Pluie légère,Deux véhicules - côté,3,2,2,0,2,2,2,0,1,80,2,6,0,3,3,0,48.0,21.0,voiture,voiture,2,1,1,2,3
201900017680,2019-08-06 07:45:00,2019,8,6,7,45,38,38553,Boulevard de Villefontaine,45.6149,5.14994,Plein jour,En agglomération,Hors intersection,Normale,Deux véhicules - frontale,3,2,2,0,1,1,1,0,1,50,2,2,1,0,1,0,38.0,45.0,deux_roues,transport_commun,1,2,1,1,1
201900017681,2019-04-20 22:10:00,2019,4,20,22,10,69,69171,D389,45.804124,4.592297,Nuit sans éclairage public,Hors agglomération,Hors intersection,Normale,Deux véhicules - frontale,3,2,2,0,1,2,1,0,1,80,2,2,0,1,0,1,41.0,48.0,voiture,deux_roues,3,1,1,1,1
201900017682,2019-08-05 10:00:00,2019,8,5,10,0,31,31249,D38,43.47467,1.655828,Plein jour,Hors agglomération,Hors intersection,Normale,Autre collision,3,2,2,0,4,1,1,0,1,80,1,1,0,0,1,0,61.0,,deux_roues,,1,1,1,1,6
201900017683,2019-07-28 15:40:00,2019,7,28,15,40,19,19207,RD 9,45.273315,1.634121,Plein jour,Hors agglomération,Hors intersection,Normale,Sans collision,3,2,2,0,1,1,1,0,8,80,1,2,1,0,1,0,49.0,,voiture,,1,1,1,1,7
201900017684,2019-08-06 06:40:00,2019,8,6,6,40,17,17161,RD 735,46.181199,-1.318384,Crépuscule ou aube,Hors agglomération,Hors intersection,Normale,Deux véhicules - frontale,3,2,2,0,1,1,1,0,1,80,2,4,0,1,3,0,58.0,19.0,voiture,voiture,2,1,1,1,1
201900017685,2019-08-03 07:00:00,2019,8,3,7,0,44,44089,Le Boistuaud,47.339481,-1.869309,Plein jour,Hors agglomération,Hors intersection,Normale,Autre collision,3,2,2,0,1,1,1,0,3,80,1,1,0,0,1,0,80.0,,voiture,,1,1,1,1,6
201900017686,2019-08-03 11:15:00,2019,8,3,11,15,14,14658,rue de la gare,48.839915,-1.048247,Plein jour,En agglomération,Autre intersection,Normale,Deux véhicules - frontale,3,-1,2,0,2,1,1,0,1,50,2,2,1,0,1,0,17.0,69.0,deux_roues,voiture,1,2,9,1,1
201900017687,2019-08-03 02:05:00,2019,8,3,2,5,35,35236,68 Rue Saint-Michel,47.655637,-2.071448,Nuit avec éclairage allumé,En agglomération,Hors intersection,Normale,Autre collision,3,2,2,0,2,3,1,9,4,50,1,4,0,0,1,3,23.0,,voiture,,5,2,1,1,6
201900017688,2019-08-04 14:30:00,2019,8,4,14,30,57,57764,chemin rural,49.470685,6.114744,Plein jour,Hors agglomération,Hors intersection,Temps éblouissant,Sans collision,4,2,2,0,1,3,1,0,3,50,1,1,0,0,0,1,27.0,,deux_roues,,1,1,1,7,7
201900017689,2019-08-06 18:45:00,2019,8,6,18,45,2,02221,ferme de paris d1003,49.036329,3.252648,Plein jour,Hors agglomération,Hors intersection,Pluie légère,Autre collision,3,2,2,0,1,3,2,0,3,80,1,1,0,0,0,1,37.0,,voiture,,1,1,1,2,6
201900017690,2019-08-04 10:32:00,2019,8,4,10,32,62,62443,D 65,50.446178,2.647141,Plein jour,Hors agglomération,Hors intersection,Normale,Deux véhicules - frontale,3,2,2,0,4,3,1,0,1,80,2,3,2,0,0,1,46.0,35.0,voiture,deux_roues,1,1,1,1,1
201900017691,2019-08-06 14:15:00,2019,8,6,14,15,59,59268,Rue de verdun,50.637529,2.713533,Plein jour,En agglomération,Hors intersection,Normale,Autre collision,9,2,2,0,1,1,1,0,4,50,1,2,1,0,0,1,78.0,,voiture,,1,2,1,1,6
201900017692,2019-08-04 17:45:00,2019,8,4,17,45,59,59268,Rue de béthune,50.637529,2.713533,Plein jour,Hors agglomération,Hors intersection,Normale,Deux véhicules - frontale,3,2,2,0,1,4,1,0,1,50,2,2,1,0,0,1,56.0,43.0,utilitaire_camion,voiture,1,1,1,1,1
201900017693,2019-08-06 08:17:00,2019,8,6,8,17,13,13001,A51-Sens Marseille vers Aix en Provence,43.5029595,5.4081658,Plein jour,Hors agglomération,Hors intersection,Normale,Deux véhicules - côté,1,1,2,0,1,1,1,0,1,90,2,2,1,0,0,1,29.0,48.0,utilitaire_camion,voiture,1,1,1,1,3
201900017694,2019-08-06 07:15:00,2019,8,6,7,15,13,13022,A50-Sens Toulon vers Aubagne,43.23691,5.59051,Plein jour,Hors agglomération,Hors intersection,Normale,Sans collision,1,1,3,0,2,1,1,0,1,90,1,1,0,0,0,1,20.0,,voiture,,1,1,1,1,7
201900017695,2019-08-05 14:25:00,2019,8,5,14,25,13,13211,A50-Sens Marseille vers Aubagne,43.29399,5.45859,Plein jour,Hors agglomération,Hors intersection,Normale,Deux véhicules - arrière,1,1,3,0,1,1,1,0,1,90,2,2,1,0,0,1,30.0,35.0,voiture,utilitaire_camion,1,1,1,1,2
201900017696,2019-08-04 09:02:00,2019,8,4,9,2,13,13211,A50-Sens Aubagne vers Marseille,43.294804,5.465004,Plein jour,Hors agglomération,Hors intersection,Normale,Deux véhicules - côté,1,3,3,0,2,2,1,0,1,90,2,5,0,0,0,5,31.0,29.0,voiture,voiture,1,1,1,1,3
201900017697,2019-08-04 07:40:00,2019,8,4,7,40,13,13033,A55-Sens Marseille vers Martigues,43.38056,5.21528,Plein jour,Hors agglomération,Hors intersection,Normale,Deux véhicules - arrière,1,3,2,0,1,1,1,9,1,110,2,3,0,0,2,1,20.0,83.0,voiture,voiture,1,1,1,1,2
201900017698,2019-08-04 00:15:00,2019,8,4,0,15,13,13019,A51-Sens Marseille vers Aix en Provence,43.43903,5.39641,Nuit sans éclairage public,Hors agglomération,Hors intersection,Normale,Deux véhicules - côté,1,1,3,0,2,1,1,0,1,90,2,4,0,0,0,4,20.0,,voiture,,3,1,1,1,3
201900017699,2019-08-05 23:45:00,2019,8,5,23,45,83,83112,A50,43.19705,5.70657,Nuit sans éclairage public,Hors agglomération,Hors intersection,Normale,Deux véhicules - arrière,1,3,6,0,1,1,1,0,1,130,2,2,1,0,0,1,48.0,36.0,voiture,autre,3,1,1,1,2
201900017700,2019-07-12 18:40:00,2019,7,12,18,40,69,69152,A7  005.756  A  007.000,45.70543,4.83261,Plein jour,Hors agglomération,Hors intersection,Normale,Trois véhicules et plus - en chaîne,1,3,3,0,1,1,1,0,1,70,3,3,2,0,0,1,39.0,20.0,voiture,voiture,1,1,1,1,4
201900017701,2019-08-05 13:30:00,2019,8,5,13,30,54,54090,Autoroute 31,48.74796,6.15573,Plein jour,Hors agglomération,Hors intersection,Normale,Deux véhicules - arrière,1,3,5,0,1,1,1,2,1,90,2,4,2,0,2,0,59.0,59.0,utilitaire_camion,voiture,1,1,1,1,2
201900017702,2019-08-06 22:00:00,2019,8,6,22,0,33,33063,ROCADE A 630,44.8872,-0.57095,Nuit sans éclairage public,Hors agglomération,Hors intersection,Normale,Trois véhicules et plus - collisions multiples,1,3,4,0,1,1,1,8,1,70,3,2,1,0,0,1,36.0,22.0,deux_roues,voiture,3,1,1,1,5
201900017703,2019-08-06 22:00:00,2019,8,6,22,0,33,33063,ROCADE A 630,44.8872,-0.57095,Nuit sans éclairage public,Hors agglomération,Hors intersection,Normale,Deux véhicules - arrière,1,3,4,0,1,1,1,8,1,70,2,5,4,0,0,1,34.0,,voiture,,3,1,1,1,2
201900017704,2019-08-06 00:05:00,2019,8,6,0,5,33,33487,AUTOROUTE A 10,44.94748,-0.46447,Nuit avec éclairage allumé,Hors agglomération,Hors intersection,Normale,Deux véhicules - arrière,1,3,2,0,1,1,1,3,1,50,2,2,1,0,0,1,46.0,30.0,utilitaire_camion,voiture,5,1,1,1,2
201900017705,2019-08-04 11:50:00,2019,8,4,11,50,33,33192,ROCADE A 630,44.79018,-0.61139,Plein jour,Hors agglomération,Hors intersection,Normale,Trois véhicules et plus - collisions multiples,1,3,8,0,1,1,1,0,1,90,3,10,8,0,2,0,59.0,59.0,voiture,deux_roues,1,1,1,1,5
201900017706,2019-08-03 00:50:00,2019,8,3,0,50,59,59378,ROUTE NATIONALE 356,50.6552824,3.1085193,Nuit sans éclairage public,Hors agglomération,Hors intersection,Normale,Trois véhicules et plus - en chaîne,2,3,6,0,1,1,1,8,1,70,3,4,2,1,1,0,47.0,24.0,deux_roues,voiture,3,1,1,1,4
201900017707,2019-08-06 17:50:00,2019,8,6,17,50,94,94034,AUTOROUTE A86,48.7598263,2.3217191,Plein jour,Hors agglomération,Hors intersection,Pluie légère,Deux véhicules - côté,1,1,3,0,1,1,1,1,1,70,2,2,1,0,0,1,29.0,55.0,deux_roues,utilitaire_camion,1,1,1,2,3
201900017708,2019-08-06 13:57:00,2019,8,6,13,57,91,91471,RN 118,48.69348,2.192684,Plein jour,Hors agglomération,Hors intersection,Temps couvert,Deux véhicules - arrière,2,1,3,0,2,3,1,3,1,110,2,3,1,0,0,2,20.0,47.0,voiture,voiture,1,1,1,8,2
201900017709,2019-08-05 21:10:00,2019,8,5,21,10,94,94037,AUTOROUTE A6B,48.81459,2.3556,Nuit avec éclairage allumé,Hors agglomération,Hors intersection,Normale,Autre collision,1,3,4,0,2,3,1,1,1,50,1,1,0,0,0,1,31.0,,deux_roues,,5,1,1,1,6
201900017710,2019-08-05 15:00:00,2019,8,5,15,0,91,91617,RN 104,48.632299,2.531583,Plein jour,Hors agglomération,Hors intersection,Normale,Trois véhicules et plus - en chaîne,2,3,5,0,1,1,1,0,3,110,4,4,3,0,0,1,28.0,52.0,utilitaire_camion,voiture,1,1,1,1,4
201900017711,2019-08-05 13:00:00,2019,8,5,13,0,91,91377,AUTOROUTE A10,48.7279,2.3045,Plein jour,Hors agglomération,Hors intersection,Normale,Trois véhicules et plus - en chaîne,1,3,6,0,1,1,1,0,3,90,3,3,2,0,0,1,42.0,28.0,utilitaire_camion,voiture,1,1,1,1,4
201900017712,2019-08-05 08:55:00,2019,8,5,8,55,91,91179,AUTOROUTE A6,48.56032,2.48458,Plein jour,Hors agglomération,Hors intersection,Normale,Autre collision,1,3,6,0,1,3,1,0,3,30,1,1,0,0,0,1,21.0,,deux_roues,,1,1,1,1,6
201900017713,2019-08-05 16:45:00,2019,8,5,16,45,78,78206,A13,48.954073,1.939166,Plein jour,Hors agglomération,Hors intersection,Normale,Autre collision,1,3,3,0,1,1,1,0,1,130,1,2,0,0,1,1,37.0,,voiture,,1,1,1,1,6
201900017714,2019-08-05 06:25:00,2019,8,5,6,25,78,78640,A86 INT,48.778497,2.208951,Plein jour,Hors agglomération,Hors intersection,Normale,Autre collision,1,1,3,0,1,1,1,0,1,110,1,1,0,0,0,1,29.0,,voiture,,1,1,1,1,6
201900017715,2019-08-05 02:00:00,2019,8,5,2,0,78,78498,A13,48.917288,2.0055,Nuit sans éclairage public,Hors agglomération,Hors intersection,Normale,Autre collision,1,1,3,0,2,3,1,0,1,110,1,5,0,0,2,3,25.0,,voiture,,3,1,1,1,6
201900017716,2019-08-04 22:30:00,2019,8,4,22,30,78,78291,A13,48.965369,1.755635,Nuit sans éclairage public,Hors agglomération,Hors intersection,Normale,Trois véhicules et plus - en chaîne,1,1,3,0,4,2,1,0,1,70,3,3,1,0,0,2,57.0,34.0,voiture,voiture,3,1,1,1,4
201900017717,2019-08-05 18:45:00,2019,8,5,18,45,95,95018,AUTOROUTE A15,48.96241,2.26646,Plein jour,Hors agglomération,Hors intersection,Normale,Deux véhicules - arrière,1,3,10,0,1,1,1,0,1,110,2,3,0,0,0,3,44.0,25.0,voiture,voiture,1,1,1,1,2
201900017718,2019-08-04 04:20:00,2019,8,4,4,20,93,93010,AUTOROUTE A3,48.9045,2.471,Nuit sans éclairage public,Hors agglomération,Hors intersection,Normale,Sans collision,1,1,2,0,3,2,1,2,1,50,1,1,0,0,1,0,,,,,3,1,1,1,7
201900017719,2019-07-08 09:00:00,2019,7,8,9,0,86,86066,CHEVALIER DE TERNAY (RUE DU),46.8269,0.56374,Plein jour,En agglomération,Hors intersection,Normale,Deux véhicules - arrière,4,2,3,1,1,1,1,0,1,50,2,2,1,0,0,1,75.0,32.0,deux_roues,voiture,1,2,1,1,2
201900017720,2019-07-18 12:05:00,2019,7,18,12,5,73,73065,MONTMELIAN (FAUBOURG),45.567361,5.9376556,Plein jour,En agglomération,Intersection en X,Normale,Deux véhicules - côté,4,2,2,0,2,2,1,5,1,50,2,2,1,0,0,1,50.0,25.0,deux_roues,voiture,1,2,2,1,3
201900017721,2019-08-01 10:45:00,2019,8,1,10,45,71,71306,CHATEAU (RUE DU ),46.67676,4.37007,Plein jour,En agglomération,Intersection en X,Normale,Deux véhicules - côté,4,2,2,0,4,1,1,0,1,50,2,2,1,0,0,1,38.0,71.0,voiture,voiture,1,2,2,1,3
201900017722,2019-06-19 10:31:00,2019,6,19,10,31,66,66136,SULLY (MAXIMILIEN DE),42.69769,2.88936,Plein jour,En agglomération,Hors intersection,Normale,Autre collision,4,-1,1,0,1,1,1,0,1,50,1,2,1,0,0,1,33.0,,voiture,,1,2,1,1,6
201900017723,2019-08-02 11:00:00,2019,8,2,11,0,63,63113,JAURES (BD JEAN),45.7687,3.07826,Plein jour,En agglomération,Intersection en X,Normale,Autre collision,4,1,2,0,1,1,1,0,1,50,1,2,1,0,0,1,51.0,,voiture,,1,2,2,1,6
201900017724,2019-08-01 17:30:00,2019,8,1,17,30,63,63113,ORADOU (RUE DE L'),45.76419,3.12595,Plein jour,En agglomération,Intersection en X,Normale,Deux véhicules - côté,7,2,2,0,1,1,1,0,1,50,2,2,1,0,0,1,82.0,27.0,voiture,deux_roues,1,2,2,1,3
201900017725,2019-07-19 17:20:00,2019,7,19,17,20,62,62065,ROMAIN ROLLAND,50.39905,2.83527,Plein jour,En agglomération,Intersection en X,Normale,Deux véhicules - côté,4,2,2,0,1,1,1,0,1,50,2,2,1,0,1,0,33.0,20.0,utilitaire_camion,autre,1,2,2,1,3
201900017726,2019-08-01 10:05:00,2019,8,1,10,5,59,59273,BROSSOLETTE (RUE PIERRE),50.99993,2.11335,Plein jour,En agglomération,Hors intersection,Normale,Deux véhicules - côté,4,2,2,0,1,1,1,0,1,30,2,3,1,0,0,2,67.0,31.0,voiture,voiture,1,2,1,1,3
201900017727,2019-07-22 14:20:00,2019,7,22,14,20,54,54395,SAINT GEORGES (RUE),48.69237,6.18697,Plein jour,En agglomération,Intersection en X,Normale,Sans collision,4,1,2,3,1,1,1,0,1,50,1,2,1,0,0,1,38.0,,voiture,,1,2,2,1,7
201900017728,2019-07-30 17:40:00,2019,7,30,17,40,51,51454,RUE LENA BERNSTEIN,49.23645,4.08559,Plein jour,En agglomération,Hors intersection,Normale,Trois véhicules et plus - en chaîne,4,2,0,0,2,1,1,0,1,50,3,3,2,0,0,1,57.0,60.0,voiture,voiture,1,2,1,1,4
201900017729,2019-07-31 22:50:00,2019,7,31,22,50,49,49007,FOCH BOULEVARD,47.47139,-0.5471,Nuit avec éclairage allumé,En agglomération,Hors intersection,Normale,Deux véhicules - côté,4,2,4,0,1,1,1,0,1,60,2,2,1,0,0,1,46.0,29.0,voiture,voiture,5,2,1,1,3
201900017730,2019-07-27 20:00:00,2019,7,27,20,0,42,42218,BORIE,45.42199,4.36683,Crépuscule ou aube,Hors agglomération,Autre intersection,Pluie légère,Deux véhicules - côté,3,1,2,0,3,1,2,0,1,80,2,3,1,0,0,2,43.0,30.0,voiture,voiture,2,1,9,2,3
201900017731,2019-07-31 12:30:00,2019,7,31,12,30,34,34172,ROQUETURIERE (RUE DE LA),43.62736,3.88884,Plein jour,En agglomération,Intersection en T,Normale,Deux véhicules - frontale,4,2,3,0,2,1,1,5,1,50,2,2,1,0,0,1,32.0,61.0,deux_roues,voiture,1,2,3,1,1
201900017732,2019-07-31 20:15:00,2019,7,31,20,15,13,13201,STALINGRAD (SQUARE),43.2991739,5.3852715,Plein jour,En agglomération,Intersection en X,Normale,Autre collision,4,1,3,0,4,1,1,4,1,50,1,3,1,0,1,1,30.0,,voiture,,1,2,2,1,6
201900017733,2019-07-31 16:57:00,2019,7,31,16,57,13,13202,DAMES (BOULEVARD DES),43.30187,5.37223,Plein jour,En agglomération,Hors intersection,Normale,Autre collision,4,2,4,0,2,1,1,0,1,50,1,2,1,0,0,1,41.0,,voiture,,1,2,1,1,6
201900017734,2019-07-29 19:00:00,2019,7,29,19,0,13,13211,SAINT MENET (MONTEE),43.2936963,5.4934892,Plein jour,En agglomération,Hors intersection,Normale,Deux véhicules - arrière,4,2,2,0,1,1,1,0,1,50,2,4,1,0,0,3,32.0,35.0,voiture,voiture,1,2,1,1,2
201900017735,2019-06-29 00:25:00,2019,6,29,0,25,92,92024,JEAN JAURES (BD) DE (111 A 159),48.9062617,2.3011957,Nuit avec éclairage allumé,En agglomération,Intersection en T,Normale,Deux véhicules - côté,3,1,3,3,1,1,1,0,1,50,2,2,1,0,1,0,63.0,28.0,voiture,deux_roues,5,2,3,1,3
201900017736,2019-07-11 01:05:00,2019,7,11,1,5,33,33063,ROCADE A 630,44.88389,-0.55727,Nuit avec éclairage allumé,Hors agglomération,Hors intersection,Normale,Deux véhicules - arrière,1,3,6,0,2,1,1,0,1,70,2,2,1,0,0,1,25.0,55.0,utilitaire_camion,voiture,5,1,1,1,2
201900017737,2019-07-31 19:48:00,2019,7,31,19,48,93,93005,AUTOROUTE A3,48.95265,2.47401,Plein jour,Hors agglomération,Hors intersection,Normale,Deux véhicules - côté,1,3,11,0,1,1,1,0,1,110,2,2,1,0,0,1,31.0,26.0,deux_roues,voiture,1,1,1,1,3
201900017738,2019-07-31 18:50:00,2019,7,31,18,50,92,92050,A86,48.9153775,2.2204523,Plein jour,Hors agglomération,Hors intersection,Normale,Autre collision,1,3,8,0,1,3,1,2,1,70,3,3,2,0,0,1,26.0,50.0,voiture,voiture,1,1,1,1,6
201900017739,2019-07-30 20:50:00,2019,7,30,20,50,93,93007,AUTOROUTE A3,48.92335,2.4805,Crépuscule ou aube,Hors agglomération,Hors intersection,Normale,Deux véhicules - arrière,1,3,6,0,1,1,1,0,1,110,2,3,1,0,0,2,53.0,33.0,utilitaire_camion,voiture,2,1,1,1,2
201900017740,2019-07-30 17:10:00,2019,7,30,17,10,92,92036,AUTOROUTE A15,48.941392,2.2911995,Plein jour,Hors agglomération,Hors intersection,Normale,Autre collision,1,3,8,0,1,1,1,2,1,70,1,1,0,0,0,1,27.0,,voiture,,1,1,1,1,6
201900017741,2019-07-30 14:55:00,2019,7,30,14,55,95,95582,AUTOROUTE A115,48.9834,2.24088,Plein jour,Hors agglomération,Hors intersection,Normale,Deux véhicules - côté,1,1,1,0,2,3,1,0,1,90,2,2,1,0,0,1,74.0,31.0,voiture,deux_roues,1,1,1,1,3
201900017742,2019-07-29 18:30:00,2019,7,29,18,30,93,93078,AUTOROUTE A104,48.96245,2.5476,Plein jour,En agglomération,Hors intersection,Normale,Trois véhicules et plus - en chaîne,1,3,6,0,1,1,1,0,1,110,4,6,5,0,0,1,26.0,53.0,utilitaire_camion,voiture,1,2,1,1,4
201900017743,2019-08-01 10:45:00,2019,8,1,10,45,988,98818,RUE ARMAND OHLEN,-22.2506232,166.4636689,Plein jour,En agglomération,Intersection en T,Normale,Deux véhicules - côté,4,-1,2,0,1,1,1,0,3,50,2,2,1,0,0,1,46.0,79.0,utilitaire_camion,utilitaire_camion,1,2,3,1,3