accident_id,datetime,annee,mois,jour,heure,minute,departement,commune_insee,adresse,latitude,longitude,luminosite,agglomeration,intersection,meteo,collision,catr,circ,nbv,vosp,prof,plan,surf,infra,situ,vma,nb_vehicules,nb_usagers,nb_indemnes,nb_tues,nb_blesses_hosp,nb_blesses_legers,age_cond_1,age_cond_2,veh_type_cond_1,veh_type_cond_2,lum_code,agg_code,int_code,atm_code,col_code
201900017744,2019-08-01 10:32:00,2019,8,1,10,32,988,98818,BD EXTERIEUR - RUE AUG. MERCIER/METZ,-22.27736,166.449,Plein jour,En agglomération,Intersection en T,Normale,Deux véhicules - côté,4,2,2,0,1,1,1,9,1,50,2,2,1,0,0,1,46.0,16.0,utilitaire_camion,deux_roues,1,2,3,1,3
201900017745,2019-08-02 11:35:00,2019,8,2,11,35,976,97611,kaweni-Centrale EDM (rue de la ),-12.77547,45.2225,Plein jour,En agglomération,Hors intersection,Normale,Sans collision,4,2,0,0,1,1,1,0,1,50,1,2,1,0,0,1,26.0,,voiture,,1,2,1,1,7
201900017746,2019-08-01 16:40:00,2019,8,1,16,40,976,97611,kaweni-Europe (avenue),-12.77132,45.22372,Plein jour,En agglomération,Giratoire,Normale,Deux véhicules - côté,2,2,2,0,1,1,1,5,1,50,2,2,1,0,0,1,31.0,44.0,voiture,deux_roues,1,2,6,1,3
201900017747,2019-08-03 16:40:00,2019,8,3,16,40,974,97416,RECHERCHANT(RUE ADRIEN),-21.29218,55.48697,Plein jour,Hors agglomération,Intersection en T,Temps éblouissant,Deux véhicules - côté,3,2,2,0,1,1,1,0,1,50,2,2,1,0,0,1,54.0,62.0,deux_roues,autre,1,1,3,7,3
201900017748,2019-08-02 14:00:00,2019,8,2,14,0,974,97416,RN3 (ANCIENNE ROUTE),-21.29686,55.50424,Plein jour,Hors agglomération,Hors intersection,Normale,Deux véhicules - frontale,4,2,2,0,2,3,1,0,1,50,2,3,1,0,0,2,52.0,23.0,voiture,voiture,1,1,1,1,1
201900017749,2019-08-01 02:00:00,2019,8,1,2,0,974,97416,SAVANE (CHEMIN DE LA),-21.297,55.44908,Nuit avec éclairage allumé,En agglomération,Hors intersection,Normale,Autre collision,4,2,2,0,3,2,1,0,1,50,1,1,0,0,1,0,26.0,,deux_roues,,5,2,1,1,6
201900017750,2019-07-31 18:36:00,2019,7,31,18,36,974,97411,Chemin de l'Ilet à Quinquina,-20.91702,55.50956,Nuit avec éclairage allumé,En agglomération,Hors intersection,Normale,Deux véhicules - côté,4,2,2,0,1,3,1,0,1,50,2,2,1,0,1,0,27.0,32.0,deux_roues,voiture,5,2,1,1,3
201900017751,2019-07-31 10:39:00,2019,7,31,10,39,974,97411,LECONTE DE LISLE (AVENUE),-20.893,55.4842,Plein jour,En agglomération,Hors intersection,Normale,Deux véhicules - arrière,4,1,3,0,1,1,1,9,1,50,2,2,1,0,1,0,49.0,76.0,voiture,voiture,1,2,1,1,2
201900017752,2019-06-16 13:27:00,2019,6,16,13,27,974,97411,DORET 1 (BOULEVARD),-20.8905,55.4615,Plein jour,En agglomération,Hors intersection,Normale,Deux véhicules - côté,4,2,2,0,1,1,1,0,1,50,2,2,1,0,0,1,41.0,37.0,voiture,deux_roues,1,2,1,1,3
201900017753,2019-08-03 08:50:00,2019,8,3,8,50,973,97302,BRADIN (GONTRAN) CITE ANATOLE,4.9387825,-52.3176563,Plein jour,En agglomération,Intersection en T,Normale,Sans collision,3,-1,1,0,1,1,1,0,1,50,1,1,0,0,0,1,31.0,,deux_roues,,1,2,3,1,7
201900017754,2019-08-02 19:45:00,2019,8,2,19,45,69,69387,CLAUDE BERNARD                      (QU),45.75574,4.83999,Plein jour,En agglomération,Hors intersection,Normale,Autre collision,4,1,3,0,1,2,1,0,1,50,1,3,2,0,0,1,33.0,,voiture,,1,2,1,1,6
201900017755,2019-06-24 10:05:00,2019,6,24,10,5,69,69388,HENRI BARBUSSE                      (R ),45.72964,4.85387,Plein jour,En agglomération,Intersection en X,Normale,Deux véhicules - côté,4,3,2,0,1,1,1,0,1,50,2,1,0,0,0,1,36.0,,autre,,1,2,2,1,3
201900017756,2019-08-02 17:30:00,2019,8,2,17,30,69,69276,BROTTEAUX (DES)                         ,45.66174,4.84467,Plein jour,Hors agglomération,Intersection en T,Normale,Deux véhicules - frontale,4,2,2,0,1,1,1,0,1,50,2,3,2,0,0,1,31.0,21.0,voiture,voiture,1,1,3,1,1
201900017757,2019-08-02 13:40:00,2019,8,2,13,40,69,69387,SALOMON REINACH                     (R ),45.75022,4.84335,Plein jour,En agglomération,Intersection en X,Normale,Deux véhicules - côté,4,1,1,0,1,1,1,0,1,50,2,2,1,0,0,1,53.0,21.0,voiture,voiture,1,2,2,1,3
201900017758,2019-08-03 15:20:00,2019,8,3,15,20,972,97209,REDOUTE (ROUTE DE LA),14.64474,-61.05331,Plein jour,Hors agglomération,Hors intersection,Pluie légère,Deux véhicules - côté,4,2,2,0,2,4,1,0,1,50,2,2,0,0,0,2,27.0,21.0,voiture,voiture,1,1,1,2,3
201900017759,2019-08-02 15:50:00,2019,8,2,15,50,69,69081,EDOUARD AYNARD                 AV,45.77512,4.77876,Plein jour,En agglomération,Hors intersection,Normale,Autre collision,4,2,2,0,1,1,1,0,1,30,1,2,1,0,0,1,44.0,,voiture,,1,2,1,1,6
201900017760,2019-07-31 11:40:00,2019,7,31,11,40,69,69286,CAPITAINE JULIEN (DU)               (R ),45.82348,4.89348,Plein jour,En agglomération,Intersection en T,Normale,Deux véhicules - côté,4,2,2,0,2,3,1,0,1,50,2,2,1,0,0,1,33.0,30.0,deux_roues,utilitaire_camion,1,2,3,1,3
201900017761,2019-07-31 11:05:00,2019,7,31,11,5,69,69149,GRANDE RUE                          (GR),45.71492,4.80773,Plein jour,En agglomération,Hors intersection,Normale,Deux véhicules - arrière,4,2,2,0,1,1,1,0,1,30,2,2,1,0,0,1,47.0,56.0,voiture,voiture,1,2,1,1,2
201900017762,2019-08-01 12:07:00,2019,8,1,12,7,2B,2B033,AV DE LA LIBERATION,42.68494,9.445,Plein jour,En agglomération,Hors intersection,Normale,Deux véhicules - arrière,3,2,2,0,1,1,1,0,1,50,2,2,1,0,0,1,51.0,24.0,utilitaire_camion,voiture,1,2,1,1,2
201900017763,2019-08-02 13:18:00,2019,8,2,13,18,971,97105,CHARLES DE GAULLE (BD DU GENERAL),15.99541,-61.731681,Plein jour,En agglomération,Autre intersection,Pluie légère,Deux véhicules - côté,9,-1,2,0,1,1,2,0,1,50,2,2,1,0,0,1,23.0,25.0,voiture,deux_roues,1,2,9,2,3
201900017764,2019-08-01 11:35:00,2019,8,1,11,35,971,97105,PAUL LACAVE (AVENUE ),15.99578,-61.7166,Plein jour,En agglomération,Hors intersection,Normale,Deux véhicules - côté,3,2,2,0,3,1,1,0,1,50,2,3,2,1,0,0,71.0,36.0,utilitaire_camion,deux_roues,1,2,1,1,3
201900017765,2019-08-02 22:25:00,2019,8,2,22,25,2A,2A004,NAPOLEON COURS AVANT BEVERINI,41.93232,8.74052,Nuit avec éclairage allumé,En agglomération,Intersection en X,Normale,Autre collision,4,1,3,0,1,2,1,4,1,50,2,2,1,0,0,1,45.0,31.0,voiture,deux_roues,5,2,2,1,6
201900017766,2019-07-30 08:00:00,2019,7,30,8,0,91,91228,GENERAL PATTON (AVENUE DU),48.63342,2.45273,Plein jour,En agglomération,Intersection en X,Normale,Autre collision,4,2,6,0,1,1,1,0,3,50,1,2,1,0,0,1,43.0,,voiture,,1,2,2,1,6
201900017767,2019-08-02 19:20:00,2019,8,2,19,20,91,91201,HENRI BARBUSSE(BOULEVARD),48.67424,2.41207,Plein jour,En agglomération,Intersection en X,Normale,Deux véhicules - côté,3,2,4,0,1,1,1,0,3,50,2,5,4,0,0,1,17.0,41.0,deux_roues,voiture,1,2,2,1,3
201900017768,2019-08-01 22:05:00,2019,8,1,22,5,91,91027,DUNANT (AVENUE HENRI),48.72189,2.4048,Nuit avec éclairage allumé,En agglomération,Giratoire,Normale,Deux véhicules - côté,3,1,3,0,1,2,1,9,3,30,2,2,1,0,0,1,34.0,40.0,deux_roues,voiture,5,2,6,1,3
201900017769,2019-07-20 05:55:00,2019,7,20,5,55,88,88413,Madeleine   ( Rue de la ),48.28683,6.94147,Crépuscule ou aube,En agglomération,Intersection en T,Normale,Trois véhicules et plus - collisions multiples,4,2,2,0,1,1,1,0,1,50,3,2,1,0,0,1,22.0,27.0,voiture,voiture,2,2,3,1,5
201900017770,2019-07-31 14:04:00,2019,7,31,14,4,87,87075,MERIGNAC (AVENUE DE),45.79718,1.18679,Plein jour,Hors agglomération,Hors intersection,Normale,Deux véhicules - côté,4,2,2,0,1,3,1,0,1,80,2,2,1,0,0,1,69.0,48.0,deux_roues,voiture,1,1,1,1,3
201900017771,2019-08-02 18:25:00,2019,8,2,18,25,83,83062,SANDRO (AVENUE CHARLES),43.128,6.01295,Plein jour,En agglomération,Hors intersection,Normale,Sans collision,4,-1,2,0,1,1,1,0,2,50,1,1,0,0,0,1,34.0,,deux_roues,,1,2,1,1,7
201900017772,2019-08-03 16:00:00,2019,8,3,16,0,82,82121,MONTRICOUX D 115 (ROUTE DE),44.032738,1.410783,Plein jour,En agglomération,Intersection en T,Temps éblouissant,Deux véhicules - côté,3,2,2,0,1,1,1,0,1,50,2,3,1,0,2,0,77.0,77.0,utilitaire_camion,deux_roues,1,2,3,7,3
201900017773,2019-08-01 17:35:00,2019,8,1,17,35,80,80021,R VICTORINE AUTIER,49.8745,2.33553,Plein jour,En agglomération,Hors intersection,Normale,Sans collision,4,2,2,0,1,3,1,0,1,50,1,2,0,1,0,1,36.0,,deux_roues,,1,2,1,1,7
201900017774,2019-07-25 13:10:00,2019,7,25,13,10,78,78498,POMPIDOU PLACE GEORGES,48.932891,2.041322,Plein jour,En agglomération,Place,Normale,Autre collision,4,2,0,0,1,1,1,0,3,50,1,2,1,0,1,0,42.0,,transport_commun,,1,2,7,1,6
201900017775,2019-08-02 08:05:00,2019,8,2,8,5,76,76319,CD 13,49.36773,1.01482,Plein jour,Hors agglomération,Hors intersection,Normale,Deux véhicules - côté,3,2,2,0,1,1,1,0,1,70,2,2,1,0,0,1,22.0,45.0,voiture,deux_roues,1,1,1,1,3
201900017776,2019-08-01 22:15:00,2019,8,1,22,15,76,76540,ROCADE Nord-Est,49.43894,1.11505,Crépuscule ou aube,Hors agglomération,Hors intersection,Normale,Trois véhicules et plus - collisions multiples,2,3,4,0,1,1,1,3,1,70,4,4,2,0,0,2,24.0,27.0,voiture,voiture,2,1,1,1,5
201900017777,2019-07-31 15:25:00,2019,7,31,15,25,76,76351,ARISTIDE BRIAND,49.50025,0.13557,Plein jour,En agglomération,Hors intersection,Normale,Deux véhicules - arrière,3,2,2,0,1,1,1,0,1,50,2,2,1,0,1,0,22.0,55.0,deux_roues,voiture,1,2,1,1,2
201900017778,2019-07-30 15:30:00,2019,7,30,15,30,76,76351,ARISTIDE BRIAND,49.50033,0.1354,Plein jour,En agglomération,Hors intersection,Normale,Autre collision,3,2,2,0,1,1,1,0,1,50,1,2,1,0,0,1,34.0,,deux_roues,,1,2,1,1,6
201900017779,2019-08-03 14:25:00,2019,8,3,14,25,76,76217,DUQUESNE (QUAI),49.92553,1.08034,Plein jour,En agglomération,Hors intersection,Normale,Deux véhicules - arrière,4,2,3,0,1,1,1,0,1,30,2,7,5,0,0,2,37.0,54.0,voiture,voiture,1,2,1,1,2
201900017780,2019-07-29 09:05:00,2019,7,29,9,5,74,74010,LYCEE (BOULEVARD DU)(BROGNY A PARMELAN),45.90612,6.13059,Plein jour,En agglomération,Giratoire,Normale,Deux véhicules - côté,3,1,2,2,1,1,1,5,2,30,2,2,1,0,0,1,29.0,38.0,deux_roues,utilitaire_camion,1,2,6,1,3
201900017781,2019-07-21 11:45:00,2019,7,21,11,45,73,73065,D991 ROPS DANIEL (AVENUE),45.5911583,5.9194554,Plein jour,En agglomération,Hors intersection,Normale,Autre collision,3,2,2,0,1,1,1,6,1,20,1,2,1,0,0,1,39.0,,voiture,,1,2,1,1,6
201900017782,2019-08-03 20:00:00,2019,8,3,20,0,72,72181,DEMORIEUX PT DE FER AU PT DE CHEM DE FER,48.00101,0.19092,Plein jour,En agglomération,Intersection en X,Normale,Deux véhicules - côté,7,2,3,2,1,1,1,0,1,50,2,2,1,0,0,1,38.0,28.0,deux_roues,deux_roues,1,2,2,1,3
201900017783,2019-08-03 11:25:00,2019,8,3,11,25,72,72181,RUBILLARD AV N° PAIRS 118 ET >,48.01222,0.18156,Plein jour,En agglomération,Hors intersection,Normale,Deux véhicules - côté,7,3,2,2,1,1,1,4,1,50,2,2,1,0,0,1,91.0,35.0,voiture,deux_roues,1,2,1,1,3
201900017784,2019-08-02 11:35:00,2019,8,2,11,35,72,72181,MOLIERE - ENTRE ROCADE ET MONTHEARD,47.99501,0.22274,Plein jour,En agglomération,Intersection en T,Normale,Deux véhicules - côté,7,2,2,0,1,1,1,0,1,50,2,2,1,0,1,0,49.0,34.0,voiture,deux_roues,1,2,3,1,3
201900017785,2019-08-03 07:25:00,2019,8,3,7,25,71,71040,ROMPOIS (RUE DES),46.688,4.382697,Plein jour,En agglomération,Hors intersection,Normale,Sans collision,4,-1,2,0,1,1,1,0,1,50,1,1,0,0,0,1,76.0,,deux_roues,,1,2,1,1,7
201900017786,2019-08-01 18:35:00,2019,8,1,18,35,71,71306,PLESSIS (BOULEVARD DU),46.67752,4.3785,Plein jour,En agglomération,Intersection en T,Normale,Deux véhicules - côté,4,2,2,1,1,1,1,0,1,50,2,2,1,0,0,1,33.0,62.0,voiture,deux_roues,1,2,3,1,3
201900017787,2019-08-03 13:25:00,2019,8,3,13,25,71,71153,FRANCE (RUE ANATOLE),46.80508,4.43518,Plein jour,En agglomération,Hors intersection,Normale,Autre collision,4,2,2,0,1,1,1,0,1,50,1,2,1,0,0,1,77.0,,voiture,,1,2,1,1,6
201900017788,2019-07-31 07:52:00,2019,7,31,7,52,69,69290,PORTE DES ALPES (DE LA) - BD URBAIN (BD),45.70497,4.91562,Plein jour,En agglomération,Hors intersection,Normale,Deux véhicules - arrière,4,2,4,0,1,1,1,0,1,70,2,2,1,0,1,0,49.0,41.0,utilitaire_camion,voiture,1,2,1,1,2
201900017789,2019-08-02 04:50:00,2019,8,2,4,50,67,67447,PIERRE MENDES FRANCE (AVENUE),48.60759,7.76265,Crépuscule ou aube,En agglomération,Hors intersection,Normale,Sans collision,4,2,2,1,2,1,1,2,1,50,1,1,0,0,1,0,27.0,,voiture,,2,2,1,1,7
201900017790,2019-07-31 17:00:00,2019,7,31,17,0,67,67218,MUGUET (RUE DU),48.546126,7.73325,Plein jour,En agglomération,Hors intersection,Normale,Deux véhicules - arrière,4,2,-1,0,2,1,1,0,1,50,2,2,1,0,0,1,54.0,34.0,deux_roues,voiture,1,2,1,1,2
201900017791,2019-07-31 14:10:00,2019,7,31,14,10,67,67218,NEUHOF (ROUTE DE),48.537403,7.746565,Plein jour,Hors agglomération,Intersection en T,Normale,Deux véhicules - arrière,4,2,2,0,1,1,1,0,1,50,2,2,1,0,0,1,49.0,73.0,voiture,voiture,1,1,3,1,2
201900017792,2019-07-31 18:15:00,2019,7,31,18,15,67,67482,MURHOF (QUAI DU),48.569572,7.713104,Plein jour,En agglomération,Hors intersection,Normale,Autre collision,4,2,2,1,1,1,1,2,1,30,1,1,0,0,1,0,49.0,,deux_roues,,1,2,1,1,6
201900017793,2019-08-01 15:14:00,2019,8,1,15,14,66,66136,ANCIEN CHAMP DE MARS AVENUE DE L',42.7052,2.88995,Plein jour,En agglomération,Intersection en X,Normale,Deux véhicules - côté,4,2,2,0,1,1,1,0,1,50,2,3,2,0,0,1,26.0,39.0,voiture,voiture,1,2,2,1,3
201900017794,2019-08-03 18:17:00,2019,8,3,18,17,64,64260,LECLERC (BOULEVARD DU GENERAL),43.3687676,-1.7711437,Plein jour,En agglomération,Intersection en T,Normale,Deux véhicules - côté,3,2,1,0,1,1,1,0,3,50,2,5,3,0,0,2,45.0,52.0,voiture,voiture,1,2,3,1,3
201900017795,2019-08-01 16:40:00,2019,8,1,16,40,64,64260,BAIE DE CHINGUDY (AVENUE DE LA),43.369177,-1.772503,Plein jour,En agglomération,Hors intersection,Normale,Deux véhicules - arrière,4,2,2,0,1,1,1,0,1,50,2,2,1,0,0,1,62.0,16.0,utilitaire_camion,deux_roues,1,2,1,1,2
201900017796,2019-08-03 08:10:00,2019,8,3,8,10,64,64348,ERCKMAN CHATRIAN,43.32598,-0.38714,Plein jour,Hors agglomération,Hors intersection,Temps éblouissant,Autre collision,4,1,1,0,1,2,1,0,1,50,3,3,1,0,0,2,33.0,35.0,deux_roues,deux_roues,1,1,1,7,6
201900017797,2019-08-02 10:15:00,2019,8,2,10,15,64,64445,ALSACE LORRAINE D',43.30288,-0.36262,Plein jour,En agglomération,Hors intersection,Normale,Autre collision,4,2,2,1,1,1,1,0,1,50,2,1,0,0,0,1,35.0,,voiture,,1,2,1,1,6
201900017798,2019-07-31 07:55:00,2019,7,31,7,55,64,64445,YITZHAK RABIN,43.3062388,-0.3337402,Plein jour,En agglomération,Giratoire,Normale,Deux véhicules - côté,4,2,2,0,1,1,1,9,3,50,2,2,1,0,0,1,39.0,55.0,voiture,voiture,1,2,6,1,3
201900017799,2019-07-31 17:35:00,2019,7,31,17,35,64,64024,RAYON VERT (AVENUE DU),43.50136,-1.53906,Plein jour,En agglomération,Hors intersection,Normale,Autre collision,4,1,1,0,1,1,1,0,1,50,1,2,1,0,1,0,54.0,,utilitaire_camion,,1,2,1,1,6
201900017800,2019-08-02 17:50:00,2019,8,2,17,50,62,62548,JEAN BART (rue),50.97615,1.94956,Plein jour,Hors agglomération,Hors intersection,Normale,Autre collision,4,2,2,0,1,2,1,0,1,30,2,2,1,0,1,0,31.0,27.0,voiture,deux_roues,1,1,1,1,6
201900017801,2019-08-01 07:50:00,2019,8,1,7,50,62,62108,SAINT JOSSE,50.41561,1.59567,Crépuscule ou aube,En agglomération,Autre intersection,Normale,Deux véhicules - côté,3,2,2,0,1,1,1,0,1,50,2,2,1,0,1,0,20.0,23.0,deux_roues,voiture,2,2,9,1,3
201900017802,2019-08-03 03:00:00,2019,8,3,3,0,59,59410,COTY RENE AVENUE,50.63933,3.11404,Nuit avec éclairage allumé,En agglomération,Intersection en X,Normale,Deux véhicules - côté,7,3,2,0,1,1,1,0,1,50,2,2,1,0,0,1,30.0,24.0,voiture,voiture,5,2,2,1,3
201900017803,2019-08-02 18:20:00,2019,8,2,18,20,59,59009,SAINT GHISLAIN ROND POINT,50.65202,3.12744,Plein jour,En agglomération,Hors intersection,Normale,Deux véhicules - arrière,7,1,3,0,1,2,1,0,1,50,2,3,2,0,1,0,27.0,51.0,deux_roues,voiture,1,2,1,1,2
201900017804,2019-08-03 00:00:00,2019,8,3,0,0,57,57630,CLEMENCEAU (AV),48.73292,7.05675,Nuit avec éclairage allumé,En agglomération,Hors intersection,Normale,Autre collision,4,2,2,0,2,2,1,0,1,50,1,2,1,0,1,0,62.0,,voiture,,5,2,1,1,6
201900017805,2019-07-29 16:20:00,2019,7,29,16,20,57,57630,BERRICHONS ET NIVERNAIS,48.7324,7.059,Plein jour,En agglomération,Hors intersection,Temps éblouissant,Autre collision,3,2,2,0,2,1,1,5,1,50,1,2,1,0,1,0,58.0,,voiture,,1,2,1,7,6
201900017806,2019-07-31 01:12:00,2019,7,31,1,12,56,56260,Route de Tréffléan RD 104,47.659837,-2.695439,Nuit avec éclairage allumé,Hors agglomération,Hors intersection,Normale,Autre collision,3,2,2,0,1,2,1,0,1,80,1,2,0,0,0,2,20.0,,voiture,,5,1,1,1,6
201900017807,2019-07-31 16:50:00,2019,7,31,16,50,56,56098,DIDEROT (RUE  DENIS ),47.77446,-3.34685,Plein jour,En agglomération,Hors intersection,Normale,Sans collision,4,2,2,0,1,1,1,0,1,50,1,1,0,0,0,1,18.0,,deux_roues,,1,2,1,1,7
201900017808,2019-07-30 11:20:00,2019,7,30,11,20,56,56121,COSMAO-DUMANOIR ( BD ),47.75416,-3.36671,Plein jour,En agglomération,Hors intersection,Normale,Autre collision,4,2,2,0,1,1,1,0,1,30,1,2,1,0,0,1,26.0,,voiture,,1,2,1,1,6
201900017809,2019-07-22 15:21:00,2019,7,22,15,21,54,54547,PALISSY (RUE BERNARD),48.65426,6.1775,Plein jour,En agglomération,Hors intersection,Normale,Deux véhicules - côté,4,2,2,0,1,1,1,0,1,50,2,2,1,0,0,1,21.0,15.0,voiture,deux_roues,1,2,1,1,3
201900017810,2019-07-30 17:50:00,2019,7,30,17,50,54,54304,EUROPE (AVENUE DE L'),48.67951,6.14583,Plein jour,En agglomération,Intersection en T,Normale,Sans collision,4,2,2,0,2,1,1,0,1,50,1,2,1,0,0,1,23.0,,voiture,,1,2,3,1,7
201900017811,2019-07-11 07:56:00,2019,7,11,7,56,54,54482,MARIN (VIADUC LOUIS),48.70337,6.194124,Plein jour,En agglomération,Hors intersection,Normale,Deux véhicules - côté,4,3,2,0,1,1,1,0,1,50,2,2,1,0,0,1,24.0,26.0,voiture,voiture,1,2,1,1,3
201900017812,2019-05-14 18:15:00,2019,5,14,18,15,54,54357,REPUBLIQUE (RUE DE LA),48.7134,6.15684,Plein jour,En agglomération,Hors intersection,Normale,Sans collision,4,2,1,0,3,1,1,0,1,50,1,2,1,0,0,1,26.0,,voiture,,1,2,1,1,7
201900017813,2019-07-30 07:20:00,2019,7,30,7,20,54,54025,SAINT PHLIN (RUE DU FAUBOURG),48.653934,6.266728,Plein jour,En agglomération,Hors intersection,Normale,Deux véhicules - arrière,4,2,0,0,1,1,1,0,1,50,2,3,0,0,0,3,36.0,29.0,voiture,voiture,1,2,1,1,2
201900017814,2019-08-01 17:00:00,2019,8,1,17,0,54,54304,RESISTANCE (AV. DE LA -PAIR-),48.69495,6.13816,Plein jour,En agglomération,Intersection en X,Normale,Deux véhicules - côté,4,3,4,0,2,1,1,9,1,50,2,3,0,0,0,3,22.0,57.0,voiture,voiture,1,2,2,1,3
201900017815,2019-07-25 12:15:00,2019,7,25,12,15,54,54395,PONTS (RUE DES 2 A 3,48.686883,6.182965,Plein jour,En agglomération,Hors intersection,Normale,Sans collision,4,2,2,0,1,1,1,0,1,50,1,1,0,0,0,1,,,,,1,2,1,1,7
201900017816,2019-08-01 08:20:00,2019,8,1,8,20,54,54395,TOMBLAINE (RUE DE),48.6867439,6.2010849,Plein jour,En agglomération,Intersection en X,Normale,Deux véhicules - côté,7,2,2,0,1,1,1,5,3,50,2,2,1,0,0,1,50.0,23.0,voiture,utilitaire_camion,1,2,2,1,3
201900017817,2019-07-25 13:15:00,2019,7,25,13,15,54,54197,CHAMP MOYEN (RUE DU),48.617029,6.207154,Plein jour,En agglomération,Hors intersection,Normale,Deux véhicules - arrière,4,2,2,0,1,1,1,0,1,50,2,2,1,0,0,1,24.0,35.0,deux_roues,voiture,1,2,1,1,2
201900017818,2019-08-03 11:45:00,2019,8,3,11,45,51,51454,BOULEVARD FOCH,49.26027,4.02974,Plein jour,En agglomération,Hors intersection,Normale,Deux véhicules - frontale,4,2,0,0,1,1,1,0,1,50,2,2,1,0,0,1,41.0,67.0,deux_roues,utilitaire_camion,1,2,1,1,1
201900017819,2019-08-01 13:40:00,2019,8,1,13,40,51,51108,AVENUE DU PRESIDENT ROOSEVELT,48.9439338,4.3885423,Plein jour,En agglomération,Hors intersection,Normale,Deux véhicules - côté,3,1,1,0,2,1,1,0,1,50,2,2,0,0,1,1,42.0,87.0,deux_roues,deux_roues,1,2,1,1,3
201900017820,2019-07-31 08:20:00,2019,7,31,8,20,49,49007,PONTS DE CE,47.45091,-0.53742,Plein jour,En agglomération,Hors intersection,Normale,Sans collision,4,2,2,0,1,1,1,0,1,60,1,1,0,0,0,1,51.0,,deux_roues,,1,2,1,1,7
201900017821,2019-08-01 13:50:00,2019,8,1,13,50,47,47031,RD 813 (nouvelle rocade),44.1732196,0.6702183,Plein jour,Hors agglomération,Hors intersection,Temps couvert,Trois véhicules et plus - collisions multiples,4,2,2,0,3,3,1,2,1,70,3,3,2,0,1,0,21.0,46.0,voiture,utilitaire_camion,1,1,1,8,5
201900017822,2019-07-31 19:45:00,2019,7,31,19,45,45,45234,R ROYALE - R PERREIRA,47.8990454,1.9041713,Plein jour,En agglomération,Intersection en X,Normale,Deux véhicules - côté,4,1,2,0,1,1,1,0,1,50,2,2,1,0,0,1,21.0,64.0,deux_roues,voiture,1,2,2,1,3
201900017823,2019-08-03 00:17:00,2019,8,3,0,17,45,45234,AV ROGER SECRETAIN - R B MOUILLERE,47.879586,1.9087845,Nuit avec éclairage allumé,En agglomération,Intersection à plus de 4 branches,Normale,Deux véhicules - côté,4,2,5,0,1,1,1,5,1,50,2,2,1,0,1,0,22.0,21.0,voiture,deux_roues,5,2,5,1,3
201900017824,2019-08-02 14:00:00,2019,8,2,14,0,45,45234,PONT DU M JOFFRE,47.895497,1.8955091,Plein jour,En agglomération,Hors intersection,Normale,Sans collision,4,2,4,0,1,1,1,2,1,50,1,1,0,0,0,1,21.0,,deux_roues,,1,2,1,1,7
201900017825,2019-08-01 18:00:00,2019,8,1,18,0,45,45232,RUE DE LA BERGERESSE,47.845716,1.91872,Plein jour,En agglomération,Giratoire,Normale,Autre collision,4,1,2,0,1,1,1,0,1,50,1,2,1,0,0,1,35.0,,voiture,,1,2,6,1,6
201900017826,2019-08-01 16:15:00,2019,8,1,16,15,44,44143,RUE CHARLES RIVIERE,47.17001,-1.54283,Plein jour,En agglomération,Hors intersection,Normale,Autre collision,4,2,0,0,1,1,1,0,1,50,1,2,0,0,1,1,26.0,,deux_roues,,1,2,1,1,6
201900017827,2019-08-01 06:40:00,2019,8,1,6,40,41,41018,SCHUMAN (ALLEE ROBERT),47.60518,1.32824,Crépuscule ou aube,En agglomération,Hors intersection,Normale,Sans collision,4,1,2,0,1,1,1,0,1,50,1,1,0,0,1,0,21.0,,deux_roues,,2,2,1,1,7
201900017828,2019-08-04 00:30:00,2019,8,4,0,30,38,38185,GAMBETTA (BOULEVARD)       20-31 A 41-32,45.186233,5.72459,Nuit avec éclairage allumé,En agglomération,Hors intersection,Normale,Autre collision,7,2,3,0,1,1,1,0,1,50,2,4,1,0,1,2,23.0,30.0,voiture,deux_roues,5,2,1,1,6
201900017829,2019-08-01 01:20:00,2019,8,1,1,20,38,38382,A48,45.22136,5.6723,Nuit sans éclairage public,Hors agglomération,Hors intersection,Normale,Deux véhicules - arrière,1,3,5,0,1,1,1,8,1,90,2,3,1,1,0,1,57.0,59.0,voiture,utilitaire_camion,3,1,1,1,2
201900017830,2019-08-01 01:30:00,2019,8,1,1,30,37,37261,TANNEURS (RUE DES),47.39638,0.684,Nuit avec éclairage allumé,En agglomération,Giratoire,Normale,Autre collision,4,3,2,0,1,1,1,0,1,50,1,1,0,0,1,0,55.0,,deux_roues,,5,2,6,1,6
201900017831,2019-08-01 19:00:00,2019,8,1,19,0,35,35281,NANTES (DE),48.092308,-1.691606,Plein jour,En agglomération,Hors intersection,Normale,Deux véhicules - côté,3,2,2,2,1,1,1,0,1,50,2,2,1,0,0,1,38.0,25.0,utilitaire_camion,deux_roues,1,2,1,1,3
201900017832,2019-08-01 18:20:00,2019,8,1,18,20,35,35238,VALLES (JULES),48.104025,-1.711342,Plein jour,En agglomération,Hors intersection,Normale,Trois véhicules et plus - en chaîne,4,2,2,0,1,1,1,0,1,50,3,3,2,0,0,1,21.0,28.0,voiture,voiture,1,2,1,1,4
201900017833,2019-08-02 14:50:00,2019,8,2,14,50,35,35238,ALMA (DE L'),48.0974004,-1.6751284,Plein jour,En agglomération,Intersection en T,Normale,Deux véhicules - côté,4,2,3,0,1,1,1,5,1,50,2,2,1,0,0,1,34.0,20.0,utilitaire_camion,deux_roues,1,2,3,1,3
201900017834,2019-08-02 09:55:00,2019,8,2,9,55,35,35055,173 RD,48.080973,-1.637489,Plein jour,Hors agglomération,Autre intersection,Normale,Deux véhicules - côté,3,3,4,0,1,1,1,0,1,70,2,3,1,0,1,1,35.0,34.0,voiture,voiture,1,1,9,1,3