accident_id,datetime,annee,mois,jour,heure,minute,departement,commune_insee,adresse,latitude,longitude,luminosite,agglomeration,intersection,meteo,collision,catr,circ,nbv,vosp,prof,plan,surf,infra,situ,vma,nb_vehicules,nb_usagers,nb_indemnes,nb_tues,nb_blesses_hosp,nb_blesses_legers,age_cond_1,age_cond_2,veh_type_cond_1,veh_type_cond_2,lum_code,agg_code,int_code,atm_code,col_code
201900018021,2019-06-29 08:10:00,2019,6,29,8,10,7,07102,MONTGOLFIER (RUE),44.93338,4.87373,Plein jour,En agglomération,Intersection en X,Normale,Deux véhicules - côté,4,2,2,2,1,1,1,0,1,50,2,2,1,0,0,1,39.0,28.0,voiture,voiture,1,2,2,1,3
201900018022,2019-07-01 08:00:00,2019,7,1,8,0,93,93055,GENERAL LECLERC(AVE DU)(43/87 ET 78/120),48.89792,2.40404,Plein jour,En agglomération,Hors intersection,Normale,Deux véhicules - côté,3,3,4,0,1,2,1,0,1,50,2,1,0,0,0,1,30.0,,deux_roues,,1,2,1,1,3
201900018023,2019-07-01 16:55:00,2019,7,1,16,55,988,98818,AVENUE BONAPARTE,-22.23285,166.46789,Plein jour,En agglomération,Autre intersection,Normale,Autre collision,5,2,2,0,1,1,1,0,1,50,1,2,1,0,1,0,45.0,,utilitaire_camion,,1,2,9,1,6
201900018024,2019-07-01 16:20:00,2019,7,1,16,20,988,98818,ROUTE DE LA BAIE DES DAMES/FERNAND FOREST,-22.23933,166.44804,Plein jour,En agglomération,Giratoire,Normale,Autre collision,4,1,1,0,1,1,1,5,3,50,1,2,1,0,0,1,46.0,,voiture,,1,2,6,1,6
201900018025,2019-07-01 14:45:00,2019,7,1,14,45,69,69387,DEBOURG                             (AV),45.7308482,4.8352623,Plein jour,En agglomération,Intersection en X,Normale,Deux véhicules - côté,4,2,2,0,1,1,1,0,1,50,2,2,1,0,1,0,52.0,66.0,deux_roues,voiture,1,2,2,1,3
201900018026,2019-07-01 08:45:00,2019,7,1,8,45,69,69149,PROFESSEUR CALMETTE (DU)            (R ),45.71047,4.81345,Plein jour,En agglomération,Hors intersection,Normale,Autre collision,4,2,2,0,1,1,1,0,1,50,2,2,1,0,0,1,42.0,66.0,deux_roues,voiture,1,2,1,1,6
201900018027,2019-07-01 07:40:00,2019,7,1,7,40,69,69389,PROFESSEUR PATEL (DU)               (R ),45.76638,4.78961,Plein jour,En agglomération,Hors intersection,Normale,Deux véhicules - côté,3,1,3,0,1,3,1,3,1,70,2,2,1,0,0,1,44.0,21.0,deux_roues,voiture,1,2,1,1,3
201900018028,2019-06-28 12:23:00,2019,6,28,12,23,2B,2B033,SAINT VICTOR -SQUARE,42.70259,9.45211,Plein jour,En agglomération,Intersection en X,Normale,Deux véhicules - côté,4,2,2,0,1,1,1,0,1,50,2,2,0,0,0,2,23.0,36.0,voiture,voiture,1,2,2,1,3
201900018029,2019-07-01 15:08:00,2019,7,1,15,8,971,97101,PERRIN (SECTEUR),16.27138,-61.51147,Plein jour,Hors agglomération,Hors intersection,Normale,Deux véhicules - arrière,2,3,4,0,1,1,1,0,1,90,2,4,3,0,1,0,43.0,66.0,voiture,voiture,1,1,1,1,2
201900018030,2019-06-30 06:50:00,2019,6,30,6,50,2A,2A004,NAPOLEON COURS APRES BEVERINI,41.931379,8.7399644,Plein jour,En agglomération,Hors intersection,Normale,Deux véhicules - frontale,2,1,2,0,1,3,1,0,1,50,2,3,1,0,1,1,39.0,33.0,deux_roues,voiture,1,2,1,1,1
201900018031,2019-07-01 22:10:00,2019,7,1,22,10,91,91589,CURIE (RUE PIERRE),48.685202,2.351763,Crépuscule ou aube,En agglomération,Hors intersection,Normale,Deux véhicules - frontale,4,1,1,0,1,1,1,0,3,50,2,2,1,0,0,1,18.0,22.0,deux_roues,voiture,2,2,1,1,1
201900018032,2019-06-30 12:10:00,2019,6,30,12,10,91,91027,FRANCOIS MITTERRAND (AVENUE),48.71677,2.37104,Plein jour,En agglomération,Intersection en Y,Normale,Deux véhicules - côté,2,3,6,0,1,1,1,0,3,50,2,2,1,0,0,1,20.0,35.0,voiture,voiture,1,2,4,1,3
201900018033,2019-05-26 18:10:00,2019,5,26,18,10,974,97411,Route du Littoral,-20.8879,55.3894,Crépuscule ou aube,Hors agglomération,Hors intersection,Normale,Trois véhicules et plus - en chaîne,2,1,0,0,1,1,1,0,1,90,3,3,2,0,0,1,29.0,51.0,deux_roues,voiture,2,1,1,1,4
201900018034,2019-05-24 07:35:00,2019,5,24,7,35,974,97411,SAINT-FRANCOIS (ROUTE DE),-20.91407,55.46076,Crépuscule ou aube,En agglomération,Hors intersection,Normale,Autre collision,3,2,2,0,2,1,1,9,1,50,1,4,3,0,0,1,47.0,,voiture,,2,2,1,1,6
201900018035,2019-05-23 15:45:00,2019,5,23,15,45,974,97411,DODU 1 (RUE JULIETTE),-20.87428,55.4501,Plein jour,En agglomération,Intersection en T,Normale,Deux véhicules - frontale,4,1,1,0,1,1,1,0,1,50,2,2,1,0,0,1,27.0,64.0,deux_roues,voiture,1,2,3,1,1
201900018036,2019-05-23 15:15:00,2019,5,23,15,15,974,97411,LECLERC (DU MARECHAL),-20.8837,55.4644,Plein jour,En agglomération,Hors intersection,Normale,Autre collision,4,2,1,3,1,1,1,0,1,50,1,2,1,0,0,1,21.0,,deux_roues,,1,2,1,1,6
201900018037,2019-05-22 10:30:00,2019,5,22,10,30,974,97411,JAURES (BOULEVARD JEAN),-20.88881,55.44875,Plein jour,En agglomération,Intersection en T,Normale,Deux véhicules - côté,2,1,4,0,1,1,2,0,1,50,2,2,1,0,0,1,49.0,47.0,voiture,utilitaire_camion,1,2,3,1,3
201900018038,2019-05-19 16:35:00,2019,5,19,16,35,974,97411,RIVIERE DES PLUIES (ROUTE DE LA),-20.90243,55.50319,Plein jour,En agglomération,Hors intersection,Normale,Deux véhicules - côté,2,1,2,0,1,1,1,0,1,50,2,2,1,0,0,1,14.0,52.0,deux_roues,voiture,1,2,1,1,3
201900018039,2019-05-18 18:30:00,2019,5,18,18,30,974,97411,COLORADO (CHEMIN DU),-20.90655,55.42485,Nuit sans éclairage public,Hors agglomération,Hors intersection,Normale,Autre collision,4,2,1,0,2,1,1,0,1,30,1,1,0,0,1,0,29.0,,deux_roues,,3,1,1,1,6
201900018040,2019-05-17 19:50:00,2019,5,17,19,50,974,97411,Boulevard Jean Jaurès,-20.88989,55.45287,Crépuscule ou aube,En agglomération,Hors intersection,Normale,Autre collision,2,1,2,0,1,1,1,0,1,50,1,3,2,0,0,1,33.0,,voiture,,2,2,1,1,6
201900018041,2019-05-17 17:45:00,2019,5,17,17,45,974,97411,JAURES (BOULEVARD JEAN),-20.89022,55.46028,Crépuscule ou aube,En agglomération,Hors intersection,Normale,Deux véhicules - arrière,2,1,2,0,1,1,1,0,3,50,2,2,1,0,0,1,38.0,29.0,voiture,voiture,2,2,1,1,2
201900018042,2019-05-16 13:30:00,2019,5,16,13,30,974,97411,MACE (BOULEVARD GABRIEL),-20.87533,55.44547,Plein jour,En agglomération,Intersection en T,Normale,Deux véhicules - côté,2,2,3,0,1,1,1,0,3,50,2,2,0,0,0,2,64.0,23.0,voiture,voiture,1,2,3,1,3
201900018043,2019-05-16 09:20:00,2019,5,16,9,20,974,97411,Route de la Rivière des pluies,-20.90243,55.50319,Plein jour,Hors agglomération,Hors intersection,Normale,Autre collision,4,1,1,0,1,2,1,0,1,30,1,3,2,0,0,1,61.0,,voiture,,1,1,1,1,6
201900018044,2019-05-15 12:30:00,2019,5,15,12,30,974,97411,JAURES (BOULEVARD JEAN),-20.89893,55.47796,Plein jour,En agglomération,Hors intersection,Normale,Trois véhicules et plus - collisions multiples,2,1,2,0,1,1,1,0,1,50,4,5,3,0,0,2,37.0,38.0,voiture,voiture,1,2,1,1,5
201900018045,2019-05-14 11:30:00,2019,5,14,11,30,974,97411,MONTAGNE (ROUTE DE LA),-20.88621,55.43719,Plein jour,En agglomération,Hors intersection,Normale,Deux véhicules - frontale,3,2,2,0,2,2,1,0,1,50,2,5,1,0,4,0,42.0,44.0,voiture,voiture,1,2,1,1,1
201900018046,2019-05-07 19:05:00,2019,5,7,19,5,974,97411,Avenue du maréchal de Tassigny,-20.88828,55.47411,Plein jour,En agglomération,Hors intersection,Normale,Autre collision,4,2,4,3,1,1,2,0,1,50,1,2,1,0,0,1,53.0,,voiture,,1,2,1,1,6
201900018047,2019-05-07 17:40:00,2019,5,7,17,40,974,97411,Rue Ambroise Croizat,-20.989776,55.48876,Plein jour,En agglomération,Hors intersection,Normale,Autre collision,4,2,1,0,2,2,2,0,1,30,1,2,1,0,0,1,27.0,,voiture,,1,2,1,1,6
201900018048,2019-05-07 05:50:00,2019,5,7,5,50,974,97411,Rue Malartic,-20.88645,55.45205,Plein jour,En agglomération,Hors intersection,Normale,Autre collision,4,2,3,0,1,1,2,0,1,50,1,2,1,0,0,1,53.0,,transport_commun,,1,2,1,1,6
201900018049,2019-05-03 09:15:00,2019,5,3,9,15,974,97411,JAURES (BOULEVARD JEAN),-20.88987,55.46448,Plein jour,En agglomération,Intersection en T,Normale,Deux véhicules - côté,4,2,4,0,1,1,1,5,1,70,2,3,2,0,0,1,54.0,36.0,deux_roues,voiture,1,2,3,1,3
201900018050,2019-04-30 15:05:00,2019,4,30,15,5,974,97411,Boulevard Lancastel,-20.87905,55.45889,Plein jour,En agglomération,Hors intersection,Normale,Deux véhicules - arrière,2,2,4,0,1,1,1,0,1,70,2,4,1,0,3,0,37.0,20.0,voiture,voiture,1,2,1,1,2
201900018051,2019-04-30 10:15:00,2019,4,30,10,15,974,97411,MACE (ROUTE GABRIEL),-20.91028,55.50169,Plein jour,En agglomération,Hors intersection,Normale,Deux véhicules - côté,3,2,0,0,2,3,1,0,1,50,2,2,1,0,1,0,79.0,40.0,deux_roues,voiture,1,2,1,1,3
201900018052,2019-05-07 09:30:00,2019,5,7,9,30,974,97409,Chemin Pente Sassy,-20.96487,55.659173,Plein jour,En agglomération,Intersection en X,Pluie légère,Deux véhicules - arrière,3,2,2,0,1,1,1,0,3,50,2,2,1,1,0,0,34.0,30.0,voiture,deux_roues,1,2,2,2,2
201900018053,2019-05-06 12:50:00,2019,5,6,12,50,974,97409,Rue des Longanis,-20.97291,55.65685,Plein jour,En agglomération,Intersection en X,Normale,Deux véhicules - côté,4,2,2,0,1,1,1,0,1,50,2,3,0,0,0,3,47.0,,voiture,,1,2,2,1,3
201900018054,2019-05-04 09:15:00,2019,5,4,9,15,974,97409,RN2 Sens Ste Suzanne St Benoit,-20.94364,55.6491,Plein jour,En agglomération,Hors intersection,Normale,Autre collision,2,-1,4,0,1,3,1,0,1,90,1,1,0,0,0,1,34.0,,voiture,,1,2,1,1,6
201900018055,2019-05-26 13:10:00,2019,5,26,13,10,974,97407,DUSSAC(RUE),-20.94038,55.30306,Plein jour,En agglomération,Intersection en T,Normale,Deux véhicules - côté,4,2,2,0,1,1,1,0,1,50,2,2,0,0,0,2,22.0,5.0,voiture,deux_roues,1,2,3,1,3
201900018056,2019-05-25 04:00:00,2019,5,25,4,0,974,97407,Avenue du 20 décembre 1948,-20.93798,55.29854,Nuit avec éclairage allumé,En agglomération,Hors intersection,Normale,Autre collision,4,2,2,0,2,1,1,0,1,50,2,2,1,0,1,0,30.0,32.0,deux_roues,deux_roues,5,2,1,1,6
201900018057,2019-05-19 17:20:00,2019,5,19,17,20,974,97407,Avenue Politzer,-20.94558,55.29306,Plein jour,En agglomération,Hors intersection,Normale,Trois véhicules et plus - en chaîne,4,3,2,0,1,1,1,0,1,50,4,4,1,0,0,3,37.0,37.0,deux_roues,deux_roues,1,2,1,1,4
201900018058,2019-05-13 13:20:00,2019,5,13,13,20,974,97407,PASTEUR(AVENUE),-20.94921,55.29278,Plein jour,En agglomération,Autre intersection,Normale,Deux véhicules - côté,4,-1,2,0,1,1,1,0,1,30,2,2,1,0,1,0,50.0,54.0,deux_roues,voiture,1,2,9,1,3
201900018059,2019-05-12 13:20:00,2019,5,12,13,20,974,97407,Route de la Montagne,-20.88621,55.43719,Plein jour,En agglomération,Hors intersection,Normale,Autre collision,2,1,2,0,1,1,1,0,1,50,1,3,2,0,0,1,42.0,,voiture,,1,2,1,1,6
201900018060,2019-05-08 15:20:00,2019,5,8,15,20,974,97407,Rue Ambroise Croisat,-20.94186,55.2885,Crépuscule ou aube,Hors agglomération,Intersection en X,Normale,Deux véhicules - arrière,4,2,2,0,1,1,1,0,1,50,2,3,0,0,0,3,56.0,64.0,voiture,voiture,2,1,2,1,2
201900018061,2019-05-03 07:20:00,2019,5,3,7,20,974,97407,14 JUILLET 1789(AVENUE DU),-20.93301,55.29347,Plein jour,En agglomération,Hors intersection,Normale,Autre collision,4,1,1,0,1,1,1,0,1,50,1,2,1,1,0,0,53.0,,voiture,,1,2,1,1,6
201900018062,2019-05-02 19:05:00,2019,5,2,19,5,974,97407,FERRY (RUE),-20.9351,55.29882,Nuit avec éclairage allumé,En agglomération,Intersection en X,Normale,Deux véhicules - côté,4,2,2,0,1,1,1,5,1,50,2,6,4,0,0,2,31.0,61.0,voiture,voiture,5,2,2,1,3
201900018063,2019-05-02 05:00:00,2019,5,2,5,0,974,97407,Avenue du 20 décembre 1948,-20.94249,55.29779,Nuit avec éclairage allumé,En agglomération,Autre intersection,Normale,Deux véhicules - côté,4,2,1,0,1,1,1,0,1,50,2,2,1,0,0,1,28.0,37.0,voiture,deux_roues,5,2,9,1,3
201900018064,2019-05-01 20:30:00,2019,5,1,20,30,974,97407,Route Nationale 1,-20.93218,55.33111,Nuit sans éclairage public,Hors agglomération,Hors intersection,Normale,Autre collision,2,1,2,0,1,1,1,0,1,110,3,4,3,0,1,0,32.0,27.0,deux_roues,voiture,3,1,1,1,6
201900018065,2019-04-30 11:45:00,2019,4,30,11,45,974,97407,Avenue Lénine,-20.94169,55.30081,Plein jour,En agglomération,Hors intersection,Normale,Autre collision,4,2,1,0,1,3,1,0,1,50,1,2,1,0,0,1,68.0,,voiture,,1,2,1,1,6
201900018066,2019-04-24 21:53:00,2019,4,24,21,53,974,97407,20 DECEMBRE 1948(AVENUE DU),-20.94012,55.29813,Nuit sans éclairage public,En agglomération,Hors intersection,Normale,Sans collision,4,2,2,0,1,1,1,0,1,50,1,1,0,0,0,1,22.0,,deux_roues,,3,2,1,1,7
201900018067,2019-04-29 17:20:00,2019,4,29,17,20,974,97407,ROUTE NATIONALE N° 1,-20.9532,55.3154,Plein jour,Hors agglomération,Hors intersection,Normale,Deux véhicules - côté,2,1,2,0,1,1,1,0,1,110,2,2,1,0,0,1,71.0,57.0,voiture,deux_roues,1,1,1,1,3
201900018068,2019-05-29 11:05:00,2019,5,29,11,5,973,97302,HEDER (place),4.9408989,-52.3340392,Plein jour,En agglomération,Autre intersection,Normale,Autre collision,4,1,2,0,1,1,1,0,2,50,1,2,1,0,0,1,19.0,,deux_roues,,1,2,9,1,6
201900018069,2019-05-27 15:00:00,2019,5,27,15,0,973,97302,COLLERY (ZONE INDUSTRIELLE),4.9057633,-52.3254776,Plein jour,Hors agglomération,Hors intersection,Normale,Deux véhicules - côté,4,2,0,0,1,1,1,0,1,50,2,2,1,0,0,1,45.0,49.0,voiture,voiture,1,1,1,1,3
201900018070,2019-05-25 10:35:00,2019,5,25,10,35,973,97302,MONTABO (ROUTE DE) 1,4.9427695,-52.3060584,Plein jour,En agglomération,Hors intersection,Normale,Deux véhicules - côté,3,2,2,0,1,1,1,0,1,50,2,2,1,0,0,1,35.0,29.0,voiture,voiture,1,2,1,1,3
201900018071,2019-05-23 07:00:00,2019,5,23,7,0,973,97302,CABASSOU (ROUTE DE),4.91921,-52.3176192,Plein jour,En agglomération,Intersection en X,Normale,Deux véhicules - côté,3,3,2,2,1,1,1,0,1,50,2,3,1,0,0,2,20.0,39.0,voiture,deux_roues,1,2,2,1,3
201900018072,2019-05-19 20:50:00,2019,5,19,20,50,973,97302,HENRI QUINTRIE(RUE),4.9325935,-52.3332346,Nuit avec éclairage non allumé,En agglomération,Hors intersection,Normale,Autre collision,4,2,1,0,1,1,1,0,1,50,1,1,0,0,0,1,,,,,4,2,1,1,6
201900018073,2019-05-19 15:30:00,2019,5,19,15,30,973,97302,FELIX EBOUE(ROCADE),4.9295578,-52.315135,Plein jour,Hors agglomération,Intersection en X,Normale,Deux véhicules - côté,3,1,1,0,1,1,1,0,1,500,2,3,2,0,0,1,24.0,40.0,deux_roues,voiture,1,1,2,1,3
201900018074,2019-05-18 11:45:00,2019,5,18,11,45,973,97302,BARRAT (DU DOCTEUR),4.9375319,-52.3283208,Plein jour,Hors agglomération,Hors intersection,Normale,Autre collision,4,2,1,0,1,1,1,0,1,50,1,2,1,0,0,1,62.0,,voiture,,1,1,1,1,6
201900018075,2019-05-17 13:01:00,2019,5,17,13,1,973,97302,DE GAULLE (AVENUE),4.9395521,-52.3285031,Plein jour,En agglomération,Intersection en X,Normale,Deux véhicules - côté,4,2,2,0,1,1,1,0,1,50,2,4,1,0,0,3,38.0,52.0,voiture,voiture,1,2,2,1,3
201900018076,2019-05-17 08:22:00,2019,5,17,8,22,973,97302,TIGRE (ROUTE DU),4.9204506,-52.3210573,Plein jour,En agglomération,Hors intersection,Normale,Trois véhicules et plus - en chaîne,3,2,2,0,1,1,2,0,1,50,4,5,4,0,0,1,48.0,42.0,voiture,voiture,1,2,1,1,4
201900018077,2019-05-15 20:50:00,2019,5,15,20,50,973,97302,MADELEINE (ROUTE DE LA),4.9315674,-52.3265505,Nuit avec éclairage allumé,En agglomération,Hors intersection,Normale,Deux véhicules - frontale,3,2,2,0,1,1,1,6,1,50,2,3,1,0,0,2,25.0,24.0,voiture,voiture,5,2,1,1,1
201900018078,2019-05-15 18:30:00,2019,5,15,18,30,973,97302,BADUEL (ROUTE DE),4.9286386,-52.2944069,Crépuscule ou aube,En agglomération,Autre intersection,Pluie légère,Deux véhicules - côté,3,-1,2,0,1,1,1,0,1,50,2,2,1,0,0,1,20.0,41.0,deux_roues,voiture,2,2,9,2,3
201900018079,2019-05-14 18:08:00,2019,5,14,18,8,973,97302,MADELEINE (ROUTE DE LA),4.9158969,-52.3212934,Plein jour,En agglomération,Hors intersection,Normale,Trois véhicules et plus - collisions multiples,3,2,1,0,1,1,1,0,1,50,3,4,3,0,1,0,56.0,20.0,voiture,deux_roues,1,2,1,1,5
201900018080,2019-05-13 19:40:00,2019,5,13,19,40,973,97302,MADELEINE (ROUTE DE LA),4.9092695,-52.3216581,Nuit avec éclairage allumé,Hors agglomération,Hors intersection,Normale,Deux véhicules - côté,3,2,1,0,1,1,1,0,1,50,2,2,1,0,0,1,48.0,,voiture,,5,1,1,1,3
201900018081,2019-05-13 08:30:00,2019,5,13,8,30,973,97302,BADUEL (ROUTE DE),4.93471,-52.3118091,Plein jour,En agglomération,Hors intersection,Normale,Deux véhicules - arrière,3,2,2,0,1,1,1,0,1,50,2,3,2,0,0,1,54.0,42.0,deux_roues,deux_roues,1,2,1,1,2
201900018082,2019-05-11 10:30:00,2019,5,11,10,30,973,97302,TIGRE (ROUTE DU),4.9174362,-52.3129034,Plein jour,Hors agglomération,Intersection en T,Pluie légère,Autre collision,3,2,1,0,1,1,2,0,1,50,2,2,1,0,0,1,68.0,30.0,deux_roues,voiture,1,1,3,2,6
201900018083,2019-05-09 16:10:00,2019,5,9,16,10,973,97302,EAU-LISETTE (CITE),4.9298037,-52.3208535,Plein jour,En agglomération,Hors intersection,Pluie légère,Deux véhicules - arrière,4,2,2,0,1,1,2,0,1,50,2,2,1,0,0,1,33.0,22.0,deux_roues,voiture,1,2,1,2,2
201900018084,2019-05-30 02:20:00,2019,5,30,2,20,69,69383,BONNEL (DE)                         (R ),45.76242,4.85578,Nuit avec éclairage allumé,En agglomération,Hors intersection,Normale,Deux véhicules - arrière,4,1,3,0,2,1,1,1,1,50,2,4,3,0,0,1,23.0,42.0,voiture,voiture,5,2,1,1,2
201900018085,2019-05-29 21:40:00,2019,5,29,21,40,69,69259,VIENNE (DE)                         (RO),45.72156,4.85435,Nuit avec éclairage allumé,En agglomération,Hors intersection,Normale,Trois véhicules et plus - collisions multiples,4,2,3,0,1,1,1,0,1,50,3,4,3,0,0,1,25.0,63.0,deux_roues,voiture,5,2,1,1,5
201900018086,2019-05-29 15:30:00,2019,5,29,15,30,69,69383,CHATEAU (DU)                        (AV),45.74858,4.88375,Plein jour,En agglomération,Intersection en X,Normale,Deux véhicules - côté,4,1,3,1,1,1,1,0,1,50,2,2,1,0,0,1,48.0,19.0,utilitaire_camion,deux_roues,1,2,2,1,3
201900018087,2019-05-29 01:20:00,2019,5,29,1,20,69,69259,CHARLES DE GAULLE                   (AV),45.71747,4.89156,Nuit avec éclairage allumé,En agglomération,Intersection en X,Normale,Deux véhicules - côté,3,3,6,3,1,1,1,0,1,50,2,6,2,0,0,4,20.0,47.0,voiture,voiture,5,2,2,1,3
201900018088,2019-05-28 20:30:00,2019,5,28,20,30,69,69387,MARCEL MERIEUX                      (R ),45.7306,4.83009,Plein jour,En agglomération,Hors intersection,Normale,Autre collision,4,2,2,0,1,1,1,0,1,50,1,1,0,0,0,1,,,,,1,2,1,1,6
201900018089,2019-05-28 17:00:00,2019,5,28,17,0,69,69383,FELIX FAURE                         (AV),45.7542267,4.8639574,Plein jour,En agglomération,Hors intersection,Normale,Autre collision,4,2,3,3,1,1,1,0,1,50,1,2,1,0,0,1,43.0,,utilitaire_camion,,1,2,1,1,6
201900018090,2019-05-28 15:10:00,2019,5,28,15,10,69,69388,PAUL CAZENEUVE                      (R ),45.73179,4.86043,Plein jour,En agglomération,Hors intersection,Normale,Autre collision,4,2,4,0,1,1,1,0,1,50,1,4,3,0,0,1,49.0,,voiture,,1,2,1,1,6
201900018091,2019-05-28 11:35:00,2019,5,28,11,35,69,69386,FRANKLIN ROOSEVELT                  (CO),45.76911,4.84945,Plein jour,En agglomération,Hors intersection,Normale,Deux véhicules - côté,4,1,3,0,1,1,1,0,1,50,2,3,2,0,1,0,47.0,46.0,deux_roues,voiture,1,2,1,1,3
201900018092,2019-05-27 17:55:00,2019,5,27,17,55,69,69199,YVES FARGE                          (BD),45.6946499,4.8594224,Plein jour,En agglomération,Hors intersection,Normale,Trois véhicules et plus - en chaîne,4,2,2,0,1,1,1,9,1,50,3,3,1,0,0,2,18.0,32.0,voiture,voiture,1,2,1,1,4
201900018093,2019-05-27 11:45:00,2019,5,27,11,45,69,69259,PAUL BERT                           (R ),45.7002575,4.8853862,Plein jour,En agglomération,Hors intersection,Normale,Autre collision,4,2,2,0,1,1,1,0,1,50,1,2,1,0,0,1,35.0,,voiture,,1,2,1,1,6
201900018094,2019-05-26 17:45:00,2019,5,26,17,45,69,69383,GEORGES POMPIDOU                    (R ),45.75933,4.86913,Plein jour,En agglomération,Hors intersection,Normale,Deux véhicules - côté,4,2,2,0,1,1,1,0,1,50,2,2,1,0,0,1,33.0,24.0,voiture,deux_roues,1,2,1,1,3
201900018095,2019-05-25 21:15:00,2019,5,25,21,15,69,69199,FRERES PERRET                       (AV),45.694,4.845,Nuit avec éclairage allumé,Hors agglomération,Hors intersection,Pluie légère,Deux véhicules - côté,9,1,2,0,1,4,2,9,1,70,2,2,1,0,0,1,29.0,,voiture,,5,1,1,2,3
201900018096,2019-05-25 20:20:00,2019,5,25,20,20,69,69387,UNIVERSITE (DE L')                  (R ),45.74925,4.84195,Crépuscule ou aube,En agglomération,Intersection en X,Normale,Trois véhicules et plus - collisions multiples,7,1,1,1,1,1,1,0,1,50,3,8,6,0,0,2,59.0,53.0,voiture,voiture,2,2,2,1,5
201900018097,2019-05-25 19:20:00,2019,5,25,19,20,69,69383,BONNEL (DE)                         (R ),45.76162,4.84534,Plein jour,En agglomération,Intersection en X,Normale,Deux véhicules - côté,4,1,4,0,1,1,1,0,1,50,2,2,1,0,0,1,38.0,60.0,deux_roues,voiture,1,2,2,1,3
201900018098,2019-05-25 17:20:00,2019,5,25,17,20,69,69386,LAFAYETTE                           (CO),45.763656,4.854573,Plein jour,En agglomération,Hors intersection,Normale,Autre collision,4,2,3,3,1,1,1,0,1,50,1,2,1,0,0,1,18.0,,voiture,,1,2,1,1,6
201900018099,2019-05-25 10:40:00,2019,5,25,10,40,69,69383,TRARIEUX                            (R ),45.74542,4.8877,Plein jour,En agglomération,Intersection en X,Normale,Deux véhicules - côté,4,2,2,0,1,1,1,0,1,50,2,2,0,0,0,2,59.0,24.0,voiture,voiture,1,2,2,1,3
201900018100,2019-05-25 01:40:00,2019,5,25,1,40,69,69387,GAMBETTA                            (CO),45.753904,4.8470003,Nuit avec éclairage allumé,En agglomération,Hors intersection,Normale,Sans collision,7,2,5,3,1,1,1,0,1,50,1,1,0,0,0,1,19.0,,deux_roues,,5,2,1,1,7
201900018101,2019-05-24 04:10:00,2019,5,24,4,10,69,69383,LACASSAGNE                          (AV),45.75656,4.863282,Nuit avec éclairage allumé,En agglomération,Hors intersection,Normale,Sans collision,4,2,2,3,1,1,1,0,1,50,1,1,0,0,0,1,23.0,,deux_roues,,5,2,1,1,7
201900018102,2019-05-24 19:05:00,2019,5,24,19,5,69,69199,PAUL VAILLANT COUTURIER             (R ),45.70953,4.86194,Plein jour,En agglomération,Intersection en T,Normale,Deux véhicules - côté,4,-1,0,0,1,1,1,0,1,50,2,1,0,0,0,1,22.0,,deux_roues,,1,2,3,1,3
201900018103,2019-05-24 16:10:00,2019,5,24,16,10,69,69259,OSCHATZ (D')                        (AV),45.69521,4.88028,Plein jour,En agglomération,Intersection en T,Normale,Deux véhicules - côté,4,2,0,0,2,1,1,0,1,50,2,3,1,0,0,2,19.0,66.0,voiture,voiture,1,2,3,1,3
201900018104,2019-05-24 12:00:00,2019,5,24,12,0,69,69388,ALBERT THOMAS                       (CO),45.74697,4.86707,Plein jour,En agglomération,Intersection en X,Normale,Deux véhicules - côté,4,2,4,3,1,1,1,0,1,50,2,2,1,0,0,1,27.0,29.0,voiture,deux_roues,1,2,2,1,3
201900018105,2019-05-24 08:45:00,2019,5,24,8,45,69,69383,GARIBALDI                           (R ),45.7583716,4.852438,Plein jour,En agglomération,Hors intersection,Normale,Trois véhicules et plus - collisions multiples,4,1,1,0,1,1,1,0,1,50,3,3,2,0,0,1,42.0,41.0,voiture,voiture,1,2,1,1,5
201900018106,2019-05-23 21:30:00,2019,5,23,21,30,69,69383,ETIENNE RICHERAND                   (R ),45.7615769,4.866548,Nuit avec éclairage allumé,En agglomération,Hors intersection,Normale,Sans collision,4,1,1,0,1,1,1,0,1,50,1,1,0,0,1,0,35.0,,deux_roues,,5,2,1,1,7
201900018107,2019-05-23 14:30:00,2019,5,23,14,30,69,69387,GUILLOTIERE (DE LA)                 (GR),45.75263,4.84583,Plein jour,En agglomération,Hors intersection,Normale,Autre collision,7,1,1,0,1,1,1,0,1,50,1,2,1,0,0,1,34.0,,voiture,,1,2,1,1,6
201900018108,2019-05-23 16:00:00,2019,5,23,16,0,69,69387,MONTESQUIEU                         (R ),45.75134,4.84494,Plein jour,En agglomération,Intersection en X,Normale,Deux véhicules - côté,4,1,0,1,1,1,1,0,1,50,2,2,1,0,0,1,31.0,53.0,voiture,deux_roues,1,2,2,1,3