accident_id,datetime,annee,mois,jour,heure,minute,departement,commune_insee,adresse,latitude,longitude,luminosite,agglomeration,intersection,meteo,collision,catr,circ,nbv,vosp,prof,plan,surf,infra,situ,vma,nb_vehicules,nb_usagers,nb_indemnes,nb_tues,nb_blesses_hosp,nb_blesses_legers,age_cond_1,age_cond_2,veh_type_cond_1,veh_type_cond_2,lum_code,agg_code,int_code,atm_code,col_code
201900018196,2019-05-29 08:55:00,2019,5,29,8,55,69,69389,COMMERCE (DU)                       (QU),45.7841,4.8121,Plein jour,En agglomération,Intersection en T,Normale,Deux véhicules - côté,4,2,2,0,1,1,1,0,1,50,2,2,1,0,0,1,45.0,28.0,voiture,deux_roues,1,2,3,1,3
201900018197,2019-05-29 02:20:00,2019,5,29,2,20,69,69382,ST ANTOINE                          (QU),45.7616844,4.8316387,Nuit avec éclairage allumé,En agglomération,Hors intersection,Normale,Deux véhicules - frontale,7,1,3,0,1,1,1,0,1,50,2,2,0,0,2,0,50.0,19.0,deux_roues,deux_roues,5,2,1,1,1
201900018198,2019-05-28 14:15:00,2019,5,28,14,15,69,69381,ANDRE LASSAGNE                      (QU),45.7715,4.83837,Plein jour,En agglomération,Hors intersection,Normale,Deux véhicules - côté,4,1,4,1,1,1,1,0,1,50,2,2,1,0,0,1,54.0,24.0,deux_roues,deux_roues,1,2,1,1,3
201900018199,2019-05-27 15:10:00,2019,5,27,15,10,69,69081,GUY DE COLLONGUE    AV,45.78246,4.76636,Plein jour,En agglomération,Hors intersection,Normale,Autre collision,4,2,2,0,1,1,1,0,2,30,1,3,2,0,0,1,82.0,,utilitaire_camion,,1,2,1,1,6
201900018200,2019-05-27 12:55:00,2019,5,27,12,55,69,69382,JEAN MOULIN                         (QU),45.7661762,4.8381187,Plein jour,En agglomération,Intersection en X,Normale,Deux véhicules - côté,7,1,4,0,1,1,1,0,1,50,2,4,0,0,0,4,29.0,28.0,voiture,utilitaire_camion,1,2,2,1,3
201900018201,2019-05-26 19:18:00,2019,5,26,19,18,69,69081,SOURCES (DES)                       (AV),45.79215,4.7829,Plein jour,En agglomération,Hors intersection,Normale,Deux véhicules - arrière,7,2,2,0,1,1,1,0,1,50,2,2,1,0,0,1,37.0,15.0,transport_commun,deux_roues,1,2,1,1,2
201900018202,2019-05-25 18:45:00,2019,5,25,18,45,69,69034,NOBERTO GOMES MOREIRA               (CH),45.78765,4.8611,Plein jour,En agglomération,Hors intersection,Normale,Autre collision,7,1,2,0,2,3,1,9,1,50,1,1,0,0,0,1,74.0,,voiture,,1,2,1,1,6
201900018203,2019-05-26 13:30:00,2019,5,26,13,30,69,69389,MARIETTON                           (R ),45.7756,4.80358,Plein jour,En agglomération,Hors intersection,Normale,Autre collision,4,2,2,0,1,1,1,0,1,50,1,3,2,0,0,1,25.0,,voiture,,1,2,1,1,6
201900018204,2019-05-25 11:20:00,2019,5,25,11,20,69,69389,MONT D'OR (DU)                      (R ),45.775,4.807,Plein jour,En agglomération,Intersection à plus de 4 branches,Temps éblouissant,Deux véhicules - côté,4,4,11,0,1,3,1,0,1,50,2,2,1,0,0,1,29.0,55.0,voiture,deux_roues,1,2,5,7,3
201900018205,2019-05-23 18:35:00,2019,5,23,18,35,69,69382,DELANDINE                           (R ),45.74,4.82,Plein jour,En agglomération,Intersection en T,Normale,Deux véhicules - côté,4,1,1,1,1,1,1,0,1,50,2,2,1,0,0,1,53.0,39.0,voiture,deux_roues,1,2,3,1,3
201900018206,2019-05-23 22:55:00,2019,5,23,22,55,69,69382,SUCHET                              (CO),45.7459183,4.8260316,Nuit avec éclairage allumé,En agglomération,Hors intersection,Normale,Deux véhicules - côté,4,2,2,2,1,1,1,8,1,50,2,2,1,0,0,1,20.0,57.0,voiture,deux_roues,5,2,1,1,3
201900018207,2019-05-23 18:00:00,2019,5,23,18,0,69,69389,ST CYR (DE)                         (R ),45.78888,4.8076,Plein jour,En agglomération,Hors intersection,Normale,Autre collision,4,2,2,0,2,1,1,0,1,50,1,1,0,0,0,1,38.0,,deux_roues,,1,2,1,1,6
201900018208,2019-05-23 13:30:00,2019,5,23,13,30,69,69034,ST CLAIR (DE)                       (GR),45.79124,4.86076,Plein jour,En agglomération,Intersection en T,Normale,Deux véhicules - côté,4,1,3,3,1,1,1,2,1,50,2,3,1,0,0,2,45.0,53.0,utilitaire_camion,voiture,1,2,3,1,3
201900018209,2019-05-22 12:30:00,2019,5,22,12,30,69,69384,CANUTS (DES)                        (BD),45.7752,4.83019,Plein jour,En agglomération,Intersection en T,Normale,Autre collision,7,-1,2,0,1,1,1,0,1,50,2,2,1,0,0,1,52.0,75.0,deux_roues,voiture,1,2,3,1,6
201900018210,2019-05-21 16:10:00,2019,5,21,16,10,69,69385,GARENNE (DE LA)                     (R ),45.7507,4.7731,Plein jour,En agglomération,Hors intersection,Normale,Autre collision,9,2,2,0,2,1,1,0,1,50,1,1,0,0,0,1,40.0,,deux_roues,,1,2,1,1,6
201900018211,2019-05-21 13:45:00,2019,5,21,13,45,69,69149,JEAN JAURES                         (AV),45.71421,4.8194,Plein jour,En agglomération,Place,Normale,Deux véhicules - frontale,3,2,2,0,1,1,1,5,1,50,2,2,0,0,0,2,29.0,19.0,voiture,voiture,1,2,7,1,1
201900018212,2019-05-21 08:40:00,2019,5,21,8,40,69,69149,PIERRE SEMARD                       (R ),45.7138184,4.8158598,Plein jour,En agglomération,Hors intersection,Normale,Autre collision,4,2,1,1,1,1,1,0,1,50,1,2,1,0,0,1,50.0,,voiture,,1,2,1,1,6
201900018213,2019-05-20 23:00:00,2019,5,20,23,0,69,69382,TILSITT                             (QU),45.75473,4.82588,Nuit avec éclairage allumé,En agglomération,Hors intersection,Normale,Autre collision,4,1,3,3,1,1,1,0,1,50,1,1,0,0,0,1,39.0,,deux_roues,,5,2,1,1,6
201900018214,2019-05-18 19:30:00,2019,5,18,19,30,69,69286,MERCIERES (DES)                     (R ),45.8153,4.87357,Plein jour,En agglomération,Hors intersection,Pluie légère,Deux véhicules - côté,4,2,2,0,1,3,1,0,1,50,2,3,0,0,0,3,30.0,61.0,voiture,voiture,1,2,1,2,3
201900018215,2019-05-18 10:15:00,2019,5,18,10,15,69,69382,BELLECOUR                           (PL),45.757,4.83055,Plein jour,En agglomération,Hors intersection,Normale,Deux véhicules - arrière,7,1,3,3,1,1,1,0,1,50,2,4,3,0,0,1,19.0,46.0,deux_roues,voiture,1,2,1,1,2
201900018216,2019-05-17 20:35:00,2019,5,17,20,35,69,69389,PIERRE TERMIER                      (R ),45.80547,4.83792,Crépuscule ou aube,En agglomération,Intersection en X,Pluie légère,Deux véhicules - côté,4,2,2,0,2,1,2,0,1,50,2,2,1,0,0,1,17.0,38.0,deux_roues,voiture,2,2,2,2,3
201900018217,2019-05-15 12:40:00,2019,5,15,12,40,69,69382,GASPARIN                            (R ),45.7584,4.83313,Plein jour,En agglomération,Hors intersection,Normale,Deux véhicules - arrière,4,1,2,3,1,1,1,0,1,50,2,1,0,0,0,1,38.0,,deux_roues,,1,2,1,1,2
201900018218,2019-05-16 07:23:00,2019,5,16,7,23,69,69385,JOLIOT CURIE                        (R ),45.753,4.7732,Plein jour,En agglomération,Intersection en X,Normale,Deux véhicules - côté,4,2,2,0,1,2,1,5,1,50,2,2,1,0,0,1,56.0,42.0,voiture,deux_roues,1,2,2,1,3
201900018219,2019-05-16 12:00:00,2019,5,16,12,0,69,69286,HIPPODROME (DE L')                  (AV),45.8137,4.8821,Plein jour,En agglomération,Hors intersection,Normale,Deux véhicules - côté,3,2,4,3,1,1,1,9,1,50,2,3,2,0,0,1,42.0,37.0,voiture,voiture,1,2,1,1,3
201900018220,2019-11-18 17:55:00,2019,11,18,17,55,69,69389,ABBE PIERRE                        (PL),45.78597,4.79661,Nuit avec éclairage allumé,En agglomération,Autre intersection,Normale,Autre collision,4,2,2,0,2,1,1,0,1,50,1,2,1,0,0,1,75.0,,voiture,,5,2,9,1,6
201900018221,2019-11-18 16:30:00,2019,11,18,16,30,69,69152,EUROPE (DE L')                      (BD),45.69412,4.82726,Plein jour,En agglomération,Hors intersection,Normale,Deux véhicules - côté,3,2,3,0,1,1,1,2,1,50,2,2,1,0,0,1,38.0,42.0,voiture,utilitaire_camion,1,2,1,1,3
201900018222,2019-11-18 12:15:00,2019,11,18,12,15,2B,2B033,SAMPIERO CORSO - AV,42.6765637,9.4442887,Plein jour,En agglomération,Hors intersection,Pluie légère,Deux véhicules - arrière,2,2,4,0,1,1,2,1,1,50,2,1,0,0,0,1,42.0,,voiture,,1,2,1,2,2
201900018223,2019-11-17 04:10:00,2019,11,17,4,10,971,97101,RN1-  HAUTEUR DE SORTIE LAURICISQUE,16.2533,-61.54372,Nuit avec éclairage allumé,Hors agglomération,Hors intersection,Normale,Deux véhicules - arrière,2,1,0,0,2,1,1,0,1,90,2,2,1,0,0,1,20.0,54.0,voiture,voiture,5,1,1,1,2
201900018224,2019-11-18 14:20:00,2019,11,18,14,20,2A,2A004,T21,41.9299,8.7578,Plein jour,En agglomération,Hors intersection,Pluie légère,Deux véhicules - frontale,2,2,4,0,2,1,2,0,1,50,2,2,1,0,0,1,76.0,32.0,voiture,deux_roues,1,2,1,2,1
201900018225,2019-11-18 18:30:00,2019,11,18,18,30,95,95127,EMBELLIE (AVENUE DE L'),49.04628,2.02917,Nuit avec éclairage allumé,En agglomération,Hors intersection,Pluie légère,Autre collision,4,2,2,0,1,1,2,0,1,50,1,2,1,0,1,0,79.0,,voiture,,5,2,1,2,6
201900018226,2019-11-18 17:20:00,2019,11,18,17,20,91,91589,FROMENTEAU (AVENUE),48.688528,2.368883,Nuit avec éclairage allumé,En agglomération,Intersection en T,Pluie légère,Deux véhicules - côté,4,2,2,0,1,1,2,0,1,50,2,2,1,0,0,1,52.0,27.0,deux_roues,voiture,5,2,3,2,3
201900018227,2019-11-18 07:50:00,2019,11,18,7,50,88,88160,BRIAND (RUE ARISTIDE-),48.173,6.4511,Crépuscule ou aube,En agglomération,Intersection en X,Neige / grêle,Autre collision,4,2,2,0,1,1,5,0,1,50,1,2,1,0,1,0,81.0,,voiture,,2,2,2,4,6
201900018228,2019-11-16 20:23:00,2019,11,16,20,23,87,87085,EUROPE (CARREFOUR DE L'),45.86133,1.27517,Nuit avec éclairage allumé,En agglomération,Giratoire,Pluie forte,Sans collision,4,1,2,0,1,2,2,5,1,50,1,1,0,0,0,1,37.0,,deux_roues,,5,2,6,3,7
201900018229,2019-11-14 11:15:00,2019,11,14,11,15,84,84087,DALADIER (BD EDOUARD),44.13758,4.81087,Plein jour,En agglomération,Intersection en X,Pluie forte,Autre collision,2,2,2,0,1,1,2,5,1,50,1,2,1,0,1,0,57.0,,utilitaire_camion,,1,2,2,3,6
201900018230,2019-11-15 09:30:00,2019,11,15,9,30,83,83129,MAJOR ROBINSON (ROND POINT),43.09462,5.83364,Plein jour,En agglomération,Autre intersection,Normale,Deux véhicules - côté,3,1,2,0,1,1,1,5,1,30,2,2,1,0,1,0,87.0,76.0,deux_roues,voiture,1,2,9,1,3
201900018231,2019-11-16 18:30:00,2019,11,16,18,30,83,83009,BEAUSSET (ROUTE DU),43.1588,5.7651,Nuit sans éclairage public,Hors agglomération,Hors intersection,Normale,Trois véhicules et plus - en chaîne,3,-1,2,0,1,2,1,0,1,50,4,6,2,0,2,2,56.0,65.0,voiture,voiture,3,1,1,1,4
201900018232,2019-11-15 18:30:00,2019,11,15,18,30,80,80021,SAINT MAURICE (RUE),49.90422,2.28832,Nuit avec éclairage allumé,Hors agglomération,Hors intersection,Pluie légère,Autre collision,4,2,2,0,1,1,2,0,1,50,1,2,1,0,0,1,24.0,,voiture,,5,1,1,2,6
201900018233,2019-11-16 22:30:00,2019,11,16,22,30,76,76351,REPUBLIQUE (COURS DE LA),49.49974,0.12992,Nuit avec éclairage allumé,En agglomération,Intersection en X,Normale,Deux véhicules - côté,4,2,4,0,1,1,1,0,1,50,2,3,1,0,0,2,39.0,32.0,voiture,deux_roues,5,2,2,1,3
201900018234,2019-11-15 15:45:00,2019,11,15,15,45,76,76447,PRESIDENT WILSON,49.543,0.1819,Plein jour,En agglomération,Intersection en T,Normale,Autre collision,3,2,3,0,1,1,3,0,1,50,1,2,1,0,0,1,85.0,,voiture,,1,2,3,1,6
201900018235,2019-11-17 05:00:00,2019,11,17,5,0,76,76351,CHRISTOPHE COLOMB (AVENUE),49.481,0.1506,Nuit avec éclairage allumé,Hors agglomération,Hors intersection,Normale,Autre collision,4,3,4,0,1,1,1,0,-1,70,1,2,0,0,1,1,28.0,,voiture,,5,1,1,1,6
201900018236,2019-11-17 10:25:00,2019,11,17,10,25,76,76447,RD 489,49.53374,0.18893,Plein jour,Hors agglomération,Hors intersection,Normale,Autre collision,3,3,4,0,1,3,1,0,1,70,1,1,0,0,1,0,42.0,,voiture,,1,1,1,1,6
201900018237,2019-11-18 07:45:00,2019,11,18,7,45,69,69029,FRANKLIN ROOSEVELT                  (AV),45.7371,4.8982,Plein jour,En agglomération,Hors intersection,Normale,Autre collision,4,2,4,0,1,1,1,0,1,50,1,6,5,0,1,0,20.0,,voiture,,1,2,1,1,6
201900018238,2019-11-17 21:10:00,2019,11,17,21,10,67,67482,MATHIAS GRUNEWALD (RUE),48.56651,7.72323,Nuit avec éclairage allumé,En agglomération,Hors intersection,Pluie légère,Deux véhicules - frontale,4,2,2,0,1,1,2,0,1,30,2,1,0,0,1,0,25.0,,deux_roues,,5,2,1,2,1
201900018239,2019-11-16 18:20:00,2019,11,16,18,20,67,67482,HECHNER (RUE),48.612636,7.775813,Nuit avec éclairage allumé,En agglomération,Hors intersection,Normale,Autre collision,4,2,2,0,1,1,1,0,1,50,1,2,1,0,0,1,19.0,,voiture,,5,2,1,1,6
201900018240,2019-11-16 23:15:00,2019,11,16,23,15,67,67482,SCHIRMECK (ROUTE DE),48.565619,7.707335,Nuit avec éclairage allumé,En agglomération,Intersection en T,Normale,Deux véhicules - côté,4,2,3,0,1,1,1,0,1,50,2,1,0,0,0,1,28.0,,deux_roues,,5,2,3,1,3
201900018241,2019-11-15 17:34:00,2019,11,15,17,34,66,66136,CLEMENCEAU (BOULEVARD),42.700935,2.892142,Plein jour,En agglomération,Hors intersection,Normale,Deux véhicules - côté,4,2,3,0,1,1,1,0,1,50,2,2,1,0,0,1,64.0,15.0,voiture,deux_roues,1,2,1,1,3
201900018242,2019-11-15 18:54:00,2019,11,15,18,54,66,66136,BALEARES ROND POINT ET CITE DES,42.68855,2.89509,Nuit avec éclairage allumé,En agglomération,Hors intersection,Normale,Autre collision,4,-1,2,0,1,1,1,0,1,50,2,2,1,0,0,1,31.0,53.0,deux_roues,voiture,5,2,1,1,6
201900018243,2019-11-18 16:10:00,2019,11,18,16,10,64,64445,MARECHAL LECLERC DU,43.30513,-0.34016,Plein jour,En agglomération,Hors intersection,Normale,Autre collision,4,2,2,0,1,1,1,0,1,50,1,2,1,0,0,1,83.0,,utilitaire_camion,,1,2,1,1,6
201900018244,2019-11-18 19:35:00,2019,11,18,19,35,60,60159,Départementale 1131,49.391944,2.7972765,Nuit avec éclairage allumé,En agglomération,Hors intersection,Pluie légère,Deux véhicules - frontale,3,3,4,0,1,3,2,0,1,50,2,3,0,0,2,1,32.0,22.0,voiture,voiture,5,2,1,2,1
201900018245,2019-10-24 20:30:00,2019,10,24,20,30,59,59017,EUROPE  (AVENUE DE L'),50.69134,2.87291,Nuit avec éclairage allumé,En agglomération,Intersection en X,Pluie légère,Autre collision,4,2,2,0,1,1,2,5,1,50,1,1,0,0,1,0,,,,,5,2,2,2,6
201900018246,2019-11-15 19:10:00,2019,11,15,19,10,58,58194,REPUBLIQUE (BOULEVARD),46.9915,3.1703,Nuit avec éclairage allumé,En agglomération,Hors intersection,Pluie légère,Autre collision,4,2,2,0,1,1,2,0,1,50,1,2,1,0,0,1,85.0,,voiture,,5,2,1,2,6
201900018247,2019-11-15 16:00:00,2019,11,15,16,0,56,56083,GARDELOUPE ( R-P DE LA ),47.80595,-3.25988,Plein jour,En agglomération,Giratoire,Normale,Deux véhicules - côté,9,2,0,0,1,1,1,0,1,50,2,2,1,0,0,1,71.0,16.0,voiture,deux_roues,1,2,6,1,3
201900018248,2019-11-17 12:00:00,2019,11,17,12,0,54,54357,REPUBLIQUE (RUE DE LA),48.710821,6.147203,Plein jour,En agglomération,Intersection en X,Pluie légère,Deux véhicules - côté,4,-1,3,0,1,1,1,0,1,50,2,2,1,0,0,1,33.0,,voiture,,1,2,2,2,3
201900018249,2019-11-16 17:20:00,2019,11,16,17,20,54,54382,JEAN MOULIN (RUE),49.545975,5.780819,Crépuscule ou aube,En agglomération,Hors intersection,Normale,Sans collision,4,2,0,0,1,1,1,0,1,50,1,2,1,0,0,1,80.0,,voiture,,2,2,1,1,7
201900018250,2019-11-18 17:40:00,2019,11,18,17,40,51,51454,BOULEVARD CHARLES ARNOULD,49.26687,4.01615,Nuit avec éclairage allumé,En agglomération,Hors intersection,Pluie légère,Sans collision,4,2,2,0,1,1,2,0,1,50,1,2,1,0,1,0,30.0,,voiture,,5,2,1,2,7
201900018251,2019-11-13 20:40:00,2019,11,13,20,40,50,50218,MATIGNON (AV DES),48.836183,-1.570658,Nuit avec éclairage allumé,En agglomération,Intersection en X,Pluie forte,Deux véhicules - arrière,3,2,2,0,1,1,2,0,1,50,2,2,1,0,0,1,77.0,,utilitaire_camion,,5,2,2,3,2
201900018252,2019-11-15 11:05:00,2019,11,15,11,5,50,50129,LEMONNIER (AVENUE AMIRAL),49.6345,-1.6108,Plein jour,En agglomération,Hors intersection,Normale,Deux véhicules - arrière,3,3,4,0,1,1,2,0,1,30,2,2,1,0,0,1,18.0,74.0,deux_roues,voiture,1,2,1,1,2
201900018253,2019-11-15 15:27:00,2019,11,15,15,27,49,49007,MOULIN PONT ET PLACE,47.4891,-0.54609,Plein jour,En agglomération,Hors intersection,Pluie légère,Deux véhicules - arrière,4,2,2,0,1,1,2,2,1,60,2,2,1,0,0,1,30.0,62.0,voiture,voiture,1,2,1,2,2
201900018254,2019-11-15 11:01:00,2019,11,15,11,1,49,49007,LAVOISIER BOULEVARD,47.4799257,-0.6008569,Plein jour,En agglomération,Hors intersection,Normale,Autre collision,4,2,2,0,1,1,1,0,1,60,1,2,1,0,0,1,20.0,,voiture,,1,2,1,1,6
201900018255,2019-11-15 20:37:00,2019,11,15,20,37,49,49267,MONTAIGNE AVENUE,47.46628,-0.51641,Nuit avec éclairage allumé,En agglomération,Hors intersection,Pluie légère,Sans collision,4,2,2,0,1,1,2,0,1,60,1,1,0,0,0,1,20.0,,voiture,,5,2,1,2,7
201900018256,2019-11-15 17:55:00,2019,11,15,17,55,49,49353,REPUBLIQUE AVENUE,47.4464,-0.49741,Nuit avec éclairage allumé,En agglomération,Hors intersection,Pluie forte,Autre collision,4,2,2,0,1,1,1,0,1,60,1,2,1,0,0,1,56.0,,voiture,,5,2,1,3,6
201900018257,2019-11-18 17:00:00,2019,11,18,17,0,46,46042,Départementale 820,44.466723,1.426541,Crépuscule ou aube,En agglomération,Autre intersection,Normale,Trois véhicules et plus - en chaîne,3,2,2,0,1,1,1,0,1,50,3,3,0,0,0,3,82.0,26.0,voiture,voiture,2,2,9,1,4
201900018258,2019-11-18 21:20:00,2019,11,18,21,20,44,44109,ROND-POINT DE RENNES (BELLAMY/LELASSEUR),47.23315,-1.56583,Nuit avec éclairage allumé,En agglomération,Giratoire,Normale,Deux véhicules - côté,4,2,0,0,2,1,1,0,1,50,2,2,1,0,1,0,24.0,24.0,voiture,deux_roues,5,2,6,1,3
201900018259,2019-11-18 18:15:00,2019,11,18,18,15,35,35238,DUPARC (RUE POULLAIN),48.1086,-1.6819,Nuit avec éclairage allumé,En agglomération,Intersection en X,Normale,Deux véhicules - côté,4,1,1,1,1,1,1,0,1,50,2,2,1,0,0,1,32.0,22.0,voiture,deux_roues,5,2,2,1,3
201900018260,2019-11-18 12:35:00,2019,11,18,12,35,35,35278,GUE MARY  (LIEU DIT),48.1558319,-1.700259,Plein jour,Hors agglomération,Hors intersection,Normale,Trois véhicules et plus - collisions multiples,3,2,2,0,1,1,1,0,1,80,3,3,2,0,0,1,46.0,34.0,voiture,voiture,1,1,1,1,5
201900018261,2019-11-05 19:00:00,2019,11,5,19,0,33,33063,ALBERT 1ER (BD ),44.81469,-0.57236,Nuit avec éclairage allumé,En agglomération,Intersection en X,Pluie légère,Trois véhicules et plus - collisions multiples,4,3,7,2,1,1,2,0,1,50,3,3,2,0,0,1,59.0,29.0,voiture,voiture,5,2,2,2,5
201900018262,2019-11-18 07:35:00,2019,11,18,7,35,31,31157,CHE DE TUCAUT,43.55361,1.37486,Plein jour,En agglomération,Hors intersection,Normale,Autre collision,3,2,2,0,1,1,1,0,1,50,1,3,1,0,2,0,54.0,,voiture,,1,2,1,1,6
201900018263,2019-11-16 13:15:00,2019,11,16,13,15,31,31555,CHE DE GABARDIE,43.63031,1.48231,Plein jour,En agglomération,Hors intersection,Normale,Autre collision,4,1,1,0,1,1,1,0,1,50,1,2,1,0,1,0,20.0,,voiture,,1,2,1,1,6
201900018264,2019-11-16 00:55:00,2019,11,16,0,55,31,31555,PL SAINT ETIENNE,43.59995,1.4491,Nuit avec éclairage allumé,En agglomération,Hors intersection,Pluie légère,Sans collision,4,2,2,0,1,1,2,0,1,50,1,1,0,0,0,1,23.0,,deux_roues,,5,2,1,2,7
201900018265,2019-11-18 14:30:00,2019,11,18,14,30,29,29039,LANRIEC ( RUE DE ),47.8691886,-3.8960068,Plein jour,Hors agglomération,Intersection en X,Normale,Deux véhicules - côté,3,1,1,0,4,3,1,3,3,50,2,2,1,0,0,1,52.0,72.0,voiture,voiture,1,1,2,1,3
201900018266,2019-11-18 12:30:00,2019,11,18,12,30,29,29019,RN 12,48.4193,-4.4783,Plein jour,Hors agglomération,Hors intersection,Normale,Trois véhicules et plus - en chaîne,3,3,4,0,1,1,1,0,1,90,3,4,2,0,0,2,35.0,27.0,voiture,voiture,1,1,1,1,4
201900018267,2019-11-18 12:45:00,2019,11,18,12,45,29,29019,TARENTE,48.40297,-4.50761,Plein jour,En agglomération,Hors intersection,Normale,Deux véhicules - arrière,4,3,4,0,3,1,1,0,1,50,2,2,1,0,0,1,23.0,48.0,voiture,voiture,1,2,1,1,2
201900018268,2019-11-15 21:40:00,2019,11,15,21,40,19,19031,RIBOT (AVENUE),45.16472,1.5132,Nuit avec éclairage allumé,Hors agglomération,Intersection en T,Normale,Deux véhicules - côté,3,2,2,0,1,1,2,0,1,50,2,2,1,0,1,0,20.0,18.0,voiture,deux_roues,5,1,3,1,3
201900018269,2019-11-15 13:40:00,2019,11,15,13,40,19,19031,CHAMPOLLION (RUE),45.16901,1.54403,Plein jour,En agglomération,Hors intersection,Normale,Deux véhicules - côté,4,2,2,0,1,1,2,0,1,50,2,2,1,0,0,1,65.0,58.0,voiture,voiture,1,2,1,1,3
201900018270,2019-11-18 08:00:00,2019,11,18,8,0,19,19031,DORMOY (BOULEVARD MARX),45.16765,1.54101,Crépuscule ou aube,En agglomération,Hors intersection,Normale,Autre collision,4,2,2,0,1,1,1,0,1,50,1,2,1,0,1,0,58.0,,voiture,,2,2,1,1,6
201900018271,2019-11-15 07:35:00,2019,11,15,7,35,19,19031,GOUDOUX (RUE JEAN),45.15609,1.5043,Crépuscule ou aube,En agglomération,Hors intersection,Normale,Trois véhicules et plus - en chaîne,4,2,2,0,1,1,2,0,1,50,3,3,2,1,0,0,30.0,43.0,deux_roues,voiture,2,2,1,1,4
201900018272,2019-11-14 17:20:00,2019,11,14,17,20,19,19031,BLANC (BOULEVARD LOUIS),45.15538,1.52595,Plein jour,En agglomération,Hors intersection,Pluie légère,Deux véhicules - arrière,4,2,2,0,1,1,2,0,1,50,2,4,2,0,0,2,52.0,62.0,voiture,voiture,1,2,1,2,2
201900018273,2019-11-18 18:10:00,2019,11,18,18,10,17,17300,DENFERT-ROCHEREAU   AVENUE (15),46.16461,-1.19779,Nuit avec éclairage allumé,En agglomération,Giratoire,Normale,Deux véhicules - côté,4,1,2,0,1,2,1,0,1,50,2,2,1,0,0,1,52.0,21.0,voiture,deux_roues,5,2,6,1,3
201900018274,2019-11-19 00:50:00,2019,11,19,0,50,13,13208,SCHLOESING (BOULEVARD),43.27692,5.40623,Nuit avec éclairage allumé,En agglomération,Hors intersection,Normale,Deux véhicules - arrière,4,2,3,0,1,1,1,0,1,50,2,2,1,0,0,1,52.0,21.0,utilitaire_camion,deux_roues,5,2,1,1,2
201900018275,2019-11-18 18:00:00,2019,11,18,18,0,13,13208,ALAIN SAVARY (ROND-POINT),43.272494,5.391326,Nuit avec éclairage allumé,En agglomération,Hors intersection,Normale,Deux véhicules - côté,4,1,1,0,1,2,1,0,1,50,2,2,1,0,0,1,23.0,31.0,voiture,deux_roues,5,2,1,1,3
201900018276,2019-11-18 14:10:00,2019,11,18,14,10,13,13210,TIMONE (AVENUE DE LA),43.28629,5.40706,Plein jour,En agglomération,Hors intersection,Normale,Deux véhicules - frontale,4,2,1,0,3,1,1,2,1,50,2,2,1,0,0,1,51.0,23.0,deux_roues,voiture,1,2,1,1,1
201900018277,2019-11-17 19:50:00,2019,11,17,19,50,11,11262,GAMBETTA (BOULEVARD),43.18305,3.00784,Nuit avec éclairage allumé,En agglomération,Hors intersection,Normale,Autre collision,4,2,2,0,1,1,1,0,1,50,2,3,1,0,0,2,16.0,33.0,deux_roues,voiture,5,2,1,1,6
201900018278,2019-11-16 11:07:00,2019,11,16,11,7,11,11262,NADIERE PLAN DE LA),43.18457,2.98306,Plein jour,En agglomération,Intersection en T,Normale,Deux véhicules - côté,4,2,2,0,1,1,1,9,1,50,2,2,1,0,0,1,57.0,37.0,voiture,voiture,1,2,3,1,3
201900018279,2019-11-17 12:03:00,2019,11,17,12,3,10,10387,COMTE HENRI( RUE),48.29704,4.07965,Plein jour,En agglomération,Hors intersection,Brouillard / fumée,Deux véhicules - côté,4,1,2,0,1,1,1,0,1,50,2,2,1,0,0,1,,21.0,voiture,voiture,1,2,1,5,3
201900018280,2019-11-18 09:30:00,2019,11,18,9,30,6,06088,TURIN (RTE DE),43.73222,7.29063,Plein jour,En agglomération,Hors intersection,Normale,Deux véhicules - arrière,4,2,0,0,1,3,1,0,1,50,2,2,0,0,0,2,48.0,55.0,voiture,voiture,1,2,1,1,2
201900018281,2019-11-17 16:00:00,2019,11,17,16,0,6,06069,PAOUTE (ROUTE ET TRAVERSE DE LA),43.632979,6.9576,Plein jour,En agglomération,Hors intersection,Normale,Deux véhicules - frontale,3,2,2,0,1,1,1,0,1,50,2,2,1,0,0,1,21.0,38.0,deux_roues,deux_roues,1,2,1,1,1
201900018282,2019-11-17 15:25:00,2019,11,17,15,25,5,05061,SAGNIERES ( RUE DES ),44.55036,6.06641,Plein jour,En agglomération,Hors intersection,Normale,Autre collision,4,2,2,0,1,1,1,0,1,30,1,2,1,0,0,1,41.0,,voiture,,1,2,1,1,6
201900018283,2019-11-18 07:48:00,2019,11,18,7,48,2,02408,WINSTON CHURCHILL (RUE),49.56944,3.63719,Crépuscule ou aube,En agglomération,Hors intersection,Normale,Autre collision,4,2,2,0,1,1,1,0,1,50,1,2,1,0,0,1,58.0,,voiture,,2,2,1,1,6
201900018284,2019-11-18 13:30:00,2019,11,18,13,30,1,01053,MONTHOLON (RUE) IMPAIR,46.1967802,5.2104407,Plein jour,En agglomération,Intersection en X,Normale,Deux véhicules - arrière,4,1,2,0,1,1,1,0,1,50,2,2,1,0,0,1,18.0,12.0,voiture,deux_roues,1,2,2,1,2