accident_id,datetime,annee,mois,jour,heure,minute,departement,commune_insee,adresse,latitude,longitude,luminosite,agglomeration,intersection,meteo,collision,catr,circ,nbv,vosp,prof,plan,surf,infra,situ,vma,nb_vehicules,nb_usagers,nb_indemnes,nb_tues,nb_blesses_hosp,nb_blesses_legers,age_cond_1,age_cond_2,veh_type_cond_1,veh_type_cond_2,lum_code,agg_code,int_code,atm_code,col_code
201900018375,2019-11-17 14:00:00,2019,11,17,14,0,93,93048,AUTOROUTE A86,48.8725,2.44775,Plein jour,Hors agglomération,Hors intersection,Normale,Trois véhicules et plus - en chaîne,1,3,6,0,1,1,1,0,1,90,4,6,4,0,0,2,18.0,20.0,voiture,voiture,1,1,1,1,4
201900018376,2019-11-17 07:00:00,2019,11,17,7,0,93,93053,AUTOROUTE A3,48.88242,2.45627,Nuit avec éclairage non allumé,Hors agglomération,Hors intersection,Normale,Trois véhicules et plus - en chaîne,1,3,7,0,2,1,1,0,1,90,4,5,4,0,0,1,53.0,48.0,voiture,voiture,4,1,1,1,4
201900018377,2019-11-17 07:10:00,2019,11,17,7,10,93,93053,AUTOROUTE A3,48.88293,2.45741,Nuit sans éclairage public,Hors agglomération,Hors intersection,Normale,Deux véhicules - arrière,1,3,7,0,2,1,1,0,1,90,2,1,0,0,1,0,55.0,,deux_roues,,3,1,1,1,2
201900018378,2019-11-16 19:00:00,2019,11,16,19,0,93,93010,AUTOROUTE A3,48.91473,2.47763,Nuit sans éclairage public,Hors agglomération,Hors intersection,Normale,Deux véhicules - arrière,1,3,7,0,1,1,1,0,1,110,2,2,1,0,0,1,30.0,29.0,voiture,voiture,3,1,1,1,2
201900018379,2019-11-16 18:00:00,2019,11,16,18,0,93,93048,AUTOROUTE A86,48.86423,2.48225,Nuit sans éclairage public,Hors agglomération,Hors intersection,Normale,Deux véhicules - arrière,1,3,6,0,1,1,1,1,1,90,2,2,1,0,0,1,49.0,29.0,utilitaire_camion,deux_roues,3,1,1,1,2
201900018380,2019-11-18 10:30:00,2019,11,18,10,30,94,94073,A86 INT,48.7708,2.3873,Plein jour,Hors agglomération,Hors intersection,Normale,Sans collision,1,3,3,0,1,1,1,1,1,90,1,1,0,0,0,1,28.0,,voiture,,1,1,1,1,7
201900018381,2019-03-10 17:40:00,2019,3,10,17,40,12,12146,FLAVIN (ROUTE DE),44.33241,2.58781,Plein jour,Hors agglomération,Hors intersection,Pluie légère,Sans collision,3,2,2,0,1,4,2,0,3,80,1,1,0,0,0,1,28.0,,voiture,,1,1,1,2,7
201900018382,2019-11-16 13:30:00,2019,11,16,13,30,30,30189,UZES (ANCIENNE ROUTE D'),43.85881,4.37886,Plein jour,En agglomération,Hors intersection,Normale,Deux véhicules - arrière,4,2,2,0,1,1,1,0,1,50,2,4,3,0,0,1,65.0,87.0,voiture,voiture,1,2,1,1,2
201900018383,2019-11-15 11:50:00,2019,11,15,11,50,974,97416,PARADIS (LIGNE) (1),-21.3014,55.45774,Plein jour,En agglomération,Hors intersection,Normale,Trois véhicules et plus - en chaîne,4,2,2,0,1,1,1,0,1,30,3,5,4,0,1,0,33.0,51.0,voiture,utilitaire_camion,1,2,1,1,4
201900018384,2019-11-17 04:15:00,2019,11,17,4,15,69,69383,RICHARD VITTON                      (CO),45.75391,4.88733,Nuit avec éclairage allumé,En agglomération,Hors intersection,Brouillard / fumée,Sans collision,7,1,1,0,1,1,2,0,1,30,1,1,0,0,0,1,29.0,,deux_roues,,5,2,1,5,7
201900018385,2019-11-17 12:40:00,2019,11,17,12,40,69,69388,PIERRE DELORE                       (R ),45.73553,4.85656,Plein jour,En agglomération,Intersection en X,Normale,Deux véhicules - côté,4,2,4,2,1,1,1,0,1,50,2,3,2,0,1,0,29.0,51.0,voiture,voiture,1,2,2,1,3
201900018386,2019-11-17 02:15:00,2019,11,17,2,15,69,69384,CANUTS (DES)                        (BD),45.78107,4.82776,Nuit sans éclairage public,En agglomération,Hors intersection,Brouillard / fumée,Autre collision,7,2,2,0,1,1,1,0,1,50,1,1,0,0,0,1,,,,,3,2,1,5,6
201900018387,2019-11-15 09:15:00,2019,11,15,9,15,95,95585,KOENIG (AVENUNE PIERRE),48.98052,2.38941,Plein jour,En agglomération,Hors intersection,Pluie légère,Autre collision,4,2,2,0,1,1,2,0,1,50,1,2,1,0,0,1,27.0,,voiture,,1,2,1,2,6
201900018388,2019-11-17 17:00:00,2019,11,17,17,0,91,91471,NICOLAS APPERT (RUE),48.71259,2.174967,Crépuscule ou aube,En agglomération,Hors intersection,Normale,Autre collision,4,2,0,0,1,1,1,0,1,50,1,1,0,1,0,0,90.0,,voiture,,2,2,1,1,6
201900018389,2019-11-15 18:00:00,2019,11,15,18,0,91,91339,RN 20,48.635,2.266,Nuit sans éclairage public,En agglomération,Hors intersection,Neige / grêle,Deux véhicules - arrière,4,-1,4,0,1,1,2,0,1,50,2,2,1,0,0,1,22.0,33.0,voiture,voiture,3,2,1,4,2
201900018390,2019-11-15 17:25:00,2019,11,15,17,25,91,91347,PARIS (RUE DE),48.643,2.29,Nuit avec éclairage non allumé,En agglomération,Intersection en T,Pluie forte,Sans collision,4,-1,2,0,1,1,2,0,1,50,1,1,0,0,0,1,22.0,,deux_roues,,4,2,3,3,7
201900018391,2019-11-15 16:00:00,2019,11,15,16,0,91,91021,DIVISION LECLERC (AVENUE DE LA),48.596,2.246,Plein jour,En agglomération,Hors intersection,Neige / grêle,Sans collision,4,2,0,0,3,1,2,0,1,50,1,2,1,0,0,1,28.0,,voiture,,1,2,1,4,7
201900018392,2019-11-17 15:45:00,2019,11,17,15,45,83,83061,AVENUE DE PROVENCE,43.426972,6.752552,Plein jour,En agglomération,Intersection en T,Normale,Deux véhicules - côté,4,2,4,0,1,1,1,0,1,50,2,4,2,0,1,1,46.0,81.0,deux_roues,voiture,1,2,3,1,3
201900018393,2019-11-16 06:00:00,2019,11,16,6,0,82,82121,DELCASSE (RUE),44.020245,1.354387,Nuit avec éclairage allumé,En agglomération,Intersection en T,Normale,Deux véhicules - côté,4,1,1,0,2,1,2,0,1,50,2,2,1,0,1,0,30.0,28.0,voiture,deux_roues,5,2,3,1,3
201900018394,2019-11-16 10:00:00,2019,11,16,10,0,74,74305,TOURNELLES (RUE DES),46.1987247,6.244267,Plein jour,En agglomération,Hors intersection,Temps couvert,Deux véhicules - côté,4,2,2,0,1,1,1,0,1,50,2,2,1,0,0,1,84.0,48.0,voiture,voiture,1,2,1,8,3
201900018395,2019-11-17 18:40:00,2019,11,17,18,40,69,69091,ROSENBERG (Q),45.58057,4.77902,Nuit avec éclairage allumé,En agglomération,Autre intersection,Normale,Deux véhicules - arrière,3,2,3,0,1,1,1,5,1,50,2,2,1,0,0,1,40.0,42.0,voiture,voiture,5,2,9,1,2
201900018396,2019-11-16 23:45:00,2019,11,16,23,45,65,65440,FORGES (AVENUE DES),43.241163,0.078189,Nuit avec éclairage allumé,En agglomération,Hors intersection,Pluie légère,Autre collision,4,2,2,0,1,1,2,0,1,50,1,2,1,0,1,0,46.0,,voiture,,5,2,1,2,6
201900018397,2019-11-17 20:15:00,2019,11,17,20,15,64,64024,BAB (BOULEVARD DU),43.4944101,-1.5179668,Nuit avec éclairage allumé,En agglomération,Hors intersection,Pluie forte,Autre collision,3,2,4,0,1,1,2,0,1,50,1,1,0,0,0,1,53.0,,voiture,,5,2,1,3,6
201900018398,2019-11-17 14:25:00,2019,11,17,14,25,64,64102,PIECE NOYEE (ROND POINT DE LA),43.49888,-1.48165,Plein jour,En agglomération,Autre intersection,Pluie légère,Sans collision,4,1,2,0,1,1,2,0,1,50,1,1,0,0,0,1,15.0,,deux_roues,,1,2,9,2,7
201900018399,2019-11-17 07:25:00,2019,11,17,7,25,59,59350,RAMADIER PAUL RUE,50.64832,3.06197,Nuit avec éclairage allumé,En agglomération,Hors intersection,Normale,Deux véhicules - frontale,4,2,2,0,1,3,1,0,1,50,2,3,2,0,0,1,60.0,26.0,voiture,voiture,5,2,1,1,1
201900018400,2019-11-14 16:35:00,2019,11,14,16,35,54,54542,RD613,49.218363,5.928258,Plein jour,Hors agglomération,Hors intersection,Temps couvert,Deux véhicules - côté,3,2,2,0,1,2,1,0,1,80,2,2,1,1,0,0,42.0,36.0,voiture,utilitaire_camion,1,1,1,8,3
201900018401,2019-11-16 18:15:00,2019,11,16,18,15,45,45284,RUE DES LONGUES ALLEES,47.9048017,1.9702195,Nuit sans éclairage public,En agglomération,Hors intersection,Normale,Autre collision,4,2,2,0,1,1,2,0,1,50,1,1,0,0,0,1,33.0,,utilitaire_camion,,3,2,1,1,6
201900018402,2019-11-16 21:50:00,2019,11,16,21,50,45,45004,98 AV D'ANTIBES,47.9863423,2.7325975,Nuit sans éclairage public,En agglomération,Hors intersection,Temps couvert,Deux véhicules - côté,3,2,2,0,1,1,1,0,1,50,2,3,0,0,0,3,20.0,52.0,voiture,voiture,3,2,1,8,3
201900018403,2019-11-16 11:35:00,2019,11,16,11,35,45,45068,AV DU G DE GAULLE,48.00734,2.74023,Plein jour,En agglomération,Hors intersection,Normale,Deux véhicules - arrière,4,2,1,0,1,1,2,0,1,50,2,2,1,0,0,1,39.0,60.0,deux_roues,voiture,1,2,1,1,2
201900018404,2019-11-17 18:30:00,2019,11,17,18,30,37,37261,BUFFON (RUE),47.3937351,0.6904098,Nuit avec éclairage allumé,En agglomération,Intersection en X,Normale,Autre collision,7,1,1,2,2,1,1,0,1,50,2,2,1,0,0,1,65.0,45.0,voiture,deux_roues,5,2,2,1,6
201900018405,2019-03-13 14:20:00,2019,3,13,14,20,50,50129,NORMANDIE (AVENUE DE),49.62679,-1.63449,Plein jour,En agglomération,Intersection en T,Vent fort / tempête,Deux véhicules - arrière,4,2,2,0,1,1,1,0,1,30,2,3,2,0,0,1,,46.0,voiture,voiture,1,2,3,6,2
201900018406,2019-03-14 10:10:00,2019,3,14,10,10,49,49007,ATLANTIQUE  AVENUE DE L',47.46975,-0.59979,Plein jour,Hors agglomération,Hors intersection,Normale,Autre collision,4,1,-1,0,2,3,1,0,1,70,2,2,1,0,0,1,71.0,52.0,voiture,utilitaire_camion,1,1,1,1,6
201900018407,2019-03-13 10:30:00,2019,3,13,10,30,49,49007,ROI RENE BOULEVARD,47.46706,-0.55473,Plein jour,En agglomération,Hors intersection,Normale,Trois véhicules et plus - en chaîne,4,2,4,0,1,1,1,0,1,50,3,4,2,0,0,2,41.0,65.0,voiture,voiture,1,2,1,1,4
201900018408,2019-03-13 12:10:00,2019,3,13,12,10,47,47001,33 avenue du general de gaulle,44.203884,0.6117349,Plein jour,En agglomération,Hors intersection,Pluie légère,Autre collision,3,2,4,0,1,1,2,5,1,50,1,4,0,0,1,3,41.0,,utilitaire_camion,,1,2,1,2,6
201900018409,2019-03-11 14:40:00,2019,3,11,14,40,47,47032,NOGUES (avenue du),44.1913604,0.6509695,Plein jour,En agglomération,Intersection en T,Normale,Deux véhicules - côté,3,2,2,0,1,1,1,0,1,50,2,3,2,0,1,0,29.0,34.0,deux_roues,voiture,1,2,3,1,3
201900018410,2019-03-16 14:20:00,2019,3,16,14,20,45,45234,ROND POINT BOTANIC,47.92458,1.93975,Plein jour,En agglomération,Hors intersection,Normale,Deux véhicules - arrière,3,1,1,0,2,1,1,3,1,50,2,6,5,0,0,1,42.0,48.0,voiture,voiture,1,2,1,1,2
201900018411,2019-03-15 13:34:00,2019,3,15,13,34,45,45004,1336 AVENUE D'ANTIBES,47.975081,2.733432,Plein jour,En agglomération,Hors intersection,Temps couvert,Trois véhicules et plus - en chaîne,3,2,2,0,1,1,1,9,1,50,3,3,1,0,0,2,24.0,32.0,voiture,voiture,1,2,1,8,4
201900018412,2019-03-16 21:55:00,2019,3,16,21,55,44,44109,PLACE DELORME,47.215068,-1.563634,Plein jour,En agglomération,Intersection à plus de 4 branches,Normale,Deux véhicules - côté,7,2,0,0,2,1,1,0,1,50,2,2,1,0,0,1,26.0,22.0,deux_roues,voiture,1,2,5,1,3
201900018413,2019-03-15 13:30:00,2019,3,15,13,30,44,44162,RUE DU DANUBE,47.2432,-1.61329,Plein jour,En agglomération,Hors intersection,Normale,Autre collision,4,2,0,0,2,4,1,0,1,50,1,2,1,0,0,1,23.0,,voiture,,1,2,1,1,6
201900018414,2019-03-12 20:05:00,2019,3,12,20,5,44,44109,BOULEVARD DE LA LIBERTE,47.20667,-1.58758,Crépuscule ou aube,En agglomération,Hors intersection,Normale,Trois véhicules et plus - en chaîne,7,-1,0,0,1,1,3,0,1,560,3,3,0,0,2,1,42.0,43.0,voiture,voiture,2,2,1,1,4
201900018415,2019-03-11 20:34:00,2019,3,11,20,34,44,44109,BDS ROBERT SCHUMAN / AMERICAINS,47.2359593,-1.5681507,Nuit avec éclairage allumé,En agglomération,Giratoire,Normale,Deux véhicules - côté,7,-1,0,0,1,1,1,0,1,50,2,2,1,0,0,1,55.0,23.0,voiture,voiture,5,2,6,1,3
201900018416,2019-03-10 03:00:00,2019,3,10,3,0,44,44109,BOULEVARD DE STALINGRAD,47.21953,-1.53451,Nuit sans éclairage public,En agglomération,Hors intersection,Normale,Deux véhicules - arrière,7,-1,0,0,1,1,1,0,1,30,2,2,1,0,0,1,24.0,30.0,voiture,voiture,3,2,1,1,2
201900018417,2019-02-24 10:40:00,2019,2,24,10,40,44,44055,ROUTES BAS BRIVIN / KERQUESSAUD,47.30027,-2.38605,Plein jour,En agglomération,Intersection en X,Normale,Deux véhicules - côté,4,2,2,0,1,1,1,0,1,50,2,2,1,0,0,1,33.0,65.0,deux_roues,voiture,1,2,2,1,3
201900018418,2019-02-08 18:50:00,2019,2,8,18,50,42,42218,JANIN JULES (BD) A PARTIR DES Nø 57-48,45.44869,4.39044,Nuit avec éclairage allumé,En agglomération,Hors intersection,Normale,Autre collision,4,2,3,0,1,1,1,0,1,50,1,2,1,0,1,0,53.0,,voiture,,5,2,1,1,6
201900018419,2019-02-18 16:55:00,2019,2,18,16,55,42,42218,CLERMONT EMILE,45.419973,4.408599,Plein jour,En agglomération,Hors intersection,Normale,Autre collision,4,1,1,0,2,1,1,0,1,50,1,2,1,0,1,0,63.0,,voiture,,1,2,1,1,6
201900018420,2019-03-15 09:40:00,2019,3,15,9,40,38,38151,A.480,45.14961,5.697,Plein jour,En agglomération,Hors intersection,Pluie légère,Trois véhicules et plus - collisions multiples,1,1,2,0,2,3,2,0,1,70,3,7,3,0,0,4,20.0,65.0,voiture,voiture,1,2,1,2,5
201900018421,2019-03-15 16:40:00,2019,3,15,16,40,37,37208,LAC (AVENUE DU),47.36587,0.71772,Plein jour,En agglomération,Hors intersection,Normale,Autre collision,4,2,4,2,1,1,1,0,1,50,1,1,0,0,0,1,18.0,,deux_roues,,1,2,1,1,6
201900018422,2019-03-14 16:55:00,2019,3,14,16,55,37,37122,NICOLLE (RUE CHARLES),47.343,0.6648,Plein jour,En agglomération,Hors intersection,Vent fort / tempête,Autre collision,4,2,2,0,1,1,1,0,2,30,1,2,1,0,0,1,35.0,,voiture,,1,2,1,6,6
201900018423,2019-03-16 20:10:00,2019,3,16,20,10,35,35238,PATTON (AVENUE DU GENERAL SIR GEORGES),48.126005,-1.665697,Nuit avec éclairage allumé,En agglomération,Intersection en T,Normale,Deux véhicules - côté,4,2,2,0,2,1,1,9,1,50,2,2,1,0,0,1,73.0,27.0,voiture,deux_roues,5,2,3,1,3
201900018424,2019-03-15 14:55:00,2019,3,15,14,55,35,35238,VERDUN (BD DE),48.1168,-1.69071,Plein jour,En agglomération,Hors intersection,Normale,Autre collision,4,2,2,0,1,1,1,0,1,50,1,2,1,0,0,1,79.0,,voiture,,1,2,1,1,6
201900018425,2019-03-14 12:40:00,2019,3,14,12,40,35,35278,ETANG DU DIABLE (RUE DE L'),48.13785,-1.68591,Plein jour,En agglomération,Giratoire,Normale,Autre collision,4,3,4,0,1,1,1,0,1,50,1,2,1,0,1,0,86.0,,voiture,,1,2,6,1,6
201900018426,2019-03-14 16:00:00,2019,3,14,16,0,35,35051,METAIRIES (BOULEVARD DES),48.11976,-1.59913,Plein jour,En agglomération,Hors intersection,Temps couvert,Deux véhicules - arrière,4,2,2,0,3,1,1,0,1,50,2,2,1,0,0,1,35.0,50.0,voiture,utilitaire_camion,1,2,1,8,2
201900018427,2019-03-13 12:35:00,2019,3,13,12,35,35,35115,GROSLAY (BD DE DU N°25 AU 43),48.34659,-1.18231,Plein jour,En agglomération,Intersection en Y,Normale,Autre collision,4,2,2,-1,1,1,1,5,1,50,1,2,1,0,1,0,33.0,,voiture,,1,2,4,1,6
201900018428,2019-03-16 18:20:00,2019,3,16,18,20,34,34172,EL ALAMEIN (AVENUE D'),43.57931,3.86997,Crépuscule ou aube,En agglomération,Hors intersection,Normale,Deux véhicules - côté,4,1,3,0,1,1,1,0,1,50,2,3,2,0,0,1,57.0,24.0,deux_roues,voiture,2,2,1,1,3
201900018429,2019-03-16 21:45:00,2019,3,16,21,45,32,32013,ETIGNY (RUE D'),43.6456,0.58244,Nuit avec éclairage allumé,En agglomération,Hors intersection,Normale,Sans collision,4,2,2,0,2,1,1,9,1,50,1,1,0,0,1,0,62.0,,deux_roues,,5,2,1,1,7
201900018430,2019-03-14 22:00:00,2019,3,14,22,0,31,31555,AV LARRIEU THIBAUD,43.55439,1.40508,Nuit avec éclairage allumé,En agglomération,Giratoire,Normale,Deux véhicules - côté,4,2,2,0,1,2,1,0,1,50,2,2,1,0,0,1,28.0,21.0,voiture,voiture,5,2,6,1,3
201900018431,2019-03-12 23:20:00,2019,3,12,23,20,31,31555,VA007331 A620,43.60715,1.40753,Nuit sans éclairage public,Hors agglomération,Hors intersection,Normale,Trois véhicules et plus - en chaîne,1,3,4,0,1,1,1,0,1,90,3,4,1,0,0,3,26.0,35.0,utilitaire_camion,voiture,3,1,1,1,4
201900018432,2019-02-12 17:25:00,2019,2,12,17,25,31,31483,ENCORE (BOULEVAR D'),43.11486,0.7318,Plein jour,En agglomération,Hors intersection,Temps éblouissant,Autre collision,4,2,2,0,1,1,1,0,1,50,1,2,1,0,0,1,84.0,,voiture,,1,2,1,7,6
201900018433,2019-03-15 16:10:00,2019,3,15,16,10,30,30189,ROND POINT DES NATIONS UNIES,43.82,4.358,Plein jour,En agglomération,Giratoire,Normale,Deux véhicules - côté,4,2,4,3,1,1,1,5,1,70,2,2,1,0,0,1,35.0,63.0,voiture,autre,1,2,6,1,3
201900018434,2019-03-15 09:30:00,2019,3,15,9,30,30,30189,FRANCAIS LIBRES (BD),43.831919,4.322601,Plein jour,En agglomération,Hors intersection,Normale,Deux véhicules - arrière,2,2,4,0,2,1,1,5,1,70,2,3,1,0,0,2,57.0,32.0,voiture,voiture,1,2,1,1,2
201900018435,2019-03-16 21:15:00,2019,3,16,21,15,29,29232,LOC' H ROUTE DU,48.0115,-4.09089,Nuit sans éclairage public,En agglomération,Hors intersection,Pluie forte,Deux véhicules - frontale,4,2,2,0,2,1,2,9,1,50,2,2,1,0,0,1,22.0,26.0,voiture,deux_roues,3,2,1,3,1
201900018436,2019-03-09 19:10:00,2019,3,9,19,10,29,29232,LEBON PHILIPPE  ROND POINT,47.9948879,-4.0733153,Nuit avec éclairage allumé,En agglomération,Autre intersection,Normale,Deux véhicules - côté,3,1,1,0,1,2,1,0,1,50,2,2,1,0,0,1,35.0,19.0,voiture,voiture,5,2,9,1,3
201900018437,2019-03-16 14:55:00,2019,3,16,14,55,29,29019,FOCH MARECHAL,48.39196,-4.48719,Plein jour,En agglomération,Giratoire,Normale,Deux véhicules - côté,4,3,4,0,1,1,1,0,1,50,2,2,1,0,0,1,35.0,45.0,deux_roues,voiture,1,2,6,1,3
201900018438,2019-03-14 23:00:00,2019,3,14,23,0,29,29019,LE GORGEU (SANS N° ENTRE RUE KERGOAT ET,48.40202,-4.50229,Nuit sans éclairage public,En agglomération,Giratoire,Pluie forte,Deux véhicules - côté,4,1,2,0,1,1,2,0,1,50,2,2,1,0,0,1,59.0,20.0,voiture,voiture,3,2,6,3,3
201900018439,2019-03-14 16:00:00,2019,3,14,16,0,29,29019,PORTZMOGUER,48.39367,-4.49576,Plein jour,En agglomération,Hors intersection,Normale,Deux véhicules - arrière,4,2,2,0,1,1,1,0,1,30,2,3,1,0,1,1,81.0,20.0,voiture,voiture,1,2,1,1,2
201900018440,2019-03-14 19:53:00,2019,3,14,19,53,29,29019,CHATEAU (DE 37 A 55 ET 34 A 50),48.38628,-4.48731,Nuit avec éclairage allumé,En agglomération,Giratoire,Pluie légère,Deux véhicules - côté,4,2,2,0,1,1,1,0,1,50,2,2,1,0,0,1,36.0,22.0,voiture,deux_roues,5,2,6,2,3
201900018441,2019-03-10 18:30:00,2019,3,10,18,30,28,28085,QUINTINE Jean-Baptiste (rue),48.4615079,1.4926834,Crépuscule ou aube,En agglomération,Intersection en T,Normale,Deux véhicules - côté,4,1,1,0,1,1,1,0,1,30,2,2,1,0,1,0,10.0,33.0,deux_roues,voiture,2,2,3,1,3
201900018442,2019-03-14 08:45:00,2019,3,14,8,45,28,28085,CHAUVEAU LAGARDE (RUE),48.44351,1.4763,Plein jour,En agglomération,Intersection en X,Normale,Deux véhicules - côté,3,-1,0,0,2,1,1,0,1,50,2,2,1,0,1,0,46.0,54.0,voiture,voiture,1,2,2,1,3
201900018443,2019-03-11 18:30:00,2019,3,11,18,30,22,22278,ROCHE-GAUTIER (DE LA),48.4926192,-2.7535481,Plein jour,En agglomération,Hors intersection,Normale,Deux véhicules - arrière,3,2,2,0,1,1,1,0,1,50,2,3,2,0,0,1,45.0,37.0,voiture,voiture,1,2,1,1,2
201900018444,2019-03-13 15:50:00,2019,3,13,15,50,21,21231,CHANOINE KIR (BOULEVARD),47.320729,5.00934,Plein jour,En agglomération,Intersection en T,Temps couvert,Autre collision,4,2,3,0,1,1,2,0,1,50,1,1,0,0,1,0,23.0,,deux_roues,,1,2,3,8,6
201900018445,2019-03-15 06:45:00,2019,3,15,6,45,21,21054,CHALLANGES (ROUTE DE),47.01894,4.849,Crépuscule ou aube,En agglomération,Intersection en T,Pluie légère,Trois véhicules et plus - collisions multiples,4,2,2,0,1,1,2,0,1,50,3,2,1,0,0,1,67.0,51.0,voiture,deux_roues,2,2,3,2,5
201900018446,2019-03-16 04:45:00,2019,3,16,4,45,18,18033,SAINT-MICHEL (ROUTE DE),47.10203,2.4176,Nuit avec éclairage allumé,En agglomération,Hors intersection,Pluie légère,Deux véhicules - côté,4,2,2,0,1,1,2,0,1,50,2,3,0,0,0,3,17.0,57.0,voiture,voiture,5,2,1,2,3
201900018447,2019-03-16 16:55:00,2019,3,16,16,55,17,17300,DAUPHINE   AVENUE DE LA PORTE,46.16685,-1.15065,Plein jour,En agglomération,Intersection en T,Normale,Sans collision,4,2,3,1,1,1,1,5,1,30,1,1,0,0,1,0,52.0,,deux_roues,,1,2,3,1,7
201900018448,2019-03-15 20:40:00,2019,3,15,20,40,17,17291,RN237 PK 0+766,46.17736,-1.12652,Nuit sans éclairage public,Hors agglomération,Hors intersection,Pluie légère,Sans collision,2,1,1,0,1,3,2,3,1,70,1,1,0,0,0,1,24.0,,voiture,,3,1,1,2,7
201900018449,2019-03-14 22:15:00,2019,3,14,22,15,17,17300,LECLERC   AVENUE DU GENERAL,46.16312,-1.16514,Nuit avec éclairage allumé,En agglomération,Intersection en X,Pluie légère,Deux véhicules - côté,4,2,2,0,1,1,2,8,1,50,2,2,1,0,0,1,64.0,24.0,voiture,deux_roues,5,2,2,2,3
201900018450,2019-03-14 20:10:00,2019,3,14,20,10,17,17300,DAME HILAIRE   COURS,46.168127,-1.174549,Nuit avec éclairage allumé,En agglomération,Autre intersection,Vent fort / tempête,Autre collision,4,1,1,0,1,1,1,9,1,30,1,3,2,0,0,1,85.0,,voiture,,5,2,9,6,6
201900018451,2019-03-14 11:00:00,2019,3,14,11,0,17,17300,ONZE NOVEMBRE 1918   AVENUE DU,46.17338,-1.15035,Plein jour,En agglomération,Intersection en X,Normale,Deux véhicules - côté,4,2,-1,-1,1,1,2,5,1,-1,2,2,0,0,0,2,19.0,18.0,voiture,deux_roues,1,2,2,1,3
201900018452,2019-03-15 20:35:00,2019,3,15,20,35,14,14271,RN814,49.15424,-0.4207,Nuit avec éclairage non allumé,Hors agglomération,Hors intersection,Normale,Deux véhicules - arrière,4,2,-1,-1,1,1,1,0,1,-1,2,2,1,0,0,1,42.0,40.0,utilitaire_camion,utilitaire_camion,4,1,1,1,2
201900018453,2019-03-15 18:20:00,2019,3,15,18,20,13,13019,AVENUE DES ROMARINS,43.46179,5.35643,Plein jour,En agglomération,Hors intersection,Normale,Autre collision,4,2,2,0,1,1,1,0,1,50,1,3,2,0,0,1,29.0,,voiture,,1,2,1,1,6
201900018454,2019-03-16 20:10:00,2019,3,16,20,10,13,13215,HENRI BARNIER (BOULEVARD),43.366984,5.343646,Nuit avec éclairage allumé,En agglomération,Giratoire,Normale,Deux véhicules - côté,7,1,1,0,1,3,1,0,1,50,2,2,1,0,1,0,19.0,33.0,voiture,transport_commun,5,2,6,1,3
201900018455,2019-03-16 19:00:00,2019,3,16,19,0,13,13204,MARÉCHAL FOCH (AVENUE),43.30112,5.39868,Nuit avec éclairage allumé,En agglomération,Hors intersection,Normale,Autre collision,4,1,1,0,1,1,1,0,1,30,1,2,1,0,0,1,78.0,,deux_roues,,5,2,1,1,6
201900018456,2019-03-16 16:00:00,2019,3,16,16,0,13,13208,pointe rouge (ave),43.24764,5.37444,Plein jour,En agglomération,Hors intersection,Normale,Autre collision,4,2,3,0,1,1,1,0,1,50,1,2,1,0,0,1,47.0,,autre,,1,2,1,1,6
201900018457,2019-03-16 16:00:00,2019,3,16,16,0,13,13207,CORSE (AVENUE DE LA),43.28948,5.35748,Plein jour,En agglomération,Intersection en X,Normale,Deux véhicules - côté,4,2,2,0,1,1,1,0,1,50,2,2,1,0,0,1,38.0,37.0,deux_roues,utilitaire_camion,1,2,2,1,3
201900018458,2019-03-16 15:50:00,2019,3,16,15,50,13,13210,BONNEFOY (RUE),43.28644,5.37554,Plein jour,En agglomération,Hors intersection,Normale,Deux véhicules - côté,4,2,-1,0,1,1,1,0,1,30,2,2,1,0,0,1,63.0,66.0,deux_roues,voiture,1,2,1,1,3
201900018459,2019-03-16 14:00:00,2019,3,16,14,0,13,13216,ALBIN MEYLAN (RUE),43.3639,5.34131,Plein jour,En agglomération,Intersection en T,Normale,Deux véhicules - côté,4,2,2,0,2,1,1,3,1,50,2,3,1,0,0,2,28.0,26.0,voiture,voiture,1,2,3,1,3
201900018460,2019-03-16 11:50:00,2019,3,16,11,50,13,13210,BARNIERE (BOULEVARD),43.281464,5.407168,Plein jour,En agglomération,Hors intersection,Normale,Deux véhicules - arrière,4,1,0,0,1,1,1,0,1,50,2,2,1,0,0,1,38.0,38.0,voiture,voiture,1,2,1,1,2
201900018461,2019-03-16 10:45:00,2019,3,16,10,45,13,13216,RABELAIS (RUE),43.360307,5.330251,Plein jour,En agglomération,Hors intersection,Normale,Deux véhicules - arrière,4,2,2,0,1,1,1,0,1,50,2,2,1,0,0,1,27.0,32.0,voiture,voiture,1,2,1,1,2
201900018462,2019-03-15 19:45:00,2019,3,15,19,45,13,13206,PIERRE PUGET (COURS),43.28991,5.37267,Nuit avec éclairage allumé,En agglomération,Intersection en X,Normale,Trois véhicules et plus - collisions multiples,4,1,2,0,2,1,1,0,1,50,3,3,0,0,0,3,21.0,40.0,deux_roues,deux_roues,5,2,2,1,5
201900018463,2019-03-15 21:30:00,2019,3,15,21,30,13,13204,FRANÇOISE DUPARC (BOULEVARD),43.30605,5.40082,Nuit avec éclairage allumé,En agglomération,Hors intersection,Normale,Deux véhicules - côté,4,3,6,0,1,1,1,0,1,50,2,2,1,0,0,1,31.0,41.0,deux_roues,utilitaire_camion,5,2,1,1,3