accident_id,datetime,annee,mois,jour,heure,minute,departement,commune_insee,adresse,latitude,longitude,luminosite,agglomeration,intersection,meteo,collision,catr,circ,nbv,vosp,prof,plan,surf,infra,situ,vma,nb_vehicules,nb_usagers,nb_indemnes,nb_tues,nb_blesses_hosp,nb_blesses_legers,age_cond_1,age_cond_2,veh_type_cond_1,veh_type_cond_2,lum_code,agg_code,int_code,atm_code,col_code
201900018464,2019-03-15 21:05:00,2019,3,15,21,5,13,13208,MAZARGUES (AVENUE DE),43.25897,5.39414,Nuit avec éclairage allumé,En agglomération,Hors intersection,Normale,Deux véhicules - côté,4,2,2,0,1,1,1,0,1,50,2,3,1,0,0,2,16.0,31.0,deux_roues,voiture,5,2,1,1,3
201900018465,2019-03-15 19:00:00,2019,3,15,19,0,13,13215,HENRI BEYLE (RUE),43.35227,5.36084,Nuit avec éclairage allumé,En agglomération,Hors intersection,Normale,Deux véhicules - frontale,4,2,2,0,2,2,1,0,1,50,2,5,1,0,0,4,33.0,,voiture,,5,2,1,1,1
201900018466,2019-03-14 17:50:00,2019,3,14,17,50,13,13211,JEAN LOMBARD (AVENUE),43.289163,5.431997,Crépuscule ou aube,En agglomération,Hors intersection,Normale,Autre collision,4,2,4,1,1,1,1,0,1,50,2,2,1,0,0,1,69.0,23.0,voiture,deux_roues,2,2,1,1,6
201900018467,2019-03-15 14:45:00,2019,3,15,14,45,13,13207,RIVE NEUVE (QUAI),43.29349,5.37167,Plein jour,En agglomération,Hors intersection,Normale,Autre collision,4,2,3,0,1,1,1,0,1,50,1,1,0,0,0,1,87.0,,voiture,,1,2,1,1,6
201900018468,2019-03-15 11:58:00,2019,3,15,11,58,13,13206,ROME (RUE DE),43.28868,5.38217,Plein jour,En agglomération,Autre intersection,Normale,Deux véhicules - côté,7,1,0,3,1,1,1,0,1,30,2,2,1,0,0,1,46.0,24.0,deux_roues,voiture,1,2,9,1,3
201900018469,2019-03-15 10:30:00,2019,3,15,10,30,13,13208,PARADIS (RUE),43.2791,5.38308,Plein jour,En agglomération,Place,Normale,Autre collision,4,2,2,0,2,1,1,0,1,50,1,2,1,1,0,0,58.0,,transport_commun,,1,2,7,1,6
201900018470,2019-03-15 05:50:00,2019,3,15,5,50,13,13209,MICHELET (BOULEVARD),43.25,5.39,Nuit avec éclairage allumé,En agglomération,Hors intersection,Normale,Deux véhicules - arrière,4,2,6,0,2,1,1,0,1,50,2,2,1,0,1,0,44.0,18.0,voiture,deux_roues,5,2,1,1,2
201900018471,2019-03-15 01:43:00,2019,3,15,1,43,13,13201,TROIS MAGES (RUE DES),43.29485,5.38429,Nuit avec éclairage allumé,En agglomération,Hors intersection,Normale,Autre collision,4,1,1,0,3,1,1,0,1,50,1,1,0,0,0,1,,,,,5,2,1,1,6
201900018472,2019-03-14 21:00:00,2019,3,14,21,0,13,13206,LIEUTAUD (COURS),43.28745,5.38495,Nuit avec éclairage allumé,En agglomération,Intersection en X,Normale,Deux véhicules - côté,4,2,2,0,1,1,1,0,1,50,2,2,1,0,0,1,38.0,59.0,voiture,deux_roues,5,2,2,1,3
201900018473,2019-03-14 19:45:00,2019,3,14,19,45,13,13213,CROIX ROUGE (AVENUE),43.3301,5.4292,Nuit avec éclairage allumé,En agglomération,Autre intersection,Normale,Sans collision,4,1,2,0,1,2,1,9,1,50,1,1,0,0,1,0,52.0,,deux_roues,,5,2,9,1,7
201900018474,2019-03-14 16:00:00,2019,3,14,16,0,13,13207,Corniche John Fitzgérald Kennedy,43.27555,5.35988,Plein jour,En agglomération,Hors intersection,Normale,Trois véhicules et plus - collisions multiples,4,3,0,0,1,3,1,0,1,50,4,4,2,0,1,1,69.0,36.0,voiture,utilitaire_camion,1,2,1,1,5
201900018475,2019-03-14 15:00:00,2019,3,14,15,0,13,13208,PRADO (AVENUE DU),43.27274,5.39136,Plein jour,En agglomération,Hors intersection,Normale,Deux véhicules - côté,4,-1,1,0,1,1,1,5,1,50,2,2,1,0,0,1,77.0,32.0,voiture,deux_roues,1,2,1,1,3
201900018476,2019-03-14 12:45:00,2019,3,14,12,45,13,13002,GENERAL LECLERC (AVENUE DU),43.34192,5.48598,Plein jour,En agglomération,Hors intersection,Normale,Deux véhicules - frontale,4,2,2,0,2,1,1,0,1,50,2,3,1,0,0,2,68.0,,voiture,voiture,1,2,1,1,1
201900018477,2019-03-14 07:30:00,2019,3,14,7,30,13,13208, MIREILLE JOURDAN-BARRY (BD),43.2459,5.37412,Plein jour,En agglomération,Hors intersection,Normale,Autre collision,4,1,3,0,1,1,1,0,1,50,1,1,0,0,0,1,,,,,1,2,1,1,6
201900018478,2019-03-14 08:15:00,2019,3,14,8,15,13,13202,ANTHOINE (RUE D'),43.31648,5.36843,Plein jour,En agglomération,Hors intersection,Normale,Deux véhicules - côté,4,2,3,0,1,1,1,0,1,50,2,2,1,0,0,1,,25.0,voiture,deux_roues,1,2,1,1,3
201900018479,2019-03-14 02:12:00,2019,3,14,2,12,13,13211,ADRIEN LEGROS (ROND POINT),43.291,5.472,Nuit avec éclairage allumé,En agglomération,Hors intersection,Normale,Deux véhicules - côté,4,1,1,0,1,2,1,0,1,50,2,2,1,0,0,1,21.0,23.0,voiture,voiture,5,2,1,1,3
201900018480,2019-03-15 18:35:00,2019,3,15,18,35,13,13070,ANTONETTI (AVENUE),43.28697,5.51384,Crépuscule ou aube,En agglomération,Hors intersection,Temps éblouissant,Autre collision,4,2,2,0,1,1,1,0,1,50,1,2,1,0,1,0,64.0,,voiture,,2,2,1,7,6
201900018481,2019-03-14 07:20:00,2019,3,14,7,20,13,13001,MOURET HENRI (AV),43.521209,5.435899,Plein jour,En agglomération,Autre intersection,Normale,Deux véhicules - côté,4,3,5,0,2,1,1,9,1,50,2,2,1,0,0,1,58.0,38.0,transport_commun,deux_roues,1,2,9,1,3
201900018482,2019-03-16 19:30:00,2019,3,16,19,30,10,10387,GEORGES POMPIDOU (RUE),48.2926442,4.0899603,Nuit avec éclairage allumé,En agglomération,Hors intersection,Normale,Autre collision,4,2,2,0,1,1,1,0,3,50,1,2,1,0,0,1,30.0,,voiture,,5,2,1,1,6
201900018483,2019-03-15 05:25:00,2019,3,15,5,25,10,10387,PREIZE (RUE DE),48.3018,4.0735,Nuit avec éclairage allumé,En agglomération,Intersection en X,Pluie légère,Autre collision,4,1,1,0,1,1,2,0,1,50,1,3,2,0,0,1,20.0,,voiture,,5,2,2,2,6
201900018484,2019-03-14 20:55:00,2019,3,14,20,55,6,06088,FRANKLIN (PL.),43.6996,7.2563,Nuit avec éclairage non allumé,En agglomération,Place,Normale,Deux véhicules - frontale,4,2,4,0,1,1,1,0,1,50,2,2,1,0,0,1,37.0,38.0,deux_roues,voiture,4,2,7,1,1
201900018485,2019-03-14 19:30:00,2019,3,14,19,30,6,06088,DIABLES BLEUS (AV. DES),43.70827,7.29035,Nuit avec éclairage allumé,En agglomération,Autre intersection,Normale,Autre collision,4,-1,2,0,1,1,1,0,1,50,1,2,1,0,1,0,58.0,,utilitaire_camion,,5,2,9,1,6
201900018486,2019-03-14 16:25:00,2019,3,14,16,25,6,06069,ORME (CHEMIN DE L'),43.65183,6.94446,Plein jour,En agglomération,Autre intersection,Normale,Deux véhicules - côté,4,1,1,0,1,2,1,0,1,50,2,2,1,0,0,1,44.0,69.0,deux_roues,voiture,1,2,9,1,3
201900018487,2019-03-15 19:00:00,2019,3,15,19,0,6,06123,VESPINS ROUTE DES,43.660647,7.178256,Crépuscule ou aube,En agglomération,Hors intersection,Normale,Deux véhicules - côté,7,2,2,0,1,2,1,0,1,50,2,2,1,0,0,1,41.0,21.0,deux_roues,voiture,2,2,1,1,3
201900018488,2019-03-15 09:50:00,2019,3,15,9,50,6,06123,MOSCHETTI RUE,43.6688,7.1893,Plein jour,En agglomération,Hors intersection,Normale,Deux véhicules - côté,4,2,2,0,1,1,1,0,1,50,2,2,1,0,0,1,47.0,32.0,deux_roues,utilitaire_camion,1,2,1,1,3
201900018489,2019-03-14 19:02:00,2019,3,14,19,2,5,05061,STADE ( RUE  DU ),44.54753,6.06825,Nuit avec éclairage allumé,En agglomération,Hors intersection,Pluie forte,Autre collision,4,2,2,0,2,1,2,0,1,50,1,1,0,0,0,1,43.0,,voiture,,5,2,1,3,6
201900018490,2019-03-15 11:30:00,2019,3,15,11,30,3,03185,avenue des Guineberts,46.3369385,2.58735,Plein jour,En agglomération,Giratoire,Normale,Autre collision,3,2,2,0,4,1,1,0,1,50,2,2,1,0,0,1,18.0,42.0,deux_roues,voiture,1,2,6,1,6
201900018491,2019-03-15 18:20:00,2019,3,15,18,20,75,75116,BOULEVARD PERIPHERIQUE,48.867343,2.269366,Plein jour,En agglomération,Hors intersection,Normale,Deux véhicules - côté,4,1,4,0,1,1,1,0,1,70,2,2,1,0,0,1,52.0,40.0,deux_roues,voiture,1,2,1,1,3
201900018492,2019-03-15 10:45:00,2019,3,15,10,45,75,75114,BOULEVARD PERIPHERIQUE,48.816591,2.342512,Plein jour,En agglomération,Intersection en Y,Normale,Deux véhicules - côté,4,1,3,0,1,1,1,0,1,70,2,2,1,0,0,1,62.0,53.0,voiture,deux_roues,1,2,4,1,3
201900018493,2019-03-15 07:45:00,2019,3,15,7,45,75,75114,BOULEVARD PERIPHERIQUE,48.822561,2.314169,Plein jour,En agglomération,Hors intersection,Normale,Deux véhicules - côté,4,1,3,0,1,1,1,2,1,70,2,2,1,0,0,1,35.0,39.0,voiture,deux_roues,1,2,1,1,3
201900018494,2019-03-15 06:20:00,2019,3,15,6,20,75,75117,BOULEVARD PERIPHERIQUE,48.897589,2.313088,Nuit avec éclairage allumé,En agglomération,Intersection en Y,Temps couvert,Autre collision,4,1,4,0,1,1,2,0,1,70,2,2,1,0,0,1,57.0,,utilitaire_camion,,5,2,4,8,6
201900018495,2019-03-14 19:00:00,2019,3,14,19,0,75,75118,BOULEVARD PERIPHERIQUE,48.900802,2.369807,Nuit avec éclairage allumé,En agglomération,Hors intersection,Pluie légère,Deux véhicules - côté,4,1,4,0,1,1,2,1,1,70,2,2,1,0,0,1,31.0,40.0,voiture,deux_roues,5,2,1,2,3
201900018496,2019-03-14 14:20:00,2019,3,14,14,20,75,75117,PORTE DE SAINT OUEN,48.899685,2.31964,Plein jour,En agglomération,Hors intersection,Pluie légère,Deux véhicules - arrière,4,1,4,0,1,1,2,0,1,70,2,2,1,0,0,1,64.0,48.0,deux_roues,voiture,1,2,1,2,2
201900018497,2019-03-14 12:30:00,2019,3,14,12,30,75,75117,PORTE MAILLOT,48.882612,2.283497,Plein jour,En agglomération,Hors intersection,Pluie légère,Deux véhicules - arrière,4,1,4,0,1,1,2,0,1,70,2,2,1,0,0,1,60.0,53.0,utilitaire_camion,deux_roues,1,2,1,2,2
201900018498,2019-03-13 17:45:00,2019,3,13,17,45,75,75116,ECHANGEUR MUETTE,48.864239,2.266641,Crépuscule ou aube,En agglomération,Hors intersection,Normale,Trois véhicules et plus - en chaîne,4,1,3,0,1,1,1,1,1,70,4,4,3,0,0,1,48.0,34.0,voiture,voiture,2,2,1,1,4
201900018499,2019-03-13 09:20:00,2019,3,13,9,20,75,75116,ECHANGEUR MUETTE,48.860164,2.263554,Plein jour,En agglomération,Hors intersection,Normale,Deux véhicules - arrière,4,3,4,0,1,1,1,0,1,70,2,2,1,0,0,1,21.0,52.0,deux_roues,voiture,1,2,1,1,2
201900018500,2019-03-15 17:35:00,2019,3,15,17,35,75,75115,BOULEVARD VICTOR,48.836014,2.278215,Plein jour,En agglomération,Intersection en X,Normale,Deux véhicules - côté,4,3,6,0,1,1,1,5,1,50,2,2,0,0,1,1,26.0,34.0,deux_roues,deux_roues,1,2,2,1,3
201900018501,2019-03-14 06:50:00,2019,3,14,6,50,75,75113,BOULEVARD DE L HOPITAL,48.838873,2.361004,Nuit avec éclairage allumé,En agglomération,Intersection en T,Pluie légère,Deux véhicules - côté,4,2,5,0,2,1,2,5,1,50,2,3,2,0,1,0,26.0,42.0,voiture,deux_roues,5,2,3,2,3
201900018502,2019-03-15 16:30:00,2019,3,15,16,30,75,75106,RUE VAVIN,48.843978,2.330607,Plein jour,En agglomération,Intersection en X,Normale,Autre collision,4,1,1,0,1,1,1,0,1,30,1,1,0,0,0,1,,,,,1,2,2,1,6
201900018503,2019-03-16 15:50:00,2019,3,16,15,50,75,75120,RUE DE MENILMONTANT,48.867928,2.386617,Plein jour,En agglomération,Intersection en T,Normale,Deux véhicules - côté,4,2,2,0,2,1,1,0,1,50,2,2,1,0,0,1,50.0,18.0,voiture,deux_roues,1,2,3,1,3
201900018504,2019-03-15 13:30:00,2019,3,15,13,30,75,75120,RUE DE LA CHINE,48.866526,2.399896,Plein jour,En agglomération,Intersection en X,Normale,Deux véhicules - côté,4,1,1,0,2,1,1,0,1,30,2,2,1,0,0,1,68.0,22.0,voiture,deux_roues,1,2,2,1,3
201900018505,2019-03-14 07:30:00,2019,3,14,7,30,75,75120,RUE DES PYRENEES,48.869947,2.394536,Plein jour,En agglomération,Intersection en X,Pluie légère,Autre collision,4,2,2,0,2,3,2,0,1,50,1,2,1,0,0,1,61.0,,voiture,,1,2,2,2,6
201900018506,2019-03-16 07:20:00,2019,3,16,7,20,75,75119,PASSAGE WATTIEAUX,48.894374,2.37458,Crépuscule ou aube,En agglomération,Hors intersection,Normale,Autre collision,4,1,1,0,1,1,1,0,4,50,1,1,0,0,0,1,,,,,2,2,1,1,6
201900018507,2019-03-15 14:00:00,2019,3,15,14,0,75,75119,RUE CURIAL,48.892061,2.372558,Plein jour,En agglomération,Intersection en T,Normale,Autre collision,4,1,2,0,1,1,1,0,1,30,1,2,1,0,0,1,60.0,,deux_roues,,1,2,3,1,6
201900018508,2019-03-14 18:00:00,2019,3,14,18,0,75,75119,BOULEVARD MACDONALD,48.89657,2.3931,Nuit avec éclairage allumé,En agglomération,Hors intersection,Pluie légère,Autre collision,4,1,2,0,1,2,2,1,1,50,1,2,1,0,1,0,23.0,,deux_roues,,5,2,1,2,6
201900018509,2019-03-14 09:30:00,2019,3,14,9,30,75,75119,PLACE SKANDERBEG,48.900952,2.370329,Plein jour,En agglomération,Giratoire,Pluie légère,Autre collision,4,1,6,0,1,2,2,0,1,50,1,1,0,0,0,1,77.0,,voiture,,1,2,6,2,6
201900018510,2019-03-16 15:15:00,2019,3,16,15,15,75,75118,AVENUE DE LA PORTE DE SAINT OUEN,48.900476,2.330177,Plein jour,En agglomération,Intersection en Y,Normale,Deux véhicules - côté,4,3,4,0,1,1,1,0,1,50,2,2,1,0,0,1,30.0,41.0,voiture,deux_roues,1,2,4,1,3
201900018511,2019-03-14 16:20:00,2019,3,14,16,20,75,75118,RUE DES POISSONNIERS,48.892652,2.352354,Plein jour,En agglomération,Intersection en T,Pluie légère,Deux véhicules - côté,4,-1,2,0,1,1,2,0,1,50,2,2,1,0,0,1,44.0,32.0,deux_roues,voiture,1,2,3,2,3
201900018512,2019-03-15 16:55:00,2019,3,15,16,55,75,75117,BOULEVARD DES BATIGNOLLES,48.882218,2.320345,Plein jour,En agglomération,Intersection en X,Normale,Deux véhicules - arrière,4,3,2,0,1,1,1,0,1,50,2,2,1,0,0,1,43.0,61.0,deux_roues,voiture,1,2,2,1,2
201900018513,2019-03-14 23:50:00,2019,3,14,23,50,75,75117,AVENUE DE SAINT OUEN,48.895766,2.328369,Nuit avec éclairage allumé,En agglomération,Intersection en X,Pluie légère,Deux véhicules - côté,4,2,3,0,1,1,2,5,1,30,2,3,2,0,0,1,17.0,23.0,deux_roues,voiture,5,2,2,2,3
201900018514,2019-03-14 19:30:00,2019,3,14,19,30,75,75117,AVENUE NIEL,48.879384,2.294572,Nuit avec éclairage allumé,En agglomération,Hors intersection,Pluie légère,Autre collision,4,-1,3,0,1,1,2,0,1,50,1,2,0,0,0,2,22.0,,deux_roues,,5,2,1,2,6
201900018515,2019-03-14 03:50:00,2019,3,14,3,50,75,75116,AVENUE DU MAHATMA GANDHI,48.875844,2.262209,Nuit avec éclairage allumé,En agglomération,Intersection en X,Pluie légère,Autre collision,4,2,2,0,1,1,2,0,1,50,1,1,0,0,0,1,52.0,,utilitaire_camion,,5,2,2,2,6
201900018516,2019-03-15 17:08:00,2019,3,15,17,8,75,75115,BOULEVARD PASTEUR,48.844547,2.311554,Plein jour,En agglomération,Place,Normale,Deux véhicules - côté,4,3,3,0,2,3,1,0,1,50,2,2,0,0,0,2,21.0,18.0,deux_roues,deux_roues,1,2,7,1,3
201900018517,2019-03-14 19:25:00,2019,3,14,19,25,75,75115,RUE DE SEVRES,48.84552,2.312351,Nuit avec éclairage allumé,En agglomération,Hors intersection,Pluie légère,Deux véhicules - côté,4,2,1,0,1,1,2,0,1,30,2,2,1,0,0,1,46.0,29.0,voiture,deux_roues,5,2,1,2,3
201900018518,2019-03-14 21:55:00,2019,3,14,21,55,75,75114,RUE FROIDEVAUX,48.836019,2.327635,Nuit avec éclairage allumé,En agglomération,Intersection en X,Temps couvert,Deux véhicules - côté,4,2,3,0,1,1,2,0,1,50,2,2,1,0,0,1,70.0,28.0,voiture,deux_roues,5,2,2,8,3
201900018519,2019-03-14 09:00:00,2019,3,14,9,0,75,75114,RUE VERCINGETORIX,48.834606,2.314032,Plein jour,En agglomération,Hors intersection,Pluie légère,Deux véhicules - côté,4,1,1,1,1,1,2,0,5,50,2,2,1,0,0,1,44.0,44.0,voiture,deux_roues,1,2,1,2,3
201900018520,2019-03-13 08:00:00,2019,3,13,8,0,75,75114,RUE EMILE DEUTSCH DE LA MEURTHE,48.821989,2.334727,Plein jour,En agglomération,Intersection en T,Normale,Autre collision,4,2,2,0,2,1,1,0,1,30,1,2,1,0,0,1,58.0,,deux_roues,,1,2,3,1,6
201900018521,2019-03-14 14:00:00,2019,3,14,14,0,75,75113,RUE DE BELLIEVRE,48.83833,2.372799,Crépuscule ou aube,En agglomération,Intersection en T,Pluie légère,Deux véhicules - côté,4,1,1,0,1,1,2,0,5,30,2,2,1,0,0,1,43.0,34.0,deux_roues,voiture,2,2,3,2,3
201900018522,2019-03-14 08:58:00,2019,3,14,8,58,75,75113,PLACE D ITALIE,48.831143,2.356133,Plein jour,En agglomération,Place,Pluie légère,Sans collision,4,1,5,0,1,2,2,0,1,50,1,1,0,0,0,1,33.0,,deux_roues,,1,2,7,2,7
201900018523,2019-03-15 17:50:00,2019,3,15,17,50,75,75112,RUE DE CHARENTON,48.8481,2.376431,Plein jour,En agglomération,Hors intersection,Temps couvert,Autre collision,4,2,2,0,1,1,1,0,1,30,1,2,1,0,0,1,28.0,,deux_roues,,1,2,1,8,6
201900018524,2019-03-14 03:20:00,2019,3,14,3,20,75,75112,ROUTE DE CEINTURE DU LAC DAUMESNIL,48.828823,2.419684,Nuit avec éclairage allumé,En agglomération,Intersection en T,Normale,Autre collision,4,2,2,0,1,1,1,8,1,50,1,1,0,0,0,1,39.0,,voiture,,5,2,3,1,6
201900018525,2019-03-16 09:00:00,2019,3,16,9,0,75,75111,BOULEVARD VOLTAIRE,48.849092,2.394734,Plein jour,En agglomération,Place,Normale,Sans collision,4,2,4,0,1,1,1,0,4,50,1,1,0,0,0,1,40.0,,deux_roues,,1,2,7,1,7
201900018526,2019-03-15 10:15:00,2019,3,15,10,15,75,75103,BOULEVARD DES FILLES DU CALVAIRE,48.862111,2.366977,Plein jour,En agglomération,Hors intersection,Normale,Deux véhicules - côté,4,2,4,0,1,1,1,8,1,50,2,2,1,0,0,1,48.0,35.0,deux_roues,utilitaire_camion,1,2,1,1,3
201900018527,2019-03-15 16:28:00,2019,3,15,16,28,75,75110,RUE DU FAUBOURG SAINT MARTIN,48.881606,2.365767,Plein jour,En agglomération,Intersection en X,Normale,Autre collision,4,2,4,3,1,1,1,0,6,50,1,2,1,0,0,1,64.0,,deux_roues,,1,2,2,1,6
201900018528,2019-03-14 20:30:00,2019,3,14,20,30,75,75110,AVENUE CLAUDE VELLEFAUX,48.875223,2.370322,Nuit avec éclairage allumé,En agglomération,Intersection en X,Pluie légère,Autre collision,4,2,2,0,2,1,2,0,1,50,1,2,1,0,0,1,26.0,,voiture,,5,2,2,2,6
201900018529,2019-03-15 20:35:00,2019,3,15,20,35,75,75109,RUE MEYERBEER,48.872214,2.332819,Nuit avec éclairage allumé,En agglomération,Intersection en X,Normale,Autre collision,4,2,2,0,1,1,1,0,1,50,1,1,0,0,0,1,,,,,5,2,2,1,6
201900018530,2019-03-14 14:00:00,2019,3,14,14,0,75,75108,PLACE DE LA CONCORDE,48.866663,2.322016,Plein jour,En agglomération,Place,Pluie légère,Deux véhicules - côté,4,4,4,0,1,1,2,0,1,50,2,2,1,0,0,1,43.0,49.0,voiture,deux_roues,1,2,7,2,3
201900018531,2019-03-14 13:40:00,2019,3,14,13,40,75,75108,AVENUE GEORGE V,48.870977,2.300909,Plein jour,En agglomération,Intersection en X,Pluie légère,Sans collision,4,2,2,0,1,1,2,0,1,50,1,1,0,0,0,1,23.0,,deux_roues,,1,2,2,2,7
201900018532,2019-03-14 11:00:00,2019,3,14,11,0,75,75108,PLACE DE LA CONCORDE,48.866663,2.322016,Plein jour,En agglomération,Place,Pluie légère,Deux véhicules - côté,4,4,0,0,1,1,2,9,1,50,2,2,1,0,0,1,53.0,57.0,voiture,utilitaire_camion,1,2,7,2,3
201900018533,2019-03-14 11:25:00,2019,3,14,11,25,75,75108,AVENUE DE FRIEDLAND,48.874403,2.301063,Plein jour,En agglomération,Intersection en Y,Pluie légère,Deux véhicules - côté,4,2,4,0,2,1,2,0,1,50,2,2,1,0,0,1,51.0,35.0,utilitaire_camion,deux_roues,1,2,4,2,3
201900018534,2019-03-14 09:20:00,2019,3,14,9,20,75,75108,BOULEVARD HAUSSMANN,48.875034,2.309193,Plein jour,En agglomération,Intersection en X,Pluie légère,Autre collision,4,3,4,0,1,1,2,0,1,50,1,2,1,0,0,1,29.0,,deux_roues,,1,2,2,2,6
201900018535,2019-03-16 14:00:00,2019,3,16,14,0,75,75107,RUE SAINT DOMINIQUE,48.859731,2.307838,Plein jour,En agglomération,Intersection en T,Normale,Deux véhicules - côté,4,1,1,0,1,1,1,0,1,50,2,2,1,0,0,1,24.0,20.0,deux_roues,utilitaire_camion,1,2,3,1,3
201900018536,2019-03-15 05:20:00,2019,3,15,5,20,75,75107,BOULEVARD SAINT GERMAIN,48.859995,2.321704,Nuit avec éclairage allumé,En agglomération,Intersection en X,Temps couvert,Autre collision,4,2,4,0,1,1,2,8,1,50,1,2,0,0,0,2,21.0,,deux_roues,,5,2,2,8,6
201900018537,2019-03-13 10:20:00,2019,3,13,10,20,75,75107,BOULEVARD RASPAIL,48.8534,2.326382,Plein jour,En agglomération,Intersection en X,Normale,Deux véhicules - arrière,4,2,4,0,1,1,1,0,1,50,2,2,1,0,0,1,23.0,48.0,deux_roues,voiture,1,2,2,1,2
201900018538,2019-03-16 18:05:00,2019,3,16,18,5,75,75102,RUE DE LA LUNE,48.869949,2.348613,Plein jour,En agglomération,Intersection en X,Normale,Autre collision,4,1,1,0,2,1,1,0,1,30,1,2,1,0,0,1,26.0,,voiture,,1,2,2,1,6
201900018539,2019-03-16 00:25:00,2019,3,16,0,25,75,75104,RUE DE RIVOLI,48.857888,2.350196,Nuit avec éclairage allumé,En agglomération,Intersection en X,Normale,Autre collision,4,1,3,0,1,1,1,0,1,50,1,2,1,0,0,1,49.0,,deux_roues,,5,2,2,1,6
201900018540,2019-03-15 12:45:00,2019,3,15,12,45,75,75104,RUE DE LA CITE,48.854191,2.347462,Plein jour,En agglomération,Hors intersection,Temps couvert,Autre collision,4,1,3,1,1,1,1,0,5,50,1,2,1,0,0,1,26.0,,deux_roues,,1,2,1,8,6
201900018541,2019-03-14 13:35:00,2019,3,14,13,35,75,75104,PONT DE SULLY,48.850564,2.360542,Plein jour,En agglomération,Hors intersection,Pluie légère,Autre collision,4,2,3,3,1,1,2,0,6,50,1,2,0,0,0,2,51.0,,deux_roues,,1,2,1,2,6
201900018542,2019-03-14 09:15:00,2019,3,14,9,15,75,75103,BOULEVARD DE SEBASTOPOL,48.863408,2.350947,Plein jour,En agglomération,Intersection en X,Pluie légère,Sans collision,4,1,4,0,1,1,2,0,1,50,1,1,0,0,0,1,41.0,,deux_roues,,1,2,2,2,7
201900018543,2019-03-14 16:10:00,2019,3,14,16,10,94,94081,REPUBLIQUE (AV DE LA),48.8009,2.399,Plein jour,En agglomération,Hors intersection,Pluie légère,Autre collision,4,2,2,0,1,1,2,0,1,50,1,2,1,0,0,1,33.0,,voiture,,1,2,1,2,6
201900018544,2019-03-16 02:00:00,2019,3,16,2,0,94,94067,DAUMESNIL (AV),48.83461,2.41865,Nuit avec éclairage allumé,En agglomération,Hors intersection,Normale,Deux véhicules - arrière,4,2,0,0,1,1,1,0,1,50,2,2,1,0,0,1,32.0,30.0,voiture,voiture,5,2,1,1,2
201900018545,2019-03-15 12:00:00,2019,3,15,12,0,94,94080,MINIMES (AV DES),48.8415,2.42834,Plein jour,En agglomération,Hors intersection,Normale,Trois véhicules et plus - en chaîne,3,2,2,0,1,1,1,0,1,50,3,3,2,0,0,1,42.0,39.0,voiture,voiture,1,2,1,1,4
201900018546,2019-03-16 10:20:00,2019,3,16,10,20,94,94078,ANATOLE FRANCE (AV),48.74637,2.45267,Plein jour,En agglomération,Hors intersection,Temps couvert,Deux véhicules - arrière,4,2,2,0,1,1,1,0,1,50,2,2,1,0,0,1,45.0,21.0,voiture,voiture,1,2,1,8,2
201900018547,2019-03-14 15:10:00,2019,3,14,15,10,94,94074,FONTAINE SAINT-MARTIN (R DE LA),48.7282,2.47278,Plein jour,Hors agglomération,Hors intersection,Pluie légère,Deux véhicules - arrière,3,2,2,0,1,1,2,0,1,70,2,2,1,0,0,1,21.0,51.0,voiture,voiture,1,1,1,2,2
201900018548,2019-03-14 16:50:00,2019,3,14,16,50,94,94074,JULIEN DURANTON (avenue),48.76541,2.44769,Plein jour,En agglomération,Intersection en X,Pluie légère,Autre collision,3,2,2,0,1,1,2,5,1,50,1,2,1,0,1,0,28.0,,deux_roues,,1,2,2,2,6
201900018549,2019-03-16 14:30:00,2019,3,16,14,30,94,94068,BOURDIGNON (R),48.79942,2.47429,Plein jour,En agglomération,Hors intersection,Normale,Deux véhicules - côté,4,2,2,0,1,1,1,0,1,50,2,2,1,0,0,1,28.0,16.0,voiture,deux_roues,1,2,1,1,3
201900018550,2019-03-15 16:30:00,2019,3,15,16,30,94,94068,TROIS YVONNE (R DES),48.78696,2.48991,Plein jour,En agglomération,Intersection en T,Normale,Deux véhicules - côté,4,2,2,0,1,1,1,0,1,50,2,2,1,0,0,1,22.0,42.0,voiture,deux_roues,1,2,3,1,3
201900018551,2019-03-15 08:45:00,2019,3,15,8,45,94,94058,PIERRE BROSSOLETTE (AV),48.8345235,2.510594,Plein jour,En agglomération,Hors intersection,Normale,Autre collision,3,3,2,0,1,1,1,0,1,50,1,2,1,0,0,1,47.0,,voiture,,1,2,1,1,6
201900018552,2019-03-14 08:25:00,2019,3,14,8,25,94,94052,STRASBOURG (BD DE),48.83907,2.4795,Plein jour,En agglomération,Intersection en T,Pluie légère,Deux véhicules - côté,3,2,2,0,2,1,2,0,1,50,2,2,1,0,0,1,48.0,26.0,voiture,deux_roues,1,2,3,2,3
201900018553,2019-03-14 20:30:00,2019,3,14,20,30,94,94076,REPUBLIQUE (AV DE LA),48.78846,2.36224,Nuit avec éclairage allumé,En agglomération,Hors intersection,Pluie légère,Deux véhicules - côté,3,2,2,0,1,1,2,0,1,50,2,3,2,0,0,1,19.0,42.0,deux_roues,voiture,5,2,1,2,3
201900018554,2019-03-13 21:45:00,2019,3,13,21,45,94,94037,PASTEUR (AV),48.8115,2.3416,Nuit avec éclairage allumé,En agglomération,Hors intersection,Normale,Deux véhicules - côté,4,2,2,0,2,1,1,0,1,50,2,2,1,0,0,1,26.0,32.0,voiture,deux_roues,5,2,1,1,3
201900018555,2019-03-13 00:07:00,2019,3,13,0,7,94,94076,LOUIS ARAGON (AV),48.78858,2.37534,Nuit avec éclairage allumé,En agglomération,Intersection en X,Normale,Deux véhicules - frontale,3,2,2,0,1,1,1,0,1,50,2,2,1,0,1,0,35.0,33.0,utilitaire_camion,deux_roues,5,2,2,1,1