accident_id,datetime,annee,mois,jour,heure,minute,departement,commune_insee,adresse,latitude,longitude,luminosite,agglomeration,intersection,meteo,collision,catr,circ,nbv,vosp,prof,plan,surf,infra,situ,vma,nb_vehicules,nb_usagers,nb_indemnes,nb_tues,nb_blesses_hosp,nb_blesses_legers,age_cond_1,age_cond_2,veh_type_cond_1,veh_type_cond_2,lum_code,agg_code,int_code,atm_code,col_code
201900018556,2019-03-14 16:15:00,2019,3,14,16,15,94,94041,WESTERMEYER (R),48.8185,2.3959,Plein jour,En agglomération,Hors intersection,Pluie légère,Trois véhicules et plus - collisions multiples,3,1,3,0,1,1,2,0,1,50,3,3,2,0,1,0,74.0,23.0,utilitaire_camion,utilitaire_camion,1,2,1,2,5
201900018557,2019-01-23 13:50:00,2019,1,23,13,50,94,94041,MOISE (R),48.81801,2.40173,Plein jour,En agglomération,Intersection en T,Temps couvert,Deux véhicules - côté,3,2,2,0,1,1,1,9,1,50,2,2,1,0,0,1,23.0,32.0,utilitaire_camion,deux_roues,1,2,3,8,3
201900018558,2019-01-18 13:00:00,2019,1,18,13,0,94,94073,ALOUETTES (R DES),48.747,2.36,Plein jour,En agglomération,Intersection en T,Normale,Deux véhicules - côté,3,3,2,0,1,1,1,5,1,50,2,2,1,0,0,1,68.0,41.0,utilitaire_camion,utilitaire_camion,1,2,3,1,3
201900018559,2019-01-17 14:15:00,2019,1,17,14,15,94,94038,PAUL HOCHART (R),48.778,2.364,Plein jour,En agglomération,Intersection en T,Pluie légère,Sans collision,4,2,2,0,1,1,2,0,1,50,1,1,0,0,0,1,17.0,,deux_roues,,1,2,3,2,7
201900018560,2019-01-17 04:30:00,2019,1,17,4,30,94,94073,FONTAINEBLEAU - CAR BELLE EPINE (AV DE),48.75464,2.36863,Nuit avec éclairage allumé,En agglomération,Autre intersection,Pluie légère,Deux véhicules - arrière,3,-1,3,0,1,1,2,0,1,70,2,2,0,0,0,2,30.0,33.0,voiture,voiture,5,2,9,2,2
201900018561,2019-01-16 15:20:00,2019,1,16,15,20,94,94038,JARDINS (R DES),48.78008,2.33514,Plein jour,En agglomération,Intersection en T,Temps couvert,Sans collision,3,2,0,0,1,1,1,0,1,50,1,1,0,0,0,1,83.0,,utilitaire_camion,,1,2,3,8,7
201900018562,2019-03-15 07:45:00,2019,3,15,7,45,94,94033,PEPINIERE (AV DE LA),48.84456,2.45083,Plein jour,En agglomération,Intersection en X,Pluie légère,Deux véhicules - côté,4,2,3,2,1,1,2,0,1,30,2,2,1,0,0,1,26.0,53.0,deux_roues,utilitaire_camion,1,2,2,2,3
201900018563,2019-03-14 11:00:00,2019,3,14,11,0,94,94054,BAS MARIN (R DU),48.75413,2.38639,Plein jour,En agglomération,Hors intersection,Pluie légère,Trois véhicules et plus - collisions multiples,3,2,4,0,1,1,2,0,1,50,3,4,1,0,0,3,62.0,61.0,utilitaire_camion,utilitaire_camion,1,2,1,2,5
201900018564,2019-03-14 02:07:00,2019,3,14,2,7,94,94053,GENERAL DE GAULLE (R DU),48.777137,2.5404248,Nuit avec éclairage allumé,En agglomération,Hors intersection,Normale,Deux véhicules - frontale,4,2,2,0,2,4,1,0,1,50,2,2,1,0,1,0,34.0,43.0,voiture,deux_roues,5,2,1,1,1
201900018565,2019-03-14 12:15:00,2019,3,14,12,15,93,93078,CLEMENCEAU (AVENUE GEORGES),48.95558,2.56086,Plein jour,En agglomération,Giratoire,Pluie légère,Deux véhicules - arrière,3,1,2,0,1,1,2,0,1,50,2,2,1,0,0,1,37.0,23.0,utilitaire_camion,utilitaire_camion,1,2,6,2,2
201900018566,2019-03-14 06:15:00,2019,3,14,6,15,93,93073,ROISSY (ROUTE DE),48.98052,2.555508,Crépuscule ou aube,En agglomération,Hors intersection,Pluie forte,Autre collision,3,3,2,0,1,2,9,0,1,50,1,1,0,0,0,1,47.0,,voiture,,2,2,1,3,6
201900018567,2019-03-14 20:45:00,2019,3,14,20,45,93,93027,VAILLANT-COUTURIER (AVENUE PAUL),48.92465,2.41515,Nuit avec éclairage allumé,En agglomération,Hors intersection,Pluie légère,Deux véhicules - côté,3,2,2,0,1,1,2,0,1,50,2,2,1,0,0,1,27.0,42.0,deux_roues,voiture,5,2,1,2,3
201900018568,2019-03-14 17:00:00,2019,3,14,17,0,93,93066,COMMUNE DE PARIS (BOULEVARD),48.93623,2.36435,Plein jour,En agglomération,Hors intersection,Pluie légère,Autre collision,4,2,2,0,1,3,2,0,1,40,1,2,1,0,1,0,54.0,,deux_roues,,1,2,1,2,6
201900018569,2019-03-16 18:50:00,2019,3,16,18,50,93,93055,EDOUARD VAILLANT DU 1 A FIN.,48.89732,2.39971,Crépuscule ou aube,En agglomération,Hors intersection,Normale,Autre collision,3,3,4,2,1,1,1,0,1,50,1,4,2,0,0,2,22.0,,voiture,,2,2,1,1,6
201900018570,2019-03-15 14:59:00,2019,3,15,14,59,93,93053,GEORGES CLEMENCEAU (AVENUE),48.8939,2.4641,Plein jour,En agglomération,Hors intersection,Normale,Deux véhicules - arrière,4,1,1,0,1,1,1,0,1,50,2,2,1,0,0,1,81.0,61.0,voiture,voiture,1,2,1,1,2
201900018571,2019-03-13 22:30:00,2019,3,13,22,30,93,93048,CHANZY (BOULEVARD),48.85921,2.42586,Nuit avec éclairage allumé,En agglomération,Hors intersection,Normale,Autre collision,3,2,2,0,1,1,1,0,1,50,1,2,1,0,0,1,57.0,,voiture,,5,2,1,1,6
201900018572,2019-03-16 15:39:00,2019,3,16,15,39,93,93006,MITTERRAND FRANCOIS RUE,48.87732,2.422915,Plein jour,En agglomération,Hors intersection,Normale,Deux véhicules - arrière,4,-1,2,0,1,1,1,0,1,50,2,3,2,0,0,1,25.0,50.0,utilitaire_camion,voiture,1,2,1,1,2
201900018573,2019-03-14 13:00:00,2019,3,14,13,0,93,93045,JUIN AVENUE DU MARECHAL,48.879125,2.422185,Plein jour,En agglomération,Intersection en X,Pluie légère,Autre collision,3,2,0,0,1,1,2,0,2,50,1,2,1,0,0,1,44.0,,voiture,,1,2,2,2,6
201900018574,2019-03-15 15:50:00,2019,3,15,15,50,93,93031,REPUBLIQUE (AVENUE),48.95018,2.32844,Plein jour,En agglomération,Intersection en T,Normale,Deux véhicules - côté,3,3,4,0,1,1,1,0,1,50,2,2,1,0,0,1,48.0,41.0,voiture,deux_roues,1,2,3,1,3
201900018575,2019-03-14 17:23:00,2019,3,14,17,23,93,93031,SAINT LEU (ROUTE DE) 1 à 157,48.95314,2.33737,Plein jour,En agglomération,Hors intersection,Pluie légère,Deux véhicules - frontale,3,2,2,1,1,1,2,0,1,50,2,2,1,0,0,1,19.0,67.0,voiture,deux_roues,1,2,1,2,1
201900018576,2019-03-15 22:20:00,2019,3,15,22,20,93,93029,ANATOLE FRANCE,48.93046,2.45484,Nuit avec éclairage allumé,En agglomération,Intersection en T,Normale,Autre collision,4,2,2,0,2,3,1,0,1,50,1,1,0,0,0,1,29.0,,utilitaire_camion,,5,2,3,1,6
201900018577,2019-03-14 08:33:00,2019,3,14,8,33,93,93029,ALBERT DAVID,48.91965,2.47086,Plein jour,En agglomération,Intersection en X,Pluie légère,Deux véhicules - côté,4,2,2,0,1,1,2,0,1,50,2,2,1,0,0,1,27.0,25.0,utilitaire_camion,utilitaire_camion,1,2,2,2,3
201900018578,2019-03-14 08:30:00,2019,3,14,8,30,93,93027,HUIT-MAI-1945 (PLACE DU),48.92,2.41,Plein jour,En agglomération,Giratoire,Pluie forte,Autre collision,3,1,2,0,1,1,2,0,1,50,2,3,2,0,0,1,26.0,40.0,voiture,voiture,1,2,6,3,6
201900018579,2019-03-16 23:30:00,2019,3,16,23,30,93,93014,GAGNY (ALLEE DE),48.89903,2.54662,Nuit avec éclairage allumé,En agglomération,Intersection en X,Normale,Autre collision,3,1,2,1,1,1,1,0,1,50,1,2,1,0,0,1,46.0,,deux_roues,,5,2,2,1,6
201900018580,2019-03-16 14:35:00,2019,3,16,14,35,93,93047,NOTRE DAMES DES ANGES  (ALLEE),48.90045,2.55624,Plein jour,En agglomération,Intersection en X,Temps éblouissant,Deux véhicules - côté,4,1,1,0,1,1,1,8,1,50,2,2,1,0,0,1,41.0,80.0,voiture,voiture,1,2,2,7,3
201900018581,2019-03-14 19:55:00,2019,3,14,19,55,93,93010,ROSNY (AV. DE),48.90207,2.4708,Nuit avec éclairage allumé,En agglomération,Intersection en T,Pluie légère,Deux véhicules - côté,3,-1,2,0,1,1,2,0,1,50,2,3,2,1,0,0,20.0,49.0,voiture,deux_roues,5,2,3,2,3
201900018582,2019-03-16 14:00:00,2019,3,16,14,0,93,93008,VIGNES (CHEMIN DES),48.9008654,2.4265923,Plein jour,En agglomération,Hors intersection,Normale,Deux véhicules - côté,4,2,2,0,1,1,1,0,1,50,2,2,1,0,0,1,19.0,20.0,voiture,voiture,1,2,1,1,3
201900018583,2019-03-14 20:15:00,2019,3,14,20,15,93,93001,PRESIDENT ROOSEVELT (AVENUE DU),48.917042,2.379713,Nuit avec éclairage allumé,En agglomération,Intersection en Y,Pluie légère,Autre collision,3,2,2,0,1,1,2,0,1,50,1,1,0,0,0,1,,,,,5,2,4,2,6
201900018584,2019-03-14 09:30:00,2019,3,14,9,30,93,93001,PONT BLANC.CHARLES TILLON (RUE) =>72,48.9168,2.3928,Plein jour,En agglomération,Hors intersection,Pluie légère,Deux véhicules - côté,3,1,1,0,1,1,2,9,1,50,2,1,0,0,0,1,53.0,,deux_roues,,1,2,1,2,3
201900018585,2019-03-15 10:55:00,2019,3,15,10,55,92,92078,JEAN JAURES (RUE) (N° IMPAIRS),48.9329799,2.3252459,Plein jour,En agglomération,Autre intersection,Normale,Deux véhicules - côté,4,2,2,2,1,1,1,0,1,50,2,2,1,0,0,1,42.0,27.0,voiture,utilitaire_camion,1,2,9,1,3
201900018586,2019-03-16 12:40:00,2019,3,16,12,40,92,92046,GABRIEL PERI,48.819258,2.301512,Plein jour,En agglomération,Intersection en T,Normale,Deux véhicules - côté,3,2,2,0,1,1,1,0,1,50,2,3,1,0,0,2,40.0,50.0,voiture,voiture,1,2,3,1,3
201900018587,2019-03-12 06:00:00,2019,3,12,6,0,92,92046,GABRIEL PERI,48.91959,2.30618,Crépuscule ou aube,En agglomération,Intersection en X,Normale,Deux véhicules - côté,3,2,2,0,1,1,1,0,1,50,2,2,1,0,0,1,44.0,60.0,deux_roues,voiture,2,2,2,1,3
201900018588,2019-03-15 18:30:00,2019,3,15,18,30,92,92072,JARDIES (RUE RIOCREUX DES),48.82661,2.20033,Crépuscule ou aube,En agglomération,Hors intersection,Temps couvert,Autre collision,4,1,1,0,2,1,1,0,1,50,1,2,1,0,0,1,87.0,,voiture,,2,2,1,8,6
201900018589,2019-03-15 22:15:00,2019,3,15,22,15,92,92062,REPUBLIQUE (RUE DE LA) DU 157 AU 175,48.88382,2.2334,Nuit avec éclairage allumé,En agglomération,Hors intersection,Normale,Deux véhicules - frontale,7,4,3,0,4,1,1,0,1,50,2,2,1,0,0,1,21.0,41.0,voiture,deux_roues,5,2,1,1,1
201900018590,2019-03-15 09:50:00,2019,3,15,9,50,92,92062,DE DION BOUTON (QUAI) DU 29 AU 65,48.88556,2.25116,Plein jour,En agglomération,Intersection en T,Normale,Deux véhicules - côté,3,1,4,0,1,1,2,9,1,50,2,2,1,0,0,1,37.0,37.0,voiture,voiture,1,2,3,1,3
201900018591,2019-03-14 21:30:00,2019,3,14,21,30,92,92062,KUPKA (RUE FRANCK) TOUR,48.8909847,2.2311419,Nuit sans éclairage public,En agglomération,Intersection en X,Pluie légère,Deux véhicules - côté,3,1,4,0,1,1,2,5,1,50,2,2,1,0,0,1,22.0,29.0,voiture,voiture,3,2,2,2,3
201900018592,2019-03-16 21:40:00,2019,3,16,21,40,92,92050,REPUBLIQUE AVENUE DE LA,48.905346,2.209714,Nuit avec éclairage allumé,En agglomération,Hors intersection,Normale,Deux véhicules - côté,3,2,0,0,1,1,1,0,1,50,2,2,1,0,0,1,27.0,29.0,deux_roues,voiture,5,2,1,1,3
201900018593,2019-03-16 13:00:00,2019,3,16,13,0,92,92050,REPUBLIQUE AVENUE DE LA,48.91229,2.22405,Plein jour,En agglomération,Hors intersection,Normale,Autre collision,3,-1,2,0,1,1,1,0,1,50,1,2,1,0,1,0,37.0,,transport_commun,,1,2,1,1,6
201900018594,2019-03-13 09:15:00,2019,3,13,9,15,92,92050,BOUVETS BOULEVARD DES,48.89795,2.22072,Plein jour,En agglomération,Hors intersection,Normale,Deux véhicules - arrière,4,1,2,0,2,1,1,0,1,50,2,2,1,0,0,1,48.0,45.0,deux_roues,voiture,1,2,1,1,2
201900018595,2019-02-11 12:10:00,2019,2,11,12,10,92,92050,PICASSO PABLO AVENUE,48.88864,2.21613,Plein jour,En agglomération,Hors intersection,Normale,Autre collision,4,3,2,0,1,1,1,0,1,50,1,3,2,0,0,1,29.0,,voiture,,1,2,1,1,6
201900018596,2019-01-28 10:15:00,2019,1,28,10,15,92,92050,STALINGRAD RUE DE,48.893124,2.197914,Plein jour,En agglomération,Autre intersection,Normale,Autre collision,4,2,2,0,1,1,1,0,1,50,1,2,1,0,0,1,33.0,,voiture,,1,2,9,1,6
201900018597,2019-12-29 00:15:00,2019,12,29,0,15,976,97615,16 Route Nationale 4,-12.794863,45.272919,Nuit avec éclairage allumé,En agglomération,Intersection en Y,Temps couvert,Autre collision,2,3,2,0,1,1,1,5,1,50,1,1,0,1,0,0,24.0,,deux_roues,,5,2,4,8,6
201900018598,2019-12-29 17:30:00,2019,12,29,17,30,33,33333,45 Avenue du Bassin d'Arcachon,44.86745,-1.089723,Nuit avec éclairage allumé,En agglomération,Hors intersection,Brouillard / fumée,Sans collision,3,2,2,0,1,2,1,0,3,50,1,1,0,0,1,0,21.0,,deux_roues,,5,2,1,5,7
201900018599,2019-12-29 13:20:00,2019,12,29,13,20,5,05173,Rourebeau,44.3050083,5.8932289,Plein jour,Hors agglomération,Intersection en T,Normale,Deux véhicules - côté,3,2,2,0,1,1,1,0,1,80,2,6,3,0,1,2,21.0,23.0,voiture,voiture,1,1,3,1,3
201900018600,2019-12-11 14:45:00,2019,12,11,14,45,21,21701,d 905,47.16603,5.402519,Plein jour,Hors agglomération,Hors intersection,Pluie forte,Sans collision,3,2,2,0,3,3,2,0,3,80,1,1,0,0,1,0,38.0,,voiture,,1,1,1,3,7
201900018601,2019-12-28 13:50:00,2019,12,28,13,50,54,54214,40 Rue Saint-martin,48.564861,6.127802,Plein jour,En agglomération,Intersection en T,Normale,Sans collision,3,2,2,0,1,1,1,0,1,50,1,2,1,0,1,0,28.0,,voiture,,1,2,3,1,7
201900018602,2019-12-29 15:15:00,2019,12,29,15,15,57,57631,N61,49.100498,7.031048,Plein jour,Hors agglomération,Hors intersection,Normale,Autre collision,2,3,4,0,2,3,1,0,8,110,1,3,0,0,1,2,22.0,,voiture,,1,1,1,1,6
201900018603,2019-11-05 18:05:00,2019,11,5,18,5,7,07107,rue de molle,44.636144,4.254718,Nuit sans éclairage public,En agglomération,Autre intersection,Normale,Deux véhicules - frontale,3,2,2,0,2,1,1,0,1,50,2,2,1,0,1,0,18.0,78.0,deux_roues,voiture,3,2,9,1,1
201900018604,2019-12-29 15:30:00,2019,12,29,15,30,69,69257,D49e,46.05138,4.58373,Plein jour,En agglomération,Hors intersection,Normale,Deux véhicules - frontale,3,2,2,0,1,3,1,0,1,80,2,3,2,0,1,0,19.0,32.0,voiture,deux_roues,1,2,1,1,1
201900018605,2019-12-20 19:50:00,2019,12,20,19,50,65,65059,Route du Mesnil,43.082568,0.164591,Nuit avec éclairage allumé,En agglomération,Hors intersection,Pluie légère,Deux véhicules - frontale,3,2,2,0,2,2,2,0,1,50,2,3,1,0,0,2,61.0,58.0,voiture,voiture,5,2,1,2,1
201900018606,2019-12-17 11:05:00,2019,12,17,11,5,33,33519,97 Avenue de Soulac,44.907759,-0.668971,Plein jour,En agglomération,Hors intersection,Normale,Autre collision,4,2,4,2,1,1,1,9,1,30,1,2,1,0,0,1,73.0,,voiture,,1,2,1,1,6
201900018607,2019-12-28 17:30:00,2019,12,28,17,30,27,27287,35 Le Bois des Fortieres,48.983992,0.987603,Nuit sans éclairage public,Hors agglomération,Hors intersection,Brouillard / fumée,Sans collision,3,2,2,0,1,2,1,0,1,80,1,1,0,0,1,0,67.0,,voiture,,3,1,1,5,7
201900018608,2019-12-27 16:10:00,2019,12,27,16,10,13,13055,A507 sens Marseille - Aubagne,43.30952,5.424904,Plein jour,Hors agglomération,Hors intersection,Normale,Deux véhicules - arrière,1,1,3,0,1,1,1,1,1,70,2,1,0,0,0,1,30.0,,voiture,,1,1,1,1,2
201900018609,2019-12-23 18:30:00,2019,12,23,18,30,38,38544,RD1407   0.000 A 2.331,45.5273451,4.8733458,Nuit avec éclairage allumé,En agglomération,Hors intersection,Normale,Deux véhicules - côté,2,3,2,0,1,1,1,9,1,50,2,2,1,0,0,1,51.0,43.0,deux_roues,voiture,5,2,1,1,3
201900018610,2019-12-28 13:30:00,2019,12,28,13,30,75,75116,A13Y,48.8483096,2.2446871,Plein jour,Hors agglomération,Hors intersection,Normale,Deux véhicules - arrière,1,-1,4,0,1,1,1,0,1,70,2,2,1,0,0,1,39.0,36.0,voiture,voiture,1,1,1,1,2
201900018611,2019-12-27 21:25:00,2019,12,27,21,25,95,95582,AUTOROUTE A15,48.96994,2.25001,Nuit sans éclairage public,Hors agglomération,Hors intersection,Normale,Trois véhicules et plus - collisions multiples,1,3,9,0,1,3,1,0,1,110,4,7,1,0,0,6,29.0,54.0,deux_roues,voiture,3,1,1,1,5
201900018612,2019-12-28 21:40:00,2019,12,28,21,40,94,94028,A86 INT,48.7872564,2.4400075,Nuit sans éclairage public,Hors agglomération,Hors intersection,Normale,Trois véhicules et plus - en chaîne,1,1,4,0,1,1,1,0,1,90,4,4,3,0,0,1,50.0,40.0,voiture,voiture,3,1,1,1,4
201900018613,2019-12-28 17:00:00,2019,12,28,17,0,94,94042,A4,48.81,2.46,Crépuscule ou aube,Hors agglomération,Hors intersection,Normale,Deux véhicules - arrière,1,1,4,0,1,1,1,0,2,90,2,2,1,0,1,0,58.0,60.0,voiture,voiture,2,1,1,1,2
201900018614,2019-12-22 11:00:00,2019,12,22,11,0,94,94080,PARIS (AV DE),48.84639,2.41924,Plein jour,En agglomération,Hors intersection,Pluie légère,Deux véhicules - arrière,3,2,4,0,1,1,1,0,1,50,2,2,1,0,0,1,34.0,62.0,utilitaire_camion,utilitaire_camion,1,2,1,2,2
201900018615,2019-12-27 10:10:00,2019,12,27,10,10,92,92012,ANCIENS COMBATTANT (ROND - POINT DES),48.84819,2.24182,Plein jour,En agglomération,Giratoire,Pluie légère,Deux véhicules - côté,4,-1,0,0,1,2,2,0,1,50,2,2,1,0,0,1,40.0,28.0,deux_roues,voiture,1,2,6,2,3
201900018616,2019-12-26 16:10:00,2019,12,26,16,10,92,92012,YVES KERMEN (RUE) 51/FIN - 40/FIN,48.82868,2.23807,Crépuscule ou aube,En agglomération,Hors intersection,Temps couvert,Autre collision,4,3,2,0,1,1,1,0,1,30,1,2,1,0,0,1,18.0,,voiture,,2,2,1,8,6
201900018617,2019-12-27 11:00:00,2019,12,27,11,0,988,98818,BRETELLE SLN - VDO,-22.2529766,166.4492601,Plein jour,En agglomération,Hors intersection,Normale,Trois véhicules et plus - en chaîne,1,3,4,0,1,1,1,3,1,70,4,4,3,0,0,1,57.0,28.0,voiture,utilitaire_camion,1,2,1,1,4
201900018618,2019-12-25 07:40:00,2019,12,25,7,40,974,97411,Route de la Montagne,-20.91725,55.40652,Plein jour,Hors agglomération,Hors intersection,Pluie légère,Deux véhicules - frontale,3,2,2,0,2,2,2,0,1,50,2,2,0,0,0,2,27.0,29.0,voiture,voiture,1,1,1,2,1
201900018619,2019-12-27 19:35:00,2019,12,27,19,35,973,97302,SAINT ANTOINE (CHEMIN),4.928922,-52.299939,Nuit avec éclairage allumé,En agglomération,Intersection en T,Normale,Deux véhicules - côté,3,2,2,0,1,1,1,0,1,50,2,2,1,0,0,1,30.0,22.0,voiture,deux_roues,5,2,3,1,3
201900018620,2019-12-27 18:04:00,2019,12,27,18,4,973,97302,RABAN (ROUTE DE),4.9344,-52.313864,Crépuscule ou aube,En agglomération,Hors intersection,Normale,Deux véhicules - côté,4,2,1,0,1,1,1,0,1,50,2,2,0,0,0,2,21.0,40.0,deux_roues,deux_roues,2,2,1,1,3
201900018621,2019-12-27 14:30:00,2019,12,27,14,30,973,97302,ROUTE NATIONALE 1,4.918243,-52.330938,Plein jour,Hors agglomération,Hors intersection,Normale,Deux véhicules - arrière,2,3,4,0,1,1,1,0,2,90,2,2,1,0,0,1,63.0,42.0,voiture,deux_roues,1,1,1,1,2
201900018622,2019-12-27 18:00:00,2019,12,27,18,0,69,69259,REPUBLIQUE (DE LA)                  (AV),45.70588,4.87665,Nuit avec éclairage allumé,En agglomération,Intersection en X,Temps couvert,Deux véhicules - côté,4,2,2,0,1,1,2,0,1,50,2,3,1,0,0,2,20.0,38.0,deux_roues,utilitaire_camion,5,2,2,8,3
201900018623,2019-12-27 06:45:00,2019,12,27,6,45,69,69383,ALBERT THOMAS                       (CO),45.74348,4.87729,Nuit avec éclairage allumé,En agglomération,Hors intersection,Pluie légère,Autre collision,4,2,4,3,1,1,2,0,1,50,1,3,2,0,0,1,33.0,,voiture,,5,2,1,2,6
201900018624,2019-12-16 19:15:00,2019,12,16,19,15,972,97213,ROUTE DEPARTEMENTALE 3,14.61734,-60.995,Nuit avec éclairage allumé,En agglomération,Hors intersection,Pluie légère,Autre collision,3,3,2,0,1,1,2,0,1,30,1,2,1,0,1,0,33.0,,voiture,,5,2,1,2,6
201900018625,2019-12-16 18:00:00,2019,12,16,18,0,972,97213,ROUTE DEPARTEMENTALE 15,14.62464,-61.00689,Nuit sans éclairage public,Hors agglomération,Hors intersection,Pluie légère,Autre collision,3,2,2,0,2,1,2,0,1,30,1,2,1,0,0,1,41.0,,voiture,,3,1,1,2,6
201900018626,2019-12-03 15:50:00,2019,12,3,15,50,2B,2B033,ROUTE ROYALE,42.6792,9.4298,Plein jour,En agglomération,Hors intersection,Normale,Autre collision,4,2,2,0,2,1,1,0,1,30,1,2,1,0,0,1,52.0,,voiture,,1,2,1,1,6
201900018627,2019-12-27 13:09:00,2019,12,27,13,9,971,97113,Morne Salines,16.2136719,-61.4395595,Plein jour,En agglomération,Hors intersection,Normale,Sans collision,2,-1,2,0,1,1,1,0,1,90,1,1,0,0,0,1,18.0,,voiture,,1,2,1,1,7
201900018628,2019-12-27 10:40:00,2019,12,27,10,40,971,97101,BOULEVARD DES HEROS,16.23967,-61.52719,Plein jour,En agglomération,Hors intersection,Normale,Trois véhicules et plus - collisions multiples,3,1,2,0,1,1,1,0,1,50,3,3,2,0,0,1,24.0,50.0,deux_roues,voiture,1,2,1,1,5
201900018629,2019-12-27 08:05:00,2019,12,27,8,5,971,97113,SECTION COCOYER,16.24153,-61.48805,Plein jour,Hors agglomération,Hors intersection,Normale,Trois véhicules et plus - collisions multiples,3,2,2,0,1,1,1,0,1,70,3,3,2,0,0,1,28.0,48.0,voiture,voiture,1,1,1,1,5
201900018630,2019-11-27 13:35:00,2019,11,27,13,35,2A,2A004,T22,41.95336,8.78937,Plein jour,En agglomération,Intersection en T,Normale,Deux véhicules - côté,2,2,2,0,2,1,1,2,1,50,2,1,0,0,0,1,36.0,,deux_roues,,1,2,3,1,3
201900018631,2019-12-15 19:50:00,2019,12,15,19,50,91,91228,CROIZAT (RUE AMBROISE),48.62484,2.42686,Nuit avec éclairage allumé,En agglomération,Intersection en X,Pluie forte,Deux véhicules - côté,4,2,2,0,1,1,2,0,1,50,2,3,2,0,0,1,22.0,29.0,voiture,voiture,5,2,2,3,3
201900018632,2019-12-10 03:00:00,2019,12,10,3,0,86,86194,FAUBOURG PONT NEUF (RUE DU),46.57702,0.3523028,Nuit avec éclairage allumé,En agglomération,Hors intersection,Pluie légère,Autre collision,4,2,2,0,1,1,2,0,1,50,1,3,0,0,2,1,24.0,,voiture,,5,2,1,2,6
201900018633,2019-11-22 16:25:00,2019,11,22,16,25,86,86194,RENE CASSIN (BOULEVARD),46.5759,0.37644,Plein jour,En agglomération,Hors intersection,Normale,Autre collision,4,-1,2,3,1,1,1,0,4,50,1,2,1,0,1,0,13.0,,deux_roues,,1,2,1,1,6
201900018634,2019-12-26 20:05:00,2019,12,26,20,5,78,78646,PARIS (AVENUE DE),48.79834,2.15368,Nuit avec éclairage allumé,En agglomération,Intersection en X,Normale,Trois véhicules et plus - collisions multiples,3,2,4,0,1,1,1,5,1,50,3,3,2,0,1,0,30.0,41.0,deux_roues,voiture,5,2,2,1,5
201900018635,2019-12-27 09:50:00,2019,12,27,9,50,78,78517,CHASLES (RUE),48.643059,1.826168,Plein jour,En agglomération,Hors intersection,Normale,Autre collision,3,1,3,0,1,1,1,0,1,50,1,2,1,0,1,0,39.0,,utilitaire_camion,,1,2,1,1,6
201900018636,2019-12-27 18:20:00,2019,12,27,18,20,77,77438,D934,48.8663,2.6875,Nuit avec éclairage allumé,Hors agglomération,Hors intersection,Normale,Deux véhicules - arrière,3,3,4,0,1,1,1,0,1,90,2,2,1,0,0,1,52.0,43.0,voiture,voiture,5,1,1,1,2
201900018637,2019-12-26 20:30:00,2019,12,26,20,30,76,76231,GARE. RUE DE LA,49.28142,1.00726,Nuit avec éclairage allumé,En agglomération,Hors intersection,Pluie légère,Autre collision,4,2,2,0,1,2,2,0,1,50,1,1,0,0,1,0,,,,,5,2,1,2,6
201900018638,2019-12-27 11:20:00,2019,12,27,11,20,66,66136,GUYNEMER (AVENUE GEORGES),42.68671,2.9074,Plein jour,En agglomération,Hors intersection,Normale,Autre collision,4,2,2,0,1,1,1,0,1,50,1,2,1,0,0,1,77.0,,voiture,,1,2,1,1,6
201900018639,2019-12-27 01:10:00,2019,12,27,1,10,65,65440,ALSACE LORRAINE (AVENUE),43.2397,0.07382,Nuit avec éclairage allumé,En agglomération,Intersection en X,Normale,Trois véhicules et plus - en chaîne,3,2,2,0,2,1,1,0,1,50,3,3,2,0,0,1,30.0,28.0,voiture,voiture,5,2,2,1,4
201900018640,2019-12-26 14:00:00,2019,12,26,14,0,64,64483,THIERS ADOLPHE (BOULEVARD),43.394667,-1.6600137,Plein jour,En agglomération,Hors intersection,Normale,Deux véhicules - côté,4,2,2,0,1,1,1,0,1,50,2,2,1,0,0,1,23.0,33.0,deux_roues,voiture,1,2,1,1,3
201900018641,2019-12-27 10:30:00,2019,12,27,10,30,64,64284,CORPS FRANC POMMIES,43.2925842,-0.3959878,Plein jour,En agglomération,Hors intersection,Normale,Deux véhicules - arrière,4,1,1,0,1,1,1,0,1,70,2,2,1,0,0,1,51.0,66.0,voiture,voiture,1,2,1,1,2
201900018642,2019-12-25 11:45:00,2019,12,25,11,45,64,64445,JEAN MERMOZ,43.30809,-0.37651,Plein jour,En agglomération,Intersection en X,Normale,Deux véhicules - côté,4,2,3,0,1,1,1,0,1,50,2,2,1,0,0,1,16.0,59.0,deux_roues,voiture,1,2,2,1,3
201900018643,2019-12-27 05:30:00,2019,12,27,5,30,64,64122,MARCEL DASSAULT (BD),43.4711702,-1.5360582,Nuit avec éclairage allumé,En agglomération,Hors intersection,Normale,Sans collision,3,2,2,0,1,1,1,0,1,50,1,1,0,0,0,1,55.0,,deux_roues,,5,2,1,1,7
201900018644,2019-12-24 17:30:00,2019,12,24,17,30,57,57672,HORTICULTEURS (RUE DES),49.35276,6.14593,Nuit avec éclairage allumé,En agglomération,Hors intersection,Normale,Sans collision,4,2,2,0,1,1,1,0,1,30,1,2,1,0,1,0,45.0,,voiture,,5,2,1,1,7