accident_id,datetime,annee,mois,jour,heure,minute,departement,commune_insee,adresse,latitude,longitude,luminosite,agglomeration,intersection,meteo,collision,catr,circ,nbv,vosp,prof,plan,surf,infra,situ,vma,nb_vehicules,nb_usagers,nb_indemnes,nb_tues,nb_blesses_hosp,nb_blesses_legers,age_cond_1,age_cond_2,veh_type_cond_1,veh_type_cond_2,lum_code,agg_code,int_code,atm_code,col_code
201900018645,2019-12-26 14:10:00,2019,12,26,14,10,56,56121,FRANCHET- D'ESPEREY ( BD ),47.75343,-3.36583,Plein jour,En agglomération,Intersection en T,Normale,Deux véhicules - arrière,4,2,2,0,1,1,1,0,1,50,2,2,1,0,0,1,19.0,55.0,deux_roues,voiture,1,2,3,1,2
201900018646,2019-12-25 19:34:00,2019,12,25,19,34,54,54575,RD26B,49.47713,5.85625,Nuit sans éclairage public,Hors agglomération,Hors intersection,Temps couvert,Sans collision,3,2,2,0,1,2,1,0,3,80,1,3,2,1,0,0,39.0,,voiture,,3,1,1,8,7
201900018647,2019-12-27 21:15:00,2019,12,27,21,15,54,54395,OUDINOT (RUE DU MAL),48.67489,6.1806,Nuit avec éclairage allumé,En agglomération,Intersection en X,Pluie légère,Deux véhicules - frontale,4,2,1,0,1,1,1,9,1,50,2,2,1,0,0,1,21.0,23.0,deux_roues,voiture,5,2,2,2,1
201900018648,2019-12-19 10:52:00,2019,12,19,10,52,54,54395,Marcel BROT (Rue et Rond-Point ),48.67749,6.205487,Plein jour,En agglomération,Giratoire,Normale,Deux véhicules - arrière,4,1,2,0,1,2,1,0,1,50,2,4,3,0,0,1,46.0,47.0,voiture,utilitaire_camion,1,2,6,1,2
201900018649,2019-12-26 10:00:00,2019,12,26,10,0,54,54304,RESISTANCE (AV. DE LA -IMPAIR-),48.69452,6.1285,Plein jour,En agglomération,Hors intersection,Normale,Deux véhicules - frontale,4,2,3,0,1,1,1,0,1,50,2,2,0,0,0,2,19.0,20.0,voiture,voiture,1,2,1,1,1
201900018650,2019-12-22 12:00:00,2019,12,22,12,0,54,54547,AMSTERDAM  (RUE D'),48.6607,6.1826,Plein jour,En agglomération,Hors intersection,Normale,Sans collision,4,2,2,0,1,1,2,0,1,50,1,8,7,0,0,1,42.0,,voiture,,1,2,1,1,7
201900018651,2019-12-26 10:25:00,2019,12,26,10,25,50,50602,ARTISANS (RUE DES),49.63828,-1.5857,Plein jour,En agglomération,Intersection en X,Pluie légère,Deux véhicules - côté,4,2,2,0,1,1,2,0,1,50,2,3,2,0,0,1,44.0,67.0,voiture,voiture,1,2,2,2,3
201900018652,2019-12-27 03:41:00,2019,12,27,3,41,42,42071,LIBERATION (AVENUE DE LA),46.01177,4.09486,Nuit sans éclairage public,En agglomération,Hors intersection,Normale,Autre collision,4,2,2,0,1,1,1,0,1,50,1,1,0,1,0,0,,,,,3,2,1,1,6
201900018653,2019-12-27 10:45:00,2019,12,27,10,45,41,41018,VENDOME (AVENUE DE),47.60023,1.3198,Plein jour,En agglomération,Intersection en T,Pluie légère,Deux véhicules - côté,4,2,9,0,1,1,2,0,1,50,2,2,1,0,0,1,38.0,75.0,voiture,voiture,1,2,3,2,3
201900018654,2019-12-02 08:10:00,2019,12,2,8,10,40,40281,ROCADE SUD RD 824,43.86588,-0.49994,Crépuscule ou aube,Hors agglomération,Hors intersection,Normale,Trois véhicules et plus - en chaîne,3,2,2,0,1,1,1,0,1,80,4,5,2,0,1,2,23.0,39.0,utilitaire_camion,voiture,2,1,1,1,4
201900018655,2019-12-27 18:10:00,2019,12,27,18,10,38,38563,TERREAUX (RUE DES),45.366126,5.59385,Nuit avec éclairage allumé,En agglomération,Intersection en X,Normale,Autre collision,4,1,1,0,1,1,1,0,1,20,1,2,1,0,1,0,26.0,,voiture,,5,2,2,1,6
201900018656,2019-12-27 16:35:00,2019,12,27,16,35,37,37261,MIRABEAU (PONT),47.3995976,0.7003734,Plein jour,En agglomération,Hors intersection,Pluie légère,Sans collision,4,2,3,0,1,1,2,2,1,50,1,1,0,0,1,0,64.0,,deux_roues,,1,2,1,2,7
201900018657,2019-12-27 05:45:00,2019,12,27,5,45,37,37261,ROYER (BD JEAN),47.3809458,0.6855297,Nuit avec éclairage allumé,En agglomération,Hors intersection,Normale,Autre collision,4,2,2,1,1,1,1,0,1,50,1,2,1,0,0,1,22.0,,voiture,,5,2,1,1,6
201900018658,2019-12-26 19:20:00,2019,12,26,19,20,33,33162,AVE DU MEDOC / Bretelle échangeur 7 A630,44.88014,-0.62768,Nuit avec éclairage allumé,En agglomération,Intersection en X,Normale,Deux véhicules - côté,1,1,1,0,2,1,1,3,8,50,2,3,2,0,0,1,47.0,29.0,voiture,voiture,5,2,2,1,3
201900018659,2019-12-18 10:05:00,2019,12,18,10,5,33,33318,RUE DE L'HORLOGE,44.791009,-0.6329,Plein jour,En agglomération,Hors intersection,Normale,Autre collision,4,2,2,0,1,1,1,0,4,50,1,2,1,0,1,0,23.0,,voiture,,1,2,1,1,6
201900018660,2019-12-26 20:05:00,2019,12,26,20,5,29,29232,DUPLEIX BOULEVARD,47.99463,-4.10188,Nuit avec éclairage allumé,En agglomération,Hors intersection,Normale,Deux véhicules - côté,4,1,2,0,1,1,2,0,1,30,2,2,1,0,0,1,44.0,17.0,utilitaire_camion,deux_roues,5,2,1,1,3
201900018661,2019-12-26 16:00:00,2019,12,26,16,0,27,27306,CONCORDE (RUE),49.01042,1.17718,Plein jour,En agglomération,Intersection en X,Normale,Deux véhicules - côté,4,-1,2,0,1,2,1,5,1,50,2,2,1,0,0,1,20.0,73.0,deux_roues,voiture,1,2,2,1,3
201900018662,2019-12-27 19:25:00,2019,12,27,19,25,21,21166,RD 122 - PR 2+200 - MARSANNAY (DE) (RUE),47.294347,5.010713,Nuit avec éclairage non allumé,En agglomération,Intersection en X,Pluie légère,Deux véhicules - côté,3,2,2,0,1,1,2,0,1,50,2,6,1,0,0,5,28.0,37.0,voiture,voiture,4,2,2,2,3
201900018663,2019-12-26 07:55:00,2019,12,26,7,55,14,14715,HAUTPOUL (BOULEVARD),49.36158,0.08632,Nuit avec éclairage allumé,En agglomération,Hors intersection,Pluie légère,Autre collision,3,3,2,0,4,3,2,0,1,30,1,2,1,0,0,1,32.0,,voiture,,5,2,1,2,6
201900018664,2019-12-27 17:50:00,2019,12,27,17,50,14,14118,VENDEUVRE (QUAI),49.1829,-0.35471,Plein jour,En agglomération,Hors intersection,Normale,Autre collision,4,2,3,0,1,1,1,0,1,50,1,2,0,0,0,2,16.0,,deux_roues,,1,2,1,1,6
201900018665,2019-12-27 15:55:00,2019,12,27,15,55,14,14383,RD 212 B ( RUE FENITON ),49.16135,-0.399,Plein jour,En agglomération,Giratoire,Pluie légère,Sans collision,3,2,2,0,1,1,1,5,1,50,1,1,0,0,1,0,52.0,,deux_roues,,1,2,6,2,7
201900018666,2019-12-26 12:40:00,2019,12,26,12,40,13,13106,8 MAI 1945 (AVENUE DU),43.410544,5.372311,Plein jour,En agglomération,Intersection en Y,Normale,Deux véhicules - côté,3,2,2,0,2,1,1,0,1,50,2,2,0,0,0,2,30.0,29.0,voiture,voiture,1,2,4,1,3
201900018667,2019-12-27 19:30:00,2019,12,27,19,30,13,13202,ROBERT SCHUMANN (AVENUE),43.3018521,5.3662258,Nuit avec éclairage allumé,En agglomération,Hors intersection,Normale,Deux véhicules - côté,4,1,3,0,1,1,1,0,1,50,2,2,1,0,0,1,31.0,48.0,voiture,voiture,5,2,1,1,3
201900018668,2019-12-27 16:30:00,2019,12,27,16,30,13,13210,PONT DE VIVAUX (BOULEVARD),43.281017,5.4221874,Plein jour,En agglomération,Hors intersection,Normale,Autre collision,4,2,2,0,1,1,1,0,1,50,1,2,1,0,0,1,,,voiture,,1,2,1,1,6
201900018669,2019-12-27 05:53:00,2019,12,27,5,53,10,10362,CHANTELOUP (CD),48.29993,4.03812,Nuit avec éclairage allumé,En agglomération,Hors intersection,Normale,Sans collision,4,2,2,0,1,1,2,0,1,50,1,1,0,0,0,1,16.0,,deux_roues,,5,2,1,1,7
201900018670,2019-12-27 15:45:00,2019,12,27,15,45,7,07231,D579,44.59395,4.39157,Plein jour,Hors agglomération,Giratoire,Normale,Trois véhicules et plus - en chaîne,3,2,2,0,1,1,1,0,1,80,3,3,2,0,0,1,75.0,42.0,voiture,voiture,1,1,6,1,4
201900018671,2019-12-17 16:44:00,2019,12,17,16,44,75,75101,RUE DE RIVOLI,48.8598836,2.3439936,Crépuscule ou aube,En agglomération,Intersection en X,Normale,Autre collision,4,1,4,3,1,1,1,0,6,50,1,4,3,0,1,0,36.0,,utilitaire_camion,,2,2,2,1,6
201900018672,2019-12-26 19:00:00,2019,12,26,19,0,75,75116,RUE D AUTEUIL,48.847567,2.266319,Nuit avec éclairage allumé,En agglomération,Intersection en X,Normale,Autre collision,4,1,2,0,1,2,1,0,1,30,1,2,1,0,0,1,70.0,,voiture,,5,2,2,1,6
201900018673,2019-12-16 00:40:00,2019,12,16,0,40,75,75115,RUE DE VOUILLE,48.8335428,2.3091936,Nuit sans éclairage public,En agglomération,Intersection en X,Normale,Deux véhicules - côté,4,2,4,3,1,1,1,5,1,50,2,2,1,0,0,1,45.0,54.0,voiture,deux_roues,3,2,2,1,3
201900018674,2019-12-26 07:10:00,2019,12,26,7,10,75,75114,BOULEVARD JOURDAN,48.8196464,2.3419298,Nuit avec éclairage allumé,En agglomération,Hors intersection,Normale,Deux véhicules - côté,4,3,2,1,2,1,1,0,5,50,2,2,1,0,1,0,27.0,44.0,deux_roues,deux_roues,5,2,1,1,3
201900018675,2019-12-27 05:50:00,2019,12,27,5,50,75,75113,AVENUE DE LA PORTE D IVRY,48.8212619,2.3697853,Nuit avec éclairage allumé,En agglomération,Hors intersection,Pluie légère,Deux véhicules - arrière,4,2,5,0,1,1,2,0,1,50,2,2,1,0,0,1,38.0,43.0,voiture,utilitaire_camion,5,2,1,2,2
201900018676,2019-12-27 01:03:00,2019,12,27,1,3,75,75113,PLACE D ITALIE,48.831875,2.355301,Nuit avec éclairage allumé,En agglomération,Place,Pluie légère,Autre collision,4,1,2,-1,1,3,2,0,1,50,1,1,0,0,0,1,50.0,,transport_commun,,5,2,7,2,6
201900018677,2019-12-27 10:30:00,2019,12,27,10,30,75,75110,RUE DU FAUBOURG SAINT MARTIN,48.870322,2.35634,Plein jour,En agglomération,Hors intersection,Normale,Deux véhicules - côté,4,1,3,3,1,1,1,0,6,50,2,3,1,0,0,2,23.0,43.0,utilitaire_camion,deux_roues,1,2,1,1,3
201900018678,2019-12-27 15:20:00,2019,12,27,15,20,75,75108,RUE PASQUIER,48.871504,2.3231041,Plein jour,En agglomération,Intersection en X,Normale,Autre collision,4,1,1,0,1,1,1,0,1,50,1,2,1,0,0,1,51.0,,voiture,,1,2,2,1,6
201900018679,2019-12-27 16:15:00,2019,12,27,16,15,75,75107,PORT DES INVALIDES,48.863142,2.314787,Plein jour,En agglomération,Hors intersection,Temps couvert,Sans collision,4,-1,0,-1,1,1,1,6,6,50,1,1,0,0,0,1,20.0,,deux_roues,,1,2,1,8,7
201900018680,2019-12-27 07:22:00,2019,12,27,7,22,75,75107,QUAI D ORSAY,48.86258,2.310401,Nuit avec éclairage allumé,En agglomération,Intersection en X,Normale,Deux véhicules - côté,4,2,2,-1,1,1,2,0,1,50,2,7,5,0,0,2,53.0,52.0,voiture,voiture,5,2,2,1,3
201900018681,2019-12-26 23:00:00,2019,12,26,23,0,75,75103,BOULEVARD BEAUMARCHAIS,48.860992,2.367248,Nuit avec éclairage allumé,En agglomération,Intersection en Y,Pluie forte,Deux véhicules - côté,4,2,4,-1,1,1,2,0,1,50,2,2,1,0,0,1,44.0,44.0,deux_roues,voiture,5,2,4,3,3
201900018682,2019-12-27 17:55:00,2019,12,27,17,55,75,75104,RUE DE LA COUTELLERIE,48.857429,2.350638,Nuit avec éclairage allumé,En agglomération,Hors intersection,Normale,Autre collision,4,1,2,-1,1,1,1,0,1,50,1,2,1,0,0,1,40.0,,deux_roues,,5,2,1,1,6
201900018683,2019-12-27 17:10:00,2019,12,27,17,10,94,94052,STRASBOURG (BD DE),48.8401,2.4812,Nuit avec éclairage allumé,En agglomération,Intersection en X,Normale,Deux véhicules - arrière,3,2,2,0,1,1,2,0,1,50,2,3,1,0,0,2,27.0,43.0,voiture,deux_roues,5,2,2,1,2
201900018684,2019-12-26 10:50:00,2019,12,26,10,50,94,94003,ARISTIDE BRIAND (AV),48.80587,2.325915,Plein jour,En agglomération,Hors intersection,Normale,Deux véhicules - côté,3,2,4,0,1,1,1,0,1,50,2,2,1,0,0,1,51.0,37.0,deux_roues,voiture,1,2,1,1,3
201900018685,2019-12-26 21:40:00,2019,12,26,21,40,94,94079,ANDRE MAGINOT (R),48.82517,2.54071,Nuit avec éclairage allumé,En agglomération,Intersection en T,Pluie forte,Deux véhicules - côté,3,2,2,0,2,1,2,0,1,50,2,2,1,0,0,1,26.0,34.0,utilitaire_camion,deux_roues,5,2,3,3,3
201900018686,2019-12-26 18:00:00,2019,12,26,18,0,93,93073,CHAPIT RE ( RUE DU),48.97995,2.55721,Nuit avec éclairage allumé,Hors agglomération,Autre intersection,Pluie légère,Autre collision,4,-1,2,0,1,1,2,6,1,50,1,2,1,0,0,1,19.0,,voiture,,5,1,9,2,6
201900018687,2019-12-27 07:15:00,2019,12,27,7,15,93,93070,ROSIERS(DES) :N° 1 AU 59,48.91,2.33,Crépuscule ou aube,En agglomération,Intersection en T,Normale,Deux véhicules - frontale,3,-1,2,0,1,1,2,0,1,50,2,2,1,0,0,1,32.0,65.0,deux_roues,voiture,2,2,3,1,1
201900018688,2019-12-05 22:30:00,2019,12,5,22,30,93,93066,"""LANDY RD 20, NR IMPAIRS 1 A 144""",48.91544,2.36179,Nuit avec éclairage allumé,En agglomération,Intersection en X,Normale,Deux véhicules - côté,3,2,0,0,1,1,1,0,1,50,2,3,1,0,0,2,33.0,19.0,utilitaire_camion,deux_roues,5,2,2,1,3
201900018689,2019-12-27 08:35:00,2019,12,27,8,35,93,93048,DESIRE PREAUX (RUE),48.85616,2.4255,Crépuscule ou aube,En agglomération,Intersection en T,Temps couvert,Autre collision,3,2,1,0,1,1,1,0,1,50,1,2,1,0,0,1,46.0,,utilitaire_camion,,2,2,3,8,6
201900018690,2019-12-27 15:00:00,2019,12,27,15,0,93,93031,JEAN JAURES (AVENUE),48.957116,2.321045,Plein jour,En agglomération,Hors intersection,Temps couvert,Trois véhicules et plus - collisions multiples,3,2,0,0,1,1,1,0,1,50,3,2,0,0,0,2,56.0,44.0,voiture,voiture,1,2,1,8,5
201900018691,2019-12-27 12:30:00,2019,12,27,12,30,93,93047,JEAN MERMOZ   (PLACE),48.901902,2.571669,Plein jour,En agglomération,Hors intersection,Normale,Deux véhicules - arrière,4,1,1,0,1,1,1,0,1,50,2,2,1,0,0,1,18.0,71.0,voiture,voiture,1,2,1,1,2
201900018692,2019-12-27 15:55:00,2019,12,27,15,55,93,93007,ARISTIDE BRIAND (AVENUE COTE PAIRS),48.946,2.45426,Plein jour,En agglomération,Intersection en T,Normale,Autre collision,3,2,2,0,1,1,1,0,1,50,1,2,1,0,0,1,40.0,,voiture,,1,2,3,1,6
201900018693,2019-12-27 19:15:00,2019,12,27,19,15,93,93005,LOUIS ARMAND (CARREFOUR),48.95524,2.48058,Nuit avec éclairage allumé,En agglomération,Giratoire,Normale,Deux véhicules - côté,3,4,3,0,1,2,1,5,1,50,2,2,1,0,0,1,20.0,45.0,utilitaire_camion,deux_roues,5,2,6,1,3
201900018694,2019-12-27 13:00:00,2019,12,27,13,0,93,93005,SUZANNE LENGLEN (AVENUE),48.95037,2.51497,Plein jour,En agglomération,Hors intersection,Normale,Trois véhicules et plus - collisions multiples,3,2,0,0,1,1,1,0,1,50,3,3,2,0,0,1,37.0,38.0,utilitaire_camion,voiture,1,2,1,1,5
201900018695,2019-12-27 18:48:00,2019,12,27,18,48,92,92051,"ACHILLE PERETTI (AVENUE,  N° 98 A 166 ET",48.8851,2.26614,Nuit avec éclairage allumé,En agglomération,Hors intersection,Normale,Deux véhicules - côté,4,2,2,0,1,1,1,9,1,50,2,2,1,0,1,0,53.0,27.0,deux_roues,voiture,5,2,1,1,3
201900018696,2019-12-27 21:00:00,2019,12,27,21,0,92,92050,BOULEVARD DE LA DEFENSE,48.8986678,2.2211499,Nuit avec éclairage allumé,En agglomération,Intersection en Y,Normale,Deux véhicules - arrière,3,1,2,0,2,1,1,0,1,50,2,2,1,0,0,1,17.0,35.0,deux_roues,voiture,5,2,4,1,2
201900018697,2019-12-27 06:35:00,2019,12,27,6,35,92,92044,VIC. HUGO(RUE)091A113 ET 112A146,48.8967997,2.2957056,Nuit avec éclairage allumé,En agglomération,Intersection en T,Autre,Deux véhicules - côté,3,2,2,3,1,1,2,0,1,50,2,2,1,0,0,1,37.0,51.0,voiture,voiture,5,2,3,9,3
201900018698,2019-12-27 19:45:00,2019,12,27,19,45,92,92012,PARIS (RUE DE) 97BIS/FIN - 116/FIN,48.84148,2.23283,Nuit avec éclairage allumé,En agglomération,Hors intersection,Temps couvert,Autre collision,4,2,2,0,1,1,1,0,1,50,1,2,1,0,0,1,56.0,,voiture,,5,2,1,8,6
201900018699,2019-12-28 16:25:00,2019,12,28,16,25,1,01004,D1504,45.933648,5.381877,Plein jour,Hors agglomération,Hors intersection,Normale,Sans collision,3,2,2,0,1,2,2,0,3,80,1,1,0,0,0,1,35.0,,utilitaire_camion,,1,1,1,1,7
201900018700,2019-12-24 16:30:00,2019,12,24,16,30,17,17420,Intermarché (Supermarché),46.084205,-1.073621,Plein jour,En agglomération,Hors intersection,Normale,Autre collision,6,-1,-1,0,1,1,1,9,1,10,1,2,1,0,1,0,54.0,,voiture,,1,2,1,1,6
201900018701,2019-12-28 01:15:00,2019,12,28,1,15,49,49220,D52,47.704771,-0.424262,Nuit sans éclairage public,Hors agglomération,Hors intersection,Normale,Autre collision,3,2,2,0,1,1,2,0,3,80,1,2,0,0,0,2,22.0,,voiture,,3,1,1,1,6
201900018702,2019-12-28 02:00:00,2019,12,28,2,0,41,41276,Route de Châteaudun,47.623772,1.326678,Nuit avec éclairage allumé,En agglomération,Giratoire,Normale,Autre collision,3,2,2,0,1,2,1,0,3,50,1,2,1,0,1,0,21.0,,voiture,,5,2,6,1,6
201900018703,2019-12-28 18:15:00,2019,12,28,18,15,974,97414,76 Chemin Kerveguen,-21.281136,55.432213,Plein jour,Hors agglomération,Hors intersection,Temps éblouissant,Autre collision,2,2,2,0,2,1,1,6,8,-1,1,2,1,0,0,1,25.0,,voiture,,1,1,1,7,6
201900018704,2019-12-23 17:45:00,2019,12,23,17,45,34,34163,A750,43.632312,3.723645,Nuit sans éclairage public,Hors agglomération,Hors intersection,Normale,Autre collision,1,3,4,0,1,1,1,0,2,130,1,2,1,0,1,0,23.0,,voiture,,3,1,1,1,6
201900018705,2019-12-19 16:45:00,2019,12,19,16,45,56,56158,Route de Plescop,47.700215,-2.78826,Plein jour,Hors agglomération,Intersection en T,Normale,Deux véhicules - arrière,3,2,2,0,1,1,1,0,1,80,2,2,1,0,0,1,39.0,39.0,voiture,deux_roues,1,1,3,1,2
201900018706,2019-12-28 12:15:00,2019,12,28,12,15,2B,2B150,Croisement de la RT30 et de la RD71,42.583153,8.831828,Plein jour,Hors agglomération,Intersection en T,Normale,Sans collision,2,2,2,0,3,1,1,0,1,70,1,1,0,0,1,0,69.0,,deux_roues,,1,1,3,1,7
201900018707,2019-12-19 09:29:00,2019,12,19,9,29,2B,2B319,Figareto,42.416573,9.529365,Plein jour,En agglomération,Hors intersection,Temps couvert,Deux véhicules - arrière,2,2,2,0,2,1,2,0,1,50,2,2,1,0,0,1,66.0,26.0,voiture,voiture,1,2,1,8,2
201900018708,2019-12-27 20:30:00,2019,12,27,20,30,11,11153,D119,43.1937077,2.0963286,Nuit sans éclairage public,Hors agglomération,Hors intersection,Normale,Sans collision,3,2,2,0,2,3,1,0,3,50,1,2,0,0,2,0,21.0,,voiture,,3,1,1,1,7
201900018709,2019-12-28 10:45:00,2019,12,28,10,45,89,89449,D606,48.332053,3.098045,Plein jour,Hors agglomération,Intersection en X,Normale,Deux véhicules - côté,3,2,2,0,1,1,1,5,1,-1,2,3,2,0,1,0,66.0,46.0,voiture,voiture,1,1,2,1,3
201900018710,2019-12-28 13:30:00,2019,12,28,13,30,63,63066,Avenue des Acacias,45.864235,3.639966,Plein jour,Hors agglomération,Intersection en T,Normale,Deux véhicules - frontale,3,2,2,0,2,1,1,0,1,80,2,2,1,1,0,0,61.0,19.0,deux_roues,voiture,1,1,3,1,1
201900018711,2019-12-24 17:38:00,2019,12,24,17,38,61,61484,Lieu Dit Queux,48.252957,0.697445,Nuit sans éclairage public,Hors agglomération,Intersection en X,Normale,Deux véhicules - côté,3,2,2,0,4,1,1,5,1,80,2,2,1,0,0,1,27.0,18.0,voiture,voiture,3,1,2,1,3
201900018712,2019-12-28 03:20:00,2019,12,28,3,20,61,61063,Route de Domfront,48.69407,-0.374091,Nuit sans éclairage public,En agglomération,Hors intersection,Brouillard / fumée,Autre collision,3,2,2,0,1,1,2,0,1,50,1,2,1,1,0,0,46.0,,voiture,,3,2,1,5,6
201900018713,2019-12-27 20:30:00,2019,12,27,20,30,49,49112,D347,47.184503,-0.131345,Nuit sans éclairage public,Hors agglomération,Hors intersection,Pluie légère,Deux véhicules - côté,3,2,2,0,2,1,2,0,1,80,2,3,1,0,1,1,74.0,33.0,voiture,voiture,3,1,1,2,3
201900018714,2019-12-26 21:00:00,2019,12,26,21,0,22,22251,Rue de la Croix Pinaud,48.550958,-2.851598,Nuit sans éclairage public,Hors agglomération,Hors intersection,Normale,Sans collision,4,2,2,0,1,2,1,0,1,50,1,2,1,0,1,0,18.0,,deux_roues,,3,1,1,1,7
201900018715,2019-12-27 18:15:00,2019,12,27,18,15,39,39177,Ancienne commune de Mirebel,46.694406,5.709881,Nuit sans éclairage public,Hors agglomération,Hors intersection,Normale,Autre collision,3,2,2,0,1,3,2,0,1,80,1,2,1,1,0,0,20.0,,voiture,,3,1,1,1,6
201900018716,2019-12-17 17:40:00,2019,12,17,17,40,44,44169,Route du Lac,47.253489,-1.377843,Nuit sans éclairage public,Hors agglomération,Hors intersection,Pluie légère,Deux véhicules - côté,3,2,2,0,1,1,2,0,1,80,2,2,1,0,1,0,31.0,22.0,voiture,deux_roues,3,1,1,2,3
201900018717,2019-12-27 08:45:00,2019,12,27,8,45,35,35224,17 rue de dinan,48.514433,-1.857939,Crépuscule ou aube,Hors agglomération,Hors intersection,Pluie légère,Autre collision,3,2,2,0,4,3,2,0,3,80,1,1,0,0,1,0,19.0,,voiture,,2,1,1,2,6
201900018718,2019-12-28 06:10:00,2019,12,28,6,10,35,35111,D798,48.4996717,-1.2978766,Nuit sans éclairage public,Hors agglomération,Hors intersection,Normale,Autre collision,3,2,2,0,2,3,2,0,3,80,1,1,0,0,0,1,21.0,,voiture,,3,1,1,1,6
201900018719,2019-12-28 13:00:00,2019,12,28,13,0,38,38181,Route des Iles,45.34499,5.97627,Plein jour,En agglomération,Intersection en T,Normale,Deux véhicules - côté,3,-1,2,0,2,1,1,5,1,50,2,3,2,0,0,1,81.0,19.0,voiture,voiture,1,2,3,1,3
201900018720,2019-12-27 14:20:00,2019,12,27,14,20,15,15250,D15,45.336769,2.535697,Plein jour,Hors agglomération,Hors intersection,Pluie légère,Autre collision,3,2,2,0,2,3,2,0,3,80,1,1,0,0,1,0,67.0,,voiture,,1,1,1,2,6
201900018721,2019-12-27 17:45:00,2019,12,27,17,45,26,26365,Chemin de Cheville,44.759561,5.01879,Nuit sans éclairage public,Hors agglomération,Hors intersection,Normale,Deux véhicules - frontale,3,2,2,0,1,1,1,0,1,80,2,2,0,1,0,1,36.0,50.0,voiture,voiture,3,1,1,1,1
201900018722,2019-12-23 11:51:00,2019,12,23,11,51,60,60612,D1330,49.22317,2.573718,Plein jour,Hors agglomération,Hors intersection,Normale,Trois véhicules et plus - en chaîne,3,2,2,0,4,1,2,0,1,80,3,3,2,0,0,1,43.0,24.0,voiture,voiture,1,1,1,1,4
201900018723,2019-12-26 16:15:00,2019,12,26,16,15,18,18127,Champ de saint-thibault,46.757301,2.213364,Plein jour,Hors agglomération,Hors intersection,Normale,Deux véhicules - frontale,4,2,2,0,2,3,1,0,1,80,2,6,5,0,1,0,36.0,84.0,voiture,voiture,1,1,1,1,1
201900018724,2019-12-28 17:10:00,2019,12,28,17,10,18,18003,Route de Bourges,47.195815,2.567458,Crépuscule ou aube,En agglomération,Hors intersection,Normale,Deux véhicules - côté,3,2,2,0,1,1,1,0,1,50,2,3,0,1,0,2,31.0,45.0,voiture,deux_roues,2,2,1,1,3
201900018725,2019-12-27 21:15:00,2019,12,27,21,15,16,16198,,45.513895,0.264037,Nuit sans éclairage public,Hors agglomération,Hors intersection,Normale,Autre collision,3,2,2,0,3,2,1,0,3,80,1,1,0,0,1,0,30.0,,voiture,,3,1,1,1,6
201900018726,2019-12-28 10:30:00,2019,12,28,10,30,24,24547,Le Couquet,45.1099,1.30871,Plein jour,Hors agglomération,Hors intersection,Normale,Deux véhicules - arrière,3,2,2,0,2,2,1,0,1,80,2,2,1,0,0,1,39.0,66.0,voiture,deux_roues,1,1,1,1,2
201900018727,2019-12-27 21:20:00,2019,12,27,21,20,37,37085,D83,47.224057,0.858261,Nuit sans éclairage public,Hors agglomération,Hors intersection,Normale,Autre collision,3,2,2,0,1,1,2,0,1,80,1,2,0,0,1,1,19.0,,voiture,,3,1,1,1,6
201900018728,2019-12-26 09:45:00,2019,12,26,9,45,37,37231,D938,47.6036925,0.5170493,Plein jour,Hors agglomération,Intersection en Y,Temps éblouissant,Deux véhicules - arrière,3,2,2,0,1,1,1,8,1,80,2,4,3,0,1,0,34.0,23.0,utilitaire_camion,voiture,1,1,4,7,2
201900018729,2019-12-28 06:30:00,2019,12,28,6,30,52,52167,D674,48.178406,5.234706,Nuit sans éclairage public,Hors agglomération,Hors intersection,Normale,Autre collision,3,2,2,0,2,1,2,0,3,80,1,1,0,1,0,0,22.0,,voiture,,3,1,1,1,6
201900018730,2019-12-28 10:50:00,2019,12,28,10,50,76,76169,A 131 . PK 017.500,49.488646,0.430012,Plein jour,Hors agglomération,Hors intersection,Normale,Deux véhicules - côté,1,3,4,0,1,1,1,0,1,130,2,4,3,0,1,0,25.0,58.0,utilitaire_camion,voiture,1,1,1,1,3
201900018731,2019-12-27 15:03:00,2019,12,27,15,3,47,47078,A 62,44.297067,0.261098,Plein jour,Hors agglomération,Hors intersection,Normale,Deux véhicules - arrière,1,3,4,0,1,1,1,0,1,130,2,4,1,0,2,1,37.0,82.0,utilitaire_camion,voiture,1,1,1,1,2
201900018732,2019-12-28 08:20:00,2019,12,28,8,20,73,73010,A41,45.785961,5.965662,Crépuscule ou aube,Hors agglomération,Hors intersection,Temps couvert,Trois véhicules et plus - collisions multiples,1,3,5,0,1,1,9,0,1,130,3,6,3,0,1,2,25.0,23.0,voiture,voiture,2,1,1,8,5
201900018733,2019-12-28 08:17:00,2019,12,28,8,17,30,30189,A9,43.827996,4.391802,Plein jour,Hors agglomération,Hors intersection,Normale,Autre collision,1,2,3,0,1,1,1,0,2,130,1,5,0,1,4,0,28.0,,voiture,,1,1,1,1,6
201900018734,2019-12-28 11:20:00,2019,12,28,11,20,13,13051,A7,43.622095,5.134072,Plein jour,Hors agglomération,Hors intersection,Normale,Trois véhicules et plus - en chaîne,1,1,5,0,1,1,1,0,1,130,3,10,7,0,0,3,39.0,52.0,voiture,voiture,1,1,1,1,4