accident_id,datetime,annee,mois,jour,heure,minute,departement,commune_insee,adresse,latitude,longitude,luminosite,agglomeration,intersection,meteo,collision,catr,circ,nbv,vosp,prof,plan,surf,infra,situ,vma,nb_vehicules,nb_usagers,nb_indemnes,nb_tues,nb_blesses_hosp,nb_blesses_legers,age_cond_1,age_cond_2,veh_type_cond_1,veh_type_cond_2,lum_code,agg_code,int_code,atm_code,col_code
201900018735,2019-12-27 22:30:00,2019,12,27,22,30,971,97110,Rue Philippe Pain,16.303513,-61.070876,Nuit avec éclairage allumé,En agglomération,Hors intersection,Normale,Autre collision,3,2,2,0,1,1,1,6,1,50,1,2,0,0,2,0,19.0,,deux_roues,,5,2,1,1,6
201900018736,2019-12-27 11:45:00,2019,12,27,11,45,71,71192,D994,46.884576,4.186534,Plein jour,Hors agglomération,Hors intersection,Normale,Autre collision,3,2,2,0,1,1,1,0,3,80,1,1,0,0,1,0,84.0,,voiture,,1,1,1,1,6
201900018737,2019-12-01 09:30:00,2019,12,1,9,30,69,69227,Route de Lyon,45.66338,4.57917,Plein jour,Hors agglomération,Hors intersection,Pluie légère,Deux véhicules - côté,3,2,2,2,2,3,2,0,1,80,2,3,0,0,0,3,25.0,23.0,voiture,voiture,1,1,1,2,3
201900018738,2019-12-28 00:40:00,2019,12,28,0,40,86,86220,2 rue de l'erable,46.118423,0.280465,Nuit sans éclairage public,Hors agglomération,Hors intersection,Normale,Autre collision,3,2,2,0,1,1,2,0,3,80,1,1,0,1,0,0,48.0,,voiture,,3,1,1,1,6
201900018739,2019-12-04 21:10:00,2019,12,4,21,10,14,14228,D221,49.27565,-0.378423,Nuit sans éclairage public,Hors agglomération,Giratoire,Brouillard / fumée,Autre collision,3,3,4,0,1,1,2,0,3,110,1,2,1,0,1,0,20.0,,voiture,,3,1,6,5,6
201900018740,2019-12-27 23:20:00,2019,12,27,23,20,60,60138,D932a,49.224637,2.614619,Nuit sans éclairage public,Hors agglomération,Hors intersection,Normale,Deux véhicules - frontale,3,2,2,0,1,1,1,0,1,80,2,2,0,0,0,2,52.0,24.0,voiture,voiture,3,1,1,1,1
201900018741,2019-12-26 18:45:00,2019,12,26,18,45,13,13071,A51-Sens Aix en Provence vers Marseille,43.40674,5.36192,Nuit sans éclairage public,Hors agglomération,Hors intersection,Normale,Sans collision,1,1,3,0,1,1,1,0,1,90,1,1,0,0,0,1,43.0,,deux_roues,,3,1,1,1,7
201900018742,2019-12-22 12:15:00,2019,12,22,12,15,13,13206,Tunnel Prado Carénage,43.284645,5.379417,Plein jour,Hors agglomération,Hors intersection,Normale,Deux véhicules - arrière,1,1,2,0,1,1,1,0,1,70,2,2,1,0,0,1,36.0,51.0,voiture,voiture,1,1,1,1,2
201900018743,2019-12-26 20:20:00,2019,12,26,20,20,13,13117,A7-Sens Marseille vers Lyon,43.4166276,5.2761138,Nuit avec éclairage allumé,Hors agglomération,Hors intersection,Normale,Trois véhicules et plus - collisions multiples,1,1,3,0,1,1,1,1,1,90,3,5,2,0,0,3,21.0,32.0,voiture,voiture,5,1,1,1,5
201900018744,2019-12-11 16:30:00,2019,12,11,16,30,69,69029,A43   3.353 A 3.865,45.7234041,4.9285065,Crépuscule ou aube,Hors agglomération,Hors intersection,Pluie légère,Trois véhicules et plus - collisions multiples,1,3,4,0,1,1,2,0,1,90,3,3,2,0,0,1,57.0,26.0,voiture,voiture,2,1,1,2,5
201900018745,2019-12-27 18:20:00,2019,12,27,18,20,33,33397,AUTOROUTE A 10,44.91937,-0.47615,Nuit avec éclairage allumé,Hors agglomération,Hors intersection,Normale,Deux véhicules - arrière,1,3,6,0,1,1,1,0,1,110,2,4,3,0,0,1,22.0,43.0,voiture,voiture,5,1,1,1,2
201900018746,2019-12-26 01:35:00,2019,12,26,1,35,62,62624,AUTOROUTE A21,50.427413,3.000169,Nuit sans éclairage public,Hors agglomération,Hors intersection,Normale,Trois véhicules et plus - en chaîne,1,3,4,0,1,1,1,0,1,110,4,5,4,1,0,0,22.0,23.0,voiture,voiture,3,1,1,1,4
201900018747,2019-12-27 15:45:00,2019,12,27,15,45,91,91521,AUTOROUTE A6,48.639,2.3968,Plein jour,Hors agglomération,Hors intersection,Normale,Deux véhicules - arrière,1,1,1,0,2,3,1,0,1,50,2,2,1,0,0,1,27.0,52.0,voiture,deux_roues,1,1,1,1,2
201900018748,2019-12-27 16:00:00,2019,12,27,16,0,91,91161,AUTOROUTE A6,48.718,2.3103,Plein jour,Hors agglomération,Hors intersection,Normale,Deux véhicules - arrière,1,3,6,0,1,1,1,0,1,110,2,2,1,0,0,1,36.0,38.0,voiture,voiture,1,1,1,1,2
201900018749,2019-12-27 13:45:00,2019,12,27,13,45,91,91064,RN 118,48.7493,2.2106,Plein jour,Hors agglomération,Hors intersection,Normale,Trois véhicules et plus - en chaîne,2,1,2,0,1,1,1,0,1,90,3,5,3,0,0,2,57.0,72.0,voiture,voiture,1,1,1,1,4
201900018750,2019-12-27 04:05:00,2019,12,27,4,5,91,91589,AUTOROUTE A6,48.679101,2.3342,Nuit sans éclairage public,Hors agglomération,Hors intersection,Pluie forte,Autre collision,1,3,4,0,1,1,2,0,1,110,1,1,0,0,0,1,56.0,,utilitaire_camion,,3,1,1,3,6
201900018751,2019-12-26 23:20:00,2019,12,26,23,20,91,91521,RN 104,48.62518,2.395782,Nuit sans éclairage public,Hors agglomération,Hors intersection,Pluie légère,Sans collision,2,3,7,0,1,1,2,0,1,110,1,1,0,0,0,1,19.0,,voiture,,3,1,1,2,7
201900018752,2019-12-27 07:55:00,2019,12,27,7,55,92,92025,A86,48.9274239,2.2374159,Crépuscule ou aube,Hors agglomération,Hors intersection,Temps couvert,Autre collision,1,-1,2,0,1,1,2,0,1,90,2,3,2,0,0,1,30.0,32.0,utilitaire_camion,deux_roues,2,1,1,8,6
201900018753,2019-12-25 18:10:00,2019,12,25,18,10,92,92036,A86,48.9348442,2.2672637,Nuit sans éclairage public,Hors agglomération,Hors intersection,Normale,Autre collision,1,1,2,0,1,1,1,0,1,90,3,6,5,0,0,1,31.0,57.0,voiture,voiture,3,1,1,1,6
201900018754,2019-12-27 22:15:00,2019,12,27,22,15,95,95582,AUTOROUTE A15,48.96415,2.26355,Nuit sans éclairage public,Hors agglomération,Hors intersection,Normale,Autre collision,1,3,9,0,1,3,1,0,1,110,1,2,0,0,0,2,45.0,,voiture,,3,1,1,1,6
201900018755,2019-12-27 05:50:00,2019,12,27,5,50,95,95212,AUTOROUTE A1,49.03354,2.54064,Nuit avec éclairage allumé,Hors agglomération,Hors intersection,Normale,Autre collision,1,1,1,0,2,3,2,3,1,70,1,1,0,0,0,1,39.0,,voiture,,5,1,1,1,6
201900018756,2019-12-27 07:00:00,2019,12,27,7,0,95,95394,AUTOROUTE A115,49.05001,2.18146,Nuit sans éclairage public,Hors agglomération,Hors intersection,Pluie légère,Autre collision,1,3,4,0,2,2,2,0,1,70,1,1,0,0,0,1,40.0,,voiture,,3,1,1,2,6
201900018757,2019-12-26 23:50:00,2019,12,26,23,50,95,95527,AUTOROUTE A1,49.00052,2.52228,Nuit sans éclairage public,Hors agglomération,Hors intersection,Pluie forte,Autre collision,1,3,6,0,1,1,2,0,1,110,1,3,0,0,0,3,48.0,,voiture,,3,1,1,3,6
201900018758,2019-12-26 17:45:00,2019,12,26,17,45,95,95582,AUTOROUTE A15,48.96614,2.25717,Nuit sans éclairage public,Hors agglomération,Hors intersection,Pluie légère,Deux véhicules - arrière,1,3,9,0,2,1,2,0,1,110,2,2,1,0,0,1,27.0,34.0,deux_roues,voiture,3,1,1,2,2
201900018759,2019-12-26 17:40:00,2019,12,26,17,40,95,95607,AUTOROUTE A115,49.01582,2.21555,Nuit sans éclairage public,Hors agglomération,Hors intersection,Pluie légère,Deux véhicules - arrière,1,3,6,0,1,1,2,0,1,90,2,2,1,0,0,1,42.0,40.0,voiture,utilitaire_camion,3,1,1,2,2
201900018760,2019-12-26 15:15:00,2019,12,26,15,15,93,93005,AUTOROUTE A1,48.96071,2.46792,Plein jour,Hors agglomération,Hors intersection,Normale,Trois véhicules et plus - collisions multiples,1,3,-1,0,1,1,1,0,1,110,3,3,2,0,0,1,59.0,38.0,voiture,voiture,1,1,1,1,5
201900018761,2019-12-26 14:00:00,2019,12,26,14,0,95,95277,AUTOROUTE A1,48.97955,2.49674,Plein jour,Hors agglomération,Hors intersection,Temps couvert,Deux véhicules - arrière,1,3,-1,0,1,1,1,0,1,110,2,2,1,0,0,1,20.0,22.0,voiture,voiture,1,1,1,8,2
201900018762,2019-12-25 17:45:00,2019,12,25,17,45,93,93066,AUTOROUTE A1,48.91899,2.35729,Nuit avec éclairage allumé,Hors agglomération,Hors intersection,Normale,Trois véhicules et plus - collisions multiples,1,3,8,0,1,1,1,0,1,90,4,4,3,0,0,1,50.0,26.0,voiture,voiture,5,1,1,1,5
201900018763,2019-12-25 13:00:00,2019,12,25,13,0,93,93013,AUTOROUTE A1,48.940703,2.425473,Plein jour,Hors agglomération,Hors intersection,Normale,Trois véhicules et plus - en chaîne,1,3,8,0,1,1,1,0,1,90,3,5,3,0,0,2,49.0,55.0,voiture,voiture,1,1,1,1,4
201900018764,2019-12-27 14:15:00,2019,12,27,14,15,94,94028,A86 INT,48.77804,2.43886,Plein jour,Hors agglomération,Hors intersection,Temps couvert,Deux véhicules - arrière,1,1,2,0,2,3,2,0,1,50,2,2,1,0,0,1,50.0,56.0,voiture,utilitaire_camion,1,1,1,8,2
201900018765,2019-12-24 19:00:00,2019,12,24,19,0,974,97409,DU CENTRE(CHEMIN),-20.9428,55.64889,Plein jour,Hors agglomération,Hors intersection,Normale,Deux véhicules - côté,4,2,2,0,1,1,1,9,1,50,2,2,1,0,0,1,20.0,68.0,voiture,deux_roues,1,1,1,1,3
201900018766,2019-12-23 16:15:00,2019,12,23,16,15,974,97409,DU PONT (RUE),-20.97681,55.6434,Plein jour,Hors agglomération,Hors intersection,Normale,Deux véhicules - frontale,3,2,2,0,1,2,1,0,1,70,2,3,1,0,0,2,81.0,32.0,voiture,voiture,1,1,1,1,1
201900018767,2019-12-26 19:20:00,2019,12,26,19,20,69,69259,CHARLES DE GAULLE                   (AV),45.7175,4.8916,Nuit avec éclairage allumé,En agglomération,Intersection en X,Normale,Deux véhicules - côté,3,2,6,0,1,1,1,0,1,70,2,3,2,0,0,1,20.0,27.0,voiture,voiture,5,2,2,1,3
201900018768,2019-12-26 06:20:00,2019,12,26,6,20,69,69259,AMBROISE CROIZAT                    (BD),45.6969,4.8876,Nuit avec éclairage allumé,En agglomération,Intersection en X,Brouillard / fumée,Autre collision,4,3,0,0,1,1,1,0,1,50,1,1,0,1,0,0,,,,,5,2,2,5,6
201900018769,2019-12-26 08:15:00,2019,12,26,8,15,69,69386,THIERS                              (AV),45.76631,4.86168,Plein jour,En agglomération,Intersection en X,Normale,Deux véhicules - côté,4,4,2,0,1,1,1,0,1,50,2,2,0,0,0,2,66.0,30.0,voiture,voiture,1,2,2,1,3
201900018770,2019-01-30 21:00:00,2019,1,30,21,0,75,75111,BOULEVARD BEAUMARCHAIS,48.856773,2.368266,Nuit avec éclairage allumé,En agglomération,Hors intersection,Normale,Autre collision,4,2,4,0,1,1,2,0,1,50,1,2,1,0,1,0,66.0,,voiture,,5,2,1,1,6
201900018771,2019-02-01 22:10:00,2019,2,1,22,10,75,75106,RUE DU FOUR,48.852894,2.335052,Nuit avec éclairage allumé,En agglomération,Intersection en T,Pluie légère,Autre collision,4,1,2,0,1,1,2,0,1,50,1,1,0,0,0,1,,,,,5,2,3,2,6
201900018772,2019-02-02 14:25:00,2019,2,2,14,25,75,75120,RUE D EUPATORIA,48.869032,2.388224,Plein jour,En agglomération,Intersection en Y,Temps couvert,Autre collision,4,1,1,0,2,1,1,0,1,30,1,2,1,0,0,1,48.0,,voiture,,1,2,4,8,6
201900018773,2019-02-02 02:25:00,2019,2,2,2,25,75,75120,COURS DE VINCENNES,48.847548,2.406314,Nuit avec éclairage allumé,En agglomération,Intersection en X,Pluie forte,Deux véhicules - côté,4,2,3,0,1,1,2,5,1,50,2,3,2,0,0,1,29.0,24.0,deux_roues,voiture,5,2,2,3,3
201900018774,2019-02-01 19:00:00,2019,2,1,19,0,75,75120,AVENUE GAMBETTA,48.864094,2.392266,Nuit avec éclairage allumé,En agglomération,Intersection en T,Pluie légère,Autre collision,4,2,2,0,2,1,2,0,1,50,1,3,2,0,0,1,45.0,,deux_roues,,5,2,3,2,6
201900018775,2019-01-31 08:15:00,2019,1,31,8,15,75,75120,RUE DE TLEMCEN,48.864591,2.387277,Nuit avec éclairage allumé,En agglomération,Intersection en T,Normale,Deux véhicules - arrière,4,1,1,0,1,1,1,0,1,30,2,2,1,0,0,1,35.0,42.0,deux_roues,utilitaire_camion,5,2,3,1,2
201900018776,2019-02-02 21:40:00,2019,2,2,21,40,75,75119,PLACE AUGUSTE BARON,48.899901,2.387582,Nuit avec éclairage allumé,En agglomération,Place,Pluie légère,Trois véhicules et plus - en chaîne,4,1,6,0,1,3,2,0,1,50,3,4,3,0,0,1,47.0,22.0,utilitaire_camion,voiture,5,2,7,2,4
201900018777,2019-02-01 14:30:00,2019,2,1,14,30,75,75119,RUE TANDOU,48.886599,2.38072,Plein jour,En agglomération,Hors intersection,Temps couvert,Autre collision,4,1,1,0,1,1,2,0,1,30,1,3,1,0,0,2,38.0,,voiture,,1,2,1,8,6
201900018778,2019-01-31 11:20:00,2019,1,31,11,20,75,75119,AVENUE DU BELVEDERE,48.880459,2.408326,Plein jour,En agglomération,Intersection en X,Normale,Deux véhicules - côté,4,2,2,0,2,2,2,0,1,30,2,2,1,0,0,1,25.0,42.0,deux_roues,transport_commun,1,2,2,1,3
201900018779,2019-01-31 10:15:00,2019,1,31,10,15,75,75119,RUE GOUBET,48.884026,2.390463,Plein jour,En agglomération,Intersection en T,Normale,Sans collision,4,2,2,0,2,2,8,0,1,30,1,2,1,0,0,1,52.0,,deux_roues,,1,2,3,1,7
201900018780,2019-02-03 16:50:00,2019,2,3,16,50,75,75118,AVENUE DE LA PORTE DE CLIGNANCOURT,48.898608,2.344184,Plein jour,En agglomération,Hors intersection,Normale,Deux véhicules - côté,4,2,6,3,1,1,1,9,6,50,2,3,2,0,0,1,32.0,51.0,voiture,deux_roues,1,2,1,1,3
201900018781,2019-02-03 00:01:00,2019,2,3,0,1,75,75118,RUE VAUVENARGUES,48.894147,2.332775,Nuit avec éclairage allumé,En agglomération,Intersection à plus de 4 branches,Normale,Deux véhicules - arrière,4,2,2,0,1,1,1,0,1,30,2,3,2,0,0,1,29.0,33.0,deux_roues,voiture,5,2,5,1,2
201900018782,2019-02-02 16:40:00,2019,2,2,16,40,75,75118,AVENUE DE LA PORTE DE CLIGNANCOURT,48.900508,2.344387,Plein jour,En agglomération,Intersection en T,Normale,Autre collision,4,3,6,0,1,1,1,0,1,50,1,2,1,0,0,1,38.0,,voiture,,1,2,3,1,6
201900018783,2019-02-01 14:25:00,2019,2,1,14,25,75,75118,BOULEVARD DE CLICHY,48.882148,2.339644,Plein jour,En agglomération,Intersection en X,Normale,Deux véhicules - côté,4,1,4,0,1,3,2,9,1,50,2,2,1,0,0,1,23.0,22.0,deux_roues,voiture,1,2,2,1,3
201900018784,2019-02-03 20:15:00,2019,2,3,20,15,75,75116,AVENUE DE VERSAILLES,48.842313,2.268108,Nuit avec éclairage allumé,En agglomération,Hors intersection,Normale,Deux véhicules - arrière,4,2,3,0,1,1,1,0,1,30,2,7,5,0,0,2,41.0,48.0,voiture,voiture,5,2,1,1,2
201900018785,2019-02-03 08:15:00,2019,2,3,8,15,75,75116,AVENUE DE LA GRANDE ARMEE,48.876176,2.287475,Crépuscule ou aube,En agglomération,Hors intersection,Normale,Autre collision,4,2,4,0,2,1,1,0,1,50,2,1,0,0,0,1,52.0,,deux_roues,,2,2,1,1,6
201900018786,2019-01-31 19:00:00,2019,1,31,19,0,75,75118,AVENUE DE SAINT OUEN,48.889569,2.326292,Nuit avec éclairage allumé,En agglomération,Intersection en Y,Pluie légère,Autre collision,4,2,2,0,2,1,2,0,1,30,1,1,0,0,0,1,,,,,5,2,4,2,6
201900018787,2019-02-02 19:50:00,2019,2,2,19,50,75,75116,BOULEVARD EXELMANS,48.841086,2.264242,Nuit avec éclairage allumé,En agglomération,Hors intersection,Normale,Autre collision,4,2,8,0,1,1,1,0,1,50,2,2,1,0,0,1,49.0,,voiture,,5,2,1,1,6
201900018788,2019-02-02 17:30:00,2019,2,2,17,30,75,75116,AVENUE KLEBER,48.865863,2.289295,Plein jour,En agglomération,Hors intersection,Normale,Deux véhicules - côté,4,3,4,0,1,1,1,0,1,50,2,2,1,0,0,1,50.0,28.0,voiture,deux_roues,1,2,1,1,3
201900018789,2019-02-01 16:30:00,2019,2,1,16,30,75,75116,RUE DE PASSY,48.858295,2.283117,Plein jour,En agglomération,Intersection en T,Pluie légère,Autre collision,4,1,2,0,1,1,2,9,1,50,1,2,1,0,0,1,42.0,,utilitaire_camion,,1,2,3,2,6
201900018790,2019-02-01 12:40:00,2019,2,1,12,40,75,75116,RUE BENJAMIN FRANKLIN,48.861908,2.286141,Plein jour,En agglomération,Intersection en X,Normale,Autre collision,4,1,1,0,1,1,1,0,1,50,1,2,1,0,0,1,52.0,,voiture,,1,2,2,1,6
201900018791,2019-02-01 10:30:00,2019,2,1,10,30,75,75116,RUE DE LONGCHAMP,48.868146,2.275501,Plein jour,En agglomération,Intersection en X,Temps couvert,Autre collision,4,2,2,0,1,1,1,0,1,50,1,2,1,0,0,1,44.0,,voiture,,1,2,2,8,6
201900018792,2019-01-31 21:30:00,2019,1,31,21,30,75,75116,PLACE VICTOR HUGO,48.869562,2.285092,Nuit avec éclairage allumé,En agglomération,Place,Pluie légère,Deux véhicules - côté,4,1,6,0,1,2,2,0,1,50,2,3,2,0,0,1,52.0,35.0,voiture,voiture,5,2,7,2,3
201900018793,2019-01-31 19:28:00,2019,1,31,19,28,75,75116,BOULEVARD MURAT,48.83701,2.26029,Nuit avec éclairage allumé,En agglomération,Intersection en Y,Pluie forte,Autre collision,4,1,2,0,1,1,2,0,1,50,1,2,1,0,0,1,45.0,,voiture,,5,2,4,3,6
201900018794,2019-01-31 19:00:00,2019,1,31,19,0,75,75116,BOULEVARD MURAT,48.84535,2.2575546,Nuit avec éclairage allumé,En agglomération,Intersection en X,Pluie légère,Autre collision,4,2,2,0,1,1,2,0,1,50,1,2,1,0,0,1,71.0,,voiture,,5,2,2,2,6
201900018795,2019-01-29 21:50:00,2019,1,29,21,50,75,75116,BOULEVARD SUCHET,48.850534,2.260284,Nuit avec éclairage allumé,En agglomération,Intersection en T,Neige / grêle,Autre collision,4,2,4,0,1,1,5,0,1,50,1,2,0,0,0,2,28.0,,deux_roues,,5,2,3,4,6
201900018796,2019-01-29 21:00:00,2019,1,29,21,0,75,75116,CHAUSSEE LA MUETTE,48.858169,2.274343,Nuit avec éclairage allumé,En agglomération,Intersection en X,Neige / grêle,Autre collision,4,2,2,0,1,1,2,0,1,50,1,2,1,0,0,1,22.0,,voiture,,5,2,2,4,6
201900018797,2019-02-03 16:00:00,2019,2,3,16,0,75,75115,RUE DE L ABBE GROULT,48.843149,2.293509,Plein jour,En agglomération,Hors intersection,Normale,Deux véhicules - arrière,4,1,1,0,1,1,1,0,1,50,2,3,2,0,0,1,33.0,16.0,utilitaire_camion,deux_roues,1,2,1,1,2
201900018798,2019-02-01 18:15:00,2019,2,1,18,15,75,75115,AVENUE FELIX FAURE,48.840742,2.287024,Nuit avec éclairage allumé,En agglomération,Intersection en T,Pluie légère,Autre collision,4,2,2,0,1,1,2,5,1,50,1,4,2,0,0,2,85.0,,voiture,,5,2,3,2,6
201900018799,2019-02-01 10:20:00,2019,2,1,10,20,75,75115,RUE DOMBASLE,48.836896,2.295782,Plein jour,En agglomération,Intersection en T,Normale,Autre collision,4,1,1,0,1,1,1,0,1,50,1,3,2,0,0,1,63.0,,voiture,,1,2,3,1,6
201900018800,2019-01-31 15:00:00,2019,1,31,15,0,75,75115,AVENUE DE LA PORTE DE SEVRES,48.834607,2.277407,Plein jour,En agglomération,Intersection en T,Normale,Deux véhicules - côté,4,2,2,0,1,1,1,9,1,50,2,2,1,0,0,1,52.0,45.0,voiture,voiture,1,2,3,1,3
201900018801,2019-01-30 17:05:00,2019,1,30,17,5,75,75115,BOULEVARD VICTOR,48.83445,2.284058,Plein jour,En agglomération,Intersection en X,Normale,Autre collision,4,3,4,0,1,1,1,5,1,50,1,3,2,0,0,1,49.0,,voiture,,1,2,2,1,6
201900018802,2019-02-01 12:20:00,2019,2,1,12,20,75,75114,BOULEVARD RASPAIL,48.83779,2.331168,Plein jour,En agglomération,Intersection en T,Normale,Deux véhicules - côté,4,2,4,0,1,1,1,0,1,50,2,3,1,0,0,2,17.0,46.0,deux_roues,voiture,1,2,3,1,3
201900018803,2019-02-02 05:13:00,2019,2,2,5,13,75,75114,BOULEVARD SAINT JACQUES,48.83302,2.335981,Nuit avec éclairage allumé,En agglomération,Intersection en X,Pluie légère,Autre collision,4,2,2,0,1,1,2,0,1,50,1,1,0,0,0,1,29.0,,voiture,,5,2,2,2,6
201900018804,2019-02-01 19:10:00,2019,2,1,19,10,75,75114,RUE GIORDANO BRUNO,48.82618,2.319583,Nuit avec éclairage allumé,En agglomération,Intersection en X,Pluie légère,Autre collision,4,1,1,0,1,1,2,5,1,50,2,1,0,0,0,1,71.0,,deux_roues,,5,2,2,2,6
201900018805,2019-01-31 20:55:00,2019,1,31,20,55,75,75114,PLACE DENFERT ROCHEREAU,48.834485,2.33263,Nuit avec éclairage allumé,En agglomération,Place,Pluie légère,Autre collision,4,1,6,0,1,1,2,5,1,50,2,1,0,0,0,1,31.0,,deux_roues,,5,2,7,2,6
201900018806,2019-01-31 19:15:00,2019,1,31,19,15,75,75114,BOULEVARD BRUNE,48.824644,2.319529,Nuit avec éclairage allumé,En agglomération,Intersection en X,Pluie forte,Autre collision,4,1,2,0,1,1,2,0,1,50,1,1,0,0,0,1,,,,,5,2,2,3,6
201900018807,2019-02-03 19:15:00,2019,2,3,19,15,75,75113,BOULEVARD DE L HOPITAL,48.833259,2.356836,Nuit avec éclairage allumé,En agglomération,Intersection en Y,Normale,Autre collision,4,2,2,3,1,1,1,6,1,50,1,2,1,0,0,1,25.0,,deux_roues,,5,2,4,1,6
201900018808,2019-02-01 15:00:00,2019,2,1,15,0,75,75113,AVENUE DES GOBELINS,48.835845,2.352517,Plein jour,En agglomération,Intersection en X,Normale,Autre collision,4,2,4,0,2,1,1,0,1,50,1,2,1,0,0,1,42.0,,deux_roues,,1,2,2,1,6
201900018809,2019-02-01 00:35:00,2019,2,1,0,35,75,75113,RUE BOBILLOT,48.822963,2.347465,Nuit avec éclairage allumé,En agglomération,Hors intersection,Normale,Autre collision,4,2,2,0,1,1,2,0,1,30,1,2,1,0,0,1,37.0,,voiture,,5,2,1,1,6
201900018810,2019-01-31 20:10:00,2019,1,31,20,10,75,75113,RUE DE TOLBIAC,48.828774,2.373488,Nuit avec éclairage allumé,En agglomération,Hors intersection,Normale,Autre collision,4,2,3,0,2,1,2,0,1,50,2,1,0,0,0,1,35.0,,deux_roues,,5,2,1,1,6
201900018811,2019-02-01 19:15:00,2019,2,1,19,15,75,75111,RUE DU FAUBOURG SAINT ANTOINE,48.850085,2.384703,Nuit avec éclairage allumé,En agglomération,Intersection en X,Pluie légère,Autre collision,4,2,2,0,1,1,2,0,1,50,1,3,2,0,0,1,21.0,,deux_roues,,5,2,2,2,6
201900018812,2019-01-31 18:50:00,2019,1,31,18,50,75,75111,BOULEVARD VOLTAIRE,48.852645,2.388767,Plein jour,En agglomération,Hors intersection,Pluie légère,Deux véhicules - côté,4,2,4,0,1,1,2,0,1,50,2,2,1,0,0,1,29.0,32.0,deux_roues,voiture,1,2,1,2,3
201900018813,2019-01-31 10:30:00,2019,1,31,10,30,75,75108,RUE DE COURCELLES,48.878396,2.30457,Plein jour,En agglomération,Hors intersection,Normale,Deux véhicules - côté,4,2,2,0,1,1,1,0,1,50,2,4,3,0,0,1,42.0,25.0,deux_roues,voiture,1,2,1,1,3
201900018814,2019-02-03 14:50:00,2019,2,3,14,50,75,75107,BOULEVARD RASPAIL,48.85468,2.326003,Plein jour,En agglomération,Intersection en Y,Normale,Deux véhicules - côté,4,1,1,3,1,1,1,0,6,50,2,2,1,0,0,1,38.0,52.0,deux_roues,voiture,1,2,4,1,3
201900018815,2019-02-01 11:30:00,2019,2,1,11,30,75,75107,RUE DU BAC,48.859552,2.329286,Plein jour,En agglomération,Intersection en X,Normale,Deux véhicules - côté,4,1,3,0,2,1,1,0,1,50,2,3,2,0,0,1,60.0,48.0,deux_roues,utilitaire_camion,1,2,2,1,3
201900018816,2019-02-01 08:00:00,2019,2,1,8,0,75,75107,QUAI D ORSAY,48.862426,2.301596,Plein jour,En agglomération,Intersection en X,Normale,Deux véhicules - arrière,4,2,2,0,1,1,1,0,1,50,2,2,1,0,0,1,44.0,32.0,deux_roues,voiture,1,2,2,1,2
201900018817,2019-02-01 08:45:00,2019,2,1,8,45,75,75103,RUE REAUMUR,48.865682,2.355063,Plein jour,En agglomération,Hors intersection,Normale,Trois véhicules et plus - collisions multiples,4,1,3,0,1,1,2,0,1,50,3,3,2,0,0,1,37.0,44.0,voiture,deux_roues,1,2,1,1,5
201900018818,2019-01-31 09:00:00,2019,1,31,9,0,75,75102,RUE DE RICHELIEU,48.869638,2.338916,Plein jour,En agglomération,Intersection en T,Normale,Autre collision,4,1,2,0,1,1,1,0,1,50,1,2,1,0,0,1,33.0,,voiture,,1,2,3,1,6
201900018819,2019-02-02 23:45:00,2019,2,2,23,45,75,75101,QUAI FRANCOIS MITTERRAND,48.860126,2.333351,Nuit avec éclairage allumé,En agglomération,Intersection en X,Temps couvert,Sans collision,4,1,4,0,1,1,1,5,1,50,1,1,0,0,0,1,32.0,,deux_roues,,5,2,2,8,7
201900018820,2019-01-31 10:05:00,2019,1,31,10,5,75,75102,RUE DES PETITS CHAMPS,48.866644,2.337378,Plein jour,En agglomération,Intersection en X,Normale,Autre collision,4,1,2,0,1,1,1,5,1,50,1,2,1,0,0,1,72.0,,voiture,,1,2,2,1,6
201900018821,2019-02-01 10:45:00,2019,2,1,10,45,94,94068,MAHIEU (AV),48.808682,2.479616,Plein jour,En agglomération,Intersection en X,Normale,Deux véhicules - côté,4,2,1,0,1,1,1,0,1,50,2,2,1,0,0,1,24.0,36.0,utilitaire_camion,utilitaire_camion,1,2,2,1,3
201900018822,2019-01-30 20:00:00,2019,1,30,20,0,94,94046,NORMANDIE (R DE),48.81154,2.43471,Nuit avec éclairage allumé,En agglomération,Intersection en X,Pluie légère,Autre collision,4,2,2,0,1,1,2,0,1,50,1,2,1,0,0,1,36.0,,voiture,,5,2,2,2,6
201900018823,2019-02-02 05:30:00,2019,2,2,5,30,94,94041,MAURICE THOREZ (AV),48.81606,2.37693,Nuit avec éclairage allumé,En agglomération,Hors intersection,Pluie légère,Autre collision,3,1,1,1,1,1,2,0,1,50,1,2,1,0,0,1,31.0,,voiture,,5,2,1,2,6
201900018824,2019-01-31 06:50:00,2019,1,31,6,50,94,94021,BERRY (R DU),48.77541,2.36332,Nuit avec éclairage allumé,En agglomération,Hors intersection,Autre,Autre collision,4,2,2,0,1,1,2,0,1,50,2,1,0,0,0,1,60.0,,voiture,,5,2,1,9,6
201900018825,2019-02-01 14:30:00,2019,2,1,14,30,94,94022,LEON BLUM (R),48.7574654,2.4120014,Plein jour,En agglomération,Intersection en T,Normale,Deux véhicules - côté,4,2,2,0,1,1,1,0,1,50,2,2,0,0,0,2,39.0,67.0,utilitaire_camion,utilitaire_camion,1,2,3,1,3