accident_id,datetime,annee,mois,jour,heure,minute,departement,commune_insee,adresse,latitude,longitude,luminosite,agglomeration,intersection,meteo,collision,catr,circ,nbv,vosp,prof,plan,surf,infra,situ,vma,nb_vehicules,nb_usagers,nb_indemnes,nb_tues,nb_blesses_hosp,nb_blesses_legers,age_cond_1,age_cond_2,veh_type_cond_1,veh_type_cond_2,lum_code,agg_code,int_code,atm_code,col_code
201900018826,2019-02-03 18:10:00,2019,2,3,18,10,94,94055,PROVINS (RTE DE),48.7956,2.55023,Crépuscule ou aube,En agglomération,Hors intersection,Normale,Trois véhicules et plus - en chaîne,3,2,4,0,1,1,1,0,1,50,3,3,2,0,0,1,30.0,24.0,voiture,deux_roues,2,2,1,1,4
201900018827,2019-02-01 19:45:00,2019,2,1,19,45,94,94019,ARISTIDE BRIAND (R),48.7924,2.5327,Nuit avec éclairage allumé,En agglomération,Hors intersection,Pluie légère,Autre collision,3,2,2,0,1,1,2,0,1,50,1,3,2,0,0,1,26.0,,voiture,,5,2,1,2,6
201900018828,2019-01-31 16:30:00,2019,1,31,16,30,94,94018,CARRIERES (QU DES),48.82006,2.40398,Plein jour,En agglomération,Intersection en Y,Pluie légère,Deux véhicules - côté,3,2,3,0,1,1,2,0,1,50,2,2,0,0,0,2,33.0,35.0,voiture,voiture,1,2,4,2,3
201900018829,2019-02-01 12:00:00,2019,2,1,12,0,94,94004,GENERAL LECLERC (AV),48.7494,2.5083,Plein jour,En agglomération,Hors intersection,Normale,Deux véhicules - arrière,4,2,4,0,1,1,1,9,1,50,2,2,1,0,0,1,44.0,34.0,utilitaire_camion,utilitaire_camion,1,2,1,1,2
201900018830,2019-01-31 15:30:00,2019,1,31,15,30,94,94044,VALENTON (AV DE),48.7428,2.5004,Plein jour,En agglomération,Autre intersection,Temps couvert,Autre collision,3,1,1,0,1,2,2,0,2,30,1,3,1,0,0,2,20.0,,voiture,,1,2,9,8,6
201900018831,2019-01-31 15:40:00,2019,1,31,15,40,93,93073,PETITS PONTS (ROUTE DES),48.962217,2.559272,Plein jour,En agglomération,Intersection en X,Normale,Deux véhicules - côté,3,3,4,0,1,1,1,9,1,50,2,2,1,0,0,1,42.0,23.0,voiture,voiture,1,2,2,1,3
201900018832,2019-02-01 18:45:00,2019,2,1,18,45,93,93059,JULES CHATENAY (RUE),48.97134,2.37017,Nuit avec éclairage allumé,En agglomération,Hors intersection,Pluie légère,Deux véhicules - arrière,4,2,2,0,1,1,2,0,2,30,2,3,2,0,0,1,33.0,20.0,voiture,voiture,5,2,1,2,2
201900018833,2019-02-01 16:45:00,2019,2,1,16,45,93,93072,LOUIS BORDES (RUE),48.9555,2.38416,Plein jour,En agglomération,Hors intersection,Normale,Autre collision,4,2,0,0,1,1,1,0,2,50,1,2,1,0,0,1,72.0,,voiture,,1,2,1,1,6
201900018834,2019-01-30 11:35:00,2019,1,30,11,35,93,93070,MICHELET (AVE) : DU 1 AU 103,48.90632,2.34435,Plein jour,En agglomération,Hors intersection,Pluie légère,Deux véhicules - côté,3,2,2,0,1,1,2,0,3,50,2,2,1,0,0,1,57.0,44.0,deux_roues,voiture,1,2,1,2,3
201900018835,2019-02-02 10:30:00,2019,2,2,10,30,93,93051,CLOSEAU (ALLEE),48.83632,2.57662,Plein jour,En agglomération,Hors intersection,Normale,Autre collision,4,2,2,0,1,1,2,9,1,30,1,1,0,0,0,1,24.0,,deux_roues,,1,2,1,1,6
201900018836,2019-02-01 08:30:00,2019,2,1,8,30,93,93074,COUBRON RUE DE,48.93,2.5688,Plein jour,En agglomération,Hors intersection,Normale,Autre collision,4,1,1,0,1,1,1,0,2,30,1,2,1,0,0,1,32.0,,voiture,,1,2,1,1,6
201900018837,2019-01-31 13:35:00,2019,1,31,13,35,93,93074,MEAUX RUE DE,48.934603,2.566384,Plein jour,En agglomération,Intersection en X,Normale,Autre collision,3,2,3,0,1,1,2,5,2,50,1,2,1,0,0,1,52.0,,utilitaire_camion,,1,2,2,1,6
201900018838,2019-02-01 09:40:00,2019,2,1,9,40,93,93045,DECROS EUGENE BOULEVARD,48.8830383,2.4159622,Plein jour,En agglomération,Autre intersection,Normale,Deux véhicules - arrière,3,2,1,0,1,1,2,0,1,50,2,2,1,0,0,1,24.0,24.0,utilitaire_camion,deux_roues,1,2,9,1,2
201900018839,2019-02-01 08:58:00,2019,2,1,8,58,93,93031,REPUBLIQUE (AVENUE),48.94856,2.33605,Plein jour,En agglomération,Intersection en T,Normale,Autre collision,3,2,1,0,1,1,1,0,1,50,1,2,1,0,0,1,62.0,,utilitaire_camion,,1,2,3,1,6
201900018840,2019-01-31 08:15:00,2019,1,31,8,15,93,93031,JEAN JAURES (AVENUE),48.95708,2.32139,Crépuscule ou aube,En agglomération,Intersection en T,Normale,Autre collision,3,2,2,0,1,1,2,5,1,50,1,2,1,0,0,1,22.0,,utilitaire_camion,,2,2,3,1,6
201900018841,2019-02-01 08:15:00,2019,2,1,8,15,93,93029,GRANDE CEINTURE (PLACE DE LA),48.930226,2.42406,Plein jour,En agglomération,Autre intersection,Normale,Autre collision,4,2,2,0,2,1,1,0,1,50,1,2,1,0,0,1,32.0,,voiture,,1,2,9,1,6
201900018842,2019-01-31 07:15:00,2019,1,31,7,15,93,93014,FREDERIC LADRETTE (ALLEE),48.90568,2.54257,Nuit avec éclairage allumé,En agglomération,Intersection en T,Pluie légère,Autre collision,4,2,2,0,3,1,7,0,3,50,1,2,1,0,1,0,42.0,,voiture,,5,2,3,2,6
201900018843,2019-02-01 18:26:00,2019,2,1,18,26,93,93057,BRIAND ( AV. ARISTIDE) 238 A 308,48.91149,2.51882,Nuit avec éclairage allumé,En agglomération,Hors intersection,Pluie légère,Trois véhicules et plus - en chaîne,3,3,2,0,1,1,2,0,1,50,4,3,2,0,0,1,43.0,53.0,voiture,voiture,5,2,1,2,4
201900018844,2019-02-01 12:55:00,2019,2,1,12,55,93,93010,AULNAY (ROUTE) COTE PAIRE DE 2 A FIN,48.908269,2.480104,Plein jour,En agglomération,Hors intersection,Normale,Autre collision,7,2,2,0,1,1,1,0,1,50,1,2,1,0,0,1,56.0,,voiture,,1,2,1,1,6
201900018845,2019-02-02 20:30:00,2019,2,2,20,30,93,93008,VAILLANT COUTURIER (AVENUE PAUL),48.91,2.44,Nuit avec éclairage allumé,En agglomération,Intersection en T,Pluie légère,Deux véhicules - arrière,3,1,2,0,1,1,2,0,1,50,2,2,1,0,1,0,17.0,37.0,deux_roues,voiture,5,2,3,2,2
201900018846,2019-02-03 00:19:00,2019,2,3,0,19,93,93013,VAILLANT (RUE EDOUARD),48.93775,2.42889,Nuit avec éclairage allumé,En agglomération,Hors intersection,Pluie légère,Deux véhicules - arrière,4,2,3,0,1,1,2,0,1,50,2,4,1,0,0,3,37.0,48.0,voiture,voiture,5,2,1,2,2
201900018847,2019-01-23 17:40:00,2019,1,23,17,40,93,93007,DE LA REPUBLIQUE (AVENUE),48.93502,2.47052,Nuit avec éclairage allumé,En agglomération,Intersection en X,Pluie légère,Deux véhicules - côté,4,2,2,0,1,1,2,0,1,50,2,2,1,0,0,1,36.0,36.0,deux_roues,voiture,5,2,2,2,3
201900018848,2019-02-01 18:45:00,2019,2,1,18,45,93,93001,LANDY (RUE DU) => 16/23,48.91521,2.37392,Nuit avec éclairage allumé,En agglomération,Intersection à plus de 4 branches,Pluie légère,Autre collision,3,2,2,0,2,1,2,5,3,50,1,2,1,0,0,1,29.0,,voiture,,5,2,5,2,6
201900018849,2019-01-31 09:10:00,2019,1,31,9,10,92,92064,PASTEUR,48.84064,2.20009,Plein jour,En agglomération,Hors intersection,Normale,Sans collision,3,1,2,0,1,1,7,0,1,50,1,1,0,0,0,1,46.0,,deux_roues,,1,2,1,1,7
201900018850,2019-02-01 18:00:00,2019,2,1,18,0,92,92040,MEUDON (DE),48.81853,2.24598,Nuit avec éclairage allumé,En agglomération,Intersection en T,Pluie légère,Autre collision,3,2,2,0,1,1,2,0,1,50,1,2,1,0,0,1,43.0,,voiture,,5,2,3,2,6
201900018851,2019-01-31 09:25:00,2019,1,31,9,25,92,92026,PRESIDENT KRUGER,48.89827,2.25503,Plein jour,En agglomération,Hors intersection,Temps couvert,Deux véhicules - arrière,4,2,2,0,1,1,2,0,1,50,2,2,1,0,0,1,20.0,35.0,utilitaire_camion,deux_roues,1,2,1,8,2
201900018852,2019-01-30 18:45:00,2019,1,30,18,45,92,92025,MENELOTTE > 52 (AV),48.928382,2.259598,Plein jour,En agglomération,Hors intersection,Normale,Deux véhicules - frontale,4,2,0,0,1,1,1,0,1,50,2,2,1,0,0,1,10.0,25.0,deux_roues,voiture,1,2,1,1,1
201900018853,2019-02-03 07:34:00,2019,2,3,7,34,92,92012,MARCEL SEMBAT (PLACE),48.83368,2.24349,Crépuscule ou aube,En agglomération,Autre intersection,Normale,Deux véhicules - côté,3,-1,2,0,1,1,1,5,1,50,2,2,0,0,0,2,41.0,48.0,deux_roues,deux_roues,2,2,9,1,3
201900018854,2019-02-01 19:15:00,2019,2,1,19,15,92,92002,BOIS DE VERRIERES (AVENUE DU),48.7544298,2.2934584,Nuit avec éclairage allumé,En agglomération,Giratoire,Pluie légère,Autre collision,4,2,2,0,1,1,2,0,1,50,1,3,2,0,0,1,88.0,,voiture,,5,2,6,2,6
201900018855,2019-02-03 07:15:00,2019,2,3,7,15,63,63026,RD 2089,45.6932433,2.995103,Nuit sans éclairage public,Hors agglomération,Hors intersection,Neige / grêle,Deux véhicules - frontale,3,3,2,0,2,1,5,0,1,80,2,7,2,1,3,1,58.0,66.0,transport_commun,voiture,3,1,1,4,1
201900018856,2019-02-01 23:45:00,2019,2,1,23,45,976,97610,RN1,-12.736434,45.208768,Nuit sans éclairage public,Hors agglomération,Hors intersection,Normale,Deux véhicules - frontale,2,2,2,0,2,2,1,0,1,70,2,3,1,0,1,1,33.0,27.0,deux_roues,voiture,3,1,1,1,1
201900018857,2019-02-01 19:15:00,2019,2,1,19,15,38,38336,N 7,45.46258,4.82637,Nuit sans éclairage public,Hors agglomération,Hors intersection,Normale,Trois véhicules et plus - en chaîne,2,2,2,0,1,1,2,0,1,80,4,5,4,0,0,1,35.0,42.0,voiture,voiture,3,1,1,1,4
201900018858,2019-01-31 23:00:00,2019,1,31,23,0,86,86128,D757 PK 10 + 700,46.846589,0.324125,Nuit sans éclairage public,Hors agglomération,Hors intersection,Pluie légère,Autre collision,3,2,2,0,1,1,2,0,1,80,1,2,1,0,1,0,56.0,,voiture,,3,1,1,2,6
201900018859,2019-02-02 11:30:00,2019,2,2,11,30,95,95313,46 bis grande rue,49.112118,2.218906,Plein jour,En agglomération,Hors intersection,Normale,Autre collision,4,1,1,0,1,2,1,0,1,50,1,2,1,0,0,1,63.0,,voiture,,1,2,1,1,6
201900018860,2019-02-04 18:05:00,2019,2,4,18,5,33,33030,D1113,44.61758,-0.32193,Nuit sans éclairage public,Hors agglomération,Hors intersection,Pluie forte,Deux véhicules - frontale,3,2,2,0,1,1,2,0,1,80,2,2,0,0,2,0,23.0,49.0,voiture,voiture,3,1,1,3,1
201900018861,2019-02-03 02:05:00,2019,2,3,2,5,34,34243,RD 108,43.898104,3.750896,Nuit sans éclairage public,Hors agglomération,Hors intersection,Temps couvert,Sans collision,3,2,2,0,1,3,1,2,3,80,1,1,0,0,1,0,40.0,,utilitaire_camion,,3,1,1,8,7
201900018862,2019-02-01 19:40:00,2019,2,1,19,40,988,98810,troulala,-20.64672,164.35826,Nuit sans éclairage public,Hors agglomération,Intersection en T,Pluie forte,Deux véhicules - arrière,2,2,2,0,1,1,2,0,1,110,2,2,1,0,0,1,31.0,34.0,voiture,voiture,3,1,3,3,2
201900018863,2019-02-01 20:50:00,2019,2,1,20,50,974,97405,D31,-21.345312,55.561494,Nuit sans éclairage public,En agglomération,Hors intersection,Pluie forte,Autre collision,3,2,2,0,2,1,2,0,1,50,1,4,3,1,0,0,21.0,,voiture,,3,2,1,3,6
201900018864,2019-02-01 12:30:00,2019,2,1,12,30,11,11393,RD 611,43.261798,2.73768,Plein jour,Hors agglomération,Hors intersection,Normale,Autre collision,3,2,2,0,1,3,2,0,3,80,1,4,0,2,0,2,21.0,,voiture,,1,1,1,1,6
201900018865,2019-01-31 19:20:00,2019,1,31,19,20,83,83048,RD559,43.202875,6.563163,Nuit sans éclairage public,En agglomération,Hors intersection,Pluie forte,Deux véhicules - frontale,3,3,2,0,2,1,2,9,1,50,2,2,1,0,0,1,45.0,17.0,utilitaire_camion,deux_roues,3,2,1,3,1
201900018866,2019-02-02 01:30:00,2019,2,2,1,30,83,83100,RD12,43.286169,6.134109,Nuit sans éclairage public,En agglomération,Hors intersection,Normale,Autre collision,3,2,2,0,1,1,1,0,3,80,1,1,0,1,0,0,22.0,,utilitaire_camion,,3,2,1,1,6
201900018867,2019-02-03 19:20:00,2019,2,3,19,20,79,79313,23 route de saint jacques,46.266407,-0.08979,Nuit sans éclairage public,En agglomération,Hors intersection,Normale,Sans collision,3,2,2,0,1,1,1,0,4,50,1,1,0,0,1,0,33.0,,utilitaire_camion,,3,2,1,1,7
201900018868,2019-02-02 09:45:00,2019,2,2,9,45,72,72008,rue de la gare,47.929223,0.189649,Plein jour,En agglomération,Hors intersection,Pluie forte,Autre collision,3,2,2,0,1,3,2,5,1,50,1,4,3,0,0,1,34.0,,voiture,,1,2,1,3,6
201900018869,2019-02-04 13:30:00,2019,2,4,13,30,66,66141,RD76,42.73515,2.90478,Plein jour,En agglomération,Hors intersection,Normale,Deux véhicules - côté,3,2,2,0,1,1,1,9,8,50,2,2,1,0,1,0,48.0,22.0,voiture,deux_roues,1,2,1,1,3
201900018870,2019-01-31 17:25:00,2019,1,31,17,25,66,66050,RD 83,42.77741,2.94613,Crépuscule ou aube,Hors agglomération,Hors intersection,Normale,Sans collision,3,1,4,0,1,1,1,2,3,110,1,1,0,0,1,0,27.0,,voiture,,2,1,1,1,7
201900018871,2019-02-01 17:15:00,2019,2,1,17,15,74,74293,route des voirons lieu dit les bois brulés,46.2692179,6.2799328,Crépuscule ou aube,Hors agglomération,Hors intersection,Neige / grêle,Deux véhicules - frontale,3,2,2,0,1,3,7,0,1,80,2,2,0,1,0,1,47.0,82.0,voiture,voiture,2,1,1,4,1
201900018872,2019-02-01 15:00:00,2019,2,1,15,0,83,83031,D17,43.09099,5.83572,Plein jour,En agglomération,Hors intersection,Pluie forte,Deux véhicules - frontale,4,2,1,0,1,2,3,0,1,80,2,2,0,0,1,1,64.0,31.0,voiture,voiture,1,2,1,3,1
201900018873,2019-02-03 14:30:00,2019,2,3,14,30,62,62205,D942,50.7183,2.325878,Plein jour,Hors agglomération,Intersection en X,Temps éblouissant,Deux véhicules - côté,3,2,2,0,1,1,1,0,1,70,2,2,1,0,1,0,54.0,19.0,voiture,voiture,1,1,2,7,3
201900018874,2019-02-01 10:00:00,2019,2,1,10,0,57,57155,Avenue de la Libération - D603,49.108928,6.40472,Plein jour,En agglomération,Giratoire,Neige / grêle,Deux véhicules - côté,3,-1,2,0,1,1,2,5,1,50,2,5,4,0,1,0,79.0,36.0,voiture,voiture,1,2,6,4,3
201900018875,2019-01-31 08:45:00,2019,1,31,8,45,51,51422,RD 980,49.2207896,3.9392246,Plein jour,Hors agglomération,Hors intersection,Normale,Trois véhicules et plus - collisions multiples,3,2,2,0,1,1,2,0,1,80,3,3,1,0,0,2,65.0,56.0,voiture,voiture,1,1,1,1,5
201900018876,2019-02-03 01:50:00,2019,2,3,1,50,56,56174,"RN 24 - PK 61+200, Keridel",47.895498,-2.904346,Nuit sans éclairage public,Hors agglomération,Hors intersection,Autre,Autre collision,2,3,4,0,1,1,7,0,3,110,1,2,0,1,0,1,19.0,,voiture,,3,1,1,9,6
201900018877,2019-02-02 03:45:00,2019,2,2,3,45,56,56243,Route de Nantes RD779bis,47.649163,-2.710515,Nuit sans éclairage public,Hors agglomération,Hors intersection,Pluie légère,Autre collision,3,2,2,1,2,3,2,9,8,70,1,1,0,0,1,0,57.0,,voiture,,3,1,1,2,6
201900018878,2019-01-30 18:30:00,2019,1,30,18,30,56,56120,Le Reste,47.74611,-2.74062,Nuit sans éclairage public,Hors agglomération,Hors intersection,Normale,Deux véhicules - frontale,3,2,2,0,1,3,1,0,1,80,2,2,0,0,1,1,22.0,57.0,voiture,voiture,3,1,1,1,1
201900018879,2019-02-01 13:20:00,2019,2,1,13,20,79,79309,la Cayenne,46.602023,-0.561949,Plein jour,En agglomération,Intersection en Y,Temps couvert,Sans collision,3,2,2,0,1,3,2,0,1,50,1,1,0,0,1,0,24.0,,voiture,,1,2,4,8,7
201900018880,2019-02-04 04:00:00,2019,2,4,4,0,80,80737,pk 12 D917,50.02617,3.037255,Nuit sans éclairage public,Hors agglomération,Autre intersection,Temps couvert,Autre collision,3,2,2,0,1,1,1,0,3,80,1,1,0,1,0,0,46.0,,voiture,,3,1,9,8,6
201900018881,2019-02-03 12:30:00,2019,2,3,12,30,80,80740,Intersection D14 PK 7+900 - route communale sans numéro,49.715634,2.399266,Plein jour,Hors agglomération,Intersection en X,Normale,Deux véhicules - côté,3,2,2,0,1,1,1,0,1,80,2,2,1,0,1,0,50.0,75.0,deux_roues,voiture,1,1,2,1,3
201900018882,2019-02-02 14:25:00,2019,2,2,14,25,81,81171,RD 15,43.842668,1.894868,Plein jour,Hors agglomération,Hors intersection,Pluie légère,Deux véhicules - frontale,3,2,2,0,1,2,2,9,1,80,2,2,0,0,2,0,35.0,24.0,voiture,voiture,1,1,1,2,1
201900018883,2019-01-28 10:15:00,2019,1,28,10,15,81,81197,RD.25 - PK.23+450,44.006603,1.99532,Plein jour,Hors agglomération,Hors intersection,Pluie légère,Deux véhicules - frontale,3,2,2,0,2,4,2,0,3,80,2,2,0,0,1,1,54.0,69.0,utilitaire_camion,voiture,1,1,1,2,1
201900018884,2019-01-30 17:20:00,2019,1,30,17,20,32,32148,N 124,43.617276,0.926411,Plein jour,Hors agglomération,Hors intersection,Normale,Autre collision,2,2,2,0,2,1,2,0,1,80,1,1,0,0,1,0,27.0,,voiture,,1,1,1,1,6
201900018885,2019-02-03 06:45:00,2019,2,3,6,45,71,71190,Lieu-dit LA FORGE - Avenue Maréchal De Lattre de Tassigny - D973,46.974337,4.494035,Crépuscule ou aube,Hors agglomération,Hors intersection,Temps couvert,Autre collision,3,2,2,0,1,1,2,0,3,80,1,5,0,1,0,4,20.0,,voiture,,2,1,1,8,6
201900018886,2019-02-01 05:30:00,2019,2,1,5,30,89,89003,CD.89,47.916757,3.332293,Nuit sans éclairage public,En agglomération,Intersection en Y,Normale,Deux véhicules - frontale,3,2,2,0,1,3,2,5,1,50,2,2,1,0,1,0,26.0,39.0,voiture,voiture,3,2,4,1,1
201900018887,2019-02-03 10:35:00,2019,2,3,10,35,63,63089,3 route d'ennezat,45.8698785,3.2209091,Plein jour,En agglomération,Hors intersection,Pluie légère,Autre collision,3,2,2,0,1,1,2,9,6,50,1,2,1,0,0,1,59.0,,voiture,,1,2,1,2,6
201900018888,2019-02-04 13:20:00,2019,2,4,13,20,63,63022,1 Rue Germinal,45.444187,3.306269,Plein jour,En agglomération,Hors intersection,Normale,Autre collision,3,2,2,0,3,1,5,0,1,50,1,2,1,0,1,0,33.0,,voiture,,1,2,1,1,6
201900018889,2019-02-02 16:00:00,2019,2,2,16,0,63,63282,RD 978 - PK 13+800,45.631088,3.1554412,Plein jour,Hors agglomération,Hors intersection,Pluie légère,Deux véhicules - frontale,3,2,2,0,1,3,2,0,1,80,2,4,0,1,0,3,41.0,55.0,voiture,voiture,1,1,1,2,1
201900018890,2019-02-01 12:20:00,2019,2,1,12,20,61,61439,la guerguere,48.506816,-0.342829,Plein jour,Hors agglomération,Hors intersection,Normale,Deux véhicules - frontale,3,2,2,0,1,1,2,0,1,80,2,4,3,0,1,0,24.0,77.0,voiture,voiture,1,1,1,1,1
201900018891,2019-02-03 02:50:00,2019,2,3,2,50,61,61339,route départementale 909 - Les rotours,48.781816,-0.248304,Nuit sans éclairage public,Hors agglomération,Hors intersection,Normale,Autre collision,3,2,2,0,2,1,2,0,3,80,1,2,0,0,1,1,24.0,,voiture,,3,1,1,1,6
201900018892,2019-02-03 07:00:00,2019,2,3,7,0,49,49065,les monceaux - SOEURDRES,47.7427004,-0.5571251,Crépuscule ou aube,Hors agglomération,Hors intersection,Normale,Sans collision,3,2,2,0,1,1,1,5,1,80,1,2,1,0,1,0,56.0,,voiture,,2,1,1,1,7
201900018893,2019-02-03 22:15:00,2019,2,3,22,15,49,49003,D761,47.251886,-0.330172,Nuit sans éclairage public,Hors agglomération,Hors intersection,Normale,Sans collision,3,3,4,0,1,1,1,0,1,110,1,1,0,0,1,0,24.0,,voiture,,3,1,1,1,7
201900018894,2019-02-01 10:00:00,2019,2,1,10,0,49,49323,CD 323 / CD 117,47.50381,-0.48062,Plein jour,Hors agglomération,Intersection en T,Normale,Deux véhicules - côté,3,4,3,0,2,1,1,0,1,80,2,3,1,0,1,1,31.0,76.0,voiture,voiture,1,1,3,1,3
201900018895,2019-02-02 01:30:00,2019,2,2,1,30,42,42097,RD 1082,45.507841,4.303154,Nuit sans éclairage public,Hors agglomération,Hors intersection,Brouillard / fumée,Autre collision,3,2,2,0,1,2,2,0,3,80,1,1,0,0,1,0,33.0,,voiture,,3,1,1,5,6
201900018896,2019-02-02 18:15:00,2019,2,2,18,15,46,46145,RD 820 - Route 2x2 voies,44.930342,1.494784,Nuit sans éclairage public,Hors agglomération,Intersection en T,Pluie légère,Deux véhicules - côté,3,3,2,0,3,1,2,9,1,110,2,2,0,0,1,1,76.0,37.0,voiture,voiture,3,1,3,2,3
201900018897,2019-02-02 19:05:00,2019,2,2,19,5,46,46307,D811,44.494125,1.044176,Nuit sans éclairage public,Hors agglomération,Hors intersection,Pluie légère,Autre collision,3,2,2,0,1,1,2,0,3,80,1,4,0,0,3,1,25.0,,voiture,,3,1,1,2,6
201900018898,2019-02-03 05:00:00,2019,2,3,5,0,47,47278,Grandes vignes,44.706735,0.244667,Nuit sans éclairage public,Hors agglomération,Hors intersection,Normale,Autre collision,4,-1,2,0,2,3,1,0,1,80,1,2,1,0,1,0,19.0,,voiture,,3,1,1,1,6
201900018899,2019-02-03 16:10:00,2019,2,3,16,10,34,34076,D 908,43.644021,3.449351,Plein jour,Hors agglomération,Hors intersection,Vent fort / tempête,Sans collision,3,2,2,0,1,3,1,2,1,70,1,1,0,0,1,0,18.0,,deux_roues,,1,1,1,6,7
201900018900,2019-02-04 17:30:00,2019,2,4,17,30,22,22250,33 rue de l'éperonnerie,48.696238,-3.165924,Plein jour,En agglomération,Hors intersection,Normale,Autre collision,3,2,2,0,1,1,1,0,1,30,1,2,1,1,0,0,42.0,,utilitaire_camion,,1,2,1,1,6
201900018901,2019-02-01 14:43:00,2019,2,1,14,43,22,22062,RN 164,48.198779,-2.480822,Plein jour,Hors agglomération,Hors intersection,Temps couvert,Sans collision,2,2,2,0,2,2,2,9,3,-1,1,4,0,0,1,3,22.0,,voiture,,1,1,1,8,7
201900018902,2019-02-01 12:38:00,2019,2,1,12,38,22,22046,18 rue du calvaire - Plessala,48.2747753,-2.6259219,Plein jour,En agglomération,Hors intersection,Pluie légère,Deux véhicules - frontale,4,2,2,0,1,2,2,0,1,50,2,2,1,1,0,0,19.0,33.0,deux_roues,utilitaire_camion,1,2,1,2,1
201900018903,2019-02-02 00:30:00,2019,2,2,0,30,39,39146,,46.665635,5.504245,Nuit sans éclairage public,Hors agglomération,Hors intersection,Pluie légère,Autre collision,3,2,2,0,1,2,2,0,3,80,1,2,0,0,1,1,19.0,,voiture,,3,1,1,2,6
201900018904,2019-02-02 13:30:00,2019,2,2,13,30,44,44118,RD 22 la meslière,47.485246,-1.239534,Plein jour,Hors agglomération,Hors intersection,Normale,Autre collision,3,2,2,0,1,1,1,0,3,80,1,1,0,1,0,0,36.0,,voiture,,1,1,1,1,6
201900018905,2019-01-26 12:20:00,2019,1,26,12,20,44,44158,intersection le Bois Alix -La Chauvelais RD 17,47.282723,-1.802098,Plein jour,Hors agglomération,Hors intersection,Normale,Deux véhicules - côté,3,2,2,0,1,1,1,0,1,80,2,2,0,0,0,2,28.0,30.0,voiture,utilitaire_camion,1,1,1,1,3
201900018906,2019-01-31 19:00:00,2019,1,31,19,0,35,35360,Rue de Redon,48.111298,-1.212838,Nuit avec éclairage allumé,En agglomération,Hors intersection,Pluie légère,Autre collision,4,2,2,0,1,1,2,0,1,50,1,2,1,0,0,1,22.0,,voiture,,5,2,1,2,6
201900018907,2019-02-03 00:30:00,2019,2,3,0,30,35,35186,l'échalet,48.587232,-1.778541,Nuit sans éclairage public,Hors agglomération,Hors intersection,Normale,Autre collision,3,2,2,0,1,1,1,0,3,80,1,2,1,0,1,0,19.0,,voiture,,3,1,1,1,6
201900018908,2019-01-28 21:10:00,2019,1,28,21,10,35,35040,RD 30,48.130285,-1.927548,Nuit sans éclairage public,Hors agglomération,Hors intersection,Normale,Autre collision,3,2,2,0,1,1,2,0,3,50,1,2,1,0,0,1,48.0,,utilitaire_camion,,3,1,1,1,6
201900018909,2019-02-03 19:10:00,2019,2,3,19,10,29,29023,RUE DUQUESNE,48.6670803,-3.9139091,Nuit sans éclairage public,En agglomération,Hors intersection,Normale,Autre collision,4,2,2,0,2,1,1,5,1,50,1,2,1,0,1,0,62.0,,voiture,,3,2,1,1,6
201900018910,2019-02-03 11:45:00,2019,2,3,11,45,31,31187,avenue du 19 mars 1962,43.533206,1.230626,Plein jour,En agglomération,Hors intersection,Normale,Sans collision,4,-1,2,0,1,1,1,0,1,50,1,1,0,0,1,0,49.0,,deux_roues,,1,2,1,1,7
201900018911,2019-02-04 17:10:00,2019,2,4,17,10,38,38500,RD 1092 - PK 23+700 - PK 23+600,45.187271,5.3846312,Plein jour,Hors agglomération,Hors intersection,Temps couvert,Trois véhicules et plus - en chaîne,3,2,2,0,2,1,2,0,1,80,3,3,1,0,0,2,36.0,52.0,voiture,voiture,1,1,1,8,4
201900018912,2019-01-25 08:15:00,2019,1,25,8,15,38,38150,D11K,45.20966,5.840718,Plein jour,Hors agglomération,Hors intersection,Normale,Deux véhicules - côté,3,2,2,0,1,1,1,0,5,80,2,2,1,0,0,1,46.0,32.0,deux_roues,voiture,1,1,1,1,3
201900018913,2019-02-01 10:10:00,2019,2,1,10,10,2,02810,41 ROUTE DE VIVIERES,49.263168,3.099086,Plein jour,En agglomération,Hors intersection,Temps couvert,Autre collision,3,2,2,0,1,1,2,0,4,50,1,1,0,1,0,0,72.0,,voiture,,1,2,1,8,6
201900018914,2019-02-02 01:19:00,2019,2,2,1,19,3,03289,les Ébauchys,46.3557281,3.5183764,Nuit sans éclairage public,Hors agglomération,Hors intersection,Normale,Autre collision,3,2,2,0,1,1,1,0,3,80,1,1,0,1,0,0,24.0,,voiture,,3,1,1,1,6
201900018915,2019-01-31 16:50:00,2019,1,31,16,50,1,01364,Les Allys,46.417823,5.063067,Plein jour,En agglomération,Hors intersection,Pluie légère,Sans collision,3,2,2,0,2,2,2,0,3,80,1,1,0,0,1,0,54.0,,deux_roues,,1,2,1,2,7
201900018916,2019-01-31 23:15:00,2019,1,31,23,15,1,01412,D2,46.180225,4.962091,Nuit sans éclairage public,Hors agglomération,Hors intersection,Pluie légère,Sans collision,3,2,2,0,2,1,2,0,8,80,1,1,0,0,1,0,42.0,,voiture,,3,1,1,2,7
201900018917,2019-01-31 07:30:00,2019,1,31,7,30,70,70313,N19,47.641066,6.612746,Crépuscule ou aube,Hors agglomération,Hors intersection,Neige / grêle,Autre collision,2,3,4,0,1,3,5,0,2,110,1,3,2,0,1,0,22.0,,voiture,,2,1,1,4,6