accident_id,datetime,annee,mois,jour,heure,minute,departement,commune_insee,adresse,latitude,longitude,luminosite,agglomeration,intersection,meteo,collision,catr,circ,nbv,vosp,prof,plan,surf,infra,situ,vma,nb_vehicules,nb_usagers,nb_indemnes,nb_tues,nb_blesses_hosp,nb_blesses_legers,age_cond_1,age_cond_2,veh_type_cond_1,veh_type_cond_2,lum_code,agg_code,int_code,atm_code,col_code
201900018918,2019-02-03 11:15:00,2019,2,3,11,15,70,70482,RN 19 PK 25+400,47.693931,5.978232,Plein jour,Hors agglomération,Intersection en X,Normale,Deux véhicules - côté,2,2,2,0,1,1,1,5,1,80,2,3,1,0,1,1,43.0,55.0,voiture,voiture,1,1,2,1,3
201900018919,2019-02-02 21:26:00,2019,2,2,21,26,26,26115,80 chemin des porteronds,44.714181,4.987696,Nuit sans éclairage public,Hors agglomération,Hors intersection,Neige / grêle,Autre collision,4,2,2,0,1,1,2,0,1,70,1,1,0,1,0,0,48.0,,voiture,,3,1,1,4,6
201900018920,2019-02-01 06:00:00,2019,2,1,6,0,54,54316,RD 958 - font des quatre vaux,48.889778,5.929951,Nuit sans éclairage public,Hors agglomération,Hors intersection,Neige / grêle,Deux véhicules - côté,3,2,2,0,4,3,7,0,1,70,2,2,1,0,0,1,38.0,58.0,utilitaire_camion,voiture,3,1,1,4,3
201900018921,2019-02-04 07:45:00,2019,2,4,7,45,72,72024,FONTAINE LES POMMIERS,48.083646,0.151984,Crépuscule ou aube,Hors agglomération,Hors intersection,Normale,Autre collision,4,2,2,0,2,3,1,0,3,80,1,1,0,1,0,0,66.0,,voiture,,2,1,1,1,6
201900018922,2019-02-01 19:15:00,2019,2,1,19,15,14,14431,rue jean jaures,49.0765558,-0.0642511,Nuit sans éclairage public,En agglomération,Hors intersection,Pluie légère,Deux véhicules - frontale,3,2,2,0,1,1,2,0,1,50,2,3,1,0,0,2,35.0,35.0,voiture,voiture,3,2,1,2,1
201900018923,2019-02-03 21:15:00,2019,2,3,21,15,5,05054,RN85 lieu dit bonnette,44.666551,6.080707,Nuit sans éclairage public,Hors agglomération,Hors intersection,Normale,Sans collision,2,2,2,0,2,1,1,0,3,80,1,1,0,0,0,1,28.0,,voiture,,3,1,1,1,7
201900018924,2019-02-01 12:30:00,2019,2,1,12,30,50,50012,D900 angoville sur ay,49.251424,-1.537152,Plein jour,Hors agglomération,Hors intersection,Normale,Trois véhicules et plus - en chaîne,3,2,2,0,2,1,1,0,1,80,3,7,3,0,2,2,40.0,48.0,voiture,voiture,1,1,1,1,4
201900018925,2019-02-03 01:10:00,2019,2,3,1,10,60,60019,D935 ,49.4902835,2.7400368,Nuit sans éclairage public,Hors agglomération,Hors intersection,Temps couvert,Autre collision,3,2,2,0,1,1,2,0,1,80,1,4,3,1,0,0,27.0,,voiture,,3,1,1,8,6
201900018926,2019-01-31 23:30:00,2019,1,31,23,30,60,60030,rue de Beauvais,49.346549,2.0964548,Nuit avec éclairage allumé,En agglomération,Intersection en T,Neige / grêle,Autre collision,3,2,2,0,1,2,7,0,1,50,1,1,0,0,1,0,38.0,,voiture,,5,2,3,4,6
201900018927,2019-02-01 15:30:00,2019,2,1,15,30,45,45313,Route de Patay,48.056045,1.766014,Plein jour,Hors agglomération,Hors intersection,Pluie légère,Deux véhicules - arrière,3,2,2,0,1,1,2,0,1,80,2,2,0,0,0,2,19.0,48.0,voiture,voiture,1,1,1,2,2
201900018928,2019-01-31 17:00:00,2019,1,31,17,0,64,64040,RD 241,43.053928,-0.67723,Plein jour,Hors agglomération,Hors intersection,Temps couvert,Sans collision,3,2,2,0,1,1,2,0,1,80,1,1,0,0,0,1,44.0,,voiture,,1,1,1,8,7
201900018929,2019-02-03 07:00:00,2019,2,3,7,0,64,64466,route départementale 23,43.3482689,-0.8815094,Nuit avec éclairage allumé,Hors agglomération,Giratoire,Normale,Autre collision,3,2,2,0,1,1,2,5,3,80,1,1,0,0,1,0,52.0,,utilitaire_camion,,5,1,6,1,6
201900018930,2019-02-03 17:30:00,2019,2,3,17,30,64,64472,22 route de buros,43.3648473,-0.304332,Plein jour,Hors agglomération,Hors intersection,Normale,Autre collision,3,2,2,0,4,2,1,0,3,80,1,1,0,0,1,0,54.0,,deux_roues,,1,1,1,1,6
201900018931,2019-02-02 10:45:00,2019,2,2,10,45,73,73162,RD 1090,45.6016671,6.2786469,Plein jour,Hors agglomération,Hors intersection,Temps couvert,Deux véhicules - frontale,3,2,2,0,1,1,2,0,1,80,2,2,0,1,1,0,50.0,79.0,voiture,voiture,1,1,1,8,1
201900018932,2019-02-01 18:00:00,2019,2,1,18,0,73,73039,Rte Saint Genix RD 916A,45.560112,5.6760162,Nuit sans éclairage public,Hors agglomération,Hors intersection,Pluie forte,Deux véhicules - frontale,3,2,2,0,1,3,2,0,1,80,2,4,1,0,2,1,40.0,31.0,voiture,voiture,3,1,1,3,1
201900018933,2019-02-03 15:30:00,2019,2,3,15,30,18,18235,6 route de st germain du puy,47.131941,2.538169,Plein jour,En agglomération,Hors intersection,Normale,Autre collision,3,2,2,0,1,1,1,0,4,50,1,1,0,0,0,1,39.0,,voiture,,1,2,1,1,6
201900018934,2019-02-02 20:00:00,2019,2,2,20,0,7,07289,cd 259,44.622432,4.425869,Nuit sans éclairage public,En agglomération,Intersection en T,Normale,Deux véhicules - côté,3,2,2,0,2,3,1,0,1,50,2,2,1,0,0,1,31.0,52.0,voiture,voiture,3,2,3,1,3
201900018935,2019-02-02 23:25:00,2019,2,2,23,25,53,53147,D225,48.293363,-0.627829,Nuit sans éclairage public,Hors agglomération,Hors intersection,Normale,Autre collision,3,2,2,0,1,1,1,0,3,80,1,1,0,0,1,0,49.0,,voiture,,3,1,1,1,6
201900018936,2019-01-31 21:00:00,2019,1,31,21,0,53,53029,rue du port Ringeard,47.809233,-0.544322,Nuit sans éclairage public,En agglomération,Hors intersection,Temps couvert,Autre collision,3,2,2,0,1,1,2,0,4,50,1,1,0,0,1,0,34.0,,voiture,,3,2,1,8,6
201900018937,2019-02-04 07:15:00,2019,2,4,7,15,21,21560,route départementale 15,47.25395,4.237204,Crépuscule ou aube,Hors agglomération,Hors intersection,Normale,Deux véhicules - frontale,3,2,2,0,1,1,2,0,1,80,2,2,0,2,0,0,38.0,51.0,voiture,voiture,2,1,1,1,1
201900018938,2019-02-01 19:20:00,2019,2,1,19,20,40,40103,Route du Marsan,43.949987,-0.36976,Nuit sans éclairage public,Hors agglomération,Hors intersection,Pluie forte,Deux véhicules - arrière,3,2,2,0,1,1,2,5,1,80,2,4,1,0,0,3,49.0,19.0,voiture,voiture,3,1,1,3,2
201900018939,2019-02-02 07:50:00,2019,2,2,7,50,4,04081,RD82,43.753475,5.970278,Plein jour,Hors agglomération,Hors intersection,Pluie légère,Sans collision,3,2,2,0,1,2,7,0,3,80,1,1,0,0,0,1,51.0,,voiture,,1,1,1,2,7
201900018940,2019-02-02 20:45:00,2019,2,2,20,45,85,85182,LE BANCHEREAU,46.78801,-0.83021,Nuit sans éclairage public,Hors agglomération,Hors intersection,Normale,Autre collision,3,2,2,0,2,3,1,0,1,80,1,2,1,0,1,0,47.0,,voiture,,3,1,1,1,6
201900018941,2019-02-04 18:55:00,2019,2,4,18,55,28,28046,place de la gare,48.686499,0.890967,Nuit avec éclairage allumé,En agglomération,Hors intersection,Pluie légère,Autre collision,3,2,2,0,1,3,2,0,3,50,1,1,0,0,1,0,35.0,,voiture,,5,2,1,2,6
201900018942,2019-02-02 23:40:00,2019,2,2,23,40,23,23097,RD 990,46.0532879,2.1936228,Nuit sans éclairage public,Hors agglomération,Hors intersection,Neige / grêle,Sans collision,3,2,2,0,3,1,7,0,1,80,1,3,2,0,1,0,22.0,,voiture,,3,1,1,4,7
201900018943,2019-02-03 18:45:00,2019,2,3,18,45,23,23174,lieu dit la garde,46.2847037,2.2975964,Nuit sans éclairage public,Hors agglomération,Hors intersection,Normale,Autre collision,3,2,2,0,1,2,1,0,3,80,1,2,1,0,1,0,45.0,,voiture,,3,1,1,1,6
201900018944,2019-02-04 08:50:00,2019,2,4,8,50,30,30306,departementale 35,43.8221187,4.0518517,Plein jour,Hors agglomération,Hors intersection,Temps éblouissant,Deux véhicules - côté,3,2,2,0,1,2,1,0,1,80,2,2,1,0,1,0,53.0,25.0,utilitaire_camion,voiture,1,1,1,7,3
201900018945,2019-02-02 12:20:00,2019,2,2,12,20,30,30059,Chemin de marsillargues,43.674454,4.22864,Plein jour,Hors agglomération,Hors intersection,Pluie légère,Deux véhicules - frontale,4,2,2,0,1,1,2,0,1,80,2,2,0,0,0,2,61.0,58.0,voiture,voiture,1,1,1,2,1
201900018946,2019-02-02 14:10:00,2019,2,2,14,10,30,30165,CD 981,44.0970771,4.1493487,Plein jour,Hors agglomération,Intersection en T,Pluie légère,Deux véhicules - frontale,3,2,2,0,2,1,2,0,1,80,2,3,0,1,0,2,22.0,57.0,voiture,voiture,1,1,3,2,1
201900018947,2019-01-31 07:25:00,2019,1,31,7,25,30,30098,RD6110,43.891055,4.0989379,Plein jour,Hors agglomération,Hors intersection,Normale,Deux véhicules - frontale,3,2,2,0,1,2,1,0,1,80,2,2,0,0,2,0,39.0,34.0,voiture,voiture,1,1,1,1,1
201900018948,2019-02-01 04:30:00,2019,2,1,4,30,987,98734,RT1 PK 34 + 200,-17.721252,-149.496638,Nuit avec éclairage allumé,Hors agglomération,Intersection en X,Pluie légère,Deux véhicules - frontale,2,2,2,0,1,1,2,0,1,80,2,2,1,0,1,0,34.0,31.0,deux_roues,voiture,5,1,2,2,1
201900018949,2019-02-01 11:00:00,2019,2,1,11,0,24,24335,Avenue de BORDEAUX RD936E2,44.843681,0.197025,Plein jour,Hors agglomération,Intersection en T,Normale,Deux véhicules - côté,3,2,1,0,1,1,2,0,1,70,2,3,2,0,1,0,20.0,82.0,utilitaire_camion,utilitaire_camion,1,1,3,1,3
201900018950,2019-02-02 17:20:00,2019,2,2,17,20,31,31390,A64 PK 188.800 sens Toulouse / Bayonne,43.097243,0.561505,Plein jour,Hors agglomération,Hors intersection,Pluie légère,Autre collision,1,1,4,0,2,2,2,0,2,110,2,2,1,0,1,0,43.0,40.0,voiture,voiture,1,1,1,2,6
201900018951,2019-02-02 09:30:00,2019,2,2,9,30,13,13050,D15,43.648029,5.211916,Plein jour,Hors agglomération,Hors intersection,Neige / grêle,Deux véhicules - frontale,3,2,2,1,1,3,2,0,1,80,2,2,0,1,1,0,54.0,28.0,utilitaire_camion,voiture,1,1,1,4,1
201900018952,2019-02-01 13:45:00,2019,2,1,13,45,4,04200,A 51,44.157156,5.963477,Plein jour,Hors agglomération,Hors intersection,Pluie forte,Autre collision,1,1,4,0,1,2,2,2,2,110,1,2,1,0,0,1,24.0,,voiture,,1,1,1,3,6
201900018953,2019-02-02 18:30:00,2019,2,2,18,30,38,38193,boulevard de l'isle d'abeau,45.61485,5.22493,Nuit avec éclairage allumé,En agglomération,Hors intersection,Pluie forte,Autre collision,3,2,2,0,1,1,2,0,1,50,1,2,1,0,0,1,47.0,,voiture,,5,2,1,3,6
201900018954,2019-01-30 18:20:00,2019,1,30,18,20,973,97309,avenue cyprien gildon,4.91175,-52.280802,Plein jour,En agglomération,Hors intersection,Normale,Deux véhicules - côté,4,2,2,0,1,1,1,0,1,50,2,2,1,0,0,1,39.0,19.0,voiture,deux_roues,1,2,1,1,3
201900018955,2019-01-28 08:30:00,2019,1,28,8,30,34,34082,D127,43.664308,3.756844,Plein jour,Hors agglomération,Intersection en T,Normale,Deux véhicules - côté,3,2,2,0,1,2,1,0,1,80,2,2,1,0,1,0,31.0,15.0,voiture,deux_roues,1,1,3,1,3
201900018956,2019-02-03 06:15:00,2019,2,3,6,15,44,44028,autoroute A11 pk 328+400,47.345636,-1.365692,Nuit sans éclairage public,Hors agglomération,Hors intersection,Normale,Sans collision,1,3,4,0,1,1,1,0,3,130,1,5,0,0,5,0,22.0,,voiture,,3,1,1,1,7
201900018957,2019-09-10 17:45:00,2019,9,10,17,45,35,35238,VITRE (BLD DE),48.11572,-1.64838,Plein jour,En agglomération,Intersection en X,Normale,Deux véhicules - côté,4,2,0,1,1,1,1,0,1,50,2,2,1,0,1,0,19.0,19.0,deux_roues,voiture,1,2,2,1,3
201900018958,2019-09-12 00:10:00,2019,9,12,0,10,33,33522,CRS DE LA LIBERATION,44.79818,-0.60003,Nuit avec éclairage allumé,En agglomération,Intersection en T,Pluie légère,Deux véhicules - arrière,4,3,7,2,1,1,1,0,1,50,2,1,0,0,1,0,18.0,,deux_roues,,5,2,3,2,2
201900018959,2019-09-05 12:10:00,2019,9,5,12,10,33,33281,AVE ARISTIDE BRIAND,44.82539,-0.61826,Plein jour,En agglomération,Intersection en X,Normale,Autre collision,4,2,2,0,1,1,1,0,1,50,1,2,1,0,0,1,19.0,,voiture,,1,2,2,1,6
201900018960,2019-09-10 09:20:00,2019,9,10,9,20,33,33075,AVE DES 4 PONTS,44.89611,-0.61498,Plein jour,Hors agglomération,Hors intersection,Pluie légère,Deux véhicules - arrière,4,2,2,0,1,1,2,9,1,80,2,2,1,0,0,1,47.0,49.0,deux_roues,deux_roues,1,1,1,2,2
201900018961,2019-09-10 20:07:00,2019,9,10,20,7,33,33039,RUE LOUIS BLERIOT,44.80291,-0.53141,Nuit avec éclairage allumé,En agglomération,Hors intersection,Normale,Deux véhicules - frontale,4,2,4,1,1,2,1,0,1,50,2,6,0,0,0,6,42.0,25.0,voiture,voiture,5,2,1,1,1
201900018962,2019-09-08 05:25:00,2019,9,8,5,25,33,33063,AVE THIERS,44.84235,-0.55614,Nuit avec éclairage allumé,En agglomération,Intersection en T,Normale,Deux véhicules - côté,4,3,8,0,1,1,1,5,1,50,2,2,1,0,0,1,39.0,39.0,voiture,deux_roues,5,2,3,1,3
201900018963,2019-09-10 14:00:00,2019,9,10,14,0,31,31555,RUE RAYMOND CORRAZE,43.58084,1.48586,Plein jour,En agglomération,Hors intersection,Normale,Autre collision,4,2,2,1,2,1,1,0,1,50,1,2,1,0,1,0,83.0,,voiture,,1,2,1,1,6
201900018964,2019-09-10 09:35:00,2019,9,10,9,35,31,31555,AV DES ETATS UNIS,43.64048,1.42904,Plein jour,En agglomération,Hors intersection,Normale,Sans collision,3,3,2,1,1,1,1,0,1,50,1,2,1,0,0,1,29.0,,voiture,,1,2,1,1,7
201900018965,2019-09-06 16:30:00,2019,9,6,16,30,31,31555,PONT NEUF,43.59969,1.44091,Plein jour,En agglomération,Hors intersection,Normale,Deux véhicules - côté,3,1,3,3,4,1,1,0,1,50,2,3,2,0,1,0,72.0,45.0,voiture,deux_roues,1,2,1,1,3
201900018966,2019-09-11 17:15:00,2019,9,11,17,15,30,30189,DION BOUTON (COURS),43.8115,4.3392,Plein jour,En agglomération,Intersection en X,Normale,Deux véhicules - côté,4,2,2,0,1,2,1,5,1,50,2,2,1,0,1,0,28.0,42.0,deux_roues,voiture,1,2,2,1,3
201900018967,2019-09-10 11:15:00,2019,9,10,11,15,27,27554,ROUEN (AVENUE DE),49.13207,1.42818,Plein jour,En agglomération,Hors intersection,Normale,Trois véhicules et plus - en chaîne,3,2,2,0,1,1,1,0,1,70,4,4,3,0,0,1,66.0,56.0,voiture,voiture,1,2,1,1,4
201900018968,2019-09-10 12:15:00,2019,9,10,12,15,26,26362,FAVENTINES RUE,44.91322,4.91388,Plein jour,En agglomération,Hors intersection,Normale,Autre collision,4,2,2,1,1,1,1,0,1,50,1,3,2,0,1,0,49.0,,utilitaire_camion,,1,2,1,1,6
201900018969,2019-09-11 18:05:00,2019,9,11,18,5,17,17200,RN 237,46.17816,-1.15856,Plein jour,Hors agglomération,Hors intersection,Normale,Deux véhicules - arrière,2,3,4,0,1,1,1,0,1,90,2,2,0,0,0,2,20.0,30.0,voiture,voiture,1,1,1,1,2
201900018970,2019-09-11 16:00:00,2019,9,11,16,0,17,17300,JOFFRE   BOULEVARD (79 et 18),46.15797,-1.14235,Plein jour,En agglomération,Intersection en X,Normale,Deux véhicules - côté,4,1,4,0,1,1,1,6,1,50,2,4,1,0,0,3,32.0,30.0,voiture,voiture,1,2,2,1,3
201900018971,2019-09-11 17:30:00,2019,9,11,17,30,13,13208,PARADIS (RUE),43.2736,5.38517,Plein jour,En agglomération,Hors intersection,Normale,Autre collision,4,2,2,0,1,1,1,0,1,50,1,2,1,0,0,1,27.0,,deux_roues,,1,2,1,1,6
201900018972,2019-09-11 12:55:00,2019,9,11,12,55,13,13204,SAINT JUST (AVENUE DE),43.315621,5.40373,Plein jour,En agglomération,Intersection en T,Normale,Deux véhicules - côté,4,2,3,0,1,1,1,0,1,50,2,2,1,0,0,1,55.0,43.0,deux_roues,voiture,1,2,3,1,3
201900018973,2019-09-10 11:00:00,2019,9,10,11,0,13,13215,CAP PINEDE (Avenue),43.3273708,5.3597778,Plein jour,En agglomération,Hors intersection,Normale,Trois véhicules et plus - en chaîne,3,3,2,0,2,1,1,0,1,50,3,3,2,0,0,1,39.0,50.0,utilitaire_camion,voiture,1,2,1,1,4
201900018974,2019-09-10 23:00:00,2019,9,10,23,0,13,13214,CAPITAINE GEZE (BOULEVARD),43.3314,5.376844,Nuit avec éclairage allumé,En agglomération,Intersection en X,Normale,Deux véhicules - arrière,4,-1,0,0,1,1,1,0,4,50,2,2,0,0,2,0,60.0,,voiture,,5,2,2,1,2
201900018975,2019-09-10 15:25:00,2019,9,10,15,25,13,13215,CAP PINEDE (Avenue),43.32742,5.36035,Plein jour,En agglomération,Hors intersection,Pluie légère,Trois véhicules et plus - en chaîne,4,3,4,0,2,1,2,0,1,50,4,4,1,0,0,3,34.0,26.0,voiture,voiture,1,2,1,2,4
201900018976,2019-09-11 21:00:00,2019,9,11,21,0,13,13047,RD 569,43.5417091,4.9734702,Nuit sans éclairage public,Hors agglomération,Hors intersection,Normale,Autre collision,3,2,2,0,1,1,1,0,1,80,2,2,1,0,0,1,35.0,19.0,transport_commun,voiture,3,1,1,1,6
201900018977,2019-09-11 15:15:00,2019,9,11,15,15,13,13047,EDOUARD GUIZONNIER BOULEVARD,43.510733,4.988222,Plein jour,En agglomération,Giratoire,Normale,Autre collision,4,1,1,0,1,2,1,0,1,30,1,2,1,0,0,1,72.0,,voiture,,1,2,6,1,6
201900018978,2019-09-11 14:25:00,2019,9,11,14,25,13,13005,PERI (AVENUE GABRIEL),43.29467,5.56982,Plein jour,En agglomération,Intersection en T,Normale,Autre collision,4,1,1,0,1,1,1,5,1,30,1,2,1,0,0,1,63.0,,voiture,,1,2,3,1,6
201900018979,2019-09-11 16:30:00,2019,9,11,16,30,10,10387,GENERAL LECLERC (RUE DU),48.3108,4.052,Plein jour,En agglomération,Autre intersection,Normale,Deux véhicules - côté,4,2,3,0,1,1,1,9,1,50,2,3,2,0,0,1,47.0,42.0,voiture,voiture,1,2,9,1,3
201900018980,2019-09-11 18:00:00,2019,9,11,18,0,6,06083,MUNET (RUE DES SOEURS),43.77483,7.49301,Plein jour,En agglomération,Hors intersection,Normale,Trois véhicules et plus - en chaîne,4,1,1,0,2,1,1,0,1,50,3,3,2,0,0,1,41.0,42.0,deux_roues,voiture,1,2,1,1,4
201900018981,2019-09-06 08:20:00,2019,9,6,8,20,3,03013,avenue des Isles,46.5774985,3.3164245,Plein jour,En agglomération,Hors intersection,Normale,Deux véhicules - frontale,4,2,3,0,1,1,1,0,1,30,2,2,1,0,1,0,35.0,17.0,transport_commun,deux_roues,1,2,1,1,1
201900018982,2019-09-11 10:47:00,2019,9,11,10,47,75,75112,BOULEVARD PONIATOWSKI,48.8292491,2.3903762,Plein jour,En agglomération,Intersection en X,Normale,Deux véhicules - côté,4,3,4,0,1,3,1,0,1,50,2,4,3,0,1,0,24.0,45.0,voiture,deux_roues,1,2,2,1,3
201900018983,2019-09-10 09:00:00,2019,9,10,9,0,75,75105,RUE BUFFON,48.842051,2.359369,Plein jour,En agglomération,Hors intersection,Normale,Deux véhicules - côté,4,1,2,0,1,1,1,0,1,30,2,2,1,0,0,1,34.0,29.0,deux_roues,utilitaire_camion,1,2,1,1,3
201900018984,2019-09-11 21:00:00,2019,9,11,21,0,75,75120,RUE HAXO,48.874849,2.403057,Nuit avec éclairage allumé,En agglomération,Hors intersection,Normale,Deux véhicules - frontale,4,2,2,0,2,1,1,0,1,50,2,2,1,0,0,1,57.0,21.0,voiture,voiture,5,2,1,1,1
201900018985,2019-09-11 10:30:00,2019,9,11,10,30,75,75120,RUE VITRUVE,48.85702,2.4029505,Plein jour,En agglomération,Hors intersection,Normale,Autre collision,4,1,2,0,1,1,1,0,1,30,1,2,1,0,0,1,42.0,,voiture,,1,2,1,1,6
201900018986,2019-09-11 18:00:00,2019,9,11,18,0,75,75118,RUE MARCADET,48.890443,2.352005,Plein jour,En agglomération,Hors intersection,Normale,Deux véhicules - côté,4,2,2,0,1,1,1,0,1,50,2,2,0,0,1,1,31.0,25.0,deux_roues,deux_roues,1,2,1,1,3
201900018987,2019-09-11 16:16:00,2019,9,11,16,16,75,75119,RUE D AUBERVILLIERS,48.885543,2.365805,Plein jour,En agglomération,Intersection en X,Normale,Deux véhicules - côté,4,2,2,1,1,1,1,0,5,30,2,2,1,0,0,1,73.0,22.0,voiture,deux_roues,1,2,2,1,3
201900018988,2019-09-11 19:50:00,2019,9,11,19,50,75,75117,AVENUE DE LA GRANDE ARMEE,48.874607,2.293113,Nuit avec éclairage allumé,En agglomération,Intersection en X,Normale,Deux véhicules - côté,4,2,8,0,2,1,1,5,1,50,2,2,0,0,0,2,33.0,35.0,deux_roues,deux_roues,5,2,2,1,3
201900018989,2019-09-11 01:17:00,2019,9,11,1,17,75,75117,AVENUE DE WAGRAM,48.8832779,2.3019596,Nuit avec éclairage allumé,En agglomération,Intersection en X,Normale,Autre collision,4,2,2,0,1,1,1,0,1,50,1,2,1,0,0,1,44.0,,voiture,,5,2,2,1,6
201900018990,2019-09-11 07:54:00,2019,9,11,7,54,75,75113,BOULEVARD DE L HOPITAL,48.8331756,2.3567641,Plein jour,En agglomération,Intersection en X,Temps couvert,Deux véhicules - arrière,4,2,3,0,1,1,1,0,1,50,2,3,0,0,0,3,61.0,22.0,voiture,voiture,1,2,2,8,2
201900018991,2019-09-11 17:40:00,2019,9,11,17,40,75,75112,AVENUE DAUMESNIL,48.8335532,2.4147756,Plein jour,En agglomération,Hors intersection,Normale,Deux véhicules - côté,4,2,2,0,1,1,1,0,1,50,2,2,1,0,0,1,42.0,36.0,deux_roues,voiture,1,2,1,1,3
201900018992,2019-09-11 12:20:00,2019,9,11,12,20,75,75112,AVENUE CHARLES DE FOUCAULD,48.8333363,2.4057122,Plein jour,En agglomération,Intersection en T,Normale,Autre collision,4,1,1,0,1,1,1,0,1,50,1,3,2,0,0,1,20.0,,voiture,,1,2,3,1,6
201900018993,2019-09-10 23:54:00,2019,9,10,23,54,75,75111,BOULEVARD VOLTAIRE,48.859225,2.377731,Nuit avec éclairage allumé,En agglomération,Hors intersection,Normale,Deux véhicules - côté,4,2,2,-1,2,1,1,0,1,50,2,2,1,0,0,1,22.0,22.0,voiture,deux_roues,5,2,1,1,3
201900018994,2019-09-11 12:56:00,2019,9,11,12,56,75,75107,QUAI BRANLY,48.8574977,2.2910211,Plein jour,En agglomération,Intersection en T,Normale,Deux véhicules - côté,4,2,6,0,1,1,1,0,1,50,2,2,1,0,0,1,50.0,60.0,deux_roues,voiture,1,2,3,1,3
201900018995,2019-09-11 09:00:00,2019,9,11,9,0,75,75104,PONT DE SULLY,48.8508089,2.3614436,Plein jour,En agglomération,Intersection en X,Temps couvert,Autre collision,4,1,2,1,1,1,1,0,5,50,2,1,0,0,0,1,41.0,,deux_roues,,1,2,2,8,6
201900018996,2019-09-10 11:40:00,2019,9,10,11,40,94,94058,PARCLAIRS (R DES),48.83598,2.49983,Plein jour,En agglomération,Intersection en T,Normale,Autre collision,4,1,1,0,1,2,1,0,1,50,1,2,1,0,0,1,78.0,,voiture,,1,2,3,1,6
201900018997,2019-09-10 17:40:00,2019,9,10,17,40,94,94016,PRESIDENT WILSON (AV DU),48.791563,2.328347,Plein jour,En agglomération,Autre intersection,Normale,Deux véhicules - frontale,3,2,2,0,1,1,1,5,1,50,2,4,3,0,0,1,44.0,19.0,voiture,deux_roues,1,2,9,1,1
201900018998,2019-09-11 18:50:00,2019,9,11,18,50,94,94073,ERNEST HEMINGWAY (R),48.7564,2.3927,Plein jour,En agglomération,Hors intersection,Normale,Autre collision,4,2,2,0,1,2,1,0,1,30,1,2,1,0,0,1,84.0,,voiture,,1,2,1,1,6
201900018999,2019-09-11 17:10:00,2019,9,11,17,10,94,94017,CHARLES FLOQUET (R),48.81789,2.48227,Plein jour,En agglomération,Hors intersection,Normale,Autre collision,3,2,2,0,1,1,1,0,1,50,1,2,1,0,0,1,42.0,,voiture,,1,2,1,1,6
201900019000,2019-09-11 18:00:00,2019,9,11,18,0,94,94004,MAROLLES (R DE),48.75279,2.52583,Plein jour,En agglomération,Hors intersection,Normale,Autre collision,4,2,1,0,1,1,1,0,1,30,1,2,1,0,0,1,33.0,,voiture,,1,2,1,1,6
201900019001,2019-09-11 22:00:00,2019,9,11,22,0,93,93073,RESISTANCE (RUE DE LA),48.94972,2.56496,Nuit avec éclairage allumé,En agglomération,Hors intersection,Normale,Autre collision,3,1,2,0,1,1,1,0,1,50,1,1,0,0,0,1,28.0,,voiture,,5,2,1,1,6
201900019002,2019-09-10 14:00:00,2019,9,10,14,0,93,93078,DUCLOS (RUE JACQUES),48.958087,2.549894,Plein jour,En agglomération,Hors intersection,Normale,Autre collision,4,2,2,0,1,1,1,0,1,50,1,2,1,0,1,0,38.0,,voiture,,1,2,1,1,6
201900019003,2019-09-11 12:20:00,2019,9,11,12,20,93,93074,MEAUX RUE DE,48.93656,2.5826,Plein jour,En agglomération,Hors intersection,Normale,Sans collision,3,1,0,0,1,1,1,0,1,50,1,1,0,0,0,1,16.0,,deux_roues,,1,2,1,1,7
201900019004,2019-09-11 21:05:00,2019,9,11,21,5,93,93061,JAURES PLACE JEAN,48.884,2.407,Nuit avec éclairage allumé,En agglomération,Hors intersection,Normale,Autre collision,4,2,2,0,1,1,1,0,1,50,1,2,1,0,1,0,29.0,,voiture,,5,2,1,1,6
201900019005,2019-09-10 22:20:00,2019,9,10,22,20,93,93061,PERI GABRIEL RUE,48.886765,2.407592,Nuit avec éclairage allumé,En agglomération,Intersection en X,Normale,Deux véhicules - frontale,3,2,2,0,1,1,1,0,1,50,2,2,1,0,1,0,27.0,41.0,utilitaire_camion,deux_roues,5,2,2,1,1
201900019006,2019-09-11 17:10:00,2019,9,11,17,10,93,93030,CROIZAT (AVENUE AMBROISE),48.95786,2.41593,Plein jour,En agglomération,Hors intersection,Normale,Deux véhicules - arrière,4,2,2,0,2,1,1,0,3,50,2,3,1,0,0,2,39.0,51.0,voiture,voiture,1,2,1,1,2
201900019007,2019-09-11 21:00:00,2019,9,11,21,0,93,93057,WILSON (AV. DU PRESIDENT) 120 A FIN,48.90291,2.50831,Nuit avec éclairage allumé,En agglomération,Hors intersection,Normale,Deux véhicules - frontale,4,2,2,0,1,1,1,0,1,50,2,2,1,0,0,1,47.0,19.0,voiture,deux_roues,5,2,1,1,1
201900019008,2019-09-11 17:17:00,2019,9,11,17,17,92,92048,CHARLES DESVERGNES (RUE),48.81799,2.23193,Plein jour,En agglomération,Hors intersection,Normale,Sans collision,4,1,1,0,2,3,1,0,2,50,1,1,0,0,0,1,11.0,,deux_roues,,1,2,1,1,7
201900019009,2019-09-11 07:45:00,2019,9,11,7,45,92,92026,COLOMBES,48.89497,2.25298,Crépuscule ou aube,En agglomération,Intersection en T,Normale,Autre collision,3,2,2,0,1,1,1,0,1,30,1,2,1,0,0,1,33.0,,voiture,,2,2,3,1,6