accident_id,datetime,annee,mois,jour,heure,minute,departement,commune_insee,adresse,latitude,longitude,luminosite,agglomeration,intersection,meteo,collision,catr,circ,nbv,vosp,prof,plan,surf,infra,situ,vma,nb_vehicules,nb_usagers,nb_indemnes,nb_tues,nb_blesses_hosp,nb_blesses_legers,age_cond_1,age_cond_2,veh_type_cond_1,veh_type_cond_2,lum_code,agg_code,int_code,atm_code,col_code
201900019010,2019-09-09 13:00:00,2019,9,9,13,0,2A,2A276,D757,41.727005,8.828041,Plein jour,Hors agglomération,Intersection en T,Normale,Deux véhicules - côté,3,2,2,0,1,1,1,0,1,80,2,2,1,0,1,0,50.0,31.0,deux_roues,voiture,1,1,3,1,3
201900019011,2019-09-09 16:30:00,2019,9,9,16,30,68,68315,Rue du Vieil Armand,47.881697,7.229116,Plein jour,En agglomération,Hors intersection,Normale,Deux véhicules - arrière,3,2,2,1,1,1,1,0,1,50,2,4,2,0,0,2,33.0,46.0,voiture,voiture,1,2,1,1,2
201900019012,2019-09-10 11:40:00,2019,9,10,11,40,23,23132,"Voie communale, lieu-dit Les Chaumes",46.120629,1.716166,Plein jour,Hors agglomération,Hors intersection,Normale,Deux véhicules - côté,4,2,2,0,3,3,1,0,1,-1,2,2,1,0,1,0,87.0,57.0,voiture,voiture,1,1,1,1,3
201900019013,2019-09-11 07:55:00,2019,9,11,7,55,46,46262,vidal,44.302422,1.230168,Plein jour,Hors agglomération,Intersection en T,Normale,Deux véhicules - côté,3,2,2,0,1,1,1,0,1,80,2,2,1,0,1,0,18.0,54.0,deux_roues,deux_roues,1,1,3,1,3
201900019014,2019-09-11 22:20:00,2019,9,11,22,20,44,44066,RN137,47.3625677,-1.6549702,Nuit sans éclairage public,Hors agglomération,Hors intersection,Normale,Deux véhicules - arrière,2,3,4,3,2,3,1,9,2,80,2,2,1,0,1,0,41.0,52.0,utilitaire_camion,utilitaire_camion,3,1,1,1,2
201900019015,2019-09-06 14:55:00,2019,9,6,14,55,30,30334,Route de Saint-Ambroix,44.045999,4.405057,Plein jour,Hors agglomération,Intersection en X,Normale,Deux véhicules - côté,3,2,2,0,1,1,1,5,1,80,2,3,1,0,0,2,41.0,72.0,deux_roues,voiture,1,1,2,1,3
201900019016,2019-09-12 11:50:00,2019,9,12,11,50,77,77069,D115,48.4768,2.63707,Plein jour,Hors agglomération,Hors intersection,Normale,Sans collision,3,2,2,0,1,1,1,0,3,80,1,1,0,0,1,0,52.0,,deux_roues,,1,1,1,1,7
201900019017,2019-09-11 09:00:00,2019,9,11,9,0,79,79202,Avenue du 114e Régiment d'Infanterie,46.645152,-0.252021,Plein jour,En agglomération,Hors intersection,Normale,Autre collision,3,2,3,1,2,1,1,9,1,50,1,2,1,1,0,0,76.0,,voiture,,1,2,1,1,6
201900019018,2019-09-12 02:50:00,2019,9,12,2,50,2B,2B251,Migliacciaro,41.999279,9.402754,Nuit avec éclairage allumé,En agglomération,Giratoire,Normale,Autre collision,2,-1,1,0,1,2,1,5,4,50,1,1,0,0,1,0,18.0,,deux_roues,,5,2,6,1,6
201900019019,2019-09-11 20:45:00,2019,9,11,20,45,81,81288,Pont Crouzet,43.451714,2.050779,Crépuscule ou aube,Hors agglomération,Hors intersection,Normale,Deux véhicules - arrière,3,2,2,0,1,1,1,0,1,80,2,2,0,0,1,1,31.0,29.0,voiture,voiture,2,1,1,1,2
201900019020,2019-09-11 16:00:00,2019,9,11,16,0,32,32159,Route de l'Isle de Noe,43.573002,0.43821,Plein jour,Hors agglomération,Hors intersection,Normale,Autre collision,4,2,2,0,2,3,1,0,3,80,1,2,0,0,1,1,15.0,,deux_roues,,1,1,1,1,6
201900019021,2019-09-07 16:50:00,2019,9,7,16,50,32,32160,5 TER Rue Charles Bacque,43.612266,1.078685,Plein jour,En agglomération,Hors intersection,Normale,Deux véhicules - arrière,4,2,2,0,2,1,1,0,1,50,2,2,1,0,1,0,54.0,84.0,deux_roues,voiture,1,2,1,1,2
201900019022,2019-09-11 22:30:00,2019,9,11,22,30,89,89155,D 606,47.724388,3.606732,Nuit sans éclairage public,Hors agglomération,Intersection en T,Normale,Deux véhicules - frontale,3,2,2,0,1,1,1,0,1,80,2,5,1,0,4,0,73.0,65.0,voiture,voiture,3,1,3,1,1
201900019023,2019-09-11 06:45:00,2019,9,11,6,45,49,49022,rd 54 lieu dit le breuil,47.3272031,-0.6252283,Crépuscule ou aube,Hors agglomération,Hors intersection,Normale,Deux véhicules - côté,3,2,2,0,1,2,1,0,1,80,2,2,1,0,1,0,47.0,40.0,voiture,voiture,2,1,1,1,3
201900019024,2019-08-12 17:30:00,2019,8,12,17,30,49,49308,D127,47.369439,-0.494067,Plein jour,Hors agglomération,Hors intersection,Pluie forte,Deux véhicules - frontale,3,2,2,0,1,3,2,0,1,80,2,2,1,0,0,1,16.0,33.0,deux_roues,voiture,1,1,1,3,1
201900019025,2019-09-12 13:50:00,2019,9,12,13,50,47,47310,Boulevard Max Dormoy,44.387524,0.317258,Plein jour,En agglomération,Hors intersection,Normale,Deux véhicules - côté,3,2,2,0,1,1,1,0,1,50,2,2,1,0,0,1,54.0,52.0,deux_roues,utilitaire_camion,1,2,1,1,3
201900019026,2019-09-12 10:55:00,2019,9,12,10,55,39,39478,33 Rue du Pré,46.3892,5.864335,Plein jour,En agglomération,Hors intersection,Normale,Autre collision,3,1,1,0,1,1,1,0,1,30,1,2,1,0,1,0,71.0,,voiture,,1,2,1,1,6
201900019027,2019-09-12 09:00:00,2019,9,12,9,0,39,39269,,46.383797,5.712151,Plein jour,Hors agglomération,Hors intersection,Normale,Deux véhicules - frontale,3,2,2,0,2,3,1,0,1,80,2,2,1,1,0,0,18.0,22.0,voiture,deux_roues,1,1,1,1,1
201900019028,2019-09-11 12:30:00,2019,9,11,12,30,44,44036,Le Bois du Parc,47.722763,-1.347624,Plein jour,Hors agglomération,Hors intersection,Normale,Deux véhicules - côté,3,2,2,0,1,1,1,0,1,80,2,2,1,0,1,0,77.0,16.0,utilitaire_camion,deux_roues,1,1,1,1,3
201900019029,2019-09-11 00:05:00,2019,9,11,0,5,2,02355,Rue Voltaire,49.88485,3.227553,Nuit sans éclairage public,En agglomération,Hors intersection,Normale,Sans collision,3,2,2,0,2,3,1,0,1,50,1,5,0,0,2,3,23.0,,voiture,,3,2,1,1,7
201900019030,2019-09-11 21:01:00,2019,9,11,21,1,3,03076,,46.5892639,3.3988789,Nuit sans éclairage public,Hors agglomération,Hors intersection,Normale,Deux véhicules - frontale,3,2,2,0,1,1,1,0,1,80,2,3,0,1,2,0,22.0,48.0,voiture,voiture,3,1,1,1,1
201900019031,2019-09-12 08:30:00,2019,9,12,8,30,15,15205,D680 - PK 28+700,45.135251,2.479161,Plein jour,Hors agglomération,Hors intersection,Temps éblouissant,Deux véhicules - frontale,3,2,2,0,1,1,1,0,1,80,2,3,2,0,1,0,63.0,64.0,utilitaire_camion,voiture,1,1,1,7,1
201900019032,2019-09-12 12:20:00,2019,9,12,12,20,15,15179,D 922,45.093367,2.408458,Plein jour,Hors agglomération,Hors intersection,Normale,Sans collision,3,2,2,0,1,2,1,0,8,80,1,2,0,0,1,1,32.0,,deux_roues,,1,1,1,1,7
201900019033,2019-09-12 10:00:00,2019,9,12,10,0,43,43087,28 RUE DU 11 NOVEMBRE,45.215043,4.344067,Plein jour,En agglomération,Hors intersection,Normale,Autre collision,3,2,2,0,2,1,1,0,1,50,1,2,1,1,0,0,44.0,,utilitaire_camion,,1,2,1,1,6
201900019034,2019-09-12 17:30:00,2019,9,12,17,30,21,21012,RD 980,47.811008,4.532071,Plein jour,Hors agglomération,Hors intersection,Normale,Deux véhicules - frontale,3,2,2,0,1,1,1,0,1,80,2,3,0,0,3,0,60.0,32.0,voiture,voiture,1,1,1,1,1
201900019035,2019-09-12 04:30:00,2019,9,12,4,30,21,21568,Rue de l'Étang,47.634796,4.302214,Nuit avec éclairage allumé,En agglomération,Hors intersection,Normale,Autre collision,4,2,2,0,1,1,1,2,1,50,1,1,0,1,0,0,23.0,,deux_roues,,5,2,1,1,6
201900019036,2019-09-11 22:15:00,2019,9,11,22,15,4,04049,RN 85,44.092636,6.008987,Nuit avec éclairage allumé,En agglomération,Hors intersection,Normale,Autre collision,2,2,2,0,1,1,1,0,1,50,1,1,0,0,0,1,29.0,,voiture,,5,2,1,1,6
201900019037,2019-09-11 20:45:00,2019,9,11,20,45,27,27109,D133,49.103188,0.825607,Nuit sans éclairage public,Hors agglomération,Hors intersection,Normale,Deux véhicules - arrière,3,2,2,0,1,1,1,0,1,80,2,3,2,1,0,0,53.0,34.0,voiture,deux_roues,3,1,1,1,2
201900019038,2019-09-11 21:15:00,2019,9,11,21,15,37,37047,la gélinière,47.5082142,0.6720504,Nuit sans éclairage public,Hors agglomération,Hors intersection,Normale,Autre collision,3,2,2,0,1,1,1,0,3,80,1,2,1,0,1,0,23.0,,voiture,,3,1,1,1,6
201900019039,2019-06-18 08:20:00,2019,6,18,8,20,30,30133,Rue des Lamparos,43.5366805,4.1353038,Plein jour,En agglomération,Intersection en T,Normale,Autre collision,4,2,2,0,1,1,1,0,1,50,1,1,0,1,0,0,39.0,,voiture,,1,2,3,1,6
201900019040,2019-09-12 09:30:00,2019,9,12,9,30,48,48065,RD996,44.202178,3.507094,Plein jour,Hors agglomération,Hors intersection,Normale,Deux véhicules - frontale,3,2,2,0,1,2,1,0,1,80,2,2,1,0,1,0,51.0,71.0,utilitaire_camion,deux_roues,1,1,1,1,1
201900019041,2019-08-21 12:25:00,2019,8,21,12,25,973,97307,PK 13,4.8039699,-52.3762894,Plein jour,Hors agglomération,Hors intersection,Normale,Deux véhicules - frontale,2,2,2,0,1,1,1,0,1,80,2,2,1,0,1,0,24.0,27.0,utilitaire_camion,utilitaire_camion,1,1,1,1,1
201900019042,2019-09-11 17:30:00,2019,9,11,17,30,1,01274,route de geneve,46.159592,5.651772,Plein jour,Hors agglomération,Intersection en T,Normale,Deux véhicules - côté,3,2,2,0,1,2,1,3,1,70,2,2,1,0,0,1,53.0,59.0,voiture,voiture,1,1,3,1,3
201900019043,2019-09-11 17:35:00,2019,9,11,17,35,6,06018,Route des Lucioles,43.617031,7.060728,Plein jour,Hors agglomération,Hors intersection,Normale,Deux véhicules - arrière,3,2,2,0,1,1,1,0,1,70,2,2,1,0,1,0,32.0,46.0,voiture,deux_roues,1,1,1,1,2
201900019044,2019-09-11 15:48:00,2019,9,11,15,48,86,86027,autoroute A10 PK 306.600,46.588511,0.298799,Plein jour,Hors agglomération,Hors intersection,Normale,Trois véhicules et plus - en chaîne,1,3,4,0,1,1,1,0,1,130,3,3,2,0,0,1,23.0,50.0,voiture,utilitaire_camion,1,1,1,1,4
201900019045,2019-08-23 07:20:00,2019,8,23,7,20,86,86115,Autoroute A10 Marigny Brizay (Marigny-Brizay),46.726097,0.391496,Plein jour,Hors agglomération,Hors intersection,Normale,Deux véhicules - arrière,1,3,4,0,1,1,1,0,1,130,2,5,0,0,1,4,51.0,42.0,voiture,utilitaire_camion,1,1,1,1,2
201900019046,2019-09-12 16:00:00,2019,9,12,16,0,38,38485,151 Route de Saint-Nizier,45.169746,5.672252,Plein jour,Hors agglomération,Hors intersection,Normale,Deux véhicules - côté,3,2,2,0,1,1,1,0,1,70,2,4,2,0,0,2,66.0,35.0,deux_roues,deux_roues,1,1,1,1,3
201900019047,2019-08-28 05:40:00,2019,8,28,5,40,976,97617,CCD1 Combani,-12.792059,45.133,Crépuscule ou aube,En agglomération,Hors intersection,Normale,Autre collision,3,2,2,0,1,1,1,0,1,-1,1,2,1,0,1,0,25.0,,voiture,,2,2,1,1,6
201900019048,2019-09-10 14:00:00,2019,9,10,14,0,971,97106,Rue de la Rocade,16.092108,-61.768468,Plein jour,En agglomération,Autre intersection,Normale,Trois véhicules et plus - collisions multiples,4,-1,1,0,2,1,1,0,1,50,3,3,1,0,1,1,21.0,63.0,voiture,voiture,1,2,9,1,5
201900019049,2019-09-10 13:10:00,2019,9,10,13,10,45,45122,D953 PK6+250,47.737817,2.514192,Plein jour,Hors agglomération,Intersection en X,Normale,Deux véhicules - côté,3,2,2,0,1,1,1,0,1,70,2,2,1,0,0,1,75.0,29.0,voiture,deux_roues,1,1,2,1,3
201900019050,2019-09-12 08:30:00,2019,9,12,8,30,95,95054,RD 43,49.151044,1.884716,Plein jour,Hors agglomération,Hors intersection,Normale,Deux véhicules - côté,3,2,2,0,1,1,1,5,1,80,2,2,1,0,1,0,23.0,29.0,deux_roues,utilitaire_camion,1,1,1,1,3
201900019051,2019-09-09 21:45:00,2019,9,9,21,45,78,78140,Avenue de la porte du May / D43,48.962783,1.924277,Nuit sans éclairage public,Hors agglomération,Intersection en T,Normale,Deux véhicules - frontale,3,2,2,0,1,1,1,0,1,70,2,2,0,0,0,2,35.0,37.0,transport_commun,voiture,3,1,3,1,1
201900019052,2019-09-12 19:45:00,2019,9,12,19,45,2A,2A247,Route de l'Ospedale,41.653248,9.20545,Crépuscule ou aube,Hors agglomération,Hors intersection,Normale,Deux véhicules - frontale,3,2,2,0,2,3,1,0,1,80,2,2,1,0,1,0,25.0,41.0,voiture,deux_roues,2,1,1,1,1
201900019053,2019-09-11 18:40:00,2019,9,11,18,40,30,30206,Route de Cabrières,43.910395,4.436406,Plein jour,Hors agglomération,Hors intersection,Normale,Sans collision,3,2,2,0,1,1,1,0,1,80,1,1,0,0,1,0,39.0,,voiture,,1,1,1,1,7
201900019054,2019-09-11 16:15:00,2019,9,11,16,15,34,34157,Rue des Adieux,43.426317,3.603289,Plein jour,En agglomération,Hors intersection,Temps éblouissant,Autre collision,9,-1,2,0,1,1,1,0,1,50,1,2,1,0,1,0,74.0,,voiture,,1,2,1,7,6
201900019055,2019-09-12 08:25:00,2019,9,12,8,25,6,06011,1 Rue du 8 Mai 1945,43.708376,7.331996,Plein jour,En agglomération,Hors intersection,Normale,Autre collision,4,1,1,0,1,1,1,0,1,30,1,2,1,0,1,0,26.0,,utilitaire_camion,,1,2,1,1,6
201900019056,2019-09-12 18:40:00,2019,9,12,18,40,5,05070,Route d'Arzeliers,44.339282,5.807051,Plein jour,Hors agglomération,Hors intersection,Normale,Sans collision,3,2,2,0,1,1,1,0,3,80,1,1,0,0,1,0,54.0,,voiture,,1,1,1,1,7
201900019057,2019-09-12 17:50:00,2019,9,12,17,50,70,70018,D 13 PK2,47.447561,5.646109,Plein jour,Hors agglomération,Hors intersection,Normale,Sans collision,3,2,2,0,1,1,1,0,3,80,1,1,0,0,1,0,67.0,,deux_roues,,1,1,1,1,7
201900019058,2019-09-11 19:50:00,2019,9,11,19,50,71,71325,Route du Bas de la Motte,46.492124,3.959669,Crépuscule ou aube,En agglomération,Hors intersection,Temps éblouissant,Autre collision,3,2,2,0,1,2,1,0,3,50,1,1,0,0,1,0,27.0,,deux_roues,,2,2,1,7,6
201900019059,2019-09-12 07:00:00,2019,9,12,7,0,10,10269,RD 31,48.490281,4.074457,Crépuscule ou aube,Hors agglomération,Hors intersection,Normale,Autre collision,3,2,2,0,1,3,1,0,3,80,1,1,0,0,1,0,27.0,,voiture,,2,1,1,1,6
201900019060,2019-09-04 08:35:00,2019,9,4,8,35,38,38381,route de lyon,45.55501,5.481863,Plein jour,Hors agglomération,Intersection en Y,Normale,Deux véhicules - côté,3,2,2,0,3,1,1,0,1,80,2,2,1,0,1,0,44.0,31.0,deux_roues,voiture,1,1,4,1,3
201900019061,2019-09-12 08:30:00,2019,9,12,8,30,38,38415,chemin de la blancherie,45.634851,5.223765,Plein jour,Hors agglomération,Intersection en T,Normale,Deux véhicules - côté,3,2,2,0,1,1,1,0,1,80,2,2,1,0,1,0,57.0,58.0,voiture,utilitaire_camion,1,1,3,1,3
201900019062,2019-09-11 12:26:00,2019,9,11,12,26,38,38474,Avenue de Valence,45.207851,5.662571,Plein jour,En agglomération,Intersection en T,Normale,Deux véhicules - frontale,3,2,3,3,1,1,1,9,1,30,2,2,1,0,0,1,11.0,49.0,deux_roues,voiture,1,2,3,1,1
201900019063,2019-09-11 08:00:00,2019,9,11,8,0,22,22223,D8,48.5929913,-3.1767311,Plein jour,Hors agglomération,Hors intersection,Normale,Deux véhicules - frontale,3,2,2,0,1,1,1,0,1,80,2,2,1,0,1,0,76.0,42.0,voiture,voiture,1,1,1,1,1
201900019064,2019-09-01 20:38:00,2019,9,1,20,38,35,35019,D155,48.467189,-1.525054,Nuit sans éclairage public,Hors agglomération,Hors intersection,Normale,Autre collision,3,2,2,0,2,1,1,0,3,80,1,1,0,0,1,0,69.0,,voiture,,3,1,1,1,6
201900019065,2019-09-11 19:45:00,2019,9,11,19,45,80,80669,rd 930,49.722145,2.851356,Crépuscule ou aube,Hors agglomération,Hors intersection,Normale,Sans collision,3,2,2,0,1,1,1,0,1,80,1,1,0,0,1,0,41.0,,voiture,,2,1,1,1,7
201900019066,2019-08-13 03:00:00,2019,8,13,3,0,59,59395,L'Arbre de Guise,50.049222,3.602573,Nuit sans éclairage public,Hors agglomération,Hors intersection,Normale,Sans collision,3,2,2,0,1,2,1,0,3,80,1,2,1,0,1,0,22.0,,voiture,,3,1,1,1,7
201900019067,2019-09-08 17:00:00,2019,9,8,17,0,59,59281,14 rue Roger Salengro,50.539654,2.876001,Plein jour,En agglomération,Hors intersection,Temps couvert,Autre collision,7,2,2,0,1,1,3,0,3,50,1,1,0,0,1,0,39.0,,voiture,,1,2,1,8,6
201900019068,2019-09-11 17:10:00,2019,9,11,17,10,13,13211,A50-Sens Marseille vers Aubagne,43.2931613,5.4559937,Plein jour,Hors agglomération,Hors intersection,Normale,Deux véhicules - arrière,1,3,3,0,1,1,1,0,1,90,2,5,1,0,0,4,39.0,24.0,voiture,voiture,1,1,1,1,2
201900019069,2019-09-07 12:30:00,2019,9,7,12,30,94,94003,AUTOROUTE A6B,48.80127,2.34354,Plein jour,Hors agglomération,Hors intersection,Normale,Deux véhicules - arrière,1,3,4,0,1,1,1,0,1,90,2,5,4,0,0,1,26.0,31.0,voiture,voiture,1,1,1,1,2
201900019070,2019-09-10 19:00:00,2019,9,10,19,0,91,91286,AUTOROUTE A6,48.6556,2.3786,Plein jour,Hors agglomération,Hors intersection,Normale,Trois véhicules et plus - en chaîne,1,1,3,0,1,1,1,9,1,70,4,4,3,0,0,1,47.0,50.0,voiture,utilitaire_camion,1,1,1,1,4
201900019071,2019-09-11 14:00:00,2019,9,11,14,0,92,92050,A86,48.9023576,2.2040419,Plein jour,Hors agglomération,Hors intersection,Normale,Deux véhicules - arrière,1,1,2,0,1,1,1,1,1,50,2,2,1,0,0,1,26.0,46.0,voiture,deux_roues,1,1,1,1,2
201900019072,2019-09-11 08:45:00,2019,9,11,8,45,78,78208,RN12 EXT,48.80041,1.972208,Plein jour,Hors agglomération,Hors intersection,Normale,Deux véhicules - côté,2,3,3,0,1,1,1,0,1,90,2,2,1,0,0,1,32.0,19.0,voiture,deux_roues,1,1,1,1,3
201900019073,2019-09-10 22:00:00,2019,9,10,22,0,92,92050,A86,48.9144079,2.2192668,Nuit avec éclairage allumé,Hors agglomération,Hors intersection,Normale,Deux véhicules - arrière,1,-1,2,0,1,1,1,0,1,90,2,2,1,0,0,1,41.0,48.0,voiture,utilitaire_camion,5,1,1,1,2
201900019074,2019-09-10 18:50:00,2019,9,10,18,50,92,92050,A86,48.8988336,2.1992693,Nuit avec éclairage allumé,Hors agglomération,Autre intersection,Normale,Deux véhicules - côté,1,3,4,0,1,2,1,1,1,90,2,2,1,0,0,1,40.0,32.0,deux_roues,voiture,5,1,9,1,3
201900019075,2019-09-10 17:20:00,2019,9,10,17,20,92,92036,A86,48.9356245,2.2854273,Plein jour,Hors agglomération,Hors intersection,Normale,Trois véhicules et plus - collisions multiples,1,2,4,0,1,1,1,0,1,90,3,5,4,0,1,0,34.0,27.0,voiture,deux_roues,1,1,1,1,5
201900019076,2019-09-10 15:55:00,2019,9,10,15,55,92,92025,A86,48.9324074,2.2485268,Plein jour,Hors agglomération,Autre intersection,Normale,Trois véhicules et plus - en chaîne,1,3,3,0,1,1,1,3,1,70,5,5,4,0,0,1,40.0,30.0,voiture,utilitaire_camion,1,1,9,1,4
201900019077,2019-09-07 18:45:00,2019,9,7,18,45,93,93005,AUTOROUTE A3,48.94643,2.47622,Plein jour,Hors agglomération,Hors intersection,Normale,Deux véhicules - arrière,1,3,9,0,1,1,1,0,1,110,2,2,1,0,0,1,32.0,18.0,utilitaire_camion,deux_roues,1,1,1,1,2
201900019078,2019-09-09 05:10:00,2019,9,9,5,10,69,69387,BERTHELOT                           (AV),45.74677,4.83676,Nuit avec éclairage allumé,En agglomération,Intersection en X,Normale,Deux véhicules - arrière,4,1,2,0,1,1,1,0,1,50,2,2,1,0,0,1,30.0,27.0,voiture,voiture,5,2,2,1,2
201900019079,2019-06-19 14:30:00,2019,6,19,14,30,62,62193,ROGER SALENGRO (AVENUE),50.9457,1.8227,Plein jour,En agglomération,Hors intersection,Normale,Deux véhicules - côté,4,2,2,1,1,1,1,0,1,50,2,2,1,0,1,0,10.0,35.0,deux_roues,voiture,1,2,1,1,3
201900019080,2019-09-09 17:55:00,2019,9,9,17,55,45,45234,AV DU PARC FLORAL - R L DE VINCI,47.84624,1.94104,Plein jour,En agglomération,Intersection en X,Normale,Trois véhicules et plus - en chaîne,4,2,2,0,1,1,1,0,1,50,3,4,2,0,0,2,20.0,22.0,voiture,voiture,1,2,2,1,4
201900019081,2019-09-09 18:23:00,2019,9,9,18,23,45,45234,QUAI DE PRAGUE,47.8947773,1.9031275,Plein jour,En agglomération,Hors intersection,Normale,Trois véhicules et plus - en chaîne,4,2,2,0,2,1,1,0,1,50,3,3,2,0,0,1,36.0,24.0,voiture,voiture,1,2,1,1,4
201900019082,2019-09-09 07:50:00,2019,9,9,7,50,45,45298,PONT DE L'EUROPE,47.8933233,1.8762337,Plein jour,En agglomération,Hors intersection,Normale,Trois véhicules et plus - en chaîne,4,2,4,2,1,1,1,5,1,50,3,3,2,0,0,1,25.0,19.0,voiture,voiture,1,2,1,1,4
201900019083,2019-09-09 15:00:00,2019,9,9,15,0,13,13204,SAINT JUST (AVENUE DE),43.31404,5.40278,Plein jour,En agglomération,Intersection en T,Normale,Deux véhicules - côté,4,2,2,0,1,1,1,0,1,50,2,3,1,0,1,1,19.0,77.0,deux_roues,voiture,1,2,3,1,3
201900019084,2019-09-09 21:40:00,2019,9,9,21,40,92,92049,REPUBLIQUE AVENUE DE LA N°81 A FIN,48.8149038,2.3173637,Nuit avec éclairage allumé,En agglomération,Hors intersection,Normale,Autre collision,4,2,2,0,1,1,1,0,1,50,1,2,1,0,0,1,56.0,,deux_roues,,5,2,1,1,6
201900019085,2019-09-09 09:00:00,2019,9,9,9,0,92,92049,ETATS UNIS PLACE DES,48.81748,2.31569,Plein jour,En agglomération,Hors intersection,Normale,Sans collision,4,-1,0,0,1,1,1,0,1,50,1,1,0,0,0,1,37.0,,deux_roues,,1,2,1,1,7
201900019086,2019-09-08 14:50:00,2019,9,8,14,50,92,92049,REPUBLIQUE AVENUE DE LA N°81 A FIN,48.815201,2.317572,Plein jour,En agglomération,Hors intersection,Normale,Autre collision,4,2,2,0,1,1,1,0,1,50,2,2,1,0,0,1,39.0,,voiture,,1,2,1,1,6
201900019087,2019-09-10 20:30:00,2019,9,10,20,30,976,97611,m'tsapere-Nationale 2 (route),-12.79859,45.21568,Nuit sans éclairage public,En agglomération,Hors intersection,Normale,Deux véhicules - arrière,2,2,2,0,1,1,1,0,1,50,2,3,0,0,0,3,25.0,,deux_roues,,3,2,1,1,2
201900019088,2019-09-10 07:50:00,2019,9,10,7,50,976,97611,cavani-Rond point du Stade,-12.78373,45.22266,Plein jour,En agglomération,Hors intersection,Normale,Deux véhicules - côté,4,2,0,0,1,1,1,0,1,50,2,3,2,0,0,1,43.0,37.0,voiture,deux_roues,1,2,1,1,3
201900019089,2019-09-05 14:05:00,2019,9,5,14,5,974,97416,ISAUTIER (AVENUE CHARLES),-21.31398,55.45613,Plein jour,Hors agglomération,Hors intersection,Normale,Deux véhicules - frontale,4,2,2,0,1,1,1,0,1,50,2,2,1,0,0,1,31.0,35.0,deux_roues,voiture,1,1,1,1,1
201900019090,2019-09-08 13:15:00,2019,9,8,13,15,973,97302,CATAYEE (JUSTIN),4.92878,-52.32543,Plein jour,En agglomération,Hors intersection,Normale,Deux véhicules - côté,3,2,2,0,1,1,1,0,1,30,2,2,1,0,0,1,43.0,28.0,deux_roues,voiture,1,2,1,1,3
201900019091,2019-09-11 01:50:00,2019,9,11,1,50,69,69387,BERTHELOT                           (AV),45.74303,4.84862,Nuit avec éclairage allumé,En agglomération,Hors intersection,Normale,Autre collision,7,1,2,0,1,1,1,0,1,50,1,2,0,0,0,2,34.0,,deux_roues,,5,2,1,1,6
201900019092,2019-09-10 21:30:00,2019,9,10,21,30,69,69387,MARSEILLE (DE)                      (R ),45.74919,4.83842,Nuit avec éclairage allumé,En agglomération,Intersection en X,Normale,Deux véhicules - côté,7,1,1,2,1,1,1,0,1,50,2,1,0,0,0,1,34.0,,deux_roues,,5,2,2,1,3
201900019093,2019-09-10 15:08:00,2019,9,10,15,8,69,69383,GARIBALDI                           (R ),45.7547,4.85306,Plein jour,En agglomération,Intersection en X,Normale,Deux véhicules - côté,4,1,1,0,1,1,1,0,1,50,2,2,1,0,0,1,33.0,37.0,voiture,voiture,1,2,2,1,3
201900019094,2019-09-10 13:45:00,2019,9,10,13,45,69,69388,ANTOINE LUMIERE                     (R ),45.74319,4.86994,Plein jour,En agglomération,Hors intersection,Normale,Autre collision,4,1,3,2,1,1,1,0,5,50,1,2,1,0,1,0,57.0,,voiture,,1,2,1,1,6
201900019095,2019-09-10 10:00:00,2019,9,10,10,0,69,69386,VERGUIN                             (AV),45.7727,4.85656,Plein jour,En agglomération,Hors intersection,Normale,Deux véhicules - côté,4,2,6,2,1,1,1,0,2,50,2,2,1,0,0,1,45.0,40.0,deux_roues,deux_roues,1,2,1,1,3
201900019096,2019-09-10 17:55:00,2019,9,10,17,55,69,69286,BIEVRE (DE LA)                      (R ),45.82662,4.89161,Plein jour,En agglomération,Intersection en Y,Normale,Deux véhicules - frontale,4,2,4,0,1,1,1,0,1,50,2,2,1,0,1,0,88.0,15.0,voiture,deux_roues,1,2,4,1,1
201900019097,2019-09-09 08:00:00,2019,9,9,8,0,69,69382,JULES COURMONT                      (QU),45.76017,4.83795,Plein jour,En agglomération,Intersection en X,Normale,Deux véhicules - côté,4,1,4,0,1,1,1,0,1,50,2,2,1,0,0,1,53.0,37.0,voiture,utilitaire_camion,1,2,2,1,3
201900019098,2019-09-09 08:20:00,2019,9,9,8,20,95,95127,TROIS FONTAINES (AVENUE DES),49.03741,2.07582,Plein jour,En agglomération,Intersection en T,Normale,Deux véhicules - côté,4,2,2,0,1,1,1,0,1,30,2,2,1,0,1,0,23.0,23.0,deux_roues,voiture,1,2,3,1,3
201900019099,2019-09-10 22:30:00,2019,9,10,22,30,91,91286,ENCLOS (RUE DES),48.653939,2.375686,Nuit avec éclairage allumé,En agglomération,Hors intersection,Normale,Deux véhicules - frontale,4,2,2,0,1,2,1,9,1,30,2,2,1,0,0,1,33.0,42.0,voiture,voiture,5,2,1,1,1
201900019100,2019-09-10 13:50:00,2019,9,10,13,50,91,91326,CAMILLE FLAMMARION (RUE),48.69291,2.370784,Plein jour,En agglomération,Intersection en T,Normale,Autre collision,9,3,2,0,4,2,1,0,1,50,1,1,0,0,0,1,49.0,,autre,,1,2,3,1,6