accident_id,datetime,annee,mois,jour,heure,minute,departement,commune_insee,adresse,latitude,longitude,luminosite,agglomeration,intersection,meteo,collision,catr,circ,nbv,vosp,prof,plan,surf,infra,situ,vma,nb_vehicules,nb_usagers,nb_indemnes,nb_tues,nb_blesses_hosp,nb_blesses_legers,age_cond_1,age_cond_2,veh_type_cond_1,veh_type_cond_2,lum_code,agg_code,int_code,atm_code,col_code
201900019101,2019-09-09 07:30:00,2019,9,9,7,30,91,91521,REMY (RUE ALBERT),48.65607,2.40883,Crépuscule ou aube,En agglomération,Intersection en T,Normale,Autre collision,4,-1,2,0,1,1,1,0,3,50,1,2,1,0,1,0,59.0,,voiture,,2,2,3,1,6
201900019102,2019-09-10 08:50:00,2019,9,10,8,50,91,91339,BENOIST ROBERT (AVENUE),48.63543,2.26629,Plein jour,En agglomération,Hors intersection,Normale,Deux véhicules - arrière,2,3,4,0,1,1,1,0,1,70,2,2,1,0,0,1,25.0,51.0,voiture,deux_roues,1,2,1,1,2
201900019103,2019-09-09 11:16:00,2019,9,9,11,16,87,87085,SCHUMAN (BOULEVARD ROBERT),45.85553,1.26693,Plein jour,En agglomération,Hors intersection,Normale,Deux véhicules - arrière,4,3,3,0,1,1,1,0,1,50,2,2,1,0,0,1,24.0,39.0,voiture,voiture,1,2,1,1,2
201900019104,2019-09-10 22:50:00,2019,9,10,22,50,83,83137,BRIAND (AVE ARISTIDE),43.126472,5.899672,Nuit avec éclairage allumé,En agglomération,Hors intersection,Normale,Deux véhicules - côté,3,2,3,1,1,1,2,0,1,50,2,3,1,0,0,2,21.0,,voiture,,5,2,1,1,3
201900019105,2019-09-08 23:30:00,2019,9,8,23,30,83,83090,SANARY (ROUTE DE),43.125723,5.832641,Nuit avec éclairage allumé,Hors agglomération,Hors intersection,Normale,Deux véhicules - frontale,3,2,2,0,1,4,1,0,1,50,2,3,0,0,1,2,27.0,71.0,voiture,voiture,5,1,1,1,1
201900019106,2019-09-04 09:50:00,2019,9,4,9,50,83,83069,ARROMANCHES ( ROND POINT D' ),43.0827022,6.1501063,Plein jour,En agglomération,Giratoire,Normale,Deux véhicules - côté,3,1,2,0,1,2,1,0,1,50,2,2,1,0,0,1,80.0,23.0,deux_roues,voiture,1,2,6,1,3
201900019107,2019-09-10 13:40:00,2019,9,10,13,40,77,77118,D34-PASTEUR (AVENUE),48.94009,2.67834,Plein jour,En agglomération,Hors intersection,Normale,Trois véhicules et plus - en chaîne,3,2,2,0,1,1,1,0,1,30,4,5,1,0,0,4,64.0,65.0,voiture,voiture,1,2,1,1,4
201900019108,2019-09-07 07:20:00,2019,9,7,7,20,76,76351,DOCTEUR PIASCEKI,49.49449,0.14223,Plein jour,En agglomération,Hors intersection,Normale,Autre collision,4,2,2,0,1,1,2,0,1,50,1,1,0,0,1,0,30.0,,voiture,,1,2,1,1,6
201900019109,2019-09-09 19:45:00,2019,9,9,19,45,74,74012,VERDUN (AVENUE DE),46.18537,6.24214,Nuit avec éclairage allumé,En agglomération,Intersection en T,Normale,Deux véhicules - côté,4,1,1,0,1,1,1,0,2,50,2,2,1,0,0,1,43.0,49.0,deux_roues,voiture,5,2,3,1,3
201900019110,2019-09-09 21:23:00,2019,9,9,21,23,72,72095,LONDRES (RUE DE),48.02155,0.20962,Nuit avec éclairage allumé,En agglomération,Hors intersection,Pluie légère,Sans collision,7,2,2,0,2,3,2,0,1,50,1,1,0,0,0,1,,,,,5,2,1,2,7
201900019111,2019-09-09 17:42:00,2019,9,9,17,42,72,72181,JAURES CHURCHILL (ECHANGEUR),47.98718,0.20858,Plein jour,En agglomération,Hors intersection,Pluie légère,Deux véhicules - arrière,7,3,4,2,1,1,2,4,1,50,2,3,1,0,0,2,31.0,24.0,voiture,voiture,1,2,1,2,2
201900019112,2019-09-06 11:50:00,2019,9,6,11,50,71,71270,HERRIOT (AVENUE EDOUARD),46.29697,4.82343,Plein jour,En agglomération,Hors intersection,Normale,Autre collision,3,2,-1,-1,1,1,1,0,1,50,1,1,0,0,0,1,72.0,,voiture,,1,2,1,1,6
201900019113,2019-09-10 08:25:00,2019,9,10,8,25,69,69271,ROBERDIERES (DES)                 R,45.74715,4.9626,Plein jour,En agglomération,Intersection en T,Temps couvert,Autre collision,4,2,2,0,1,1,1,0,1,30,1,2,1,0,0,1,54.0,,utilitaire_camion,,1,2,3,8,6
201900019114,2019-09-06 20:50:00,2019,9,6,20,50,69,69029,PIERRE MENDES FRANCE                (AV),45.71776,4.90926,Nuit avec éclairage allumé,En agglomération,Intersection en X,Normale,Deux véhicules - côté,3,2,5,0,1,1,1,5,1,50,2,2,0,0,1,1,45.0,32.0,voiture,deux_roues,5,2,2,1,3
201900019115,2019-09-09 17:00:00,2019,9,9,17,0,67,67482,ROTHAU (RUE DE),48.578831,7.728508,Plein jour,En agglomération,Intersection en T,Temps couvert,Deux véhicules - côté,4,2,2,0,1,1,1,1,1,50,2,2,1,0,0,1,27.0,72.0,deux_roues,voiture,1,2,3,8,3
201900019116,2019-09-09 12:05:00,2019,9,9,12,5,67,67482,COLMAR (AVENUE DE),48.549088,7.741327,Plein jour,En agglomération,Hors intersection,Normale,Autre collision,4,3,8,3,1,1,1,4,1,50,1,2,1,0,0,1,19.0,,voiture,,1,2,1,1,6
201900019117,2019-09-03 13:02:00,2019,9,3,13,2,67,67462,PECHEURS (QUAI DES),48.25605,7.45309,Plein jour,En agglomération,Intersection en X,Normale,Deux véhicules - côté,4,2,2,0,1,1,1,0,1,50,2,2,1,0,0,1,32.0,20.0,voiture,utilitaire_camion,1,2,2,1,3
201900019118,2019-09-10 14:10:00,2019,9,10,14,10,64,64132,VICTOR HUGO,43.2921296,-0.3478857,Plein jour,En agglomération,Autre intersection,Temps éblouissant,Autre collision,4,2,2,0,1,2,1,9,3,50,1,2,1,0,0,1,48.0,,voiture,,1,2,9,7,6
201900019119,2019-09-09 13:39:00,2019,9,9,13,39,64,64125,PLATEAU (AVENUE DU),43.4455,-1.58345,Plein jour,En agglomération,Hors intersection,Normale,Autre collision,6,-1,0,0,1,1,1,9,1,15,1,2,1,0,1,0,38.0,,voiture,,1,2,1,1,6
201900019120,2019-09-10 08:10:00,2019,9,10,8,10,63,63124,AUBIERE (AV. D'),45.74648,3.16355,Plein jour,En agglomération,Hors intersection,Normale,Deux véhicules - arrière,7,2,2,0,1,1,1,0,1,50,2,2,1,0,0,1,25.0,28.0,deux_roues,voiture,1,2,1,1,2
201900019121,2019-09-06 08:30:00,2019,9,6,8,30,59,59343,FAIDHERBE RUE,50.59105,3.1173,Plein jour,En agglomération,Hors intersection,Normale,Deux véhicules - arrière,7,2,2,0,1,1,1,0,1,50,2,2,1,0,0,1,66.0,55.0,voiture,deux_roues,1,2,1,1,2
201900019122,2019-09-10 13:55:00,2019,9,10,13,55,56,56260,TOHANNIC(GIRATOIRE DE),47.64443,-2.74406,Plein jour,En agglomération,Giratoire,Normale,Deux véhicules - arrière,4,1,1,0,1,1,1,5,1,50,2,2,1,0,0,1,41.0,37.0,deux_roues,voiture,1,2,6,1,2
201900019123,2019-09-06 08:56:00,2019,9,6,8,56,56,56121,SCORFF ( BD DU ),47.76287,-3.36687,Plein jour,En agglomération,Hors intersection,Temps éblouissant,Deux véhicules - côté,4,3,2,0,1,1,1,0,1,50,2,3,2,0,0,1,42.0,37.0,voiture,voiture,1,2,1,7,3
201900019124,2019-09-09 09:15:00,2019,9,9,9,15,56,56083,ALLENDE (Av. Pt. Salvador),47.80666,-3.25872,Plein jour,En agglomération,Hors intersection,Normale,Deux véhicules - arrière,3,2,2,0,4,1,1,0,1,50,2,2,1,0,0,1,35.0,83.0,voiture,voiture,1,2,1,1,2
201900019125,2019-09-07 02:40:00,2019,9,7,2,40,56,56121,CHAZELLES ( COURS LOUIS  DE ),47.75588,-3.36387,Nuit avec éclairage allumé,En agglomération,Intersection en T,Normale,Deux véhicules - côté,4,2,5,2,1,1,1,0,1,50,2,2,1,0,1,0,56.0,28.0,deux_roues,utilitaire_camion,5,2,3,1,3
201900019126,2019-02-07 16:25:00,2019,2,7,16,25,54,54547,BRIAND (RUE ARISTIDE),48.67055,6.17894,Plein jour,En agglomération,Intersection en T,Normale,Sans collision,4,-1,4,0,1,1,1,0,1,50,1,2,1,0,0,1,61.0,,voiture,,1,2,3,1,7
201900019127,2019-02-07 08:25:00,2019,2,7,8,25,54,54300,rue Robert Damery,48.659235,6.222918,Plein jour,En agglomération,Hors intersection,Pluie légère,Sans collision,4,-1,2,0,1,1,2,0,1,30,1,2,1,0,0,1,31.0,,voiture,,1,2,1,2,7
201900019128,2019-02-04 09:55:00,2019,2,4,9,55,54,54547,AIGUILLETTES (BD 1 A 3),48.667172,6.164912,Plein jour,En agglomération,Hors intersection,Normale,Deux véhicules - frontale,4,2,2,0,1,1,1,0,1,50,2,2,1,0,0,1,42.0,70.0,voiture,voiture,1,2,1,1,1
201900019129,2019-02-01 18:15:00,2019,2,1,18,15,54,54395,GUYNEMER (RUE DU CAPITAINE),48.699912,6.142627,Nuit avec éclairage allumé,En agglomération,Hors intersection,Pluie forte,Sans collision,4,2,2,0,1,1,9,0,1,50,1,2,0,0,0,2,26.0,,voiture,,5,2,1,3,7
201900019130,2019-09-10 11:25:00,2019,9,10,11,25,54,54526,MILLENAIRE (BOULEVARD DU),48.67978,6.212,Plein jour,En agglomération,Hors intersection,Normale,Deux véhicules - frontale,4,2,2,0,1,1,1,0,1,50,2,2,1,0,0,1,61.0,26.0,voiture,voiture,1,2,1,1,1
201900019131,2019-01-29 09:05:00,2019,1,29,9,5,54,54357,MADON (RUE DU),48.700855,6.135302,Plein jour,En agglomération,Hors intersection,Normale,Deux véhicules - côté,4,1,2,0,1,1,1,5,1,50,2,2,1,0,0,1,59.0,75.0,voiture,voiture,1,2,1,1,3
201900019132,2019-09-10 17:55:00,2019,9,10,17,55,51,51454,BOULEVARD DIEU LUMIERE,49.24093,4.04404,Plein jour,En agglomération,Giratoire,Normale,Deux véhicules - côté,4,2,2,0,2,1,1,5,1,50,2,2,1,0,0,1,19.0,43.0,voiture,deux_roues,1,2,6,1,3
201900019133,2019-10-14 17:10:00,2019,10,14,17,10,68,68028,RD1 Bis,48.200872,7.340109,Plein jour,Hors agglomération,Hors intersection,Normale,Sans collision,3,2,2,0,1,2,1,0,3,80,1,1,0,0,0,1,34.0,,deux_roues,,1,1,1,1,7
201900019134,2019-10-13 11:22:00,2019,10,13,11,22,69,69093,lieu-dit Montgrand,46.04481,4.45728,Plein jour,Hors agglomération,Intersection en T,Normale,Deux véhicules - arrière,3,2,2,0,2,2,1,0,1,80,2,2,1,0,1,0,61.0,34.0,deux_roues,voiture,1,1,3,1,2
201900019135,2019-10-13 14:45:00,2019,10,13,14,45,33,33029,Avenue d'Haureuils,44.57505,-0.72559,Plein jour,Hors agglomération,Hors intersection,Normale,Deux véhicules - frontale,3,2,2,0,1,1,1,0,1,80,2,2,1,0,0,1,63.0,22.0,voiture,voiture,1,1,1,1,1
201900019136,2019-10-15 18:40:00,2019,10,15,18,40,59,59042,rue nationale,50.543688,3.266765,Nuit avec éclairage allumé,En agglomération,Hors intersection,Normale,Autre collision,3,2,2,0,1,1,1,0,1,50,1,2,1,0,0,1,30.0,,voiture,,5,2,1,1,6
201900019137,2019-10-01 08:20:00,2019,10,1,8,20,69,69273,BUS (RD301)   4.470 A 7.000,45.68078,4.89168,Plein jour,Hors agglomération,Autre intersection,Normale,Deux véhicules - arrière,3,2,4,0,1,1,2,0,1,90,2,3,2,0,0,1,18.0,29.0,voiture,utilitaire_camion,1,1,9,1,2
201900019138,2019-10-11 17:43:00,2019,10,11,17,43,67,67204,Autoroute A.4,48.6224483,7.7260905,Plein jour,Hors agglomération,Hors intersection,Normale,Trois véhicules et plus - en chaîne,1,3,6,0,1,1,1,0,1,90,3,4,2,0,0,2,23.0,41.0,voiture,voiture,1,1,1,1,4
201900019139,2019-10-14 15:34:00,2019,10,14,15,34,94,94021,AUTOROUTE A106,48.76328,2.34394,Plein jour,Hors agglomération,Hors intersection,Normale,Deux véhicules - arrière,1,1,2,0,1,2,1,0,1,90,2,3,1,0,0,2,42.0,28.0,utilitaire_camion,voiture,1,1,1,1,2
201900019140,2019-10-14 12:45:00,2019,10,14,12,45,94,94038,AUTOROUTE A6B,48.78427,2.347,Plein jour,Hors agglomération,Hors intersection,Normale,Trois véhicules et plus - en chaîne,1,1,2,0,3,2,1,0,1,90,3,3,2,0,0,1,50.0,25.0,deux_roues,voiture,1,1,1,1,4
201900019141,2019-10-14 17:50:00,2019,10,14,17,50,78,78291,A13,48.967,1.7471,Plein jour,Hors agglomération,Hors intersection,Normale,Deux véhicules - côté,1,1,3,0,2,1,1,8,1,110,2,2,1,0,0,1,42.0,35.0,utilitaire_camion,voiture,1,1,1,1,3
201900019142,2019-10-14 15:15:00,2019,10,14,15,15,92,92062,RN1013,48.8898872,2.2386426,Plein jour,Hors agglomération,Hors intersection,Normale,Autre collision,2,1,3,0,1,1,1,2,1,70,2,2,1,0,0,1,57.0,36.0,voiture,deux_roues,1,1,1,1,6
201900019143,2019-10-14 06:50:00,2019,10,14,6,50,78,78208,RN12 EXT,48.800497,1.974993,Nuit sans éclairage public,Hors agglomération,Hors intersection,Normale,Deux véhicules - arrière,2,1,3,0,1,1,1,0,1,110,2,2,1,0,0,1,22.0,27.0,deux_roues,voiture,3,1,1,1,2
201900019144,2019-10-13 07:15:00,2019,10,13,7,15,78,78043,A13,48.850251,2.068779,Crépuscule ou aube,Hors agglomération,Hors intersection,Normale,Deux véhicules - arrière,1,1,2,0,1,1,1,0,1,110,2,3,0,0,0,3,39.0,32.0,voiture,voiture,2,1,1,1,2
201900019145,2019-10-13 03:45:00,2019,10,13,3,45,78,78466,A13,48.920451,2.004208,Nuit sans éclairage public,Hors agglomération,Hors intersection,Normale,Autre collision,1,1,2,0,1,2,1,0,1,110,1,1,0,0,0,1,35.0,,voiture,,3,1,1,1,6
201900019146,2019-10-14 21:30:00,2019,10,14,21,30,95,95582,AUTOROUTE A115,48.97515,2.24137,Nuit sans éclairage public,Hors agglomération,Autre intersection,Pluie légère,Deux véhicules - côté,1,1,2,0,2,2,2,2,1,70,2,2,0,0,0,2,61.0,27.0,voiture,voiture,3,1,9,2,3
201900019147,2019-10-14 18:00:00,2019,10,14,18,0,92,92036,AUTOROUTE A86,48.9351324,2.3197684,Plein jour,Hors agglomération,Hors intersection,Normale,Deux véhicules - arrière,1,3,6,0,1,1,1,0,1,90,2,2,1,0,0,1,20.0,55.0,voiture,deux_roues,1,1,1,1,2
201900019148,2019-10-14 10:00:00,2019,10,14,10,0,93,93053,AUTOROUTE A3,48.89575,2.47053,Plein jour,Hors agglomération,Hors intersection,Normale,Trois véhicules et plus - collisions multiples,1,3,10,0,1,1,1,2,1,70,3,2,1,0,0,1,24.0,55.0,deux_roues,utilitaire_camion,1,1,1,1,5
201900019149,2019-10-14 10:00:00,2019,10,14,10,0,93,93027,AUTOROUTE A86,48.92568,2.39637,Plein jour,Hors agglomération,Hors intersection,Normale,Deux véhicules - côté,1,3,8,0,1,1,1,0,1,90,2,2,1,0,0,1,33.0,34.0,voiture,deux_roues,1,1,1,1,3
201900019150,2019-10-14 08:15:00,2019,10,14,8,15,95,95572,RN 184,49.03509,2.11503,Plein jour,Hors agglomération,Hors intersection,Normale,Deux véhicules - arrière,2,3,6,0,1,1,1,0,1,90,2,2,1,0,0,1,51.0,55.0,voiture,utilitaire_camion,1,1,1,1,2
201900019151,2019-10-13 06:30:00,2019,10,13,6,30,95,95252,AUTOROUTE A15,48.98266,2.22044,Nuit sans éclairage public,Hors agglomération,Hors intersection,Normale,Autre collision,1,3,7,0,1,1,1,0,1,110,1,2,1,0,1,0,60.0,,voiture,,3,1,1,1,6
201900019152,2019-10-12 20:00:00,2019,10,12,20,0,95,95500,AUTOROUTE A15,49.03786,2.08888,Nuit sans éclairage public,Hors agglomération,Hors intersection,Normale,Trois véhicules et plus - en chaîne,1,3,8,0,1,1,1,0,1,90,3,3,2,0,0,1,31.0,31.0,voiture,voiture,3,1,1,1,4
201900019153,2019-10-14 14:15:00,2019,10,14,14,15,94,94046,A86 EXT,48.8040866,2.4486362,Plein jour,Hors agglomération,Hors intersection,Normale,Deux véhicules - côté,1,3,8,0,1,1,1,0,1,90,2,2,1,0,0,1,39.0,27.0,deux_roues,voiture,1,1,1,1,3
201900019154,2019-10-14 12:50:00,2019,10,14,12,50,75,75112,A4,48.817968,2.455662,Plein jour,Hors agglomération,Hors intersection,Normale,Deux véhicules - côté,1,3,5,0,1,1,1,0,1,90,2,2,1,0,1,0,32.0,29.0,deux_roues,voiture,1,1,1,1,3
201900019155,2019-10-14 09:40:00,2019,10,14,9,40,77,77251,RN104,48.6267,2.5389,Plein jour,Hors agglomération,Hors intersection,Normale,Deux véhicules - côté,2,1,2,0,1,1,1,0,1,90,2,2,1,0,0,1,23.0,47.0,voiture,deux_roues,1,1,1,1,3
201900019156,2019-10-13 21:40:00,2019,10,13,21,40,77,77122,RN104,48.64563,2.55163,Crépuscule ou aube,Hors agglomération,Hors intersection,Normale,Autre collision,2,3,2,0,1,1,2,0,1,110,2,2,1,0,0,1,38.0,,voiture,,2,1,1,1,6
201900019157,2019-10-12 10:35:00,2019,10,12,10,35,93,93005,JEAN MONET (CARREFOUR),48.95479,2.51018,Plein jour,En agglomération,Hors intersection,Normale,Trois véhicules et plus - collisions multiples,3,1,2,0,2,2,1,5,1,50,3,4,2,0,0,2,41.0,40.0,voiture,voiture,1,2,1,1,5
201900019158,2019-10-13 09:15:00,2019,10,13,9,15,974,97411,LITTORAL (ROUTE 2 DU),-20.881108,55.3949162,Plein jour,Hors agglomération,Hors intersection,Temps couvert,Deux véhicules - frontale,2,1,2,3,1,2,2,0,1,90,2,4,0,0,1,3,67.0,26.0,voiture,deux_roues,1,1,1,8,1
201900019159,2019-10-08 17:50:00,2019,10,8,17,50,973,97302,BARRAT (DU DOCTEUR),4.9373769,-52.3289752,Plein jour,En agglomération,Hors intersection,Normale,Deux véhicules - frontale,4,2,2,0,1,1,1,0,1,50,2,2,1,0,0,1,48.0,59.0,utilitaire_camion,deux_roues,1,2,1,1,1
201900019160,2019-10-13 11:35:00,2019,10,13,11,35,69,69388,PAUL SANTY                          (AV),45.73539,4.87023,Plein jour,En agglomération,Intersection en T,Normale,Deux véhicules - arrière,4,2,4,3,1,1,1,5,1,50,2,2,1,0,0,1,58.0,49.0,voiture,voiture,1,2,3,1,2
201900019161,2019-10-12 08:55:00,2019,10,12,8,55,972,97209,ALLEGRE (BOULEVARD),14.60726,-61.07284,Plein jour,En agglomération,Hors intersection,Normale,Autre collision,2,1,3,0,1,1,1,0,1,50,1,2,1,0,0,1,33.0,,voiture,,1,2,1,1,6
201900019162,2019-10-13 16:13:00,2019,10,13,16,13,2B,2B033,IMPERIALE - ROUTE,42.67316,9.4372,Plein jour,Hors agglomération,Hors intersection,Normale,Deux véhicules - côté,3,2,2,0,1,1,1,0,1,50,2,1,0,0,0,1,16.0,,deux_roues,,1,1,1,1,3
201900019163,2019-10-13 07:20:00,2019,10,13,7,20,95,95585,DIVISION LECLERC (AVENUE DE LA),48.979181,2.368501,Nuit avec éclairage allumé,En agglomération,Hors intersection,Normale,Deux véhicules - arrière,3,3,4,0,1,1,1,0,1,50,2,2,1,0,0,1,64.0,28.0,voiture,voiture,5,2,1,1,2
201900019164,2019-10-12 03:00:00,2019,10,12,3,0,95,95176,92 BVD GEORGES CLEMENCEAU,48.97582,2.18597,Nuit avec éclairage allumé,En agglomération,Hors intersection,Normale,Autre collision,3,2,2,0,4,2,1,0,1,50,1,1,0,1,0,0,59.0,,deux_roues,,5,2,1,1,6
201900019165,2019-10-13 19:10:00,2019,10,13,19,10,91,91421,JEAN JAURES (AVENUE),48.71587,2.4468,Nuit avec éclairage allumé,En agglomération,Hors intersection,Temps couvert,Deux véhicules - côté,4,1,1,0,1,1,2,0,1,50,2,2,0,0,0,2,60.0,19.0,voiture,deux_roues,5,2,1,8,3
201900019166,2019-10-13 12:30:00,2019,10,13,12,30,91,91174,ROBINSON (RUE),48.60574,2.46479,Plein jour,En agglomération,Intersection en T,Normale,Autre collision,4,2,2,0,1,1,1,0,1,50,1,2,1,0,0,1,83.0,,voiture,,1,2,3,1,6
201900019167,2019-10-11 15:59:00,2019,10,11,15,59,88,88413,Place DE GAULLE,48.28956,6.94992,Plein jour,En agglomération,Place,Normale,Autre collision,4,1,0,0,1,1,1,9,1,50,1,2,1,0,0,1,20.0,,voiture,,1,2,7,1,6
201900019168,2019-10-13 01:25:00,2019,10,13,1,25,83,83069,SAINT LAZARE ( CHEMIN ),43.11771,6.16622,Nuit sans éclairage public,Hors agglomération,Hors intersection,Normale,Autre collision,4,2,2,0,1,1,1,0,1,50,1,2,1,0,1,0,31.0,,voiture,,3,1,1,1,6
201900019169,2019-10-13 22:00:00,2019,10,13,22,0,77,77332,D9-THIEUX (RUE DE),49.00881,2.68214,Nuit sans éclairage public,Hors agglomération,Hors intersection,Normale,Sans collision,3,2,2,0,1,1,1,0,3,80,1,1,0,0,0,1,48.0,,voiture,,3,1,1,1,7
201900019170,2019-10-12 22:16:00,2019,10,12,22,16,76,76259,COUTURIER ( RUE GUSTAVE),49.75386,0.38514,Nuit avec éclairage allumé,En agglomération,Hors intersection,Autre,Sans collision,4,2,2,0,1,1,1,0,1,50,1,1,0,0,0,1,25.0,,deux_roues,,5,2,1,9,7
201900019171,2019-10-12 16:10:00,2019,10,12,16,10,74,74012,VERDUN (AVENUE DE),46.18474,6.2418,Plein jour,En agglomération,Autre intersection,Normale,Deux véhicules - côté,4,1,3,3,1,1,1,0,1,50,2,3,1,0,0,2,49.0,41.0,transport_commun,deux_roues,1,2,9,1,3
201900019172,2019-10-13 19:45:00,2019,10,13,19,45,71,71076,MICHELET (RUE),46.78301,4.84739,Nuit avec éclairage allumé,En agglomération,Intersection en X,Normale,Deux véhicules - côté,4,2,2,0,1,1,1,0,1,50,2,2,1,0,1,0,48.0,52.0,deux_roues,voiture,5,2,2,1,3
201900019173,2019-10-13 04:50:00,2019,10,13,4,50,69,69266,LAURENT BONNEVAY    (Boulevard),45.78465,4.8652,Nuit avec éclairage allumé,En agglomération,Hors intersection,Normale,Deux véhicules - arrière,4,3,5,0,1,3,1,0,1,50,2,5,0,0,0,5,20.0,,utilitaire_camion,,5,2,1,1,2
201900019174,2019-10-09 18:06:00,2019,10,9,18,6,69,69290,JULES VERNE                         (R ),45.70122,4.97945,Plein jour,En agglomération,Intersection en T,Normale,Trois véhicules et plus - en chaîne,4,1,1,0,1,1,1,0,1,50,3,3,2,0,1,0,37.0,12.0,voiture,deux_roues,1,2,3,1,4
201900019175,2019-10-11 13:30:00,2019,10,11,13,30,65,65440,BARERE (AVENUE BERTRAND),43.237096,0.071421,Plein jour,En agglomération,Hors intersection,Normale,Autre collision,4,1,1,0,1,1,1,0,1,50,1,1,0,0,1,0,30.0,,deux_roues,,1,2,1,1,6
201900019176,2019-10-13 23:00:00,2019,10,13,23,0,64,64102,PAULMY (AVENUE DES ALLEES),43.4937931,-1.4796076,Nuit avec éclairage allumé,En agglomération,Hors intersection,Normale,Sans collision,4,1,0,0,1,1,1,0,1,50,1,1,0,0,0,1,45.0,,deux_roues,,5,2,1,1,7
201900019177,2019-10-09 16:00:00,2019,10,9,16,0,62,62525,BRUYERES (RTE DES...N°97et+ ET 66 et+ ),50.7326,2.25172,Plein jour,En agglomération,Intersection en Y,Normale,Deux véhicules - côté,3,2,3,0,2,1,1,0,1,50,2,2,0,0,1,1,37.0,20.0,voiture,voiture,1,2,4,1,3
201900019178,2019-10-13 06:25:00,2019,10,13,6,25,62,62617,LAC (AVENUE DU),50.47256,2.68005,Nuit avec éclairage allumé,En agglomération,Autre intersection,Normale,Autre collision,9,-1,0,0,1,1,1,9,1,50,1,4,3,0,1,0,29.0,,voiture,,5,2,9,1,6
201900019179,2019-10-13 00:45:00,2019,10,13,0,45,62,62758,ORME ( Rue de l'),50.7123,1.6292,Nuit avec éclairage allumé,En agglomération,Hors intersection,Temps couvert,Autre collision,4,2,2,0,1,1,2,0,1,30,1,1,0,0,0,1,31.0,,deux_roues,,5,2,1,8,6
201900019180,2019-10-12 20:05:00,2019,10,12,20,5,62,62863,MARAIS ( RUE DU ),50.5461,2.78608,Nuit avec éclairage allumé,En agglomération,Intersection en T,Normale,Deux véhicules - côté,3,2,2,0,1,1,1,0,1,50,2,4,2,0,2,0,18.0,58.0,deux_roues,voiture,5,2,3,1,3
201900019181,2019-10-13 00:34:00,2019,10,13,0,34,59,59360,BAZINGHIEN RUE DU,50.619397,3.018562,Nuit avec éclairage allumé,En agglomération,Hors intersection,Normale,Deux véhicules - arrière,4,2,2,0,1,1,1,0,1,30,2,4,1,0,0,3,33.0,,utilitaire_camion,,5,2,1,1,2
201900019182,2019-10-13 16:20:00,2019,10,13,16,20,59,59378,REPUBLIQUE AV DE LA (N°834-920),50.6619249,3.0963045,Plein jour,En agglomération,Intersection en X,Normale,Deux véhicules - côté,7,2,3,0,1,1,1,0,1,50,2,3,1,0,1,1,27.0,25.0,voiture,deux_roues,1,2,2,1,3
201900019183,2019-10-12 08:45:00,2019,10,12,8,45,59,59346,R.D. 48,50.61798,3.11552,Plein jour,En agglomération,Intersection en T,Normale,Deux véhicules - côté,7,2,4,0,1,1,1,5,1,50,2,2,1,0,0,1,61.0,,voiture,,1,2,3,1,3
201900019184,2019-10-13 05:00:00,2019,10,13,5,0,42,42316,KENNEDY (RUE DU PRESIDENT),45.399197,4.259006,Nuit sans éclairage public,En agglomération,Hors intersection,Normale,Deux véhicules - côté,4,2,2,0,1,3,1,0,1,50,2,2,1,0,0,1,22.0,30.0,voiture,voiture,3,2,1,1,3
201900019185,2019-10-13 13:23:00,2019,10,13,13,23,37,37261,TONNELLE (BOULEVARD),47.3840346,0.6682116,Plein jour,En agglomération,Hors intersection,Normale,Autre collision,4,2,2,0,1,1,1,0,1,50,1,2,1,0,0,1,23.0,,voiture,,1,2,1,1,6
201900019186,2019-10-13 01:30:00,2019,10,13,1,30,27,27375,HAYE MALHERBE (ROUTE DE LA),49.21637,1.1552999,Nuit sans éclairage public,Hors agglomération,Hors intersection,Normale,Autre collision,3,2,2,0,2,2,1,0,1,50,1,1,0,0,1,0,52.0,,voiture,,3,1,1,1,6
201900019187,2019-10-13 09:55:00,2019,10,13,9,55,25,25462,ZARAUTZ (PLACE),46.91157,6.3509,Plein jour,En agglomération,Hors intersection,Temps éblouissant,Autre collision,4,2,2,0,1,2,1,9,1,50,1,1,0,0,0,1,63.0,,utilitaire_camion,,1,2,1,7,6
201900019188,2019-10-12 15:10:00,2019,10,12,15,10,13,13216,ALBIN MEYLAN (RUE),43.36429,5.34096,Plein jour,En agglomération,Hors intersection,Normale,Deux véhicules - arrière,4,2,2,0,2,3,1,0,1,50,2,3,0,0,0,3,33.0,16.0,voiture,deux_roues,1,2,1,1,2
201900019189,2019-10-13 05:50:00,2019,10,13,5,50,13,13211,FRANCOIS CHARNIGNY (AVENUE),43.293731,5.48352,Nuit avec éclairage allumé,En agglomération,Hors intersection,Normale,Deux véhicules - arrière,4,3,4,0,2,1,1,0,1,50,2,6,5,0,0,1,46.0,33.0,voiture,voiture,5,2,1,1,2
201900019190,2019-10-09 17:15:00,2019,10,9,17,15,13,13005,COURONNE DES PINS (AVENUE DE LA),43.27809,5.5542,Plein jour,En agglomération,Autre intersection,Normale,Sans collision,4,2,2,0,1,3,1,0,1,50,1,3,2,0,0,1,18.0,,voiture,,1,2,9,1,7
201900019191,2019-10-13 20:50:00,2019,10,13,20,50,12,12305,PIMPEU LIEU-DIT,44.563,2.2142,Nuit sans éclairage public,Hors agglomération,Hors intersection,Normale,Deux véhicules - côté,3,2,2,0,1,1,1,0,1,80,2,5,1,0,0,4,70.0,19.0,voiture,voiture,3,1,1,1,3