accident_id,datetime,annee,mois,jour,heure,minute,departement,commune_insee,adresse,latitude,longitude,luminosite,agglomeration,intersection,meteo,collision,catr,circ,nbv,vosp,prof,plan,surf,infra,situ,vma,nb_vehicules,nb_usagers,nb_indemnes,nb_tues,nb_blesses_hosp,nb_blesses_legers,age_cond_1,age_cond_2,veh_type_cond_1,veh_type_cond_2,lum_code,agg_code,int_code,atm_code,col_code
201900019192,2019-10-13 18:00:00,2019,10,13,18,0,10,10357,R.N. 19,48.29,4.1392,Plein jour,Hors agglomération,Hors intersection,Normale,Deux véhicules - arrière,3,2,2,0,2,1,1,0,1,80,2,3,1,0,0,2,30.0,60.0,voiture,deux_roues,1,1,1,1,2
201900019193,2019-10-13 17:22:00,2019,10,13,17,22,10,10387,SIMART (RUE),48.30348,4.08081,Plein jour,En agglomération,Intersection en X,Normale,Deux véhicules - côté,4,2,2,0,1,1,1,0,1,50,2,2,1,0,0,1,57.0,12.0,voiture,deux_roues,1,2,2,1,3
201900019194,2019-10-13 18:20:00,2019,10,13,18,20,6,06088,PAPE JEAN XXIII (BD),43.713442,7.29448,Crépuscule ou aube,En agglomération,Hors intersection,Normale,Deux véhicules - côté,4,2,0,0,1,1,1,0,1,50,2,3,1,0,0,2,27.0,17.0,voiture,deux_roues,2,2,1,1,3
201900019195,2019-10-13 11:00:00,2019,10,13,11,0,6,06088,ANGLAIS (DU N° 265 AU N° 350),43.679493,7.230257,Plein jour,En agglomération,Hors intersection,Normale,Deux véhicules - arrière,4,1,3,0,1,1,1,0,1,50,2,6,3,0,0,3,32.0,69.0,utilitaire_camion,utilitaire_camion,1,2,1,1,2
201900019196,2019-10-12 11:22:00,2019,10,12,11,22,6,06083,GORBIO (ROUTE DE),43.772101,7.478265,Plein jour,En agglomération,Hors intersection,Normale,Deux véhicules - frontale,3,2,2,0,1,3,1,0,1,50,2,2,1,0,0,1,33.0,44.0,deux_roues,voiture,1,2,1,1,1
201900019197,2019-10-12 14:50:00,2019,10,12,14,50,2,02157,RD 51,49.6034338,3.6799399,Plein jour,Hors agglomération,Hors intersection,Normale,Deux véhicules - arrière,3,2,2,0,1,1,9,0,1,80,2,2,1,1,0,0,32.0,66.0,deux_roues,utilitaire_camion,1,1,1,1,2
201900019198,2019-10-13 18:50:00,2019,10,13,18,50,75,75118,BD PERIPHERIQUE EXTERIEUR,48.900844,2.367072,Plein jour,En agglomération,Hors intersection,Temps couvert,Deux véhicules - côté,4,1,4,0,1,1,1,1,1,70,2,2,1,0,0,1,53.0,20.0,deux_roues,voiture,1,2,1,8,3
201900019199,2019-10-13 18:05:00,2019,10,13,18,5,75,75119,RUE MANIN,48.880943,2.38015,Plein jour,En agglomération,Hors intersection,Normale,Deux véhicules - frontale,4,2,2,0,1,1,1,0,1,50,2,2,1,0,0,1,43.0,23.0,deux_roues,voiture,1,2,1,1,1
201900019200,2019-10-13 20:30:00,2019,10,13,20,30,75,75117,AVENUE DE VILLIERS,48.883282,2.307265,Nuit avec éclairage allumé,En agglomération,Intersection en X,Normale,Deux véhicules - côté,4,2,2,0,1,1,1,0,1,50,2,2,1,0,0,1,27.0,69.0,deux_roues,voiture,5,2,2,1,3
201900019201,2019-10-12 13:00:00,2019,10,12,13,0,75,75117,AVENUE DE WAGRAM,48.8803378,2.2998199,Plein jour,En agglomération,Intersection en X,Normale,Deux véhicules - côté,4,2,2,0,1,1,1,0,1,30,2,2,1,0,0,1,36.0,20.0,deux_roues,voiture,1,2,2,1,3
201900019202,2019-10-13 07:30:00,2019,10,13,7,30,75,75116,AVENUE FOCH,48.873147,2.284456,Crépuscule ou aube,En agglomération,Intersection en X,Normale,Trois véhicules et plus - collisions multiples,4,2,5,0,2,1,1,0,1,50,4,4,2,0,0,2,63.0,26.0,voiture,utilitaire_camion,2,2,2,1,5
201900019203,2019-10-13 13:05:00,2019,10,13,13,5,75,75105,PLACE VALHUBERT,48.8442357,2.3647731,Plein jour,En agglomération,Place,Normale,Deux véhicules - côté,4,2,3,3,1,2,1,0,6,50,2,3,2,0,0,1,37.0,51.0,voiture,voiture,1,2,7,1,3
201900019204,2019-10-13 21:15:00,2019,10,13,21,15,75,75112,BOULEVARD DIDEROT,48.8471489,2.3849941,Nuit avec éclairage allumé,En agglomération,Intersection en T,Normale,Autre collision,4,2,2,0,1,1,1,0,1,50,1,2,1,0,1,0,34.0,,deux_roues,,5,2,3,1,6
201900019205,2019-10-13 18:40:00,2019,10,13,18,40,75,75108,COURS LA REINE,48.8649406,2.3193222,Crépuscule ou aube,En agglomération,Place,Pluie légère,Sans collision,4,1,3,0,1,3,8,0,1,50,1,2,0,0,0,2,29.0,,deux_roues,,2,2,7,2,7
201900019206,2019-10-12 12:15:00,2019,10,12,12,15,75,75108,AVENUE GEORGE V,48.866149,2.301363,Plein jour,En agglomération,Intersection en Y,Normale,Deux véhicules - côté,4,2,2,0,2,1,1,0,1,50,2,2,1,0,0,1,47.0,45.0,voiture,deux_roues,1,2,4,1,3
201900019207,2019-10-13 20:00:00,2019,10,13,20,0,75,75109,RUE SAINT LAZARE,48.8757067,2.327775,Nuit avec éclairage allumé,En agglomération,Intersection en T,Normale,Sans collision,4,2,3,3,1,1,1,0,6,50,1,1,0,0,0,1,23.0,,deux_roues,,5,2,3,1,7
201900019208,2019-10-13 15:55:00,2019,10,13,15,55,94,94080,JULES MASSENET (R),48.8496,2.4532,Plein jour,En agglomération,Autre intersection,Normale,Deux véhicules - côté,4,1,0,0,1,1,1,0,1,50,2,2,1,0,0,1,29.0,62.0,deux_roues,voiture,1,2,9,1,3
201900019209,2019-10-13 05:15:00,2019,10,13,5,15,94,94019,L'HIPPODROME (AV DE),48.80066,2.57198,Nuit sans éclairage public,En agglomération,Hors intersection,Normale,Sans collision,3,2,2,0,1,3,1,0,1,50,1,1,0,0,0,1,51.0,,voiture,,3,2,1,1,7
201900019210,2019-10-13 21:30:00,2019,10,13,21,30,94,94017,ALLIES (BD DES),48.829368,2.493475,Nuit avec éclairage allumé,En agglomération,Intersection en X,Normale,Deux véhicules - arrière,3,-1,4,0,1,1,1,3,1,50,2,4,3,0,0,1,34.0,18.0,voiture,voiture,5,2,2,1,2
201900019211,2019-10-13 14:30:00,2019,10,13,14,30,93,93064,LAENNEC (RUE),48.88115,2.49519,Plein jour,En agglomération,Intersection en X,Normale,Deux véhicules - côté,3,2,2,0,1,1,1,0,1,50,2,2,1,0,0,1,27.0,18.0,voiture,deux_roues,1,2,2,1,3
201900019212,2019-10-13 12:30:00,2019,10,13,12,30,93,93077,AULNAY (BOULEVARD D') 1-127 ET 2-104,48.89628,2.50545,Plein jour,En agglomération,Intersection en X,Normale,Deux véhicules - côté,7,3,2,3,1,1,1,4,1,50,2,2,1,0,0,1,25.0,32.0,transport_commun,voiture,1,2,2,1,3
201900019213,2019-10-13 20:39:00,2019,10,13,20,39,93,93033,GUY MOCQUET (BOULEVARD),48.86201,2.58352,Nuit avec éclairage allumé,En agglomération,Autre intersection,Normale,Deux véhicules - côté,4,2,2,0,1,1,1,5,1,50,2,3,0,0,0,3,18.0,37.0,voiture,voiture,5,2,9,1,3
201900019214,2019-10-13 18:15:00,2019,10,13,18,15,93,93048,SERGENT BOBILLOT (RUE DU),48.8548,2.4339,Plein jour,En agglomération,Hors intersection,Pluie légère,Autre collision,4,1,1,0,1,1,1,0,1,30,1,1,0,0,0,1,,,,,1,2,1,2,6
201900019215,2019-10-13 01:19:00,2019,10,13,1,19,93,93005,MARC CHAGALL (BOULEVARD),48.9544764,2.5109267,Nuit avec éclairage allumé,En agglomération,Autre intersection,Normale,Deux véhicules - côté,3,3,2,0,1,1,1,5,1,50,2,2,1,0,1,0,21.0,24.0,voiture,voiture,5,2,9,1,3
201900019216,2019-10-13 15:10:00,2019,10,13,15,10,92,92051,"BINEAU (BOULEVARD, N°133 A 217 ET 134 A",48.8937,2.2673,Plein jour,En agglomération,Hors intersection,Normale,Deux véhicules - côté,3,3,3,0,1,1,1,0,1,50,2,2,1,0,0,1,23.0,23.0,voiture,deux_roues,1,2,1,1,3
201900019217,2019-10-13 20:00:00,2019,10,13,20,0,92,92062,RUE PIERRE GAUDIN,48.8874,2.2448,Nuit sans éclairage public,En agglomération,Hors intersection,Normale,Deux véhicules - arrière,3,1,2,0,2,1,1,0,1,50,2,2,1,0,0,1,21.0,22.0,deux_roues,deux_roues,3,2,1,1,2
201900019218,2019-10-13 12:30:00,2019,10,13,12,30,92,92012,MARECHAL DE LATTRE DE TASSIGNY (AVENUE),48.84086,2.22692,Plein jour,En agglomération,Hors intersection,Normale,Autre collision,4,1,3,0,1,1,1,0,1,50,1,2,1,0,1,0,49.0,,voiture,,1,2,1,1,6
201900019219,2019-10-12 23:25:00,2019,10,12,23,25,49,49244,La Fuie (La Pommeraye),47.370895,-0.85876,Nuit sans éclairage public,Hors agglomération,Hors intersection,Normale,Deux véhicules - arrière,3,2,2,0,2,1,1,0,1,80,2,2,0,0,0,2,45.0,17.0,voiture,deux_roues,3,1,1,1,2
201900019220,2019-10-13 22:30:00,2019,10,13,22,30,91,91016,Avenue du Général de Gaulle,48.315444,1.999416,Nuit avec éclairage allumé,En agglomération,Intersection en X,Normale,Deux véhicules - côté,3,2,2,0,1,1,1,0,1,50,2,2,1,0,1,0,54.0,17.0,voiture,deux_roues,5,2,2,1,3
201900019221,2019-09-20 13:20:00,2019,9,20,13,20,95,95313,Rue Nouvelle,49.110099,2.211669,Plein jour,En agglomération,Hors intersection,Normale,Autre collision,4,1,1,0,1,1,1,0,1,50,1,2,1,0,0,1,35.0,,voiture,,1,2,1,1,6
201900019222,2019-10-13 15:49:00,2019,10,13,15,49,68,68005,Ammerschwihr,48.115402,7.237991,Plein jour,Hors agglomération,Hors intersection,Normale,Sans collision,3,2,2,0,2,2,1,0,1,80,1,1,0,0,1,0,48.0,,deux_roues,,1,1,1,1,7
201900019223,2019-10-13 11:50:00,2019,10,13,11,50,84,84029,Rue de l'Eglise,44.164855,4.874278,Plein jour,En agglomération,Hors intersection,Normale,Autre collision,4,1,1,0,1,1,1,0,1,50,1,2,1,0,1,0,38.0,,voiture,,1,2,1,1,6
201900019224,2019-10-14 01:00:00,2019,10,14,1,0,71,71555,A6 PR 341,46.6985722,4.8428464,Nuit sans éclairage public,Hors agglomération,Hors intersection,Normale,Trois véhicules et plus - collisions multiples,1,3,3,0,1,1,1,0,1,130,4,5,3,0,2,0,32.0,47.0,voiture,voiture,3,1,1,1,5
201900019225,2019-10-13 18:00:00,2019,10,13,18,0,38,38337,Rue de l'Hopital,45.35342,5.50155,Plein jour,En agglomération,Intersection en Y,Normale,Deux véhicules - côté,4,3,1,0,2,2,1,5,1,50,2,2,1,0,1,0,18.0,18.0,deux_roues,voiture,1,2,4,1,3
201900019226,2019-10-14 21:00:00,2019,10,14,21,0,60,60069,d922,49.1536815,2.9411431,Nuit sans éclairage public,Hors agglomération,Hors intersection,Vent fort / tempête,Deux véhicules - arrière,3,2,2,0,1,1,9,0,1,80,2,2,0,0,0,2,40.0,28.0,voiture,voiture,3,1,1,6,2
201900019227,2019-09-05 16:20:00,2019,9,5,16,20,37,37261,Autoroute A10 entrée 20 vers BORDEAUX,47.4078838,0.7206023,Plein jour,Hors agglomération,Intersection en Y,Normale,Trois véhicules et plus - en chaîne,1,1,1,0,2,3,1,3,1,50,3,4,1,0,0,3,37.0,70.0,voiture,voiture,1,1,4,1,4
201900019228,2019-10-14 09:45:00,2019,10,14,9,45,35,35251,Les Ecrannes,48.261126,-1.581054,Plein jour,Hors agglomération,Intersection en X,Temps couvert,Deux véhicules - côté,4,2,2,0,1,1,2,0,1,80,2,2,0,0,2,0,34.0,28.0,utilitaire_camion,utilitaire_camion,1,1,2,8,3
201900019229,2019-10-14 11:20:00,2019,10,14,11,20,89,89172,départementale 40,48.229004,3.3836925,Plein jour,Hors agglomération,Hors intersection,Normale,Sans collision,3,2,2,0,2,2,1,0,3,80,1,2,0,0,0,2,39.0,,deux_roues,,1,1,1,1,7
201900019230,2019-09-12 16:00:00,2019,9,12,16,0,51,51075,RD 30,49.3439562,4.0867779,Plein jour,Hors agglomération,Hors intersection,Normale,Deux véhicules - arrière,3,2,2,0,1,1,1,0,1,80,2,2,1,0,1,0,48.0,24.0,voiture,deux_roues,1,1,1,1,2
201900019231,2019-10-13 18:00:00,2019,10,13,18,0,78,78234,2 Route de Dammartin,48.933482,1.62647,Crépuscule ou aube,Hors agglomération,Hors intersection,Pluie forte,Autre collision,3,2,2,0,1,1,2,0,1,80,1,2,0,0,2,0,61.0,,deux_roues,,2,1,1,3,6
201900019232,2019-10-14 06:50:00,2019,10,14,6,50,33,33488,D670,44.796905,-0.124793,Nuit sans éclairage public,Hors agglomération,Intersection en T,Normale,Deux véhicules - côté,3,2,2,0,1,1,1,0,1,80,2,3,0,0,1,2,61.0,45.0,voiture,voiture,3,1,3,1,3
201900019233,2019-10-11 17:40:00,2019,10,11,17,40,32,32132,34 Avenue Clément Fayat,43.852881,0.654273,Plein jour,En agglomération,Hors intersection,Normale,Deux véhicules - frontale,3,2,2,0,1,1,1,0,1,50,2,2,1,0,0,1,42.0,14.0,voiture,deux_roues,1,2,1,1,1
201900019234,2019-10-13 02:30:00,2019,10,13,2,30,11,11378,D114,43.089011,2.518947,Nuit sans éclairage public,Hors agglomération,Hors intersection,Normale,Autre collision,3,2,2,0,1,1,1,2,3,80,1,1,0,0,1,0,21.0,,voiture,,3,1,1,1,6
201900019235,2019-10-14 08:00:00,2019,10,14,8,0,71,71368,Les Pelletiers,47.052204,4.296137,Plein jour,Hors agglomération,Hors intersection,Normale,Autre collision,3,2,2,0,1,1,1,0,3,70,1,1,0,0,1,0,21.0,,voiture,,1,1,1,1,6
201900019236,2019-10-06 11:10:00,2019,10,6,11,10,89,89460,D103/D156,48.3352507,3.0641141,Plein jour,En agglomération,Intersection en X,Pluie légère,Trois véhicules et plus - en chaîne,3,2,2,0,2,1,2,0,1,50,3,4,2,0,0,2,39.0,64.0,voiture,voiture,1,2,2,2,4
201900019237,2019-10-12 18:15:00,2019,10,12,18,15,49,49125,RD 159,47.216132,-0.333753,Plein jour,Hors agglomération,Hors intersection,Normale,Autre collision,3,2,2,0,1,2,1,0,3,80,1,1,0,0,1,0,42.0,,voiture,,1,1,1,1,6
201900019238,2019-10-10 20:10:00,2019,10,10,20,10,47,47095,Groussat,44.430261,0.28515,Crépuscule ou aube,Hors agglomération,Hors intersection,Normale,Sans collision,3,2,2,0,1,3,1,0,8,90,1,1,0,0,1,0,22.0,,deux_roues,,2,1,1,1,7
201900019239,2019-09-29 09:30:00,2019,9,29,9,30,34,34114,Boulevard de l'Esplanade,43.653065,3.55274,Plein jour,En agglomération,Hors intersection,Normale,Autre collision,3,2,2,0,4,1,1,0,1,30,1,2,1,0,1,0,54.0,,voiture,,1,2,1,1,6
201900019240,2019-09-07 19:30:00,2019,9,7,19,30,34,34096,Faugeres D909,43.58452,3.167225,Plein jour,Hors agglomération,Hors intersection,Normale,Deux véhicules - arrière,3,2,2,0,4,2,1,0,1,80,2,2,1,0,0,1,58.0,22.0,voiture,voiture,1,1,1,1,2
201900019241,2019-10-01 21:45:00,2019,10,1,21,45,68,68126,Rue de Buschwiller,47.560177,7.514742,Nuit sans éclairage public,En agglomération,Hors intersection,Pluie forte,Autre collision,3,2,2,0,2,1,2,0,1,50,2,2,1,0,0,1,43.0,49.0,voiture,voiture,3,2,1,3,6
201900019242,2019-10-13 13:00:00,2019,10,13,13,0,39,39126,,46.593141,5.956299,Plein jour,Hors agglomération,Intersection en T,Normale,Deux véhicules - côté,2,2,2,0,2,1,1,0,1,80,2,3,2,0,0,1,27.0,22.0,deux_roues,voiture,1,1,3,1,3
201900019243,2019-10-13 07:25:00,2019,10,13,7,25,29,29259,1 Venelle Saint-roch,48.677565,-3.986173,Nuit sans éclairage public,Hors agglomération,Hors intersection,Pluie légère,Autre collision,3,2,2,0,1,1,2,0,1,80,1,2,1,0,1,0,64.0,,utilitaire_camion,,3,1,1,2,6
201900019244,2019-10-13 20:05:00,2019,10,13,20,5,2,02581,Paars,49.318671,3.602066,Nuit sans éclairage public,Hors agglomération,Intersection en T,Normale,Trois véhicules et plus - collisions multiples,2,2,2,0,1,1,2,0,1,80,3,6,3,0,0,3,49.0,39.0,voiture,voiture,3,1,3,1,5
201900019245,2019-10-13 18:54:00,2019,10,13,18,54,3,03118,,46.100456,3.2264977,Plein jour,Hors agglomération,Hors intersection,Normale,Deux véhicules - côté,3,2,2,0,1,1,1,0,1,80,2,2,1,0,1,0,48.0,31.0,deux_roues,voiture,1,1,1,1,3
201900019246,2019-10-11 08:50:00,2019,10,11,8,50,1,01320,223 Route de Bourg,46.299085,4.880607,Plein jour,En agglomération,Hors intersection,Temps éblouissant,Deux véhicules - côté,3,1,1,0,1,1,1,0,1,50,2,2,1,0,0,1,43.0,74.0,deux_roues,voiture,1,2,1,7,3
201900019247,2019-10-13 15:00:00,2019,10,13,15,0,54,54567,route départementale D22,48.459696,6.364703,Plein jour,Hors agglomération,Hors intersection,Normale,Sans collision,3,2,2,0,1,3,1,2,1,80,1,1,0,0,1,0,28.0,,deux_roues,,1,1,1,1,7
201900019248,2019-09-22 15:00:00,2019,9,22,15,0,72,72150,Les Petites Forges,48.099069,0.241163,Plein jour,Hors agglomération,Hors intersection,Normale,Sans collision,3,2,2,0,1,2,1,0,3,80,1,1,0,0,1,0,38.0,,deux_roues,,1,1,1,1,7
201900019249,2019-10-12 11:00:00,2019,10,12,11,0,6,06136,rd2204,43.859382,7.427778,Plein jour,Hors agglomération,Hors intersection,Normale,Autre collision,3,2,2,0,2,4,1,0,1,80,1,1,0,1,0,0,74.0,,voiture,,1,1,1,1,6
201900019250,2019-10-13 15:45:00,2019,10,13,15,45,14,14400,D12,49.287909,-0.592984,Plein jour,Hors agglomération,Hors intersection,Pluie légère,Autre collision,3,2,2,0,1,1,2,0,3,80,1,1,0,1,0,0,76.0,,voiture,,1,1,1,2,6
201900019251,2019-10-14 08:50:00,2019,10,14,8,50,50,50484,Route de Saint-James,48.570381,-1.095953,Plein jour,En agglomération,Hors intersection,Pluie légère,Deux véhicules - frontale,3,2,2,0,1,1,2,0,1,50,2,2,1,0,0,1,20.0,,voiture,,1,2,1,2,1
201900019252,2019-10-14 10:30:00,2019,10,14,10,30,45,45323,2 RTE IMPERIALE - D965,47.580055,2.9079475,Plein jour,En agglomération,Hors intersection,Normale,Autre collision,3,2,2,0,1,1,1,0,1,50,1,2,1,0,0,1,87.0,,voiture,,1,2,1,1,6
201900019253,2019-10-12 17:10:00,2019,10,12,17,10,64,64060,D146 - PR 1+900,43.3073107,-0.4749942,Plein jour,En agglomération,Hors intersection,Normale,Deux véhicules - arrière,3,2,2,0,1,1,1,0,1,50,2,2,1,0,0,1,49.0,39.0,deux_roues,voiture,1,2,1,1,2
201900019254,2019-10-14 18:15:00,2019,10,14,18,15,73,73070,Chemin des Chancrins,45.6371485,5.6781394,Plein jour,Hors agglomération,Hors intersection,Normale,Sans collision,4,2,2,0,1,2,1,0,1,30,1,1,0,1,0,0,55.0,,deux_roues,,1,1,1,1,7
201900019255,2019-10-13 16:45:00,2019,10,13,16,45,43,43240,Rue de la Croix,45.251099,3.996888,Plein jour,Hors agglomération,Hors intersection,Normale,Autre collision,4,2,2,0,2,1,9,0,8,-1,1,2,1,0,1,0,23.0,,deux_roues,,1,1,1,1,6
201900019256,2019-10-14 14:25:00,2019,10,14,14,25,7,07172,Peaugres,45.28547,4.731524,Plein jour,Hors agglomération,Hors intersection,Normale,Sans collision,3,2,2,0,1,3,1,0,3,80,1,1,0,0,1,0,72.0,,voiture,,1,1,1,1,7
201900019257,2019-10-13 15:00:00,2019,10,13,15,0,24,24412,D64,44.996753,1.253389,Plein jour,Hors agglomération,Hors intersection,Normale,Sans collision,3,2,2,0,1,1,1,0,3,80,1,2,1,1,0,0,37.0,,deux_roues,,1,1,1,1,7
201900019258,2019-10-11 20:00:00,2019,10,11,20,0,24,24311,D707,45.519594,0.699479,Nuit sans éclairage public,Hors agglomération,Hors intersection,Normale,Deux véhicules - frontale,3,2,2,0,1,2,1,0,1,80,2,5,3,0,0,2,28.0,42.0,voiture,voiture,3,1,1,1,1
201900019259,2019-10-14 07:30:00,2019,10,14,7,30,24,24480,La chassagne,45.076368,0.618798,Crépuscule ou aube,Hors agglomération,Hors intersection,Normale,Sans collision,3,2,2,0,1,2,1,0,3,80,1,1,0,0,1,0,55.0,,deux_roues,,2,1,1,1,7
201900019260,2019-10-13 18:45:00,2019,10,13,18,45,27,27346,d20,49.299055,1.352159,Plein jour,En agglomération,Intersection à plus de 4 branches,Pluie légère,Autre collision,3,2,2,0,1,2,2,0,1,50,2,2,0,0,1,1,35.0,28.0,deux_roues,deux_roues,1,2,5,2,6
201900019261,2019-10-13 23:10:00,2019,10,13,23,10,37,37167,La Barberaie,47.545584,0.502905,Nuit sans éclairage public,Hors agglomération,Hors intersection,Normale,Autre collision,3,2,2,0,1,1,1,0,3,80,1,2,0,0,1,1,20.0,,voiture,,3,1,1,1,6
201900019262,2019-10-14 07:45:00,2019,10,14,7,45,52,52524,N67,48.269947,5.11696,Plein jour,Hors agglomération,Intersection en T,Temps éblouissant,Deux véhicules - côté,2,2,2,0,1,1,1,3,1,80,2,3,0,0,0,3,50.0,84.0,voiture,voiture,1,1,3,7,3
201900019263,2019-10-14 13:43:00,2019,10,14,13,43,73,73002,A43 PK 134.900,45.5276603,6.3087245,Plein jour,Hors agglomération,Hors intersection,Normale,Deux véhicules - arrière,1,3,4,0,1,1,1,0,2,130,2,3,1,0,0,2,24.0,49.0,voiture,utilitaire_camion,1,1,1,1,2
201900019264,2019-10-14 07:30:00,2019,10,14,7,30,13,13113,A51,43.573981,5.469961,Plein jour,Hors agglomération,Hors intersection,Normale,Trois véhicules et plus - en chaîne,1,3,4,0,1,1,1,0,1,130,3,3,1,0,0,2,25.0,53.0,voiture,voiture,1,1,1,1,4
201900019265,2019-10-14 08:34:00,2019,10,14,8,34,1,01355,D47,46.267207,5.005985,Plein jour,Hors agglomération,Intersection en X,Temps éblouissant,Deux véhicules - côté,3,2,2,0,1,1,1,5,1,80,2,2,1,0,0,1,54.0,47.0,voiture,utilitaire_camion,1,1,2,7,3
201900019266,2019-10-14 14:17:00,2019,10,14,14,17,1,01363,D1084,46.03876,5.352673,Plein jour,Hors agglomération,Intersection en T,Normale,Deux véhicules - côté,3,2,2,0,1,2,1,5,1,80,2,2,1,0,0,1,87.0,48.0,voiture,utilitaire_camion,1,1,3,1,3
201900019267,2019-10-12 18:15:00,2019,10,12,18,15,971,97103,"Rue Georges Sheikboudhou, TERRAIN CHALDER",16.241574,-61.597486,Nuit avec éclairage allumé,En agglomération,Hors intersection,Normale,Deux véhicules - côté,4,2,2,0,1,1,1,0,1,50,2,2,1,0,0,1,35.0,33.0,voiture,deux_roues,5,2,1,1,3
201900019268,2019-08-18 06:50:00,2019,8,18,6,50,971,97103,RN 1 - LA JAILLE,16.254291,-61.551594,Plein jour,Hors agglomération,Hors intersection,Normale,Trois véhicules et plus - collisions multiples,2,3,4,0,1,1,1,0,1,90,3,3,1,0,1,1,28.0,47.0,voiture,deux_roues,1,1,1,1,5
201900019269,2019-10-11 21:40:00,2019,10,11,21,40,27,27102,A13,49.36999,0.759346,Nuit sans éclairage public,Hors agglomération,Hors intersection,Normale,Deux véhicules - côté,1,1,5,3,1,1,1,0,1,130,2,5,4,0,1,0,36.0,34.0,voiture,voiture,3,1,1,1,3
201900019270,2019-10-13 19:30:00,2019,10,13,19,30,987,98725,pk 13 C/mer orofara,-17.562591,-149.476051,Nuit sans éclairage public,Hors agglomération,Hors intersection,Normale,Sans collision,2,2,2,0,2,3,1,0,1,50,1,1,0,0,1,0,36.0,,deux_roues,,3,1,1,1,7
201900019271,2019-10-14 20:00:00,2019,10,14,20,0,976,97608,Boulevard des Crabes,-12.78643,45.262154,Nuit avec éclairage allumé,Hors agglomération,Hors intersection,Normale,Deux véhicules - côté,2,2,2,0,1,1,1,0,1,50,2,2,0,0,1,1,21.0,48.0,deux_roues,deux_roues,5,1,1,1,3
201900019272,2019-10-13 12:50:00,2019,10,13,12,50,77,77183,D402 X D204 X D407,48.942775,3.1275545,Plein jour,En agglomération,Giratoire,Normale,Deux véhicules - côté,3,2,2,0,1,1,1,5,1,50,2,2,1,0,0,1,34.0,32.0,deux_roues,voiture,1,2,6,1,3
201900019273,2019-10-13 15:40:00,2019,10,13,15,40,78,78125,Route de Clairefontaine,48.63354,1.934414,Plein jour,Hors agglomération,Hors intersection,Normale,Deux véhicules - frontale,3,2,2,0,1,2,1,0,3,80,2,2,1,0,1,0,24.0,63.0,deux_roues,voiture,1,1,1,1,1
201900019274,2019-10-14 14:00:00,2019,10,14,14,0,2B,2B083,D84,42.374992,9.117001,Plein jour,Hors agglomération,Hors intersection,Normale,Autre collision,3,2,2,0,2,4,1,0,3,80,1,1,0,0,1,0,60.0,,deux_roues,,1,1,1,1,6
201900019275,2019-10-11 06:45:00,2019,10,11,6,45,13,13014,219 Impasse de l'Aviation,43.4762331,5.1700908,Nuit sans éclairage public,En agglomération,Hors intersection,Temps couvert,Autre collision,4,2,2,0,1,1,1,0,4,50,1,1,0,0,0,1,,,,,3,2,1,8,6
201900019276,2019-10-14 07:30:00,2019,10,14,7,30,38,38539,D1075,45.860324,5.389988,Plein jour,Hors agglomération,Hors intersection,Normale,Deux véhicules - frontale,3,2,2,0,1,1,1,0,1,80,2,2,0,0,1,1,62.0,37.0,voiture,voiture,1,1,1,1,1
201900019277,2019-10-14 14:45:00,2019,10,14,14,45,38,38562,RN 91,45.0672417,5.7621896,Plein jour,Hors agglomération,Hors intersection,Normale,Deux véhicules - frontale,3,2,3,0,1,1,1,0,1,80,2,2,0,0,1,1,24.0,61.0,voiture,voiture,1,1,1,1,1
201900019278,2019-10-14 15:30:00,2019,10,14,15,30,38,38412,Avenue Victor Hugo,45.38807,5.72814,Plein jour,En agglomération,Intersection en X,Normale,Trois véhicules et plus - en chaîne,3,2,2,0,1,1,1,0,1,50,3,3,2,0,1,0,55.0,49.0,deux_roues,utilitaire_camion,1,2,2,1,4
201900019279,2019-10-09 08:45:00,2019,10,9,8,45,17,17360,rue du 11 novembre,46.15465,-1.323848,Plein jour,En agglomération,Intersection en Y,Pluie forte,Deux véhicules - côté,4,2,2,0,1,1,2,0,1,30,2,2,1,0,1,0,26.0,35.0,voiture,deux_roues,1,2,4,3,3
201900019280,2019-10-08 18:35:00,2019,10,8,18,35,86,86137,Les Landes,47.001742,0.068922,Plein jour,Hors agglomération,Giratoire,Normale,Deux véhicules - côté,3,2,1,0,1,2,2,0,1,80,2,2,1,0,0,1,72.0,16.0,voiture,deux_roues,1,1,6,1,3
201900019281,2019-10-13 07:45:00,2019,10,13,7,45,33,33498,70 Route de Caplanne,44.55228,-0.92116,Nuit sans éclairage public,Hors agglomération,Hors intersection,Normale,Deux véhicules - arrière,3,2,2,0,1,1,1,0,1,80,2,2,1,0,1,0,26.0,42.0,deux_roues,voiture,3,1,1,1,2
201900019282,2019-10-12 20:45:00,2019,10,12,20,45,53,53175,D103,48.022439,-0.667523,Nuit sans éclairage public,Hors agglomération,Hors intersection,Normale,Trois véhicules et plus - collisions multiples,3,2,2,0,1,1,1,0,1,80,3,7,6,0,1,0,76.0,41.0,voiture,voiture,3,1,1,1,5