accident_id,datetime,annee,mois,jour,heure,minute,departement,commune_insee,adresse,latitude,longitude,luminosite,agglomeration,intersection,meteo,collision,catr,circ,nbv,vosp,prof,plan,surf,infra,situ,vma,nb_vehicules,nb_usagers,nb_indemnes,nb_tues,nb_blesses_hosp,nb_blesses_legers,age_cond_1,age_cond_2,veh_type_cond_1,veh_type_cond_2,lum_code,agg_code,int_code,atm_code,col_code
201900019466,2019-04-12 06:22:00,2019,4,12,6,22,69,69034,BPNL   37.781 A 41.124,45.78583,4.84825,Nuit avec éclairage allumé,Hors agglomération,Hors intersection,Normale,Autre collision,7,1,2,0,1,2,1,1,1,90,2,2,1,0,0,1,43.0,39.0,voiture,utilitaire_camion,5,1,1,1,6
201900019467,2019-04-24 09:55:00,2019,4,24,9,55,57,57757,Autoroute A31,49.34478,6.178,Plein jour,Hors agglomération,Hors intersection,Normale,Deux véhicules - arrière,1,3,4,0,1,1,1,0,1,110,2,4,2,1,0,1,28.0,43.0,utilitaire_camion,utilitaire_camion,1,1,1,1,2
201900019468,2019-04-19 18:45:00,2019,4,19,18,45,57,57356,Autoroute A31,49.44416,6.11878,Plein jour,Hors agglomération,Hors intersection,Normale,Deux véhicules - arrière,1,3,4,0,1,1,1,0,1,90,2,5,4,0,0,1,25.0,47.0,voiture,deux_roues,1,1,1,1,2
201900019469,2019-04-23 18:34:00,2019,4,23,18,34,67,67482,Autoroute A.35,48.56963,7.73149,Plein jour,Hors agglomération,Hors intersection,Normale,Deux véhicules - arrière,1,3,2,0,1,1,1,0,1,90,2,4,3,0,0,1,45.0,45.0,voiture,voiture,1,1,1,1,2
201900019470,2019-04-18 17:03:00,2019,4,18,17,3,67,67152,Route Nationale 83,48.52512,7.69542,Plein jour,Hors agglomération,Hors intersection,Normale,Deux véhicules - arrière,2,3,4,0,1,1,1,0,1,90,2,2,1,0,0,1,34.0,58.0,deux_roues,voiture,1,1,1,1,2
201900019471,2019-04-23 17:10:00,2019,4,23,17,10,33,33192,AUTOROUTE A 63,44.78011,-0.63909,Plein jour,Hors agglomération,Hors intersection,Pluie forte,Deux véhicules - arrière,1,3,6,0,1,1,2,0,1,90,2,4,3,0,0,1,46.0,70.0,utilitaire_camion,voiture,1,1,1,3,2
201900019472,2019-04-23 03:15:00,2019,4,23,3,15,33,33122,AUTOROUTE A 63 ,44.73562,-0.71862,Nuit sans éclairage public,Hors agglomération,Hors intersection,Normale,Autre collision,1,3,4,0,1,1,1,0,1,130,1,2,0,0,0,2,50.0,,voiture,,3,1,1,1,6
201900019473,2019-04-22 17:35:00,2019,4,22,17,35,33,33448,AUTOROUTE A 62,44.71462,-0.5176,Plein jour,Hors agglomération,Hors intersection,Normale,Autre collision,1,3,4,0,1,1,1,0,1,130,1,1,0,0,0,1,29.0,,voiture,,1,1,1,1,6
201900019474,2019-04-20 11:40:00,2019,4,20,11,40,33,33162,ROCADE A 630,44.87113,-0.64234,Plein jour,Hors agglomération,Hors intersection,Normale,Trois véhicules et plus - en chaîne,1,3,4,0,1,1,1,0,1,90,3,4,2,0,0,2,25.0,19.0,voiture,voiture,1,1,1,1,4
201900019475,2019-04-27 20:50:00,2019,4,27,20,50,91,91521,RN 104,48.62904,2.40066,Crépuscule ou aube,Hors agglomération,Hors intersection,Normale,Sans collision,2,3,2,0,4,4,2,0,1,50,1,3,1,0,0,2,33.0,,voiture,,2,1,1,1,7
201900019476,2019-04-27 19:00:00,2019,4,27,19,0,91,91471,RN 118,48.6976,2.19215,Plein jour,Hors agglomération,Hors intersection,Pluie légère,Deux véhicules - arrière,2,1,3,0,2,1,2,0,1,110,2,3,0,0,0,3,22.0,25.0,voiture,voiture,1,1,1,2,2
201900019477,2019-04-27 13:00:00,2019,4,27,13,0,91,91340,AUTOROUTE A6,48.6068,2.4353,Plein jour,Hors agglomération,Hors intersection,Normale,Deux véhicules - arrière,1,3,3,0,1,1,2,0,1,110,2,2,1,0,0,1,26.0,52.0,deux_roues,voiture,1,1,1,1,2
201900019478,2019-04-27 12:20:00,2019,4,27,12,20,91,91340,AUTOROUTE A6,48.6052,2.436,Plein jour,Hors agglomération,Hors intersection,Temps couvert,Deux véhicules - côté,1,3,7,0,1,1,1,3,1,110,2,3,1,0,0,2,59.0,60.0,voiture,utilitaire_camion,1,1,1,8,3
201900019479,2019-04-26 15:35:00,2019,4,26,15,35,94,94038,AUTOROUTE A6B,48.77389,2.34615,Plein jour,Hors agglomération,Hors intersection,Normale,Deux véhicules - côté,1,3,6,0,1,1,1,0,1,90,2,2,1,0,0,1,22.0,27.0,deux_roues,voiture,1,1,1,1,3
201900019480,2019-04-26 15:30:00,2019,4,26,15,30,91,91161,AUTOROUTE A6,48.7066,2.30581,Plein jour,Hors agglomération,Hors intersection,Normale,Deux véhicules - arrière,1,3,4,0,1,2,1,0,1,110,2,2,1,0,0,1,25.0,20.0,deux_roues,voiture,1,1,1,1,2
201900019481,2019-04-26 12:15:00,2019,4,26,12,15,91,91471,RD 188 CHEVREUSE,48.694389,2.195382,Plein jour,Hors agglomération,Autre intersection,Normale,Trois véhicules et plus - collisions multiples,3,2,3,0,1,1,1,0,1,70,3,3,1,0,0,2,36.0,34.0,voiture,voiture,1,1,9,1,5
201900019482,2019-04-25 10:03:00,2019,4,25,10,3,91,91161,AUTOROUTE A126,48.71151,2.29327,Plein jour,Hors agglomération,Hors intersection,Temps couvert,Trois véhicules et plus - en chaîne,1,2,2,0,1,1,2,2,3,90,3,3,2,0,1,0,30.0,46.0,voiture,voiture,1,1,1,8,4
201900019483,2019-04-24 08:40:00,2019,4,24,8,40,91,91136,AUTOROUTE A126,48.71226,2.28785,Plein jour,Hors agglomération,Hors intersection,Temps couvert,Trois véhicules et plus - collisions multiples,1,2,2,0,1,1,2,2,3,90,3,4,1,1,0,2,56.0,52.0,utilitaire_camion,utilitaire_camion,1,1,1,8,5
201900019484,2019-04-24 07:30:00,2019,4,24,7,30,91,91340,AUTOROUTE A6,48.60055,2.43928,Plein jour,Hors agglomération,Hors intersection,Temps couvert,Trois véhicules et plus - en chaîne,1,3,6,0,1,1,1,0,1,110,3,3,2,0,0,1,32.0,55.0,utilitaire_camion,utilitaire_camion,1,1,1,8,4
201900019485,2019-04-23 10:45:00,2019,4,23,10,45,91,91037,AUTOROUTE A6,48.53638,2.49951,Plein jour,Hors agglomération,Hors intersection,Normale,Sans collision,1,3,6,0,1,1,1,0,1,130,1,1,0,0,0,1,47.0,,utilitaire_camion,,1,1,1,1,7
201900019486,2019-04-22 09:30:00,2019,4,22,9,30,91,91468,AUTOROUTE A6,48.57592,2.46545,Plein jour,Hors agglomération,Hors intersection,Normale,Sans collision,1,1,3,0,4,1,1,0,3,110,1,1,0,0,0,1,24.0,,voiture,,1,1,1,1,7
201900019487,2019-04-21 12:30:00,2019,4,21,12,30,94,94037,AUTOROUTE A6A,48.8154,2.3447,Nuit sans éclairage public,Hors agglomération,Hors intersection,Normale,Autre collision,1,1,2,0,1,2,1,1,1,70,1,1,0,0,0,1,89.0,,voiture,,3,1,1,1,6
201900019488,2019-04-21 07:55:00,2019,4,21,7,55,94,94003,AUTOROUTE A6A,48.8114,2.3374,Plein jour,Hors agglomération,Hors intersection,Normale,Deux véhicules - arrière,1,-1,3,0,3,1,1,0,1,70,2,2,1,0,0,1,55.0,33.0,voiture,voiture,1,1,1,1,2
201900019489,2019-04-21 01:54:00,2019,4,21,1,54,91,91086,RN 104,48.62478,2.37965,Nuit sans éclairage public,Hors agglomération,Hors intersection,Normale,Deux véhicules - arrière,2,1,3,0,1,1,1,0,1,110,2,1,0,0,0,1,26.0,,voiture,,3,1,1,1,2
201900019490,2019-04-20 11:15:00,2019,4,20,11,15,92,92019,RN 385 INT,48.7765078,2.234816,Plein jour,Hors agglomération,Hors intersection,Normale,Sans collision,2,1,3,0,1,1,1,0,1,90,1,1,0,0,0,1,35.0,,voiture,,1,1,1,1,7
201900019491,2019-04-20 10:00:00,2019,4,20,10,0,94,94034,AUTOROUTE A6B,48.7528,2.3309,Plein jour,Hors agglomération,Hors intersection,Normale,Autre collision,1,3,3,0,1,1,1,0,1,110,2,2,1,0,0,1,59.0,29.0,voiture,deux_roues,1,1,1,1,6
201900019492,2019-04-19 23:55:00,2019,4,19,23,55,91,91377,RN20,48.719447,2.299005,Nuit avec éclairage allumé,En agglomération,Autre intersection,Normale,Deux véhicules - côté,2,1,4,0,1,1,1,0,1,50,2,3,2,0,0,1,23.0,56.0,voiture,deux_roues,5,2,9,1,3
201900019493,2019-04-19 17:30:00,2019,4,19,17,30,91,91589,AUTOROUTE A6,48.67594,2.34018,Plein jour,Hors agglomération,Hors intersection,Normale,Trois véhicules et plus - en chaîne,1,1,3,0,2,1,1,0,1,110,4,4,3,0,0,1,31.0,51.0,voiture,voiture,1,1,1,1,4
201900019494,2019-04-19 13:25:00,2019,4,19,13,25,91,91689,AUTOROUTE A6A,48.74572,2.32394,Plein jour,Hors agglomération,Hors intersection,Normale,Deux véhicules - arrière,1,-1,3,0,1,1,1,0,3,90,2,2,1,0,0,1,44.0,47.0,deux_roues,utilitaire_camion,1,1,1,1,2
201900019495,2019-04-19 06:45:00,2019,4,19,6,45,91,91064,RN 118,48.76519,2.2297,Plein jour,Hors agglomération,Hors intersection,Normale,Sans collision,2,1,0,0,2,1,1,0,3,90,1,1,0,0,0,1,21.0,,voiture,,1,1,1,1,7
201900019496,2019-06-30 18:24:00,2019,6,30,18,24,91,91021,VERDUN (AVENUE DE),48.58618,2.24415,Plein jour,En agglomération,Giratoire,Normale,Sans collision,4,1,1,0,2,2,1,0,1,50,1,1,0,0,0,1,57.0,,deux_roues,,1,2,6,1,7
201900019497,2019-06-28 18:19:00,2019,6,28,18,19,91,91021,DIVISION LECLERC (AVENUE DE LA),48.597112,2.24584,Plein jour,En agglomération,Hors intersection,Normale,Sans collision,3,2,2,0,1,1,1,0,1,50,1,1,0,0,0,1,40.0,,deux_roues,,1,2,1,1,7
201900019498,2019-06-30 12:02:00,2019,6,30,12,2,85,85194,BOULEVARD DU VENDEE GLOBE ,46.50554,-1.78992,Plein jour,En agglomération,Hors intersection,Normale,Autre collision,4,1,2,0,1,1,1,0,1,50,1,2,1,0,1,0,34.0,,voiture,,1,2,1,1,6
201900019499,2019-06-25 17:20:00,2019,6,25,17,20,84,84007,MONTFAVET (Route),43.94005,4.83345,Plein jour,Hors agglomération,Hors intersection,Normale,Deux véhicules - arrière,4,3,2,0,1,1,1,0,1,50,2,2,1,0,1,0,72.0,56.0,voiture,deux_roues,1,1,1,1,2
201900019500,2019-07-01 08:25:00,2019,7,1,8,25,83,83137,15EME CORPS (AVE DU),43.1285,5.9156,Plein jour,En agglomération,Autre intersection,Normale,Autre collision,4,2,4,0,1,1,1,0,1,50,1,2,1,0,0,1,36.0,,voiture,,1,2,9,1,6
201900019501,2019-07-01 17:00:00,2019,7,1,17,0,83,83129,CABRY (BD DE),43.11402,5.8115,Plein jour,En agglomération,Autre intersection,Normale,Autre collision,4,3,1,0,1,1,1,0,1,50,1,2,1,0,1,0,65.0,,voiture,,1,2,9,1,6
201900019502,2019-07-01 18:45:00,2019,7,1,18,45,82,82033,RIOU TORD VC 3 BIS (CHEMIN DU) ,44.07418,1.13226,Plein jour,En agglomération,Hors intersection,Normale,Autre collision,4,2,2,0,1,3,1,0,1,30,1,1,0,0,1,0,19.0,,deux_roues,,1,2,1,1,6
201900019503,2019-07-01 17:50:00,2019,7,1,17,50,81,81004,Rue François ARAGO,43.9292447,2.1992639,Plein jour,En agglomération,Hors intersection,Normale,Deux véhicules - côté,4,2,2,0,1,1,1,9,1,50,2,2,1,0,0,1,84.0,51.0,voiture,deux_roues,1,2,1,1,3
201900019504,2019-06-28 16:15:00,2019,6,28,16,15,80,80021,R LEO LAGRANGE,49.910542,2.311892,Plein jour,En agglomération,Hors intersection,Normale,Autre collision,4,2,2,0,1,1,1,0,1,50,1,2,1,0,0,1,70.0,,voiture,,1,2,1,1,6
201900019505,2019-06-28 18:35:00,2019,6,28,18,35,80,80021,"171, BD BEAUVILLE ",49.89882,2.3124,Plein jour,En agglomération,Hors intersection,Normale,Deux véhicules - arrière,4,2,2,0,2,1,1,0,1,50,2,2,1,0,0,1,22.0,33.0,deux_roues,voiture,1,2,1,1,2
201900019506,2019-06-28 14:10:00,2019,6,28,14,10,80,80489,"39, R HENRI BARBUSSE",49.87227,2.35324,Plein jour,En agglomération,Hors intersection,Normale,Deux véhicules - côté,4,2,2,0,1,1,1,0,1,50,2,3,1,0,0,2,37.0,38.0,voiture,voiture,1,2,1,1,3
201900019507,2019-06-28 19:35:00,2019,6,28,19,35,80,80021,"2, BD D'ALSACE LORRAINE ",49.89233,2.30767,Plein jour,En agglomération,Intersection en X,Normale,Deux véhicules - côté,4,2,2,0,1,1,1,0,1,50,2,2,1,0,0,1,19.0,61.0,deux_roues,voiture,1,2,2,1,3
201900019508,2019-06-29 20:35:00,2019,6,29,20,35,80,80021,FRANCS MURIERS (RUE DES),49.89693,2.30024,Plein jour,En agglomération,Hors intersection,Normale,Autre collision,4,2,4,0,1,1,1,0,1,50,1,2,1,0,0,1,59.0,,voiture,,1,2,1,1,6
201900019509,2019-06-28 11:59:00,2019,6,28,11,59,80,80021,AV DU GENERAL DE GAULLE ,49.90603,2.30148,Plein jour,En agglomération,Hors intersection,Normale,Autre collision,4,2,4,3,2,1,1,0,1,50,1,2,0,1,0,1,45.0,,transport_commun,,1,2,1,1,6
201900019510,2019-06-27 19:40:00,2019,6,27,19,40,80,80021,"22, R DES AUGUSTINS ",49.89481,2.30583,Plein jour,En agglomération,Hors intersection,Normale,Deux véhicules - côté,4,2,2,0,2,1,1,0,1,50,2,2,1,0,0,1,58.0,32.0,voiture,deux_roues,1,2,1,1,3
201900019511,2019-06-28 15:50:00,2019,6,28,15,50,77,77462,CLOSMES (RUE),49.01231,2.66931,Plein jour,En agglomération,Hors intersection,Normale,Deux véhicules - frontale,4,2,2,0,1,1,1,0,1,50,2,2,1,0,0,1,46.0,20.0,voiture,deux_roues,1,2,1,1,1
201900019512,2019-06-29 20:10:00,2019,6,29,20,10,76,76351,GEORGES BRAQUE (RUE),49.49521,0.10389,Plein jour,En agglomération,Hors intersection,Normale,Autre collision,4,2,4,0,1,1,1,0,1,50,1,2,1,0,1,0,35.0,,voiture,,1,2,1,1,6
201900019513,2019-06-30 13:20:00,2019,6,30,13,20,71,71270,Inters Pont St Laurent-Quai J. Jaurès,46.30537,4.83561,Plein jour,En agglomération,Intersection en X,Normale,Deux véhicules - côté,3,2,2,0,1,1,1,0,1,50,2,2,1,0,0,1,44.0,57.0,voiture,deux_roues,1,2,2,1,3
201900019514,2019-07-01 11:50:00,2019,7,1,11,50,69,69275,WILSON                              (R ),45.7657003,4.9436681,Plein jour,En agglomération,Autre intersection,Normale,Deux véhicules - côté,4,2,2,0,1,1,1,0,1,50,2,2,1,0,0,1,52.0,48.0,utilitaire_camion,deux_roues,1,2,9,1,3
201900019515,2019-06-09 01:58:00,2019,6,9,1,58,69,69091,JEAN LIGONNET ( R ),45.5949923,4.769842,Nuit sans éclairage public,En agglomération,Autre intersection,Normale,Deux véhicules - arrière,3,2,1,0,1,1,1,5,1,50,2,2,1,0,0,1,42.0,22.0,utilitaire_camion,utilitaire_camion,3,2,9,1,2
201900019516,2019-06-30 15:25:00,2019,6,30,15,25,69,69091,SEMARD (PIERRE) ( R ),45.5846,4.76616,Plein jour,En agglomération,Intersection en X,Normale,Deux véhicules - frontale,4,2,2,0,1,1,1,0,1,50,2,3,0,0,1,2,29.0,23.0,deux_roues,voiture,1,2,2,1,1
201900019517,2019-06-29 21:15:00,2019,6,29,21,15,67,67482,DANUBE (PONT DU),48.574039,7.771263,Crépuscule ou aube,En agglomération,Intersection en T,Normale,Trois véhicules et plus - collisions multiples,4,3,3,2,2,1,1,0,1,50,3,3,2,0,0,1,44.0,26.0,voiture,deux_roues,2,2,3,1,5
201900019518,2019-06-28 23:15:00,2019,6,28,23,15,67,67482,SCHIRMECK (ROUTE DE),48.572822,7.716408,Nuit avec éclairage allumé,En agglomération,Intersection en T,Normale,Autre collision,7,2,4,0,1,1,1,0,1,50,1,2,1,0,0,1,53.0,,voiture,,5,2,3,1,6
201900019519,2019-06-09 09:25:00,2019,6,9,9,25,59,59009,FUSILLES RUE DES DU N°116 A FIN,50.61013,3.16362,Plein jour,En agglomération,Hors intersection,Normale,Deux véhicules - arrière,7,2,2,0,1,1,1,5,1,50,2,2,1,0,0,1,76.0,26.0,voiture,voiture,1,2,1,1,2
201900019520,2019-06-30 16:40:00,2019,6,30,16,40,59,59350,DUNKERQUE AVENUE DE,50.64444,2.97515,Plein jour,En agglomération,Hors intersection,Temps éblouissant,Deux véhicules - côté,7,2,2,0,1,1,1,5,1,50,2,3,0,0,0,3,29.0,20.0,voiture,voiture,1,2,1,7,3
201900019521,2019-07-01 08:55:00,2019,7,1,8,55,59,59017,EUROPE  (AVENUE DE L'),50.69134,2.87302,Plein jour,En agglomération,Hors intersection,Normale,Deux véhicules - côté,4,2,2,0,1,1,1,0,1,50,2,2,1,0,1,0,44.0,35.0,voiture,deux_roues,1,2,1,1,3
201900019522,2019-07-01 13:55:00,2019,7,1,13,55,57,57672,GENERAL MANGIN (RUE),49.3568609,6.1612192,Plein jour,En agglomération,Hors intersection,Normale,Autre collision,4,2,2,0,1,1,1,0,2,50,1,2,1,0,1,0,34.0,,voiture,,1,2,1,1,6
201900019523,2019-06-28 17:25:00,2019,6,28,17,25,57,57508,GARE (RUE DE LA),49.34171,6.04564,Plein jour,En agglomération,Hors intersection,Normale,Autre collision,4,2,2,0,1,1,2,0,1,50,1,1,0,0,1,0,63.0,,deux_roues,,1,2,1,1,6
201900019524,2019-06-30 13:38:00,2019,6,30,13,38,57,57283,WILSON (RUE DU PRESIDENT),49.24665,6.15571,Plein jour,En agglomération,Hors intersection,Normale,Autre collision,4,2,2,0,2,2,1,0,1,50,1,2,0,0,1,1,16.0,,deux_roues,,1,2,1,1,6
201900019525,2019-07-01 15:20:00,2019,7,1,15,20,56,56260,POMPIDOU(AVENUE GEORGES),47.66368,-2.76663,Plein jour,En agglomération,Hors intersection,Normale,Deux véhicules - arrière,4,2,3,0,1,1,1,0,1,50,2,2,1,0,0,1,40.0,29.0,voiture,voiture,1,2,1,1,2
201900019526,2019-06-29 00:10:00,2019,6,29,0,10,54,54270,PASTEUR (RUE),49.49169,5.86786,Nuit avec éclairage allumé,En agglomération,Hors intersection,Normale,Sans collision,4,2,2,0,1,3,1,0,1,50,1,1,0,0,1,0,,,,,5,2,1,1,7
201900019527,2019-07-01 10:45:00,2019,7,1,10,45,54,54431,DUROC (PLACE),48.90252,6.05439,Plein jour,En agglomération,Hors intersection,Normale,Sans collision,9,1,1,0,1,1,1,0,1,50,1,2,1,0,0,1,36.0,,voiture,,1,2,1,1,7
201900019528,2019-07-01 23:00:00,2019,7,1,23,0,51,51454,RUE SAINT THIERRY,49.27386,4.01038,Nuit avec éclairage allumé,En agglomération,Intersection en T,Normale,Sans collision,4,1,1,0,1,3,1,0,1,50,1,1,0,0,1,0,44.0,,deux_roues,,5,2,3,1,7
201900019529,2019-06-30 12:20:00,2019,6,30,12,20,51,51055,RUE NEUVE,49.2850381,4.0573267,Plein jour,En agglomération,Hors intersection,Normale,Sans collision,4,1,1,0,1,1,1,0,1,50,1,2,1,0,0,1,23.0,,deux_roues,,1,2,1,1,7
201900019530,2019-06-30 22:15:00,2019,6,30,22,15,49,49007,ROI DE POLOGNE QUAI,47.4963,-0.56218,Nuit avec éclairage allumé,En agglomération,Hors intersection,Normale,Autre collision,4,1,2,0,1,1,1,0,1,30,1,2,0,0,0,2,18.0,,deux_roues,,5,2,1,1,6
201900019531,2019-06-30 21:03:00,2019,6,30,21,3,45,45147,RUE DE LA GROUETTE,47.93543,1.90549,Plein jour,En agglomération,Hors intersection,Normale,Deux véhicules - frontale,4,2,2,0,1,1,1,0,1,50,2,2,1,0,0,1,,,voiture,deux_roues,1,2,1,1,1
201900019532,2019-06-29 11:45:00,2019,6,29,11,45,45,45004,RUE DE LA COOPERATIVE,47.9718129,2.751989,Plein jour,En agglomération,Hors intersection,Normale,Deux véhicules - frontale,3,2,0,0,1,1,1,0,1,50,2,2,0,0,0,2,42.0,39.0,voiture,voiture,1,2,1,1,1
201900019533,2019-06-23 14:55:00,2019,6,23,14,55,40,40192,JUIN (V DU MARECHAL),43.90584,-0.47351,Plein jour,En agglomération,Hors intersection,Normale,Deux véhicules - côté,4,2,1,0,1,1,1,0,1,50,2,2,1,0,0,1,19.0,34.0,voiture,utilitaire_camion,1,2,1,1,3
201900019534,2019-07-01 17:10:00,2019,7,1,17,10,37,37261,BORDIERS (RUE DES),47.4239,0.67271,Plein jour,En agglomération,Hors intersection,Normale,Deux véhicules - côté,4,2,2,0,1,1,1,6,1,50,2,2,1,0,0,1,85.0,17.0,voiture,deux_roues,1,2,1,1,3
201900019535,2019-07-01 15:00:00,2019,7,1,15,0,37,37261,DASSAULT (AVENUE MARCEL),47.36475,0.67576,Plein jour,En agglomération,Hors intersection,Normale,Trois véhicules et plus - en chaîne,4,2,2,0,1,1,1,0,1,50,3,4,3,0,0,1,31.0,47.0,voiture,voiture,1,2,1,1,4
201900019536,2019-06-30 17:05:00,2019,6,30,17,5,35,35281,PORTE DE ST NAZAIRE,48.092258,-1.707734,Plein jour,Hors agglomération,Hors intersection,Normale,Sans collision,2,1,1,0,1,2,1,0,2,90,1,1,0,0,0,1,20.0,,voiture,,1,1,1,1,7
201900019537,2019-06-19 15:45:00,2019,6,19,15,45,34,34172,AGATHOIS (RUE DE L'),43.6337179,3.8246897,Plein jour,En agglomération,Hors intersection,Normale,Deux véhicules - côté,4,2,2,0,1,1,1,0,1,50,2,2,1,0,0,1,47.0,21.0,voiture,deux_roues,1,2,1,1,3
201900019538,2019-07-01 17:45:00,2019,7,1,17,45,33,33063,BD DU PRESIDENT WILSON,44.84597,-0.59855,Plein jour,En agglomération,Hors intersection,Normale,Deux véhicules - arrière,4,3,6,0,1,1,1,0,1,50,2,3,1,0,0,2,53.0,30.0,transport_commun,deux_roues,1,2,1,1,2
201900019539,2019-06-30 17:15:00,2019,6,30,17,15,33,33119,AVE JEAN JAURES,44.85577,-0.53478,Plein jour,En agglomération,Intersection en T,Normale,Deux véhicules - côté,4,3,8,0,1,1,1,0,1,50,2,2,1,0,0,1,42.0,34.0,deux_roues,voiture,1,2,3,1,3
201900019540,2019-06-30 14:40:00,2019,6,30,14,40,33,33522,RUE DE TREMEUGE,44.80251,-0.58712,Plein jour,En agglomération,Intersection en X,Normale,Deux véhicules - côté,4,2,2,0,1,1,1,0,1,50,2,2,1,0,1,0,22.0,19.0,deux_roues,voiture,1,2,2,1,3
201900019541,2019-06-30 04:30:00,2019,6,30,4,30,31,31555,MATABIAU (BD) DU 1AU 75,43.61585,1.43741,Nuit avec éclairage allumé,En agglomération,Hors intersection,Normale,Deux véhicules - côté,4,1,3,0,2,3,1,0,1,50,2,2,0,0,0,2,24.0,30.0,voiture,voiture,5,2,1,1,3
201900019542,2019-07-01 08:07:00,2019,7,1,8,7,29,29019,LOUPPE ALBERT (DE 1 A 69 ET 2 A 62),48.404767,-4.4771195,Plein jour,En agglomération,Giratoire,Normale,Deux véhicules - côté,4,-1,0,0,3,1,1,0,1,50,2,2,1,0,0,1,49.0,61.0,utilitaire_camion,voiture,1,2,6,1,3
201900019543,2019-06-30 07:00:00,2019,6,30,7,0,29,29019,KANT,48.39464,-4.5193,Plein jour,En agglomération,Intersection en T,Normale,Deux véhicules - frontale,4,2,2,0,2,1,1,0,1,50,2,3,2,0,0,1,23.0,24.0,voiture,voiture,1,2,3,1,1
201900019544,2019-07-01 09:46:00,2019,7,1,9,46,28,28229,RN 1154,48.45204,1.44595,Plein jour,Hors agglomération,Hors intersection,Normale,Deux véhicules - frontale,2,2,0,0,1,1,1,9,1,80,2,2,0,1,0,1,33.0,77.0,utilitaire_camion,voiture,1,1,1,1,1
201900019545,2019-06-27 10:20:00,2019,6,27,10,20,26,26252,DELAUNE ALLEE AUGUSTE,44.87497,4.87854,Plein jour,En agglomération,Hors intersection,Temps éblouissant,Autre collision,4,2,2,0,1,1,2,0,1,50,1,2,1,1,0,0,24.0,,voiture,,1,2,1,7,6
201900019546,2019-07-01 19:30:00,2019,7,1,19,30,21,21231,CHAMPOLLION (AVENUE),47.33475,5.06623,Plein jour,En agglomération,Hors intersection,Normale,Autre collision,4,1,1,0,2,1,1,0,1,50,1,2,1,0,1,0,20.0,,voiture,,1,2,1,1,6
201900019547,2019-06-30 04:30:00,2019,6,30,4,30,21,21231,REPUBLIQUE (DE LA) (PLACE),47.32619,5.04542,Nuit avec éclairage allumé,En agglomération,Place,Normale,Autre collision,4,1,4,3,1,1,1,9,1,50,1,2,1,0,1,0,36.0,,voiture,,5,2,7,1,6
201900019548,2019-06-30 18:15:00,2019,6,30,18,15,19,19275,BUSSIERTAS (RUE DE),45.56523,2.31729,Plein jour,Hors agglomération,Intersection en X,Temps éblouissant,Deux véhicules - côté,3,2,0,0,1,1,1,0,1,80,2,4,0,0,0,4,58.0,21.0,voiture,voiture,1,1,2,7,3
201900019549,2019-06-30 21:00:00,2019,6,30,21,0,17,17300,SARTRE   AVENUE JEAN-PAUL,46.15312,-1.11513,Plein jour,En agglomération,Giratoire,Normale,Deux véhicules - côté,4,1,4,0,1,4,1,5,1,50,2,2,1,0,0,1,43.0,,voiture,,1,2,6,1,3
201900019550,2019-07-01 09:00:00,2019,7,1,9,0,17,17200,L'HERMITAGE,46.17964,-1.15428,Plein jour,En agglomération,Hors intersection,Normale,Deux véhicules - arrière,4,1,1,0,1,1,1,0,1,50,2,2,1,0,0,1,45.0,55.0,voiture,utilitaire_camion,1,2,1,1,2
201900019551,2019-07-01 17:30:00,2019,7,1,17,30,14,14220,AGUSTE-DECAENS (RUE),49.3568924,0.087087,Plein jour,En agglomération,Hors intersection,Normale,Autre collision,3,3,4,0,1,3,1,9,1,50,1,3,2,0,0,1,91.0,,voiture,,1,2,1,1,6
201900019552,2019-06-30 17:20:00,2019,6,30,17,20,14,14220,REPUBLIQUE (AVENUE DE LA),49.35676,0.07244,Plein jour,En agglomération,Autre intersection,Temps éblouissant,Deux véhicules - frontale,3,2,2,0,1,1,1,5,1,50,2,3,1,0,0,2,49.0,44.0,voiture,deux_roues,1,2,9,7,1
201900019553,2019-07-01 14:00:00,2019,7,1,14,0,14,14333,RENOUF (RUE EMILE),49.41441,0.24377,Plein jour,En agglomération,Autre intersection,Normale,Deux véhicules - côté,9,2,2,0,1,1,1,0,1,50,2,6,3,0,0,3,37.0,29.0,voiture,utilitaire_camion,1,2,9,1,3
201900019554,2019-07-01 21:34:00,2019,7,1,21,34,14,14118,JUIN (BOULEVARD MARECHAL),49.21034,-0.36742,Plein jour,En agglomération,Intersection en X,Normale,Deux véhicules - côté,3,2,-1,-1,1,1,1,0,1,-1,2,2,1,0,0,1,20.0,32.0,utilitaire_camion,transport_commun,1,2,2,1,3
201900019555,2019-07-01 17:38:00,2019,7,1,17,38,14,14118,DETOLLE (BOULEVARD ANDRE),49.18336,-0.38712,Plein jour,En agglomération,Intersection en X,Normale,Deux véhicules - côté,4,2,-1,-1,1,1,1,0,1,-1,2,2,1,0,0,1,57.0,19.0,voiture,voiture,1,2,2,1,3
201900019556,2019-06-30 16:30:00,2019,6,30,16,30,14,14125,RD N° 07 ( DE  CAEN A DOUVRES ),49.2264,-0.36975,Plein jour,Hors agglomération,Hors intersection,Normale,Trois véhicules et plus - collisions multiples,4,2,-1,-1,1,1,1,0,1,-1,3,3,2,0,0,1,47.0,72.0,voiture,voiture,1,1,1,1,5
201900019557,2019-07-01 17:20:00,2019,7,1,17,20,13,13075,7EME TIRAILLEUR (AVE),43.346038,5.467714,Plein jour,En agglomération,Hors intersection,Normale,Deux véhicules - côté,4,2,2,0,1,1,1,0,1,50,2,2,1,0,0,1,79.0,35.0,voiture,deux_roues,1,2,1,1,3