accident_id,datetime,annee,mois,jour,heure,minute,departement,commune_insee,adresse,latitude,longitude,luminosite,agglomeration,intersection,meteo,collision,catr,circ,nbv,vosp,prof,plan,surf,infra,situ,vma,nb_vehicules,nb_usagers,nb_indemnes,nb_tues,nb_blesses_hosp,nb_blesses_legers,age_cond_1,age_cond_2,veh_type_cond_1,veh_type_cond_2,lum_code,agg_code,int_code,atm_code,col_code
201900019558,2019-07-01 10:00:00,2019,7,1,10,0,13,13211,VALBARELLE (BOULEVARD DE LA ),43.287652,5.448652,Plein jour,En agglomération,Hors intersection,Normale,Deux véhicules - côté,4,2,2,0,1,1,1,0,1,50,2,1,0,0,0,1,51.0,,utilitaire_camion,,1,2,1,1,3
201900019559,2019-07-01 10:40:00,2019,7,1,10,40,13,13209,RABUTIN CHA (RUE),43.262234,5.400599,Plein jour,En agglomération,Hors intersection,Normale,Deux véhicules - côté,4,2,1,0,1,1,1,0,1,30,2,2,1,0,0,1,71.0,91.0,voiture,deux_roues,1,2,1,1,3
201900019560,2019-07-01 14:30:00,2019,7,1,14,30,13,13047,CAPEAU  CHEMIN DE,43.50786,4.96752,Plein jour,En agglomération,Autre intersection,Temps éblouissant,Deux véhicules - côté,4,2,2,0,1,1,1,9,1,50,2,2,1,0,1,0,58.0,41.0,voiture,deux_roues,1,2,9,7,3
201900019561,2019-07-01 01:15:00,2019,7,1,1,15,13,13004,QUAI DE LA ROQUETTE,43.676956,4.621212,Nuit avec éclairage allumé,En agglomération,Hors intersection,Normale,Autre collision,7,1,0,0,1,1,1,0,1,50,1,2,1,0,0,1,22.0,,voiture,,5,2,1,1,6
201900019562,2019-07-01 00:20:00,2019,7,1,0,20,13,13001,BERRE (ROUTE DE),43.535867,5.4014012,Nuit sans éclairage public,Hors agglomération,Hors intersection,Normale,Autre collision,3,2,2,0,1,1,1,0,1,50,1,1,0,0,0,1,63.0,,deux_roues,,3,1,1,1,6
201900019563,2019-06-29 11:25:00,2019,6,29,11,25,11,11262,MISTRAL (BOULEVARD FREDERIC),43.185071,3.000561,Plein jour,En agglomération,Hors intersection,Normale,Autre collision,4,2,2,0,1,1,1,0,1,50,1,2,1,0,0,1,21.0,,voiture,,1,2,1,1,6
201900019564,2019-07-01 07:10:00,2019,7,1,7,10,10,10333,ABBAYE DE MONTIER LA CELLE (RUE DE),48.2853299,4.0539309,Plein jour,En agglomération,Hors intersection,Pluie légère,Autre collision,7,2,2,0,1,2,2,5,1,50,1,1,0,0,0,1,64.0,,utilitaire_camion,,1,2,1,2,6
201900019565,2019-06-30 08:08:00,2019,6,30,8,8,10,10387,MOINES (RUE AUX),48.3066,4.0888,Plein jour,En agglomération,Hors intersection,Normale,Sans collision,4,2,2,0,1,1,1,0,1,50,1,1,0,0,0,1,52.0,,voiture,,1,2,1,1,7
201900019566,2019-07-01 17:40:00,2019,7,1,17,40,6,06088,CASSIN (BD RENE),43.666364,7.205233,Plein jour,En agglomération,Hors intersection,Normale,Autre collision,4,1,2,0,1,1,1,4,2,50,1,2,1,0,1,0,34.0,,voiture,,1,2,1,1,6
201900019567,2019-06-29 17:03:00,2019,6,29,17,3,6,06104,PEGLION (RUE ANTOINE),43.77418,7.47328,Plein jour,En agglomération,Hors intersection,Normale,Autre collision,3,2,2,0,1,2,1,0,1,50,1,1,0,0,1,0,47.0,,deux_roues,,1,2,1,1,6
201900019568,2019-07-01 16:20:00,2019,7,1,16,20,6,06029,REPUBLIQUE (BOULEVARD DE LA),43.5608,7.0214,Plein jour,En agglomération,Hors intersection,Normale,Deux véhicules - frontale,4,2,-1,0,1,1,1,0,1,50,2,2,1,0,0,1,63.0,50.0,voiture,voiture,1,2,1,1,1
201900019569,2019-06-30 03:50:00,2019,6,30,3,50,5,05061,CLAIRIERE (CHEMIN DE),44.5664,6.05807,Nuit sans éclairage public,En agglomération,Intersection en T,Normale,Sans collision,4,2,2,0,2,1,1,0,1,50,1,4,1,0,0,3,22.0,,voiture,,3,2,3,1,7
201900019570,2019-06-28 12:00:00,2019,6,28,12,0,4,04112,RD 907 RP Mc Donald's,43.8199,5.79426,Plein jour,En agglomération,Giratoire,Normale,Autre collision,3,1,1,0,1,3,1,5,1,50,1,2,1,0,1,0,50.0,,utilitaire_camion,,1,2,6,1,6
201900019571,2019-07-01 17:15:00,2019,7,1,17,15,75,75119,PORTE DE PANTIN,48.892373,2.395411,Plein jour,En agglomération,Intersection en Y,Normale,Deux véhicules - arrière,4,1,4,0,1,1,1,0,1,70,2,2,1,0,1,0,51.0,47.0,voiture,utilitaire_camion,1,2,4,1,2
201900019572,2019-07-01 10:21:00,2019,7,1,10,21,75,75114,RUE MAURICE RIPOCHE,48.832718,2.324882,Plein jour,En agglomération,Intersection en Y,Normale,Autre collision,4,1,1,0,1,1,1,0,1,30,1,2,1,0,1,0,85.0,,voiture,,1,2,4,1,6
201900019573,2019-06-29 21:20:00,2019,6,29,21,20,75,75115,RUE DE LA CONVENTION,48.839257,2.291985,Nuit avec éclairage allumé,En agglomération,Intersection en X,Normale,Deux véhicules - côté,4,2,2,0,1,1,1,0,1,50,2,2,0,0,0,2,23.0,49.0,deux_roues,deux_roues,5,2,2,1,3
201900019574,2019-06-29 10:30:00,2019,6,29,10,30,75,75114,RUE PERNETY,48.832791,2.320018,Plein jour,En agglomération,Hors intersection,Normale,Sans collision,4,1,1,0,1,1,1,9,1,30,1,1,0,0,1,0,,,,,1,2,1,1,7
201900019575,2019-07-01 08:25:00,2019,7,1,8,25,75,75120,RUE JULIEN LACROIX,48.871903,2.38273,Plein jour,En agglomération,Intersection en X,Normale,Deux véhicules - côté,4,1,4,0,1,1,1,0,1,30,2,3,1,0,0,2,30.0,39.0,voiture,voiture,1,2,2,1,3
201900019576,2019-07-01 17:00:00,2019,7,1,17,0,75,75119,RUE DES BOIS,48.878253,2.397912,Plein jour,En agglomération,Intersection en X,Normale,Autre collision,4,2,1,0,2,1,1,0,1,50,1,2,1,0,1,0,23.0,,voiture,,1,2,2,1,6
201900019577,2019-07-01 09:30:00,2019,7,1,9,30,75,75119,RUE JEAN MENANS,48.88117,2.37876,Plein jour,En agglomération,Intersection en T,Normale,Deux véhicules - arrière,4,1,1,0,4,1,1,0,1,50,2,2,1,0,0,1,32.0,25.0,voiture,voiture,1,2,3,1,2
201900019578,2019-07-01 12:15:00,2019,7,1,12,15,75,75117,AVENUE DE LA PORTE D ASNIERES,48.89104,2.302531,Plein jour,En agglomération,Intersection en T,Normale,Deux véhicules - frontale,4,3,4,0,1,1,1,0,1,50,2,2,1,0,0,1,38.0,26.0,voiture,deux_roues,1,2,3,1,1
201900019579,2019-07-01 18:30:00,2019,7,1,18,30,75,75116,AVENUE DE NEW YORK,48.864094,2.299474,Plein jour,En agglomération,Intersection en T,Normale,Deux véhicules - côté,4,2,5,3,1,1,1,0,6,50,2,3,2,0,0,1,31.0,33.0,deux_roues,voiture,1,2,3,1,3
201900019580,2019-07-01 09:50:00,2019,7,1,9,50,75,75116,AVENUE THEOPHILE GAUTIER,48.85119,2.275119,Plein jour,En agglomération,Intersection en T,Normale,Autre collision,4,2,2,0,1,1,1,0,1,50,1,2,1,0,0,1,61.0,,voiture,,1,2,3,1,6
201900019581,2019-07-01 03:50:00,2019,7,1,3,50,75,75116,PLACE DE LA PORTE D AUTEUIL,48.848126,2.258704,Nuit avec éclairage non allumé,En agglomération,Intersection en X,Normale,Autre collision,4,2,4,0,1,1,1,0,1,50,1,1,0,0,0,1,64.0,,deux_roues,,4,2,2,1,6
201900019582,2019-07-01 09:00:00,2019,7,1,9,0,75,75114,BOULEVARD ADOLPHE PINARD,48.822616,2.312863,Plein jour,En agglomération,Hors intersection,Normale,Deux véhicules - côté,4,1,1,0,1,1,1,8,4,50,2,2,1,0,0,1,25.0,62.0,deux_roues,deux_roues,1,2,1,1,3
201900019583,2019-07-01 23:10:00,2019,7,1,23,10,75,75113,RUE DE RUNGIS,48.821885,2.344821,Nuit avec éclairage allumé,En agglomération,Hors intersection,Normale,Sans collision,4,2,2,0,1,1,1,0,1,50,1,2,1,0,0,1,34.0,,deux_roues,,5,2,1,1,7
201900019584,2019-07-01 10:50:00,2019,7,1,10,50,75,75113,BOULEVARD KELLERMANN,48.820258,2.347957,Plein jour,En agglomération,Intersection en T,Normale,Autre collision,4,2,4,0,1,1,1,0,1,50,2,2,1,0,0,1,50.0,,utilitaire_camion,,1,2,3,1,6
201900019585,2019-07-01 07:20:00,2019,7,1,7,20,75,75112,AVENUE DAUMESNIL,48.839939,2.432144,Crépuscule ou aube,En agglomération,Intersection en T,Temps éblouissant,Deux véhicules - côté,4,2,3,1,1,1,1,0,5,50,2,2,1,0,0,1,56.0,31.0,voiture,deux_roues,2,2,3,7,3
201900019586,2019-07-01 19:35:00,2019,7,1,19,35,75,75111,RUE DE NEMOURS,48.865664,2.372429,Plein jour,En agglomération,Intersection en X,Normale,Deux véhicules - côté,4,2,2,0,1,1,1,0,1,50,2,2,1,0,0,1,47.0,22.0,voiture,deux_roues,1,2,2,1,3
201900019587,2019-07-01 16:20:00,2019,7,1,16,20,75,75110,RUE SAINT MAUR,48.871793,2.37199,Plein jour,En agglomération,Intersection en X,Normale,Autre collision,4,1,1,0,1,1,1,0,1,50,1,1,0,0,0,1,,,,,1,2,2,1,6
201900019588,2019-07-01 18:30:00,2019,7,1,18,30,75,75104,BOULEVARD DE SEBASTOPOL,48.860063,2.349082,Plein jour,En agglomération,Intersection en X,Normale,Deux véhicules - arrière,4,1,3,0,1,1,1,0,1,50,2,2,1,0,0,1,50.0,25.0,deux_roues,deux_roues,1,2,2,1,2
201900019589,2019-07-01 19:10:00,2019,7,1,19,10,94,94078,ROLAND GARROS (R),48.75,2.45,Plein jour,En agglomération,Autre intersection,Normale,Deux véhicules - côté,4,1,1,0,1,1,1,0,1,50,2,2,1,0,0,1,21.0,53.0,deux_roues,voiture,1,2,9,1,3
201900019590,2019-06-29 10:00:00,2019,6,29,10,0,94,94068,BARATTE CHOLET (R),48.79802,2.48584,Plein jour,En agglomération,Hors intersection,Normale,Autre collision,3,1,1,0,1,1,1,6,1,30,1,2,1,0,0,1,73.0,,voiture,,1,2,1,1,6
201900019591,2019-06-30 22:45:00,2019,6,30,22,45,94,94019,CROIX SAINT VINCENT (CHE DE LA),48.79,2.53,Nuit avec éclairage allumé,En agglomération,Hors intersection,Normale,Deux véhicules - frontale,4,2,1,0,2,1,1,0,1,50,2,2,0,0,0,2,28.0,20.0,deux_roues,deux_roues,5,2,1,1,1
201900019592,2019-07-01 17:00:00,2019,7,1,17,0,93,93073,CHAPIT RE ( RUE DU),49.002541,2.536934,Plein jour,Hors agglomération,Hors intersection,Normale,Deux véhicules - arrière,9,1,2,0,1,1,1,0,1,70,2,2,1,0,0,1,43.0,32.0,voiture,voiture,1,1,1,1,2
201900019593,2019-07-01 19:25:00,2019,7,1,19,25,93,93064,QUATRIEME ZOUAVES (RUE DU),48.87383,2.48182,Plein jour,En agglomération,Intersection en T,Normale,Autre collision,3,2,3,0,4,1,1,0,3,50,1,2,1,0,0,1,31.0,,voiture,,1,2,3,1,6
201900019594,2019-06-29 17:41:00,2019,6,29,17,41,93,93077,NOISY (ROUTE DE) JUSQU'AU 45 ET 50,48.884,2.50005,Plein jour,En agglomération,Intersection en X,Normale,Deux véhicules - côté,3,2,3,0,1,1,1,0,1,50,2,2,1,0,0,1,21.0,31.0,deux_roues,voiture,1,2,2,1,3
201900019595,2019-07-01 17:10:00,2019,7,1,17,10,93,93050,ONZE NOVEMBRE (RUE),48.86312,2.52638,Plein jour,En agglomération,Hors intersection,Normale,Autre collision,7,-1,0,0,1,1,1,0,1,50,1,2,1,0,0,1,48.0,,voiture,,1,2,1,1,6
201900019596,2019-07-01 08:28:00,2019,7,1,8,28,93,93049,GALLIENI (BOULEVARD),48.85279,2.51298,Plein jour,En agglomération,Intersection en X,Normale,Autre collision,3,3,4,0,1,1,1,0,1,50,1,2,1,0,0,1,57.0,,voiture,,1,2,2,1,6
201900019597,2019-07-01 19:20:00,2019,7,1,19,20,93,93048,CHANZY (BOULEVARD),48.85858,2.43364,Plein jour,En agglomération,Hors intersection,Normale,Deux véhicules - arrière,3,2,1,0,1,1,1,0,1,50,2,5,4,0,0,1,28.0,27.0,deux_roues,voiture,1,2,1,1,2
201900019598,2019-07-01 08:30:00,2019,7,1,8,30,93,93048,PARIS (RUE DE),48.85472,2.41752,Plein jour,En agglomération,Intersection en T,Normale,Deux véhicules - côté,3,3,2,0,1,1,1,0,1,50,2,3,2,0,0,1,20.0,23.0,voiture,deux_roues,1,2,3,1,3
201900019599,2019-06-30 17:55:00,2019,6,30,17,55,93,93061,JOINEAU ANDRE RUE,48.8854,2.4038,Plein jour,En agglomération,Hors intersection,Normale,Autre collision,7,2,2,0,1,1,1,0,1,50,1,3,2,0,0,1,50.0,,transport_commun,,1,2,1,1,6
201900019600,2019-07-01 16:50:00,2019,7,1,16,50,93,93001,HENRI BARBUSSE (RUE) => 95/102,48.908843,2.39058,Plein jour,En agglomération,Autre intersection,Normale,Autre collision,3,2,2,0,1,1,1,5,1,50,1,2,1,0,0,1,36.0,,voiture,,1,2,9,1,6
201900019601,2019-07-01 08:40:00,2019,7,1,8,40,92,92036,BAS (RUE DES) (64 AU 76),48.9187445,2.2906399,Plein jour,En agglomération,Hors intersection,Normale,Trois véhicules et plus - en chaîne,3,2,4,0,1,1,1,0,1,50,3,4,3,0,0,1,88.0,86.0,voiture,voiture,1,2,1,1,4
201900019602,2019-07-01 20:20:00,2019,7,1,20,20,80,80171,autouroute A16,50.120726,1.862144,Plein jour,Hors agglomération,Hors intersection,Normale,Deux véhicules - arrière,1,3,2,3,1,1,1,0,1,130,2,2,1,0,0,1,55.0,47.0,voiture,voiture,1,1,1,1,2
201900019603,2019-06-28 17:45:00,2019,6,28,17,45,68,68156,D83,47.899534,7.25917,Plein jour,Hors agglomération,Hors intersection,Normale,Sans collision,3,3,4,0,1,1,1,0,3,110,1,4,0,0,1,3,31.0,,voiture,,1,1,1,1,7
201900019604,2019-06-30 09:45:00,2019,6,30,9,45,68,68178,RD 430,47.94008,7.14849,Plein jour,Hors agglomération,Hors intersection,Normale,Sans collision,3,2,2,0,2,1,1,0,1,80,1,1,0,0,0,1,48.0,,deux_roues,,1,1,1,1,7
201900019605,2019-07-01 09:50:00,2019,7,1,9,50,17,17015,Liboulas,45.557228,-0.879423,Plein jour,Hors agglomération,Intersection en X,Normale,Deux véhicules - frontale,3,2,2,0,1,1,9,0,1,80,2,2,1,0,1,0,81.0,79.0,voiture,deux_roues,1,1,2,1,1
201900019606,2019-06-24 09:30:00,2019,6,24,9,30,31,31022,37 Route de Fronton,43.662333,1.43109,Plein jour,En agglomération,Hors intersection,Normale,Autre collision,3,2,2,0,1,1,1,0,1,50,1,2,0,0,0,2,65.0,,deux_roues,,1,2,1,1,6
201900019607,2019-07-01 18:35:00,2019,7,1,18,35,68,68295,Rue de Neuf Brisach,48.005836,7.387888,Plein jour,Hors agglomération,Intersection en T,Normale,Deux véhicules - côté,4,2,2,0,1,1,1,0,1,80,2,2,1,0,1,0,16.0,39.0,deux_roues,voiture,1,1,3,1,3
201900019608,2019-07-01 17:30:00,2019,7,1,17,30,29,29053,RN 165,48.2967703,-4.1702478,Plein jour,Hors agglomération,Hors intersection,Normale,Sans collision,2,3,4,0,2,1,1,0,3,110,1,1,0,0,1,0,28.0,,voiture,,1,1,1,1,7
201900019609,2019-07-01 16:35:00,2019,7,1,16,35,19,19072,A20 - PR 260+430 - sens PARIS/TOULOUSE,45.254399,1.541952,Plein jour,Hors agglomération,Hors intersection,Normale,Deux véhicules - arrière,1,3,2,0,1,3,1,0,1,110,2,2,1,0,0,1,27.0,26.0,utilitaire_camion,voiture,1,1,1,1,2
201900019610,2019-07-02 16:30:00,2019,7,2,16,30,50,50048,a84 - PR 196+300,48.869776,-1.174317,Plein jour,Hors agglomération,Hors intersection,Normale,Deux véhicules - côté,1,3,4,0,1,1,1,0,1,130,2,2,1,0,0,1,40.0,26.0,utilitaire_camion,utilitaire_camion,1,1,1,1,3
201900019611,2019-07-01 16:40:00,2019,7,1,16,40,56,56185,52 rue jean JAURES,47.786635,-3.415909,Plein jour,En agglomération,Hors intersection,Normale,Autre collision,3,2,2,0,1,1,1,0,1,30,1,2,1,0,0,1,88.0,,voiture,,1,2,1,1,6
201900019612,2019-06-30 12:50:00,2019,6,30,12,50,56,56248,La Pointe,47.570667,-2.643828,Plein jour,Hors agglomération,Intersection en X,Normale,Trois véhicules et plus - collisions multiples,3,2,2,0,1,1,1,0,1,70,3,7,5,0,0,2,39.0,39.0,deux_roues,deux_roues,1,1,2,1,5
201900019613,2019-07-01 08:12:00,2019,7,1,8,12,56,56157,lieu-dit PLOUGOUARIN,47.76908,-2.6439,Plein jour,Hors agglomération,Hors intersection,Normale,Deux véhicules - frontale,4,2,2,0,1,3,1,0,1,70,2,2,0,0,1,1,23.0,35.0,voiture,voiture,1,1,1,1,1
201900019614,2019-07-01 18:40:00,2019,7,1,18,40,60,60562,rd 59,49.353464,2.53155,Plein jour,Hors agglomération,Hors intersection,Normale,Deux véhicules - côté,3,2,2,0,1,1,1,0,1,70,2,2,1,0,0,1,20.0,74.0,autre,voiture,1,1,1,1,3
201900019615,2019-07-01 23:50:00,2019,7,1,23,50,33,33545,LARTIGA,45.23781,-0.88664,Nuit sans éclairage public,Hors agglomération,Hors intersection,Normale,Deux véhicules - frontale,3,2,2,0,1,1,1,0,1,80,2,2,0,1,1,0,68.0,69.0,voiture,voiture,3,1,1,1,1
201900019616,2019-07-02 11:30:00,2019,7,2,11,30,81,81289,Grand-Rue,43.555252,2.116166,Plein jour,En agglomération,Hors intersection,Normale,Autre collision,3,2,2,0,1,1,1,0,8,50,1,2,1,1,0,0,59.0,,utilitaire_camion,,1,2,1,1,6
201900019617,2019-07-02 12:30:00,2019,7,2,12,30,89,89042,RD103Y,47.601002,4.20775,Plein jour,Hors agglomération,Intersection en X,Normale,Deux véhicules - côté,3,2,2,0,2,1,1,0,1,80,2,2,0,0,2,0,51.0,28.0,voiture,voiture,1,1,2,1,3
201900019618,2019-06-27 21:00:00,2019,6,27,21,0,49,49065,LES ROUILLERES (Contigné),47.715556,-0.529405,Plein jour,Hors agglomération,Hors intersection,Normale,Deux véhicules - arrière,3,2,2,0,1,1,1,0,1,80,2,3,2,0,0,1,36.0,41.0,voiture,voiture,1,1,1,1,2
201900019619,2019-06-29 09:00:00,2019,6,29,9,0,68,68384,Chm de Galgen,47.670537,7.318147,Plein jour,En agglomération,Hors intersection,Normale,Sans collision,9,-1,1,0,2,1,1,0,8,50,1,1,0,0,1,0,18.0,,deux_roues,,1,2,1,1,7
201900019620,2019-07-01 17:30:00,2019,7,1,17,30,35,35018,la grande garenne,48.447473,-1.138566,Plein jour,Hors agglomération,Intersection en T,Normale,Deux véhicules - arrière,3,2,2,0,1,1,1,0,1,80,2,2,1,0,0,1,30.0,49.0,voiture,deux_roues,1,1,3,1,2
201900019621,2019-07-01 11:35:00,2019,7,1,11,35,38,38198,Déviation Route Départementale 519,45.340185,4.949375,Plein jour,Hors agglomération,Intersection en X,Normale,Deux véhicules - côté,3,2,2,0,1,3,1,5,1,80,2,5,1,0,1,3,44.0,23.0,voiture,voiture,1,1,2,1,3
201900019622,2019-06-28 18:50:00,2019,6,28,18,50,38,38547,Rue des Adieux,45.241365,5.890123,Plein jour,En agglomération,Autre intersection,Normale,Autre collision,4,2,2,0,2,1,1,0,1,50,1,2,1,0,0,1,15.0,,deux_roues,,1,2,9,1,6
201900019623,2019-07-02 08:10:00,2019,7,2,8,10,85,85109,,46.8775,-1.11216,Plein jour,Hors agglomération,Hors intersection,Normale,Sans collision,1,1,2,0,1,1,1,0,1,90,1,2,1,1,0,0,48.0,,utilitaire_camion,,1,1,1,1,7
201900019624,2019-07-01 17:30:00,2019,7,1,17,30,14,14085,1667 Route de Pont l'Évêque,49.278165,0.318221,Plein jour,Hors agglomération,Hors intersection,Normale,Autre collision,3,2,2,0,1,1,1,0,3,80,1,1,0,0,1,0,57.0,,utilitaire_camion,,1,1,1,1,6
201900019625,2019-06-09 16:05:00,2019,6,9,16,5,5,05106,RN 94 - PK 94 +630,44.526922,6.357645,Plein jour,Hors agglomération,Hors intersection,Temps éblouissant,Deux véhicules - côté,2,2,2,0,1,1,1,0,1,80,2,6,2,0,0,4,26.0,41.0,voiture,voiture,1,1,1,7,3
201900019626,2019-07-02 08:00:00,2019,7,2,8,0,73,73123,D909 la caillière,45.8663185,6.4932442,Plein jour,Hors agglomération,Hors intersection,Normale,Sans collision,3,2,2,0,2,1,2,0,1,80,1,1,0,0,1,0,56.0,,deux_roues,,1,1,1,1,7
201900019627,2019-06-30 15:00:00,2019,6,30,15,0,43,43130,D15,45.030467,4.206079,Plein jour,Hors agglomération,Hors intersection,Normale,Deux véhicules - frontale,3,2,1,0,3,1,1,0,1,80,2,4,0,0,1,3,22.0,64.0,voiture,voiture,1,1,1,1,1
201900019628,2019-06-08 06:15:00,2019,6,8,6,15,43,43084,Vge de Tarreyre,44.979673,3.858636,Plein jour,Hors agglomération,Hors intersection,Normale,Autre collision,2,2,2,0,2,2,1,0,3,80,1,1,0,0,1,0,22.0,,voiture,,1,1,1,1,6
201900019629,2019-07-02 15:20:00,2019,7,2,15,20,10,10089,rd619,48.499239,3.822994,Plein jour,Hors agglomération,Hors intersection,Normale,Trois véhicules et plus - collisions multiples,3,2,3,0,1,1,1,0,1,80,4,5,2,0,2,1,85.0,58.0,voiture,voiture,1,1,1,1,5
201900019630,2019-07-02 15:40:00,2019,7,2,15,40,36,36186,LE CHENE,46.6536367,2.0982415,Plein jour,Hors agglomération,Hors intersection,Normale,Deux véhicules - côté,3,2,2,0,1,1,1,0,1,80,2,2,1,1,0,0,53.0,63.0,utilitaire_camion,deux_roues,1,1,1,1,3
201900019631,2019-06-21 02:45:00,2019,6,21,2,45,40,40284,RN 810,43.669651,-1.277829,Nuit sans éclairage public,En agglomération,Intersection en T,Pluie forte,Deux véhicules - côté,3,2,2,0,1,1,2,0,1,50,2,2,1,0,1,0,43.0,52.0,deux_roues,utilitaire_camion,3,2,3,3,3
201900019632,2019-06-30 14:45:00,2019,6,30,14,45,85,85307,route de la tranche,46.34055,-1.33927,Plein jour,En agglomération,Hors intersection,Normale,Deux véhicules - arrière,3,2,2,0,1,1,1,0,1,50,2,1,0,0,0,1,64.0,,deux_roues,,1,2,1,1,2
201900019633,2019-07-02 17:43:00,2019,7,2,17,43,85,85031,La Croisée de la Pantière,46.77555,-0.96335,Plein jour,Hors agglomération,Hors intersection,Normale,Deux véhicules - frontale,3,2,2,0,1,3,1,0,1,80,2,2,1,1,0,0,50.0,52.0,transport_commun,deux_roues,1,1,1,1,1
201900019634,2019-07-01 15:25:00,2019,7,1,15,25,27,27116,Rue de Valleville,49.167683,0.724119,Plein jour,Hors agglomération,Intersection en T,Normale,Autre collision,3,2,2,0,1,1,1,0,1,70,2,2,1,0,0,1,89.0,23.0,voiture,voiture,1,1,3,1,6
201900019635,2019-07-01 18:40:00,2019,7,1,18,40,28,28280,Pitre,48.302107,0.81454,Plein jour,Hors agglomération,Hors intersection,Normale,Deux véhicules - frontale,3,2,2,0,1,1,1,0,1,80,2,2,1,0,1,0,20.0,33.0,deux_roues,voiture,1,1,1,1,1
201900019636,2019-07-02 16:30:00,2019,7,2,16,30,8,08219,RD 11,49.5881616,4.296813,Plein jour,Hors agglomération,Hors intersection,Normale,Deux véhicules - frontale,3,2,2,0,2,1,1,0,1,80,2,4,0,0,2,2,43.0,29.0,voiture,voiture,1,1,1,1,1
201900019637,2019-07-01 14:45:00,2019,7,1,14,45,88,88426,rue du ballon d'Alsace,47.836657,6.834608,Plein jour,Hors agglomération,Hors intersection,Normale,Autre collision,3,2,2,0,2,3,1,0,3,80,1,1,0,0,1,0,44.0,,deux_roues,,1,1,1,1,6
201900019638,2019-07-01 11:40:00,2019,7,1,11,40,974,97415,Rue Gabriel Martin,-20.97803,55.324052,Plein jour,En agglomération,Intersection en T,Normale,Deux véhicules - côté,3,2,2,0,2,1,1,0,1,30,2,2,1,0,0,1,38.0,44.0,deux_roues,voiture,1,2,3,1,3
201900019639,2019-07-01 17:08:00,2019,7,1,17,8,973,97309,rond-point de remire (  boulangerie savoureux gateau),4.887035,-52.2760686,Plein jour,En agglomération,Giratoire,Normale,Deux véhicules - arrière,3,2,2,0,1,1,1,0,1,50,2,2,1,0,1,0,47.0,50.0,voiture,deux_roues,1,2,6,1,2
201900019640,2019-06-29 12:00:00,2019,6,29,12,0,33,33122,Avenue Saint-Jacques de Compostelle,44.702568,-0.704264,Plein jour,Hors agglomération,Hors intersection,Normale,Trois véhicules et plus - en chaîne,3,2,2,0,1,1,1,0,1,80,4,7,4,0,0,3,49.0,55.0,utilitaire_camion,voiture,1,1,1,1,4
201900019641,2019-07-01 15:35:00,2019,7,1,15,35,17,17323,23 Rue d'Antiochat,46.038528,-1.379384,Plein jour,En agglomération,Hors intersection,Normale,Deux véhicules - frontale,4,2,2,0,1,1,1,0,1,50,2,2,1,0,1,0,50.0,71.0,utilitaire_camion,deux_roues,1,2,1,1,1
201900019642,2019-07-02 14:05:00,2019,7,2,14,5,41,41136,17 place de la halle,47.704006,1.506763,Plein jour,En agglomération,Hors intersection,Normale,Autre collision,9,1,1,0,2,1,1,0,1,50,1,2,1,0,0,1,14.0,,deux_roues,,1,2,1,1,6
201900019643,2019-07-01 18:15:00,2019,7,1,18,15,45,45252,Route de Puiseaux,48.176978,2.263173,Plein jour,En agglomération,Intersection en T,Normale,Deux véhicules - côté,3,2,2,0,1,1,1,0,1,50,2,3,1,0,0,2,17.0,69.0,deux_roues,voiture,1,2,3,1,3
201900019644,2019-07-02 12:23:00,2019,7,2,12,23,45,45082,Avenue du Gatinais,47.873008,2.226908,Plein jour,En agglomération,Hors intersection,Normale,Deux véhicules - arrière,3,2,3,1,1,1,1,0,1,50,2,4,1,0,0,3,54.0,21.0,voiture,voiture,1,2,1,1,2
201900019645,2019-07-02 16:50:00,2019,7,2,16,50,77,77448,D603 X RUE DU HAINAULT,48.94467,3.11096,Plein jour,Hors agglomération,Intersection en T,Normale,Trois véhicules et plus - collisions multiples,3,2,2,0,1,1,1,5,1,70,3,4,3,0,1,0,45.0,37.0,voiture,voiture,1,1,3,1,5
201900019646,2019-07-01 18:24:00,2019,7,1,18,24,95,95509,RUE DE PUISEUX,49.056961,2.498406,Plein jour,En agglomération,Hors intersection,Normale,Deux véhicules - arrière,4,2,2,0,1,1,1,0,1,50,2,2,1,0,0,1,39.0,27.0,voiture,voiture,1,2,1,1,2
201900019647,2019-07-02 09:00:00,2019,7,2,9,0,84,84138,Route de Baume de Transit,44.376689,4.977184,Plein jour,En agglomération,Hors intersection,Normale,Autre collision,3,2,2,0,1,4,1,0,3,50,1,1,0,0,0,1,58.0,,deux_roues,,1,2,1,1,6
201900019648,2019-07-02 14:00:00,2019,7,2,14,0,67,67012,Rue de Stundwiller,48.930571,7.98546,Plein jour,En agglomération,Hors intersection,Normale,Deux véhicules - frontale,3,2,2,0,1,3,1,0,1,-1,2,2,1,0,0,1,17.0,56.0,deux_roues,utilitaire_camion,1,2,1,1,1
201900019649,2019-06-30 17:00:00,2019,6,30,17,0,63,63383,D978,45.5350775,2.9751384,Plein jour,Hors agglomération,Intersection en T,Normale,Deux véhicules - arrière,3,2,2,0,1,1,1,0,1,80,2,2,1,0,1,0,23.0,25.0,voiture,deux_roues,1,1,3,1,2
201900019650,2019-07-02 14:15:00,2019,7,2,14,15,74,74027,D909,45.896341,6.275956,Plein jour,Hors agglomération,Hors intersection,Normale,Deux véhicules - frontale,3,2,2,0,1,1,1,0,1,80,2,3,1,0,1,1,77.0,30.0,voiture,utilitaire_camion,1,1,1,1,1
201900019651,2019-06-30 11:15:00,2019,6,30,11,15,42,42046,ROUTE DÉPARTEMENTALE 5,45.637747,4.068041,Plein jour,Hors agglomération,Hors intersection,Normale,Deux véhicules - côté,3,2,2,1,1,1,1,0,1,80,2,2,1,0,0,1,76.0,27.0,voiture,voiture,1,1,1,1,3