accident_id,datetime,annee,mois,jour,heure,minute,departement,commune_insee,adresse,latitude,longitude,luminosite,agglomeration,intersection,meteo,collision,catr,circ,nbv,vosp,prof,plan,surf,infra,situ,vma,nb_vehicules,nb_usagers,nb_indemnes,nb_tues,nb_blesses_hosp,nb_blesses_legers,age_cond_1,age_cond_2,veh_type_cond_1,veh_type_cond_2,lum_code,agg_code,int_code,atm_code,col_code
201900019652,2019-06-29 17:30:00,2019,6,29,17,30,38,38277,D 529,45.00614,5.70076,Plein jour,Hors agglomération,Hors intersection,Normale,Sans collision,3,2,3,0,2,3,1,0,1,70,1,1,0,0,1,0,42.0,,deux_roues,,1,1,1,1,7
201900019653,2019-07-01 01:45:00,2019,7,1,1,45,38,38562,route napoleon,45.077934,5.770942,Nuit avec éclairage allumé,En agglomération,Giratoire,Normale,Sans collision,2,3,4,0,1,1,1,0,1,70,1,1,0,0,0,1,30.0,,voiture,,5,2,6,1,7
201900019654,2019-07-01 07:00:00,2019,7,1,7,0,69,69131,Avenue de l'Ouest Lyonnais,45.70313,4.69607,Plein jour,Hors agglomération,Hors intersection,Normale,Deux véhicules - côté,3,2,2,0,2,1,1,0,1,70,2,2,1,0,1,0,40.0,72.0,utilitaire_camion,deux_roues,1,1,1,1,3
201900019655,2019-07-01 16:50:00,2019,7,1,16,50,69,69238,8 Boulevard de la Bardière,45.629749,4.461035,Plein jour,En agglomération,Hors intersection,Normale,Sans collision,3,2,2,0,1,1,1,0,1,50,1,2,1,0,0,1,65.0,,voiture,,1,2,1,1,7
201900019656,2019-07-01 13:30:00,2019,7,1,13,30,79,79038,,46.790543,-0.386389,Plein jour,Hors agglomération,Hors intersection,Normale,Autre collision,4,2,2,0,1,1,1,0,3,80,1,1,0,0,1,0,21.0,,voiture,,1,1,1,1,6
201900019657,2019-07-01 18:50:00,2019,7,1,18,50,16,16019,Ld Les Petits Bois,45.709367,0.078277,Plein jour,Hors agglomération,Hors intersection,Normale,Deux véhicules - côté,3,2,2,0,2,3,1,0,1,80,2,2,1,0,1,0,26.0,32.0,voiture,voiture,1,1,1,1,3
201900019658,2019-07-01 16:30:00,2019,7,1,16,30,85,85268,D6,46.69419,-1.81021,Plein jour,Hors agglomération,Hors intersection,Normale,Deux véhicules - frontale,3,2,2,0,1,1,1,0,1,80,2,7,5,0,2,0,21.0,40.0,deux_roues,voiture,1,1,1,1,1
201900019659,2019-07-01 17:10:00,2019,7,1,17,10,22,22277,Le Quartier d'en Bas,48.401321,-2.892308,Plein jour,Hors agglomération,Hors intersection,Temps éblouissant,Deux véhicules - arrière,3,2,2,0,2,1,1,0,1,80,2,2,1,0,0,1,36.0,17.0,utilitaire_camion,deux_roues,1,1,1,7,2
201900019660,2019-07-02 09:10:00,2019,7,2,9,10,35,35107,les landelles,48.244443,-1.523885,Plein jour,Hors agglomération,Hors intersection,Normale,Autre collision,4,2,2,0,1,4,1,0,3,80,1,2,0,1,1,0,19.0,,voiture,,1,1,1,1,6
201900019661,2019-07-01 14:00:00,2019,7,1,14,0,13,13055,A507 sens Aubagne- Marseille,43.285875,5.4285175,Plein jour,Hors agglomération,Hors intersection,Normale,Deux véhicules - arrière,1,1,4,0,1,1,1,0,1,90,2,2,0,0,0,2,31.0,59.0,voiture,voiture,1,1,1,1,2
201900019662,2019-07-01 08:00:00,2019,7,1,8,0,33,33249,AUTOROUTE A 10,44.88785,-0.50546,Plein jour,Hors agglomération,Hors intersection,Normale,Deux véhicules - arrière,1,3,6,0,1,1,1,0,1,90,2,2,1,0,0,1,41.0,55.0,voiture,voiture,1,1,1,1,2
201900019663,2019-07-01 09:05:00,2019,7,1,9,5,94,94016,AUTOROUTE A6A,48.798656,2.3430807,Plein jour,Hors agglomération,Hors intersection,Normale,Deux véhicules - côté,1,3,6,0,1,1,1,0,1,90,2,2,1,0,0,1,52.0,67.0,deux_roues,voiture,1,1,1,1,3
201900019664,2019-06-30 00:44:00,2019,6,30,0,44,91,91661,AUTOROUTE A10,48.696232,2.236351,Nuit sans éclairage public,Hors agglomération,Hors intersection,Normale,Deux véhicules - arrière,1,3,2,0,1,1,1,0,1,90,2,2,1,0,0,1,52.0,52.0,utilitaire_camion,utilitaire_camion,3,1,1,1,2
201900019665,2019-06-29 19:00:00,2019,6,29,19,0,92,92002,AUTOROUTE A86,48.7603581,2.2887529,Plein jour,Hors agglomération,Hors intersection,Normale,Trois véhicules et plus - en chaîne,1,1,2,0,2,1,1,0,1,90,3,3,2,0,0,1,31.0,22.0,voiture,voiture,1,1,1,1,4
201900019666,2019-07-01 14:32:00,2019,7,1,14,32,78,78402,A13,48.963844,1.78908,Plein jour,Hors agglomération,Hors intersection,Normale,Sans collision,1,-1,3,0,1,1,1,0,3,130,1,1,0,0,0,1,82.0,,voiture,,1,1,1,1,7
201900019667,2019-07-01 08:13:00,2019,7,1,8,13,78,78043,A12 Y,48.841314,2.102338,Plein jour,Hors agglomération,Hors intersection,Normale,Trois véhicules et plus - en chaîne,1,3,2,0,1,1,1,0,3,90,4,4,1,0,0,3,50.0,20.0,deux_roues,voiture,1,1,1,1,4
201900019668,2019-07-01 07:45:00,2019,7,1,7,45,78,78043,A13W,48.84515,2.086649,Plein jour,Hors agglomération,Hors intersection,Normale,Deux véhicules - arrière,1,1,2,0,1,1,1,0,1,110,2,2,1,0,0,1,43.0,34.0,utilitaire_camion,utilitaire_camion,1,1,1,1,2
201900019669,2019-07-01 04:25:00,2019,7,1,4,25,78,78043,A12 W,48.825993,2.07585,Crépuscule ou aube,Hors agglomération,Hors intersection,Normale,Deux véhicules - arrière,1,1,4,0,2,1,1,0,3,110,2,2,1,0,0,1,25.0,56.0,voiture,voiture,2,1,1,1,2
201900019670,2019-06-29 20:15:00,2019,6,29,20,15,78,78640,A86 INT,48.778568,2.206983,Plein jour,Hors agglomération,Hors intersection,Normale,Trois véhicules et plus - collisions multiples,1,1,3,0,1,1,1,0,3,110,3,4,3,0,0,1,37.0,27.0,voiture,voiture,1,1,1,1,5
201900019671,2019-06-30 15:50:00,2019,6,30,15,50,92,92036,AUTOROUTE A15,48.9383979,2.2940326,Plein jour,Hors agglomération,Hors intersection,Normale,Deux véhicules - côté,1,3,4,0,2,1,1,3,1,50,2,3,1,0,0,2,47.0,25.0,voiture,deux_roues,1,1,1,1,3
201900019672,2019-06-29 12:20:00,2019,6,29,12,20,93,93053,AUTOROUTE A3,48.88713,2.47371,Plein jour,Hors agglomération,Hors intersection,Normale,Trois véhicules et plus - collisions multiples,1,3,9,0,1,3,1,2,1,70,3,4,2,0,0,2,45.0,62.0,voiture,voiture,1,1,1,1,5
201900019673,2019-06-30 04:00:00,2019,6,30,4,0,95,95394,RN 184,49.05169,2.15273,Nuit sans éclairage public,Hors agglomération,Hors intersection,Normale,Deux véhicules - arrière,2,3,4,0,1,1,1,0,1,90,2,5,1,0,0,4,40.0,37.0,voiture,voiture,3,1,1,1,2
201900019674,2019-07-01 17:20:00,2019,7,1,17,20,94,94073,A86 INT,48.7595,2.3837,Plein jour,Hors agglomération,Hors intersection,Normale,Deux véhicules - arrière,1,1,1,0,1,1,1,0,1,70,2,2,1,0,0,1,27.0,51.0,voiture,voiture,1,1,1,1,2
201900019675,2019-07-01 17:15:00,2019,7,1,17,15,75,75112,A4,48.820467,2.460592,Plein jour,Hors agglomération,Hors intersection,Normale,Deux véhicules - arrière,1,3,4,0,1,1,1,0,1,90,2,2,1,0,0,1,62.0,25.0,voiture,voiture,1,1,1,1,2
201900019676,2019-08-01 23:25:00,2019,8,1,23,25,33,33249,AVE DE PARIS,44.87793,-0.51089,Nuit avec éclairage allumé,En agglomération,Autre intersection,Normale,Deux véhicules - frontale,4,2,2,0,1,1,1,0,8,50,2,4,3,0,0,1,38.0,40.0,voiture,voiture,5,2,9,1,1
201900019677,2019-08-01 20:15:00,2019,8,1,20,15,33,33063,Crs Aristide Briand / R. Villedieu,44.831256,-0.574721,Plein jour,En agglomération,Intersection en Y,Pluie légère,Deux véhicules - côté,4,2,3,0,1,1,2,0,1,50,2,2,1,0,0,1,18.0,30.0,deux_roues,voiture,1,2,4,2,3
201900019678,2019-08-01 16:00:00,2019,8,1,16,0,33,33063,BD MARECHAL LECLERC,44.83042,-0.59682,Plein jour,En agglomération,Hors intersection,Normale,Autre collision,4,3,5,3,1,1,1,0,1,50,1,2,1,0,0,1,47.0,,deux_roues,,1,2,1,1,6
201900019679,2019-08-01 18:35:00,2019,8,1,18,35,33,33529,D112 / R.Jean de Grailly,44.62672,-1.14156,Plein jour,En agglomération,Giratoire,Temps couvert,Deux véhicules - côté,3,1,1,0,1,2,1,0,1,50,2,2,1,0,0,1,65.0,60.0,voiture,deux_roues,1,2,6,8,3
201900019680,2019-07-31 03:00:00,2019,7,31,3,0,33,33529,71 BD DE L'OCEAN,44.63289,-1.20251,Nuit avec éclairage allumé,En agglomération,Hors intersection,Normale,Deux véhicules - côté,3,2,2,0,1,1,1,0,1,50,2,1,0,0,0,1,19.0,,deux_roues,,5,2,1,1,3
201900019681,2019-08-02 08:55:00,2019,8,2,8,55,32,32013,YSER (AVENUE DE L'),43.64961,0.59361,Plein jour,En agglomération,Hors intersection,Normale,Sans collision,2,2,2,0,1,1,1,0,1,50,1,2,1,0,0,1,67.0,,voiture,,1,2,1,1,7
201900019682,2019-07-31 08:45:00,2019,7,31,8,45,31,31149,RD PT TERRE ENVOL,43.613355,1.307042,Plein jour,En agglomération,Hors intersection,Normale,Deux véhicules - côté,4,2,2,0,1,1,1,0,1,50,2,2,1,0,0,1,49.0,24.0,voiture,deux_roues,1,2,1,1,3
201900019683,2019-08-01 21:20:00,2019,8,1,21,20,30,30007,MONGE (AVENUE),44.1482716,4.0995219,Nuit avec éclairage allumé,En agglomération,Hors intersection,Normale,Deux véhicules - arrière,3,2,2,0,1,1,1,0,1,70,2,3,1,0,0,2,31.0,22.0,voiture,voiture,5,2,1,1,2
201900019684,2019-08-03 03:50:00,2019,8,3,3,50,29,29232,KEREQUELLOU CHEMIN DE,47.95339,-4.07251,Nuit sans éclairage public,Hors agglomération,Hors intersection,Normale,Sans collision,4,2,2,0,1,3,1,0,1,70,1,3,0,0,0,3,23.0,,voiture,,3,1,1,1,7
201900019685,2019-08-03 00:20:00,2019,8,3,0,20,29,29232,OISEAUX AVENUE DES,47.9924509,-4.1233651,Nuit avec éclairage allumé,En agglomération,Intersection en X,Normale,Deux véhicules - côté,4,2,2,0,2,2,1,5,1,50,2,2,1,0,0,1,26.0,37.0,voiture,voiture,5,2,2,1,3
201900019686,2019-07-31 16:50:00,2019,7,31,16,50,29,29232,PARC DES SPORTS DE LUDUGRIS RUE DU,47.9811872,-4.1202003,Plein jour,En agglomération,Hors intersection,Normale,Sans collision,4,2,2,0,1,2,1,0,1,50,1,2,0,0,0,2,16.0,,deux_roues,,1,2,1,1,7
201900019687,2019-08-01 05:10:00,2019,8,1,5,10,29,29151,KERNEGUES (AVENUE DE),48.57142,-3.82575,Nuit avec éclairage allumé,En agglomération,Hors intersection,Normale,Sans collision,4,1,-1,0,2,3,1,0,1,30,1,1,0,0,0,1,21.0,,voiture,,5,2,1,1,7
201900019688,2019-08-01 08:03:00,2019,8,1,8,3,29,29254,LANNUGUY (LIEU DIT),48.6065721,-3.8539291,Plein jour,Hors agglomération,Hors intersection,Normale,Sans collision,3,2,2,0,1,1,1,0,1,80,1,1,0,0,0,1,54.0,,voiture,,1,1,1,1,7
201900019689,2019-07-26 10:30:00,2019,7,26,10,30,29,29039,DUMONT D'URVILLE (RUE),47.87048,-3.9212,Plein jour,En agglomération,Intersection en T,Normale,Autre collision,4,1,1,0,1,1,1,0,1,20,1,2,1,0,1,0,22.0,,voiture,,1,2,3,1,6
201900019690,2019-08-01 09:35:00,2019,8,1,9,35,29,29039,TREGUNC ( RUE DE ),47.86983,-3.90615,Plein jour,En agglomération,Giratoire,Temps éblouissant,Deux véhicules - côté,3,1,1,0,1,2,1,5,1,50,2,2,1,0,0,1,64.0,21.0,deux_roues,voiture,1,2,6,7,3
201900019691,2019-07-25 22:41:00,2019,7,25,22,41,29,29019,MAISSIN,48.39,-4.5035,Nuit avec éclairage allumé,En agglomération,Giratoire,Normale,Deux véhicules - frontale,4,-1,2,0,1,1,1,0,1,50,2,6,1,0,0,5,21.0,34.0,voiture,voiture,5,2,6,1,1
201900019692,2019-08-01 17:45:00,2019,8,1,17,45,28,28229,SERESVILLE,48.4669,1.42895,Plein jour,Hors agglomération,Hors intersection,Normale,Sans collision,4,2,1,0,2,3,1,0,1,50,1,1,0,0,1,0,18.0,,deux_roues,,1,1,1,1,7
201900019693,2019-08-02 12:15:00,2019,8,2,12,15,27,27229,BOUIN (RUE JEAN),49.02353,1.12482,Plein jour,En agglomération,Hors intersection,Normale,Deux véhicules - côté,4,2,2,0,1,1,1,0,1,50,2,2,1,0,0,1,19.0,46.0,deux_roues,voiture,1,2,1,1,3
201900019694,2019-08-01 18:55:00,2019,8,1,18,55,26,26362,ALIXAN ROUTE RD 171 chemin de Thodure,44.955747,4.957572,Plein jour,Hors agglomération,Intersection en X,Normale,Deux véhicules - côté,3,2,2,0,1,1,1,0,1,80,2,2,0,0,1,1,36.0,43.0,voiture,voiture,1,1,2,1,3
201900019695,2019-08-02 03:30:00,2019,8,2,3,30,26,26198,EUROPE (Boulevard de l'),44.54255,4.75381,Nuit avec éclairage allumé,En agglomération,Hors intersection,Normale,Autre collision,4,-1,2,0,1,1,1,0,1,50,1,1,0,0,0,1,25.0,,voiture,,5,2,1,1,6
201900019696,2019-08-02 18:30:00,2019,8,2,18,30,25,25524,"Entre écluse 21 et 22, chemin de halage",47.448639,6.659324,Nuit sans éclairage public,Hors agglomération,Hors intersection,Normale,Autre collision,4,3,2,0,1,1,1,0,1,50,1,1,0,0,1,0,26.0,,deux_roues,,3,1,1,1,6
201900019697,2019-08-01 21:30:00,2019,8,1,21,30,25,25056,ARMEE FRANCAISE PL. DE LA 1ERE,47.24247,6.029482,Nuit avec éclairage allumé,En agglomération,Intersection en X,Normale,Deux véhicules - frontale,4,3,3,0,1,1,1,5,1,50,2,2,1,0,1,0,30.0,30.0,deux_roues,voiture,5,2,2,1,1
201900019698,2019-08-02 11:10:00,2019,8,2,11,10,19,19031,ZOLA (AVENUE EMILE),45.1563,1.52631,Plein jour,En agglomération,Hors intersection,Normale,Deux véhicules - arrière,4,2,2,0,1,1,1,0,1,50,2,3,2,0,0,1,70.0,55.0,voiture,voiture,1,2,1,1,2
201900019699,2019-08-03 19:30:00,2019,8,3,19,30,17,17028,GRASSET   AVENUE EDMOND,46.13166,-1.10357,Plein jour,En agglomération,Intersection en T,Normale,Deux véhicules - côté,4,2,4,1,1,1,1,0,1,30,2,2,0,0,0,2,30.0,18.0,voiture,voiture,1,2,3,1,3
201900019700,2019-08-02 05:00:00,2019,8,2,5,0,17,17028,59 avenue ROGER SALENGRO,46.13989,-1.13179,Nuit sans éclairage public,En agglomération,Hors intersection,Normale,Autre collision,4,2,2,0,1,3,1,0,1,50,1,1,0,0,0,1,24.0,,voiture,,3,2,1,1,6
201900019701,2019-08-02 08:45:00,2019,8,2,8,45,17,17449,EGLISE RUE DE L',45.944215,-0.892896,Plein jour,En agglomération,Giratoire,Normale,Deux véhicules - côté,4,2,2,0,2,1,1,5,1,50,2,2,1,0,0,1,63.0,54.0,voiture,deux_roues,1,2,6,1,3
201900019702,2019-08-01 12:50:00,2019,8,1,12,50,14,14333,SEINE (QUAI EN ),49.42795,0.25402,Plein jour,En agglomération,Hors intersection,Normale,Sans collision,4,2,2,0,1,1,1,0,1,50,1,1,0,0,0,1,19.0,,deux_roues,,1,2,1,1,7
201900019703,2019-08-02 04:10:00,2019,8,2,4,10,14,14118,PIERRE MENDES FRANCE (AVENUE),49.1785488,-0.3444466,Nuit avec éclairage allumé,En agglomération,Hors intersection,Normale,Autre collision,4,2,-1,-1,1,2,1,0,1,30,1,1,0,0,0,1,21.0,,voiture,,5,2,1,1,6
201900019704,2019-08-02 14:35:00,2019,8,2,14,35,14,14181,LEDUC (RUE ARTHUR),49.15005,-0.31871,Plein jour,En agglomération,Hors intersection,Normale,Deux véhicules - côté,2,3,-1,-1,1,1,1,0,1,-1,2,2,1,0,0,1,43.0,24.0,voiture,deux_roues,1,2,1,1,3
201900019705,2019-08-03 16:15:00,2019,8,3,16,15,13,13206,PIERRE PUGET (COURS),43.29026,5.37545,Plein jour,En agglomération,Hors intersection,Normale,Deux véhicules - arrière,4,1,2,0,2,1,1,0,1,50,2,3,2,0,0,1,43.0,33.0,voiture,voiture,1,2,1,1,2
201900019706,2019-08-03 05:05:00,2019,8,3,5,5,13,13209,COL DE LA GINESTE D559,43.24696,5.45235,Nuit sans éclairage public,En agglomération,Hors intersection,Normale,Autre collision,3,-1,2,0,4,4,1,9,1,70,1,2,0,0,2,0,38.0,,deux_roues,,3,2,1,1,6
201900019707,2019-08-03 06:10:00,2019,8,3,6,10,13,13213,NICOLAS APPERT (RUE),43.33974,5.41766,Plein jour,En agglomération,Hors intersection,Normale,Deux véhicules - frontale,4,2,2,0,2,1,1,0,1,50,2,2,1,0,0,1,26.0,40.0,voiture,utilitaire_camion,1,2,1,1,1
201900019708,2019-08-02 20:44:00,2019,8,2,20,44,13,13201,REPUBLIQUE (RUE DE LA)     2 A 42,43.29817,5.3726,Crépuscule ou aube,En agglomération,Intersection en T,Normale,Deux véhicules - côté,4,2,2,0,2,1,1,0,1,50,2,2,1,0,1,0,56.0,25.0,utilitaire_camion,deux_roues,2,2,3,1,3
201900019709,2019-08-02 15:00:00,2019,8,2,15,0,13,13203,LECCIA (BOULEVARD),43.31251,5.388761,Plein jour,En agglomération,Intersection en X,Normale,Deux véhicules - côté,4,1,1,0,1,1,1,0,1,50,2,2,1,0,0,1,66.0,,voiture,,1,2,2,1,3
201900019710,2019-08-02 03:35:00,2019,8,2,3,35,13,13207,Corniche John Fitzgérald Kennedy,43.27888,5.35386,Nuit avec éclairage allumé,En agglomération,Hors intersection,Normale,Autre collision,4,2,2,0,1,2,1,0,1,50,1,3,1,0,0,2,19.0,,voiture,,5,2,1,1,6
201900019711,2019-08-02 01:00:00,2019,8,2,1,0,13,13210,RABATAU (BOULEVARD),43.28095,5.39935,Nuit avec éclairage allumé,En agglomération,Intersection en T,Normale,Deux véhicules - côté,4,2,4,0,1,3,1,5,1,50,2,2,1,0,0,1,28.0,22.0,deux_roues,voiture,5,2,3,1,3
201900019712,2019-08-02 00:35:00,2019,8,2,0,35,13,13211,SAINT LOUP (BOULEVARD DE),43.28567,5.4421,Nuit avec éclairage allumé,En agglomération,Intersection en T,Normale,Deux véhicules - côté,4,2,3,0,1,1,1,0,1,50,2,2,1,0,0,1,30.0,18.0,voiture,deux_roues,5,2,3,1,3
201900019713,2019-08-01 21:50:00,2019,8,1,21,50,13,13211,ELLEON (AVENUE),43.28556,5.4421,Nuit avec éclairage allumé,En agglomération,Intersection en T,Normale,Autre collision,4,1,2,0,1,1,1,0,1,50,1,2,1,0,0,1,18.0,,voiture,,5,2,3,1,6
201900019714,2019-07-31 15:35:00,2019,7,31,15,35,13,13002,7 RMENT DE TIRAILLEURS ALGERIENS (AVENUE,43.3383,5.46726,Plein jour,En agglomération,Hors intersection,Normale,Deux véhicules - côté,4,2,2,0,1,1,1,0,1,50,2,2,1,0,1,0,44.0,76.0,deux_roues,voiture,1,2,1,1,3
201900019715,2019-07-31 07:30:00,2019,7,31,7,30,13,13204,ALEX. FLEMING (BOULEVARD),43.31388,5.40557,Plein jour,En agglomération,Hors intersection,Normale,Trois véhicules et plus - en chaîne,4,1,3,0,2,1,1,0,1,50,3,3,2,0,0,1,31.0,40.0,voiture,voiture,1,2,1,1,4
201900019716,2019-07-31 13:35:00,2019,7,31,13,35,12,12174,CASSAGNETTES (RUE DE ),44.3375,2.5552,Plein jour,En agglomération,Hors intersection,Normale,Autre collision,4,3,2,0,1,1,1,0,1,50,1,2,1,0,1,0,23.0,,voiture,,1,2,1,1,6
201900019717,2019-07-26 22:10:00,2019,7,26,22,10,11,11262,HUGO (QUAI ET PASSERELLE VICTOR),43.181022,3.008994,Nuit avec éclairage allumé,En agglomération,Hors intersection,Normale,Autre collision,4,2,2,0,1,1,1,0,1,50,2,2,1,0,0,1,21.0,41.0,voiture,voiture,5,2,1,1,6
201900019718,2019-08-03 00:08:00,2019,8,3,0,8,10,10387,GERARD MILLOT (RUE),48.304,4.064,Nuit avec éclairage allumé,En agglomération,Hors intersection,Normale,Autre collision,4,2,2,0,1,1,1,0,1,50,1,1,0,0,0,1,25.0,,deux_roues,,5,2,1,1,6
201900019719,2019-08-01 05:06:00,2019,8,1,5,6,10,10333,MARECHAL LECLERC (RUE DU),48.277,4.0499,Nuit avec éclairage allumé,En agglomération,Autre intersection,Normale,Deux véhicules - côté,4,2,2,0,1,1,1,0,1,50,2,2,1,0,0,1,26.0,30.0,voiture,deux_roues,5,2,9,1,3
201900019720,2019-07-31 15:41:00,2019,7,31,15,41,10,10387,PREIZE (RUE DE),48.30632,4.06947,Plein jour,En agglomération,Hors intersection,Temps couvert,Deux véhicules - arrière,4,2,2,0,1,1,1,6,1,50,2,2,1,0,0,1,38.0,38.0,deux_roues,voiture,1,2,1,8,2
201900019721,2019-08-03 08:40:00,2019,8,3,8,40,6,06088,SAQUIER (CH. DE),43.7474611,7.2065244,Plein jour,En agglomération,Hors intersection,Normale,Deux véhicules - côté,4,2,2,0,3,3,1,0,1,50,2,2,1,0,0,1,31.0,47.0,deux_roues,voiture,1,2,1,1,3
201900019722,2019-08-02 00:52:00,2019,8,2,0,52,6,06088,TURIN (RTE DE),43.72652,7.286175,Nuit avec éclairage allumé,En agglomération,Autre intersection,Normale,Deux véhicules - côté,4,1,2,0,1,1,1,0,2,50,2,7,0,0,7,0,31.0,35.0,voiture,voiture,5,2,9,1,3
201900019723,2019-08-03 09:40:00,2019,8,3,9,40,6,06069,MARIGARDE (ROUTE DE LA),43.65416,6.94344,Plein jour,En agglomération,Hors intersection,Normale,Trois véhicules et plus - en chaîne,3,-1,2,0,1,1,1,0,1,50,3,3,1,0,0,2,50.0,22.0,voiture,voiture,1,2,1,1,4
201900019724,2019-08-01 07:45:00,2019,8,1,7,45,6,06069,SIDI BRAHIM (AVENUE),43.64573,6.94015,Plein jour,En agglomération,Hors intersection,Normale,Deux véhicules - frontale,4,2,2,0,2,3,1,0,1,50,2,2,1,0,0,1,52.0,20.0,voiture,voiture,1,2,1,1,1
201900019725,2019-08-02 15:12:00,2019,8,2,15,12,6,06027,BOUCHER RUE HELENE,43.6591234,7.1463277,Plein jour,En agglomération,Hors intersection,Normale,Deux véhicules - côté,7,2,2,0,1,1,1,0,2,50,2,2,1,0,1,0,21.0,49.0,voiture,deux_roues,1,2,1,1,3
201900019726,2019-08-01 18:00:00,2019,8,1,18,0,6,06027,PLAGE BOULEVARD DE LA,43.6515946,7.1533074,Plein jour,En agglomération,Hors intersection,Normale,Deux véhicules - arrière,7,1,2,0,1,1,1,0,1,50,2,3,2,0,0,1,83.0,19.0,voiture,voiture,1,2,1,1,2
201900019727,2019-08-01 14:30:00,2019,8,1,14,30,6,06027,PLAGE BOULEVARD DE LA,43.656644,7.174912,Plein jour,En agglomération,Hors intersection,Normale,Deux véhicules - arrière,7,1,4,0,1,1,1,0,1,50,2,3,1,0,0,2,25.0,25.0,voiture,voiture,1,2,1,1,2
201900019728,2019-07-30 14:30:00,2019,7,30,14,30,5,05061,VEYNES ( ROUTE DE ),44.55746,6.05804,Plein jour,En agglomération,Hors intersection,Normale,Autre collision,3,2,2,0,1,2,1,0,3,50,1,1,0,0,0,1,34.0,,voiture,,1,2,1,1,6
201900019729,2019-08-02 17:10:00,2019,8,2,17,10,4,04112,Av Georges Pompidou,43.8271,5.78157,Plein jour,En agglomération,Giratoire,Normale,Deux véhicules - arrière,4,2,2,0,1,1,1,0,1,50,2,2,1,0,0,1,28.0,20.0,utilitaire_camion,deux_roues,1,2,6,1,2
201900019730,2019-08-01 12:16:00,2019,8,1,12,16,3,03190,avenue du Général de Gaulle,46.5709444,3.3240589,Plein jour,En agglomération,Hors intersection,Normale,Deux véhicules - côté,4,2,2,0,1,1,1,0,1,50,2,5,4,0,1,0,28.0,16.0,voiture,deux_roues,1,2,1,1,3
201900019731,2019-08-03 15:00:00,2019,8,3,15,0,75,75115,BD PERIPHERIQUE EXTERIEUR,48.8349924,2.2729951,Plein jour,En agglomération,Intersection en Y,Normale,Deux véhicules - côté,4,1,1,0,2,1,1,0,1,50,2,6,5,0,0,1,39.0,37.0,utilitaire_camion,voiture,1,2,4,1,3
201900019732,2019-08-02 17:30:00,2019,8,2,17,30,75,75120,BD PERIPHERIQUE INTERIEUR,48.865153,2.413215,Plein jour,En agglomération,Hors intersection,Normale,Autre collision,4,1,4,0,1,1,1,0,1,70,4,3,2,0,0,1,23.0,25.0,voiture,utilitaire_camion,1,2,1,1,6
201900019733,2019-08-01 16:55:00,2019,8,1,16,55,75,75115,BD PERIPHERIQUE EXTERIEUR,48.8314065,2.2828375,Plein jour,En agglomération,Hors intersection,Normale,Deux véhicules - côté,4,1,4,0,1,1,1,0,1,70,2,2,1,0,0,1,56.0,26.0,deux_roues,voiture,1,2,1,1,3
201900019734,2019-07-31 13:00:00,2019,7,31,13,0,75,75112,ECHANGEUR BERCY,48.8268139,2.3904759,Plein jour,En agglomération,Intersection en Y,Normale,Sans collision,4,1,2,0,1,3,1,0,1,50,1,1,0,0,0,1,28.0,,deux_roues,,1,2,4,1,7
201900019735,2019-08-01 00:56:00,2019,8,1,0,56,75,75115,BD PERIPHERIQUE EXTERIEUR SUD,48.8349149,2.273556,Nuit avec éclairage allumé,En agglomération,Intersection en Y,Normale,Autre collision,4,1,4,0,1,1,1,0,1,70,1,2,0,0,1,1,45.0,,deux_roues,,5,2,4,1,6
201900019736,2019-08-02 02:36:00,2019,8,2,2,36,75,75105,BOULEVARD DE L HOPITAL,48.8403353,2.3619967,Nuit avec éclairage allumé,En agglomération,Intersection en T,Normale,Autre collision,4,3,6,0,1,1,1,5,1,50,1,1,0,0,1,0,30.0,,deux_roues,,5,2,3,1,6
201900019737,2019-08-03 00:08:00,2019,8,3,0,8,75,75119,BOULEVARD DE LA VILLETTE,48.8721169,2.3770365,Nuit avec éclairage allumé,En agglomération,Intersection en X,Normale,Deux véhicules - côté,4,3,2,0,1,1,1,0,1,50,2,2,1,0,0,1,74.0,36.0,voiture,deux_roues,5,2,2,1,3
201900019738,2019-08-03 17:20:00,2019,8,3,17,20,75,75118,RUE ORDENER,48.891342,2.35082,Plein jour,En agglomération,Hors intersection,Normale,Autre collision,4,2,2,0,1,1,1,0,1,50,1,2,1,0,0,1,31.0,,deux_roues,,1,2,1,1,6
201900019739,2019-08-03 15:40:00,2019,8,3,15,40,75,75119,RUE D AUBERVILLIERS,48.897545,2.370532,Plein jour,En agglomération,Hors intersection,Normale,Deux véhicules - arrière,4,3,2,0,1,1,1,0,1,50,2,2,1,0,0,1,35.0,51.0,voiture,voiture,1,2,1,1,2
201900019740,2019-08-02 12:30:00,2019,8,2,12,30,75,75118,BOULEVARD ORNANO,48.8960418,2.3459619,Plein jour,En agglomération,Place,Temps éblouissant,Autre collision,4,2,4,0,1,1,1,0,1,50,1,2,1,0,0,1,48.0,,voiture,,1,2,7,7,6
201900019741,2019-08-03 13:08:00,2019,8,3,13,8,75,75117,AVENUE DE LA GRANDE ARMEE,48.8768881,2.2852904,Plein jour,En agglomération,Intersection en T,Normale,Deux véhicules - arrière,4,2,8,0,2,1,1,0,1,50,2,3,2,0,0,1,50.0,27.0,voiture,voiture,1,2,3,1,2
201900019742,2019-07-31 18:10:00,2019,7,31,18,10,75,75116,CARREFOUR DES CASCADES,48.858412,2.258782,Plein jour,En agglomération,Intersection en X,Normale,Sans collision,4,2,2,0,1,1,1,0,4,50,1,2,1,0,0,1,30.0,,deux_roues,,1,2,2,1,7