accident_id,datetime,annee,mois,jour,heure,minute,departement,commune_insee,adresse,latitude,longitude,luminosite,agglomeration,intersection,meteo,collision,catr,circ,nbv,vosp,prof,plan,surf,infra,situ,vma,nb_vehicules,nb_usagers,nb_indemnes,nb_tues,nb_blesses_hosp,nb_blesses_legers,age_cond_1,age_cond_2,veh_type_cond_1,veh_type_cond_2,lum_code,agg_code,int_code,atm_code,col_code
201900019743,2019-07-31 18:00:00,2019,7,31,18,0,75,75116,AVENUE DE NEW YORK,48.85955,2.290039,Plein jour,En agglomération,Hors intersection,Normale,Deux véhicules - arrière,4,3,2,0,2,1,1,1,1,50,2,4,2,0,0,2,70.0,23.0,deux_roues,voiture,1,2,1,1,2
201900019744,2019-08-02 10:15:00,2019,8,2,10,15,75,75115,QUAI D ISSY LES MOULINEAUX,48.8352596,2.2661142,Plein jour,En agglomération,Hors intersection,Normale,Trois véhicules et plus - en chaîne,4,2,4,0,1,1,1,0,1,50,3,4,3,0,0,1,40.0,32.0,utilitaire_camion,deux_roues,1,2,1,1,4
201900019745,2019-08-01 19:00:00,2019,8,1,19,0,75,75113,PONT DE TOLBIAC,48.832242,2.379803,Plein jour,En agglomération,Intersection en X,Normale,Deux véhicules - arrière,4,2,5,0,1,1,1,2,1,50,2,2,1,0,0,1,42.0,15.0,voiture,deux_roues,1,2,2,1,2
201900019746,2019-08-02 18:10:00,2019,8,2,18,10,75,75112,AVENUE DE SAINT MAURICE,48.8242405,2.4199743,Plein jour,En agglomération,Intersection en X,Normale,Deux véhicules - côté,4,2,2,-1,1,1,1,0,5,50,2,2,1,0,0,1,69.0,40.0,deux_roues,deux_roues,1,2,2,1,3
201900019747,2019-08-01 18:15:00,2019,8,1,18,15,75,75112,RUE DE PICPUS,48.846111,2.394623,Plein jour,En agglomération,Hors intersection,Normale,Deux véhicules - côté,4,2,2,0,1,1,1,0,1,50,2,2,1,0,0,1,55.0,27.0,voiture,deux_roues,1,2,1,1,3
201900019748,2019-08-01 16:15:00,2019,8,1,16,15,75,75111,AVENUE PARMENTIER,48.866883,2.373366,Plein jour,En agglomération,Intersection en X,Normale,Autre collision,4,3,2,0,1,1,1,0,1,30,1,1,0,0,0,1,,,,,1,2,2,1,6
201900019749,2019-08-03 08:40:00,2019,8,3,8,40,75,75109,BOULEVARD DE CLICHY,48.8841015,2.3308168,Plein jour,En agglomération,Intersection en T,Normale,Autre collision,4,3,2,0,1,1,1,0,1,50,2,1,0,0,0,1,77.0,,deux_roues,,1,2,3,1,6
201900019750,2019-08-03 04:00:00,2019,8,3,4,0,75,75109,BOULEVARD DE ROCHECHOUART,48.882524,2.343138,Nuit avec éclairage allumé,En agglomération,Hors intersection,Normale,Autre collision,4,3,2,0,1,1,1,0,1,50,1,1,0,0,0,1,30.0,,deux_roues,,5,2,1,1,6
201900019751,2019-08-02 12:50:00,2019,8,2,12,50,75,75109,BOULEVARD HAUSSMANN,48.8726065,2.3358008,Plein jour,En agglomération,Intersection en Y,Normale,Deux véhicules - arrière,4,1,2,0,1,1,1,0,1,50,2,2,1,0,0,1,39.0,64.0,deux_roues,voiture,1,2,4,1,2
201900019752,2019-07-25 10:00:00,2019,7,25,10,0,75,75109,RUE DU FAUBOURG POISSONNIERE,48.874018,2.347893,Plein jour,En agglomération,Intersection en X,Temps éblouissant,Autre collision,4,1,1,0,1,1,1,0,1,50,2,1,0,0,0,1,31.0,,deux_roues,,1,2,2,7,6
201900019753,2019-08-02 12:50:00,2019,8,2,12,50,75,75108,PLACE DE LA CONCORDE,48.86587,2.319896,Plein jour,En agglomération,Place,Normale,Trois véhicules et plus - en chaîne,4,1,6,0,1,1,1,0,1,50,4,4,3,0,0,1,21.0,30.0,deux_roues,voiture,1,2,7,1,4
201900019754,2019-08-01 17:31:00,2019,8,1,17,31,75,75108,AVENUE GEORGE V,48.870631,2.300949,Plein jour,En agglomération,Hors intersection,Normale,Deux véhicules - côté,4,2,4,0,1,1,1,0,1,50,2,2,1,0,0,1,39.0,34.0,voiture,deux_roues,1,2,1,1,3
201900019755,2019-07-31 23:10:00,2019,7,31,23,10,75,75108,PLACE DE LA CONCORDE,48.8653175,2.3215554,Nuit avec éclairage non allumé,En agglomération,Place,Normale,Autre collision,4,1,2,0,1,1,1,0,1,50,1,2,0,0,0,2,59.0,,deux_roues,,4,2,7,1,6
201900019756,2019-08-02 14:50:00,2019,8,2,14,50,75,75103,RUE SAINT GILLES,48.8577195,2.3673733,Plein jour,En agglomération,Intersection en X,Normale,Autre collision,4,1,1,0,1,1,1,0,1,50,1,1,0,0,0,1,31.0,,voiture,,1,2,2,1,6
201900019757,2019-08-03 15:25:00,2019,8,3,15,25,75,75104,RUE DE TURENNE,48.8564423,2.3642761,Plein jour,En agglomération,Intersection en X,Normale,Autre collision,4,2,2,0,1,1,1,0,1,30,1,2,1,0,0,1,16.0,,deux_roues,,1,2,2,1,6
201900019758,2019-08-01 16:00:00,2019,8,1,16,0,75,75101,QUAI DE LA MEGISSERIE,48.857999,2.344414,Plein jour,En agglomération,Intersection en T,Normale,Trois véhicules et plus - en chaîne,4,1,3,0,1,1,1,0,1,50,3,5,3,0,0,2,40.0,43.0,voiture,voiture,1,2,3,1,4
201900019759,2019-08-01 19:40:00,2019,8,1,19,40,94,94081,JEAN JAURES (AV),48.793853,2.399022,Plein jour,En agglomération,Autre intersection,Normale,Deux véhicules - frontale,3,2,2,0,1,1,1,0,1,50,2,2,1,0,0,1,40.0,43.0,voiture,deux_roues,1,2,9,1,1
201900019760,2019-08-03 17:55:00,2019,8,3,17,55,94,94080,FRANCE (R DE),48.8479,2.44656,Plein jour,En agglomération,Hors intersection,Normale,Autre collision,4,1,1,0,1,1,1,0,1,50,1,2,1,0,1,0,29.0,,deux_roues,,1,2,1,1,6
201900019761,2019-08-01 08:20:00,2019,8,1,8,20,94,94068,DIDIER (AV),48.79748,2.50875,Plein jour,En agglomération,Intersection en X,Normale,Deux véhicules - côté,4,1,1,0,1,1,1,0,1,50,2,2,1,0,0,1,42.0,23.0,utilitaire_camion,voiture,1,2,2,1,3
201900019762,2019-08-01 16:40:00,2019,8,1,16,40,94,94042,GENERAL GALLIENI (AV DU),48.82012,2.48132,Plein jour,En agglomération,Hors intersection,Normale,Deux véhicules - côté,3,2,4,0,1,1,1,0,1,50,2,2,1,0,0,1,52.0,37.0,utilitaire_camion,deux_roues,1,2,1,1,3
201900019763,2019-07-31 21:00:00,2019,7,31,21,0,94,94042,GENERAL GALLIENI (AV DU),48.82013,2.48025,Crépuscule ou aube,En agglomération,Intersection en T,Normale,Deux véhicules - frontale,3,2,3,0,1,1,1,0,1,50,2,2,1,0,0,1,40.0,24.0,deux_roues,deux_roues,2,2,3,1,1
201900019764,2019-08-02 18:25:00,2019,8,2,18,25,94,94046,REPUBLIQUE (AV DE LA),48.8019,2.43271,Plein jour,En agglomération,Hors intersection,Normale,Deux véhicules - arrière,3,2,2,0,1,1,1,0,1,50,2,2,1,0,0,1,34.0,21.0,voiture,voiture,1,2,1,1,2
201900019765,2019-08-02 18:50:00,2019,8,2,18,50,94,94046,REPUBLIQUE (AV DE LA),48.8067,2.44422,Plein jour,En agglomération,Intersection en T,Normale,Deux véhicules - côté,3,2,2,0,1,1,1,0,1,50,2,2,1,0,0,1,40.0,36.0,deux_roues,voiture,1,2,3,1,3
201900019766,2019-08-01 13:34:00,2019,8,1,13,34,94,94046,FOCH (AV),48.8154,2.43222,Plein jour,En agglomération,Hors intersection,Normale,Deux véhicules - côté,4,2,2,0,1,1,1,0,1,50,2,2,1,0,0,1,58.0,46.0,voiture,deux_roues,1,2,1,1,3
201900019767,2019-07-29 10:51:00,2019,7,29,10,51,94,94003,DIVISION DU GENERAL LECLERC (R DE LA),48.80469,2.33782,Plein jour,En agglomération,Intersection en X,Normale,Deux véhicules - frontale,3,2,2,0,2,1,1,5,1,50,2,2,1,1,0,0,30.0,54.0,deux_roues,utilitaire_camion,1,2,2,1,1
201900019768,2019-08-01 17:45:00,2019,8,1,17,45,94,94041,PAUL VAILLANT COUTURIER (BD),48.81905,2.39666,Plein jour,En agglomération,Hors intersection,Normale,Deux véhicules - côté,3,2,3,3,1,1,1,0,1,50,2,5,2,0,0,3,41.0,51.0,transport_commun,utilitaire_camion,1,2,1,1,3
201900019769,2019-08-01 22:30:00,2019,8,1,22,30,94,94038,FLOUQUET (AV),48.7695128,2.3217095,Nuit avec éclairage allumé,En agglomération,Intersection en T,Normale,Deux véhicules - côté,3,1,0,2,1,1,1,0,1,50,2,3,2,0,0,1,21.0,73.0,voiture,voiture,5,2,3,1,3
201900019770,2019-08-02 05:15:00,2019,8,2,5,15,94,94028,PETITES HAYES.(AVENUE DES),48.78795,2.4395,Nuit avec éclairage allumé,En agglomération,Intersection en T,Autre,Sans collision,4,2,2,0,1,1,1,1,4,50,1,1,0,0,1,0,42.0,,voiture,,5,2,3,9,7
201900019771,2019-08-03 19:25:00,2019,8,3,19,25,94,94022,YVONNE MARCAILLOUX (AV),48.76821,2.40799,Plein jour,En agglomération,Autre intersection,Normale,Deux véhicules - arrière,4,2,2,0,1,1,1,0,1,50,2,2,1,0,0,1,30.0,35.0,voiture,voiture,1,2,9,1,2
201900019772,2019-08-01 10:00:00,2019,8,1,10,0,94,94059,JEAN KIFFER (AV),48.80618,2.57613,Plein jour,En agglomération,Hors intersection,Normale,Deux véhicules - frontale,4,2,1,0,1,1,1,0,3,50,2,2,1,0,0,1,45.0,33.0,voiture,deux_roues,1,2,1,1,1
201900019773,2019-08-01 11:30:00,2019,8,1,11,30,94,94018,GRAVELLE (AV DE),48.82463,2.41451,Plein jour,En agglomération,Hors intersection,Normale,Deux véhicules - côté,4,2,2,0,1,1,1,0,1,30,2,2,1,0,0,1,64.0,46.0,voiture,deux_roues,1,2,1,1,3
201900019774,2019-08-01 22:45:00,2019,8,1,22,45,94,94002,EMILE ZOLA (R),48.79879,2.4274,Nuit avec éclairage allumé,En agglomération,Intersection en X,Normale,Deux véhicules - côté,3,-1,3,0,1,1,1,0,1,50,2,3,1,0,2,0,29.0,27.0,deux_roues,voiture,5,2,2,1,3
201900019775,2019-08-01 19:00:00,2019,8,1,19,0,93,93072,ARISTIDE BRIAND (AVENUE) COTE DES N°1A87,48.9581,2.3822,Plein jour,En agglomération,Intersection en T,Normale,Deux véhicules - côté,4,2,2,0,1,1,1,0,1,50,2,4,2,0,0,2,21.0,30.0,voiture,voiture,1,2,3,1,3
201900019776,2019-08-03 22:30:00,2019,8,3,22,30,93,93071,JEAN MOULIN (AVENUE),48.933508,2.516147,Nuit avec éclairage allumé,En agglomération,Intersection en X,Normale,Deux véhicules - frontale,3,2,-1,-1,1,1,1,5,1,50,2,1,0,0,0,1,48.0,,autre,,5,2,2,1,1
201900019777,2019-08-02 01:20:00,2019,8,2,1,20,93,93046,JEAN JAURES BOULEVARD,48.9171,2.5296,Nuit avec éclairage allumé,En agglomération,Autre intersection,Normale,Autre collision,3,1,2,0,1,1,1,0,1,50,1,2,0,0,0,2,21.0,,voiture,,5,2,9,1,6
201900019778,2019-08-01 22:30:00,2019,8,1,22,30,93,93071,SAVIGNY (CHEMIN DE),48.94617,2.51544,Nuit avec éclairage allumé,En agglomération,Intersection en T,Normale,Deux véhicules - côté,3,2,0,0,1,1,1,0,1,50,2,4,1,0,0,3,26.0,19.0,voiture,voiture,5,2,3,1,3
201900019779,2019-08-01 08:20:00,2019,8,1,8,20,93,93071,AULNAY (RUE D'),48.93989,2.516501,Plein jour,En agglomération,Autre intersection,Normale,Deux véhicules - arrière,4,2,2,0,1,1,1,0,1,50,2,2,1,0,0,1,30.0,33.0,deux_roues,utilitaire_camion,1,2,9,1,2
201900019780,2019-07-31 21:50:00,2019,7,31,21,50,93,93066,WILSON (AVENUE DU PRESIDENT),48.90244,2.3591424,Nuit sans éclairage public,En agglomération,Hors intersection,Normale,Autre collision,3,1,2,0,1,1,1,0,3,50,1,2,1,1,0,0,23.0,,voiture,,3,2,1,1,6
201900019781,2019-08-01 22:00:00,2019,8,1,22,0,93,93064,ALSACE-LORRAINE (BOULEVARD),48.88263,2.49271,Nuit avec éclairage allumé,En agglomération,Hors intersection,Normale,Autre collision,3,3,4,0,1,1,1,0,3,50,1,1,0,0,1,0,,,,,5,2,1,1,6
201900019782,2019-08-02 13:25:00,2019,8,2,13,25,93,93077,LECLERC (AVENUE DU GENERAL),48.88626,2.51042,Plein jour,En agglomération,Hors intersection,Normale,Autre collision,4,1,1,0,1,1,1,0,1,50,2,3,2,0,0,1,38.0,55.0,voiture,deux_roues,1,2,1,1,6
201900019783,2019-08-02 21:45:00,2019,8,2,21,45,93,93055,JEAN LOLIVE (AVENUE)(137/FIN ET 134/FIN),48.89398,2.41754,Nuit avec éclairage allumé,En agglomération,Intersection en T,Normale,Trois véhicules et plus - collisions multiples,3,2,6,0,1,1,1,0,1,50,5,6,4,0,0,2,42.0,36.0,voiture,voiture,5,2,3,1,5
201900019784,2019-08-03 18:00:00,2019,8,3,18,0,93,93048,HENRI BARBUSSE (BOULEVARD),48.86503,2.44347,Plein jour,En agglomération,Place,Normale,Autre collision,3,2,0,0,2,1,1,0,1,50,1,2,1,0,0,1,27.0,,deux_roues,,1,2,7,1,6
201900019785,2019-08-02 19:15:00,2019,8,2,19,15,93,93048,LAGNY (RUE DE),48.8494,2.41809,Plein jour,En agglomération,Hors intersection,Normale,Autre collision,3,1,1,1,1,1,1,0,5,30,1,1,0,0,0,1,,,,,1,2,1,1,6
201900019786,2019-08-02 03:15:00,2019,8,2,3,15,93,93046,MARX DORMOY BOULEVARD,48.90592,2.52341,Nuit avec éclairage allumé,En agglomération,Giratoire,Normale,Autre collision,3,2,2,0,1,1,1,5,2,50,1,1,0,0,0,1,,,,,5,2,6,1,6
201900019787,2019-08-02 13:45:00,2019,8,2,13,45,93,93006,RASPAIL AVENUE,48.87627,2.42594,Plein jour,En agglomération,Intersection en X,Normale,Deux véhicules - côté,3,-1,2,0,1,1,1,0,1,50,2,2,1,0,0,1,21.0,25.0,deux_roues,deux_roues,1,2,2,1,3
201900019788,2019-07-31 23:10:00,2019,7,31,23,10,93,93032,JEAN JAURES (AVENUE),48.883269,2.528391,Nuit avec éclairage allumé,En agglomération,Intersection en T,Normale,Deux véhicules - côté,3,2,2,0,1,1,1,0,1,50,2,2,1,0,0,1,24.0,24.0,deux_roues,voiture,5,2,3,1,3
201900019789,2019-08-03 12:38:00,2019,8,3,12,38,93,93031,ENGHIEN (AV D'),48.96335,2.29743,Plein jour,En agglomération,Intersection en T,Normale,Deux véhicules - côté,4,2,2,0,1,1,1,0,1,50,2,2,1,0,0,1,49.0,50.0,voiture,voiture,1,2,3,1,3
201900019790,2019-08-02 08:05:00,2019,8,2,8,5,93,93079,DIVISION LECLERC (AV),48.94995,2.34248,Plein jour,En agglomération,Intersection en T,Normale,Deux véhicules - côté,3,2,2,0,1,1,1,0,6,50,2,2,1,0,0,1,93.0,26.0,voiture,deux_roues,1,2,3,1,3
201900019791,2019-08-01 08:26:00,2019,8,1,8,26,93,93001,SAINT DENIS (RUE DE),48.9231228,2.3702572,Plein jour,En agglomération,Intersection en X,Normale,Deux véhicules - frontale,3,2,4,0,1,1,1,0,3,50,2,2,1,0,0,1,58.0,50.0,voiture,deux_roues,1,2,2,1,1
201900019792,2019-07-31 12:50:00,2019,7,31,12,50,93,93027,SAINT-DENIS (RUE DE),48.93038,2.38318,Plein jour,En agglomération,Hors intersection,Normale,Autre collision,3,1,2,0,1,1,1,0,1,50,1,2,1,0,0,1,32.0,,transport_commun,,1,2,1,1,6
201900019793,2019-08-03 20:50:00,2019,8,3,20,50,93,93047,GABRIEL PERI  (AVENUE),48.891955,2.552341,Plein jour,En agglomération,Hors intersection,Normale,Deux véhicules - côté,4,2,0,0,1,1,1,0,1,50,2,2,1,0,0,1,22.0,26.0,voiture,deux_roues,1,2,1,1,3
201900019794,2019-08-01 16:00:00,2019,8,1,16,0,93,93047,EUROPE (BOULEVARD DE L'),48.89546,2.57347,Plein jour,En agglomération,Autre intersection,Normale,Deux véhicules - arrière,4,1,0,0,2,2,1,0,3,50,2,3,2,0,0,1,57.0,35.0,voiture,voiture,1,2,9,1,2
201900019795,2019-08-02 14:00:00,2019,8,2,14,0,93,93010,MOULIN (AV. JEAN) COTE IMPAIRS,48.912491,2.479012,Plein jour,En agglomération,Hors intersection,Normale,Sans collision,4,2,2,0,1,1,1,0,1,50,1,1,0,0,0,1,30.0,,deux_roues,,1,2,1,1,7
201900019796,2019-08-02 09:30:00,2019,8,2,9,30,92,92050,VAILLANT COUTURIER PAUL IMPASSE,48.8808943,2.2060569,Plein jour,En agglomération,Intersection en X,Normale,Deux véhicules - côté,3,2,2,0,2,1,1,0,1,50,2,2,1,0,0,1,24.0,32.0,deux_roues,utilitaire_camion,1,2,2,1,3
201900019797,2019-08-01 22:20:00,2019,8,1,22,20,92,92050,REPUBLIQUE AVENUE DE LA,48.8973029,2.1975637,Nuit avec éclairage allumé,En agglomération,Intersection en X,Normale,Deux véhicules - côté,3,1,1,1,1,1,1,0,1,50,2,2,1,0,0,1,33.0,18.0,voiture,deux_roues,5,2,2,1,3
201900019798,2019-08-02 18:40:00,2019,8,2,18,40,92,92020,MERMOZ RUE JEAN,48.80919,2.29157,Plein jour,En agglomération,Hors intersection,Normale,Sans collision,4,2,1,0,1,1,1,0,1,50,1,2,1,0,0,1,33.0,,deux_roues,,1,2,1,1,7
201900019799,2019-08-02 03:25:00,2019,8,2,3,25,92,92040,FRERES VOISIN (BOULEVARD DES),48.82774,2.2724,Nuit avec éclairage allumé,En agglomération,Hors intersection,Normale,Sans collision,3,3,4,0,1,1,1,0,3,50,1,1,0,0,1,0,30.0,,deux_roues,,5,2,1,1,7
201900019800,2019-08-02 19:25:00,2019,8,2,19,25,92,92035,Général de Gaulle  ( avenue du ),48.91258,2.2538,Plein jour,En agglomération,Hors intersection,Normale,Deux véhicules - côté,4,2,2,0,1,1,1,0,1,50,2,2,1,0,0,1,22.0,27.0,deux_roues,deux_roues,1,2,1,1,3
201900019801,2019-08-02 10:30:00,2019,8,2,10,30,92,92035,Foch ( avenue ),48.91111,2.25451,Plein jour,En agglomération,Intersection en T,Normale,Autre collision,4,1,1,0,1,1,1,0,1,50,1,2,1,0,0,1,30.0,,utilitaire_camion,,1,2,3,1,6
201900019802,2019-08-01 19:18:00,2019,8,1,19,18,92,92026,CHARRAS,48.893932,2.248979,Plein jour,En agglomération,Giratoire,Normale,Deux véhicules - côté,3,1,2,0,1,1,1,0,1,50,2,2,1,0,0,1,45.0,22.0,voiture,deux_roues,1,2,6,1,3
201900019803,2019-07-31 21:30:00,2019,7,31,21,30,92,92026,MARCEAU,48.90096,2.24441,Nuit avec éclairage allumé,En agglomération,Hors intersection,Normale,Deux véhicules - côté,4,2,2,0,1,1,1,0,3,50,2,2,1,0,0,1,36.0,,voiture,,5,2,1,1,3
201900019804,2019-08-02 08:50:00,2019,8,2,8,50,92,92049,CARNOT RUE SADI,48.81747,2.32022,Plein jour,En agglomération,Hors intersection,Normale,Autre collision,4,1,4,0,1,3,1,0,1,50,2,2,1,0,0,1,54.0,49.0,voiture,deux_roues,1,2,1,1,6
201900019805,2019-07-31 18:00:00,2019,7,31,18,0,92,92025,AGENT SARRE (AV DE L'),48.9244,2.263,Plein jour,En agglomération,Hors intersection,Normale,Deux véhicules - arrière,3,2,2,0,1,1,1,0,1,50,2,2,1,0,0,1,24.0,40.0,voiture,voiture,1,2,1,1,2
201900019806,2019-07-30 10:18:00,2019,7,30,10,18,92,92025,CHARLES DE GAULLE (BD),48.914097,2.229727,Plein jour,En agglomération,Giratoire,Normale,Deux véhicules - arrière,3,2,4,0,1,1,1,0,1,50,2,2,1,0,0,1,35.0,34.0,voiture,deux_roues,1,2,6,1,2
201900019807,2019-08-01 11:55:00,2019,8,1,11,55,92,92007,VAILLANT-COUTURIER (AVENU PAUL),48.79455,2.31657,Plein jour,En agglomération,Autre intersection,Normale,Autre collision,3,3,2,2,2,1,1,0,1,50,1,2,1,0,0,1,45.0,,voiture,,1,2,9,1,6
201900019808,2019-08-01 14:50:00,2019,8,1,14,50,92,92004,PIERRE BROSSOLETTE,48.9110039,2.2922855,Plein jour,En agglomération,Hors intersection,Normale,Autre collision,3,2,2,0,1,1,1,0,1,50,1,2,1,0,0,1,57.0,,utilitaire_camion,,1,2,1,1,6
201900019809,2019-08-02 22:50:00,2019,8,2,22,50,92,92002,ARMAND GUILLEBAUD (AVENUE),48.7460243,2.3141992,Nuit avec éclairage allumé,En agglomération,Intersection en X,Normale,Trois véhicules et plus - en chaîne,3,3,6,0,3,1,1,0,1,50,3,6,3,0,0,3,49.0,22.0,voiture,voiture,5,2,2,1,4
201900019810,2019-08-02 17:20:00,2019,8,2,17,20,92,92002,MAURICE LABROUSSE (RUE),48.7545,2.29886,Plein jour,En agglomération,Autre intersection,Normale,Deux véhicules - arrière,4,2,2,0,2,2,1,0,2,30,2,3,1,0,0,2,33.0,41.0,voiture,voiture,1,2,9,1,2
201900019811,2019-08-02 18:10:00,2019,8,2,18,10,63,63345,2 Route de Beaune,45.740544,2.965458,Plein jour,En agglomération,Hors intersection,Normale,Sans collision,3,2,2,0,1,1,1,0,1,50,1,1,0,1,0,0,17.0,,deux_roues,,1,2,1,1,7
201900019812,2019-08-03 12:00:00,2019,8,3,12,0,37,37255,D760,47.127874,0.38346,Plein jour,Hors agglomération,Intersection en T,Normale,Deux véhicules - arrière,3,2,2,0,1,1,1,0,1,80,2,4,3,0,1,0,71.0,30.0,voiture,deux_roues,1,1,3,1,2
201900019813,2019-08-02 13:20:00,2019,8,2,13,20,38,38403,D526,44.879576,5.787749,Plein jour,Hors agglomération,Hors intersection,Normale,Autre collision,3,2,2,0,1,3,1,0,1,70,1,1,0,0,1,0,24.0,,voiture,,1,1,1,1,6
201900019814,2019-08-02 08:20:00,2019,8,2,8,20,54,54374,RD 674,48.76487,6.421424,Plein jour,Hors agglomération,Hors intersection,Normale,Autre collision,3,2,2,0,3,1,1,0,3,80,1,1,0,0,0,1,60.0,,voiture,,1,1,1,1,6
201900019815,2019-08-04 11:05:00,2019,8,4,11,5,8,08001,Rue des 3 Châteaux,49.50051,4.344513,Plein jour,En agglomération,Hors intersection,Normale,Sans collision,3,2,2,0,1,1,1,0,1,50,1,1,0,0,0,1,44.0,,deux_roues,,1,2,1,1,7
201900019816,2019-08-01 15:45:00,2019,8,1,15,45,8,08362,D8051A,49.514937,4.388775,Plein jour,Hors agglomération,Intersection en T,Normale,Deux véhicules - côté,3,2,2,0,2,1,1,0,1,70,2,3,1,0,2,0,23.0,51.0,voiture,deux_roues,1,1,3,1,3
201900019817,2019-08-02 16:40:00,2019,8,2,16,40,87,87183,La Crouzille,45.989822,1.328298,Plein jour,Hors agglomération,Hors intersection,Normale,Sans collision,3,2,2,0,1,3,1,0,8,80,1,1,0,0,1,0,63.0,,voiture,,1,1,1,1,7
201900019818,2019-08-04 02:00:00,2019,8,4,2,0,26,26258,"CHEMIN DES PINS, D6",44.627859,4.972956,Nuit sans éclairage public,Hors agglomération,Hors intersection,Normale,Autre collision,3,2,2,0,2,3,1,0,1,90,1,1,0,0,0,1,48.0,,voiture,,3,1,1,1,6
201900019819,2019-08-01 13:20:00,2019,8,1,13,20,38,38160,Le Plan,45.48416,5.01217,Plein jour,Hors agglomération,Hors intersection,Normale,Sans collision,4,2,2,0,4,1,1,0,1,50,1,1,0,0,0,1,46.0,,deux_roues,,1,1,1,1,7
201900019820,2019-08-02 23:35:00,2019,8,2,23,35,1,01004,80 Rue Alexandre Berard,45.965355,5.355451,Nuit avec éclairage allumé,En agglomération,Hors intersection,Normale,Deux véhicules - arrière,4,2,2,0,1,1,1,0,1,30,2,5,0,0,0,5,20.0,29.0,voiture,voiture,5,2,1,1,2
201900019821,2019-08-03 17:50:00,2019,8,3,17,50,80,80692,A.16 PK 177+950,50.164127,1.765284,Plein jour,Hors agglomération,Hors intersection,Normale,Sans collision,1,3,4,0,1,1,1,0,1,130,1,1,0,0,1,0,23.0,,deux_roues,,1,1,1,1,7
201900019822,2019-08-02 17:01:00,2019,8,2,17,1,67,67347,D919,48.849405,7.52398,Plein jour,Hors agglomération,Hors intersection,Temps éblouissant,Deux véhicules - frontale,3,2,2,0,1,1,1,0,1,80,2,2,1,1,0,0,20.0,61.0,voiture,deux_roues,1,1,1,7,1
201900019823,2019-07-31 12:00:00,2019,7,31,12,0,67,67372,Route de Strasbourg - RD 419,48.835424,7.615513,Plein jour,Hors agglomération,Hors intersection,Normale,Deux véhicules - frontale,3,2,2,0,1,1,1,0,1,80,2,3,0,0,0,3,22.0,47.0,voiture,voiture,1,1,1,1,1
201900019824,2019-08-02 18:50:00,2019,8,2,18,50,6,06161,Route du Bord de Mer,43.61855,7.129823,Plein jour,Hors agglomération,Hors intersection,Normale,Deux véhicules - côté,3,2,2,1,1,1,1,0,1,70,2,3,2,0,1,0,22.0,42.0,deux_roues,voiture,1,1,1,1,3
201900019825,2019-08-03 09:30:00,2019,8,3,9,30,36,36191,RD 34 - PK 28+800,47.074112,1.785707,Plein jour,Hors agglomération,Hors intersection,Temps éblouissant,Deux véhicules - arrière,3,2,2,0,2,1,1,0,1,80,2,2,1,0,1,0,78.0,65.0,voiture,deux_roues,1,1,1,7,2
201900019826,2019-08-02 17:45:00,2019,8,2,17,45,31,31352,D66,43.633378,1.556852,Plein jour,Hors agglomération,Intersection en T,Normale,Deux véhicules - côté,3,2,2,0,1,1,1,0,1,80,2,2,1,0,1,0,22.0,35.0,deux_roues,voiture,1,1,3,1,3
201900019827,2019-07-20 22:50:00,2019,7,20,22,50,57,57434,D955,48.718304,6.774793,Nuit sans éclairage public,Hors agglomération,Hors intersection,Normale,Autre collision,3,2,2,0,3,1,1,0,3,80,1,4,1,0,0,3,21.0,,voiture,,3,1,1,1,6
201900019828,2019-08-02 16:10:00,2019,8,2,16,10,28,28141,Autoroute Océane-A11,48.33803,1.401297,Plein jour,Hors agglomération,Hors intersection,Normale,Deux véhicules - arrière,1,3,5,0,1,1,1,0,1,130,2,7,3,1,2,1,45.0,36.0,voiture,voiture,1,1,1,1,2
201900019829,2019-08-01 17:15:00,2019,8,1,17,15,68,68162,CD1 Bis,48.133033,7.318029,Plein jour,Hors agglomération,Giratoire,Normale,Deux véhicules - arrière,3,2,2,0,1,1,1,0,1,80,2,2,1,0,1,0,53.0,54.0,deux_roues,voiture,1,1,6,1,2
201900019830,2019-07-31 19:50:00,2019,7,31,19,50,67,67143,Route départemental 155,48.326791,7.270855,Plein jour,Hors agglomération,Hors intersection,Normale,Sans collision,3,1,2,0,3,3,9,0,3,80,1,1,0,0,1,0,68.0,,deux_roues,,1,1,1,1,7
201900019831,2019-07-31 14:15:00,2019,7,31,14,15,972,97217,RN5 - Pointe Borgnèse,14.450841,-60.895953,Plein jour,Hors agglomération,Hors intersection,Normale,Deux véhicules - frontale,2,2,2,0,2,2,1,0,1,50,2,3,1,0,2,0,38.0,56.0,deux_roues,utilitaire_camion,1,1,1,1,1
201900019832,2019-08-02 09:30:00,2019,8,2,9,30,972,97205,RN2,14.642567,-61.136644,Plein jour,En agglomération,Hors intersection,Normale,Deux véhicules - arrière,2,2,2,0,1,1,1,0,1,50,2,4,3,0,0,1,57.0,41.0,utilitaire_camion,voiture,1,2,1,1,2
201900019833,2019-07-30 16:20:00,2019,7,30,16,20,62,62038,Place du Général de Saint-Just,50.854084,1.977725,Plein jour,En agglomération,Place,Normale,Autre collision,6,1,1,0,1,1,1,0,1,-1,1,2,1,0,1,0,58.0,,autre,,1,2,7,1,6
201900019834,2019-08-03 02:50:00,2019,8,3,2,50,27,27355,La Malmaison,48.891493,1.430565,Nuit sans éclairage public,Hors agglomération,Hors intersection,Normale,Autre collision,3,2,2,0,1,1,1,9,3,70,1,2,0,1,1,0,43.0,,voiture,,3,1,1,1,6
201900019835,2019-08-01 18:10:00,2019,8,1,18,10,35,35172,La Ville Eude,48.422094,-1.811334,Plein jour,Hors agglomération,Hors intersection,Normale,Autre collision,3,2,2,0,1,2,1,0,3,90,1,5,2,0,1,2,21.0,,voiture,,1,1,1,1,6