accident_id,datetime,annee,mois,jour,heure,minute,departement,commune_insee,adresse,latitude,longitude,luminosite,agglomeration,intersection,meteo,collision,catr,circ,nbv,vosp,prof,plan,surf,infra,situ,vma,nb_vehicules,nb_usagers,nb_indemnes,nb_tues,nb_blesses_hosp,nb_blesses_legers,age_cond_1,age_cond_2,veh_type_cond_1,veh_type_cond_2,lum_code,agg_code,int_code,atm_code,col_code
201900020019,2019-05-29 12:04:00,2019,5,29,12,4,87,87085,MENDES-FRANCE ( Rond point Pierre),45.88921,1.28073,Plein jour,En agglomération,Giratoire,Normale,Sans collision,4,1,2,0,1,2,1,0,1,50,1,1,0,0,1,0,48.0,,deux_roues,,1,2,6,1,7
201900020020,2019-05-28 16:20:00,2019,5,28,16,20,87,87085,BLANC LOUIS (BOULEVARD),45.82861,1.26178,Plein jour,En agglomération,Hors intersection,Pluie légère,Deux véhicules - côté,4,3,4,0,1,1,2,0,1,50,2,2,1,0,0,1,49.0,16.0,utilitaire_camion,deux_roues,1,2,1,2,3
201900020021,2019-05-27 17:02:00,2019,5,27,17,2,87,87085,BABYLONE (RUE DE),45.81983,1.26683,Plein jour,En agglomération,Intersection en T,Pluie forte,Deux véhicules - côté,4,2,2,0,2,1,2,0,1,50,2,2,1,0,0,1,64.0,38.0,voiture,deux_roues,1,2,3,3,3
201900020022,2019-05-23 18:45:00,2019,5,23,18,45,87,87085,CONDORCET (RUE),45.84586,1.26948,Plein jour,En agglomération,Hors intersection,Normale,Sans collision,4,2,2,0,1,1,1,0,1,50,1,1,0,0,0,1,52.0,,deux_roues,,1,2,1,1,7
201900020023,2019-05-23 07:57:00,2019,5,23,7,57,87,87085,BENEDICTINS (AVENUE DES),45.83265,1.26656,Plein jour,En agglomération,Intersection en X,Normale,Deux véhicules - côté,4,3,4,0,2,1,1,5,1,50,2,2,1,0,0,1,19.0,55.0,voiture,voiture,1,2,2,1,3
201900020024,2019-05-22 08:14:00,2019,5,22,8,14,87,87085,BOURNEVILLE (RUE DE),45.81872,1.24117,Crépuscule ou aube,En agglomération,Intersection en T,Normale,Autre collision,4,2,2,0,1,1,1,0,1,50,2,2,1,0,0,1,29.0,54.0,voiture,voiture,2,2,3,1,6
201900020025,2019-05-17 17:52:00,2019,5,17,17,52,87,87085,PERRIN (RUE FRANCOIS),45.82469,1.22779,Plein jour,En agglomération,Hors intersection,Pluie légère,Autre collision,6,-1,-1,-1,1,1,2,0,1,30,1,2,1,0,0,1,51.0,,voiture,,1,2,1,2,6
201900020026,2019-10-16 21:20:00,2019,10,16,21,20,35,35238,JANVIER (AVENUE JEAN),48.10559,-1.67287,Nuit avec éclairage non allumé,En agglomération,Hors intersection,Normale,Autre collision,9,1,1,0,1,3,9,8,1,50,1,1,0,0,0,1,21.0,,deux_roues,,4,2,1,1,6
201900020027,2019-11-17 18:00:00,2019,11,17,18,0,35,35051,A84,48.1496559,-1.5990311,Crépuscule ou aube,Hors agglomération,Hors intersection,Temps couvert,Autre collision,1,1,2,0,3,2,2,2,1,90,1,1,0,0,1,0,58.0,,deux_roues,,2,1,1,8,6
201900020028,2019-11-17 04:15:00,2019,11,17,4,15,35,35238,ANTRAIN (D') DE 43 ET 80 A FIN,48.12064,-1.67209,Nuit avec éclairage allumé,En agglomération,Hors intersection,Brouillard / fumée,Autre collision,4,2,1,0,1,3,1,0,1,50,1,1,0,0,0,1,22.0,,autre,,5,2,1,5,6
201900020029,2019-11-18 01:20:00,2019,11,18,1,20,33,33063,ALBERT 1ER (BD ),44.81337,-0.5646,Nuit avec éclairage allumé,En agglomération,Intersection en X,Normale,Deux véhicules - côté,4,3,7,0,1,1,1,0,1,50,2,2,1,0,0,1,48.0,21.0,deux_roues,voiture,5,2,2,1,3
201900020030,2019-11-14 18:55:00,2019,11,14,18,55,33,33162,AVE DU TAILLAN-MEDOC,44.87444,-0.63655,Nuit avec éclairage allumé,En agglomération,Hors intersection,Pluie légère,Trois véhicules et plus - en chaîne,4,2,2,0,1,1,2,0,1,50,3,3,2,0,0,1,26.0,19.0,voiture,voiture,5,2,1,2,4
201900020031,2019-11-17 23:40:00,2019,11,17,23,40,32,32013,CORPS FRANC POMMIES (AVENUE DU),43.6293,0.58002,Nuit avec éclairage allumé,En agglomération,Intersection en X,Pluie légère,Autre collision,2,2,4,0,1,1,9,0,1,50,1,3,2,0,0,1,25.0,,voiture,,5,2,2,2,6
201900020032,2019-11-15 12:10:00,2019,11,15,12,10,22,22113,KRA DOUAR (RUE DE),48.74015,-3.46327,Plein jour,En agglomération,Hors intersection,Pluie légère,Deux véhicules - arrière,4,2,2,0,1,1,2,0,1,50,2,2,1,0,0,1,30.0,59.0,voiture,voiture,1,2,1,2,2
201900020033,2019-11-17 19:20:00,2019,11,17,19,20,17,17300,SARTRE   AVENUE JEAN-PAUL,46.15613,-1.1314,Nuit avec éclairage allumé,En agglomération,Hors intersection,Normale,Deux véhicules - côté,4,2,2,0,1,1,1,8,1,30,2,2,1,0,0,1,22.0,,voiture,,5,2,1,1,3
201900020034,2019-11-17 15:00:00,2019,11,17,15,0,14,14118,COTY (AVENUE DU PRESIDENT),49.192,-0.3937,Plein jour,En agglomération,Hors intersection,Normale,Deux véhicules - arrière,4,2,-1,0,1,1,1,0,1,50,2,2,1,0,0,1,20.0,20.0,voiture,voiture,1,2,1,1,2
201900020035,2019-11-17 18:45:00,2019,11,17,18,45,13,13211,SAINT MARCEL (BOULEVARD DE ),43.288681,5.461918,Nuit avec éclairage allumé,En agglomération,Hors intersection,Normale,Autre collision,4,-1,2,0,1,1,1,0,1,50,1,1,0,0,0,1,,,,,5,2,1,1,6
201900020036,2019-11-17 17:20:00,2019,11,17,17,20,75,75116,BD PERIPHERIQUE EXTERIEUR,48.872112,2.273819,Crépuscule ou aube,En agglomération,Hors intersection,Normale,Deux véhicules - côté,4,1,4,0,1,1,1,1,1,70,2,3,2,0,0,1,19.0,32.0,voiture,deux_roues,2,2,1,1,3
201900020037,2019-11-16 22:40:00,2019,11,16,22,40,75,75119,RUE DU MAROC,48.886818,2.368501,Nuit avec éclairage allumé,En agglomération,Intersection en T,Normale,Autre collision,4,2,2,0,1,1,1,0,1,50,2,1,0,0,0,1,44.0,,deux_roues,,5,2,3,1,6
201900020038,2019-11-17 21:00:00,2019,11,17,21,0,75,75118,PORTE DE LA CHAPELLE,48.8996362,2.358658,Nuit avec éclairage allumé,En agglomération,Hors intersection,Normale,Deux véhicules - côté,4,2,2,0,1,1,2,0,1,50,2,2,1,0,0,1,46.0,19.0,voiture,deux_roues,5,2,1,1,3
201900020039,2019-11-17 19:00:00,2019,11,17,19,0,75,75109,RUE DE ROCHECHOUART,48.8783244,2.3450084,Nuit avec éclairage allumé,En agglomération,Intersection à plus de 4 branches,Normale,Autre collision,4,2,2,0,1,1,1,0,1,30,1,2,1,0,0,1,33.0,,deux_roues,,5,2,5,1,6
201900020040,2019-11-17 03:10:00,2019,11,17,3,10,75,75107,QUAI BRANLY,48.8606493,2.2954774,Nuit avec éclairage allumé,En agglomération,Intersection en X,Normale,Autre collision,4,2,4,0,1,1,2,8,1,50,2,1,0,0,0,1,37.0,,voiture,,5,2,2,1,6
201900020041,2019-11-17 18:10:00,2019,11,17,18,10,94,94041,COLONEL FABIEN (BD DU),48.81455,2.40393,Nuit avec éclairage allumé,En agglomération,Hors intersection,Normale,Autre collision,3,2,2,0,1,1,1,0,1,50,1,2,1,0,0,1,19.0,,voiture,,5,2,1,1,6
201900020042,2019-11-17 00:05:00,2019,11,17,0,5,94,94078,PARIS (R DE),48.73988,2.4466,Nuit avec éclairage allumé,En agglomération,Hors intersection,Normale,Deux véhicules - arrière,2,3,4,0,1,1,1,0,1,50,2,3,2,0,1,0,36.0,34.0,voiture,voiture,5,2,1,1,2
201900020043,2019-11-16 05:00:00,2019,11,16,5,0,93,93066,ELUARD PAUL - AUTRES,48.94,2.345,Nuit avec éclairage allumé,En agglomération,Hors intersection,Normale,Deux véhicules - côté,3,-1,1,0,1,1,1,0,1,50,2,2,1,0,0,1,42.0,42.0,voiture,deux_roues,5,2,1,1,3
201900020044,2019-11-16 22:15:00,2019,11,16,22,15,93,93077,ROSNY (AVENUE DE),48.88468,2.50723,Nuit sans éclairage public,En agglomération,Intersection en T,Normale,Deux véhicules - côté,3,3,2,0,1,1,1,0,1,50,2,3,2,0,0,1,24.0,29.0,utilitaire_camion,voiture,3,2,3,1,3
201900020045,2019-11-17 19:10:00,2019,11,17,19,10,93,93050,PAUL ET CAMILLE THOMOUX (RUE) COTE PAIR,48.87397,2.52983,Nuit avec éclairage allumé,En agglomération,Intersection en Y,Normale,Autre collision,3,2,2,0,1,3,1,9,1,50,1,5,4,0,0,1,80.0,,voiture,,5,2,4,1,6
201900020046,2019-11-17 13:35:00,2019,11,17,13,35,93,93027,PASTEUR (BOULEVARD) DE 40 A +,48.92511,2.3844,Plein jour,En agglomération,Intersection en X,Normale,Deux véhicules - côté,3,2,-1,0,1,1,1,0,1,50,2,2,1,0,1,0,39.0,41.0,deux_roues,voiture,1,2,2,1,3
201900020047,2019-11-17 00:00:00,2019,11,17,0,0,93,93057,BRIAND ( AV. ARISTIDE) 238 A 308,48.91,2.51,Nuit avec éclairage allumé,En agglomération,Intersection à plus de 4 branches,Normale,Deux véhicules - frontale,3,2,4,0,1,1,1,5,1,50,2,1,0,0,0,1,22.0,,deux_roues,,5,2,5,1,1
201900020048,2019-11-17 14:45:00,2019,11,17,14,45,93,93008,BARBUSSE (AVENUE HENRI) A30,48.91,2.43,Plein jour,En agglomération,Hors intersection,Normale,Deux véhicules - arrière,3,2,4,0,2,1,1,2,1,50,2,2,1,0,0,1,21.0,35.0,deux_roues,voiture,1,2,1,1,2
201900020049,2019-11-17 01:00:00,2019,11,17,1,0,92,92002,PYRENEES (BOULEVARD DES),48.7360948,2.2816268,Nuit avec éclairage allumé,En agglomération,Intersection en T,Normale,Autre collision,4,2,2,0,1,1,1,0,1,30,1,1,0,0,0,1,62.0,,voiture,,5,2,3,1,6
201900020050,2019-11-16 23:00:00,2019,11,16,23,0,28,28103,La Germinerie,48.008138,1.258315,Nuit sans éclairage public,Hors agglomération,Hors intersection,Normale,Deux véhicules - arrière,3,2,2,0,1,1,1,0,1,80,2,2,0,0,1,1,53.0,23.0,voiture,voiture,3,1,1,1,2
201900020051,2019-11-16 07:41:00,2019,11,16,7,41,28,28103,D35,48.005808,1.250213,Nuit sans éclairage public,En agglomération,Passage à niveau,Normale,Autre collision,3,2,2,0,2,4,9,4,6,70,1,1,0,1,0,0,,,,,3,2,8,1,6
201900020052,2019-10-26 12:45:00,2019,10,26,12,45,972,97227,D7,14.465468,-60.935178,Plein jour,En agglomération,Autre intersection,Normale,Deux véhicules - côté,3,2,2,0,4,1,1,5,1,50,2,2,1,0,0,1,20.0,49.0,voiture,voiture,1,2,9,1,3
201900020053,2019-11-12 06:50:00,2019,11,12,6,50,26,26337,autoroute A7 PK 096+600,44.722479,4.786178,Nuit avec éclairage allumé,Hors agglomération,Hors intersection,Normale,Trois véhicules et plus - en chaîne,1,3,3,0,1,1,1,0,1,130,3,3,2,0,0,1,35.0,33.0,voiture,voiture,5,1,1,1,4
201900020054,2019-11-18 07:28:00,2019,11,18,7,28,57,57224,12 Avenue Foch,49.071188,6.68693,Crépuscule ou aube,En agglomération,Hors intersection,Pluie légère,Autre collision,3,2,2,0,2,1,2,0,1,50,1,2,1,0,1,0,19.0,,voiture,,2,2,1,2,6
201900020055,2019-11-15 15:30:00,2019,11,15,15,30,44,44076,Place des Centaures,47.631599,-1.587662,Nuit avec éclairage allumé,En agglomération,Hors intersection,Pluie légère,Autre collision,4,2,2,0,1,2,1,0,1,50,2,3,1,0,1,1,24.0,65.0,voiture,voiture,5,2,1,2,6
201900020056,2019-11-18 10:25:00,2019,11,18,10,25,56,56257,D793,48.096426,-2.535267,Plein jour,Hors agglomération,Intersection en X,Normale,Deux véhicules - frontale,3,2,2,0,1,1,1,5,1,80,2,2,1,0,1,0,57.0,90.0,voiture,voiture,1,1,2,1,1
201900020057,2019-11-08 08:00:00,2019,11,8,8,0,56,56003,5 Route de Doaren Bras,47.6340373,-2.8255105,Plein jour,En agglomération,Autre intersection,Autre,Deux véhicules - frontale,4,2,2,0,4,1,1,0,1,70,2,2,1,0,0,1,52.0,29.0,utilitaire_camion,deux_roues,1,2,9,9,1
201900020058,2019-11-18 16:15:00,2019,11,18,16,15,74,74074,Route de 16 Aout 1944,46.109545,5.917284,Plein jour,Hors agglomération,Hors intersection,Normale,Deux véhicules - frontale,3,2,2,0,2,3,1,0,1,80,2,2,1,1,0,0,27.0,55.0,deux_roues,voiture,1,1,1,1,1
201900020059,2019-11-17 20:30:00,2019,11,17,20,30,49,49069,D17,47.283323,-1.1514,Nuit sans éclairage public,Hors agglomération,Hors intersection,Normale,Autre collision,3,2,2,0,1,1,1,0,1,80,1,3,0,0,3,0,52.0,,voiture,,3,1,1,1,6
201900020060,2019-11-17 21:09:00,2019,11,17,21,9,44,44175,Tremelu,47.362035,-2.3669111,Nuit sans éclairage public,Hors agglomération,Hors intersection,Normale,Deux véhicules - frontale,3,2,2,0,1,1,1,0,1,80,2,3,2,0,0,1,32.0,48.0,voiture,voiture,3,1,1,1,1
201900020061,2019-11-15 16:30:00,2019,11,15,16,30,29,29239,Roscoff,48.705102,-3.986073,Crépuscule ou aube,Hors agglomération,Intersection en T,Normale,Autre collision,3,2,2,0,1,1,1,0,1,50,1,2,1,0,0,1,80.0,,voiture,,2,1,3,1,6
201900020062,2019-11-14 06:30:00,2019,11,14,6,30,3,03112,route de Vichy,46.2191087,3.2270261,Crépuscule ou aube,En agglomération,Hors intersection,Normale,Deux véhicules - arrière,3,2,2,0,1,1,2,0,1,50,2,2,1,0,0,1,21.0,51.0,voiture,voiture,2,2,1,1,2
201900020063,2019-11-17 20:30:00,2019,11,17,20,30,3,03118,109 Grande Rue,46.0981598,3.1981577,Nuit sans éclairage public,En agglomération,Hors intersection,Normale,Autre collision,4,1,1,0,1,1,1,6,1,50,1,2,1,0,1,0,20.0,,voiture,,3,2,1,1,6
201900020064,2019-11-17 06:30:00,2019,11,17,6,30,1,01232,Les Grands Cours,46.305381,5.23605,Nuit avec éclairage allumé,Hors agglomération,Intersection en T,Normale,Deux véhicules - côté,3,2,2,0,1,1,1,0,1,80,2,5,4,0,0,1,20.0,39.0,voiture,voiture,5,1,3,1,3
201900020065,2019-11-17 10:35:00,2019,11,17,10,35,70,70143,D46,47.794539,5.775089,Plein jour,Hors agglomération,Hors intersection,Normale,Autre collision,3,2,2,0,1,2,1,0,1,80,1,2,1,0,0,1,65.0,,voiture,,1,1,1,1,6
201900020066,2019-11-18 18:05:00,2019,11,18,18,5,50,50446,La Boulaye,49.12065,-1.028549,Nuit sans éclairage public,Hors agglomération,Intersection en X,Normale,Deux véhicules - frontale,3,2,2,0,1,1,1,0,1,80,2,2,1,0,0,1,49.0,20.0,utilitaire_camion,deux_roues,3,1,2,1,1
201900020067,2019-11-18 08:55:00,2019,11,18,8,55,24,24353,D12,45.462824,0.390232,Plein jour,Hors agglomération,Hors intersection,Normale,Deux véhicules - frontale,3,2,2,0,1,2,1,0,1,80,2,2,1,0,1,0,46.0,36.0,utilitaire_camion,voiture,1,1,1,1,1
201900020068,2019-11-18 06:15:00,2019,11,18,6,15,4,04132,RD 51,43.993736,5.601067,Crépuscule ou aube,Hors agglomération,Hors intersection,Normale,Sans collision,3,2,2,0,2,1,1,0,3,80,1,1,0,0,0,1,35.0,,voiture,,2,1,1,1,7
201900020069,2019-11-02 01:19:00,2019,11,2,1,19,28,28367,D954,48.1462502,1.8466391,Nuit sans éclairage public,Hors agglomération,Hors intersection,Pluie légère,Deux véhicules - frontale,3,2,2,0,1,1,2,0,1,80,2,3,2,1,0,0,51.0,38.0,utilitaire_camion,voiture,3,1,1,2,1
201900020070,2019-11-18 18:00:00,2019,11,18,18,0,87,87045,Les Boisgilles,45.980724,1.024207,Nuit sans éclairage public,Hors agglomération,Hors intersection,Normale,Autre collision,3,2,2,0,1,1,1,0,1,80,1,2,1,0,1,0,41.0,,utilitaire_camion,,3,1,1,1,6
201900020071,2019-11-18 06:10:00,2019,11,18,6,10,42,42295,Autoroute 89 PK 457.900,45.856588,3.822844,Nuit sans éclairage public,Hors agglomération,Hors intersection,Pluie légère,Autre collision,1,3,4,0,1,3,2,0,2,110,1,1,0,0,1,0,38.0,,voiture,,3,1,1,2,6
201900020072,2019-11-18 11:45:00,2019,11,18,11,45,77,77183, D402 X RUE DES MOULINS,48.95012,3.13596,Plein jour,Hors agglomération,Intersection en T,Pluie légère,Autre collision,3,2,2,0,1,1,2,0,1,50,1,2,1,0,0,1,58.0,,transport_commun,,1,1,3,2,6
201900020073,2019-11-15 19:00:00,2019,11,15,19,0,13,13001,122 Avenue Gaston Berger,43.51182,5.447977,Nuit sans éclairage public,Hors agglomération,Hors intersection,Normale,Trois véhicules et plus - en chaîne,1,3,5,0,1,1,1,0,1,90,5,5,4,0,0,1,48.0,50.0,deux_roues,voiture,3,1,1,1,4
201900020074,2019-11-15 14:25:00,2019,11,15,14,25,77,77165,D213 X D227-2 Route de Villefermoy,48.503531,2.864141,Plein jour,En agglomération,Intersection en X,Normale,Deux véhicules - côté,3,2,2,0,1,1,1,5,1,50,2,2,1,0,0,1,53.0,35.0,voiture,voiture,1,2,2,1,3
201900020075,2019-11-15 17:30:00,2019,11,15,17,30,95,95580,Rue de Paris,49.092336,2.566421,Nuit avec éclairage allumé,En agglomération,Hors intersection,Pluie légère,Autre collision,3,2,2,0,1,1,2,0,1,50,1,2,1,0,0,1,47.0,,voiture,,5,2,1,2,6
201900020076,2019-11-12 08:30:00,2019,11,12,8,30,38,38530,A43,45.621596,5.18241,Plein jour,Hors agglomération,Hors intersection,Brouillard / fumée,Trois véhicules et plus - en chaîne,1,3,5,0,1,1,1,0,1,110,7,8,6,0,0,2,41.0,29.0,voiture,voiture,1,1,1,5,4
201900020077,2019-11-18 07:00:00,2019,11,18,7,0,33,33005,Boulevard de la République (carrefour à feux inopérant / signalisation par panneaux applicable),44.736203,-1.087188,Nuit avec éclairage allumé,En agglomération,Intersection en X,Normale,Autre collision,3,2,2,0,1,1,2,5,1,50,2,2,1,0,1,0,18.0,57.0,deux_roues,voiture,5,2,2,1,6
201900020078,2019-11-17 17:20:00,2019,11,17,17,20,973,97311,Avenue Christophe Colomb,5.4632373,-54.0426707,Plein jour,Hors agglomération,Hors intersection,Normale,Deux véhicules - côté,3,2,2,0,1,1,1,0,1,80,2,2,1,1,0,0,27.0,44.0,voiture,deux_roues,1,1,1,1,3
201900020079,2019-11-06 18:00:00,2019,11,6,18,0,2A,2A247,Route de l'Ospedale,41.6532973,9.207526,Nuit sans éclairage public,Hors agglomération,Hors intersection,Pluie forte,Sans collision,3,2,2,0,2,2,2,0,8,80,1,1,0,1,0,0,61.0,,voiture,,3,1,1,3,7
201900020080,2019-11-16 16:40:00,2019,11,16,16,40,11,11266,262 Rue Emile Zola,43.018581,3.048006,Plein jour,En agglomération,Intersection en T,Normale,Deux véhicules - côté,4,3,2,0,1,1,1,0,1,50,2,2,1,0,1,0,15.0,38.0,deux_roues,voiture,1,2,3,1,3
201900020081,2019-11-18 14:40:00,2019,11,18,14,40,84,84064,RN7,44.314019,4.686024,Plein jour,Hors agglomération,Hors intersection,Normale,Deux véhicules - côté,2,2,3,0,1,1,1,0,1,80,2,2,1,0,1,0,57.0,26.0,utilitaire_camion,voiture,1,1,1,1,3
201900020082,2019-11-06 20:45:00,2019,11,6,20,45,84,84003,D223,43.896493,5.383333,Nuit sans éclairage public,Hors agglomération,Hors intersection,Normale,Autre collision,3,2,2,0,1,1,2,0,3,80,1,1,0,0,1,0,19.0,,voiture,,3,1,1,1,6
201900020083,2019-11-17 20:00:00,2019,11,17,20,0,83,83070,Avenue du Président Vincent Auriol,43.131285,6.363085,Nuit avec éclairage allumé,En agglomération,Hors intersection,Normale,Autre collision,3,2,2,0,1,1,1,8,1,50,1,1,0,0,1,0,39.0,,deux_roues,,5,2,1,1,6
201900020084,2019-11-18 07:20:00,2019,11,18,7,20,70,70279,Avenue Revon,47.44208,5.590537,Nuit avec éclairage non allumé,En agglomération,Hors intersection,Pluie légère,Autre collision,4,2,2,0,2,1,2,0,1,50,1,2,1,0,1,0,24.0,,voiture,,4,2,1,2,6
201900020085,2019-11-14 17:30:00,2019,11,14,17,30,67,67131,38 Rue de la 1ere Division Blindee,48.487518,7.715407,Nuit avec éclairage allumé,En agglomération,Hors intersection,Normale,Autre collision,4,2,2,0,1,1,1,0,1,30,1,2,1,0,0,1,61.0,,voiture,,5,2,1,1,6
201900020086,2019-11-18 10:30:00,2019,11,18,10,30,73,73054,378 Avenue Maréchal Leclerc,45.615474,6.76921,Plein jour,En agglomération,Intersection en X,Temps éblouissant,Autre collision,3,2,2,2,2,1,1,5,1,50,1,2,1,0,0,1,57.0,,voiture,,1,2,2,7,6
201900020087,2019-11-18 06:00:00,2019,11,18,6,0,38,38507,RD517 38230,45.751651,5.199577,Nuit avec éclairage allumé,En agglomération,Hors intersection,Normale,Autre collision,3,2,2,0,1,2,2,0,3,50,1,1,0,0,0,1,20.0,,voiture,,5,2,1,1,6
201900020088,2019-11-18 04:55:00,2019,11,18,4,55,1,01264,2243 Route de Trevoux,46.187791,5.118445,Nuit sans éclairage public,Hors agglomération,Hors intersection,Normale,Autre collision,3,2,2,0,1,1,2,0,1,80,1,1,0,0,0,1,20.0,,voiture,,3,1,1,1,6
201900020089,2019-11-17 12:15:00,2019,11,17,12,15,35,35242,D211,48.377851,-1.526789,Plein jour,Hors agglomération,Hors intersection,Normale,Autre collision,3,2,2,0,1,1,1,0,1,80,1,2,1,0,1,0,15.0,,deux_roues,,1,1,1,1,6
201900020090,2019-11-18 05:40:00,2019,11,18,5,40,60,60342,342 Rue de la République,49.294056,2.443537,Nuit avec éclairage allumé,En agglomération,Hors intersection,Normale,Autre collision,3,2,2,0,1,1,1,0,1,50,1,2,1,0,0,1,42.0,,voiture,,5,2,1,1,6
201900020091,2019-11-17 13:08:00,2019,11,17,13,8,2,02574,102 Rue de Paris,49.863975,3.995069,Plein jour,Hors agglomération,Hors intersection,Normale,Deux véhicules - arrière,3,2,2,0,1,1,1,0,1,80,2,3,2,0,0,1,28.0,47.0,voiture,voiture,1,1,1,1,2
201900020092,2019-11-16 02:45:00,2019,11,16,2,45,59,59321,D643,50.120946,3.468357,Nuit avec éclairage allumé,En agglomération,Hors intersection,Normale,Sans collision,3,2,2,0,1,1,1,0,3,50,1,3,1,0,1,1,18.0,,voiture,,5,2,1,1,7
201900020093,2019-11-17 13:11:00,2019,11,17,13,11,13,13019,A51-Sens Marseille vers Aix en Provence,43.42521,5.37695,Plein jour,Hors agglomération,Hors intersection,Normale,Trois véhicules et plus - collisions multiples,1,1,3,0,1,1,1,0,1,90,3,6,2,0,0,4,51.0,37.0,voiture,voiture,1,1,1,1,5
201900020094,2019-11-16 10:05:00,2019,11,16,10,5,13,13071,A51-Sens Marseille vers Aix en Provence,43.4147998,5.3649018,Plein jour,Hors agglomération,Hors intersection,Normale,Deux véhicules - côté,1,3,3,0,1,1,1,0,1,90,2,2,1,0,0,1,75.0,27.0,voiture,utilitaire_camion,1,1,1,1,3
201900020095,2019-11-16 08:00:00,2019,11,16,8,0,13,13211,A50-Sens Aubagne vers Marseille,43.28702,5.43567,Plein jour,Hors agglomération,Hors intersection,Normale,Deux véhicules - côté,1,1,5,0,1,1,2,3,1,70,2,2,0,0,0,2,45.0,21.0,voiture,voiture,1,1,1,1,3
201900020096,2019-11-16 07:15:00,2019,11,16,7,15,13,13215,A7-Sens Marseille vers Lyon,43.354116,5.364458,Crépuscule ou aube,Hors agglomération,Hors intersection,Normale,Deux véhicules - arrière,1,1,3,0,1,1,2,0,1,90,2,2,0,0,0,2,46.0,,utilitaire_camion,,2,1,1,1,2
201900020097,2019-11-06 07:45:00,2019,11,6,7,45,13,13206,Tunnel Prado Carénage,43.2897708,5.3698263,Plein jour,Hors agglomération,Hors intersection,Normale,Deux véhicules - arrière,1,1,2,0,1,1,1,1,1,60,2,2,1,0,0,1,22.0,38.0,utilitaire_camion,deux_roues,1,1,1,1,2
201900020098,2019-11-17 15:02:00,2019,11,17,15,2,33,33318,AUTOROUTE A 63,44.78873,-0.62309,Plein jour,Hors agglomération,Hors intersection,Pluie légère,Sans collision,1,1,2,0,1,2,2,3,1,50,1,1,0,0,0,1,60.0,,deux_roues,,1,1,1,2,7
201900020099,2019-11-17 03:37:00,2019,11,17,3,37,33,33249,ROUTE NATIONALE 230,44.87422,-0.50726,Nuit avec éclairage allumé,Hors agglomération,Hors intersection,Brouillard / fumée,Deux véhicules - arrière,2,3,8,0,1,1,2,0,1,90,2,4,0,0,0,4,72.0,36.0,utilitaire_camion,voiture,5,1,1,5,2
201900020100,2019-11-16 12:10:00,2019,11,16,12,10,94,94028,A86 EXT,48.7833,2.4667,Plein jour,Hors agglomération,Hors intersection,Normale,Autre collision,1,3,2,0,2,3,2,0,1,70,1,1,0,0,0,1,22.0,,deux_roues,,1,1,1,1,6
201900020101,2019-11-15 14:20:00,2019,11,15,14,20,61,61001,JEAN MANTELET (AVENUE),48.41815,0.09813,Plein jour,En agglomération,Hors intersection,Pluie légère,Autre collision,3,2,2,2,1,1,2,0,4,50,1,2,1,0,1,0,41.0,,voiture,,1,2,1,2,6
201900020102,2019-11-15 19:25:00,2019,11,15,19,25,30,30189,UZES (ROUTE D'),43.9042187,4.3933526,Nuit sans éclairage public,Hors agglomération,Hors intersection,Normale,Sans collision,3,2,2,0,2,3,1,0,1,80,1,2,0,0,1,1,21.0,,voiture,,3,1,1,1,7
201900020103,2019-11-15 20:30:00,2019,11,15,20,30,988,98818,RUE A. OHLEN/RUE J.M. DE HEREDIA,-22.26246,166.46321,Nuit avec éclairage allumé,En agglomération,Intersection en T,Normale,Deux véhicules - arrière,4,2,2,0,1,1,1,5,1,50,2,3,2,0,0,1,44.0,52.0,voiture,utilitaire_camion,5,2,3,1,2
201900020104,2019-11-15 21:00:00,2019,11,15,21,0,973,97302,GRANT (CITE),4.946121,-52.3081679,Nuit avec éclairage allumé,En agglomération,Hors intersection,Normale,Deux véhicules - frontale,4,2,2,0,1,1,1,0,1,50,2,3,1,0,0,2,33.0,21.0,voiture,deux_roues,5,2,1,1,1
201900020105,2019-11-16 01:00:00,2019,11,16,1,0,973,97302,MADELEINE (ROUTE DE LA),4.92474,-52.3234,Nuit avec éclairage allumé,En agglomération,Giratoire,Normale,Autre collision,3,2,-1,-1,1,1,1,5,1,-1,1,1,0,0,1,0,28.0,,deux_roues,,5,2,6,1,6
201900020106,2019-11-16 18:50:00,2019,11,16,18,50,972,97209,PROFESSEUR RAYMOND GARCIN (RUE DU),14.61242,-61.07867,Crépuscule ou aube,En agglomération,Hors intersection,Normale,Autre collision,3,2,2,0,2,1,1,0,1,50,1,2,1,0,0,1,62.0,,voiture,,2,2,1,1,6
201900020107,2019-11-16 14:20:00,2019,11,16,14,20,972,97209,AUTOROUTE (A1),14.61688,-61.04201,Plein jour,Hors agglomération,Hors intersection,Normale,Trois véhicules et plus - en chaîne,1,3,6,0,1,1,1,0,1,90,3,4,2,0,0,2,39.0,43.0,voiture,voiture,1,1,1,1,4