accident_id,datetime,annee,mois,jour,heure,minute,departement,commune_insee,adresse,latitude,longitude,luminosite,agglomeration,intersection,meteo,collision,catr,circ,nbv,vosp,prof,plan,surf,infra,situ,vma,nb_vehicules,nb_usagers,nb_indemnes,nb_tues,nb_blesses_hosp,nb_blesses_legers,age_cond_1,age_cond_2,veh_type_cond_1,veh_type_cond_2,lum_code,agg_code,int_code,atm_code,col_code
201900020108,2019-11-16 06:10:00,2019,11,16,6,10,972,97209,ENTRAIDE (ROUTE DE L'),14.61889,-61.05663,Plein jour,Hors agglomération,Hors intersection,Normale,Sans collision,3,2,2,0,2,1,1,0,1,50,1,1,0,0,0,1,26.0,,voiture,,1,1,1,1,7
201900020109,2019-11-15 21:40:00,2019,11,15,21,40,972,97209,EDOUARD JEANNE (RUE),14.60326,-61.05495,Nuit avec éclairage allumé,En agglomération,Intersection en Y,Normale,Sans collision,4,2,2,0,1,1,1,0,1,50,1,1,0,0,0,1,31.0,,deux_roues,,5,2,4,1,7
201900020110,2019-11-16 21:55:00,2019,11,16,21,55,69,69382,DOCTEUR GAILLETON (DU)              (QU),45.75378,4.8344,Nuit avec éclairage allumé,En agglomération,Hors intersection,Normale,Deux véhicules - arrière,4,1,4,0,1,1,1,0,-1,50,2,4,2,0,0,2,51.0,39.0,voiture,voiture,5,2,1,1,2
201900020111,2019-11-16 14:45:00,2019,11,16,14,45,2A,2A004,T21,41.9277001,8.7969724,Plein jour,En agglomération,Giratoire,Temps couvert,Deux véhicules - côté,2,1,2,0,1,3,1,0,1,50,2,2,1,0,0,1,44.0,39.0,voiture,voiture,1,2,6,8,3
201900020112,2019-11-16 16:50:00,2019,11,16,16,50,91,91377,DIX-NEUF MARS 1962 (ROND POINT DU),48.73754,2.27255,Plein jour,En agglomération,Giratoire,Normale,Deux véhicules - arrière,7,1,2,0,1,2,1,5,1,50,2,2,1,0,0,1,29.0,52.0,voiture,deux_roues,1,2,6,1,2
201900020113,2019-11-16 13:00:00,2019,11,16,13,0,91,91223,CHARPENTIER (AVENUE THEODORE),48.42969,2.15321,Plein jour,En agglomération,Hors intersection,Normale,Deux véhicules - côté,4,2,2,0,1,1,2,5,1,50,2,2,1,0,0,1,49.0,,voiture,,1,2,1,1,3
201900020114,2019-11-16 01:25:00,2019,11,16,1,25,91,91027,MITTERAND (AVENUE FRANCOIS) N° 112 A 188,48.716,2.371,Nuit avec éclairage allumé,En agglomération,Intersection en X,Pluie légère,Deux véhicules - côté,4,2,2,0,1,1,2,0,1,50,2,4,3,0,0,1,34.0,37.0,voiture,voiture,5,2,2,2,3
201900020115,2019-11-15 16:15:00,2019,11,15,16,15,78,78396,POISSY (AVENUE DE),48.94332,2.12872,Plein jour,En agglomération,Hors intersection,Pluie forte,Autre collision,3,3,2,0,1,1,2,0,1,50,1,2,1,0,1,0,47.0,,voiture,,1,2,1,3,6
201900020116,2019-11-16 17:40:00,2019,11,16,17,40,78,78005,PORTE DE FROMAINVILLE,48.9717,2.1738,Nuit sans éclairage public,En agglomération,Hors intersection,Normale,Sans collision,4,2,2,0,1,3,1,0,1,30,1,1,0,0,1,0,26.0,,deux_roues,,3,2,1,1,7
201900020117,2019-11-16 16:30:00,2019,11,16,16,30,77,77482,D605,48.36676,2.95729,Plein jour,En agglomération,Hors intersection,Autre,Deux véhicules - frontale,3,2,2,0,1,1,2,0,1,50,2,2,1,0,0,1,32.0,16.0,voiture,deux_roues,1,2,1,9,1
201900020118,2019-11-15 19:30:00,2019,11,15,19,30,77,77152,D142 X D64-BOURGOGNE(ROUTE DE),48.4971037,2.6339446,Nuit avec éclairage allumé,Hors agglomération,Intersection en X,Pluie légère,Trois véhicules et plus - collisions multiples,3,2,2,0,1,1,2,5,8,50,3,6,4,0,0,2,36.0,38.0,voiture,voiture,5,1,2,2,5
201900020119,2019-11-16 06:15:00,2019,11,16,6,15,71,71540,R.N.80,46.76693,4.44965,Nuit sans éclairage public,Hors agglomération,Autre intersection,Autre,Sans collision,3,2,2,0,2,1,7,0,1,70,1,1,0,0,0,1,31.0,,voiture,,3,1,9,9,7
201900020120,2019-11-16 19:10:00,2019,11,16,19,10,69,69029,GENAS (DE)                          (RO),45.74723,4.92332,Nuit avec éclairage allumé,En agglomération,Intersection en X,Normale,Deux véhicules - arrière,3,2,4,3,1,1,1,0,1,50,2,3,2,0,0,1,39.0,29.0,voiture,voiture,5,2,2,1,2
201900020121,2019-11-16 21:05:00,2019,11,16,21,5,64,64024,HUIT MAI (RUE DU),43.4622,-1.4959,Nuit avec éclairage allumé,En agglomération,Hors intersection,Pluie légère,Sans collision,4,3,4,0,1,1,2,2,1,50,1,2,0,0,0,2,23.0,,voiture,,5,2,1,2,7
201900020122,2019-11-16 12:30:00,2019,11,16,12,30,54,54257,COTEAU (RUE DU),48.645811,6.185547,Plein jour,En agglomération,Hors intersection,Normale,Deux véhicules - frontale,4,-1,2,0,2,1,1,0,1,50,2,3,2,0,0,1,58.0,22.0,voiture,voiture,1,2,1,1,1
201900020123,2019-11-16 21:40:00,2019,11,16,21,40,51,51454,BOULEVARD DES TONDEURS,49.2830575,3.9944152,Nuit sans éclairage public,Hors agglomération,Hors intersection,Normale,Deux véhicules - côté,3,2,2,0,1,1,1,2,1,70,2,2,1,1,0,0,51.0,21.0,deux_roues,utilitaire_camion,3,1,1,1,3
201900020124,2019-11-15 20:45:00,2019,11,15,20,45,45,45232,AV DE SOLOGNE - AV DE VERDUN,47.86819,1.91227,Nuit avec éclairage allumé,En agglomération,Intersection en X,Pluie légère,Autre collision,4,3,5,1,1,1,2,5,1,70,1,3,2,0,0,1,24.0,,voiture,,5,2,2,2,6
201900020125,2019-11-16 19:50:00,2019,11,16,19,50,44,44109,BERLIN/PICASSO,47.21618,-1.5339,Nuit avec éclairage allumé,En agglomération,Giratoire,Normale,Deux véhicules - côté,4,2,0,0,1,2,1,0,1,30,2,2,1,0,0,1,18.0,22.0,deux_roues,voiture,5,2,6,1,3
201900020126,2019-11-16 11:10:00,2019,11,16,11,10,44,44109,ROUTE DE PARIS,47.25552,-1.5103,Plein jour,En agglomération,Hors intersection,Temps couvert,Deux véhicules - arrière,7,1,2,0,2,2,2,0,1,50,2,2,1,0,0,1,22.0,48.0,utilitaire_camion,voiture,1,2,1,8,2
201900020127,2019-11-16 09:40:00,2019,11,16,9,40,42,42071,LIBERATION (AVENUE DE LA),46.03138,4.0826,Plein jour,En agglomération,Hors intersection,Temps éblouissant,Autre collision,4,2,1,0,1,1,1,0,1,50,1,2,1,0,1,0,75.0,,voiture,,1,2,1,7,6
201900020128,2019-11-16 15:30:00,2019,11,16,15,30,37,37261,ALOUETTE (AVENUE),47.3630555,0.6976723,Plein jour,En agglomération,Hors intersection,Pluie légère,Autre collision,7,3,5,0,2,3,2,0,1,50,3,5,4,0,0,1,60.0,21.0,voiture,voiture,1,2,1,2,6
201900020129,2019-11-16 05:17:00,2019,11,16,5,17,37,37261,RN 76 - Route de St Avertin,47.3648569,0.7089062,Nuit avec éclairage allumé,En agglomération,Intersection en T,Pluie légère,Sans collision,4,2,4,0,1,1,2,0,1,50,1,1,0,0,0,1,47.0,,deux_roues,,5,2,3,2,7
201900020130,2019-11-16 11:15:00,2019,11,16,11,15,35,35238,RN136,48.125246,-1.718003,Plein jour,Hors agglomération,Hors intersection,Normale,Autre collision,2,1,1,0,2,2,2,3,1,30,1,1,0,0,0,1,21.0,,voiture,,1,1,1,1,6
201900020131,2019-11-16 20:55:00,2019,11,16,20,55,34,34172,TANNEURS (QUAI DES),43.6156889,3.8764679,Nuit avec éclairage allumé,En agglomération,Hors intersection,Normale,Autre collision,4,2,2,0,1,2,1,0,1,50,1,2,1,0,0,1,19.0,,voiture,,5,2,1,1,6
201900020132,2019-11-15 12:00:00,2019,11,15,12,0,34,34172,LIBERTE (AVENUE DE LA,43.61071,3.83197,Plein jour,En agglomération,Hors intersection,Normale,Deux véhicules - arrière,4,2,2,0,1,1,1,0,1,50,2,2,0,0,0,2,28.0,74.0,voiture,voiture,1,2,1,1,2
201900020133,2019-11-16 11:40:00,2019,11,16,11,40,33,33063,PCE DE L'EUROPE,44.86023,-0.58028,Plein jour,En agglomération,Hors intersection,Pluie forte,Autre collision,4,2,2,0,1,1,2,0,1,30,1,2,1,0,0,1,45.0,,voiture,,1,2,1,3,6
201900020134,2019-11-16 18:30:00,2019,11,16,18,30,33,33529,RD1250,44.6341,-1.15548,Nuit sans éclairage public,Hors agglomération,Hors intersection,Pluie forte,Deux véhicules - frontale,3,2,2,0,1,1,2,0,1,80,2,2,1,0,1,0,65.0,37.0,deux_roues,voiture,3,1,1,3,1
201900020135,2019-11-18 15:32:00,2019,11,18,15,32,31,31483,ENCORE (BOULEVAR D'),43.116,0.736,Plein jour,En agglomération,Hors intersection,Pluie légère,Autre collision,4,2,2,0,1,1,1,0,1,50,1,1,0,0,0,1,83.0,,voiture,,1,2,1,2,6
201900020136,2019-11-16 18:22:00,2019,11,16,18,22,29,29019,EUROPE (DE 13 A 15),48.41568,-4.47399,Nuit avec éclairage allumé,En agglomération,Hors intersection,Pluie légère,Trois véhicules et plus - en chaîne,4,2,4,0,1,1,2,0,1,50,3,4,2,0,0,2,18.0,29.0,voiture,voiture,5,2,1,2,4
201900020137,2019-11-16 09:25:00,2019,11,16,9,25,27,27229,FOCH (AVENUE DU MARECHAL),49.02348,1.13471,Plein jour,En agglomération,Hors intersection,Temps couvert,Autre collision,4,3,4,0,1,1,2,0,1,50,1,2,1,0,1,0,23.0,,voiture,,1,2,1,8,6
201900020138,2019-11-16 15:56:00,2019,11,16,15,56,17,17300,MESCHINET DE RICHEMOND   RUE,46.16044,-1.19255,Plein jour,En agglomération,Autre intersection,Temps couvert,Deux véhicules - côté,9,2,2,0,2,1,1,0,1,50,2,2,1,0,0,1,60.0,26.0,deux_roues,voiture,1,2,9,8,3
201900020139,2019-11-16 09:55:00,2019,11,16,9,55,17,17300,COGNEHORS   BOULEVARD DE (1-95)),46.16736,-1.13993,Plein jour,En agglomération,Giratoire,Pluie légère,Deux véhicules - arrière,4,2,2,1,1,2,2,0,1,30,2,2,1,0,0,1,27.0,19.0,voiture,deux_roues,1,2,6,2,2
201900020140,2019-11-16 00:47:00,2019,11,16,0,47,13,13039,ROUTE NATIONALE 568,43.45841,4.92323,Nuit avec éclairage allumé,Hors agglomération,Hors intersection,Pluie légère,Autre collision,2,3,4,0,1,1,2,0,1,90,1,1,0,0,1,0,23.0,,voiture,,5,1,1,2,6
201900020141,2019-11-16 22:05:00,2019,11,16,22,5,13,13212,SAINT BARNABE (AVENUE DE),43.3042,5.413,Nuit avec éclairage allumé,En agglomération,Intersection en X,Normale,Deux véhicules - côté,4,2,2,0,4,1,1,0,1,50,2,3,2,0,0,1,33.0,,voiture,,5,2,2,1,3
201900020142,2019-11-16 15:30:00,2019,11,16,15,30,13,13201,BERNEX (RUE)    IMPAIRS,43.30116,5.387911,Plein jour,En agglomération,Hors intersection,Normale,Deux véhicules - arrière,4,1,2,0,1,1,1,0,1,50,2,1,0,0,0,1,25.0,,voiture,,1,2,1,1,2
201900020143,2019-11-15 11:00:00,2019,11,15,11,0,13,13028,CROZET (AVENUE LOUIS ),43.1767,5.60261,Plein jour,En agglomération,Hors intersection,Normale,Autre collision,4,1,1,1,2,2,1,0,1,30,1,2,1,0,1,0,13.0,,deux_roues,,1,2,1,1,6
201900020144,2019-11-16 05:40:00,2019,11,16,5,40,6,06088,ANGLAIS (DU N° 114 AU N° 263),43.682083,7.232684,Nuit avec éclairage allumé,En agglomération,Hors intersection,Pluie légère,Sans collision,7,3,2,0,1,1,2,0,1,50,1,1,0,0,0,1,33.0,,deux_roues,,5,2,1,2,7
201900020145,2019-11-14 01:38:00,2019,11,14,1,38,75,75119,BD PERIPHERIQUE EXTERIEUR,48.89361,2.395287,Nuit avec éclairage allumé,En agglomération,Hors intersection,Pluie forte,Deux véhicules - arrière,4,1,4,-1,1,1,2,0,1,70,2,2,1,0,0,1,26.0,24.0,voiture,voiture,5,2,1,3,2
201900020146,2019-11-16 03:20:00,2019,11,16,3,20,75,75119,AVENUE CORENTIN CARIOU,48.895485,2.383182,Nuit avec éclairage allumé,En agglomération,Hors intersection,Normale,Trois véhicules et plus - en chaîne,4,2,2,0,2,1,2,0,1,50,3,5,0,0,0,5,28.0,28.0,voiture,voiture,5,2,1,1,4
201900020147,2019-11-16 09:15:00,2019,11,16,9,15,75,75118,BOULEVARD ORNANO,48.8960277,2.3459888,Plein jour,En agglomération,Place,Temps couvert,Deux véhicules - côté,4,2,2,0,1,1,1,0,1,50,2,2,1,0,0,1,37.0,26.0,voiture,deux_roues,1,2,7,8,3
201900020148,2019-11-16 00:15:00,2019,11,16,0,15,75,75116,AVENUE DE VERSAILLES,48.8391997,2.2614837,Nuit avec éclairage allumé,En agglomération,Intersection en T,Pluie légère,Autre collision,4,1,3,0,1,1,2,0,1,50,2,2,1,0,0,1,41.0,,deux_roues,,5,2,3,2,6
201900020149,2019-11-14 20:40:00,2019,11,14,20,40,75,75116,BOULEVARD LANNES,48.866883,2.27184,Nuit avec éclairage allumé,En agglomération,Intersection en T,Normale,Autre collision,4,2,2,0,1,1,1,0,1,50,5,6,2,0,0,4,47.0,31.0,voiture,voiture,5,2,3,1,6
201900020150,2019-11-14 23:00:00,2019,11,14,23,0,75,75115,RUE LECOURBE,48.837405,2.28506,Nuit avec éclairage allumé,En agglomération,Intersection en T,Pluie légère,Sans collision,4,1,2,-1,1,1,2,0,1,50,1,1,0,0,0,1,27.0,,deux_roues,,5,2,3,2,7
201900020151,2019-11-15 19:00:00,2019,11,15,19,0,75,75111,RUE DE CHARONNE,48.853926,2.382027,Nuit avec éclairage allumé,En agglomération,Intersection en T,Pluie légère,Autre collision,4,1,2,0,1,1,2,0,1,30,1,2,1,0,0,1,24.0,,utilitaire_camion,,5,2,3,2,6
201900020152,2019-11-16 20:40:00,2019,11,16,20,40,75,75107,BOULEVARD SAINT GERMAIN,48.856054,2.3259473,Nuit sans éclairage public,En agglomération,Intersection à plus de 4 branches,Normale,Autre collision,4,1,2,0,1,1,1,0,1,50,1,2,1,0,0,1,44.0,,voiture,,3,2,5,1,6
201900020153,2019-11-16 20:00:00,2019,11,16,20,0,75,75107,RUE MALAR,48.8616939,2.3054635,Nuit avec éclairage allumé,En agglomération,Intersection en X,Normale,Autre collision,4,1,1,0,1,1,1,0,1,50,1,2,1,0,0,1,63.0,,voiture,,5,2,2,1,6
201900020154,2019-11-16 10:50:00,2019,11,16,10,50,94,94046,GENERAL LECLERC (AV DU),48.81151,2.42996,Plein jour,En agglomération,Hors intersection,Temps couvert,Autre collision,3,1,4,0,1,1,2,6,1,50,1,2,0,0,1,1,40.0,,voiture,,1,2,1,8,6
201900020155,2019-11-15 15:35:00,2019,11,15,15,35,94,94073,ALOUETTES (R DES),48.797368,2.433352,Plein jour,En agglomération,Autre intersection,Pluie légère,Autre collision,3,2,2,0,1,1,2,0,1,50,1,2,1,0,0,1,53.0,,deux_roues,,1,2,9,2,6
201900020156,2019-11-16 08:15:00,2019,11,16,8,15,94,94076,MAXIME GORKI (BD),48.78907,2.36823,Crépuscule ou aube,En agglomération,Hors intersection,Pluie légère,Deux véhicules - côté,3,2,4,0,1,1,2,0,1,50,2,2,1,0,0,1,51.0,35.0,deux_roues,voiture,2,2,1,2,3
201900020157,2019-11-16 15:00:00,2019,11,16,15,0,94,94033,RABELAIS (AV),48.85226,2.477634,Plein jour,En agglomération,Hors intersection,Normale,Autre collision,4,2,2,0,2,1,1,0,1,50,1,2,1,0,0,1,40.0,,voiture,,1,2,1,1,6
201900020158,2019-11-16 09:35:00,2019,11,16,9,35,94,94079,ANDRE ROUY (R),48.82097,2.55603,Plein jour,En agglomération,Hors intersection,Normale,Deux véhicules - frontale,3,2,0,0,1,1,2,0,1,50,2,2,1,0,0,1,29.0,53.0,voiture,voiture,1,2,1,1,1
201900020159,2019-11-16 06:50:00,2019,11,16,6,50,93,93066,ORNANO (BOULEVARD),48.91412,2.34429,Nuit avec éclairage allumé,En agglomération,Intersection en X,Pluie légère,Autre collision,3,2,4,0,1,1,2,0,3,50,1,3,0,0,1,2,29.0,,voiture,,5,2,2,2,6
201900020160,2019-11-16 18:00:00,2019,11,16,18,0,93,93053,STAINS (ROUTE DE),48.904388,2.470344,Nuit avec éclairage allumé,En agglomération,Hors intersection,Normale,Trois véhicules et plus - collisions multiples,3,1,4,0,1,1,1,0,1,50,3,4,3,0,0,1,31.0,52.0,voiture,deux_roues,5,2,1,1,5
201900020161,2019-11-15 13:50:00,2019,11,15,13,50,93,93032,DAHLIAS    (AVENUE DES),48.89256,2.543,Plein jour,En agglomération,Hors intersection,Pluie forte,Deux véhicules - côté,4,2,2,0,2,1,2,0,1,50,2,3,1,0,0,2,55.0,64.0,utilitaire_camion,voiture,1,2,1,3,3
201900020162,2019-11-16 20:55:00,2019,11,16,20,55,93,93029,BOIS DE GROSLAY (DES),48.92,2.44,Nuit avec éclairage allumé,En agglomération,Autre intersection,Normale,Autre collision,4,2,2,0,1,1,1,0,1,50,1,1,0,0,0,1,,,,,5,2,9,1,6
201900020163,2019-11-16 10:00:00,2019,11,16,10,0,93,93029,MARCEAU (AVENUE) N° 29-FIN,48.92887,2.43472,Plein jour,En agglomération,Intersection en T,Normale,Autre collision,3,2,2,0,1,1,1,0,1,50,1,2,0,0,0,2,42.0,,voiture,,1,2,3,1,6
201900020164,2019-11-16 07:15:00,2019,11,16,7,15,93,93047,EUROPE (BOULEVARD DE L'),48.89653,2.56509,Nuit avec éclairage allumé,En agglomération,Intersection en T,Pluie légère,Deux véhicules - côté,4,2,2,0,2,1,2,0,1,50,2,3,0,0,1,2,31.0,69.0,voiture,utilitaire_camion,5,2,3,2,3
201900020165,2019-11-16 16:26:00,2019,11,16,16,26,93,93010,ALPY (RUE HENRI),48.899924,2.4881,Plein jour,En agglomération,Autre intersection,Normale,Autre collision,9,-1,1,0,1,1,1,0,1,50,1,2,1,0,0,1,33.0,,voiture,,1,2,9,1,6
201900020166,2019-11-16 19:25:00,2019,11,16,19,25,93,93001,PONT BLANC.CHARLES TILLON (RUE) =>72,48.918,2.393,Nuit avec éclairage allumé,En agglomération,Hors intersection,Normale,Autre collision,3,3,4,0,1,1,1,0,1,50,1,2,1,0,0,1,31.0,,utilitaire_camion,,5,2,1,1,6
201900020167,2019-11-16 20:20:00,2019,11,16,20,20,92,92075,LARMEROUX (RUE),48.81716,2.28186,Nuit avec éclairage allumé,En agglomération,Autre intersection,Temps couvert,Deux véhicules - côté,3,3,2,0,2,2,2,0,1,50,2,3,2,0,0,1,30.0,38.0,deux_roues,voiture,5,2,9,8,3
201900020168,2019-11-16 18:55:00,2019,11,16,18,55,92,92022,SALENGRO (AVENUE ROGER),48.8136313,2.1923381,Nuit avec éclairage allumé,En agglomération,Hors intersection,Normale,Autre collision,3,2,2,0,1,1,1,0,2,50,1,2,1,0,0,1,76.0,,utilitaire_camion,,5,2,1,1,6
201900020169,2019-11-15 09:45:00,2019,11,15,9,45,92,92050,PONS NOEL RUE,48.9040912,2.2191533,Plein jour,En agglomération,Intersection en X,Pluie forte,Deux véhicules - côté,3,1,1,0,1,1,2,0,1,50,2,2,1,0,0,1,33.0,29.0,voiture,utilitaire_camion,1,2,2,3,3
201900020170,2019-11-15 22:25:00,2019,11,15,22,25,92,92020,JAURES AVENUE JEAN,48.80482,2.3033,Nuit sans éclairage public,En agglomération,Hors intersection,Pluie légère,Deux véhicules - arrière,4,2,2,0,1,1,2,0,1,50,2,1,0,0,0,1,30.0,,autre,,3,2,1,2,2
201900020171,2019-11-15 23:35:00,2019,11,15,23,35,92,92049,BROSSOLETTE AVENUE PIERRE,48.8122868,2.3010224,Nuit avec éclairage allumé,En agglomération,Hors intersection,Pluie légère,Sans collision,3,3,2,3,1,1,2,0,1,50,1,1,0,0,0,1,44.0,,deux_roues,,5,2,1,2,7
201900020172,2019-11-15 23:10:00,2019,11,15,23,10,92,92012,PIERRE GRENIER (AVENUE),48.83429,2.25461,Nuit avec éclairage allumé,En agglomération,Hors intersection,Pluie légère,Autre collision,3,2,2,1,1,1,2,0,1,50,1,2,0,0,0,2,23.0,,deux_roues,,5,2,1,2,6
201900020173,2019-11-16 01:15:00,2019,11,16,1,15,92,92014,GENERAL LECLERC (AV.) (1 A 55BIS - 2 A 4,48.7880144,2.3186165,Nuit avec éclairage allumé,En agglomération,Intersection en X,Normale,Trois véhicules et plus - en chaîne,3,4,4,0,1,1,2,0,1,50,3,5,3,0,0,2,27.0,31.0,voiture,voiture,5,2,2,1,4
201900020174,2019-11-16 09:10:00,2019,11,16,9,10,42,42162,RD 53 - Le Rallet,46.001736,4.004865,Plein jour,Hors agglomération,Hors intersection,Normale,Deux véhicules - côté,3,2,2,0,1,1,1,0,1,80,2,3,1,0,2,0,22.0,84.0,voiture,voiture,1,1,1,1,3
201900020175,2019-11-17 14:20:00,2019,11,17,14,20,83,83019,Route du Dom,43.164396,6.3246,Plein jour,Hors agglomération,Hors intersection,Normale,Deux véhicules - frontale,3,2,2,0,2,4,1,0,1,80,2,5,4,0,1,0,56.0,22.0,voiture,deux_roues,1,1,1,1,1
201900020176,2019-11-16 19:00:00,2019,11,16,19,0,30,30124,rue de l'école,44.307187,4.47223,Nuit avec éclairage allumé,En agglomération,Autre intersection,Normale,Autre collision,4,2,2,0,2,1,1,0,1,50,1,2,1,0,1,0,38.0,,voiture,,5,2,9,1,6
201900020177,2019-11-16 14:25:00,2019,11,16,14,25,34,34309,Avenue de Montpellier,43.67319,3.914104,Plein jour,Hors agglomération,Autre intersection,Normale,Deux véhicules - côté,3,2,2,0,1,1,1,5,1,70,2,2,1,0,0,1,85.0,18.0,voiture,deux_roues,1,1,9,1,3
201900020178,2019-11-16 21:20:00,2019,11,16,21,20,74,74005,D903,46.3366052,6.4551526,Nuit sans éclairage public,Hors agglomération,Hors intersection,Temps couvert,Autre collision,3,2,2,0,2,1,1,0,1,80,1,2,1,1,0,0,47.0,,voiture,,3,1,1,8,6
201900020179,2019-11-16 12:55:00,2019,11,16,12,55,57,57004,Route de Marthille,48.915742,6.589009,Plein jour,Hors agglomération,Hors intersection,Normale,Deux véhicules - frontale,4,2,2,0,2,1,1,0,1,50,2,2,1,0,1,0,58.0,19.0,voiture,voiture,1,1,1,1,1
201900020180,2019-11-17 23:55:00,2019,11,17,23,55,60,60102,route départementale 200,49.308457,2.541625,Nuit sans éclairage public,Hors agglomération,Hors intersection,Pluie légère,Autre collision,3,3,4,0,1,1,2,0,3,90,1,1,0,0,1,0,22.0,,voiture,,3,1,1,2,6
201900020181,2019-11-17 02:45:00,2019,11,17,2,45,80,80410,Rue de Péronne,49.757101,3.060741,Nuit sans éclairage public,Hors agglomération,Hors intersection,Pluie légère,Deux véhicules - frontale,3,3,2,0,1,1,1,5,3,70,2,3,2,0,1,0,21.0,44.0,voiture,voiture,3,1,1,2,1
201900020182,2019-11-16 23:30:00,2019,11,16,23,30,11,11437,8 Voie Romaine,43.240355,2.2345,Nuit sans éclairage public,Hors agglomération,Hors intersection,Pluie légère,Autre collision,3,2,2,0,2,3,2,2,1,70,1,3,2,0,1,0,28.0,,voiture,,3,1,1,2,6
201900020183,2019-11-17 01:45:00,2019,11,17,1,45,63,63404,D713,45.593726,3.224603,Nuit sans éclairage public,Hors agglomération,Autre intersection,Pluie légère,Sans collision,3,2,2,0,2,2,2,0,3,80,1,5,0,0,2,3,18.0,,voiture,,3,1,9,2,7
201900020184,2019-11-16 09:00:00,2019,11,16,9,0,61,61385,D13,48.797044,0.322488,Plein jour,Hors agglomération,Hors intersection,Normale,Sans collision,3,2,2,0,1,1,2,0,3,80,1,1,0,1,0,0,80.0,,voiture,,1,1,1,1,7
201900020185,2019-11-17 01:00:00,2019,11,17,1,0,44,44200,départementale 163,47.816128,-1.469425,Nuit sans éclairage public,Hors agglomération,Hors intersection,Brouillard / fumée,Autre collision,3,2,2,0,1,1,1,0,8,80,1,1,0,0,1,0,53.0,,voiture,,3,1,1,5,6
201900020186,2019-11-15 17:20:00,2019,11,15,17,20,29,29243,80 av de Quimper,48.189121,-4.0916522,Plein jour,En agglomération,Hors intersection,Normale,Deux véhicules - frontale,3,2,2,0,1,1,2,0,1,50,2,3,2,0,0,1,56.0,39.0,voiture,deux_roues,1,2,1,1,1
201900020187,2019-11-17 07:49:00,2019,11,17,7,49,31,31202,Chemin de Combes,43.872578,1.388073,Crépuscule ou aube,Hors agglomération,Hors intersection,Temps couvert,Sans collision,4,2,1,0,1,3,2,0,1,50,1,1,0,0,1,0,40.0,,deux_roues,,2,1,1,8,7
201900020188,2019-11-15 03:15:00,2019,11,15,3,15,14,14723,69 Route de Dives,49.230891,0.101259,Nuit sans éclairage public,Hors agglomération,Intersection en T,Pluie forte,Autre collision,3,2,2,0,2,3,2,0,3,70,1,1,0,0,1,0,34.0,,voiture,,3,1,3,3,6
201900020189,2019-11-16 16:00:00,2019,11,16,16,0,9,09264,D624,43.029221,1.616003,Plein jour,Hors agglomération,Hors intersection,Temps couvert,Sans collision,3,2,2,0,1,3,1,0,1,80,1,1,0,0,1,0,55.0,,deux_roues,,1,1,1,8,7
201900020190,2019-11-15 07:40:00,2019,11,15,7,40,45,45145,BD de la Brèche,48.0863372,2.7883212,Crépuscule ou aube,En agglomération,Giratoire,Pluie légère,Autre collision,3,2,2,0,2,1,4,0,1,50,1,2,1,0,1,0,37.0,,voiture,,2,2,6,2,6
201900020191,2019-11-15 07:45:00,2019,11,15,7,45,64,64519,Rue de la Vallée d'Ossau,43.3776845,-0.3811816,Plein jour,En agglomération,Hors intersection,Pluie légère,Autre collision,9,2,2,0,1,1,2,0,1,50,1,2,1,0,1,0,59.0,,voiture,,1,2,1,2,6
201900020192,2019-11-16 19:20:00,2019,11,16,19,20,16,16120,D939,45.598948,0.268697,Nuit sans éclairage public,Hors agglomération,Hors intersection,Pluie légère,Autre collision,3,2,3,1,3,1,2,5,1,80,1,2,1,0,1,0,35.0,,voiture,,3,1,1,2,6
201900020193,2019-11-16 19:10:00,2019,11,16,19,10,24,24130,D62,45.104458,1.257284,Nuit sans éclairage public,Hors agglomération,Hors intersection,Pluie légère,Sans collision,3,2,2,0,1,2,2,2,4,80,1,1,0,1,0,0,49.0,,utilitaire_camion,,3,1,1,2,7
201900020194,2019-11-17 00:25:00,2019,11,17,0,25,17,17332,Garreau,45.480445,-0.483636,Nuit sans éclairage public,Hors agglomération,Hors intersection,Normale,Autre collision,3,2,2,0,1,1,1,0,3,80,1,3,0,0,2,1,31.0,,voiture,,3,1,1,1,6
201900020195,2019-11-16 20:25:00,2019,11,16,20,25,88,88332,D18,48.204897,5.926871,Nuit sans éclairage public,Hors agglomération,Hors intersection,Brouillard / fumée,Deux véhicules - côté,3,2,2,0,2,2,1,0,1,80,2,6,2,0,3,1,69.0,44.0,voiture,voiture,3,1,1,5,3
201900020196,2019-11-11 12:25:00,2019,11,11,12,25,39,39030,,47.138421,5.507404,Plein jour,Hors agglomération,Hors intersection,Normale,Autre collision,1,3,4,3,1,1,1,0,2,130,1,4,3,0,1,0,39.0,,voiture,,1,1,1,1,6
201900020197,2019-11-11 16:30:00,2019,11,11,16,30,69,69043,Avenue de Verdun,45.72016,4.75937,Plein jour,En agglomération,Intersection en Y,Normale,Deux véhicules - arrière,3,2,2,0,1,1,1,0,1,50,2,2,0,0,0,2,47.0,,voiture,,1,2,4,1,2
201900020198,2019-11-17 06:30:00,2019,11,17,6,30,971,97114,D33,16.136624,-61.574795,Plein jour,En agglomération,Hors intersection,Normale,Deux véhicules - côté,3,2,2,0,1,1,1,0,1,50,2,5,3,0,0,2,47.0,24.0,utilitaire_camion,voiture,1,2,1,1,3