accident_id,datetime,annee,mois,jour,heure,minute,departement,commune_insee,adresse,latitude,longitude,luminosite,agglomeration,intersection,meteo,collision,catr,circ,nbv,vosp,prof,plan,surf,infra,situ,vma,nb_vehicules,nb_usagers,nb_indemnes,nb_tues,nb_blesses_hosp,nb_blesses_legers,age_cond_1,age_cond_2,veh_type_cond_1,veh_type_cond_2,lum_code,agg_code,int_code,atm_code,col_code
201900020199,2019-11-16 05:40:00,2019,11,16,5,40,44,44020,Place des Centaures,47.158414,-1.597667,Nuit avec éclairage allumé,En agglomération,Hors intersection,Pluie légère,Autre collision,7,3,2,0,1,1,2,9,1,50,1,2,1,0,1,0,54.0,,voiture,,5,2,1,2,6
201900020200,2019-11-15 17:35:00,2019,11,15,17,35,30,30206,Route de Nimes,43.90299,4.420978,Nuit avec éclairage allumé,En agglomération,Hors intersection,Normale,Autre collision,3,2,2,0,1,1,1,6,1,30,1,2,1,0,1,0,60.0,,utilitaire_camion,,5,2,1,1,6
201900020201,2019-11-16 16:20:00,2019,11,16,16,20,34,34244,D106,43.676007,4.024761,Plein jour,Hors agglomération,Hors intersection,Normale,Deux véhicules - frontale,3,2,2,0,2,3,1,0,1,-1,2,3,0,0,3,0,33.0,19.0,voiture,voiture,1,1,1,1,1
201900020202,2019-11-16 13:15:00,2019,11,16,13,15,54,54352,D92,48.648357,6.079408,Plein jour,Hors agglomération,Intersection en X,Normale,Deux véhicules - côté,3,2,2,0,1,1,1,0,1,70,2,3,0,0,1,2,33.0,85.0,utilitaire_camion,voiture,1,1,2,1,3
201900020203,2019-11-16 15:45:00,2019,11,16,15,45,42,42201,Route du Tracol,45.346124,4.659272,Plein jour,Hors agglomération,Hors intersection,Neige / grêle,Deux véhicules - frontale,3,2,2,0,2,1,2,0,1,90,2,5,2,0,3,0,51.0,50.0,voiture,voiture,1,1,1,4,1
201900020204,2019-11-17 10:35:00,2019,11,17,10,35,38,38170,4574 Avenue du 11 Novembre,45.258892,5.659105,Plein jour,En agglomération,Hors intersection,Normale,Deux véhicules - côté,3,2,2,1,1,1,1,0,1,50,2,2,1,0,1,0,37.0,57.0,deux_roues,voiture,1,2,1,1,3
201900020205,2019-11-16 16:30:00,2019,11,16,16,30,31,31291,D24,43.594867,1.280656,Plein jour,Hors agglomération,Hors intersection,Pluie légère,Autre collision,3,2,2,0,1,1,2,2,1,80,1,3,2,1,0,0,25.0,,voiture,,1,1,1,2,6
201900020206,2019-11-16 23:20:00,2019,11,16,23,20,33,33474,Lieu dit BIGARD D109E2 - PR renseigné au vu coordonnées GPS renseignées par GN,44.667964,-0.494021,Nuit sans éclairage public,En agglomération,Hors intersection,Autre,Deux véhicules - frontale,3,2,2,0,1,2,2,9,1,50,2,5,0,0,0,5,20.0,25.0,voiture,voiture,3,2,1,9,1
201900020207,2019-11-17 15:45:00,2019,11,17,15,45,60,60103,Rue de Trye,49.404881,2.258463,Plein jour,En agglomération,Hors intersection,Pluie légère,Autre collision,4,2,2,0,1,1,2,0,3,30,1,2,0,0,1,1,18.0,,deux_roues,,1,2,1,2,6
201900020208,2019-11-15 23:40:00,2019,11,15,23,40,13,13026,A55-Sens Marseille vers Martigues,43.4026432,5.1077765,Nuit sans éclairage public,Hors agglomération,Hors intersection,Pluie forte,Deux véhicules - arrière,1,1,2,0,1,1,3,0,1,110,2,2,1,0,0,1,26.0,,voiture,,3,1,1,3,2
201900020209,2019-11-16 03:40:00,2019,11,16,3,40,13,13005,A50-Sens Aubagne vers Marseille,43.2867824,5.566496,Nuit sans éclairage public,Hors agglomération,Hors intersection,Pluie forte,Sans collision,1,3,2,0,1,1,2,0,1,90,1,1,0,0,0,1,21.0,,voiture,,3,1,1,3,7
201900020210,2019-11-15 08:10:00,2019,11,15,8,10,13,13033,A55-Sens Martigues vers Marseille,43.379934,5.219423,Plein jour,Hors agglomération,Hors intersection,Pluie légère,Deux véhicules - arrière,1,3,2,0,1,1,2,0,1,110,2,2,1,0,0,1,53.0,27.0,voiture,voiture,1,1,1,2,2
201900020211,2019-11-15 06:10:00,2019,11,15,6,10,13,13216,A55-Sens Marseille vers Martigues,43.3397876,5.3485283,Nuit sans éclairage public,En agglomération,Hors intersection,Pluie légère,Sans collision,1,3,3,0,1,1,2,0,1,90,1,1,0,0,0,1,28.0,,voiture,,3,2,1,2,7
201900020212,2019-11-15 07:45:00,2019,11,15,7,45,13,13005,A50 - Sens Aubagne vers Marseille,43.2839,5.5851,Plein jour,Hors agglomération,Hors intersection,Normale,Trois véhicules et plus - collisions multiples,1,1,2,0,2,2,2,3,1,90,3,3,2,0,0,1,55.0,18.0,voiture,voiture,1,1,1,1,5
201900020213,2019-11-15 23:15:00,2019,11,15,23,15,42,42183,RN88,45.4016,4.3705,Nuit sans éclairage public,Hors agglomération,Hors intersection,Brouillard / fumée,Trois véhicules et plus - collisions multiples,2,3,4,0,2,2,7,2,1,90,3,4,1,0,0,3,23.0,30.0,utilitaire_camion,utilitaire_camion,3,1,1,5,5
201900020214,2019-11-16 10:45:00,2019,11,16,10,45,33,33039,ROCADE A 630,44.79553,-0.53899,Plein jour,Hors agglomération,Hors intersection,Temps couvert,Trois véhicules et plus - en chaîne,1,3,6,0,1,1,1,0,1,90,4,4,1,0,0,3,24.0,41.0,voiture,voiture,1,1,1,8,4
201900020215,2019-11-16 18:50:00,2019,11,16,18,50,91,91161,AUTOROUTE A6,48.69556,2.3179,Nuit sans éclairage public,Hors agglomération,Hors intersection,Normale,Trois véhicules et plus - en chaîne,1,3,6,0,1,1,1,0,1,110,4,4,3,0,0,1,20.0,21.0,utilitaire_camion,utilitaire_camion,3,1,1,1,4
201900020216,2019-11-16 13:00:00,2019,11,16,13,0,92,92025,A86,48.9273991,2.2373651,Plein jour,Hors agglomération,Hors intersection,Normale,Trois véhicules et plus - en chaîne,1,1,2,0,1,1,1,0,1,90,3,4,3,0,0,1,23.0,35.0,voiture,voiture,1,1,1,1,4
201900020217,2019-11-15 21:10:00,2019,11,15,21,10,92,92050,A14,48.8950961,2.2281505,Nuit avec éclairage allumé,Hors agglomération,Hors intersection,Pluie légère,Autre collision,1,1,1,0,1,3,1,1,6,50,1,2,0,0,0,2,23.0,,voiture,,5,1,1,2,6
201900020218,2019-11-15 18:40:00,2019,11,15,18,40,78,78140,A13,48.96627,1.922757,Nuit avec éclairage allumé,Hors agglomération,Hors intersection,Normale,Deux véhicules - arrière,1,1,3,0,1,1,2,0,1,130,2,2,1,0,0,1,25.0,26.0,voiture,voiture,5,1,1,1,2
201900020219,2019-01-07 10:40:00,2019,1,7,10,40,92,92050,CLEMENCEAU GEORGES AVENUE N° PAIR,48.8858091,2.2178571,Plein jour,En agglomération,Autre intersection,Normale,Autre collision,3,1,1,0,1,1,1,0,1,50,1,2,1,0,0,1,31.0,,voiture,,1,2,9,1,6
201900020220,2019-03-16 10:55:00,2019,3,16,10,55,92,92049,BARBES RUE,48.81707,2.33143,Plein jour,En agglomération,Intersection en T,Normale,Deux véhicules - côté,3,2,2,0,1,1,1,0,1,50,2,3,2,0,0,1,44.0,57.0,voiture,voiture,1,2,3,1,3
201900020221,2019-03-15 16:45:00,2019,3,15,16,45,92,92020,GAY-LUSSAC RUE N° IMPAIRS,48.80537,2.28064,Plein jour,En agglomération,Hors intersection,Temps couvert,Deux véhicules - arrière,4,2,2,0,1,1,1,0,1,50,2,2,1,0,0,1,37.0,,voiture,,1,2,1,8,2
201900020222,2019-03-12 17:50:00,2019,3,12,17,50,92,92035,Europe ( rond point de l' ),48.90521,2.2557,Crépuscule ou aube,En agglomération,Autre intersection,Pluie légère,Deux véhicules - côté,4,1,2,1,1,3,2,0,1,50,2,2,1,0,0,1,58.0,27.0,voiture,deux_roues,2,2,9,2,3
201900020223,2019-03-15 18:52:00,2019,3,15,18,52,92,92026,VERDUN (DE 01 A 61),48.90042,2.26079,Nuit avec éclairage allumé,En agglomération,Intersection en X,Normale,Deux véhicules - côté,3,2,5,3,1,1,1,0,1,50,2,2,1,0,0,1,38.0,38.0,utilitaire_camion,deux_roues,5,2,2,1,3
201900020224,2019-02-05 07:30:00,2019,2,5,7,30,92,92025,CHARLES DE GAULLE (BD),48.9244,2.263,Plein jour,En agglomération,Hors intersection,Normale,Deux véhicules - côté,3,1,0,0,1,1,1,0,1,50,2,2,1,0,0,1,56.0,42.0,utilitaire_camion,voiture,1,2,1,1,3
201900020225,2019-03-12 12:50:00,2019,3,12,12,50,92,92024,MARTRE DE (4 A 54),48.9008938,2.3080328,Plein jour,En agglomération,Intersection en X,Normale,Deux véhicules - côté,3,1,3,3,1,1,1,0,1,50,2,2,1,0,1,0,32.0,43.0,deux_roues,voiture,1,2,2,1,3
201900020226,2019-03-12 08:30:00,2019,3,12,8,30,92,92024,DAGOBERT (RUE),48.90403,2.304186,Plein jour,En agglomération,Hors intersection,Normale,Autre collision,4,1,1,0,1,1,1,0,1,30,1,2,1,0,0,1,38.0,,voiture,,1,2,1,1,6
201900020227,2019-03-08 20:45:00,2019,3,8,20,45,92,92024,HENRI BARBUSSE (RUE) DE (73 A 139),48.9004,2.30689,Nuit avec éclairage allumé,En agglomération,Hors intersection,Normale,Deux véhicules - côté,3,2,2,0,1,1,1,0,1,50,2,2,1,0,0,1,23.0,59.0,deux_roues,voiture,5,2,1,1,3
201900020228,2019-03-15 16:30:00,2019,3,15,16,30,92,92012,SILLY (RUE DE) 1/87 - 2/88,48.836,2.23237,Plein jour,En agglomération,Hors intersection,Normale,Deux véhicules - côté,7,-1,2,0,1,1,1,0,1,50,2,3,2,0,0,1,38.0,29.0,deux_roues,voiture,1,2,1,1,3
201900020229,2019-01-18 08:45:00,2019,1,18,8,45,92,92012,PONT DE SEVRES (ROND POINT DU),48.8298767,2.2307485,Plein jour,En agglomération,Hors intersection,Temps couvert,Autre collision,3,1,3,0,1,2,2,0,1,50,1,3,1,0,0,2,32.0,,voiture,,1,2,1,8,6
201900020230,2019-03-15 17:35:00,2019,3,15,17,35,92,92007,DE GAULLE (AVENUE CHARLES),48.797711,2.296885,Plein jour,En agglomération,Autre intersection,Normale,Deux véhicules - côté,4,2,1,0,1,1,1,0,1,50,2,2,1,0,0,1,84.0,30.0,voiture,deux_roues,1,2,9,1,3
201900020231,2019-03-15 14:30:00,2019,3,15,14,30,92,92014,PORT GALAND (RUE DU)/ GENERAL LECLERC (AV.) (57 A 135 - 50 A 1,48.7880278,2.318623,Plein jour,En agglomération,Intersection en T,Normale,Autre collision,3,3,6,0,1,1,1,0,1,50,2,2,1,0,0,1,59.0,52.0,deux_roues,utilitaire_camion,1,2,3,1,6
201900020232,2019-03-15 15:32:00,2019,3,15,15,32,92,92002,ARISTIDE BRIAND (AVENUE),48.7604077,2.307754,Plein jour,En agglomération,Intersection en T,Normale,Autre collision,3,3,4,1,1,1,1,0,1,50,1,4,3,0,1,0,39.0,,transport_commun,,1,2,3,1,6
201900020233,2019-03-16 10:45:00,2019,3,16,10,45,12,12300,RD922,44.331344,2.031258,Plein jour,Hors agglomération,Hors intersection,Temps couvert,Autre collision,3,2,2,0,2,1,1,0,3,80,1,1,0,0,1,0,84.0,,voiture,,1,1,1,8,6
201900020234,2019-03-16 16:30:00,2019,3,16,16,30,83,83003, RD 49 - PK 3+400,43.606037,6.381394,Plein jour,Hors agglomération,Hors intersection,Normale,Autre collision,3,2,2,0,2,2,1,0,3,70,1,1,0,0,1,0,29.0,,deux_roues,,1,1,1,1,6
201900020235,2019-03-16 12:50:00,2019,3,16,12,50,52,52535,RD65,48.107078,5.076131,Plein jour,Hors agglomération,Intersection en T,Temps couvert,Deux véhicules - côté,3,2,2,0,1,1,1,0,1,80,2,2,1,0,0,1,92.0,53.0,voiture,voiture,1,1,3,8,3
201900020236,2019-03-15 13:35:00,2019,3,15,13,35,7,07167,"RD 120, PR 016.200",44.810566,4.632621,Plein jour,Hors agglomération,Hors intersection,Temps couvert,Deux véhicules - côté,3,2,2,0,1,1,1,0,1,70,2,2,1,1,0,0,69.0,61.0,deux_roues,utilitaire_camion,1,1,1,8,3
201900020237,2019-03-13 05:30:00,2019,3,13,5,30,972,97203,D10,14.867452,-61.127766,Crépuscule ou aube,Hors agglomération,Hors intersection,Normale,Deux véhicules - frontale,3,2,2,0,1,1,1,0,1,80,2,2,1,0,1,0,47.0,33.0,voiture,deux_roues,2,1,1,1,1
201900020238,2019-02-27 06:11:00,2019,2,27,6,11,68,68253,route départementale 52,47.78958,7.522027,Nuit avec éclairage allumé,Hors agglomération,Intersection en T,Normale,Deux véhicules - côté,3,2,2,1,1,1,1,0,1,70,2,2,1,0,1,0,65.0,32.0,deux_roues,utilitaire_camion,5,1,3,1,3
201900020239,2019-03-13 12:59:00,2019,3,13,12,59,62,62654,route de calais,50.915299,1.784181,Plein jour,En agglomération,Intersection en T,Vent fort / tempête,Deux véhicules - côté,3,2,2,0,2,1,1,2,1,80,2,2,1,0,1,0,82.0,18.0,voiture,deux_roues,1,2,3,6,3
201900020240,2019-03-17 06:15:00,2019,3,17,6,15,38,38084,RD1085,45.34198,5.526287,Crépuscule ou aube,Hors agglomération,Hors intersection,Normale,Sans collision,3,3,4,0,2,3,1,0,3,70,1,1,0,0,0,1,22.0,,voiture,,2,1,1,1,7
201900020241,2019-03-15 20:30:00,2019,3,15,20,30,26,26094,35 route du pilon,45.18069,4.929841,Nuit avec éclairage allumé,En agglomération,Hors intersection,Normale,Autre collision,3,2,2,0,1,1,2,0,1,30,1,4,1,0,1,2,19.0,,voiture,,5,2,1,1,6
201900020242,2019-03-15 18:45:00,2019,3,15,18,45,978,97801,rue ground dove,17.85329,-63.325196,Nuit sans éclairage public,En agglomération,Hors intersection,Normale,Deux véhicules - frontale,4,2,2,0,1,1,1,0,1,30,2,3,2,0,1,0,17.0,55.0,deux_roues,utilitaire_camion,3,2,1,1,1
201900020243,2019-03-15 19:25:00,2019,3,15,19,25,85,85017,D23,46.90814,-1.1056,Nuit sans éclairage public,Hors agglomération,Hors intersection,Pluie légère,Deux véhicules - frontale,3,2,2,0,1,1,2,0,1,80,2,2,0,0,2,0,25.0,22.0,voiture,voiture,3,1,1,2,1
201900020244,2019-03-15 21:45:00,2019,3,15,21,45,50,50393,Place cardinal grente,48.916778,-1.190039,Nuit avec éclairage allumé,En agglomération,Hors intersection,Normale,Deux véhicules - côté,4,2,2,0,4,1,2,0,1,50,2,2,1,0,0,1,18.0,25.0,deux_roues,voiture,5,2,1,1,3
201900020245,2019-03-17 14:50:00,2019,3,17,14,50,61,61464,A 28 pk 177.650,48.595549,0.190866,Plein jour,Hors agglomération,Hors intersection,Neige / grêle,Trois véhicules et plus - en chaîne,1,3,4,0,1,1,9,0,1,130,3,4,3,0,1,0,44.0,47.0,voiture,voiture,1,1,1,4,4
201900020246,2019-03-17 15:00:00,2019,3,17,15,0,61,61464,Autoroute A28,48.624824,0.192809,Plein jour,Hors agglomération,Hors intersection,Neige / grêle,Sans collision,1,3,4,0,1,1,2,0,8,130,1,2,1,0,0,1,21.0,,voiture,,1,1,1,4,7
201900020247,2019-03-15 11:40:00,2019,3,15,11,40,57,57038,RD16,49.437961,5.948554,Plein jour,Hors agglomération,Hors intersection,Pluie forte,Deux véhicules - frontale,3,2,2,0,1,1,2,0,1,80,2,3,0,0,3,0,22.0,22.0,voiture,voiture,1,1,1,3,1
201900020248,2019-03-15 08:30:00,2019,3,15,8,30,56,56179,Route de Kermérien,47.806293,-3.404654,Plein jour,Hors agglomération,Hors intersection,Normale,Deux véhicules - frontale,4,2,2,0,1,3,1,0,1,80,2,2,0,0,1,1,41.0,51.0,voiture,voiture,1,1,1,1,1
201900020249,2019-03-15 17:40:00,2019,3,15,17,40,74,74075,Route de Serasson,45.999839,5.963038,Crépuscule ou aube,Hors agglomération,Hors intersection,Pluie légère,Autre collision,3,2,2,0,2,3,2,0,8,80,1,1,0,0,1,0,66.0,,voiture,,2,1,1,2,6
201900020250,2019-02-28 18:45:00,2019,2,28,18,45,33,33036,chemin des princes,44.444792,-0.240605,Plein jour,Hors agglomération,Hors intersection,Normale,Deux véhicules - frontale,4,2,2,0,1,1,1,0,1,50,2,3,1,0,0,2,31.0,26.0,voiture,voiture,1,1,1,1,1
201900020251,2019-03-16 16:26:00,2019,3,16,16,26,81,81220,Loustalneou,43.835915,1.751809,Plein jour,Hors agglomération,Hors intersection,Normale,Deux véhicules - arrière,3,2,2,0,1,1,1,0,1,80,2,3,2,0,1,0,44.0,35.0,voiture,deux_roues,1,1,1,1,2
201900020252,2019-03-16 04:45:00,2019,3,16,4,45,32,32119,lieu dit st amand,43.848888,0.129371,Nuit sans éclairage public,Hors agglomération,Hors intersection,Normale,Autre collision,3,2,2,0,4,2,1,0,3,80,1,1,0,1,0,0,44.0,,voiture,,3,1,1,1,6
201900020253,2019-03-14 16:50:00,2019,3,14,16,50,71,71194,route départementale 155,46.843362,4.804041,Plein jour,Hors agglomération,Hors intersection,Pluie légère,Sans collision,3,2,2,0,1,1,2,0,3,80,1,1,0,0,1,0,39.0,,voiture,,1,1,1,2,7
201900020254,2019-03-16 07:40:00,2019,3,16,7,40,71,71373,PK 17+800 RD 975,46.512373,5.048954,Plein jour,Hors agglomération,Hors intersection,Normale,Deux véhicules - arrière,3,2,2,0,1,1,1,0,1,80,2,2,0,0,1,1,58.0,52.0,voiture,deux_roues,1,1,1,1,2
201900020255,2019-03-17 16:20:00,2019,3,17,16,20,71,71073,ROUTE DE GIVRY,46.88846,4.752328,Plein jour,Hors agglomération,Hors intersection,Normale,Deux véhicules - frontale,3,2,2,0,1,1,1,0,1,80,2,3,1,0,0,2,64.0,43.0,voiture,voiture,1,1,1,1,1
201900020256,2019-03-14 12:10:00,2019,3,14,12,10,71,71543,Lieu-dit En Baraban - route MONTPLAISIR,46.577952,4.90279,Plein jour,En agglomération,Hors intersection,Pluie légère,Deux véhicules - frontale,4,2,2,0,1,2,2,0,1,50,2,2,1,0,0,1,24.0,39.0,voiture,voiture,1,2,1,2,1
201900020257,2019-03-14 19:30:00,2019,3,14,19,30,89,89449,D606,48.3320423,3.098094,Nuit sans éclairage public,Hors agglomération,Intersection en X,Pluie légère,Deux véhicules - côté,3,2,2,0,1,1,2,0,1,80,2,2,1,0,0,1,52.0,37.0,voiture,voiture,3,1,2,2,3
201900020258,2019-03-16 20:10:00,2019,3,16,20,10,63,63118,RD 941,45.8591873,2.5827839,Nuit sans éclairage public,Hors agglomération,Intersection en T,Normale,Deux véhicules - côté,3,3,2,0,1,1,1,5,1,80,2,2,1,0,0,1,62.0,20.0,voiture,voiture,3,1,3,1,3
201900020259,2019-03-15 00:00:00,2019,3,15,0,0,49,49176,"lieu-dit ""la Plançonnière""",47.6203776,-0.7357074,Nuit sans éclairage public,Hors agglomération,Hors intersection,Normale,Autre collision,3,2,2,0,1,1,1,0,8,80,1,1,0,0,1,0,28.0,,voiture,,3,1,1,1,6
201900020260,2019-03-16 18:45:00,2019,3,16,18,45,12,12286,RD 999 PK 69+500,43.927018,2.821569,Plein jour,Hors agglomération,Hors intersection,Normale,Trois véhicules et plus - collisions multiples,3,2,2,0,1,3,1,0,1,80,3,8,0,1,2,5,19.0,34.0,voiture,voiture,1,1,1,1,5
201900020261,2019-03-15 15:16:00,2019,3,15,15,16,1,01034,avenue du 19 mars 1962,45.74574,5.681276,Plein jour,Hors agglomération,Intersection en T,Pluie légère,Deux véhicules - côté,3,2,2,0,2,2,2,5,1,70,2,3,2,0,0,1,72.0,32.0,voiture,utilitaire_camion,1,1,3,2,3
201900020262,2019-03-16 15:45:00,2019,3,16,15,45,42,42276,Le Vernois,45.97166,3.717658,Plein jour,Hors agglomération,Hors intersection,Normale,Autre collision,3,2,2,0,2,2,1,0,3,80,3,3,1,0,2,0,56.0,30.0,deux_roues,deux_roues,1,1,1,1,6
201900020263,2019-03-15 21:15:00,2019,3,15,21,15,47,47252,D911 L,44.397257,0.588996,Nuit avec éclairage allumé,En agglomération,Giratoire,Normale,Autre collision,3,2,2,0,1,3,1,0,1,70,1,2,0,0,2,0,39.0,,voiture,,5,2,6,1,6
201900020264,2019-03-15 17:30:00,2019,3,15,17,30,47,47265,D133,44.4891518,0.6017898,Plein jour,En agglomération,Intersection en Y,Normale,Autre collision,3,2,2,0,4,2,1,0,1,-1,1,1,0,0,1,0,,,,,1,2,4,1,6
201900020265,2019-03-16 17:40:00,2019,3,16,17,40,39,39439,,46.980344,5.810829,Crépuscule ou aube,En agglomération,Intersection en Y,Normale,Deux véhicules - côté,3,2,2,0,1,3,1,0,1,50,2,3,1,0,1,1,71.0,25.0,voiture,deux_roues,2,2,4,1,3
201900020266,2019-03-15 19:10:00,2019,3,15,19,10,25,25315,avenue du Maréchal de Lattre de Tassigny,47.449778,6.580923,Nuit avec éclairage allumé,En agglomération,Hors intersection,Normale,Autre collision,3,2,2,0,1,1,2,9,1,50,1,3,1,0,1,1,59.0,,voiture,,5,2,1,1,6
201900020267,2019-03-16 23:01:00,2019,3,16,23,1,35,35098,D57,47.752141,-1.701769,Nuit sans éclairage public,Hors agglomération,Hors intersection,Normale,Deux véhicules - frontale,3,2,2,0,1,1,1,0,1,80,2,2,1,0,0,1,20.0,28.0,voiture,deux_roues,3,1,1,1,1
201900020268,2019-03-15 18:00:00,2019,3,15,18,0,29,29272,Résidence du Bois de Pleuven,47.954415,-3.955903,Plein jour,Hors agglomération,Intersection en T,Temps couvert,Deux véhicules - frontale,4,2,2,0,1,1,1,0,1,70,2,2,1,0,0,1,24.0,63.0,voiture,voiture,1,1,3,8,1
201900020269,2019-03-16 20:30:00,2019,3,16,20,30,29,29193,D 69,48.5522083,-4.0585628,Nuit sans éclairage public,Hors agglomération,Hors intersection,Pluie forte,Trois véhicules et plus - collisions multiples,3,2,2,0,1,1,2,0,1,80,3,3,1,0,1,1,22.0,60.0,voiture,voiture,3,1,1,3,5
201900020270,2019-03-15 08:10:00,2019,3,15,8,10,29,29201,565 rue de Kerhornou,48.4055332,-4.7650386,Plein jour,En agglomération,Hors intersection,Temps couvert,Sans collision,4,2,2,0,2,1,1,0,8,50,1,1,0,0,1,0,72.0,,voiture,,1,2,1,8,7
201900020271,2019-03-16 17:15:00,2019,3,16,17,15,31,31424,22 rue de Taure,43.565192,1.296042,Plein jour,En agglomération,Hors intersection,Normale,Autre collision,7,2,2,0,1,1,1,0,3,45,1,1,0,0,1,0,31.0,,deux_roues,,1,2,1,1,6
201900020272,2019-03-16 00:30:00,2019,3,16,0,30,31,31407,17 Route des Crêtes,43.743205,1.563625,Nuit sans éclairage public,Hors agglomération,Hors intersection,Normale,Autre collision,3,2,2,0,1,2,1,0,8,70,1,2,0,0,2,0,38.0,,voiture,,3,1,1,1,6
201900020273,2019-03-17 07:15:00,2019,3,17,7,15,38,38211,D518,45.45838,5.17863,Plein jour,En agglomération,Hors intersection,Normale,Deux véhicules - frontale,3,2,2,0,1,3,1,0,1,70,2,2,0,0,2,0,84.0,21.0,voiture,voiture,1,2,1,1,1
201900020274,2019-03-15 09:30:00,2019,3,15,9,30,38,38315,chemin de Clermont,45.537813,5.640796,Plein jour,En agglomération,Intersection en T,Pluie légère,Deux véhicules - côté,4,2,2,0,1,1,2,0,1,50,2,2,1,0,1,0,15.0,64.0,deux_roues,voiture,1,2,3,2,3
201900020275,2019-03-16 18:15:00,2019,3,16,18,15,84,84051,d900,43.863261,5.242878,Plein jour,Hors agglomération,Hors intersection,Normale,Autre collision,3,1,1,0,1,3,1,0,1,80,1,1,0,0,1,0,34.0,,deux_roues,,1,1,1,1,6
201900020276,2019-03-15 12:50:00,2019,3,15,12,50,3,03297,13 route de Nassigny,46.5328542,2.6086136,Plein jour,En agglomération,Hors intersection,Normale,Autre collision,3,2,2,0,1,1,1,0,4,50,1,2,1,0,1,0,45.0,,voiture,,1,2,1,1,6
201900020277,2019-03-16 19:20:00,2019,3,16,19,20,1,01229,Chemin de Chez Callet,46.334267,5.159069,Nuit sans éclairage public,Hors agglomération,Intersection en T,Normale,Deux véhicules - frontale,3,-1,2,0,1,1,1,0,1,80,2,2,1,0,1,0,35.0,17.0,voiture,deux_roues,3,1,3,1,1
201900020278,2019-03-16 15:53:00,2019,3,16,15,53,1,01319,Chapollard,46.099514,4.931028,Plein jour,Hors agglomération,Hors intersection,Normale,Trois véhicules et plus - collisions multiples,3,2,2,0,4,1,1,0,1,-1,3,3,1,1,1,0,32.0,56.0,voiture,utilitaire_camion,1,1,1,1,5
201900020279,2019-03-15 11:50:00,2019,3,15,11,50,1,01457,Route de Neuville les Dames,46.191894,4.996507,Plein jour,Hors agglomération,Hors intersection,Pluie légère,Deux véhicules - frontale,3,2,2,0,1,3,2,0,1,80,2,2,0,0,2,0,48.0,19.0,voiture,voiture,1,1,1,2,1
201900020280,2019-03-15 21:30:00,2019,3,15,21,30,70,70245,avenue des chavannes,47.887275,6.387858,Nuit sans éclairage public,En agglomération,Hors intersection,Normale,Autre collision,3,2,2,0,4,2,1,0,1,80,1,2,1,0,1,0,21.0,,voiture,,3,2,1,1,6
201900020281,2019-03-16 03:00:00,2019,3,16,3,0,26,26118,1523 Route de Lapeyrouse Mornay,45.310902,4.94562,Nuit sans éclairage public,Hors agglomération,Hors intersection,Normale,Autre collision,3,2,2,0,1,1,9,0,1,50,1,4,0,0,4,0,18.0,,voiture,,3,1,1,1,6
201900020282,2019-03-14 19:20:00,2019,3,14,19,20,54,54157,"35, Avenue du Général De Gaulle",48.842867,6.069243,Nuit avec éclairage allumé,En agglomération,Hors intersection,Pluie forte,Sans collision,3,2,2,0,1,1,2,0,1,50,1,2,1,0,0,1,28.0,,voiture,,5,2,1,3,7
201900020283,2019-03-16 16:50:00,2019,3,16,16,50,72,72180,Avenue Louis Legros,48.350061,0.379359,Plein jour,En agglomération,Hors intersection,Normale,Autre collision,4,2,2,0,3,1,1,0,1,50,1,2,1,0,0,1,78.0,,voiture,,1,2,1,1,6
201900020284,2019-03-05 06:30:00,2019,3,5,6,30,6,06032,64 avenue du trois septembre,43.722322,7.405598,Crépuscule ou aube,En agglomération,Hors intersection,Normale,Deux véhicules - côté,3,2,2,0,1,1,1,0,1,30,2,2,1,0,0,1,69.0,28.0,voiture,deux_roues,2,2,1,1,3
201900020285,2019-03-16 18:00:00,2019,3,16,18,0,50,50049,ROUTE DE LA FORET -D 130,49.385371,-1.638598,Plein jour,Hors agglomération,Hors intersection,Normale,Sans collision,3,2,2,0,1,1,1,0,1,80,1,1,0,0,1,0,49.0,,voiture,,1,1,1,1,7
201900020286,2019-03-15 08:00:00,2019,3,15,8,0,50,50049,route de saint sauveur,49.374349,-1.597442,Plein jour,Hors agglomération,Hors intersection,Normale,Autre collision,3,2,2,0,1,1,1,0,3,80,1,2,1,0,1,0,30.0,,voiture,,1,1,1,1,6
201900020287,2019-03-16 14:00:00,2019,3,16,14,0,83,83002,,43.776527,6.22141,Plein jour,Hors agglomération,Hors intersection,Normale,Deux véhicules - côté,3,2,2,0,2,2,1,0,1,80,2,2,1,0,1,0,68.0,38.0,deux_roues,voiture,1,1,1,1,3
201900020288,2019-03-13 22:30:00,2019,3,13,22,30,60,60456,137 rue de Paris,49.4805654,2.5787188,Nuit avec éclairage allumé,En agglomération,Intersection en X,Normale,Deux véhicules - côté,3,2,2,0,1,1,1,0,1,50,2,2,1,0,0,1,55.0,23.0,voiture,voiture,5,2,2,1,3