accident_id,datetime,annee,mois,jour,heure,minute,departement,commune_insee,adresse,latitude,longitude,luminosite,agglomeration,intersection,meteo,collision,catr,circ,nbv,vosp,prof,plan,surf,infra,situ,vma,nb_vehicules,nb_usagers,nb_indemnes,nb_tues,nb_blesses_hosp,nb_blesses_legers,age_cond_1,age_cond_2,veh_type_cond_1,veh_type_cond_2,lum_code,agg_code,int_code,atm_code,col_code
201900020289,2019-03-16 22:10:00,2019,3,16,22,10,45,45300,R CASIMIR TOLLET,47.84399,2.034099,Nuit sans éclairage public,En agglomération,Giratoire,Normale,Autre collision,4,1,1,0,2,1,1,0,4,50,1,5,1,0,1,3,59.0,,voiture,,3,2,6,1,6
201900020290,2019-03-17 13:00:00,2019,3,17,13,0,73,73216,Lac de Rognaix,45.5807487,6.4546741,Plein jour,Hors agglomération,Hors intersection,Normale,Autre collision,4,2,2,0,1,2,1,0,3,50,1,1,0,0,1,0,37.0,,voiture,,1,1,1,1,6
201900020291,2019-03-17 09:00:00,2019,3,17,9,0,73,73154,D104 route du Crozet,45.6867519,6.3680461,Plein jour,Hors agglomération,Hors intersection,Normale,Autre collision,3,2,2,0,2,3,1,0,3,80,1,1,0,0,1,0,33.0,,voiture,,1,1,1,1,6
201900020292,2019-03-16 01:15:00,2019,3,16,1,15,18,18197,193 avenue de Meillant,46.738517,2.501925,Nuit avec éclairage allumé,En agglomération,Hors intersection,Temps couvert,Autre collision,3,2,2,0,2,3,1,0,3,50,1,1,0,0,1,0,41.0,,voiture,,5,2,1,8,6
201900020293,2019-03-14 15:20:00,2019,3,14,15,20,43,43010,Route du Puy,45.008899,3.950196,Plein jour,Hors agglomération,Hors intersection,Normale,Deux véhicules - arrière,3,2,2,0,2,1,1,0,1,80,2,2,0,0,1,1,88.0,21.0,voiture,utilitaire_camion,1,1,1,1,2
201900020294,2019-03-16 16:10:00,2019,3,16,16,10,10,10013,RD 25,48.184007,4.05463,Plein jour,Hors agglomération,Intersection en T,Normale,Deux véhicules - arrière,3,2,2,0,1,1,1,0,1,80,2,2,1,0,1,0,87.0,73.0,voiture,deux_roues,1,1,3,1,2
201900020295,2019-03-16 20:55:00,2019,3,16,20,55,16,16085,route d'Yvrac,45.81938,0.4483784,Nuit avec éclairage allumé,En agglomération,Intersection en T,Normale,Autre collision,3,2,2,0,2,2,1,5,4,50,1,1,0,0,0,1,75.0,,deux_roues,,5,2,3,1,6
201900020296,2019-03-14 09:05:00,2019,3,14,9,5,16,16245,Lieu-dit La Bauche,45.878675,0.500748,Plein jour,Hors agglomération,Intersection en T,Normale,Trois véhicules et plus - collisions multiples,2,2,2,0,2,1,1,0,1,70,3,3,2,0,0,1,58.0,70.0,voiture,voiture,1,1,3,1,5
201900020297,2019-03-16 18:15:00,2019,3,16,18,15,7,07212,"RD 9, PK12+300",45.092293,4.395561,Plein jour,Hors agglomération,Hors intersection,Normale,Autre collision,3,2,2,0,1,3,1,0,1,80,1,1,0,0,1,0,49.0,,deux_roues,,1,1,1,1,6
201900020298,2019-03-15 12:25:00,2019,3,15,12,25,40,40312,D85,43.529644,-1.420952,Plein jour,Hors agglomération,Hors intersection,Pluie légère,Deux véhicules - frontale,3,2,2,0,1,1,2,0,1,80,2,2,1,1,0,0,21.0,39.0,deux_roues,voiture,1,1,1,2,1
201900020299,2019-03-15 13:01:00,2019,3,15,13,1,4,04170,RD10,43.916435,6.82066,Plein jour,Hors agglomération,Hors intersection,Normale,Deux véhicules - frontale,3,2,2,0,2,3,1,0,1,80,2,2,1,0,0,1,33.0,28.0,voiture,voiture,1,1,1,1,1
201900020300,2019-03-16 19:00:00,2019,3,16,19,0,85,85288,63 Avenue des Sables,46.46714,-1.62633,Crépuscule ou aube,En agglomération,Hors intersection,Normale,Deux véhicules - côté,4,2,2,0,3,1,1,0,1,50,2,3,1,0,1,1,14.0,44.0,deux_roues,voiture,2,2,1,1,3
201900020301,2019-03-16 17:55:00,2019,3,16,17,55,27,27515,route départementale 34,49.047265,0.682903,Plein jour,Hors agglomération,Hors intersection,Normale,Deux véhicules - frontale,3,2,2,0,1,1,1,0,1,80,2,4,2,0,1,1,43.0,52.0,voiture,voiture,1,1,1,1,1
201900020302,2019-03-15 14:00:00,2019,3,15,14,0,17,17347,117 Faubourg D'Aunis,45.950044,-0.531273,Plein jour,En agglomération,Intersection en T,Normale,Deux véhicules - côté,3,2,2,0,1,1,1,5,1,50,2,2,1,0,1,0,75.0,50.0,voiture,voiture,1,2,3,1,3
201900020303,2019-03-16 17:30:00,2019,3,16,17,30,17,17032,RD 266,46.044125,-0.973281,Plein jour,Hors agglomération,Hors intersection,Normale,Autre collision,3,2,2,0,1,2,1,0,8,80,1,1,0,0,1,0,20.0,,voiture,,1,1,1,1,6
201900020304,2019-03-17 07:30:00,2019,3,17,7,30,37,37002,bois de la motte - départementale 3,47.464573,0.424219,Crépuscule ou aube,Hors agglomération,Hors intersection,Normale,Autre collision,3,2,1,0,1,4,2,0,3,80,1,1,0,1,0,0,22.0,,voiture,,2,1,1,1,6
201900020305,2019-03-12 11:00:00,2019,3,12,11,0,30,30089,Intersection D2 - D 986L,43.841829,4.619072,Plein jour,Hors agglomération,Intersection en T,Normale,Deux véhicules - côté,3,2,2,0,1,1,1,9,1,50,2,2,1,0,1,0,71.0,23.0,deux_roues,voiture,1,1,3,1,3
201900020306,2019-03-15 22:30:00,2019,3,15,22,30,38,38565,A49 PR 0+800,45.29701,5.62003,Nuit sans éclairage public,Hors agglomération,Hors intersection,Pluie légère,Deux véhicules - frontale,1,1,2,0,2,3,2,3,1,110,2,4,3,0,1,0,34.0,21.0,voiture,voiture,3,1,1,2,1
201900020307,2019-03-16 18:40:00,2019,3,16,18,40,13,13051,D15,43.613518,5.138702,Crépuscule ou aube,Hors agglomération,Intersection en T,Normale,Deux véhicules - frontale,3,2,2,0,2,1,1,0,1,80,2,2,0,0,1,1,33.0,77.0,voiture,voiture,2,1,3,1,1
201900020308,2019-03-15 18:30:00,2019,3,15,18,30,13,13051,D10,43.546515,5.148676,Crépuscule ou aube,Hors agglomération,Intersection en X,Normale,Deux véhicules - frontale,3,2,2,0,1,1,1,0,1,80,2,2,1,0,0,1,50.0,33.0,deux_roues,voiture,2,1,2,1,1
201900020309,2019-03-16 05:30:00,2019,3,16,5,30,973,97309,la matourienne,4.8788038,-52.2956085,Nuit sans éclairage public,En agglomération,Hors intersection,Normale,Deux véhicules - arrière,3,2,2,0,1,1,1,0,3,80,2,2,1,0,1,0,58.0,19.0,deux_roues,voiture,3,2,1,1,2
201900020310,2019-03-16 01:50:00,2019,3,16,1,50,6,06152,Route de Cannes,43.629585,6.999841,Nuit avec éclairage allumé,En agglomération,Hors intersection,Normale,Autre collision,3,2,2,0,1,1,1,0,4,30,1,1,0,0,1,0,37.0,,deux_roues,,5,2,1,1,6
201900020311,2019-03-15 17:09:00,2019,3,15,17,9,9,09185,AUTOROUTE A66 - 27+600 - Sens PAMIERS/TOULOUSE,43.227712,1.638763,Plein jour,Hors agglomération,Hors intersection,Normale,Autre collision,1,3,2,0,1,1,1,0,3,130,1,5,0,1,3,1,29.0,,voiture,,1,1,1,1,6
201900020312,2019-03-13 17:50:00,2019,3,13,17,50,6,06088,"A8, PK 199+000 sens NORD",43.731921,7.276572,Nuit avec éclairage allumé,Hors agglomération,Hors intersection,Normale,Deux véhicules - côté,1,1,5,0,1,1,1,1,1,90,2,2,1,0,0,1,29.0,28.0,deux_roues,voiture,5,1,1,1,3
201900020313,2019-03-15 06:15:00,2019,3,15,6,15,971,97103,c16,16.27235,-61.580881,Crépuscule ou aube,En agglomération,Hors intersection,Normale,Autre collision,4,2,2,0,2,2,1,0,1,50,2,2,1,0,0,1,55.0,65.0,deux_roues,voiture,2,2,1,1,6
201900020314,2019-03-15 19:45:00,2019,3,15,19,45,28,28092,Autoroute 10,48.343806,1.869376,Nuit sans éclairage public,Hors agglomération,Hors intersection,Vent fort / tempête,Deux véhicules - frontale,1,1,5,0,1,1,1,0,1,130,2,3,1,0,1,1,41.0,64.0,utilitaire_camion,utilitaire_camion,3,1,1,6,1
201900020315,2019-01-22 18:45:00,2019,1,22,18,45,988,98802,RT1 SENS LA FOA / BOULOUPARIS - PK 86+100,-21.85791,165.94824,Nuit sans éclairage public,Hors agglomération,Hors intersection,Normale,Autre collision,2,2,2,0,2,2,1,0,1,110,1,1,0,0,1,0,31.0,,voiture,,3,1,1,1,6
201900020316,2019-03-17 12:45:00,2019,3,17,12,45,974,97417,Route Nationale 2 Mare Longue,-21.364774,55.752517,Plein jour,En agglomération,Hors intersection,Normale,Deux véhicules - côté,2,2,2,0,1,1,1,0,1,30,2,2,0,0,0,2,28.0,33.0,deux_roues,deux_roues,1,2,1,1,3
201900020317,2019-03-14 18:00:00,2019,3,14,18,0,974,97415,Route Nationale 1,-21.015802,55.264695,Plein jour,Hors agglomération,Hors intersection,Temps éblouissant,Trois véhicules et plus - en chaîne,2,3,4,3,2,2,1,2,1,90,3,3,2,0,1,0,30.0,30.0,deux_roues,voiture,1,1,1,7,4
201900020318,2019-03-15 00:10:00,2019,3,15,0,10,971,97128,CD 114 route de douville,16.247997,-61.369504,Nuit sans éclairage public,En agglomération,Hors intersection,Normale,Deux véhicules - frontale,3,2,2,0,2,1,1,0,1,80,2,2,0,0,0,2,23.0,24.0,voiture,voiture,3,2,1,1,1
201900020319,2019-03-12 11:40:00,2019,3,12,11,40,971,97111,RN2 PINAUD,16.311214,-61.780731,Plein jour,Hors agglomération,Intersection en Y,Normale,Autre collision,2,2,2,0,3,2,1,0,1,70,2,2,1,0,1,0,70.0,27.0,voiture,deux_roues,1,1,4,1,6
201900020320,2019-03-17 06:20:00,2019,3,17,6,20,972,97230,"route nationale 1, PK 25 + 100 la Crique",14.740453,-60.976183,Crépuscule ou aube,Hors agglomération,Hors intersection,Normale,Deux véhicules - frontale,2,2,2,0,2,1,1,0,1,70,2,2,0,0,1,1,26.0,56.0,voiture,voiture,2,1,1,1,1
201900020321,2019-03-17 05:15:00,2019,3,17,5,15,13,13033,Avenue de la Cote Bleue,43.357281,5.206728,Nuit avec éclairage allumé,En agglomération,Intersection en X,Normale,Autre collision,3,2,2,0,2,4,1,5,3,50,1,3,0,1,0,2,19.0,,voiture,,5,2,2,1,6
201900020322,2019-03-15 13:00:00,2019,3,15,13,0,28,28062,échangeur D21 / RN 12,48.759803,1.515173,Plein jour,Hors agglomération,Intersection en X,Normale,Sans collision,2,2,-1,-1,1,1,1,3,1,-1,1,1,0,0,1,0,43.0,,voiture,,1,1,2,1,7
201900020323,2019-03-16 18:50:00,2019,3,16,18,50,18,18207,Rue du commerce,46.992419,2.247379,Plein jour,En agglomération,Hors intersection,Normale,Autre collision,4,2,2,0,1,1,1,0,1,50,1,1,0,0,0,1,22.0,,deux_roues,,1,2,1,1,6
201900020324,2019-03-15 15:25:00,2019,3,15,15,25,77,77248,D89,48.91934,2.79299,Plein jour,Hors agglomération,Hors intersection,Normale,Sans collision,3,2,2,0,1,1,1,0,3,80,1,1,0,0,0,1,41.0,,deux_roues,,1,1,1,1,7
201900020325,2019-03-14 16:15:00,2019,3,14,16,15,78,78087,D988,48.613161,2.02428,Crépuscule ou aube,Hors agglomération,Hors intersection,Pluie forte,Sans collision,3,2,2,0,1,2,2,2,3,80,1,1,0,0,0,1,85.0,,voiture,,2,1,1,3,7
201900020326,2019-03-13 13:30:00,2019,3,13,13,30,2B,2B042,Chemin communal - Route des Vallons,42.561797,9.428954,Plein jour,Hors agglomération,Hors intersection,Normale,Autre collision,4,2,2,0,4,3,1,2,3,-1,1,2,0,0,0,2,31.0,,voiture,,1,1,1,1,6
201900020327,2019-03-13 16:45:00,2019,3,13,16,45,66,66017,rue du capcir,42.830055,3.036568,Plein jour,En agglomération,Giratoire,Normale,Autre collision,4,1,1,0,1,2,1,0,3,50,1,1,0,1,0,0,72.0,,voiture,,1,2,6,1,6
201900020328,2019-03-14 12:00:00,2019,3,14,12,0,34,34327,route de bannières,43.662589,3.965294,Plein jour,Hors agglomération,Hors intersection,Normale,Deux véhicules - côté,4,2,2,0,1,1,1,0,1,50,2,2,1,0,1,0,55.0,22.0,deux_roues,voiture,1,1,1,1,3
201900020329,2019-03-17 05:20:00,2019,3,17,5,20,84,84078,"Lieu dit les Massanes, route de BOLLENE",44.246748,4.729669,Nuit sans éclairage public,Hors agglomération,Hors intersection,Normale,Autre collision,3,2,2,0,1,1,1,9,3,70,1,1,0,1,0,0,39.0,,voiture,,3,1,1,1,6
201900020330,2019-03-17 15:50:00,2019,3,17,15,50,83,83107,Route Departementale 8,43.380281,6.674619,Plein jour,Hors agglomération,Hors intersection,Normale,Autre collision,3,2,2,0,2,3,1,0,3,80,1,1,0,1,0,0,27.0,,deux_roues,,1,1,1,1,6
201900020331,2019-03-15 21:45:00,2019,3,15,21,45,68,68051,12 rue de la gare,48.026849,7.101862,Nuit avec éclairage allumé,En agglomération,Hors intersection,Pluie légère,Sans collision,4,2,2,0,1,1,2,0,3,30,1,1,0,0,1,0,16.0,,deux_roues,,5,2,1,2,7
201900020332,2019-03-14 15:39:00,2019,3,14,15,39,67,67151,départementale 468,48.703917,7.891,Plein jour,Hors agglomération,Hors intersection,Pluie légère,Autre collision,3,2,2,0,1,1,2,0,3,80,1,2,1,0,1,0,63.0,,voiture,,1,1,1,2,6
201900020333,2019-03-16 13:55:00,2019,3,16,13,55,74,74056,Tunnel des Montets,45.921507,6.868477,Plein jour,Hors agglomération,Autre intersection,Normale,Sans collision,9,1,1,0,1,1,1,1,8,50,1,1,0,0,1,0,53.0,,deux_roues,,1,1,9,1,7
201900020334,2019-03-15 15:00:00,2019,3,15,15,0,73,73285,"D902, lieu-dit Le Breuil",45.6170714,6.8156679,Plein jour,Hors agglomération,Hors intersection,Normale,Deux véhicules - frontale,3,2,2,0,2,1,1,0,1,80,2,3,0,0,0,3,26.0,51.0,voiture,voiture,1,1,1,1,1
201900020335,2019-03-15 20:32:00,2019,3,15,20,32,73,73006,N90 - PR61,45.5457601,6.615782,Nuit sans éclairage public,Hors agglomération,Hors intersection,Pluie légère,Deux véhicules - côté,2,2,2,0,2,3,2,0,1,70,2,2,1,1,0,0,25.0,52.0,voiture,transport_commun,3,1,1,2,3
201900020336,2019-03-16 18:24:00,2019,3,16,18,24,73,73257,RD117,45.3309377,6.5317051,Nuit sans éclairage public,Hors agglomération,Hors intersection,Normale,Deux véhicules - frontale,3,2,2,0,2,3,1,0,1,80,2,2,1,1,0,0,35.0,59.0,voiture,transport_commun,3,1,1,1,1
201900020337,2019-03-17 02:45:00,2019,3,17,2,45,38,38401,Route de la Bourbre,45.56203,5.4303,Nuit sans éclairage public,En agglomération,Autre intersection,Normale,Autre collision,3,3,2,0,1,1,1,9,3,50,1,4,0,1,1,2,21.0,,voiture,,3,2,9,1,6
201900020338,2019-03-12 15:00:00,2019,3,12,15,0,26,26235,Boulevard Raoul Dautry,44.377279,4.695761,Plein jour,En agglomération,Hors intersection,Normale,Autre collision,4,1,1,3,1,3,1,6,1,50,1,2,1,0,1,0,65.0,,voiture,,1,2,1,1,6
201900020339,2019-03-15 17:56:00,2019,3,15,17,56,1,01275,157 bis route de Geneve,45.810005,4.924741,Crépuscule ou aube,En agglomération,Hors intersection,Normale,Autre collision,3,1,2,0,1,1,2,0,4,50,1,1,0,0,1,0,49.0,,voiture,,2,2,1,1,6
201900020340,2019-03-16 16:15:00,2019,3,16,16,15,69,69160,D337 lieu-dit chansaye,46.16497,4.468915,Plein jour,Hors agglomération,Hors intersection,Normale,Trois véhicules et plus - collisions multiples,3,2,2,0,2,3,1,0,1,80,3,7,2,0,2,3,42.0,62.0,voiture,voiture,1,1,1,1,5
201900020341,2019-03-17 05:45:00,2019,3,17,5,45,69,69145,826 route de Beaujeu,46.10003,4.64315,Nuit sans éclairage public,Hors agglomération,Hors intersection,Normale,Autre collision,3,2,2,0,1,2,1,0,8,80,1,2,0,0,2,0,20.0,,voiture,,3,1,1,1,6
201900020342,2019-03-15 18:40:00,2019,3,15,18,40,69,69032,Route nationale 7,45.85089,4.58029,Crépuscule ou aube,Hors agglomération,Hors intersection,Pluie légère,Autre collision,2,2,2,0,1,1,2,0,1,-1,1,2,1,0,0,1,76.0,,voiture,,2,1,1,2,6
201900020343,2019-03-15 06:25:00,2019,3,15,6,25,81,81043,CD 39 - Route de Peyrens - PK 3+700,43.775727,1.931276,Crépuscule ou aube,Hors agglomération,Hors intersection,Normale,Sans collision,3,2,2,0,2,4,2,0,1,80,1,1,0,0,0,1,35.0,,voiture,,2,1,1,1,7
201900020344,2019-03-16 18:00:00,2019,3,16,18,0,17,17400,rue des 4 routes,45.696379,-0.527905,Plein jour,En agglomération,Passage à niveau,Normale,Deux véhicules - côté,3,2,2,0,3,1,1,4,6,50,2,2,1,0,1,0,53.0,41.0,transport_commun,voiture,1,2,8,1,3
201900020345,2019-03-16 01:30:00,2019,3,16,1,30,16,16163,Ld Champ Farchaud,45.671097,0.022133,Nuit sans éclairage public,Hors agglomération,Hors intersection,Pluie légère,Deux véhicules - frontale,2,2,3,1,1,3,2,5,1,80,2,2,0,0,1,1,46.0,34.0,voiture,voiture,3,1,1,2,1
201900020346,2019-03-15 23:15:00,2019,3,15,23,15,47,47110,les nones,44.467228,0.24511,Nuit sans éclairage public,Hors agglomération,Hors intersection,Normale,Autre collision,3,2,2,0,1,2,1,0,3,80,1,4,0,0,4,0,27.0,,voiture,,3,1,1,1,6
201900020347,2019-03-14 20:30:00,2019,3,14,20,30,33,33435,Rond point du Viaduc,44.56373,-0.24359,Nuit sans éclairage public,Hors agglomération,Giratoire,Pluie légère,Sans collision,3,3,2,0,1,2,1,5,1,80,1,1,0,0,1,0,14.0,,deux_roues,,3,1,6,2,7
201900020348,2019-03-15 00:05:00,2019,3,15,0,5,33,33049,RN89,44.87883,-0.37862,Nuit sans éclairage public,Hors agglomération,Hors intersection,Normale,Deux véhicules - arrière,2,3,4,0,1,1,1,0,1,110,2,2,1,0,0,1,52.0,17.0,voiture,deux_roues,3,1,1,1,2
201900020349,2019-03-15 19:35:00,2019,3,15,19,35,22,22143,20 rue colonel le coq,48.5975095,-2.2866486,Nuit avec éclairage allumé,En agglomération,Hors intersection,Normale,Sans collision,3,2,2,0,1,1,1,0,1,-1,1,1,0,0,0,1,47.0,,deux_roues,,5,2,1,1,7
201900020350,2019-03-17 02:45:00,2019,3,17,2,45,22,22273,la ville cochard,48.568623,-2.498715,Nuit sans éclairage public,Hors agglomération,Hors intersection,Pluie légère,Sans collision,4,2,2,0,1,2,2,0,3,-1,1,3,0,0,3,0,29.0,,voiture,,3,1,1,2,7
201900020351,2019-03-16 05:35:00,2019,3,16,5,35,60,60446,Route nationale 2,49.1423258,2.8003234,Nuit sans éclairage public,Hors agglomération,Hors intersection,Normale,Sans collision,2,3,4,0,1,1,1,0,1,110,1,1,0,0,0,1,39.0,,voiture,,3,1,1,1,7
201900020352,2019-03-06 12:40:00,2019,3,6,12,40,60,60141,avenue du général Leclerc,49.1824598,2.4583505,Plein jour,En agglomération,Intersection en T,Normale,Autre collision,3,2,2,0,1,3,1,0,8,50,1,2,1,0,1,0,41.0,,voiture,,1,2,3,1,6
201900020353,2019-03-15 08:15:00,2019,3,15,8,15,80,80049,D 923,49.625066,2.55465,Crépuscule ou aube,Hors agglomération,Hors intersection,Vent fort / tempête,Deux véhicules - frontale,3,2,2,0,1,1,2,0,1,80,2,2,0,0,2,0,23.0,24.0,voiture,voiture,2,1,1,6,1
201900020354,2019-03-14 17:05:00,2019,3,14,17,5,59,59455,D49,50.245377,3.25033,Plein jour,Hors agglomération,Intersection en X,Normale,Deux véhicules - côté,3,2,2,0,1,1,2,0,1,80,2,2,1,0,0,1,75.0,81.0,voiture,voiture,1,1,2,1,3
201900020355,2019-03-12 08:00:00,2019,3,12,8,0,13,13033,A55-Sens Marseille vers Martigues,43.378053,5.203358,Plein jour,Hors agglomération,Hors intersection,Normale,Deux véhicules - arrière,1,-1,2,0,1,1,1,0,1,110,2,3,2,0,0,1,24.0,55.0,deux_roues,voiture,1,1,1,1,2
201900020356,2019-03-15 08:15:00,2019,3,15,8,15,13,13202,A55-Sens Marseille vers Martigues,43.310317,5.366873,Plein jour,En agglomération,Hors intersection,Normale,Trois véhicules et plus - en chaîne,1,-1,2,0,1,1,1,1,1,50,4,4,3,0,1,0,42.0,43.0,deux_roues,deux_roues,1,2,1,1,4
201900020357,2019-03-14 08:00:00,2019,3,14,8,0,13,13202,A55-Sens Martigues vers Marseille,43.309584,5.366208,Plein jour,En agglomération,Hors intersection,Normale,Deux véhicules - arrière,1,3,2,0,1,1,1,2,1,50,2,1,0,0,0,1,29.0,,deux_roues,,1,2,1,1,2
201900020358,2019-03-13 15:55:00,2019,3,13,15,55,13,13211,A50-Sens Marseille vers Aubagne,43.288903,5.443361,Plein jour,Hors agglomération,Hors intersection,Normale,Trois véhicules et plus - en chaîne,1,1,3,0,1,1,1,3,1,90,3,5,1,0,0,4,50.0,45.0,voiture,voiture,1,1,1,1,4
201900020359,2019-03-13 07:40:00,2019,3,13,7,40,83,83137,A50 Sortie Tunnel Tube Sud,43.1219475,5.955384,Plein jour,Hors agglomération,Hors intersection,Normale,Trois véhicules et plus - collisions multiples,1,3,6,0,3,1,1,0,1,70,4,4,3,0,0,1,19.0,45.0,voiture,voiture,1,1,1,1,5
201900020360,2019-03-09 15:25:00,2019,3,9,15,25,69,69297,A47   0.000  A 1.657,45.58848,4.7927,Plein jour,Hors agglomération,Hors intersection,Normale,Deux véhicules - côté,1,3,4,0,1,1,1,2,1,70,2,4,2,0,0,2,64.0,23.0,utilitaire_camion,voiture,1,1,1,1,3
201900020361,2019-02-28 08:26:00,2019,2,28,8,26,67,67218,Autoroute A35,48.531443,7.69559,Plein jour,Hors agglomération,Hors intersection,Normale,Deux véhicules - côté,1,1,2,0,1,1,1,0,1,90,2,3,2,0,0,1,64.0,57.0,utilitaire_camion,voiture,1,1,1,1,3
201900020362,2019-03-16 17:40:00,2019,3,16,17,40,91,91235,RN 104,48.62707,2.35375,Plein jour,Hors agglomération,Hors intersection,Normale,Trois véhicules et plus - en chaîne,2,2,2,0,2,3,1,0,1,30,3,5,2,0,0,3,90.0,24.0,voiture,voiture,1,1,1,1,4
201900020363,2019-03-16 17:00:00,2019,3,16,17,0,94,94065,AUTOROUTE A86,48.75619,2.33292,Plein jour,Hors agglomération,Hors intersection,Normale,Deux véhicules - arrière,1,1,6,0,1,3,1,0,1,90,2,3,2,0,0,1,35.0,44.0,voiture,utilitaire_camion,1,1,1,1,2
201900020364,2019-03-15 17:10:00,2019,3,15,17,10,91,91377,AUTOROUTE A10,48.71773,2.29191,Plein jour,Hors agglomération,Hors intersection,Normale,Deux véhicules - arrière,1,4,3,0,1,1,1,0,1,90,2,2,1,0,0,1,26.0,51.0,voiture,deux_roues,1,1,1,1,2
201900020365,2019-03-15 15:30:00,2019,3,15,15,30,91,91363,RN 104,48.667771,2.191749,Plein jour,Hors agglomération,Hors intersection,Normale,Sans collision,2,1,2,0,2,1,1,0,1,90,1,1,0,0,0,1,47.0,,voiture,,1,1,1,1,7
201900020366,2019-03-15 09:55:00,2019,3,15,9,55,91,91432,AUTOROUTE A6,48.6934,2.3204,Plein jour,Hors agglomération,Hors intersection,Temps couvert,Deux véhicules - arrière,1,3,6,0,3,1,1,0,1,110,2,2,1,0,0,1,62.0,49.0,voiture,utilitaire_camion,1,1,1,8,2
201900020367,2019-03-14 23:50:00,2019,3,14,23,50,94,94076,AUTOROUTE A6B,48.7915,2.344,Nuit avec éclairage allumé,Hors agglomération,Hors intersection,Pluie légère,Deux véhicules - arrière,1,1,3,0,1,1,2,0,1,90,2,4,1,0,0,3,68.0,26.0,voiture,voiture,5,1,1,2,2
201900020368,2019-03-14 21:10:00,2019,3,14,21,10,91,91064,RN 118,48.7652,2.2297,Nuit sans éclairage public,Hors agglomération,Hors intersection,Pluie légère,Deux véhicules - côté,2,3,5,0,2,2,2,0,1,90,2,2,1,0,0,1,55.0,22.0,utilitaire_camion,voiture,3,1,1,2,3
201900020369,2019-03-15 08:20:00,2019,3,15,8,20,92,92050,A86,48.904415,2.20789,Plein jour,Hors agglomération,Hors intersection,Normale,Trois véhicules et plus - collisions multiples,1,1,4,0,1,1,1,1,1,90,3,3,2,0,0,1,46.0,56.0,voiture,voiture,1,1,1,1,5
201900020370,2019-03-14 09:31:00,2019,3,14,9,31,92,92051,RN13,48.8847939,2.2600905,Plein jour,Hors agglomération,Hors intersection,Pluie légère,Trois véhicules et plus - collisions multiples,2,1,4,0,1,1,2,1,1,70,3,3,2,0,1,0,38.0,42.0,deux_roues,voiture,1,1,1,2,5
201900020371,2019-03-13 22:00:00,2019,3,13,22,0,78,78640,A12 W,48.77144,2.228066,Plein jour,Hors agglomération,Hors intersection,Normale,Autre collision,2,-1,2,0,2,1,1,0,1,2,2,3,0,0,3,0,68.0,56.0,voiture,voiture,1,1,1,1,6
201900020372,2019-03-13 19:26:00,2019,3,13,19,26,92,92048,N118,48.7865207,2.2225208,Nuit sans éclairage public,Hors agglomération,Hors intersection,Normale,Deux véhicules - côté,2,-1,3,0,1,1,1,0,1,90,2,2,1,0,0,1,52.0,31.0,voiture,deux_roues,3,1,1,1,3
201900020373,2019-03-12 20:15:00,2019,3,12,20,15,92,92048,N118,48.7876232,2.2222208,Nuit sans éclairage public,Hors agglomération,Hors intersection,Pluie légère,Deux véhicules - côté,2,-1,2,0,1,1,2,0,1,90,2,2,1,0,1,0,31.0,45.0,deux_roues,voiture,3,1,1,2,3
201900020374,2019-03-15 16:00:00,2019,3,15,16,0,95,95607,AUTOROUTE A115,49.02949,2.20191,Plein jour,Hors agglomération,Hors intersection,Normale,Trois véhicules et plus - collisions multiples,1,3,4,0,1,1,1,0,1,90,3,4,1,0,0,3,30.0,74.0,voiture,voiture,1,1,1,1,5
201900020375,2019-03-15 17:45:00,2019,3,15,17,45,95,95582,RD 170,48.96425,2.26828,Plein jour,Hors agglomération,Hors intersection,Normale,Sans collision,3,3,7,0,1,1,1,0,1,70,1,1,0,0,0,1,39.0,,deux_roues,,1,1,1,1,7
201900020376,2019-03-16 10:50:00,2019,3,16,10,50,77,77146,A4.Y,48.83132,2.64292,Plein jour,Hors agglomération,Hors intersection,Normale,Autre collision,1,3,4,0,1,1,1,0,1,110,1,1,0,1,0,0,55.0,,utilitaire_camion,,1,1,1,1,6
201900020377,2019-03-15 20:00:00,2019,3,15,20,0,77,77450,RN104,48.7192,2.5988,Nuit sans éclairage public,Hors agglomération,Hors intersection,Normale,Deux véhicules - arrière,2,1,2,0,1,1,1,0,1,90,2,2,1,0,0,1,28.0,22.0,voiture,voiture,3,1,1,1,2
201900020378,2019-03-15 09:00:00,2019,3,15,9,0,77,77059,A104,48.84209,2.66351,Plein jour,Hors agglomération,Hors intersection,Normale,Deux véhicules - arrière,1,3,3,0,1,1,1,0,1,90,2,2,1,0,0,1,48.0,65.0,deux_roues,voiture,1,1,1,1,2
201900020379,2019-03-11 12:25:00,2019,3,11,12,25,71,71076,MONNOT (AVENUE),46.7888743,4.8606073,Plein jour,En agglomération,Intersection en T,Pluie légère,Deux véhicules - frontale,3,2,2,0,1,1,2,0,1,50,2,2,1,0,0,1,49.0,43.0,deux_roues,voiture,1,2,3,2,1