accident_id,datetime,annee,mois,jour,heure,minute,departement,commune_insee,adresse,latitude,longitude,luminosite,agglomeration,intersection,meteo,collision,catr,circ,nbv,vosp,prof,plan,surf,infra,situ,vma,nb_vehicules,nb_usagers,nb_indemnes,nb_tues,nb_blesses_hosp,nb_blesses_legers,age_cond_1,age_cond_2,veh_type_cond_1,veh_type_cond_2,lum_code,agg_code,int_code,atm_code,col_code
201900020380,2019-03-11 18:40:00,2019,3,11,18,40,38,38185,RUE LIEUTENANT CHABAL,45.17101,5.72373,Nuit avec éclairage allumé,En agglomération,Hors intersection,Pluie légère,Deux véhicules - côté,4,2,4,1,1,1,2,0,1,50,2,2,1,0,0,1,25.0,53.0,deux_roues,voiture,5,2,1,2,3
201900020381,2019-03-12 11:45:00,2019,3,12,11,45,11,11069,COLBERT,43.22765,2.32634,Plein jour,Hors agglomération,Hors intersection,Normale,Autre collision,6,-1,-1,0,1,1,1,0,1,30,1,2,1,0,0,1,66.0,,voiture,,1,1,1,1,6
201900020382,2019-03-09 16:25:00,2019,3,9,16,25,11,11069,GOUT HENRI -AV. N° IMPAIRS A PARTIR DU N,43.21104,2.33629,Plein jour,En agglomération,Hors intersection,Normale,Autre collision,4,2,2,0,1,1,1,0,1,50,2,2,1,0,1,0,26.0,59.0,voiture,deux_roues,1,2,1,1,6
201900020383,2019-02-01 11:10:00,2019,2,1,11,10,92,92050,MANSARD JULES BOULEVARD,48.8977287,2.2123792,Plein jour,En agglomération,Giratoire,Normale,Deux véhicules - côté,4,2,2,0,1,1,1,0,2,50,2,2,1,0,1,0,36.0,89.0,utilitaire_camion,utilitaire_camion,1,2,6,1,3
201900020384,2019-03-14 08:30:00,2019,3,14,8,30,988,98818,9 RUE DE PAPEETE,-22.24649,166.44415,Plein jour,En agglomération,Hors intersection,Pluie légère,Sans collision,4,2,2,0,2,3,2,0,1,50,1,1,0,0,0,1,21.0,,voiture,,1,2,1,2,7
201900020385,2019-03-12 12:00:00,2019,3,12,12,0,974,97407,ROUTE DU SACRE COEUR,-20.95169,55.30478,Plein jour,Hors agglomération,Hors intersection,Normale,Deux véhicules - côté,2,2,2,0,1,1,1,0,1,50,2,2,1,0,0,1,33.0,44.0,voiture,deux_roues,1,1,1,1,3
201900020386,2019-03-13 19:30:00,2019,3,13,19,30,973,97302,ZEPHIR (ROCADE),4.9216906,-52.3283315,Nuit avec éclairage allumé,Hors agglomération,Hors intersection,Normale,Deux véhicules - côté,3,2,1,1,1,1,1,0,1,50,2,2,1,0,0,1,39.0,32.0,voiture,deux_roues,5,1,1,1,3
201900020387,2019-03-13 17:10:00,2019,3,13,17,10,973,97302,BADUEL (ROUTE DE),4.9289592,-52.3008013,Plein jour,En agglomération,Hors intersection,Normale,Autre collision,3,2,2,2,1,1,1,0,1,50,1,1,0,0,1,0,,,,,1,2,1,1,6
201900020388,2019-03-13 08:30:00,2019,3,13,8,30,69,69388,EPARGNE (DE L')                     (R ),45.74222,4.85863,Plein jour,En agglomération,Hors intersection,Normale,Deux véhicules - arrière,4,1,3,0,1,1,1,0,1,50,2,2,1,0,0,1,33.0,25.0,voiture,voiture,1,2,1,1,2
201900020389,2019-03-11 06:20:00,2019,3,11,6,20,972,97213,AUTOROUTE A1,14.61808,-61.03514,Plein jour,En agglomération,Hors intersection,Normale,Trois véhicules et plus - en chaîne,1,2,4,0,1,1,1,0,1,90,3,5,4,0,0,1,35.0,61.0,voiture,voiture,1,2,1,1,4
201900020390,2019-03-13 09:10:00,2019,3,13,9,10,972,97209,ERNEST DEPROGE (RUE),14.60322,-61.07007,Plein jour,En agglomération,Hors intersection,Normale,Deux véhicules - arrière,4,1,4,0,1,1,1,0,1,30,2,2,1,0,0,1,35.0,57.0,voiture,voiture,1,2,1,1,2
201900020391,2019-03-12 20:50:00,2019,3,12,20,50,972,97209,AUTOROUTE (A1),14.61417,-61.05121,Nuit avec éclairage non allumé,Hors agglomération,Hors intersection,Normale,Sans collision,1,1,6,0,2,1,1,0,1,80,1,1,0,0,0,1,30.0,,voiture,,4,1,1,1,7
201900020392,2019-03-13 13:35:00,2019,3,13,13,35,69,69381,JEAN MOULIN                         (QU),45.76807,4.83786,Plein jour,En agglomération,Autre intersection,Temps couvert,Autre collision,4,3,6,0,1,1,2,0,1,50,1,2,1,0,0,1,37.0,,voiture,,1,2,9,8,6
201900020393,2019-03-13 13:20:00,2019,3,13,13,20,91,91433,MALADRERIE (RUE DE LA)     CD17,48.44946,2.18788,Plein jour,En agglomération,Hors intersection,Normale,Autre collision,4,2,2,0,1,1,1,0,1,30,1,2,1,0,1,0,24.0,,voiture,,1,2,1,1,6
201900020394,2019-03-13 19:00:00,2019,3,13,19,0,91,91201,HENRI BARBUSSE(BOULEVARD),48.683167,2.408149,Nuit avec éclairage allumé,En agglomération,Intersection en T,Normale,Deux véhicules - frontale,3,2,2,0,1,3,1,5,2,50,2,3,0,0,3,0,39.0,56.0,voiture,voiture,5,2,3,1,1
201900020395,2019-03-13 19:30:00,2019,3,13,19,30,91,91174,MARECHAL DE LATTRE DE TASSIGNY(rue du),48.60662,2.46741,Nuit avec éclairage allumé,En agglomération,Hors intersection,Normale,Autre collision,4,1,0,0,1,1,1,0,1,50,1,2,1,0,0,1,23.0,,voiture,,5,2,1,1,6
201900020396,2019-03-13 17:10:00,2019,3,13,17,10,78,78138,DE GAULLE (AVENUE CHARLES),48.97051,2.02801,Plein jour,En agglomération,Hors intersection,Pluie légère,Autre collision,3,3,2,0,1,1,2,0,1,50,1,2,1,0,1,0,33.0,,voiture,,1,2,1,2,6
201900020397,2019-03-13 19:05:00,2019,3,13,19,5,74,74012,THONON (ROUTE DE),46.1984613,6.2696877,Nuit sans éclairage public,En agglomération,Hors intersection,Normale,Trois véhicules et plus - en chaîne,4,2,2,0,1,1,1,0,1,70,3,3,1,0,0,2,58.0,28.0,voiture,voiture,3,2,1,1,4
201900020398,2019-03-12 07:20:00,2019,3,12,7,20,74,74012,ARVE (QUAI D'),46.185317,6.225886,Plein jour,En agglomération,Intersection en T,Normale,Deux véhicules - côté,3,2,2,0,1,1,1,0,1,50,2,2,1,0,0,1,40.0,29.0,deux_roues,voiture,1,2,3,1,3
201900020399,2019-03-12 16:50:00,2019,3,12,16,50,72,72181,MESSIAEN OLIVIER (AV) PAIRS,48.01537,0.1558,Plein jour,En agglomération,Hors intersection,Pluie forte,Deux véhicules - côté,4,2,3,2,1,1,2,4,1,50,2,3,1,0,0,2,55.0,42.0,transport_commun,voiture,1,2,1,3,3
201900020400,2019-03-13 13:05:00,2019,3,13,13,5,69,69266,PASCAL      (Rue),45.75962,4.8743,Plein jour,En agglomération,Intersection en X,Pluie légère,Deux véhicules - côté,4,2,2,0,1,1,2,0,1,50,2,3,0,0,0,3,45.0,55.0,voiture,voiture,1,2,2,2,3
201900020401,2019-12-26 14:35:00,2019,12,26,14,35,972,97213,PLACE D'ARMES,14.6202,-60.993,Plein jour,En agglomération,Autre intersection,Normale,Trois véhicules et plus - en chaîne,2,3,2,0,1,1,1,0,1,50,3,4,1,0,0,3,58.0,24.0,voiture,voiture,1,2,9,1,4
201900020402,2019-12-23 10:45:00,2019,12,23,10,45,972,97213,BALLEUR (CHEMIN RURAL N°19 DE),14.651,-61.015,Plein jour,En agglomération,Hors intersection,Normale,Deux véhicules - frontale,9,2,2,0,1,4,1,0,1,50,2,3,2,0,0,1,41.0,43.0,deux_roues,voiture,1,2,1,1,1
201900020403,2019-12-14 23:51:00,2019,12,14,23,51,972,97213,ROUTE NATIONALE 1,14.6545,-60.9733,Nuit sans éclairage public,Hors agglomération,Hors intersection,Normale,Deux véhicules - arrière,2,3,4,0,2,1,1,0,1,70,2,2,1,1,0,0,42.0,19.0,voiture,deux_roues,3,1,1,1,2
201900020404,2019-12-24 20:45:00,2019,12,24,20,45,972,97209,POINTE DES SABLES (BOULEVARD DE LA),14.6028,-61.04257,Nuit avec éclairage allumé,En agglomération,Autre intersection,Normale,Deux véhicules - côté,4,1,1,0,1,1,1,0,1,30,2,2,1,0,0,1,21.0,24.0,deux_roues,voiture,5,2,9,1,3
201900020405,2019-12-25 22:25:00,2019,12,25,22,25,972,97209,AUTOROUTE (A1),14.3652,-61.2585,Nuit avec éclairage allumé,En agglomération,Hors intersection,Normale,Deux véhicules - arrière,1,3,6,0,1,1,1,0,1,90,2,2,0,0,0,2,44.0,56.0,voiture,voiture,5,2,1,1,2
201900020406,2019-12-24 21:35:00,2019,12,24,21,35,972,97209,MARNE (BOULEVARD DE LA),14.60478,61.08704,Nuit avec éclairage allumé,En agglomération,Hors intersection,Normale,Deux véhicules - arrière,4,1,4,0,1,1,1,0,1,30,2,2,1,0,0,1,29.0,30.0,voiture,voiture,5,2,1,1,2
201900020407,2019-12-26 23:04:00,2019,12,26,23,4,69,69142,STEPHANE DECHANT                    (R ),45.72443,4.81308,Nuit avec éclairage allumé,En agglomération,Hors intersection,Normale,Trois véhicules et plus - en chaîne,3,2,3,0,2,1,1,0,1,50,3,3,1,0,0,2,21.0,,voiture,voiture,5,2,1,1,4
201900020408,2019-12-01 05:15:00,2019,12,1,5,15,971,97113,BAS DU FORT,16.21676,-61.51872,Nuit avec éclairage allumé,En agglomération,Hors intersection,Normale,Deux véhicules - frontale,4,2,1,0,2,1,1,0,1,50,2,4,2,0,0,2,19.0,29.0,voiture,voiture,5,2,1,1,1
201900020409,2019-12-26 09:40:00,2019,12,26,9,40,2A,2A004,1ER CONSUL RCE RUE CANDIA,41.9344,8.7455,Plein jour,En agglomération,Hors intersection,Normale,Autre collision,4,-1,2,0,1,1,1,6,1,30,1,2,1,0,0,1,88.0,,voiture,,1,2,1,1,6
201900020410,2019-12-24 19:30:00,2019,12,24,19,30,2A,2A004,T21,41.92959,8.76132,Nuit avec éclairage allumé,En agglomération,Giratoire,Normale,Deux véhicules - côté,2,1,2,0,1,2,1,0,1,50,2,3,1,0,0,2,31.0,24.0,voiture,voiture,5,2,6,1,3
201900020411,2019-12-26 17:00:00,2019,12,26,17,0,91,91326,COUR DE FRANCE (AVENUE DE LA),48.6877,2.37188,Nuit avec éclairage allumé,En agglomération,Hors intersection,Pluie légère,Autre collision,2,1,3,0,1,1,2,0,1,50,1,2,1,0,0,1,29.0,,utilitaire_camion,,5,2,1,2,6
201900020412,2019-12-26 21:35:00,2019,12,26,21,35,88,88413,Ortimont  ( rue d' ),48.297,6.9354,Nuit avec éclairage allumé,En agglomération,Intersection en T,Pluie légère,Deux véhicules - frontale,7,3,2,0,4,3,2,0,1,50,2,3,0,0,0,3,29.0,48.0,autre,voiture,5,2,3,2,1
201900020413,2019-12-21 16:50:00,2019,12,21,16,50,83,83061,RDN7,43.4377,6.7179,Plein jour,En agglomération,Hors intersection,Normale,Autre collision,2,3,4,0,1,1,1,0,1,50,1,1,0,1,0,0,73.0,,voiture,,1,2,1,1,6
201900020414,2019-12-25 17:15:00,2019,12,25,17,15,80,80021,GENERAL LECLERC (RUE DU ),49.89621,2.29403,Crépuscule ou aube,En agglomération,Hors intersection,Normale,Deux véhicules - côté,4,2,3,0,1,1,1,0,1,30,2,2,1,0,0,1,21.0,20.0,deux_roues,voiture,2,2,1,1,3
201900020415,2019-12-24 18:57:00,2019,12,24,18,57,80,80021,ELBEUF (RUE D'),49.88833,2.27115,Nuit avec éclairage allumé,En agglomération,Hors intersection,Normale,Deux véhicules - côté,4,2,2,0,2,1,2,0,1,50,2,2,1,0,0,1,37.0,24.0,deux_roues,voiture,5,2,1,1,3
201900020416,2019-12-26 17:40:00,2019,12,26,17,40,79,79259,2 route de Bressuire,46.962982,-0.21026,Nuit avec éclairage allumé,En agglomération,Hors intersection,Normale,Autre collision,4,2,2,0,1,1,1,0,1,30,1,1,0,0,0,1,14.0,,deux_roues,,5,2,1,1,6
201900020417,2019-12-17 18:55:00,2019,12,17,18,55,77,77083,BOIS DE GRACE (BOULEVARD DU),48.8475,2.58559,Nuit avec éclairage allumé,En agglomération,Intersection en X,Pluie légère,Autre collision,4,2,2,0,1,1,2,0,1,50,1,2,1,0,0,1,44.0,,voiture,,5,2,2,2,6
201900020418,2019-12-16 11:35:00,2019,12,16,11,35,77,77058,D35 X D406-LAGNY (BOULEVARD DE),48.83293,2.706,Plein jour,En agglomération,Giratoire,Temps couvert,Deux véhicules - côté,3,2,4,0,1,1,2,5,1,50,2,3,0,0,0,3,22.0,58.0,voiture,voiture,1,2,6,8,3
201900020419,2019-12-16 08:20:00,2019,12,16,8,20,77,77243,D231-RAYMOND POINCARE  (AVENUE),48.87642,2.72158,Crépuscule ou aube,En agglomération,Hors intersection,Pluie légère,Autre collision,3,2,2,0,1,2,2,2,1,50,1,2,1,0,0,1,44.0,,voiture,,2,2,1,2,6
201900020420,2019-12-25 18:35:00,2019,12,25,18,35,72,72181,RENOIR (RUE),47.97286,0.2147,Nuit avec éclairage allumé,En agglomération,Hors intersection,Normale,Deux véhicules - frontale,4,2,2,0,1,1,1,0,1,50,2,3,0,0,0,3,35.0,28.0,voiture,voiture,5,2,1,1,1
201900020421,2019-12-24 09:15:00,2019,12,24,9,15,71,71306,11 NOVEMBRE 1918 (RUE DU),46.675713,4.366786,Plein jour,En agglomération,Intersection en X,Normale,Deux véhicules - côté,4,2,2,0,1,1,1,0,1,50,2,2,1,0,0,1,50.0,74.0,voiture,voiture,1,2,2,1,3
201900020422,2019-12-24 19:45:00,2019,12,24,19,45,66,66136,R D 900,42.73521,2.88417,Nuit sans éclairage public,En agglomération,Hors intersection,Normale,Trois véhicules et plus - en chaîne,4,3,4,0,1,1,1,0,1,110,3,3,2,0,0,1,30.0,76.0,voiture,voiture,3,2,1,1,4
201900020423,2019-12-02 16:56:00,2019,12,2,16,56,64,64483,AXULAR (RUE),43.3869311,-1.6565198,Crépuscule ou aube,En agglomération,Hors intersection,Pluie forte,Autre collision,4,1,1,0,2,1,2,0,1,30,1,2,1,0,1,0,41.0,,utilitaire_camion,,2,2,1,3,6
201900020424,2019-12-24 16:00:00,2019,12,24,16,0,63,63014,CRISTAL (AVENUE ERNEST),45.76027,3.13643,Plein jour,En agglomération,Hors intersection,Normale,Trois véhicules et plus - en chaîne,7,3,4,0,1,1,1,0,1,50,4,4,3,0,0,1,48.0,55.0,voiture,voiture,1,2,1,1,4
201900020425,2019-12-23 20:48:00,2019,12,23,20,48,62,62427,DOUAI (R DE),50.23133,2.58351,Nuit sans éclairage public,En agglomération,Hors intersection,Normale,Autre collision,4,2,2,0,1,1,1,0,4,50,1,3,1,0,1,1,51.0,,voiture,,3,2,1,1,6
201900020426,2019-12-25 10:00:00,2019,12,25,10,0,62,62667,LIBERTE ( Bld de la ),50.71,1.586,Plein jour,En agglomération,Intersection en X,Temps éblouissant,Deux véhicules - côté,4,2,2,0,1,1,1,0,1,50,2,2,1,0,1,0,74.0,21.0,utilitaire_camion,utilitaire_camion,1,2,2,7,3
201900020427,2019-12-26 17:50:00,2019,12,26,17,50,61,61391,VASSY (RUE DE),48.757384,-0.57549,Nuit avec éclairage allumé,En agglomération,Hors intersection,Pluie légère,Autre collision,3,2,2,0,1,1,2,0,1,50,1,2,1,0,1,0,75.0,,voiture,,5,2,1,2,6
201900020428,2019-12-26 15:15:00,2019,12,26,15,15,59,59350,LAMBRET OSCAR AVENUE,50.61588,3.03666,Plein jour,En agglomération,Hors intersection,Pluie légère,Deux véhicules - arrière,4,1,4,0,1,1,2,0,1,50,2,2,0,0,0,2,50.0,46.0,utilitaire_camion,voiture,1,2,1,2,2
201900020429,2019-12-26 15:35:00,2019,12,26,15,35,51,51454,BOULEVARD POMMERY,49.2521254,4.0535307,Plein jour,En agglomération,Hors intersection,Normale,Deux véhicules - côté,2,2,3,0,1,1,1,0,1,50,2,2,1,0,0,1,80.0,83.0,voiture,deux_roues,1,2,1,1,3
201900020430,2019-12-25 01:25:00,2019,12,25,1,25,49,49353,JEAN JAURES RUE,47.44375,-0.49814,Nuit avec éclairage allumé,En agglomération,Hors intersection,Normale,Deux véhicules - côté,4,2,2,0,1,1,1,0,1,50,2,6,0,0,0,6,50.0,23.0,voiture,voiture,5,2,1,1,3
201900020431,2019-12-24 16:19:00,2019,12,24,16,19,49,49007,FAURE QUAI,47.4825538,-0.5495793,Plein jour,En agglomération,Hors intersection,Normale,Deux véhicules - côté,4,2,2,0,1,1,1,0,1,50,2,2,1,0,0,1,69.0,26.0,voiture,deux_roues,1,2,1,1,3
201900020432,2019-12-24 11:34:00,2019,12,24,11,34,49,49007,MONTAIGNE AVENUE,47.46581,-0.52022,Plein jour,En agglomération,Hors intersection,Normale,Sans collision,4,2,2,0,1,1,1,0,1,50,1,1,0,0,0,1,19.0,,voiture,,1,2,1,1,7
201900020433,2019-12-24 14:30:00,2019,12,24,14,30,45,45004,RUE DU DOCTEUR SCHWEITZER,47.9994717,2.754293,Plein jour,En agglomération,Hors intersection,Normale,Deux véhicules - frontale,9,2,2,0,2,1,1,0,1,50,2,3,0,0,0,3,20.0,63.0,voiture,voiture,1,2,1,1,1
201900020434,2019-12-26 17:30:00,2019,12,26,17,30,37,37261,DANIEL MAYER,47.4188,0.6838,Nuit avec éclairage allumé,En agglomération,Intersection en X,Normale,Autre collision,4,2,2,3,1,2,1,4,6,50,1,1,0,0,0,1,55.0,,voiture,,5,2,2,1,6
201900020435,2019-12-26 06:45:00,2019,12,26,6,45,37,37233,VAILLANT COUTURIER (RUE PAUL),47.39359,0.71454,Nuit sans éclairage public,En agglomération,Hors intersection,Normale,Autre collision,4,2,2,0,1,1,1,0,1,50,1,3,0,0,0,3,20.0,,voiture,,3,2,1,1,6
201900020436,2019-12-25 12:40:00,2019,12,25,12,40,35,35238,PATTON (AVENUE DU GENERAL SIR GEORGES),48.135267,-1.659577,Plein jour,En agglomération,Intersection en X,Normale,Deux véhicules - côté,4,2,4,0,1,1,1,0,1,50,2,3,2,0,0,1,57.0,27.0,voiture,voiture,1,2,2,1,3
201900020437,2019-12-25 18:00:00,2019,12,25,18,0,35,35238,CLEUNAY (BD DE),48.10195,-1.6958,Nuit avec éclairage allumé,En agglomération,Autre intersection,Normale,Deux véhicules - arrière,4,2,2,0,1,1,2,0,1,50,2,2,1,0,0,1,43.0,20.0,voiture,voiture,5,2,9,1,2
201900020438,2019-12-16 18:00:00,2019,12,16,18,0,35,35115,COINTAT (BD MICHEL),48.346929,-1.187493,Nuit avec éclairage allumé,En agglomération,Giratoire,Pluie légère,Autre collision,4,2,2,0,1,3,2,5,1,50,1,2,1,0,0,1,66.0,,voiture,,5,2,6,2,6
201900020439,2019-12-17 20:05:00,2019,12,17,20,5,33,33063,CRS DE LA SOMME,44.82708,-0.57246,Nuit avec éclairage allumé,En agglomération,Intersection en X,Normale,Deux véhicules - côté,4,2,2,-1,1,1,1,0,1,50,2,2,1,0,1,0,18.0,24.0,deux_roues,deux_roues,5,2,2,1,3
201900020440,2019-12-16 09:23:00,2019,12,16,9,23,33,33063,AVE DE LA REPUBLIQUE CAUD - Moto circule dans voie bus,44.839487,-0.60875,Plein jour,En agglomération,Hors intersection,Normale,Deux véhicules - côté,4,1,2,1,1,1,1,0,6,50,2,2,1,0,0,1,40.0,24.0,deux_roues,voiture,1,2,1,1,3
201900020441,2019-12-24 18:45:00,2019,12,24,18,45,31,31555,AV JEAN CHAUBET,43.6009,1.46806,Nuit avec éclairage allumé,En agglomération,Hors intersection,Normale,Autre collision,3,2,2,0,3,4,1,0,1,50,1,2,1,0,0,1,64.0,,voiture,,5,2,1,1,6
201900020442,2019-12-24 12:20:00,2019,12,24,12,20,31,31555,RUE DE PERIOLE,43.61636,1.45707,Plein jour,En agglomération,Hors intersection,Normale,Deux véhicules - côté,4,2,2,0,2,1,1,0,1,50,2,2,1,0,0,1,24.0,59.0,deux_roues,voiture,1,2,1,1,3
201900020443,2019-12-25 19:21:00,2019,12,25,19,21,30,30189,CARREAU DE LANES (CHEMIN),43.82019,4.32028,Nuit avec éclairage allumé,En agglomération,Autre intersection,Normale,Sans collision,7,-1,1,0,2,2,1,9,1,50,1,1,0,1,0,0,55.0,,deux_roues,,5,2,9,1,7
201900020444,2019-12-25 17:10:00,2019,12,25,17,10,14,14715,AGUESSEAU (ROUTE D'),49.36134,0.09066,Crépuscule ou aube,Hors agglomération,Hors intersection,Normale,Sans collision,3,2,2,0,2,1,2,9,1,50,1,1,0,0,0,1,52.0,,voiture,,2,1,1,1,7
201900020445,2019-12-24 12:30:00,2019,12,24,12,30,14,14220,GENERAL LECLERC (RUE),49.357,0.07,Plein jour,En agglomération,Intersection en X,Normale,Deux véhicules - côté,4,1,4,0,1,1,2,5,1,50,2,7,6,0,0,1,43.0,75.0,voiture,voiture,1,2,2,1,3
201900020446,2019-12-26 21:15:00,2019,12,26,21,15,13,13207,CHARLES LIVON (BOULEVARD),43.292224,5.363144,Nuit avec éclairage allumé,En agglomération,Intersection en X,Normale,Deux véhicules - côté,4,2,4,0,2,1,1,0,1,50,2,3,1,0,0,2,21.0,40.0,voiture,deux_roues,5,2,2,1,3
201900020447,2019-12-26 07:15:00,2019,12,26,7,15,13,13213,ROSE (AVENUE DE LA),43.326472,5.421366,Crépuscule ou aube,En agglomération,Intersection en X,Normale,Trois véhicules et plus - collisions multiples,4,1,2,0,1,3,1,0,1,50,3,2,1,0,0,1,25.0,49.0,deux_roues,voiture,2,2,2,1,5
201900020448,2019-12-26 09:20:00,2019,12,26,9,20,13,13203,CAMILLE PELLETAN (AVENUE),43.30772,5.37388,Plein jour,En agglomération,Intersection en X,Normale,Deux véhicules - côté,4,1,3,0,1,1,1,0,1,50,2,2,0,0,0,2,42.0,21.0,voiture,voiture,1,2,2,1,3
201900020449,2019-12-24 17:20:00,2019,12,24,17,20,11,11262,ESPAGNE (AVENUE D'),43.17087,2.99004,Crépuscule ou aube,En agglomération,Giratoire,Normale,Deux véhicules - côté,4,2,2,0,1,1,1,5,1,50,2,2,1,0,0,1,42.0,19.0,deux_roues,voiture,2,2,6,1,3
201900020450,2019-12-22 20:30:00,2019,12,22,20,30,3,03095,route de Ferrières,46.1248551,3.4736672,Nuit sans éclairage public,En agglomération,Hors intersection,Normale,Autre collision,3,2,2,0,1,2,2,0,1,80,1,1,0,0,1,0,36.0,,voiture,,3,2,1,1,6
201900020451,2019-12-26 18:53:00,2019,12,26,18,53,3,03185,avenue de la République,46.3441311,2.5993235,Nuit avec éclairage allumé,En agglomération,Intersection en T,Normale,Deux véhicules - côté,3,2,3,0,1,1,1,5,1,50,2,3,1,0,2,0,25.0,16.0,deux_roues,voiture,5,2,3,1,3
201900020452,2019-12-26 07:00:00,2019,12,26,7,0,75,75106,BOULEVARD SAINT MICHEL,48.841752,2.337754,Nuit avec éclairage allumé,En agglomération,Intersection en T,Normale,Deux véhicules - côté,4,2,3,3,1,1,1,0,6,50,2,2,1,0,0,1,52.0,21.0,voiture,voiture,5,2,3,1,3
201900020453,2019-12-26 15:35:00,2019,12,26,15,35,75,75120,BOULEVARD DE MENILMONTANT,48.8618569,2.388033,Plein jour,En agglomération,Hors intersection,Normale,Deux véhicules - côté,4,2,2,1,1,1,1,0,5,50,2,2,1,0,0,1,28.0,52.0,deux_roues,deux_roues,1,2,1,1,3
201900020454,2019-12-26 10:10:00,2019,12,26,10,10,75,75117,AVENUE DE LA PORTE DE CLICHY,48.8969517,2.3103851,Plein jour,En agglomération,Intersection en Y,Pluie légère,Sans collision,4,2,3,0,1,1,2,0,1,50,1,1,0,0,0,1,34.0,,deux_roues,,1,2,4,2,7
201900020455,2019-12-26 20:45:00,2019,12,26,20,45,75,75116,RUE DAUMIER,48.839658,2.262921,Nuit avec éclairage allumé,En agglomération,Intersection en T,Pluie forte,Deux véhicules - arrière,4,2,2,0,1,1,2,0,1,50,2,4,3,0,0,1,33.0,44.0,voiture,voiture,5,2,3,3,2
201900020456,2019-12-17 09:45:00,2019,12,17,9,45,75,75116,BOULEVARD SUCHET,48.8589064,2.2656566,Plein jour,En agglomération,Hors intersection,Normale,Deux véhicules - côté,4,2,2,-1,1,1,1,0,1,50,2,2,1,0,0,1,30.0,,deux_roues,,1,2,1,1,3
201900020457,2019-12-26 18:10:00,2019,12,26,18,10,75,75115,AVENUE DE LA PORTE BRANCION,48.8258665,2.3002184,Nuit avec éclairage allumé,En agglomération,Intersection en Y,Normale,Deux véhicules - côté,4,2,2,0,1,1,2,0,1,50,2,2,1,0,0,1,23.0,42.0,deux_roues,voiture,5,2,4,1,3
201900020458,2019-12-26 15:55:00,2019,12,26,15,55,75,75115,RUE DE LOURMEL,48.849618,2.291457,Plein jour,En agglomération,Intersection en T,Normale,Autre collision,4,1,1,1,1,1,1,0,5,50,1,2,1,0,0,1,20.0,,deux_roues,,1,2,3,1,6
201900020459,2019-12-26 14:35:00,2019,12,26,14,35,75,75114,AVENUE DU GENERAL LECLERC,48.823959,2.325722,Plein jour,En agglomération,Intersection en T,Normale,Autre collision,4,2,5,-1,1,1,1,0,1,50,1,2,1,0,0,1,31.0,,deux_roues,,1,2,3,1,6
201900020460,2019-12-26 20:20:00,2019,12,26,20,20,75,75112,RUE DE LYON,48.849186,2.370869,Nuit avec éclairage allumé,En agglomération,Intersection en T,Pluie légère,Autre collision,4,1,4,0,1,1,2,0,1,50,1,2,1,0,0,1,44.0,,voiture,,5,2,3,2,6
201900020461,2019-12-26 18:30:00,2019,12,26,18,30,75,75112,BOULEVARD DIDEROT,48.847606,2.389068,Nuit avec éclairage allumé,En agglomération,Intersection en X,Normale,Deux véhicules - arrière,4,2,2,0,1,1,1,0,1,50,2,3,0,0,0,3,18.0,56.0,deux_roues,voiture,5,2,2,1,2
201900020462,2019-12-22 06:00:00,2019,12,22,6,0,75,75112,PLACE DE LA BASTILLE,48.853165,2.370214,Nuit avec éclairage allumé,En agglomération,Place,Pluie légère,Autre collision,4,1,4,3,1,1,2,0,6,50,1,2,1,0,0,1,49.0,,voiture,,5,2,7,2,6
201900020463,2019-12-22 00:30:00,2019,12,22,0,30,75,75112,RUE DE RAMBOUILLET,48.844823,2.38295,Nuit avec éclairage allumé,En agglomération,Place,Pluie légère,Autre collision,4,2,2,0,1,1,2,0,1,50,1,2,1,0,0,1,36.0,,deux_roues,,5,2,7,2,6
201900020464,2019-12-26 07:40:00,2019,12,26,7,40,75,75109,BOULEVARD HAUSSMANN,48.873177,2.331502,Nuit avec éclairage allumé,En agglomération,Place,Normale,Deux véhicules - arrière,4,1,3,0,1,1,1,0,1,30,2,2,1,0,0,1,47.0,32.0,voiture,voiture,5,2,7,1,2
201900020465,2019-12-25 14:00:00,2019,12,25,14,0,75,75104,RUE SAINT LOUIS EN L ILE,48.8512811,2.3581051,Plein jour,En agglomération,Intersection en X,Normale,Deux véhicules - côté,4,1,1,0,1,1,1,0,1,30,2,3,1,0,0,2,60.0,68.0,deux_roues,voiture,1,2,2,1,3
201900020466,2019-12-26 15:00:00,2019,12,26,15,0,75,75104,VOIE GEORGES POMPIDOU,48.856602,2.348631,Plein jour,En agglomération,Hors intersection,Normale,Autre collision,4,2,2,-1,1,1,1,6,1,20,1,2,1,0,0,1,52.0,,deux_roues,,1,2,1,1,6
201900020467,2019-12-26 14:35:00,2019,12,26,14,35,75,75104,QUAI DE L HOTEL DE VILLE,48.854934,2.353526,Plein jour,En agglomération,Intersection en T,Normale,Sans collision,4,2,2,0,1,1,1,0,1,50,1,1,0,0,0,1,42.0,,deux_roues,,1,2,3,1,7
201900020468,2019-12-26 18:00:00,2019,12,26,18,0,93,93078,DAMBEL (AVENUE EMILE),48.953,2.549,Nuit avec éclairage allumé,En agglomération,Autre intersection,Pluie légère,Autre collision,4,2,2,0,1,1,2,0,1,50,1,2,1,0,1,0,25.0,,utilitaire_camion,,5,2,9,2,6