accident_id,datetime,annee,mois,jour,heure,minute,departement,commune_insee,adresse,latitude,longitude,luminosite,agglomeration,intersection,meteo,collision,catr,circ,nbv,vosp,prof,plan,surf,infra,situ,vma,nb_vehicules,nb_usagers,nb_indemnes,nb_tues,nb_blesses_hosp,nb_blesses_legers,age_cond_1,age_cond_2,veh_type_cond_1,veh_type_cond_2,lum_code,agg_code,int_code,atm_code,col_code
201900020649,2019-02-04 07:30:00,2019,2,4,7,30,27,27602,Rue du Général De Gaulle,49.006673,1.07843,Crépuscule ou aube,En agglomération,Hors intersection,Normale,Autre collision,3,2,2,0,2,1,1,0,1,50,1,2,1,0,0,1,79.0,,voiture,,2,2,1,1,6
201900020650,2019-01-29 19:00:00,2019,1,29,19,0,60,60139,RUE FRANCOIS TRUFFAUT,49.158297,2.258469,Nuit avec éclairage allumé,En agglomération,Intersection en T,Neige / grêle,Autre collision,4,2,1,0,2,1,2,0,1,50,1,2,1,0,1,0,66.0,,voiture,,5,2,3,4,6
201900020651,2019-02-03 12:30:00,2019,2,3,12,30,80,80646,Autoroute PK 110.200 Sens LILLE/PARIS,49.792774,2.808321,Plein jour,Hors agglomération,Hors intersection,Normale,Deux véhicules - arrière,1,2,3,0,2,1,1,0,1,130,2,3,2,0,0,1,47.0,31.0,voiture,voiture,1,1,1,1,2
201900020652,2019-02-02 08:50:00,2019,2,2,8,50,80,80430,A1 pk 126.700,49.926755,2.851751,Crépuscule ou aube,Hors agglomération,Hors intersection,Normale,Autre collision,1,3,3,0,1,1,2,0,3,130,1,1,0,0,1,0,27.0,,voiture,,2,1,1,1,6
201900020653,2019-02-03 07:35:00,2019,2,3,7,35,13,13055,A507 sens Marseille - Aubagne,43.3,5.425,Crépuscule ou aube,Hors agglomération,Hors intersection,Normale,Sans collision,1,1,3,0,1,1,1,1,4,70,1,1,0,0,0,1,21.0,,deux_roues,,2,1,1,1,7
201900020654,2019-02-03 00:40:00,2019,2,3,0,40,13,13022,A50-Sens Aubagne vers Toulon,43.22629,5.58242,Nuit sans éclairage public,Hors agglomération,Hors intersection,Normale,Autre collision,1,-1,1,0,2,3,1,0,1,90,1,1,0,0,0,1,27.0,,voiture,,3,1,1,1,6
201900020655,2019-02-01 16:00:00,2019,2,1,16,0,13,13202,TVPCM-Sens Saint Victor vers Les Ports,43.29208,5.36567,Plein jour,En agglomération,Intersection en Y,Normale,Trois véhicules et plus - collisions multiples,1,1,1,0,2,4,1,1,1,50,3,3,1,0,0,2,31.0,34.0,voiture,voiture,1,2,4,1,5
201900020656,2019-02-01 16:20:00,2019,2,1,16,20,13,13055,A507 sens Aubagne- Marseille,43.329146,5.415003,Plein jour,Hors agglomération,Hors intersection,Pluie légère,Sans collision,1,1,3,0,1,1,2,1,1,70,1,1,0,0,0,1,29.0,,deux_roues,,1,1,1,2,7
201900020657,2019-02-02 02:48:00,2019,2,2,2,48,13,13117,A7-Sens Marseille vers Lyon,43.439003,5.25079,Nuit sans éclairage public,Hors agglomération,Hors intersection,Normale,Deux véhicules - arrière,1,1,2,0,1,1,1,0,1,110,2,2,1,0,0,1,25.0,44.0,voiture,voiture,3,1,1,1,2
201900020658,2019-01-28 09:50:00,2019,1,28,9,50,13,13055,A507 sens Aubagne- Marseille,43.303249,5.425673,Plein jour,En agglomération,Hors intersection,Normale,Trois véhicules et plus - collisions multiples,1,1,4,0,1,1,1,1,1,70,3,3,2,0,0,1,21.0,50.0,utilitaire_camion,utilitaire_camion,1,2,1,1,5
201900020659,2019-02-01 02:35:00,2019,2,1,2,35,13,13106,A51-Sens Marseille vers Aix en Provence,43.40284,5.35666,Nuit sans éclairage public,Hors agglomération,Hors intersection,Normale,Autre collision,1,1,2,0,1,3,1,0,1,90,2,1,0,0,0,1,54.0,,voiture,,3,1,1,1,6
201900020660,2019-01-31 16:05:00,2019,1,31,16,5,13,13001,A51-Sens Aix en Provence vers Marseille,43.51492,5.42521,Plein jour,Hors agglomération,Intersection en Y,Normale,Trois véhicules et plus - collisions multiples,1,3,3,0,1,1,1,3,1,90,3,3,2,0,0,1,24.0,43.0,voiture,voiture,1,1,4,1,5
201900020661,2019-01-31 10:15:00,2019,1,31,10,15,13,13210,A50-Sens Aubagne vers Marseille,43.2834,5.42953,Plein jour,Hors agglomération,Hors intersection,Normale,Trois véhicules et plus - en chaîne,1,2,4,0,1,1,1,0,1,90,3,3,2,0,0,1,35.0,28.0,voiture,voiture,1,1,1,1,4
201900020662,2019-01-31 08:45:00,2019,1,31,8,45,13,13215,A55-Sens Marseille vers Martigues,43.33273,5.55431,Plein jour,Hors agglomération,Hors intersection,Normale,Sans collision,1,1,3,0,2,1,2,0,1,90,1,1,0,0,0,1,25.0,,deux_roues,,1,1,1,1,7
201900020663,2019-01-31 07:50:00,2019,1,31,7,50,13,13215,A55-Sens Marseille vers Martigues,43.331405,5.354367,Plein jour,Hors agglomération,Hors intersection,Normale,Trois véhicules et plus - en chaîne,1,1,3,0,1,1,2,0,1,90,4,5,1,0,0,4,20.0,28.0,voiture,voiture,1,1,1,1,4
201900020664,2019-01-31 07:30:00,2019,1,31,7,30,13,13215,A55-Sens Marseille vers Martigues,43.3329,5.35418,Crépuscule ou aube,Hors agglomération,Hors intersection,Normale,Deux véhicules - arrière,1,1,3,0,2,1,2,0,1,90,2,2,1,0,0,1,33.0,32.0,voiture,voiture,2,1,1,1,2
201900020665,2019-01-30 16:13:00,2019,1,30,16,13,83,83069,RN98,43.1255654,6.0918877,Plein jour,Hors agglomération,Hors intersection,Normale,Deux véhicules - arrière,3,3,5,0,1,1,1,9,1,70,2,3,0,1,0,2,66.0,55.0,voiture,voiture,1,1,1,1,2
201900020666,2019-01-30 19:05:00,2019,1,30,19,5,69,69277,RN346   36.215 A 38.000,45.74135,4.98664,Nuit sans éclairage public,Hors agglomération,Hors intersection,Normale,Trois véhicules et plus - en chaîne,2,3,2,0,2,3,1,0,1,90,3,3,1,0,0,2,46.0,38.0,voiture,voiture,3,1,1,1,4
201900020667,2019-01-26 14:15:00,2019,1,26,14,15,69,69081,BPNL   34.000 A 34.614,45.77137,4.78778,Plein jour,Hors agglomération,Autre intersection,Normale,Autre collision,1,1,2,0,2,3,1,3,1,50,1,1,0,0,0,1,43.0,,deux_roues,,1,1,9,1,6
201900020668,2019-01-30 18:35:00,2019,1,30,18,35,67,67482,Autoroute A.351,48.5875,7.71104,Nuit sans éclairage public,Hors agglomération,Hors intersection,Normale,Trois véhicules et plus - en chaîne,1,3,1,0,2,1,2,0,1,50,4,6,4,0,0,2,55.0,57.0,utilitaire_camion,voiture,3,1,1,1,4
201900020669,2019-02-03 17:15:00,2019,2,3,17,15,33,33122,AUTOROUTE A 63,44.74438,-0.70439,Plein jour,Hors agglomération,Hors intersection,Normale,Deux véhicules - arrière,1,3,4,0,1,1,1,0,1,110,2,6,5,0,0,1,36.0,32.0,voiture,voiture,1,1,1,1,2
201900020670,2019-02-03 13:55:00,2019,2,3,13,55,33,33075,ROCADE A 630,44.88773,-0.57963,Plein jour,Hors agglomération,Hors intersection,Normale,Deux véhicules - côté,1,3,4,0,1,1,1,8,1,70,2,3,1,0,0,2,23.0,49.0,voiture,voiture,1,1,1,1,3
201900020671,2019-02-01 14:10:00,2019,2,1,14,10,33,33063,ROCADE A 630,44.88034,-0.5385,Plein jour,Hors agglomération,Hors intersection,Pluie forte,Trois véhicules et plus - en chaîne,1,3,6,0,3,1,2,2,1,70,5,7,6,0,0,1,57.0,53.0,utilitaire_camion,utilitaire_camion,1,1,1,3,4
201900020672,2019-02-01 08:20:00,2019,2,1,8,20,33,33249,ROUTE NATIONALE 230,44.87086,-0.50526,Plein jour,Hors agglomération,Hors intersection,Pluie légère,Deux véhicules - arrière,2,3,6,0,1,1,2,3,1,90,2,2,1,0,0,1,29.0,38.0,voiture,voiture,1,1,1,2,2
201900020673,2019-01-31 09:00:00,2019,1,31,9,0,33,33487,AUTOROUTE A 10,44.93868,-0.46694,Plein jour,Hors agglomération,Hors intersection,Normale,Deux véhicules - arrière,1,3,6,0,1,1,2,0,1,110,2,1,0,0,0,1,37.0,,voiture,,1,1,1,1,2
201900020674,2019-01-29 20:30:00,2019,1,29,20,30,33,33003,AUTOROUTE A 10,44.92868,-0.47027,Nuit sans éclairage public,Hors agglomération,Hors intersection,Pluie légère,Deux véhicules - côté,1,3,6,0,1,1,2,0,1,130,2,3,2,0,0,1,30.0,19.0,voiture,voiture,3,1,1,2,3
201900020675,2019-01-16 09:55:00,2019,1,16,9,55,33,33065,RN230 échangeur 22,44.80974,-0.52451,Plein jour,Hors agglomération,Hors intersection,Normale,Trois véhicules et plus - collisions multiples,2,3,7,0,1,1,1,3,1,90,3,3,2,0,0,1,54.0,80.0,utilitaire_camion,voiture,1,1,1,1,5
201900020676,2019-02-02 07:40:00,2019,2,2,7,40,91,91689,AUTOROUTE A6A,48.7388,2.3186,Nuit sans éclairage public,Hors agglomération,Hors intersection,Normale,Trois véhicules et plus - en chaîne,1,3,6,0,1,1,2,0,1,110,5,5,4,0,0,1,50.0,51.0,voiture,voiture,3,1,1,1,4
201900020677,2019-02-02 02:15:00,2019,2,2,2,15,91,91645,RN 385 Extèrieure,48.76037,2.2554,Nuit sans éclairage public,Hors agglomération,Hors intersection,Pluie légère,Sans collision,2,3,4,0,1,1,2,0,1,90,1,1,0,0,0,1,29.0,,utilitaire_camion,,3,1,1,2,7
201900020678,2019-02-01 23:50:00,2019,2,1,23,50,91,91645,RN 385 Extèrieure,48.76015,2.25628,Nuit sans éclairage public,Hors agglomération,Autre intersection,Pluie forte,Autre collision,2,1,2,0,1,1,2,0,1,90,1,2,0,0,0,2,19.0,,voiture,,3,1,9,3,6
201900020679,2019-02-01 07:10:00,2019,2,1,7,10,94,94038,AUTOROUTE A6A,48.772,2.3457,Nuit avec éclairage allumé,Hors agglomération,Hors intersection,Normale,Trois véhicules et plus - en chaîne,1,3,6,0,1,1,1,0,1,90,3,3,2,0,0,1,38.0,46.0,deux_roues,voiture,5,1,1,1,4
201900020680,2019-01-31 16:00:00,2019,1,31,16,0,91,91179,AUTOROUTE A6,48.5598,2.4853,Plein jour,Hors agglomération,Hors intersection,Normale,Autre collision,1,1,2,0,2,2,2,0,1,70,1,1,0,0,0,1,25.0,,voiture,,1,1,1,1,6
201900020681,2019-01-31 02:15:00,2019,1,31,2,15,91,91064,RN 118,48.750084,2.221356,Nuit sans éclairage public,Hors agglomération,Hors intersection,Brouillard / fumée,Sans collision,2,3,4,0,2,2,2,0,1,90,1,1,0,0,0,1,37.0,,voiture,,3,1,1,5,7
201900020682,2019-01-30 16:50:00,2019,1,30,16,50,94,94034,AUTOROUTE A86,48.7616,2.31612,Plein jour,Hors agglomération,Hors intersection,Pluie légère,Deux véhicules - côté,1,3,4,0,3,1,2,0,1,70,2,2,1,0,0,1,39.0,33.0,voiture,voiture,1,1,1,2,3
201900020683,2019-01-30 11:15:00,2019,1,30,11,15,91,91363,RN 104,48.662052,2.186789,Plein jour,Hors agglomération,Hors intersection,Normale,Trois véhicules et plus - collisions multiples,2,3,6,0,1,1,5,0,1,110,3,3,2,0,0,1,70.0,45.0,voiture,utilitaire_camion,1,1,1,1,5
201900020684,2019-01-29 14:40:00,2019,1,29,14,40,94,94065,AUTOROUTE A86,48.75495,2.34633,Plein jour,Hors agglomération,Hors intersection,Normale,Deux véhicules - côté,2,3,6,0,1,1,2,0,1,90,2,2,1,0,0,1,50.0,26.0,utilitaire_camion,voiture,1,1,1,1,3
201900020685,2019-02-02 14:05:00,2019,2,2,14,5,78,78322,RN12 EXT,48.781626,2.166427,Plein jour,Hors agglomération,Hors intersection,Normale,Autre collision,2,3,3,0,1,1,1,0,1,110,2,2,0,0,0,2,25.0,26.0,voiture,voiture,1,1,1,1,6
201900020686,2019-02-02 10:00:00,2019,2,2,10,0,78,78524,A13,48.8416,2.10296,Plein jour,Hors agglomération,Hors intersection,Normale,Deux véhicules - arrière,1,1,2,0,1,1,1,0,1,90,2,3,2,0,0,1,83.0,69.0,voiture,voiture,1,1,1,1,2
201900020687,2019-02-01 11:40:00,2019,2,1,11,40,92,92064,A13,48.8385903,2.1922207,Plein jour,Hors agglomération,Hors intersection,Normale,Deux véhicules - arrière,1,1,3,0,1,1,1,0,1,110,2,2,1,0,0,1,34.0,33.0,deux_roues,voiture,1,1,1,1,2
201900020688,2019-01-31 18:30:00,2019,1,31,18,30,78,78571,A13,48.865275,2.037515,Nuit sans éclairage public,Hors agglomération,Hors intersection,Neige / grêle,Trois véhicules et plus - collisions multiples,1,-1,2,0,1,1,2,0,1,110,3,4,3,0,0,1,68.0,28.0,voiture,voiture,3,1,1,4,5
201900020689,2019-01-31 18:30:00,2019,1,31,18,30,78,78402,A13,48.964469,1.798553,Nuit avec éclairage allumé,Hors agglomération,Hors intersection,Pluie forte,Deux véhicules - côté,1,3,1,0,1,1,2,0,1,110,2,2,1,0,0,1,51.0,53.0,utilitaire_camion,voiture,5,1,1,3,3
201900020690,2019-01-31 07:40:00,2019,1,31,7,40,92,92050,A86,48.9196078,2.2243611,Crépuscule ou aube,Hors agglomération,Hors intersection,Normale,Autre collision,1,1,2,0,1,1,2,0,1,90,1,1,0,0,0,1,33.0,,deux_roues,,2,1,1,1,6
201900020691,2019-02-02 20:30:00,2019,2,2,20,30,93,93066,AUTOROUTE A86,48.92293,2.34505,Nuit sans éclairage public,Hors agglomération,Hors intersection,Normale,Autre collision,1,3,9,0,1,3,1,2,1,90,1,1,0,0,0,1,25.0,,voiture,,3,1,1,1,6
201900020692,2019-02-01 19:50:00,2019,2,1,19,50,95,95154,AUTOROUTE A1,49.04496,2.54508,Nuit sans éclairage public,Hors agglomération,Hors intersection,Pluie légère,Deux véhicules - arrière,1,3,6,0,2,1,2,0,1,110,2,2,0,0,1,1,40.0,45.0,voiture,voiture,3,1,1,2,2
201900020693,2019-02-02 08:00:00,2019,2,2,8,0,95,95607,AUTOROUTE A115,49.02693,2.20476,Nuit avec éclairage allumé,Hors agglomération,Hors intersection,Pluie légère,Autre collision,1,1,1,0,2,2,2,0,1,70,1,2,0,0,2,0,33.0,,utilitaire_camion,,5,1,1,2,6
201900020694,2019-02-02 05:30:00,2019,2,2,5,30,93,93027,AUTOROUTE A1,48.93447,2.39762,Nuit sans éclairage public,Hors agglomération,Hors intersection,Pluie légère,Autre collision,1,3,6,0,1,1,3,0,1,90,1,1,0,0,0,1,29.0,,voiture,,3,1,1,2,6
201900020695,2019-02-01 23:50:00,2019,2,1,23,50,95,95582,AUTOROUTE A15,48.9762,2.2373,Nuit avec éclairage non allumé,Hors agglomération,Hors intersection,Pluie forte,Autre collision,1,3,7,0,1,1,2,0,1,110,1,3,2,0,0,1,49.0,,voiture,,4,1,1,3,6
201900020696,2019-02-01 16:00:00,2019,2,1,16,0,93,93007,AUTOROUTE A1,48.94861,2.44595,Plein jour,Hors agglomération,Hors intersection,Normale,Deux véhicules - côté,1,3,8,0,1,1,1,1,1,110,2,2,1,0,0,1,38.0,30.0,voiture,deux_roues,1,1,1,1,3
201900020697,2019-02-01 08:20:00,2019,2,1,8,20,95,95582,AUTOROUTE A15,48.96571,2.25837,Plein jour,Hors agglomération,Hors intersection,Normale,Trois véhicules et plus - en chaîne,1,3,10,0,1,1,2,0,1,110,3,3,2,0,0,1,54.0,46.0,voiture,voiture,1,1,1,1,4
201900020698,2019-01-31 07:40:00,2019,1,31,7,40,93,93066,AUTOROUTE A1,48.93317,2.37648,Nuit sans éclairage public,Hors agglomération,Hors intersection,Normale,Deux véhicules - côté,1,3,10,0,1,1,1,0,1,90,2,2,1,0,0,1,22.0,43.0,utilitaire_camion,deux_roues,3,1,1,1,3
201900020699,2019-02-02 17:50:00,2019,2,2,17,50,94,94046,A86 EXT,48.8019,2.4408,Plein jour,Hors agglomération,Hors intersection,Normale,Trois véhicules et plus - en chaîne,1,3,4,0,1,1,1,0,1,90,3,3,1,0,0,2,23.0,27.0,voiture,voiture,1,1,1,1,4
201900020700,2019-02-02 14:50:00,2019,2,2,14,50,94,94017,A4,48.82981,2.49786,Plein jour,Hors agglomération,Hors intersection,Normale,Deux véhicules - côté,1,-1,5,0,1,1,1,0,1,90,2,3,1,0,0,2,29.0,49.0,voiture,voiture,1,1,1,1,3
201900020701,2019-02-02 03:25:00,2019,2,2,3,25,94,94042,A4,48.82854,2.47624,Nuit avec éclairage allumé,Hors agglomération,Hors intersection,Pluie forte,Autre collision,1,3,4,0,1,1,2,0,1,90,2,2,1,0,1,0,34.0,52.0,utilitaire_camion,utilitaire_camion,5,1,1,3,6
201900020702,2019-02-01 11:40:00,2019,2,1,11,40,94,94017,A4,48.82,2.49,Plein jour,Hors agglomération,Hors intersection,Normale,Trois véhicules et plus - en chaîne,1,1,5,0,1,1,1,0,1,90,4,4,3,0,0,1,33.0,52.0,voiture,utilitaire_camion,1,1,1,1,4
201900020703,2019-02-01 08:40:00,2019,2,1,8,40,77,77514,A104,48.94266,2.62853,Plein jour,Hors agglomération,Hors intersection,Normale,Sans collision,1,3,4,0,1,1,2,0,1,90,1,1,0,0,0,1,59.0,,deux_roues,,1,1,1,1,7
201900020704,2019-01-31 12:15:00,2019,1,31,12,15,94,94046,A86 EXT,48.80907,2.44912,Plein jour,Hors agglomération,Hors intersection,Normale,Deux véhicules - arrière,1,3,4,0,1,1,1,0,1,90,2,2,1,0,0,1,26.0,45.0,deux_roues,voiture,1,1,1,1,2
201900020705,2019-01-31 09:30:00,2019,1,31,9,30,94,94028,RN406.Y,48.757438,2.473861,Plein jour,Hors agglomération,Hors intersection,Normale,Deux véhicules - arrière,2,1,2,0,2,3,2,0,1,70,2,2,1,0,0,1,47.0,31.0,voiture,deux_roues,1,1,1,1,2
201900020706,2019-01-31 09:25:00,2019,1,31,9,25,77,77450,RN104,48.71199,2.59965,Plein jour,Hors agglomération,Hors intersection,Normale,Autre collision,2,1,2,0,1,1,2,0,1,110,2,2,1,0,0,1,44.0,24.0,voiture,voiture,1,1,1,1,6
201900020707,2019-01-30 13:45:00,2019,1,30,13,45,77,77337,RN104,48.829885,2.619059,Plein jour,Hors agglomération,Hors intersection,Normale,Autre collision,1,1,2,0,1,2,5,2,1,70,1,1,0,0,0,1,21.0,,utilitaire_camion,,1,1,1,1,6
201900020708,2019-01-29 16:25:00,2019,1,29,16,25,86,86194,PAILLERIE (RUE DE LA),46.55328,0.30973,Plein jour,En agglomération,Hors intersection,Pluie forte,Deux véhicules - arrière,4,2,4,0,1,1,2,0,1,50,2,2,1,0,0,1,43.0,26.0,voiture,voiture,1,2,1,3,2
201900020709,2019-01-28 09:40:00,2019,1,28,9,40,86,86194,JOHN KENNEDY (AVENUE),46.5893852,0.3599585,Plein jour,En agglomération,Intersection en X,Pluie légère,Autre collision,3,3,4,2,1,1,2,5,1,50,1,3,1,0,1,1,61.0,,voiture,,1,2,2,2,6
201900020710,2019-01-19 07:00:00,2019,1,19,7,0,76,76484,CD 18E,49.34613,1.07721,Nuit avec éclairage allumé,Hors agglomération,Giratoire,Normale,Autre collision,3,3,0,0,1,1,1,5,1,90,2,6,4,0,0,2,,,,,5,1,6,1,6
201900020711,2019-01-28 08:40:00,2019,1,28,8,40,71,71306,ETANG (RUE DE L'),46.69126,4.349803,Plein jour,En agglomération,Intersection en X,Normale,Deux véhicules - côté,4,2,2,0,1,1,1,0,1,50,2,2,1,0,0,1,37.0,71.0,voiture,voiture,1,2,2,1,3
201900020712,2019-01-28 13:15:00,2019,1,28,13,15,71,71076,LUMIERE (RUE DES FRERES),46.80025,4.87353,Plein jour,En agglomération,Hors intersection,Normale,Sans collision,4,2,-1,0,1,1,1,0,1,50,1,1,0,0,1,0,57.0,,deux_roues,,1,2,1,1,7
201900020713,2019-01-29 08:20:00,2019,1,29,8,20,71,71076,PARIS (AVENUE DE),46.78799,4.84992,Plein jour,En agglomération,Hors intersection,Normale,Autre collision,4,2,2,2,1,1,1,0,1,50,2,2,1,0,0,1,40.0,74.0,deux_roues,voiture,1,2,1,1,6
201900020714,2019-01-28 09:23:00,2019,1,28,9,23,92,92023,HENRI BARBUSSE (AVENUE),48.8143763,2.2577258,Plein jour,En agglomération,Hors intersection,Normale,Autre collision,3,2,2,0,1,1,1,0,1,50,1,2,1,0,0,1,27.0,,deux_roues,,1,2,1,1,6
201900020715,2019-01-30 19:20:00,2019,1,30,19,20,94,94003,AUTOROUTE A6A,48.81051,2.33801,Nuit avec éclairage allumé,Hors agglomération,Hors intersection,Pluie légère,Sans collision,1,3,6,0,1,1,2,0,1,130,1,1,0,0,0,1,28.0,,deux_roues,,5,1,1,2,7
201900020716,2019-01-27 15:10:00,2019,1,27,15,10,92,92036,AUTOROUTE A15,48.9370571,2.2947477,Plein jour,Hors agglomération,Hors intersection,Pluie légère,Autre collision,1,1,2,0,2,2,2,3,1,50,1,1,0,0,0,1,41.0,,voiture,,1,1,1,2,6
201900020717,2019-01-30 08:50:00,2019,1,30,8,50,988,98818,ROUTE STRATEGIQUE - RUE PAUL CACOT,-22.26368,166.44975,Plein jour,En agglomération,Giratoire,Pluie forte,Sans collision,4,2,2,0,3,3,2,5,4,50,1,1,0,0,0,1,24.0,,voiture,,1,2,6,3,7
201900020718,2019-01-29 17:15:00,2019,1,29,17,15,988,98818,VE1 SENS NORD/SUD,-22.24929,166.45085,Plein jour,Hors agglomération,Hors intersection,Pluie forte,Autre collision,1,3,4,0,1,2,2,0,1,70,1,1,0,0,0,1,20.0,,voiture,,1,1,1,3,6
201900020719,2019-01-30 14:35:00,2019,1,30,14,35,974,97411,MACE (BOULEVARD GABRIEL),-20.87274,55.44834,Plein jour,En agglomération,Hors intersection,Normale,Trois véhicules et plus - collisions multiples,4,2,2,0,1,1,1,0,1,50,3,3,2,0,1,0,40.0,51.0,voiture,deux_roues,1,2,1,1,5
201900020720,2019-01-30 11:45:00,2019,1,30,11,45,973,97302,BADUEL (ROUTE DE),4.9402041,-52.3197377,Plein jour,En agglomération,Hors intersection,Normale,Deux véhicules - côté,3,2,2,1,1,1,1,0,1,50,2,4,3,0,0,1,61.0,22.0,voiture,deux_roues,1,2,1,1,3
201900020721,2019-01-29 13:50:00,2019,1,29,13,50,973,97302,BRUTUS (CITE),4.9344293,-52.317604,Plein jour,En agglomération,Hors intersection,Normale,Autre collision,4,2,1,0,1,1,1,0,2,50,1,3,0,0,1,2,18.0,,deux_roues,,1,2,1,1,6
201900020722,2019-01-29 06:30:00,2019,1,29,6,30,973,97309,RD24,4.9006537,-52.3097062,Crépuscule ou aube,Hors agglomération,Hors intersection,Pluie légère,Deux véhicules - côté,3,2,2,0,1,1,2,0,1,50,2,2,1,0,0,1,61.0,38.0,deux_roues,deux_roues,2,1,1,2,3
201900020723,2019-01-30 21:00:00,2019,1,30,21,0,69,69383,ALBERT THOMAS                       (CO),45.748,4.86423,Nuit avec éclairage allumé,En agglomération,Hors intersection,Normale,Autre collision,4,4,3,3,2,1,1,0,1,50,1,2,1,0,1,0,19.0,,deux_roues,,5,2,1,1,6
201900020724,2019-01-30 19:45:00,2019,1,30,19,45,69,69386,VITTON                              (CO),45.76947,4.85236,Nuit avec éclairage allumé,En agglomération,Intersection en X,Normale,Deux véhicules - côté,4,1,3,0,1,1,1,0,1,50,2,2,0,0,0,2,21.0,26.0,deux_roues,deux_roues,5,2,2,1,3
201900020725,2019-01-29 10:57:00,2019,1,29,10,57,69,69383,GAMBETTA                            (CO),45.7557,4.84199,Plein jour,En agglomération,Hors intersection,Normale,Autre collision,4,-1,3,0,1,1,1,0,1,50,1,2,1,0,1,0,44.0,,voiture,,1,2,1,1,6
201900020726,2019-01-29 13:00:00,2019,1,29,13,0,972,97213,GEORGES GRATIANT,14.618,-60.992202,Plein jour,En agglomération,Hors intersection,Normale,Autre collision,4,1,1,0,1,1,1,0,1,50,1,1,0,0,1,0,78.0,,utilitaire_camion,,1,2,1,1,6
201900020727,2019-01-29 11:23:00,2019,1,29,11,23,972,97213,MAHAULT,14.61864,-61.0046,Plein jour,Hors agglomération,Giratoire,Normale,Deux véhicules - côté,2,1,2,0,1,1,1,2,1,70,2,2,1,0,0,1,85.0,56.0,utilitaire_camion,voiture,1,1,6,1,3
201900020728,2019-01-29 19:15:00,2019,1,29,19,15,972,97209,DILLON (AVENUE DE) EX RUE 15,14.6082,-61.0454,Nuit sans éclairage public,En agglomération,Hors intersection,Normale,Deux véhicules - frontale,4,2,2,0,1,1,1,0,1,50,2,2,1,0,0,1,52.0,,voiture,,3,2,1,1,1
201900020729,2019-01-30 11:40:00,2019,1,30,11,40,972,97209,RD 41 (ROCADE),14.61373,-61.07602,Plein jour,Hors agglomération,Hors intersection,Normale,Trois véhicules et plus - collisions multiples,3,3,4,0,1,1,1,0,1,60,3,3,2,0,0,1,53.0,79.0,deux_roues,voiture,1,1,1,1,5
201900020730,2019-01-30 07:15:00,2019,1,30,7,15,972,97209,AUTOROUTE (A1),14.61565,-61.04422,Plein jour,Hors agglomération,Hors intersection,Normale,Trois véhicules et plus - en chaîne,1,1,8,3,2,1,1,0,1,90,3,3,0,0,0,3,52.0,50.0,voiture,voiture,1,1,1,1,4
201900020731,2019-01-29 18:00:00,2019,1,29,18,0,972,97209,GENERAL DE GAULLE (BLD DU),14.60776,-61.07126,Crépuscule ou aube,En agglomération,Hors intersection,Pluie légère,Autre collision,2,3,4,0,1,1,1,9,1,50,1,2,1,0,0,1,47.0,,voiture,,2,2,1,2,6
201900020732,2019-01-28 08:00:00,2019,1,28,8,0,972,97209,JACQUES ROUMAIN (AVENUE),14.60857,-61.04675,Plein jour,En agglomération,Intersection en T,Normale,Deux véhicules - côté,4,3,2,0,1,1,1,9,1,50,2,2,0,0,0,2,44.0,63.0,voiture,voiture,1,2,3,1,3
201900020733,2019-01-30 17:30:00,2019,1,30,17,30,69,69389,SIDOINE APPOLINAIRE                 (AV),45.77329,4.79532,Crépuscule ou aube,En agglomération,Hors intersection,Normale,Autre collision,4,2,2,0,1,1,1,0,1,50,1,2,1,0,1,0,53.0,,voiture,,2,2,1,1,6
201900020734,2019-01-30 17:25:00,2019,1,30,17,25,69,69385,JOLIOT CURIE                        (R ),45.75465,4.78776,Crépuscule ou aube,En agglomération,Hors intersection,Normale,Autre collision,4,2,2,0,2,1,1,0,1,50,1,2,1,0,0,1,84.0,,voiture,,2,2,1,1,6
201900020735,2019-01-30 08:30:00,2019,1,30,8,30,69,69202,COMMANDANT CHARCOT (DU)             (R ),45.75086,4.8005,Plein jour,En agglomération,Hors intersection,Normale,Deux véhicules - côté,7,2,2,0,1,1,1,9,1,50,2,2,1,0,0,1,28.0,39.0,voiture,deux_roues,1,2,1,1,3
201900020736,2019-01-30 05:05:00,2019,1,30,5,5,69,69382,JULES COURMONT                      (QU),45.76356,4.83844,Nuit avec éclairage allumé,En agglomération,Intersection en X,Pluie légère,Deux véhicules - arrière,7,1,4,0,1,1,2,0,1,50,2,1,0,0,0,1,26.0,,voiture,,5,2,2,2,2
201900020737,2019-01-29 14:20:00,2019,1,29,14,20,69,69389,AUTOROUTE A6                        (XX),45.76587,4.79843,Plein jour,En agglomération,Hors intersection,Normale,Sans collision,1,1,1,0,2,1,1,9,1,70,1,2,0,0,0,2,38.0,,voiture,,1,2,1,1,7
201900020738,2019-01-29 09:00:00,2019,1,29,9,0,69,69384,HENON                               (R ),45.77962,4.82053,Plein jour,En agglomération,Intersection en X,Normale,Deux véhicules - côté,4,2,2,0,2,1,1,0,1,50,2,2,1,0,1,0,33.0,39.0,voiture,deux_roues,1,2,2,1,3
201900020739,2019-01-29 07:40:00,2019,1,29,7,40,69,69389,ST CYR (DE)                         (R ),45.78608,4.80794,Nuit avec éclairage allumé,En agglomération,Hors intersection,Normale,Autre collision,3,2,3,0,1,1,1,0,1,50,1,2,1,0,1,0,27.0,,voiture,,5,2,1,1,6