accident_id,datetime,annee,mois,jour,heure,minute,departement,commune_insee,adresse,latitude,longitude,luminosite,agglomeration,intersection,meteo,collision,catr,circ,nbv,vosp,prof,plan,surf,infra,situ,vma,nb_vehicules,nb_usagers,nb_indemnes,nb_tues,nb_blesses_hosp,nb_blesses_legers,age_cond_1,age_cond_2,veh_type_cond_1,veh_type_cond_2,lum_code,agg_code,int_code,atm_code,col_code
201900020922,2019-10-10 10:00:00,2019,10,10,10,0,93,93066,POULBOT FRANCISQUE,48.91818,2.3448,Plein jour,En agglomération,Hors intersection,Normale,Deux véhicules - arrière,3,2,4,0,2,1,1,0,1,50,2,5,3,0,0,2,52.0,55.0,voiture,deux_roues,1,2,1,1,2
201900020923,2019-10-11 23:00:00,2019,10,11,23,0,93,93053,BREMENT (RUE DE) 1 A 83 - 2 A 78,48.8885276,2.4562771,Nuit avec éclairage allumé,Hors agglomération,Hors intersection,Normale,Deux véhicules - côté,3,1,2,0,1,1,1,0,1,50,2,4,3,0,0,1,19.0,71.0,deux_roues,voiture,5,1,1,1,3
201900020924,2019-10-09 19:40:00,2019,10,9,19,40,93,93053,PARIS (RUE DE),48.9002951,2.4517284,Crépuscule ou aube,En agglomération,Hors intersection,Temps couvert,Deux véhicules - arrière,3,3,3,0,1,1,2,0,1,50,2,2,1,0,0,1,28.0,20.0,deux_roues,voiture,2,2,1,8,2
201900020925,2019-10-11 21:20:00,2019,10,11,21,20,93,93050,PAUL VAILLANT COUTURIER (RUE),48.87,2.55,Nuit avec éclairage allumé,En agglomération,Hors intersection,Normale,Deux véhicules - arrière,3,2,2,0,1,1,1,0,1,50,2,3,2,0,0,1,23.0,29.0,utilitaire_camion,utilitaire_camion,5,2,1,1,2
201900020926,2019-10-11 17:05:00,2019,10,11,17,5,93,93048,JULES GUESDE (RUE),48.86268,2.48056,Plein jour,En agglomération,Hors intersection,Normale,Deux véhicules - côté,4,1,1,0,2,1,1,0,2,30,2,2,1,0,0,1,20.0,11.0,voiture,deux_roues,1,2,1,1,3
201900020927,2019-10-11 13:22:00,2019,10,11,13,22,93,93074,MEAUX RUE DE,48.93643,2.58284,Plein jour,En agglomération,Autre intersection,Normale,Deux véhicules - côté,3,1,1,0,1,1,1,0,1,50,2,2,1,0,1,0,62.0,23.0,voiture,deux_roues,1,2,9,1,3
201900020928,2019-10-11 12:50:00,2019,10,11,12,50,93,93029,FOUQUET,48.919,2.4352,Plein jour,En agglomération,Intersection en X,Normale,Trois véhicules et plus - collisions multiples,4,1,1,0,1,1,1,0,1,50,3,2,0,0,0,2,27.0,19.0,voiture,voiture,1,2,2,1,5
201900020929,2019-10-10 15:00:00,2019,10,10,15,0,92,92050,NEUILLY RUE DE,48.88694,2.20857,Plein jour,En agglomération,Hors intersection,Normale,Autre collision,4,1,1,3,1,1,1,0,1,30,1,2,1,0,0,1,40.0,,voiture,,1,2,1,1,6
201900020930,2019-10-11 12:40:00,2019,10,11,12,40,92,92024,LEON BLUM (RUE),48.90829,2.30445,Plein jour,En agglomération,Hors intersection,Normale,Autre collision,4,1,2,0,1,1,1,0,1,50,1,2,1,0,0,1,57.0,,voiture,,1,2,1,1,6
201900020931,2019-10-11 09:30:00,2019,10,11,9,30,92,92025,DEBARCADERE (RUE DU),48.907794,2.231972,Plein jour,En agglomération,Intersection en X,Normale,Deux véhicules - frontale,4,2,2,0,1,1,1,0,1,50,2,2,1,0,0,1,42.0,28.0,voiture,deux_roues,1,2,2,1,1
201900020932,2019-10-11 08:31:00,2019,10,11,8,31,92,92007,PERI (AVENUE GABRIEL),48.79707,2.30414,Plein jour,En agglomération,Hors intersection,Normale,Deux véhicules - côté,7,3,2,0,1,1,1,0,1,30,2,2,1,0,0,1,20.0,43.0,deux_roues,voiture,1,2,1,1,3
201900020933,2019-10-10 22:40:00,2019,10,10,22,40,92,92004,PIERRE DE COUBERTIN  ( BD ),48.9293237,2.2845508,Nuit avec éclairage allumé,En agglomération,Hors intersection,Normale,Deux véhicules - côté,3,-1,2,0,1,1,1,0,1,50,2,2,1,0,0,1,24.0,21.0,deux_roues,voiture,5,2,1,1,3
201900020934,2019-10-10 14:30:00,2019,10,10,14,30,92,92004,ARGENTEUIL AV D',48.9100729,2.2860891,Plein jour,En agglomération,Hors intersection,Normale,Deux véhicules - côté,3,-1,2,0,1,1,1,0,1,50,2,2,1,0,0,1,56.0,36.0,utilitaire_camion,deux_roues,1,2,1,1,3
201900020935,2019-10-12 18:25:00,2019,10,12,18,25,62,62308,rn 42,50.726889,1.91434,Plein jour,Hors agglomération,Hors intersection,Pluie légère,Trois véhicules et plus - collisions multiples,2,2,2,0,1,1,2,0,1,70,4,8,5,0,3,0,27.0,73.0,voiture,voiture,1,1,1,2,5
201900020936,2019-10-11 05:15:00,2019,10,11,5,15,25,25032,A36 PK 090+000,47.374482,6.387083,Nuit sans éclairage public,Hors agglomération,Hors intersection,Normale,Deux véhicules - arrière,1,1,2,0,1,1,1,3,6,130,2,3,1,0,1,1,39.0,21.0,utilitaire_camion,voiture,3,1,1,1,2
201900020937,2019-10-11 16:00:00,2019,10,11,16,0,42,42145,D504,46.033635,4.243522,Plein jour,Hors agglomération,Giratoire,Normale,Autre collision,3,2,2,0,1,3,1,0,1,80,1,1,0,0,1,0,49.0,,deux_roues,,1,1,6,1,6
201900020938,2019-10-12 09:10:00,2019,10,12,9,10,10,10067,rd671,48.228367,4.130183,Plein jour,Hors agglomération,Hors intersection,Normale,Deux véhicules - frontale,3,-1,2,0,1,1,1,0,1,-1,2,2,0,0,1,1,64.0,30.0,voiture,voiture,1,1,1,1,1
201900020939,2019-10-11 13:15:00,2019,10,11,13,15,1,01419,Chemin de Pré Jacquet,46.229388,5.996469,Plein jour,En agglomération,Hors intersection,Normale,Autre collision,6,-1,-1,0,1,1,1,0,1,30,1,2,1,0,1,0,84.0,,voiture,,1,2,1,1,6
201900020940,2019-10-12 11:37:00,2019,10,12,11,37,87,87119,A 20 - PK 202+200,45.694805,1.365698,Plein jour,Hors agglomération,Hors intersection,Normale,Sans collision,1,3,4,0,1,2,1,2,1,110,1,1,0,0,1,0,56.0,,voiture,,1,1,1,1,7
201900020941,2019-10-03 17:47:00,2019,10,3,17,47,973,97311,Pont de la crique blanche - D9,5.4983952,-53.9711738,Plein jour,Hors agglomération,Hors intersection,Normale,Deux véhicules - frontale,3,4,1,0,1,1,1,2,1,50,2,3,1,0,0,2,42.0,30.0,voiture,transport_commun,1,1,1,1,1
201900020942,2019-10-12 17:35:00,2019,10,12,17,35,85,85109,La Richetière,46.84392,-1.07604,Plein jour,Hors agglomération,Intersection en X,Temps éblouissant,Deux véhicules - frontale,3,2,2,3,1,1,1,5,1,80,2,2,0,0,1,1,51.0,19.0,voiture,deux_roues,1,1,2,7,1
201900020943,2019-10-11 23:40:00,2019,10,11,23,40,48,48009,A75,44.703327,3.279084,Nuit sans éclairage public,Hors agglomération,Hors intersection,Normale,Deux véhicules - arrière,1,3,4,0,1,1,1,0,1,110,2,3,1,0,0,2,72.0,44.0,voiture,voiture,3,1,1,1,2
201900020944,2019-10-08 15:40:00,2019,10,8,15,40,23,23232,D 34,45.901329,1.887164,Plein jour,Hors agglomération,Hors intersection,Normale,Sans collision,3,2,2,0,2,2,1,0,3,80,1,1,0,0,1,0,32.0,,utilitaire_camion,,1,1,1,1,7
201900020945,2019-10-12 17:25:00,2019,10,12,17,25,62,62418,2 rue d'Avesnes- D 68,50.27414,2.56927,Plein jour,En agglomération,Hors intersection,Normale,Deux véhicules - côté,3,2,2,0,4,3,1,0,1,50,2,3,1,0,2,0,43.0,40.0,deux_roues,voiture,1,2,1,1,3
201900020946,2019-10-11 17:30:00,2019,10,11,17,30,34,34169,route de Mende,43.6679259,3.8678312,Plein jour,En agglomération,Intersection en Y,Normale,Trois véhicules et plus - collisions multiples,3,2,2,0,1,2,1,0,1,50,3,3,2,0,1,0,29.0,19.0,voiture,deux_roues,1,2,4,1,5
201900020947,2019-10-12 11:45:00,2019,10,12,11,45,24,24029,Autoroute A89,45.008975,0.295001,Plein jour,Hors agglomération,Hors intersection,Normale,Autre collision,1,3,4,0,1,1,1,0,1,130,1,2,0,1,1,0,20.0,,voiture,,1,1,1,1,6
201900020948,2019-10-11 18:00:00,2019,10,11,18,0,74,74043,Avenue du Leman,46.266723,6.375745,Plein jour,En agglomération,Hors intersection,Temps éblouissant,Deux véhicules - côté,3,3,2,0,1,1,1,0,1,50,2,2,1,0,1,0,52.0,68.0,deux_roues,voiture,1,2,1,7,3
201900020949,2019-10-07 19:00:00,2019,10,7,19,0,19,19011,54 Avenue du Midi,45.392804,1.375709,Crépuscule ou aube,En agglomération,Hors intersection,Normale,Autre collision,3,2,2,0,1,1,1,0,4,50,1,1,0,0,1,0,32.0,,deux_roues,,2,2,1,1,6
201900020950,2019-10-12 13:45:00,2019,10,12,13,45,19,19231,route du bos redon,45.275912,1.991427,Plein jour,Hors agglomération,Hors intersection,Normale,Sans collision,3,2,2,0,2,2,1,0,3,80,1,1,0,0,1,0,33.0,,voiture,,1,1,1,1,7
201900020951,2019-09-14 23:35:00,2019,9,14,23,35,74,74002,Route des Asnieres,45.819693,6.03181,Nuit avec éclairage allumé,Hors agglomération,Hors intersection,Normale,Sans collision,3,2,2,0,2,1,1,0,1,80,1,1,0,0,1,0,51.0,,deux_roues,,5,1,1,1,7
201900020952,2019-10-11 20:50:00,2019,10,11,20,50,77,77212,Route départementale 411 PK 22 +300,48.38884,3.13137,Nuit sans éclairage public,Hors agglomération,Hors intersection,Normale,Trois véhicules et plus - collisions multiples,3,2,2,0,1,1,1,0,1,80,3,6,3,0,0,3,49.0,81.0,voiture,voiture,3,1,1,1,5
201900020953,2019-10-12 00:00:00,2019,10,12,0,0,2B,2B150,RT30 lieu dit U Bagnu,42.581104,8.820727,Nuit sans éclairage public,En agglomération,Hors intersection,Normale,Autre collision,2,2,2,0,1,2,1,0,3,50,1,2,0,0,2,0,38.0,,voiture,,3,2,1,1,6
201900020954,2019-10-12 13:00:00,2019,10,12,13,0,82,82102,D3,44.010776,0.872106,Plein jour,Hors agglomération,Hors intersection,Normale,Sans collision,3,2,2,0,2,4,1,0,3,80,1,1,0,0,1,0,21.0,,deux_roues,,1,1,1,1,7
201900020955,2019-10-11 16:40:00,2019,10,11,16,40,82,82125,Avenue de Montauban,43.967704,1.262551,Plein jour,Hors agglomération,Hors intersection,Temps éblouissant,Deux véhicules - frontale,3,2,2,0,1,1,1,0,1,80,2,2,1,0,0,1,53.0,20.0,voiture,voiture,1,1,1,7,1
201900020956,2019-10-12 15:50:00,2019,10,12,15,50,32,32388,cardayré,43.665082,0.856196,Plein jour,Hors agglomération,Hors intersection,Normale,Autre collision,3,2,2,0,1,2,1,0,3,80,1,1,0,1,0,0,39.0,,deux_roues,,1,1,1,1,6
201900020957,2019-10-11 13:00:00,2019,10,11,13,0,61,61151,D278,48.718608,0.579857,Plein jour,En agglomération,Hors intersection,Normale,Sans collision,3,2,2,0,1,3,1,0,3,80,1,1,0,0,1,0,91.0,,voiture,,1,2,1,1,7
201900020958,2019-10-12 08:00:00,2019,10,12,8,0,49,49307,D952,47.416929,-0.365839,Plein jour,Hors agglomération,Hors intersection,Normale,Deux véhicules - frontale,3,2,2,0,1,1,1,0,1,70,2,2,1,0,1,0,62.0,22.0,utilitaire_camion,voiture,1,1,1,1,1
201900020959,2019-10-12 14:40:00,2019,10,12,14,40,42,42262,CD 3,45.403888,4.144538,Plein jour,Hors agglomération,Hors intersection,Vent fort / tempête,Sans collision,3,2,2,0,2,2,1,0,3,80,1,2,1,0,1,0,22.0,,deux_roues,,1,1,1,6,7
201900020960,2019-10-11 07:05:00,2019,10,11,7,5,41,41232,"RD 2020, PK 33 615",47.371142,2.055672,Crépuscule ou aube,Hors agglomération,Hors intersection,Normale,Deux véhicules - côté,3,2,2,0,1,1,2,0,1,80,2,2,0,0,2,0,49.0,24.0,utilitaire_camion,voiture,2,1,1,1,3
201900020961,2019-10-11 18:45:00,2019,10,11,18,45,68,68128,RD432,47.563501,7.239236,Crépuscule ou aube,Hors agglomération,Hors intersection,Normale,Deux véhicules - frontale,3,2,2,0,1,1,1,0,1,70,2,2,1,0,0,1,65.0,50.0,voiture,voiture,2,1,1,1,1
201900020962,2019-10-02 09:45:00,2019,10,2,9,45,29,29221,Route de Melon,48.4996257,-4.7641466,Plein jour,En agglomération,Intersection en Y,Normale,Deux véhicules - côté,3,2,2,0,2,3,1,0,1,50,2,3,2,0,0,1,88.0,52.0,voiture,deux_roues,1,2,4,1,3
201900020963,2019-10-12 14:50:00,2019,10,12,14,50,31,31232,Chemin de Montagne,43.76159,1.297098,Plein jour,En agglomération,Intersection en T,Normale,Deux véhicules - côté,4,2,2,0,1,1,1,0,1,50,2,2,1,0,1,0,14.0,28.0,deux_roues,voiture,1,2,3,1,3
201900020964,2019-10-12 14:50:00,2019,10,12,14,50,38,38022,167 Chemin du Perraud (Les Avenières),45.649495,5.560138,Plein jour,Hors agglomération,Hors intersection,Normale,Autre collision,9,2,2,0,1,1,1,0,1,80,1,1,0,0,0,1,50.0,,deux_roues,,1,1,1,1,6
201900020965,2019-09-18 10:50:00,2019,9,18,10,50,15,15192,Cresponnet,45.058422,2.71983,Plein jour,Hors agglomération,Hors intersection,Normale,Autre collision,4,2,2,0,2,3,1,0,3,80,1,1,0,1,0,0,82.0,,voiture,,1,1,1,1,6
201900020966,2019-10-12 06:15:00,2019,10,12,6,15,15,15140,Route Impériale,44.948184,2.427909,Nuit sans éclairage public,Hors agglomération,Hors intersection,Pluie légère,Autre collision,3,2,2,0,1,1,1,0,3,80,1,1,0,1,0,0,20.0,,voiture,,3,1,1,2,6
201900020967,2019-10-12 14:45:00,2019,10,12,14,45,1,01310,d10,45.6998714,5.6494296,Plein jour,Hors agglomération,Hors intersection,Normale,Autre collision,3,2,2,0,3,2,1,0,3,80,1,1,0,0,1,0,23.0,,deux_roues,,1,1,1,1,6
201900020968,2019-10-12 12:00:00,2019,10,12,12,0,58,58037,la chaume,47.2866431,3.8941652,Plein jour,Hors agglomération,Hors intersection,Pluie légère,Sans collision,9,-1,1,0,2,1,2,0,1,-1,1,1,0,0,0,1,58.0,,deux_roues,,1,1,1,2,7
201900020969,2019-10-11 20:10:00,2019,10,11,20,10,72,72205,D38,48.15613,0.199986,Nuit sans éclairage public,Hors agglomération,Hors intersection,Normale,Sans collision,3,2,2,0,1,4,1,0,3,80,1,1,0,0,1,0,34.0,,deux_roues,,3,1,1,1,7
201900020970,2019-10-11 17:15:00,2019,10,11,17,15,90,90071,Rue Georges Helminger,47.612417,6.990204,Plein jour,En agglomération,Hors intersection,Normale,Deux véhicules - frontale,3,2,2,0,2,1,1,0,1,50,2,2,1,0,1,0,55.0,52.0,voiture,deux_roues,1,2,1,1,1
201900020971,2019-09-08 02:15:00,2019,9,8,2,15,49,49099,SAINT ANTOINE (RUE DE ),47.04913,-0.91353,Nuit sans éclairage public,Hors agglomération,Intersection en T,Normale,Autre collision,4,2,2,0,2,3,1,0,1,50,1,1,0,0,0,1,37.0,,voiture,,3,1,3,1,6
201900020972,2019-09-07 01:45:00,2019,9,7,1,45,49,49007,DUNANT BOULEVARD,47.48554,-0.53332,Nuit avec éclairage allumé,En agglomération,Hors intersection,Normale,Deux véhicules - côté,4,2,2,0,3,1,1,5,1,50,2,2,1,1,0,0,18.0,26.0,deux_roues,voiture,5,2,1,1,3
201900020973,2019-09-10 18:30:00,2019,9,10,18,30,45,45234,QUAI DU FORT ALLEAUME,47.89815,1.91435,Plein jour,En agglomération,Autre intersection,Normale,Deux véhicules - frontale,4,2,2,1,1,1,1,9,1,50,2,2,1,0,0,1,52.0,70.0,deux_roues,voiture,1,2,9,1,1
201900020974,2019-09-09 03:45:00,2019,9,9,3,45,45,45004,R DE COULEUVREUX - D906026 PK4+270,47.9839974,2.769443,Nuit avec éclairage allumé,En agglomération,Intersection en T,Normale,Deux véhicules - côté,3,2,2,0,2,1,1,0,1,50,2,2,0,0,1,1,59.0,51.0,voiture,deux_roues,5,2,3,1,3
201900020975,2019-09-09 15:25:00,2019,9,9,15,25,44,44184,RD 492 DU RP OCÉANIS AU RP EINSTEIN,47.25804,-2.26695,Plein jour,Hors agglomération,Hors intersection,Normale,Deux véhicules - arrière,3,3,2,0,1,1,1,5,1,50,2,2,1,0,1,0,47.0,15.0,utilitaire_camion,deux_roues,1,1,1,1,2
201900020976,2019-09-10 11:15:00,2019,9,10,11,15,44,44143,AVENUE LOUISE MICHEL,47.188189,-1.549257,Plein jour,En agglomération,Hors intersection,Normale,Autre collision,4,2,0,0,1,1,1,0,1,50,1,2,1,0,1,0,60.0,,voiture,,1,2,1,1,6
201900020977,2019-09-10 17:45:00,2019,9,10,17,45,37,37208,JOLIOT CURIE (RUE FREDERIC),47.34655,0.7324,Plein jour,En agglomération,Hors intersection,Normale,Deux véhicules - arrière,4,2,2,0,1,1,1,0,1,50,2,2,1,0,1,0,38.0,57.0,voiture,deux_roues,1,2,1,1,2
201900020978,2019-09-10 09:28:00,2019,9,10,9,28,37,37261,TRANCHEE (AVENUE DE LA),47.4071404,0.6818499,Plein jour,En agglomération,Hors intersection,Normale,Deux véhicules - arrière,4,3,2,0,2,1,1,4,1,50,2,6,5,0,0,1,30.0,36.0,voiture,voiture,1,2,1,1,2
201900020979,2019-09-10 19:00:00,2019,9,10,19,0,35,35051,LONGCHAMPS (PORTE DES),48.1402,-1.62818,Plein jour,Hors agglomération,Giratoire,Normale,Deux véhicules - arrière,2,1,2,-1,3,1,1,3,1,50,2,1,0,0,0,1,46.0,,voiture,,1,1,6,1,2
201900020980,2019-09-10 16:10:00,2019,9,10,16,10,35,35238,CHATEAUGIRON (DE),48.10176,-1.65993,Plein jour,En agglomération,Intersection en Y,Normale,Autre collision,4,1,1,0,2,1,1,0,1,30,1,2,1,0,0,1,33.0,,voiture,,1,2,4,1,6
201900020981,2019-09-09 12:20:00,2019,9,9,12,20,33,33318,AVE DU HAUT LEVEQUE,44.79626,-0.66103,Plein jour,En agglomération,Intersection en X,Normale,Deux véhicules - côté,4,3,5,3,1,1,1,4,6,50,2,2,1,0,0,1,18.0,28.0,deux_roues,transport_commun,1,2,2,1,3
201900020982,2019-09-09 12:00:00,2019,9,9,12,0,33,33550,BRETELLE SORTIE ROCADE N°18,44.77871,-0.56605,Plein jour,En agglomération,Intersection en X,Normale,Deux véhicules - arrière,1,1,5,0,2,2,1,3,8,50,2,2,1,0,0,1,23.0,56.0,voiture,voiture,1,2,2,1,2
201900020983,2019-09-09 08:10:00,2019,9,9,8,10,33,33013,AVE DE VIRECOURT,44.85399,-0.50092,Plein jour,En agglomération,Hors intersection,Normale,Deux véhicules - côté,4,-1,2,0,1,1,1,0,1,50,2,2,1,0,0,1,20.0,27.0,voiture,deux_roues,1,2,1,1,3
201900020984,2019-09-10 09:55:00,2019,9,10,9,55,31,31555,VA007331 A620,43.56999,1.47777,Plein jour,Hors agglomération,Hors intersection,Normale,Deux véhicules - côté,1,3,4,0,1,1,1,0,1,90,2,2,1,0,0,1,33.0,57.0,utilitaire_camion,voiture,1,1,1,1,3
201900020985,2019-09-08 11:30:00,2019,9,8,11,30,31,31555,PONT DES MINIMES,43.61597,1.43723,Plein jour,En agglomération,Intersection en T,Normale,Deux véhicules - côté,4,3,3,0,2,1,1,0,1,50,2,2,1,0,0,1,79.0,27.0,voiture,voiture,1,2,3,1,3
201900020986,2019-09-10 08:59:00,2019,9,10,8,59,29,29019,BEREST EUGENE,48.39519,-4.43401,Plein jour,En agglomération,Intersection en T,Normale,Deux véhicules - côté,4,2,2,0,1,2,1,0,3,30,2,2,1,0,0,1,64.0,50.0,deux_roues,utilitaire_camion,1,2,3,1,3
201900020987,2019-09-09 11:50:00,2019,9,9,11,50,22,22215,GRANDE METAIRIE (RUE DE LA),48.49156,-2.80432,Plein jour,En agglomération,Intersection en T,Normale,Deux véhicules - côté,3,2,2,0,1,1,1,8,1,50,2,2,1,0,1,0,16.0,67.0,deux_roues,voiture,1,2,3,1,3
201900020988,2019-09-09 19:35:00,2019,9,9,19,35,19,19031,ALSACE LORRAINE (AVENUE) A PARTIR DE N°,45.1559,1.53679,Plein jour,En agglomération,Hors intersection,Normale,Deux véhicules - côté,4,2,2,0,1,1,1,0,1,50,2,2,1,0,0,1,19.0,28.0,voiture,deux_roues,1,2,1,1,3
201900020989,2019-09-09 18:05:00,2019,9,9,18,5,19,19031,ALVITRE (AVENUE ABBE),45.1536,1.5095,Plein jour,En agglomération,Hors intersection,Normale,Deux véhicules - arrière,4,2,2,0,1,1,1,0,2,50,2,2,1,0,0,1,75.0,23.0,voiture,deux_roues,1,2,1,1,2
201900020990,2019-09-09 14:20:00,2019,9,9,14,20,19,19031,BRUNE (BOULEVARD),45.1531574,1.5343732,Plein jour,En agglomération,Intersection en T,Normale,Deux véhicules - côté,4,2,2,0,1,1,1,0,1,50,2,2,1,0,0,1,67.0,36.0,deux_roues,voiture,1,2,3,1,3
201900020991,2019-09-10 12:25:00,2019,9,10,12,25,17,17300,JERICHO   RUE DE,46.16691,-1.16436,Plein jour,En agglomération,Hors intersection,Normale,Deux véhicules - arrière,4,1,1,0,1,1,1,0,1,30,2,2,1,0,0,1,29.0,51.0,voiture,voiture,1,2,1,1,2
201900020992,2019-09-10 09:55:00,2019,9,10,9,55,14,14118,MONTOIR POISSONNERIE ( RUE ),49.18455,-0.36075,Plein jour,En agglomération,Hors intersection,Normale,Sans collision,4,-1,2,0,2,1,1,0,1,50,1,2,1,0,0,1,51.0,,voiture,,1,2,1,1,7
201900020993,2019-09-10 21:15:00,2019,9,10,21,15,13,13212,LA MARTINE (TRAVERSE),43.30013,5.46876,Nuit avec éclairage allumé,En agglomération,Hors intersection,Normale,Deux véhicules - frontale,4,2,2,0,2,3,1,0,1,50,2,3,1,0,0,2,43.0,43.0,voiture,deux_roues,5,2,1,1,1
201900020994,2019-09-10 21:30:00,2019,9,10,21,30,13,13210,JEAN MOULIN (BOULEVARD),43.28627,5.39924,Nuit avec éclairage allumé,En agglomération,Hors intersection,Temps couvert,Autre collision,4,2,6,0,1,3,1,0,1,50,2,3,1,0,2,0,20.0,28.0,voiture,deux_roues,5,2,1,8,6
201900020995,2019-09-10 08:10:00,2019,9,10,8,10,13,13212,OURDISSEUSE (CHEMIN),43.313823,5.426834,Crépuscule ou aube,En agglomération,Intersection en T,Pluie forte,Deux véhicules - côté,4,1,1,0,1,1,2,0,1,50,2,2,1,0,1,0,37.0,50.0,voiture,deux_roues,2,2,3,3,3
201900020996,2019-09-06 19:00:00,2019,9,6,19,0,13,13213,OLIVES (AVENUE DES),43.326396,5.438663,Plein jour,En agglomération,Hors intersection,Normale,Deux véhicules - frontale,3,2,3,0,1,1,1,0,1,5,2,4,1,0,0,3,38.0,41.0,voiture,voiture,1,2,1,1,1
201900020997,2019-09-09 12:00:00,2019,9,9,12,0,13,13201,LIEUTAUD (COURS)      2 A 52,43.29403,5.38227,Plein jour,En agglomération,Hors intersection,Normale,Deux véhicules - côté,4,2,4,0,2,1,1,0,1,50,2,2,1,0,0,1,27.0,57.0,deux_roues,voiture,1,2,1,1,3
201900020998,2019-09-08 21:30:00,2019,9,8,21,30,11,11262,CARNOT (AVENUE),43.19622,3.0123,Nuit avec éclairage allumé,En agglomération,Intersection en T,Normale,Deux véhicules - côté,4,2,2,0,1,1,1,0,1,50,2,2,1,0,1,0,40.0,19.0,voiture,deux_roues,5,2,3,1,3
201900020999,2019-09-10 10:30:00,2019,9,10,10,30,10,10081,BERNARD PALISSY (RUE),48.30914,4.03782,Plein jour,En agglomération,Hors intersection,Normale,Autre collision,4,2,2,0,1,2,1,0,2,50,1,2,1,0,0,1,46.0,,transport_commun,,1,2,1,1,6
201900021000,2019-09-10 19:40:00,2019,9,10,19,40,6,06088,CANTA GALET (RTE DE),43.703511,7.221461,Crépuscule ou aube,Hors agglomération,Hors intersection,Temps couvert,Deux véhicules - côté,4,2,2,0,2,1,2,0,1,50,2,3,1,0,0,2,39.0,57.0,deux_roues,voiture,2,1,1,8,3
201900021001,2019-09-10 13:30:00,2019,9,10,13,30,6,06069,PASTEUR (BOULEVARD),43.66636,6.90191,Plein jour,En agglomération,Hors intersection,Pluie forte,Deux véhicules - côté,3,2,2,0,2,2,2,0,1,50,2,2,0,0,0,2,36.0,65.0,utilitaire_camion,voiture,1,2,1,3,3
201900021002,2019-09-10 05:25:00,2019,9,10,5,25,6,06069,PASTEUR (BOULEVARD),43.666445,6.901805,Nuit avec éclairage allumé,En agglomération,Hors intersection,Normale,Sans collision,3,2,2,0,2,2,1,2,1,50,1,1,0,0,0,1,46.0,,utilitaire_camion,,5,2,1,1,7
201900021003,2019-09-10 09:55:00,2019,9,10,9,55,6,06030,ROOSEVELT (AVENUE FRANKLIN)CANNET,43.574532,6.999133,Plein jour,En agglomération,Hors intersection,Pluie forte,Autre collision,4,2,2,0,1,1,2,0,1,50,1,2,1,0,0,1,92.0,,voiture,,1,2,1,3,6
201900021004,2019-09-10 10:20:00,2019,9,10,10,20,6,06027,NICE AVENUE DE (RN7),43.658881,7.162749,Plein jour,En agglomération,Intersection en X,Pluie forte,Autre collision,7,3,4,0,1,1,2,0,1,50,1,2,1,0,0,1,82.0,,voiture,,1,2,2,3,6
201900021005,2019-06-06 12:10:00,2019,6,6,12,10,3,03013,route de Paris,46.5871671,3.3156939,Plein jour,En agglomération,Giratoire,Normale,Deux véhicules - côté,3,2,1,0,1,3,1,0,1,50,2,2,1,0,1,0,21.0,,voiture,,1,2,6,1,3
201900021006,2019-09-08 11:25:00,2019,9,8,11,25,3,03185,route de Moulins,46.337292,2.6339533,Plein jour,Hors agglomération,Hors intersection,Normale,Deux véhicules - arrière,3,2,2,0,4,1,1,9,1,70,2,2,1,0,1,0,48.0,26.0,voiture,deux_roues,1,1,1,1,2
201900021007,2019-09-09 17:50:00,2019,9,9,17,50,75,75118,BD PERIPHERIQUE INTERIEUR,48.900815,2.339917,Plein jour,En agglomération,Hors intersection,Normale,Trois véhicules et plus - en chaîne,4,1,4,0,1,1,1,0,1,70,4,5,4,0,0,1,58.0,36.0,voiture,utilitaire_camion,1,2,1,1,4
201900021008,2019-09-09 16:15:00,2019,9,9,16,15,75,75117,BD PERIPHERIQUE EXTERIEUR,48.8893474,2.2958731,Plein jour,En agglomération,Hors intersection,Normale,Trois véhicules et plus - en chaîne,4,1,4,0,1,1,1,0,1,70,3,3,2,0,0,1,43.0,49.0,voiture,utilitaire_camion,1,2,1,1,4
201900021009,2019-09-08 14:20:00,2019,9,8,14,20,75,75116,BD PERIPHERIQUE INTERIEUR,48.8546493,2.2550621,Plein jour,En agglomération,Hors intersection,Normale,Trois véhicules et plus - en chaîne,4,1,4,0,1,1,1,0,1,70,4,6,5,0,0,1,33.0,58.0,voiture,voiture,1,2,1,1,4
201900021010,2019-09-09 21:10:00,2019,9,9,21,10,75,75115,AVENUE DE LA PORTE BRANCION,48.8275694,2.3010878,Nuit avec éclairage allumé,En agglomération,Intersection en T,Normale,Deux véhicules - côté,4,2,4,0,1,1,1,0,1,30,2,2,1,0,0,1,20.0,29.0,voiture,deux_roues,5,2,3,1,3
201900021011,2019-09-09 22:30:00,2019,9,9,22,30,75,75120,AVENUE CARTELLIER,48.863908,2.413677,Nuit avec éclairage allumé,En agglomération,Intersection en Y,Temps éblouissant,Deux véhicules - côté,4,1,2,0,2,1,1,0,1,50,2,5,4,0,0,1,78.0,58.0,voiture,voiture,5,2,4,7,3
201900021012,2019-09-09 13:30:00,2019,9,9,13,30,75,75117,BOULEVARD GOUVION SAINT CYR,48.8834534,2.2881389,Plein jour,En agglomération,Intersection en T,Normale,Deux véhicules - côté,4,2,2,0,1,1,1,0,1,50,2,2,1,0,0,1,44.0,27.0,voiture,deux_roues,1,2,3,1,3