accident_id,datetime,annee,mois,jour,heure,minute,departement,commune_insee,adresse,latitude,longitude,luminosite,agglomeration,intersection,meteo,collision,catr,circ,nbv,vosp,prof,plan,surf,infra,situ,vma,nb_vehicules,nb_usagers,nb_indemnes,nb_tues,nb_blesses_hosp,nb_blesses_legers,age_cond_1,age_cond_2,veh_type_cond_1,veh_type_cond_2,lum_code,agg_code,int_code,atm_code,col_code
201900021013,2019-09-10 22:15:00,2019,9,10,22,15,75,75116,PLACE CLEMENT ADER,48.8513506,2.2784911,Nuit avec éclairage allumé,En agglomération,Place,Normale,Deux véhicules - côté,4,2,2,0,2,1,1,0,1,50,2,2,0,0,0,2,34.0,41.0,deux_roues,deux_roues,5,2,7,1,3
201900021014,2019-09-10 09:00:00,2019,9,10,9,0,75,75116,ROUTE DE LA PTE DAUPHINE A LA PTE DES SA,48.876061,2.270837,Plein jour,En agglomération,Intersection en X,Normale,Deux véhicules - côté,4,2,2,0,1,1,1,0,1,50,2,3,2,0,0,1,27.0,42.0,utilitaire_camion,deux_roues,1,2,2,1,3
201900021015,2019-09-10 12:25:00,2019,9,10,12,25,75,75112,RUE DU RENDEZ VOUS,48.84538,2.404111,Plein jour,En agglomération,Hors intersection,Normale,Autre collision,4,2,2,1,1,1,1,0,5,50,1,2,0,0,0,2,13.0,,deux_roues,,1,2,1,1,6
201900021016,2019-09-10 17:51:00,2019,9,10,17,51,75,75108,RUE DU FAUBOURG SAINT HONORE,48.8683777,2.3232678,Plein jour,En agglomération,Intersection en X,Normale,Autre collision,4,1,2,0,1,1,1,0,1,50,1,1,0,0,0,1,,,,,1,2,2,1,6
201900021017,2019-09-10 20:40:00,2019,9,10,20,40,75,75107,BOULEVARD DES INVALIDES,48.848296,2.315779,Nuit avec éclairage allumé,En agglomération,Intersection en T,Normale,Deux véhicules - côté,4,2,2,-1,1,1,1,0,1,50,2,2,1,0,0,1,40.0,22.0,deux_roues,deux_roues,5,2,3,1,3
201900021018,2019-09-10 14:40:00,2019,9,10,14,40,75,75101,RUE DE RICHELIEU,48.864519,2.336252,Plein jour,En agglomération,Hors intersection,Normale,Autre collision,4,1,2,3,1,1,1,0,6,50,1,2,1,0,0,1,56.0,,utilitaire_camion,,1,2,1,1,6
201900021019,2019-09-10 18:50:00,2019,9,10,18,50,94,94068,GABRIEL PERI (AV),48.805,2.483,Plein jour,En agglomération,Hors intersection,Normale,Sans collision,4,-1,1,0,3,2,1,5,1,50,1,1,0,0,0,1,63.0,,deux_roues,,1,2,1,1,7
201900021020,2019-09-09 13:39:00,2019,9,9,13,39,94,94068,PETIT PARC (QU DU),48.81137,2.48931,Plein jour,En agglomération,Hors intersection,Normale,Autre collision,4,-1,1,0,1,1,1,0,1,50,3,3,2,0,0,1,46.0,70.0,deux_roues,voiture,1,2,1,1,6
201900021021,2019-09-09 10:00:00,2019,9,9,10,0,94,94058,THILLARDS (R DES),48.8432,2.49423,Plein jour,En agglomération,Hors intersection,Normale,Autre collision,4,1,1,0,1,1,1,0,1,50,1,2,1,0,0,1,47.0,,utilitaire_camion,,1,2,1,1,6
201900021022,2019-09-07 20:50:00,2019,9,7,20,50,94,94037,JEAN JAURES (AV),48.813035,2.351325,Crépuscule ou aube,En agglomération,Intersection en X,Normale,Deux véhicules - côté,3,2,2,0,1,1,1,0,1,50,2,2,1,0,0,1,19.0,27.0,deux_roues,voiture,2,2,2,1,3
201900021023,2019-09-09 23:30:00,2019,9,9,23,30,94,94016,CARNOT (AV),48.79909,2.32546,Nuit avec éclairage allumé,En agglomération,Hors intersection,Normale,Autre collision,3,2,2,0,2,1,1,0,1,50,1,1,0,0,0,1,,,,,5,2,1,1,6
201900021024,2019-09-10 18:35:00,2019,9,10,18,35,94,94076,VILLAS (R DES),48.78459,2.36678,Plein jour,En agglomération,Intersection en X,Normale,Autre collision,3,3,6,0,1,1,1,0,1,50,1,2,1,0,0,1,33.0,,voiture,,1,2,2,1,6
201900021025,2019-09-10 11:55:00,2019,9,10,11,55,94,94065,CHARLES LINDBERGH (AV),48.74749,2.35781,Plein jour,En agglomération,Hors intersection,Normale,Deux véhicules - arrière,3,2,3,0,1,1,1,0,1,50,2,2,1,0,1,0,53.0,44.0,deux_roues,voiture,1,2,1,1,2
201900021026,2019-09-10 13:10:00,2019,9,10,13,10,94,94044,JEAN MONNET (R),48.75796,2.48211,Plein jour,En agglomération,Hors intersection,Normale,Deux véhicules - frontale,3,3,0,0,1,1,1,5,1,50,2,2,1,0,0,1,41.0,37.0,voiture,voiture,1,2,1,1,1
201900021027,2019-09-10 10:10:00,2019,9,10,10,10,93,93066,SAULNIER JULES,48.92559,2.35352,Plein jour,En agglomération,Autre intersection,Normale,Deux véhicules - côté,3,2,3,0,2,1,1,9,1,50,2,2,1,0,0,1,32.0,44.0,voiture,deux_roues,1,2,9,1,3
201900021028,2019-09-10 08:25:00,2019,9,10,8,25,93,93049,PAUL DOUMER (AVENUE),48.8629857,2.5071909,Plein jour,En agglomération,Hors intersection,Normale,Deux véhicules - arrière,4,2,2,0,1,3,1,0,1,50,2,3,2,0,0,1,22.0,33.0,voiture,voiture,1,2,1,1,2
201900021029,2019-09-10 16:50:00,2019,9,10,16,50,93,93048,FRANKLIN (RUE),48.86379,2.44426,Plein jour,En agglomération,Hors intersection,Normale,Autre collision,4,2,2,0,2,2,1,0,3,50,1,3,2,0,0,1,50.0,,deux_roues,,1,2,1,1,6
201900021030,2019-09-10 08:05:00,2019,9,10,8,5,93,93074,DE GAULLE AVENUE DU GENERAL,48.93721,2.57224,Plein jour,En agglomération,Intersection en X,Normale,Deux véhicules - côté,3,1,1,0,1,1,1,0,1,50,2,2,1,0,0,1,52.0,30.0,voiture,deux_roues,1,2,2,1,3
201900021031,2019-09-10 09:05:00,2019,9,10,9,5,93,93010,REPUBLIQUE (PL. DE LA),48.89481,2.478,Plein jour,En agglomération,Hors intersection,Normale,Autre collision,9,-1,1,3,1,1,1,0,6,30,1,2,1,0,0,1,39.0,,voiture,,1,2,1,1,6
201900021032,2019-09-10 11:30:00,2019,9,10,11,30,93,93005,CAMILLE PELLETAN (RUE),48.942701,2.494876,Plein jour,En agglomération,Intersection en X,Normale,Deux véhicules - côté,7,2,1,0,1,1,1,0,1,50,2,2,1,0,0,1,45.0,60.0,voiture,voiture,1,2,2,1,3
201900021033,2019-09-09 23:15:00,2019,9,9,23,15,92,92046,PAUL VAILLANT COUTURIER (RUE)),48.81411,2.29554,Plein jour,En agglomération,Intersection en X,Normale,Deux véhicules - côté,4,1,1,0,1,1,1,0,1,50,2,2,0,0,1,1,18.0,18.0,deux_roues,deux_roues,1,2,2,1,3
201900021034,2019-09-10 12:00:00,2019,9,10,12,0,92,92073,SELLIER (BOULEVARD HENRI),48.8674755,2.2268236,Plein jour,En agglomération,Autre intersection,Normale,Autre collision,3,1,0,0,2,1,1,0,1,20,1,2,1,0,1,0,68.0,,voiture,,1,2,9,1,6
201900021035,2019-09-08 00:50:00,2019,9,8,0,50,92,92077,MARNES (RUE DE),48.82719,2.18618,Nuit avec éclairage allumé,En agglomération,Hors intersection,Normale,Autre collision,3,2,2,0,2,1,1,0,1,50,1,1,0,0,1,0,30.0,,deux_roues,,5,2,1,1,6
201900021036,2019-09-09 17:30:00,2019,9,9,17,30,92,92063,EMPEREUR (ROUTE DE L') EST,48.86176,2.18451,Plein jour,En agglomération,Hors intersection,Normale,Deux véhicules - côté,3,3,2,0,1,1,1,0,1,50,2,2,1,0,0,1,17.0,21.0,deux_roues,deux_roues,1,2,1,1,3
201900021037,2019-09-10 05:00:00,2019,9,10,5,0,92,92036,PRINCIPALE DU PORT (ROUTE) (1/17),48.93838,2.28064,Nuit avec éclairage allumé,En agglomération,Intersection en X,Normale,Deux véhicules - côté,4,2,2,0,1,1,1,0,1,50,2,2,1,0,0,1,36.0,47.0,voiture,deux_roues,5,2,2,1,3
201900021038,2019-09-10 18:02:00,2019,9,10,18,2,92,92007,RAVERA (AVENUE HENRI) N° 1 A 109 ET 2 A,48.806,2.313,Plein jour,En agglomération,Intersection en T,Normale,Deux véhicules - arrière,3,2,2,1,1,1,1,0,1,50,2,1,0,0,0,1,48.0,,deux_roues,,1,2,3,1,2
201900021039,2019-08-06 10:15:00,2019,8,6,10,15,92,92004,GRESILLONS ( AVENUE DES  ),48.9136873,2.298866,Plein jour,En agglomération,Hors intersection,Normale,Deux véhicules - arrière,3,1,2,0,1,1,1,0,3,50,2,2,1,0,0,1,38.0,73.0,utilitaire_camion,utilitaire_camion,1,2,1,1,2
201900021040,2019-09-10 17:00:00,2019,9,10,17,0,92,92002,GENERAL DE GAULLE (AVENUE DU),48.7624258,2.3021408,Plein jour,En agglomération,Hors intersection,Normale,Trois véhicules et plus - en chaîne,3,1,2,0,1,1,1,0,1,50,3,3,1,0,0,2,18.0,58.0,voiture,voiture,1,2,1,1,4
201900021041,2019-09-09 13:10:00,2019,9,9,13,10,92,92002,MARCHE (RUE DU),48.7536128,2.3032496,Plein jour,En agglomération,Hors intersection,Normale,Autre collision,4,3,2,0,1,1,1,5,1,30,1,3,2,0,0,1,73.0,,voiture,,1,2,1,1,6
201900021042,2019-08-10 18:00:00,2019,8,10,18,0,41,41160,La Boue,47.5554206,1.641748,Plein jour,Hors agglomération,Hors intersection,Normale,Deux véhicules - frontale,3,-1,2,0,1,1,1,0,1,80,2,3,2,0,1,0,53.0,19.0,voiture,voiture,1,1,1,1,1
201900021043,2019-09-08 12:49:00,2019,9,8,12,49,40,40004,Route de Capbreton,43.651116,-1.38795,Plein jour,Hors agglomération,Intersection en T,Normale,Deux véhicules - côté,3,2,2,0,2,2,1,0,1,80,2,2,1,0,1,0,43.0,80.0,voiture,deux_roues,1,1,3,1,3
201900021044,2019-09-11 15:40:00,2019,9,11,15,40,41,41128,RD 924,47.643831,1.326141,Plein jour,Hors agglomération,Hors intersection,Normale,Deux véhicules - frontale,3,2,2,0,2,1,1,0,1,80,2,2,0,1,1,0,48.0,21.0,utilitaire_camion,utilitaire_camion,1,1,1,1,1
201900021045,2019-09-09 05:45:00,2019,9,9,5,45,62,62036,Route Départemetale 343,50.446232,2.254909,Nuit sans éclairage public,Hors agglomération,Hors intersection,Normale,Autre collision,3,2,2,0,1,1,1,0,3,80,1,1,0,0,1,0,20.0,,voiture,,3,1,1,1,6
201900021046,2019-09-11 19:05:00,2019,9,11,19,5,62,62115,14 Rue de Warlus,50.268331,2.669212,Plein jour,En agglomération,Hors intersection,Normale,Sans collision,3,2,2,0,2,1,1,0,1,50,1,1,0,0,0,1,15.0,,deux_roues,,1,2,1,1,7
201900021047,2019-09-09 01:30:00,2019,9,9,1,30,30,30207,Route Departementale N 6086,44.035232,4.582018,Nuit sans éclairage public,Hors agglomération,Hors intersection,Pluie légère,Autre collision,3,2,2,0,1,1,2,0,3,-1,1,1,0,0,1,0,25.0,,voiture,,3,1,1,2,6
201900021048,2019-09-11 11:20:00,2019,9,11,11,20,3,03180,,46.5084446,3.4436492,Plein jour,Hors agglomération,Hors intersection,Normale,Deux véhicules - frontale,2,2,2,0,1,1,1,0,1,80,2,2,0,0,1,1,53.0,39.0,utilitaire_camion,voiture,1,1,1,1,1
201900021049,2019-09-10 22:20:00,2019,9,10,22,20,76,76488,départemantale 71,49.782175,0.594443,Nuit sans éclairage public,Hors agglomération,Hors intersection,Normale,Autre collision,3,2,2,0,1,2,1,0,3,80,1,1,0,1,0,0,56.0,,voiture,,3,1,1,1,6
201900021050,2019-09-10 19:00:00,2019,9,10,19,0,71,71300,Route de Crotenots,46.55932,5.3463,Plein jour,Hors agglomération,Hors intersection,Normale,Deux véhicules - côté,4,2,2,0,1,1,1,0,1,-1,2,2,1,0,0,1,20.0,25.0,voiture,voiture,1,1,1,1,3
201900021051,2019-09-11 10:20:00,2019,9,11,10,20,12,12026,RN88,44.385109,2.800086,Plein jour,Hors agglomération,Hors intersection,Normale,Deux véhicules - arrière,2,2,2,0,1,2,1,0,1,80,2,3,2,0,1,0,84.0,31.0,deux_roues,voiture,1,1,1,1,2
201900021052,2019-09-06 10:40:00,2019,9,6,10,40,47,47186,Menote,44.206919,0.453792,Plein jour,Hors agglomération,Intersection en T,Normale,Deux véhicules - côté,3,2,2,0,1,1,1,0,1,80,2,3,0,0,3,0,22.0,80.0,voiture,utilitaire_camion,1,1,3,1,3
201900021053,2019-09-07 11:00:00,2019,9,7,11,0,86,86099,D95 PK 38+340,46.479809,0.506692,Plein jour,Hors agglomération,Hors intersection,Normale,Deux véhicules - frontale,3,2,2,0,1,3,1,0,1,80,2,2,1,0,1,0,52.0,52.0,voiture,voiture,1,1,1,1,1
201900021054,2019-09-10 09:25:00,2019,9,10,9,25,44,44087,Cheleve (Machecoul),46.984252,-1.885726,Plein jour,Hors agglomération,Hors intersection,Normale,Sans collision,3,2,2,0,1,1,1,0,3,80,1,1,0,0,1,0,74.0,,voiture,,1,1,1,1,7
201900021055,2019-09-08 20:03:00,2019,9,8,20,3,29,29213,D19,48.596465,-4.075605,Crépuscule ou aube,Hors agglomération,Intersection en T,Temps éblouissant,Trois véhicules et plus - collisions multiples,3,2,2,0,2,1,1,0,1,-1,3,3,2,0,1,0,22.0,30.0,voiture,voiture,2,1,3,7,5
201900021056,2019-09-08 20:35:00,2019,9,8,20,35,29,29026,lieu-dit stang forn,48.202316,-4.080487,Crépuscule ou aube,Hors agglomération,Hors intersection,Normale,Deux véhicules - frontale,3,2,2,0,4,3,1,0,1,70,2,2,0,0,0,2,57.0,18.0,voiture,voiture,2,1,1,1,1
201900021057,2019-06-30 07:00:00,2019,6,30,7,0,29,29037,L'Avantage,47.923782,-4.18593,Crépuscule ou aube,Hors agglomération,Hors intersection,Normale,Sans collision,3,3,4,0,1,1,1,0,1,110,1,1,0,0,1,0,45.0,,voiture,,2,1,1,1,7
201900021058,2019-09-11 08:20:00,2019,9,11,8,20,15,15253,CD 9,45.218021,2.895677,Plein jour,Hors agglomération,Intersection en T,Normale,Trois véhicules et plus - collisions multiples,3,2,2,0,1,1,1,0,1,80,3,3,1,1,1,0,45.0,29.0,voiture,voiture,1,1,3,1,5
201900021059,2019-07-28 20:05:00,2019,7,28,20,5,26,26113,Route du Col de Rousset,44.774034,5.36265,Plein jour,Hors agglomération,Hors intersection,Normale,Sans collision,3,2,2,0,2,1,1,0,1,70,1,1,0,0,1,0,21.0,,deux_roues,,1,1,1,1,7
201900021060,2019-09-10 18:15:00,2019,9,10,18,15,6,06148,route departementale 6,43.6987,7.046224,Plein jour,Hors agglomération,Hors intersection,Pluie légère,Sans collision,3,2,2,0,1,1,2,9,1,-1,1,1,0,0,0,1,44.0,,deux_roues,,1,1,1,2,7
201900021061,2019-09-11 09:30:00,2019,9,11,9,30,10,10089,D619,48.496324,3.850771,Plein jour,Hors agglomération,Hors intersection,Normale,Sans collision,3,2,3,0,1,2,1,0,8,80,1,1,0,0,1,0,55.0,,voiture,,1,1,1,1,7
201900021062,2019-09-08 15:30:00,2019,9,8,15,30,4,04024,RD 900 Col du Labouret,44.248623,6.370284,Plein jour,Hors agglomération,Hors intersection,Normale,Deux véhicules - côté,3,2,2,0,3,2,1,0,1,80,2,2,1,0,0,1,58.0,28.0,deux_roues,deux_roues,1,1,1,1,3
201900021063,2019-09-10 21:35:00,2019,9,10,21,35,85,85224,La Brunelière,46.99195,-1.32475,Nuit sans éclairage public,Hors agglomération,Hors intersection,Normale,Deux véhicules - arrière,3,2,2,0,3,1,1,0,1,80,2,2,1,1,0,0,17.0,22.0,deux_roues,voiture,3,1,1,1,2
201900021064,2019-09-11 11:30:00,2019,9,11,11,30,23,23124,Les Rorgues,46.089247,1.567508,Plein jour,Hors agglomération,Hors intersection,Normale,Autre collision,3,2,2,0,3,2,1,0,3,80,1,1,0,0,1,0,62.0,,deux_roues,,1,1,1,1,6
201900021065,2019-09-11 13:00:00,2019,9,11,13,0,976,97602,"Rue Maternelle Dzoumogne, RETENUE COLLINAIRE DZOUMONYE",-12.715636,45.117013,Plein jour,En agglomération,Hors intersection,Normale,Autre collision,4,2,2,0,1,1,1,0,1,-1,1,2,1,0,0,1,31.0,,voiture,,1,2,1,1,6
201900021066,2019-09-10 17:00:00,2019,9,10,17,0,34,34032,A75 brettelle sortie sens SUD BEZIERS EST,43.349063,3.27811,Plein jour,Hors agglomération,Hors intersection,Normale,Autre collision,1,1,2,0,1,2,2,3,1,50,1,1,0,0,1,0,51.0,,utilitaire_camion,,1,1,1,1,6
201900021067,2019-09-10 11:25:00,2019,9,10,11,25,971,97103,Boulevard du Lamentin,16.262319,-61.590212,Plein jour,En agglomération,Hors intersection,Normale,Autre collision,4,2,2,0,1,1,1,0,1,50,1,2,1,0,0,1,44.0,,voiture,,1,2,1,1,6
201900021068,2019-09-10 18:35:00,2019,9,10,18,35,60,60149,"A1, Pk 59+550, sens P/L",49.3429345,2.6975245,Plein jour,Hors agglomération,Hors intersection,Normale,Trois véhicules et plus - collisions multiples,1,3,5,0,1,1,1,0,1,130,3,3,2,0,1,0,50.0,45.0,voiture,utilitaire_camion,1,1,1,1,5
201900021069,2019-09-11 09:00:00,2019,9,11,9,0,41,41136,9 rue nationale,47.6998779,1.5085548,Plein jour,En agglomération,Hors intersection,Normale,Autre collision,3,2,2,0,1,1,1,9,1,50,1,3,1,0,0,2,52.0,,utilitaire_camion,,1,2,1,1,6
201900021070,2019-08-23 19:00:00,2019,8,23,19,0,91,91405,D837,48.403925,2.477476,Plein jour,Hors agglomération,Hors intersection,Normale,Deux véhicules - frontale,3,2,2,0,4,3,1,0,1,80,2,2,1,0,1,0,36.0,27.0,utilitaire_camion,deux_roues,1,1,1,1,1
201900021071,2019-09-11 18:15:00,2019,9,11,18,15,78,78368,RD307,48.892108,1.88184,Plein jour,Hors agglomération,Hors intersection,Normale,Deux véhicules - frontale,3,2,2,0,2,3,1,0,1,70,2,2,0,1,0,1,28.0,31.0,utilitaire_camion,voiture,1,1,1,1,1
201900021072,2019-09-10 20:25:00,2019,9,10,20,25,2A,2A041,Quai Jérôme Comparetti,41.388148,9.164643,Crépuscule ou aube,En agglomération,Autre intersection,Normale,Autre collision,3,1,1,0,1,1,1,0,1,30,1,1,0,0,0,1,,,,,2,2,9,1,6
201900021073,2019-08-21 09:05:00,2019,8,21,9,5,34,34299,D37e11,43.283321,3.284102,Plein jour,Hors agglomération,Hors intersection,Normale,Autre collision,3,2,2,1,1,1,1,0,5,70,1,2,1,0,1,0,19.0,,voiture,,1,1,1,1,6
201900021074,2019-09-11 01:00:00,2019,9,11,1,0,83,83112,Allée de Vence,43.175727,5.702691,Nuit avec éclairage allumé,En agglomération,Hors intersection,Normale,Sans collision,4,2,2,0,1,2,1,0,3,30,1,2,1,0,1,0,34.0,,voiture,,5,2,1,1,7
201900021075,2019-09-11 09:15:00,2019,9,11,9,15,71,71562,le bourg,46.413299,4.308626,Plein jour,En agglomération,Hors intersection,Normale,Deux véhicules - frontale,3,2,2,0,2,1,1,2,1,50,2,4,1,0,1,2,38.0,75.0,voiture,voiture,1,2,1,1,1
201900021076,2019-09-10 07:30:00,2019,9,10,7,30,71,71372,RD906,46.179698,4.748616,Crépuscule ou aube,En agglomération,Hors intersection,Normale,Autre collision,3,2,2,0,1,1,1,9,1,50,1,2,1,0,1,0,41.0,,voiture,,2,2,1,1,6
201900021077,2019-09-10 16:50:00,2019,9,10,16,50,88,88321,9 Rue Jules Ferry,48.357034,5.693416,Plein jour,En agglomération,Hors intersection,Normale,Autre collision,3,2,2,0,1,1,1,9,1,50,1,2,1,0,1,0,50.0,,voiture,,1,2,1,1,6
201900021078,2019-09-10 10:10:00,2019,9,10,10,10,57,57507,carrefour D25-D73,49.158044,6.559047,Plein jour,Hors agglomération,Intersection en X,Normale,Trois véhicules et plus - collisions multiples,3,2,2,0,1,1,1,0,1,80,3,3,1,0,0,2,19.0,38.0,voiture,voiture,1,1,2,1,5
201900021079,2019-09-11 11:15:00,2019,9,11,11,15,69,69241,Route du Bâtard,45.63469,4.730517,Plein jour,En agglomération,Intersection en T,Normale,Deux véhicules - frontale,3,2,1,0,2,1,1,0,1,50,2,2,1,0,1,0,57.0,48.0,voiture,deux_roues,1,2,3,1,1
201900021080,2019-09-09 22:30:00,2019,9,9,22,30,69,69163,Rue de Billy le Vieux,45.92238,4.74965,Nuit sans éclairage public,Hors agglomération,Hors intersection,Normale,Sans collision,4,2,2,0,1,1,1,0,8,-1,1,1,0,0,1,0,67.0,,voiture,,3,1,1,1,7
201900021081,2019-09-11 00:15:00,2019,9,11,0,15,17,17161,RD 735,46.179374,-1.333258,Nuit sans éclairage public,Hors agglomération,Giratoire,Normale,Autre collision,3,2,1,0,1,1,1,0,8,80,1,1,0,0,1,0,56.0,,deux_roues,,3,1,6,1,6
201900021082,2019-07-17 18:30:00,2019,7,17,18,30,33,33104,D1215,45.03909,-0.7988,Plein jour,En agglomération,Hors intersection,Normale,Deux véhicules - côté,3,2,2,0,1,1,1,0,1,-1,2,2,1,0,1,0,45.0,38.0,deux_roues,voiture,1,2,1,1,3
201900021083,2019-09-08 01:40:00,2019,9,8,1,40,29,29058,95 Hent Cleut Rouz,47.875083,-4.021955,Nuit sans éclairage public,Hors agglomération,Hors intersection,Normale,Sans collision,4,2,2,0,1,3,1,0,3,70,1,1,0,0,1,0,39.0,,voiture,,3,1,1,1,7
201900021084,2019-09-11 11:10:00,2019,9,11,11,10,22,22389,la ville volette,48.474087,-2.6559833,Plein jour,Hors agglomération,Intersection en X,Normale,Deux véhicules - côté,3,2,2,0,1,1,1,5,1,50,2,2,1,0,1,0,46.0,69.0,deux_roues,voiture,1,1,2,1,3
201900021085,2019-09-10 08:10:00,2019,9,10,8,10,13,13055,A507 sens Marseille - Aubagne,43.3298722,5.4013087,Plein jour,Hors agglomération,Hors intersection,Pluie forte,Trois véhicules et plus - en chaîne,1,1,3,0,1,1,2,1,1,70,3,3,2,0,0,1,26.0,31.0,voiture,voiture,1,1,1,3,4
201900021086,2019-09-10 08:50:00,2019,9,10,8,50,13,13001,A51-Sens Marseille vers Aix en Provence,43.4978103,5.4067042,Plein jour,Hors agglomération,Hors intersection,Pluie forte,Deux véhicules - arrière,1,1,2,0,1,1,2,0,1,90,2,2,1,0,0,1,42.0,25.0,voiture,voiture,1,1,1,3,2
201900021087,2019-09-10 08:15:00,2019,9,10,8,15,91,91228,AUTOROUTE A6,48.61829,2.42759,Plein jour,Hors agglomération,Hors intersection,Normale,Autre collision,1,3,6,0,1,1,1,0,1,110,1,1,0,0,0,1,23.0,,voiture,,1,1,1,1,6
201900021088,2019-09-10 10:00:00,2019,9,10,10,0,91,91377,AUTOROUTE A10,48.71669,2.29122,Plein jour,Hors agglomération,Hors intersection,Normale,Deux véhicules - arrière,1,3,3,0,1,1,1,0,1,110,2,2,1,0,0,1,28.0,64.0,deux_roues,voiture,1,1,1,1,2
201900021089,2019-09-10 08:05:00,2019,9,10,8,5,78,78431,A13,48.93807,1.95742,Plein jour,Hors agglomération,Hors intersection,Normale,Deux véhicules - arrière,1,1,0,0,1,1,1,0,1,130,2,2,1,0,0,1,35.0,40.0,voiture,voiture,1,1,1,1,2
201900021090,2019-09-10 07:50:00,2019,9,10,7,50,95,95555,RD 170,48.9715,2.27605,Plein jour,Hors agglomération,Hors intersection,Normale,Autre collision,3,3,6,0,1,1,1,0,1,90,1,1,0,0,1,0,36.0,,deux_roues,,1,1,1,1,6
201900021091,2019-09-10 16:45:00,2019,9,10,16,45,94,94073,A86 INT,48.766109,2.3789263,Plein jour,Hors agglomération,Hors intersection,Normale,Deux véhicules - arrière,1,-1,3,0,1,1,1,0,1,90,2,2,1,0,0,1,42.0,33.0,voiture,voiture,1,1,1,1,2
201900021092,2019-09-09 13:00:00,2019,9,9,13,0,94,94073,A86 INT,48.763659,2.3806608,Plein jour,Hors agglomération,Hors intersection,Normale,Trois véhicules et plus - collisions multiples,1,-1,3,0,1,1,1,0,1,90,3,4,2,0,1,1,47.0,50.0,utilitaire_camion,deux_roues,1,1,1,1,5
201900021093,2019-09-04 07:05:00,2019,9,4,7,5,93,93051,A4,48.83543,2.57066,Plein jour,Hors agglomération,Hors intersection,Normale,Autre collision,1,3,8,0,1,1,1,0,1,110,2,2,1,0,0,1,20.0,42.0,voiture,voiture,1,1,1,1,6
201900021094,2019-09-05 13:10:00,2019,9,5,13,10,45,45284,BD DE VERDUN - R DU PETIT BOIS,47.9193587,1.9837126,Plein jour,Hors agglomération,Intersection en T,Normale,Deux véhicules - côté,4,2,2,0,1,1,1,0,1,50,2,2,1,0,0,1,20.0,29.0,deux_roues,utilitaire_camion,1,1,3,1,3
201900021095,2019-09-04 19:25:00,2019,9,4,19,25,22,22106,VERNE (RUE JULES),48.49656,-2.72918,Plein jour,En agglomération,Hors intersection,Normale,Sans collision,4,3,4,0,1,1,1,0,1,50,1,1,0,0,1,0,15.0,,deux_roues,,1,2,1,1,7
201900021096,2019-09-06 18:25:00,2019,9,6,18,25,21,21231,DEVOSGE (RUE),47.32688,5.04033,Plein jour,En agglomération,Hors intersection,Normale,Autre collision,4,2,3,0,1,1,1,0,1,50,1,2,1,0,1,0,30.0,,voiture,,1,2,1,1,6
201900021097,2019-09-09 11:40:00,2019,9,9,11,40,974,97407,ROUTE NATIONALE N° 1,-20.95839,55.30928,Plein jour,Hors agglomération,Hors intersection,Normale,Deux véhicules - arrière,2,3,2,0,1,1,1,3,1,70,2,2,1,0,0,1,28.0,60.0,utilitaire_camion,voiture,1,1,1,1,2
201900021098,2019-09-09 17:20:00,2019,9,9,17,20,69,69387,TONY GARNIER                        (AV),45.7301122,4.823878,Plein jour,En agglomération,Hors intersection,Normale,Autre collision,7,1,3,3,1,1,1,0,6,50,1,2,1,0,0,1,24.0,,utilitaire_camion,,1,2,1,1,6
201900021099,2019-09-09 14:10:00,2019,9,9,14,10,69,69387,TONY GARNIER                        (AV),45.72993,4.8238,Plein jour,En agglomération,Intersection en T,Normale,Deux véhicules - arrière,4,1,2,0,1,1,1,0,1,50,2,2,1,0,0,1,43.0,55.0,voiture,utilitaire_camion,1,2,3,1,2
201900021100,2019-09-09 16:45:00,2019,9,9,16,45,69,69387,CAPITAINE ROBERT CLUZAN (DU)        (R ),45.75252,4.84295,Plein jour,En agglomération,Intersection en X,Normale,Deux véhicules - côté,4,1,1,1,1,1,1,0,1,30,2,3,2,0,0,1,24.0,29.0,voiture,voiture,1,2,2,1,3
201900021101,2019-09-09 10:55:00,2019,9,9,10,55,69,69388,ALBERT THOMAS                       (CO),45.74833,4.8627,Plein jour,En agglomération,Hors intersection,Normale,Autre collision,4,2,4,3,1,1,1,0,1,50,1,4,3,0,0,1,27.0,,voiture,,1,2,1,1,6
201900021102,2019-09-09 10:20:00,2019,9,9,10,20,69,69259,CLUZEL                              (R ),45.70257,4.87646,Plein jour,En agglomération,Hors intersection,Normale,Deux véhicules - arrière,4,2,2,0,2,1,1,0,1,50,2,1,0,0,0,1,51.0,,voiture,,1,2,1,1,2
201900021103,2019-09-09 13:40:00,2019,9,9,13,40,972,97213,NELSON MANDELA,14.3644,-60.5957,Plein jour,En agglomération,Hors intersection,Normale,Deux véhicules - côté,3,2,2,0,1,1,1,0,2,50,2,2,1,0,0,1,50.0,17.0,voiture,deux_roues,1,2,1,1,3
201900021104,2019-09-07 12:25:00,2019,9,7,12,25,69,69385,POINT DU JOUR (DU)                  (AV),45.75622,4.80124,Plein jour,En agglomération,Intersection en T,Normale,Trois véhicules et plus - en chaîne,7,2,3,0,1,1,1,0,1,50,3,7,6,0,0,1,19.0,26.0,voiture,voiture,1,2,3,1,4