accident_id,datetime,annee,mois,jour,heure,minute,departement,commune_insee,adresse,latitude,longitude,luminosite,agglomeration,intersection,meteo,collision,catr,circ,nbv,vosp,prof,plan,surf,infra,situ,vma,nb_vehicules,nb_usagers,nb_indemnes,nb_tues,nb_blesses_hosp,nb_blesses_legers,age_cond_1,age_cond_2,veh_type_cond_1,veh_type_cond_2,lum_code,agg_code,int_code,atm_code,col_code
201900021105,2019-09-05 08:49:00,2019,9,5,8,49,91,91122,ESPERANCE (AVENUE DE L'),48.70203,2.15611,Plein jour,En agglomération,Hors intersection,Normale,Autre collision,4,2,2,0,1,2,1,0,1,50,1,2,0,0,0,2,53.0,,voiture,,1,2,1,1,6
201900021106,2019-09-09 18:50:00,2019,9,9,18,50,91,91657,PIERRE MARIN (RUE),48.70166,2.4152,Plein jour,En agglomération,Hors intersection,Normale,Deux véhicules - côté,4,2,2,0,1,1,1,0,1,50,2,2,1,0,0,1,19.0,64.0,voiture,deux_roues,1,2,1,1,3
201900021107,2019-09-05 22:25:00,2019,9,5,22,25,90,90010,JAURES (AVENUE JEAN) A 150 ET 117,47.6399956,6.8500121,Nuit avec éclairage allumé,En agglomération,Intersection en T,Normale,Deux véhicules - côté,4,2,2,0,1,1,1,0,1,50,2,2,1,0,1,0,32.0,61.0,utilitaire_camion,deux_roues,5,2,3,1,3
201900021108,2019-09-07 04:31:00,2019,9,7,4,31,87,87048,NEXON (ROUTE DE),45.79296,1.24713,Nuit sans éclairage public,En agglomération,Hors intersection,Normale,Autre collision,3,2,2,0,1,1,1,0,1,50,1,2,1,1,0,0,48.0,,voiture,,3,2,1,1,6
201900021109,2019-09-06 17:12:00,2019,9,6,17,12,87,87085,RD941 (OUEST),45.8346,1.22593,Plein jour,En agglomération,Hors intersection,Normale,Autre collision,3,3,4,0,1,1,1,0,1,50,1,2,1,0,0,1,69.0,,voiture,,1,2,1,1,6
201900021110,2019-09-07 15:00:00,2019,9,7,15,0,85,85194,ROUTE DES AMIS DE LA NATURE,46.57146,-1.82248,Plein jour,Hors agglomération,Hors intersection,Normale,Deux véhicules - côté,3,2,2,0,1,1,1,0,1,70,2,2,1,0,1,0,70.0,64.0,deux_roues,voiture,1,1,1,1,3
201900021111,2019-09-08 09:00:00,2019,9,8,9,0,83,83090,GORGES (ROUTE DES),43.1469,5.8483,Plein jour,Hors agglomération,Hors intersection,Normale,Deux véhicules - frontale,4,2,2,0,1,3,1,0,1,50,2,2,0,0,1,1,60.0,85.0,voiture,voiture,1,1,1,1,1
201900021112,2019-09-09 17:00:00,2019,9,9,17,0,83,83126,MAR VIVO AUX DEUX CHENES (CHEMIN DE),43.076579,5.880411,Plein jour,En agglomération,Intersection en T,Temps éblouissant,Autre collision,4,2,2,0,1,3,1,0,1,50,1,2,1,0,0,1,65.0,,voiture,,1,2,3,7,6
201900021113,2019-09-07 15:05:00,2019,9,7,15,5,83,83126,LAMARQUE (AV JEAN ALBERT),43.1095,5.86067,Plein jour,En agglomération,Hors intersection,Normale,Autre collision,4,2,3,0,1,1,1,0,1,50,2,3,1,0,0,2,20.0,59.0,voiture,voiture,1,2,1,1,6
201900021114,2019-09-09 07:55:00,2019,9,9,7,55,83,83129,KENNEDY (AVENUE J.)N°PAIRS 2A2560,43.1076,5.8194,Plein jour,En agglomération,Hors intersection,Temps éblouissant,Autre collision,3,3,2,0,3,1,1,0,2,50,1,2,1,0,0,1,87.0,,voiture,,1,2,1,7,6
201900021115,2019-09-08 17:40:00,2019,9,8,17,40,80,80131,,49.846037,2.419254,Plein jour,Hors agglomération,Intersection en X,Normale,Deux véhicules - côté,3,-1,2,0,1,1,1,0,1,90,2,2,1,0,0,1,39.0,41.0,voiture,voiture,1,1,2,1,3
201900021116,2019-09-08 19:15:00,2019,9,8,19,15,80,80021,R DE L'ABBE HENOCQUE,49.9101,2.29528,Plein jour,En agglomération,Hors intersection,Normale,Deux véhicules - côté,4,-1,2,0,1,1,1,0,3,50,2,4,1,0,0,3,64.0,38.0,voiture,voiture,1,2,1,1,3
201900021117,2019-09-03 23:20:00,2019,9,3,23,20,78,78138,POISSY (AVENUE DE),48.972513,2.03215,Nuit avec éclairage allumé,En agglomération,Intersection en X,Normale,Deux véhicules - côté,3,2,2,0,1,1,1,0,1,50,2,2,0,0,2,0,19.0,,deux_roues,,5,2,2,1,3
201900021118,2019-09-08 23:08:00,2019,9,8,23,8,77,77384,D57,48.61428,2.61665,Nuit sans éclairage public,Hors agglomération,Hors intersection,Normale,Deux véhicules - frontale,3,2,2,0,1,1,1,0,1,70,2,7,4,0,0,3,22.0,49.0,voiture,voiture,3,1,1,1,1
201900021119,2019-09-06 22:30:00,2019,9,6,22,30,76,76540,BRETAGNE. AVENUE DE,49.43146,1.08217,Nuit avec éclairage allumé,En agglomération,Hors intersection,Normale,Autre collision,3,3,4,0,1,1,1,1,1,50,1,1,0,0,0,1,37.0,,voiture,,5,2,1,1,6
201900021120,2019-09-08 16:15:00,2019,9,8,16,15,76,76329,FONTAINE MUREE,49.54065,0.51187,Plein jour,Hors agglomération,Hors intersection,Normale,Deux véhicules - frontale,4,2,2,0,1,2,1,0,1,70,2,3,0,0,2,1,62.0,20.0,voiture,voiture,1,1,1,1,1
201900021121,2019-09-09 09:05:00,2019,9,9,9,5,74,74281,RD 1005,46.34871,6.44232,Plein jour,Hors agglomération,Hors intersection,Normale,Sans collision,3,1,2,0,1,1,1,0,1,90,1,1,0,0,1,0,26.0,,voiture,,1,1,1,1,7
201900021122,2019-09-08 22:35:00,2019,9,8,22,35,74,74118,DEPORTES (ROUTE DES ),46.1824059,6.2304401,Nuit avec éclairage allumé,En agglomération,Hors intersection,Pluie légère,Deux véhicules - arrière,3,2,3,0,2,2,2,0,1,50,2,3,2,0,0,1,26.0,48.0,utilitaire_camion,voiture,5,2,1,2,2
201900021123,2019-09-07 21:50:00,2019,9,7,21,50,74,74012,SALEVE (RUE DU),46.1915,6.2308,Nuit avec éclairage allumé,En agglomération,Hors intersection,Normale,Sans collision,4,2,2,0,1,1,1,0,1,50,1,1,0,0,0,1,32.0,,deux_roues,,5,2,1,1,7
201900021124,2019-09-07 12:32:00,2019,9,7,12,32,69,69290,JULES FERRY                         (R ),45.69734,4.94764,Plein jour,En agglomération,Intersection en X,Normale,Deux véhicules - côté,4,3,2,0,3,1,1,0,1,50,2,3,0,0,0,3,43.0,28.0,voiture,voiture,1,2,2,1,3
201900021125,2019-09-08 10:30:00,2019,9,8,10,30,69,69092,SALENGRO (Boulevard Roger),46.00061,4.7176,Plein jour,En agglomération,Giratoire,Normale,Deux véhicules - côté,4,-1,1,0,1,3,1,0,1,50,2,2,1,0,0,1,77.0,59.0,deux_roues,voiture,1,2,6,1,3
201900021126,2019-09-06 19:00:00,2019,9,6,19,0,67,67482,FINKMATT (RUE),48.58754,7.74844,Crépuscule ou aube,En agglomération,Hors intersection,Normale,Autre collision,4,-1,1,3,1,1,1,6,2,5,1,2,0,0,0,2,26.0,,deux_roues,,2,2,1,1,6
201900021127,2019-09-06 15:00:00,2019,9,6,15,0,67,67482,SOULTZ (RUE DE),48.56592,7.778481,Plein jour,En agglomération,Hors intersection,Normale,Deux véhicules - arrière,4,2,3,1,1,1,1,8,1,30,2,2,1,0,0,1,69.0,56.0,deux_roues,utilitaire_camion,1,2,1,1,2
201900021128,2019-09-09 08:20:00,2019,9,9,8,20,66,66136,CHASSERIAU (THEODORE),42.69645,2.90792,Plein jour,En agglomération,Hors intersection,Normale,Autre collision,4,2,1,0,1,1,1,0,1,50,1,2,1,0,0,1,26.0,,voiture,,1,2,1,1,6
201900021129,2019-09-09 14:00:00,2019,9,9,14,0,64,64189,BRETELLE DE SOCOA RD 913 (BRETELLE),43.3817091,-1.6900654,Plein jour,En agglomération,Hors intersection,Normale,Deux véhicules - arrière,3,2,2,0,1,1,1,0,3,70,2,4,2,0,0,2,32.0,32.0,voiture,voiture,1,2,1,1,2
201900021130,2019-09-07 20:10:00,2019,9,7,20,10,64,64189,JAURES JEAN  (AVENUE),43.381246,-1.667942,Plein jour,En agglomération,Hors intersection,Normale,Deux véhicules - côté,4,2,2,0,1,1,1,0,1,50,2,3,1,0,0,2,62.0,14.0,voiture,deux_roues,1,2,1,1,3
201900021131,2019-09-05 09:40:00,2019,9,5,9,40,64,64445,PYRENEES DES,43.29381,-0.3651,Plein jour,En agglomération,Hors intersection,Normale,Deux véhicules - côté,4,1,1,1,1,1,1,0,1,50,2,2,1,0,0,1,39.0,96.0,voiture,voiture,1,2,1,1,3
201900021132,2019-09-08 00:20:00,2019,9,8,0,20,64,64125,BAYONNE (AVENUE DE),43.4475006,-1.5739297,Nuit avec éclairage allumé,En agglomération,Hors intersection,Normale,Autre collision,3,-1,0,0,1,1,2,0,3,50,1,1,0,0,0,1,51.0,,voiture,,5,2,1,1,6
201900021133,2019-09-07 00:50:00,2019,9,7,0,50,64,64024,ADOUR (AVENUE DE L'),43.5087074,-1.4984166,Nuit avec éclairage allumé,En agglomération,Hors intersection,Normale,Deux véhicules - frontale,4,2,2,1,1,1,1,0,3,50,2,4,2,0,0,2,19.0,41.0,utilitaire_camion,voiture,5,2,1,1,1
201900021134,2019-09-06 17:05:00,2019,9,6,17,5,64,64102,BASQUE (AVENUE DU GRAND),43.4893684,-1.4571765,Plein jour,En agglomération,Hors intersection,Normale,Deux véhicules - côté,3,2,4,0,2,1,1,0,3,50,2,2,1,0,0,1,50.0,38.0,deux_roues,voiture,1,2,1,1,3
201900021135,2019-09-08 11:20:00,2019,9,8,11,20,63,63124,MARCHADIER (CARREFOUR ROBERT),45.73958,3.17155,Plein jour,En agglomération,Giratoire,Pluie légère,Deux véhicules - côté,7,1,2,0,1,2,2,0,1,50,2,2,1,0,1,0,56.0,50.0,voiture,deux_roues,1,2,6,2,3
201900021136,2019-09-07 22:49:00,2019,9,7,22,49,63,63113,JULIEN (AVENUE),45.7755,3.08205,Nuit avec éclairage allumé,En agglomération,Hors intersection,Normale,Autre collision,4,1,2,0,1,1,1,0,1,50,2,2,1,0,1,0,18.0,22.0,voiture,deux_roues,5,2,1,1,6
201900021137,2019-09-07 23:30:00,2019,9,7,23,30,63,63113,LIBERATION (AVENUE DE LA),45.76783,3.08189,Nuit avec éclairage allumé,En agglomération,Hors intersection,Normale,Deux véhicules - côté,4,1,3,0,1,1,1,0,1,50,2,2,1,0,0,1,20.0,48.0,deux_roues,voiture,5,2,1,1,3
201900021138,2019-09-06 08:30:00,2019,9,6,8,30,63,63113,SCHUMAN (BD ROBERT),45.76242,3.12974,Plein jour,En agglomération,Hors intersection,Normale,Autre collision,7,1,2,0,1,1,1,0,1,50,1,2,1,0,0,1,43.0,,voiture,,1,2,1,1,6
201900021139,2019-09-06 17:50:00,2019,9,6,17,50,63,63075,ROYAT (AVENUE DE),45.7756675,3.0665654,Plein jour,En agglomération,Hors intersection,Normale,Autre collision,7,2,2,0,1,1,1,0,1,50,1,2,1,0,0,1,23.0,,voiture,,1,2,1,1,6
201900021140,2019-09-05 18:40:00,2019,9,5,18,40,59,59386,MENIN RUE DE,50.6806402,3.0836587,Plein jour,En agglomération,Hors intersection,Temps éblouissant,Autre collision,4,1,1,1,1,1,1,0,1,50,1,2,1,0,0,1,32.0,,voiture,,1,2,1,7,6
201900021141,2019-09-06 17:00:00,2019,9,6,17,0,57,57751,THIONVILLE (AVENUE ),49.15114,6.15844,Plein jour,En agglomération,Hors intersection,Normale,Autre collision,4,2,2,0,1,1,1,0,1,50,1,2,0,0,0,2,45.0,,voiture,,1,2,1,1,6
201900021142,2019-09-06 18:20:00,2019,9,6,18,20,56,56083,MITTERAND (Av. du Pt),47.80908,-3.2625,Plein jour,En agglomération,Hors intersection,Normale,Deux véhicules - côté,3,2,2,0,2,1,1,0,1,30,2,2,1,0,0,1,18.0,16.0,voiture,deux_roues,1,2,1,1,3
201900021143,2019-09-06 17:55:00,2019,9,6,17,55,56,56121,RN 465 (DESSERTE PORTUAIRE),47.7426888,-3.3839996,Plein jour,En agglomération,Hors intersection,Normale,Deux véhicules - arrière,3,2,2,0,1,1,1,0,1,50,2,2,1,0,0,1,43.0,19.0,voiture,voiture,1,2,1,1,2
201900021144,2019-09-06 17:35:00,2019,9,6,17,35,56,56083,MITTERAND (AV. DU Pt ),47.80908,-3.2625,Plein jour,En agglomération,Hors intersection,Normale,Deux véhicules - côté,3,3,2,0,2,1,1,0,1,30,2,2,1,0,0,1,54.0,16.0,voiture,deux_roues,1,2,1,1,3
201900021145,2019-09-06 21:20:00,2019,9,6,21,20,54,54493,RD26,49.515184,5.844984,Nuit sans éclairage public,Hors agglomération,Hors intersection,Normale,Autre collision,3,2,2,0,1,1,1,0,1,80,1,1,0,1,0,0,38.0,,voiture,,3,1,1,1,6
201900021146,2019-09-09 08:50:00,2019,9,9,8,50,51,51454,RUE DE BETHENY,49.2867048,4.0163177,Plein jour,En agglomération,Intersection en X,Normale,Deux véhicules - côté,4,2,2,0,1,1,1,5,1,50,2,2,0,0,0,2,82.0,47.0,voiture,voiture,1,2,2,1,3
201900021147,2019-09-09 17:55:00,2019,9,9,17,55,50,50218,VILLEDIEU LES POELES (ROUTE),48.83758,-1.54425,Crépuscule ou aube,En agglomération,Hors intersection,Pluie forte,Deux véhicules - arrière,3,2,2,0,1,1,2,0,1,50,2,2,1,0,0,1,72.0,41.0,voiture,voiture,2,2,1,3,2
201900021148,2019-09-08 18:50:00,2019,9,8,18,50,50,50416,BRETON (RUE DU),49.65412,-1.70691,Plein jour,Hors agglomération,Hors intersection,Normale,Autre collision,3,3,2,0,2,1,1,0,1,80,1,1,0,0,0,1,28.0,,voiture,,1,1,1,1,6
201900021149,2019-09-06 19:05:00,2019,9,6,19,5,49,49353,avenue pierre mendès france,47.44783,-0.50836,Plein jour,En agglomération,Hors intersection,Normale,Deux véhicules - arrière,4,2,2,0,1,1,1,0,1,60,2,2,1,0,0,1,53.0,53.0,utilitaire_camion,deux_roues,1,2,1,1,2
201900021150,2019-09-07 11:53:00,2019,9,7,11,53,49,49007,CHAPEAU DE GENDARME,47.4514,-0.5533,Plein jour,En agglomération,Hors intersection,Normale,Deux véhicules - côté,4,2,2,0,1,1,1,0,1,60,2,2,1,0,0,1,43.0,42.0,deux_roues,voiture,1,2,1,1,3
201900021151,2019-09-07 09:15:00,2019,9,7,9,15,49,49353,BLUM,47.4463,-0.4962,Plein jour,En agglomération,Hors intersection,Normale,Deux véhicules - côté,4,2,2,0,1,1,1,0,1,60,2,3,1,0,0,2,25.0,86.0,deux_roues,voiture,1,2,1,1,3
201900021152,2019-04-18 18:30:00,2019,4,18,18,30,94,94034,AUTOROUTE A86,48.76,2.3211,Plein jour,Hors agglomération,Hors intersection,Normale,Deux véhicules - côté,1,3,4,0,1,1,1,0,1,70,2,2,1,0,0,1,43.0,65.0,utilitaire_camion,deux_roues,1,1,1,1,3
201900021153,2019-04-18 11:40:00,2019,4,18,11,40,91,91589,AUTOROUTE A6,48.67348,2.34315,Plein jour,Hors agglomération,Hors intersection,Normale,Deux véhicules - arrière,1,3,6,0,1,1,1,0,1,110,2,2,1,0,0,1,20.0,70.0,voiture,voiture,1,1,1,1,2
201900021154,2019-04-18 08:00:00,2019,4,18,8,0,92,92002,AUTOROUTE A86,48.7598814,2.2780136,Plein jour,Hors agglomération,Hors intersection,Normale,Deux véhicules - arrière,1,3,4,0,2,1,1,0,1,90,2,2,1,0,0,1,47.0,58.0,deux_roues,utilitaire_camion,1,1,1,1,2
201900021155,2019-04-18 09:00:00,2019,4,18,9,0,91,91312,RD 444,48.73596,2.22926,Plein jour,Hors agglomération,Hors intersection,Normale,Trois véhicules et plus - en chaîne,3,2,2,0,1,1,1,0,1,70,3,3,1,0,0,2,45.0,48.0,deux_roues,voiture,1,1,1,1,4
201900021156,2019-04-18 02:12:00,2019,4,18,2,12,94,94021,AUTOROUTE A6B,48.77146,2.34509,Nuit avec éclairage allumé,Hors agglomération,Hors intersection,Normale,Deux véhicules - côté,1,1,2,0,1,1,1,3,1,90,2,2,1,0,0,1,40.0,23.0,voiture,utilitaire_camion,5,1,1,1,3
201900021157,2019-04-17 16:20:00,2019,4,17,16,20,91,91477,AUTOROUTE A126,48.72074,2.2287,Plein jour,Hors agglomération,Hors intersection,Normale,Trois véhicules et plus - collisions multiples,1,2,3,0,2,1,1,0,1,70,3,3,0,0,3,0,30.0,24.0,voiture,voiture,1,1,1,1,5
201900021158,2019-04-17 18:00:00,2019,4,17,18,0,91,91471,RN 118,48.6946,2.1926,Plein jour,Hors agglomération,Hors intersection,Normale,Deux véhicules - arrière,2,3,3,0,2,1,1,0,1,90,2,2,0,0,0,2,25.0,33.0,voiture,voiture,1,1,1,1,2
201900021159,2019-04-27 17:00:00,2019,4,27,17,0,92,92063,A86,48.890204,2.170291,Plein jour,Hors agglomération,Hors intersection,Normale,Autre collision,1,-1,1,0,1,3,2,0,1,30,1,3,0,0,1,2,19.0,,voiture,,1,1,1,1,6
201900021160,2019-04-27 06:00:00,2019,4,27,6,0,92,92036,A86,48.9336031,2.2762178,Nuit sans éclairage public,Hors agglomération,Hors intersection,Pluie forte,Autre collision,1,1,2,0,1,1,2,0,1,90,1,1,0,0,0,1,23.0,,utilitaire_camion,,3,1,1,3,6
201900021161,2019-04-27 03:00:00,2019,4,27,3,0,78,78140,A13,48.9621,1.9289,Nuit sans éclairage public,Hors agglomération,Hors intersection,Pluie légère,Sans collision,1,-1,3,0,2,1,2,0,1,130,1,1,0,0,0,1,30.0,,voiture,,3,1,1,2,7
201900021162,2019-04-26 09:00:00,2019,4,26,9,0,92,92025,A86,48.9324098,2.2485367,Plein jour,Hors agglomération,Hors intersection,Normale,Deux véhicules - arrière,1,1,2,0,1,1,1,0,1,90,2,2,1,0,0,1,46.0,40.0,deux_roues,deux_roues,1,1,1,1,2
201900021163,2019-04-25 09:00:00,2019,4,25,9,0,92,92036,RN315 W,48.9288956,2.3023855,Plein jour,Hors agglomération,Hors intersection,Normale,Deux véhicules - arrière,2,-1,1,0,1,1,1,0,1,70,2,2,1,0,0,1,24.0,48.0,voiture,voiture,1,1,1,1,2
201900021164,2019-04-19 21:15:00,2019,4,19,21,15,78,78217,A13,48.965691,1.808381,Nuit sans éclairage public,Hors agglomération,Hors intersection,Normale,Deux véhicules - côté,1,1,3,0,1,1,1,0,1,130,2,2,1,0,0,1,21.0,29.0,deux_roues,voiture,3,1,1,1,3
201900021165,2019-04-19 13:49:00,2019,4,19,13,49,78,78545,A12 W,48.818158,2.065392,Plein jour,Hors agglomération,Hors intersection,Normale,Deux véhicules - arrière,1,-1,4,0,1,1,1,0,1,110,2,3,0,0,0,3,44.0,68.0,voiture,voiture,1,1,1,1,2
201900021166,2019-04-19 11:35:00,2019,4,19,11,35,78,78322,A86 EXT,48.78094,2.17084,Plein jour,Hors agglomération,Hors intersection,Normale,Trois véhicules et plus - en chaîne,1,1,4,0,1,1,1,0,1,110,4,6,4,0,0,2,60.0,31.0,voiture,voiture,1,1,1,1,4
201900021167,2019-04-28 14:45:00,2019,4,28,14,45,95,95212,RN 104,49.02597,2.53632,Plein jour,Hors agglomération,Hors intersection,Pluie légère,Deux véhicules - arrière,2,3,8,0,1,1,2,1,1,90,2,2,1,0,0,1,22.0,33.0,voiture,voiture,1,1,1,2,2
201900021168,2019-04-28 08:30:00,2019,4,28,8,30,95,95572,AUTOROUTE A15,49.03292,2.10524,Plein jour,Hors agglomération,Hors intersection,Normale,Autre collision,1,1,10,0,2,1,2,3,1,70,1,1,0,0,0,1,21.0,,utilitaire_camion,,1,1,1,1,6
201900021169,2019-04-27 17:05:00,2019,4,27,17,5,93,93066,AUTOROUTE A86,48.91444,2.35759,Plein jour,Hors agglomération,Hors intersection,Normale,Trois véhicules et plus - en chaîne,1,3,8,0,1,1,1,0,1,90,4,4,3,0,0,1,28.0,51.0,voiture,utilitaire_camion,1,1,1,1,4
201900021170,2019-04-27 08:30:00,2019,4,27,8,30,92,92036,AUTOROUTE A86,48.9340694,2.3205241,Plein jour,Hors agglomération,Hors intersection,Temps éblouissant,Autre collision,1,3,6,0,2,1,2,2,1,90,1,1,0,0,0,1,50.0,,voiture,,1,1,1,7,6
201900021171,2019-04-26 19:40:00,2019,4,26,19,40,95,95582,AUTOROUTE A15,48.96742,2.25385,Plein jour,Hors agglomération,Hors intersection,Normale,Deux véhicules - côté,1,3,8,0,2,3,1,0,1,110,2,2,1,0,0,1,23.0,26.0,deux_roues,utilitaire_camion,1,1,1,1,3
201900021172,2019-04-26 13:20:00,2019,4,26,13,20,95,95252,AUTOROUTE A15,48.98721,2.20786,Plein jour,Hors agglomération,Hors intersection,Normale,Autre collision,1,3,8,0,1,1,1,0,1,110,1,1,0,0,0,1,21.0,,voiture,,1,1,1,1,6
201900021173,2019-04-26 09:00:00,2019,4,26,9,0,95,95018,AUTOROUTE A15,48.95729,2.27597,Plein jour,Hors agglomération,Hors intersection,Normale,Trois véhicules et plus - collisions multiples,1,3,8,0,1,1,1,0,1,110,3,3,2,0,0,1,52.0,39.0,voiture,voiture,1,1,1,1,5
201900021174,2019-04-25 13:50:00,2019,4,25,13,50,93,93048,AUTOROUTE A86,48.86377,2.48252,Plein jour,Hors agglomération,Hors intersection,Normale,Deux véhicules - arrière,1,3,6,0,1,1,1,1,1,90,2,3,1,0,0,2,25.0,60.0,utilitaire_camion,voiture,1,1,1,1,2
201900021175,2019-04-25 08:00:00,2019,4,25,8,0,60,60631,AUTOROUTE A1,49.1561,2.5904,Plein jour,Hors agglomération,Hors intersection,Normale,Trois véhicules et plus - en chaîne,1,3,6,0,1,1,2,0,1,130,3,3,1,0,0,2,56.0,44.0,utilitaire_camion,deux_roues,1,1,1,1,4
201900021176,2019-04-24 15:30:00,2019,4,24,15,30,93,93005,AUTOROUTE A3,48.92876,2.48145,Plein jour,Hors agglomération,Hors intersection,Pluie légère,Deux véhicules - côté,1,3,6,0,1,1,2,2,1,110,2,1,0,0,0,1,49.0,,voiture,,1,1,1,2,3
201900021177,2019-04-19 14:00:00,2019,4,19,14,0,95,95488,AUTOROUTE A15,49.02314,2.134,Plein jour,Hors agglomération,Hors intersection,Normale,Autre collision,1,3,6,0,1,1,1,0,1,110,1,1,0,0,0,1,39.0,,voiture,,1,1,1,1,6
201900021178,2019-04-14 06:30:00,2019,4,14,6,30,95,95277,AUTOROUTE A104,48.9716,2.48396,Crépuscule ou aube,Hors agglomération,Hors intersection,Normale,Autre collision,1,3,-1,0,2,3,1,0,1,90,1,1,0,0,0,1,25.0,,voiture,,2,1,1,1,6
201900021179,2019-04-23 21:30:00,2019,4,23,21,30,95,95527,AUTOROUTE A3,48.98699,2.50499,Nuit sans éclairage public,Hors agglomération,Hors intersection,Normale,Autre collision,1,1,2,0,1,1,1,3,1,90,1,2,0,0,0,2,38.0,,voiture,,3,1,1,1,6
201900021180,2019-04-22 14:00:00,2019,4,22,14,0,95,95306,AUTOROUTE A15,49.00146,2.1722,Plein jour,Hors agglomération,Hors intersection,Normale,Trois véhicules et plus - collisions multiples,1,3,6,0,1,1,1,0,1,110,3,4,0,0,1,3,81.0,74.0,voiture,voiture,1,1,1,1,5
201900021181,2019-04-21 21:30:00,2019,4,21,21,30,95,95500,AUTOROUTE A15,49.03842,2.08781,Nuit sans éclairage public,Hors agglomération,Hors intersection,Normale,Trois véhicules et plus - collisions multiples,1,3,9,0,1,1,1,0,1,90,3,5,1,0,0,4,59.0,44.0,voiture,voiture,3,1,1,1,5
201900021182,2019-04-20 16:25:00,2019,4,20,16,25,95,95127,AUTOROUTE A15,49.04585,2.07425,Plein jour,Hors agglomération,Hors intersection,Normale,Deux véhicules - arrière,1,3,6,0,1,1,1,0,1,90,2,2,1,0,0,1,64.0,45.0,voiture,utilitaire_camion,1,1,1,1,2
201900021183,2019-04-20 14:25:00,2019,4,20,14,25,95,95607,AUTOROUTE A115,49.03784,2.19327,Plein jour,Hors agglomération,Hors intersection,Normale,Trois véhicules et plus - en chaîne,1,3,4,0,1,1,1,0,1,90,3,4,1,0,0,3,45.0,49.0,voiture,voiture,1,1,1,1,4
201900021184,2019-04-20 13:00:00,2019,4,20,13,0,93,93066,AUTOROUTE A1,48.91481,2.35793,Plein jour,Hors agglomération,Hors intersection,Normale,Deux véhicules - côté,1,3,8,0,1,1,1,1,1,90,2,3,1,0,0,2,33.0,49.0,utilitaire_camion,voiture,1,1,1,1,3
201900021185,2019-04-18 16:20:00,2019,4,18,16,20,95,95028,RN 104,49.06389,2.36706,Plein jour,Hors agglomération,Hors intersection,Normale,Deux véhicules - arrière,2,3,4,0,1,1,1,0,1,110,2,2,1,0,0,1,29.0,23.0,utilitaire_camion,deux_roues,1,1,1,1,2
201900021186,2019-04-18 13:45:00,2019,4,18,13,45,95,95582,AUTOROUTE A15,48.97073,2.24936,Plein jour,Hors agglomération,Hors intersection,Normale,Trois véhicules et plus - en chaîne,1,3,8,0,1,1,1,0,1,110,5,6,1,0,0,5,30.0,20.0,voiture,voiture,1,1,1,1,4
201900021187,2019-04-18 08:30:00,2019,4,18,8,30,95,95394,RN 184,49.05116,2.15009,Plein jour,Hors agglomération,Hors intersection,Normale,Deux véhicules - côté,2,3,5,0,1,1,1,0,1,90,2,2,1,0,0,1,22.0,55.0,deux_roues,voiture,1,1,1,1,3
201900021188,2019-04-18 08:45:00,2019,4,18,8,45,93,93007,AUTOROUTE A1,48.94926,2.44675,Plein jour,Hors agglomération,Hors intersection,Normale,Deux véhicules - côté,1,3,8,0,1,1,1,0,1,110,2,2,1,0,0,1,35.0,33.0,deux_roues,voiture,1,1,1,1,3
201900021189,2019-04-18 07:15:00,2019,4,18,7,15,92,92078,AUTOROUTE A86,48.9286343,2.3306077,Plein jour,Hors agglomération,Hors intersection,Normale,Deux véhicules - côté,1,3,6,0,1,1,1,0,1,90,2,2,1,0,0,1,36.0,47.0,deux_roues,voiture,1,1,1,1,3
201900021190,2019-04-27 13:15:00,2019,4,27,13,15,77,77294,A104,48.9607145,2.6189346,Plein jour,Hors agglomération,Hors intersection,Normale,Deux véhicules - arrière,1,3,2,0,1,1,1,0,1,90,2,4,3,0,0,1,25.0,42.0,voiture,voiture,1,1,1,1,2
201900021191,2019-04-27 07:45:00,2019,4,27,7,45,77,77249,RN104,48.7403041,2.612468,Plein jour,Hors agglomération,Hors intersection,Pluie légère,Autre collision,2,-1,2,0,1,2,3,0,1,90,1,2,1,0,0,1,34.0,,voiture,,1,1,1,2,6
201900021192,2019-04-26 13:50:00,2019,4,26,13,50,94,94079,A4,48.834,2.5356,Plein jour,Hors agglomération,Hors intersection,Normale,Deux véhicules - arrière,1,3,4,0,1,1,1,0,1,90,2,2,1,0,0,1,34.0,39.0,voiture,utilitaire_camion,1,1,1,1,2
201900021193,2019-04-25 12:30:00,2019,4,25,12,30,94,94018,A4,48.8197313,2.4048147,Plein jour,Hors agglomération,Autre intersection,Pluie légère,Trois véhicules et plus - en chaîne,1,3,10,0,1,1,2,0,1,90,3,4,2,0,0,2,35.0,30.0,utilitaire_camion,voiture,1,1,9,2,4
201900021194,2019-04-25 11:40:00,2019,4,25,11,40,77,77146,A4.Y,48.8311061,2.6383375,Plein jour,Hors agglomération,Autre intersection,Pluie légère,Deux véhicules - arrière,1,1,1,0,2,1,2,0,1,50,2,2,1,0,0,1,35.0,37.0,voiture,voiture,1,1,9,2,2
201900021195,2019-04-25 08:50:00,2019,4,25,8,50,94,94017,A4,48.8284655,2.4757913,Plein jour,Hors agglomération,Hors intersection,Pluie légère,Autre collision,1,-1,6,0,1,1,2,0,1,90,3,3,2,0,0,1,18.0,74.0,voiture,voiture,1,1,1,2,6
201900021196,2019-04-24 10:00:00,2019,4,24,10,0,77,77296,A5b,48.6310895,2.628607,Plein jour,Hors agglomération,Hors intersection,Normale,Autre collision,1,-1,1,0,2,3,1,0,1,30,1,1,0,0,0,1,79.0,,voiture,,1,1,1,1,6
201900021197,2019-04-23 13:50:00,2019,4,23,13,50,94,94073,A86 INT,48.7604,2.38112,Plein jour,Hors agglomération,Hors intersection,Normale,Trois véhicules et plus - en chaîne,1,-1,3,0,1,1,1,1,1,90,4,4,3,0,0,1,33.0,35.0,utilitaire_camion,voiture,1,1,1,1,4