accident_id,datetime,annee,mois,jour,heure,minute,departement,commune_insee,adresse,latitude,longitude,luminosite,agglomeration,intersection,meteo,collision,catr,circ,nbv,vosp,prof,plan,surf,infra,situ,vma,nb_vehicules,nb_usagers,nb_indemnes,nb_tues,nb_blesses_hosp,nb_blesses_legers,age_cond_1,age_cond_2,veh_type_cond_1,veh_type_cond_2,lum_code,agg_code,int_code,atm_code,col_code
201900021290,2019-04-17 21:20:00,2019,4,17,21,20,75,75114,RUE DE L OUEST,48.837161,2.321641,Nuit avec éclairage non allumé,En agglomération,Hors intersection,Normale,Autre collision,4,1,1,2,1,1,1,0,1,50,2,3,2,0,0,1,40.0,55.0,voiture,deux_roues,4,2,1,1,6
201900021291,2019-04-17 15:50:00,2019,4,17,15,50,75,75114,RUE HIPPOLYTE MAINDRON,48.832072,2.322228,Plein jour,En agglomération,Intersection en X,Normale,Autre collision,4,1,1,0,1,1,1,0,1,50,1,2,1,0,0,1,60.0,,voiture,,1,2,2,1,6
201900021292,2019-04-17 14:40:00,2019,4,17,14,40,75,75113,QUAI D IVRY,48.825887,2.387768,Plein jour,En agglomération,Hors intersection,Normale,Autre collision,4,1,2,0,1,1,1,0,1,50,3,1,0,0,0,1,34.0,,deux_roues,,1,2,1,1,6
201900021293,2019-04-17 14:30:00,2019,4,17,14,30,75,75113,AVENUE D ITALIE,48.824444,2.357804,Plein jour,En agglomération,Intersection en T,Normale,Deux véhicules - côté,4,2,5,1,1,1,1,0,5,50,2,2,1,0,0,1,50.0,25.0,utilitaire_camion,deux_roues,1,2,3,1,3
201900021294,2019-04-17 09:25:00,2019,4,17,9,25,75,75113,AVENUE DES GOBELINS,48.833203,2.354361,Plein jour,En agglomération,Intersection en T,Normale,Deux véhicules - côté,4,2,4,3,2,1,1,0,6,50,2,2,1,0,0,1,27.0,57.0,deux_roues,voiture,1,2,3,1,3
201900021295,2019-04-17 18:55:00,2019,4,17,18,55,75,75112,QUAI DE LA RAPEE,48.84527,2.368362,Plein jour,En agglomération,Intersection en T,Normale,Autre collision,4,2,3,0,1,1,1,0,5,50,2,2,1,0,0,1,52.0,,deux_roues,,1,2,3,1,6
201900021296,2019-04-16 20:00:00,2019,4,16,20,0,75,75112,RUE DE WATTIGNIES,48.83488,2.399928,Crépuscule ou aube,En agglomération,Hors intersection,Normale,Autre collision,4,1,2,0,1,1,1,0,4,50,1,2,1,0,0,1,12.0,,deux_roues,,2,2,1,1,6
201900021297,2019-04-17 18:20:00,2019,4,17,18,20,75,75108,BOULEVARD HAUSSMANN,48.874719,2.319971,Plein jour,En agglomération,Intersection en X,Normale,Autre collision,4,1,3,3,1,1,1,0,6,50,2,1,0,0,0,1,25.0,,deux_roues,,1,2,2,1,6
201900021298,2019-04-17 11:35:00,2019,4,17,11,35,75,75108,PLACE DE LA MADELEINE,48.869572,2.323635,Plein jour,En agglomération,Place,Normale,Deux véhicules - côté,4,1,4,0,1,2,1,0,1,50,2,2,1,0,0,1,45.0,46.0,voiture,deux_roues,1,2,7,1,3
201900021299,2019-04-16 20:55:00,2019,4,16,20,55,75,75104,RUE SAINT ANTOINE,48.855065,2.36168,Nuit avec éclairage allumé,En agglomération,Intersection en T,Normale,Autre collision,4,1,3,0,1,1,1,0,1,50,1,1,0,0,0,1,27.0,,deux_roues,,5,2,3,1,6
201900021300,2019-04-17 14:23:00,2019,4,17,14,23,94,94067,ETANG (CHS DE L),48.84362,2.42017,Plein jour,En agglomération,Autre intersection,Temps éblouissant,Autre collision,4,1,1,0,1,1,1,0,1,30,1,2,1,0,0,1,64.0,,utilitaire_camion,,1,2,9,7,6
201900021301,2019-04-17 09:00:00,2019,4,17,9,0,94,94067,MINIMES (AV DES),48.8414137,2.4295268,Plein jour,En agglomération,Hors intersection,Normale,Sans collision,3,2,2,0,1,1,1,0,1,50,1,1,0,0,0,1,19.0,,voiture,,1,2,1,1,7
201900021302,2019-04-16 17:35:00,2019,4,16,17,35,94,94046,GENERAL DE GAULLE (AV DU),48.81266,2.42212,Plein jour,En agglomération,Hors intersection,Normale,Deux véhicules - côté,3,2,4,0,1,1,1,0,1,50,2,3,2,0,0,1,25.0,35.0,voiture,deux_roues,1,2,1,1,3
201900021303,2019-04-17 15:45:00,2019,4,17,15,45,94,94041,PIERRE SEMARD (AV),48.81985,2.37993,Plein jour,En agglomération,Hors intersection,Normale,Deux véhicules - frontale,3,2,2,0,1,1,1,0,1,50,2,2,0,0,0,2,43.0,50.0,deux_roues,deux_roues,1,2,1,1,1
201900021304,2019-04-16 14:00:00,2019,4,16,14,0,94,94028,BROSSOLETTE(AVENUE PIERRE),48.79123,2.46278,Plein jour,En agglomération,Autre intersection,Normale,Deux véhicules - côté,3,3,4,0,1,1,1,5,1,50,2,3,2,0,0,1,49.0,51.0,voiture,utilitaire_camion,1,2,9,1,3
201900021305,2019-04-16 08:40:00,2019,4,16,8,40,94,94028,DEMENITROUX(RUE MAURICE),48.7891,2.4545,Plein jour,En agglomération,Hors intersection,Temps couvert,Autre collision,4,2,1,0,1,1,1,0,1,50,1,2,1,0,1,0,40.0,,voiture,,1,2,1,8,6
201900021306,2019-04-17 09:25:00,2019,4,17,9,25,94,94069,MARECHAL DE LATTRE DE TASSIGNY (AV),48.81992,2.41976,Plein jour,En agglomération,Hors intersection,Normale,Deux véhicules - arrière,3,1,2,2,2,1,1,0,1,30,2,2,1,0,1,0,36.0,36.0,autre,voiture,1,2,1,1,2
201900021307,2019-04-17 00:25:00,2019,4,17,0,25,94,94017,LOUIS TALAMONI (R),48.813505,2.51127,Nuit avec éclairage allumé,En agglomération,Intersection en X,Normale,Deux véhicules - côté,3,-1,0,0,1,1,1,0,1,50,2,2,1,0,0,1,28.0,54.0,deux_roues,utilitaire_camion,5,2,2,1,3
201900021308,2019-04-14 21:50:00,2019,4,14,21,50,93,93066,L'encyclopédie ( rue de ),48.909258,2.36239,Nuit avec éclairage allumé,En agglomération,Intersection en X,Normale,Deux véhicules - côté,4,2,4,0,1,1,1,0,1,50,2,3,1,0,0,2,25.0,27.0,voiture,deux_roues,5,2,2,1,3
201900021309,2019-04-17 16:30:00,2019,4,17,16,30,93,93046,MAURICE BERTHEAUX ALLEE,48.91189,2.51662,Plein jour,En agglomération,Hors intersection,Normale,Deux véhicules - arrière,4,1,1,0,1,1,1,0,1,50,2,1,0,0,0,1,28.0,,deux_roues,,1,2,1,1,2
201900021310,2019-04-17 07:10:00,2019,4,17,7,10,93,93010,AULNAY (PONT D'),48.907254,2.480269,Plein jour,En agglomération,Hors intersection,Normale,Autre collision,4,2,2,0,1,1,1,0,1,50,1,2,1,0,0,1,19.0,,voiture,,1,2,1,1,6
201900021311,2019-04-17 16:45:00,2019,4,17,16,45,93,93008,GRANDE DENISE (RUE DE LA),48.912659,2.468615,Plein jour,En agglomération,Intersection en X,Normale,Deux véhicules - côté,7,2,2,0,1,1,1,0,1,50,2,2,1,0,0,1,42.0,,voiture,,1,2,2,1,3
201900021312,2019-04-17 11:22:00,2019,4,17,11,22,93,93008,BARBUSSE (AVENUE HENRI) A30,48.90771,2.42589,Plein jour,En agglomération,Giratoire,Normale,Deux véhicules - arrière,3,3,4,0,1,1,1,0,1,50,2,2,1,0,0,1,29.0,,voiture,,1,2,6,1,2
201900021313,2019-04-17 09:45:00,2019,4,17,9,45,92,92075,HENRI BARBUSSE (BOULEVARD),48.8140625,2.2872331,Plein jour,En agglomération,Intersection en Y,Normale,Autre collision,4,2,2,0,1,1,1,0,1,30,1,2,1,0,0,1,29.0,,voiture,,1,2,4,1,6
201900021314,2019-04-16 13:55:00,2019,4,16,13,55,92,92051,"CHARLES DE GAULLE (AVENUE,N°118 A 192 +",48.88189,2.26872,Plein jour,En agglomération,Hors intersection,Normale,Deux véhicules - côté,2,1,1,0,1,1,1,0,1,50,2,1,0,0,0,1,58.0,,deux_roues,,1,2,1,1,3
201900021315,2019-04-17 13:15:00,2019,4,17,13,15,92,92050,QUENTIN JULES AVENUE,48.8946867,2.1928117,Plein jour,En agglomération,Intersection en X,Normale,Deux véhicules - côté,4,1,2,0,1,1,1,0,1,50,2,2,1,0,0,1,26.0,29.0,voiture,deux_roues,1,2,2,1,3
201900021316,2019-04-16 14:50:00,2019,4,16,14,50,92,92036,LOUISE MICHEL (PAIRS),48.9221332,2.3199941,Plein jour,En agglomération,Hors intersection,Normale,Deux véhicules - côté,3,2,2,0,1,1,1,0,1,50,2,2,1,0,0,1,15.0,32.0,deux_roues,voiture,1,2,1,1,3
201900021317,2019-04-17 17:00:00,2019,4,17,17,0,92,92026,GEORGES CLEMENCEAU,48.902962,2.271573,Plein jour,En agglomération,Hors intersection,Normale,Autre collision,4,-1,2,0,1,1,1,6,1,10,1,2,1,0,0,1,17.0,,deux_roues,,1,2,1,1,6
201900021318,2019-01-15 17:30:00,2019,1,15,17,30,92,92026,VERDUN (DE 62 A FIN),48.9012953,2.2599324,Crépuscule ou aube,En agglomération,Intersection en T,Normale,Deux véhicules - arrière,3,3,1,3,1,1,1,0,1,50,2,3,2,0,1,0,46.0,41.0,deux_roues,voiture,2,2,3,1,2
201900021319,2019-04-17 16:30:00,2019,4,17,16,30,54,54109,02 chemin de Clérey,48.519925,6.154453,Plein jour,En agglomération,Hors intersection,Normale,Sans collision,9,2,2,0,1,1,1,0,1,50,1,2,1,0,1,0,26.0,,voiture,,1,2,1,1,7
201900021320,2019-04-17 20:20:00,2019,4,17,20,20,45,45339,20 Les Petites Bruyères,47.987253,2.538975,Crépuscule ou aube,Hors agglomération,Hors intersection,Normale,Autre collision,3,2,2,0,1,1,1,0,3,80,1,1,0,0,0,1,26.0,,voiture,,2,1,1,1,6
201900021321,2019-04-18 19:50:00,2019,4,18,19,50,60,60395,Rue Victor Schoelcher,49.226625,2.126978,Plein jour,En agglomération,Intersection en T,Normale,Deux véhicules - frontale,4,-1,2,0,1,1,1,0,1,50,2,2,1,0,0,1,20.0,11.0,voiture,deux_roues,1,2,3,1,1
201900021322,2019-04-18 17:10:00,2019,4,18,17,10,72,72231,d 304,47.913406,0.387012,Plein jour,Hors agglomération,Hors intersection,Normale,Deux véhicules - côté,3,2,2,0,1,1,1,0,1,80,2,2,0,1,0,1,89.0,20.0,voiture,voiture,1,1,1,1,3
201900021323,2019-04-17 14:00:00,2019,4,17,14,0,62,62845,RD 215,50.6261129,1.6801027,Plein jour,Hors agglomération,Intersection en X,Normale,Deux véhicules - côté,3,2,2,0,1,1,1,0,1,80,2,4,2,0,2,0,37.0,37.0,voiture,voiture,1,1,2,1,3
201900021324,2019-04-17 22:30:00,2019,4,17,22,30,56,56078,Résidence des Ajoncs d'Or,47.793652,-3.50041,Nuit sans éclairage public,En agglomération,Hors intersection,Normale,Autre collision,3,2,2,0,2,1,1,0,1,50,1,2,0,0,1,1,77.0,,autre,,3,2,1,1,6
201900021325,2019-04-18 10:25:00,2019,4,18,10,25,80,80211,Route de Loeuilly,49.74992,2.161763,Plein jour,Hors agglomération,Hors intersection,Normale,Deux véhicules - arrière,3,2,1,0,1,1,1,0,1,80,2,2,1,0,0,1,27.0,65.0,voiture,deux_roues,1,1,1,1,2
201900021326,2019-04-17 18:15:00,2019,4,17,18,15,33,33538,rue du 08 mars 1945,45.3956,-0.89525,Plein jour,En agglomération,Hors intersection,Normale,Autre collision,3,2,2,0,4,3,1,0,3,50,1,1,0,0,1,0,19.0,,deux_roues,,1,2,1,1,6
201900021327,2019-03-05 06:00:00,2019,3,5,6,0,33,33523,CD11,44.73541,-0.26397,Nuit avec éclairage allumé,En agglomération,Intersection en T,Normale,Deux véhicules - frontale,3,2,2,0,1,1,1,0,1,50,2,2,1,0,1,0,53.0,65.0,deux_roues,voiture,5,2,3,1,1
201900021328,2019-06-30 17:35:00,2019,6,30,17,35,91,91687,SAINT-BRIEUC (ALLEE DE),48.67,2.362,Plein jour,En agglomération,Hors intersection,Normale,Autre collision,4,1,1,0,1,1,1,0,1,30,1,3,2,0,0,1,54.0,,voiture,,1,2,1,1,6
201900021329,2019-06-30 23:45:00,2019,6,30,23,45,988,98818,AVENUE DU M. FOCH/AVENUE V. H. LAFLEUR,-22.27436,166.4428,Nuit avec éclairage allumé,En agglomération,Intersection en X,Temps couvert,Deux véhicules - côté,4,3,5,0,1,1,2,5,1,50,2,2,1,0,0,1,42.0,26.0,voiture,voiture,5,2,2,8,3
201900021330,2019-06-30 21:30:00,2019,6,30,21,30,988,98818,RUE JACQUES IEKAWE/RUE DALMAYRAC,-22.23908,166.47282,Nuit avec éclairage allumé,En agglomération,Intersection en T,Temps couvert,Deux véhicules - côté,4,2,3,0,1,1,2,0,1,50,2,2,1,0,0,1,56.0,28.0,voiture,deux_roues,5,2,3,8,3
201900021331,2019-06-30 09:40:00,2019,6,30,9,40,988,98818,VE1 HT PONT DE KOWEKARA,-22.23416,166.45755,Plein jour,Hors agglomération,Hors intersection,Pluie légère,Autre collision,1,3,4,0,1,1,2,0,1,70,1,6,0,0,2,4,23.0,,utilitaire_camion,,1,1,1,2,6
201900021332,2019-06-29 03:15:00,2019,6,29,3,15,988,98818,TEYSSANDIER DE LAUBAREDE (RUE),-22.26032,166.45074,Nuit sans éclairage public,En agglomération,Hors intersection,Pluie légère,Sans collision,4,2,2,0,2,4,2,0,1,50,1,4,1,0,0,3,22.0,,voiture,,3,2,1,2,7
201900021333,2019-06-30 17:15:00,2019,6,30,17,15,69,69386,THIERS                              (AV),45.766323,4.8617238,Plein jour,En agglomération,Intersection en X,Normale,Deux véhicules - frontale,4,1,6,0,1,1,1,0,1,50,2,2,1,0,0,1,22.0,40.0,voiture,voiture,1,2,2,1,1
201900021334,2019-06-30 14:30:00,2019,6,30,14,30,69,69386,GRANDE BRETAGNE (DE)                (AV),45.7724822,4.8411338,Plein jour,En agglomération,Hors intersection,Normale,Deux véhicules - côté,4,1,1,0,1,1,1,9,1,50,2,2,1,0,0,1,27.0,24.0,deux_roues,voiture,1,2,1,1,3
201900021335,2019-06-28 21:25:00,2019,6,28,21,25,972,97213,ROUTE DEPARTEMENTALE 15 A,14.63845,-61.01011,Nuit sans éclairage public,Hors agglomération,Hors intersection,Normale,Deux véhicules - arrière,3,2,2,0,2,1,1,9,1,50,2,2,0,0,0,2,49.0,44.0,voiture,voiture,3,1,1,1,2
201900021336,2019-06-29 08:25:00,2019,6,29,8,25,972,97209,FERME (RUE DE LA),14.63741,-61.0546,Plein jour,Hors agglomération,Hors intersection,Normale,Deux véhicules - côté,4,2,2,0,3,1,1,0,1,50,2,2,1,0,0,1,29.0,68.0,voiture,voiture,1,1,1,1,3
201900021337,2019-06-30 14:20:00,2019,6,30,14,20,69,69382,BAYARD                              (CO),45.74322,4.82282,Plein jour,En agglomération,Intersection en X,Normale,Deux véhicules - frontale,7,2,2,0,1,1,1,0,2,50,2,4,3,0,0,1,29.0,19.0,deux_roues,voiture,1,2,2,1,1
201900021338,2019-06-29 07:40:00,2019,6,29,7,40,69,69382,TILSITT                             (QU),45.7573037,4.8274666,Plein jour,En agglomération,Hors intersection,Normale,Deux véhicules - côté,4,1,2,3,1,1,1,0,1,50,2,2,0,0,0,2,23.0,81.0,voiture,voiture,1,2,1,1,3
201900021339,2019-06-30 23:15:00,2019,6,30,23,15,95,95585,REFUZNICKS (ROUTE DES),48.9842111,2.3872579,Nuit avec éclairage allumé,En agglomération,Intersection en T,Normale,Autre collision,3,2,4,0,2,1,1,0,1,50,1,3,2,0,0,1,51.0,,voiture,,5,2,3,1,6
201900021340,2019-06-29 20:15:00,2019,6,29,20,15,91,91589,VAN GOGH (RUE VINCENT),48.67503,2.34027,Crépuscule ou aube,En agglomération,Intersection en T,Normale,Autre collision,4,2,2,0,2,1,1,0,1,50,1,1,0,0,1,0,,,,,2,2,3,1,6
201900021341,2019-06-30 17:10:00,2019,6,30,17,10,91,91201,PORT AUX DAMES(QUAI+RUE DU),48.68081,2.39911,Plein jour,En agglomération,Hors intersection,Normale,Autre collision,7,2,2,0,1,1,1,0,1,50,1,3,2,0,0,1,37.0,,voiture,,1,2,1,1,6
201900021342,2019-06-30 19:30:00,2019,6,30,19,30,82,82121,SAINT-MARTIAL D 8 (ROUTE DE),43.98305,1.43824,Plein jour,Hors agglomération,Hors intersection,Normale,Deux véhicules - côté,3,2,-1,-1,1,1,1,0,1,80,2,8,4,0,0,4,22.0,18.0,voiture,voiture,1,1,1,1,3
201900021343,2019-06-29 09:10:00,2019,6,29,9,10,79,79329,Boulevard du Huit Mai,46.992537,-0.21676,Plein jour,En agglomération,Intersection en X,Normale,Deux véhicules - arrière,3,-1,0,0,1,1,1,5,1,70,2,2,1,0,1,0,71.0,50.0,voiture,deux_roues,1,2,2,1,2
201900021344,2019-06-29 10:35:00,2019,6,29,10,35,77,77237,D10 X D406,48.83804,2.75296,Plein jour,En agglomération,Intersection en X,Temps éblouissant,Deux véhicules - arrière,3,2,2,0,1,1,1,5,1,50,2,2,1,0,0,1,68.0,63.0,voiture,deux_roues,1,2,2,7,2
201900021345,2019-06-29 09:15:00,2019,6,29,9,15,74,74133,CASSIN (RUE RENE),46.17992,6.21533,Plein jour,En agglomération,Autre intersection,Normale,Deux véhicules - arrière,4,1,2,0,1,2,1,5,1,50,2,2,1,0,0,1,39.0,28.0,deux_roues,utilitaire_camion,1,2,9,1,2
201900021346,2019-06-29 17:00:00,2019,6,29,17,0,69,69256,GASTON MONMOUSSEAU                  (AV),45.7788653,4.9117631,Plein jour,En agglomération,Hors intersection,Normale,Trois véhicules et plus - en chaîne,4,2,2,0,1,1,1,0,1,50,4,8,3,0,0,5,31.0,47.0,voiture,voiture,1,2,1,1,4
201900021347,2019-06-30 12:20:00,2019,6,30,12,20,69,69266,8 MAI 1945   (Rue du),45.78071,4.89147,Plein jour,En agglomération,Intersection en T,Normale,Deux véhicules - côté,4,2,-1,1,1,1,1,0,1,50,2,2,1,0,0,1,18.0,62.0,deux_roues,voiture,1,2,3,1,3
201900021348,2019-06-30 03:45:00,2019,6,30,3,45,65,65433,CURIE (BOULEVARD JOLIOT),43.2111635,0.0945566,Nuit avec éclairage allumé,En agglomération,Hors intersection,Normale,Deux véhicules - côté,3,2,2,0,1,1,1,0,1,30,2,2,1,0,0,1,51.0,31.0,voiture,deux_roues,5,2,1,1,3
201900021349,2019-06-30 18:00:00,2019,6,30,18,0,64,64445,MORLAAS DE,43.3079,-0.33848,Plein jour,En agglomération,Giratoire,Temps éblouissant,Deux véhicules - côté,4,2,2,0,1,1,1,0,1,50,2,2,1,0,0,1,38.0,76.0,voiture,deux_roues,1,2,6,7,3
201900021350,2019-06-30 09:40:00,2019,6,30,9,40,59,59599,NEUVILLE (PONT DE),50.7392,3.1691,Plein jour,En agglomération,Hors intersection,Normale,Autre collision,4,2,2,0,1,1,1,0,1,30,1,2,1,0,0,1,20.0,,voiture,,1,2,1,1,6
201900021351,2019-06-30 23:15:00,2019,6,30,23,15,51,51454,RUE DES BONS MALADES,49.2498139,4.0151806,Nuit sans éclairage public,En agglomération,Hors intersection,Normale,Sans collision,4,2,2,0,2,1,1,0,1,50,1,1,0,0,1,0,21.0,,deux_roues,,3,2,1,1,7
201900021352,2019-06-29 00:50:00,2019,6,29,0,50,50,50002,COUTANCES (route de),49.11056,-1.13417,Nuit sans éclairage public,Hors agglomération,Giratoire,Normale,Deux véhicules - côté,3,2,2,0,1,1,1,5,1,80,2,3,2,0,0,1,16.0,82.0,deux_roues,voiture,3,1,6,1,3
201900021353,2019-06-30 21:10:00,2019,6,30,21,10,50,50218,PLAT GOUSSET (PROMENADE),48.840976,-1.5961387,Plein jour,En agglomération,Hors intersection,Normale,Sans collision,9,-1,0,3,1,1,1,6,1,30,1,2,1,0,0,1,16.0,,deux_roues,,1,2,1,1,7
201900021354,2019-06-30 05:50:00,2019,6,30,5,50,44,44184,RD 213,47.28504,-2.26751,Crépuscule ou aube,Hors agglomération,Hors intersection,Temps couvert,Autre collision,3,3,4,0,1,1,1,0,1,90,1,1,0,0,0,1,22.0,,voiture,,2,1,1,8,6
201900021355,2019-06-29 18:57:00,2019,6,29,18,57,42,42225,BOURDONNES ROUTE DES,45.53593,4.57774,Plein jour,En agglomération,Hors intersection,Normale,Deux véhicules - côté,3,2,2,0,2,4,1,0,1,50,2,3,1,0,0,2,21.0,44.0,voiture,voiture,1,2,1,1,3
201900021356,2019-06-30 02:05:00,2019,6,30,2,5,38,38421,AVENUE AMBROISE CROIZAT,45.18056,5.76648,Nuit avec éclairage allumé,En agglomération,Intersection en X,Normale,Deux véhicules - côté,4,2,2,0,1,1,1,0,1,50,2,4,3,0,0,1,27.0,,voiture,,5,2,2,1,3
201900021357,2019-06-30 19:37:00,2019,6,30,19,37,37,37261,CHEVALLIER (RUE AUGUSTE),47.3747108,0.6788363,Plein jour,En agglomération,Hors intersection,Normale,Sans collision,4,2,2,1,1,1,1,0,1,50,1,1,0,0,0,1,51.0,,deux_roues,,1,2,1,1,7
201900021358,2019-06-30 21:05:00,2019,6,30,21,5,30,30189,UTRILLO (RUE OU IMPASSE),43.8228667,4.3359402,Plein jour,En agglomération,Intersection en X,Normale,Deux véhicules - côté,4,2,2,0,1,1,1,9,1,50,2,6,5,0,1,0,24.0,36.0,deux_roues,voiture,1,2,2,1,3
201900021359,2019-06-30 21:50:00,2019,6,30,21,50,13,13203,BD FERDINAND DE LESSEPS,43.31945,5.36947,Nuit avec éclairage allumé,En agglomération,Hors intersection,Normale,Trois véhicules et plus - collisions multiples,4,1,1,0,1,1,1,0,1,50,3,3,2,0,0,1,55.0,49.0,voiture,voiture,5,2,1,1,5
201900021360,2019-06-30 16:40:00,2019,6,30,16,40,13,13209,MICHELET (BOULEVARD),43.271857,5.391426,Plein jour,En agglomération,Hors intersection,Normale,Deux véhicules - côté,4,1,2,0,1,1,1,0,1,50,2,1,0,0,0,1,12.0,,deux_roues,,1,2,1,1,3
201900021361,2019-06-30 05:00:00,2019,6,30,5,0,13,13212,JEAN RAMEAU (RUE),43.3088,5.4189,Nuit avec éclairage allumé,En agglomération,Hors intersection,Normale,Autre collision,4,2,1,0,1,1,1,0,1,50,1,1,0,0,0,1,21.0,,voiture,,5,2,1,1,6
201900021362,2019-06-29 23:30:00,2019,6,29,23,30,13,13214,ROLAND DORGELES (BOULEVARD),43.3492,5.3752,Nuit avec éclairage allumé,En agglomération,Intersection en X,Normale,Deux véhicules - côté,4,3,4,0,1,2,1,0,1,50,2,4,2,0,0,2,50.0,28.0,voiture,voiture,5,2,2,1,3
201900021363,2019-06-29 18:15:00,2019,6,29,18,15,13,13211,SAINT MARCEL (BOULEVARD DE ),43.28869,5.45863,Plein jour,En agglomération,Hors intersection,Normale,Autre collision,4,2,2,0,1,1,1,0,1,50,2,2,1,0,1,0,15.0,34.0,deux_roues,voiture,1,2,1,1,6
201900021364,2019-06-30 11:25:00,2019,6,30,11,25,6,06088,GROSSO (JUSQU'AU N° 58-77),43.69635,7.25148,Plein jour,En agglomération,Intersection en T,Normale,Deux véhicules - frontale,4,2,3,3,1,1,1,0,1,50,2,2,1,0,0,1,25.0,34.0,deux_roues,transport_commun,1,2,3,1,1
201900021365,2019-06-30 08:01:00,2019,6,30,8,1,6,06088,COMBATTANTS D'AFN (RUE),43.70706,7.25983,Plein jour,En agglomération,Hors intersection,Normale,Deux véhicules - frontale,4,1,2,0,1,1,1,0,1,50,2,6,2,0,0,4,40.0,20.0,voiture,voiture,1,2,1,1,1
201900021366,2019-06-30 19:30:00,2019,6,30,19,30,75,75119,PORTE D AUBERVILLIERS,48.90073,2.372563,Plein jour,En agglomération,Hors intersection,Normale,Trois véhicules et plus - en chaîne,4,1,4,0,1,1,1,1,1,70,3,6,4,0,0,2,23.0,29.0,voiture,voiture,1,2,1,1,4
201900021367,2019-06-30 01:10:00,2019,6,30,1,10,75,75120,PORTE DE MONTREUIL,48.850995,2.415213,Nuit avec éclairage allumé,En agglomération,Hors intersection,Normale,Deux véhicules - arrière,4,1,4,0,1,1,1,0,1,70,2,3,2,0,0,1,23.0,34.0,voiture,voiture,5,2,1,1,2
201900021368,2019-06-29 12:25:00,2019,6,29,12,25,75,75112,PORT DE BERCY,48.826635,2.388995,Plein jour,En agglomération,Hors intersection,Normale,Deux véhicules - côté,4,1,4,0,1,1,1,0,1,70,2,3,1,0,0,2,30.0,37.0,voiture,voiture,1,2,1,1,3
201900021369,2019-06-30 20:00:00,2019,6,30,20,0,75,75120,BOULEVARD DE BELLEVILLE,48.868176,2.381835,Plein jour,En agglomération,Hors intersection,Normale,Deux véhicules - côté,4,1,3,0,1,1,1,0,1,50,2,2,1,0,0,1,48.0,50.0,deux_roues,voiture,1,2,1,1,3
201900021370,2019-06-30 09:05:00,2019,6,30,9,5,75,75120,RUE DE MENILMONTANT,48.869966,2.394491,Plein jour,En agglomération,Intersection en X,Normale,Deux véhicules - côté,4,2,1,0,2,1,1,0,1,50,2,2,1,0,0,1,43.0,27.0,voiture,deux_roues,1,2,2,1,3
201900021371,2019-06-30 16:00:00,2019,6,30,16,0,75,75116,RUE DE LONGCHAMP,48.867439,2.277577,Plein jour,En agglomération,Hors intersection,Normale,Autre collision,4,2,2,0,1,1,1,0,1,50,2,1,0,0,0,1,25.0,,deux_roues,,1,2,1,1,6
201900021372,2019-06-30 17:30:00,2019,6,30,17,30,75,75116,RUE ADOLPHE YVON,48.864269,2.270801,Plein jour,En agglomération,Hors intersection,Normale,Deux véhicules - côté,4,1,1,0,1,1,1,0,1,50,2,2,1,0,0,1,13.0,66.0,deux_roues,voiture,1,2,1,1,3
201900021373,2019-06-30 12:10:00,2019,6,30,12,10,75,75116,PLACE DE COLOMBIE,48.863194,2.268521,Plein jour,En agglomération,Place,Normale,Deux véhicules - côté,4,1,3,0,1,1,1,6,1,50,2,2,1,0,0,1,38.0,32.0,voiture,deux_roues,1,2,7,1,3
201900021374,2019-06-30 11:50:00,2019,6,30,11,50,75,75116,PLACE DE LA PORTE DE SAINT CLOUD,48.837617,2.257522,Plein jour,En agglomération,Place,Normale,Deux véhicules - côté,4,1,3,0,1,2,1,0,1,50,2,2,1,0,0,1,32.0,34.0,deux_roues,voiture,1,2,7,1,3
201900021375,2019-06-30 04:55:00,2019,6,30,4,55,75,75115,RUE DUTOT,48.837675,2.307848,Crépuscule ou aube,En agglomération,Intersection en X,Normale,Deux véhicules - côté,4,1,2,0,1,1,1,0,1,50,2,2,1,0,0,1,27.0,23.0,deux_roues,voiture,2,2,2,1,3
201900021376,2019-06-30 19:30:00,2019,6,30,19,30,94,94017,SONIA DE LAUNAY (VOI),48.81175,2.53624,Plein jour,En agglomération,Hors intersection,Normale,Autre collision,3,2,2,0,2,1,1,9,1,50,1,2,1,0,0,1,51.0,,utilitaire_camion,,1,2,1,1,6
201900021377,2019-06-30 17:10:00,2019,6,30,17,10,93,93048,HENRI BARBUSSE (BOULEVARD),48.87093,2.43993,Plein jour,En agglomération,Intersection en T,Normale,Deux véhicules - côté,3,2,2,0,2,1,1,0,1,50,2,3,2,0,0,1,49.0,49.0,voiture,deux_roues,1,2,3,1,3
201900021378,2019-06-30 18:05:00,2019,6,30,18,5,93,93074,BOUCHER RUE ALEXANDRE,48.93329,2.56704,Plein jour,En agglomération,Hors intersection,Normale,Deux véhicules - côté,4,2,2,0,2,1,1,0,2,50,2,3,2,0,0,1,79.0,34.0,voiture,deux_roues,1,2,1,1,3
201900021379,2019-06-30 19:15:00,2019,6,30,19,15,93,93027,SAINT-DENIS (RUE DE),48.9317075,2.3777991,Plein jour,En agglomération,Hors intersection,Normale,Deux véhicules - arrière,3,-1,4,0,1,1,1,0,1,50,2,3,2,0,0,1,66.0,50.0,voiture,voiture,1,2,1,1,2
201900021380,2019-06-30 13:05:00,2019,6,30,13,5,92,92048,TRIVAUX (AVENUE DE) N° 9,48.8021384,2.2340333,Plein jour,Hors agglomération,Hors intersection,Normale,Deux véhicules - frontale,3,2,2,0,2,4,1,0,1,50,2,3,0,0,0,3,40.0,23.0,voiture,voiture,1,1,1,1,1