accident_id,datetime,annee,mois,jour,heure,minute,departement,commune_insee,adresse,latitude,longitude,luminosite,agglomeration,intersection,meteo,collision,catr,circ,nbv,vosp,prof,plan,surf,infra,situ,vma,nb_vehicules,nb_usagers,nb_indemnes,nb_tues,nb_blesses_hosp,nb_blesses_legers,age_cond_1,age_cond_2,veh_type_cond_1,veh_type_cond_2,lum_code,agg_code,int_code,atm_code,col_code
201900021381,2019-06-30 17:20:00,2019,6,30,17,20,49,49159,lieu dit la CRECOLIERE,47.647992,-0.3054455,Plein jour,Hors agglomération,Hors intersection,Normale,Autre collision,3,2,2,0,1,4,1,0,3,80,1,1,0,0,1,0,29.0,,voiture,,1,1,1,1,6
201900021382,2019-05-27 21:50:00,2019,5,27,21,50,972,97229,RN2,14.611901,-61.096368,Nuit avec éclairage allumé,Hors agglomération,Hors intersection,Normale,Autre collision,2,3,2,0,1,3,1,0,1,50,1,1,0,0,1,0,24.0,,deux_roues,,5,1,1,1,6
201900021383,2019-06-30 07:10:00,2019,6,30,7,10,26,26324,Autoroute A7 PK 141,44.348236,4.767668,Crépuscule ou aube,Hors agglomération,Hors intersection,Normale,Deux véhicules - arrière,1,3,5,0,1,1,1,0,1,130,2,4,2,0,0,2,39.0,35.0,voiture,utilitaire_camion,2,1,1,1,2
201900021384,2019-06-30 14:40:00,2019,6,30,14,40,1,01427,Boulevard des Combattants,45.940129,4.779986,Plein jour,En agglomération,Autre intersection,Normale,Deux véhicules - côté,3,2,2,0,1,1,1,0,1,50,2,2,1,0,0,1,11.0,50.0,deux_roues,voiture,1,2,9,1,3
201900021385,2019-06-29 16:00:00,2019,6,29,16,0,62,62338,Rue Louis Bouquet,50.62599,2.818698,Plein jour,En agglomération,Intersection en T,Normale,Deux véhicules - côté,3,2,2,0,1,1,1,0,1,50,2,3,2,0,1,0,68.0,73.0,voiture,voiture,1,2,3,1,3
201900021386,2019-06-21 16:30:00,2019,6,21,16,30,29,29105,RN 12,48.518573,-4.035855,Plein jour,Hors agglomération,Hors intersection,Normale,Deux véhicules - arrière,2,3,4,0,1,1,1,8,1,80,2,2,1,0,1,0,21.0,21.0,voiture,voiture,1,1,1,1,2
201900021387,2019-07-01 06:45:00,2019,7,1,6,45,974,97410,Route Nationale 3,-21.057499,55.712045,Plein jour,Hors agglomération,Intersection en T,Normale,Deux véhicules - arrière,2,2,2,0,2,1,1,0,1,70,2,2,1,0,1,0,35.0,33.0,deux_roues,voiture,1,1,3,1,2
201900021388,2019-06-28 07:00:00,2019,6,28,7,0,14,14406,RN13,49.236529,-0.588166,Plein jour,Hors agglomération,Hors intersection,Normale,Autre collision,2,3,4,0,1,1,1,0,1,110,1,1,0,0,0,1,23.0,,voiture,,1,1,1,1,6
201900021389,2019-06-05 12:05:00,2019,6,5,12,5,23,23144,La Vergne,45.866324,2.051359,Plein jour,Hors agglomération,Hors intersection,Pluie légère,Deux véhicules - frontale,4,2,2,0,2,3,2,0,1,80,2,2,1,0,1,0,33.0,28.0,utilitaire_camion,voiture,1,1,1,2,1
201900021390,2019-07-01 05:36:00,2019,7,1,5,36,87,87001,RN 21 Pk16+200,45.790465,1.113527,Crépuscule ou aube,Hors agglomération,Hors intersection,Normale,Deux véhicules - frontale,2,2,2,0,2,4,1,0,1,80,2,6,0,0,4,2,21.0,21.0,utilitaire_camion,utilitaire_camion,2,1,1,1,1
201900021391,2019-06-16 21:30:00,2019,6,16,21,30,62,62176,Rue Nationale,50.501634,1.691255,Plein jour,En agglomération,Hors intersection,Normale,Sans collision,3,2,2,0,1,3,1,0,3,50,1,1,0,0,1,0,38.0,,voiture,,1,2,1,1,7
201900021392,2019-06-30 23:30:00,2019,6,30,23,30,59,59114,rue du cahot,50.45457,3.518834,Nuit sans éclairage public,En agglomération,Hors intersection,Normale,Autre collision,4,2,2,0,1,1,1,0,3,50,1,2,1,0,1,0,72.0,,utilitaire_camion,,3,2,1,1,6
201900021393,2019-07-01 09:25:00,2019,7,1,9,25,91,91225,Avenue de la Fontaine au Soulier,48.629861,2.469575,Plein jour,En agglomération,Intersection en T,Normale,Sans collision,3,2,2,0,1,1,1,0,1,50,1,1,0,0,1,0,55.0,,voiture,,1,2,3,1,7
201900021394,2019-06-30 11:45:00,2019,6,30,11,45,74,74236,Route des Chalets de Miage - chemin rural,45.838886,6.758491,Plein jour,Hors agglomération,Hors intersection,Normale,Sans collision,4,2,2,0,1,1,1,0,3,-1,1,3,0,2,0,1,74.0,,voiture,,1,1,1,1,7
201900021395,2019-07-01 16:50:00,2019,7,1,16,50,74,74065,Route de Saint-Jean,46.029151,5.960506,Plein jour,Hors agglomération,Hors intersection,Normale,Autre collision,3,2,2,0,1,3,1,0,3,70,1,1,0,0,1,0,52.0,,voiture,,1,1,1,1,6
201900021396,2019-07-01 11:40:00,2019,7,1,11,40,76,76197,RD 149,49.781191,1.069989,Plein jour,Hors agglomération,Hors intersection,Normale,Autre collision,3,2,2,0,4,2,1,0,3,70,1,3,0,1,0,2,38.0,,voiture,,1,1,1,1,6
201900021397,2019-06-30 17:30:00,2019,6,30,17,30,80,80096,Rue de Gamaches,50.077603,1.500221,Plein jour,En agglomération,Intersection en X,Normale,Deux véhicules - arrière,3,2,2,0,1,1,1,0,1,50,2,2,1,0,0,1,51.0,25.0,deux_roues,voiture,1,2,2,1,2
201900021398,2019-07-01 16:00:00,2019,7,1,16,0,82,82087,RD 20,44.1444,1.2551,Plein jour,Hors agglomération,Hors intersection,Normale,Autre collision,3,2,2,0,1,1,1,0,3,80,1,1,0,0,0,1,80.0,,voiture,,1,1,1,1,6
201900021399,2019-06-30 15:45:00,2019,6,30,15,45,11,11088,CD56,43.170736,2.350361,Plein jour,Hors agglomération,Hors intersection,Normale,Sans collision,3,2,2,0,2,1,1,0,1,70,1,1,0,1,0,0,62.0,,deux_roues,,1,1,1,1,7
201900021400,2019-07-01 13:10:00,2019,7,1,13,10,89,89190,D606,47.5270542,3.7954116,Plein jour,Hors agglomération,Intersection en T,Normale,Deux véhicules - frontale,3,2,2,0,1,1,1,5,8,80,2,3,1,0,1,1,63.0,44.0,voiture,voiture,1,1,3,1,1
201900021401,2019-06-30 17:15:00,2019,6,30,17,15,63,63448,Route départementale 999,45.4805355,3.4332061,Plein jour,Hors agglomération,Hors intersection,Pluie légère,Deux véhicules - frontale,3,2,2,0,1,4,2,0,1,80,2,6,4,0,1,1,47.0,19.0,voiture,voiture,1,1,1,2,1
201900021402,2019-06-20 11:00:00,2019,6,20,11,0,61,61432,les coureux,48.75846,0.684716,Plein jour,Hors agglomération,Intersection en X,Normale,Deux véhicules - côté,3,2,2,0,1,1,1,5,1,80,2,2,1,0,1,0,90.0,16.0,voiture,deux_roues,1,1,2,1,3
201900021403,2019-06-30 08:45:00,2019,6,30,8,45,55,55066,Route Départementale 29,48.633944,5.492051,Plein jour,Hors agglomération,Hors intersection,Normale,Autre collision,3,2,2,0,1,1,1,0,1,80,2,2,1,0,0,1,66.0,,deux_roues,voiture,1,1,1,1,6
201900021404,2019-06-03 17:50:00,2019,6,3,17,50,55,55215,11 Rue du Panorama,48.516764,5.503644,Plein jour,En agglomération,Intersection en T,Normale,Deux véhicules - côté,4,2,2,0,1,1,1,0,1,50,2,2,1,0,1,0,47.0,72.0,voiture,deux_roues,1,2,3,1,3
201900021405,2019-06-02 21:00:00,2019,6,2,21,0,49,49331,La Michelinaie (Nyoiseau),47.715181,-0.900538,Plein jour,Hors agglomération,Hors intersection,Normale,Sans collision,4,2,2,0,1,1,1,0,1,80,1,1,0,0,1,0,32.0,,deux_roues,,1,1,1,1,7
201900021406,2019-07-01 08:30:00,2019,7,1,8,30,46,46281,RD 807,44.837686,1.829067,Plein jour,Hors agglomération,Hors intersection,Normale,Sans collision,3,2,3,0,2,1,1,0,1,80,1,1,0,0,1,0,40.0,,deux_roues,,1,1,1,1,7
201900021407,2019-06-30 16:40:00,2019,6,30,16,40,39,39527,,47.223308,5.686279,Plein jour,Hors agglomération,Hors intersection,Normale,Autre collision,3,2,2,0,3,3,1,0,1,80,1,2,1,0,1,0,34.0,,deux_roues,,1,1,1,1,6
201900021408,2019-07-01 10:25:00,2019,7,1,10,25,38,38269,Avenue du 22 Août 1944,44.917078,5.7842,Plein jour,En agglomération,Hors intersection,Temps éblouissant,Deux véhicules - côté,2,2,2,2,2,1,1,0,1,50,2,2,1,0,1,0,61.0,52.0,voiture,deux_roues,1,2,1,7,3
201900021409,2019-06-28 18:15:00,2019,6,28,18,15,38,38313,D526 - Pont de Ponsonnas,44.881051,5.793693,Plein jour,Hors agglomération,Hors intersection,Normale,Deux véhicules - frontale,3,2,2,0,1,1,1,2,1,80,2,2,0,0,1,1,59.0,48.0,voiture,voiture,1,1,1,1,1
201900021410,2019-07-01 13:00:00,2019,7,1,13,0,2,02003,RN 31,49.367502,3.424524,Plein jour,Hors agglomération,Autre intersection,Normale,Deux véhicules - arrière,2,2,2,0,3,1,1,0,1,80,2,2,1,0,1,0,43.0,50.0,utilitaire_camion,deux_roues,1,1,9,1,2
201900021411,2019-06-07 02:20:00,2019,6,7,2,20,3,03147,,46.2849013,3.7419991,Nuit sans éclairage public,Hors agglomération,Intersection en T,Normale,Deux véhicules - frontale,3,2,2,0,2,2,1,0,1,80,2,2,1,0,0,1,23.0,29.0,voiture,voiture,3,1,3,1,1
201900021412,2019-07-01 11:10:00,2019,7,1,11,10,3,03082,rue Docteur Ernest Décloux,46.2881777,2.7554356,Plein jour,En agglomération,Giratoire,Normale,Deux véhicules - côté,3,2,2,0,1,3,1,5,1,50,2,2,1,0,0,1,18.0,18.0,deux_roues,voiture,1,2,6,1,3
201900021413,2019-06-29 20:55:00,2019,6,29,20,55,70,70498,Champs de la Colonge,47.779638,6.624238,Plein jour,En agglomération,Hors intersection,Temps éblouissant,Sans collision,3,2,2,0,1,4,1,0,4,30,1,4,3,0,1,0,22.0,,voiture,,1,2,1,7,7
201900021414,2019-06-30 09:30:00,2019,6,30,9,30,54,54260,RN 4,48.572352,6.495524,Plein jour,Hors agglomération,Hors intersection,Temps éblouissant,Deux véhicules - arrière,2,3,4,3,1,1,1,0,1,110,2,3,0,0,1,2,60.0,,voiture,,1,1,1,7,2
201900021415,2019-07-01 11:35:00,2019,7,1,11,35,72,72090,5 Rue Beaufils,48.060155,0.493352,Plein jour,En agglomération,Hors intersection,Temps éblouissant,Autre collision,4,-1,1,0,2,1,1,0,4,50,1,1,0,0,0,1,82.0,,voiture,,1,2,1,7,6
201900021416,2019-07-01 11:35:00,2019,7,1,11,35,50,50403,Vge les Miellettes,49.152136,-1.585662,Plein jour,Hors agglomération,Hors intersection,Normale,Autre collision,3,2,2,0,1,1,1,0,1,80,2,2,1,0,1,0,33.0,69.0,utilitaire_camion,deux_roues,1,1,1,1,6
201900021417,2019-06-30 19:30:00,2019,6,30,19,30,50,50270,,49.472239,-1.480115,Plein jour,Hors agglomération,Hors intersection,Normale,Autre collision,3,3,2,0,2,1,1,0,3,80,1,1,0,1,0,0,28.0,,deux_roues,,1,1,1,1,6
201900021418,2019-07-01 11:19:00,2019,7,1,11,19,43,43112,ZAC  la Bourzede,45.108861,3.496193,Plein jour,En agglomération,Hors intersection,Normale,Autre collision,6,-1,0,0,1,3,1,0,1,-1,1,2,1,0,1,0,92.0,,voiture,,1,2,1,1,6
201900021419,2019-07-01 09:35:00,2019,7,1,9,35,7,07009,rd 86,45.240174,4.798488,Plein jour,Hors agglomération,Hors intersection,Normale,Deux véhicules - frontale,3,2,2,0,1,1,1,0,1,80,2,4,0,0,4,0,37.0,73.0,voiture,voiture,1,1,1,1,1
201900021420,2019-06-30 03:20:00,2019,6,30,3,20,27,27584,Rue de la Mairie,49.218741,0.795524,Nuit sans éclairage public,En agglomération,Hors intersection,Normale,Autre collision,3,2,2,0,1,1,1,0,1,50,2,3,0,1,0,2,19.0,19.0,deux_roues,deux_roues,3,2,1,1,6
201900021421,2019-06-30 05:15:00,2019,6,30,5,15,17,17147,21 Route Romaine,45.819389,-0.504105,Nuit avec éclairage allumé,En agglomération,Hors intersection,Normale,Autre collision,3,2,2,0,4,3,1,0,3,50,1,1,0,0,1,0,23.0,,voiture,,5,2,1,1,6
201900021422,2019-07-01 11:30:00,2019,7,1,11,30,30,30059,D104,43.691137,4.231823,Plein jour,Hors agglomération,Hors intersection,Normale,Trois véhicules et plus - collisions multiples,3,2,2,0,1,3,1,0,1,80,3,3,2,0,1,0,32.0,59.0,transport_commun,voiture,1,1,1,1,5
201900021423,2019-07-01 08:45:00,2019,7,1,8,45,52,52423,Rue du Général Leclerc,48.2477041,5.3286842,Plein jour,En agglomération,Hors intersection,Pluie légère,Sans collision,3,2,2,0,2,1,2,0,1,30,1,1,0,0,0,1,16.0,,deux_roues,,1,2,1,2,7
201900021424,2019-07-01 14:55:00,2019,7,1,14,55,10,10381,Autoroute A5,48.269018,3.960538,Plein jour,Hors agglomération,Hors intersection,Normale,Sans collision,1,3,4,0,2,1,1,0,3,130,1,1,0,0,1,0,30.0,,autre,,1,1,1,1,7
201900021425,2019-06-30 20:00:00,2019,6,30,20,0,13,13050,RD7n PK 39 + 150,43.653141,5.260691,Plein jour,Hors agglomération,Hors intersection,Normale,Deux véhicules - frontale,3,2,2,0,1,1,1,0,1,80,2,2,0,0,2,0,32.0,77.0,voiture,voiture,1,1,1,1,1
201900021426,2019-06-05 13:32:00,2019,6,5,13,32,77,77279,Autoroute A5 PK41.390,48.37315,3.05333,Plein jour,Hors agglomération,Hors intersection,Normale,Deux véhicules - arrière,1,3,3,0,1,1,2,0,2,130,2,2,1,0,1,0,57.0,35.0,voiture,utilitaire_camion,1,1,1,1,2
201900021427,2019-06-30 06:55:00,2019,6,30,6,55,34,34159,RD-612,43.5118631,3.8026831,Plein jour,Hors agglomération,Hors intersection,Normale,Sans collision,3,2,2,0,1,1,1,0,3,90,1,5,0,0,0,5,19.0,,voiture,,1,1,1,1,7
201900021428,2019-06-29 00:15:00,2019,6,29,0,15,18,18279,A71,47.272929,2.04269,Nuit sans éclairage public,Hors agglomération,Hors intersection,Normale,Trois véhicules et plus - collisions multiples,1,3,5,0,1,1,1,0,1,130,4,14,11,0,0,3,31.0,30.0,voiture,voiture,3,1,1,1,5
201900021429,2019-06-30 10:30:00,2019,6,30,10,30,1,01451,parking -peage sortie 6 - A40,46.236156,5.273322,Plein jour,Hors agglomération,Hors intersection,Normale,Sans collision,1,1,1,0,1,2,1,9,8,30,1,2,1,0,0,1,82.0,,voiture,,1,1,1,1,7
201900021430,2019-06-30 05:50:00,2019,6,30,5,50,1,01350,A39 - P 141+400,46.279966,5.241896,Crépuscule ou aube,Hors agglomération,Hors intersection,Normale,Deux véhicules - arrière,1,3,4,0,1,1,1,0,1,130,2,4,3,0,0,1,65.0,29.0,voiture,utilitaire_camion,2,1,1,1,2
201900021431,2019-06-30 23:34:00,2019,6,30,23,34,69,69244,13 Avenue Victor Hugo,45.772339,4.791258,Nuit avec éclairage allumé,En agglomération,Autre intersection,Normale,Deux véhicules - frontale,4,3,4,0,1,1,1,0,1,50,2,3,0,0,0,3,40.0,,voiture,,5,2,9,1,1
201900021432,2019-06-18 09:30:00,2019,6,18,9,30,38,38557,A 432 - PK : 020+500 sens BEYNOST/COLOMBIER SAUGNIEU,45.769589,5.083958,Plein jour,Hors agglomération,Hors intersection,Normale,Deux véhicules - côté,1,3,4,0,1,2,1,0,1,130,2,2,1,0,0,1,23.0,54.0,utilitaire_camion,voiture,1,1,1,1,3
201900021433,2019-06-27 11:10:00,2019,6,27,11,10,33,33553,Autoroute A10 - péage de virsac,45.02662,-0.43743,Plein jour,Hors agglomération,Autre intersection,Normale,Deux véhicules - arrière,1,1,5,0,1,1,1,7,1,130,2,4,1,0,1,2,55.0,86.0,voiture,voiture,1,1,9,1,2
201900021434,2019-06-28 09:40:00,2019,6,28,9,40,33,33321,Autoroute A 10 PK 521+300 sens PARIS/BORDEAUX,45.05725,-0.4559,Plein jour,Hors agglomération,Hors intersection,Normale,Deux véhicules - arrière,1,3,4,0,1,1,1,0,1,130,2,3,2,0,1,0,26.0,55.0,voiture,voiture,1,1,1,1,2
201900021435,2019-06-28 11:45:00,2019,6,28,11,45,79,79355,,46.29985,-0.36734,Plein jour,Hors agglomération,Hors intersection,Normale,Deux véhicules - arrière,1,3,4,0,1,1,1,0,1,130,2,2,1,0,1,0,49.0,47.0,deux_roues,utilitaire_camion,1,1,1,1,2
201900021436,2019-06-28 14:45:00,2019,6,28,14,45,33,33122,route de fourc,44.75458,-0.68565,Plein jour,Hors agglomération,Hors intersection,Normale,Deux véhicules - arrière,3,3,4,0,1,1,1,9,1,80,2,2,1,0,0,1,36.0,61.0,voiture,deux_roues,1,1,1,1,2
201900021437,2019-07-01 10:47:00,2019,7,1,10,47,39,39219,,47.192683,5.759607,Plein jour,Hors agglomération,Hors intersection,Normale,Autre collision,1,3,4,-1,1,3,1,0,1,130,1,1,0,1,0,0,49.0,,deux_roues,,1,1,1,1,6
201900021438,2019-06-30 19:15:00,2019,6,30,19,15,974,97422,La Plaine des Cafres,-21.221107,55.554508,Nuit avec éclairage allumé,En agglomération,Intersection en T,Normale,Deux véhicules - côté,2,2,2,0,1,1,1,0,1,50,2,2,1,0,1,0,23.0,64.0,deux_roues,voiture,5,2,3,1,3
201900021439,2019-04-28 16:55:00,2019,4,28,16,55,974,97422,Rue Maurice et Katia Krafft,-21.196797,55.578932,Plein jour,Hors agglomération,Intersection en T,Normale,Autre collision,2,2,2,0,1,1,1,0,1,70,2,2,1,0,1,0,36.0,26.0,voiture,deux_roues,1,1,3,1,6
201900021440,2019-07-01 10:15:00,2019,7,1,10,15,971,97115,Route de Brefort,16.265378,-61.641968,Plein jour,En agglomération,Hors intersection,Normale,Deux véhicules - arrière,4,2,2,0,1,1,1,0,1,50,2,2,1,0,1,0,20.0,23.0,deux_roues,voiture,1,2,1,1,2
201900021441,2019-06-30 20:30:00,2019,6,30,20,30,978,97801,route de la savane,43.812204,4.700252,Nuit sans éclairage public,Hors agglomération,Hors intersection,Normale,Deux véhicules - frontale,2,2,2,0,2,1,1,0,8,50,2,5,3,2,0,0,18.0,22.0,deux_roues,voiture,3,1,1,1,1
201900021442,2019-06-30 21:45:00,2019,6,30,21,45,28,28007,Route d'Oulins,48.863014,1.456701,Plein jour,En agglomération,Giratoire,Normale,Autre collision,3,2,2,0,1,1,1,5,3,50,1,1,0,0,1,0,21.0,,deux_roues,,1,2,6,1,6
201900021443,2019-06-30 16:30:00,2019,6,30,16,30,77,77142,D934 X D33,48.859711,2.906996,Plein jour,En agglomération,Intersection en X,Normale,Deux véhicules - côté,3,2,2,0,1,1,1,5,1,50,2,2,1,0,0,1,17.0,59.0,deux_roues,voiture,1,2,2,1,3
201900021444,2019-07-01 10:24:00,2019,7,1,10,24,83,83079,,43.204387,6.475427,Plein jour,Hors agglomération,Hors intersection,Normale,Autre collision,3,2,2,0,1,1,1,0,1,80,2,2,1,1,0,0,50.0,36.0,transport_commun,voiture,1,1,1,1,6
201900021445,2019-06-30 22:50:00,2019,6,30,22,50,89,89152,37 Rue des Écoles,47.946432,3.47017,Nuit sans éclairage public,En agglomération,Hors intersection,Autre,Autre collision,3,2,2,0,1,1,1,0,3,50,1,1,0,1,0,0,69.0,,utilitaire_camion,,3,2,1,9,6
201900021446,2019-06-30 22:35:00,2019,6,30,22,35,89,89388,Autoroute A6,47.943392,3.240932,Nuit sans éclairage public,Hors agglomération,Hors intersection,Normale,Autre collision,1,3,4,0,1,1,1,3,1,130,1,1,0,0,0,1,39.0,,voiture,,3,1,1,1,6
201900021447,2019-06-28 22:00:00,2019,6,28,22,0,57,57206,5 Rue de Picardie,49.305677,6.103457,Crépuscule ou aube,En agglomération,Hors intersection,Normale,Deux véhicules - frontale,4,2,2,0,1,1,1,0,1,50,2,3,0,0,2,1,10.0,20.0,deux_roues,voiture,2,2,1,1,1
201900021448,2019-07-01 17:50:00,2019,7,1,17,50,3,03102,Grande Rue,46.5201538,3.6835027,Plein jour,En agglomération,Intersection en X,Normale,Autre collision,3,2,2,0,2,1,1,0,1,50,3,3,2,0,0,1,17.0,77.0,deux_roues,voiture,1,2,2,1,6
201900021449,2019-07-01 17:00:00,2019,7,1,17,0,3,03286,,46.4882292,3.3450959,Plein jour,Hors agglomération,Autre intersection,Normale,Deux véhicules - côté,2,2,2,0,1,1,1,9,1,80,2,4,0,0,1,3,26.0,73.0,voiture,voiture,1,1,9,1,3
201900021450,2019-06-30 19:30:00,2019,6,30,19,30,1,01047,Pont de chazey RD1084,45.856558,5.229441,Plein jour,Hors agglomération,Hors intersection,Normale,Deux véhicules - côté,3,2,2,0,1,1,1,2,8,80,2,4,1,0,2,1,23.0,37.0,voiture,voiture,1,1,1,1,3
201900021451,2019-07-01 17:00:00,2019,7,1,17,0,79,79049,,46.842973,-0.467103,Plein jour,Hors agglomération,Hors intersection,Normale,Autre collision,2,3,4,0,1,1,1,0,1,110,1,1,0,1,0,0,31.0,,voiture,,1,1,1,1,6
201900021452,2019-06-30 21:18:00,2019,6,30,21,18,16,16078,Ld Puyripeau,45.710973,0.218075,Crépuscule ou aube,Hors agglomération,Hors intersection,Normale,Autre collision,3,2,2,0,1,2,1,0,3,80,1,1,0,0,1,0,34.0,,deux_roues,,2,1,1,1,6
201900021453,2019-05-30 15:00:00,2019,5,30,15,0,50,50099,Rue des Remblais saint hilaire petitville,49.302999,-1.24839,Plein jour,Hors agglomération,Hors intersection,Normale,Deux véhicules - arrière,3,2,2,0,1,1,1,2,1,30,2,4,2,0,2,0,65.0,66.0,deux_roues,deux_roues,1,1,1,1,2
201900021454,2019-07-01 13:25:00,2019,7,1,13,25,56,56069,Route de Crehal,47.636106,-3.456866,Plein jour,En agglomération,Intersection en T,Normale,Deux véhicules - frontale,4,2,2,0,1,1,1,0,1,50,2,2,1,0,1,0,56.0,37.0,deux_roues,voiture,1,2,3,1,1
201900021455,2019-06-30 14:15:00,2019,6,30,14,15,29,29238,Route de la Pointe,48.3165289,-4.5464976,Plein jour,Hors agglomération,Hors intersection,Normale,Deux véhicules - frontale,3,2,2,0,1,4,1,0,1,80,2,3,1,0,1,1,49.0,69.0,voiture,deux_roues,1,1,1,1,1
201900021456,2019-06-30 17:00:00,2019,6,30,17,0,59,59256,Rue du Chemin Vert,50.573783,3.138545,Plein jour,Hors agglomération,Hors intersection,Normale,Autre collision,9,1,2,0,1,2,1,0,1,50,1,1,0,0,1,0,27.0,,deux_roues,,1,1,1,1,6
201900021457,2019-05-31 07:15:00,2019,5,31,7,15,59,59477,36 Rue Jules Guesde,50.5114059,2.9073407,Plein jour,En agglomération,Hors intersection,Normale,Deux véhicules - côté,3,2,2,0,1,1,1,0,1,50,2,2,1,0,0,1,39.0,24.0,voiture,utilitaire_camion,1,2,1,1,3
201900021458,2019-06-30 18:30:00,2019,6,30,18,30,13,13005,A52-Sens Toulon vers Pont de l'Etoile,43.32066,5.5934,Plein jour,Hors agglomération,Hors intersection,Normale,Trois véhicules et plus - collisions multiples,1,1,4,0,1,1,1,0,1,110,4,11,2,0,1,8,52.0,22.0,voiture,voiture,1,1,1,1,5
201900021459,2019-06-29 19:00:00,2019,6,29,19,0,13,13015,A515CD-Gardanne vers A51-Marseille,43.43093,5.3933,Plein jour,Hors agglomération,Hors intersection,Normale,Deux véhicules - arrière,1,3,1,0,3,1,1,0,1,70,2,6,2,0,0,4,42.0,55.0,voiture,voiture,1,1,1,1,2
201900021460,2019-06-30 02:35:00,2019,6,30,2,35,13,13211,A50-Sens Marseille vers Aubagne,43.288635,5.443814,Nuit sans éclairage public,Hors agglomération,Hors intersection,Normale,Deux véhicules - arrière,1,3,6,0,1,1,1,0,1,90,2,3,0,0,0,3,56.0,27.0,voiture,voiture,3,1,1,1,2
201900021461,2019-06-29 18:50:00,2019,6,29,18,50,13,13215,A7-Sens Marseille vers Lyon,43.3315106,5.3777727,Plein jour,Hors agglomération,Hors intersection,Normale,Deux véhicules - côté,1,-1,3,0,1,1,1,0,1,90,2,2,1,0,0,1,56.0,28.0,voiture,deux_roues,1,1,1,1,3
201900021462,2019-06-29 11:10:00,2019,6,29,11,10,13,13210,A50-Sens Aubagne vers Marseille,43.28514,5.41964,Plein jour,Hors agglomération,Hors intersection,Normale,Autre collision,1,-1,3,0,1,1,1,0,1,90,1,1,0,0,0,1,58.0,,voiture,,1,1,1,1,6
201900021463,2019-06-30 13:30:00,2019,6,30,13,30,69,69282,RN346   34.350 A 34.850,45.7586,4.9853,Plein jour,Hors agglomération,Hors intersection,Normale,Autre collision,1,3,2,0,1,1,1,0,1,90,1,1,0,0,1,0,50.0,,voiture,,1,1,1,1,6
201900021464,2019-06-30 05:25:00,2019,6,30,5,25,91,91589,AUTOROUTE A6,48.67139,2.34651,Crépuscule ou aube,Hors agglomération,Hors intersection,Normale,Deux véhicules - arrière,1,3,6,0,4,1,1,0,3,110,2,6,5,0,0,1,23.0,24.0,voiture,voiture,2,1,1,1,2
201900021465,2019-06-29 05:01:00,2019,6,29,5,1,94,94037,AUTOROUTE A6B,48.81584,2.36409,Nuit avec éclairage allumé,Hors agglomération,Hors intersection,Normale,Deux véhicules - côté,1,3,2,0,1,1,1,0,1,50,2,2,1,0,0,1,38.0,33.0,voiture,deux_roues,5,1,1,1,3
201900021466,2019-05-29 10:30:00,2019,5,29,10,30,63,63113,CHANELLES (RUE DES),45.7886965,3.0821533,Plein jour,En agglomération,Hors intersection,Normale,Autre collision,4,2,2,0,2,1,1,0,1,50,1,2,1,0,0,1,79.0,,voiture,,1,2,1,1,6
201900021467,2019-05-14 08:05:00,2019,5,14,8,5,62,62498,ZOLA (R EMILE),50.4341183,2.8319459,Plein jour,En agglomération,Hors intersection,Normale,Autre collision,4,2,2,0,1,1,1,0,1,50,1,2,1,0,0,1,54.0,,voiture,,1,2,1,1,6
201900021468,2019-06-04 02:15:00,2019,6,4,2,15,13,13206,NOTRE DAME (BOULEVARD),43.29,5.3725,Nuit avec éclairage allumé,En agglomération,Intersection en X,Normale,Deux véhicules - côté,4,1,2,0,4,1,1,0,1,50,2,1,0,0,1,0,21.0,,deux_roues,,5,2,2,1,3
201900021469,2019-06-03 19:45:00,2019,6,3,19,45,13,13204,LIBERATION (BOULEVARD),43.301538,5.392734,Plein jour,En agglomération,Hors intersection,Normale,Autre collision,4,2,2,0,1,1,1,0,1,50,1,3,1,0,0,2,40.0,,deux_roues,,1,2,1,1,6
201900021470,2019-06-03 14:00:00,2019,6,3,14,0,13,13202,MERY (RUE),43.298216,5.370871,Plein jour,En agglomération,Hors intersection,Normale,Autre collision,4,2,2,0,1,1,1,0,1,50,1,2,0,0,0,2,23.0,,deux_roues,,1,2,1,1,6
201900021471,2019-06-03 08:10:00,2019,6,3,8,10,13,13207,Corniche John Fitzgérald Kennedy,43.283136,5.350406,Plein jour,En agglomération,Hors intersection,Normale,Deux véhicules - arrière,4,2,2,0,1,1,1,0,1,50,2,2,1,0,1,0,48.0,29.0,voiture,deux_roues,1,2,1,1,2
201900021472,2019-06-02 22:00:00,2019,6,2,22,0,95,95252,AUTOROUTE A115,48.98853,2.24336,Nuit sans éclairage public,Hors agglomération,Hors intersection,Normale,Deux véhicules - côté,1,3,4,0,1,1,1,0,1,90,2,4,3,0,0,1,24.0,33.0,voiture,voiture,3,1,1,1,3
201900021473,2019-06-04 19:40:00,2019,6,4,19,40,988,98818,RUE E. UNGER/GAMBETTA,-22.26476,166.44323,Nuit avec éclairage allumé,En agglomération,Intersection en T,Normale,Autre collision,4,2,2,0,1,1,1,0,1,50,1,2,1,0,0,1,52.0,,transport_commun,,5,2,3,1,6