accident_id,datetime,annee,mois,jour,heure,minute,departement,commune_insee,adresse,latitude,longitude,luminosite,agglomeration,intersection,meteo,collision,catr,circ,nbv,vosp,prof,plan,surf,infra,situ,vma,nb_vehicules,nb_usagers,nb_indemnes,nb_tues,nb_blesses_hosp,nb_blesses_legers,age_cond_1,age_cond_2,veh_type_cond_1,veh_type_cond_2,lum_code,agg_code,int_code,atm_code,col_code
201900021659,2019-07-31 15:55:00,2019,7,31,15,55,91,91589,AUTOROUTE A6,48.68039,2.33205,Plein jour,Hors agglomération,Hors intersection,Normale,Trois véhicules et plus - collisions multiples,1,3,6,0,1,1,1,0,3,110,3,3,2,0,0,1,22.0,49.0,voiture,deux_roues,1,1,1,1,5
201900021660,2019-08-02 14:20:00,2019,8,2,14,20,78,78362,A13,48.975927,1.722947,Plein jour,Hors agglomération,Hors intersection,Normale,Deux véhicules - arrière,1,1,3,0,1,1,1,1,1,110,2,4,2,0,0,2,49.0,77.0,deux_roues,voiture,1,1,1,1,2
201900021661,2019-08-01 18:48:00,2019,8,1,18,48,92,92063,A86,48.8714278,2.1572725,Plein jour,Hors agglomération,Hors intersection,Normale,Deux véhicules - côté,1,1,4,0,1,2,1,1,1,70,2,2,1,0,0,1,41.0,96.0,voiture,voiture,1,1,1,1,3
201900021662,2019-08-03 14:30:00,2019,8,3,14,30,95,95277,AUTOROUTE A3,48.97636,2.4913,Plein jour,Hors agglomération,Hors intersection,Normale,Deux véhicules - côté,1,3,-1,0,1,1,1,0,1,90,2,2,1,0,0,1,38.0,54.0,voiture,voiture,1,1,1,1,3
201900021663,2019-08-03 01:30:00,2019,8,3,1,30,93,93005,AUTOROUTE A1,48.96296,2.47111,Nuit sans éclairage public,Hors agglomération,Hors intersection,Normale,Deux véhicules - côté,9,3,10,0,1,1,1,0,1,70,2,2,1,0,0,1,31.0,30.0,voiture,voiture,3,1,1,1,3
201900021664,2019-08-02 19:45:00,2019,8,2,19,45,93,93007,AUTOROUTE A3,48.94315,2.47793,Plein jour,Hors agglomération,Hors intersection,Normale,Deux véhicules - côté,1,3,6,0,1,1,1,0,1,110,2,2,1,0,1,0,19.0,56.0,utilitaire_camion,deux_roues,1,1,1,1,3
201900021665,2019-08-02 19:45:00,2019,8,2,19,45,93,93073,AUTOROUTE A104,48.96678,2.56071,Plein jour,Hors agglomération,Hors intersection,Normale,Deux véhicules - arrière,1,3,6,0,1,1,1,0,1,110,2,4,1,0,0,3,53.0,41.0,voiture,voiture,1,1,1,1,2
201900021666,2019-08-02 08:00:00,2019,8,2,8,0,92,92036,AUTOROUTE A86,48.9383674,2.3000797,Plein jour,Hors agglomération,Hors intersection,Temps éblouissant,Trois véhicules et plus - collisions multiples,1,3,9,0,1,1,1,0,1,90,3,3,2,0,0,1,49.0,36.0,utilitaire_camion,voiture,1,1,1,7,5
201900021667,2019-07-31 14:50:00,2019,7,31,14,50,95,95219,AUTOROUTE A115,48.99628,2.24655,Plein jour,Hors agglomération,Hors intersection,Normale,Deux véhicules - côté,1,-1,4,0,1,1,1,0,1,90,2,3,0,0,0,3,42.0,54.0,voiture,voiture,1,1,1,1,3
201900021668,2019-07-31 06:30:00,2019,7,31,6,30,94,94028,RN406.W,48.7592607,2.483955,Crépuscule ou aube,Hors agglomération,Hors intersection,Normale,Trois véhicules et plus - en chaîne,2,3,4,0,1,1,1,0,1,90,3,3,2,0,0,1,42.0,42.0,voiture,voiture,2,1,1,1,4
201900021669,2019-07-29 19:00:00,2019,7,29,19,0,77,77058,A4,48.828961,2.736926,Plein jour,Hors agglomération,Hors intersection,Normale,Deux véhicules - arrière,1,1,3,0,1,1,1,0,3,130,2,2,1,0,0,1,22.0,41.0,voiture,voiture,1,1,1,1,2
201900021670,2019-07-30 05:38:00,2019,7,30,5,38,972,97213,ROUTE NATIONALE 5,14.595414,-60.585115,Crépuscule ou aube,Hors agglomération,Autre intersection,Temps couvert,Sans collision,2,3,3,0,1,1,2,0,1,90,1,1,0,0,0,1,42.0,,voiture,,2,1,9,8,7
201900021671,2019-06-25 18:20:00,2019,6,25,18,20,76,76575,DULLIN. RUE CHARLES,49.39781,1.06837,Plein jour,En agglomération,Hors intersection,Normale,Deux véhicules - côté,4,2,2,0,1,1,1,0,1,50,2,2,1,0,0,1,24.0,6.0,voiture,deux_roues,1,2,1,1,3
201900021672,2019-06-24 10:20:00,2019,6,24,10,20,76,76575,CANADIENS. AVENUE DES,49.40511,1.06763,Plein jour,En agglomération,Hors intersection,Normale,Deux véhicules - frontale,3,2,2,0,1,1,1,0,1,50,2,2,1,0,0,1,24.0,50.0,deux_roues,utilitaire_camion,1,2,1,1,1
201900021673,2019-07-08 20:20:00,2019,7,8,20,20,62,62133,FUSILLES (R ),50.41739,2.91236,Plein jour,En agglomération,Intersection en T,Normale,Autre collision,4,3,2,0,1,1,1,6,1,50,1,2,1,0,0,1,58.0,,voiture,,1,2,3,1,6
201900021674,2019-07-30 22:53:00,2019,7,30,22,53,60,60175,RN 16_SORTIE RN 16_ACCES ROUTE DE CHANTI,49.2615964,2.4897579,Nuit avec éclairage non allumé,Hors agglomération,Hors intersection,Normale,Deux véhicules - arrière,3,3,2,0,1,1,1,3,1,90,2,2,1,0,0,1,24.0,39.0,voiture,voiture,4,1,1,1,2
201900021675,2019-07-30 10:15:00,2019,7,30,10,15,59,59457,PREVOTE RUE DE LA,50.668618,2.972976,Plein jour,En agglomération,Intersection en Y,Normale,Autre collision,7,2,2,0,1,1,1,5,1,50,1,2,1,0,1,0,55.0,,voiture,,1,2,4,1,6
201900021676,2019-07-31 04:50:00,2019,7,31,4,50,13,13209,SAINTE MARGUERITE (BOULEVARD),43.26962,5.40171,Nuit avec éclairage allumé,En agglomération,Hors intersection,Normale,Autre collision,4,2,2,0,1,1,1,0,1,50,1,1,0,0,1,0,21.0,,deux_roues,,5,2,1,1,6
201900021677,2019-07-30 18:20:00,2019,7,30,18,20,13,13209,SAINTE MARGUERITE (BOULEVARD),43.2654173,5.4088837,Plein jour,En agglomération,Hors intersection,Normale,Deux véhicules - côté,4,2,2,0,1,1,1,0,1,50,2,2,1,0,0,1,31.0,37.0,deux_roues,voiture,1,2,1,1,3
201900021678,2019-07-30 15:21:00,2019,7,30,15,21,13,13211,SAINT MENET (AVENUE DE),43.290205,5.4930566,Plein jour,En agglomération,Hors intersection,Normale,Sans collision,4,2,4,0,1,1,1,0,1,50,1,1,0,0,0,1,39.0,,deux_roues,,1,2,1,1,7
201900021679,2019-07-30 09:20:00,2019,7,30,9,20,13,13211,ALLAUCH A AUBAGNE (ROUTE D'),43.30527,5.50112,Plein jour,En agglomération,Hors intersection,Normale,Deux véhicules - arrière,3,2,2,0,1,1,1,0,1,50,2,1,0,0,0,1,39.0,,voiture,,1,2,1,1,2
201900021680,2019-07-31 11:10:00,2019,7,31,11,10,92,92049,REPUBLIQUE AVENUE DE LA N°2 A 90,48.8155,2.31764,Plein jour,En agglomération,Autre intersection,Normale,Autre collision,4,2,2,0,1,1,1,0,1,50,1,2,1,0,0,1,57.0,,utilitaire_camion,,1,2,9,1,6
201900021681,2019-07-31 09:00:00,2019,7,31,9,0,92,92049,VERDIER AVENUE AUTRES N°,48.81605,2.31455,Plein jour,En agglomération,Hors intersection,Normale,Deux véhicules - côté,4,2,2,0,1,1,1,0,1,50,2,2,1,0,0,1,30.0,43.0,deux_roues,voiture,1,2,1,1,3
201900021682,2019-07-29 17:30:00,2019,7,29,17,30,33,33397,AUTOROUTE A 10,44.89806,-0.49522,Plein jour,Hors agglomération,Hors intersection,Normale,Trois véhicules et plus - en chaîne,1,3,6,0,1,1,1,0,1,110,5,9,8,0,0,1,32.0,58.0,utilitaire_camion,voiture,1,1,1,1,4
201900021683,2019-07-31 18:30:00,2019,7,31,18,30,988,98818,RUE JULES FERRY,-22.2718,166.43777,Nuit avec éclairage allumé,En agglomération,Hors intersection,Normale,Sans collision,4,1,3,0,1,1,1,0,1,50,1,1,0,0,0,1,,,,,5,2,1,1,7
201900021684,2019-07-30 19:35:00,2019,7,30,19,35,974,97416,STADE (RUE DU),-21.3434,55.4867,Nuit sans éclairage public,En agglomération,Intersection en T,Pluie légère,Deux véhicules - côté,4,3,2,0,1,3,1,0,1,30,2,3,1,0,0,2,51.0,18.0,utilitaire_camion,deux_roues,3,2,3,2,3
201900021685,2019-07-30 19:20:00,2019,7,30,19,20,972,97209,RAVINE VILAINE (CHEMIN DEPARTEMENTAL DE),14.63322,-61.06034,Nuit sans éclairage public,Hors agglomération,Hors intersection,Normale,Trois véhicules et plus - en chaîne,3,2,2,0,1,1,1,0,1,50,3,4,3,0,0,1,29.0,32.0,voiture,utilitaire_camion,3,1,1,1,4
201900021686,2019-07-31 17:25:00,2019,7,31,17,25,69,69389,SIDOINE APPOLINAIRE                 (AV),45.7620682,4.8043482,Plein jour,En agglomération,Hors intersection,Normale,Deux véhicules - frontale,4,2,3,0,2,1,1,0,1,50,2,2,1,0,1,0,23.0,31.0,voiture,deux_roues,1,2,1,1,1
201900021687,2019-07-31 09:30:00,2019,7,31,9,30,69,69286,ROUTE DE STRASBOURG                 (RO),45.81206,4.88645,Plein jour,En agglomération,Intersection en T,Normale,Deux véhicules - côté,4,-1,2,1,1,1,1,0,1,50,2,4,3,0,0,1,31.0,64.0,voiture,voiture,1,2,3,1,3
201900021688,2019-07-29 21:00:00,2019,7,29,21,0,2B,2B033,MARTYRS - QUAI DES,42.69719,9.45249,Nuit avec éclairage allumé,En agglomération,Hors intersection,Normale,Autre collision,4,2,2,0,1,1,1,0,1,30,1,2,1,0,0,1,49.0,,voiture,,5,2,1,1,6
201900021689,2019-07-31 06:45:00,2019,7,31,6,45,95,95176,CLEMENCEAU (BOULEVARD GEORGES),48.972,2.19135,Crépuscule ou aube,En agglomération,Hors intersection,Normale,Deux véhicules - côté,3,-1,2,0,1,1,1,0,1,50,2,2,1,0,1,0,22.0,25.0,deux_roues,voiture,2,2,1,1,3
201900021690,2019-07-31 17:20:00,2019,7,31,17,20,91,91691,GABRIEL PERI(RUE) DU N°124 AU N°183,48.70195,2.48679,Plein jour,En agglomération,Hors intersection,Normale,Autre collision,4,2,2,0,1,1,1,0,1,50,1,1,0,0,0,1,24.0,,deux_roues,,1,2,1,1,6
201900021691,2019-07-31 02:06:00,2019,7,31,2,6,91,91691,Rond-point du Maréchal de Saxe,48.729869,2.49955,Nuit avec éclairage allumé,En agglomération,Autre intersection,Normale,Autre collision,3,3,2,0,1,3,1,0,3,50,1,1,0,0,1,0,23.0,,deux_roues,,5,2,9,1,6
201900021692,2019-07-31 12:45:00,2019,7,31,12,45,91,91114,PYRAMIDE (PLACE DE LA),48.68337,2.49052,Plein jour,En agglomération,Hors intersection,Normale,Sans collision,9,1,2,0,1,2,8,5,3,50,1,1,0,0,0,1,59.0,,deux_roues,,1,2,1,1,7
201900021693,2019-07-31 10:58:00,2019,7,31,10,58,87,87085,CLAUDEL (RUE PAUL),45.8104,1.26914,Plein jour,En agglomération,Hors intersection,Normale,Autre collision,4,2,2,0,1,1,1,0,4,50,1,1,0,0,0,1,84.0,,voiture,,1,2,1,1,6
201900021694,2019-07-30 17:10:00,2019,7,30,17,10,87,87085,LECLERC (AVENUE DU GENERAL),45.84296,1.25915,Plein jour,En agglomération,Hors intersection,Normale,Deux véhicules - arrière,4,2,2,0,2,1,1,0,1,50,2,3,2,0,0,1,52.0,22.0,voiture,voiture,1,2,1,1,2
201900021695,2019-05-18 20:59:00,2019,5,18,20,59,87,87085,LECLERC (AVENUE DU GENERAL),45.84122,1.25816,Crépuscule ou aube,En agglomération,Hors intersection,Pluie légère,Trois véhicules et plus - collisions multiples,4,2,2,0,1,1,2,0,1,50,3,3,2,0,0,1,25.0,45.0,deux_roues,voiture,2,2,1,2,5
201900021696,2019-05-17 18:05:00,2019,5,17,18,5,87,87113,MOULIN (AVENUE JEAN),45.86189,1.32251,Plein jour,En agglomération,Intersection en T,Pluie légère,Trois véhicules et plus - collisions multiples,3,2,2,0,1,2,2,0,1,50,3,3,2,0,0,1,46.0,57.0,voiture,voiture,1,2,3,2,5
201900021697,2019-05-17 09:44:00,2019,5,17,9,44,87,87085,LEMOINE (AVENUE GEORGES ET VALENTIN),45.83752,1.25535,Plein jour,En agglomération,Intersection en T,Pluie légère,Deux véhicules - côté,4,2,2,0,1,1,2,0,1,50,2,2,1,0,0,1,47.0,54.0,utilitaire_camion,voiture,1,2,3,2,3
201900021698,2019-05-15 09:00:00,2019,5,15,9,0,87,87085,THOMAS (AVENUE ALBERT),45.83646,1.24261,Plein jour,En agglomération,Hors intersection,Normale,Trois véhicules et plus - en chaîne,4,2,2,0,1,1,1,0,1,50,3,3,2,0,0,1,28.0,47.0,voiture,voiture,1,2,1,1,4
201900021699,2019-05-15 15:02:00,2019,5,15,15,2,87,87085,GAGNANT (AVENUE JEAN),45.83398,1.27235,Plein jour,En agglomération,Hors intersection,Normale,Autre collision,4,3,4,0,2,1,1,0,1,50,1,2,1,0,0,1,26.0,,voiture,,1,2,1,1,6
201900021700,2019-05-14 06:57:00,2019,5,14,6,57,87,87085,GAY-LUSSAC (COURS),45.83583,1.26269,Crépuscule ou aube,En agglomération,Intersection en T,Normale,Deux véhicules - côté,4,3,2,0,2,1,1,0,1,50,2,3,1,0,0,2,42.0,56.0,voiture,voiture,2,2,3,1,3
201900021701,2019-05-13 19:19:00,2019,5,13,19,19,87,87085,RD220,45.89813,1.295,Plein jour,Hors agglomération,Hors intersection,Normale,Trois véhicules et plus - en chaîne,3,2,2,0,1,1,1,0,1,70,4,4,2,0,1,1,43.0,49.0,voiture,deux_roues,1,1,1,1,4
201900021702,2019-05-12 19:15:00,2019,5,12,19,15,87,87085,CHENIEUX (RUE FRANCOIS),45.83801,1.25656,Plein jour,En agglomération,Hors intersection,Normale,Autre collision,4,2,2,0,1,1,1,0,1,50,2,3,2,0,1,0,54.0,49.0,deux_roues,voiture,1,2,1,1,6
201900021703,2019-05-11 10:03:00,2019,5,11,10,3,87,87085,LECLERC (AVENUE DU GENERAL),45.8556,1.26723,Plein jour,En agglomération,Hors intersection,Pluie forte,Autre collision,4,3,4,0,1,1,2,0,1,50,1,2,1,0,0,1,31.0,,voiture,,1,2,1,3,6
201900021704,2019-05-10 12:57:00,2019,5,10,12,57,87,87085,BELLAC (RUE DE),45.84801,1.24544,Plein jour,En agglomération,Hors intersection,Normale,Autre collision,4,2,3,0,1,1,1,0,1,50,2,2,1,0,0,1,34.0,54.0,utilitaire_camion,voiture,1,2,1,1,6
201900021705,2019-05-10 00:30:00,2019,5,10,0,30,87,87085,GIFFARD (RUE HENRI),45.87206,1.26781,Nuit avec éclairage allumé,En agglomération,Hors intersection,Normale,Autre collision,4,2,3,0,1,1,1,0,4,50,1,2,0,0,0,2,24.0,,voiture,,5,2,1,1,6
201900021706,2019-05-13 09:00:00,2019,5,13,9,0,87,87085,BLANC LOUIS (BOULEVARD),45.82839,1.26161,Plein jour,En agglomération,Hors intersection,Normale,Trois véhicules et plus - en chaîne,4,4,4,0,2,1,1,0,1,50,4,4,3,0,0,1,34.0,61.0,voiture,deux_roues,1,2,1,1,4
201900021707,2019-05-11 09:39:00,2019,5,11,9,39,87,87085,BEAUBREUIL (AVENUE DE),45.88031,1.29073,Plein jour,En agglomération,Giratoire,Pluie légère,Autre collision,4,1,2,0,1,2,2,5,1,50,1,1,0,0,0,1,19.0,,deux_roues,,1,2,6,2,6
201900021708,2019-05-07 22:49:00,2019,5,7,22,49,87,87085,TOULOUSE (RUE DE),45.8224,1.27465,Nuit avec éclairage allumé,En agglomération,Hors intersection,Normale,Sans collision,4,2,3,0,2,2,1,0,1,50,1,1,0,0,1,0,26.0,,deux_roues,,5,2,1,1,7
201900021709,2019-05-06 15:45:00,2019,5,6,15,45,87,87085,SAINTE CLAIRE (RUE),45.8235,1.24245,Plein jour,En agglomération,Hors intersection,Normale,Sans collision,4,2,2,0,2,1,1,0,1,50,1,2,1,0,1,0,43.0,,transport_commun,,1,2,1,1,7
201900021710,2019-05-06 11:56:00,2019,5,6,11,56,87,87085,CURIE  (RUE PIERRE ET MARIE),45.82208,1.24637,Plein jour,En agglomération,Hors intersection,Normale,Autre collision,4,2,2,0,1,1,1,0,1,30,1,2,1,0,0,1,39.0,,utilitaire_camion,,1,2,1,1,6
201900021711,2019-05-06 10:49:00,2019,5,6,10,49,87,87085,LECLERC (AVENUE DU GENERAL),45.85396,1.26604,Plein jour,En agglomération,Hors intersection,Normale,Autre collision,4,2,2,0,1,1,1,0,1,30,1,2,1,0,0,1,39.0,,utilitaire_camion,,1,2,1,1,6
201900021712,2019-05-04 16:19:00,2019,5,4,16,19,87,87085,BEAUBLANC (BOULEVARD DE),45.84665,1.24367,Plein jour,En agglomération,Autre intersection,Normale,Autre collision,4,3,4,0,1,1,1,0,1,50,2,3,2,0,1,0,83.0,25.0,voiture,voiture,1,2,9,1,6
201900021713,2019-05-02 17:45:00,2019,5,2,17,45,87,87085,SAINTE CLAIRE (RUE),45.82408,1.24539,Plein jour,En agglomération,Hors intersection,Pluie légère,Sans collision,4,2,2,0,1,1,2,0,1,50,1,1,0,0,0,1,52.0,,deux_roues,,1,2,1,2,7
201900021714,2019-05-02 11:13:00,2019,5,2,11,13,87,87085,1 DARNET (RUE),45.83013,1.25646,Plein jour,En agglomération,Hors intersection,Normale,Autre collision,4,1,1,0,1,1,1,0,1,30,1,2,1,0,0,1,58.0,,utilitaire_camion,,1,2,1,1,6
201900021715,2019-04-30 10:20:00,2019,4,30,10,20,87,87085,KING (AVENUE MARTIN LUTHER),45.81559,1.23435,Plein jour,En agglomération,Autre intersection,Normale,Deux véhicules - côté,4,1,1,0,1,2,1,0,1,30,2,2,1,0,0,1,64.0,53.0,voiture,voiture,1,2,9,1,3
201900021716,2019-04-30 13:58:00,2019,4,30,13,58,87,87085,MAS-BOUYOL  (CITE ET BOULEVARD DU),45.82778,1.22665,Plein jour,En agglomération,Intersection en X,Normale,Autre collision,4,3,6,0,2,2,1,5,4,50,1,5,0,2,1,2,23.0,,voiture,,1,2,2,1,6
201900021717,2019-04-29 18:05:00,2019,4,29,18,5,87,87085,SILVESTRE (RUE CHARLES),45.85486,1.25205,Plein jour,En agglomération,Intersection en X,Normale,Autre collision,4,2,2,0,1,1,1,0,1,50,1,1,0,0,0,1,43.0,,deux_roues,,1,2,2,1,6
201900021718,2019-04-29 13:00:00,2019,4,29,13,0,87,87085,AUTOROUTE A20,45.87679,1.28779,Plein jour,Hors agglomération,Hors intersection,Normale,Deux véhicules - arrière,1,3,4,0,1,1,1,0,1,110,2,7,4,0,0,3,26.0,71.0,voiture,voiture,1,1,1,1,2
201900021719,2019-04-28 19:11:00,2019,4,28,19,11,87,87085,PERRIN (RUE FRANCOIS),45.82925,1.24435,Crépuscule ou aube,En agglomération,Hors intersection,Normale,Deux véhicules - côté,4,2,2,0,1,1,1,0,1,50,2,2,1,0,0,1,19.0,52.0,deux_roues,utilitaire_camion,2,2,1,1,3
201900021720,2019-04-26 22:40:00,2019,4,26,22,40,87,87085,DUMAS (AVENUE GEORGES),45.82653,1.26493,Nuit avec éclairage allumé,En agglomération,Intersection en T,Normale,Deux véhicules - côté,4,4,3,0,2,1,1,0,1,50,2,2,1,0,0,1,48.0,54.0,voiture,deux_roues,5,2,3,1,3
201900021721,2019-04-26 12:55:00,2019,4,26,12,55,87,87050,FERRER (RUE FRANCISCO),45.86818,1.26252,Plein jour,En agglomération,Hors intersection,Normale,Autre collision,6,-1,-1,0,1,1,1,0,8,30,1,2,1,0,0,1,37.0,,voiture,,1,2,1,1,6
201900021722,2019-04-26 07:37:00,2019,4,26,7,37,87,87114,PUY MOULINIER - LIEU DIT,45.85241,1.32415,Nuit avec éclairage non allumé,Hors agglomération,Hors intersection,Pluie légère,Deux véhicules - frontale,4,2,2,0,2,2,2,0,1,80,2,2,0,0,0,2,35.0,47.0,voiture,voiture,4,1,1,2,1
201900021723,2019-05-27 15:30:00,2019,5,27,15,30,86,86194,JACQUES COEUR (AVENUE),46.5683466,0.3742138,Plein jour,En agglomération,Hors intersection,Pluie légère,Trois véhicules et plus - en chaîne,4,2,2,0,1,1,2,0,1,50,3,3,2,0,0,1,53.0,30.0,voiture,voiture,1,2,1,2,4
201900021724,2019-05-26 17:25:00,2019,5,26,17,25,86,86158,POITIERS (RUE DE),46.61755,0.31279,Plein jour,Hors agglomération,Hors intersection,Normale,Deux véhicules - côté,2,1,1,0,1,3,1,0,1,50,2,2,1,0,1,0,23.0,62.0,deux_roues,voiture,1,1,1,1,3
201900021725,2019-05-19 20:10:00,2019,5,19,20,10,86,86194,FAUBOURG PONT NEUF (RUE DU),46.57289,0.3665,Plein jour,En agglomération,Intersection en T,Normale,Deux véhicules - côté,4,2,2,0,2,2,1,0,1,50,2,2,1,0,0,1,25.0,33.0,voiture,deux_roues,1,2,3,1,3
201900021726,2019-05-16 17:20:00,2019,5,16,17,20,86,86194,IASSY (AVENUE DE),46.5723442,0.3930402,Plein jour,En agglomération,Hors intersection,Normale,Autre collision,4,2,2,0,1,1,1,0,1,50,1,2,1,0,0,1,46.0,,voiture,,1,2,1,1,6
201900021727,2019-05-10 17:00:00,2019,5,10,17,0,86,86194,JACQUES COEUR (AVENUE),46.5592898,0.3888278,Plein jour,En agglomération,Hors intersection,Normale,Sans collision,2,2,2,0,1,1,1,0,1,50,1,1,0,0,0,1,25.0,,voiture,,1,2,1,1,7
201900021728,2019-05-09 20:55:00,2019,5,9,20,55,86,86194,VINCENDERIE ( RUE DE LA ),46.3538,0.2026,Crépuscule ou aube,En agglomération,Hors intersection,Normale,Autre collision,4,2,2,0,3,1,1,0,1,50,1,1,0,0,0,1,24.0,,deux_roues,,2,2,1,1,6
201900021729,2019-05-06 20:10:00,2019,5,6,20,10,86,86194,LIBERATION (AVENUE DE LA),46.5645847,0.3177989,Plein jour,En agglomération,Hors intersection,Normale,Autre collision,4,3,4,3,1,1,1,0,1,50,2,2,1,0,1,0,19.0,24.0,deux_roues,voiture,1,2,1,1,6
201900021730,2019-05-03 14:30:00,2019,5,3,14,30,86,86214,CHAUME (RUE DE LA),46.55535,0.32987,Plein jour,En agglomération,Intersection en X,Normale,Deux véhicules - arrière,4,2,2,0,1,1,1,5,1,50,2,3,1,0,0,2,64.0,63.0,voiture,voiture,1,2,2,1,2
201900021731,2019-05-03 14:45:00,2019,5,3,14,45,86,86194,EMILE ROUX (RUE),46.58988,0.32525,Plein jour,En agglomération,Hors intersection,Normale,Autre collision,4,2,2,0,1,1,1,0,1,50,1,2,1,0,0,1,42.0,,voiture,,1,2,1,1,6
201900021732,2019-05-09 11:15:00,2019,5,9,11,15,86,86066,VILLENEUVE (RUE CHANOINE DE),46.81304,0.5442,Plein jour,En agglomération,Intersection en T,Normale,Autre collision,3,1,2,0,1,1,1,0,1,50,1,2,1,0,0,1,58.0,,voiture,,1,2,3,1,6
201900021733,2019-05-03 12:05:00,2019,5,3,12,5,86,86066,CROIX ROUGE (RUE DE LA),46.82188,0.54461,Plein jour,En agglomération,Intersection en X,Temps éblouissant,Autre collision,3,3,2,0,1,1,1,5,1,50,1,2,1,0,1,0,60.0,,voiture,,1,2,2,7,6
201900021734,2019-05-01 07:30:00,2019,5,1,7,30,86,86066,MERMOZ (AVENUE JEAN),46.79231,0.54643,Plein jour,En agglomération,Hors intersection,Normale,Sans collision,4,2,2,0,1,1,1,0,1,50,1,1,0,0,1,0,29.0,,deux_roues,,1,2,1,1,7
201900021735,2019-05-29 00:30:00,2019,5,29,0,30,85,85194,AQUITAINE (AVENUE D'),46.49246,-1.75975,Nuit avec éclairage allumé,En agglomération,Intersection en X,Normale,Deux véhicules - côté,4,2,0,0,1,1,1,0,1,50,2,6,1,0,0,5,24.0,25.0,voiture,voiture,5,2,2,1,3
201900021736,2019-05-17 14:40:00,2019,5,17,14,40,85,85194,RUE DES OEILLETS,46.51309,-1.7827,Plein jour,En agglomération,Hors intersection,Normale,Autre collision,6,-1,-1,0,1,1,1,0,1,20,1,2,1,0,1,0,22.0,,utilitaire_camion,,1,2,1,1,6
201900021737,2019-05-02 12:30:00,2019,5,2,12,30,85,85194,AVENUE FRANCOIS MITTERAND,46.51472,-1.77804,Plein jour,En agglomération,Hors intersection,Normale,Autre collision,6,-1,0,0,1,1,1,9,1,20,1,2,1,0,0,1,57.0,,voiture,,1,2,1,1,6
201900021738,2019-04-30 18:40:00,2019,4,30,18,40,85,85191,BOULEVARD DES ETATS UNIS ,46.66501,-1.42218,Plein jour,En agglomération,Autre intersection,Normale,Autre collision,3,2,2,0,1,1,1,0,1,50,1,2,1,0,1,0,33.0,,voiture,,1,2,9,1,6
201900021739,2019-04-30 11:00:00,2019,4,30,11,0,84,84087,BRIAND (COURS ARISTIDE),44.13653,4.80456,Plein jour,En agglomération,Giratoire,Temps éblouissant,Autre collision,3,2,2,0,1,1,1,5,1,50,1,2,1,0,1,0,61.0,,voiture,,1,2,6,7,6
201900021740,2019-05-27 20:27:00,2019,5,27,20,27,84,84035,GAMBETTA (COURS LEON),43.83795,5.03921,Plein jour,En agglomération,Hors intersection,Normale,Autre collision,4,2,2,0,1,1,1,0,1,30,1,2,0,1,1,0,30.0,,deux_roues,,1,2,1,1,6
201900021741,2019-05-24 11:37:00,2019,5,24,11,37,84,84035,VIDAUQUE (AVENUE DE),43.82331,5.07019,Plein jour,Hors agglomération,Intersection en X,Normale,Deux véhicules - côté,3,2,2,0,1,1,1,0,1,70,2,2,1,0,1,0,31.0,73.0,deux_roues,utilitaire_camion,1,1,2,1,3
201900021742,2019-05-23 19:20:00,2019,5,23,19,20,84,84007,RATEAU (rue),43.94544,4.81379,Plein jour,En agglomération,Hors intersection,Normale,Autre collision,4,1,1,0,1,1,1,0,1,30,1,2,1,0,1,0,20.0,,voiture,,1,2,1,1,6
201900021743,2019-05-17 17:00:00,2019,5,17,17,0,84,84007,VALAYER,43.92849,4.81729,Plein jour,En agglomération,Hors intersection,Normale,Autre collision,4,1,1,0,1,1,1,0,1,30,1,2,1,0,1,0,28.0,,voiture,,1,2,1,1,6
201900021744,2019-05-16 14:15:00,2019,5,16,14,15,84,84007,MONOD (Boulevard J.),43.9377,4.81014,Plein jour,En agglomération,Intersection en X,Normale,Autre collision,4,2,2,0,1,1,1,0,1,50,1,2,1,0,1,0,25.0,,voiture,,1,2,2,1,6
201900021745,2019-05-12 00:10:00,2019,5,12,0,10,84,84007,SAINT MICHEL (Boulevard),43.94268,4.81007,Nuit avec éclairage allumé,En agglomération,Hors intersection,Normale,Deux véhicules - côté,4,2,4,1,1,1,1,0,1,50,2,2,1,0,1,0,20.0,34.0,voiture,deux_roues,5,2,1,1,3
201900021746,2019-04-30 23:00:00,2019,4,30,23,0,84,84007,C.De GAULLE (Rocade),43.94083,4.79032,Nuit avec éclairage allumé,En agglomération,Intersection en T,Normale,Deux véhicules - côté,4,3,4,0,1,1,1,5,1,70,2,6,0,0,0,6,45.0,42.0,voiture,voiture,5,2,3,1,3
201900021747,2019-05-28 19:40:00,2019,5,28,19,40,83,83062,DELAGE (RUE MARC),43.12492,6.005,Plein jour,En agglomération,Giratoire,Normale,Deux véhicules - frontale,4,2,2,0,1,3,1,5,1,50,2,2,1,0,0,1,24.0,32.0,deux_roues,voiture,1,2,6,1,1
201900021748,2019-05-23 04:30:00,2019,5,23,4,30,83,83062,ROND POINT PIERRE RONDE,43.1412402,6.035983,Nuit avec éclairage non allumé,En agglomération,Giratoire,Normale,Deux véhicules - arrière,3,1,2,0,2,3,1,9,1,50,2,2,0,0,0,2,48.0,39.0,voiture,voiture,4,2,6,1,2
201900021749,2019-05-25 12:15:00,2019,5,25,12,15,83,83144,PICASSO (AVE PABLO),43.13224,5.98774,Plein jour,En agglomération,Hors intersection,Normale,Deux véhicules - côté,4,2,2,0,1,1,1,0,1,50,2,2,1,0,1,0,94.0,21.0,voiture,deux_roues,1,2,1,1,3
201900021750,2019-05-24 14:40:00,2019,5,24,14,40,83,83137,CLEMENCEAU (BD GEORGES),43.1223,5.93988,Plein jour,En agglomération,Hors intersection,Normale,Autre collision,2,1,1,3,1,1,1,8,1,30,1,2,1,0,0,1,32.0,,utilitaire_camion,,1,2,1,1,6