accident_id,datetime,annee,mois,jour,heure,minute,departement,commune_insee,adresse,latitude,longitude,luminosite,agglomeration,intersection,meteo,collision,catr,circ,nbv,vosp,prof,plan,surf,infra,situ,vma,nb_vehicules,nb_usagers,nb_indemnes,nb_tues,nb_blesses_hosp,nb_blesses_legers,age_cond_1,age_cond_2,veh_type_cond_1,veh_type_cond_2,lum_code,agg_code,int_code,atm_code,col_code
201900021843,2019-05-13 00:15:00,2019,5,13,0,15,77,77294,ROUTE PERIPHERIQUE SUD,48.9928596,2.6204378,Nuit sans éclairage public,Hors agglomération,Hors intersection,Normale,Autre collision,9,2,2,0,1,2,1,0,1,80,1,4,3,0,0,1,24.0,,voiture,,3,1,1,1,6
201900021844,2019-05-06 16:50:00,2019,5,6,16,50,77,77118,ACCES CENTRE COMMERCIAL,48.9443764,2.6651775,Plein jour,Hors agglomération,Autre intersection,Normale,Autre collision,9,1,2,0,1,3,1,0,1,30,1,1,0,0,0,1,69.0,,voiture,,1,1,9,1,6
201900021845,2019-03-13 01:20:00,2019,3,13,1,20,64,64445,NAPOLEON BONAPARTE,43.2934683,-0.3663206,Nuit avec éclairage allumé,En agglomération,Hors intersection,Normale,Autre collision,4,2,2,0,2,1,2,0,1,50,1,3,2,0,0,1,22.0,,voiture,,5,2,1,1,6
201900021846,2019-02-23 18:30:00,2019,2,23,18,30,62,62573,RD165,50.4905448,2.881336,Plein jour,Hors agglomération,Hors intersection,Normale,Deux véhicules - côté,3,2,2,0,1,1,1,0,1,70,2,2,1,1,0,0,40.0,83.0,deux_roues,voiture,1,1,1,1,3
201900021847,2019-03-12 16:20:00,2019,3,12,16,20,59,59512,ESPIERRE (RUE DE L'),50.7078345,3.1866758,Plein jour,En agglomération,Intersection en X,Normale,Deux véhicules - côté,4,2,2,0,1,1,1,0,1,50,2,3,0,0,1,2,70.0,21.0,deux_roues,voiture,1,2,2,1,3
201900021848,2019-03-08 09:29:00,2019,3,8,9,29,58,58194,CROIX JOYEUSE (CARREFOUR),46.9951,3.1682,Plein jour,En agglomération,Giratoire,Normale,Sans collision,4,1,1,1,1,2,1,0,1,50,1,1,0,0,0,1,23.0,,deux_roues,,1,2,6,1,7
201900021849,2019-03-08 17:32:00,2019,3,8,17,32,57,57630,PHALSBOURG,48.74086,7.07412,Plein jour,En agglomération,Intersection en X,Normale,Deux véhicules - côté,4,2,4,0,1,1,1,5,1,50,2,4,3,0,0,1,23.0,48.0,voiture,voiture,1,2,2,1,3
201900021850,2019-03-13 07:20:00,2019,3,13,7,20,51,51454,BOULEVARD MAURICE NOIROT,49.25341,4.01861,Plein jour,En agglomération,Intersection en T,Temps couvert,Deux véhicules - côté,4,2,3,1,1,1,1,2,1,50,2,2,1,0,1,0,29.0,27.0,voiture,deux_roues,1,2,3,8,3
201900021851,2019-03-13 16:40:00,2019,3,13,16,40,45,45234,R R BARTHELEMY-R POINCARE,47.8306,1.93034,Plein jour,En agglomération,Intersection en T,Normale,Deux véhicules - côté,4,2,2,0,1,1,1,0,1,30,2,2,1,0,0,1,58.0,63.0,deux_roues,voiture,1,2,3,1,3
201900021852,2019-03-13 14:10:00,2019,3,13,14,10,45,45147,(RUE CAMILLE DESMOULINS,47.93505,1.93055,Plein jour,En agglomération,Hors intersection,Vent fort / tempête,Autre collision,4,2,2,-1,1,1,1,0,1,30,1,2,1,0,0,1,71.0,,voiture,,1,2,1,6,6
201900021853,2019-03-13 08:00:00,2019,3,13,8,0,45,45169,RUE DES CHANTEMELLES,47.93835,1.84058,Plein jour,En agglomération,Hors intersection,Normale,Autre collision,4,3,4,0,1,3,8,0,1,50,1,1,0,0,0,1,23.0,,voiture,,1,2,1,1,6
201900021854,2019-03-13 19:20:00,2019,3,13,19,20,45,45004,PARKING DE LA GARE,47.9738,2.77321,Nuit avec éclairage allumé,En agglomération,Hors intersection,Normale,Sans collision,6,-1,-1,0,1,1,1,0,1,-1,1,1,0,0,0,1,16.0,,deux_roues,,5,2,1,1,7
201900021855,2019-03-12 18:05:00,2019,3,12,18,5,44,44109,RUE DE L'ERAUDIERE,47.238819,-1.540878,Plein jour,En agglomération,Hors intersection,Pluie légère,Autre collision,7,-1,0,0,1,1,2,0,1,50,1,2,1,0,1,0,30.0,,voiture,,1,2,1,2,6
201900021856,2019-03-07 08:55:00,2019,3,7,8,55,43,43046,CHAMPS-ELYSEES (AVENUE DES),45.05219,3.89722,Plein jour,En agglomération,Hors intersection,Normale,Autre collision,2,2,2,0,1,1,1,0,1,50,1,2,1,0,1,0,59.0,,voiture,,1,2,1,1,6
201900021857,2019-03-01 18:15:00,2019,3,1,18,15,36,36044,236 ROUTE DE CHATELLERAULT,46.8034461,1.6600373,Crépuscule ou aube,En agglomération,Hors intersection,Normale,Trois véhicules et plus - collisions multiples,4,2,2,0,1,1,1,0,1,50,3,4,1,0,1,2,43.0,55.0,voiture,voiture,2,2,1,1,5
201900021858,2019-03-12 17:12:00,2019,3,12,17,12,36,36044,60 RUE DE L'INDRE,46.8133266,1.6902323,Plein jour,En agglomération,Intersection en T,Normale,Deux véhicules - côté,4,1,1,0,1,1,1,0,1,50,2,2,1,0,1,0,15.0,40.0,deux_roues,voiture,1,2,3,1,3
201900021859,2019-03-12 08:51:00,2019,3,12,8,51,35,35238,ROPARTZ (GUY),48.12888,-1.656893,Plein jour,En agglomération,Hors intersection,Normale,Autre collision,4,2,2,0,2,1,1,0,1,50,1,2,1,0,0,1,35.0,,voiture,,1,2,1,1,6
201900021860,2019-03-13 12:50:00,2019,3,13,12,50,34,34172,JOUHAUX (AVENUE LEON),43.59363,3.82065,Plein jour,Hors agglomération,Hors intersection,Normale,Autre collision,3,1,2,0,1,1,1,0,1,90,2,2,1,0,1,0,34.0,22.0,voiture,voiture,1,1,1,1,6
201900021861,2019-03-10 14:10:00,2019,3,10,14,10,33,33063,AVE DU MAL DE LATTRE DE TASSIGNY CAUD.,44.85711,-0.62009,Plein jour,En agglomération,Intersection en X,Pluie légère,Autre collision,4,2,5,2,1,1,1,0,1,50,2,2,1,0,1,0,21.0,27.0,voiture,deux_roues,1,2,2,2,6
201900021862,2019-03-11 15:39:00,2019,3,11,15,39,33,33063,CRS DE LA MARNE,44.83013,-0.5694,Plein jour,En agglomération,Intersection en T,Normale,Autre collision,4,2,3,1,4,1,1,0,1,50,2,2,1,0,1,0,62.0,33.0,deux_roues,voiture,1,2,3,1,6
201900021863,2019-03-13 09:00:00,2019,3,13,9,0,31,31555,RUE DES COSMONAUTES,43.55995,1.49618,Plein jour,En agglomération,Hors intersection,Normale,Deux véhicules - côté,4,2,2,1,1,1,2,0,1,30,2,2,1,0,0,1,27.0,45.0,deux_roues,voiture,1,2,1,1,3
201900021864,2019-03-13 08:10:00,2019,3,13,8,10,30,30189,ALES (ROUTE),43.85923,4.33539,Plein jour,En agglomération,Hors intersection,Normale,Deux véhicules - côté,3,2,2,0,2,2,1,0,1,50,2,2,1,0,0,1,21.0,34.0,voiture,deux_roues,1,2,1,1,3
201900021865,2019-03-12 19:37:00,2019,3,12,19,37,29,29232,POMPIDOU GEORGES AVENUE,47.983,-4.07219,Nuit avec éclairage allumé,En agglomération,Hors intersection,Neige / grêle,Deux véhicules - côté,4,2,2,0,1,1,2,0,1,50,2,3,2,0,0,1,19.0,44.0,deux_roues,voiture,5,2,1,4,3
201900021866,2019-03-04 07:40:00,2019,3,4,7,40,29,29019,ROBESPIERRE (DE 33 A 107 ET 26 A 94),48.40812,-4.49037,Nuit avec éclairage non allumé,En agglomération,Hors intersection,Normale,Autre collision,4,2,2,0,2,1,1,0,1,50,1,2,1,0,0,1,49.0,,voiture,,4,2,1,1,6
201900021867,2019-03-10 07:20:00,2019,3,10,7,20,27,27306,GUILLAUMET (RUE),49.00364,1.17704,Crépuscule ou aube,En agglomération,Hors intersection,Temps couvert,Sans collision,4,2,2,0,1,3,2,0,1,50,1,1,0,0,1,0,27.0,,voiture,,2,2,1,8,7
201900021868,2019-03-13 12:57:00,2019,3,13,12,57,24,24053,ROUTE NATIONALE 221,45.1734,0.7655,Plein jour,Hors agglomération,Hors intersection,Normale,Deux véhicules - frontale,2,2,2,0,1,2,1,0,1,90,2,3,0,0,0,3,80.0,60.0,voiture,voiture,1,1,1,1,1
201900021869,2019-03-13 21:15:00,2019,3,13,21,15,13,13212,CHARLES KADDOUZ (RUE),43.314,5.432,Nuit avec éclairage allumé,En agglomération,Intersection en T,Vent fort / tempête,Deux véhicules - côté,4,2,2,1,1,1,1,0,1,50,2,2,1,0,0,1,34.0,70.0,deux_roues,voiture,5,2,3,6,3
201900021870,2019-03-13 20:40:00,2019,3,13,20,40,13,13213,(RUE) RAYMONDE MARTIN,43.327722,5.410036,Nuit avec éclairage allumé,En agglomération,Giratoire,Normale,Deux véhicules - côté,4,1,3,0,1,2,1,2,1,50,2,1,0,0,0,1,61.0,,voiture,,5,2,6,1,3
201900021871,2019-03-13 17:05:00,2019,3,13,17,5,13,13212,GASTON FLOTTE (RUE),43.29611,5.42672,Plein jour,En agglomération,Giratoire,Normale,Autre collision,4,2,2,0,2,1,1,0,1,50,1,2,1,0,0,1,38.0,,utilitaire_camion,,1,2,6,1,6
201900021872,2019-03-13 14:30:00,2019,3,13,14,30,13,13208,HAMBOURG (BOULEVARD),43.249678,5.389888,Plein jour,Hors agglomération,Hors intersection,Normale,Deux véhicules - côté,4,2,2,0,2,1,1,0,1,50,2,3,2,0,0,1,29.0,44.0,voiture,voiture,1,1,1,1,3
201900021873,2019-03-12 19:20:00,2019,3,12,19,20,13,13211,CAMOINS (AVENUE DES),43.306346,5.510313,Nuit avec éclairage allumé,En agglomération,Intersection en X,Normale,Deux véhicules - côté,4,2,2,0,1,1,1,0,1,50,2,3,2,0,0,1,73.0,20.0,deux_roues,utilitaire_camion,5,2,2,1,3
201900021874,2019-03-12 18:30:00,2019,3,12,18,30,13,13212,24 AVRIL 15 (AVENUE DU),43.307,5.428,Crépuscule ou aube,En agglomération,Hors intersection,Normale,Autre collision,4,2,2,0,2,1,1,0,1,50,1,2,1,0,1,0,56.0,,utilitaire_camion,,2,2,1,1,6
201900021875,2019-03-13 18:50:00,2019,3,13,18,50,13,13005,NATIONALE 8,43.28484,5.592,Crépuscule ou aube,En agglomération,Hors intersection,Normale,Deux véhicules - côté,3,2,2,0,1,1,1,0,1,80,2,2,1,0,0,1,31.0,55.0,voiture,deux_roues,2,2,1,1,3
201900021876,2019-03-11 12:50:00,2019,3,11,12,50,11,11262,BORDEAUX (AVENUE DE),43.18204,2.9889,Plein jour,En agglomération,Hors intersection,Normale,Autre collision,4,2,4,0,1,1,1,0,1,50,1,2,1,0,0,1,23.0,,voiture,,1,2,1,1,6
201900021877,2019-03-13 20:10:00,2019,3,13,20,10,6,06088,SEMARD (BD PIERRE),43.71594,7.29004,Nuit avec éclairage allumé,En agglomération,Hors intersection,Normale,Deux véhicules - côté,4,2,2,0,1,1,1,0,1,50,2,2,1,0,0,1,48.0,20.0,deux_roues,voiture,5,2,1,1,3
201900021878,2019-03-13 16:26:00,2019,3,13,16,26,1,01283,RUE VOLTAIRE,46.25589,5.65599,Plein jour,En agglomération,Giratoire,Autre,Deux véhicules - côté,3,2,2,0,2,1,2,5,1,50,2,2,1,0,0,1,36.0,33.0,voiture,voiture,1,2,6,9,3
201900021879,2019-03-12 19:10:00,2019,3,12,19,10,75,75112,PORTE DOREE,48.838692,2.412999,Nuit avec éclairage allumé,En agglomération,Hors intersection,Pluie légère,Deux véhicules - arrière,4,1,4,0,1,1,2,0,1,70,2,2,1,0,1,0,46.0,60.0,deux_roues,deux_roues,5,2,1,2,2
201900021880,2019-03-12 11:00:00,2019,3,12,11,0,75,75105,RUE VAUQUELIN,48.841666,2.348246,Plein jour,En agglomération,Intersection à plus de 4 branches,Normale,Autre collision,4,1,1,0,1,1,1,0,1,30,1,2,1,0,0,1,40.0,,voiture,,1,2,5,1,6
201900021881,2019-03-13 11:55:00,2019,3,13,11,55,75,75120,BOULEVARD DAVOUT,48.862419,2.409155,Plein jour,En agglomération,Intersection en T,Pluie légère,Autre collision,4,1,2,0,1,1,1,0,1,50,1,3,1,0,0,2,35.0,,utilitaire_camion,,1,2,3,2,6
201900021882,2019-03-13 06:20:00,2019,3,13,6,20,75,75118,PLACE DES ABBESSES,48.884615,2.338895,Crépuscule ou aube,En agglomération,Place,Normale,Autre collision,4,1,1,0,1,3,1,0,1,30,1,1,0,0,0,1,,,,,2,2,7,1,6
201900021883,2019-03-13 17:23:00,2019,3,13,17,23,75,75117,PLACE GENERAL CATROUX,48.883349,2.30952,Plein jour,En agglomération,Intersection en X,Normale,Autre collision,4,2,2,0,1,1,1,0,1,50,1,2,1,0,0,1,50.0,,voiture,,1,2,2,1,6
201900021884,2019-03-13 17:00:00,2019,3,13,17,0,75,75116,RUE HENRY DE LA VAULX,48.835822,2.257073,Plein jour,En agglomération,Intersection en Y,Temps couvert,Deux véhicules - côté,4,1,3,0,1,1,1,0,1,50,2,2,1,0,0,1,66.0,75.0,deux_roues,voiture,1,2,4,8,3
201900021885,2019-03-12 18:45:00,2019,3,12,18,45,75,75116,BOULEVARD THIERRY DE MARTEL,48.876126,2.279519,Nuit avec éclairage allumé,En agglomération,Hors intersection,Pluie légère,Sans collision,4,3,4,0,2,1,2,0,1,50,1,1,0,0,0,1,26.0,,deux_roues,,5,2,1,2,7
201900021886,2019-03-12 15:05:00,2019,3,12,15,5,75,75116,AVENUE DE NEUILLY,48.878443,2.279821,Plein jour,En agglomération,Intersection en Y,Normale,Deux véhicules - arrière,4,2,6,0,1,1,1,0,1,50,2,2,1,0,0,1,50.0,76.0,deux_roues,voiture,1,2,4,1,2
201900021887,2019-03-12 20:15:00,2019,3,12,20,15,75,75114,RUE DE GERGOVIE,48.833828,2.314692,Nuit avec éclairage allumé,En agglomération,Hors intersection,Pluie légère,Autre collision,4,2,2,1,1,1,2,0,1,50,1,2,1,0,0,1,32.0,,deux_roues,,5,2,1,2,6
201900021888,2019-03-13 11:15:00,2019,3,13,11,15,75,75113,RUE DU CHATEAU DES RENTIERS,48.826186,2.369194,Plein jour,En agglomération,Hors intersection,Normale,Deux véhicules - côté,4,1,1,0,1,1,1,0,1,50,2,2,0,0,0,2,20.0,27.0,deux_roues,deux_roues,1,2,1,1,3
201900021889,2019-03-12 20:15:00,2019,3,12,20,15,75,75113,RUE NEUVE TOLBIAC,48.832236,2.37977,Nuit avec éclairage allumé,En agglomération,Intersection en X,Pluie légère,Autre collision,4,2,4,0,1,1,1,0,1,50,2,1,0,0,0,1,36.0,,deux_roues,,5,2,2,2,6
201900021890,2019-03-13 16:30:00,2019,3,13,16,30,75,75112,CARREFOUR DE PYRAMIDE,48.833789,2.445168,Plein jour,En agglomération,Hors intersection,Normale,Autre collision,4,-1,0,0,1,3,1,0,1,50,1,1,0,0,0,1,62.0,,deux_roues,,1,2,1,1,6
201900021891,2019-03-13 08:37:00,2019,3,13,8,37,75,75112,RUE VAN GOGH,48.843429,2.3707,Plein jour,En agglomération,Intersection en X,Normale,Deux véhicules - arrière,4,1,2,0,1,3,1,0,1,50,2,2,1,0,0,1,30.0,43.0,deux_roues,voiture,1,2,2,1,2
201900021892,2019-03-12 20:10:00,2019,3,12,20,10,75,75112,RUE ESCOFFIER,48.826912,2.392678,Nuit avec éclairage allumé,En agglomération,Intersection en Y,Pluie légère,Deux véhicules - côté,4,1,2,0,1,3,2,0,1,50,2,2,1,0,0,1,59.0,55.0,deux_roues,voiture,5,2,4,2,3
201900021893,2019-03-13 20:15:00,2019,3,13,20,15,75,75111,BOULEVARD VOLTAIRE,48.85975,2.376841,Nuit avec éclairage allumé,En agglomération,Intersection en X,Normale,Deux véhicules - côté,4,2,4,0,1,1,1,0,1,50,2,2,1,0,0,1,31.0,31.0,deux_roues,deux_roues,5,2,2,1,3
201900021894,2019-03-13 09:52:00,2019,3,13,9,52,75,75110,BOULEVARD DE MAGENTA,48.87825,2.354307,Plein jour,En agglomération,Intersection en T,Normale,Autre collision,4,2,4,3,1,1,1,0,6,50,1,2,1,0,0,1,63.0,,deux_roues,,1,2,3,1,6
201900021895,2019-03-13 09:00:00,2019,3,13,9,0,75,75110,RUE LA FAYETTE,48.878976,2.355761,Plein jour,En agglomération,Intersection en X,Normale,Deux véhicules - côté,4,2,4,0,1,1,1,0,1,50,2,2,1,0,0,1,39.0,24.0,voiture,deux_roues,1,2,2,1,3
201900021896,2019-03-13 14:13:00,2019,3,13,14,13,75,75107,AVENUE DU MARECHAL GALLIENI,48.859949,2.313098,Plein jour,En agglomération,Intersection en X,Normale,Autre collision,4,-1,4,0,1,1,1,0,1,50,1,3,1,0,0,2,27.0,,voiture,,1,2,2,1,6
201900021897,2019-03-13 00:45:00,2019,3,13,0,45,75,75104,BOULEVARD HENRI IV,48.851083,2.362211,Nuit avec éclairage allumé,En agglomération,Intersection en X,Normale,Autre collision,4,2,2,0,2,3,1,0,1,50,2,2,1,0,0,1,49.0,,deux_roues,,5,2,2,1,6
201900021898,2019-03-12 15:50:00,2019,3,12,15,50,75,75103,RUE DU TEMPLE,48.866078,2.361124,Plein jour,En agglomération,Intersection en Y,Normale,Autre collision,4,1,3,0,1,1,1,0,1,50,3,2,0,0,0,2,24.0,62.0,utilitaire_camion,deux_roues,1,2,4,1,6
201900021899,2019-03-12 19:40:00,2019,3,12,19,40,75,75101,RUE SAINT HONORE,48.86661,2.328536,Nuit avec éclairage allumé,En agglomération,Place,Temps couvert,Autre collision,4,1,1,0,1,1,2,0,1,30,1,2,0,0,0,2,24.0,,deux_roues,,5,2,7,8,6
201900021900,2019-01-15 17:15:00,2019,1,15,17,15,94,94081,JEAN JAURES (AV),48.7938,2.39893,Plein jour,En agglomération,Intersection en X,Normale,Deux véhicules - côté,3,2,2,0,1,1,1,0,1,50,2,3,1,0,0,2,50.0,24.0,voiture,deux_roues,1,2,2,1,3
201900021901,2019-03-13 13:30:00,2019,3,13,13,30,94,94074,COLONEL FABIEN (R),48.78077,2.46686,Plein jour,En agglomération,Hors intersection,Temps couvert,Autre collision,3,2,2,0,1,1,2,0,1,50,1,3,2,0,0,1,48.0,,voiture,,1,2,1,8,6
201900021902,2019-03-12 18:20:00,2019,3,12,18,20,94,94068,RONSARD (AV),48.8087317,2.4676156,Plein jour,En agglomération,Place,Temps couvert,Deux véhicules - côté,4,2,2,0,1,1,2,0,1,50,2,2,1,0,0,1,37.0,42.0,voiture,deux_roues,1,2,7,8,3
201900021903,2019-03-13 19:00:00,2019,3,13,19,0,94,94041,JULES VANZUPPE (R),48.82021,2.39427,Nuit avec éclairage allumé,En agglomération,Hors intersection,Normale,Deux véhicules - côté,5,-1,0,0,1,1,1,9,-1,50,2,2,1,0,0,1,38.0,,voiture,,5,2,1,1,3
201900021904,2019-03-13 19:30:00,2019,3,13,19,30,94,94038,BERGERE (R DE LA),48.76,2.332,Nuit avec éclairage allumé,En agglomération,Autre intersection,Normale,Sans collision,4,1,0,0,1,1,1,0,1,1,1,1,0,0,0,1,14.0,,deux_roues,,5,2,9,1,7
201900021905,2019-03-12 19:30:00,2019,3,12,19,30,94,94033,STALINGRAD (AV DE),48.85271,2.4493,Nuit avec éclairage allumé,En agglomération,Intersection en X,Pluie légère,Deux véhicules - frontale,4,2,2,0,1,1,2,5,1,50,2,2,1,0,0,1,69.0,26.0,voiture,deux_roues,5,2,2,2,1
201900021906,2019-03-13 09:45:00,2019,3,13,9,45,94,94028,LECLERC.(RUE DU GENERAL),48.78959,2.46614,Plein jour,En agglomération,Hors intersection,Normale,Autre collision,3,1,1,0,1,1,1,0,1,30,1,2,1,0,0,1,60.0,,voiture,,1,2,1,1,6
201900021907,2019-03-12 11:30:00,2019,3,12,11,30,94,94022,MARECHAL DE LATTRE DE TASSIGNY (AV),48.75161,2.40614,Plein jour,En agglomération,Hors intersection,Normale,Autre collision,9,-1,0,0,1,1,1,9,1,50,1,1,0,0,0,1,82.0,,voiture,,1,2,1,1,6
201900021908,2019-03-13 09:00:00,2019,3,13,9,0,94,94055,OLIVIER D ORMESSON (AV),48.78,2.51,Plein jour,En agglomération,Hors intersection,Normale,Trois véhicules et plus - collisions multiples,3,2,2,0,2,1,1,0,1,50,3,3,2,0,0,1,35.0,75.0,voiture,voiture,1,2,1,1,5
201900021909,2019-03-29 12:30:00,2019,3,29,12,30,93,93070,ARDOIN(RUE),48.9111545,2.3255819,Plein jour,En agglomération,Hors intersection,Normale,Deux véhicules - arrière,4,2,2,0,1,1,1,0,1,50,2,2,1,0,1,0,27.0,67.0,deux_roues,voiture,1,2,1,1,2
201900021910,2019-02-15 08:53:00,2019,2,15,8,53,93,93070,MICHELET (AVE) : DU 1 AU 103,48.90405,2.34405,Plein jour,En agglomération,Hors intersection,Normale,Deux véhicules - arrière,3,2,1,0,1,1,1,0,1,50,2,4,3,0,0,1,44.0,48.0,deux_roues,deux_roues,1,2,1,1,2
201900021911,2019-03-12 16:15:00,2019,3,12,16,15,93,93066,RENOUILLERES,48.91528,2.34405,Plein jour,En agglomération,Intersection en Y,Normale,Autre collision,3,-1,0,0,1,1,1,0,1,50,1,3,2,0,0,1,30.0,,voiture,,1,2,4,1,6
201900021912,2019-03-13 18:25:00,2019,3,13,18,25,93,93077,DETOUCHE (AVENUE),48.8869,2.5163,Plein jour,En agglomération,Autre intersection,Normale,Deux véhicules - frontale,4,2,2,0,1,1,1,0,1,50,2,1,0,0,0,1,50.0,,deux_roues,,1,2,9,1,1
201900021913,2019-03-13 20:53:00,2019,3,13,20,53,93,93006,MICHEL LOUISE RUE,48.875937,2.431899,Nuit avec éclairage allumé,En agglomération,Hors intersection,Normale,Autre collision,9,2,2,0,1,1,1,0,1,50,1,2,1,0,1,0,28.0,,transport_commun,,5,2,1,1,6
201900021914,2019-03-12 18:22:00,2019,3,12,18,22,93,93079,SAINT LEU (ROUTE),48.95409,2.33511,Plein jour,En agglomération,Hors intersection,Pluie légère,Deux véhicules - côté,3,2,2,1,2,1,2,0,1,50,2,2,1,0,0,1,26.0,20.0,deux_roues,voiture,1,2,1,2,3
201900021915,2019-03-13 16:00:00,2019,3,13,16,0,93,93010,ROSNY (AV. DE),48.894669,2.470573,Plein jour,En agglomération,Hors intersection,Pluie légère,Autre collision,3,2,2,0,1,1,1,0,1,50,1,2,1,0,1,0,79.0,,voiture,,1,2,1,2,6
201900021916,2019-03-11 20:15:00,2019,3,11,20,15,92,92050,GARCHES RUE DE,48.87868,2.20922,Nuit avec éclairage allumé,En agglomération,Intersection en T,Normale,Deux véhicules - arrière,4,2,2,1,1,1,1,0,1,50,2,2,1,0,0,1,38.0,18.0,voiture,deux_roues,5,2,3,1,2
201900021917,2019-03-11 07:45:00,2019,3,11,7,45,92,92050,BOULE PLACE DE LA,48.886954,2.200635,Plein jour,En agglomération,Giratoire,Normale,Deux véhicules - côté,3,2,2,0,2,1,1,0,1,50,2,2,0,0,0,2,24.0,29.0,voiture,utilitaire_camion,1,2,6,1,3
201900021918,2019-03-13 09:48:00,2019,3,13,9,48,92,92040,JULES GUESDES,48.819,2.279,Plein jour,En agglomération,Hors intersection,Normale,Sans collision,4,2,2,0,1,1,1,0,3,50,1,1,0,0,0,1,,,,,1,2,1,1,7
201900021919,2019-03-12 18:45:00,2019,3,12,18,45,92,92025,AGENT SARRE (AV DE L'),48.926855,2.273271,Plein jour,En agglomération,Intersection en X,Normale,Deux véhicules - frontale,3,1,2,0,1,1,1,0,1,50,2,2,1,0,0,1,22.0,33.0,deux_roues,utilitaire_camion,1,2,2,1,1
201900021920,2019-03-13 03:10:00,2019,3,13,3,10,92,92071,HONNEUR (ALLEE D'),48.77632,2.31308,Nuit avec éclairage allumé,En agglomération,Hors intersection,Normale,Autre collision,4,3,5,0,4,3,1,0,1,50,1,2,0,0,1,1,23.0,,voiture,,5,2,1,1,6
201900021921,2019-03-13 19:40:00,2019,3,13,19,40,92,92012,ANDRE MORIZET (AVENUE) 1/47 - 2/52,48.83635,2.2379642,Nuit avec éclairage allumé,En agglomération,Intersection à plus de 4 branches,Temps couvert,Deux véhicules - côté,3,2,2,0,1,1,2,0,1,50,2,2,1,0,0,1,21.0,29.0,deux_roues,voiture,5,2,5,8,3
201900021922,2019-03-13 11:35:00,2019,3,13,11,35,92,92012,PIERRE GRENIER (AVENUE),48.8320854,2.2530721,Plein jour,En agglomération,Intersection à plus de 4 branches,Normale,Deux véhicules - côté,3,4,5,0,1,1,1,0,1,50,2,2,1,0,0,1,23.0,53.0,deux_roues,deux_roues,1,2,5,1,3
201900021923,2019-03-13 08:30:00,2019,3,13,8,30,26,26323,route de la plaine,45.07306,5.112114,Plein jour,Hors agglomération,Hors intersection,Normale,Deux véhicules - côté,3,2,2,0,1,1,1,5,1,80,2,2,0,0,1,1,53.0,25.0,voiture,voiture,1,1,1,1,3
201900021924,2019-03-13 10:05:00,2019,3,13,10,5,31,31454,Avenue de Toulouse,43.416312,1.13168,Plein jour,Hors agglomération,Intersection en X,Pluie légère,Deux véhicules - côté,3,2,2,0,3,1,2,0,1,80,2,2,0,0,2,0,76.0,76.0,voiture,voiture,1,1,2,2,3
201900021925,2019-03-11 20:37:00,2019,3,11,20,37,31,31044,Avenue Saint-Martin de Boville,43.598832,1.506089,Nuit avec éclairage non allumé,En agglomération,Autre intersection,Normale,Deux véhicules - côté,4,2,2,0,2,1,1,0,1,50,2,2,1,0,1,0,50.0,18.0,voiture,deux_roues,4,2,9,1,3
201900021926,2019-03-14 08:15:00,2019,3,14,8,15,52,52519,A31 pk 89+600,47.695947,5.185796,Plein jour,Hors agglomération,Hors intersection,Pluie forte,Deux véhicules - côté,1,3,5,0,1,1,2,0,1,110,2,3,0,0,1,2,51.0,71.0,voiture,voiture,1,1,1,3,3
201900021927,2019-03-10 13:20:00,2019,3,10,13,20,63,63163,A89 PK 317.400,45.7553605,2.7250844,Plein jour,Hors agglomération,Hors intersection,Vent fort / tempête,Deux véhicules - arrière,1,3,4,0,2,1,2,0,1,130,2,4,3,0,0,1,77.0,23.0,voiture,voiture,1,1,1,6,2
201900021928,2019-03-12 10:45:00,2019,3,12,10,45,62,62750,rue principale,50.570875,2.416387,Plein jour,En agglomération,Intersection en Y,Normale,Deux véhicules - côté,3,2,2,0,1,2,1,0,1,50,2,2,1,0,1,0,47.0,67.0,deux_roues,utilitaire_camion,1,2,4,1,3
201900021929,2019-03-13 17:15:00,2019,3,13,17,15,34,34270,40 route de Béziers,43.571119,3.813163,Plein jour,En agglomération,Intersection en X,Normale,Deux véhicules - côté,3,2,2,0,1,1,1,0,1,50,2,1,0,0,0,1,57.0,,deux_roues,,1,2,2,1,3
201900021930,2019-03-14 07:40:00,2019,3,14,7,40,51,51323,RN 4,48.7240193,3.8212309,Plein jour,Hors agglomération,Hors intersection,Pluie légère,Deux véhicules - frontale,2,2,2,0,1,1,2,0,1,80,2,2,1,1,0,0,20.0,47.0,voiture,utilitaire_camion,1,1,1,2,1
201900021931,2019-03-14 07:40:00,2019,3,14,7,40,74,74309,Route de Saint-Julien,46.114465,6.015888,Crépuscule ou aube,En agglomération,Hors intersection,Pluie forte,Deux véhicules - arrière,3,2,2,0,1,1,2,0,1,50,2,2,1,0,1,0,18.0,42.0,deux_roues,voiture,2,2,1,3,2
201900021932,2019-03-12 21:05:00,2019,3,12,21,5,67,67311,ROUTE DÉPARTEMENTALE 211,48.275667,7.541458,Nuit sans éclairage public,Hors agglomération,Hors intersection,Normale,Deux véhicules - frontale,3,2,2,0,1,1,1,0,1,80,2,2,1,1,0,0,35.0,22.0,deux_roues,voiture,3,1,1,1,1
201900021933,2019-03-08 08:25:00,2019,3,8,8,25,33,33140,55 RUE CHARLES DOPTER / RUE JEAN FEUGA,44.77539,-0.35007,Plein jour,En agglomération,Intersection en X,Pluie légère,Autre collision,4,1,1,0,1,1,2,9,1,20,1,3,2,0,0,1,86.0,,voiture,,1,2,2,2,6
201900021934,2019-03-13 15:10:00,2019,3,13,15,10,68,68158,RD419,47.600775,7.381351,Plein jour,Hors agglomération,Intersection en T,Temps éblouissant,Trois véhicules et plus - collisions multiples,3,2,2,0,2,1,2,0,1,70,3,4,2,0,0,2,47.0,58.0,utilitaire_camion,voiture,1,1,3,7,5