accident_id,datetime,annee,mois,jour,heure,minute,departement,commune_insee,adresse,latitude,longitude,luminosite,agglomeration,intersection,meteo,collision,catr,circ,nbv,vosp,prof,plan,surf,infra,situ,vma,nb_vehicules,nb_usagers,nb_indemnes,nb_tues,nb_blesses_hosp,nb_blesses_legers,age_cond_1,age_cond_2,veh_type_cond_1,veh_type_cond_2,lum_code,agg_code,int_code,atm_code,col_code
201900022116,2019-11-15 08:30:00,2019,11,15,8,30,31,31483,FRANCOIS MITTERAND ( AVENUE),43.11214,0.74543,Plein jour,En agglomération,Intersection en T,Normale,Deux véhicules - arrière,3,2,2,0,1,1,1,0,1,50,2,2,1,0,0,1,53.0,18.0,voiture,deux_roues,1,2,3,1,2
201900022117,2019-11-15 13:05:00,2019,11,15,13,5,26,26198,rue Paul Loubet,44.563035,4.747063,Plein jour,En agglomération,Hors intersection,Normale,Deux véhicules - côté,4,2,2,0,1,1,1,0,1,50,2,2,1,0,0,1,20.0,86.0,deux_roues,voiture,1,2,1,1,3
201900022118,2019-11-15 18:55:00,2019,11,15,18,55,25,25462,VERDUN,46.91029,6.34696,Crépuscule ou aube,En agglomération,Hors intersection,Normale,Deux véhicules - frontale,4,2,2,0,1,1,2,0,1,50,2,4,3,0,0,1,38.0,35.0,voiture,voiture,2,2,1,1,1
201900022119,2019-11-15 16:15:00,2019,11,15,16,15,25,25056,BRULARD  RUE GENERAL,47.230104,6.010852,Plein jour,En agglomération,Hors intersection,Normale,Autre collision,4,1,1,1,1,1,1,0,1,50,1,2,1,0,0,1,36.0,,voiture,,1,2,1,1,6
201900022120,2019-11-15 22:49:00,2019,11,15,22,49,13,13206,SAINTE VICTOR (RUE),43.28603,5.3811,Nuit avec éclairage allumé,En agglomération,Intersection en T,Pluie forte,Autre collision,4,1,1,0,1,1,2,0,1,50,1,1,0,0,1,0,29.0,,deux_roues,,5,2,3,3,6
201900022121,2019-11-15 20:05:00,2019,11,15,20,5,13,13202,CARGO RHIN FIDELI (RUE),43.328168,5.354864,Nuit avec éclairage allumé,En agglomération,Intersection en T,Pluie forte,Deux véhicules - côté,3,2,-1,-1,1,1,1,0,1,-1,2,3,1,0,0,2,40.0,25.0,voiture,voiture,5,2,3,3,3
201900022122,2019-11-15 06:45:00,2019,11,15,6,45,13,13211,VALENTINE (ROUTE DE LA),43.2902,5.4633,Crépuscule ou aube,En agglomération,Intersection en T,Normale,Deux véhicules - côté,4,2,3,0,1,1,2,0,1,50,2,2,1,0,0,1,24.0,50.0,deux_roues,voiture,2,2,3,1,3
201900022123,2019-11-15 22:15:00,2019,11,15,22,15,13,13001,GUIGOU ALBERT (CH),43.5008225,5.3893787,Nuit avec éclairage allumé,Hors agglomération,Hors intersection,Pluie forte,Sans collision,3,2,2,0,1,1,2,0,1,50,1,2,1,0,0,1,33.0,,voiture,,5,1,1,3,7
201900022124,2019-11-14 15:20:00,2019,11,14,15,20,11,11262,MARCERO (RUE FRANCIS),43.18514,3.00797,Plein jour,En agglomération,Intersection en T,Pluie légère,Deux véhicules - côté,4,1,1,0,1,1,2,0,1,30,2,2,1,0,0,1,30.0,31.0,voiture,deux_roues,1,2,3,2,3
201900022125,2019-11-15 21:15:00,2019,11,15,21,15,11,11069,CAVAYERE -ROUTE DE LA -,43.193873,2.397276,Nuit sans éclairage public,Hors agglomération,Hors intersection,Pluie légère,Sans collision,4,2,2,0,1,3,2,0,1,50,1,1,0,0,0,1,23.0,,voiture,,3,1,1,2,7
201900022126,2019-11-15 18:10:00,2019,11,15,18,10,10,10387,JULES GUESDE (RUE),48.28862,4.08045,Nuit avec éclairage allumé,En agglomération,Hors intersection,Normale,Trois véhicules et plus - en chaîne,4,2,2,0,1,1,1,0,1,50,3,3,1,0,0,2,43.0,18.0,voiture,voiture,5,2,1,1,4
201900022127,2019-11-15 10:39:00,2019,11,15,10,39,10,10387,GEORGES CLEMENCEAU (RUE),48.29804,4.07549,Plein jour,En agglomération,Hors intersection,Pluie légère,Autre collision,4,1,1,0,1,1,2,0,1,50,1,2,1,0,0,1,20.0,,deux_roues,,1,2,1,2,6
201900022128,2019-11-14 09:42:00,2019,11,14,9,42,10,10387,PREIZE (RUE DE),48.30809,4.06834,Plein jour,En agglomération,Hors intersection,Normale,Autre collision,4,2,2,0,1,1,1,0,1,50,1,2,1,0,0,1,53.0,,voiture,,1,2,1,1,6
201900022129,2019-11-15 07:07:00,2019,11,15,7,7,6,06088,GROSSO (A PARTIR DU N° 60-83),43.69867,7.25119,Nuit sans éclairage public,En agglomération,Hors intersection,Normale,Autre collision,4,2,3,3,2,1,1,0,1,50,1,2,1,0,1,0,56.0,,voiture,,3,2,1,1,6
201900022130,2019-11-15 13:25:00,2019,11,15,13,25,6,06069,PAOUTE (ROUTE ET TRAVERSE DE LA),43.641807,6.957192,Plein jour,En agglomération,Hors intersection,Normale,Deux véhicules - frontale,3,2,2,0,1,1,1,0,1,50,2,2,1,0,0,1,21.0,54.0,deux_roues,voiture,1,2,1,1,1
201900022131,2019-11-13 15:20:00,2019,11,13,15,20,6,06027,GARE AVENUE DE LA,43.655873,7.146489,Plein jour,En agglomération,Hors intersection,Normale,Deux véhicules - arrière,7,2,3,0,1,1,1,0,1,50,2,3,0,0,0,3,29.0,18.0,voiture,voiture,1,2,1,1,2
201900022132,2019-11-14 14:50:00,2019,11,14,14,50,5,05061,GEORGES POMPIDOU ( BD),44.55503,6.07611,Plein jour,En agglomération,Hors intersection,Pluie légère,Deux véhicules - arrière,4,2,2,0,1,1,2,0,1,50,2,2,1,0,0,1,18.0,73.0,deux_roues,voiture,1,2,1,2,2
201900022133,2019-11-14 17:05:00,2019,11,14,17,5,75,75119,BD PERIPHERIQUE EXTERIEUR,48.882114,2.401694,Nuit avec éclairage allumé,En agglomération,Hors intersection,Normale,Deux véhicules - côté,4,1,4,0,1,1,1,0,1,70,2,2,1,0,0,1,45.0,32.0,deux_roues,voiture,5,2,1,1,3
201900022134,2019-11-14 00:10:00,2019,11,14,0,10,75,75119,BD PERIPHERIQUE EXTERIEUR,48.8926137,2.3956418,Nuit avec éclairage allumé,En agglomération,Intersection en Y,Normale,Deux véhicules - côté,4,1,4,0,1,1,1,0,1,70,2,2,1,0,1,0,34.0,39.0,deux_roues,voiture,5,2,4,1,3
201900022135,2019-11-15 13:55:00,2019,11,15,13,55,75,75118,BOULEVARD BARBES,48.890039,2.349602,Plein jour,En agglomération,Hors intersection,Temps couvert,Autre collision,4,2,5,3,1,1,2,0,6,30,1,2,1,0,1,0,34.0,,voiture,,1,2,1,8,6
201900022136,2019-11-15 07:55:00,2019,11,15,7,55,75,75112,ROUTE DE LA PYRAMIDE,48.82022,2.461227,Plein jour,En agglomération,Hors intersection,Pluie forte,Deux véhicules - frontale,4,2,2,0,2,1,2,0,1,50,2,4,3,0,1,0,19.0,56.0,deux_roues,voiture,1,2,1,3,1
201900022137,2019-11-13 21:30:00,2019,11,13,21,30,75,75105,BOULEVARD SAINT GERMAIN,48.849437,2.354422,Nuit avec éclairage allumé,En agglomération,Intersection en X,Pluie légère,Deux véhicules - côté,4,1,4,-1,1,1,2,5,1,50,2,4,3,0,0,1,30.0,36.0,deux_roues,voiture,5,2,2,2,3
201900022138,2019-11-15 09:15:00,2019,11,15,9,15,75,75105,QUAI DE LA TOURNELLE,48.8501452,2.3543572,Plein jour,En agglomération,Hors intersection,Pluie légère,Sans collision,4,1,2,0,1,1,2,0,1,50,1,1,0,0,0,1,41.0,,deux_roues,,1,2,1,2,7
201900022139,2019-11-10 12:40:00,2019,11,10,12,40,75,75120,BOULEVARD DE BELLEVILLE,48.8715375,2.3775932,Plein jour,En agglomération,Hors intersection,Normale,Deux véhicules - côté,4,3,2,1,1,1,1,0,5,50,2,2,1,0,0,1,19.0,34.0,voiture,deux_roues,1,2,1,1,3
201900022140,2019-11-14 23:25:00,2019,11,14,23,25,75,75119,RUE MANIN,48.8863882,2.3939735,Nuit avec éclairage allumé,En agglomération,Place,Normale,Autre collision,4,2,2,0,1,1,1,0,1,50,1,2,0,0,0,2,37.0,,deux_roues,,5,2,7,1,6
201900022141,2019-11-15 18:20:00,2019,11,15,18,20,75,75118,RUE DAMREMONT,48.8924732,2.3355553,Nuit avec éclairage allumé,En agglomération,Hors intersection,Pluie légère,Autre collision,4,2,2,0,1,1,2,0,1,30,1,2,1,0,1,0,44.0,,deux_roues,,5,2,1,2,6
201900022142,2019-11-15 16:15:00,2019,11,15,16,15,75,75108,COURS LA REINE,48.86499,2.3137057,Plein jour,En agglomération,Intersection en X,Pluie légère,Deux véhicules - côté,4,3,2,0,1,1,2,0,1,50,2,2,1,0,0,1,46.0,55.0,deux_roues,voiture,1,2,2,2,3
201900022143,2019-11-15 20:00:00,2019,11,15,20,0,75,75116,AVENUE DE VERSAILLES,48.841676,2.266864,Nuit avec éclairage allumé,En agglomération,Intersection en T,Pluie légère,Deux véhicules - arrière,4,2,4,0,1,1,2,0,1,50,2,2,1,0,0,1,51.0,34.0,voiture,deux_roues,5,2,3,2,2
201900022144,2019-11-15 14:50:00,2019,11,15,14,50,75,75116,BD PERIPHERIQUE EXTERIEUR,48.8635502,2.2657907,Plein jour,En agglomération,Hors intersection,Pluie légère,Trois véhicules et plus - en chaîne,4,1,4,0,1,1,2,0,1,70,3,4,3,0,0,1,30.0,43.0,voiture,voiture,1,2,1,2,4
201900022145,2019-11-15 10:00:00,2019,11,15,10,0,75,75116,AVENUE DE LA PORTE D AUTEUIL,48.8480837,2.2538602,Plein jour,En agglomération,Intersection en Y,Pluie légère,Deux véhicules - arrière,4,2,6,0,1,1,2,0,1,50,2,2,0,0,0,2,89.0,30.0,voiture,deux_roues,1,2,4,2,2
201900022146,2019-11-15 06:00:00,2019,11,15,6,0,75,75116,ROUTE DE LA MUETTE A NEUILLY,48.864506,2.266503,Nuit avec éclairage allumé,En agglomération,Intersection en Y,Pluie légère,Deux véhicules - côté,4,2,2,0,1,1,2,0,1,50,2,2,1,0,0,1,52.0,61.0,deux_roues,voiture,5,2,4,2,3
201900022147,2019-11-13 18:20:00,2019,11,13,18,20,75,75116,BOULEVARD SUCHET,48.85736,2.264691,Nuit avec éclairage allumé,En agglomération,Intersection en X,Normale,Autre collision,4,2,3,0,1,1,1,0,1,50,1,2,1,0,0,1,50.0,,voiture,,5,2,2,1,6
201900022148,2019-11-15 08:15:00,2019,11,15,8,15,75,75115,AVENUE DE LA PORTE DE LA PLAINE,48.829203,2.292302,Nuit avec éclairage allumé,En agglomération,Intersection en Y,Pluie légère,Deux véhicules - côté,4,2,2,0,2,1,2,0,1,50,2,2,1,0,0,1,30.0,34.0,voiture,deux_roues,5,2,4,2,3
201900022149,2019-11-15 08:10:00,2019,11,15,8,10,75,75115,AVENUE DE LA PORTE DE SEVRES,48.834153,2.277238,Crépuscule ou aube,En agglomération,Intersection en Y,Pluie forte,Deux véhicules - côté,4,2,6,0,1,1,2,0,1,50,2,2,1,0,1,0,51.0,33.0,deux_roues,voiture,2,2,4,3,3
201900022150,2019-11-15 19:50:00,2019,11,15,19,50,75,75114,RUE DAREAU,48.8309,2.3367,Nuit avec éclairage allumé,En agglomération,Intersection en Y,Pluie légère,Autre collision,4,1,1,1,2,1,2,0,5,50,1,2,0,0,0,2,35.0,,deux_roues,,5,2,4,2,6
201900022151,2019-11-15 19:10:00,2019,11,15,19,10,75,75114,RUE DE LA LEGION ETRANGERE,48.820206,2.324003,Nuit avec éclairage allumé,En agglomération,Intersection en X,Pluie légère,Sans collision,4,2,2,0,1,1,2,0,1,50,1,1,0,0,0,1,39.0,,deux_roues,,5,2,2,2,7
201900022152,2019-11-15 17:25:00,2019,11,15,17,25,75,75114,AVENUE DU GENERAL LECLERC,48.8332321,2.3315368,Nuit avec éclairage allumé,En agglomération,Intersection en T,Pluie forte,Autre collision,4,2,4,0,1,1,2,0,1,50,1,2,1,0,1,0,31.0,,deux_roues,,5,2,3,3,6
201900022153,2019-11-15 02:57:00,2019,11,15,2,57,75,75114,AVENUE DENFERT ROCHEREAU,48.8355598,2.3335156,Nuit avec éclairage allumé,En agglomération,Hors intersection,Pluie légère,Autre collision,4,2,4,0,1,1,2,0,1,50,1,1,0,0,0,1,25.0,,deux_roues,,5,2,1,2,6
201900022154,2019-11-15 19:15:00,2019,11,15,19,15,75,75113,RUE DE LA MAISON BLANCHE,48.826167,2.358638,Nuit avec éclairage allumé,En agglomération,Intersection en Y,Pluie légère,Autre collision,4,1,1,0,2,2,2,0,1,30,1,2,1,0,0,1,26.0,,voiture,,5,2,4,2,6
201900022155,2019-11-15 10:35:00,2019,11,15,10,35,75,75112,RUE DE LA BRECHE AUX LOUPS,48.837868,2.394437,Plein jour,En agglomération,Intersection en Y,Pluie légère,Deux véhicules - côté,4,2,2,0,2,1,2,0,1,30,2,2,1,0,0,1,34.0,42.0,voiture,deux_roues,1,2,4,2,3
201900022156,2019-11-15 07:35:00,2019,11,15,7,35,75,75112,AVENUE DAUMESNIL,48.8373639,2.4016354,Crépuscule ou aube,En agglomération,Hors intersection,Pluie forte,Deux véhicules - côté,4,2,2,0,2,1,2,0,1,50,2,2,1,0,0,1,41.0,58.0,deux_roues,utilitaire_camion,2,2,1,3,3
201900022157,2019-11-15 09:55:00,2019,11,15,9,55,75,75111,RUE RICHARD LENOIR,48.85736,2.380857,Plein jour,En agglomération,Intersection en Y,Pluie forte,Autre collision,4,2,2,-1,1,3,2,0,1,30,1,2,1,0,0,1,52.0,,utilitaire_camion,,1,2,4,3,6
201900022158,2019-11-15 09:40:00,2019,11,15,9,40,75,75110,BOULEVARD DE MAGENTA,48.8775125,2.3501998,Plein jour,En agglomération,Hors intersection,Pluie légère,Autre collision,4,2,4,3,1,1,2,0,6,50,1,2,1,0,0,1,24.0,,deux_roues,,1,2,1,2,6
201900022159,2019-11-15 13:05:00,2019,11,15,13,5,75,75107,PLACE VAUBAN,48.85328,2.313014,Plein jour,En agglomération,Place,Pluie légère,Deux véhicules - côté,4,1,2,0,1,1,2,0,1,50,2,2,1,0,0,1,90.0,43.0,voiture,voiture,1,2,7,2,3
201900022160,2019-11-15 15:50:00,2019,11,15,15,50,75,75103,RUE RAMBUTEAU,48.8612142,2.3535006,Plein jour,En agglomération,Intersection en X,Pluie légère,Autre collision,4,2,2,0,1,2,2,0,1,50,1,2,1,0,0,1,38.0,,utilitaire_camion,,1,2,2,2,6
201900022161,2019-11-14 18:45:00,2019,11,14,18,45,94,94068,EST (AV DE L),48.80436,2.50574,Nuit avec éclairage allumé,En agglomération,Hors intersection,Normale,Autre collision,4,2,2,0,1,3,1,0,1,50,1,2,1,0,0,1,58.0,,voiture,,5,2,1,1,6
201900022162,2019-11-14 17:20:00,2019,11,14,17,20,94,94042,GENERAL GALLIENI - PONT DE JOINVILLE (AV,48.82013,2.46733,Nuit avec éclairage allumé,En agglomération,Intersection en X,Temps couvert,Deux véhicules - frontale,4,2,4,3,1,1,1,5,1,50,2,2,1,0,1,0,26.0,45.0,voiture,deux_roues,5,2,2,8,1
201900022163,2019-11-15 15:00:00,2019,11,15,15,0,94,94046,GENERAL LECLERC (AV DU),48.80451,2.4434,Plein jour,En agglomération,Autre intersection,Pluie forte,Autre collision,3,2,4,0,1,1,2,9,1,50,1,2,1,0,0,1,56.0,,voiture,,1,2,9,3,6
201900022164,2019-11-15 22:20:00,2019,11,15,22,20,94,94073,ESPAGNE (RPT D),48.75,2.3745,Nuit avec éclairage allumé,En agglomération,Giratoire,Pluie légère,Deux véhicules - frontale,4,1,1,0,1,2,2,5,1,30,2,2,1,0,0,1,47.0,37.0,voiture,utilitaire_camion,5,2,6,2,1
201900022165,2019-11-15 21:05:00,2019,11,15,21,5,94,94034,PARC MEDICIS (AV DU),48.75344,2.333,Nuit avec éclairage non allumé,En agglomération,Giratoire,Pluie légère,Deux véhicules - arrière,4,1,0,0,1,2,2,5,1,50,2,2,1,0,0,1,20.0,59.0,voiture,deux_roues,4,2,6,2,2
201900022166,2019-11-15 13:00:00,2019,11,15,13,0,94,94073,ALOUETTES (R DES),48.75264,2.37752,Plein jour,En agglomération,Hors intersection,Pluie légère,Autre collision,4,2,2,0,1,1,2,0,1,50,1,2,1,0,0,1,48.0,,utilitaire_camion,,1,2,1,2,6
201900022167,2019-11-15 08:30:00,2019,11,15,8,30,94,94065,CHARLES LINDBERGH (AV),48.74502,2.36026,Plein jour,En agglomération,Intersection en T,Pluie forte,Deux véhicules - côté,3,2,4,0,1,1,2,0,1,50,2,2,1,0,0,1,52.0,27.0,voiture,voiture,1,2,3,3,3
201900022168,2019-11-14 13:30:00,2019,11,14,13,30,94,94022,JEAN JAURES (R),48.76518,2.40793,Plein jour,En agglomération,Hors intersection,Temps couvert,Sans collision,3,2,3,3,1,1,1,0,6,30,1,4,1,0,0,3,38.0,,transport_commun,,1,2,1,8,7
201900022169,2019-11-10 19:15:00,2019,11,10,19,15,94,94059,SAINT PIERRE (AV),48.81059,2.58102,Crépuscule ou aube,En agglomération,Intersection en X,Normale,Deux véhicules - frontale,4,2,2,0,1,1,1,0,1,50,2,3,2,0,0,1,29.0,23.0,voiture,voiture,2,2,2,1,1
201900022170,2019-11-15 19:50:00,2019,11,15,19,50,94,94071,GABRIEL PERI (AV),48.7618,2.532,Nuit avec éclairage allumé,En agglomération,Intersection en X,Temps couvert,Deux véhicules - côté,4,2,2,0,1,1,2,0,1,30,2,3,1,0,0,2,35.0,52.0,transport_commun,voiture,5,2,2,8,3
201900022171,2019-11-15 19:00:00,2019,11,15,19,0,94,94004,FONTAINE (R DE LA),48.749394,2.508433,Nuit avec éclairage allumé,En agglomération,Intersection en X,Pluie légère,Deux véhicules - frontale,2,2,2,0,2,1,2,0,1,50,2,2,1,0,0,1,30.0,39.0,deux_roues,voiture,5,2,2,2,1
201900022172,2019-11-14 19:40:00,2019,11,14,19,40,93,93073,BELLE BORNE (RUE),48.98926,2.52168,Nuit avec éclairage allumé,En agglomération,Hors intersection,Normale,Deux véhicules - arrière,6,1,1,0,2,1,1,1,1,30,2,3,2,0,0,1,29.0,42.0,voiture,utilitaire_camion,5,2,1,1,2
201900022173,2019-11-15 16:15:00,2019,11,15,16,15,93,93072,PAUL VAILLANT COUTURIER (AVENUE) COTE N°,48.95545,2.38286,Plein jour,En agglomération,Hors intersection,Pluie forte,Autre collision,4,1,0,0,1,1,2,0,6,30,1,2,1,0,0,1,29.0,,voiture,,1,2,1,3,6
201900022174,2019-11-08 00:55:00,2019,11,8,0,55,93,93066,LIBERATION RD14 (BOULEVARD),48.9339842,2.3598576,Nuit avec éclairage allumé,En agglomération,Intersection en Y,Pluie légère,Autre collision,3,4,5,0,1,2,2,0,1,50,1,1,0,0,1,0,54.0,,deux_roues,,5,2,4,2,6
201900022175,2019-11-15 17:00:00,2019,11,15,17,0,93,93062,MONTFERMEIL (ALLEE DE) 1 - 95,48.89671,2.53013,Nuit avec éclairage allumé,En agglomération,Autre intersection,Pluie légère,Autre collision,4,-1,1,0,1,1,2,6,1,50,1,2,1,0,0,1,56.0,,utilitaire_camion,,5,2,9,2,6
201900022176,2019-11-15 16:30:00,2019,11,15,16,30,93,93055,MEHUL (1/37. 2/24),48.88914,2.41649,Plein jour,En agglomération,Hors intersection,Neige / grêle,Autre collision,4,2,2,0,1,1,2,9,2,30,1,2,1,0,0,1,20.0,,voiture,,1,2,1,4,6
201900022177,2019-11-15 01:00:00,2019,11,15,1,0,93,93053,PARIS (RUE DE),48.90367,2.4701,Nuit avec éclairage allumé,En agglomération,Hors intersection,Pluie légère,Deux véhicules - côté,3,3,3,0,1,1,2,0,1,50,2,1,0,0,0,1,60.0,,deux_roues,,5,2,1,2,3
201900022178,2019-11-15 17:00:00,2019,11,15,17,0,93,93048,SAINT DENIS (RUE),48.87439,2.45231,Nuit avec éclairage allumé,En agglomération,Intersection en X,Neige / grêle,Deux véhicules - côté,4,2,4,0,1,1,2,0,1,50,2,4,0,0,0,4,37.0,24.0,voiture,voiture,5,2,2,4,3
201900022179,2019-11-15 07:30:00,2019,11,15,7,30,93,93048,FERDINAND (AVENUE),48.872964,2.435214,Nuit avec éclairage allumé,En agglomération,Intersection en X,Pluie forte,Autre collision,4,2,2,0,3,1,2,0,1,30,1,2,1,0,0,1,43.0,,voiture,,5,2,2,3,6
201900022180,2019-11-15 14:00:00,2019,11,15,14,0,93,93079,SAINT LEU (ROUTE),48.950554,2.340255,Plein jour,En agglomération,Hors intersection,Pluie forte,Deux véhicules - frontale,3,2,2,0,1,1,2,0,1,50,2,2,1,0,0,1,27.0,29.0,deux_roues,utilitaire_camion,1,2,1,3,1
201900022181,2019-11-14 11:15:00,2019,11,14,11,15,93,93031,DE LATTRE DE TASSIGNY (1 A 51),48.95286,2.31569,Plein jour,En agglomération,Intersection en X,Normale,Deux véhicules - côté,3,1,2,0,1,1,1,0,1,50,2,2,1,0,0,1,39.0,57.0,voiture,voiture,1,2,2,1,3
201900022182,2019-11-15 15:20:00,2019,11,15,15,20,93,93029,HENRI BARBUSSE (AVE) N°2-124,48.91734,2.44642,Plein jour,En agglomération,Intersection en T,Pluie forte,Autre collision,3,2,2,0,1,3,2,0,1,50,1,2,1,0,0,1,17.0,,deux_roues,,1,2,3,3,6
201900022183,2019-11-15 10:05:00,2019,11,15,10,5,93,93047,EUROPE (BOULEVARD DE L'),48.89515,2.5695,Plein jour,En agglomération,Hors intersection,Pluie forte,Autre collision,4,2,0,1,4,4,2,0,1,30,1,1,0,0,1,0,77.0,,voiture,,1,2,1,3,6
201900022184,2019-11-15 18:45:00,2019,11,15,18,45,93,93007,"""PAUL VAILLANT COUTURIER (AVENUE """"DU 01",48.927,2.474,Nuit avec éclairage allumé,En agglomération,Autre intersection,Pluie forte,Autre collision,3,2,10,0,1,1,2,0,1,50,1,2,1,0,0,1,49.0,,voiture,,5,2,9,3,6
201900022185,2019-11-15 15:20:00,2019,11,15,15,20,93,93007,YVAN PAVLOV (RUE),48.941159,2.4770627,Plein jour,En agglomération,Intersection en X,Pluie forte,Deux véhicules - frontale,4,2,1,0,1,1,2,0,1,50,2,4,2,0,0,2,34.0,33.0,voiture,voiture,1,2,2,3,1
201900022186,2019-11-15 10:30:00,2019,11,15,10,30,93,93005,LOUISE MICHEL (RUE),48.93173,2.50146,Plein jour,En agglomération,Giratoire,Pluie légère,Deux véhicules - côté,4,4,1,0,1,2,2,5,1,50,2,2,1,0,0,1,47.0,27.0,deux_roues,voiture,1,2,6,2,3
201900022187,2019-11-15 17:47:00,2019,11,15,17,47,93,93001,JEAN JAURES (AVE)  215 =>,48.9165,2.40572,Nuit avec éclairage allumé,En agglomération,Hors intersection,Pluie légère,Deux véhicules - côté,3,3,4,0,1,1,2,0,1,50,2,2,1,0,0,1,38.0,45.0,deux_roues,utilitaire_camion,5,2,1,2,3
201900022188,2019-11-15 13:05:00,2019,11,15,13,5,92,92076,BOULEVARD DE LA REPUBLIQUE,48.8374854,2.1543656,Plein jour,En agglomération,Hors intersection,Pluie légère,Deux véhicules - côté,3,2,2,0,1,1,2,9,1,50,2,2,1,0,0,1,18.0,39.0,deux_roues,voiture,1,2,1,2,3
201900022189,2019-11-15 10:40:00,2019,11,15,10,40,92,92062,DE DION BOUTON (QUAI) DU 29 AU 65,48.88313,2.248367,Plein jour,En agglomération,Hors intersection,Pluie forte,Trois véhicules et plus - en chaîne,3,1,2,0,1,1,2,0,1,50,3,3,2,0,0,1,29.0,29.0,voiture,voiture,1,2,1,3,4
201900022190,2019-11-14 14:28:00,2019,11,14,14,28,92,92051,"CHARLES DE GAULLE (AVENUE,N°118 A 192 +",48.88251,2.2669,Plein jour,En agglomération,Hors intersection,Temps couvert,Deux véhicules - côté,2,1,5,0,1,1,1,0,1,50,2,2,1,1,0,0,49.0,30.0,deux_roues,utilitaire_camion,1,2,1,8,3
201900022191,2019-11-13 10:30:00,2019,11,13,10,30,92,92050,HAVRE BOULEVARD DU,48.918111,2.223744,Plein jour,En agglomération,Hors intersection,Normale,Deux véhicules - côté,3,1,3,0,2,1,1,0,1,50,2,2,1,0,0,1,51.0,49.0,voiture,deux_roues,1,2,1,1,3
201900022192,2019-11-15 08:05:00,2019,11,15,8,5,92,92048,MARECHAL JUIN (AVENUE DU),48.788243,2.211715,Crépuscule ou aube,En agglomération,Hors intersection,Pluie forte,Autre collision,4,2,2,0,1,1,2,6,1,30,1,2,1,0,1,0,41.0,,voiture,,2,2,1,3,6
201900022193,2019-11-14 15:50:00,2019,11,14,15,50,92,92035,Château ( rue du ),48.9048,2.24919,Plein jour,En agglomération,Intersection en X,Normale,Deux véhicules - côté,4,1,1,0,1,1,1,0,1,50,2,2,1,0,0,1,67.0,62.0,utilitaire_camion,deux_roues,1,2,2,1,3
201900022194,2019-11-15 17:03:00,2019,11,15,17,3,92,92026,LOUIS ULBACH (DE 01 A 15),48.90154,2.26421,Nuit sans éclairage public,En agglomération,Intersection en X,Pluie forte,Autre collision,4,2,2,0,1,1,2,0,1,50,1,1,0,0,0,1,,,,,3,2,2,3,6
201900022195,2019-11-15 22:30:00,2019,11,15,22,30,34,34069,25 Avenue Anatole France,43.389111,3.099161,Nuit avec éclairage allumé,En agglomération,Hors intersection,Normale,Autre collision,4,2,2,0,2,1,1,0,3,50,1,1,0,0,1,0,20.0,,voiture,,5,2,1,1,6
201900022196,2019-11-15 18:00:00,2019,11,15,18,0,86,86140,32 Avenue du Docteur Dupont,46.403401,0.720003,Nuit avec éclairage allumé,En agglomération,Autre intersection,Pluie légère,Autre collision,2,3,1,0,1,1,2,0,1,50,1,2,1,0,1,0,41.0,,voiture,,5,2,9,2,6
201900022197,2019-11-16 20:00:00,2019,11,16,20,0,33,33087,D670,44.639694,-0.062002,Nuit sans éclairage public,Hors agglomération,Hors intersection,Normale,Deux véhicules - côté,3,2,2,0,1,1,2,0,1,80,2,2,1,0,1,0,17.0,19.0,deux_roues,voiture,3,1,1,1,3
201900022198,2019-11-16 22:10:00,2019,11,16,22,10,974,97405,Chemin Denis Leveneur,-21.329951,55.572667,Nuit sans éclairage public,Hors agglomération,Hors intersection,Normale,Sans collision,4,2,2,0,2,2,1,0,3,80,1,1,0,0,1,0,19.0,,voiture,,3,1,1,1,7
201900022199,2019-11-13 18:00:00,2019,11,13,18,0,67,67437,15 Rue de la Côte,48.744758,7.356679,Nuit avec éclairage allumé,En agglomération,Hors intersection,Normale,Autre collision,9,2,2,0,2,1,1,0,1,40,2,2,1,0,0,1,28.0,55.0,voiture,deux_roues,5,2,1,1,6
201900022200,2019-11-10 13:55:00,2019,11,10,13,55,71,71004,D673,46.810226,4.951456,Plein jour,Hors agglomération,Hors intersection,Normale,Autre collision,3,2,2,0,1,1,1,0,8,80,2,3,2,0,1,0,18.0,19.0,voiture,voiture,1,1,1,1,6
201900022201,2019-11-15 07:45:00,2019,11,15,7,45,65,65004,Chemin les Arrailles,43.046729,-0.05889,Plein jour,Hors agglomération,Hors intersection,Normale,Autre collision,3,3,4,0,1,1,1,0,1,110,1,1,0,0,0,1,42.0,,voiture,,1,1,1,1,6
201900022202,2019-11-16 01:30:00,2019,11,16,1,30,11,11269,D5,43.312136,2.948023,Nuit sans éclairage public,Hors agglomération,Hors intersection,Temps couvert,Sans collision,3,2,2,0,1,1,2,0,3,80,1,3,0,0,1,2,22.0,,utilitaire_camion,,3,1,1,8,7
201900022203,2019-12-25 19:20:00,2019,12,25,19,20,38,38034,Route de Jarcieu,45.32999,5.02956,Nuit sans éclairage public,Hors agglomération,Hors intersection,Normale,Autre collision,3,2,2,0,1,1,1,0,1,80,1,2,1,1,0,0,47.0,,voiture,,3,1,1,1,6
201900022204,2019-12-26 07:00:00,2019,12,26,7,0,15,15120,Route de Pleaux,45.212316,2.332723,Nuit sans éclairage public,Hors agglomération,Hors intersection,Normale,Autre collision,3,2,2,0,2,1,9,0,1,50,1,1,0,0,1,0,23.0,,voiture,,3,1,1,1,6