accident_id,datetime,annee,mois,jour,heure,minute,departement,commune_insee,adresse,latitude,longitude,luminosite,agglomeration,intersection,meteo,collision,catr,circ,nbv,vosp,prof,plan,surf,infra,situ,vma,nb_vehicules,nb_usagers,nb_indemnes,nb_tues,nb_blesses_hosp,nb_blesses_legers,age_cond_1,age_cond_2,veh_type_cond_1,veh_type_cond_2,lum_code,agg_code,int_code,atm_code,col_code
201900022205,2019-12-23 18:30:00,2019,12,23,18,30,6,06042,Route de la Tinée,44.005203,7.137026,Nuit sans éclairage public,Hors agglomération,Hors intersection,Normale,Trois véhicules et plus - collisions multiples,7,3,2,0,1,1,1,0,1,80,3,5,1,0,3,1,56.0,45.0,voiture,voiture,3,1,1,1,5
201900022206,2019-12-26 08:40:00,2019,12,26,8,40,50,50236,D142,49.275979,-1.523043,Plein jour,Hors agglomération,Intersection en X,Normale,Deux véhicules - côté,3,2,2,0,1,1,1,0,1,80,2,2,0,0,1,1,23.0,53.0,deux_roues,utilitaire_camion,1,1,2,1,3
201900022207,2019-12-25 19:00:00,2019,12,25,19,0,16,16134,Ld Lafachie,45.871956,0.666434,Nuit sans éclairage public,Hors agglomération,Hors intersection,Normale,Autre collision,2,2,2,0,2,1,1,0,1,80,1,2,1,0,1,0,67.0,,voiture,,3,1,1,1,6
201900022208,2019-12-24 17:45:00,2019,12,24,17,45,21,21060,route de savolles,47.361874,5.268548,Nuit avec éclairage allumé,En agglomération,Intersection en Y,Pluie légère,Deux véhicules - frontale,3,2,2,0,2,1,2,5,1,50,2,3,2,0,1,0,36.0,23.0,voiture,voiture,5,2,4,2,1
201900022209,2019-12-25 11:30:00,2019,12,25,11,30,4,04227,RD 14,43.964569,5.6438,Plein jour,Hors agglomération,Hors intersection,Normale,Autre collision,3,2,2,0,2,3,9,0,1,80,1,1,0,0,0,1,42.0,,deux_roues,,1,1,1,1,6
201900022210,2019-12-25 15:15:00,2019,12,25,15,15,28,28393,Rue du Vieux Moulin,48.564503,1.317456,Plein jour,En agglomération,Hors intersection,Normale,Autre collision,4,2,2,0,1,1,1,9,4,50,1,1,0,0,1,0,19.0,,voiture,,1,2,1,1,6
201900022211,2019-12-24 17:55:00,2019,12,24,17,55,30,30033,Route de Aubord,43.729913,4.321017,Nuit sans éclairage public,Hors agglomération,Hors intersection,Normale,Sans collision,4,2,2,0,1,1,1,0,3,80,1,1,0,0,1,0,17.0,,deux_roues,,3,1,1,1,7
201900022212,2019-12-19 15:30:00,2019,12,19,15,30,30,30285,Avenue Mistral,44.030458,4.233502,Plein jour,En agglomération,Intersection en T,Pluie légère,Deux véhicules - côté,3,2,2,0,2,1,2,0,1,50,2,2,1,1,0,0,26.0,72.0,utilitaire_camion,deux_roues,1,2,3,2,3
201900022213,2019-12-25 17:48:00,2019,12,25,17,48,24,24374,Saint-Aubin-de-Lanquais,44.7932,0.59706,Nuit avec éclairage allumé,En agglomération,Intersection en X,Normale,Deux véhicules - côté,3,2,2,0,1,1,1,5,1,50,2,4,3,0,1,0,56.0,75.0,voiture,voiture,5,2,2,1,3
201900022214,2019-12-25 22:30:00,2019,12,25,22,30,10,10092,A5,48.17659,4.300444,Nuit sans éclairage public,Hors agglomération,Hors intersection,Normale,Autre collision,1,3,4,0,2,1,1,0,1,130,1,1,0,0,0,1,40.0,,utilitaire_camion,,3,1,1,1,6
201900022215,2019-12-24 21:15:00,2019,12,24,21,15,1,01274,A40,46.161211,5.652938,Nuit sans éclairage public,Hors agglomération,Hors intersection,Brouillard / fumée,Autre collision,1,-1,2,0,2,2,2,2,1,110,1,1,0,0,0,1,30.0,,voiture,,3,1,1,5,6
201900022216,2019-12-26 06:30:00,2019,12,26,6,30,74,74143,N205,45.891685,6.791501,Nuit sans éclairage public,Hors agglomération,Hors intersection,Normale,Autre collision,2,3,4,0,1,3,7,0,1,90,1,1,0,0,0,1,19.0,,voiture,,3,1,1,1,6
201900022217,2019-12-25 16:40:00,2019,12,25,16,40,38,38485,103 Avenue de la République,45.177165,5.696963,Crépuscule ou aube,En agglomération,Intersection en X,Normale,Deux véhicules - côté,4,2,2,2,1,1,1,0,1,30,2,6,1,0,1,4,21.0,27.0,voiture,voiture,2,2,2,1,3
201900022218,2019-12-26 06:15:00,2019,12,26,6,15,60,60142,D924a,49.1389512,2.5298115,Nuit sans éclairage public,Hors agglomération,Hors intersection,Autre,Deux véhicules - frontale,3,2,2,0,2,1,2,0,1,80,2,3,2,0,0,1,20.0,29.0,voiture,voiture,3,1,1,9,1
201900022219,2019-12-24 16:18:00,2019,12,24,16,18,987,98722,RT 2 PK 38.500,-17.591429,-149.382126,Plein jour,En agglomération,Hors intersection,Normale,Deux véhicules - côté,2,2,2,0,1,1,1,0,1,60,2,2,1,0,1,0,62.0,18.0,voiture,deux_roues,1,2,1,1,3
201900022220,2019-12-26 02:30:00,2019,12,26,2,30,974,97415,D10,-21.043181,55.245812,Nuit sans éclairage public,Hors agglomération,Hors intersection,Normale,Sans collision,3,2,2,0,2,3,1,0,3,80,1,1,0,1,0,0,34.0,,deux_roues,,3,1,1,1,7
201900022221,2019-12-25 16:30:00,2019,12,25,16,30,973,97308,crique onozo,3.897533,-51.797105,Plein jour,En agglomération,Hors intersection,Normale,Autre collision,4,-1,1,0,1,1,9,0,8,5,1,1,0,0,0,1,,,,,1,2,1,1,6
201900022222,2019-12-25 20:35:00,2019,12,25,20,35,971,97117,Route de Bellevue,16.326872,-61.366199,Nuit avec éclairage allumé,En agglomération,Intersection en X,Normale,Deux véhicules - côté,3,2,2,0,1,1,1,0,1,50,2,5,2,0,0,3,63.0,29.0,voiture,voiture,5,2,2,1,3
201900022223,2019-12-24 13:25:00,2019,12,24,13,25,13,13087,1 Rue Michel Garnier Architecte,43.470164,5.614841,Plein jour,En agglomération,Intersection en T,Normale,Deux véhicules - côté,3,-1,2,2,1,1,1,0,1,50,2,2,1,0,0,1,43.0,59.0,transport_commun,deux_roues,1,2,3,1,3
201900022224,2019-12-26 13:00:00,2019,12,26,13,0,37,37072,D751,47.186596,0.2208,Plein jour,Hors agglomération,Intersection en X,Normale,Deux véhicules - côté,2,2,2,0,2,3,1,5,1,80,2,3,0,1,0,2,73.0,66.0,voiture,voiture,1,1,2,1,3
201900022225,2019-12-26 18:55:00,2019,12,26,18,55,77,77184,D22-Route d'Episy,48.311155,2.922245,Nuit avec éclairage allumé,En agglomération,Hors intersection,Normale,Autre collision,3,2,2,0,1,1,1,0,4,50,1,2,0,0,0,2,19.0,,deux_roues,,5,2,1,1,6
201900022226,2019-12-23 17:25:00,2019,12,23,17,25,95,95675,Rue de l'Ormet,49.058915,2.540989,Nuit avec éclairage allumé,En agglomération,Hors intersection,Normale,Autre collision,3,2,2,0,1,3,1,0,1,50,1,2,1,0,1,0,26.0,,voiture,,5,2,1,1,6
201900022227,2019-12-25 21:15:00,2019,12,25,21,15,5,05119,D186,44.6355995,6.6280876,Nuit sans éclairage public,Hors agglomération,Hors intersection,Normale,Sans collision,3,-1,2,0,2,1,1,0,3,80,1,2,1,0,0,1,18.0,,voiture,,3,1,1,1,7
201900022228,2019-12-23 18:20:00,2019,12,23,18,20,21,21371,D31,47.127911,5.361224,Nuit sans éclairage public,Hors agglomération,Hors intersection,Normale,Autre collision,3,2,2,0,1,1,1,2,1,80,1,1,0,0,0,1,31.0,,voiture,,3,1,1,1,6
201900022229,2019-12-24 13:30:00,2019,12,24,13,30,68,68309,Rue du Capitaine DREYFUS,47.664984,7.441947,Plein jour,En agglomération,Intersection en T,Pluie légère,Deux véhicules - côté,4,2,2,0,1,1,2,0,1,50,2,2,1,0,0,1,28.0,68.0,voiture,voiture,1,2,3,2,3
201900022230,2019-12-26 11:10:00,2019,12,26,11,10,3,03229,,46.6708654,3.3514076,Plein jour,Hors agglomération,Intersection en X,Normale,Deux véhicules - côté,3,2,2,0,1,1,1,0,1,80,2,4,0,0,3,1,17.0,29.0,voiture,voiture,1,1,2,1,3
201900022231,2019-12-26 14:35:00,2019,12,26,14,35,74,74212,D12,45.980846,6.38745,Plein jour,Hors agglomération,Intersection en T,Pluie légère,Deux véhicules - côté,3,2,2,0,1,1,2,0,1,80,2,4,2,0,1,1,19.0,38.0,voiture,deux_roues,1,1,3,2,3
201900022232,2019-12-24 18:40:00,2019,12,24,18,40,69,69243,N7,45.89054,4.447468,Nuit avec éclairage allumé,En agglomération,Autre intersection,Normale,Deux véhicules - côté,2,2,2,0,1,1,1,0,1,50,2,2,1,0,0,1,53.0,77.0,deux_roues,voiture,5,2,9,1,3
201900022233,2019-12-24 16:20:00,2019,12,24,16,20,33,33433,14 Chemin de la Cavernière,44.922026,-0.445827,Plein jour,Hors agglomération,Intersection en T,Normale,Deux véhicules - frontale,4,2,2,0,2,3,1,0,1,50,2,3,0,0,0,3,30.0,25.0,voiture,voiture,1,1,3,1,1
201900022234,2019-12-25 17:00:00,2019,12,25,17,0,33,33449,Ex RD211 - Avenue de Martignas,44.856751,-0.74162,Plein jour,Hors agglomération,Hors intersection,Temps éblouissant,Deux véhicules - arrière,4,2,2,0,1,1,1,0,1,80,2,2,1,0,1,0,52.0,89.0,deux_roues,voiture,1,1,1,7,2
201900022235,2019-12-25 00:30:00,2019,12,25,0,30,33,33273,Ex RD213 / Ex RD 211E2,44.83206,-0.767865,Nuit sans éclairage public,Hors agglomération,Giratoire,Brouillard / fumée,Autre collision,4,2,2,0,1,1,1,5,8,80,1,2,0,0,1,1,77.0,,voiture,,3,1,6,5,6
201900022236,2019-12-26 12:30:00,2019,12,26,12,30,49,49193,62 Rue Georges Clémenceau,47.135573,-0.888695,Plein jour,En agglomération,Hors intersection,Normale,Deux véhicules - frontale,4,2,2,0,1,1,1,0,1,50,2,2,1,1,0,0,28.0,35.0,deux_roues,voiture,1,2,1,1,1
201900022237,2019-12-26 08:15:00,2019,12,26,8,15,35,35333,D47,47.89324,-1.41159,Nuit sans éclairage public,Hors agglomération,Intersection en X,Normale,Deux véhicules - frontale,3,2,2,0,1,1,9,0,1,80,2,2,0,2,0,0,35.0,30.0,utilitaire_camion,utilitaire_camion,3,1,2,1,1
201900022238,2019-12-26 11:30:00,2019,12,26,11,30,59,59411,Rue du Moulin,50.480546,3.098166,Plein jour,En agglomération,Hors intersection,Normale,Trois véhicules et plus - collisions multiples,3,2,2,0,1,1,1,0,1,30,3,3,1,0,1,1,27.0,52.0,voiture,deux_roues,1,2,1,1,5
201900022239,2019-12-20 17:35:00,2019,12,20,17,35,13,13071,A7-Sens Marseille vers Lyon,43.4037,5.31075,Nuit sans éclairage public,Hors agglomération,Hors intersection,Normale,Trois véhicules et plus - en chaîne,1,-1,3,0,1,1,2,0,1,110,3,2,1,0,0,1,69.0,69.0,voiture,voiture,3,1,1,1,4
201900022240,2019-12-25 10:15:00,2019,12,25,10,15,33,33039,A631,44.80245,-0.53237,Plein jour,Hors agglomération,Hors intersection,Normale,Autre collision,1,1,2,0,1,2,2,3,1,50,1,1,0,0,0,1,23.0,,voiture,,1,1,1,1,6
201900022241,2019-12-24 19:30:00,2019,12,24,19,30,94,94076,AUTOROUTE A6B,48.79744,2.34411,Nuit sans éclairage public,Hors agglomération,Hors intersection,Normale,Trois véhicules et plus - collisions multiples,1,3,12,0,1,1,1,0,1,110,3,3,2,0,0,1,64.0,23.0,voiture,deux_roues,3,1,1,1,5
201900022242,2019-12-24 17:40:00,2019,12,24,17,40,91,91689,AUTOROUTE A6,48.7484,2.32692,Nuit sans éclairage public,Hors agglomération,Hors intersection,Normale,Deux véhicules - arrière,1,3,12,0,1,1,1,0,1,110,2,3,2,0,0,1,76.0,34.0,deux_roues,deux_roues,3,1,1,1,2
201900022243,2019-12-24 23:40:00,2019,12,24,23,40,78,78466,A13,48.92579,1.99593,Nuit sans éclairage public,Hors agglomération,Hors intersection,Pluie légère,Deux véhicules - arrière,1,1,3,0,1,1,2,3,1,130,2,2,0,0,0,2,22.0,48.0,utilitaire_camion,voiture,3,1,1,2,2
201900022244,2019-12-24 15:50:00,2019,12,24,15,50,92,92036,A86,48.9345926,2.2684515,Plein jour,Hors agglomération,Hors intersection,Normale,Autre collision,1,1,2,0,1,1,1,0,1,90,2,2,1,0,1,0,21.0,50.0,deux_roues,voiture,1,1,1,1,6
201900022245,2019-12-18 18:00:00,2019,12,18,18,0,974,97411,BRASSENS (AVENUE GEORGES),-20.902928,55.488043,Plein jour,En agglomération,Intersection en X,Normale,Deux véhicules - côté,4,2,2,0,2,1,1,0,1,50,2,2,1,0,0,1,42.0,26.0,voiture,deux_roues,1,2,2,1,3
201900022246,2019-12-24 17:20:00,2019,12,24,17,20,974,97407,RUE BORIS VIAN,-20.93824,55.31143,Plein jour,En agglomération,Hors intersection,Normale,Autre collision,4,2,2,0,4,1,1,0,1,50,1,1,0,0,0,1,42.0,,deux_roues,,1,2,1,1,6
201900022247,2019-12-23 13:20:00,2019,12,23,13,20,973,97302,MANDELA  (BOULEVARD),4.9400169,-52.326636,Plein jour,En agglomération,Intersection en X,Normale,Trois véhicules et plus - collisions multiples,4,2,2,0,1,1,1,0,1,50,4,4,2,0,0,2,69.0,59.0,voiture,voiture,1,2,2,1,5
201900022248,2019-12-23 12:35:00,2019,12,23,12,35,69,69034,GENERAL LECLERC                     (AV),45.80183,4.85627,Plein jour,En agglomération,Hors intersection,Pluie légère,Deux véhicules - côté,3,2,4,0,1,1,2,0,1,50,2,3,2,0,0,1,57.0,35.0,transport_commun,voiture,1,2,1,2,3
201900022249,2019-12-17 18:30:00,2019,12,17,18,30,69,69384,JOSEPH GILLET                       (QU),45.78005,4.81166,Nuit avec éclairage allumé,En agglomération,Hors intersection,Normale,Deux véhicules - côté,4,2,3,0,1,1,1,0,1,50,2,2,1,0,0,1,35.0,71.0,deux_roues,voiture,5,2,1,1,3
201900022250,2019-12-16 07:00:00,2019,12,16,7,0,69,69389,25EME REGIMENT DE TIRAILLEURS SENEGA(AV),45.791,4.80186,Nuit avec éclairage allumé,En agglomération,Hors intersection,Vent fort / tempête,Autre collision,4,1,2,0,2,3,2,0,1,50,1,1,0,0,0,1,49.0,,voiture,,5,2,1,6,6
201900022251,2019-12-16 07:50:00,2019,12,16,7,50,69,69142,GENERAL DE GAULLE                   (AV),45.72579,4.81168,Plein jour,En agglomération,Hors intersection,Normale,Deux véhicules - frontale,4,2,2,0,2,1,1,0,1,50,2,2,1,0,0,1,37.0,34.0,voiture,deux_roues,1,2,1,1,1
201900022252,2019-12-02 15:00:00,2019,12,2,15,0,69,69389,LAURE DIEBOLD                       (R ),45.77739,4.80283,Plein jour,En agglomération,Hors intersection,Normale,Deux véhicules - arrière,4,1,1,1,1,1,1,0,1,50,2,2,1,0,0,1,60.0,30.0,voiture,voiture,1,2,1,1,2
201900022253,2019-11-28 01:20:00,2019,11,28,1,20,69,69034,MARGNOLLES (R),45.78202,4.83334,Nuit avec éclairage allumé,En agglomération,Hors intersection,Pluie légère,Autre collision,4,2,2,0,1,1,2,0,1,50,1,1,0,0,0,1,32.0,,voiture,,5,2,1,2,6
201900022254,2019-12-24 19:34:00,2019,12,24,19,34,95,95018,IRIS (RUE DES),48.943615,2.213508,Nuit sans éclairage public,En agglomération,Hors intersection,Normale,Autre collision,4,2,-1,-1,1,1,1,0,1,-1,1,2,1,0,0,1,31.0,,voiture,,3,2,1,1,6
201900022255,2019-12-17 10:00:00,2019,12,17,10,0,95,95018,BOURCERON (BOULEVARD DE),48.951689,2.25277,Plein jour,En agglomération,Hors intersection,Normale,Autre collision,4,1,1,0,1,1,1,0,1,50,1,2,1,1,0,0,58.0,,voiture,,1,2,1,1,6
201900022256,2019-11-28 08:00:00,2019,11,28,8,0,95,95063,RUE SALVADOR ALLENDE,48.916391,2.20956,Crépuscule ou aube,En agglomération,Hors intersection,Normale,Deux véhicules - côté,4,2,2,0,1,1,2,0,1,50,2,2,1,0,1,0,41.0,21.0,utilitaire_camion,deux_roues,2,2,1,1,3
201900022257,2019-12-23 03:25:00,2019,12,23,3,25,91,91223,R.N.20,48.42713,2.15142,Nuit sans éclairage public,Hors agglomération,Hors intersection,Normale,Autre collision,2,2,4,0,1,1,1,0,1,90,1,5,3,1,0,1,15.0,,voiture,,3,1,1,1,6
201900022258,2019-12-22 13:45:00,2019,12,22,13,45,91,91433,CD 837,48.42789,2.21672,Plein jour,Hors agglomération,Hors intersection,Vent fort / tempête,Deux véhicules - frontale,3,2,2,0,1,1,1,0,1,90,2,2,1,0,0,1,16.0,53.0,deux_roues,voiture,1,1,1,6,1
201900022259,2019-12-24 07:03:00,2019,12,24,7,3,87,87085,AUTOROUTE A20,45.88491,1.291719,Nuit sans éclairage public,Hors agglomération,Hors intersection,Pluie légère,Autre collision,1,3,5,0,1,1,2,0,1,110,2,7,5,0,0,2,37.0,40.0,voiture,voiture,3,1,1,2,6
201900022260,2019-12-23 14:58:00,2019,12,23,14,58,87,87085,PERRIN (RUE FRANCOIS),45.82512,1.228,Plein jour,En agglomération,Hors intersection,Normale,Autre collision,6,2,1,0,1,1,1,0,1,30,1,2,1,0,0,1,67.0,,voiture,,1,2,1,1,6
201900022261,2019-12-21 21:38:00,2019,12,21,21,38,87,87085,GAY-LUSSAC (COURS),45.83551,1.26188,Nuit avec éclairage allumé,En agglomération,Intersection en T,Pluie légère,Deux véhicules - côté,4,3,2,0,1,1,2,5,1,50,2,2,1,0,0,1,39.0,,voiture,,5,2,3,2,3
201900022262,2019-12-22 04:38:00,2019,12,22,4,38,82,82121,ABBAYE (419 RUE DE L'),44.01086,1.354856,Nuit avec éclairage allumé,En agglomération,Hors intersection,Normale,Deux véhicules - frontale,3,-1,2,0,1,1,1,0,1,50,2,5,0,1,0,4,52.0,22.0,voiture,voiture,5,2,1,1,1
201900022263,2019-12-24 11:45:00,2019,12,24,11,45,79,79329,Rue des Pressoirs,46.971903,-0.1852,Plein jour,Hors agglomération,Intersection en Y,Normale,Deux véhicules - frontale,4,2,2,0,1,2,1,0,1,50,2,2,1,0,0,1,68.0,35.0,voiture,deux_roues,1,1,4,1,1
201900022264,2019-12-24 08:50:00,2019,12,24,8,50,78,78646,MATELOTS (ALLEE DES),48.80326,2.10534,Crépuscule ou aube,Hors agglomération,Intersection en T,Normale,Deux véhicules - arrière,3,2,-1,0,1,1,2,5,1,70,2,2,1,0,0,1,41.0,30.0,utilitaire_camion,deux_roues,2,1,3,1,2
201900022265,2019-12-23 18:40:00,2019,12,23,18,40,76,76705,PICARD. AVENUE GUSTAVE,49.3309792,1.0976101,Nuit avec éclairage allumé,En agglomération,Hors intersection,Normale,Sans collision,4,2,2,0,1,1,1,0,1,50,1,2,1,0,1,0,52.0,,voiture,,5,2,1,1,7
201900022266,2019-12-24 20:00:00,2019,12,24,20,0,73,73065,D991,45.592607,5.918963,Nuit avec éclairage allumé,En agglomération,Hors intersection,Pluie forte,Autre collision,3,3,2,0,1,1,2,9,1,30,1,2,1,0,1,0,22.0,,utilitaire_camion,,5,2,1,3,6
201900022267,2019-12-21 12:30:00,2019,12,21,12,30,73,73065,D14  LABIAZ (ROUTE DE),45.5715137,5.8909268,Plein jour,En agglomération,Hors intersection,Pluie légère,Deux véhicules - arrière,3,2,2,2,1,1,2,0,1,50,2,3,1,0,0,2,51.0,39.0,voiture,voiture,1,2,1,2,2
201900022268,2019-12-17 08:30:00,2019,12,17,8,30,71,71540,R.N. 80,46.768219,4.451823,Plein jour,Hors agglomération,Intersection en X,Normale,Deux véhicules - côté,3,2,1,0,3,2,1,5,1,80,2,2,1,0,0,1,36.0,23.0,voiture,voiture,1,1,2,1,3
201900022269,2019-12-24 11:00:00,2019,12,24,11,0,71,71076,NIEPCE (AVENUE NICEPHORE),46.779,4.85001,Plein jour,En agglomération,Hors intersection,Pluie légère,Deux véhicules - arrière,4,2,3,0,1,1,1,0,1,50,2,3,2,0,1,0,38.0,59.0,voiture,voiture,1,2,1,2,2
201900022270,2019-12-24 09:30:00,2019,12,24,9,30,68,68224,COLMAR (AVENUE DE),47.750761,7.338491,Plein jour,En agglomération,Hors intersection,Normale,Autre collision,4,2,-1,-1,1,1,1,0,1,-1,1,2,1,0,0,1,48.0,,deux_roues,,1,2,1,1,6
201900022271,2019-12-23 18:46:00,2019,12,23,18,46,67,67482,SAINT JOSEPH (PLACE),48.57999,7.71222,Nuit avec éclairage allumé,En agglomération,Hors intersection,Normale,Autre collision,4,2,2,0,1,1,2,0,1,50,1,3,1,0,0,2,80.0,,voiture,,5,2,1,1,6
201900022272,2019-12-23 14:39:00,2019,12,23,14,39,67,67482,NEUHOF (ROUTE),48.54739,7.76552,Plein jour,En agglomération,Intersection en T,Normale,Deux véhicules - côté,4,2,2,3,1,1,1,4,6,50,2,2,1,0,0,1,19.0,54.0,deux_roues,transport_commun,1,2,3,1,3
201900022273,2019-12-20 12:50:00,2019,12,20,12,50,64,64445,LAMOTHE,43.2963312,-0.3657512,Plein jour,En agglomération,Hors intersection,Normale,Autre collision,4,1,1,0,1,1,1,0,1,30,1,1,0,0,0,1,,,,,1,2,1,1,6
201900022274,2019-12-20 17:00:00,2019,12,20,17,0,64,64445,LEON BERARD,43.31739,-0.37694,Plein jour,En agglomération,Hors intersection,Pluie légère,Autre collision,4,2,4,1,1,1,2,0,1,50,1,2,0,0,0,2,17.0,,deux_roues,,1,2,1,2,6
201900022275,2019-12-23 20:05:00,2019,12,23,20,5,64,64024,ESPAGNE (AVENUE D'),43.4746935,-1.530742,Nuit avec éclairage allumé,En agglomération,Intersection en T,Normale,Autre collision,3,2,3,0,2,1,1,0,1,50,2,2,1,1,0,0,24.0,45.0,deux_roues,transport_commun,5,2,3,1,6
201900022276,2019-12-23 17:45:00,2019,12,23,17,45,64,64024,BIARRITZ (AVENUE DE),43.4804,-1.52821,Nuit avec éclairage allumé,En agglomération,Hors intersection,Normale,Sans collision,4,2,2,0,1,1,1,0,4,50,1,1,0,0,0,1,72.0,,voiture,,5,2,1,1,7
201900022277,2019-01-29 08:00:00,2019,1,29,8,0,56,56121,BOURGNEUF ( PL DU ),47.75797,-3.39005,Nuit avec éclairage allumé,En agglomération,Giratoire,Pluie forte,Deux véhicules - arrière,4,2,2,0,1,1,2,5,1,50,2,2,1,0,0,1,22.0,38.0,voiture,deux_roues,5,2,6,3,2
201900022278,2019-01-27 06:30:00,2019,1,27,6,30,56,56098,LANN-SEVELIN (ROND POINT DE),47.77849,-3.34431,Nuit avec éclairage allumé,En agglomération,Giratoire,Vent fort / tempête,Deux véhicules - arrière,4,1,2,0,1,1,1,5,1,70,2,4,1,0,0,3,24.0,44.0,voiture,voiture,5,2,6,6,2
201900022279,2019-01-29 07:45:00,2019,1,29,7,45,54,54431,RD120,48.897043,6.070965,Plein jour,En agglomération,Intersection en X,Normale,Deux véhicules - côté,3,2,2,0,1,1,1,8,1,50,2,2,1,0,0,1,51.0,78.0,voiture,utilitaire_camion,1,2,2,1,3
201900022280,2019-12-22 19:35:00,2019,12,22,19,35,59,59122,PARIS (AVENUE DE),50.1572427,3.223613,Nuit sans éclairage public,Hors agglomération,Hors intersection,Pluie légère,Autre collision,3,2,2,0,2,1,2,0,1,50,1,2,1,0,1,0,71.0,,voiture,,3,1,1,2,6
201900022281,2019-01-21 08:30:00,2019,1,21,8,30,54,54578,LAXOU (RUE DE),48.6758,6.14508,Plein jour,En agglomération,Hors intersection,Normale,Deux véhicules - côté,4,2,2,0,1,1,1,0,1,50,2,2,1,0,0,1,32.0,35.0,voiture,voiture,1,2,1,1,3
201900022282,2019-12-24 17:55:00,2019,12,24,17,55,56,56260,CHURCHILL(RUE WINSTON),47.64006,-2.76945,Nuit avec éclairage allumé,En agglomération,Giratoire,Normale,Deux véhicules - côté,4,2,2,0,2,1,1,0,1,50,2,2,1,0,1,0,21.0,55.0,deux_roues,voiture,5,2,6,1,3
201900022283,2019-12-22 13:00:00,2019,12,22,13,0,56,56107,ORPHIES (RUE DES),47.7201,-3.39053,Plein jour,En agglomération,Intersection en T,Normale,Deux véhicules - côté,4,2,2,0,1,1,1,0,1,50,2,2,1,0,0,1,26.0,89.0,voiture,voiture,1,2,3,1,3
201900022284,2019-12-21 12:20:00,2019,12,21,12,20,56,56098,ROUGET DE LISLE (RUE),47.77547,-3.34847,Plein jour,En agglomération,Intersection en T,Normale,Deux véhicules - arrière,4,2,2,0,1,1,1,0,1,50,2,3,1,0,0,2,65.0,34.0,voiture,voiture,1,2,3,1,2
201900022285,2019-01-29 21:30:00,2019,1,29,21,30,51,51454,RUE LAURENT DERAMEZ,49.2594803,4.0421236,Nuit avec éclairage allumé,En agglomération,Intersection en X,Temps couvert,Deux véhicules - côté,4,2,2,0,1,1,1,0,1,50,2,2,1,0,0,1,32.0,26.0,voiture,voiture,5,2,2,8,3
201900022286,2019-12-20 23:55:00,2019,12,20,23,55,56,56121,FERRY ( PL. JULES ),47.74566,-3.36316,Nuit avec éclairage allumé,En agglomération,Hors intersection,Pluie légère,Autre collision,4,2,2,0,1,1,2,0,1,50,1,1,0,0,0,1,,,,,5,2,1,2,6
201900022287,2019-12-23 16:05:00,2019,12,23,16,5,54,54323,RD520,49.50828,5.77958,Plein jour,Hors agglomération,Hors intersection,Normale,Deux véhicules - frontale,3,2,4,0,2,2,2,0,1,80,2,5,0,2,0,3,35.0,45.0,voiture,voiture,1,1,1,1,1
201900022288,2019-12-20 18:27:00,2019,12,20,18,27,49,49328,MARNE (BOULEVARD DE LA) D 93,47.25202,-0.0823,Nuit avec éclairage allumé,En agglomération,Hors intersection,Pluie légère,Deux véhicules - côté,4,2,2,2,1,1,2,0,1,50,2,3,1,1,1,0,22.0,21.0,deux_roues,voiture,5,2,1,2,3
201900022289,2019-01-29 14:15:00,2019,1,29,14,15,51,51573,RUE GABRIEL PERI,49.2447075,3.9961923,Plein jour,En agglomération,Intersection en X,Normale,Deux véhicules - côté,4,2,2,0,2,1,1,0,1,50,2,2,0,0,0,2,52.0,22.0,voiture,utilitaire_camion,1,2,2,1,3
201900022290,2019-01-29 19:20:00,2019,1,29,19,20,50,50129,ALEXANDRE III (QUAI),49.63756,-1.62164,Nuit avec éclairage allumé,En agglomération,Hors intersection,Pluie légère,Deux véhicules - côté,4,1,4,0,1,1,2,0,1,50,2,1,0,0,0,1,17.0,,deux_roues,,5,2,1,2,3
201900022291,2019-01-28 19:05:00,2019,1,28,19,5,50,50129,ZOLA (RUE EMILE),49.636382,-1.6298637,Nuit avec éclairage allumé,En agglomération,Intersection en T,Normale,Deux véhicules - frontale,4,2,2,0,2,1,1,5,1,50,2,2,0,0,0,2,52.0,23.0,voiture,voiture,5,2,3,1,1
201900022292,2019-01-26 23:35:00,2019,1,26,23,35,49,49099,ARC (RUE JEANNE-D'ARC),47.00192,-0.89296,Nuit avec éclairage allumé,En agglomération,Hors intersection,Pluie légère,Autre collision,7,2,2,0,1,1,2,0,1,50,1,1,0,0,0,1,30.0,,voiture,,5,2,1,2,6
201900022293,2019-01-25 18:10:00,2019,1,25,18,10,49,49007,PATTON AVENUE,47.47316,-0.59879,Crépuscule ou aube,En agglomération,Hors intersection,Normale,Sans collision,4,2,2,0,1,1,1,0,1,50,1,2,1,0,0,1,49.0,,voiture,,2,2,1,1,7
201900022294,2019-12-23 13:11:00,2019,12,23,13,11,49,49007,SAINT LEONARD,47.46222,-0.53409,Plein jour,En agglomération,Hors intersection,Normale,Autre collision,4,2,2,0,1,1,1,0,1,50,1,1,0,0,1,0,80.0,,voiture,,1,2,1,1,6
201900022295,2019-01-28 17:05:00,2019,1,28,17,5,49,49267,A87N,47.46357,-0.51681,Plein jour,Hors agglomération,Hors intersection,Normale,Deux véhicules - côté,1,3,5,0,1,1,1,0,1,90,2,2,1,0,0,1,58.0,45.0,voiture,utilitaire_camion,1,1,1,1,3