accident_id,datetime,annee,mois,jour,heure,minute,departement,commune_insee,adresse,latitude,longitude,luminosite,agglomeration,intersection,meteo,collision,catr,circ,nbv,vosp,prof,plan,surf,infra,situ,vma,nb_vehicules,nb_usagers,nb_indemnes,nb_tues,nb_blesses_hosp,nb_blesses_legers,age_cond_1,age_cond_2,veh_type_cond_1,veh_type_cond_2,lum_code,agg_code,int_code,atm_code,col_code
201900022296,2019-12-15 23:10:00,2019,12,15,23,10,47,47201,MARNE (AV. DE LA),44.19466,0.60771,Nuit avec éclairage allumé,En agglomération,Hors intersection,Normale,Deux véhicules - côté,3,3,4,0,2,2,1,0,1,50,2,2,1,0,1,0,31.0,20.0,deux_roues,voiture,5,2,1,1,3
201900022297,2019-12-24 18:00:00,2019,12,24,18,0,45,45234,AV DES DROITS DE L'HOMME,47.92384,1.93887,Nuit avec éclairage allumé,En agglomération,Hors intersection,Normale,Trois véhicules et plus - en chaîne,4,2,4,0,1,1,1,0,1,50,4,5,4,0,0,1,40.0,38.0,voiture,voiture,5,2,1,1,4
201900022298,2019-12-23 11:15:00,2019,12,23,11,15,45,45208,AV DU G DE GAULLE - R B BELLECOUR,48.0053588,2.7384648,Plein jour,En agglomération,Intersection en T,Normale,Deux véhicules - côté,4,2,2,0,1,1,1,0,1,50,2,2,1,0,0,1,25.0,17.0,voiture,deux_roues,1,2,3,1,3
201900022299,2019-12-24 16:30:00,2019,12,24,16,30,44,44109,PERIPHERIQUE,47.26397,-1.55853,Plein jour,Hors agglomération,Hors intersection,Normale,Deux véhicules - arrière,2,2,0,0,1,1,1,0,1,70,2,2,1,0,0,1,53.0,29.0,deux_roues,voiture,1,1,1,1,2
201900022300,2019-01-30 08:18:00,2019,1,30,8,18,45,45234,R DE L' ARGONNE-AV DES DROITS DE L'HOMME,47.91475,1.92374,Plein jour,En agglomération,Hors intersection,Autre,Autre collision,4,2,2,0,1,1,7,6,1,50,1,2,1,0,0,1,47.0,,voiture,,1,2,1,9,6
201900022301,2019-01-29 18:05:00,2019,1,29,18,5,45,45234,2 QUAI DU CHATELET,47.898104,1.91339,Nuit avec éclairage allumé,En agglomération,Hors intersection,Pluie légère,Deux véhicules - côté,4,2,2,0,1,1,2,0,1,30,2,2,1,0,0,1,29.0,47.0,voiture,deux_roues,5,2,1,2,3
201900022302,2019-12-24 16:30:00,2019,12,24,16,30,34,34172,FES (RUE DE),43.6341528,3.8319198,Plein jour,En agglomération,Autre intersection,Normale,Autre collision,4,1,1,0,1,1,1,0,1,50,1,2,1,0,0,1,38.0,,voiture,,1,2,9,1,6
201900022303,2019-01-29 08:02:00,2019,1,29,8,2,45,45208,11 BD DU CHINCHON,47.995129,2.7318,Crépuscule ou aube,En agglomération,Hors intersection,Normale,Autre collision,4,2,2,0,1,1,1,0,1,50,1,1,0,0,0,1,,,,,2,2,1,1,6
201900022304,2019-11-30 12:40:00,2019,11,30,12,40,33,33281,RUE GUTENBERG,44.82558,-0.67261,Plein jour,En agglomération,Giratoire,Pluie forte,Autre collision,4,2,2,0,1,2,2,0,4,50,1,5,3,0,2,0,15.0,,utilitaire_camion,,1,2,6,3,6
201900022305,2019-01-28 21:50:00,2019,1,28,21,50,45,45338,80 AV DE LA LIBERATION,47.989771,2.694861,Nuit avec éclairage non allumé,En agglomération,Hors intersection,Autre,Autre collision,4,2,2,0,1,1,1,0,1,50,2,1,0,0,0,1,21.0,,deux_roues,,4,2,1,9,6
201900022306,2019-01-10 07:01:00,2019,1,10,7,1,44,44190,RUE HENRI MAINGUET,47.206,-1.504,Nuit avec éclairage allumé,En agglomération,Giratoire,Normale,Autre collision,4,2,2,0,1,1,1,0,1,20,1,1,0,0,1,0,,,,,5,2,6,1,6
201900022307,2019-11-26 19:05:00,2019,11,26,19,5,33,33249,AVE DU PDT SALVADOR ALLENDE,44.8669,-0.5206,Nuit avec éclairage allumé,En agglomération,Intersection en X,Normale,Deux véhicules - frontale,4,3,3,0,1,1,2,0,1,50,2,3,1,0,0,2,24.0,56.0,deux_roues,voiture,5,2,2,1,1
201900022308,2019-01-30 15:10:00,2019,1,30,15,10,42,42044,SCHUMAN (RUE ROBERT),45.39649,4.34289,Plein jour,En agglomération,Intersection en T,Normale,Autre collision,4,-1,2,0,1,1,1,0,1,50,3,3,2,0,0,1,57.0,49.0,voiture,voiture,1,2,3,1,6
201900022309,2019-12-24 10:10:00,2019,12,24,10,10,33,33069,RUE EMILE ZOLA,44.86486,-0.5997,Plein jour,En agglomération,Intersection en T,Pluie légère,Autre collision,4,2,2,0,1,1,2,0,1,30,1,2,1,0,1,0,39.0,,voiture,,1,2,3,2,6
201900022310,2019-01-29 08:15:00,2019,1,29,8,15,41,41138,Le Haut Fontenay,47.8030491,1.1248698,Plein jour,En agglomération,Hors intersection,Pluie légère,Autre collision,4,-1,2,0,1,4,1,0,1,50,2,2,0,0,0,2,16.0,17.0,deux_roues,deux_roues,1,2,1,2,6
201900022311,2019-01-29 08:45:00,2019,1,29,8,45,39,39150,,47.055387,5.440444,Plein jour,Hors agglomération,Hors intersection,Normale,Sans collision,3,3,4,0,1,1,2,0,1,90,1,1,0,1,0,0,55.0,,voiture,,1,1,1,1,7
201900022312,2019-01-29 11:25:00,2019,1,29,11,25,38,38185,JEAN PERROT (AVENUE),45.16725,5.7416,Plein jour,En agglomération,Hors intersection,Normale,Deux véhicules - côté,4,2,4,1,1,1,1,0,1,50,2,2,1,0,1,0,46.0,62.0,deux_roues,voiture,1,2,1,1,3
201900022313,2019-01-30 16:34:00,2019,1,30,16,34,37,37214,ENGERAND (RUE ROLAND),47.4102797,0.6696624,Plein jour,En agglomération,Intersection en X,Normale,Autre collision,4,-1,2,0,1,1,2,5,1,50,1,2,1,0,0,1,74.0,,voiture,,1,2,2,1,6
201900022314,2019-01-30 14:24:00,2019,1,30,14,24,37,37261,DANEMARK (AVENUE DU),47.4324,0.6941,Plein jour,En agglomération,Intersection en X,Normale,Deux véhicules - arrière,4,3,4,0,1,1,2,5,1,50,2,3,2,0,0,1,29.0,16.0,voiture,voiture,1,2,2,1,2
201900022315,2019-01-30 09:15:00,2019,1,30,9,15,37,37261,CROIX PASQUIER (RUE),47.41008,0.6897,Plein jour,En agglomération,Hors intersection,Normale,Autre collision,4,2,2,0,2,1,1,0,2,50,1,2,1,0,0,1,54.0,,voiture,,1,2,1,1,6
201900022316,2019-11-27 22:25:00,2019,11,27,22,25,33,33281,AVE FRANCOIS MITTERRAND,44.8259,-0.62785,Nuit avec éclairage allumé,En agglomération,Intersection en X,Normale,Deux véhicules - arrière,4,3,5,2,1,1,2,5,1,50,2,2,1,0,0,1,31.0,39.0,voiture,deux_roues,5,2,2,1,2
201900022317,2019-01-30 10:05:00,2019,1,30,10,5,37,37261,VAILLANT (RUE EDOUARD),47.38183,0.70566,Plein jour,En agglomération,Hors intersection,Normale,Deux véhicules - côté,4,2,2,0,1,1,1,0,1,50,2,2,1,0,0,1,83.0,85.0,voiture,deux_roues,1,2,1,1,3
201900022318,2019-12-24 09:45:00,2019,12,24,9,45,31,31555,AV M BOURGES MAUNOURY,43.63121,1.44958,Plein jour,En agglomération,Hors intersection,Normale,Deux véhicules - côté,4,2,2,0,1,1,1,0,1,50,2,2,1,0,0,1,54.0,69.0,voiture,deux_roues,1,2,1,1,3
201900022319,2019-01-29 19:25:00,2019,1,29,19,25,37,37233,LOIRE (LEVEE DE LA),47.4018287,0.7480371,Nuit sans éclairage public,En agglomération,Intersection en T,Pluie légère,Deux véhicules - côté,4,2,2,0,1,1,2,5,1,70,2,2,1,0,0,1,23.0,30.0,voiture,voiture,3,2,3,2,3
201900022320,2019-12-23 20:00:00,2019,12,23,20,0,31,31555,BD DES RECOLLETS,43.584,1.44148,Nuit avec éclairage allumé,En agglomération,Hors intersection,Normale,Deux véhicules - côté,4,2,2,0,1,1,1,0,1,50,2,2,1,0,1,0,19.0,45.0,deux_roues,voiture,5,2,1,1,3
201900022321,2019-12-23 11:30:00,2019,12,23,11,30,29,29232,BENODET ROUTE DE,47.96283,-4.08328,Plein jour,Hors agglomération,Hors intersection,Normale,Trois véhicules et plus - en chaîne,3,2,2,0,1,1,1,0,1,70,3,6,5,0,0,1,35.0,31.0,voiture,voiture,1,1,1,1,4
201900022322,2019-01-29 19:00:00,2019,1,29,19,0,35,35238,HUET (ABBE),48.121437,-1.692979,Nuit avec éclairage non allumé,En agglomération,Hors intersection,Neige / grêle,Autre collision,4,2,2,0,1,1,2,0,1,30,1,2,1,0,1,0,49.0,,voiture,,4,2,1,4,6
201900022323,2019-12-24 08:08:00,2019,12,24,8,8,29,29019,PLYMOUTH (DE 89 A 135 ET 54 A 118),48.3856211,-4.5346272,Crépuscule ou aube,En agglomération,Hors intersection,Normale,Autre collision,4,3,3,0,1,1,1,0,1,50,1,2,1,0,0,1,63.0,,voiture,,2,2,1,1,6
201900022324,2019-01-15 14:01:00,2019,1,15,14,1,35,35238,TOUR D'AUVERGNE (BD DE LA),48.10449,-1.68435,Plein jour,En agglomération,Intersection en T,Temps couvert,Deux véhicules - côté,4,3,1,3,1,1,1,0,1,50,2,4,0,0,0,4,42.0,21.0,transport_commun,voiture,1,2,3,8,3
201900022325,2019-01-29 14:40:00,2019,1,29,14,40,35,35238,DE LESSEPS (FERDINAND),48.09981,-1.70665,Plein jour,En agglomération,Hors intersection,Pluie forte,Autre collision,4,2,2,0,3,1,2,0,1,30,1,1,0,0,0,1,21.0,,voiture,,1,2,1,3,6
201900022326,2019-01-28 19:45:00,2019,1,28,19,45,35,35238,COMBES (BD EMILE),48.09559,-1.66247,Nuit avec éclairage allumé,En agglomération,Intersection en T,Normale,Deux véhicules - côté,4,2,2,2,1,1,1,0,1,50,2,2,1,0,1,0,52.0,25.0,voiture,deux_roues,5,2,3,1,3
201900022327,2019-12-24 23:30:00,2019,12,24,23,30,25,25056,MORRE ROUTE DE,47.22613,6.05048,Nuit sans éclairage public,Hors agglomération,Hors intersection,Normale,Sans collision,3,2,2,0,2,1,1,0,1,70,1,1,0,0,1,0,20.0,,voiture,,3,1,1,1,7
201900022328,2019-01-28 06:45:00,2019,1,28,6,45,35,35238,MAGENTA (BD),48.10574,-1.67397,Nuit avec éclairage allumé,En agglomération,Intersection en X,Pluie légère,Deux véhicules - côté,4,2,2,0,1,1,2,0,1,50,2,2,1,0,0,1,53.0,26.0,voiture,voiture,5,2,2,2,3
201900022329,2019-01-30 07:52:00,2019,1,30,7,52,34,34172,SCHUMAN (PLACE ROBERT),43.61938,3.8179,Plein jour,En agglomération,Hors intersection,Normale,Autre collision,4,1,5,0,1,1,1,0,1,50,1,2,1,0,0,1,52.0,,utilitaire_camion,,1,2,1,1,6
201900022330,2019-01-29 20:20:00,2019,1,29,20,20,34,34129,FIGUIERES (AVENUE DE),43.58418,3.9265,Nuit avec éclairage allumé,En agglomération,Intersection en T,Pluie légère,Deux véhicules - côté,3,2,3,0,1,1,2,0,1,50,2,2,0,0,0,2,37.0,60.0,voiture,deux_roues,5,2,3,2,3
201900022331,2019-01-29 18:25:00,2019,1,29,18,25,34,34172,ALCO (RUE D',43.61612,3.84125,Nuit avec éclairage allumé,En agglomération,Hors intersection,Pluie légère,Sans collision,4,2,2,0,1,1,2,0,1,50,1,2,1,0,0,1,28.0,,voiture,,5,2,1,2,7
201900022332,2019-01-28 15:00:00,2019,1,28,15,0,34,34172,ARTAUD (ROND POINT ANTONIN),43.6218,3.82266,Plein jour,Hors agglomération,Hors intersection,Normale,Deux véhicules - arrière,4,1,2,0,1,2,1,0,1,50,2,2,1,0,0,1,33.0,62.0,voiture,deux_roues,1,1,1,1,2
201900022333,2019-12-21 18:30:00,2019,12,21,18,30,22,22360,RD700,48.4930549,-2.762614,Nuit avec éclairage allumé,Hors agglomération,Giratoire,Normale,Deux véhicules - côté,3,3,4,0,1,1,2,5,1,50,2,3,2,0,0,1,27.0,27.0,voiture,voiture,5,1,6,1,3
201900022334,2019-12-08 18:00:00,2019,12,8,18,0,22,22113,TREBEURDEN (ROUTE DE),48.7459,-3.47855,Nuit avec éclairage allumé,Hors agglomération,Hors intersection,Pluie forte,Sans collision,3,2,2,0,2,1,2,8,1,50,1,1,0,0,0,1,52.0,,voiture,,5,1,1,3,7
201900022335,2019-01-25 22:15:00,2019,1,25,22,15,33,33550,AVE BARRET,44.77701,-0.56716,Nuit avec éclairage allumé,En agglomération,Giratoire,Normale,Deux véhicules - frontale,4,2,2,0,1,2,1,0,1,50,2,4,1,0,0,3,43.0,31.0,voiture,voiture,5,2,6,1,1
201900022336,2019-12-23 18:50:00,2019,12,23,18,50,16,16102,rue BOUSSION,45.6961,-0.33776,Nuit avec éclairage allumé,En agglomération,Hors intersection,Pluie légère,Deux véhicules - frontale,4,2,2,0,2,1,2,0,1,50,2,2,1,0,0,1,33.0,50.0,deux_roues,voiture,5,2,1,2,1
201900022337,2019-12-23 11:20:00,2019,12,23,11,20,16,16089,RN 141,45.682249,-0.308041,Plein jour,En agglomération,Hors intersection,Normale,Deux véhicules - arrière,2,2,3,1,1,2,1,0,1,80,2,4,1,0,0,3,26.0,74.0,voiture,voiture,1,2,1,1,2
201900022338,2019-12-25 01:35:00,2019,12,25,1,35,13,13211,JEAN LOMBARD (AVENUE),43.289035,5.432051,Nuit avec éclairage allumé,En agglomération,Hors intersection,Normale,Deux véhicules - côté,4,2,2,1,1,1,1,0,1,50,2,1,0,0,0,1,22.0,,voiture,,5,2,1,1,3
201900022339,2019-01-24 18:25:00,2019,1,24,18,25,33,33069,Rue Pasteur / Av.d'Eysines - VTA sur avenue d'Eysines tourne à gauche sur la voie du cyclo B rue Pasteur,44.85818,-0.60513,Nuit avec éclairage allumé,En agglomération,Intersection en X,Normale,Deux véhicules - frontale,4,2,2,0,1,1,1,0,8,30,2,2,1,0,1,0,52.0,33.0,voiture,deux_roues,5,2,2,1,1
201900022340,2019-01-26 02:11:00,2019,1,26,2,11,33,33550,54-55 RUE DE LA PAIX,44.76511,-0.5739,Nuit avec éclairage allumé,En agglomération,Hors intersection,Normale,Autre collision,4,2,2,0,1,1,1,0,1,50,1,1,0,0,0,1,24.0,,voiture,,5,2,1,1,6
201900022341,2019-12-24 15:00:00,2019,12,24,15,0,13,13210,ROMAIN ROLLAND (BOULEVARD),43.275026,5.415863,Plein jour,En agglomération,Hors intersection,Normale,Deux véhicules - côté,4,2,1,0,1,1,1,0,1,50,2,2,1,0,0,1,29.0,63.0,deux_roues,voiture,1,2,1,1,3
201900022342,2019-01-29 07:10:00,2019,1,29,7,10,31,31555,AV SALVADOR DALI,43.62484,1.40591,Nuit avec éclairage allumé,Hors agglomération,Hors intersection,Normale,Deux véhicules - côté,4,2,3,0,1,1,2,0,1,50,2,2,1,0,0,1,27.0,54.0,voiture,voiture,5,1,1,1,3
201900022343,2019-12-24 08:50:00,2019,12,24,8,50,13,13204,MARÉCHAL FOCH (AVENUE),43.3025235,5.3969681,Plein jour,En agglomération,Hors intersection,Normale,Autre collision,4,2,1,3,1,1,1,4,6,50,1,2,1,0,1,0,19.0,,transport_commun,,1,2,1,1,6
201900022344,2019-12-24 02:00:00,2019,12,24,2,0,13,13204,HOPKINSON (BOULEVARD),43.3,5.4,Nuit avec éclairage allumé,En agglomération,Intersection en T,Normale,Deux véhicules - côté,4,2,2,0,1,1,1,0,1,50,2,2,1,0,0,1,20.0,32.0,voiture,voiture,5,2,3,1,3
201900022345,2019-01-30 21:30:00,2019,1,30,21,30,30,30243,MOULIN (AVENUE J.),44.0589037,4.0915094,Nuit sans éclairage public,Hors agglomération,Hors intersection,Normale,Autre collision,3,2,2,0,1,1,1,0,1,70,2,3,0,0,1,2,65.0,54.0,voiture,voiture,3,1,1,1,6
201900022346,2019-12-23 20:36:00,2019,12,23,20,36,13,13202,LAZARET (QUAI DU),43.31107,5.3675,Nuit avec éclairage allumé,En agglomération,Hors intersection,Normale,Deux véhicules - côté,4,3,4,0,1,1,1,0,1,50,2,3,1,0,1,1,26.0,28.0,deux_roues,utilitaire_camion,5,2,1,1,3
201900022347,2019-01-30 13:10:00,2019,1,30,13,10,29,29232,RESISTANCE ET GENERAL DE GAULLE PLACE DE,47.99383,-4.10534,Plein jour,En agglomération,Hors intersection,Normale,Deux véhicules - arrière,4,1,2,0,1,1,2,6,1,50,2,2,1,0,0,1,60.0,23.0,voiture,deux_roues,1,2,1,1,2
201900022348,2019-12-23 14:30:00,2019,12,23,14,30,13,13205,SAKAKINI (BOULEVARD),43.296422,5.400387,Plein jour,En agglomération,Hors intersection,Normale,Deux véhicules - côté,4,2,6,0,1,1,1,0,1,50,2,2,1,0,0,1,31.0,35.0,voiture,deux_roues,1,2,1,1,3
201900022349,2019-01-29 18:45:00,2019,1,29,18,45,27,27681,BONNARD (RUE PIERRE),49.09824,1.48911,Nuit avec éclairage allumé,En agglomération,Intersection en T,Pluie forte,Autre collision,3,2,2,0,2,1,2,0,1,50,1,3,2,0,0,1,80.0,,voiture,,5,2,3,3,6
201900022350,2019-01-29 18:25:00,2019,1,29,18,25,19,19031,GOUDOUX (RUE JEAN),45.15541,1.5044,Nuit avec éclairage allumé,En agglomération,Hors intersection,Pluie forte,Autre collision,4,2,2,0,1,1,2,0,1,50,1,2,1,0,0,1,29.0,,voiture,,5,2,1,3,6
201900022351,2019-01-30 17:55:00,2019,1,30,17,55,17,17415,GENET ROCADE A COTE DE BEAUTE COURS,45.74879,-0.65884,Crépuscule ou aube,En agglomération,Giratoire,Pluie légère,Autre collision,4,1,1,0,1,1,2,5,1,50,2,2,1,0,0,1,45.0,54.0,voiture,deux_roues,2,2,6,2,6
201900022352,2019-01-30 20:45:00,2019,1,30,20,45,17,17028,RN137,46.120854,-1.109353,Nuit sans éclairage public,Hors agglomération,Hors intersection,Pluie légère,Sans collision,2,3,4,0,1,3,2,0,1,90,1,1,0,0,0,1,19.0,,voiture,,3,1,1,2,7
201900022353,2019-01-28 17:05:00,2019,1,28,17,5,16,16102,boulevard de PARIS,45.6883837,-0.3189663,Crépuscule ou aube,En agglomération,Intersection en X,Pluie légère,Deux véhicules - arrière,3,2,2,0,1,1,2,0,1,50,2,2,1,0,0,1,42.0,16.0,voiture,deux_roues,2,2,2,2,2
201900022354,2019-12-24 05:50:00,2019,12,24,5,50,13,13001,DALMAS JEAN (RUE),43.53196,5.43,Nuit avec éclairage allumé,En agglomération,Intersection en T,Normale,Deux véhicules - frontale,4,2,2,0,1,1,1,5,1,50,2,4,0,0,0,4,27.0,27.0,voiture,voiture,5,2,3,1,1
201900022355,2019-12-23 10:53:00,2019,12,23,10,53,6,06123,PUGETS ROUTE DES,43.686806,7.180402,Plein jour,En agglomération,Intersection en T,Normale,Deux véhicules - côté,4,2,2,0,1,2,1,0,1,50,2,3,1,0,0,2,47.0,42.0,utilitaire_camion,utilitaire_camion,1,2,3,1,3
201900022356,2019-12-23 10:25:00,2019,12,23,10,25,6,06027,GARE AVENUE DE LA,43.658454,7.148184,Plein jour,En agglomération,Intersection en T,Normale,Deux véhicules - côté,7,1,2,0,1,1,1,5,1,50,2,2,1,0,0,1,72.0,70.0,voiture,voiture,1,2,3,1,3
201900022357,2019-01-29 15:15:00,2019,1,29,15,15,14,14383,MORAND (RUE ),49.16066,-0.39509,Plein jour,En agglomération,Giratoire,Normale,Deux véhicules - côté,4,-1,2,0,1,1,1,0,1,50,2,2,1,0,1,0,65.0,67.0,deux_roues,voiture,1,2,6,1,3
201900022358,2019-12-20 15:14:00,2019,12,20,15,14,5,05061,JEAN JAURES ( AVENUE ),44.54889,6.06729,Plein jour,En agglomération,Hors intersection,Pluie forte,Trois véhicules et plus - en chaîne,2,2,2,0,1,1,2,0,1,50,3,3,2,0,0,1,38.0,40.0,voiture,voiture,1,2,1,3,4
201900022359,2019-01-28 17:45:00,2019,1,28,17,45,13,13102,JEAN JAURES (BD ),43.404165,5.260994,Crépuscule ou aube,En agglomération,Hors intersection,Normale,Autre collision,4,2,2,0,1,1,1,0,1,50,1,1,0,1,0,0,72.0,,voiture,,2,2,1,1,6
201900022360,2019-11-29 18:16:00,2019,11,29,18,16,3,03310,rue Jean Jaurès,46.1345027,3.4228609,Nuit avec éclairage allumé,En agglomération,Intersection en T,Normale,Autre collision,4,2,2,0,1,1,1,0,1,30,1,2,1,1,0,0,30.0,,utilitaire_camion,,5,2,3,1,6
201900022361,2019-01-30 12:50:00,2019,1,30,12,50,13,13213,CROIX ROUGE (AVENUE),43.33345,5.44005,Plein jour,En agglomération,Hors intersection,Normale,Trois véhicules et plus - collisions multiples,4,2,2,0,1,1,1,0,1,50,3,4,2,0,0,2,20.0,43.0,voiture,transport_commun,1,2,1,1,5
201900022362,2019-01-30 12:45:00,2019,1,30,12,45,13,13211,MONTRE (TRAVERSE DE LA),43.29643,5.47537,Plein jour,En agglomération,Hors intersection,Normale,Sans collision,4,2,2,0,2,1,1,0,1,50,1,2,1,0,0,1,64.0,,utilitaire_camion,,1,2,1,1,7
201900022363,2019-12-23 13:35:00,2019,12,23,13,35,75,75116,BD PERIPHERIQUE INTERIEUR,48.8727828,2.2746081,Plein jour,En agglomération,Hors intersection,Normale,Deux véhicules - arrière,4,1,4,0,1,1,1,0,1,70,2,2,1,0,0,1,31.0,57.0,deux_roues,voiture,1,2,1,1,2
201900022364,2019-01-30 08:26:00,2019,1,30,8,26,13,13214,SAINTE MARTHE (chemin),43.326715,5.387726,Plein jour,En agglomération,Hors intersection,Normale,Deux véhicules - côté,4,2,2,0,1,1,2,0,1,50,2,4,0,0,0,4,33.0,35.0,voiture,voiture,1,2,1,1,3
201900022365,2019-12-24 00:01:00,2019,12,24,0,1,75,75118,RUE BELLIARD,48.896485,2.336247,Nuit avec éclairage allumé,En agglomération,Intersection en X,Normale,Autre collision,4,2,2,0,1,1,1,0,1,30,1,1,0,0,0,1,55.0,,voiture,,5,2,2,1,6
201900022366,2019-01-30 07:45:00,2019,1,30,7,45,13,13206,LODI (RUE DE),43.29088,5.38576,Crépuscule ou aube,En agglomération,Hors intersection,Normale,Autre collision,4,2,2,0,1,1,2,0,1,50,1,2,1,0,0,1,17.0,,deux_roues,,2,2,1,1,6
201900022367,2019-01-29 23:30:00,2019,1,29,23,30,13,13207,RIVE NEUVE (QUAI),43.292928,5.3691,Nuit avec éclairage allumé,En agglomération,Hors intersection,Pluie légère,Deux véhicules - côté,4,1,3,0,1,1,2,0,1,50,2,3,1,0,0,2,27.0,36.0,voiture,deux_roues,5,2,1,2,3
201900022368,2019-01-29 19:30:00,2019,1,29,19,30,13,13211,JEAN LOMBARD (AVENUE),43.288964,5.432086,Nuit avec éclairage allumé,En agglomération,Hors intersection,Temps couvert,Sans collision,4,2,2,0,1,1,1,0,1,50,1,1,0,0,0,1,60.0,,deux_roues,,5,2,1,8,7
201900022369,2019-12-24 14:55:00,2019,12,24,14,55,75,75120,COURS DE VINCENNES,48.8480034,2.403644,Plein jour,En agglomération,Hors intersection,Normale,Autre collision,4,2,6,0,1,1,1,0,4,50,1,2,1,0,0,1,12.0,,deux_roues,,1,2,1,1,6
201900022370,2019-01-29 19:20:00,2019,1,29,19,20,13,13209,SAINTE MARGUERITE (BOULEVARD),43.26175,5.41447,Nuit avec éclairage allumé,En agglomération,Hors intersection,Normale,Deux véhicules - frontale,7,2,4,0,2,1,1,0,1,50,2,2,1,0,0,1,55.0,53.0,voiture,deux_roues,5,2,1,1,1
201900022371,2019-12-23 12:50:00,2019,12,23,12,50,75,75120,BOULEVARD DAVOUT,48.8643446,2.4088514,Plein jour,En agglomération,Place,Normale,Autre collision,4,3,4,-1,1,1,1,0,1,50,1,2,1,0,0,1,27.0,,voiture,,1,2,7,1,6
201900022372,2019-12-24 17:00:00,2019,12,24,17,0,75,75119,RUE DE BELLEVILLE,48.87539,2.390057,Nuit avec éclairage allumé,En agglomération,Hors intersection,Normale,Autre collision,4,2,2,0,1,1,1,0,1,50,1,2,1,0,1,0,30.0,,deux_roues,,5,2,1,1,6
201900022373,2019-12-24 00:01:00,2019,12,24,0,1,75,75116,ALLEE DE LONGCHAMP,48.865258,2.244194,Nuit avec éclairage allumé,En agglomération,Hors intersection,Pluie légère,Deux véhicules - côté,4,2,2,0,1,1,2,0,1,50,2,3,2,0,0,1,16.0,56.0,deux_roues,voiture,5,2,1,2,3
201900022374,2019-12-23 18:10:00,2019,12,23,18,10,75,75116,PLACE DU PARAGUAY,48.8716098,2.2764444,Nuit avec éclairage allumé,En agglomération,Place,Normale,Deux véhicules - frontale,4,2,2,0,1,1,1,0,1,50,2,3,2,0,0,1,37.0,57.0,voiture,deux_roues,5,2,7,1,1
201900022375,2019-01-29 17:00:00,2019,1,29,17,0,13,13201,FLEGIER (RUE),43.3011,5.3835,Plein jour,En agglomération,Hors intersection,Normale,Deux véhicules - côté,4,1,1,0,1,1,1,0,1,50,2,3,1,0,0,2,32.0,20.0,utilitaire_camion,utilitaire_camion,1,2,1,1,3
201900022376,2019-01-29 13:45:00,2019,1,29,13,45,13,13212,SAINT PIERRE (RUE),43.29055,5.42171,Plein jour,En agglomération,Hors intersection,Normale,Deux véhicules - côté,4,2,1,0,1,1,1,0,1,50,2,2,1,0,1,0,21.0,55.0,voiture,deux_roues,1,2,1,1,3
201900022377,2019-12-23 09:35:00,2019,12,23,9,35,75,75115,RUE SAINT CHARLES,48.843442,2.282749,Plein jour,En agglomération,Intersection en X,Normale,Autre collision,4,2,2,0,1,1,1,0,1,50,1,2,1,0,0,1,28.0,,utilitaire_camion,,1,2,2,1,6
201900022378,2019-01-29 12:20:00,2019,1,29,12,20,13,13204,SAKAKINI (BOULEVARD),43.29522,5.40102,Plein jour,En agglomération,Hors intersection,Normale,Autre collision,4,2,6,0,1,1,1,0,1,50,1,3,1,0,0,2,59.0,,voiture,,1,2,1,1,6
201900022379,2019-01-29 09:15:00,2019,1,29,9,15,13,13208,JULES CANTINI (AVENUE),43.281636,5.391589,Plein jour,En agglomération,Hors intersection,Normale,Autre collision,4,2,2,0,1,1,1,0,1,50,1,1,0,0,1,0,,,,,1,2,1,1,6
201900022380,2019-12-23 16:10:00,2019,12,23,16,10,75,75114,AVENUE DU MAINE,48.83026,2.325891,Plein jour,En agglomération,Intersection en Y,Temps couvert,Deux véhicules - arrière,4,2,3,0,1,1,2,0,1,50,2,2,1,0,0,1,71.0,72.0,voiture,voiture,1,2,4,8,2
201900022381,2019-01-28 17:30:00,2019,1,28,17,30,13,13201,HENRI BARBUSSE (RUE),43.297768,5.374075,Plein jour,En agglomération,Hors intersection,Normale,Autre collision,4,-1,2,0,1,1,1,0,1,50,1,2,1,0,0,1,33.0,,transport_commun,,1,2,1,1,6
201900022382,2019-01-30 14:00:00,2019,1,30,14,0,13,13005,AUCHAN ( CENTRE COMMERCIAL),43.29189,5.59215,Plein jour,Hors agglomération,Hors intersection,Normale,Deux véhicules - côté,6,2,2,0,1,1,1,0,1,30,2,2,1,0,0,1,23.0,41.0,voiture,voiture,1,1,1,1,3
201900022383,2019-01-28 10:00:00,2019,1,28,10,0,13,13005,PERI (AVENUE GABRIEL),43.29443,5.56884,Plein jour,En agglomération,Hors intersection,Normale,Autre collision,4,1,1,0,1,2,1,0,1,30,1,2,1,0,1,0,40.0,,voiture,,1,2,1,1,6
201900022384,2019-01-30 11:50:00,2019,1,30,11,50,13,13001,JUVENAL MAX (AV),43.52647,5.43989,Plein jour,En agglomération,Autre intersection,Normale,Autre collision,4,3,3,0,2,2,2,5,1,50,1,2,1,0,0,1,25.0,,voiture,,1,2,9,1,6
201900022385,2019-01-28 12:50:00,2019,1,28,12,50,11,11262,MISTRAL (BOULEVARD FREDERIC),43.18496,3.00058,Plein jour,En agglomération,Intersection en T,Normale,Deux véhicules - côté,4,1,3,0,1,1,1,2,1,30,2,2,1,0,0,1,37.0,52.0,deux_roues,voiture,1,2,3,1,3