accident_id,datetime,annee,mois,jour,heure,minute,departement,commune_insee,adresse,latitude,longitude,luminosite,agglomeration,intersection,meteo,collision,catr,circ,nbv,vosp,prof,plan,surf,infra,situ,vma,nb_vehicules,nb_usagers,nb_indemnes,nb_tues,nb_blesses_hosp,nb_blesses_legers,age_cond_1,age_cond_2,veh_type_cond_1,veh_type_cond_2,lum_code,agg_code,int_code,atm_code,col_code
201900022566,2019-01-30 22:54:00,2019,1,30,22,54,71,71063,Départementale 120,46.904025,4.321759,Nuit sans éclairage public,Hors agglomération,Hors intersection,Neige / grêle,Sans collision,3,2,2,0,2,1,5,0,3,80,1,1,0,1,0,0,55.0,,voiture,,3,1,1,4,7
201900022567,2019-01-30 17:30:00,2019,1,30,17,30,68,68063,155 faubourg des vosges,47.810661,7.166524,Plein jour,Hors agglomération,Hors intersection,Normale,Autre collision,3,2,2,2,1,1,1,0,8,70,1,2,1,0,1,0,65.0,,voiture,,1,1,1,1,6
201900022568,2019-10-10 20:15:00,2019,10,10,20,15,64,64147,RD936 PK 122.000,43.4531049,-1.3717591,Nuit sans éclairage public,Hors agglomération,Hors intersection,Normale,Deux véhicules - frontale,3,2,2,0,4,3,1,0,1,80,2,2,1,0,1,0,18.0,65.0,deux_roues,voiture,3,1,1,1,1
201900022569,2019-10-05 10:30:00,2019,10,5,10,30,18,18271,43 Route de Jou,47.131188,2.396935,Plein jour,Hors agglomération,Hors intersection,Pluie légère,Autre collision,4,2,2,0,2,2,2,0,1,80,2,3,1,0,0,2,56.0,32.0,voiture,voiture,1,1,1,2,6
201900022570,2019-10-11 12:30:00,2019,10,11,12,30,16,16071,Ld La Garnerie,45.937059,0.734151,Plein jour,Hors agglomération,Hors intersection,Normale,Deux véhicules - arrière,3,2,2,0,2,1,1,0,1,80,2,2,1,0,0,1,45.0,53.0,utilitaire_camion,voiture,1,1,1,1,2
201900022571,2019-10-10 10:18:00,2019,10,10,10,18,16,16105,Ld La Croix Bellet,45.399286,-0.123597,Plein jour,Hors agglomération,Hors intersection,Normale,Autre collision,3,2,2,0,2,1,1,0,1,70,1,5,4,1,0,0,62.0,,voiture,,1,1,1,1,6
201900022572,2019-10-11 23:00:00,2019,10,11,23,0,40,40273,370 Avenue du Quartier Neuf,43.524157,-1.408953,Nuit avec éclairage allumé,Hors agglomération,Autre intersection,Normale,Deux véhicules - côté,3,2,2,0,1,1,1,0,1,70,2,2,1,0,1,0,52.0,44.0,deux_roues,voiture,5,1,9,1,3
201900022573,2019-10-12 16:20:00,2019,10,12,16,20,24,24422,D38,45.001977,0.514706,Plein jour,Hors agglomération,Hors intersection,Normale,Trois véhicules et plus - collisions multiples,3,2,2,0,1,1,1,5,1,80,3,3,1,0,1,1,50.0,47.0,deux_roues,deux_roues,1,1,1,1,5
201900022574,2019-10-11 11:45:00,2019,10,11,11,45,4,04094,RD 952,43.741983,5.841823,Plein jour,Hors agglomération,Hors intersection,Normale,Deux véhicules - frontale,3,2,1,0,1,1,1,0,3,80,2,2,1,0,1,0,50.0,48.0,voiture,voiture,1,1,1,1,1
201900022575,2019-10-12 17:15:00,2019,10,12,17,15,27,27284,Avenue de Verdun,49.281855,1.771936,Plein jour,En agglomération,Intersection en X,Normale,Deux véhicules - frontale,3,2,2,0,1,1,1,5,1,50,2,2,1,0,0,1,19.0,20.0,deux_roues,voiture,1,2,2,1,1
201900022576,2019-10-12 11:15:00,2019,10,12,11,15,37,37247,21 Rue du 8 Mai,47.066157,0.668231,Plein jour,En agglomération,Intersection en X,Normale,Deux véhicules - côté,3,2,2,0,1,1,1,0,1,50,2,2,1,0,1,0,59.0,26.0,deux_roues,voiture,1,2,2,1,3
201900022577,2019-10-12 08:50:00,2019,10,12,8,50,30,30346,départementale 981,43.95751,4.524576,Plein jour,Hors agglomération,Hors intersection,Temps couvert,Autre collision,3,2,2,0,1,1,1,0,3,80,1,1,0,0,1,0,76.0,,voiture,,1,1,1,8,6
201900022578,2019-10-11 20:10:00,2019,10,11,20,10,30,30077,La Blaquiere,44.15177,4.05713,Nuit sans éclairage public,Hors agglomération,Hors intersection,Normale,Autre collision,3,2,2,0,1,3,1,0,3,80,1,2,0,0,1,1,29.0,,voiture,,3,1,1,1,6
201900022579,2019-10-12 14:00:00,2019,10,12,14,0,48,48094,D995,44.278173,3.222393,Plein jour,Hors agglomération,Hors intersection,Temps couvert,Sans collision,3,2,2,0,2,3,1,0,1,80,1,1,0,0,1,0,62.0,,deux_roues,,1,1,1,8,7
201900022580,2019-10-12 07:45:00,2019,10,12,7,45,52,52140,D2,48.245589,4.913084,Plein jour,Hors agglomération,Hors intersection,Normale,Autre collision,3,2,2,0,2,3,1,0,3,80,1,1,0,0,1,0,47.0,,utilitaire_camion,,1,1,1,1,6
201900022581,2019-07-09 08:30:00,2019,7,9,8,30,987,98734,PK 37 + 900 coté montagne,-17.723379,-149.50573,Plein jour,Hors agglomération,Hors intersection,Normale,Deux véhicules - arrière,6,1,1,0,1,1,1,0,8,-1,2,2,1,0,1,0,36.0,31.0,utilitaire_camion,deux_roues,1,1,1,1,2
201900022582,2019-07-05 14:00:00,2019,7,5,14,0,987,98734,RT1 -  PK 41 - Golf d'Atimaono,-17.723379,-149.50573,Plein jour,Hors agglomération,Hors intersection,Pluie légère,Deux véhicules - arrière,2,2,2,0,1,1,2,0,1,60,2,2,1,0,1,0,35.0,61.0,deux_roues,voiture,1,1,1,2,2
201900022583,2019-08-01 20:00:00,2019,8,1,20,0,987,98715,RT 1 PK 03+800 c/mer,-17.584522,-149.568578,Nuit avec éclairage allumé,Hors agglomération,Hors intersection,Normale,Deux véhicules - frontale,2,2,2,2,1,1,1,0,1,40,2,3,2,0,1,0,34.0,21.0,voiture,deux_roues,5,1,1,1,1
201900022584,2019-10-11 16:00:00,2019,10,11,16,0,977,97701,rt211 grand fond,17.89432,-62.811302,Plein jour,En agglomération,Hors intersection,Normale,Trois véhicules et plus - collisions multiples,2,2,2,0,1,1,1,0,1,50,3,4,2,0,1,1,38.0,66.0,deux_roues,utilitaire_camion,1,2,1,1,5
201900022585,2019-10-08 07:45:00,2019,10,8,7,45,77,77193,D9,49.05491,2.84621,Plein jour,Hors agglomération,Hors intersection,Pluie légère,Deux véhicules - frontale,3,2,2,0,3,3,2,0,1,80,2,2,1,0,0,1,53.0,42.0,voiture,voiture,1,1,1,2,1
201900022586,2019-10-11 11:30:00,2019,10,11,11,30,77,77440,D603 X CHEMIN DE PERREUSE,48.94723,3.08848,Plein jour,En agglomération,Intersection en T,Normale,Deux véhicules - côté,3,2,2,0,1,1,1,0,1,50,2,2,1,0,1,0,52.0,32.0,voiture,deux_roues,1,2,3,1,3
201900022587,2019-10-12 17:00:00,2019,10,12,17,0,2B,2B302,CD330,42.384883,9.485538,Plein jour,Hors agglomération,Hors intersection,Normale,Sans collision,4,2,2,0,2,1,1,0,8,-1,1,2,0,0,2,0,63.0,,deux_roues,,1,1,1,1,7
201900022588,2019-10-11 16:50:00,2019,10,11,16,50,11,11080,Cd 626,43.079246,1.966886,Plein jour,Hors agglomération,Hors intersection,Normale,Sans collision,3,2,2,0,1,2,1,0,1,80,1,1,0,0,1,0,28.0,,deux_roues,,1,1,1,1,7
201900022589,2019-10-10 15:01:00,2019,10,10,15,1,4,04041,RD 12,43.932022,5.965183,Plein jour,Hors agglomération,Hors intersection,Normale,Autre collision,3,2,2,0,1,3,1,0,3,80,1,1,0,1,0,0,99.0,,voiture,,1,1,1,1,6
201900022590,2019-10-11 17:15:00,2019,10,11,17,15,13,13014,9 Avenue Ambroise Croizat,43.481682,5.170924,Plein jour,En agglomération,Hors intersection,Normale,Deux véhicules - côté,4,2,2,0,1,1,1,0,1,50,2,2,1,0,0,1,56.0,22.0,voiture,deux_roues,1,2,1,1,3
201900022591,2019-10-11 23:00:00,2019,10,11,23,0,70,70014,RN 19,47.683019,6.433498,Nuit sans éclairage public,Hors agglomération,Hors intersection,Normale,Autre collision,2,2,2,0,1,1,1,0,1,80,1,2,1,0,1,0,60.0,,voiture,,3,1,1,1,6
201900022592,2019-10-11 19:15:00,2019,10,11,19,15,67,67221,rd 264,48.96869,7.947727,Crépuscule ou aube,Hors agglomération,Hors intersection,Normale,Trois véhicules et plus - collisions multiples,3,2,1,0,2,1,1,0,1,80,3,3,1,1,1,0,69.0,16.0,utilitaire_camion,deux_roues,2,1,1,1,5
201900022593,2019-10-12 07:00:00,2019,10,12,7,0,54,54260,PK 36 + 100,48.57102,6.500146,Crépuscule ou aube,Hors agglomération,Hors intersection,Normale,Sans collision,2,1,4,0,1,1,1,0,2,110,1,2,1,0,1,0,20.0,,voiture,,2,1,1,1,7
201900022594,2019-10-11 20:20:00,2019,10,11,20,20,63,63204,D2,45.811004,3.184584,Nuit sans éclairage public,Hors agglomération,Hors intersection,Normale,Deux véhicules - frontale,3,2,2,2,2,1,1,0,1,80,2,2,0,0,0,2,48.0,28.0,voiture,voiture,3,1,1,1,1
201900022595,2019-10-09 18:00:00,2019,10,9,18,0,73,73179,D14 Avenue René Cassin,45.6009415,5.8761994,Plein jour,Hors agglomération,Giratoire,Normale,Autre collision,3,2,2,0,1,3,1,5,1,70,1,2,1,0,1,0,31.0,,voiture,,1,1,6,1,6
201900022596,2019-10-01 14:00:00,2019,10,1,14,0,73,73213,D9,45.5364544,5.9648236,Plein jour,Hors agglomération,Intersection en Y,Normale,Deux véhicules - côté,3,2,2,0,3,1,1,8,1,50,2,2,1,0,1,0,22.0,28.0,voiture,deux_roues,1,1,4,1,3
201900022597,2019-10-11 16:45:00,2019,10,11,16,45,38,38382,Piste cyclable pont barrage EDF,45.23678,5.65983,Plein jour,Hors agglomération,Autre intersection,Normale,Deux véhicules - côté,3,3,2,1,2,3,1,9,5,30,2,2,1,0,1,0,44.0,52.0,deux_roues,deux_roues,1,1,9,1,3
201900022598,2019-10-11 18:10:00,2019,10,11,18,10,81,81099,23 Rue de la Portanelle,43.896482,1.896567,Plein jour,En agglomération,Autre intersection,Normale,Sans collision,4,1,1,0,2,4,1,0,1,-1,1,1,0,0,1,0,52.0,,deux_roues,,1,2,9,1,7
201900022599,2019-10-11 10:30:00,2019,10,11,10,30,27,27635,chemin de la source,49.264985,1.373584,Plein jour,Hors agglomération,Hors intersection,Normale,Autre collision,5,2,2,0,2,2,6,0,3,-1,1,3,1,0,1,1,19.0,,voiture,,1,1,1,1,6
201900022600,2019-10-12 14:15:00,2019,10,12,14,15,27,27136,14 Chemin du Val Liery,49.013741,1.445259,Plein jour,Hors agglomération,Hors intersection,Normale,Deux véhicules - côté,2,2,3,0,1,1,1,8,1,50,2,6,4,0,0,2,35.0,68.0,voiture,voiture,1,1,1,1,3
201900022601,2019-10-12 12:00:00,2019,10,12,12,0,60,60148,D 19,49.120505,2.8688104,Plein jour,Hors agglomération,Hors intersection,Normale,Sans collision,3,2,2,0,1,1,1,0,3,80,1,1,0,0,0,1,49.0,,voiture,,1,1,1,1,7
201900022602,2019-10-11 13:20:00,2019,10,11,13,20,13,13071,F1-Sens Lyon vers A55-Martigues,43.406904,5.290725,Plein jour,Hors agglomération,Hors intersection,Normale,Deux véhicules - côté,1,1,2,0,1,1,1,0,1,90,2,2,1,0,0,1,26.0,52.0,voiture,voiture,1,1,1,1,3
201900022603,2019-10-08 14:50:00,2019,10,8,14,50,13,13005,A50-Sens Aubagne vers Marseille,43.2974626,5.5605589,Plein jour,Hors agglomération,Hors intersection,Normale,Trois véhicules et plus - en chaîne,1,1,2,0,1,1,1,0,1,90,4,5,3,0,0,2,48.0,50.0,voiture,voiture,1,1,1,1,4
201900022604,2019-10-11 07:25:00,2019,10,11,7,25,13,13210,S10CD-Sens Aubagne vers Marseille,43.28307,5.39296,Crépuscule ou aube,Hors agglomération,Hors intersection,Normale,Deux véhicules - côté,1,1,1,0,1,3,1,9,1,50,2,2,1,0,0,1,31.0,32.0,deux_roues,voiture,2,1,1,1,3
201900022605,2019-10-09 17:21:00,2019,10,9,17,21,13,13005,A50-Sens Aubagne vers Marseille,43.28894,5.54994,Plein jour,Hors agglomération,Hors intersection,Normale,Deux véhicules - arrière,1,1,3,0,1,1,1,0,1,90,2,3,1,0,2,0,43.0,46.0,utilitaire_camion,deux_roues,1,1,1,1,2
201900022606,2019-10-11 07:44:00,2019,10,11,7,44,83,83137,,43.1271153,5.9159269,Crépuscule ou aube,Hors agglomération,Hors intersection,Normale,Trois véhicules et plus - en chaîne,1,1,2,0,1,1,1,1,1,70,3,3,2,0,1,0,47.0,55.0,voiture,voiture,2,1,1,1,4
201900022607,2019-10-08 09:40:00,2019,10,8,9,40,83,83090,A50,43.12655,5.89131,Plein jour,Hors agglomération,Hors intersection,Normale,Autre collision,1,1,1,0,2,1,1,3,1,50,1,1,0,0,0,1,63.0,,deux_roues,,1,1,1,1,6
201900022608,2019-10-04 16:45:00,2019,10,4,16,45,69,69199,A7   7.000 A 8.630,45.68411,4.8469,Plein jour,Hors agglomération,Hors intersection,Normale,Deux véhicules - côté,1,3,3,0,1,1,1,0,1,90,2,2,1,0,0,1,42.0,47.0,voiture,deux_roues,1,1,1,1,3
201900022609,2019-09-20 22:58:00,2019,9,20,22,58,69,69199,RD383   14.250 A 18.000,45.6976,4.84547,Nuit avec éclairage allumé,Hors agglomération,Hors intersection,Normale,Deux véhicules - côté,3,3,3,0,1,2,1,0,1,70,2,3,2,0,1,0,21.0,46.0,voiture,voiture,5,1,1,1,3
201900022610,2019-10-06 23:00:00,2019,10,6,23,0,69,69276,BUS (RD301)   0.000 A 2.800,45.67907,4.84879,Nuit avec éclairage allumé,Hors agglomération,Hors intersection,Pluie légère,Deux véhicules - côté,3,1,1,0,2,2,2,2,1,50,2,2,0,0,0,2,47.0,23.0,voiture,voiture,5,1,1,2,3
201900022611,2019-10-11 17:35:00,2019,10,11,17,35,33,33192,ROCADE A 630,44.78725,-0.59804,Plein jour,Hors agglomération,Hors intersection,Normale,Trois véhicules et plus - collisions multiples,1,3,6,0,1,1,1,0,1,90,3,4,3,0,0,1,20.0,22.0,voiture,voiture,1,1,1,1,5
201900022612,2019-10-09 20:00:00,2019,10,9,20,0,59,59646,ROUTE NATIONALE 356,50.665093,3.114203,Nuit sans éclairage public,Hors agglomération,Hors intersection,Pluie légère,Trois véhicules et plus - en chaîne,2,3,2,0,1,1,2,0,1,90,4,4,3,0,0,1,21.0,25.0,voiture,voiture,3,1,1,2,4
201900022613,2019-10-11 13:20:00,2019,10,11,13,20,94,94038,AUTOROUTE A6A,48.77418,2.34626,Plein jour,Hors agglomération,Hors intersection,Normale,Deux véhicules - arrière,1,1,3,0,1,1,1,0,1,90,2,3,1,0,0,2,21.0,25.0,voiture,voiture,1,1,1,1,2
201900022614,2019-10-10 21:30:00,2019,10,10,21,30,78,78362,A13,48.97884,1.70558,Nuit avec éclairage allumé,Hors agglomération,Hors intersection,Normale,Deux véhicules - côté,1,1,3,0,2,1,1,0,1,130,2,2,0,0,0,2,35.0,35.0,deux_roues,voiture,5,1,1,1,3
201900022615,2019-10-11 21:40:00,2019,10,11,21,40,93,93027,AUTOROUTE A1,48.93788,2.41232,Nuit sans éclairage public,Hors agglomération,Hors intersection,Normale,Deux véhicules - côté,1,3,10,0,1,1,1,0,1,90,2,4,3,0,0,1,34.0,26.0,voiture,voiture,3,1,1,1,3
201900022616,2019-10-11 15:50:00,2019,10,11,15,50,93,93048,AUTOROUTE A86,48.8725,2.44775,Plein jour,Hors agglomération,Hors intersection,Normale,Deux véhicules - arrière,1,3,6,0,1,1,1,0,1,90,2,2,1,0,0,1,27.0,36.0,voiture,utilitaire_camion,1,1,1,1,2
201900022617,2019-10-11 16:25:00,2019,10,11,16,25,93,93066,AUTOROUTE A1,48.92384,2.35717,Plein jour,Hors agglomération,Hors intersection,Normale,Trois véhicules et plus - en chaîne,1,3,9,0,1,1,1,0,1,90,3,3,1,0,0,2,32.0,31.0,voiture,utilitaire_camion,1,1,1,1,4
201900022618,2019-10-11 15:15:00,2019,10,11,15,15,95,95572,AUTOROUTE A15,49.03433,2.10151,Plein jour,Hors agglomération,Hors intersection,Normale,Trois véhicules et plus - collisions multiples,1,3,9,0,1,1,1,2,1,90,3,3,1,0,0,2,59.0,44.0,utilitaire_camion,voiture,1,1,1,1,5
201900022619,2019-10-11 08:30:00,2019,10,11,8,30,93,93073,AUTOROUTE A104,48.97012,2.57041,Plein jour,Hors agglomération,Hors intersection,Normale,Sans collision,1,3,6,0,1,1,1,0,1,110,1,1,0,0,0,1,39.0,,utilitaire_camion,,1,1,1,1,7
201900022620,2019-10-11 08:10:00,2019,10,11,8,10,95,95306,AUTOROUTE A15,49.00868,2.15991,Crépuscule ou aube,Hors agglomération,Hors intersection,Normale,Sans collision,1,1,1,0,4,3,1,0,1,50,1,2,1,0,0,1,40.0,,deux_roues,,2,1,1,1,7
201900022621,2019-10-11 20:30:00,2019,10,11,20,30,94,94073,A86 INT,48.7597,2.3834,Nuit avec éclairage allumé,Hors agglomération,Hors intersection,Normale,Deux véhicules - côté,1,3,3,0,1,1,1,0,1,90,2,2,1,0,0,1,25.0,42.0,deux_roues,voiture,5,1,1,1,3
201900022622,2019-10-08 17:15:00,2019,10,8,17,15,64,64132,CORPS FRANC POMMIES DU,43.30502,-0.32066,Plein jour,En agglomération,Autre intersection,Normale,Deux véhicules - côté,4,2,2,0,1,1,1,0,1,50,2,2,1,0,0,1,51.0,83.0,voiture,voiture,1,2,9,1,3
201900022623,2019-10-07 07:30:00,2019,10,7,7,30,54,54547,FRERE (RUE DU GENERAL),48.66272,6.16826,Plein jour,En agglomération,Hors intersection,Pluie légère,Deux véhicules - côté,4,-1,2,0,1,1,2,0,1,50,2,2,1,0,0,1,18.0,22.0,voiture,voiture,1,2,1,2,3
201900022624,2019-10-09 10:42:00,2019,10,9,10,42,54,54357,QUINZE SEPTEMBRE 1944 (RUE DU),48.713287,6.163481,Plein jour,En agglomération,Hors intersection,Normale,Sans collision,4,1,1,0,1,1,1,0,1,30,1,2,1,0,0,1,73.0,,voiture,,1,2,1,1,7
201900022625,2019-10-09 08:55:00,2019,10,9,8,55,45,45286,AV GASTON GALLOUX,47.88844,1.92409,Plein jour,En agglomération,Hors intersection,Pluie légère,Trois véhicules et plus - en chaîne,4,2,2,0,2,1,2,0,1,70,4,3,1,0,0,2,19.0,36.0,voiture,voiture,1,2,1,2,4
201900022626,2019-10-09 07:00:00,2019,10,9,7,0,45,45234,AV DES DROITS DE L'HOMME - BD M STUART,47.9118,1.9231,Nuit avec éclairage allumé,En agglomération,Intersection en X,Pluie légère,Autre collision,4,3,5,0,1,1,2,5,1,50,1,2,1,0,0,1,46.0,,voiture,,5,2,2,2,6
201900022627,2019-10-09 18:50:00,2019,10,9,18,50,38,38185,FLAUBERT (RUE G.),45.17055,5.72757,Nuit avec éclairage allumé,En agglomération,Intersection en X,Normale,Deux véhicules - frontale,4,2,5,1,1,1,2,0,1,50,2,1,0,0,0,1,60.0,,voiture,,5,2,2,1,1
201900022628,2019-10-09 12:30:00,2019,10,9,12,30,13,13204,MARÉCHAL JUIN (BOULEVARD),43.3128809,5.40508,Plein jour,En agglomération,Hors intersection,Normale,Autre collision,4,2,6,0,1,1,1,0,1,50,1,2,1,0,0,1,28.0,,voiture,,1,2,1,1,6
201900022629,2019-10-09 11:50:00,2019,10,9,11,50,13,13206,TOULON (AVENUE DE),43.2855,5.3873,Plein jour,En agglomération,Hors intersection,Normale,Deux véhicules - arrière,4,1,2,0,1,1,1,0,1,50,2,2,1,0,0,1,53.0,17.0,voiture,deux_roues,1,2,1,1,2
201900022630,2019-10-09 08:50:00,2019,10,9,8,50,13,13208,PARADIS (RUE),43.27713,5.3835,Plein jour,En agglomération,Intersection en T,Normale,Autre collision,4,2,3,0,1,1,1,0,1,50,1,2,1,0,0,1,,,voiture,,1,2,3,1,6
201900022631,2019-10-10 15:17:00,2019,10,10,15,17,988,98818,ROUTE BAIE DES DAMES/RUE FLEMING,-22.24013,166.44745,Plein jour,En agglomération,Intersection en T,Normale,Autre collision,4,2,2,0,1,1,1,0,1,50,1,2,1,0,0,1,72.0,,voiture,,1,2,3,1,6
201900022632,2019-10-05 15:10:00,2019,10,5,15,10,988,98818,AV. DU GENERAL DE GAULLE/JULES GARNIER,-22.28669,166.44446,Plein jour,En agglomération,Giratoire,Normale,Sans collision,4,3,4,0,1,1,1,0,1,30,1,1,0,0,0,1,31.0,,deux_roues,,1,2,6,1,7
201900022633,2019-10-10 12:13:00,2019,10,10,12,13,974,97411,LITTORAL (ROUTE 2 DU),-20.88223,55.39486,Plein jour,Hors agglomération,Hors intersection,Normale,Sans collision,2,3,2,0,1,2,1,0,1,70,1,1,0,0,1,0,38.0,,deux_roues,,1,1,1,1,7
201900022634,2019-10-11 01:20:00,2019,10,11,1,20,69,69383,WILSON                              (PT),45.75999,4.84087,Nuit avec éclairage allumé,En agglomération,Intersection en X,Normale,Deux véhicules - côté,7,1,4,1,1,1,1,2,1,50,2,1,0,0,0,1,22.0,,deux_roues,,5,2,2,1,3
201900022635,2019-10-10 18:40:00,2019,10,10,18,40,69,69386,BROTTEAUX (DES)                     (BD),45.76708,4.85687,Plein jour,En agglomération,Hors intersection,Normale,Autre collision,4,1,4,1,1,1,1,0,5,50,1,2,1,0,1,0,41.0,,deux_roues,,1,2,1,1,6
201900022636,2019-10-10 18:20:00,2019,10,10,18,20,69,69388,PAUL CAZENEUVE                      (R ),45.73474,4.86328,Plein jour,En agglomération,Intersection en X,Normale,Autre collision,7,-1,3,0,1,2,1,0,1,50,1,2,1,0,0,1,33.0,,voiture,,1,2,2,1,6
201900022637,2019-10-10 13:35:00,2019,10,10,13,35,972,97209,CHEVALIER SAINTE-MARTHE (BOULEVARD),14.60176,-61.06735,Plein jour,En agglomération,Hors intersection,Normale,Deux véhicules - frontale,3,2,3,0,1,2,1,0,1,50,2,2,1,0,0,1,20.0,43.0,deux_roues,voiture,1,2,1,1,1
201900022638,2019-10-09 09:23:00,2019,10,9,9,23,972,97209,EDOUARD JEANNE (RUE),14.60343,-61.05448,Plein jour,En agglomération,Hors intersection,Normale,Autre collision,4,2,2,0,1,1,1,0,1,50,1,1,0,0,0,1,36.0,,deux_roues,,1,2,1,1,6
201900022639,2019-10-10 19:50:00,2019,10,10,19,50,69,69149,NARCISSE BERTHOLEY                  (R ),45.71568,4.80563,Nuit avec éclairage allumé,En agglomération,Hors intersection,Normale,Deux véhicules - arrière,7,1,1,1,2,1,1,0,1,50,2,1,0,0,0,1,24.0,,deux_roues,,5,2,1,1,2
201900022640,2019-10-10 18:45:00,2019,10,10,18,45,69,69081,LOUIS CHIRPAZ                           ,45.77896,4.77973,Crépuscule ou aube,En agglomération,Hors intersection,Normale,Sans collision,7,2,2,0,2,1,1,0,1,50,1,2,1,0,0,1,29.0,,voiture,,2,2,1,1,7
201900022641,2019-10-10 12:15:00,2019,10,10,12,15,69,69286,EUROPE (DE L')                      (AV),45.81934,4.90859,Plein jour,En agglomération,Hors intersection,Normale,Autre collision,4,3,2,0,1,1,1,0,2,50,1,1,0,0,0,1,45.0,,voiture,,1,2,1,1,6
201900022642,2019-10-08 12:05:00,2019,10,8,12,5,69,69389,DUCHERE (DE LA)                     (BD),45.77734,4.7952,Plein jour,En agglomération,Hors intersection,Temps éblouissant,Autre collision,4,2,2,0,2,1,1,0,1,50,1,2,1,0,0,1,74.0,,voiture,,1,2,1,7,6
201900022643,2019-10-09 16:45:00,2019,10,9,16,45,2B,2B033,11 - RT,42.695,9.4523,Plein jour,En agglomération,Hors intersection,Normale,Trois véhicules et plus - en chaîne,2,2,2,0,2,2,1,1,1,50,5,6,4,0,0,2,59.0,60.0,voiture,voiture,1,2,1,1,4
201900022644,2019-10-09 13:15:00,2019,10,9,13,15,91,91433,CHAMPINS (AVENUE DES),48.44411,2.17828,Plein jour,En agglomération,Hors intersection,Normale,Autre collision,4,2,2,0,1,1,2,0,1,50,1,2,1,0,1,0,57.0,,voiture,,1,2,1,1,6
201900022645,2019-10-10 11:11:00,2019,10,10,11,11,87,87085,CASSEAUX (AVENUE DES) RD,45.84236,1.28756,Plein jour,En agglomération,Intersection en T,Pluie légère,Deux véhicules - côté,3,4,3,0,1,1,2,0,1,50,2,3,1,0,0,2,31.0,54.0,voiture,voiture,1,2,3,2,3
201900022646,2019-10-10 13:30:00,2019,10,10,13,30,85,85191,RD 42 RTE DE VENANSAULT,46.67368,-1.48465,Plein jour,Hors agglomération,Hors intersection,Temps couvert,Sans collision,3,3,2,0,1,2,2,0,1,80,1,1,0,0,0,1,23.0,,voiture,,1,1,1,8,7
201900022647,2019-10-10 17:30:00,2019,10,10,17,30,83,83137,BRIAND (AVE ARISTIDE DE 1 A 1219,43.1274,5.90499,Plein jour,En agglomération,Hors intersection,Normale,Deux véhicules - côté,4,2,3,3,1,1,1,0,1,50,2,2,1,0,1,0,52.0,65.0,voiture,deux_roues,1,2,1,1,3
201900022648,2019-10-10 13:20:00,2019,10,10,13,20,78,78440,EUROPE (AVENUE DE L'),48.97572,1.91572,Plein jour,En agglomération,Hors intersection,Normale,Autre collision,3,3,4,0,1,1,1,0,1,50,1,2,1,0,0,1,25.0,,voiture,,1,2,1,1,6
201900022649,2019-07-25 23:10:00,2019,7,25,23,10,78,78123,EUROPE (RN 190) AVENUE DE L',48.93868,2.03572,Nuit avec éclairage allumé,En agglomération,Intersection en T,Normale,Deux véhicules - arrière,3,2,2,0,1,1,1,0,3,30,2,3,2,0,0,1,31.0,47.0,voiture,voiture,5,2,3,1,2
201900022650,2019-10-10 08:45:00,2019,10,10,8,45,77,77186,D138 X D116-CROIX DE TOULOUSE (CARREFOUR DE LA),48.4441122,2.7183336,Crépuscule ou aube,Hors agglomération,Giratoire,Normale,Trois véhicules et plus - collisions multiples,3,2,0,0,1,1,1,5,1,80,3,3,2,0,0,1,30.0,51.0,voiture,voiture,2,1,6,1,5
201900022651,2019-10-10 08:10:00,2019,10,10,8,10,76,76103,RN 14 (ROUTE NEUVE),49.41673,1.13146,Plein jour,En agglomération,Intersection en T,Pluie légère,Deux véhicules - côté,3,2,2,0,3,1,2,0,1,50,2,2,1,0,0,1,16.0,53.0,deux_roues,voiture,1,2,3,2,3
201900022652,2019-10-03 17:40:00,2019,10,3,17,40,76,76705,CD 7,49.31739,1.06902,Plein jour,Hors agglomération,Hors intersection,Normale,Deux véhicules - arrière,3,3,4,0,1,1,1,0,1,80,2,3,2,0,0,1,31.0,35.0,voiture,voiture,1,1,1,1,2
201900022653,2019-10-07 16:50:00,2019,10,7,16,50,76,76486,CD 132,49.30874,0.99499,Plein jour,En agglomération,Hors intersection,Normale,Deux véhicules - arrière,4,2,2,0,1,1,1,0,1,50,2,3,2,0,0,1,38.0,25.0,voiture,voiture,1,2,1,1,2
201900022654,2019-10-10 07:35:00,2019,10,10,7,35,74,74305,VOIRONS (RUE DES),46.2025,6.2559,Crépuscule ou aube,En agglomération,Autre intersection,Normale,Deux véhicules - côté,3,2,3,0,2,2,2,9,2,50,2,2,1,0,0,1,32.0,56.0,voiture,deux_roues,2,2,9,1,3
201900022655,2019-10-08 14:35:00,2019,10,8,14,35,74,74012,CLOS FLEURY (RUE DU),46.19192,6.23303,Plein jour,En agglomération,Hors intersection,Normale,Autre collision,4,2,2,0,1,1,1,0,1,50,1,2,1,0,1,0,61.0,,utilitaire_camion,,1,2,1,1,6
201900022656,2019-10-10 21:10:00,2019,10,10,21,10,69,69029,HELENE BOUCHER                      (R ),45.74724,4.92337,Nuit avec éclairage allumé,En agglomération,Intersection en X,Normale,Autre collision,4,3,2,0,1,3,1,5,1,50,1,1,0,0,0,1,,,,,5,2,2,1,6