accident_id,datetime,annee,mois,jour,heure,minute,departement,commune_insee,adresse,latitude,longitude,luminosite,agglomeration,intersection,meteo,collision,catr,circ,nbv,vosp,prof,plan,surf,infra,situ,vma,nb_vehicules,nb_usagers,nb_indemnes,nb_tues,nb_blesses_hosp,nb_blesses_legers,age_cond_1,age_cond_2,veh_type_cond_1,veh_type_cond_2,lum_code,agg_code,int_code,atm_code,col_code
201900022657,2019-10-10 12:35:00,2019,10,10,12,35,66,66136,BARDOU JOB JUSTIN ET PLACE,42.69901,2.89076,Plein jour,En agglomération,Hors intersection,Normale,Autre collision,4,1,1,0,1,3,1,0,1,30,1,3,1,0,1,1,76.0,,voiture,,1,2,1,1,6
201900022658,2019-10-10 14:15:00,2019,10,10,14,15,64,64189,BENOIT PIERRE (BOULEVARD),43.3882577,-1.6784746,Plein jour,En agglomération,Hors intersection,Normale,Deux véhicules - côté,3,2,2,0,1,3,1,0,1,30,2,2,1,0,0,1,55.0,68.0,voiture,deux_roues,1,2,1,1,3
201900022659,2019-10-10 17:30:00,2019,10,10,17,30,64,64445,AUTEUIL D',43.32841,-0.37641,Plein jour,En agglomération,Intersection en X,Normale,Deux véhicules - côté,4,2,2,0,1,1,1,0,1,50,2,2,1,0,0,1,19.0,40.0,deux_roues,voiture,1,2,2,1,3
201900022660,2019-10-10 17:30:00,2019,10,10,17,30,64,64445,PIERRE BONNARD,43.3104191,-0.3629866,Plein jour,En agglomération,Intersection en T,Normale,Autre collision,4,2,2,0,1,1,1,0,1,50,1,2,1,0,1,0,31.0,,voiture,,1,2,3,1,6
201900022661,2019-10-09 14:00:00,2019,10,9,14,0,64,64102,SAINT BERNARD (CHEMIN DE),43.5080135,-1.4881341,Plein jour,En agglomération,Giratoire,Pluie forte,Sans collision,4,1,1,0,1,2,2,0,1,50,1,1,0,0,0,1,19.0,,deux_roues,,1,2,6,3,7
201900022662,2019-10-08 18:45:00,2019,10,8,18,45,64,64102,HENRI DE NAVARRE (AVENUE),43.4940023,-1.4528523,Crépuscule ou aube,En agglomération,Intersection en X,Normale,Deux véhicules - côté,3,2,4,0,2,1,1,0,1,50,2,2,1,0,0,1,42.0,21.0,voiture,deux_roues,2,2,2,1,3
201900022663,2019-10-06 16:15:00,2019,10,6,16,15,62,62193,MAUBEUGE (RUE DE),50.94774,1.87779,Plein jour,En agglomération,Hors intersection,Normale,Autre collision,3,3,2,0,1,1,1,0,1,50,1,3,2,0,0,1,20.0,,voiture,,1,2,1,1,6
201900022664,2019-10-10 17:25:00,2019,10,10,17,25,60,60159,BOURNONVILLE (DE),49.406654,2.8318162,Plein jour,En agglomération,Giratoire,Temps éblouissant,Deux véhicules - côté,4,1,1,0,1,2,1,5,1,30,2,2,1,0,1,0,17.0,56.0,deux_roues,voiture,1,2,6,7,3
201900022665,2019-10-10 05:25:00,2019,10,10,5,25,60,60665,R.N 131,49.40986,2.77533,Nuit avec éclairage allumé,En agglomération,Giratoire,Temps couvert,Deux véhicules - côté,3,4,2,0,1,2,2,0,1,50,2,2,1,0,1,0,38.0,26.0,deux_roues,voiture,5,2,6,8,3
201900022666,2019-10-07 14:30:00,2019,10,7,14,30,59,59178,HAUBERSART (PLACE D'),50.36699,3.08798,Plein jour,En agglomération,Giratoire,Normale,Deux véhicules - côté,3,2,2,0,1,1,1,0,3,50,2,2,1,0,0,1,85.0,23.0,voiture,deux_roues,1,2,6,1,3
201900022667,2019-10-10 12:55:00,2019,10,10,12,55,56,56121,LE GRAND (RUE  JULES ),47.74798,-3.35747,Plein jour,En agglomération,Intersection en T,Normale,Deux véhicules - côté,4,2,2,0,1,1,1,0,1,50,2,2,0,0,0,2,30.0,26.0,deux_roues,voiture,1,2,3,1,3
201900022668,2019-10-09 07:51:00,2019,10,9,7,51,56,56121,BELGIQUE (RUE  DE ),47.75862,-3.37754,Nuit avec éclairage allumé,En agglomération,Hors intersection,Pluie forte,Autre collision,4,2,2,0,1,1,1,0,1,50,1,2,1,0,0,1,54.0,,voiture,,5,2,1,3,6
201900022669,2019-10-08 20:40:00,2019,10,8,20,40,56,56121,THOREZ (RUE  MAURICE ),47.74249,-3.39371,Nuit sans éclairage public,En agglomération,Hors intersection,Normale,Deux véhicules - frontale,4,2,2,0,1,1,1,0,1,30,2,2,1,0,0,1,29.0,15.0,voiture,deux_roues,3,2,1,1,1
201900022670,2019-10-07 16:45:00,2019,10,7,16,45,56,56083,JOFFRE (RUE  DU MARECHAL ),47.80741,-3.27485,Plein jour,En agglomération,Intersection en X,Normale,Deux véhicules - côté,4,2,2,0,1,1,1,0,1,50,2,2,0,0,0,2,33.0,38.0,voiture,voiture,1,2,2,1,3
201900022671,2019-10-07 12:45:00,2019,10,7,12,45,56,56083,CENTRE CIAL LECLERC,47.79859,-3.25974,Plein jour,En agglomération,Hors intersection,Normale,Autre collision,6,-1,0,0,1,1,1,9,1,30,1,2,1,0,0,1,18.0,,voiture,,1,2,1,1,6
201900022672,2019-10-06 15:40:00,2019,10,6,15,40,56,56121,MULLER ( DU COLONEL JEAN ),47.76545,-3.39628,Plein jour,En agglomération,Hors intersection,Normale,Sans collision,6,-1,0,0,1,1,1,0,8,30,1,2,1,0,0,1,14.0,,deux_roues,,1,2,1,1,7
201900022673,2019-10-08 15:46:00,2019,10,8,15,46,49,49007,D323,47.46656,-0.58216,Plein jour,En agglomération,Hors intersection,Normale,Sans collision,3,-1,1,0,1,2,1,0,1,70,1,3,2,0,1,0,26.0,,voiture,,1,2,1,1,7
201900022674,2019-10-03 12:01:00,2019,10,3,12,1,45,45208,CARREFOUR PERRUCHOT,47.999243,2.728965,Plein jour,En agglomération,Hors intersection,Normale,Deux véhicules - côté,4,1,2,0,1,2,1,0,1,30,2,1,0,0,1,0,50.0,,deux_roues,,1,2,1,1,3
201900022675,2019-10-09 12:50:00,2019,10,9,12,50,44,44184,Bd legion d'honneur,47.275295,-2.203886,Crépuscule ou aube,Hors agglomération,Hors intersection,Pluie légère,Autre collision,4,2,2,0,1,1,1,6,1,30,1,2,1,0,0,1,31.0,,voiture,,2,1,1,2,6
201900022676,2019-10-09 18:00:00,2019,10,9,18,0,44,44114,165,47.25778,-1.63157,Crépuscule ou aube,Hors agglomération,Hors intersection,Pluie légère,Trois véhicules et plus - en chaîne,1,3,0,0,1,1,2,0,1,90,4,4,1,1,0,2,51.0,38.0,voiture,voiture,2,1,1,2,4
201900022677,2019-10-10 08:30:00,2019,10,10,8,30,37,37122,CERCELE (RUE),47.3336715,0.6538565,Plein jour,En agglomération,Intersection en T,Normale,Autre collision,4,2,2,0,1,1,1,0,1,50,2,2,1,0,0,1,11.0,44.0,deux_roues,voiture,1,2,3,1,6
201900022678,2019-10-10 08:20:00,2019,10,10,8,20,35,35238,AVENUE DES PREALES,48.10647,-1.68617,Plein jour,En agglomération,Intersection en T,Normale,Deux véhicules - côté,4,2,2,0,3,1,1,0,1,30,2,2,1,0,0,1,58.0,28.0,voiture,deux_roues,1,2,3,1,3
201900022679,2019-10-09 18:20:00,2019,10,9,18,20,33,33075,MEDOC (RTE DU),44.87969,-0.62684,Plein jour,En agglomération,Intersection en X,Normale,Deux véhicules - côté,1,2,1,0,1,1,1,3,8,50,2,2,1,0,1,0,25.0,39.0,deux_roues,voiture,1,2,2,1,3
201900022680,2019-10-09 16:30:00,2019,10,9,16,30,33,33200,RUE DE LOS HEROS,44.87444,-0.6762,Plein jour,En agglomération,Hors intersection,Normale,Autre collision,4,2,4,2,1,1,1,0,1,30,1,2,1,0,1,0,39.0,,voiture,,1,2,1,1,6
201900022681,2019-10-09 11:30:00,2019,10,9,11,30,33,33063,RUE DE BEGLES,44.82366,-0.56583,Plein jour,En agglomération,Intersection en X,Normale,Deux véhicules - côté,4,2,2,0,1,1,1,0,1,50,2,2,0,0,0,2,22.0,72.0,deux_roues,voiture,1,2,2,1,3
201900022682,2019-10-10 05:05:00,2019,10,10,5,5,31,31555,VA008482 A624,43.60606,1.39498,Nuit avec éclairage non allumé,Hors agglomération,Hors intersection,Normale,Autre collision,1,1,2,0,2,2,1,0,1,50,1,1,0,0,0,1,24.0,,voiture,,4,1,1,1,6
201900022683,2019-10-10 12:17:00,2019,10,10,12,17,29,29051,KERDEVOT RUE,47.99647,-4.02462,Plein jour,En agglomération,Hors intersection,Normale,Deux véhicules - frontale,4,2,1,0,2,1,1,0,1,50,2,2,1,0,0,1,43.0,16.0,voiture,deux_roues,1,2,1,1,1
201900022684,2019-10-05 05:35:00,2019,10,5,5,35,29,29232,Park Poullig rond point,48.02976,-4.0877,Nuit sans éclairage public,Hors agglomération,Hors intersection,Pluie légère,Sans collision,3,1,0,0,1,1,2,5,1,70,1,1,0,0,0,1,21.0,,voiture,,3,1,1,2,7
201900022685,2019-10-09 14:32:00,2019,10,9,14,32,29,29232,BREST ROUTE DE,48.01028,-4.08118,Plein jour,En agglomération,Hors intersection,Pluie légère,Trois véhicules et plus - en chaîne,3,-1,2,0,1,1,2,0,1,50,3,4,2,0,0,2,38.0,37.0,voiture,voiture,1,2,1,2,4
201900022686,2019-10-10 09:17:00,2019,10,10,9,17,29,29019,AV PROVENCE,48.4073447,-4.5176544,Plein jour,En agglomération,Hors intersection,Normale,Deux véhicules - côté,4,2,0,0,1,2,1,0,1,50,2,2,1,0,0,1,59.0,35.0,voiture,deux_roues,1,2,1,1,3
201900022687,2019-10-10 09:55:00,2019,10,10,9,55,17,17300,COUREILLES   RUE DE,46.14205,-1.15753,Plein jour,En agglomération,Giratoire,Pluie légère,Deux véhicules - côté,4,-1,2,0,1,1,2,0,1,50,2,2,1,0,0,1,54.0,20.0,voiture,deux_roues,1,2,6,2,3
201900022688,2019-10-10 11:35:00,2019,10,10,11,35,16,16015,rue Jean MAINTENON ,45.649326,0.140101,Plein jour,En agglomération,Hors intersection,Normale,Deux véhicules - frontale,4,2,2,0,1,1,1,0,1,50,2,2,1,0,0,1,39.0,72.0,voiture,voiture,1,2,1,1,1
201900022689,2019-10-10 22:40:00,2019,10,10,22,40,14,14118,VENDEUVRE (QUAI),49.18217,-0.35361,Nuit avec éclairage allumé,En agglomération,Intersection en X,Normale,Deux véhicules - frontale,4,2,-1,-1,1,1,1,0,1,-1,2,2,1,0,0,1,41.0,26.0,voiture,deux_roues,5,2,2,1,1
201900022690,2019-10-10 22:45:00,2019,10,10,22,45,13,13102,DOCTEUR GUSTAVE LAPLANE (RUE ),43.4172,5.2351,Nuit avec éclairage allumé,En agglomération,Intersection en T,Normale,Deux véhicules - côté,4,2,2,0,1,1,1,0,1,50,2,3,1,0,0,2,20.0,20.0,voiture,voiture,5,2,3,1,3
201900022691,2019-10-10 15:40:00,2019,10,10,15,40,13,13213,ROSE (AVENUE DE LA),43.3178,5.3743,Plein jour,En agglomération,Hors intersection,Normale,Autre collision,4,2,2,0,1,1,1,0,1,50,1,2,1,0,1,0,53.0,,voiture,,1,2,1,1,6
201900022692,2019-10-10 09:00:00,2019,10,10,9,0,13,13212,JOSEPH CLERISSY (RUE),43.29606,5.42724,Plein jour,En agglomération,Giratoire,Normale,Autre collision,4,2,2,0,1,1,1,0,1,50,1,2,1,0,0,1,67.0,,voiture,,1,2,6,1,6
201900022693,2019-10-10 07:30:00,2019,10,10,7,30,13,13211,DOCTEUR HECKEL (RUE DU),43.28728,5.44202,Crépuscule ou aube,En agglomération,Hors intersection,Normale,Deux véhicules - côté,4,2,2,0,1,1,1,0,1,50,2,2,1,0,0,1,49.0,48.0,deux_roues,voiture,2,2,1,1,3
201900022694,2019-10-08 21:20:00,2019,10,8,21,20,13,13212,SAINT PIERRE (RUE),43.2907248,5.4181534,Nuit avec éclairage non allumé,En agglomération,Hors intersection,Normale,Autre collision,4,2,2,0,1,3,1,9,1,50,1,2,0,0,0,2,68.0,,deux_roues,,4,2,1,1,6
201900022695,2019-10-09 19:18:00,2019,10,9,19,18,13,13047,CD16 (LE DELA),43.54035,5.01208,Nuit sans éclairage public,Hors agglomération,Hors intersection,Normale,Trois véhicules et plus - collisions multiples,3,2,2,0,2,1,1,0,1,70,3,3,2,0,0,1,24.0,28.0,voiture,deux_roues,3,1,1,1,5
201900022696,2019-10-10 17:15:00,2019,10,10,17,15,13,13001,FERRY JULES (AV),43.5162218,5.4517139,Plein jour,En agglomération,Hors intersection,Normale,Autre collision,4,-1,2,0,2,1,1,0,1,50,2,1,0,0,1,0,21.0,,deux_roues,,1,2,1,1,6
201900022697,2019-10-09 17:28:00,2019,10,9,17,28,10,10387,JULES GUESDE (RUE),48.288,4.08121,Plein jour,En agglomération,Giratoire,Normale,Deux véhicules - côté,4,1,2,1,1,1,1,0,1,50,2,2,1,0,0,1,23.0,83.0,deux_roues,voiture,1,2,6,1,3
201900022698,2019-10-09 15:28:00,2019,10,9,15,28,10,10333,ROCADE OUEST (RD 610),48.2796813,4.0411069,Plein jour,Hors agglomération,Hors intersection,Normale,Deux véhicules - arrière,3,1,2,0,1,1,2,0,1,110,2,5,1,0,0,4,39.0,18.0,voiture,voiture,1,1,1,1,2
201900022699,2019-10-10 09:20:00,2019,10,10,9,20,6,06088,CAISSOTI (RUE),43.705901,7.283022,Plein jour,En agglomération,Intersection en T,Normale,Deux véhicules - côté,4,1,2,0,1,1,1,0,1,50,2,4,3,0,0,1,48.0,28.0,voiture,voiture,1,2,3,1,3
201900022700,2019-10-10 18:42:00,2019,10,10,18,42,6,06155,RD6007,43.555102,7.060915,Plein jour,En agglomération,Hors intersection,Normale,Deux véhicules - frontale,3,2,2,1,1,1,1,0,1,70,2,2,0,2,0,0,45.0,67.0,deux_roues,deux_roues,1,2,1,1,1
201900022701,2019-10-10 17:30:00,2019,10,10,17,30,75,75119,BD PERIPHERIQUE EXTERIEUR,48.89361,2.395287,Plein jour,En agglomération,Hors intersection,Normale,Autre collision,4,1,4,0,1,1,1,0,1,70,3,2,1,0,0,1,48.0,34.0,utilitaire_camion,deux_roues,1,2,1,1,6
201900022702,2019-10-10 11:30:00,2019,10,10,11,30,75,75112,BD PERIPHERIQUE EXTERIEUR,48.8299044,2.4017448,Plein jour,En agglomération,Intersection en Y,Normale,Trois véhicules et plus - en chaîne,4,1,4,0,1,1,1,0,1,70,3,3,2,0,0,1,56.0,43.0,utilitaire_camion,utilitaire_camion,1,2,4,1,4
201900022703,2019-10-10 10:00:00,2019,10,10,10,0,75,75116,BD PERIPHERIQUE EXTERIEUR,48.8480318,2.2534067,Plein jour,En agglomération,Hors intersection,Normale,Deux véhicules - côté,4,1,4,0,1,1,1,1,1,70,2,2,1,0,0,1,58.0,24.0,deux_roues,voiture,1,2,1,1,3
201900022704,2019-10-10 09:00:00,2019,10,10,9,0,75,75116,BD PERIPHERIQUE INTERIEUR,48.8431719,2.2545735,Plein jour,En agglomération,Hors intersection,Normale,Deux véhicules - arrière,4,1,4,0,1,1,1,0,1,70,2,2,1,0,0,1,40.0,28.0,voiture,deux_roues,1,2,1,1,2
201900022705,2019-10-09 16:50:00,2019,10,9,16,50,75,75119,BD PERIPHERIQUE INTERIEUR,48.900426,2.388878,Plein jour,En agglomération,Hors intersection,Normale,Deux véhicules - arrière,4,1,4,0,1,1,1,0,1,70,2,2,1,0,0,1,47.0,46.0,utilitaire_camion,voiture,1,2,1,1,2
201900022706,2019-10-08 17:33:00,2019,10,8,17,33,75,75111,AVENUE DE LA REPUBLIQUE,48.8656387,2.3725863,Plein jour,En agglomération,Intersection en T,Pluie légère,Deux véhicules - arrière,4,2,4,0,1,1,2,0,1,50,2,2,1,1,0,0,37.0,23.0,utilitaire_camion,deux_roues,1,2,3,2,2
201900022707,2019-10-10 19:35:00,2019,10,10,19,35,75,75118,RUE ORDENER,48.8929894,2.3410362,Nuit avec éclairage allumé,En agglomération,Hors intersection,Normale,Deux véhicules - côté,4,2,2,0,1,1,1,0,1,50,2,2,1,0,0,1,27.0,57.0,deux_roues,voiture,5,2,1,1,3
201900022708,2019-10-10 06:30:00,2019,10,10,6,30,75,75110,BOULEVARD DE LA CHAPELLE,48.8840158,2.3550038,Nuit sans éclairage public,En agglomération,Hors intersection,Normale,Autre collision,4,3,2,0,1,1,2,0,1,50,1,1,0,0,0,1,32.0,,deux_roues,,3,2,1,1,6
201900022709,2019-10-10 11:20:00,2019,10,10,11,20,75,75117,AVENUE DE VILLIERS,48.8844404,2.3012429,Plein jour,En agglomération,Intersection en Y,Normale,Deux véhicules - côté,4,2,2,1,1,1,1,0,5,30,2,2,1,0,0,1,35.0,62.0,deux_roues,voiture,1,2,4,1,3
201900022710,2019-10-10 04:15:00,2019,10,10,4,15,75,75117,RUE CARDINET,48.8822005,2.304525,Nuit avec éclairage allumé,En agglomération,Intersection en X,Normale,Deux véhicules - côté,4,1,1,0,1,1,2,0,1,50,2,3,2,0,0,1,33.0,38.0,voiture,voiture,5,2,2,1,3
201900022711,2019-10-10 07:00:00,2019,10,10,7,0,75,75116,ALLEE DE LONGCHAMP,48.869408,2.2557539,Nuit avec éclairage allumé,En agglomération,Hors intersection,Normale,Sans collision,4,2,2,0,1,1,2,0,1,50,1,1,0,0,0,1,30.0,,deux_roues,,5,2,1,1,7
201900022712,2019-10-10 00:05:00,2019,10,10,0,5,75,75116,AVENUE PAUL DOUMER,48.861799,2.285766,Nuit avec éclairage allumé,En agglomération,Intersection en Y,Normale,Deux véhicules - côté,4,2,2,0,2,1,1,0,1,50,2,3,2,0,0,1,58.0,67.0,deux_roues,voiture,5,2,4,1,3
201900022713,2019-10-08 16:00:00,2019,10,8,16,0,75,75116,PLACE DE LA PORTE D AUTEUIL,48.8480887,2.258014,Plein jour,En agglomération,Place,Pluie légère,Deux véhicules - côté,4,2,2,0,1,1,2,0,1,50,2,2,1,0,0,1,86.0,39.0,deux_roues,voiture,1,2,7,2,3
201900022714,2019-10-09 16:55:00,2019,10,9,16,55,75,75115,RUE DE LA CONVENTION,48.8434497,2.2827637,Plein jour,En agglomération,Intersection en X,Pluie légère,Autre collision,4,2,2,0,1,1,2,0,1,50,1,2,1,0,0,1,21.0,,deux_roues,,1,2,2,2,6
201900022715,2019-10-10 20:55:00,2019,10,10,20,55,75,75114,RUE D ALESIA,48.8278466,2.3289809,Nuit avec éclairage allumé,En agglomération,Intersection en Y,Normale,Autre collision,4,2,3,0,1,1,1,0,1,50,1,2,1,0,0,1,55.0,,voiture,,5,2,4,1,6
201900022716,2019-10-10 19:55:00,2019,10,10,19,55,75,75114,RUE D ALESIA,48.8302375,2.3200614,Nuit avec éclairage allumé,En agglomération,Intersection en T,Normale,Deux véhicules - frontale,4,2,3,0,1,1,1,0,1,50,2,2,1,0,0,1,39.0,44.0,utilitaire_camion,voiture,5,2,3,1,1
201900022717,2019-10-10 12:20:00,2019,10,10,12,20,75,75114,RUE D ALESIA,48.8318105,2.3141753,Plein jour,En agglomération,Intersection en X,Normale,Autre collision,4,2,3,0,1,1,1,5,1,50,1,2,1,0,0,1,32.0,,utilitaire_camion,,1,2,2,1,6
201900022718,2019-10-10 16:26:00,2019,10,10,16,26,75,75113,BOULEVARD ARAGO,48.8349589,2.3449996,Plein jour,En agglomération,Intersection en X,Normale,Deux véhicules - côté,4,2,3,3,1,1,1,0,6,50,2,3,2,0,1,0,42.0,20.0,deux_roues,voiture,1,2,2,1,3
201900022719,2019-10-09 23:00:00,2019,10,9,23,0,75,75113,RUE DE LA GLACIERE,48.8303787,2.343958,Nuit avec éclairage allumé,En agglomération,Hors intersection,Normale,Sans collision,4,2,2,0,1,1,1,0,1,50,1,1,0,0,0,1,27.0,,deux_roues,,5,2,1,1,7
201900022720,2019-10-10 15:50:00,2019,10,10,15,50,75,75108,PLACE DE LA CONCORDE,48.8644306,2.3201455,Plein jour,En agglomération,Place,Normale,Deux véhicules - côté,4,2,8,0,1,1,1,0,1,50,2,2,1,0,0,1,30.0,25.0,voiture,deux_roues,1,2,7,1,3
201900022721,2019-10-10 18:20:00,2019,10,10,18,20,75,75107,RUE DU BAC,48.856722,2.3270456,Plein jour,En agglomération,Intersection en Y,Normale,Deux véhicules - côté,4,2,2,1,1,1,1,0,5,50,2,2,1,0,0,1,24.0,24.0,deux_roues,deux_roues,1,2,4,1,3
201900022722,2019-10-10 12:10:00,2019,10,10,12,10,75,75101,QUAI DE L HORLOGE,48.8568235,2.3441327,Plein jour,En agglomération,Hors intersection,Normale,Deux véhicules - côté,4,1,1,1,1,1,1,0,5,30,2,2,1,0,0,1,40.0,43.0,deux_roues,voiture,1,2,1,1,3
201900022723,2019-10-10 01:15:00,2019,10,10,1,15,75,75104,RUE MORNAY,48.8495165,2.3656247,Nuit avec éclairage allumé,En agglomération,Intersection en X,Pluie légère,Deux véhicules - côté,4,2,2,0,1,1,2,0,1,50,2,2,1,0,0,1,42.0,35.0,voiture,deux_roues,5,2,2,2,3
201900022724,2019-10-09 09:45:00,2019,10,9,9,45,94,94068,ALSACE LORRAINE (R D),48.80516,2.48457,Plein jour,En agglomération,Hors intersection,Pluie forte,Autre collision,4,2,1,0,1,1,2,6,1,30,1,2,1,0,0,1,40.0,,voiture,,1,2,1,3,6
201900022725,2019-10-10 06:50:00,2019,10,10,6,50,94,94017,MAURICE THOREZ (AV),48.81503,2.378201,Nuit sans éclairage public,En agglomération,Hors intersection,Pluie légère,Autre collision,3,3,2,0,1,1,2,0,3,50,1,2,1,1,0,0,43.0,,voiture,,3,2,1,2,6
201900022726,2019-10-10 10:30:00,2019,10,10,10,30,93,93070,LANDY(RUE):N° 1 AU 43,48.91429,2.34699,Plein jour,En agglomération,Autre intersection,Normale,Autre collision,3,2,2,0,1,1,1,0,1,25,1,2,0,0,0,2,31.0,,utilitaire_camion,,1,2,9,1,6
201900022727,2019-10-10 13:30:00,2019,10,10,13,30,93,93051,MALNOUE (NR 116 A 121),48.8413625,2.5696857,Plein jour,En agglomération,Hors intersection,Normale,Autre collision,4,2,2,0,1,1,1,0,1,50,1,2,1,0,0,1,31.0,,voiture,,1,2,1,1,6
201900022728,2019-10-10 08:40:00,2019,10,10,8,40,93,93046,VAUBAN AVENUE,48.92064,2.52607,Plein jour,En agglomération,Hors intersection,Normale,Deux véhicules - côté,3,2,2,0,1,1,2,0,2,50,2,2,1,0,0,1,13.0,20.0,deux_roues,voiture,1,2,1,1,3
201900022729,2019-10-10 09:13:00,2019,10,10,9,13,93,93046,ARISTIDE BRIAND AVENUE,48.91379,2.52518,Plein jour,En agglomération,Hors intersection,Pluie légère,Deux véhicules - côté,3,1,2,0,1,1,2,0,1,50,2,2,1,0,1,0,39.0,47.0,deux_roues,voiture,1,2,1,2,3
201900022730,2019-10-08 19:30:00,2019,10,8,19,30,93,93079,SAINT LEU (ROUTE),48.95111,2.33977,Nuit avec éclairage allumé,En agglomération,Hors intersection,Pluie légère,Deux véhicules - côté,3,2,4,1,1,1,2,0,5,50,2,2,1,0,0,1,25.0,24.0,deux_roues,voiture,5,2,1,2,3
201900022731,2019-10-10 20:11:00,2019,10,10,20,11,93,93030,HUIT-MAI-1945 (AVENUE DU),48.949106,2.438572,Nuit avec éclairage allumé,En agglomération,Autre intersection,Normale,Deux véhicules - côté,3,1,2,3,1,1,1,0,1,50,2,2,1,0,0,1,55.0,38.0,utilitaire_camion,deux_roues,5,2,9,1,3
201900022732,2019-10-10 21:20:00,2019,10,10,21,20,93,93047,MARGUERITES  (AVENUES DES),48.89096,2.55534,Nuit avec éclairage allumé,En agglomération,Intersection en X,Normale,Deux véhicules - côté,4,2,2,0,1,1,1,0,1,50,2,2,1,0,0,1,22.0,19.0,voiture,voiture,5,2,2,1,3
201900022733,2019-10-10 15:25:00,2019,10,10,15,25,93,93057,FRANKLIN (AV.) 104 A FIN,48.90269,2.50807,Plein jour,En agglomération,Hors intersection,Normale,Autre collision,4,1,2,0,1,1,1,9,1,50,2,1,0,0,0,1,52.0,,deux_roues,,1,2,1,1,6
201900022734,2019-10-10 08:23:00,2019,10,10,8,23,93,93008,GROSLAY (CHEMIN DE) D20,48.91044,2.47416,Crépuscule ou aube,En agglomération,Hors intersection,Normale,Deux véhicules - côté,3,2,2,0,1,1,2,0,1,50,2,2,1,0,0,1,38.0,21.0,deux_roues,voiture,2,2,1,1,3
201900022735,2019-10-10 14:00:00,2019,10,10,14,0,93,93007,EMILE ZOLA (RUE),48.94746,2.455022,Plein jour,En agglomération,Hors intersection,Normale,Autre collision,4,2,0,0,1,1,1,0,1,50,1,2,1,0,0,1,50.0,,voiture,,1,2,1,1,6
201900022736,2019-10-10 18:40:00,2019,10,10,18,40,93,93001,ECLUSE DES VERTUS (RUE DE L'),48.91913,2.36998,Plein jour,En agglomération,Intersection en T,Normale,Autre collision,4,1,1,0,1,1,1,0,4,50,1,2,1,0,0,1,35.0,,deux_roues,,1,2,3,1,6
201900022737,2019-10-09 23:00:00,2019,10,9,23,0,93,93066,STADE DE FRANCE (AVENUE DU),48.92225,2.36141,Nuit avec éclairage allumé,Hors agglomération,Autre intersection,Normale,Deux véhicules - côté,7,2,3,0,1,1,1,0,1,50,2,3,1,0,0,2,22.0,38.0,deux_roues,voiture,5,1,9,1,3
201900022738,2019-10-10 20:40:00,2019,10,10,20,40,92,92046,DE STALINGRAD,48.81321,2.29042,Nuit avec éclairage allumé,En agglomération,Hors intersection,Normale,Sans collision,4,2,2,0,1,1,1,0,1,50,1,1,0,0,0,1,23.0,,deux_roues,,5,2,1,1,7
201900022739,2019-10-09 15:46:00,2019,10,9,15,46,92,92050,VAILLANT COUTURIER PAUL RUE,48.8803513,2.2066493,Plein jour,En agglomération,Hors intersection,Normale,Deux véhicules - côté,3,2,2,0,2,1,1,0,1,50,2,2,1,0,0,1,48.0,50.0,voiture,deux_roues,1,2,1,1,3
201900022740,2019-10-09 22:20:00,2019,10,9,22,20,92,92026,VERDUN (DE 01 A 61),48.90133,2.25995,Nuit avec éclairage allumé,En agglomération,Intersection en T,Normale,Deux véhicules - côté,3,2,2,0,1,1,1,9,1,50,2,3,2,0,0,1,24.0,68.0,deux_roues,voiture,5,2,3,1,3
201900022741,2019-10-10 15:00:00,2019,10,10,15,0,92,92012,YVES KERMEN (RUE) 51/FIN - 40/FIN,48.82905,2.23667,Plein jour,En agglomération,Intersection en X,Normale,Deux véhicules - côté,7,2,1,0,1,1,1,0,1,50,2,2,1,0,0,1,39.0,28.0,utilitaire_camion,deux_roues,1,2,2,1,3
201900022742,2019-10-11 14:20:00,2019,10,11,14,20,52,52474,D396,48.060484,4.778861,Plein jour,Hors agglomération,Hors intersection,Normale,Autre collision,3,2,2,0,1,1,1,0,3,80,1,1,0,0,1,0,69.0,,voiture,,1,1,1,1,6
201900022743,2019-10-11 16:00:00,2019,10,11,16,0,36,36230,Avenue de Paris,47.0770511,1.8155945,Plein jour,En agglomération,Intersection en X,Pluie légère,Deux véhicules - frontale,3,2,2,0,4,1,1,0,1,50,2,2,1,0,1,0,25.0,53.0,voiture,voiture,1,2,2,2,1
201900022744,2019-09-17 17:00:00,2019,9,17,17,0,83,83004,rotue nationale 7,43.452687,6.503338,Plein jour,Hors agglomération,Hors intersection,Normale,Deux véhicules - côté,3,2,2,3,1,1,1,0,1,80,2,2,0,0,1,1,79.0,77.0,voiture,voiture,1,1,1,1,3
201900022745,2019-10-11 02:10:00,2019,10,11,2,10,11,11126,Route Départementale 65,43.218268,2.693391,Nuit sans éclairage public,Hors agglomération,Hors intersection,Normale,Autre collision,3,2,2,0,1,2,1,0,1,80,1,2,0,0,1,1,34.0,,voiture,,3,1,1,1,6
201900022746,2019-10-11 17:45:00,2019,10,11,17,45,88,88106,CD 73,48.123246,6.953247,Plein jour,Hors agglomération,Hors intersection,Normale,Autre collision,3,2,2,0,1,1,1,0,3,80,1,2,0,1,0,1,18.0,,voiture,,1,1,1,1,6
201900022747,2019-10-10 17:55:00,2019,10,10,17,55,86,86233,RD8 / RD114C,46.494413,0.624828,Plein jour,Hors agglomération,Intersection en X,Pluie légère,Deux véhicules - côté,3,2,2,0,1,1,2,9,1,80,2,4,0,0,1,3,31.0,32.0,voiture,voiture,1,1,2,2,3