accident_id,datetime,annee,mois,jour,heure,minute,departement,commune_insee,adresse,latitude,longitude,luminosite,agglomeration,intersection,meteo,collision,catr,circ,nbv,vosp,prof,plan,surf,infra,situ,vma,nb_vehicules,nb_usagers,nb_indemnes,nb_tues,nb_blesses_hosp,nb_blesses_legers,age_cond_1,age_cond_2,veh_type_cond_1,veh_type_cond_2,lum_code,agg_code,int_code,atm_code,col_code
201900022841,2019-09-09 18:11:00,2019,9,9,18,11,38,38181,D 523,45.34988,5.98119,Plein jour,Hors agglomération,Hors intersection,Normale,Sans collision,3,2,2,0,1,1,1,0,3,80,1,1,0,0,0,1,57.0,,utilitaire_camion,,1,1,1,1,7
201900022842,2019-09-09 23:00:00,2019,9,9,23,0,49,49298,A11 - PK:280.000,47.456377,-0.703899,Nuit sans éclairage public,Hors agglomération,Hors intersection,Pluie légère,Sans collision,1,3,4,0,1,1,2,0,3,130,1,1,0,0,0,1,23.0,,voiture,,3,1,1,2,7
201900022843,2019-09-10 09:40:00,2019,9,10,9,40,34,34031,A9 PK 151 sens MONTPELLIER/NARBONNE,43.375493,3.407229,Plein jour,Hors agglomération,Hors intersection,Pluie légère,Deux véhicules - arrière,1,3,2,0,1,1,2,0,1,130,2,2,1,0,0,1,31.0,41.0,voiture,voiture,1,1,1,2,2
201900022844,2019-09-09 11:00:00,2019,9,9,11,0,988,98817,VDE,-22.228024,166.502425,Plein jour,Hors agglomération,Hors intersection,Normale,Deux véhicules - frontale,1,2,1,0,1,1,1,0,1,90,2,2,0,0,1,1,34.0,55.0,voiture,utilitaire_camion,1,1,1,1,1
201900022845,2019-09-07 17:45:00,2019,9,7,17,45,973,97312,"Crique PARACOU, PK 104",5.2962416,-52.9147428,Plein jour,Hors agglomération,Hors intersection,Normale,Deux véhicules - arrière,2,2,2,0,2,1,1,0,1,80,2,2,1,0,0,1,56.0,31.0,voiture,voiture,1,1,1,1,2
201900022846,2019-08-24 12:20:00,2019,8,24,12,20,971,97125,"RD102, Saint-Charles",16.267382,-61.323166,Plein jour,Hors agglomération,Hors intersection,Normale,Deux véhicules - frontale,3,2,2,0,1,3,1,0,1,70,2,3,1,0,2,0,48.0,24.0,voiture,voiture,1,1,1,1,1
201900022847,2019-09-08 15:45:00,2019,9,8,15,45,971,97112,Section Houëlche,15.894741,-61.266893,Plein jour,Hors agglomération,Hors intersection,Normale,Deux véhicules - frontale,4,2,2,0,2,1,1,0,3,50,2,5,1,1,3,0,23.0,47.0,utilitaire_camion,deux_roues,1,1,1,1,1
201900022848,2019-08-18 19:00:00,2019,8,18,19,0,978,97801,RN 7,18.0991993,-63.0529919,Nuit sans éclairage public,Hors agglomération,Hors intersection,Normale,Deux véhicules - frontale,2,2,2,0,1,1,1,0,1,70,2,2,0,0,2,0,22.0,24.0,deux_roues,deux_roues,3,1,1,1,1
201900022849,2019-09-04 22:40:00,2019,9,4,22,40,44,44020,146 rue du desert,47.158644,-1.654632,Nuit avec éclairage allumé,En agglomération,Hors intersection,Normale,Deux véhicules - côté,4,2,2,0,1,1,1,0,1,70,2,2,1,1,0,0,21.0,27.0,deux_roues,voiture,5,2,1,1,3
201900022850,2019-09-10 12:10:00,2019,9,10,12,10,91,91179,angle du chemin de la justice,48.565505,2.484977,Plein jour,En agglomération,Hors intersection,Normale,Deux véhicules - arrière,2,2,2,0,1,1,1,5,1,50,2,2,1,0,0,1,19.0,34.0,voiture,voiture,1,2,1,1,2
201900022851,2019-09-10 17:25:00,2019,9,10,17,25,2B,2B042,Avenue de Borgo,42.559637,9.441502,Plein jour,En agglomération,Hors intersection,Normale,Autre collision,4,2,2,0,1,1,1,9,1,50,1,3,1,0,0,2,22.0,,voiture,,1,2,1,1,6
201900022852,2019-09-10 18:20:00,2019,9,10,18,20,4,04039,RD 4085 Col des Leques,43.8649922,6.4663852,Plein jour,Hors agglomération,Hors intersection,Pluie légère,Sans collision,3,2,2,0,2,3,2,0,3,80,1,2,1,1,0,0,49.0,,voiture,,1,1,1,2,7
201900022853,2019-09-09 18:30:00,2019,9,9,18,30,13,13015,3419 Avenue Thiers,43.447512,5.437307,Plein jour,En agglomération,Autre intersection,Normale,Deux véhicules - côté,3,2,2,0,2,3,1,0,1,50,2,3,2,0,1,0,32.0,90.0,deux_roues,voiture,1,2,9,1,3
201900022854,2019-09-09 15:05:00,2019,9,9,15,5,39,39097,,46.741043,5.920418,Plein jour,En agglomération,Intersection en X,Normale,Deux véhicules - côté,4,2,2,0,1,1,1,0,1,50,2,3,2,0,0,1,50.0,41.0,voiture,voiture,1,2,2,1,3
201900022855,2019-09-10 03:30:00,2019,9,10,3,30,88,88196,113 Chemin des Bas-rupts,48.047428,6.868607,Nuit sans éclairage public,Hors agglomération,Hors intersection,Temps couvert,Autre collision,4,2,2,0,2,4,1,0,3,80,1,3,0,2,0,1,21.0,,voiture,,3,1,1,8,6
201900022856,2019-09-07 13:50:00,2019,9,7,13,50,1,01259,Chemin des Vignes,46.219694,5.105083,Plein jour,Hors agglomération,Intersection en Y,Normale,Deux véhicules - frontale,4,2,2,0,1,2,1,0,1,50,2,4,2,0,0,2,85.0,41.0,voiture,voiture,1,1,4,1,1
201900022857,2019-09-09 16:30:00,2019,9,9,16,30,81,81260,Terre-de-Bancalié,43.766438,2.230995,Plein jour,Hors agglomération,Hors intersection,Normale,Sans collision,3,2,2,0,2,1,1,0,1,-1,1,1,0,0,1,0,52.0,,utilitaire_camion,,1,1,1,1,7
201900022858,2019-09-09 12:23:00,2019,9,9,12,23,49,49332,Rue Gustave Eiffel,47.073051,-0.934877,Plein jour,En agglomération,Giratoire,Normale,Deux véhicules - côté,4,2,2,0,2,1,1,5,1,50,2,2,1,0,1,0,37.0,58.0,voiture,deux_roues,1,2,6,1,3
201900022859,2019-09-09 21:30:00,2019,9,9,21,30,35,35292,1 La Croix des Cinq Chemins,48.378258,-1.377022,Nuit sans éclairage public,Hors agglomération,Intersection en T,Autre,Autre collision,3,2,2,0,1,1,2,9,8,80,1,2,0,0,2,0,18.0,,voiture,,3,1,3,9,6
201900022860,2019-09-10 12:15:00,2019,9,10,12,15,76,76057,Rue du 11 Novembre,49.534329,0.958307,Plein jour,En agglomération,Hors intersection,Normale,Deux véhicules - frontale,4,2,2,0,1,1,1,0,1,50,2,4,1,0,1,2,67.0,56.0,voiture,voiture,1,2,1,1,1
201900022861,2019-08-10 11:45:00,2019,8,10,11,45,76,76065,Rue de Bernimont,49.6771,1.5683,Plein jour,Hors agglomération,Intersection en T,Normale,Deux véhicules - frontale,3,2,2,0,1,2,1,0,1,80,2,5,0,0,0,5,42.0,24.0,voiture,voiture,1,1,3,1,1
201900022862,2019-09-09 09:40:00,2019,9,9,9,40,13,13055,A507 sens Aubagne- Marseille,43.3300659,5.4014349,Plein jour,Hors agglomération,Hors intersection,Normale,Deux véhicules - arrière,1,3,3,0,2,1,1,1,1,70,2,2,1,0,0,1,35.0,27.0,utilitaire_camion,voiture,1,1,1,1,2
201900022863,2019-09-09 09:00:00,2019,9,9,9,0,13,13055,A507 sens Aubagne- Marseille,43.3372351,5.3790575,Plein jour,Hors agglomération,Hors intersection,Normale,Trois véhicules et plus - collisions multiples,1,1,2,0,1,1,1,0,1,70,3,3,2,0,0,1,25.0,20.0,voiture,voiture,1,1,1,1,5
201900022864,2019-09-09 17:20:00,2019,9,9,17,20,33,33003,AUTOROUTE A 10,44.92834,-0.47056,Plein jour,Hors agglomération,Hors intersection,Normale,Deux véhicules - arrière,1,3,6,0,1,1,1,0,1,110,2,2,1,0,0,1,32.0,21.0,voiture,voiture,1,1,1,1,2
201900022865,2019-09-09 06:40:00,2019,9,9,6,40,33,33366,AUTOROUTE A 10,45.00452,-0.42738,Nuit sans éclairage public,Hors agglomération,Hors intersection,Normale,Deux véhicules - côté,1,3,6,0,1,1,1,0,1,130,2,3,2,0,0,1,19.0,49.0,voiture,voiture,3,1,1,1,3
201900022866,2019-09-07 19:45:00,2019,9,7,19,45,78,78217,A13,48.96361,1.82916,Plein jour,Hors agglomération,Hors intersection,Normale,Autre collision,1,1,3,0,1,1,1,0,1,130,1,1,0,0,0,1,40.0,,voiture,,1,1,1,1,6
201900022867,2019-09-09 06:45:00,2019,9,9,6,45,93,93064,AUTOROUTE A103,48.88672,2.48021,Nuit sans éclairage public,Hors agglomération,Hors intersection,Normale,Deux véhicules - arrière,1,3,4,0,1,1,1,0,1,90,2,2,1,0,0,1,57.0,38.0,utilitaire_camion,voiture,3,1,1,1,2
201900022868,2019-09-09 06:15:00,2019,9,9,6,15,92,92036,AUTOROUTE A15,48.9370389,2.2951761,Nuit sans éclairage public,Hors agglomération,Hors intersection,Normale,Trois véhicules et plus - en chaîne,1,3,5,0,4,2,1,3,1,50,3,3,2,0,0,1,30.0,58.0,utilitaire_camion,utilitaire_camion,3,1,1,1,4
201900022869,2019-09-07 20:30:00,2019,9,7,20,30,92,92036,AUTOROUTE A15,48.9406098,2.2924974,Crépuscule ou aube,Hors agglomération,Hors intersection,Normale,Trois véhicules et plus - collisions multiples,1,3,9,0,1,1,1,2,1,70,3,3,1,0,0,2,44.0,23.0,voiture,deux_roues,2,1,1,1,5
201900022870,2019-09-09 07:45:00,2019,9,9,7,45,77,77438,A104,48.872337,2.670171,Plein jour,Hors agglomération,Hors intersection,Normale,Trois véhicules et plus - en chaîne,1,3,8,0,1,1,1,0,1,90,4,4,3,0,0,1,49.0,53.0,voiture,voiture,1,1,1,1,4
201900022871,2019-09-07 18:40:00,2019,9,7,18,40,77,77083,A4.W,48.83413,2.5898,Plein jour,Hors agglomération,Hors intersection,Pluie légère,Deux véhicules - arrière,1,3,6,0,1,1,2,0,1,110,2,3,2,0,0,1,24.0,23.0,voiture,voiture,1,1,1,2,2
201900022872,2019-07-06 21:55:00,2019,7,6,21,55,59,59365,ROUTE NATIONALE N°2,50.26063,3.92986,Plein jour,Hors agglomération,Hors intersection,Normale,Sans collision,2,3,4,0,1,2,1,0,3,90,1,1,0,1,0,0,55.0,,deux_roues,,1,1,1,1,7
201900022873,2019-09-07 09:30:00,2019,9,7,9,30,14,14220,CORNUCHE (BOULEVARD),49.36145,0.07213,Plein jour,En agglomération,Hors intersection,Normale,Deux véhicules - côté,4,2,4,1,1,1,1,0,1,30,2,3,2,0,0,1,35.0,39.0,voiture,deux_roues,1,2,1,1,3
201900022874,2019-08-15 05:00:00,2019,8,15,5,0,976,97611,kaweni-Kaweni nord ( Z I ),-12.793933,45.218802,Nuit sans éclairage public,En agglomération,Hors intersection,Normale,Autre collision,2,2,0,0,2,2,1,0,1,50,1,1,0,0,1,0,33.0,,deux_roues,,3,2,1,1,6
201900022875,2019-09-07 07:15:00,2019,9,7,7,15,974,97416,HIPPOLYTE  PIOT (RUE),-21.29954,55.45512,Plein jour,En agglomération,Hors intersection,Normale,Deux véhicules - frontale,3,2,2,0,1,3,1,0,1,50,2,3,2,0,1,0,20.0,37.0,deux_roues,transport_commun,1,2,1,1,1
201900022876,2019-09-05 14:00:00,2019,9,5,14,0,69,69388,STEPHANE COIGNET                    (R ),45.72759,4.8757,Plein jour,En agglomération,Intersection en T,Normale,Deux véhicules - frontale,4,1,1,0,1,1,1,0,2,50,2,2,0,0,0,2,34.0,40.0,deux_roues,voiture,1,2,3,1,1
201900022877,2019-09-06 21:30:00,2019,9,6,21,30,972,97213,ROUTE DEPARTEMENTALE 14,14.62041,-61.02116,Nuit avec éclairage allumé,Hors agglomération,Hors intersection,Normale,Deux véhicules - arrière,3,2,3,0,2,1,1,0,1,50,2,2,1,0,1,0,35.0,47.0,autre,voiture,5,1,1,1,2
201900022878,2019-09-08 21:45:00,2019,9,8,21,45,2B,2B033,MACCHIONE - CHEMIN DU,42.67,9.43,Nuit avec éclairage allumé,En agglomération,Hors intersection,Normale,Deux véhicules - côté,4,2,2,0,1,1,1,0,1,50,2,2,1,0,0,1,30.0,27.0,deux_roues,voiture,5,2,1,1,3
201900022879,2019-09-08 19:00:00,2019,9,8,19,0,2B,2B033,11 - RT,42.6686,9.4433,Plein jour,Hors agglomération,Intersection en T,Normale,Trois véhicules et plus - en chaîne,2,2,4,0,2,1,1,0,1,70,3,3,1,0,0,2,37.0,55.0,voiture,voiture,1,1,3,1,4
201900022880,2019-09-07 20:00:00,2019,9,7,20,0,95,95197,MAL FOCH (AVENEU DU),48.9633212,2.3163005,Nuit avec éclairage allumé,En agglomération,Intersection en X,Normale,Deux véhicules - côté,4,2,2,0,1,1,1,0,1,50,2,4,0,0,0,4,41.0,45.0,voiture,voiture,5,2,2,1,3
201900022881,2019-09-08 14:15:00,2019,9,8,14,15,82,82033,COURBIEU VC 4 (AVENUE DE) ,44.05198,1.0937,Plein jour,En agglomération,Hors intersection,Normale,Autre collision,4,2,2,0,3,1,1,2,1,50,1,2,1,0,0,1,36.0,,voiture,,1,2,1,1,6
201900022882,2019-09-08 14:20:00,2019,9,8,14,20,81,81163,RD 118,43.4633237,2.3626637,Plein jour,Hors agglomération,Autre intersection,Normale,Sans collision,3,2,2,0,4,3,1,0,1,80,1,1,0,0,1,0,38.0,,deux_roues,,1,1,9,1,7
201900022883,2019-09-07 10:15:00,2019,9,7,10,15,80,80001,JEAN MENNESSON,50.11552,1.82548,Plein jour,En agglomération,Autre intersection,Normale,Deux véhicules - côté,6,2,2,0,1,1,1,0,1,30,2,2,1,0,1,0,88.0,70.0,deux_roues,utilitaire_camion,1,2,9,1,3
201900022884,2019-09-02 10:40:00,2019,9,2,10,40,77,77215,RN4 HORS AGGLOMERATION,48.735276,2.7429742,Plein jour,Hors agglomération,Hors intersection,Normale,Trois véhicules et plus - en chaîne,2,3,4,0,1,1,1,0,3,90,3,3,2,0,1,0,54.0,56.0,utilitaire_camion,utilitaire_camion,1,1,1,1,4
201900022885,2019-09-08 07:55:00,2019,9,8,7,55,64,64129,JEAN MERMOZ,43.3164326,-0.378176,Plein jour,En agglomération,Hors intersection,Normale,Deux véhicules - arrière,4,2,2,0,1,1,1,0,1,50,2,3,0,0,0,3,27.0,27.0,voiture,voiture,1,2,1,1,2
201900022886,2019-09-08 15:00:00,2019,9,8,15,0,54,54395,MOUILLERON (RUE GABRIEL),48.68383,6.170133,Plein jour,En agglomération,Hors intersection,Normale,Trois véhicules et plus - en chaîne,9,1,1,0,1,1,1,0,3,50,3,2,0,0,0,2,21.0,42.0,voiture,voiture,1,2,1,1,4
201900022887,2019-09-08 18:45:00,2019,9,8,18,45,37,37122,CERCELE (RUE),47.32611,0.65414,Plein jour,Hors agglomération,Hors intersection,Normale,Sans collision,4,2,2,0,1,1,1,0,1,50,1,1,0,0,0,1,16.0,,deux_roues,,1,1,1,1,7
201900022888,2019-09-08 20:45:00,2019,9,8,20,45,35,35238,PAINLEVE (BD PAUL),48.12199,-1.65625,Plein jour,En agglomération,Hors intersection,Normale,Autre collision,4,-1,1,0,1,1,9,8,2,50,1,1,0,0,0,1,20.0,,deux_roues,,1,2,1,1,6
201900022889,2019-09-08 17:15:00,2019,9,8,17,15,35,35278,RD 137,48.18263,-1.7202,Plein jour,Hors agglomération,Hors intersection,Normale,Deux véhicules - côté,3,3,4,0,1,1,1,0,1,110,2,2,1,0,0,1,21.0,20.0,voiture,voiture,1,1,1,1,3
201900022890,2019-09-08 21:15:00,2019,9,8,21,15,34,34172,LIBERTE (AVENUE DE LA,43.61276,3.82291,Nuit avec éclairage allumé,En agglomération,Hors intersection,Normale,Deux véhicules - arrière,4,1,2,0,1,2,1,0,1,50,2,2,0,0,0,2,46.0,66.0,voiture,voiture,5,2,1,1,2
201900022891,2019-09-08 19:30:00,2019,9,8,19,30,34,34172,DOMITIENNE (VOIE),43.62001,3.85116,Nuit avec éclairage allumé,En agglomération,Intersection en X,Normale,Deux véhicules - côté,4,2,3,0,1,1,1,0,1,50,2,3,2,0,1,0,23.0,51.0,utilitaire_camion,deux_roues,5,2,2,1,3
201900022892,2019-09-08 02:46:00,2019,9,8,2,46,34,34172,ALIZES (CARREFOUR DES),43.5957,3.87764,Nuit avec éclairage allumé,En agglomération,Autre intersection,Normale,Deux véhicules - côté,4,3,1,0,2,1,1,0,1,50,2,2,1,0,0,1,25.0,39.0,voiture,voiture,5,2,9,1,3
201900022893,2019-09-06 12:05:00,2019,9,6,12,5,34,34172,BERTHELOT (BOULEVARD),43.59974,3.87546,Plein jour,En agglomération,Intersection en X,Normale,Deux véhicules - frontale,4,2,2,2,1,1,1,5,1,50,2,2,1,0,1,0,41.0,32.0,deux_roues,voiture,1,2,2,1,1
201900022894,2019-09-08 06:10:00,2019,9,8,6,10,32,32013,ROCADE (RN 124 OUEST),43.66535,0.5701,Nuit sans éclairage public,Hors agglomération,Hors intersection,Normale,Autre collision,2,2,2,0,2,2,1,0,1,80,2,2,0,0,1,1,32.0,19.0,voiture,voiture,3,1,1,1,6
201900022895,2019-09-07 20:15:00,2019,9,7,20,15,30,30189,TALABOT (BOULEVARD),43.83692,4.37122,Nuit avec éclairage allumé,En agglomération,Intersection en X,Normale,Deux véhicules - côté,4,2,5,3,1,1,1,0,1,50,2,3,1,0,0,2,28.0,38.0,voiture,deux_roues,5,2,2,1,3
201900022896,2019-09-04 13:29:00,2019,9,4,13,29,29,29232,CHANOINE KERBRAT RUE DU,48.00624,-4.09904,Plein jour,En agglomération,Giratoire,Normale,Deux véhicules - côté,4,1,2,0,1,1,1,0,1,50,2,3,2,0,1,0,58.0,17.0,voiture,deux_roues,1,2,6,1,3
201900022897,2019-09-04 19:00:00,2019,9,4,19,0,25,25031,JAURES (AVENUE JEAN),47.489012,6.826021,Plein jour,En agglomération,Hors intersection,Normale,Autre collision,3,2,2,0,1,1,1,0,1,30,1,2,1,1,0,0,20.0,,voiture,,1,2,1,1,6
201900022898,2019-09-08 10:54:00,2019,9,8,10,54,14,14437,RD N° 613,49.1628,-0.30233,Plein jour,En agglomération,Hors intersection,Normale,Autre collision,3,2,-1,-1,1,1,1,0,1,-1,2,4,1,0,0,3,30.0,29.0,autre,autre,1,2,1,1,6
201900022899,2019-09-07 13:00:00,2019,9,7,13,0,14,14118,VANIER (BOULEVARD GENERAL),49.195,-0.344,Plein jour,Hors agglomération,Hors intersection,Normale,Deux véhicules - côté,4,2,-1,-1,1,1,1,0,1,-1,2,4,2,0,0,2,20.0,61.0,voiture,voiture,1,1,1,1,3
201900022900,2019-09-08 17:20:00,2019,9,8,17,20,13,13216,LITTORAL (CHEMIN DU),43.3476,5.3442,Plein jour,En agglomération,Hors intersection,Normale,Deux véhicules - arrière,4,3,4,0,1,1,1,0,1,50,2,2,1,0,0,1,36.0,66.0,transport_commun,voiture,1,2,1,1,2
201900022901,2019-09-08 16:05:00,2019,9,8,16,5,13,13209,MICHELET (BOULEVARD),43.269167,5.3929507,Plein jour,En agglomération,Hors intersection,Normale,Deux véhicules - arrière,4,1,1,0,1,1,1,0,1,50,2,2,1,0,0,1,27.0,22.0,deux_roues,voiture,1,2,1,1,2
201900022902,2019-09-08 10:40:00,2019,9,8,10,40,13,13215,GAFFAREL (RUE),43.34854,5.35717,Plein jour,En agglomération,Autre intersection,Normale,Autre collision,4,2,0,0,1,3,1,0,1,50,1,1,0,0,0,1,,,,,1,2,9,1,6
201900022903,2019-09-08 05:40:00,2019,9,8,5,40,13,13215,LYON (RUE DE),43.32473,5.36565,Crépuscule ou aube,En agglomération,Hors intersection,Normale,Autre collision,4,2,2,0,1,1,1,0,4,50,1,1,0,0,1,0,29.0,,deux_roues,,2,2,1,1,6
201900022904,2019-09-07 18:35:00,2019,9,7,18,35,13,13212,ALL DE LA GRANDE BASTIDE CAZAULX,43.2972,5.4372,Plein jour,En agglomération,Hors intersection,Normale,Deux véhicules - frontale,4,2,2,0,2,2,1,0,1,50,2,3,1,0,0,2,39.0,31.0,voiture,voiture,1,2,1,1,1
201900022905,2019-09-08 09:25:00,2019,9,8,9,25,10,10333,ECHENILLY (RUE),48.27716,4.03932,Plein jour,En agglomération,Hors intersection,Pluie légère,Autre collision,3,2,2,0,1,1,2,0,1,50,1,1,0,0,0,1,82.0,,voiture,,1,2,1,2,6
201900022906,2019-09-08 20:00:00,2019,9,8,20,0,6,06088,GAMBETTA (A PARTIR DU N° 63-74),43.697636,7.256287,Nuit avec éclairage allumé,En agglomération,Autre intersection,Normale,Autre collision,4,-1,0,0,1,3,1,9,1,50,1,3,2,0,0,1,19.0,,voiture,,5,2,9,1,6
201900022907,2019-09-08 16:20:00,2019,9,8,16,20,6,06088,JOLY (CORNICHE ANDRE DE),43.704721,7.299949,Plein jour,Hors agglomération,Intersection en T,Normale,Deux véhicules - côté,7,2,2,0,2,1,1,0,1,50,2,2,1,0,0,1,50.0,68.0,voiture,voiture,1,1,3,1,3
201900022908,2019-09-08 01:50:00,2019,9,8,1,50,6,06155,CANNES RTE DE,43.555839,7.061537,Nuit avec éclairage allumé,En agglomération,Hors intersection,Normale,Deux véhicules - frontale,3,2,2,0,1,3,1,0,1,70,2,2,0,1,0,1,32.0,31.0,deux_roues,voiture,5,2,1,1,1
201900022909,2019-09-07 20:45:00,2019,9,7,20,45,6,06004,RD6098,43.608186,7.125782,Nuit avec éclairage allumé,En agglomération,Hors intersection,Normale,Deux véhicules - frontale,3,2,3,0,1,1,1,2,1,50,2,3,0,2,1,0,52.0,17.0,deux_roues,deux_roues,5,2,1,1,1
201900022910,2019-09-07 01:25:00,2019,9,7,1,25,5,05023,IZOARD (AVENUE DU COL D'),44.88961,6.64762,Nuit sans éclairage public,Hors agglomération,Hors intersection,Normale,Sans collision,3,2,2,0,1,3,1,0,1,50,1,1,0,0,1,0,23.0,,deux_roues,,3,1,1,1,7
201900022911,2019-09-07 20:40:00,2019,9,7,20,40,3,03094,37 rue de Boutiron,46.1507094,3.4225763,Crépuscule ou aube,En agglomération,Hors intersection,Normale,Deux véhicules - frontale,3,2,2,0,2,4,1,0,1,50,2,2,1,0,1,0,29.0,48.0,deux_roues,voiture,2,2,1,1,1
201900022912,2019-09-07 20:00:00,2019,9,7,20,0,3,03211,avenue des Martyrs,46.3346036,2.5423194,Plein jour,Hors agglomération,Hors intersection,Pluie forte,Deux véhicules - côté,3,-1,2,0,1,3,2,0,1,50,2,2,1,0,1,0,31.0,70.0,voiture,utilitaire_camion,1,1,1,3,3
201900022913,2019-09-07 12:30:00,2019,9,7,12,30,75,75115,BD PERIPHERIQUE INTERIEUR,48.826185,2.298358,Plein jour,En agglomération,Hors intersection,Normale,Trois véhicules et plus - en chaîne,4,1,3,0,1,1,1,0,1,70,3,9,4,0,0,5,28.0,54.0,voiture,voiture,1,2,1,1,4
201900022914,2019-09-07 12:05:00,2019,9,7,12,5,75,75113,BD PERIPHERIQUE INTERIEUR,48.816467,2.34455,Plein jour,En agglomération,Hors intersection,Normale,Deux véhicules - arrière,4,1,3,0,1,1,1,0,1,70,2,2,1,0,0,1,39.0,19.0,voiture,deux_roues,1,2,1,1,2
201900022915,2019-09-06 13:15:00,2019,9,6,13,15,75,75120,BD PERIPHERIQUE EXTERIEUR,48.851814,2.415215,Plein jour,En agglomération,Hors intersection,Normale,Deux véhicules - arrière,4,1,4,0,1,1,1,0,1,70,2,2,1,0,0,1,25.0,31.0,deux_roues,voiture,1,2,1,1,2
201900022916,2019-09-06 06:45:00,2019,9,6,6,45,75,75116,BD PERIPHERIQUE EXTERIEUR,48.8763685,2.2782462,Crépuscule ou aube,En agglomération,Hors intersection,Normale,Deux véhicules - côté,4,1,3,0,1,1,1,0,1,70,2,2,1,0,0,1,40.0,61.0,deux_roues,utilitaire_camion,2,2,1,1,3
201900022917,2019-09-08 15:38:00,2019,9,8,15,38,75,75107,PLACE LE CORBUSIER,48.8515607,2.3268177,Plein jour,En agglomération,Place,Normale,Deux véhicules - côté,4,1,2,0,1,1,1,0,1,50,2,3,2,0,0,1,31.0,39.0,voiture,deux_roues,1,2,7,1,3
201900022918,2019-09-08 20:15:00,2019,9,8,20,15,75,75120,RUE SORBIER,48.866761,2.391487,Crépuscule ou aube,En agglomération,Hors intersection,Normale,Deux véhicules - côté,4,1,1,0,2,1,1,8,1,50,2,2,1,0,0,1,21.0,39.0,deux_roues,deux_roues,2,2,1,1,3
201900022919,2019-09-08 15:25:00,2019,9,8,15,25,75,75117,BOULEVARD DU FORT DE VAUX,48.8930108,2.3021578,Plein jour,En agglomération,Hors intersection,Normale,Deux véhicules - côté,4,1,2,0,1,1,1,0,1,50,2,2,1,0,0,1,27.0,26.0,deux_roues,voiture,1,2,1,1,3
201900022920,2019-09-08 06:10:00,2019,9,8,6,10,75,75113,AVENUE D ITALIE,48.8234844,2.358111,Crépuscule ou aube,En agglomération,Hors intersection,Normale,Autre collision,4,2,5,0,1,1,1,0,1,50,1,1,0,0,0,1,35.0,,deux_roues,,2,2,1,1,6
201900022921,2019-09-08 12:30:00,2019,9,8,12,30,75,75102,BOULEVARD SAINT DENIS,48.8693163,2.3542339,Plein jour,En agglomération,Intersection en X,Normale,Autre collision,4,2,4,0,1,1,1,0,1,50,1,2,1,0,0,1,57.0,,voiture,,1,2,2,1,6
201900022922,2019-09-07 23:15:00,2019,9,7,23,15,94,94060,GEORGES POMPIDOU (AV),48.79515,2.56537,Nuit avec éclairage allumé,En agglomération,Intersection en T,Normale,Deux véhicules - côté,4,2,2,0,1,1,1,0,3,50,2,3,2,0,0,1,49.0,27.0,voiture,deux_roues,5,2,3,1,3
201900022923,2019-09-07 19:20:00,2019,9,7,19,20,94,94044,PAUL VALERY (R),48.75,2.47,Plein jour,En agglomération,Hors intersection,Normale,Deux véhicules - arrière,4,2,2,0,1,1,1,0,1,50,2,1,0,0,0,1,17.0,,deux_roues,,1,2,1,1,2
201900022924,2019-09-08 10:15:00,2019,9,8,10,15,93,93073,CHAPIT RE ( RUE DU),49.00258,2.53694,Plein jour,En agglomération,Hors intersection,Normale,Deux véhicules - arrière,4,1,1,0,1,3,1,0,1,50,2,2,1,0,0,1,19.0,52.0,voiture,voiture,1,2,1,1,2
201900022925,2019-09-08 13:55:00,2019,9,8,13,55,93,93053,ROSNY (AVENUE DE) N° 56 A 242,48.8890092,2.4713445,Plein jour,En agglomération,Intersection à plus de 4 branches,Normale,Deux véhicules - arrière,3,2,4,0,1,1,1,0,1,50,2,3,2,0,0,1,35.0,45.0,voiture,voiture,1,2,5,1,2
201900022926,2019-09-08 16:15:00,2019,9,8,16,15,93,93048,GABRIEL PERI (AVENUE),48.85758,2.43931,Plein jour,En agglomération,Hors intersection,Normale,Autre collision,3,2,4,0,1,1,1,0,1,50,1,2,1,0,0,1,33.0,,voiture,,1,2,1,1,6
201900022927,2019-09-08 19:00:00,2019,9,8,19,0,93,93007,EDOUARD RENAULT (RUE),48.95251,2.46602,Crépuscule ou aube,En agglomération,Hors intersection,Normale,Autre collision,4,2,2,0,2,1,1,9,3,50,1,3,2,0,1,0,19.0,,voiture,,2,2,1,1,6
201900022928,2019-09-07 23:58:00,2019,9,7,23,58,92,92033,BUZENVAL,48.85201,2.20487,Nuit avec éclairage allumé,En agglomération,Hors intersection,Normale,Deux véhicules - côté,3,2,2,0,1,1,1,0,1,50,2,2,1,0,0,1,54.0,21.0,deux_roues,voiture,5,2,1,1,3
201900022929,2019-09-08 21:50:00,2019,9,8,21,50,67,67538,RD 919 - PK 038.200,48.924798,7.352962,Nuit sans éclairage public,Hors agglomération,Hors intersection,Pluie légère,Autre collision,3,2,2,0,1,4,2,2,8,80,1,2,0,0,2,0,25.0,,voiture,,3,1,1,2,6
201900022930,2019-09-09 17:20:00,2019,9,9,17,20,60,60157,Rue Pierre Vienot,49.374076,2.408125,Plein jour,En agglomération,Hors intersection,Normale,Autre collision,3,2,2,0,2,1,1,0,1,30,1,2,0,0,1,1,56.0,,voiture,,1,2,1,1,6