accident_id,datetime,annee,mois,jour,heure,minute,departement,commune_insee,adresse,latitude,longitude,luminosite,agglomeration,intersection,meteo,collision,catr,circ,nbv,vosp,prof,plan,surf,infra,situ,vma,nb_vehicules,nb_usagers,nb_indemnes,nb_tues,nb_blesses_hosp,nb_blesses_legers,age_cond_1,age_cond_2,veh_type_cond_1,veh_type_cond_2,lum_code,agg_code,int_code,atm_code,col_code
201900023022,2019-04-16 11:20:00,2019,4,16,11,20,82,82121,LUXEMBOURG (AVENUE DU),43.987981,1.334308,Plein jour,En agglomération,Giratoire,Normale,Deux véhicules - arrière,4,-1,1,0,1,1,1,0,1,30,2,3,1,0,0,2,85.0,36.0,voiture,deux_roues,1,2,6,1,2
201900023023,2019-04-12 12:40:00,2019,4,12,12,40,80,80021,BRETAGNE (PLACE DE),49.916864,2.253996,Plein jour,En agglomération,Hors intersection,Normale,Autre collision,4,1,1,0,1,2,1,0,1,50,1,2,0,0,0,2,,,,,1,2,1,1,6
201900023024,2019-04-11 17:05:00,2019,4,11,17,5,78,78646,ORANGERIE (RUE DE L'),48.80029,2.12219,Crépuscule ou aube,En agglomération,Intersection en X,Normale,Autre collision,4,2,2,0,1,1,1,0,1,50,1,2,1,0,1,0,63.0,,voiture,,2,2,2,1,6
201900023025,2019-04-09 15:55:00,2019,4,9,15,55,77,77131,D402 (DEVIATION),48.79693,3.09374,Plein jour,Hors agglomération,Hors intersection,Normale,Deux véhicules - côté,3,2,4,0,2,2,1,0,1,80,2,3,2,0,0,1,,46.0,voiture,voiture,1,1,1,1,3
201900023026,2019-04-14 12:20:00,2019,4,14,12,20,74,74281,EVIAN (ROUTE D'),46.38273,6.50456,Plein jour,En agglomération,Intersection en X,Normale,Deux véhicules - frontale,4,2,2,0,1,1,1,5,1,50,2,3,2,0,0,1,41.0,30.0,deux_roues,voiture,1,2,2,1,1
201900023027,2019-02-27 21:50:00,2019,2,27,21,50,69,69029,LIONEL TERRAY                       (R ),45.72666,4.90482,Nuit avec éclairage allumé,En agglomération,Hors intersection,Normale,Deux véhicules - arrière,4,1,0,0,1,1,1,0,1,50,2,3,2,0,0,1,34.0,31.0,voiture,voiture,5,2,1,1,2
201900023028,2019-04-16 10:05:00,2019,4,16,10,5,67,67482,BOEUFS (RUE DES),48.577952,7.752475,Plein jour,Hors agglomération,Hors intersection,Normale,Autre collision,4,2,3,1,4,1,1,0,1,50,2,2,1,0,0,1,43.0,64.0,deux_roues,utilitaire_camion,1,1,1,1,6
201900023029,2019-04-15 10:47:00,2019,4,15,10,47,67,67482,MARSEILLAISE (AVENUE DE LA),48.584778,7.757398,Plein jour,En agglomération,Hors intersection,Normale,Autre collision,4,2,6,3,1,1,1,4,1,50,1,2,1,0,0,1,42.0,,transport_commun,,1,2,1,1,6
201900023030,2019-04-11 19:50:00,2019,4,11,19,50,66,66136,Avne Julien Panchot,42.69165,2.88296,Nuit sans éclairage public,En agglomération,Hors intersection,Normale,Autre collision,4,2,1,0,1,1,1,0,1,50,1,1,0,0,1,0,19.0,,deux_roues,,3,2,1,1,6
201900023031,2019-04-16 17:10:00,2019,4,16,17,10,62,62445,HAILLICOURT ( D' ),50.49949,2.59568,Plein jour,Hors agglomération,Hors intersection,Normale,Sans collision,4,2,2,0,1,1,1,0,1,80,1,1,0,0,1,0,39.0,,utilitaire_camion,,1,1,1,1,7
201900023032,2019-04-14 21:20:00,2019,4,14,21,20,62,62667,PETIT PORT (rue du),50.71818,1.57887,Nuit avec éclairage allumé,En agglomération,Hors intersection,Normale,Autre collision,9,2,2,0,1,2,1,9,1,50,1,2,0,0,1,1,30.0,,voiture,,5,2,1,1,6
201900023033,2019-04-14 18:20:00,2019,4,14,18,20,56,56121,BLUM ( BD LEON ),47.74727,-3.37645,Plein jour,En agglomération,Giratoire,Pluie légère,Deux véhicules - arrière,4,2,2,0,2,1,2,5,1,50,2,2,0,0,0,2,52.0,66.0,voiture,voiture,1,2,6,2,2
201900023034,2019-04-14 11:15:00,2019,4,14,11,15,56,56121,DE GAULLE ( AVE DU GENERAL ),47.7413,-3.37307,Plein jour,En agglomération,Giratoire,Pluie légère,Sans collision,9,1,0,0,1,3,2,0,1,50,1,1,0,0,0,1,20.0,,voiture,,1,2,6,2,7
201900023035,2019-04-12 23:15:00,2019,4,12,23,15,56,56083,VAILLANT ( AV. EDOUARD ),47.8238,-3.24941,Nuit avec éclairage allumé,En agglomération,Hors intersection,Normale,Autre collision,3,2,2,0,1,1,1,0,1,50,1,1,0,0,1,0,18.0,,deux_roues,,5,2,1,1,6
201900023036,2019-04-14 00:55:00,2019,4,14,0,55,50,50203,LUCET (RUE),49.625294,-1.616773,Nuit avec éclairage allumé,En agglomération,Hors intersection,Normale,Autre collision,2,2,2,0,4,1,1,0,1,50,1,1,0,0,1,0,18.0,,voiture,,5,2,1,1,6
201900023037,2019-04-12 20:15:00,2019,4,12,20,15,50,50129,NAPOLEON (PLACE),49.64293,-1.62438,Plein jour,En agglomération,Intersection en T,Normale,Deux véhicules - côté,4,3,5,0,1,1,1,5,1,50,2,2,1,0,1,0,67.0,29.0,voiture,deux_roues,1,2,3,1,3
201900023038,2019-04-14 23:50:00,2019,4,14,23,50,49,49328,DELESSERT (BOULEVARD BENJAMIN),47.25805,-0.08853,Nuit avec éclairage non allumé,En agglomération,Hors intersection,Normale,Autre collision,4,3,4,0,1,1,1,0,1,50,2,8,6,1,0,1,18.0,28.0,deux_roues,utilitaire_camion,4,2,1,1,6
201900023039,2019-04-15 20:19:00,2019,4,15,20,19,49,49007,LIBERTE BOULEVARD,47.44981,-0.53075,Plein jour,En agglomération,Hors intersection,Normale,Sans collision,4,2,2,0,1,1,1,0,1,50,1,1,0,0,0,1,25.0,,deux_roues,,1,2,1,1,7
201900023040,2019-04-15 15:00:00,2019,4,15,15,0,42,42316,RD 3,45.40766,4.25427,Plein jour,En agglomération,Giratoire,Normale,Deux véhicules - côté,3,2,2,1,1,1,1,0,1,50,2,2,1,0,0,1,47.0,65.0,deux_roues,voiture,1,2,6,1,3
201900023041,2019-04-16 03:37:00,2019,4,16,3,37,37,37261,ENTRAIGUES (RUE D'),47.38611,0.67668,Nuit avec éclairage allumé,En agglomération,Intersection en X,Pluie légère,Deux véhicules - côté,4,1,1,0,1,1,2,5,1,30,2,1,0,0,0,1,19.0,,voiture,,5,2,2,2,3
201900023042,2019-04-15 17:45:00,2019,4,15,17,45,37,37261,ALOUETTE (AVENUE),47.3603097,0.6973966,Plein jour,En agglomération,Hors intersection,Normale,Trois véhicules et plus - en chaîne,3,3,4,0,1,1,1,0,1,50,4,4,2,0,0,2,49.0,17.0,voiture,deux_roues,1,2,1,1,4
201900023043,2019-04-14 19:00:00,2019,4,14,19,0,35,35288,RD 137,48.614291,-1.983394,Plein jour,Hors agglomération,Hors intersection,Normale,Deux véhicules - arrière,3,3,4,0,1,1,1,0,1,90,2,4,1,0,0,3,29.0,26.0,voiture,utilitaire_camion,1,1,1,1,2
201900023044,2019-04-15 18:30:00,2019,4,15,18,30,35,35238,PORTE D'ANGERS,48.0842,-1.6417,Plein jour,Hors agglomération,Hors intersection,Normale,Deux véhicules - arrière,2,3,4,0,1,1,1,0,1,90,2,2,1,0,0,1,22.0,23.0,voiture,voiture,1,1,1,1,2
201900023045,2019-04-14 22:15:00,2019,4,14,22,15,33,33063,RUE DE BELFORT,44.8347,-0.58214,Nuit avec éclairage allumé,En agglomération,Intersection en X,Normale,Autre collision,4,1,1,0,1,1,1,0,1,50,2,2,0,0,0,2,31.0,18.0,deux_roues,deux_roues,5,2,2,1,6
201900023046,2019-04-12 14:20:00,2019,4,12,14,20,31,31555,VA007331 A620,43.6111,1.41565,Plein jour,Hors agglomération,Hors intersection,Normale,Deux véhicules - côté,1,3,3,0,1,3,1,0,1,90,2,2,1,0,0,1,65.0,30.0,voiture,utilitaire_camion,1,1,1,1,3
201900023047,2019-04-14 10:55:00,2019,4,14,10,55,29,29232,19 MARS 1962 RUE DU,47.9881631,-4.1099738,Plein jour,En agglomération,Autre intersection,Normale,Deux véhicules - arrière,4,2,4,0,1,3,2,0,1,50,2,3,2,0,0,1,79.0,31.0,voiture,voiture,1,2,9,1,2
201900023048,2019-04-12 16:04:00,2019,4,12,16,4,29,29019,TARENTE,48.40453,-4.50976,Plein jour,En agglomération,Hors intersection,Normale,Autre collision,4,2,2,0,1,1,1,0,1,50,1,2,1,0,0,1,48.0,,voiture,,1,2,1,1,6
201900023049,2019-04-16 23:35:00,2019,4,16,23,35,26,26198,SAUZET (Route ),44.566853,4.775724,Nuit avec éclairage allumé,Hors agglomération,Hors intersection,Normale,Autre collision,3,2,2,0,1,1,1,0,1,70,1,1,0,0,0,1,21.0,,voiture,,5,1,1,1,6
201900023050,2019-04-16 08:24:00,2019,4,16,8,24,17,17300,BILLAUD-VARENNE   AVENUE,46.15149,-1.11878,Plein jour,En agglomération,Hors intersection,Normale,Autre collision,4,2,2,0,1,3,1,0,1,30,1,1,0,0,0,1,44.0,,voiture,,1,2,1,1,6
201900023051,2019-04-15 14:03:00,2019,4,15,14,3,17,17300,DELMAS   RUE FRANCK,46.15874,-1.17283,Plein jour,En agglomération,Giratoire,Normale,Autre collision,4,1,1,0,1,2,1,5,1,30,1,2,1,0,1,0,39.0,,voiture,,1,2,6,1,6
201900023052,2019-04-16 07:45:00,2019,4,16,7,45,14,14715,PIERRE CASSAGNAVERE (RUE),49.37165,0.08984,Plein jour,En agglomération,Hors intersection,Pluie légère,Autre collision,4,2,2,0,2,3,2,0,4,50,1,1,0,0,0,1,21.0,,voiture,,1,2,1,2,6
201900023053,2019-04-12 11:50:00,2019,4,12,11,50,13,13117,CHEMIN DEPARTEMENTAL CD 20,43.45774,5.23295,Plein jour,En agglomération,Intersection en X,Normale,Trois véhicules et plus - collisions multiples,3,2,2,0,1,3,1,0,1,80,3,3,1,0,1,1,30.0,51.0,utilitaire_camion,deux_roues,1,2,2,1,5
201900023054,2019-04-16 22:30:00,2019,4,16,22,30,13,13103,BOULEVARD DU ROY RENE,43.3806,5.045,Nuit avec éclairage allumé,En agglomération,Hors intersection,Normale,Deux véhicules - arrière,4,2,1,2,1,1,1,0,1,50,2,3,1,0,0,2,29.0,46.0,utilitaire_camion,utilitaire_camion,5,2,1,1,2
201900023055,2019-04-15 11:55:00,2019,4,15,11,55,13,13103,RUE BLANCHARD - JEAN,43.6400091,5.0988503,Plein jour,En agglomération,Autre intersection,Normale,Sans collision,4,-1,1,0,2,1,1,9,1,30,1,4,2,0,1,1,47.0,,utilitaire_camion,,1,2,9,1,7
201900023056,2019-04-16 14:25:00,2019,4,16,14,25,13,13207,RIVE NEUVE (QUAI),43.29269,5.36794,Plein jour,En agglomération,Hors intersection,Normale,Autre collision,4,2,2,0,1,1,1,9,1,50,1,2,1,0,0,1,19.0,,deux_roues,,1,2,1,1,6
201900023057,2019-04-16 06:35:00,2019,4,16,6,35,13,13208,GRAND LARGE (PROMENADE DU),43.241253,5.363292,Crépuscule ou aube,En agglomération,Hors intersection,Normale,Deux véhicules - frontale,4,-1,1,0,1,1,1,0,1,30,2,2,1,0,1,0,29.0,,voiture,,2,2,1,1,1
201900023058,2019-04-13 16:30:00,2019,4,13,16,30,13,13005,route de la Ciotat,43.280956,5.583394,Plein jour,Hors agglomération,Hors intersection,Normale,Autre collision,3,2,2,0,1,3,1,0,1,80,2,3,2,1,0,0,26.0,34.0,deux_roues,voiture,1,1,1,1,6
201900023059,2019-04-16 23:05:00,2019,4,16,23,5,10,10387,EDOUARD VAILLANT (RUE),48.27638,4.0802,Nuit avec éclairage allumé,En agglomération,Giratoire,Pluie légère,Deux véhicules - côté,7,2,2,0,1,1,2,0,1,50,2,5,4,0,0,1,25.0,19.0,voiture,voiture,5,2,6,2,3
201900023060,2019-04-17 00:45:00,2019,4,17,0,45,6,06088,GEORGES V (AV.),43.7115836,7.2688877,Nuit avec éclairage allumé,En agglomération,Hors intersection,Normale,Deux véhicules - frontale,4,2,2,0,2,2,1,0,1,50,2,2,1,0,1,0,18.0,44.0,deux_roues,voiture,5,2,1,1,1
201900023061,2019-04-16 07:50:00,2019,4,16,7,50,6,06029,BLANC (RUE LOUIS),43.5538567,7.0120414,Plein jour,En agglomération,Hors intersection,Normale,Sans collision,4,-1,3,0,2,3,1,0,1,30,1,1,0,0,1,0,,,deux_roues,,1,2,1,1,7
201900023062,2019-04-15 20:15:00,2019,4,15,20,15,5,05061,EYSSAGNIERES ( ROUTE DES ),44.5491,6.055,Crépuscule ou aube,En agglomération,Hors intersection,Normale,Sans collision,3,2,2,0,2,1,1,0,3,50,1,2,1,0,1,0,47.0,,deux_roues,,2,2,1,1,7
201900023063,2019-04-15 08:10:00,2019,4,15,8,10,5,05061,METIERS ( RUE DES ),44.5622,6.0958,Plein jour,En agglomération,Hors intersection,Normale,Deux véhicules - frontale,4,2,2,0,2,1,1,0,1,50,2,2,1,0,1,0,32.0,71.0,voiture,deux_roues,1,2,1,1,1
201900023064,2019-04-15 16:35:00,2019,4,15,16,35,1,01053,BELGES (AVENUE DES),46.207902,5.236308,Plein jour,En agglomération,Intersection en X,Normale,Deux véhicules - côté,3,1,2,0,1,1,1,5,1,50,2,3,1,0,0,2,37.0,70.0,voiture,deux_roues,1,2,2,1,3
201900023065,2019-04-16 17:45:00,2019,4,16,17,45,75,75116,PORTE DE PASSY,48.858333,2.260662,Plein jour,En agglomération,Hors intersection,Normale,Deux véhicules - arrière,4,1,4,0,1,1,1,1,1,70,2,2,1,0,0,1,47.0,46.0,deux_roues,voiture,1,2,1,1,2
201900023066,2019-04-16 09:40:00,2019,4,16,9,40,75,75116,PORTE DE PASSY,48.85885,2.261772,Plein jour,En agglomération,Hors intersection,Normale,Deux véhicules - côté,4,1,4,0,1,1,1,0,1,70,2,2,1,0,0,1,36.0,59.0,deux_roues,voiture,1,2,1,1,3
201900023067,2019-04-16 04:15:00,2019,4,16,4,15,75,75117,PORTE MAILLOT,48.882144,2.282654,Nuit avec éclairage allumé,En agglomération,Intersection en Y,Normale,Autre collision,4,1,1,0,4,3,1,1,1,50,1,2,1,0,0,1,,,,,5,2,4,1,6
201900023068,2019-04-16 15:40:00,2019,4,16,15,40,75,75105,RUE GAY LUSSAC,48.845306,2.341552,Plein jour,En agglomération,Hors intersection,Normale,Autre collision,4,2,3,0,2,1,1,0,6,50,2,3,1,0,0,2,43.0,38.0,utilitaire_camion,deux_roues,1,2,1,1,6
201900023069,2019-04-16 17:30:00,2019,4,16,17,30,75,75119,AVENUE JEAN JAURES,48.885981,2.382149,Plein jour,En agglomération,Intersection en X,Temps couvert,Autre collision,4,2,4,3,1,1,1,0,6,30,1,2,1,0,0,1,53.0,,voiture,,1,2,2,8,6
201900023070,2019-04-16 09:00:00,2019,4,16,9,0,75,75118,RUE DE TORCY,48.891074,2.360716,Plein jour,En agglomération,Hors intersection,Normale,Autre collision,4,2,2,0,1,1,1,0,1,50,1,2,1,0,0,1,23.0,,transport_commun,,1,2,1,1,6
201900023071,2019-04-16 00:01:00,2019,4,16,0,1,75,75118,RUE RIQUET,48.890084,2.36129,Nuit avec éclairage allumé,En agglomération,Intersection en T,Normale,Autre collision,4,1,1,0,1,1,1,0,4,50,1,2,1,0,0,1,22.0,,voiture,,5,2,3,1,6
201900023072,2019-04-16 09:35:00,2019,4,16,9,35,75,75117,BOULEVARD GOUVION SAINT CYR,48.885669,2.291459,Plein jour,En agglomération,Intersection en X,Normale,Deux véhicules - côté,4,3,5,3,1,1,1,0,1,50,2,2,1,0,0,1,32.0,24.0,deux_roues,voiture,1,2,2,1,3
201900023073,2019-04-14 10:20:00,2019,4,14,10,20,75,75117,AVENUE MAC MAHON,48.875569,2.294749,Plein jour,En agglomération,Hors intersection,Normale,Deux véhicules - arrière,4,1,2,3,2,1,1,0,6,30,2,3,2,0,0,1,30.0,30.0,voiture,deux_roues,1,2,1,1,2
201900023074,2019-04-16 13:00:00,2019,4,16,13,0,75,75115,RUE LABROUSTE,48.834978,2.308943,Plein jour,En agglomération,Hors intersection,Normale,Deux véhicules - arrière,4,1,1,0,2,1,1,0,1,50,2,2,1,0,0,1,53.0,38.0,voiture,voiture,1,2,1,1,2
201900023075,2019-04-16 12:20:00,2019,4,16,12,20,75,75114,AVENUE DE LA PORTE DE CHATILLON,48.823329,2.316556,Plein jour,En agglomération,Hors intersection,Normale,Sans collision,4,3,4,0,1,1,1,0,1,50,1,1,0,0,0,1,19.0,,deux_roues,,1,2,1,1,7
201900023076,2019-04-16 09:45:00,2019,4,16,9,45,75,75112,AVENUE DU GENERAL MICHEL BIZOT,48.836215,2.402918,Plein jour,En agglomération,Intersection en X,Normale,Autre collision,4,2,2,0,1,1,1,5,1,50,1,5,4,0,0,1,51.0,,utilitaire_camion,,1,2,2,1,6
201900023077,2019-04-16 16:24:00,2019,4,16,16,24,75,75110,RUE SAINT VINCENT DE PAUL,48.880419,2.352349,Plein jour,En agglomération,Intersection en X,Temps couvert,Autre collision,4,1,1,0,1,1,1,0,1,30,1,2,1,0,0,1,33.0,,voiture,,1,2,2,8,6
201900023078,2019-04-16 15:35:00,2019,4,16,15,35,75,75110,AVENUE CLAUDE VELLEFAUX,48.877623,2.370296,Plein jour,En agglomération,Place,Temps couvert,Autre collision,4,2,2,0,1,1,1,0,1,50,1,1,0,0,0,1,,,,,1,2,7,8,6
201900023079,2019-04-16 00:50:00,2019,4,16,0,50,75,75108,PLACE DE LA MADELEINE,48.870826,2.325059,Nuit avec éclairage allumé,En agglomération,Place,Normale,Autre collision,4,1,4,0,1,1,1,0,1,50,2,1,0,0,0,1,29.0,,deux_roues,,5,2,7,1,6
201900023080,2019-04-15 17:30:00,2019,4,15,17,30,94,94059,DAME BLANCHE (AV DE LA),48.81942,2.55953,Plein jour,En agglomération,Intersection en T,Normale,Deux véhicules - côté,4,2,2,0,1,1,1,0,1,30,2,2,1,0,0,1,24.0,38.0,voiture,voiture,1,2,3,1,3
201900023081,2019-04-16 21:35:00,2019,4,16,21,35,93,93070,MICHELET (AVE) : DU 1 AU 103,48.91,2.34,Nuit avec éclairage allumé,En agglomération,Hors intersection,Normale,Deux véhicules - côté,3,2,2,0,1,1,1,0,1,50,2,2,1,0,0,1,46.0,27.0,deux_roues,voiture,5,2,1,1,3
201900023082,2019-04-16 08:30:00,2019,4,16,8,30,93,93070,BATELIERS (RUE DES),48.913,2.32663,Plein jour,En agglomération,Hors intersection,Normale,Deux véhicules - côté,4,-1,1,0,1,1,1,0,1,50,2,2,1,0,0,1,30.0,42.0,deux_roues,voiture,1,2,1,1,3
201900023083,2019-04-16 19:45:00,2019,4,16,19,45,93,93066,PRESSENCE FRANCIS (AVENUE),48.92246,2.3685,Plein jour,En agglomération,Intersection en X,Temps couvert,Deux véhicules - côté,3,3,4,0,1,1,1,0,1,50,2,1,0,0,0,1,27.0,,voiture,,1,2,2,8,3
201900023084,2019-04-16 14:30:00,2019,4,16,14,30,93,93066,FRANCE ANATOLE (BOULEVARD) NR AUTRES,48.92571,2.35081,Plein jour,En agglomération,Hors intersection,Temps couvert,Deux véhicules - côté,3,2,5,0,1,1,1,0,1,50,2,2,1,0,0,1,25.0,33.0,deux_roues,voiture,1,2,1,8,3
201900023085,2019-04-15 16:16:00,2019,4,15,16,16,93,93066,"""SEMBAT MARCEL (BD), NR 49 ET SUIVANTS""",48.93743,2.35254,Plein jour,En agglomération,Hors intersection,Normale,Autre collision,4,-1,1,3,1,1,1,9,1,30,1,2,0,0,0,2,23.0,,deux_roues,,1,2,1,1,6
201900023086,2019-04-16 10:00:00,2019,4,16,10,0,93,93064,FERRY (RUE JULES),48.87373,2.47877,Plein jour,En agglomération,Hors intersection,Normale,Autre collision,5,-1,1,0,1,1,1,0,1,50,1,2,1,0,0,1,32.0,,voiture,,1,2,1,1,6
201900023087,2019-04-16 09:50:00,2019,4,16,9,50,93,93064,D' ORVES (RUE ESTIENNE),48.87109,2.4827,Plein jour,En agglomération,Intersection en X,Normale,Deux véhicules - côté,4,1,2,0,1,2,1,0,1,50,2,2,1,0,0,1,41.0,39.0,voiture,voiture,1,2,2,1,3
201900023088,2019-04-16 14:30:00,2019,4,16,14,30,93,93010,PROMENADE (VOIE),48.910815,2.473188,Plein jour,En agglomération,Hors intersection,Normale,Autre collision,4,2,3,3,1,1,1,9,4,30,1,2,1,0,1,0,16.0,,deux_roues,,1,2,1,1,6
201900023089,2019-04-16 17:30:00,2019,4,16,17,30,92,92050,NATIONAL BOULEVARD,48.88734,2.18596,Plein jour,En agglomération,Intersection en T,Normale,Trois véhicules et plus - collisions multiples,4,2,2,0,1,1,1,0,1,50,3,3,2,0,0,1,47.0,59.0,voiture,deux_roues,1,2,3,1,5
201900023090,2019-04-16 12:30:00,2019,4,16,12,30,92,92036,JEAN JACQUES ROUSSEAU (BOULEVARD),48.93354,2.28782,Plein jour,En agglomération,Hors intersection,Normale,Autre collision,4,2,2,0,1,1,1,0,1,50,1,2,1,0,0,1,39.0,,voiture,,1,2,1,1,6
201900023091,2019-04-15 12:15:00,2019,4,15,12,15,92,92036,GENEAL DE GAULLE (AVENUE) (1/41),48.9338251,2.3138768,Plein jour,En agglomération,Hors intersection,Normale,Autre collision,3,3,4,0,1,1,1,0,1,50,1,2,1,0,0,1,75.0,,voiture,,1,2,1,1,6
201900023092,2019-04-15 20:30:00,2019,4,15,20,30,92,92062,BOULEVARD CIRCULAIRE,48.88978,2.23458,Nuit sans éclairage public,En agglomération,Hors intersection,Normale,Deux véhicules - côté,3,1,3,0,2,3,1,3,3,50,2,2,1,0,0,1,43.0,25.0,voiture,deux_roues,3,2,1,1,3
201900023093,2019-04-16 11:10:00,2019,4,16,11,10,92,92026,COLOMBES,48.901337,2.256301,Plein jour,En agglomération,Hors intersection,Normale,Deux véhicules - côté,3,-1,2,0,1,1,1,0,1,50,2,2,1,0,0,1,17.0,28.0,deux_roues,utilitaire_camion,1,2,1,1,3
201900023094,2019-04-15 09:20:00,2019,4,15,9,20,92,92026,DUBONNET,48.9024,2.26316,Plein jour,En agglomération,Hors intersection,Normale,Deux véhicules - arrière,4,1,1,0,1,1,1,0,1,50,2,2,1,0,0,1,44.0,35.0,voiture,deux_roues,1,2,1,1,2
201900023095,2019-01-05 21:40:00,2019,1,5,21,40,92,92023,GENERAL DE GAULLE (AVENUE DU),48.7895666,2.2617652,Nuit avec éclairage allumé,En agglomération,Intersection en T,Normale,Deux véhicules - côté,3,2,2,0,1,1,1,0,1,50,2,3,1,0,0,2,20.0,29.0,voiture,voiture,5,2,3,1,3
201900023096,2019-04-16 08:10:00,2019,4,16,8,10,92,92004,MARNE   ( AVENUE DE LA ),48.90643,2.28171,Plein jour,En agglomération,Hors intersection,Normale,Autre collision,4,1,2,0,1,1,1,0,1,50,1,2,1,0,0,1,32.0,,deux_roues,,1,2,1,1,6
201900023097,2019-04-17 20:55:00,2019,4,17,20,55,31,31022,Route de Fronton,43.668846,1.428668,Nuit avec éclairage allumé,En agglomération,Giratoire,Normale,Sans collision,3,2,2,0,1,2,1,5,1,50,1,1,0,0,1,0,56.0,,deux_roues,,5,2,6,1,7
201900023098,2019-04-16 16:10:00,2019,4,16,16,10,972,97210,D1,14.619438,-60.912175,Plein jour,Hors agglomération,Hors intersection,Normale,Deux véhicules - frontale,3,2,2,0,1,1,1,0,1,70,2,4,3,0,0,1,60.0,52.0,voiture,voiture,1,1,1,1,1
201900023099,2019-04-16 23:15:00,2019,4,16,23,15,54,54322,41 Rue de Metz,49.44146,5.60629,Nuit avec éclairage allumé,En agglomération,Hors intersection,Normale,Sans collision,3,2,2,0,1,1,1,0,1,50,1,4,3,0,0,1,17.0,,voiture,,5,2,1,1,7
201900023100,2019-04-17 08:50:00,2019,4,17,8,50,91,91363,D3,48.646088,2.197057,Plein jour,Hors agglomération,Intersection en T,Brouillard / fumée,Deux véhicules - frontale,3,2,2,0,2,1,1,0,1,70,2,2,1,0,1,0,74.0,21.0,voiture,deux_roues,1,1,3,5,1
201900023101,2019-04-16 18:30:00,2019,4,16,18,30,17,17472,Rue de la Liberté,46.238448,-1.069566,Plein jour,En agglomération,Hors intersection,Normale,Autre collision,3,2,2,0,1,1,1,6,1,30,1,2,1,0,0,1,66.0,,voiture,,1,2,1,1,6
201900023102,2019-04-16 08:30:00,2019,4,16,8,30,6,06046,M 414,43.763883,7.222327,Plein jour,En agglomération,Hors intersection,Normale,Deux véhicules - côté,7,2,2,0,1,2,1,0,1,70,2,2,1,0,1,0,44.0,59.0,voiture,deux_roues,1,2,1,1,3
201900023103,2019-04-16 17:55:00,2019,4,16,17,55,30,30343,D23,44.183524,4.47724,Plein jour,Hors agglomération,Intersection en X,Normale,Deux véhicules - côté,3,2,2,0,1,1,1,0,1,80,2,3,0,0,1,2,38.0,73.0,voiture,voiture,1,1,2,1,3
201900023104,2019-04-17 06:30:00,2019,4,17,6,30,47,47059,D708,44.582976,0.166276,Nuit sans éclairage public,Hors agglomération,Intersection en X,Normale,Sans collision,3,2,2,0,2,1,1,0,1,80,1,1,0,0,1,0,24.0,,voiture,,3,1,2,1,7
201900023105,2019-04-17 14:20:00,2019,4,17,14,20,66,66021,D12,42.7252878,2.9258319,Plein jour,En agglomération,Hors intersection,Normale,Trois véhicules et plus - collisions multiples,3,2,2,0,1,1,1,0,1,70,3,3,1,2,0,0,77.0,49.0,voiture,deux_roues,1,2,1,1,5
201900023106,2019-04-16 18:00:00,2019,4,16,18,0,56,56169,PONT MOUTON,47.707053,-3.244293,Plein jour,Hors agglomération,Hors intersection,Normale,Sans collision,4,2,2,0,1,3,9,0,1,80,1,2,1,0,1,0,18.0,,deux_roues,,1,1,1,1,7
201900023107,2019-04-16 22:15:00,2019,4,16,22,15,80,80430,CD146,49.921255,2.841388,Nuit sans éclairage public,Hors agglomération,Hors intersection,Normale,Sans collision,3,2,2,0,1,1,6,0,8,90,1,1,0,0,1,0,19.0,,voiture,,3,1,1,1,7
201900023108,2019-04-17 10:15:00,2019,4,17,10,15,82,82087,rd927,44.136488,1.218477,Plein jour,Hors agglomération,Hors intersection,Normale,Autre collision,3,2,2,0,4,3,1,0,1,80,1,1,0,1,0,0,51.0,,deux_roues,,1,1,1,1,6
201900023109,2019-04-17 12:05:00,2019,4,17,12,5,65,65025,Avenue des Pyrénées,43.003314,-0.099006,Plein jour,En agglomération,Intersection en T,Normale,Trois véhicules et plus - collisions multiples,3,2,2,0,2,1,1,0,1,50,3,3,1,1,0,1,50.0,23.0,voiture,deux_roues,1,2,3,1,5
201900023110,2019-04-13 15:00:00,2019,4,13,15,0,81,81182,gourelong,43.678932,2.333828,Plein jour,Hors agglomération,Hors intersection,Normale,Deux véhicules - côté,3,2,2,0,1,4,1,0,1,80,2,2,1,0,0,1,35.0,68.0,deux_roues,utilitaire_camion,1,1,1,1,3
201900023111,2019-04-17 04:20:00,2019,4,17,4,20,32,32027,RD935 PK 2+360,43.695763,-0.208687,Nuit sans éclairage public,Hors agglomération,Giratoire,Normale,Autre collision,3,2,2,0,1,3,1,0,8,80,1,1,0,1,0,0,32.0,,deux_roues,,3,1,6,1,6
201900023112,2019-04-17 12:00:00,2019,4,17,12,0,49,49228,Rabion (Noyant),47.469563,0.09111,Plein jour,Hors agglomération,Intersection en X,Normale,Deux véhicules - arrière,3,2,2,0,4,1,1,0,1,80,2,5,1,0,1,3,36.0,80.0,voiture,autre,1,1,2,1,2
201900023113,2019-04-11 15:15:00,2019,4,11,15,15,42,42282,croisement D1/D44,45.897327,3.804712,Plein jour,Hors agglomération,Intersection en X,Normale,Deux véhicules - côté,3,2,2,0,1,1,1,5,1,80,2,3,2,0,0,1,22.0,76.0,utilitaire_camion,voiture,1,1,2,1,3
201900023114,2019-04-17 07:39:00,2019,4,17,7,39,46,46189,RD807,44.819364,1.790944,Plein jour,Hors agglomération,Hors intersection,Normale,Autre collision,3,2,2,0,1,3,1,0,8,80,1,1,0,0,1,0,49.0,,voiture,,1,1,1,1,6
201900023115,2019-04-16 18:53:00,2019,4,16,18,53,47,47097,RD 930,44.223352,0.348692,Plein jour,En agglomération,Hors intersection,Normale,Deux véhicules - côté,3,2,2,0,1,1,1,9,1,50,2,3,2,0,1,0,39.0,76.0,deux_roues,voiture,1,2,1,1,3