accident_id,datetime,annee,mois,jour,heure,minute,departement,commune_insee,adresse,latitude,longitude,luminosite,agglomeration,intersection,meteo,collision,catr,circ,nbv,vosp,prof,plan,surf,infra,situ,vma,nb_vehicules,nb_usagers,nb_indemnes,nb_tues,nb_blesses_hosp,nb_blesses_legers,age_cond_1,age_cond_2,veh_type_cond_1,veh_type_cond_2,lum_code,agg_code,int_code,atm_code,col_code
201900023206,2019-06-28 16:45:00,2019,6,28,16,45,76,76540,MATHILDE. PONT,49.43142,1.10292,Plein jour,Hors agglomération,Hors intersection,Normale,Deux véhicules - arrière,3,3,6,0,1,1,1,2,1,50,2,2,1,0,0,1,24.0,25.0,deux_roues,voiture,1,1,1,1,2
201900023207,2019-06-13 08:10:00,2019,6,13,8,10,76,76322,LECLERC. AVENUE DU MARECHAL (CD 3),49.41785,1.04794,Plein jour,En agglomération,Hors intersection,Normale,Trois véhicules et plus - en chaîne,3,1,2,0,1,1,1,0,1,50,3,3,1,0,0,2,19.0,55.0,deux_roues,voiture,1,2,1,1,4
201900023208,2019-06-26 09:52:00,2019,6,26,9,52,76,76540,MADAGASCAR. RUE DE,49.43761,1.06715,Plein jour,Hors agglomération,Giratoire,Normale,Sans collision,2,3,5,0,1,2,1,0,1,50,1,1,0,0,0,1,64.0,,deux_roues,,1,1,6,1,7
201900023209,2019-06-28 11:20:00,2019,6,28,11,20,76,76305,Jacques EBERHARD (Avenue),49.50443,0.23382,Plein jour,En agglomération,Intersection en T,Normale,Deux véhicules - côté,4,2,2,0,1,1,1,0,1,50,2,2,1,0,0,1,67.0,16.0,voiture,deux_roues,1,2,3,1,3
201900023210,2019-06-26 10:50:00,2019,6,26,10,50,76,76351,NOTRE DAME (QUAI),49.48738,0.11066,Plein jour,En agglomération,Intersection en T,Normale,Autre collision,4,2,2,0,1,1,1,0,1,50,1,1,0,0,0,1,63.0,,voiture,,1,2,3,1,6
201900023211,2019-06-28 11:39:00,2019,6,28,11,39,74,74010,CHAMBERY,45.89925,6.12034,Plein jour,En agglomération,Hors intersection,Normale,Autre collision,4,2,2,0,1,1,1,0,2,30,1,2,1,0,0,1,51.0,,voiture,,1,2,1,1,6
201900023212,2019-06-20 18:00:00,2019,6,20,18,0,73,73065,MACONNAIS (RUE DU),45.5907824,5.9179285,Plein jour,En agglomération,Hors intersection,Normale,Autre collision,4,2,2,0,1,1,1,0,1,50,1,1,0,0,1,0,,,,,1,2,1,1,6
201900023213,2019-06-28 18:00:00,2019,6,28,18,0,71,71306,MAUGRAND (BLD DE LA),46.68193,4.36127,Plein jour,En agglomération,Hors intersection,Normale,Deux véhicules - arrière,4,2,2,0,1,1,1,0,1,50,2,2,1,0,0,1,23.0,31.0,deux_roues,voiture,1,2,1,1,2
201900023214,2019-06-28 15:30:00,2019,6,28,15,30,71,71540,BOIS DE BRION (LE),46.7668061,4.4409832,Plein jour,Hors agglomération,Intersection en T,Normale,Deux véhicules - côté,3,2,2,0,1,1,1,0,1,80,2,2,1,0,0,1,71.0,,voiture,,1,1,3,1,3
201900023215,2019-06-26 12:15:00,2019,6,26,12,15,71,71540,RD 680 PR 44,46.7668171,4.4490708,Plein jour,Hors agglomération,Intersection en T,Normale,Deux véhicules - côté,3,2,2,0,2,1,1,0,1,70,2,3,1,0,0,2,24.0,25.0,voiture,voiture,1,1,3,1,3
201900023216,2019-06-28 22:40:00,2019,6,28,22,40,69,69266,LEON BLUM      (Rue),45.76292,4.91315,Nuit avec éclairage allumé,En agglomération,Hors intersection,Normale,Autre collision,4,1,4,3,1,1,1,0,1,50,1,2,1,0,0,1,32.0,,voiture,,5,2,1,1,6
201900023217,2019-06-29 00:05:00,2019,6,29,0,5,69,69091,VICTOR HUGO ( R ),45.58759,4.77113,Nuit sans éclairage public,En agglomération,Hors intersection,Normale,Deux véhicules - côté,3,2,3,3,1,1,1,0,1,50,2,2,0,0,0,2,21.0,34.0,deux_roues,voiture,3,2,1,1,3
201900023218,2019-06-24 16:45:00,2019,6,24,16,45,68,68297,LANGUEDOC ( RUE DU ),47.596305,7.559261,Plein jour,En agglomération,Hors intersection,Normale,Deux véhicules - arrière,3,2,2,0,1,1,1,0,1,50,2,3,1,0,0,2,33.0,28.0,voiture,voiture,1,2,1,1,2
201900023219,2019-06-28 17:10:00,2019,6,28,17,10,68,68224,GUNSBACH (RUE DE),47.769171,7.323497,Plein jour,En agglomération,Intersection en T,Normale,Deux véhicules - frontale,4,2,2,0,1,1,1,0,1,50,2,2,1,0,1,0,39.0,23.0,voiture,deux_roues,1,2,3,1,1
201900023220,2019-06-21 23:35:00,2019,6,21,23,35,68,68066,CAVALERIE (RUE DE LA),48.08201,7.36055,Nuit avec éclairage allumé,En agglomération,Autre intersection,Normale,Autre collision,4,1,2,0,1,1,1,0,3,50,1,2,1,0,0,1,34.0,,voiture,,5,2,9,1,6
201900023221,2019-06-20 08:50:00,2019,6,20,8,50,68,68066,DE GAULLE (AVENUE DU GENERAL),48.07229,7.33831,Plein jour,En agglomération,Hors intersection,Normale,Deux véhicules - côté,4,2,2,2,1,1,1,0,1,50,2,2,1,0,0,1,37.0,35.0,deux_roues,utilitaire_camion,1,2,1,1,3
201900023222,2019-06-08 09:12:00,2019,6,8,9,12,68,68066,ALSACE (RUE D'),48.072206,7.365817,Plein jour,En agglomération,Hors intersection,Normale,Deux véhicules - arrière,3,3,4,0,1,1,1,0,1,50,2,3,2,0,0,1,48.0,53.0,voiture,voiture,1,2,1,1,2
201900023223,2019-06-27 15:40:00,2019,6,27,15,40,68,68066,INGERSHEIM (ROUTE D'),48.08457,7.34231,Plein jour,En agglomération,Intersection en X,Normale,Deux véhicules - côté,3,2,3,1,1,1,1,0,1,50,2,2,1,1,0,0,30.0,60.0,utilitaire_camion,deux_roues,1,2,2,1,3
201900023224,2019-06-25 07:46:00,2019,6,25,7,46,68,68066,CURIE (RUE),48.107278,7.376112,Plein jour,En agglomération,Giratoire,Temps éblouissant,Deux véhicules - arrière,4,2,2,0,1,1,1,5,1,50,2,2,1,0,1,0,58.0,53.0,voiture,deux_roues,1,2,6,7,2
201900023225,2019-06-27 14:40:00,2019,6,27,14,40,67,67365,LINGOLSHEIM (RUE DE),48.548637,7.6999929,Plein jour,En agglomération,Hors intersection,Normale,Deux véhicules - arrière,4,3,5,3,2,1,1,4,1,40,2,2,1,0,1,0,15.0,55.0,deux_roues,utilitaire_camion,1,2,1,1,2
201900023226,2019-06-26 22:40:00,2019,6,26,22,40,67,67043,CHANTIERS (RUE DES),48.614243,7.760599,Nuit avec éclairage allumé,En agglomération,Autre intersection,Normale,Autre collision,4,-1,1,0,1,1,1,0,1,50,2,5,4,0,0,1,18.0,48.0,deux_roues,voiture,5,2,9,1,6
201900023227,2019-06-25 12:05:00,2019,6,25,12,5,67,67482,GENERAL DE GAULLE (AVENUE DU),48.5792,7.76924,Plein jour,En agglomération,Hors intersection,Normale,Autre collision,4,3,6,0,1,1,1,4,1,50,2,4,3,0,0,1,21.0,20.0,deux_roues,voiture,1,2,1,1,6
201900023228,2019-06-24 13:50:00,2019,6,24,13,50,67,67482,ROBERTSAU (ALLEE DE LA),48.587786,7.764816,Plein jour,En agglomération,Intersection en T,Normale,Trois véhicules et plus - collisions multiples,4,3,4,0,1,1,1,0,1,50,3,3,2,1,0,0,61.0,84.0,deux_roues,voiture,1,2,3,1,5
201900023229,2019-06-24 17:56:00,2019,6,24,17,56,67,67180,RD263,48.78672,7.75101,Plein jour,Hors agglomération,Intersection en T,Normale,Deux véhicules - arrière,3,2,2,0,1,1,1,0,1,80,2,2,1,0,1,0,26.0,41.0,voiture,deux_roues,1,1,3,1,2
201900023230,2019-06-26 01:45:00,2019,6,26,1,45,66,66136,Départementale  617,42.711829,2.965301,Nuit avec éclairage non allumé,Hors agglomération,Hors intersection,Normale,Autre collision,3,3,4,3,1,1,1,0,1,110,3,6,2,2,0,2,52.0,51.0,voiture,deux_roues,4,1,1,1,6
201900023231,2019-06-29 18:05:00,2019,6,29,18,5,64,64445,LOUP DU,43.31957,-0.34848,Plein jour,En agglomération,Intersection en X,Normale,Autre collision,4,3,3,0,1,1,1,0,1,50,1,2,1,0,0,1,39.0,,voiture,,1,2,2,1,6
201900023232,2019-06-28 11:30:00,2019,6,28,11,30,64,64445,REGINA,43.30049,-0.34621,Plein jour,En agglomération,Intersection en T,Normale,Deux véhicules - côté,4,2,2,0,1,1,1,0,1,50,2,2,1,0,0,1,30.0,57.0,utilitaire_camion,voiture,1,2,3,1,3
201900023233,2019-06-28 09:30:00,2019,6,28,9,30,64,64445,GASTON PHOEBUS,43.3024,-0.37938,Plein jour,En agglomération,Autre intersection,Normale,Deux véhicules - côté,4,2,3,0,1,2,1,0,1,50,2,2,1,0,0,1,18.0,78.0,deux_roues,voiture,1,2,9,1,3
201900023234,2019-06-27 09:35:00,2019,6,27,9,35,64,64445,AMEDEE ROUSSILLE,43.2934,-0.38265,Plein jour,En agglomération,Hors intersection,Temps éblouissant,Deux véhicules - arrière,4,2,2,0,1,1,1,0,1,50,2,2,1,0,0,1,64.0,47.0,voiture,deux_roues,1,2,1,7,2
201900023235,2019-06-29 05:05:00,2019,6,29,5,5,64,64125,GARE (RUE DE LA),43.43038,-1.5907,Nuit avec éclairage allumé,En agglomération,Hors intersection,Normale,Autre collision,4,2,2,0,1,2,1,0,1,50,1,1,0,0,1,0,34.0,,deux_roues,,5,2,1,1,6
201900023236,2019-06-26 17:50:00,2019,6,26,17,50,64,64122,PELLETIER (RUE DE),43.46677,-1.54301,Plein jour,En agglomération,Hors intersection,Normale,Deux véhicules - frontale,4,2,2,0,1,3,1,0,1,50,2,2,1,0,0,1,18.0,44.0,deux_roues,utilitaire_camion,1,2,1,1,1
201900023237,2019-06-27 12:10:00,2019,6,27,12,10,62,62617,SALENGRO (RUE ROGER),50.4744856,2.6582777,Plein jour,En agglomération,Hors intersection,Normale,Autre collision,4,2,2,0,1,1,1,0,1,50,1,2,1,0,0,1,28.0,,voiture,,1,2,1,1,6
201900023238,2019-06-27 17:20:00,2019,6,27,17,20,62,62108,DOCTEUR QUETTIER,50.41084,1.56717,Plein jour,En agglomération,Autre intersection,Normale,Deux véhicules - arrière,4,2,2,0,1,1,1,0,1,50,2,2,1,0,1,0,33.0,20.0,deux_roues,voiture,1,2,9,1,2
201900023239,2019-06-27 15:50:00,2019,6,27,15,50,59,59421,LONDRES (RUE DE)22A82-11A69-122A258-89A2,50.7042893,3.1354326,Plein jour,En agglomération,Intersection en X,Temps éblouissant,Deux véhicules - côté,7,2,2,0,1,1,1,0,1,50,2,2,1,0,1,0,59.0,31.0,utilitaire_camion,deux_roues,1,2,2,7,3
201900023240,2019-06-26 20:10:00,2019,6,26,20,10,59,59327,PECQUENCOURT (RUE DE),50.38481,3.17612,Plein jour,En agglomération,Giratoire,Normale,Deux véhicules - côté,3,1,2,0,1,2,1,0,2,50,2,4,2,0,0,2,63.0,18.0,voiture,deux_roues,1,2,6,1,3
201900023241,2019-06-15 10:10:00,2019,6,15,10,10,59,59456,D25,50.37591,3.20801,Plein jour,Hors agglomération,Hors intersection,Temps éblouissant,Deux véhicules - frontale,3,-1,2,0,1,3,1,0,1,80,2,2,0,0,2,0,27.0,58.0,voiture,voiture,1,1,1,7,1
201900023242,2019-06-26 08:45:00,2019,6,26,8,45,57,57757,Nations (Avenue),49.35378,6.17953,Plein jour,En agglomération,Hors intersection,Normale,Autre collision,3,2,3,1,1,1,1,0,1,50,1,2,1,0,1,0,82.0,,voiture,,1,2,1,1,6
201900023243,2019-06-25 08:05:00,2019,6,25,8,5,57,57672,ALBERT 1ER (AVENUE) - IMPAIR,49.36634,6.16875,Plein jour,En agglomération,Hors intersection,Normale,Autre collision,3,2,2,0,1,1,1,0,1,50,1,2,1,0,1,0,29.0,,utilitaire_camion,,1,2,1,1,6
201900023244,2019-06-25 10:20:00,2019,6,25,10,20,56,56260,FONTAINE(RUE DE LA),47.66018,-2.7545,Plein jour,En agglomération,Hors intersection,Normale,Autre collision,4,1,1,0,1,1,1,0,1,30,1,2,1,0,0,1,48.0,,voiture,,1,2,1,1,6
201900023245,2019-06-27 09:35:00,2019,6,27,9,35,56,56121,MULLER ( DU COLONEL JEAN ),47.7659,-3.40063,Plein jour,En agglomération,Giratoire,Normale,Deux véhicules - côté,4,2,2,3,1,1,1,5,1,30,2,2,1,0,0,1,62.0,79.0,deux_roues,voiture,1,2,6,1,3
201900023246,2019-06-27 08:40:00,2019,6,27,8,40,56,56098,REPUBLIQUE (RUE DE LA ),47.75693,-3.34485,Plein jour,En agglomération,Hors intersection,Normale,Trois véhicules et plus - en chaîne,4,1,1,0,1,1,1,0,1,30,3,3,1,0,0,2,24.0,31.0,deux_roues,voiture,1,2,1,1,4
201900023247,2019-06-26 15:40:00,2019,6,26,15,40,56,56162,KERVAM (RUE DE),47.73504,-3.4282,Plein jour,En agglomération,Hors intersection,Normale,Deux véhicules - côté,6,-1,-1,0,1,1,1,0,1,30,2,2,1,0,0,1,18.0,84.0,deux_roues,voiture,1,2,1,1,3
201900023248,2019-06-11 16:30:00,2019,6,11,16,30,54,54547,LILAS (ALLEE DES),48.66192,6.1853,Plein jour,En agglomération,Intersection en T,Pluie légère,Deux véhicules - côté,4,-1,2,0,1,3,2,0,1,50,2,3,1,0,0,2,41.0,85.0,voiture,voiture,1,2,3,2,3
201900023249,2019-06-21 20:00:00,2019,6,21,20,0,53,53130,ROME ( RUE DE ),48.05376,-0.7367,Plein jour,En agglomération,Intersection en T,Normale,Deux véhicules - côté,4,2,2,0,2,1,1,0,1,50,2,1,0,0,1,0,45.0,,deux_roues,,1,2,3,1,3
201900023250,2019-06-28 23:05:00,2019,6,28,23,5,51,51454,RUE JACQUES DE LA GIRAUDIERE,49.2412199,4.0821451,Nuit avec éclairage allumé,En agglomération,Hors intersection,Normale,Autre collision,4,2,2,0,1,1,1,0,1,50,1,2,0,1,0,1,20.0,,deux_roues,,5,2,1,1,6
201900023251,2019-06-28 11:50:00,2019,6,28,11,50,50,50002,PERIERS (ROUTE DE),49.11458,-1.12664,Plein jour,En agglomération,Intersection en X,Normale,Deux véhicules - côté,3,2,2,0,1,1,1,0,1,50,2,2,1,0,0,1,59.0,68.0,utilitaire_camion,deux_roues,1,2,2,1,3
201900023252,2019-06-28 07:57:00,2019,6,28,7,57,50,50129,ABBAYE (RUE DE L'),49.64669,-1.64231,Plein jour,En agglomération,Hors intersection,Normale,Trois véhicules et plus - en chaîne,3,2,4,0,1,1,1,0,1,50,3,3,2,0,0,1,30.0,26.0,voiture,voiture,1,2,1,1,4
201900023253,2019-06-27 09:06:00,2019,6,27,9,6,49,49007,BIRGE BOULEVARD,47.4794,-0.52131,Plein jour,En agglomération,Intersection en X,Normale,Deux véhicules - côté,4,2,2,0,1,1,1,0,1,50,2,2,1,0,0,1,72.0,68.0,voiture,voiture,1,2,2,1,3
201900023254,2019-06-26 06:56:00,2019,6,26,6,56,49,49015,RAFFOUX CHEMIN,47.50382,-0.57206,Plein jour,En agglomération,Hors intersection,Normale,Deux véhicules - frontale,4,2,2,0,1,1,1,0,1,50,2,2,1,0,0,1,28.0,21.0,voiture,voiture,1,2,1,1,1
201900023255,2019-06-29 16:10:00,2019,6,29,16,10,45,45234,PLACE DOMREMY - RUE SAINT MARCEAU,47.8898023,1.9056968,Plein jour,En agglomération,Intersection en T,Normale,Deux véhicules - côté,4,2,2,2,1,1,1,4,1,50,2,2,1,0,0,1,40.0,16.0,voiture,deux_roues,1,2,3,1,3
201900023256,2019-06-28 21:10:00,2019,6,28,21,10,45,45147,R DU FG BANNIER - R A BECQUEREL,47.9242524,1.8971047,Plein jour,En agglomération,Intersection en T,Normale,Deux véhicules - côté,4,2,2,0,1,1,1,0,1,50,2,4,2,0,1,1,22.0,41.0,voiture,deux_roues,1,2,3,1,3
201900023257,2019-06-28 17:50:00,2019,6,28,17,50,45,45147,AV DE LA LIBERATION,47.93512,1.89607,Plein jour,En agglomération,Hors intersection,Normale,Deux véhicules - arrière,4,3,4,0,1,1,1,0,1,50,2,2,1,0,0,1,28.0,31.0,voiture,voiture,1,2,1,1,2
201900023258,2019-06-27 17:20:00,2019,6,27,17,20,45,45234,R DE LA GENDARMERIE,47.91179,1.91773,Crépuscule ou aube,En agglomération,Hors intersection,Normale,Autre collision,4,1,1,-1,1,1,1,0,4,30,1,2,1,0,1,0,34.0,,voiture,,2,2,1,1,6
201900023259,2019-06-27 14:10:00,2019,6,27,14,10,45,45234,AV P SEGELLE - R DE LA MANUFACTURE,47.90433,1.91555,Plein jour,En agglomération,Intersection en T,Normale,Autre collision,4,3,4,0,1,1,1,0,1,50,1,2,1,0,0,1,48.0,,voiture,,1,2,3,1,6
201900023260,2019-06-30 00:57:00,2019,6,30,0,57,45,45208,AV DU D P SZIGETI - R DE LA PIERRIERE,47.995333,2.725055,Nuit avec éclairage allumé,En agglomération,Intersection en T,Normale,Sans collision,4,2,2,0,2,1,1,0,1,50,1,1,0,0,1,0,30.0,,deux_roues,,5,2,3,1,7
201900023261,2019-06-28 13:28:00,2019,6,28,13,28,45,45208,RUE ANDRE COQUILLET,47.9891,2.7324,Plein jour,En agglomération,Hors intersection,Normale,Deux véhicules - côté,4,2,2,0,2,1,1,0,1,50,2,2,1,0,0,1,32.0,17.0,utilitaire_camion,deux_roues,1,2,1,1,3
201900023262,2019-06-27 08:00:00,2019,6,27,8,0,45,45068,R DE LA PONTONNERIE,48.00352,2.71392,Plein jour,En agglomération,Autre intersection,Normale,Sans collision,4,2,2,0,1,1,1,0,1,50,1,1,0,0,0,1,33.0,,deux_roues,,1,2,9,1,7
201900023263,2019-05-06 07:50:00,2019,5,6,7,50,44,44162,RM75 / rue de la johardière,47.22704,-1.65143,Plein jour,En agglomération,Giratoire,Normale,Deux véhicules - côté,7,2,2,0,1,1,1,5,1,70,2,2,1,0,0,1,60.0,53.0,voiture,deux_roues,1,2,6,1,3
201900023264,2019-06-25 09:20:00,2019,6,25,9,20,42,42218,LYON RUE DE,45.43568,4.43813,Plein jour,En agglomération,Hors intersection,Normale,Deux véhicules - côté,4,2,2,0,1,1,1,0,1,50,2,2,1,0,1,0,16.0,35.0,voiture,voiture,1,2,1,1,3
201900023265,2019-06-21 15:37:00,2019,6,21,15,37,42,42218,MONTAT (DE LA) A PARTIR Nø 86-93,45.44312,4.41286,Plein jour,En agglomération,Intersection en X,Normale,Deux véhicules - côté,4,2,4,0,2,1,1,0,1,50,2,2,1,0,1,0,29.0,18.0,voiture,deux_roues,1,2,2,1,3
201900023266,2019-06-22 18:45:00,2019,6,22,18,45,41,41295,Rue des Paradis,47.58296,1.37944,Plein jour,En agglomération,Intersection en T,Normale,Deux véhicules - côté,4,2,2,0,1,1,1,0,1,50,2,2,0,0,0,2,20.0,15.0,deux_roues,voiture,1,2,3,1,3
201900023267,2019-06-27 06:10:00,2019,6,27,6,10,39,39198,ARENES (RUE DES) N° IMPAIRS,47.0905,5.49052,Plein jour,En agglomération,Hors intersection,Normale,Deux véhicules - arrière,4,1,1,0,2,1,1,0,1,50,2,2,1,0,1,0,22.0,37.0,utilitaire_camion,utilitaire_camion,1,2,1,1,2
201900023268,2019-06-29 12:50:00,2019,6,29,12,50,38,38421,SADOUL (RUE G.),45.18557,5.76905,Plein jour,En agglomération,Hors intersection,Normale,Autre collision,4,2,2,0,1,1,1,0,1,50,2,1,0,0,1,0,63.0,,deux_roues,,1,2,1,1,6
201900023269,2019-06-27 13:13:00,2019,6,27,13,13,37,37261,HAUY (RUE VALENTIN),47.4149007,0.6866387,Plein jour,En agglomération,Intersection en T,Normale,Deux véhicules - côté,4,2,2,0,1,1,1,0,1,50,2,3,2,0,0,1,51.0,23.0,voiture,voiture,1,2,3,1,3
201900023270,2019-06-29 17:30:00,2019,6,29,17,30,35,35238,RN136,48.113779,-1.718784,Plein jour,Hors agglomération,Autre intersection,Normale,Deux véhicules - arrière,2,3,4,0,2,1,1,0,1,90,2,3,2,0,0,1,39.0,27.0,voiture,voiture,1,1,9,1,2
201900023271,2019-06-29 17:35:00,2019,6,29,17,35,35,35238,PORTE DE LORIENT,48.10667,-1.71707,Plein jour,Hors agglomération,Hors intersection,Normale,Trois véhicules et plus - en chaîne,2,3,4,0,1,1,1,0,1,90,3,4,3,0,0,1,26.0,69.0,voiture,voiture,1,1,1,1,4
201900023272,2019-06-28 13:44:00,2019,6,28,13,44,35,35238,GAYEULLES (AVENUE DES),48.13156,-1.65238,Plein jour,En agglomération,Hors intersection,Temps éblouissant,Autre collision,4,-1,2,0,1,1,1,0,1,50,1,2,1,0,0,1,50.0,,voiture,,1,2,1,7,6
201900023273,2019-06-28 13:10:00,2019,6,28,13,10,35,35238,TRASBOT (ANDRE),48.1,-1.70864,Plein jour,En agglomération,Intersection en X,Normale,Deux véhicules - côté,4,-1,0,0,2,1,1,0,1,50,2,2,1,0,0,1,24.0,19.0,voiture,transport_commun,1,2,2,1,3
201900023274,2019-06-28 09:45:00,2019,6,28,9,45,35,35051,FOUGERES (ROUTE DE),48.1458454,-1.6073237,Plein jour,Hors agglomération,Intersection en T,Normale,Deux véhicules - côté,3,2,2,1,1,1,1,0,1,80,2,2,1,0,0,1,39.0,44.0,deux_roues,voiture,1,1,3,1,3
201900023275,2019-06-28 02:10:00,2019,6,28,2,10,35,35238,MARTENOT,48.11314,-1.674,Nuit avec éclairage allumé,En agglomération,Hors intersection,Normale,Autre collision,4,2,2,0,2,3,1,0,1,30,1,1,0,0,1,0,36.0,,deux_roues,,5,2,1,1,6
201900023276,2019-06-27 17:10:00,2019,6,27,17,10,35,35051,SAINT-SULPICE (RD 97),48.141269,-1.627913,Plein jour,Hors agglomération,Giratoire,Normale,Deux véhicules - arrière,3,1,2,0,1,1,1,0,1,50,2,2,1,0,0,1,32.0,50.0,transport_commun,voiture,1,1,6,1,2
201900023277,2019-06-27 16:35:00,2019,6,27,16,35,35,35238,PORTE DE NANTES,48.08104,-1.67498,Plein jour,Hors agglomération,Hors intersection,Normale,Trois véhicules et plus - en chaîne,2,3,1,0,1,3,1,2,1,50,4,4,3,0,0,1,50.0,18.0,deux_roues,voiture,1,1,1,1,4
201900023278,2019-06-26 23:30:00,2019,6,26,23,30,35,35278,SAINT VINCENT (AVENUE),48.14353,-1.68521,Nuit avec éclairage allumé,Hors agglomération,Autre intersection,Normale,Autre collision,9,-1,1,0,2,1,1,0,1,20,1,1,0,0,0,1,61.0,,voiture,,5,1,9,1,6
201900023279,2019-06-28 18:25:00,2019,6,28,18,25,34,34172,LIBERTE (AVENUE DE LA,43.61137,3.82874,Plein jour,En agglomération,Intersection en X,Normale,Deux véhicules - côté,4,2,-1,0,1,1,1,0,1,50,2,2,1,0,0,1,28.0,28.0,deux_roues,utilitaire_camion,1,2,2,1,3
201900023280,2019-07-27 15:15:00,2019,7,27,15,15,87,87065,AUTOROUTE A20,45.80635,1.29775,Plein jour,Hors agglomération,Hors intersection,Pluie forte,Trois véhicules et plus - en chaîne,1,3,4,0,1,1,2,0,1,110,4,11,8,0,0,3,35.0,35.0,voiture,voiture,1,1,1,3,4
201900023281,2019-05-12 18:20:00,2019,5,12,18,20,86,86066,PLESSARD (RUE CHARLES),46.79941,0.53414,Plein jour,En agglomération,Intersection en T,Normale,Deux véhicules - côté,4,2,2,0,1,1,1,0,1,50,2,2,1,0,1,0,17.0,36.0,autre,voiture,1,2,3,1,3
201900023282,2019-07-30 21:20:00,2019,7,30,21,20,80,80021,"68, BD D'ALSACE LORRAINE ",49.89382,2.3089,Plein jour,En agglomération,Hors intersection,Normale,Deux véhicules - côté,4,1,1,0,1,1,1,0,1,50,2,2,1,0,0,1,20.0,16.0,deux_roues,deux_roues,1,2,1,1,3
201900023283,2019-07-29 13:20:00,2019,7,29,13,20,76,76259,DE GAULLE ( PLACE CHARLES),49.7575,0.37633,Plein jour,En agglomération,Hors intersection,Normale,Autre collision,3,2,2,0,1,1,1,0,1,50,1,2,1,0,0,1,40.0,,voiture,,1,2,1,1,6
201900023284,2019-07-31 05:05:00,2019,7,31,5,5,69,69290,MIONS (DE)                          (RO),45.6842,4.9477,Nuit avec éclairage allumé,En agglomération,Hors intersection,Normale,Autre collision,4,2,2,0,1,1,1,0,1,50,1,1,0,0,0,1,23.0,,voiture,,5,2,1,1,6
201900023285,2019-07-26 10:11:00,2019,7,26,10,11,69,69256,GABRIEL PERI                        (AV),45.7787,4.9167,Plein jour,En agglomération,Autre intersection,Temps éblouissant,Autre collision,6,-1,-1,0,4,1,1,0,-1,10,1,2,1,0,0,1,21.0,,voiture,,1,2,9,7,6
201900023286,2019-07-29 19:45:00,2019,7,29,19,45,69,69264,VERDUN  RUE DE,45.98828,4.7333,Crépuscule ou aube,En agglomération,Intersection en X,Normale,Deux véhicules - frontale,4,2,2,0,1,1,1,5,1,50,2,3,1,0,0,2,21.0,23.0,voiture,voiture,2,2,2,1,1
201900023287,2019-07-29 10:30:00,2019,7,29,10,30,67,67482,MITTELHAUSBERGEN (ROUTE DE),48.594077,7.72024,Plein jour,En agglomération,Intersection en T,Normale,Deux véhicules - frontale,4,2,2,0,1,1,9,0,1,30,2,2,1,0,0,1,22.0,64.0,voiture,deux_roues,1,2,3,1,1
201900023288,2019-07-31 15:45:00,2019,7,31,15,45,64,64260,MER (BOULEVARD DE LA),43.3742359,-1.7687888,Plein jour,En agglomération,Intersection en T,Normale,Deux véhicules - côté,3,2,2,0,1,1,1,0,3,50,2,3,1,0,0,2,16.0,44.0,deux_roues,voiture,1,2,3,1,3
201900023289,2019-07-31 12:30:00,2019,7,31,12,30,64,64545,CORNICHE (ROUTE DE LA),43.3940738,-1.6907106,Plein jour,Hors agglomération,Hors intersection,Normale,Deux véhicules - arrière,3,2,2,0,1,1,1,0,3,50,2,3,1,0,0,2,17.0,61.0,deux_roues,voiture,1,1,1,1,2
201900023290,2019-07-31 18:00:00,2019,7,31,18,0,59,59098,OBLARDS (CHEMIN DES),50.7566888,3.0676478,Plein jour,Hors agglomération,Hors intersection,Normale,Deux véhicules - arrière,4,2,2,1,1,1,1,0,1,80,2,3,1,0,0,2,34.0,37.0,voiture,voiture,1,1,1,1,2
201900023291,2019-07-31 18:20:00,2019,7,31,18,20,59,59350,BELFORT BOULEVARD DE,50.62388,3.08034,Plein jour,En agglomération,Intersection en X,Normale,Deux véhicules - frontale,7,3,4,2,1,1,1,5,1,50,2,2,1,1,0,0,26.0,22.0,deux_roues,voiture,1,2,2,1,1
201900023292,2019-07-30 08:50:00,2019,7,30,8,50,59,59378,CHATEAUX RUE DES,50.6558,3.11156,Plein jour,En agglomération,Hors intersection,Normale,Deux véhicules - frontale,4,2,2,0,1,3,1,0,1,50,2,4,0,0,1,3,23.0,49.0,voiture,voiture,1,2,1,1,1
201900023293,2019-07-27 19:05:00,2019,7,27,19,5,57,57672,ROMAINS (ROUTE DES),49.3645,6.14151,Plein jour,En agglomération,Giratoire,Normale,Deux véhicules - côté,4,1,1,0,1,2,1,0,1,50,2,2,1,0,0,1,16.0,56.0,deux_roues,voiture,1,2,6,1,3
201900023294,2019-07-30 18:20:00,2019,7,30,18,20,56,56098,NORMANDIE NIEMEN ( BD ),47.7622,-3.35629,Plein jour,En agglomération,Hors intersection,Normale,Autre collision,4,2,2,0,1,1,1,0,1,50,1,2,1,0,0,1,18.0,,deux_roues,,1,2,1,1,6
201900023295,2019-07-30 12:00:00,2019,7,30,12,0,56,56107,Rue de Kerguélen,47.70592,-3.40177,Plein jour,En agglomération,Hors intersection,Normale,Deux véhicules - frontale,4,2,2,0,1,1,1,0,1,50,2,4,0,0,0,4,19.0,41.0,voiture,utilitaire_camion,1,2,1,1,1
201900023296,2019-07-30 20:10:00,2019,7,30,20,10,54,54482,MARIN (VIADUC LOUIS),48.704361,6.194897,Crépuscule ou aube,En agglomération,Hors intersection,Normale,Autre collision,4,2,2,0,1,1,1,0,1,50,1,1,0,0,1,0,62.0,,deux_roues,,2,2,1,1,6