accident_id,datetime,annee,mois,jour,heure,minute,departement,commune_insee,adresse,latitude,longitude,luminosite,agglomeration,intersection,meteo,collision,catr,circ,nbv,vosp,prof,plan,surf,infra,situ,vma,nb_vehicules,nb_usagers,nb_indemnes,nb_tues,nb_blesses_hosp,nb_blesses_legers,age_cond_1,age_cond_2,veh_type_cond_1,veh_type_cond_2,lum_code,agg_code,int_code,atm_code,col_code
201900023573,2019-05-18 12:20:00,2019,5,18,12,20,69,69275,JEAN JAURES                         (AV),45.77133,4.96536,Plein jour,En agglomération,Hors intersection,Normale,Deux véhicules - côté,4,2,4,1,3,1,1,0,1,50,2,2,1,0,0,1,25.0,32.0,voiture,deux_roues,1,2,1,1,3
201900023574,2019-05-21 02:30:00,2019,5,21,2,30,69,69266,POIZAT      (Rue),45.75818,4.89327,Nuit avec éclairage allumé,En agglomération,Intersection en X,Normale,Deux véhicules - côté,7,1,1,0,1,1,1,0,1,50,2,2,1,0,1,0,21.0,19.0,voiture,deux_roues,5,2,2,1,3
201900023575,2019-05-20 20:15:00,2019,5,20,20,15,69,69271,DAUPHINE (DU)                           ,45.7344907,4.965992,Crépuscule ou aube,En agglomération,Giratoire,Normale,Deux véhicules - côté,4,2,2,0,1,1,1,0,1,50,2,4,3,0,0,1,21.0,41.0,voiture,voiture,2,2,6,1,3
201900023576,2019-05-17 21:20:00,2019,5,17,21,20,69,69266,POUDRETTE     (Rue de la),45.7619,4.91878,Nuit avec éclairage allumé,En agglomération,Hors intersection,Normale,Deux véhicules - côté,4,2,2,0,1,1,1,0,1,50,2,3,2,0,0,1,36.0,45.0,voiture,deux_roues,5,2,1,1,3
201900023577,2019-05-16 07:40:00,2019,5,16,7,40,69,69256,ORCHA (D')                          (AV),45.78081,4.90786,Plein jour,En agglomération,Intersection en X,Temps éblouissant,Trois véhicules et plus - collisions multiples,4,2,3,0,1,3,1,0,1,50,3,3,1,0,0,2,27.0,27.0,voiture,voiture,1,2,2,7,5
201900023578,2019-05-15 23:20:00,2019,5,15,23,20,69,69275,LEON TOLSTOI                        (AV),45.77252,4.96082,Nuit sans éclairage public,En agglomération,Hors intersection,Normale,Autre collision,4,1,1,0,2,1,1,0,1,50,1,2,0,0,0,2,20.0,,deux_roues,,3,2,1,1,6
201900023579,2019-05-15 19:40:00,2019,5,15,19,40,69,69266,LOUIS FORT          (Rue),45.77476,4.88677,Plein jour,En agglomération,Intersection en T,Normale,Deux véhicules - frontale,7,2,2,0,1,1,1,0,1,50,2,3,2,0,1,0,22.0,75.0,voiture,voiture,1,2,3,1,1
201900023580,2019-05-13 18:05:00,2019,5,13,18,5,69,69282,8 MAI 1945 (DU)                     (R ),45.77067,5.0012,Plein jour,En agglomération,Intersection en T,Normale,Autre collision,4,2,2,0,1,1,1,0,1,50,1,2,1,0,1,0,54.0,,voiture,,1,2,3,1,6
201900023581,2019-05-12 18:30:00,2019,5,12,18,30,69,69266,LEON BLUM      (Rue),45.7605037,4.905197,Plein jour,En agglomération,Hors intersection,Normale,Deux véhicules - côté,4,2,2,3,1,1,1,0,2,50,2,2,0,0,2,0,16.0,16.0,autre,deux_roues,1,2,1,1,3
201900023582,2019-05-12 09:00:00,2019,5,12,9,0,69,69266,ROGER SALENGRO     (Avenue),45.7828159,4.8903859,Plein jour,En agglomération,Giratoire,Normale,Autre collision,4,2,2,0,1,2,1,9,1,50,1,6,5,0,1,0,40.0,,voiture,,1,2,6,1,6
201900023583,2019-05-12 03:05:00,2019,5,12,3,5,69,69266,8 MAI 1945   (Rue du),45.77422,4.89429,Nuit avec éclairage allumé,En agglomération,Hors intersection,Normale,Deux véhicules - côté,7,2,2,0,1,3,1,0,1,50,2,3,0,0,0,3,27.0,,voiture,,5,2,1,1,3
201900023584,2019-05-07 13:32:00,2019,5,7,13,32,69,69266,ROGER SALENGRO     (Avenue),45.7758996,4.8706663,Plein jour,En agglomération,Hors intersection,Normale,Autre collision,4,3,2,0,1,1,1,0,1,50,3,1,0,0,1,0,,,,,1,2,1,1,6
201900023585,2019-05-06 17:00:00,2019,5,6,17,0,69,69029,PAUL PIC                            (R ),45.7294316,4.9035248,Plein jour,En agglomération,Hors intersection,Normale,Autre collision,4,2,2,0,1,1,1,0,1,30,1,1,0,0,1,0,20.0,,autre,,1,2,1,1,6
201900023586,2019-05-05 18:00:00,2019,5,5,18,0,69,69256,GASTON MONMOUSSEAU                  (AV),45.7769547,4.9150701,Plein jour,En agglomération,Autre intersection,Normale,Deux véhicules - frontale,4,2,0,0,1,2,1,5,2,50,2,4,3,0,0,1,24.0,43.0,deux_roues,utilitaire_camion,1,2,9,1,1
201900023587,2019-05-04 17:40:00,2019,5,4,17,40,69,69256,GARIBALDI                           (AV),45.76706,4.93099,Plein jour,En agglomération,Autre intersection,Pluie légère,Trois véhicules et plus - collisions multiples,4,3,4,0,1,1,2,0,1,50,3,3,2,0,0,1,21.0,57.0,deux_roues,voiture,1,2,9,2,5
201900023588,2019-05-04 13:35:00,2019,5,4,13,35,69,69275,SULLY                               (R ),45.77035,4.97558,Plein jour,En agglomération,Intersection en T,Normale,Deux véhicules - côté,4,2,2,0,1,1,1,0,2,30,2,2,1,0,0,1,38.0,13.0,voiture,deux_roues,1,2,3,1,3
201900023589,2019-03-10 15:40:00,2019,3,10,15,40,69,69290,MACONNAIS (DU)                      (R ),45.69441,4.91762,Plein jour,En agglomération,Hors intersection,Normale,Autre collision,4,2,2,0,1,3,1,0,1,50,1,1,0,0,0,1,48.0,,voiture,,1,2,1,1,6
201900023590,2019-05-02 13:30:00,2019,5,2,13,30,69,69029,FRANCOIS MITTERRAND                 (AV),45.7382,4.9227,Plein jour,En agglomération,Intersection en T,Normale,Deux véhicules - côté,4,2,3,3,1,1,1,0,1,50,2,2,1,0,0,1,33.0,37.0,voiture,deux_roues,1,2,3,1,3
201900023591,2019-05-01 01:39:00,2019,5,1,1,39,69,69266,FONTANIERES     (Impasse de),45.7737,4.8832,Nuit avec éclairage allumé,En agglomération,Hors intersection,Normale,Autre collision,4,2,1,0,1,1,1,0,1,50,1,2,1,0,1,0,21.0,,voiture,,5,2,1,1,6
201900023592,2019-05-01 00:00:00,2019,5,1,0,0,69,69266,4 AOUT 1789    (Rue du),45.76471,4.8866,Nuit avec éclairage allumé,En agglomération,Intersection en T,Normale,Autre collision,4,2,2,3,1,1,1,0,1,50,3,2,0,0,0,2,30.0,39.0,autre,deux_roues,5,2,3,1,6
201900023593,2019-04-30 18:45:00,2019,4,30,18,45,69,69256,MARCEL CACHIN                       (AV),45.781,4.94498,Plein jour,En agglomération,Autre intersection,Normale,Deux véhicules - côté,4,2,5,1,1,1,1,5,1,50,2,3,1,0,2,0,26.0,29.0,deux_roues,voiture,1,2,9,1,3
201900023594,2019-05-25 18:00:00,2019,5,25,18,0,69,69264,BARBUSSE HENRI  (boulvard),45.9807747,4.7156294,Plein jour,En agglomération,Intersection en T,Normale,Deux véhicules - côté,4,2,2,0,1,1,1,8,1,50,2,3,1,0,0,2,59.0,59.0,voiture,voiture,1,2,3,1,3
201900023595,2019-05-15 09:15:00,2019,5,15,9,15,69,69264,RIOTTIER  ROUTE DE,45.97536,4.74477,Plein jour,En agglomération,Hors intersection,Normale,Deux véhicules - côté,4,2,2,0,1,1,1,0,1,50,2,3,2,0,0,1,76.0,65.0,utilitaire_camion,utilitaire_camion,1,2,1,1,3
201900023596,2019-05-08 19:48:00,2019,5,8,19,48,69,69092,SAULE D'OINGT (route du),45.97941,4.66163,Plein jour,Hors agglomération,Hors intersection,Temps couvert,Deux véhicules - frontale,3,2,0,0,1,1,2,0,1,80,2,2,0,0,1,1,55.0,47.0,voiture,voiture,1,1,1,8,1
201900023597,2019-04-19 04:50:00,2019,4,19,4,50,69,69264,CASSIN RENE  R,45.98859,4.72251,Nuit avec éclairage allumé,En agglomération,Intersection en X,Normale,Autre collision,4,1,2,0,2,1,1,0,1,50,1,2,0,0,0,2,68.0,,voiture,,5,2,2,1,6
201900023598,2019-03-12 09:15:00,2019,3,12,9,15,13,13211,SAINT MARCEL (BOULEVARD DE ),43.28868,5.45848,Plein jour,En agglomération,Intersection en T,Normale,Deux véhicules - côté,4,2,2,0,1,1,1,0,1,50,2,2,1,0,1,0,33.0,23.0,deux_roues,voiture,1,2,3,1,3
201900023599,2019-03-11 16:30:00,2019,3,11,16,30,13,13201,BELSUNCE (COURS),43.29802,5.37675,Plein jour,En agglomération,Hors intersection,Normale,Autre collision,4,1,1,0,1,1,1,0,1,30,1,2,1,0,0,1,42.0,,voiture,,1,2,1,1,6
201900023600,2019-03-12 07:05:00,2019,3,12,7,5,13,13001,ROSE (CH DE LA),43.55943,5.4427,Plein jour,En agglomération,Intersection en X,Normale,Deux véhicules - côté,4,2,2,0,2,1,1,0,1,50,2,2,0,0,0,2,65.0,75.0,voiture,voiture,1,2,2,1,3
201900023601,2019-03-08 16:25:00,2019,3,8,16,25,12,12176,CYGNES (AVENUE DES),44.375011,2.56694,Plein jour,Hors agglomération,Intersection en T,Normale,Deux véhicules - arrière,4,2,2,0,2,1,1,0,1,50,2,3,1,0,0,2,51.0,39.0,utilitaire_camion,voiture,1,1,3,1,2
201900023602,2019-03-11 08:25:00,2019,3,11,8,25,8,08105,CASTRICE (RUE DE),49.776017,4.73506,Plein jour,En agglomération,Intersection en T,Normale,Autre collision,4,2,2,0,2,3,1,0,1,50,1,2,1,0,0,1,63.0,,voiture,,1,2,3,1,6
201900023603,2019-03-12 09:00:00,2019,3,12,9,0,6,06088,CASSINI (RUE),43.69993,7.28204,Plein jour,En agglomération,Intersection en X,Normale,Deux véhicules - côté,4,1,2,0,1,1,1,0,1,50,2,2,1,0,0,1,47.0,31.0,utilitaire_camion,voiture,1,2,2,1,3
201900023604,2019-03-11 14:40:00,2019,3,11,14,40,6,06088,DUNANT (AV. HENRI),43.720996,7.263177,Plein jour,En agglomération,Hors intersection,Normale,Deux véhicules - côté,4,2,2,0,1,1,1,0,1,50,2,2,1,0,0,1,34.0,82.0,deux_roues,voiture,1,2,1,1,3
201900023605,2019-03-07 10:50:00,2019,3,7,10,50,5,05061,JEAN JAURES ( AVENUE ),44.55244,6.07169,Plein jour,En agglomération,Hors intersection,Autre,Sans collision,2,2,2,0,1,1,2,0,1,50,1,1,0,0,0,1,16.0,,deux_roues,,1,2,1,9,7
201900023606,2019-03-11 20:00:00,2019,3,11,20,0,75,75114,PORTE DE CHATILLON,48.824004,2.307669,Nuit avec éclairage allumé,En agglomération,Hors intersection,Normale,Autre collision,4,1,3,0,1,1,1,0,1,70,2,1,0,0,0,1,65.0,,deux_roues,,5,2,1,1,6
201900023607,2019-03-11 03:00:00,2019,3,11,3,0,75,75117,PORTE DE CHAMPERRET,48.887151,2.290074,Nuit avec éclairage allumé,En agglomération,Hors intersection,Pluie forte,Autre collision,4,1,4,0,1,2,2,0,1,50,1,1,0,0,0,1,26.0,,voiture,,5,2,1,3,6
201900023608,2019-03-12 07:30:00,2019,3,12,7,30,75,75116,ALLEE DE LA REINE MARGUERITE,48.849267,2.242039,Plein jour,En agglomération,Hors intersection,Normale,Deux véhicules - côté,4,2,2,0,1,1,1,0,1,50,2,4,1,0,0,3,56.0,22.0,voiture,voiture,1,2,1,1,3
201900023609,2019-03-12 09:40:00,2019,3,12,9,40,75,75120,AVENUE GAMBETTA,48.864969,2.39674,Plein jour,En agglomération,Hors intersection,Normale,Autre collision,4,2,2,0,1,1,1,0,1,50,1,2,1,0,0,1,29.0,,deux_roues,,1,2,1,1,6
201900023610,2019-03-11 15:49:00,2019,3,11,15,49,75,75120,RUE DE MENILMONTANT,48.870785,2.399218,Plein jour,En agglomération,Intersection en X,Normale,Autre collision,4,2,2,0,3,1,1,0,1,50,1,2,1,0,1,0,30.0,,deux_roues,,1,2,2,1,6
201900023611,2019-03-12 20:00:00,2019,3,12,20,0,75,75119,BOULEVARD DE LA VILLETTE,48.882798,2.370272,Nuit sans éclairage public,En agglomération,Intersection en Y,Pluie légère,Deux véhicules - côté,4,2,4,0,1,1,2,2,1,50,2,2,1,0,0,1,32.0,24.0,utilitaire_camion,voiture,3,2,4,2,3
201900023612,2019-03-12 09:51:00,2019,3,12,9,51,75,75118,RUE ORDENER,48.892408,2.344992,Plein jour,En agglomération,Intersection en X,Normale,Deux véhicules - côté,4,1,3,0,1,1,1,0,1,50,2,2,1,0,0,1,28.0,46.0,deux_roues,utilitaire_camion,1,2,2,1,3
201900023613,2019-03-12 17:30:00,2019,3,12,17,30,75,75116,AVENUE BUGEAUD,48.869726,2.285051,Plein jour,En agglomération,Place,Temps couvert,Deux véhicules - côté,4,2,2,0,2,1,1,0,1,50,2,2,0,0,0,2,12.0,33.0,deux_roues,deux_roues,1,2,7,8,3
201900023614,2019-03-12 08:20:00,2019,3,12,8,20,75,75114,RUE D ALESIA,48.827816,2.332558,Plein jour,En agglomération,Intersection en X,Normale,Deux véhicules - côté,4,2,3,0,2,1,1,0,1,30,2,2,0,0,0,2,21.0,29.0,deux_roues,deux_roues,1,2,2,1,3
201900023615,2019-03-12 10:15:00,2019,3,12,10,15,75,75113,RUE DUMERIL,48.83587,2.358777,Plein jour,En agglomération,Intersection en T,Normale,Autre collision,4,1,1,0,1,1,1,0,1,30,1,2,1,0,0,1,60.0,,utilitaire_camion,,1,2,3,1,6
201900023616,2019-03-12 19:15:00,2019,3,12,19,15,75,75112,AVENUE DE SAINT MANDE,48.844425,2.408645,Crépuscule ou aube,En agglomération,Hors intersection,Pluie légère,Autre collision,4,2,2,0,2,1,2,0,1,50,1,1,0,0,0,1,37.0,,deux_roues,,2,2,1,2,6
201900023617,2019-03-12 07:35:00,2019,3,12,7,35,75,75112,AVENUE DAUMESNIL,48.839754,2.431431,Crépuscule ou aube,En agglomération,Hors intersection,Normale,Deux véhicules - côté,4,2,2,0,1,1,1,0,1,50,2,2,1,0,0,1,30.0,53.0,deux_roues,utilitaire_camion,2,2,1,1,3
201900023618,2019-03-12 18:30:00,2019,3,12,18,30,75,75107,RUE DE GRENELLE,48.858057,2.310031,Crépuscule ou aube,En agglomération,Intersection en X,Pluie forte,Autre collision,4,1,2,0,1,1,2,0,1,30,1,2,1,0,0,1,34.0,,voiture,,2,2,2,3,6
201900023619,2019-03-11 18:00:00,2019,3,11,18,0,75,75107,BOULEVARD DE LA TOUR MAUBOURG,48.854968,2.309653,Plein jour,En agglomération,Intersection en T,Normale,Deux véhicules - côté,4,1,2,0,1,1,1,0,1,50,2,3,1,0,0,2,32.0,23.0,voiture,deux_roues,1,2,3,1,3
201900023620,2019-03-11 17:45:00,2019,3,11,17,45,94,94081,LUDWIG VAN BEETHOVEN (R),48.79804,2.38033,Plein jour,En agglomération,Hors intersection,Normale,Autre collision,4,2,2,0,2,1,1,0,1,50,1,2,1,0,0,1,45.0,,voiture,,1,2,1,1,6
201900023621,2019-02-15 13:25:00,2019,2,15,13,25,94,94078,PIERRE SEMARD (PL),48.730388,2.446915,Plein jour,En agglomération,Hors intersection,Normale,Autre collision,2,2,0,0,1,1,1,0,1,50,1,2,1,0,0,1,38.0,,utilitaire_camion,,1,2,1,1,6
201900023622,2019-03-11 13:25:00,2019,3,11,13,25,94,94068,REMISES (R DES),48.8062,2.47325,Plein jour,En agglomération,Hors intersection,Normale,Deux véhicules - arrière,4,1,1,0,1,1,1,0,1,30,2,3,2,0,0,1,17.0,51.0,deux_roues,voiture,1,2,1,1,2
201900023623,2019-02-16 15:00:00,2019,2,16,15,0,94,94046,GENERAL LECLERC - CAR DE LA RESISTANCE (,48.8084592,2.4362894,Plein jour,En agglomération,Autre intersection,Normale,Deux véhicules - côté,3,2,4,0,1,1,1,9,1,50,2,2,1,0,0,1,24.0,23.0,deux_roues,voiture,1,2,9,1,3
201900023624,2019-02-04 19:35:00,2019,2,4,19,35,94,94016,GABRIEL PERI (R),48.79412,2.34358,Nuit avec éclairage allumé,En agglomération,Hors intersection,Normale,Sans collision,4,2,2,1,1,1,1,0,1,30,1,3,2,0,0,1,27.0,,deux_roues,,5,2,1,1,7
201900023625,2019-03-12 13:30:00,2019,3,12,13,30,94,94073,GEORGES HALGOULT (R),48.7607021,2.3996205,Plein jour,En agglomération,Autre intersection,Temps couvert,Autre collision,3,1,1,0,1,1,1,0,1,50,1,2,0,0,0,2,56.0,,deux_roues,,1,2,9,8,6
201900023626,2019-02-13 16:00:00,2019,2,13,16,0,94,94065,CHARLES LINDBERGH (AV),48.7509057,2.3541526,Plein jour,En agglomération,Hors intersection,Normale,Deux véhicules - arrière,3,1,2,0,1,1,1,0,1,50,2,2,1,0,0,1,50.0,48.0,voiture,utilitaire_camion,1,2,1,1,2
201900023627,2019-02-09 12:15:00,2019,2,9,12,15,94,94034,DIVISION LECLERC (AV DE LA),48.75779,2.32817,Plein jour,En agglomération,Hors intersection,Normale,Deux véhicules - arrière,3,1,2,0,2,1,1,0,1,50,2,3,1,0,0,2,57.0,32.0,utilitaire_camion,utilitaire_camion,1,2,1,1,2
201900023628,2019-02-03 09:50:00,2019,2,3,9,50,94,94038,GENERAL DE GAULLE (AV DU),48.7822116,2.3412412,Plein jour,En agglomération,Intersection en X,Normale,Deux véhicules - côté,3,1,1,3,1,1,1,0,1,50,2,6,4,0,0,2,41.0,,transport_commun,,1,2,2,1,3
201900023629,2019-02-01 09:05:00,2019,2,1,9,5,94,94021,GEORGES GUYNEMER (AV),48.76052,2.34156,Plein jour,En agglomération,Giratoire,Temps couvert,Deux véhicules - arrière,3,1,0,0,1,3,2,0,1,50,2,3,0,0,0,3,38.0,38.0,utilitaire_camion,voiture,1,2,6,8,2
201900023630,2019-03-12 22:10:00,2019,3,12,22,10,94,94028,HALPERN.(AVENUE BERNARD),48.7915,2.44781,Nuit avec éclairage allumé,En agglomération,Autre intersection,Pluie légère,Sans collision,3,1,0,0,1,1,2,9,1,50,1,1,0,0,0,1,39.0,,utilitaire_camion,,5,2,9,2,7
201900023631,2019-02-07 18:05:00,2019,2,7,18,5,94,94028,POMPADOUR(CARREFOUR),48.77431,2.43866,Nuit avec éclairage allumé,En agglomération,Hors intersection,Normale,Deux véhicules - arrière,3,1,2,0,1,1,1,5,1,50,2,2,1,0,0,1,41.0,39.0,voiture,voiture,5,2,1,1,2
201900023632,2019-02-06 21:22:00,2019,2,6,21,22,94,94028,VERDUN.(AVENUE DE),48.79961,2.46849,Nuit avec éclairage allumé,En agglomération,Hors intersection,Pluie légère,Sans collision,3,1,2,0,1,1,2,9,1,50,1,1,0,0,1,0,,,,,5,2,1,2,7
201900023633,2019-03-11 19:00:00,2019,3,11,19,0,94,94022,HUIT MAI 1945 (AV DU),48.76528,2.41049,Nuit avec éclairage allumé,En agglomération,Hors intersection,Normale,Autre collision,4,2,2,0,1,1,1,0,1,50,1,2,1,0,0,1,27.0,,voiture,,5,2,1,1,6
201900023634,2019-03-11 19:30:00,2019,3,11,19,30,93,93066,COLONEL FABIEN (AVENUE),48.9447377,2.3544221,Nuit avec éclairage allumé,En agglomération,Hors intersection,Normale,Deux véhicules - côté,3,3,4,0,1,1,1,0,1,50,2,2,1,0,1,0,21.0,40.0,autre,voiture,5,2,1,1,3
201900023635,2019-03-11 09:20:00,2019,3,11,9,20,93,93066,"""PERI GABRIEL, NR 2  A 114 ET 1 A 133""",48.9303091,2.3564771,Plein jour,En agglomération,Hors intersection,Normale,Deux véhicules - côté,4,2,2,0,1,1,1,0,1,50,2,2,1,0,0,1,51.0,23.0,voiture,deux_roues,1,2,1,1,3
201900023636,2019-03-10 09:00:00,2019,3,10,9,0,93,93039,CHATELIER (QUAI DU ),48.92068,2.32977,Plein jour,En agglomération,Hors intersection,Pluie légère,Autre collision,3,2,1,0,1,1,2,0,1,50,1,2,1,0,0,1,26.0,,voiture,,1,2,1,2,6
201900023637,2019-03-12 12:57:00,2019,3,12,12,57,93,93051,NEUILLY (ROUTE),48.84846,2.53838,Plein jour,En agglomération,Intersection en X,Normale,Deux véhicules - frontale,3,2,2,0,2,1,1,0,1,50,2,2,1,0,0,1,39.0,27.0,voiture,transport_commun,1,2,2,1,1
201900023638,2019-03-12 19:40:00,2019,3,12,19,40,92,92073,SELLIER (BOULEVARD HENRI),48.86179,2.21563,Nuit avec éclairage allumé,En agglomération,Hors intersection,Temps couvert,Sans collision,3,1,2,0,2,1,2,0,1,50,1,1,0,0,0,1,51.0,,deux_roues,,5,2,1,8,7
201900023639,2019-03-12 16:20:00,2019,3,12,16,20,92,92072,LECLERC (AVENUE DE LA DIVISION),48.82597,2.21967,Plein jour,En agglomération,Intersection en X,Normale,Deux véhicules - côté,3,2,3,0,2,1,1,5,1,50,2,2,1,0,0,1,34.0,24.0,voiture,deux_roues,1,2,2,1,3
201900023640,2019-03-11 19:00:00,2019,3,11,19,0,92,92050,MILLET FRANCOIS RUE,48.88811,2.21625,Nuit avec éclairage allumé,En agglomération,Hors intersection,Normale,Deux véhicules - côté,7,2,2,0,1,1,1,0,1,50,2,2,1,0,0,1,49.0,24.0,voiture,deux_roues,5,2,1,1,3
201900023641,2019-01-12 15:00:00,2019,1,12,15,0,92,92050,CLEMENCEAU GEORGES AVENUE N°IMPAIR,48.8867807,2.2051761,Plein jour,En agglomération,Intersection en T,Normale,Deux véhicules - côté,3,1,3,0,1,1,1,0,1,50,2,3,2,0,0,1,52.0,22.0,utilitaire_camion,voiture,1,2,3,1,3
201900023642,2019-03-12 15:45:00,2019,3,12,15,45,92,92048,REPUBLIQUE (RUE DE LA) N° 1 A 45,48.80718,2.23602,Plein jour,En agglomération,Hors intersection,Temps couvert,Autre collision,3,2,4,0,1,1,1,0,1,50,1,2,0,0,0,2,59.0,,deux_roues,,1,2,1,8,6
201900023643,2019-03-12 12:50:00,2019,3,12,12,50,92,92040,GALLIENI (BOULEVARD),48.83008,2.26723,Plein jour,En agglomération,Hors intersection,Normale,Deux véhicules - côté,3,2,2,0,1,1,1,0,1,50,2,3,2,0,0,1,23.0,62.0,utilitaire_camion,deux_roues,1,2,1,1,3
201900023644,2019-03-09 00:20:00,2019,3,9,0,20,92,92036,PIERRE TIMBAUD (RUE) (PAIRS),48.9331425,2.301741,Nuit avec éclairage allumé,En agglomération,Hors intersection,Pluie légère,Trois véhicules et plus - en chaîne,3,1,3,0,1,3,2,0,1,50,3,4,2,0,0,2,32.0,35.0,utilitaire_camion,voiture,5,2,1,2,4
201900023645,2019-03-09 13:20:00,2019,3,9,13,20,92,92025,BOURNARD (RUE DU),48.9244,2.25933,Plein jour,En agglomération,Hors intersection,Normale,Autre collision,3,2,4,0,1,1,1,0,1,50,1,2,1,0,0,1,21.0,,voiture,,1,2,1,1,6
201900023646,2019-03-04 15:50:00,2019,3,4,15,50,92,92024,HUIT MAI 1945 (RUE DU),48.8982858,2.3101304,Plein jour,En agglomération,Intersection en X,Normale,Deux véhicules - arrière,3,1,2,0,1,1,1,0,1,50,2,2,0,0,0,2,39.0,,voiture,,1,2,2,1,2
201900023647,2019-03-03 15:15:00,2019,3,3,15,15,92,92024,GENERAL LECLERC (RUE DU) DE (59 ET PLUS),48.90959,2.3068,Plein jour,En agglomération,Intersection en T,Normale,Deux véhicules - côté,4,2,2,0,1,1,1,0,1,50,2,2,0,0,0,2,36.0,,deux_roues,,1,2,3,1,3
201900023648,2019-03-12 07:10:00,2019,3,12,7,10,62,62495,chaussée BRUNEHAUT Hameau de MAISNIL BOUTRY,50.643863,1.994628,Crépuscule ou aube,Hors agglomération,Hors intersection,Normale,Autre collision,3,2,2,0,1,1,1,0,3,80,1,1,0,0,1,0,24.0,,utilitaire_camion,,2,1,1,1,6
201900023649,2019-03-12 18:00:00,2019,3,12,18,0,68,68088,"18, rue Principale",47.864477,7.271015,Plein jour,En agglomération,Intersection en T,Normale,Deux véhicules - côté,3,2,2,0,1,1,1,0,1,50,2,2,1,0,1,0,24.0,45.0,voiture,deux_roues,1,2,3,1,3
201900023650,2019-03-13 14:32:00,2019,3,13,14,32,71,71543,"Autoroute A6 sens PARIS-LYON, PK 356+200",46.56975,4.895666,Plein jour,Hors agglomération,Hors intersection,Normale,Deux véhicules - arrière,1,3,5,3,1,1,1,0,1,130,2,3,2,0,0,1,59.0,49.0,utilitaire_camion,voiture,1,1,1,1,2
201900023651,2019-03-12 20:10:00,2019,3,12,20,10,10,10003,RD 660,48.223369,3.733867,Nuit sans éclairage public,Hors agglomération,Hors intersection,Pluie forte,Autre collision,3,2,2,0,1,1,2,0,3,-1,1,1,0,0,0,1,20.0,,voiture,,3,1,1,3,6
201900023652,2019-03-12 22:40:00,2019,3,12,22,40,1,01354,rue Georges Charpak,46.241171,6.030466,Nuit avec éclairage allumé,En agglomération,Hors intersection,Normale,Autre collision,4,2,2,0,1,1,1,0,1,50,2,2,1,0,0,1,16.0,38.0,deux_roues,voiture,5,2,1,1,6
201900023653,2019-03-13 12:30:00,2019,3,13,12,30,77,77182,D204 X D215,48.77388,3.29369,Plein jour,Hors agglomération,Intersection en X,Normale,Deux véhicules - frontale,3,2,2,0,1,1,1,0,1,80,2,2,1,0,0,1,19.0,35.0,voiture,voiture,1,1,2,1,1
201900023654,2019-03-13 09:45:00,2019,3,13,9,45,79,79220,,46.213019,-0.62421,Plein jour,Hors agglomération,Hors intersection,Normale,Autre collision,2,3,4,0,1,1,1,0,8,110,1,2,0,1,1,0,82.0,,voiture,,1,1,1,1,6
201900023655,2019-03-13 17:03:00,2019,3,13,17,3,79,79249,320 rue des Herpens,46.762299,-0.22119,Plein jour,En agglomération,Hors intersection,Normale,Autre collision,4,2,2,0,2,1,1,0,1,30,1,2,1,0,1,0,31.0,,voiture,,1,2,1,1,6
201900023656,2019-03-09 20:20:00,2019,3,9,20,20,69,69248,RD 504,46.03194,4.271842,Nuit sans éclairage public,Hors agglomération,Hors intersection,Pluie légère,Sans collision,3,2,2,0,1,1,2,0,3,80,1,2,1,0,0,1,58.0,,voiture,,3,1,1,2,7
201900023657,2019-03-13 15:15:00,2019,3,13,15,15,81,81247,pk 34+500,43.984535,2.391077,Plein jour,Hors agglomération,Hors intersection,Pluie légère,Autre collision,3,2,2,0,1,1,2,0,3,80,1,1,0,0,1,0,23.0,,voiture,,1,1,1,2,6
201900023658,2019-03-13 16:50:00,2019,3,13,16,50,25,25463,Rue d'Alsace,47.39434,6.7705,Plein jour,En agglomération,Hors intersection,Temps couvert,Deux véhicules - frontale,3,2,2,1,2,3,2,0,1,50,2,2,0,0,1,1,78.0,59.0,voiture,deux_roues,1,2,1,8,1
201900023659,2019-03-12 18:00:00,2019,3,12,18,0,2,02359,rue d'artois,49.815973,3.2647,Crépuscule ou aube,En agglomération,Hors intersection,Pluie légère,Autre collision,9,2,2,0,1,1,1,0,1,50,1,3,2,0,1,0,52.0,,voiture,,2,2,1,2,6
201900023660,2019-03-12 14:20:00,2019,3,12,14,20,70,70517,La grange besson,47.574676,6.140141,Plein jour,Hors agglomération,Hors intersection,Normale,Sans collision,4,2,2,0,1,1,1,0,1,50,1,1,0,0,0,1,24.0,,deux_roues,,1,1,1,1,7
201900023661,2019-03-13 13:07:00,2019,3,13,13,7,6,06059,M6007,43.729797,7.359764,Plein jour,Hors agglomération,Hors intersection,Normale,Deux véhicules - côté,3,2,4,0,1,3,1,0,1,70,2,2,1,0,0,1,51.0,65.0,deux_roues,voiture,1,1,1,1,3
201900023662,2019-03-10 07:35:00,2019,3,10,7,35,64,64547,d 137,43.4080572,-1.4510618,Crépuscule ou aube,Hors agglomération,Hors intersection,Normale,Deux véhicules - côté,3,2,2,0,1,4,2,0,1,80,2,4,2,0,0,2,19.0,36.0,voiture,voiture,2,1,1,1,3