accident_id,datetime,annee,mois,jour,heure,minute,departement,commune_insee,adresse,latitude,longitude,luminosite,agglomeration,intersection,meteo,collision,catr,circ,nbv,vosp,prof,plan,surf,infra,situ,vma,nb_vehicules,nb_usagers,nb_indemnes,nb_tues,nb_blesses_hosp,nb_blesses_legers,age_cond_1,age_cond_2,veh_type_cond_1,veh_type_cond_2,lum_code,agg_code,int_code,atm_code,col_code
201900023663,2019-02-11 07:30:00,2019,2,11,7,30,73,73219,Route du Lac D921,45.5594221,5.7903273,Crépuscule ou aube,Hors agglomération,Hors intersection,Pluie légère,Deux véhicules - frontale,3,2,2,2,1,1,8,9,1,70,2,2,1,0,1,0,23.0,41.0,voiture,transport_commun,2,1,1,2,1
201900023664,2019-03-12 07:50:00,2019,3,12,7,50,36,36140,D8,46.934304,1.866908,Plein jour,Hors agglomération,Intersection en X,Normale,Deux véhicules - côté,3,2,2,0,1,1,1,0,1,80,2,3,0,0,1,2,30.0,22.0,voiture,voiture,1,1,2,1,3
201900023665,2019-03-13 07:00:00,2019,3,13,7,0,7,07181,"Route départementale 104, route de privas",44.758371,4.738742,Plein jour,Hors agglomération,Hors intersection,Normale,Autre collision,3,2,2,0,1,3,2,0,1,80,2,2,1,0,1,0,15.0,57.0,deux_roues,voiture,1,1,1,1,6
201900023666,2019-03-12 20:40:00,2019,3,12,20,40,7,07260,Route Départementale 22,44.711663,4.704563,Nuit sans éclairage public,Hors agglomération,Hors intersection,Normale,Deux véhicules - frontale,3,2,3,0,1,1,1,0,1,80,2,2,0,1,0,1,19.0,26.0,voiture,deux_roues,3,1,1,1,1
201900023667,2019-03-12 15:10:00,2019,3,12,15,10,30,30004,intersection N113/ D142,43.719753,4.2060628,Plein jour,Hors agglomération,Intersection en T,Temps éblouissant,Deux véhicules - frontale,2,2,2,0,1,1,1,0,1,80,2,2,0,0,0,2,23.0,45.0,voiture,voiture,1,1,3,7,1
201900023668,2019-02-18 20:50:00,2019,2,18,20,50,8,08180,d34,49.723671,4.697579,Nuit sans éclairage public,Hors agglomération,Hors intersection,Normale,Sans collision,3,1,1,0,1,1,1,9,1,50,1,1,0,0,0,1,21.0,,deux_roues,,3,1,1,1,7
201900023669,2019-03-10 19:50:00,2019,3,10,19,50,24,24454,Le Moulin,44.9777,0.09414,Nuit sans éclairage public,Hors agglomération,Hors intersection,Normale,Sans collision,3,2,2,0,1,1,1,0,8,80,1,3,1,0,1,1,49.0,,utilitaire_camion,,3,1,1,1,7
201900023670,2019-03-13 11:40:00,2019,3,13,11,40,6,06152,38 rue de la république,43.64118,7.007925,Plein jour,En agglomération,Hors intersection,Normale,Autre collision,9,1,1,0,1,1,1,6,1,50,1,3,1,0,0,2,30.0,,utilitaire_camion,,1,2,1,1,6
201900023671,2019-03-13 09:40:00,2019,3,13,9,40,6,06085,Route de Vallauris,43.596101,7.037909,Plein jour,Hors agglomération,Hors intersection,Normale,Autre collision,3,3,1,0,1,1,1,0,1,70,1,1,0,0,1,0,55.0,,deux_roues,,1,1,1,1,6
201900023672,2019-03-12 17:45:00,2019,3,12,17,45,976,97608,boulevard des amoureux,-12.785112,45.279428,Plein jour,En agglomération,Hors intersection,Normale,Autre collision,3,2,2,0,1,1,1,0,1,-1,1,2,1,0,1,0,21.0,,deux_roues,,1,2,1,1,6
201900023673,2019-03-13 13:15:00,2019,3,13,13,15,78,78068,RD 52,49.033885,1.481938,Plein jour,Hors agglomération,Hors intersection,Vent fort / tempête,Deux véhicules - frontale,3,2,2,0,2,1,1,0,1,80,2,2,0,1,0,1,71.0,34.0,voiture,utilitaire_camion,1,1,1,6,1
201900023674,2019-03-12 19:50:00,2019,3,12,19,50,2A,2A288,RD959,41.539459,9.190086,Nuit sans éclairage public,Hors agglomération,Hors intersection,Normale,Deux véhicules - côté,3,2,2,0,1,2,1,0,1,80,2,2,1,0,0,1,17.0,20.0,voiture,voiture,3,1,1,1,3
201900023675,2019-03-13 15:45:00,2019,3,13,15,45,83,83146,D30,43.639906,5.946547,Plein jour,Hors agglomération,Hors intersection,Normale,Autre collision,3,2,2,0,2,1,1,0,3,80,1,6,3,0,1,2,24.0,,utilitaire_camion,,1,1,1,1,6
201900023676,2019-03-12 16:00:00,2019,3,12,16,0,4,04242,RD13 carriere la ROCHEAMÈRE,43.89764,5.836222,Plein jour,Hors agglomération,Hors intersection,Normale,Autre collision,3,2,2,0,2,2,9,0,3,70,1,1,0,1,0,0,45.0,,deux_roues,,1,1,1,1,6
201900023677,2019-03-13 17:50:00,2019,3,13,17,50,38,38130,D 519,45.34744,5.2559,Crépuscule ou aube,Hors agglomération,Intersection en T,Normale,Trois véhicules et plus - collisions multiples,3,2,2,0,1,1,1,0,1,80,3,3,1,0,1,1,21.0,50.0,voiture,utilitaire_camion,2,1,3,1,5
201900023678,2019-03-12 17:05:00,2019,3,12,17,5,81,81046,RD 4,43.8638,1.962888,Plein jour,Hors agglomération,Hors intersection,Normale,Sans collision,3,2,2,0,1,1,9,0,1,50,1,2,0,0,1,1,70.0,,voiture,,1,1,1,1,7
201900023679,2019-03-13 10:15:00,2019,3,13,10,15,81,81116,rue Jules Ferry,43.69358,1.838713,Plein jour,En agglomération,Hors intersection,Normale,Autre collision,4,2,2,0,1,1,1,0,3,50,1,1,0,1,0,0,76.0,,voiture,,1,2,1,1,6
201900023680,2019-03-13 00:45:00,2019,3,13,0,45,33,33539,D242 / D242E6,44.904181,-0.326236,Nuit avec éclairage allumé,En agglomération,Giratoire,Pluie légère,Autre collision,3,2,2,0,1,2,2,9,3,50,1,1,0,0,1,0,32.0,,deux_roues,,5,2,6,2,6
201900023681,2019-03-12 23:30:00,2019,3,12,23,30,33,33019,PK 90+620,44.699783,-1.023251,Nuit sans éclairage public,Hors agglomération,Hors intersection,Pluie légère,Deux véhicules - frontale,3,2,2,0,2,3,2,0,1,70,2,3,0,0,2,1,36.0,64.0,voiture,voiture,3,1,1,2,1
201900023682,2019-03-10 04:00:00,2019,3,10,4,0,60,60342,Rue du 8 Mai 1945,49.310458,2.443391,Nuit sans éclairage public,Hors agglomération,Hors intersection,Normale,Autre collision,3,2,2,0,1,1,2,0,3,50,1,4,1,0,0,3,20.0,,voiture,,3,1,1,1,6
201900023683,2019-03-12 06:00:00,2019,3,12,6,0,59,59357,N49,50.285895,3.874664,Nuit sans éclairage public,Hors agglomération,Hors intersection,Vent fort / tempête,Deux véhicules - arrière,2,2,2,0,4,3,1,0,1,80,2,2,1,0,1,0,21.0,39.0,deux_roues,utilitaire_camion,3,1,1,6,2
201900023684,2019-03-03 15:15:00,2019,3,3,15,15,13,13202,A55-Sens Martigues vers Marseille,43.312639,5.36675,Plein jour,En agglomération,Hors intersection,Normale,Sans collision,1,1,3,0,1,1,1,0,1,50,1,1,0,0,0,1,50.0,,deux_roues,,1,2,1,1,7
201900023685,2019-03-12 18:30:00,2019,3,12,18,30,69,69081,BPNL   34.000 A 34.614,45.77326,4.78985,Crépuscule ou aube,Hors agglomération,Hors intersection,Normale,Trois véhicules et plus - en chaîne,7,1,3,0,1,1,1,1,1,90,3,3,2,0,0,1,37.0,23.0,voiture,voiture,2,1,1,1,4
201900023686,2019-03-12 16:50:00,2019,3,12,16,50,69,69290,A43   3.865 A 9.894,45.70585,4.95929,Plein jour,Hors agglomération,Hors intersection,Normale,Trois véhicules et plus - en chaîne,1,1,5,0,1,1,1,3,1,90,5,5,1,0,0,4,28.0,72.0,utilitaire_camion,voiture,1,1,1,1,4
201900023687,2019-03-11 19:04:00,2019,3,11,19,4,57,57764,Autoroute A.31,49.47145,6.12135,Nuit sans éclairage public,Hors agglomération,Hors intersection,Normale,Deux véhicules - arrière,1,3,4,0,1,1,1,0,1,110,2,2,1,0,0,1,26.0,48.0,voiture,voiture,3,1,1,1,2
201900023688,2019-03-12 16:45:00,2019,3,12,16,45,33,33192,ROCADE A 630 voie droite entre échangeurs 15 et 16,44.79004,-0.61319,Plein jour,Hors agglomération,Hors intersection,Normale,Trois véhicules et plus - en chaîne,1,3,8,0,1,1,1,3,1,90,3,4,2,0,0,2,22.0,67.0,voiture,utilitaire_camion,1,1,1,1,4
201900023689,2019-03-12 18:20:00,2019,3,12,18,20,92,92025,A86,48.9230172,2.2284331,Nuit sans éclairage public,Hors agglomération,Hors intersection,Pluie légère,Deux véhicules - côté,1,3,2,0,1,1,2,0,1,90,2,2,1,0,0,1,42.0,24.0,voiture,deux_roues,3,1,1,2,3
201900023690,2019-03-11 08:00:00,2019,3,11,8,0,92,92025,A86,48.9230063,2.2284108,Plein jour,Hors agglomération,Hors intersection,Pluie légère,Deux véhicules - arrière,1,3,8,0,1,1,2,2,1,90,2,2,1,0,0,1,50.0,51.0,voiture,deux_roues,1,1,1,2,2
201900023691,2019-03-12 08:20:00,2019,3,12,8,20,94,94073,A86 INT,48.7602282,2.3829284,Plein jour,Hors agglomération,Hors intersection,Normale,Trois véhicules et plus - collisions multiples,1,-1,3,0,1,1,1,0,1,90,3,3,2,0,0,1,35.0,52.0,voiture,voiture,1,1,1,1,5
201900023692,2019-03-07 18:30:00,2019,3,7,18,30,63,63113,DAUDET (RUE ALPHONSE),45.8148714,3.1036014,Crépuscule ou aube,En agglomération,Hors intersection,Normale,Trois véhicules et plus - en chaîne,4,2,2,0,1,2,1,0,1,50,3,3,2,0,0,1,28.0,46.0,voiture,voiture,2,2,1,1,4
201900023693,2019-03-09 10:45:00,2019,3,9,10,45,41,41018,RD 956,47.59776,1.35017,Plein jour,En agglomération,Hors intersection,Normale,Sans collision,3,1,2,0,2,3,1,2,1,70,1,1,0,0,0,1,19.0,,voiture,,1,2,1,1,7
201900023694,2019-03-07 18:20:00,2019,3,7,18,20,27,27229,NORMANDIE (BOULEVARD DE),49.01862,1.14248,Crépuscule ou aube,En agglomération,Intersection en X,Temps couvert,Deux véhicules - côté,4,2,2,0,1,1,2,5,1,50,2,1,0,0,0,1,27.0,,voiture,,2,2,2,8,3
201900023695,2019-03-09 18:50:00,2019,3,9,18,50,6,06027,VALLON DES VAUX CHEMIN DU,43.67398,7.1602,Crépuscule ou aube,En agglomération,Hors intersection,Normale,Autre collision,7,2,1,0,2,3,1,0,1,50,1,1,0,0,1,0,60.0,,voiture,,2,2,1,1,6
201900023696,2019-03-11 17:30:00,2019,3,11,17,30,988,98818,RUE DU 5 MAI/RUE DU COMMANDANT PAUL DEMENE,-22.26726,166.46243,Plein jour,En agglomération,Intersection en X,Normale,Autre collision,4,2,2,0,1,1,1,0,1,50,1,3,1,0,2,0,40.0,,voiture,,1,2,2,1,6
201900023697,2019-03-11 16:15:00,2019,3,11,16,15,976,97611,mgombani-Mahabou (rond point),-12.7828875,45.2345599,Plein jour,En agglomération,Hors intersection,Temps couvert,Sans collision,2,2,2,0,1,1,1,9,1,50,1,1,0,0,0,1,26.0,,deux_roues,,1,2,1,8,7
201900023698,2019-03-11 09:30:00,2019,3,11,9,30,976,97611,vahibe-Departementale 3 ( route ),-12.79431,45.19643,Plein jour,Hors agglomération,Autre intersection,Pluie légère,Autre collision,3,2,2,0,2,2,2,0,1,50,1,1,0,0,0,1,37.0,,deux_roues,,1,1,9,2,6
201900023699,2019-03-11 21:00:00,2019,3,11,21,0,974,97416,Rue des olivines,-21.324046,55.473458,Plein jour,Hors agglomération,Hors intersection,Normale,Deux véhicules - côté,6,-1,0,0,1,1,1,0,1,30,2,5,3,0,1,1,61.0,21.0,voiture,voiture,1,1,1,1,3
201900023700,2019-03-09 04:10:00,2019,3,9,4,10,974,97416,RN1 (ROUTE NATIONALE),-21.3188649,55.4456002,Nuit sans éclairage public,En agglomération,Hors intersection,Normale,Autre collision,2,1,2,0,1,3,1,0,1,110,1,2,0,1,0,1,49.0,,voiture,,3,2,1,1,6
201900023701,2019-03-11 07:05:00,2019,3,11,7,5,974,97411,BERTIN,-20.88808,55.45046,Plein jour,En agglomération,Hors intersection,Normale,Deux véhicules - frontale,4,2,2,0,1,1,1,0,1,50,2,3,2,0,0,1,42.0,39.0,transport_commun,voiture,1,2,1,1,1
201900023702,2019-03-11 14:25:00,2019,3,11,14,25,973,97302,DIGUE RONJON,4.9332349,-52.3319578,Plein jour,En agglomération,Hors intersection,Normale,Autre collision,4,2,2,0,1,1,1,0,1,50,1,2,1,0,0,1,24.0,,voiture,,1,2,1,1,6
201900023703,2019-03-11 14:34:00,2019,3,11,14,34,972,97213,ROUTE DEPARTEMENTALE 13,14.63241,-61.02306,Plein jour,Hors agglomération,Hors intersection,Normale,Sans collision,3,2,2,0,2,4,1,0,1,50,1,1,0,0,0,1,43.0,,deux_roues,,1,1,1,1,7
201900023704,2019-03-11 17:50:00,2019,3,11,17,50,69,69034,RAYMOND POINCARE                    (PT),45.78887,4.86056,Plein jour,En agglomération,Hors intersection,Normale,Deux véhicules - côté,7,2,6,0,1,1,1,2,1,50,2,2,1,0,0,1,25.0,34.0,deux_roues,utilitaire_camion,1,2,1,1,3
201900023705,2019-03-11 16:00:00,2019,3,11,16,0,69,69034,COSTE                               (R ),45.78848,4.83494,Plein jour,En agglomération,Hors intersection,Normale,Autre collision,4,2,2,0,1,1,1,0,1,50,1,2,1,0,0,1,62.0,,deux_roues,,1,2,1,1,6
201900023706,2019-03-11 19:00:00,2019,3,11,19,0,2B,2B033,AGLIANI - CHEMIN D',42.66661,9.4326,Nuit avec éclairage allumé,En agglomération,Hors intersection,Normale,Deux véhicules - arrière,4,2,2,0,1,1,1,0,1,50,2,2,1,0,0,1,21.0,25.0,utilitaire_camion,voiture,5,2,1,1,2
201900023707,2019-03-11 11:00:00,2019,3,11,11,0,95,95680,HUIT MAI 1945 (AVENUE DU),49.00921,2.40223,Plein jour,En agglomération,Hors intersection,Normale,Deux véhicules - arrière,3,-1,0,0,1,1,1,0,1,50,2,2,1,0,0,1,19.0,38.0,voiture,voiture,1,2,1,1,2
201900023708,2019-03-11 19:20:00,2019,3,11,19,20,91,91589,BRIAND (BOULEVARD ARISTIDE),48.69176,2.363311,Crépuscule ou aube,En agglomération,Hors intersection,Normale,Autre collision,3,2,2,0,1,1,1,0,1,50,1,2,1,0,0,1,78.0,,voiture,,2,2,1,1,6
201900023709,2019-03-11 07:45:00,2019,3,11,7,45,91,91174,REPUBLIQUE (RUE DE),48.61444,2.48001,Crépuscule ou aube,En agglomération,Giratoire,Pluie forte,Autre collision,4,2,2,0,1,3,2,9,1,50,1,2,1,0,0,1,35.0,,voiture,,2,2,6,3,6
201900023710,2019-03-09 16:03:00,2019,3,9,16,3,87,87085,VALOINE (ROND-POINT DE LA),45.80354,1.29188,Plein jour,En agglomération,Giratoire,Normale,Sans collision,4,1,2,0,1,2,1,0,1,50,1,1,0,0,0,1,52.0,,deux_roues,,1,2,6,1,7
201900023711,2019-03-09 19:15:00,2019,3,9,19,15,80,80021,R EMILE FRANCFORT,49.89479,2.26018,Nuit avec éclairage allumé,En agglomération,Hors intersection,Normale,Deux véhicules - côté,4,2,2,0,1,1,1,0,1,50,2,2,1,0,0,1,68.0,49.0,deux_roues,voiture,5,2,1,1,3
201900023712,2019-03-08 12:35:00,2019,3,8,12,35,78,78646,SAINT CLOUD (AVENUE DE),48.80558,2.13917,Plein jour,En agglomération,Hors intersection,Normale,Deux véhicules - côté,3,2,4,0,1,1,1,0,1,50,2,2,1,0,1,0,33.0,54.0,deux_roues,utilitaire_camion,1,2,1,1,3
201900023713,2019-03-10 05:19:00,2019,3,10,5,19,77,77114,N 4,48.74509,2.68708,Nuit sans éclairage public,Hors agglomération,Hors intersection,Pluie forte,Sans collision,2,2,4,0,1,1,3,0,1,90,1,2,0,1,1,0,43.0,,voiture,,3,1,1,3,7
201900023714,2019-03-09 05:50:00,2019,3,9,5,50,77,77268,D93-PRE DE BRAY ( RUE DU ),48.85914,2.81198,Nuit avec éclairage allumé,En agglomération,Autre intersection,Pluie légère,Deux véhicules - frontale,3,2,2,0,1,2,2,0,1,50,2,2,1,0,0,1,26.0,55.0,voiture,voiture,5,2,9,2,1
201900023715,2019-03-10 21:18:00,2019,3,10,21,18,69,69271,PROGRES (DU)                            ,45.72764,4.96327,Nuit avec éclairage allumé,En agglomération,Intersection en X,Normale,Deux véhicules - côté,4,2,3,0,1,1,1,0,1,50,2,4,0,1,3,0,24.0,51.0,utilitaire_camion,voiture,5,2,2,1,3
201900023716,2019-03-10 10:30:00,2019,3,10,10,30,67,67482,SCHOEPFLIN (QUAI),48.586854,7.75028,Plein jour,En agglomération,Hors intersection,Vent fort / tempête,Deux véhicules - côté,4,1,2,3,1,1,1,0,2,50,2,2,1,0,0,1,42.0,52.0,voiture,voiture,1,2,1,6,3
201900023717,2019-03-10 01:30:00,2019,3,10,1,30,67,67482,HERRENSCHMIDT (AVENUE),48.597976,7.754436,Nuit avec éclairage allumé,En agglomération,Intersection en T,Vent fort / tempête,Deux véhicules - côté,4,3,6,1,1,1,1,0,1,50,2,2,0,0,0,2,35.0,23.0,voiture,voiture,5,2,3,6,3
201900023718,2019-03-09 18:30:00,2019,3,9,18,30,67,67365,VOSGES (RUE DES),48.541966,7.704507,Crépuscule ou aube,En agglomération,Hors intersection,Normale,Autre collision,7,2,2,0,1,3,1,0,1,50,1,1,0,0,1,0,59.0,,voiture,,2,2,1,1,6
201900023719,2019-03-08 15:55:00,2019,3,8,15,55,67,67482,GANZAU (RUE DE LA),48.5405,7.761781,Plein jour,En agglomération,Intersection en X,Normale,Autre collision,4,2,2,0,1,1,1,0,1,50,1,2,1,0,1,0,48.0,,voiture,,1,2,2,1,6
201900023720,2019-03-08 05:30:00,2019,3,8,5,30,67,67447,BISCHWILLER (ROUTE DE),48.60447,7.747347,Nuit avec éclairage allumé,En agglomération,Intersection en T,Normale,Autre collision,7,2,3,0,1,1,1,0,1,40,2,2,1,0,0,1,56.0,20.0,voiture,voiture,5,2,3,1,6
201900023721,2019-03-09 23:10:00,2019,3,9,23,10,66,66136,(avenue) leon jean gregory ,42.65858,2.88737,Nuit sans éclairage public,En agglomération,Hors intersection,Normale,Autre collision,4,1,1,0,1,1,1,0,1,70,1,1,0,1,0,0,27.0,,deux_roues,,3,2,1,1,6
201900023722,2019-03-11 08:15:00,2019,3,11,8,15,64,64335,NOVELLA,43.32682,-0.41066,Plein jour,En agglomération,Hors intersection,Pluie légère,Trois véhicules et plus - en chaîne,4,2,2,0,1,1,2,0,1,2,3,3,1,0,0,2,58.0,48.0,voiture,voiture,1,2,1,2,4
201900023723,2019-03-11 07:50:00,2019,3,11,7,50,64,64445,ALSACE LORRAINE D',43.3044735,-0.3675141,Crépuscule ou aube,En agglomération,Giratoire,Pluie légère,Deux véhicules - frontale,4,2,2,0,1,1,2,9,1,50,2,2,1,0,0,1,21.0,57.0,deux_roues,voiture,2,2,6,2,1
201900023724,2019-03-10 06:19:00,2019,3,10,6,19,64,64445,18EME REGIMENT D'INFANTERIE DU,43.29667,-0.38257,Nuit avec éclairage allumé,En agglomération,Hors intersection,Normale,Sans collision,4,2,2,0,4,2,1,0,1,50,1,2,0,0,0,2,,,,,5,2,1,1,7
201900023725,2019-02-16 19:30:00,2019,2,16,19,30,62,62498,LILLE (RTE DE)  RN 17,50.43966,2.84758,Nuit avec éclairage allumé,En agglomération,Hors intersection,Normale,Autre collision,3,2,2,0,1,1,1,0,1,50,1,2,1,0,0,1,30.0,,utilitaire_camion,,5,2,1,1,6
201900023726,2019-03-11 12:30:00,2019,3,11,12,30,60,60057,RICARD (RUE),49.4337699,2.0842,Plein jour,En agglomération,Intersection en X,Vent fort / tempête,Deux véhicules - côté,4,2,2,0,1,1,1,0,1,30,2,2,1,0,1,0,43.0,57.0,voiture,voiture,1,2,2,6,3
201900023727,2019-03-11 16:55:00,2019,3,11,16,55,59,59512,MOTTE (AVENUE ALFRED),50.677551,3.198995,Plein jour,En agglomération,Intersection en T,Normale,Deux véhicules - côté,7,1,1,0,1,1,1,0,1,50,2,2,1,0,0,1,52.0,36.0,deux_roues,voiture,1,2,3,1,3
201900023728,2019-02-14 14:40:00,2019,2,14,14,40,59,59350,LANNOY RUE,50.63427,3.09765,Plein jour,En agglomération,Intersection en X,Normale,Deux véhicules - côté,4,2,2,2,1,1,1,0,1,50,2,3,2,0,0,1,35.0,24.0,voiture,voiture,1,2,2,1,3
201900023729,2019-03-10 18:20:00,2019,3,10,18,20,56,56098,RN 165,47.78785,-3.32794,Plein jour,Hors agglomération,Hors intersection,Normale,Autre collision,2,3,4,0,1,1,1,0,1,90,1,1,0,0,0,1,78.0,,voiture,,1,1,1,1,6
201900023730,2019-03-09 14:55:00,2019,3,9,14,55,56,56162,SABLES BLANCS (BD DES),47.73012,-3.496,Plein jour,En agglomération,Hors intersection,Normale,Deux véhicules - arrière,3,2,2,0,1,1,1,0,1,50,2,2,1,0,0,1,43.0,63.0,deux_roues,voiture,1,2,1,1,2
201900023731,2019-03-08 13:29:00,2019,3,8,13,29,54,54395,LEBRUN (RUE ALBERT),48.685338,6.19026,Plein jour,En agglomération,Hors intersection,Normale,Autre collision,4,-1,2,0,1,1,1,0,1,50,2,2,1,0,0,1,24.0,68.0,deux_roues,voiture,1,2,1,1,6
201900023732,2019-03-08 10:40:00,2019,3,8,10,40,54,54451,BOISMONT (RUE DE),49.50455,5.7529,Plein jour,En agglomération,Hors intersection,Pluie légère,Autre collision,4,2,2,0,4,4,1,0,1,50,1,1,0,0,1,0,,,,,1,2,1,2,6
201900023733,2019-03-11 16:00:00,2019,3,11,16,0,51,51454,RUE DE BETHENY,49.2654222,4.0448225,Plein jour,En agglomération,Hors intersection,Normale,Sans collision,4,2,0,0,1,1,1,0,1,50,1,2,1,0,0,1,85.0,,utilitaire_camion,,1,2,1,1,7
201900023734,2019-03-08 08:45:00,2019,3,8,8,45,50,50602,POMMIERS (RUE DES),49.63259,-1.5825,Plein jour,En agglomération,Hors intersection,Normale,Sans collision,4,2,2,0,1,1,1,0,1,50,1,1,0,0,0,1,52.0,,utilitaire_camion,,1,2,1,1,7
201900023735,2019-03-08 17:20:00,2019,3,8,17,20,49,49099,LECLERC (AVENUE DU MARECHAL),47.0658,-0.86052,Plein jour,En agglomération,Autre intersection,Normale,Deux véhicules - côté,7,3,4,2,1,1,1,0,1,50,2,2,1,0,0,1,45.0,22.0,deux_roues,voiture,1,2,9,1,3
201900023736,2019-03-09 17:27:00,2019,3,9,17,27,49,49007,BOUCHEMAINE ROUTE,47.45199,-0.57107,Plein jour,En agglomération,Hors intersection,Pluie légère,Autre collision,4,2,4,0,1,1,2,0,1,50,2,3,2,0,0,1,71.0,60.0,voiture,voiture,1,2,1,2,6
201900023737,2019-03-08 15:05:00,2019,3,8,15,5,49,49007,GASNIER AVENUE,47.48231,-0.56834,Plein jour,En agglomération,Hors intersection,Normale,Deux véhicules - arrière,4,2,2,0,1,1,1,0,1,50,2,2,1,0,0,1,61.0,33.0,voiture,voiture,1,2,1,1,2
201900023738,2019-03-08 09:05:00,2019,3,8,9,5,49,49007,LAREVELLIERE,47.47111,-0.53121,Plein jour,En agglomération,Intersection en X,Normale,Deux véhicules - côté,4,2,2,0,1,1,1,5,1,50,2,2,1,0,0,1,55.0,58.0,transport_commun,deux_roues,1,2,2,1,3
201900023739,2019-03-11 14:30:00,2019,3,11,14,30,45,45208,RUE ANDRE COQUILLET,47.99194,2.73228,Plein jour,En agglomération,Intersection en T,Vent fort / tempête,Autre collision,4,-1,1,0,1,1,1,0,4,50,1,1,0,0,0,1,22.0,,deux_roues,,1,2,3,6,6
201900023740,2019-03-09 19:30:00,2019,3,9,19,30,44,44184,GAMBETTA (BD LÉON),47.27674,-2.21738,Nuit sans éclairage public,En agglomération,Hors intersection,Pluie légère,Autre collision,4,2,2,0,1,1,2,0,1,50,2,2,1,0,0,1,48.0,17.0,voiture,deux_roues,3,2,1,2,6
201900023741,2019-03-10 14:25:00,2019,3,10,14,25,44,44109,BOULEVARD ALBERT EINSTEIN,47.26268,-1.56743,Plein jour,En agglomération,Hors intersection,Normale,Deux véhicules - frontale,4,2,0,0,1,1,1,0,1,50,2,5,1,0,0,4,24.0,27.0,voiture,voiture,1,2,1,1,1
201900023742,2019-03-09 11:00:00,2019,3,9,11,0,41,41018,PONT JACQUES GABRIEL,47.58521,1.33753,Plein jour,En agglomération,Hors intersection,Normale,Trois véhicules et plus - en chaîne,4,2,1,0,2,1,1,2,1,50,3,3,2,0,1,0,82.0,29.0,voiture,voiture,1,2,1,1,4
201900023743,2019-03-09 01:45:00,2019,3,9,1,45,39,39411,CHAMPAGNOLE (ROUTE DE) PARTIE BASSE,46.669849,5.574602,Nuit avec éclairage allumé,En agglomération,Hors intersection,Normale,Autre collision,3,2,2,0,2,1,1,0,1,50,1,5,4,0,1,0,28.0,,voiture,,5,2,1,1,6
201900023744,2019-03-11 13:30:00,2019,3,11,13,30,38,38544,ALBERT THOMAS(RUE),45.528,4.879,Plein jour,En agglomération,Hors intersection,Normale,Trois véhicules et plus - collisions multiples,4,2,2,0,1,1,1,0,1,50,3,6,5,0,0,1,44.0,81.0,voiture,voiture,1,2,1,1,5
201900023745,2019-03-10 16:05:00,2019,3,10,16,5,38,38151,COURS JEAN JAURÈS,45.15409,5.70766,Plein jour,En agglomération,Hors intersection,Normale,Trois véhicules et plus - en chaîne,4,2,4,3,1,1,1,0,1,50,3,4,0,0,0,4,66.0,21.0,voiture,voiture,1,2,1,1,4
201900023746,2019-03-11 20:30:00,2019,3,11,20,30,37,37208,FONTAINES (AVENUE DES),47.3668377,0.7214509,Nuit avec éclairage allumé,En agglomération,Hors intersection,Normale,Deux véhicules - frontale,4,1,1,0,2,3,1,0,1,50,2,2,1,0,0,1,65.0,31.0,deux_roues,voiture,5,2,1,1,1
201900023747,2019-03-11 20:06:00,2019,3,11,20,6,37,37261,MAGINOT (AV. ANDRE),47.40931,0.6816217,Nuit avec éclairage allumé,En agglomération,Hors intersection,Normale,Sans collision,4,2,2,0,2,1,1,0,1,50,1,1,0,0,0,1,27.0,,deux_roues,,5,2,1,1,7
201900023748,2019-03-11 17:00:00,2019,3,11,17,0,37,37122,CHANTEPIE (RUE DE),47.3508311,0.6566456,Plein jour,En agglomération,Hors intersection,Normale,Deux véhicules - frontale,4,2,2,0,1,1,1,0,1,50,2,2,1,0,0,1,49.0,25.0,deux_roues,voiture,1,2,1,1,1
201900023749,2019-03-10 04:02:00,2019,3,10,4,2,37,37122,BORDEAUX (AVENUE DE),47.35565,0.6987,Nuit avec éclairage allumé,En agglomération,Intersection en X,Pluie légère,Deux véhicules - côté,4,2,6,0,1,1,2,5,1,50,2,2,0,0,0,2,41.0,,voiture,,5,2,2,2,3
201900023750,2019-03-08 19:37:00,2019,3,8,19,37,36,36044,113 RUE PIERRE ET MARIE CURIE,46.8068976,1.7145176,Crépuscule ou aube,En agglomération,Hors intersection,Normale,Autre collision,4,2,2,0,1,1,1,0,1,50,1,2,1,0,1,0,38.0,,voiture,,2,2,1,1,6
201900023751,2019-03-07 21:50:00,2019,3,7,21,50,33,33119,AVE CARNOT avant souterrain - sens Mairie - Haut de Cenon - B franchit ligne continue,44.86368,-0.52228,Nuit avec éclairage allumé,En agglomération,Hors intersection,Normale,Deux véhicules - côté,4,2,4,2,2,1,1,1,1,50,2,4,3,0,0,1,19.0,53.0,voiture,voiture,5,2,1,1,3
201900023752,2019-03-08 15:40:00,2019,3,8,15,40,31,31149,AV YVES BRUNAUD,43.61508,1.34615,Plein jour,En agglomération,Hors intersection,Normale,Deux véhicules - côté,4,3,2,1,1,1,1,0,1,50,2,2,1,0,1,0,34.0,28.0,deux_roues,voiture,1,2,1,1,3
201900023753,2019-03-09 18:38:00,2019,3,9,18,38,31,31555,PL EMILE MALE,43.59345,1.41617,Plein jour,En agglomération,Hors intersection,Normale,Deux véhicules - côté,4,2,2,0,1,2,1,9,1,30,2,2,1,0,0,1,33.0,49.0,deux_roues,transport_commun,1,2,1,1,3