accident_id,datetime,annee,mois,jour,heure,minute,departement,commune_insee,adresse,latitude,longitude,luminosite,agglomeration,intersection,meteo,collision,catr,circ,nbv,vosp,prof,plan,surf,infra,situ,vma,nb_vehicules,nb_usagers,nb_indemnes,nb_tues,nb_blesses_hosp,nb_blesses_legers,age_cond_1,age_cond_2,veh_type_cond_1,veh_type_cond_2,lum_code,agg_code,int_code,atm_code,col_code
201900024023,2019-01-18 23:40:00,2019,1,18,23,40,56,56260,Giratoire de Ste Anne,47.66402,-2.78073,Nuit avec éclairage allumé,En agglomération,Giratoire,Pluie légère,Autre collision,3,1,2,0,1,3,2,5,1,50,1,4,3,0,1,0,23.0,,voiture,,5,2,6,2,6
201900024024,2019-01-26 21:35:00,2019,1,26,21,35,56,56098,JAURES (RUE  JEAN ),47.7705,-3.3494,Nuit avec éclairage allumé,En agglomération,Hors intersection,Vent fort / tempête,Sans collision,3,2,2,0,2,3,2,0,1,50,1,1,0,0,0,1,25.0,,deux_roues,,5,2,1,6,7
201900024025,2019-01-25 18:55:00,2019,1,25,18,55,56,56121,PETIT PARADIS ( IMP DU ),47.76233,-3.38982,Plein jour,En agglomération,Hors intersection,Normale,Deux véhicules - arrière,4,2,2,0,1,1,1,0,1,50,2,2,1,0,0,1,39.0,46.0,voiture,deux_roues,1,2,1,1,2
201900024026,2019-01-26 16:45:00,2019,1,26,16,45,50,50129,GUYNEMER (RUE GEORGES),49.636,-1.60597,Plein jour,En agglomération,Hors intersection,Temps couvert,Autre collision,4,2,2,0,1,1,1,0,1,50,1,2,1,0,1,0,55.0,,voiture,,1,2,1,8,6
201900024027,2019-01-25 13:10:00,2019,1,25,13,10,49,49328,NANTILLY (RUE),47.25316,-0.07789,Plein jour,En agglomération,Intersection en T,Normale,Autre collision,4,2,2,0,1,1,1,0,1,50,1,2,1,0,0,1,25.0,,voiture,,1,2,3,1,6
201900024028,2019-01-25 07:40:00,2019,1,25,7,40,49,49007,MOULIN BOULEVARD,47.49209,-0.55579,Crépuscule ou aube,En agglomération,Intersection en X,Normale,Deux véhicules - côté,4,2,1,0,1,1,1,0,1,50,2,2,1,0,0,1,20.0,18.0,deux_roues,deux_roues,2,2,2,1,3
201900024029,2019-01-22 07:54:00,2019,1,22,7,54,49,49007,RD 323,47.46904,-0.58879,Crépuscule ou aube,En agglomération,Hors intersection,Pluie légère,Trois véhicules et plus - collisions multiples,3,3,1,0,1,1,2,0,1,80,3,3,1,0,0,2,24.0,47.0,voiture,voiture,2,2,1,2,5
201900024030,2019-01-25 08:40:00,2019,1,25,8,40,49,49007,BEDIER BOULEVARD,47.45104,-0.54752,Nuit avec éclairage non allumé,En agglomération,Hors intersection,Normale,Autre collision,4,2,4,0,1,1,1,0,1,50,1,3,1,0,0,2,42.0,,voiture,,4,2,1,1,6
201900024031,2019-01-28 18:21:00,2019,1,28,18,21,45,45232,Parking Leclerc,47.84227,1.91693,Nuit avec éclairage allumé,En agglomération,Autre intersection,Normale,Autre collision,6,-1,-1,-1,1,1,1,0,1,50,1,4,3,0,0,1,47.0,,voiture,,5,2,9,1,6
201900024032,2019-01-28 08:45:00,2019,1,28,8,45,45,45234,R LADUREAU - R DE LA GARE,47.912017,1.903144,Plein jour,En agglomération,Intersection en T,Normale,Deux véhicules - côté,4,1,1,0,1,1,1,0,1,50,2,2,1,0,0,1,41.0,46.0,deux_roues,voiture,1,2,3,1,3
201900024033,2019-01-28 17:10:00,2019,1,28,17,10,44,44162,BOULEVARD SALVADOR ALLENDE,47.22228,-1.63871,Plein jour,En agglomération,Hors intersection,Normale,Autre collision,4,2,0,0,1,1,1,0,1,30,1,2,1,0,1,0,46.0,,voiture,,1,2,1,1,6
201900024034,2019-01-28 07:42:00,2019,1,28,7,42,42,42095,HUGO (RUE VICTOR),45.382413,4.278865,Crépuscule ou aube,En agglomération,Autre intersection,Neige / grêle,Autre collision,4,-1,2,0,1,1,1,0,1,50,1,2,1,0,0,1,47.0,,voiture,,2,2,9,4,6
201900024035,2019-01-26 06:00:00,2019,1,26,6,0,41,41212,RD 174,47.562,1.3728,Nuit sans éclairage public,Hors agglomération,Hors intersection,Normale,Deux véhicules - arrière,3,1,4,0,1,1,2,0,1,90,2,5,4,0,0,1,21.0,21.0,voiture,voiture,3,1,1,1,2
201900024036,2019-01-17 07:29:00,2019,1,17,7,29,36,36044,130 AVENUE D'ARGENTON,46.8009809,1.670782,Nuit avec éclairage allumé,En agglomération,Hors intersection,Normale,Autre collision,4,2,-1,0,1,1,1,9,8,50,1,1,0,0,0,1,62.0,,deux_roues,,5,2,1,1,6
201900024037,2019-01-15 11:47:00,2019,1,15,11,47,36,36044,231 AVENUE DE VERDUN,46.7979414,1.6983407,Plein jour,En agglomération,Intersection en T,Normale,Trois véhicules et plus - en chaîne,4,1,2,0,1,1,1,0,1,50,3,3,2,0,0,1,56.0,56.0,voiture,voiture,1,2,3,1,4
201900024038,2019-01-27 19:30:00,2019,1,27,19,30,35,35238,PORTE DE LORIENT,48.10696,-1.71717,Nuit avec éclairage allumé,Hors agglomération,Hors intersection,Normale,Deux véhicules - côté,2,3,6,0,1,1,2,0,1,90,2,2,1,0,0,1,34.0,,voiture,,5,1,1,1,3
201900024039,2019-01-28 21:00:00,2019,1,28,21,0,34,34172,ASSAS (AVENUE D'),43.617045,3.861186,Nuit avec éclairage allumé,En agglomération,Intersection en X,Normale,Deux véhicules - frontale,4,2,2,0,1,1,1,0,1,50,2,3,1,0,2,0,23.0,44.0,voiture,deux_roues,5,2,2,1,1
201900024040,2019-01-28 16:50:00,2019,1,28,16,50,34,34172,GRAND SAINT JEAN (RUE DU),43.60529,3.87531,Plein jour,En agglomération,Hors intersection,Normale,Deux véhicules - arrière,4,2,3,0,1,1,1,0,1,50,2,2,1,0,0,1,70.0,35.0,deux_roues,deux_roues,1,2,1,1,2
201900024041,2019-01-21 19:08:00,2019,1,21,19,8,33,33069,AVE VICTOR HUGO,44.86864,-0.591829,Nuit avec éclairage allumé,En agglomération,Intersection en T,Normale,Deux véhicules - côté,4,2,2,0,1,1,1,0,1,50,2,2,1,0,1,0,21.0,75.0,deux_roues,voiture,5,2,3,1,3
201900024042,2019-01-27 12:10:00,2019,1,27,12,10,31,31555,VA007331 A620,43.57395,1.44954,Plein jour,Hors agglomération,Hors intersection,Normale,Deux véhicules - côté,1,3,3,0,1,1,1,0,1,90,2,2,1,0,0,1,33.0,72.0,voiture,voiture,1,1,1,1,3
201900024043,2019-01-26 00:15:00,2019,1,26,0,15,31,31069,VOIE LACTEE (RD902),43.6613,1.36171,Nuit sans éclairage public,Hors agglomération,Hors intersection,Pluie légère,Deux véhicules - arrière,3,3,4,0,1,1,2,0,1,90,2,5,2,0,0,3,34.0,52.0,voiture,utilitaire_camion,3,1,1,2,2
201900024044,2019-01-25 19:20:00,2019,1,25,19,20,31,31149,QUATORZIEME R.I. (BOULEVARD DU),43.61442,1.33163,Nuit avec éclairage allumé,En agglomération,Hors intersection,Pluie légère,Sans collision,3,2,2,0,1,1,2,0,1,50,1,1,0,0,0,1,46.0,,voiture,,5,2,1,2,7
201900024045,2019-01-25 18:35:00,2019,1,25,18,35,31,31555,VA007306 A64,43.54624,1.40246,Nuit avec éclairage allumé,Hors agglomération,Hors intersection,Normale,Deux véhicules - arrière,1,3,4,0,1,1,2,0,1,90,2,2,1,0,0,1,20.0,24.0,voiture,voiture,5,1,1,1,2
201900024046,2019-01-27 03:50:00,2019,1,27,3,50,30,30189,BOEGNER PASTEUR MARC (BOULEVARD),43.8201,4.3357,Nuit avec éclairage allumé,En agglomération,Intersection en X,Normale,Deux véhicules - côté,2,2,2,0,2,1,1,0,1,50,2,3,0,0,0,3,55.0,22.0,voiture,voiture,5,2,2,1,3
201900024047,2019-01-26 23:50:00,2019,1,26,23,50,29,29019,PARIS ( 33 ET 42 A FIN),48.41033,-4.45537,Nuit avec éclairage allumé,En agglomération,Hors intersection,Vent fort / tempête,Sans collision,4,2,2,0,3,1,2,0,1,50,1,5,0,0,2,3,38.0,,voiture,,5,2,1,6,7
201900024048,2019-01-28 22:40:00,2019,1,28,22,40,25,25056,DOLE RUE DE (sup 200),47.226243,5.977187,Nuit avec éclairage allumé,En agglomération,Hors intersection,Pluie légère,Deux véhicules - côté,3,2,4,0,1,1,2,3,1,50,2,3,1,0,0,2,26.0,28.0,voiture,voiture,5,2,1,2,3
201900024049,2019-01-26 09:50:00,2019,1,26,9,50,17,17306,SOURCE (DE LA),45.627895,-1.03206,Plein jour,En agglomération,Hors intersection,Normale,Autre collision,4,1,1,1,1,1,1,0,1,30,1,2,1,0,0,1,87.0,,voiture,,1,2,1,1,6
201900024050,2019-01-28 16:40:00,2019,1,28,16,40,13,13209,GRAND PRE (AVENUE),43.26199,5.41505,Plein jour,En agglomération,Hors intersection,Normale,Autre collision,7,2,2,0,1,1,1,0,1,50,1,2,1,0,0,1,39.0,,voiture,,1,2,1,1,6
201900024051,2019-01-28 09:55:00,2019,1,28,9,55,13,13206,ITALIE (RUE D'),43.28884,5.3829,Plein jour,En agglomération,Intersection en X,Normale,Deux véhicules - côté,4,1,1,0,1,1,1,0,1,50,2,8,2,0,0,6,53.0,59.0,utilitaire_camion,transport_commun,1,2,2,1,3
201900024052,2019-01-27 11:40:00,2019,1,27,11,40,13,13028,CD 559,43.18631,5.67273,Plein jour,Hors agglomération,Hors intersection,Normale,Deux véhicules - frontale,3,3,2,0,1,1,1,0,1,80,2,2,0,0,1,1,54.0,31.0,utilitaire_camion,deux_roues,1,1,1,1,1
201900024053,2019-01-28 07:43:00,2019,1,28,7,43,11,11262,RD 6009 NARBONNE - PERPIGNAN,43.153977,2.98027,Plein jour,Hors agglomération,Hors intersection,Normale,Deux véhicules - arrière,4,2,-1,0,1,1,1,0,1,80,2,2,1,0,1,0,43.0,29.0,utilitaire_camion,utilitaire_camion,1,1,1,1,2
201900024054,2019-01-28 05:40:00,2019,1,28,5,40,6,06069,CROISSET (AVENUE FR. DE),43.6684,6.94,Nuit avec éclairage allumé,En agglomération,Hors intersection,Vent fort / tempête,Autre collision,3,-1,2,0,1,3,1,0,1,50,1,1,0,0,0,1,62.0,,deux_roues,,5,2,1,6,6
201900024055,2019-01-28 14:30:00,2019,1,28,14,30,6,06027,RENOIR AVENUE AUGUSTE,43.66373,7.14882,Plein jour,En agglomération,Hors intersection,Normale,Deux véhicules - arrière,7,1,2,0,1,1,1,0,1,50,2,2,1,0,0,1,21.0,46.0,voiture,voiture,1,2,1,1,2
201900024056,2019-01-27 04:33:00,2019,1,27,4,33,75,75110,RUE DE L AQUEDUC,48.87949,2.357744,Nuit avec éclairage allumé,En agglomération,Intersection en T,Temps couvert,Autre collision,4,2,3,0,2,1,2,9,1,50,1,2,0,0,1,1,67.0,,voiture,,5,2,3,8,6
201900024057,2019-01-16 10:00:00,2019,1,16,10,0,75,75106,QUAI DES GRANDS AUGUSTINS,48.854293,2.343165,Plein jour,En agglomération,Intersection en T,Normale,Deux véhicules - côté,4,1,3,0,1,1,1,0,1,50,2,2,1,0,1,0,43.0,32.0,utilitaire_camion,deux_roues,1,2,3,1,3
201900024058,2019-01-28 08:00:00,2019,1,28,8,0,75,75118,RUE LAMARCK,48.890191,2.337013,Plein jour,En agglomération,Hors intersection,Normale,Autre collision,4,1,1,0,1,1,1,0,1,50,1,2,1,0,0,1,23.0,,voiture,,1,2,1,1,6
201900024059,2019-01-26 19:30:00,2019,1,26,19,30,75,75116,PLACE DE LA PORTE D AUTEUIL,48.847907,2.25856,Nuit avec éclairage allumé,En agglomération,Place,Pluie légère,Deux véhicules - côté,4,1,3,0,1,1,2,5,1,50,2,5,2,0,0,3,21.0,21.0,voiture,voiture,5,2,7,2,3
201900024060,2019-01-28 17:00:00,2019,1,28,17,0,75,75115,RUE DE LOURMEL,48.843893,2.286447,Plein jour,En agglomération,Hors intersection,Normale,Deux véhicules - côté,4,1,1,1,1,1,1,0,5,50,2,2,1,0,0,1,72.0,49.0,voiture,deux_roues,1,2,1,1,3
201900024061,2019-01-26 22:46:00,2019,1,26,22,46,75,75115,RUE LECOURBE,48.844675,2.309579,Nuit avec éclairage allumé,En agglomération,Intersection en T,Pluie légère,Deux véhicules - côté,4,1,2,0,1,1,2,0,1,50,2,3,2,0,0,1,78.0,27.0,voiture,deux_roues,5,2,3,2,3
201900024062,2019-01-26 22:20:00,2019,1,26,22,20,75,75115,PLACE D ALLERAY,48.836289,2.306474,Nuit avec éclairage allumé,En agglomération,Place,Pluie légère,Autre collision,4,-1,2,0,1,1,2,0,1,50,1,2,0,0,0,2,32.0,,voiture,,5,2,7,2,6
201900024063,2019-01-28 13:40:00,2019,1,28,13,40,75,75113,RUE LACHELIER,48.819655,2.366012,Plein jour,En agglomération,Hors intersection,Normale,Autre collision,4,1,2,0,1,1,1,0,1,50,1,2,1,0,0,1,35.0,,voiture,,1,2,1,1,6
201900024064,2019-01-28 12:35:00,2019,1,28,12,35,75,75103,BOULEVARD BEAUMARCHAIS,48.855801,2.368484,Plein jour,En agglomération,Intersection en X,Temps couvert,Autre collision,4,2,2,3,1,1,1,0,1,50,3,2,1,0,0,1,20.0,41.0,deux_roues,transport_commun,1,2,2,8,6
201900024065,2019-01-28 22:30:00,2019,1,28,22,30,75,75110,RUE DE DUNKERQUE,48.879751,2.355067,Nuit avec éclairage allumé,En agglomération,Hors intersection,Normale,Autre collision,4,1,1,0,1,1,1,0,1,30,1,2,1,0,0,1,54.0,,voiture,,5,2,1,1,6
201900024066,2019-01-28 10:45:00,2019,1,28,10,45,75,75101,BOULEVARD DE LA MADELEINE,48.869684,2.326675,Plein jour,En agglomération,Hors intersection,Normale,Autre collision,4,2,4,3,1,1,1,0,1,50,1,2,1,0,0,1,44.0,,deux_roues,,1,2,1,1,6
201900024067,2019-01-28 22:00:00,2019,1,28,22,0,94,94074,THEODULE JOURDAIN (rue),48.77044,2.44693,Nuit avec éclairage allumé,En agglomération,Giratoire,Normale,Deux véhicules - côté,3,2,2,3,1,2,1,9,1,50,2,3,2,0,0,1,53.0,29.0,transport_commun,voiture,5,2,6,1,3
201900024068,2019-01-28 12:25:00,2019,1,28,12,25,94,94077,REPUBLIQUE (VLA DE LA),48.73311,2.42249,Plein jour,En agglomération,Intersection en T,Normale,Deux véhicules - côté,4,2,2,0,2,1,1,0,1,50,2,2,1,0,0,1,54.0,59.0,deux_roues,voiture,1,2,3,1,3
201900024069,2019-01-28 01:07:00,2019,1,28,1,7,94,94078,PARIS (rue de ),48.745175,2.446523,Nuit avec éclairage allumé,En agglomération,Hors intersection,Pluie légère,Trois véhicules et plus - en chaîne,2,2,4,0,1,1,2,0,1,50,4,4,3,0,0,1,36.0,47.0,voiture,voiture,5,2,1,2,4
201900024070,2019-01-28 07:40:00,2019,1,28,7,40,94,94022,VICTOR HUGO (AV),48.7678,2.41725,Crépuscule ou aube,En agglomération,Hors intersection,Normale,Autre collision,3,2,2,3,1,1,1,9,1,50,1,3,1,0,0,2,59.0,,transport_commun,,2,2,1,1,6
201900024071,2019-01-28 13:50:00,2019,1,28,13,50,94,94075,TILLEULS (ALL DES),48.7284,2.5241,Plein jour,En agglomération,Hors intersection,Normale,Autre collision,4,2,0,0,1,2,1,0,1,50,1,1,0,0,0,1,26.0,,voiture,,1,2,1,1,6
201900024072,2019-01-28 11:00:00,2019,1,28,11,0,93,93045,PARIS RUE DE,48.878794,2.412258,Plein jour,En agglomération,Hors intersection,Normale,Autre collision,3,1,1,0,1,1,1,9,1,50,1,2,1,0,0,1,25.0,,voiture,,1,2,1,1,6
201900024073,2019-01-27 19:45:00,2019,1,27,19,45,93,93032,"JULES GUESDES  (RUE, DU 2 AU 96 ET DE 1",48.87874,2.54719,Nuit avec éclairage allumé,En agglomération,Autre intersection,Pluie légère,Autre collision,3,1,3,0,1,1,2,5,2,30,1,2,1,0,0,1,31.0,,utilitaire_camion,,5,2,9,2,6
201900024074,2019-01-28 20:50:00,2019,1,28,20,50,93,93057,CASANOVA (AL. DANIELLE) 2 A 84,48.90736,2.49579,Nuit avec éclairage allumé,En agglomération,Intersection en T,Normale,Autre collision,3,1,1,0,1,1,1,0,1,50,1,3,0,0,0,3,20.0,,deux_roues,,5,2,3,1,6
201900024075,2019-01-15 19:20:00,2019,1,15,19,20,92,92075,DANTON,48.82415,2.298036,Plein jour,En agglomération,Intersection en T,Normale,Autre collision,3,2,2,0,1,1,1,0,1,50,2,3,1,0,0,2,28.0,45.0,voiture,voiture,1,2,3,1,6
201900024076,2019-01-25 19:00:00,2019,1,25,19,0,92,92025,PRESIDENT SALVADOR ALLENDE (RUE DU),48.922196,2.235656,Nuit avec éclairage allumé,En agglomération,Hors intersection,Pluie forte,Autre collision,4,2,0,0,1,1,2,6,1,50,1,2,1,0,0,1,77.0,,voiture,,5,2,1,3,6
201900024077,2019-01-28 14:10:00,2019,1,28,14,10,92,92012,EDOUARD VAILLANT (AVENUE) 57/FIN - 58/FI,48.8343348,2.2458961,Plein jour,En agglomération,Hors intersection,Normale,Deux véhicules - arrière,3,3,4,0,1,1,1,0,1,50,2,2,1,0,0,1,32.0,64.0,deux_roues,voiture,1,2,1,1,2
201900024078,2019-01-28 16:00:00,2019,1,28,16,0,8,08362,RD 30,49.503273,4.404293,Plein jour,Hors agglomération,Hors intersection,Temps couvert,Sans collision,3,2,2,0,1,3,1,0,3,80,1,1,0,0,1,0,27.0,,deux_roues,,1,1,1,8,7
201900024079,2019-01-15 07:20:00,2019,1,15,7,20,34,34095,D185,43.552729,3.799764,Nuit sans éclairage public,Hors agglomération,Hors intersection,Normale,Deux véhicules - frontale,3,2,2,0,3,1,1,0,1,80,2,3,2,0,1,0,42.0,32.0,voiture,voiture,3,1,1,1,1
201900024080,2019-01-28 12:30:00,2019,1,28,12,30,56,56130,Giratoire de la Madeleine,47.73924,-3.22641,Plein jour,En agglomération,Giratoire,Normale,Deux véhicules - côté,3,2,2,0,1,3,2,5,1,80,2,2,1,0,0,1,44.0,67.0,voiture,deux_roues,1,2,6,1,3
201900024081,2019-01-17 10:10:00,2019,1,17,10,10,2B,2B096,avenue du 9 septembre,42.301596,9.155086,Plein jour,En agglomération,Hors intersection,Normale,Autre collision,2,2,2,0,1,1,1,9,1,50,1,2,1,0,0,1,81.0,,voiture,,1,2,1,1,6
201900024082,2019-01-28 21:30:00,2019,1,28,21,30,80,80282,1 rue de PONT REMY,50.051879,1.893385,Nuit sans éclairage public,En agglomération,Hors intersection,Autre,Autre collision,4,2,2,0,1,1,2,0,8,50,1,1,0,0,1,0,77.0,,voiture,,3,2,1,9,6
201900024083,2019-01-29 09:24:00,2019,1,29,9,24,71,71202,Gué de Nifette,46.865663,4.794211,Plein jour,Hors agglomération,Intersection en T,Temps éblouissant,Deux véhicules - arrière,3,2,2,0,1,1,1,0,1,80,2,2,1,0,0,1,71.0,23.0,voiture,voiture,1,1,3,7,2
201900024084,2019-01-29 19:00:00,2019,1,29,19,0,89,89345,13 rue Mont Armance,47.998135,3.727566,Nuit avec éclairage allumé,En agglomération,Hors intersection,Normale,Deux véhicules - frontale,3,2,2,0,2,3,1,0,1,50,2,2,1,0,1,0,59.0,28.0,voiture,voiture,5,2,1,1,1
201900024085,2019-01-28 18:30:00,2019,1,28,18,30,41,41257,route départementale 30 - PK 9+300,47.390553,1.328362,Nuit sans éclairage public,Hors agglomération,Hors intersection,Normale,Sans collision,3,2,2,0,1,1,1,0,3,80,1,1,0,0,1,0,70.0,,voiture,,3,1,1,1,7
201900024086,2019-01-27 19:00:00,2019,1,27,19,0,86,86235,CD12,46.401598,0.44364,Nuit sans éclairage public,Hors agglomération,Hors intersection,Autre,Autre collision,3,2,2,0,1,2,2,0,3,80,1,1,0,0,1,0,42.0,,voiture,,3,1,1,9,6
201900024087,2019-01-26 19:00:00,2019,1,26,19,0,44,44173,77 route de la maine,47.080066,-1.348392,Nuit sans éclairage public,Hors agglomération,Hors intersection,Pluie légère,Trois véhicules et plus - collisions multiples,3,2,2,0,1,1,2,0,1,80,3,7,6,0,0,1,28.0,36.0,voiture,voiture,3,1,1,2,5
201900024088,2019-01-27 16:50:00,2019,1,27,16,50,35,35039,échangeur de la croix rouge,48.105604,-1.485487,Plein jour,En agglomération,Intersection en X,Normale,Deux véhicules - côté,3,2,2,0,1,2,2,0,1,50,2,2,1,0,1,0,36.0,34.0,deux_roues,voiture,1,2,2,1,3
201900024089,2019-01-16 22:30:00,2019,1,16,22,30,29,29112,route de brélès,48.476685,-4.738057,Nuit sans éclairage public,Hors agglomération,Hors intersection,Normale,Deux véhicules - côté,3,2,2,0,1,1,1,0,1,80,2,2,1,0,0,1,18.0,53.0,deux_roues,utilitaire_camion,3,1,1,1,3
201900024090,2019-01-27 14:30:00,2019,1,27,14,30,29,29130,kerfily,48.3639632,-4.6687942,Plein jour,En agglomération,Intersection en T,Normale,Deux véhicules - côté,3,2,2,0,1,1,1,5,1,-1,2,3,2,0,0,1,80.0,27.0,voiture,voiture,1,2,3,1,3
201900024091,2019-01-28 17:30:00,2019,1,28,17,30,3,03254,route de Loriges,46.3021177,3.2984124,Nuit avec éclairage non allumé,En agglomération,Intersection en T,Normale,Deux véhicules - frontale,3,2,2,0,1,2,1,0,1,50,2,2,1,0,0,1,25.0,25.0,voiture,deux_roues,4,2,3,1,1
201900024092,2019-01-28 20:45:00,2019,1,28,20,45,72,72230,"CD 323, le bruon",47.850447,0.094607,Nuit sans éclairage public,Hors agglomération,Hors intersection,Normale,Trois véhicules et plus - en chaîne,3,2,3,0,2,3,1,0,1,80,3,3,1,0,1,1,19.0,45.0,utilitaire_camion,utilitaire_camion,3,1,1,1,4
201900024093,2019-01-28 08:14:00,2019,1,28,8,14,6,06023,Boulevard Jean JAURES,43.940215,7.516355,Plein jour,En agglomération,Hors intersection,Normale,Deux véhicules - côté,3,2,2,0,2,1,1,0,1,70,2,3,2,0,0,1,25.0,33.0,utilitaire_camion,voiture,1,2,1,1,3
201900024094,2019-01-28 09:35:00,2019,1,28,9,35,18,18099,D6,47.070608,2.881579,Plein jour,Hors agglomération,Hors intersection,Autre,Autre collision,3,2,2,0,1,1,7,0,3,80,1,1,0,0,1,0,94.0,,voiture,,1,1,1,9,6
201900024095,2019-01-28 16:10:00,2019,1,28,16,10,4,04049,RN 85 / Ch St Pierre,44.091028,6.009862,Plein jour,En agglomération,Intersection en T,Normale,Deux véhicules - côté,2,2,2,0,2,1,1,0,1,50,2,2,1,0,1,0,47.0,24.0,voiture,deux_roues,1,2,3,1,3
201900024096,2019-01-29 07:50:00,2019,1,29,7,50,27,27563,51 ROUTE DE QUILLEBEUF,49.370308,0.522725,Nuit avec éclairage allumé,En agglomération,Hors intersection,Pluie légère,Autre collision,3,2,2,0,1,1,2,0,1,50,1,2,1,1,0,0,45.0,,voiture,,5,2,1,2,6
201900024097,2019-01-28 21:45:00,2019,1,28,21,45,27,27685,18 route d'Evreux,48.913031,0.752639,Nuit avec éclairage allumé,En agglomération,Hors intersection,Normale,Autre collision,3,2,2,0,1,1,2,0,4,50,1,2,0,0,2,0,,,,,5,2,1,1,6
201900024098,2019-01-29 10:50:00,2019,1,29,10,50,17,17396,CD 115,46.221669,-0.877568,Plein jour,Hors agglomération,Hors intersection,Pluie légère,Deux véhicules - arrière,3,2,2,0,2,1,2,0,1,80,2,2,1,0,1,0,69.0,79.0,deux_roues,voiture,1,1,1,2,2
201900024099,2019-01-24 19:00:00,2019,1,24,19,0,38,38530,RD1006,45.619347,5.182071,Nuit avec éclairage allumé,Hors agglomération,Hors intersection,Normale,Sans collision,3,2,2,0,1,1,1,0,1,70,1,1,0,0,1,0,59.0,,deux_roues,,5,1,1,1,7
201900024100,2019-01-29 08:00:00,2019,1,29,8,0,1,01099,A42 - PK 032.600,45.909535,5.242654,Plein jour,Hors agglomération,Hors intersection,Normale,Trois véhicules et plus - collisions multiples,1,3,4,0,1,1,1,0,2,130,3,5,4,0,1,0,50.0,34.0,utilitaire_camion,voiture,1,1,1,1,5
201900024101,2019-01-22 07:30:00,2019,1,22,7,30,14,14555,"autoroute A13,PK 173+200, sens CAEN - PARIS",49.3089458,0.3006915,Nuit sans éclairage public,Hors agglomération,Hors intersection,Pluie légère,Trois véhicules et plus - en chaîne,1,3,4,0,2,1,2,0,1,130,4,5,3,0,1,1,43.0,21.0,utilitaire_camion,utilitaire_camion,3,1,1,2,4
201900024102,2019-01-27 16:56:00,2019,1,27,16,56,21,21590,Autoroute A6,47.058227,4.820285,Plein jour,Hors agglomération,Hors intersection,Normale,Autre collision,1,3,4,0,2,4,2,0,1,110,1,2,1,0,1,0,74.0,,voiture,,1,1,1,1,6
201900024103,2019-01-29 07:00:00,2019,1,29,7,0,2B,2B307,RT10,42.382062,9.530197,Crépuscule ou aube,En agglomération,Hors intersection,Normale,Deux véhicules - côté,2,2,2,0,1,1,1,0,1,70,2,2,1,0,0,1,62.0,30.0,voiture,voiture,2,2,1,1,3
201900024104,2019-01-29 07:20:00,2019,1,29,7,20,34,34058,D21,43.71555,3.94723,Crépuscule ou aube,Hors agglomération,Hors intersection,Normale,Trois véhicules et plus - collisions multiples,3,2,2,0,1,1,1,0,1,80,3,3,0,0,1,2,39.0,53.0,utilitaire_camion,voiture,2,1,1,1,5
201900024105,2019-01-29 13:30:00,2019,1,29,13,30,6,06048,avenue charles alluni,43.79836,7.32441,Plein jour,En agglomération,Hors intersection,Normale,Deux véhicules - frontale,3,2,2,0,1,1,1,0,1,70,2,4,0,0,0,4,69.0,62.0,voiture,voiture,1,2,1,1,1
201900024106,2019-01-28 08:00:00,2019,1,28,8,0,67,67028,PK 23.300,48.365428,7.601939,Plein jour,Hors agglomération,Hors intersection,Pluie légère,Deux véhicules - côté,3,3,4,0,1,1,1,0,1,-1,2,2,1,0,0,1,39.0,36.0,voiture,voiture,1,1,1,2,3
201900024107,2019-01-21 07:15:00,2019,1,21,7,15,1,01032,D84B - Place de la valbonne,45.8486143,5.1240814,Nuit avec éclairage allumé,En agglomération,Hors intersection,Normale,Autre collision,3,2,2,0,1,1,1,0,1,50,1,2,1,0,1,0,18.0,,deux_roues,,5,2,1,1,6
201900024108,2019-01-28 17:40:00,2019,1,28,17,40,31,31291,D65,43.599249,1.278209,Nuit avec éclairage non allumé,Hors agglomération,Hors intersection,Pluie légère,Trois véhicules et plus - collisions multiples,3,2,2,0,1,1,2,0,1,80,3,3,1,0,1,1,33.0,46.0,voiture,utilitaire_camion,4,1,1,2,5
201900024109,2019-01-29 07:05:00,2019,1,29,7,5,85,85208,La Fumoire,46.85497,-1.40695,Nuit sans éclairage public,Hors agglomération,Hors intersection,Pluie légère,Deux véhicules - côté,3,2,2,0,2,1,2,0,1,80,2,2,1,0,1,0,59.0,29.0,voiture,utilitaire_camion,3,1,1,2,3
201900024110,2019-01-28 19:15:00,2019,1,28,19,15,49,49021,"Route départementale 7, route de la MENITRE",47.433714,-0.225887,Nuit sans éclairage public,Hors agglomération,Hors intersection,Normale,Deux véhicules - arrière,3,2,2,0,1,1,1,0,1,80,2,2,1,0,1,0,53.0,62.0,voiture,deux_roues,3,1,1,1,2
201900024111,2019-01-26 04:00:00,2019,1,26,4,0,69,69290,A46S   40.883 A 43.680,45.69046,4.96588,Nuit sans éclairage public,Hors agglomération,Hors intersection,Normale,Deux véhicules - arrière,1,1,2,0,2,1,1,0,1,90,2,2,1,0,0,1,56.0,59.0,voiture,voiture,3,1,1,1,2
201900024112,2019-01-27 06:12:00,2019,1,27,6,12,33,33167,ROUTE NATIONALE 230,44.82185,-0.51523,Nuit avec éclairage non allumé,Hors agglomération,Hors intersection,Pluie légère,Autre collision,2,3,6,0,4,1,2,0,1,90,1,2,0,0,1,1,37.0,,utilitaire_camion,,4,1,1,2,6