accident_id,datetime,annee,mois,jour,heure,minute,departement,commune_insee,adresse,latitude,longitude,luminosite,agglomeration,intersection,meteo,collision,catr,circ,nbv,vosp,prof,plan,surf,infra,situ,vma,nb_vehicules,nb_usagers,nb_indemnes,nb_tues,nb_blesses_hosp,nb_blesses_legers,age_cond_1,age_cond_2,veh_type_cond_1,veh_type_cond_2,lum_code,agg_code,int_code,atm_code,col_code
201900024204,2019-10-08 12:20:00,2019,10,8,12,20,54,54395,LECLERC (AV. DU GENE,48.68412,6.18595,Plein jour,En agglomération,Intersection en X,Pluie légère,Deux véhicules - côté,4,2,8,3,1,1,1,0,1,50,2,2,1,0,0,1,65.0,15.0,voiture,deux_roues,1,2,2,2,3
201900024205,2019-10-08 20:21:00,2019,10,8,20,21,45,45302,RUE MARCEL PAUL,47.9432525,1.9073716,Nuit avec éclairage allumé,En agglomération,Autre intersection,Temps couvert,Deux véhicules - côté,4,-1,0,0,1,1,1,2,1,50,2,2,1,0,1,0,61.0,48.0,voiture,deux_roues,5,2,9,8,3
201900024206,2019-07-06 11:20:00,2019,7,6,11,20,41,41018,FONTAINE (RUE JEAN DE LA),47.58025,1.30043,Plein jour,En agglomération,Hors intersection,Normale,Deux véhicules - côté,4,2,2,0,1,1,1,0,1,50,2,2,1,0,0,1,12.0,29.0,deux_roues,voiture,1,2,1,1,3
201900024207,2019-10-09 12:40:00,2019,10,9,12,40,38,38544,CD 41,45.51753,4.91173,Plein jour,En agglomération,Hors intersection,Pluie légère,Deux véhicules - frontale,3,2,2,0,2,1,2,0,1,70,2,2,1,0,0,1,22.0,19.0,voiture,voiture,1,2,1,2,1
201900024208,2019-09-18 18:49:00,2019,9,18,18,49,17,17461,ROCHE (DE LA),45.6479,-1.0548,Plein jour,En agglomération,Hors intersection,Temps éblouissant,Deux véhicules - frontale,4,2,2,0,1,1,1,0,1,50,2,4,3,0,0,1,74.0,74.0,voiture,voiture,1,2,1,7,1
201900024209,2019-10-08 17:45:00,2019,10,8,17,45,13,13204,BERANGER (RUE),43.30388,5.4026,Plein jour,En agglomération,Hors intersection,Normale,Autre collision,4,1,1,0,2,1,1,0,1,50,1,2,1,0,1,0,67.0,,voiture,,1,2,1,1,6
201900024210,2019-10-09 07:30:00,2019,10,9,7,30,988,98818,FLAUBERT (RUE GUSTAVE),-22.28299,166.44333,Plein jour,En agglomération,Intersection en T,Pluie forte,Autre collision,4,1,2,2,2,3,2,0,1,30,1,1,0,0,0,1,20.0,,voiture,,1,2,3,3,6
201900024211,2019-10-09 17:30:00,2019,10,9,17,30,973,97309,SUZINI (CARREFOUR),4.92649,-52.28998,Plein jour,En agglomération,Giratoire,Normale,Deux véhicules - côté,3,2,2,0,1,1,1,0,1,50,2,3,1,0,0,2,47.0,21.0,deux_roues,voiture,1,2,6,1,3
201900024212,2019-10-08 17:55:00,2019,10,8,17,55,973,97302,MANGO (ROUTE),4.9296032,-52.3151103,Plein jour,En agglomération,Intersection en X,Normale,Autre collision,3,2,2,0,1,1,1,0,1,50,1,2,1,0,0,1,46.0,,voiture,,1,2,2,1,6
201900024213,2019-10-09 12:45:00,2019,10,9,12,45,69,69387,JEAN JAURES                         (AV),45.74886,4.84405,Plein jour,En agglomération,Intersection en X,Normale,Deux véhicules - côté,4,2,4,3,1,1,1,0,1,50,2,2,1,0,0,1,58.0,35.0,voiture,deux_roues,1,2,2,1,3
201900024214,2019-10-09 08:30:00,2019,10,9,8,30,69,69387,GUILLOTIERE (DE LA)                 (GR),45.750431,4.84985,Plein jour,En agglomération,Intersection en X,Pluie légère,Autre collision,4,1,3,1,1,1,2,0,1,30,1,2,1,0,0,1,52.0,,voiture,,1,2,2,2,6
201900024215,2019-10-09 08:00:00,2019,10,9,8,0,69,69387,GUILLOTIERE (DE LA)                 (PT),45.75647,4.83944,Crépuscule ou aube,En agglomération,Hors intersection,Pluie légère,Sans collision,7,2,5,1,1,1,2,2,1,50,1,1,0,0,0,1,15.0,,deux_roues,,2,2,1,2,7
201900024216,2019-10-08 11:40:00,2019,10,8,11,40,972,97209,RN9,14.61166,-61.04267,Plein jour,Hors agglomération,Giratoire,Normale,Deux véhicules - côté,2,3,2,0,1,2,1,0,1,70,2,2,1,0,0,1,43.0,19.0,voiture,deux_roues,1,1,6,1,3
201900024217,2019-10-08 18:30:00,2019,10,8,18,30,972,97209,RD 41 (ROCADE),14.615613,-61.053528,Nuit avec éclairage allumé,En agglomération,Hors intersection,Normale,Deux véhicules - arrière,3,2,4,0,1,1,1,9,1,60,2,2,0,0,0,2,41.0,33.0,voiture,utilitaire_camion,5,2,1,1,2
201900024218,2019-10-07 07:53:00,2019,10,7,7,53,972,97209,BALATA (ROUTE DE),14.63227,-61.07329,Plein jour,En agglomération,Hors intersection,Pluie légère,Deux véhicules - côté,2,2,2,0,2,1,2,0,1,50,2,2,1,0,0,1,64.0,46.0,voiture,deux_roues,1,2,1,2,3
201900024219,2019-10-09 16:25:00,2019,10,9,16,25,69,69389,ST CYR (DE)                         (R ),45.78732,4.80856,Plein jour,En agglomération,Hors intersection,Normale,Trois véhicules et plus - en chaîne,4,2,4,2,1,1,1,0,1,50,3,5,1,0,0,4,72.0,60.0,voiture,voiture,1,2,1,1,4
201900024220,2019-10-09 14:30:00,2019,10,9,14,30,69,69389,ROSA PARKS                        (AV),45.78678,4.78683,Plein jour,En agglomération,Intersection en T,Normale,Deux véhicules - côté,4,2,2,0,1,1,1,0,1,50,2,2,1,0,0,1,41.0,69.0,voiture,deux_roues,1,2,3,1,3
201900024221,2019-10-09 07:25:00,2019,10,9,7,25,69,69286,Route de Strasbourg,45.81328,4.88754,Nuit avec éclairage non allumé,En agglomération,Intersection en T,Pluie légère,Deux véhicules - côté,3,2,2,0,1,1,2,0,1,50,2,2,1,0,0,1,18.0,21.0,deux_roues,voiture,4,2,3,2,3
201900024222,2019-10-09 06:40:00,2019,10,9,6,40,69,69382,TILSITT                             (QU),45.7551,4.8259,Nuit avec éclairage allumé,En agglomération,Hors intersection,Normale,Deux véhicules - arrière,7,1,3,3,1,1,1,0,1,50,2,2,1,0,0,1,23.0,29.0,voiture,voiture,5,2,1,1,2
201900024223,2019-10-08 08:00:00,2019,10,8,8,0,69,69081,MONT LOUIS (DE)                         ,45.78979,4.78832,Plein jour,En agglomération,Intersection en T,Temps couvert,Trois véhicules et plus - collisions multiples,4,2,2,0,1,1,1,0,1,50,3,2,1,0,0,1,52.0,52.0,voiture,voiture,1,2,3,8,5
201900024224,2019-10-09 21:25:00,2019,10,9,21,25,2B,2B033,BASSANESE - HLM,42.68,9.44,Nuit avec éclairage allumé,En agglomération,Hors intersection,Normale,Sans collision,4,2,2,0,2,1,1,0,1,50,1,1,0,0,0,1,49.0,,deux_roues,,5,2,1,1,7
201900024225,2019-10-09 11:22:00,2019,10,9,11,22,2A,2A004,BIANCAMARIA COLONEL ET CAPITAINE AVE,41.93354,8.73705,Plein jour,En agglomération,Intersection en T,Normale,Deux véhicules - arrière,4,2,2,0,3,1,1,0,1,50,2,2,1,0,0,1,32.0,38.0,voiture,deux_roues,1,2,3,1,2
201900024226,2019-10-09 23:40:00,2019,10,9,23,40,95,95539,DIVISION LECLERC (AVENUE DE LA ),48.995998,2.350731,Nuit avec éclairage allumé,En agglomération,Intersection à plus de 4 branches,Normale,Trois véhicules et plus - collisions multiples,3,2,2,0,1,1,1,0,1,50,3,4,2,0,0,2,38.0,66.0,voiture,voiture,5,2,5,1,5
201900024227,2019-10-08 06:05:00,2019,10,8,6,5,95,95500,PLACE NOTRE-DAME ,49.04937,2.09269,Nuit avec éclairage allumé,En agglomération,Hors intersection,Pluie forte,Autre collision,6,-1,0,0,1,1,2,9,1,30,1,2,1,1,0,0,47.0,,utilitaire_camion,,5,2,1,3,6
201900024228,2019-10-09 18:15:00,2019,10,9,18,15,91,91691,RAYMOND POINCARE(RUE),48.7227,2.49959,Plein jour,En agglomération,Hors intersection,Pluie légère,Deux véhicules - arrière,4,2,2,0,1,1,2,0,1,50,2,2,1,0,0,1,47.0,34.0,voiture,deux_roues,1,2,1,2,2
201900024229,2019-10-09 18:40:00,2019,10,9,18,40,91,91174,08 MAI 1945 (AVENUE),48.61086,2.4513,Plein jour,En agglomération,Hors intersection,Normale,Autre collision,3,2,2,0,1,1,1,0,1,50,2,2,1,0,0,1,39.0,19.0,utilitaire_camion,deux_roues,1,2,1,1,6
201900024230,2019-10-09 12:19:00,2019,10,9,12,19,87,87085,TOULOUSE (RUE DE),45.82105,1.27617,Plein jour,En agglomération,Hors intersection,Normale,Deux véhicules - arrière,4,2,2,0,1,1,2,0,1,50,2,2,1,0,0,1,48.0,20.0,voiture,voiture,1,2,1,1,2
201900024231,2019-10-08 11:14:00,2019,10,8,11,14,87,87085,GROSSEREIX (ROND POINT DE),45.89393,1.29392,Plein jour,Hors agglomération,Giratoire,Pluie légère,Sans collision,2,1,2,0,1,2,8,5,1,50,1,1,0,0,0,1,51.0,,deux_roues,,1,1,6,2,7
201900024232,2019-10-09 17:45:00,2019,10,9,17,45,85,85191,GUTEMBERG RUE (SECTEUR 311),46.68048,-1.4301,Plein jour,En agglomération,Intersection en X,Normale,Deux véhicules - frontale,3,2,2,0,1,2,1,0,1,50,2,2,1,0,0,1,52.0,23.0,deux_roues,voiture,1,2,2,1,1
201900024233,2019-10-08 14:15:00,2019,10,8,14,15,83,83126,RENOIR (AV AUGUSTE),43.08417,5.86611,Plein jour,Hors agglomération,Hors intersection,Normale,Autre collision,3,3,2,0,1,1,1,0,1,50,1,2,1,0,0,1,66.0,,voiture,,1,1,1,1,6
201900024234,2019-10-08 12:38:00,2019,10,8,12,38,83,83126,ECHANGEUR D'OLLIOULES,43.11927,5.8527,Plein jour,Hors agglomération,Autre intersection,Normale,Deux véhicules - arrière,3,1,2,0,1,1,1,3,1,50,2,2,1,0,1,0,42.0,42.0,deux_roues,voiture,1,1,9,1,2
201900024235,2019-10-08 08:00:00,2019,10,8,8,0,80,80021,TERRAL (RUE),49.910486,2.293642,Crépuscule ou aube,En agglomération,Hors intersection,Temps couvert,Autre collision,4,2,2,0,1,3,2,9,1,50,1,2,1,0,0,1,24.0,,voiture,,2,2,1,8,6
201900024236,2019-10-07 19:15:00,2019,10,7,19,15,80,80021,BELU (QUAI),49.89807,2.31047,Nuit avec éclairage allumé,En agglomération,Hors intersection,Pluie légère,Autre collision,9,-1,1,3,1,1,2,6,1,30,1,2,1,0,0,1,29.0,,deux_roues,,5,2,1,2,6
201900024237,2019-10-08 18:15:00,2019,10,8,18,15,78,78440,PAUL RAOULT (AVENUE),48.981992,1.912307,Plein jour,En agglomération,Hors intersection,Normale,Trois véhicules et plus - collisions multiples,3,1,2,0,1,1,1,0,1,50,4,4,3,0,0,1,21.0,31.0,voiture,transport_commun,1,2,1,1,5
201900024238,2019-09-30 19:25:00,2019,9,30,19,25,77,77123,MOULIN DE L'OUACRE (CHEMIN RURAL DIT DU),48.9858281,2.6691273,Plein jour,Hors agglomération,Hors intersection,Temps couvert,Autre collision,4,2,1,0,1,2,2,0,1,50,1,1,0,0,1,0,20.0,,autre,,1,1,1,8,6
201900024239,2019-10-08 06:25:00,2019,10,8,6,25,77,77131,D934 X RUE LEON LAHITTE,48.8014747,3.0865428,Nuit avec éclairage allumé,En agglomération,Intersection en X,Pluie forte,Autre collision,3,2,2,0,2,1,2,0,1,50,1,1,0,0,1,0,,,,,5,2,2,3,6
201900024240,2019-10-07 17:15:00,2019,10,7,17,15,76,76212,LYONS LA FORET. ROUTE DE,49.43527,1.14864,Plein jour,En agglomération,Hors intersection,Normale,Trois véhicules et plus - collisions multiples,3,1,2,0,1,1,1,0,1,70,3,3,2,0,0,1,36.0,38.0,voiture,deux_roues,1,2,1,1,5
201900024241,2019-10-08 19:20:00,2019,10,8,19,20,72,72181,CLEMENCEAU GEORGES ( BD) N° PAIRS,47.9784,0.2137,Nuit avec éclairage allumé,En agglomération,Hors intersection,Normale,Autre collision,4,3,6,0,1,1,1,1,1,50,1,2,1,0,0,1,59.0,,voiture,,5,2,1,1,6
201900024242,2019-10-09 18:00:00,2019,10,9,18,0,69,69282,REPUBLIQUE (DE)                     (R ),45.76951,4.98766,Plein jour,En agglomération,Intersection en X,Normale,Deux véhicules - arrière,4,2,3,0,1,1,1,0,1,50,2,3,1,0,0,2,28.0,27.0,voiture,voiture,1,2,2,1,2
201900024243,2019-10-09 16:40:00,2019,10,9,16,40,69,69256,HENRI BARBUSSE                      (AV),45.78232,4.91801,Plein jour,En agglomération,Hors intersection,Normale,Autre collision,4,2,2,0,1,1,2,0,1,50,1,2,1,0,0,1,56.0,,voiture,,1,2,1,1,6
201900024244,2019-10-09 08:35:00,2019,10,9,8,35,67,67447,SCHILTIGHEIM,48.613191,7.710635,Plein jour,En agglomération,Hors intersection,Temps couvert,Autre collision,4,2,2,0,1,3,1,0,1,50,1,2,1,0,0,1,45.0,,deux_roues,,1,2,1,8,6
201900024245,2019-10-08 09:17:00,2019,10,8,9,17,66,66136,Napoleon Joseph Sarda-Garriga ( rue de ),42.69235,2.87996,Plein jour,En agglomération,Hors intersection,Normale,Autre collision,4,2,2,0,1,1,1,0,1,50,1,2,1,0,0,1,24.0,,voiture,,1,2,1,1,6
201900024246,2019-10-08 10:00:00,2019,10,8,10,0,66,66136,CANIGOU AVENUE DU,42.68882,2.87889,Plein jour,En agglomération,Intersection en X,Normale,Deux véhicules - côté,4,2,2,0,1,1,1,0,1,50,2,1,0,0,1,0,46.0,,deux_roues,,1,2,2,1,3
201900024247,2019-10-10 23:15:00,2019,10,10,23,15,64,64024,ADOUR (AVENUE DE L'),43.52694,-1.52047,Nuit avec éclairage allumé,En agglomération,Hors intersection,Normale,Autre collision,6,-1,0,0,1,1,1,0,8,30,1,3,0,0,0,3,21.0,,voiture,,5,2,1,1,6
201900024248,2019-10-08 18:10:00,2019,10,8,18,10,64,64102,SOULT (AVENUE MARECHAL),43.48571,-1.49136,Plein jour,En agglomération,Intersection en Y,Normale,Deux véhicules - côté,3,3,4,3,2,1,1,0,1,50,2,2,1,0,0,1,16.0,57.0,deux_roues,voiture,1,2,4,1,3
201900024249,2019-10-08 09:25:00,2019,10,8,9,25,64,64102,HAURANNNE (AVENUE DUVERGIER DE),43.48091,-1.46351,Plein jour,En agglomération,Hors intersection,Normale,Deux véhicules - côté,4,2,3,2,1,1,1,0,1,50,2,2,1,0,0,1,41.0,21.0,deux_roues,voiture,1,2,1,1,3
201900024250,2019-10-09 14:25:00,2019,10,9,14,25,62,62270,CD 301,50.458788,2.540159,Plein jour,Hors agglomération,Hors intersection,Pluie forte,Deux véhicules - frontale,3,2,2,0,2,1,2,0,1,90,2,3,0,0,3,0,47.0,37.0,utilitaire_camion,voiture,1,1,1,3,1
201900024251,2019-10-05 18:00:00,2019,10,5,18,0,62,62160,GRANDE RUE,50.72558,1.61125,Plein jour,En agglomération,Hors intersection,Normale,Sans collision,4,1,2,0,3,2,1,0,1,50,1,1,0,0,1,0,28.0,,deux_roues,,1,2,1,1,7
201900024252,2019-10-06 19:30:00,2019,10,6,19,30,59,59295,AVENUE JEAN BART,50.7316,2.54356,Nuit avec éclairage allumé,En agglomération,Giratoire,Pluie forte,Autre collision,4,2,2,0,1,1,2,5,1,30,1,2,1,0,1,0,71.0,,utilitaire_camion,,5,2,6,3,6
201900024253,2019-10-08 19:55:00,2019,10,8,19,55,59,59153,MONS (RUE DE ),50.45837,3.5945,Nuit avec éclairage allumé,En agglomération,Hors intersection,Pluie légère,Sans collision,4,2,2,0,1,1,2,0,1,50,1,1,0,0,1,0,54.0,,deux_roues,,5,2,1,2,7
201900024254,2019-10-07 17:15:00,2019,10,7,17,15,58,58194,SAINT BENIN,46.987,3.1462,Plein jour,Hors agglomération,Hors intersection,Normale,Deux véhicules - frontale,4,2,2,0,1,3,1,0,1,50,2,2,1,0,0,1,57.0,15.0,voiture,deux_roues,1,1,1,1,1
201900024255,2019-10-06 06:54:00,2019,10,6,6,54,56,56083,RN 165,47.78788,-3.27767,Nuit sans éclairage public,Hors agglomération,Hors intersection,Temps couvert,Autre collision,2,1,1,0,1,3,2,3,1,70,1,5,0,0,2,3,27.0,,voiture,,3,1,1,8,6
201900024256,2019-10-09 16:10:00,2019,10,9,16,10,51,51454,BOULEVARD DE LA PAIX,49.255096,4.0402472,Plein jour,En agglomération,Intersection en X,Pluie légère,Autre collision,3,2,2,0,1,1,2,0,1,50,1,2,1,0,0,1,51.0,,utilitaire_camion,,1,2,2,2,6
201900024257,2019-10-09 07:53:00,2019,10,9,7,53,50,50173,BENECERE (AVENUE DE),49.65879,-1.68749,Crépuscule ou aube,En agglomération,Intersection en X,Pluie forte,Trois véhicules et plus - collisions multiples,3,2,2,0,1,1,2,5,1,50,3,3,2,0,0,1,31.0,44.0,voiture,voiture,2,2,2,3,5
201900024258,2019-10-05 18:10:00,2019,10,5,18,10,50,50602,VAL CANU (RUE DU),49.63815,-1.54502,Plein jour,Hors agglomération,Hors intersection,Normale,Trois véhicules et plus - en chaîne,3,2,2,0,2,1,2,0,1,70,4,5,2,0,0,3,29.0,69.0,voiture,voiture,1,1,1,1,4
201900024259,2019-10-08 14:31:00,2019,10,8,14,31,49,49007,STRASBOURG BOULEVARD,47.4572188,-0.5440275,Plein jour,En agglomération,Hors intersection,Normale,Deux véhicules - côté,4,-1,1,0,1,1,1,0,1,30,2,2,1,0,0,1,62.0,56.0,voiture,voiture,1,2,1,1,3
201900024260,2019-10-08 10:29:00,2019,10,8,10,29,49,49246,MONNAIE CHEMIN,47.445284,-0.5135314,Plein jour,En agglomération,Hors intersection,Pluie légère,Deux véhicules - frontale,4,2,2,0,1,1,2,0,1,50,2,2,0,0,0,2,21.0,23.0,voiture,voiture,1,2,1,2,1
201900024261,2019-10-08 20:50:00,2019,10,8,20,50,45,45004,RD 2060,47.9967809,2.7789451,Nuit sans éclairage public,Hors agglomération,Hors intersection,Temps couvert,Deux véhicules - côté,3,2,2,0,1,1,2,0,1,90,2,4,2,0,1,1,48.0,49.0,voiture,utilitaire_camion,3,1,1,8,3
201900024262,2019-10-09 12:05:00,2019,10,9,12,5,43,43157,JOFFRE (BD. MARECHAL),45.04754,3.8929,Plein jour,En agglomération,Hors intersection,Pluie légère,Deux véhicules - côté,2,2,3,0,1,1,2,0,1,50,2,2,1,0,1,0,39.0,22.0,deux_roues,voiture,1,2,1,2,3
201900024263,2019-10-09 20:30:00,2019,10,9,20,30,41,41018,BRIAND (QUAI ARISTIDE),47.57678,1.32831,Nuit avec éclairage allumé,En agglomération,Hors intersection,Normale,Autre collision,4,2,2,0,1,1,1,0,1,50,1,2,0,0,0,2,60.0,,utilitaire_camion,,5,2,1,1,6
201900024264,2019-10-10 01:10:00,2019,10,10,1,10,37,37233,ERIDENCE (RUE DE L'),47.3928,0.7214,Nuit avec éclairage allumé,En agglomération,Hors intersection,Normale,Autre collision,4,2,2,0,1,1,1,0,1,50,1,1,0,0,1,0,,,,,5,2,1,1,6
201900024265,2019-10-09 12:50:00,2019,10,9,12,50,37,37261,BERANGER (BOULEVARD),47.38945,0.68277,Plein jour,En agglomération,Hors intersection,Normale,Sans collision,4,3,2,0,1,1,1,0,1,50,1,1,0,0,0,1,56.0,,deux_roues,,1,2,1,1,7
201900024266,2019-10-09 00:30:00,2019,10,9,0,30,34,34172,8 MAI 1945 (PLACE DU),43.6011,3.86823,Nuit avec éclairage allumé,En agglomération,Intersection en X,Normale,Deux véhicules - côté,4,1,2,0,1,1,1,0,1,50,2,2,1,0,0,1,27.0,43.0,voiture,deux_roues,5,2,2,1,3
201900024267,2019-10-09 15:32:00,2019,10,9,15,32,32,32013,DURAN (ROUTE DE),43.65691,0.56057,Plein jour,Hors agglomération,Hors intersection,Normale,Deux véhicules - arrière,4,2,-1,0,1,1,1,0,1,50,2,2,1,0,0,1,15.0,53.0,deux_roues,voiture,1,1,1,1,2
201900024268,2019-10-09 06:35:00,2019,10,9,6,35,31,31557,TARBES (ROUTE DE),43.58,1.33277,Nuit avec éclairage allumé,En agglomération,Hors intersection,Normale,Deux véhicules - côté,3,2,2,0,1,1,2,0,1,50,2,2,1,0,1,0,59.0,26.0,deux_roues,voiture,5,2,1,1,3
201900024269,2019-10-08 17:45:00,2019,10,8,17,45,31,31557,RD PT TERRE ENVOL,43.59478,1.3258,Plein jour,En agglomération,Giratoire,Normale,Deux véhicules - côté,4,2,2,0,1,1,1,0,1,50,2,2,1,0,0,1,26.0,22.0,deux_roues,voiture,1,2,6,1,3
201900024270,2019-10-09 00:10:00,2019,10,9,0,10,31,31555,AV DE FRONTON,43.64307,1.43351,Nuit avec éclairage allumé,En agglomération,Hors intersection,Normale,Autre collision,3,2,2,0,1,1,1,0,1,50,1,1,0,0,1,0,54.0,,voiture,,5,2,1,1,6
201900024271,2019-10-09 06:25:00,2019,10,9,6,25,29,29039,RD 44,47.9184,-3.93267,Nuit sans éclairage public,Hors agglomération,Hors intersection,Pluie légère,Sans collision,3,2,2,0,1,1,2,8,1,50,1,1,0,0,1,0,53.0,,deux_roues,,3,1,1,2,7
201900024272,2019-10-08 13:25:00,2019,10,8,13,25,28,28134,RN 12 (LES CHATELETS),48.7467,1.3897,Plein jour,Hors agglomération,Hors intersection,Pluie forte,Deux véhicules - côté,2,1,2,0,1,2,2,0,1,90,2,2,1,0,0,1,58.0,45.0,voiture,voiture,1,1,1,3,3
201900024273,2019-10-08 06:25:00,2019,10,8,6,25,28,28134,KENNEDY (AVENUE DU PRESIDENT),48.72945,1.38308,Nuit avec éclairage allumé,En agglomération,Intersection en T,Pluie légère,Autre collision,4,2,2,0,1,1,2,5,1,15,1,2,1,0,0,1,59.0,,voiture,,5,2,3,2,6
201900024274,2019-10-09 17:05:00,2019,10,9,17,5,27,27681,JAURES (BOULEVARD JAURES),49.09588,1.46534,Plein jour,En agglomération,Hors intersection,Pluie légère,Deux véhicules - arrière,7,2,2,0,1,1,2,0,1,50,2,4,3,0,0,1,36.0,57.0,utilitaire_camion,utilitaire_camion,1,2,1,2,2
201900024275,2019-10-09 16:46:00,2019,10,9,16,46,25,25056,DOLE RUE DE (sup 200),47.22655,5.97854,Plein jour,En agglomération,Hors intersection,Temps couvert,Trois véhicules et plus - en chaîne,3,3,3,0,4,1,1,3,1,50,4,4,1,0,0,3,29.0,32.0,voiture,voiture,1,2,1,8,4
201900024276,2019-10-07 08:00:00,2019,10,7,8,0,22,22278,CHAPTAL,48.5126669,-2.7378285,Nuit avec éclairage allumé,En agglomération,Hors intersection,Pluie légère,Autre collision,4,2,2,2,1,1,2,0,1,50,1,2,1,0,1,0,44.0,,voiture,,5,2,1,2,6
201900024277,2019-10-08 12:00:00,2019,10,8,12,0,19,19031,ROLLAND (RUE ROMAIN) JUSQU'A N° 86 -61,45.16066,1.52316,Plein jour,En agglomération,Intersection en X,Normale,Deux véhicules - côté,4,1,2,0,1,1,1,0,1,50,2,2,1,0,0,1,23.0,59.0,voiture,voiture,1,2,2,1,3
201900024278,2019-10-01 16:30:00,2019,10,1,16,30,13,13039,ROUTE NATIONALE 569,43.466287,4.932136,Plein jour,Hors agglomération,Hors intersection,Normale,Deux véhicules - côté,2,2,2,0,1,1,1,0,1,80,2,2,1,0,1,0,40.0,37.0,deux_roues,voiture,1,1,1,1,3
201900024279,2019-10-09 13:45:00,2019,10,9,13,45,13,13212,SAINT JULIEN (AVENUE DE ),43.305997,5.419044,Plein jour,En agglomération,Hors intersection,Normale,Autre collision,4,-1,2,0,1,1,1,0,1,50,1,2,1,0,1,0,55.0,,voiture,,1,2,1,1,6
201900024280,2019-10-09 06:40:00,2019,10,9,6,40,13,13208,MENDES FRANCE (AVENUE),43.2595,5.3757,Nuit avec éclairage allumé,En agglomération,Hors intersection,Normale,Autre collision,4,2,5,0,1,1,1,0,1,50,1,1,0,0,1,0,59.0,,voiture,,5,2,1,1,6
201900024281,2019-10-08 12:25:00,2019,10,8,12,25,10,10362,ROCADE OUEST (RD 610),48.2821418,4.0399458,Plein jour,Hors agglomération,Hors intersection,Pluie légère,Trois véhicules et plus - en chaîne,3,1,4,0,1,1,2,0,1,110,3,6,0,0,1,5,87.0,54.0,voiture,voiture,1,1,1,2,4
201900024282,2019-10-08 21:44:00,2019,10,8,21,44,6,06104,CAP MARTIN (PROMENADE DU),43.75717,7.481547,Nuit avec éclairage allumé,En agglomération,Hors intersection,Normale,Autre collision,3,2,2,0,1,1,1,0,1,50,1,3,0,0,0,3,35.0,,deux_roues,,5,2,1,1,6
201900024283,2019-10-07 09:35:00,2019,10,7,9,35,5,05061,LADOUCETTE ( COURS ),44.56145,6.0825,Plein jour,En agglomération,Hors intersection,Normale,Sans collision,2,2,2,0,1,1,1,0,1,50,1,2,1,1,0,0,30.0,,utilitaire_camion,,1,2,1,1,7
201900024284,2019-10-08 13:25:00,2019,10,8,13,25,4,04070,Bd Gambetta,44.089,6.22978,Plein jour,En agglomération,Hors intersection,Normale,Deux véhicules - arrière,4,2,2,0,1,1,1,6,2,50,2,2,1,0,0,1,23.0,60.0,deux_roues,voiture,1,2,1,1,2
201900024285,2019-10-09 17:05:00,2019,10,9,17,5,1,01053,MAIL (AVENUE DU ),46.2017218,5.2085648,Plein jour,En agglomération,Autre intersection,Normale,Deux véhicules - côté,4,2,2,0,1,1,1,0,1,50,2,3,0,0,0,3,41.0,64.0,voiture,voiture,1,2,9,1,3
201900024286,2019-10-09 09:45:00,2019,10,9,9,45,1,01053,ALSACE LORRAINE (AVENUE ),46.20413,5.22422,Plein jour,En agglomération,Intersection en X,Pluie forte,Deux véhicules - côté,4,2,2,0,2,1,2,6,1,50,2,2,1,0,0,1,16.0,76.0,deux_roues,voiture,1,2,2,3,3
201900024287,2019-10-07 08:20:00,2019,10,7,8,20,75,75112,BD PERIPHERIQUE INTERIEUR,48.839578,2.413246,Plein jour,En agglomération,Hors intersection,Normale,Trois véhicules et plus - en chaîne,4,-1,4,0,1,1,1,0,1,70,3,3,2,0,1,0,56.0,26.0,utilitaire_camion,voiture,1,2,1,1,4
201900024288,2019-10-09 10:20:00,2019,10,9,10,20,75,75118,RUE JOSEPH DE MAISTRE,48.8866328,2.3326015,Plein jour,En agglomération,Intersection à plus de 4 branches,Normale,Autre collision,4,1,1,0,1,1,2,0,1,50,1,1,0,0,0,1,,,,,1,2,5,1,6
201900024289,2019-10-09 11:40:00,2019,10,9,11,40,75,75117,RUE DE SAUSSURE,48.889373,2.3070728,Plein jour,En agglomération,Hors intersection,Pluie légère,Deux véhicules - côté,4,1,1,0,1,1,2,0,1,30,2,2,1,0,0,1,61.0,46.0,deux_roues,utilitaire_camion,1,2,1,2,3
201900024290,2019-10-08 19:20:00,2019,10,8,19,20,75,75117,BOULEVARD MALESHERBES,48.8890067,2.3042214,Nuit avec éclairage allumé,En agglomération,Intersection en Y,Pluie légère,Sans collision,4,2,4,0,1,1,2,0,1,50,1,1,0,0,0,1,19.0,,deux_roues,,5,2,4,2,7
201900024291,2019-10-09 09:55:00,2019,10,9,9,55,75,75116,ALLEE DE LONGCHAMP,48.864864,2.243177,Plein jour,En agglomération,Hors intersection,Pluie légère,Deux véhicules - côté,4,2,4,0,1,1,2,0,1,50,2,2,1,0,0,1,48.0,43.0,deux_roues,voiture,1,2,1,2,3
201900024292,2019-10-09 12:32:00,2019,10,9,12,32,75,75116,AVENUE D IENA,48.871138,2.295509,Plein jour,En agglomération,Intersection en T,Normale,Deux véhicules - côté,4,2,2,0,1,1,1,0,1,50,2,2,1,0,0,1,30.0,25.0,voiture,deux_roues,1,2,3,1,3
201900024293,2019-10-09 10:20:00,2019,10,9,10,20,75,75116,AVENUE DU GENERAL SARRAIL,48.8477942,2.2574812,Plein jour,En agglomération,Place,Pluie légère,Autre collision,4,3,2,0,1,1,2,5,1,50,1,2,1,0,0,1,40.0,,deux_roues,,1,2,7,2,6