accident_id,datetime,annee,mois,jour,heure,minute,departement,commune_insee,adresse,latitude,longitude,luminosite,agglomeration,intersection,meteo,collision,catr,circ,nbv,vosp,prof,plan,surf,infra,situ,vma,nb_vehicules,nb_usagers,nb_indemnes,nb_tues,nb_blesses_hosp,nb_blesses_legers,age_cond_1,age_cond_2,veh_type_cond_1,veh_type_cond_2,lum_code,agg_code,int_code,atm_code,col_code
201900024565,2019-09-06 21:30:00,2019,9,6,21,30,69,69199,MATHIEU DUSSURGEY                   (R ),45.712036,4.85511,Nuit avec éclairage allumé,En agglomération,Intersection en T,Normale,Autre collision,7,2,3,0,1,3,1,6,1,50,1,2,1,0,0,1,38.0,,transport_commun,,5,2,3,1,6
201900024566,2019-09-06 17:40:00,2019,9,6,17,40,69,69387,GERLAND (DE)                        (R ),45.74287,4.84133,Plein jour,En agglomération,Hors intersection,Normale,Deux véhicules - arrière,4,2,2,0,1,1,1,0,1,50,2,4,3,0,0,1,32.0,29.0,voiture,voiture,1,2,1,1,2
201900024567,2019-09-06 14:00:00,2019,9,6,14,0,69,69386,MOLIERE                             (R ),45.76658,4.84244,Plein jour,En agglomération,Intersection en X,Normale,Autre collision,4,4,2,1,1,1,1,0,1,30,2,3,2,0,1,0,34.0,20.0,utilitaire_camion,utilitaire_camion,1,2,2,1,6
201900024568,2019-09-06 08:35:00,2019,9,6,8,35,69,69259,MARCEL SEMBAT                       (BD),45.71436,4.8795,Plein jour,En agglomération,Intersection en X,Normale,Deux véhicules - côté,3,3,4,0,1,1,1,5,1,50,2,2,1,0,0,1,43.0,59.0,deux_roues,voiture,1,2,2,1,3
201900024569,2019-09-05 21:30:00,2019,9,5,21,30,69,69383,BANNIERE (DE LA)                    (R ),45.75614,4.85578,Nuit avec éclairage allumé,En agglomération,Intersection en X,Normale,Deux véhicules - côté,7,1,1,0,1,1,1,0,1,50,2,2,1,0,0,1,27.0,29.0,voiture,deux_roues,5,2,2,1,3
201900024570,2019-09-04 21:00:00,2019,9,4,21,0,972,97209,JEAN JAURES (AVENUE),14.60924,-61.07032,Nuit avec éclairage allumé,En agglomération,Intersection en X,Normale,Deux véhicules - côté,3,1,1,0,1,1,1,0,1,50,2,2,1,0,0,1,67.0,,voiture,,5,2,2,1,3
201900024571,2019-09-04 16:20:00,2019,9,4,16,20,972,97209,CLAIRIERE (RUE DE LA),14.60973,-61.07946,Plein jour,En agglomération,Intersection en X,Normale,Deux véhicules - côté,4,2,2,0,1,1,1,0,1,50,2,3,2,0,0,1,49.0,45.0,voiture,voiture,1,2,2,1,3
201900024572,2019-09-07 16:35:00,2019,9,7,16,35,69,69382,JEAN MOULIN                         (QU),45.76394,4.83818,Plein jour,En agglomération,Hors intersection,Normale,Trois véhicules et plus - collisions multiples,7,1,4,2,1,1,1,0,1,50,3,4,3,0,1,0,48.0,44.0,voiture,voiture,1,2,1,1,5
201900024573,2019-09-06 23:30:00,2019,9,6,23,30,69,69034,CLAUDE BAUDRAND                     (R ),45.78791,4.8349,Nuit avec éclairage allumé,En agglomération,Hors intersection,Normale,Autre collision,4,2,2,0,1,1,1,0,1,50,1,1,0,0,1,0,20.0,,voiture,,5,2,1,1,6
201900024574,2019-09-06 14:09:00,2019,9,6,14,9,69,69286,ROUTE DE STRASBOURG                 (RO),45.81392,4.88817,Plein jour,En agglomération,Hors intersection,Normale,Deux véhicules - côté,3,2,2,0,1,1,1,0,1,50,2,2,0,0,0,2,25.0,31.0,voiture,voiture,1,2,1,1,3
201900024575,2019-09-06 17:30:00,2019,9,6,17,30,69,69385,CHOULANS (DE)                       (CH),45.7534,4.81695,Plein jour,En agglomération,Hors intersection,Normale,Deux véhicules - arrière,4,1,2,0,2,1,1,0,2,50,2,2,1,0,0,1,33.0,40.0,voiture,voiture,1,2,1,1,2
201900024576,2019-09-06 16:20:00,2019,9,6,16,20,69,69385,GARDE (DE LA)                       (R ),45.76035,4.78942,Plein jour,En agglomération,Hors intersection,Normale,Autre collision,4,2,2,0,2,1,1,0,1,50,1,1,0,0,0,1,19.0,,voiture,,1,2,1,1,6
201900024577,2019-09-06 15:40:00,2019,9,6,15,40,69,69034,BOUCLE (DE LA)                      (MO),45.78005,4.84048,Plein jour,En agglomération,Hors intersection,Normale,Trois véhicules et plus - en chaîne,4,2,4,0,2,1,1,0,1,50,3,3,2,0,0,1,50.0,69.0,voiture,voiture,1,2,1,1,4
201900024578,2019-09-03 08:50:00,2019,9,3,8,50,69,69286,ROUTE DE FONTAINE                   (RO),45.82282,4.88573,Plein jour,En agglomération,Intersection en T,Normale,Deux véhicules - côté,4,2,2,0,1,1,1,0,1,50,2,3,2,0,0,1,40.0,66.0,utilitaire_camion,deux_roues,1,2,3,1,3
201900024579,2019-09-05 17:45:00,2019,9,5,17,45,69,69381,ST SEBASTIEN                        (MO),45.77312,4.83471,Plein jour,En agglomération,Intersection en X,Normale,Sans collision,4,2,1,0,2,1,1,0,1,50,1,1,0,0,0,1,40.0,,deux_roues,,1,2,2,1,7
201900024580,2019-09-07 09:25:00,2019,9,7,9,25,2B,2B033,11 - RT,42.68587,9.4462,Plein jour,En agglomération,Giratoire,Normale,Deux véhicules - côté,2,3,2,0,1,2,1,5,1,50,2,2,1,0,0,1,49.0,28.0,voiture,deux_roues,1,2,6,1,3
201900024581,2019-09-03 20:25:00,2019,9,3,20,25,971,97113,SECTION COCOYER,16.2417431,-61.4863318,Nuit avec éclairage allumé,Hors agglomération,Intersection en X,Normale,Autre collision,3,2,2,0,1,1,1,0,1,70,1,2,1,0,1,0,69.0,,voiture,,5,1,2,1,6
201900024582,2019-09-06 05:10:00,2019,9,6,5,10,95,95585,CEZANNE (AVENUE PAUL),48.9735506,2.3787813,Nuit avec éclairage allumé,En agglomération,Hors intersection,Normale,Trois véhicules et plus - en chaîne,4,1,1,0,2,3,1,0,1,50,3,4,2,0,0,2,28.0,25.0,voiture,voiture,5,2,1,1,4
201900024583,2019-09-06 19:50:00,2019,9,6,19,50,95,95637,OISE (BOULEVARD DE L'),49.0285,2.0228,Plein jour,En agglomération,Hors intersection,Normale,Autre collision,4,3,2,3,1,1,1,0,4,50,1,3,2,0,1,0,29.0,,voiture,,1,2,1,1,6
201900024584,2019-09-05 08:08:00,2019,9,5,8,8,91,91312,RHIN ET DANUBE (PLACE),48.7358,2.22878,Plein jour,En agglomération,Giratoire,Normale,Deux véhicules - côté,4,4,2,0,1,2,1,0,3,50,2,2,1,0,0,1,40.0,43.0,deux_roues,voiture,1,2,6,1,3
201900024585,2019-09-06 19:20:00,2019,9,6,19,20,91,91201,BERGERIES(ALLEE DES),48.68879,2.43181,Plein jour,En agglomération,Hors intersection,Normale,Autre collision,4,2,2,0,2,1,1,0,1,50,1,2,1,0,0,1,56.0,,voiture,,1,2,1,1,6
201900024586,2019-09-07 13:00:00,2019,9,7,13,0,91,91114,ROUTE NATIONALE 6,48.6781,2.4966,Plein jour,En agglomération,Hors intersection,Normale,Deux véhicules - arrière,2,3,4,0,1,1,1,0,3,50,2,4,3,0,0,1,39.0,40.0,voiture,utilitaire_camion,1,2,1,1,2
201900024587,2019-09-06 15:30:00,2019,9,6,15,30,86,86194,ROCADE EST (RD 162),46.55315,0.30971,Plein jour,En agglomération,Hors intersection,Normale,Deux véhicules - côté,3,3,6,0,1,1,1,0,1,50,2,2,0,0,0,2,20.0,20.0,utilitaire_camion,utilitaire_camion,1,2,1,1,3
201900024588,2019-09-06 03:25:00,2019,9,6,3,25,86,86194,COLIGNY (BOULEVARD),46.5774441,0.3518066,Nuit avec éclairage allumé,En agglomération,Intersection en T,Normale,Deux véhicules - côté,4,2,2,0,2,1,1,0,1,50,2,3,2,0,0,1,51.0,21.0,autre,voiture,5,2,3,1,3
201900024589,2019-09-05 11:40:00,2019,9,5,11,40,85,85194, RUE DU BOCAGE,46.50345,-1.73056,Plein jour,En agglomération,Hors intersection,Normale,Autre collision,4,2,3,0,1,1,1,0,1,50,1,2,1,0,0,1,84.0,,voiture,,1,2,1,1,6
201900024590,2019-09-06 03:40:00,2019,9,6,3,40,84,84087,AVIGNON (ROUTE D'),44.10825,4.85214,Nuit sans éclairage public,Hors agglomération,Hors intersection,Vent fort / tempête,Autre collision,2,2,-1,0,1,1,1,0,1,80,1,1,0,0,1,0,43.0,,voiture,,3,1,1,6,6
201900024591,2019-09-08 00:10:00,2019,9,8,0,10,83,83137,DORMOY (AVE MARX),43.12894,5.96971,Nuit avec éclairage allumé,En agglomération,Hors intersection,Normale,Deux véhicules - côté,4,2,2,0,2,1,1,0,1,50,2,2,1,0,0,1,37.0,53.0,voiture,deux_roues,5,2,1,1,3
201900024592,2019-09-02 18:00:00,2019,9,2,18,0,83,83137,PRUNEAU (AVE GENERAL),43.119338,5.9504575,Crépuscule ou aube,En agglomération,Intersection en T,Normale,Deux véhicules - côté,4,2,2,0,1,1,1,0,1,30,2,2,1,0,0,1,64.0,32.0,voiture,deux_roues,2,2,3,1,3
201900024593,2019-08-01 09:15:00,2019,8,1,9,15,83,83009,BEAUSSET (ROUTE DU),43.14275,5.76803,Plein jour,En agglomération,Giratoire,Normale,Autre collision,3,2,2,0,1,3,1,0,1,50,1,2,1,0,1,0,65.0,,voiture,,1,2,6,1,6
201900024594,2019-08-30 18:30:00,2019,8,30,18,30,83,83069,FRONT DE MER (BOULEVARD),43.11319,6.18915,Plein jour,En agglomération,Hors intersection,Normale,Deux véhicules - côté,3,2,2,1,1,1,1,0,5,70,2,2,1,0,0,1,34.0,51.0,utilitaire_camion,deux_roues,1,2,1,1,3
201900024595,2019-09-05 16:10:00,2019,9,5,16,10,82,82121,AUTOROUTE A20,44.00946,1.38509,Plein jour,Hors agglomération,Hors intersection,Normale,Deux véhicules - côté,1,1,3,0,1,1,1,3,1,90,2,2,1,0,0,1,49.0,54.0,voiture,deux_roues,1,1,1,1,3
201900024596,2019-09-06 18:20:00,2019,9,6,18,20,81,81065,LADEN (RUE DE),43.59756,2.233686,Plein jour,En agglomération,Hors intersection,Normale,Autre collision,4,2,2,0,1,1,1,0,1,50,1,3,2,1,0,0,22.0,,utilitaire_camion,,1,2,1,1,6
201900024597,2019-09-05 08:00:00,2019,9,5,8,0,78,78643,EUROPE BD DE L',48.9729,1.98772,Plein jour,En agglomération,Hors intersection,Normale,Deux véhicules - arrière,3,2,2,0,1,1,1,0,1,50,2,2,1,0,1,0,20.0,23.0,deux_roues,transport_commun,1,2,1,1,2
201900024598,2019-09-06 18:50:00,2019,9,6,18,50,77,77462,RD 9,49.00807,2.67405,Plein jour,En agglomération,Hors intersection,Normale,Autre collision,3,2,2,0,2,1,1,0,1,50,1,2,0,0,0,2,42.0,,voiture,,1,2,1,1,6
201900024599,2019-08-06 12:50:00,2019,8,6,12,50,77,77096,PORT (RUE DU),48.48838,2.69113,Plein jour,En agglomération,Passage à niveau,Normale,Deux véhicules - côté,4,2,1,0,1,1,1,4,1,50,2,2,1,0,1,0,58.0,25.0,transport_commun,voiture,1,2,8,1,3
201900024600,2019-09-05 08:30:00,2019,9,5,8,30,77,77111,HERGE ( AVENUE),48.85718,2.77218,Plein jour,En agglomération,Intersection en X,Normale,Trois véhicules et plus - collisions multiples,4,2,2,0,1,1,1,5,3,50,3,5,2,0,0,3,53.0,77.0,utilitaire_camion,voiture,1,2,2,1,5
201900024601,2019-09-05 17:20:00,2019,9,5,17,20,76,76540,GRAND MARE. TUNNEL DE LA,49.44233,1.13464,Plein jour,Hors agglomération,Hors intersection,Normale,Sans collision,2,2,2,0,1,1,1,1,1,70,1,1,0,0,1,0,59.0,,deux_roues,,1,1,1,1,7
201900024602,2019-09-04 09:10:00,2019,9,4,9,10,76,76108,RN 28 (ROUTE DE NEUFCHATEL),49.45743,1.14401,Plein jour,Hors agglomération,Hors intersection,Normale,Autre collision,2,3,4,0,1,1,1,0,1,90,2,2,1,0,0,1,41.0,31.0,utilitaire_camion,voiture,1,1,1,1,6
201900024603,2019-09-06 06:05:00,2019,9,6,6,5,76,76351,RD 6382,49.5309918,0.1351967,Crépuscule ou aube,Hors agglomération,Hors intersection,Normale,Autre collision,3,3,4,0,3,1,1,0,1,90,1,1,0,0,0,1,36.0,,voiture,,2,1,1,1,6
201900024604,2019-09-05 09:15:00,2019,9,5,9,15,74,74012,BEULET (RUE DU),46.19136,6.24222,Plein jour,En agglomération,Intersection en X,Normale,Deux véhicules - côté,4,2,3,1,1,1,1,0,1,50,2,2,1,0,0,1,34.0,38.0,voiture,deux_roues,1,2,2,1,3
201900024605,2019-09-06 21:48:00,2019,9,6,21,48,72,72181,AUVRAY (RUE) N° PAIRS,48.00057,0.19451,Nuit avec éclairage allumé,En agglomération,Hors intersection,Normale,Deux véhicules - arrière,4,1,2,2,1,1,1,0,1,50,2,4,3,0,0,1,20.0,53.0,voiture,voiture,5,2,1,1,2
201900024606,2019-09-06 17:45:00,2019,9,6,17,45,72,72003,CROIX GEORGETTE (RTE DE LA),47.97167,0.14128,Plein jour,Hors agglomération,Hors intersection,Normale,Deux véhicules - arrière,4,2,2,0,1,1,1,0,1,80,2,2,1,0,0,1,60.0,40.0,voiture,voiture,1,1,1,1,2
201900024607,2019-09-05 08:20:00,2019,9,5,8,20,72,72181,LOUIS BLANC (QUAI),48.01152,0.19751,Plein jour,En agglomération,Hors intersection,Normale,Deux véhicules - arrière,7,2,4,2,1,1,1,0,1,50,2,2,1,0,0,1,17.0,74.0,deux_roues,voiture,1,2,1,1,2
201900024608,2019-09-07 15:25:00,2019,9,7,15,25,71,71306,ROLLIN (RUE DU CHANCELIER),46.68064,4.37947,Plein jour,En agglomération,Intersection en X,Pluie légère,Deux véhicules - côté,4,2,2,0,1,1,1,0,1,50,2,2,0,0,0,2,22.0,31.0,voiture,voiture,1,2,2,2,3
201900024609,2019-09-06 09:13:00,2019,9,6,9,13,71,71306,DE LATTRE DE TASSIGNY (BLD DU MARECHAL),46.67604,4.37608,Plein jour,En agglomération,Hors intersection,Normale,Deux véhicules - côté,4,1,2,0,1,2,1,9,1,50,2,2,1,0,1,0,77.0,76.0,deux_roues,voiture,1,2,1,1,3
201900024610,2019-09-07 00:55:00,2019,9,7,0,55,69,69290,GARIBALDI                           (R ),45.68496,4.94675,Nuit avec éclairage allumé,En agglomération,Hors intersection,Normale,Autre collision,6,1,1,0,1,2,1,0,1,30,1,2,1,0,0,1,27.0,,voiture,,5,2,1,1,6
201900024611,2019-09-07 14:00:00,2019,9,7,14,0,69,69256,SALVADOR ALLENDE                    (AV),45.78065,4.9234,Plein jour,En agglomération,Intersection en X,Normale,Autre collision,4,2,2,0,1,1,1,6,4,50,1,2,1,0,0,1,17.0,,deux_roues,,1,2,2,1,6
201900024612,2019-09-07 15:00:00,2019,9,7,15,0,69,69290,PORTE DES ALPES (DE LA) - BD URBAIN (BD),45.71691,4.92804,Plein jour,En agglomération,Intersection en X,Normale,Deux véhicules - frontale,4,2,4,0,1,1,1,0,1,70,2,2,1,0,0,1,56.0,64.0,voiture,voiture,1,2,2,1,1
201900024613,2019-09-04 22:15:00,2019,9,4,22,15,69,69271,DAUPHINE (DU)                           ,45.73454,4.96603,Nuit avec éclairage allumé,En agglomération,Giratoire,Normale,Deux véhicules - côté,4,1,2,0,1,3,1,0,1,50,2,2,1,0,1,0,25.0,29.0,utilitaire_camion,voiture,5,2,6,1,3
201900024614,2019-09-05 17:50:00,2019,9,5,17,50,69,69266,RACINE          (Rue),45.76786,4.87796,Plein jour,En agglomération,Intersection en T,Normale,Autre collision,4,-1,2,0,1,1,1,0,1,50,1,2,1,0,0,1,32.0,,voiture,,1,2,3,1,6
201900024615,2019-09-05 17:15:00,2019,9,5,17,15,69,69266,KIMMERLING    (Place),45.7536,4.8987,Plein jour,En agglomération,Place,Normale,Deux véhicules - arrière,7,1,2,0,1,1,1,0,1,50,2,2,1,0,0,1,41.0,25.0,deux_roues,voiture,1,2,7,1,2
201900024616,2019-09-04 09:00:00,2019,9,4,9,0,69,69256,MAURICE AUDIN                       (R ),45.77822,4.920526,Plein jour,En agglomération,Hors intersection,Normale,Deux véhicules - frontale,4,2,2,0,1,2,1,0,1,50,2,2,0,0,0,2,26.0,58.0,voiture,voiture,1,2,1,1,1
201900024617,2019-09-07 08:50:00,2019,9,7,8,50,69,69092,DE L'OASIS (rond point),46.00769,4.71328,Plein jour,Hors agglomération,Giratoire,Normale,Deux véhicules - arrière,4,1,1,0,1,2,1,0,1,50,2,2,1,0,0,1,33.0,69.0,deux_roues,utilitaire_camion,1,1,6,1,2
201900024618,2019-09-06 10:45:00,2019,9,6,10,45,67,67482,LEBLOIS (BOULEVARD),48.582251,7.771188,Plein jour,En agglomération,Hors intersection,Normale,Deux véhicules - côté,4,2,3,3,1,1,2,0,1,50,2,2,1,0,0,1,39.0,49.0,deux_roues,voiture,1,2,1,1,3
201900024619,2019-09-05 21:00:00,2019,9,5,21,0,67,67482,ELMERFORST (RUE D ),48.56318,7.71147,Nuit avec éclairage allumé,En agglomération,Hors intersection,Normale,Deux véhicules - côté,4,2,2,3,1,1,1,4,1,50,2,2,1,0,1,0,43.0,20.0,transport_commun,deux_roues,5,2,1,1,3
201900024620,2019-09-04 21:00:00,2019,9,4,21,0,67,67482,OSTWALD (RUE D ),48.562502,7.71049,Nuit avec éclairage allumé,En agglomération,Hors intersection,Normale,Autre collision,4,2,2,0,1,2,1,0,1,50,1,1,0,0,1,0,18.0,,deux_roues,,5,2,1,1,6
201900024621,2019-09-05 11:30:00,2019,9,5,11,30,67,67462,INDUSTRIE (RUE DE L'),48.28128,7.46515,Plein jour,En agglomération,Hors intersection,Normale,Autre collision,4,2,1,0,1,1,1,0,2,50,1,2,1,0,0,1,58.0,,voiture,,1,2,1,1,6
201900024622,2019-09-04 12:25:00,2019,9,4,12,25,67,67180,RD 1340,48.78982,7.74069,Plein jour,Hors agglomération,Autre intersection,Normale,Autre collision,3,1,3,0,1,1,1,3,1,110,1,2,1,0,0,1,52.0,,utilitaire_camion,,1,1,9,1,6
201900024623,2019-09-06 10:45:00,2019,9,6,10,45,66,66136,Victor Dalbiez (lesage),42.6905,2.88547,Plein jour,En agglomération,Hors intersection,Normale,Autre collision,4,-1,2,0,1,1,1,0,1,50,1,2,1,0,0,1,63.0,,voiture,,1,2,1,1,6
201900024624,2019-09-05 12:15:00,2019,9,5,12,15,66,66136,Etang Long (Chemin),42.74195,2.89451,Plein jour,En agglomération,Hors intersection,Normale,Autre collision,4,2,2,0,1,1,1,0,1,50,2,2,0,0,0,2,74.0,43.0,voiture,voiture,1,2,1,1,6
201900024625,2019-09-07 22:25:00,2019,9,7,22,25,65,65440,44 SAINT-JEAN (RUE),43.2372508,0.0818781,Nuit avec éclairage allumé,En agglomération,Hors intersection,Normale,Deux véhicules - arrière,4,2,2,0,1,1,1,0,1,50,2,3,2,0,1,0,22.0,23.0,voiture,deux_roues,5,2,1,1,2
201900024626,2019-09-07 14:00:00,2019,9,7,14,0,64,64445,TOURASSE,43.31112,-0.36098,Plein jour,En agglomération,Hors intersection,Normale,Deux véhicules - côté,4,2,3,1,1,1,1,0,1,50,2,4,3,0,0,1,35.0,44.0,voiture,voiture,1,2,1,1,3
201900024627,2019-09-05 21:44:00,2019,9,5,21,44,64,64445,BACHAGA BOUALAN,43.31311,-0.36852,Nuit avec éclairage allumé,En agglomération,Giratoire,Normale,Deux véhicules - arrière,4,1,1,0,1,2,1,0,1,50,2,2,1,0,0,1,27.0,48.0,voiture,deux_roues,5,2,6,1,2
201900024628,2019-09-06 01:23:00,2019,9,6,1,23,63,63164,CHARMES (CARREFOUR DES),45.8165598,3.1539177,Nuit avec éclairage allumé,En agglomération,Giratoire,Normale,Deux véhicules - frontale,7,1,2,0,1,2,1,0,1,30,2,2,1,0,0,1,44.0,49.0,deux_roues,voiture,5,2,6,1,1
201900024629,2019-09-05 23:16:00,2019,9,5,23,16,63,63113,SABLON (COURS),45.77184,3.08989,Nuit avec éclairage allumé,En agglomération,Hors intersection,Normale,Deux véhicules - côté,4,1,2,0,1,1,1,0,1,50,2,2,1,0,0,1,20.0,18.0,voiture,deux_roues,5,2,1,1,3
201900024630,2019-09-05 12:20:00,2019,9,5,12,20,63,63070,MONT-DORE (AVENUE DU),45.74792,3.07502,Plein jour,En agglomération,Hors intersection,Normale,Deux véhicules - côté,4,2,2,0,1,1,1,0,1,50,2,2,1,0,0,1,41.0,15.0,voiture,deux_roues,1,2,1,1,3
201900024631,2019-09-04 19:50:00,2019,9,4,19,50,63,63113,FLAUBERT (BD GUSTAVE),45.7673,3.12496,Plein jour,En agglomération,Hors intersection,Normale,Deux véhicules - côté,7,1,2,0,1,1,1,0,3,50,2,2,1,0,0,1,14.0,42.0,deux_roues,voiture,1,2,1,1,3
201900024632,2019-09-03 18:30:00,2019,9,3,18,30,63,63113,FOSSES SOUS LE SEMINAIRE (RUE DES),45.7946,3.11487,Plein jour,En agglomération,Hors intersection,Normale,Trois véhicules et plus - collisions multiples,4,2,2,0,1,1,1,0,1,50,3,3,1,0,0,2,16.0,13.0,deux_roues,deux_roues,1,2,1,1,5
201900024633,2019-09-03 16:28:00,2019,9,3,16,28,63,63113,JOUHAUX (BD LEON),45.7919636,3.1166006,Plein jour,En agglomération,Hors intersection,Normale,Autre collision,4,1,1,0,1,1,1,0,1,30,1,2,1,0,0,1,24.0,,voiture,,1,2,1,1,6
201900024634,2019-09-02 17:50:00,2019,9,2,17,50,62,62525,BOILEAU (RUE NICOLAS....),50.73817,2.27525,Plein jour,En agglomération,Hors intersection,Normale,Autre collision,4,2,1,0,1,1,1,0,1,50,1,3,2,0,0,1,73.0,,voiture,,1,2,1,1,6
201900024635,2019-09-04 20:00:00,2019,9,4,20,0,60,60665,REPUBLIQUE (DE LA),49.41503,2.79491,Plein jour,En agglomération,Hors intersection,Normale,Deux véhicules - côté,3,2,2,0,2,1,1,9,1,50,2,2,1,0,1,0,25.0,46.0,deux_roues,voiture,1,2,1,1,3
201900024636,2019-09-07 03:40:00,2019,9,7,3,40,59,59350,ESPLANADE FACADE,50.64413,3.05213,Nuit avec éclairage allumé,En agglomération,Hors intersection,Temps couvert,Autre collision,7,2,5,0,1,1,2,0,1,50,1,4,0,1,1,2,30.0,,voiture,,5,2,1,8,6
201900024637,2019-08-08 22:00:00,2019,8,8,22,0,59,59560,AVELIN ROUTE D,50.544715,3.05665,Nuit sans éclairage public,Hors agglomération,Hors intersection,Normale,Deux véhicules - frontale,7,2,1,0,1,2,1,0,1,80,2,3,0,0,0,3,73.0,33.0,voiture,voiture,3,1,1,1,1
201900024638,2019-09-05 11:35:00,2019,9,5,11,35,59,59183,DARSES - CHAUSSEE,51.03957,2.35871,Plein jour,Hors agglomération,Autre intersection,Normale,Deux véhicules - arrière,4,2,4,0,1,1,1,0,1,70,2,3,1,0,0,2,23.0,19.0,utilitaire_camion,autre,1,1,9,1,2
201900024639,2019-09-02 13:20:00,2019,9,2,13,20,59,59574,SALENGRO ROGER(RUE),50.37204,3.28013,Plein jour,En agglomération,Hors intersection,Normale,Deux véhicules - frontale,3,2,2,0,1,1,1,0,2,50,2,2,1,0,0,1,50.0,17.0,utilitaire_camion,deux_roues,1,2,1,1,1
201900024640,2019-09-05 22:25:00,2019,9,5,22,25,58,58194,DOCTEUR LEVEILLE,47.0019,3.1459,Nuit avec éclairage allumé,En agglomération,Hors intersection,Normale,Deux véhicules - arrière,4,2,2,0,1,1,1,0,1,50,2,2,1,0,0,1,25.0,32.0,voiture,voiture,5,2,1,1,2
201900024641,2019-09-02 15:30:00,2019,9,2,15,30,58,58194,RAVELIN,46.9878,3.1678,Plein jour,En agglomération,Hors intersection,Normale,Autre collision,4,4,0,0,1,1,1,0,1,20,1,1,0,0,0,1,69.0,,voiture,,1,2,1,1,6
201900024642,2019-09-03 11:55:00,2019,9,3,11,55,58,58194,PRE PLANTIN (BOULEVARD),46.9867,3.1238,Plein jour,En agglomération,Hors intersection,Normale,Deux véhicules - côté,4,2,2,0,1,1,1,0,1,50,2,2,1,0,0,1,56.0,49.0,deux_roues,voiture,1,2,1,1,3
201900024643,2019-09-05 11:10:00,2019,9,5,11,10,57,57672,MANEGE (RUE DU),49.35896,6.16563,Plein jour,En agglomération,Hors intersection,Normale,Autre collision,4,2,1,0,1,1,1,0,1,50,1,5,1,0,0,4,75.0,,voiture,,1,2,1,1,6
201900024644,2019-09-07 19:40:00,2019,9,7,19,40,56,56260,LUSCANEN (Giratoire de),47.66208,-2.79397,Plein jour,En agglomération,Giratoire,Normale,Deux véhicules - côté,2,1,2,0,3,3,1,3,1,50,2,3,2,0,0,1,41.0,18.0,voiture,deux_roues,1,2,6,1,3
201900024645,2019-09-05 22:30:00,2019,9,5,22,30,56,56098,BILLOUX ( AV. FRANCOIS ),47.7617258,-3.3469353,Nuit avec éclairage allumé,En agglomération,Giratoire,Normale,Deux véhicules - côté,4,2,2,0,1,1,1,5,1,50,2,2,1,0,0,1,30.0,19.0,voiture,voiture,5,2,6,1,3
201900024646,2019-09-05 07:20:00,2019,9,5,7,20,56,56121,Rond point Kergroise,47.73582,-3.36558,Plein jour,En agglomération,Giratoire,Normale,Autre collision,3,1,2,0,1,3,1,5,1,50,1,1,0,0,0,1,29.0,,deux_roues,,1,2,6,1,6
201900024647,2019-01-28 08:25:00,2019,1,28,8,25,54,54547,GOETHE (RUE),48.65904,6.18035,Plein jour,En agglomération,Intersection en T,Neige / grêle,Sans collision,4,2,2,0,1,1,2,9,1,50,1,2,1,0,0,1,50.0,,voiture,,1,2,3,4,7
201900024648,2019-01-25 07:23:00,2019,1,25,7,23,54,54439,route de seichamps,48.70561,6.26066,Plein jour,En agglomération,Intersection en X,Normale,Deux véhicules - frontale,3,2,-1,-1,1,1,1,0,1,50,2,2,0,0,0,2,20.0,20.0,voiture,voiture,1,2,2,1,1
201900024649,2019-01-24 11:30:00,2019,1,24,11,30,54,54025,RD2,48.67214,6.22677,Plein jour,En agglomération,Hors intersection,Pluie légère,Deux véhicules - côté,3,2,2,0,1,1,2,0,1,50,2,2,1,0,0,1,23.0,23.0,utilitaire_camion,voiture,1,2,1,2,3
201900024650,2019-01-22 17:30:00,2019,1,22,17,30,54,54304,SAPINIERE (RUE DE LA),48.69401,6.128,Nuit avec éclairage allumé,En agglomération,Hors intersection,Normale,Trois véhicules et plus - collisions multiples,4,2,2,0,1,1,1,0,1,50,3,3,2,0,0,1,30.0,62.0,voiture,voiture,5,2,1,1,5
201900024651,2019-01-22 00:07:00,2019,1,22,0,7,54,54395,LIAISON A 330 - RD2,48.663203,6.18887,Nuit avec éclairage allumé,En agglomération,Hors intersection,Normale,Autre collision,4,2,2,0,1,1,1,0,1,70,1,1,0,0,0,1,36.0,,voiture,,5,2,1,1,6
201900024652,2019-01-21 16:00:00,2019,1,21,16,0,54,54304,BOUFFLERS (AV DE 336-401 A FIN),48.69342,6.13929,Plein jour,En agglomération,Hors intersection,Normale,Sans collision,4,-1,2,0,1,1,1,0,1,50,1,2,1,0,0,1,30.0,,voiture,,1,2,1,1,7
201900024653,2019-01-21 08:20:00,2019,1,21,8,20,54,54395,BLANDAN (IMPASSE ET RUE DU SGT),48.67993,6.16671,Plein jour,En agglomération,Intersection en T,Normale,Autre collision,4,-1,2,0,1,1,1,0,1,30,2,3,1,0,0,2,60.0,60.0,deux_roues,voiture,1,2,3,1,6
201900024654,2019-01-21 07:00:00,2019,1,21,7,0,54,54498,SAINT PIERRE (RUE),48.716573,6.265337,Crépuscule ou aube,En agglomération,Intersection en T,Normale,Sans collision,4,2,2,0,1,1,1,0,1,30,1,2,1,0,0,1,63.0,,voiture,,2,2,3,1,7
201900024655,2019-01-20 17:45:00,2019,1,20,17,45,54,54578,MULLER (AVENUE PAUL),48.65663,6.13193,Nuit sans éclairage public,En agglomération,Hors intersection,Pluie légère,Deux véhicules - frontale,4,2,2,0,1,1,2,0,1,50,2,2,0,0,0,2,26.0,37.0,voiture,voiture,3,2,1,2,1