accident_id,datetime,annee,mois,jour,heure,minute,departement,commune_insee,adresse,latitude,longitude,luminosite,agglomeration,intersection,meteo,collision,catr,circ,nbv,vosp,prof,plan,surf,infra,situ,vma,nb_vehicules,nb_usagers,nb_indemnes,nb_tues,nb_blesses_hosp,nb_blesses_legers,age_cond_1,age_cond_2,veh_type_cond_1,veh_type_cond_2,lum_code,agg_code,int_code,atm_code,col_code
201900024656,2019-01-16 18:32:00,2019,1,16,18,32,54,54328,PASTEUR (RUE LOUIS),48.618562,6.177472,Nuit avec éclairage allumé,En agglomération,Giratoire,Normale,Sans collision,3,2,-1,-1,1,1,1,0,1,50,1,2,1,0,0,1,53.0,,voiture,,5,2,6,1,7
201900024657,2019-01-16 07:15:00,2019,1,16,7,15,54,54395,CHEVERT (RUE DU GENERAL),48.673407,6.173979,Nuit avec éclairage allumé,En agglomération,Intersection en X,Normale,Deux véhicules - côté,4,2,2,0,1,1,1,9,2,50,2,2,1,0,0,1,44.0,51.0,voiture,transport_commun,5,2,2,1,3
201900024658,2019-01-13 05:15:00,2019,1,13,5,15,54,54395,ARC (RUE JEANNE D' N,48.677891,6.177276,Nuit avec éclairage allumé,En agglomération,Hors intersection,Normale,Sans collision,4,2,2,0,1,1,1,0,1,50,1,2,1,0,0,1,22.0,,voiture,,5,2,1,1,7
201900024659,2019-01-12 18:40:00,2019,1,12,18,40,54,54395,TOMBLAINE (RUE DE),48.68673,6.20109,Nuit avec éclairage allumé,En agglomération,Intersection en X,Normale,Sans collision,4,2,2,0,1,1,2,0,1,50,1,2,1,0,0,1,37.0,,voiture,,5,2,2,1,7
201900024660,2019-01-11 11:28:00,2019,1,11,11,28,54,54395,SAINT EPVRE (Rue et Place),48.696404,6.179576,Plein jour,En agglomération,Hors intersection,Normale,Sans collision,4,-1,2,0,1,1,1,0,1,30,1,2,1,0,0,1,47.0,,voiture,,1,2,1,1,7
201900024661,2019-01-06 08:55:00,2019,1,6,8,55,54,54395,LOUIS (RUE BARON),48.69574,6.17106,Plein jour,En agglomération,Intersection en T,Normale,Deux véhicules - frontale,4,-1,2,0,1,1,1,0,1,50,2,2,1,0,0,1,27.0,73.0,voiture,deux_roues,1,2,3,1,1
201900024662,2019-01-14 19:00:00,2019,1,14,19,0,54,54395,LOUIS (RUE BARON),48.69661,6.17429,Nuit sans éclairage public,En agglomération,Intersection en X,Pluie légère,Sans collision,4,2,2,0,1,1,2,9,1,50,1,2,1,0,0,1,28.0,,voiture,,3,2,2,2,7
201900024663,2019-09-05 17:45:00,2019,9,5,17,45,54,54395,RD674,48.67079,6.192851,Plein jour,En agglomération,Hors intersection,Normale,Trois véhicules et plus - en chaîne,3,1,2,0,1,1,1,0,1,70,3,3,2,0,0,1,37.0,25.0,voiture,voiture,1,2,1,1,4
201900024664,2019-01-04 17:20:00,2019,1,4,17,20,54,54395,MARTEL (RUE CHARLES),48.67628,6.17436,Nuit avec éclairage non allumé,En agglomération,Hors intersection,Normale,Sans collision,4,-1,2,0,1,1,1,6,1,50,1,2,1,0,0,1,80.0,,voiture,,4,2,1,1,7
201900024665,2019-09-07 01:08:00,2019,9,7,1,8,51,51454,AVENUE JEAN JAURES,49.25904,4.04381,Nuit avec éclairage allumé,En agglomération,Intersection en T,Pluie légère,Deux véhicules - côté,4,2,2,0,1,1,2,0,1,50,2,2,1,0,0,1,25.0,17.0,voiture,deux_roues,5,2,3,2,3
201900024666,2019-09-06 16:35:00,2019,9,6,16,35,51,51454,AVENUE DU GENERAL DE GAULLE,49.24314,4.01547,Plein jour,En agglomération,Hors intersection,Normale,Deux véhicules - frontale,4,2,3,1,1,1,1,0,2,50,2,2,1,0,0,1,11.0,18.0,deux_roues,voiture,1,2,1,1,1
201900024667,2019-09-06 14:24:00,2019,9,6,14,24,51,51454,AVENUE EDMOND MICHELET,49.2231,4.0309,Plein jour,En agglomération,Intersection en T,Normale,Deux véhicules - côté,4,2,2,0,1,1,1,0,1,50,2,4,3,0,0,1,75.0,63.0,voiture,voiture,1,2,3,1,3
201900024668,2019-09-05 13:45:00,2019,9,5,13,45,51,51454,RUE JACQUART,49.26061,4.04267,Plein jour,En agglomération,Hors intersection,Normale,Sans collision,4,2,2,0,2,1,1,0,1,50,1,2,1,1,0,0,21.0,,voiture,,1,2,1,1,7
201900024669,2019-09-05 08:30:00,2019,9,5,8,30,50,50129,COURBET (RUE AMIRAL),49.64262,-1.63216,Plein jour,En agglomération,Hors intersection,Normale,Deux véhicules - côté,4,1,1,0,1,1,1,0,1,30,2,2,1,0,1,0,35.0,31.0,voiture,voiture,1,2,1,1,3
201900024670,2019-09-05 10:10:00,2019,9,5,10,10,50,50129,ATLANTIQUE (BOULEVARD DE L'),49.628762,-1.62767,Plein jour,En agglomération,Hors intersection,Normale,Deux véhicules - côté,3,3,4,0,2,2,1,0,1,70,2,3,2,0,1,0,23.0,59.0,voiture,deux_roues,1,2,1,1,3
201900024671,2019-04-12 17:45:00,2019,4,12,17,45,29,29190,Rue du Lannou,48.344449,-4.718713,Plein jour,En agglomération,Intersection en X,Normale,Deux véhicules - côté,4,2,2,0,1,1,1,0,1,30,2,1,0,0,0,1,16.0,,deux_roues,,1,2,2,1,3
201900024672,2019-04-17 18:10:00,2019,4,17,18,10,31,31118,CD29,43.813767,1.373149,Plein jour,Hors agglomération,Intersection en T,Normale,Deux véhicules - côté,3,2,2,0,1,1,1,0,1,80,2,2,1,0,1,0,57.0,22.0,voiture,deux_roues,1,1,3,1,3
201900024673,2019-04-16 16:25:00,2019,4,16,16,25,38,38150,Rue Aristide Berges,45.20458,5.82564,Plein jour,En agglomération,Hors intersection,Normale,Sans collision,4,2,2,0,1,1,1,0,1,50,1,1,0,0,1,0,18.0,,deux_roues,,1,2,1,1,7
201900024674,2019-04-17 16:10:00,2019,4,17,16,10,1,01305,carrefour D933A - D1C,46.443226,4.924859,Plein jour,Hors agglomération,Intersection en X,Normale,Trois véhicules et plus - collisions multiples,3,2,2,0,1,2,1,0,1,80,3,8,3,0,0,5,20.0,41.0,voiture,voiture,1,1,2,1,5
201900024675,2019-04-16 11:40:00,2019,4,16,11,40,1,01229,Rue Malafertoise,46.321458,5.142777,Plein jour,En agglomération,Hors intersection,Pluie légère,Deux véhicules - frontale,3,2,2,0,1,2,2,0,1,50,2,2,1,0,1,0,58.0,27.0,utilitaire_camion,voiture,1,2,1,2,1
201900024676,2019-04-16 16:10:00,2019,4,16,16,10,70,70163,nationale 57,47.673713,6.235847,Plein jour,Hors agglomération,Hors intersection,Pluie légère,Deux véhicules - côté,2,2,2,0,1,1,2,0,1,80,2,2,1,0,1,0,63.0,33.0,voiture,utilitaire_camion,1,1,1,2,3
201900024677,2019-04-14 08:15:00,2019,4,14,8,15,16,16111,RD24,45.397048,0.09248,Plein jour,Hors agglomération,Hors intersection,Normale,Autre collision,3,2,2,0,2,4,1,0,3,80,1,1,0,0,1,0,82.0,,voiture,,1,1,1,1,6
201900024678,2019-04-16 16:30:00,2019,4,16,16,30,40,40233,Route de Dax,43.632747,-1.026087,Plein jour,Hors agglomération,Hors intersection,Normale,Deux véhicules - frontale,3,2,2,0,2,1,1,0,1,80,2,2,1,0,0,1,64.0,25.0,voiture,voiture,1,1,1,1,1
201900024679,2019-04-16 12:08:00,2019,4,16,12,8,17,17042,RD 134,45.832194,-0.458144,Plein jour,Hors agglomération,Hors intersection,Normale,Autre collision,3,2,2,0,1,2,1,0,3,80,1,1,0,0,1,0,45.0,,deux_roues,,1,1,1,1,6
201900024680,2019-04-17 05:50:00,2019,4,17,5,50,17,17218,zone Saint Francois,46.295745,-0.991368,Nuit sans éclairage public,En agglomération,Giratoire,Normale,Sans collision,3,2,2,0,1,1,1,5,1,50,1,1,0,0,1,0,47.0,,deux_roues,,3,2,6,1,7
201900024681,2019-04-16 11:30:00,2019,4,16,11,30,17,17091,RD 9,46.285617,-1.105738,Plein jour,Hors agglomération,Hors intersection,Normale,Autre collision,3,2,2,0,1,1,1,0,3,80,1,4,0,2,1,1,72.0,,utilitaire_camion,,1,1,1,1,6
201900024682,2019-03-12 17:20:00,2019,3,12,17,20,72,72328,"PK 166+000, Autoroute A11",48.0591,0.223439,Plein jour,Hors agglomération,Hors intersection,Pluie forte,Deux véhicules - arrière,1,1,5,0,1,1,2,0,1,130,2,2,1,0,0,1,62.0,27.0,voiture,voiture,1,1,1,3,2
201900024683,2019-03-27 03:20:00,2019,3,27,3,20,67,67519,RD 223,48.675682,7.817822,Nuit sans éclairage public,Hors agglomération,Hors intersection,Normale,Sans collision,3,2,2,0,1,2,1,0,1,80,1,1,0,0,0,1,20.0,,voiture,,3,1,1,1,7
201900024684,2019-04-17 12:45:00,2019,4,17,12,45,973,97309,Avenue Jean Michotte,4.904177,-52.276236,Plein jour,En agglomération,Hors intersection,Normale,Deux véhicules - arrière,4,2,2,0,1,1,1,0,5,50,2,2,1,0,0,1,17.0,37.0,deux_roues,voiture,1,2,1,1,2
201900024685,2019-04-13 19:25:00,2019,4,13,19,25,34,34134,D5,43.590116,3.801083,Plein jour,En agglomération,Intersection en X,Normale,Deux véhicules - côté,3,2,2,0,1,1,1,0,1,50,2,7,4,0,1,2,50.0,67.0,utilitaire_camion,voiture,1,2,2,1,3
201900024686,2019-04-17 11:20:00,2019,4,17,11,20,37,37197,D7,47.260567,0.323776,Plein jour,Hors agglomération,Hors intersection,Normale,Autre collision,3,2,2,0,1,1,1,0,8,80,1,1,0,1,0,0,22.0,,utilitaire_camion,,1,1,1,1,6
201900024687,2019-04-17 10:20:00,2019,4,17,10,20,66,66180,RD81,42.774385,3.016591,Plein jour,Hors agglomération,Hors intersection,Normale,Trois véhicules et plus - en chaîne,3,2,2,0,1,1,1,2,1,80,3,8,3,0,0,5,36.0,40.0,voiture,voiture,1,1,1,1,4
201900024688,2019-04-17 11:30:00,2019,4,17,11,30,13,13092,1 place jean jaures,43.549927,5.033457,Plein jour,En agglomération,Hors intersection,Normale,Autre collision,6,-1,1,0,1,1,1,9,8,30,1,2,1,0,1,0,89.0,,voiture,,1,2,1,1,6
201900024689,2019-04-16 21:15:00,2019,4,16,21,15,39,39437,,46.727391,5.782964,Nuit avec éclairage allumé,En agglomération,Hors intersection,Normale,Autre collision,3,2,2,0,1,3,2,0,1,50,1,1,0,0,0,1,21.0,,voiture,,5,2,1,1,6
201900024690,2019-04-16 14:20:00,2019,4,16,14,20,55,55526,RD964 PK42+200,48.802561,5.52633,Plein jour,En agglomération,Hors intersection,Pluie légère,Deux véhicules - côté,3,2,2,0,2,3,2,0,1,30,2,3,2,0,0,1,22.0,30.0,voiture,voiture,1,2,1,2,3
201900024691,2019-04-15 20:15:00,2019,4,15,20,15,69,69072,route de la tour de salvagny,45.821802,4.746599,Crépuscule ou aube,En agglomération,Hors intersection,Normale,Sans collision,4,2,2,0,2,2,1,0,1,50,1,1,0,0,1,0,55.0,,deux_roues,,2,2,1,1,7
201900024692,2019-03-23 16:30:00,2019,3,23,16,30,33,33273,PISTE FORESTIÈRE 68 CHEMIN DE MONFAUCON,44.85935,-0.754067,Plein jour,Hors agglomération,Autre intersection,Normale,Autre collision,5,-1,1,0,1,1,9,0,8,-1,2,2,1,0,1,0,19.0,19.0,deux_roues,deux_roues,1,1,9,1,6
201900024693,2019-04-16 18:00:00,2019,4,16,18,0,44,44195,Route de bouée,47.338017,-1.919598,Plein jour,Hors agglomération,Hors intersection,Normale,Autre collision,3,2,2,0,2,1,1,0,1,70,1,2,1,0,0,1,50.0,,voiture,,1,1,1,1,6
201900024694,2019-04-14 02:30:00,2019,4,14,2,30,14,14043,le pré baron,48.934969,-0.04386,Nuit sans éclairage public,Hors agglomération,Hors intersection,Normale,Autre collision,3,2,2,0,1,2,1,0,3,80,1,1,0,0,1,0,31.0,,voiture,,3,1,1,1,6
201900024695,2019-04-16 14:39:00,2019,4,16,14,39,29,29248,Kerdroc,48.6030252,-4.3817639,Plein jour,Hors agglomération,Intersection en T,Normale,Deux véhicules - côté,3,2,2,0,1,3,1,0,1,80,2,3,0,0,0,3,83.0,62.0,voiture,voiture,1,1,3,1,3
201900024696,2019-04-15 15:40:00,2019,4,15,15,40,13,13055,A507 sens Marseille - Aubagne,43.3135037,5.4234695,Plein jour,Hors agglomération,Hors intersection,Normale,Deux véhicules - côté,1,1,3,0,1,1,1,1,1,70,2,3,2,0,0,1,52.0,28.0,utilitaire_camion,voiture,1,1,1,1,3
201900024697,2019-04-11 11:45:00,2019,4,11,11,45,42,42307,A47,45.55147,4.68107,Plein jour,Hors agglomération,Hors intersection,Normale,Trois véhicules et plus - en chaîne,1,3,4,0,1,1,1,0,1,90,3,3,2,0,0,1,34.0,42.0,utilitaire_camion,voiture,1,1,1,1,4
201900024698,2019-04-16 18:00:00,2019,4,16,18,0,33,33318,ROCADE A 630,44.78808,-0.63228,Plein jour,Hors agglomération,Hors intersection,Normale,Deux véhicules - arrière,1,3,6,0,1,1,1,0,1,90,2,2,1,0,0,1,41.0,56.0,voiture,voiture,1,1,1,1,2
201900024699,2019-04-16 08:20:00,2019,4,16,8,20,92,92019,RN 385 INT,48.7611702,2.2513133,Plein jour,Hors agglomération,Hors intersection,Pluie légère,Deux véhicules - arrière,2,3,3,0,1,1,1,0,1,90,2,2,1,0,0,1,24.0,28.0,deux_roues,voiture,1,1,1,2,2
201900024700,2019-04-15 10:10:00,2019,4,15,10,10,92,92002,AUTOROUTE A10,48.730112,2.3078254,Plein jour,Hors agglomération,Hors intersection,Normale,Deux véhicules - arrière,1,1,3,0,1,1,1,0,1,90,2,2,0,0,0,2,37.0,35.0,voiture,voiture,1,1,1,1,2
201900024701,2019-04-14 13:00:00,2019,4,14,13,0,94,94034,AUTOROUTE A86,48.76175,2.31538,Plein jour,Hors agglomération,Hors intersection,Normale,Autre collision,1,1,4,0,1,1,1,0,1,70,3,5,4,0,0,1,47.0,43.0,voiture,voiture,1,1,1,1,6
201900024702,2019-04-16 01:50:00,2019,4,16,1,50,78,78043,A13W,48.8442,2.089,Nuit sans éclairage public,Hors agglomération,Hors intersection,Normale,Autre collision,1,1,2,0,2,3,1,0,1,110,1,1,0,0,0,1,22.0,,voiture,,3,1,1,1,6
201900024703,2019-04-15 10:00:00,2019,4,15,10,0,95,95212,AUTOROUTE A1,49.03021,2.53861,Plein jour,Hors agglomération,Hors intersection,Normale,Trois véhicules et plus - collisions multiples,1,3,8,0,1,1,1,0,1,110,3,3,2,0,0,1,63.0,32.0,voiture,utilitaire_camion,1,1,1,1,5
201900024704,2019-04-15 07:15:00,2019,4,15,7,15,60,60631,AUTOROUTE A1,49.15252,2.58623,Crépuscule ou aube,Hors agglomération,Hors intersection,Normale,Deux véhicules - côté,1,3,6,0,1,1,1,0,1,130,2,2,1,0,0,1,41.0,46.0,utilitaire_camion,voiture,2,1,1,1,3
201900024705,2019-04-16 14:30:00,2019,4,16,14,30,77,77517,A104.EXT,48.9026,2.64875,Plein jour,Hors agglomération,Hors intersection,Normale,Trois véhicules et plus - en chaîne,1,3,4,0,1,1,1,0,1,90,3,4,3,0,0,1,64.0,63.0,utilitaire_camion,voiture,1,1,1,1,4
201900024706,2019-04-15 16:32:00,2019,4,15,16,32,91,91692,CD35,48.67603,2.192383,Plein jour,Hors agglomération,Giratoire,Normale,Deux véhicules - arrière,3,-1,1,0,2,1,1,0,3,50,2,2,1,0,0,1,23.0,47.0,utilitaire_camion,voiture,1,1,6,1,2
201900024707,2019-04-15 16:50:00,2019,4,15,16,50,91,91027,MORANGIS (AVENUE DE),48.705581,2.358125,Plein jour,En agglomération,Intersection en Y,Normale,Deux véhicules - côté,4,2,2,1,1,1,1,0,1,50,2,2,1,0,0,1,52.0,23.0,utilitaire_camion,deux_roues,1,2,4,1,3
201900024708,2019-04-14 08:05:00,2019,4,14,8,5,93,93073,CHAPIT RE ( RUE DU),49.002853,2.536889,Plein jour,Hors agglomération,Hors intersection,Normale,Sans collision,5,1,1,0,1,1,1,9,1,30,1,1,0,0,0,1,36.0,,voiture,,1,1,1,1,7
201900024709,2019-04-14 16:00:00,2019,4,14,16,0,92,92020,BERANGER RUE,48.80673,2.27954,Plein jour,En agglomération,Intersection en X,Normale,Deux véhicules - côté,3,2,2,2,2,1,1,0,1,50,2,2,1,0,0,1,24.0,56.0,voiture,deux_roues,1,2,2,1,3
201900024710,2019-01-19 14:00:00,2019,1,19,14,0,92,92025,BOURNARD (RUE DU),48.9244,2.263,Plein jour,En agglomération,Hors intersection,Normale,Deux véhicules - côté,3,2,-1,-1,1,1,1,0,1,-1,2,2,0,0,0,2,28.0,44.0,voiture,deux_roues,1,2,1,1,3
201900024711,2019-02-13 07:50:00,2019,2,13,7,50,92,92014,BIEVRE (RUE DE LA),48.7807178,2.3206754,Nuit sans éclairage public,En agglomération,Intersection en T,Brouillard / fumée,Deux véhicules - côté,3,2,2,0,1,1,1,0,1,50,2,2,1,0,0,1,41.0,56.0,voiture,deux_roues,3,2,3,5,3
201900024712,2019-04-14 16:10:00,2019,4,14,16,10,988,98818,LAROQUE (RUE GABRIEL),-22.3055,166.4479,Plein jour,En agglomération,Giratoire,Normale,Deux véhicules - côté,4,4,1,0,1,2,1,0,1,50,2,3,2,0,0,1,38.0,32.0,utilitaire_camion,deux_roues,1,2,6,1,3
201900024713,2019-04-13 00:20:00,2019,4,13,0,20,988,98818,RUE AMPERE,-22.2307123,166.4499897,Nuit sans éclairage public,Hors agglomération,Hors intersection,Pluie légère,Autre collision,4,3,2,0,1,2,2,9,1,50,1,2,0,0,2,0,28.0,,voiture,,3,1,1,2,6
201900024714,2019-04-15 01:15:00,2019,4,15,1,15,974,97416,Ruelle Routier,-20.88909,55.44769,Plein jour,En agglomération,Autre intersection,Normale,Deux véhicules - frontale,4,2,0,0,1,3,1,0,1,50,2,1,0,0,0,1,24.0,,deux_roues,,1,2,9,1,1
201900024715,2019-04-14 11:10:00,2019,4,14,11,10,974,97416,ANCIENNE RN 1,-21.32733,55.4501,Plein jour,En agglomération,Intersection en T,Normale,Deux véhicules - côté,2,2,2,0,1,1,1,0,1,50,2,2,1,0,0,1,61.0,43.0,voiture,deux_roues,1,2,3,1,3
201900024716,2019-04-15 16:10:00,2019,4,15,16,10,974,97411,ROUTIER (RUELLE),-20.88909,55.44769,Plein jour,En agglomération,Autre intersection,Normale,Deux véhicules - frontale,4,1,1,0,2,1,1,0,1,50,2,2,1,0,1,0,46.0,28.0,deux_roues,voiture,1,2,9,1,1
201900024717,2019-04-15 09:35:00,2019,4,15,9,35,974,97411,QUATRE VOIES GILLOT (ROUTE A),-20.89725,55.51522,Plein jour,En agglomération,Hors intersection,Normale,Trois véhicules et plus - en chaîne,2,3,2,0,1,1,1,0,1,70,3,3,2,0,0,1,38.0,55.0,voiture,voiture,1,2,1,1,4
201900024718,2019-04-15 18:00:00,2019,4,15,18,0,973,97302,PREVOT (ERNEST),4.9336197,-52.3329663,Plein jour,En agglomération,Autre intersection,Normale,Deux véhicules - côté,4,1,1,0,1,1,1,2,1,50,2,3,1,0,0,2,21.0,27.0,deux_roues,voiture,1,2,9,1,3
201900024719,2019-04-15 11:05:00,2019,4,15,11,5,973,97302,BADUEL (ROUTE DE),4.9276765,-52.2917461,Plein jour,En agglomération,Hors intersection,Normale,Deux véhicules - côté,3,2,1,1,1,1,1,0,1,50,2,3,1,0,0,2,37.0,35.0,deux_roues,voiture,1,2,1,1,3
201900024720,2019-04-15 09:35:00,2019,4,15,9,35,973,97302,BADUEL (ROUTE DE),4.9292,-52.30173,Plein jour,En agglomération,Hors intersection,Pluie légère,Trois véhicules et plus - en chaîne,3,2,1,1,1,1,2,0,1,50,3,3,2,0,0,1,43.0,33.0,voiture,voiture,1,2,1,2,4
201900024721,2019-04-15 17:05:00,2019,4,15,17,5,69,69388,GUILLAUME PARADIN                   (R ),45.73909,4.8859,Plein jour,En agglomération,Intersection en X,Normale,Autre collision,4,2,2,0,1,1,1,0,1,50,1,2,1,0,0,1,40.0,,deux_roues,,1,2,2,1,6
201900024722,2019-04-15 12:30:00,2019,4,15,12,30,69,69383,ALBERT THOMAS                       (CO),45.74523,4.87228,Plein jour,En agglomération,Hors intersection,Normale,Autre collision,4,2,4,2,1,1,1,0,1,50,1,2,1,0,0,1,18.0,,voiture,,1,2,1,1,6
201900024723,2019-04-15 11:10:00,2019,4,15,11,10,69,69386,MARECHAL DE SAXE                    (R ),45.76789,4.84414,Plein jour,En agglomération,Intersection en X,Normale,Deux véhicules - côté,4,1,3,3,1,1,1,0,1,50,2,2,1,0,0,1,24.0,29.0,utilitaire_camion,deux_roues,1,2,2,1,3
201900024724,2019-04-15 08:50:00,2019,4,15,8,50,69,69383,FELIX FAURE                         (AV),45.7543394,4.8648834,Plein jour,En agglomération,Hors intersection,Normale,Deux véhicules - côté,4,2,3,3,1,1,1,0,1,50,2,2,1,0,0,1,34.0,40.0,deux_roues,utilitaire_camion,1,2,1,1,3
201900024725,2019-04-15 03:15:00,2019,4,15,3,15,69,69387,EPARGNE (DE L')                     (R ),45.74348,4.85408,Nuit avec éclairage allumé,En agglomération,Hors intersection,Normale,Sans collision,5,4,1,3,1,1,9,6,1,10,1,1,0,0,1,0,21.0,,deux_roues,,5,2,1,1,7
201900024726,2019-04-14 01:55:00,2019,4,14,1,55,69,69387,FELIX FAURE                         (AV),45.7524,4.84917,Nuit avec éclairage allumé,En agglomération,Intersection en X,Normale,Deux véhicules - côté,7,1,3,2,1,1,1,0,1,50,2,9,4,0,0,5,19.0,33.0,voiture,voiture,5,2,2,1,3
201900024727,2019-04-15 15:55:00,2019,4,15,15,55,972,97209,RD 13,14.61403,-61.05176,Plein jour,Hors agglomération,Giratoire,Normale,Deux véhicules - côté,2,2,4,0,1,2,1,0,1,30,2,3,2,0,0,1,67.0,66.0,voiture,deux_roues,1,1,6,1,3
201900024728,2019-04-12 11:30:00,2019,4,12,11,30,69,69286,Route de Strasbourg,45.82839,4.90675,Plein jour,En agglomération,Hors intersection,Normale,Deux véhicules - côté,3,2,2,0,2,1,1,9,1,70,2,1,0,0,1,0,21.0,,deux_roues,,1,2,1,1,3
201900024729,2019-04-15 12:30:00,2019,4,15,12,30,69,69382,MARECHAL JOFFRE (DU)                (QU),45.75271,4.82461,Plein jour,En agglomération,Autre intersection,Normale,Autre collision,4,1,3,3,1,1,1,0,1,50,2,2,1,0,1,0,51.0,63.0,deux_roues,voiture,1,2,9,1,6
201900024730,2019-04-14 21:45:00,2019,4,14,21,45,69,69389,COMMERCE (DU)                       (QU),45.78412,4.81213,Nuit avec éclairage allumé,En agglomération,Autre intersection,Normale,Deux véhicules - côté,4,2,2,0,1,1,1,0,1,50,2,7,5,0,0,2,22.0,22.0,voiture,voiture,5,2,9,1,3
201900024731,2019-04-13 18:20:00,2019,4,13,18,20,69,69286,ROUTE DE STRASBOURG                 (RO),45.8154,4.88972,Plein jour,En agglomération,Hors intersection,Normale,Deux véhicules - côté,4,2,2,0,1,1,1,0,1,50,2,4,2,0,0,2,43.0,22.0,voiture,voiture,1,2,1,1,3
201900024732,2019-04-13 21:10:00,2019,4,13,21,10,69,69142,PIERRE SEMARD                       (QU),45.72538,4.81681,Nuit avec éclairage allumé,En agglomération,Intersection en T,Normale,Deux véhicules - côté,7,2,2,0,1,1,1,0,1,50,2,5,0,0,0,5,20.0,34.0,voiture,voiture,5,2,3,1,3
201900024733,2019-04-13 17:15:00,2019,4,13,17,15,69,69382,CHARLEMAGNE                         (CO),45.73924,4.81779,Plein jour,En agglomération,Hors intersection,Normale,Deux véhicules - côté,4,1,6,0,1,1,1,0,1,50,2,2,1,0,0,1,49.0,24.0,voiture,deux_roues,1,2,1,1,3
201900024734,2019-04-15 18:35:00,2019,4,15,18,35,2B,2B120,11 - RT,42.6502,9.4406,Plein jour,Hors agglomération,Hors intersection,Normale,Deux véhicules - côté,2,2,2,0,1,1,1,0,1,70,2,2,1,0,0,1,46.0,34.0,deux_roues,voiture,1,1,1,1,3
201900024735,2019-04-13 12:17:00,2019,4,13,12,17,91,91692,CAUSSES (RUE DES),48.67777,2.175,Plein jour,En agglomération,Hors intersection,Normale,Autre collision,4,1,1,0,1,3,1,0,1,50,1,2,1,0,0,1,38.0,,voiture,,1,2,1,1,6
201900024736,2019-04-13 03:15:00,2019,4,13,3,15,91,91161,WISSOUS (ROUTE DE),48.71002,2.31124,Nuit sans éclairage public,En agglomération,Hors intersection,Normale,Deux véhicules - côté,3,3,4,0,1,2,1,1,1,50,2,1,0,1,0,0,21.0,,deux_roues,,3,2,1,1,3
201900024737,2019-04-14 11:16:00,2019,4,14,11,16,91,91345,CANAL (RUE DU),48.696084,2.289888,Plein jour,En agglomération,Hors intersection,Normale,Autre collision,4,2,2,0,1,1,1,0,1,50,1,2,1,0,1,0,38.0,,transport_commun,,1,2,1,1,6
201900024738,2019-04-13 15:40:00,2019,4,13,15,40,91,91201,ALPHONSE DAUDET(RUE),48.664,2.4216,Plein jour,En agglomération,Hors intersection,Normale,Deux véhicules - frontale,4,-1,2,0,1,1,1,0,1,50,2,2,0,0,0,2,43.0,45.0,voiture,voiture,1,2,1,1,1
201900024739,2019-04-14 23:10:00,2019,4,14,23,10,91,91027,FONTAINEBLEAU (ROUTE DE),48.71618,2.37084,Nuit avec éclairage allumé,En agglomération,Intersection en X,Normale,Deux véhicules - côté,2,3,5,0,1,1,1,5,3,70,2,2,1,0,1,0,43.0,35.0,deux_roues,voiture,5,2,2,1,3
201900024740,2019-04-12 17:32:00,2019,4,12,17,32,87,87085,GODDET (Rue Jacques),45.8891,1.28195,Plein jour,En agglomération,Hors intersection,Normale,Deux véhicules - côté,4,2,2,0,1,1,1,0,1,50,2,2,1,0,0,1,52.0,66.0,voiture,deux_roues,1,2,1,1,3
201900024741,2019-04-13 18:05:00,2019,4,13,18,5,86,86194,PIERRE LEVEE (RUE DE LA),46.57556,0.35437,Plein jour,En agglomération,Intersection en T,Normale,Deux véhicules - côté,4,2,2,0,2,1,1,0,1,50,2,2,1,0,0,1,21.0,21.0,voiture,deux_roues,1,2,3,1,3
201900024742,2019-04-08 21:25:00,2019,4,8,21,25,86,86214,VARENNE (RUE DE LA),46.55557,0.3305,Nuit avec éclairage allumé,En agglomération,Intersection en T,Normale,Deux véhicules - côté,4,2,3,0,1,1,1,0,1,50,2,2,1,0,0,1,22.0,38.0,voiture,deux_roues,5,2,3,1,3
201900024743,2019-04-13 00:25:00,2019,4,13,0,25,86,86194,PIMPANEAU (CHEMIN DE),46.5827702,0.3560305,Nuit avec éclairage allumé,En agglomération,Hors intersection,Normale,Autre collision,4,2,1,0,1,2,1,0,1,50,1,1,0,0,1,0,56.0,,voiture,,5,2,1,1,6
201900024744,2019-04-14 20:52:00,2019,4,14,20,52,83,83137,STRASBOURG (BD DE ),43.12432,5.93548,Nuit avec éclairage allumé,En agglomération,Hors intersection,Normale,Autre collision,4,2,6,0,1,1,9,8,2,50,1,2,1,0,0,1,28.0,,voiture,,5,2,1,1,6
201900024745,2019-04-13 06:00:00,2019,4,13,6,0,83,83137,LYAUTEY (AVE MARECHAL),43.12519,5.92819,Nuit avec éclairage allumé,En agglomération,Intersection en X,Normale,Deux véhicules - côté,4,-1,4,0,2,1,1,0,1,50,2,2,1,0,0,1,23.0,41.0,voiture,voiture,5,2,2,1,3
201900024746,2019-04-11 19:30:00,2019,4,11,19,30,80,80021,"2, AV DES CYGNES",49.91853,2.25756,Plein jour,En agglomération,Hors intersection,Normale,Trois véhicules et plus - collisions multiples,4,2,2,0,1,1,1,0,1,50,3,4,3,0,0,1,24.0,43.0,voiture,voiture,1,2,1,1,5