accident_id,datetime,annee,mois,jour,heure,minute,departement,commune_insee,adresse,latitude,longitude,luminosite,agglomeration,intersection,meteo,collision,catr,circ,nbv,vosp,prof,plan,surf,infra,situ,vma,nb_vehicules,nb_usagers,nb_indemnes,nb_tues,nb_blesses_hosp,nb_blesses_legers,age_cond_1,age_cond_2,veh_type_cond_1,veh_type_cond_2,lum_code,agg_code,int_code,atm_code,col_code
201900024747,2019-04-12 15:10:00,2019,4,12,15,10,79,79191,28 rue des Fontenelles,46.33204,-0.42847,Plein jour,En agglomération,Intersection en T,Normale,Deux véhicules - frontale,4,2,2,0,2,4,1,0,1,50,2,2,1,0,1,0,29.0,44.0,deux_roues,voiture,1,2,3,1,1
201900024748,2019-04-14 11:09:00,2019,4,14,11,9,77,77083,D226 X RUE AUGUSTE VALLAUD,48.85744,2.58589,Plein jour,En agglomération,Intersection en X,Normale,Deux véhicules - côté,3,2,2,0,2,1,1,5,1,50,2,2,1,0,0,1,26.0,41.0,deux_roues,voiture,1,2,2,1,3
201900024749,2019-04-14 17:15:00,2019,4,14,17,15,76,76410,RD 6015 (COTE DE LA VALETTE),49.48827,1.03127,Plein jour,Hors agglomération,Hors intersection,Normale,Sans collision,3,2,2,0,2,2,1,0,1,80,1,2,0,0,2,0,21.0,,deux_roues,,1,1,1,1,7
201900024750,2019-04-13 10:20:00,2019,4,13,10,20,76,76540,ECUYERE. RUE,49.44392,1.09084,Plein jour,En agglomération,Hors intersection,Normale,Autre collision,4,1,1,0,1,1,1,0,1,20,1,2,1,0,0,1,32.0,,voiture,,1,2,1,1,6
201900024751,2019-04-14 07:25:00,2019,4,14,7,25,76,76351,CLEMENCEAU (BD),49.488953,0.0979543,Plein jour,En agglomération,Hors intersection,Normale,Autre collision,4,2,2,2,1,1,1,0,1,50,1,1,0,0,0,1,22.0,,voiture,,1,2,1,1,6
201900024752,2019-04-13 23:00:00,2019,4,13,23,0,74,74093,REPUBLIQUE (AVENUE DE LA),45.9088,6.0977,Nuit avec éclairage allumé,En agglomération,Intersection en T,Normale,Autre collision,4,2,2,0,4,1,1,0,1,50,3,4,2,0,1,1,17.0,26.0,deux_roues,voiture,5,2,3,1,6
201900024753,2019-04-14 17:05:00,2019,4,14,17,5,71,71076,PONT DE BOURGOGNE (AVENUE DU),46.7818,4.86132,Plein jour,En agglomération,Hors intersection,Temps éblouissant,Deux véhicules - arrière,4,-1,0,0,1,1,1,0,1,50,2,2,1,0,1,0,38.0,49.0,deux_roues,voiture,1,2,1,7,2
201900024754,2019-04-14 05:55:00,2019,4,14,5,55,71,71445,RD 978 B,46.76294,4.89292,Nuit sans éclairage public,Hors agglomération,Hors intersection,Normale,Deux véhicules - frontale,3,2,2,0,4,1,1,0,1,50,2,3,2,0,1,0,22.0,34.0,voiture,voiture,3,1,1,1,1
201900024755,2019-04-15 14:30:00,2019,4,15,14,30,69,69266,ANTONIN PERRIN     (Rue),45.7560909,4.8854165,Plein jour,En agglomération,Hors intersection,Normale,Autre collision,4,2,3,0,1,1,1,0,1,50,1,2,1,0,0,1,49.0,,voiture,,1,2,1,1,6
201900024756,2019-04-14 22:40:00,2019,4,14,22,40,69,69266,GENAS    (Route de),45.74929,4.91411,Nuit avec éclairage allumé,En agglomération,Autre intersection,Normale,Deux véhicules - côté,4,2,5,0,1,1,1,5,1,50,2,3,2,0,0,1,23.0,,voiture,,5,2,9,1,3
201900024757,2019-04-14 11:15:00,2019,4,14,11,15,69,69091,VICTOR HUGO ( R ),45.5883925,4.7710019,Plein jour,En agglomération,Intersection en X,Normale,Deux véhicules - côté,3,2,4,0,1,1,1,0,1,50,2,2,1,0,1,0,43.0,59.0,deux_roues,voiture,1,2,2,1,3
201900024758,2019-04-14 17:00:00,2019,4,14,17,0,67,67482,TANCHE (RUE DE LA),48.596853,7.788973,Plein jour,En agglomération,Hors intersection,Normale,Deux véhicules - côté,4,2,2,0,1,1,1,0,1,50,2,1,0,0,0,1,54.0,,deux_roues,,1,2,1,1,3
201900024759,2019-04-12 07:45:00,2019,4,12,7,45,67,67218,LIXENBUHL (RUE),48.52945,7.7271,Plein jour,En agglomération,Hors intersection,Normale,Autre collision,4,3,4,3,1,1,1,4,1,50,1,2,1,0,0,1,36.0,,transport_commun,,1,2,1,1,6
201900024760,2019-04-12 12:30:00,2019,4,12,12,30,66,66136,DESNOYE (BOULEVARD DR. JOSEPH),42.71148,2.88457,Plein jour,En agglomération,Hors intersection,Normale,Autre collision,4,2,1,0,1,1,1,0,1,50,2,2,1,0,0,1,48.0,22.0,voiture,voiture,1,2,1,1,6
201900024761,2019-04-12 09:00:00,2019,4,12,9,0,66,66136,VIDAL (PIERRE),42.72256,2.88425,Plein jour,En agglomération,Hors intersection,Normale,Autre collision,4,2,1,0,1,1,1,0,1,50,1,2,1,0,0,1,73.0,,voiture,,1,2,1,1,6
201900024762,2019-04-12 20:45:00,2019,4,12,20,45,64,64102,REDUIT (PLACE DU),43.49317,-1.47307,Crépuscule ou aube,En agglomération,Intersection en X,Normale,Autre collision,4,2,3,3,1,1,1,8,1,50,2,2,1,0,0,1,38.0,63.0,deux_roues,voiture,2,2,2,1,6
201900024763,2019-04-13 10:28:00,2019,4,13,10,28,63,63113,SAINT JEAN (BD),45.78248,3.11797,Plein jour,En agglomération,Hors intersection,Normale,Autre collision,7,3,4,0,1,1,1,0,1,50,1,2,1,0,0,1,71.0,,voiture,,1,2,1,1,6
201900024764,2019-04-13 18:29:00,2019,4,13,18,29,63,63113,BRIAND (BD ARISTIDE),45.7727445,3.0749578,Plein jour,En agglomération,Hors intersection,Normale,Deux véhicules - côté,4,1,3,0,1,1,1,0,1,50,2,2,1,0,0,1,27.0,27.0,deux_roues,voiture,1,2,1,1,3
201900024765,2019-04-10 17:50:00,2019,4,10,17,50,60,60057,MAURICE SEGONDS (RUE),49.42132,2.07431,Plein jour,En agglomération,Autre intersection,Normale,Deux véhicules - côté,4,2,2,0,1,1,1,0,1,50,2,2,1,0,0,1,22.0,31.0,deux_roues,voiture,1,2,9,1,3
201900024766,2019-04-13 04:25:00,2019,4,13,4,25,59,59350,LIBERTE BVD N°147 A FIN-96 A FIN,50.63459,3.05678,Nuit avec éclairage allumé,En agglomération,Autre intersection,Normale,Deux véhicules - frontale,4,3,4,0,1,1,1,5,1,50,2,5,1,0,0,4,26.0,52.0,voiture,voiture,5,2,9,1,1
201900024767,2019-04-09 18:00:00,2019,4,9,18,0,59,59360,PARE AMBROISE RUE,50.60198,3.03797,Plein jour,En agglomération,Intersection en X,Pluie légère,Deux véhicules - côté,7,2,5,0,1,1,2,0,1,50,2,2,1,0,0,1,32.0,54.0,transport_commun,voiture,1,2,2,2,3
201900024768,2019-04-15 17:06:00,2019,4,15,17,6,59,59317,AVENTURE (CHEMIN DE L ' ),50.68485,2.95302,Plein jour,Hors agglomération,Hors intersection,Normale,Deux véhicules - frontale,7,2,2,0,1,2,1,0,1,70,2,2,1,1,0,0,53.0,33.0,utilitaire_camion,deux_roues,1,1,1,1,1
201900024769,2019-04-12 22:50:00,2019,4,12,22,50,58,58194,MADEMOISELLE BOURGEOIS,46.9984,3.17245,Nuit avec éclairage allumé,En agglomération,Intersection en X,Normale,Deux véhicules - côté,4,2,2,0,1,1,1,0,1,50,2,2,0,0,0,2,19.0,21.0,deux_roues,voiture,5,2,2,1,3
201900024770,2019-04-14 23:55:00,2019,4,14,23,55,50,50129,ATLANTIQUE (BOULEVARD DE L'),49.63208,-1.62339,Nuit avec éclairage allumé,En agglomération,Hors intersection,Normale,Autre collision,4,3,4,0,4,1,1,5,1,50,1,3,0,0,0,3,25.0,,voiture,,5,2,1,1,6
201900024771,2019-04-13 20:40:00,2019,4,13,20,40,49,49007,ARBRISSEL,47.44531,-0.56103,Crépuscule ou aube,En agglomération,Intersection en T,Normale,Autre collision,4,3,2,0,1,1,1,0,1,50,2,2,1,0,0,1,32.0,19.0,voiture,deux_roues,2,2,3,1,6
201900024772,2019-04-15 17:25:00,2019,4,15,17,25,45,45302,RUE DES SABLONNIERES - R DES PINSONS,47.929215,1.88637,Plein jour,En agglomération,Intersection en X,Normale,Deux véhicules - côté,4,2,2,0,1,1,1,0,1,50,2,2,1,0,0,1,21.0,54.0,voiture,voiture,1,2,2,1,3
201900024773,2019-04-02 10:15:00,2019,4,2,10,15,42,42218,LAMAIZIERE LEON,45.46721,4.38088,Plein jour,En agglomération,Intersection en T,Normale,Deux véhicules - côté,4,1,1,1,1,1,1,0,1,50,2,2,1,0,1,0,48.0,46.0,deux_roues,voiture,1,2,3,1,3
201900024774,2019-04-14 05:50:00,2019,4,14,5,50,42,42183,MOISE (RUE REMI),45.402804,4.354995,Nuit avec éclairage non allumé,En agglomération,Hors intersection,Normale,Autre collision,4,2,1,0,1,1,1,0,1,50,1,1,0,0,0,1,22.0,,voiture,,4,2,1,1,6
201900024775,2019-04-13 17:35:00,2019,4,13,17,35,41,41018,AUGE (BOULEVARD MARC ET ROBERT),47.57382,1.34606,Plein jour,Hors agglomération,Intersection en T,Normale,Deux véhicules - côté,4,2,2,0,4,4,1,0,1,50,2,2,1,0,1,0,50.0,52.0,voiture,deux_roues,1,1,3,1,3
201900024776,2019-04-14 16:20:00,2019,4,14,16,20,38,38544,CAROLINGIENS(RUE DES),45.52737,4.90342,Plein jour,En agglomération,Hors intersection,Normale,Deux véhicules - frontale,4,1,1,0,2,2,1,0,1,50,2,2,1,0,0,1,56.0,9.0,voiture,deux_roues,1,2,1,1,1
201900024777,2019-04-15 18:44:00,2019,4,15,18,44,37,37214,REPUBLIQUE (AVENUE DE LA),47.4029349,0.6629105,Plein jour,En agglomération,Intersection en T,Normale,Deux véhicules - côté,4,2,2,0,1,1,1,0,1,50,2,2,1,0,0,1,33.0,22.0,voiture,voiture,1,2,3,1,3
201900024778,2019-04-15 16:10:00,2019,4,15,16,10,37,37261,SAVONNIERES (ROUTE DE),47.3687077,0.6656041,Plein jour,Hors agglomération,Hors intersection,Normale,Trois véhicules et plus - en chaîne,3,2,2,0,1,1,1,0,1,50,3,3,1,0,0,2,26.0,53.0,voiture,voiture,1,1,1,1,4
201900024779,2019-04-15 15:09:00,2019,4,15,15,9,37,37261,SAVONNIERES (ROUTE DE),47.3701747,0.6749638,Plein jour,Hors agglomération,Hors intersection,Normale,Deux véhicules - arrière,4,2,2,0,1,1,1,0,1,50,2,6,4,0,0,2,44.0,35.0,voiture,voiture,1,1,1,1,2
201900024780,2019-04-12 15:50:00,2019,4,12,15,50,36,36202,,46.78969,1.6576,Plein jour,En agglomération,Hors intersection,Normale,Autre collision,6,-1,-1,0,1,1,1,9,1,50,1,1,0,0,1,0,65.0,,voiture,,1,2,1,1,6
201900024781,2019-04-14 20:00:00,2019,4,14,20,0,35,35238,HAUTES-OURMES (BD DES),48.08761,-1.646511,Plein jour,En agglomération,Intersection en T,Normale,Deux véhicules - côté,4,3,2,0,1,1,1,9,1,50,2,2,1,0,0,1,44.0,25.0,voiture,voiture,1,2,3,1,3
201900024782,2019-04-14 16:45:00,2019,4,14,16,45,35,35051,EST (ROCADE),48.12658,-1.574342,Plein jour,Hors agglomération,Hors intersection,Normale,Sans collision,2,3,4,0,1,1,1,0,1,90,1,1,0,0,0,1,72.0,,voiture,,1,1,1,1,7
201900024783,2019-04-14 18:45:00,2019,4,14,18,45,34,34172,MAJOR FLANDRE (AVENUE DU),43.629183,3.8724628,Plein jour,En agglomération,Intersection en T,Normale,Deux véhicules - côté,4,2,2,0,1,1,1,0,1,50,2,2,1,0,0,1,29.0,32.0,deux_roues,voiture,1,2,3,1,3
201900024784,2019-04-14 14:13:00,2019,4,14,14,13,34,34172,MILHAU (ALLEE JULES),43.6089736,3.882181,Plein jour,En agglomération,Hors intersection,Normale,Autre collision,9,-1,0,3,1,1,1,6,1,10,1,2,1,0,0,1,19.0,,deux_roues,,1,2,1,1,6
201900024785,2019-04-15 00:00:00,2019,4,15,0,0,31,31555,RUE CHARLES MOULY,43.58618,1.40459,Nuit avec éclairage allumé,Hors agglomération,Hors intersection,Normale,Deux véhicules - arrière,4,1,1,0,1,1,1,0,1,50,2,2,0,0,0,2,32.0,,voiture,,5,1,1,1,2
201900024786,2019-04-13 16:10:00,2019,4,13,16,10,31,31555,BD DE L EMBOUCHURE,43.6137,1.43094,Plein jour,En agglomération,Hors intersection,Normale,Deux véhicules - côté,4,1,2,3,1,1,1,0,1,50,2,2,1,0,0,1,26.0,27.0,deux_roues,voiture,1,2,1,1,3
201900024787,2019-04-13 04:30:00,2019,4,13,4,30,31,31555,VA008482 A624,43.61074,1.37602,Nuit avec éclairage non allumé,Hors agglomération,Hors intersection,Normale,Sans collision,1,3,3,0,1,1,1,0,1,90,1,1,0,0,0,1,29.0,,voiture,,4,1,1,1,7
201900024788,2019-04-12 22:45:00,2019,4,12,22,45,31,31555,331 AV DES ETATS UNIS,43.6542,1.42309,Nuit avec éclairage allumé,En agglomération,Hors intersection,Normale,Deux véhicules - côté,2,2,3,0,1,1,1,0,1,70,2,2,0,0,1,1,25.0,33.0,deux_roues,voiture,5,2,1,1,3
201900024789,2019-04-12 13:30:00,2019,4,12,13,30,31,31555,LARDENNE (AV DE),43.59288,1.40394,Plein jour,En agglomération,Hors intersection,Normale,Autre collision,3,2,2,0,2,1,1,0,1,50,1,2,1,0,0,1,75.0,,voiture,,1,2,1,1,6
201900024790,2019-04-12 17:32:00,2019,4,12,17,32,31,31555,RUE MATABIAU,43.60956,1.44642,Plein jour,En agglomération,Hors intersection,Normale,Deux véhicules - côté,4,1,2,3,1,1,1,0,1,50,2,3,2,0,1,0,27.0,37.0,deux_roues,voiture,1,2,1,1,3
201900024791,2019-04-12 12:30:00,2019,4,12,12,30,31,31555,VA007456 SESQUIERES A620 Sortie 33,43.64636,1.42168,Plein jour,Hors agglomération,Hors intersection,Normale,Deux véhicules - arrière,1,3,3,0,1,1,1,0,1,90,2,2,1,0,0,1,61.0,33.0,deux_roues,voiture,1,1,1,1,2
201900024792,2019-04-15 13:55:00,2019,4,15,13,55,31,31483,SARAGAT (BD DU PRESIDENT),43.09739,0.71073,Plein jour,En agglomération,Hors intersection,Normale,Deux véhicules - arrière,3,2,2,0,1,3,1,0,1,50,2,3,2,0,0,1,20.0,57.0,voiture,voiture,1,2,1,1,2
201900024793,2019-04-14 16:07:00,2019,4,14,16,7,26,26362,BOUIN RUE JEAN,44.93379,4.88815,Plein jour,En agglomération,Intersection en X,Normale,Deux véhicules - côté,4,2,2,0,1,1,1,0,1,50,2,2,1,0,0,1,15.0,25.0,deux_roues,voiture,1,2,2,1,3
201900024794,2019-04-15 00:15:00,2019,4,15,0,15,25,25056,RN 1057 (BD CHURCHIL-ROUTE DE GRAY),47.2656,6.0051,Nuit sans éclairage public,Hors agglomération,Hors intersection,Normale,Trois véhicules et plus - en chaîne,2,1,2,0,1,2,1,0,1,90,3,3,0,0,0,3,21.0,19.0,voiture,voiture,3,1,1,1,4
201900024795,2019-04-13 00:00:00,2019,4,13,0,0,18,18033,VIGNES DE LA CHAPPE (CHEMIN DES),47.09043,2.42911,Nuit sans éclairage public,En agglomération,Hors intersection,Normale,Autre collision,4,2,1,0,1,3,1,0,1,50,1,1,0,1,0,0,22.0,,voiture,,3,2,1,1,6
201900024796,2019-04-13 11:05:00,2019,4,13,11,5,17,17380,GANIPOTE (AVENUE DE LA),45.65166,-1.0848,Plein jour,En agglomération,Giratoire,Normale,Deux véhicules - côté,4,-1,1,0,1,1,1,5,1,50,2,2,1,0,0,1,54.0,35.0,deux_roues,voiture,1,2,6,1,3
201900024797,2019-04-14 19:36:00,2019,4,14,19,36,17,17028,GRASSET   AVENUE EDMOND,46.13373,-1.114893,Plein jour,En agglomération,Hors intersection,Normale,Deux véhicules - arrière,4,2,2,0,1,1,1,0,1,30,2,2,1,0,0,1,72.0,48.0,voiture,voiture,1,2,1,1,2
201900024798,2019-04-14 12:15:00,2019,4,14,12,15,14,14301,LOUIS PASTEUR (RUE ),49.17791,-0.2795,Plein jour,En agglomération,Hors intersection,Normale,Trois véhicules et plus - collisions multiples,4,2,-1,-1,1,1,1,0,1,-1,3,3,2,0,0,1,23.0,64.0,voiture,voiture,1,2,1,1,5
201900024799,2019-04-15 15:45:00,2019,4,15,15,45,13,13209,MARÉCHAL DE LATTRE (AVENUE),43.245781,5.416254,Plein jour,En agglomération,Hors intersection,Normale,Trois véhicules et plus - collisions multiples,4,2,2,0,1,1,1,0,1,50,4,4,3,0,0,1,26.0,36.0,deux_roues,voiture,1,2,1,1,5
201900024800,2019-04-15 14:36:00,2019,4,15,14,36,13,13211,SAINT MARCEL (BOULEVARD DE ),43.28627,5.47287,Plein jour,En agglomération,Hors intersection,Normale,Autre collision,4,2,2,0,1,1,1,0,1,50,1,2,1,0,0,1,61.0,,deux_roues,,1,2,1,1,6
201900024801,2019-04-14 18:00:00,2019,4,14,18,0,13,13215,SAINT ANTOINE (AVENUE DE),43.375334,5.355855,Plein jour,En agglomération,Hors intersection,Normale,Autre collision,6,-1,0,0,1,1,1,9,1,30,1,2,1,0,0,1,29.0,,utilitaire_camion,,1,2,1,1,6
201900024802,2019-02-25 13:00:00,2019,2,25,13,0,13,13213,MARCEL DELPRAT (AVENUE),43.33476,5.45401,Plein jour,En agglomération,Hors intersection,Normale,Sans collision,4,2,1,0,1,1,1,9,1,30,1,2,1,0,0,1,43.0,,voiture,,1,2,1,1,7
201900024803,2019-04-14 04:35:00,2019,4,14,4,35,13,13215,LYON (RUE DE),43.33344,5.36409,Nuit avec éclairage allumé,En agglomération,Intersection en T,Normale,Deux véhicules - côté,4,2,3,3,1,1,1,0,1,50,2,1,0,0,0,1,59.0,,voiture,,5,2,3,1,3
201900024804,2019-04-14 00:50:00,2019,4,14,0,50,13,13201,LIBERATION (BOULEVARD)  1 A 65,43.30124,5.39224,Nuit avec éclairage allumé,En agglomération,Hors intersection,Normale,Autre collision,4,2,2,0,2,1,1,0,1,50,2,2,0,0,0,2,26.0,,deux_roues,,5,2,1,1,6
201900024805,2019-04-14 06:11:00,2019,4,14,6,11,10,10387,ANATOLE FRANCE (RUE),48.2803,4.0687,Nuit avec éclairage allumé,En agglomération,Intersection en X,Normale,Deux véhicules - côté,4,2,2,2,1,1,1,5,1,50,2,2,0,0,0,2,46.0,,voiture,,5,2,2,1,3
201900024806,2019-04-14 16:45:00,2019,4,14,16,45,6,06088,TRACHEL (RUE),43.706032,7.258877,Plein jour,En agglomération,Hors intersection,Normale,Autre collision,4,1,3,0,1,1,1,8,1,50,1,2,1,0,0,1,61.0,,voiture,,1,2,1,1,6
201900024807,2019-04-13 12:05:00,2019,4,13,12,5,6,06088,BELLET (RTE DE),43.715254,7.220206,Plein jour,En agglomération,Hors intersection,Normale,Deux véhicules - frontale,4,2,2,0,1,1,1,0,1,50,2,4,3,0,1,0,21.0,23.0,deux_roues,voiture,1,2,1,1,1
201900024808,2019-04-15 17:10:00,2019,4,15,17,10,6,06069,THIERS (AVENUE),43.66091,6.92263,Plein jour,En agglomération,Place,Normale,Autre collision,3,1,1,0,1,2,1,0,1,50,1,2,1,0,1,0,62.0,,utilitaire_camion,,1,2,7,1,6
201900024809,2019-04-14 16:50:00,2019,4,14,16,50,6,06069,SAINT MARC - LE PLAN DE GRASSE (CHEMIN D,43.632896,6.9632372,Plein jour,En agglomération,Hors intersection,Pluie légère,Deux véhicules - frontale,4,2,1,0,2,1,2,0,1,50,2,2,1,0,0,1,40.0,,voiture,,1,2,1,2,1
201900024810,2019-04-14 13:15:00,2019,4,14,13,15,6,06069,CANNES (ROUTE DE)  -RD 6085-,43.64281,6.94623,Plein jour,En agglomération,Hors intersection,Normale,Sans collision,3,-1,1,0,2,2,2,0,1,50,1,2,1,0,0,1,20.0,,voiture,,1,2,1,1,7
201900024811,2019-04-14 13:07:00,2019,4,14,13,7,5,05061,JEAN JAURES ( AVENUE ),44.5504,6.0692,Plein jour,En agglomération,Hors intersection,Normale,Deux véhicules - arrière,2,2,2,0,1,1,1,0,1,50,2,3,2,0,0,1,58.0,62.0,voiture,voiture,1,2,1,1,2
201900024812,2019-04-14 03:35:00,2019,4,14,3,35,1,01053,SPORTS ((AVENUE DES - N°1( A FIN),46.20714,5.23571,Nuit avec éclairage allumé,En agglomération,Hors intersection,Normale,Autre collision,3,2,3,0,1,1,1,0,2,50,1,1,0,0,1,0,21.0,,voiture,,5,2,1,1,6
201900024813,2019-04-14 17:30:00,2019,4,14,17,30,75,75117,PORTE DE CHAMPERRET,48.884068,2.285102,Plein jour,En agglomération,Hors intersection,Normale,Trois véhicules et plus - en chaîne,4,1,4,0,1,1,1,0,1,70,3,5,3,0,0,2,26.0,30.0,voiture,voiture,1,2,1,1,4
201900024814,2019-04-14 18:25:00,2019,4,14,18,25,75,75117,AVENUE DE VILLIERS,48.881951,2.313566,Plein jour,En agglomération,Intersection en X,Normale,Autre collision,4,2,2,0,1,1,1,0,1,50,1,5,3,0,1,1,93.0,,voiture,,1,2,2,1,6
201900024815,2019-04-14 17:47:00,2019,4,14,17,47,75,75120,BOULEVARD MORTIER,48.876852,2.407028,Plein jour,En agglomération,Hors intersection,Normale,Autre collision,4,2,6,3,2,1,1,9,1,30,1,2,1,0,0,1,26.0,,transport_commun,,1,2,1,1,6
201900024816,2019-04-15 20:50:00,2019,4,15,20,50,75,75119,BOULEVARD MACDONALD,48.89879,2.383679,Nuit avec éclairage allumé,En agglomération,Hors intersection,Pluie légère,Autre collision,4,2,3,0,1,1,1,0,1,50,2,1,0,0,0,1,52.0,,deux_roues,,5,2,1,2,6
201900024817,2019-04-15 13:40:00,2019,4,15,13,40,75,75118,BOULEVARD ORNANO,48.891564,2.349594,Plein jour,En agglomération,Intersection en X,Normale,Deux véhicules - côté,4,2,6,3,1,1,1,0,6,50,2,2,1,0,0,1,35.0,25.0,voiture,deux_roues,1,2,2,1,3
201900024818,2019-04-15 11:45:00,2019,4,15,11,45,75,75118,BOULEVARD ORNANO,48.895253,2.346618,Plein jour,En agglomération,Intersection en X,Normale,Autre collision,4,2,4,0,1,1,1,0,1,50,2,1,0,0,0,1,25.0,,deux_roues,,1,2,2,1,6
201900024819,2019-04-15 15:05:00,2019,4,15,15,5,75,75117,BOULEVARD DES BATIGNOLLES,48.882803,2.323252,Plein jour,En agglomération,Intersection en X,Normale,Deux véhicules - côté,4,1,3,0,1,1,1,0,1,30,2,2,1,0,0,1,25.0,30.0,voiture,deux_roues,1,2,2,1,3
201900024820,2019-04-15 11:15:00,2019,4,15,11,15,75,75117,AVENUE DE LA GRANDE ARMEE,48.875715,2.288939,Plein jour,En agglomération,Intersection en T,Normale,Deux véhicules - côté,4,2,8,1,2,1,1,0,5,50,2,2,1,0,0,1,39.0,,deux_roues,,1,2,3,1,3
201900024821,2019-04-14 17:45:00,2019,4,14,17,45,75,75116,AVENUE DU MAHATMA GANDHI,48.876446,2.264512,Plein jour,En agglomération,Hors intersection,Normale,Autre collision,4,2,2,0,1,1,1,0,1,50,1,1,0,0,0,1,16.0,,deux_roues,,1,2,1,1,6
201900024822,2019-04-10 21:45:00,2019,4,10,21,45,75,75116,AVENUE DE VERSAILLES,48.845934,2.272231,Nuit avec éclairage allumé,En agglomération,Hors intersection,Normale,Deux véhicules - arrière,4,2,3,0,1,1,1,0,1,50,2,2,1,0,0,1,23.0,57.0,voiture,voiture,5,2,1,1,2
201900024823,2019-04-15 13:20:00,2019,4,15,13,20,75,75115,QUAI DE GRENELLE,48.850849,2.283682,Plein jour,En agglomération,Intersection en T,Normale,Deux véhicules - côté,4,2,3,0,1,1,1,0,1,50,2,2,1,0,0,1,53.0,36.0,deux_roues,voiture,1,2,3,1,3
201900024824,2019-04-15 11:25:00,2019,4,15,11,25,75,75114,RUE D ALESIA,48.831823,2.314131,Plein jour,En agglomération,Intersection en X,Normale,Autre collision,4,2,4,0,1,1,1,0,1,50,1,2,1,0,0,1,33.0,,deux_roues,,1,2,2,1,6
201900024825,2019-04-15 17:25:00,2019,4,15,17,25,75,75113,RUE DE TOLBIAC,48.825941,2.345215,Plein jour,En agglomération,Intersection en X,Normale,Deux véhicules - arrière,4,2,4,0,1,1,1,0,1,50,2,2,0,0,0,2,26.0,52.0,deux_roues,deux_roues,1,2,2,1,2
201900024826,2019-04-15 10:02:00,2019,4,15,10,2,75,75113,RUE ALBERT BAYET,48.829561,2.359934,Plein jour,En agglomération,Intersection en Y,Normale,Deux véhicules - côté,4,2,2,0,1,1,1,5,1,50,2,2,1,0,0,1,48.0,60.0,voiture,deux_roues,1,2,4,1,3
201900024827,2019-04-15 08:25:00,2019,4,15,8,25,75,75113,QUAI D AUSTERLITZ,48.84192,2.36787,Plein jour,En agglomération,Intersection en X,Normale,Autre collision,4,2,5,0,2,1,1,0,1,50,1,2,1,0,0,1,46.0,,voiture,,1,2,2,1,6
201900024828,2019-04-14 18:50:00,2019,4,14,18,50,75,75113,RUE VULPIAN,48.830642,2.345941,Plein jour,En agglomération,Intersection en T,Normale,Deux véhicules - côté,4,1,2,2,1,1,1,0,1,30,2,2,1,0,0,1,33.0,24.0,voiture,deux_roues,1,2,3,1,3
201900024829,2019-04-15 14:15:00,2019,4,15,14,15,75,75112,AVENUE DAUMESNIL,48.848652,2.372562,Plein jour,En agglomération,Intersection en X,Normale,Autre collision,4,1,2,3,1,1,1,0,1,50,2,1,0,0,0,1,49.0,,transport_commun,,1,2,2,1,6
201900024830,2019-04-14 22:10:00,2019,4,14,22,10,75,75112,AVENUE LEDRU ROLLIN,48.84685,2.369406,Nuit avec éclairage allumé,En agglomération,Intersection en X,Normale,Deux véhicules - côté,4,1,2,0,1,1,1,0,1,50,2,3,1,0,0,2,29.0,22.0,deux_roues,voiture,5,2,2,1,3
201900024831,2019-04-14 04:00:00,2019,4,14,4,0,75,75112,AVENUE DAUMESNIL,48.841112,2.389023,Nuit avec éclairage allumé,En agglomération,Intersection en X,Normale,Deux véhicules - frontale,4,2,2,1,1,1,1,0,1,50,2,2,0,0,0,2,28.0,50.0,voiture,voiture,5,2,2,1,1
201900024832,2019-04-14 04:30:00,2019,4,14,4,30,75,75111,RUE DE LAPPE,48.853732,2.372643,Nuit avec éclairage allumé,En agglomération,Intersection en T,Normale,Autre collision,4,1,1,0,1,1,1,0,1,30,1,2,1,0,0,1,59.0,,voiture,,5,2,3,1,6
201900024833,2019-04-15 18:00:00,2019,4,15,18,0,75,75110,BOULEVARD DE STRASBOURG,48.875046,2.357546,Plein jour,En agglomération,Intersection en T,Normale,Deux véhicules - côté,4,3,2,0,1,1,1,8,1,30,2,2,1,0,0,1,33.0,30.0,deux_roues,utilitaire_camion,1,2,3,1,3
201900024834,2019-04-14 04:55:00,2019,4,14,4,55,75,75110,BOULEVARD DE MAGENTA,48.870768,2.360998,Nuit avec éclairage allumé,En agglomération,Hors intersection,Normale,Autre collision,4,2,4,3,1,1,1,0,1,50,1,1,0,0,0,1,46.0,,voiture,,5,2,1,1,6
201900024835,2019-04-14 17:30:00,2019,4,14,17,30,75,75107,RUE DE GRENELLE,48.854421,2.325909,Plein jour,En agglomération,Intersection en X,Normale,Autre collision,4,1,1,0,1,1,1,0,1,50,1,1,0,0,0,1,,,,,1,2,2,1,6
201900024836,2019-04-14 22:35:00,2019,4,14,22,35,75,75101,RUE DE CASTIGLIONE,48.86594,2.327873,Nuit avec éclairage allumé,En agglomération,Intersection en X,Normale,Deux véhicules - arrière,4,2,2,0,1,1,1,0,1,50,2,2,1,0,0,1,38.0,60.0,deux_roues,voiture,5,2,2,1,2
201900024837,2019-04-14 16:10:00,2019,4,14,16,10,75,75104,BOULEVARD MORLAND,48.847469,2.365539,Plein jour,En agglomération,Intersection en X,Normale,Deux véhicules - côté,4,1,3,0,1,1,1,0,1,50,2,1,0,0,0,1,26.0,,deux_roues,,1,2,2,1,3
201900024838,2019-04-14 15:00:00,2019,4,14,15,0,75,75101,RUE DU LOUVRE,48.865286,2.343083,Plein jour,En agglomération,Intersection en X,Normale,Deux véhicules - arrière,4,2,3,3,1,1,1,0,1,30,2,2,1,0,0,1,38.0,28.0,deux_roues,utilitaire_camion,1,2,2,1,2