accident_id,datetime,annee,mois,jour,heure,minute,departement,commune_insee,adresse,latitude,longitude,luminosite,agglomeration,intersection,meteo,collision,catr,circ,nbv,vosp,prof,plan,surf,infra,situ,vma,nb_vehicules,nb_usagers,nb_indemnes,nb_tues,nb_blesses_hosp,nb_blesses_legers,age_cond_1,age_cond_2,veh_type_cond_1,veh_type_cond_2,lum_code,agg_code,int_code,atm_code,col_code
201900024929,2019-06-29 15:40:00,2019,6,29,15,40,75,75119,QUAI DE LA LOIRE,48.88752,2.379165,Plein jour,En agglomération,Hors intersection,Normale,Autre collision,4,1,1,0,1,1,1,0,1,50,1,2,1,0,0,1,56.0,,voiture,,1,2,1,1,6
201900024930,2019-06-29 13:40:00,2019,6,29,13,40,75,75119,SOUTERRAIN CHAUMONT VILLETTE,48.893408,2.394679,Plein jour,En agglomération,Intersection en Y,Normale,Sans collision,4,1,1,0,1,1,1,0,1,70,1,1,0,0,1,0,38.0,,deux_roues,,1,2,4,1,7
201900024931,2019-06-28 22:13:00,2019,6,28,22,13,75,75119,AVENUE JEAN JAURES,48.889044,2.394006,Nuit avec éclairage allumé,En agglomération,Hors intersection,Normale,Deux véhicules - côté,4,2,4,1,1,1,1,0,5,50,2,2,1,0,0,1,33.0,17.0,voiture,deux_roues,5,2,1,1,3
201900024932,2019-06-27 17:00:00,2019,6,27,17,0,75,75119,AVENUE DE FLANDRE,48.884035,2.368846,Plein jour,En agglomération,Place,Normale,Autre collision,4,1,2,0,1,3,1,0,1,50,1,2,1,0,0,1,19.0,,deux_roues,,1,2,7,1,6
201900024933,2019-06-29 17:40:00,2019,6,29,17,40,75,75118,AVENUE DE LA PORTE DE SAINT OUEN,48.900334,2.330185,Plein jour,En agglomération,Intersection en X,Normale,Deux véhicules - arrière,4,1,1,0,1,1,1,0,1,30,2,2,0,0,0,2,25.0,24.0,transport_commun,deux_roues,1,2,2,1,2
201900024934,2019-06-28 21:55:00,2019,6,28,21,55,75,75118,RUE LAMARCK,48.890546,2.33431,Nuit avec éclairage allumé,En agglomération,Intersection en X,Normale,Autre collision,4,1,4,0,2,1,1,0,1,50,1,1,0,0,0,1,,,,,5,2,2,1,6
201900024935,2019-06-28 16:30:00,2019,6,28,16,30,75,75118,BOULEVARD DE CLICHY,48.882875,2.336191,Plein jour,En agglomération,Intersection en T,Normale,Deux véhicules - côté,4,1,2,0,1,1,1,0,1,50,2,2,1,0,0,1,50.0,42.0,voiture,deux_roues,1,2,3,1,3
201900024936,2019-06-27 16:50:00,2019,6,27,16,50,75,75118,BOULEVARD BARBES,48.888352,2.349577,Plein jour,En agglomération,Intersection en X,Normale,Autre collision,4,2,4,3,1,1,1,0,6,50,1,2,1,0,0,1,31.0,,deux_roues,,1,2,2,1,6
201900024937,2019-06-29 02:40:00,2019,6,29,2,40,75,75116,AVENUE DE LA GRANDE ARMEE,48.876876,2.28528,Nuit avec éclairage allumé,En agglomération,Intersection en Y,Normale,Deux véhicules - frontale,4,2,6,0,2,1,1,0,1,30,2,2,0,0,0,2,29.0,36.0,deux_roues,deux_roues,5,2,4,1,1
201900024938,2019-06-27 16:20:00,2019,6,27,16,20,75,75117,AVENUE DE CLICHY,48.891279,2.318988,Plein jour,En agglomération,Intersection en Y,Normale,Autre collision,4,2,2,0,2,1,1,0,1,30,1,2,1,0,0,1,25.0,,deux_roues,,1,2,4,1,6
201900024939,2019-06-29 20:20:00,2019,6,29,20,20,75,75116,RUE DE REMUSAT,48.847907,2.271539,Plein jour,En agglomération,Hors intersection,Normale,Autre collision,4,1,0,0,2,1,1,0,1,50,1,2,1,0,0,1,47.0,,voiture,,1,2,1,1,6
201900024940,2019-06-26 19:50:00,2019,6,26,19,50,75,75116,AVENUE RAYMOND POINCARE,48.869465,2.285406,Plein jour,En agglomération,Giratoire,Normale,Autre collision,4,2,2,0,1,1,1,8,1,50,1,1,0,0,0,1,,,,,1,2,6,1,6
201900024941,2019-06-26 12:40:00,2019,6,26,12,40,75,75116,ROUTE DES TRIBUNES,48.861974,2.230391,Plein jour,En agglomération,Intersection en T,Normale,Deux véhicules - arrière,4,1,1,1,1,1,1,0,5,50,2,2,1,0,0,1,27.0,32.0,deux_roues,voiture,1,2,3,1,2
201900024942,2019-06-29 13:05:00,2019,6,29,13,5,75,75115,RUE PAUL BARRUEL,48.838639,2.30526,Plein jour,En agglomération,Intersection en X,Normale,Deux véhicules - côté,4,2,2,1,1,1,1,0,1,50,2,2,1,0,0,1,38.0,33.0,utilitaire_camion,deux_roues,1,2,2,1,3
201900024943,2019-06-28 17:10:00,2019,6,28,17,10,75,75107,AVENUE DE SUFFREN,48.853075,2.297929,Plein jour,En agglomération,Intersection en T,Normale,Deux véhicules - côté,4,2,2,0,1,1,1,0,1,50,2,2,1,0,0,1,13.0,47.0,deux_roues,voiture,1,2,3,1,3
201900024944,2019-06-27 19:50:00,2019,6,27,19,50,75,75115,RUE DE VOUILLE,48.834731,2.305138,Plein jour,En agglomération,Intersection en X,Normale,Autre collision,4,2,2,0,1,1,1,0,1,50,1,2,1,0,0,1,53.0,,transport_commun,,1,2,2,1,6
201900024945,2019-06-26 12:55:00,2019,6,26,12,55,75,75115,RUE MADEMOISELLE,48.843195,2.30068,Plein jour,En agglomération,Intersection en T,Normale,Autre collision,4,-1,1,0,1,1,1,0,1,30,1,2,0,0,0,2,63.0,,deux_roues,,1,2,3,1,6
201900024946,2019-06-29 01:35:00,2019,6,29,1,35,75,75114,BOULEVARD BRUNE,48.827605,2.305538,Nuit avec éclairage allumé,En agglomération,Hors intersection,Normale,Sans collision,4,2,2,0,1,1,1,0,1,50,1,2,1,0,0,1,22.0,,deux_roues,,5,2,1,1,7
201900024947,2019-06-27 14:50:00,2019,6,27,14,50,75,75114,BOULEVARD PERIPHERIQUE INTERIEUR SUD,48.822011,2.316797,Plein jour,En agglomération,Intersection en Y,Normale,Deux véhicules - arrière,4,1,3,0,1,1,1,0,1,70,2,3,2,0,0,1,63.0,74.0,voiture,utilitaire_camion,1,2,4,1,2
201900024948,2019-06-27 17:05:00,2019,6,27,17,5,75,75113,RUE DE TOLBIAC,48.827025,2.366496,Plein jour,En agglomération,Intersection en X,Normale,Autre collision,4,2,3,0,1,1,1,6,1,30,1,1,0,0,0,1,,,,,1,2,2,1,6
201900024949,2019-06-27 12:30:00,2019,6,27,12,30,75,75113,BOULEVARD DE L HOPITAL,48.83883,2.36102,Plein jour,En agglomération,Intersection en T,Normale,Deux véhicules - côté,4,2,2,0,1,1,1,0,1,50,2,2,1,0,0,1,68.0,39.0,voiture,deux_roues,1,2,3,1,3
201900024950,2019-06-26 20:30:00,2019,6,26,20,30,75,75113,BOULEVARD MASSENA,48.819215,2.362054,Plein jour,En agglomération,Intersection en T,Normale,Deux véhicules - côté,4,3,6,3,1,4,1,4,1,50,2,2,1,0,1,0,33.0,56.0,deux_roues,transport_commun,1,2,3,1,3
201900024951,2019-06-29 15:18:00,2019,6,29,15,18,75,75112,BOULEVARD DE PICPUS,48.846613,2.400182,Plein jour,En agglomération,Intersection en T,Normale,Deux véhicules - côté,4,-1,1,0,1,1,1,0,1,30,2,3,0,0,0,3,20.0,12.0,deux_roues,deux_roues,1,2,3,1,3
201900024952,2019-06-27 06:30:00,2019,6,27,6,30,75,75112,RUE CLAUDE TILLIER,48.848729,2.388798,Crépuscule ou aube,En agglomération,Hors intersection,Normale,Autre collision,4,1,10,0,1,1,1,0,1,50,1,2,1,0,0,1,39.0,,utilitaire_camion,,2,2,1,1,6
201900024953,2019-06-28 22:45:00,2019,6,28,22,45,75,75111,RUE OBERKAMPF,48.866781,2.382051,Nuit avec éclairage allumé,En agglomération,Hors intersection,Temps éblouissant,Autre collision,4,1,1,0,1,1,1,0,1,50,1,1,0,0,0,1,27.0,,deux_roues,,5,2,1,7,6
201900024954,2019-06-28 19:30:00,2019,6,28,19,30,75,75111,BOULEVARD DE BELLEVILLE,48.870731,2.37815,Plein jour,En agglomération,Intersection en X,Normale,Autre collision,4,1,1,0,1,1,1,0,1,50,1,1,0,0,0,1,,,,,1,2,2,1,6
201900024955,2019-06-27 19:50:00,2019,6,27,19,50,75,75111,RUE DU PASTEUR WAGNER,48.855916,2.369169,Plein jour,En agglomération,Intersection en X,Normale,Deux véhicules - côté,4,2,2,0,2,1,1,0,1,30,2,2,1,0,0,1,32.0,29.0,deux_roues,voiture,1,2,2,1,3
201900024956,2019-06-27 03:10:00,2019,6,27,3,10,75,75111,PLACE DE LA BASTILLE,48.853272,2.36993,Nuit avec éclairage allumé,En agglomération,Hors intersection,Normale,Autre collision,4,2,2,0,1,2,1,9,1,50,1,2,1,0,0,1,55.0,,transport_commun,,5,2,1,1,6
201900024957,2019-06-29 18:11:00,2019,6,29,18,11,75,75110,RUE LOUIS BLANC,48.881094,2.365167,Plein jour,En agglomération,Intersection en X,Normale,Deux véhicules - côté,4,2,1,0,1,1,1,0,1,50,2,2,1,0,0,1,37.0,22.0,voiture,deux_roues,1,2,2,1,3
201900024958,2019-06-28 13:10:00,2019,6,28,13,10,75,75110,AVENUE CLAUDE VELLEFAUX,48.874912,2.370386,Plein jour,En agglomération,Hors intersection,Normale,Trois véhicules et plus - collisions multiples,4,2,0,0,2,1,1,0,1,50,3,3,2,0,0,1,59.0,29.0,utilitaire_camion,deux_roues,1,2,1,1,5
201900024959,2019-06-27 14:00:00,2019,6,27,14,0,75,75110,RUE DU FAUBOURG SAINT DENIS,48.872446,2.354178,Plein jour,En agglomération,Hors intersection,Normale,Autre collision,4,2,1,0,1,1,1,6,1,20,1,2,1,0,0,1,38.0,,voiture,,1,2,1,1,6
201900024960,2019-06-27 14:20:00,2019,6,27,14,20,75,75109,RUE LE PELETIER,48.872235,2.338292,Plein jour,En agglomération,Intersection en X,Normale,Autre collision,4,1,1,0,1,1,1,8,1,30,1,1,0,0,0,1,62.0,,voiture,,1,2,2,1,6
201900024961,2019-06-26 12:55:00,2019,6,26,12,55,75,75108,RUE D AMSTERDAM,48.87597,2.326861,Plein jour,En agglomération,Hors intersection,Normale,Autre collision,4,1,2,3,2,1,1,0,1,50,1,2,1,0,0,1,31.0,,deux_roues,,1,2,1,1,6
201900024962,2019-06-25 06:50:00,2019,6,25,6,50,75,75104,RUE JACQUES COEUR,48.851767,2.367033,Plein jour,En agglomération,Intersection en X,Normale,Deux véhicules - côté,4,2,2,0,1,1,1,0,1,50,2,2,1,0,0,1,54.0,44.0,utilitaire_camion,utilitaire_camion,1,2,2,1,3
201900024963,2019-06-28 14:17:00,2019,6,28,14,17,75,75108,RUE TRONCHET,48.873768,2.327022,Plein jour,En agglomération,Intersection en X,Temps éblouissant,Autre collision,4,2,4,0,1,1,1,0,1,50,1,2,1,0,0,1,20.0,,voiture,,1,2,2,7,6
201900024964,2019-06-27 18:40:00,2019,6,27,18,40,75,75108,RUE LA BOETIE,48.872314,2.309377,Plein jour,En agglomération,Hors intersection,Normale,Trois véhicules et plus - en chaîne,4,1,1,0,1,1,1,0,1,50,3,4,3,0,0,1,36.0,50.0,voiture,deux_roues,1,2,1,1,4
201900024965,2019-06-27 06:40:00,2019,6,27,6,40,75,75107,RUE DU BAC,48.858588,2.328597,Crépuscule ou aube,En agglomération,Hors intersection,Normale,Autre collision,4,1,1,0,1,1,1,0,1,30,1,2,1,0,0,1,27.0,,deux_roues,,2,2,1,1,6
201900024966,2019-06-26 18:50:00,2019,6,26,18,50,75,75107,PLACE DE L ECOLE MILITAIRE,48.854276,2.305443,Plein jour,En agglomération,Intersection à plus de 4 branches,Normale,Deux véhicules - arrière,4,-1,1,0,1,1,1,0,1,50,2,2,1,0,0,1,39.0,44.0,utilitaire_camion,deux_roues,1,2,5,1,2
201900024967,2019-06-28 20:30:00,2019,6,28,20,30,75,75103,RUE DES GRAVILLIERS,48.863907,2.356506,Plein jour,En agglomération,Hors intersection,Normale,Autre collision,4,1,1,0,1,1,1,0,1,50,1,2,1,0,0,1,44.0,,utilitaire_camion,,1,2,1,1,6
201900024968,2019-06-29 04:10:00,2019,6,29,4,10,75,75104,QUAI HENRI IV,48.849754,2.361504,Nuit avec éclairage allumé,En agglomération,Intersection en T,Normale,Autre collision,4,1,2,0,1,2,1,0,1,50,1,1,0,0,0,1,35.0,,deux_roues,,5,2,3,1,6
201900024969,2019-06-29 02:20:00,2019,6,29,2,20,75,75101,RUE THERESE,48.866255,2.335501,Nuit avec éclairage allumé,En agglomération,Intersection en X,Normale,Autre collision,4,1,1,0,1,1,1,0,1,30,1,1,0,0,0,1,,,,,5,2,2,1,6
201900024970,2019-06-28 12:00:00,2019,6,28,12,0,75,75101,AVENUE DE L OPERA,48.865173,2.334643,Plein jour,En agglomération,Hors intersection,Normale,Autre collision,4,1,6,3,1,1,1,0,6,50,1,3,1,0,0,2,33.0,,transport_commun,,1,2,1,1,6
201900024971,2019-06-26 19:50:00,2019,6,26,19,50,75,75104,BOULEVARD BOURDON,48.852183,2.367888,Plein jour,En agglomération,Hors intersection,Normale,Deux véhicules - côté,4,1,0,0,1,1,1,9,1,50,2,2,1,0,0,1,23.0,47.0,deux_roues,voiture,1,2,1,1,3
201900024972,2019-06-29 15:10:00,2019,6,29,15,10,94,94081,ANATOLE FRANCE (AV),48.80659,2.40463,Plein jour,En agglomération,Hors intersection,Normale,Autre collision,3,2,2,0,1,1,1,0,1,50,2,1,0,0,0,1,21.0,,deux_roues,,1,2,1,1,6
201900024973,2019-06-28 14:25:00,2019,6,28,14,25,94,94080,PARIS (AV DE),48.84519,2.43083,Plein jour,En agglomération,Hors intersection,Normale,Deux véhicules - côté,3,2,4,0,1,1,1,0,1,50,2,2,1,0,0,1,42.0,35.0,deux_roues,deux_roues,1,2,1,1,3
201900024974,2019-06-29 18:15:00,2019,6,29,18,15,94,94078,PARIS (rue de ),48.73618,2.44686,Plein jour,En agglomération,Hors intersection,Normale,Sans collision,2,3,4,0,1,1,1,0,1,50,1,2,1,0,0,1,20.0,,deux_roues,,1,2,1,1,7
201900024975,2019-06-28 13:50:00,2019,6,28,13,50,94,94078,MELUN (AV DE),48.722654,2.4434581,Plein jour,En agglomération,Hors intersection,Normale,Deux véhicules - arrière,2,1,2,0,1,1,1,0,1,50,2,2,1,0,0,1,41.0,38.0,deux_roues,voiture,1,2,1,1,2
201900024976,2019-06-28 13:15:00,2019,6,28,13,15,94,94078,ROLAND GARROS (R),48.752,2.451,Plein jour,En agglomération,Intersection en T,Normale,Deux véhicules - arrière,4,2,2,0,1,1,1,0,1,50,2,3,2,0,1,0,19.0,27.0,deux_roues,utilitaire_camion,1,2,3,1,2
201900024977,2019-06-28 00:05:00,2019,6,28,0,5,94,94077,DIDIER DAURAT (rue),48.7330779,2.4029696,Nuit avec éclairage allumé,En agglomération,Autre intersection,Normale,Autre collision,3,2,2,0,1,3,1,0,1,50,2,1,0,0,0,1,48.0,,voiture,,5,2,9,1,6
201900024978,2019-06-28 14:00:00,2019,6,28,14,0,94,94068,DOCTEUR CALMETTE (AV DU),48.80221,2.48993,Plein jour,En agglomération,Hors intersection,Normale,Autre collision,4,2,2,0,1,1,1,0,1,50,2,2,1,0,0,1,63.0,70.0,voiture,voiture,1,2,1,1,6
201900024979,2019-06-28 00:35:00,2019,6,28,0,35,94,94068,CARNOT (AV),48.79807,2.48711,Nuit avec éclairage allumé,En agglomération,Intersection en X,Normale,Deux véhicules - côté,3,2,2,0,1,1,1,0,1,50,2,2,1,0,0,1,33.0,50.0,deux_roues,voiture,5,2,2,1,3
201900024980,2019-06-28 09:45:00,2019,6,28,9,45,94,94058,ALSACE LORRAINE (BD D),48.85011,2.50041,Plein jour,En agglomération,Intersection en T,Normale,Deux véhicules - côté,3,3,4,0,1,1,1,0,1,50,2,2,1,0,0,1,41.0,21.0,voiture,deux_roues,1,2,3,1,3
201900024981,2019-06-27 12:20:00,2019,6,27,12,20,94,94058,ALSACE LORRAINE (BD D),48.851893,2.509093,Plein jour,En agglomération,Hors intersection,Normale,Deux véhicules - arrière,3,3,4,0,2,1,1,0,1,50,2,3,2,0,0,1,45.0,42.0,transport_commun,voiture,1,2,1,1,2
201900024982,2019-06-29 11:25:00,2019,6,29,11,25,94,94016,COUSIN DE MERICOURT (AV),48.798,2.333,Plein jour,En agglomération,Hors intersection,Normale,Deux véhicules - côté,4,2,2,0,1,1,1,0,1,50,2,3,2,0,0,1,43.0,27.0,deux_roues,utilitaire_camion,1,2,1,1,3
201900024983,2019-06-27 07:15:00,2019,6,27,7,15,94,94016,MARECHAL DE LATTRE DE TASSIGNY (AV DU),48.79,2.3318,Plein jour,En agglomération,Giratoire,Normale,Autre collision,3,2,2,0,1,1,1,0,1,50,2,1,0,0,0,1,31.0,,voiture,,1,2,6,1,6
201900024984,2019-06-26 19:00:00,2019,6,26,19,0,94,94003,CONVENTION (AV DE LA),48.80121,2.33342,Plein jour,En agglomération,Hors intersection,Normale,Deux véhicules - arrière,4,3,2,0,1,1,1,0,1,50,2,2,1,0,0,1,37.0,42.0,deux_roues,voiture,1,2,1,1,2
201900024985,2019-06-29 08:45:00,2019,6,29,8,45,94,94041,ROBESPIERRE (R),48.809,2.386,Plein jour,En agglomération,Hors intersection,Normale,Autre collision,4,1,1,0,2,1,1,0,1,50,1,2,1,0,0,1,45.0,,utilitaire_camion,,1,2,1,1,6
201900024986,2019-06-27 13:30:00,2019,6,27,13,30,94,94041,MIRABEAU (R),48.8171,2.3793,Plein jour,En agglomération,Hors intersection,Normale,Deux véhicules - arrière,4,1,1,1,1,1,1,0,1,50,2,4,2,0,0,2,53.0,64.0,voiture,utilitaire_camion,1,2,1,1,2
201900024987,2019-06-29 16:00:00,2019,6,29,16,0,94,94033,MARECHAL JOFFRE (AV DU),48.8534,2.4754,Plein jour,En agglomération,Hors intersection,Normale,Deux véhicules - arrière,4,-1,2,0,2,1,1,0,1,50,2,2,1,0,0,1,41.0,32.0,voiture,deux_roues,1,2,1,1,2
201900024988,2019-06-26 19:30:00,2019,6,26,19,30,94,94028,CHOISY(ROUTE DE),48.78848,2.45133,Plein jour,En agglomération,Hors intersection,Normale,Deux véhicules - côté,3,1,3,3,1,1,1,0,1,50,2,3,2,0,0,1,59.0,32.0,voiture,transport_commun,1,2,1,1,3
201900024989,2019-06-29 11:25:00,2019,6,29,11,25,94,94054,VERGER (RLE DU),48.74437,2.40096,Plein jour,En agglomération,Intersection en X,Normale,Autre collision,4,2,2,0,2,3,1,0,1,50,1,2,1,0,0,1,40.0,,voiture,,1,2,2,1,6
201900024990,2019-06-27 13:50:00,2019,6,27,13,50,94,94054,PIERRE SEMARD (R),48.74383,2.41796,Plein jour,En agglomération,Intersection en T,Normale,Autre collision,4,2,2,0,1,2,1,0,1,50,1,3,1,0,0,2,21.0,,voiture,,1,2,3,1,6
201900024991,2019-06-27 16:20:00,2019,6,27,16,20,94,94022,VICTOR HUGO (AV),48.76804,2.41849,Plein jour,En agglomération,Hors intersection,Normale,Autre collision,3,1,2,0,1,1,1,0,1,50,1,1,0,0,1,0,,,,,1,2,1,1,6
201900024992,2019-06-27 21:25:00,2019,6,27,21,25,94,94055,PINCE VENT (AV DE),48.7919,2.5551,Plein jour,En agglomération,Giratoire,Normale,Sans collision,3,3,4,0,1,1,1,0,-1,50,1,1,0,0,0,1,17.0,,deux_roues,,1,2,6,1,7
201900024993,2019-06-28 18:00:00,2019,6,28,18,0,94,94048,GROSBOIS (AV DE),48.72768,2.53943,Plein jour,En agglomération,Hors intersection,Normale,Sans collision,3,2,2,0,1,1,8,0,1,50,1,2,0,0,0,2,47.0,,deux_roues,,1,2,1,1,7
201900024994,2019-06-26 02:30:00,2019,6,26,2,30,94,94075,VIOLETTES (R DES),48.7236902,2.5389331,Nuit avec éclairage allumé,En agglomération,Hors intersection,Normale,Autre collision,4,2,1,0,2,1,1,0,1,50,1,1,0,0,0,1,40.0,,voiture,,5,2,1,1,6
201900024995,2019-06-29 17:00:00,2019,6,29,17,0,93,93072,MAXIME GORKI (BOULEVARD) N°72 AU 80,48.94574,2.3866,Plein jour,En agglomération,Hors intersection,Normale,Autre collision,3,3,2,0,1,1,1,5,1,50,1,2,1,0,0,1,54.0,,voiture,,1,2,1,1,6
201900024996,2019-06-28 16:30:00,2019,6,28,16,30,93,93072,STALINGRAD (AVENUE DE) COTE DES N°51 AU,48.9579,2.3969,Plein jour,En agglomération,Hors intersection,Normale,Deux véhicules - côté,3,2,4,0,1,1,1,0,1,50,2,4,1,0,0,3,36.0,43.0,voiture,voiture,1,2,1,1,3
201900024997,2019-06-29 18:30:00,2019,6,29,18,30,93,93039,BOCAGE,48.93421,2.33938,Plein jour,En agglomération,Hors intersection,Normale,Autre collision,4,1,1,0,1,1,1,0,1,30,1,1,0,0,0,1,,,,,1,2,1,1,6
201900024998,2019-06-29 16:30:00,2019,6,29,16,30,93,93066,COLONEL FABIEN (AVENUE),48.94579,2.34941,Plein jour,En agglomération,Hors intersection,Normale,Deux véhicules - arrière,3,3,4,0,1,1,1,0,1,50,2,2,1,0,0,1,23.0,21.0,voiture,voiture,1,2,1,1,2
201900024999,2019-06-29 22:30:00,2019,6,29,22,30,93,93066,RESISTANCE (PLACE),48.9325,2.3551,Nuit avec éclairage allumé,En agglomération,Hors intersection,Normale,Autre collision,4,1,0,0,1,1,1,0,1,30,1,2,1,0,0,1,29.0,,voiture,,5,2,1,1,6
201900025000,2019-06-28 00:12:00,2019,6,28,0,12,93,93066,LENINE (AVENUE) NR 2 A 26,48.942,2.3654,Nuit avec éclairage allumé,En agglomération,Intersection en X,Normale,Deux véhicules - côté,3,2,4,0,1,1,1,0,1,30,2,1,0,0,0,1,25.0,,deux_roues,,5,2,2,1,3
201900025001,2019-06-27 11:36:00,2019,6,27,11,36,93,93066,DELAUNAY HENRI,48.92595,2.35758,Plein jour,En agglomération,Hors intersection,Normale,Autre collision,4,2,2,0,1,1,1,0,1,50,1,2,1,1,0,0,28.0,,utilitaire_camion,,1,2,1,1,6
201900025002,2019-06-27 10:30:00,2019,6,27,10,30,93,93066,FRANCE ANATOLE (BOULEVARD) NR AUTRES,48.92678,2.35399,Plein jour,En agglomération,Hors intersection,Normale,Autre collision,3,1,2,0,1,1,1,0,1,50,1,2,1,0,0,1,43.0,,deux_roues,,1,2,1,1,6
201900025003,2019-06-27 13:50:00,2019,6,27,13,50,93,93064,ALSACE-LORRAINE (BOULEVARD),48.88349,2.48809,Plein jour,En agglomération,Intersection en T,Normale,Deux véhicules - arrière,3,2,2,0,1,1,1,0,1,50,2,2,1,0,0,1,63.0,44.0,utilitaire_camion,voiture,1,2,3,1,2
201900025004,2019-06-27 07:40:00,2019,6,27,7,40,93,93064,BOIS PERRIER (GARE SNCF),48.88284,2.48891,Plein jour,En agglomération,Hors intersection,Normale,Autre collision,4,2,2,3,1,3,1,0,1,50,1,2,1,0,1,0,38.0,,transport_commun,,1,2,1,1,6
201900025005,2019-06-28 22:00:00,2019,6,28,22,0,93,93062,GENERAL DE GAULLE (PLACE DU),48.89009,2.51287,Crépuscule ou aube,En agglomération,Hors intersection,Normale,Autre collision,4,2,2,3,1,1,1,5,1,50,1,2,1,0,0,1,61.0,,voiture,,2,2,1,1,6
201900025006,2019-06-29 14:25:00,2019,6,29,14,25,93,93055,MAGENTA,48.900707,2.392695,Plein jour,En agglomération,Hors intersection,Normale,Autre collision,4,1,1,0,1,1,1,0,1,50,1,2,1,0,0,1,37.0,,voiture,,1,2,1,1,6
201900025007,2019-06-29 09:47:00,2019,6,29,9,47,93,93055,GENERAL LECLERC(AVE DU)89/FIN ET 122/FIN,48.9035399,2.41266,Plein jour,En agglomération,Autre intersection,Normale,Deux véhicules - côté,3,2,3,0,1,1,1,0,1,50,2,3,2,0,0,1,37.0,19.0,utilitaire_camion,utilitaire_camion,1,2,9,1,3
201900025008,2019-06-27 09:10:00,2019,6,27,9,10,93,93053,VICTOR HUGO (AVENUE),48.89236,2.46926,Plein jour,En agglomération,Hors intersection,Normale,Autre collision,4,1,1,1,1,1,1,0,1,50,1,2,1,0,0,1,58.0,,deux_roues,,1,2,1,1,6
201900025009,2019-06-27 08:30:00,2019,6,27,8,30,93,93050,JEAN JAURES (AVENUE) COTE MAISON BLANCHE,48.86271,2.54512,Plein jour,En agglomération,Hors intersection,Normale,Deux véhicules - arrière,3,-1,5,0,1,1,1,0,1,50,2,2,1,0,0,1,30.0,33.0,deux_roues,deux_roues,1,2,1,1,2
201900025010,2019-06-29 19:20:00,2019,6,29,19,20,93,93048,PARIS (RUE DE),48.856201,2.425728,Plein jour,En agglomération,Hors intersection,Normale,Deux véhicules - côté,3,2,0,0,1,1,1,0,1,50,2,4,3,0,0,1,22.0,53.0,voiture,deux_roues,1,2,1,1,3
201900025011,2019-06-29 11:30:00,2019,6,29,11,30,93,93048,ETIENNE MARCEL (RUE),48.85744,2.42536,Plein jour,En agglomération,Intersection en X,Normale,Deux véhicules - arrière,4,1,2,0,1,1,1,0,1,50,2,2,1,0,0,1,66.0,51.0,utilitaire_camion,deux_roues,1,2,2,1,2
201900025012,2019-06-29 08:55:00,2019,6,29,8,55,93,93074,COURTRY RUE DE,48.929655,2.602947,Plein jour,Hors agglomération,Hors intersection,Normale,Sans collision,3,2,2,0,2,1,1,0,1,90,1,1,0,0,0,1,25.0,,voiture,,1,1,1,1,7
201900025013,2019-06-27 13:30:00,2019,6,27,13,30,93,93063,BENFLEET RUE DE,48.877242,2.441311,Plein jour,En agglomération,Intersection en Y,Normale,Autre collision,3,-1,0,0,1,1,1,0,1,50,1,1,0,0,0,1,,,,,1,2,4,1,6
201900025014,2019-07-03 12:35:00,2019,7,3,12,35,93,93032,BOURDONS   (CHEMIN DES),48.88903,2.52629,Plein jour,En agglomération,Hors intersection,Normale,Deux véhicules - arrière,4,2,0,0,1,1,1,0,1,50,2,2,1,0,0,1,69.0,48.0,voiture,voiture,1,2,1,1,2
201900025015,2019-06-27 08:20:00,2019,6,27,8,20,93,93032,JEAN JAURES (AVENUE),48.88359,2.52969,Plein jour,En agglomération,Intersection en T,Normale,Deux véhicules - côté,3,2,2,0,1,1,1,0,1,50,2,3,2,0,0,1,31.0,21.0,voiture,deux_roues,1,2,3,1,3
201900025016,2019-06-26 09:25:00,2019,6,26,9,25,93,93032,HENRI BARBUSSE   (AVENUE),48.88509,2.53218,Plein jour,En agglomération,Intersection en X,Normale,Deux véhicules - côté,4,1,2,0,4,1,1,5,1,50,2,2,1,0,0,1,28.0,40.0,deux_roues,utilitaire_camion,1,2,2,1,3
201900025017,2019-06-27 14:30:00,2019,6,27,14,30,93,93031,DE LATTRE DE TASSIGNY (1 A 51),48.95933,2.30025,Plein jour,En agglomération,Giratoire,Normale,Deux véhicules - côté,3,-1,2,0,1,1,1,9,1,50,2,2,1,0,0,1,39.0,15.0,voiture,deux_roues,1,2,6,1,3
201900025018,2019-06-29 05:00:00,2019,6,29,5,0,93,93029,JEAN JAURES (AVENUE),48.91737,2.45634,Nuit avec éclairage allumé,En agglomération,Hors intersection,Normale,Autre collision,3,-1,2,0,1,1,1,0,1,50,1,1,0,0,0,1,25.0,,utilitaire_camion,,5,2,1,1,6
201900025019,2019-06-28 13:00:00,2019,6,28,13,0,93,93057,JAURES (AV. JEAN) 1 A 123,48.906297,2.49907,Plein jour,En agglomération,Hors intersection,Normale,Deux véhicules - frontale,3,2,2,0,1,1,1,0,1,50,2,2,1,0,0,1,16.0,46.0,deux_roues,voiture,1,2,1,1,1
201900025020,2019-06-27 17:09:00,2019,6,27,17,9,93,93010,GALLIENI (AV.) DE 98 A 130,48.90601,2.4814,Plein jour,En agglomération,Hors intersection,Normale,Deux véhicules - côté,3,3,2,0,2,1,1,2,1,50,2,2,1,0,0,1,41.0,22.0,deux_roues,utilitaire_camion,1,2,1,1,3
201900025021,2019-05-29 12:00:00,2019,5,29,12,0,93,93008,LENINE (BOULEVARD),48.90648,2.439759,Plein jour,En agglomération,Hors intersection,Normale,Autre collision,4,1,2,0,1,1,1,0,1,50,1,2,1,0,0,1,37.0,,voiture,,1,2,1,1,6