accident_id,datetime,annee,mois,jour,heure,minute,departement,commune_insee,adresse,latitude,longitude,luminosite,agglomeration,intersection,meteo,collision,catr,circ,nbv,vosp,prof,plan,surf,infra,situ,vma,nb_vehicules,nb_usagers,nb_indemnes,nb_tues,nb_blesses_hosp,nb_blesses_legers,age_cond_1,age_cond_2,veh_type_cond_1,veh_type_cond_2,lum_code,agg_code,int_code,atm_code,col_code
201900025115,2019-07-27 08:10:00,2019,7,27,8,10,6,06069,SAINT MATHIEU (ROUTE ET PLACE),43.65975,6.94607,Plein jour,En agglomération,Intersection en X,Normale,Sans collision,3,2,2,0,1,1,1,9,1,50,1,1,0,0,0,1,58.0,,deux_roues,,1,2,2,1,7
201900025116,2019-07-29 07:25:00,2019,7,29,7,25,6,06069,SAINT MATHIEU (ROUTE ET PLACE),43.6575602,6.9352277,Plein jour,En agglomération,Hors intersection,Normale,Sans collision,3,2,2,0,1,3,9,0,1,50,1,1,0,0,0,1,19.0,,deux_roues,,1,2,1,1,7
201900025117,2019-07-28 08:20:00,2019,7,28,8,20,6,06069,PASTEUR (BOULEVARD),43.66334,6.90942,Plein jour,Hors agglomération,Hors intersection,Normale,Sans collision,3,2,2,0,1,3,2,0,1,70,1,1,0,0,0,1,21.0,,voiture,,1,1,1,1,7
201900025118,2019-07-30 09:25:00,2019,7,30,9,25,6,06030,SADI CARNOT (BOULEVARD),43.566757,7.0164894,Plein jour,En agglomération,Autre intersection,Normale,Autre collision,4,2,2,0,1,1,1,0,1,50,1,1,0,0,1,0,,,,,1,2,9,1,6
201900025119,2019-07-29 01:20:00,2019,7,29,1,20,6,06027,PASQUALINI RUE J.P.,43.660273,7.150358,Nuit avec éclairage allumé,En agglomération,Autre intersection,Normale,Deux véhicules - arrière,9,1,2,0,1,1,1,0,1,50,2,2,1,0,0,1,22.0,32.0,voiture,deux_roues,5,2,9,1,2
201900025120,2019-07-28 05:40:00,2019,7,28,5,40,5,05061,EMILE DIDIER ( AV ),44.56466,6.09029,Nuit avec éclairage allumé,En agglomération,Hors intersection,Pluie légère,Autre collision,2,2,2,0,1,1,2,0,1,50,1,2,1,0,1,0,52.0,,voiture,,5,2,1,2,6
201900025121,2019-07-29 14:54:00,2019,7,29,14,54,4,04070,RD 900 - Bd Gassendi,44.0922,6.23409,Plein jour,En agglomération,Hors intersection,Normale,Autre collision,3,1,2,0,1,1,1,0,1,50,1,2,1,0,1,0,23.0,,voiture,,1,2,1,1,6
201900025122,2019-07-30 15:30:00,2019,7,30,15,30,1,01344,BRESSE (AVENUE DE),46.209973,5.204243,Plein jour,Hors agglomération,Intersection en X,Normale,Deux véhicules - côté,3,2,3,0,1,3,1,0,1,70,2,2,1,0,1,0,28.0,37.0,deux_roues,utilitaire_camion,1,1,2,1,3
201900025123,2019-07-29 19:15:00,2019,7,29,19,15,75,75112,PORTE DE CHARENTON,48.833099,2.407166,Plein jour,En agglomération,Hors intersection,Normale,Autre collision,4,1,4,0,1,1,1,1,1,70,2,1,0,0,0,1,37.0,,voiture,,1,2,1,1,6
201900025124,2019-07-29 20:10:00,2019,7,29,20,10,75,75105,RUE DE LA CLEF,48.840611,2.352871,Plein jour,En agglomération,Intersection en X,Normale,Deux véhicules - côté,4,1,1,0,1,1,1,0,1,50,2,3,1,0,0,2,29.0,49.0,deux_roues,deux_roues,1,2,2,1,3
201900025125,2019-07-30 20:20:00,2019,7,30,20,20,75,75120,RUE LE VAU,48.867871,2.411048,Plein jour,En agglomération,Intersection en T,Normale,Deux véhicules - côté,4,1,1,0,2,1,1,0,1,50,2,2,1,0,0,1,31.0,42.0,deux_roues,voiture,1,2,3,1,3
201900025126,2019-07-29 16:40:00,2019,7,29,16,40,75,75120,AVENUE GAMBETTA,48.8641207,2.3922606,Plein jour,En agglomération,Intersection en T,Normale,Deux véhicules - côté,4,2,3,0,2,1,1,0,1,50,2,2,1,0,0,1,30.0,25.0,deux_roues,voiture,1,2,3,1,3
201900025127,2019-07-29 07:50:00,2019,7,29,7,50,75,75119,BOULEVARD MACDONALD,48.898886,2.380238,Plein jour,En agglomération,Hors intersection,Normale,Autre collision,4,2,4,0,1,1,1,0,1,50,1,2,1,0,0,1,30.0,,utilitaire_camion,,1,2,1,1,6
201900025128,2019-07-29 09:45:00,2019,7,29,9,45,75,75119,AVENUE DE LA PORTE D AUBERVILLIERS,48.900925,2.370298,Plein jour,En agglomération,Intersection en Y,Normale,Deux véhicules - côté,4,1,2,1,1,1,1,0,5,50,2,2,1,0,0,1,36.0,32.0,deux_roues,utilitaire_camion,1,2,4,1,3
201900025129,2019-07-28 06:50:00,2019,7,28,6,50,75,75119,AVENUE DE LA PORTE D AUBERVILLIERS,48.8994,2.370288,Plein jour,En agglomération,Hors intersection,Normale,Deux véhicules - arrière,4,1,3,0,1,1,1,0,1,50,2,3,0,0,0,3,23.0,56.0,voiture,voiture,1,2,1,1,2
201900025130,2019-07-29 09:36:00,2019,7,29,9,36,75,75117,BOULEVARD PEREIRE,48.884641,2.296286,Plein jour,En agglomération,Hors intersection,Normale,Autre collision,4,1,1,0,1,1,1,0,1,50,1,2,1,0,0,1,31.0,,deux_roues,,1,2,1,1,6
201900025131,2019-07-30 06:25:00,2019,7,30,6,25,75,75116,PLACE DE L ALMA,48.864521,2.301322,Crépuscule ou aube,En agglomération,Place,Normale,Autre collision,4,1,2,0,1,3,1,0,1,50,1,3,1,0,0,2,28.0,,voiture,,2,2,7,1,6
201900025132,2019-07-29 20:15:00,2019,7,29,20,15,75,75116,CARREFOUR DE LONGCHAMP,48.863477,2.239421,Plein jour,En agglomération,Place,Normale,Deux véhicules - côté,4,2,4,0,1,1,1,0,1,50,2,3,2,0,0,1,27.0,55.0,deux_roues,voiture,1,2,7,1,3
201900025133,2019-07-29 00:21:00,2019,7,29,0,21,75,75116,AVENUE FOCH,48.8726741,2.2845725,Nuit avec éclairage allumé,En agglomération,Intersection en X,Normale,Deux véhicules - côté,4,2,4,0,1,1,1,5,1,50,2,6,4,0,0,2,44.0,42.0,voiture,voiture,5,2,2,1,3
201900025134,2019-07-28 16:30:00,2019,7,28,16,30,75,75113,QUAI D IVRY,48.826358,2.386941,Plein jour,En agglomération,Intersection en T,Normale,Deux véhicules - côté,4,2,5,0,1,1,1,8,1,50,2,2,1,0,0,1,69.0,39.0,voiture,voiture,1,2,3,1,3
201900025135,2019-07-28 03:45:00,2019,7,28,3,45,75,75113,PONT NATIONAL,48.827997,2.3867932,Nuit avec éclairage allumé,En agglomération,Hors intersection,Normale,Deux véhicules - arrière,4,2,2,0,1,1,1,2,1,50,2,2,1,0,0,1,28.0,43.0,deux_roues,voiture,5,2,1,1,2
201900025136,2019-07-30 18:20:00,2019,7,30,18,20,75,75112,BOULEVARD SOULT,48.8438842,2.4103087,Plein jour,En agglomération,Hors intersection,Normale,Deux véhicules - frontale,4,2,1,1,2,1,1,0,5,50,2,2,1,0,0,1,44.0,27.0,deux_roues,deux_roues,1,2,1,1,1
201900025137,2019-07-30 16:40:00,2019,7,30,16,40,75,75112,QUAI DE LA RAPEE,48.8424773,2.3720223,Plein jour,En agglomération,Hors intersection,Normale,Deux véhicules - côté,4,1,1,0,1,1,1,0,1,50,2,3,2,0,0,1,64.0,24.0,voiture,deux_roues,1,2,1,1,3
201900025138,2019-07-28 20:40:00,2019,7,28,20,40,75,75112,AVENUE DAUMESNIL,48.847301,2.375331,Nuit avec éclairage allumé,En agglomération,Intersection en X,Normale,Deux véhicules - côté,4,1,2,0,1,1,1,0,1,50,2,2,1,0,0,1,23.0,45.0,voiture,voiture,5,2,2,1,3
201900025139,2019-07-28 09:35:00,2019,7,28,9,35,75,75112,QUAI DE BERCY,48.830313,2.386581,Plein jour,En agglomération,Hors intersection,Normale,Deux véhicules - côté,4,3,3,0,1,1,1,0,1,50,2,3,2,0,0,1,25.0,69.0,voiture,deux_roues,1,2,1,1,3
201900025140,2019-07-29 18:10:00,2019,7,29,18,10,75,75111,BOULEVARD BEAUMARCHAIS,48.8540433,2.3689348,Plein jour,En agglomération,Intersection en Y,Normale,Deux véhicules - côté,4,3,2,0,1,1,1,0,1,50,2,2,1,0,0,1,26.0,48.0,deux_roues,voiture,1,2,4,1,3
201900025141,2019-07-27 23:30:00,2019,7,27,23,30,75,75110,RUE LA FAYETTE,48.882646,2.369882,Nuit avec éclairage allumé,En agglomération,Intersection en X,Normale,Autre collision,4,1,1,0,1,1,1,0,1,50,2,1,0,0,0,1,36.0,,deux_roues,,5,2,2,1,6
201900025142,2019-07-30 10:18:00,2019,7,30,10,18,75,75108,AVENUE MARCEAU,48.870563,2.297932,Plein jour,En agglomération,Hors intersection,Normale,Deux véhicules - arrière,4,2,4,0,2,1,1,0,1,30,2,2,1,0,0,1,43.0,68.0,voiture,deux_roues,1,2,1,1,2
201900025143,2019-07-30 09:45:00,2019,7,30,9,45,75,75108,COURS ALBERT 1ER,48.8648206,2.3056993,Plein jour,En agglomération,Intersection en Y,Normale,Deux véhicules - côté,4,1,2,0,1,1,1,0,1,50,2,2,1,0,0,1,41.0,54.0,deux_roues,voiture,1,2,4,1,3
201900025144,2019-07-29 12:15:00,2019,7,29,12,15,75,75108,RUE TRONCHET,48.8714864,2.3255283,Plein jour,En agglomération,Hors intersection,Normale,Autre collision,4,2,4,0,1,1,1,0,1,50,1,2,0,0,0,2,,,,,1,2,1,1,6
201900025145,2019-07-29 10:20:00,2019,7,29,10,20,75,75108,ROND POINT CHAMPS ELYSEES,48.868985,2.31012,Plein jour,En agglomération,Place,Normale,Deux véhicules - arrière,4,2,6,0,1,1,1,0,1,50,2,2,1,0,1,0,52.0,57.0,voiture,deux_roues,1,2,7,1,2
201900025146,2019-07-28 10:15:00,2019,7,28,10,15,75,75108,PLACE DE LA CONCORDE,48.8669858,2.32062,Plein jour,En agglomération,Hors intersection,Normale,Autre collision,4,1,6,0,1,2,1,0,4,50,1,2,1,0,0,1,53.0,,voiture,,1,2,1,1,6
201900025147,2019-07-30 18:20:00,2019,7,30,18,20,75,75106,RUE DE SEVRES,48.8511078,2.3262762,Plein jour,En agglomération,Hors intersection,Normale,Deux véhicules - arrière,4,2,2,0,1,1,1,0,1,50,2,2,1,0,0,1,40.0,33.0,voiture,deux_roues,1,2,1,1,2
201900025148,2019-07-28 13:45:00,2019,7,28,13,45,75,75115,QUAI BRANLY,48.857469,2.291045,Plein jour,En agglomération,Intersection en T,Normale,Autre collision,4,1,3,0,1,1,1,0,1,50,2,2,1,0,0,1,94.0,56.0,voiture,voiture,1,2,3,1,6
201900025149,2019-07-28 20:30:00,2019,7,28,20,30,75,75102,BOULEVARD DES CAPUCINES,48.8709583,2.3341594,Crépuscule ou aube,En agglomération,Intersection en X,Normale,Deux véhicules - côté,4,2,3,0,1,1,1,0,1,50,2,3,2,0,0,1,40.0,21.0,deux_roues,voiture,2,2,2,1,3
201900025150,2019-07-28 13:50:00,2019,7,28,13,50,75,75101,BOULEVARD DU PALAIS,48.854761,2.345333,Plein jour,En agglomération,Hors intersection,Normale,Deux véhicules - arrière,4,1,4,0,1,1,1,0,1,50,2,2,1,0,0,1,38.0,47.0,deux_roues,voiture,1,2,1,1,2
201900025151,2019-07-28 18:30:00,2019,7,28,18,30,75,75103,RUE DE BEARN,48.856829,2.366013,Plein jour,En agglomération,Intersection en X,Normale,Deux véhicules - côté,4,1,1,0,1,1,1,0,1,30,2,2,1,0,0,1,26.0,51.0,voiture,deux_roues,1,2,2,1,3
201900025152,2019-07-29 08:42:00,2019,7,29,8,42,94,94081,YOURI GAGARINE (AV),48.7859897,2.391543,Plein jour,En agglomération,Intersection en T,Normale,Autre collision,3,2,6,0,1,1,1,0,1,50,2,2,0,0,0,2,28.0,37.0,voiture,voiture,1,2,3,1,6
201900025153,2019-07-27 20:45:00,2019,7,27,20,45,94,94052,NAZARE (R DE),48.83,2.49,Plein jour,En agglomération,Hors intersection,Normale,Trois véhicules et plus - en chaîne,4,3,4,0,1,1,1,2,1,40,4,6,3,0,0,3,31.0,24.0,voiture,voiture,1,2,1,1,4
201900025154,2019-07-29 08:50:00,2019,7,29,8,50,94,94015,GENERAL GALLIENI (BD DU),48.8428,2.52332,Plein jour,En agglomération,Intersection en X,Normale,Autre collision,4,2,2,0,1,1,1,0,1,50,1,2,1,0,0,1,51.0,,voiture,,1,2,2,1,6
201900025155,2019-07-30 00:50:00,2019,7,30,0,50,94,94076,STALINGRAD (AV DE),48.78463,2.36724,Nuit avec éclairage allumé,En agglomération,Intersection en X,Normale,Deux véhicules - frontale,3,1,2,0,1,1,1,5,1,90,2,2,0,0,1,1,23.0,16.0,voiture,deux_roues,5,2,2,1,1
201900025156,2019-07-29 18:40:00,2019,7,29,18,40,94,94076,REPUBLIQUE (AV DE LA),48.78849,2.36476,Plein jour,En agglomération,Hors intersection,Normale,Autre collision,3,2,2,0,1,1,1,0,1,50,1,2,1,0,1,0,20.0,,deux_roues,,1,2,1,1,6
201900025157,2019-07-29 17:55:00,2019,7,29,17,55,94,94076,LOUIS ARAGON (AV),48.7886,2.37301,Plein jour,En agglomération,Hors intersection,Temps éblouissant,Deux véhicules - frontale,3,2,2,0,1,1,1,0,1,50,2,2,1,0,0,1,62.0,32.0,voiture,deux_roues,1,2,1,7,1
201900025158,2019-07-16 08:30:00,2019,7,16,8,30,94,94021,ECOLES (R DES),48.75318,2.31265,Plein jour,En agglomération,Intersection en T,Normale,Deux véhicules - côté,4,2,2,0,1,1,1,0,1,50,2,2,1,0,0,1,65.0,67.0,voiture,deux_roues,1,2,3,1,3
201900025159,2019-07-29 17:55:00,2019,7,29,17,55,94,94011,SEMARD(RUE PIERRE),48.7622,2.4748,Plein jour,En agglomération,Hors intersection,Normale,Deux véhicules - arrière,3,1,2,0,1,1,1,0,1,50,2,2,0,0,0,2,24.0,51.0,voiture,voiture,1,2,1,1,2
201900025160,2019-07-30 14:07:00,2019,7,30,14,7,94,94059,DAME BLANCHE (AV DE LA),48.8207,2.56203,Plein jour,En agglomération,Intersection en X,Normale,Deux véhicules - côté,4,2,4,0,1,1,1,0,1,30,2,2,1,0,1,0,56.0,36.0,deux_roues,voiture,1,2,2,1,3
201900025161,2019-07-30 11:50:00,2019,7,30,11,50,94,94079,JEAN MONNET (BD),48.83184,2.533,Plein jour,En agglomération,Giratoire,Normale,Deux véhicules - arrière,4,4,2,0,1,2,1,0,1,50,2,2,1,0,0,1,52.0,73.0,voiture,voiture,1,2,6,1,2
201900025162,2019-07-28 15:00:00,2019,7,28,15,0,94,94055,PROVINS (RTE DE),48.79551,2.5502,Plein jour,En agglomération,Autre intersection,Temps couvert,Deux véhicules - côté,3,4,0,0,1,1,1,0,1,50,2,3,2,0,0,1,26.0,57.0,utilitaire_camion,utilitaire_camion,1,2,9,8,3
201900025163,2019-07-29 18:50:00,2019,7,29,18,50,94,94002,VERON (R),48.80885,2.41443,Plein jour,En agglomération,Intersection en T,Normale,Deux véhicules - côté,4,1,1,0,1,1,1,0,1,50,2,3,2,0,0,1,32.0,46.0,transport_commun,voiture,1,2,3,1,3
201900025164,2019-07-29 12:00:00,2019,7,29,12,0,94,94002,LOUIS BLANC (R),48.8065695,2.419351,Plein jour,En agglomération,Hors intersection,Normale,Autre collision,4,2,2,0,1,1,1,0,1,50,1,2,1,0,0,1,19.0,,voiture,,1,2,1,1,6
201900025165,2019-07-30 19:40:00,2019,7,30,19,40,93,93070,MICHELET(AV):N°1AU 103,48.911,2.34,Plein jour,En agglomération,Hors intersection,Normale,Trois véhicules et plus - en chaîne,4,2,2,0,1,1,1,0,1,50,3,5,4,0,0,1,22.0,42.0,voiture,voiture,1,2,1,1,4
201900025166,2019-07-29 19:35:00,2019,7,29,19,35,93,93070,MICHELET(AV):N°1AU 103,48.90869,2.34418,Crépuscule ou aube,En agglomération,Intersection en T,Normale,Sans collision,4,2,2,0,1,1,1,0,1,50,1,1,0,0,1,0,32.0,,deux_roues,,2,2,3,1,7
201900025167,2019-07-29 19:20:00,2019,7,29,19,20,93,93066,PROUDHON,48.90644,2.36436,Plein jour,En agglomération,Hors intersection,Normale,Deux véhicules - côté,4,2,2,0,1,1,1,0,1,50,2,2,1,0,0,1,37.0,35.0,deux_roues,utilitaire_camion,1,2,1,1,3
201900025168,2019-07-28 21:30:00,2019,7,28,21,30,93,93066,LIBERATION RD14 (BOULEVARD),48.92546,2.34205,Crépuscule ou aube,En agglomération,Hors intersection,Normale,Deux véhicules - côté,3,2,2,1,1,1,1,0,1,50,2,2,1,0,0,1,58.0,46.0,voiture,deux_roues,2,2,1,1,3
201900025169,2019-07-27 22:15:00,2019,7,27,22,15,93,93077,NEUILLY (RUE DE),48.876097,2.525593,Nuit sans éclairage public,En agglomération,Hors intersection,Normale,Autre collision,9,-1,0,0,1,2,1,9,-1,30,1,3,0,0,2,1,32.0,,voiture,,3,2,1,1,6
201900025170,2019-07-28 22:30:00,2019,7,28,22,30,93,93055,GENERAL LECLERC(AVE DU)(43/87 ET 78/120),48.89801,2.40594,Nuit avec éclairage allumé,En agglomération,Hors intersection,Normale,Trois véhicules et plus - en chaîne,3,1,2,0,2,1,1,0,1,50,3,3,2,0,0,1,44.0,45.0,voiture,voiture,5,2,1,1,4
201900025171,2019-07-30 22:20:00,2019,7,30,22,20,93,93050,HUIT MAI 1945,48.86427,2.53503,Nuit avec éclairage allumé,En agglomération,Intersection en T,Normale,Deux véhicules - arrière,4,-1,2,0,1,1,1,0,4,50,2,3,2,0,0,1,,28.0,deux_roues,voiture,5,2,3,1,2
201900025172,2019-07-28 22:45:00,2019,7,28,22,45,93,93049,GALLIENI (BOULEVARD),48.85245,2.51187,Nuit avec éclairage allumé,En agglomération,Hors intersection,Normale,Deux véhicules - côté,3,3,2,0,1,1,1,0,1,50,2,3,0,0,0,3,30.0,33.0,deux_roues,deux_roues,5,2,1,1,3
201900025173,2019-07-30 19:20:00,2019,7,30,19,20,93,93048,GRANDS PECHERS (RUE DES),48.859249,2.464118,Plein jour,En agglomération,Hors intersection,Normale,Deux véhicules - côté,4,1,1,0,1,1,1,0,2,30,2,4,1,0,0,3,36.0,26.0,voiture,deux_roues,1,2,1,1,3
201900025174,2019-07-28 02:50:00,2019,7,28,2,50,93,93048,LEO LAGRANGE (AVENUE),48.8765,2.45487,Nuit avec éclairage allumé,En agglomération,Intersection à plus de 4 branches,Normale,Deux véhicules - côté,4,2,0,0,1,1,1,0,1,50,2,4,0,0,0,4,21.0,,voiture,,5,2,5,1,3
201900025175,2019-07-29 22:35:00,2019,7,29,22,35,93,93046,JEAN JAURES BOULEVARD,48.91621,2.53073,Nuit avec éclairage allumé,En agglomération,Intersection en T,Normale,Deux véhicules - côté,3,-1,2,0,1,1,1,0,1,50,2,2,1,0,0,1,64.0,26.0,voiture,voiture,5,2,3,1,3
201900025176,2019-07-28 00:43:00,2019,7,28,0,43,93,93059,PARIS (RUE DE),48.96,2.36,Nuit avec éclairage allumé,En agglomération,Hors intersection,Normale,Autre collision,4,1,1,0,1,1,1,0,1,50,1,2,1,0,0,1,21.0,,voiture,,5,2,1,1,6
201900025177,2019-07-28 03:31:00,2019,7,28,3,31,93,93057,JAURES (AV. JEAN) 76 A 116,48.90281,2.50843,Nuit avec éclairage allumé,En agglomération,Intersection en X,Normale,Deux véhicules - côté,3,2,2,0,1,1,1,0,1,50,2,2,1,0,0,1,55.0,,transport_commun,,5,2,2,1,3
201900025178,2019-07-30 14:45:00,2019,7,30,14,45,93,93007,ABBE NIORT (RUE DE L'),48.94078,2.43424,Plein jour,En agglomération,Hors intersection,Normale,Autre collision,3,3,2,0,1,1,1,0,3,50,1,2,0,0,2,0,43.0,,deux_roues,,1,2,1,1,6
201900025179,2019-07-29 20:10:00,2019,7,29,20,10,93,93007,COSMONAUTES (AVENUE DES)         Z2,48.94935,2.45569,Plein jour,En agglomération,Hors intersection,Temps éblouissant,Autre collision,3,-1,2,3,1,1,1,0,3,50,1,2,1,0,0,1,37.0,,voiture,,1,2,1,7,6
201900025180,2019-07-27 13:00:00,2019,7,27,13,0,92,92078,MARC SANGNIER (AVENUE),48.92775,2.3263,Plein jour,En agglomération,Autre intersection,Normale,Deux véhicules - côté,9,2,4,0,1,1,1,9,1,50,2,2,1,0,0,1,27.0,25.0,autre,voiture,1,2,9,1,3
201900025181,2019-07-28 18:55:00,2019,7,28,18,55,92,92064,MARCEL DASSAULT,48.8541076,2.2226418,Plein jour,En agglomération,Hors intersection,Normale,Deux véhicules - côté,3,1,2,0,1,1,1,0,1,50,2,2,1,0,0,1,26.0,37.0,voiture,deux_roues,1,2,1,1,3
201900025182,2019-07-30 11:00:00,2019,7,30,11,0,92,92062,DE DION BOUTON (QUAI) DU 1 AU 28,48.87728,2.2408,Plein jour,En agglomération,Intersection en T,Normale,Deux véhicules - côté,3,1,2,1,1,1,1,0,1,50,2,2,1,0,0,1,27.0,62.0,voiture,deux_roues,1,2,3,1,3
201900025183,2019-07-27 17:15:00,2019,7,27,17,15,92,92050,FOCH MARECHAL PLACE DU,48.8886,2.19422,Plein jour,En agglomération,Hors intersection,Normale,Deux véhicules - arrière,4,2,2,0,1,2,1,0,1,50,2,2,1,0,0,1,30.0,44.0,deux_roues,voiture,1,2,1,1,2
201900025184,2019-07-30 05:55:00,2019,7,30,5,55,92,92050,FONTANOT RUE DES TROIS,48.896237,2.222503,Plein jour,En agglomération,Giratoire,Normale,Autre collision,4,2,2,0,1,1,1,0,1,50,1,2,1,0,0,1,22.0,,voiture,,1,2,6,1,6
201900025185,2019-07-27 23:45:00,2019,7,27,23,45,92,92025,BOURNARD (RUE DU),48.923075,2.254285,Nuit avec éclairage allumé,En agglomération,Hors intersection,Normale,Deux véhicules - côté,3,2,0,0,2,2,1,0,1,50,2,2,1,0,0,1,28.0,57.0,deux_roues,voiture,5,2,1,1,3
201900025186,2019-07-30 17:45:00,2019,7,30,17,45,22,22050,74 rue chateaubriand,48.4452,-2.04608,Plein jour,En agglomération,Autre intersection,Pluie légère,Autre collision,6,-1,-1,0,1,1,2,0,1,-1,1,2,1,0,1,0,46.0,,transport_commun,,1,2,9,2,6
201900025187,2019-07-30 17:45:00,2019,7,30,17,45,12,12167,font freche,44.196648,1.936782,Plein jour,Hors agglomération,Hors intersection,Normale,Sans collision,3,2,2,0,1,2,1,0,3,80,1,1,0,0,1,0,67.0,,voiture,,1,1,1,1,7
201900025188,2019-07-28 16:40:00,2019,7,28,16,40,87,87183,La Crouzille,45.988786,1.325953,Plein jour,Hors agglomération,Hors intersection,Normale,Deux véhicules - frontale,3,2,2,0,1,3,1,0,1,80,2,3,0,0,3,0,84.0,77.0,voiture,voiture,1,1,1,1,1
201900025189,2019-07-30 15:45:00,2019,7,30,15,45,62,62788,RD 191,50.692854,2.028356,Plein jour,Hors agglomération,Hors intersection,Normale,Sans collision,3,2,2,0,2,2,9,0,1,80,1,1,0,0,1,0,40.0,,deux_roues,,1,1,1,1,7
201900025190,2019-07-29 15:30:00,2019,7,29,15,30,24,24010,Rue du Général de Gaulle,45.1727,0.59241,Plein jour,En agglomération,Giratoire,Normale,Deux véhicules - arrière,3,2,2,0,1,1,1,0,1,30,2,3,2,0,1,0,20.0,20.0,voiture,voiture,1,2,6,1,2
201900025191,2019-07-30 02:00:00,2019,7,30,2,0,6,06149,5993 Route de Laghet,43.748152,7.355129,Nuit sans éclairage public,Hors agglomération,Hors intersection,Normale,Autre collision,3,2,2,0,1,1,1,0,1,80,1,1,0,0,1,0,,,,,3,1,1,1,6
201900025192,2019-07-30 05:15:00,2019,7,30,5,15,57,57740,grand rue,49.422136,6.519479,Crépuscule ou aube,Hors agglomération,Hors intersection,Normale,Sans collision,3,2,2,0,1,2,1,0,1,80,1,1,0,1,0,0,46.0,,voiture,,2,1,1,1,7
201900025193,2019-07-28 06:10:00,2019,7,28,6,10,45,45205,RTE DE BOISCOMMUN - RD 951,48.040056,2.4695165,Crépuscule ou aube,Hors agglomération,Hors intersection,Normale,Deux véhicules - côté,3,2,2,0,1,1,1,0,1,80,2,6,4,0,1,1,18.0,31.0,voiture,voiture,2,1,1,1,3
201900025194,2019-07-30 10:15:00,2019,7,30,10,15,49,49334,Bel air,47.526899,-0.22419,Plein jour,Hors agglomération,Intersection en X,Normale,Trois véhicules et plus - en chaîne,4,2,2,0,1,1,1,0,1,80,3,3,1,0,1,1,72.0,70.0,deux_roues,deux_roues,1,1,2,1,4
201900025195,2019-07-28 19:05:00,2019,7,28,19,5,17,17230,Route de chantier,45.586248,-0.946028,Plein jour,Hors agglomération,Hors intersection,Normale,Autre collision,4,2,2,0,1,2,1,0,3,-1,1,1,0,0,1,0,52.0,,deux_roues,,1,1,1,1,6
201900025196,2019-07-29 14:55:00,2019,7,29,14,55,81,81074,D999 - PK 33+100,43.9186099,2.2240549,Plein jour,Hors agglomération,Hors intersection,Normale,Autre collision,3,2,2,0,1,1,1,0,3,70,1,2,0,1,1,0,84.0,,voiture,,1,1,1,1,6
201900025197,2019-07-30 15:40:00,2019,7,30,15,40,83,83004,Autoroute A8,43.451044,6.504244,Plein jour,Hors agglomération,Hors intersection,Normale,Deux véhicules - arrière,1,3,4,0,1,1,1,0,1,130,2,3,1,0,1,1,28.0,58.0,utilitaire_camion,utilitaire_camion,1,1,1,1,2
201900025198,2019-07-29 11:13:00,2019,7,29,11,13,83,83130,A57,43.189026,6.037067,Plein jour,Hors agglomération,Hors intersection,Normale,Autre collision,1,1,2,0,2,3,1,0,1,90,1,2,0,1,1,0,63.0,,deux_roues,,1,1,1,1,6
201900025199,2019-07-02 10:50:00,2019,7,2,10,50,69,69277,5 Rue Danton,45.732409,5.001843,Plein jour,En agglomération,Hors intersection,Normale,Sans collision,4,2,2,0,1,1,1,0,1,50,1,2,1,0,1,0,47.0,,voiture,,1,2,1,1,7
201900025200,2019-07-31 16:15:00,2019,7,31,16,15,974,97405,chemin adénor payet,-21.356757,55.570511,Plein jour,Hors agglomération,Intersection en T,Pluie légère,Deux véhicules - côté,4,2,2,0,1,1,2,0,1,80,2,2,1,0,1,0,79.0,38.0,deux_roues,voiture,1,1,3,2,3
201900025201,2019-03-14 15:05:00,2019,3,14,15,5,972,97229,cité ozanam batelière,14.610489,-61.094104,Plein jour,En agglomération,Autre intersection,Normale,Deux véhicules - côté,9,2,2,0,1,1,1,0,1,35,2,2,1,0,1,0,49.0,23.0,utilitaire_camion,deux_roues,1,2,9,1,3
201900025202,2019-07-29 19:25:00,2019,7,29,19,25,41,41256,autoroute A71,47.292653,2.044149,Plein jour,Hors agglomération,Hors intersection,Normale,Deux véhicules - arrière,1,3,4,0,1,1,1,0,1,130,2,8,2,0,0,6,34.0,29.0,voiture,voiture,1,1,1,1,2
201900025203,2019-07-27 14:10:00,2019,7,27,14,10,67,67279,d41,48.698659,7.473962,Plein jour,Hors agglomération,Hors intersection,Temps éblouissant,Sans collision,3,2,2,0,3,3,2,0,1,80,1,2,0,0,0,2,53.0,,deux_roues,,1,1,1,7,7
201900025204,2019-07-28 18:25:00,2019,7,28,18,25,6,06137,1152 route de saint valler de thiey,43.65707,6.860732,Plein jour,Hors agglomération,Hors intersection,Normale,Autre collision,3,2,2,0,2,1,1,0,1,70,1,1,0,0,1,0,78.0,,voiture,,1,1,1,1,6
201900025205,2019-07-29 09:25:00,2019,7,29,9,25,38,38424,"RD 1075, PK 149+330",44.760491,5.667565,Plein jour,Hors agglomération,Hors intersection,Normale,Trois véhicules et plus - collisions multiples,3,2,2,0,1,3,1,0,1,80,3,5,0,0,3,2,70.0,64.0,voiture,voiture,1,1,1,1,5
201900025206,2019-07-27 19:45:00,2019,7,27,19,45,62,62233,26 Rue de Nempont,50.370807,1.667366,Plein jour,En agglomération,Hors intersection,Pluie légère,Autre collision,3,2,2,0,2,2,2,0,4,50,1,2,1,0,1,0,20.0,,voiture,,1,2,1,2,6