accident_id,datetime,annee,mois,jour,heure,minute,departement,commune_insee,adresse,latitude,longitude,luminosite,agglomeration,intersection,meteo,collision,catr,circ,nbv,vosp,prof,plan,surf,infra,situ,vma,nb_vehicules,nb_usagers,nb_indemnes,nb_tues,nb_blesses_hosp,nb_blesses_legers,age_cond_1,age_cond_2,veh_type_cond_1,veh_type_cond_2,lum_code,agg_code,int_code,atm_code,col_code
201900025298,2019-03-09 20:05:00,2019,3,9,20,5,91,91471,MONTHLERY (ROUTE DE),48.67856,2.19133,Nuit avec éclairage allumé,En agglomération,Intersection en T,Normale,Deux véhicules - arrière,2,1,2,0,1,1,1,0,1,80,2,2,1,0,0,1,22.0,26.0,voiture,voiture,5,2,3,1,2
201900025299,2019-03-10 14:35:00,2019,3,10,14,35,91,91174,JEAN JAURES (BOULEVARD),48.61299,2.45988,Plein jour,En agglomération,Autre intersection,Vent fort / tempête,Autre collision,6,-1,0,0,1,1,1,9,1,30,1,1,0,0,0,1,,,,,1,2,9,6,6
201900025300,2019-03-10 13:15:00,2019,3,10,13,15,59,59152,WERVICQ (RUE DE),50.7661628,3.0251509,Plein jour,En agglomération,Hors intersection,Normale,Deux véhicules - frontale,7,2,2,0,1,1,1,0,1,50,2,3,1,0,0,2,29.0,27.0,voiture,voiture,1,2,1,1,1
201900025301,2019-02-25 07:45:00,2019,2,25,7,45,59,59566,"CALMETTE, RUE DU Dr",50.61863,2.9775,Plein jour,En agglomération,Hors intersection,Normale,Sans collision,7,2,2,0,1,1,1,0,1,50,1,2,1,0,0,1,,,voiture,,1,2,1,1,7
201900025302,2019-02-15 17:30:00,2019,2,15,17,30,59,59350,LAGUESSE RUE PROFESSEUR,50.6072406,3.0387014,Plein jour,En agglomération,Hors intersection,Normale,Deux véhicules - arrière,7,1,2,0,1,1,1,0,1,50,2,2,1,0,0,1,23.0,67.0,voiture,voiture,1,2,1,1,2
201900025303,2019-03-10 15:05:00,2019,3,10,15,5,51,51573,RUE DE LA CROIX CORDIER,49.24612,3.99071,Plein jour,En agglomération,Hors intersection,Vent fort / tempête,Deux véhicules - arrière,4,2,2,0,1,1,1,0,2,30,2,2,1,0,0,1,17.0,16.0,deux_roues,deux_roues,1,2,1,6,2
201900025304,2019-03-10 12:31:00,2019,3,10,12,31,45,45232,R DE BOURGES,47.84674,1.91188,Plein jour,Hors agglomération,Hors intersection,Normale,Autre collision,4,1,1,0,2,2,1,0,1,50,1,2,1,0,0,1,62.0,,voiture,,1,1,1,1,6
201900025305,2019-03-10 10:45:00,2019,3,10,10,45,37,37261,MIRABEAU (RUE),47.39753,0.69946,Plein jour,En agglomération,Intersection en X,Normale,Deux véhicules - côté,4,2,4,0,1,1,1,2,1,50,2,3,2,0,0,1,24.0,20.0,voiture,voiture,1,2,2,1,3
201900025306,2019-03-10 07:20:00,2019,3,10,7,20,17,17300,VILLENEUVE   RUE,46.16111,-1.14692,Crépuscule ou aube,En agglomération,Intersection en X,Pluie légère,Deux véhicules - côté,4,1,1,0,1,1,2,0,1,30,2,2,1,0,0,1,20.0,22.0,voiture,voiture,2,2,2,2,3
201900025307,2019-03-10 17:15:00,2019,3,10,17,15,13,13209,MORGIOU (chemin de ),43.240975,5.4069,Plein jour,En agglomération,Hors intersection,Normale,Deux véhicules - côté,4,2,2,0,1,1,1,0,1,50,2,2,1,1,0,0,34.0,52.0,deux_roues,utilitaire_camion,1,2,1,1,3
201900025308,2019-03-10 10:20:00,2019,3,10,10,20,13,13209,CHE DE LA COLLINE SAINT JOSEPH,43.25,5.41,Plein jour,En agglomération,Hors intersection,Normale,Deux véhicules - arrière,4,2,2,0,1,1,1,0,1,50,2,2,1,0,0,1,69.0,36.0,voiture,voiture,1,2,1,1,2
201900025309,2019-03-10 09:55:00,2019,3,10,9,55,13,13206,CASTELLANE (PLACE),43.28572,5.38408,Plein jour,En agglomération,Autre intersection,Normale,Autre collision,4,1,3,0,1,2,1,0,1,50,1,4,0,0,0,4,23.0,,voiture,,1,2,9,1,6
201900025310,2019-03-09 18:20:00,2019,3,9,18,20,13,13216,FALAISE (BOULEVARD DE LA),43.362,5.308,Plein jour,En agglomération,Giratoire,Normale,Deux véhicules - côté,4,2,4,0,1,1,1,0,1,30,2,3,1,0,0,2,26.0,,voiture,,1,2,6,1,3
201900025311,2019-03-09 15:40:00,2019,3,9,15,40,13,13214,MERIMEE,43.33067,5.40023,Plein jour,En agglomération,Hors intersection,Normale,Deux véhicules - côté,6,2,2,0,1,1,1,0,1,20,2,2,1,0,0,1,28.0,,voiture,,1,2,1,1,3
201900025312,2019-03-10 03:50:00,2019,3,10,3,50,13,13001,MARSEILLE (ROUTE DE ),43.47626,5.41397,Nuit avec éclairage allumé,Hors agglomération,Hors intersection,Normale,Sans collision,3,2,2,2,2,1,1,0,1,50,1,2,0,0,0,2,20.0,,voiture,,5,1,1,1,7
201900025313,2019-03-10 14:15:00,2019,3,10,14,15,75,75105,RUE MONGE,48.839955,2.351414,Plein jour,En agglomération,Intersection en X,Normale,Autre collision,4,2,2,0,1,1,1,0,1,30,2,4,2,0,0,2,68.0,67.0,deux_roues,voiture,1,2,2,1,6
201900025314,2019-03-10 10:05:00,2019,3,10,10,5,75,75119,PLACE DU COLONEL FABIEN,48.878325,2.370594,Plein jour,En agglomération,Place,Vent fort / tempête,Deux véhicules - côté,4,1,2,0,1,2,1,0,1,50,2,2,1,0,0,1,47.0,30.0,utilitaire_camion,deux_roues,1,2,7,6,3
201900025315,2019-03-09 23:35:00,2019,3,9,23,35,75,75119,BOULEVARD MACDONALD,48.898775,2.374446,Nuit avec éclairage allumé,En agglomération,Hors intersection,Normale,Deux véhicules - côté,4,2,4,0,1,1,1,0,1,50,2,3,2,0,0,1,39.0,49.0,deux_roues,utilitaire_camion,5,2,1,1,3
201900025316,2019-03-10 17:15:00,2019,3,10,17,15,75,75119,RUE D AUBERVILLIERS,48.895311,2.372046,Plein jour,En agglomération,Intersection en X,Normale,Autre collision,4,2,2,0,1,1,1,0,1,50,2,1,0,0,0,1,24.0,,deux_roues,,1,2,2,1,6
201900025317,2019-03-09 04:35:00,2019,3,9,4,35,75,75117,RUE CARDINET,48.888625,2.315661,Nuit avec éclairage allumé,En agglomération,Intersection en X,Normale,Deux véhicules - arrière,4,2,3,0,1,1,1,0,1,50,2,3,2,0,0,1,30.0,28.0,voiture,utilitaire_camion,5,2,2,1,2
201900025318,2019-03-08 13:30:00,2019,3,8,13,30,75,75116,AVENUE DE NEUILLY,48.87848,2.280237,Plein jour,En agglomération,Hors intersection,Normale,Deux véhicules - arrière,4,2,5,0,1,1,1,0,1,50,2,3,2,0,0,1,44.0,85.0,voiture,voiture,1,2,1,1,2
201900025319,2019-03-10 17:45:00,2019,3,10,17,45,75,75113,AVENUE DE CHOISY,48.821828,2.363323,Plein jour,En agglomération,Intersection en T,Normale,Deux véhicules - côté,4,1,2,0,1,1,1,0,1,50,2,2,1,0,0,1,66.0,88.0,deux_roues,voiture,1,2,3,1,3
201900025320,2019-03-10 15:27:00,2019,3,10,15,27,75,75112,BOULEVARD DIDEROT,48.847684,2.389748,Plein jour,En agglomération,Hors intersection,Normale,Deux véhicules - côté,4,2,2,0,1,1,1,0,1,50,2,3,2,0,0,1,25.0,48.0,deux_roues,utilitaire_camion,1,2,1,1,3
201900025321,2019-03-10 16:45:00,2019,3,10,16,45,75,75110,RUE DU FAUBOURG SAINT MARTIN,48.880412,2.364292,Plein jour,En agglomération,Intersection en T,Vent fort / tempête,Deux véhicules - frontale,4,2,2,0,1,1,1,0,1,50,2,2,1,0,0,1,31.0,35.0,voiture,deux_roues,1,2,3,6,1
201900025322,2019-03-10 15:40:00,2019,3,10,15,40,75,75110,RUE DU FAUBOURG SAINT MARTIN,48.87886,2.362305,Plein jour,En agglomération,Intersection en Y,Vent fort / tempête,Deux véhicules - côté,4,2,4,0,1,1,1,0,1,50,2,3,2,0,0,1,39.0,27.0,voiture,deux_roues,1,2,4,6,3
201900025323,2019-03-10 14:44:00,2019,3,10,14,44,75,75110,RUE LA FAYETTE,48.878533,2.354041,Plein jour,En agglomération,Intersection à plus de 4 branches,Pluie légère,Autre collision,4,2,4,0,2,1,2,0,1,50,2,2,1,0,0,1,19.0,42.0,deux_roues,voiture,1,2,5,2,6
201900025324,2019-03-09 02:00:00,2019,3,9,2,0,75,75110,BOULEVARD DE BONNE NOUVELLE,48.870356,2.349557,Nuit avec éclairage allumé,En agglomération,Intersection en T,Pluie légère,Autre collision,4,2,6,0,1,1,2,0,1,50,1,2,0,0,0,2,25.0,,deux_roues,,5,2,3,2,6
201900025325,2019-03-10 17:10:00,2019,3,10,17,10,75,75103,BOULEVARD DE SEBASTOPOL,48.863409,2.350948,Plein jour,En agglomération,Intersection en X,Temps couvert,Deux véhicules - côté,4,1,0,0,1,1,1,0,1,50,2,3,1,0,0,2,19.0,56.0,deux_roues,voiture,1,2,2,8,3
201900025326,2019-03-10 21:45:00,2019,3,10,21,45,94,94080,PARIS (AV DE),48.84454,2.4388,Nuit avec éclairage allumé,En agglomération,Hors intersection,Normale,Deux véhicules - côté,3,3,2,0,1,1,1,0,2,50,2,3,2,0,0,1,60.0,18.0,voiture,deux_roues,5,2,1,1,3
201900025327,2019-03-10 13:45:00,2019,3,10,13,45,94,94017,MARX DORMOY (AV),48.80628,2.5289,Plein jour,En agglomération,Autre intersection,Vent fort / tempête,Deux véhicules - côté,3,3,2,0,2,1,2,0,1,50,2,2,1,0,0,1,19.0,35.0,utilitaire_camion,deux_roues,1,2,9,6,3
201900025328,2019-03-10 19:56:00,2019,3,10,19,56,93,93071,LIEGEARD (AVENUE),48.927,2.52283,Nuit avec éclairage allumé,En agglomération,Hors intersection,Normale,Autre collision,4,2,2,0,1,1,1,0,1,50,1,2,1,0,0,1,48.0,,voiture,,5,2,1,1,6
201900025329,2019-03-09 23:45:00,2019,3,9,23,45,93,93066,PROCESSION,48.910951,2.362568,Nuit avec éclairage allumé,En agglomération,Intersection en X,Temps couvert,Deux véhicules - côté,4,2,2,0,1,1,1,0,1,50,2,2,1,0,0,1,21.0,22.0,utilitaire_camion,deux_roues,5,2,2,8,3
201900025330,2019-03-10 05:00:00,2019,3,10,5,0,93,93063,METZ AVENUE DE,48.8961467,2.4297799,Nuit avec éclairage allumé,En agglomération,Hors intersection,Pluie forte,Sans collision,3,1,2,0,2,1,2,2,1,50,1,2,1,0,0,1,28.0,,voiture,,5,2,1,3,7
201900025331,2019-03-10 16:40:00,2019,3,10,16,40,93,93031,MARNE (AVENUE DE LA),48.9527,2.32755,Plein jour,En agglomération,Hors intersection,Vent fort / tempête,Autre collision,4,2,2,0,1,1,1,9,1,50,1,1,0,0,0,1,,,,,1,2,1,6,6
201900025332,2019-03-10 21:40:00,2019,3,10,21,40,93,93001,LANDY (RUE DU) 34/29 =>,48.91524,2.37434,Nuit avec éclairage allumé,En agglomération,Intersection en T,Normale,Trois véhicules et plus - collisions multiples,3,2,2,0,1,1,1,5,1,50,3,5,2,0,0,3,49.0,45.0,voiture,voiture,5,2,3,1,5
201900025333,2019-03-10 20:30:00,2019,3,10,20,30,93,93001,ANDRE KARMAN (RUE)  => 136/143,48.9074,2.38475,Nuit avec éclairage allumé,En agglomération,Intersection en X,Normale,Deux véhicules - côté,4,1,1,0,1,1,1,0,1,50,2,2,1,0,0,1,51.0,44.0,voiture,deux_roues,5,2,2,1,3
201900025334,2019-03-10 10:20:00,2019,3,10,10,20,92,92012,SILLY (RUE DE) 1/87 - 2/88,48.831298,2.234472,Plein jour,En agglomération,Intersection en X,Normale,Deux véhicules - côté,3,2,1,0,1,1,2,0,1,50,2,2,1,0,0,1,24.0,34.0,voiture,deux_roues,1,2,2,1,3
201900025335,2019-03-09 09:45:00,2019,3,9,9,45,28,28061,d137,48.234885,1.148718,Plein jour,Hors agglomération,Intersection en X,Normale,Deux véhicules - frontale,2,2,2,0,1,1,2,0,1,80,2,2,1,0,1,0,39.0,53.0,voiture,voiture,1,1,2,1,1
201900025336,2019-03-09 17:15:00,2019,3,9,17,15,972,97232,Sans-souci,14.572571,-60.862178,Plein jour,Hors agglomération,Hors intersection,Normale,Deux véhicules - arrière,2,2,2,0,4,1,1,0,1,90,2,2,1,0,0,1,32.0,29.0,voiture,deux_roues,1,1,1,1,2
201900025337,2019-03-10 22:35:00,2019,3,10,22,35,71,71004,CD 673,46.808243,4.948538,Nuit sans éclairage public,Hors agglomération,Hors intersection,Temps couvert,Deux véhicules - arrière,3,2,2,0,2,1,1,0,1,80,2,2,1,0,0,1,20.0,29.0,voiture,voiture,3,1,1,8,2
201900025338,2019-03-10 06:20:00,2019,3,10,6,20,58,58086,A77 PR 106+450,47.359268,2.923658,Nuit sans éclairage public,Hors agglomération,Hors intersection,Pluie légère,Autre collision,1,3,4,0,2,1,2,0,1,130,1,3,2,0,1,0,23.0,,voiture,,3,1,1,2,6
201900025339,2019-03-09 19:30:00,2019,3,9,19,30,56,56190,9 rue de la piscine,47.97124,-2.739868,Nuit avec éclairage allumé,En agglomération,Hors intersection,Pluie légère,Autre collision,3,2,2,0,1,1,2,0,8,50,1,2,1,0,1,0,74.0,,voiture,,5,2,1,2,6
201900025340,2019-03-11 10:00:00,2019,3,11,10,0,56,56089,Locunel,47.951009,-3.242005,Plein jour,Hors agglomération,Hors intersection,Normale,Deux véhicules - arrière,3,2,2,0,2,1,1,0,1,80,2,2,1,1,0,0,63.0,49.0,deux_roues,voiture,1,1,1,1,2
201900025341,2019-03-11 06:40:00,2019,3,11,6,40,32,32410,LALUBIE,43.485826,0.872606,Nuit sans éclairage public,Hors agglomération,Hors intersection,Normale,Sans collision,3,2,2,0,2,1,1,0,3,80,1,1,0,1,0,0,56.0,,voiture,,3,1,1,1,7
201900025342,2019-03-10 09:00:00,2019,3,10,9,0,89,89276,RN77,48.036791,3.77871,Plein jour,En agglomération,Hors intersection,Pluie légère,Autre collision,2,2,2,0,1,3,2,0,4,50,1,1,0,0,1,0,22.0,,voiture,,1,2,1,2,6
201900025343,2019-03-11 17:00:00,2019,3,11,17,0,80,80533,intersection D1015 / D925,50.059944,1.408996,Plein jour,En agglomération,Giratoire,Normale,Deux véhicules - côté,3,1,2,0,1,2,1,0,1,50,2,2,1,0,1,0,61.0,29.0,deux_roues,voiture,1,2,6,1,3
201900025344,2019-03-09 14:50:00,2019,3,9,14,50,68,68082,10 rue de la gare,47.865483,7.347047,Plein jour,En agglomération,Place,Pluie légère,Deux véhicules - arrière,6,-1,-1,-1,1,1,1,0,1,50,2,2,1,0,0,1,40.0,15.0,voiture,deux_roues,1,2,7,2,2
201900025345,2019-03-10 20:45:00,2019,3,10,20,45,2,02351,route départementle 80,49.166702,3.664808,Nuit sans éclairage public,En agglomération,Intersection en X,Vent fort / tempête,Deux véhicules - côté,3,2,2,0,2,1,1,0,1,50,2,5,3,0,0,2,30.0,25.0,voiture,voiture,3,2,2,6,3
201900025346,2019-03-08 04:30:00,2019,3,8,4,30,1,01307,Route de Lyon,46.163055,5.570941,Nuit avec éclairage allumé,En agglomération,Intersection en X,Pluie légère,Deux véhicules - côté,3,2,2,0,1,1,2,0,1,50,2,2,1,0,1,0,23.0,23.0,voiture,voiture,5,2,2,2,3
201900025347,2019-03-11 09:30:00,2019,3,11,9,30,72,72189,route de MAMERS,48.251805,0.313062,Plein jour,En agglomération,Giratoire,Normale,Autre collision,3,2,2,0,1,2,1,5,1,50,1,2,1,0,0,1,62.0,,voiture,,1,2,6,1,6
201900025348,2019-03-10 15:01:00,2019,3,10,15,1,7,07295,Rue des Boutières - D120,44.825061,4.57765,Plein jour,Hors agglomération,Autre intersection,Normale,Deux véhicules - côté,3,2,2,0,1,1,1,5,1,70,2,2,0,0,1,1,46.0,64.0,deux_roues,voiture,1,1,9,1,3
201900025349,2019-03-11 18:35:00,2019,3,11,18,35,85,85047,Rue Pauline de Lézardière,46.84329,-1.88142,Plein jour,En agglomération,Giratoire,Normale,Deux véhicules - côté,4,2,2,0,1,1,1,9,1,50,2,4,2,0,2,0,67.0,17.0,voiture,deux_roues,1,2,6,1,3
201900025350,2019-03-10 13:25:00,2019,3,10,13,25,17,17362,route départementale 149,45.361875,-0.601724,Plein jour,Hors agglomération,Hors intersection,Normale,Sans collision,3,2,2,0,1,1,1,0,1,80,1,1,0,0,1,0,73.0,,voiture,,1,1,1,1,7
201900025351,2019-02-11 19:00:00,2019,2,11,19,0,69,69244,avenue Felix Finat Duclos,45.757993,4.760489,Nuit avec éclairage allumé,En agglomération,Hors intersection,Pluie légère,Autre collision,4,2,2,0,2,2,2,2,3,50,1,2,1,0,1,0,53.0,,voiture,,5,2,1,2,6
201900025352,2019-03-07 22:03:00,2019,3,7,22,3,64,64348,Autoroute A64 - PK 100.400 - Sens Toulouse/Bayonne,43.3422638,-0.3817488,Nuit sans éclairage public,Hors agglomération,Hors intersection,Normale,Deux véhicules - arrière,1,3,4,3,1,1,1,0,1,130,2,3,1,0,0,2,43.0,35.0,voiture,utilitaire_camion,3,1,1,1,2
201900025353,2019-03-09 16:45:00,2019,3,9,16,45,68,68195,A36 PK 00+000,47.747321,7.276224,Plein jour,Hors agglomération,Hors intersection,Pluie légère,Autre collision,1,3,4,0,1,1,2,3,1,130,1,2,1,1,0,0,23.0,,voiture,,1,1,1,2,6
201900025354,2019-03-11 08:25:00,2019,3,11,8,25,57,57540,A4 PR 430+900,48.775997,7.260586,Plein jour,Hors agglomération,Hors intersection,Normale,Autre collision,1,3,4,0,1,2,1,0,1,110,1,1,0,0,1,0,20.0,,voiture,,1,1,1,1,6
201900025355,2019-02-17 08:00:00,2019,2,17,8,0,6,06088,"bretelle d'accès autoroute NICE nord, PK 197.530, DIRECTION ST ISIDORE.",43.729672,7.255007,Crépuscule ou aube,Hors agglomération,Intersection en Y,Normale,Autre collision,1,3,2,0,2,3,1,3,1,50,1,1,0,0,0,1,33.0,,deux_roues,,2,1,4,1,6
201900025356,2019-03-11 00:10:00,2019,3,11,0,10,45,45154,A10 - PK 85+700,47.998466,1.852205,Nuit sans éclairage public,Hors agglomération,Hors intersection,Normale,Autre collision,1,3,5,3,1,1,1,0,3,130,1,3,0,0,2,1,32.0,,utilitaire_camion,,3,1,1,1,6
201900025357,2019-03-11 00:20:00,2019,3,11,0,20,60,60229,autoroute A1-PK 63+900- SENS PARIS LILLE,49.376573,2.7042096,Nuit sans éclairage public,Hors agglomération,Hors intersection,Pluie légère,Deux véhicules - arrière,1,1,3,0,1,1,2,0,2,130,2,2,1,0,0,1,52.0,,voiture,,3,1,1,2,2
201900025358,2019-03-10 21:00:00,2019,3,10,21,0,974,97418,route émile de la giroday-bois rouge,-20.916498,55.538195,Nuit sans éclairage public,Hors agglomération,Hors intersection,Normale,Trois véhicules et plus - collisions multiples,3,2,2,0,1,3,1,0,1,90,3,3,2,0,1,0,28.0,51.0,voiture,voiture,3,1,1,1,5
201900025359,2019-03-05 15:00:00,2019,3,5,15,0,971,97125,"Avenue Martin Luther King, devant THIRIET",16.257578,-61.271258,Plein jour,En agglomération,Hors intersection,Normale,Deux véhicules - côté,3,2,2,0,2,2,1,0,1,50,2,2,1,0,1,0,37.0,41.0,voiture,deux_roues,1,2,1,1,3
201900025360,2019-03-11 10:00:00,2019,3,11,10,0,33,33199,RN250,44.61663,-1.10885,Plein jour,Hors agglomération,Hors intersection,Normale,Deux véhicules - arrière,2,2,2,0,1,1,1,0,1,-1,2,3,2,0,0,1,29.0,51.0,voiture,deux_roues,1,1,1,1,2
201900025361,2019-03-10 18:55:00,2019,3,10,18,55,77,77470,"RN 4, PK 14.900",48.736218,2.768733,Nuit sans éclairage public,Hors agglomération,Hors intersection,Normale,Autre collision,2,3,4,0,2,1,1,0,3,90,2,4,1,0,1,2,22.0,,voiture,,3,1,1,1,6
201900025362,2019-03-07 09:30:00,2019,3,7,9,30,84,84019,Avenue Jean Moulin,44.317023,4.742542,Plein jour,En agglomération,Giratoire,Temps éblouissant,Deux véhicules - arrière,3,1,1,0,1,2,2,5,1,50,2,2,1,0,0,1,65.0,62.0,deux_roues,voiture,1,2,6,7,2
201900025363,2019-03-10 12:15:00,2019,3,10,12,15,33,33177,47 route du petit moulin,45.33383,-0.98355,Plein jour,Hors agglomération,Autre intersection,Normale,Deux véhicules - côté,4,2,2,0,1,3,2,0,1,50,2,2,1,0,0,1,47.0,41.0,voiture,voiture,1,1,9,1,3
201900025364,2019-03-09 17:10:00,2019,3,9,17,10,76,76130,Chemin communal des fossettes 76270 BOUELLES,49.721326,1.507791,Plein jour,Hors agglomération,Hors intersection,Normale,Sans collision,9,-1,2,0,1,1,1,0,8,80,1,1,0,0,1,0,16.0,,deux_roues,,1,1,1,1,7
201900025365,2019-03-10 03:45:00,2019,3,10,3,45,59,59370,43 route de Mons,50.309196,3.97705,Nuit avec éclairage allumé,En agglomération,Hors intersection,Pluie forte,Deux véhicules - arrière,2,2,2,0,1,3,2,0,1,50,2,5,4,0,1,0,25.0,45.0,voiture,voiture,5,2,1,3,2
201900025366,2019-03-07 17:10:00,2019,3,7,17,10,59,59391,1 Rue Jean Jaurès,50.307851,3.304551,Plein jour,En agglomération,Hors intersection,Normale,Deux véhicules - côté,3,-1,2,0,1,3,1,0,1,50,2,2,1,0,1,0,51.0,30.0,voiture,voiture,1,2,1,1,3
201900025367,2019-03-10 17:30:00,2019,3,10,17,30,13,13216,A55-Sens Marseille vers Martigues,43.345048,5.346381,Plein jour,Hors agglomération,Hors intersection,Normale,Sans collision,1,3,3,0,2,3,1,0,1,90,1,1,0,0,0,1,24.0,,deux_roues,,1,1,1,1,7
201900025368,2019-03-09 12:35:00,2019,3,9,12,35,13,13215,A7-Sens Marseille vers Lyon,43.3689,5.3609,Plein jour,Hors agglomération,Hors intersection,Normale,Trois véhicules et plus - collisions multiples,1,1,3,0,1,1,1,0,1,90,3,5,2,0,0,3,21.0,31.0,voiture,voiture,1,1,1,1,5
201900025369,2019-03-10 10:30:00,2019,3,10,10,30,13,13071,A55 - Sens Marseille vers Martigues,43.376,5.31868,Plein jour,Hors agglomération,Hors intersection,Normale,Deux véhicules - arrière,1,1,2,0,4,1,1,0,1,110,2,2,1,0,0,1,39.0,36.0,voiture,voiture,1,1,1,1,2
201900025370,2019-03-05 17:40:00,2019,3,5,17,40,13,13055,A507 sens Aubagne- Marseille,43.3299,5.4058,Plein jour,Hors agglomération,Hors intersection,Normale,Deux véhicules - côté,1,3,3,0,1,1,1,0,1,70,2,2,1,0,0,1,42.0,24.0,utilitaire_camion,voiture,1,1,1,1,3
201900025371,2019-03-09 02:55:00,2019,3,9,2,55,69,69297,A7   15.770 A 20.110,45.60919,4.80459,Nuit sans éclairage public,Hors agglomération,Hors intersection,Pluie légère,Autre collision,1,3,3,0,2,1,2,0,1,110,1,1,0,0,0,1,29.0,,voiture,,3,1,1,2,6
201900025372,2019-03-10 17:10:00,2019,3,10,17,10,33,33063,ROCADE A 630,44.88352,-0.55553,Plein jour,Hors agglomération,Hors intersection,Normale,Trois véhicules et plus - en chaîne,1,3,6,0,1,1,1,2,1,70,3,6,5,0,0,1,59.0,58.0,voiture,voiture,1,1,1,1,4
201900025373,2019-03-10 15:00:00,2019,3,10,15,0,91,91161,AUTOROUTE A6,48.71836,2.31014,Plein jour,Hors agglomération,Hors intersection,Normale,Autre collision,1,1,3,0,1,1,1,0,1,110,1,1,0,0,0,1,66.0,,voiture,,1,1,1,1,6
201900025374,2019-03-10 13:50:00,2019,3,10,13,50,91,91064,RN 118,48.74876,2.21543,Plein jour,Hors agglomération,Hors intersection,Normale,Deux véhicules - côté,2,1,2,0,4,1,1,0,1,90,2,3,1,0,0,2,27.0,38.0,voiture,voiture,1,1,1,1,3
201900025375,2019-03-10 05:20:00,2019,3,10,5,20,91,91645,RN 385 Extèrieure,48.759778,2.261211,Nuit sans éclairage public,Hors agglomération,Hors intersection,Pluie forte,Sans collision,2,3,4,0,1,1,2,0,1,90,1,1,0,0,0,1,38.0,,voiture,,3,1,1,3,7
201900025376,2019-03-10 05:59:00,2019,3,10,5,59,91,91689,AUTOROUTE A6A,48.741332,2.320575,Nuit sans éclairage public,Hors agglomération,Hors intersection,Pluie forte,Autre collision,1,3,6,0,1,1,4,2,1,110,1,2,1,0,0,1,22.0,,voiture,,3,1,1,3,6
201900025377,2019-03-10 05:50:00,2019,3,10,5,50,91,91589,AUTOROUTE A6,48.680195,2.332179,Nuit sans éclairage public,Hors agglomération,Hors intersection,Pluie forte,Autre collision,1,3,6,0,1,1,2,0,1,90,1,1,0,0,0,1,20.0,,voiture,,3,1,1,3,6
201900025378,2019-03-10 00:35:00,2019,3,10,0,35,91,91689,AUTOROUTE A6B,48.744,2.32425,Nuit sans éclairage public,Hors agglomération,Hors intersection,Pluie forte,Autre collision,1,1,3,0,1,1,2,0,1,90,1,1,0,0,0,1,58.0,,voiture,,3,1,1,3,6
201900025379,2019-03-10 00:50:00,2019,3,10,0,50,92,92064,A13,48.8374123,2.1888971,Nuit sans éclairage public,Hors agglomération,Hors intersection,Pluie légère,Trois véhicules et plus - collisions multiples,1,1,3,0,1,1,2,9,1,110,3,7,6,0,0,1,27.0,42.0,utilitaire_camion,utilitaire_camion,3,1,1,2,5
201900025380,2019-03-09 20:45:00,2019,3,9,20,45,78,78117,RN12,48.787332,2.147565,Nuit sans éclairage public,Hors agglomération,Hors intersection,Normale,Autre collision,2,3,2,0,1,1,1,0,1,110,1,2,1,0,0,1,19.0,,voiture,,3,1,1,1,6
201900025381,2019-03-10 18:30:00,2019,3,10,18,30,95,95582,AUTOROUTE A15,48.96487,2.26078,Plein jour,Hors agglomération,Hors intersection,Normale,Deux véhicules - arrière,1,3,11,0,1,1,1,0,1,90,2,3,1,0,0,2,38.0,50.0,voiture,voiture,1,1,1,1,2
201900025382,2019-03-10 15:19:00,2019,3,10,15,19,95,95488,AUTOROUTE A15,49.02462,2.13253,Plein jour,Hors agglomération,Hors intersection,Vent fort / tempête,Autre collision,1,3,6,0,1,1,1,0,1,110,1,1,0,0,0,1,66.0,,voiture,,1,1,1,6,6
201900025383,2019-03-10 07:35:00,2019,3,10,7,35,94,94065,A86 INT,48.7547909,2.3468777,Crépuscule ou aube,Hors agglomération,Hors intersection,Pluie légère,Sans collision,1,1,0,0,2,3,2,0,1,50,1,2,1,0,0,1,22.0,,voiture,,2,1,1,2,7
201900025384,2019-03-09 06:20:00,2019,3,9,6,20,77,77372,A104,48.89146,2.66724,Nuit sans éclairage public,Hors agglomération,Hors intersection,Temps couvert,Trois véhicules et plus - collisions multiples,1,3,3,0,1,3,2,0,1,90,3,7,2,0,2,3,38.0,72.0,voiture,voiture,3,1,1,8,5
201900025385,2019-03-07 17:30:00,2019,3,7,17,30,68,68271,MULHOUSE (RUE DE),47.7461,7.35872,Crépuscule ou aube,En agglomération,Hors intersection,Normale,Autre collision,4,2,2,0,1,1,1,0,1,50,1,2,1,0,0,1,51.0,,voiture,,2,2,1,1,6
201900025386,2019-03-01 20:00:00,2019,3,1,20,0,62,62570,SIMON (PIERRE),50.408209,2.8809898,Nuit avec éclairage allumé,En agglomération,Intersection en T,Normale,Deux véhicules - côté,4,2,2,0,1,1,1,0,1,50,2,2,1,0,1,0,19.0,35.0,deux_roues,voiture,5,2,3,1,3
201900025387,2019-02-11 02:48:00,2019,2,11,2,48,59,59599,CURIE (CHAUSSEE PIERRE),50.7329103,3.181867,Nuit avec éclairage allumé,En agglomération,Intersection en X,Normale,Deux véhicules - côté,7,3,4,0,2,1,1,5,1,50,2,4,1,0,2,1,28.0,26.0,voiture,voiture,5,2,2,1,3
201900025388,2019-01-31 19:45:00,2019,1,31,19,45,44,44162,RUE OCEANE,47.2264,-1.63088,Nuit avec éclairage allumé,En agglomération,Hors intersection,Normale,Deux véhicules - arrière,4,-1,0,0,1,1,1,0,1,30,2,1,0,0,0,1,53.0,,voiture,,5,2,1,1,2