accident_id,datetime,annee,mois,jour,heure,minute,departement,commune_insee,adresse,latitude,longitude,luminosite,agglomeration,intersection,meteo,collision,catr,circ,nbv,vosp,prof,plan,surf,infra,situ,vma,nb_vehicules,nb_usagers,nb_indemnes,nb_tues,nb_blesses_hosp,nb_blesses_legers,age_cond_1,age_cond_2,veh_type_cond_1,veh_type_cond_2,lum_code,agg_code,int_code,atm_code,col_code
201900025756,2019-12-21 02:50:00,2019,12,21,2,50,69,69387,GAMBETTA                            (CO),45.75482,4.84434,Nuit avec éclairage allumé,En agglomération,Hors intersection,Pluie légère,Sans collision,7,2,4,3,1,1,2,0,6,50,1,1,0,0,0,1,24.0,,deux_roues,,5,2,1,2,7
201900025757,2019-12-21 15:55:00,2019,12,21,15,55,69,69034,COMBATTANTS D'A.F.N. 1952-1962 (DES)(R ),45.7985,4.84999,Plein jour,En agglomération,Hors intersection,Normale,Autre collision,4,1,1,0,1,2,1,0,1,50,1,2,1,0,0,1,80.0,,voiture,,1,2,1,1,6
201900025758,2019-12-20 21:34:00,2019,12,20,21,34,69,69382,CELESTINS (DES)                     (QU),45.76003,4.83048,Nuit avec éclairage allumé,En agglomération,Hors intersection,Normale,Autre collision,4,1,4,3,1,1,1,0,1,50,2,4,3,0,0,1,24.0,20.0,voiture,voiture,5,2,1,1,6
201900025759,2019-12-20 17:40:00,2019,12,20,17,40,91,91421,NATIONALE 6 (CES POMPIDOU),48.69202,2.45117,Crépuscule ou aube,Hors agglomération,Autre intersection,Normale,Trois véhicules et plus - collisions multiples,2,2,2,0,1,3,1,0,1,90,5,8,5,0,0,3,59.0,70.0,voiture,voiture,2,1,9,1,5
201900025760,2019-12-20 17:00:00,2019,12,20,17,0,88,88413,Rue André COLIN,48.29355,6.95385,Nuit avec éclairage allumé,En agglomération,Hors intersection,Pluie légère,Autre collision,4,2,2,0,1,1,2,0,1,50,1,3,1,0,2,0,19.0,,voiture,,5,2,1,2,6
201900025761,2019-12-21 15:14:00,2019,12,21,15,14,78,78586,BERTEAUX (MAURICE) N°15 A 125,48.94026,2.16703,Plein jour,En agglomération,Intersection en T,Normale,Deux véhicules - côté,3,3,4,0,1,1,1,5,1,50,2,3,1,0,2,0,23.0,40.0,deux_roues,utilitaire_camion,1,2,3,1,3
201900025762,2019-12-21 00:25:00,2019,12,21,0,25,76,76540,BETHENCOURT. BOULEVARD JEAN DE,49.4389407,1.0799915,Nuit avec éclairage allumé,En agglomération,Intersection en X,Normale,Deux véhicules - côté,2,2,6,0,1,1,1,0,1,50,2,1,0,0,1,0,34.0,,deux_roues,,5,2,2,1,3
201900025763,2019-12-21 18:35:00,2019,12,21,18,35,71,71306,JULES CHAGOT (QUAI),46.677114,4.363825,Nuit avec éclairage allumé,En agglomération,Hors intersection,Pluie légère,Sans collision,4,3,4,0,1,1,2,0,1,50,1,1,0,0,0,1,15.0,,deux_roues,,5,2,1,2,7
201900025764,2019-12-20 11:15:00,2019,12,20,11,15,71,71040,COMMUNAUTES (RUE DES ),46.70908,4.39022,Plein jour,En agglomération,Hors intersection,Pluie forte,Deux véhicules - côté,4,2,2,0,1,1,1,0,1,50,2,2,1,0,0,1,64.0,27.0,voiture,voiture,1,2,1,3,3
201900025765,2019-12-19 19:10:00,2019,12,19,19,10,69,69266,POIZAT      (Rue),45.75818,4.89329,Nuit avec éclairage allumé,En agglomération,Intersection en X,Normale,Deux véhicules - côté,4,2,2,0,1,1,1,0,1,50,2,4,2,0,1,1,42.0,41.0,voiture,voiture,5,2,2,1,3
201900025766,2019-12-11 16:53:00,2019,12,11,16,53,68,68297,STRASBOURG ( RUE DE ),47.618937,7.531742,Nuit avec éclairage allumé,En agglomération,Hors intersection,Pluie légère,Autre collision,3,2,2,0,1,1,2,0,1,50,1,2,1,0,1,0,73.0,,voiture,,5,2,1,2,6
201900025767,2019-12-21 18:30:00,2019,12,21,18,30,64,64102,VAINSOT (RUE),43.4939389,-1.4539612,Nuit avec éclairage allumé,En agglomération,Intersection en T,Pluie légère,Deux véhicules - côté,3,2,2,0,2,1,2,0,1,50,2,3,1,0,2,0,17.0,55.0,deux_roues,voiture,5,2,3,2,3
201900025768,2019-12-17 19:00:00,2019,12,17,19,0,61,61169,LOUIS TOUSSAINT (AVE),48.741997,-0.56734,Nuit avec éclairage allumé,En agglomération,Intersection en T,Pluie légère,Autre collision,4,2,2,0,1,1,2,0,1,50,1,2,1,0,1,0,61.0,,voiture,,5,2,3,2,6
201900025769,2019-12-21 05:50:00,2019,12,21,5,50,54,54547,RD 674,48.6656,6.1901,Crépuscule ou aube,En agglomération,Hors intersection,Normale,Trois véhicules et plus - collisions multiples,4,-1,2,0,1,1,1,0,1,50,3,3,2,0,0,1,20.0,55.0,voiture,voiture,2,2,1,1,5
201900025770,2019-12-21 11:30:00,2019,12,21,11,30,51,51454,RUE MAGELLAN,49.2249194,4.0323513,Plein jour,En agglomération,Hors intersection,Normale,Deux véhicules - côté,4,2,2,0,1,1,1,2,1,50,2,2,1,0,0,1,59.0,37.0,voiture,deux_roues,1,2,1,1,3
201900025771,2019-12-17 12:20:00,2019,12,17,12,20,47,47323,ROUTE NATIONALE 21,44.43857,0.71572,Plein jour,Hors agglomération,Intersection en X,Normale,Deux véhicules - côté,2,2,2,0,2,1,1,0,1,80,2,2,0,0,0,2,59.0,56.0,voiture,utilitaire_camion,1,1,2,1,3
201900025772,2019-12-21 00:20:00,2019,12,21,0,20,41,41269,MOULIN (AV JEAN) (SECTEUR 5),47.80448,1.04789,Nuit sans éclairage public,En agglomération,Hors intersection,Normale,Autre collision,4,2,2,0,1,2,2,0,4,50,1,1,0,1,0,0,26.0,,voiture,,3,2,1,1,6
201900025773,2019-12-21 19:15:00,2019,12,21,19,15,37,37261,EUROPE (AVENUE DE L'),47.42257,0.68298,Nuit avec éclairage allumé,En agglomération,Hors intersection,Pluie légère,Autre collision,4,2,2,0,1,1,2,0,1,50,1,2,1,0,0,1,26.0,,voiture,,5,2,1,2,6
201900025774,2019-12-21 06:58:00,2019,12,21,6,58,37,37122,RD 37,47.3408191,0.6592988,Nuit avec éclairage allumé,Hors agglomération,Hors intersection,Normale,Deux véhicules - arrière,3,3,4,-1,1,1,2,0,1,-1,2,2,0,0,0,2,48.0,29.0,voiture,voiture,5,1,1,1,2
201900025775,2019-12-18 20:40:00,2019,12,18,20,40,37,37261,MAGINOT (AV. ANDRE),47.4175182,0.6911945,Nuit avec éclairage allumé,En agglomération,Hors intersection,Normale,Deux véhicules - côté,4,2,2,0,1,1,2,0,1,50,2,4,2,0,0,2,30.0,32.0,voiture,utilitaire_camion,5,2,1,1,3
201900025776,2019-12-21 01:20:00,2019,12,21,1,20,37,37261,GIRAUDEAU (RUE),47.38609,0.67665,Nuit avec éclairage allumé,En agglomération,Hors intersection,Pluie légère,Deux véhicules - frontale,4,2,3,0,1,1,2,0,1,50,2,3,2,0,0,1,24.0,24.0,voiture,voiture,5,2,1,2,1
201900025777,2019-12-20 12:15:00,2019,12,20,12,15,37,37122,RD 37,47.3628471,0.6484958,Plein jour,En agglomération,Hors intersection,Normale,Deux véhicules - arrière,4,2,4,0,2,1,1,0,1,50,2,2,1,0,0,1,25.0,40.0,voiture,voiture,1,2,1,1,2
201900025778,2019-12-21 05:47:00,2019,12,21,5,47,34,34172,GARRATS (AVENUE DES),43.613629,3.839067,Nuit avec éclairage allumé,En agglomération,Hors intersection,Temps couvert,Deux véhicules - frontale,4,2,2,0,2,1,2,1,1,50,2,2,1,1,0,0,27.0,39.0,voiture,voiture,5,2,1,8,1
201900025779,2019-12-20 11:15:00,2019,12,20,11,15,34,34172,POITIERS (AVENUE GUILHEM DE),43.63668,3.81699,Plein jour,En agglomération,Hors intersection,Pluie légère,Deux véhicules - frontale,4,2,2,0,1,1,2,0,1,50,2,5,2,0,0,3,64.0,50.0,voiture,voiture,1,2,1,2,1
201900025780,2019-12-21 15:05:00,2019,12,21,15,5,33,33522,AVE DE THOUARS,44.78892,-0.59068,Plein jour,En agglomération,Hors intersection,Normale,Deux véhicules - frontale,4,2,2,0,1,1,2,0,1,50,2,2,1,0,0,1,35.0,68.0,voiture,voiture,1,2,1,1,1
201900025781,2019-12-18 16:50:00,2019,12,18,16,50,33,33032,AVE LAMARTINE,44.90395,-0.51276,Nuit avec éclairage allumé,En agglomération,Giratoire,Normale,Deux véhicules - côté,4,2,2,0,1,1,1,0,1,50,2,2,1,0,0,1,18.0,71.0,deux_roues,voiture,5,2,6,1,3
201900025782,2019-12-18 19:40:00,2019,12,18,19,40,33,33200,AVE PASTEUR,44.86748,-0.66937,Nuit avec éclairage allumé,En agglomération,Hors intersection,Normale,Trois véhicules et plus - en chaîne,4,2,4,2,1,1,1,0,1,50,3,3,1,0,0,2,37.0,53.0,voiture,voiture,5,2,1,1,4
201900025783,2019-12-20 20:20:00,2019,12,20,20,20,29,29232,PONT L'ABBE RUE DE,47.99117,-4.11467,Nuit avec éclairage allumé,En agglomération,Hors intersection,Pluie légère,Deux véhicules - arrière,4,2,2,0,1,1,2,5,1,50,2,3,2,0,0,1,22.0,23.0,voiture,voiture,5,2,1,2,2
201900025784,2019-12-21 11:55:00,2019,12,21,11,55,29,29019,ROUSSE EMILE,48.38308,-4.52757,Plein jour,En agglomération,Giratoire,Normale,Deux véhicules - côté,4,-1,2,0,1,1,1,0,1,50,2,2,1,0,0,1,29.0,49.0,voiture,deux_roues,1,2,6,1,3
201900025785,2019-12-21 06:52:00,2019,12,21,6,52,29,29019,SENATEUR PICHON,48.3862305,-4.4733744,Nuit avec éclairage allumé,En agglomération,Hors intersection,Normale,Sans collision,4,2,2,0,1,1,1,0,1,50,1,2,0,0,0,2,25.0,,voiture,,5,2,1,1,7
201900025786,2019-12-16 18:10:00,2019,12,16,18,10,21,21166,TAMARIS (DES) (RUE),47.29794,5.01322,Nuit avec éclairage allumé,En agglomération,Hors intersection,Normale,Autre collision,4,2,1,0,1,1,1,0,1,50,1,2,1,0,0,1,76.0,,voiture,,5,2,1,1,6
201900025787,2019-12-21 10:20:00,2019,12,21,10,20,17,17306,ROCHEFORT (DE)  (AVENUE),45.64478,-1.0247,Plein jour,En agglomération,Hors intersection,Normale,Deux véhicules - arrière,4,2,2,0,1,1,2,0,1,50,2,3,2,0,0,1,74.0,77.0,voiture,voiture,1,2,1,1,2
201900025788,2019-12-21 01:00:00,2019,12,21,1,0,17,17300,JERICHO   RUE DE,46.16728,-1.16606,Nuit avec éclairage allumé,En agglomération,Hors intersection,Pluie forte,Autre collision,4,1,1,0,2,1,4,0,1,50,1,1,0,0,0,1,18.0,,deux_roues,,5,2,1,3,6
201900025789,2019-12-17 20:15:00,2019,12,17,20,15,13,13071,ROUTE NATIONALE 113 - AGAVON,43.41588,5.29531,Nuit avec éclairage allumé,Hors agglomération,Intersection en X,Normale,Trois véhicules et plus - collisions multiples,3,2,2,0,1,1,1,0,1,80,3,4,3,0,1,0,40.0,35.0,deux_roues,voiture,5,1,2,1,5
201900025790,2019-12-21 19:40:00,2019,12,21,19,40,13,13209,MICHELET (BOULEVARD),43.261485,5.397729,Nuit avec éclairage non allumé,En agglomération,Hors intersection,Normale,Deux véhicules - côté,4,2,6,0,1,1,1,0,1,50,2,1,0,0,0,1,41.0,,deux_roues,,4,2,1,1,3
201900025791,2019-12-21 16:51:00,2019,12,21,16,51,13,13204,PIERRE ROCHE (RUE),43.309717,5.40145,Plein jour,En agglomération,Intersection en X,Normale,Deux véhicules - côté,4,2,3,0,1,1,1,0,1,50,2,3,1,0,0,2,39.0,19.0,voiture,deux_roues,1,2,2,1,3
201900025792,2019-12-21 13:35:00,2019,12,21,13,35,13,13206,BONS ENFANT (RUE DES),43.290911,5.388347,Plein jour,En agglomération,Intersection en X,Normale,Deux véhicules - côté,4,1,1,0,1,1,1,0,1,50,2,1,0,0,0,1,34.0,,deux_roues,,1,2,2,1,3
201900025793,2019-12-18 19:05:00,2019,12,18,19,5,13,13213,PARTY (CHEMIN DE),43.3476918,5.4168934,Nuit avec éclairage allumé,En agglomération,Hors intersection,Normale,Deux véhicules - côté,4,2,2,0,1,1,1,0,1,50,2,2,1,0,1,0,84.0,44.0,voiture,voiture,5,2,1,1,3
201900025794,2019-12-21 12:46:00,2019,12,21,12,46,6,06123,ST EXUPERY AVENUE,43.66613,7.186857,Plein jour,En agglomération,Hors intersection,Normale,Autre collision,7,1,1,0,2,1,2,0,1,30,1,3,1,0,0,2,61.0,,voiture,,1,2,1,1,6
201900025795,2019-12-20 14:30:00,2019,12,20,14,30,75,75116,ROUTE DE LA PTE DAUPHINE A LA PTE DES SA,48.8730073,2.2728126,Plein jour,En agglomération,Intersection en X,Pluie légère,Autre collision,4,2,2,0,1,1,2,0,1,50,1,3,2,1,0,0,61.0,,utilitaire_camion,,1,2,2,2,6
201900025796,2019-12-21 19:50:00,2019,12,21,19,50,75,75120,AVENUE GAMBETTA,48.871453,2.404171,Nuit avec éclairage allumé,En agglomération,Hors intersection,Pluie légère,Deux véhicules - côté,4,2,2,0,2,1,2,0,1,50,2,2,0,0,0,2,41.0,16.0,deux_roues,deux_roues,5,2,1,2,3
201900025797,2019-12-21 18:50:00,2019,12,21,18,50,75,75119,RUE DE BELLEVILLE,48.875463,2.397916,Nuit avec éclairage allumé,En agglomération,Intersection en X,Pluie forte,Autre collision,4,2,2,0,2,1,2,8,1,50,1,2,1,0,0,1,46.0,,deux_roues,,5,2,2,3,6
201900025798,2019-12-21 19:55:00,2019,12,21,19,55,75,75119,RUE REBEVAL,48.8740891,2.3755547,Nuit avec éclairage allumé,En agglomération,Intersection en Y,Pluie légère,Autre collision,4,1,1,0,2,1,2,0,1,50,1,1,0,0,0,1,,,,,5,2,4,2,6
201900025799,2019-12-18 16:00:00,2019,12,18,16,0,75,75116,AVENUE MARCEAU,48.8696832,2.2982454,Plein jour,En agglomération,Intersection à plus de 4 branches,Normale,Autre collision,4,1,1,0,1,1,1,0,1,50,2,1,0,0,0,1,36.0,,deux_roues,,1,2,5,1,6
201900025800,2019-12-20 15:10:00,2019,12,20,15,10,75,75115,QUAI ANDRE CITROEN,48.846836,2.278078,Plein jour,En agglomération,Hors intersection,Normale,Autre collision,4,2,3,-1,1,1,1,0,1,50,1,2,1,0,0,1,53.0,,deux_roues,,1,2,1,1,6
201900025801,2019-12-21 21:45:00,2019,12,21,21,45,75,75113,BOULEVARD AUGUSTE BLANQUI,48.831108,2.344229,Nuit avec éclairage allumé,En agglomération,Intersection en X,Pluie légère,Autre collision,4,3,2,0,4,1,2,0,1,50,1,2,1,0,0,1,71.0,,voiture,,5,2,2,2,6
201900025802,2019-12-21 17:25:00,2019,12,21,17,25,75,75112,BOULEVARD DE LA GUYANE,48.8343527,2.4113563,Nuit avec éclairage allumé,En agglomération,Intersection en Y,Pluie légère,Autre collision,4,2,2,0,1,1,2,0,1,50,1,2,1,1,0,0,47.0,,deux_roues,,5,2,4,2,6
201900025803,2019-12-21 17:50:00,2019,12,21,17,50,75,75112,BOULEVARD DIDEROT,48.847148,2.385001,Nuit avec éclairage allumé,En agglomération,Intersection en Y,Pluie légère,Deux véhicules - côté,4,2,2,1,1,1,2,0,5,50,2,2,1,0,0,1,30.0,51.0,deux_roues,voiture,5,2,4,2,3
201900025804,2019-12-21 14:05:00,2019,12,21,14,5,75,75110,RUE DU HUIT MAI 1945,48.8760687,2.3588589,Plein jour,En agglomération,Hors intersection,Temps couvert,Deux véhicules - côté,4,2,4,0,1,1,1,0,1,50,2,3,1,0,0,2,33.0,51.0,voiture,deux_roues,1,2,1,8,3
201900025805,2019-12-20 21:31:00,2019,12,20,21,31,75,75110,RUE LA FAYETTE,48.878703,2.354706,Nuit avec éclairage allumé,En agglomération,Hors intersection,Normale,Autre collision,4,2,3,0,1,1,1,0,1,50,1,2,1,0,0,1,19.0,,voiture,,5,2,1,1,6
201900025806,2019-12-20 20:52:00,2019,12,20,20,52,75,75102,BOULEVARD POISSONNIERE,48.870864,2.346724,Nuit avec éclairage allumé,En agglomération,Intersection en T,Normale,Autre collision,4,2,4,-1,1,1,1,5,1,30,1,1,0,0,0,1,,,,,5,2,3,1,6
201900025807,2019-12-20 22:30:00,2019,12,20,22,30,75,75102,BOULEVARD MONTMARTRE,48.871855,2.340764,Nuit avec éclairage allumé,En agglomération,Hors intersection,Normale,Deux véhicules - arrière,4,2,4,-1,1,1,1,0,1,50,2,2,1,0,0,1,39.0,47.0,deux_roues,voiture,5,2,1,1,2
201900025808,2019-12-20 04:40:00,2019,12,20,4,40,75,75109,RUE LE PELETIER,48.874657,2.339374,Nuit avec éclairage allumé,En agglomération,Intersection en X,Pluie forte,Autre collision,4,1,2,-1,1,1,2,5,1,30,1,1,0,0,0,1,,,,,5,2,2,3,6
201900025809,2019-12-21 07:35:00,2019,12,21,7,35,75,75107,RUE DE LUYNES,48.85473,2.325996,Nuit avec éclairage allumé,En agglomération,Intersection en Y,Normale,Deux véhicules - côté,4,1,1,1,1,1,1,0,5,30,2,2,1,0,0,1,49.0,23.0,voiture,deux_roues,5,2,4,1,3
201900025810,2019-12-21 11:35:00,2019,12,21,11,35,75,75104,VOIE GEORGES POMPIDOU,48.8510483,2.3611412,Plein jour,En agglomération,Intersection en Y,Normale,Autre collision,4,2,1,-1,1,1,1,6,1,30,1,1,0,0,0,1,59.0,,deux_roues,,1,2,4,1,6
201900025811,2019-12-20 17:45:00,2019,12,20,17,45,75,75101,RUE DE RIVOLI,48.8643902,2.3301115,Nuit avec éclairage allumé,En agglomération,Intersection en T,Normale,Deux véhicules - arrière,4,2,5,1,1,1,1,0,5,50,2,2,1,0,0,1,34.0,39.0,deux_roues,deux_roues,5,2,3,1,2
201900025812,2019-12-20 09:20:00,2019,12,20,9,20,94,94052,JOINVILLE (AV DE),48.831,2.4691,Plein jour,En agglomération,Intersection en X,Normale,Deux véhicules - côté,9,2,4,0,1,1,1,0,1,50,2,2,1,0,0,1,37.0,36.0,voiture,voiture,1,2,2,1,3
201900025813,2019-12-19 13:40:00,2019,12,19,13,40,94,94058,BRY (AV DE),48.8353,2.49631,Plein jour,En agglomération,Hors intersection,Normale,Deux véhicules - arrière,3,2,2,0,1,1,2,2,1,50,2,4,1,0,0,3,52.0,56.0,voiture,voiture,1,2,1,1,2
201900025814,2019-12-21 19:25:00,2019,12,21,19,25,94,94016,VATIER (AV),48.7886,2.33095,Nuit avec éclairage allumé,En agglomération,Autre intersection,Pluie légère,Autre collision,4,3,2,0,1,1,2,6,1,30,1,2,1,0,0,1,18.0,,voiture,,5,2,9,2,6
201900025815,2019-12-21 14:05:00,2019,12,21,14,5,94,94076,RENE THIBERT (R),48.8,2.35,Plein jour,En agglomération,Intersection en T,Normale,Deux véhicules - arrière,4,1,1,0,2,1,1,0,1,50,2,1,0,0,0,1,30.0,,voiture,,1,2,3,1,2
201900025816,2019-12-21 15:55:00,2019,12,21,15,55,94,94073,LUXEMBOURG (AV DU),48.75759,2.37333,Plein jour,En agglomération,Hors intersection,Normale,Deux véhicules - côté,4,2,4,0,1,1,1,0,1,50,2,2,1,0,0,1,22.0,41.0,deux_roues,utilitaire_camion,1,2,1,1,3
201900025817,2019-12-20 20:00:00,2019,12,20,20,0,94,94028,FOCH(AVENUE DU MARECHAL),48.7784,2.4355,Nuit sans éclairage public,En agglomération,Hors intersection,Normale,Deux véhicules - arrière,3,-1,2,0,1,1,1,0,1,50,2,2,1,0,0,1,23.0,36.0,deux_roues,voiture,3,2,1,1,2
201900025818,2019-12-21 20:15:00,2019,12,21,20,15,93,93062,RESISTANCE (AVENUE DE LA),48.9,2.5167,Nuit avec éclairage allumé,En agglomération,Hors intersection,Pluie légère,Deux véhicules - côté,3,2,2,0,2,1,2,0,1,50,2,2,1,0,0,1,25.0,37.0,voiture,deux_roues,5,2,1,2,3
201900025819,2019-12-21 15:56:00,2019,12,21,15,56,93,93077,BERTHELOT (AVENUE MARCELIN),48.88697,2.51989,Plein jour,En agglomération,Hors intersection,Normale,Autre collision,4,1,1,0,2,2,1,0,1,50,1,1,0,0,0,1,68.0,,voiture,,1,2,1,1,6
201900025820,2019-12-20 16:10:00,2019,12,20,16,10,93,93055,MEHUL (1/37. 2/24),48.8892,2.4167,Plein jour,En agglomération,Intersection en X,Pluie légère,Autre collision,4,2,2,0,1,1,2,0,2,50,1,2,0,0,0,2,30.0,,voiture,,1,2,2,2,6
201900025821,2019-12-21 14:00:00,2019,12,21,14,0,93,93051,EMILE COSSONNEAU (AVE),48.848873,2.5538408,Plein jour,En agglomération,Hors intersection,Normale,Autre collision,4,1,1,0,1,1,1,6,1,30,1,2,1,0,1,0,28.0,,voiture,,1,2,1,1,6
201900025822,2019-12-21 14:05:00,2019,12,21,14,5,93,93057,JAURES (AV. JEAN) 1 A 123,48.90797,2.49521,Plein jour,En agglomération,Intersection en T,Normale,Deux véhicules - côté,3,1,1,0,1,1,1,0,1,50,2,1,0,0,0,1,25.0,,deux_roues,,1,2,3,1,3
201900025823,2019-12-20 21:00:00,2019,12,20,21,0,93,93010,GROSLAY (CHEM. DE),48.911163,2.474706,Nuit avec éclairage allumé,En agglomération,Intersection en T,Temps couvert,Deux véhicules - côté,4,2,2,0,1,1,2,0,1,50,2,3,2,0,0,1,26.0,64.0,voiture,voiture,5,2,3,8,3
201900025824,2019-12-21 19:30:00,2019,12,21,19,30,93,93005,GEORGES BRAQUE (BOULEVARD),48.95233,2.48457,Nuit avec éclairage allumé,En agglomération,Hors intersection,Pluie légère,Deux véhicules - arrière,3,1,4,0,1,1,2,0,1,50,2,2,1,0,0,1,59.0,22.0,voiture,voiture,5,2,1,2,2
201900025825,2019-12-21 11:45:00,2019,12,21,11,45,92,92050,SOUFFLOT J-GERMAIN BOULEVARD,48.896454,2.21473,Plein jour,En agglomération,Intersection en T,Normale,Deux véhicules - côté,4,1,2,0,1,1,1,9,1,50,2,2,1,0,0,1,22.0,32.0,deux_roues,voiture,1,2,3,1,3
201900025826,2019-12-21 11:20:00,2019,12,21,11,20,92,92026,MISSION MARCHAND (COTE IMPAIR),48.90223,2.2395,Plein jour,En agglomération,Intersection en X,Normale,Deux véhicules - côté,3,3,4,3,1,1,1,9,1,50,2,2,1,0,1,0,52.0,26.0,voiture,deux_roues,1,2,2,1,3
201900025827,2019-12-21 17:15:00,2019,12,21,17,15,92,92012,JEAN JAURES (BOULEVARD) 63/215 - 70/208,48.83143,2.24486,Nuit avec éclairage allumé,En agglomération,Autre intersection,Pluie légère,Deux véhicules - arrière,3,2,2,0,1,1,2,9,1,50,2,3,0,0,1,2,,,,,5,2,9,2,2
201900025828,2019-12-21 18:30:00,2019,12,21,18,30,92,92012,MARECHAL DE LATTRE DE TASSIGNY (AVENUE),48.84094,2.22774,Nuit avec éclairage allumé,En agglomération,Autre intersection,Pluie forte,Autre collision,4,1,3,0,1,1,2,5,1,50,1,2,1,0,0,1,42.0,,voiture,,5,2,9,3,6
201900025829,2019-12-22 18:00:00,2019,12,22,18,0,36,36077,d956,47.22756,1.539104,Nuit sans éclairage public,Hors agglomération,Hors intersection,Pluie légère,Autre collision,3,2,2,0,1,1,2,0,1,80,1,2,0,0,1,1,65.0,,voiture,,3,1,1,2,6
201900025830,2019-12-20 14:20:00,2019,12,20,14,20,81,81139,Lautrec,43.668584,2.111433,Plein jour,Hors agglomération,Intersection en X,Normale,Trois véhicules et plus - collisions multiples,3,2,2,0,1,1,1,5,1,80,3,4,1,0,0,3,55.0,72.0,voiture,voiture,1,1,2,1,5
201900025831,2019-11-14 20:10:00,2019,11,14,20,10,83,83054,A57,43.155161,6.041922,Nuit sans éclairage public,Hors agglomération,Hors intersection,Pluie forte,Trois véhicules et plus - en chaîne,1,1,1,0,2,1,4,3,2,130,3,3,2,0,0,1,64.0,48.0,utilitaire_camion,voiture,3,1,1,3,4
201900025832,2019-12-21 21:50:00,2019,12,21,21,50,35,35317,D137,48.294917,-1.810821,Nuit sans éclairage public,Hors agglomération,Hors intersection,Pluie légère,Sans collision,3,2,2,0,1,3,1,0,3,110,1,1,0,0,1,0,40.0,,voiture,,3,1,1,2,7
201900025833,2019-12-20 10:35:00,2019,12,20,10,35,35,35239,D173,47.900972,-1.378358,Plein jour,Hors agglomération,Hors intersection,Normale,Autre collision,3,3,4,0,1,1,2,0,1,110,1,2,0,0,1,1,18.0,,voiture,,1,1,1,1,6
201900025834,2019-12-20 17:00:00,2019,12,20,17,0,69,69283,1 Place de la République,45.66419,4.95718,Crépuscule ou aube,En agglomération,Hors intersection,Pluie forte,Autre collision,4,1,1,0,1,1,2,0,1,30,1,2,1,0,1,0,19.0,,voiture,,2,2,1,3,6
201900025835,2019-12-22 06:30:00,2019,12,22,6,30,23,23079,Route d'Aubusson,45.892962,2.183844,Nuit avec éclairage allumé,En agglomération,Hors intersection,Pluie légère,Sans collision,3,2,2,0,2,2,2,0,3,50,1,5,4,0,1,0,18.0,,voiture,,5,2,1,2,7
201900025836,2019-12-22 12:20:00,2019,12,22,12,20,56,56053,Rue René Descartes,47.735053,-2.59433,Plein jour,En agglomération,Hors intersection,Pluie légère,Autre collision,4,2,2,0,4,3,2,0,4,50,1,2,0,0,0,2,15.0,,voiture,,1,2,1,2,6
201900025837,2019-12-19 16:30:00,2019,12,19,16,30,76,76021,Route de Goderville,49.675849,0.437372,Plein jour,Hors agglomération,Intersection en X,Normale,Trois véhicules et plus - collisions multiples,3,2,2,0,1,1,1,0,1,70,3,3,0,0,1,2,58.0,32.0,voiture,voiture,1,1,2,1,5
201900025838,2019-12-22 02:00:00,2019,12,22,2,0,60,60406,D200,49.317158,2.566644,Nuit sans éclairage public,Hors agglomération,Hors intersection,Pluie légère,Sans collision,3,2,2,0,1,1,2,0,3,80,1,1,0,0,1,0,29.0,,voiture,,3,1,1,2,7
201900025839,2019-12-21 21:15:00,2019,12,21,21,15,60,60102,D200,49.309744,2.545959,Nuit sans éclairage public,Hors agglomération,Hors intersection,Pluie légère,Sans collision,3,3,4,0,1,1,2,0,1,90,1,1,0,0,1,0,29.0,,deux_roues,,3,1,1,2,7
201900025840,2019-12-22 16:30:00,2019,12,22,16,30,61,61010,D26,48.859954,0.221062,Crépuscule ou aube,Hors agglomération,Hors intersection,Neige / grêle,Autre collision,3,2,2,0,1,2,2,0,3,80,1,1,0,1,0,0,25.0,,voiture,,2,1,1,4,6
201900025841,2019-12-21 13:20:00,2019,12,21,13,20,46,46204,Route de Montfaucon,44.690781,1.572916,Plein jour,Hors agglomération,Hors intersection,Normale,Autre collision,4,2,2,0,2,3,1,0,3,80,1,1,0,0,1,0,62.0,,voiture,,1,1,1,1,6
201900025842,2019-12-21 02:45:00,2019,12,21,2,45,68,68062,Route de Belfort,47.629245,7.21104,Nuit sans éclairage public,Hors agglomération,Hors intersection,Pluie légère,Autre collision,3,2,2,0,1,1,2,0,3,80,1,1,0,0,1,0,80.0,,voiture,,3,1,1,2,6
201900025843,2019-12-22 20:00:00,2019,12,22,20,0,25,25356,Le Prélot,47.22648,6.805361,Nuit sans éclairage public,Hors agglomération,Hors intersection,Pluie légère,Sans collision,3,2,2,0,2,3,2,0,3,70,1,2,1,0,1,0,20.0,,utilitaire_camion,,3,1,1,2,7
201900025844,2019-12-20 12:20:00,2019,12,20,12,20,25,25193,D437a,47.243417,6.888575,Plein jour,Hors agglomération,Hors intersection,Pluie légère,Sans collision,3,2,2,0,1,1,2,0,3,80,1,1,0,0,1,0,60.0,,voiture,,1,1,1,2,7
201900025845,2019-12-22 11:20:00,2019,12,22,11,20,29,29216,D785,47.95144,-4.17857,Plein jour,Hors agglomération,Hors intersection,Neige / grêle,Deux véhicules - côté,3,3,4,0,1,1,2,0,1,110,2,5,0,0,1,4,47.0,35.0,voiture,voiture,1,1,1,4,3