accident_id,datetime,annee,mois,jour,heure,minute,departement,commune_insee,adresse,latitude,longitude,luminosite,agglomeration,intersection,meteo,collision,catr,circ,nbv,vosp,prof,plan,surf,infra,situ,vma,nb_vehicules,nb_usagers,nb_indemnes,nb_tues,nb_blesses_hosp,nb_blesses_legers,age_cond_1,age_cond_2,veh_type_cond_1,veh_type_cond_2,lum_code,agg_code,int_code,atm_code,col_code
201900025846,2019-12-21 17:30:00,2019,12,21,17,30,38,38314,Rue de Bellevue,45.43348,6.01353,Crépuscule ou aube,En agglomération,Intersection en T,Pluie légère,Autre collision,3,2,2,0,1,1,2,0,1,30,1,2,1,0,0,1,68.0,,voiture,,2,2,3,2,6
201900025847,2019-12-21 18:09:00,2019,12,21,18,9,84,84089,Traverse de Souliere,43.727323,5.508683,Nuit sans éclairage public,Hors agglomération,Intersection en X,Pluie légère,Deux véhicules - côté,3,2,2,0,1,1,1,0,1,80,2,2,1,0,0,1,22.0,42.0,voiture,voiture,3,1,2,2,3
201900025848,2019-12-21 15:30:00,2019,12,21,15,30,1,01151,D17,46.0808076,5.2614802,Plein jour,Hors agglomération,Hors intersection,Pluie légère,Autre collision,3,2,2,0,1,4,2,0,1,90,2,2,0,0,0,2,55.0,38.0,deux_roues,deux_roues,1,1,1,2,6
201900025849,2019-12-22 11:55:00,2019,12,22,11,55,26,26113,Plot - RD 93,44.739781,5.386876,Plein jour,Hors agglomération,Hors intersection,Pluie légère,Trois véhicules et plus - collisions multiples,3,2,2,0,1,1,2,0,1,80,4,7,3,0,1,3,54.0,51.0,voiture,voiture,1,1,1,2,5
201900025850,2019-12-21 11:15:00,2019,12,21,11,15,54,54076,25 Avenue Pierre Sémard,48.555978,6.397498,Plein jour,En agglomération,Intersection en T,Pluie légère,Sans collision,3,2,-1,-1,1,1,2,0,1,-1,1,2,1,0,0,1,22.0,,voiture,,1,2,3,2,7
201900025851,2019-12-21 18:35:00,2019,12,21,18,35,14,14514,58 Rue Saint-michel,49.28505,0.183166,Nuit avec éclairage allumé,En agglomération,Hors intersection,Pluie légère,Deux véhicules - frontale,3,2,2,0,1,1,2,0,1,50,2,2,1,0,1,0,46.0,30.0,voiture,deux_roues,5,2,1,2,1
201900025852,2019-12-21 15:00:00,2019,12,21,15,0,5,05179,Route de Gap,44.538692,5.837252,Plein jour,En agglomération,Hors intersection,Normale,Autre collision,3,2,2,0,1,1,1,0,3,50,1,2,1,0,1,0,64.0,,voiture,,1,2,1,1,6
201900025853,2019-12-22 15:00:00,2019,12,22,15,0,83,83012,D560,43.545106,5.987242,Plein jour,En agglomération,Hors intersection,Normale,Deux véhicules - frontale,3,2,2,0,1,3,1,0,1,50,2,3,2,0,1,0,63.0,51.0,voiture,deux_roues,1,2,1,1,1
201900025854,2019-12-22 06:00:00,2019,12,22,6,0,24,24565,121 Lieu Dit le Grand Moulin,45.590648,0.51696,Nuit sans éclairage public,Hors agglomération,Hors intersection,Pluie forte,Sans collision,3,2,2,0,1,1,2,0,1,80,1,4,2,0,1,1,21.0,,voiture,,3,1,1,3,7
201900025855,2019-12-12 07:45:00,2019,12,12,7,45,76,76533,BRETELLE D'ACCES. SORTIE 5 . RN 1029,49.4804032,0.2638972,Nuit avec éclairage allumé,Hors agglomération,Autre intersection,Pluie légère,Sans collision,1,1,1,0,2,3,2,3,1,70,1,1,0,0,0,1,37.0,,deux_roues,,5,1,9,2,7
201900025856,2019-12-21 12:00:00,2019,12,21,12,0,73,73213,A43,45.5418522,5.9634376,Plein jour,Hors agglomération,Hors intersection,Normale,Deux véhicules - arrière,1,3,6,0,1,1,2,0,1,110,2,8,4,0,0,4,33.0,49.0,voiture,utilitaire_camion,1,1,1,1,2
201900025857,2019-12-17 13:20:00,2019,12,17,13,20,38,38553,Boulevard de Villefontaine,45.610232,5.155798,Plein jour,En agglomération,Hors intersection,Normale,Deux véhicules - arrière,3,1,4,0,1,1,1,0,1,50,2,2,1,0,0,1,39.0,67.0,voiture,voiture,1,2,1,1,2
201900025858,2019-12-22 15:30:00,2019,12,22,15,30,6,06088,A8 PK 190+200 SUD,43.705735,7.189099,Plein jour,Hors agglomération,Hors intersection,Vent fort / tempête,Autre collision,1,3,5,0,1,1,1,0,1,90,1,1,0,0,0,1,47.0,,deux_roues,,1,1,1,6,6
201900025859,2019-12-17 08:55:00,2019,12,17,8,55,34,34172,a9 pk 009.200,43.612398,3.941677,Plein jour,Hors agglomération,Autre intersection,Normale,Deux véhicules - arrière,1,3,4,0,1,1,1,0,1,90,2,2,1,0,0,1,45.0,34.0,voiture,voiture,1,1,9,1,2
201900025860,2019-12-21 17:40:00,2019,12,21,17,40,38,38530,A43,45.613782,5.205408,Nuit sans éclairage public,Hors agglomération,Hors intersection,Normale,Autre collision,1,3,5,0,1,1,1,0,1,130,2,4,3,0,0,1,20.0,70.0,voiture,voiture,3,1,1,1,6
201900025861,2019-12-22 19:25:00,2019,12,22,19,25,988,98808,RPN3/RM1,-21.288181,165.640147,Nuit sans éclairage public,Hors agglomération,Intersection en T,Normale,Autre collision,3,2,2,0,1,2,1,0,3,110,1,3,0,0,2,1,18.0,,voiture,,3,1,3,1,6
201900025862,2019-12-22 15:15:00,2019,12,22,15,15,974,97417,100 Route Nationale 2 Mare Longue,-21.362082,55.759545,Plein jour,En agglomération,Hors intersection,Normale,Deux véhicules - frontale,2,2,2,0,2,1,1,0,1,50,2,2,0,0,0,2,50.0,60.0,voiture,voiture,1,2,1,1,1
201900025863,2019-12-22 16:50:00,2019,12,22,16,50,974,97408,Avenue de la Palestine,-20.961871,55.327657,Plein jour,En agglomération,Autre intersection,Normale,Deux véhicules - frontale,4,2,2,0,1,1,1,0,1,50,2,2,1,0,1,0,19.0,40.0,deux_roues,voiture,1,2,9,1,1
201900025864,2019-12-21 11:50:00,2019,12,21,11,50,66,66103,N116,42.642333,2.484901,Plein jour,En agglomération,Intersection en T,Normale,Autre collision,2,2,2,0,1,1,2,0,1,50,2,2,1,0,1,0,29.0,39.0,deux_roues,voiture,1,2,3,1,6
201900025865,2019-12-22 03:45:00,2019,12,22,3,45,66,66144,D39,42.64503,2.88438,Nuit sans éclairage public,Hors agglomération,Hors intersection,Pluie légère,Autre collision,3,2,2,0,1,2,2,0,3,80,1,3,0,2,0,1,26.0,,voiture,,3,1,1,2,6
201900025866,2019-12-22 13:00:00,2019,12,22,13,0,66,66171,Rue Vauvenargues,42.616549,3.002115,Plein jour,En agglomération,Hors intersection,Normale,Deux véhicules - côté,4,1,1,0,2,1,9,0,1,50,2,2,1,0,1,0,45.0,32.0,deux_roues,voiture,1,2,1,1,3
201900025867,2019-12-21 18:33:00,2019,12,21,18,33,34,34146,Avenue de Montpellier,43.67861,4.089826,Nuit avec éclairage allumé,En agglomération,Intersection en X,Normale,Deux véhicules - frontale,3,2,2,0,1,1,1,0,1,50,2,2,1,0,1,0,39.0,41.0,voiture,deux_roues,5,2,2,1,1
201900025868,2019-12-21 09:10:00,2019,12,21,9,10,68,68334,21 Rue du 7 Aout,47.809791,7.103784,Plein jour,En agglomération,Intersection en X,Normale,Deux véhicules - côté,3,2,2,0,1,1,1,0,1,50,2,4,2,0,0,2,28.0,71.0,voiture,voiture,1,2,2,1,3
201900025869,2019-12-21 06:00:00,2019,12,21,6,0,73,73050,D1504,45.6815714,5.8509446,Nuit sans éclairage public,Hors agglomération,Hors intersection,Pluie forte,Deux véhicules - frontale,3,2,2,1,2,1,2,0,1,70,2,2,0,0,0,2,19.0,19.0,voiture,voiture,3,1,1,3,1
201900025870,2019-12-11 18:05:00,2019,12,11,18,5,7,07324,20 Quai Farconnet,45.069871,4.828444,Nuit avec éclairage allumé,En agglomération,Hors intersection,Pluie légère,Autre collision,3,2,2,0,1,1,2,0,1,50,1,2,1,0,1,0,72.0,,voiture,,5,2,1,2,6
201900025871,2019-12-22 06:15:00,2019,12,22,6,15,69,69296,Rue du rhone,45.64281,4.827087,Nuit avec éclairage allumé,Hors agglomération,Giratoire,Pluie légère,Sans collision,3,1,1,0,1,3,2,0,1,50,1,2,0,0,1,1,30.0,,voiture,,5,1,6,2,7
201900025872,2019-12-21 19:20:00,2019,12,21,19,20,81,81099,7 Allee Paul Verlaine,43.8808023,1.8555826,Nuit sans éclairage public,Hors agglomération,Hors intersection,Pluie forte,Trois véhicules et plus - collisions multiples,3,2,2,0,1,1,2,0,1,80,4,5,4,0,0,1,61.0,70.0,voiture,voiture,3,1,1,3,5
201900025873,2019-12-22 02:40:00,2019,12,22,2,40,81,81099,69 Avenue Charles de Gaulle,43.904242,1.907538,Nuit avec éclairage allumé,En agglomération,Hors intersection,Pluie forte,Autre collision,3,2,2,0,1,1,2,0,3,50,1,1,0,0,1,0,20.0,,voiture,,5,2,1,3,6
201900025874,2019-12-22 15:30:00,2019,12,22,15,30,86,86104,D35,46.111639,0.328657,Plein jour,Hors agglomération,Intersection en X,Temps couvert,Deux véhicules - côté,3,2,2,0,1,1,2,0,1,80,2,2,1,1,0,0,25.0,63.0,voiture,voiture,1,1,2,8,3
201900025875,2019-12-22 19:00:00,2019,12,22,19,0,33,33015,D2089,44.906255,-0.26197,Nuit sans éclairage public,Hors agglomération,Hors intersection,Pluie légère,Deux véhicules - frontale,3,2,2,0,1,1,2,0,1,70,2,8,2,0,6,0,20.0,36.0,voiture,voiture,3,1,1,2,1
201900025876,2019-12-18 18:55:00,2019,12,18,18,55,60,60671,D330a,49.1516263,2.7808994,Nuit sans éclairage public,Hors agglomération,Hors intersection,Normale,Sans collision,3,2,2,0,1,2,2,0,3,80,1,2,0,0,0,2,23.0,,voiture,,3,1,1,1,7
201900025877,2019-12-20 12:45:00,2019,12,20,12,45,13,13005,A50 - Sens Aubagne vers Marseille,43.280194,5.583946,Plein jour,En agglomération,Hors intersection,Pluie légère,Autre collision,1,1,4,0,1,1,2,0,1,110,1,1,0,0,0,1,20.0,,voiture,,1,2,1,2,6
201900025878,2019-12-20 23:25:00,2019,12,20,23,25,13,13071,A51-Sens Aix en Provence vers Marseille,43.389579,5.303152,Nuit sans éclairage public,Hors agglomération,Hors intersection,Pluie légère,Deux véhicules - arrière,1,1,2,0,1,1,2,0,1,90,2,3,1,0,0,2,48.0,23.0,voiture,voiture,3,1,1,2,2
201900025879,2019-12-17 17:05:00,2019,12,17,17,5,13,13210,A50-Sens Marseille vers Aubagne,43.2848324,5.4094456,Nuit sans éclairage public,Hors agglomération,Hors intersection,Normale,Deux véhicules - côté,1,3,3,0,1,3,1,0,1,90,2,3,1,0,0,2,25.0,35.0,voiture,deux_roues,3,1,1,1,3
201900025880,2019-12-21 14:00:00,2019,12,21,14,0,91,91161,AUTOROUTE A126,48.7112,2.2953,Plein jour,Hors agglomération,Hors intersection,Normale,Trois véhicules et plus - en chaîne,1,2,2,0,1,1,1,0,1,70,3,5,3,0,0,2,56.0,37.0,voiture,voiture,1,1,1,1,4
201900025881,2019-12-21 13:00:00,2019,12,21,13,0,91,91377,RN20,48.7245,2.3,Plein jour,Hors agglomération,Hors intersection,Normale,Deux véhicules - côté,2,1,4,0,1,1,1,2,1,50,2,2,1,0,0,1,35.0,44.0,deux_roues,voiture,1,1,1,1,3
201900025882,2019-12-21 10:30:00,2019,12,21,10,30,91,91216,AUTOROUTE A6,48.68271,2.32967,Plein jour,Hors agglomération,Hors intersection,Temps couvert,Deux véhicules - côté,1,3,6,0,1,1,1,0,1,110,2,3,1,0,0,2,53.0,19.0,voiture,voiture,1,1,1,8,3
201900025883,2019-12-21 06:05:00,2019,12,21,6,5,91,91037,AUTOROUTE A6,48.542556,2.497459,Nuit sans éclairage public,Hors agglomération,Hors intersection,Pluie légère,Sans collision,1,3,3,0,1,1,1,0,1,130,1,1,0,0,0,1,42.0,,voiture,,3,1,1,2,7
201900025884,2019-12-20 09:30:00,2019,12,20,9,30,94,94021,AUTOROUTE A6A,48.76723,2.34525,Plein jour,Hors agglomération,Hors intersection,Normale,Trois véhicules et plus - collisions multiples,1,3,12,0,1,1,1,0,1,110,5,5,4,0,1,0,52.0,55.0,voiture,voiture,1,1,1,1,5
201900025885,2019-12-21 12:35:00,2019,12,21,12,35,92,92050,A86,48.9057487,2.2097003,Plein jour,Hors agglomération,Hors intersection,Normale,Deux véhicules - arrière,1,1,3,0,1,1,1,0,1,90,2,4,3,0,0,1,43.0,47.0,voiture,voiture,1,1,1,1,2
201900025886,2019-12-20 21:45:00,2019,12,20,21,45,78,78524,A12 Y,48.8416,2.103721,Nuit avec éclairage allumé,Hors agglomération,Hors intersection,Normale,Deux véhicules - arrière,1,1,2,0,1,1,1,3,1,90,2,2,1,0,0,1,21.0,26.0,deux_roues,voiture,5,1,1,1,2
201900025887,2019-12-20 10:15:00,2019,12,20,10,15,92,92072,N118,48.8188969,2.2173469,Plein jour,Hors agglomération,Hors intersection,Normale,Autre collision,2,1,3,0,2,1,2,0,1,90,2,2,1,0,0,1,29.0,52.0,deux_roues,voiture,1,1,1,1,6
201900025888,2019-12-18 19:40:00,2019,12,18,19,40,78,78124,SE A14,48.913811,2.159115,Nuit avec éclairage allumé,Hors agglomération,Hors intersection,Normale,Deux véhicules - côté,1,-1,0,0,1,1,1,7,1,110,2,2,1,0,0,1,27.0,25.0,voiture,deux_roues,5,1,1,1,3
201900025889,2019-12-21 18:50:00,2019,12,21,18,50,92,92036,AUTOROUTE A15,48.9435993,2.2873587,Nuit sans éclairage public,Hors agglomération,Hors intersection,Pluie légère,Sans collision,1,3,8,0,1,1,2,2,1,90,1,1,0,0,0,1,31.0,,deux_roues,,3,1,1,2,7
201900025890,2019-12-21 12:30:00,2019,12,21,12,30,95,95572,AUTOROUTE A15,49.03298,2.10807,Plein jour,Hors agglomération,Hors intersection,Normale,Deux véhicules - arrière,1,3,8,0,1,1,1,2,1,90,2,2,1,0,1,0,23.0,27.0,deux_roues,voiture,1,1,1,1,2
201900025891,2019-12-21 09:45:00,2019,12,21,9,45,95,95306,AUTOROUTE A15,49.00739,2.16195,Plein jour,Hors agglomération,Hors intersection,Normale,Trois véhicules et plus - collisions multiples,1,3,8,0,1,1,2,0,1,110,3,5,0,0,0,5,21.0,30.0,voiture,voiture,1,1,1,1,5
201900025892,2019-12-21 05:00:00,2019,12,21,5,0,95,95277,AUTOROUTE A3,48.97394,2.4879,Nuit sans éclairage public,Hors agglomération,Hors intersection,Normale,Deux véhicules - arrière,1,3,11,0,1,1,1,0,1,90,2,2,1,0,1,0,32.0,60.0,voiture,utilitaire_camion,3,1,1,1,2
201900025893,2019-12-20 21:50:00,2019,12,20,21,50,93,93066,AUTOROUTE A1,48.9312,2.3677,Nuit avec éclairage non allumé,En agglomération,Hors intersection,Normale,Autre collision,1,3,11,0,1,1,1,0,1,90,1,2,1,0,1,0,22.0,,voiture,,4,2,1,1,6
201900025894,2019-12-20 11:05:00,2019,12,20,11,5,95,95572, A15,49.03196,2.1076,Plein jour,Hors agglomération,Hors intersection,Pluie légère,Autre collision,1,1,2,0,2,2,2,3,1,50,1,1,0,0,0,1,34.0,,voiture,,1,1,1,2,6
201900025895,2019-12-20 10:10:00,2019,12,20,10,10,95,95582,AUTOROUTE A115,48.97454,2.2428,Plein jour,Hors agglomération,Hors intersection,Pluie forte,Deux véhicules - arrière,1,1,2,0,2,2,2,3,1,70,2,2,1,0,0,1,25.0,39.0,voiture,utilitaire_camion,1,1,1,3,2
201900025896,2019-12-18 12:55:00,2019,12,18,12,55,92,92050,REPUBLIQUE AVENUE DE LA,48.91074,2.22027,Plein jour,En agglomération,Hors intersection,Normale,Deux véhicules - côté,3,2,2,0,1,1,1,0,1,50,2,2,1,0,0,1,28.0,31.0,voiture,deux_roues,1,2,1,1,3
201900025897,2019-12-19 11:30:00,2019,12,19,11,30,974,97416,LAURENT VERGES(AVENUE),-21.2999988,55.4540444,Plein jour,En agglomération,Intersection en Y,Normale,Deux véhicules - frontale,4,2,2,0,2,1,1,0,1,30,2,2,1,0,0,1,17.0,33.0,deux_roues,voiture,1,2,4,1,1
201900025898,2019-12-20 01:20:00,2019,12,20,1,20,974,97416,RELAIS (ALLEE DES ATELIERS),-21.31603,55.47388,Nuit sans éclairage public,En agglomération,Hors intersection,Normale,Autre collision,4,2,2,0,1,1,1,0,1,50,1,2,1,0,0,1,33.0,,deux_roues,,3,2,1,1,6
201900025899,2019-12-20 09:30:00,2019,12,20,9,30,973,97302,ZEPHIR (ROCADE),4.922557,-52.326933,Plein jour,En agglomération,Hors intersection,Normale,Deux véhicules - côté,3,1,4,1,1,1,1,0,1,50,2,2,1,0,0,1,17.0,45.0,deux_roues,voiture,1,2,1,1,3
201900025900,2019-12-18 22:08:00,2019,12,18,22,8,69,69383,GAMBETTA                            (CO),45.755167,4.84325,Nuit avec éclairage allumé,En agglomération,Place,Normale,Autre collision,4,1,2,1,1,1,1,0,1,50,1,2,1,0,0,1,42.0,,voiture,,5,2,7,1,6
201900025901,2019-12-20 18:00:00,2019,12,20,18,0,69,69388,FRERES LUMIERE (DES)                (AV),45.744631,4.86819,Nuit avec éclairage allumé,En agglomération,Hors intersection,Pluie légère,Autre collision,7,1,3,1,1,1,2,0,1,50,1,2,1,0,0,1,39.0,,deux_roues,,5,2,1,2,6
201900025902,2019-12-19 06:06:00,2019,12,19,6,6,972,97213,ROUTE NATIONALE 1,14.65636,-60.97284,Crépuscule ou aube,Hors agglomération,Hors intersection,Normale,Autre collision,2,3,2,0,1,1,1,0,1,70,1,2,1,0,1,0,51.0,,voiture,,2,1,1,1,6
201900025903,2019-12-17 17:50:00,2019,12,17,17,50,972,97213,ROUTE NATIONALE 1,-61.42566,14.23658,Nuit avec éclairage allumé,En agglomération,Hors intersection,Normale,Deux véhicules - arrière,2,3,3,0,2,1,1,2,1,90,2,2,1,0,0,1,59.0,38.0,deux_roues,voiture,5,2,1,1,2
201900025904,2019-12-19 06:55:00,2019,12,19,6,55,972,97209,RAVINE VILAINE (CHEMIN DEPARTEMENTAL DE),14.62756,-61.05993,Plein jour,En agglomération,Hors intersection,Normale,Deux véhicules - frontale,3,2,2,0,2,1,1,0,1,50,2,4,1,0,0,3,38.0,45.0,voiture,voiture,1,2,1,1,1
201900025905,2019-12-20 19:05:00,2019,12,20,19,5,69,69385,TRION (DE)                          (PL),45.75827,4.81303,Nuit avec éclairage allumé,En agglomération,Intersection en X,Normale,Deux véhicules - frontale,4,2,2,0,3,3,1,0,1,50,2,2,1,0,0,1,25.0,32.0,voiture,deux_roues,5,2,2,1,1
201900025906,2019-12-20 16:40:00,2019,12,20,16,40,69,69389,DOCTEURS CORDIER (DES)              (R ),45.80163,4.82774,Plein jour,En agglomération,Hors intersection,Pluie légère,Trois véhicules et plus - collisions multiples,4,2,2,0,2,2,2,0,1,50,6,1,0,0,0,1,82.0,,voiture,,1,2,1,2,5
201900025907,2019-12-19 20:40:00,2019,12,19,20,40,69,69384,HENRI LACHIEZE-REY                  (R ),45.78263,4.83696,Nuit avec éclairage allumé,En agglomération,Hors intersection,Temps couvert,Deux véhicules - arrière,7,1,1,0,2,3,1,0,1,50,2,2,1,0,1,0,28.0,21.0,deux_roues,voiture,5,2,1,8,2
201900025908,2019-12-19 08:30:00,2019,12,19,8,30,69,69034,MARGNOLLES (DE)                     (R ),45.78409,4.83515,Plein jour,En agglomération,Hors intersection,Normale,Deux véhicules - frontale,4,2,2,0,2,1,1,0,1,50,2,2,1,0,0,1,28.0,34.0,voiture,deux_roues,1,2,1,1,1
201900025909,2019-12-14 11:50:00,2019,12,14,11,50,69,69081,BON PASTEUR (DU)                  AV,45.7874,4.7792,Plein jour,En agglomération,Autre intersection,Pluie forte,Autre collision,7,-1,4,0,3,1,2,1,1,50,1,1,0,0,0,1,19.0,,voiture,,1,2,9,3,6
201900025910,2019-12-02 07:50:00,2019,12,2,7,50,69,69202,FOURNACHE (DE LA)                   (MO),45.73727,4.80656,Plein jour,En agglomération,Hors intersection,Normale,Deux véhicules - côté,4,2,2,0,2,2,1,0,1,50,2,2,1,0,0,1,53.0,39.0,deux_roues,voiture,1,2,1,1,3
201900025911,2019-12-19 10:40:00,2019,12,19,10,40,2B,2B120,11 - RT,42.64925,9.44053,Plein jour,Hors agglomération,Autre intersection,Pluie légère,Trois véhicules et plus - en chaîne,2,2,2,0,1,1,2,0,1,70,3,4,2,0,0,2,88.0,29.0,voiture,voiture,1,1,9,2,4
201900025912,2019-12-20 05:18:00,2019,12,20,5,18,2B,2B037,TOUTES RUES,42.59853,9.43871,Nuit avec éclairage non allumé,Hors agglomération,Hors intersection,Normale,Autre collision,2,3,4,0,1,1,2,0,1,110,1,1,0,0,0,1,20.0,,voiture,,4,1,1,1,6
201900025913,2019-12-17 02:38:00,2019,12,17,2,38,2B,2B033,AV DE LA LIBERATION,42.68245,9.44415,Nuit avec éclairage allumé,En agglomération,Hors intersection,Pluie légère,Autre collision,7,-1,0,0,1,1,2,0,4,50,1,2,1,0,0,1,19.0,,voiture,,5,2,1,2,6
201900025914,2019-12-02 11:15:00,2019,12,2,11,15,2B,2B033,DE MONTERA - BD HYACINTE,42.6987,9.4464,Plein jour,En agglomération,Passage à niveau,Normale,Deux véhicules - arrière,4,2,2,0,2,1,1,0,1,50,2,2,1,0,0,1,49.0,15.0,voiture,deux_roues,1,2,8,1,2
201900025915,2019-12-20 16:25:00,2019,12,20,16,25,971,97120,CHANZY (BOULEVARD),16.24214,-61.53904,Plein jour,En agglomération,Hors intersection,Normale,Deux véhicules - arrière,3,1,1,0,1,1,1,0,1,50,2,2,1,0,0,1,51.0,16.0,voiture,deux_roues,1,2,1,1,2
201900025916,2019-12-18 21:30:00,2019,12,18,21,30,971,97101,ROUTE DE BOISVINS,16.2629,-61.4644,Nuit sans éclairage public,Hors agglomération,Hors intersection,Normale,Autre collision,3,3,2,0,2,3,1,0,1,70,1,2,1,0,1,0,63.0,,voiture,,3,1,1,1,6
201900025917,2019-12-18 14:30:00,2019,12,18,14,30,971,97101,CHAUVEL,16.23944,-61.52109,Plein jour,En agglomération,Hors intersection,Normale,Autre collision,3,2,2,0,1,1,1,0,1,50,2,2,1,0,0,1,18.0,42.0,voiture,deux_roues,1,2,1,1,6
201900025918,2019-12-10 17:45:00,2019,12,10,17,45,95,95427,CHÂTEAU (RUE),48.973161,2.345899,Plein jour,En agglomération,Intersection en X,Normale,Autre collision,4,-1,2,0,1,1,1,0,1,50,1,2,1,0,0,1,36.0,,voiture,,1,2,2,1,6
201900025919,2019-12-20 07:35:00,2019,12,20,7,35,91,91326,MONTTESSUY (RUE DE),48.68893,2.38515,Nuit avec éclairage allumé,En agglomération,Intersection en T,Pluie légère,Autre collision,4,2,2,0,1,1,2,0,1,50,1,2,1,0,0,1,48.0,,utilitaire_camion,,5,2,3,2,6
201900025920,2019-12-19 16:00:00,2019,12,19,16,0,91,91021,VOLTAIRE (BOULEVARD),48.588561,2.252024,Plein jour,En agglomération,Hors intersection,Normale,Autre collision,3,-1,1,0,1,1,1,9,1,50,1,2,1,0,0,1,84.0,,voiture,,1,2,1,1,6
201900025921,2019-12-18 10:55:00,2019,12,18,10,55,91,91347,PERRAY (RUE DU),48.65919,2.283399,Plein jour,En agglomération,Hors intersection,Normale,Deux véhicules - côté,4,2,2,0,1,2,1,0,1,50,2,2,1,0,0,1,41.0,73.0,voiture,voiture,1,2,1,1,3
201900025922,2019-12-19 19:24:00,2019,12,19,19,24,87,87085,CASSEAUX (AVE DES) (VC),45.83581,1.27769,Nuit avec éclairage allumé,En agglomération,Hors intersection,Normale,Sans collision,6,1,1,0,1,1,1,0,1,30,1,1,0,0,0,1,16.0,,deux_roues,,5,2,1,1,7
201900025923,2019-12-19 14:09:00,2019,12,19,14,9,87,87085,BERTHELOT (AVENUE),45.83701,1.25123,Plein jour,En agglomération,Hors intersection,Normale,Deux véhicules - côté,4,2,2,0,2,2,1,0,1,50,2,2,1,0,0,1,30.0,31.0,deux_roues,voiture,1,2,1,1,3
201900025924,2019-12-12 17:19:00,2019,12,12,17,19,87,87085,PERRIN (RUE FRANCOIS),45.82533,1.23312,Nuit avec éclairage allumé,En agglomération,Hors intersection,Pluie légère,Autre collision,4,2,2,0,1,1,2,0,1,50,1,2,1,0,0,1,65.0,,utilitaire_camion,,5,2,1,2,6
201900025925,2019-10-08 17:00:00,2019,10,8,17,0,94,94028,Saussaie du ban (rue de la),48.76532,2.46489,Plein jour,En agglomération,Hors intersection,Pluie légère,Deux véhicules - frontale,3,2,0,0,1,3,2,0,1,50,2,2,0,0,0,2,42.0,40.0,voiture,utilitaire_camion,1,2,1,2,1
201900025926,2019-10-09 20:30:00,2019,10,9,20,30,94,94018,PARIS (R DE),48.82566,2.40742,Nuit avec éclairage allumé,En agglomération,Hors intersection,Temps couvert,Autre collision,3,2,4,0,1,1,2,5,1,30,2,2,1,0,0,1,50.0,25.0,deux_roues,voiture,5,2,1,8,6
201900025927,2019-10-08 17:30:00,2019,10,8,17,30,93,93062,THIERS (AVENUE),48.90085,2.51358,Plein jour,Hors agglomération,Hors intersection,Pluie légère,Deux véhicules - arrière,4,2,2,0,1,1,2,0,2,30,2,2,1,0,0,1,44.0,31.0,voiture,deux_roues,1,1,1,2,2
201900025928,2019-10-09 13:50:00,2019,10,9,13,50,93,93048,THEOPHILE SUEUR (BOULEVARD),48.86416,2.46744,Plein jour,En agglomération,Hors intersection,Normale,Autre collision,3,2,2,0,1,1,1,0,1,50,1,1,0,0,0,1,,,,,1,2,1,1,6
201900025929,2019-10-09 18:40:00,2019,10,9,18,40,93,93031,GALLIENI (AVENUE),48.96237,2.29602,Plein jour,En agglomération,Hors intersection,Pluie légère,Deux véhicules - arrière,3,2,2,0,1,1,2,0,1,50,2,2,1,0,0,1,66.0,48.0,utilitaire_camion,utilitaire_camion,1,2,1,2,2
201900025930,2019-10-09 02:05:00,2019,10,9,2,5,93,93027,SALENGRO (AVENUE ROGER),48.9313305,2.3861214,Nuit avec éclairage allumé,En agglomération,Hors intersection,Pluie légère,Deux véhicules - arrière,3,1,1,0,1,1,2,0,1,50,2,2,1,0,0,1,31.0,30.0,voiture,voiture,5,2,1,2,2
201900025931,2019-10-08 22:40:00,2019,10,8,22,40,93,93005,PLAINE (AVENUE DE LA),48.9247,2.4909,Nuit avec éclairage allumé,En agglomération,Hors intersection,Temps couvert,Autre collision,4,1,2,0,1,1,2,0,1,50,1,1,0,0,0,1,26.0,,voiture,,5,2,1,8,6
201900025932,2019-10-09 13:23:00,2019,10,9,13,23,92,92062,DE DION BOUTON (QUAI) DU 29 AU 65,48.88538,2.25134,Plein jour,En agglomération,Hors intersection,Normale,Sans collision,3,3,2,0,1,1,1,0,1,50,1,2,1,0,0,1,40.0,,deux_roues,,1,2,1,1,7
201900025933,2019-10-09 13:02:00,2019,10,9,13,2,92,92049,GINOUX AVENUE HENRI AUTRES N°,48.81908,2.32321,Plein jour,En agglomération,Hors intersection,Normale,Autre collision,4,1,3,0,1,1,1,0,1,50,1,3,1,0,0,2,35.0,,voiture,,1,2,1,1,6
201900025934,2019-10-09 13:50:00,2019,10,9,13,50,92,92040,GALLIENI (BD),48.823127,2.267968,Plein jour,En agglomération,Intersection en T,Normale,Autre collision,3,2,1,0,1,1,1,0,1,50,2,2,1,0,0,1,54.0,,deux_roues,,1,2,3,1,6
201900025935,2019-10-08 09:00:00,2019,10,8,9,0,92,92025,HENRI BARBUSSE (AV),48.91491,2.25291,Plein jour,En agglomération,Hors intersection,Normale,Autre collision,3,2,2,0,1,1,1,0,1,50,1,2,1,0,0,1,55.0,,voiture,,1,2,1,1,6