accident_id,datetime,annee,mois,jour,heure,minute,departement,commune_insee,adresse,latitude,longitude,luminosite,agglomeration,intersection,meteo,collision,catr,circ,nbv,vosp,prof,plan,surf,infra,situ,vma,nb_vehicules,nb_usagers,nb_indemnes,nb_tues,nb_blesses_hosp,nb_blesses_legers,age_cond_1,age_cond_2,veh_type_cond_1,veh_type_cond_2,lum_code,agg_code,int_code,atm_code,col_code
201900026028,2019-10-07 17:00:00,2019,10,7,17,0,80,80001,VOLTAIRE,50.10422,1.82436,Plein jour,En agglomération,Hors intersection,Normale,Deux véhicules - côté,4,2,2,0,1,1,1,0,1,50,2,2,1,0,1,0,28.0,62.0,deux_roues,voiture,1,2,1,1,3
201900026029,2019-10-08 14:03:00,2019,10,8,14,3,79,79258,1 rue Saint-Nicolas,46.968862,-0.2193,Plein jour,En agglomération,Hors intersection,Pluie légère,Sans collision,4,2,2,0,2,2,2,0,1,50,1,1,0,0,0,1,16.0,,deux_roues,,1,2,1,2,7
201900026030,2019-10-04 09:35:00,2019,10,4,9,35,79,79191,214 Avenue de Paris,46.32944,-0.44343,Plein jour,En agglomération,Hors intersection,Temps couvert,Autre collision,4,2,3,1,1,1,1,0,1,50,1,2,1,0,0,1,28.0,,voiture,,1,2,1,8,6
201900026031,2019-10-05 00:45:00,2019,10,5,0,45,78,78646,SAINT CYR (ROUTE DE),48.803299,2.102923,Nuit sans éclairage public,Hors agglomération,Hors intersection,Normale,Deux véhicules - frontale,3,2,3,0,1,1,1,0,1,70,2,3,0,0,0,3,60.0,42.0,voiture,voiture,3,1,1,1,1
201900026032,2019-10-03 12:45:00,2019,10,3,12,45,78,78297,AVENUE DE L'EUROPE,48.76456,2.0687,Plein jour,En agglomération,Hors intersection,Normale,Autre collision,4,3,4,0,1,1,1,9,1,50,1,4,3,0,1,0,28.0,,voiture,,1,2,1,1,6
201900026033,2019-10-03 16:20:00,2019,10,3,16,20,77,77495,D306,48.56185,2.6330079,Plein jour,En agglomération,Hors intersection,Temps couvert,Autre collision,3,2,2,0,1,1,1,0,1,50,1,2,1,0,0,1,52.0,,voiture,,1,2,1,8,6
201900026034,2019-10-07 17:45:00,2019,10,7,17,45,77,77442,D210 X RUE DES PREFOIX,48.42522,2.76115,Plein jour,En agglomération,Giratoire,Normale,Autre collision,3,2,0,0,1,3,1,5,1,50,1,2,1,0,0,1,81.0,,voiture,,1,2,6,1,6
201900026035,2019-10-08 00:45:00,2019,10,8,0,45,76,76498,SUD III (RN 338),49.43448,1.06859,Nuit avec éclairage allumé,Hors agglomération,Hors intersection,Pluie légère,Autre collision,2,3,4,0,2,2,2,0,1,90,1,5,3,0,0,2,26.0,,voiture,,5,1,1,2,6
201900026036,2019-10-07 07:45:00,2019,10,7,7,45,74,74012,EUROPE (AVENUE DE L'),46.183276,6.232129,Plein jour,En agglomération,Hors intersection,Normale,Deux véhicules - côté,3,2,2,0,2,3,2,0,1,50,2,2,1,0,0,1,21.0,54.0,deux_roues,voiture,1,2,1,1,3
201900026037,2019-10-08 18:00:00,2019,10,8,18,0,69,69256,MARCELIN BERTHELOT                  (R ),45.78725,4.92232,Plein jour,En agglomération,Intersection en X,Normale,Deux véhicules - côté,4,1,1,0,1,1,1,0,1,50,2,2,1,0,0,1,71.0,43.0,voiture,voiture,1,2,2,1,3
201900026038,2019-10-08 16:44:00,2019,10,8,16,44,69,69290,ARISTIDE BRIAND (D 518)             (R ),45.69094,4.93576,Plein jour,En agglomération,Hors intersection,Normale,Autre collision,3,2,2,0,1,1,1,0,1,50,1,2,1,0,0,1,65.0,,voiture,,1,2,1,1,6
201900026039,2019-10-05 19:33:00,2019,10,5,19,33,69,69029,FRANKLIN ROOSEVELT                  (AV),45.73763,4.89636,Nuit avec éclairage allumé,En agglomération,Intersection en T,Normale,Trois véhicules et plus - en chaîne,4,2,4,0,1,1,1,0,1,50,3,4,2,0,0,2,30.0,38.0,voiture,voiture,5,2,3,1,4
201900026040,2019-10-07 07:50:00,2019,10,7,7,50,67,67482,OBERHAUSBERGEN (ROUTE D ),48.59125,7.72318,Plein jour,En agglomération,Hors intersection,Temps couvert,Autre collision,7,3,4,1,1,3,1,9,1,50,1,2,1,0,0,1,19.0,,deux_roues,,1,2,1,8,6
201900026041,2019-10-05 17:10:00,2019,10,5,17,10,67,67482,ALTENHEIM (ROUTE D ),48.54127,7.76726,Plein jour,En agglomération,Intersection en T,Temps couvert,Deux véhicules - côté,4,2,2,0,1,1,1,0,1,50,2,2,1,0,0,1,36.0,37.0,voiture,deux_roues,1,2,3,8,3
201900026042,2019-10-05 15:53:00,2019,10,5,15,53,67,67482,COLMAR (AVENUE DE),48.55858,7.74908,Plein jour,En agglomération,Hors intersection,Temps couvert,Autre collision,4,3,8,3,1,1,1,4,2,50,1,2,1,0,0,1,33.0,,voiture,,1,2,1,8,6
201900026043,2019-10-08 08:06:00,2019,10,8,8,6,66,66136,MAS-DONAT (CHEMIN DU),42.71358,2.90594,Plein jour,Hors agglomération,Hors intersection,Normale,Deux véhicules - arrière,4,-1,1,0,1,3,1,0,1,50,2,2,1,0,0,1,41.0,19.0,voiture,deux_roues,1,1,1,1,2
201900026044,2019-10-08 12:30:00,2019,10,8,12,30,64,64483,ITHURRALDE ANDRE (AVENUE),43.3961837,-1.6463957,Plein jour,Hors agglomération,Hors intersection,Normale,Autre collision,3,2,2,0,1,1,1,0,1,50,1,2,1,0,1,0,15.0,,deux_roues,,1,1,1,1,6
201900026045,2019-10-08 08:45:00,2019,10,8,8,45,64,64129,BAYONNE DE,43.299511,-0.391441,Plein jour,En agglomération,Hors intersection,Normale,Deux véhicules - côté,4,2,1,2,1,1,1,0,1,50,2,2,1,0,0,1,26.0,57.0,deux_roues,voiture,1,2,1,1,3
201900026046,2019-10-08 02:55:00,2019,10,8,2,55,64,64284,RAUSKI,43.2602646,-0.390543,Nuit avec éclairage allumé,En agglomération,Hors intersection,Normale,Sans collision,2,2,2,0,1,1,1,0,1,50,1,1,0,0,0,1,29.0,,voiture,,5,2,1,1,7
201900026047,2019-10-05 02:50:00,2019,10,5,2,50,64,64125,CUMBA (AVENUE),43.44682,-1.57813,Nuit avec éclairage allumé,En agglomération,Hors intersection,Normale,Autre collision,3,2,2,0,1,1,1,0,1,50,1,1,0,0,0,1,19.0,,deux_roues,,5,2,1,1,6
201900026048,2019-10-08 18:20:00,2019,10,8,18,20,64,64102,ARITXAGUE (BD D'),43.48288,-1.4926,Plein jour,En agglomération,Hors intersection,Normale,Sans collision,4,3,4,0,1,1,1,0,1,50,1,1,0,0,0,1,70.0,,voiture,,1,2,1,1,7
201900026049,2019-10-08 09:44:00,2019,10,8,9,44,63,63113,JOUHAUX (BD LEON),45.80011,3.1123,Plein jour,En agglomération,Intersection en X,Normale,Deux véhicules - côté,7,1,3,0,1,1,2,5,1,50,2,3,1,0,0,2,71.0,38.0,voiture,utilitaire_camion,1,2,2,1,3
201900026050,2019-10-06 17:35:00,2019,10,6,17,35,63,63113,UNION SOVIETIQUE (AVENUE DE L'),45.7790135,3.0998761,Plein jour,En agglomération,Hors intersection,Temps couvert,Autre collision,4,2,1,3,1,1,2,9,1,30,1,2,1,0,1,0,33.0,,voiture,,1,2,1,8,6
201900026051,2019-10-08 11:15:00,2019,10,8,11,15,59,59599,FAIDHERBE (RUE ),50.71895,3.15996,Plein jour,En agglomération,Autre intersection,Pluie légère,Autre collision,9,-1,2,0,2,1,2,9,1,50,1,2,1,0,0,1,63.0,,voiture,,1,2,9,2,6
201900026052,2019-10-04 09:00:00,2019,10,4,9,0,57,57591,COMMERCE (RUE DU),49.25374,6.09394,Plein jour,En agglomération,Hors intersection,Pluie forte,Autre collision,4,2,2,0,1,3,2,0,1,50,1,3,1,1,1,0,57.0,,utilitaire_camion,,1,2,1,3,6
201900026053,2019-10-04 14:20:00,2019,10,4,14,20,56,56121,GAILLEC (RUE  DU ),47.76094,-3.40829,Plein jour,En agglomération,Intersection en T,Normale,Deux véhicules - arrière,4,2,2,0,1,1,1,0,1,50,2,2,1,0,0,1,26.0,21.0,voiture,voiture,1,2,3,1,2
201900026054,2019-10-02 22:10:00,2019,10,2,22,10,54,54395,PHALSBOURG (RUE DE),48.68389,6.18093,Nuit avec éclairage allumé,En agglomération,Hors intersection,Normale,Sans collision,4,1,1,0,1,1,1,0,4,50,1,2,1,0,0,1,30.0,,deux_roues,,5,2,1,1,7
201900026055,2019-10-08 19:05:00,2019,10,8,19,5,51,51454,RUE VOLTAIRE,49.25488,4.03759,Nuit avec éclairage allumé,En agglomération,Intersection en X,Pluie légère,Deux véhicules - frontale,4,1,1,0,1,1,2,0,1,50,2,2,1,0,0,1,20.0,40.0,deux_roues,voiture,5,2,2,2,1
201900026056,2019-10-08 07:30:00,2019,10,8,7,30,51,51454,BOULEVARD DES BOUCHES DU RHONE,49.23189,4.01903,Nuit sans éclairage public,En agglomération,Hors intersection,Pluie légère,Autre collision,4,1,1,0,1,1,2,0,1,50,1,2,1,0,0,1,61.0,,transport_commun,,3,2,1,2,6
201900026057,2019-10-08 07:45:00,2019,10,8,7,45,51,51454,AVENUE JEAN JAURES,49.26087,4.04873,Nuit avec éclairage allumé,En agglomération,Hors intersection,Pluie légère,Sans collision,4,2,4,3,1,1,2,0,1,50,1,2,1,0,0,1,62.0,,voiture,,5,2,1,2,7
201900026058,2019-10-07 09:20:00,2019,10,7,9,20,51,51454,AVENUE PAUL MARCHANDEAU,49.2445013,4.0281385,Plein jour,En agglomération,Hors intersection,Pluie légère,Deux véhicules - arrière,4,4,4,0,2,1,2,2,1,50,2,2,1,0,0,1,65.0,52.0,voiture,voiture,1,2,1,2,2
201900026059,2019-10-05 17:05:00,2019,10,5,17,5,50,50602,GOUBERT (RUE JEAN),49.64783,-1.58741,Plein jour,En agglomération,Hors intersection,Pluie légère,Deux véhicules - arrière,4,2,2,0,1,1,2,0,1,50,2,2,1,0,0,1,45.0,40.0,voiture,voiture,1,2,1,2,2
201900026060,2019-10-06 03:05:00,2019,10,6,3,5,49,49007,BOREAU,47.4746,-0.54677,Nuit avec éclairage allumé,En agglomération,Hors intersection,Normale,Deux véhicules - côté,4,-1,1,0,1,1,1,0,1,30,2,2,1,0,0,1,21.0,21.0,voiture,deux_roues,5,2,1,1,3
201900026061,2019-10-06 18:45:00,2019,10,6,18,45,49,49007,FAURE QUAI,47.47983,-0.55146,Crépuscule ou aube,En agglomération,Hors intersection,Normale,Autre collision,4,-1,1,0,1,1,1,0,1,30,1,3,1,0,0,2,20.0,,voiture,,2,2,1,1,6
201900026062,2019-10-06 08:00:00,2019,10,6,8,0,49,49246,GALLIENI AVENUE,47.4343,-0.52644,Plein jour,En agglomération,Hors intersection,Normale,Deux véhicules - côté,4,-1,2,0,1,1,1,0,1,50,2,3,0,0,1,2,92.0,27.0,voiture,voiture,1,2,1,1,3
201900026063,2019-10-07 14:45:00,2019,10,7,14,45,49,49007,VILLECHIEN,47.46105,-0.5167,Plein jour,En agglomération,Hors intersection,Pluie légère,Autre collision,4,2,2,0,1,1,2,0,1,50,1,1,0,0,0,1,23.0,,voiture,,1,2,1,2,6
201900026064,2019-10-07 13:00:00,2019,10,7,13,0,49,49007,ESTIENNE D'ORVES BOULEVARD,47.46008,-0.51826,Plein jour,En agglomération,Hors intersection,Pluie légère,Autre collision,4,2,4,0,1,1,2,0,1,50,1,1,0,0,0,1,21.0,,voiture,,1,2,1,2,6
201900026065,2019-10-08 20:40:00,2019,10,8,20,40,44,44109,CANCLAUX ( PLACE ),47.21418,-1.57404,Nuit avec éclairage allumé,Hors agglomération,Giratoire,Pluie légère,Deux véhicules - côté,4,2,0,0,1,1,2,5,1,30,2,2,1,0,0,1,54.0,36.0,deux_roues,voiture,5,1,6,2,3
201900026066,2019-10-08 07:30:00,2019,10,8,7,30,44,44162,BOULEVARD FRANCOIS MITTERRAND,47.21738,-1.64366,Nuit avec éclairage allumé,En agglomération,Hors intersection,Pluie légère,Deux véhicules - côté,4,-1,0,0,1,1,2,0,1,50,2,2,1,0,0,1,54.0,39.0,deux_roues,voiture,5,2,1,2,3
201900026067,2019-10-06 21:20:00,2019,10,6,21,20,38,38169,CURIE (BOULEVARD J.),45.19741,5.69344,Nuit avec éclairage allumé,En agglomération,Hors intersection,Pluie légère,Autre collision,4,2,2,1,1,1,2,0,1,50,1,3,2,0,0,1,22.0,,voiture,,5,2,1,2,6
201900026068,2019-10-06 04:45:00,2019,10,6,4,45,38,38185,BIR HAKEIM (PLACE),45.18886,5.73733,Nuit sans éclairage public,En agglomération,Intersection en X,Normale,Deux véhicules - côté,4,1,2,0,1,1,1,0,1,50,2,3,1,0,0,2,27.0,30.0,voiture,voiture,3,2,2,1,3
201900026069,2019-10-08 19:10:00,2019,10,8,19,10,37,37195,LOUIS XI (RUE),47.3757181,0.6598177,Crépuscule ou aube,En agglomération,Hors intersection,Normale,Deux véhicules - arrière,4,3,2,0,1,1,2,0,1,50,2,2,1,0,0,1,37.0,22.0,voiture,voiture,2,2,1,1,2
201900026070,2019-10-08 15:10:00,2019,10,8,15,10,37,37261,RD 37,47.3776,0.64974,Plein jour,Hors agglomération,Hors intersection,Pluie légère,Autre collision,3,3,2,0,1,1,2,0,1,90,1,1,0,0,0,1,23.0,,voiture,,1,1,1,2,6
201900026071,2019-10-08 08:00:00,2019,10,8,8,0,37,37261,MALRAUX (QUAI ANDRE),47.3976104,0.6960111,Plein jour,En agglomération,Autre intersection,Pluie légère,Autre collision,4,2,2,3,1,1,2,0,1,50,1,2,1,0,0,1,36.0,,utilitaire_camion,,1,2,9,2,6
201900026072,2019-10-08 18:12:00,2019,10,8,18,12,35,35238,MONTS D'ARREE (AVENUE DES),48.13668,-1.66725,Crépuscule ou aube,En agglomération,Hors intersection,Normale,Autre collision,4,3,0,0,1,1,1,0,1,50,1,2,1,0,0,1,87.0,,voiture,,2,2,1,1,6
201900026073,2019-10-08 11:47:00,2019,10,8,11,47,35,35238,CARREL (BD ALEXIS),48.1192,-1.65521,Plein jour,En agglomération,Hors intersection,Pluie légère,Autre collision,4,-1,1,0,2,1,2,9,1,50,1,1,0,0,0,1,20.0,,deux_roues,,1,2,1,2,6
201900026074,2019-10-08 08:15:00,2019,10,8,8,15,35,35238,PAYS-BAS (AVENUE DES),48.08801,-1.66097,Plein jour,En agglomération,Giratoire,Pluie forte,Autre collision,4,1,2,0,1,1,2,9,1,50,1,2,1,0,0,1,30.0,,voiture,,1,2,6,3,6
201900026075,2019-10-08 16:50:00,2019,10,8,16,50,34,34172,JEANBRAU (AVENUE DU PROFESSEUR EMILE),43.6346852,3.866533,Plein jour,En agglomération,Hors intersection,Normale,Autre collision,4,2,2,0,1,1,1,0,1,50,1,3,1,0,0,2,21.0,,utilitaire_camion,,1,2,1,1,6
201900026076,2019-10-07 17:30:00,2019,10,7,17,30,34,34172,LODEVE (ROUTE DE),43.61549,3.81833,Plein jour,En agglomération,Hors intersection,Normale,Autre collision,3,2,2,0,1,1,1,9,1,50,1,4,3,0,0,1,46.0,,utilitaire_camion,,1,2,1,1,6
201900026077,2019-10-08 10:15:00,2019,10,8,10,15,33,33063,RUE LAGRANGE,44.85166,-0.58193,Plein jour,En agglomération,Intersection en X,Normale,Deux véhicules - côté,4,1,1,0,1,1,1,0,1,50,2,3,1,0,1,1,17.0,42.0,deux_roues,voiture,1,2,2,1,3
201900026078,2019-10-08 09:00:00,2019,10,8,9,0,33,33162,AVE DU TAILLAN-MEDOC,44.88323,-0.65504,Plein jour,En agglomération,Intersection en X,Normale,Trois véhicules et plus - collisions multiples,4,2,4,2,1,1,1,0,1,50,3,3,2,0,1,0,22.0,43.0,voiture,deux_roues,1,2,2,1,5
201900026079,2019-10-07 20:16:00,2019,10,7,20,16,33,33318,RUE GUTENBERG,44.78814,-0.64646,Nuit avec éclairage allumé,En agglomération,Intersection en X,Normale,Deux véhicules - frontale,4,2,3,0,1,1,1,0,1,50,2,2,1,0,1,0,46.0,36.0,voiture,deux_roues,5,2,2,1,1
201900026080,2019-10-07 08:15:00,2019,10,7,8,15,33,33318,AVE PAUL MONTAGNE,44.80679,-0.64289,Plein jour,En agglomération,Hors intersection,Normale,Deux véhicules - côté,4,2,4,2,1,1,1,0,1,50,2,2,1,0,0,1,25.0,24.0,deux_roues,voiture,1,2,1,1,3
201900026081,2019-10-06 20:10:00,2019,10,6,20,10,31,31555,EISENHOWER (AVENUE DU GENERAL),43.55992,1.39486,Nuit avec éclairage allumé,En agglomération,Intersection en X,Normale,Deux véhicules - côté,3,2,2,0,1,1,1,0,1,50,2,1,0,0,0,1,23.0,,voiture,,5,2,2,1,3
201900026082,2019-10-05 13:10:00,2019,10,5,13,10,31,31555,CHE DE PALEFICAT,43.65236,1.45712,Plein jour,En agglomération,Hors intersection,Normale,Deux véhicules - frontale,4,2,2,0,1,1,1,0,1,50,2,5,4,0,0,1,37.0,50.0,voiture,voiture,1,2,1,1,1
201900026083,2019-10-04 15:45:00,2019,10,4,15,45,31,31555,VA007331 A620,43.62459,1.418,Plein jour,Hors agglomération,Hors intersection,Pluie légère,Trois véhicules et plus - en chaîne,1,2,4,0,2,3,2,0,1,90,3,4,1,0,1,2,25.0,53.0,voiture,utilitaire_camion,1,1,1,2,4
201900026084,2019-10-04 12:10:00,2019,10,4,12,10,31,31555,VA007306 A64,43.56024,1.41565,Plein jour,Hors agglomération,Hors intersection,Pluie légère,Deux véhicules - arrière,1,3,3,0,1,1,2,0,1,90,2,2,1,0,0,1,21.0,42.0,utilitaire_camion,utilitaire_camion,1,1,1,2,2
201900026085,2019-11-16 11:25:00,2019,11,16,11,25,29,29019,DOURJACQ,48.40807,-4.47077,Plein jour,En agglomération,Hors intersection,Temps couvert,Sans collision,4,-1,0,0,1,1,2,0,1,50,1,4,3,0,0,1,52.0,,voiture,,1,2,1,8,7
201900026086,2019-10-08 13:35:00,2019,10,8,13,35,27,27701,RD 6015,49.251,1.1884,Plein jour,Hors agglomération,Hors intersection,Pluie légère,Deux véhicules - côté,3,2,2,0,1,3,2,0,1,80,2,3,1,0,0,2,55.0,74.0,voiture,voiture,1,1,1,2,3
201900026087,2019-10-07 08:15:00,2019,10,7,8,15,21,21231,NICOLAS ROLIN (QUAI),47.31665,5.02554,Plein jour,En agglomération,Intersection à plus de 4 branches,Temps couvert,Deux véhicules - côté,4,4,2,0,3,1,1,5,1,50,2,2,1,0,1,0,26.0,26.0,deux_roues,voiture,1,2,5,8,3
201900026088,2019-10-07 19:10:00,2019,10,7,19,10,17,17306,PONTAILLAC (DE) (AVENUE),45.62032,-1.03533,Crépuscule ou aube,En agglomération,Intersection en X,Temps couvert,Deux véhicules - côté,4,2,2,1,2,1,1,0,1,30,2,1,0,0,0,1,57.0,,deux_roues,,2,2,2,8,3
201900026089,2019-10-08 17:25:00,2019,10,8,17,25,17,17300,LECLERC   AVENUE DU GENERAL,46.1630507,-1.1646223,Plein jour,En agglomération,Hors intersection,Normale,Autre collision,4,2,2,0,1,1,2,0,1,50,1,1,0,0,0,1,21.0,,deux_roues,,1,2,1,1,6
201900026090,2019-10-08 17:40:00,2019,10,8,17,40,17,17300,ROBESPIERRE   AVENUE,46.15317,-1.12377,Plein jour,En agglomération,Intersection en X,Temps couvert,Deux véhicules - côté,4,3,4,2,1,1,2,0,1,50,2,1,0,0,0,1,22.0,,deux_roues,,1,2,2,8,3
201900026091,2019-10-08 15:51:00,2019,10,8,15,51,17,17300,RN 237,46.1735146,-1.2017968,Plein jour,Hors agglomération,Hors intersection,Pluie légère,Sans collision,2,1,1,0,1,3,2,0,1,50,1,1,0,0,0,1,20.0,,voiture,,1,1,1,2,7
201900026092,2019-10-08 08:00:00,2019,10,8,8,0,17,17300,VESPUCCI   AVENUE AMERIGO,46.15142,-1.15466,Crépuscule ou aube,En agglomération,Intersection en T,Pluie forte,Deux véhicules - côté,4,2,2,0,1,1,2,0,1,50,2,2,1,0,0,1,20.0,39.0,voiture,deux_roues,2,2,3,3,3
201900026093,2019-10-07 14:19:00,2019,10,7,14,19,17,17300,CHAMP DE MARS   AVENUE DU,46.16902,-1.1501,Plein jour,En agglomération,Giratoire,Pluie légère,Deux véhicules - côté,4,1,1,1,1,2,2,0,1,30,2,2,1,0,0,1,28.0,75.0,deux_roues,voiture,1,2,6,2,3
201900026094,2019-10-08 12:45:00,2019,10,8,12,45,13,13214,CLAUDE MONET (avenue),43.32399,5.39327,Plein jour,En agglomération,Hors intersection,Normale,Deux véhicules - frontale,4,2,2,0,1,1,1,0,1,50,2,1,0,0,1,0,,,,,1,2,1,1,1
201900026095,2019-10-07 19:15:00,2019,10,7,19,15,13,13001,GARDANNE (ROUTE DE ),43.489365,5.408333,Crépuscule ou aube,Hors agglomération,Intersection en Y,Normale,Deux véhicules - côté,1,1,1,0,1,1,1,0,1,80,2,5,3,0,0,2,19.0,23.0,voiture,voiture,2,1,4,1,3
201900026096,2019-10-05 09:50:00,2019,10,5,9,50,11,11262,RD 6113 NARBONNE - CARCASSONNE,43.18107,2.96899,Plein jour,En agglomération,Giratoire,Normale,Deux véhicules - arrière,3,2,2,0,1,1,1,3,1,50,2,3,2,0,0,1,21.0,58.0,voiture,voiture,1,2,6,1,2
201900026097,2019-10-07 12:22:00,2019,10,7,12,22,10,10081,ROCADE EST (RD 610),48.3276959,4.0614823,Plein jour,Hors agglomération,Hors intersection,Temps couvert,Deux véhicules - arrière,3,3,4,0,1,1,1,0,1,110,2,2,1,0,0,1,19.0,42.0,voiture,voiture,1,1,1,8,2
201900026098,2019-10-08 09:19:00,2019,10,8,9,19,6,06088,GAMBETTA (JUSQU'AU N° 62-73),43.699234,7.256294,Plein jour,En agglomération,Intersection en T,Normale,Autre collision,4,1,1,0,1,1,1,0,1,50,1,2,1,0,0,1,41.0,,utilitaire_camion,,1,2,3,1,6
201900026099,2019-10-06 01:00:00,2019,10,6,1,0,5,05061,GUILLAUME FAREL ( AVENUE ),44.55792,6.07096,Nuit avec éclairage allumé,En agglomération,Hors intersection,Normale,Sans collision,3,2,2,0,2,2,1,0,1,30,1,1,0,0,0,1,27.0,,voiture,,5,2,1,1,7
201900026100,2019-10-07 12:10:00,2019,10,7,12,10,3,03013,route de Decize,46.5893151,3.3420586,Plein jour,En agglomération,Intersection en Y,Normale,Deux véhicules - côté,2,1,1,-1,1,2,1,3,1,-1,2,2,1,0,1,0,82.0,39.0,voiture,deux_roues,1,2,4,1,3
201900026101,2019-10-08 13:30:00,2019,10,8,13,30,75,75120,BD PERIPHERIQUE INTERIEUR,48.873182,2.411905,Plein jour,En agglomération,Hors intersection,Pluie légère,Autre collision,4,1,4,0,1,1,2,0,1,70,5,4,3,0,0,1,24.0,34.0,voiture,voiture,1,2,1,2,6
201900026102,2019-10-07 15:35:00,2019,10,7,15,35,75,75112,BD PERIPHERIQUE INTERIEUR,48.83687,2.412401,Plein jour,En agglomération,Hors intersection,Normale,Deux véhicules - arrière,4,1,4,0,1,1,1,0,1,70,2,2,1,0,0,1,46.0,47.0,voiture,voiture,1,2,1,1,2
201900026103,2019-10-07 14:25:00,2019,10,7,14,25,75,75116,ECHANGEUR SAINT CLOUD,48.8393137,2.2542222,Plein jour,En agglomération,Intersection en Y,Normale,Autre collision,4,1,4,0,1,1,1,1,1,70,2,2,1,0,0,1,22.0,,deux_roues,,1,2,4,1,6
201900026104,2019-10-08 09:00:00,2019,10,8,9,0,75,75106,BOULEVARD SAINT MICHEL,48.8437221,2.3388694,Plein jour,En agglomération,Hors intersection,Pluie légère,Autre collision,4,2,4,3,1,1,2,0,6,50,1,2,1,0,0,1,29.0,,transport_commun,,1,2,1,2,6
201900026105,2019-10-08 18:50:00,2019,10,8,18,50,75,75120,RUE DES PYRENEES,48.8737176,2.3895453,Nuit avec éclairage allumé,En agglomération,Intersection en Y,Pluie légère,Sans collision,4,2,3,-1,1,1,2,0,1,50,1,1,0,0,0,1,50.0,,deux_roues,,5,2,4,2,7
201900026106,2019-01-28 00:50:00,2019,1,28,0,50,69,69382,PAUL MONTROCHET                     (R ),45.73918,4.8196,Nuit avec éclairage allumé,En agglomération,Hors intersection,Temps couvert,Deux véhicules - arrière,4,2,3,0,1,1,2,9,1,50,2,4,3,0,0,1,30.0,26.0,voiture,voiture,5,2,1,8,2
201900026107,2019-01-26 19:00:00,2019,1,26,19,0,69,69385,KITCHENER MARCHAND                  (PT),45.75167,4.82161,Nuit avec éclairage allumé,En agglomération,Intersection à plus de 4 branches,Normale,Deux véhicules - côté,4,2,3,0,1,1,1,5,1,50,2,3,2,0,0,1,22.0,58.0,deux_roues,voiture,5,2,5,1,3
201900026108,2019-01-27 13:30:00,2019,1,27,13,30,2B,2B033,PAOLI DU NR 1 A 20 - BLD,42.69665,9.4481,Plein jour,En agglomération,Passage à niveau,Normale,Autre collision,4,2,2,0,2,1,1,5,1,50,2,2,1,0,0,1,52.0,28.0,voiture,deux_roues,1,2,8,1,6
201900026109,2019-01-26 10:30:00,2019,1,26,10,30,971,97105,PAUL LACAVE (AVENUE ),15.99565,-61.71679,Plein jour,En agglomération,Autre intersection,Pluie légère,Deux véhicules - arrière,3,2,2,0,2,1,2,0,1,50,2,2,1,0,1,0,37.0,42.0,deux_roues,voiture,1,2,9,2,2
201900026110,2019-01-27 13:40:00,2019,1,27,13,40,91,91421,NATIONALE 6 (CES POMPIDOU),48.6951,2.4467,Plein jour,Hors agglomération,Hors intersection,Pluie forte,Deux véhicules - arrière,2,3,4,0,2,1,3,0,1,90,2,2,1,0,0,1,47.0,45.0,voiture,voiture,1,1,1,3,2
201900026111,2019-01-26 15:25:00,2019,1,26,15,25,83,83050,DE GAULLE(AVENUE CHARLES),43.51975,6.47238,Plein jour,En agglomération,Autre intersection,Normale,Deux véhicules - côté,3,1,2,0,1,2,1,0,1,50,2,2,1,0,0,1,52.0,21.0,utilitaire_camion,voiture,1,2,9,1,3
201900026112,2019-01-27 01:49:00,2019,1,27,1,49,74,74012,VERDUN (AVENUE DE),46.18543,6.24205,Nuit avec éclairage allumé,En agglomération,Intersection en T,Normale,Deux véhicules - côté,4,-1,0,0,1,1,1,0,1,50,2,2,1,0,0,1,21.0,,voiture,,5,2,3,1,3
201900026113,2019-01-26 11:45:00,2019,1,26,11,45,74,74008,MARTINIERE (RUE DE LA),46.199324,6.224652,Plein jour,En agglomération,Hors intersection,Normale,Trois véhicules et plus - en chaîne,4,2,2,0,1,1,1,0,1,50,3,4,2,0,0,2,41.0,58.0,voiture,voiture,1,2,1,1,4
201900026114,2019-01-26 12:05:00,2019,1,26,12,5,64,64445,FRANCOIS MITTERAND,43.3303135,-0.3559133,Plein jour,En agglomération,Giratoire,Normale,Deux véhicules - côté,4,1,2,0,1,1,1,9,1,50,2,2,1,0,0,1,55.0,68.0,deux_roues,voiture,1,2,6,1,3
201900026115,2019-01-27 14:53:00,2019,1,27,14,53,45,45302,D520 ROCADE,47.93847,1.8886,Plein jour,Hors agglomération,Hors intersection,Normale,Sans collision,3,1,1,0,2,2,2,3,1,50,1,1,0,0,0,1,56.0,,voiture,,1,1,1,1,7
201900026116,2019-01-27 17:45:00,2019,1,27,17,45,45,45004,RD 2060,47.984543,2.770652,Nuit sans éclairage public,Hors agglomération,Autre intersection,Neige / grêle,Autre collision,3,1,1,0,1,3,7,3,1,30,2,3,2,0,0,1,53.0,20.0,voiture,voiture,3,1,9,4,6
201900026117,2019-01-27 09:30:00,2019,1,27,9,30,37,37122,BORDEAUX (AVENUE DE),47.35772,0.69803,Plein jour,En agglomération,Hors intersection,Pluie légère,Autre collision,4,3,4,0,1,1,2,0,1,50,1,1,0,0,0,1,22.0,,voiture,,1,2,1,2,6
201900026118,2019-01-26 18:15:00,2019,1,26,18,15,34,34172,LIBERTE (AVENUE DE LA,43.60026,3.8696,Crépuscule ou aube,En agglomération,Hors intersection,Normale,Deux véhicules - arrière,4,2,2,0,1,1,1,0,1,50,2,4,3,0,0,1,31.0,48.0,voiture,voiture,2,2,1,1,2
201900026119,2019-01-26 19:30:00,2019,1,26,19,30,27,27681,ILE DE FRANCE (AVENUE DE L'),49.07656,1.5098,Nuit sans éclairage public,Hors agglomération,Hors intersection,Pluie légère,Autre collision,3,2,2,0,1,1,2,0,1,30,1,2,1,0,1,0,57.0,,voiture,,3,1,1,2,6