accident_id,datetime,annee,mois,jour,heure,minute,departement,commune_insee,adresse,latitude,longitude,luminosite,agglomeration,intersection,meteo,collision,catr,circ,nbv,vosp,prof,plan,surf,infra,situ,vma,nb_vehicules,nb_usagers,nb_indemnes,nb_tues,nb_blesses_hosp,nb_blesses_legers,age_cond_1,age_cond_2,veh_type_cond_1,veh_type_cond_2,lum_code,agg_code,int_code,atm_code,col_code
201900026300,2019-09-06 14:55:00,2019,9,6,14,55,35,35238,TILLON (AVENUE CHARLES),48.124488,-1.709326,Plein jour,En agglomération,Intersection en T,Normale,Deux véhicules - frontale,4,3,4,0,1,1,1,0,1,50,2,4,3,0,0,1,28.0,65.0,voiture,voiture,1,2,3,1,1
201900026301,2019-09-05 08:25:00,2019,9,5,8,25,35,35238,BREST (DE),48.11148,-1.69018,Plein jour,En agglomération,Autre intersection,Normale,Deux véhicules - arrière,4,3,4,0,1,1,1,0,6,50,2,2,1,0,0,1,28.0,46.0,transport_commun,autre,1,2,9,1,2
201900026302,2019-09-04 19:47:00,2019,9,4,19,47,35,35238,FOUGERES (ROUTE DE),48.12865,-1.64661,Crépuscule ou aube,En agglomération,Hors intersection,Normale,Autre collision,4,2,2,3,1,1,1,9,1,50,1,2,1,0,0,1,32.0,,deux_roues,,2,2,1,1,6
201900026303,2019-09-04 12:30:00,2019,9,4,12,30,35,35238,GUERINAIS (BD DE LA),48.09962,-1.71121,Plein jour,En agglomération,Intersection en X,Normale,Autre collision,4,2,0,0,1,1,1,9,1,30,1,2,1,0,1,0,28.0,,voiture,,1,2,2,1,6
201900026304,2019-09-07 05:00:00,2019,9,7,5,0,34,34172,MARIE DE MONTPELLIER,43.5999,3.8958,Nuit avec éclairage allumé,En agglomération,Hors intersection,Normale,Deux véhicules - frontale,4,2,0,0,1,1,1,0,1,50,2,2,1,0,0,1,29.0,34.0,voiture,deux_roues,5,2,1,1,1
201900026305,2019-09-06 21:25:00,2019,9,6,21,25,34,34172,SAINT-JUST (RUE),43.6001832,3.8441908,Nuit avec éclairage allumé,En agglomération,Intersection en T,Normale,Deux véhicules - côté,4,2,2,0,1,1,1,0,1,50,2,2,1,0,0,1,25.0,59.0,deux_roues,voiture,5,2,3,1,3
201900026306,2019-09-07 01:20:00,2019,9,7,1,20,33,33063,BD DES FRERES MOGA,44.82914,-0.5521,Nuit avec éclairage allumé,En agglomération,Hors intersection,Normale,Autre collision,4,3,4,0,2,3,1,0,1,50,1,1,0,0,1,0,,,,,5,2,1,1,6
201900026307,2019-09-06 21:20:00,2019,9,6,21,20,33,33063,Q. des Chartrons face au Crs du Médoc,44.85551,-0.56358,Nuit avec éclairage allumé,En agglomération,Intersection en T,Normale,Deux véhicules - côté,4,3,7,1,1,1,1,0,1,50,2,2,1,0,0,1,17.0,17.0,deux_roues,deux_roues,5,2,3,1,3
201900026308,2019-09-06 05:00:00,2019,9,6,5,0,33,33063,Av Général Leclerc / R. Godard (Caudéran),44.85529,-0.61397,Nuit avec éclairage allumé,En agglomération,Intersection en Y,Normale,Autre collision,4,2,2,0,1,3,1,0,1,50,1,2,1,0,1,0,46.0,,voiture,,5,2,4,1,6
201900026309,2019-09-06 11:30:00,2019,9,6,11,30,33,33162,RUE DU VIGNAN,44.88617,-0.65649,Plein jour,En agglomération,Intersection en X,Normale,Deux véhicules - côté,4,1,1,0,1,1,1,0,1,50,2,2,1,0,0,1,16.0,25.0,deux_roues,voiture,1,2,2,1,3
201900026310,2019-09-06 09:10:00,2019,9,6,9,10,33,33075,AVE J. CHABAN DELMAS,44.89801,-0.58206,Plein jour,En agglomération,Hors intersection,Normale,Trois véhicules et plus - collisions multiples,4,3,4,0,1,1,1,0,1,50,3,3,2,0,0,1,63.0,32.0,deux_roues,voiture,1,2,1,1,5
201900026311,2019-09-05 16:25:00,2019,9,5,16,25,33,33192,RUE D'ORNON,44.77243,-0.64021,Plein jour,En agglomération,Hors intersection,Normale,Deux véhicules - côté,4,2,2,0,1,1,1,0,1,30,2,2,1,0,0,1,29.0,29.0,voiture,deux_roues,1,2,1,1,3
201900026312,2019-09-04 18:50:00,2019,9,4,18,50,33,33192,GAULLE (CRS DU GENERAL DE),44.78238,-0.60743,Plein jour,En agglomération,Intersection en T,Normale,Deux véhicules - côté,4,2,4,0,2,1,1,0,1,50,2,2,1,0,0,1,38.0,56.0,deux_roues,voiture,1,2,3,1,3
201900026313,2019-09-04 07:00:00,2019,9,4,7,0,33,33550,RTE DE LEOGNAN,44.7598,-0.58255,Plein jour,En agglomération,Intersection en X,Normale,Deux véhicules - côté,4,2,4,2,1,1,1,0,1,50,2,2,1,0,0,1,18.0,56.0,deux_roues,voiture,1,2,2,1,3
201900026314,2019-09-04 11:30:00,2019,9,4,11,30,33,33009,44 bis COURS LAMARQUE PLAISANCE,44.66124,-1.17242,Plein jour,En agglomération,Hors intersection,Normale,Deux véhicules - côté,4,1,1,0,1,1,1,0,1,50,2,2,1,0,1,0,84.0,78.0,voiture,deux_roues,1,2,1,1,3
201900026315,2019-09-06 15:20:00,2019,9,6,15,20,32,32013,VIC (ROUTE DE),43.65586,0.55522,Plein jour,Hors agglomération,Hors intersection,Normale,Deux véhicules - arrière,3,2,2,0,2,3,1,0,1,70,2,2,1,0,1,0,79.0,81.0,voiture,deux_roues,1,1,1,1,2
201900026316,2019-09-06 12:50:00,2019,9,6,12,50,31,31555,RUE DU LANGUEDOC,43.599269,1.445641,Plein jour,En agglomération,Hors intersection,Normale,Autre collision,4,2,3,3,1,1,1,0,1,50,1,2,1,0,0,1,23.0,,voiture,,1,2,1,1,6
201900026317,2019-09-05 11:58:00,2019,9,5,11,58,31,31555,BD HENRI GAUSSEN,43.66194,1.43264,Plein jour,En agglomération,Hors intersection,Normale,Trois véhicules et plus - collisions multiples,3,2,2,0,1,1,1,0,1,30,3,4,2,0,0,2,27.0,74.0,voiture,voiture,1,2,1,1,5
201900026318,2019-09-05 03:15:00,2019,9,5,3,15,31,31555,AV SALVADOR ALLENDE,43.65993,1.42229,Nuit avec éclairage allumé,En agglomération,Hors intersection,Normale,Autre collision,3,2,2,0,1,1,1,0,1,50,1,1,0,0,1,0,33.0,,voiture,,5,2,1,1,6
201900026319,2019-09-04 19:45:00,2019,9,4,19,45,31,31069,BELISAIRE (CH DE),43.63278,1.38702,Plein jour,En agglomération,Hors intersection,Normale,Deux véhicules - côté,4,2,2,0,1,1,1,0,1,50,2,2,1,0,0,1,11.0,28.0,deux_roues,voiture,1,2,1,1,3
201900026320,2019-09-04 18:00:00,2019,9,4,18,0,31,31069,A621,43.63012,1.3824,Plein jour,Hors agglomération,Hors intersection,Normale,Trois véhicules et plus - en chaîne,1,3,4,0,2,1,1,0,1,90,3,3,2,0,0,1,41.0,28.0,voiture,utilitaire_camion,1,1,1,1,4
201900026321,2019-09-06 22:32:00,2019,9,6,22,32,30,30189,ALES (ROUTE),43.85441,4.33908,Nuit avec éclairage allumé,En agglomération,Intersection en Y,Normale,Deux véhicules - côté,7,3,2,0,1,2,1,0,1,50,2,2,1,0,0,1,25.0,57.0,utilitaire_camion,deux_roues,5,2,4,1,3
201900026322,2019-09-06 17:30:00,2019,9,6,17,30,29,29232,RN 165,48.03807,-4.07767,Plein jour,Hors agglomération,Autre intersection,Normale,Sans collision,2,1,0,0,1,1,1,0,1,110,1,1,0,0,0,1,76.0,,voiture,,1,1,9,1,7
201900026323,2019-09-04 10:25:00,2019,9,4,10,25,29,29232,HAUTE RUE,47.99016,-4.11046,Plein jour,En agglomération,Hors intersection,Normale,Deux véhicules - arrière,4,2,4,0,1,1,2,0,1,50,2,2,1,0,0,1,23.0,62.0,voiture,voiture,1,2,1,1,2
201900026324,2019-09-07 16:50:00,2019,9,7,16,50,29,29019,QUIMPER (DE 1 A 103 ET 2 A 152),48.40093,-4.44589,Plein jour,En agglomération,Giratoire,Normale,Autre collision,4,2,2,0,3,1,1,0,1,50,1,2,1,0,0,1,40.0,,voiture,,1,2,6,1,6
201900026325,2019-09-02 15:39:00,2019,9,2,15,39,29,29019,BACH JEAN SEBASTIEN,48.39153,-4.52329,Plein jour,En agglomération,Autre intersection,Normale,Trois véhicules et plus - en chaîne,4,-1,2,0,1,1,1,0,1,50,4,4,3,0,0,1,46.0,61.0,voiture,voiture,1,2,9,1,4
201900026326,2019-09-05 18:22:00,2019,9,5,18,22,27,27229,LEROY (BOULEVARD MODESTE),49.0171,1.1374,Plein jour,En agglomération,Intersection en X,Normale,Deux véhicules - côté,4,2,2,0,1,1,1,0,1,50,2,2,1,0,1,0,17.0,44.0,deux_roues,voiture,1,2,2,1,3
201900026327,2019-09-04 11:24:00,2019,9,4,11,24,26,26058,BREL AVENUE JACQUES,44.95185,4.90324,Plein jour,En agglomération,Intersection en X,Normale,Autre collision,4,2,2,0,2,3,1,0,2,50,1,2,1,0,0,1,86.0,,voiture,,1,2,2,1,6
201900026328,2019-09-05 19:30:00,2019,9,5,19,30,26,26198,TEIL (Route du),44.55708,4.72765,Plein jour,En agglomération,Hors intersection,Normale,Deux véhicules - frontale,2,2,2,1,1,1,1,0,1,50,2,2,1,0,1,0,54.0,26.0,deux_roues,voiture,1,2,1,1,1
201900026329,2019-09-07 22:10:00,2019,9,7,22,10,25,25056,LAGRANGE  AVENUE LEO,47.2451,6.0031,Nuit avec éclairage allumé,En agglomération,Intersection en T,Pluie légère,Deux véhicules - côté,3,1,1,0,1,1,2,5,1,30,2,3,1,0,0,2,26.0,17.0,voiture,deux_roues,5,2,3,2,3
201900026330,2019-09-05 09:25:00,2019,9,5,9,25,19,19272,RN89 Haut Lieu de Cueille ,45.24982,1.74974,Plein jour,Hors agglomération,Hors intersection,Normale,Autre collision,3,2,2,0,1,1,1,9,1,70,2,2,1,0,1,0,55.0,34.0,deux_roues,voiture,1,1,1,1,6
201900026331,2019-09-04 16:20:00,2019,9,4,16,20,19,19031,DAUDY (RUE ALEXANDRE),45.16673,1.53746,Plein jour,En agglomération,Intersection en X,Normale,Deux véhicules - côté,4,2,2,0,1,1,1,0,1,50,2,2,1,0,0,1,20.0,52.0,voiture,voiture,1,2,2,1,3
201900026332,2019-09-05 09:03:00,2019,9,5,9,3,18,18279,GOURDON (RUE),47.22,2.06,Plein jour,En agglomération,Hors intersection,Normale,Sans collision,4,2,2,0,1,1,1,0,1,50,1,1,0,0,0,1,23.0,,deux_roues,,1,2,1,1,7
201900026333,2019-09-07 21:45:00,2019,9,7,21,45,17,17306,MAINE ARNAUD (DU) (AVENUE),45.638443,-1.032575,Nuit avec éclairage allumé,En agglomération,Hors intersection,Normale,Autre collision,4,-1,2,0,1,1,1,0,1,50,1,1,0,0,0,1,44.0,,voiture,,5,2,1,1,6
201900026334,2019-09-06 21:25:00,2019,9,6,21,25,17,17291,D 9,46.190635,-1.09431,Nuit sans éclairage public,Hors agglomération,Hors intersection,Normale,Deux véhicules - arrière,3,2,2,0,1,1,1,0,1,80,2,2,1,0,1,0,62.0,27.0,deux_roues,voiture,3,1,1,1,2
201900026335,2019-09-07 14:50:00,2019,9,7,14,50,14,14118,LIBERATION (AVENUE DE LA),49.18475,-0.3602,Plein jour,En agglomération,Intersection en X,Normale,Deux véhicules - côté,4,2,-1,-1,1,1,1,0,1,-1,2,3,2,0,0,1,49.0,26.0,voiture,voiture,1,2,2,1,3
201900026336,2019-09-07 09:00:00,2019,9,7,9,0,13,13203,LOUBON (RUE),43.3124,5.38027,Plein jour,En agglomération,Hors intersection,Normale,Deux véhicules - frontale,4,2,2,0,1,1,1,0,1,50,2,5,1,0,0,4,42.0,35.0,voiture,transport_commun,1,2,1,1,1
201900026337,2019-09-06 20:00:00,2019,9,6,20,0,13,13204,LINOTS (RUE),43.31385,5.40731,Crépuscule ou aube,En agglomération,Hors intersection,Normale,Autre collision,4,2,2,0,2,1,1,0,1,50,2,2,1,0,1,0,44.0,31.0,deux_roues,voiture,2,2,1,1,6
201900026338,2019-09-06 21:00:00,2019,9,6,21,0,13,13075,GENERAL LECLERC (AVE DU),43.3527101,5.4628918,Nuit avec éclairage allumé,En agglomération,Intersection en X,Normale,Deux véhicules - côté,4,2,2,0,2,1,1,0,1,50,2,3,2,0,0,1,15.0,26.0,voiture,voiture,5,2,2,1,3
201900026339,2019-09-06 19:00:00,2019,9,6,19,0,13,13213,CHATEAU GOMBERT CHEMIN,43.33764,5.42091,Plein jour,En agglomération,Intersection en T,Normale,Deux véhicules - côté,4,2,4,0,1,1,1,0,1,50,2,2,1,0,0,1,17.0,21.0,voiture,voiture,1,2,3,1,3
201900026340,2019-09-06 15:50:00,2019,9,6,15,50,13,13208,PRADO (AVENUE DU),43.27219,5.39068,Plein jour,En agglomération,Hors intersection,Normale,Deux véhicules - côté,4,3,2,0,1,1,1,0,1,50,2,1,0,0,0,1,28.0,,deux_roues,,1,2,1,1,3
201900026341,2019-09-06 12:25:00,2019,9,6,12,25,13,13206,PAUL PEYTRAL (BOULEVARD),43.2906,5.38015,Plein jour,En agglomération,Hors intersection,Normale,Autre collision,7,2,3,3,1,1,1,0,1,50,1,2,1,0,1,0,56.0,,transport_commun,,1,2,1,1,6
201900026342,2019-09-06 07:40:00,2019,9,6,7,40,13,13205,CAMAS (RUE DU),43.296073,5.395831,Crépuscule ou aube,En agglomération,Hors intersection,Normale,Autre collision,4,1,1,0,1,1,1,9,1,50,1,2,1,0,0,1,48.0,,voiture,,2,2,1,1,6
201900026343,2019-09-05 11:15:00,2019,9,5,11,15,13,13208,MAZARGUES (AVENUE DE),43.26364,5.39582,Plein jour,En agglomération,Hors intersection,Normale,Deux véhicules - côté,4,2,3,0,1,1,1,0,2,50,2,2,1,0,0,1,61.0,30.0,deux_roues,voiture,1,2,1,1,3
201900026344,2019-09-05 17:00:00,2019,9,5,17,0,13,13203,JUNOT (RUE),43.3113799,5.3766608,Plein jour,En agglomération,Hors intersection,Normale,Deux véhicules - arrière,4,2,2,0,2,1,1,0,1,50,2,1,0,0,0,1,40.0,,voiture,,1,2,1,1,2
201900026345,2019-09-05 16:30:00,2019,9,5,16,30,13,13215,SAINT ANTOINE (AVENUE DE),43.37923,5.35708,Plein jour,En agglomération,Hors intersection,Normale,Autre collision,3,1,4,3,1,1,1,9,6,30,1,1,0,0,0,1,30.0,,deux_roues,,1,2,1,1,6
201900026346,2019-09-05 01:00:00,2019,9,5,1,0,13,13208,PRADO (AVENUE DU),43.26927,5.38619,Nuit avec éclairage allumé,En agglomération,Intersection en X,Normale,Deux véhicules - côté,4,2,6,0,1,1,1,5,1,50,2,2,1,0,0,1,,30.0,utilitaire_camion,voiture,5,2,2,1,3
201900026347,2019-09-06 16:20:00,2019,9,6,16,20,12,12202,SAINT CYRICE (RUE) N°55,44.355111,2.576355,Plein jour,En agglomération,Hors intersection,Normale,Autre collision,4,1,3,0,2,1,1,0,1,50,1,2,1,0,0,1,34.0,,utilitaire_camion,,1,2,1,1,6
201900026348,2019-09-04 07:10:00,2019,9,4,7,10,12,12145,MILLAU PLAGE (AVENUE DE),44.125302,3.100482,Nuit sans éclairage public,Hors agglomération,Hors intersection,Normale,Deux véhicules - côté,3,2,2,0,1,2,1,0,1,80,2,3,1,0,1,1,26.0,39.0,utilitaire_camion,voiture,3,1,1,1,3
201900026349,2019-09-03 07:36:00,2019,9,3,7,36,11,11262,ELYSIQUES (VOIES DES),43.1889,2.98444,Plein jour,En agglomération,Hors intersection,Normale,Autre collision,4,2,2,0,1,1,1,0,1,50,2,2,1,0,0,1,16.0,51.0,deux_roues,voiture,1,2,1,1,6
201900026350,2019-09-06 15:54:00,2019,9,6,15,54,10,10357,AIRE DES MOISSONS,48.2953,4.13136,Plein jour,En agglomération,Hors intersection,Temps éblouissant,Deux véhicules - frontale,4,2,2,0,2,2,1,0,1,50,2,3,2,0,0,1,71.0,80.0,voiture,voiture,1,2,1,7,1
201900026351,2019-09-06 16:29:00,2019,9,6,16,29,10,10387,REPUBLIQUE (RUE DE LA ),48.29749,4.07472,Plein jour,En agglomération,Hors intersection,Normale,Autre collision,4,2,3,0,1,1,1,0,1,50,1,2,1,0,0,1,47.0,,voiture,,1,2,1,1,6
201900026352,2019-09-07 15:55:00,2019,9,7,15,55,9,09225,MIREPOIX ROUTE DE,43.102672,1.63076,Plein jour,En agglomération,Hors intersection,Normale,Trois véhicules et plus - en chaîne,4,2,2,0,2,1,1,0,1,50,3,3,2,0,0,1,51.0,38.0,voiture,deux_roues,1,2,1,1,4
201900026353,2019-09-04 11:10:00,2019,9,4,11,10,8,08105,THEATRE RUE,49.773147,4.718834,Plein jour,En agglomération,Hors intersection,Normale,Autre collision,4,2,2,0,1,1,1,0,1,50,1,2,1,0,1,0,23.0,,voiture,,1,2,1,1,6
201900026354,2019-08-24 12:35:00,2019,8,24,12,35,7,07186, 2 ROUTE DE CHOMERAC,44.715713,4.610189,Plein jour,Hors agglomération,Hors intersection,Normale,Deux véhicules - côté,6,1,0,0,1,1,1,0,1,30,2,2,1,0,1,0,55.0,43.0,autre,voiture,1,1,1,1,3
201900026355,2019-09-06 13:15:00,2019,9,6,13,15,7,07281,HUIT MAI (AVENUE DU),44.94653,4.8511,Plein jour,En agglomération,Hors intersection,Normale,Trois véhicules et plus - en chaîne,3,2,1,0,1,1,1,0,1,50,4,4,2,0,0,2,23.0,55.0,voiture,voiture,1,2,1,1,4
201900026356,2019-09-07 22:41:00,2019,9,7,22,41,6,06088,ARSON (RUE),43.701088,7.286968,Nuit avec éclairage allumé,En agglomération,Hors intersection,Normale,Trois véhicules et plus - collisions multiples,4,1,3,3,1,1,1,0,1,50,3,4,3,0,0,1,46.0,29.0,voiture,voiture,5,2,1,1,5
201900026357,2019-09-07 16:15:00,2019,9,7,16,15,6,06088,CALIFORNIE (AV.) (A PARTIR DU N° 201-212,43.681241,7.230875,Plein jour,En agglomération,Hors intersection,Normale,Deux véhicules - côté,4,1,1,0,1,1,1,0,1,30,2,2,0,0,1,1,17.0,,deux_roues,,1,2,1,1,3
201900026358,2019-09-07 15:10:00,2019,9,7,15,10,6,06088,TRACHEL (RUE),43.70595,7.2577,Plein jour,En agglomération,Intersection en X,Normale,Deux véhicules - côté,4,1,2,0,1,1,1,0,1,50,2,3,2,0,1,0,21.0,24.0,voiture,voiture,1,2,2,1,3
201900026359,2019-09-07 12:15:00,2019,9,7,12,15,6,06088,VOIE RAPIDE,43.687413,7.236663,Plein jour,En agglomération,Hors intersection,Normale,Trois véhicules et plus - collisions multiples,4,3,0,0,1,1,1,0,1,70,4,4,3,0,0,1,25.0,31.0,voiture,voiture,1,2,1,1,5
201900026360,2019-09-07 05:40:00,2019,9,7,5,40,6,06088,BELLET (RTE DE),43.7511118,7.2166765,Nuit avec éclairage allumé,En agglomération,Hors intersection,Normale,Autre collision,4,2,2,0,2,1,1,0,1,50,1,2,1,1,0,0,23.0,,voiture,,5,2,1,1,6
201900026361,2019-09-05 07:30:00,2019,9,5,7,30,6,06088,MACCARIO (R. MAURICE),43.724033,7.284655,Crépuscule ou aube,En agglomération,Hors intersection,Normale,Autre collision,4,-1,0,0,1,1,1,0,1,50,1,1,0,0,0,1,65.0,,voiture,,2,2,1,1,6
201900026362,2019-09-05 12:15:00,2019,9,5,12,15,6,06083,SOSPEL (ROUTE DE ),43.805862,7.485715,Plein jour,Hors agglomération,Intersection en T,Normale,Deux véhicules - côté,3,2,2,0,2,1,1,5,1,50,2,2,0,0,1,1,47.0,58.0,deux_roues,voiture,1,1,3,1,3
201900026363,2019-09-05 07:45:00,2019,9,5,7,45,6,06083,CENTENAIRE (COURS DU),43.77,7.49,Plein jour,En agglomération,Hors intersection,Normale,Deux véhicules - côté,4,2,2,0,1,1,1,0,2,30,2,2,1,0,0,1,36.0,59.0,voiture,deux_roues,1,2,1,1,3
201900026364,2019-09-06 17:20:00,2019,9,6,17,20,6,06069,MOUANS (ROUTE DE),43.637118,6.973814,Plein jour,En agglomération,Hors intersection,Pluie légère,Sans collision,3,2,1,0,1,2,2,0,1,50,1,1,0,0,0,1,34.0,,deux_roues,,1,2,1,2,7
201900026365,2019-09-06 13:05:00,2019,9,6,13,5,6,06069,MADELEINE,43.656111,6.935251,Plein jour,En agglomération,Hors intersection,Normale,Deux véhicules - arrière,4,2,1,0,4,1,1,0,1,50,2,2,1,0,0,1,66.0,68.0,voiture,voiture,1,2,1,1,2
201900026366,2019-09-05 18:50:00,2019,9,5,18,50,5,05061,PIGNEROL ( AVENUE DE ),44.5653756,6.0927504,Plein jour,En agglomération,Giratoire,Normale,Deux véhicules - côté,2,2,2,0,1,1,1,5,1,50,2,2,1,0,0,1,47.0,43.0,deux_roues,voiture,1,2,6,1,3
201900026367,2019-09-06 21:30:00,2019,9,6,21,30,75,75112,BD PERIPHERIQUE INTERIEUR,48.842254,2.413632,Nuit avec éclairage allumé,En agglomération,Hors intersection,Normale,Trois véhicules et plus - en chaîne,4,1,4,0,1,1,1,0,1,70,5,5,3,0,0,2,24.0,61.0,deux_roues,voiture,5,2,1,1,4
201900026368,2019-09-06 14:50:00,2019,9,6,14,50,75,75116,BD PERIPHERIQUE INTERIEUR,48.8351731,2.2609214,Plein jour,En agglomération,Intersection en Y,Normale,Autre collision,4,1,1,0,1,1,1,0,1,50,2,1,0,0,0,1,47.0,,deux_roues,,1,2,4,1,6
201900026369,2019-09-05 19:40:00,2019,9,5,19,40,75,75117,BD PERIPHERIQUE INTERIEUR,48.8891589,2.29605,Plein jour,En agglomération,Hors intersection,Normale,Trois véhicules et plus - en chaîne,4,1,4,0,1,1,1,1,1,70,3,3,1,0,0,2,46.0,55.0,voiture,voiture,1,2,1,1,4
201900026370,2019-09-05 19:00:00,2019,9,5,19,0,75,75116,BD PERIPHERIQUE EXTERIEUR,48.864286,2.2666503,Crépuscule ou aube,En agglomération,Hors intersection,Normale,Deux véhicules - côté,4,1,4,0,1,1,1,0,1,70,2,2,1,0,0,1,28.0,24.0,deux_roues,voiture,2,2,1,1,3
201900026371,2019-09-05 16:30:00,2019,9,5,16,30,75,75120,BD PERIPHERIQUE EXTERIEUR,48.852658,2.414748,Plein jour,En agglomération,Hors intersection,Normale,Deux véhicules - côté,4,1,4,0,1,1,1,0,1,70,2,2,1,0,0,1,25.0,40.0,voiture,deux_roues,1,2,1,1,3
201900026372,2019-09-05 14:40:00,2019,9,5,14,40,75,75119,BD PERIPHERIQUE EXTERIEUR,48.8963522,2.394585,Plein jour,En agglomération,Hors intersection,Normale,Autre collision,4,1,4,0,1,1,1,0,1,70,2,1,0,0,0,1,54.0,,deux_roues,,1,2,1,1,6
201900026373,2019-09-05 09:00:00,2019,9,5,9,0,75,75119,BD PERIPHERIQUE EXTERIEUR,48.900327,2.379367,Plein jour,En agglomération,Hors intersection,Normale,Deux véhicules - arrière,4,1,4,0,1,1,1,0,1,70,2,2,1,0,0,1,35.0,47.0,utilitaire_camion,deux_roues,1,2,1,1,2
201900026374,2019-09-05 10:45:00,2019,9,5,10,45,75,75112,BD PERIPHERIQUE INTERIEUR,48.826635,2.388995,Plein jour,En agglomération,Hors intersection,Normale,Deux véhicules - arrière,4,1,4,0,1,1,1,0,1,70,2,2,1,0,1,0,37.0,39.0,voiture,deux_roues,1,2,1,1,2
201900026375,2019-09-05 13:05:00,2019,9,5,13,5,75,75115,ECHANGEUR ISSY,48.8348323,2.2739724,Plein jour,En agglomération,Intersection en Y,Normale,Deux véhicules - arrière,4,1,2,0,1,1,1,0,1,50,2,2,1,0,0,1,34.0,35.0,deux_roues,utilitaire_camion,1,2,4,1,2
201900026376,2019-09-05 09:00:00,2019,9,5,9,0,75,75118,BD PERIPHERIQUE EXTERIEUR,48.900802,2.369807,Plein jour,En agglomération,Hors intersection,Normale,Deux véhicules - arrière,4,1,4,0,1,1,1,0,1,70,2,2,1,0,0,1,46.0,41.0,deux_roues,deux_roues,1,2,1,1,2
201900026377,2019-09-06 08:17:00,2019,9,6,8,17,75,75115,BOULEVARD PASTEUR,48.8389542,2.3164466,Plein jour,En agglomération,Intersection en T,Normale,Autre collision,4,2,4,0,2,1,1,0,1,50,1,4,3,0,1,0,36.0,,voiture,,1,2,3,1,6
201900026378,2019-09-04 17:30:00,2019,9,4,17,30,75,75116,BD PERIPHERIQUE INTERIEUR ,48.862014,2.264393,Plein jour,En agglomération,Hors intersection,Normale,Deux véhicules - côté,4,3,4,0,1,1,1,0,1,70,2,2,1,0,0,1,34.0,63.0,voiture,deux_roues,1,2,1,1,3
201900026379,2019-09-04 22:00:00,2019,9,4,22,0,75,75106,RUE DU CHERCHE MIDI,48.852077,2.329847,Nuit avec éclairage allumé,En agglomération,Intersection en X,Normale,Deux véhicules - côté,4,1,1,0,1,2,1,0,1,30,2,2,1,0,0,1,22.0,25.0,deux_roues,deux_roues,5,2,2,1,3
201900026380,2019-09-03 20:15:00,2019,9,3,20,15,75,75113,RUE AIME MOROT,48.8206261,2.3494568,Nuit avec éclairage allumé,En agglomération,Intersection en T,Normale,Deux véhicules - côté,4,1,1,0,1,1,1,0,1,50,2,2,1,0,0,1,51.0,14.0,voiture,deux_roues,5,2,3,1,3
201900026381,2019-09-06 21:20:00,2019,9,6,21,20,75,75120,RUE BELGRAND,48.8646245,2.4056489,Nuit avec éclairage allumé,En agglomération,Intersection en T,Normale,Deux véhicules - côté,4,2,3,1,1,1,1,0,5,50,2,3,2,0,0,1,31.0,33.0,deux_roues,voiture,5,2,3,1,3
201900026382,2019-09-04 13:20:00,2019,9,4,13,20,75,75120,RUE DE BELLEVILLE,48.87671,2.404962,Plein jour,En agglomération,Hors intersection,Normale,Deux véhicules - côté,4,2,2,0,1,1,1,0,1,50,2,2,1,0,0,1,33.0,31.0,deux_roues,voiture,1,2,1,1,3
201900026383,2019-09-05 13:10:00,2019,9,5,13,10,75,75119,RUE D HAUTPOUL,48.8860179,2.3867275,Plein jour,En agglomération,Hors intersection,Normale,Autre collision,4,2,2,0,1,1,1,0,1,30,1,2,1,0,0,1,59.0,,voiture,,1,2,1,1,6
201900026384,2019-09-06 13:15:00,2019,9,6,13,15,75,75117,AVENUE DE WAGRAM,48.883859,2.3023626,Plein jour,En agglomération,Hors intersection,Normale,Deux véhicules - arrière,4,2,2,0,1,1,1,0,1,30,2,2,1,0,0,1,55.0,59.0,voiture,voiture,1,2,1,1,2
201900026385,2019-09-06 06:35:00,2019,9,6,6,35,75,75117,BOULEVARD BESSIERES,48.8964297,2.3191385,Nuit avec éclairage allumé,En agglomération,Hors intersection,Normale,Autre collision,4,2,2,0,1,1,1,4,6,25,1,2,1,0,0,1,33.0,,transport_commun,,5,2,1,1,6
201900026386,2019-09-05 08:45:00,2019,9,5,8,45,75,75117,BOULEVARD BERTHIER,48.886468,2.29577,Plein jour,En agglomération,Intersection à plus de 4 branches,Normale,Deux véhicules - côté,4,3,2,0,1,1,1,0,1,50,2,2,1,0,0,1,38.0,22.0,voiture,deux_roues,1,2,5,1,3
201900026387,2019-09-07 07:45:00,2019,9,7,7,45,75,75116,AVENUE D IENA,48.8732012,2.2951255,Plein jour,En agglomération,Place,Normale,Autre collision,4,2,6,0,1,1,1,0,1,50,1,2,1,0,0,1,32.0,,voiture,,1,2,7,1,6
201900026388,2019-09-06 13:10:00,2019,9,6,13,10,75,75108,AVENUE MARCEAU,48.8709535,2.2975105,Plein jour,En agglomération,Intersection à plus de 4 branches,Normale,Autre collision,4,3,4,0,1,1,1,0,1,50,1,3,2,0,0,1,39.0,,voiture,,1,2,5,1,6
201900026389,2019-09-07 02:39:00,2019,9,7,2,39,75,75116,RUE DU RANELAGH,48.8537033,2.2773939,Nuit avec éclairage allumé,En agglomération,Intersection en X,Normale,Deux véhicules - côté,4,1,2,0,3,1,1,0,1,50,2,3,2,0,0,1,27.0,31.0,deux_roues,voiture,5,2,2,1,3
201900026390,2019-09-07 01:37:00,2019,9,7,1,37,75,75116,AVENUE DU PRESIDENT KENNEDY,48.854474,2.283504,Nuit avec éclairage allumé,En agglomération,Intersection en T,Normale,Autre collision,4,2,4,-1,1,1,1,0,1,50,1,1,0,0,0,1,49.0,,voiture,,5,2,3,1,6