accident_id,datetime,annee,mois,jour,heure,minute,departement,commune_insee,adresse,latitude,longitude,luminosite,agglomeration,intersection,meteo,collision,catr,circ,nbv,vosp,prof,plan,surf,infra,situ,vma,nb_vehicules,nb_usagers,nb_indemnes,nb_tues,nb_blesses_hosp,nb_blesses_legers,age_cond_1,age_cond_2,veh_type_cond_1,veh_type_cond_2,lum_code,agg_code,int_code,atm_code,col_code
201900026391,2019-09-06 17:30:00,2019,9,6,17,30,75,75116,CARREFOUR DES ANCIENS COMBATTANTS   BOUL,48.8484932,2.2421175,Plein jour,En agglomération,Place,Normale,Deux véhicules - côté,4,1,2,0,1,2,1,0,1,50,2,2,1,0,0,1,89.0,60.0,voiture,deux_roues,1,2,7,1,3
201900026392,2019-09-06 19:00:00,2019,9,6,19,0,75,75116,VOIE GEORGES POMPIDOU,48.855672,2.2855616,Plein jour,En agglomération,Hors intersection,Normale,Deux véhicules - côté,4,1,1,0,1,1,1,0,1,50,2,2,1,0,0,1,30.0,60.0,deux_roues,voiture,1,2,1,1,3
201900026393,2019-09-05 10:00:00,2019,9,5,10,0,75,75116,AVENUE KLEBER,48.8678272,2.2906977,Plein jour,En agglomération,Intersection en T,Normale,Deux véhicules - côté,4,3,2,0,1,1,1,0,1,50,2,3,1,0,0,2,29.0,29.0,utilitaire_camion,deux_roues,1,2,3,1,3
201900026394,2019-09-05 04:10:00,2019,9,5,4,10,75,75116,AVENUE GEORGES MANDEL,48.863839,2.280004,Nuit avec éclairage allumé,En agglomération,Hors intersection,Normale,Sans collision,4,3,2,0,2,1,1,0,1,50,1,1,0,0,0,1,23.0,,deux_roues,,5,2,1,1,7
201900026395,2019-09-04 17:40:00,2019,9,4,17,40,75,75116,PONT D IENA,48.860367,2.2912176,Plein jour,En agglomération,Place,Normale,Autre collision,4,2,4,-1,1,1,1,2,1,50,1,2,1,0,0,1,30.0,,deux_roues,,1,2,7,1,6
201900026396,2019-09-07 20:30:00,2019,9,7,20,30,75,75107,BOULEVARD SAINT GERMAIN,48.856054,2.3259848,Nuit avec éclairage allumé,En agglomération,Intersection en X,Normale,Autre collision,4,1,3,0,1,1,1,5,1,50,2,1,0,0,0,1,22.0,,deux_roues,,5,2,2,1,6
201900026397,2019-09-06 07:00:00,2019,9,6,7,0,75,75115,BOULEVARD PASTEUR,48.840612,2.314975,Crépuscule ou aube,En agglomération,Place,Normale,Sans collision,4,3,2,0,2,1,1,5,1,50,1,1,0,0,0,1,61.0,,deux_roues,,2,2,7,1,7
201900026398,2019-09-05 19:15:00,2019,9,5,19,15,75,75114,AVENUE DE LA PORTE DE CHATILLON,48.8226508,2.3147082,Plein jour,En agglomération,Intersection en Y,Normale,Sans collision,4,2,5,3,1,1,1,5,6,50,1,2,1,0,0,1,20.0,,deux_roues,,1,2,4,1,7
201900026399,2019-09-05 08:00:00,2019,9,5,8,0,75,75114,RUE MAURICE ROUVIER,48.8302927,2.3108801,Plein jour,En agglomération,Intersection en T,Normale,Deux véhicules - arrière,4,2,2,0,1,1,1,0,1,50,2,2,1,0,0,1,34.0,35.0,utilitaire_camion,deux_roues,1,2,3,1,2
201900026400,2019-09-04 09:45:00,2019,9,4,9,45,75,75114,RUE DES PLANTES,48.829299,2.322656,Plein jour,En agglomération,Intersection en X,Normale,Deux véhicules - côté,4,1,2,0,1,1,1,0,1,50,2,2,1,0,0,1,46.0,30.0,transport_commun,deux_roues,1,2,2,1,3
201900026401,2019-09-07 21:25:00,2019,9,7,21,25,75,75113,RUE BOBILLOT,48.825477,2.350019,Nuit avec éclairage allumé,En agglomération,Hors intersection,Normale,Autre collision,4,2,3,-1,1,1,1,0,1,50,1,1,0,0,0,1,41.0,,deux_roues,,5,2,1,1,6
201900026402,2019-09-07 15:25:00,2019,9,7,15,25,75,75113,BOULEVARD VINCENT AURIOL,48.8345773,2.3673649,Plein jour,En agglomération,Intersection en T,Normale,Autre collision,4,3,2,-1,1,1,1,0,1,50,1,1,0,0,0,1,57.0,,deux_roues,,1,2,3,1,6
201900026403,2019-09-07 14:40:00,2019,9,7,14,40,75,75113,AVENUE DE FRANCE,48.830489,2.376595,Plein jour,En agglomération,Intersection en X,Normale,Autre collision,4,3,2,-1,1,1,1,0,1,50,1,2,1,0,0,1,53.0,,transport_commun,,1,2,2,1,6
201900026404,2019-09-06 10:20:00,2019,9,6,10,20,75,75113,RUE DE TOLBIAC,48.82571,2.34846,Plein jour,En agglomération,Intersection en Y,Normale,Deux véhicules - arrière,4,2,3,0,1,1,1,0,1,50,2,2,1,0,0,1,66.0,32.0,voiture,voiture,1,2,4,1,2
201900026405,2019-09-05 21:00:00,2019,9,5,21,0,75,75113,BOULEVARD DE L HOPITAL,48.8398467,2.3616955,Nuit avec éclairage allumé,En agglomération,Intersection en Y,Normale,Autre collision,4,2,4,3,2,1,1,0,6,50,1,2,0,0,0,2,29.0,,deux_roues,,5,2,4,1,6
201900026406,2019-09-06 18:30:00,2019,9,6,18,30,75,75112,AVENUE DAUMESNIL,48.8358915,2.405641,Plein jour,En agglomération,Intersection en T,Normale,Deux véhicules - arrière,4,2,4,0,2,1,1,0,1,50,2,2,1,0,0,1,47.0,17.0,voiture,deux_roues,1,2,3,1,2
201900026407,2019-09-05 16:45:00,2019,9,5,16,45,75,75112,BOULEVARD DIDEROT,48.847658,2.3895278,Plein jour,En agglomération,Hors intersection,Normale,Deux véhicules - côté,4,2,2,0,1,1,1,0,1,50,2,2,1,0,0,1,32.0,63.0,deux_roues,utilitaire_camion,1,2,1,1,3
201900026408,2019-09-06 20:30:00,2019,9,6,20,30,75,75111,RUE DE L ORILLON,48.869641,2.374469,Nuit avec éclairage allumé,En agglomération,Hors intersection,Temps couvert,Autre collision,4,2,2,0,1,1,2,0,1,30,2,1,0,0,0,1,18.0,,deux_roues,,5,2,1,8,6
201900026409,2019-09-06 09:35:00,2019,9,6,9,35,75,75111,PLACE DE LA REPUBLIQUE,48.86674,2.36516,Plein jour,En agglomération,Place,Normale,Autre collision,4,2,2,1,1,1,1,0,5,50,2,1,0,0,0,1,68.0,,deux_roues,,1,2,7,1,6
201900026410,2019-09-06 07:49:00,2019,9,6,7,49,75,75110,AVENUE PARMENTIER,48.8700032,2.3710446,Plein jour,En agglomération,Intersection en X,Normale,Deux véhicules - côté,4,2,2,0,2,1,1,0,1,50,2,2,1,0,0,1,34.0,29.0,deux_roues,transport_commun,1,2,2,1,3
201900026411,2019-09-05 11:15:00,2019,9,5,11,15,75,75110,BOULEVARD DE LA VILLETTE,48.873258,2.375447,Plein jour,En agglomération,Hors intersection,Normale,Deux véhicules - arrière,4,1,2,0,1,1,1,0,1,50,2,2,1,0,0,1,48.0,51.0,deux_roues,voiture,1,2,1,1,2
201900026412,2019-09-03 12:55:00,2019,9,3,12,55,75,75109,RUE SAINT LAZARE,48.8767054,2.3323179,Plein jour,En agglomération,Place,Normale,Deux véhicules - côté,4,1,2,0,1,1,1,0,1,50,2,4,3,0,0,1,40.0,62.0,deux_roues,voiture,1,2,7,1,3
201900026413,2019-09-06 13:25:00,2019,9,6,13,25,75,75102,BOULEVARD MONTMARTRE,48.8714757,2.3430651,Plein jour,En agglomération,Intersection en X,Normale,Deux véhicules - côté,4,2,4,3,1,1,1,0,1,50,2,2,1,0,0,1,29.0,39.0,utilitaire_camion,deux_roues,1,2,2,1,3
201900026414,2019-09-06 12:55:00,2019,9,6,12,55,75,75109,RUE D AMSTERDAM,48.883344,2.3271757,Plein jour,En agglomération,Place,Normale,Autre collision,4,1,2,0,2,1,1,0,1,50,1,2,1,0,0,1,38.0,,deux_roues,,1,2,7,1,6
201900026415,2019-09-04 14:56:00,2019,9,4,14,56,75,75109,PLACE CHARLES GARNIER,48.87178,2.330592,Plein jour,En agglomération,Place,Normale,Deux véhicules - côté,4,2,2,0,1,1,1,5,1,50,2,2,1,0,0,1,52.0,27.0,voiture,deux_roues,1,2,7,1,3
201900026416,2019-09-04 13:15:00,2019,9,4,13,15,75,75109,BOULEVARD HAUSSMANN,48.872362,2.337426,Plein jour,En agglomération,Intersection en X,Normale,Trois véhicules et plus - en chaîne,4,1,2,0,1,1,1,0,1,50,3,3,2,0,0,1,48.0,53.0,deux_roues,voiture,1,2,2,1,4
201900026417,2019-09-04 10:27:00,2019,9,4,10,27,75,75108,RUE DE BERRI,48.872792,2.304821,Plein jour,En agglomération,Hors intersection,Normale,Autre collision,4,1,1,0,1,1,1,0,1,50,1,1,0,0,0,1,,,,,1,2,1,1,6
201900026418,2019-09-07 14:35:00,2019,9,7,14,35,75,75107,QUAI D ORSAY,48.86243,2.311638,Plein jour,En agglomération,Intersection en X,Normale,Deux véhicules - côté,4,2,6,0,1,1,1,8,1,50,2,2,1,0,0,1,26.0,68.0,deux_roues,voiture,1,2,2,1,3
201900026419,2019-09-07 03:30:00,2019,9,7,3,30,75,75107,QUAI ANATOLE FRANCE,48.859797,2.3285289,Nuit avec éclairage allumé,En agglomération,Hors intersection,Normale,Autre collision,4,1,4,0,1,1,1,0,1,50,2,1,0,0,0,1,36.0,,deux_roues,,5,2,1,1,6
201900026420,2019-09-05 21:50:00,2019,9,5,21,50,75,75107,QUAI BRANLY,48.859299,2.2938572,Nuit avec éclairage allumé,En agglomération,Hors intersection,Normale,Autre collision,4,3,3,0,1,1,1,0,1,50,1,2,1,0,1,0,36.0,,voiture,,5,2,1,1,6
201900026421,2019-09-06 17:20:00,2019,9,6,17,20,75,75104,QUAI DE L HOTEL DE VILLE,48.854371,2.3549358,Plein jour,En agglomération,Intersection en X,Normale,Autre collision,4,2,4,0,1,1,1,5,1,50,2,1,0,0,0,1,47.0,,deux_roues,,1,2,2,1,6
201900026422,2019-09-04 23:25:00,2019,9,4,23,25,75,75102,RUE MONTMARTRE,48.871255,2.342986,Nuit avec éclairage allumé,En agglomération,Hors intersection,Normale,Autre collision,4,1,2,0,1,1,1,0,1,50,1,1,0,0,0,1,47.0,,deux_roues,,5,2,1,1,6
201900026423,2019-09-05 06:15:00,2019,9,5,6,15,75,75101,PLACE DU PALAIS ROYAL,48.862603,2.335692,Nuit avec éclairage allumé,En agglomération,Place,Normale,Autre collision,4,1,1,-1,1,1,1,8,1,50,1,1,0,0,0,1,22.0,,deux_roues,,5,2,7,1,6
201900026424,2019-09-07 19:45:00,2019,9,7,19,45,94,94081,GARE (COUR DE LA),48.8002622,2.402291,Crépuscule ou aube,En agglomération,Hors intersection,Temps couvert,Autre collision,4,2,2,0,1,3,1,0,-1,30,1,2,1,0,0,1,69.0,,voiture,,2,2,1,8,6
201900026425,2019-09-07 21:40:00,2019,9,7,21,40,94,94080,FRANKLIN ROOSEVELT (AV),48.843799,2.432256,Nuit sans éclairage public,En agglomération,Hors intersection,Normale,Autre collision,4,-1,1,0,1,1,1,0,1,50,1,2,1,0,0,1,20.0,,deux_roues,,3,2,1,1,6
201900026426,2019-09-06 12:35:00,2019,9,6,12,35,94,94067,JOFFRE (AV),48.84921,2.41763,Plein jour,En agglomération,Intersection en X,Normale,Autre collision,3,2,1,0,1,1,1,9,1,50,1,2,1,0,0,1,33.0,,voiture,,1,2,2,1,6
201900026427,2019-09-04 10:45:00,2019,9,4,10,45,94,94068,CONDE (AV DE),48.81,2.48,Plein jour,En agglomération,Hors intersection,Normale,Autre collision,3,2,2,0,1,1,1,0,1,50,1,1,0,0,0,1,,,,,1,2,1,1,6
201900026428,2019-09-03 19:50:00,2019,9,3,19,50,94,94068,RABELAIS (BD),48.8062258,2.4799565,Plein jour,En agglomération,Hors intersection,Normale,Autre collision,3,2,2,0,3,1,1,0,1,50,1,1,0,0,0,1,37.0,,deux_roues,,1,2,1,1,6
201900026429,2019-09-04 22:35:00,2019,9,4,22,35,94,94015,ARISTIDE BRIAND (R),48.844,2.51,Nuit avec éclairage allumé,En agglomération,Intersection en X,Normale,Deux véhicules - côté,4,1,1,0,1,1,1,0,1,50,2,2,1,0,0,1,52.0,27.0,voiture,voiture,5,2,2,1,3
201900026430,2019-09-07 17:40:00,2019,9,7,17,40,94,94046,LEON BLUM (AV),48.8004,2.4352,Plein jour,En agglomération,Intersection en X,Temps couvert,Trois véhicules et plus - en chaîne,3,1,1,0,2,1,1,0,1,50,3,4,3,0,0,1,28.0,36.0,voiture,voiture,1,2,2,8,4
201900026431,2019-09-07 21:20:00,2019,9,7,21,20,94,94016,ESTIENNE D ORVES (R D),48.79,2.32,Nuit avec éclairage allumé,En agglomération,Autre intersection,Normale,Deux véhicules - frontale,4,2,1,0,1,1,1,0,1,10,2,2,1,0,0,1,22.0,20.0,deux_roues,voiture,5,2,9,1,1
201900026432,2019-08-29 19:30:00,2019,8,29,19,30,94,94016,PRESIDENT WILSON (AV DU),48.791561,2.328328,Plein jour,En agglomération,Autre intersection,Normale,Deux véhicules - arrière,3,2,3,0,1,1,1,0,1,50,2,2,1,0,0,1,38.0,53.0,voiture,deux_roues,1,2,9,1,2
201900026433,2019-09-05 10:00:00,2019,9,5,10,0,94,94041,JEAN-BAPTISTE RENOULT (R),48.8045,2.39125,Plein jour,En agglomération,Hors intersection,Normale,Deux véhicules - côté,4,2,2,0,2,1,1,0,1,50,2,2,1,0,1,0,46.0,81.0,deux_roues,voiture,1,2,1,1,3
201900026434,2019-09-05 13:50:00,2019,9,5,13,50,94,94038,PAUL VAILLANT COUTURIER (BD),48.77639,2.34001,Plein jour,En agglomération,Intersection en X,Normale,Deux véhicules - côté,3,-1,4,0,1,1,1,0,1,50,2,2,0,0,1,1,89.0,43.0,voiture,deux_roues,1,2,2,1,3
201900026435,2019-09-05 23:50:00,2019,9,5,23,50,94,94011,RN 406,48.7611366,2.4916152,Nuit sans éclairage public,En agglomération,Autre intersection,Normale,Deux véhicules - frontale,2,1,1,0,1,1,1,0,1,50,2,2,1,0,0,1,25.0,,voiture,,3,2,9,1,1
201900026436,2019-09-05 16:00:00,2019,9,5,16,0,94,94028,avenue de la POMPADOUR,48.7734,2.4357,Plein jour,En agglomération,Hors intersection,Normale,Trois véhicules et plus - collisions multiples,3,1,2,0,1,1,1,0,1,50,5,9,3,0,0,6,29.0,27.0,voiture,voiture,1,2,1,1,5
201900026437,2019-09-04 15:30:00,2019,9,4,15,30,94,94028,VASCO DE GAMA (R),48.76689,2.45245,Plein jour,En agglomération,Autre intersection,Normale,Deux véhicules - frontale,3,1,2,3,1,1,1,0,1,50,2,6,2,0,0,4,58.0,62.0,transport_commun,voiture,1,2,9,1,1
201900026438,2019-09-06 18:40:00,2019,9,6,18,40,94,94022,ALFORTVILLE (AV D),48.771,2.4135,Crépuscule ou aube,En agglomération,Hors intersection,Normale,Deux véhicules - arrière,4,2,2,0,1,1,1,0,1,50,2,2,1,0,0,1,37.0,27.0,utilitaire_camion,deux_roues,2,2,1,1,2
201900026439,2019-08-03 15:20:00,2019,8,3,15,20,94,94022,PRESIDENT ROOSEVELT (AV),48.76675,2.40329,Plein jour,En agglomération,Hors intersection,Normale,Deux véhicules - côté,4,2,2,0,1,1,1,0,1,50,2,2,1,0,0,1,41.0,42.0,deux_roues,voiture,1,2,1,1,3
201900026440,2019-09-07 17:40:00,2019,9,7,17,40,94,94017,EUGENE VARLIN (R),48.82622,2.51732,Plein jour,En agglomération,Hors intersection,Temps couvert,Deux véhicules - côté,4,1,1,0,2,3,2,0,1,30,2,1,0,0,0,1,22.0,,deux_roues,,1,2,1,8,3
201900026441,2019-09-06 09:30:00,2019,9,6,9,30,94,94017,MOULIN (R DU),48.82076,2.51287,Plein jour,En agglomération,Intersection en X,Normale,Autre collision,4,1,1,0,1,1,1,0,1,50,1,2,1,0,0,1,45.0,,voiture,,1,2,2,1,6
201900026442,2019-09-06 08:00:00,2019,9,6,8,0,94,94017,STALINGRAD (BD DE),48.82329,2.50375,Plein jour,En agglomération,Hors intersection,Normale,Deux véhicules - côté,3,2,2,1,1,1,1,0,1,50,2,2,1,0,1,0,45.0,43.0,deux_roues,voiture,1,2,1,1,3
201900026443,2019-09-05 22:07:00,2019,9,5,22,7,94,94017,ROGER SALENGRO (AV),48.82,2.482,Nuit sans éclairage public,En agglomération,Place,Normale,Deux véhicules - côté,3,3,2,0,1,1,1,5,1,50,2,4,3,0,1,0,23.0,58.0,voiture,deux_roues,3,2,7,1,3
201900026444,2019-09-07 07:45:00,2019,9,7,7,45,94,94047,PAUL DOUMER (R),48.70413,2.53373,Crépuscule ou aube,En agglomération,Intersection en Y,Normale,Deux véhicules - côté,4,2,2,0,1,1,1,0,1,50,2,2,1,0,0,1,46.0,25.0,utilitaire_camion,voiture,2,2,4,1,3
201900026445,2019-09-06 12:40:00,2019,9,6,12,40,94,94075,GUE (R DU),48.72765,2.54526,Plein jour,Hors agglomération,Hors intersection,Normale,Trois véhicules et plus - en chaîne,2,2,2,0,2,1,1,0,1,80,5,5,2,0,0,3,38.0,21.0,utilitaire_camion,utilitaire_camion,1,1,1,1,4
201900026446,2019-09-06 07:10:00,2019,9,6,7,10,94,94048,NATIONALE 19,48.73902,2.51623,Plein jour,Hors agglomération,Hors intersection,Normale,Trois véhicules et plus - en chaîne,2,3,4,0,1,1,1,8,1,50,3,3,1,0,0,2,29.0,40.0,voiture,voiture,1,1,1,1,4
201900026447,2019-09-06 19:30:00,2019,9,6,19,30,93,93078,BALLANGER (BD ROBERT),48.96039,2.55556,Plein jour,En agglomération,Hors intersection,Normale,Autre collision,3,2,2,0,1,1,1,0,1,30,1,2,1,0,0,1,22.0,,voiture,,1,2,1,1,6
201900026448,2019-09-05 10:45:00,2019,9,5,10,45,93,93073,CHAPIT RE ( RUE DU),49.011,2.558,Plein jour,Hors agglomération,Autre intersection,Normale,Deux véhicules - arrière,9,1,2,0,1,1,1,0,1,70,2,2,0,0,0,2,33.0,33.0,voiture,voiture,1,1,9,1,2
201900026449,2019-09-05 20:30:00,2019,9,5,20,30,93,93070,REPUBLIQUE (PL DE LA),48.9122,2.3342,Plein jour,En agglomération,Place,Normale,Autre collision,3,1,4,3,1,1,1,0,1,50,1,2,1,0,0,1,18.0,,deux_roues,,1,2,7,1,6
201900026450,2019-09-07 21:00:00,2019,9,7,21,0,93,93066,LENINE (AVENUE) NR 2 A 26,48.94351,2.36271,Nuit avec éclairage allumé,En agglomération,Hors intersection,Normale,Deux véhicules - arrière,3,2,2,0,2,1,1,0,2,50,2,2,1,0,0,1,34.0,21.0,voiture,voiture,5,2,1,1,2
201900026451,2019-09-05 09:45:00,2019,9,5,9,45,93,93070,REPUBLIQUE (PL DE LA),48.91223,2.33373,Plein jour,En agglomération,Hors intersection,Normale,Autre collision,3,1,2,0,1,1,1,0,1,30,1,2,1,0,0,1,43.0,,voiture,,1,2,1,1,6
201900026452,2019-09-04 18:35:00,2019,9,4,18,35,93,93066,"""LANDY RD 20, NR IMPAIRS 146 A 254""",48.91467,2.34806,Plein jour,En agglomération,Hors intersection,Normale,Deux véhicules - côté,3,2,3,0,1,1,1,0,1,50,2,3,1,0,0,2,40.0,32.0,voiture,deux_roues,1,2,1,1,3
201900026453,2019-09-06 11:40:00,2019,9,6,11,40,93,93048,PAUL SIGNAC (AVENUE),48.869322,2.450401,Plein jour,En agglomération,Hors intersection,Normale,Trois véhicules et plus - collisions multiples,4,2,0,0,1,1,1,0,1,50,3,3,2,0,0,1,66.0,66.0,voiture,voiture,1,2,1,1,5
201900026454,2019-09-05 15:00:00,2019,9,5,15,0,93,93048,GABRIEL PERI S2 (AVENUE),48.8575,2.44,Plein jour,En agglomération,Intersection en X,Normale,Deux véhicules - côté,4,1,2,0,1,1,1,0,1,50,2,2,1,0,0,1,54.0,30.0,deux_roues,voiture,1,2,2,1,3
201900026455,2019-09-07 09:30:00,2019,9,7,9,30,93,93046,CONSUL GENERAL NORDLING AVENUE,48.91618,2.53074,Plein jour,En agglomération,Intersection en X,Normale,Deux véhicules - côté,3,2,4,0,1,1,2,5,1,50,2,2,1,0,0,1,28.0,43.0,deux_roues,voiture,1,2,2,1,3
201900026456,2019-09-06 15:10:00,2019,9,6,15,10,93,93046,CAMILLE DESMOULINS AVENUE,48.91209,2.52318,Plein jour,En agglomération,Hors intersection,Normale,Deux véhicules - arrière,3,3,4,0,1,1,1,0,1,50,2,2,1,0,0,1,51.0,22.0,deux_roues,utilitaire_camion,1,2,1,1,2
201900026457,2019-09-06 12:50:00,2019,9,6,12,50,93,93046,JEAN MOULIN BOULEVARD,48.91206,2.51405,Plein jour,En agglomération,Autre intersection,Normale,Sans collision,9,2,2,0,1,1,1,6,1,50,1,2,1,0,0,1,71.0,,voiture,,1,2,9,1,7
201900026458,2019-09-06 10:35:00,2019,9,6,10,35,93,93029,JEAN JAURES (AVENUE) N°,48.91969,2.4517,Plein jour,En agglomération,Hors intersection,Normale,Deux véhicules - côté,3,2,1,0,1,1,1,0,1,50,2,2,1,0,0,1,28.0,27.0,voiture,voiture,1,2,1,1,3
201900026459,2019-09-07 15:21:00,2019,9,7,15,21,93,93027,ROSNY (AVENUE DE) N° 56 A 242,48.9296,2.3774,Plein jour,En agglomération,Hors intersection,Normale,Autre collision,4,2,2,0,1,1,1,0,3,50,1,2,1,0,0,1,32.0,,voiture,,1,2,1,1,6
201900026460,2019-09-05 16:40:00,2019,9,5,16,40,93,93013,LECLERC (AVENU DE LA DIVISION),48.9323,2.4234,Plein jour,En agglomération,Hors intersection,Normale,Deux véhicules - arrière,3,3,4,0,1,1,1,5,1,50,2,3,2,0,0,1,37.0,23.0,utilitaire_camion,utilitaire_camion,1,2,1,1,2
201900026461,2019-09-07 16:55:00,2019,9,7,16,55,93,93010,GALLIENI (AV.) DE 1 A 109,48.90657,2.484897,Plein jour,En agglomération,Hors intersection,Normale,Deux véhicules - côté,3,1,3,0,1,1,1,0,1,50,2,2,1,0,0,1,29.0,49.0,voiture,voiture,1,2,1,1,3
201900026462,2019-09-06 07:45:00,2019,9,6,7,45,93,93010,GUESDES (RUE JULES),48.90327,2.47984,Crépuscule ou aube,En agglomération,Hors intersection,Normale,Autre collision,3,2,3,0,1,1,1,0,1,50,1,2,1,0,1,0,50.0,,deux_roues,,2,2,1,1,6
201900026463,2019-06-27 08:58:00,2019,6,27,8,58,92,92076,REPUBLIQUE,48.8377738,2.1580587,Plein jour,En agglomération,Hors intersection,Normale,Deux véhicules - côté,3,2,4,0,1,1,1,0,1,50,2,2,1,0,0,1,37.0,29.0,deux_roues,voiture,1,2,1,1,3
201900026464,2019-06-27 08:50:00,2019,6,27,8,50,92,92033,DIX NEUF JANVIER,48.851166,2.192801,Plein jour,En agglomération,Hors intersection,Normale,Autre collision,4,2,2,0,1,1,1,0,1,50,2,2,1,0,0,1,63.0,32.0,voiture,deux_roues,1,2,1,1,6
201900026465,2019-06-26 08:10:00,2019,6,26,8,10,92,92063,CASANOVA (RUE DANIELLE),48.87731,2.176,Plein jour,En agglomération,Hors intersection,Normale,Deux véhicules - arrière,4,1,1,0,1,1,1,0,1,50,2,2,1,0,0,1,47.0,18.0,voiture,deux_roues,1,2,1,1,2
201900026466,2019-06-28 20:35:00,2019,6,28,20,35,92,92051,"VILLIERS (RUE DE, N° 59 BIS A 91)",48.89355,2.27609,Plein jour,En agglomération,Intersection en X,Normale,Autre collision,4,2,3,0,1,1,1,0,1,50,2,2,1,0,0,1,28.0,48.0,deux_roues,voiture,1,2,2,1,6
201900026467,2019-06-28 09:02:00,2019,6,28,9,2,92,92051,"VICTOR HUGO (BOULEVARD, N° 51 A 75 ET 62",48.89537,2.27766,Plein jour,En agglomération,Hors intersection,Normale,Autre collision,4,2,2,0,1,1,1,0,1,50,1,2,1,0,0,1,48.0,,deux_roues,,1,2,1,1,6
201900026468,2019-06-27 10:34:00,2019,6,27,10,34,92,92051,"CHARLES DE GAULLE (AVENUE, N° 18 A 116)",48.88273,2.26806,Plein jour,En agglomération,Hors intersection,Temps éblouissant,Deux véhicules - arrière,2,1,3,0,1,1,1,0,1,50,2,2,1,0,0,1,26.0,36.0,utilitaire_camion,deux_roues,1,2,1,7,2
201900026469,2019-06-25 18:40:00,2019,6,25,18,40,92,92050,RD 914,48.8965509,2.2312089,Plein jour,En agglomération,Hors intersection,Normale,Deux véhicules - arrière,3,1,3,0,1,1,1,0,1,70,2,3,1,0,0,2,28.0,53.0,deux_roues,voiture,1,2,1,1,2
201900026470,2019-06-24 13:15:00,2019,6,24,13,15,92,92050,RENAN ERNEST RUE,48.896171,2.188666,Plein jour,En agglomération,Hors intersection,Normale,Deux véhicules - frontale,4,2,2,0,1,1,1,0,1,50,2,2,1,0,0,1,35.0,32.0,voiture,deux_roues,1,2,1,1,1
201900026471,2019-06-24 10:00:00,2019,6,24,10,0,92,92048,PARIS (RUE DE) N° 12 A 164,48.81458,2.2468,Plein jour,En agglomération,Hors intersection,Normale,Sans collision,4,2,2,0,2,1,1,0,1,30,1,1,0,0,0,1,55.0,,deux_roues,,1,2,1,1,7
201900026472,2019-06-28 19:45:00,2019,6,28,19,45,92,92040,MARECHAL JUIN (PLACE),48.82523,2.26771,Plein jour,En agglomération,Place,Normale,Deux véhicules - côté,4,2,2,0,1,1,1,9,1,50,2,3,1,0,0,2,39.0,31.0,deux_roues,voiture,1,2,7,1,3
201900026473,2019-06-27 11:00:00,2019,6,27,11,0,92,92062,DELARIVIERE LEFOULLON (RUE),48.8873,2.2435,Plein jour,En agglomération,Hors intersection,Temps éblouissant,Deux véhicules - arrière,9,1,3,0,2,1,1,0,1,50,2,2,0,0,0,2,30.0,47.0,voiture,voiture,1,2,1,7,2
201900026474,2019-06-28 11:50:00,2019,6,28,11,50,92,92026,DIEPPE,48.89992,2.23964,Plein jour,En agglomération,Hors intersection,Normale,Autre collision,4,1,1,0,1,1,1,0,1,50,2,2,1,0,0,1,60.0,47.0,voiture,voiture,1,2,1,1,6
201900026475,2019-06-26 17:30:00,2019,6,26,17,30,92,92026,GAMBETTA,48.893467,2.246852,Plein jour,En agglomération,Hors intersection,Normale,Autre collision,4,2,4,0,1,1,1,0,1,30,1,2,1,0,0,1,38.0,,utilitaire_camion,,1,2,1,1,6
201900026476,2019-06-29 11:40:00,2019,6,29,11,40,92,92012,JEAN JAURES (BOULEVARD) 1/61 - COTE IMPA,48.84331,2.23782,Plein jour,En agglomération,Hors intersection,Normale,Autre collision,3,2,2,0,1,1,1,0,1,50,1,2,1,0,0,1,68.0,,deux_roues,,1,2,1,1,6
201900026477,2019-06-28 14:25:00,2019,6,28,14,25,92,92012,SILLY (RUE DE) 1/87 - 2/88,48.83777,2.23224,Plein jour,En agglomération,Hors intersection,Normale,Autre collision,4,2,2,0,1,1,1,0,1,50,2,3,1,0,1,1,44.0,36.0,voiture,deux_roues,1,2,1,1,6
201900026478,2019-06-28 02:30:00,2019,6,28,2,30,92,92012,POINT DU JOUR (QUAI DU),48.83165,2.25801,Nuit avec éclairage allumé,En agglomération,Intersection en X,Normale,Deux véhicules - côté,3,1,2,0,1,1,1,0,1,50,2,2,1,0,0,1,47.0,40.0,deux_roues,voiture,5,2,2,1,3
201900026479,2019-06-28 09:15:00,2019,6,28,9,15,92,92007,MEUNIERS (RUE DES),48.79778,2.31591,Plein jour,En agglomération,Intersection en T,Normale,Trois véhicules et plus - collisions multiples,4,2,2,0,1,1,1,0,1,50,4,4,3,0,0,1,30.0,56.0,voiture,voiture,1,2,3,1,5
201900026480,2019-06-27 07:55:00,2019,6,27,7,55,92,92009,CHARLES-DE-GAULLE ( AVENUE ),48.91711,2.27321,Plein jour,En agglomération,Hors intersection,Normale,Deux véhicules - côté,3,1,2,0,1,1,1,0,1,50,2,2,1,0,0,1,29.0,26.0,voiture,deux_roues,1,2,1,1,3
201900026481,2019-06-22 17:38:00,2019,6,22,17,38,54,54180,RD80,48.736088,6.400544,Plein jour,Hors agglomération,Hors intersection,Normale,Sans collision,3,2,2,0,1,1,1,0,1,80,1,1,0,0,0,1,23.0,,voiture,,1,1,1,1,7
201900026482,2019-06-30 07:30:00,2019,6,30,7,30,8,08362,Rue Pierre Curie,49.509792,4.364752,Plein jour,En agglomération,Hors intersection,Normale,Autre collision,3,2,2,0,1,1,1,0,1,50,1,2,1,0,1,0,49.0,,voiture,,1,2,1,1,6
201900026483,2019-06-28 10:55:00,2019,6,28,10,55,62,62550,Rue du Grand Marais,50.373028,2.023034,Plein jour,En agglomération,Hors intersection,Normale,Deux véhicules - arrière,6,-1,2,0,1,1,1,0,8,30,2,2,1,0,0,1,54.0,52.0,deux_roues,voiture,1,2,1,1,2