accident_id,datetime,annee,mois,jour,heure,minute,departement,commune_insee,adresse,latitude,longitude,luminosite,agglomeration,intersection,meteo,collision,catr,circ,nbv,vosp,prof,plan,surf,infra,situ,vma,nb_vehicules,nb_usagers,nb_indemnes,nb_tues,nb_blesses_hosp,nb_blesses_legers,age_cond_1,age_cond_2,veh_type_cond_1,veh_type_cond_2,lum_code,agg_code,int_code,atm_code,col_code
201900026484,2019-06-27 14:00:00,2019,6,27,14,0,38,38425,60 Rue Anne Frank,45.390058,4.776752,Plein jour,En agglomération,Hors intersection,Normale,Autre collision,4,2,2,0,1,1,1,0,1,30,1,3,1,0,1,1,80.0,,voiture,,1,2,1,1,6
201900026485,2019-05-26 22:15:00,2019,5,26,22,15,38,38199,La tour de montléand,45.495962,4.907952,Nuit sans éclairage public,En agglomération,Hors intersection,Normale,Autre collision,3,2,2,0,1,1,1,0,3,80,1,1,0,0,1,0,69.0,,voiture,,3,2,1,1,6
201900026486,2019-06-29 06:05:00,2019,6,29,6,5,6,06054,3 Avenue Jean Moulin,43.749212,7.320277,Crépuscule ou aube,En agglomération,Intersection en T,Normale,Deux véhicules - côté,3,2,2,0,1,1,1,0,1,50,2,2,1,0,1,0,54.0,32.0,deux_roues,voiture,2,2,3,1,3
201900026487,2019-06-22 20:54:00,2019,6,22,20,54,6,06060,Route de l'Iera,43.749078,7.278242,Plein jour,En agglomération,Hors intersection,Normale,Autre collision,6,-1,0,0,1,1,1,0,1,-1,1,2,1,0,1,0,58.0,,voiture,,1,2,1,1,6
201900026488,2019-06-30 02:45:00,2019,6,30,2,45,52,52535,RD65 PK48+800,48.1025212,5.0645524,Nuit sans éclairage public,Hors agglomération,Hors intersection,Normale,Autre collision,3,2,2,0,1,1,1,0,1,70,1,1,0,0,1,0,47.0,,voiture,,3,1,1,1,6
201900026489,2019-06-28 23:15:00,2019,6,28,23,15,68,68112,D430,47.915283,7.208315,Nuit avec éclairage allumé,En agglomération,Hors intersection,Normale,Deux véhicules - frontale,3,2,2,0,1,1,1,0,1,50,2,4,3,0,0,1,74.0,28.0,voiture,voiture,5,2,1,1,1
201900026490,2019-06-30 20:25:00,2019,6,30,20,25,76,76392,Route de Fresnoy Folny,49.8361,1.399547,Plein jour,Hors agglomération,Hors intersection,Normale,Autre collision,3,2,2,0,2,4,1,0,3,80,1,1,0,0,1,0,20.0,,voiture,,1,1,1,1,6
201900026491,2019-06-28 07:10:00,2019,6,28,7,10,988,98812,RT1/Hors réseau,-20.60162,164.31924,Plein jour,Hors agglomération,Intersection en T,Normale,Deux véhicules - arrière,2,2,2,0,1,1,1,0,1,110,2,6,4,0,0,2,25.0,39.0,voiture,voiture,1,1,3,1,2
201900026492,2019-06-29 00:45:00,2019,6,29,0,45,31,31480,D54,43.546661,1.585533,Nuit sans éclairage public,Hors agglomération,Hors intersection,Normale,Deux véhicules - côté,3,2,2,0,2,1,1,0,3,70,2,6,4,1,1,0,24.0,18.0,voiture,voiture,3,1,1,1,3
201900026493,2019-06-26 15:30:00,2019,6,26,15,30,67,67084,RD 253,48.3445461,7.3826266,Plein jour,Hors agglomération,Intersection en Y,Normale,Deux véhicules - frontale,3,2,1,0,2,1,1,0,1,-1,2,2,0,0,1,1,20.0,36.0,utilitaire_camion,utilitaire_camion,1,1,4,1,1
201900026494,2019-06-29 22:00:00,2019,6,29,22,0,974,97404,Sentier des Citronniers,-21.26023,55.35988,Nuit avec éclairage allumé,En agglomération,Hors intersection,Normale,Autre collision,5,-1,2,0,1,1,1,0,1,-1,1,3,2,0,1,0,38.0,,voiture,,5,2,1,1,6
201900026495,2019-06-28 18:45:00,2019,6,28,18,45,972,97221,RN5,14.532383,-60.983114,Nuit avec éclairage allumé,En agglomération,Giratoire,Normale,Autre collision,2,3,4,0,1,3,1,6,8,70,1,2,1,0,0,1,76.0,,voiture,,5,2,6,1,6
201900026496,2019-06-28 14:45:00,2019,6,28,14,45,63,63163,D204,45.7675828,2.744447,Plein jour,Hors agglomération,Hors intersection,Normale,Deux véhicules - frontale,3,2,2,0,1,1,1,0,1,80,2,2,1,0,1,0,74.0,36.0,deux_roues,voiture,1,1,1,1,1
201900026497,2019-06-29 12:30:00,2019,6,29,12,30,52,52519,A31PK 86,47.6813081,5.1787881,Plein jour,Hors agglomération,Hors intersection,Normale,Deux véhicules - arrière,1,3,5,0,2,1,1,0,1,130,2,3,1,0,0,2,42.0,85.0,utilitaire_camion,voiture,1,1,1,1,2
201900026498,2019-06-30 10:50:00,2019,6,30,10,50,1,01021,D904,45.997678,4.832301,Plein jour,Hors agglomération,Hors intersection,Normale,Deux véhicules - côté,3,2,2,0,4,1,1,0,1,80,2,2,1,0,0,1,42.0,50.0,utilitaire_camion,deux_roues,1,1,1,1,3
201900026499,2019-06-28 20:40:00,2019,6,28,20,40,1,01238,983 Route de Civrieux,45.909727,4.835764,Plein jour,En agglomération,Hors intersection,Normale,Sans collision,3,2,2,0,1,3,1,0,1,50,1,1,0,0,1,0,16.0,,deux_roues,,1,2,1,1,7
201900026500,2019-06-29 04:45:00,2019,6,29,4,45,1,01194,avenue de la dombe,45.985968,4.757371,Crépuscule ou aube,En agglomération,Intersection en X,Normale,Deux véhicules - côté,3,-1,1,0,1,1,1,0,1,50,2,2,1,0,0,1,27.0,46.0,voiture,voiture,2,2,2,1,3
201900026501,2019-06-02 06:25:00,2019,6,2,6,25,67,67520,route départementale 25,48.6561573,7.4668211,Crépuscule ou aube,Hors agglomération,Hors intersection,Normale,Autre collision,3,2,2,0,1,1,1,0,3,80,1,1,0,0,1,0,27.0,,voiture,,2,1,1,1,6
201900026502,2019-06-20 21:00:00,2019,6,20,21,0,19,19248,A20 - PR 234+980 - sens BRIVE / LIMOGES,45.448675,1.509154,Crépuscule ou aube,Hors agglomération,Autre intersection,Normale,Autre collision,1,2,2,0,2,3,9,8,6,50,1,1,0,0,0,1,72.0,,deux_roues,,2,1,9,1,6
201900026503,2019-06-28 12:25:00,2019,6,28,12,25,6,06033,M6202 BIS,43.792685,7.207071,Plein jour,Hors agglomération,Hors intersection,Temps éblouissant,Deux véhicules - frontale,7,2,2,0,1,1,1,0,1,80,2,2,0,0,0,2,29.0,22.0,voiture,voiture,1,1,1,7,1
201900026504,2019-06-27 14:00:00,2019,6,27,14,0,62,62233,77 rue de la Mairie,50.363717,1.665019,Plein jour,En agglomération,Hors intersection,Normale,Deux véhicules - côté,3,2,2,0,1,1,1,0,1,50,2,2,1,0,1,0,48.0,42.0,deux_roues,voiture,1,2,1,1,3
201900026505,2019-06-28 12:15:00,2019,6,28,12,15,26,26009,D1,45.240951,4.806162,Plein jour,En agglomération,Hors intersection,Normale,Trois véhicules et plus - collisions multiples,3,2,2,0,1,1,1,2,1,50,3,3,1,0,0,2,65.0,24.0,voiture,voiture,1,2,1,1,5
201900026506,2019-06-29 10:40:00,2019,6,29,10,40,83,83019,Route du Dom,43.197303,6.393243,Plein jour,Hors agglomération,Hors intersection,Normale,Autre collision,3,2,2,0,1,1,1,2,3,80,1,1,0,0,0,1,31.0,,voiture,,1,1,1,1,6
201900026507,2019-06-30 08:00:00,2019,6,30,8,0,48,48099,A75 PK 161+200 Nord Sud,44.512596,3.241509,Plein jour,Hors agglomération,Autre intersection,Normale,Autre collision,1,3,4,0,2,1,1,0,2,130,1,2,1,0,1,0,25.0,,voiture,,1,1,9,1,6
201900026508,2019-06-28 00:25:00,2019,6,28,0,25,34,34114,A750,43.650061,3.542628,Nuit sans éclairage public,Hors agglomération,Hors intersection,Normale,Autre collision,1,3,4,0,4,3,1,3,1,130,2,2,1,0,0,1,35.0,62.0,voiture,voiture,3,1,1,1,6
201900026509,2019-06-26 14:40:00,2019,6,26,14,40,58,58303,A77,47.028383,3.163974,Plein jour,Hors agglomération,Hors intersection,Normale,Deux véhicules - arrière,1,2,2,0,2,1,1,0,1,130,2,2,1,0,0,1,20.0,30.0,voiture,utilitaire_camion,1,1,1,1,2
201900026510,2019-06-29 20:30:00,2019,6,29,20,30,30,30143,Trescouvieux,44.295847,4.525707,Plein jour,Hors agglomération,Hors intersection,Normale,Sans collision,3,2,2,0,2,4,1,0,8,-1,1,3,0,0,1,2,24.0,,voiture,,1,1,1,1,7
201900026511,2019-06-29 19:04:00,2019,6,29,19,4,62,62113,ROUTE DÉPARTEMENTALE 939,50.34962,2.534211,Plein jour,Hors agglomération,Hors intersection,Normale,Deux véhicules - côté,3,2,2,0,1,1,1,0,1,80,2,3,1,1,0,1,58.0,22.0,voiture,voiture,1,1,1,1,3
201900026512,2019-06-29 06:15:00,2019,6,29,6,15,30,30225,d6,44.162947,4.562535,Crépuscule ou aube,Hors agglomération,Hors intersection,Normale,Autre collision,3,2,2,0,1,1,1,0,3,80,1,1,0,0,1,0,45.0,,voiture,,2,1,1,1,6
201900026513,2019-06-30 15:07:00,2019,6,30,15,7,77,77069,D64 X CHEMIN RURAL,48.4545641,2.6048491,Plein jour,Hors agglomération,Intersection en T,Normale,Deux véhicules - côté,3,2,2,0,2,1,1,0,1,70,2,3,2,0,0,1,24.0,37.0,voiture,deux_roues,1,1,3,1,3
201900026514,2019-06-29 22:30:00,2019,6,29,22,30,74,74263,Route de Prailles,46.318838,6.354577,Nuit sans éclairage public,Hors agglomération,Hors intersection,Normale,Autre collision,4,2,2,0,1,3,1,0,1,50,1,2,1,0,1,0,20.0,,voiture,,3,1,1,1,6
201900026515,2019-06-05 10:00:00,2019,6,5,10,0,74,74043,210 Avenue du Leman,46.265699,6.373164,Plein jour,En agglomération,Hors intersection,Normale,Autre collision,3,2,2,0,1,1,1,0,1,50,1,2,1,0,1,0,41.0,,voiture,,1,2,1,1,6
201900026516,2019-06-29 14:00:00,2019,6,29,14,0,35,35326,La Lande de Prince,48.295662,-1.562913,Plein jour,Hors agglomération,Hors intersection,Temps éblouissant,Deux véhicules - frontale,3,2,2,0,1,1,1,0,1,80,2,4,0,0,3,1,61.0,35.0,voiture,voiture,1,1,1,7,1
201900026517,2019-06-30 10:45:00,2019,6,30,10,45,57,57334,D45,48.676966,7.177065,Plein jour,Hors agglomération,Hors intersection,Normale,Sans collision,3,2,2,0,2,3,9,0,1,80,1,1,0,0,1,0,48.0,,deux_roues,,1,1,1,1,7
201900026518,2019-06-30 12:00:00,2019,6,30,12,0,57,57003,"route du donon, RD-44, PK=17+900",48.628207,7.124051,Plein jour,En agglomération,Hors intersection,Normale,Deux véhicules - côté,3,2,2,0,2,3,1,0,1,50,2,2,0,1,0,1,42.0,53.0,deux_roues,voiture,1,2,1,1,3
201900026519,2019-06-28 21:25:00,2019,6,28,21,25,57,57530,Rue de la Chapelle,49.20817,6.525955,Plein jour,En agglomération,Hors intersection,Normale,Sans collision,4,2,2,0,1,1,1,0,4,50,1,1,0,1,0,0,64.0,,deux_roues,,1,2,1,1,7
201900026520,2019-06-29 13:00:00,2019,6,29,13,0,4,04033,RD 900,44.446227,6.3940786,Plein jour,Hors agglomération,Hors intersection,Normale,Autre collision,3,2,2,0,2,4,1,9,3,80,1,1,0,0,1,0,49.0,,deux_roues,,1,1,1,1,6
201900026521,2019-06-06 17:50:00,2019,6,6,17,50,51,51225,RUE DE LA GARENNE,49.191938,3.965264,Plein jour,Hors agglomération,Hors intersection,Normale,Deux véhicules - côté,4,2,2,0,1,1,1,0,1,80,2,3,2,0,1,0,34.0,40.0,deux_roues,voiture,1,1,1,1,3
201900026522,2019-06-28 22:40:00,2019,6,28,22,40,59,59382,intersection D932- D15,50.045497,3.418421,Nuit avec éclairage allumé,En agglomération,Intersection en X,Normale,Deux véhicules - côté,3,2,2,0,1,1,1,5,1,50,2,5,1,0,1,3,35.0,34.0,voiture,voiture,5,2,2,1,3
201900026523,2019-06-28 14:30:00,2019,6,28,14,30,59,59663,"22 avenue du maréchal leclerc, 5947",50.879864,2.468166,Plein jour,En agglomération,Hors intersection,Normale,Deux véhicules - côté,3,-1,2,2,1,1,1,0,1,50,2,2,1,0,0,1,80.0,61.0,voiture,voiture,1,2,1,1,3
201900026524,2019-06-28 12:45:00,2019,6,28,12,45,59,59094,Route du Guindal,50.941774,2.168103,Plein jour,Hors agglomération,Hors intersection,Normale,Deux véhicules - frontale,3,2,2,0,1,1,1,0,1,80,2,2,0,0,2,0,71.0,62.0,voiture,voiture,1,1,1,1,1
201900026525,2019-06-29 11:00:00,2019,6,29,11,0,76,76490,CD 50,49.728137,0.607318,Plein jour,En agglomération,Giratoire,Normale,Autre collision,3,2,2,0,1,1,1,9,1,50,1,2,1,0,0,1,29.0,,voiture,,1,2,6,1,6
201900026526,2019-06-28 07:25:00,2019,6,28,7,25,76,76621,D 928,49.650288,1.307827,Plein jour,Hors agglomération,Hors intersection,Normale,Autre collision,3,2,3,0,2,1,1,0,1,50,1,2,1,0,0,1,71.0,,utilitaire_camion,,1,1,1,1,6
201900026527,2019-06-27 14:30:00,2019,6,27,14,30,79,79016,,46.789985,-0.127502,Plein jour,Hors agglomération,Hors intersection,Normale,Autre collision,3,2,2,0,2,3,1,0,3,80,1,1,0,0,1,0,19.0,,voiture,,1,1,1,1,6
201900026528,2019-06-27 18:30:00,2019,6,27,18,30,79,79253,Le Logis de Salette,46.484582,-0.261956,Plein jour,Hors agglomération,Hors intersection,Normale,Autre collision,3,2,2,0,2,3,1,0,3,80,1,1,0,0,1,0,32.0,,utilitaire_camion,,1,1,1,1,6
201900026529,2019-06-27 19:15:00,2019,6,27,19,15,79,79195,70 chemin de la chausseraie,46.959112,-0.588328,Plein jour,En agglomération,Intersection en T,Normale,Deux véhicules - côté,4,2,2,0,1,1,1,0,1,50,2,3,1,0,1,1,15.0,70.0,deux_roues,voiture,1,2,3,1,3
201900026530,2019-06-15 13:55:00,2019,6,15,13,55,2A,2A271,Pernicaggio,41.9520535,8.8049488,Plein jour,En agglomération,Hors intersection,Normale,Deux véhicules - arrière,3,2,2,0,4,1,1,0,1,50,2,2,1,0,0,1,52.0,18.0,deux_roues,deux_roues,1,2,1,1,2
201900026531,2019-06-30 15:05:00,2019,6,30,15,5,2B,2B049,route départementale 151,42.531919,8.826764,Plein jour,Hors agglomération,Giratoire,Temps éblouissant,Autre collision,3,2,2,0,1,3,1,9,4,80,1,1,0,0,1,0,47.0,,deux_roues,,1,1,6,7,6
201900026532,2019-06-28 22:45:00,2019,6,28,22,45,80,80413,D15,49.902472,3.072323,Nuit sans éclairage public,Hors agglomération,Hors intersection,Normale,Deux véhicules - frontale,3,2,2,0,1,2,1,0,1,80,2,4,0,0,2,2,45.0,23.0,voiture,voiture,3,1,1,1,1
201900026533,2019-06-30 12:05:00,2019,6,30,12,5,80,80588,Rue des Croisettes,50.128912,1.899266,Plein jour,En agglomération,Intersection en Y,Normale,Deux véhicules - côté,3,2,2,0,1,1,1,0,1,50,2,2,1,1,0,0,43.0,20.0,deux_roues,voiture,1,2,4,1,3
201900026534,2019-06-28 18:40:00,2019,6,28,18,40,80,80260,Rue de Brutelette,50.142555,1.870963,Plein jour,En agglomération,Hors intersection,Normale,Autre collision,3,2,2,0,2,2,1,0,3,50,1,2,0,0,1,1,56.0,,deux_roues,,1,2,1,1,6
201900026535,2019-06-28 13:30:00,2019,6,28,13,30,41,41185,"Entrée de l'aire de Romorantin, PK 176, atoroute A85",47.322519,1.670714,Plein jour,Hors agglomération,Hors intersection,Temps éblouissant,Sans collision,1,1,1,0,2,3,1,3,8,50,1,1,0,0,1,0,20.0,,voiture,,1,1,1,7,7
201900026536,2019-06-28 16:30:00,2019,6,28,16,30,33,33540,D101 - Route d'Hourtin - Lieu-dit BERGANTON,45.30632,-1.07293,Plein jour,Hors agglomération,Hors intersection,Normale,Deux véhicules - arrière,3,2,2,0,1,1,1,0,1,80,2,2,0,0,0,2,52.0,50.0,deux_roues,deux_roues,1,1,1,1,2
201900026537,2019-06-29 11:54:00,2019,6,29,11,54,33,33540,Boulevard de Lattre de Tassigny,45.376666,-1.1503,Plein jour,En agglomération,Intersection en X,Temps couvert,Deux véhicules - côté,4,2,2,0,1,1,1,0,1,50,2,3,1,0,1,1,55.0,21.0,deux_roues,voiture,1,2,2,8,3
201900026538,2019-06-26 16:20:00,2019,6,26,16,20,33,33272,D18,45.06705,-0.36552,Plein jour,Hors agglomération,Hors intersection,Normale,Deux véhicules - frontale,3,2,2,0,1,4,1,0,1,80,2,2,1,0,1,0,50.0,47.0,voiture,deux_roues,1,1,1,1,1
201900026539,2019-06-28 13:30:00,2019,6,28,13,30,33,33236,CD106 LE FOUR,44.73073,-1.19606,Plein jour,En agglomération,Hors intersection,Normale,Deux véhicules - frontale,3,2,4,2,1,3,1,0,1,70,2,2,1,0,1,0,31.0,70.0,utilitaire_camion,voiture,1,2,1,1,1
201900026540,2019-06-30 00:15:00,2019,6,30,0,15,81,81289,avenue de la gare,43.5499377,2.1178032,Nuit avec éclairage allumé,En agglomération,Intersection en T,Normale,Autre collision,3,2,2,0,1,1,1,0,1,50,1,2,1,0,1,0,19.0,,voiture,,5,2,3,1,6
201900026541,2019-06-30 03:45:00,2019,6,30,3,45,32,32158,départementale 953,43.930272,0.729713,Nuit sans éclairage public,Hors agglomération,Hors intersection,Pluie légère,Sans collision,3,2,2,0,2,4,1,0,3,80,1,1,0,0,1,0,45.0,,voiture,,3,1,1,2,7
201900026542,2019-06-28 13:20:00,2019,6,28,13,20,11,11106,Avenue de Toulouse,43.230622,3.053149,Plein jour,En agglomération,Hors intersection,Normale,Deux véhicules - arrière,3,1,3,0,1,1,1,0,1,50,2,2,1,0,0,1,42.0,30.0,deux_roues,utilitaire_camion,1,2,1,1,2
201900026543,2019-06-30 11:00:00,2019,6,30,11,0,11,11367,RD 629 - PR 3 + 0,43.360337,2.167745,Plein jour,Hors agglomération,Hors intersection,Normale,Deux véhicules - frontale,3,2,2,0,1,4,1,0,1,80,2,5,4,0,1,0,41.0,74.0,deux_roues,voiture,1,1,1,1,1
201900026544,2019-06-28 22:30:00,2019,6,28,22,30,71,71187,Grand Monetois,46.765902,4.513893,Nuit sans éclairage public,Hors agglomération,Hors intersection,Normale,Sans collision,4,2,2,0,2,3,1,0,3,80,1,2,0,0,1,1,19.0,,voiture,,3,1,1,1,7
201900026545,2019-06-29 11:45:00,2019,6,29,11,45,89,89464,Chemin des Ligaults,48.076651,3.266424,Plein jour,En agglomération,Hors intersection,Normale,Autre collision,4,2,1,0,1,3,1,0,3,50,1,1,0,0,1,0,28.0,,voiture,,1,2,1,1,6
201900026546,2019-06-28 11:30:00,2019,6,28,11,30,89,89273,routre départementale 955,47.6010124,3.1958628,Plein jour,Hors agglomération,Hors intersection,Normale,Deux véhicules - frontale,3,2,2,0,1,1,1,0,1,80,2,3,0,2,1,0,80.0,22.0,voiture,voiture,1,1,1,1,1
201900026547,2019-05-27 06:30:00,2019,5,27,6,30,89,89283,Chastenay,47.6653223,3.382625,Crépuscule ou aube,Hors agglomération,Hors intersection,Pluie légère,Deux véhicules - côté,3,2,2,0,4,1,2,0,1,80,2,2,1,0,1,0,32.0,74.0,deux_roues,transport_commun,2,1,1,2,3
201900026548,2019-06-29 07:15:00,2019,6,29,7,15,63,63432,RD 210,45.9631976,3.2577839,Plein jour,Hors agglomération,Hors intersection,Normale,Deux véhicules - frontale,3,2,2,0,3,1,1,0,1,80,2,2,0,0,2,0,39.0,29.0,voiture,voiture,1,1,1,1,1
201900026549,2019-06-28 15:00:00,2019,6,28,15,0,63,63192,d129,45.562231,2.705819,Plein jour,Hors agglomération,Hors intersection,Normale,Deux véhicules - arrière,3,2,2,0,2,1,1,0,1,80,2,3,2,0,0,1,46.0,16.0,voiture,deux_roues,1,1,1,1,2
201900026550,2019-06-30 16:25:00,2019,6,30,16,25,61,61429,RN12,48.645925,0.753917,Plein jour,Hors agglomération,Hors intersection,Normale,Deux véhicules - frontale,2,2,2,0,1,1,1,0,1,80,2,2,0,0,2,0,44.0,48.0,utilitaire_camion,voiture,1,1,1,1,1
201900026551,2019-06-27 15:30:00,2019,6,27,15,30,12,12120,Route nationale 88,44.370385,2.841861,Plein jour,Hors agglomération,Hors intersection,Normale,Trois véhicules et plus - collisions multiples,2,2,2,0,1,1,1,0,1,80,3,4,1,0,3,0,80.0,64.0,voiture,voiture,1,1,1,1,5
201900026552,2019-06-04 20:15:00,2019,6,4,20,15,12,12008,Route de la Bonaurie,44.431785,2.255636,Crépuscule ou aube,Hors agglomération,Hors intersection,Normale,Deux véhicules - côté,4,2,2,0,1,2,1,0,1,80,2,2,1,0,1,0,15.0,62.0,deux_roues,voiture,2,1,1,1,3
201900026553,2019-06-05 10:00:00,2019,6,5,10,0,42,42077,Au Gourd,45.908063,4.218653,Plein jour,Hors agglomération,Intersection en T,Normale,Deux véhicules - côté,3,2,2,0,2,2,1,0,1,80,2,3,2,1,0,0,47.0,66.0,voiture,deux_roues,1,1,3,1,3
201900026554,2019-06-29 18:50:00,2019,6,29,18,50,42,42323,34 Avenue de la Libération,45.567158,4.275307,Plein jour,En agglomération,Intersection en T,Normale,Autre collision,3,2,2,0,1,1,1,0,1,50,1,2,1,0,1,0,25.0,,voiture,,1,2,3,1,6
201900026555,2019-06-29 18:00:00,2019,6,29,18,0,42,42139,Rue Saint-Jean François Régis,45.28288,4.404327,Plein jour,En agglomération,Hors intersection,Normale,Sans collision,4,2,2,0,2,1,1,0,1,50,1,2,1,0,1,0,38.0,,utilitaire_camion,,1,2,1,1,7
201900026556,2019-06-29 12:20:00,2019,6,29,12,20,34,34210,Rue de l'Estang,43.5903647,3.5249079,Plein jour,En agglomération,Intersection en T,Normale,Autre collision,4,1,1,0,1,1,1,0,1,50,1,1,0,1,0,0,27.0,,deux_roues,,1,2,3,1,6
201900026557,2019-06-28 17:30:00,2019,6,28,17,30,34,34013,la gare,43.5710559,3.4647596,Plein jour,Hors agglomération,Intersection en Y,Temps éblouissant,Deux véhicules - côté,3,2,2,0,2,1,1,5,1,70,2,5,3,0,1,1,24.0,19.0,voiture,voiture,1,1,4,7,3
201900026558,2019-06-28 16:35:00,2019,6,28,16,35,34,34142,Route du Grézac,43.731059,3.31892,Plein jour,En agglomération,Hors intersection,Normale,Deux véhicules - côté,4,2,2,0,2,4,1,0,1,50,2,2,1,0,0,1,37.0,30.0,deux_roues,voiture,1,2,1,1,3
201900026559,2019-06-30 12:00:00,2019,6,30,12,0,34,34319,D125,43.533999,3.307923,Plein jour,Hors agglomération,Hors intersection,Normale,Deux véhicules - frontale,3,2,2,0,1,1,1,0,1,80,2,5,3,0,0,2,44.0,35.0,voiture,voiture,1,1,1,1,1
201900026560,2019-06-29 14:45:00,2019,6,29,14,45,68,68135,cd105,47.581087,7.524588,Plein jour,Hors agglomération,Hors intersection,Normale,Trois véhicules et plus - en chaîne,3,3,3,0,2,1,1,0,1,50,3,3,2,0,0,1,57.0,30.0,voiture,voiture,1,1,1,1,4
201900026561,2019-06-28 12:25:00,2019,6,28,12,25,22,22046,Kerrouet (Saint-Gouéno),48.2611187,-2.5373417,Plein jour,Hors agglomération,Intersection en X,Normale,Deux véhicules - côté,3,2,2,0,2,2,1,0,1,70,2,2,0,1,0,1,25.0,60.0,deux_roues,voiture,1,1,2,1,3
201900026562,2019-06-26 13:30:00,2019,6,26,13,30,22,22133,LE POINT DU JOUR,48.1964065,-2.2334316,Plein jour,Hors agglomération,Intersection en X,Normale,Deux véhicules - côté,3,2,2,0,1,1,1,0,1,80,2,2,1,0,0,1,46.0,22.0,voiture,voiture,1,1,2,1,3
201900026563,2019-06-28 21:00:00,2019,6,28,21,0,25,25631,N83,47.129537,5.918989,Plein jour,Hors agglomération,Hors intersection,Normale,Deux véhicules - arrière,2,2,2,0,1,1,1,0,1,80,2,2,1,0,0,1,30.0,36.0,voiture,utilitaire_camion,1,1,1,1,2
201900026564,2019-06-28 18:55:00,2019,6,28,18,55,44,44038,La Rivière Mulon,47.1603798,-1.9743097,Plein jour,Hors agglomération,Hors intersection,Normale,Autre collision,3,2,2,0,2,3,1,0,3,80,1,1,0,1,0,0,39.0,,voiture,,1,1,1,1,6
201900026565,2019-06-28 04:30:00,2019,6,28,4,30,34,34154,D 62,43.552337,3.995214,Nuit sans éclairage public,Hors agglomération,Hors intersection,Normale,Deux véhicules - côté,3,3,4,0,1,1,1,0,1,110,2,3,2,1,0,0,29.0,36.0,deux_roues,voiture,3,1,1,1,3
201900026566,2019-06-30 11:50:00,2019,6,30,11,50,29,29274,Pont Ledan,48.021174,-3.68394,Plein jour,Hors agglomération,Hors intersection,Normale,Deux véhicules - frontale,3,2,2,0,1,3,1,0,1,70,2,3,2,0,0,1,49.0,29.0,voiture,deux_roues,1,1,1,1,1
201900026567,2019-06-28 20:14:00,2019,6,28,20,14,29,29279,D58,48.6198783,-3.8988421,Plein jour,Hors agglomération,Hors intersection,Normale,Sans collision,3,3,4,0,1,3,1,0,1,110,1,1,0,0,0,1,25.0,,voiture,,1,1,1,1,7
201900026568,2019-06-26 17:30:00,2019,6,26,17,30,29,29190,Saint-Aouen,48.354131,-4.730184,Plein jour,Hors agglomération,Hors intersection,Normale,Deux véhicules - frontale,3,2,2,0,2,1,1,0,1,80,2,4,1,0,1,2,42.0,48.0,voiture,voiture,1,1,1,1,1
201900026569,2019-06-27 19:10:00,2019,6,27,19,10,29,29117,rue de la mairie,48.570296,-4.514802,Plein jour,En agglomération,Hors intersection,Temps éblouissant,Autre collision,3,2,2,0,1,1,1,0,1,50,1,2,1,0,1,0,48.0,,voiture,,1,2,1,7,6
201900026570,2019-06-28 17:35:00,2019,6,28,17,35,29,29167,"Hent Meur, KERANDOARE",48.001415,-4.271096,Plein jour,Hors agglomération,Intersection en X,Normale,Deux véhicules - côté,3,2,2,0,1,1,1,0,1,80,2,2,1,0,1,0,48.0,17.0,utilitaire_camion,deux_roues,1,1,2,1,3
201900026571,2019-06-29 20:30:00,2019,6,29,20,30,31,31316,D44,42.915964,0.66961,Plein jour,Hors agglomération,Hors intersection,Normale,Sans collision,3,2,2,0,1,2,1,0,3,80,1,1,0,1,0,0,49.0,,deux_roues,,1,1,1,1,7
201900026572,2019-06-29 10:15:00,2019,6,29,10,15,31,31390,Avenue de Luchon,43.084063,0.574406,Plein jour,En agglomération,Intersection en X,Normale,Deux véhicules - côté,3,2,2,0,2,4,1,5,1,50,2,3,2,1,0,0,58.0,89.0,deux_roues,utilitaire_camion,1,2,2,1,3
201900026573,2019-06-29 12:25:00,2019,6,29,12,25,38,38351,Rd 522 - Rd 53,45.547229,5.250969,Plein jour,Hors agglomération,Intersection en X,Normale,Deux véhicules - côté,3,2,2,0,2,3,1,0,1,70,2,5,2,0,2,1,33.0,43.0,voiture,voiture,1,1,2,1,3
201900026574,2019-06-27 20:30:00,2019,6,27,20,30,38,38293,D17,45.493179,5.469714,Crépuscule ou aube,Hors agglomération,Intersection en T,Normale,Deux véhicules - côté,3,2,2,0,2,1,1,0,1,80,2,2,1,0,1,0,17.0,32.0,deux_roues,utilitaire_camion,2,1,3,1,3
201900026575,2019-06-29 18:00:00,2019,6,29,18,0,2,02681,rn2 - les baraques,49.785185,3.8169115,Plein jour,Hors agglomération,Autre intersection,Normale,Deux véhicules - arrière,2,2,2,0,2,1,1,0,1,80,2,4,2,0,1,1,21.0,23.0,voiture,voiture,1,1,9,1,2
201900026576,2019-06-29 14:10:00,2019,6,29,14,10,2,02816,D3,49.149217,3.521964,Plein jour,Hors agglomération,Intersection en X,Normale,Deux véhicules - côté,3,2,2,0,1,1,1,0,1,80,2,4,2,0,1,1,72.0,30.0,voiture,voiture,1,1,2,1,3