accident_id,datetime,annee,mois,jour,heure,minute,departement,commune_insee,adresse,latitude,longitude,luminosite,agglomeration,intersection,meteo,collision,catr,circ,nbv,vosp,prof,plan,surf,infra,situ,vma,nb_vehicules,nb_usagers,nb_indemnes,nb_tues,nb_blesses_hosp,nb_blesses_legers,age_cond_1,age_cond_2,veh_type_cond_1,veh_type_cond_2,lum_code,agg_code,int_code,atm_code,col_code
201900026669,2019-04-15 15:45:00,2019,4,15,15,45,92,92075,PAIX (AVENUE DE LA),48.8151,2.2776,Plein jour,En agglomération,Hors intersection,Normale,Deux véhicules - arrière,3,2,4,2,1,1,1,0,1,50,2,2,1,0,0,1,37.0,34.0,voiture,voiture,1,2,1,1,2
201900026670,2019-04-12 09:45:00,2019,4,12,9,45,92,92063,BELIN (AVENUE EDOUARD),48.8871337,2.1696389,Crépuscule ou aube,En agglomération,Intersection en Y,Normale,Deux véhicules - côté,3,3,7,0,1,1,1,5,1,50,2,1,0,0,1,0,53.0,,deux_roues,,2,2,4,1,3
201900026671,2019-04-12 20:25:00,2019,4,12,20,25,92,92025,BOURNARD (RUE DU),48.922997,2.256214,Crépuscule ou aube,En agglomération,Hors intersection,Normale,Deux véhicules - frontale,3,2,2,0,1,1,1,0,1,50,2,2,1,0,0,1,28.0,44.0,voiture,deux_roues,2,2,1,1,1
201900026672,2019-04-14 11:20:00,2019,4,14,11,20,92,92024,GENNEVILLIERS (PONT DE),48.91084,2.31267,Plein jour,En agglomération,Giratoire,Normale,Deux véhicules - frontale,3,2,2,0,1,1,1,2,1,50,2,4,3,0,0,1,41.0,35.0,voiture,voiture,1,2,6,1,1
201900026673,2019-04-13 22:50:00,2019,4,13,22,50,92,92019,DIVISION LECLERC (AVENUE DE LA),48.76294,2.27858,Nuit avec éclairage allumé,En agglomération,Hors intersection,Normale,Deux véhicules - côté,3,2,2,0,1,1,1,0,1,50,2,2,1,0,0,1,17.0,65.0,deux_roues,voiture,5,2,1,1,3
201900026674,2019-04-15 15:25:00,2019,4,15,15,25,92,92012,REINE (ROUTE DE LA) 39/107 BIS,48.8397199,2.2397601,Plein jour,En agglomération,Intersection en T,Normale,Deux véhicules - côté,3,2,2,0,1,1,1,0,1,50,2,2,1,0,1,0,46.0,29.0,deux_roues,voiture,1,2,3,1,3
201900026675,2019-04-15 11:50:00,2019,4,15,11,50,92,92012,JEAN JAURES (BD) DE (111 A 159),48.8323882,2.2517431,Plein jour,En agglomération,Intersection en X,Normale,Deux véhicules - côté,3,2,2,0,1,1,1,0,1,50,2,2,1,0,0,1,43.0,63.0,deux_roues,utilitaire_camion,1,2,2,1,3
201900026676,2019-04-10 18:30:00,2019,4,10,18,30,33,33478,Route de Périgueux,45.01118,0.01464,Plein jour,Hors agglomération,Hors intersection,Normale,Deux véhicules - côté,3,2,2,0,1,1,1,0,1,80,2,2,1,0,1,0,28.0,24.0,voiture,deux_roues,1,1,1,1,3
201900026677,2019-04-06 16:45:00,2019,4,6,16,45,36,36026,ROUTE D'ISSOUDUN,46.9523367,1.7518821,Plein jour,Hors agglomération,Hors intersection,Normale,Deux véhicules - arrière,3,2,2,0,2,1,1,0,1,80,2,2,1,0,0,1,22.0,64.0,deux_roues,voiture,1,1,1,1,2
201900026678,2019-04-16 07:50:00,2019,4,16,7,50,44,44037,D137,47.098777,-1.454185,Plein jour,Hors agglomération,Hors intersection,Normale,Deux véhicules - frontale,3,2,2,0,1,1,1,0,1,90,2,2,0,1,0,1,22.0,39.0,utilitaire_camion,utilitaire_camion,1,1,1,1,1
201900026679,2019-04-13 19:40:00,2019,4,13,19,40,972,97222,Quartier Lestrade N1,14.701385,-60.940639,Nuit sans éclairage public,Hors agglomération,Hors intersection,Normale,Deux véhicules - frontale,2,3,2,0,2,2,1,0,1,-1,2,2,1,0,0,1,28.0,46.0,voiture,voiture,3,1,1,1,1
201900026680,2019-04-15 14:15:00,2019,4,15,14,15,972,97207,Fond Savane,14.599795,-60.942905,Plein jour,Hors agglomération,Hors intersection,Normale,Sans collision,2,3,2,0,2,1,1,0,1,90,1,1,0,1,0,0,49.0,,deux_roues,,1,1,1,1,7
201900026681,2019-04-13 14:30:00,2019,4,13,14,30,972,97206,29 Rue Justin Roc,14.47964,-61.026689,Plein jour,En agglomération,Hors intersection,Normale,Deux véhicules - côté,3,1,1,0,1,1,1,0,1,30,2,2,1,0,1,0,32.0,29.0,deux_roues,voiture,1,2,1,1,3
201900026682,2019-03-31 09:00:00,2019,3,31,9,0,972,97232,Route Macabou,14.507747,-60.829713,Plein jour,Hors agglomération,Hors intersection,Normale,Autre collision,4,2,2,0,1,1,1,0,1,50,1,2,1,0,0,1,30.0,,voiture,,1,1,1,1,6
201900026683,2019-03-23 16:15:00,2019,3,23,16,15,11,11393,D 611,43.252574,2.751009,Plein jour,Hors agglomération,Hors intersection,Normale,Sans collision,3,2,2,0,1,3,1,0,3,-1,1,1,0,0,1,0,78.0,,voiture,,1,1,1,1,7
201900026684,2019-04-16 14:29:00,2019,4,16,14,29,23,23193,"RN 145, pk 47+100",46.18157,1.916454,Plein jour,Hors agglomération,Hors intersection,Normale,Autre collision,2,3,4,0,1,1,1,0,1,110,1,4,2,0,1,1,58.0,,voiture,,1,1,1,1,6
201900026685,2019-03-21 18:10:00,2019,3,21,18,10,54,54236,D170,49.432282,5.556349,Plein jour,Hors agglomération,Hors intersection,Normale,Trois véhicules et plus - en chaîne,3,2,2,0,2,1,1,9,1,80,3,3,2,0,0,1,62.0,64.0,voiture,voiture,1,1,1,1,4
201900026686,2019-04-13 06:50:00,2019,4,13,6,50,1,01288,route départemental 884,46.18442,5.9389323,Crépuscule ou aube,Hors agglomération,Hors intersection,Normale,Autre collision,3,3,4,0,1,3,1,0,8,110,1,1,0,0,0,1,25.0,,voiture,,2,1,1,1,6
201900026687,2019-03-21 12:30:00,2019,3,21,12,30,978,97801,nationale,18.098728,-63.048746,Plein jour,En agglomération,Hors intersection,Normale,Deux véhicules - frontale,2,2,2,0,1,1,1,0,1,70,2,3,2,0,1,0,48.0,57.0,voiture,deux_roues,1,2,1,1,1
201900026688,2019-04-16 11:10:00,2019,4,16,11,10,57,57145,D603,49.118386,6.251258,Plein jour,Hors agglomération,Hors intersection,Normale,Deux véhicules - frontale,3,2,2,0,1,1,1,0,1,80,2,2,0,0,1,1,54.0,48.0,utilitaire_camion,utilitaire_camion,1,1,1,1,1
201900026689,2019-04-13 21:20:00,2019,4,13,21,20,65,65340,Route de Rabastens,43.266508,0.104673,Nuit sans éclairage public,Hors agglomération,Autre intersection,Normale,Deux véhicules - frontale,3,3,2,0,1,1,1,0,1,70,2,2,1,0,0,1,24.0,34.0,voiture,voiture,3,1,9,1,1
201900026690,2019-04-14 15:40:00,2019,4,14,15,40,32,32291,route départementale 32,43.79711,-0.155304,Plein jour,En agglomération,Hors intersection,Normale,Autre collision,3,2,2,0,1,1,1,0,3,50,1,2,0,0,2,0,68.0,,voiture,,1,2,1,1,6
201900026691,2019-04-14 08:35:00,2019,4,14,8,35,11,11262,CD 168 DE NARBONNE,43.184527,3.002458,Plein jour,Hors agglomération,Hors intersection,Normale,Autre collision,3,2,2,0,2,1,1,0,3,80,1,1,0,0,1,0,38.0,,voiture,,1,1,1,1,6
201900026692,2019-04-14 21:15:00,2019,4,14,21,15,76,76192,d925,50.02231,1.325937,Nuit avec éclairage allumé,Hors agglomération,Hors intersection,Normale,Deux véhicules - frontale,3,2,2,0,1,1,1,0,1,80,2,4,1,0,2,1,22.0,24.0,voiture,voiture,5,1,1,1,1
201900026693,2019-04-15 06:50:00,2019,4,15,6,50,61,61484,le bois de l'anis,48.278087,0.777907,Crépuscule ou aube,Hors agglomération,Hors intersection,Normale,Autre collision,3,2,3,0,1,1,1,0,3,80,1,1,0,0,1,0,18.0,,voiture,,2,1,1,1,6
201900026694,2019-04-15 08:30:00,2019,4,15,8,30,61,61281,Le Taillis,48.840448,-0.675511,Plein jour,Hors agglomération,Hors intersection,Normale,Autre collision,3,2,2,0,1,1,1,0,3,80,1,1,0,0,0,1,55.0,,voiture,,1,1,1,1,6
201900026695,2019-04-14 19:55:00,2019,4,14,19,55,12,12133,24 Avenue de Rodez,44.296248,2.55823,Crépuscule ou aube,En agglomération,Hors intersection,Normale,Autre collision,3,2,2,0,1,1,1,0,1,50,1,2,1,0,1,0,60.0,,voiture,,2,2,1,1,6
201900026696,2019-04-14 17:45:00,2019,4,14,17,45,41,41242,Rue du Carroir,47.279149,1.560358,Plein jour,En agglomération,Hors intersection,Autre,Autre collision,9,2,2,0,1,1,1,0,1,50,1,2,1,0,1,0,69.0,,voiture,,1,2,1,9,6
201900026697,2019-04-14 12:15:00,2019,4,14,12,15,34,34312,d35,43.6531531,3.1490607,Plein jour,Hors agglomération,Hors intersection,Normale,Autre collision,3,2,2,0,1,2,1,0,3,80,1,1,0,0,1,0,16.0,,deux_roues,,1,1,1,1,6
201900026698,2019-04-11 16:07:00,2019,4,11,16,7,44,44049,BOULEVARD DU GENERAL LECLERC,47.287952,-2.50961,Plein jour,En agglomération,Giratoire,Normale,Deux véhicules - côté,4,2,2,0,1,3,1,0,1,50,2,2,1,0,1,0,74.0,73.0,voiture,deux_roues,1,2,6,1,3
201900026699,2019-03-21 15:30:00,2019,3,21,15,30,44,44021,Le Pont du Fresne (Bourgneuf-en-Retz),47.043032,-1.952805,Plein jour,Hors agglomération,Hors intersection,Normale,Autre collision,3,2,2,0,1,3,1,0,1,70,1,2,0,1,1,0,30.0,,deux_roues,,1,1,1,1,6
201900026700,2019-04-14 14:25:00,2019,4,14,14,25,29,29218,Rue de la Métairie,48.041773,-4.485931,Plein jour,En agglomération,Intersection en T,Pluie forte,Sans collision,4,2,2,0,2,2,2,0,4,50,1,1,0,0,0,1,50.0,,voiture,,1,2,3,3,7
201900026701,2019-04-09 18:15:00,2019,4,9,18,15,31,31587,CD 14 - Route de TOULOUSE,43.77143,1.439019,Plein jour,Hors agglomération,Intersection en T,Normale,Trois véhicules et plus - collisions multiples,3,2,2,0,1,1,1,0,1,80,4,4,1,0,1,2,79.0,40.0,voiture,voiture,1,1,3,1,5
201900026702,2019-03-20 08:30:00,2019,3,20,8,30,38,38261,Grande Rue,45.677409,5.469086,Plein jour,En agglomération,Giratoire,Temps éblouissant,Autre collision,3,2,2,0,1,1,1,0,1,50,1,2,1,0,1,0,39.0,,voiture,,1,2,6,7,6
201900026703,2019-04-11 15:35:00,2019,4,11,15,35,54,54256,iNTERSECTION D112 - D110,48.514202,6.318925,Plein jour,Hors agglomération,Intersection en Y,Normale,Deux véhicules - frontale,3,2,2,0,3,3,1,0,1,80,2,4,3,0,1,0,31.0,32.0,voiture,voiture,1,1,4,1,1
201900026704,2019-04-15 21:00:00,2019,4,15,21,0,72,72291,Le Point du Jour,47.741374,0.055768,Plein jour,Hors agglomération,Hors intersection,Normale,Sans collision,3,2,3,0,1,1,1,0,3,80,1,2,1,1,0,0,81.0,,voiture,,1,1,1,1,7
201900026705,2019-04-14 20:45:00,2019,4,14,20,45,72,72300,montalon,48.028964,0.372696,Nuit sans éclairage public,Hors agglomération,Hors intersection,Normale,Autre collision,4,2,2,0,3,1,1,0,3,80,1,1,0,0,1,0,19.0,,voiture,,3,1,1,1,6
201900026706,2019-04-15 22:10:00,2019,4,15,22,10,60,60667,Rue Saint-Pierre,49.309862,2.727235,Nuit avec éclairage allumé,En agglomération,Intersection en T,Normale,Autre collision,3,1,1,0,2,3,1,0,1,50,1,1,0,0,0,1,,,,,5,2,3,1,6
201900026707,2019-04-15 09:30:00,2019,4,15,9,30,64,64393,Chemin du Pont d'As,43.296578,-0.515564,Plein jour,Hors agglomération,Hors intersection,Normale,Sans collision,4,2,2,0,1,3,1,0,1,80,1,1,0,0,0,1,52.0,,voiture,,1,1,1,1,7
201900026708,2019-04-14 15:49:00,2019,4,14,15,49,64,64339,D937,43.1245107,-0.2074005,Plein jour,En agglomération,Hors intersection,Normale,Autre collision,3,2,2,0,1,2,1,0,4,50,1,5,3,0,0,2,41.0,,voiture,,1,2,1,1,6
201900026709,2019-04-15 23:00:00,2019,4,15,23,0,73,73255,D74 Route de l'Aura,45.3398748,6.3002527,Nuit avec éclairage allumé,En agglomération,Hors intersection,Normale,Autre collision,3,2,2,0,1,3,1,0,1,50,1,5,0,2,3,0,19.0,,voiture,,5,2,1,1,6
201900026710,2019-04-11 23:15:00,2019,4,11,23,15,18,18242,place de la libération sancoins,46.831326,2.918661,Nuit avec éclairage allumé,En agglomération,Place,Normale,Sans collision,6,1,1,0,1,1,1,0,1,50,1,1,0,0,1,0,21.0,,deux_roues,,5,2,7,1,7
201900026711,2019-03-31 23:30:00,2019,3,31,23,30,21,21362,RD 977,47.227908,4.585151,Nuit sans éclairage public,Hors agglomération,Hors intersection,Normale,Autre collision,3,2,2,0,1,1,1,0,3,80,1,1,0,0,1,0,19.0,,voiture,,3,1,1,1,6
201900026712,2019-04-12 11:15:00,2019,4,12,11,15,40,40273,Avenue du Quartier Neuf,43.530204,-1.387521,Plein jour,En agglomération,Hors intersection,Normale,Autre collision,3,2,2,0,1,1,1,0,4,50,1,2,1,0,1,0,49.0,,utilitaire_camion,,1,2,1,1,6
201900026713,2019-04-16 15:49:00,2019,4,16,15,49,4,04174,RN 202,43.9671999,6.7531613,Plein jour,Hors agglomération,Hors intersection,Normale,Sans collision,2,2,2,0,1,3,1,0,3,80,1,1,0,0,0,1,20.0,,voiture,,1,1,1,1,7
201900026714,2019-04-15 01:00:00,2019,4,15,1,0,27,27169,RD312,49.424188,0.378493,Nuit sans éclairage public,Hors agglomération,Hors intersection,Normale,Autre collision,3,2,3,0,1,1,1,0,3,80,1,1,0,0,1,0,36.0,,voiture,,3,1,1,1,6
201900026715,2019-04-15 20:11:00,2019,4,15,20,11,17,17465,lieu dit la touche,45.976592,-0.573699,Plein jour,Hors agglomération,Hors intersection,Temps couvert,Sans collision,3,2,2,0,1,1,2,0,1,80,1,2,0,0,1,1,26.0,,voiture,,1,1,1,8,7
201900026716,2019-03-30 16:20:00,2019,3,30,16,20,87,87055,RD 942,46.229827,0.981958,Plein jour,Hors agglomération,Hors intersection,Normale,Autre collision,3,2,2,0,1,3,1,0,3,80,1,2,0,1,0,1,81.0,,voiture,,1,1,1,1,6
201900026717,2019-04-14 15:00:00,2019,4,14,15,0,30,30198,RD 20,44.084776,3.739481,Plein jour,Hors agglomération,Hors intersection,Normale,Sans collision,3,2,2,0,2,2,1,0,8,80,1,1,0,0,1,0,53.0,,deux_roues,,1,1,1,1,7
201900026718,2019-04-12 01:30:00,2019,4,12,1,30,48,48173,Les Ombras,44.240652,3.907497,Nuit sans éclairage public,Hors agglomération,Hors intersection,Normale,Autre collision,3,2,2,0,3,3,1,0,8,80,1,2,0,0,2,0,21.0,,voiture,,3,1,1,1,6
201900026719,2019-04-15 12:30:00,2019,4,15,12,30,48,48070,L'Aldeyres,44.758636,3.63185,Plein jour,Hors agglomération,Hors intersection,Normale,Deux véhicules - frontale,3,2,2,0,1,3,1,0,1,80,2,2,0,0,1,1,40.0,22.0,voiture,voiture,1,1,1,1,1
201900026720,2019-04-15 06:30:00,2019,4,15,6,30,80,80399,A29 - PK 181.000,49.86916,2.174379,Crépuscule ou aube,Hors agglomération,Hors intersection,Normale,Autre collision,1,1,2,0,1,1,1,0,2,130,1,1,0,0,1,0,27.0,,voiture,,2,1,1,1,6
201900026721,2019-04-15 09:20:00,2019,4,15,9,20,38,38172,Route de Vaulx-Milieu,45.590283,5.192681,Plein jour,Hors agglomération,Hors intersection,Normale,Autre collision,4,2,2,0,1,1,1,0,3,80,1,1,0,0,0,1,32.0,,utilitaire_camion,,1,1,1,1,6
201900026722,2019-04-15 16:14:00,2019,4,15,16,14,1,01373,A404,46.14823,5.546325,Plein jour,Hors agglomération,Hors intersection,Normale,Autre collision,1,1,4,0,1,1,1,0,1,90,1,1,0,0,0,1,48.0,,utilitaire_camion,,1,1,1,1,6
201900026723,2019-04-15 03:20:00,2019,4,15,3,20,1,01031,A404 PK 4+800 diection Oyonnax,46.242527,5.621175,Nuit sans éclairage public,Hors agglomération,Hors intersection,Normale,Autre collision,1,3,4,0,1,1,1,0,1,110,1,1,0,0,0,1,28.0,,voiture,,3,1,1,1,6
201900026724,2019-04-14 07:25:00,2019,4,14,7,25,33,33284,A63 - PK018.200,44.67827,-0.79559,Plein jour,Hors agglomération,Hors intersection,Temps couvert,Deux véhicules - arrière,1,3,4,0,1,1,1,0,1,130,2,4,2,0,0,2,26.0,69.0,voiture,voiture,1,1,1,8,2
201900026725,2019-04-15 17:35:00,2019,4,15,17,35,31,31329,Route départementale 2,43.46771,1.800282,Plein jour,Hors agglomération,Hors intersection,Vent fort / tempête,Trois véhicules et plus - collisions multiples,3,2,2,0,1,3,1,0,1,80,3,3,2,0,1,0,47.0,62.0,voiture,utilitaire_camion,1,1,1,6,5
201900026726,2019-04-15 12:17:00,2019,4,15,12,17,31,31254,autorouteA 61,43.542975,1.503157,Plein jour,Hors agglomération,Hors intersection,Normale,Deux véhicules - arrière,1,3,4,0,1,1,1,0,1,110,2,5,2,0,2,1,51.0,26.0,utilitaire_camion,voiture,1,1,1,1,2
201900026727,2019-04-14 19:25:00,2019,4,14,19,25,976,97606,Route départementale 5 MRAMADOUDOU,-12.930509,45.152811,Nuit avec éclairage allumé,En agglomération,Hors intersection,Normale,Autre collision,3,2,2,0,1,1,1,0,1,50,1,2,1,0,1,0,26.0,,voiture,,5,2,1,1,6
201900026728,2019-04-15 13:10:00,2019,4,15,13,10,69,69264,A6,45.989005,4.718295,Plein jour,Hors agglomération,Hors intersection,Normale,Deux véhicules - arrière,1,3,3,3,1,1,1,8,1,130,2,2,1,0,1,0,58.0,61.0,utilitaire_camion,voiture,1,1,1,1,2
201900026729,2019-04-15 14:10:00,2019,4,15,14,10,27,27697,"Autourout 13, PK;: 091+800, direction PRIS",49.201415,1.225858,Plein jour,Hors agglomération,Hors intersection,Normale,Autre collision,1,3,5,0,1,1,1,0,8,130,1,1,0,0,0,1,47.0,,voiture,,1,1,1,1,6
201900026730,2019-04-15 23:20:00,2019,4,15,23,20,988,98804,Tribu de Nakety Kopelia,-21.55003,166.03707,Nuit sans éclairage public,Hors agglomération,Intersection en T,Normale,Autre collision,3,2,2,-1,-1,-1,1,-1,3,-1,1,1,0,1,0,0,42.0,,utilitaire_camion,,3,1,3,1,6
201900026731,2019-04-16 06:55:00,2019,4,16,6,55,974,97415,Rue Henri Cornu,-20.963492,55.289722,Crépuscule ou aube,Hors agglomération,Autre intersection,Temps éblouissant,Deux véhicules - côté,4,2,2,0,2,1,2,0,1,50,2,2,1,0,1,0,57.0,34.0,deux_roues,utilitaire_camion,2,1,9,7,3
201900026732,2019-03-20 18:05:00,2019,3,20,18,5,973,97306,CD 8 - PK 15,5.5938509,-53.6308959,Plein jour,Hors agglomération,Hors intersection,Normale,Deux véhicules - côté,3,2,2,0,1,1,1,0,1,80,2,3,2,1,0,0,64.0,31.0,deux_roues,voiture,1,1,1,1,3
201900026733,2019-04-14 08:20:00,2019,4,14,8,20,973,97305,Rue Papaye Biche,4.927106,-52.410758,Plein jour,En agglomération,Hors intersection,Normale,Autre collision,4,2,2,0,1,2,1,0,3,50,1,5,4,0,1,0,23.0,,voiture,,1,2,1,1,6
201900026734,2019-04-14 20:00:00,2019,4,14,20,0,972,97228,Reculee,14.780168,-61.027832,Nuit avec éclairage allumé,En agglomération,Hors intersection,Normale,Sans collision,3,2,2,0,4,3,1,0,8,80,1,2,1,1,0,0,23.0,,deux_roues,,5,2,1,1,7
201900026735,2019-04-14 18:00:00,2019,4,14,18,0,972,97230,Morne Poirier,14.738668,-60.976956,Crépuscule ou aube,Hors agglomération,Intersection en T,Normale,Deux véhicules - côté,2,4,3,0,2,1,1,5,1,70,2,2,1,0,1,0,44.0,38.0,voiture,deux_roues,2,1,3,1,3
201900026736,2019-04-08 18:00:00,2019,4,8,18,0,33,33214,d5e3,44.97057,-1.04048,Plein jour,Hors agglomération,Hors intersection,Normale,Deux véhicules - frontale,3,2,2,0,1,1,1,0,1,80,2,2,1,0,0,1,28.0,29.0,voiture,voiture,1,1,1,1,1
201900026737,2019-03-22 19:20:00,2019,3,22,19,20,77,77207,D403,48.17122,2.51321,Nuit sans éclairage public,Hors agglomération,Autre intersection,Normale,Deux véhicules - frontale,3,2,2,0,1,1,1,0,1,80,2,2,1,0,1,0,36.0,61.0,utilitaire_camion,voiture,3,1,9,1,1
201900026738,2019-04-15 11:00:00,2019,4,15,11,0,77,77264,D402 - Route de Coulommiers,48.71322,2.95793,Plein jour,Hors agglomération,Autre intersection,Normale,Deux véhicules - frontale,3,2,2,0,1,1,1,0,1,80,2,2,0,1,0,1,20.0,39.0,voiture,utilitaire_camion,1,1,9,1,1
201900026739,2019-03-13 13:15:00,2019,3,13,13,15,91,91044,N20,48.664695,2.277823,Plein jour,En agglomération,Hors intersection,Pluie légère,Trois véhicules et plus - collisions multiples,2,1,4,0,1,1,2,0,1,50,3,3,2,0,1,0,23.0,61.0,deux_roues,voiture,1,2,1,2,5
201900026740,2019-04-15 17:20:00,2019,4,15,17,20,2B,2B220,rt20,42.430021,9.205171,Plein jour,Hors agglomération,Hors intersection,Normale,Sans collision,2,2,2,0,1,3,1,0,1,80,1,1,0,0,0,1,27.0,,deux_roues,,1,1,1,1,7
201900026741,2019-04-16 13:30:00,2019,4,16,13,30,2B,2B332,RD 81 - Route de Saint Florent,42.647147,9.101337,Plein jour,Hors agglomération,Hors intersection,Pluie légère,Autre collision,3,2,2,0,2,4,2,0,1,80,1,1,0,0,1,0,55.0,,deux_roues,,1,1,1,2,6
201900026742,2019-04-13 19:20:00,2019,4,13,19,20,84,84141,Route de Morières,43.957757,4.899952,Plein jour,Hors agglomération,Intersection en T,Normale,Deux véhicules - côté,3,2,2,0,1,2,1,0,1,70,2,2,0,0,1,1,30.0,31.0,deux_roues,voiture,1,1,3,1,3
201900026743,2019-04-15 11:10:00,2019,4,15,11,10,6,06075,Avenue Porte des Alpes,43.857041,7.196972,Plein jour,En agglomération,Hors intersection,Normale,Autre collision,7,2,2,0,1,1,1,0,1,50,1,2,1,0,1,0,44.0,,voiture,,1,2,1,1,6
201900026744,2019-03-18 08:45:00,2019,3,18,8,45,13,13014,Rue Paul Eluard,43.480136,5.165325,Plein jour,En agglomération,Hors intersection,Normale,Autre collision,4,2,2,0,1,1,1,0,4,50,1,2,1,0,1,0,55.0,,utilitaire_camion,,1,2,1,1,6
201900026745,2019-03-17 21:00:00,2019,3,17,21,0,13,13014,Rue Paul EluardBoulevardRomain Roland,43.485211,5.167471,Nuit avec éclairage allumé,En agglomération,Hors intersection,Normale,Deux véhicules - côté,4,2,2,0,1,1,1,0,4,50,2,2,1,0,0,1,19.0,48.0,voiture,voiture,5,2,1,1,3
201900026746,2019-04-14 16:30:00,2019,4,14,16,30,89,89083,Les Bruyeres,47.843124,3.493039,Plein jour,Hors agglomération,Hors intersection,Normale,Deux véhicules - côté,3,-1,2,0,2,1,1,0,1,-1,2,2,1,0,0,1,61.0,30.0,voiture,voiture,1,1,1,1,3
201900026747,2019-04-14 16:40:00,2019,4,14,16,40,71,71556,RD906,46.269582,4.805028,Plein jour,En agglomération,Hors intersection,Normale,Sans collision,3,2,2,0,1,1,9,0,1,50,1,1,0,0,0,1,16.0,,deux_roues,,1,2,1,1,7
201900026748,2019-04-14 15:00:00,2019,4,14,15,0,88,88090,Rue Claude Barres,48.362012,6.302939,Plein jour,En agglomération,Intersection en T,Normale,Deux véhicules - côté,3,2,3,0,1,1,1,0,1,50,2,3,2,0,1,0,17.0,60.0,deux_roues,voiture,1,2,3,1,3
201900026749,2019-04-14 21:35:00,2019,4,14,21,35,74,74224,Avenue des Voirons,46.078114,6.296469,Nuit sans éclairage public,En agglomération,Intersection en T,Normale,Deux véhicules - côté,3,2,3,0,1,3,1,0,1,50,2,2,1,0,0,1,19.0,65.0,deux_roues,voiture,3,2,3,1,3
201900026750,2019-04-15 07:52:00,2019,4,15,7,52,73,73187,D990 PETIT CŒUR,45.5204965,6.4857692,Crépuscule ou aube,En agglomération,Intersection en Y,Normale,Autre collision,3,2,2,0,2,1,1,5,1,50,1,2,1,1,0,0,42.0,,utilitaire_camion,,2,2,4,1,6
201900026751,2019-04-10 14:30:00,2019,4,10,14,30,38,38051,d131,45.316184,4.904528,Plein jour,Hors agglomération,Intersection en X,Normale,Deux véhicules - côté,3,2,2,0,1,1,1,0,1,80,2,4,0,0,1,3,39.0,42.0,voiture,voiture,1,1,2,1,3
201900026752,2019-03-24 06:00:00,2019,3,24,6,0,44,44201,départementale 37,47.361768,-1.543175,Nuit sans éclairage public,Hors agglomération,Hors intersection,Normale,Autre collision,3,2,2,0,1,2,1,0,8,70,1,1,0,0,1,0,21.0,,voiture,,3,1,1,1,6
201900026753,2019-04-16 14:10:00,2019,4,16,14,10,69,69076,Route de Lyon,45.844273,4.72394,Plein jour,Hors agglomération,Giratoire,Pluie légère,Sans collision,3,2,2,0,1,1,2,9,1,70,1,1,0,0,0,1,19.0,,deux_roues,,1,1,6,2,7
201900026754,2019-04-15 07:24:00,2019,4,15,7,24,31,31395,Route de Frouzins,43.491905,1.340605,Plein jour,En agglomération,Hors intersection,Normale,Trois véhicules et plus - collisions multiples,3,2,2,0,1,1,1,6,1,50,3,3,2,1,0,0,33.0,32.0,utilitaire_camion,voiture,1,2,1,1,5
201900026755,2019-04-14 19:30:00,2019,4,14,19,30,17,17179,RD 137,45.692984,-0.617124,Plein jour,Hors agglomération,Intersection en T,Normale,Deux véhicules - côté,3,2,2,0,1,1,1,5,1,70,2,3,1,0,2,0,31.0,52.0,deux_roues,voiture,1,1,3,1,3
201900026756,2019-04-16 16:00:00,2019,4,16,16,0,22,22385,5 Route de la Source,48.488343,-1.979834,Plein jour,En agglomération,Intersection en T,Normale,Sans collision,4,2,2,0,1,1,1,0,1,50,1,1,0,0,1,0,34.0,,deux_roues,,1,2,3,1,7
201900026757,2019-04-15 15:20:00,2019,4,15,15,20,27,27280,RD 57,49.030139,1.256822,Plein jour,Hors agglomération,Hors intersection,Normale,Autre collision,3,2,2,0,1,2,1,0,3,80,1,1,0,0,0,1,82.0,,deux_roues,,1,1,1,1,6
201900026758,2019-04-11 21:20:00,2019,4,11,21,20,76,76495,Rue du Docteur Blondel,49.561182,0.95077,Crépuscule ou aube,Hors agglomération,Passage à niveau,Normale,Deux véhicules - côté,3,2,2,0,2,1,1,4,8,50,2,3,1,0,2,0,51.0,45.0,voiture,transport_commun,2,1,8,1,3
201900026759,2019-04-15 17:10:00,2019,4,15,17,10,60,60282,Route de Précy,49.1922257,2.3944352,Plein jour,Hors agglomération,Intersection en T,Normale,Deux véhicules - frontale,3,2,2,0,1,1,1,0,1,80,2,2,1,0,1,0,31.0,56.0,deux_roues,voiture,1,1,3,1,1
201900026760,2019-04-14 21:39:00,2019,4,14,21,39,80,80430,autoroute A1 pk 126+600,49.922283,2.851324,Nuit sans éclairage public,Hors agglomération,Hors intersection,Normale,Autre collision,1,1,4,0,1,1,1,0,2,130,1,2,1,1,0,0,33.0,,utilitaire_camion,,3,1,1,1,6
201900026761,2019-04-15 08:50:00,2019,4,15,8,50,59,59626,RD 934,50.2863813,3.6295491,Plein jour,Hors agglomération,Hors intersection,Normale,Deux véhicules - frontale,3,2,2,1,1,1,1,0,1,80,2,2,1,1,0,0,50.0,41.0,voiture,utilitaire_camion,1,1,1,1,1