accident_id,datetime,annee,mois,jour,heure,minute,departement,commune_insee,adresse,latitude,longitude,luminosite,agglomeration,intersection,meteo,collision,catr,circ,nbv,vosp,prof,plan,surf,infra,situ,vma,nb_vehicules,nb_usagers,nb_indemnes,nb_tues,nb_blesses_hosp,nb_blesses_legers,age_cond_1,age_cond_2,veh_type_cond_1,veh_type_cond_2,lum_code,agg_code,int_code,atm_code,col_code
201900026762,2019-04-16 12:55:00,2019,4,16,12,55,59,59222,Route Nationale,50.454026,3.136417,Plein jour,En agglomération,Hors intersection,Normale,Sans collision,3,2,2,0,2,1,1,0,8,50,1,1,0,0,0,1,37.0,,deux_roues,,1,2,1,1,7
201900026763,2019-04-12 08:20:00,2019,4,12,8,20,13,13081,A7-Sens Marseille vers Lyon,43.4782158,5.2391106,Plein jour,En agglomération,Hors intersection,Normale,Autre collision,1,1,2,0,1,1,1,0,1,90,2,2,0,0,0,2,26.0,36.0,utilitaire_camion,voiture,1,2,1,1,6
201900026764,2019-04-13 14:25:00,2019,4,13,14,25,83,83137,A50 TUNNEL TUBE SUD,43.12093,5.9435,Plein jour,Hors agglomération,Hors intersection,Normale,Sans collision,1,1,2,0,1,3,8,1,1,70,1,1,0,0,0,1,45.0,,deux_roues,,1,1,1,1,7
201900026765,2019-04-14 17:40:00,2019,4,14,17,40,69,69199,A7   7.000 A 8.630,45.69211,4.8452,Plein jour,Hors agglomération,Hors intersection,Normale,Deux véhicules - arrière,1,3,2,0,1,1,1,3,1,90,2,2,1,0,1,0,41.0,66.0,deux_roues,voiture,1,1,1,1,2
201900026766,2019-04-13 15:00:00,2019,4,13,15,0,67,67482,Autoroute A.35,48.58934,7.73114,Plein jour,Hors agglomération,Hors intersection,Normale,Deux véhicules - côté,1,3,4,0,1,1,1,0,1,90,2,2,0,0,0,2,20.0,21.0,voiture,voiture,1,1,1,1,3
201900026767,2019-04-15 13:37:00,2019,4,15,13,37,33,33122,AUTOROUTE A 63,44.73749,-0.71576,Plein jour,Hors agglomération,Hors intersection,Normale,Autre collision,1,3,4,0,1,1,1,0,1,130,1,1,0,0,1,0,65.0,,voiture,,1,1,1,1,6
201900026768,2019-04-15 13:00:00,2019,4,15,13,0,33,33249,échangeur 1 A630 - RN230 sens Bordeaux - Lormont ,44.88414,-0.51209,Plein jour,Hors agglomération,Hors intersection,Normale,Autre collision,2,1,2,0,2,3,1,3,1,70,1,2,1,0,0,1,27.0,,utilitaire_camion,,1,1,1,1,6
201900026769,2019-04-10 23:30:00,2019,4,10,23,30,59,59523,AUTOROUTE A27,50.59915,3.16561,Nuit sans éclairage public,Hors agglomération,Hors intersection,Normale,Sans collision,1,3,4,0,1,1,1,0,1,110,1,1,0,0,0,1,52.0,,voiture,,3,1,1,1,7
201900026770,2019-04-15 14:00:00,2019,4,15,14,0,94,94021,AUTOROUTE A6A,48.76917,2.34488,Plein jour,Hors agglomération,Hors intersection,Normale,Sans collision,1,-1,3,0,1,1,1,0,1,90,1,1,0,0,0,1,36.0,,deux_roues,,1,1,1,1,7
201900026771,2019-04-15 08:45:00,2019,4,15,8,45,91,91363,RN 104,48.6351,2.2148,Plein jour,Hors agglomération,Hors intersection,Normale,Deux véhicules - arrière,2,1,2,0,1,1,1,0,1,110,2,2,1,0,0,1,24.0,52.0,deux_roues,voiture,1,1,1,1,2
201900026772,2019-04-14 20:05:00,2019,4,14,20,5,78,78126,A13,48.83769,2.124766,Plein jour,Hors agglomération,Hors intersection,Normale,Trois véhicules et plus - collisions multiples,1,1,4,0,1,1,1,0,1,110,4,5,4,0,0,1,33.0,33.0,voiture,voiture,1,1,1,1,5
201900026773,2019-04-14 15:30:00,2019,4,14,15,30,78,78238,A12 W,48.970616,1.879738,Plein jour,Hors agglomération,Hors intersection,Normale,Deux véhicules - arrière,1,1,3,0,1,1,1,0,1,130,2,7,1,0,0,6,65.0,17.0,voiture,voiture,1,1,1,1,2
201900026774,2019-04-14 06:06:00,2019,4,14,6,6,78,78402,A13,48.963987,1.777448,Nuit sans éclairage public,Hors agglomération,Hors intersection,Normale,Autre collision,1,3,3,0,1,1,1,0,1,90,1,1,0,0,0,1,18.0,,voiture,,3,1,1,1,6
201900026775,2019-04-14 02:05:00,2019,4,14,2,5,92,92036,RN315 Y,48.9366413,2.299726,Nuit avec éclairage non allumé,Hors agglomération,Hors intersection,Normale,Autre collision,2,-1,2,0,1,1,1,0,1,90,1,1,0,0,0,1,24.0,,utilitaire_camion,,4,1,1,1,6
201900026776,2019-04-14 03:10:00,2019,4,14,3,10,95,95306,AUTOROUTE A15,48.99559,2.18259,Nuit sans éclairage public,Hors agglomération,Hors intersection,Normale,Autre collision,1,3,10,0,1,1,1,3,1,70,1,2,0,0,0,2,38.0,,voiture,,3,1,1,1,6
201900026777,2019-04-15 16:35:00,2019,4,15,16,35,77,77258,A4.Y,48.83087,2.6375,Plein jour,Hors agglomération,Hors intersection,Normale,Trois véhicules et plus - en chaîne,1,3,4,0,1,1,1,0,1,110,3,3,2,0,0,1,46.0,64.0,voiture,voiture,1,1,1,1,4
201900026778,2019-04-15 07:20:00,2019,4,15,7,20,77,77296,A5b,48.62951,2.62906,Plein jour,Hors agglomération,Hors intersection,Normale,Deux véhicules - côté,1,3,2,0,1,1,1,0,1,110,2,2,1,0,0,1,51.0,57.0,utilitaire_camion,voiture,1,1,1,1,3
201900026779,2019-04-14 18:00:00,2019,4,14,18,0,77,77121,A104 (BRETELLE A4),48.83579,2.66532,Plein jour,Hors agglomération,Hors intersection,Normale,Sans collision,1,3,2,0,1,1,1,3,1,90,1,1,0,0,0,1,26.0,,deux_roues,,1,1,1,1,7
201900026780,2019-04-12 02:38:00,2019,4,12,2,38,94,94017,A4,48.82716,2.50401,Nuit avec éclairage allumé,Hors agglomération,Hors intersection,Normale,Deux véhicules - arrière,1,1,4,0,1,1,1,1,1,90,2,2,1,0,0,1,24.0,,voiture,utilitaire_camion,5,1,1,1,2
201900026781,2019-04-10 08:15:00,2019,4,10,8,15,63,63014,ROMAGNAT (RUE DE),45.7492441,3.111759,Plein jour,En agglomération,Hors intersection,Pluie légère,Autre collision,7,2,2,0,1,1,2,0,3,50,2,2,1,0,0,1,48.0,13.0,voiture,deux_roues,1,2,1,2,6
201900026782,2019-04-10 08:47:00,2019,4,10,8,47,63,63113,JAURES (BD JEAN),45.76892,3.07766,Plein jour,En agglomération,Hors intersection,Pluie légère,Deux véhicules - arrière,4,1,3,0,1,1,2,0,1,50,2,2,1,0,0,1,52.0,29.0,voiture,voiture,1,2,1,2,2
201900026783,2019-01-30 22:50:00,2019,1,30,22,50,16,16154,route de l'isle d'Espagnac,45.6702994,0.1833719,Nuit avec éclairage allumé,En agglomération,Giratoire,Normale,Autre collision,4,1,1,0,2,2,1,5,1,50,1,1,0,1,0,0,45.0,,voiture,,5,2,6,1,6
201900026784,2019-02-05 16:50:00,2019,2,5,16,50,94,94068,RESERVOIR (AV DU),48.80771,2.49624,Plein jour,En agglomération,Intersection en T,Normale,Autre collision,3,1,1,0,1,1,1,0,1,50,1,2,1,0,0,1,57.0,,voiture,,1,2,3,1,6
201900026785,2019-04-10 11:20:00,2019,4,10,11,20,94,94017,BOILEAU (AV),48.80356,2.54908,Plein jour,En agglomération,Hors intersection,Temps couvert,Autre collision,4,2,2,0,1,1,1,0,1,50,1,3,2,0,1,0,54.0,,voiture,,1,2,1,8,6
201900026786,2019-04-10 18:05:00,2019,4,10,18,5,92,92020,VERDUN (AVENUE DE),48.80362,2.28817,Plein jour,En agglomération,Hors intersection,Normale,Deux véhicules - arrière,3,1,2,1,2,1,1,0,1,50,2,2,1,0,0,1,,,autre,deux_roues,1,2,1,1,2
201900026787,2019-04-13 14:45:00,2019,4,13,14,45,91,91689,AUTOROUTE A6,48.7305,2.3149,Plein jour,Hors agglomération,Hors intersection,Normale,Trois véhicules et plus - collisions multiples,1,1,6,0,1,1,1,0,1,110,3,3,1,0,0,2,60.0,40.0,voiture,voiture,1,1,1,1,5
201900026788,2019-04-11 13:35:00,2019,4,11,13,35,92,92036,AUTOROUTE A86,48.93861,2.30151,Plein jour,Hors agglomération,Hors intersection,Normale,Deux véhicules - côté,1,3,5,0,1,1,1,0,1,90,2,2,1,0,0,1,37.0,22.0,voiture,voiture,1,1,1,1,3
201900026789,2019-04-10 19:05:00,2019,4,10,19,5,95,95572,AUTOROUTE A15,49.03169,2.11751,Plein jour,Hors agglomération,Hors intersection,Normale,Deux véhicules - côté,1,3,8,0,1,1,1,0,1,90,2,2,1,0,0,1,26.0,28.0,deux_roues,voiture,1,1,1,1,3
201900026790,2019-04-10 08:00:00,2019,4,10,8,0,95,95678,RN 184,49.07281,2.22734,Plein jour,Hors agglomération,Hors intersection,Pluie légère,Sans collision,2,3,6,0,1,2,2,0,1,110,1,1,0,0,0,1,33.0,,deux_roues,,1,1,1,2,7
201900026791,2019-04-09 15:00:00,2019,4,9,15,0,95,95018,AUTOROUTE A15,48.95724,2.27422,Plein jour,Hors agglomération,Hors intersection,Normale,Autre collision,1,3,2,0,1,2,2,0,1,50,1,2,1,0,0,1,24.0,,voiture,,1,1,1,1,6
201900026792,2019-04-12 18:10:00,2019,4,12,18,10,988,98818,RUE MARCONI/ROUTE BAIE DES DAMES,-22.23474,166.44241,Nuit avec éclairage allumé,En agglomération,Intersection en X,Pluie légère,Deux véhicules - côté,4,2,2,0,4,1,2,0,1,50,2,2,1,0,0,1,38.0,22.0,voiture,utilitaire_camion,5,2,2,2,3
201900026793,2019-04-12 09:45:00,2019,4,12,9,45,988,98818,AVENUE BONAPARTE,-22.24211,166.45891,Plein jour,Hors agglomération,Intersection en T,Pluie forte,Trois véhicules et plus - en chaîne,1,1,1,-1,2,3,2,3,1,-1,4,4,3,0,0,1,56.0,30.0,utilitaire_camion,deux_roues,1,1,3,3,4
201900026794,2019-04-13 18:20:00,2019,4,13,18,20,976,97611,kaweni-Mangrove (route de la),-12.7749188,45.2230029,Nuit sans éclairage public,Hors agglomération,Autre intersection,Normale,Deux véhicules - côté,2,2,2,0,1,1,1,0,1,50,2,2,0,0,0,2,,50.0,voiture,voiture,3,1,9,1,3
201900026795,2019-04-11 02:45:00,2019,4,11,2,45,976,97611,kaweni-Kaweni nord ( Z I ),-12.75704,45.23297,Nuit sans éclairage public,En agglomération,Hors intersection,Normale,Sans collision,2,2,2,0,2,1,1,0,1,50,1,1,0,0,0,1,39.0,,voiture,,3,2,1,1,7
201900026796,2019-04-13 14:30:00,2019,4,13,14,30,974,97416,HUBERT DE LISLE(BOULEVARD),-21.34256,55.46588,Plein jour,En agglomération,Intersection en T,Normale,Deux véhicules - côté,4,3,2,1,1,1,1,0,1,50,2,2,0,0,0,2,49.0,29.0,voiture,voiture,1,2,3,1,3
201900026797,2019-04-11 20:45:00,2019,4,11,20,45,974,97416,Rue Hippolyte Piot,-21.29866,55.45382,Nuit sans éclairage public,En agglomération,Intersection en X,Normale,Deux véhicules - frontale,3,2,2,0,1,1,1,0,1,50,2,2,1,0,1,0,29.0,29.0,utilitaire_camion,deux_roues,3,2,2,1,1
201900026798,2019-04-11 16:18:00,2019,4,11,16,18,974,97416,RN 01,-21.31446,55.43995,Plein jour,En agglomération,Hors intersection,Pluie légère,Autre collision,2,3,4,0,1,1,1,0,1,110,1,1,0,0,0,1,38.0,,voiture,,1,2,1,2,6
201900026799,2019-04-12 07:15:00,2019,4,12,7,15,974,97411,Ancienne RN1,-21.31676,55.44221,Nuit sans éclairage public,Hors agglomération,Hors intersection,Normale,Autre collision,3,2,2,0,1,1,1,0,1,50,2,3,1,0,0,2,45.0,40.0,voiture,voiture,3,1,1,1,6
201900026800,2019-04-11 18:35:00,2019,4,11,18,35,974,97411,LANCASTEL (BOULEVARD),-20.88427,55.46715,Nuit sans éclairage public,En agglomération,Hors intersection,Normale,Trois véhicules et plus - collisions multiples,2,3,4,0,1,1,1,0,1,70,3,3,2,0,0,1,23.0,34.0,voiture,voiture,3,2,1,1,5
201900026801,2019-04-11 05:50:00,2019,4,11,5,50,974,97411,Avenue Hyppolyte Foucque,-20.89729,55.48667,Crépuscule ou aube,En agglomération,Hors intersection,Normale,Autre collision,4,2,2,0,2,1,1,9,2,50,1,2,0,1,1,0,,,,,2,2,1,1,6
201900026802,2019-04-12 07:50:00,2019,4,12,7,50,974,97409,RN2 DIRECTION ST BENT SORTIE PETIT BAZAR,-20.9441634,55.6496699,Plein jour,Hors agglomération,Autre intersection,Pluie légère,Autre collision,2,-1,4,0,1,3,2,0,1,90,1,1,0,0,0,1,25.0,,voiture,,1,1,9,2,6
201900026803,2019-04-11 18:00:00,2019,4,11,18,0,974,97407,JACQUES DUCLOS (RUE) - RIVIERE DES GAL  ,-20.95767,55.31419,Nuit avec éclairage non allumé,En agglomération,Hors intersection,Temps couvert,Autre collision,4,2,2,0,1,1,1,0,1,50,1,1,0,0,0,1,44.0,,deux_roues,,4,2,1,8,6
201900026804,2019-04-11 07:40:00,2019,4,11,7,40,974,97407,Rue de La Guyane,-20.946192,55.296883,Plein jour,En agglomération,Hors intersection,Normale,Autre collision,4,1,1,0,1,2,1,0,1,20,1,3,1,0,0,2,34.0,,voiture,,1,2,1,1,6
201900026805,2019-04-14 01:10:00,2019,4,14,1,10,69,69259,LAURENT BONNEVAY                    (BD),45.71913,4.8759,Nuit sans éclairage public,En agglomération,Autre intersection,Normale,Deux véhicules - côté,3,3,3,0,1,1,1,3,1,90,2,3,2,0,0,1,19.0,60.0,voiture,voiture,3,2,9,1,3
201900026806,2019-04-13 16:20:00,2019,4,13,16,20,69,69387,TONY GARNIER                        (AV),45.72998,4.82384,Plein jour,En agglomération,Intersection en X,Normale,Deux véhicules - côté,4,2,6,0,1,1,1,0,1,50,2,2,1,0,1,0,27.0,27.0,voiture,voiture,1,2,2,1,3
201900026807,2019-04-13 17:00:00,2019,4,13,17,0,69,69259,JODINO (DE)                         (BD),45.69137,4.88392,Plein jour,En agglomération,Hors intersection,Normale,Autre collision,4,3,2,0,2,2,1,9,1,50,1,1,0,0,0,1,22.0,,utilitaire_camion,,1,2,1,1,6
201900026808,2019-04-12 15:15:00,2019,4,12,15,15,69,69387,GUILLOTIERE (DE LA)                 (GR),45.75097,4.84825,Plein jour,En agglomération,Intersection en X,Normale,Deux véhicules - côté,4,1,1,1,1,1,1,0,1,50,2,2,1,0,1,0,23.0,33.0,deux_roues,utilitaire_camion,1,2,2,1,3
201900026809,2019-04-12 15:18:00,2019,4,12,15,18,69,69388,ROCKEFELLER                         (AV),45.74136,4.88519,Plein jour,En agglomération,Intersection en X,Normale,Autre collision,7,3,6,0,1,1,1,5,1,50,1,3,2,0,0,1,53.0,,voiture,,1,2,2,1,6
201900026810,2019-04-12 09:00:00,2019,4,12,9,0,69,69388,LONGEFER                            (R ),45.73923,4.8802,Plein jour,En agglomération,Intersection en T,Normale,Deux véhicules - côté,7,2,2,0,1,1,1,0,1,50,2,1,0,0,0,1,24.0,,voiture,,1,2,3,1,3
201900026811,2019-04-11 16:05:00,2019,4,11,16,5,69,69387,JEAN JAURES                         (AV),45.75117,4.84538,Plein jour,En agglomération,Intersection en X,Normale,Autre collision,4,2,4,3,1,1,1,0,1,50,1,2,1,0,0,1,40.0,,transport_commun,,1,2,2,1,6
201900026812,2019-04-11 07:50:00,2019,4,11,7,50,69,69386,BELGES (DES)                        (BD),45.76819,4.85892,Crépuscule ou aube,En agglomération,Intersection en X,Normale,Deux véhicules - frontale,4,2,4,3,1,1,1,0,1,50,2,2,1,1,0,0,38.0,51.0,transport_commun,deux_roues,2,2,2,1,1
201900026813,2019-04-10 09:15:00,2019,4,10,9,15,69,69388,ROCHAMBEAU                          (R ),45.73106,4.86847,Plein jour,En agglomération,Intersection en X,Normale,Deux véhicules - côté,4,2,2,0,1,1,1,0,1,50,2,2,1,0,0,1,62.0,62.0,voiture,utilitaire_camion,1,2,2,1,3
201900026814,2019-04-13 06:35:00,2019,4,13,6,35,972,97209,MONNEROT (RUE),14.6112,-61.0708,Plein jour,En agglomération,Intersection en X,Pluie légère,Deux véhicules - côté,4,1,1,0,1,1,2,0,1,30,2,3,2,0,0,1,34.0,48.0,voiture,voiture,1,2,2,2,3
201900026815,2019-04-12 10:10:00,2019,4,12,10,10,972,97209,PROFESSEUR RAYMOND GARCIN (RUE DU),14.61534,-61.07869,Plein jour,Hors agglomération,Hors intersection,Normale,Deux véhicules - côté,3,2,2,0,2,1,1,0,1,50,2,2,1,0,1,0,51.0,50.0,deux_roues,voiture,1,1,1,1,3
201900026816,2019-04-13 17:10:00,2019,4,13,17,10,69,69389,MOUILLARD                           (R ),45.7839284,4.8027985,Plein jour,En agglomération,Hors intersection,Normale,Deux véhicules - côté,7,2,2,0,1,1,1,0,1,50,2,3,2,0,1,0,29.0,40.0,deux_roues,voiture,1,2,1,1,3
201900026817,2019-04-13 04:40:00,2019,4,13,4,40,69,69382,BELLECOUR                           (PL),45.75803,4.83379,Nuit avec éclairage allumé,En agglomération,Intersection en T,Normale,Deux véhicules - frontale,7,1,3,0,1,1,1,0,1,30,2,4,3,0,0,1,33.0,21.0,deux_roues,voiture,5,2,3,1,1
201900026818,2019-04-13 03:00:00,2019,4,13,3,0,69,69382,PRESIDENT EDOUARD HERRIOT (DU)      (R ),45.76489,4.83428,Nuit avec éclairage allumé,En agglomération,Intersection en X,Normale,Deux véhicules - côté,4,1,2,3,1,1,1,0,1,50,2,9,4,0,0,5,29.0,36.0,voiture,voiture,5,2,2,1,3
201900026819,2019-04-12 17:40:00,2019,4,12,17,40,69,69034,MARECHAL FOCH (DU)                  (PL),45.7980474,4.8514509,Plein jour,En agglomération,Giratoire,Normale,Deux véhicules - arrière,4,1,2,0,1,3,1,0,1,30,2,2,1,0,0,1,38.0,54.0,voiture,deux_roues,1,2,6,1,2
201900026820,2019-04-11 21:35:00,2019,4,11,21,35,69,69286,MARYSE BASTIE                       (R ),45.825,4.918,Nuit sans éclairage public,En agglomération,Hors intersection,Normale,Deux véhicules - frontale,3,-1,1,0,1,2,1,0,1,50,2,2,1,0,1,0,51.0,45.0,voiture,deux_roues,3,2,1,1,1
201900026821,2019-04-11 19:20:00,2019,4,11,19,20,69,69286,MONT CINDRE (DU)                    (R ),45.82551,4.88877,Plein jour,En agglomération,Hors intersection,Normale,Deux véhicules - arrière,4,2,2,0,2,1,1,0,1,50,2,2,1,0,0,1,70.0,66.0,voiture,voiture,1,2,1,1,2
201900026822,2019-04-13 00:22:00,2019,4,13,0,22,2B,2B120,11 - RT,42.63952,9.43939,Nuit sans éclairage public,En agglomération,Hors intersection,Normale,Autre collision,2,3,4,0,2,3,1,3,1,90,1,5,2,0,0,3,19.0,,voiture,,3,2,1,1,6
201900026823,2019-04-12 22:45:00,2019,4,12,22,45,2B,2B033,VEZZANI - RUE CESAR,42.69315,9.45019,Nuit avec éclairage allumé,En agglomération,Hors intersection,Normale,Trois véhicules et plus - en chaîne,4,2,2,0,1,1,1,0,1,50,3,4,2,0,0,2,38.0,53.0,voiture,voiture,5,2,1,1,4
201900026824,2019-04-12 07:32:00,2019,4,12,7,32,2B,2B033,PAOLI DU NR 21 AU 45 -BLD,42.7012589,9.4503741,Plein jour,En agglomération,Intersection en T,Pluie légère,Deux véhicules - côté,4,2,2,0,1,1,2,0,1,50,2,2,1,0,0,1,34.0,16.0,voiture,deux_roues,1,2,3,2,3
201900026825,2019-04-10 09:14:00,2019,4,10,9,14,971,97113,RN4 - SECTION RIVIERA,16.21775,-61.49126,Plein jour,Hors agglomération,Hors intersection,Normale,Autre collision,2,2,2,0,1,1,1,0,1,70,1,1,0,0,1,0,26.0,,voiture,,1,1,1,1,6
201900026826,2019-04-13 06:20:00,2019,4,13,6,20,2A,2A004,ROSSINI PASCAL BD,41.91581,8.73089,Crépuscule ou aube,En agglomération,Hors intersection,Normale,Deux véhicules - frontale,3,-1,2,0,1,1,1,0,1,50,2,2,1,0,0,1,23.0,58.0,voiture,voiture,2,2,1,1,1
201900026827,2019-04-11 17:40:00,2019,4,11,17,40,2A,2A004,ROUTE DU STILETTO,41.9466,8.76619,Plein jour,En agglomération,Hors intersection,Pluie légère,Deux véhicules - côté,3,2,2,0,2,1,2,0,1,50,2,2,1,0,1,0,42.0,52.0,deux_roues,voiture,1,2,1,2,3
201900026828,2019-04-12 16:25:00,2019,4,12,16,25,95,95424,VICTOR BORDIER(BOULEVARD),48.9901,2.204,Plein jour,En agglomération,Hors intersection,Normale,Deux véhicules - arrière,3,3,4,0,1,1,1,0,1,50,2,6,4,0,2,0,65.0,44.0,voiture,voiture,1,2,1,1,2
201900026829,2019-04-11 08:52:00,2019,4,11,8,52,95,95018,HELOISE (BOULEVARD),48.94217,2.25296,Plein jour,En agglomération,Hors intersection,Normale,Deux véhicules - côté,4,2,2,0,1,1,1,0,1,50,2,2,1,0,0,1,54.0,46.0,deux_roues,utilitaire_camion,1,2,1,1,3
201900026830,2019-04-09 20:02:00,2019,4,9,20,2,91,91687,RN445,48.6558,2.37189,Crépuscule ou aube,En agglomération,Hors intersection,Normale,Trois véhicules et plus - en chaîne,2,1,4,0,1,1,1,0,1,50,4,4,3,0,0,1,49.0,50.0,voiture,voiture,2,2,1,1,4
201900026831,2019-04-11 12:15:00,2019,4,11,12,15,91,91228,EUROPE (BD) N° PAIRS,48.63095,2.42484,Plein jour,En agglomération,Intersection en X,Normale,Deux véhicules - côté,4,3,5,0,1,1,1,0,1,50,2,2,1,0,0,1,52.0,66.0,deux_roues,voiture,1,2,2,1,3
201900026832,2019-04-10 08:05:00,2019,4,10,8,5,91,91657,HENRI CHARON (AVENUE),48.70785,2.418,Plein jour,En agglomération,Intersection en X,Normale,Deux véhicules - côté,4,2,2,0,1,1,1,0,1,50,2,3,2,0,0,1,36.0,33.0,voiture,voiture,1,2,2,1,3
201900026833,2019-04-12 13:35:00,2019,4,12,13,35,91,91339,BOILOT GEORGES (AVENUE),48.62626,2.25993,Plein jour,En agglomération,Intersection en Y,Normale,Deux véhicules - arrière,2,-1,0,0,1,1,1,0,1,50,2,2,0,0,0,2,39.0,49.0,voiture,voiture,1,2,4,1,2
201900026834,2019-07-29 11:55:00,2019,7,29,11,55,51,51113,RD 933,48.8808409,3.7758027,Plein jour,En agglomération,Giratoire,Normale,Deux véhicules - côté,3,1,1,0,1,2,1,0,1,-1,2,3,1,0,0,2,14.0,58.0,deux_roues,utilitaire_camion,1,2,6,1,3
201900026835,2019-07-30 06:25:00,2019,7,30,6,25,56,56240,Coet Y Huel,47.529303,-2.80565,Crépuscule ou aube,Hors agglomération,Hors intersection,Autre,Sans collision,3,2,2,0,1,3,2,0,3,80,1,1,0,0,0,1,25.0,,voiture,,2,1,1,9,7
201900026836,2019-07-28 01:25:00,2019,7,28,1,25,56,56240,La Maison Neuve,47.51744,-2.68843,Nuit avec éclairage allumé,Hors agglomération,Giratoire,Normale,Sans collision,3,2,2,0,1,2,1,5,1,80,1,1,0,0,0,1,50.0,,deux_roues,,5,1,6,1,7
201900026837,2019-07-31 14:00:00,2019,7,31,14,0,79,79352,,46.079513,-0.301696,Plein jour,Hors agglomération,Hors intersection,Normale,Autre collision,3,2,2,0,1,1,1,0,3,80,1,1,0,1,0,0,55.0,,voiture,,1,1,1,1,6
201900026838,2019-07-28 07:00:00,2019,7,28,7,0,79,79100,La Sotterie,46.313066,-0.614088,Crépuscule ou aube,En agglomération,Hors intersection,Normale,Sans collision,3,-1,2,0,1,1,1,0,8,50,1,1,0,1,0,0,53.0,,voiture,,2,2,1,1,7
201900026839,2019-07-28 19:40:00,2019,7,28,19,40,2A,2A362,"Lieu-Dit ""TAGLIO ROSSO"", SAINTE-LUCIE-DE-PORTO-VECCHIO",41.707116,9.317749,Plein jour,En agglomération,Hors intersection,Normale,Sans collision,3,2,2,0,1,1,1,0,4,50,1,1,0,0,1,0,6.0,,deux_roues,,1,2,1,1,7
201900026840,2019-07-29 11:38:00,2019,7,29,11,38,2A,2A092,D168,41.7356601,9.336535,Plein jour,Hors agglomération,Hors intersection,Normale,Autre collision,3,2,2,0,1,3,1,0,3,80,1,1,0,1,0,0,68.0,,voiture,,1,1,1,1,6
201900026841,2019-07-28 18:30:00,2019,7,28,18,30,2B,2B341,"RT 50, PK 65+300",42.197677,9.170496,Plein jour,Hors agglomération,Hors intersection,Normale,Autre collision,2,2,2,0,1,1,1,0,3,80,1,2,1,0,1,0,40.0,,voiture,,1,1,1,1,6
201900026842,2019-07-31 02:00:00,2019,7,31,2,0,2B,2B049,route départemenale 151,42.529958,8.833405,Nuit sans éclairage public,Hors agglomération,Hors intersection,Normale,Autre collision,3,2,2,0,1,1,1,0,1,70,1,3,2,0,1,0,28.0,,voiture,,3,1,1,1,6
201900026843,2019-07-30 18:45:00,2019,7,30,18,45,2B,2B343,Scampornaccio,42.491933,9.482491,Plein jour,Hors agglomération,Intersection en X,Normale,Deux véhicules - côté,4,2,2,0,1,1,1,0,1,50,2,3,2,0,0,1,63.0,50.0,voiture,voiture,1,1,2,1,3
201900026844,2019-07-26 16:25:00,2019,7,26,16,25,80,80071,Lieu-dit vert galant,50.075028,2.324344,Plein jour,Hors agglomération,Intersection en X,Normale,Deux véhicules - frontale,2,2,2,0,1,1,1,0,1,70,2,2,1,0,0,1,28.0,33.0,voiture,deux_roues,1,1,2,1,1
201900026845,2019-07-29 17:10:00,2019,7,29,17,10,80,80650,d929,49.938757,2.412845,Plein jour,Hors agglomération,Hors intersection,Normale,Deux véhicules - frontale,3,2,2,0,2,3,1,0,1,80,2,3,2,0,1,0,69.0,59.0,utilitaire_camion,voiture,1,1,1,1,1
201900026846,2019-07-30 12:05:00,2019,7,30,12,5,82,82115,D35,44.021,1.5831,Plein jour,Hors agglomération,Hors intersection,Normale,Autre collision,3,2,2,0,2,2,9,0,3,50,1,2,1,0,1,0,52.0,,voiture,,1,1,1,1,6
201900026847,2019-06-07 07:00:00,2019,6,7,7,0,82,82114,16 avenue de Toulouse,43.892763,1.239624,Plein jour,En agglomération,Hors intersection,Normale,Autre collision,3,2,2,0,1,1,1,0,1,50,1,2,1,0,1,0,49.0,,voiture,,1,2,1,1,6
201900026848,2019-07-24 14:40:00,2019,7,24,14,40,33,33382,rue de la gare 33920,45.136135,-0.50786,Plein jour,En agglomération,Intersection en T,Normale,Autre collision,3,2,2,0,1,1,1,0,3,50,1,1,0,0,0,1,38.0,,voiture,,1,2,3,1,6
201900026849,2019-07-28 17:05:00,2019,7,28,17,5,69,69066,Route de Charlieu (Cours-la-Ville),46.10287,4.31581,Plein jour,En agglomération,Autre intersection,Normale,Deux véhicules - côté,3,2,2,0,4,1,1,0,1,50,2,2,1,0,1,0,59.0,19.0,deux_roues,voiture,1,2,9,1,3
201900026850,2019-07-31 09:00:00,2019,7,31,9,0,32,32096,Avenue de l'Uby,43.946604,-0.048344,Plein jour,En agglomération,Hors intersection,Normale,Deux véhicules - frontale,2,2,2,1,1,1,1,0,1,70,2,3,0,0,2,1,82.0,19.0,voiture,voiture,1,2,1,1,1
201900026851,2019-07-30 18:37:00,2019,7,30,18,37,32,32345,D41,44.005714,0.531808,Plein jour,Hors agglomération,Hors intersection,Normale,Autre collision,3,2,2,0,1,1,1,0,1,80,1,1,0,0,1,0,18.0,,voiture,,1,1,1,1,6
201900026852,2019-07-29 10:10:00,2019,7,29,10,10,71,71533,route départementale 8 - lieu dit LES PINS,46.216063,4.274883,Plein jour,Hors agglomération,Intersection en T,Normale,Deux véhicules - arrière,3,2,2,0,2,1,1,0,1,80,2,3,2,0,1,0,57.0,33.0,deux_roues,utilitaire_camion,1,1,3,1,2