accident_id,datetime,annee,mois,jour,heure,minute,departement,commune_insee,adresse,latitude,longitude,luminosite,agglomeration,intersection,meteo,collision,catr,circ,nbv,vosp,prof,plan,surf,infra,situ,vma,nb_vehicules,nb_usagers,nb_indemnes,nb_tues,nb_blesses_hosp,nb_blesses_legers,age_cond_1,age_cond_2,veh_type_cond_1,veh_type_cond_2,lum_code,agg_code,int_code,atm_code,col_code
201900027129,2019-03-06 15:17:00,2019,3,6,15,17,76,76217,GAMBETTA (AVENUE),49.91536,1.07485,Plein jour,En agglomération,Hors intersection,Pluie légère,Deux véhicules - côté,3,-1,3,0,1,1,2,0,1,50,2,2,1,0,1,0,54.0,23.0,voiture,deux_roues,1,2,1,2,3
201900027130,2019-02-11 16:35:00,2019,2,11,16,35,74,74119,DUPAS (AVENUE DU GENERAL) RD 1005,46.40164,6.58911,Plein jour,En agglomération,Hors intersection,Temps éblouissant,Autre collision,3,3,0,0,1,1,1,0,1,50,1,2,1,0,1,0,48.0,,voiture,,1,2,1,7,6
201900027131,2019-03-07 18:05:00,2019,3,7,18,5,74,74305,VOIRONS (RUE DES),46.20276,6.25145,Plein jour,En agglomération,Hors intersection,Normale,Deux véhicules - côté,4,2,2,0,1,1,1,0,1,50,2,2,1,0,0,1,40.0,49.0,voiture,deux_roues,1,2,1,1,3
201900027132,2019-03-01 15:40:00,2019,3,1,15,40,74,74012,VALLEES (ROUTE DES),46.19277,6.24456,Plein jour,En agglomération,Intersection en X,Pluie légère,Trois véhicules et plus - collisions multiples,4,2,-1,0,1,1,1,0,1,50,3,3,1,0,0,2,36.0,21.0,voiture,voiture,1,2,2,2,5
201900027133,2019-03-05 17:30:00,2019,3,5,17,30,74,74010,BARATTES (AVENUE DES),45.90804,6.14305,Crépuscule ou aube,En agglomération,Intersection en T,Temps éblouissant,Autre collision,4,2,2,0,1,1,1,0,1,30,1,2,1,0,1,0,85.0,,voiture,,2,2,3,7,6
201900027134,2019-03-08 08:30:00,2019,3,8,8,30,72,72181,RHIN ET DANUBE (AV) N° PAIRS 2 A 192,48.01594,0.18604,Plein jour,En agglomération,Hors intersection,Normale,Deux véhicules - arrière,4,3,4,2,1,1,9,0,1,50,2,2,1,0,0,1,26.0,29.0,voiture,voiture,1,2,1,1,2
201900027135,2019-03-07 13:19:00,2019,3,7,13,19,72,72181,LEFAUCHEUX PIERRE (BD),47.96283,0.17718,Plein jour,Hors agglomération,Hors intersection,Normale,Deux véhicules - arrière,4,3,4,0,1,1,1,0,1,90,2,2,1,0,0,1,21.0,29.0,voiture,voiture,1,1,1,1,2
201900027136,2019-03-07 09:45:00,2019,3,7,9,45,72,72181,BEAUGE (RUE DE),48.01078,0.16028,Plein jour,En agglomération,Hors intersection,Normale,Deux véhicules - arrière,4,2,2,0,1,1,1,0,1,50,2,3,2,0,0,1,20.0,74.0,voiture,voiture,1,2,1,1,2
201900027137,2019-03-03 04:40:00,2019,3,3,4,40,71,71270,PILLET (RUE CHARLES),46.29656,4.8156,Nuit avec éclairage allumé,En agglomération,Hors intersection,Normale,Deux véhicules - frontale,4,3,2,0,1,1,1,0,2,30,2,4,3,0,0,1,54.0,20.0,voiture,voiture,5,2,1,1,1
201900027138,2019-03-06 10:00:00,2019,3,6,10,0,69,69256,DROITS DE L'HOMME (DES)             (R ),45.76712,4.93278,Plein jour,En agglomération,Intersection en X,Normale,Deux véhicules - côté,4,3,6,3,1,1,1,0,1,50,2,2,0,0,0,2,35.0,25.0,utilitaire_camion,utilitaire_camion,1,2,2,1,3
201900027139,2019-03-05 16:40:00,2019,3,5,16,40,69,69256,GABRIEL PERI                        (AV),45.77761,4.91595,Plein jour,En agglomération,Intersection en X,Normale,Autre collision,4,2,2,0,1,1,1,5,1,50,1,2,1,0,0,1,26.0,,voiture,,1,2,2,1,6
201900027140,2019-03-04 11:25:00,2019,3,4,11,25,69,69275,JEAN JAURES                         (AV),45.77073,4.9829,Plein jour,En agglomération,Hors intersection,Normale,Deux véhicules - frontale,4,2,2,3,1,3,1,0,1,30,2,3,1,0,0,2,17.0,29.0,deux_roues,transport_commun,1,2,1,1,1
201900027141,2019-03-04 08:30:00,2019,3,4,8,30,69,69266,ALBERT EINSTEIN    (Avenue),45.78237,4.87777,Plein jour,En agglomération,Hors intersection,Normale,Autre collision,4,2,3,0,1,2,1,0,1,50,1,2,0,0,0,2,28.0,,deux_roues,,1,2,1,1,6
201900027142,2019-03-08 19:05:00,2019,3,8,19,5,69,69096,BERTHELOT (MARCELIN) (AV),45.59757,4.78201,Nuit avec éclairage allumé,En agglomération,Intersection en X,Normale,Autre collision,3,2,2,0,1,1,1,5,1,50,1,1,0,0,0,1,,,,,5,2,2,1,6
201900027143,2019-03-07 09:15:00,2019,3,7,9,15,68,68066,LADHOF (RUE DU),48.10686,7.3792,Plein jour,En agglomération,Hors intersection,Normale,Autre collision,3,2,2,1,1,1,1,0,1,50,1,2,1,0,1,0,47.0,,utilitaire_camion,,1,2,1,1,6
201900027144,2019-03-07 11:15:00,2019,3,7,11,15,67,67482,ARMANDE BEJART (RUE),48.592739,7.711298,Plein jour,En agglomération,Hors intersection,Normale,Autre collision,4,2,2,0,1,1,1,0,1,50,1,2,1,0,0,1,59.0,,voiture,,1,2,1,1,6
201900027145,2019-03-06 09:45:00,2019,3,6,9,45,67,67482,JEAN JAURES (AVENUE),48.570769,7.759531,Plein jour,En agglomération,Hors intersection,Normale,Deux véhicules - côté,4,3,6,1,1,1,1,0,1,50,2,2,0,0,0,2,25.0,40.0,deux_roues,deux_roues,1,2,1,1,3
201900027146,2019-03-06 07:20:00,2019,3,6,7,20,67,67482,VOSGES (AVENUE DES),48.591617,7.743944,Crépuscule ou aube,En agglomération,Intersection en T,Normale,Deux véhicules - côté,4,2,5,1,1,1,2,0,1,50,2,2,1,0,0,1,26.0,28.0,deux_roues,voiture,2,2,3,1,3
201900027147,2019-03-06 08:45:00,2019,3,6,8,45,67,67482,RHIN (ROUTE DU),48.57032,7.785111,Plein jour,En agglomération,Hors intersection,Normale,Deux véhicules - arrière,4,3,4,1,1,1,1,0,1,50,2,2,1,0,0,1,54.0,44.0,voiture,voiture,1,2,1,1,2
201900027148,2019-03-04 17:30:00,2019,3,4,17,30,67,67482,LOESS (RUE DU),48.60314,7.70987,Plein jour,En agglomération,Hors intersection,Pluie légère,Autre collision,4,2,2,0,1,1,1,0,1,50,1,2,1,0,0,1,19.0,,voiture,,1,2,1,2,6
201900027149,2019-03-04 16:20:00,2019,3,4,16,20,67,67482,MONTAGNE VERTE (RUE DE LA),48.570092,7.727742,Plein jour,En agglomération,Hors intersection,Vent fort / tempête,Trois véhicules et plus - en chaîne,4,3,4,0,1,1,1,0,1,50,3,3,2,0,0,1,34.0,27.0,voiture,voiture,1,2,1,6,4
201900027150,2019-03-03 22:15:00,2019,3,3,22,15,67,67482,KALTAU (RUE DE LA ),48.570808,7.744645,Nuit avec éclairage allumé,En agglomération,Hors intersection,Normale,Autre collision,4,1,1,0,1,1,1,0,1,50,1,2,1,0,0,1,21.0,,deux_roues,,5,2,1,1,6
201900027151,2019-03-03 20:01:00,2019,3,3,20,1,67,67447,TRIBUNAL (RUE DU),48.603436,7.75469,Nuit avec éclairage allumé,En agglomération,Intersection en T,Temps couvert,Autre collision,4,2,2,0,1,1,1,0,1,50,2,3,0,0,0,3,29.0,43.0,voiture,voiture,5,2,3,8,6
201900027152,2019-03-05 12:18:00,2019,3,5,12,18,67,67462,MAISON ROUGE (CARREFOUR),48.276031,7.462835,Plein jour,En agglomération,Autre intersection,Normale,Autre collision,3,2,0,0,1,1,1,9,1,20,1,5,1,0,0,4,19.0,,voiture,,1,2,9,1,6
201900027153,2019-03-06 09:35:00,2019,3,6,9,35,67,67180,MOUTONS (RUE DES),48.8062,7.802,Plein jour,En agglomération,Intersection en X,Normale,Deux véhicules - côté,4,2,2,0,1,1,1,5,1,50,2,2,1,0,1,0,57.0,82.0,utilitaire_camion,deux_roues,1,2,2,1,3
201900027154,2019-03-04 08:40:00,2019,3,4,8,40,66,66136,Paul Alduy),42.6809,2.90279,Crépuscule ou aube,En agglomération,Hors intersection,Normale,Autre collision,4,2,2,0,1,1,1,0,1,30,1,2,1,0,0,1,20.0,,deux_roues,,2,2,1,1,6
201900027155,2019-03-02 17:06:00,2019,3,2,17,6,66,66136,FRANCE LIBRE (BOULEVARD DE LA),42.6994,2.8815,Plein jour,En agglomération,Hors intersection,Normale,Deux véhicules - côté,4,-1,2,0,1,1,1,0,1,30,2,2,1,0,0,1,63.0,21.0,voiture,voiture,1,2,1,1,3
201900027156,2019-03-03 06:34:00,2019,3,3,6,34,66,66136,DALBIEZ (AVENUE VICTOR),42.689563,2.884474,Crépuscule ou aube,En agglomération,Intersection en X,Normale,Deux véhicules - côté,4,2,2,0,1,1,1,0,1,30,2,3,2,1,0,0,25.0,,voiture,,2,2,2,1,3
201900027157,2019-03-05 17:20:00,2019,3,5,17,20,65,65440,ARDENNES (BOULEVARD DES),43.2496,0.072,Plein jour,En agglomération,Hors intersection,Normale,Deux véhicules - côté,3,2,2,0,1,1,1,0,1,50,2,3,2,0,0,1,17.0,21.0,deux_roues,voiture,1,2,1,1,3
201900027158,2019-03-09 09:55:00,2019,3,9,9,55,64,64260,PASSICOT (RUE DU COMMANDANT),43.35902,-1.77167,Plein jour,En agglomération,Hors intersection,Pluie légère,Autre collision,4,-1,1,0,1,1,2,0,1,50,1,2,1,0,1,0,37.0,,voiture,,1,2,1,2,6
201900027159,2019-03-05 16:55:00,2019,3,5,16,55,64,64260,BIGARENA (RUE),43.351128,-1.7756512,Plein jour,En agglomération,Autre intersection,Normale,Autre collision,4,2,2,0,4,1,1,9,2,30,1,2,1,0,0,1,14.0,,deux_roues,,1,2,9,1,6
201900027160,2019-03-09 14:30:00,2019,3,9,14,30,64,64269,TARBES DE,43.2987799,-0.3052739,Plein jour,En agglomération,Hors intersection,Normale,Autre collision,3,2,4,0,1,1,1,0,1,50,1,2,0,0,0,2,17.0,,deux_roues,,1,2,1,1,6
201900027161,2019-03-08 19:10:00,2019,3,8,19,10,64,64284,AVENUE HENRI IV,43.282193,-0.387374,Plein jour,En agglomération,Intersection en T,Pluie légère,Autre collision,4,2,5,2,1,1,1,0,1,50,2,2,1,0,0,1,17.0,54.0,deux_roues,voiture,1,2,3,2,6
201900027162,2019-03-07 17:25:00,2019,3,7,17,25,64,64284,8 MAI 1945 DU,43.280861,-0.3853614,Plein jour,En agglomération,Hors intersection,Normale,Deux véhicules - arrière,3,1,2,0,1,1,1,0,1,70,2,2,1,0,0,1,56.0,23.0,utilitaire_camion,voiture,1,2,1,1,2
201900027163,2019-03-05 21:00:00,2019,3,5,21,0,64,64445,MONNAIE,43.29416,-0.3771,Nuit avec éclairage allumé,En agglomération,Place,Normale,Deux véhicules - frontale,4,2,3,0,1,1,1,9,1,50,2,4,2,0,1,1,18.0,21.0,deux_roues,voiture,5,2,7,1,1
201900027164,2019-03-05 17:30:00,2019,3,5,17,30,64,64445,MONSEIGNEUR CAMPO,43.32235,-0.34559,Plein jour,En agglomération,Hors intersection,Normale,Autre collision,4,2,2,0,1,1,1,0,1,50,1,2,1,0,0,1,27.0,,voiture,,1,2,1,1,6
201900027165,2019-03-05 17:55:00,2019,3,5,17,55,64,64445,Avenue de Buros,43.3324488,-0.3340369,Plein jour,En agglomération,Hors intersection,Normale,Deux véhicules - côté,4,2,2,0,2,1,1,0,1,50,2,2,1,0,0,1,31.0,45.0,voiture,voiture,1,2,1,1,3
201900027166,2019-03-04 17:15:00,2019,3,4,17,15,64,64122,MIGRON (AVENUE DE),43.47387,-1.55035,Plein jour,En agglomération,Hors intersection,Normale,Deux véhicules - côté,4,2,2,0,1,1,1,0,1,50,2,2,1,0,1,0,35.0,15.0,voiture,deux_roues,1,2,1,1,3
201900027167,2019-03-07 14:20:00,2019,3,7,14,20,64,64102,SOULT (AVENUE MARECHAL),43.483584,-1.500955,Plein jour,En agglomération,Intersection en T,Normale,Trois véhicules et plus - en chaîne,3,3,4,3,2,1,1,5,1,50,3,3,2,0,0,1,54.0,19.0,voiture,deux_roues,1,2,3,1,4
201900027168,2019-03-02 10:22:00,2019,3,2,10,22,63,63063,MOULIN (BD JEAN),45.830323,3.105392,Plein jour,En agglomération,Autre intersection,Normale,Autre collision,7,2,3,0,1,1,1,0,1,50,1,2,1,0,0,1,87.0,,voiture,,1,2,9,1,6
201900027169,2019-03-05 15:50:00,2019,3,5,15,50,62,62040,LILLE (RUE DE......),50.7307684,2.2946351,Plein jour,En agglomération,Hors intersection,Normale,Autre collision,4,2,2,0,1,1,1,0,1,50,1,1,0,0,1,0,23.0,,deux_roues,,1,2,1,1,6
201900027170,2019-03-05 17:40:00,2019,3,5,17,40,62,62193,GUYNEMER (AVENUE G.),50.94663,1.89336,Plein jour,En agglomération,Hors intersection,Normale,Deux véhicules - arrière,7,3,2,2,1,1,1,0,1,50,2,2,1,0,0,1,27.0,64.0,voiture,voiture,1,2,1,1,2
201900027171,2019-03-07 15:15:00,2019,3,7,15,15,62,62643,BIEZ ( Rue du ),50.7043,1.59787,Plein jour,En agglomération,Hors intersection,Normale,Deux véhicules - frontale,4,1,1,0,1,1,1,0,2,50,2,2,1,0,1,0,64.0,41.0,deux_roues,voiture,1,2,1,1,1
201900027172,2019-03-02 20:10:00,2019,3,2,20,10,62,62119,UNIVERSITE ( RUE DE L' ),50.5152724,2.6595651,Nuit avec éclairage allumé,En agglomération,Hors intersection,Normale,Autre collision,4,-1,3,3,1,2,2,9,2,50,1,1,0,0,1,0,45.0,,deux_roues,,5,2,1,1,6
201900027173,2019-03-08 15:15:00,2019,3,8,15,15,59,59599,BIENFAISANCE (RUE DE LA),50.72515,3.15664,Plein jour,En agglomération,Intersection en X,Temps couvert,Autre collision,4,2,3,1,1,1,1,0,2,50,1,2,1,0,0,1,53.0,,voiture,,1,2,2,8,6
201900027174,2019-02-11 11:25:00,2019,2,11,11,25,59,59599,MOUVAUX (RUE DE),50.6946,3.15529,Plein jour,En agglomération,Intersection en X,Normale,Autre collision,4,2,2,0,1,1,1,0,1,50,1,2,1,0,1,0,64.0,,autre,,1,2,2,1,6
201900027175,2019-02-24 21:05:00,2019,2,24,21,5,59,59350,FAUBOURG D'ARRAS RUE,50.609,3.06,Nuit avec éclairage allumé,En agglomération,Hors intersection,Normale,Deux véhicules - frontale,7,2,4,0,1,1,1,0,1,50,2,2,1,0,0,1,23.0,,voiture,voiture,5,2,1,1,1
201900027176,2019-03-05 12:30:00,2019,3,5,12,30,59,59009,JAURES JEAN RUE    N°5 AU 99,50.6626,3.13829,Plein jour,En agglomération,Hors intersection,Normale,Autre collision,4,2,3,0,1,1,1,0,1,50,1,2,1,0,1,0,35.0,,voiture,,1,2,1,1,6
201900027177,2019-03-01 20:05:00,2019,3,1,20,5,59,59636,BONDUES RUE DE,50.69449,3.05672,Nuit avec éclairage allumé,En agglomération,Intersection en T,Normale,Deux véhicules - côté,7,3,2,0,1,1,9,0,1,70,2,3,2,0,1,0,38.0,22.0,deux_roues,utilitaire_camion,5,2,3,1,3
201900027178,2019-03-06 05:30:00,2019,3,6,5,30,59,59172,BERTHELOT (R.),50.34354,3.37752,Nuit avec éclairage allumé,En agglomération,Intersection en X,Normale,Autre collision,3,2,2,0,1,1,1,5,1,50,2,1,0,0,1,0,61.0,,deux_roues,,5,2,2,1,6
201900027179,2019-03-06 15:45:00,2019,3,6,15,45,58,58194,TREIZIEME DE LIGNE,46.99242,3.14888,Plein jour,En agglomération,Giratoire,Pluie légère,Deux véhicules - côté,4,2,2,0,1,1,2,0,1,50,2,2,1,0,0,1,55.0,20.0,voiture,voiture,1,2,6,2,3
201900027180,2019-03-08 05:40:00,2019,3,8,5,40,57,57480,PONT A MOUSSON (RUE DE ),49.10206,6.15865,Crépuscule ou aube,En agglomération,Hors intersection,Normale,Deux véhicules - côté,4,2,2,0,1,1,1,0,1,50,2,2,1,0,1,0,47.0,70.0,deux_roues,voiture,2,2,1,1,3
201900027181,2019-03-04 19:51:00,2019,3,4,19,51,57,57751,FORT GAMBETTA (RUE DU ),49.14869,6.16444,Nuit avec éclairage allumé,En agglomération,Hors intersection,Pluie légère,Autre collision,4,2,2,0,1,1,2,0,1,50,1,3,0,0,1,2,,,,,5,2,1,2,6
201900027182,2019-03-06 19:15:00,2019,3,6,19,15,57,57606,RD 603,49.111,6.705,Nuit sans éclairage public,Hors agglomération,Hors intersection,Pluie légère,Deux véhicules - côté,3,2,3,0,2,2,2,0,1,70,2,5,0,0,2,3,36.0,20.0,voiture,voiture,3,1,1,2,3
201900027183,2019-03-06 12:30:00,2019,3,6,12,30,56,56260,JAURES(RUE JEAN),47.64875,-2.75473,Plein jour,En agglomération,Hors intersection,Temps couvert,Autre collision,3,2,2,0,2,1,1,0,1,50,1,2,1,0,1,0,44.0,,voiture,,1,2,1,8,6
201900027184,2019-03-02 08:35:00,2019,3,2,8,35,56,56162,Giratoire de SOYE,47.74098,-3.40623,Plein jour,Hors agglomération,Giratoire,Normale,Sans collision,3,2,2,0,3,2,8,5,1,50,1,1,0,0,0,1,20.0,,deux_roues,,1,1,6,1,7
201900027185,2019-03-01 19:15:00,2019,3,1,19,15,56,56121,PORT (RUE  DU ),47.74676,-3.35875,Nuit avec éclairage allumé,En agglomération,Intersection en X,Pluie légère,Autre collision,4,1,1,0,1,1,2,0,1,30,1,3,2,0,1,0,73.0,,voiture,,5,2,2,2,6
201900027186,2019-03-04 09:25:00,2019,3,4,9,25,54,54079,RD657,48.877545,6.057714,Plein jour,En agglomération,Intersection en T,Temps couvert,Deux véhicules - frontale,3,2,2,0,1,1,1,0,1,50,2,3,2,0,0,1,56.0,61.0,utilitaire_camion,voiture,1,2,3,8,1
201900027187,2019-01-30 07:30:00,2019,1,30,7,30,54,54395,GAMBETTA (RUE),48.692245,6.180606,Crépuscule ou aube,En agglomération,Hors intersection,Normale,Autre collision,4,-1,1,0,1,1,1,0,1,50,2,2,1,0,0,1,21.0,55.0,deux_roues,voiture,2,2,1,1,6
201900027188,2019-03-02 01:27:00,2019,3,2,1,27,54,54395,BATAILLE (QUAI DE LA),48.677486,6.191384,Nuit avec éclairage allumé,En agglomération,Hors intersection,Pluie légère,Autre collision,4,-1,1,0,1,1,1,0,1,50,2,1,0,0,1,0,20.0,,deux_roues,,5,2,1,2,6
201900027189,2019-03-04 15:15:00,2019,3,4,15,15,52,52448,Edgar PISANI ( Boulevard ),48.6371243,4.9752294,Plein jour,En agglomération,Hors intersection,Normale,Autre collision,4,2,2,0,1,1,1,0,1,50,1,1,0,0,1,0,78.0,,voiture,,1,2,1,1,6
201900027190,2019-03-22 18:00:00,2019,3,22,18,0,52,52121,REPUBLIQUE (AVENUE),48.09602,5.14541,Plein jour,En agglomération,Giratoire,Normale,Deux véhicules - côté,4,-1,1,0,1,2,1,0,1,50,2,3,1,0,0,2,17.0,56.0,deux_roues,voiture,1,2,6,1,3
201900027191,2019-03-05 07:45:00,2019,3,5,7,45,52,52121,GAGARINE (RUE YOURI),48.10399,5.1462,Plein jour,En agglomération,Hors intersection,Pluie légère,Sans collision,4,2,2,0,1,1,2,0,1,50,1,1,0,0,0,1,,,,,1,2,1,2,7
201900027192,2019-03-06 15:30:00,2019,3,6,15,30,51,51454,RUE DU VAL CLAIR,49.21999,4.11365,Plein jour,En agglomération,Hors intersection,Pluie légère,Deux véhicules - côté,4,2,2,0,1,1,2,0,1,50,2,2,1,0,1,0,25.0,54.0,deux_roues,utilitaire_camion,1,2,1,2,3
201900027193,2019-03-06 16:40:00,2019,3,6,16,40,51,51454,PLACE DU FORUM,49.2568,4.0344611,Plein jour,En agglomération,Autre intersection,Temps couvert,Sans collision,6,-1,0,0,1,2,2,0,1,30,1,2,1,0,0,1,69.0,,voiture,,1,2,9,8,7
201900027194,2019-03-06 15:30:00,2019,3,6,15,30,51,51454,AVENUE DU MARECHAL JUIN,49.22511,4.01772,Plein jour,En agglomération,Giratoire,Pluie légère,Deux véhicules - arrière,4,2,4,3,1,1,2,0,1,50,2,3,2,0,0,1,43.0,20.0,voiture,voiture,1,2,6,2,2
201900027195,2019-05-01 19:40:00,2019,5,1,19,40,59,59368,POMPIDOU G. RUE DU PDT.7 -141,50.65363,3.06948,Plein jour,En agglomération,Hors intersection,Temps couvert,Trois véhicules et plus - collisions multiples,4,2,2,0,1,1,1,0,2,50,3,3,2,0,0,1,29.0,65.0,voiture,voiture,1,2,1,8,5
201900027196,2019-03-28 11:10:00,2019,3,28,11,10,59,59350,POSTES RUE N°1 - 63,50.62653,3.05681,Plein jour,En agglomération,Autre intersection,Normale,Autre collision,4,2,2,0,1,1,1,6,1,50,1,2,1,0,0,1,20.0,,deux_roues,,1,2,9,1,6
201900027197,2019-04-18 21:10:00,2019,4,18,21,10,59,59350,ISLY RUE,50.6248,3.03876,Nuit avec éclairage non allumé,En agglomération,Intersection en X,Normale,Deux véhicules - arrière,4,2,2,2,1,1,1,0,1,50,2,1,0,0,0,1,23.0,,deux_roues,,4,2,2,1,2
201900027198,2019-05-10 09:25:00,2019,5,10,9,25,59,59350,ALSACE BOULEVARD D,50.6174,3.062,Plein jour,En agglomération,Hors intersection,Normale,Autre collision,4,2,2,0,1,1,1,0,1,50,1,2,1,0,1,0,29.0,,voiture,,1,2,1,1,6
201900027199,2019-05-18 19:00:00,2019,5,18,19,0,59,59009,FUSILLES RUE DES DU N° 2-110,50.61971,3.13966,Plein jour,En agglomération,Hors intersection,Normale,Deux véhicules - côté,7,2,2,0,1,1,1,0,1,50,2,2,0,0,1,1,35.0,33.0,voiture,deux_roues,1,2,1,1,3
201900027200,2019-05-17 18:25:00,2019,5,17,18,25,59,59350,LANNOY RUE,50.63398,3.09433,Plein jour,En agglomération,Intersection en T,Temps couvert,Autre collision,7,2,3,1,1,1,1,0,3,50,1,2,1,0,0,1,45.0,,voiture,,1,2,3,8,6
201900027201,2019-05-16 20:15:00,2019,5,16,20,15,59,59636,LECLERCQ RUE DU GENERAL,50.68403,3.04571,Plein jour,En agglomération,Intersection en T,Normale,Deux véhicules - côté,4,2,2,0,1,1,1,0,1,50,2,3,2,0,0,1,28.0,39.0,voiture,voiture,1,2,3,1,3
201900027202,2019-05-13 14:35:00,2019,5,13,14,35,59,59646,MARNE AVENUE DE LA,50.6873515,3.1235207,Plein jour,En agglomération,Hors intersection,Normale,Autre collision,7,3,2,3,1,1,1,0,1,70,1,2,1,0,0,1,50.0,,voiture,,1,2,1,1,6
201900027203,2019-05-09 23:20:00,2019,5,9,23,20,59,59360,POTIE GEORGES RUE,50.61229,3.01002,Nuit avec éclairage allumé,En agglomération,Autre intersection,Normale,Deux véhicules - arrière,7,2,1,1,1,1,1,5,1,50,2,2,1,0,1,0,64.0,39.0,deux_roues,voiture,5,2,9,1,2
201900027204,2019-05-08 11:25:00,2019,5,8,11,25,59,59009,OUEST BOULEVARD DE L,50.6369,3.12204,Plein jour,En agglomération,Intersection en T,Pluie légère,Deux véhicules - côté,4,1,3,1,1,1,2,0,1,50,2,2,1,0,0,1,57.0,,deux_roues,voiture,1,2,3,2,3
201900027205,2019-05-06 20:50:00,2019,5,6,20,50,59,59350,DUNKERQUE AVENUE,50.63985,3.01931,Crépuscule ou aube,En agglomération,Hors intersection,Normale,Deux véhicules - côté,7,2,2,0,1,3,1,0,1,50,2,3,1,0,0,2,38.0,20.0,voiture,voiture,2,2,1,1,3
201900027206,2019-04-25 23:15:00,2019,4,25,23,15,59,59350,HOOVER AVENUE DU PRESIDENT,50.62787,3.07901,Nuit avec éclairage allumé,En agglomération,Autre intersection,Normale,Autre collision,7,-1,2,0,1,1,1,5,1,50,1,3,2,0,0,1,29.0,,voiture,,5,2,9,1,6
201900027207,2019-05-05 02:30:00,2019,5,5,2,30,59,59350,ESPLANADE FACADE,50.63992,3.05368,Nuit avec éclairage allumé,En agglomération,Autre intersection,Normale,Deux véhicules - côté,7,3,5,0,1,1,1,0,1,50,2,4,1,0,0,3,24.0,29.0,voiture,voiture,5,2,9,1,3
201900027208,2019-04-18 12:40:00,2019,4,18,12,40,59,59350,FAUBOURG D'ARRAS RUE,50.6042,3.0569,Plein jour,En agglomération,Intersection en X,Normale,Autre collision,7,2,1,0,1,1,1,0,1,50,1,2,1,0,1,0,35.0,,deux_roues,,1,2,2,1,6
201900027209,2019-05-02 09:00:00,2019,5,2,9,0,59,59328,BOIS RUE DU,50.64774,3.04391,Plein jour,En agglomération,Hors intersection,Normale,Deux véhicules - côté,4,2,2,1,1,1,1,0,1,50,2,2,1,0,0,1,37.0,23.0,voiture,deux_roues,1,2,1,1,3
201900027210,2019-05-01 20:00:00,2019,5,1,20,0,59,59560,POSTES CHEMIN DES,50.5516,3.01256,Plein jour,Hors agglomération,Hors intersection,Normale,Autre collision,4,2,1,0,1,2,9,2,1,50,1,1,0,1,0,0,19.0,,autre,,1,1,1,1,6
201900027211,2019-04-17 09:05:00,2019,4,17,9,5,59,59316,JAURES JEAN RUE,50.57348,2.99596,Plein jour,En agglomération,Intersection en T,Normale,Deux véhicules - côté,7,2,2,0,1,1,1,0,1,50,2,2,1,0,0,1,72.0,50.0,voiture,deux_roues,1,2,3,1,3
201900027212,2019-04-10 16:25:00,2019,4,10,16,25,59,59527,SAINTE HELENE RUE,50.65618,3.05556,Plein jour,En agglomération,Intersection en T,Normale,Autre collision,7,2,2,0,1,1,1,0,1,50,2,2,1,0,0,1,18.0,61.0,deux_roues,voiture,1,2,3,1,6
201900027213,2019-05-13 17:30:00,2019,5,13,17,30,59,59183,NATIONALE,51.031037,2.299852,Plein jour,En agglomération,Autre intersection,Normale,Deux véhicules - côté,4,-1,2,0,1,1,1,0,1,20,2,2,1,0,0,1,29.0,11.0,voiture,deux_roues,1,2,9,1,3
201900027214,2019-05-11 23:25:00,2019,5,11,23,25,59,59183,REPUBLIQUE,51.028086,2.3470504,Nuit avec éclairage allumé,En agglomération,Intersection en T,Normale,Trois véhicules et plus - collisions multiples,4,2,2,0,1,1,1,0,1,50,3,5,2,0,1,2,29.0,19.0,voiture,voiture,5,2,3,1,5
201900027215,2019-05-25 21:15:00,2019,5,25,21,15,59,59375,CD 957,50.42566,3.26322,Plein jour,Hors agglomération,Hors intersection,Normale,Sans collision,3,2,2,0,1,1,1,0,1,80,1,2,1,0,0,1,35.0,,voiture,,1,1,1,1,7
201900027216,2019-05-24 16:30:00,2019,5,24,16,30,59,59178,REPUBLIQUE (BOULEVARD DE LA),50.37457,3.07327,Plein jour,En agglomération,Hors intersection,Normale,Autre collision,4,3,2,0,1,1,1,0,1,50,1,2,1,0,1,0,57.0,,voiture,,1,2,1,1,6
201900027217,2019-05-20 18:15:00,2019,5,20,18,15,59,59574,PASTEUR LOUIS (RUE),50.36106,3.28039,Plein jour,En agglomération,Hors intersection,Normale,Deux véhicules - arrière,3,2,2,0,1,1,1,0,1,50,2,2,1,0,1,0,37.0,38.0,deux_roues,voiture,1,2,1,1,2
201900027218,2019-05-13 19:30:00,2019,5,13,19,30,59,59028,LEBAS (RUE JEAN),50.41711,3.06587,Plein jour,En agglomération,Hors intersection,Normale,Deux véhicules - arrière,3,2,2,0,1,1,1,0,1,50,2,2,1,0,1,0,34.0,20.0,voiture,deux_roues,1,2,1,1,2
201900027219,2019-05-14 12:50:00,2019,5,14,12,50,59,59178,CAMBRAI (PONT DE),50.35681,3.08138,Plein jour,En agglomération,Hors intersection,Normale,Deux véhicules - frontale,3,2,2,0,2,1,1,2,1,50,2,2,1,0,1,0,30.0,88.0,deux_roues,voiture,1,2,1,1,1
201900027220,2019-05-05 00:45:00,2019,5,5,0,45,59,59178,FAUBOURG DE BETHUNE (RUE DU),50.38736,3.05919,Nuit avec éclairage allumé,En agglomération,Hors intersection,Normale,Autre collision,3,2,2,0,1,3,1,0,1,50,1,3,2,0,0,1,42.0,,voiture,,5,2,1,1,6