accident_id,datetime,annee,mois,jour,heure,minute,departement,commune_insee,adresse,latitude,longitude,luminosite,agglomeration,intersection,meteo,collision,catr,circ,nbv,vosp,prof,plan,surf,infra,situ,vma,nb_vehicules,nb_usagers,nb_indemnes,nb_tues,nb_blesses_hosp,nb_blesses_legers,age_cond_1,age_cond_2,veh_type_cond_1,veh_type_cond_2,lum_code,agg_code,int_code,atm_code,col_code
201900027408,2019-11-11 21:35:00,2019,11,11,21,35,93,93066,AUTOROUTE A1,48.92297,2.35718,Nuit avec éclairage allumé,Hors agglomération,Hors intersection,Normale,Autre collision,1,3,8,0,1,1,1,0,1,90,1,4,0,0,3,1,32.0,,voiture,,5,1,1,1,6
201900027409,2019-11-11 16:50:00,2019,11,11,16,50,95,95678,RN 184,49.07172,2.22358,Plein jour,Hors agglomération,Hors intersection,Temps couvert,Sans collision,2,3,7,0,2,2,2,0,1,110,1,2,0,0,0,2,33.0,,voiture,,1,1,1,8,7
201900027410,2019-11-11 14:40:00,2019,11,11,14,40,95,95582,RD 170,48.96465,2.26972,Plein jour,Hors agglomération,Hors intersection,Pluie légère,Deux véhicules - arrière,3,3,7,0,1,1,2,0,1,70,2,2,1,0,0,1,63.0,30.0,voiture,deux_roues,1,1,1,2,2
201900027411,2019-11-10 15:15:00,2019,11,10,15,15,95,95424,AUTOROUTE A15,48.98871,2.19901,Plein jour,Hors agglomération,Hors intersection,Pluie légère,Sans collision,1,1,1,0,2,3,2,0,1,50,1,1,0,0,0,1,20.0,,voiture,,1,1,1,2,7
201900027412,2019-11-10 14:00:00,2019,11,10,14,0,92,92078,AUTOROUTE A86,48.92919,2.32967,Plein jour,Hors agglomération,Hors intersection,Pluie légère,Sans collision,1,3,6,0,1,2,2,1,1,70,1,1,0,0,0,1,26.0,,deux_roues,,1,1,1,2,7
201900027413,2019-11-13 12:30:00,2019,11,13,12,30,94,94073,A86 INT,48.7699089,2.3807489,Plein jour,Hors agglomération,Hors intersection,Normale,Trois véhicules et plus - en chaîne,1,3,3,0,1,1,1,1,1,90,4,5,3,0,0,2,51.0,33.0,utilitaire_camion,voiture,1,1,1,1,4
201900027414,2019-11-13 07:30:00,2019,11,13,7,30,77,77018,A4,48.8461067,2.8302334,Nuit sans éclairage public,Hors agglomération,Hors intersection,Normale,Deux véhicules - arrière,1,3,4,3,1,1,2,0,1,130,2,2,0,0,0,2,30.0,50.0,voiture,voiture,3,1,1,1,2
201900027415,2019-11-12 11:00:00,2019,11,12,11,0,94,94073,A86 INT,48.7707,2.3858,Plein jour,Hors agglomération,Hors intersection,Normale,Sans collision,1,3,3,0,1,1,1,0,1,90,1,1,0,0,0,1,40.0,,deux_roues,,1,1,1,1,7
201900027416,2019-11-12 09:00:00,2019,11,12,9,0,77,77258,A4.Y,48.8298683,2.624747,Plein jour,Hors agglomération,Hors intersection,Normale,Autre collision,1,3,5,0,1,1,2,0,1,90,1,1,0,0,0,1,32.0,,voiture,,1,1,1,1,6
201900027417,2019-11-08 22:00:00,2019,11,8,22,0,86,86214,DEUX COMMUNES (RUE DES),46.5938835,0.3519756,Plein jour,En agglomération,Hors intersection,Normale,Deux véhicules - côté,4,3,6,0,1,1,2,0,1,70,2,3,1,0,1,1,44.0,15.0,voiture,deux_roues,1,2,1,1,3
201900027418,2019-11-11 18:45:00,2019,11,11,18,45,76,76351,AVIATEUR GUERIN,49.48659,0.12632,Nuit avec éclairage allumé,En agglomération,Intersection en T,Pluie forte,Autre collision,4,2,2,0,1,1,3,0,1,50,1,1,0,0,1,0,73.0,,voiture,,5,2,3,3,6
201900027419,2019-11-09 15:30:00,2019,11,9,15,30,76,76351,EUGENE MOPIN (RUE),49.51914,0.15818,Plein jour,En agglomération,Hors intersection,Pluie forte,Sans collision,3,2,2,0,2,1,3,0,1,50,1,1,0,0,1,0,61.0,,deux_roues,,1,2,1,3,7
201900027420,2019-11-11 18:35:00,2019,11,11,18,35,71,71306,ANATOLE FRANCE (RUE),46.6913,4.35563,Nuit sans éclairage public,En agglomération,Hors intersection,Pluie légère,Sans collision,4,2,2,0,1,1,2,0,1,50,1,2,1,0,0,1,39.0,,voiture,,3,2,1,2,7
201900027421,2019-11-10 13:50:00,2019,11,10,13,50,63,63113,BRUYANT (RUE CHARLES),45.766369,3.0864082,Plein jour,En agglomération,Autre intersection,Normale,Autre collision,4,2,2,0,1,2,1,0,1,50,1,2,1,0,0,1,52.0,,voiture,,1,2,9,1,6
201900027422,2019-11-04 12:50:00,2019,11,4,12,50,51,51454,RUE MAURICE GENEVOIX,49.2748,4.0356,Plein jour,En agglomération,Hors intersection,Normale,Deux véhicules - frontale,4,2,2,0,2,3,1,0,1,50,2,2,0,0,0,2,20.0,60.0,voiture,voiture,1,2,1,1,1
201900027423,2019-11-11 15:35:00,2019,11,11,15,35,41,41047,CITES UNIES (BOULEVARD DES),47.60846,1.34115,Plein jour,Hors agglomération,Hors intersection,Pluie légère,Sans collision,4,3,4,0,1,3,2,0,1,70,1,1,0,0,0,1,60.0,,voiture,,1,1,1,2,7
201900027424,2019-11-10 18:56:00,2019,11,10,18,56,10,10362,ROCADE OUEST (RD 610),48.29533,4.03013,Nuit sans éclairage public,Hors agglomération,Hors intersection,Temps couvert,Autre collision,3,1,4,0,1,1,1,0,1,110,1,1,0,0,0,1,21.0,,voiture,,3,1,1,8,6
201900027425,2019-11-12 12:25:00,2019,11,12,12,25,92,92049,BROSSOLETTE AVENUE PIERRE,48.8166991,2.3065093,Plein jour,En agglomération,Hors intersection,Normale,Trois véhicules et plus - collisions multiples,3,2,4,3,1,1,1,0,1,50,3,3,2,0,0,1,23.0,29.0,voiture,deux_roues,1,2,1,1,5
201900027426,2019-11-09 13:15:00,2019,11,9,13,15,92,92020,PARIS AVENUE DE N°2 A82,48.80448,2.28942,Plein jour,En agglomération,Autre intersection,Temps couvert,Autre collision,3,2,3,3,1,1,1,4,1,50,1,2,1,0,0,1,47.0,,transport_commun,,1,2,9,8,6
201900027427,2019-05-12 20:45:00,2019,5,12,20,45,987,98729,vaiare,-17.533189,-149.838611,Nuit avec éclairage allumé,En agglomération,Intersection en T,Normale,Deux véhicules - côté,2,2,2,0,1,1,1,0,1,60,2,2,1,0,0,1,38.0,43.0,deux_roues,voiture,5,2,3,1,3
201900027428,2019-11-11 19:13:00,2019,11,11,19,13,987,98735,PRINCE HINOI (AVENUE),-17.53492,-149.56349,Nuit avec éclairage allumé,En agglomération,Autre intersection,Normale,Deux véhicules - côté,2,2,4,0,1,1,1,0,1,50,2,4,2,0,1,1,45.0,51.0,voiture,deux_roues,5,2,9,1,3
201900027429,2019-11-11 19:30:00,2019,11,11,19,30,974,97416,RN2 (2),-21.35331,55.51093,Nuit sans éclairage public,Hors agglomération,Hors intersection,Normale,Trois véhicules et plus - en chaîne,2,1,1,0,1,1,1,0,1,90,3,3,2,0,0,1,69.0,60.0,voiture,deux_roues,3,1,1,1,4
201900027430,2019-11-11 16:10:00,2019,11,11,16,10,974,97411,HOARAU (RUE MARCEL),-20.9098,55.4859,Plein jour,En agglomération,Intersection en Y,Normale,Deux véhicules - frontale,4,2,2,0,2,2,1,0,1,50,2,3,1,0,0,2,53.0,31.0,voiture,voiture,1,2,4,1,1
201900027431,2019-11-12 16:20:00,2019,11,12,16,20,974,97407,ROUTE NATIONALE N° 1,-20.9542114,55.3141799,Plein jour,Hors agglomération,Hors intersection,Normale,Trois véhicules et plus - collisions multiples,2,3,2,0,1,1,1,0,1,110,3,3,2,0,1,0,55.0,39.0,voiture,deux_roues,1,1,1,1,5
201900027432,2019-11-11 18:20:00,2019,11,11,18,20,973,97302,TIGRE (ROUTE DU),4.9204506,-52.3211431,Crépuscule ou aube,Hors agglomération,Autre intersection,Normale,Trois véhicules et plus - collisions multiples,3,2,2,0,1,4,1,9,1,50,3,5,1,0,1,3,28.0,68.0,deux_roues,utilitaire_camion,2,1,9,1,5
201900027433,2019-11-12 18:15:00,2019,11,12,18,15,69,69259,ETHEL ET JULIUS ROSENBERG           (R ),45.69548,4.89104,Nuit avec éclairage allumé,En agglomération,Hors intersection,Normale,Autre collision,4,-1,2,0,1,1,1,0,1,50,1,2,1,0,1,0,23.0,,utilitaire_camion,,5,2,1,1,6
201900027434,2019-11-12 17:50:00,2019,11,12,17,50,69,69387,FELIX FAURE                         (AV),45.75218,4.84724,Nuit avec éclairage allumé,En agglomération,Intersection en X,Normale,Deux véhicules - côté,4,1,3,1,1,1,1,0,1,50,2,2,1,0,0,1,44.0,35.0,utilitaire_camion,deux_roues,5,2,2,1,3
201900027435,2019-11-12 14:40:00,2019,11,12,14,40,69,69383,PENSIONNAT (DU)                     (R ),45.75499,4.85597,Plein jour,En agglomération,Intersection en X,Normale,Deux véhicules - côté,4,1,1,1,1,1,1,0,1,50,2,2,0,0,0,2,40.0,47.0,utilitaire_camion,voiture,1,2,2,1,3
201900027436,2019-11-12 12:35:00,2019,11,12,12,35,69,69388,BERTHELOT                           (AV),45.73785,4.86521,Plein jour,En agglomération,Intersection en X,Normale,Deux véhicules - côté,4,1,1,0,1,1,1,9,6,50,2,3,2,0,0,1,52.0,48.0,voiture,transport_commun,1,2,2,1,3
201900027437,2019-11-12 09:30:00,2019,11,12,9,30,972,97209,JULES MONNEROT (RUE),14.609014,-61.069791,Plein jour,En agglomération,Hors intersection,Normale,Autre collision,4,1,1,0,1,1,1,0,1,30,1,2,1,0,0,1,32.0,,voiture,,1,2,1,1,6
201900027438,2019-11-11 11:25:00,2019,11,11,11,25,972,97209,AUTOROUTE (A1),14.61492,-61.04659,Plein jour,En agglomération,Hors intersection,Normale,Trois véhicules et plus - collisions multiples,1,3,6,0,2,3,1,0,3,90,4,8,3,0,0,5,43.0,50.0,utilitaire_camion,utilitaire_camion,1,2,1,1,5
201900027439,2019-11-12 11:45:00,2019,11,12,11,45,69,69389,CHAPEAU ROUGE (DU)                  (R ),45.77263,4.80785,Plein jour,En agglomération,Intersection en T,Normale,Deux véhicules - frontale,7,1,2,2,2,1,1,0,1,50,2,2,1,0,1,0,66.0,41.0,voiture,deux_roues,1,2,3,1,1
201900027440,2019-11-12 08:55:00,2019,11,12,8,55,69,69389,CHAMPAGNE (DE)                      (AV),45.79007,4.79742,Plein jour,En agglomération,Hors intersection,Normale,Deux véhicules - arrière,4,2,2,0,1,1,1,0,1,50,2,2,1,0,0,1,43.0,45.0,deux_roues,utilitaire_camion,1,2,1,1,2
201900027441,2019-11-08 15:50:00,2019,11,8,15,50,91,91103,COMMUNE DE PARIS (RUE DE LA),48.5877,2.3006,Plein jour,En agglomération,Autre intersection,Normale,Deux véhicules - côté,4,-1,2,1,1,1,1,0,1,50,2,2,1,0,1,0,54.0,50.0,voiture,deux_roues,1,2,9,1,3
201900027442,2019-11-12 08:59:00,2019,11,12,8,59,87,87065,BESSES (RUE DES),45.80446,1.32879,Crépuscule ou aube,En agglomération,Hors intersection,Pluie légère,Deux véhicules - côté,4,2,2,0,1,1,2,0,1,50,2,2,1,0,0,1,37.0,34.0,voiture,voiture,2,2,1,2,3
201900027443,2019-11-08 19:27:00,2019,11,8,19,27,87,87085,LECLERC (AVENUE DU GENERAL),45.84389,1.25957,Plein jour,En agglomération,Intersection en X,Normale,Sans collision,4,2,2,0,2,1,2,5,1,50,1,1,0,0,0,1,31.0,,deux_roues,,1,2,2,1,7
201900027444,2019-11-09 13:45:00,2019,11,9,13,45,78,78646,SAINT HONORE (RUE),48.79851,2.12524,Plein jour,En agglomération,Intersection en X,Normale,Autre collision,4,-1,1,0,1,1,1,0,1,30,1,2,1,0,0,1,28.0,,utilitaire_camion,,1,2,2,1,6
201900027445,2019-11-12 06:25:00,2019,11,12,6,25,78,78440,MARECHAL FOCH (AVENUE DU),48.99,1.905,Nuit avec éclairage allumé,En agglomération,Hors intersection,Normale,Autre collision,4,2,2,0,1,1,1,0,1,50,1,2,1,0,0,1,52.0,,voiture,,5,2,1,1,6
201900027446,2019-11-12 15:15:00,2019,11,12,15,15,77,77118,PARKING C.C. CARREFOUR,48.94563,2.66225,Plein jour,Hors agglomération,Autre intersection,Pluie légère,Deux véhicules - côté,6,-1,0,0,1,1,2,9,8,30,2,2,1,0,0,1,42.0,,voiture,,1,1,9,2,3
201900027447,2019-11-11 18:12:00,2019,11,11,18,12,77,77083,BLAISE PASCAL (AVENUE),48.8404175,2.5862647,Nuit avec éclairage allumé,En agglomération,Intersection en X,Temps couvert,Deux véhicules - côté,4,2,2,0,1,1,2,5,1,50,2,2,1,0,0,1,37.0,57.0,voiture,deux_roues,5,2,2,8,3
201900027448,2019-11-10 14:32:00,2019,11,10,14,32,76,76498,VALLEE. RUE LUCIEN,49.42226,1.05689,Plein jour,En agglomération,Hors intersection,Normale,Deux véhicules - côté,4,1,1,1,2,1,1,0,1,50,2,2,1,0,0,1,15.0,39.0,deux_roues,voiture,1,2,1,1,3
201900027449,2019-11-09 09:00:00,2019,11,9,9,0,76,76351,rue théophile gautier,49.51788,0.09577,Plein jour,En agglomération,Hors intersection,Normale,Autre collision,4,-1,0,0,1,1,1,9,1,50,1,1,0,0,1,0,,,,,1,2,1,1,6
201900027450,2019-11-11 20:25:00,2019,11,11,20,25,76,76351,ALBERT 1ER,49.50078,0.08855,Nuit avec éclairage allumé,En agglomération,Hors intersection,Normale,Autre collision,3,2,2,0,2,1,3,0,1,30,1,2,1,0,1,0,33.0,,deux_roues,,5,2,1,1,6
201900027451,2019-11-07 17:15:00,2019,11,7,17,15,73,73011,D990  HUGO (AVENUE VICTOR),45.6733416,6.3849093,Nuit avec éclairage allumé,En agglomération,Intersection en T,Pluie forte,Autre collision,3,2,2,0,1,1,2,0,1,50,1,2,1,0,1,0,33.0,,voiture,,5,2,3,3,6
201900027452,2019-11-11 23:30:00,2019,11,11,23,30,71,71499,JEAN ZAY (RUE),46.64673,4.29723,Nuit avec éclairage allumé,En agglomération,Hors intersection,Pluie légère,Autre collision,4,2,2,0,1,1,1,0,1,50,1,1,0,0,0,1,25.0,,voiture,,5,2,1,2,6
201900027453,2019-11-12 14:00:00,2019,11,12,14,0,71,71153,MARECHAL JOFFRE,46.7942,4.42232,Plein jour,En agglomération,Intersection en T,Normale,Deux véhicules - côté,4,2,0,0,1,1,1,0,1,50,2,3,1,0,0,2,39.0,39.0,voiture,voiture,1,2,3,1,3
201900027454,2019-11-12 20:50:00,2019,11,12,20,50,69,69290,LYON (DE) (D 518)                   (RO),45.71126,4.90187,Nuit avec éclairage allumé,En agglomération,Intersection en X,Pluie légère,Deux véhicules - côté,3,2,7,1,1,1,2,0,1,50,2,6,1,0,0,5,41.0,25.0,voiture,autre,5,2,2,2,3
201900027455,2019-11-12 07:45:00,2019,11,12,7,45,69,69013,VERRIER (route du),46.02229,4.71654,Plein jour,En agglomération,Intersection en T,Normale,Deux véhicules - côté,4,2,1,0,1,1,1,0,1,50,2,2,1,0,0,1,18.0,58.0,deux_roues,voiture,1,2,3,1,3
201900027456,2019-11-05 20:21:00,2019,11,5,20,21,68,68066,CD4,48.10822,7.39478,Nuit sans éclairage public,Hors agglomération,Hors intersection,Normale,Deux véhicules - arrière,3,2,2,0,1,1,1,0,1,70,2,2,1,0,0,1,60.0,23.0,voiture,deux_roues,3,1,1,1,2
201900027457,2019-11-11 20:00:00,2019,11,11,20,0,67,67482,OBERHAUSBERGEN (ROUTE D ),48.59207,7.72547,Nuit avec éclairage allumé,En agglomération,Intersection en T,Normale,Autre collision,4,2,3,0,1,1,1,0,1,50,1,2,1,0,0,1,54.0,,transport_commun,,5,2,3,1,6
201900027458,2019-11-11 15:30:00,2019,11,11,15,30,67,67482,CHARLES PEGUY (RUE),48.58899,7.69576,Plein jour,En agglomération,Hors intersection,Normale,Autre collision,4,3,4,0,1,1,2,9,4,50,1,2,1,0,0,1,29.0,,voiture,,1,2,1,1,6
201900027459,2019-11-09 14:20:00,2019,11,9,14,20,67,67365,MULHOUSE (RUE DE),48.53872,7.71381,Plein jour,En agglomération,Hors intersection,Normale,Deux véhicules - côté,4,2,2,0,2,1,1,0,1,30,2,2,1,0,0,1,10.0,43.0,deux_roues,voiture,1,2,1,1,3
201900027460,2019-11-12 13:50:00,2019,11,12,13,50,66,66136,FLANDRES/DUNKERQUE (CARREFOUR),42.68666,2.90726,Plein jour,En agglomération,Hors intersection,Normale,Autre collision,4,2,2,0,1,1,1,0,1,50,1,2,1,0,0,1,85.0,,voiture,,1,2,1,1,6
201900027461,2019-11-12 09:41:00,2019,11,12,9,41,66,66136,BIGORRE LA,42.68748,2.89854,Plein jour,En agglomération,Hors intersection,Normale,Autre collision,4,2,2,0,1,1,1,0,1,50,1,2,1,0,0,1,22.0,,voiture,,1,2,1,1,6
201900027462,2019-11-12 11:43:00,2019,11,12,11,43,66,66136,VAQUER (FERNAND),42.67846,2.88057,Plein jour,En agglomération,Hors intersection,Normale,Sans collision,3,1,1,0,1,2,1,0,1,50,1,1,0,0,1,0,62.0,,deux_roues,,1,2,1,1,7
201900027463,2019-11-10 02:58:00,2019,11,10,2,58,66,66136,SAINT CHARLES (ROCADE),42.68035,2.85146,Nuit sans éclairage public,En agglomération,Hors intersection,Normale,Sans collision,4,3,2,0,1,1,1,0,1,50,1,1,0,0,0,1,42.0,,voiture,,3,2,1,1,7
201900027464,2019-11-12 07:15:00,2019,11,12,7,15,65,65100,KLEBER (RUE PROLONGEE),43.26802,0.07648,Nuit avec éclairage allumé,Hors agglomération,Intersection en X,Normale,Deux véhicules - côté,3,2,2,0,1,1,2,0,1,70,2,3,0,0,0,3,55.0,33.0,voiture,voiture,5,1,2,1,3
201900027465,2019-11-11 14:25:00,2019,11,11,14,25,64,64122,GARDERES (RUE),43.48262,-1.55911,Plein jour,En agglomération,Hors intersection,Vent fort / tempête,Sans collision,4,-1,0,0,1,1,2,0,1,30,1,1,0,0,1,0,15.0,,deux_roues,,1,2,1,6,7
201900027466,2019-11-12 10:50:00,2019,11,12,10,50,64,64024,LAROCHEFOUCAULD (AVENUE DE),43.48744,-1.53626,Plein jour,En agglomération,Intersection en X,Pluie forte,Deux véhicules - arrière,3,2,4,0,1,1,2,0,1,50,2,2,1,0,0,1,28.0,26.0,utilitaire_camion,voiture,1,2,2,3,2
201900027467,2019-11-11 11:30:00,2019,11,11,11,30,64,64102,BEYRIS (GIRATOIRE),43.4782462,-1.4920416,Plein jour,En agglomération,Hors intersection,Pluie légère,Autre collision,3,1,2,0,1,2,2,0,1,50,1,1,0,0,0,1,18.0,,voiture,,1,2,1,2,6
201900027468,2019-11-03 19:30:00,2019,11,3,19,30,62,62119,FOCH ( PLACE ),50.53035,2.63258,Nuit avec éclairage allumé,En agglomération,Giratoire,Normale,Deux véhicules - côté,4,2,2,0,1,1,2,9,1,50,2,2,1,0,1,0,43.0,20.0,voiture,voiture,5,2,6,1,3
201900027469,2019-11-08 17:42:00,2019,11,8,17,42,57,57591,RN 52,49.2569944,6.0998584,Nuit sans éclairage public,Hors agglomération,Hors intersection,Pluie légère,Deux véhicules - arrière,2,-1,2,0,1,3,2,0,1,90,2,2,0,0,0,2,54.0,32.0,voiture,voiture,3,1,1,2,2
201900027470,2019-11-09 23:20:00,2019,11,9,23,20,56,56121,MONISTROL (RUE),47.73836,-3.38154,Nuit avec éclairage allumé,En agglomération,Hors intersection,Normale,Autre collision,4,2,2,0,2,1,2,0,1,50,1,2,0,0,0,2,21.0,,voiture,,5,2,1,1,6
201900027471,2019-11-12 17:57:00,2019,11,12,17,57,51,51454,AVENUE D'EPERNAY,49.2482573,4.0126543,Nuit avec éclairage allumé,En agglomération,Autre intersection,Normale,Sans collision,4,2,4,0,2,1,1,0,1,50,1,2,1,0,0,1,53.0,,voiture,,5,2,9,1,7
201900027472,2019-11-11 14:36:00,2019,11,11,14,36,49,49007,FREMUR,47.45299,-0.56544,Plein jour,En agglomération,Hors intersection,Normale,Deux véhicules - frontale,4,2,2,0,1,1,1,0,1,60,2,2,1,0,0,1,58.0,46.0,voiture,deux_roues,1,2,1,1,1
201900027473,2019-11-08 05:53:00,2019,11,8,5,53,49,49007,WALDECK ROUSSEAU,47.47067,-0.54456,Nuit sans éclairage public,En agglomération,Hors intersection,Normale,Autre collision,4,2,2,0,1,1,2,0,1,60,1,1,0,0,0,1,15.0,,deux_roues,,3,2,1,1,6
201900027474,2019-11-12 16:22:00,2019,11,12,16,22,45,45284,AV PIERRE ET MARIE CURIE,47.90769,1.98041,Plein jour,En agglomération,Hors intersection,Pluie légère,Autre collision,4,2,2,0,1,1,2,0,1,50,1,2,1,0,0,1,70.0,,voiture,,1,2,1,2,6
201900027475,2019-11-12 13:05:00,2019,11,12,13,5,45,45234,RTE D'OLIVET - R MOREAU,47.8811793,1.9033921,Plein jour,En agglomération,Intersection en T,Temps couvert,Deux véhicules - frontale,4,2,2,0,1,1,1,0,1,50,2,2,1,0,0,1,28.0,66.0,voiture,deux_roues,1,2,3,8,1
201900027476,2019-11-11 15:00:00,2019,11,11,15,0,44,44109,QUAI DU MARQUIS D'AIGUILLON,47.20329,-1.5754,Plein jour,En agglomération,Hors intersection,Normale,Deux véhicules - côté,4,1,1,1,1,1,1,0,1,50,2,2,1,0,0,1,64.0,26.0,deux_roues,voiture,1,2,1,1,3
201900027477,2019-11-12 18:00:00,2019,11,12,18,0,37,37261,DESMOULINS (RUE CAMILLE),47.38684,0.69939,Nuit avec éclairage allumé,En agglomération,Hors intersection,Autre,Autre collision,4,2,2,0,1,1,2,9,1,50,2,2,1,0,0,1,25.0,71.0,deux_roues,voiture,5,2,1,9,6
201900027478,2019-11-12 12:25:00,2019,11,12,12,25,37,37214,LANDE (RUE DE LA),47.42063,0.66504,Plein jour,En agglomération,Intersection en T,Normale,Autre collision,4,2,4,2,1,1,1,0,1,50,2,2,1,0,0,1,43.0,25.0,voiture,deux_roues,1,2,3,1,6
201900027479,2019-11-12 16:00:00,2019,11,12,16,0,35,35238,LAMARTINE (QUAI),48.11015,-1.67818,Plein jour,En agglomération,Hors intersection,Temps couvert,Deux véhicules - côté,4,3,4,2,1,1,2,0,1,50,2,2,1,0,0,1,56.0,76.0,deux_roues,voiture,1,2,1,8,3
201900027480,2019-11-11 19:50:00,2019,11,11,19,50,33,33529,29 Av Gal Leclerc,44.64071,-1.14991,Nuit sans éclairage public,En agglomération,Hors intersection,Pluie légère,Autre collision,3,2,4,2,1,1,2,0,1,50,1,2,1,0,0,1,60.0,,deux_roues,,3,2,1,2,6
201900027481,2019-11-12 09:05:00,2019,11,12,9,5,31,31555,RUE MARIA MONBIOLA,43.57958,1.44022,Plein jour,En agglomération,Intersection en X,Pluie légère,Deux véhicules - côté,4,2,2,0,1,1,2,0,1,50,2,2,1,0,0,1,25.0,27.0,voiture,deux_roues,1,2,2,2,3
201900027482,2019-11-11 17:00:00,2019,11,11,17,0,31,31555,VA008482 A624,43.60958,1.38619,Plein jour,Hors agglomération,Hors intersection,Pluie légère,Trois véhicules et plus - en chaîne,1,3,4,0,1,1,2,0,1,90,3,3,2,0,0,1,19.0,36.0,voiture,voiture,1,1,1,2,4
201900027483,2019-11-08 08:50:00,2019,11,8,8,50,31,31555,AV DU CIMETIERE,43.60658,1.45816,Plein jour,En agglomération,Intersection en X,Pluie légère,Deux véhicules - côté,4,3,2,0,2,1,2,0,1,50,2,2,1,0,0,1,55.0,67.0,voiture,deux_roues,1,2,2,2,3
201900027484,2019-11-09 15:00:00,2019,11,9,15,0,31,31555,ALL JULES GUESDE,43.59454,1.44983,Plein jour,En agglomération,Hors intersection,Normale,Deux véhicules - côté,4,2,2,0,1,1,1,0,1,50,2,2,1,0,0,1,42.0,45.0,deux_roues,voiture,1,2,1,1,3
201900027485,2019-11-08 15:35:00,2019,11,8,15,35,31,31557,TARBES (ROUTE DE),43.57877,1.32964,Plein jour,En agglomération,Hors intersection,Temps couvert,Deux véhicules - côté,3,2,2,0,1,1,2,0,1,50,2,3,2,0,0,1,73.0,45.0,voiture,deux_roues,1,2,1,8,3
201900027486,2019-11-12 13:00:00,2019,11,12,13,0,29,29232,LEBON PHILIPPE  ROND POINT,47.9951,-4.0731,Plein jour,En agglomération,Giratoire,Normale,Deux véhicules - arrière,3,1,2,0,1,1,1,5,1,50,2,3,2,0,0,1,64.0,55.0,voiture,voiture,1,2,6,1,2
201900027487,2019-11-12 13:45:00,2019,11,12,13,45,27,27681,MAGNY (ROUTE DE),49.09841,1.49375,Plein jour,En agglomération,Intersection en Y,Pluie légère,Sans collision,3,2,2,0,2,1,3,0,1,30,1,1,0,0,0,1,18.0,,deux_roues,,1,2,4,2,7
201900027488,2019-11-12 14:50:00,2019,11,12,14,50,17,17306,LAMY (BD FRANCK),45.62712,-1.01371,Plein jour,En agglomération,Hors intersection,Pluie légère,Autre collision,4,-1,1,0,1,1,2,5,1,50,1,2,1,1,0,0,57.0,,voiture,,1,2,1,2,6
201900027489,2019-11-11 12:55:00,2019,11,11,12,55,14,14271,RN814,49.25605,-0.42303,Plein jour,En agglomération,Hors intersection,Pluie légère,Deux véhicules - côté,2,2,-1,-1,1,1,2,0,1,-1,2,5,1,0,0,4,32.0,36.0,voiture,voiture,1,2,1,2,3
201900027490,2019-11-07 22:20:00,2019,11,7,22,20,12,12202,BORDEAUX (AVENUE DE),44.3558,2.57605,Nuit avec éclairage allumé,En agglomération,Intersection en T,Normale,Autre collision,4,2,2,0,2,1,1,5,1,50,1,3,1,0,2,0,19.0,,voiture,,5,2,3,1,6
201900027491,2019-11-11 17:38:00,2019,11,11,17,38,12,12145,BRASSENS GEORGES (BOULEVARD),44.117386,3.069769,Crépuscule ou aube,En agglomération,Hors intersection,Normale,Deux véhicules - frontale,4,2,2,0,1,1,1,0,1,30,2,4,2,0,0,2,49.0,15.0,voiture,deux_roues,2,2,1,1,1
201900027492,2019-11-12 18:45:00,2019,11,12,18,45,11,11069,Avenue du Président Franklin Roosevelt ,43.2239,2.3351,Nuit avec éclairage allumé,En agglomération,Hors intersection,Pluie forte,Deux véhicules - arrière,4,2,3,0,1,1,2,0,1,50,2,3,2,0,0,1,22.0,37.0,voiture,voiture,5,2,1,3,2
201900027493,2019-11-12 18:35:00,2019,11,12,18,35,11,11069,SARRAUT OMER BD -IMPAIRS-,43.2164,2.3532,Nuit avec éclairage allumé,En agglomération,Hors intersection,Pluie légère,Sans collision,4,1,2,0,1,1,2,0,1,50,1,2,1,0,0,1,70.0,,voiture,,5,2,1,2,7
201900027494,2019-11-12 10:30:00,2019,11,12,10,30,10,10387,CHARLES BALTET (RUE),48.29107,4.07046,Plein jour,En agglomération,Hors intersection,Normale,Trois véhicules et plus - en chaîne,4,2,4,1,1,1,1,0,1,50,3,3,2,0,0,1,63.0,31.0,voiture,voiture,1,2,1,1,4
201900027495,2019-11-12 07:32:00,2019,11,12,7,32,10,10387,GEORGES PARGEAS (RUE),48.28875,4.07598,Plein jour,En agglomération,Intersection en T,Normale,Deux véhicules - côté,4,2,2,0,1,1,1,0,1,50,2,2,1,0,0,1,45.0,30.0,utilitaire_camion,deux_roues,1,2,3,1,3
201900027496,2019-11-10 19:00:00,2019,11,10,19,0,10,10362,ROCADE OUEST (RD 610),48.29533,4.03013,Nuit sans éclairage public,Hors agglomération,Hors intersection,Normale,Deux véhicules - arrière,3,3,4,0,1,1,1,0,1,110,2,6,2,0,0,4,39.0,47.0,voiture,voiture,3,1,1,1,2
201900027497,2019-11-12 16:50:00,2019,11,12,16,50,6,06088,TURIN (RTE DE),43.72598,7.286876,Nuit avec éclairage allumé,En agglomération,Hors intersection,Normale,Deux véhicules - côté,4,1,2,0,1,1,1,0,1,50,2,2,1,0,1,0,39.0,30.0,deux_roues,voiture,5,2,1,1,3