accident_id,datetime,annee,mois,jour,heure,minute,departement,commune_insee,adresse,latitude,longitude,luminosite,agglomeration,intersection,meteo,collision,catr,circ,nbv,vosp,prof,plan,surf,infra,situ,vma,nb_vehicules,nb_usagers,nb_indemnes,nb_tues,nb_blesses_hosp,nb_blesses_legers,age_cond_1,age_cond_2,veh_type_cond_1,veh_type_cond_2,lum_code,agg_code,int_code,atm_code,col_code
201900028133,2019-09-07 16:03:00,2019,9,7,16,3,58,58086,Avenue du 85e de Ligne,47.393342,2.922757,Plein jour,En agglomération,Hors intersection,Normale,Deux véhicules - côté,3,2,2,0,2,1,1,0,3,50,2,2,1,0,0,1,40.0,18.0,voiture,deux_roues,1,2,1,1,3
201900028134,2019-09-04 00:45:00,2019,9,4,0,45,37,37261,a10,47.40396,0.713856,Nuit sans éclairage public,Hors agglomération,Hors intersection,Normale,Deux véhicules - frontale,1,2,2,0,2,1,1,8,1,90,2,2,1,0,1,0,44.0,58.0,utilitaire_camion,voiture,3,1,1,1,1
201900028135,2019-09-06 18:25:00,2019,9,6,18,25,62,62021,55 B Rue Principale,50.519837,1.836725,Plein jour,En agglomération,Hors intersection,Pluie forte,Autre collision,4,2,2,0,1,4,2,0,4,50,1,1,0,0,0,1,16.0,,deux_roues,,1,2,1,3,6
201900028136,2019-09-07 18:00:00,2019,9,7,18,0,62,62042,rue du quai,50.29843,2.83682,Plein jour,En agglomération,Hors intersection,Pluie légère,Sans collision,4,2,2,0,1,1,1,0,1,50,1,1,0,0,0,1,32.0,,deux_roues,,1,2,1,2,7
201900028137,2019-09-05 06:45:00,2019,9,5,6,45,37,37170,A28 PK36+800 SENS TOURS/LE MANS,47.568481,0.586584,Nuit sans éclairage public,Hors agglomération,Hors intersection,Normale,Autre collision,1,3,4,3,1,1,1,0,1,130,1,1,0,0,1,0,54.0,,utilitaire_camion,,3,1,1,1,6
201900028138,2019-09-06 14:45:00,2019,9,6,14,45,34,34077,RD65,43.649331,3.884149,Plein jour,Hors agglomération,Hors intersection,Normale,Deux véhicules - côté,3,2,2,0,1,1,1,0,1,70,2,4,2,0,0,2,32.0,73.0,voiture,voiture,1,1,1,1,3
201900028139,2019-09-06 18:45:00,2019,9,6,18,45,57,57154,chemin communal,49.198025,6.572212,Plein jour,Hors agglomération,Hors intersection,Normale,Autre collision,4,2,2,0,1,1,1,0,3,80,1,1,0,0,1,0,56.0,,voiture,,1,1,1,1,6
201900028140,2019-09-08 11:30:00,2019,9,8,11,30,89,89429,D76,48.1741137,3.4503829,Plein jour,Hors agglomération,Hors intersection,Temps couvert,Autre collision,3,-1,2,0,1,1,1,0,1,80,1,2,0,0,0,2,37.0,,voiture,,1,1,1,8,6
201900028141,2019-09-06 17:09:00,2019,9,6,17,9,51,51657,VC n° 11 de VRIGNY A ORMES,49.237676,3.938989,Plein jour,Hors agglomération,Hors intersection,Normale,Deux véhicules - frontale,4,2,2,0,2,3,1,9,1,80,2,2,1,0,1,0,62.0,54.0,voiture,voiture,1,1,1,1,1
201900028142,2019-09-07 09:30:00,2019,9,7,9,30,56,56173,Kerio Rimaison,48.015257,-2.984501,Plein jour,Hors agglomération,Hors intersection,Normale,Deux véhicules - côté,4,2,2,0,2,1,1,0,1,80,2,2,1,0,1,0,42.0,24.0,deux_roues,utilitaire_camion,1,1,1,1,3
201900028143,2019-09-07 11:30:00,2019,9,7,11,30,56,56079,L'Abbaye aux Oies RD 724,47.939381,-2.46354,Plein jour,Hors agglomération,Hors intersection,Normale,Sans collision,3,2,2,0,2,3,1,0,8,80,1,1,0,1,0,0,21.0,,deux_roues,,1,1,1,1,7
201900028144,2019-09-07 14:35:00,2019,9,7,14,35,56,56013,Rue du Gal de Gaulle,47.6757283,-3.1702262,Plein jour,En agglomération,Hors intersection,Normale,Autre collision,3,2,2,0,1,1,1,0,1,50,1,2,0,0,0,2,14.0,,deux_roues,,1,2,1,1,6
201900028145,2019-09-07 17:30:00,2019,9,7,17,30,56,56206,giratoire du tennis,47.6880311,-2.7405805,Plein jour,En agglomération,Giratoire,Normale,Deux véhicules - côté,4,-1,2,0,1,1,1,5,1,30,2,3,2,0,0,1,16.0,40.0,deux_roues,voiture,1,2,6,1,3
201900028146,2019-09-07 13:00:00,2019,9,7,13,0,56,56158,avenue de la paix,47.6912838,-2.8070658,Plein jour,Hors agglomération,Giratoire,Normale,Deux véhicules - côté,4,-1,2,0,1,1,1,5,1,30,2,2,1,0,0,1,52.0,56.0,voiture,deux_roues,1,1,6,1,3
201900028147,2019-09-08 12:30:00,2019,9,8,12,30,56,56206,Tréalvé RD775,47.672386,-2.720432,Plein jour,Hors agglomération,Hors intersection,Normale,Trois véhicules et plus - en chaîne,3,1,2,0,1,1,1,0,1,80,3,3,2,0,1,0,21.0,25.0,deux_roues,deux_roues,1,1,1,1,4
201900028148,2019-09-07 14:55:00,2019,9,7,14,55,67,67477,D214,48.381487,7.24636,Plein jour,Hors agglomération,Hors intersection,Normale,Autre collision,3,2,2,0,2,3,1,0,3,80,1,1,0,0,1,0,48.0,,deux_roues,,1,1,1,1,6
201900028149,2019-09-06 14:00:00,2019,9,6,14,0,76,76014,600 Route du Pays de Caux,49.589261,0.294143,Plein jour,En agglomération,Intersection en Y,Normale,Deux véhicules - côté,3,2,2,0,1,1,1,0,1,50,2,2,1,0,1,0,78.0,32.0,voiture,voiture,1,2,4,1,3
201900028150,2019-09-06 17:30:00,2019,9,6,17,30,76,76224,RD 139,49.646329,0.305601,Plein jour,Hors agglomération,Intersection en X,Normale,Deux véhicules - côté,3,2,2,0,1,1,1,0,1,70,2,2,1,0,1,0,34.0,59.0,voiture,deux_roues,1,1,2,1,3
201900028151,2019-09-08 00:09:00,2019,9,8,0,9,79,79209,,46.872871,-0.311522,Nuit sans éclairage public,Hors agglomération,Hors intersection,Normale,Sans collision,3,2,2,0,1,1,1,0,3,80,1,1,0,0,0,1,18.0,,deux_roues,,3,1,1,1,7
201900028152,2019-09-07 09:50:00,2019,9,7,9,50,79,79195,19 rue de la Vendée,46.955073,-0.594054,Plein jour,En agglomération,Hors intersection,Normale,Deux véhicules - arrière,3,2,2,0,1,1,1,0,1,50,2,1,0,0,0,1,17.0,,deux_roues,,1,2,1,1,2
201900028153,2019-09-05 19:00:00,2019,9,5,19,0,79,79062,Rue du Général De gaulle,46.82097,-0.66842,Plein jour,En agglomération,Giratoire,Normale,Deux véhicules - côté,4,2,2,0,1,3,1,5,1,50,2,2,1,0,1,0,59.0,26.0,voiture,deux_roues,1,2,6,1,3
201900028154,2019-09-07 09:30:00,2019,9,7,9,30,79,79030,,46.296649,-0.13867,Plein jour,Hors agglomération,Hors intersection,Normale,Sans collision,3,2,2,0,1,1,1,0,3,80,1,1,0,0,1,0,66.0,,voiture,,1,1,1,1,7
201900028155,2019-09-07 14:30:00,2019,9,7,14,30,2A,2A017,Lu Vangoni,41.980714,8.786115,Plein jour,En agglomération,Hors intersection,Normale,Deux véhicules - frontale,3,2,2,0,2,1,1,0,1,50,2,2,1,0,1,0,15.0,50.0,voiture,deux_roues,1,2,1,1,1
201900028156,2019-09-06 20:15:00,2019,9,6,20,15,80,80579,Rue de paris,49.715194,3.065451,Nuit sans éclairage public,Hors agglomération,Hors intersection,Normale,Autre collision,3,2,2,0,1,1,1,0,8,80,1,1,0,1,0,0,77.0,,voiture,,3,1,1,1,6
201900028157,2019-09-07 08:45:00,2019,9,7,8,45,80,80796,RD180,49.949877,1.738247,Plein jour,Hors agglomération,Hors intersection,Normale,Sans collision,3,2,2,0,1,3,2,9,3,50,1,1,0,0,1,0,36.0,,voiture,,1,1,1,1,7
201900028158,2019-09-08 14:45:00,2019,9,8,14,45,33,33540,40 Route d'Hourtin,45.352526,-1.062565,Plein jour,En agglomération,Hors intersection,Normale,Deux véhicules - arrière,3,2,2,0,1,1,1,0,1,30,2,5,0,0,1,4,80.0,61.0,voiture,voiture,1,2,1,1,2
201900028159,2019-09-07 12:55:00,2019,9,7,12,55,69,69066,Chemin du Gaudinet (Cours-la-Ville),46.12278,4.327079,Plein jour,Hors agglomération,Hors intersection,Normale,Autre collision,3,2,2,0,1,3,1,0,3,80,1,2,0,0,0,2,20.0,,voiture,,1,1,1,1,6
201900028160,2019-09-06 19:15:00,2019,9,6,19,15,71,71263,Rue de Bram,46.627404,5.216312,Plein jour,En agglomération,Giratoire,Normale,Deux véhicules - côté,3,2,2,0,1,2,1,9,1,50,2,2,1,0,1,0,59.0,20.0,deux_roues,voiture,1,2,6,1,3
201900028161,2019-09-07 12:30:00,2019,9,7,12,30,71,71056,315 Route de Dijon,46.645944,5.205779,Plein jour,Hors agglomération,Intersection en T,Normale,Deux véhicules - frontale,3,2,1,3,2,1,1,5,1,80,2,2,0,0,0,2,19.0,39.0,voiture,voiture,1,1,3,1,1
201900028162,2019-09-07 19:30:00,2019,9,7,19,30,63,63170,Salmondeche,45.851313,2.720615,Crépuscule ou aube,Hors agglomération,Hors intersection,Normale,Autre collision,3,2,2,0,1,2,1,0,3,80,1,1,0,0,1,0,25.0,,deux_roues,,2,1,1,1,6
201900028163,2019-09-07 17:05:00,2019,9,7,17,5,63,63003,Route de Clermont,45.562126,3.743021,Plein jour,En agglomération,Intersection en T,Normale,Autre collision,3,2,2,0,1,1,1,2,1,70,2,3,2,0,1,0,85.0,64.0,voiture,voiture,1,2,3,1,6
201900028164,2019-09-06 15:15:00,2019,9,6,15,15,61,61484,le gibet 61260,48.268729,0.771285,Plein jour,Hors agglomération,Hors intersection,Normale,Autre collision,3,2,2,0,1,2,1,0,3,80,1,1,0,0,0,1,47.0,,voiture,,1,1,1,1,6
201900028165,2019-09-08 17:45:00,2019,9,8,17,45,55,55312,D964,48.929236,5.521695,Plein jour,Hors agglomération,Hors intersection,Normale,Deux véhicules - arrière,3,2,2,0,1,3,1,0,1,70,2,4,3,0,0,1,19.0,56.0,voiture,voiture,1,1,1,1,2
201900028166,2019-09-05 19:00:00,2019,9,5,19,0,12,12264,Concoures,44.450062,2.654428,Crépuscule ou aube,Hors agglomération,Intersection en X,Normale,Deux véhicules - côté,3,2,2,0,1,1,1,0,1,80,2,2,1,0,1,0,14.0,42.0,deux_roues,voiture,2,1,2,1,3
201900028167,2019-09-08 03:45:00,2019,9,8,3,45,42,42048,Pailleron,46.153327,4.191794,Nuit sans éclairage public,Hors agglomération,Hors intersection,Normale,Sans collision,3,2,2,0,2,3,1,0,3,80,1,2,0,0,2,0,23.0,,voiture,,3,1,1,1,7
201900028168,2019-09-07 16:00:00,2019,9,7,16,0,42,42137,CD 102,45.520947,4.079521,Plein jour,Hors agglomération,Intersection en T,Normale,Deux véhicules - frontale,3,2,2,0,1,1,1,0,1,80,2,3,2,0,1,0,56.0,81.0,deux_roues,voiture,1,1,3,1,1
201900028169,2019-09-04 19:42:00,2019,9,4,19,42,42,42039,D101 ROUTE DE JEANSIGNIERE,45.708996,3.863442,Nuit sans éclairage public,Hors agglomération,Hors intersection,Normale,Autre collision,3,2,2,0,2,2,1,0,3,80,1,1,0,0,1,0,65.0,,voiture,,3,1,1,1,6
201900028170,2019-09-08 09:15:00,2019,9,8,9,15,42,42023,Rue de la Répulique,45.296897,4.559875,Plein jour,En agglomération,Hors intersection,Normale,Autre collision,3,2,2,3,1,1,1,9,6,50,1,2,1,0,1,0,54.0,,voiture,,1,2,1,1,6
201900028171,2019-09-07 15:50:00,2019,9,7,15,50,47,47306,Grand Chemin,44.378849,0.512174,Plein jour,Hors agglomération,Hors intersection,Normale,Autre collision,3,2,2,0,1,1,1,0,3,80,1,2,0,0,2,0,56.0,,voiture,,1,1,1,1,6
201900028172,2019-09-08 04:20:00,2019,9,8,4,20,86,86245,Le Carroir des Landes (Saint-Sauveur),46.824748,0.63369,Nuit sans éclairage public,Hors agglomération,Hors intersection,Normale,Autre collision,3,2,2,0,1,1,1,0,3,80,1,1,0,0,1,0,45.0,,voiture,,3,1,1,1,6
201900028173,2019-09-05 17:00:00,2019,9,5,17,0,22,22281,Le Petit Beau Jouan,48.403045,-2.76133,Plein jour,Hors agglomération,Hors intersection,Normale,Sans collision,4,2,2,0,2,3,1,0,3,80,1,1,0,0,1,0,14.0,,deux_roues,,1,1,1,1,7
201900028174,2019-09-07 17:40:00,2019,9,7,17,40,22,22117,rd04,48.606561,-2.870529,Plein jour,Hors agglomération,Hors intersection,Normale,Deux véhicules - côté,3,2,2,0,2,2,1,0,1,70,2,2,1,0,1,0,15.0,51.0,deux_roues,voiture,1,1,1,1,3
201900028175,2019-09-06 11:40:00,2019,9,6,11,40,44,44061,Route Départementale 273,47.241865,-1.951044,Plein jour,Hors agglomération,Intersection en X,Normale,Sans collision,3,2,2,0,1,2,1,5,3,80,1,1,0,0,1,0,31.0,,deux_roues,,1,1,2,1,7
201900028176,2019-09-06 09:30:00,2019,9,6,9,30,35,35015,Le Moulin de la Roche,48.1750798,-1.2109084,Plein jour,Hors agglomération,Intersection en X,Temps éblouissant,Deux véhicules - côté,3,2,2,3,1,1,1,0,1,80,2,2,1,0,1,0,36.0,25.0,voiture,deux_roues,1,1,2,7,3
201900028177,2019-09-07 02:05:00,2019,9,7,2,5,29,29155,Kerlaouen,48.461671,-5.061733,Nuit sans éclairage public,Hors agglomération,Intersection en Y,Temps couvert,Deux véhicules - frontale,3,2,2,0,2,3,2,0,1,-1,2,2,1,0,1,0,60.0,55.0,voiture,deux_roues,3,1,4,8,1
201900028178,2019-09-06 19:35:00,2019,9,6,19,35,29,29284,24 Rue Albert Pochat,47.796067,-4.273349,Plein jour,En agglomération,Intersection en T,Pluie légère,Autre collision,4,2,2,0,1,3,2,2,1,50,1,3,2,0,0,1,34.0,,voiture,,1,2,3,2,6
201900028179,2019-09-02 16:30:00,2019,9,2,16,30,29,29174,4 Rue Guy Moquet,47.902518,-4.286921,Plein jour,En agglomération,Hors intersection,Normale,Autre collision,3,2,2,0,1,1,1,9,1,50,1,3,2,0,1,0,60.0,,voiture,,1,2,1,1,6
201900028180,2019-08-21 11:50:00,2019,8,21,11,50,31,31100,Hameau de la Croix de Puel,43.295724,1.585962,Plein jour,En agglomération,Hors intersection,Normale,Autre collision,3,2,2,0,1,3,1,0,1,70,1,1,0,0,0,1,19.0,,voiture,,1,2,1,1,6
201900028181,2019-09-07 02:30:00,2019,9,7,2,30,38,38399,Route de Charantonnay,45.52354,5.12914,Nuit sans éclairage public,Hors agglomération,Hors intersection,Normale,Autre collision,4,2,2,0,2,3,1,0,3,70,1,3,0,0,1,2,19.0,,voiture,,3,1,1,1,6
201900028182,2019-09-06 11:50:00,2019,9,6,11,50,38,38130,142 chemin des meunières,45.383916,5.259188,Plein jour,En agglomération,Intersection en X,Normale,Deux véhicules - côté,4,2,2,0,1,1,1,0,1,50,2,3,2,0,1,0,17.0,69.0,deux_roues,voiture,1,2,2,1,3
201900028183,2019-07-16 11:50:00,2019,7,16,11,50,38,38198,D519,45.339265,4.9443,Plein jour,Hors agglomération,Intersection en X,Normale,Deux véhicules - arrière,3,2,2,0,1,1,1,0,1,80,2,2,1,0,1,0,68.0,33.0,voiture,deux_roues,1,1,2,1,2
201900028184,2019-09-07 09:30:00,2019,9,7,9,30,38,38062,D1090,45.39757,5.97721,Plein jour,Hors agglomération,Hors intersection,Normale,Sans collision,3,2,2,0,1,1,1,0,8,80,1,1,0,0,0,1,36.0,,utilitaire_camion,,1,1,1,1,7
201900028185,2019-09-02 23:00:00,2019,9,2,23,0,38,38078,D 209,45.41245,6.08991,Nuit sans éclairage public,Hors agglomération,Hors intersection,Normale,Autre collision,3,2,2,0,1,1,1,2,3,80,1,1,0,0,1,0,73.0,,voiture,,3,1,1,1,6
201900028186,2019-09-04 09:00:00,2019,9,4,9,0,38,38422,551 Route de Chamrousse,45.15351,5.841101,Plein jour,En agglomération,Hors intersection,Normale,Deux véhicules - arrière,3,2,2,0,2,1,1,0,1,50,2,2,1,0,0,1,44.0,93.0,deux_roues,voiture,1,2,1,1,2
201900028187,2019-09-06 19:20:00,2019,9,6,19,20,84,84073,D3 - PK 7+550,43.833802,5.207887,Plein jour,Hors agglomération,Hors intersection,Normale,Sans collision,3,2,2,0,1,1,1,0,8,80,1,1,0,1,0,0,57.0,,deux_roues,,1,1,1,1,7
201900028188,2019-09-07 08:50:00,2019,9,7,8,50,3,03126,avenue de Saint-Yorre,46.0763185,3.4414674,Plein jour,Hors agglomération,Giratoire,Normale,Deux véhicules - côté,3,2,2,0,1,2,1,0,1,80,2,2,1,0,0,1,54.0,78.0,deux_roues,voiture,1,1,6,1,3
201900028189,2019-09-08 02:20:00,2019,9,8,2,20,1,01389,D936,46.090869,4.919742,Nuit sans éclairage public,Hors agglomération,Hors intersection,Normale,Deux véhicules - côté,3,2,2,0,1,1,1,0,1,80,2,3,0,1,0,2,23.0,24.0,voiture,voiture,3,1,1,1,3
201900028190,2019-09-08 16:25:00,2019,9,8,16,25,1,01116,D41A,45.809045,5.623598,Plein jour,Hors agglomération,Hors intersection,Pluie légère,Sans collision,3,2,2,0,2,1,2,0,3,80,1,1,0,0,0,1,55.0,,voiture,,1,1,1,2,7
201900028191,2019-09-06 15:25:00,2019,9,6,15,25,1,01038,Intersection RD28 / RD28A,46.334256,5.292559,Plein jour,Hors agglomération,Intersection en T,Normale,Deux véhicules - côté,3,2,2,0,2,1,1,0,1,80,2,2,1,0,1,0,78.0,52.0,voiture,deux_roues,1,1,3,1,3
201900028192,2019-09-06 20:20:00,2019,9,6,20,20,1,01272,Les Granges,46.157809,4.997848,Crépuscule ou aube,Hors agglomération,Hors intersection,Normale,Trois véhicules et plus - collisions multiples,3,2,2,0,2,1,1,0,1,80,3,6,2,0,1,3,71.0,30.0,voiture,voiture,2,1,1,1,5
201900028193,2019-08-31 10:25:00,2019,8,31,10,25,72,72183,lieu dit la bosserie,47.717361,0.553523,Plein jour,Hors agglomération,Hors intersection,Normale,Autre collision,4,2,2,0,1,1,1,0,1,80,2,2,1,0,1,0,25.0,61.0,voiture,voiture,1,1,1,1,6
201900028194,2019-09-04 15:40:00,2019,9,4,15,40,72,72128,le pré,47.900266,0.62946,Plein jour,Hors agglomération,Hors intersection,Normale,Deux véhicules - frontale,3,2,2,0,1,3,1,0,1,80,2,2,0,0,1,1,59.0,33.0,voiture,utilitaire_camion,1,1,1,1,1
201900028195,2019-09-06 13:45:00,2019,9,6,13,45,14,14726,"lieu dit la vallerie, bernières",48.808934,-0.718405,Plein jour,Hors agglomération,Hors intersection,Normale,Deux véhicules - frontale,4,2,2,0,2,3,1,0,1,80,2,2,1,0,1,0,50.0,50.0,utilitaire_camion,deux_roues,1,1,1,1,1
201900028196,2019-09-05 17:30:00,2019,9,5,17,30,14,14654,Route départementale 40 - PK 12.750,49.033591,-0.064615,Plein jour,Hors agglomération,Hors intersection,Normale,Autre collision,3,2,2,0,1,1,1,0,3,80,1,3,2,0,1,0,21.0,,voiture,,1,1,1,1,6
201900028197,2019-09-07 16:15:00,2019,9,7,16,15,5,05164,RN94,44.535595,6.385047,Plein jour,Hors agglomération,Hors intersection,Normale,Deux véhicules - arrière,2,2,2,0,1,1,1,0,1,-1,2,3,2,0,1,0,30.0,43.0,deux_roues,voiture,1,1,1,1,2
201900028198,2019-09-06 15:10:00,2019,9,6,15,10,5,05010,RD 1075,44.508875,5.736287,Plein jour,Hors agglomération,Hors intersection,Normale,Autre collision,3,2,2,0,1,1,1,0,3,80,1,3,0,0,0,3,82.0,,voiture,,1,1,1,1,6
201900028199,2019-09-08 15:40:00,2019,9,8,15,40,50,50118,Route de Granville,48.836441,-1.351429,Plein jour,Hors agglomération,Intersection en X,Normale,Deux véhicules - arrière,3,2,2,0,2,1,1,0,1,-1,2,5,1,0,1,3,33.0,41.0,voiture,voiture,1,1,2,1,2
201900028200,2019-09-07 00:45:00,2019,9,7,0,45,9,09324,ZI DELTA SUD d 624,43.059508,1.638835,Nuit avec éclairage allumé,Hors agglomération,Giratoire,Normale,Autre collision,3,1,2,0,1,2,1,0,3,80,1,1,0,0,1,0,32.0,,deux_roues,,5,1,6,1,6
201900028201,2019-09-04 20:45:00,2019,9,4,20,45,9,09189,RN20 - PK 86+000,42.674832,1.835236,Nuit sans éclairage public,Hors agglomération,Hors intersection,Normale,Deux véhicules - frontale,2,2,2,0,1,2,1,0,1,-1,2,3,2,0,1,0,38.0,24.0,voiture,deux_roues,3,1,1,1,1
201900028202,2019-09-08 13:15:00,2019,9,8,13,15,60,60553,RD 36,49.441603,2.624838,Plein jour,Hors agglomération,Hors intersection,Normale,Trois véhicules et plus - collisions multiples,3,2,2,0,1,1,1,0,1,80,4,4,0,1,2,1,67.0,64.0,deux_roues,deux_roues,1,1,1,1,5
201900028203,2019-09-07 18:10:00,2019,9,7,18,10,45,45327,route de loury,47.984886,2.093738,Plein jour,Hors agglomération,Hors intersection,Normale,Sans collision,3,2,2,0,1,2,1,0,3,80,1,1,0,0,1,0,55.0,,deux_roues,,1,1,1,1,7
201900028204,2019-09-08 11:45:00,2019,9,8,11,45,64,64320,D934,42.9789089,-0.4188858,Plein jour,Hors agglomération,Intersection en Y,Normale,Deux véhicules - côté,3,2,2,0,2,2,1,9,1,80,2,2,1,0,1,0,77.0,46.0,voiture,deux_roues,1,1,4,1,3
201900028205,2019-09-06 11:35:00,2019,9,6,11,35,73,73270,RD 201,45.5698173,6.1660441,Plein jour,Hors agglomération,Intersection en X,Normale,Deux véhicules - côté,3,2,3,0,1,1,1,5,1,50,2,3,1,0,2,0,14.0,73.0,deux_roues,voiture,1,1,2,1,3
201900028206,2019-09-08 05:45:00,2019,9,8,5,45,18,18148,34 Avenue de Bel-Air,47.190677,2.056106,Crépuscule ou aube,En agglomération,Hors intersection,Normale,Sans collision,3,2,2,0,1,1,1,0,1,50,1,1,0,0,1,0,16.0,,deux_roues,,2,2,1,1,7
201900028207,2019-09-05 16:00:00,2019,9,5,16,0,18,18011,9B Route de Cerdon,47.569158,2.445856,Plein jour,En agglomération,Hors intersection,Normale,Deux véhicules - côté,3,2,2,0,2,1,1,0,1,50,2,2,1,0,0,1,56.0,67.0,voiture,voiture,1,2,1,1,3
201900028208,2019-09-07 21:25:00,2019,9,7,21,25,43,43267,Route de Vertaure,45.196327,3.906304,Nuit sans éclairage public,En agglomération,Hors intersection,Normale,Autre collision,4,2,2,0,2,1,1,0,1,50,1,1,0,0,1,0,48.0,,deux_roues,,3,2,1,1,6
201900028209,2019-09-07 00:15:00,2019,9,7,0,15,10,10197,Route Départementale 47,48.20452,4.787133,Nuit sans éclairage public,Hors agglomération,Hors intersection,Normale,Autre collision,3,2,2,0,2,2,1,0,3,-1,1,2,1,0,0,1,22.0,,voiture,,3,1,1,1,6
201900028210,2019-09-04 20:20:00,2019,9,4,20,20,10,10209,D 619,48.253956,4.266522,Crépuscule ou aube,Hors agglomération,Hors intersection,Pluie légère,Deux véhicules - côté,3,2,2,0,1,1,2,0,1,80,2,2,1,0,1,0,69.0,28.0,voiture,deux_roues,2,1,1,2,3
201900028211,2019-09-08 10:20:00,2019,9,8,10,20,16,16088,Ld Logis de Montjourdain,45.697847,-0.194648,Plein jour,Hors agglomération,Intersection en T,Normale,Deux véhicules - côté,3,2,2,0,1,1,1,0,1,80,2,2,1,0,1,0,90.0,61.0,voiture,deux_roues,1,1,3,1,3
201900028212,2019-09-07 14:30:00,2019,9,7,14,30,16,16424,Ld La Lime,45.27368,-0.007438,Plein jour,En agglomération,Intersection en T,Normale,Deux véhicules - frontale,3,2,2,0,1,3,9,8,1,50,2,2,1,0,1,0,35.0,27.0,utilitaire_camion,deux_roues,1,2,3,1,1
201900028213,2019-09-05 07:00:00,2019,9,5,7,0,7,07332,Intras,44.483067,4.550321,Plein jour,Hors agglomération,Hors intersection,Normale,Deux véhicules - frontale,4,2,2,0,2,3,1,0,1,50,2,2,1,0,1,0,16.0,48.0,deux_roues,voiture,1,1,1,1,1
201900028214,2019-09-06 13:00:00,2019,9,6,13,0,7,07349,Rue René Cassin,44.804164,4.783928,Plein jour,En agglomération,Hors intersection,Normale,Deux véhicules - côté,4,2,2,0,1,4,1,0,1,50,2,2,1,0,0,1,45.0,72.0,utilitaire_camion,deux_roues,1,2,1,1,3
201900028215,2019-09-06 19:00:00,2019,9,6,19,0,53,53146,D12,48.205777,-0.695874,Crépuscule ou aube,Hors agglomération,Hors intersection,Normale,Autre collision,3,2,2,0,1,1,1,0,3,80,1,1,0,0,1,0,48.0,,voiture,,2,1,1,1,6
201900028216,2019-09-06 18:00:00,2019,9,6,18,0,40,40001,Rue des Arènes,43.701747,-0.258105,Plein jour,En agglomération,Intersection en T,Normale,Autre collision,4,2,2,0,3,1,1,0,1,50,1,2,1,0,1,0,66.0,,voiture,,1,2,3,1,6
201900028217,2019-09-07 17:00:00,2019,9,7,17,0,40,40312,chemin de la tuilerie,43.523599,-1.462902,Plein jour,En agglomération,Hors intersection,Normale,Deux véhicules - côté,4,2,2,0,2,2,1,0,1,50,2,1,0,0,1,0,15.0,,deux_roues,,1,2,1,1,3
201900028218,2019-09-04 13:30:00,2019,9,4,13,30,24,24220,D45,45.034736,0.829481,Plein jour,Hors agglomération,Hors intersection,Normale,Deux véhicules - frontale,3,2,2,0,1,3,1,0,1,-1,2,2,1,0,1,0,50.0,75.0,utilitaire_camion,voiture,1,1,1,1,1
201900028219,2019-09-06 12:30:00,2019,9,6,12,30,87,87101,Rue de l''échauguette,46.044084,0.95253,Plein jour,Hors agglomération,Hors intersection,Normale,Sans collision,3,2,1,0,2,3,1,0,3,80,1,1,0,0,1,0,64.0,,deux_roues,,1,1,1,1,7
201900028220,2019-09-08 09:45:00,2019,9,8,9,45,87,87170,Echizadour,45.657623,1.556543,Plein jour,Hors agglomération,Hors intersection,Normale,Autre collision,3,2,2,0,1,1,1,0,3,80,1,1,0,0,1,0,35.0,,voiture,,1,1,1,1,6
201900028221,2019-09-06 15:45:00,2019,9,6,15,45,30,30341,Chemin des Canaux,43.702826,4.257685,Plein jour,Hors agglomération,Hors intersection,Normale,Deux véhicules - arrière,3,2,2,0,1,1,1,0,1,80,2,4,3,0,1,0,45.0,28.0,deux_roues,voiture,1,1,1,1,2
201900028222,2019-09-06 20:15:00,2019,9,6,20,15,88,88165,rue du vivier,48.362301,6.865158,Nuit avec éclairage allumé,En agglomération,Hors intersection,Normale,Deux véhicules - côté,3,2,2,0,2,3,1,0,1,50,2,3,1,0,0,2,35.0,15.0,voiture,deux_roues,5,2,1,1,3
201900028223,2019-09-06 18:25:00,2019,9,6,18,25,68,68146,A35,48.116979,7.375621,Plein jour,Hors agglomération,Hors intersection,Normale,Trois véhicules et plus - en chaîne,1,3,4,0,1,1,1,0,1,110,4,4,3,0,0,1,37.0,43.0,voiture,utilitaire_camion,1,1,1,1,4
201900028224,2019-09-08 06:25:00,2019,9,8,6,25,26,26088,Autoroute A 49,45.022975,5.078271,Crépuscule ou aube,Hors agglomération,Hors intersection,Normale,Deux véhicules - arrière,1,-1,4,0,1,1,1,0,1,130,2,6,3,0,1,2,23.0,41.0,voiture,voiture,2,1,1,1,2
201900028225,2019-09-07 02:10:00,2019,9,7,2,10,67,67152,2 Rue de l'Ehn,48.518429,7.684379,Nuit avec éclairage allumé,En agglomération,Hors intersection,Normale,Autre collision,4,2,2,0,4,2,1,0,8,30,1,2,0,0,1,1,19.0,,voiture,,5,2,1,1,6
201900028226,2019-09-07 19:30:00,2019,9,7,19,30,34,34337,Avenue de Mireval,43.5217287,3.8293296,Crépuscule ou aube,Hors agglomération,Intersection en T,Normale,Deux véhicules - frontale,3,2,2,0,1,2,1,0,1,80,2,2,1,1,0,0,32.0,61.0,voiture,deux_roues,2,1,3,1,1