accident_id,datetime,annee,mois,jour,heure,minute,departement,commune_insee,adresse,latitude,longitude,luminosite,agglomeration,intersection,meteo,collision,catr,circ,nbv,vosp,prof,plan,surf,infra,situ,vma,nb_vehicules,nb_usagers,nb_indemnes,nb_tues,nb_blesses_hosp,nb_blesses_legers,age_cond_1,age_cond_2,veh_type_cond_1,veh_type_cond_2,lum_code,agg_code,int_code,atm_code,col_code
201900028227,2019-09-06 18:30:00,2019,9,6,18,30,42,42256,D102,45.4979207,4.1646097,Plein jour,Hors agglomération,Hors intersection,Normale,Deux véhicules - arrière,3,2,2,0,1,1,1,0,1,80,2,2,1,0,0,1,77.0,,voiture,,1,1,1,1,2
201900028228,2019-09-01 10:45:00,2019,9,1,10,45,39,39501,,47.130758,5.440423,Plein jour,Hors agglomération,Hors intersection,Normale,Deux véhicules - arrière,1,3,4,0,1,1,1,0,1,130,2,2,1,0,1,0,44.0,51.0,voiture,voiture,1,1,1,1,2
201900028229,2019-09-06 12:31:00,2019,9,6,12,31,72,72249,"A81, PK 180+900, sens PROVINCE-PARIS",48.037942,0.062313,Plein jour,Hors agglomération,Hors intersection,Normale,Deux véhicules - arrière,1,1,4,0,1,1,1,0,1,130,2,2,1,0,1,0,53.0,67.0,voiture,voiture,1,1,1,1,2
201900028230,2019-09-05 19:25:00,2019,9,5,19,25,6,06088,A8 pk 197+500 SUD,43.73406,7.253934,Nuit sans éclairage public,Hors agglomération,Hors intersection,Normale,Sans collision,1,2,4,0,2,3,1,1,4,90,1,1,0,0,1,0,49.0,,deux_roues,,3,1,1,1,7
201900028231,2019-09-07 12:30:00,2019,9,7,12,30,976,97602,quartier de la mosquée du carefour dzoumogné,-12.71763,45.112924,Plein jour,En agglomération,Hors intersection,Normale,Autre collision,4,1,1,0,1,1,1,0,1,-1,1,2,1,1,0,0,48.0,,voiture,,1,2,1,1,6
201900028232,2019-09-06 11:30:00,2019,9,6,11,30,37,37210,RD 751,47.213217,0.35401,Plein jour,Hors agglomération,Autre intersection,Normale,Deux véhicules - côté,3,2,2,0,1,1,1,0,1,80,2,3,2,1,0,0,43.0,79.0,utilitaire_camion,voiture,1,1,9,1,3
201900028233,2019-09-06 21:35:00,2019,9,6,21,35,51,51183,A26,49.321996,3.9838295,Nuit avec éclairage allumé,Hors agglomération,Hors intersection,Normale,Deux véhicules - arrière,1,1,5,0,1,1,1,7,1,30,2,3,0,1,0,2,21.0,54.0,voiture,voiture,5,1,1,1,2
201900028234,2019-09-07 10:20:00,2019,9,7,10,20,34,34032,A9 - PK: 158.800,43.333866,3.28462,Plein jour,Hors agglomération,Hors intersection,Normale,Deux véhicules - arrière,1,1,5,3,1,1,1,0,1,130,2,7,4,0,0,3,21.0,54.0,utilitaire_camion,voiture,1,1,1,1,2
201900028235,2019-09-07 12:25:00,2019,9,7,12,25,27,27469,A13,49.284388,1.126531,Plein jour,Hors agglomération,Hors intersection,Normale,Autre collision,1,3,5,0,2,1,1,0,1,-1,2,2,1,0,0,1,48.0,24.0,utilitaire_camion,deux_roues,1,1,1,1,6
201900028236,2019-09-06 01:40:00,2019,9,6,1,40,13,13037,"Autoroute A7, sens Sud/Nord, PK 246+700",43.566522,5.22449,Nuit sans éclairage public,Hors agglomération,Hors intersection,Normale,Sans collision,1,3,3,0,4,2,1,0,3,110,1,1,0,0,0,1,26.0,,voiture,,3,1,1,1,7
201900028237,2019-09-07 14:15:00,2019,9,7,14,15,988,98808,Village de Poro,-21.30395,165.713682,Plein jour,Hors agglomération,Intersection en T,Normale,Deux véhicules - côté,3,2,2,0,1,2,1,0,1,90,2,4,2,0,1,1,36.0,34.0,voiture,voiture,1,1,3,1,3
201900028238,2019-09-08 15:00:00,2019,9,8,15,0,988,98832,RP3,-22.141836,166.746179,Plein jour,Hors agglomération,Hors intersection,Normale,Autre collision,3,2,2,0,1,2,1,0,3,90,1,2,0,0,2,0,43.0,,voiture,,1,1,1,1,6
201900028239,2019-09-08 05:00:00,2019,9,8,5,0,988,98802,Route de Thio,-21.83,166.0616,Plein jour,Hors agglomération,Hors intersection,Normale,Sans collision,3,2,2,0,1,3,1,0,3,90,1,3,2,0,1,0,24.0,,voiture,,1,1,1,1,7
201900028240,2019-08-24 12:40:00,2019,8,24,12,40,33,33097,D207,45.078148,-1.165337,Plein jour,Hors agglomération,Hors intersection,Normale,Sans collision,3,2,2,0,3,2,1,0,3,80,1,2,0,0,1,1,22.0,,deux_roues,,1,1,1,1,7
201900028241,2019-09-06 08:17:00,2019,9,6,8,17,37,37008,LIEU-DIT LE PETIT VAU,47.328647,0.929983,Plein jour,Hors agglomération,Intersection en Y,Normale,Deux véhicules - frontale,3,2,2,0,2,1,1,0,1,80,2,3,0,0,1,2,81.0,26.0,voiture,voiture,1,1,4,1,1
201900028242,2019-09-07 18:30:00,2019,9,7,18,30,37,37003,D61,47.388708,1.050656,Plein jour,Hors agglomération,Hors intersection,Normale,Autre collision,3,2,2,0,2,3,1,0,3,70,1,1,0,0,1,0,54.0,,deux_roues,,1,1,1,1,6
201900028243,2019-09-06 20:50:00,2019,9,6,20,50,77,77327,RD619,48.567073,3.005906,Nuit sans éclairage public,Hors agglomération,Hors intersection,Normale,Autre collision,3,2,2,0,1,1,1,0,1,70,1,2,0,0,2,0,37.0,,deux_roues,,3,1,1,1,6
201900028244,2019-08-15 10:00:00,2019,8,15,10,0,77,77008,D17E,48.96302,2.9966,Plein jour,Hors agglomération,Hors intersection,Pluie légère,Deux véhicules - frontale,3,2,2,0,1,3,2,0,1,80,2,2,1,0,0,1,20.0,68.0,voiture,utilitaire_camion,1,1,1,2,1
201900028245,2019-09-06 18:25:00,2019,9,6,18,25,77,77264,D143,48.7367605,2.9581696,Plein jour,Hors agglomération,Hors intersection,Temps couvert,Autre collision,3,2,2,0,1,1,1,0,3,80,1,1,0,0,1,0,31.0,,deux_roues,,1,1,1,8,6
201900028246,2019-09-07 21:20:00,2019,9,7,21,20,95,95351,D165E,49.050028,2.525446,Nuit sans éclairage public,Hors agglomération,Hors intersection,Normale,Autre collision,3,2,2,0,1,1,1,0,1,80,1,2,1,0,1,0,26.0,,voiture,,3,1,1,1,6
201900028247,2019-08-06 02:00:00,2019,8,6,2,0,91,91495,d191,48.451329,2.002735,Nuit sans éclairage public,Hors agglomération,Giratoire,Normale,Sans collision,3,2,2,0,1,3,1,0,1,80,1,1,0,0,1,0,48.0,,deux_roues,,3,1,6,1,7
201900028248,2019-09-07 08:54:00,2019,9,7,8,54,78,78050,D34,48.797476,1.870947,Plein jour,Hors agglomération,Hors intersection,Normale,Sans collision,3,2,2,0,1,2,1,0,3,70,1,1,0,0,1,0,22.0,,deux_roues,,1,1,1,1,7
201900028249,2019-09-06 11:40:00,2019,9,6,11,40,30,30080,D906,44.301377,3.977687,Plein jour,Hors agglomération,Hors intersection,Normale,Autre collision,3,2,2,0,2,2,1,0,1,80,1,1,0,0,1,0,70.0,,voiture,,1,1,1,1,6
201900028250,2019-09-08 03:00:00,2019,9,8,3,0,11,11059,D623,43.164365,2.1150022,Nuit sans éclairage public,Hors agglomération,Hors intersection,Pluie légère,Sans collision,3,2,2,0,2,3,2,0,3,80,1,2,1,0,1,0,48.0,,voiture,,3,1,1,2,7
201900028251,2019-09-07 10:40:00,2019,9,7,10,40,34,34314,D17E3,43.745082,3.856971,Plein jour,Hors agglomération,Hors intersection,Normale,Deux véhicules - frontale,3,2,2,0,1,1,1,0,1,70,2,5,1,0,0,4,35.0,40.0,voiture,voiture,1,1,1,1,1
201900028252,2019-09-06 15:40:00,2019,9,6,15,40,34,34033,D105,43.739138,4.078567,Plein jour,Hors agglomération,Hors intersection,Normale,Sans collision,3,2,1,0,4,3,1,2,8,-1,1,1,0,1,0,0,19.0,,voiture,,1,1,1,1,7
201900028253,2019-09-06 15:10:00,2019,9,6,15,10,34,34058,110 Avenue de Montpellier,43.671216,3.978927,Plein jour,En agglomération,Hors intersection,Normale,Autre collision,3,2,2,0,1,1,1,0,1,50,1,2,1,0,1,0,38.0,,utilitaire_camion,,1,2,1,1,6
201900028254,2019-09-07 17:10:00,2019,9,7,17,10,84,84003,Route Departementale 201,43.886243,5.402315,Plein jour,Hors agglomération,Hors intersection,Normale,Deux véhicules - frontale,3,2,2,0,1,1,1,0,1,80,2,4,0,0,3,1,72.0,29.0,voiture,voiture,1,1,1,1,1
201900028255,2019-08-22 19:15:00,2019,8,22,19,15,83,83112,65 Avenue du Port,43.182921,5.708374,Plein jour,En agglomération,Hors intersection,Normale,Autre collision,4,1,1,0,1,1,1,0,1,20,1,3,2,0,1,0,27.0,,deux_roues,,1,2,1,1,6
201900028256,2019-09-06 15:45:00,2019,9,6,15,45,83,83001,Route du Violon,43.524556,6.813407,Plein jour,En agglomération,Hors intersection,Normale,Deux véhicules - frontale,3,2,2,0,1,3,1,0,1,50,2,2,1,0,1,0,28.0,57.0,utilitaire_camion,voiture,1,2,1,1,1
201900028257,2019-09-04 22:00:00,2019,9,4,22,0,6,06065,Route de la Baronne,43.724962,7.177427,Nuit avec éclairage allumé,Hors agglomération,Hors intersection,Normale,Deux véhicules - frontale,7,3,2,0,1,1,1,0,1,50,2,2,1,0,1,0,20.0,50.0,voiture,deux_roues,5,1,1,1,1
201900028258,2019-09-08 09:40:00,2019,9,8,9,40,4,04183,RN 202,43.924306,6.533212,Plein jour,Hors agglomération,Hors intersection,Normale,Deux véhicules - côté,2,2,2,0,1,1,1,0,1,80,2,3,1,0,0,2,30.0,32.0,deux_roues,utilitaire_camion,1,1,1,1,3
201900028259,2019-09-05 13:40:00,2019,9,5,13,40,4,04096,Col de la bonette,44.379159,6.781929,Plein jour,Hors agglomération,Hors intersection,Normale,Sans collision,4,2,2,2,2,1,1,0,1,50,1,1,0,0,1,0,63.0,,deux_roues,,1,1,1,1,7
201900028260,2019-09-03 17:00:00,2019,9,3,17,0,13,13094,cd32,43.791074,4.728875,Plein jour,Hors agglomération,Hors intersection,Normale,Deux véhicules - côté,3,2,2,0,1,1,1,0,1,80,2,2,1,0,1,0,51.0,80.0,utilitaire_camion,deux_roues,1,1,1,1,3
201900028261,2019-09-07 07:30:00,2019,9,7,7,30,13,13004,N 568,43.5431665,4.8144492,Plein jour,Hors agglomération,Hors intersection,Normale,Sans collision,2,3,4,0,1,2,1,0,8,110,1,1,0,1,0,0,37.0,,voiture,,1,1,1,1,7
201900028262,2019-09-03 19:15:00,2019,9,3,19,15,13,13066,D28 NOVES,43.885236,4.892546,Crépuscule ou aube,Hors agglomération,Hors intersection,Normale,Trois véhicules et plus - collisions multiples,3,2,2,0,2,3,1,0,1,80,3,3,2,1,0,0,36.0,46.0,voiture,voiture,2,1,1,1,5
201900028263,2019-09-06 18:40:00,2019,9,6,18,40,71,71372,La Maison Blanche,46.181139,4.749024,Plein jour,En agglomération,Hors intersection,Normale,Deux véhicules - arrière,3,2,2,0,1,1,1,9,1,50,2,3,1,0,0,2,42.0,44.0,utilitaire_camion,utilitaire_camion,1,2,1,1,2
201900028264,2019-09-07 21:00:00,2019,9,7,21,0,52,52348,RD35 PR000+015,47.9148606,5.4084092,Nuit sans éclairage public,Hors agglomération,Intersection en Y,Pluie légère,Sans collision,3,2,2,0,2,2,2,5,1,80,1,1,0,0,1,0,37.0,,deux_roues,,3,1,4,2,7
201900028265,2019-08-29 22:15:00,2019,8,29,22,15,68,68317,Route de la Schlucht,48.071504,7.100538,Nuit sans éclairage public,En agglomération,Hors intersection,Normale,Sans collision,3,2,1,0,2,3,1,0,3,70,1,2,1,0,0,1,21.0,,voiture,,3,2,1,1,7
201900028266,2019-08-28 21:25:00,2019,8,28,21,25,67,67087,RD 919,48.829546,7.654533,Nuit sans éclairage public,Hors agglomération,Hors intersection,Normale,Autre collision,3,2,2,0,1,1,1,0,1,90,1,1,0,0,0,1,32.0,,deux_roues,,3,1,1,1,6
201900028267,2019-09-07 17:45:00,2019,9,7,17,45,88,88412,D159B,48.352227,6.714208,Crépuscule ou aube,Hors agglomération,Hors intersection,Pluie légère,Deux véhicules - frontale,3,2,2,0,1,3,2,0,1,80,2,4,0,0,0,4,28.0,55.0,voiture,utilitaire_camion,2,1,1,2,1
201900028268,2019-09-06 14:00:00,2019,9,6,14,0,88,88301,8 Route de Rambervillers,48.389071,6.691321,Plein jour,Hors agglomération,Hors intersection,Normale,Autre collision,3,2,2,0,2,3,1,0,8,80,1,1,0,1,0,0,37.0,,utilitaire_camion,,1,1,1,1,6
201900028269,2019-09-08 00:56:00,2019,9,8,0,56,88,88253,D420,48.190502,6.484847,Nuit avec éclairage allumé,Hors agglomération,Intersection en T,Pluie légère,Deux véhicules - côté,3,2,2,0,1,1,2,0,1,80,2,3,2,0,1,0,24.0,31.0,voiture,deux_roues,5,1,3,2,3
201900028270,2019-09-06 12:28:00,2019,9,6,12,28,55,55218,D65,49.267911,5.493607,Plein jour,Hors agglomération,Hors intersection,Normale,Sans collision,3,2,2,0,1,2,1,0,3,80,1,1,0,0,0,1,24.0,,deux_roues,,1,1,1,1,7
201900028271,2019-09-07 17:00:00,2019,9,7,17,0,74,74143,Route de Vaudagne,45.905226,6.766598,Plein jour,Hors agglomération,Hors intersection,Normale,Deux véhicules - frontale,3,2,2,0,2,4,1,0,1,80,2,2,1,0,1,0,50.0,57.0,deux_roues,voiture,1,1,1,1,1
201900028272,2019-09-08 01:02:00,2019,9,8,1,2,73,73250,542 Avenue de Villard-Clément,45.259296,6.391546,Nuit avec éclairage allumé,En agglomération,Hors intersection,Normale,Autre collision,3,2,2,0,2,2,1,0,3,50,1,1,0,0,0,1,24.0,,voiture,,5,2,1,1,6
201900028273,2019-09-07 17:15:00,2019,9,7,17,15,44,44209,D49 rue de Vigneux,47.331003,-1.643855,Plein jour,Hors agglomération,Intersection en T,Normale,Deux véhicules - côté,3,-1,2,0,1,1,1,0,1,70,2,1,0,0,0,1,50.0,,deux_roues,,1,1,3,1,3
201900028274,2019-09-06 17:00:00,2019,9,6,17,0,44,44209,Rue de la Grehandière,47.331039,-1.643469,Plein jour,Hors agglomération,Intersection en X,Normale,Deux véhicules - côté,3,2,2,0,1,3,1,5,5,70,2,2,1,0,1,0,41.0,79.0,voiture,voiture,1,1,2,1,3
201900028275,2019-09-07 23:30:00,2019,9,7,23,30,38,38200,Route de l'Électrochimie,45.090197,5.733,Nuit avec éclairage allumé,Hors agglomération,Hors intersection,Normale,Sans collision,4,2,2,0,1,1,1,0,1,50,1,1,0,0,1,0,47.0,,deux_roues,,5,1,1,1,7
201900028276,2019-09-05 09:20:00,2019,9,5,9,20,38,38061,Route de Voiron,45.342357,5.610037,Plein jour,Hors agglomération,Hors intersection,Temps couvert,Deux véhicules - frontale,3,2,2,0,2,1,1,0,1,80,2,3,0,0,1,2,74.0,21.0,voiture,voiture,1,1,1,8,1
201900028277,2019-09-06 11:40:00,2019,9,6,11,40,26,26168,Route Rd 1075,44.678935,5.693529,Plein jour,Hors agglomération,Hors intersection,Vent fort / tempête,Deux véhicules - frontale,3,2,2,0,2,3,1,0,1,80,2,4,3,0,1,0,56.0,80.0,deux_roues,voiture,1,1,1,6,1
201900028278,2019-06-27 12:30:00,2019,6,27,12,30,69,69043,61 aveue de Verdun,45.709427,4.741751,Plein jour,En agglomération,Hors intersection,Temps éblouissant,Deux véhicules - côté,3,2,2,0,1,1,1,8,1,50,2,3,2,0,1,0,46.0,31.0,deux_roues,voiture,1,2,1,7,3
201900028279,2019-06-27 04:10:00,2019,6,27,4,10,45,45203,Autoroute A10 PK 112 + 0,47.846926,1.682543,Nuit sans éclairage public,Hors agglomération,Hors intersection,Normale,Autre collision,1,3,5,0,1,1,1,0,3,130,1,1,0,0,1,0,38.0,,voiture,,3,1,1,1,6
201900028280,2019-06-30 06:30:00,2019,6,30,6,30,30,30347,PK66+200 SENS MONTPELLIER NIMES,43.739552,4.258544,Crépuscule ou aube,Hors agglomération,Hors intersection,Normale,Trois véhicules et plus - en chaîne,1,3,2,0,1,2,1,0,1,130,4,7,3,1,1,2,75.0,80.0,voiture,voiture,2,1,1,1,4
201900028281,2019-05-30 06:30:00,2019,5,30,6,30,971,97103,Route de Calvaire,16.236357,-61.627446,Plein jour,En agglomération,Hors intersection,Normale,Autre collision,3,2,2,0,1,1,1,0,1,50,1,2,1,1,0,0,20.0,,voiture,,1,2,1,1,6
201900028282,2019-06-28 01:07:00,2019,6,28,1,7,77,77071,Autoroute A6 - PK 082+950 - sens PARIS -> LYON,48.2027065,2.7992736,Nuit sans éclairage public,Hors agglomération,Hors intersection,Normale,Deux véhicules - arrière,1,1,4,0,1,1,1,0,1,-1,2,2,0,0,0,2,54.0,47.0,utilitaire_camion,utilitaire_camion,3,1,1,1,2
201900028283,2019-06-22 08:30:00,2019,6,22,8,30,33,33229,D106 - VTA fait directement demi-tour sur D106 sans emprunter voie dédiée.,44.786333,-0.912737,Plein jour,Hors agglomération,Autre intersection,Brouillard / fumée,Deux véhicules - côté,3,3,5,0,1,1,1,9,1,110,2,3,1,0,0,2,56.0,38.0,autre,voiture,1,1,9,5,3
201900028284,2019-06-30 01:40:00,2019,6,30,1,40,78,78003,A11 PK 28+600,48.536865,1.876357,Nuit sans éclairage public,Hors agglomération,Hors intersection,Normale,Autre collision,1,3,4,0,1,1,1,0,3,130,1,2,1,0,1,0,18.0,,voiture,,3,1,1,1,6
201900028285,2019-06-27 12:55:00,2019,6,27,12,55,988,98821,"RT1, Tontouta",-22.01999,166.22852,Plein jour,Hors agglomération,Hors intersection,Temps couvert,Autre collision,2,2,2,0,1,2,1,0,3,90,1,1,0,0,1,0,59.0,,voiture,,1,1,1,8,6
201900028286,2019-06-26 19:00:00,2019,6,26,19,0,976,97615,Route Nationale 4,-12.798561,45.276633,Nuit avec éclairage allumé,En agglomération,Hors intersection,Normale,Deux véhicules - côté,2,2,2,0,1,1,1,5,1,50,2,2,0,0,0,2,43.0,19.0,deux_roues,deux_roues,5,2,1,1,3
201900028287,2019-06-27 19:35:00,2019,6,27,19,35,974,97420,Rue Léon Fidèle,-20.925336,55.582997,Nuit avec éclairage allumé,En agglomération,Intersection en X,Temps couvert,Deux véhicules - côté,4,2,2,0,1,1,1,0,1,50,2,2,1,0,1,0,24.0,27.0,deux_roues,voiture,5,2,2,8,3
201900028288,2019-06-19 11:40:00,2019,6,19,11,40,971,97115,Bagatelle,16.248708,-61.651372,Plein jour,En agglomération,Hors intersection,Normale,Autre collision,3,2,2,0,4,1,1,0,3,80,2,2,1,0,1,0,57.0,70.0,voiture,voiture,1,2,1,1,6
201900028289,2019-06-28 06:55:00,2019,6,28,6,55,33,33199,Dératementale 652,44.56412,-1.09441,Crépuscule ou aube,Hors agglomération,Hors intersection,Brouillard / fumée,Deux véhicules - frontale,3,2,2,0,1,1,2,0,1,80,2,2,1,0,1,0,27.0,50.0,deux_roues,voiture,2,1,1,5,1
201900028290,2019-06-28 20:15:00,2019,6,28,20,15,77,77426,D 215,48.58703,2.82825,Plein jour,Hors agglomération,Hors intersection,Normale,Sans collision,3,2,2,0,1,2,1,0,3,80,1,1,0,0,1,0,35.0,,deux_roues,,1,1,1,1,7
201900028291,2019-06-05 17:15:00,2019,6,5,17,15,91,91405,Route départementle 105 - PK 12+4000,48.412147,2.438327,Plein jour,Hors agglomération,Hors intersection,Normale,Trois véhicules et plus - collisions multiples,3,2,2,0,1,1,1,0,1,-1,3,3,2,1,0,0,51.0,42.0,utilitaire_camion,utilitaire_camion,1,1,1,1,5
201900028292,2019-06-02 11:15:00,2019,6,2,11,15,91,91405,Route départementale 105,48.415822,2.431911,Plein jour,Hors agglomération,Hors intersection,Normale,Deux véhicules - côté,3,2,2,0,2,3,1,0,1,50,2,2,1,0,0,1,34.0,55.0,voiture,deux_roues,1,1,1,1,3
201900028293,2019-06-28 18:15:00,2019,6,28,18,15,78,78437,Route de Lavacourt,49.052189,1.661199,Plein jour,Hors agglomération,Hors intersection,Normale,Deux véhicules - arrière,3,2,2,0,2,2,1,0,1,80,2,2,1,0,1,0,50.0,50.0,deux_roues,voiture,1,1,1,1,2
201900028294,2019-06-28 13:40:00,2019,6,28,13,40,2B,2B307,"RT 10, lieu-dit Scalu",42.379256,9.530063,Plein jour,En agglomération,Hors intersection,Normale,Deux véhicules - arrière,2,2,2,0,1,1,1,0,1,50,2,2,1,0,0,1,22.0,73.0,voiture,deux_roues,1,2,1,1,2
201900028295,2019-06-30 12:35:00,2019,6,30,12,35,2B,2B298,RD 81,42.671791,9.301221,Plein jour,En agglomération,Giratoire,Normale,Deux véhicules - côté,3,1,1,0,1,2,1,0,1,50,2,3,1,0,0,2,50.0,59.0,deux_roues,voiture,1,2,6,1,3
201900028296,2019-06-01 11:00:00,2019,6,1,11,0,2B,2B042,Route des Marines de Borgo,42.596159,9.497184,Plein jour,Hors agglomération,Hors intersection,Normale,Autre collision,9,-1,5,1,1,1,1,0,5,-1,1,1,0,0,1,0,65.0,,deux_roues,,1,1,1,1,6
201900028297,2019-06-28 03:40:00,2019,6,28,3,40,66,66185,D 16,42.656499,2.611095,Nuit sans éclairage public,Hors agglomération,Hors intersection,Normale,Autre collision,3,2,2,0,1,2,1,0,3,80,1,1,0,0,0,1,24.0,,voiture,,3,1,1,1,6
201900028298,2019-06-28 17:30:00,2019,6,28,17,30,66,66101,Cami de les Olivedes,42.62194,2.76916,Plein jour,En agglomération,Autre intersection,Temps éblouissant,Deux véhicules - côté,3,2,2,0,1,1,1,5,1,50,2,2,1,0,1,0,33.0,36.0,deux_roues,voiture,1,2,9,7,3
201900028299,2019-06-30 16:20:00,2019,6,30,16,20,34,34151,cd 61,43.624981,4.126106,Plein jour,Hors agglomération,Hors intersection,Normale,Trois véhicules et plus - collisions multiples,3,2,2,0,1,3,1,0,1,80,3,10,7,0,1,2,19.0,21.0,voiture,voiture,1,1,1,1,5
201900028300,2019-06-27 20:30:00,2019,6,27,20,30,83,83115,18 Chemin du Preconil,43.310163,6.631485,Crépuscule ou aube,En agglomération,Intersection en T,Normale,Deux véhicules - frontale,4,2,2,0,1,1,1,0,1,30,2,2,1,0,1,0,16.0,41.0,deux_roues,voiture,2,2,3,1,1
201900028301,2019-06-18 18:45:00,2019,6,18,18,45,83,83042,Avenue Sigismond Coulet,43.249582,6.536063,Plein jour,En agglomération,Hors intersection,Normale,Deux véhicules - arrière,4,2,2,0,1,1,1,0,1,50,2,2,1,0,1,0,43.0,42.0,deux_roues,voiture,1,2,1,1,2
201900028302,2019-06-28 09:45:00,2019,6,28,9,45,4,04245,RD 4096,43.860458,5.835718,Plein jour,Hors agglomération,Hors intersection,Normale,Trois véhicules et plus - collisions multiples,3,2,2,0,2,1,1,0,1,80,3,5,2,0,1,2,65.0,84.0,voiture,voiture,1,1,1,1,5
201900028303,2019-06-28 20:00:00,2019,6,28,20,0,4,04143,RD 907 - Les Coues,43.886971,5.938662,Crépuscule ou aube,Hors agglomération,Hors intersection,Normale,Deux véhicules - frontale,3,2,2,0,1,1,1,0,1,80,2,2,0,0,1,1,38.0,52.0,voiture,deux_roues,2,1,1,1,1
201900028304,2019-06-28 18:00:00,2019,6,28,18,0,13,13053,D7N,43.719081,5.176312,Plein jour,Hors agglomération,Hors intersection,Normale,Deux véhicules - arrière,3,2,2,0,1,1,1,0,1,80,2,3,1,0,0,2,26.0,39.0,voiture,utilitaire_camion,1,1,1,1,2
201900028305,2019-06-27 13:45:00,2019,6,27,13,45,13,13100,CD99 PK 13+375,43.789034,4.83115,Plein jour,Hors agglomération,Hors intersection,Normale,Deux véhicules - frontale,3,2,2,0,1,4,1,0,1,80,2,2,0,0,1,1,44.0,39.0,voiture,voiture,1,1,1,1,1
201900028306,2019-06-22 12:10:00,2019,6,22,12,10,13,13062,Route de Simiane,43.424801,5.473066,Plein jour,Hors agglomération,Hors intersection,Normale,Deux véhicules - côté,3,2,2,0,2,1,1,0,1,80,2,2,0,0,1,1,45.0,46.0,deux_roues,voiture,1,1,1,1,3
201900028307,2019-06-29 18:00:00,2019,6,29,18,0,26,26252,A7 PK 77.000 S/N,44.87325,4.87539,Plein jour,Hors agglomération,Hors intersection,Normale,Deux véhicules - arrière,1,3,5,0,1,3,1,0,1,110,2,7,4,0,2,1,57.0,20.0,voiture,voiture,1,1,1,1,2
201900028308,2019-06-29 19:40:00,2019,6,29,19,40,70,70348,RD 4 PK 15 +900,47.615737,6.533407,Plein jour,Hors agglomération,Hors intersection,Normale,Deux véhicules - frontale,3,2,2,0,1,1,1,0,1,80,2,5,2,0,1,2,32.0,30.0,voiture,voiture,1,1,1,1,1
201900028309,2019-06-29 19:30:00,2019,6,29,19,30,25,25313,CD683 - PK71+726,47.371372,6.429199,Plein jour,Hors agglomération,Hors intersection,Normale,Trois véhicules et plus - collisions multiples,3,2,2,0,1,1,1,0,1,80,3,7,2,0,4,1,41.0,24.0,voiture,voiture,1,1,1,1,5
201900028310,2019-06-30 10:45:00,2019,6,30,10,45,89,89037,A6 PK 132+300,47.9174925,3.2879162,Plein jour,Hors agglomération,Hors intersection,Normale,Autre collision,1,3,4,0,1,1,1,0,8,130,1,1,0,0,0,1,74.0,,utilitaire_camion,,1,1,1,1,6
201900028311,2019-06-28 18:30:00,2019,6,28,18,30,21,21268,Flagey-lès-Auxonne,47.140202,5.397906,Plein jour,Hors agglomération,Hors intersection,Temps éblouissant,Sans collision,4,2,2,0,1,3,1,0,3,80,1,1,0,0,1,0,20.0,,deux_roues,,1,1,1,7,7
201900028312,2019-06-30 16:40:00,2019,6,30,16,40,68,68342,PK 12+300,47.818858,7.199111,Plein jour,Hors agglomération,Hors intersection,Normale,Sans collision,3,3,4,0,1,2,1,0,3,110,1,4,0,0,0,4,61.0,,voiture,,1,1,1,1,7
201900028313,2019-06-29 15:55:00,2019,6,29,15,55,68,68204,2 Rue de Sondernach,48.007181,7.071015,Plein jour,En agglomération,Hors intersection,Temps éblouissant,Sans collision,4,2,2,0,1,4,1,0,1,50,1,1,0,0,1,0,16.0,,deux_roues,,1,2,1,7,7
201900028314,2019-06-25 21:30:00,2019,6,25,21,30,67,67309,Rue du Général Leclerc,48.642027,7.716812,Crépuscule ou aube,En agglomération,Autre intersection,Normale,Deux véhicules - frontale,3,4,2,1,1,1,1,1,5,50,2,1,0,0,0,1,39.0,,deux_roues,,2,2,9,1,1
201900028315,2019-06-30 03:45:00,2019,6,30,3,45,67,67282,PK 25 + 200 RD 1004,48.617711,7.507608,Nuit sans éclairage public,Hors agglomération,Hors intersection,Normale,Sans collision,3,2,2,0,2,1,1,9,1,80,1,2,0,0,1,1,20.0,,voiture,,3,1,1,1,7
201900028316,2019-06-27 16:45:00,2019,6,27,16,45,67,67282,RD 1004,48.622258,7.49202,Plein jour,En agglomération,Giratoire,Temps éblouissant,Deux véhicules - côté,3,1,1,0,1,1,1,5,8,40,2,2,1,0,1,0,17.0,61.0,deux_roues,voiture,1,2,6,7,3
201900028317,2019-06-28 17:10:00,2019,6,28,17,10,67,67348,39 Boulevard d'Europe,48.463126,7.494306,Plein jour,En agglomération,Hors intersection,Normale,Deux véhicules - côté,4,1,1,0,1,1,1,0,1,50,2,2,1,0,0,1,29.0,81.0,utilitaire_camion,deux_roues,1,2,1,1,3
201900028318,2019-06-26 21:10:00,2019,6,26,21,10,88,88098,1312 rue des Pins,48.163999,6.339614,Crépuscule ou aube,En agglomération,Intersection en Y,Normale,Autre collision,4,2,2,0,2,2,1,0,1,50,1,1,0,0,1,0,21.0,,deux_roues,,2,2,4,1,6