accident_id,datetime,annee,mois,jour,heure,minute,departement,commune_insee,adresse,latitude,longitude,luminosite,agglomeration,intersection,meteo,collision,catr,circ,nbv,vosp,prof,plan,surf,infra,situ,vma,nb_vehicules,nb_usagers,nb_indemnes,nb_tues,nb_blesses_hosp,nb_blesses_legers,age_cond_1,age_cond_2,veh_type_cond_1,veh_type_cond_2,lum_code,agg_code,int_code,atm_code,col_code
201900028502,2019-04-11 04:50:00,2019,4,11,4,50,63,63063,giratoire avant VERTE (RUE),45.8422525,3.1162502,Nuit avec éclairage allumé,En agglomération,Giratoire,Pluie légère,Autre collision,7,1,2,0,1,2,2,5,1,30,2,2,1,0,0,1,66.0,48.0,voiture,deux_roues,5,2,6,2,6
201900028503,2019-04-10 12:30:00,2019,4,10,12,30,63,63164,MITTERRAND ( Avenue François),45.82,3.15495,Plein jour,En agglomération,Hors intersection,Normale,Deux véhicules - arrière,7,2,2,0,1,1,1,0,1,70,2,2,1,0,0,1,30.0,17.0,voiture,deux_roues,1,2,1,1,2
201900028504,2019-04-11 10:25:00,2019,4,11,10,25,63,63113,CLEMENTEL (BD ETIENNE),45.79659,3.11265,Plein jour,En agglomération,Hors intersection,Pluie légère,Deux véhicules - côté,4,3,4,0,1,1,2,0,1,50,2,2,1,0,0,1,23.0,80.0,voiture,voiture,1,2,1,2,3
201900028505,2019-04-12 18:25:00,2019,4,12,18,25,62,62826,DIX HUIT JUIN (AVENUE DU),50.5242673,1.595947,Plein jour,En agglomération,Hors intersection,Normale,Autre collision,4,2,2,2,1,1,1,0,1,50,1,2,1,0,0,1,60.0,,voiture,,1,2,1,1,6
201900028506,2019-04-12 14:10:00,2019,4,12,14,10,59,59599,LORIDANT (RUE HENRI),50.697044,3.147218,Plein jour,En agglomération,Hors intersection,Normale,Deux véhicules - arrière,4,1,1,0,1,1,1,0,1,50,2,2,1,0,1,0,57.0,33.0,deux_roues,utilitaire_camion,1,2,1,1,2
201900028507,2019-04-13 00:15:00,2019,4,13,0,15,59,59350,HEGEL RUE,50.6282394,3.0169621,Nuit avec éclairage allumé,En agglomération,Intersection en T,Normale,Deux véhicules - côté,7,2,2,0,1,1,1,0,1,50,2,2,1,0,0,1,38.0,39.0,deux_roues,transport_commun,5,2,3,1,3
201900028508,2019-04-12 17:10:00,2019,4,12,17,10,59,59560,AVELIN ROUTE D,50.544653,3.056416,Plein jour,Hors agglomération,Giratoire,Normale,Deux véhicules - côté,7,-1,1,0,1,3,1,5,1,80,2,2,1,0,1,0,59.0,49.0,voiture,deux_roues,1,1,6,1,3
201900028509,2019-04-11 17:15:00,2019,4,11,17,15,59,59569,LECLERC (AVENUE DU MARECHAL),50.35927,3.1097,Plein jour,En agglomération,Giratoire,Normale,Trois véhicules et plus - en chaîne,3,2,2,0,2,1,1,0,1,50,3,7,5,0,0,2,48.0,21.0,voiture,voiture,1,2,6,1,4
201900028510,2019-04-12 12:20:00,2019,4,12,12,20,56,56121,DORVAL (RUE  MARIE ),47.746419,-3.359785,Plein jour,En agglomération,Intersection en X,Normale,Autre collision,4,1,1,0,1,1,2,0,1,30,1,3,2,0,0,1,63.0,,utilitaire_camion,,1,2,2,1,6
201900028511,2019-04-05 08:10:00,2019,4,5,8,10,54,54395,SAINT GEORGES (RUE),48.692019,6.186416,Plein jour,En agglomération,Hors intersection,Normale,Autre collision,4,2,2,3,1,1,1,4,1,30,2,9,1,0,0,8,56.0,,transport_commun,,1,2,1,1,6
201900028512,2019-04-13 10:40:00,2019,4,13,10,40,54,54136,RD603,49.1673,5.8555,Plein jour,En agglomération,Hors intersection,Normale,Deux véhicules - côté,3,2,2,0,1,3,1,0,2,50,2,5,3,0,0,2,61.0,77.0,voiture,voiture,1,2,1,1,3
201900028513,2019-04-12 16:30:00,2019,4,12,16,30,51,51454,RUE DES ROMAINS,49.262248,4.0211259,Plein jour,En agglomération,Hors intersection,Normale,Sans collision,4,2,2,0,1,1,1,0,1,50,1,2,1,0,0,1,43.0,,utilitaire_camion,,1,2,1,1,7
201900028514,2019-04-12 14:45:00,2019,4,12,14,45,51,51454,RUE EDMOND ROSTAND,49.21037,4.01952,Plein jour,En agglomération,Hors intersection,Normale,Sans collision,4,2,2,0,1,1,1,0,1,50,1,2,1,0,0,1,88.0,,voiture,,1,2,1,1,7
201900028515,2019-04-12 12:40:00,2019,4,12,12,40,51,51454,AVENUE D'EPERNAY,49.24085,4.01349,Plein jour,En agglomération,Intersection en X,Normale,Deux véhicules - côté,4,3,0,0,1,1,1,5,1,50,2,3,2,0,0,1,21.0,26.0,voiture,deux_roues,1,2,2,1,3
201900028516,2019-04-10 10:00:00,2019,4,10,10,0,50,50502,COMMUNE (boulevard de La),49.10173,-1.07518,Plein jour,Hors agglomération,Autre intersection,Pluie légère,Autre collision,3,3,4,0,1,1,2,0,1,90,1,1,0,0,0,1,22.0,,voiture,,1,1,9,2,6
201900028517,2019-04-10 21:55:00,2019,4,10,21,55,50,50147,CHEMIN DE LA PORTE,49.06635,-1.44388,Nuit sans éclairage public,Hors agglomération,Hors intersection,Normale,Sans collision,4,2,2,0,4,2,1,1,1,80,1,5,1,0,0,4,18.0,,voiture,,3,1,1,1,7
201900028518,2019-04-12 14:22:00,2019,4,12,14,22,50,50129,CARNOT (AVENUE),49.63809,-1.61659,Plein jour,En agglomération,Intersection en T,Normale,Deux véhicules - côté,4,2,2,0,1,1,1,0,1,50,2,2,1,0,0,1,87.0,16.0,voiture,deux_roues,1,2,3,1,3
201900028519,2019-04-09 18:45:00,2019,4,9,18,45,50,50173,GAULLE (RUE DU GENERAL DE),49.658182,-1.67686,Plein jour,En agglomération,Hors intersection,Normale,Autre collision,4,2,2,0,1,1,1,0,1,50,1,1,0,0,1,0,19.0,,deux_roues,,1,2,1,1,6
201900028520,2019-04-11 11:55:00,2019,4,11,11,55,49,49099,EUROPE (AVENUE DE L'),47.05477,-0.88673,Plein jour,En agglomération,Hors intersection,Normale,Autre collision,6,-1,0,0,1,1,1,0,1,10,1,2,1,0,1,0,63.0,,voiture,,1,2,1,1,6
201900028521,2019-04-10 18:35:00,2019,4,10,18,35,49,49007,BARANGE BOULEVARD,47.45437,-0.56768,Plein jour,En agglomération,Intersection en X,Normale,Autre collision,4,2,2,0,1,1,1,0,1,50,2,3,2,0,0,1,32.0,22.0,voiture,voiture,1,2,2,1,6
201900028522,2019-04-10 08:45:00,2019,4,10,8,45,49,49007,BEAUVAL,47.45215,-0.55199,Plein jour,En agglomération,Hors intersection,Normale,Deux véhicules - côté,4,2,2,0,1,1,1,0,1,50,2,2,1,0,0,1,59.0,34.0,voiture,deux_roues,1,2,1,1,3
201900028523,2019-04-13 18:30:00,2019,4,13,18,30,45,45234,AV DESDROITS DE L'HOMME,47.91424,1.92388,Plein jour,En agglomération,Hors intersection,Normale,Trois véhicules et plus - en chaîne,4,3,4,0,1,1,1,0,1,50,3,3,2,0,0,1,28.0,50.0,deux_roues,voiture,1,2,1,1,4
201900028524,2019-04-11 07:40:00,2019,4,11,7,40,45,45208,RUE DES CLOSIERS,47.99249,2.74089,Crépuscule ou aube,En agglomération,Hors intersection,Normale,Autre collision,4,2,2,0,1,1,1,1,1,50,1,1,0,0,0,1,,,,,2,2,1,1,6
201900028525,2019-04-11 09:00:00,2019,4,11,9,0,44,44109,PONT DE CHEVIRE,47.1892,-1.61372,Plein jour,En agglomération,Hors intersection,Normale,Trois véhicules et plus - en chaîne,2,3,0,0,2,1,1,2,1,70,5,4,3,0,0,1,48.0,30.0,voiture,voiture,1,2,1,1,4
201900028526,2019-04-10 12:21:00,2019,4,10,12,21,42,42189,SAGNAT (BOULEVARD),45.43402,4.33226,Plein jour,En agglomération,Hors intersection,Normale,Deux véhicules - côté,4,2,2,0,1,1,1,0,1,50,2,2,1,0,0,1,20.0,47.0,voiture,voiture,1,2,1,1,3
201900028527,2019-04-06 09:00:00,2019,4,6,9,0,42,42218,DAVID JEAN BAPTISTE,45.426572,4.397308,Plein jour,En agglomération,Hors intersection,Normale,Autre collision,4,1,1,0,2,1,1,0,1,50,1,1,0,0,0,1,20.0,,voiture,,1,2,1,1,6
201900028528,2019-04-12 06:20:00,2019,4,12,6,20,38,38185,RUE HONORÉ DE BALZAC,45.17355,5.72039,Nuit avec éclairage non allumé,En agglomération,Intersection en T,Normale,Deux véhicules - côté,4,2,2,0,1,1,1,0,1,50,2,1,0,0,0,1,30.0,,deux_roues,,4,2,3,1,3
201900028529,2019-04-11 17:15:00,2019,4,11,17,15,37,37195,PARMENTIERE (RUE DE LA),47.3833979,0.6651485,Plein jour,En agglomération,Intersection en X,Normale,Deux véhicules - côté,4,2,2,0,1,1,1,0,1,50,2,4,2,0,0,2,64.0,31.0,voiture,voiture,1,2,2,1,3
201900028530,2019-04-12 19:20:00,2019,4,12,19,20,35,35238,DUJARDIN (QUAI),48.1102,-1.674,Plein jour,En agglomération,Intersection en X,Normale,Deux véhicules - arrière,4,3,2,0,1,1,1,0,1,30,2,2,1,0,0,1,46.0,,voiture,,1,2,2,1,2
201900028531,2019-04-12 17:00:00,2019,4,12,17,0,35,35051,BEAULIEU (PORTE DE),48.102541,-1.60989,Plein jour,Hors agglomération,Giratoire,Normale,Deux véhicules - frontale,2,1,3,0,1,2,1,5,1,50,2,2,1,0,0,1,25.0,39.0,voiture,voiture,1,1,6,1,1
201900028532,2019-04-12 13:30:00,2019,4,12,13,30,35,35238,METZ (BD DE),48.116178,-1.6583,Plein jour,En agglomération,Intersection en X,Normale,Deux véhicules - côté,7,2,2,0,1,1,1,5,1,50,2,3,2,0,0,1,28.0,45.0,deux_roues,utilitaire_camion,1,2,2,1,3
201900028533,2019-04-11 20:30:00,2019,4,11,20,30,35,35238,LORIENT (DE),48.10851,-1.69925,Plein jour,En agglomération,Hors intersection,Normale,Deux véhicules - arrière,4,2,3,1,1,1,1,0,1,50,2,2,1,0,0,1,25.0,26.0,voiture,deux_roues,1,2,1,1,2
201900028534,2019-04-10 17:35:00,2019,4,10,17,35,35,35238,BIGNON (DU),48.096108,-1.637197,Plein jour,En agglomération,Hors intersection,Pluie légère,Deux véhicules - côté,4,2,3,0,1,1,2,0,1,50,2,2,1,0,0,1,40.0,42.0,deux_roues,voiture,1,2,1,2,3
201900028535,2019-04-10 12:20:00,2019,4,10,12,20,35,35055,HALLERAIS (ROND-POINT),48.077828,-1.632498,Plein jour,Hors agglomération,Giratoire,Normale,Sans collision,3,2,2,0,1,1,1,0,1,50,1,1,0,0,0,1,41.0,,deux_roues,,1,1,6,1,7
201900028536,2019-04-12 16:30:00,2019,4,12,16,30,34,34172,ORIENT (BOULEVARD D'),43.60194,3.88524,Plein jour,En agglomération,Hors intersection,Normale,Deux véhicules - côté,4,1,2,1,1,3,1,0,1,50,2,2,1,0,1,0,36.0,39.0,deux_roues,voiture,1,2,1,1,3
201900028537,2019-04-11 18:20:00,2019,4,11,18,20,34,34172,RHODES (RUE DE),43.60879,3.8965,Plein jour,En agglomération,Hors intersection,Normale,Deux véhicules - arrière,4,1,1,0,2,1,1,0,1,50,2,2,1,0,0,1,51.0,25.0,deux_roues,deux_roues,1,2,1,1,2
201900028538,2019-04-10 17:40:00,2019,4,10,17,40,34,34172,HEIDELBERG (AVENUE DE),43.62697,3.81571,Plein jour,En agglomération,Intersection en T,Normale,Deux véhicules - côté,4,2,2,0,1,1,1,0,1,50,2,3,1,0,0,2,72.0,53.0,utilitaire_camion,utilitaire_camion,1,2,3,1,3
201900028539,2019-04-08 19:00:00,2019,4,8,19,0,34,34032,ROUTE DE BEDARIEUX (RD.909),43.3845597,3.2275343,Plein jour,Hors agglomération,Hors intersection,Normale,Trois véhicules et plus - collisions multiples,3,2,2,0,2,1,1,0,1,80,3,4,0,0,1,3,58.0,27.0,utilitaire_camion,voiture,1,1,1,1,5
201900028540,2019-04-12 08:10:00,2019,4,12,8,10,34,34003,CONTREBANDIERS (AVENUE DES),43.29042,3.51406,Plein jour,En agglomération,Giratoire,Normale,Deux véhicules - côté,4,3,4,0,1,1,1,0,1,50,2,2,1,1,0,0,31.0,71.0,voiture,deux_roues,1,2,6,1,3
201900028541,2019-04-10 12:00:00,2019,4,10,12,0,33,33063,RUE EDMOND BESSE,44.88684,-0.54293,Plein jour,En agglomération,Hors intersection,Normale,Deux véhicules - côté,4,4,2,0,1,1,1,0,1,10,2,2,1,0,0,1,18.0,24.0,deux_roues,utilitaire_camion,1,2,1,1,3
201900028542,2019-04-06 02:00:00,2019,4,6,2,0,33,33063,QUAI SAINTE- CROIX (pont de Pierre vers quai Paludate),44.83239,-0.56021,Nuit avec éclairage allumé,En agglomération,Hors intersection,Pluie forte,Trois véhicules et plus - collisions multiples,4,3,11,-1,2,2,3,0,1,50,3,4,2,0,1,1,41.0,24.0,voiture,voiture,5,2,1,3,5
201900028543,2019-04-12 09:00:00,2019,4,12,9,0,31,31557,AURIOL (BD VINCENT),43.58492,1.34517,Plein jour,En agglomération,Hors intersection,Normale,Autre collision,3,1,1,0,1,1,1,0,1,30,1,2,1,0,0,1,20.0,,voiture,,1,2,1,1,6
201900028544,2019-04-11 12:10:00,2019,4,11,12,10,31,31555,VA007331 A620,43.59621,1.39689,Plein jour,Hors agglomération,Hors intersection,Pluie légère,Deux véhicules - côté,1,3,6,0,1,1,2,0,1,90,2,2,1,0,0,1,37.0,33.0,voiture,utilitaire_camion,1,1,1,2,3
201900028545,2019-04-12 23:31:00,2019,4,12,23,31,30,30189,SIGAL YVES,43.8133,4.35609,Nuit avec éclairage allumé,En agglomération,Hors intersection,Normale,Autre collision,9,-1,0,0,1,1,1,9,1,50,1,2,1,0,1,0,20.0,,voiture,,5,2,1,1,6
201900028546,2019-04-12 18:20:00,2019,4,12,18,20,30,30007,BAGNOLS (ROUTE DE),44.1307,4.10978,Crépuscule ou aube,Hors agglomération,Hors intersection,Normale,Deux véhicules - arrière,3,2,0,0,1,1,1,0,1,50,2,2,1,0,0,1,48.0,18.0,voiture,deux_roues,2,1,1,1,2
201900028547,2019-04-11 17:25:00,2019,4,11,17,25,29,29232,MADEC RENE RUE,47.99445,-4.10602,Plein jour,En agglomération,Hors intersection,Normale,Autre collision,4,1,1,0,1,1,1,6,1,20,1,4,1,0,0,3,57.0,,deux_roues,,1,2,1,1,6
201900028548,2019-04-12 15:50:00,2019,4,12,15,50,29,29039,PORS GWIR ( CHEMIN DE ),47.8667,-3.90754,Plein jour,En agglomération,Hors intersection,Normale,Autre collision,4,2,0,0,1,1,1,0,1,50,1,2,1,1,0,0,38.0,,utilitaire_camion,,1,2,1,1,6
201900028549,2019-04-13 15:30:00,2019,4,13,15,30,29,29019,LAMOTTE PICQUET (DE 1 A 11 ET 2 A 12),48.3950454,-4.4924787,Plein jour,En agglomération,Intersection en T,Normale,Deux véhicules - côté,4,2,2,0,2,1,1,0,1,50,2,3,1,0,1,1,25.0,50.0,voiture,deux_roues,1,2,3,1,3
201900028550,2019-04-04 07:57:00,2019,4,4,7,57,29,29019,EUROPE (DE 37 A 47),48.413772,-4.4824438,Plein jour,En agglomération,Intersection en X,Pluie légère,Autre collision,4,2,2,0,1,1,2,0,1,50,1,2,1,0,0,1,50.0,,voiture,,1,2,2,2,6
201900028551,2019-04-11 17:30:00,2019,4,11,17,30,29,29019,VILLENEUVE (RUE),48.4101538,-4.4623804,Plein jour,En agglomération,Hors intersection,Normale,Deux véhicules - arrière,4,2,2,0,1,1,1,0,1,50,2,2,1,0,0,1,44.0,55.0,deux_roues,voiture,1,2,1,1,2
201900028552,2019-04-11 18:00:00,2019,4,11,18,0,29,29019,DUQUESNE (DE 1 A 11 ET 2 A 6),48.3903663,-4.4895286,Plein jour,En agglomération,Giratoire,Temps éblouissant,Autre collision,4,-1,2,0,2,1,1,0,1,30,1,2,1,0,0,1,66.0,,voiture,,1,2,6,7,6
201900028553,2019-04-13 23:55:00,2019,4,13,23,55,27,27701,CHAUSSE DU VEXIN,49.253453,1.193506,Nuit sans éclairage public,En agglomération,Hors intersection,Normale,Sans collision,3,2,2,0,2,1,1,0,1,50,1,1,0,0,0,1,36.0,,voiture,,3,2,1,1,7
201900028554,2019-04-13 03:05:00,2019,4,13,3,5,26,26362,MOURETTES RUE DES,44.893109,4.8840345,Nuit avec éclairage allumé,Hors agglomération,Giratoire,Normale,Deux véhicules - côté,4,2,2,0,1,1,1,0,1,50,2,4,1,0,0,3,34.0,34.0,voiture,voiture,5,1,6,1,3
201900028555,2019-04-13 16:45:00,2019,4,13,16,45,25,25462,FOLLEREAU RAOUL,46.91817,6.34145,Plein jour,En agglomération,Intersection en T,Normale,Autre collision,4,2,2,0,1,1,1,0,1,50,1,2,1,0,0,1,36.0,,voiture,,1,2,3,1,6
201900028556,2019-04-10 20:40:00,2019,4,10,20,40,25,25539,BERNE (RUE DE),47.456187,6.871203,Nuit avec éclairage allumé,En agglomération,Giratoire,Pluie légère,Deux véhicules - côté,3,2,2,0,1,1,2,5,1,50,2,2,1,0,0,1,21.0,17.0,voiture,deux_roues,5,2,6,2,3
201900028557,2019-04-13 00:45:00,2019,4,13,0,45,25,25056,BELFORT RUE DE BELFORT (sup 144)4,47.26168,6.05173,Nuit avec éclairage allumé,En agglomération,Hors intersection,Normale,Autre collision,4,2,2,0,2,1,1,0,1,50,1,1,0,0,0,1,26.0,,voiture,,5,2,1,1,6
201900028558,2019-04-11 14:00:00,2019,4,11,14,0,25,25056,BATTANT RUE,47.24351,6.02203,Plein jour,En agglomération,Hors intersection,Normale,Autre collision,4,1,1,0,2,1,1,0,1,30,1,2,1,0,1,0,88.0,,voiture,,1,2,1,1,6
201900028559,2019-04-13 03:55:00,2019,4,13,3,55,23,23096,GAMBETTA (AVENUE),46.16,1.87,Nuit avec éclairage allumé,En agglomération,Hors intersection,Normale,Autre collision,4,-1,1,0,1,1,1,0,1,50,1,2,1,0,1,0,45.0,,deux_roues,,5,2,1,1,6
201900028560,2019-04-12 20:56:00,2019,4,12,20,56,18,18033,DE GAULLE (AV DU GENERAL) N° PAIRS,47.0987,2.40634,Nuit avec éclairage allumé,En agglomération,Hors intersection,Normale,Sans collision,3,2,4,0,1,1,1,0,1,50,1,1,0,0,1,0,27.0,,deux_roues,,5,2,1,1,7
201900028561,2019-04-09 17:45:00,2019,4,9,17,45,17,17306,HEDDE (AVENUE DANIEL),45.63046,-1.03224,Plein jour,En agglomération,Intersection en Y,Normale,Deux véhicules - côté,4,3,4,0,1,1,1,5,1,50,2,2,1,0,0,1,63.0,70.0,deux_roues,voiture,1,2,4,1,3
201900028562,2019-04-12 17:25:00,2019,4,12,17,25,17,17300,RN 237 ,46.17432,-1.17716,Plein jour,Hors agglomération,Hors intersection,Normale,Sans collision,2,3,4,0,2,3,1,3,1,90,1,3,0,0,0,3,75.0,,voiture,,1,1,1,1,7
201900028563,2019-04-12 17:30:00,2019,4,12,17,30,14,14333,SEINE (QUAI EN ),49.42857,0.27435,Plein jour,En agglomération,Hors intersection,Normale,Autre collision,5,2,2,0,1,1,1,0,1,50,1,1,0,0,0,1,15.0,,deux_roues,,1,2,1,1,6
201900028564,2019-04-11 20:33:00,2019,4,11,20,33,14,14327,VALEUSE (AVENUE DE LA),49.2019,-0.342,Crépuscule ou aube,En agglomération,Hors intersection,Normale,Deux véhicules - arrière,4,2,2,0,1,1,1,0,1,50,2,2,1,0,0,1,81.0,22.0,voiture,deux_roues,2,2,1,1,2
201900028565,2019-04-12 15:45:00,2019,4,12,15,45,13,13071,ANNE-MARIE ( BOULEVARD ),43.3812,5.34988,Plein jour,En agglomération,Intersection en X,Normale,Deux véhicules - côté,4,2,0,0,2,2,1,5,1,30,2,2,1,0,0,1,30.0,21.0,voiture,deux_roues,1,2,2,1,3
201900028566,2019-04-11 11:20:00,2019,4,11,11,20,13,13026,RN 568 CLM,43.39429,5.131,Plein jour,En agglomération,Hors intersection,Normale,Trois véhicules et plus - en chaîne,4,3,2,0,1,1,1,0,1,50,3,3,2,0,0,1,21.0,56.0,voiture,transport_commun,1,2,1,1,4
201900028567,2019-04-13 13:30:00,2019,4,13,13,30,13,13209,MICHELET (BOULEVARD),43.25503,5.40093,Crépuscule ou aube,En agglomération,Hors intersection,Normale,Deux véhicules - arrière,4,1,1,0,1,1,1,0,1,50,2,4,0,0,0,4,35.0,,voiture,,2,2,1,1,2
201900028568,2019-04-13 21:30:00,2019,4,13,21,30,13,13208,MAZARGUES (AVENUE DE),43.26435,5.3921,Nuit avec éclairage allumé,En agglomération,Hors intersection,Normale,Autre collision,4,2,3,0,1,1,1,0,1,50,1,1,0,0,0,1,22.0,,deux_roues,,5,2,1,1,6
201900028569,2019-04-13 19:35:00,2019,4,13,19,35,13,13213,ESCADRILLE NORMANDIE NIEMEN,43.33232,5.41018,Crépuscule ou aube,En agglomération,Hors intersection,Normale,Autre collision,4,2,2,0,1,1,2,0,1,50,1,3,2,0,1,0,24.0,,voiture,,2,2,1,1,6
201900028570,2019-04-13 16:30:00,2019,4,13,16,30,13,13211,SAINT MENET (MONTEE),43.29321,5.49476,Plein jour,En agglomération,Intersection en Y,Normale,Deux véhicules - côté,4,2,2,0,2,4,1,0,1,50,2,5,4,0,1,0,79.0,48.0,voiture,voiture,1,2,4,1,3
201900028571,2019-04-13 16:15:00,2019,4,13,16,15,13,13206,JULIEN (COURS),43.29373,5.3836,Plein jour,En agglomération,Hors intersection,Normale,Autre collision,4,1,1,3,1,1,1,6,1,20,2,2,1,0,0,1,26.0,46.0,deux_roues,deux_roues,1,2,1,1,6
201900028572,2019-04-13 15:23:00,2019,4,13,15,23,13,13213,ALBERT EINSTEIN (RUE),43.34349,5.44622,Plein jour,En agglomération,Intersection en T,Normale,Deux véhicules - côté,4,2,2,3,1,1,1,0,1,50,2,2,1,0,0,1,36.0,59.0,transport_commun,voiture,1,2,3,1,3
201900028573,2019-04-13 09:00:00,2019,4,13,9,0,13,13210,ARGILE (CHEMIN DE L'),43.280989,5.396011,Plein jour,En agglomération,Autre intersection,Normale,Deux véhicules - côté,4,1,1,0,1,2,1,0,1,50,2,2,1,0,0,1,70.0,72.0,voiture,deux_roues,1,2,9,1,3
201900028574,2019-04-13 07:30:00,2019,4,13,7,30,13,13214,CAPITAINE GEZE (BOULEVARD),43.3314,5.377,Crépuscule ou aube,En agglomération,Intersection en X,Normale,Deux véhicules - frontale,2,1,8,0,1,1,1,0,1,50,2,4,3,0,0,1,22.0,29.0,voiture,voiture,2,2,2,1,1
201900028575,2019-04-13 04:02:00,2019,4,13,4,2,13,13205,JEAN MOULIN (BOULEVARD),43.29224,5.40091,Nuit avec éclairage allumé,En agglomération,Intersection en X,Normale,Sans collision,7,1,2,3,1,1,1,0,1,50,1,2,0,0,0,2,25.0,,voiture,,5,2,2,1,7
201900028576,2019-04-12 20:00:00,2019,4,12,20,0,13,13211,MONTRE (TRAVERSE DE LA),43.29291,5.47372,Crépuscule ou aube,En agglomération,Hors intersection,Normale,Deux véhicules - côté,4,2,2,0,4,1,1,0,1,50,2,2,1,0,0,1,23.0,29.0,utilitaire_camion,utilitaire_camion,2,2,1,1,3
201900028577,2019-04-11 16:45:00,2019,4,11,16,45,13,13211,PEINTRES ROUX (avenue),43.30058,5.47689,Plein jour,En agglomération,Autre intersection,Pluie forte,Deux véhicules - côté,4,1,2,0,3,2,2,9,1,50,2,3,1,0,0,2,27.0,40.0,voiture,voiture,1,2,9,3,3
201900028578,2019-04-12 11:15:00,2019,4,12,11,15,13,13210,SCHLOESING (BOULEVARD),43.2727,5.401,Plein jour,En agglomération,Autre intersection,Normale,Deux véhicules - côté,4,2,6,3,1,1,1,9,1,50,2,2,1,0,0,1,27.0,64.0,voiture,voiture,1,2,9,1,3
201900028579,2019-04-11 17:30:00,2019,4,11,17,30,13,13208,PRADO (AVENUE DU),43.270343,5.387963,Plein jour,En agglomération,Hors intersection,Pluie forte,Autre collision,4,2,6,0,1,1,2,0,1,-1,1,1,0,0,0,1,,,,,1,2,1,3,6
201900028580,2019-04-11 13:30:00,2019,4,11,13,30,13,13214,SAINTE MARTHE (chemin),43.3251,5.3883,Plein jour,En agglomération,Autre intersection,Normale,Deux véhicules - côté,4,2,2,0,1,1,1,9,1,50,2,2,0,0,0,2,31.0,24.0,deux_roues,voiture,1,2,9,1,3
201900028581,2019-04-11 07:40:00,2019,4,11,7,40,13,13210,VERDILLON (RUE),43.27587,5.42297,Plein jour,En agglomération,Hors intersection,Normale,Deux véhicules - côté,4,2,2,0,2,1,1,0,1,50,2,2,1,0,0,1,47.0,53.0,deux_roues,voiture,1,2,1,1,3
201900028582,2019-04-11 03:40:00,2019,4,11,3,40,13,13205,JEAN MOULIN (BOULEVARD),43.29012,5.39985,Nuit avec éclairage allumé,En agglomération,Giratoire,Pluie légère,Deux véhicules - côté,4,1,2,0,1,1,2,8,1,50,2,5,3,0,0,2,26.0,38.0,utilitaire_camion,voiture,5,2,6,2,3
201900028583,2019-04-11 13:20:00,2019,4,11,13,20,13,13028,GRANDS BASSINS (CHEMIN DES),43.19885,5.597,Plein jour,En agglomération,Hors intersection,Normale,Deux véhicules - frontale,4,1,1,0,2,3,1,0,1,50,2,2,0,0,0,2,28.0,36.0,deux_roues,deux_roues,1,2,1,1,1
201900028584,2019-04-10 11:00:00,2019,4,10,11,0,13,13004,BD EMILE COMBES,43.67809,4.63378,Plein jour,En agglomération,Intersection en X,Normale,Autre collision,4,2,2,0,1,1,1,0,1,50,1,2,1,0,1,0,44.0,,voiture,,1,2,2,1,6
201900028585,2019-04-12 13:45:00,2019,4,12,13,45,13,13001,GALICE (RTE DE),43.52814,5.4315,Plein jour,En agglomération,Hors intersection,Normale,Autre collision,4,2,5,3,1,1,1,0,1,50,1,2,1,0,1,0,28.0,,utilitaire_camion,,1,2,1,1,6
201900028586,2019-04-12 04:10:00,2019,4,12,4,10,11,11069,LIMOUX - ROUTE DE-,43.20643,2.33482,Nuit avec éclairage allumé,En agglomération,Hors intersection,Normale,Autre collision,4,2,2,0,1,1,1,0,1,50,1,3,1,0,0,2,21.0,,voiture,,5,2,1,1,6
201900028587,2019-04-11 17:24:00,2019,4,11,17,24,10,10343,CANAL (RUE DU),48.27543,4.08888,Plein jour,En agglomération,Giratoire,Normale,Autre collision,4,-1,1,2,1,3,1,0,1,50,2,2,1,0,0,1,14.0,63.0,deux_roues,voiture,1,2,6,1,6
201900028588,2019-04-13 05:40:00,2019,4,13,5,40,6,06088,CESSOLE (BD DE) (JUSQU'AU N° 93-110),43.710074,7.256025,Nuit avec éclairage allumé,En agglomération,Intersection en X,Normale,Deux véhicules - frontale,4,2,3,0,1,1,1,4,1,50,2,2,1,0,0,1,43.0,31.0,voiture,deux_roues,5,2,2,1,1
201900028589,2019-04-11 17:35:00,2019,4,11,17,35,6,06088,ROI ROBERT COMTE DE PROVENCE (AV. DU),43.718778,7.243551,Plein jour,En agglomération,Intersection en X,Temps couvert,Autre collision,4,2,2,0,1,1,1,0,1,30,1,2,1,0,0,1,48.0,,voiture,,1,2,2,8,6
201900028590,2019-04-13 19:20:00,2019,4,13,19,20,6,06069,SAINT MATHIEU (ROUTE ET PLACE),43.659393,6.944509,Plein jour,En agglomération,Hors intersection,Normale,Sans collision,3,2,2,0,2,1,1,0,1,50,1,1,0,0,0,1,30.0,,voiture,,1,2,1,1,7
201900028591,2019-04-12 20:54:00,2019,4,12,20,54,6,06069,MISTRAL (AVENUE ET PLACE FREDERIC),43.64164,6.91165,Nuit avec éclairage allumé,En agglomération,Autre intersection,Normale,Autre collision,4,2,1,0,1,3,2,5,1,50,1,2,1,0,0,1,20.0,,voiture,,5,2,9,1,6
201900028592,2019-04-11 10:40:00,2019,4,11,10,40,6,06069,DRAGUIGNAN (ROUTE DE) - D2562-,43.64538,6.90266,Plein jour,En agglomération,Hors intersection,Temps couvert,Deux véhicules - frontale,4,2,2,0,2,4,1,0,1,50,2,2,1,0,0,1,98.0,59.0,voiture,voiture,1,2,1,8,1
201900028593,2019-04-11 15:41:00,2019,4,11,15,41,6,06029,RIOU (BOULEVARD DU),43.56126,7.00116,Plein jour,En agglomération,Hors intersection,Pluie légère,Autre collision,4,3,4,0,2,2,2,0,1,30,1,1,0,1,0,0,22.0,,voiture,,1,2,1,2,6