accident_id,datetime,annee,mois,jour,heure,minute,departement,commune_insee,adresse,latitude,longitude,luminosite,agglomeration,intersection,meteo,collision,catr,circ,nbv,vosp,prof,plan,surf,infra,situ,vma,nb_vehicules,nb_usagers,nb_indemnes,nb_tues,nb_blesses_hosp,nb_blesses_legers,age_cond_1,age_cond_2,veh_type_cond_1,veh_type_cond_2,lum_code,agg_code,int_code,atm_code,col_code
201900028684,2019-07-25 18:25:00,2019,7,25,18,25,76,76451,TRONQUET. RUE DU,49.46741,1.07366,Plein jour,En agglomération,Intersection en X,Normale,Deux véhicules - côté,4,2,2,0,1,1,1,0,1,50,2,2,1,0,0,1,43.0,22.0,voiture,voiture,1,2,2,1,3
201900028685,2019-07-19 06:09:00,2019,7,19,6,9,76,76319,MUR GRENELE. RUE DU,49.3411507,1.0228432,Nuit sans éclairage public,Hors agglomération,Hors intersection,Normale,Autre collision,4,2,2,0,1,1,1,0,1,50,1,4,0,0,0,4,,,,,3,1,1,1,6
201900028686,2019-07-24 16:15:00,2019,7,24,16,15,76,76640,SAINT CYR. ROUTE DE,49.25893,1.03883,Plein jour,En agglomération,Hors intersection,Normale,Deux véhicules - frontale,3,2,2,0,1,1,1,0,1,50,2,2,1,0,0,1,49.0,51.0,voiture,voiture,1,2,1,1,1
201900028687,2019-07-24 07:25:00,2019,7,24,7,25,76,76681,EAUPLET. RUE D',49.42211,1.10873,Plein jour,Hors agglomération,Hors intersection,Normale,Autre collision,4,2,2,0,1,1,1,0,1,30,2,2,1,0,0,1,47.0,25.0,voiture,deux_roues,1,1,1,1,6
201900028688,2019-07-25 20:50:00,2019,7,25,20,50,73,73011,BULLE (PLACE COMMANDANT),45.6744801,6.3883383,Crépuscule ou aube,En agglomération,Intersection en X,Normale,Deux véhicules - arrière,4,2,2,0,1,1,1,0,1,50,2,5,3,0,0,2,28.0,26.0,voiture,voiture,2,2,2,1,2
201900028689,2019-04-13 15:25:00,2019,4,13,15,25,73,73008,BARRIER ROBERT BOULEVARD,45.6951578,5.8890162,Plein jour,En agglomération,Hors intersection,Normale,Autre collision,4,2,2,0,1,1,1,9,1,50,1,5,4,0,1,0,28.0,,voiture,,1,2,1,1,6
201900028690,2019-07-24 10:00:00,2019,7,24,10,0,72,72181,LAIGNE RUE DE N° IMP 157 A 227,47.97543,0.21124,Plein jour,En agglomération,Hors intersection,Normale,Autre collision,4,2,2,0,2,1,1,0,1,50,1,2,1,0,0,1,54.0,,voiture,,1,2,1,1,6
201900028691,2019-07-25 18:30:00,2019,7,25,18,30,71,71153,DE GAULLE (PLACE CHARLES),46.80742,4.43252,Plein jour,En agglomération,Giratoire,Normale,Deux véhicules - côté,9,-1,2,0,1,3,1,0,1,50,2,2,1,0,0,1,46.0,15.0,voiture,deux_roues,1,2,6,1,3
201900028692,2019-07-27 23:00:00,2019,7,27,23,0,69,69256,BOLHEN   (DE)                        (AV,45.76618,4.92823,Nuit avec éclairage allumé,En agglomération,Autre intersection,Pluie légère,Autre collision,4,2,4,0,1,1,2,0,1,50,1,1,0,0,0,1,57.0,,voiture,,5,2,9,2,6
201900028693,2019-07-27 06:57:00,2019,7,27,6,57,69,69266,LOUIS GALVANI       (Rue),45.7698,4.90216,Crépuscule ou aube,En agglomération,Hors intersection,Normale,Autre collision,4,2,2,0,1,1,1,0,1,50,1,1,0,1,0,0,21.0,,voiture,,2,2,1,1,6
201900028694,2019-07-26 12:00:00,2019,7,26,12,0,69,69266,GABRIEL PERI         (Rue),45.77164,4.86501,Plein jour,En agglomération,Hors intersection,Normale,Autre collision,9,1,1,3,1,1,1,0,1,50,1,2,1,0,0,1,22.0,,voiture,,1,2,1,1,6
201900028695,2019-07-26 08:45:00,2019,7,26,8,45,69,69282,8 MAI 1945 (DU)                     (R ),45.77062,5.00126,Plein jour,En agglomération,Intersection en T,Normale,Deux véhicules - côté,4,2,2,0,1,1,1,0,1,50,2,2,1,0,0,1,44.0,,voiture,,1,2,3,1,3
201900028696,2019-07-25 17:45:00,2019,7,25,17,45,69,69290,JEAN JAURES                         (AV),45.6967789,4.9417732,Plein jour,En agglomération,Giratoire,Normale,Autre collision,4,2,2,0,1,3,1,0,1,50,1,3,1,0,0,2,60.0,,voiture,,1,2,6,1,6
201900028697,2019-07-25 01:30:00,2019,7,25,1,30,69,69256,MORLET (DU)                         (AL),45.80339,4.93509,Nuit sans éclairage public,Hors agglomération,Hors intersection,Normale,Autre collision,6,-1,0,0,1,1,1,0,1,30,1,1,0,0,0,1,,,,,3,1,1,1,6
201900028698,2019-07-19 21:00:00,2019,7,19,21,0,69,69092,SALENGRO (Boulevard Roger),46.00075,4.71758,Crépuscule ou aube,En agglomération,Giratoire,Normale,Deux véhicules - côté,4,2,1,0,1,1,1,0,1,50,2,3,2,0,0,1,52.0,35.0,voiture,deux_roues,2,2,6,1,3
201900028699,2019-07-26 01:00:00,2019,7,26,1,0,67,67218,NEUHOF (ROUTE DE),48.53934,7.7569,Nuit sans éclairage public,Hors agglomération,Hors intersection,Normale,Deux véhicules - frontale,4,2,4,1,1,3,1,0,1,50,2,2,0,0,0,2,24.0,28.0,voiture,voiture,3,1,1,1,1
201900028700,2019-07-25 17:45:00,2019,7,25,17,45,67,67482,WANTZENAU (RTE DE LA),48.610062,7.780486,Plein jour,En agglomération,Intersection en T,Normale,Deux véhicules - côté,4,2,2,0,1,1,1,0,1,50,2,2,1,0,0,1,50.0,59.0,deux_roues,voiture,1,2,3,1,3
201900028701,2019-07-25 17:00:00,2019,7,25,17,0,67,67482,OBERNAI (RUE D ),48.57821,7.73306,Plein jour,En agglomération,Intersection en T,Normale,Deux véhicules - côté,4,1,1,0,1,1,1,5,1,20,2,2,1,0,0,1,35.0,47.0,deux_roues,deux_roues,1,2,3,1,3
201900028702,2019-07-24 14:06:00,2019,7,24,14,6,67,67482,CATHEDRALE (PLACE DE LA),48.581986,7.749561,Plein jour,En agglomération,Hors intersection,Normale,Autre collision,4,2,0,3,1,1,9,9,1,5,1,1,0,0,0,1,,,,,1,2,1,1,6
201900028703,2019-07-25 17:58:00,2019,7,25,17,58,66,66136,PANCHOT (AVENUE JULIEN),42.69286,2.8859,Plein jour,En agglomération,Intersection en T,Normale,Deux véhicules - côté,4,2,2,0,1,1,1,0,1,50,2,2,1,0,0,1,44.0,55.0,deux_roues,voiture,1,2,3,1,3
201900028704,2019-07-25 20:52:00,2019,7,25,20,52,65,65286,PARADIS (ESPLANADE DU),43.090467,-0.054533,Plein jour,En agglomération,Hors intersection,Normale,Deux véhicules - frontale,6,-1,0,0,1,1,1,0,1,50,2,2,1,0,1,0,20.0,20.0,voiture,deux_roues,1,2,1,1,1
201900028705,2019-07-27 14:45:00,2019,7,27,14,45,64,64483,ITHURRALDE ANDRE (AVENUE),43.3950236,-1.648445,Plein jour,En agglomération,Hors intersection,Pluie légère,Trois véhicules et plus - en chaîne,3,3,2,0,1,1,2,0,3,50,3,4,3,0,0,1,39.0,39.0,utilitaire_camion,voiture,1,2,1,2,4
201900028706,2019-07-26 13:00:00,2019,7,26,13,0,64,64483,JALDAY JEAN (AVENUE DE),43.405664,-1.625038,Plein jour,En agglomération,Hors intersection,Temps couvert,Deux véhicules - côté,4,2,2,0,1,1,1,0,1,50,2,2,1,0,0,1,57.0,39.0,deux_roues,voiture,1,2,1,8,3
201900028707,2019-07-26 12:20:00,2019,7,26,12,20,64,64545,PAUL GELOS (RUE),43.3783302,-1.6710586,Plein jour,En agglomération,Hors intersection,Pluie légère,Autre collision,3,2,2,0,1,1,2,0,3,50,1,2,1,0,0,1,33.0,,voiture,,1,2,1,2,6
201900028708,2019-07-25 18:35:00,2019,7,25,18,35,64,64260,BAIE DE CHINGUDY (AVENUE DE LA),43.36978,-1.77319,Plein jour,En agglomération,Hors intersection,Normale,Deux véhicules - côté,4,2,2,0,1,1,1,0,3,50,2,2,1,0,1,0,41.0,27.0,voiture,deux_roues,1,2,1,1,3
201900028709,2019-06-26 06:55:00,2019,6,26,6,55,64,64335,SAULT DE NAVAILLES DE,43.3567695,-0.4418381,Plein jour,Hors agglomération,Hors intersection,Normale,Deux véhicules - frontale,3,2,2,0,1,1,1,0,1,70,2,2,1,0,0,1,47.0,24.0,utilitaire_camion,voiture,1,1,1,1,1
201900028710,2019-07-25 20:00:00,2019,7,25,20,0,64,64335,EUROPE DE L',43.3276941,-0.4432432,Plein jour,En agglomération,Hors intersection,Normale,Deux véhicules - arrière,3,2,2,0,1,1,1,0,3,50,2,2,1,0,0,1,26.0,29.0,voiture,voiture,1,2,1,1,2
201900028711,2019-07-25 11:15:00,2019,7,25,11,15,64,64445,CATHERINE DE BOURBON,43.32523,-0.35741,Plein jour,En agglomération,Hors intersection,Normale,Deux véhicules - arrière,4,3,2,0,1,1,1,0,3,70,2,2,1,0,0,1,30.0,46.0,voiture,voiture,1,2,1,1,2
201900028712,2019-07-22 18:50:00,2019,7,22,18,50,64,64445,JEAN MERMOZ,43.3118,-0.3773,Plein jour,En agglomération,Intersection en X,Normale,Deux véhicules - arrière,4,2,3,0,1,1,1,0,3,50,2,2,1,0,0,1,20.0,43.0,voiture,voiture,1,2,2,1,2
201900028713,2019-08-08 11:50:00,2019,8,8,11,50,64,64122,KLEBER (AVENUE),43.4761,-1.54723,Plein jour,En agglomération,Hors intersection,Normale,Autre collision,4,2,2,0,1,1,1,0,1,50,1,1,0,0,0,1,18.0,,deux_roues,,1,2,1,1,6
201900028714,2019-07-25 16:45:00,2019,7,25,16,45,64,64122,MARCEL DASSAULT (BD),43.4718245,-1.5358179,Plein jour,En agglomération,Hors intersection,Normale,Sans collision,3,-1,2,0,1,1,1,0,3,50,1,1,0,0,0,1,59.0,,deux_roues,,1,2,1,1,7
201900028715,2019-07-23 20:15:00,2019,7,23,20,15,64,64122,"""KENNEDY (AVENUE DU PRESIDENT J,F)""",43.470629,-1.5552884,Plein jour,En agglomération,Hors intersection,Normale,Deux véhicules - côté,4,-1,2,0,1,1,1,0,3,50,2,2,1,0,0,1,21.0,29.0,voiture,deux_roues,1,2,1,1,3
201900028716,2019-07-23 02:55:00,2019,7,23,2,55,64,64122,MARNE (AVENUE DE LA),43.4848,-1.55005,Nuit avec éclairage allumé,En agglomération,Hors intersection,Normale,Autre collision,4,1,0,0,1,2,1,0,3,30,2,1,0,0,1,0,18.0,,deux_roues,,5,2,1,1,6
201900028717,2019-07-25 20:45:00,2019,7,25,20,45,64,64102,PAULMY (AVENUE DES ALLEES),43.49397,-1.47937,Plein jour,En agglomération,Hors intersection,Temps couvert,Sans collision,4,2,6,3,1,1,2,0,1,50,1,2,0,0,1,1,73.0,,deux_roues,,1,2,1,8,7
201900028718,2019-07-25 13:00:00,2019,7,25,13,0,64,64102,SOULT (AVENUE MARECHAL),43.4836167,-1.5009077,Plein jour,Hors agglomération,Hors intersection,Normale,Deux véhicules - côté,3,3,4,3,4,1,1,0,3,50,2,2,1,0,0,1,52.0,30.0,deux_roues,voiture,1,1,1,1,3
201900028719,2019-07-25 14:45:00,2019,7,25,14,45,63,63164,MITTERRAND ( Avenue François),45.8339424,3.1584768,Plein jour,En agglomération,Intersection en T,Normale,Trois véhicules et plus - en chaîne,7,2,2,0,1,1,1,0,1,70,3,5,4,0,0,1,55.0,20.0,voiture,voiture,1,2,3,1,4
201900028720,2019-07-26 00:25:00,2019,7,26,0,25,63,63164,Malintrat ( route de ),45.814,3.15989,Nuit sans éclairage public,Hors agglomération,Hors intersection,Normale,Sans collision,3,2,2,0,1,2,1,0,1,70,1,1,0,1,0,0,32.0,,voiture,,3,1,1,1,7
201900028721,2019-07-25 10:20:00,2019,7,25,10,20,63,63063,RD 2009,45.8192,3.10994,Plein jour,En agglomération,Hors intersection,Normale,Deux véhicules - côté,7,3,4,0,1,1,1,0,1,70,2,2,1,0,1,0,72.0,58.0,voiture,deux_roues,1,2,1,1,3
201900028722,2019-07-23 18:30:00,2019,7,23,18,30,62,62498,BASLY (BD EMILE),50.429942,2.826941,Plein jour,En agglomération,Intersection en T,Normale,Deux véhicules - côté,4,2,3,3,2,1,1,5,1,50,2,3,2,0,1,0,23.0,23.0,voiture,deux_roues,1,2,3,1,3
201900028723,2019-07-27 15:30:00,2019,7,27,15,30,62,62178,LIBERATION ( AVENUE ),50.4939,2.57343,Plein jour,En agglomération,Hors intersection,Pluie légère,Autre collision,3,1,1,0,3,3,2,3,1,50,1,2,1,0,1,0,24.0,,voiture,,1,2,1,2,6
201900028724,2019-07-26 09:45:00,2019,7,26,9,45,62,62108,MARECHAL DELATTRE DE TASSIGNY,50.40805,1.57285,Plein jour,En agglomération,Autre intersection,Normale,Autre collision,9,-1,0,0,1,1,1,0,1,50,1,3,1,0,1,1,36.0,,voiture,,1,2,9,1,6
201900028725,2019-07-23 08:25:00,2019,7,23,8,25,59,59284,CD40,50.4133478,3.4063569,Plein jour,Hors agglomération,Hors intersection,Normale,Sans collision,3,1,6,0,2,2,1,9,3,70,1,1,0,0,1,0,25.0,,deux_roues,,1,1,1,1,7
201900028726,2019-07-26 11:30:00,2019,7,26,11,30,59,59339,CD 700,50.68596,3.22695,Plein jour,Hors agglomération,Hors intersection,Normale,Deux véhicules - frontale,7,1,2,0,1,1,1,0,1,70,2,3,0,0,2,1,71.0,32.0,voiture,voiture,1,1,1,1,1
201900028727,2019-07-26 12:10:00,2019,7,26,12,10,59,59560,TEMPLEMARS ROUTE DE,50.5605043,3.0477372,Plein jour,Hors agglomération,Hors intersection,Normale,Deux véhicules - arrière,7,2,2,0,1,1,1,0,1,80,2,2,1,0,1,0,41.0,51.0,deux_roues,utilitaire_camion,1,1,1,1,2
201900028728,2019-07-25 20:20:00,2019,7,25,20,20,59,59009,VILLES RUE ENTRE 2,50.61634,3.13534,Plein jour,En agglomération,Intersection en X,Normale,Deux véhicules - côté,7,1,2,0,1,1,1,0,1,50,2,3,2,0,0,1,49.0,63.0,voiture,transport_commun,1,2,2,1,3
201900028729,2019-07-24 08:35:00,2019,7,24,8,35,59,59486,D917,50.42087,3.13694,Plein jour,En agglomération,Hors intersection,Normale,Autre collision,3,2,2,0,1,2,1,0,3,50,1,2,1,0,1,0,31.0,,voiture,,1,2,1,1,6
201900028730,2019-07-26 06:30:00,2019,7,26,6,30,57,57672,VAUBAN (AVENUE),49.36184,6.1582,Plein jour,En agglomération,Hors intersection,Normale,Deux véhicules - frontale,4,2,2,0,1,1,1,0,1,50,2,2,1,0,0,1,33.0,47.0,deux_roues,utilitaire_camion,1,2,1,1,1
201900028731,2019-07-24 19:15:00,2019,7,24,19,15,57,57672,FOCH (BOULEVARD),49.35842,6.16114,Plein jour,En agglomération,Hors intersection,Normale,Autre collision,4,2,4,0,1,1,1,0,1,50,2,1,0,0,0,1,20.0,,deux_roues,,1,2,1,1,6
201900028732,2019-07-24 08:15:00,2019,7,24,8,15,57,57672,ROBERT SCHUMANN (BOULEVARD),49.35258,6.17506,Plein jour,En agglomération,Hors intersection,Normale,Autre collision,4,2,2,0,1,1,1,0,1,50,2,2,1,0,0,1,72.0,64.0,deux_roues,voiture,1,2,1,1,6
201900028733,2019-07-23 12:35:00,2019,7,23,12,35,57,57463,DEUX FONTAINES (AVENUE ),49.13575,6.17266,Plein jour,En agglomération,Hors intersection,Normale,Autre collision,4,1,1,0,1,1,1,0,1,30,1,2,1,0,1,0,22.0,,voiture,,1,2,1,1,6
201900028734,2019-07-27 16:30:00,2019,7,27,16,30,56,56260,PERRIN (RUE JEAN),47.64359,-2.74399,Plein jour,En agglomération,Intersection en T,Normale,Deux véhicules - côté,4,2,2,0,1,1,1,0,1,50,2,2,1,0,0,1,63.0,30.0,deux_roues,voiture,1,2,3,1,3
201900028735,2019-07-26 14:35:00,2019,7,26,14,35,56,56260,RN 165 -SENS NANTES / LORIENT-,47.66929,-2.76512,Plein jour,Hors agglomération,Hors intersection,Normale,Trois véhicules et plus - en chaîne,2,3,4,0,1,1,1,0,1,90,7,8,4,0,1,3,70.0,60.0,voiture,voiture,1,1,1,1,4
201900028736,2019-07-25 07:50:00,2019,7,25,7,50,56,56098,LANN-SEVELIN (ROND POINT DE),47.77833,-3.34401,Plein jour,En agglomération,Giratoire,Normale,Deux véhicules - côté,4,1,3,0,1,3,1,5,1,50,2,2,1,0,0,1,23.0,46.0,utilitaire_camion,voiture,1,2,6,1,3
201900028737,2019-07-23 21:15:00,2019,7,23,21,15,55,55236,CD 964,49.1359425,5.4163725,Crépuscule ou aube,Hors agglomération,Hors intersection,Normale,Sans collision,3,2,2,0,2,1,1,0,1,80,1,1,0,0,0,1,22.0,,voiture,,2,1,1,1,7
201900028738,2019-07-25 17:27:00,2019,7,25,17,27,54,54526,HUGO (BD VICTOR),48.68291,6.22073,Plein jour,En agglomération,Hors intersection,Normale,Sans collision,4,2,2,0,1,3,1,0,1,50,1,1,0,0,0,1,,,,,1,2,1,1,7
201900028739,2019-07-24 20:15:00,2019,7,24,20,15,54,54395,VINGT SIXIEME R.I.,48.69898,6.1878,Plein jour,En agglomération,Intersection en X,Normale,Deux véhicules - frontale,4,2,2,0,1,1,1,0,1,50,2,3,2,0,1,0,72.0,44.0,voiture,voiture,1,2,2,1,1
201900028740,2019-07-23 14:06:00,2019,7,23,14,6,54,54304,EUROPE (AVENUE DE L'),48.67995,6.14992,Plein jour,En agglomération,Hors intersection,Normale,Sans collision,4,2,0,0,2,1,1,0,1,50,1,2,1,0,0,1,37.0,,voiture,,1,2,1,1,7
201900028741,2019-07-23 16:10:00,2019,7,23,16,10,54,54493,RD26,49.51543,5.84403,Plein jour,Hors agglomération,Hors intersection,Normale,Sans collision,3,2,2,0,1,1,1,0,1,80,1,2,1,1,0,0,50.0,,utilitaire_camion,,1,1,1,1,7
201900028742,2019-07-26 14:15:00,2019,7,26,14,15,52,52121,THIERS (BLD),48.10891,5.14055,Plein jour,En agglomération,Hors intersection,Normale,Deux véhicules - côté,4,1,1,0,1,1,1,0,1,50,2,2,1,0,0,1,29.0,16.0,voiture,deux_roues,1,2,1,1,3
201900028743,2019-07-25 20:30:00,2019,7,25,20,30,52,52121,COTEAU SAINT MICHEL (RUE DU),48.09122,5.1465,Crépuscule ou aube,En agglomération,Hors intersection,Normale,Sans collision,3,2,1,0,2,2,1,0,1,50,1,1,0,0,1,0,20.0,,deux_roues,,2,2,1,1,7
201900028744,2019-07-27 16:30:00,2019,7,27,16,30,51,51454,BOULEVARD LOUIS BARTHOU,49.23254,4.03304,Plein jour,En agglomération,Hors intersection,Pluie légère,Sans collision,4,2,0,0,2,1,2,0,1,50,1,1,0,0,0,1,45.0,,deux_roues,,1,2,1,2,7
201900028745,2019-07-27 13:40:00,2019,7,27,13,40,51,51454,RUE DE COURCELLES,49.2664,4.00352,Plein jour,En agglomération,Hors intersection,Pluie légère,Sans collision,4,2,2,0,1,1,2,0,1,50,1,1,0,0,0,1,31.0,,voiture,,1,2,1,2,7
201900028746,2019-07-26 14:45:00,2019,7,26,14,45,50,50218,MARECHAL LECLERC (AV DU),48.83783,-1.58776,Plein jour,En agglomération,Hors intersection,Normale,Deux véhicules - côté,3,2,2,1,2,1,1,0,1,50,2,2,1,0,1,0,28.0,18.0,voiture,deux_roues,1,2,1,1,3
201900028747,2019-07-26 08:25:00,2019,7,26,8,25,50,50218,VIEUX MOULIN (RUE DU),48.83841,-1.57877,Plein jour,En agglomération,Hors intersection,Normale,Autre collision,3,2,2,0,1,1,2,0,1,50,1,2,1,0,0,1,70.0,,voiture,,1,2,1,1,6
201900028748,2019-07-25 23:20:00,2019,7,25,23,20,50,50129,CARNOT (RUE SADI),49.62916,-1.64093,Nuit avec éclairage allumé,En agglomération,Intersection en X,Normale,Deux véhicules - côté,3,2,2,0,1,1,1,5,1,50,2,3,2,0,0,1,24.0,32.0,voiture,voiture,5,2,2,1,3
201900028749,2019-07-25 11:55:00,2019,7,25,11,55,49,49007,SEURAT,47.46097,-0.61633,Plein jour,En agglomération,Hors intersection,Normale,Autre collision,6,-1,0,0,1,1,1,0,1,30,1,2,1,0,0,1,33.0,,voiture,,1,2,1,1,6
201900028750,2019-07-24 20:08:00,2019,7,24,20,8,49,49246,GAULLE RUE CHARLES DE,47.42483,-0.52463,Plein jour,En agglomération,Hors intersection,Normale,Deux véhicules - arrière,4,2,2,0,1,1,1,0,1,60,2,2,1,0,0,1,32.0,19.0,voiture,deux_roues,1,2,1,1,2
201900028751,2019-07-27 18:30:00,2019,7,27,18,30,45,45286,R DE LA CORNAILLERE - AV G GALLOUX,47.87045,1.93198,Plein jour,En agglomération,Intersection en X,Normale,Deux véhicules - côté,4,2,3,1,1,1,1,5,1,50,2,2,1,0,0,1,48.0,39.0,voiture,voiture,1,2,2,1,3
201900028752,2019-07-27 14:35:00,2019,7,27,14,35,45,45285,ROCADE D952005 PK 2+180,47.9054318,1.8711536,Plein jour,En agglomération,Autre intersection,Normale,Deux véhicules - arrière,3,1,1,0,4,3,1,3,1,70,2,4,2,0,0,2,34.0,25.0,voiture,voiture,1,2,9,1,2
201900028753,2019-03-05 08:25:00,2019,3,5,8,25,51,51454,AVENUE DE L'YSER,49.25028,4.0529,Plein jour,En agglomération,Hors intersection,Pluie légère,Sans collision,4,2,3,0,1,1,2,0,2,50,1,2,1,0,0,1,76.0,,utilitaire_camion,,1,2,1,2,7
201900028754,2019-03-04 11:50:00,2019,3,4,11,50,51,51454,ROUTE DE CHALONS,49.2310757,4.0882337,Plein jour,Hors agglomération,Hors intersection,Pluie forte,Sans collision,3,2,4,0,1,1,2,2,1,90,1,3,0,0,2,1,20.0,,voiture,,1,1,1,3,7
201900028755,2019-03-09 16:12:00,2019,3,9,16,12,50,50218,MATIGNON (AV DES),48.837834,-1.564622,Plein jour,En agglomération,Hors intersection,Normale,Deux véhicules - arrière,4,2,2,2,1,1,1,0,1,2,2,3,2,0,0,1,80.0,53.0,voiture,voiture,1,2,1,1,2
201900028756,2019-03-08 16:55:00,2019,3,8,16,55,50,50218,LIBERATION (AV DE LA),48.841269,-1.592192,Plein jour,En agglomération,Intersection en T,Normale,Deux véhicules - côté,4,2,2,0,1,1,1,0,2,30,2,4,2,0,2,0,41.0,25.0,utilitaire_camion,deux_roues,1,2,3,1,3
201900028757,2019-03-08 13:55:00,2019,3,8,13,55,50,50218,CAPITAINE LIHOU (VOIE DU),48.834055,-1.6088,Plein jour,En agglomération,Hors intersection,Normale,Deux véhicules - frontale,4,2,2,0,2,1,1,0,1,50,2,3,2,1,0,0,83.0,57.0,utilitaire_camion,deux_roues,1,2,1,1,1
201900028758,2019-07-27 02:00:00,2019,7,27,2,0,44,44109,AVENUE CARNOT/ RUE JEMMAPES,47.21325,-1.54473,Nuit sans éclairage public,En agglomération,Intersection en X,Temps couvert,Deux véhicules - côté,4,2,0,0,1,1,1,9,1,30,2,2,1,0,0,1,34.0,25.0,voiture,deux_roues,3,2,2,8,3
201900028759,2019-03-07 15:15:00,2019,3,7,15,15,49,49328,ALSACE (RUE D'),47.25811,-0.0834,Plein jour,En agglomération,Intersection en T,Temps couvert,Autre collision,4,2,2,0,1,1,1,0,1,50,1,2,1,1,0,0,62.0,,utilitaire_camion,,1,2,3,8,6
201900028760,2019-07-25 02:30:00,2019,7,25,2,30,44,44190,BOULEVARD DES PAS ENCHANTES,47.2041,-1.52579,Nuit avec éclairage allumé,En agglomération,Hors intersection,Normale,Deux véhicules - frontale,7,3,0,0,1,1,1,0,1,50,2,2,1,0,0,1,49.0,21.0,voiture,voiture,5,2,1,1,1
201900028761,2019-03-04 15:50:00,2019,3,4,15,50,49,49099,BOIS D'OUIN (AVENUE DU),47.0583626,-0.8243693,Plein jour,Hors agglomération,Hors intersection,Pluie légère,Autre collision,9,-1,1,0,1,1,6,0,1,50,1,1,0,0,1,0,21.0,,deux_roues,,1,1,1,2,6
201900028762,2019-03-07 08:25:00,2019,3,7,8,25,49,49007,RD 323,47.46858,-0.56472,Plein jour,Hors agglomération,Hors intersection,Normale,Sans collision,3,3,6,0,1,1,1,0,1,50,1,1,0,0,0,1,20.0,,deux_roues,,1,1,1,1,7
201900028763,2019-07-24 23:04:00,2019,7,24,23,4,42,42207,PETIN GAUDET RUE,45.46604,4.50832,Nuit avec éclairage allumé,En agglomération,Hors intersection,Normale,Deux véhicules - frontale,4,2,2,0,1,1,1,0,1,50,2,3,0,1,0,2,31.0,22.0,deux_roues,voiture,5,2,1,1,1
201900028764,2019-03-05 18:42:00,2019,3,5,18,42,49,49007,STRASBOURG BOULEVARD,47.45715,-0.55409,Crépuscule ou aube,En agglomération,Intersection en X,Pluie légère,Deux véhicules - côté,4,-1,1,0,1,1,2,0,1,30,2,3,2,0,0,1,22.0,24.0,deux_roues,voiture,2,2,2,2,3
201900028765,2019-03-05 11:10:00,2019,3,5,11,10,49,49007,PATTON AVENUE,47.47365,-0.58518,Plein jour,En agglomération,Hors intersection,Normale,Autre collision,4,2,2,0,2,1,1,0,1,30,1,2,1,0,0,1,68.0,,voiture,,1,2,1,1,6
201900028766,2019-07-26 17:54:00,2019,7,26,17,54,37,37261,GANCE (BOULEVARD ABEL),47.424991,0.7119168,Plein jour,En agglomération,Giratoire,Temps couvert,Deux véhicules - arrière,4,3,4,0,1,2,2,5,1,50,2,2,1,0,0,1,27.0,24.0,voiture,voiture,1,2,6,8,2
201900028767,2019-07-26 14:24:00,2019,7,26,14,24,37,37233,STALINGRAD (AVENUE),47.3879319,0.7277507,Plein jour,En agglomération,Hors intersection,Normale,Autre collision,4,2,2,0,1,3,1,0,1,50,1,1,0,0,0,1,30.0,,voiture,,1,2,1,1,6
201900028768,2019-03-04 11:40:00,2019,3,4,11,40,49,49007,GAULLE BOULEVARD CHARLES DE,47.46997,-0.56188,Plein jour,En agglomération,Hors intersection,Pluie légère,Deux véhicules - côté,4,2,4,0,1,1,2,0,1,50,2,2,1,0,0,1,41.0,20.0,utilitaire_camion,voiture,1,2,1,2,3
201900028769,2019-07-26 16:25:00,2019,7,26,16,25,37,37261,BORDEAUX (RUE DE),47.38965,0.6907813,Plein jour,En agglomération,Hors intersection,Pluie légère,Sans collision,4,1,1,0,1,1,2,0,1,50,1,1,0,0,0,1,33.0,,deux_roues,,1,2,1,2,7
201900028770,2019-03-04 19:55:00,2019,3,4,19,55,49,49007,LECLERC BOULEVARD SECTEUR 1,47.46344,-0.56613,Nuit avec éclairage allumé,En agglomération,Hors intersection,Pluie légère,Autre collision,4,2,2,0,1,1,2,0,1,30,1,1,0,0,0,1,20.0,,voiture,,5,2,1,2,6
201900028771,2019-07-25 23:50:00,2019,7,25,23,50,37,37261,GRAMMONT (AVENUE DE),47.38711,0.68989,Nuit avec éclairage allumé,En agglomération,Intersection en T,Normale,Deux véhicules - côté,4,2,4,3,1,1,1,9,1,50,2,2,1,0,0,1,42.0,21.0,deux_roues,voiture,5,2,3,1,3
201900028772,2019-03-09 17:15:00,2019,3,9,17,15,45,45284,AV LOUIS JOSEPH SOULAS,47.90827,1.97004,Plein jour,En agglomération,Hors intersection,Normale,Deux véhicules - arrière,4,2,2,0,2,1,1,0,1,50,2,2,1,0,0,1,64.0,51.0,voiture,voiture,1,2,1,1,2
201900028773,2019-07-25 08:16:00,2019,7,25,8,16,37,37261,PITARD (RUE STEPHANE),47.37777,0.6845973,Plein jour,En agglomération,Intersection en Y,Normale,Deux véhicules - côté,4,2,1,0,1,1,1,0,1,50,2,3,2,0,0,1,48.0,55.0,voiture,voiture,1,2,4,1,3
201900028774,2019-07-27 17:20:00,2019,7,27,17,20,34,34172,RAVAZ (AVENUE DU PROFESSEUR LOUIS,43.6248267,3.8418889,Plein jour,En agglomération,Hors intersection,Normale,Deux véhicules - côté,4,2,2,0,1,1,1,0,1,50,2,2,1,0,1,0,66.0,45.0,voiture,deux_roues,1,2,1,1,3
201900028775,2019-03-09 15:50:00,2019,3,9,15,50,45,45234,BD DE CHATEAUDUN,47.914413,1.897262,Plein jour,En agglomération,Hors intersection,Normale,Autre collision,4,2,2,-1,1,1,1,0,5,20,1,2,0,0,0,2,15.0,,deux_roues,,1,2,1,1,6