accident_id,datetime,annee,mois,jour,heure,minute,departement,commune_insee,adresse,latitude,longitude,luminosite,agglomeration,intersection,meteo,collision,catr,circ,nbv,vosp,prof,plan,surf,infra,situ,vma,nb_vehicules,nb_usagers,nb_indemnes,nb_tues,nb_blesses_hosp,nb_blesses_legers,age_cond_1,age_cond_2,veh_type_cond_1,veh_type_cond_2,lum_code,agg_code,int_code,atm_code,col_code
201900028776,2019-07-25 16:10:00,2019,7,25,16,10,34,34172,MENDES FRANCE (AVENUE PRESIDENT PIERRE,43.60937,3.9012,Plein jour,Hors agglomération,Autre intersection,Normale,Deux véhicules - frontale,4,1,1,0,2,3,1,9,1,50,2,2,1,0,0,1,57.0,42.0,voiture,voiture,1,1,9,1,1
201900028777,2019-03-08 17:30:00,2019,3,8,17,30,45,45234,RUE D ISSOUDUN - R FRANCIS BLANCHE,47.840411,1.9335625,Plein jour,En agglomération,Intersection en T,Normale,Autre collision,4,1,2,0,1,2,1,0,4,50,1,2,0,0,0,2,30.0,,transport_commun,,1,2,3,1,6
201900028778,2019-07-25 13:10:00,2019,7,25,13,10,34,34172,Théroigne de Méricourt ( avenue ),43.59752,3.90111,Plein jour,En agglomération,Autre intersection,Normale,Deux véhicules - frontale,4,2,2,0,1,1,1,0,1,50,2,2,1,0,0,1,35.0,15.0,voiture,deux_roues,1,2,9,1,1
201900028779,2019-03-05 19:45:00,2019,3,5,19,45,45,45286,AV GASTON GALLOUX,47.88573,1.92455,Nuit avec éclairage allumé,Hors agglomération,Hors intersection,Normale,Deux véhicules - côté,4,2,2,0,2,1,2,0,1,50,2,2,1,0,0,1,39.0,47.0,voiture,deux_roues,5,1,1,1,3
201900028780,2019-03-07 17:35:00,2019,3,7,17,35,45,45285,AV PIERRE MENDES FRANCE,47.90264,1.86076,Plein jour,En agglomération,Hors intersection,Normale,Autre collision,4,1,2,0,1,1,1,0,1,50,1,3,2,0,0,1,22.0,,voiture,,1,2,1,1,6
201900028781,2019-07-27 05:15:00,2019,7,27,5,15,33,33013,N 89,44.86861,-0.50306,Nuit avec éclairage allumé,En agglomération,Intersection en T,Autre,Deux véhicules - arrière,2,3,4,0,1,1,1,0,1,50,2,3,1,0,0,2,42.0,33.0,voiture,voiture,5,2,3,9,2
201900028782,2019-03-06 20:04:00,2019,3,6,20,4,45,45234,R DU FG MADELEINE,47.900361,1.884576,Nuit avec éclairage allumé,En agglomération,Hors intersection,Pluie légère,Autre collision,4,1,2,2,1,1,2,4,4,50,1,1,0,0,0,1,24.0,,deux_roues,,5,2,1,2,6
201900028783,2019-07-27 13:40:00,2019,7,27,13,40,33,33119,AVE CARNOT,44.86303,-0.5301,Plein jour,En agglomération,Hors intersection,Pluie légère,Autre collision,4,3,3,0,2,3,2,0,1,70,1,1,0,0,0,1,45.0,,voiture,,1,2,1,2,6
201900028784,2019-07-27 09:20:00,2019,7,27,9,20,33,33318,AVE DE CANDAU,44.80823,-0.61131,Plein jour,En agglomération,Hors intersection,Temps couvert,Autre collision,4,2,2,0,2,2,2,0,1,50,1,1,0,0,0,1,20.0,,voiture,,1,2,1,8,6
201900028785,2019-03-06 13:35:00,2019,3,6,13,35,45,45234,AV DU PARC FLORAL/R DU GOSBON,47.84624,1.94098,Plein jour,En agglomération,Intersection en X,Pluie légère,Deux véhicules - côté,4,2,2,0,1,1,2,0,1,50,2,2,1,0,0,1,60.0,22.0,voiture,voiture,1,2,2,2,3
201900028786,2019-07-25 23:05:00,2019,7,25,23,5,33,33281,MAGUDAS (AVE DE),44.85705,-0.65772,Nuit avec éclairage allumé,En agglomération,Intersection en X,Normale,Deux véhicules - côté,4,2,2,0,1,1,1,0,1,50,2,2,1,0,0,1,27.0,22.0,deux_roues,voiture,5,2,2,1,3
201900028787,2019-03-05 20:15:00,2019,3,5,20,15,45,45285,RUE DU 11 OCTOBRE,47.916716,1.881919,Nuit avec éclairage allumé,En agglomération,Autre intersection,Normale,Deux véhicules - arrière,4,2,2,0,1,1,1,0,1,50,2,3,1,0,0,2,40.0,34.0,voiture,voiture,5,2,9,1,2
201900028788,2019-07-24 14:50:00,2019,7,24,14,50,33,33069,EYSINES (AVE D),44.85524,-0.60037,Plein jour,En agglomération,Hors intersection,Normale,Deux véhicules - frontale,4,2,2,0,1,1,1,0,1,50,2,2,1,0,0,1,56.0,46.0,voiture,deux_roues,1,2,1,1,1
201900028789,2019-03-05 18:15:00,2019,3,5,18,15,45,45234,RUE AUGUSTE DE SAINT HILAIRE,47.918044,1.922318,Plein jour,En agglomération,Autre intersection,Normale,Autre collision,4,2,2,0,1,1,1,0,1,30,1,2,1,0,0,1,40.0,,voiture,,1,2,9,1,6
201900028790,2019-03-09 09:25:00,2019,3,9,9,25,45,45208,GENERAL DE GAULLE (AVENUE DU),48.001839,2.734684,Plein jour,En agglomération,Autre intersection,Pluie légère,Autre collision,4,2,2,0,1,2,2,0,1,50,1,1,0,0,0,1,78.0,,voiture,,1,2,9,2,6
201900028791,2019-03-09 17:00:00,2019,3,9,17,0,44,44109,PERRAY ( RUE DU ),47.24276,-1.50914,Plein jour,En agglomération,Hors intersection,Normale,Autre collision,7,2,0,0,1,1,1,0,1,50,1,2,1,0,1,0,34.0,,voiture,,1,2,1,1,6
201900028792,2019-07-24 08:50:00,2019,7,24,8,50,33,33039,RTE DE TOULOUSE (point de choc) / R.DUBOS - piéton traversant des n° impairs vers pairs,44.79025,-0.56677,Plein jour,En agglomération,Intersection en T,Normale,Autre collision,4,2,4,0,1,1,1,0,1,50,1,2,1,0,1,0,46.0,,voiture,,1,2,3,1,6
201900028793,2019-03-08 07:10:00,2019,3,8,7,10,44,44109,VERNE ( BD JULES ),47.241554,-1.529286,Crépuscule ou aube,En agglomération,Hors intersection,Normale,Autre collision,4,2,0,0,1,1,1,0,1,50,1,2,1,1,0,0,45.0,,utilitaire_camion,,2,2,1,1,6
201900028794,2019-07-25 11:49:00,2019,7,25,11,49,31,31555,VA007306 A64,43.54481,1.40073,Plein jour,Hors agglomération,Hors intersection,Normale,Trois véhicules et plus - collisions multiples,1,3,3,0,1,1,1,0,1,90,3,3,2,0,0,1,26.0,53.0,voiture,voiture,1,1,1,1,5
201900028795,2019-02-25 20:45:00,2019,2,25,20,45,44,44109,RUE DE BIARRITZ,47.195983,-1.529587,Nuit avec éclairage allumé,En agglomération,Hors intersection,Normale,Deux véhicules - côté,4,2,0,0,1,1,1,0,1,50,2,1,0,0,0,1,49.0,,deux_roues,,5,2,1,1,3
201900028796,2019-07-25 14:30:00,2019,7,25,14,30,29,29151,BREST (RUE DE),48.57299,-3.83471,Plein jour,En agglomération,Hors intersection,Normale,Deux véhicules - frontale,4,2,2,0,1,1,1,0,1,50,2,2,1,0,1,0,16.0,44.0,deux_roues,voiture,1,2,1,1,1
201900028797,2019-03-09 18:30:00,2019,3,9,18,30,44,44055,PLOERMEL ( AVENUE DE ),47.2769,-2.36369,Crépuscule ou aube,En agglomération,Hors intersection,Autre,Autre collision,4,2,0,0,1,1,2,0,1,50,1,3,1,0,2,0,72.0,,voiture,,2,2,1,9,6
201900028798,2019-03-08 16:50:00,2019,3,8,16,50,42,42187,CAMUS (RUE ALBERT),46.04364,4.05474,Plein jour,En agglomération,Hors intersection,Temps éblouissant,Autre collision,4,2,2,0,1,1,1,0,1,50,1,2,1,0,1,0,34.0,,voiture,,1,2,1,7,6
201900028799,2019-07-21 14:25:00,2019,7,21,14,25,29,29254,PLOUVORN (ROUTE DE),48.5754,-3.8568,Plein jour,En agglomération,Giratoire,Normale,Sans collision,3,1,2,0,1,2,8,5,1,50,1,2,0,0,0,2,64.0,,deux_roues,,1,2,6,1,7
201900028800,2019-07-26 17:08:00,2019,7,26,17,8,29,29039,RN165 (VE),47.92913,-3.90112,Plein jour,Hors agglomération,Hors intersection,Normale,Sans collision,2,3,4,0,1,1,1,0,1,110,1,1,0,0,0,1,51.0,,voiture,,1,1,1,1,7
201900028801,2019-03-05 22:30:00,2019,3,5,22,30,40,40279,LACS DES (AVENUE),43.75046,-1.14352,Nuit sans éclairage public,Hors agglomération,Hors intersection,Normale,Autre collision,3,2,2,0,1,1,1,0,1,80,1,1,0,1,0,0,30.0,,voiture,,3,1,1,1,6
201900028802,2019-07-25 15:20:00,2019,7,25,15,20,29,29039,RD 44,47.9207405,-3.9171916,Plein jour,Hors agglomération,Intersection en X,Normale,Deux véhicules - frontale,3,2,2,0,1,1,1,5,1,70,2,2,1,0,0,1,56.0,24.0,utilitaire_camion,voiture,1,1,2,1,1
201900028803,2019-03-10 01:23:00,2019,3,10,1,23,38,38185,RUE NESTOR CORNIER,45.18096,5.72827,Nuit avec éclairage allumé,En agglomération,Intersection en X,Pluie légère,Deux véhicules - côté,4,2,2,0,1,1,2,6,1,50,2,1,0,0,0,1,40.0,,deux_roues,,5,2,2,2,3
201900028804,2019-07-26 17:40:00,2019,7,26,17,40,27,27681,VIEUX CHATEAU (RUE DU),49.09678,1.47775,Plein jour,En agglomération,Intersection en X,Normale,Deux véhicules - côté,7,1,1,0,1,1,1,0,1,50,2,7,3,0,0,4,35.0,32.0,voiture,utilitaire_camion,1,2,2,1,3
201900028805,2019-03-06 15:00:00,2019,3,6,15,0,38,38151,AVENUE DES ÉTATS GÉNÉRAUX,45.1551,5.71896,Plein jour,En agglomération,Hors intersection,Normale,Deux véhicules - côté,4,-1,2,0,1,1,1,0,1,50,2,5,1,0,0,4,71.0,42.0,voiture,transport_commun,1,2,1,1,3
201900028806,2019-07-27 06:00:00,2019,7,27,6,0,26,26004,LACRA RN532,44.99929,5.00101,Plein jour,Hors agglomération,Hors intersection,Normale,Deux véhicules - arrière,2,3,4,3,1,1,1,0,1,110,2,6,0,0,0,6,70.0,27.0,voiture,voiture,1,1,1,1,2
201900028807,2019-07-26 07:30:00,2019,7,26,7,30,26,26362,MOURETTES RUE DES,44.892604,4.880684,Plein jour,En agglomération,Intersection en T,Normale,Deux véhicules - côté,3,2,2,1,1,1,1,0,5,50,2,2,1,0,1,0,20.0,75.0,utilitaire_camion,deux_roues,1,2,3,1,3
201900028808,2019-07-24 07:24:00,2019,7,24,7,24,24,24037,RD 936 E1,44.82854,0.47765,Plein jour,En agglomération,Giratoire,Normale,Deux véhicules - côté,3,1,2,0,1,2,1,0,1,50,2,2,1,0,1,0,58.0,27.0,deux_roues,voiture,1,2,6,1,3
201900028809,2019-07-24 15:10:00,2019,7,24,15,10,21,21231,MANUTENTION (DE LA) (RUE),47.31721,5.03355,Plein jour,En agglomération,Intersection en T,Normale,Deux véhicules - côté,4,4,2,1,1,1,1,0,1,50,2,2,1,0,1,0,21.0,44.0,voiture,deux_roues,1,2,3,1,3
201900028810,2019-07-25 13:50:00,2019,7,25,13,50,17,17306,GARNIER (BD FREDERIC),45.62233,-1.02114,Plein jour,En agglomération,Hors intersection,Normale,Autre collision,4,2,2,0,1,1,1,0,1,30,1,2,1,0,1,0,87.0,,voiture,,1,2,1,1,6
201900028811,2019-03-05 16:43:00,2019,3,5,16,43,38,38053,CHAMPFLEURI (ROND POINT DE),45.60208,5.26655,Plein jour,En agglomération,Hors intersection,Normale,Deux véhicules - côté,3,1,1,0,1,1,1,5,1,50,2,2,1,1,0,0,42.0,38.0,utilitaire_camion,deux_roues,1,2,1,1,3
201900028812,2019-07-24 11:40:00,2019,7,24,11,40,17,17380,ROND-POINT DE BEAULIEU,45.66149,-1.06098,Plein jour,Hors agglomération,Giratoire,Normale,Deux véhicules - côté,3,-1,1,0,1,1,1,5,1,50,2,2,1,0,1,0,53.0,46.0,deux_roues,voiture,1,1,6,1,3
201900028813,2019-07-27 16:45:00,2019,7,27,16,45,14,14437,ECHANGEUR N° 16 ( PAYS D ' AUGE ),49.163,-0.3064,Plein jour,Hors agglomération,Hors intersection,Normale,Deux véhicules - arrière,4,3,-1,-1,1,3,1,0,1,-1,2,3,1,0,0,2,21.0,36.0,voiture,voiture,1,1,1,1,2
201900028814,2019-03-09 18:20:00,2019,3,9,18,20,37,37214,D938,47.424169,0.6570586,Plein jour,En agglomération,Hors intersection,Pluie légère,Sans collision,4,2,4,0,1,3,2,0,1,50,1,1,0,0,0,1,36.0,,deux_roues,,1,2,1,2,7
201900028815,2019-07-26 18:05:00,2019,7,26,18,5,14,14301,ROUEN (ROUTE DE),49.17193,-0.29145,Plein jour,Hors agglomération,Hors intersection,Pluie légère,Autre collision,3,2,2,-1,1,1,2,0,1,-1,2,2,1,0,0,1,26.0,51.0,utilitaire_camion,utilitaire_camion,1,1,1,2,6
201900028816,2019-07-26 12:20:00,2019,7,26,12,20,13,13054,SIGNORE (BD DE LA ),43.42108,5.20776,Plein jour,En agglomération,Intersection en X,Normale,Deux véhicules - côté,7,2,2,0,1,1,1,0,1,50,2,2,0,0,0,2,69.0,82.0,voiture,voiture,1,2,2,1,3
201900028817,2019-07-27 22:10:00,2019,7,27,22,10,13,13103,AVENUE JUIN - DU 18 ... 1940,43.6280877,5.1056649,Nuit avec éclairage allumé,En agglomération,Autre intersection,Normale,Autre collision,4,4,3,0,1,1,1,0,1,50,1,2,1,0,0,1,28.0,,voiture,,5,2,9,1,6
201900028818,2019-03-09 15:25:00,2019,3,9,15,25,37,37214,DE GAULLE (BD CHARLES),47.41833,0.66471,Plein jour,En agglomération,Hors intersection,Normale,Deux véhicules - côté,4,2,4,0,1,1,1,0,1,50,2,2,1,0,0,1,73.0,31.0,voiture,deux_roues,1,2,1,1,3
201900028819,2019-07-27 08:30:00,2019,7,27,8,30,13,13215,SAINT LOUIS (AVENUE DE),43.344077,5.359444,Plein jour,En agglomération,Intersection en T,Normale,Autre collision,4,2,2,0,2,1,1,0,1,50,1,1,0,0,0,1,25.0,,voiture,,1,2,3,1,6
201900028820,2019-07-26 22:40:00,2019,7,26,22,40,13,13211,LÉON BANCAL (RUE),43.2892943,5.4812633,Nuit avec éclairage allumé,En agglomération,Hors intersection,Normale,Deux véhicules - côté,4,3,2,1,1,1,1,0,1,50,2,2,1,0,0,1,31.0,26.0,voiture,deux_roues,5,2,1,1,3
201900028821,2019-07-26 19:30:00,2019,7,26,19,30,13,13208,PRADO (AVENUE DU),43.26245,5.3755,Plein jour,En agglomération,Hors intersection,Normale,Autre collision,4,2,4,0,1,1,1,0,1,50,1,2,0,0,1,1,20.0,,deux_roues,,1,2,1,1,6
201900028822,2019-07-26 16:00:00,2019,7,26,16,0,13,13202,MARCEAU (PLACE),43.3051572,5.3732068,Plein jour,En agglomération,Giratoire,Normale,Deux véhicules - côté,4,1,3,0,1,3,1,0,1,50,2,2,1,0,0,1,22.0,34.0,deux_roues,voiture,1,2,6,1,3
201900028823,2019-07-26 14:18:00,2019,7,26,14,18,13,13209,SAINTE MARGUERITE (BOULEVARD),43.26922,5.40257,Plein jour,En agglomération,Intersection en X,Normale,Deux véhicules - côté,4,-1,2,0,1,1,1,0,1,50,2,4,0,0,0,4,63.0,35.0,voiture,voiture,1,2,2,1,3
201900028824,2019-03-08 15:10:00,2019,3,8,15,10,37,37261,STENDHAL (AVENUE),47.36763,0.7036,Plein jour,En agglomération,Hors intersection,Normale,Deux véhicules - arrière,4,2,2,0,1,1,1,0,1,50,2,2,0,0,0,2,28.0,50.0,voiture,voiture,1,2,1,1,2
201900028825,2019-07-25 19:30:00,2019,7,25,19,30,13,13207,Corniche John Fitzgérald Kennedy,43.276505,5.35814,Plein jour,En agglomération,Hors intersection,Normale,Deux véhicules - côté,4,2,2,0,1,1,1,0,1,50,2,2,1,0,0,1,27.0,59.0,voiture,deux_roues,1,2,1,1,3
201900028826,2019-07-26 02:55:00,2019,7,26,2,55,13,13209,LÉON LACHAMP (ROUTE),43.24942,5.44434,Nuit avec éclairage allumé,En agglomération,Hors intersection,Normale,Sans collision,4,2,2,0,2,1,1,0,1,50,1,1,0,0,0,1,21.0,,voiture,,5,2,1,1,7
201900028827,2019-03-08 13:20:00,2019,3,8,13,20,37,37208,CORMERY (RUE DE),47.3444488,0.7356571,Plein jour,En agglomération,Hors intersection,Normale,Deux véhicules - arrière,4,2,2,0,1,1,1,0,1,50,2,2,1,0,0,1,20.0,69.0,deux_roues,voiture,1,2,1,1,2
201900028828,2019-07-25 20:35:00,2019,7,25,20,35,13,13211,VALBARELLE (BOULEVARD DE LA ),43.288607,5.454771,Crépuscule ou aube,En agglomération,Intersection en T,Normale,Deux véhicules - côté,4,2,2,3,1,1,1,0,1,50,2,1,0,0,0,1,17.0,,deux_roues,,2,2,3,1,3
201900028829,2019-07-25 08:15:00,2019,7,25,8,15,13,13208,BARRAL PROLONGE ( Bd),43.26403,5.39153,Plein jour,En agglomération,Hors intersection,Normale,Sans collision,7,2,2,0,1,1,1,0,1,50,1,1,0,0,1,0,64.0,,deux_roues,,1,2,1,1,7
201900028830,2019-03-07 21:05:00,2019,3,7,21,5,37,37261,HEURTELOUP (BOULEVARD),47.39078,0.69439,Nuit avec éclairage allumé,En agglomération,Hors intersection,Normale,Deux véhicules - arrière,4,3,3,0,1,1,1,0,1,50,2,3,1,0,0,2,26.0,24.0,voiture,voiture,5,2,1,1,2
201900028831,2019-03-07 16:50:00,2019,3,7,16,50,37,37261,VICTOIRE (RUE DE LA),47.3949968,0.6775753,Plein jour,En agglomération,Hors intersection,Normale,Deux véhicules - côté,4,2,3,1,1,1,1,2,1,50,2,2,1,0,0,1,80.0,32.0,deux_roues,voiture,1,2,1,1,3
201900028832,2019-07-25 08:55:00,2019,7,25,8,55,13,13207,Corniche John Fitzgérald Kennedy,43.28672,5.35169,Plein jour,En agglomération,Hors intersection,Normale,Deux véhicules - côté,4,2,2,0,1,1,1,0,1,50,2,2,1,0,0,1,49.0,25.0,voiture,deux_roues,1,2,1,1,3
201900028833,2019-03-06 13:20:00,2019,3,6,13,20,37,37261,NOBEL (ROND-POINT ALFRED),47.43185,0.66304,Plein jour,En agglomération,Hors intersection,Pluie légère,Deux véhicules - arrière,4,2,2,0,1,1,2,0,1,50,2,2,0,0,0,2,32.0,31.0,voiture,voiture,1,2,1,2,2
201900028834,2019-07-25 05:02:00,2019,7,25,5,2,13,13211,SAINT MENET (AVENUE DE),43.29038,5.49062,Nuit avec éclairage allumé,En agglomération,Hors intersection,Normale,Deux véhicules - frontale,4,3,3,0,1,1,1,0,1,50,2,2,0,0,0,2,26.0,25.0,utilitaire_camion,utilitaire_camion,5,2,1,1,1
201900028835,2019-03-05 14:48:00,2019,3,5,14,48,37,37261,HEURTELOUP (BOULEVARD),47.3904112,0.6911784,Plein jour,En agglomération,Hors intersection,Pluie légère,Autre collision,4,1,2,0,1,1,2,0,1,50,1,1,0,0,0,1,,,,,1,2,1,2,6
201900028836,2019-07-24 18:44:00,2019,7,24,18,44,13,13215,LEDRU ROLLI (BOULEVARD),43.342061,5.357696,Plein jour,En agglomération,Hors intersection,Normale,Deux véhicules - côté,4,2,2,0,1,1,1,0,1,50,2,1,0,0,0,1,49.0,,voiture,,1,2,1,1,3
201900028837,2019-03-05 12:41:00,2019,3,5,12,41,37,37233,ROUSSEAU (IMPASSE JEAN-JACQUES),47.3873959,0.7119777,Plein jour,En agglomération,Hors intersection,Pluie légère,Autre collision,4,-1,1,0,1,1,2,0,1,30,1,1,0,0,0,1,54.0,,voiture,,1,2,1,2,6
201900028838,2019-03-05 09:10:00,2019,3,5,9,10,37,37233,JAURES (BOULEVARD JEAN),47.3969,0.72888,Plein jour,En agglomération,Intersection en Y,Normale,Deux véhicules - arrière,4,2,2,0,3,1,1,0,1,50,2,3,2,0,0,1,76.0,35.0,voiture,voiture,1,2,4,1,2
201900028839,2019-07-27 22:55:00,2019,7,27,22,55,13,13028,ROMAGOUA (CHEMIN DE),43.199475,5.606217,Nuit avec éclairage allumé,En agglomération,Intersection en T,Normale,Deux véhicules - côté,4,2,2,0,2,1,1,0,1,50,2,2,1,0,0,1,19.0,23.0,voiture,deux_roues,5,2,3,1,3
201900028840,2019-03-04 17:05:00,2019,3,4,17,5,36,36044,48 AVENUE DES MARINS,46.809757,1.684816,Plein jour,En agglomération,Hors intersection,Neige / grêle,Autre collision,4,2,2,0,1,1,2,0,1,50,1,2,1,0,1,0,82.0,,utilitaire_camion,,1,2,1,4,6
201900028841,2019-07-27 07:30:00,2019,7,27,7,30,13,13005,GARLABAN (AVENUE DU),43.2994,5.57327,Plein jour,En agglomération,Hors intersection,Normale,Sans collision,4,2,2,0,2,1,1,9,1,50,1,1,0,0,1,0,52.0,,deux_roues,,1,2,1,1,7
201900028842,2019-03-07 02:50:00,2019,3,7,2,50,35,35288,ANCIENS COMBATTANTS (ROND POINT DES),48.64218,-1.99391,Nuit avec éclairage allumé,En agglomération,Giratoire,Normale,Autre collision,4,2,4,0,1,3,2,9,1,50,1,1,0,0,1,0,48.0,,voiture,,5,2,6,1,6
201900028843,2019-07-25 20:50:00,2019,7,25,20,50,13,13001,VILLA ROMAINE,43.544361,5.429194,Crépuscule ou aube,En agglomération,Hors intersection,Normale,Deux véhicules - côté,4,-1,2,0,2,1,1,0,1,50,2,2,0,0,1,1,44.0,,utilitaire_camion,,2,2,1,1,3
201900028844,2019-07-26 07:58:00,2019,7,26,7,58,12,12145,CAPELLE,44.100068,3.08112,Plein jour,En agglomération,Hors intersection,Normale,Autre collision,4,2,2,0,1,3,1,6,1,20,1,2,1,0,1,0,45.0,,voiture,,1,2,1,1,6
201900028845,2019-03-07 16:30:00,2019,3,7,16,30,35,35238,ROCADE 4-5,48.084464,-1.641192,Plein jour,Hors agglomération,Hors intersection,Pluie légère,Trois véhicules et plus - en chaîne,2,3,4,0,1,1,2,0,1,90,4,5,4,0,0,1,32.0,42.0,voiture,voiture,1,1,1,2,4
201900028846,2019-07-26 13:55:00,2019,7,26,13,55,10,10325,ROCADE OUEST (RD 610),48.2674266,4.0615294,Plein jour,En agglomération,Giratoire,Temps éblouissant,Autre collision,3,2,1,0,1,2,1,5,1,80,2,2,1,0,0,1,63.0,33.0,voiture,deux_roues,1,2,6,7,6
201900028847,2019-03-05 13:53:00,2019,3,5,13,53,35,35238,LEGRAVEREND,48.1171751,-1.6807309,Plein jour,En agglomération,Intersection en X,Normale,Autre collision,4,2,2,3,1,1,1,0,1,50,1,2,1,0,1,0,36.0,,utilitaire_camion,,1,2,2,1,6
201900028848,2019-07-25 18:30:00,2019,7,25,18,30,10,10387,EDMOND FARIAT (RUE),48.293,4.096,Plein jour,En agglomération,Hors intersection,Temps éblouissant,Sans collision,4,2,2,0,1,1,1,0,1,50,1,1,0,0,0,1,37.0,,deux_roues,,1,2,1,7,7
201900028849,2019-03-05 08:10:00,2019,3,5,8,10,35,35238,POMPIDOU ( BD GEORGES),48.09828,-1.68812,Plein jour,En agglomération,Intersection en T,Normale,Deux véhicules - côté,4,1,5,1,2,1,1,0,1,50,2,2,1,0,0,1,48.0,60.0,voiture,deux_roues,1,2,3,1,3
201900028850,2019-07-25 13:25:00,2019,7,25,13,25,10,10357,JULES POCHINOT (RUE),48.302,4.10155,Plein jour,En agglomération,Intersection en T,Temps éblouissant,Deux véhicules - côté,4,2,3,0,2,3,1,0,1,50,2,5,4,0,0,1,25.0,38.0,voiture,voiture,1,2,3,7,3
201900028851,2019-02-27 18:15:00,2019,2,27,18,15,35,35238,LECLERC (AVENUE DU GENERAL),48.11468,-1.65573,Crépuscule ou aube,En agglomération,Autre intersection,Normale,Deux véhicules - côté,4,2,2,2,1,1,1,0,1,50,2,1,0,0,0,1,21.0,,deux_roues,,2,2,9,1,3
201900028852,2019-07-25 21:35:00,2019,7,25,21,35,6,06088,ANGLAIS (DU N° 45 AU N° 112),43.6917837,7.2487051,Crépuscule ou aube,En agglomération,Intersection en T,Normale,Deux véhicules - arrière,7,1,3,0,1,1,1,0,1,50,2,3,0,0,0,3,59.0,22.0,voiture,deux_roues,2,2,3,1,2
201900028853,2019-03-08 13:30:00,2019,3,8,13,30,35,35115,FORET (RUE DE LA),48.35677,-1.19827,Plein jour,En agglomération,Hors intersection,Normale,Autre collision,4,1,1,0,1,1,1,0,1,30,1,1,0,0,0,1,19.0,,voiture,,1,2,1,1,6
201900028854,2019-07-25 13:15:00,2019,7,25,13,15,6,06088,MONT-BORON (BD DU) (JUSQU'AU 64-71),43.6936181,7.2958965,Plein jour,En agglomération,Hors intersection,Normale,Deux véhicules - frontale,4,2,2,0,2,4,1,0,1,50,2,2,1,0,0,1,27.0,29.0,transport_commun,deux_roues,1,2,1,1,1
201900028855,2019-03-04 15:55:00,2019,3,4,15,55,34,34301,POULES D'EAU (CHEMIN DES),43.3979,3.66198,Plein jour,En agglomération,Intersection en T,Normale,Deux véhicules - côté,4,2,2,0,1,1,1,0,1,50,2,3,1,0,0,2,15.0,38.0,deux_roues,voiture,1,2,3,1,3
201900028856,2019-03-07 18:00:00,2019,3,7,18,0,34,34172,POMPIGNANE (AVENUE DE LA),43.60985,3.89895,Plein jour,En agglomération,Hors intersection,Normale,Deux véhicules - côté,4,2,4,0,1,1,1,0,1,50,2,2,1,0,1,0,24.0,30.0,voiture,deux_roues,1,2,1,1,3
201900028857,2019-03-07 09:20:00,2019,3,7,9,20,34,34172,ANTONELLI (AVENUE DU PROFESSEUR ETIENNE),43.59951,3.8926,Plein jour,En agglomération,Hors intersection,Normale,Deux véhicules - côté,4,2,4,0,1,1,1,0,1,50,2,2,1,0,0,1,33.0,43.0,utilitaire_camion,deux_roues,1,2,1,1,3
201900028858,2019-03-05 20:45:00,2019,3,5,20,45,34,34172,MARES (AVENUE HENRI),43.62005,3.8512,Nuit avec éclairage allumé,En agglomération,Intersection en X,Normale,Trois véhicules et plus - collisions multiples,4,2,4,0,2,1,1,0,1,50,3,3,1,0,1,1,34.0,24.0,voiture,voiture,5,2,2,1,5
201900028859,2019-03-05 15:30:00,2019,3,5,15,30,34,34172,ABRIVADO (RUE DE L'),43.59,3.8864,Plein jour,En agglomération,Hors intersection,Normale,Sans collision,4,1,2,0,1,1,1,0,1,50,1,2,1,0,0,1,36.0,,voiture,,1,2,1,1,7
201900028860,2019-03-06 09:10:00,2019,3,6,9,10,33,33063,AVE MARCEL DASSAULT,44.87723,-0.57688,Plein jour,En agglomération,Intersection en T,Normale,Deux véhicules - côté,4,2,2,0,1,3,1,0,1,50,2,2,1,0,0,1,45.0,23.0,deux_roues,voiture,1,2,3,1,3
201900028861,2019-03-05 13:35:00,2019,3,5,13,35,33,33063,QUAI DE BACALAN,44.8569,-0.5612,Plein jour,En agglomération,Intersection en T,Normale,Autre collision,4,3,6,2,1,1,1,0,1,50,1,2,1,0,0,1,57.0,,transport_commun,,1,2,3,1,6
201900028862,2019-03-02 21:05:00,2019,3,2,21,5,33,33550,AVE DES PYRENEES,44.76222,-0.5589,Nuit avec éclairage allumé,En agglomération,Intersection en X,Normale,Deux véhicules - côté,4,2,5,2,1,1,1,0,1,50,2,2,1,0,0,1,19.0,41.0,deux_roues,voiture,5,2,2,1,3
201900028863,2019-03-07 19:10:00,2019,3,7,19,10,31,31557,BD FRANCOIS MITTERRAND,43.5862,1.33541,Nuit avec éclairage allumé,En agglomération,Hors intersection,Normale,Deux véhicules - frontale,4,3,2,1,1,1,1,0,1,50,2,2,1,0,0,1,40.0,36.0,deux_roues,voiture,5,2,1,1,1
201900028864,2019-03-07 08:40:00,2019,3,7,8,40,31,31555,VA007331 A620,43.57326,1.45135,Plein jour,Hors agglomération,Hors intersection,Normale,Deux véhicules - côté,1,3,3,0,1,1,1,0,1,90,2,2,1,0,1,0,20.0,29.0,deux_roues,voiture,1,1,1,1,3
201900028865,2019-03-06 19:00:00,2019,3,6,19,0,31,31149,ingres (auguste),43.59703,1.35028,Plein jour,En agglomération,Intersection en T,Normale,Deux véhicules - côté,3,2,2,0,1,2,1,0,1,50,2,2,1,0,0,1,35.0,18.0,voiture,deux_roues,1,2,3,1,3
201900028866,2019-03-06 13:40:00,2019,3,6,13,40,31,31555,FIL D'ARIANE (RD902),43.60883,1.36425,Plein jour,Hors agglomération,Hors intersection,Normale,Deux véhicules - côté,3,3,4,0,1,1,1,0,1,90,2,2,1,0,0,1,46.0,39.0,deux_roues,voiture,1,1,1,1,3
201900028867,2019-03-09 02:49:00,2019,3,9,2,49,30,30189,baillet claude,43.8103,4.36161,Nuit avec éclairage allumé,En agglomération,Hors intersection,Normale,Sans collision,4,3,2,0,1,2,1,0,1,50,1,1,0,0,0,1,22.0,,deux_roues,,5,2,1,1,7