accident_id,datetime,annee,mois,jour,heure,minute,departement,commune_insee,adresse,latitude,longitude,luminosite,agglomeration,intersection,meteo,collision,catr,circ,nbv,vosp,prof,plan,surf,infra,situ,vma,nb_vehicules,nb_usagers,nb_indemnes,nb_tues,nb_blesses_hosp,nb_blesses_legers,age_cond_1,age_cond_2,veh_type_cond_1,veh_type_cond_2,lum_code,agg_code,int_code,atm_code,col_code
201900028868,2019-03-03 13:15:00,2019,3,3,13,15,29,29232,BRADEN AVENUE DU,47.9852,-4.08334,Plein jour,En agglomération,Hors intersection,Normale,Deux véhicules - côté,4,2,2,0,1,2,1,0,2,50,2,2,1,0,0,1,45.0,30.0,voiture,voiture,1,2,1,1,3
201900028869,2019-03-03 21:45:00,2019,3,3,21,45,29,29019,DUQUESNE (DE 1 A 11 ET 2 A 6),48.3919,-4.4875,Nuit avec éclairage allumé,En agglomération,Hors intersection,Pluie forte,Autre collision,4,2,0,0,1,1,2,0,1,50,1,2,1,0,0,1,28.0,,voiture,,5,2,1,3,6
201900028870,2019-03-08 12:00:00,2019,3,8,12,0,28,28218,LECLERC (RUE DU MARECHAL),48.43092,1.46249,Plein jour,En agglomération,Hors intersection,Normale,Deux véhicules - arrière,3,2,0,0,1,1,1,0,1,50,2,4,1,0,0,3,23.0,43.0,voiture,voiture,1,2,1,1,2
201900028871,2019-02-25 16:50:00,2019,2,25,16,50,28,28229,QUATORZE JUILLET (RUE DU),48.45246,1.47152,Plein jour,En agglomération,Hors intersection,Normale,Autre collision,3,2,2,0,2,1,1,0,1,50,1,2,1,0,1,0,59.0,,voiture,,1,2,1,1,6
201900028872,2019-03-07 21:55:00,2019,3,7,21,55,27,27681,GENERAL DE GAULLE (PLACE DU),49.0914,1.4842,Nuit avec éclairage allumé,En agglomération,Autre intersection,Normale,Autre collision,6,-1,0,0,1,1,1,9,1,30,1,2,1,0,1,0,20.0,,voiture,,5,2,9,1,6
201900028873,2019-03-07 18:20:00,2019,3,7,18,20,27,27229,VERNON (RUE DE),49.03024,1.16164,Plein jour,En agglomération,Intersection en T,Normale,Deux véhicules - côté,4,2,2,0,2,1,1,0,1,50,2,2,1,0,0,1,28.0,18.0,voiture,deux_roues,1,2,3,1,3
201900028874,2019-03-05 04:20:00,2019,3,5,4,20,27,27229,Route de Paris,49.0151,1.1877,Nuit avec éclairage allumé,En agglomération,Giratoire,Normale,Sans collision,4,3,4,0,1,1,1,0,1,70,1,1,0,0,0,1,23.0,,voiture,,5,2,6,1,7
201900028875,2019-03-08 05:45:00,2019,3,8,5,45,26,26198,CINQ DECEMBRE (Rue du),44.559113,4.762739,Nuit sans éclairage public,En agglomération,Hors intersection,Normale,Sans collision,4,2,2,0,1,1,1,0,1,50,1,1,0,0,0,1,28.0,,voiture,,3,2,1,1,7
201900028876,2019-03-09 11:00:00,2019,3,9,11,0,25,25462,SAINT ETIENNE FAUBOURG,46.89949,6.36168,Plein jour,En agglomération,Hors intersection,Pluie légère,Deux véhicules - côté,4,2,2,0,1,1,2,9,1,50,2,4,3,0,0,1,34.0,34.0,voiture,voiture,1,2,1,2,3
201900028877,2019-03-05 18:55:00,2019,3,5,18,55,25,25388,LUDWIGSBURG (ROND POINT DE),47.50321,6.81174,Nuit avec éclairage allumé,En agglomération,Hors intersection,Temps couvert,Autre collision,3,1,1,3,1,3,1,3,1,50,1,1,0,1,0,0,25.0,,voiture,,5,2,1,8,6
201900028878,2019-03-07 14:10:00,2019,3,7,14,10,25,25056,CHOPIN RUE FREDERIC,47.26245,6.0404,Plein jour,En agglomération,Intersection en X,Temps couvert,Autre collision,4,2,2,0,2,1,1,0,1,50,1,2,1,0,1,0,21.0,,voiture,,1,2,2,8,6
201900028879,2019-03-03 09:52:00,2019,3,3,9,52,25,25056,BASILIQUE RUE DE LA,47.2325,5.98866,Plein jour,En agglomération,Intersection en X,Normale,Deux véhicules - côté,4,2,2,0,1,1,1,0,1,50,2,2,0,0,0,2,59.0,60.0,voiture,voiture,1,2,2,1,3
201900028880,2019-03-04 11:50:00,2019,3,4,11,50,22,22278,PARIS (DE),48.5017257,-2.7363183,Plein jour,En agglomération,Hors intersection,Normale,Deux véhicules - arrière,3,2,2,0,2,1,1,0,1,50,2,3,1,0,0,2,58.0,54.0,utilitaire_camion,utilitaire_camion,1,2,1,1,2
201900028881,2019-03-03 04:29:00,2019,3,3,4,29,22,22278,LE GOFF (DES TROIS FRERES),48.51694,-2.76519,Nuit avec éclairage allumé,En agglomération,Hors intersection,Normale,Autre collision,4,2,2,0,2,1,1,0,1,30,1,1,0,0,0,1,,,,,5,2,1,1,6
201900028882,2019-03-03 19:00:00,2019,3,3,19,0,22,22278,DE LA FONTAINE (RPT),48.5175,-2.7659,Crépuscule ou aube,En agglomération,Giratoire,Pluie légère,Deux véhicules - arrière,4,1,1,0,1,2,2,9,1,50,2,3,1,0,0,2,48.0,21.0,voiture,deux_roues,2,2,6,2,2
201900028883,2019-03-08 17:45:00,2019,3,8,17,45,19,19275,BUSSIERTAS (RUE DE),45.56495,2.31305,Plein jour,En agglomération,Hors intersection,Normale,Sans collision,3,-1,2,0,2,2,1,0,1,70,1,1,0,0,0,1,19.0,,voiture,,1,2,1,1,7
201900028884,2019-03-05 19:30:00,2019,3,5,19,30,19,19031,MENDES FRANCE (AVENUE PIERRE),45.14322,1.4708,Crépuscule ou aube,En agglomération,Giratoire,Normale,Deux véhicules - arrière,3,2,4,0,1,1,1,0,1,50,2,2,1,0,1,0,45.0,49.0,deux_roues,voiture,2,2,6,1,2
201900028885,2019-03-05 13:35:00,2019,3,5,13,35,19,19031,BRUNE (RUE DU MARECHAL),45.162,1.53108,Plein jour,En agglomération,Intersection en T,Normale,Deux véhicules - côté,4,1,1,0,1,1,1,0,1,50,2,2,1,0,0,1,18.0,85.0,deux_roues,voiture,1,2,3,1,3
201900028886,2019-03-05 08:00:00,2019,3,5,8,0,17,17415,DOUMER 2 A 143 /ROC.OUEST COURS PAUL,45.74607,-0.669422,Crépuscule ou aube,En agglomération,Intersection en X,Normale,Deux véhicules - côté,4,-1,1,0,1,1,1,0,1,50,2,2,0,0,0,2,18.0,65.0,deux_roues,voiture,2,2,2,1,3
201900028887,2019-03-07 15:40:00,2019,3,7,15,40,17,17306,LAVOISIER (ANTOINE DE),45.631746,-0.987378,Plein jour,En agglomération,Hors intersection,Normale,Trois véhicules et plus - en chaîne,4,2,2,0,1,1,1,0,1,50,3,3,2,0,0,1,59.0,71.0,voiture,voiture,1,2,1,1,4
201900028888,2019-03-06 07:45:00,2019,3,6,7,45,17,17380,ROND-POINT DE BEAULIEU,45.662206,-1.061553,Plein jour,Hors agglomération,Giratoire,Vent fort / tempête,Autre collision,4,1,2,0,3,2,1,0,1,50,1,1,0,0,0,1,49.0,,utilitaire_camion,,1,1,6,6,6
201900028889,2019-03-08 19:25:00,2019,3,8,19,25,17,17300,EUROPE   ROND-POINT DE L',46.142134,-1.157732,Nuit avec éclairage allumé,En agglomération,Giratoire,Normale,Deux véhicules - côté,4,1,3,0,1,2,1,5,1,50,2,3,1,0,0,2,18.0,72.0,deux_roues,voiture,5,2,6,1,3
201900028890,2019-03-08 17:10:00,2019,3,8,17,10,17,17300,BRIAND   AVENUE ARISTIDE,46.16484,-1.16464,Plein jour,En agglomération,Intersection en X,Normale,Deux véhicules - côté,4,2,2,0,2,1,1,8,1,50,2,2,1,0,0,1,44.0,48.0,deux_roues,voiture,1,2,2,1,3
201900028891,2019-03-04 20:45:00,2019,3,4,20,45,17,17300,VIELJEUX   RUE LEONCE,46.15817,-1.15656,Nuit avec éclairage allumé,En agglomération,Intersection en X,Normale,Autre collision,4,1,1,1,1,1,1,5,1,30,1,2,0,0,1,1,20.0,,deux_roues,,5,2,2,1,6
201900028892,2019-02-27 14:20:00,2019,2,27,14,20,16,16089,AVENUE D'ANGOULEME,45.6823284,-0.2939873,Plein jour,En agglomération,Hors intersection,Normale,Deux véhicules - côté,3,2,2,0,1,1,1,0,1,50,2,2,1,0,1,0,82.0,43.0,voiture,deux_roues,1,2,1,1,3
201900028893,2019-03-05 10:20:00,2019,3,5,10,20,14,14220,VICTOR-HUGO (RUE),49.36128,0.07846,Plein jour,En agglomération,Intersection en X,Pluie légère,Deux véhicules - côté,4,1,1,0,1,1,2,0,1,50,2,2,1,0,0,1,30.0,71.0,deux_roues,voiture,1,2,2,2,3
201900028894,2019-03-05 16:25:00,2019,3,5,16,25,14,14366,rue aini,49.1467203,0.2313043,Plein jour,En agglomération,Intersection en X,Normale,Sans collision,4,2,1,0,2,1,2,0,1,50,1,1,0,0,1,0,58.0,,deux_roues,,1,2,2,1,7
201900028895,2019-03-09 01:00:00,2019,3,9,1,0,14,14333,VARETS (CHEMIN DES),49.39878,0.22586,Nuit sans éclairage public,Hors agglomération,Hors intersection,Pluie légère,Sans collision,4,2,1,0,1,2,2,0,1,80,1,1,0,0,0,1,48.0,,voiture,,3,1,1,2,7
201900028896,2019-03-08 09:40:00,2019,3,8,9,40,14,14333,MANUEL (COURS ALBERT),49.4167364,0.2304058,Plein jour,En agglomération,Hors intersection,Normale,Autre collision,6,-1,-1,3,1,1,1,9,1,30,1,2,1,0,1,0,41.0,,voiture,,1,2,1,1,6
201900028897,2019-03-09 09:00:00,2019,3,9,9,0,14,14118,ECHANGEUR N° 9 ( PORTE DE BRETAGNE ),49.1672771,-0.4286895,Plein jour,Hors agglomération,Autre intersection,Temps couvert,Deux véhicules - arrière,2,3,4,0,1,1,1,3,1,90,2,2,0,0,0,2,28.0,84.0,utilitaire_camion,voiture,1,1,9,8,2
201900028898,2019-03-09 03:20:00,2019,3,9,3,20,14,14118,DUNOIS (BOULEVARD),49.1856744,-0.3843037,Nuit sans éclairage public,En agglomération,Hors intersection,Normale,Autre collision,4,3,4,0,1,1,1,0,1,50,1,2,1,0,1,0,37.0,,voiture,,3,2,1,1,6
201900028899,2019-03-08 13:45:00,2019,3,8,13,45,14,14437,ECHANGEUR N° 16 ( PAYS D ' AUGE ),49.16466,-0.30541,Plein jour,En agglomération,Hors intersection,Normale,Deux véhicules - arrière,4,2,-1,-1,1,1,1,0,1,-1,2,3,1,0,0,2,56.0,22.0,voiture,voiture,1,2,1,1,2
201900028900,2019-03-08 08:20:00,2019,3,8,8,20,14,14118,POINCARE (BOULEVARD RAYMOND),49.16337,-0.34906,Plein jour,En agglomération,Autre intersection,Normale,Deux véhicules - côté,4,2,-1,-1,1,1,1,0,1,-1,2,3,1,0,0,2,64.0,20.0,utilitaire_camion,utilitaire_camion,1,2,9,1,3
201900028901,2019-03-07 15:50:00,2019,3,7,15,50,13,13019,D543,43.452894,5.358159,Plein jour,Hors agglomération,Hors intersection,Normale,Deux véhicules - frontale,3,2,0,0,2,1,1,0,1,70,2,3,2,0,1,0,30.0,70.0,deux_roues,voiture,1,1,1,1,1
201900028902,2019-03-08 15:55:00,2019,3,8,15,55,13,13108,RADOUBS (CHEMIN DES),43.79167,4.65915,Plein jour,Hors agglomération,Hors intersection,Normale,Autre collision,4,2,0,0,1,1,1,0,1,30,1,2,1,0,0,1,38.0,,voiture,,1,1,1,1,6
201900028903,2019-03-06 15:50:00,2019,3,6,15,50,13,13108,BRAS D OR (RUE),43.80295,4.65842,Plein jour,En agglomération,Hors intersection,Normale,Autre collision,4,1,1,0,1,1,1,0,1,30,1,2,1,0,0,1,33.0,,voiture,,1,2,1,1,6
201900028904,2019-03-09 15:00:00,2019,3,9,15,0,13,13215,ANNAM (RUE),43.341361,5.35974,Plein jour,En agglomération,Hors intersection,Normale,Deux véhicules - côté,4,2,2,0,2,1,1,0,1,50,2,1,0,0,0,1,49.0,,deux_roues,,1,2,1,1,3
201900028905,2019-03-09 06:00:00,2019,3,9,6,0,13,13210,PONT DE VIVAUX (BOULEVARD),43.28158,5.42356,Nuit avec éclairage allumé,En agglomération,Hors intersection,Normale,Autre collision,3,2,2,0,1,1,1,0,1,50,2,1,0,0,0,1,74.0,,deux_roues,,5,2,1,1,6
201900028906,2019-03-09 05:04:00,2019,3,9,5,4,13,13210,L ARMEE D AFRIQUE (CHEMIN DE L'),43.286785,5.413879,Nuit avec éclairage allumé,En agglomération,Hors intersection,Normale,Autre collision,4,2,2,0,1,1,1,0,1,50,2,2,1,0,0,1,14.0,,voiture,,5,2,1,1,6
201900028907,2019-03-06 19:15:00,2019,3,6,19,15,13,13208,RABATAU (BOULEVARD),43.27,5.39,Nuit avec éclairage allumé,En agglomération,Hors intersection,Normale,Deux véhicules - côté,4,2,2,0,1,1,1,0,1,50,2,2,1,0,0,1,41.0,48.0,deux_roues,voiture,5,2,1,1,3
201900028908,2019-03-08 22:50:00,2019,3,8,22,50,13,13213,JEAN PAUL SARTRE (AVENUE),43.32593,5.42434,Nuit sans éclairage public,En agglomération,Hors intersection,Normale,Deux véhicules - arrière,3,1,1,0,1,1,1,3,1,50,2,2,0,0,0,2,25.0,30.0,utilitaire_camion,utilitaire_camion,3,2,1,1,2
201900028909,2019-03-08 21:15:00,2019,3,8,21,15,13,13204,CHARTREUX (AVENUE DES),43.31083,5.4009,Nuit avec éclairage allumé,En agglomération,Hors intersection,Normale,Deux véhicules - côté,4,-1,2,0,1,1,1,0,1,50,2,2,1,0,0,1,21.0,40.0,voiture,deux_roues,5,2,1,1,3
201900028910,2019-03-08 19:45:00,2019,3,8,19,45,13,13212,TROIS LUCS (PLACE),43.31211,5.46485,Crépuscule ou aube,En agglomération,Hors intersection,Normale,Autre collision,4,2,2,0,1,1,1,0,1,50,1,2,1,0,0,1,42.0,,voiture,,2,2,1,1,6
201900028911,2019-03-07 20:00:00,2019,3,7,20,0,13,13206,ARMENY (RUE D'),43.29,5.38,Nuit avec éclairage allumé,En agglomération,Hors intersection,Normale,Deux véhicules - côté,4,1,2,0,1,1,1,0,1,50,2,3,1,0,0,2,35.0,19.0,voiture,deux_roues,5,2,1,1,3
201900028912,2019-03-08 19:30:00,2019,3,8,19,30,13,13201,LIEUTAUD (COURS)      2 A 52,43.29516,5.38186,Nuit avec éclairage allumé,En agglomération,Hors intersection,Normale,Deux véhicules - côté,4,2,4,0,2,1,1,0,1,50,2,2,1,0,0,1,34.0,37.0,voiture,deux_roues,5,2,1,1,3
201900028913,2019-03-08 17:00:00,2019,3,8,17,0,13,13002,ETIENNE CUCCA-CD908 (AVENUE),43.36609,5.50305,Plein jour,Hors agglomération,Hors intersection,Normale,Deux véhicules - côté,3,2,2,0,2,2,1,0,1,70,2,2,1,0,0,1,25.0,22.0,deux_roues,utilitaire_camion,1,1,1,1,3
201900028914,2019-03-08 13:40:00,2019,3,8,13,40,13,13203,JUNOT (IMPASSE),43.3178,5.37435,Plein jour,En agglomération,Intersection en X,Normale,Deux véhicules - côté,4,1,2,0,1,1,1,0,1,50,2,2,1,0,0,1,30.0,32.0,voiture,deux_roues,1,2,2,1,3
201900028915,2019-03-08 11:30:00,2019,3,8,11,30,13,13213,JEAN PAUL SARTRE (AVENUE),43.32912,5.43088,Plein jour,En agglomération,Intersection en T,Normale,Deux véhicules - côté,4,2,2,0,1,1,1,0,1,50,2,2,1,0,0,1,36.0,39.0,voiture,deux_roues,1,2,3,1,3
201900028916,2019-03-07 20:39:00,2019,3,7,20,39,13,13206,LODI (RUE DE),43.28935,5.38721,Nuit avec éclairage allumé,En agglomération,Intersection en X,Normale,Deux véhicules - côté,4,2,2,0,1,1,1,0,1,50,2,2,1,0,1,0,45.0,34.0,voiture,deux_roues,5,2,2,1,3
201900028917,2019-03-07 18:15:00,2019,3,7,18,15,13,13212,PIERRE CHEVALIER (avenue),43.29478,5.42159,Crépuscule ou aube,En agglomération,Hors intersection,Normale,Deux véhicules - arrière,4,3,0,0,1,1,1,0,1,50,2,3,1,0,0,2,19.0,15.0,voiture,voiture,2,2,1,1,2
201900028918,2019-03-07 18:40:00,2019,3,7,18,40,13,13215,LYON (RUE DE),43.32494,5.36705,Nuit avec éclairage allumé,En agglomération,Hors intersection,Normale,Autre collision,4,2,2,0,1,1,1,0,1,50,1,1,0,0,0,1,,,,,5,2,1,1,6
201900028919,2019-03-07 16:00:00,2019,3,7,16,0,13,13216,ESTAQUE PLAGE,43.3603753,5.2985268,Plein jour,En agglomération,Hors intersection,Autre,Autre collision,3,2,2,0,1,1,2,0,1,50,1,2,1,0,0,1,49.0,,utilitaire_camion,,1,2,1,9,6
201900028920,2019-03-07 15:40:00,2019,3,7,15,40,13,13209,MAZARGUES (AVENUE DE),43.24829,5.39882,Plein jour,En agglomération,Hors intersection,Normale,Deux véhicules - côté,7,2,2,0,1,1,1,0,1,50,2,2,1,0,0,1,20.0,57.0,voiture,deux_roues,1,2,1,1,3
201900028921,2019-03-07 11:05:00,2019,3,7,11,5,13,13211,RTE D' ALLAUCH,43.30203,5.50111,Plein jour,En agglomération,Intersection en T,Normale,Deux véhicules - côté,3,2,2,0,1,1,1,0,1,50,2,2,0,0,1,1,68.0,85.0,voiture,voiture,1,2,3,1,3
201900028922,2019-03-06 13:30:00,2019,3,6,13,30,13,13213,OUI (RUE DES),43.324962,5.425385,Plein jour,En agglomération,Hors intersection,Temps couvert,Deux véhicules - côté,9,2,2,0,3,2,1,0,1,50,2,4,3,0,0,1,45.0,56.0,voiture,voiture,1,2,1,8,3
201900028923,2019-03-06 12:50:00,2019,3,6,12,50,13,13002,CAMOINS (RUE DES),43.32976,5.45871,Plein jour,En agglomération,Hors intersection,Normale,Deux véhicules - frontale,4,1,1,0,1,4,1,0,1,50,2,1,0,0,0,1,50.0,,deux_roues,,1,2,1,1,1
201900028924,2019-03-05 17:30:00,2019,3,5,17,30,13,13208,MAZARGUES (AVENUE DE),43.2501,5.3959,Plein jour,En agglomération,Intersection en T,Temps éblouissant,Autre collision,4,2,3,0,1,1,1,0,1,50,1,2,1,0,0,1,30.0,,voiture,,1,2,3,7,6
201900028925,2019-03-06 02:15:00,2019,3,6,2,15,13,13207,ROCHES (AVENUE DES),43.28869,5.36675,Nuit avec éclairage allumé,En agglomération,Hors intersection,Normale,Autre collision,4,2,2,0,2,2,1,0,1,50,1,1,0,0,1,0,36.0,,deux_roues,,5,2,1,1,6
201900028926,2019-03-06 02:36:00,2019,3,6,2,36,13,13209,LUMINY (AVENUE DE),43.24633,5.43583,Nuit sans éclairage public,En agglomération,Hors intersection,Normale,Sans collision,4,2,3,0,1,1,1,9,1,50,1,2,0,0,0,2,,,,,3,2,1,1,7
201900028927,2019-03-05 19:05:00,2019,3,5,19,5,13,13211,SAINT MARCEL (BOULEVARD DE ),43.288139,5.460667,Crépuscule ou aube,En agglomération,Hors intersection,Normale,Autre collision,4,2,2,0,1,1,1,0,1,50,1,2,1,0,0,1,57.0,,voiture,,2,2,1,1,6
201900028928,2019-03-05 14:15:00,2019,3,5,14,15,13,13211,JEAN TCHORLOU (rd pt),43.29527,5.48141,Plein jour,En agglomération,Giratoire,Normale,Deux véhicules - arrière,4,-1,2,0,1,2,1,0,1,50,2,2,1,0,0,1,47.0,28.0,utilitaire_camion,voiture,1,2,6,1,2
201900028929,2019-03-05 16:45:00,2019,3,5,16,45,13,13211,ARNOULD (RUE),43.3,5.52,Plein jour,En agglomération,Intersection en T,Normale,Deux véhicules - côté,4,-1,2,0,1,1,1,0,1,50,2,3,1,0,0,2,20.0,47.0,deux_roues,voiture,1,2,3,1,3
201900028930,2019-03-05 10:30:00,2019,3,5,10,30,13,13002,CANTON VERT (AVENUE DU),43.3413,5.4713,Plein jour,En agglomération,Hors intersection,Normale,Deux véhicules - arrière,4,2,2,0,2,1,1,0,1,50,2,2,1,0,0,1,68.0,26.0,utilitaire_camion,utilitaire_camion,1,2,1,1,2
201900028931,2019-03-05 00:00:00,2019,3,5,0,0,13,13202,CARGO RHIN FIDELI (RUE),43.3268,5.35962,Nuit sans éclairage public,En agglomération,Hors intersection,Normale,Autre collision,4,-1,1,0,2,1,1,3,1,50,1,2,0,0,0,2,24.0,,voiture,,3,2,1,1,6
201900028932,2019-03-04 18:30:00,2019,3,4,18,30,13,13206,JULES CANTINI (AVENUE),43.28375,5.38787,Crépuscule ou aube,En agglomération,Intersection en T,Normale,Deux véhicules - côté,4,1,3,0,2,3,1,0,1,50,2,1,0,0,0,1,35.0,,deux_roues,,2,2,3,1,3
201900028933,2019-03-04 16:25:00,2019,3,4,16,25,13,13208,ANDRE ZENATTI (AVENUE),43.2463,5.3876,Plein jour,En agglomération,Hors intersection,Normale,Deux véhicules - côté,4,2,4,0,1,1,1,0,1,50,2,2,1,0,0,1,30.0,25.0,voiture,deux_roues,1,2,1,1,3
201900028934,2019-03-08 21:00:00,2019,3,8,21,0,13,13047,RN 569,43.5587,4.9659,Nuit sans éclairage public,Hors agglomération,Hors intersection,Normale,Deux véhicules - côté,2,2,2,0,1,1,1,9,1,80,2,4,1,1,2,0,33.0,36.0,voiture,deux_roues,3,1,1,1,3
201900028935,2019-03-06 13:35:00,2019,3,6,13,35,13,13047,D.5,43.46706,5.00175,Plein jour,Hors agglomération,Hors intersection,Normale,Autre collision,3,3,4,0,1,2,1,0,1,90,1,2,0,0,0,2,46.0,,voiture,,1,1,1,1,6
201900028936,2019-03-08 18:00:00,2019,3,8,18,0,13,13028,ROVARCH (AVENUE PIERRE),43.19248,5.61268,Plein jour,En agglomération,Hors intersection,Normale,Deux véhicules - côté,3,3,2,1,1,1,1,0,2,50,2,3,1,0,2,0,60.0,16.0,voiture,deux_roues,1,2,1,1,3
201900028937,2019-03-03 11:55:00,2019,3,3,11,55,13,13005,RN 8,43.28466,5.54855,Plein jour,En agglomération,Hors intersection,Normale,Deux véhicules - frontale,3,2,2,0,1,1,1,0,1,50,2,2,0,0,0,2,20.0,,deux_roues,,1,2,1,1,1
201900028938,2019-03-08 12:00:00,2019,3,8,12,0,13,13001,RD 7,43.588,5.366,Plein jour,Hors agglomération,Hors intersection,Normale,Sans collision,3,2,0,0,1,1,1,0,1,70,1,1,0,0,1,0,60.0,,voiture,,1,1,1,1,7
201900028939,2019-03-06 12:30:00,2019,3,6,12,30,12,12145,AIGOUAL (AVENUE DE L'),44.10105,3.09929,Plein jour,En agglomération,Hors intersection,Temps couvert,Autre collision,3,2,2,0,1,1,1,0,1,50,1,2,1,0,0,1,29.0,,voiture,,1,2,1,8,6
201900028940,2019-03-07 10:25:00,2019,3,7,10,25,11,11069,BUNAU VARILLA -AV-,43.2107,2.34089,Plein jour,En agglomération,Hors intersection,Normale,Sans collision,4,2,2,0,1,1,1,0,1,50,1,2,1,0,0,1,71.0,,voiture,,1,2,1,1,7
201900028941,2019-03-02 02:00:00,2019,3,2,2,0,11,11069,LIMOUX -ROUTE DE-,43.18357,2.30692,Nuit avec éclairage allumé,Hors agglomération,Hors intersection,Normale,Autre collision,3,2,2,0,1,1,1,0,1,70,1,3,2,0,0,1,20.0,,voiture,,5,1,1,1,6
201900028942,2019-03-01 14:15:00,2019,3,1,14,15,11,11069,LIMOUX -ROUTE DE - JUSQU'A LA ROCADE,43.18357,2.30689,Plein jour,Hors agglomération,Hors intersection,Normale,Trois véhicules et plus - en chaîne,3,2,2,0,1,1,1,0,1,70,3,3,1,0,0,2,23.0,77.0,voiture,voiture,1,1,1,1,4
201900028943,2019-03-09 08:24:00,2019,3,9,8,24,10,10387,PASTEUR (RUE),48.3012,4.0642,Plein jour,En agglomération,Intersection en X,Temps couvert,Deux véhicules - côté,4,2,2,0,1,1,1,0,1,50,2,2,1,0,0,1,27.0,60.0,voiture,voiture,1,2,2,8,3
201900028944,2019-03-08 14:53:00,2019,3,8,14,53,10,10362,RD 660,48.29634,4.00596,Plein jour,Hors agglomération,Autre intersection,Normale,Deux véhicules - côté,3,1,1,0,1,2,1,0,1,50,2,2,1,0,0,1,65.0,51.0,voiture,deux_roues,1,1,9,1,3
201900028945,2019-03-06 17:25:00,2019,3,6,17,25,8,08105,BRIAND A. COURS,49.76886,4.719252,Plein jour,En agglomération,Hors intersection,Pluie légère,Autre collision,4,2,3,0,2,1,2,0,1,50,1,2,1,0,0,1,43.0,,voiture,,1,2,1,2,6
201900028946,2019-03-08 12:15:00,2019,3,8,12,15,6,06088,ISNARD (AV. ADOLPHE),43.694119,7.243772,Plein jour,En agglomération,Hors intersection,Normale,Autre collision,4,2,2,3,1,1,1,9,2,50,1,2,1,0,0,1,49.0,,voiture,,1,2,1,1,6
201900028947,2019-03-07 09:45:00,2019,3,7,9,45,6,06088,CLEMENCEAU (AV. GEORGES),43.70181,7.26084,Plein jour,En agglomération,Intersection en X,Normale,Autre collision,4,1,1,0,1,1,1,0,1,50,1,2,1,0,1,0,65.0,,deux_roues,,1,2,2,1,6
201900028948,2019-03-05 10:45:00,2019,3,5,10,45,6,06088,BARLA (RUE),43.7026648,7.2803013,Plein jour,En agglomération,Autre intersection,Normale,Autre collision,4,2,0,0,1,1,1,6,1,50,1,2,1,1,0,0,57.0,,voiture,,1,2,9,1,6
201900028949,2019-03-04 06:50:00,2019,3,4,6,50,6,06088,LYAUTEY (AV. DU MAL),43.711457,7.282884,Crépuscule ou aube,En agglomération,Autre intersection,Normale,Deux véhicules - arrière,4,1,0,0,1,1,1,9,1,50,2,2,1,0,1,0,51.0,21.0,voiture,deux_roues,2,2,9,1,2
201900028950,2019-03-05 12:20:00,2019,3,5,12,20,6,06088,GAMBETTA (A PARTIR DU N° 63-74),43.702866,7.256157,Plein jour,En agglomération,Intersection en X,Normale,Deux véhicules - frontale,4,2,4,1,1,1,1,0,1,50,2,2,1,0,1,0,35.0,18.0,voiture,deux_roues,1,2,2,1,1
201900028951,2019-03-08 21:20:00,2019,3,8,21,20,6,06083,CASTELLAR (ROUTE DE),43.78336,7.50437,Nuit avec éclairage allumé,En agglomération,Hors intersection,Normale,Sans collision,3,2,2,0,2,2,1,0,1,50,1,1,0,0,0,1,33.0,,deux_roues,,5,2,1,1,7
201900028952,2019-03-08 15:38:00,2019,3,8,15,38,6,06104,AZUR (AVENUE DE LA COTE D'),43.76184,7.45715,Plein jour,En agglomération,Hors intersection,Normale,Deux véhicules - frontale,3,2,2,0,1,3,1,0,1,50,2,2,0,0,1,1,61.0,18.0,deux_roues,deux_roues,1,2,1,1,1
201900028953,2019-03-07 18:00:00,2019,3,7,18,0,6,06069,BAUDOIN (AVENUE YVES EMMAUEL)  -D2085-,43.66016,6.92192,Crépuscule ou aube,En agglomération,Hors intersection,Normale,Autre collision,3,2,2,0,4,1,1,0,2,50,1,2,1,0,1,0,48.0,,voiture,,2,2,1,1,6
201900028954,2019-03-07 12:00:00,2019,3,7,12,0,6,06069,SEMARD (AVENUE PIERRE),43.65497,6.92733,Plein jour,En agglomération,Intersection en X,Normale,Trois véhicules et plus - en chaîne,3,2,2,0,2,1,1,0,2,50,3,3,2,0,0,1,63.0,62.0,voiture,deux_roues,1,2,2,1,4
201900028955,2019-03-07 09:05:00,2019,3,7,9,5,6,06069,MARIGARDE (ROUTE DE LA),43.65,6.94,Plein jour,En agglomération,Hors intersection,Normale,Trois véhicules et plus - en chaîne,4,2,2,0,1,1,1,5,1,50,3,3,2,0,0,1,30.0,45.0,voiture,voiture,1,2,1,1,4
201900028956,2019-03-07 16:40:00,2019,3,7,16,40,6,06029,BROUSSAILLES (AVENUE DES),43.5652,7.0065,Plein jour,En agglomération,Intersection en T,Normale,Deux véhicules - côté,4,2,2,0,1,1,1,0,1,50,2,2,1,0,0,1,22.0,24.0,deux_roues,voiture,1,2,3,1,3
201900028957,2019-03-06 20:30:00,2019,3,6,20,30,6,06027,NICE AVENUE DE (RN7),43.65623,7.15496,Nuit avec éclairage allumé,En agglomération,Autre intersection,Normale,Deux véhicules - frontale,7,2,2,0,1,2,1,0,1,50,2,2,1,0,0,1,26.0,50.0,voiture,deux_roues,5,2,9,1,1
201900028958,2019-03-06 16:00:00,2019,3,6,16,0,6,06027,JAURES AVENUE JEAN,43.65881,7.16961,Plein jour,En agglomération,Intersection en T,Normale,Deux véhicules - côté,7,2,4,0,1,1,1,0,1,50,2,2,1,0,0,1,34.0,68.0,deux_roues,voiture,1,2,3,1,3
201900028959,2019-03-06 12:48:00,2019,3,6,12,48,6,06027,VAL EN SOL AVENUE DE,43.66207,7.1684,Plein jour,En agglomération,Intersection en X,Normale,Deux véhicules - côté,4,2,2,0,1,1,1,0,1,30,2,3,2,0,0,1,36.0,34.0,voiture,voiture,1,2,2,1,3