accident_id,datetime,annee,mois,jour,heure,minute,departement,commune_insee,adresse,latitude,longitude,luminosite,agglomeration,intersection,meteo,collision,catr,circ,nbv,vosp,prof,plan,surf,infra,situ,vma,nb_vehicules,nb_usagers,nb_indemnes,nb_tues,nb_blesses_hosp,nb_blesses_legers,age_cond_1,age_cond_2,veh_type_cond_1,veh_type_cond_2,lum_code,agg_code,int_code,atm_code,col_code
201900028960,2019-03-05 09:40:00,2019,3,5,9,40,6,06123,CURIE PIERRE ET MARIE AVENUE,43.68592,7.18751,Plein jour,En agglomération,Hors intersection,Normale,Deux véhicules - frontale,7,2,2,0,1,1,1,0,1,50,2,2,1,0,0,1,59.0,30.0,utilitaire_camion,utilitaire_camion,1,2,1,1,1
201900028961,2019-03-02 20:15:00,2019,3,2,20,15,6,06123,ISCLES CHEMIN DES,43.7146,7.181558,Nuit sans éclairage public,En agglomération,Hors intersection,Normale,Autre collision,4,2,2,0,1,1,1,9,1,50,1,1,0,0,0,1,59.0,,deux_roues,,3,2,1,1,6
201900028962,2019-03-08 16:20:00,2019,3,8,16,20,6,06004,MICHARD PELISSIER AV.JEAN,43.615116,7.108457,Plein jour,Hors agglomération,Giratoire,Normale,Deux véhicules - côté,3,1,1,0,1,2,1,5,1,50,2,2,1,0,1,0,28.0,61.0,utilitaire_camion,deux_roues,1,1,6,1,3
201900028963,2019-03-04 17:20:00,2019,3,4,17,20,5,05061,RN 85,44.50917,6.04566,Plein jour,En agglomération,Giratoire,Normale,Deux véhicules - arrière,2,2,2,0,1,1,1,5,1,50,2,5,4,0,1,0,61.0,33.0,voiture,voiture,1,2,6,1,2
201900028964,2019-03-01 16:55:00,2019,3,1,16,55,5,05061,MARECHAL FOCH ( AVENUE DU ),44.56212,6.08424,Plein jour,En agglomération,Giratoire,Normale,Autre collision,2,2,3,0,1,1,1,0,1,50,2,2,1,0,0,1,42.0,36.0,voiture,deux_roues,1,2,6,1,6
201900028965,2019-03-05 17:10:00,2019,3,5,17,10,1,01283,MICHELET (74 RUE),46.26262,5.64668,Plein jour,En agglomération,Hors intersection,Normale,Autre collision,6,-1,0,0,1,1,1,0,1,50,1,2,1,0,1,0,58.0,,voiture,,1,2,1,1,6
201900028966,2019-03-08 17:50:00,2019,3,8,17,50,1,01053,JUIN (AVENUE MARECHAL COTE PAIR),46.1774,5.2555,Plein jour,Hors agglomération,Hors intersection,Normale,Deux véhicules - arrière,3,2,2,0,1,1,1,0,1,80,2,2,0,0,1,1,45.0,32.0,voiture,voiture,1,1,1,1,2
201900028967,2019-03-07 17:20:00,2019,3,7,17,20,1,01451,STRASBOURG (ROUTE DE),46.2292,5.2572,Crépuscule ou aube,Hors agglomération,Giratoire,Normale,Deux véhicules - côté,3,2,2,2,1,1,1,0,1,80,2,2,1,0,0,1,73.0,56.0,voiture,voiture,2,1,6,1,3
201900028968,2019-03-07 11:40:00,2019,3,7,11,40,1,01053,KENNEDY BVD J  - IMPAIR DE EUROPE A DIME,46.2074,5.23795,Plein jour,En agglomération,Hors intersection,Normale,Autre collision,3,2,4,0,1,1,1,0,1,50,1,2,1,1,0,0,66.0,,voiture,,1,2,1,1,6
201900028969,2019-03-09 15:30:00,2019,3,9,15,30,75,75112,PORTE DE VINCENNES,48.844941,2.414035,Plein jour,En agglomération,Hors intersection,Normale,Deux véhicules - arrière,4,1,4,0,1,1,1,0,1,70,2,2,1,0,0,1,20.0,57.0,voiture,deux_roues,1,2,1,1,2
201900028970,2019-03-08 08:45:00,2019,3,8,8,45,75,75113,PORTE D ITALIE,48.8177568,2.3502885,Plein jour,En agglomération,Hors intersection,Normale,Sans collision,4,1,3,0,1,1,1,0,1,70,1,1,0,0,0,1,30.0,,deux_roues,,1,2,1,1,7
201900028971,2019-03-06 17:15:00,2019,3,6,17,15,75,75120,PORTE DES LILAS,48.874745,2.410543,Plein jour,En agglomération,Hors intersection,Pluie légère,Deux véhicules - arrière,4,1,4,0,1,1,2,0,1,70,2,2,1,0,0,1,25.0,24.0,utilitaire_camion,voiture,1,2,1,2,2
201900028972,2019-03-04 17:20:00,2019,3,4,17,20,75,75116,BOULEVARD PERIPHERIQUE,48.872794,2.274637,Plein jour,En agglomération,Hors intersection,Normale,Deux véhicules - côté,4,1,4,0,1,1,1,0,1,70,2,2,1,0,0,1,21.0,55.0,voiture,deux_roues,1,2,1,1,3
201900028973,2019-02-28 13:50:00,2019,2,28,13,50,75,75118,PORTE DE CLIGNANCOURT,48.900984,2.348038,Plein jour,En agglomération,Hors intersection,Normale,Deux véhicules - arrière,4,1,4,0,1,1,1,0,1,70,2,2,0,0,0,2,38.0,42.0,voiture,voiture,1,2,1,1,2
201900028974,2019-03-09 14:45:00,2019,3,9,14,45,75,75112,RUE TAINE,48.83857,2.393169,Plein jour,En agglomération,Intersection en T,Normale,Deux véhicules - côté,4,2,3,0,2,1,1,9,1,50,2,3,2,0,1,0,53.0,50.0,voiture,deux_roues,1,2,3,1,3
201900028975,2019-03-09 01:45:00,2019,3,9,1,45,75,75116,ROUTE DE LA MUETTE A NEUILLY,48.86451,2.266509,Nuit avec éclairage allumé,En agglomération,Intersection en X,Pluie forte,Autre collision,4,1,1,0,1,1,2,0,1,50,1,3,2,0,1,0,57.0,,voiture,,5,2,2,3,6
201900028976,2019-03-08 09:18:00,2019,3,8,9,18,75,75112,AVENUE DES TERROIRS DE FRANCE,48.83296,2.390082,Plein jour,En agglomération,Intersection en T,Normale,Autre collision,4,2,1,0,1,1,1,0,1,50,1,2,1,0,1,0,26.0,,utilitaire_camion,,1,2,3,1,6
201900028977,2019-03-07 13:30:00,2019,3,7,13,30,75,75105,BOULEVARD SAINT MICHEL,48.843359,2.338662,Plein jour,En agglomération,Intersection en T,Pluie légère,Autre collision,4,2,4,0,1,1,2,0,1,50,1,2,1,0,0,1,51.0,,voiture,,1,2,3,2,6
201900028978,2019-03-07 08:54:00,2019,3,7,8,54,75,75115,BOULEVARD DU MONTPARNASSE,48.844725,2.321278,Plein jour,En agglomération,Intersection en T,Temps éblouissant,Deux véhicules - côté,4,2,6,0,1,1,1,0,1,50,2,2,1,0,1,0,59.0,42.0,utilitaire_camion,deux_roues,1,2,3,7,3
201900028979,2019-03-01 15:50:00,2019,3,1,15,50,75,75119,BOULEVARD PERIPHERIQUE,48.880637,2.404913,Plein jour,En agglomération,Hors intersection,Normale,Deux véhicules - arrière,4,1,4,0,1,1,1,0,1,70,2,9,8,0,0,1,31.0,55.0,utilitaire_camion,voiture,1,2,1,1,2
201900028980,2019-03-09 14:32:00,2019,3,9,14,32,75,75105,RUE GEOFFROY SAINT HILAIRE,48.841583,2.355825,Plein jour,En agglomération,Intersection en T,Normale,Autre collision,4,2,2,0,2,1,1,0,1,50,1,2,1,0,0,1,54.0,,voiture,,1,2,3,1,6
201900028981,2019-03-08 15:00:00,2019,3,8,15,0,75,75105,RUE SAINT JACQUES,48.841909,2.341274,Plein jour,En agglomération,Hors intersection,Normale,Deux véhicules - côté,4,1,2,0,1,1,1,0,1,30,2,2,1,0,0,1,24.0,28.0,utilitaire_camion,deux_roues,1,2,1,1,3
201900028982,2019-03-08 10:30:00,2019,3,8,10,30,75,75106,RUE DE SEVRES,48.851404,2.32687,Plein jour,En agglomération,Intersection en X,Normale,Deux véhicules - côté,4,2,4,0,1,1,1,0,1,50,2,2,1,0,0,1,60.0,34.0,voiture,deux_roues,1,2,2,1,3
201900028983,2019-03-07 00:15:00,2019,3,7,0,15,75,75106,QUAI DE CONTI,48.857695,2.337168,Nuit sans éclairage public,En agglomération,Intersection en T,Pluie forte,Autre collision,4,1,4,3,1,1,2,0,6,50,1,2,1,0,0,1,32.0,,deux_roues,,3,2,3,3,6
201900028984,2019-03-05 16:15:00,2019,3,5,16,15,75,75105,RUE SOUFFLOT,48.847339,2.340841,Plein jour,En agglomération,Intersection en X,Temps couvert,Autre collision,4,2,2,0,1,1,1,0,1,50,1,2,0,0,0,2,32.0,,transport_commun,,1,2,2,8,6
201900028985,2019-03-09 19:00:00,2019,3,9,19,0,75,75120,BOULEVARD DAVOUT,48.858041,2.409896,Nuit avec éclairage allumé,En agglomération,Hors intersection,Normale,Sans collision,4,2,2,1,2,1,1,0,1,50,1,1,0,0,0,1,31.0,,deux_roues,,5,2,1,1,7
201900028986,2019-03-07 21:05:00,2019,3,7,21,5,75,75120,RUE DE MENILMONTANT,48.868666,2.389656,Nuit avec éclairage allumé,En agglomération,Intersection en T,Normale,Autre collision,4,2,2,0,1,1,1,0,1,50,1,2,0,0,0,2,30.0,,deux_roues,,5,2,3,1,6
201900028987,2019-03-06 17:35:00,2019,3,6,17,35,75,75120,RUE BELGRAND,48.864716,2.403309,Crépuscule ou aube,En agglomération,Hors intersection,Pluie légère,Autre collision,4,2,2,0,1,1,2,0,1,50,1,2,0,0,0,2,57.0,,deux_roues,,2,2,1,2,6
201900028988,2019-03-05 10:25:00,2019,3,5,10,25,75,75120,RUE DES PYRENEES,48.864345,2.398919,Plein jour,En agglomération,Hors intersection,Normale,Autre collision,4,2,2,0,2,1,1,0,1,50,1,2,1,0,0,1,70.0,,deux_roues,,1,2,1,1,6
201900028989,2019-03-09 18:20:00,2019,3,9,18,20,75,75119,RUE DE MOUZAIA,48.880146,2.391975,Plein jour,En agglomération,Intersection en X,Normale,Deux véhicules - arrière,4,2,2,0,2,1,1,0,1,30,2,3,2,0,0,1,60.0,41.0,voiture,deux_roues,1,2,2,1,2
201900028990,2019-03-08 10:35:00,2019,3,8,10,35,75,75119,BOULEVARD DE LA VILLETTE,48.875163,2.373593,Plein jour,En agglomération,Intersection en Y,Normale,Deux véhicules - côté,4,1,2,1,1,1,1,0,1,50,2,3,1,0,0,2,49.0,27.0,deux_roues,utilitaire_camion,1,2,4,1,3
201900028991,2019-03-07 09:40:00,2019,3,7,9,40,75,75119,AVENUE DE LA PORTE D AUBERVILLIERS,48.899593,2.371126,Plein jour,En agglomération,Hors intersection,Normale,Deux véhicules - côté,4,3,2,0,1,3,1,0,1,50,2,3,2,0,0,1,26.0,27.0,deux_roues,voiture,1,2,1,1,3
201900028992,2019-03-04 09:50:00,2019,3,4,9,50,75,75119,PLACE DE LA PORTE DE PANTIN,48.88964,2.395741,Plein jour,En agglomération,Place,Pluie légère,Sans collision,4,1,3,0,1,1,2,0,1,50,1,2,1,0,0,1,27.0,,deux_roues,,1,2,7,2,7
201900028993,2019-03-06 13:20:00,2019,3,6,13,20,75,75118,RUE MARX DORMOY,48.889056,2.359898,Plein jour,En agglomération,Intersection en T,Pluie légère,Deux véhicules - arrière,4,2,4,0,1,1,2,0,1,50,2,2,1,0,0,1,17.0,42.0,deux_roues,utilitaire_camion,1,2,3,2,2
201900028994,2019-05-15 07:45:00,2019,5,15,7,45,49,49007,INKERMANN,47.4656,-0.54261,Plein jour,En agglomération,Hors intersection,Normale,Autre collision,4,2,2,0,1,1,1,0,1,50,1,2,1,0,0,1,21.0,,deux_roues,,1,2,1,1,6
201900028995,2019-05-14 13:12:00,2019,5,14,13,12,49,49007,A87N,47.44416,-0.53469,Plein jour,En agglomération,Hors intersection,Normale,Sans collision,4,1,2,0,1,1,1,0,1,90,1,1,0,0,0,1,19.0,,voiture,,1,2,1,1,7
201900028996,2019-05-14 07:40:00,2019,5,14,7,40,49,49007,GEOFFRAY,47.45838,-0.54504,Plein jour,En agglomération,Hors intersection,Normale,Deux véhicules - arrière,4,2,2,0,1,1,1,0,1,60,2,2,1,0,0,1,37.0,84.0,deux_roues,voiture,1,2,1,1,2
201900028997,2019-05-13 18:38:00,2019,5,13,18,38,49,49007,MOULIN BOULEVARD,47.49237,-0.55276,Plein jour,En agglomération,Hors intersection,Normale,Deux véhicules - côté,4,2,2,0,1,1,1,0,1,50,2,2,1,0,0,1,57.0,57.0,deux_roues,voiture,1,2,1,1,3
201900028998,2019-05-13 23:29:00,2019,5,13,23,29,49,49007,BLANDIN,47.47857,-0.59436,Nuit avec éclairage allumé,En agglomération,Hors intersection,Normale,Autre collision,4,-1,1,0,1,1,1,0,1,30,1,1,0,1,0,0,28.0,,deux_roues,,5,2,1,1,6
201900028999,2019-05-13 09:00:00,2019,5,13,9,0,49,49246,A87N,47.4412303,-0.5119425,Plein jour,En agglomération,Hors intersection,Normale,Deux véhicules - arrière,1,2,4,0,1,1,1,0,1,90,2,1,0,0,0,1,37.0,,voiture,,1,2,1,1,2
201900029000,2019-05-12 15:36:00,2019,5,12,15,36,49,49007,LETANDUERE,47.45463,-0.55363,Plein jour,En agglomération,Hors intersection,Normale,Sans collision,4,2,2,0,1,1,1,9,1,30,1,1,0,0,0,1,27.0,,deux_roues,,1,2,1,1,7
201900029001,2019-05-12 05:55:00,2019,5,12,5,55,49,49007,MONTAIGNE AVENUE,47.4663,-0.5251,Crépuscule ou aube,En agglomération,Hors intersection,Normale,Sans collision,4,2,4,0,1,1,1,0,1,50,1,2,1,0,0,1,21.0,,voiture,,2,2,1,1,7
201900029002,2019-05-09 08:15:00,2019,5,9,8,15,49,49007,FOCH BOULEVARD,47.46984,-0.5489,Plein jour,En agglomération,Hors intersection,Normale,Autre collision,4,-1,1,0,1,1,1,0,1,10,1,1,0,0,0,1,19.0,,deux_roues,,1,2,1,1,6
201900029003,2019-05-07 13:19:00,2019,5,7,13,19,49,49007,LAREVELLIERE,47.47173,-0.53804,Plein jour,En agglomération,Hors intersection,Pluie légère,Deux véhicules - côté,4,-1,1,0,1,1,2,0,1,30,2,2,1,0,0,1,48.0,20.0,voiture,deux_roues,1,2,1,2,3
201900029004,2019-05-06 07:37:00,2019,5,6,7,37,49,49007,STRASBOURG BOULEVARD,47.45566,-0.5504,Plein jour,En agglomération,Hors intersection,Normale,Sans collision,4,2,2,0,1,1,1,0,1,30,1,1,0,0,1,0,41.0,,deux_roues,,1,2,1,1,7
201900029005,2019-05-03 17:32:00,2019,5,3,17,32,49,49353,VALONGO,47.44725,-0.46884,Plein jour,En agglomération,Hors intersection,Normale,Sans collision,4,2,2,0,1,1,1,0,1,50,1,1,0,0,0,1,17.0,,deux_roues,,1,2,1,1,7
201900029006,2019-04-30 13:45:00,2019,4,30,13,45,49,49246,GAULLE RUE CHARLES DE,47.42555,-0.52563,Plein jour,En agglomération,Hors intersection,Normale,Deux véhicules - arrière,4,2,2,0,1,1,1,0,1,50,2,2,1,0,0,1,48.0,71.0,voiture,voiture,1,2,1,1,2
201900029007,2019-04-29 22:10:00,2019,4,29,22,10,49,49353,PASTEUR,47.44546,-0.4696,Nuit sans éclairage public,En agglomération,Hors intersection,Normale,Sans collision,4,2,2,0,1,1,1,0,1,50,1,1,0,0,0,1,23.0,,deux_roues,,3,2,1,1,7
201900029008,2019-04-29 15:49:00,2019,4,29,15,49,49,49007,MOULIN BOULEVARD,47.48855,-0.54559,Plein jour,En agglomération,Hors intersection,Normale,Deux véhicules - arrière,4,2,2,0,1,1,1,0,1,50,2,2,1,0,0,1,22.0,30.0,voiture,voiture,1,2,1,1,2
201900029009,2019-04-28 14:26:00,2019,4,28,14,26,49,49353,GARE,47.44905,-0.4648,Plein jour,En agglomération,Hors intersection,Temps couvert,Autre collision,4,2,2,0,1,1,1,0,1,50,1,1,0,0,0,1,59.0,,voiture,,1,2,1,8,6
201900029010,2019-04-26 07:20:00,2019,4,26,7,20,49,49007,COTE DE BELLEVUE,47.46078,-0.59685,Crépuscule ou aube,En agglomération,Hors intersection,Pluie légère,Autre collision,4,2,2,0,1,1,2,0,1,50,1,1,0,0,0,1,35.0,,deux_roues,,2,2,1,2,6
201900029011,2019-04-26 15:47:00,2019,4,26,15,47,49,49007,BLANCHOIN BOULEVARD,47.44526,-0.54669,Plein jour,En agglomération,Hors intersection,Normale,Autre collision,4,2,2,0,1,1,1,0,1,50,1,1,0,0,0,1,18.0,,voiture,,1,2,1,1,6
201900029012,2019-04-27 05:49:00,2019,4,27,5,49,49,49267,A87N,47.465357,-0.516766,Nuit sans éclairage public,En agglomération,Hors intersection,Pluie légère,Autre collision,1,3,4,0,1,1,2,0,1,130,1,2,0,0,0,2,22.0,,voiture,,3,2,1,2,6
201900029013,2019-04-27 04:23:00,2019,4,27,4,23,49,49007,CHALOUERE,47.48112,-0.53683,Nuit sans éclairage public,En agglomération,Hors intersection,Pluie légère,Autre collision,4,2,2,0,1,1,2,0,1,50,1,1,0,0,0,1,23.0,,voiture,,3,2,1,2,6
201900029014,2019-04-26 19:23:00,2019,4,26,19,23,49,49007,QUINCONCE,47.46994,-0.54626,Plein jour,En agglomération,Hors intersection,Normale,Autre collision,4,2,2,0,1,1,1,0,1,50,1,1,0,0,0,1,34.0,,voiture,,1,2,1,1,6
201900029015,2019-04-29 16:05:00,2019,4,29,16,5,47,47001,GAMBETTA (COURS),44.20218,0.6119,Plein jour,En agglomération,Hors intersection,Normale,Autre collision,3,2,4,0,1,1,1,0,1,50,1,2,1,0,0,1,37.0,,voiture,,1,2,1,1,6
201900029016,2019-05-26 12:00:00,2019,5,26,12,0,45,45302,R NATIONALE - R DES FRERES LUMIERES,47.9641,1.88847,Plein jour,En agglomération,Intersection en T,Normale,Deux véhicules - arrière,3,2,5,0,1,1,1,5,1,70,2,2,1,0,0,1,36.0,88.0,deux_roues,voiture,1,2,3,1,2
201900029017,2019-05-26 11:25:00,2019,5,26,11,25,45,45147,BD DE LAMBALLE - R DESCARTES,47.92735,1.91995,Plein jour,Hors agglomération,Intersection en T,Normale,Deux véhicules - frontale,4,3,2,1,1,1,1,0,1,50,2,2,1,0,0,1,36.0,89.0,voiture,deux_roues,1,1,3,1,1
201900029018,2019-05-25 21:40:00,2019,5,25,21,40,45,45298,RUE DES HAUTES LEVEES,47.89285,1.87794,Nuit avec éclairage allumé,En agglomération,Hors intersection,Pluie légère,Autre collision,4,2,2,0,1,1,2,0,1,50,1,1,0,0,0,1,47.0,,voiture,,5,2,1,2,6
201900029019,2019-05-25 11:40:00,2019,5,25,11,40,45,45302,GIRATOIRE R DU BOURG,47.95114,1.88075,Plein jour,En agglomération,Giratoire,Normale,Autre collision,4,2,2,0,1,1,1,0,1,50,1,3,2,0,0,1,77.0,,voiture,,1,2,6,1,6
201900029020,2019-05-23 09:30:00,2019,5,23,9,30,45,45234,RUE DE PATAY,47.908564,1.898554,Plein jour,En agglomération,Hors intersection,Normale,Sans collision,4,1,1,0,1,1,1,0,1,30,1,1,0,0,0,1,23.0,,deux_roues,,1,2,1,1,7
201900029021,2019-05-23 08:10:00,2019,5,23,8,10,45,45285,AV GEORGES CLEMENCEAU,47.89742,1.86791,Plein jour,En agglomération,Hors intersection,Normale,Deux véhicules - arrière,3,2,2,1,1,1,1,0,1,50,2,2,1,0,0,1,20.0,39.0,deux_roues,voiture,1,2,1,1,2
201900029022,2019-05-22 17:10:00,2019,5,22,17,10,45,45274,775 ROUTE DE SANDILLON,47.87528,1.94356,Plein jour,En agglomération,Hors intersection,Normale,Autre collision,4,2,2,0,1,1,1,0,1,10,1,2,1,0,0,1,83.0,,voiture,,1,2,1,1,6
201900029023,2019-05-22 13:35:00,2019,5,22,13,35,45,45285,268 RUE CHARLES BEAUHAIRE,47.9184,1.85929,Plein jour,En agglomération,Hors intersection,Normale,Sans collision,4,2,2,0,1,1,1,0,1,50,1,1,0,0,0,1,22.0,,deux_roues,,1,2,1,1,7
201900029024,2019-05-20 14:01:00,2019,5,20,14,1,45,45285,77 RUE DE LA BATARDIERE,47.90823,1.86395,Plein jour,Hors agglomération,Hors intersection,Normale,Autre collision,4,2,2,0,1,1,1,0,4,50,1,1,0,0,0,1,72.0,,voiture,,1,1,1,1,6
201900029025,2019-05-20 13:35:00,2019,5,20,13,35,45,45302,ROCADE D952001,47.93836,1.88865,Plein jour,En agglomération,Hors intersection,Temps couvert,Deux véhicules - arrière,3,1,1,0,3,1,1,0,1,50,2,2,1,0,0,1,35.0,71.0,voiture,voiture,1,2,1,8,2
201900029026,2019-05-20 12:50:00,2019,5,20,12,50,45,45234,RUE DE LA BRECHE,47.894231,1.911497,Plein jour,En agglomération,Intersection en X,Normale,Autre collision,4,2,2,0,1,1,1,0,1,50,1,1,0,0,0,1,,,,,1,2,2,1,6
201900029027,2019-05-19 23:00:00,2019,5,19,23,0,45,45234,BD MARIE STUART - FG ST VINCENT,47.9125363,1.9156529,Nuit avec éclairage allumé,En agglomération,Intersection à plus de 4 branches,Normale,Deux véhicules - côté,4,2,4,2,1,1,2,4,1,50,2,3,2,0,0,1,20.0,44.0,voiture,voiture,5,2,5,1,3
201900029028,2019-05-19 03:00:00,2019,5,19,3,0,45,45234,RUE DE MONTARGIS - R DE PITHIVIERS,47.83923,1.93731,Nuit avec éclairage allumé,En agglomération,Intersection en T,Pluie légère,Autre collision,4,1,2,0,1,2,2,0,4,50,1,2,1,0,0,1,18.0,,voiture,,5,2,3,2,6
201900029029,2019-05-16 16:35:00,2019,5,16,16,35,45,45169,AV DE LA GRENAUDIERE,47.91985,1.82998,Plein jour,En agglomération,Hors intersection,Normale,Deux véhicules - côté,4,2,2,0,1,1,1,0,1,50,2,3,1,0,0,2,80.0,20.0,voiture,deux_roues,1,2,1,1,3
201900029030,2019-05-16 12:10:00,2019,5,16,12,10,45,45232,RUE DE LA SOURCE,47.85897,1.91257,Plein jour,En agglomération,Hors intersection,Normale,Deux véhicules - arrière,4,2,2,0,1,1,1,2,1,50,2,2,1,0,1,0,20.0,20.0,deux_roues,voiture,1,2,1,1,2
201900029031,2019-05-15 20:20:00,2019,5,15,20,20,45,45285,R P DOUMER - VENELLE GAMBETTA,47.9068933,1.8816138,Plein jour,En agglomération,Intersection en X,Normale,Deux véhicules - côté,4,1,1,0,1,1,1,0,1,30,2,2,1,0,0,1,12.0,32.0,deux_roues,voiture,1,2,2,1,3
201900029032,2019-05-15 17:20:00,2019,5,15,17,20,45,45234,AV ROGER SECRETAIN,47.89002,1.89532,Plein jour,En agglomération,Hors intersection,Normale,Deux véhicules - arrière,4,3,4,0,1,1,1,0,1,50,2,2,1,0,0,1,20.0,22.0,voiture,voiture,1,2,1,1,2
201900029033,2019-05-14 12:20:00,2019,5,14,12,20,45,45234,AV DU PARC FLORAL - R LEONARD DE VINCI,47.84624,1.94096,Plein jour,En agglomération,Intersection en X,Normale,Deux véhicules - côté,4,2,2,0,1,1,1,0,1,50,2,3,2,0,0,1,21.0,19.0,voiture,voiture,1,2,2,1,3
201900029034,2019-05-15 06:40:00,2019,5,15,6,40,45,45075,ROUTE D'ORLEANS - Rue G BIZET,47.8916925,1.8426896,Crépuscule ou aube,En agglomération,Giratoire,Temps éblouissant,Deux véhicules - côté,4,2,2,1,1,1,1,0,1,50,2,2,1,0,0,1,56.0,61.0,utilitaire_camion,deux_roues,2,2,6,7,3
201900029035,2019-05-13 18:50:00,2019,5,13,18,50,45,45234,RUE DE BOURGOGNE - RUE CHARLES SANGLIER,47.9000297,1.9048619,Plein jour,En agglomération,Intersection en X,Normale,Deux véhicules - côté,4,1,1,0,2,1,1,0,1,30,2,2,1,0,1,0,28.0,50.0,voiture,deux_roues,1,2,2,1,3
201900029036,2019-05-13 18:15:00,2019,5,13,18,15,45,45302,R PASSE DEBOUT - ALLEE DE BEL AIR,47.9378,1.8935,Plein jour,En agglomération,Intersection en T,Normale,Deux véhicules - côté,4,2,2,0,1,1,1,0,1,50,2,2,1,0,1,0,66.0,25.0,voiture,deux_roues,1,2,3,1,3
201900029037,2019-05-13 16:12:00,2019,5,13,16,12,45,45234,RUE ALBERT 1ER,47.90595,1.89951,Plein jour,En agglomération,Hors intersection,Normale,Autre collision,4,2,4,1,1,1,1,0,1,50,1,1,0,0,0,1,,,,,1,2,1,1,6
201900029038,2019-05-13 17:15:00,2019,5,13,17,15,45,45234,R DE L ARGONNE - R DU POIRIER ROND,47.914842,1.921868,Plein jour,En agglomération,Intersection en X,Normale,Deux véhicules - côté,4,2,2,0,1,1,1,0,1,50,2,2,1,0,0,1,24.0,23.0,voiture,deux_roues,1,2,2,1,3
201900029039,2019-05-13 16:45:00,2019,5,13,16,45,45,45075,AVENUE GEORGES POMPIDOU,47.899382,1.855698,Plein jour,En agglomération,Hors intersection,Normale,Deux véhicules - frontale,4,2,2,2,1,1,1,0,5,20,2,2,1,0,0,1,49.0,27.0,deux_roues,deux_roues,1,2,1,1,1
201900029040,2019-05-12 19:00:00,2019,5,12,19,0,45,45286,RUE DU G DE GAULLE - R DU BALLON,47.892789,1.91687,Plein jour,En agglomération,Intersection en T,Normale,Trois véhicules et plus - en chaîne,4,2,2,0,1,1,1,0,1,50,3,3,2,0,0,1,20.0,36.0,voiture,voiture,1,2,3,1,4
201900029041,2019-05-12 17:55:00,2019,5,12,17,55,45,45232,GIRATOIRE RD 8271,47.840489,1.87683,Plein jour,Hors agglomération,Giratoire,Normale,Deux véhicules - côté,3,2,2,0,1,1,1,0,1,70,2,2,1,0,0,1,54.0,26.0,deux_roues,voiture,1,1,6,1,3
201900029042,2019-05-10 19:05:00,2019,5,10,19,5,45,45234,42 R DU FAUBOURG SAINT JEAN,47.9053,1.89224,Plein jour,En agglomération,Hors intersection,Temps couvert,Trois véhicules et plus - collisions multiples,4,2,2,0,1,1,2,0,1,50,3,3,2,1,0,0,24.0,54.0,voiture,deux_roues,1,2,1,8,5
201900029043,2019-05-10 17:05:00,2019,5,10,17,5,45,45234,R DE LA BRETONNERIE - R DES ANGLAISES,47.90355,1.90792,Plein jour,En agglomération,Intersection en X,Pluie légère,Deux véhicules - côté,4,1,1,0,1,1,2,0,1,50,2,2,1,0,0,1,32.0,55.0,deux_roues,voiture,1,2,2,2,3
201900029044,2019-05-10 13:15:00,2019,5,10,13,15,45,45234,RUE DE LA POTERNE,47.89927,1.90938,Plein jour,En agglomération,Hors intersection,Normale,Autre collision,4,1,1,-1,2,1,1,6,1,30,1,2,0,0,1,1,23.0,,deux_roues,,1,2,1,1,6
201900029045,2019-05-08 19:55:00,2019,5,8,19,55,45,45234,R DU POIRIER ROND - BD MARIE STUART,47.9119697,1.9199822,Plein jour,En agglomération,Intersection en X,Pluie légère,Deux véhicules - côté,4,1,1,0,1,1,2,0,1,50,2,3,2,0,0,1,54.0,,voiture,,1,2,2,2,3
201900029046,2019-05-07 19:20:00,2019,5,7,19,20,45,45169,ROUTE NATIONALE,47.93017,1.83716,Plein jour,En agglomération,Hors intersection,Normale,Deux véhicules - arrière,4,2,2,0,1,1,1,0,1,50,2,2,1,0,0,1,45.0,34.0,voiture,voiture,1,2,1,1,2
201900029047,2019-05-07 15:54:00,2019,5,7,15,54,45,45234,RUE DE CHATEAUROUX,47.8474641,1.928641,Plein jour,En agglomération,Intersection en Y,Normale,Deux véhicules - côté,4,2,3,0,1,1,1,0,1,50,2,3,2,0,0,1,66.0,16.0,voiture,deux_roues,1,2,4,1,3
201900029048,2019-05-06 09:30:00,2019,5,6,9,30,45,45234,AV DU PRESIDENT KENNEDY,47.83904,1.93589,Plein jour,En agglomération,Hors intersection,Normale,Autre collision,4,1,2,0,1,1,1,0,1,50,1,2,1,0,1,0,57.0,,voiture,,1,2,1,1,6
201900029049,2019-05-06 09:10:00,2019,5,6,9,10,45,45075,ROUTE D'ORLEANS,47.89291,1.84725,Plein jour,En agglomération,Hors intersection,Normale,Sans collision,2,3,4,0,1,1,1,0,1,50,1,1,0,0,0,1,17.0,,deux_roues,,1,2,1,1,7
201900029050,2019-05-05 07:20:00,2019,5,5,7,20,45,45234,QUAI DU ROI,47.9006651,1.9307153,Plein jour,En agglomération,Hors intersection,Normale,Autre collision,4,2,2,0,1,2,1,0,1,50,1,2,1,0,0,1,35.0,,voiture,,1,2,1,1,6
201900029051,2019-05-04 02:10:00,2019,5,4,2,10,45,45285,TANGENTIELLE D520,47.9192218,1.8732273,Nuit avec éclairage allumé,Hors agglomération,Hors intersection,Temps couvert,Deux véhicules - côté,3,3,4,0,1,1,1,0,1,90,2,1,0,0,0,1,54.0,,voiture,,5,1,1,8,3
201900029052,2019-05-03 14:00:00,2019,5,3,14,0,45,45284,AV DENIS  PAPIN - AV GAY LUSSAC,47.913785,1.948759,Plein jour,En agglomération,Intersection en T,Normale,Deux véhicules - côté,4,2,2,0,1,1,1,0,1,50,2,2,1,0,0,1,25.0,25.0,voiture,utilitaire_camion,1,2,3,1,3