accident_id,datetime,annee,mois,jour,heure,minute,departement,commune_insee,adresse,latitude,longitude,luminosite,agglomeration,intersection,meteo,collision,catr,circ,nbv,vosp,prof,plan,surf,infra,situ,vma,nb_vehicules,nb_usagers,nb_indemnes,nb_tues,nb_blesses_hosp,nb_blesses_legers,age_cond_1,age_cond_2,veh_type_cond_1,veh_type_cond_2,lum_code,agg_code,int_code,atm_code,col_code
201900029145,2019-05-29 07:45:00,2019,5,29,7,45,37,37233,MONTEIL (RUE HIPPOLYTE),47.3802668,0.7217071,Plein jour,En agglomération,Intersection en T,Normale,Deux véhicules - côté,4,2,2,0,1,1,1,0,1,50,2,2,1,0,0,1,35.0,25.0,voiture,deux_roues,1,2,3,1,3
201900029146,2019-05-28 16:55:00,2019,5,28,16,55,37,37261,PROUDHON (AVENUE),47.3938463,0.6650399,Plein jour,En agglomération,Hors intersection,Normale,Deux véhicules - arrière,3,3,4,0,1,1,2,0,1,50,2,2,1,0,0,1,41.0,45.0,voiture,voiture,1,2,1,1,2
201900029147,2019-05-28 16:15:00,2019,5,28,16,15,37,37261,EIFFEL (AVENUE GUSTAVE),47.4371725,0.6987722,Plein jour,En agglomération,Hors intersection,Pluie forte,Deux véhicules - côté,3,3,4,0,1,1,2,0,1,50,2,2,1,0,1,0,22.0,17.0,voiture,deux_roues,1,2,1,3,3
201900029148,2019-05-21 16:24:00,2019,5,21,16,24,37,37261,MARECHAL JUIN (BD),47.4129119,0.7028758,Plein jour,En agglomération,Hors intersection,Normale,Deux véhicules - côté,4,3,4,0,1,1,1,0,1,50,2,2,1,0,0,1,67.0,53.0,voiture,deux_roues,1,2,1,1,3
201900029149,2019-05-27 14:00:00,2019,5,27,14,0,37,37122,JAURES (BOULEVARD JEAN),47.3492243,0.6663292,Plein jour,En agglomération,Hors intersection,Pluie légère,Autre collision,3,2,4,0,1,1,2,0,1,50,1,2,1,0,0,1,58.0,,voiture,,1,2,1,2,6
201900029150,2019-05-25 11:13:00,2019,5,25,11,13,37,37261,COMPAGNONS D'EMMAUS (AVENUE DES),47.4306002,0.7038629,Plein jour,En agglomération,Hors intersection,Normale,Deux véhicules - arrière,4,3,4,0,1,1,1,0,1,50,2,3,2,0,0,1,73.0,32.0,voiture,voiture,1,2,1,1,2
201900029151,2019-05-24 15:35:00,2019,5,24,15,35,37,37261,MAGINOT (AV. ANDRE),47.4292123,0.7043695,Plein jour,En agglomération,Giratoire,Normale,Sans collision,3,1,2,0,1,2,2,0,1,50,1,1,0,0,0,1,18.0,,deux_roues,,1,2,6,1,7
201900029152,2019-05-23 17:40:00,2019,5,23,17,40,37,37261,DE GAULLE (AVENUE DU GENERAL),47.37986,0.69413,Plein jour,En agglomération,Hors intersection,Normale,Autre collision,4,2,2,0,1,1,1,0,1,50,1,2,1,0,1,0,62.0,,transport_commun,,1,2,1,1,6
201900029153,2019-05-21 17:30:00,2019,5,21,17,30,37,37195,HAUTES MARCHES (RUE DES),47.3861221,0.6583214,Plein jour,En agglomération,Hors intersection,Normale,Deux véhicules - côté,4,2,2,0,1,1,1,0,1,50,2,2,1,0,0,1,52.0,50.0,voiture,deux_roues,1,2,1,1,3
201900029154,2019-05-20 10:01:00,2019,5,20,10,1,37,37122,TAILHAR (RUE DU),47.3537827,0.6766755,Plein jour,En agglomération,Hors intersection,Normale,Autre collision,4,2,2,0,1,1,1,0,1,50,1,1,0,0,0,1,20.0,,voiture,,1,2,1,1,6
201900029155,2019-05-15 20:35:00,2019,5,15,20,35,37,37122,SAINT LEGER (RUE DE),47.3374977,0.6460589,Plein jour,En agglomération,Hors intersection,Normale,Deux véhicules - frontale,4,2,2,0,1,1,1,0,1,50,2,2,1,0,0,1,21.0,61.0,deux_roues,voiture,1,2,1,1,1
201900029156,2019-05-15 13:45:00,2019,5,15,13,45,37,37261,HUGO (RUE VICTOR),47.3882591,0.6833041,Plein jour,En agglomération,Intersection en X,Normale,Deux véhicules - côté,4,2,1,0,1,1,1,0,1,50,2,2,1,0,0,1,34.0,75.0,voiture,deux_roues,1,2,2,1,3
201900029157,2019-05-15 08:14:00,2019,5,15,8,14,37,37195,SAINT FRANCOIS (RUE),47.38949,0.66609,Plein jour,En agglomération,Hors intersection,Temps éblouissant,Autre collision,4,1,1,0,1,1,1,0,1,50,1,2,1,0,0,1,25.0,,voiture,,1,2,1,7,6
201900029158,2019-05-13 18:30:00,2019,5,13,18,30,37,37122,PONT CHER (RUE DU),47.3633621,0.6742897,Plein jour,En agglomération,Hors intersection,Normale,Deux véhicules - côté,4,2,2,2,1,1,1,0,1,50,2,2,1,0,0,1,18.0,25.0,deux_roues,voiture,1,2,1,1,3
201900029159,2019-05-13 17:50:00,2019,5,13,17,50,37,37261,JACQUEMIN (RUE JEAN BERNARD),47.38726,0.69987,Plein jour,En agglomération,Hors intersection,Normale,Autre collision,4,2,2,0,1,1,1,0,1,50,1,2,1,0,0,1,77.0,,voiture,,1,2,1,1,6
201900029160,2019-05-13 16:15:00,2019,5,13,16,15,37,37122,BERGEONNERIE (RUE DE LA),47.35903,0.6939,Plein jour,En agglomération,Hors intersection,Normale,Deux véhicules - arrière,4,2,2,0,2,1,1,0,1,50,2,3,2,0,0,1,21.0,26.0,voiture,voiture,1,2,1,1,2
201900029161,2019-05-12 17:52:00,2019,5,12,17,52,37,37261,VAILLANT (RUE EDOUARD),47.37932,0.70942,Plein jour,En agglomération,Hors intersection,Normale,Deux véhicules - arrière,4,2,2,2,1,1,1,0,1,50,2,4,1,0,0,3,25.0,23.0,voiture,voiture,1,2,1,1,2
201900029162,2019-05-12 13:15:00,2019,5,12,13,15,37,37122,RD 86 DE MONTS à TOURS,47.33598,0.66447,Plein jour,En agglomération,Hors intersection,Normale,Autre collision,4,2,2,0,1,1,1,0,1,50,1,4,2,0,1,1,40.0,,deux_roues,,1,2,1,1,6
201900029163,2019-05-11 12:05:00,2019,5,11,12,5,37,37214,CHANTERIE (RUE DE LA),47.41827,0.6744,Plein jour,En agglomération,Hors intersection,Normale,Sans collision,4,-1,1,1,1,1,1,0,1,30,1,1,0,0,0,1,61.0,,deux_roues,,1,2,1,1,7
201900029164,2019-05-08 23:30:00,2019,5,8,23,30,37,37261,WAGNER (BOULEVARD RICHARD),47.37694,0.71351,Nuit avec éclairage allumé,En agglomération,Intersection en T,Pluie forte,Trois véhicules et plus - en chaîne,4,2,6,0,1,1,2,5,1,50,3,4,1,0,0,3,26.0,25.0,voiture,voiture,5,2,3,3,4
201900029165,2019-04-22 03:15:00,2019,4,22,3,15,37,37261,FRANCE (PLACE ANATOLE),47.39705,0.68606,Nuit avec éclairage allumé,En agglomération,Hors intersection,Normale,Sans collision,4,2,2,3,1,1,1,0,1,50,1,1,0,0,0,1,40.0,,deux_roues,,5,2,1,1,7
201900029166,2019-05-08 19:20:00,2019,5,8,19,20,37,37122,VERDUN (RUE DE),47.34352,0.66382,Plein jour,En agglomération,Hors intersection,Normale,Deux véhicules - arrière,4,2,2,0,1,1,1,0,1,50,2,2,1,0,0,1,50.0,39.0,voiture,deux_roues,1,2,1,1,2
201900029167,2019-05-03 16:35:00,2019,5,3,16,35,37,37122,RD 86 DE MONTS à TOURS,47.33415,0.66467,Plein jour,En agglomération,Hors intersection,Normale,Deux véhicules - arrière,3,2,2,0,1,1,1,0,1,50,2,2,1,0,0,1,53.0,36.0,voiture,deux_roues,1,2,1,1,2
201900029168,2019-05-03 14:25:00,2019,5,3,14,25,37,37122,AMBOISE (RUE D'),47.3421631,0.6747241,Plein jour,En agglomération,Hors intersection,Normale,Sans collision,4,2,1,0,1,3,1,0,1,70,1,1,0,0,0,1,34.0,,voiture,,1,2,1,1,7
201900029169,2019-05-07 00:25:00,2019,5,7,0,25,37,37261,LADOUMEGUE (RUE JULES),47.37606,0.73024,Nuit avec éclairage allumé,En agglomération,Hors intersection,Normale,Autre collision,4,1,1,0,1,1,1,0,1,50,1,2,1,0,0,1,21.0,,voiture,,5,2,1,1,6
201900029170,2019-05-05 11:50:00,2019,5,5,11,50,37,37233,DUCLOS (AVENUE JACQUES),47.3780876,0.7177668,Plein jour,En agglomération,Autre intersection,Normale,Deux véhicules - côté,9,2,1,0,1,1,1,9,1,30,2,3,2,0,0,1,68.0,26.0,voiture,voiture,1,2,9,1,3
201900029171,2019-05-05 04:00:00,2019,5,5,4,0,37,37261,HENRI IV (RUE),47.41422,0.69667,Nuit avec éclairage allumé,En agglomération,Intersection en X,Normale,Deux véhicules - côté,4,2,2,0,1,1,1,0,1,50,2,4,1,0,0,3,28.0,28.0,voiture,voiture,5,2,2,1,3
201900029172,2019-05-02 17:05:00,2019,5,2,17,5,37,37261,LADOUMEGUE (RUE JULES),47.37701,0.73173,Plein jour,En agglomération,Hors intersection,Normale,Autre collision,4,1,2,3,1,1,1,0,2,30,1,2,1,0,0,1,39.0,,voiture,,1,2,1,1,6
201900029173,2019-05-02 12:36:00,2019,5,2,12,36,37,37261,HEURTELOUP (BOULEVARD),47.3911579,0.696536,Plein jour,En agglomération,Hors intersection,Normale,Autre collision,4,3,4,0,1,1,1,0,1,50,1,2,1,0,0,1,33.0,,voiture,,1,2,1,1,6
201900029174,2019-04-21 04:05:00,2019,4,21,4,5,37,37122,MARTYRS (RUE DES),47.35549,0.66712,Nuit avec éclairage allumé,En agglomération,Hors intersection,Normale,Sans collision,4,2,2,0,1,1,1,0,1,50,1,1,0,0,1,0,31.0,,deux_roues,,5,2,1,1,7
201900029175,2019-05-01 14:20:00,2019,5,1,14,20,37,37122,CHINON (BOULEVARD DE),47.35194,0.68625,Plein jour,En agglomération,Hors intersection,Normale,Deux véhicules - côté,4,2,4,1,2,1,1,9,1,50,2,2,1,0,0,1,39.0,72.0,deux_roues,voiture,1,2,1,1,3
201900029176,2019-04-29 19:20:00,2019,4,29,19,20,37,37261,EIFFEL (AVENUE GUSTAVE),47.42829,0.69676,Plein jour,En agglomération,Intersection en X,Normale,Deux véhicules - frontale,4,2,4,2,1,1,1,5,1,50,2,6,3,0,0,3,25.0,26.0,voiture,voiture,1,2,2,1,1
201900029177,2019-04-29 13:45:00,2019,4,29,13,45,37,37195,11 NOVEMBRE (RUE DU),47.3870442,0.6593007,Plein jour,En agglomération,Intersection en X,Normale,Deux véhicules - côté,4,2,2,0,1,1,1,0,1,50,2,2,1,0,0,1,21.0,27.0,voiture,voiture,1,2,2,1,3
201900029178,2019-04-29 11:35:00,2019,4,29,11,35,37,37122,GREVY (RUE JULES),47.35501,0.65895,Plein jour,En agglomération,Intersection en T,Normale,Deux véhicules - côté,4,2,2,0,1,1,1,0,1,50,2,3,2,0,0,1,79.0,36.0,voiture,voiture,1,2,3,1,3
201900029179,2019-11-12 09:50:00,2019,11,12,9,50,92,92040,GUSTAVE EIFFEL (ALLEE),48.827589,2.26469,Plein jour,En agglomération,Intersection en X,Normale,Autre collision,4,2,4,0,1,1,2,0,1,50,1,2,1,0,0,1,40.0,,utilitaire_camion,,1,2,2,1,6
201900029180,2019-11-09 16:20:00,2019,11,9,16,20,92,92036,GENERAL DE GAULLE (AVENUE) (PAIRS),48.93287,2.28619,Plein jour,En agglomération,Hors intersection,Normale,Autre collision,3,-1,-1,0,1,1,1,0,1,30,1,2,1,0,0,1,47.0,,voiture,,1,2,1,1,6
201900029181,2019-11-08 22:10:00,2019,11,8,22,10,92,92025,GABRIEL PERI (RUE),48.914612,2.229057,Nuit avec éclairage allumé,En agglomération,Intersection en X,Normale,Deux véhicules - côté,3,2,4,0,1,1,1,0,1,50,2,2,1,0,0,1,40.0,40.0,transport_commun,voiture,5,2,2,1,3
201900029182,2019-11-12 20:05:00,2019,11,12,20,5,92,92012,CHATEAU (RUE DU) 1/125 - 2/136,48.84247,2.2404,Nuit avec éclairage allumé,En agglomération,Hors intersection,Normale,Autre collision,4,2,2,0,1,1,2,0,1,50,1,2,1,0,0,1,38.0,,deux_roues,,5,2,1,1,6
201900029183,2019-11-12 19:00:00,2019,11,12,19,0,92,92007,TERTRES (RUE DES),48.7879,2.3077,Nuit avec éclairage allumé,En agglomération,Hors intersection,Pluie légère,Sans collision,7,2,2,0,1,1,2,0,1,50,1,1,0,0,0,1,60.0,,deux_roues,,5,2,1,2,7
201900029184,2019-11-13 07:50:00,2019,11,13,7,50,49,49092,Route de Saint Lezin - D149,47.241385,-0.763273,Plein jour,Hors agglomération,Hors intersection,Normale,Deux véhicules - frontale,3,2,2,0,2,3,2,0,1,80,2,2,0,1,0,1,39.0,49.0,deux_roues,voiture,1,1,1,1,1
201900029185,2019-11-12 15:15:00,2019,11,12,15,15,57,57493,Route de Nancy,48.802949,6.662281,Plein jour,Hors agglomération,Hors intersection,Normale,Trois véhicules et plus - collisions multiples,3,2,2,0,1,1,1,0,1,80,4,4,3,0,1,0,40.0,59.0,utilitaire_camion,utilitaire_camion,1,1,1,1,5
201900029186,2019-11-12 15:45:00,2019,11,12,15,45,63,63388,D987,46.0008811,2.7771779,Plein jour,Hors agglomération,Hors intersection,Normale,Sans collision,3,2,2,0,2,3,2,0,8,80,1,1,0,0,1,0,83.0,,voiture,,1,1,1,1,7
201900029187,2019-11-13 02:00:00,2019,11,13,2,0,41,41252,autoroute A10,47.683106,1.414365,Nuit sans éclairage public,Hors agglomération,Hors intersection,Pluie légère,Deux véhicules - arrière,1,3,3,0,1,1,2,0,8,130,2,3,1,0,0,2,45.0,21.0,utilitaire_camion,utilitaire_camion,3,1,1,2,2
201900029188,2019-11-03 17:15:00,2019,11,3,17,15,50,50214,A84,48.902736,-1.110373,Crépuscule ou aube,Hors agglomération,Hors intersection,Pluie légère,Trois véhicules et plus - en chaîne,1,3,4,0,2,1,2,0,1,130,4,5,3,0,0,2,19.0,20.0,voiture,voiture,2,1,1,2,4
201900029189,2019-11-12 18:20:00,2019,11,12,18,20,22,22020,RD 793,48.3340892,-2.2414174,Nuit sans éclairage public,Hors agglomération,Hors intersection,Normale,Deux véhicules - arrière,3,2,2,0,1,1,2,0,1,80,2,3,1,0,1,1,71.0,38.0,voiture,utilitaire_camion,3,1,1,1,2
201900029190,2019-11-13 14:15:00,2019,11,13,14,15,2B,2B009,Route de Bastia,42.112955,9.527059,Plein jour,Hors agglomération,Hors intersection,Normale,Autre collision,4,2,2,0,1,1,1,0,1,80,1,1,0,0,1,0,38.0,,deux_roues,,1,1,1,1,6
201900029191,2019-11-12 21:00:00,2019,11,12,21,0,62,62695,D339,50.267887,2.381335,Nuit sans éclairage public,Hors agglomération,Hors intersection,Pluie forte,Sans collision,3,2,2,0,1,1,2,0,1,80,1,2,0,0,0,2,55.0,,voiture,,3,1,1,3,7
201900029192,2019-11-12 18:15:00,2019,11,12,18,15,41,41153,D80,47.714372,0.726945,Nuit avec éclairage allumé,En agglomération,Intersection en Y,Pluie légère,Deux véhicules - côté,3,2,2,0,1,2,2,0,1,50,2,2,1,0,1,0,20.0,16.0,voiture,deux_roues,5,2,4,2,3
201900029193,2019-11-13 10:15:00,2019,11,13,10,15,2A,2A271,Pernicaggio,41.952491,8.801069,Plein jour,En agglomération,Hors intersection,Normale,Deux véhicules - côté,6,2,2,0,1,1,1,0,1,50,2,2,1,0,1,0,32.0,58.0,deux_roues,voiture,1,2,1,1,3
201900029194,2019-11-13 07:15:00,2019,11,13,7,15,80,80058,D1029,49.872454,2.636189,Crépuscule ou aube,Hors agglomération,Intersection en X,Temps couvert,Deux véhicules - côté,3,2,2,0,1,1,2,0,1,80,2,2,1,0,1,0,19.0,40.0,voiture,utilitaire_camion,2,1,2,8,3
201900029195,2019-11-12 11:50:00,2019,11,12,11,50,33,33394,D670,44.859183,-0.155204,Plein jour,Hors agglomération,Intersection en X,Temps couvert,Deux véhicules - côté,3,2,2,0,1,2,1,0,1,80,2,2,1,0,1,0,82.0,62.0,voiture,deux_roues,1,1,2,8,3
201900029196,2019-11-08 22:00:00,2019,11,8,22,0,63,63404,D713,45.576681,3.231576,Nuit sans éclairage public,Hors agglomération,Hors intersection,Pluie légère,Sans collision,3,2,2,0,2,2,2,0,3,80,1,4,3,0,1,0,20.0,,voiture,,3,1,1,2,7
201900029197,2019-11-12 21:15:00,2019,11,12,21,15,1,01138,D992,45.864338,5.799937,Nuit sans éclairage public,Hors agglomération,Hors intersection,Normale,Sans collision,3,2,2,0,1,2,2,0,3,80,1,2,1,0,1,0,22.0,,voiture,,3,1,1,1,7
201900029198,2019-10-08 14:40:00,2019,10,8,14,40,14,14342,Route du Pont Benard (Isigny-sur-Mer),49.296578,-1.05984,Plein jour,Hors agglomération,Hors intersection,Pluie légère,Autre collision,3,2,2,0,1,2,2,0,3,70,1,2,1,0,1,0,70.0,,voiture,,1,1,1,2,6
201900029199,2019-11-13 00:15:00,2019,11,13,0,15,64,64403,D936,43.3761077,-0.8726479,Nuit sans éclairage public,Hors agglomération,Hors intersection,Brouillard / fumée,Sans collision,3,2,2,0,1,3,2,0,3,80,1,1,0,0,1,0,19.0,,voiture,,3,1,1,5,7
201900029200,2019-11-13 12:45:00,2019,11,13,12,45,64,64152,1360 Route de Montardon,43.3597491,-0.3264656,Plein jour,En agglomération,Hors intersection,Temps couvert,Deux véhicules - frontale,3,2,2,0,1,4,2,0,1,50,2,2,1,0,1,0,43.0,46.0,voiture,voiture,1,2,1,8,1
201900029201,2019-11-12 18:30:00,2019,11,12,18,30,85,85108,Rue Georges Clémenceau,46.9083,-1.37687,Nuit avec éclairage allumé,En agglomération,Intersection en X,Normale,Deux véhicules - côté,3,2,2,0,1,1,1,0,1,50,2,2,1,0,0,1,53.0,22.0,voiture,deux_roues,5,2,2,1,3
201900029202,2019-07-29 07:40:00,2019,7,29,7,40,28,28189,RN 154 PR 15+000,48.214421,1.812212,Plein jour,Hors agglomération,Hors intersection,Normale,Deux véhicules - côté,2,2,2,0,1,1,1,0,1,80,2,2,1,0,1,0,39.0,21.0,utilitaire_camion,voiture,1,1,1,1,3
201900029203,2019-11-06 18:40:00,2019,11,6,18,40,88,88114,Rue Capitaine Albert Littolff,48.189312,5.883388,Nuit avec éclairage allumé,En agglomération,Hors intersection,Normale,Autre collision,6,-1,2,0,1,1,1,0,1,50,1,2,1,0,1,0,55.0,,voiture,,5,2,1,1,6
201900029204,2019-11-13 04:30:00,2019,11,13,4,30,3,03277,,46.304939,3.0135059,Nuit sans éclairage public,Hors agglomération,Hors intersection,Brouillard / fumée,Autre collision,1,3,4,0,2,1,7,0,1,130,1,2,1,0,0,1,52.0,,utilitaire_camion,,3,1,1,5,6
201900029205,2019-11-13 12:50:00,2019,11,13,12,50,1,01156,D4,45.924917,5.121873,Plein jour,Hors agglomération,Hors intersection,Normale,Autre collision,3,2,2,0,1,1,1,0,1,80,1,2,1,0,1,0,61.0,,utilitaire_camion,,1,1,1,1,6
201900029206,2019-11-12 21:35:00,2019,11,12,21,35,6,06149,A8 pk206+840 en nord,43.743369,7.344858,Nuit sans éclairage public,Hors agglomération,Autre intersection,Normale,Autre collision,1,3,5,0,2,2,2,8,1,70,2,3,2,0,1,0,21.0,82.0,utilitaire_camion,deux_roues,3,1,9,1,6
201900029207,2019-11-13 14:28:00,2019,11,13,14,28,69,69206,Mol de Vaux,46.085615,4.728017,Plein jour,Hors agglomération,Hors intersection,Normale,Trois véhicules et plus - collisions multiples,3,2,3,0,1,1,1,0,1,80,3,2,1,0,1,0,21.0,60.0,voiture,utilitaire_camion,1,1,1,1,5
201900029208,2019-11-12 22:15:00,2019,11,12,22,15,45,45006,A71 PK109+362,47.810825,1.854763,Nuit sans éclairage public,Hors agglomération,Hors intersection,Autre,Deux véhicules - côté,1,3,4,0,1,1,2,9,2,130,2,2,1,1,0,0,25.0,22.0,utilitaire_camion,voiture,3,1,1,9,3
201900029209,2019-11-09 12:00:00,2019,11,9,12,0,974,97408,Route de la Montagne,-20.965668,55.369821,Plein jour,Hors agglomération,Hors intersection,Normale,Sans collision,3,-1,2,0,2,2,1,0,1,70,1,1,0,1,0,0,18.0,,voiture,,1,1,1,1,7
201900029210,2019-11-12 15:30:00,2019,11,12,15,30,77,77277,"D436  -61, Rue Caron",48.7272,2.86807,Plein jour,Hors agglomération,Hors intersection,Pluie forte,Autre collision,3,3,2,0,1,1,2,0,3,80,1,1,0,0,1,0,50.0,,utilitaire_camion,,1,1,1,3,6
201900029211,2019-11-12 17:20:00,2019,11,12,17,20,34,34113,D613,43.479388,3.695106,Crépuscule ou aube,Hors agglomération,Hors intersection,Normale,Deux véhicules - côté,3,2,3,0,1,1,1,0,1,90,2,2,1,0,0,1,35.0,69.0,deux_roues,voiture,2,1,1,1,3
201900029212,2019-10-27 11:05:00,2019,10,27,11,5,34,34135,D14,43.260637,3.160508,Plein jour,Hors agglomération,Hors intersection,Normale,Sans collision,3,2,2,0,1,2,1,0,1,-1,1,2,0,0,1,1,48.0,,deux_roues,,1,1,1,1,7
201900029213,2019-11-07 20:40:00,2019,11,7,20,40,13,13041,D6,43.463474,5.465851,Nuit sans éclairage public,Hors agglomération,Hors intersection,Temps couvert,Autre collision,3,3,4,0,2,2,2,0,1,110,2,2,1,0,1,0,29.0,74.0,voiture,voiture,3,1,1,8,6
201900029214,2019-11-13 15:50:00,2019,11,13,15,50,71,71342,D352,46.46841,4.118637,Plein jour,En agglomération,Hors intersection,Temps couvert,Deux véhicules - côté,3,2,2,0,2,3,2,2,1,50,2,3,2,0,1,0,62.0,45.0,voiture,utilitaire_camion,1,2,1,8,3
201900029215,2019-11-13 15:25:00,2019,11,13,15,25,74,74042,ROUTE DÉPARTEMENTALE 1205,46.069227,6.442446,Plein jour,Hors agglomération,Hors intersection,Normale,Deux véhicules - arrière,3,2,2,0,1,1,1,8,1,80,2,2,1,0,0,1,22.0,36.0,utilitaire_camion,voiture,1,1,1,1,2
201900029216,2019-11-12 17:55:00,2019,11,12,17,55,38,38449,RD 1006 / rue des papillons,45.656168,5.111016,Nuit sans éclairage public,Hors agglomération,Intersection en T,Normale,Deux véhicules - côté,3,2,2,0,1,1,1,9,8,80,2,2,1,0,1,0,27.0,18.0,deux_roues,voiture,3,1,3,1,3
201900029217,2019-11-10 19:50:00,2019,11,10,19,50,38,38405,D520a,45.349475,5.668766,Nuit sans éclairage public,Hors agglomération,Hors intersection,Normale,Autre collision,3,2,2,0,2,4,1,0,3,80,1,6,5,0,1,0,21.0,,utilitaire_camion,,3,1,1,1,6
201900029218,2019-11-09 22:30:00,2019,11,9,22,30,65,65042,16 Route des Cols,43.0481545,0.1579289,Nuit sans éclairage public,Hors agglomération,Hors intersection,Pluie forte,Sans collision,3,2,2,0,1,1,2,0,1,70,1,1,0,0,1,0,18.0,,deux_roues,,3,1,1,3,7
201900029219,2019-11-13 19:00:00,2019,11,13,19,0,86,86137,Rue Marius Ferrand,47.036552,0.076829,Nuit sans éclairage public,Hors agglomération,Intersection en X,Pluie légère,Deux véhicules - côté,3,2,2,0,1,1,2,5,1,80,2,3,0,0,2,1,47.0,80.0,utilitaire_camion,utilitaire_camion,3,1,2,2,3
201900029220,2019-11-12 13:50:00,2019,11,12,13,50,64,64496,Avenue des Pyrenees,43.469855,-1.445092,Plein jour,En agglomération,Autre intersection,Pluie forte,Trois véhicules et plus - collisions multiples,3,2,2,0,2,1,2,0,1,50,3,3,2,0,1,0,56.0,61.0,deux_roues,voiture,1,2,9,3,5
201900029221,2019-11-12 18:35:00,2019,11,12,18,35,13,13106,A51-Sens Aix en Provence vers Marseille,43.4035321,5.357675,Nuit sans éclairage public,Hors agglomération,Hors intersection,Normale,Deux véhicules - côté,1,1,3,0,1,1,1,0,1,90,2,2,1,0,0,1,52.0,30.0,utilitaire_camion,deux_roues,3,1,1,1,3
201900029222,2019-11-12 09:47:00,2019,11,12,9,47,13,13215,A7-Sens Lyon vers Marseille,43.348944,5.369778,Plein jour,Hors agglomération,Hors intersection,Normale,Trois véhicules et plus - collisions multiples,1,1,3,0,1,1,1,0,1,90,4,4,2,0,0,2,47.0,23.0,voiture,voiture,1,1,1,1,5
201900029223,2019-11-12 08:30:00,2019,11,12,8,30,13,13071,A551  Lyon vers A55-Mlle Vieux Port,43.39968,5.298218,Plein jour,Hors agglomération,Hors intersection,Normale,Deux véhicules - côté,1,1,2,0,1,1,1,0,1,90,2,2,1,0,0,1,50.0,33.0,deux_roues,utilitaire_camion,1,1,1,1,3
201900029224,2019-11-12 07:45:00,2019,11,12,7,45,13,13005,A50-Sens Aubagne vers Marseille,43.2871852,5.5650784,Plein jour,Hors agglomération,Hors intersection,Normale,Trois véhicules et plus - collisions multiples,1,1,2,0,1,1,1,0,1,90,3,3,1,0,0,2,39.0,39.0,voiture,voiture,1,1,1,1,5
201900029225,2019-11-12 21:00:00,2019,11,12,21,0,33,33122,AUTOROUTE A 63,44.72534,-0.73305,Nuit sans éclairage public,Hors agglomération,Hors intersection,Pluie légère,Deux véhicules - arrière,1,3,4,0,1,1,2,0,1,130,2,2,1,0,0,1,28.0,58.0,voiture,utilitaire_camion,3,1,1,2,2
201900029226,2019-11-12 07:40:00,2019,11,12,7,40,33,33550,ROCADE A 630,44.77786,-0.55836,Crépuscule ou aube,Hors agglomération,Hors intersection,Temps couvert,Autre collision,1,3,6,0,1,1,2,3,1,90,1,1,0,0,0,1,34.0,,deux_roues,,2,1,1,8,6
201900029227,2019-11-12 20:00:00,2019,11,12,20,0,92,92026,RN192,48.8898968,2.2433914,Nuit sans éclairage public,Hors agglomération,Hors intersection,Normale,Trois véhicules et plus - en chaîne,2,1,3,0,1,1,1,1,1,90,3,3,2,0,0,1,53.0,23.0,utilitaire_camion,voiture,3,1,1,1,4
201900029228,2019-11-12 14:28:00,2019,11,12,14,28,92,92025,A86,48.9281867,2.2389783,Plein jour,Hors agglomération,Hors intersection,Pluie légère,Autre collision,1,-1,-1,0,1,1,2,0,1,90,2,2,1,0,1,0,61.0,40.0,voiture,utilitaire_camion,1,1,1,2,6
201900029229,2019-11-11 23:40:00,2019,11,11,23,40,92,92012,A13,48.8486229,2.2281691,Nuit avec éclairage allumé,Hors agglomération,Hors intersection,Pluie légère,Autre collision,1,1,2,0,1,3,2,2,1,70,1,1,0,0,0,1,20.0,,voiture,,5,1,1,2,6
201900029230,2019-11-11 15:15:00,2019,11,11,15,15,95,95572,AUTOROUTE A15,49.03199,2.10703,Plein jour,Hors agglomération,Hors intersection,Temps couvert,Autre collision,1,1,3,0,4,2,2,0,1,70,1,1,0,0,0,1,20.0,,voiture,,1,1,1,8,6
201900029231,2019-11-11 16:41:00,2019,11,11,16,41,93,93078,AUTOROUTE A104,48.95856,2.53355,Plein jour,Hors agglomération,Hors intersection,Temps couvert,Sans collision,1,3,8,0,1,1,2,0,1,90,1,2,0,0,0,2,21.0,,voiture,,1,1,1,8,7
201900029232,2019-11-11 14:45:00,2019,11,11,14,45,93,93005,AUTOROUTE A104,48.9725036,2.4939823,Plein jour,Hors agglomération,Hors intersection,Normale,Autre collision,1,1,2,0,2,1,2,3,1,70,1,1,0,0,0,1,19.0,,voiture,,1,1,1,1,6
201900029233,2019-11-11 10:20:00,2019,11,11,10,20,93,93027,AUTOROUTE A86,48.92841,2.41668,Plein jour,Hors agglomération,Hors intersection,Pluie légère,Deux véhicules - côté,1,3,6,0,2,2,2,2,1,70,2,2,1,0,0,1,33.0,30.0,voiture,voiture,1,1,1,2,3
201900029234,2019-11-09 19:00:00,2019,11,9,19,0,93,93005,AUTOROUTE A1,48.96452,2.47373,Nuit avec éclairage allumé,Hors agglomération,Hors intersection,Normale,Trois véhicules et plus - en chaîne,1,3,11,0,1,1,1,0,1,110,5,8,4,0,0,4,26.0,34.0,voiture,voiture,5,1,1,1,4