accident_id,datetime,annee,mois,jour,heure,minute,departement,commune_insee,adresse,latitude,longitude,luminosite,agglomeration,intersection,meteo,collision,catr,circ,nbv,vosp,prof,plan,surf,infra,situ,vma,nb_vehicules,nb_usagers,nb_indemnes,nb_tues,nb_blesses_hosp,nb_blesses_legers,age_cond_1,age_cond_2,veh_type_cond_1,veh_type_cond_2,lum_code,agg_code,int_code,atm_code,col_code
201900029235,2019-11-10 14:30:00,2019,11,10,14,30,93,93005,AUTOROUTE A3,48.95444,2.47362,Plein jour,Hors agglomération,Hors intersection,Pluie légère,Trois véhicules et plus - en chaîne,1,3,10,0,1,1,2,0,1,110,3,4,2,0,0,2,53.0,46.0,voiture,voiture,1,1,1,2,4
201900029236,2019-11-10 12:00:00,2019,11,10,12,0,95,95604,AUTOROUTE A1,49.12207,2.55687,Plein jour,Hors agglomération,Hors intersection,Pluie légère,Autre collision,1,3,6,0,1,1,2,0,1,130,1,1,0,0,1,0,65.0,,voiture,,1,1,1,2,6
201900029237,2019-11-10 13:35:00,2019,11,10,13,35,95,95277,AUTOROUTE A3,48.97574,2.49128,Plein jour,Hors agglomération,Hors intersection,Temps couvert,Autre collision,1,3,-1,0,2,3,2,0,1,70,1,1,0,0,0,1,57.0,,voiture,,1,1,1,8,6
201900029238,2019-11-10 06:00:00,2019,11,10,6,0,95,95218,AUTOROUTE A15,49.03601,2.09514,Nuit sans éclairage public,Hors agglomération,Hors intersection,Pluie légère,Deux véhicules - côté,1,3,8,0,1,1,2,2,1,90,2,2,1,0,0,1,24.0,31.0,voiture,voiture,3,1,1,2,3
201900029239,2019-11-12 18:45:00,2019,11,12,18,45,77,77146,A4.Y,48.832119,2.65311,Nuit sans éclairage public,Hors agglomération,Hors intersection,Normale,Trois véhicules et plus - en chaîne,1,1,8,0,1,1,2,0,1,110,3,3,2,0,0,1,56.0,43.0,voiture,voiture,3,1,1,1,4
201900029240,2019-11-12 10:30:00,2019,11,12,10,30,77,77258,A4.Y,48.8299502,2.6256117,Plein jour,Hors agglomération,Hors intersection,Normale,Deux véhicules - côté,1,1,5,0,1,3,1,3,1,90,2,2,0,0,0,2,25.0,56.0,voiture,utilitaire_camion,1,1,1,1,3
201900029241,2019-11-11 14:30:00,2019,11,11,14,30,94,94011,RN406.W,48.76063,2.48807,Plein jour,Hors agglomération,Hors intersection,Normale,Deux véhicules - arrière,2,1,3,0,1,1,2,0,1,90,2,2,1,0,0,1,29.0,56.0,voiture,utilitaire_camion,1,1,1,1,2
201900029242,2019-11-11 19:49:00,2019,11,11,19,49,976,97611,doujani-Mosquée de doujani ( rue de la ),-12.79517,45.21348,Nuit avec éclairage allumé,En agglomération,Hors intersection,Normale,Autre collision,4,2,0,0,1,1,1,6,2,50,1,2,1,0,0,1,39.0,,voiture,,5,2,1,1,6
201900029243,2019-11-08 17:30:00,2019,11,8,17,30,974,97416,KLETT (CHEMIN),-21.28732,55.46519,Plein jour,Hors agglomération,Hors intersection,Normale,Deux véhicules - côté,4,2,2,0,2,1,1,0,1,50,2,2,0,1,0,1,58.0,33.0,utilitaire_camion,deux_roues,1,1,1,1,3
201900029244,2019-11-11 18:25:00,2019,11,11,18,25,69,69388,MARIUS BERLIET                      (R ),45.74048,4.86407,Nuit avec éclairage allumé,En agglomération,Hors intersection,Normale,Trois véhicules et plus - collisions multiples,7,2,3,0,1,1,1,0,1,50,3,5,4,0,0,1,33.0,51.0,voiture,voiture,5,2,1,1,5
201900029245,2019-11-11 16:40:00,2019,11,11,16,40,69,69259,AMBROISE CROIZAT                    (BD),45.7081,4.8871,Plein jour,En agglomération,Intersection en X,Normale,Autre collision,4,2,4,0,1,2,1,0,1,50,2,2,1,0,0,1,23.0,,voiture,,1,2,2,1,6
201900029246,2019-11-11 14:55:00,2019,11,11,14,55,69,69383,ANDRE PHILIP                        (R ),45.75458,4.85175,Plein jour,En agglomération,Intersection en X,Normale,Deux véhicules - côté,4,1,3,1,1,1,1,0,1,50,2,5,3,0,2,0,30.0,62.0,voiture,deux_roues,1,2,2,1,3
201900029247,2019-11-11 03:55:00,2019,11,11,3,55,69,69034,BOUCLE (DE LA)                      (MO),45.78413,4.83129,Nuit avec éclairage allumé,En agglomération,Intersection en X,Normale,Autre collision,4,2,4,0,2,3,1,0,1,50,1,2,1,0,0,1,25.0,,voiture,,5,2,2,1,6
201900029248,2019-11-10 21:00:00,2019,11,10,21,0,69,69382,DOCTEUR GAILLETON (DU)              (QU),45.75284,4.83381,Nuit avec éclairage allumé,En agglomération,Hors intersection,Normale,Deux véhicules - arrière,4,3,4,3,1,1,1,2,1,50,2,1,0,0,0,1,34.0,,voiture,,5,2,1,1,2
201900029249,2019-11-10 20:57:00,2019,11,10,20,57,971,97113,PETIT HAVRE (SECTEUR),16.21562,-61.42303,Nuit sans éclairage public,Hors agglomération,Hors intersection,Normale,Deux véhicules - côté,2,2,2,0,1,1,1,0,1,70,2,2,1,1,0,0,24.0,53.0,deux_roues,voiture,3,1,1,1,3
201900029250,2019-11-11 18:55:00,2019,11,11,18,55,2A,2A004,ALBERT 1ER BD,41.9129701,8.7262304,Nuit avec éclairage allumé,En agglomération,Intersection en T,Normale,Deux véhicules - côté,3,2,3,0,1,1,1,0,1,50,2,3,1,0,1,1,20.0,48.0,deux_roues,voiture,5,2,3,1,3
201900029251,2019-11-11 19:00:00,2019,11,11,19,0,91,91421,REPUBLIQUE (AVENUE DE LA),48.7092,2.45264,Nuit avec éclairage allumé,En agglomération,Hors intersection,Autre,Deux véhicules - frontale,4,2,2,0,2,1,2,0,1,30,2,2,0,0,0,2,43.0,26.0,voiture,voiture,5,2,1,9,1
201900029252,2019-11-09 10:00:00,2019,11,9,10,0,83,83050,JOFFRE(BOULEVARD DU MARECHAL),43.53667,6.46028,Plein jour,En agglomération,Autre intersection,Normale,Autre collision,4,2,3,0,1,1,1,0,1,50,1,2,1,0,1,0,54.0,,voiture,,1,2,9,1,6
201900029253,2019-11-07 18:59:00,2019,11,7,18,59,77,77268,EPINETTES ( RUE DES ),48.86757,2.81478,Nuit avec éclairage allumé,En agglomération,Intersection en X,Pluie légère,Autre collision,4,2,2,0,1,1,2,5,1,50,1,4,3,0,0,1,49.0,,voiture,,5,2,2,2,6
201900029254,2019-11-11 17:35:00,2019,11,11,17,35,69,69290,TEMPS MODERNES (DES)            (AV),45.71123,4.91232,Nuit avec éclairage allumé,En agglomération,Intersection en X,Normale,Deux véhicules - côté,4,4,8,0,1,1,1,0,1,50,2,2,0,0,0,2,33.0,94.0,voiture,voiture,5,2,2,1,3
201900029255,2019-11-11 13:30:00,2019,11,11,13,30,64,64445,GEORGES CLEMENCEAU,43.2962533,-0.3686015,Plein jour,En agglomération,Hors intersection,Temps couvert,Deux véhicules - frontale,4,1,1,0,1,1,1,6,1,30,2,2,1,0,0,1,25.0,17.0,deux_roues,deux_roues,1,2,1,8,1
201900029256,2019-11-11 13:30:00,2019,11,11,13,30,41,41212,RD 956,47.55583,1.38177,Plein jour,Hors agglomération,Hors intersection,Normale,Autre collision,4,2,2,0,1,1,1,0,1,90,1,1,0,0,1,0,46.0,,voiture,,1,1,1,1,6
201900029257,2019-11-09 22:45:00,2019,11,9,22,45,29,29039,KERNEACH (RUE DE ),47.88271,-3.92338,Nuit avec éclairage allumé,En agglomération,Hors intersection,Pluie légère,Sans collision,4,2,2,0,2,1,2,0,1,50,1,3,0,0,0,3,16.0,,voiture,,5,2,1,2,7
201900029258,2019-11-11 15:40:00,2019,11,11,15,40,17,17291,BELGIQUE  RUE,46.17498,-1.12333,Plein jour,En agglomération,Hors intersection,Normale,Deux véhicules - côté,4,2,2,0,1,1,1,9,1,50,2,2,0,0,0,2,47.0,12.0,deux_roues,deux_roues,1,2,1,1,3
201900029259,2019-11-11 18:53:00,2019,11,11,18,53,10,10387,GAMBETTA (BOULEVARD),48.2990389,4.07114,Nuit avec éclairage allumé,En agglomération,Hors intersection,Temps couvert,Deux véhicules - frontale,4,2,3,0,1,1,2,0,1,50,2,2,1,0,0,1,21.0,24.0,voiture,deux_roues,5,2,1,8,1
201900029260,2019-11-11 16:45:00,2019,11,11,16,45,6,06069,CANNES (ROUTE DE)  -RD 6085-,43.637977,6.950774,Crépuscule ou aube,En agglomération,Hors intersection,Pluie légère,Trois véhicules et plus - collisions multiples,4,-1,2,0,1,2,2,5,1,50,4,3,0,0,0,3,44.0,18.0,voiture,voiture,2,2,1,2,5
201900029261,2019-11-10 11:30:00,2019,11,10,11,30,6,06004,AMES DU PURGATOIRE CH.DES,43.593583,7.093943,Plein jour,En agglomération,Hors intersection,Normale,Autre collision,7,2,0,0,2,1,1,9,1,50,1,2,1,0,1,0,41.0,,deux_roues,,1,2,1,1,6
201900029262,2019-11-11 02:55:00,2019,11,11,2,55,1,01053,BROU ( BD N°65 B A FIN),46.19197,5.2409,Nuit avec éclairage allumé,En agglomération,Intersection en X,Brouillard / fumée,Deux véhicules - côté,3,2,4,0,1,1,1,5,1,50,2,2,1,0,0,1,26.0,25.0,voiture,voiture,5,2,2,5,3
201900029263,2019-11-10 21:50:00,2019,11,10,21,50,75,75119,BD PERIPHERIQUE EXTERIEUR,48.890958,2.396033,Nuit avec éclairage allumé,En agglomération,Hors intersection,Normale,Autre collision,4,1,4,0,1,1,1,0,1,70,2,4,3,0,0,1,35.0,,voiture,,5,2,1,1,6
201900029264,2019-11-11 01:10:00,2019,11,11,1,10,75,75117,AVENUE DE SAINT OUEN,48.893004,2.327429,Nuit avec éclairage allumé,En agglomération,Intersection à plus de 4 branches,Normale,Autre collision,4,2,4,-1,2,1,1,0,1,30,2,1,0,0,0,1,38.0,,deux_roues,,5,2,5,1,6
201900029265,2019-11-11 00:50:00,2019,11,11,0,50,75,75116,RUE DE LA POMPE,48.85955,2.275217,Nuit avec éclairage allumé,En agglomération,Intersection en X,Normale,Deux véhicules - côté,4,2,2,0,1,1,1,0,1,50,2,8,7,0,0,1,39.0,23.0,deux_roues,voiture,5,2,2,1,3
201900029266,2019-11-11 10:10:00,2019,11,11,10,10,75,75114,RUE RAYMOND LOSSERAND,48.8351,2.320316,Plein jour,En agglomération,Intersection en X,Pluie légère,Autre collision,4,1,1,0,1,1,2,0,1,50,2,2,1,0,0,1,26.0,,voiture,,1,2,2,2,6
201900029267,2019-11-11 17:50:00,2019,11,11,17,50,75,75111,BOULEVARD DE BELLEVILLE,48.870612,2.378354,Crépuscule ou aube,En agglomération,Hors intersection,Normale,Deux véhicules - côté,4,3,1,1,1,1,1,0,5,50,2,2,1,0,0,1,25.0,41.0,deux_roues,voiture,2,2,1,1,3
201900029268,2019-11-11 10:10:00,2019,11,11,10,10,75,75101,RUE DE L AMIRAL DE COLIGNY,48.859013,2.339879,Plein jour,En agglomération,Intersection en T,Pluie légère,Deux véhicules - côté,4,2,2,0,1,1,2,0,1,50,2,2,1,0,0,1,46.0,60.0,deux_roues,voiture,1,2,3,2,3
201900029269,2019-11-11 14:15:00,2019,11,11,14,15,94,94081,MOULIN DE SAQUET (AV DU),48.7906145,2.3805341,Plein jour,En agglomération,Autre intersection,Normale,Deux véhicules - côté,3,2,1,0,2,1,2,0,1,50,2,2,1,0,0,1,17.0,57.0,autre,autre,1,2,9,1,3
201900029270,2019-11-10 23:40:00,2019,11,10,23,40,94,94081,COMMUNE DE PARIS (AV DE LA),48.78343,2.39043,Nuit avec éclairage allumé,En agglomération,Intersection en X,Autre,Deux véhicules - côté,4,-1,2,0,1,1,1,0,1,50,2,2,0,0,0,2,39.0,21.0,voiture,voiture,5,2,2,9,3
201900029271,2019-11-11 19:15:00,2019,11,11,19,15,92,92002,PRESIDENT KENNEDY (50 A LA FIN),48.7362348,2.2917765,Nuit avec éclairage allumé,En agglomération,Intersection en X,Pluie légère,Deux véhicules - côté,3,2,1,0,1,1,2,0,1,50,2,2,1,0,0,1,61.0,27.0,voiture,deux_roues,5,2,2,2,3
201900029272,2019-11-12 11:20:00,2019,11,12,11,20,74,74077,A40,46.0584005,5.897068,Plein jour,Hors agglomération,Autre intersection,Normale,Autre collision,1,1,2,0,2,2,1,0,2,110,1,1,0,0,1,0,43.0,,utilitaire_camion,,1,1,9,1,6
201900029273,2019-11-11 18:20:00,2019,11,11,18,20,71,71214,Route de Pras,46.649667,4.57512,Nuit avec éclairage allumé,En agglomération,Autre intersection,Normale,Deux véhicules - frontale,3,2,1,0,3,1,2,2,1,50,2,2,0,0,1,1,46.0,20.0,voiture,voiture,5,2,9,1,1
201900029274,2019-11-08 11:20:00,2019,11,8,11,20,45,45066,D38 - D39,47.942687,2.554231,Plein jour,Hors agglomération,Intersection en X,Normale,Deux véhicules - côté,3,2,2,0,1,1,1,0,1,80,2,2,1,0,1,0,55.0,65.0,voiture,voiture,1,1,2,1,3
201900029275,2019-10-31 15:20:00,2019,10,31,15,20,26,26160,route nationale 7,45.205136,4.815084,Plein jour,En agglomération,Hors intersection,Pluie forte,Autre collision,2,2,2,0,2,1,2,0,1,50,1,2,1,0,1,0,75.0,,voiture,,1,2,1,3,6
201900029276,2019-10-25 09:20:00,2019,10,25,9,20,30,30278,chemin de la Baume,44.061318,4.696343,Plein jour,En agglomération,Hors intersection,Normale,Autre collision,4,2,2,0,1,1,1,0,1,50,2,2,1,0,1,0,70.0,50.0,voiture,utilitaire_camion,1,2,1,1,6
201900029277,2019-11-12 08:30:00,2019,11,12,8,30,47,47165,RD 116,44.493839,0.069663,Plein jour,Hors agglomération,Hors intersection,Normale,Autre collision,3,2,2,0,1,3,2,0,3,80,1,1,0,0,1,0,20.0,,voiture,,1,1,1,1,6
201900029278,2019-11-10 18:00:00,2019,11,10,18,0,62,62885,35 Rue d'Hesdin,50.544426,2.344492,Nuit avec éclairage allumé,En agglomération,Hors intersection,Temps couvert,Autre collision,3,2,2,0,1,4,2,0,4,50,1,1,0,0,1,0,33.0,,voiture,,5,2,1,8,6
201900029279,2019-11-11 18:40:00,2019,11,11,18,40,31,31157,66 Avenue de Toulouse,43.541578,1.347161,Nuit avec éclairage allumé,En agglomération,Hors intersection,Pluie légère,Autre collision,3,2,2,0,1,1,2,0,1,50,1,2,1,0,0,1,41.0,,voiture,,5,2,1,2,6
201900029280,2019-11-09 22:25:00,2019,11,9,22,25,51,51518,RD 26,49.3072955,3.9772836,Nuit sans éclairage public,Hors agglomération,Intersection en T,Normale,Sans collision,3,2,2,0,1,1,2,0,3,80,1,1,0,0,1,0,84.0,,voiture,,3,1,3,1,7
201900029281,2019-11-12 17:02:00,2019,11,12,17,2,56,56058,Le Poteau RD 774,47.502522,-2.299696,Plein jour,Hors agglomération,Hors intersection,Normale,Deux véhicules - frontale,3,2,2,0,1,1,1,0,1,80,2,3,0,1,2,0,91.0,23.0,voiture,voiture,1,1,1,1,1
201900029282,2019-11-11 11:50:00,2019,11,11,11,50,82,82045,route de la ferme Parreaux,43.975209,1.157387,Plein jour,Hors agglomération,Hors intersection,Normale,Autre collision,4,2,2,0,1,1,1,0,1,80,1,2,0,0,1,1,31.0,,voiture,,1,1,1,1,6
201900029283,2019-11-11 16:50:00,2019,11,11,16,50,82,82136,Route de Campsas,43.908645,1.391598,Plein jour,Hors agglomération,Hors intersection,Pluie légère,Deux véhicules - côté,3,2,2,0,1,1,2,0,1,80,2,3,2,0,0,1,39.0,16.0,voiture,deux_roues,1,1,1,2,3
201900029284,2019-11-11 20:05:00,2019,11,11,20,5,22,22046,8 Rue de Croquelien (Le Gouray),48.301493,-2.522911,Nuit avec éclairage allumé,En agglomération,Hors intersection,Pluie légère,Sans collision,4,2,2,0,1,2,2,0,3,50,1,3,0,0,1,2,40.0,,voiture,,5,2,1,2,7
201900029285,2019-11-11 06:35:00,2019,11,11,6,35,25,25050,D461,47.109775,6.619494,Nuit sans éclairage public,Hors agglomération,Hors intersection,Brouillard / fumée,Deux véhicules - côté,3,3,2,0,4,1,1,0,1,80,2,2,1,0,0,1,43.0,48.0,voiture,voiture,3,1,1,5,3
201900029286,2019-11-01 01:15:00,2019,11,1,1,15,44,44129,la vallée de berreau,47.474814,-2.110711,Nuit sans éclairage public,En agglomération,Hors intersection,Pluie légère,Sans collision,3,2,2,0,1,1,2,0,3,80,1,2,0,0,1,1,15.0,,deux_roues,,3,2,1,2,7
201900029287,2019-11-11 16:30:00,2019,11,11,16,30,38,38357,Rue de la République,45.548697,5.534618,Plein jour,En agglomération,Intersection en X,Normale,Deux véhicules - côté,3,2,2,0,1,1,1,9,8,50,2,3,1,0,1,1,15.0,66.0,deux_roues,voiture,1,2,2,1,3
201900029288,2019-11-12 09:10:00,2019,11,12,9,10,1,01236,D28,46.331555,5.083812,Plein jour,Hors agglomération,Intersection en X,Normale,Deux véhicules - côté,3,2,2,0,1,1,1,0,1,70,2,3,2,1,0,0,89.0,47.0,voiture,utilitaire_camion,1,1,2,1,3
201900029289,2019-11-12 12:10:00,2019,11,12,12,10,60,60577,Route Nationale 31,49.447463,1.803608,Plein jour,En agglomération,Hors intersection,Normale,Autre collision,2,2,2,0,1,1,2,0,4,50,1,2,0,0,0,2,32.0,,voiture,,1,2,1,1,6
201900029290,2019-11-11 20:30:00,2019,11,11,20,30,16,16143,Ld La  Moullière,45.513358,0.195743,Nuit sans éclairage public,Hors agglomération,Hors intersection,Temps couvert,Autre collision,3,2,2,0,2,1,2,0,3,80,1,1,0,0,1,0,24.0,,voiture,,3,1,1,8,6
201900029291,2019-11-12 08:45:00,2019,11,12,8,45,85,85073,La Frise,46.48479,-1.18558,Plein jour,Hors agglomération,Hors intersection,Temps couvert,Deux véhicules - frontale,3,2,2,0,1,1,2,0,1,80,2,2,1,0,0,1,21.0,61.0,voiture,voiture,1,1,1,8,1
201900029292,2019-11-12 18:30:00,2019,11,12,18,30,27,27435,cd810 - PR 027.700,49.280497,0.522796,Nuit sans éclairage public,Hors agglomération,Hors intersection,Pluie légère,Autre collision,3,2,2,0,1,1,2,0,1,80,1,2,1,1,0,0,35.0,,utilitaire_camion,,3,1,1,2,6
201900029293,2019-11-06 12:45:00,2019,11,6,12,45,37,37170,Rue des Prés,47.6021339,0.5991189,Plein jour,En agglomération,Intersection en X,Normale,Deux véhicules - côté,3,2,2,0,1,1,1,5,1,50,2,2,1,0,0,1,20.0,21.0,voiture,voiture,1,2,2,1,3
201900029294,2019-11-09 06:00:00,2019,11,9,6,0,973,97307,RN 2 PR13,4.8038578,-52.3768207,Plein jour,Hors agglomération,Hors intersection,Normale,Deux véhicules - côté,2,3,2,0,1,1,1,0,1,80,2,2,1,0,1,0,43.0,26.0,autre,deux_roues,1,1,1,1,3
201900029295,2019-11-08 15:00:00,2019,11,8,15,0,13,13050,intersection RD7 - D917,43.638601,5.277377,Plein jour,Hors agglomération,Autre intersection,Normale,Deux véhicules - frontale,3,2,2,0,1,1,1,0,1,80,2,2,1,0,1,0,32.0,54.0,deux_roues,voiture,1,1,9,1,1
201900029296,2019-11-11 19:40:00,2019,11,11,19,40,33,33382,A10,45.12266,-0.48571,Nuit sans éclairage public,Hors agglomération,Hors intersection,Temps couvert,Trois véhicules et plus - collisions multiples,1,3,4,0,1,1,2,9,1,130,3,8,5,1,1,1,78.0,21.0,voiture,voiture,3,1,1,8,5
201900029297,2019-11-12 13:10:00,2019,11,12,13,10,72,72080,autoroute A 11,48.178968,0.68597,Plein jour,Hors agglomération,Hors intersection,Normale,Sans collision,1,3,3,0,1,1,1,0,1,130,1,2,1,1,0,0,38.0,,voiture,,1,1,1,1,7
201900029298,2019-11-12 10:15:00,2019,11,12,10,15,6,06085,autoroute A8  pk168.800 chaussée nord,43.594558,7.042554,Plein jour,Hors agglomération,Hors intersection,Normale,Deux véhicules - arrière,1,3,4,0,1,1,1,0,1,110,2,3,2,0,1,0,53.0,19.0,deux_roues,voiture,1,1,1,1,2
201900029299,2019-11-12 05:40:00,2019,11,12,5,40,83,83116,A8,43.457137,5.87195,Nuit sans éclairage public,Hors agglomération,Hors intersection,Normale,Autre collision,1,1,3,0,1,1,1,0,1,130,1,1,0,0,1,0,29.0,,voiture,,3,1,1,1,6
201900029300,2019-11-08 07:15:00,2019,11,8,7,15,976,97617,D1,-12.78959,45.13167,Plein jour,En agglomération,Hors intersection,Normale,Deux véhicules - frontale,3,2,1,0,1,1,1,0,1,50,2,2,1,0,1,0,39.0,54.0,voiture,deux_roues,1,2,1,1,1
201900029301,2019-11-12 07:55:00,2019,11,12,7,55,76,76705,A13,49.324913,1.09547,Plein jour,Hors agglomération,Hors intersection,Pluie légère,Deux véhicules - côté,1,1,3,0,2,1,2,0,1,110,2,2,1,0,0,1,18.0,24.0,voiture,deux_roues,1,1,1,2,3
201900029302,2019-11-12 07:50:00,2019,11,12,7,50,988,98817,route du Sud,-22.237603,166.585815,Plein jour,Hors agglomération,Hors intersection,Normale,Trois véhicules et plus - collisions multiples,3,2,2,0,1,3,1,0,1,50,3,3,2,0,1,0,57.0,47.0,voiture,voiture,1,1,1,1,5
201900029303,2019-11-10 20:15:00,2019,11,10,20,15,971,97128,Lieu Dit Chateaubrun,16.251602,-61.354311,Nuit sans éclairage public,En agglomération,Intersection en Y,Normale,Deux véhicules - côté,2,2,2,0,1,1,1,0,1,80,2,3,1,0,1,1,34.0,29.0,voiture,deux_roues,3,2,4,1,3
201900029304,2019-11-11 22:45:00,2019,11,11,22,45,77,77171,D5-21 Avenue Foch,48.90488,2.81295,Nuit avec éclairage allumé,En agglomération,Hors intersection,Pluie légère,Autre collision,3,2,2,2,1,4,2,0,4,50,1,1,0,0,0,1,22.0,,voiture,,5,2,1,2,6
201900029305,2019-11-11 20:40:00,2019,11,11,20,40,77,77142,D934,48.84384,2.95105,Nuit sans éclairage public,Hors agglomération,Hors intersection,Pluie légère,Deux véhicules - frontale,3,2,2,0,1,1,2,0,1,80,2,2,0,0,0,2,22.0,28.0,voiture,voiture,3,1,1,2,1
201900029306,2019-11-10 12:05:00,2019,11,10,12,5,91,91405,D372,48.427086,2.469216,Plein jour,Hors agglomération,Hors intersection,Normale,Deux véhicules - frontale,3,2,2,0,1,1,2,0,1,70,2,3,1,0,1,1,23.0,54.0,voiture,voiture,1,1,1,1,1
201900029307,2019-11-12 18:20:00,2019,11,12,18,20,66,66088,9 Route de Montalba,42.674418,2.616314,Nuit sans éclairage public,Hors agglomération,Hors intersection,Normale,Deux véhicules - arrière,2,3,4,0,1,1,1,0,1,110,2,3,1,0,1,1,53.0,56.0,voiture,voiture,3,1,1,1,2
201900029308,2019-11-10 19:25:00,2019,11,10,19,25,66,66038,rue des templiers,42.656072,2.839919,Nuit avec éclairage allumé,En agglomération,Hors intersection,Normale,Sans collision,4,2,2,0,1,1,1,0,4,50,1,1,0,0,1,0,29.0,,deux_roues,,5,2,1,1,7
201900029309,2019-11-12 07:40:00,2019,11,12,7,40,34,34299,Rue Georges Ricard,43.28592,3.273837,Plein jour,En agglomération,Hors intersection,Normale,Deux véhicules - frontale,4,2,2,0,1,1,1,0,1,50,2,2,1,0,0,1,12.0,33.0,deux_roues,voiture,1,2,1,1,1
201900029310,2019-10-23 09:40:00,2019,10,23,9,40,54,54393,D151,48.474159,6.646874,Plein jour,Hors agglomération,Hors intersection,Brouillard / fumée,Deux véhicules - frontale,3,2,2,0,1,2,1,0,1,80,2,3,2,0,1,0,18.0,41.0,voiture,utilitaire_camion,1,1,1,5,1
201900029311,2019-11-11 21:00:00,2019,11,11,21,0,1,01385,780 Route de St Remy,46.19263,5.16701,Nuit avec éclairage allumé,En agglomération,Hors intersection,Pluie légère,Autre collision,3,2,2,0,2,1,2,0,3,50,1,2,1,0,1,0,16.0,,deux_roues,,5,2,1,2,6
201900029312,2019-11-04 06:40:00,2019,11,4,6,40,69,69143,Avenue Auguste Wissel,45.88071,4.84682,Crépuscule ou aube,En agglomération,Hors intersection,Pluie légère,Deux véhicules - côté,3,2,2,0,2,1,2,0,1,50,2,2,1,0,0,1,47.0,35.0,deux_roues,voiture,2,2,1,2,3
201900029313,2019-11-10 14:35:00,2019,11,10,14,35,22,22162,D 786,48.768318,-3.089655,Plein jour,Hors agglomération,Intersection en X,Temps couvert,Deux véhicules - côté,3,2,2,0,1,1,1,0,1,80,2,2,1,0,1,0,24.0,90.0,voiture,voiture,1,1,2,8,3
201900029314,2019-11-08 17:15:00,2019,11,8,17,15,67,67043,Autoroute A.4,48.6153,7.7266,Nuit sans éclairage public,Hors agglomération,Hors intersection,Pluie légère,Trois véhicules et plus - en chaîne,1,1,3,0,1,1,2,0,1,90,3,5,4,0,0,1,36.0,27.0,voiture,voiture,3,1,1,2,4
201900029315,2019-11-11 16:00:00,2019,11,11,16,0,33,33039,ROCADE A 630,44.79579,-0.53906,Plein jour,Hors agglomération,Hors intersection,Normale,Trois véhicules et plus - en chaîne,1,1,1,0,1,1,1,3,1,90,3,8,7,0,0,1,26.0,42.0,voiture,voiture,1,1,1,1,4
201900029316,2019-11-11 10:40:00,2019,11,11,10,40,91,91477,AUTOROUTE A126,48.7182,2.2606,Plein jour,Hors agglomération,Hors intersection,Pluie forte,Deux véhicules - côté,1,4,3,0,1,1,2,0,1,90,2,2,1,0,0,1,53.0,44.0,utilitaire_camion,voiture,1,1,1,3,3
201900029317,2019-11-11 07:00:00,2019,11,11,7,0,91,91689,AUTOROUTE A6A,48.7466,2.3253,Nuit sans éclairage public,Hors agglomération,Hors intersection,Normale,Sans collision,1,3,3,0,4,1,1,0,1,110,1,1,0,0,0,1,38.0,,voiture,,3,1,1,1,7
201900029318,2019-11-10 17:50:00,2019,11,10,17,50,77,77495,AUTOROUTE A5,48.58984,2.63696,Nuit sans éclairage public,Hors agglomération,Hors intersection,Pluie légère,Sans collision,1,1,2,0,1,2,2,3,1,70,1,1,0,0,0,1,66.0,,voiture,,3,1,1,2,7
201900029319,2019-11-10 11:50:00,2019,11,10,11,50,92,92064,N118,48.8274105,2.2245118,Plein jour,Hors agglomération,Hors intersection,Pluie légère,Deux véhicules - arrière,2,-1,2,0,2,2,2,0,1,70,2,2,1,0,0,1,49.0,47.0,voiture,voiture,1,1,1,2,2
201900029320,2019-11-11 19:30:00,2019,11,11,19,30,77,77181,A4,48.82994,2.70676,Nuit sans éclairage public,Hors agglomération,Hors intersection,Normale,Deux véhicules - arrière,1,3,3,0,1,1,1,0,1,130,2,2,1,0,0,1,34.0,23.0,voiture,voiture,3,1,1,1,2
201900029321,2019-11-10 21:15:00,2019,11,10,21,15,94,94073,A86 INT,48.7685472,2.3787416,Nuit sans éclairage public,Hors agglomération,Hors intersection,Normale,Deux véhicules - côté,1,1,2,0,1,3,1,0,1,90,2,2,1,0,0,1,18.0,45.0,voiture,voiture,3,1,1,1,3
201900029322,2019-11-10 12:50:00,2019,11,10,12,50,94,94069,A4,48.8167,2.4333,Plein jour,Hors agglomération,Hors intersection,Temps couvert,Trois véhicules et plus - collisions multiples,1,1,5,0,1,1,2,0,1,90,5,5,4,0,0,1,51.0,25.0,voiture,deux_roues,1,1,1,8,5
201900029323,2019-11-10 12:00:00,2019,11,10,12,0,77,77258,A4.Y,48.8317212,2.6487651,Plein jour,Hors agglomération,Hors intersection,Pluie légère,Trois véhicules et plus - collisions multiples,1,3,5,0,2,3,2,0,1,110,3,3,2,0,1,0,22.0,58.0,utilitaire_camion,voiture,1,1,1,2,5
201900029324,2019-11-10 01:40:00,2019,11,10,1,40,77,77468,A104,48.83299,2.66427,Nuit sans éclairage public,Hors agglomération,Hors intersection,Pluie légère,Autre collision,1,1,2,0,1,3,2,3,1,70,2,3,2,0,0,1,59.0,22.0,voiture,voiture,3,1,1,2,6