accident_id,datetime,annee,mois,jour,heure,minute,departement,commune_insee,adresse,latitude,longitude,luminosite,agglomeration,intersection,meteo,collision,catr,circ,nbv,vosp,prof,plan,surf,infra,situ,vma,nb_vehicules,nb_usagers,nb_indemnes,nb_tues,nb_blesses_hosp,nb_blesses_legers,age_cond_1,age_cond_2,veh_type_cond_1,veh_type_cond_2,lum_code,agg_code,int_code,atm_code,col_code
201900029503,2019-12-18 22:30:00,2019,12,18,22,30,13,13212,SAINT PIERRE (RUE),43.291301,5.416972,Nuit avec éclairage allumé,En agglomération,Intersection en T,Normale,Sans collision,4,2,2,0,1,1,1,4,1,50,1,1,0,0,0,1,26.0,,deux_roues,,5,2,3,1,7
201900029504,2019-12-18 08:00:00,2019,12,18,8,0,13,13202,PEYSSONNEL (RUE),43.315404,5.368178,Plein jour,En agglomération,Intersection en T,Normale,Deux véhicules - côté,4,2,1,0,1,1,1,0,1,50,2,2,0,0,0,2,45.0,42.0,voiture,voiture,1,2,3,1,3
201900029505,2019-12-14 19:45:00,2019,12,14,19,45,7,07316,NIMES (ROUTE DE),44.8805,4.8491,Nuit sans éclairage public,Hors agglomération,Hors intersection,Pluie légère,Deux véhicules - arrière,3,2,2,0,1,1,2,0,1,70,2,2,0,0,0,2,22.0,26.0,voiture,voiture,3,1,1,2,2
201900029506,2019-12-18 15:15:00,2019,12,18,15,15,5,05061,CHAMPS FORAIN ( CHEMIN DE ),44.57755,6.12098,Plein jour,Hors agglomération,Intersection en T,Normale,Deux véhicules - côté,2,2,2,0,2,1,1,0,1,50,2,3,1,0,0,2,21.0,80.0,utilitaire_camion,voiture,1,1,3,1,3
201900029507,2019-12-18 20:45:00,2019,12,18,20,45,2,02408,RN2,49.54604,3.6082,Nuit sans éclairage public,Hors agglomération,Intersection en X,Temps couvert,Deux véhicules - côté,2,2,2,0,1,1,2,0,1,80,2,2,1,1,0,0,37.0,17.0,voiture,deux_roues,3,1,2,8,3
201900029508,2019-12-19 18:20:00,2019,12,19,18,20,75,75114,BD PERIPHERIQUE INTERIEUR,48.820387,2.324441,Nuit avec éclairage allumé,En agglomération,Hors intersection,Normale,Deux véhicules - arrière,4,1,3,0,1,1,1,0,1,70,2,2,1,0,0,1,21.0,61.0,deux_roues,voiture,5,2,1,1,2
201900029509,2019-12-19 20:05:00,2019,12,19,20,5,75,75113,BD PERIPHERIQUE INTERIEUR,48.816467,2.34455,Nuit avec éclairage allumé,En agglomération,Hors intersection,Pluie légère,Deux véhicules - côté,4,1,3,0,1,1,2,0,1,70,2,2,1,0,0,1,33.0,39.0,deux_roues,voiture,5,2,1,2,3
201900029510,2019-12-18 17:15:00,2019,12,18,17,15,75,75116,BD PERIPHERIQUE EXTERIEUR,48.8713064,2.2730219,Nuit avec éclairage allumé,En agglomération,Hors intersection,Normale,Autre collision,4,1,4,0,1,1,1,1,1,70,3,2,1,0,0,1,48.0,21.0,voiture,deux_roues,5,2,1,1,6
201900029511,2019-12-19 19:40:00,2019,12,19,19,40,75,75119,AVENUE JEAN JAURES,48.885027,2.378792,Nuit avec éclairage allumé,En agglomération,Intersection en T,Normale,Autre collision,4,2,2,0,1,1,1,0,1,50,1,2,1,0,0,1,21.0,,voiture,,5,2,3,1,6
201900029512,2019-12-19 16:20:00,2019,12,19,16,20,75,75119,BOULEVARD SERURIER,48.8922099,2.3952127,Crépuscule ou aube,En agglomération,Hors intersection,Temps couvert,Deux véhicules - arrière,4,1,2,0,1,1,2,1,1,50,2,3,2,0,0,1,25.0,27.0,utilitaire_camion,voiture,2,2,1,8,2
201900029513,2019-12-19 08:00:00,2019,12,19,8,0,75,75119,RUE DE CHAUMONT,48.8816336,2.3723261,Crépuscule ou aube,En agglomération,Intersection en T,Normale,Autre collision,4,1,1,0,1,3,1,0,1,30,1,2,1,0,0,1,49.0,,utilitaire_camion,,2,2,3,1,6
201900029514,2019-12-19 19:23:00,2019,12,19,19,23,75,75117,BOULEVARD DE DOUAUMONT,48.895837,2.30898,Nuit avec éclairage allumé,En agglomération,Hors intersection,Normale,Autre collision,4,1,1,0,1,1,1,0,1,30,1,1,0,0,1,0,28.0,,deux_roues,,5,2,1,1,6
201900029515,2019-12-19 15:20:00,2019,12,19,15,20,75,75117,AVENUE DE CLICHY,48.8877818,2.3250708,Plein jour,En agglomération,Hors intersection,Normale,Autre collision,4,3,3,-1,2,1,1,0,1,30,1,2,1,0,0,1,27.0,,deux_roues,,1,2,1,1,6
201900029516,2019-12-18 12:40:00,2019,12,18,12,40,75,75117,AVENUE DES TERNES,48.879989,2.288429,Plein jour,En agglomération,Intersection en X,Normale,Deux véhicules - côté,4,2,4,0,1,2,1,0,1,50,2,2,1,0,0,1,28.0,53.0,deux_roues,utilitaire_camion,1,2,2,1,3
201900029517,2019-12-17 10:10:00,2019,12,17,10,10,75,75117,AVENUE DE VILLIERS,48.8823316,2.3117396,Plein jour,En agglomération,Intersection en X,Normale,Deux véhicules - côté,4,2,2,0,1,1,1,0,1,50,2,2,1,0,0,1,34.0,32.0,deux_roues,voiture,1,2,2,1,3
201900029518,2019-12-19 13:45:00,2019,12,19,13,45,75,75114,RUE RAYMOND LOSSERAND,48.831821,2.314138,Plein jour,En agglomération,Intersection en X,Normale,Autre collision,4,1,1,0,1,1,2,0,1,50,1,2,1,0,0,1,29.0,,deux_roues,,1,2,2,1,6
201900029519,2019-12-19 09:40:00,2019,12,19,9,40,75,75114,BOULEVARD JOURDAN,48.8214887,2.3338295,Plein jour,En agglomération,Intersection en T,Normale,Deux véhicules - côté,4,3,2,1,1,1,1,0,5,50,2,3,2,0,0,1,31.0,24.0,utilitaire_camion,deux_roues,1,2,3,1,3
201900029520,2019-12-18 07:50:00,2019,12,18,7,50,75,75113,QUAI FRANCOIS MAURIAC,48.835683,2.37538,Plein jour,En agglomération,Intersection en T,Temps couvert,Deux véhicules - côté,4,2,2,1,1,1,1,0,5,50,2,2,1,0,0,1,30.0,20.0,deux_roues,voiture,1,2,3,8,3
201900029521,2019-12-19 09:20:00,2019,12,19,9,20,75,75112,BOULEVARD PONIATOWSKI,48.834267,2.404724,Plein jour,En agglomération,Intersection en T,Temps couvert,Deux véhicules - côté,4,2,2,1,2,1,1,0,5,30,2,2,1,0,0,1,26.0,37.0,deux_roues,voiture,1,2,3,8,3
201900029522,2019-12-19 09:14:00,2019,12,19,9,14,75,75112,AVENUE DE LA PORTE DE CHARENTON,48.830236,2.400161,Plein jour,En agglomération,Hors intersection,Normale,Deux véhicules - côté,4,2,4,0,1,1,1,0,1,50,2,2,1,0,0,1,31.0,44.0,voiture,deux_roues,1,2,1,1,3
201900029523,2019-12-19 01:15:00,2019,12,19,1,15,75,75112,RUE DE CHARENTON,48.837309,2.391205,Nuit avec éclairage allumé,En agglomération,Intersection en X,Normale,Deux véhicules - côté,4,2,2,0,1,1,1,0,1,50,2,2,1,0,0,1,28.0,21.0,deux_roues,voiture,5,2,2,1,3
201900029524,2019-12-19 13:25:00,2019,12,19,13,25,75,75108,PLACE DE LA CONCORDE,48.866754,2.322074,Plein jour,En agglomération,Place,Normale,Deux véhicules - côté,4,1,9,0,1,1,1,0,1,50,2,2,1,0,0,1,28.0,22.0,deux_roues,voiture,1,2,7,1,3
201900029525,2019-12-19 09:25:00,2019,12,19,9,25,75,75108,RUE DE ROME,48.8741644,2.3257676,Plein jour,En agglomération,Intersection en Y,Pluie légère,Autre collision,4,2,2,-1,2,1,2,0,1,50,1,2,1,0,0,1,60.0,,utilitaire_camion,,1,2,4,2,6
201900029526,2019-12-18 23:30:00,2019,12,18,23,30,75,75114,RUE JULIA BARTET,48.826238,2.302974,Nuit avec éclairage allumé,En agglomération,Hors intersection,Normale,Deux véhicules - arrière,4,2,2,0,2,1,1,0,1,50,2,2,1,0,0,1,23.0,29.0,voiture,voiture,5,2,1,1,2
201900029527,2019-12-19 19:10:00,2019,12,19,19,10,75,75107,RUE DU BAC,48.852362,2.3236245,Nuit avec éclairage allumé,En agglomération,Hors intersection,Normale,Sans collision,4,1,1,1,1,1,1,0,5,50,1,1,0,0,0,1,59.0,,deux_roues,,5,2,1,1,7
201900029528,2019-12-19 15:15:00,2019,12,19,15,15,75,75107,QUAI BRANLY,48.861405,2.29721,Plein jour,En agglomération,Hors intersection,Temps couvert,Autre collision,4,2,2,0,1,1,1,0,1,50,1,1,0,0,0,1,47.0,,deux_roues,,1,2,1,8,6
201900029529,2019-12-19 11:30:00,2019,12,19,11,30,75,75104,QUAI DES CELESTINS,48.851027,2.361127,Plein jour,En agglomération,Intersection en Y,Temps couvert,Sans collision,4,2,2,-1,2,1,3,6,6,30,1,1,0,0,0,1,72.0,,deux_roues,,1,2,4,8,7
201900029530,2019-12-19 08:20:00,2019,12,19,8,20,75,75101,RUE DE RICHELIEU,48.863864,2.335896,Plein jour,En agglomération,Place,Normale,Autre collision,4,1,2,0,1,1,1,0,1,50,2,3,2,0,0,1,30.0,,utilitaire_camion,,1,2,7,1,6
201900029531,2019-12-18 12:40:00,2019,12,18,12,40,75,75103,RUE PAVEE,48.857252,2.361755,Plein jour,En agglomération,Intersection en X,Normale,Autre collision,4,1,1,0,1,1,1,0,1,30,1,1,0,0,0,1,,,,,1,2,2,1,6
201900029532,2019-12-16 23:48:00,2019,12,16,23,48,75,75103,RUE REAUMUR,48.865957,2.353775,Nuit avec éclairage allumé,En agglomération,Intersection en X,Normale,Autre collision,4,1,3,-1,1,1,1,0,1,50,1,2,1,0,0,1,60.0,,voiture,,5,2,2,1,6
201900029533,2019-12-18 18:00:00,2019,12,18,18,0,94,94068,FOCH (AV),48.80187,2.49301,Crépuscule ou aube,En agglomération,Intersection en T,Normale,Deux véhicules - côté,3,2,1,0,1,1,1,0,1,50,2,2,1,0,0,1,21.0,89.0,voiture,voiture,2,2,3,1,3
201900029534,2019-12-18 15:00:00,2019,12,18,15,0,94,94015,DAGUERRE (PL),48.83429,2.5189,Plein jour,En agglomération,Giratoire,Normale,Deux véhicules - côté,4,1,2,0,2,2,1,0,1,50,2,2,1,0,0,1,48.0,55.0,deux_roues,voiture,1,2,6,1,3
201900029535,2019-10-07 07:30:00,2019,10,7,7,30,35,35238,BOSPHORE (DU),48.083834,-1.67707,Nuit avec éclairage allumé,En agglomération,Giratoire,Pluie forte,Deux véhicules - côté,4,1,1,0,1,1,2,0,1,30,2,2,1,0,0,1,61.0,28.0,deux_roues,utilitaire_camion,5,2,6,3,3
201900029536,2019-09-13 14:00:00,2019,9,13,14,0,33,33281,AVE DE LA SOMME,44.83075,-0.65819,Plein jour,En agglomération,Giratoire,Normale,Autre collision,4,2,6,2,1,1,1,0,1,50,1,1,0,0,0,1,46.0,,deux_roues,,1,2,6,1,6
201900029537,2019-10-05 08:50:00,2019,10,5,8,50,33,33281,VERDUN (AVE DE),44.84174,-0.64638,Plein jour,En agglomération,Intersection en X,Normale,Autre collision,4,2,2,0,1,1,1,0,1,30,1,2,1,0,0,1,47.0,,transport_commun,,1,2,2,1,6
201900029538,2019-10-05 04:40:00,2019,10,5,4,40,33,33281,AVE DE L'ARGONNE,44.81332,-0.71814,Nuit avec éclairage allumé,En agglomération,Hors intersection,Normale,Deux véhicules - arrière,4,2,2,0,1,1,2,0,1,50,2,1,0,0,1,0,47.0,,deux_roues,,5,2,1,1,2
201900029539,2019-10-06 12:45:00,2019,10,6,12,45,31,31149,GRAMONT (CHEMIN DE),43.61943,1.33974,Plein jour,En agglomération,Hors intersection,Normale,Deux véhicules - côté,4,2,2,0,1,1,1,0,1,50,2,2,1,0,1,0,18.0,54.0,voiture,deux_roues,1,2,1,1,3
201900029540,2019-10-06 01:45:00,2019,10,6,1,45,31,31555,GRANDE BRETAGNE (AV DE) DU 39AU 306,43.60446,1.40507,Nuit avec éclairage allumé,En agglomération,Hors intersection,Normale,Sans collision,4,1,3,1,3,3,1,0,1,50,1,1,0,0,0,1,24.0,,voiture,,5,2,1,1,7
201900029541,2019-10-04 20:25:00,2019,10,4,20,25,31,31555,RTE DE NARBONNE,43.56914,1.45631,Nuit avec éclairage non allumé,En agglomération,Hors intersection,Normale,Deux véhicules - frontale,3,2,3,3,1,1,1,0,1,50,2,2,1,0,0,1,21.0,30.0,voiture,deux_roues,4,2,1,1,1
201900029542,2019-10-04 13:05:00,2019,10,4,13,5,31,31555,VA007331 A620,43.57208,1.45907,Plein jour,Hors agglomération,Hors intersection,Pluie légère,Sans collision,1,3,1,0,1,3,2,0,1,90,1,1,0,0,1,0,26.0,,deux_roues,,1,1,1,2,7
201900029543,2019-10-04 07:20:00,2019,10,4,7,20,31,31555,VA007473 A62,43.64931,1.43391,Crépuscule ou aube,Hors agglomération,Hors intersection,Normale,Deux véhicules - arrière,1,3,4,0,1,1,1,0,1,90,2,2,1,0,1,0,28.0,47.0,deux_roues,voiture,2,1,1,1,2
201900029544,2019-09-30 17:20:00,2019,9,30,17,20,31,31555,BD LASCROSSES,43.611,1.43712,Plein jour,En agglomération,Hors intersection,Normale,Deux véhicules - côté,4,3,4,3,1,1,1,0,1,50,2,2,1,0,1,0,41.0,23.0,deux_roues,utilitaire_camion,1,2,1,1,3
201900029545,2019-10-05 18:09:00,2019,10,5,18,9,30,30007,GAMBETTA (BOULEVARD),44.12341,4.08437,Plein jour,En agglomération,Hors intersection,Normale,Autre collision,4,2,2,0,1,1,1,0,1,50,1,2,1,0,1,0,45.0,,voiture,,1,2,1,1,6
201900029546,2019-10-07 11:15:00,2019,10,7,11,15,29,29039,KERNEACH ( ROND POINT DE),47.8849661,-3.9195295,Plein jour,En agglomération,Giratoire,Pluie légère,Sans collision,4,-1,1,0,1,2,2,0,1,50,1,1,0,0,0,1,25.0,,deux_roues,,1,2,6,2,7
201900029547,2019-10-07 14:00:00,2019,10,7,14,0,17,17028,GRASSET   AVENUE EDMOND,46.132534,-1.111054,Plein jour,Hors agglomération,Hors intersection,Pluie légère,Deux véhicules - arrière,4,2,2,0,1,1,2,0,1,50,2,2,1,0,0,1,43.0,39.0,voiture,voiture,1,1,1,2,2
201900029548,2019-10-05 21:35:00,2019,10,5,21,35,17,17300,DELMAS   BOULEVARD EMILE,46.1611,-1.2121,Nuit avec éclairage allumé,En agglomération,Hors intersection,Normale,Deux véhicules - arrière,4,2,2,1,1,1,1,0,1,50,2,2,1,0,0,1,37.0,32.0,voiture,utilitaire_camion,5,2,1,1,2
201900029549,2019-10-07 12:50:00,2019,10,7,12,50,13,13205,GEORGE (RUE),43.296148,5.397844,Plein jour,En agglomération,Intersection en T,Normale,Deux véhicules - côté,4,2,3,0,1,1,1,0,1,50,2,2,1,0,0,1,55.0,17.0,voiture,deux_roues,1,2,3,1,3
201900029550,2019-10-07 08:30:00,2019,10,7,8,30,13,13209,SCHLOESING (BOULEVARD),43.2723616,5.4012,Plein jour,En agglomération,Hors intersection,Normale,Deux véhicules - frontale,4,2,6,0,1,1,1,0,1,50,2,2,1,0,0,1,66.0,43.0,voiture,voiture,1,2,1,1,1
201900029551,2019-10-07 07:45:00,2019,10,7,7,45,13,13201,RIVE NEUVE (QUAI DE),43.2926,5.3675,Plein jour,En agglomération,Autre intersection,Normale,Autre collision,4,-1,2,0,1,1,1,0,1,50,1,2,1,0,1,0,60.0,,voiture,,1,2,9,1,6
201900029552,2019-10-07 16:45:00,2019,10,7,16,45,13,13205,ABBÉ FERAUD (RUE),43.285641,5.391062,Plein jour,En agglomération,Autre intersection,Normale,Autre collision,4,1,2,0,1,1,1,0,1,50,2,1,0,0,1,0,33.0,,deux_roues,,1,2,9,1,6
201900029553,2019-10-06 20:54:00,2019,10,6,20,54,10,10081,VEUVE BENARD BODIER (RUE),48.3149455,4.048883,Nuit avec éclairage allumé,En agglomération,Hors intersection,Normale,Autre collision,4,1,1,0,1,3,1,0,1,50,1,1,0,0,0,1,33.0,,voiture,,5,2,1,1,6
201900029554,2019-10-06 04:45:00,2019,10,6,4,45,10,10333,ROCADE OUEST (RD 610),48.268636,4.0521403,Nuit avec éclairage allumé,Hors agglomération,Hors intersection,Normale,Sans collision,3,2,2,0,2,2,1,0,1,80,1,5,0,0,0,5,62.0,,voiture,,5,1,1,1,7
201900029555,2019-10-07 17:30:00,2019,10,7,17,30,6,06088,FRANCE (PONT ANATOLE),43.74107,7.309297,Plein jour,En agglomération,Hors intersection,Normale,Autre collision,7,2,2,0,1,1,1,2,8,50,1,3,1,0,0,2,81.0,,voiture,,1,2,1,1,6
201900029556,2019-10-07 15:45:00,2019,10,7,15,45,6,06088,RAYNAUD (BD AUGUSTE),43.715677,7.25787,Plein jour,En agglomération,Hors intersection,Normale,Autre collision,4,2,3,0,2,1,1,0,1,50,2,2,1,0,0,1,30.0,31.0,deux_roues,voiture,1,2,1,1,6
201900029557,2019-10-07 12:30:00,2019,10,7,12,30,6,06069,SAINTE MARGUERITE (CHEMIN),43.643448,6.951251,Plein jour,En agglomération,Hors intersection,Normale,Deux véhicules - côté,4,2,2,0,1,2,1,0,1,50,2,2,1,0,0,1,48.0,48.0,deux_roues,voiture,1,2,1,1,3
201900029558,2019-10-07 10:00:00,2019,10,7,10,0,75,75115,BD PERIPHERIQUE EXTERIEUR,48.833786,2.277052,Plein jour,En agglomération,Hors intersection,Normale,Trois véhicules et plus - en chaîne,4,1,3,0,1,1,1,0,1,70,3,3,2,0,0,1,50.0,55.0,voiture,voiture,1,2,1,1,4
201900029559,2019-10-07 20:10:00,2019,10,7,20,10,75,75106,QUAI DE CONTI,48.8568023,2.3392779,Nuit avec éclairage allumé,En agglomération,Hors intersection,Normale,Deux véhicules - frontale,4,1,4,3,1,1,1,0,6,30,2,2,1,0,0,1,37.0,43.0,deux_roues,deux_roues,5,2,1,1,1
201900029560,2019-10-07 16:10:00,2019,10,7,16,10,75,75120,RUE BELGRAND,48.8646095,2.4059702,Plein jour,En agglomération,Intersection en Y,Normale,Deux véhicules - côté,4,2,2,0,1,1,1,0,1,50,2,2,1,0,0,1,35.0,51.0,voiture,deux_roues,1,2,4,1,3
201900029561,2019-10-07 16:05:00,2019,10,7,16,5,75,75119,RUE DE BELLEVILLE,48.873015,2.380696,Plein jour,En agglomération,Hors intersection,Normale,Deux véhicules - arrière,4,2,2,0,2,1,1,0,1,50,2,2,0,0,0,2,32.0,31.0,deux_roues,deux_roues,1,2,1,1,2
201900029562,2019-10-07 08:33:00,2019,10,7,8,33,75,75119,BOULEVARD MACDONALD,48.8988412,2.3773364,Plein jour,En agglomération,Hors intersection,Normale,Autre collision,4,2,4,0,1,1,1,0,1,50,3,2,1,0,0,1,64.0,27.0,voiture,voiture,1,2,1,1,6
201900029563,2019-10-07 19:15:00,2019,10,7,19,15,75,75109,RUE DE CHATEAUDUN,48.8760866,2.337123,Nuit avec éclairage allumé,En agglomération,Intersection en X,Normale,Autre collision,4,2,3,0,1,1,1,0,1,50,1,2,0,0,0,2,55.0,,deux_roues,,5,2,2,1,6
201900029564,2019-10-07 18:54:00,2019,10,7,18,54,75,75117,BOULEVARD BERTHIER,48.890032,2.3041589,Crépuscule ou aube,En agglomération,Intersection en T,Normale,Deux véhicules - côté,4,3,2,1,1,1,1,5,5,30,2,2,1,0,0,1,37.0,13.0,voiture,deux_roues,2,2,3,1,3
201900029565,2019-10-07 17:15:00,2019,10,7,17,15,75,75117,AVENUE DE LA PORTE DE CLICHY,48.8962678,2.3100035,Plein jour,En agglomération,Intersection en X,Normale,Deux véhicules - côté,4,1,2,0,1,1,1,0,1,30,2,4,3,0,0,1,29.0,52.0,utilitaire_camion,deux_roues,1,2,2,1,3
201900029566,2019-10-07 14:45:00,2019,10,7,14,45,75,75117,AVENUE DE CLICHY,48.8940869,2.3141316,Plein jour,En agglomération,Intersection en T,Normale,Sans collision,4,2,2,0,1,1,1,0,1,30,1,1,0,0,0,1,30.0,,deux_roues,,1,2,3,1,7
201900029567,2019-10-07 10:00:00,2019,10,7,10,0,75,75117,BOULEVARD DES BATIGNOLLES,48.8832241,2.3253237,Plein jour,En agglomération,Intersection en T,Normale,Deux véhicules - côté,4,3,2,1,1,1,1,0,5,50,2,2,1,0,0,1,25.0,61.0,deux_roues,voiture,1,2,3,1,3
201900029568,2019-10-07 17:50:00,2019,10,7,17,50,75,75116,RUE DE LA SOURCE,48.850593,2.266454,Plein jour,En agglomération,Hors intersection,Normale,Autre collision,4,1,1,0,1,1,1,0,1,50,1,2,1,0,0,1,28.0,,utilitaire_camion,,1,2,1,1,6
201900029569,2019-10-07 03:05:00,2019,10,7,3,5,75,75116,ROUTE DE SURESNES,48.866317,2.231573,Nuit avec éclairage allumé,En agglomération,Intersection en X,Normale,Autre collision,4,2,1,0,1,1,1,0,1,50,2,1,0,0,0,1,52.0,,deux_roues,,5,2,2,1,6
201900029570,2019-10-02 19:45:00,2019,10,2,19,45,75,75116,ALLEE DE LA REINE MARGUERITE,48.8649259,2.249093,Nuit sans éclairage public,En agglomération,Intersection en X,Normale,Deux véhicules - côté,4,2,4,0,1,1,1,0,1,50,2,2,1,0,0,1,31.0,55.0,deux_roues,voiture,3,2,2,1,3
201900029571,2019-10-07 19:00:00,2019,10,7,19,0,75,75115,BOULEVARD VICTOR,48.8361774,2.2782948,Nuit avec éclairage allumé,En agglomération,Place,Pluie légère,Deux véhicules - côté,4,1,4,0,1,1,2,5,1,50,2,2,1,0,0,1,51.0,17.0,voiture,deux_roues,5,2,7,2,3
201900029572,2019-10-07 17:50:00,2019,10,7,17,50,75,75114,AVENUE DE L OBSERVATOIRE,48.8396771,2.3366506,Plein jour,En agglomération,Intersection en X,Temps couvert,Autre collision,4,2,3,0,1,1,1,0,1,50,2,3,2,0,0,1,18.0,36.0,deux_roues,voiture,1,2,2,8,6
201900029573,2019-10-07 18:40:00,2019,10,7,18,40,75,75112,AVENUE DAUMESNIL,48.8462767,2.3774856,Plein jour,En agglomération,Intersection en X,Normale,Deux véhicules - côté,4,2,4,0,1,1,1,0,1,50,2,3,1,0,0,2,64.0,29.0,voiture,deux_roues,1,2,2,1,3
201900029574,2019-10-07 15:00:00,2019,10,7,15,0,75,75112,CARREFOUR DE PYRAMIDE,48.8339963,2.4455832,Plein jour,En agglomération,Place,Normale,Autre collision,4,1,2,0,1,2,1,0,1,50,2,1,0,0,0,1,81.0,,deux_roues,,1,2,7,1,6
201900029575,2019-10-07 08:20:00,2019,10,7,8,20,75,75110,QUAI DE JEMMAPES,48.8732258,2.3641862,Plein jour,En agglomération,Intersection en X,Normale,Autre collision,4,1,3,-1,1,1,1,0,1,50,1,2,1,0,0,1,44.0,,voiture,,1,2,2,1,6
201900029576,2019-10-07 10:00:00,2019,10,7,10,0,75,75116,RUE CORTAMBERT,48.860141,2.278113,Plein jour,En agglomération,Intersection en X,Normale,Deux véhicules - côté,4,1,1,0,2,1,1,0,1,50,2,3,1,0,0,2,32.0,34.0,deux_roues,utilitaire_camion,1,2,2,1,3
201900029577,2019-10-06 04:15:00,2019,10,6,4,15,75,75108,RUE MARBEUF,48.8694962,2.3051511,Nuit avec éclairage allumé,En agglomération,Hors intersection,Normale,Autre collision,4,1,1,0,1,1,1,0,1,50,1,2,1,0,0,1,,,voiture,,5,2,1,1,6
201900029578,2019-10-07 17:50:00,2019,10,7,17,50,75,75102,PLACE DES VICTOIRES,48.865855,2.3414598,Plein jour,En agglomération,Place,Normale,Autre collision,4,1,2,0,1,1,1,0,1,50,1,1,0,0,0,1,,,,,1,2,7,1,6
201900029579,2019-10-06 09:35:00,2019,10,6,9,35,75,75101,QUAI FRANCOIS MITTERRAND,48.859465,2.336126,Plein jour,En agglomération,Hors intersection,Pluie légère,Deux véhicules - côté,4,1,2,0,1,1,2,0,1,50,2,2,1,0,0,1,60.0,47.0,transport_commun,deux_roues,1,2,1,2,3
201900029580,2019-10-07 15:30:00,2019,10,7,15,30,75,75104,RUE DE RIVOLI,48.8554569,2.3600888,Plein jour,En agglomération,Intersection en T,Normale,Autre collision,4,1,2,1,1,1,1,0,5,50,1,2,1,0,0,1,55.0,,deux_roues,,1,2,3,1,6
201900029581,2019-10-07 01:20:00,2019,10,7,1,20,75,75101,RUE DU PONT NEUF,48.8584786,2.3424695,Nuit avec éclairage allumé,En agglomération,Intersection en X,Normale,Deux véhicules - côté,4,1,1,0,1,1,1,0,1,50,2,3,2,0,0,1,58.0,58.0,voiture,voiture,5,2,2,1,3
201900029582,2019-10-07 06:15:00,2019,10,7,6,15,94,94046,CARNOT (R),48.80531,2.44148,Nuit avec éclairage allumé,En agglomération,Intersection en T,Normale,Autre collision,3,2,2,0,1,1,1,0,1,50,1,2,1,0,0,1,50.0,,utilitaire_camion,,5,2,3,1,6
201900029583,2019-10-07 13:30:00,2019,10,7,13,30,94,94041,JEAN LE GALLEU (R),48.81405,2.37659,Plein jour,En agglomération,Hors intersection,Normale,Deux véhicules - côté,3,1,1,0,1,1,1,0,1,50,2,2,1,0,0,1,43.0,14.0,utilitaire_camion,deux_roues,1,2,1,1,3
201900029584,2019-10-06 16:10:00,2019,10,6,16,10,94,94041,MARCEAU (R),48.82077,2.37829,Plein jour,En agglomération,Intersection en T,Normale,Autre collision,3,2,3,0,1,1,1,0,1,50,1,2,1,0,0,1,56.0,,utilitaire_camion,,1,2,3,1,6
201900029585,2019-10-07 18:20:00,2019,10,7,18,20,94,94017,ROLLAY (R),48.8126,2.52706,Plein jour,En agglomération,Intersection en Y,Normale,Autre collision,4,2,2,0,1,1,1,0,1,50,1,2,1,0,0,1,28.0,,voiture,,1,2,4,1,6
201900029586,2019-10-07 19:30:00,2019,10,7,19,30,93,93078,BALLANGER (BD ROBERT),48.95196,2.5284,Nuit avec éclairage allumé,En agglomération,Hors intersection,Normale,Deux véhicules - arrière,3,2,3,0,1,1,1,5,1,50,2,3,1,0,0,2,39.0,47.0,voiture,deux_roues,5,2,1,1,2
201900029587,2019-10-07 13:50:00,2019,10,7,13,50,93,93064,BOISSIERE (BOULEVARD DE LA),48.87627,2.46757,Plein jour,En agglomération,Intersection en X,Normale,Autre collision,4,2,2,0,1,1,1,0,1,50,1,2,1,0,0,1,23.0,,voiture,,1,2,2,1,6
201900029588,2019-10-07 20:45:00,2019,10,7,20,45,93,93046,ARISTIDE BRIAND AVENUE,48.91063,2.51255,Nuit avec éclairage allumé,En agglomération,Intersection en X,Normale,Trois véhicules et plus - en chaîne,3,2,4,3,1,1,1,5,1,50,3,3,2,0,0,1,29.0,63.0,voiture,voiture,5,2,2,1,4
201900029589,2019-10-07 08:45:00,2019,10,7,8,45,93,93046,CAMILLE DESMOULINS AVENUE,48.91245,2.52252,Plein jour,En agglomération,Hors intersection,Normale,Deux véhicules - arrière,3,-1,0,0,1,1,1,0,1,50,2,1,0,0,0,1,51.0,,voiture,,1,2,1,1,2
201900029590,2019-10-06 11:50:00,2019,10,6,11,50,93,93063,FRATERNITE RUE DE LA,48.87601,2.44463,Plein jour,En agglomération,Hors intersection,Temps couvert,Deux véhicules - arrière,4,1,1,0,1,1,2,0,1,50,2,2,1,0,0,1,19.0,42.0,deux_roues,utilitaire_camion,1,2,1,8,2
201900029591,2019-10-07 08:25:00,2019,10,7,8,25,93,93001,REPUBLIQUE (AVE DE LA ) 43/106 =>,48.9103,2.38558,Plein jour,En agglomération,Hors intersection,Normale,Autre collision,3,2,3,3,1,1,1,0,1,50,1,2,1,0,1,0,43.0,,voiture,,1,2,1,1,6
201900029592,2019-10-07 19:00:00,2019,10,7,19,0,92,92050,PICASSO PABLO AVENUE,48.890299,2.218265,Nuit avec éclairage allumé,En agglomération,Intersection en T,Normale,Deux véhicules - frontale,4,2,2,0,2,1,1,0,1,50,2,2,1,0,0,1,18.0,49.0,autre,voiture,5,2,3,1,1
201900029593,2019-10-04 23:15:00,2019,10,4,23,15,92,92036,PRINCIPALE DU PORT (ROUTE) (1/17),48.9407,2.29839,Nuit avec éclairage allumé,En agglomération,Hors intersection,Normale,Autre collision,4,1,2,0,1,1,1,0,1,50,1,1,0,0,1,0,20.0,,deux_roues,,5,2,1,1,6