accident_id,datetime,annee,mois,jour,heure,minute,departement,commune_insee,adresse,latitude,longitude,luminosite,agglomeration,intersection,meteo,collision,catr,circ,nbv,vosp,prof,plan,surf,infra,situ,vma,nb_vehicules,nb_usagers,nb_indemnes,nb_tues,nb_blesses_hosp,nb_blesses_legers,age_cond_1,age_cond_2,veh_type_cond_1,veh_type_cond_2,lum_code,agg_code,int_code,atm_code,col_code
201900029776,2019-01-25 19:30:00,2019,1,25,19,30,50,50540,la séguinière,48.789988,-1.491819,Nuit sans éclairage public,Hors agglomération,Intersection en X,Pluie légère,Deux véhicules - côté,3,2,2,0,1,1,2,0,1,80,2,3,2,0,0,1,25.0,32.0,voiture,voiture,3,1,2,2,3
201900029777,2019-01-26 16:30:00,2019,1,26,16,30,35,35177,za le triangle vert,48.202496,-1.736229,Plein jour,En agglomération,Intersection en X,Normale,Trois véhicules et plus - en chaîne,3,2,2,0,1,1,1,0,1,50,3,4,3,0,1,0,50.0,20.0,voiture,voiture,1,2,2,1,4
201900029778,2019-01-25 16:00:00,2019,1,25,16,0,38,38238,RD502,45.49518,5.04584,Plein jour,Hors agglomération,Intersection en X,Normale,Deux véhicules - côté,3,2,2,0,1,1,1,0,1,50,2,3,1,0,1,1,27.0,71.0,voiture,voiture,1,1,2,1,3
201900029779,2019-01-23 08:00:00,2019,1,23,8,0,38,38160,D41,45.482465,4.989947,Crépuscule ou aube,Hors agglomération,Intersection en X,Neige / grêle,Deux véhicules - côté,3,2,2,0,1,1,2,5,1,80,2,2,1,0,0,1,33.0,21.0,voiture,voiture,2,1,2,4,3
201900029780,2019-01-25 01:14:00,2019,1,25,1,14,85,85261,Autoroute A83,46.579903,-1.117312,Nuit sans éclairage public,Hors agglomération,Hors intersection,Pluie légère,Deux véhicules - arrière,1,-1,2,0,1,1,2,0,1,130,2,2,1,0,0,1,60.0,30.0,utilitaire_camion,voiture,3,1,1,2,2
201900029781,2019-01-26 04:20:00,2019,1,26,4,20,28,28269,A11,48.407317,1.50167,Nuit sans éclairage public,Hors agglomération,Hors intersection,Normale,Sans collision,1,1,5,0,1,1,2,0,3,130,1,3,2,0,1,0,60.0,,voiture,,3,1,1,1,7
201900029782,2019-01-27 15:50:00,2019,1,27,15,50,28,28142,départementale 12,48.295134,1.350837,Plein jour,Hors agglomération,Hors intersection,Pluie légère,Autre collision,3,2,2,0,1,1,2,0,3,80,1,2,0,0,1,1,37.0,,voiture,,1,1,1,2,6
201900029783,2019-01-24 19:20:00,2019,1,24,19,20,83,83004,rue jacques prevert,43.451319,6.487659,Nuit avec éclairage allumé,En agglomération,Hors intersection,Normale,Deux véhicules - frontale,4,2,2,0,1,1,1,0,1,50,2,2,1,0,1,0,37.0,26.0,voiture,deux_roues,5,2,1,1,1
201900029784,2019-01-18 15:00:00,2019,1,18,15,0,83,83085,RD 54,43.485187,6.510927,Plein jour,Hors agglomération,Hors intersection,Normale,Autre collision,3,2,2,2,1,1,1,0,5,80,1,1,0,1,0,0,72.0,,voiture,,1,1,1,1,6
201900029785,2019-01-25 19:20:00,2019,1,25,19,20,62,62730,route d'audruicq,50.855421,2.141435,Nuit avec éclairage allumé,En agglomération,Intersection en X,Pluie légère,Deux véhicules - côté,3,2,2,0,1,3,2,0,1,50,2,4,2,0,0,2,37.0,24.0,deux_roues,voiture,5,2,2,2,3
201900029786,2019-01-24 15:30:00,2019,1,24,15,30,11,11041,D5 - CABEZAC,43.297927,2.870548,Plein jour,En agglomération,Hors intersection,Normale,Autre collision,3,2,2,0,1,1,1,0,1,50,1,2,1,1,0,0,63.0,,voiture,,1,2,1,1,6
201900029787,2019-01-24 17:40:00,2019,1,24,17,40,46,46217,RD19,44.325488,1.457117,Crépuscule ou aube,Hors agglomération,Hors intersection,Normale,Deux véhicules - côté,3,2,2,0,1,1,1,9,1,80,2,2,1,0,1,0,37.0,57.0,voiture,deux_roues,2,1,1,1,3
201900029788,2019-01-22 16:20:00,2019,1,22,16,20,64,64418,Route départementale 33,43.373027,-0.592272,Plein jour,Hors agglomération,Hors intersection,Pluie légère,Deux véhicules - côté,3,2,2,0,1,2,2,0,1,70,2,2,1,0,0,1,43.0,40.0,voiture,utilitaire_camion,1,1,1,2,3
201900029789,2019-01-24 16:14:00,2019,1,24,16,14,22,22389,RN.12 - PR.048.100 - Vers ST BRIEUC,48.481094,-2.646117,Plein jour,Hors agglomération,Hors intersection,Pluie légère,Deux véhicules - arrière,2,3,4,3,1,1,2,0,1,110,2,3,1,0,0,2,34.0,61.0,utilitaire_camion,utilitaire_camion,1,1,1,2,2
201900029790,2019-01-24 00:30:00,2019,1,24,0,30,19,19147,"autoroute A20, PK 285.000",45.066537,1.506485,Nuit sans éclairage public,Hors agglomération,Hors intersection,Pluie légère,Trois véhicules et plus - en chaîne,1,3,4,0,1,1,2,0,1,130,3,7,4,0,2,1,63.0,49.0,utilitaire_camion,utilitaire_camion,3,1,1,2,4
201900029791,2019-01-23 18:50:00,2019,1,23,18,50,58,58002,D 2,47.444061,3.067052,Nuit sans éclairage public,Hors agglomération,Hors intersection,Neige / grêle,Autre collision,3,2,2,0,1,1,5,0,3,80,1,1,0,0,1,0,24.0,,voiture,,3,1,1,4,6
201900029792,2019-01-24 08:30:00,2019,1,24,8,30,38,38239,PLACE ANDRE SAGE,45.32724,5.56467,Plein jour,En agglomération,Autre intersection,Normale,Autre collision,4,2,2,0,1,1,1,6,1,50,1,2,1,0,1,0,41.0,,utilitaire_camion,,1,2,9,1,6
201900029793,2019-01-27 00:15:00,2019,1,27,0,15,6,06033,1501 route de la Zone Artisanale de la Grave,43.777816,7.20977,Nuit avec éclairage allumé,En agglomération,Hors intersection,Normale,Autre collision,4,2,2,0,1,1,1,0,3,50,1,2,0,1,1,0,22.0,,voiture,,5,2,1,1,6
201900029794,2019-01-14 15:15:00,2019,1,14,15,15,6,06033,Avenue Pierre Richard DICK,43.769207,7.201499,Plein jour,Hors agglomération,Hors intersection,Normale,Autre collision,9,2,2,0,1,2,1,0,4,70,1,2,0,0,1,1,34.0,,voiture,,1,1,1,1,6
201900029795,2019-01-16 19:00:00,2019,1,16,19,0,59,59653,rue poincaré,50.569195,2.950782,Nuit avec éclairage allumé,En agglomération,Hors intersection,Normale,Autre collision,7,2,2,0,1,1,1,0,1,50,1,2,1,0,1,0,48.0,,voiture,,5,2,1,1,6
201900029796,2019-01-26 10:50:00,2019,1,26,10,50,59,59067,rue maurice cornette,50.964365,2.432154,Plein jour,En agglomération,Hors intersection,Temps couvert,Autre collision,4,-1,2,0,1,1,2,9,1,30,1,2,1,0,1,0,65.0,,deux_roues,,1,2,1,8,6
201900029797,2019-01-27 18:15:00,2019,1,27,18,15,26,26341,RN7,45.137006,4.81705,Crépuscule ou aube,Hors agglomération,Hors intersection,Pluie légère,Deux véhicules - frontale,2,2,2,0,1,1,2,0,1,80,2,3,2,0,0,1,21.0,75.0,voiture,voiture,2,1,1,2,1
201900029798,2019-01-26 10:30:00,2019,1,26,10,30,85,85215,Rue Nationale,46.85059,-1.17611,Plein jour,En agglomération,Intersection en T,Pluie légère,Deux véhicules - frontale,3,2,2,0,1,1,2,5,1,-1,2,2,1,0,0,1,28.0,15.0,voiture,deux_roues,1,2,3,2,1
201900029799,2019-01-25 23:30:00,2019,1,25,23,30,85,85017,LE PONT DE BAZOGES-intersection D23 / D37,46.90616,-1.13048,Nuit sans éclairage public,Hors agglomération,Intersection en T,Normale,Autre collision,3,2,2,0,2,1,2,0,3,70,1,1,0,0,1,0,25.0,,voiture,,3,1,3,1,6
201900029800,2019-01-27 14:08:00,2019,1,27,14,8,87,87122,A20 - PR 155+537 - Sens N/S,46.048749,1.355933,Plein jour,Hors agglomération,Hors intersection,Pluie forte,Sans collision,1,3,4,0,2,1,4,0,3,130,1,2,1,0,1,0,74.0,,voiture,,1,1,1,3,7
201900029801,2019-01-24 08:15:00,2019,1,24,8,15,62,62045,route départementale 75,50.358246,2.593059,Crépuscule ou aube,Hors agglomération,Intersection en T,Temps couvert,Deux véhicules - côté,3,2,2,0,2,1,2,0,1,80,2,8,1,0,0,7,37.0,56.0,utilitaire_camion,transport_commun,2,1,3,8,3
201900029802,2019-01-22 20:00:00,2019,1,22,20,0,57,57231,RD 955,48.920745,6.33372,Nuit sans éclairage public,Hors agglomération,Hors intersection,Neige / grêle,Sans collision,3,2,2,0,1,1,5,0,3,80,1,1,0,0,1,0,22.0,,voiture,,3,1,1,4,7
201900029803,2019-01-25 22:00:00,2019,1,25,22,0,4,04205,RD 900,44.2933261,6.3940913,Nuit sans éclairage public,Hors agglomération,Hors intersection,Normale,Autre collision,3,2,2,0,1,3,1,0,3,80,1,2,0,0,2,0,19.0,,voiture,,3,1,1,1,6
201900029804,2019-01-25 14:15:00,2019,1,25,14,15,62,62105,route nationale 42,50.736226,1.762896,Plein jour,Hors agglomération,Hors intersection,Pluie légère,Trois véhicules et plus - en chaîne,2,3,4,0,3,1,2,0,1,110,3,3,2,0,1,0,83.0,53.0,voiture,voiture,1,1,1,2,4
201900029805,2019-01-26 16:00:00,2019,1,26,16,0,51,51281,RD 240,48.9781359,3.9555991,Plein jour,Hors agglomération,Hors intersection,Pluie légère,Deux véhicules - frontale,3,2,2,0,1,2,2,0,1,80,2,3,0,0,1,2,25.0,74.0,voiture,voiture,1,1,1,2,1
201900029806,2019-01-25 17:30:00,2019,1,25,17,30,56,56065,CHEMIN DU PARADIS,47.93345,-2.35783,Plein jour,En agglomération,Intersection en Y,Temps couvert,Deux véhicules - côté,4,2,2,0,1,1,2,0,1,50,2,2,1,0,1,0,40.0,20.0,utilitaire_camion,deux_roues,1,2,4,8,3
201900029807,2019-01-26 16:30:00,2019,1,26,16,30,56,56243,rond point d'Alsace,47.652779,-2.721253,Plein jour,En agglomération,Giratoire,Pluie légère,Deux véhicules - arrière,4,2,2,0,1,1,2,0,1,50,2,2,1,1,0,0,82.0,75.0,deux_roues,voiture,1,2,6,2,2
201900029808,2019-01-24 03:45:00,2019,1,24,3,45,76,76309,CD 37,49.763654,0.796802,Nuit sans éclairage public,En agglomération,Hors intersection,Normale,Autre collision,3,2,2,0,2,1,2,0,8,80,1,1,0,0,1,0,23.0,,voiture,,3,2,1,1,6
201900029809,2019-01-25 18:45:00,2019,1,25,18,45,76,76051,intersection RD 149 et rue aux loups,49.785879,1.001696,Nuit avec éclairage allumé,En agglomération,Intersection en Y,Temps couvert,Deux véhicules - frontale,3,2,2,0,1,1,2,0,1,50,2,2,1,0,1,0,18.0,33.0,deux_roues,voiture,5,2,4,8,1
201900029810,2019-01-25 09:45:00,2019,1,25,9,45,79,79007,Le Belvédère,46.57701,-0.415574,Plein jour,Hors agglomération,Hors intersection,Normale,Deux véhicules - frontale,3,2,2,0,4,1,1,0,1,80,2,5,2,0,2,1,51.0,39.0,voiture,voiture,1,1,1,1,1
201900029811,2019-01-26 18:30:00,2019,1,26,18,30,79,79202,105 Rue du marchioux,46.638295,-0.24765,Nuit avec éclairage non allumé,En agglomération,Intersection en T,Pluie légère,Autre collision,3,2,2,0,1,1,2,0,1,50,1,3,2,1,0,0,25.0,,voiture,,4,2,3,2,6
201900029812,2019-01-24 09:40:00,2019,1,24,9,40,79,79220,Route du Petit Breuil,46.21791,-0.611751,Plein jour,Hors agglomération,Intersection en T,Normale,Deux véhicules - côté,4,2,2,0,1,1,1,0,1,80,2,2,1,0,1,0,80.0,60.0,voiture,deux_roues,1,1,3,1,3
201900029813,2019-01-24 18:45:00,2019,1,24,18,45,82,82160,Lieu dit Cigognac,44.133299,0.92908,Crépuscule ou aube,Hors agglomération,Hors intersection,Normale,Autre collision,3,2,2,0,1,2,1,0,3,80,1,1,0,0,1,0,84.0,,voiture,,2,1,1,1,6
201900029814,2019-01-25 17:56:00,2019,1,25,17,56,65,65258,215 rue du tir,43.119194,0.381892,Nuit avec éclairage allumé,En agglomération,Intersection en X,Pluie légère,Deux véhicules - côté,3,2,2,0,1,1,2,0,1,50,2,2,1,0,1,0,63.0,15.0,voiture,deux_roues,5,2,2,2,3
201900029815,2019-01-24 18:50:00,2019,1,24,18,50,32,32107,28 avenue Victor Hugo,43.95209,0.380579,Nuit avec éclairage allumé,En agglomération,Hors intersection,Normale,Autre collision,3,2,2,0,1,1,1,0,3,50,1,1,0,0,1,0,,,,,5,2,1,1,6
201900029816,2019-01-25 10:45:00,2019,1,25,10,45,11,11116,D13 route de Narbonne,43.237176,3.00062,Plein jour,Hors agglomération,Hors intersection,Temps couvert,Deux véhicules - frontale,3,2,2,0,1,1,1,0,1,80,2,2,1,0,0,1,51.0,30.0,voiture,voiture,1,1,1,8,1
201900029817,2019-01-25 16:20:00,2019,1,25,16,20,11,11003,RD620,43.046866,2.136799,Plein jour,Hors agglomération,Hors intersection,Pluie légère,Deux véhicules - frontale,3,2,2,0,1,3,2,0,1,80,2,4,0,1,3,0,28.0,19.0,utilitaire_camion,voiture,1,1,1,2,1
201900029818,2019-01-23 14:50:00,2019,1,23,14,50,89,89420,D955,47.573594,3.144741,Plein jour,Hors agglomération,Hors intersection,Neige / grêle,Autre collision,3,2,2,0,1,2,5,0,3,80,1,2,1,0,0,1,74.0,,voiture,,1,1,1,4,6
201900029819,2019-01-26 12:00:00,2019,1,26,12,0,55,55221,N135,48.723239,5.255019,Plein jour,Hors agglomération,Intersection en X,Normale,Deux véhicules - côté,2,2,2,0,1,1,2,0,1,80,2,2,0,0,2,0,64.0,66.0,voiture,voiture,1,1,2,1,3
201900029820,2019-01-26 08:00:00,2019,1,26,8,0,12,12209,Lieu dit Minot - RD 97,44.678236,2.668757,Plein jour,Hors agglomération,Hors intersection,Pluie légère,Autre collision,3,2,2,0,1,1,7,0,3,80,1,2,0,0,1,1,42.0,,voiture,,1,1,1,2,6
201900029821,2019-01-24 23:10:00,2019,1,24,23,10,12,12223,D921 La Croze - LACALM,44.775546,2.895852,Nuit sans éclairage public,Hors agglomération,Hors intersection,Neige / grêle,Sans collision,3,2,2,0,2,2,7,0,3,80,1,6,4,0,1,1,39.0,,voiture,,3,1,1,4,7
201900029822,2019-01-23 16:55:00,2019,1,23,16,55,42,42224,Les Gaillards,45.335561,4.406287,Crépuscule ou aube,Hors agglomération,Hors intersection,Neige / grêle,Deux véhicules - côté,3,2,2,0,1,1,5,0,1,80,2,2,1,0,0,1,19.0,64.0,voiture,voiture,2,1,1,4,3
201900029823,2019-01-26 12:00:00,2019,1,26,12,0,68,68135,cd 105,47.589068,7.547116,Plein jour,Hors agglomération,Intersection en Y,Pluie légère,Deux véhicules - côté,1,1,1,0,2,1,2,3,8,50,2,3,1,0,1,1,61.0,54.0,voiture,voiture,1,1,4,2,3
201900029824,2019-01-02 17:50:00,2019,1,2,17,50,68,68120,D16,47.529466,7.471171,Nuit sans éclairage public,Hors agglomération,Hors intersection,Normale,Deux véhicules - arrière,3,2,2,0,3,1,1,0,1,80,2,1,0,0,1,0,54.0,,deux_roues,,3,1,1,1,2
201900029825,2019-01-26 13:30:00,2019,1,26,13,30,68,68338,Route departementale 417,48.076132,7.257669,Plein jour,Hors agglomération,Intersection en X,Normale,Deux véhicules - côté,3,4,2,0,1,1,1,5,1,80,2,2,0,0,0,2,50.0,19.0,voiture,voiture,1,1,2,1,3
201900029826,2019-01-26 09:30:00,2019,1,26,9,30,44,44024,route des champs,47.182065,-1.720805,Plein jour,Hors agglomération,Hors intersection,Normale,Sans collision,7,-1,2,0,1,1,1,0,1,80,1,1,0,0,1,0,38.0,,utilitaire_camion,,1,1,1,1,7
201900029827,2019-01-25 20:23:00,2019,1,25,20,23,44,44101,"D723, PK 32G",47.174574,-1.684321,Nuit sans éclairage public,Hors agglomération,Hors intersection,Normale,Autre collision,3,3,4,0,1,1,2,2,2,110,1,1,0,0,1,0,35.0,,voiture,,3,1,1,1,6
201900029828,2019-01-26 13:00:00,2019,1,26,13,0,29,29236,Kermaout St Jean Pk 12+800,47.877016,-3.6303728,Plein jour,Hors agglomération,Hors intersection,Pluie légère,Trois véhicules et plus - en chaîne,2,3,4,0,1,1,2,0,1,110,3,4,3,0,1,0,20.0,63.0,voiture,voiture,1,1,1,2,4
201900029829,2019-01-15 08:03:00,2019,1,15,8,3,29,29245,Place de l'église,48.454017,-4.334816,Nuit avec éclairage allumé,En agglomération,Place,Normale,Autre collision,9,-1,1,3,1,1,1,6,8,30,1,3,2,0,0,1,49.0,,transport_commun,,5,2,7,1,6
201900029830,2019-01-23 08:15:00,2019,1,23,8,15,31,31572,avenue du moulin vieux,43.425835,1.442212,Plein jour,En agglomération,Intersection en T,Pluie forte,Deux véhicules - côté,3,2,2,0,1,1,2,0,1,50,2,5,4,0,1,0,18.0,40.0,deux_roues,voiture,1,2,3,3,3
201900029831,2019-01-23 20:20:00,2019,1,23,20,20,38,38351,D522,45.54363,5.24006,Nuit sans éclairage public,Hors agglomération,Hors intersection,Neige / grêle,Deux véhicules - frontale,3,2,2,0,2,2,7,0,1,80,2,3,1,0,1,1,42.0,26.0,voiture,voiture,3,1,1,4,1
201900029832,2019-01-26 07:00:00,2019,1,26,7,0,38,38070,D250,45.27585,5.9418,Nuit avec éclairage non allumé,Hors agglomération,Hors intersection,Normale,Autre collision,3,2,2,0,2,2,1,0,1,80,1,1,0,0,1,0,44.0,,voiture,,4,1,1,1,6
201900029833,2019-01-24 17:59:00,2019,1,24,17,59,38,38150,6 route de savoie,45.204127,5.843586,Nuit avec éclairage allumé,En agglomération,Hors intersection,Normale,Autre collision,3,2,2,0,2,1,1,0,1,50,1,2,1,0,0,1,34.0,,voiture,,5,2,1,1,6
201900029834,2019-01-26 09:43:00,2019,1,26,9,43,38,38132,RN 85,44.83431,5.90797,Plein jour,Hors agglomération,Hors intersection,Normale,Deux véhicules - frontale,2,2,2,0,1,3,9,0,1,80,2,6,0,0,0,6,35.0,63.0,voiture,voiture,1,1,1,1,1
201900029835,2019-01-24 16:42:00,2019,1,24,16,42,3,03278,,46.2095713,3.1649197,Plein jour,Hors agglomération,Hors intersection,Temps couvert,Sans collision,3,2,2,0,2,2,2,0,1,80,1,2,0,0,1,1,47.0,,voiture,,1,1,1,8,7
201900029836,2019-01-26 17:35:00,2019,1,26,17,35,1,01165,le caron D75,46.071544,4.834326,Crépuscule ou aube,Hors agglomération,Hors intersection,Normale,Autre collision,3,2,2,0,1,1,1,0,3,80,1,1,0,0,1,0,25.0,,voiture,,2,1,1,1,6
201900029837,2019-01-26 12:25:00,2019,1,26,12,25,70,70557,D474,47.406487,5.7305,Plein jour,Hors agglomération,Hors intersection,Temps couvert,Deux véhicules - côté,3,2,2,0,3,3,2,0,1,80,2,2,0,1,1,0,56.0,43.0,voiture,voiture,1,1,1,8,3
201900029838,2019-01-24 08:00:00,2019,1,24,8,0,5,05056,D.944 - PR 8+195,44.631611,6.136266,Plein jour,Hors agglomération,Hors intersection,Normale,Sans collision,3,2,2,0,2,2,2,0,3,80,1,1,0,0,0,1,20.0,,utilitaire_camion,,1,1,1,1,7
201900029839,2019-01-27 04:00:00,2019,1,27,4,0,50,50569,RD972,49.079109,-1.308138,Nuit sans éclairage public,Hors agglomération,Hors intersection,Pluie forte,Sans collision,3,2,3,0,2,1,2,0,1,80,1,1,0,0,0,1,25.0,,voiture,,3,1,1,3,7
201900029840,2019-01-24 07:40:00,2019,1,24,7,40,50,50082,Route départementale 902,49.475067,-1.623129,Nuit sans éclairage public,Hors agglomération,Hors intersection,Normale,Autre collision,3,2,2,0,1,1,1,0,1,80,1,2,1,0,0,1,50.0,,voiture,,3,1,1,1,6
201900029841,2019-01-24 15:48:00,2019,1,24,15,48,50,50178,La caserne,49.692677,-1.432146,Plein jour,Hors agglomération,Hors intersection,Pluie légère,Sans collision,3,2,2,0,1,3,2,0,3,80,1,1,0,0,0,1,75.0,,voiture,,1,1,1,2,7
201900029842,2019-01-22 09:40:00,2019,1,22,9,40,60,60393,chateau de MELLO,49.267892,2.370463,Plein jour,En agglomération,Hors intersection,Neige / grêle,Deux véhicules - frontale,5,2,2,0,2,2,5,0,1,30,2,2,1,0,0,1,40.0,51.0,voiture,voiture,1,2,1,4,1
201900029843,2019-01-22 17:41:00,2019,1,22,17,41,18,18275,route de germigny,46.880027,2.878887,Nuit avec éclairage allumé,En agglomération,Hors intersection,Neige / grêle,Autre collision,3,2,2,0,2,1,5,0,4,50,1,2,1,1,0,0,69.0,,transport_commun,,5,2,1,4,6
201900029844,2019-01-26 17:45:00,2019,1,26,17,45,18,18223,route de saint palais,47.206448,2.416327,Nuit avec éclairage allumé,En agglomération,Intersection en X,Pluie légère,Autre collision,3,2,2,0,1,1,2,0,1,50,1,2,1,0,0,1,78.0,,voiture,,5,2,2,2,6
201900029845,2019-01-25 10:05:00,2019,1,25,10,5,43,43267,RD103,45.20286,3.93925,Plein jour,Hors agglomération,Hors intersection,Normale,Deux véhicules - frontale,3,2,2,0,1,2,2,0,1,80,2,3,0,0,3,0,68.0,70.0,voiture,voiture,1,1,1,1,1
201900029846,2019-01-26 11:45:00,2019,1,26,11,45,43,43174,Route départementale 906,44.987623,3.824182,Plein jour,Hors agglomération,Hors intersection,Normale,Autre collision,3,2,2,0,1,1,1,0,3,80,1,1,0,0,1,0,66.0,,voiture,,1,1,1,1,6
201900029847,2019-01-23 13:38:00,2019,1,23,13,38,10,10120,RD 444,48.019635,4.086514,Plein jour,Hors agglomération,Hors intersection,Temps couvert,Sans collision,3,2,2,0,1,2,1,0,3,70,1,1,0,0,1,0,63.0,,voiture,,1,1,1,8,7
201900029848,2019-01-11 15:30:00,2019,1,11,15,30,36,36053,18 ROUTE DE CHATEAUROUX - LIEU DIT SCOURY-,46.6354375,1.2844184,Plein jour,En agglomération,Hors intersection,Normale,Deux véhicules - frontale,3,2,2,0,1,1,1,0,1,50,2,3,1,0,2,0,46.0,55.0,voiture,utilitaire_camion,1,2,1,1,1
201900029849,2019-01-27 05:20:00,2019,1,27,5,20,16,16180,Ld Chez Filloux,45.267029,0.1829,Nuit sans éclairage public,Hors agglomération,Hors intersection,Vent fort / tempête,Autre collision,3,2,2,0,1,1,2,0,3,70,1,1,0,0,1,0,32.0,,voiture,,3,1,1,6,6
201900029850,2019-01-25 07:30:00,2019,1,25,7,30,24,24565,Lieu-dit La Forge,45.5862,0.52849,Nuit sans éclairage public,Hors agglomération,Hors intersection,Pluie légère,Deux véhicules - frontale,3,2,2,0,1,1,2,0,1,80,2,2,0,0,2,0,60.0,32.0,voiture,voiture,3,1,1,2,1
201900029851,2019-01-21 18:00:00,2019,1,21,18,0,24,24182,Pont de Coutou - RD 32,44.8658,0.29112,Crépuscule ou aube,Hors agglomération,Hors intersection,Temps couvert,Sans collision,3,2,2,0,1,3,2,0,3,80,1,1,0,0,1,0,55.0,,voiture,,2,1,1,8,7
201900029852,2019-01-26 11:55:00,2019,1,26,11,55,85,85288,Avenue des Sports,46.46481,-1.63318,Plein jour,En agglomération,Hors intersection,Temps couvert,Deux véhicules - frontale,4,2,2,0,2,1,2,0,1,50,2,2,1,1,0,0,62.0,38.0,deux_roues,voiture,1,2,1,8,1
201900029853,2019-01-23 10:15:00,2019,1,23,10,15,85,85027,Giratoire La Croix Verte,46.95812,-1.3491,Plein jour,Hors agglomération,Giratoire,Normale,Deux véhicules - côté,3,1,1,0,1,3,1,0,1,50,2,3,2,0,1,0,47.0,76.0,voiture,voiture,1,1,6,1,3
201900029854,2019-01-25 19:30:00,2019,1,25,19,30,27,27622,Rue Max Carpentier,49.108956,0.711846,Nuit avec éclairage allumé,En agglomération,Intersection en Y,Normale,Deux véhicules - côté,3,2,2,0,1,2,2,0,1,50,2,2,1,0,1,0,24.0,15.0,voiture,deux_roues,5,2,4,1,3
201900029855,2019-01-16 08:00:00,2019,1,16,8,0,17,17353,RD 137,45.987771,-1.032779,Crépuscule ou aube,Hors agglomération,Hors intersection,Temps couvert,Trois véhicules et plus - en chaîne,3,3,4,0,1,1,1,0,1,110,4,5,3,0,1,1,48.0,42.0,voiture,voiture,2,1,1,8,4
201900029856,2019-01-24 16:00:00,2019,1,24,16,0,87,87150,route de la Cote,45.667073,1.165561,Plein jour,Hors agglomération,Hors intersection,Temps couvert,Autre collision,3,2,2,0,2,2,1,0,3,80,1,1,0,1,0,0,38.0,,voiture,,1,1,1,8,6
201900029857,2019-01-25 14:45:00,2019,1,25,14,45,37,37139,RD48,47.4261434,0.494701,Plein jour,Hors agglomération,Hors intersection,Normale,Deux véhicules - côté,3,2,2,0,1,1,2,0,1,80,2,2,1,0,1,0,22.0,63.0,voiture,deux_roues,1,1,1,1,3
201900029858,2019-01-24 09:30:00,2019,1,24,9,30,30,30235,chemin du sablas,43.927945,4.544309,Plein jour,En agglomération,Hors intersection,Normale,Autre collision,4,2,2,0,1,1,1,0,1,50,1,2,1,0,1,0,53.0,,voiture,,1,2,1,1,6
201900029859,2019-01-23 19:00:00,2019,1,23,19,0,52,52405,24 Avenue de Bourgogne,47.656534,5.288734,Nuit avec éclairage allumé,En agglomération,Hors intersection,Normale,Autre collision,3,2,2,0,2,1,2,0,1,30,1,1,0,1,0,0,,,,,5,2,1,1,6
201900029860,2019-01-18 20:00:00,2019,1,18,20,0,52,52158,Ecluse n°20,47.642886,5.332115,Nuit sans éclairage public,Hors agglomération,Hors intersection,Temps couvert,Autre collision,3,2,2,0,1,3,2,2,3,80,1,1,0,0,0,1,22.0,,voiture,,3,1,1,8,6
201900029861,2019-01-25 08:15:00,2019,1,25,8,15,88,88082,RD 392A,48.428423,6.907257,Crépuscule ou aube,Hors agglomération,Hors intersection,Neige / grêle,Autre collision,3,2,2,0,1,4,5,0,3,80,1,1,0,0,1,0,20.0,,voiture,,2,1,1,4,6
201900029862,2019-01-23 21:25:00,2019,1,23,21,25,973,97307,N1,4.899236,-52.361686,Nuit sans éclairage public,Hors agglomération,Hors intersection,Normale,Trois véhicules et plus - en chaîne,2,2,2,0,1,1,1,0,1,80,3,5,0,0,2,3,24.0,25.0,voiture,voiture,3,1,1,1,4
201900029863,2019-01-27 17:50:00,2019,1,27,17,50,80,80349,A16,49.712994,2.240073,Crépuscule ou aube,Hors agglomération,Hors intersection,Neige / grêle,Sans collision,1,3,4,0,1,1,2,0,3,130,1,4,0,0,0,4,39.0,,voiture,,2,1,1,4,7
201900029864,2019-01-25 16:25:00,2019,1,25,16,25,49,49194,Route de Fayet,47.471688,-0.256658,Plein jour,Hors agglomération,Hors intersection,Temps couvert,Deux véhicules - frontale,3,2,2,0,1,3,2,0,1,70,2,4,1,0,3,0,19.0,49.0,voiture,utilitaire_camion,1,1,1,8,1
201900029865,2019-01-25 19:50:00,2019,1,25,19,50,13,13009,les quatre termes,43.597144,5.214955,Nuit sans éclairage public,Hors agglomération,Hors intersection,Normale,Deux véhicules - côté,3,2,2,0,1,1,1,0,1,50,2,2,0,0,0,2,28.0,33.0,voiture,voiture,3,1,1,1,3
201900029866,2019-01-22 09:30:00,2019,1,22,9,30,13,13099,A51 - Pk 060.400,43.693091,5.721027,Plein jour,Hors agglomération,Hors intersection,Brouillard / fumée,Deux véhicules - arrière,1,1,4,0,1,1,1,0,1,130,2,4,3,0,0,1,25.0,51.0,voiture,voiture,1,1,1,5,2