accident_id,datetime,annee,mois,jour,heure,minute,departement,commune_insee,adresse,latitude,longitude,luminosite,agglomeration,intersection,meteo,collision,catr,circ,nbv,vosp,prof,plan,surf,infra,situ,vma,nb_vehicules,nb_usagers,nb_indemnes,nb_tues,nb_blesses_hosp,nb_blesses_legers,age_cond_1,age_cond_2,veh_type_cond_1,veh_type_cond_2,lum_code,agg_code,int_code,atm_code,col_code
201900029867,2019-01-27 14:10:00,2019,1,27,14,10,1,01304,A42,46.05628,5.328243,Plein jour,Hors agglomération,Hors intersection,Pluie légère,Sans collision,1,1,2,0,1,1,2,0,2,110,1,2,0,0,0,2,42.0,,voiture,,1,1,1,2,7
201900029868,2019-01-26 11:30:00,2019,1,26,11,30,34,34153,D 986,43.736736,3.78832,Plein jour,Hors agglomération,Hors intersection,Normale,Deux véhicules - frontale,3,2,2,0,1,1,1,0,1,80,2,3,0,0,2,1,67.0,58.0,voiture,voiture,1,1,1,1,1
201900029869,2019-01-23 12:50:00,2019,1,23,12,50,6,06152,2260 route des cretes,43.625956,7.047152,Plein jour,Hors agglomération,Hors intersection,Normale,Deux véhicules - côté,7,2,2,0,1,2,1,0,1,50,2,4,2,0,0,2,44.0,22.0,voiture,utilitaire_camion,1,1,1,1,3
201900029870,2019-01-26 16:20:00,2019,1,26,16,20,90,90094,A.36 PK 38+700,47.587969,6.856325,Plein jour,Hors agglomération,Autre intersection,Pluie légère,Autre collision,1,3,4,0,1,1,2,3,8,50,1,1,0,0,1,0,29.0,,voiture,,1,1,9,2,6
201900029871,2019-01-25 07:45:00,2019,1,25,7,45,51,51480,A4,49.1490383,3.6638682,Nuit sans éclairage public,Hors agglomération,Hors intersection,Brouillard / fumée,Deux véhicules - côté,1,3,4,0,2,1,2,0,1,130,2,2,0,1,1,0,46.0,63.0,utilitaire_camion,utilitaire_camion,3,1,1,5,3
201900029872,2019-01-25 14:40:00,2019,1,25,14,40,976,97603,Route Nationale 3,-12.90807,45.193011,Plein jour,En agglomération,Hors intersection,Normale,Deux véhicules - arrière,2,2,2,0,1,1,1,0,1,50,2,2,1,0,0,1,43.0,25.0,deux_roues,voiture,1,2,1,1,2
201900029873,2019-01-23 17:30:00,2019,1,23,17,30,38,38212,D1091,45.11647,5.96651,Crépuscule ou aube,Hors agglomération,Hors intersection,Neige / grêle,Autre collision,3,2,2,0,1,1,5,0,1,80,1,1,0,0,0,1,64.0,,voiture,,2,1,1,4,6
201900029874,2019-01-23 10:20:00,2019,1,23,10,20,38,38212,D 1091 - Lieu dit Rioupéroux,45.08191,5.89425,Plein jour,Hors agglomération,Hors intersection,Neige / grêle,Autre collision,3,2,2,0,1,1,5,0,8,70,1,1,0,0,0,1,20.0,,voiture,,1,1,1,4,6
201900029875,2019-01-26 15:30:00,2019,1,26,15,30,45,45269,Autoroute A10-PK 108+000-Sens Province Paris,47.874173,1.730939,Plein jour,Hors agglomération,Hors intersection,Temps couvert,Autre collision,1,3,3,0,1,1,2,0,3,130,1,3,1,0,2,0,59.0,,voiture,,1,1,1,8,6
201900029876,2019-01-23 14:40:00,2019,1,23,14,40,83,83097,,43.481356,5.740603,Plein jour,Hors agglomération,Hors intersection,Normale,Deux véhicules - arrière,1,1,3,1,1,1,1,0,1,130,2,2,1,0,0,1,60.0,34.0,voiture,utilitaire_camion,1,1,1,1,2
201900029877,2019-01-24 18:45:00,2019,1,24,18,45,34,34202,ROUTE DEPARTEMENTALE 5,43.584672,3.778233,Nuit sans éclairage public,En agglomération,Intersection en X,Normale,Trois véhicules et plus - collisions multiples,3,2,2,0,1,1,1,0,1,80,3,2,1,0,0,1,56.0,46.0,voiture,deux_roues,3,2,2,1,5
201900029878,2019-01-24 17:50:00,2019,1,24,17,50,988,98821,RT 1 - TONTOUTA,-22.002446,166.216797,Nuit sans éclairage public,Hors agglomération,Hors intersection,Normale,Deux véhicules - côté,2,2,2,0,2,1,1,0,1,90,2,4,1,0,1,2,27.0,35.0,voiture,voiture,3,1,1,1,3
201900029879,2019-01-26 06:45:00,2019,1,26,6,45,976,97608,rond point four à chaux,-12.778215,45.282577,Plein jour,En agglomération,Giratoire,Normale,Sans collision,3,2,2,0,1,2,1,0,1,50,1,1,0,0,0,1,34.0,,deux_roues,,1,2,6,1,7
201900029880,2019-01-27 13:25:00,2019,1,27,13,25,973,97305,Route nationale 1 - PK 19,4.965548,-52.436418,Plein jour,Hors agglomération,Hors intersection,Normale,Trois véhicules et plus - en chaîne,2,2,2,0,1,1,1,0,1,80,3,5,1,1,3,0,51.0,61.0,voiture,voiture,1,1,1,1,4
201900029881,2019-01-26 12:55:00,2019,1,26,12,55,973,97305,PK 11,4.9175062,-52.3789015,Plein jour,Hors agglomération,Hors intersection,Normale,Deux véhicules - frontale,2,2,2,0,1,1,1,0,1,80,2,2,1,0,0,1,47.0,77.0,voiture,voiture,1,1,1,1,1
201900029882,2019-01-25 21:30:00,2019,1,25,21,30,971,97116,"RN 5, Marieule",16.321138,-61.467185,Nuit avec éclairage allumé,En agglomération,Intersection en T,Normale,Deux véhicules - côté,2,2,2,0,1,1,2,0,1,50,2,2,1,0,1,0,20.0,33.0,deux_roues,voiture,5,2,3,1,3
201900029883,2019-01-23 14:25:00,2019,1,23,14,25,971,97116,Bonne terre,16.351926,-61.450515,Plein jour,Hors agglomération,Hors intersection,Normale,Deux véhicules - frontale,4,2,2,0,1,3,1,0,1,50,2,3,2,0,0,1,19.0,30.0,deux_roues,voiture,1,1,1,1,1
201900029884,2019-01-25 11:09:00,2019,1,25,11,9,971,97118,Chemin de Viard,16.166519,-61.589861,Plein jour,Hors agglomération,Hors intersection,Normale,Deux véhicules - frontale,4,2,2,0,2,2,2,0,1,70,2,4,1,1,0,2,42.0,24.0,voiture,voiture,1,1,1,1,1
201900029885,2019-01-25 11:50:00,2019,1,25,11,50,44,44020,boulevard nelson mandela,47.1766854,-1.6192442,Plein jour,En agglomération,Hors intersection,Normale,Deux véhicules - côté,7,3,2,2,2,2,1,0,5,50,2,2,0,0,0,2,50.0,51.0,deux_roues,utilitaire_camion,1,2,1,1,3
201900029886,2019-01-26 21:35:00,2019,1,26,21,35,77,77175,D619 X D305,48.631725,2.630803,Nuit sans éclairage public,Hors agglomération,Giratoire,Pluie forte,Autre collision,3,2,3,0,1,1,2,5,3,80,1,2,1,0,1,0,21.0,,voiture,,3,1,6,3,6
201900029887,2019-01-24 15:30:00,2019,1,24,15,30,78,78616,D45,48.871355,1.803598,Plein jour,En agglomération,Hors intersection,Normale,Deux véhicules - arrière,3,2,2,0,1,1,2,0,1,50,2,1,0,0,1,0,69.0,,deux_roues,,1,2,1,1,2
201900029888,2019-01-25 12:00:00,2019,1,25,12,0,78,78442,60 RUE DE VILLANCY,48.808691,1.912467,Plein jour,En agglomération,Hors intersection,Normale,Autre collision,4,2,2,0,1,3,1,0,1,50,1,1,0,0,1,0,61.0,,voiture,,1,2,1,1,6
201900029889,2019-01-25 17:20:00,2019,1,25,17,20,30,30257,D6086,43.873818,4.463998,Plein jour,Hors agglomération,Hors intersection,Normale,Trois véhicules et plus - en chaîne,3,2,2,0,1,1,1,0,1,80,3,5,1,0,0,4,35.0,42.0,voiture,voiture,1,1,1,1,4
201900029890,2019-01-26 04:00:00,2019,1,26,4,0,11,11190,route départementale 610,43.249368,2.672513,Nuit sans éclairage public,Hors agglomération,Intersection en T,Normale,Sans collision,3,2,2,0,1,1,1,0,3,80,1,2,0,1,0,1,38.0,,voiture,,3,1,3,1,7
201900029891,2019-01-26 02:00:00,2019,1,26,2,0,34,34002,ROUTE DÉPARTEMENTALE 128,43.543757,3.417747,Nuit sans éclairage public,Hors agglomération,Intersection en T,Normale,Autre collision,3,2,2,0,1,2,1,0,3,-1,1,1,0,0,1,0,25.0,,voiture,,3,1,3,1,6
201900029892,2019-01-26 18:30:00,2019,1,26,18,30,83,83006,D561,43.602037,5.799356,Nuit sans éclairage public,Hors agglomération,Hors intersection,Normale,Deux véhicules - frontale,3,2,2,0,3,4,1,0,1,80,2,5,0,1,4,0,72.0,29.0,voiture,voiture,3,1,1,1,1
201900029893,2019-01-26 13:40:00,2019,1,26,13,40,83,83138,,43.614433,6.719852,Plein jour,Hors agglomération,Hors intersection,Normale,Deux véhicules - arrière,3,2,2,0,1,1,1,0,1,80,2,5,1,2,0,2,39.0,67.0,voiture,voiture,1,1,1,1,2
201900029894,2019-01-27 16:55:00,2019,1,27,16,55,4,04171,RD 952,43.806615,6.4382434,Crépuscule ou aube,Hors agglomération,Hors intersection,Pluie forte,Autre collision,3,2,2,0,1,1,2,0,3,80,1,1,0,0,1,0,79.0,,voiture,,2,1,1,3,6
201900029895,2019-01-27 00:40:00,2019,1,27,0,40,13,13110,ancien chemin de peynier,43.448014,5.662314,Nuit sans éclairage public,Hors agglomération,Hors intersection,Normale,Autre collision,4,2,2,0,1,1,1,0,1,80,1,1,0,0,1,0,18.0,,deux_roues,,3,1,1,1,6
201900029896,2019-01-24 16:00:00,2019,1,24,16,0,71,71399,En Chérat - RD20,46.269136,4.170602,Plein jour,Hors agglomération,Hors intersection,Normale,Deux véhicules - frontale,3,2,2,0,3,1,1,0,1,80,2,2,0,0,1,1,70.0,24.0,voiture,voiture,1,1,1,1,1
201900029897,2019-01-25 15:50:00,2019,1,25,15,50,67,67122,3 route du Windsbourg,48.635395,7.303953,Plein jour,En agglomération,Intersection en T,Neige / grêle,Deux véhicules - côté,3,2,2,0,2,1,2,0,1,-1,2,2,1,0,0,1,31.0,76.0,voiture,voiture,1,2,3,4,3
201900029898,2019-01-24 15:25:00,2019,1,24,15,25,88,88196,D 486 pk 033.050,48.05499,6.861402,Plein jour,Hors agglomération,Hors intersection,Normale,Deux véhicules - frontale,3,2,2,0,2,3,2,0,1,80,2,5,1,0,2,2,62.0,22.0,voiture,voiture,1,1,1,1,1
201900029899,2019-01-26 17:50:00,2019,1,26,17,50,57,57433,Grand'rue,49.205675,6.161075,Nuit avec éclairage allumé,En agglomération,Hors intersection,Pluie légère,Autre collision,3,2,2,0,1,1,2,0,1,50,1,2,1,1,0,0,69.0,,voiture,,5,2,1,2,6
201900029900,2019-01-25 21:35:00,2019,1,25,21,35,74,74040,ECHANGEUR D. 907 / D. 903,46.167862,6.32019,Nuit sans éclairage public,Hors agglomération,Hors intersection,Normale,Sans collision,3,1,1,0,2,2,1,3,3,80,1,2,0,0,1,1,37.0,,voiture,,3,1,1,1,7
201900029901,2019-01-27 16:05:00,2019,1,27,16,5,74,74239,Route de la Clusaz - RD909,45.920782,6.414733,Plein jour,En agglomération,Hors intersection,Neige / grêle,Deux véhicules - frontale,3,2,2,0,2,4,7,0,1,50,2,3,1,0,1,1,59.0,20.0,transport_commun,voiture,1,2,1,4,1
201900029902,2019-01-25 15:10:00,2019,1,25,15,10,74,74079,route de serraval,45.855815,6.328694,Plein jour,Hors agglomération,Hors intersection,Normale,Autre collision,3,2,2,0,2,4,7,0,3,80,1,1,0,0,0,1,63.0,,voiture,,1,1,1,1,6
201900029903,2019-01-23 11:45:00,2019,1,23,11,45,42,42285,route départementale 8,45.575592,4.117584,Plein jour,Hors agglomération,Intersection en T,Neige / grêle,Deux véhicules - frontale,3,2,2,0,2,3,5,5,1,80,2,3,1,0,1,1,67.0,73.0,voiture,voiture,1,1,3,4,1
201900029904,2019-01-26 02:45:00,2019,1,26,2,45,26,26169,RN7 PR 101+0,44.46109,4.757276,Nuit sans éclairage public,Hors agglomération,Hors intersection,Vent fort / tempête,Deux véhicules - frontale,2,2,3,0,1,1,1,0,1,80,2,2,0,0,2,0,27.0,19.0,utilitaire_camion,voiture,3,1,1,6,1
201900029905,2019-01-14 14:26:00,2019,1,14,14,26,69,69050,chemin,45.87284,4.636308,Plein jour,Hors agglomération,Hors intersection,Normale,Deux véhicules - frontale,9,-1,1,0,1,2,6,0,8,-1,2,2,1,0,0,1,19.0,37.0,deux_roues,deux_roues,1,1,1,1,1
201900029906,2019-01-24 07:20:00,2019,1,24,7,20,69,69121,180 Route de Lyon,45.85501,4.68136,Crépuscule ou aube,En agglomération,Intersection en T,Neige / grêle,Autre collision,3,2,2,0,1,1,2,0,1,50,1,3,1,0,0,2,59.0,,autre,,2,2,3,4,6
201900029907,2019-01-26 15:05:00,2019,1,26,15,5,69,69284,115 rue de NEUVILLE,45.87927,4.852745,Plein jour,En agglomération,Hors intersection,Normale,Sans collision,4,2,2,0,2,2,1,0,3,50,1,2,1,0,1,0,22.0,,voiture,,1,2,1,1,7
201900029908,2019-01-22 07:40:00,2019,1,22,7,40,69,69059,410 route de Chazay,45.86565,4.714668,Crépuscule ou aube,Hors agglomération,Intersection en X,Temps couvert,Deux véhicules - frontale,3,2,2,0,1,1,1,0,1,80,2,3,1,0,0,2,59.0,36.0,voiture,voiture,2,1,2,8,1
201900029909,2019-01-24 01:13:00,2019,1,24,1,13,81,81219,RD 84 - PR 14+400,43.5937781,2.0008946,Nuit sans éclairage public,Hors agglomération,Hors intersection,Normale,Autre collision,3,2,2,0,4,3,1,0,3,80,1,1,0,0,0,1,35.0,,voiture,,3,1,1,1,6
201900029910,2019-01-25 19:15:00,2019,1,25,19,15,79,79049,D748,46.824087,-0.492871,Nuit sans éclairage public,Hors agglomération,Hors intersection,Pluie légère,Trois véhicules et plus - collisions multiples,3,-1,2,0,1,1,2,0,1,-1,3,4,0,0,2,2,21.0,41.0,voiture,voiture,3,1,1,2,5
201900029911,2019-01-25 16:20:00,2019,1,25,16,20,79,79049,,46.856829,-0.44304,Plein jour,Hors agglomération,Hors intersection,Normale,Deux véhicules - frontale,3,2,2,0,2,1,1,0,1,80,2,3,2,0,1,0,57.0,38.0,voiture,utilitaire_camion,1,1,1,1,1
201900029912,2019-09-07 15:15:00,2019,9,7,15,15,7,07324,Quai Marc Seguin,45.068327,4.833534,Plein jour,En agglomération,Intersection en T,Normale,Deux véhicules - côté,3,2,2,0,1,1,1,0,1,50,2,3,1,0,1,1,16.0,49.0,deux_roues,voiture,1,2,3,1,3
201900029913,2019-09-06 21:15:00,2019,9,6,21,15,31,31395,Route d'Eaunes,43.445981,1.337996,Nuit avec éclairage allumé,Hors agglomération,Hors intersection,Normale,Autre collision,3,2,2,0,1,1,1,0,1,80,1,2,1,1,0,0,37.0,,voiture,,5,1,1,1,6
201900029914,2019-09-07 00:15:00,2019,9,7,0,15,31,31291,24 Route de Fonsorbes,43.586553,1.236917,Nuit sans éclairage public,Hors agglomération,Autre intersection,Normale,Autre collision,3,2,2,0,1,2,1,0,8,70,1,2,1,1,0,0,20.0,,voiture,,3,1,9,1,6
201900029915,2019-09-06 14:20:00,2019,9,6,14,20,79,79049,Boulevard Clemenceau,46.837433,-0.49578,Plein jour,En agglomération,Hors intersection,Normale,Autre collision,4,2,2,0,2,3,1,0,1,30,1,2,1,0,1,0,44.0,,transport_commun,,1,2,1,1,6
201900029916,2019-09-06 07:55:00,2019,9,6,7,55,16,16385,Départementale 23,45.651052,0.265443,Plein jour,Hors agglomération,Hors intersection,Normale,Sans collision,3,2,2,0,4,2,1,0,1,80,1,1,0,0,1,0,59.0,,deux_roues,,1,1,1,1,7
201900029917,2019-09-06 18:30:00,2019,9,6,18,30,40,40229,D626,44.244458,-1.061299,Plein jour,Hors agglomération,Hors intersection,Normale,Autre collision,3,2,2,0,1,1,1,0,3,80,1,1,0,1,0,0,39.0,,voiture,,1,1,1,1,6
201900029918,2019-08-30 12:55:00,2019,8,30,12,55,85,85092,Rue de la Villa Gallo Romaine,46.453,-0.81382,Plein jour,En agglomération,Intersection en T,Normale,Deux véhicules - côté,3,2,2,0,1,1,1,0,1,50,2,2,0,0,0,2,40.0,54.0,deux_roues,voiture,1,2,3,1,3
201900029919,2019-09-06 07:30:00,2019,9,6,7,30,44,44103,Rue de la Caravelle,47.307925,-2.130741,Crépuscule ou aube,Hors agglomération,Hors intersection,Normale,Sans collision,9,2,2,0,1,1,1,0,1,-1,1,1,0,0,1,0,49.0,,deux_roues,,2,1,1,1,7
201900029920,2019-09-03 18:45:00,2019,9,3,18,45,14,14658,D77,48.875859,-1.094301,Plein jour,Hors agglomération,Autre intersection,Normale,Autre collision,3,2,2,0,4,1,1,0,1,80,1,1,0,0,0,1,60.0,,utilitaire_camion,,1,1,9,1,6
201900029921,2019-09-07 23:35:00,2019,9,7,23,35,27,27458,D20,49.33643,1.19408,Nuit sans éclairage public,Hors agglomération,Hors intersection,Normale,Autre collision,3,2,2,0,2,1,2,0,1,80,1,2,0,0,2,0,20.0,,voiture,,3,1,1,1,6
201900029922,2019-09-04 09:53:00,2019,9,4,9,53,27,27016,Avenue de la République,49.2447,1.408762,Plein jour,En agglomération,Hors intersection,Normale,Autre collision,3,2,2,0,1,1,1,0,1,50,1,3,1,0,2,0,44.0,,utilitaire_camion,,1,2,1,1,6
201900029923,2019-09-07 09:40:00,2019,9,7,9,40,27,27397,rue Aristide Briand,49.031109,1.36866,Plein jour,En agglomération,Intersection en T,Normale,Autre collision,3,2,2,0,1,1,1,0,1,50,1,2,1,0,0,1,58.0,,voiture,,1,2,3,1,6
201900029924,2019-09-08 00:30:00,2019,9,8,0,30,76,76164,place du parvis,49.525938,0.724821,Nuit avec éclairage allumé,En agglomération,Place,Normale,Autre collision,4,2,2,0,1,2,1,0,4,50,1,2,1,1,0,0,54.0,,deux_roues,,5,2,7,1,6
201900029925,2019-08-31 02:20:00,2019,8,31,2,20,60,60346,29 Route de la Seigneurie,49.147592,2.436267,Nuit avec éclairage allumé,En agglomération,Hors intersection,Normale,Autre collision,4,2,2,0,1,1,1,0,3,50,1,1,0,1,0,0,33.0,,deux_roues,,5,2,1,1,6
201900029926,2019-09-08 18:50:00,2019,9,8,18,50,60,60542,Route de Mouy,49.403042,2.187304,Plein jour,Hors agglomération,Hors intersection,Normale,Sans collision,3,2,2,0,1,1,1,0,8,90,1,1,0,0,1,0,21.0,,voiture,,1,1,1,1,7
201900029927,2019-09-07 19:50:00,2019,9,7,19,50,62,62001,9 bis rue lancino,50.390091,2.720925,Crépuscule ou aube,En agglomération,Hors intersection,Pluie légère,Deux véhicules - côté,3,2,2,0,1,1,2,0,1,50,2,2,1,0,1,0,17.0,29.0,deux_roues,voiture,2,2,1,2,3
201900029928,2019-06-17 13:00:00,2019,6,17,13,0,59,59634,route nationae wallon cappel,50.729771,2.476153,Plein jour,En agglomération,Giratoire,Normale,Deux véhicules - côté,3,2,2,0,1,1,1,0,1,30,2,2,1,0,1,0,41.0,53.0,voiture,deux_roues,1,2,6,1,3
201900029929,2019-09-07 00:40:00,2019,9,7,0,40,13,13070,A50-Sens Marseille vers Aubagne,43.285203,5.515611,Nuit sans éclairage public,Hors agglomération,Hors intersection,Normale,Sans collision,1,3,3,0,1,1,1,0,1,90,1,1,0,0,0,1,34.0,,deux_roues,,3,1,1,1,7
201900029930,2019-09-06 09:30:00,2019,9,6,9,30,13,13071,A55 - Sens Marseille vers Martigues,43.3914663,5.2677941,Plein jour,Hors agglomération,Hors intersection,Normale,Sans collision,1,3,2,0,1,1,1,0,1,90,1,1,0,0,0,1,26.0,,voiture,,1,1,1,1,7
201900029931,2019-09-06 12:45:00,2019,9,6,12,45,13,13215,A7-Sens Marseille vers Lyon,43.33686,5.37705,Plein jour,Hors agglomération,Hors intersection,Normale,Trois véhicules et plus - en chaîne,1,3,3,0,1,1,1,0,1,70,3,5,1,0,0,4,49.0,36.0,voiture,voiture,1,1,1,1,4
201900029932,2019-09-06 15:45:00,2019,9,6,15,45,13,13055,A507 sens Marseille - Aubagne,43.3370322,5.3790709,Plein jour,Hors agglomération,Hors intersection,Normale,Trois véhicules et plus - en chaîne,1,1,3,0,1,1,1,1,1,50,3,3,2,0,0,1,28.0,35.0,voiture,voiture,1,1,1,1,4
201900029933,2019-09-05 17:00:00,2019,9,5,17,0,13,13214,A7-Sens Marseille vers Lyon,43.333776,5.377471,Plein jour,Hors agglomération,Hors intersection,Normale,Trois véhicules et plus - en chaîne,1,1,3,0,1,1,1,0,1,90,4,4,3,0,0,1,19.0,33.0,utilitaire_camion,utilitaire_camion,1,1,1,1,4
201900029934,2019-09-05 17:30:00,2019,9,5,17,30,13,13071,A7-Sens Lyon vers Marseille,43.404413,5.3410566,Plein jour,Hors agglomération,Hors intersection,Vent fort / tempête,Deux véhicules - arrière,1,1,3,0,1,1,1,0,1,90,2,3,1,0,0,2,29.0,22.0,voiture,voiture,1,1,1,6,2
201900029935,2019-08-31 16:25:00,2019,8,31,16,25,13,13026,A55-Sens Marseille vers Martigues,43.4003595,5.100156,Plein jour,Hors agglomération,Hors intersection,Normale,Deux véhicules - côté,1,2,2,0,1,1,1,0,1,70,2,4,1,0,0,3,20.0,40.0,voiture,voiture,1,1,1,1,3
201900029936,2019-09-05 19:15:00,2019,9,5,19,15,13,13210,A50-Sens Marseille vers Aubagne,43.28463,5.41226,Plein jour,Hors agglomération,Hors intersection,Normale,Deux véhicules - arrière,1,3,3,0,1,1,1,0,1,90,2,3,2,0,0,1,22.0,47.0,voiture,voiture,1,1,1,1,2
201900029937,2019-09-05 21:28:00,2019,9,5,21,28,83,83126,A50,43.12424,5.872,Nuit sans éclairage public,Hors agglomération,Hors intersection,Normale,Trois véhicules et plus - collisions multiples,1,3,6,0,1,1,1,0,1,110,4,4,3,0,0,1,37.0,61.0,voiture,voiture,3,1,1,1,5
201900029938,2019-09-04 16:55:00,2019,9,4,16,55,83,83144,A57,43.13349,5.98476,Plein jour,Hors agglomération,Hors intersection,Normale,Trois véhicules et plus - collisions multiples,1,3,4,0,1,1,1,0,1,110,3,3,2,0,0,1,37.0,47.0,utilitaire_camion,voiture,1,1,1,1,5
201900029939,2019-07-04 07:45:00,2019,7,4,7,45,69,69256,RN346  S/N   25.686 A 29.300,45.79231,4.95397,Plein jour,Hors agglomération,Hors intersection,Normale,Deux véhicules - côté,2,1,2,0,1,1,1,0,1,90,2,2,1,0,0,1,24.0,23.0,voiture,deux_roues,1,1,1,1,3
201900029940,2019-09-06 04:50:00,2019,9,6,4,50,69,69266,RD383   3.750 A 7.640,45.77968,4.89467,Nuit avec éclairage allumé,Hors agglomération,Hors intersection,Normale,Deux véhicules - côté,3,3,3,0,1,1,1,0,1,70,2,2,1,0,0,1,30.0,33.0,voiture,voiture,5,1,1,1,3
201900029941,2019-09-07 17:30:00,2019,9,7,17,30,33,33003,AUTOROUTE A 10,44.9277,-0.4704,Plein jour,Hors agglomération,Hors intersection,Normale,Autre collision,1,1,2,0,1,3,2,3,1,50,1,1,0,0,0,1,23.0,,deux_roues,,1,1,1,1,6
201900029942,2019-09-06 12:05:00,2019,9,6,12,5,33,33162,ROCADE A 630,44.85831,-0.66133,Plein jour,Hors agglomération,Hors intersection,Normale,Deux véhicules - arrière,1,3,4,0,1,1,1,3,1,90,2,3,2,0,0,1,68.0,24.0,utilitaire_camion,voiture,1,1,1,1,2
201900029943,2019-09-05 10:45:00,2019,9,5,10,45,33,33550,ROCADE A 630,44.78353,-0.58559,Plein jour,Hors agglomération,Hors intersection,Normale,Trois véhicules et plus - en chaîne,1,1,1,0,1,1,1,3,1,50,3,4,2,0,0,2,50.0,46.0,voiture,voiture,1,1,1,1,4
201900029944,2019-09-06 17:30:00,2019,9,6,17,30,91,91549,RN 104,48.62647,2.35064,Plein jour,Hors agglomération,Hors intersection,Normale,Trois véhicules et plus - collisions multiples,2,1,2,0,1,1,1,0,1,90,3,5,3,0,0,2,20.0,20.0,voiture,voiture,1,1,1,1,5
201900029945,2019-09-06 12:40:00,2019,9,6,12,40,91,91689,AUTOROUTE A6,48.7312,2.315,Plein jour,Hors agglomération,Hors intersection,Normale,Deux véhicules - arrière,1,1,4,0,1,1,1,3,1,90,2,2,1,0,0,1,36.0,52.0,voiture,utilitaire_camion,1,1,1,1,2
201900029946,2019-09-05 19:35:00,2019,9,5,19,35,91,91179,AUTOROUTE A6,48.56777,2.47197,Plein jour,Hors agglomération,Hors intersection,Normale,Trois véhicules et plus - en chaîne,1,1,3,0,1,2,1,0,3,110,3,3,2,0,0,1,28.0,49.0,voiture,voiture,1,1,1,1,4
201900029947,2019-09-05 16:30:00,2019,9,5,16,30,91,91692,RN 118,48.67106,2.19377,Plein jour,Hors agglomération,Hors intersection,Normale,Trois véhicules et plus - collisions multiples,2,2,2,0,2,1,1,0,1,70,5,5,3,0,0,2,21.0,24.0,voiture,voiture,1,1,1,1,5
201900029948,2019-09-05 14:05:00,2019,9,5,14,5,91,91377,RN20,48.71928,2.29896,Plein jour,Hors agglomération,Intersection en X,Normale,Deux véhicules - côté,2,1,3,0,1,1,1,5,1,70,2,2,1,0,0,1,29.0,22.0,voiture,voiture,1,1,2,1,3
201900029949,2019-09-05 09:00:00,2019,9,5,9,0,91,91339,RN 104,48.6284,2.2573,Plein jour,Hors agglomération,Hors intersection,Normale,Deux véhicules - côté,2,3,2,0,1,2,1,0,3,110,2,2,1,0,0,1,27.0,21.0,voiture,deux_roues,1,1,1,1,3
201900029950,2019-09-04 17:25:00,2019,9,4,17,25,91,91312,RD 444,48.7461,2.2199,Plein jour,Hors agglomération,Hors intersection,Normale,Trois véhicules et plus - en chaîne,3,1,2,0,2,1,1,0,1,70,3,2,1,0,0,1,31.0,43.0,deux_roues,voiture,1,1,1,1,4
201900029951,2019-09-07 16:26:00,2019,9,7,16,26,92,92051,RN13,48.88402,2.26248,Plein jour,Hors agglomération,Hors intersection,Normale,Deux véhicules - arrière,2,1,4,0,1,1,1,0,1,70,2,2,0,0,0,2,63.0,53.0,voiture,voiture,1,1,1,1,2
201900029952,2019-09-06 10:35:00,2019,9,6,10,35,92,92036,A86,48.9353649,2.2852312,Plein jour,Hors agglomération,Hors intersection,Normale,Deux véhicules - côté,1,1,0,0,1,1,1,0,1,90,2,2,1,0,0,1,25.0,53.0,voiture,deux_roues,1,1,1,1,3
201900029953,2019-09-06 08:45:00,2019,9,6,8,45,78,78672,A13,48.929596,1.985315,Plein jour,Hors agglomération,Hors intersection,Normale,Trois véhicules et plus - en chaîne,1,3,3,0,1,1,1,0,1,130,4,4,2,0,0,2,64.0,41.0,utilitaire_camion,voiture,1,1,1,1,4
201900029954,2019-09-06 08:50:00,2019,9,6,8,50,92,92025,A86,48.934254,2.2569821,Plein jour,Hors agglomération,Hors intersection,Normale,Deux véhicules - côté,1,-1,2,0,1,1,1,0,1,90,2,2,1,0,0,1,27.0,34.0,utilitaire_camion,deux_roues,1,1,1,1,3
201900029955,2019-09-05 11:40:00,2019,9,5,11,40,78,78640,N118,48.782225,2.223009,Plein jour,Hors agglomération,Hors intersection,Normale,Autre collision,2,3,4,0,1,1,1,3,1,90,1,1,0,0,0,1,49.0,,voiture,,1,1,1,1,6
201900029956,2019-09-04 11:25:00,2019,9,4,11,25,92,92063,A86,48.8703771,2.157579,Plein jour,Hors agglomération,Hors intersection,Normale,Deux véhicules - arrière,1,1,4,0,1,1,1,9,1,50,2,2,1,0,0,1,32.0,37.0,utilitaire_camion,utilitaire_camion,1,1,1,1,2
201900029957,2019-09-06 18:40:00,2019,9,6,18,40,93,93006,AUTOROUTE A3,48.86648,2.42429,Plein jour,Hors agglomération,Hors intersection,Normale,Deux véhicules - côté,1,3,8,0,1,1,1,0,1,90,2,2,1,0,0,1,56.0,27.0,deux_roues,voiture,1,1,1,1,3
201900029958,2019-09-06 18:24:00,2019,9,6,18,24,93,93064,AUTOROUTE A86,48.875957,2.478467,Plein jour,Hors agglomération,Hors intersection,Normale,Deux véhicules - arrière,1,3,2,0,4,2,1,3,1,70,2,2,1,0,0,1,34.0,24.0,utilitaire_camion,deux_roues,1,1,1,1,2