accident_id,datetime,annee,mois,jour,heure,minute,departement,commune_insee,adresse,latitude,longitude,luminosite,agglomeration,intersection,meteo,collision,catr,circ,nbv,vosp,prof,plan,surf,infra,situ,vma,nb_vehicules,nb_usagers,nb_indemnes,nb_tues,nb_blesses_hosp,nb_blesses_legers,age_cond_1,age_cond_2,veh_type_cond_1,veh_type_cond_2,lum_code,agg_code,int_code,atm_code,col_code
201900030235,2019-06-24 11:30:00,2019,6,24,11,30,80,80021,"154, R DELPECH",49.88106,2.29304,Plein jour,En agglomération,Hors intersection,Normale,Autre collision,4,2,2,0,1,1,1,0,1,50,1,2,1,0,0,1,84.0,,voiture,,1,2,1,1,6
201900030236,2019-06-24 23:50:00,2019,6,24,23,50,78,78322,n° 60 ANATOLE FRANCE (RUE),48.75857,2.18406,Nuit avec éclairage allumé,En agglomération,Hors intersection,Normale,Autre collision,4,1,1,0,2,1,1,0,3,50,1,1,0,0,1,0,19.0,,deux_roues,,5,2,1,1,6
201900030237,2019-06-24 19:52:00,2019,6,24,19,52,78,78220,RD 191,48.7179,1.8493,Plein jour,Hors agglomération,Hors intersection,Normale,Trois véhicules et plus - collisions multiples,3,2,2,0,1,3,1,0,3,70,3,3,0,1,1,1,53.0,41.0,voiture,voiture,1,1,1,1,5
201900030238,2019-06-25 09:10:00,2019,6,25,9,10,78,78440,MARECHAL FOCH (AVENUE DU),48.992186,1.902636,Plein jour,En agglomération,Intersection en T,Normale,Deux véhicules - côté,3,2,2,0,1,1,1,0,3,50,2,2,1,0,0,1,68.0,46.0,voiture,deux_roues,1,2,3,1,3
201900030239,2019-06-24 18:20:00,2019,6,24,18,20,77,77210,D606 X D28A,48.36129,2.88857,Plein jour,Hors agglomération,Intersection en T,Normale,Deux véhicules - côté,3,2,2,0,1,1,1,5,1,80,2,2,1,1,0,0,48.0,59.0,voiture,deux_roues,1,1,3,1,3
201900030240,2019-06-24 17:39:00,2019,6,24,17,39,77,77251,D50 X BD ESPAGNE,48.6426274,2.5493005,Plein jour,En agglomération,Giratoire,Normale,Sans collision,3,2,4,0,1,1,1,5,1,50,1,1,0,0,1,0,39.0,,utilitaire_camion,,1,2,6,1,7
201900030241,2019-06-23 14:20:00,2019,6,23,14,20,76,76540,MARNE. BOULEVARD DE LA,49.44693,1.09257,Plein jour,En agglomération,Intersection en X,Normale,Deux véhicules - côté,3,3,5,0,1,1,1,0,1,50,2,2,1,0,0,1,56.0,85.0,deux_roues,voiture,1,2,2,1,3
201900030242,2019-06-24 14:14:00,2019,6,24,14,14,74,74094,THONON (ROUTE DE),46.203,6.282,Plein jour,En agglomération,Giratoire,Normale,Deux véhicules - côté,3,2,4,0,1,1,1,0,1,50,2,2,1,0,0,1,76.0,25.0,voiture,voiture,1,2,6,1,3
201900030243,2019-06-22 12:50:00,2019,6,22,12,50,73,73087,D47 DIGUE (RUE DE LA),45.5625613,5.8997793,Plein jour,En agglomération,Intersection en T,Normale,Autre collision,3,2,2,0,3,1,1,0,1,30,1,2,1,0,1,0,37.0,,voiture,,1,2,3,1,6
201900030244,2019-06-21 09:40:00,2019,6,21,9,40,73,73065,D912 ROUSSEAU JEAN JACQUES (RUE),45.560764,5.9308855,Plein jour,Hors agglomération,Intersection en T,Normale,Deux véhicules - frontale,3,2,2,0,2,1,1,0,1,50,2,2,1,0,0,1,45.0,33.0,deux_roues,voiture,1,1,3,1,1
201900030245,2019-06-24 19:30:00,2019,6,24,19,30,67,67043,OFFICIERS (RUE DES),48.612957,7.753932,Plein jour,En agglomération,Hors intersection,Normale,Autre collision,4,1,1,0,1,1,1,0,1,30,1,1,0,0,0,1,,,,,1,2,1,1,6
201900030246,2019-06-24 21:30:00,2019,6,24,21,30,67,67482,SCHIRMECK (ROUTE DE),48.574324,7.727731,Crépuscule ou aube,En agglomération,Hors intersection,Normale,Sans collision,4,1,2,0,1,2,1,2,1,50,1,1,0,0,0,1,26.0,,deux_roues,,2,2,1,1,7
201900030247,2019-06-24 08:50:00,2019,6,24,8,50,67,67482,DOUBS (RUE DU),48.568305,7.73519,Plein jour,En agglomération,Hors intersection,Normale,Trois véhicules et plus - en chaîne,4,4,2,0,1,1,1,8,1,50,3,3,1,0,0,2,26.0,38.0,voiture,utilitaire_camion,1,2,1,1,4
201900030248,2019-06-21 22:10:00,2019,6,21,22,10,67,67482,GENERAL KOENIG (QUAI DU),48.575245,7.758306,Nuit avec éclairage allumé,En agglomération,Hors intersection,Normale,Autre collision,4,2,2,0,1,1,1,0,1,50,1,2,1,0,0,1,58.0,,voiture,,5,2,1,1,6
201900030249,2019-06-18 16:30:00,2019,6,18,16,30,67,67180,STRASBOURG (ROUTE DE),48.80871,7.7788,Plein jour,En agglomération,Hors intersection,Normale,Autre collision,4,2,3,0,1,1,1,0,1,50,1,2,1,0,0,1,83.0,,voiture,,1,2,1,1,6
201900030250,2019-06-24 17:25:00,2019,6,24,17,25,65,65440,SAINT FRAI (ROND POINT),43.228843,0.088378,Plein jour,En agglomération,Giratoire,Normale,Deux véhicules - arrière,2,2,2,0,1,1,1,0,1,30,2,2,1,0,1,0,69.0,29.0,deux_roues,voiture,1,2,6,1,2
201900030251,2019-06-25 16:00:00,2019,6,25,16,0,64,64260,EMPEREUR (BOULEVARD DE ),43.3610632,-1.7623664,Plein jour,En agglomération,Hors intersection,Normale,Trois véhicules et plus - en chaîne,3,2,2,0,1,1,1,0,1,50,3,3,2,0,0,1,33.0,79.0,voiture,voiture,1,2,1,1,4
201900030252,2019-06-21 17:15:00,2019,6,21,17,15,63,63164,PONT/Bonnet-tixier,45.8251949,3.1414846,Plein jour,En agglomération,Giratoire,Normale,Deux véhicules - côté,7,2,2,0,1,1,1,5,1,50,2,2,1,0,1,0,35.0,59.0,voiture,voiture,1,2,6,1,3
201900030253,2019-06-25 08:44:00,2019,6,25,8,44,63,63113,LAFAYETTE (BD),45.7689,3.10455,Plein jour,En agglomération,Hors intersection,Normale,Autre collision,4,2,2,0,1,1,1,0,1,50,1,3,1,0,1,1,38.0,,utilitaire_camion,,1,2,1,1,6
201900030254,2019-06-21 23:15:00,2019,6,21,23,15,63,63113,VERCINGETORIX (AVENUE),45.77091,3.08704,Nuit avec éclairage allumé,En agglomération,Hors intersection,Normale,Autre collision,4,2,2,0,1,1,1,0,1,50,1,2,1,0,0,1,25.0,,voiture,,5,2,1,1,6
201900030255,2019-06-24 11:40:00,2019,6,24,11,40,62,62178,SALENGRO ( ROGER ),50.47507,2.54414,Plein jour,En agglomération,Intersection en X,Normale,Deux véhicules - côté,3,-1,2,0,1,1,1,0,1,50,2,2,1,0,0,1,58.0,25.0,utilitaire_camion,deux_roues,1,2,2,1,3
201900030256,2019-06-25 12:00:00,2019,6,25,12,0,59,59421,MARNE (BOULEVARD DE LA),50.69411,3.13295,Plein jour,En agglomération,Autre intersection,Temps éblouissant,Deux véhicules - côté,7,3,2,0,2,1,1,0,1,70,2,2,1,0,1,0,70.0,50.0,voiture,deux_roues,1,2,9,7,3
201900030257,2019-06-25 13:40:00,2019,6,25,13,40,59,59286,LOSTES RUE DES,50.60324,2.99986,Plein jour,Hors agglomération,Autre intersection,Temps éblouissant,Deux véhicules - côté,7,-1,0,0,1,1,1,0,1,70,2,1,0,0,0,1,60.0,,deux_roues,,1,1,9,7,3
201900030258,2019-06-22 20:50:00,2019,6,22,20,50,59,59172,D1040,50.32789,3.36595,Crépuscule ou aube,En agglomération,Hors intersection,Normale,Deux véhicules - frontale,3,2,2,0,1,1,1,0,3,50,2,2,1,0,1,0,55.0,25.0,voiture,voiture,2,2,1,1,1
201900030259,2019-06-24 17:40:00,2019,6,24,17,40,58,58194,MOLIERE,47.00507,3.1509,Plein jour,En agglomération,Hors intersection,Normale,Deux véhicules - côté,4,2,2,0,1,1,1,0,1,50,2,2,1,0,0,1,57.0,38.0,transport_commun,voiture,1,2,1,1,3
201900030260,2019-06-21 20:35:00,2019,6,21,20,35,54,54395,LOBAU (BOULEVARD),48.68946,6.19372,Plein jour,En agglomération,Intersection en X,Normale,Sans collision,4,1,2,0,1,1,1,0,1,50,1,2,1,0,1,0,70.0,,voiture,,1,2,2,1,7
201900030261,2019-06-25 11:00:00,2019,6,25,11,0,51,51454,RUE DE VENISE,49.24817,4.03515,Plein jour,En agglomération,Hors intersection,Normale,Deux véhicules - arrière,4,2,2,0,1,1,1,0,2,50,2,3,2,0,0,1,39.0,37.0,utilitaire_camion,voiture,1,2,1,1,2
201900030262,2019-04-11 11:10:00,2019,4,11,11,10,75,75115,RUE DUTOT,48.83824,2.308355,Plein jour,En agglomération,Intersection en X,Normale,Deux véhicules - côté,4,1,1,0,1,1,1,0,1,50,2,2,1,0,1,0,46.0,47.0,utilitaire_camion,deux_roues,1,2,2,1,3
201900030263,2019-04-13 20:40:00,2019,4,13,20,40,75,75114,AVENUE GEORGES LAFENESTRE,48.825111,2.311185,Nuit avec éclairage allumé,En agglomération,Intersection en X,Normale,Deux véhicules - arrière,4,1,4,0,1,1,1,0,1,50,2,2,1,0,0,1,29.0,25.0,deux_roues,voiture,5,2,2,1,2
201900030264,2019-04-12 20:20:00,2019,4,12,20,20,75,75114,PLACE DE CATALOGNE,48.837416,2.318581,Crépuscule ou aube,En agglomération,Place,Normale,Deux véhicules - côté,4,1,2,1,1,2,1,0,5,50,2,3,1,0,0,2,46.0,34.0,deux_roues,voiture,2,2,7,1,3
201900030265,2019-04-13 15:30:00,2019,4,13,15,30,75,75113,BOULEVARD VINCENT AURIOL,48.833015,2.361832,Plein jour,En agglomération,Intersection en X,Normale,Autre collision,4,1,10,0,2,1,1,0,1,50,1,2,1,0,0,1,35.0,,voiture,,1,2,2,1,6
201900030266,2019-04-12 13:50:00,2019,4,12,13,50,75,75113,BOULEVARD DU GENERAL JEAN SIMON,48.826226,2.383413,Plein jour,En agglomération,Hors intersection,Normale,Deux véhicules - côté,4,3,2,0,2,1,1,0,1,50,2,2,1,0,0,1,22.0,55.0,voiture,deux_roues,1,2,1,1,3
201900030267,2019-04-10 13:10:00,2019,4,10,13,10,75,75113,RUE DE TOLBIAC,48.826166,2.359994,Plein jour,En agglomération,Intersection en Y,Normale,Autre collision,4,2,3,3,1,1,1,0,1,50,1,2,1,0,0,1,30.0,,voiture,,1,2,4,1,6
201900030268,2019-04-12 09:22:00,2019,4,12,9,22,75,75112,BOULEVARD DIDEROT,48.847609,2.389064,Plein jour,En agglomération,Intersection en X,Normale,Deux véhicules - arrière,4,2,3,0,1,1,1,0,1,50,2,2,1,0,0,1,25.0,50.0,deux_roues,voiture,1,2,2,1,2
201900030269,2019-04-11 16:00:00,2019,4,11,16,0,75,75112,BOULEVARD DIDEROT,48.846647,2.380744,Plein jour,En agglomération,Hors intersection,Normale,Autre collision,4,2,2,0,1,1,1,0,1,50,2,1,0,0,0,1,53.0,,deux_roues,,1,2,1,1,6
201900030270,2019-04-11 13:55:00,2019,4,11,13,55,75,75112,ROUTE DE LA PYRAMIDE,48.830176,2.450403,Plein jour,En agglomération,Hors intersection,Normale,Autre collision,4,2,2,0,1,1,1,0,1,50,4,3,1,0,0,2,71.0,27.0,voiture,voiture,1,2,1,1,6
201900030271,2019-04-10 16:40:00,2019,4,10,16,40,75,75112,SOUTERRAIN QUAI DE BERCY,48.830454,2.386217,Plein jour,En agglomération,Hors intersection,Normale,Trois véhicules et plus - en chaîne,4,1,3,0,1,1,1,1,1,50,3,4,3,0,0,1,58.0,51.0,utilitaire_camion,utilitaire_camion,1,2,1,1,4
201900030272,2019-04-12 10:35:00,2019,4,12,10,35,75,75111,RUE SAINT SEBASTIEN,48.861114,2.369121,Plein jour,En agglomération,Hors intersection,Normale,Autre collision,4,1,1,0,1,1,1,0,1,30,1,2,1,0,0,1,29.0,,deux_roues,,1,2,1,1,6
201900030273,2019-04-11 19:25:00,2019,4,11,19,25,75,75111,AVENUE DE LA REPUBLIQUE,48.864011,2.3812,Plein jour,En agglomération,Intersection en X,Normale,Autre collision,4,2,2,0,2,1,1,0,1,30,1,2,1,0,0,1,54.0,,deux_roues,,1,2,2,1,6
201900030274,2019-04-11 09:00:00,2019,4,11,9,0,75,75111,BOULEVARD VOLTAIRE,48.855309,2.384295,Plein jour,En agglomération,Intersection en T,Normale,Deux véhicules - côté,4,2,2,1,1,1,1,0,5,50,2,2,1,0,0,1,48.0,24.0,voiture,deux_roues,1,2,3,1,3
201900030275,2019-04-10 23:00:00,2019,4,10,23,0,75,75111,RUE CHANZY,48.85252,2.383246,Nuit avec éclairage allumé,En agglomération,Intersection en X,Normale,Deux véhicules - côté,4,1,1,0,1,1,1,0,1,50,2,2,1,0,0,1,25.0,45.0,deux_roues,deux_roues,5,2,2,1,3
201900030276,2019-04-13 09:19:00,2019,4,13,9,19,75,75110,QUAI DE VALMY,48.872903,2.363739,Plein jour,En agglomération,Intersection en X,Normale,Deux véhicules - côté,4,1,3,1,2,1,1,0,1,50,2,2,1,0,0,1,26.0,60.0,deux_roues,utilitaire_camion,1,2,2,1,3
201900030277,2019-04-11 21:30:00,2019,4,11,21,30,75,75110,BOULEVARD SAINT DENIS,48.869445,2.353724,Nuit avec éclairage allumé,En agglomération,Hors intersection,Normale,Deux véhicules - côté,4,2,3,0,1,1,2,0,1,50,2,2,1,0,0,1,33.0,51.0,deux_roues,voiture,5,2,1,1,3
201900030278,2019-04-13 14:55:00,2019,4,13,14,55,75,75109,RUE AUBER,48.873053,2.328304,Plein jour,En agglomération,Intersection à plus de 4 branches,Normale,Autre collision,4,2,3,3,1,1,1,0,1,50,1,2,1,0,0,1,37.0,,voiture,,1,2,5,1,6
201900030279,2019-04-12 21:00:00,2019,4,12,21,0,75,75108,AVENUE DE FRIEDLAND,48.873977,2.29729,Nuit avec éclairage allumé,En agglomération,Intersection en X,Normale,Deux véhicules - arrière,4,2,4,0,1,1,1,0,1,50,2,2,1,0,1,0,42.0,47.0,voiture,deux_roues,5,2,2,1,2
201900030280,2019-04-12 13:50:00,2019,4,12,13,50,75,75108,RUE DE COURCELLES,48.876696,2.307503,Plein jour,En agglomération,Hors intersection,Normale,Deux véhicules - côté,4,2,2,0,1,1,1,0,1,50,2,2,1,0,0,1,54.0,22.0,voiture,deux_roues,1,2,1,1,3
201900030281,2019-04-12 09:10:00,2019,4,12,9,10,75,75108,PLACE CHARLES DE GAULLE,48.873304,2.29555,Plein jour,En agglomération,Place,Normale,Deux véhicules - côté,4,1,6,0,1,2,1,0,1,50,2,3,2,0,0,1,41.0,64.0,utilitaire_camion,voiture,1,2,7,1,3
201900030282,2019-04-11 16:50:00,2019,4,11,16,50,75,75108,AVENUE GEORGE V,48.871927,2.30084,Plein jour,En agglomération,Intersection en X,Normale,Autre collision,4,2,4,0,2,1,1,0,1,50,1,2,1,0,0,1,43.0,,deux_roues,,1,2,2,1,6
201900030283,2019-04-12 11:45:00,2019,4,12,11,45,75,75107,BOULEVARD DES INVALIDES,48.850728,2.314685,Plein jour,En agglomération,Place,Normale,Sans collision,4,2,4,0,1,1,1,0,1,50,1,1,0,0,0,1,72.0,,deux_roues,,1,2,7,1,7
201900030284,2019-04-12 08:20:00,2019,4,12,8,20,75,75104,RUE SAINT ANTOINE,48.854951,2.361967,Plein jour,En agglomération,Hors intersection,Normale,Autre collision,4,2,3,0,1,1,1,0,1,50,1,1,0,0,0,1,45.0,,deux_roues,,1,2,1,1,6
201900030285,2019-04-11 08:50:00,2019,4,11,8,50,75,75103,PLACE DE LA REPUBLIQUE,48.867343,2.363378,Plein jour,En agglomération,Place,Normale,Deux véhicules - côté,4,1,5,0,1,1,1,0,1,50,2,2,1,0,0,1,63.0,60.0,voiture,deux_roues,1,2,7,1,3
201900030286,2019-04-10 23:55:00,2019,4,10,23,55,75,75103,BOULEVARD SAINT MARTIN,48.867952,2.362385,Nuit avec éclairage allumé,En agglomération,Place,Normale,Deux véhicules - frontale,4,2,4,0,1,1,1,0,1,50,2,2,1,0,0,1,54.0,27.0,voiture,deux_roues,5,2,7,1,1
201900030287,2019-04-12 14:50:00,2019,4,12,14,50,75,75101,RUE DE L AMIRAL DE COLIGNY,48.86039,2.340581,Plein jour,En agglomération,Place,Normale,Deux véhicules - frontale,4,2,3,0,1,1,1,0,1,50,2,2,1,0,0,1,26.0,31.0,deux_roues,deux_roues,1,2,7,1,1
201900030288,2019-04-12 20:45:00,2019,4,12,20,45,94,94081,GUY MOQUET (AV),48.78942,2.39746,Nuit avec éclairage allumé,En agglomération,Intersection en X,Normale,Deux véhicules - côté,4,2,2,0,1,1,1,5,1,50,2,3,2,0,0,1,33.0,26.0,voiture,deux_roues,5,2,2,1,3
201900030289,2019-04-11 11:00:00,2019,4,11,11,0,94,94081,BRETELLE A86,48.77446,2.40507,Plein jour,En agglomération,Hors intersection,Normale,Deux véhicules - arrière,4,1,2,0,1,1,1,3,1,50,2,2,1,0,0,1,71.0,25.0,voiture,voiture,1,2,1,1,2
201900030290,2019-04-13 15:10:00,2019,4,13,15,10,94,94046,JEAN JAURES (R),48.7945,2.43424,Plein jour,En agglomération,Hors intersection,Normale,Sans collision,3,2,2,0,1,1,1,0,1,50,1,2,1,0,0,1,17.0,,deux_roues,,1,2,1,1,7
201900030291,2019-04-12 17:30:00,2019,4,12,17,30,94,94043,FONTAINEBLEAU (AV DE),48.81126,2.36164,Plein jour,En agglomération,Hors intersection,Temps couvert,Deux véhicules - côté,3,2,4,0,1,1,1,0,1,50,2,2,1,0,1,0,23.0,21.0,voiture,deux_roues,1,2,1,8,3
201900030292,2019-04-12 14:20:00,2019,4,12,14,20,94,94003,PRESIDENT SALVADOR ALLENDE (AV DU),48.81037,2.32907,Plein jour,En agglomération,Hors intersection,Normale,Autre collision,4,1,3,0,1,1,1,5,1,50,1,2,1,0,0,1,25.0,,utilitaire_camion,,1,2,1,1,6
201900030293,2019-04-12 16:15:00,2019,4,12,16,15,94,94041,MAURICE THOREZ (AV),48.81312,2.38058,Plein jour,En agglomération,Intersection en T,Normale,Deux véhicules - côté,3,1,2,0,2,1,1,5,1,50,2,3,2,0,0,1,22.0,62.0,deux_roues,voiture,1,2,3,1,3
201900030294,2019-04-11 06:50:00,2019,4,11,6,50,94,94041,PAUL VAILLANT COUTURIER (BD),48.81995,2.39701,Plein jour,En agglomération,Intersection en Y,Normale,Autre collision,3,2,0,0,1,1,1,0,1,50,1,1,0,0,0,1,,,,,1,2,4,1,6
201900030295,2019-04-13 15:00:00,2019,4,13,15,0,94,94073,VERSAILLES (AV DE),48.75828,2.39293,Plein jour,En agglomération,Intersection en X,Normale,Deux véhicules - côté,3,1,4,0,2,1,1,9,1,50,2,2,1,0,0,1,19.0,22.0,voiture,voiture,1,2,2,1,3
201900030296,2019-04-13 10:34:00,2019,4,13,10,34,94,94038,JULES FERRY (R),48.77,2.35,Plein jour,En agglomération,Hors intersection,Normale,Autre collision,4,1,2,0,1,2,1,0,1,70,1,4,3,0,0,1,30.0,,voiture,,1,2,1,1,6
201900030297,2019-04-12 12:30:00,2019,4,12,12,30,94,94021,GEORGES GUYNEMER (AV),48.76,2.34,Plein jour,En agglomération,Hors intersection,Normale,Autre collision,4,1,1,0,1,1,1,0,1,30,1,2,1,0,0,1,87.0,,voiture,,1,2,1,1,6
201900030298,2019-04-12 10:50:00,2019,4,12,10,50,94,94034,MAURICE TENINE (R),48.755305,2.32489,Plein jour,En agglomération,Hors intersection,Normale,Autre collision,4,1,1,0,1,1,1,0,1,30,1,2,1,0,0,1,87.0,,voiture,,1,2,1,1,6
201900030299,2019-04-11 13:30:00,2019,4,11,13,30,94,94073,FONTAINEBLEAU (AV DE),48.75,2.37,Plein jour,En agglomération,Hors intersection,Normale,Deux véhicules - arrière,3,-1,0,0,1,1,1,0,1,40,2,2,1,0,0,1,23.0,43.0,voiture,voiture,1,2,1,1,2
201900030300,2019-04-11 07:50:00,2019,4,11,7,50,94,94033,RIEUX (R DES),48.8596,2.4678,Plein jour,En agglomération,Hors intersection,Normale,Autre collision,4,1,1,2,3,1,1,0,1,50,1,2,1,0,0,1,44.0,,voiture,,1,2,1,1,6
201900030301,2019-04-13 11:35:00,2019,4,13,11,35,94,94028,TASSIGNY(AVE DU MARECHAL DE LATTRE DE),48.799406,2.453114,Plein jour,En agglomération,Hors intersection,Normale,Deux véhicules - côté,3,1,3,0,1,1,1,0,1,50,2,2,1,0,1,0,46.0,24.0,voiture,deux_roues,1,2,1,1,3
201900030302,2019-04-11 18:00:00,2019,4,11,18,0,94,94028,BROSSOLETTE(AVENUE PIERRE),48.78919,2.46557,Plein jour,En agglomération,Hors intersection,Normale,Deux véhicules - côté,3,2,0,1,1,1,1,9,1,50,2,2,1,0,0,1,27.0,24.0,voiture,deux_roues,1,2,1,1,3
201900030303,2019-04-11 18:15:00,2019,4,11,18,15,94,94011,GAULLE(CARREFOUR CHARLES DE),48.76862,2.48791,Plein jour,En agglomération,Giratoire,Normale,Deux véhicules - côté,2,1,1,0,1,1,1,9,1,50,2,2,1,0,0,1,43.0,26.0,utilitaire_camion,voiture,1,2,6,1,3
201900030304,2019-04-12 13:25:00,2019,4,12,13,25,94,94059,MAURICE BERTEAUX (AV),48.81588,2.56236,Plein jour,En agglomération,Hors intersection,Normale,Deux véhicules - côté,3,2,2,0,1,2,1,0,1,50,2,2,1,0,0,1,70.0,81.0,voiture,deux_roues,1,2,1,1,3
201900030305,2019-04-12 15:30:00,2019,4,12,15,30,94,94069,REPUBLIQUE (QU DE LA),48.817774,2.42208,Plein jour,En agglomération,Hors intersection,Normale,Deux véhicules - côté,3,2,2,0,1,2,1,0,1,50,2,2,1,0,0,1,20.0,35.0,voiture,voiture,1,2,1,1,3
201900030306,2019-04-12 10:30:00,2019,4,12,10,30,94,94017,MARX DORMOY (AV),48.80633,2.52797,Plein jour,En agglomération,Intersection en T,Normale,Autre collision,3,3,3,0,2,1,1,0,1,50,1,2,1,0,1,0,67.0,,voiture,,1,2,3,1,6
201900030307,2019-04-12 08:35:00,2019,4,12,8,35,94,94017,François Mittérrand (avenue),48.81602,2.51251,Plein jour,En agglomération,Giratoire,Normale,Autre collision,4,1,2,0,2,1,1,0,1,50,1,2,1,0,0,1,66.0,,voiture,,1,2,6,1,6
201900030308,2019-04-10 12:40:00,2019,4,10,12,40,94,94017,STALINGRAD (BD DE),48.81967,2.50129,Plein jour,En agglomération,Hors intersection,Normale,Autre collision,3,2,2,0,1,1,1,0,1,30,1,2,1,0,0,1,52.0,,voiture,,1,2,1,1,6
201900030309,2019-04-12 16:05:00,2019,4,12,16,5,93,93073,CHAPIT RE ( RUE DU),49.00844,2.56156,Plein jour,En agglomération,Autre intersection,Normale,Deux véhicules - côté,4,1,2,0,1,1,1,0,1,50,2,2,1,0,0,1,24.0,38.0,voiture,deux_roues,1,2,9,1,3
201900030310,2019-04-11 18:00:00,2019,4,11,18,0,93,93059,LENINE (AVENUE) N°2A34 ET 1A43,48.96298,2.35964,Plein jour,En agglomération,Hors intersection,Normale,Autre collision,3,3,4,0,1,3,1,5,1,50,1,2,1,0,0,1,19.0,,voiture,,1,2,1,1,6
201900030311,2019-04-13 19:15:00,2019,4,13,19,15,93,93071,GASTON BUSSIERE (PLACE),48.937361,2.5297965,Plein jour,En agglomération,Hors intersection,Normale,Sans collision,3,1,2,0,1,3,1,6,1,50,1,2,1,0,0,1,38.0,,deux_roues,,1,2,1,1,7
201900030312,2019-04-11 11:45:00,2019,4,11,11,45,93,93070,ROSIERS(DES) : APRES 61,48.90144,2.34389,Plein jour,En agglomération,Intersection en X,Normale,Autre collision,4,2,2,0,1,1,1,5,1,50,1,1,0,0,0,1,,,,,1,2,2,1,6
201900030313,2019-04-12 15:00:00,2019,4,12,15,0,93,93066,GENERAL DE GAULLE,48.92722,2.36143,Plein jour,En agglomération,Hors intersection,Normale,Deux véhicules - côté,3,-1,4,0,1,1,1,0,1,50,2,3,0,0,1,2,36.0,36.0,utilitaire_camion,utilitaire_camion,1,2,1,1,3
201900030314,2019-04-11 11:15:00,2019,4,11,11,15,93,93066,WILSON (AVENUE DU PRESIDENT),48.91546,2.35779,Plein jour,En agglomération,Intersection en X,Normale,Deux véhicules - côté,3,3,0,0,1,1,1,1,1,50,2,2,1,0,0,1,40.0,50.0,utilitaire_camion,utilitaire_camion,1,2,2,1,3
201900030315,2019-04-13 17:04:00,2019,4,13,17,4,93,93064,HUGO (RUE VICTOR),48.86249,2.49279,Plein jour,En agglomération,Hors intersection,Normale,Autre collision,4,2,2,0,1,1,1,1,2,50,1,2,1,0,1,0,70.0,,voiture,,1,2,1,1,6
201900030316,2019-04-11 20:20:00,2019,4,11,20,20,93,93051,ROGER CAILTEUX,48.82681,2.57326,Plein jour,En agglomération,Hors intersection,Normale,Autre collision,4,1,1,0,1,1,1,0,1,30,1,1,0,0,0,1,37.0,,voiture,,1,2,1,1,6
201900030317,2019-04-11 12:20:00,2019,4,11,12,20,93,93046,WINSTON CHURCHILL AVENUE,48.9127,2.53986,Plein jour,En agglomération,Intersection en X,Normale,Deux véhicules - côté,3,2,2,0,1,1,1,0,1,50,2,6,0,0,0,6,37.0,26.0,voiture,voiture,1,2,2,1,3
201900030318,2019-04-13 12:15:00,2019,4,13,12,15,93,93006,REPUBLIQUE AVENUE DE LA,48.86292,2.41503,Plein jour,En agglomération,Autre intersection,Normale,Autre collision,3,-1,0,0,1,1,1,9,1,20,1,3,1,0,0,2,21.0,,utilitaire_camion,,1,2,9,1,6
201900030319,2019-04-11 08:50:00,2019,4,11,8,50,93,93063,CITE MARCEL CACHIN,48.8816,2.43416,Plein jour,En agglomération,Hors intersection,Normale,Autre collision,4,2,2,0,1,1,1,0,1,30,1,2,1,0,0,1,44.0,,voiture,,1,2,1,1,6
201900030320,2019-04-11 20:26:00,2019,4,11,20,26,93,93029,JEAN JAURES (AVENUE),48.91465,2.46118,Plein jour,En agglomération,Intersection en T,Normale,Deux véhicules - côté,3,2,2,0,1,1,1,0,1,50,2,2,1,0,1,0,30.0,33.0,voiture,deux_roues,1,2,3,1,3
201900030321,2019-04-10 16:50:00,2019,4,10,16,50,93,93029,HENRI BARBUSSE (AVE) N°126-280,48.92074,2.45302,Plein jour,En agglomération,Hors intersection,Normale,Deux véhicules - arrière,3,2,2,0,1,1,1,0,1,50,2,2,1,0,0,1,33.0,30.0,voiture,utilitaire_camion,1,2,1,1,2
201900030322,2019-04-11 00:20:00,2019,4,11,0,20,93,93027,VAILLANT-COUTURIER (AVENUE PAUL),48.92961,2.42033,Nuit avec éclairage allumé,En agglomération,Intersection en T,Normale,Deux véhicules - côté,3,3,4,0,1,1,1,0,1,50,2,2,1,0,0,1,53.0,29.0,voiture,utilitaire_camion,5,2,3,1,3
201900030323,2019-04-11 08:05:00,2019,4,11,8,5,93,93047,BEGONIAS (AVENUE DES),48.893159,2.552508,Plein jour,En agglomération,Intersection en X,Normale,Deux véhicules - côté,4,-1,1,0,1,1,1,5,1,50,2,2,1,0,0,1,36.0,20.0,voiture,utilitaire_camion,1,2,2,1,3
201900030324,2019-04-13 14:10:00,2019,4,13,14,10,93,93010,VILLEMOMBLE (RTE DE) DE 2 A 20,48.89378,2.47874,Plein jour,En agglomération,Autre intersection,Normale,Autre collision,4,2,2,0,1,1,1,9,-1,50,1,2,1,0,0,1,40.0,,voiture,,1,2,9,1,6
201900030325,2019-04-13 08:55:00,2019,4,13,8,55,93,93010,BARBUSSE (AV. HENRI) DE 126 A FIN COTE P,48.89986,2.49278,Plein jour,En agglomération,Hors intersection,Normale,Autre collision,3,1,1,0,1,1,1,0,-1,50,1,1,0,0,0,1,21.0,,voiture,,1,2,1,1,6
201900030326,2019-04-12 16:20:00,2019,4,12,16,20,93,93010,BLANQUI (R. LOUIS-AUGUSTE) DE 2 A 30 COT,48.899,2.481,Plein jour,En agglomération,Hors intersection,Normale,Deux véhicules - arrière,4,2,2,0,1,1,1,0,1,50,2,3,2,0,0,1,39.0,31.0,deux_roues,voiture,1,2,1,1,2
201900030327,2019-04-11 18:45:00,2019,4,11,18,45,93,93005,JACQUES DUCLOS [CD44] (RUE),48.94621,2.49342,Plein jour,En agglomération,Intersection en T,Normale,Deux véhicules - côté,3,3,4,0,1,1,1,0,1,50,2,2,1,0,0,1,31.0,21.0,deux_roues,voiture,1,2,3,1,3