accident_id,datetime,annee,mois,jour,heure,minute,departement,commune_insee,adresse,latitude,longitude,luminosite,agglomeration,intersection,meteo,collision,catr,circ,nbv,vosp,prof,plan,surf,infra,situ,vma,nb_vehicules,nb_usagers,nb_indemnes,nb_tues,nb_blesses_hosp,nb_blesses_legers,age_cond_1,age_cond_2,veh_type_cond_1,veh_type_cond_2,lum_code,agg_code,int_code,atm_code,col_code
201900030328,2019-04-11 07:40:00,2019,4,11,7,40,93,93001,VICTOR HUGO (AVE)  => 120,48.90625,2.37533,Crépuscule ou aube,En agglomération,Intersection en T,Normale,Deux véhicules - côté,3,2,4,0,1,1,1,0,1,50,2,2,0,0,0,2,34.0,20.0,deux_roues,deux_roues,2,2,3,1,3
201900030329,2019-04-10 14:50:00,2019,4,10,14,50,93,93001,VILLEBOIS-MAREUIL (RUE) (IMPAIR),48.91226,2.37475,Plein jour,En agglomération,Intersection en Y,Temps couvert,Deux véhicules - côté,3,2,2,0,1,1,1,0,1,50,2,3,2,0,0,1,19.0,16.0,voiture,deux_roues,1,2,4,8,3
201900030330,2019-02-10 18:30:00,2019,2,10,18,30,93,93001,REPUBLIQUE (AVE DE LA ) 43/106 =>,48.9108,2.385,Nuit avec éclairage allumé,En agglomération,Hors intersection,Pluie légère,Deux véhicules - côté,3,2,2,0,1,1,2,0,1,50,2,2,1,0,0,1,43.0,44.0,voiture,deux_roues,5,2,1,2,3
201900030331,2019-04-12 18:47:00,2019,4,12,18,47,92,92046,JULES GUESDE (RUE),48.811933,2.281149,Plein jour,En agglomération,Intersection en T,Normale,Deux véhicules - côté,7,1,1,0,1,1,1,0,1,50,2,2,1,0,0,1,36.0,28.0,deux_roues,voiture,1,2,3,1,3
201900030332,2019-04-11 07:30:00,2019,4,11,7,30,92,92051,"BINEAU (BOULEVARD, N°133 A 217 ET 134 A",48.88879,2.27384,Plein jour,En agglomération,Intersection en X,Normale,Deux véhicules - côté,3,2,4,1,1,1,1,0,3,50,2,2,1,0,0,1,41.0,58.0,voiture,deux_roues,1,2,2,1,3
201900030333,2019-04-13 14:10:00,2019,4,13,14,10,92,92050,GLYCINES RESIDENCE DES,48.90974,2.223461,Plein jour,En agglomération,Autre intersection,Normale,Autre collision,9,-1,0,0,1,1,1,6,1,10,1,1,0,0,0,1,,,,,1,2,9,1,6
201900030334,2019-04-12 17:28:00,2019,4,12,17,28,92,92050,JOLIOT CURIE F. ET IRENE AVENUE  N°PAIRS,48.8905229,2.2064254,Plein jour,En agglomération,Hors intersection,Normale,Deux véhicules - arrière,3,3,4,0,1,1,1,0,2,50,2,2,1,0,0,1,48.0,52.0,voiture,voiture,1,2,1,1,2
201900030335,2019-04-12 14:25:00,2019,4,12,14,25,92,92050,PICASSO PABLO AVENUE/ JOLIOT CURIE AVENUE ,48.8937323,2.2121158,Plein jour,En agglomération,Intersection en X,Normale,Deux véhicules - côté,3,2,4,0,1,1,1,0,1,50,2,3,2,0,0,1,30.0,32.0,voiture,voiture,1,2,2,1,3
201900030336,2019-04-12 06:00:00,2019,4,12,6,0,92,92050,PREMIER MAI RUE DU,48.9145097,2.2191588,Crépuscule ou aube,En agglomération,Hors intersection,Normale,Trois véhicules et plus - en chaîne,3,1,2,0,1,1,1,0,1,50,3,3,2,0,0,1,43.0,48.0,utilitaire_camion,utilitaire_camion,2,2,1,1,4
201900030337,2019-04-10 18:55:00,2019,4,10,18,55,92,92050,PICASSO PABLO AVENUE,48.89132,2.21516,Plein jour,En agglomération,Hors intersection,Normale,Deux véhicules - côté,4,2,2,0,1,1,1,0,1,50,2,3,2,0,0,1,44.0,35.0,voiture,transport_commun,1,2,1,1,3
201900030338,2019-04-10 08:20:00,2019,4,10,8,20,92,92050,HAUTES PATURES RUE DES,48.915,2.2176,Plein jour,En agglomération,Hors intersection,Pluie légère,Autre collision,4,2,2,0,1,1,2,0,1,50,1,2,1,0,1,0,39.0,,voiture,,1,2,1,2,6
201900030339,2019-04-11 13:05:00,2019,4,11,13,5,92,92048,MARAIS (RUE DES),48.8107328,2.2498835,Plein jour,En agglomération,Intersection en X,Normale,Deux véhicules - côté,4,2,2,0,1,1,1,0,1,50,2,3,1,0,0,2,51.0,53.0,voiture,deux_roues,1,2,2,1,3
201900030340,2019-04-12 16:07:00,2019,4,12,16,7,92,92044,VIC. HUGO(RUE)069A075 ET 080A088,48.8959318,2.2964994,Plein jour,En agglomération,Intersection en X,Normale,Autre collision,3,4,3,0,1,1,1,0,1,50,1,2,0,1,0,1,21.0,,deux_roues,,1,2,2,1,6
201900030341,2019-04-12 08:50:00,2019,4,12,8,50,92,92044,BAUDIN (RUE) 27A83 ET 36 A84,48.8969601,2.2819333,Plein jour,En agglomération,Intersection en X,Normale,Deux véhicules - côté,4,2,2,0,1,1,1,0,1,50,2,2,1,0,0,1,20.0,47.0,deux_roues,voiture,1,2,2,1,3
201900030342,2019-04-12 19:57:00,2019,4,12,19,57,92,92035,Liberté ( place de ),48.909929,2.246972,Plein jour,En agglomération,Autre intersection,Normale,Autre collision,4,1,1,0,1,2,1,9,1,30,1,2,1,0,0,1,25.0,,deux_roues,,1,2,9,1,6
201900030343,2019-04-11 13:30:00,2019,4,11,13,30,92,92025,VOIES DU BOIS (RUE DES),48.916239,2.247597,Plein jour,En agglomération,Hors intersection,Normale,Deux véhicules - côté,4,2,2,0,1,1,1,0,1,50,2,2,1,0,0,1,41.0,32.0,deux_roues,utilitaire_camion,1,2,1,1,3
201900030344,2019-04-11 10:15:00,2019,4,11,10,15,92,92025,GENERAL LECLERC (PLACE),48.9238639,2.2601945,Plein jour,En agglomération,Hors intersection,Normale,Deux véhicules - côté,3,-1,8,0,1,1,1,0,1,50,2,2,1,0,0,1,71.0,85.0,voiture,deux_roues,1,2,1,1,3
201900030345,2019-04-12 03:25:00,2019,4,12,3,25,92,92024,FRANCOIS MITERRAND (PLACE),48.90336,2.31297,Nuit avec éclairage allumé,En agglomération,Autre intersection,Normale,Autre collision,4,2,2,0,1,1,1,5,1,50,1,1,0,0,0,1,38.0,,voiture,,5,2,9,1,6
201900030346,2019-04-11 10:25:00,2019,4,11,10,25,92,92024,PIERRE BEREGOVOY (RUE),48.90172,2.29489,Plein jour,En agglomération,Hors intersection,Normale,Deux véhicules - côté,4,2,2,0,1,1,1,0,1,30,2,2,1,0,0,1,30.0,20.0,deux_roues,utilitaire_camion,1,2,1,1,3
201900030347,2019-04-13 14:45:00,2019,4,13,14,45,92,92012,MARCEL SEMBAT (PLACE),48.8335641,2.2434454,Plein jour,En agglomération,Place,Normale,Autre collision,3,1,2,0,2,2,1,9,1,50,2,2,1,0,0,1,24.0,23.0,deux_roues,voiture,1,2,7,1,6
201900030348,2019-05-18 14:50:00,2019,5,18,14,50,92,92012,ANATOLE FRANCE (BOULEVARD) 1/4BIS,48.8508,2.23544,Plein jour,En agglomération,Hors intersection,Normale,Autre collision,4,2,1,0,1,1,1,0,1,50,1,1,0,0,1,0,59.0,,voiture,,1,2,1,1,6
201900030349,2019-04-12 19:45:00,2019,4,12,19,45,92,92012,PIERRE GRENIER (AVENUE),48.8320969,2.2530779,Plein jour,En agglomération,Intersection en X,Normale,Deux véhicules - frontale,3,1,3,0,1,1,1,0,1,50,2,2,1,0,0,1,55.0,22.0,deux_roues,voiture,1,2,2,1,1
201900030350,2019-03-30 11:10:00,2019,3,30,11,10,92,92007,JAURES (AVENUE JEAN) N° 1 ET 2 A 24,48.80206,2.30231,Plein jour,En agglomération,Hors intersection,Normale,Deux véhicules - côté,3,3,2,0,1,1,1,0,1,30,2,2,1,0,1,0,38.0,25.0,deux_roues,voiture,1,2,1,1,3
201900030351,2019-04-11 13:05:00,2019,4,11,13,5,92,92007,MEUNIERS (RUE DES),48.79865,2.31897,Plein jour,En agglomération,Intersection en T,Temps éblouissant,Deux véhicules - côté,4,2,2,0,1,1,1,0,1,50,2,2,1,0,1,0,57.0,25.0,voiture,deux_roues,1,2,3,7,3
201900030352,2019-04-11 08:05:00,2019,4,11,8,5,92,92007,FROIDE (RUE),48.797414,2.300923,Crépuscule ou aube,En agglomération,Giratoire,Normale,Deux véhicules - côté,4,2,1,0,1,1,1,5,1,50,2,2,1,0,1,0,51.0,62.0,deux_roues,voiture,2,2,6,1,3
201900030353,2019-01-27 17:50:00,2019,1,27,17,50,92,92004,PONT D'ASNIERES,48.90423,2.28868,Plein jour,En agglomération,Hors intersection,Pluie forte,Autre collision,3,2,2,0,1,1,2,0,1,50,1,1,0,0,0,1,24.0,,deux_roues,,1,2,1,3,6
201900030354,2019-04-13 05:45:00,2019,4,13,5,45,92,92014,GENERAL LECLERC (AV.) (135 A FIN - 134 A,48.7726337,2.3126896,Nuit avec éclairage allumé,En agglomération,Hors intersection,Normale,Autre collision,3,1,4,0,1,1,1,0,1,50,1,2,0,0,0,2,45.0,,voiture,,5,2,1,1,6
201900030355,2019-04-12 13:50:00,2019,4,12,13,50,92,92002,DIVISION LECLERC (1 A 29 -2 A 34),48.7522943,2.3046868,Plein jour,En agglomération,Hors intersection,Normale,Deux véhicules - arrière,3,3,3,0,1,1,1,0,1,50,2,2,1,0,0,1,29.0,31.0,voiture,deux_roues,1,2,1,1,2
201900030356,2019-04-14 02:30:00,2019,4,14,2,30,37,37082,D70,47.391744,0.233911,Nuit sans éclairage public,Hors agglomération,Hors intersection,Normale,Autre collision,3,2,2,0,1,1,1,0,3,80,1,1,0,0,1,0,41.0,,voiture,,3,1,1,1,6
201900030357,2019-04-08 09:30:00,2019,4,8,9,30,35,35177,D27,48.204007,-1.741863,Plein jour,Hors agglomération,Autre intersection,Normale,Deux véhicules - frontale,3,2,2,0,2,3,1,0,1,70,2,2,1,0,1,0,32.0,32.0,voiture,voiture,1,1,9,1,1
201900030358,2019-04-11 16:00:00,2019,4,11,16,0,86,86034,Toucheneuve,46.375998,0.577427,Plein jour,Hors agglomération,Intersection en T,Normale,Deux véhicules - côté,3,2,1,0,1,1,1,0,1,80,2,2,1,0,1,0,27.0,31.0,utilitaire_camion,voiture,1,1,3,1,3
201900030359,2019-03-29 16:45:00,2019,3,29,16,45,51,51649,BOULEVARD FRANCOIS 1er,48.723059,4.583648,Plein jour,En agglomération,Autre intersection,Normale,Sans collision,4,2,2,0,1,1,1,0,1,50,1,2,1,0,1,0,17.0,,deux_roues,,1,2,9,1,7
201900030360,2019-04-11 23:00:00,2019,4,11,23,0,62,62794,Route Nationale,50.713334,2.164291,Nuit sans éclairage public,En agglomération,Intersection en T,Normale,Autre collision,3,2,2,0,3,2,1,0,3,50,1,3,2,0,0,1,19.0,,voiture,,3,2,3,1,6
201900030361,2019-04-13 12:55:00,2019,4,13,12,55,25,25133,A36 - PK 122+300,47.285638,6.004687,Plein jour,Hors agglomération,Hors intersection,Normale,Autre collision,1,3,4,0,1,2,1,0,1,130,1,2,1,0,0,1,21.0,,voiture,,1,1,1,1,6
201900030362,2019-04-13 14:20:00,2019,4,13,14,20,41,41194,Allée des Grandes Bruyères,47.328546,1.762683,Plein jour,En agglomération,Hors intersection,Normale,Deux véhicules - côté,4,2,2,0,1,1,1,0,3,50,2,3,1,0,0,2,17.0,17.0,deux_roues,deux_roues,1,2,1,1,3
201900030363,2019-04-11 22:05:00,2019,4,11,22,5,33,33315,RD674/RD122E2 Rolland,45.07297,-0.08289,Nuit sans éclairage public,En agglomération,Intersection en X,Normale,Deux véhicules - côté,3,2,2,0,1,1,1,0,1,50,2,3,0,0,2,1,34.0,28.0,voiture,voiture,3,2,2,1,3
201900030364,2019-04-13 19:50:00,2019,4,13,19,50,81,81109,Pont du vagast,43.662651,2.121933,Plein jour,Hors agglomération,Hors intersection,Normale,Deux véhicules - frontale,3,2,2,0,3,1,1,2,1,80,2,4,3,1,0,0,42.0,32.0,voiture,voiture,1,1,1,1,1
201900030365,2019-04-12 17:40:00,2019,4,12,17,40,28,28123,Les Nouvelles Grisonnières,48.217402,1.131144,Plein jour,Hors agglomération,Hors intersection,Normale,Deux véhicules - côté,3,2,2,0,1,1,1,0,1,80,2,3,1,0,2,0,39.0,81.0,deux_roues,voiture,1,1,1,1,3
201900030366,2019-03-15 22:15:00,2019,3,15,22,15,972,97232,Chateaupaille,14.552804,-60.840113,Nuit sans éclairage public,En agglomération,Hors intersection,Normale,Autre collision,4,2,2,0,1,3,1,0,3,50,1,1,0,0,1,0,,,,,3,2,1,1,6
201900030367,2019-04-12 11:35:00,2019,4,12,11,35,35,35308,L'Hôtel Neuf,48.453876,-1.920702,Plein jour,Hors agglomération,Hors intersection,Normale,Autre collision,3,3,4,0,1,1,1,0,3,110,1,2,0,0,1,1,20.0,,voiture,,1,1,1,1,6
201900030368,2019-04-11 19:05:00,2019,4,11,19,5,1,01322,650 chemin de la reste,45.933658,4.811539,Plein jour,En agglomération,Giratoire,Normale,Deux véhicules - côté,4,2,2,0,2,1,1,0,1,50,2,2,1,0,0,1,17.0,40.0,deux_roues,voiture,1,2,6,1,3
201900030369,2019-04-04 09:45:00,2019,4,4,9,45,62,62706,Rue Hennelle,50.5926594,2.7426445,Plein jour,En agglomération,Intersection en X,Normale,Deux véhicules - côté,3,2,2,0,1,1,1,0,1,50,2,2,1,0,0,1,67.0,29.0,deux_roues,utilitaire_camion,1,2,2,1,3
201900030370,2019-04-14 16:30:00,2019,4,14,16,30,19,19250,"Autoroute A20, pk 229+822, sens Paris-Province",45.495864,1.524056,Plein jour,Hors agglomération,Hors intersection,Normale,Deux véhicules - arrière,1,3,4,0,1,1,1,0,1,130,2,4,2,0,1,1,53.0,61.0,voiture,deux_roues,1,1,1,1,2
201900030371,2019-04-10 19:50:00,2019,4,10,19,50,59,59579,Route de Pitgam,50.944498,2.381273,Crépuscule ou aube,Hors agglomération,Hors intersection,Normale,Deux véhicules - frontale,3,2,1,0,1,3,1,0,1,80,2,2,1,0,1,0,48.0,25.0,voiture,voiture,2,1,1,1,1
201900030372,2019-04-12 09:29:00,2019,4,12,9,29,74,74105,Rue du Centre,46.30614,6.302606,Plein jour,En agglomération,Hors intersection,Normale,Autre collision,3,2,2,0,1,1,1,6,1,50,1,2,1,0,1,0,37.0,,utilitaire_camion,,1,2,1,1,6
201900030373,2019-04-13 17:15:00,2019,4,13,17,15,38,38419,Départementale 1075,44.849965,5.620615,Plein jour,Hors agglomération,Hors intersection,Normale,Autre collision,3,2,2,0,1,3,1,0,3,80,1,2,0,0,0,2,21.0,,voiture,,1,1,1,1,6
201900030374,2019-04-13 08:45:00,2019,4,13,8,45,38,38419,RD 1075,44.84006,5.613126,Plein jour,Hors agglomération,Hors intersection,Normale,Autre collision,3,2,2,2,1,1,1,0,3,80,1,1,0,0,1,0,66.0,,voiture,,1,1,1,1,6
201900030375,2019-04-12 15:45:00,2019,4,12,15,45,62,62536,D 77 / D 83,50.387738,2.459055,Plein jour,Hors agglomération,Intersection en X,Normale,Deux véhicules - côté,3,2,2,0,1,1,1,0,1,80,2,2,1,0,0,1,18.0,21.0,deux_roues,voiture,1,1,2,1,3
201900030376,2019-04-13 00:45:00,2019,4,13,0,45,61,61103,A 28 pk 210,48.847583,0.37139,Nuit sans éclairage public,Hors agglomération,Hors intersection,Normale,Autre collision,1,2,4,0,1,1,1,0,1,130,1,4,3,0,0,1,18.0,,voiture,,3,1,1,1,6
201900030377,2019-04-11 15:00:00,2019,4,11,15,0,57,57599,D53,49.204247,6.465374,Plein jour,Hors agglomération,Hors intersection,Normale,Deux véhicules - frontale,3,3,2,0,1,3,1,0,1,80,2,2,1,0,1,0,44.0,17.0,voiture,deux_roues,1,1,1,1,1
201900030378,2019-04-14 03:50:00,2019,4,14,3,50,89,89399,départementale 939,48.236228,3.307258,Nuit sans éclairage public,Hors agglomération,Intersection en T,Normale,Deux véhicules - arrière,3,4,3,0,1,1,1,0,1,80,2,2,0,1,0,1,34.0,20.0,voiture,utilitaire_camion,3,1,3,1,2
201900030379,2019-04-11 22:25:00,2019,4,11,22,25,51,51030,39 RUE ROGER SONDAG,49.054597,4.001104,Nuit avec éclairage allumé,En agglomération,Hors intersection,Normale,Sans collision,4,1,1,1,1,1,1,0,4,30,1,2,0,0,2,0,24.0,,deux_roues,,5,2,1,1,7
201900030380,2019-04-08 22:00:00,2019,4,8,22,0,59,59445,D963,50.048607,4.116171,Nuit sans éclairage public,Hors agglomération,Hors intersection,Pluie légère,Deux véhicules - arrière,3,2,2,0,1,1,2,0,1,80,2,2,1,0,1,0,18.0,49.0,deux_roues,autre,3,1,1,2,2
201900030381,2019-04-14 00:30:00,2019,4,14,0,30,56,56013,58 Rue Général de Gaulle,47.67577,-3.171162,Nuit avec éclairage non allumé,En agglomération,Giratoire,Normale,Autre collision,3,2,2,0,1,1,1,5,1,30,1,1,0,0,1,0,19.0,,deux_roues,,4,2,6,1,6
201900030382,2019-04-13 16:00:00,2019,4,13,16,0,56,56101,RN 24 - PK 85 + 200,47.835663,-3.165315,Plein jour,Hors agglomération,Hors intersection,Normale,Autre collision,2,3,4,0,1,1,1,3,3,110,1,1,0,0,1,0,68.0,,voiture,,1,1,1,1,6
201900030383,2019-04-13 13:40:00,2019,4,13,13,40,77,77020,Route Nationale 4,48.69261,3.17407,Plein jour,Hors agglomération,Hors intersection,Normale,Deux véhicules - frontale,2,2,2,0,1,1,1,0,5,80,2,2,1,1,0,0,60.0,60.0,utilitaire_camion,voiture,1,1,1,1,1
201900030384,2019-04-10 18:00:00,2019,4,10,18,0,79,79176,58 route de saint maixent,46.490029,-0.05878,Plein jour,Hors agglomération,Hors intersection,Normale,Sans collision,3,2,2,0,2,3,1,0,4,70,1,1,0,0,1,0,,,,,1,1,1,1,7
201900030385,2019-04-09 07:25:00,2019,4,9,7,25,31,31541,route de grenade,43.692825,1.354428,Plein jour,En agglomération,Intersection en X,Normale,Deux véhicules - côté,3,2,2,0,1,1,2,5,1,50,2,2,1,0,1,0,18.0,54.0,deux_roues,voiture,1,2,2,1,3
201900030386,2019-04-13 06:15:00,2019,4,13,6,15,80,80190,D 29,50.0665471,1.6160631,Crépuscule ou aube,Hors agglomération,Hors intersection,Normale,Deux véhicules - frontale,3,2,2,0,1,1,1,0,1,80,2,4,0,0,3,1,67.0,31.0,voiture,voiture,2,1,1,1,1
201900030387,2019-03-11 14:40:00,2019,3,11,14,40,33,33484,Route de Sore,44.41928,-0.49123,Plein jour,En agglomération,Autre intersection,Normale,Autre collision,6,-1,-1,0,1,1,1,0,8,-1,1,2,1,0,1,0,48.0,,voiture,,1,2,9,1,6
201900030388,2019-04-13 20:10:00,2019,4,13,20,10,33,33439,D18,45.1238,-0.42426,Plein jour,Hors agglomération,Hors intersection,Normale,Autre collision,3,2,2,0,1,2,1,0,8,80,1,1,0,0,0,1,54.0,,voiture,,1,1,1,1,6
201900030389,2019-04-12 14:15:00,2019,4,12,14,15,33,33145,route de Libourne,44.795523,-0.33341,Plein jour,Hors agglomération,Hors intersection,Normale,Deux véhicules - frontale,3,2,2,0,2,2,1,0,1,70,2,2,1,1,0,0,55.0,64.0,deux_roues,voiture,1,1,1,1,1
201900030390,2019-04-13 17:00:00,2019,4,13,17,0,71,71014,1 rue Pernette,46.95158,4.296621,Plein jour,En agglomération,Intersection en X,Temps éblouissant,Autre collision,4,2,2,0,1,1,1,0,1,50,1,2,1,0,1,0,56.0,,voiture,,1,2,2,7,6
201900030391,2019-04-12 17:30:00,2019,4,12,17,30,63,63291,D63,45.963979,3.456475,Plein jour,Hors agglomération,Intersection en T,Normale,Deux véhicules - côté,3,2,2,0,1,3,1,0,1,80,2,2,1,0,0,1,71.0,21.0,voiture,voiture,1,1,3,1,3
201900030392,2019-04-13 14:00:00,2019,4,13,14,0,63,63040,route de st julien de coppel,45.712368,3.326184,Plein jour,Hors agglomération,Hors intersection,Normale,Sans collision,3,2,2,0,1,1,1,0,3,80,1,1,0,0,1,0,40.0,,deux_roues,,1,1,1,1,7
201900030393,2019-04-14 06:10:00,2019,4,14,6,10,61,61459,D21,48.678487,-0.491468,Crépuscule ou aube,Hors agglomération,Hors intersection,Normale,Autre collision,3,2,2,0,1,1,1,0,3,80,1,1,0,0,1,0,22.0,,voiture,,2,1,1,1,6
201900030394,2019-04-13 15:15:00,2019,4,13,15,15,12,12258,RD 905 A,44.234511,2.194203,Plein jour,Hors agglomération,Hors intersection,Normale,Sans collision,3,2,2,0,2,2,9,0,3,80,1,1,0,0,1,0,60.0,,voiture,,1,1,1,1,7
201900030395,2019-04-14 15:45:00,2019,4,14,15,45,12,12165,RD904,44.493893,2.57188,Plein jour,Hors agglomération,Hors intersection,Normale,Deux véhicules - frontale,3,2,2,0,2,3,1,0,1,80,2,2,1,0,0,1,65.0,50.0,voiture,deux_roues,1,1,1,1,1
201900030396,2019-04-13 20:20:00,2019,4,13,20,20,42,42240,Route de la Chapelle,45.503429,4.036542,Nuit avec éclairage non allumé,En agglomération,Hors intersection,Normale,Autre collision,3,2,2,0,2,3,1,0,3,50,1,1,0,0,0,1,54.0,,voiture,,4,2,1,1,6
201900030397,2019-04-13 13:35:00,2019,4,13,13,35,46,46039,Le Causse,44.586516,1.826672,Plein jour,Hors agglomération,Hors intersection,Normale,Sans collision,3,2,2,0,2,1,1,0,3,80,1,2,0,0,2,0,36.0,,deux_roues,,1,1,1,1,7
201900030398,2019-04-12 14:30:00,2019,4,12,14,30,46,46225,D67 PK23+500,44.538945,1.181634,Plein jour,Hors agglomération,Hors intersection,Normale,Trois véhicules et plus - collisions multiples,3,2,2,0,2,4,1,0,1,80,3,3,2,0,1,0,60.0,43.0,voiture,voiture,1,1,1,1,5
201900030399,2019-04-13 17:50:00,2019,4,13,17,50,46,46136,La mouline CD 811,44.518431,1.277954,Plein jour,Hors agglomération,Hors intersection,Normale,Sans collision,3,2,2,0,1,3,1,0,8,80,1,1,0,0,1,0,41.0,,deux_roues,,1,1,1,1,7
201900030400,2019-04-12 00:45:00,2019,4,12,0,45,47,47318,Route Départementale 642,44.194386,0.311223,Nuit sans éclairage public,Hors agglomération,Hors intersection,Normale,Sans collision,3,2,2,0,1,1,1,0,3,80,1,3,1,0,2,0,22.0,,voiture,,3,1,1,1,7
201900030401,2019-04-13 13:40:00,2019,4,13,13,40,47,47317,D299,44.4426787,0.4086453,Plein jour,Hors agglomération,Hors intersection,Normale,Deux véhicules - frontale,3,2,2,0,2,4,1,0,1,-1,2,2,1,0,1,0,67.0,17.0,voiture,deux_roues,1,1,1,1,1
201900030402,2019-04-12 17:15:00,2019,4,12,17,15,34,34207,D161,43.385497,3.504599,Plein jour,Hors agglomération,Hors intersection,Normale,Deux véhicules - côté,3,2,2,0,1,1,1,0,1,80,2,2,1,0,1,0,63.0,21.0,utilitaire_camion,deux_roues,1,1,1,1,3
201900030403,2019-04-12 07:15:00,2019,4,12,7,15,34,34332,Avenue de Béziers,43.31173,3.403807,Plein jour,Hors agglomération,Hors intersection,Normale,Deux véhicules - frontale,3,2,2,0,1,1,1,0,1,80,2,2,1,1,0,0,57.0,21.0,deux_roues,voiture,1,1,1,1,1
201900030404,2019-04-13 02:00:00,2019,4,13,2,0,34,34312,D 35,43.6642855,3.1593125,Nuit sans éclairage public,Hors agglomération,Hors intersection,Normale,Sans collision,3,2,2,0,1,1,1,0,6,-1,1,2,0,0,0,2,23.0,,voiture,,3,1,1,1,7
201900030405,2019-04-14 04:45:00,2019,4,14,4,45,68,68374,Route des Cinq Châteaux,48.072907,7.28934,Nuit sans éclairage public,Hors agglomération,Hors intersection,Normale,Autre collision,4,2,2,0,2,2,1,0,3,80,1,3,1,0,2,0,30.0,,voiture,,3,1,1,1,6
201900030406,2019-04-13 23:45:00,2019,4,13,23,45,44,44199,Les Chaussées - CD 771 - PK 36,47.72735,-1.327718,Crépuscule ou aube,Hors agglomération,Hors intersection,Normale,Deux véhicules - frontale,3,2,2,0,1,3,1,0,1,80,2,4,1,0,2,1,30.0,25.0,voiture,voiture,2,1,1,1,1
201900030407,2019-04-11 14:50:00,2019,4,11,14,50,29,29023,01 impasse Pors Trez,48.6658401,-3.9011886,Plein jour,Hors agglomération,Hors intersection,Normale,Autre collision,4,-1,1,0,2,1,1,0,1,50,1,2,1,0,1,0,54.0,,voiture,,1,1,1,1,6
201900030408,2019-04-13 12:30:00,2019,4,13,12,30,29,29190,44 Rue du Lannou,48.345417,-4.71938,Plein jour,En agglomération,Hors intersection,Normale,Sans collision,4,2,2,0,1,1,1,0,4,30,1,1,0,0,1,0,50.0,,deux_roues,,1,2,1,1,7
201900030409,2019-04-13 16:45:00,2019,4,13,16,45,38,38180,chemin de lemps,45.392287,5.296879,Plein jour,En agglomération,Intersection en X,Normale,Deux véhicules - côté,3,2,2,0,1,1,1,0,1,50,2,2,1,0,1,0,51.0,23.0,voiture,deux_roues,1,2,2,1,3
201900030410,2019-04-11 13:30:00,2019,4,11,13,30,2,02645,VC 8,49.058276,3.55664,Plein jour,Hors agglomération,Hors intersection,Normale,Deux véhicules - côté,3,2,2,0,1,1,1,0,1,80,2,3,1,0,2,0,20.0,29.0,utilitaire_camion,deux_roues,1,1,1,1,3
201900030411,2019-04-14 07:45:00,2019,4,14,7,45,1,01179,Route des Quatre Arches,46.275786,4.841167,Plein jour,Hors agglomération,Hors intersection,Normale,Autre collision,4,2,2,0,1,1,1,0,3,80,1,2,0,0,2,0,19.0,,voiture,,1,1,1,1,6
201900030412,2019-04-14 10:30:00,2019,4,14,10,30,1,01432,Darisole,46.337738,5.337384,Plein jour,Hors agglomération,Hors intersection,Normale,Deux véhicules - frontale,3,2,2,0,1,1,1,0,1,80,2,2,1,0,1,0,75.0,56.0,deux_roues,voiture,1,1,1,1,1
201900030413,2019-04-14 00:15:00,2019,4,14,0,15,70,70112,Rue du Pray,47.841723,5.856479,Nuit sans éclairage public,En agglomération,Hors intersection,Normale,Autre collision,3,2,2,0,2,1,1,0,4,50,1,1,0,0,0,1,24.0,,voiture,,3,2,1,1,6
201900030414,2019-04-10 06:00:00,2019,4,10,6,0,26,26070,D71,44.395902,4.881974,Nuit sans éclairage public,Hors agglomération,Hors intersection,Normale,Autre collision,3,2,2,0,2,1,1,0,1,80,1,2,1,0,0,1,30.0,,voiture,,3,1,1,1,6
201900030415,2019-04-13 22:50:00,2019,4,13,22,50,54,54102,route du vin et de la mirabelle,48.707283,5.858689,Nuit sans éclairage public,Hors agglomération,Hors intersection,Normale,Sans collision,3,2,2,0,1,1,1,0,3,80,1,1,0,1,0,0,18.0,,voiture,,3,1,1,1,7
201900030416,2019-04-13 12:02:00,2019,4,13,12,2,72,72089,intersection C8 et route direction ribaron,48.114429,-0.036521,Plein jour,Hors agglomération,Hors intersection,Normale,Deux véhicules - côté,4,2,2,0,1,1,1,5,1,80,2,3,1,0,2,0,19.0,57.0,deux_roues,voiture,1,1,1,1,3
201900030417,2019-04-12 18:55:00,2019,4,12,18,55,72,72217,Rue Principale,48.07389,0.2253176,Plein jour,En agglomération,Intersection en T,Temps éblouissant,Autre collision,3,2,2,0,1,1,1,0,1,50,3,3,2,0,1,0,,19.0,autre,voiture,1,2,3,7,6
201900030418,2019-04-13 15:15:00,2019,4,13,15,15,72,72346,le buisson,47.889879,0.024805,Plein jour,Hors agglomération,Hors intersection,Normale,Sans collision,4,2,2,0,1,2,1,0,1,80,1,1,0,0,0,1,24.0,,deux_roues,,1,1,1,1,7
201900030419,2019-04-12 00:35:00,2019,4,12,0,35,72,72257,rue de Pruillé,48.007206,0.134927,Nuit sans éclairage public,Hors agglomération,Hors intersection,Normale,Autre collision,3,2,2,0,1,3,1,0,3,80,1,5,0,0,1,4,21.0,,voiture,,3,1,1,1,6