accident_id,datetime,annee,mois,jour,heure,minute,departement,commune_insee,adresse,latitude,longitude,luminosite,agglomeration,intersection,meteo,collision,catr,circ,nbv,vosp,prof,plan,surf,infra,situ,vma,nb_vehicules,nb_usagers,nb_indemnes,nb_tues,nb_blesses_hosp,nb_blesses_legers,age_cond_1,age_cond_2,veh_type_cond_1,veh_type_cond_2,lum_code,agg_code,int_code,atm_code,col_code
201900030603,2019-03-02 23:00:00,2019,3,2,23,0,80,80442,rue de Nesle,49.743896,2.991533,Nuit avec éclairage allumé,En agglomération,Hors intersection,Normale,Autre collision,3,2,2,0,1,1,2,0,1,50,1,3,2,0,1,0,28.0,,voiture,,5,2,1,1,6
201900030604,2019-03-07 17:50:00,2019,3,7,17,50,80,80644,d 1029-lieu-dit la râperie,49.873169,2.702816,Plein jour,Hors agglomération,Hors intersection,Temps couvert,Deux véhicules - côté,3,2,2,0,1,1,2,0,1,70,2,3,1,0,2,0,67.0,97.0,voiture,voiture,1,1,1,8,3
201900030605,2019-03-06 15:40:00,2019,3,6,15,40,65,65187,Route d'Auch,43.233422,0.4891112,Plein jour,Hors agglomération,Hors intersection,Normale,Autre collision,3,2,2,0,1,1,1,0,3,70,1,4,0,0,2,2,19.0,,voiture,,1,1,1,1,6
201900030606,2019-03-05 21:00:00,2019,3,5,21,0,65,65155,Le Village,43.287387,0.550881,Nuit sans éclairage public,Hors agglomération,Hors intersection,Normale,Deux véhicules - frontale,3,2,2,0,2,4,1,0,1,80,2,2,0,0,1,1,55.0,51.0,voiture,voiture,3,1,1,1,1
201900030607,2019-03-08 05:50:00,2019,3,8,5,50,69,69248,40 rue Alexandre Cherpin,46.03275,4.30546,Nuit avec éclairage allumé,En agglomération,Intersection en T,Normale,Deux véhicules - côté,3,2,2,0,2,1,1,0,1,50,2,2,1,0,0,1,28.0,18.0,voiture,deux_roues,5,2,3,1,3
201900030608,2019-03-08 14:15:00,2019,3,8,14,15,81,81070,carrefour rd12 et route communale la barraqué,43.792962,1.75857,Plein jour,Hors agglomération,Autre intersection,Normale,Autre collision,3,2,2,0,1,1,1,0,1,80,1,2,1,0,0,1,22.0,,voiture,,1,1,9,1,6
201900030609,2019-03-08 21:00:00,2019,3,8,21,0,32,32194,PK4+700,43.947903,0.315815,Nuit sans éclairage public,Hors agglomération,Hors intersection,Normale,Autre collision,3,2,2,0,1,1,1,0,3,80,1,1,0,0,1,0,54.0,,voiture,,3,1,1,1,6
201900030610,2019-03-05 19:05:00,2019,3,5,19,5,32,32160,"ROUTE NATIONALE 124, bretelle accès vers TOULOUSE, au niveau du PR 9+300",43.596499,1.110239,Crépuscule ou aube,Hors agglomération,Hors intersection,Normale,Autre collision,2,1,1,0,2,3,1,3,1,50,1,1,0,0,1,0,18.0,,deux_roues,,2,1,1,1,6
201900030611,2019-03-05 20:30:00,2019,3,5,20,30,71,71483,La Triqueterie,46.32991,4.28265,Nuit sans éclairage public,Hors agglomération,Hors intersection,Normale,Deux véhicules - arrière,3,2,2,0,1,1,1,0,1,80,2,3,1,0,1,1,20.0,59.0,deux_roues,voiture,3,1,1,1,2
201900030612,2019-03-06 14:50:00,2019,3,6,14,50,71,71543,RD 56,46.565171,4.899458,Plein jour,En agglomération,Intersection en Y,Vent fort / tempête,Deux véhicules - côté,3,2,2,0,1,1,1,0,1,50,2,7,1,0,0,6,33.0,31.0,voiture,voiture,1,2,4,6,3
201900030613,2019-03-09 13:00:00,2019,3,9,13,0,89,89473,D178,47.892642,3.338887,Plein jour,Hors agglomération,Intersection en Y,Pluie légère,Deux véhicules - côté,3,2,2,0,1,1,2,0,1,80,2,3,2,0,1,0,47.0,14.0,utilitaire_camion,deux_roues,1,1,4,2,3
201900030614,2019-03-06 13:20:00,2019,3,6,13,20,89,89419,15 rue du Corbeau Blanc,47.732038,3.303005,Plein jour,En agglomération,Hors intersection,Temps couvert,Deux véhicules - côté,3,3,2,0,2,1,2,0,1,50,2,2,1,0,1,0,23.0,76.0,deux_roues,voiture,1,2,1,8,3
201900030615,2019-03-07 07:59:00,2019,3,7,7,59,61,61293,Rue de Longny,48.522237,0.552377,Plein jour,En agglomération,Hors intersection,Normale,Autre collision,3,2,2,0,1,1,1,0,1,50,1,2,1,0,0,1,57.0,,transport_commun,,1,2,1,1,6
201900030616,2019-03-06 01:30:00,2019,3,6,1,30,55,55232,D 903,49.096318,5.730758,Nuit sans éclairage public,Hors agglomération,Hors intersection,Normale,Autre collision,3,2,2,0,1,1,2,0,3,80,1,1,0,0,1,0,43.0,,voiture,,3,1,1,1,6
201900030617,2019-03-05 21:00:00,2019,3,5,21,0,49,49221,LE PAS BREGEON,47.452952,0.003798,Nuit sans éclairage public,Hors agglomération,Hors intersection,Normale,Autre collision,4,2,2,0,1,2,1,0,3,80,1,1,0,1,0,0,54.0,,voiture,,3,1,1,1,6
201900030618,2019-03-09 17:30:00,2019,3,9,17,30,49,49026,Les Fresnes,47.49192,-0.759647,Plein jour,Hors agglomération,Hors intersection,Normale,Deux véhicules - frontale,3,2,2,0,1,1,2,0,1,80,2,3,1,0,1,1,36.0,77.0,voiture,voiture,1,1,1,1,1
201900030619,2019-03-09 14:30:00,2019,3,9,14,30,12,12238,Bois du four,44.239743,2.966678,Plein jour,Hors agglomération,Hors intersection,Pluie légère,Trois véhicules et plus - collisions multiples,3,2,2,0,2,3,2,0,1,80,3,5,4,0,0,1,47.0,28.0,voiture,voiture,1,1,1,2,5
201900030620,2019-03-08 18:45:00,2019,3,8,18,45,46,46193,RD 20,44.857325,1.707439,Nuit sans éclairage public,Hors agglomération,Hors intersection,Pluie légère,Deux véhicules - frontale,3,2,2,0,1,3,2,0,1,90,2,2,1,0,1,0,21.0,73.0,deux_roues,voiture,3,1,1,2,1
201900030621,2019-03-06 11:15:00,2019,3,6,11,15,47,47049,route du cimetière,44.446493,0.619291,Plein jour,En agglomération,Place,Normale,Sans collision,6,-1,-1,0,1,1,1,0,8,-1,1,1,0,1,0,0,89.0,,voiture,,1,2,7,1,7
201900030622,2019-03-09 05:40:00,2019,3,9,5,40,41,41146,Route de Montrichard,47.341168,1.259504,Nuit sans éclairage public,Hors agglomération,Hors intersection,Pluie légère,Sans collision,3,2,2,0,1,3,2,0,3,70,1,1,0,1,0,0,31.0,,deux_roues,,3,1,1,2,7
201900030623,2019-03-09 17:21:00,2019,3,9,17,21,86,86108,7 rue des lavoirs,46.807941,0.017109,Plein jour,En agglomération,Hors intersection,Normale,Sans collision,3,2,2,0,1,1,1,0,1,50,1,1,0,0,1,0,26.0,,deux_roues,,1,2,1,1,7
201900030624,2019-03-06 17:00:00,2019,3,6,17,0,86,86178,Rue de la Chanterie,46.493597,0.457978,Plein jour,En agglomération,Giratoire,Normale,Deux véhicules - arrière,3,2,2,0,1,2,2,5,1,50,2,2,1,0,0,1,15.0,34.0,deux_roues,voiture,1,2,6,1,2
201900030625,2019-03-10 02:20:00,2019,3,10,2,20,68,68234,RD18 bis,47.942432,7.422258,Nuit sans éclairage public,Hors agglomération,Hors intersection,Normale,Sans collision,3,2,2,0,1,3,1,0,3,80,1,4,0,0,0,4,25.0,,voiture,,3,1,1,1,7
201900030626,2019-03-05 19:15:00,2019,3,5,19,15,68,68082,Rue de PULVERSHEIM,47.859854,7.342871,Nuit avec éclairage allumé,En agglomération,Intersection en Y,Normale,Deux véhicules - arrière,3,2,2,0,1,1,1,0,1,50,2,3,2,0,0,1,35.0,48.0,voiture,voiture,5,2,4,1,2
201900030627,2019-03-06 13:20:00,2019,3,6,13,20,68,68333,rue de Bale,47.619068,7.297966,Plein jour,En agglomération,Hors intersection,Normale,Sans collision,3,2,2,0,2,2,1,0,3,50,1,1,0,0,0,1,75.0,,voiture,,1,2,1,1,7
201900030628,2019-03-08 11:55:00,2019,3,8,11,55,22,22219,cv 126,48.273246,-2.696185,Plein jour,Hors agglomération,Hors intersection,Normale,Deux véhicules - frontale,4,2,1,0,2,3,1,0,1,45,2,4,2,0,1,1,19.0,61.0,voiture,voiture,1,1,1,1,1
201900030629,2019-03-09 18:10:00,2019,3,9,18,10,22,22183,CD120 LA FERRIERE,48.1548357,-2.5872706,Plein jour,Hors agglomération,Hors intersection,Normale,Sans collision,3,2,2,0,1,2,2,0,3,80,1,1,0,0,1,0,24.0,,deux_roues,,1,1,1,1,7
201900030630,2019-03-09 05:40:00,2019,3,9,5,40,22,22055,BOULEVARD DU LITTORAL,48.6293523,-2.8246461,Nuit sans éclairage public,Hors agglomération,Hors intersection,Normale,Autre collision,3,2,2,0,1,1,1,0,1,70,1,4,3,0,1,0,44.0,,utilitaire_camion,,3,1,1,1,6
201900030631,2019-03-06 09:45:00,2019,3,6,9,45,25,25564,chemin de halage,47.163619,5.888683,Plein jour,Hors agglomération,Hors intersection,Normale,Sans collision,4,2,2,0,1,1,1,0,8,30,1,1,0,1,0,0,75.0,,voiture,,1,1,1,1,7
201900030632,2019-03-10 12:30:00,2019,3,10,12,30,35,35330,6 lieu dit le chene vert,48.173447,-1.233133,Plein jour,Hors agglomération,Hors intersection,Normale,Autre collision,3,2,2,0,1,2,1,0,8,80,1,1,0,0,1,0,19.0,,deux_roues,,1,1,1,1,6
201900030633,2019-03-09 12:05:00,2019,3,9,12,5,35,35049,Avenue Olivier Briard,48.6652,-1.865291,Plein jour,Hors agglomération,Hors intersection,Normale,Deux véhicules - frontale,3,2,2,0,1,3,1,0,1,80,2,2,0,0,1,1,19.0,74.0,voiture,voiture,1,1,1,1,1
201900030634,2019-03-07 17:00:00,2019,3,7,17,0,35,35100,la closerie,48.256605,-1.142581,Plein jour,Hors agglomération,Intersection en X,Normale,Deux véhicules - côté,3,2,2,0,1,1,1,0,1,80,2,5,4,0,1,0,51.0,82.0,voiture,voiture,1,1,2,1,3
201900030635,2019-03-06 08:25:00,2019,3,6,8,25,35,35184,RUE DE RENNES,48.198365,-2.046493,Plein jour,En agglomération,Intersection en T,Pluie légère,Deux véhicules - côté,4,2,2,0,1,1,2,0,1,50,2,2,1,0,1,0,50.0,19.0,voiture,deux_roues,1,2,3,2,3
201900030636,2019-03-07 11:30:00,2019,3,7,11,30,29,29153,route de port manec'h,47.815552,-3.788125,Plein jour,En agglomération,Intersection en X,Temps éblouissant,Deux véhicules - côté,4,2,2,0,1,1,2,0,1,50,2,2,1,0,1,0,64.0,67.0,voiture,deux_roues,1,2,2,7,3
201900030637,2019-02-27 19:00:00,2019,2,27,19,0,29,29210,Carrefour de Croas Ar Born - Intersection RD 19 / RD 75,48.577494,-3.993884,Crépuscule ou aube,Hors agglomération,Intersection en X,Normale,Deux véhicules - côté,3,2,2,0,1,1,1,5,1,50,2,2,1,0,1,0,59.0,65.0,deux_roues,voiture,2,1,2,1,3
201900030638,2019-03-08 16:00:00,2019,3,8,16,0,29,29024,56 rue de callac,48.283335,-3.563334,Plein jour,En agglomération,Hors intersection,Pluie légère,Sans collision,4,2,2,0,2,1,2,0,8,50,1,1,0,1,0,0,72.0,,voiture,,1,2,1,2,7
201900030639,2019-03-07 12:30:00,2019,3,7,12,30,29,29225,Face 88 rue de la mer,47.9488316,-4.3708446,Plein jour,En agglomération,Giratoire,Normale,Trois véhicules et plus - collisions multiples,3,2,2,0,2,1,1,5,1,50,3,3,1,0,1,1,68.0,53.0,voiture,voiture,1,2,6,1,5
201900030640,2019-03-08 23:00:00,2019,3,8,23,0,31,31033,RD 40 - route de MAURESSAC,43.350074,1.473788,Nuit sans éclairage public,Hors agglomération,Hors intersection,Normale,Autre collision,3,2,2,0,1,1,1,2,1,80,1,1,0,0,1,0,49.0,,deux_roues,,3,1,1,1,6
201900030641,2019-03-06 20:20:00,2019,3,6,20,20,38,38074,D 1092,45.25265,5.45547,Nuit sans éclairage public,Hors agglomération,Hors intersection,Vent fort / tempête,Autre collision,3,2,2,0,1,1,1,0,1,80,1,4,0,3,0,1,44.0,,voiture,,3,1,1,6,6
201900030642,2019-03-10 00:00:00,2019,3,10,0,0,2,02308,"Lieu dit ""Le Lion d'Or"", Intersection D1043/D66",50.050205,3.681813,Nuit avec éclairage non allumé,Hors agglomération,Intersection en X,Pluie légère,Deux véhicules - côté,2,2,2,0,1,1,2,0,1,80,2,3,1,0,1,1,30.0,67.0,voiture,voiture,4,1,2,2,3
201900030643,2019-07-26 18:40:00,2019,7,26,18,40,6,06069,PROVENCE (AVENUE DE),43.65067,6.92258,Plein jour,En agglomération,Hors intersection,Normale,Sans collision,4,2,2,0,1,1,1,0,1,50,1,1,0,0,1,0,84.0,,voiture,,1,2,1,1,7
201900030644,2019-07-26 13:55:00,2019,7,26,13,55,6,06069,POMPIDOU (AVENUE GEORGES) -RD 6085,43.64901,6.93327,Plein jour,En agglomération,Hors intersection,Normale,Trois véhicules et plus - en chaîne,3,2,2,0,2,1,1,0,1,50,4,5,1,0,0,4,64.0,80.0,voiture,voiture,1,2,1,1,4
201900030645,2019-07-27 03:10:00,2019,7,27,3,10,6,06027,GAUDE AVENUE DE LA,43.666921,7.152702,Nuit avec éclairage allumé,En agglomération,Hors intersection,Normale,Deux véhicules - frontale,7,2,2,0,1,2,1,0,1,50,2,2,1,0,1,0,26.0,26.0,deux_roues,voiture,5,2,1,1,1
201900030646,2019-07-23 13:25:00,2019,7,23,13,25,5,05061,EMILE DIDIER ( AV ),44.56401,6.0891,Plein jour,En agglomération,Intersection en T,Normale,Autre collision,2,2,3,0,1,1,1,0,3,50,1,3,0,0,0,3,18.0,,voiture,,1,2,3,1,6
201900030647,2019-07-26 08:20:00,2019,7,26,8,20,3,03310,avenue Poincaré,46.116256,3.437798,Plein jour,En agglomération,Hors intersection,Normale,Autre collision,3,2,2,0,1,1,1,0,1,50,1,2,1,0,1,0,84.0,,voiture,,1,2,1,1,6
201900030648,2019-07-25 11:15:00,2019,7,25,11,15,75,75118,BD PERIPHERIQUE INTERIEUR,48.900931,2.345297,Plein jour,En agglomération,Hors intersection,Normale,Trois véhicules et plus - en chaîne,4,1,4,0,1,1,1,0,1,70,3,3,2,0,0,1,41.0,56.0,transport_commun,voiture,1,2,1,1,4
201900030649,2019-07-27 01:21:00,2019,7,27,1,21,75,75115,QUAI BRANLY,48.8545916,2.2888391,Nuit avec éclairage allumé,En agglomération,Intersection en X,Pluie forte,Autre collision,4,2,4,0,1,3,2,0,1,50,1,2,1,0,1,0,20.0,,deux_roues,,5,2,2,3,6
201900030650,2019-07-26 14:35:00,2019,7,26,14,35,75,75115,RUE CAMBRONNE,48.842746,2.302607,Plein jour,En agglomération,Intersection en Y,Normale,Deux véhicules - arrière,4,2,3,0,1,1,1,0,1,50,2,2,1,0,1,0,28.0,45.0,deux_roues,utilitaire_camion,1,2,4,1,2
201900030651,2019-07-24 23:30:00,2019,7,24,23,30,75,75107,RUE DE GRENELLE,48.858429,2.313365,Nuit avec éclairage allumé,En agglomération,Place,Normale,Deux véhicules - arrière,4,2,3,0,1,1,1,0,1,50,2,3,1,0,0,2,28.0,58.0,voiture,voiture,5,2,7,1,2
201900030652,2019-07-24 17:34:00,2019,7,24,17,34,75,75116,ALLEE DE LONGCHAMP,48.872517,2.264428,Plein jour,En agglomération,Intersection en X,Normale,Deux véhicules - côté,4,2,4,0,1,1,1,5,1,50,2,2,1,0,1,0,30.0,24.0,deux_roues,voiture,1,2,2,1,3
201900030653,2019-07-23 16:02:00,2019,7,23,16,2,75,75101,RUE DE RIVOLI,48.863726,2.332132,Plein jour,En agglomération,Intersection en X,Temps éblouissant,Deux véhicules - arrière,4,1,5,1,1,1,1,0,5,50,2,4,3,0,0,1,25.0,54.0,utilitaire_camion,deux_roues,1,2,2,7,2
201900030654,2019-07-27 00:20:00,2019,7,27,0,20,75,75106,RUE DE SEINE,48.851467,2.337064,Nuit avec éclairage allumé,En agglomération,Intersection en X,Pluie forte,Deux véhicules - côté,4,2,2,0,1,1,2,0,1,30,2,2,1,0,0,1,34.0,31.0,deux_roues,voiture,5,2,2,3,3
201900030655,2019-07-25 23:21:00,2019,7,25,23,21,75,75105,RUE MONGE,48.840853,2.351881,Nuit avec éclairage allumé,En agglomération,Intersection en X,Normale,Autre collision,4,2,4,0,1,1,1,0,1,30,2,2,1,0,0,1,31.0,,voiture,,5,2,2,1,6
201900030656,2019-07-26 08:35:00,2019,7,26,8,35,75,75120,AVENUE GAMBETTA,48.8769855,2.4064654,Plein jour,En agglomération,Intersection en X,Normale,Deux véhicules - arrière,4,2,2,-1,2,1,1,0,1,50,2,2,1,0,0,1,53.0,59.0,deux_roues,deux_roues,1,2,2,1,2
201900030657,2019-07-25 00:05:00,2019,7,25,0,5,75,75120,RUE D AVRON,48.852707,2.406129,Nuit avec éclairage allumé,En agglomération,Intersection en X,Normale,Deux véhicules - côté,4,2,2,0,1,1,1,6,1,50,2,2,1,0,0,1,44.0,19.0,deux_roues,deux_roues,5,2,2,1,3
201900030658,2019-07-27 09:30:00,2019,7,27,9,30,75,75119,PLACE SKANDERBEG,48.9004057,2.371517,Plein jour,En agglomération,Place,Pluie légère,Sans collision,4,1,3,0,1,3,2,0,1,50,1,1,0,0,0,1,22.0,,deux_roues,,1,2,7,2,7
201900030659,2019-07-24 16:20:00,2019,7,24,16,20,75,75119,RUE ARMAND CARREL,48.882722,2.377635,Plein jour,En agglomération,Hors intersection,Normale,Deux véhicules - côté,4,2,2,0,1,1,1,0,1,30,2,3,1,0,0,2,13.0,25.0,deux_roues,deux_roues,1,2,1,1,3
201900030660,2019-07-27 16:57:00,2019,7,27,16,57,75,75118,BOULEVARD BARBES,48.885541,2.349543,Plein jour,En agglomération,Intersection en X,Normale,Deux véhicules - côté,4,3,4,0,2,1,1,0,1,50,2,3,1,0,0,2,33.0,17.0,voiture,deux_roues,1,2,2,1,3
201900030661,2019-07-27 00:20:00,2019,7,27,0,20,75,75118,RUE ORDENER,48.892408,2.344999,Nuit avec éclairage allumé,En agglomération,Intersection en X,Pluie forte,Deux véhicules - côté,4,2,2,0,1,1,2,0,1,50,2,2,1,0,0,1,52.0,21.0,voiture,deux_roues,5,2,2,3,3
201900030662,2019-07-26 20:20:00,2019,7,26,20,20,75,75118,RUE DE LA CHAPELLE,48.890252,2.359928,Plein jour,En agglomération,Intersection en X,Normale,Deux véhicules - côté,4,2,5,0,1,1,1,0,1,50,2,2,0,0,0,2,35.0,30.0,deux_roues,deux_roues,1,2,2,1,3
201900030663,2019-07-26 19:30:00,2019,7,26,19,30,75,75117,AVENUE DE SAINT OUEN,48.896607,2.328683,Plein jour,En agglomération,Intersection en T,Normale,Autre collision,4,2,2,0,1,1,1,0,1,50,1,2,1,0,0,1,33.0,,voiture,,1,2,3,1,6
201900030664,2019-07-26 16:10:00,2019,7,26,16,10,75,75117,AVENUE DE SAINT OUEN,48.894049,2.327779,Plein jour,En agglomération,Intersection en T,Normale,Autre collision,4,2,2,3,1,1,1,0,6,50,1,2,0,0,1,1,23.0,,deux_roues,,1,2,3,1,6
201900030665,2019-07-25 09:30:00,2019,7,25,9,30,75,75117,AVENUE DES TERNES,48.87865,2.294236,Plein jour,En agglomération,Intersection en X,Normale,Deux véhicules - côté,4,2,2,0,1,1,1,0,1,50,2,3,2,0,0,1,31.0,40.0,transport_commun,deux_roues,1,2,2,1,3
201900030666,2019-07-27 20:30:00,2019,7,27,20,30,75,75116,RUE DE PASSY,48.858312,2.283119,Crépuscule ou aube,En agglomération,Intersection en T,Normale,Autre collision,4,1,2,0,1,1,1,0,1,50,1,2,1,0,0,1,72.0,,voiture,,2,2,3,1,6
201900030667,2019-07-26 19:10:00,2019,7,26,19,10,75,75116,RUE DE LA POMPE,48.862796,2.276341,Plein jour,En agglomération,Intersection en X,Normale,Deux véhicules - côté,4,-1,2,0,1,1,1,0,1,50,2,2,1,0,0,1,53.0,57.0,deux_roues,deux_roues,1,2,2,1,3
201900030668,2019-07-26 14:15:00,2019,7,26,14,15,75,75116,RUE DES BELLES FEUILLES,48.867872,2.281089,Plein jour,En agglomération,Intersection à plus de 4 branches,Normale,Autre collision,4,1,1,0,1,1,1,0,1,50,1,1,0,0,0,1,,,,,1,2,5,1,6
201900030669,2019-07-27 12:45:00,2019,7,27,12,45,75,75115,RUE LECOURBE,48.841568,2.299125,Plein jour,En agglomération,Intersection en X,Temps couvert,Deux véhicules - côté,4,2,3,1,1,1,1,0,5,50,2,2,1,0,0,1,36.0,49.0,deux_roues,voiture,1,2,2,8,3
201900030670,2019-07-25 18:00:00,2019,7,25,18,0,75,75115,AVENUE ALBERT BARTHOLOME,48.829215,2.292328,Plein jour,En agglomération,Intersection en T,Normale,Deux véhicules - côté,4,2,1,0,1,1,1,0,1,50,2,2,1,0,0,1,29.0,26.0,voiture,deux_roues,1,2,3,1,3
201900030671,2019-07-27 10:40:00,2019,7,27,10,40,75,75113,BOULEVARD KELLERMANN,48.8191474,2.3594213,Plein jour,En agglomération,Intersection en X,Pluie légère,Deux véhicules - côté,4,3,3,0,1,1,2,0,1,50,2,2,1,0,0,1,63.0,28.0,voiture,utilitaire_camion,1,2,2,2,3
201900030672,2019-07-24 21:36:00,2019,7,24,21,36,75,75112,RUE ABEL,48.845888,2.37431,Nuit avec éclairage allumé,En agglomération,Intersection à plus de 4 branches,Normale,Autre collision,4,1,2,0,1,1,1,0,1,50,2,1,0,0,0,1,28.0,,deux_roues,,5,2,5,1,6
201900030673,2019-07-27 15:45:00,2019,7,27,15,45,75,75111,AVENUE DE LA REPUBLIQUE,48.863986,2.3811214,Plein jour,En agglomération,Intersection en X,Normale,Deux véhicules - côté,4,3,2,0,1,1,1,0,1,50,2,3,2,0,0,1,28.0,20.0,deux_roues,deux_roues,1,2,2,1,3
201900030674,2019-07-27 11:45:00,2019,7,27,11,45,75,75111,AVENUE DE TAILLEBOURG,48.849137,2.397031,Plein jour,En agglomération,Place,Pluie légère,Deux véhicules - côté,4,2,2,0,1,1,2,0,1,30,2,3,2,0,0,1,20.0,24.0,deux_roues,voiture,1,2,7,2,3
201900030675,2019-07-24 11:07:00,2019,7,24,11,7,75,75109,RUE PIERRE FONTAINE,48.881566,2.334201,Plein jour,En agglomération,Hors intersection,Normale,Deux véhicules - côté,4,1,1,0,1,1,1,0,1,50,2,2,1,0,0,1,32.0,59.0,utilitaire_camion,voiture,1,2,1,1,3
201900030676,2019-07-27 13:59:00,2019,7,27,13,59,75,75108,RUE PIERRE CHARRON,48.87052,2.305286,Plein jour,En agglomération,Intersection en X,Normale,Deux véhicules - côté,4,2,2,0,1,1,1,6,1,50,2,2,0,0,0,2,41.0,64.0,deux_roues,deux_roues,1,2,2,1,3
201900030677,2019-07-26 04:38:00,2019,7,26,4,38,75,75108,BOULEVARD HAUSSMANN,48.8748507,2.3198769,Nuit avec éclairage allumé,En agglomération,Place,Normale,Deux véhicules - côté,4,4,3,0,1,1,1,0,1,50,2,3,2,0,0,1,55.0,34.0,voiture,transport_commun,5,2,7,1,3
201900030678,2019-07-25 17:45:00,2019,7,25,17,45,75,75108,AVENUE WINSTON CHURCHILL,48.86499,2.313711,Plein jour,En agglomération,Intersection en X,Normale,Sans collision,4,2,4,0,1,1,1,0,1,50,1,1,0,0,0,1,26.0,,deux_roues,,1,2,2,1,7
201900030679,2019-07-24 09:15:00,2019,7,24,9,15,75,75108,PONT ALEXANDRE III,48.864686,2.313657,Plein jour,En agglomération,Intersection en X,Normale,Autre collision,4,2,2,0,1,1,1,2,1,50,1,1,0,0,0,1,34.0,,deux_roues,,1,2,2,1,6
201900030680,2019-07-26 21:10:00,2019,7,26,21,10,75,75101,PLACE DU CHATELET,48.857918,2.347153,Plein jour,En agglomération,Place,Normale,Autre collision,4,1,2,0,1,2,1,0,1,30,1,2,1,0,0,1,42.0,,transport_commun,,1,2,7,1,6
201900030681,2019-07-26 06:00:00,2019,7,26,6,0,75,75103,RUE VIEILLE DU TEMPLE,48.85869,2.358778,Nuit avec éclairage allumé,En agglomération,Intersection en X,Normale,Deux véhicules - côté,4,1,1,0,1,1,1,0,1,50,2,2,1,0,0,1,33.0,52.0,deux_roues,voiture,5,2,2,1,3
201900030682,2019-07-26 18:30:00,2019,7,26,18,30,75,75102,RUE DU QUATRE SEPTEMBRE,48.8689211,2.3400825,Plein jour,En agglomération,Intersection en X,Normale,Deux véhicules - côté,4,1,3,0,1,1,1,0,1,50,2,2,1,0,0,1,36.0,24.0,voiture,deux_roues,1,2,2,1,3
201900030683,2019-07-27 05:20:00,2019,7,27,5,20,94,94081,ERNEST HAVET (AV),48.7878079,2.4025056,Crépuscule ou aube,En agglomération,Intersection à plus de 4 branches,Pluie légère,Deux véhicules - côté,4,2,2,0,1,1,2,0,4,50,2,1,0,0,0,1,41.0,,utilitaire_camion,,2,2,5,2,3
201900030684,2019-07-27 10:58:00,2019,7,27,10,58,94,94042,JEAN JAURES (AV),48.82029,2.46415,Plein jour,En agglomération,Hors intersection,Pluie légère,Deux véhicules - arrière,3,1,2,0,1,2,2,0,1,50,2,2,1,0,0,1,25.0,17.0,voiture,deux_roues,1,2,1,2,2
201900030685,2019-07-26 22:45:00,2019,7,26,22,45,94,94016,ARISTIDE BRIAND (AV),48.796267,2.32192,Nuit avec éclairage allumé,En agglomération,Intersection en T,Normale,Deux véhicules - côté,3,3,8,0,1,1,1,0,1,50,2,2,1,0,0,1,39.0,27.0,deux_roues,voiture,5,2,3,1,3
201900030686,2019-07-26 16:30:00,2019,7,26,16,30,94,94043,CHASTENET DE GERY (BD),48.80592,2.35802,Plein jour,En agglomération,Hors intersection,Normale,Autre collision,4,2,2,0,1,1,1,9,4,50,1,3,1,0,0,2,22.0,,voiture,,1,2,1,1,6
201900030687,2019-07-25 20:13:00,2019,7,25,20,13,94,94041,LUCIEN NADAIRE (R),48.80146,2.3936,Plein jour,En agglomération,Hors intersection,Normale,Autre collision,4,2,2,1,1,1,1,0,1,30,1,1,0,0,0,1,49.0,,voiture,,1,2,1,1,6
201900030688,2019-07-23 16:35:00,2019,7,23,16,35,94,94041,LENINE (R),48.81772,2.39717,Plein jour,En agglomération,Hors intersection,Normale,Deux véhicules - côté,3,1,2,0,1,1,1,0,1,30,2,2,1,0,1,0,35.0,25.0,deux_roues,voiture,1,2,1,1,3
201900030689,2019-07-25 18:40:00,2019,7,25,18,40,94,94073,RN 186,48.75361,2.37506,Plein jour,Hors agglomération,Hors intersection,Normale,Trois véhicules et plus - en chaîne,2,1,2,0,1,1,1,0,1,70,3,3,2,0,0,1,28.0,55.0,utilitaire_camion,voiture,1,1,1,1,4
201900030690,2019-07-25 18:50:00,2019,7,25,18,50,94,94021,STALINGRAD (AV DE),48.7724093,2.3676518,Plein jour,En agglomération,Intersection en T,Normale,Trois véhicules et plus - en chaîne,3,1,2,0,1,1,1,0,1,50,3,3,2,0,0,1,19.0,38.0,voiture,voiture,1,2,3,1,4
201900030691,2019-07-26 12:55:00,2019,7,26,12,55,94,94033,GALLIENI (BD),48.85073,2.47512,Plein jour,En agglomération,Intersection en X,Normale,Deux véhicules - frontale,3,2,2,0,1,1,1,9,1,50,2,2,1,0,0,1,55.0,26.0,voiture,deux_roues,1,2,2,1,1
201900030692,2019-07-26 19:00:00,2019,7,26,19,0,94,94028,MAGELLAN (AVENUE),48.77011,2.45266,Plein jour,En agglomération,Hors intersection,Normale,Deux véhicules - côté,4,2,2,1,1,1,1,0,1,50,2,2,0,0,0,2,41.0,47.0,deux_roues,voiture,1,2,1,1,3
201900030693,2019-07-26 11:23:00,2019,7,26,11,23,94,94019,PINCE VENT (AV DE),48.79459,2.55826,Plein jour,En agglomération,Hors intersection,Normale,Deux véhicules - côté,3,2,4,0,1,1,1,0,1,50,2,2,1,0,0,1,88.0,24.0,voiture,deux_roues,1,2,1,1,3
201900030694,2019-07-25 19:25:00,2019,7,25,19,25,94,94019,ARISTIDE BRIAND (R),48.7971,2.53371,Plein jour,En agglomération,Hors intersection,Normale,Trois véhicules et plus - collisions multiples,3,2,2,0,1,1,1,0,1,30,3,3,2,0,0,1,24.0,47.0,voiture,voiture,1,2,1,1,5