accident_id,datetime,annee,mois,jour,heure,minute,departement,commune_insee,adresse,latitude,longitude,luminosite,agglomeration,intersection,meteo,collision,catr,circ,nbv,vosp,prof,plan,surf,infra,situ,vma,nb_vehicules,nb_usagers,nb_indemnes,nb_tues,nb_blesses_hosp,nb_blesses_legers,age_cond_1,age_cond_2,veh_type_cond_1,veh_type_cond_2,lum_code,agg_code,int_code,atm_code,col_code
201900030695,2019-07-24 17:05:00,2019,7,24,17,5,94,94044,HONORE DAUMIER (ALL),48.74348,2.50176,Plein jour,En agglomération,Hors intersection,Temps éblouissant,Autre collision,6,-1,0,0,1,1,1,0,1,50,1,2,1,0,0,1,20.0,,voiture,,1,2,1,7,6
201900030696,2019-07-25 00:45:00,2019,7,25,0,45,93,93078,JEAN FOURGEAUD (AVENUE),48.96045,2.55264,Nuit avec éclairage allumé,Hors agglomération,Hors intersection,Normale,Deux véhicules - arrière,9,1,3,0,1,1,1,2,1,50,2,2,1,0,0,1,47.0,60.0,voiture,voiture,5,1,1,1,2
201900030697,2019-07-27 21:00:00,2019,7,27,21,0,93,93059,LENINE (AVENUE) N°36 AU 120 ET N°45 AU 1,48.95665,2.35861,Plein jour,En agglomération,Hors intersection,Normale,Deux véhicules - côté,3,1,4,3,2,1,1,0,6,50,2,5,4,0,0,1,39.0,22.0,voiture,voiture,1,2,1,1,3
201900030698,2019-07-27 10:15:00,2019,7,27,10,15,93,93071,WESTINGHOUSE (BOULEVARD),48.93897,2.53871,Plein jour,En agglomération,Intersection en X,Pluie forte,Deux véhicules - côté,3,3,4,0,1,1,2,0,1,50,2,2,1,0,0,1,39.0,35.0,voiture,voiture,1,2,2,3,3
201900030699,2019-07-26 14:00:00,2019,7,26,14,0,93,93071,JOHN F. KENNEDY (AVENUE),48.93889,2.51296,Plein jour,En agglomération,Hors intersection,Normale,Deux véhicules - côté,3,2,2,0,1,1,1,0,1,50,2,1,0,0,0,1,29.0,,deux_roues,,1,2,1,1,3
201900030700,2019-07-26 08:00:00,2019,7,26,8,0,93,93070,CHARLES SCHMIDT(RUE) : DU 1 AU 47,48.905,2.333,Plein jour,En agglomération,Hors intersection,Normale,Deux véhicules - frontale,4,2,2,0,1,1,1,0,1,50,2,2,1,0,0,1,22.0,33.0,voiture,deux_roues,1,2,1,1,1
201900030701,2019-07-27 12:30:00,2019,7,27,12,30,93,93066,"""STALINGRAD (AVENUE), NR 88 A 114 BIS""",48.945527,2.363739,Plein jour,En agglomération,Intersection en X,Pluie légère,Deux véhicules - côté,3,2,4,0,1,1,2,0,1,50,2,2,1,0,0,1,32.0,60.0,voiture,voiture,1,2,2,2,3
201900030702,2019-07-25 19:30:00,2019,7,25,19,30,93,93066,FRANCE ANATOLE (BOULEVARD) NR AUTRES,48.92796,2.35388,Plein jour,En agglomération,Autre intersection,Normale,Trois véhicules et plus - en chaîne,3,1,3,0,1,2,1,0,1,50,4,4,2,0,0,2,53.0,45.0,voiture,voiture,1,2,9,1,4
201900030703,2019-07-25 09:30:00,2019,7,25,9,30,93,93066,DELAUNAY HENRI,48.92611,2.360238,Plein jour,En agglomération,Hors intersection,Normale,Trois véhicules et plus - en chaîne,4,-1,2,0,1,1,1,0,1,50,3,3,2,0,0,1,37.0,48.0,voiture,voiture,1,2,1,1,4
201900030704,2019-07-21 23:37:00,2019,7,21,23,37,93,93031,EPINAY (PONT D'),48.9515762,2.3070836,Nuit avec éclairage allumé,En agglomération,Autre intersection,Normale,Autre collision,3,2,2,0,1,1,1,0,1,50,1,2,1,1,0,0,66.0,,voiture,,5,2,9,1,6
201900030705,2019-07-27 12:30:00,2019,7,27,12,30,93,93064,DE GAULLE (AV DU GENERAL) 58/49 - FIN,48.88374,2.47868,Plein jour,En agglomération,Autre intersection,Pluie légère,Deux véhicules - côté,3,1,1,0,1,1,1,9,3,20,2,2,1,0,1,0,51.0,34.0,voiture,voiture,1,2,9,2,3
201900030706,2019-07-26 18:05:00,2019,7,26,18,5,93,93053,ANATOLE FRANCE (RUE),48.88817,2.45046,Plein jour,En agglomération,Hors intersection,Normale,Autre collision,3,2,1,0,2,1,1,9,4,50,1,1,0,0,0,1,17.0,,deux_roues,,1,2,1,1,6
201900030707,2019-07-26 11:30:00,2019,7,26,11,30,93,93051,EMILE COSSONNEAU (AVE),48.8489,2.55399,Plein jour,En agglomération,Hors intersection,Normale,Deux véhicules - côté,4,2,2,0,1,1,1,0,3,50,2,3,2,0,0,1,63.0,24.0,voiture,deux_roues,1,2,1,1,3
201900030708,2019-07-26 14:25:00,2019,7,26,14,25,93,93045,JUIN AVENUE DU MARECHAL,48.8783,2.42254,Plein jour,En agglomération,Autre intersection,Normale,Deux véhicules - côté,3,2,2,0,1,1,1,0,1,50,2,2,1,0,0,1,35.0,30.0,deux_roues,voiture,1,2,9,1,3
201900030709,2019-07-27 15:37:00,2019,7,27,15,37,93,93032,"JULES GUESDES  (RUE, DU 2 AU 96 ET DE 1",48.87626,2.549761,Plein jour,En agglomération,Hors intersection,Normale,Autre collision,3,1,1,0,3,1,2,0,1,50,1,1,0,0,0,1,42.0,,deux_roues,,1,2,1,1,6
201900030710,2019-07-26 21:45:00,2019,7,26,21,45,93,93032,GAY     (ALLEE),48.89691,2.53783,Nuit avec éclairage allumé,En agglomération,Intersection en T,Normale,Deux véhicules - côté,4,2,0,0,1,1,1,0,1,50,2,2,1,0,0,1,63.0,25.0,voiture,voiture,5,2,3,1,3
201900030711,2019-07-26 16:15:00,2019,7,26,16,15,93,93027,ROCHET (RUE WALDECK),48.9437,2.41257,Plein jour,En agglomération,Intersection en T,Normale,Deux véhicules - arrière,4,2,2,0,2,1,1,0,3,50,2,3,2,0,0,1,19.0,29.0,voiture,utilitaire_camion,1,2,3,1,2
201900030712,2019-07-25 18:10:00,2019,7,25,18,10,93,93027,VILLOT (RUE),48.92724,2.39661,Plein jour,En agglomération,Intersection en T,Normale,Deux véhicules - côté,3,3,2,0,1,1,1,0,3,50,2,2,1,0,0,1,60.0,59.0,deux_roues,voiture,1,2,3,1,3
201900030713,2019-07-24 23:00:00,2019,7,24,23,0,93,93047,DENIS PAPIN  (AVENUE),48.9064,2.5879,Nuit avec éclairage allumé,En agglomération,Intersection en X,Normale,Deux véhicules - côté,7,2,2,0,1,1,1,0,1,50,2,2,0,0,0,2,43.0,25.0,utilitaire_camion,utilitaire_camion,5,2,2,1,3
201900030714,2019-07-25 13:50:00,2019,7,25,13,50,93,93008,DIVISION LECLERC (AVENUE DE LA) A20,48.908763,2.419184,Plein jour,En agglomération,Autre intersection,Normale,Deux véhicules - arrière,3,1,2,0,1,3,1,0,1,50,2,2,1,0,0,1,37.0,25.0,utilitaire_camion,deux_roues,1,2,9,1,2
201900030715,2019-07-27 21:15:00,2019,7,27,21,15,93,93001,JEAN JAURES  (AVE)  157 A 213,48.9129,2.4019,Plein jour,En agglomération,Hors intersection,Normale,Deux véhicules - côté,3,-1,4,0,1,1,1,0,1,50,2,2,1,0,0,1,23.0,22.0,voiture,voiture,1,2,1,1,3
201900030716,2019-07-26 21:15:00,2019,7,26,21,15,92,92075,FABIEN (BOULEVARD DU COLONEL),48.81221,2.28021,Crépuscule ou aube,En agglomération,Hors intersection,Normale,Autre collision,4,2,2,0,2,1,1,0,1,50,1,2,1,0,0,1,27.0,,deux_roues,,2,2,1,1,6
201900030717,2019-07-27 09:10:00,2019,7,27,9,10,92,92072,BRANCAS (RUE),48.8272,2.2176,Nuit avec éclairage allumé,En agglomération,Hors intersection,Normale,Autre collision,4,1,1,0,2,1,2,0,1,50,1,2,1,0,0,1,32.0,,utilitaire_camion,,5,2,1,1,6
201900030718,2019-07-24 06:50:00,2019,7,24,6,50,92,92063,BONAPARTE (AVENUE NAPOLEON) NORD,48.87448,2.1673,Crépuscule ou aube,En agglomération,Intersection en T,Normale,Deux véhicules - arrière,3,3,6,0,1,1,1,5,1,50,2,2,1,0,0,1,49.0,50.0,voiture,utilitaire_camion,2,2,3,1,2
201900030719,2019-07-26 10:00:00,2019,7,26,10,0,92,92050,LENINE VLADIMIR ILITCH AVENUE,48.8880257,2.1904074,Plein jour,En agglomération,Intersection en X,Normale,Deux véhicules - côté,3,3,4,0,1,1,1,0,1,50,2,2,1,0,0,1,64.0,41.0,voiture,deux_roues,1,2,2,1,3
201900030720,2019-07-25 19:10:00,2019,7,25,19,10,92,92040,PAIX (AVENUE DE LA),48.81662,2.275,Plein jour,En agglomération,Intersection en X,Normale,Deux véhicules - côté,3,2,2,0,1,1,1,0,1,50,2,2,1,0,0,1,27.0,30.0,deux_roues,deux_roues,1,2,2,1,3
201900030721,2019-07-25 08:45:00,2019,7,25,8,45,92,92036,ANTONIN (RUE),48.91453,2.29737,Plein jour,En agglomération,Intersection en T,Normale,Autre collision,4,1,1,0,1,1,1,0,1,50,1,2,1,0,0,1,17.0,,deux_roues,,1,2,3,1,6
201900030722,2019-06-27 11:45:00,2019,6,27,11,45,92,92035,Général de Gaulle  ( avenue du ),48.9064,2.25568,Plein jour,En agglomération,Intersection en T,Pluie légère,Sans collision,7,2,2,0,1,1,2,0,1,50,1,1,0,0,0,1,22.0,,deux_roues,,1,2,3,2,7
201900030723,2019-07-24 22:00:00,2019,7,24,22,0,92,92025,PRESIDENT SALVADOR ALLENDE (RUE DU),48.9196,2.22781,Crépuscule ou aube,En agglomération,Hors intersection,Normale,Deux véhicules - arrière,4,2,2,0,1,1,1,0,1,50,2,3,2,0,0,1,18.0,36.0,voiture,voiture,2,2,1,1,2
201900030724,2019-07-24 21:00:00,2019,7,24,21,0,92,92060,DESCARTES (AVENUE),48.78005,2.24906,Crépuscule ou aube,En agglomération,Hors intersection,Normale,Deux véhicules - côté,4,2,2,0,1,1,1,0,1,50,2,3,1,0,0,2,34.0,29.0,voiture,deux_roues,2,2,1,1,3
201900030725,2019-07-27 19:30:00,2019,7,27,19,30,92,92019,SALENGRO ROGER (RUE),48.76518,2.27214,Plein jour,En agglomération,Hors intersection,Normale,Deux véhicules - côté,4,3,2,2,1,1,1,0,1,50,2,2,1,0,0,1,55.0,29.0,voiture,deux_roues,1,2,1,1,3
201900030726,2019-07-27 21:25:00,2019,7,27,21,25,92,92012,GALLIENI (RUE) 159/FIN,48.8356292,2.2324133,Crépuscule ou aube,En agglomération,Intersection en X,Normale,Deux véhicules - côté,4,2,1,1,1,1,1,0,1,50,2,2,1,0,0,1,63.0,55.0,voiture,deux_roues,2,2,2,1,3
201900030727,2019-07-25 14:15:00,2019,7,25,14,15,92,92012,JEAN JAURES (BOULEVARD) 1/61 - COTE IMPA,48.843514,2.2379567,Plein jour,En agglomération,Intersection en X,Normale,Deux véhicules - côté,3,2,2,0,1,1,1,5,1,50,2,2,1,0,0,1,35.0,76.0,deux_roues,voiture,1,2,2,1,3
201900030728,2019-07-25 13:20:00,2019,7,25,13,20,92,92012,REINE (ROUTE DE LA) 82/FIN - 107TER/FIN,48.8400773,2.2357573,Plein jour,En agglomération,Intersection en X,Normale,Deux véhicules - côté,3,2,4,0,1,1,1,5,1,50,2,2,1,0,1,0,60.0,20.0,voiture,deux_roues,1,2,2,1,3
201900030729,2019-07-24 23:50:00,2019,7,24,23,50,92,92012,EDOUARD VAILLANT (AVENUE) - DEBUT/55 - C,48.8358731,2.2506222,Nuit avec éclairage allumé,En agglomération,Hors intersection,Normale,Trois véhicules et plus - collisions multiples,3,3,2,0,1,1,1,0,1,50,3,2,1,0,0,1,30.0,36.0,voiture,deux_roues,5,2,1,1,5
201900030730,2019-07-26 16:55:00,2019,7,26,16,55,92,92002,ARISTIDE BRIAND (AVENUE),48.7582646,2.3069068,Plein jour,En agglomération,Hors intersection,Normale,Deux véhicules - côté,3,3,4,1,1,1,1,0,1,50,2,2,1,0,0,1,49.0,57.0,voiture,deux_roues,1,2,1,1,3
201900030731,2019-07-27 19:15:00,2019,7,27,19,15,12,12300,RD911 près le Pont de l'Ange,44.340222,2.046123,Plein jour,Hors agglomération,Hors intersection,Pluie légère,Deux véhicules - côté,3,2,3,0,2,3,2,0,1,80,2,4,2,0,1,1,59.0,31.0,voiture,voiture,1,1,1,2,3
201900030732,2019-07-26 21:55:00,2019,7,26,21,55,14,14162,d1 le fresne,48.883549,-0.486704,Nuit sans éclairage public,Hors agglomération,Hors intersection,Pluie légère,Autre collision,3,2,2,0,1,1,2,0,3,80,1,2,0,0,1,1,69.0,,voiture,,3,1,1,2,6
201900030733,2019-07-27 08:20:00,2019,7,27,8,20,51,51262,41 RUE DU GRAND DER,48.6964677,4.5938604,Plein jour,En agglomération,Hors intersection,Pluie légère,Deux véhicules - frontale,3,-1,2,0,1,1,2,0,1,50,2,2,1,0,1,0,39.0,46.0,deux_roues,voiture,1,2,1,2,1
201900030734,2019-07-26 14:25:00,2019,7,26,14,25,62,62325,D928,50.59209,2.097514,Plein jour,Hors agglomération,Hors intersection,Normale,Autre collision,3,2,2,0,1,1,1,0,1,80,1,4,0,0,1,3,48.0,,voiture,,1,1,1,1,6
201900030735,2019-07-28 06:45:00,2019,7,28,6,45,38,38459,Route Départementale 46,45.467463,4.941536,Plein jour,Hors agglomération,Hors intersection,Pluie légère,Sans collision,3,2,2,0,1,3,2,0,3,80,1,1,0,0,0,1,40.0,,voiture,,1,1,1,2,7
201900030736,2019-07-26 16:00:00,2019,7,26,16,0,74,74288,A40,46.097705,5.967053,Plein jour,Hors agglomération,Hors intersection,Normale,Autre collision,1,3,4,0,3,1,1,0,1,130,1,3,2,1,0,0,19.0,,voiture,,1,1,1,1,6
201900030737,2019-07-26 11:30:00,2019,7,26,11,30,85,85126,Péage Autoroute A83 7.1,46.462637,-0.877192,Plein jour,Hors agglomération,Hors intersection,Pluie légère,Autre collision,1,2,1,0,1,2,2,3,3,50,1,1,0,0,1,0,59.0,,utilitaire_camion,,1,1,1,2,6
201900030738,2019-07-26 22:30:00,2019,7,26,22,30,6,06149,M2204B,43.735254,7.305369,Nuit sans éclairage public,Hors agglomération,Hors intersection,Normale,Deux véhicules - arrière,7,3,2,0,1,1,1,0,2,70,2,4,1,0,2,1,38.0,,deux_roues,,3,1,1,1,2
201900030739,2019-07-26 15:30:00,2019,7,26,15,30,9,09090,D919,43.051406,1.511587,Plein jour,Hors agglomération,Hors intersection,Pluie légère,Autre collision,3,2,2,0,1,1,2,0,3,80,1,3,0,0,3,0,59.0,,voiture,,1,1,1,2,6
201900030740,2019-07-27 02:20:00,2019,7,27,2,20,41,41194,D765,47.342636,1.735115,Nuit avec éclairage allumé,En agglomération,Intersection en X,Normale,Deux véhicules - côté,3,2,2,0,1,1,1,5,1,50,2,6,1,0,4,1,32.0,20.0,utilitaire_camion,voiture,5,2,2,1,3
201900030741,2019-07-26 16:40:00,2019,7,26,16,40,11,11281,autoroute A61 PK 295.200,43.258715,2.028892,Plein jour,Hors agglomération,Hors intersection,Normale,Trois véhicules et plus - collisions multiples,1,3,4,0,1,1,2,0,1,130,3,5,2,0,0,3,59.0,54.0,voiture,voiture,1,1,1,1,5
201900030742,2019-07-26 23:00:00,2019,7,26,23,0,33,33154,CD 674,45.095043,-0.04232,Nuit sans éclairage public,Hors agglomération,Hors intersection,Normale,Deux véhicules - côté,3,2,2,0,1,1,2,0,1,80,2,4,1,1,1,1,22.0,62.0,voiture,utilitaire_camion,3,1,1,1,3
201900030743,2019-07-27 22:30:00,2019,7,27,22,30,6,06161,RD2 avenue des Plans,43.649362,7.133986,Nuit sans éclairage public,En agglomération,Hors intersection,Pluie forte,Deux véhicules - frontale,3,2,2,0,1,3,2,0,1,-1,2,5,0,0,3,2,52.0,22.0,voiture,voiture,3,2,1,3,1
201900030744,2019-07-23 07:25:00,2019,7,23,7,25,57,57065,rd 79,48.940932,6.712771,Plein jour,Hors agglomération,Hors intersection,Normale,Autre collision,3,2,2,0,1,1,1,0,3,-1,1,1,0,0,1,0,50.0,,voiture,,1,1,1,1,6
201900030745,2019-07-26 11:00:00,2019,7,26,11,0,81,81139,Route de Réalmont,43.728093,2.1478452,Plein jour,Hors agglomération,Intersection en T,Normale,Deux véhicules - côté,3,2,2,0,2,1,1,0,1,80,2,2,0,0,1,1,37.0,63.0,voiture,voiture,1,1,3,1,3
201900030746,2019-07-26 16:15:00,2019,7,26,16,15,26,26324,"autoroute A7, PK 141+300",44.348236,4.767668,Plein jour,Hors agglomération,Hors intersection,Normale,Deux véhicules - arrière,1,3,5,0,1,1,1,0,1,130,2,3,2,0,0,1,53.0,51.0,voiture,voiture,1,1,1,1,2
201900030747,2019-07-25 20:30:00,2019,7,25,20,30,26,26169,RN 7,44.487073,4.753854,Nuit sans éclairage public,Hors agglomération,Hors intersection,Normale,Deux véhicules - frontale,2,2,2,0,1,2,1,0,1,80,2,2,1,1,0,0,42.0,48.0,voiture,utilitaire_camion,3,1,1,1,1
201900030748,2019-07-27 05:20:00,2019,7,27,5,20,63,63257,Bravant,45.73885,2.873383,Nuit sans éclairage public,Hors agglomération,Hors intersection,Pluie légère,Sans collision,5,2,2,0,1,3,2,0,3,80,1,1,0,0,0,1,21.0,,voiture,,3,1,1,2,7
201900030749,2019-07-27 14:15:00,2019,7,27,14,15,41,41046,A71,47.662213,1.930058,Plein jour,Hors agglomération,Hors intersection,Normale,Sans collision,1,3,4,0,2,2,1,9,3,130,1,2,0,0,0,2,61.0,,voiture,,1,1,1,1,7
201900030750,2019-07-26 18:10:00,2019,7,26,18,10,1,01399,D1005,46.289929,6.081314,Plein jour,Hors agglomération,Hors intersection,Pluie légère,Deux véhicules - arrière,3,2,2,0,1,1,2,0,1,70,2,2,1,0,1,0,26.0,46.0,deux_roues,voiture,1,1,1,2,2
201900030751,2019-07-26 11:15:00,2019,7,26,11,15,22,22164,RN12 - PR 99+94,48.569089,-3.278955,Plein jour,Hors agglomération,Hors intersection,Normale,Deux véhicules - arrière,2,3,4,0,1,1,1,0,2,110,2,2,1,1,0,0,53.0,27.0,utilitaire_camion,voiture,1,1,1,1,2
201900030752,2019-07-26 07:50:00,2019,7,26,7,50,38,38362,Route de Miribel,45.41316,5.6758,Plein jour,Hors agglomération,Hors intersection,Normale,Autre collision,3,2,2,0,1,2,1,0,3,80,1,1,0,0,1,0,52.0,,voiture,,1,1,1,1,6
201900030753,2019-07-25 22:30:00,2019,7,25,22,30,38,38566,Champ de la Dame,45.30392,5.53186,Nuit sans éclairage public,Hors agglomération,Hors intersection,Normale,Autre collision,4,2,2,0,1,1,1,0,8,80,1,4,2,0,1,1,18.0,,voiture,,3,1,1,1,6
201900030754,2019-07-27 11:55:00,2019,7,27,11,55,83,83019,Route du Dom,43.189402,6.367838,Plein jour,Hors agglomération,Hors intersection,Normale,Autre collision,3,2,2,0,1,1,1,0,3,80,1,3,1,0,0,2,51.0,,voiture,,1,1,1,1,6
201900030755,2019-07-24 09:30:00,2019,7,24,9,30,83,83070,rond point de l'olivier millénaire,43.141247,6.379724,Plein jour,En agglomération,Giratoire,Normale,Deux véhicules - frontale,3,2,2,3,1,1,1,0,1,50,2,3,2,0,0,1,67.0,40.0,voiture,voiture,1,2,6,1,1
201900030756,2019-07-21 09:45:00,2019,7,21,9,45,974,97413,RN 1 A,-21.232255,55.297379,Plein jour,Hors agglomération,Intersection en T,Normale,Deux véhicules - côté,2,2,2,1,1,1,1,0,5,80,2,2,1,0,1,0,67.0,58.0,deux_roues,voiture,1,1,3,1,3
201900030757,2019-07-27 08:55:00,2019,7,27,8,55,48,48009,a75 pk 136+950,44.700917,3.281036,Plein jour,Hors agglomération,Hors intersection,Pluie légère,Sans collision,1,1,4,0,3,2,2,0,1,110,1,3,1,0,1,1,51.0,,voiture,,1,1,1,2,7
201900030758,2019-07-27 18:55:00,2019,7,27,18,55,71,71578,D673,46.957675,5.171327,Plein jour,Hors agglomération,Hors intersection,Normale,Autre collision,3,2,2,0,4,1,1,0,8,80,1,1,0,0,1,0,18.0,,utilitaire_camion,,1,1,1,1,6
201900030759,2019-07-25 17:00:00,2019,7,25,17,0,30,30334,d5a,44.012113,4.421706,Plein jour,En agglomération,Hors intersection,Normale,Autre collision,9,1,1,0,2,3,1,0,1,50,2,2,1,0,1,0,20.0,17.0,voiture,deux_roues,1,2,1,1,6
201900030760,2019-07-27 17:20:00,2019,7,27,17,20,83,83132,Route des Selves,43.185209,6.028741,Plein jour,En agglomération,Hors intersection,Normale,Deux véhicules - frontale,9,2,2,0,2,2,2,0,1,50,2,2,0,0,1,1,68.0,18.0,voiture,voiture,1,2,1,1,1
201900030761,2019-07-26 20:00:00,2019,7,26,20,0,62,62808,CD 94,50.448252,2.235562,Plein jour,Hors agglomération,Hors intersection,Normale,Deux véhicules - frontale,3,2,2,0,1,2,1,0,1,80,2,8,0,0,1,7,25.0,31.0,voiture,voiture,1,1,1,1,1
201900030762,2019-07-28 11:20:00,2019,7,28,11,20,62,62799,departementale 145,50.458928,1.72174,Plein jour,Hors agglomération,Hors intersection,Normale,Deux véhicules - arrière,3,2,2,0,2,1,1,0,1,80,2,2,1,0,1,0,29.0,33.0,deux_roues,deux_roues,1,1,1,1,2
201900030763,2019-07-28 01:50:00,2019,7,28,1,50,30,30141,Route de Bagnols,44.1047068,4.6951436,Nuit avec éclairage allumé,En agglomération,Hors intersection,Pluie légère,Autre collision,2,2,2,0,1,1,2,0,1,50,2,4,1,2,1,0,18.0,29.0,voiture,voiture,5,2,1,2,6
201900030764,2019-07-26 17:30:00,2019,7,26,17,30,57,57464,RD8 PK+17400,49.294889,6.299937,Plein jour,En agglomération,Hors intersection,Normale,Autre collision,3,2,2,0,1,1,1,0,3,50,1,2,0,0,2,0,67.0,,voiture,,1,2,1,1,6
201900030765,2019-07-26 20:40:00,2019,7,26,20,40,89,89113,rue des bruyeres,48.1578508,3.2259247,Plein jour,Hors agglomération,Hors intersection,Normale,Sans collision,4,2,2,0,1,3,1,0,1,80,1,1,0,0,0,1,30.0,,deux_roues,,1,1,1,1,7
201900030766,2019-07-27 03:30:00,2019,7,27,3,30,51,51072,RD 980,49.2053018,3.897748,Nuit sans éclairage public,Hors agglomération,Hors intersection,Pluie forte,Autre collision,3,2,2,0,1,1,2,0,1,80,1,1,0,0,1,0,31.0,,voiture,,3,1,1,3,6
201900030767,2019-07-26 10:50:00,2019,7,26,10,50,51,51622,RD 26,49.2070838,3.9464917,Plein jour,Hors agglomération,Intersection en X,Normale,Deux véhicules - côté,3,2,2,0,1,1,1,0,1,80,2,3,2,0,0,1,47.0,53.0,voiture,deux_roues,1,1,2,1,3
201900030768,2019-07-26 16:00:00,2019,7,26,16,0,95,95612,D.317,49.005456,2.4893,Plein jour,Hors agglomération,Hors intersection,Normale,Deux véhicules - côté,3,3,4,0,3,1,1,8,1,70,2,1,0,0,0,1,62.0,,deux_roues,,1,1,1,1,3
201900030769,2019-07-26 12:40:00,2019,7,26,12,40,56,56066,Crann Pipidic,48.14051,-3.573677,Plein jour,Hors agglomération,Intersection en X,Normale,Deux véhicules - arrière,3,2,2,0,3,1,1,0,1,80,2,2,1,0,1,0,47.0,21.0,utilitaire_camion,voiture,1,1,2,1,2
201900030770,2019-07-25 10:19:00,2019,7,25,10,19,56,56160,Le Gros Chêne,47.9855,-2.702677,Plein jour,Hors agglomération,Hors intersection,Normale,Deux véhicules - frontale,3,2,2,0,1,1,1,0,1,80,2,2,1,0,1,0,90.0,19.0,voiture,utilitaire_camion,1,1,1,1,1
201900030771,2019-07-27 11:05:00,2019,7,27,11,5,56,56257,"17 lieu dit ""Caussac""",48.08154,-2.54582,Plein jour,Hors agglomération,Hors intersection,Normale,Deux véhicules - frontale,3,2,2,0,1,1,1,0,1,70,2,2,1,0,1,0,36.0,29.0,deux_roues,voiture,1,1,1,1,1
201900030772,2019-07-28 09:15:00,2019,7,28,9,15,56,56193,Kerhabonnet,47.734119,-3.310991,Plein jour,Hors agglomération,Hors intersection,Normale,Deux véhicules - côté,3,2,2,0,1,2,1,0,1,80,2,3,2,0,1,0,19.0,55.0,voiture,deux_roues,1,1,1,1,3
201900030773,2019-07-27 09:45:00,2019,7,27,9,45,56,56013,Kergou,47.674943,-3.156796,Plein jour,Hors agglomération,Hors intersection,Normale,Deux véhicules - côté,3,2,2,0,1,1,1,0,1,70,2,2,1,0,1,0,51.0,76.0,deux_roues,voiture,1,1,1,1,3
201900030774,2019-07-26 17:10:00,2019,7,26,17,10,56,56186,Boulevard Louison Bobet,47.474928,-3.101528,Plein jour,En agglomération,Hors intersection,Normale,Deux véhicules - côté,4,2,2,2,2,3,1,0,3,50,2,2,1,0,1,0,47.0,61.0,deux_roues,voiture,1,2,1,1,3
201900030775,2019-07-26 16:25:00,2019,7,26,16,25,74,74104,4375 Route d'Annecy,45.815779,6.208214,Plein jour,En agglomération,Hors intersection,Pluie légère,Deux véhicules - côté,3,2,2,0,1,1,2,0,1,50,2,2,1,0,0,1,43.0,47.0,voiture,deux_roues,1,2,1,2,3
201900030776,2019-07-28 00:22:00,2019,7,28,0,22,2A,2A362,RT10,41.749137,9.169897,Nuit avec éclairage allumé,En agglomération,Intersection en T,Pluie forte,Deux véhicules - côté,3,2,2,0,1,1,2,0,1,50,2,2,1,0,0,1,37.0,16.0,voiture,deux_roues,5,2,3,3,3
201900030777,2019-07-28 01:00:00,2019,7,28,1,0,2B,2B250,Rotondo,42.501493,9.403033,Nuit sans éclairage public,En agglomération,Hors intersection,Pluie forte,Autre collision,4,-1,1,0,3,1,2,0,8,50,1,3,1,0,1,1,47.0,,voiture,,3,2,1,3,6
201900030778,2019-07-27 15:30:00,2019,7,27,15,30,2B,2B346,rt11,42.505634,9.4735,Plein jour,Hors agglomération,Hors intersection,Pluie légère,Deux véhicules - frontale,2,2,2,0,2,2,2,0,1,80,2,3,2,0,0,1,23.0,69.0,voiture,voiture,1,1,1,2,1
201900030779,2019-07-27 18:50:00,2019,7,27,18,50,80,80368,Rue André Vilfroy,50.076647,1.541148,Plein jour,En agglomération,Hors intersection,Pluie légère,Autre collision,4,2,2,0,1,1,2,0,4,50,1,2,0,0,0,2,46.0,,voiture,,1,2,1,2,6
201900030780,2019-07-25 16:00:00,2019,7,25,16,0,80,80183,D190,49.954651,1.765031,Plein jour,Hors agglomération,Hors intersection,Normale,Deux véhicules - frontale,3,2,2,0,1,1,1,0,1,90,2,2,1,0,1,0,20.0,68.0,deux_roues,voiture,1,1,1,1,1
201900030781,2019-07-25 09:30:00,2019,7,25,9,30,32,32107,CD931 - PK19+700,43.938724,0.35991,Plein jour,Hors agglomération,Hors intersection,Normale,Deux véhicules - frontale,3,2,2,0,1,1,1,0,1,80,2,2,0,0,1,1,23.0,78.0,voiture,voiture,1,1,1,1,1
201900030782,2019-07-28 13:45:00,2019,7,28,13,45,71,71468,D1,46.841405,4.498589,Plein jour,Hors agglomération,Hors intersection,Temps couvert,Sans collision,3,2,2,0,1,4,1,0,3,80,1,1,0,1,0,0,22.0,,deux_roues,,1,1,1,8,7
201900030783,2019-07-24 19:50:00,2019,7,24,19,50,71,71374,D981 hammeau des marguerons,46.741692,4.708929,Plein jour,Hors agglomération,Hors intersection,Normale,Sans collision,3,2,2,0,1,1,1,0,3,80,1,1,0,0,1,0,29.0,,deux_roues,,1,1,1,1,7
201900030784,2019-07-28 11:40:00,2019,7,28,11,40,63,63281,21 Route la Fayette,46.111463,2.698398,Plein jour,Hors agglomération,Intersection en X,Normale,Trois véhicules et plus - collisions multiples,3,2,2,0,1,1,1,0,1,80,3,4,3,0,1,0,38.0,53.0,deux_roues,voiture,1,1,2,1,5
201900030785,2019-07-03 12:56:00,2019,7,3,12,56,61,61114,Brevaux,48.790984,-0.087676,Plein jour,Hors agglomération,Hors intersection,Normale,Deux véhicules - frontale,3,2,2,0,2,1,1,0,1,80,2,2,1,0,0,1,54.0,69.0,voiture,voiture,1,1,1,1,1