accident_id,datetime,annee,mois,jour,heure,minute,departement,commune_insee,adresse,latitude,longitude,luminosite,agglomeration,intersection,meteo,collision,catr,circ,nbv,vosp,prof,plan,surf,infra,situ,vma,nb_vehicules,nb_usagers,nb_indemnes,nb_tues,nb_blesses_hosp,nb_blesses_legers,age_cond_1,age_cond_2,veh_type_cond_1,veh_type_cond_2,lum_code,agg_code,int_code,atm_code,col_code
201900030786,2019-07-27 13:25:00,2019,7,27,13,25,49,49368,rue de longué,47.3928101,0.0513177,Plein jour,En agglomération,Intersection en T,Pluie légère,Deux véhicules - côté,3,2,2,0,1,3,2,0,1,50,2,2,1,0,1,0,35.0,21.0,voiture,deux_roues,1,2,3,2,3
201900030787,2019-07-26 15:45:00,2019,7,26,15,45,12,12243,Départementle 999,43.999294,2.969663,Plein jour,Hors agglomération,Hors intersection,Normale,Autre collision,3,2,2,0,1,2,1,0,3,80,1,1,0,0,1,0,50.0,,voiture,,1,1,1,1,6
201900030788,2019-07-27 10:20:00,2019,7,27,10,20,12,12026,RN 88,44.395628,2.771652,Plein jour,Hors agglomération,Hors intersection,Pluie légère,Trois véhicules et plus - collisions multiples,2,2,2,0,1,1,2,0,1,80,3,6,0,0,0,6,54.0,44.0,voiture,voiture,1,1,1,2,5
201900030789,2019-07-25 10:10:00,2019,7,25,10,10,12,12241,Place de la mairie,44.338233,2.62619,Plein jour,En agglomération,Hors intersection,Normale,Autre collision,4,1,1,0,2,1,1,0,1,50,1,2,1,0,1,0,60.0,,voiture,,1,2,1,1,6
201900030790,2019-07-26 15:42:00,2019,7,26,15,42,42,42091,ROUTE DEPARTEMENTALE 498,45.416233,4.000986,Plein jour,Hors agglomération,Hors intersection,Normale,Deux véhicules - frontale,3,2,2,0,2,3,1,0,1,80,2,3,1,1,1,0,26.0,46.0,deux_roues,voiture,1,1,1,1,1
201900030791,2019-07-04 07:45:00,2019,7,4,7,45,41,41256,L'Isle Parin,47.306605,1.994507,Plein jour,Hors agglomération,Hors intersection,Temps éblouissant,Autre collision,3,2,2,0,1,2,1,0,3,80,1,1,0,0,1,0,18.0,,voiture,,1,1,1,7,6
201900030792,2019-07-25 21:51:00,2019,7,25,21,51,68,68082,RD2,47.868666,7.350133,Nuit avec éclairage allumé,En agglomération,Hors intersection,Normale,Trois véhicules et plus - collisions multiples,3,2,2,0,1,1,1,0,1,50,3,3,1,0,0,2,24.0,43.0,deux_roues,voiture,5,2,1,1,5
201900030793,2019-07-27 11:45:00,2019,7,27,11,45,68,68349,19 rue de paris,47.606216,7.569076,Plein jour,En agglomération,Intersection en X,Normale,Trois véhicules et plus - collisions multiples,4,2,2,0,1,1,1,0,1,50,3,3,2,0,1,0,14.0,61.0,deux_roues,voiture,1,2,2,1,5
201900030794,2019-07-25 15:00:00,2019,7,25,15,0,25,25156,RD683 PK85,47.409188,6.529994,Plein jour,Hors agglomération,Hors intersection,Normale,Deux véhicules - frontale,3,2,3,0,1,1,1,0,1,80,2,2,0,0,2,0,73.0,82.0,voiture,voiture,1,1,1,1,1
201900030795,2019-07-23 11:55:00,2019,7,23,11,55,44,44069,4 Rue de la Briquerie,47.324709,-2.411309,Plein jour,En agglomération,Autre intersection,Temps éblouissant,Deux véhicules - arrière,9,-1,2,0,1,1,1,9,8,-1,2,2,1,0,0,1,89.0,,voiture,,1,2,9,7,2
201900030796,2019-07-25 07:20:00,2019,7,25,7,20,44,44157,La Cité,46.954479,-1.717471,Plein jour,Hors agglomération,Intersection en X,Normale,Deux véhicules - côté,3,2,2,0,1,1,1,0,1,80,2,2,0,0,1,1,43.0,24.0,voiture,voiture,1,1,2,1,3
201900030797,2019-07-25 15:20:00,2019,7,25,15,20,44,44128,Trelan,47.558636,-1.806934,Plein jour,Hors agglomération,Intersection en X,Normale,Deux véhicules - côté,3,2,1,0,1,1,1,0,1,80,2,3,0,0,1,2,27.0,19.0,utilitaire_camion,voiture,1,1,2,1,3
201900030798,2019-07-26 09:10:00,2019,7,26,9,10,29,29206,RD10,48.650157,-4.207302,Plein jour,Hors agglomération,Hors intersection,Normale,Deux véhicules - côté,3,2,2,0,1,1,1,0,1,80,2,2,1,0,0,1,53.0,21.0,deux_roues,voiture,1,1,1,1,3
201900030799,2019-07-25 16:10:00,2019,7,25,16,10,31,31042,D125,42.752803,0.608627,Plein jour,Hors agglomération,Hors intersection,Temps éblouissant,Autre collision,3,2,2,0,2,1,1,0,3,80,1,2,0,0,1,1,60.0,,voiture,,1,1,1,7,6
201900030800,2019-07-28 04:15:00,2019,7,28,4,15,31,31159,13 Chemin de la Plagne,43.133832,0.600125,Nuit avec éclairage allumé,En agglomération,Hors intersection,Normale,Autre collision,4,2,2,0,1,1,2,0,3,50,1,2,1,0,1,0,19.0,,voiture,,5,2,1,1,6
201900030801,2019-07-26 16:00:00,2019,7,26,16,0,31,31584,1741 route de villaudric,43.8499,1.46615,Plein jour,Hors agglomération,Hors intersection,Pluie légère,Autre collision,3,2,2,0,1,1,2,9,3,80,1,1,0,0,1,0,18.0,,deux_roues,,1,1,1,2,6
201900030802,2019-07-27 23:30:00,2019,7,27,23,30,38,38080,D1075,45.52447,5.59429,Nuit sans éclairage public,Hors agglomération,Hors intersection,Pluie forte,Sans collision,3,2,2,0,4,1,2,0,3,80,1,3,0,0,0,3,23.0,,voiture,,3,1,1,3,7
201900030803,2019-07-26 20:20:00,2019,7,26,20,20,3,03074,,46.6032845,3.5337823,Plein jour,Hors agglomération,Hors intersection,Temps couvert,Sans collision,3,1,2,0,1,2,2,0,1,80,1,1,0,0,0,1,27.0,,deux_roues,,1,1,1,8,7
201900030804,2019-07-27 15:10:00,2019,7,27,15,10,15,15092,Rue Charles de Gaulle,45.437889,2.534549,Plein jour,En agglomération,Hors intersection,Normale,Trois véhicules et plus - en chaîne,4,2,2,0,1,1,1,0,1,50,3,3,2,0,0,1,15.0,15.0,deux_roues,deux_roues,1,2,1,1,4
201900030805,2019-07-26 14:20:00,2019,7,26,14,20,70,70271,Rue du Stade,47.600409,6.472423,Plein jour,Hors agglomération,Hors intersection,Normale,Autre collision,4,2,2,0,2,3,1,0,1,80,1,1,0,0,1,0,15.0,,deux_roues,,1,1,1,1,6
201900030806,2019-07-24 19:30:00,2019,7,24,19,30,70,70478,D 14,47.701753,6.281556,Plein jour,Hors agglomération,Hors intersection,Normale,Deux véhicules - frontale,3,2,2,0,4,2,1,0,1,80,2,2,1,0,1,0,45.0,58.0,voiture,voiture,1,1,1,1,1
201900030807,2019-07-27 17:10:00,2019,7,27,17,10,26,26188,Route Départementale 5,44.228715,5.172428,Plein jour,Hors agglomération,Hors intersection,Temps couvert,Sans collision,3,2,2,0,2,3,1,0,1,80,1,1,0,0,1,0,57.0,,deux_roues,,1,1,1,8,7
201900030808,2019-07-25 10:55:00,2019,7,25,10,55,66,66187,Avenue du 16 Août 1944,42.807699,2.502325,Plein jour,En agglomération,Hors intersection,Normale,Autre collision,3,2,2,0,1,1,1,0,1,50,1,2,1,1,0,0,22.0,,utilitaire_camion,,1,2,1,1,6
201900030809,2019-07-27 00:45:00,2019,7,27,0,45,54,54146,Route départementale 674,48.574116,5.887313,Nuit sans éclairage public,Hors agglomération,Hors intersection,Normale,Autre collision,3,2,2,0,2,1,1,0,3,80,1,1,0,0,1,0,24.0,,voiture,,3,1,1,1,6
201900030810,2019-07-08 16:53:00,2019,7,8,16,53,6,06127,M2565,44.089615,7.249428,Plein jour,En agglomération,Hors intersection,Normale,Sans collision,7,2,2,0,2,1,1,0,1,80,1,1,0,0,1,0,64.0,,deux_roues,,1,2,1,1,7
201900030811,2019-07-26 14:20:00,2019,7,26,14,20,6,06089,Route de Roquefort,43.6534921,7.0282383,Plein jour,Hors agglomération,Intersection en T,Normale,Deux véhicules - côté,3,2,2,0,1,1,1,9,1,70,2,3,2,0,1,0,26.0,54.0,deux_roues,voiture,1,1,3,1,3
201900030812,2019-07-18 11:30:00,2019,7,18,11,30,14,14752,Boulevard du 13 Juin 1944,49.082855,-0.645868,Plein jour,En agglomération,Hors intersection,Pluie légère,Sans collision,4,2,2,0,1,1,2,0,1,50,1,1,0,0,1,0,27.0,,deux_roues,,1,2,1,2,7
201900030813,2019-07-27 16:30:00,2019,7,27,16,30,14,14274,Rue aux Hervieu,49.145694,-0.453911,Plein jour,En agglomération,Intersection en X,Normale,Deux véhicules - côté,3,2,2,0,2,1,1,0,1,50,2,2,1,0,1,0,12.0,22.0,deux_roues,voiture,1,2,2,1,3
201900030814,2019-07-25 21:55:00,2019,7,25,21,55,5,05045,RN94,44.534995,6.467031,Nuit sans éclairage public,Hors agglomération,Intersection en X,Normale,Sans collision,2,2,2,0,1,1,1,5,1,80,1,2,1,1,0,0,50.0,,voiture,,3,1,2,1,7
201900030815,2019-07-26 11:20:00,2019,7,26,11,20,50,50240,D37 - PK 12.200,49.55773,-1.781614,Plein jour,Hors agglomération,Hors intersection,Normale,Deux véhicules - arrière,3,2,2,0,1,3,1,0,1,80,2,2,1,0,1,0,56.0,25.0,utilitaire_camion,deux_roues,1,1,1,1,2
201900030816,2019-07-28 15:10:00,2019,7,28,15,10,50,50433,route du cap,49.624291,-1.261226,Plein jour,Hors agglomération,Hors intersection,Normale,Autre collision,3,2,2,0,1,2,1,0,3,-1,1,2,1,0,1,0,23.0,,deux_roues,,1,1,1,1,6
201900030817,2019-07-25 18:30:00,2019,7,25,18,30,90,90007,N1019,47.598615,6.819115,Plein jour,Hors agglomération,Hors intersection,Normale,Trois véhicules et plus - en chaîne,2,2,2,0,1,1,1,0,1,80,3,3,0,0,2,1,40.0,20.0,voiture,voiture,1,1,1,1,4
201900030818,2019-07-27 11:40:00,2019,7,27,11,40,45,45175,La Tauviniere,47.7496473,1.8346299,Plein jour,Hors agglomération,Autre intersection,Normale,Deux véhicules - frontale,3,2,2,0,1,1,1,0,1,80,2,3,0,0,2,1,36.0,86.0,voiture,voiture,1,1,9,1,1
201900030819,2019-07-27 19:50:00,2019,7,27,19,50,64,64386,1 route de PAU,43.1892419,-0.2503662,Plein jour,En agglomération,Intersection en X,Pluie légère,Deux véhicules - côté,3,2,2,0,1,1,2,0,1,50,2,2,1,0,1,0,21.0,49.0,voiture,deux_roues,1,2,2,2,3
201900030820,2019-07-26 10:40:00,2019,7,26,10,40,64,64389,Route des Crêtes,43.4202556,-0.207984,Plein jour,Hors agglomération,Hors intersection,Normale,Sans collision,4,2,2,0,1,3,2,0,3,70,1,1,0,0,0,1,25.0,,voiture,,1,1,1,1,7
201900030821,2019-07-28 00:39:00,2019,7,28,0,39,64,64060,1 Route de Mourenx,43.325796,-0.469924,Nuit sans éclairage public,Hors agglomération,Giratoire,Pluie légère,Sans collision,3,-1,2,0,1,3,2,9,8,80,1,1,0,0,0,1,38.0,,utilitaire_camion,,3,1,6,2,7
201900030822,2019-07-26 09:10:00,2019,7,26,9,10,43,43020,Boulevard de la Sablière,45.305526,4.111622,Plein jour,En agglomération,Hors intersection,Temps éblouissant,Sans collision,3,2,2,0,2,1,1,0,1,50,1,2,1,0,1,0,46.0,,voiture,,1,2,1,7,7
201900030823,2019-05-03 12:14:00,2019,5,3,12,14,36,36202,ROUTE DEPARTEMENTALE 67,46.8136816,1.6106451,Plein jour,Hors agglomération,Hors intersection,Normale,Deux véhicules - côté,3,-1,2,0,1,1,1,0,1,80,2,2,1,0,0,1,72.0,60.0,deux_roues,voiture,1,1,1,1,3
201900030824,2019-04-25 16:25:00,2019,4,25,16,25,36,36202,PARKING CENTRE COMMERCIAL LECLERC,46.78648,1.65278,Plein jour,En agglomération,Hors intersection,Normale,Autre collision,6,-1,-1,0,1,1,1,9,8,30,1,2,1,0,1,0,28.0,,voiture,,1,2,1,1,6
201900030825,2019-05-19 00:40:00,2019,5,19,0,40,35,35288,RN 137,48.61976,-1.98819,Nuit sans éclairage public,Hors agglomération,Autre intersection,Normale,Sans collision,2,3,4,0,1,1,1,0,1,90,1,3,2,1,0,0,19.0,,voiture,,3,1,9,1,7
201900030826,2019-05-29 19:00:00,2019,5,29,19,0,35,35238,ROCADE 1-2,48.12778,-1.71271,Plein jour,Hors agglomération,Autre intersection,Normale,Deux véhicules - côté,2,3,4,0,1,1,1,0,1,90,2,2,1,0,0,1,29.0,17.0,voiture,deux_roues,1,1,9,1,3
201900030827,2019-05-27 11:10:00,2019,5,27,11,10,35,35238,PAYS-BAS (AVENUE DES),48.08808,-1.66077,Plein jour,En agglomération,Giratoire,Normale,Deux véhicules - arrière,4,1,1,1,1,2,1,0,1,50,2,2,0,0,0,2,41.0,33.0,voiture,voiture,1,2,6,1,2
201900030828,2019-05-27 10:15:00,2019,5,27,10,15,35,35238,SAINT-HELIER,48.10548,-1.66573,Plein jour,En agglomération,Hors intersection,Normale,Autre collision,4,3,4,2,2,1,1,0,1,50,1,2,1,0,1,0,35.0,,voiture,,1,2,1,1,6
201900030829,2019-05-25 10:20:00,2019,5,25,10,20,35,35238,PORTUGAL (BD DU),48.08351,-1.66282,Plein jour,En agglomération,Hors intersection,Normale,Autre collision,4,1,1,0,1,1,1,0,1,30,1,1,0,0,0,1,23.0,,voiture,,1,2,1,1,6
201900030830,2019-05-24 17:10:00,2019,5,24,17,10,35,35238,FREVILLE (AVENUE HENRI),48.08529,-1.674431,Plein jour,En agglomération,Hors intersection,Normale,Deux véhicules - arrière,4,3,2,1,1,1,1,0,1,50,2,2,1,0,0,1,48.0,38.0,voiture,deux_roues,1,2,1,1,2
201900030831,2019-05-24 07:00:00,2019,5,24,7,0,35,35278,RD 137,48.180172,-1.719419,Plein jour,Hors agglomération,Hors intersection,Normale,Deux véhicules - côté,3,3,4,0,2,1,1,0,1,110,2,3,1,0,0,2,46.0,51.0,transport_commun,utilitaire_camion,1,1,1,1,3
201900030832,2019-05-23 19:00:00,2019,5,23,19,0,35,35238,ROGER HENRI GUERRAND (RUE),48.09885,-1.69859,Plein jour,En agglomération,Hors intersection,Normale,Deux véhicules - côté,4,2,2,0,1,1,1,8,1,50,2,2,1,0,0,1,32.0,11.0,voiture,deux_roues,1,2,1,1,3
201900030833,2019-05-22 08:25:00,2019,5,22,8,25,35,35238,PATTON (AVENUE DU GENERAL SIR GEORGES),48.1276872,-1.6647658,Plein jour,En agglomération,Hors intersection,Normale,Deux véhicules - arrière,4,2,4,3,2,1,1,0,1,50,2,2,1,0,0,1,58.0,38.0,voiture,deux_roues,1,2,1,1,2
201900030834,2019-05-21 09:30:00,2019,5,21,9,30,35,35238,BOURGEOIS (BOULEVARD LEON),48.09988,-1.65114,Plein jour,En agglomération,Hors intersection,Normale,Autre collision,7,2,2,1,1,1,1,0,1,50,1,1,0,0,0,1,19.0,,voiture,,1,2,1,1,6
201900030835,2019-05-20 17:15:00,2019,5,20,17,15,35,35238,PORTE DE BREST,48.1193,-1.7203,Plein jour,Hors agglomération,Hors intersection,Normale,Deux véhicules - côté,2,3,4,0,1,1,1,0,1,90,2,2,1,0,0,1,22.0,50.0,voiture,voiture,1,1,1,1,3
201900030836,2019-05-19 18:30:00,2019,5,19,18,30,35,35238,PREVALAYE (QUAI DE LA),48.10733,-1.69431,Plein jour,En agglomération,Hors intersection,Normale,Autre collision,4,1,2,1,2,2,1,0,4,50,1,3,0,0,0,3,51.0,,deux_roues,,1,2,1,1,6
201900030837,2019-05-16 08:35:00,2019,5,16,8,35,35,35238,RN136,48.080319,-1.677876,Plein jour,Hors agglomération,Autre intersection,Temps éblouissant,Trois véhicules et plus - en chaîne,2,3,4,0,1,1,1,0,1,90,3,3,1,0,0,2,41.0,35.0,voiture,voiture,1,1,9,7,4
201900030838,2019-05-14 17:25:00,2019,5,14,17,25,35,35238,SAINT-BRIEUC (DE),48.11571,-1.70854,Plein jour,En agglomération,Hors intersection,Normale,Deux véhicules - côté,4,2,2,1,1,1,1,0,1,50,2,2,1,0,0,1,29.0,31.0,voiture,deux_roues,1,2,1,1,3
201900030839,2019-05-12 05:00:00,2019,5,12,5,0,35,35281,RD 177,48.0742048,-1.7120545,Nuit avec éclairage allumé,Hors agglomération,Hors intersection,Normale,Sans collision,3,3,4,0,1,2,2,0,1,50,1,1,0,0,0,1,50.0,,voiture,,5,1,1,1,7
201900030840,2019-05-11 20:05:00,2019,5,11,20,5,35,35238,LORIENT (DE),48.10726,-1.71882,Plein jour,En agglomération,Place,Normale,Deux véhicules - côté,2,3,4,0,1,2,1,0,1,50,2,3,2,0,1,0,28.0,43.0,deux_roues,voiture,1,2,7,1,3
201900030841,2019-05-11 18:30:00,2019,5,11,18,30,35,35238,LORIENT (DE),48.10879,-1.71005,Plein jour,En agglomération,Intersection en T,Normale,Autre collision,4,3,3,1,1,1,1,0,1,50,2,2,1,0,1,0,26.0,20.0,voiture,deux_roues,1,2,3,1,6
201900030842,2019-05-10 20:22:00,2019,5,10,20,22,35,35238,ISLY (RUE D'),48.10553,-1.67756,Crépuscule ou aube,En agglomération,Hors intersection,Pluie légère,Deux véhicules - côté,4,2,4,1,1,1,2,1,1,50,2,2,1,0,0,1,20.0,31.0,deux_roues,voiture,2,2,1,2,3
201900030843,2019-05-10 02:45:00,2019,5,10,2,45,35,35238,LEGRAVEREND,48.11721,-1.68083,Nuit avec éclairage allumé,En agglomération,Intersection en X,Normale,Deux véhicules - côté,4,2,3,0,3,1,1,5,1,50,2,2,1,0,0,1,23.0,32.0,deux_roues,utilitaire_camion,5,2,2,1,3
201900030844,2019-05-09 18:05:00,2019,5,9,18,5,35,35051,LONGCHAMPS (PORTE DES),48.141632,-1.627744,Plein jour,Hors agglomération,Giratoire,Normale,Trois véhicules et plus - en chaîne,3,3,4,0,1,2,1,0,1,50,3,3,2,0,0,1,28.0,35.0,voiture,utilitaire_camion,1,1,6,1,4
201900030845,2019-05-07 18:35:00,2019,5,7,18,35,35,35278,RD 29,48.1584,-1.697244,Plein jour,Hors agglomération,Hors intersection,Pluie forte,Deux véhicules - arrière,3,2,2,0,1,1,2,0,1,80,2,2,1,0,0,1,18.0,46.0,deux_roues,voiture,1,1,1,3,2
201900030846,2019-05-07 15:57:00,2019,5,7,15,57,35,35238,ROCADE 10-11,48.11171,-1.71842,Plein jour,Hors agglomération,Autre intersection,Normale,Deux véhicules - arrière,2,3,4,0,1,1,1,0,1,90,2,3,2,0,0,1,37.0,41.0,voiture,voiture,1,1,9,1,2
201900030847,2019-05-07 00:15:00,2019,5,7,0,15,35,35238,SAINT-CAST (PASSAGE),48.113522,-1.687215,Nuit avec éclairage allumé,En agglomération,Hors intersection,Normale,Deux véhicules - côté,4,1,3,1,3,1,1,9,1,50,2,2,0,0,1,1,30.0,25.0,deux_roues,voiture,5,2,1,1,3
201900030848,2019-05-06 19:40:00,2019,5,6,19,40,35,35238,ROPARTZ (GUY),48.12819,-1.65728,Plein jour,En agglomération,Hors intersection,Normale,Deux véhicules - arrière,4,2,2,2,1,1,1,0,1,30,2,4,3,0,0,1,22.0,50.0,voiture,voiture,1,2,1,1,2
201900030849,2019-04-20 18:00:00,2019,4,20,18,0,35,35238,ALSACE (D'),48.122384,-1.704109,Plein jour,En agglomération,Hors intersection,Normale,Sans collision,6,-1,-1,0,2,2,1,0,1,20,1,1,0,0,0,1,59.0,,voiture,,1,2,1,1,7
201900030850,2019-05-05 21:40:00,2019,5,5,21,40,35,35238,VANEAU,48.110209,-1.692823,Nuit avec éclairage allumé,En agglomération,Hors intersection,Normale,Deux véhicules - côté,4,2,4,2,1,1,1,0,1,50,2,2,1,0,0,1,29.0,52.0,deux_roues,voiture,5,2,1,1,3
201900030851,2019-05-04 11:40:00,2019,5,4,11,40,35,35238,VOLCLAIR (BD LOUIS),48.08837,-1.67196,Plein jour,En agglomération,Hors intersection,Temps couvert,Autre collision,4,3,2,0,1,1,1,0,1,50,1,4,2,1,0,1,22.0,,utilitaire_camion,,1,2,1,8,6
201900030852,2019-05-04 14:05:00,2019,5,4,14,5,35,35278,CHESNAIS BEAUREGARD (RUE DU),48.13667,-1.69153,Plein jour,En agglomération,Autre intersection,Normale,Autre collision,4,1,2,0,1,1,1,0,1,50,1,3,2,0,0,1,28.0,,voiture,,1,2,9,1,6
201900030853,2019-05-04 02:15:00,2019,5,4,2,15,35,35278,D 175,48.1543,-1.62452,Nuit sans éclairage public,Hors agglomération,Hors intersection,Normale,Sans collision,3,3,4,0,1,2,1,0,1,90,1,1,0,0,0,1,26.0,,voiture,,3,1,1,1,7
201900030854,2019-05-03 23:30:00,2019,5,3,23,30,35,35206,RN136,48.0813955,-1.6604642,Nuit sans éclairage public,Hors agglomération,Hors intersection,Normale,Deux véhicules - arrière,2,3,4,0,1,1,1,0,1,90,2,3,0,0,1,2,26.0,47.0,voiture,voiture,3,1,1,1,2
201900030855,2019-05-03 17:45:00,2019,5,3,17,45,35,35238,RN136,48.08168,-1.69708,Plein jour,Hors agglomération,Hors intersection,Normale,Deux véhicules - arrière,2,3,4,0,2,1,1,0,1,90,2,2,1,0,0,1,33.0,31.0,voiture,voiture,1,1,1,1,2
201900030856,2019-05-03 16:00:00,2019,5,3,16,0,35,35238,JANVIER (AVENUE JEAN),48.10829,-1.67364,Plein jour,En agglomération,Hors intersection,Normale,Deux véhicules - côté,4,2,1,0,1,1,1,0,1,50,2,1,0,0,1,0,60.0,,deux_roues,,1,2,1,1,3
201900030857,2019-05-02 19:10:00,2019,5,2,19,10,35,35238,SERGENT MAGINOT (AVENUE),48.11001,-1.65977,Plein jour,En agglomération,Hors intersection,Normale,Autre collision,4,2,4,0,1,1,1,5,4,50,1,1,0,0,0,1,33.0,,voiture,,1,2,1,1,6
201900030858,2019-05-02 18:05:00,2019,5,2,18,5,35,35238,GROS MALHON (AVENUE),48.129897,-1.684118,Plein jour,En agglomération,Hors intersection,Normale,Trois véhicules et plus - collisions multiples,4,1,2,3,1,1,1,0,1,50,3,3,2,0,1,0,19.0,21.0,voiture,deux_roues,1,2,1,1,5
201900030859,2019-05-02 18:35:00,2019,5,2,18,35,35,35238,NANTES (DE),48.101024,-1.685151,Plein jour,En agglomération,Intersection en T,Normale,Deux véhicules - côté,4,3,3,1,2,1,1,0,1,50,2,2,1,0,0,1,47.0,,voiture,,1,2,3,1,3
201900030860,2019-05-02 17:30:00,2019,5,2,17,30,35,35238,RN136,48.11872,-1.71984,Plein jour,En agglomération,Autre intersection,Normale,Deux véhicules - côté,2,3,4,0,1,1,1,0,1,90,2,2,1,0,0,1,19.0,51.0,voiture,deux_roues,1,2,9,1,3
201900030861,2019-05-02 02:10:00,2019,5,2,2,10,35,35238,RN136,48.107821,-1.717685,Nuit sans éclairage public,Hors agglomération,Hors intersection,Normale,Deux véhicules - côté,2,3,4,0,1,1,1,0,1,90,2,2,1,0,1,0,39.0,44.0,voiture,voiture,3,1,1,1,3
201900030862,2019-04-30 14:50:00,2019,4,30,14,50,35,35238,LORIENT (DE),48.10687,-1.72795,Plein jour,En agglomération,Hors intersection,Normale,Deux véhicules - côté,2,3,5,0,1,1,1,0,1,50,2,3,2,0,0,1,79.0,25.0,voiture,deux_roues,1,2,1,1,3
201900030863,2019-04-30 14:30:00,2019,4,30,14,30,35,35238,PASTEUR (PONT),48.11018,-1.67423,Plein jour,En agglomération,Intersection en X,Normale,Deux véhicules - côté,4,2,4,0,1,1,1,2,1,50,2,2,1,0,0,1,57.0,54.0,voiture,deux_roues,1,2,2,1,3
201900030864,2019-05-16 16:50:00,2019,5,16,16,50,35,35115,GROSLAY (BD DE DU N°25 AU 43),48.35113,-1.18501,Plein jour,En agglomération,Giratoire,Normale,Deux véhicules - côté,4,2,2,0,2,1,1,5,1,50,2,2,1,0,1,0,57.0,46.0,deux_roues,voiture,1,2,6,1,3
201900030865,2019-04-26 22:50:00,2019,4,26,22,50,35,35115,VERRERIE (AVENUE DE LA),48.360663,-1.191011,Nuit avec éclairage allumé,En agglomération,Hors intersection,Normale,Autre collision,3,2,2,0,1,1,2,0,1,50,1,1,0,0,1,0,,,,,5,2,1,1,6
201900030866,2019-05-28 15:55:00,2019,5,28,15,55,34,34301,AVENUE DES EAUX BLANCHES,43.42098,3.72278,Plein jour,Hors agglomération,Intersection en X,Normale,Deux véhicules - frontale,4,2,2,0,1,1,1,0,1,70,2,3,1,0,1,1,64.0,18.0,voiture,deux_roues,1,1,2,1,1
201900030867,2019-05-17 13:35:00,2019,5,17,13,35,34,34108,MISTRAL FREDERIC (AVENUE),43.4475995,3.7528851,Plein jour,En agglomération,Intersection en T,Pluie légère,Autre collision,3,-1,2,0,1,1,2,0,1,50,1,2,1,1,0,0,70.0,,voiture,,1,2,3,2,6
201900030868,2019-05-28 15:00:00,2019,5,28,15,0,34,34172,SOULAS (AVENUE DU PERE,43.62269,3.85448,Plein jour,En agglomération,Intersection en T,Normale,Deux véhicules - frontale,4,2,3,0,1,1,1,0,1,50,2,2,1,0,0,1,36.0,33.0,deux_roues,deux_roues,1,2,3,1,1
201900030869,2019-05-27 12:00:00,2019,5,27,12,0,34,34172,PAVELET (AVENUE DU COLONEL),43.58529,3.85996,Plein jour,En agglomération,Hors intersection,Normale,Deux véhicules - côté,4,2,5,0,1,1,1,0,1,50,2,2,1,0,0,1,60.0,23.0,deux_roues,voiture,1,2,1,1,3
201900030870,2019-05-27 13:58:00,2019,5,27,13,58,34,34172,ZUCCARELLI (PONT JEAN),43.60071,3.89739,Plein jour,En agglomération,Intersection en T,Normale,Autre collision,4,2,2,0,1,1,1,5,1,50,1,3,1,0,0,2,55.0,,deux_roues,,1,2,3,1,6
201900030871,2019-05-26 22:45:00,2019,5,26,22,45,34,34172,EUROPE (AVENUE DE L'),43.63421,3.82244,Nuit avec éclairage allumé,En agglomération,Intersection en X,Normale,Deux véhicules - côté,4,2,5,0,2,1,1,0,1,50,2,2,1,0,1,0,21.0,25.0,voiture,deux_roues,5,2,2,1,3
201900030872,2019-05-23 18:00:00,2019,5,23,18,0,34,34172,PONT DE LAVERUNE (RUE DU),43.60646,3.83709,Plein jour,En agglomération,Intersection en X,Normale,Deux véhicules - arrière,4,2,2,2,2,1,1,5,1,50,2,2,1,0,0,1,52.0,15.0,utilitaire_camion,deux_roues,1,2,2,1,2
201900030873,2019-05-23 15:40:00,2019,5,23,15,40,34,34172,LAURENS (QUAI),43.60452,3.88919,Plein jour,En agglomération,Hors intersection,Normale,Trois véhicules et plus - en chaîne,4,3,4,0,1,1,1,0,1,50,3,3,2,0,0,1,27.0,31.0,voiture,utilitaire_camion,1,2,1,1,4
201900030874,2019-05-25 09:50:00,2019,5,25,9,50,34,34172,PEDRO DE LUNA (BOULEVARD),43.59477,3.87115,Plein jour,En agglomération,Hors intersection,Normale,Deux véhicules - frontale,4,2,2,0,1,1,1,0,1,50,2,2,1,0,0,1,39.0,72.0,voiture,voiture,1,2,1,1,1
201900030875,2019-05-23 18:50:00,2019,5,23,18,50,34,34172,GAMBETTA (COURS),43.60653,3.87219,Plein jour,En agglomération,Intersection en X,Normale,Deux véhicules - côté,4,1,2,3,1,1,1,4,1,50,2,2,1,0,0,1,24.0,45.0,deux_roues,utilitaire_camion,1,2,2,1,3
201900030876,2019-05-23 16:25:00,2019,5,23,16,25,34,34172,VANIERES (AVENUE DE),43.5966304,3.8451521,Plein jour,En agglomération,Hors intersection,Normale,Deux véhicules - arrière,4,3,5,0,1,1,1,0,1,50,2,2,1,0,0,1,34.0,46.0,voiture,voiture,1,2,1,1,2
201900030877,2019-05-21 18:20:00,2019,5,21,18,20,34,34172,MARCHE GARE (AVENUE DU),43.58328,3.88732,Plein jour,En agglomération,Intersection en X,Normale,Deux véhicules - côté,4,2,2,0,1,1,1,9,1,50,2,4,2,0,0,2,29.0,19.0,voiture,voiture,1,2,2,1,3
201900030878,2019-05-17 15:20:00,2019,5,17,15,20,34,34172,DUBOUT (AVENUE ALBERT),43.59692,3.8777,Plein jour,En agglomération,Intersection en X,Temps couvert,Deux véhicules - côté,4,2,3,0,1,1,2,0,1,50,2,2,1,0,0,1,21.0,21.0,deux_roues,voiture,1,2,2,8,3