accident_id,datetime,annee,mois,jour,heure,minute,departement,commune_insee,adresse,latitude,longitude,luminosite,agglomeration,intersection,meteo,collision,catr,circ,nbv,vosp,prof,plan,surf,infra,situ,vma,nb_vehicules,nb_usagers,nb_indemnes,nb_tues,nb_blesses_hosp,nb_blesses_legers,age_cond_1,age_cond_2,veh_type_cond_1,veh_type_cond_2,lum_code,agg_code,int_code,atm_code,col_code
201900030879,2019-05-15 16:05:00,2019,5,15,16,5,34,34172,LIBERTE (AVENUE DE LA,43.60305,3.86616,Plein jour,En agglomération,Hors intersection,Normale,Trois véhicules et plus - en chaîne,4,2,2,0,1,1,1,0,1,50,3,4,3,0,0,1,50.0,34.0,voiture,voiture,1,2,1,1,4
201900030880,2019-05-15 14:55:00,2019,5,15,14,55,34,34172,REGIMENT D'ARTILLERIE,43.6013,3.8627,Plein jour,En agglomération,Autre intersection,Normale,Deux véhicules - côté,4,2,2,0,1,1,1,5,1,50,2,2,1,0,1,0,18.0,28.0,deux_roues,utilitaire_camion,1,2,9,1,3
201900030881,2019-05-11 20:35:00,2019,5,11,20,35,34,34172,CAMUS (RUE ALBERT),43.59028,3.86967,Crépuscule ou aube,En agglomération,Hors intersection,Normale,Sans collision,4,1,2,0,1,2,1,0,1,50,1,1,0,0,0,1,50.0,,voiture,,2,2,1,1,7
201900030882,2019-05-14 18:30:00,2019,5,14,18,30,34,34172,BLAYAC (RUE DU PROFESSEUR),43.62425,3.82852,Plein jour,En agglomération,Hors intersection,Normale,Deux véhicules - arrière,4,3,2,0,1,1,1,0,1,50,2,2,1,0,0,1,34.0,57.0,deux_roues,voiture,1,2,1,1,2
201900030883,2019-05-11 20:55:00,2019,5,11,20,55,34,34172,ALCO (RUE D',43.61789,3.83947,Crépuscule ou aube,En agglomération,Intersection en X,Normale,Deux véhicules - frontale,4,2,2,0,1,4,1,0,1,50,2,2,1,0,0,1,42.0,28.0,voiture,voiture,2,2,2,1,1
201900030884,2019-05-11 14:40:00,2019,5,11,14,40,34,34172,PAS DU LOUP (RUE DU,43.59748,3.84571,Plein jour,En agglomération,Hors intersection,Normale,Sans collision,4,2,2,0,1,1,1,0,1,50,1,2,1,0,0,1,26.0,,voiture,,1,2,1,1,7
201900030885,2019-05-10 18:25:00,2019,5,10,18,25,34,34172,SAINT LOUIS (RUE),43.61083,3.86664,Plein jour,En agglomération,Hors intersection,Normale,Autre collision,4,1,1,0,1,1,1,0,1,50,1,2,1,0,0,1,26.0,,deux_roues,,1,2,1,1,6
201900030886,2019-05-09 17:50:00,2019,5,9,17,50,34,34172,VALERY (BOULEVARD PAUL,43.59106,3.85456,Plein jour,En agglomération,Autre intersection,Normale,Deux véhicules - côté,3,2,2,0,1,1,1,9,1,50,2,3,2,0,0,1,21.0,47.0,voiture,voiture,1,2,9,1,3
201900030887,2019-05-09 16:50:00,2019,5,9,16,50,34,34172,LIBERTE (AVENUE DE LA,43.608754,3.846131,Plein jour,En agglomération,Hors intersection,Normale,Trois véhicules et plus - en chaîne,4,2,2,0,1,1,1,0,1,70,3,3,1,0,0,2,40.0,70.0,voiture,voiture,1,2,1,1,4
201900030888,2019-05-09 13:55:00,2019,5,9,13,55,34,34172,HEIDELBERG (AVENUE DE),43.62704,3.81729,Plein jour,En agglomération,Intersection en X,Normale,Autre collision,4,2,2,0,1,1,1,0,2,50,1,2,1,0,0,1,32.0,,utilitaire_camion,,1,2,2,1,6
201900030889,2019-05-07 08:00:00,2019,5,7,8,0,34,34172,NIMES (AVENUE DE),43.6152,3.8839,Plein jour,En agglomération,Autre intersection,Normale,Deux véhicules - arrière,4,3,3,0,1,1,1,9,1,50,2,3,2,0,0,1,43.0,55.0,voiture,voiture,1,2,9,1,2
201900030890,2019-05-06 17:46:00,2019,5,6,17,46,34,34172,CROIX DE LAVIT (RUE DE LA),43.6368,3.84481,Plein jour,En agglomération,Autre intersection,Normale,Deux véhicules - côté,4,2,2,0,1,1,1,0,1,50,2,2,1,0,0,1,49.0,26.0,deux_roues,voiture,1,2,9,1,3
201900030891,2019-05-03 09:50:00,2019,5,3,9,50,34,34172,ANOUBLES (RUE DES),43.59017,3.88801,Plein jour,En agglomération,Hors intersection,Normale,Deux véhicules - arrière,4,2,2,0,1,1,1,0,1,50,2,2,1,0,0,1,46.0,40.0,voiture,utilitaire_camion,1,2,1,1,2
201900030892,2019-05-03 11:45:00,2019,5,3,11,45,34,34198,D66  VOIE RAPIDE,43.57245,3.95484,Plein jour,Hors agglomération,Hors intersection,Normale,Deux véhicules - côté,3,2,4,0,1,2,1,0,1,90,2,2,0,0,0,2,21.0,45.0,voiture,voiture,1,1,1,1,3
201900030893,2019-05-02 17:45:00,2019,5,2,17,45,34,34172,GAMBETTA,43.60583,3.87307,Plein jour,En agglomération,Hors intersection,Normale,Autre collision,4,1,2,3,1,1,1,0,1,15,1,2,1,0,0,1,45.0,,voiture,,1,2,1,1,6
201900030894,2019-05-01 12:20:00,2019,5,1,12,20,34,34172,TOULOUSE (AVENUE DE,43.60284,3.85524,Plein jour,En agglomération,Intersection en X,Normale,Deux véhicules - côté,4,2,4,0,1,1,1,5,1,50,2,7,6,0,0,1,24.0,42.0,deux_roues,voiture,1,2,2,1,3
201900030895,2019-04-29 15:35:00,2019,4,29,15,35,34,34172,CHATEAU D'O (ROND-POINT DU),43.63142,3.84274,Plein jour,En agglomération,Hors intersection,Normale,Deux véhicules - arrière,4,1,2,0,1,2,1,0,1,50,2,2,1,0,0,1,44.0,51.0,voiture,voiture,1,2,1,1,2
201900030896,2019-05-28 09:00:00,2019,5,28,9,0,34,34032,FONT-NEUVE (AV DE LA),43.3515019,3.2178918,Plein jour,En agglomération,Hors intersection,Autre,Sans collision,4,2,2,0,2,1,1,9,1,50,1,2,1,0,1,0,39.0,,voiture,,1,2,1,9,7
201900030897,2019-05-13 18:20:00,2019,5,13,18,20,34,34032,PONT NEUF (RUE DU),43.338779,3.209609,Plein jour,En agglomération,Hors intersection,Normale,Sans collision,4,2,2,0,1,1,1,9,1,50,1,2,1,0,1,0,41.0,,voiture,,1,2,1,1,7
201900030898,2019-05-09 22:20:00,2019,5,9,22,20,34,34032,ROUTE DEPARTEMENTALE 612,43.35655,3.25001,Nuit sans éclairage public,Hors agglomération,Autre intersection,Normale,Deux véhicules - frontale,3,3,2,0,1,1,1,9,1,70,2,3,0,0,2,1,43.0,58.0,voiture,voiture,3,1,9,1,1
201900030899,2019-05-08 23:35:00,2019,5,8,23,35,34,34032,ROUTE DE MURVIEL (RD.19 - SECT.3),43.356,3.19974,Nuit sans éclairage public,Hors agglomération,Hors intersection,Normale,Sans collision,3,2,2,0,1,3,2,0,1,70,1,4,0,0,2,2,26.0,,voiture,,3,1,1,1,7
201900030900,2019-05-06 23:30:00,2019,5,6,23,30,34,34032,WILSON PRESIDENT (AV DU),43.33567,3.22666,Nuit avec éclairage allumé,En agglomération,Hors intersection,Normale,Sans collision,4,2,4,0,1,1,1,0,1,50,1,1,0,0,1,0,38.0,,deux_roues,,5,2,1,1,7
201900030901,2019-05-02 18:30:00,2019,5,2,18,30,34,34073,LAURES (AV. JEAN),43.32289,3.30706,Plein jour,En agglomération,Hors intersection,Normale,Autre collision,4,2,0,0,1,3,1,0,1,20,1,1,0,1,0,0,53.0,,voiture,,1,2,1,1,6
201900030902,2019-05-17 10:45:00,2019,5,17,10,45,34,34003,RD612,43.31117,3.52068,Plein jour,Hors agglomération,Hors intersection,Pluie forte,Deux véhicules - frontale,3,2,1,0,1,1,2,0,1,80,2,2,0,0,0,2,60.0,62.0,voiture,voiture,1,1,1,3,1
201900030903,2019-05-21 12:13:00,2019,5,21,12,13,34,34003,GENTILSHOMMES (H16 A L17,43.27996,3.51607,Plein jour,En agglomération,Hors intersection,Normale,Deux véhicules - arrière,4,2,1,0,1,1,1,9,1,50,2,2,1,0,0,1,53.0,26.0,voiture,deux_roues,1,2,1,1,2
201900030904,2019-05-04 20:00:00,2019,5,4,20,0,34,34003,SETE ( ROUTE),43.3110814,3.4782015,Crépuscule ou aube,En agglomération,Giratoire,Normale,Autre collision,4,2,0,0,1,1,1,0,1,50,2,2,1,0,1,0,44.0,19.0,voiture,deux_roues,2,2,6,1,6
201900030905,2019-05-03 03:50:00,2019,5,3,3,50,34,34003,SOLEIL (G15 A J18,43.30398,3.4845,Nuit avec éclairage allumé,En agglomération,Hors intersection,Normale,Sans collision,4,2,1,0,1,1,1,0,1,50,1,1,0,0,1,0,25.0,,deux_roues,,5,2,1,1,7
201900030906,2019-08-06 15:30:00,2019,8,6,15,30,33,33063,CRS GEORGES CLEMENCEAU face parking QPARK Clemenceau,44.84233,-0.57971,Plein jour,En agglomération,Hors intersection,Normale,Deux véhicules - côté,4,2,4,2,1,1,1,0,6,50,2,5,3,0,1,1,50.0,29.0,voiture,deux_roues,1,2,1,1,3
201900030907,2019-05-29 18:55:00,2019,5,29,18,55,33,33249,RUE MICHEL MONTAIGNE,44.87225,-0.51615,Plein jour,En agglomération,Intersection en T,Normale,Deux véhicules - arrière,4,2,2,0,1,1,1,0,1,30,2,2,1,0,0,1,9.0,34.0,deux_roues,voiture,1,2,3,1,2
201900030908,2019-05-29 16:20:00,2019,5,29,16,20,33,33162,RUE ANDRE BLANC,44.878453,-0.641347,Plein jour,En agglomération,Intersection en X,Normale,Deux véhicules - côté,4,2,2,2,1,1,1,0,5,50,2,2,1,0,0,1,38.0,19.0,deux_roues,voiture,1,2,2,1,3
201900030909,2019-05-29 10:55:00,2019,5,29,10,55,33,33063,BD ALBERT 1ER,44.81366,-0.56577,Plein jour,En agglomération,Hors intersection,Normale,Sans collision,4,3,4,0,1,1,1,0,1,50,1,2,1,0,0,1,77.0,,voiture,,1,2,1,1,7
201900030910,2019-05-28 22:00:00,2019,5,28,22,0,33,33063,PASTEUR CAUD (RUE ),44.846891,-0.629147,Nuit avec éclairage allumé,En agglomération,Intersection en X,Normale,Deux véhicules - côté,4,2,2,0,1,1,1,0,1,50,2,2,1,0,1,0,75.0,33.0,voiture,deux_roues,5,2,2,1,3
201900030911,2019-05-27 14:30:00,2019,5,27,14,30,33,33281,AVE DE L'ARGONNE,44.82558,-0.68219,Plein jour,En agglomération,Hors intersection,Pluie légère,Trois véhicules et plus - collisions multiples,4,2,0,0,1,1,2,0,1,50,3,4,3,0,1,0,31.0,19.0,deux_roues,voiture,1,2,1,2,5
201900030912,2019-05-10 23:30:00,2019,5,10,23,30,33,33063,PONT Jacques CHABAN DELMAS,44.85834,-0.55191,Nuit avec éclairage allumé,En agglomération,Hors intersection,Pluie légère,Autre collision,4,3,6,2,2,1,2,2,1,50,3,5,3,0,1,1,46.0,19.0,voiture,voiture,5,2,1,2,6
201900030913,2019-05-25 23:30:00,2019,5,25,23,30,33,33039,Av Jeanne d'Arc (D108)/A630 E20 Bretelle d'entrée,44.794032,-0.540871,Nuit avec éclairage allumé,En agglomération,Autre intersection,Normale,Deux véhicules - frontale,1,1,1,0,1,3,1,3,8,50,2,6,2,0,0,4,56.0,43.0,voiture,voiture,5,2,9,1,1
201900030914,2019-05-24 16:00:00,2019,5,24,16,0,33,33318,AVE DU DOCTEUR ALBERT SCHWEITZER,44.80614,-0.60764,Plein jour,En agglomération,Hors intersection,Normale,Deux véhicules - arrière,4,3,2,0,1,1,1,0,1,50,2,2,1,0,0,1,30.0,42.0,voiture,voiture,1,2,1,1,2
201900030915,2019-07-19 14:00:00,2019,7,19,14,0,33,33281,AVE RENE CASSIN,44.83203,-0.67207,Plein jour,En agglomération,Intersection en Y,Normale,Trois véhicules et plus - collisions multiples,1,1,1,0,1,1,1,3,8,50,4,4,3,0,0,1,70.0,30.0,voiture,voiture,1,2,4,1,5
201900030916,2019-05-15 07:50:00,2019,5,15,7,50,33,33039,Rte de Toulouse/Av Farvarque,44.804584,-0.57215,Plein jour,En agglomération,Intersection en T,Normale,Deux véhicules - arrière,4,2,2,0,1,1,1,0,1,50,2,2,1,0,0,1,25.0,31.0,deux_roues,voiture,1,2,3,1,2
201900030917,2019-05-27 12:15:00,2019,5,27,12,15,33,33039,Pl du Quatorze Juillet/R. Léon Gambetta/R. Jules Guesde/R. Calixte Camelle,44.807454,-0.548883,Plein jour,En agglomération,Intersection en X,Normale,Deux véhicules - côté,4,2,2,0,1,1,1,0,1,50,2,2,1,0,0,1,22.0,60.0,deux_roues,voiture,1,2,2,1,3
201900030918,2019-05-24 19:48:00,2019,5,24,19,48,33,33550,Av du Maréchal Leclerc/Av de Bridgend,44.778229,-0.57068,Plein jour,En agglomération,Giratoire,Normale,Deux véhicules - côté,4,3,0,0,1,3,1,0,1,50,2,2,1,0,0,1,27.0,18.0,voiture,deux_roues,1,2,6,1,3
201900030919,2019-06-17 17:30:00,2019,6,17,17,30,33,33063,BD ANTOINE GAUTIER motard perd le contrôle de sa moto au démarrage suite feu vert,44.834149,-0.598677,Plein jour,En agglomération,Intersection en T,Normale,Autre collision,4,3,6,2,1,1,1,9,1,50,1,1,0,0,1,0,27.0,,deux_roues,,1,2,3,1,6
201900030920,2019-05-26 10:00:00,2019,5,26,10,0,33,33119,SCHWOB (AVE ROGER),44.85538,-0.51882,Plein jour,En agglomération,Hors intersection,Normale,Deux véhicules - arrière,4,3,4,0,1,1,1,0,1,50,2,2,1,0,0,1,66.0,54.0,deux_roues,voiture,1,2,1,1,2
201900030921,2019-05-25 04:40:00,2019,5,25,4,40,33,33281,AVE LEON BLUM,44.85254,-0.64169,Nuit avec éclairage allumé,En agglomération,Hors intersection,Normale,Deux véhicules - arrière,4,2,4,2,1,1,1,0,1,50,2,2,1,0,1,0,19.0,50.0,voiture,deux_roues,5,2,1,1,2
201900030922,2019-07-12 08:00:00,2019,7,12,8,0,33,33063,QUAI DE BRAZZA,44.85764,-0.5468,Plein jour,En agglomération,Hors intersection,Normale,Deux véhicules - côté,4,3,6,-1,1,1,1,0,1,50,2,2,1,0,0,1,56.0,29.0,transport_commun,deux_roues,1,2,1,1,3
201900030923,2019-05-24 20:30:00,2019,5,24,20,30,33,33063,BD DE L'ENTRE DEUX MER VT A sens Floirac- Bordeaux grille feu rouge et percute VT B sens Nord-Sud Bd Joliot CurieetS,44.8465,-0.53896,Plein jour,En agglomération,Intersection en T,Normale,Deux véhicules - côté,4,3,4,0,1,1,1,5,1,50,2,2,1,0,0,1,25.0,42.0,voiture,voiture,1,2,3,1,3
201900030924,2019-05-24 16:00:00,2019,5,24,16,0,33,33069,AVE VICTOR HUGO,44.86947,-0.5924,Plein jour,En agglomération,Hors intersection,Normale,Deux véhicules - arrière,4,2,2,0,1,1,1,0,1,50,2,2,1,0,0,1,28.0,65.0,voiture,deux_roues,1,2,1,1,2
201900030925,2019-05-21 07:20:00,2019,5,21,7,20,33,33063,BD PIERRE 1ER,44.85785,-0.59037,Plein jour,En agglomération,Hors intersection,Normale,Autre collision,4,2,6,2,1,1,1,0,1,50,2,2,1,0,1,0,60.0,39.0,voiture,deux_roues,1,2,1,1,6
201900030926,2019-05-22 12:45:00,2019,5,22,12,45,33,33069,Av de Tivoli/R. Blanqui/R. Jean Martial,44.866034,-0.595246,Plein jour,En agglomération,Intersection en X,Normale,Deux véhicules - côté,4,2,2,0,1,1,1,0,1,50,2,2,0,0,0,2,33.0,22.0,deux_roues,deux_roues,1,2,2,1,3
201900030927,2019-06-05 11:45:00,2019,6,5,11,45,33,33063,RUE MOUNEYRA,44.83007,-0.58933,Plein jour,En agglomération,Intersection en X,Pluie forte,Deux véhicules - côté,4,1,1,0,1,1,2,0,8,50,2,2,1,0,0,1,24.0,54.0,voiture,deux_roues,1,2,2,3,3
201900030928,2019-04-24 20:20:00,2019,4,24,20,20,33,33063,RUE CAMILLE GODARD,44.85507,-0.57449,Nuit avec éclairage allumé,En agglomération,Intersection en X,Pluie légère,Deux véhicules - côté,4,2,2,1,1,1,2,0,1,50,2,2,1,0,0,1,27.0,23.0,deux_roues,voiture,5,2,2,2,3
201900030929,2019-05-15 13:30:00,2019,5,15,13,30,33,33281,RUE DU LOGEY / AVE HENRI VIGNEAU,44.83767,-0.66722,Plein jour,En agglomération,Intersection en T,Normale,Deux véhicules - côté,4,3,5,2,1,1,1,0,1,50,2,3,2,0,1,0,46.0,63.0,voiture,voiture,1,2,3,1,3
201900030930,2019-05-18 22:06:00,2019,5,18,22,6,33,33063,PONT SAINT- JEAN,44.83375,-0.55244,Nuit avec éclairage allumé,En agglomération,Hors intersection,Normale,Deux véhicules - arrière,4,3,8,2,1,1,1,2,1,50,2,2,1,0,0,1,36.0,35.0,deux_roues,voiture,5,2,1,1,2
201900030931,2019-05-15 20:15:00,2019,5,15,20,15,33,33063,RUE DELBOS,44.86739,-0.55136,Plein jour,En agglomération,Hors intersection,Normale,Autre collision,4,2,2,0,1,1,1,0,1,50,1,2,1,0,0,1,35.0,,voiture,,1,2,1,1,6
201900030932,2019-05-21 07:45:00,2019,5,21,7,45,33,33162,Rte du Médoc / Roc A630 E7,44.8801,-0.62768,Plein jour,En agglomération,Intersection en X,Normale,Deux véhicules - côté,1,1,1,0,2,1,1,3,8,50,2,2,0,0,0,2,48.0,45.0,voiture,voiture,1,2,2,1,3
201900030933,2019-05-16 17:00:00,2019,5,16,17,0,33,33063,71 CRS DE L'YSER - piéton traverse des n° impairs vers pairs,44.827212,-0.569149,Plein jour,En agglomération,Intersection en X,Normale,Autre collision,4,2,4,2,1,1,1,0,1,50,1,2,1,0,0,1,29.0,,voiture,,1,2,2,1,6
201900030934,2019-05-11 14:30:00,2019,5,11,14,30,33,33039,Rue Danielle Mitterrand / Rail du tram,44.7855873,-0.5658294,Plein jour,En agglomération,Intersection en X,Normale,Deux véhicules - côté,4,2,4,2,1,1,1,0,6,30,2,2,1,0,0,1,29.0,32.0,voiture,transport_commun,1,2,2,1,3
201900030935,2019-05-04 02:45:00,2019,5,4,2,45,33,33522,GAMBETTA (CRS ),44.81393,-0.58911,Nuit sans éclairage public,En agglomération,Hors intersection,Normale,Autre collision,4,2,4,0,1,1,1,0,1,50,1,4,2,0,2,0,26.0,,utilitaire_camion,,3,2,1,1,6
201900030936,2019-05-05 17:45:00,2019,5,5,17,45,33,33063,R. Camille Godard / R. Montgolfier,44.855053,-0.575564,Plein jour,En agglomération,Intersection en T,Normale,Deux véhicules - arrière,4,2,2,0,1,1,1,0,1,50,2,4,3,0,0,1,47.0,29.0,voiture,voiture,1,2,3,1,2
201900030937,2019-05-13 17:40:00,2019,5,13,17,40,33,33119,RUE PIERRE BEREGOVOY,44.84846,-0.52228,Plein jour,En agglomération,Hors intersection,Autre,Deux véhicules - frontale,4,2,2,0,2,3,1,0,1,50,2,4,1,0,1,2,36.0,83.0,voiture,voiture,1,2,1,9,1
201900030938,2019-05-06 08:50:00,2019,5,6,8,50,33,33281,AVE MARCEL DASSAULT,44.84289,-0.74088,Plein jour,Hors agglomération,Hors intersection,Normale,Deux véhicules - côté,4,2,2,1,1,1,1,0,1,80,2,2,1,0,1,0,57.0,37.0,deux_roues,voiture,1,1,1,1,3
201900030939,2019-05-06 23:10:00,2019,5,6,23,10,33,33075,AVE DE CHAVAILLES,44.8738,-0.57923,Nuit avec éclairage allumé,En agglomération,Giratoire,Normale,Deux véhicules - côté,4,2,4,0,1,3,1,0,8,30,2,3,2,0,0,1,33.0,,voiture,,5,2,6,1,3
201900030940,2019-05-02 17:45:00,2019,5,2,17,45,33,33063,5 RUE MARBOTIN - petite fille échappe à la vigilance de sa mère et traverse des n° pairs vers impairs,44.8312,-0.56622,Plein jour,En agglomération,Hors intersection,Normale,Autre collision,4,1,1,0,1,1,1,0,1,50,1,2,1,0,0,1,47.0,,deux_roues,,1,2,1,1,6
201900030941,2019-07-12 18:30:00,2019,7,12,18,30,33,33318,RUE STEPHANE MALLARME,44.79266,-0.65581,Plein jour,En agglomération,Intersection en T,Normale,Deux véhicules - arrière,4,2,2,0,1,1,1,0,1,50,2,2,1,0,0,1,25.0,46.0,voiture,voiture,1,2,3,1,2
201900030942,2019-05-05 11:30:00,2019,5,5,11,30,33,33063,R. de Caudéran / R. de Marseille,44.845543,-0.594431,Plein jour,En agglomération,Intersection en T,Normale,Deux véhicules - côté,4,1,2,1,1,1,1,0,1,50,2,2,1,0,0,1,56.0,49.0,voiture,deux_roues,1,2,3,1,3
201900030943,2019-04-28 18:05:00,2019,4,28,18,5,33,33162,ex D1215,44.87153,-0.65758,Plein jour,Hors agglomération,Hors intersection,Normale,Deux véhicules - arrière,4,3,2,0,1,1,1,0,1,70,2,2,1,0,0,1,57.0,27.0,voiture,voiture,1,1,1,1,2
201900030944,2019-04-26 20:30:00,2019,4,26,20,30,33,33069,R. Bourbaki/Av de Tivoli,44.860704,-0.592658,Plein jour,En agglomération,Intersection en T,Normale,Deux véhicules - frontale,4,2,2,0,1,1,1,0,1,50,2,2,1,0,0,1,19.0,32.0,deux_roues,voiture,1,2,3,1,1
201900030945,2019-05-07 13:50:00,2019,5,7,13,50,33,33318,AVE DE CANEJAN,44.78893,-0.65205,Plein jour,En agglomération,Hors intersection,Normale,Deux véhicules - arrière,4,3,6,-1,1,1,1,0,1,50,2,2,1,0,0,1,32.0,24.0,voiture,voiture,1,2,1,1,2
201900030946,2019-04-30 17:47:00,2019,4,30,17,47,33,33063,QUAI DES CHARTRONS,44.85554,-0.56381,Plein jour,En agglomération,Intersection en T,Normale,Deux véhicules - côté,4,2,7,0,1,2,1,4,6,50,2,2,1,0,1,0,30.0,53.0,transport_commun,deux_roues,1,2,3,1,3
201900030947,2019-05-03 16:45:00,2019,5,3,16,45,33,33318,R. de Romainville/Accès espace Magonty,44.79275,-0.70563,Plein jour,En agglomération,Intersection en T,Normale,Deux véhicules - côté,4,2,2,0,1,1,1,0,1,50,2,2,1,0,0,1,59.0,69.0,voiture,deux_roues,1,2,3,1,3
201900030948,2019-05-01 16:00:00,2019,5,1,16,0,33,33063,RUE FONDAUDEGE,44.8478263,-0.5817219,Plein jour,En agglomération,Intersection en T,Normale,Deux véhicules - côté,4,1,1,0,1,1,1,0,1,30,2,2,1,0,1,0,18.0,19.0,deux_roues,deux_roues,1,2,3,1,3
201900030949,2019-03-28 07:40:00,2019,3,28,7,40,33,33200,AVE DE MAGUDAS,44.86174,-0.69673,Plein jour,Hors agglomération,Giratoire,Normale,Deux véhicules - côté,4,2,1,0,1,1,1,9,1,70,2,2,1,0,1,0,58.0,42.0,deux_roues,voiture,1,1,6,1,3
201900030950,2019-04-25 23:20:00,2019,4,25,23,20,33,33522,Crs de la Libération/Av Georges Lasserre/Av Georges Clémenceau,44.80545,-0.59233,Nuit avec éclairage allumé,En agglomération,Intersection en X,Normale,Deux véhicules - côté,4,2,2,0,1,1,9,0,1,50,2,2,1,0,0,1,25.0,39.0,voiture,deux_roues,5,2,2,1,3
201900030951,2019-05-02 13:45:00,2019,5,2,13,45,33,33318,Piétonne percutée traverse Av.DU GENERAL LECLERC des n° pairs vers impairs,44.7928,-0.67132,Plein jour,En agglomération,Intersection en X,Normale,Autre collision,4,2,3,2,1,1,1,0,1,50,1,2,1,0,0,1,76.0,,voiture,,1,2,2,1,6
201900030952,2019-04-22 02:55:00,2019,4,22,2,55,33,33069,EYSINES (AVE D),44.86277,-0.61703,Nuit avec éclairage allumé,En agglomération,Hors intersection,Normale,Autre collision,4,2,-1,0,1,2,1,0,1,50,1,1,0,0,0,1,28.0,,voiture,,5,2,1,1,6
201900030953,2019-04-28 00:20:00,2019,4,28,0,20,33,33063,RUE DE LA TOUR D'AUVERGNE CAUD,44.84496,-0.60904,Nuit avec éclairage allumé,En agglomération,Intersection en T,Normale,Autre collision,4,1,1,0,1,1,1,0,1,50,1,1,0,0,0,1,17.0,,deux_roues,,5,2,3,1,6
201900030954,2019-04-25 22:15:00,2019,4,25,22,15,33,33550,RTE DE TOULOUSE,44.80317,-0.57155,Nuit avec éclairage allumé,En agglomération,Intersection en T,Normale,Deux véhicules - arrière,4,2,2,0,1,1,1,0,1,50,2,2,0,0,0,2,22.0,18.0,deux_roues,deux_roues,5,2,3,1,2
201900030955,2019-04-18 15:20:00,2019,4,18,15,20,33,33318,AVE ANTOINE BECQUEREL,44.78633,-0.6443,Plein jour,En agglomération,Hors intersection,Normale,Deux véhicules - frontale,4,2,2,0,1,1,1,0,1,50,2,2,1,0,0,1,24.0,32.0,voiture,deux_roues,1,2,1,1,1
201900030956,2019-04-20 15:40:00,2019,4,20,15,40,33,33063,QUAI RICHELIEU,44.83896,-0.56768,Plein jour,En agglomération,Hors intersection,Normale,Deux véhicules - côté,4,3,9,1,1,1,1,0,1,50,2,2,1,0,1,0,69.0,19.0,deux_roues,voiture,1,2,1,1,3
201900030957,2019-04-24 20:05:00,2019,4,24,20,5,33,33063,2 Bd du Pdt Wilson - A quitte station essence,44.83697,-0.59889,Plein jour,En agglomération,Intersection en X,Normale,Deux véhicules - côté,4,3,7,0,1,1,1,0,1,50,2,2,1,0,0,1,53.0,30.0,deux_roues,voiture,1,2,2,1,3
201900030958,2019-04-23 16:45:00,2019,4,23,16,45,33,33063,RUE VEYSSIERE,44.82597,-0.56037,Plein jour,En agglomération,Intersection en X,Normale,Deux véhicules - côté,4,1,0,0,1,1,1,0,1,50,2,3,2,0,0,1,24.0,56.0,voiture,voiture,1,2,2,1,3
201900030959,2019-05-22 14:00:00,2019,5,22,14,0,33,33529,BD DE CAZAUX,44.61012,-1.13312,Plein jour,En agglomération,Giratoire,Normale,Deux véhicules - arrière,3,2,2,0,1,2,1,0,1,50,2,2,1,0,0,1,72.0,68.0,voiture,deux_roues,1,2,6,1,2
201900030960,2019-05-17 17:30:00,2019,5,17,17,30,33,33529,CARNOT (RUE DU PRESIDENT),44.62658,-1.14169,Plein jour,En agglomération,Giratoire,Normale,Deux véhicules - côté,3,1,2,0,1,2,1,0,1,50,2,2,1,0,0,1,30.0,88.0,deux_roues,voiture,1,2,6,1,3
201900030961,2019-05-15 12:55:00,2019,5,15,12,55,33,33529,Parking centre commercial face bureau tabac et pharmacie,44.61108,-1.14543,Plein jour,En agglomération,Autre intersection,Normale,Autre collision,6,-1,0,0,1,1,1,9,1,30,1,1,0,0,0,1,29.0,,voiture,,1,2,9,1,6
201900030962,2019-04-24 20:15:00,2019,4,24,20,15,33,33009,D217E1 / Av. du Golf,44.64611,-1.19018,Plein jour,En agglomération,Giratoire,Normale,Autre collision,3,2,2,0,1,1,1,5,1,50,1,1,0,0,0,1,54.0,,deux_roues,,1,2,6,1,6
201900030963,2019-05-12 05:25:00,2019,5,12,5,25,33,33529,PYLA (BD DU),44.63353,-1.17218,Nuit sans éclairage public,Hors agglomération,Hors intersection,Normale,Autre collision,3,2,2,0,1,2,1,0,1,80,1,2,0,0,0,2,22.0,,voiture,,3,1,1,1,6
201900030964,2019-05-01 14:30:00,2019,5,1,14,30,33,33529,BD PIERRE LOTI / R.Michelet,44.65266,-1.14317,Plein jour,En agglomération,Intersection en T,Normale,Deux véhicules - côté,4,2,2,0,1,1,1,0,1,50,2,2,1,0,0,1,48.0,36.0,deux_roues,voiture,1,2,3,1,3
201900030965,2019-04-28 00:20:00,2019,4,28,0,20,33,33529,207 BD DE L'OCEAN,44.61855,-1.2016,Nuit avec éclairage allumé,En agglomération,Hors intersection,Normale,Autre collision,3,2,4,2,1,1,1,0,1,50,1,2,1,0,1,0,23.0,,deux_roues,,5,2,1,1,6
201900030966,2019-05-22 17:25:00,2019,5,22,17,25,32,32013,CLAUDE DESBONS (PROMENADE),43.65567,0.59236,Plein jour,En agglomération,Hors intersection,Normale,Sans collision,5,2,1,3,1,1,9,9,1,30,1,1,0,0,0,1,50.0,,deux_roues,,1,2,1,1,7
201900030967,2019-05-22 07:55:00,2019,5,22,7,55,32,32013,VICTOR HUGO (RUE),43.65314,0.57208,Plein jour,En agglomération,Hors intersection,Normale,Deux véhicules - côté,3,2,2,0,2,1,1,0,1,50,2,2,1,0,0,1,47.0,34.0,voiture,voiture,1,2,1,1,3