accident_id,datetime,annee,mois,jour,heure,minute,departement,commune_insee,adresse,latitude,longitude,luminosite,agglomeration,intersection,meteo,collision,catr,circ,nbv,vosp,prof,plan,surf,infra,situ,vma,nb_vehicules,nb_usagers,nb_indemnes,nb_tues,nb_blesses_hosp,nb_blesses_legers,age_cond_1,age_cond_2,veh_type_cond_1,veh_type_cond_2,lum_code,agg_code,int_code,atm_code,col_code
201900030968,2019-05-02 10:40:00,2019,5,2,10,40,32,32013,ANCIEN FOIRAIL (PLACE),43.64862,0.58356,Plein jour,En agglomération,Hors intersection,Normale,Sans collision,4,2,3,0,2,1,1,0,1,50,1,2,1,0,1,0,63.0,,voiture,,1,2,1,1,7
201900030969,2019-05-01 10:00:00,2019,5,1,10,0,32,32013,PIERRE DE MONTESQUIOU (AVENUE),43.63641,0.58948,Plein jour,En agglomération,Hors intersection,Normale,Deux véhicules - côté,4,2,2,0,1,1,1,0,1,50,2,2,1,0,0,1,73.0,61.0,voiture,deux_roues,1,2,1,1,3
201900030970,2019-05-28 16:53:00,2019,5,28,16,53,31,31557,BD GENERAL DE GAULLE,43.58465,1.32514,Plein jour,En agglomération,Hors intersection,Pluie forte,Deux véhicules - frontale,4,2,2,0,1,1,2,0,1,50,2,1,0,0,0,1,14.0,,deux_roues,,1,2,1,3,1
201900030971,2019-05-24 22:20:00,2019,5,24,22,20,31,31555,VA007473 A62,43.65024,1.43214,Nuit avec éclairage non allumé,Hors agglomération,Hors intersection,Pluie forte,Deux véhicules - côté,1,3,3,0,1,1,2,0,1,90,2,2,1,0,0,1,42.0,56.0,voiture,utilitaire_camion,4,1,1,3,3
201900030972,2019-05-26 10:30:00,2019,5,26,10,30,31,31149,ESPLANADE FRANCOIS MITTERRAND ,43.60624,1.33494,Plein jour,Hors agglomération,Hors intersection,Normale,Deux véhicules - côté,2,1,1,1,1,1,1,0,1,50,2,3,2,0,0,1,49.0,83.0,utilitaire_camion,deux_roues,1,1,1,1,3
201900030973,2019-05-24 15:00:00,2019,5,24,15,0,31,31557,PETIT TRAIN (RUE DU),43.58333,1.33554,Plein jour,En agglomération,Hors intersection,Pluie légère,Deux véhicules - frontale,4,2,2,1,1,1,2,0,1,50,2,2,1,0,0,1,67.0,50.0,voiture,deux_roues,1,2,1,2,1
201900030974,2019-05-26 06:10:00,2019,5,26,6,10,31,31555,VA007553 A61,43.5864,1.49598,Nuit avec éclairage non allumé,Hors agglomération,Hors intersection,Pluie légère,Deux véhicules - arrière,1,3,3,0,1,1,1,0,1,90,2,1,0,0,1,0,55.0,,voiture,,4,1,1,2,2
201900030975,2019-05-23 16:00:00,2019,5,23,16,0,31,31555,AV YVES BRUNAUD,43.61766,1.46603,Plein jour,En agglomération,Hors intersection,Normale,Deux véhicules - côté,3,2,2,0,1,1,1,0,1,50,2,3,2,0,1,0,21.0,29.0,voiture,deux_roues,1,2,1,1,3
201900030976,2019-05-23 14:10:00,2019,5,23,14,10,31,31555,Allée Serge RAVANEL,43.59276,1.45261,Plein jour,En agglomération,Hors intersection,Normale,Deux véhicules - côté,4,1,2,0,1,1,1,0,1,50,2,2,0,0,0,2,55.0,77.0,deux_roues,deux_roues,1,2,1,1,3
201900030977,2019-05-23 06:50:00,2019,5,23,6,50,31,31149,BRUNAUD (AVENUE YVES),43.61555,1.34187,Plein jour,En agglomération,Giratoire,Temps éblouissant,Deux véhicules - côté,4,1,2,0,2,1,1,0,1,50,2,2,1,0,0,1,40.0,51.0,voiture,deux_roues,1,2,6,7,3
201900030978,2019-05-21 09:30:00,2019,5,21,9,30,31,31069,Voie lactée (RD902),43.65926,1.36285,Plein jour,Hors agglomération,Hors intersection,Normale,Deux véhicules - côté,3,3,4,0,1,1,1,0,1,90,2,2,1,0,0,1,91.0,57.0,voiture,utilitaire_camion,1,1,1,1,3
201900030979,2019-05-20 18:12:00,2019,5,20,18,12,31,31555,RUE LOUISE WEISS,43.64019,1.45316,Plein jour,En agglomération,Hors intersection,Normale,Autre collision,4,1,1,0,1,1,1,0,1,50,1,2,1,0,0,1,45.0,,voiture,,1,2,1,1,6
201900030980,2019-05-20 08:15:00,2019,5,20,8,15,31,31555,EISENHOWER (AVENUE DU GENERAL),43.56276,1.38882,Plein jour,En agglomération,Hors intersection,Normale,Deux véhicules - côté,3,2,4,0,1,1,1,0,1,70,2,2,1,0,0,1,40.0,34.0,utilitaire_camion,deux_roues,1,2,1,1,3
201900030981,2019-05-19 18:50:00,2019,5,19,18,50,31,31555,VA007331 A620,43.61591,1.41839,Plein jour,Hors agglomération,Hors intersection,Normale,Deux véhicules - arrière,1,3,4,0,1,1,1,0,1,90,2,4,0,0,0,4,29.0,70.0,utilitaire_camion,voiture,1,1,1,1,2
201900030982,2019-05-19 13:40:00,2019,5,19,13,40,31,31555,LYON (AV DE) DU 1AU 37,43.61604,1.4532,Plein jour,En agglomération,Hors intersection,Normale,Deux véhicules - côté,3,2,2,0,1,1,1,0,1,30,2,2,1,0,0,1,51.0,25.0,deux_roues,voiture,1,2,1,1,3
201900030983,2019-05-17 15:45:00,2019,5,17,15,45,31,31555,RTE DE LAUNAGUET,43.63402,1.43881,Plein jour,En agglomération,Hors intersection,Normale,Trois véhicules et plus - en chaîne,3,2,2,0,1,1,2,0,1,50,3,3,2,0,0,1,25.0,24.0,utilitaire_camion,voiture,1,2,1,1,4
201900030984,2019-05-17 07:02:00,2019,5,17,7,2,31,31555,AV SALVADOR ALLENDE ,43.65991,1.42229,Plein jour,En agglomération,Intersection en T,Pluie forte,Trois véhicules et plus - en chaîne,3,2,2,0,1,1,2,0,1,50,3,3,2,0,0,1,24.0,47.0,voiture,voiture,1,2,3,3,4
201900030985,2019-05-16 07:25:00,2019,5,16,7,25,31,31555,CHE DE FENOUILLET,43.636,1.42054,Plein jour,En agglomération,Hors intersection,Normale,Trois véhicules et plus - en chaîne,4,2,2,0,1,1,1,0,1,50,3,3,2,0,0,1,27.0,52.0,voiture,deux_roues,1,2,1,1,4
201900030986,2019-05-15 22:50:00,2019,5,15,22,50,31,31555,RTE DE SEYSSES,43.57038,1.41629,Nuit avec éclairage allumé,En agglomération,Hors intersection,Normale,Deux véhicules - côté,3,2,2,1,1,1,1,0,1,50,2,4,3,0,0,1,24.0,25.0,voiture,voiture,5,2,1,1,3
201900030987,2019-05-15 19:35:00,2019,5,15,19,35,31,31555,AV DE FRONTON,43.64771,1.43304,Plein jour,En agglomération,Hors intersection,Normale,Autre collision,3,2,2,0,1,1,1,0,1,50,1,2,1,0,0,1,77.0,,utilitaire_camion,,1,2,1,1,6
201900030988,2019-05-15 15:14:00,2019,5,15,15,14,31,31555,NARBONNE (ROUTE DE),43.570893,1.454496,Plein jour,En agglomération,Hors intersection,Normale,Deux véhicules - arrière,4,2,2,0,1,1,1,0,1,50,2,4,2,0,0,2,30.0,24.0,utilitaire_camion,utilitaire_camion,1,2,1,1,2
201900030989,2019-05-15 12:55:00,2019,5,15,12,55,31,31555,RTE D AGDE,43.62708,1.47737,Plein jour,En agglomération,Giratoire,Normale,Deux véhicules - côté,3,3,4,0,1,1,1,0,1,50,2,5,2,0,0,3,43.0,48.0,voiture,transport_commun,1,2,6,1,3
201900030990,2019-05-14 19:00:00,2019,5,14,19,0,31,31555,AV DE GRANDE BRETAGNE,43.59859,1.4183,Plein jour,En agglomération,Hors intersection,Normale,Autre collision,4,2,4,0,1,1,1,0,1,50,1,2,1,0,0,1,24.0,,voiture,,1,2,1,1,6
201900030991,2019-05-14 08:38:00,2019,5,14,8,38,31,31555,VA007331 A620,43.6013,1.3982,Plein jour,Hors agglomération,Hors intersection,Normale,Deux véhicules - arrière,1,3,6,0,1,1,1,0,1,90,2,2,0,0,0,2,39.0,53.0,voiture,voiture,1,1,1,1,2
201900030992,2019-05-13 19:30:00,2019,5,13,19,30,31,31555,RUE DE SAINTONGE,43.58209,1.41148,Plein jour,En agglomération,Hors intersection,Normale,Deux véhicules - côté,4,2,2,0,1,1,1,0,1,50,2,1,0,0,0,1,10.0,,deux_roues,,1,2,1,1,3
201900030993,2019-05-13 17:47:00,2019,5,13,17,47,31,31555,ETATS UNIS (AV DES) DU 1AU 281,43.62815,1.4332,Plein jour,En agglomération,Hors intersection,Normale,Deux véhicules - côté,3,3,2,0,1,1,1,0,1,50,2,2,1,0,0,1,43.0,27.0,deux_roues,voiture,1,2,1,1,3
201900030994,2019-05-13 08:45:00,2019,5,13,8,45,31,31555,PL EDOUARD BOUILLIERE,43.56745,1.39469,Plein jour,En agglomération,Hors intersection,Normale,Autre collision,4,2,2,0,1,1,1,0,1,30,1,2,1,0,1,0,66.0,,utilitaire_camion,,1,2,1,1,6
201900030995,2019-05-12 14:00:00,2019,5,12,14,0,31,31555,AV CRAMPEL,43.58744,1.45979,Plein jour,En agglomération,Intersection en Y,Normale,Deux véhicules - côté,4,1,1,0,1,1,1,0,1,50,2,1,0,0,1,0,51.0,,deux_roues,,1,2,4,1,3
201900030996,2019-05-12 02:00:00,2019,5,12,2,0,31,31149,CORNEBARRIEU (ROUTE DE),43.6196,1.3368,Nuit avec éclairage non allumé,En agglomération,Hors intersection,Normale,Autre collision,3,2,2,0,1,3,1,0,1,50,1,4,2,0,0,2,29.0,,voiture,,4,2,1,1,6
201900030997,2019-05-11 15:50:00,2019,5,11,15,50,31,31555,RUE DU POLE,43.64748,1.42032,Plein jour,En agglomération,Hors intersection,Normale,Deux véhicules - côté,4,2,2,0,1,2,1,0,1,50,2,2,1,0,1,0,36.0,32.0,deux_roues,voiture,1,2,1,1,3
201900030998,2019-05-11 07:50:00,2019,5,11,7,50,31,31555,VA007331 A620,43.56922,1.42316,Plein jour,Hors agglomération,Hors intersection,Normale,Deux véhicules - arrière,1,3,6,0,1,1,1,0,1,90,2,2,0,0,0,2,22.0,57.0,utilitaire_camion,voiture,1,1,1,1,2
201900030999,2019-05-11 03:00:00,2019,5,11,3,0,31,31555,VA007473 A62,43.65022,1.42241,Nuit sans éclairage public,Hors agglomération,Hors intersection,Normale,Deux véhicules - arrière,1,3,6,0,2,3,2,0,1,90,2,3,1,0,1,1,30.0,23.0,utilitaire_camion,voiture,3,1,1,1,2
201900031000,2019-05-10 17:00:00,2019,5,10,17,0,31,31555,PLANA (RUE LOUIS) DU 2AU 170,43.61522,1.47459,Plein jour,En agglomération,Hors intersection,Normale,Deux véhicules - côté,4,2,2,0,1,1,1,0,1,50,2,2,1,0,0,1,19.0,45.0,deux_roues,utilitaire_camion,1,2,1,1,3
201900031001,2019-05-08 06:40:00,2019,5,8,6,40,31,31555,RTE D AGDE,43.62813,1.4794,Crépuscule ou aube,En agglomération,Intersection en X,Pluie légère,Deux véhicules - côté,4,1,3,0,1,1,2,0,1,50,2,4,3,0,0,1,33.0,25.0,voiture,voiture,2,2,2,2,3
201900031002,2019-05-08 22:25:00,2019,5,8,22,25,31,31555,RTE DE SEYSSES,43.56098,1.40522,Nuit avec éclairage allumé,En agglomération,Hors intersection,Normale,Deux véhicules - côté,4,2,2,0,1,1,1,0,1,50,2,4,2,0,0,2,59.0,27.0,voiture,voiture,5,2,1,1,3
201900031003,2019-05-03 19:10:00,2019,5,3,19,10,31,31555,RUE PAUL GAUGUIN,43.56326,1.40275,Plein jour,En agglomération,Hors intersection,Normale,Deux véhicules - arrière,4,2,2,0,1,1,1,0,1,50,2,2,1,0,1,0,15.0,21.0,deux_roues,voiture,1,2,1,1,2
201900031004,2019-05-02 14:15:00,2019,5,2,14,15,31,31555,RUE LOUIS VITET,43.59519,1.45893,Plein jour,En agglomération,Hors intersection,Normale,Autre collision,4,2,2,0,1,1,1,0,1,50,1,2,1,0,0,1,21.0,,utilitaire_camion,,1,2,1,1,6
201900031005,2019-05-02 09:45:00,2019,5,2,9,45,31,31555,VA007553 A61,43.62097,1.48136,Plein jour,Hors agglomération,Hors intersection,Normale,Deux véhicules - côté,1,3,3,0,1,1,1,0,1,90,2,2,1,0,0,1,54.0,40.0,voiture,utilitaire_camion,1,1,1,1,3
201900031006,2019-05-01 16:15:00,2019,5,1,16,15,31,31555,ETATS UNIS (AV DES) DU 1AU 281,43.66588,1.41264,Plein jour,En agglomération,Hors intersection,Normale,Sans collision,3,2,2,0,1,1,1,0,1,50,1,2,1,0,0,1,38.0,,voiture,,1,2,1,1,7
201900031007,2019-05-02 23:00:00,2019,5,2,23,0,31,31555,RTE D ESPAGNE,43.57057,1.42441,Nuit sans éclairage public,En agglomération,Hors intersection,Normale,Autre collision,4,2,2,0,1,1,1,0,1,50,1,2,1,0,0,1,41.0,,voiture,,3,2,1,1,6
201900031008,2019-05-01 17:40:00,2019,5,1,17,40,31,31555,CHE DU SANG DE SERP,43.6162,1.42803,Plein jour,En agglomération,Hors intersection,Normale,Deux véhicules - frontale,4,2,2,0,1,1,1,0,1,50,2,4,3,0,0,1,29.0,30.0,voiture,voiture,1,2,1,1,1
201900031009,2019-04-30 16:15:00,2019,4,30,16,15,31,31557,CHEMIN DE FOURNALIS,43.59056,1.31662,Plein jour,En agglomération,Hors intersection,Normale,Autre collision,4,2,2,0,1,1,1,0,1,50,1,2,1,0,0,1,52.0,,voiture,,1,2,1,1,6
201900031010,2019-04-30 22:15:00,2019,4,30,22,15,31,31555,PORT ST ETIENNE ,43.599,1.4566,Nuit avec éclairage allumé,En agglomération,Hors intersection,Normale,Deux véhicules - arrière,4,1,3,0,1,1,1,0,1,50,2,2,1,0,1,0,30.0,37.0,voiture,deux_roues,5,2,1,1,2
201900031011,2019-04-30 16:35:00,2019,4,30,16,35,31,31555,AV JEAN RIEUX,43.59831,1.45679,Plein jour,En agglomération,Hors intersection,Normale,Deux véhicules - côté,4,2,3,0,1,1,1,0,1,50,2,2,1,0,0,1,28.0,20.0,voiture,voiture,1,2,1,1,3
201900031012,2019-04-29 11:15:00,2019,4,29,11,15,31,31555,ROND POINT LEON LAJAUNIE,43.55637,1.40659,Plein jour,En agglomération,Autre intersection,Normale,Sans collision,3,1,2,0,1,2,1,0,1,50,1,1,0,0,1,0,40.0,,utilitaire_camion,,1,2,9,1,7
201900031013,2019-04-26 18:30:00,2019,4,26,18,30,31,31555,VA007331 A620,43.57077,1.43222,Plein jour,Hors agglomération,Hors intersection,Normale,Trois véhicules et plus - en chaîne,1,3,3,0,1,1,2,0,1,80,5,5,4,0,0,1,38.0,32.0,voiture,utilitaire_camion,1,1,1,1,4
201900031014,2019-04-26 12:31:00,2019,4,26,12,31,31,31555,RUE STALINGRAD,43.60934,1.45119,Plein jour,En agglomération,Intersection en X,Pluie légère,Deux véhicules - côté,4,1,1,0,1,1,1,0,1,50,2,1,0,0,0,1,33.0,,deux_roues,,1,2,2,2,3
201900031015,2019-05-29 17:34:00,2019,5,29,17,34,31,31483,CAGIRE (AVENUE DU),43.1353,0.72169,Plein jour,Hors agglomération,Hors intersection,Normale,Deux véhicules - frontale,4,2,2,0,3,1,1,0,1,80,2,3,0,0,1,2,31.0,21.0,voiture,voiture,1,1,1,1,1
201900031016,2019-05-12 14:07:00,2019,5,12,14,7,31,31483,BARBASTRO (PLACE),43.10777,0.72628,Plein jour,En agglomération,Place,Normale,Deux véhicules - côté,4,-1,1,0,2,1,1,0,1,30,2,2,1,0,0,1,33.0,69.0,deux_roues,utilitaire_camion,1,2,7,1,3
201900031017,2019-05-29 22:40:00,2019,5,29,22,40,30,30189,JAURES JEAN (BOULEVARD),43.83346,4.35168,Nuit avec éclairage allumé,En agglomération,Intersection en X,Normale,Deux véhicules - côté,4,1,0,0,1,1,1,0,1,50,2,3,1,0,0,2,55.0,30.0,voiture,voiture,5,2,2,1,3
201900031018,2019-05-22 11:17:00,2019,5,22,11,17,30,30189,PROUVE JEAN (AVENUE),43.8141,4.3525,Plein jour,En agglomération,Hors intersection,Normale,Autre collision,7,1,1,0,1,1,1,0,1,50,1,2,1,0,1,0,63.0,,voiture,,1,2,1,1,6
201900031019,2019-11-06 16:15:00,2019,11,6,16,15,32,32013,TOULOUSE (ROUTE DE),43.65288,0.60901,Plein jour,En agglomération,Hors intersection,Normale,Deux véhicules - côté,3,2,2,0,2,4,1,0,3,50,2,2,1,0,0,1,30.0,42.0,voiture,utilitaire_camion,1,2,1,1,3
201900031020,2019-11-11 00:15:00,2019,11,11,0,15,30,30007,CYPRES (MONTEE DES),44.10135,4.0806,Nuit sans éclairage public,En agglomération,Hors intersection,Normale,Deux véhicules - côté,4,2,0,0,2,2,1,0,1,50,2,2,1,0,0,1,46.0,24.0,voiture,voiture,3,2,1,1,3
201900031021,2019-11-09 11:35:00,2019,11,9,11,35,29,29019,BRAILLE,48.40478,-4.47094,Plein jour,En agglomération,Hors intersection,Pluie forte,Sans collision,4,2,2,0,1,3,2,0,1,50,1,1,0,0,1,0,84.0,,utilitaire_camion,,1,2,1,3,7
201900031022,2019-11-10 18:47:00,2019,11,10,18,47,17,17299,GAMBETTA RUE,45.94014,-0.971114,Nuit avec éclairage allumé,En agglomération,Hors intersection,Normale,Autre collision,4,2,2,0,1,1,1,0,1,50,1,2,1,0,0,1,65.0,,voiture,,5,2,1,1,6
201900031023,2019-11-10 08:00:00,2019,11,10,8,0,13,13212,DOCTEUR CAUVIN (RUE),43.301,5.41719,Plein jour,En agglomération,Hors intersection,Normale,Autre collision,4,1,1,0,1,3,1,0,1,50,1,1,0,0,0,1,23.0,,voiture,,1,2,1,1,6
201900031024,2019-11-10 16:50:00,2019,11,10,16,50,6,06027,PINEDE RUE DE LA,43.656766,7.158428,Plein jour,En agglomération,Intersection en T,Normale,Deux véhicules - côté,4,1,1,0,1,1,1,0,1,50,2,2,1,0,0,1,27.0,42.0,deux_roues,voiture,1,2,3,1,3
201900031025,2019-11-10 15:52:00,2019,11,10,15,52,6,06123,GUYNEMER AVENUE,43.661083,7.196186,Plein jour,En agglomération,Hors intersection,Normale,Autre collision,4,2,2,0,1,1,1,0,1,50,1,5,4,0,1,0,18.0,,voiture,,1,2,1,1,6
201900031026,2019-11-09 11:15:00,2019,11,9,11,15,75,75120,BD PERIPHERIQUE INTERIEUR,48.860823,2.413832,Plein jour,En agglomération,Hors intersection,Normale,Trois véhicules et plus - en chaîne,4,1,4,0,1,1,1,0,1,70,4,4,2,0,0,2,43.0,24.0,utilitaire_camion,voiture,1,2,1,1,4
201900031027,2019-11-08 09:15:00,2019,11,8,9,15,75,75112,BD PERIPHERIQUE INTERIEUR,48.826635,2.388995,Plein jour,En agglomération,Hors intersection,Normale,Deux véhicules - côté,4,1,5,0,1,1,1,2,1,70,2,2,1,0,0,1,29.0,64.0,deux_roues,deux_roues,1,2,1,1,3
201900031028,2019-11-10 14:10:00,2019,11,10,14,10,75,75119,RUE MEYNADIER,48.883613,2.383491,Plein jour,En agglomération,Hors intersection,Pluie légère,Deux véhicules - côté,4,2,2,0,1,1,2,0,1,50,2,2,1,0,0,1,37.0,32.0,deux_roues,voiture,1,2,1,2,3
201900031029,2019-11-10 04:40:00,2019,11,10,4,40,75,75118,BOULEVARD NEY,48.898644,2.35749,Nuit avec éclairage allumé,En agglomération,Hors intersection,Pluie légère,Deux véhicules - arrière,4,2,4,0,2,1,2,0,1,50,2,4,3,0,0,1,24.0,25.0,voiture,voiture,5,2,1,2,2
201900031030,2019-11-09 12:40:00,2019,11,9,12,40,75,75118,RUE JEAN FRANCOIS LEPINE,48.886047,2.35661,Plein jour,En agglomération,Intersection en X,Normale,Autre collision,4,2,2,0,1,1,1,0,1,30,1,2,1,0,0,1,41.0,,utilitaire_camion,,1,2,2,1,6
201900031031,2019-11-09 18:20:00,2019,11,9,18,20,75,75117,AVENUE DE VILLIERS,48.884249,2.302656,Nuit avec éclairage allumé,En agglomération,Place,Normale,Deux véhicules - côté,4,2,2,-1,1,1,1,0,1,30,2,3,2,0,0,1,59.0,34.0,deux_roues,voiture,5,2,7,1,3
201900031032,2019-11-09 12:00:00,2019,11,9,12,0,75,75109,RUE DU FAUBOURG MONTMARTRE,48.8766588,2.3394497,Plein jour,En agglomération,Intersection en Y,Normale,Autre collision,4,1,2,-1,2,2,1,0,1,30,1,2,1,0,0,1,20.0,,deux_roues,,1,2,4,1,6
201900031033,2019-11-09 20:00:00,2019,11,9,20,0,75,75109,RUE DE MOGADOR,48.87427,2.331333,Nuit avec éclairage allumé,En agglomération,Intersection en X,Normale,Autre collision,4,1,2,-1,1,1,1,0,1,50,3,6,2,0,0,4,55.0,47.0,voiture,voiture,5,2,2,1,6
201900031034,2019-11-10 15:10:00,2019,11,10,15,10,94,94028,CORBIERES(RUE DES),48.77171,2.46853,Plein jour,En agglomération,Autre intersection,Temps couvert,Deux véhicules - côté,9,2,2,0,2,1,2,0,1,50,2,2,1,0,0,1,19.0,19.0,voiture,deux_roues,1,2,9,8,3
201900031035,2019-11-09 10:40:00,2019,11,9,10,40,93,93032,GENERAL DE GAULLE  (PLACE DU),48.8871,2.53613,Plein jour,En agglomération,Autre intersection,Normale,Autre collision,6,-1,0,0,1,1,1,9,8,20,1,2,1,0,1,0,29.0,,utilitaire_camion,,1,2,9,1,6
201900031036,2019-11-10 12:50:00,2019,11,10,12,50,93,93047,EMILE COSSONEAU (AVENUE),48.89803,2.55303,Plein jour,En agglomération,Hors intersection,Pluie légère,Deux véhicules - arrière,4,1,1,0,1,1,2,0,1,50,2,2,1,0,0,1,35.0,39.0,voiture,deux_roues,1,2,1,2,2
201900031037,2019-11-10 12:50:00,2019,11,10,12,50,92,92073,DASSAULT (QUAI MARCEL),48.86038,2.22464,Plein jour,En agglomération,Hors intersection,Pluie légère,Deux véhicules - côté,3,2,4,0,1,2,2,0,1,50,2,2,1,0,0,1,29.0,22.0,voiture,deux_roues,1,2,1,2,3
201900031038,2019-11-09 18:00:00,2019,11,9,18,0,52,52287,Place de la Halle,48.139945,5.561038,Crépuscule ou aube,En agglomération,Hors intersection,Normale,Deux véhicules - frontale,3,2,2,0,1,2,1,0,1,50,2,2,1,0,1,0,52.0,56.0,voiture,deux_roues,2,2,1,1,1
201900031039,2019-10-27 09:15:00,2019,10,27,9,15,17,17442,Route de Saintonge,45.628096,-0.778245,Plein jour,Hors agglomération,Hors intersection,Normale,Deux véhicules - côté,3,2,2,0,1,1,1,0,1,80,2,2,1,0,1,0,34.0,64.0,voiture,deux_roues,1,1,1,1,3
201900031040,2019-11-11 12:25:00,2019,11,11,12,25,81,81098,RD 112,43.622806,2.133821,Plein jour,Hors agglomération,Hors intersection,Normale,Autre collision,3,2,2,0,1,1,1,0,3,80,1,1,0,0,1,0,71.0,,voiture,,1,1,1,1,6
201900031041,2019-11-10 22:00:00,2019,11,10,22,0,27,27355,Lieu Dit la Malmaison,48.89163,1.429825,Nuit sans éclairage public,Hors agglomération,Hors intersection,Normale,Autre collision,3,2,2,0,1,2,2,0,3,70,1,1,0,1,0,0,53.0,,voiture,,3,1,1,1,6
201900031042,2019-11-11 15:45:00,2019,11,11,15,45,14,14061,Sortie 41 A 84 - Les Perelles - SAINT OUEN DES BESACES,49.024905,-0.834577,Plein jour,Hors agglomération,Hors intersection,Pluie légère,Sans collision,1,3,4,0,1,3,2,3,1,130,1,1,0,0,0,1,38.0,,deux_roues,,1,1,1,2,7
201900031043,2019-11-10 20:30:00,2019,11,10,20,30,83,83071,645 Route de Saint Honore,43.146559,6.256408,Nuit avec éclairage allumé,Hors agglomération,Giratoire,Pluie forte,Sans collision,3,3,1,0,1,3,2,0,8,80,1,5,4,0,0,1,18.0,,voiture,,5,1,6,3,7
201900031044,2019-11-11 03:14:00,2019,11,11,3,14,77,77069,D607-27 route de PARIS,48.46995,2.60404,Nuit avec éclairage non allumé,En agglomération,Hors intersection,Normale,Autre collision,3,2,2,0,1,1,2,0,1,50,1,3,1,0,0,2,34.0,,voiture,,4,2,1,1,6
201900031045,2019-11-10 06:20:00,2019,11,10,6,20,30,30034,D6113,43.75954,4.497845,Nuit sans éclairage public,Hors agglomération,Hors intersection,Normale,Autre collision,3,2,2,0,1,1,2,0,3,80,1,2,0,0,1,1,27.0,,voiture,,3,1,1,1,6
201900031046,2019-11-10 17:45:00,2019,11,10,17,45,19,19279,D17 Pré rouge,45.267667,1.36087,Nuit sans éclairage public,Hors agglomération,Intersection en T,Brouillard / fumée,Deux véhicules - côté,3,2,2,0,1,1,1,0,1,80,2,2,0,0,1,1,19.0,66.0,voiture,voiture,3,1,3,5,3
201900031047,2019-11-11 18:10:00,2019,11,11,18,10,56,56165,5 Place Lamennais,47.932085,-2.399676,Nuit avec éclairage allumé,En agglomération,Hors intersection,Temps couvert,Autre collision,4,2,2,0,1,3,2,6,1,30,1,2,1,0,0,1,51.0,,voiture,,5,2,1,8,6
201900031048,2019-11-09 14:30:00,2019,11,9,14,30,56,56036,Route de Caudan,47.787287,-3.352984,Plein jour,En agglomération,Hors intersection,Normale,Autre collision,9,2,2,0,1,1,1,0,1,50,1,2,1,0,1,0,45.0,,voiture,,1,2,1,1,6
201900031049,2019-11-10 17:25:00,2019,11,10,17,25,2A,2A271,rt 20 baleone,41.960597,8.81243,Crépuscule ou aube,Hors agglomération,Hors intersection,Pluie légère,Deux véhicules - côté,2,2,2,0,1,1,2,0,1,80,2,6,2,0,1,3,33.0,21.0,voiture,utilitaire_camion,2,1,1,2,3
201900031050,2019-10-22 08:10:00,2019,10,22,8,10,33,33424,Route des Machines,45.17549,-0.90441,Nuit sans éclairage public,Hors agglomération,Intersection en T,Normale,Deux véhicules - côté,3,2,2,0,1,1,1,0,1,-1,2,2,1,0,1,0,70.0,17.0,voiture,deux_roues,3,1,3,1,3
201900031051,2019-11-10 16:00:00,2019,11,10,16,0,11,11116,Cuxac-d'Aude,43.2386,2.999962,Plein jour,Hors agglomération,Hors intersection,Normale,Autre collision,3,2,2,0,1,1,1,0,3,80,1,3,1,0,2,0,31.0,,voiture,,1,1,1,1,6
201900031052,2019-11-11 09:35:00,2019,11,11,9,35,12,12257,D35,44.518477,2.052904,Plein jour,Hors agglomération,Hors intersection,Temps couvert,Autre collision,3,2,2,0,1,1,1,0,1,80,1,1,0,0,0,1,39.0,,deux_roues,,1,1,1,8,6
201900031053,2019-11-11 16:45:00,2019,11,11,16,45,42,42325,D42,45.937095,4.135269,Plein jour,Hors agglomération,Hors intersection,Normale,Autre collision,3,2,2,0,2,2,9,0,1,50,1,2,0,0,2,0,50.0,,deux_roues,,1,1,1,1,6
201900031054,2019-11-10 19:55:00,2019,11,10,19,55,68,68286,D21.3,47.637863,7.526394,Nuit sans éclairage public,Hors agglomération,Autre intersection,Brouillard / fumée,Deux véhicules - frontale,3,2,2,0,1,1,2,0,1,80,2,3,1,0,0,2,19.0,16.0,voiture,deux_roues,3,1,9,5,1
201900031055,2019-11-09 04:00:00,2019,11,9,4,0,44,44087,avenue de la foret,47.000264,-1.799509,Nuit sans éclairage public,Hors agglomération,Hors intersection,Pluie légère,Autre collision,4,2,2,0,1,2,2,0,3,80,1,1,0,0,1,0,22.0,,voiture,,3,1,1,2,6
201900031056,2019-11-11 02:30:00,2019,11,11,2,30,44,44163,Rue d'Anjou,47.380035,-1.11754,Nuit sans éclairage public,Hors agglomération,Hors intersection,Pluie légère,Autre collision,3,2,2,0,1,1,2,0,3,80,1,2,1,0,1,0,31.0,,voiture,,3,1,1,2,6
201900031057,2019-11-11 18:12:00,2019,11,11,18,12,3,03062,,46.1825799,3.1905052,Nuit sans éclairage public,Hors agglomération,Hors intersection,Pluie légère,Autre collision,3,2,2,0,2,1,2,0,1,80,1,1,0,0,1,0,50.0,,voiture,,3,1,1,2,6
201900031058,2019-11-05 07:45:00,2019,11,5,7,45,90,90104,Rue de Brebotte,47.606414,6.922209,Plein jour,En agglomération,Hors intersection,Normale,Trois véhicules et plus - en chaîne,3,2,2,0,1,1,2,0,1,50,3,4,3,0,1,0,49.0,53.0,voiture,utilitaire_camion,1,2,1,1,4
201900031059,2019-11-11 16:15:00,2019,11,11,16,15,60,60477,D2,49.413439,1.939693,Plein jour,Hors agglomération,Hors intersection,Pluie légère,Autre collision,3,2,2,0,1,1,2,0,1,80,1,4,0,0,0,4,20.0,,voiture,,1,1,1,2,6