accident_id,datetime,annee,mois,jour,heure,minute,departement,commune_insee,adresse,latitude,longitude,luminosite,agglomeration,intersection,meteo,collision,catr,circ,nbv,vosp,prof,plan,surf,infra,situ,vma,nb_vehicules,nb_usagers,nb_indemnes,nb_tues,nb_blesses_hosp,nb_blesses_legers,age_cond_1,age_cond_2,veh_type_cond_1,veh_type_cond_2,lum_code,agg_code,int_code,atm_code,col_code
201900031060,2019-11-10 23:10:00,2019,11,10,23,10,53,53185,D176,48.464921,-0.237347,Nuit sans éclairage public,Hors agglomération,Hors intersection,Temps couvert,Deux véhicules - frontale,3,2,2,0,1,1,2,0,1,80,2,5,0,0,2,3,39.0,26.0,voiture,utilitaire_camion,3,1,1,8,1
201900031061,2019-10-20 11:45:00,2019,10,20,11,45,40,40152,Avenue de l'Océan,43.962144,-1.00332,Plein jour,Hors agglomération,Hors intersection,Temps couvert,Deux véhicules - côté,3,2,2,0,1,3,2,0,1,80,2,2,1,0,1,0,53.0,80.0,voiture,voiture,1,1,1,8,3
201900031062,2019-11-10 18:45:00,2019,11,10,18,45,23,23106,grand rue,46.238212,2.386378,Nuit avec éclairage allumé,En agglomération,Hors intersection,Normale,Autre collision,3,2,2,0,1,2,1,0,4,50,1,1,0,1,0,0,40.0,,voiture,,5,2,1,1,6
201900031063,2019-11-10 18:33:00,2019,11,10,18,33,88,88465,Rue Pierre de Coubertin,48.246509,6.426377,Nuit avec éclairage allumé,En agglomération,Hors intersection,Normale,Autre collision,4,3,2,1,1,1,1,0,1,50,1,2,1,0,1,0,63.0,,voiture,,5,2,1,1,6
201900031064,2019-11-11 17:10:00,2019,11,11,17,10,60,60082,A16 PK 101.600,49.6830545,2.2189404,Crépuscule ou aube,Hors agglomération,Hors intersection,Neige / grêle,Autre collision,1,3,4,0,1,1,2,0,1,130,2,5,3,0,2,0,25.0,,voiture,,2,1,1,4,6
201900031065,2019-11-04 06:40:00,2019,11,4,6,40,34,34294,"Autoroute A9, PK 78 sens Nimes vers Montpellier.",43.703835,4.117738,Nuit sans éclairage public,Hors agglomération,Hors intersection,Normale,Trois véhicules et plus - en chaîne,1,3,3,0,1,1,1,0,1,130,3,4,3,0,0,1,38.0,40.0,voiture,utilitaire_camion,3,1,1,1,4
201900031066,2019-11-10 21:00:00,2019,11,10,21,0,971,97103,Rue Gabriel Agapéé,16.245953,-61.594949,Nuit avec éclairage allumé,En agglomération,Hors intersection,Normale,Autre collision,4,2,2,0,1,1,1,0,8,-1,1,1,0,0,1,0,36.0,,voiture,,5,2,1,1,6
201900031067,2019-11-11 06:30:00,2019,11,11,6,30,27,27517,A13,49.119467,1.330229,Nuit sans éclairage public,Hors agglomération,Hors intersection,Normale,Sans collision,1,3,4,0,1,1,1,0,1,130,1,4,1,0,1,2,36.0,,voiture,,3,1,1,1,7
201900031068,2019-05-12 15:00:00,2019,5,12,15,0,987,98729,pk 16 route de ceinture de MOOREA,-17.533189,-149.838611,Plein jour,En agglomération,Autre intersection,Normale,Deux véhicules - arrière,2,2,2,0,1,1,1,0,1,60,2,2,1,0,1,0,19.0,46.0,deux_roues,voiture,1,2,9,1,2
201900031069,2019-11-10 07:20:00,2019,11,10,7,20,988,98831,R.T.1,-20.889265,164.676265,Plein jour,Hors agglomération,Hors intersection,Normale,Autre collision,2,2,2,0,4,1,1,0,3,90,1,1,0,0,1,0,19.0,,utilitaire_camion,,1,1,1,1,6
201900031070,2019-11-09 17:30:00,2019,11,9,17,30,974,97415,9 Chemin Melchior,-20.991573,55.323076,Plein jour,En agglomération,Hors intersection,Normale,Sans collision,4,2,2,0,1,1,1,0,1,50,1,1,0,0,1,0,59.0,,deux_roues,,1,2,1,1,7
201900031071,2019-11-11 07:30:00,2019,11,11,7,30,974,97420,53 Chemin Commune Ango,-20.93635,55.62932,Plein jour,Hors agglomération,Hors intersection,Normale,Autre collision,4,2,2,0,2,4,1,9,8,90,1,2,0,1,1,0,23.0,,deux_roues,,1,1,1,1,6
201900031072,2019-11-04 18:10:00,2019,11,4,18,10,21,21540,Rue des Longènes,47.325964,5.078786,Nuit sans éclairage public,En agglomération,Giratoire,Pluie légère,Deux véhicules - côté,3,3,4,0,1,2,2,0,1,50,2,2,1,0,1,0,54.0,78.0,voiture,deux_roues,3,2,6,2,3
201900031073,2019-11-04 17:55:00,2019,11,4,17,55,21,21540,19 Rue Champ Prieur / D125,47.3311173,5.0926706,Nuit sans éclairage public,En agglomération,Intersection en T,Pluie légère,Autre collision,3,2,2,0,1,3,2,9,1,50,1,2,1,0,1,0,62.0,,voiture,,3,2,3,2,6
201900031074,2019-11-11 15:35:00,2019,11,11,15,35,84,84034,1 Faubourg Saint Sébastien,43.892753,4.944507,Plein jour,En agglomération,Hors intersection,Normale,Deux véhicules - frontale,4,2,2,0,1,4,1,0,1,30,2,4,3,0,0,1,16.0,65.0,voiture,voiture,1,2,1,1,1
201900031075,2019-11-11 07:30:00,2019,11,11,7,30,33,33268,D2,45.045039,-0.683858,Crépuscule ou aube,Hors agglomération,Hors intersection,Pluie légère,Deux véhicules - côté,3,2,2,0,1,2,2,0,1,80,2,2,1,0,0,1,53.0,47.0,voiture,voiture,2,1,1,2,3
201900031076,2019-11-09 11:00:00,2019,11,9,11,0,56,56007,7 Avenue du Général de Gaulle,47.671501,-2.991373,Plein jour,En agglomération,Hors intersection,Pluie légère,Autre collision,4,2,2,0,1,1,2,0,1,50,1,2,1,0,1,0,75.0,,voiture,,1,2,1,2,6
201900031077,2019-11-11 14:50:00,2019,11,11,14,50,22,22198,D21,48.7733877,-3.5203692,Plein jour,En agglomération,Giratoire,Temps couvert,Deux véhicules - côté,3,2,2,0,1,1,1,0,1,50,2,2,1,1,0,0,16.0,87.0,deux_roues,voiture,1,2,6,8,3
201900031078,2019-11-11 16:10:00,2019,11,11,16,10,60,60446,21 Rue de Crepy,49.1472661,2.8097549,Plein jour,En agglomération,Hors intersection,Pluie légère,Deux véhicules - arrière,2,3,4,0,1,1,2,0,1,110,2,4,0,0,0,4,38.0,19.0,voiture,voiture,1,2,1,2,2
201900031079,2019-10-17 22:35:00,2019,10,17,22,35,60,60372,D149,49.5533612,2.0979585,Nuit sans éclairage public,Hors agglomération,Intersection en X,Temps couvert,Deux véhicules - côté,3,2,2,0,1,1,2,5,3,-1,2,3,2,0,0,1,77.0,42.0,voiture,voiture,3,1,2,8,3
201900031080,2019-11-09 21:01:00,2019,11,9,21,1,13,13215,A7-Sens Marseille vers Lyon,43.37371,5.36099,Nuit sans éclairage public,Hors agglomération,Hors intersection,Normale,Deux véhicules - arrière,1,-1,4,0,1,2,1,0,1,90,2,3,1,0,0,2,65.0,23.0,voiture,voiture,3,1,1,1,2
201900031081,2019-11-10 04:00:00,2019,11,10,4,0,69,69199,A7   7.000 A 8.630,45.686846,4.846493,Nuit sans éclairage public,Hors agglomération,Hors intersection,Pluie légère,Deux véhicules - arrière,1,1,3,0,1,1,2,0,1,90,2,2,1,0,0,1,28.0,,voiture,,3,1,1,2,2
201900031082,2019-11-10 03:25:00,2019,11,10,3,25,69,69266,RD383   3.750 A 7.640,45.76772,4.90472,Nuit avec éclairage allumé,Hors agglomération,Hors intersection,Pluie légère,Trois véhicules et plus - collisions multiples,3,1,3,0,1,1,2,0,1,70,3,4,2,0,0,2,19.0,27.0,voiture,voiture,5,1,1,2,5
201900031083,2019-11-09 04:00:00,2019,11,9,4,0,69,69275,RN346   29.300 A 34.350,45.76108,4.98522,Nuit avec éclairage non allumé,Hors agglomération,Hors intersection,Normale,Deux véhicules - côté,2,3,4,0,1,1,1,0,1,90,2,5,2,0,0,3,31.0,59.0,voiture,utilitaire_camion,4,1,1,1,3
201900031084,2019-11-10 13:30:00,2019,11,10,13,30,91,91086,RN 104,48.6232,2.3847,Plein jour,Hors agglomération,Hors intersection,Normale,Sans collision,2,1,2,0,1,1,2,0,1,90,1,1,0,0,0,1,27.0,,voiture,,1,1,1,1,7
201900031085,2019-11-10 05:02:00,2019,11,10,5,2,91,91174,RN 104,48.6211,2.4614,Nuit sans éclairage public,Hors agglomération,Hors intersection,Pluie légère,Deux véhicules - arrière,2,1,4,0,2,1,2,0,1,110,2,6,5,0,0,1,28.0,32.0,voiture,autre,3,1,1,2,2
201900031086,2019-11-09 19:40:00,2019,11,9,19,40,91,91617,RN 104,48.631863,2.49981,Nuit sans éclairage public,Hors agglomération,Hors intersection,Pluie légère,Deux véhicules - côté,2,1,2,0,1,1,2,0,1,110,2,4,2,0,0,2,35.0,34.0,utilitaire_camion,voiture,3,1,1,2,3
201900031087,2019-11-09 19:16:00,2019,11,9,19,16,92,92050,A86,48.901696,2.2029337,Nuit sans éclairage public,Hors agglomération,Hors intersection,Normale,Deux véhicules - arrière,1,3,4,0,1,1,1,0,1,90,2,3,1,0,0,2,35.0,38.0,voiture,voiture,3,1,1,1,2
201900031088,2019-11-10 07:55:00,2019,11,10,7,55,95,95277,RD 170 ,48.977339,2.4718566,Plein jour,Hors agglomération,Hors intersection,Pluie légère,Autre collision,3,3,4,0,1,1,2,0,1,110,1,2,0,0,0,2,33.0,,voiture,,1,1,1,2,6
201900031089,2019-11-10 04:15:00,2019,11,10,4,15,95,95488,AUTOROUTE A15,49.02534,2.13172,Nuit sans éclairage public,Hors agglomération,Hors intersection,Pluie forte,Autre collision,1,3,6,0,1,1,3,0,1,110,1,3,0,0,0,3,49.0,,voiture,,3,1,1,3,6
201900031090,2019-11-10 21:48:00,2019,11,10,21,48,75,75112,A4,48.8251658,2.463727,Nuit avec éclairage allumé,Hors agglomération,Hors intersection,Normale,Autre collision,1,1,4,0,1,2,1,0,1,90,2,2,1,0,0,1,39.0,31.0,voiture,deux_roues,5,1,1,1,6
201900031091,2019-11-09 09:55:00,2019,11,9,9,55,976,97611,cavani-Rond point du Stade,-12.78406,45.22312,Plein jour,En agglomération,Giratoire,Normale,Autre collision,4,1,0,0,1,1,1,0,1,50,2,2,1,0,0,1,29.0,15.0,voiture,deux_roues,1,2,6,1,6
201900031092,2019-11-06 19:30:00,2019,11,6,19,30,974,97416,LIGNE PARADIS(ROUTE DE LA),-21.30494,55.46248,Nuit avec éclairage allumé,En agglomération,Autre intersection,Normale,Deux véhicules - côté,4,2,2,0,1,1,1,0,1,50,2,2,1,0,1,0,23.0,58.0,deux_roues,voiture,5,2,9,1,3
201900031093,2019-11-09 12:40:00,2019,11,9,12,40,972,97213,ROUTE NATIONALE 1,14.6594,-60.971,Plein jour,Hors agglomération,Giratoire,Normale,Deux véhicules - côté,2,2,2,0,2,1,1,0,1,80,2,2,1,0,1,0,35.0,22.0,deux_roues,voiture,1,1,6,1,3
201900031094,2019-11-09 20:55:00,2019,11,9,20,55,69,69389,ST CYR (DE)                         (R ),45.78247,4.80738,Nuit avec éclairage allumé,En agglomération,Hors intersection,Normale,Autre collision,4,2,4,0,1,1,1,0,1,50,1,1,0,0,0,1,21.0,,voiture,,5,2,1,1,6
201900031095,2019-11-09 16:50:00,2019,11,9,16,50,69,69152,MURIERS (DES)                       (CH),45.6945,4.8248,Crépuscule ou aube,En agglomération,Hors intersection,Normale,Autre collision,6,-1,-1,0,1,1,1,0,1,15,1,2,1,0,0,1,59.0,,voiture,,2,2,1,1,6
201900031096,2019-11-09 14:00:00,2019,11,9,14,0,69,69384,HENRI CHEVALIER (R),45.78332,4.82738,Plein jour,En agglomération,Hors intersection,Normale,Autre collision,4,2,2,0,1,1,1,0,1,50,2,2,1,0,1,0,40.0,47.0,voiture,deux_roues,1,2,1,1,6
201900031097,2019-11-09 05:15:00,2019,11,9,5,15,69,69034,PETIT VERSAILLES (DU)               (MO),45.78948,4.85273,Nuit sans éclairage public,En agglomération,Hors intersection,Normale,Autre collision,4,2,2,0,2,3,1,0,4,50,1,1,0,0,0,1,20.0,,utilitaire_camion,,3,2,1,1,6
201900031098,2019-11-09 09:46:00,2019,11,9,9,46,971,97113,GENERAL DE GAULLE (AVENUE),16.2064,-61.49306,Plein jour,En agglomération,Hors intersection,Normale,Deux véhicules - arrière,3,1,1,0,1,1,1,0,1,50,2,2,1,0,0,1,45.0,,voiture,,1,2,1,1,2
201900031099,2019-11-09 02:08:00,2019,11,9,2,8,971,97113,ROUTE DE PERINET-RD 119,16.20649,-61.48265,Nuit avec éclairage allumé,En agglomération,Hors intersection,Normale,Autre collision,3,2,2,0,1,1,1,0,1,50,1,2,1,0,0,1,45.0,,voiture,,5,2,1,1,6
201900031100,2019-11-09 11:15:00,2019,11,9,11,15,91,91687,VICTOR SCHOELCHER (AVENUE),48.65938,2.37346,Plein jour,En agglomération,Hors intersection,Normale,Deux véhicules - côté,3,1,3,0,1,1,1,2,1,50,2,2,1,0,0,1,26.0,32.0,voiture,voiture,1,2,1,1,3
201900031101,2019-11-08 22:50:00,2019,11,8,22,50,91,91228,RN7,48.627358,2.442795,Nuit sans éclairage public,Hors agglomération,Hors intersection,Normale,Sans collision,2,1,2,0,1,1,1,2,1,90,1,4,0,0,0,4,22.0,,voiture,,3,1,1,1,7
201900031102,2019-11-08 13:15:00,2019,11,8,13,15,91,91027,MITTERAND (AVENUE FRANCOIS) N° 2 A 110,48.70397,2.37159,Plein jour,En agglomération,Hors intersection,Normale,Trois véhicules et plus - collisions multiples,2,2,4,0,1,1,1,0,1,50,4,4,3,0,0,1,42.0,67.0,voiture,voiture,1,2,1,1,5
201900031103,2019-11-08 11:50:00,2019,11,8,11,50,85,85194,CASTELNEAU (BOULEVARD DE),46.4938,-1.77477,Plein jour,En agglomération,Hors intersection,Normale,Autre collision,4,2,2,0,1,3,1,0,1,50,1,3,1,0,1,1,77.0,,voiture,,1,2,1,1,6
201900031104,2019-11-09 09:45:00,2019,11,9,9,45,83,83137,HERRIOT (AVE EDOUARD),43.1292,5.89868,Plein jour,En agglomération,Hors intersection,Normale,Autre collision,4,2,2,0,1,1,1,0,1,50,1,2,1,0,0,1,26.0,,voiture,,1,2,1,1,6
201900031105,2019-11-09 16:50:00,2019,11,9,16,50,77,77083,REPUBLIQUE (BOULEVARD DE LA),48.85512,2.58025,Crépuscule ou aube,En agglomération,Intersection en X,Temps couvert,Deux véhicules - côté,4,2,2,0,1,1,2,0,1,50,2,2,1,0,0,1,31.0,44.0,voiture,deux_roues,2,2,2,8,3
201900031106,2019-11-08 06:15:00,2019,11,8,6,15,77,77143,CREGY LES MEAUX - D405,48.9829918,2.8907203,Nuit sans éclairage public,Hors agglomération,Hors intersection,Normale,Autre collision,3,2,2,0,1,1,1,0,1,80,1,1,0,0,1,0,34.0,,utilitaire_camion,,3,1,1,1,6
201900031107,2019-11-09 09:35:00,2019,11,9,9,35,72,72181,GENDEBIEN OLIVIER (RUE),47.9605,0.19724,Plein jour,En agglomération,Hors intersection,Normale,Deux véhicules - côté,4,2,2,0,2,1,1,0,1,30,2,2,1,0,0,1,49.0,76.0,voiture,deux_roues,1,2,1,1,3
201900031108,2019-11-09 05:40:00,2019,11,9,5,40,64,64102,RUE DU ROYAL (BASTION),43.487,-1.474,Nuit avec éclairage allumé,En agglomération,Hors intersection,Pluie légère,Autre collision,4,3,0,0,1,1,2,9,1,50,1,2,1,0,0,1,60.0,,voiture,,5,2,1,2,6
201900031109,2019-11-09 21:00:00,2019,11,9,21,0,59,59009,VERTE RUE,50.62042,3.12687,Nuit avec éclairage allumé,En agglomération,Giratoire,Normale,Autre collision,4,-1,0,0,1,3,1,0,1,50,1,2,1,0,1,0,39.0,,voiture,,5,2,6,1,6
201900031110,2019-11-09 10:25:00,2019,11,9,10,25,56,56083,JOFFRE (RUE  DU MARECHAL ),47.81024,-3.26595,Plein jour,En agglomération,Hors intersection,Pluie légère,Autre collision,4,2,2,0,1,1,1,0,1,30,1,2,0,0,1,1,82.0,,voiture,,1,2,1,2,6
201900031111,2019-11-09 17:30:00,2019,11,9,17,30,51,51454,RUE DE TINQUEUX,49.24916,4.01204,Nuit avec éclairage allumé,En agglomération,Hors intersection,Normale,Deux véhicules - côté,4,1,0,0,1,1,1,0,1,50,2,1,0,0,0,1,32.0,,deux_roues,,5,2,1,1,3
201900031112,2019-11-08 18:00:00,2019,11,8,18,0,51,51454,BOULEVARD MARCELLIN BERTHELOT,49.27055,4.06932,Nuit avec éclairage allumé,En agglomération,Hors intersection,Normale,Trois véhicules et plus - collisions multiples,4,-1,2,0,1,1,1,0,1,50,3,3,2,0,0,1,28.0,52.0,voiture,utilitaire_camion,5,2,1,1,5
201900031113,2019-11-09 21:00:00,2019,11,9,21,0,50,50218,AVRANCHES (ROUTE D'),48.82478,-1.55831,Nuit sans éclairage public,Hors agglomération,Intersection en X,Temps couvert,Deux véhicules - côté,3,2,3,0,2,1,2,5,1,80,2,3,1,0,0,2,26.0,43.0,voiture,voiture,3,1,2,8,3
201900031114,2019-11-08 16:25:00,2019,11,8,16,25,50,50147,MARNE,49.0399285,-1.4399296,Plein jour,En agglomération,Hors intersection,Normale,Autre collision,4,2,2,0,2,1,1,0,1,50,1,2,1,0,1,0,75.0,,utilitaire_camion,,1,2,1,1,6
201900031115,2019-11-09 06:30:00,2019,11,9,6,30,45,45075,D2152 PR67+1,47.8802686,1.8116821,Nuit sans éclairage public,Hors agglomération,Hors intersection,Temps couvert,Trois véhicules et plus - en chaîne,3,2,2,0,1,1,1,0,1,80,3,3,1,0,0,2,21.0,65.0,voiture,utilitaire_camion,3,1,1,8,4
201900031116,2019-11-09 10:15:00,2019,11,9,10,15,42,42183,LIBERATION (RUE DE LA ),45.40307,4.36377,Plein jour,En agglomération,Hors intersection,Normale,Sans collision,4,2,2,0,2,1,1,0,4,50,1,2,1,0,1,0,19.0,,utilitaire_camion,,1,2,1,1,7
201900031117,2019-11-09 17:20:00,2019,11,9,17,20,37,37233,LENINE (AVENUE),47.3928988,0.7296618,Nuit avec éclairage allumé,En agglomération,Intersection en T,Pluie légère,Sans collision,4,2,2,0,1,1,2,0,1,50,1,1,0,0,0,1,25.0,,deux_roues,,5,2,3,2,7
201900031118,2019-11-09 17:05:00,2019,11,9,17,5,37,37261,TRIBUT (RUE MARCEL),47.38946,0.69831,Crépuscule ou aube,En agglomération,Intersection en X,Pluie légère,Autre collision,4,2,0,0,1,1,2,0,1,50,1,2,0,0,1,1,35.0,,transport_commun,,2,2,2,2,6
201900031119,2019-11-09 06:57:00,2019,11,9,6,57,35,35238,BREST (DE),48.11158,-1.68999,Nuit sans éclairage public,En agglomération,Autre intersection,Normale,Deux véhicules - arrière,4,-1,4,0,1,1,1,0,1,50,2,2,1,0,0,1,32.0,34.0,voiture,voiture,3,2,9,1,2
201900031120,2019-11-09 03:30:00,2019,11,9,3,30,35,35238,SAINT-HELIER,48.10638,-1.66821,Nuit avec éclairage allumé,En agglomération,Hors intersection,Normale,Sans collision,4,2,0,0,1,1,1,0,1,50,1,1,0,0,1,0,25.0,,deux_roues,,5,2,1,1,7
201900031121,2019-11-09 00:16:00,2019,11,9,0,16,34,34172,CARRIEU (RUE MARIUS),43.61625,3.84114,Nuit avec éclairage allumé,En agglomération,Intersection en X,Normale,Trois véhicules et plus - collisions multiples,4,2,2,0,1,1,1,0,1,50,3,3,1,0,0,2,31.0,25.0,voiture,voiture,5,2,2,1,5
201900031122,2019-11-09 15:00:00,2019,11,9,15,0,33,33550,AVE MIRIEU DE LABARRE,44.78705,-0.53632,Plein jour,En agglomération,Hors intersection,Normale,Deux véhicules - côté,4,2,2,0,1,1,1,0,1,50,2,3,2,0,0,1,50.0,61.0,voiture,voiture,1,2,1,1,3
201900031123,2019-11-08 19:00:00,2019,11,8,19,0,29,29232,LE GUENNEC LOUIS BOULEVARD,47.9828954,-4.1108027,Nuit avec éclairage allumé,Hors agglomération,Hors intersection,Normale,Deux véhicules - arrière,3,-1,3,0,1,1,1,0,1,70,2,2,1,0,0,1,27.0,47.0,voiture,voiture,5,1,1,1,2
201900031124,2019-11-09 17:55:00,2019,11,9,17,55,17,17299,QUATRE ANES CENTRE CIAL,45.95382,-0.97652,Nuit avec éclairage allumé,En agglomération,Hors intersection,Pluie légère,Autre collision,6,-1,0,0,1,1,2,0,1,50,1,2,1,0,1,0,38.0,,voiture,,5,2,1,2,6
201900031125,2019-11-09 11:25:00,2019,11,9,11,25,17,17299,DENFERT ROCHEREAU RUE,45.9384594,-0.9665848,Plein jour,En agglomération,Hors intersection,Normale,Autre collision,4,2,2,0,1,1,1,0,1,50,1,1,0,0,1,0,,,,,1,2,1,1,6
201900031126,2019-11-09 18:10:00,2019,11,9,18,10,14,14118,HAMELIN (QUAI AMIRAL),49.18685,-0.37936,Crépuscule ou aube,En agglomération,Hors intersection,Normale,Autre collision,4,2,2,0,1,1,1,0,1,50,1,2,1,0,0,1,16.0,,voiture,,2,2,1,1,6
201900031127,2019-11-06 20:15:00,2019,11,6,20,15,13,13214,DANIEL CASANOVA (BOULEVARD),43.32113,5.37479,Nuit avec éclairage allumé,En agglomération,Autre intersection,Normale,Autre collision,4,2,2,0,1,1,1,0,1,50,1,2,1,0,0,1,39.0,,voiture,,5,2,9,1,6
201900031128,2019-11-08 15:20:00,2019,11,8,15,20,13,13028,DULAC (AVENUE GUILLAUME),43.19383,5.6103,Plein jour,En agglomération,Hors intersection,Normale,Deux véhicules - côté,4,2,1,0,1,1,1,0,1,50,2,2,1,0,1,0,19.0,17.0,utilitaire_camion,deux_roues,1,2,1,1,3
201900031129,2019-11-09 06:20:00,2019,11,9,6,20,6,06088,BELLET (AV. DE),43.692613,7.244109,Nuit avec éclairage allumé,En agglomération,Hors intersection,Normale,Autre collision,4,1,3,0,4,1,1,2,1,50,1,1,0,0,0,1,20.0,,deux_roues,,5,2,1,1,6
201900031130,2019-11-09 16:00:00,2019,11,9,16,0,75,75116,BD PERIPHERIQUE INTERIEUR,48.867343,2.269366,Plein jour,En agglomération,Hors intersection,Normale,Deux véhicules - arrière,4,1,4,0,1,1,1,0,1,70,2,6,5,0,0,1,70.0,48.0,utilitaire_camion,voiture,1,2,1,1,2
201900031131,2019-11-09 19:30:00,2019,11,9,19,30,75,75117,PORTE DE CLICHY,48.8973431,2.3119247,Crépuscule ou aube,En agglomération,Hors intersection,Normale,Trois véhicules et plus - en chaîne,4,1,4,0,1,1,1,0,1,70,3,6,4,0,0,2,30.0,32.0,voiture,voiture,2,2,1,1,4
201900031132,2019-11-09 16:00:00,2019,11,9,16,0,75,75117,BD PERIPHERIQUE INTERIEUR,48.899685,2.31964,Plein jour,En agglomération,Hors intersection,Normale,Deux véhicules - arrière,4,1,4,0,1,1,1,0,1,70,2,3,1,0,0,2,53.0,40.0,voiture,deux_roues,1,2,1,1,2
201900031133,2019-11-09 10:35:00,2019,11,9,10,35,75,75113,BD PERIPHERIQUE EXTERIEUR,48.82158,2.379131,Plein jour,En agglomération,Hors intersection,Normale,Trois véhicules et plus - en chaîne,4,1,4,0,1,1,1,0,1,70,3,8,7,0,0,1,35.0,73.0,voiture,voiture,1,2,1,1,4
201900031134,2019-11-09 08:45:00,2019,11,9,8,45,75,75115,BD PERIPHERIQUE EXTERIEUR,48.831897,2.28169,Plein jour,En agglomération,Hors intersection,Temps éblouissant,Trois véhicules et plus - en chaîne,4,1,3,0,1,1,1,0,1,70,3,3,2,0,0,1,55.0,24.0,voiture,voiture,1,2,1,7,4
201900031135,2019-11-08 18:25:00,2019,11,8,18,25,75,75115,BD PERIPHERIQUE EXTERIEUR,48.8262209,2.2976751,Nuit avec éclairage allumé,En agglomération,Hors intersection,Normale,Deux véhicules - côté,4,1,4,0,1,1,1,0,1,70,2,2,1,0,0,1,23.0,67.0,deux_roues,voiture,5,2,1,1,3
201900031136,2019-11-07 23:20:00,2019,11,7,23,20,75,75118,AVENUE DE LA PORTE DE CLIGNANCOURT,48.9007427,2.34424,Nuit avec éclairage allumé,En agglomération,Intersection en Y,Normale,Deux véhicules - côté,4,2,3,0,1,1,1,0,1,50,2,2,1,0,1,0,25.0,20.0,deux_roues,voiture,5,2,4,1,3
201900031137,2019-11-08 23:10:00,2019,11,8,23,10,75,75120,RUE PELLEPORT,48.8707809,2.3992265,Nuit avec éclairage allumé,En agglomération,Intersection en X,Pluie légère,Deux véhicules - côté,4,2,2,0,2,1,2,0,1,50,2,2,1,0,0,1,27.0,22.0,deux_roues,deux_roues,5,2,2,2,3
201900031138,2019-11-09 17:20:00,2019,11,9,17,20,75,75119,BOULEVARD D ALGERIE,48.883657,2.39699,Crépuscule ou aube,En agglomération,Intersection en X,Normale,Deux véhicules - côté,4,2,4,0,2,1,1,9,1,50,2,6,5,0,0,1,24.0,47.0,voiture,voiture,2,2,2,1,3
201900031139,2019-11-06 13:00:00,2019,11,6,13,0,75,75116,ROUTE DE SURESNES,48.871119,2.272366,Plein jour,En agglomération,Intersection en Y,Normale,Deux véhicules - côté,4,2,2,0,1,2,1,0,1,50,2,3,2,0,0,1,32.0,35.0,utilitaire_camion,deux_roues,1,2,4,1,3
201900031140,2019-11-08 11:00:00,2019,11,8,11,0,75,75115,QUAI ANDRE CITROEN,48.8493686,2.2815406,Plein jour,En agglomération,Place,Normale,Deux véhicules - côté,4,2,4,0,1,1,1,5,1,50,2,2,1,0,0,1,33.0,47.0,voiture,utilitaire_camion,1,2,7,1,3
201900031141,2019-11-09 20:10:00,2019,11,9,20,10,75,75114,AVENUE DENFERT ROCHEREAU,48.8350446,2.3330678,Nuit avec éclairage allumé,En agglomération,Hors intersection,Pluie légère,Deux véhicules - côté,4,2,3,3,1,1,1,0,1,50,2,3,1,0,0,2,31.0,23.0,voiture,deux_roues,5,2,1,2,3
201900031142,2019-11-09 18:50:00,2019,11,9,18,50,75,75114,AVENUE DU MAINE,48.8290741,2.3263764,Crépuscule ou aube,En agglomération,Intersection en Y,Normale,Deux véhicules - côté,4,2,4,3,1,1,1,0,6,50,2,2,1,0,0,1,36.0,29.0,deux_roues,transport_commun,2,2,4,1,3
201900031143,2019-11-09 18:45:00,2019,11,9,18,45,75,75103,RUE SAINT MARTIN,48.866579,2.354148,Nuit avec éclairage allumé,En agglomération,Hors intersection,Normale,Autre collision,4,1,2,3,1,1,1,0,1,50,1,1,0,0,0,1,19.0,,deux_roues,,5,2,1,1,6
201900031144,2019-11-08 21:55:00,2019,11,8,21,55,94,94081,MOULIN DE SAQUET (AV DU),48.791,2.381,Nuit avec éclairage allumé,En agglomération,Intersection en T,Normale,Autre collision,3,-1,2,0,2,2,1,0,4,50,1,1,0,0,1,0,45.0,,deux_roues,,5,2,3,1,6
201900031145,2019-11-09 00:15:00,2019,11,9,0,15,94,94081,GENERAL MALLERET JOINVILLE (R DU),48.77372,2.40407,Nuit sans éclairage public,En agglomération,Autre intersection,Normale,Autre collision,4,1,0,0,1,3,1,0,1,50,1,2,1,0,0,1,49.0,,voiture,,3,2,9,1,6
201900031146,2019-11-08 21:15:00,2019,11,8,21,15,94,94016,DIVISION LECLERC (AV DE LA),48.7863033,2.3292651,Nuit avec éclairage allumé,En agglomération,Hors intersection,Pluie légère,Deux véhicules - côté,3,2,2,0,1,1,2,0,1,50,2,2,1,0,0,1,57.0,26.0,utilitaire_camion,deux_roues,5,2,1,2,3
201900031147,2019-11-09 12:20:00,2019,11,9,12,20,94,94028,GAULLE(AVENUE DU GENERAL DE),48.79184,2.42564,Nuit avec éclairage allumé,En agglomération,Intersection en T,Normale,Deux véhicules - côté,4,2,2,0,1,1,1,0,1,50,2,2,1,0,0,1,49.0,37.0,voiture,transport_commun,5,2,3,1,3
201900031148,2019-11-09 19:50:00,2019,11,9,19,50,93,93078,NATIONS (AVENUE DES),48.97637,2.51282,Nuit avec éclairage allumé,En agglomération,Intersection en X,Normale,Deux véhicules - côté,3,1,4,0,1,1,1,0,1,50,2,6,2,0,0,4,44.0,46.0,voiture,utilitaire_camion,5,2,2,1,3