accident_id,datetime,annee,mois,jour,heure,minute,departement,commune_insee,adresse,latitude,longitude,luminosite,agglomeration,intersection,meteo,collision,catr,circ,nbv,vosp,prof,plan,surf,infra,situ,vma,nb_vehicules,nb_usagers,nb_indemnes,nb_tues,nb_blesses_hosp,nb_blesses_legers,age_cond_1,age_cond_2,veh_type_cond_1,veh_type_cond_2,lum_code,agg_code,int_code,atm_code,col_code
201900031149,2019-11-09 11:20:00,2019,11,9,11,20,93,93029,JACQUELINE QUATREMAIRE,48.91919,2.46053,Plein jour,En agglomération,Intersection en X,Normale,Deux véhicules - côté,4,2,2,0,1,1,1,0,2,50,2,2,1,0,0,1,48.0,12.0,voiture,deux_roues,1,2,2,1,3
201900031150,2019-11-09 01:30:00,2019,11,9,1,30,93,93005,GARE DE L'ABBAYE (AVENUE DE LA),48.923,2.51365,Nuit sans éclairage public,En agglomération,Hors intersection,Normale,Autre collision,4,-1,2,0,1,1,1,0,1,50,2,2,1,0,0,1,34.0,,voiture,,3,2,1,1,6
201900031151,2019-11-09 17:10:00,2019,11,9,17,10,92,92064,GOUNOD,48.843335,2.216337,Crépuscule ou aube,En agglomération,Hors intersection,Temps couvert,Deux véhicules - arrière,3,-1,2,0,2,1,1,0,1,50,2,2,1,0,0,1,23.0,63.0,deux_roues,voiture,2,2,1,8,2
201900031152,2019-11-07 18:04:00,2019,11,7,18,4,35,35236,Rue du Capitaine Martin,47.650708,-2.087064,Nuit avec éclairage allumé,En agglomération,Hors intersection,Pluie légère,Autre collision,4,2,2,0,1,1,2,0,1,50,1,2,1,0,0,1,90.0,,voiture,,5,2,1,2,6
201900031153,2019-11-09 20:40:00,2019,11,9,20,40,9,09261,Avenue des Evadés de France,42.978794,1.153072,Nuit avec éclairage allumé,En agglomération,Hors intersection,Pluie légère,Autre collision,3,2,2,0,1,1,2,0,1,50,1,2,1,0,1,0,20.0,,deux_roues,,5,2,1,2,6
201900031154,2019-11-10 15:15:00,2019,11,10,15,15,43,43040,39 Avenue d'Auvergne,45.302862,3.378642,Plein jour,En agglomération,Hors intersection,Normale,Deux véhicules - arrière,3,2,2,0,1,1,1,0,1,50,2,2,1,0,1,0,39.0,20.0,voiture,deux_roues,1,2,1,1,2
201900031155,2019-11-09 17:00:00,2019,11,9,17,0,68,68162,CD1bis/CD11I/CD28,48.1347431,7.290382,Crépuscule ou aube,Hors agglomération,Intersection en X,Normale,Deux véhicules - côté,3,2,2,0,1,1,1,0,1,80,2,2,1,0,0,1,56.0,41.0,deux_roues,voiture,2,1,2,1,3
201900031156,2019-11-08 06:45:00,2019,11,8,6,45,972,97233,D19,14.70401,-61.145152,Plein jour,Hors agglomération,Hors intersection,Normale,Autre collision,3,2,2,0,2,1,1,0,1,80,1,3,1,0,1,1,69.0,,voiture,,1,1,1,1,6
201900031157,2019-11-10 18:00:00,2019,11,10,18,0,28,28388,D910,48.387387,1.449212,Nuit sans éclairage public,Hors agglomération,Hors intersection,Normale,Trois véhicules et plus - collisions multiples,3,2,2,0,1,1,2,0,1,80,3,6,1,0,2,3,71.0,59.0,voiture,voiture,3,1,1,1,5
201900031158,2019-11-09 10:15:00,2019,11,9,10,15,86,86233,RD 8 PK 3+800,46.540756,0.635149,Plein jour,Hors agglomération,Hors intersection,Normale,Sans collision,3,2,2,0,1,1,1,0,8,80,1,1,0,0,1,0,43.0,,utilitaire_camion,,1,1,1,1,7
201900031159,2019-11-10 07:40:00,2019,11,10,7,40,41,41252,A10,47.711125,1.465841,Plein jour,Hors agglomération,Hors intersection,Temps couvert,Deux véhicules - arrière,1,3,3,0,1,1,2,0,1,130,2,6,1,0,2,3,42.0,24.0,utilitaire_camion,voiture,1,1,1,8,2
201900031160,2019-11-09 14:55:00,2019,11,9,14,55,51,51237,RN 4,48.718629,3.5475373,Plein jour,Hors agglomération,Intersection en X,Temps couvert,Deux véhicules - côté,2,2,3,0,3,1,1,5,1,80,2,3,1,0,1,1,51.0,80.0,utilitaire_camion,voiture,1,1,2,8,3
201900031161,2019-11-10 16:00:00,2019,11,10,16,0,59,59058,288 Route Nationale,50.205992,3.950255,Plein jour,Hors agglomération,Giratoire,Normale,Sans collision,3,2,2,0,2,3,1,0,1,70,1,1,0,1,0,0,24.0,,utilitaire_camion,,1,1,6,1,7
201900031162,2019-11-08 18:00:00,2019,11,8,18,0,56,56178,Lieu-dit Kervouillen,48.090929,-2.964428,Crépuscule ou aube,Hors agglomération,Hors intersection,Normale,Trois véhicules et plus - en chaîne,3,2,2,0,1,1,1,0,1,80,4,5,4,0,1,0,18.0,23.0,utilitaire_camion,utilitaire_camion,2,1,1,1,4
201900031163,2019-11-09 23:40:00,2019,11,9,23,40,56,56222,Rue de Rennes,47.8459752,-2.7052184,Nuit sans éclairage public,Hors agglomération,Giratoire,Normale,Sans collision,3,2,2,0,1,2,1,5,3,80,1,1,0,1,0,0,40.0,,voiture,,3,1,6,1,7
201900031164,2019-11-09 18:25:00,2019,11,9,18,25,82,82112,10 Boulevard Lakanal,44.10317,1.082048,Nuit avec éclairage allumé,En agglomération,Autre intersection,Pluie légère,Autre collision,4,2,2,0,1,1,2,0,1,50,1,2,1,0,1,0,19.0,,utilitaire_camion,,5,2,9,2,6
201900031165,2019-11-09 14:45:00,2019,11,9,14,45,68,68088,route départementale D429,47.848056,7.278889,Plein jour,Hors agglomération,Giratoire,Normale,Deux véhicules - côté,3,2,2,0,1,1,1,0,1,80,2,2,1,0,1,0,28.0,65.0,voiture,deux_roues,1,1,6,1,3
201900031166,2019-11-10 05:55:00,2019,11,10,5,55,39,39146,,46.657057,5.507756,Nuit sans éclairage public,Hors agglomération,Hors intersection,Pluie légère,Deux véhicules - frontale,3,2,2,-1,1,1,1,2,1,70,2,2,1,0,1,0,35.0,52.0,voiture,voiture,3,1,1,2,1
201900031167,2019-10-11 09:00:00,2019,10,11,9,0,44,44116,6 Boulevard Dumesnildot,47.286649,-2.025695,Plein jour,En agglomération,Hors intersection,Temps éblouissant,Deux véhicules - arrière,4,2,2,0,1,1,1,0,1,50,2,2,1,1,0,0,87.0,74.0,voiture,deux_roues,1,2,1,7,2
201900031168,2019-11-08 17:20:00,2019,11,8,17,20,29,29097,D69>Cosquer Vraz,48.495173,-4.074565,Plein jour,Hors agglomération,Intersection en X,Normale,Deux véhicules - côté,3,2,2,0,1,1,1,5,1,80,2,2,1,0,1,0,72.0,16.0,utilitaire_camion,deux_roues,1,1,2,1,3
201900031169,2019-11-09 12:30:00,2019,11,9,12,30,2,02535,Rue Aurore Hallez,49.781584,4.004916,Plein jour,En agglomération,Hors intersection,Normale,Deux véhicules - frontale,3,2,2,0,1,1,1,0,1,50,2,2,1,0,0,1,46.0,22.0,voiture,deux_roues,1,2,1,1,1
201900031170,2019-11-10 05:50:00,2019,11,10,5,50,3,03118,,46.0763941,3.2020625,Nuit avec éclairage allumé,Hors agglomération,Hors intersection,Normale,Deux véhicules - frontale,3,2,2,0,1,1,2,0,1,80,2,3,0,0,3,0,34.0,27.0,voiture,voiture,5,1,1,1,1
201900031171,2019-11-09 18:50:00,2019,11,9,18,50,3,03043,village des Combes,46.1890923,3.2615794,Nuit sans éclairage public,Hors agglomération,Hors intersection,Normale,Deux véhicules - arrière,3,2,2,0,1,1,1,0,1,80,2,3,2,0,0,1,41.0,32.0,voiture,voiture,3,1,1,1,2
201900031172,2019-11-10 09:30:00,2019,11,10,9,30,15,15218,D12,45.207524,2.519027,Plein jour,Hors agglomération,Hors intersection,Normale,Autre collision,3,2,2,0,1,2,1,0,3,80,1,2,1,0,1,0,24.0,,deux_roues,,1,1,1,1,6
201900031173,2019-11-10 18:20:00,2019,11,10,18,20,58,58127,D977,47.193693,3.357099,Nuit sans éclairage public,Hors agglomération,Hors intersection,Temps couvert,Autre collision,3,2,2,0,1,1,2,0,3,80,1,1,0,1,0,0,60.0,,voiture,,3,1,1,8,6
201900031174,2019-11-10 16:15:00,2019,11,10,16,15,66,66106,D900,42.49556,2.824615,Plein jour,Hors agglomération,Hors intersection,Normale,Autre collision,3,2,2,0,2,3,1,0,3,70,1,3,2,0,1,0,74.0,,voiture,,1,1,1,1,6
201900031175,2019-11-10 18:00:00,2019,11,10,18,0,72,72007,Lieu Dit la Butte,47.9984,0.434648,Nuit sans éclairage public,Hors agglomération,Hors intersection,Normale,Deux véhicules - frontale,3,2,2,0,1,1,2,0,1,80,2,2,1,0,1,0,30.0,69.0,voiture,voiture,3,1,1,1,1
201900031176,2019-11-09 17:50:00,2019,11,9,17,50,14,14410,D152,49.10946,-0.096018,Nuit avec éclairage allumé,Hors agglomération,Intersection en T,Pluie légère,Deux véhicules - frontale,3,2,2,0,1,1,2,0,1,70,2,2,1,0,0,1,15.0,59.0,deux_roues,voiture,5,1,3,2,1
201900031177,2019-11-10 06:10:00,2019,11,10,6,10,16,16285,Ld La Verrerie,45.54967,0.369845,Nuit sans éclairage public,Hors agglomération,Hors intersection,Temps couvert,Autre collision,3,2,2,0,1,2,2,0,3,80,1,1,0,1,0,0,26.0,,voiture,,3,1,1,8,6
201900031178,2019-10-12 22:50:00,2019,10,12,22,50,7,07230,Route départementale 104,44.68266,4.463003,Nuit sans éclairage public,Hors agglomération,Hors intersection,Pluie légère,Deux véhicules - frontale,3,2,2,0,2,4,2,0,1,80,2,3,0,0,2,1,64.0,21.0,voiture,voiture,3,1,1,2,1
201900031179,2019-11-08 16:50:00,2019,11,8,16,50,21,21689,1 Route de Villars,47.498834,4.378352,Plein jour,En agglomération,Hors intersection,Normale,Autre collision,3,2,2,0,1,1,2,0,3,50,1,2,1,0,1,0,21.0,,deux_roues,,1,2,1,1,6
201900031180,2019-11-10 09:15:00,2019,11,10,9,15,85,85169,D2,46.804201,-1.605703,Plein jour,Hors agglomération,Hors intersection,Normale,Sans collision,3,2,2,0,1,1,1,0,3,80,1,1,0,0,1,0,24.0,,voiture,,1,1,1,1,7
201900031181,2019-11-09 13:40:00,2019,11,9,13,40,27,27181,route Départementale 59,48.805885,1.271016,Plein jour,Hors agglomération,Intersection en X,Normale,Trois véhicules et plus - collisions multiples,3,2,2,0,2,1,1,5,1,80,3,3,2,0,1,0,79.0,18.0,voiture,voiture,1,1,2,1,5
201900031182,2019-11-10 07:30:00,2019,11,10,7,30,88,88373,D392,48.507087,7.105383,Crépuscule ou aube,Hors agglomération,Hors intersection,Normale,Sans collision,3,2,2,0,2,2,1,0,8,90,1,1,0,0,0,1,21.0,,voiture,,2,1,1,1,7
201900031183,2019-11-10 07:05:00,2019,11,10,7,5,1,01062,A42,45.853965,5.101113,Crépuscule ou aube,Hors agglomération,Hors intersection,Normale,Autre collision,1,3,3,0,1,1,2,0,1,130,1,2,1,0,1,0,28.0,,voiture,,2,1,1,1,6
201900031184,2019-11-09 15:21:00,2019,11,9,15,21,1,01425,D17,46.082962,5.2517378,Plein jour,Hors agglomération,Hors intersection,Normale,Sans collision,3,2,2,0,1,1,1,0,3,80,1,1,0,0,0,1,26.0,,utilitaire_camion,,1,1,1,1,7
201900031185,2019-11-09 04:45:00,2019,11,9,4,45,976,97605,Chemin Doua,-12.830611,45.113565,Nuit avec éclairage allumé,En agglomération,Hors intersection,Normale,Autre collision,3,2,1,0,2,2,1,0,4,50,1,4,3,1,0,0,21.0,,voiture,,5,2,1,1,6
201900031186,2019-11-09 06:45:00,2019,11,9,6,45,988,98816,RT1 PK 138.600,-21.708246,165.598196,Plein jour,Hors agglomération,Hors intersection,Normale,Sans collision,2,2,2,0,1,1,1,0,3,110,1,3,2,0,0,1,21.0,,voiture,,1,1,1,1,7
201900031187,2019-11-03 15:30:00,2019,11,3,15,30,974,97415,68 Rue de la Baie,-21.012429,55.26421,Plein jour,En agglomération,Hors intersection,Normale,Trois véhicules et plus - collisions multiples,4,2,2,0,1,1,1,0,1,50,3,5,2,0,1,2,49.0,44.0,utilitaire_camion,voiture,1,2,1,1,5
201900031188,2019-11-10 08:45:00,2019,11,10,8,45,974,97419,Route Nationale 2,-21.136927,55.806813,Plein jour,En agglomération,Hors intersection,Normale,Autre collision,2,2,2,0,1,1,1,0,1,50,1,2,1,0,1,0,56.0,,deux_roues,,1,2,1,1,6
201900031189,2019-11-09 02:15:00,2019,11,9,2,15,973,97311,Avenue Jean Galmot,5.545877,-53.941407,Nuit sans éclairage public,Hors agglomération,Hors intersection,Normale,Deux véhicules - frontale,3,2,2,0,1,2,1,0,1,90,2,2,1,0,1,0,52.0,46.0,voiture,deux_roues,3,1,1,1,1
201900031190,2019-11-10 04:40:00,2019,11,10,4,40,971,97116,Marieulle,16.321765,-61.474732,Nuit sans éclairage public,Hors agglomération,Hors intersection,Normale,Deux véhicules - frontale,2,2,2,0,1,1,2,0,1,80,2,2,0,1,1,0,77.0,60.0,utilitaire_camion,voiture,3,1,1,1,1
201900031191,2019-11-09 15:50:00,2019,11,9,15,50,972,97224,D15,14.668641,-61.020848,Plein jour,Hors agglomération,Autre intersection,Normale,Deux véhicules - arrière,3,2,2,0,1,1,1,0,1,80,2,3,0,0,1,2,56.0,29.0,deux_roues,voiture,1,1,9,1,2
201900031192,2019-11-09 18:15:00,2019,11,9,18,15,37,37072,Avenue François Mitterrand,47.176686,0.258641,Nuit sans éclairage public,En agglomération,Intersection en X,Pluie légère,Deux véhicules - frontale,3,2,2,2,2,1,2,5,5,50,2,2,1,0,1,0,17.0,65.0,deux_roues,voiture,3,2,2,2,1
201900031193,2019-12-18 18:35:00,2019,12,18,18,35,94,94046,GENERAL DE GAULLE (AV DU),48.81455,2.42073,Nuit avec éclairage allumé,En agglomération,Hors intersection,Normale,Deux véhicules - arrière,3,2,4,0,1,1,1,0,3,50,2,2,1,0,0,1,28.0,36.0,voiture,deux_roues,5,2,1,1,2
201900031194,2019-12-17 22:00:00,2019,12,17,22,0,94,94041,JEAN COMPAGNON (QU),48.81952,2.39768,Nuit sans éclairage public,En agglomération,Intersection en X,Normale,Deux véhicules - frontale,3,2,2,0,1,2,1,0,1,50,2,2,1,0,0,1,23.0,30.0,voiture,voiture,3,2,2,1,1
201900031195,2019-12-19 06:45:00,2019,12,19,6,45,94,94022,HUIT MAI 1945 (AV DU),48.76458,2.41044,Nuit avec éclairage allumé,En agglomération,Hors intersection,Pluie légère,Autre collision,4,2,1,0,2,1,2,0,1,50,1,2,1,0,0,1,41.0,,voiture,,5,2,1,2,6
201900031196,2019-12-18 11:25:00,2019,12,18,11,25,94,94054,VICTOIRE (AV DE LA),48.744734,2.3971867,Plein jour,En agglomération,Intersection en T,Normale,Deux véhicules - arrière,3,3,2,0,2,1,1,0,1,50,2,2,1,0,0,1,22.0,35.0,utilitaire_camion,voiture,1,2,3,1,2
201900031197,2019-12-19 19:15:00,2019,12,19,19,15,94,94019,ARISTIDE BRIAND (R),48.8,2.53,Nuit avec éclairage allumé,En agglomération,Hors intersection,Normale,Deux véhicules - côté,3,2,2,0,1,1,2,0,1,50,2,2,1,0,0,1,48.0,48.0,utilitaire_camion,deux_roues,5,2,1,1,3
201900031198,2019-12-19 16:00:00,2019,12,19,16,0,93,93078,BALLANGER (BD ROBERT),48.95153,2.52695,Crépuscule ou aube,En agglomération,Hors intersection,Temps couvert,Autre collision,3,1,1,0,1,1,1,0,1,50,1,2,1,0,1,0,72.0,,voiture,,2,2,1,8,6
201900031199,2019-12-19 14:00:00,2019,12,19,14,0,93,93066,"""LANDY RD 20, NR IMPAIRS 1 A 144""",48.9143,2.3424,Plein jour,En agglomération,Hors intersection,Temps couvert,Deux véhicules - côté,3,2,2,0,1,1,1,0,1,50,2,2,1,0,0,1,21.0,28.0,voiture,deux_roues,1,2,1,8,3
201900031200,2019-12-19 17:53:00,2019,12,19,17,53,93,93077,ROSNY (AVENUE DE),48.88176,2.49635,Nuit avec éclairage allumé,En agglomération,Hors intersection,Normale,Deux véhicules - côté,3,1,3,0,1,1,1,0,1,50,2,2,1,0,0,1,60.0,54.0,utilitaire_camion,voiture,5,2,1,1,3
201900031201,2019-12-19 13:45:00,2019,12,19,13,45,93,93051,BELVEDERE,48.8509,2.5701,Plein jour,En agglomération,Intersection en T,Pluie légère,Deux véhicules - arrière,4,2,2,0,1,1,2,0,1,30,2,2,1,0,0,1,49.0,44.0,voiture,voiture,1,2,3,2,2
201900031202,2019-12-19 09:10:00,2019,12,19,9,10,93,93045,PASTEUR AV.,48.8765,2.41302,Plein jour,En agglomération,Hors intersection,Temps couvert,Autre collision,4,2,2,0,1,1,1,0,1,50,2,2,1,0,0,1,38.0,48.0,deux_roues,utilitaire_camion,1,2,1,8,6
201900031203,2019-12-18 20:10:00,2019,12,18,20,10,93,93032,ROGER SALENGRO  (AVENUE),48.8744,2.5668,Nuit avec éclairage allumé,En agglomération,Autre intersection,Normale,Deux véhicules - côté,4,-1,4,0,1,1,1,0,1,50,2,3,2,0,0,1,37.0,27.0,voiture,voiture,5,2,9,1,3
201900031204,2019-12-18 14:30:00,2019,12,18,14,30,93,93032,GEORGES POMPIDOU    (AVENUE),48.88175,2.53954,Plein jour,En agglomération,Hors intersection,Normale,Deux véhicules - arrière,3,3,0,0,1,1,1,0,1,50,2,2,1,0,0,1,45.0,23.0,voiture,voiture,1,2,1,1,2
201900031205,2019-12-16 18:50:00,2019,12,16,18,50,93,93032,MONTFERMEIL   (ALLEE DE),48.89875,2.5374,Nuit avec éclairage allumé,En agglomération,Hors intersection,Pluie légère,Deux véhicules - côté,3,3,2,0,1,1,2,0,1,50,2,2,1,0,0,1,43.0,31.0,voiture,deux_roues,5,2,1,2,3
201900031206,2019-12-18 19:55:00,2019,12,18,19,55,93,93029,REPUBLIQUE (DE LA) N° 1-161,48.92271,2.44057,Nuit avec éclairage allumé,En agglomération,Hors intersection,Normale,Deux véhicules - côté,4,2,2,0,1,1,1,0,1,50,2,2,0,0,0,2,23.0,25.0,deux_roues,voiture,5,2,1,1,3
201900031207,2019-12-19 20:00:00,2019,12,19,20,0,93,93029,DANTON,48.9204,2.43655,Nuit avec éclairage allumé,En agglomération,Intersection en X,Normale,Deux véhicules - côté,4,2,2,0,1,1,1,0,1,50,2,2,1,0,0,1,49.0,23.0,voiture,deux_roues,5,2,2,1,3
201900031208,2019-12-19 07:00:00,2019,12,19,7,0,93,93005,HENRI MATISSE (RUE),48.9549702,2.5000409,Nuit avec éclairage allumé,En agglomération,Hors intersection,Normale,Deux véhicules - côté,4,1,1,0,1,1,2,0,1,50,2,2,1,0,1,0,33.0,25.0,utilitaire_camion,utilitaire_camion,5,2,1,1,3
201900031209,2019-12-19 10:00:00,2019,12,19,10,0,93,93001,VICTOR HUGO (AVE)  N° 167 =>,48.91297,2.40184,Plein jour,En agglomération,Hors intersection,Normale,Autre collision,3,2,2,0,1,1,1,5,1,30,1,2,1,0,1,0,50.0,,utilitaire_camion,,1,2,1,1,6
201900031210,2019-12-19 10:10:00,2019,12,19,10,10,92,92075,JEAN BLEUZEN (RUE),48.82163,2.2932,Plein jour,En agglomération,Hors intersection,Temps couvert,Deux véhicules - côté,3,2,2,0,1,1,2,0,1,30,2,2,1,0,0,1,42.0,55.0,voiture,deux_roues,1,2,1,8,3
201900031211,2019-12-17 17:30:00,2019,12,17,17,30,92,92020,LIBERTE BOULEVARD DE LA N° PAIRS,48.80304,2.29001,Nuit avec éclairage allumé,En agglomération,Hors intersection,Pluie légère,Deux véhicules - côté,3,2,2,0,2,1,2,0,1,50,2,3,2,0,0,1,16.0,26.0,deux_roues,voiture,5,2,1,2,3
201900031212,2019-12-17 16:30:00,2019,12,17,16,30,92,92020,PARIS (AVENUE DE) 7,48.8044948,2.2895926,Plein jour,En agglomération,Hors intersection,Pluie légère,Autre collision,3,2,3,0,1,1,1,0,1,50,1,2,1,1,0,0,55.0,,deux_roues,,1,2,1,2,6
201900031213,2019-12-19 17:30:00,2019,12,19,17,30,92,92048,JEAN JAURES (AVENUE) N° 8 A 72,48.80835,2.24121,Nuit avec éclairage allumé,En agglomération,Hors intersection,Normale,Deux véhicules - côté,4,2,2,0,1,1,1,0,1,50,2,3,2,0,0,1,22.0,35.0,deux_roues,voiture,5,2,1,1,3
201900031214,2019-12-18 19:45:00,2019,12,18,19,45,92,92036,GENERAL DE GAULLE (AVENUE) (PAIRS),48.9338109,2.3137076,Nuit avec éclairage allumé,En agglomération,Hors intersection,Normale,Deux véhicules - côté,3,2,2,0,1,1,1,0,1,50,2,2,1,0,0,1,29.0,19.0,deux_roues,voiture,5,2,1,1,3
201900031215,2019-12-18 12:25:00,2019,12,18,12,25,49,49244,La Panne,47.3729,-0.915906,Plein jour,Hors agglomération,Intersection en X,Normale,Deux véhicules - frontale,3,2,2,0,1,1,1,0,1,80,2,3,2,0,1,0,32.0,49.0,voiture,voiture,1,1,2,1,1
201900031216,2019-12-18 19:53:00,2019,12,18,19,53,85,85034,A83,46.59757,-1.13465,Nuit sans éclairage public,Hors agglomération,Hors intersection,Normale,Deux véhicules - arrière,1,1,2,0,1,1,1,0,1,130,2,3,2,0,0,1,43.0,57.0,voiture,voiture,3,1,1,1,2
201900031217,2019-12-18 18:15:00,2019,12,18,18,15,33,33088,10 Rue de la Republique,45.01522,-0.04382,Nuit avec éclairage allumé,En agglomération,Hors intersection,Normale,Deux véhicules - côté,3,2,2,1,1,1,2,0,5,70,2,2,1,0,1,0,20.0,35.0,deux_roues,voiture,5,2,1,1,3
201900031218,2019-12-19 19:00:00,2019,12,19,19,0,31,31282,D59,43.674561,1.456631,Nuit sans éclairage public,En agglomération,Intersection en Y,Normale,Deux véhicules - frontale,3,2,2,0,1,2,1,0,1,50,2,2,1,0,1,0,29.0,32.0,utilitaire_camion,deux_roues,3,2,4,1,1
201900031219,2019-12-19 07:45:00,2019,12,19,7,45,76,76238,Rue de Coupeauville,49.5588577,0.234114,Nuit sans éclairage public,Hors agglomération,Hors intersection,Normale,Deux véhicules - arrière,3,2,2,0,2,3,1,0,1,80,2,2,1,0,1,0,32.0,25.0,utilitaire_camion,deux_roues,3,1,1,1,2
201900031220,2019-12-20 18:35:00,2019,12,20,18,35,28,28388,D910,48.386731,1.448911,Nuit sans éclairage public,Hors agglomération,Hors intersection,Normale,Deux véhicules - frontale,3,2,2,0,1,1,2,0,1,80,2,4,0,0,2,2,52.0,61.0,voiture,voiture,3,1,1,1,1
201900031221,2019-12-19 21:50:00,2019,12,19,21,50,60,60661,D1324,49.2362804,2.9953838,Nuit avec éclairage allumé,Hors agglomération,Intersection en Y,Normale,Deux véhicules - frontale,3,1,1,0,1,1,2,5,1,80,2,2,1,0,0,1,29.0,21.0,voiture,voiture,5,1,4,1,1
201900031222,2019-12-20 15:15:00,2019,12,20,15,15,72,72008,Boulevard Pierre Lefaucheux,47.954203,0.179907,Plein jour,En agglomération,Hors intersection,Temps couvert,Deux véhicules - arrière,3,3,2,0,1,1,2,0,1,70,2,2,1,0,0,1,38.0,43.0,voiture,voiture,1,2,1,8,2
201900031223,2019-12-19 20:45:00,2019,12,19,20,45,85,85109,Les Bas Enfreins,46.88027,-0.965501,Nuit sans éclairage public,Hors agglomération,Hors intersection,Pluie légère,Autre collision,4,2,2,0,2,2,2,0,3,80,1,1,0,0,1,0,49.0,,utilitaire_camion,,3,1,1,2,6
201900031224,2019-12-12 17:25:00,2019,12,12,17,25,41,41149,D116,47.741956,0.848718,Nuit sans éclairage public,Hors agglomération,Intersection en Y,Pluie légère,Deux véhicules - côté,3,2,2,0,2,3,8,0,1,80,2,2,1,0,1,0,46.0,27.0,voiture,voiture,3,1,4,2,3
201900031225,2019-12-18 21:15:00,2019,12,18,21,15,57,57713,D46,48.7691026,7.1396101,Nuit sans éclairage public,Hors agglomération,Hors intersection,Normale,Sans collision,3,2,2,0,1,1,1,0,3,80,1,1,0,1,0,0,76.0,,voiture,,3,1,1,1,7
201900031226,2019-12-20 16:45:00,2019,12,20,16,45,74,74242,Route d'Annecy,45.8404373,6.1550257,Nuit sans éclairage public,Hors agglomération,Hors intersection,Pluie forte,Autre collision,3,2,2,0,1,1,2,0,1,80,3,5,3,0,2,0,88.0,18.0,voiture,voiture,3,1,1,3,6
201900031227,2019-12-19 20:15:00,2019,12,19,20,15,79,79079,,46.93081,-0.822244,Nuit sans éclairage public,Hors agglomération,Hors intersection,Pluie forte,Autre collision,3,2,2,0,1,1,2,0,1,80,1,1,0,0,0,1,31.0,,deux_roues,,3,1,1,3,6
201900031228,2019-12-20 07:45:00,2019,12,20,7,45,82,82176,Rte d'8 Salvetat Montauban,43.981293,1.500936,Crépuscule ou aube,Hors agglomération,Hors intersection,Pluie légère,Deux véhicules - frontale,3,2,2,0,3,3,2,0,1,80,2,2,0,1,0,1,49.0,22.0,utilitaire_camion,voiture,2,1,1,2,1
201900031229,2019-12-19 18:35:00,2019,12,19,18,35,11,11106,Avenue de Toulouse,43.228392,3.05037,Nuit avec éclairage allumé,En agglomération,Intersection en X,Normale,Deux véhicules - côté,3,2,2,0,1,1,1,5,1,50,2,3,2,0,1,0,58.0,41.0,deux_roues,voiture,5,2,2,1,3
201900031230,2019-12-19 17:20:00,2019,12,19,17,20,89,89025,Chemin Cambon,47.4886624,3.9028065,Nuit avec éclairage allumé,En agglomération,Hors intersection,Normale,Autre collision,4,2,2,0,2,1,1,0,1,50,1,2,1,0,1,0,68.0,,voiture,,5,2,1,1,6
201900031231,2019-12-17 19:10:00,2019,12,17,19,10,61,61294,D958,48.634412,0.099902,Nuit sans éclairage public,Hors agglomération,Intersection en T,Pluie légère,Trois véhicules et plus - en chaîne,3,2,2,0,1,1,2,0,1,80,3,3,0,0,0,3,24.0,33.0,voiture,voiture,3,1,3,2,4
201900031232,2019-12-06 11:20:00,2019,12,6,11,20,61,61133,Place Albert Roger,48.627369,0.356672,Plein jour,En agglomération,Intersection en T,Pluie légère,Autre collision,3,2,2,-1,1,1,2,0,1,30,1,2,1,0,1,0,36.0,,voiture,,1,2,3,2,6
201900031233,2019-12-19 13:30:00,2019,12,19,13,30,41,41074,La Motte Bonneville Sud,47.61412,1.700545,Plein jour,Hors agglomération,Hors intersection,Pluie légère,Autre collision,3,2,2,0,1,1,2,0,1,80,1,1,0,0,1,0,46.0,,voiture,,1,1,1,2,6
201900031234,2019-12-06 19:30:00,2019,12,6,19,30,41,41082,Route de Fougères,47.468838,1.404365,Nuit sans éclairage public,Hors agglomération,Intersection en X,Pluie légère,Deux véhicules - côté,3,2,2,0,1,1,2,0,1,50,2,3,0,1,1,1,64.0,44.0,voiture,voiture,3,1,2,2,3
201900031235,2019-12-20 20:05:00,2019,12,20,20,5,34,34300,D18e4,43.412632,3.309406,Nuit sans éclairage public,Hors agglomération,Hors intersection,Pluie légère,Deux véhicules - frontale,3,2,2,0,2,1,2,0,1,80,2,2,1,1,0,0,43.0,47.0,voiture,voiture,3,1,1,2,1
201900031236,2019-12-20 17:50:00,2019,12,20,17,50,25,25071,Bondeval,47.427597,6.843163,Nuit sans éclairage public,Hors agglomération,Hors intersection,Pluie légère,Autre collision,3,2,2,0,1,2,2,9,3,80,1,2,0,1,1,0,84.0,,voiture,,3,1,1,2,6
201900031237,2019-12-19 17:30:00,2019,12,19,17,30,44,44212,5 Route d'Ancenis,47.164071,-1.268699,Nuit avec éclairage allumé,En agglomération,Hors intersection,Pluie forte,Autre collision,4,2,2,0,1,1,2,0,1,50,1,2,1,0,1,0,18.0,,deux_roues,,5,2,1,3,6