accident_id,datetime,annee,mois,jour,heure,minute,departement,commune_insee,adresse,latitude,longitude,luminosite,agglomeration,intersection,meteo,collision,catr,circ,nbv,vosp,prof,plan,surf,infra,situ,vma,nb_vehicules,nb_usagers,nb_indemnes,nb_tues,nb_blesses_hosp,nb_blesses_legers,age_cond_1,age_cond_2,veh_type_cond_1,veh_type_cond_2,lum_code,agg_code,int_code,atm_code,col_code
201900031420,2019-10-07 12:50:00,2019,10,7,12,50,13,13068,23 Avenue de la Vallée des Baux,43.722571,4.792476,Plein jour,En agglomération,Hors intersection,Vent fort / tempête,Autre collision,3,2,2,0,1,3,1,0,3,50,1,2,0,0,2,0,34.0,,voiture,,1,2,1,6,6
201900031421,2019-10-06 15:00:00,2019,10,6,15,0,45,45169,autoroute A10,47.9197257,1.8488049,Plein jour,Hors agglomération,Hors intersection,Pluie légère,Autre collision,1,3,5,0,1,1,2,0,3,130,1,1,0,0,1,0,52.0,,deux_roues,,1,1,1,2,6
201900031422,2019-10-05 22:15:00,2019,10,5,22,15,987,98722,pk 15.900,-17.508298,-149.438061,Nuit sans éclairage public,Hors agglomération,Hors intersection,Normale,Autre collision,2,2,2,0,4,2,1,0,3,60,1,1,0,1,0,0,55.0,,voiture,,3,1,1,1,6
201900031423,2019-10-06 02:45:00,2019,10,6,2,45,33,33199,149 Avenue Sainte-Marie,44.62286,-1.1093,Nuit avec éclairage allumé,En agglomération,Intersection en T,Pluie légère,Autre collision,4,2,2,0,1,1,2,0,4,50,1,4,3,0,1,0,25.0,,voiture,,5,2,3,2,6
201900031424,2019-10-06 15:30:00,2019,10,6,15,30,78,78497,D936,48.688432,1.770906,Plein jour,Hors agglomération,Hors intersection,Normale,Deux véhicules - côté,3,2,2,0,1,1,1,0,1,70,2,2,1,0,1,0,58.0,21.0,voiture,deux_roues,1,1,1,1,3
201900031425,2019-10-06 11:15:00,2019,10,6,11,15,2A,2A247,11 B Rue Maréchal Juin,41.5870121,9.2761932,Plein jour,En agglomération,Intersection en T,Normale,Deux véhicules - arrière,2,2,2,0,2,1,1,0,1,50,2,2,1,0,1,0,53.0,48.0,deux_roues,deux_roues,1,2,3,1,2
201900031426,2019-10-06 15:45:00,2019,10,6,15,45,34,34052,cd16,43.319552,3.034594,Plein jour,Hors agglomération,Hors intersection,Normale,Deux véhicules - côté,3,2,2,0,1,1,1,0,1,80,2,2,1,0,0,1,74.0,54.0,voiture,deux_roues,1,1,1,1,3
201900031427,2019-10-07 00:40:00,2019,10,7,0,40,13,13007,6 Quai du 8 Mai 1945,43.368453,5.630733,Nuit sans éclairage public,Hors agglomération,Hors intersection,Normale,Autre collision,3,2,2,0,1,1,1,0,1,90,1,1,0,0,1,0,20.0,,deux_roues,,3,1,1,1,6
201900031428,2019-10-07 18:30:00,2019,10,7,18,30,74,74201,Rd1201,46.12046,6.094767,Plein jour,Hors agglomération,Hors intersection,Normale,Deux véhicules - arrière,3,2,2,0,1,1,1,9,1,70,2,3,1,0,2,0,17.0,42.0,deux_roues,voiture,1,1,1,1,2
201900031429,2019-10-07 17:10:00,2019,10,7,17,10,69,69068,Quai Jean Moulin,45.84476,4.83222,Plein jour,En agglomération,Hors intersection,Normale,Autre collision,3,2,2,0,1,1,1,0,1,50,1,2,1,0,0,1,35.0,,voiture,,1,2,1,1,6
201900031430,2019-10-06 06:30:00,2019,10,6,6,30,86,86029,D28,46.220392,0.260725,Nuit sans éclairage public,Hors agglomération,Hors intersection,Normale,Autre collision,3,2,2,0,1,3,1,0,3,-1,1,1,0,0,1,0,32.0,,voiture,,3,1,1,1,6
201900031431,2019-10-06 17:30:00,2019,10,6,17,30,33,33012,16 Allée de Chagneau,44.967654,-0.724879,Plein jour,Hors agglomération,Hors intersection,Normale,Autre collision,4,2,2,0,1,1,1,0,1,50,1,2,1,0,1,0,18.0,,voiture,,1,1,1,1,6
201900031432,2019-08-08 06:40:00,2019,8,8,6,40,44,44198,rd 178 les sorinieres,47.120976,-1.530966,Plein jour,Hors agglomération,Hors intersection,Normale,Deux véhicules - frontale,3,2,2,0,1,1,1,0,1,80,2,2,0,0,2,0,47.0,21.0,autre,utilitaire_camion,1,1,1,1,1
201900031433,2019-10-07 07:30:00,2019,10,7,7,30,27,27191,32 rue de pacy,49.106461,1.24796,Plein jour,En agglomération,Hors intersection,Normale,Deux véhicules - frontale,3,2,2,0,1,1,1,0,1,50,2,2,1,0,0,1,41.0,16.0,voiture,deux_roues,1,2,1,1,1
201900031434,2019-10-07 18:23:00,2019,10,7,18,23,27,27003,D82,49.165958,1.161464,Plein jour,Hors agglomération,Hors intersection,Normale,Sans collision,3,2,2,0,1,1,1,0,3,80,1,1,0,0,1,0,34.0,,voiture,,1,1,1,1,7
201900031435,2019-10-06 19:00:00,2019,10,6,19,0,76,76055,CD 55,49.63745,0.785439,Plein jour,Hors agglomération,Hors intersection,Normale,Sans collision,3,2,2,0,1,3,1,0,3,70,1,1,0,0,1,0,32.0,,deux_roues,,1,1,1,1,7
201900031436,2019-10-06 18:53:00,2019,10,6,18,53,76,76244,RD 928,49.7022,1.3911,Plein jour,Hors agglomération,Hors intersection,Normale,Deux véhicules - arrière,3,2,2,0,2,1,1,0,1,80,2,2,1,0,0,1,57.0,21.0,voiture,voiture,1,1,1,1,2
201900031437,2019-10-06 04:40:00,2019,10,6,4,40,60,60022,RD 1330 sens Senlis-Creil,49.23506,2.533909,Nuit sans éclairage public,Hors agglomération,Hors intersection,Normale,Sans collision,3,3,4,0,1,3,2,0,3,110,1,3,1,0,0,2,21.0,,voiture,,3,1,1,1,7
201900031438,2019-10-05 09:45:00,2019,10,5,9,45,2,02221,D1003,49.036526,3.253163,Plein jour,Hors agglomération,Hors intersection,Pluie légère,Deux véhicules - côté,3,2,2,0,1,3,2,0,1,80,2,4,3,0,1,0,66.0,32.0,voiture,voiture,1,1,1,2,3
201900031439,2019-10-05 18:25:00,2019,10,5,18,25,13,13215,A7-Sens Marseille vers Lyon,43.35548,5.363689,Plein jour,Hors agglomération,Hors intersection,Normale,Deux véhicules - côté,1,1,1,0,1,1,1,0,1,50,2,2,1,0,0,1,64.0,27.0,voiture,deux_roues,1,1,1,1,3
201900031440,2019-10-05 14:41:00,2019,10,5,14,41,13,13055,A507 sens Marseille - Aubagne,43.3282858,5.4171601,Plein jour,Hors agglomération,Hors intersection,Normale,Deux véhicules - arrière,1,1,3,0,2,3,1,1,1,70,2,6,2,0,0,4,28.0,35.0,deux_roues,voiture,1,1,1,1,2
201900031441,2019-10-05 14:30:00,2019,10,5,14,30,13,13071,A7-Sens Lyon vers Marseille,43.403478,5.30772,Plein jour,Hors agglomération,Hors intersection,Normale,Autre collision,1,1,1,0,3,1,1,0,1,50,1,2,1,0,0,1,49.0,,deux_roues,,1,1,1,1,6
201900031442,2019-10-06 19:00:00,2019,10,6,19,0,69,69029,RD383   7.640 A 11.044,45.73373,4.90112,Plein jour,Hors agglomération,Hors intersection,Temps couvert,Deux véhicules - côté,3,1,4,0,1,1,1,0,1,70,2,1,0,0,0,1,22.0,,voiture,,1,1,1,8,3
201900031443,2019-10-05 15:00:00,2019,10,5,15,0,69,69199,RD383   14.250 A 18.000,45.71635,4.84731,Plein jour,Hors agglomération,Hors intersection,Normale,Deux véhicules - côté,3,3,4,0,1,1,1,2,1,70,2,3,2,0,0,1,33.0,52.0,voiture,utilitaire_camion,1,1,1,1,3
201900031444,2019-09-27 20:00:00,2019,9,27,20,0,69,69297,A7   15.770 A 20.110,45.60127,4.79613,Nuit sans éclairage public,Hors agglomération,Hors intersection,Normale,Deux véhicules - arrière,1,3,4,0,1,1,1,0,1,110,2,3,1,0,0,2,28.0,37.0,voiture,utilitaire_camion,3,1,1,1,2
201900031445,2019-10-06 16:15:00,2019,10,6,16,15,92,92002,AUTOROUTE A86,48.7616437,2.2984935,Plein jour,Hors agglomération,Hors intersection,Normale,Deux véhicules - côté,1,3,3,0,3,1,1,9,1,90,2,2,1,0,0,1,26.0,39.0,deux_roues,voiture,1,1,1,1,3
201900031446,2019-10-06 13:00:00,2019,10,6,13,0,91,91340,RN 104,48.6087,2.43689,Plein jour,Hors agglomération,Hors intersection,Normale,Sans collision,2,1,3,0,1,3,2,0,1,70,1,1,0,0,0,1,26.0,,voiture,,1,1,1,1,7
201900031447,2019-10-06 03:55:00,2019,10,6,3,55,94,94037,AUTOROUTE A6B,48.81645,2.33682,Nuit avec éclairage allumé,Hors agglomération,Hors intersection,Normale,Sans collision,1,1,2,0,2,2,1,1,1,50,1,1,0,0,0,1,31.0,,utilitaire_camion,,5,1,1,1,7
201900031448,2019-10-05 09:38:00,2019,10,5,9,38,91,91363,RN 104,48.6401,2.20041,Plein jour,Hors agglomération,Hors intersection,Pluie légère,Sans collision,2,1,2,0,1,1,2,0,1,110,1,2,0,1,1,0,68.0,,deux_roues,,1,1,1,2,7
201900031449,2019-10-06 10:20:00,2019,10,6,10,20,92,92036,A86,48.9354896,2.2615724,Plein jour,Hors agglomération,Hors intersection,Pluie légère,Trois véhicules et plus - collisions multiples,1,3,2,0,1,1,2,1,1,90,3,5,0,0,0,5,43.0,27.0,voiture,voiture,1,1,1,2,5
201900031450,2019-10-06 04:40:00,2019,10,6,4,40,92,92072,N118,48.8274262,2.2245225,Nuit avec éclairage allumé,Hors agglomération,Hors intersection,Pluie légère,Autre collision,2,3,2,0,4,2,2,0,1,70,1,1,0,0,0,1,25.0,,voiture,,5,1,1,2,6
201900031451,2019-10-05 15:45:00,2019,10,5,15,45,95,95682,RN 104,49.06745,2.38581,Plein jour,Hors agglomération,Hors intersection,Normale,Autre collision,2,1,1,0,4,2,2,3,1,50,1,1,0,0,1,0,76.0,,utilitaire_camion,,1,1,1,1,6
201900031452,2019-10-06 18:00:00,2019,10,6,18,0,94,94033,A86 INT,48.8539759,2.4889206,Plein jour,Hors agglomération,Hors intersection,Normale,Deux véhicules - arrière,1,3,2,0,1,1,1,0,1,90,2,3,1,0,0,2,64.0,32.0,voiture,voiture,1,1,1,1,2
201900031453,2019-10-06 12:04:00,2019,10,6,12,4,77,77249,RN104,48.757299,2.615438,Plein jour,Hors agglomération,Hors intersection,Pluie légère,Deux véhicules - côté,2,3,2,0,1,1,2,0,1,110,2,4,0,0,0,4,47.0,17.0,voiture,voiture,1,1,1,2,3
201900031454,2019-10-06 09:00:00,2019,10,6,9,0,94,94073,A86 INT,48.7650109,2.379719,Plein jour,Hors agglomération,Hors intersection,Pluie légère,Deux véhicules - côté,1,1,2,0,1,3,2,3,1,90,2,1,0,0,0,1,58.0,,voiture,,1,1,1,2,3
201900031455,2019-10-05 13:00:00,2019,10,5,13,0,77,77337,RN104,48.82809,2.6178735,Plein jour,Hors agglomération,Hors intersection,Pluie forte,Sans collision,2,3,2,0,3,3,2,0,1,70,1,1,0,0,0,1,22.0,,voiture,,1,1,1,3,7
201900031456,2019-10-04 16:25:00,2019,10,4,16,25,974,97416,RN3 (1),-21.29434,55.51081,Plein jour,Hors agglomération,Hors intersection,Normale,Deux véhicules - arrière,2,1,4,0,3,1,1,0,1,90,2,2,1,0,0,1,30.0,55.0,voiture,voiture,1,1,1,1,2
201900031457,2019-10-04 21:48:00,2019,10,4,21,48,973,97302,TIGRE (ROUTE DU),4.9192106,-52.3176241,Nuit avec éclairage allumé,En agglomération,Intersection en X,Normale,Deux véhicules - frontale,3,2,1,0,1,1,1,9,1,50,2,2,0,0,2,0,47.0,34.0,voiture,deux_roues,5,2,2,1,1
201900031458,2019-10-05 18:30:00,2019,10,5,18,30,972,97213,ROUTE DEPARTEMENTALE 14,14.6225,-61.01849,Nuit avec éclairage allumé,Hors agglomération,Hors intersection,Normale,Deux véhicules - côté,3,2,2,0,1,1,1,0,3,60,2,3,2,0,0,1,54.0,54.0,voiture,deux_roues,5,1,1,1,3
201900031459,2019-10-05 03:20:00,2019,10,5,3,20,69,69381,JEAN MOULIN                         (QU),45.76675,4.83805,Nuit avec éclairage allumé,En agglomération,Hors intersection,Normale,Deux véhicules - arrière,4,3,6,0,1,1,1,0,1,50,2,2,1,0,0,1,33.0,18.0,deux_roues,voiture,5,2,1,1,2
201900031460,2019-10-05 08:09:00,2019,10,5,8,9,2B,2B120,11 - RT,42.6442,9.4397,Plein jour,Hors agglomération,Hors intersection,Normale,Deux véhicules - côté,2,2,2,0,2,3,1,0,1,70,2,3,1,0,0,2,49.0,47.0,utilitaire_camion,utilitaire_camion,1,1,1,1,3
201900031461,2019-10-04 21:20:00,2019,10,4,21,20,91,91434,SAVIGNY (RUE DE),48.66646,2.3537,Nuit avec éclairage allumé,En agglomération,Intersection en T,Pluie légère,Deux véhicules - côté,4,-1,0,0,2,1,2,0,1,50,2,2,1,0,0,1,68.0,,voiture,,5,2,3,2,3
201900031462,2019-10-04 17:43:00,2019,10,4,17,43,88,88209,LORRAINE (RUE DE),48.2053,6.4395,Plein jour,En agglomération,Intersection en T,Normale,Deux véhicules - côté,3,2,2,0,1,1,1,0,1,50,2,2,1,0,1,0,18.0,87.0,deux_roues,voiture,1,2,3,1,3
201900031463,2019-10-05 12:50:00,2019,10,5,12,50,83,83144,NATIONALE 98 (ANCIENNE ROUTE),43.14094,6.00312,Plein jour,En agglomération,Hors intersection,Normale,Deux véhicules - côté,3,1,2,0,1,2,1,3,1,50,2,2,1,0,1,0,25.0,46.0,voiture,deux_roues,1,2,1,1,3
201900031464,2019-10-05 04:45:00,2019,10,5,4,45,81,81065,RN 112 (ROCADE SUD),43.5635953,2.274369,Nuit sans éclairage public,Hors agglomération,Hors intersection,Normale,Deux véhicules - frontale,2,2,4,0,1,1,1,0,1,80,2,2,0,0,1,1,32.0,37.0,voiture,voiture,3,1,1,1,1
201900031465,2019-10-03 07:35:00,2019,10,3,7,35,78,78123,EUROPE (RN 190) AVENUE DE L',48.9388,2.0355,Crépuscule ou aube,En agglomération,Hors intersection,Normale,Sans collision,3,1,2,0,1,1,1,0,1,50,1,3,1,0,0,2,43.0,,transport_commun,,2,2,1,1,7
201900031466,2019-10-05 17:30:00,2019,10,5,17,30,77,77243,D231 X RUE LOUIS BLERIOT,48.8748,2.72317,Plein jour,En agglomération,Intersection en T,Normale,Deux véhicules - côté,3,2,2,0,1,1,1,5,1,50,2,2,1,0,1,0,19.0,30.0,deux_roues,voiture,1,2,3,1,3
201900031467,2019-10-05 17:10:00,2019,10,5,17,10,74,74012,BUCHILLONS (AVENUE DES),46.19823,6.26443,Plein jour,En agglomération,Hors intersection,Normale,Deux véhicules - côté,4,2,2,0,2,1,1,0,1,50,2,2,1,0,0,1,18.0,44.0,deux_roues,voiture,1,2,1,1,3
201900031468,2019-10-05 15:30:00,2019,10,5,15,30,74,74133,INDUSTRIE (RUE DE L'),46.18521,6.21884,Plein jour,En agglomération,Hors intersection,Normale,Deux véhicules - arrière,3,2,2,0,1,1,1,0,1,50,2,3,2,0,0,1,51.0,32.0,voiture,voiture,1,2,1,1,2
201900031469,2019-10-05 16:20:00,2019,10,5,16,20,71,71306,JULES CHAGOT (QUAI),46.67809,4.36443,Plein jour,En agglomération,Hors intersection,Normale,Deux véhicules - arrière,4,2,2,0,1,1,1,0,1,50,2,2,1,0,0,1,34.0,53.0,voiture,voiture,1,2,1,1,2
201900031470,2019-10-05 14:35:00,2019,10,5,14,35,71,71497,SENNECE (ROUTE DE),46.34588,4.82863,Plein jour,En agglomération,Hors intersection,Pluie légère,Deux véhicules - frontale,3,2,2,0,1,1,2,0,1,50,2,4,1,0,0,3,21.0,41.0,voiture,voiture,1,2,1,2,1
201900031471,2019-10-05 11:00:00,2019,10,5,11,0,71,71153,DOCTEUR REBILLARD (RUE DU),46.81133,4.44812,Plein jour,En agglomération,Hors intersection,Pluie légère,Autre collision,4,2,2,0,2,1,2,0,1,50,1,3,1,0,0,2,16.0,,voiture,,1,2,1,2,6
201900031472,2019-10-05 11:30:00,2019,10,5,11,30,71,71153,SAINT SERNIN (ROUTE DE),46.80827,4.4358,Plein jour,En agglomération,Hors intersection,Pluie légère,Deux véhicules - frontale,4,2,2,0,2,3,2,0,1,50,2,2,1,0,0,1,58.0,62.0,deux_roues,voiture,1,2,1,2,1
201900031473,2019-10-05 11:39:00,2019,10,5,11,39,71,71309,TOULON (ROUTE DE),46.78213,4.39047,Plein jour,Hors agglomération,Hors intersection,Pluie légère,Sans collision,3,2,2,0,1,3,2,0,1,80,1,2,0,0,0,2,24.0,,deux_roues,,1,1,1,2,7
201900031474,2019-10-01 13:00:00,2019,10,1,13,0,69,69266,POUDRETTE     (Rue de la),45.74879,4.91772,Plein jour,En agglomération,Hors intersection,Normale,Deux véhicules - côté,4,2,5,3,1,1,1,0,1,50,2,1,0,0,0,1,57.0,,deux_roues,,1,2,1,1,3
201900031475,2019-10-06 00:15:00,2019,10,6,0,15,54,54395,FOCH (AVENUE 18 ET 9 A FIN),48.6868,6.1683,Nuit avec éclairage allumé,En agglomération,Autre intersection,Pluie légère,Sans collision,7,1,3,3,1,3,2,0,1,50,1,1,0,0,1,0,26.0,,deux_roues,,5,2,9,2,7
201900031476,2019-10-05 13:40:00,2019,10,5,13,40,46,46042,Départementale 820,44.44841,1.415922,Plein jour,Hors agglomération,Hors intersection,Normale,Sans collision,3,2,3,0,1,1,1,0,1,90,1,1,0,0,1,0,50.0,,deux_roues,,1,1,1,1,7
201900031477,2019-10-05 11:00:00,2019,10,5,11,0,44,44109,CANCLAUX ( PLACE ) RUE ALFRED RIOM,47.21421,-1.57413,Plein jour,En agglomération,Giratoire,Normale,Deux véhicules - côté,4,1,0,0,1,2,1,0,1,30,2,2,1,1,0,0,66.0,29.0,deux_roues,voiture,1,2,6,1,3
201900031478,2019-10-05 22:36:00,2019,10,5,22,36,44,44132,HIPPODROME (ROND POINT DE L'),47.26066,-2.33408,Nuit avec éclairage allumé,En agglomération,Giratoire,Normale,Sans collision,4,-1,0,0,1,1,1,0,1,50,1,1,0,0,1,0,38.0,,deux_roues,,5,2,6,1,7
201900031479,2019-10-05 13:44:00,2019,10,5,13,44,41,41018,INDUSTRIE (BOULEVARD DE L'),47.60171,1.32168,Plein jour,En agglomération,Hors intersection,Pluie légère,Trois véhicules et plus - en chaîne,4,2,2,0,1,1,1,0,1,50,3,3,2,0,0,1,26.0,28.0,voiture,voiture,1,2,1,2,4
201900031480,2019-10-05 20:05:00,2019,10,5,20,5,37,37261,MILAN (AVENUE DE),47.36902,0.71317,Nuit avec éclairage allumé,En agglomération,Hors intersection,Normale,Deux véhicules - côté,4,2,4,2,1,1,1,0,1,50,2,3,2,0,0,1,55.0,,voiture,,5,2,1,1,3
201900031481,2019-10-05 17:05:00,2019,10,5,17,5,37,37261,MARNE (CARREFOUR DE LA),47.4235928,0.6982656,Plein jour,En agglomération,Hors intersection,Temps couvert,Deux véhicules - arrière,9,3,3,0,1,1,1,0,1,50,2,2,1,0,0,1,49.0,39.0,voiture,voiture,1,2,1,8,2
201900031482,2019-10-05 10:11:00,2019,10,5,10,11,37,37261,JUIN (BOULEVARD DU MARECHAL),47.4089117,0.7033689,Plein jour,En agglomération,Intersection en X,Normale,Autre collision,4,3,3,0,2,1,1,5,1,50,1,2,1,0,0,1,50.0,,voiture,,1,2,2,1,6
201900031483,2019-10-04 12:10:00,2019,10,4,12,10,37,37261,DE LATTRE DE TASSIGNY (BOULEVARD DE),47.3830827,0.6963093,Plein jour,En agglomération,Hors intersection,Temps couvert,Autre collision,4,2,2,0,1,1,1,4,1,50,1,2,1,0,0,1,54.0,,transport_commun,,1,2,1,8,6
201900031484,2019-10-05 23:30:00,2019,10,5,23,30,35,35238,ALMA (DE L'),48.10442,-1.67738,Nuit avec éclairage allumé,En agglomération,Giratoire,Normale,Deux véhicules - côté,4,2,1,0,2,1,1,5,1,30,2,2,1,0,0,1,31.0,23.0,deux_roues,voiture,5,2,6,1,3
201900031485,2019-10-05 17:45:00,2019,10,5,17,45,35,35238,CHEZY (BD DE),48.1139405,-1.6874122,Plein jour,En agglomération,Intersection en Y,Normale,Deux véhicules - côté,4,1,2,-1,1,3,1,0,1,50,2,3,2,0,0,1,33.0,26.0,voiture,deux_roues,1,2,4,1,3
201900031486,2019-10-05 22:45:00,2019,10,5,22,45,33,33249,RUE CONDORCET,44.87225,-0.52514,Nuit avec éclairage allumé,En agglomération,Intersection en T,Normale,Deux véhicules - arrière,4,2,2,0,1,1,1,0,1,50,2,3,2,0,0,1,39.0,45.0,voiture,voiture,5,2,3,1,2
201900031487,2019-10-05 20:30:00,2019,10,5,20,30,33,33281,LECLERC (AVE DU MARECHAL),44.83474,-0.6476,Nuit avec éclairage allumé,En agglomération,Intersection en T,Normale,Deux véhicules - arrière,4,3,6,-1,1,1,1,0,1,50,2,2,1,0,0,1,22.0,31.0,deux_roues,voiture,5,2,3,1,2
201900031488,2019-10-05 15:00:00,2019,10,5,15,0,33,33069,AVE SADI CARNOT,44.86387,-0.59039,Plein jour,En agglomération,Intersection en X,Temps couvert,Deux véhicules - côté,4,2,2,0,1,1,1,0,1,50,2,2,1,0,0,1,42.0,20.0,deux_roues,voiture,1,2,2,8,3
201900031489,2019-10-05 18:24:00,2019,10,5,18,24,14,14118,CANADA (AVENUE DU),49.18521,-0.37151,Plein jour,En agglomération,Giratoire,Pluie légère,Autre collision,4,2,2,0,2,1,2,0,1,50,1,2,1,0,0,1,18.0,,autre,,1,2,6,2,6
201900031490,2019-10-04 20:50:00,2019,10,4,20,50,13,13212,TROIS LUCS (AVENUE DES),43.3112872,5.4644617,Nuit avec éclairage allumé,En agglomération,Hors intersection,Normale,Deux véhicules - côté,4,2,1,0,1,1,1,2,1,50,2,2,1,0,0,1,51.0,32.0,deux_roues,voiture,5,2,1,1,3
201900031491,2019-10-05 21:20:00,2019,10,5,21,20,13,13063,BELLEVAL CHEMIN DE,43.5837638,5.0372583,Nuit sans éclairage public,Hors agglomération,Hors intersection,Normale,Sans collision,3,2,2,0,4,2,1,0,1,80,1,1,0,0,0,1,28.0,,voiture,,3,1,1,1,7
201900031492,2019-10-05 15:25:00,2019,10,5,15,25,13,13047,GEORGES GUYNEMER AVENUE,43.5182,4.96295,Plein jour,Hors agglomération,Hors intersection,Normale,Trois véhicules et plus - collisions multiples,4,2,2,0,1,1,1,0,1,50,3,5,1,0,0,4,40.0,36.0,voiture,voiture,1,1,1,1,5
201900031493,2019-10-05 21:11:00,2019,10,5,21,11,10,10387,ETIENNE PEDRON (RUE),48.30682,4.07679,Nuit avec éclairage allumé,En agglomération,Intersection en X,Normale,Deux véhicules - côté,4,2,2,0,1,1,1,0,1,50,2,1,0,0,0,1,20.0,,voiture,,5,2,2,1,3
201900031494,2019-10-03 14:10:00,2019,10,3,14,10,7,07281,TREMOLETS (RUE DES),44.93796,4.86306,Plein jour,En agglomération,Hors intersection,Normale,Deux véhicules - côté,4,2,2,1,1,1,1,0,1,50,2,2,1,0,0,1,27.0,69.0,voiture,deux_roues,1,2,1,1,3
201900031495,2019-10-05 11:11:00,2019,10,5,11,11,7,07102,SADI-CARNOT (AV.) ,44.93135,4.87767,Plein jour,En agglomération,Hors intersection,Normale,Deux véhicules - côté,4,2,2,0,1,1,1,0,1,50,2,2,1,0,0,1,71.0,77.0,deux_roues,voiture,1,2,1,1,3
201900031496,2019-10-05 18:00:00,2019,10,5,18,0,6,06069,LECLERC (BOULEVARD DU MARECHAL),43.650129,6.919899,Plein jour,En agglomération,Hors intersection,Normale,Deux véhicules - arrière,4,2,2,0,2,1,1,0,1,50,2,3,2,0,0,1,32.0,16.0,utilitaire_camion,deux_roues,1,2,1,1,2
201900031497,2019-10-05 16:55:00,2019,10,5,16,55,75,75119,AVENUE SIMON BOLIVAR,48.8784154,2.3742508,Plein jour,En agglomération,Intersection en X,Normale,Autre collision,4,2,2,0,1,1,1,5,1,50,2,2,1,0,0,1,54.0,28.0,deux_roues,voiture,1,2,2,1,6
201900031498,2019-10-05 03:30:00,2019,10,5,3,30,75,75118,RUE DU DEPARTEMENT,48.8857448,2.3649831,Nuit avec éclairage allumé,En agglomération,Intersection en T,Normale,Deux véhicules - côté,4,1,1,0,1,1,1,0,1,30,2,2,1,0,0,1,32.0,42.0,deux_roues,voiture,5,2,3,1,3
201900031499,2019-10-04 23:05:00,2019,10,4,23,5,75,75118,RUE ORDENER,48.8921411,2.3463482,Nuit avec éclairage allumé,En agglomération,Intersection en Y,Normale,Deux véhicules - arrière,4,2,2,0,1,1,1,0,1,50,2,3,2,0,0,1,30.0,27.0,voiture,utilitaire_camion,5,2,4,1,2
201900031500,2019-10-05 11:30:00,2019,10,5,11,30,75,75117,PLACE PAUL LEAUTAUD,48.8872261,2.2979709,Plein jour,En agglomération,Place,Pluie légère,Sans collision,4,-1,2,0,1,1,2,0,1,50,1,2,0,0,0,2,45.0,,deux_roues,,1,2,7,2,7
201900031501,2019-10-05 00:30:00,2019,10,5,0,30,75,75117,AVENUE DE SAINT OUEN,48.8930158,2.3274198,Nuit avec éclairage allumé,En agglomération,Intersection à plus de 4 branches,Normale,Deux véhicules - côté,4,2,2,-1,1,1,1,0,1,50,2,3,1,0,0,2,53.0,43.0,deux_roues,voiture,5,2,5,1,3
201900031502,2019-10-04 17:05:00,2019,10,4,17,5,75,75118,AVENUE DE CLICHY,48.8836704,2.3273641,Plein jour,En agglomération,Place,Normale,Deux véhicules - côté,4,2,3,0,1,1,2,0,1,30,2,3,2,0,0,1,46.0,40.0,deux_roues,voiture,1,2,7,1,3
201900031503,2019-10-05 20:35:00,2019,10,5,20,35,75,75116,RUE DU DOCTEUR BLANCHE,48.853976,2.2654454,Nuit avec éclairage allumé,En agglomération,Intersection en T,Normale,Deux véhicules - côté,4,2,2,0,1,1,1,0,4,50,2,2,1,0,0,1,16.0,55.0,deux_roues,voiture,5,2,3,1,3
201900031504,2019-10-05 15:20:00,2019,10,5,15,20,75,75115,AVENUE EMILE ZOLA,48.8467055,2.2889048,Plein jour,En agglomération,Intersection en X,Temps couvert,Deux véhicules - arrière,4,2,2,0,1,1,2,0,1,50,2,4,3,0,0,1,39.0,22.0,voiture,deux_roues,1,2,2,8,2
201900031505,2019-10-04 23:00:00,2019,10,4,23,0,75,75114,RUE RAYMOND LOSSERAND,48.8309409,2.3123159,Nuit avec éclairage allumé,En agglomération,Intersection en X,Normale,Deux véhicules - côté,4,1,2,0,1,1,1,0,1,30,2,2,1,0,0,1,24.0,25.0,deux_roues,deux_roues,5,2,2,1,3
201900031506,2019-10-04 22:00:00,2019,10,4,22,0,75,75113,AVENUE GENERAL DE GAULLE 94,48.815834,2.3602278,Nuit avec éclairage allumé,En agglomération,Intersection en X,Normale,Trois véhicules et plus - collisions multiples,4,2,6,0,1,1,1,2,1,50,3,4,2,0,0,2,47.0,33.0,voiture,voiture,5,2,2,1,5
201900031507,2019-10-05 16:15:00,2019,10,5,16,15,75,75108,RUE DE ROME,48.878744,2.322235,Plein jour,En agglomération,Intersection en X,Temps couvert,Autre collision,4,2,2,-1,1,1,1,5,1,50,1,2,1,0,0,1,34.0,,voiture,,1,2,2,8,6
201900031508,2019-10-05 13:00:00,2019,10,5,13,0,75,75108,PLACE CHARLES DE GAULLE,48.8735345,2.2958382,Plein jour,En agglomération,Place,Normale,Sans collision,4,4,6,0,1,2,2,5,1,50,1,2,1,0,0,1,35.0,,deux_roues,,1,2,7,1,7
201900031509,2019-10-05 07:40:00,2019,10,5,7,40,75,75103,PLACE DE LA REPUBLIQUE,48.8673638,2.3633477,Crépuscule ou aube,En agglomération,Place,Pluie légère,Sans collision,4,2,5,-1,1,1,2,0,1,50,1,1,0,0,0,1,24.0,,deux_roues,,2,2,7,2,7
201900031510,2019-10-04 22:48:00,2019,10,4,22,48,94,94078,ANATOLE FRANCE (AV),48.73998,2.45271,Nuit avec éclairage allumé,En agglomération,Intersection en X,Normale,Deux véhicules - côté,4,-1,2,0,1,1,1,0,1,50,2,2,1,0,0,1,33.0,21.0,deux_roues,voiture,5,2,2,1,3