accident_id,datetime,annee,mois,jour,heure,minute,departement,commune_insee,adresse,latitude,longitude,luminosite,agglomeration,intersection,meteo,collision,catr,circ,nbv,vosp,prof,plan,surf,infra,situ,vma,nb_vehicules,nb_usagers,nb_indemnes,nb_tues,nb_blesses_hosp,nb_blesses_legers,age_cond_1,age_cond_2,veh_type_cond_1,veh_type_cond_2,lum_code,agg_code,int_code,atm_code,col_code
201900031601,2019-01-24 02:30:00,2019,1,24,2,30,92,92012,A13,48.848,2.2313,Nuit avec éclairage allumé,Hors agglomération,Hors intersection,Normale,Autre collision,1,1,3,0,1,1,2,0,1,70,1,1,0,0,1,0,28.0,,utilitaire_camion,,5,1,1,1,6
201900031602,2019-01-22 21:25:00,2019,1,22,21,25,78,78090,A13,48.970392,1.904894,Nuit sans éclairage public,Hors agglomération,Hors intersection,Neige / grêle,Deux véhicules - arrière,1,1,3,0,1,1,2,0,1,130,2,2,1,0,0,1,36.0,42.0,voiture,voiture,3,1,1,4,2
201900031603,2019-01-26 00:00:00,2019,1,26,0,0,92,92036,AUTOROUTE A15,48.9372846,2.294191,Nuit sans éclairage public,Hors agglomération,Hors intersection,Pluie légère,Sans collision,1,1,2,0,2,2,2,3,1,50,1,1,0,0,0,1,22.0,,voiture,,3,1,1,2,7
201900031604,2019-01-25 00:45:00,2019,1,25,0,45,93,93048,AUTOROUTE A3,48.8724,2.4345,Nuit sans éclairage public,Hors agglomération,Hors intersection,Pluie légère,Deux véhicules - arrière,1,3,10,0,1,1,2,0,1,90,2,2,1,0,0,1,28.0,34.0,voiture,voiture,3,1,1,2,2
201900031605,2019-01-24 11:30:00,2019,1,24,11,30,93,93066,A4,48.9317521,2.3702916,Plein jour,Hors agglomération,Hors intersection,Temps couvert,Autre collision,1,1,2,0,1,1,2,2,1,70,1,1,0,0,0,1,32.0,,voiture,,1,1,1,8,6
201900031606,2019-01-24 01:45:00,2019,1,24,1,45,93,93027,AUTOROUTE A86,48.9286,2.41492,Nuit sans éclairage public,Hors agglomération,Hors intersection,Normale,Autre collision,1,3,6,0,1,2,1,0,1,70,1,1,0,0,0,1,26.0,,voiture,,3,1,1,1,6
201900031607,2019-01-23 15:20:00,2019,1,23,15,20,95,95572,RN 184,49.04845,2.13455,Plein jour,Hors agglomération,Hors intersection,Neige / grêle,Deux véhicules - côté,2,3,6,0,1,1,2,0,1,90,2,3,1,0,0,2,30.0,31.0,voiture,voiture,1,1,1,4,3
201900031608,2019-01-22 08:30:00,2019,1,22,8,30,93,93066,AUTOROUTE A1,48.91895,2.35726,Crépuscule ou aube,Hors agglomération,Hors intersection,Normale,Trois véhicules et plus - en chaîne,1,3,8,0,1,1,1,0,1,90,3,3,2,0,0,1,47.0,43.0,voiture,voiture,2,1,1,1,4
201900031609,2019-01-22 07:40:00,2019,1,22,7,40,95,95277,AUTOROUTE A3,48.97317,2.48649,Nuit sans éclairage public,Hors agglomération,Hors intersection,Normale,Deux véhicules - arrière,1,3,12,0,1,1,1,0,1,90,2,2,1,0,0,1,55.0,46.0,utilitaire_camion,voiture,3,1,1,1,2
201900031610,2019-01-22 06:30:00,2019,1,22,6,30,93,93078,AUTOROUTE A104,48.96301,2.52237,Nuit sans éclairage public,Hors agglomération,Hors intersection,Normale,Deux véhicules - arrière,1,3,6,0,1,2,1,0,1,90,2,2,1,0,0,1,43.0,24.0,voiture,voiture,3,1,1,1,2
201900031611,2019-01-21 20:30:00,2019,1,21,20,30,95,95572,RN 184,49.03234,2.10933,Nuit sans éclairage public,Hors agglomération,Hors intersection,Normale,Deux véhicules - arrière,2,1,3,0,1,2,1,3,1,70,2,2,1,0,0,1,31.0,36.0,voiture,voiture,3,1,1,1,2
201900031612,2019-01-26 02:25:00,2019,1,26,2,25,94,94028,A86 INT,48.77628,2.43158,Nuit avec éclairage allumé,Hors agglomération,Hors intersection,Normale,Autre collision,1,3,3,0,1,1,1,0,1,90,1,1,0,0,0,1,55.0,,voiture,,5,1,1,1,6
201900031613,2019-01-25 22:40:00,2019,1,25,22,40,94,94028,A86 EXT,48.80196,2.44772,Nuit avec éclairage allumé,Hors agglomération,Hors intersection,Pluie légère,Autre collision,1,1,4,0,1,1,2,2,1,90,1,1,0,1,0,0,,,,,5,1,1,2,6
201900031614,2019-01-24 15:30:00,2019,1,24,15,30,77,77053,RN104,48.69901,2.59402,Plein jour,Hors agglomération,Hors intersection,Normale,Deux véhicules - arrière,2,3,3,0,1,1,1,3,1,110,2,2,1,0,0,1,62.0,37.0,voiture,voiture,1,1,1,1,2
201900031615,2019-01-24 08:35:00,2019,1,24,8,35,93,93051,A4,48.83646,2.55141,Plein jour,Hors agglomération,Hors intersection,Temps couvert,Deux véhicules - côté,1,3,6,0,1,1,1,0,1,110,2,2,1,0,0,1,39.0,31.0,deux_roues,voiture,1,1,1,8,3
201900031616,2019-01-16 10:35:00,2019,1,16,10,35,94,94065,A86 INT,48.754305,2.349574,Plein jour,Hors agglomération,Hors intersection,Normale,Deux véhicules - arrière,1,3,2,0,1,1,1,0,1,90,2,2,1,0,0,1,44.0,41.0,deux_roues,voiture,1,1,1,1,2
201900031617,2019-01-20 23:10:00,2019,1,20,23,10,59,59350,MALSENCE RUE,50.63142,3.09306,Nuit avec éclairage allumé,En agglomération,Hors intersection,Normale,Deux véhicules - côté,4,1,1,0,1,1,1,0,1,50,2,2,1,0,1,0,23.0,31.0,deux_roues,voiture,5,2,1,1,3
201900031618,2019-01-15 19:30:00,2019,1,15,19,30,50,50416,RIVIERES (RUE DES),49.6612,-1.68433,Crépuscule ou aube,En agglomération,Hors intersection,Pluie légère,Autre collision,3,2,2,0,1,1,2,0,3,50,1,1,0,0,0,1,22.0,,voiture,,2,2,1,2,6
201900031619,2019-01-19 02:40:00,2019,1,19,2,40,93,93027,BDL,48.92664,2.40213,Nuit sans éclairage public,Hors agglomération,Hors intersection,Normale,Autre collision,1,1,2,0,2,3,1,2,1,50,1,1,0,0,0,1,20.0,,voiture,,3,1,1,1,6
201900031620,2019-01-21 16:20:00,2019,1,21,16,20,988,98818,RUE AMPERE/RUE G. CHAMPION,-22.23172,166.45483,Plein jour,En agglomération,Intersection en T,Normale,Deux véhicules - arrière,4,2,2,0,4,3,1,0,1,30,2,4,0,0,0,4,37.0,37.0,voiture,voiture,1,2,3,1,2
201900031621,2019-01-22 15:40:00,2019,1,22,15,40,976,97611,tsoundzou-SIM ( rue de la ),-12.81716,45.19816,Plein jour,En agglomération,Hors intersection,Normale,Autre collision,2,2,2,0,1,1,1,9,1,50,1,2,1,0,0,1,42.0,,voiture,,1,2,1,1,6
201900031622,2019-01-22 09:50:00,2019,1,22,9,50,974,97416,Rue François de Mahy,-21.3411,55.47513,Plein jour,En agglomération,Hors intersection,Normale,Autre collision,4,1,1,0,2,1,1,0,1,50,1,2,1,0,1,0,40.0,,voiture,,1,2,1,1,6
201900031623,2019-01-22 07:20:00,2019,1,22,7,20,974,97409,BOIS DE FER (chemin),-20.9328,55.65912,Plein jour,Hors agglomération,Hors intersection,Normale,Deux véhicules - côté,4,2,2,0,1,1,1,0,1,50,2,2,1,0,0,1,63.0,43.0,deux_roues,voiture,1,1,1,1,3
201900031624,2019-01-22 08:30:00,2019,1,22,8,30,69,69386,CHARMETTES (DES)                    (R ),45.76636,4.86714,Plein jour,En agglomération,Intersection en X,Normale,Deux véhicules - côté,4,1,1,0,1,1,1,0,1,50,2,2,1,0,1,0,29.0,26.0,deux_roues,voiture,1,2,2,1,3
201900031625,2019-01-22 07:55:00,2019,1,22,7,55,69,69383,LACASSAGNE                          (AV),45.75687,4.86286,Plein jour,En agglomération,Hors intersection,Normale,Autre collision,4,2,3,3,1,1,1,0,1,50,1,3,2,0,0,1,33.0,,voiture,,1,2,1,1,6
201900031626,2019-01-21 07:15:00,2019,1,21,7,15,972,97213,ROUTE DEPARTEMENTALE 3,14.6377,-60.9918,Plein jour,En agglomération,Autre intersection,Normale,Autre collision,3,2,2,0,1,3,1,0,1,30,1,2,1,0,0,1,39.0,,voiture,,1,2,9,1,6
201900031627,2019-01-22 20:47:00,2019,1,22,20,47,2B,2B033,AV DE LA LIBERATION,42.68,9.44,Nuit avec éclairage allumé,En agglomération,Hors intersection,Pluie légère,Trois véhicules et plus - collisions multiples,4,2,2,0,2,1,2,0,1,50,3,3,2,0,0,1,39.0,43.0,voiture,voiture,5,2,1,2,5
201900031628,2019-01-13 00:45:00,2019,1,13,0,45,86,86066,VALOIS (RESIDENCE MARGUERITE DE),46.7983,0.52439,Nuit avec éclairage allumé,En agglomération,Hors intersection,Normale,Autre collision,4,1,1,0,1,2,1,0,1,50,1,3,1,0,1,1,21.0,,voiture,,5,2,1,1,6
201900031629,2019-01-21 11:20:00,2019,1,21,11,20,83,83126,ANCIENS COMBATANTS D'INDOCHINE (AV DES),43.10686,5.85943,Plein jour,En agglomération,Hors intersection,Normale,Deux véhicules - côté,3,3,4,0,1,1,1,0,1,50,2,2,1,0,0,1,97.0,48.0,voiture,deux_roues,1,2,1,1,3
201900031630,2019-01-18 09:45:00,2019,1,18,9,45,83,83123,PARKING DE L'ESPLANADE,43.11529,5.80518,Plein jour,En agglomération,Hors intersection,Normale,Autre collision,6,-1,-1,0,1,1,1,9,1,20,1,2,1,0,1,0,71.0,,voiture,,1,2,1,1,6
201900031631,2019-01-22 17:05:00,2019,1,22,17,5,82,82121,ROUTE DE BORDEAUX,44.03242,1.31562,Plein jour,Hors agglomération,Intersection en T,Normale,Deux véhicules - côté,3,2,2,0,1,1,2,0,1,70,2,2,0,0,1,1,78.0,35.0,voiture,voiture,1,1,3,1,3
201900031632,2019-01-21 08:20:00,2019,1,21,8,20,80,80021,AV GEORGES POMPIDOU,49.90172,2.28399,Plein jour,En agglomération,Intersection en X,Normale,Autre collision,4,3,2,0,1,1,1,0,1,50,1,2,1,0,0,1,28.0,,voiture,,1,2,2,1,6
201900031633,2019-01-21 15:55:00,2019,1,21,15,55,80,80021,"435, R SAINT FUSCIEN",49.87252,2.30706,Plein jour,En agglomération,Intersection en T,Normale,Deux véhicules - côté,4,2,2,0,1,1,1,0,1,50,2,2,1,0,0,1,20.0,74.0,deux_roues,voiture,1,2,3,1,3
201900031634,2019-01-23 00:30:00,2019,1,23,0,30,69,69266,COLIN     (Rue),45.77656,4.87403,Nuit avec éclairage allumé,En agglomération,Intersection en X,Pluie légère,Deux véhicules - frontale,4,2,4,0,1,1,2,5,1,50,2,2,1,0,1,0,32.0,24.0,voiture,voiture,5,2,2,2,1
201900031635,2019-01-22 09:17:00,2019,1,22,9,17,69,69029,PIERRE BROSSOLETTE                  (AV),45.74534,4.91873,Plein jour,En agglomération,Hors intersection,Normale,Autre collision,4,2,2,0,1,1,1,0,1,50,1,2,1,0,0,1,52.0,,utilitaire_camion,,1,2,1,1,6
201900031636,2019-01-16 13:37:00,2019,1,16,13,37,68,68066,RD4,48.107025,7.386361,Plein jour,En agglomération,Hors intersection,Normale,Trois véhicules et plus - en chaîne,3,2,2,0,2,1,1,0,1,50,3,3,2,0,0,1,30.0,25.0,voiture,voiture,1,2,1,1,4
201900031637,2019-01-22 13:40:00,2019,1,22,13,40,66,66136,ARGELES SUR MER AVENUE D',42.6812,2.91059,Plein jour,En agglomération,Hors intersection,Normale,Deux véhicules - côté,4,2,2,0,1,2,1,5,1,50,2,2,1,0,0,1,70.0,28.0,voiture,deux_roues,1,2,1,1,3
201900031638,2019-01-06 14:45:00,2019,1,6,14,45,62,62250,CHEMIN (R DU),50.46219,2.94526,Plein jour,En agglomération,Hors intersection,Normale,Autre collision,4,2,2,0,1,2,1,0,1,50,1,1,0,0,0,1,15.0,,utilitaire_camion,,1,2,1,1,6
201900031639,2019-01-20 20:30:00,2019,1,20,20,30,62,62270,REPUBLIQUE (RUE DE LA),50.47922,2.47953,Nuit avec éclairage non allumé,En agglomération,Hors intersection,Temps couvert,Deux véhicules - côté,4,2,2,0,2,1,1,0,1,50,2,3,2,0,1,0,18.0,55.0,deux_roues,voiture,4,2,1,8,3
201900031640,2019-01-22 18:30:00,2019,1,22,18,30,61,61169,DOMFRONT (ROUTE DE),48.731793,-0.5779,Nuit avec éclairage allumé,En agglomération,Hors intersection,Pluie forte,Autre collision,3,2,2,0,1,1,2,0,1,50,1,2,1,0,1,0,20.0,,voiture,,5,2,1,3,6
201900031641,2019-01-19 16:00:00,2019,1,19,16,0,57,57672,14 JUILLET (AVENUE),49.3557032,6.1304784,Plein jour,En agglomération,Hors intersection,Normale,Autre collision,6,-1,-1,-1,1,1,1,6,1,30,1,2,1,0,1,0,27.0,,voiture,,1,2,1,1,6
201900031642,2019-01-21 08:45:00,2019,1,21,8,45,57,57463,LOTHAIRE (RUE ),49.10004,6.17776,Plein jour,En agglomération,Hors intersection,Normale,Autre collision,4,2,3,0,1,2,1,0,1,50,1,2,1,0,1,0,26.0,,voiture,,1,2,1,1,6
201900031643,2019-01-22 08:00:00,2019,1,22,8,0,56,56260,RONARC'H(RUE DE L'AMIRAL PIERRE),47.63941,-2.77378,Crépuscule ou aube,En agglomération,Intersection en X,Normale,Deux véhicules - côté,4,2,2,0,1,1,1,0,1,50,2,2,1,0,0,1,44.0,45.0,voiture,deux_roues,2,2,2,1,3
201900031644,2019-01-19 19:25:00,2019,1,19,19,25,56,56083,RN 165,47.78807,-3.28204,Nuit sans éclairage public,Hors agglomération,Hors intersection,Normale,Sans collision,2,3,4,0,1,1,1,0,1,110,1,3,2,0,0,1,37.0,,utilitaire_camion,,3,1,1,1,7
201900031645,2019-01-18 19:35:00,2019,1,18,19,35,56,56162,KERGALANT,47.70806,-3.41478,Nuit sans éclairage public,Hors agglomération,Giratoire,Normale,Deux véhicules - arrière,3,2,2,0,1,3,1,0,1,50,2,2,1,0,0,1,68.0,57.0,voiture,voiture,3,1,6,1,2
201900031646,2019-01-18 18:20:00,2019,1,18,18,20,56,56121,Boulevard Jean le Maux,47.75724,-3.38749,Nuit sans éclairage public,En agglomération,Hors intersection,Pluie légère,Autre collision,4,-1,2,0,1,1,2,0,1,50,1,1,0,0,0,1,,,,,3,2,1,2,6
201900031647,2019-01-22 14:15:00,2019,1,22,14,15,51,51454,RUE DE COURLANCY,49.2438002,4.0203303,Plein jour,En agglomération,Hors intersection,Neige / grêle,Deux véhicules - côté,4,2,2,0,1,1,5,0,1,50,2,2,1,0,0,1,25.0,41.0,utilitaire_camion,utilitaire_camion,1,2,1,4,3
201900031648,2019-01-21 08:40:00,2019,1,21,8,40,51,51108,RUE CARNOT,48.9548051,4.3658792,Plein jour,En agglomération,Hors intersection,Normale,Autre collision,4,2,2,0,1,2,1,0,1,50,1,2,1,0,1,0,26.0,,voiture,,1,2,1,1,6
201900031649,2019-01-21 16:00:00,2019,1,21,16,0,50,50129,MARESQUIER (CHEMIN DU HAMEAU),49.61797,-1.65198,Plein jour,Hors agglomération,Intersection en T,Normale,Deux véhicules - arrière,3,2,2,2,2,1,1,5,1,50,2,2,1,0,0,1,46.0,34.0,voiture,voiture,1,1,3,1,2
201900031650,2019-01-21 17:41:00,2019,1,21,17,41,49,49007,LARREY,47.479236,-0.55568,Crépuscule ou aube,En agglomération,Intersection en X,Normale,Deux véhicules - côté,4,2,4,0,1,1,1,0,1,50,2,2,1,0,0,1,19.0,34.0,voiture,deux_roues,2,2,2,1,3
201900031651,2019-01-21 07:43:00,2019,1,21,7,43,49,49007,DE LATTRE DE TASSIGNY,47.45253,-0.54049,Crépuscule ou aube,En agglomération,Intersection en X,Normale,Deux véhicules - côté,4,-1,7,0,1,1,1,0,1,50,2,2,1,0,1,0,40.0,55.0,deux_roues,utilitaire_camion,2,2,2,1,3
201900031652,2019-01-22 18:00:00,2019,1,22,18,0,45,45147,PLACE JEAN P RAMEAU,47.9395,1.93049,Nuit avec éclairage allumé,En agglomération,Giratoire,Temps couvert,Autre collision,4,2,2,0,1,1,2,0,1,50,1,2,1,0,0,1,39.0,,voiture,,5,2,6,8,6
201900031653,2019-01-21 11:40:00,2019,1,21,11,40,45,45232,AVENUE DE SOLOGNE,47.84829,1.91113,Plein jour,Hors agglomération,Hors intersection,Normale,Autre collision,3,1,2,0,2,3,1,3,1,70,1,1,0,0,0,1,24.0,,voiture,,1,1,1,1,6
201900031654,2019-01-17 18:00:00,2019,1,17,18,0,44,44109,RUE AUGUSTE RENOIR,47.223229,-1.595034,Crépuscule ou aube,En agglomération,Hors intersection,Normale,Deux véhicules - côté,4,2,0,0,1,1,1,0,1,50,2,2,1,0,0,1,34.0,36.0,voiture,voiture,2,2,1,1,3
201900031655,2019-01-22 03:25:00,2019,1,22,3,25,44,44109,GIGANT ( RUE DE ),47.214356,-1.571142,Nuit sans éclairage public,En agglomération,Hors intersection,Normale,Deux véhicules - arrière,4,2,3,1,2,3,1,0,1,50,2,3,1,0,2,0,43.0,25.0,voiture,deux_roues,3,2,1,1,2
201900031656,2019-01-22 06:57:00,2019,1,22,6,57,38,38421,D1087 - AVENUE GABRIEL PÉRI,45.18785,5.74849,Nuit avec éclairage non allumé,En agglomération,Hors intersection,Normale,Autre collision,3,3,6,3,1,1,1,0,1,50,1,3,0,2,1,0,32.0,,voiture,,4,2,1,1,6
201900031657,2019-01-22 20:34:00,2019,1,22,20,34,37,37261,MAGINOT (AV. ANDRE),47.413,0.686,Nuit avec éclairage allumé,En agglomération,Hors intersection,Pluie légère,Sans collision,4,3,2,0,1,1,2,0,1,50,1,1,0,0,0,1,38.0,,deux_roues,,5,2,1,2,7
201900031658,2019-01-22 08:30:00,2019,1,22,8,30,37,37261,EUROPE (AVENUE DE L'),47.4228962,0.6857104,Plein jour,En agglomération,Intersection en T,Pluie légère,Autre collision,4,2,2,0,1,1,2,0,1,50,1,3,2,0,0,1,29.0,,voiture,,1,2,3,2,6
201900031659,2019-01-22 08:00:00,2019,1,22,8,0,37,37261,REPUBLIQUE (AVENUE DE LA),47.41082,0.69563,Plein jour,En agglomération,Giratoire,Pluie légère,Autre collision,4,2,2,0,2,1,2,5,1,50,1,2,1,0,0,1,51.0,,voiture,,1,2,6,2,6
201900031660,2019-01-22 08:50:00,2019,1,22,8,50,37,37261,MARECHAL JUIN (BD),47.41465,0.70328,Crépuscule ou aube,En agglomération,Hors intersection,Pluie forte,Autre collision,4,1,4,3,1,1,2,0,1,50,1,1,0,0,0,1,18.0,,deux_roues,,2,2,1,3,6
201900031661,2019-01-22 07:55:00,2019,1,22,7,55,37,37261,CHAUTEMPS (AVENUE CAMILLE),47.374685,0.7177401,Nuit avec éclairage allumé,En agglomération,Intersection en T,Pluie légère,Deux véhicules - côté,4,2,2,0,1,1,2,0,1,50,2,2,1,0,0,1,40.0,29.0,deux_roues,voiture,5,2,3,2,3
201900031662,2019-01-21 11:20:00,2019,1,21,11,20,34,34172,RENOUVIER (BOULEVARD),43.60485,3.86758,Plein jour,En agglomération,Intersection en T,Normale,Deux véhicules - côté,4,2,2,0,1,1,1,0,1,50,2,2,1,0,0,1,41.0,63.0,voiture,voiture,1,2,3,1,3
201900031663,2019-01-16 07:58:00,2019,1,16,7,58,33,33318,RUE DE COMPOSTELLE - VL va vers crs de la Libération et 3RM vient du Crs de la Libération,44.79444,-0.61062,Crépuscule ou aube,En agglomération,Intersection en Y,Normale,Deux véhicules - côté,4,2,2,0,1,2,1,0,8,50,2,2,1,0,1,0,49.0,21.0,deux_roues,voiture,2,2,4,1,3
201900031664,2019-01-18 07:00:00,2019,1,18,7,0,33,33063,358 rue Pasteur,44.84738,-0.62505,Crépuscule ou aube,En agglomération,Intersection en T,Pluie légère,Deux véhicules - côté,4,2,2,0,1,1,2,0,1,50,2,2,1,0,1,0,54.0,26.0,deux_roues,voiture,2,2,3,2,3
201900031665,2019-01-15 09:20:00,2019,1,15,9,20,33,33318,RUE DE LA POUDRIERE / AV DES PALOMBES,44.78913,-0.69779,Crépuscule ou aube,En agglomération,Giratoire,Temps éblouissant,Autre collision,4,2,2,0,1,1,1,0,1,50,1,2,1,0,0,1,69.0,,voiture,,2,2,6,7,6
201900031666,2019-01-11 07:52:00,2019,1,11,7,52,33,33318,AVE GUSTAVE EIFFEL,44.78586,-0.64161,Nuit avec éclairage non allumé,En agglomération,Hors intersection,Normale,Autre collision,4,2,2,0,1,1,1,0,1,50,1,2,1,0,1,0,46.0,,deux_roues,,4,2,1,1,6
201900031667,2019-01-13 12:05:00,2019,1,13,12,5,33,33162,EX RD1215 rte de Lacanau avant giratoire Av.Jean Mermoz direction Lacanau,44.8748,-0.6598,Plein jour,En agglomération,Giratoire,Pluie légère,Deux véhicules - arrière,4,3,4,0,1,1,2,5,1,50,2,3,2,0,0,1,50.0,32.0,voiture,voiture,1,2,6,2,2
201900031668,2019-01-22 09:05:00,2019,1,22,9,5,31,31555,ROND POINT JEROME PUGENS,43.58945,1.47879,Plein jour,En agglomération,Giratoire,Normale,Deux véhicules - côté,4,1,1,0,1,2,1,0,1,50,2,2,1,0,0,1,79.0,31.0,voiture,deux_roues,1,2,6,1,3
201900031669,2019-01-21 16:40:00,2019,1,21,16,40,31,31555,BD MATABIAU,43.61595,1.43869,Plein jour,En agglomération,Intersection en Y,Normale,Deux véhicules - côté,4,1,2,0,1,3,1,0,1,50,2,2,1,0,0,1,35.0,32.0,deux_roues,voiture,1,2,4,1,3
201900031670,2019-01-21 18:50:00,2019,1,21,18,50,30,30028,EUZEBY (AVENUE ERNEST),44.15504,4.61506,Nuit avec éclairage allumé,En agglomération,Hors intersection,Normale,Autre collision,3,2,2,0,1,1,1,0,1,50,1,3,1,0,1,1,52.0,,voiture,,5,2,1,1,6
201900031671,2019-01-22 07:40:00,2019,1,22,7,40,30,30028,ROUTE DE NIMES,44.1482537,4.6155828,Crépuscule ou aube,En agglomération,Hors intersection,Normale,Autre collision,3,2,2,0,1,1,1,0,1,70,1,2,1,0,0,1,19.0,,voiture,,2,2,1,1,6
201900031672,2019-01-22 08:10:00,2019,1,22,8,10,29,29051,ROUILLEN AVENUE,47.9972184,-4.0596731,Nuit avec éclairage allumé,En agglomération,Hors intersection,Pluie légère,Sans collision,3,2,2,0,1,1,2,0,1,50,1,1,0,0,0,1,72.0,,voiture,,5,2,1,2,7
201900031673,2019-01-22 18:35:00,2019,1,22,18,35,17,17299,DENFERT ROCHEREAU 45 RUE,45.9378345,-0.9671711,Nuit avec éclairage allumé,En agglomération,Hors intersection,Pluie légère,Autre collision,4,2,2,0,1,1,2,0,1,50,1,2,1,0,1,0,70.0,,voiture,,5,2,1,2,6
201900031674,2019-01-22 19:10:00,2019,1,22,19,10,14,14341,RABIN (BOULEVARD YTHAK),49.14944,-0.35245,Crépuscule ou aube,En agglomération,Hors intersection,Normale,Autre collision,4,2,2,0,1,1,1,0,1,50,1,3,1,0,0,2,58.0,,voiture,,2,2,1,1,6
201900031675,2019-01-22 17:55:00,2019,1,22,17,55,14,14118,TROUVILLE (AVENUE DE),49.17507,-0.33696,Nuit avec éclairage allumé,En agglomération,Hors intersection,Pluie forte,Deux véhicules - côté,3,2,2,0,1,1,2,0,1,50,2,3,2,0,1,0,31.0,36.0,voiture,voiture,5,2,1,3,3
201900031676,2019-01-22 21:05:00,2019,1,22,21,5,13,13214,CAPITAINE GEZE (BOULEVARD),43.32982,5.36721,Nuit avec éclairage allumé,En agglomération,Giratoire,Normale,Autre collision,4,1,1,0,1,1,1,2,1,50,1,1,0,0,0,1,,,,,5,2,6,1,6
201900031677,2019-01-22 19:30:00,2019,1,22,19,30,13,13208,MICHELET (BOULEVARD),43.27048,5.39247,Nuit avec éclairage allumé,En agglomération,Hors intersection,Normale,Deux véhicules - côté,4,2,6,3,1,1,1,0,1,50,2,2,1,0,0,1,70.0,30.0,voiture,deux_roues,5,2,1,1,3
201900031678,2019-01-22 17:00:00,2019,1,22,17,0,13,13210,L ARMEE D AFRIQUE (CHEMIN DE L'),43.286753,5.414149,Plein jour,En agglomération,Hors intersection,Normale,Deux véhicules - frontale,4,2,2,0,1,1,1,0,1,50,2,2,0,0,0,2,35.0,44.0,voiture,voiture,1,2,1,1,1
201900031679,2019-01-21 13:00:00,2019,1,21,13,0,13,13214,CADE (RUE),43.331877,5.392164,Plein jour,En agglomération,Hors intersection,Normale,Autre collision,4,2,2,0,1,1,1,0,1,50,2,1,0,0,0,1,35.0,,deux_roues,,1,2,1,1,6
201900031680,2019-01-21 19:50:00,2019,1,21,19,50,13,13209,COL DE LA GINESTE D559,43.23906,5.48657,Nuit sans éclairage public,Hors agglomération,Hors intersection,Normale,Deux véhicules - côté,3,2,0,0,1,1,1,0,1,70,2,2,1,0,0,1,56.0,22.0,voiture,voiture,3,1,1,1,3
201900031681,2019-01-22 18:18:00,2019,1,22,18,18,10,10362,ROCADE OUEST (RD 610),48.3053127,4.0229736,Nuit sans éclairage public,Hors agglomération,Hors intersection,Neige / grêle,Autre collision,3,2,6,0,1,1,5,9,1,100,1,1,0,0,0,1,57.0,,utilitaire_camion,,3,1,1,4,6
201900031682,2019-01-22 16:54:00,2019,1,22,16,54,10,10387,DAMPIERRE (QUAI),48.3014,4.075,Plein jour,En agglomération,Hors intersection,Neige / grêle,Autre collision,4,3,4,0,1,1,5,0,1,50,1,4,3,0,0,1,47.0,,voiture,,1,2,1,4,6
201900031683,2019-01-22 19:30:00,2019,1,22,19,30,6,06069,13 CROISSET (AVENUE FR. DE),43.67194,6.94248,Nuit sans éclairage public,En agglomération,Hors intersection,Normale,Autre collision,3,2,2,0,1,3,1,0,1,50,2,2,1,0,0,1,43.0,56.0,voiture,deux_roues,3,2,1,1,6
201900031684,2019-01-22 07:45:00,2019,1,22,7,45,6,06029,PICAUD (AVENUE DU DOCTEUR),43.55052,6.993697,Crépuscule ou aube,En agglomération,Intersection en X,Normale,Trois véhicules et plus - collisions multiples,4,2,4,0,1,1,1,0,1,50,3,3,2,0,1,0,50.0,18.0,voiture,deux_roues,2,2,2,1,5
201900031685,2019-01-21 13:05:00,2019,1,21,13,5,3,03185,boulevard de Courtais,46.338582,2.6069112,Plein jour,En agglomération,Hors intersection,Normale,Autre collision,4,2,2,0,1,1,1,0,1,50,1,2,0,0,0,2,32.0,,deux_roues,,1,2,1,1,6
201900031686,2019-01-22 11:30:00,2019,1,22,11,30,75,75114,PORTE D ORLEANS,48.819228,2.329614,Plein jour,En agglomération,Hors intersection,Neige / grêle,Deux véhicules - arrière,4,1,2,0,1,1,5,0,1,70,2,2,1,0,0,1,24.0,28.0,deux_roues,voiture,1,2,1,4,2
201900031687,2019-01-15 15:20:00,2019,1,15,15,20,75,75119,BOULEVARD PERIPHERIQUE,48.895318,2.394566,Plein jour,En agglomération,Hors intersection,Normale,Deux véhicules - côté,4,1,4,0,1,1,1,0,1,70,2,3,2,0,0,1,30.0,50.0,voiture,deux_roues,1,2,1,1,3
201900031688,2019-01-21 22:10:00,2019,1,21,22,10,75,75116,AVENUE DE VERSAILLES,48.849673,2.276019,Nuit avec éclairage allumé,En agglomération,Intersection en T,Normale,Autre collision,4,2,2,0,1,1,1,0,1,50,1,1,0,0,1,0,58.0,,deux_roues,,5,2,3,1,6
201900031689,2019-01-21 10:54:00,2019,1,21,10,54,75,75115,BOULEVARD LEFEBVRE,48.828483,2.301379,Plein jour,En agglomération,Intersection en X,Normale,Deux véhicules - côté,4,2,4,0,1,1,1,5,1,50,2,2,1,0,1,0,33.0,80.0,deux_roues,voiture,1,2,2,1,3
201900031690,2019-01-21 22:30:00,2019,1,21,22,30,75,75119,AVENUE CORENTIN CARIOU,48.898186,2.386011,Nuit avec éclairage allumé,En agglomération,Intersection en T,Normale,Autre collision,4,1,2,0,1,1,1,1,1,50,3,3,1,0,0,2,33.0,26.0,voiture,voiture,5,2,3,1,6
201900031691,2019-01-22 16:20:00,2019,1,22,16,20,75,75118,RUE STEPHENSON,48.886295,2.356565,Plein jour,En agglomération,Intersection en T,Temps couvert,Autre collision,4,2,2,0,1,1,2,0,1,50,1,2,1,0,0,1,62.0,,voiture,,1,2,3,8,6