accident_id,datetime,annee,mois,jour,heure,minute,departement,commune_insee,adresse,latitude,longitude,luminosite,agglomeration,intersection,meteo,collision,catr,circ,nbv,vosp,prof,plan,surf,infra,situ,vma,nb_vehicules,nb_usagers,nb_indemnes,nb_tues,nb_blesses_hosp,nb_blesses_legers,age_cond_1,age_cond_2,veh_type_cond_1,veh_type_cond_2,lum_code,agg_code,int_code,atm_code,col_code
201900031784,2019-06-24 18:08:00,2019,6,24,18,8,10,10357,GENERAL DE GAULLE (RUE DU),48.2978,4.11752,Plein jour,En agglomération,Hors intersection,Normale,Deux véhicules - arrière,7,2,1,0,1,1,1,0,1,50,2,3,2,0,0,1,65.0,37.0,voiture,voiture,1,2,1,1,2
201900031785,2019-06-25 20:44:00,2019,6,25,20,44,6,06088,SORGENTINO (R.),43.7110613,7.2918144,Crépuscule ou aube,En agglomération,Intersection en X,Normale,Deux véhicules - côté,4,2,2,0,1,1,1,0,1,50,2,4,2,0,1,1,31.0,21.0,deux_roues,voiture,2,2,2,1,3
201900031786,2019-06-25 07:57:00,2019,6,25,7,57,6,06069,POMPIDOU (AVENUE GEORGES) -RD 6085,43.6485824,6.9353458,Plein jour,En agglomération,Hors intersection,Normale,Sans collision,3,-1,2,0,2,1,1,0,1,50,1,1,0,0,0,1,59.0,,voiture,,1,2,1,1,7
201900031787,2019-06-24 15:30:00,2019,6,24,15,30,5,05061,EYSSAGNIERES ( ROUTE DES ),44.5442,6.05309,Plein jour,En agglomération,Intersection en T,Normale,Deux véhicules - côté,3,2,2,0,2,1,1,0,1,50,2,4,2,0,0,2,23.0,16.0,voiture,voiture,1,2,3,1,3
201900031788,2019-06-24 16:08:00,2019,6,24,16,8,75,75105,BOULEVARD DE PORT ROYAL,48.83769,2.3455,Plein jour,En agglomération,Intersection en X,Normale,Trois véhicules et plus - collisions multiples,4,2,2,3,1,1,1,0,1,50,3,3,1,0,0,2,63.0,17.0,voiture,deux_roues,1,2,2,1,5
201900031789,2019-06-25 19:00:00,2019,6,25,19,0,75,75118,AVENUE DE SAINT OUEN,48.889983,2.326457,Plein jour,En agglomération,Hors intersection,Normale,Trois véhicules et plus - en chaîne,4,2,4,1,2,1,1,0,5,30,3,3,2,0,0,1,38.0,33.0,deux_roues,voiture,1,2,1,1,4
201900031790,2019-06-25 17:25:00,2019,6,25,17,25,75,75116,ROUTE DE SURESNES,48.867142,2.257234,Plein jour,En agglomération,Hors intersection,Normale,Autre collision,4,2,2,0,1,1,1,0,1,50,1,1,0,0,0,1,23.0,,deux_roues,,1,2,1,1,6
201900031791,2019-06-24 19:30:00,2019,6,24,19,30,75,75115,RUE BRANCION,48.831869,2.302862,Plein jour,En agglomération,Hors intersection,Normale,Autre collision,4,1,1,0,2,1,1,0,1,50,2,1,0,0,0,1,35.0,,deux_roues,,1,2,1,1,6
201900031792,2019-06-25 08:25:00,2019,6,25,8,25,75,75113,QUAI PANHARD ET LEVASSOR,48.829229,2.383545,Plein jour,En agglomération,Intersection en T,Normale,Deux véhicules - arrière,4,2,4,0,1,1,1,0,1,50,2,2,1,0,0,1,46.0,30.0,voiture,deux_roues,1,2,3,1,2
201900031793,2019-06-25 11:20:00,2019,6,25,11,20,75,75112,AVENUE DAUMESNIL,48.847292,2.375326,Plein jour,En agglomération,Intersection en X,Normale,Deux véhicules - côté,4,1,2,0,1,1,1,0,1,50,2,2,1,0,0,1,49.0,45.0,voiture,deux_roues,1,2,2,1,3
201900031794,2019-06-24 19:20:00,2019,6,24,19,20,75,75112,AVENUE DU GENERAL MICHEL BIZOT,48.835691,2.402223,Plein jour,En agglomération,Hors intersection,Normale,Autre collision,4,2,2,0,1,1,1,0,1,50,1,3,1,0,0,2,31.0,,voiture,,1,2,1,1,6
201900031795,2019-06-25 14:55:00,2019,6,25,14,55,75,75110,AVENUE PARMENTIER,48.870354,2.370794,Plein jour,En agglomération,Hors intersection,Normale,Deux véhicules - côté,4,2,2,0,1,1,1,0,1,50,2,2,0,0,0,2,67.0,31.0,voiture,deux_roues,1,2,1,1,3
201900031796,2019-06-25 15:00:00,2019,6,25,15,0,75,75111,RUE RAMPON,48.866479,2.368127,Plein jour,En agglomération,Intersection en Y,Normale,Autre collision,4,1,1,0,1,1,1,0,1,30,2,1,0,0,0,1,39.0,,voiture,,1,2,4,1,6
201900031797,2019-09-04 20:50:00,2019,9,4,20,50,93,93049, PRESIDENT JOHN KENNEDY (AVENUE),48.86554,2.51153,Nuit sans éclairage public,En agglomération,Intersection en T,Normale,Deux véhicules - côté,4,2,2,0,2,1,1,0,1,50,2,3,2,0,0,1,22.0,33.0,deux_roues,voiture,3,2,3,1,3
201900031798,2019-06-25 01:00:00,2019,6,25,1,0,75,75111,BOULEVARD VOLTAIRE,48.863784,2.370066,Nuit avec éclairage allumé,En agglomération,Intersection en X,Normale,Deux véhicules - côté,4,2,2,0,1,1,1,0,1,50,2,2,1,0,0,1,21.0,30.0,voiture,deux_roues,5,2,2,1,3
201900031799,2019-09-04 10:15:00,2019,9,4,10,15,93,93032,EMILE  COSSONNEAU  (AVENUE),48.8745,2.55662,Plein jour,En agglomération,Hors intersection,Normale,Deux véhicules - côté,4,2,2,0,1,1,1,0,1,50,2,2,0,0,0,2,23.0,,deux_roues,,1,2,1,1,3
201900031800,2019-06-25 09:10:00,2019,6,25,9,10,75,75108,AVENUE DE WAGRAM,48.876197,2.296894,Plein jour,En agglomération,Hors intersection,Normale,Sans collision,4,2,8,3,2,1,1,0,6,50,1,1,0,0,0,1,56.0,,deux_roues,,1,2,1,1,7
201900031801,2019-06-25 16:20:00,2019,6,25,16,20,75,75107,ALLEE JEAN PAULHAN,48.858966,2.296043,Plein jour,En agglomération,Hors intersection,Normale,Autre collision,4,-1,0,0,1,1,1,6,8,10,1,2,0,0,0,2,12.0,,deux_roues,,1,2,1,1,6
201900031802,2019-09-04 05:45:00,2019,9,4,5,45,93,93008,GAUTIER (RUE HENRI),48.90596,2.42375,Nuit avec éclairage allumé,En agglomération,Hors intersection,Normale,Deux véhicules - arrière,4,2,2,0,1,1,1,0,1,50,2,2,1,0,0,1,49.0,49.0,utilitaire_camion,utilitaire_camion,5,2,1,1,2
201900031803,2019-06-25 05:40:00,2019,6,25,5,40,75,75107,BOULEVARD DES INVALIDES,48.851946,2.314526,Plein jour,En agglomération,Hors intersection,Normale,Autre collision,4,2,4,0,1,1,1,5,1,50,1,1,0,0,0,1,21.0,,deux_roues,,1,2,1,1,6
201900031804,2019-09-04 15:00:00,2019,9,4,15,0,93,93005,ROBERT BREMOND (RUE),48.957576,2.464071,Plein jour,En agglomération,Giratoire,Normale,Deux véhicules - côté,7,-1,1,0,1,1,1,0,1,50,2,3,2,0,0,1,53.0,30.0,utilitaire_camion,voiture,1,2,6,1,3
201900031805,2019-06-25 02:10:00,2019,6,25,2,10,75,75107,BOULEVARD RASPAIL,48.853964,2.326012,Nuit avec éclairage allumé,En agglomération,Hors intersection,Normale,Autre collision,4,1,2,0,1,1,1,0,1,50,1,2,0,0,0,2,25.0,,deux_roues,,5,2,1,1,6
201900031806,2019-06-25 10:00:00,2019,6,25,10,0,75,75109,RUE TAITBOUT,48.875814,2.335311,Plein jour,En agglomération,Hors intersection,Normale,Autre collision,4,1,1,0,1,1,1,0,1,50,1,2,1,0,0,1,43.0,,voiture,,1,2,1,1,6
201900031807,2019-09-04 15:00:00,2019,9,4,15,0,92,92075,PIERRE BROSSOLETTE (AVENUE),48.8121,2.3007,Plein jour,En agglomération,Intersection en X,Normale,Deux véhicules - frontale,3,3,4,0,1,1,1,0,1,50,2,2,1,0,0,1,28.0,22.0,deux_roues,utilitaire_camion,1,2,2,1,1
201900031808,2019-06-23 21:30:00,2019,6,23,21,30,94,94081,EDOUARD TIL (R),48.79128,2.38383,Plein jour,En agglomération,Intersection en T,Normale,Autre collision,4,2,2,0,1,1,1,0,1,50,2,1,0,0,0,1,22.0,,deux_roues,,1,2,3,1,6
201900031809,2019-09-04 09:30:00,2019,9,4,9,30,92,92026,COLOMBES,48.89859,2.25662,Plein jour,En agglomération,Hors intersection,Normale,Deux véhicules - côté,3,2,2,0,1,1,1,0,1,50,2,2,1,0,0,1,22.0,29.0,utilitaire_camion,deux_roues,1,2,1,1,3
201900031810,2019-06-25 09:40:00,2019,6,25,9,40,94,94080,IDALIE (R D),48.84547,2.44014,Plein jour,En agglomération,Intersection en T,Normale,Deux véhicules - côté,4,1,2,0,1,1,1,0,1,50,2,2,1,0,0,1,41.0,62.0,deux_roues,voiture,1,2,3,1,3
201900031811,2019-06-25 09:20:00,2019,6,25,9,20,94,94078,PARIS (R DE),48.73558,2.44685,Plein jour,En agglomération,Hors intersection,Normale,Deux véhicules - côté,2,2,5,0,1,1,1,0,1,50,2,2,1,0,0,1,35.0,41.0,voiture,deux_roues,1,2,1,1,3
201900031812,2019-06-25 08:50:00,2019,6,25,8,50,94,94078,CHOISY (AV DE),48.73881,2.4445,Plein jour,En agglomération,Hors intersection,Normale,Autre collision,3,3,2,0,1,1,1,0,1,50,1,1,0,0,0,1,22.0,,voiture,,1,2,1,1,6
201900031813,2019-09-04 08:00:00,2019,9,4,8,0,92,92007,RAVERA (AVENUE HENRI) N° 92 A 106,48.80983,2.31743,Plein jour,En agglomération,Giratoire,Normale,Deux véhicules - côté,3,3,2,0,1,2,1,0,1,50,2,2,1,0,0,1,44.0,82.0,utilitaire_camion,deux_roues,1,2,6,1,3
201900031814,2019-06-25 19:20:00,2019,6,25,19,20,94,94046,PROFESSEUR CADIOT (AV DU),48.8060388,2.4300433,Plein jour,En agglomération,Hors intersection,Normale,Autre collision,3,2,4,0,1,1,1,0,1,50,2,2,1,0,0,1,49.0,26.0,voiture,deux_roues,1,2,1,1,6
201900031815,2019-09-03 18:30:00,2019,9,3,18,30,31,31418,rd 70,43.6270489,1.5305128,Plein jour,En agglomération,Hors intersection,Temps éblouissant,Deux véhicules - côté,3,2,2,0,2,1,1,0,1,50,2,2,1,0,1,0,33.0,51.0,voiture,deux_roues,1,2,1,7,3
201900031816,2019-09-04 12:30:00,2019,9,4,12,30,972,97210,RN6 PK 10+250,14.61487,-60.911982,Plein jour,Hors agglomération,Hors intersection,Normale,Deux véhicules - frontale,2,2,2,0,1,1,1,0,1,80,2,2,0,0,1,1,41.0,57.0,voiture,voiture,1,1,1,1,1
201900031817,2019-06-25 15:50:00,2019,6,25,15,50,94,94046,GENERAL DE GAULLE (AV DU),48.814,2.4211,Plein jour,En agglomération,Hors intersection,Normale,Deux véhicules - côté,3,-1,4,0,1,1,1,0,1,50,2,2,1,0,0,1,43.0,35.0,utilitaire_camion,deux_roues,1,2,1,1,3
201900031818,2019-06-23 21:50:00,2019,6,23,21,50,94,94041,PIERRE SEMARD (AV),48.81759,2.38155,Crépuscule ou aube,En agglomération,Intersection en X,Normale,Deux véhicules - frontale,3,2,2,0,1,1,1,0,1,50,2,2,1,0,0,1,46.0,22.0,voiture,deux_roues,2,2,2,1,1
201900031819,2019-07-12 16:00:00,2019,7,12,16,0,27,27229,nationale 1013,48.999578,1.157376,Plein jour,Hors agglomération,Hors intersection,Normale,Autre collision,2,-1,2,0,1,1,1,0,1,110,1,2,1,0,1,0,39.0,,voiture,,1,1,1,1,6
201900031820,2019-06-25 10:50:00,2019,6,25,10,50,94,94079,REGARD DES LUATS (R DU),48.8207,2.53052,Plein jour,En agglomération,Intersection en X,Normale,Deux véhicules - côté,4,2,2,0,1,1,1,0,1,50,2,2,1,0,0,1,53.0,50.0,voiture,voiture,1,2,2,1,3
201900031821,2019-09-04 21:15:00,2019,9,4,21,15,63,63240,Rd51,46.0370982,3.2360038,Nuit sans éclairage public,Hors agglomération,Hors intersection,Normale,Sans collision,3,2,2,0,1,1,1,0,3,80,1,1,0,1,0,0,26.0,,deux_roues,,3,1,1,1,7
201900031822,2019-09-05 12:46:00,2019,9,5,12,46,67,67302,RD1404 - PK2+500,48.743265,7.393109,Plein jour,Hors agglomération,Hors intersection,Normale,Deux véhicules - frontale,3,2,2,0,1,1,1,0,1,80,2,2,0,0,1,1,32.0,55.0,utilitaire_camion,voiture,1,1,1,1,1
201900031823,2019-06-25 09:30:00,2019,6,25,9,30,94,94018,REPUBLIQUE (R DE LA),48.82257,2.41305,Plein jour,En agglomération,Hors intersection,Normale,Trois véhicules et plus - collisions multiples,4,1,2,0,1,1,1,0,1,30,4,4,3,0,0,1,43.0,28.0,utilitaire_camion,voiture,1,2,1,1,5
201900031824,2019-06-25 20:00:00,2019,6,25,20,0,93,93059,PAUL LAFARGUE (RUE),48.97135,2.37208,Plein jour,En agglomération,Hors intersection,Normale,Autre collision,4,1,1,0,1,1,1,0,1,50,1,1,0,0,0,1,,,,,1,2,1,1,6
201900031825,2019-09-04 17:45:00,2019,9,4,17,45,74,74019,Route de Champ Moisi,45.9399,6.144243,Plein jour,En agglomération,Giratoire,Temps éblouissant,Deux véhicules - côté,4,2,2,1,1,1,1,0,6,50,2,2,1,0,0,1,85.0,39.0,deux_roues,deux_roues,1,2,6,7,3
201900031826,2019-09-04 19:00:00,2019,9,4,19,0,83,83140,,43.417091,5.870212,Plein jour,Hors agglomération,Hors intersection,Normale,Sans collision,3,2,2,0,1,2,1,0,1,80,1,1,0,0,1,0,34.0,,deux_roues,,1,1,1,1,7
201900031827,2019-06-25 10:50:00,2019,6,25,10,50,93,93070,MICHELET (AVE) : DU 1 AU 103,48.9022,2.34399,Plein jour,En agglomération,Hors intersection,Normale,Deux véhicules - côté,3,2,0,0,1,1,1,0,1,50,2,2,1,0,0,1,75.0,49.0,deux_roues,voiture,1,2,1,1,3
201900031828,2019-06-25 15:00:00,2019,6,25,15,0,93,93055,JEAN LOLIVE (AVENUE)(1/55 2/60),48.89123,2.4028,Plein jour,En agglomération,Hors intersection,Normale,Deux véhicules - côté,3,3,6,0,1,1,1,5,1,50,2,3,2,0,0,1,14.0,59.0,deux_roues,voiture,1,2,1,1,3
201900031829,2019-06-25 11:55:00,2019,6,25,11,55,93,93006,SAMPAIX RUE LUCIEN,48.8703,2.4272,Plein jour,En agglomération,Hors intersection,Normale,Autre collision,9,1,1,0,1,1,1,8,1,30,1,2,1,0,1,0,43.0,,voiture,,1,2,1,1,6
201900031830,2019-09-02 05:30:00,2019,9,2,5,30,56,56264,Kerchopine,48.0065817,-3.3379245,Nuit sans éclairage public,Hors agglomération,Intersection en X,Normale,Deux véhicules - côté,3,2,2,0,1,1,1,0,1,80,2,3,1,0,0,2,32.0,24.0,voiture,utilitaire_camion,3,1,2,1,3
201900031831,2019-06-25 09:45:00,2019,6,25,9,45,93,93031,REPUBLIQUE (AVENUE),48.949853,2.3296648,Plein jour,En agglomération,Autre intersection,Normale,Deux véhicules - arrière,3,1,2,0,1,1,1,0,1,50,2,2,1,0,0,1,26.0,47.0,voiture,voiture,1,2,9,1,2
201900031832,2019-09-05 14:12:00,2019,9,5,14,12,76,76141,rd 910,49.616448,0.406645,Plein jour,Hors agglomération,Hors intersection,Normale,Deux véhicules - frontale,3,2,2,0,1,1,1,0,1,80,2,4,0,0,0,4,46.0,52.0,voiture,voiture,1,1,1,1,1
201900031833,2019-06-25 17:05:00,2019,6,25,17,5,93,93014,MAURICE AUDIN (ALLEE),48.90876,2.54622,Plein jour,Hors agglomération,Intersection en Y,Normale,Deux véhicules - côté,4,3,2,0,2,1,1,5,1,50,2,2,1,0,0,1,34.0,19.0,voiture,deux_roues,1,1,4,1,3
201900031834,2019-09-04 20:00:00,2019,9,4,20,0,2A,2A130,7 Lotissement Punta Di Vesco,41.87305,8.785131,Crépuscule ou aube,En agglomération,Hors intersection,Normale,Trois véhicules et plus - collisions multiples,3,2,2,0,1,1,1,0,1,50,3,3,1,0,2,0,25.0,30.0,deux_roues,deux_roues,2,2,1,1,5
201900031835,2019-06-25 21:50:00,2019,6,25,21,50,93,93005,JULES PRINCET [CD115] (RUE),48.92404,2.501603,Crépuscule ou aube,En agglomération,Hors intersection,Normale,Deux véhicules - arrière,3,2,0,0,1,1,1,0,1,50,2,3,1,0,0,2,47.0,47.0,voiture,voiture,2,2,1,1,2
201900031836,2019-09-05 05:10:00,2019,9,5,5,10,2B,2B286,route de pinarello RD  406,42.488628,9.52904,Nuit sans éclairage public,Hors agglomération,Hors intersection,Normale,Autre collision,3,2,2,0,1,1,1,0,3,70,1,1,0,0,0,1,20.0,,voiture,,3,1,1,1,6
201900031837,2019-06-25 11:10:00,2019,6,25,11,10,93,93005,DROITS DE LHOMME (CARREFOUR DES),48.927747,2.490858,Plein jour,En agglomération,Autre intersection,Normale,Trois véhicules et plus - collisions multiples,3,1,2,0,1,1,1,0,1,50,3,3,2,0,0,1,69.0,32.0,voiture,voiture,1,2,9,1,5
201900031838,2019-06-25 12:30:00,2019,6,25,12,30,92,92051,GENERAL KOENIG (BOULEVARD DU),48.88412,2.2544,Plein jour,En agglomération,Autre intersection,Normale,Deux véhicules - côté,3,2,4,0,1,1,1,0,1,50,2,2,1,0,0,1,41.0,23.0,deux_roues,voiture,1,2,9,1,3
201900031839,2019-09-04 02:30:00,2019,9,4,2,30,2B,2B077,RT 10 -SAN PANCRACE,42.470506,9.487147,Nuit avec éclairage allumé,Hors agglomération,Hors intersection,Normale,Deux véhicules - côté,2,2,2,0,1,1,1,0,1,-1,2,2,1,0,0,1,22.0,22.0,voiture,voiture,5,1,1,1,3
201900031840,2019-06-25 18:20:00,2019,6,25,18,20,92,92040,BOURGAIN (AVENE),48.821653,2.265931,Plein jour,En agglomération,Hors intersection,Normale,Deux véhicules - côté,4,2,2,0,2,2,1,0,1,50,2,2,1,0,0,1,24.0,27.0,voiture,deux_roues,1,2,1,1,3
201900031841,2019-09-04 16:25:00,2019,9,4,16,25,65,65446,Intersection D8 - D27,43.326342,0.10071,Plein jour,En agglomération,Intersection en X,Normale,Deux véhicules - côté,3,2,2,0,1,1,1,0,1,50,2,2,1,0,1,0,20.0,57.0,voiture,deux_roues,1,2,2,1,3
201900031842,2019-06-25 15:50:00,2019,6,25,15,50,92,92040,VICTOR CRESSON (AVENUE) DU 01 AU 27,48.82323,2.2702,Plein jour,En agglomération,Hors intersection,Normale,Deux véhicules - côté,3,1,2,0,1,1,1,0,1,50,2,2,1,0,0,1,12.0,41.0,deux_roues,transport_commun,1,2,1,1,3
201900031843,2019-06-25 02:00:00,2019,6,25,2,0,92,92062,JEAN MOULIN (AVENUE),48.88721,2.24016,Nuit avec éclairage allumé,En agglomération,Autre intersection,Normale,Deux véhicules - côté,3,3,4,0,2,1,1,0,3,50,2,3,2,0,0,1,32.0,47.0,voiture,voiture,5,2,9,1,3
201900031844,2019-09-03 22:30:00,2019,9,3,22,30,89,89362,D.606  - PR 119 +500,47.5852103,3.7759924,Nuit avec éclairage allumé,Hors agglomération,Hors intersection,Normale,Sans collision,3,2,2,0,1,2,1,1,3,70,1,1,0,0,1,0,43.0,,deux_roues,,5,1,1,1,7
201900031845,2019-06-25 18:40:00,2019,6,25,18,40,92,92026,ARISTIDE BRIAND,48.899683,2.258765,Plein jour,En agglomération,Hors intersection,Normale,Autre collision,4,2,2,0,1,1,1,0,1,30,1,2,1,0,0,1,,,voiture,,1,2,1,1,6
201900031846,2019-09-05 13:00:00,2019,9,5,13,0,89,89263,D319,47.846069,3.55495,Plein jour,En agglomération,Intersection en X,Normale,Deux véhicules - côté,3,2,2,0,1,1,1,0,1,70,2,2,1,0,1,0,31.0,34.0,deux_roues,utilitaire_camion,1,2,2,1,3
201900031847,2019-06-25 19:30:00,2019,6,25,19,30,92,92007,BRIAND (AVENUE ARISTIDE) N° 2 A 98,48.8041915,2.3248943,Plein jour,En agglomération,Hors intersection,Normale,Deux véhicules - arrière,3,1,3,3,1,1,1,0,1,50,2,2,1,0,0,1,31.0,34.0,deux_roues,deux_roues,1,2,1,1,2
201900031848,2019-09-04 18:40:00,2019,9,4,18,40,12,12289,route départementale 5,44.514675,2.235922,Plein jour,Hors agglomération,Hors intersection,Normale,Autre collision,3,2,2,0,2,1,1,0,3,80,1,1,0,0,1,0,19.0,,voiture,,1,1,1,1,6
201900031849,2019-06-23 07:30:00,2019,6,23,7,30,54,54100,RD70,48.774893,6.36193,Crépuscule ou aube,En agglomération,Hors intersection,Normale,Sans collision,3,2,2,0,2,3,1,0,4,50,1,1,0,0,0,1,21.0,,voiture,,2,2,1,1,7
201900031850,2019-06-24 18:00:00,2019,6,24,18,0,83,83072,Rond-Point de la Liberation,43.493197,6.361146,Plein jour,En agglomération,Giratoire,Normale,Deux véhicules - côté,3,-1,2,0,1,1,1,5,1,50,2,2,1,0,0,1,47.0,56.0,voiture,deux_roues,1,2,6,1,3
201900031851,2019-09-04 08:45:00,2019,9,4,8,45,12,12224,RD 95,44.460462,2.974518,Plein jour,En agglomération,Hors intersection,Normale,Deux véhicules - arrière,3,2,2,0,2,1,1,0,1,50,2,2,1,0,0,1,65.0,46.0,utilitaire_camion,voiture,1,2,1,1,2
201900031852,2019-09-03 08:25:00,2019,9,3,8,25,31,31043,Le Village D17,43.201337,0.568437,Crépuscule ou aube,En agglomération,Intersection en T,Temps éblouissant,Deux véhicules - côté,3,2,2,0,1,3,1,0,1,50,2,2,1,0,0,1,58.0,58.0,voiture,utilitaire_camion,2,2,3,7,3
201900031853,2019-09-04 07:45:00,2019,9,4,7,45,2,02543,Rue Émile Benoist,49.172294,3.257446,Plein jour,En agglomération,Autre intersection,Normale,Autre collision,4,2,2,0,2,2,1,0,8,50,2,2,1,0,0,1,29.0,35.0,deux_roues,voiture,1,2,9,1,6
201900031854,2019-06-26 17:55:00,2019,6,26,17,55,25,25143,"N83, PR 002+250",47.021864,5.86774,Plein jour,Hors agglomération,Autre intersection,Temps éblouissant,Trois véhicules et plus - collisions multiples,2,4,2,0,1,3,1,5,1,80,4,6,3,2,1,0,35.0,27.0,utilitaire_camion,utilitaire_camion,1,1,9,7,5
201900031855,2019-09-05 08:20:00,2019,9,5,8,20,70,70103,9 Rue du Moulin Rouge,47.831057,6.480721,Plein jour,En agglomération,Hors intersection,Normale,Sans collision,3,2,2,0,1,3,1,0,3,50,1,1,0,0,1,0,17.0,,deux_roues,,1,2,1,1,7
201900031856,2019-06-26 10:20:00,2019,6,26,10,20,17,17387,Rue des peupliers,45.809613,-0.779473,Plein jour,Hors agglomération,Intersection en X,Normale,Deux véhicules - côté,3,2,2,0,1,1,1,0,1,80,2,2,0,0,1,1,23.0,76.0,voiture,voiture,1,1,2,1,3
201900031857,2019-06-26 10:15:00,2019,6,26,10,15,80,80767,Autoroute A28 - PK021+400,49.973054,1.670162,Plein jour,Hors agglomération,Hors intersection,Normale,Autre collision,1,3,4,0,1,1,1,0,3,130,1,1,0,0,0,1,27.0,,utilitaire_camion,,1,1,1,1,6
201900031858,2019-09-05 16:30:00,2019,9,5,16,30,26,26114,Allée des Promenades,44.522363,5.060343,Plein jour,En agglomération,Hors intersection,Normale,Autre collision,3,2,2,0,1,1,1,0,1,50,1,2,1,1,0,0,66.0,,voiture,,1,2,1,1,6
201900031859,2019-06-26 11:45:00,2019,6,26,11,45,11,11148,"A61, PK354+253, en direction de Narbonne",43.168919,2.708448,Plein jour,Hors agglomération,Autre intersection,Normale,Autre collision,1,3,4,0,1,1,1,0,3,130,1,5,0,0,2,3,18.0,,voiture,,1,1,9,1,6
201900031860,2019-09-05 03:30:00,2019,9,5,3,30,54,54260,rd98,48.566883,6.495823,Nuit sans éclairage public,En agglomération,Intersection en T,Pluie légère,Sans collision,3,3,2,0,1,3,2,9,1,50,1,1,0,0,1,0,28.0,,deux_roues,,3,2,3,2,7
201900031861,2019-06-25 19:58:00,2019,6,25,19,58,45,45092,rd 2060,47.974616,2.616834,Plein jour,Hors agglomération,Hors intersection,Normale,Deux véhicules - arrière,3,2,2,0,1,1,1,0,1,80,2,2,1,0,1,0,21.0,41.0,utilitaire_camion,utilitaire_camion,1,1,1,1,2
201900031862,2019-09-05 12:50:00,2019,9,5,12,50,72,72196,La motte,48.192954,0.298554,Plein jour,Hors agglomération,Hors intersection,Normale,Deux véhicules - frontale,3,2,2,0,1,4,2,0,1,80,2,2,1,0,1,0,19.0,68.0,voiture,utilitaire_camion,1,1,1,1,1
201900031863,2019-06-21 18:10:00,2019,6,21,18,10,83,83148,D48,43.39377,6.437543,Plein jour,Hors agglomération,Intersection en X,Normale,Deux véhicules - côté,3,2,2,0,1,1,1,0,1,80,2,3,1,0,0,2,15.0,49.0,deux_roues,voiture,1,1,2,1,3
201900031864,2019-09-04 18:45:00,2019,9,4,18,45,5,05010,Aiguebelle,44.525316,5.772364,Plein jour,En agglomération,Hors intersection,Normale,Deux véhicules - côté,4,2,2,0,3,4,1,0,1,50,2,2,1,0,1,0,45.0,14.0,voiture,deux_roues,1,2,1,1,3
201900031865,2019-06-26 17:38:00,2019,6,26,17,38,41,41161,A71 - PK146+550 - Sens Vierzon / Orléans,47.507578,2.008476,Plein jour,Hors agglomération,Hors intersection,Normale,Deux véhicules - arrière,1,1,4,0,2,1,1,0,1,-1,2,3,2,0,0,1,29.0,59.0,utilitaire_camion,utilitaire_camion,1,1,1,1,2
201900031866,2019-06-25 15:00:00,2019,6,25,15,0,76,76238,53 Rue Roger Cuvelier,49.563069,0.233962,Plein jour,En agglomération,Intersection en T,Normale,Deux véhicules - côté,3,2,2,0,1,1,1,0,1,50,2,2,1,0,0,1,13.0,59.0,deux_roues,voiture,1,2,3,1,3
201900031867,2019-06-26 01:45:00,2019,6,26,1,45,71,71520,"autoroute A.6, sens Paris-Lyon, P.K. 337+300",46.741716,4.833911,Nuit sans éclairage public,Hors agglomération,Hors intersection,Normale,Trois véhicules et plus - collisions multiples,1,3,5,0,1,1,1,0,1,130,3,3,2,0,1,0,41.0,62.0,utilitaire_camion,utilitaire_camion,3,1,1,1,5
201900031868,2019-09-05 09:10:00,2019,9,5,9,10,4,04108,Chemin des Tilleuls (RP RD 4 / RD 12),44.04308,6.029905,Plein jour,En agglomération,Giratoire,Normale,Autre collision,3,2,2,0,1,2,1,0,1,50,1,2,1,0,0,1,79.0,,voiture,,1,2,6,1,6
201900031869,2019-06-25 12:20:00,2019,6,25,12,20,6,06130,RD 6085,43.6985476,6.8481411,Plein jour,Hors agglomération,Hors intersection,Normale,Deux véhicules - frontale,3,2,2,0,2,3,1,0,1,80,2,2,1,0,1,0,28.0,20.0,deux_roues,deux_roues,1,1,1,1,1
201900031870,2019-09-01 18:20:00,2019,9,1,18,20,85,85204,Les Gros ,46.81494,-1.72495,Plein jour,Hors agglomération,Intersection en T,Normale,Deux véhicules - frontale,3,2,2,0,1,4,1,0,1,70,2,2,1,0,1,0,51.0,33.0,voiture,deux_roues,1,1,3,1,1
201900031871,2019-06-25 13:30:00,2019,6,25,13,30,50,50393,Rue Jean le Couturier (Percy),48.915161,-1.192277,Plein jour,En agglomération,Hors intersection,Normale,Deux véhicules - côté,3,2,2,0,1,1,1,0,1,50,2,2,1,0,0,1,69.0,42.0,voiture,deux_roues,1,2,1,1,3
201900031872,2019-06-26 18:18:00,2019,6,26,18,18,62,62198,D341,50.38782,2.623679,Plein jour,Hors agglomération,Intersection en X,Normale,Deux véhicules - côté,3,2,2,0,1,1,1,0,1,70,2,5,0,0,1,4,23.0,20.0,voiture,voiture,1,1,2,1,3
201900031873,2019-09-04 09:30:00,2019,9,4,9,30,85,85073,Intersection D44 et D7,46.51474,-1.15989,Plein jour,Hors agglomération,Intersection à plus de 4 branches,Normale,Deux véhicules - côté,3,2,2,0,1,1,1,0,1,80,2,4,1,0,0,3,29.0,43.0,voiture,voiture,1,1,5,1,3
201900031874,2019-06-23 19:50:00,2019,6,23,19,50,77,77359,Rue du Grand Moulin,48.477225,2.550357,Plein jour,En agglomération,Hors intersection,Normale,Deux véhicules - côté,4,2,2,0,1,1,1,0,1,50,2,2,1,0,0,1,22.0,21.0,voiture,autre,1,2,1,1,3