accident_id,datetime,annee,mois,jour,heure,minute,departement,commune_insee,adresse,latitude,longitude,luminosite,agglomeration,intersection,meteo,collision,catr,circ,nbv,vosp,prof,plan,surf,infra,situ,vma,nb_vehicules,nb_usagers,nb_indemnes,nb_tues,nb_blesses_hosp,nb_blesses_legers,age_cond_1,age_cond_2,veh_type_cond_1,veh_type_cond_2,lum_code,agg_code,int_code,atm_code,col_code
201900031967,2019-09-03 10:29:00,2019,9,3,10,29,973,97302,FELIX EBOUE(ROCADE),4.9272489,-52.3195231,Plein jour,En agglomération,Intersection en T,Normale,Autre collision,3,2,1,0,1,1,1,0,1,50,2,2,1,0,0,1,25.0,19.0,deux_roues,deux_roues,1,2,3,1,6
201900031968,2019-06-21 00:40:00,2019,6,21,0,40,57,57430,D910,49.026832,6.554348,Nuit sans éclairage public,Hors agglomération,Hors intersection,Normale,Sans collision,3,3,2,0,3,2,1,0,8,80,1,1,0,0,1,0,49.0,,voiture,,3,1,1,1,7
201900031969,2019-09-02 08:30:00,2019,9,2,8,30,973,97302,TIGRE (ROUTE DU),4.9179279,-52.3141479,Plein jour,En agglomération,Hors intersection,Normale,Deux véhicules - arrière,3,2,2,0,1,1,1,0,1,50,2,2,1,0,0,1,32.0,51.0,voiture,deux_roues,1,2,1,1,2
201900031970,2019-09-03 21:15:00,2019,9,3,21,15,69,69387,YVES FARGES                         (BD),45.73739,4.82914,Nuit avec éclairage allumé,En agglomération,Intersection en T,Normale,Deux véhicules - côté,4,2,3,1,1,1,1,0,1,50,2,2,1,0,0,1,30.0,18.0,voiture,deux_roues,5,2,3,1,3
201900031971,2019-09-03 21:20:00,2019,9,3,21,20,69,69259,MARCEL SEMBAT                       (BD),45.71381,4.8783,Nuit avec éclairage allumé,En agglomération,Hors intersection,Normale,Trois véhicules et plus - en chaîne,4,2,4,2,1,1,1,0,1,50,3,3,2,0,0,1,25.0,47.0,voiture,voiture,5,2,1,1,4
201900031972,2019-06-23 00:40:00,2019,6,23,0,40,57,57032,Rue de Verdun,49.083558,6.042238,Nuit avec éclairage non allumé,Hors agglomération,Hors intersection,Normale,Autre collision,3,2,2,0,1,3,1,0,1,80,1,3,0,0,3,0,22.0,,voiture,,4,1,1,1,6
201900031973,2019-09-03 20:20:00,2019,9,3,20,20,69,69259,JODINO (DE)                         (BD),45.6941,4.88755,Crépuscule ou aube,Hors agglomération,Hors intersection,Normale,Deux véhicules - frontale,3,2,2,0,1,2,1,0,1,80,2,2,0,0,0,2,47.0,,voiture,,2,1,1,1,1
201900031974,2019-09-03 17:15:00,2019,9,3,17,15,69,69259,FRANCIS DE PRESSENSE                (AV),45.71585,4.8714,Plein jour,En agglomération,Intersection en T,Normale,Deux véhicules - côté,4,2,3,0,1,1,1,0,1,50,2,2,1,0,0,1,44.0,20.0,deux_roues,voiture,1,2,3,1,3
201900031975,2019-09-03 06:55:00,2019,9,3,6,55,2B,2B037,TOUTES RUES,42.62242,9.43692,Plein jour,Hors agglomération,Hors intersection,Normale,Sans collision,2,2,2,0,1,1,1,0,1,70,1,1,0,0,0,1,51.0,,deux_roues,,1,1,1,1,7
201900031976,2019-06-25 10:50:00,2019,6,25,10,50,42,42041,D 107,45.696685,4.175493,Plein jour,Hors agglomération,Hors intersection,Normale,Deux véhicules - arrière,3,2,2,0,1,1,1,0,1,80,2,2,1,0,0,1,65.0,65.0,voiture,deux_roues,1,1,1,1,2
201900031977,2019-09-03 22:30:00,2019,9,3,22,30,95,95428,DOMONT,49.00712,2.31487,Nuit avec éclairage allumé,En agglomération,Giratoire,Normale,Deux véhicules - frontale,3,1,1,0,1,2,1,9,1,50,2,2,1,0,1,0,30.0,19.0,voiture,deux_roues,5,2,6,1,1
201900031978,2019-06-23 17:15:00,2019,6,23,17,15,38,38557,Avenue des Cèdres,45.795628,5.116263,Plein jour,En agglomération,Hors intersection,Normale,Autre collision,3,2,2,0,1,1,1,0,1,80,1,2,1,0,1,0,19.0,,deux_roues,,1,2,1,1,6
201900031979,2019-06-25 18:10:00,2019,6,25,18,10,38,38565,Quai des Chartreux,45.30954,5.6401,Plein jour,Hors agglomération,Hors intersection,Normale,Deux véhicules - frontale,3,2,2,0,2,1,1,0,1,70,2,2,1,0,0,1,77.0,60.0,voiture,deux_roues,1,1,1,1,1
201900031980,2019-07-29 10:20:00,2019,7,29,10,20,91,91027,MITTERAND (AVENUE FRANCOIS) N° 2 A 110,48.70421,2.3716,Plein jour,En agglomération,Hors intersection,Normale,Autre collision,2,3,4,0,1,1,1,0,3,50,1,2,1,0,0,1,69.0,,voiture,,1,2,1,1,6
201900031981,2019-01-24 10:45:00,2019,1,24,10,45,38,38474,RUE DE L'ARGENTIÈRE,45.19858,5.671105,Plein jour,En agglomération,Intersection en X,Temps couvert,Deux véhicules - côté,4,2,2,0,2,1,2,0,1,50,2,3,2,0,1,0,66.0,38.0,voiture,voiture,1,2,2,8,3
201900031982,2019-09-03 09:40:00,2019,9,3,9,40,91,91479,JEAN JAURES (AVENUE),48.7073,2.365,Plein jour,En agglomération,Intersection en X,Normale,Deux véhicules - côté,4,2,2,0,1,1,1,0,1,30,2,2,1,0,0,1,48.0,38.0,voiture,voiture,1,2,2,1,3
201900031983,2019-06-26 18:45:00,2019,6,26,18,45,69,69065,Route de Romanèche-Thorins,46.161272,4.735076,Plein jour,Hors agglomération,Autre intersection,Normale,Deux véhicules - côté,3,2,2,0,1,1,1,0,1,80,2,2,1,0,1,0,59.0,15.0,voiture,deux_roues,1,1,9,1,3
201900031984,2019-09-02 13:20:00,2019,9,2,13,20,87,87065,MERMOZ (RUE JEAN-),45.81203,1.30245,Plein jour,En agglomération,Intersection en T,Normale,Autre collision,4,2,2,0,1,1,1,0,1,70,2,2,1,0,1,0,20.0,37.0,deux_roues,voiture,1,2,3,1,6
201900031985,2019-09-02 09:10:00,2019,9,2,9,10,85,85194, BOULEVARD DU VENDEE GLOBE ,46.49223,-1.75,Plein jour,En agglomération,Giratoire,Normale,Deux véhicules - côté,4,1,0,2,1,3,1,0,1,30,2,2,1,0,0,1,76.0,82.0,deux_roues,voiture,1,2,6,1,3
201900031986,2019-06-26 07:05:00,2019,6,26,7,5,81,81120,Route Nationale 112,43.527979,2.292307,Plein jour,Hors agglomération,Hors intersection,Normale,Deux véhicules - frontale,2,2,2,0,2,1,1,0,1,80,2,2,1,1,0,0,45.0,41.0,voiture,utilitaire_camion,1,1,1,1,1
201900031987,2019-06-26 11:34:00,2019,6,26,11,34,22,22162,34 Chemin de Kerivon,48.777262,-3.094127,Plein jour,Hors agglomération,Intersection en T,Normale,Deux véhicules - frontale,4,2,2,0,2,2,1,0,1,-1,2,2,1,0,0,1,52.0,16.0,voiture,deux_roues,1,1,3,1,1
201900031988,2019-09-02 16:00:00,2019,9,2,16,0,83,83061,,43.4985,6.7818,Plein jour,En agglomération,Hors intersection,Normale,Deux véhicules - frontale,3,2,2,0,1,1,1,0,1,70,2,2,0,1,0,1,31.0,55.0,deux_roues,voiture,1,2,1,1,1
201900031989,2019-06-23 14:20:00,2019,6,23,14,20,60,60619,N2,49.106937,2.790471,Plein jour,Hors agglomération,Hors intersection,Normale,Sans collision,2,3,4,0,1,1,1,0,3,110,1,1,0,0,1,0,43.0,,voiture,,1,1,1,1,7
201900031990,2019-06-26 13:00:00,2019,6,26,13,0,60,60439,Place Cantrel,49.319571,2.319489,Plein jour,En agglomération,Intersection en T,Normale,Deux véhicules - frontale,3,2,2,0,1,2,1,0,1,30,2,3,2,0,0,1,21.0,39.0,voiture,voiture,1,2,3,1,1
201900031991,2019-09-02 11:25:00,2019,9,2,11,25,80,80724,"133, R JEAN CATELAS",49.85751,2.23769,Plein jour,En agglomération,Hors intersection,Normale,Autre collision,4,2,2,0,1,1,1,0,1,50,1,2,1,0,0,1,71.0,,voiture,,1,2,1,1,6
201900031992,2019-09-02 19:25:00,2019,9,2,19,25,80,80131,,49.857332,2.381622,Plein jour,En agglomération,Hors intersection,Normale,Deux véhicules - côté,3,2,2,0,2,3,1,0,1,80,2,2,1,0,1,0,20.0,46.0,deux_roues,voiture,1,2,1,1,3
201900031993,2019-06-24 18:10:00,2019,6,24,18,10,13,13070,A50-Sens Aubagne vers Marseille,43.284753,5.521751,Plein jour,Hors agglomération,Hors intersection,Normale,Trois véhicules et plus - en chaîne,1,1,3,0,1,1,1,0,1,90,3,4,2,0,0,2,56.0,21.0,voiture,voiture,1,1,1,1,4
201900031994,2019-06-21 17:00:00,2019,6,21,17,0,13,13215,A7-Sens Marseille vers Lyon,43.35288,5.36559,Plein jour,Hors agglomération,Hors intersection,Normale,Deux véhicules - côté,1,1,3,0,1,1,1,0,1,90,2,2,1,0,0,1,50.0,36.0,voiture,deux_roues,1,1,1,1,3
201900031995,2019-09-02 12:40:00,2019,9,2,12,40,77,77083,AV. AMPERE X VOIE ACCES,48.84126,2.58417,Plein jour,En agglomération,Autre intersection,Normale,Deux véhicules - côté,4,2,2,0,1,1,1,0,1,50,2,2,1,0,1,0,36.0,36.0,voiture,deux_roues,1,2,9,1,3
201900031996,2019-06-25 07:45:00,2019,6,25,7,45,33,33397,AUTOROUTE A 10,44.91084,-0.48691,Plein jour,Hors agglomération,Hors intersection,Normale,Deux véhicules - côté,1,3,6,0,1,1,1,0,1,110,2,2,1,0,0,1,22.0,40.0,voiture,deux_roues,1,1,1,1,3
201900031997,2019-09-01 08:10:00,2019,9,1,8,10,67,67482,A35 (BRETELLE ECHANGEUR),48.58967,7.73171,Plein jour,En agglomération,Hors intersection,Normale,Trois véhicules et plus - collisions multiples,1,3,4,0,1,1,1,3,1,90,3,2,1,0,0,1,46.0,19.0,voiture,voiture,1,2,1,1,5
201900031998,2019-06-25 17:50:00,2019,6,25,17,50,91,91064,RN 118,48.74449,2.19093,Plein jour,Hors agglomération,Hors intersection,Normale,Deux véhicules - arrière,1,1,2,0,1,1,1,0,3,90,2,2,0,0,0,2,39.0,24.0,deux_roues,voiture,1,1,1,1,2
201900031999,2019-08-30 14:05:00,2019,8,30,14,5,67,67365,ETTORE BUGATTI (RUE),48.537744,7.695221,Plein jour,En agglomération,Intersection en T,Temps éblouissant,Deux véhicules - côté,4,2,2,1,1,2,1,5,1,50,2,2,1,0,0,1,25.0,24.0,voiture,deux_roues,1,2,3,7,3
201900032000,2019-06-25 09:10:00,2019,6,25,9,10,91,91521,RN 441,48.6367,2.3995,Plein jour,Hors agglomération,Hors intersection,Normale,Trois véhicules et plus - collisions multiples,2,1,3,0,1,1,1,0,3,70,3,3,2,0,0,1,38.0,33.0,voiture,voiture,1,1,1,1,5
201900032001,2019-08-30 07:10:00,2019,8,30,7,10,67,67482,LA ROCHELLE (RUE DE),48.51659,7.77556,Plein jour,En agglomération,Hors intersection,Normale,Deux véhicules - côté,4,2,2,0,1,3,1,0,1,50,2,2,1,0,0,1,28.0,51.0,transport_commun,utilitaire_camion,1,2,1,1,3
201900032002,2019-09-02 18:11:00,2019,9,2,18,11,66,66136,AVENUE DU Marechal Joffres),42.71756,2.88744,Plein jour,En agglomération,Hors intersection,Normale,Autre collision,4,2,2,0,1,1,1,0,2,50,1,2,1,0,0,1,26.0,,voiture,,1,2,1,1,6
201900032003,2019-06-24 07:00:00,2019,6,24,7,0,93,93053,AUTOROUTE A103,48.88872,2.47273,Plein jour,Hors agglomération,Hors intersection,Normale,Sans collision,1,1,2,0,4,3,1,3,1,70,1,1,0,0,0,1,50.0,,deux_roues,,1,1,1,1,7
201900032004,2019-09-02 04:40:00,2019,9,2,4,40,66,66136,JULIEN PANCHOT (AVENUE),42.67641,2.84515,Nuit sans éclairage public,En agglomération,Hors intersection,Normale,Deux véhicules - côté,4,-1,2,0,1,1,1,0,1,50,2,2,1,0,0,1,42.0,18.0,voiture,deux_roues,3,2,1,1,3
201900032005,2019-09-03 18:15:00,2019,9,3,18,15,64,64348,CHARLES DE GAULLE,43.3063,-0.4038,Plein jour,En agglomération,Hors intersection,Normale,Autre collision,4,2,1,0,1,1,1,0,3,50,2,2,1,0,0,1,58.0,17.0,voiture,deux_roues,1,2,1,1,6
201900032006,2019-06-23 12:50:00,2019,6,23,12,50,95,95306,AUTOROUTE A15,48.99587,2.18093,Plein jour,Hors agglomération,Hors intersection,Normale,Sans collision,1,1,1,0,4,3,1,3,1,50,1,2,1,0,0,1,33.0,,deux_roues,,1,1,1,1,7
201900032007,2019-06-25 19:20:00,2019,6,25,19,20,75,75112,A4,48.818256,2.456274,Plein jour,Hors agglomération,Hors intersection,Normale,Autre collision,1,-1,4,0,1,1,1,0,1,90,2,2,1,0,0,1,34.0,48.0,voiture,voiture,1,1,1,1,6
201900032008,2019-09-02 12:45:00,2019,9,2,12,45,64,64122,FRANCIS JAMMES (RUE),43.462,-1.5552,Plein jour,En agglomération,Hors intersection,Normale,Autre collision,4,2,2,0,1,1,1,0,1,30,2,2,1,0,0,1,48.0,62.0,voiture,deux_roues,1,2,1,1,6
201900032009,2019-06-25 15:20:00,2019,6,25,15,20,94,94042,A4,48.82075,2.47458,Plein jour,Hors agglomération,Hors intersection,Normale,Trois véhicules et plus - en chaîne,1,3,4,0,1,1,1,0,1,90,3,3,2,0,0,1,51.0,53.0,voiture,utilitaire_camion,1,1,1,1,4
201900032010,2019-09-03 13:00:00,2019,9,3,13,0,59,59356,LILLE RUE DE,50.6558142,2.9983993,Plein jour,En agglomération,Hors intersection,Normale,Deux véhicules - frontale,7,2,2,0,1,1,1,0,1,70,2,4,3,0,0,1,19.0,79.0,voiture,autre,1,2,1,1,1
201900032011,2019-06-25 15:35:00,2019,6,25,15,35,94,94017,A4,48.81295,2.50803,Plein jour,Hors agglomération,Hors intersection,Normale,Deux véhicules - côté,1,3,5,0,1,1,1,0,1,90,2,2,1,0,0,1,77.0,26.0,voiture,deux_roues,1,1,1,1,3
201900032012,2019-08-21 15:45:00,2019,8,21,15,45,59,59360,PARE AMBROISE RUE,50.60422,3.02806,Plein jour,Hors agglomération,Intersection en T,Normale,Deux véhicules - côté,7,3,2,0,1,1,1,0,1,50,2,3,0,1,1,1,27.0,73.0,voiture,voiture,1,1,3,1,3
201900032013,2019-06-24 19:45:00,2019,6,24,19,45,94,94018,A4,48.8194732,2.4057257,Plein jour,Hors agglomération,Hors intersection,Normale,Autre collision,1,3,5,0,1,1,1,0,1,90,2,2,1,0,0,1,45.0,59.0,deux_roues,voiture,1,1,1,1,6
201900032014,2019-09-03 12:25:00,2019,9,3,12,25,59,59122,LIBERTE (BOULEVARD DE LA),50.16952,3.232919,Plein jour,En agglomération,Intersection en T,Normale,Autre collision,3,3,4,0,1,1,1,0,3,50,1,2,1,1,0,0,50.0,,voiture,,1,2,3,1,6
201900032015,2019-06-24 18:45:00,2019,6,24,18,45,77,77121,A4,48.8309722,2.687259,Plein jour,Hors agglomération,Hors intersection,Normale,Trois véhicules et plus - en chaîne,1,-1,6,0,2,1,1,0,1,110,3,4,2,0,0,2,53.0,20.0,utilitaire_camion,voiture,1,1,1,1,4
201900032016,2019-06-24 18:20:00,2019,6,24,18,20,94,94046,A86 EXT,48.7987172,2.4449998,Plein jour,Hors agglomération,Hors intersection,Normale,Autre collision,1,3,4,0,1,1,1,0,1,90,2,2,1,0,0,1,27.0,72.0,deux_roues,voiture,1,1,1,1,6
201900032017,2019-09-03 09:30:00,2019,9,3,9,30,56,56260,KERLANN(GIRATOIRE DE),47.66006,-2.78994,Plein jour,En agglomération,Giratoire,Normale,Autre collision,4,1,2,0,1,2,1,5,1,50,1,2,1,0,0,1,42.0,,voiture,,1,2,6,1,6
201900032018,2019-06-24 14:05:00,2019,6,24,14,5,94,94018,A4,48.81931,2.41628,Plein jour,Hors agglomération,Hors intersection,Normale,Sans collision,1,3,4,0,1,1,1,0,1,90,1,1,0,0,0,1,56.0,,utilitaire_camion,,1,1,1,1,7
201900032019,2019-08-31 18:15:00,2019,8,31,18,15,56,56121,NORMANDIE (BD DE),47.75941,-3.36759,Plein jour,En agglomération,Hors intersection,Normale,Sans collision,4,2,3,0,2,1,1,0,1,50,1,2,0,0,0,2,16.0,,deux_roues,,1,2,1,1,7
201900032020,2019-09-01 12:36:00,2019,9,1,12,36,54,54431,RD120,48.89552,6.07433,Plein jour,Hors agglomération,Intersection en T,Normale,Deux véhicules - côté,3,-1,1,0,1,2,1,0,3,50,2,3,2,0,0,1,48.0,48.0,voiture,voiture,1,1,3,1,3
201900032021,2019-06-23 09:09:00,2019,6,23,9,9,91,91434,GRIBELETTE (BOULEVARD DE LA),48.646822,2.360884,Plein jour,En agglomération,Place,Normale,Deux véhicules - frontale,4,2,1,0,1,1,1,0,1,50,2,3,2,0,0,1,38.0,33.0,voiture,voiture,1,2,7,1,1
201900032022,2019-09-03 19:10:00,2019,9,3,19,10,54,54304,MOSELLE (RUE DE LA),48.698817,6.133376,Plein jour,Hors agglomération,Hors intersection,Normale,Deux véhicules - côté,4,2,0,0,1,1,1,0,1,50,2,2,1,0,0,1,19.0,39.0,deux_roues,voiture,1,1,1,1,3
201900032023,2019-06-08 19:30:00,2019,6,8,19,30,86,86194,NANTES (AVENUE DE),46.5922284,0.3288335,Plein jour,En agglomération,Intersection en X,Normale,Deux véhicules - côté,3,3,0,0,1,1,1,0,1,50,2,2,1,0,0,1,45.0,68.0,voiture,utilitaire_camion,1,2,2,1,3
201900032024,2019-09-02 10:05:00,2019,9,2,10,5,52,52121,BOURGOGNE (RUE DE),48.0977604,5.1387047,Plein jour,En agglomération,Intersection en T,Normale,Deux véhicules - côté,4,2,2,0,1,1,1,0,1,50,2,2,1,0,0,1,80.0,38.0,voiture,voiture,1,2,3,1,3
201900032025,2019-09-03 07:45:00,2019,9,3,7,45,44,44162,BOULEVARD MARCEL PAUL,47.23369,-1.62775,Plein jour,En agglomération,Hors intersection,Normale,Deux véhicules - frontale,4,2,0,0,1,1,1,0,1,50,2,2,1,0,1,0,44.0,54.0,voiture,deux_roues,1,2,1,1,1
201900032026,2019-08-27 16:45:00,2019,8,27,16,45,39,39150,,47.06887,5.453262,Plein jour,Hors agglomération,Hors intersection,Normale,Deux véhicules - frontale,3,2,2,0,1,1,1,0,1,80,2,2,0,0,2,0,48.0,50.0,utilitaire_camion,utilitaire_camion,1,1,1,1,1
201900032027,2019-09-03 16:25:00,2019,9,3,16,25,37,37195,PROUDHON (AVENUE),47.38953,0.64723,Plein jour,Hors agglomération,Hors intersection,Normale,Autre collision,3,2,4,0,2,3,1,0,1,50,1,2,0,0,0,2,20.0,,deux_roues,,1,1,1,1,6
201900032028,2019-06-03 08:40:00,2019,6,3,8,40,49,49015,D775,47.51012,-0.61828,Plein jour,En agglomération,Hors intersection,Pluie légère,Autre collision,3,2,4,0,1,1,2,0,1,80,1,3,0,0,0,3,26.0,,voiture,,1,2,1,2,6
201900032029,2019-06-03 07:52:00,2019,6,3,7,52,49,49267,ROMANERIE BOULEVARD,47.48264,-0.50373,Plein jour,En agglomération,Hors intersection,Temps couvert,Sans collision,4,2,2,0,1,1,2,0,1,60,1,1,0,0,0,1,39.0,,deux_roues,,1,2,1,8,7
201900032030,2019-09-02 20:05:00,2019,9,2,20,5,37,37122,PILON (RUE GERMAIN),47.3461811,0.6567455,Plein jour,En agglomération,Intersection en T,Normale,Deux véhicules - côté,4,2,2,0,1,1,1,0,1,50,2,2,1,0,0,1,10.0,27.0,deux_roues,voiture,1,2,3,1,3
201900032031,2019-09-03 18:20:00,2019,9,3,18,20,35,35238,PARIS (RUE DE),48.1129158,-1.6629578,Plein jour,En agglomération,Intersection en T,Temps éblouissant,Deux véhicules - côté,4,2,3,0,1,1,1,0,1,50,2,2,1,0,0,1,34.0,46.0,deux_roues,voiture,1,2,3,7,3
201900032032,2019-06-02 17:45:00,2019,6,2,17,45,49,49015,OISEAUX RUE DES,47.49344,-0.5802,Plein jour,En agglomération,Hors intersection,Normale,Deux véhicules - côté,4,2,2,0,1,1,1,0,1,60,2,2,1,0,0,1,36.0,14.0,voiture,deux_roues,1,2,1,1,3
201900032033,2019-06-01 17:24:00,2019,6,1,17,24,49,49007,MOULIN BOULEVARD,47.49174,-0.55705,Plein jour,En agglomération,Hors intersection,Normale,Deux véhicules - côté,4,2,4,0,1,1,1,0,1,60,2,2,1,0,1,0,23.0,74.0,deux_roues,voiture,1,2,1,1,3
201900032034,2019-05-31 12:45:00,2019,5,31,12,45,49,49007,GEOFFRAY,47.4583187,-0.5451834,Plein jour,En agglomération,Hors intersection,Normale,Deux véhicules - côté,4,2,2,0,1,1,1,0,1,60,2,2,1,0,0,1,36.0,29.0,voiture,deux_roues,1,2,1,1,3
201900032035,2019-09-02 19:45:00,2019,9,2,19,45,35,35238,METZ (BD DE),48.1213,-1.6622,Plein jour,En agglomération,Hors intersection,Normale,Sans collision,4,2,4,0,1,1,1,0,1,50,1,1,0,0,0,1,22.0,,deux_roues,,1,2,1,1,7
201900032036,2019-09-02 18:00:00,2019,9,2,18,0,35,35238,RN136,48.110488,-1.718253,Plein jour,Hors agglomération,Hors intersection,Normale,Deux véhicules - arrière,2,3,4,0,1,1,1,0,1,90,2,3,2,0,0,1,66.0,45.0,voiture,voiture,1,1,1,1,2
201900032037,2019-04-05 18:00:00,2019,4,5,18,0,44,44109,BOULEVARD JEAN MOULIN,47.20612,-1.6014,Plein jour,En agglomération,Hors intersection,Pluie légère,Deux véhicules - côté,7,-1,0,3,1,1,1,0,1,50,2,2,1,0,0,1,58.0,23.0,transport_commun,deux_roues,1,2,1,2,3
201900032038,2019-09-02 12:00:00,2019,9,2,12,0,35,35238,VERN (DE),48.09116,-1.64539,Plein jour,En agglomération,Intersection en X,Temps éblouissant,Deux véhicules - frontale,4,2,1,0,1,1,1,5,1,50,2,4,1,0,0,3,18.0,30.0,voiture,utilitaire_camion,1,2,2,7,1
201900032039,2019-06-23 17:31:00,2019,6,23,17,31,976,97611,tsoundzou-Kadjifouni ( rue ),-12.8068,45.20805,Crépuscule ou aube,En agglomération,Hors intersection,Normale,Deux véhicules - côté,2,2,2,0,1,2,1,0,1,50,2,1,0,0,0,1,26.0,,deux_roues,,2,2,1,1,3
201900032040,2019-09-03 19:12:00,2019,9,3,19,12,34,34172,FRANKLIN (ROND-POINT BENJAMIN),43.6181788,3.9132101,Plein jour,En agglomération,Giratoire,Normale,Deux véhicules - côté,4,1,2,0,1,3,1,0,1,50,2,2,1,0,0,1,18.0,59.0,deux_roues,voiture,1,2,6,1,3
201900032041,2019-09-02 11:45:00,2019,9,2,11,45,33,33063,Crs du Médoc / Crs Saint Louis,44.859907,-0.568742,Plein jour,En agglomération,Intersection en X,Normale,Deux véhicules - côté,4,2,4,-1,1,1,1,0,1,50,2,2,1,0,0,1,33.0,51.0,deux_roues,voiture,1,2,2,1,3
201900032042,2019-08-29 13:07:00,2019,8,29,13,7,33,33039,RUE FRANCIS DE PRESSENSE,44.80671,-0.55379,Plein jour,En agglomération,Intersection en T,Normale,Autre collision,4,1,1,0,1,1,1,0,1,30,1,2,1,0,0,1,87.0,,voiture,,1,2,3,1,6
201900032043,2019-08-27 19:10:00,2019,8,27,19,10,32,32013,BAZILLAC,43.64873,0.58356,Plein jour,En agglomération,Intersection en X,Normale,Deux véhicules - côté,4,2,2,0,1,1,1,0,2,50,2,3,1,0,2,0,72.0,17.0,voiture,deux_roues,1,2,2,1,3
201900032044,2019-09-02 22:15:00,2019,9,2,22,15,31,31555,LATECOERE (AV PIERRE G) DU 1AU 61,43.55401,1.47096,Nuit avec éclairage allumé,En agglomération,Hors intersection,Normale,Deux véhicules - côté,3,2,2,0,1,1,1,0,1,50,2,2,1,0,1,0,45.0,24.0,utilitaire_camion,deux_roues,5,2,1,1,3
201900032045,2019-06-23 12:10:00,2019,6,23,12,10,974,97416,Chemin de la croix Jubilé,-21.343254,55.486745,Plein jour,En agglomération,Intersection en T,Normale,Autre collision,4,2,2,0,1,1,1,5,2,50,1,2,1,0,0,1,26.0,,utilitaire_camion,,1,2,3,1,6
201900032046,2019-07-26 23:22:00,2019,7,26,23,22,30,30189,SAUVE (ROUTE),43.83657,4.33692,Nuit avec éclairage allumé,En agglomération,Intersection en X,Normale,Autre collision,3,2,2,0,2,1,1,0,1,50,1,1,0,0,0,1,49.0,,deux_roues,,5,2,2,1,6
201900032047,2019-06-19 12:30:00,2019,6,19,12,30,974,97416,JOLI-FOND (CHEMIN),-21.33011,55.47509,Plein jour,En agglomération,Hors intersection,Normale,Deux véhicules - côté,4,2,2,0,1,1,1,0,1,50,2,2,1,0,0,1,51.0,45.0,voiture,deux_roues,1,2,1,1,3
201900032048,2019-09-03 18:05:00,2019,9,3,18,5,30,30189,CASERNETTE (RUE),43.8305,4.354,Plein jour,En agglomération,Intersection en X,Normale,Deux véhicules - côté,4,1,1,0,1,1,1,0,1,50,2,2,1,0,0,1,59.0,19.0,voiture,voiture,1,2,2,1,3
201900032049,2019-09-03 08:50:00,2019,9,3,8,50,29,29232,FRANCE LIBRE  AVENUE DE LA,48.00573,-4.09761,Plein jour,En agglomération,Hors intersection,Temps éblouissant,Sans collision,4,2,2,0,1,1,1,6,1,50,1,1,0,0,0,1,91.0,,voiture,,1,2,1,7,7
201900032050,2019-09-03 09:51:00,2019,9,3,9,51,29,29019,KEREON,48.39032,-4.4906,Plein jour,En agglomération,Hors intersection,Normale,Deux véhicules - arrière,4,1,1,0,3,1,1,0,1,50,2,2,1,0,0,1,49.0,57.0,voiture,deux_roues,1,2,1,1,2
201900032051,2019-09-02 12:05:00,2019,9,2,12,5,27,27562,INDUSTRIE (RUE DE L'),49.10029,1.46484,Plein jour,En agglomération,Hors intersection,Normale,Deux véhicules - côté,4,2,2,0,1,1,1,0,1,50,2,2,0,0,0,2,23.0,20.0,voiture,voiture,1,2,1,1,3
201900032052,2019-06-24 16:22:00,2019,6,24,16,22,973,97309,MONTABO (ROUTE DE) 3,4.9238284,-52.2837424,Plein jour,En agglomération,Hors intersection,Normale,Deux véhicules - arrière,3,2,2,1,1,1,1,0,1,50,2,2,1,0,0,1,60.0,20.0,voiture,deux_roues,1,2,1,1,2
201900032053,2019-10-01 10:45:00,2019,10,1,10,45,25,25462,VC MERMOZ,46.910589,6.344604,Plein jour,En agglomération,Hors intersection,Normale,Autre collision,4,2,2,0,1,1,1,0,2,50,1,1,0,0,0,1,20.0,,voiture,,1,2,1,1,6
201900032054,2019-09-04 00:36:00,2019,9,4,0,36,23,23096,PARIS (RUE DE),46.16868,1.87133,Nuit avec éclairage allumé,En agglomération,Hors intersection,Normale,Autre collision,4,1,1,0,1,2,1,0,1,50,1,1,0,0,1,0,26.0,,deux_roues,,5,2,1,1,6
201900032055,2019-06-24 17:15:00,2019,6,24,17,15,69,69386,CURTELIN                            (R ),45.76923,4.86134,Plein jour,En agglomération,Hors intersection,Normale,Deux véhicules - arrière,4,-1,1,0,1,1,1,0,1,50,2,3,1,0,0,2,21.0,22.0,voiture,deux_roues,1,2,1,1,2
201900032056,2019-09-03 08:20:00,2019,9,3,8,20,15,15014,CERE (RUE DE LA),44.908886,2.437293,Plein jour,En agglomération,Intersection en T,Normale,Deux véhicules - côté,4,2,2,0,1,1,1,0,1,50,2,3,2,0,1,0,16.0,36.0,deux_roues,voiture,1,2,3,1,3
201900032057,2019-06-24 17:20:00,2019,6,24,17,20,69,69387,FELIX BRUN                          (R ),45.73563,4.83135,Plein jour,En agglomération,Hors intersection,Normale,Autre collision,4,2,2,0,1,1,1,0,1,50,1,2,1,0,1,0,55.0,,voiture,,1,2,1,1,6
201900032058,2019-09-03 08:55:00,2019,9,3,8,55,13,13071,MITTERRAND (AVENUE FRANCOIS),43.38166,5.34667,Plein jour,En agglomération,Intersection en T,Normale,Deux véhicules - frontale,4,2,2,0,2,1,1,0,1,50,2,2,1,0,1,0,30.0,32.0,voiture,deux_roues,1,2,3,1,1
201900032059,2019-06-24 17:15:00,2019,6,24,17,15,69,69386,VITTON                              (CO),45.76986,4.8575,Plein jour,En agglomération,Autre intersection,Normale,Autre collision,7,1,3,0,1,1,1,0,1,50,1,2,1,0,0,1,23.0,,deux_roues,,1,2,9,1,6