accident_id,datetime,annee,mois,jour,heure,minute,departement,commune_insee,adresse,latitude,longitude,luminosite,agglomeration,intersection,meteo,collision,catr,circ,nbv,vosp,prof,plan,surf,infra,situ,vma,nb_vehicules,nb_usagers,nb_indemnes,nb_tues,nb_blesses_hosp,nb_blesses_legers,age_cond_1,age_cond_2,veh_type_cond_1,veh_type_cond_2,lum_code,agg_code,int_code,atm_code,col_code
201900032243,2019-01-05 17:40:00,2019,1,5,17,40,74,74302,D909,45.91247,6.37338,Nuit sans éclairage public,En agglomération,Hors intersection,Normale,Deux véhicules - frontale,3,2,2,0,1,1,1,0,1,70,2,3,0,0,2,1,20.0,55.0,voiture,voiture,3,2,1,1,1
201900032244,2019-03-07 02:00:00,2019,3,7,2,0,73,73173,RD81B,45.235616,6.4019816,Nuit sans éclairage public,Hors agglomération,Hors intersection,Pluie légère,Autre collision,3,2,2,0,2,2,2,0,3,80,1,1,0,0,0,1,25.0,,voiture,,3,1,1,2,6
201900032245,2019-03-07 17:55:00,2019,3,7,17,55,69,69270,10 Rue de la poste,45.62799,4.9352,Plein jour,En agglomération,Hors intersection,Normale,Autre collision,4,2,2,0,2,1,1,0,1,30,1,2,1,0,1,0,52.0,,voiture,,1,2,1,1,6
201900032246,2019-03-07 16:00:00,2019,3,7,16,0,69,69116,2050 route Nationale 6,45.82208,4.76637,Plein jour,En agglomération,Autre intersection,Normale,Autre collision,2,3,2,0,1,1,1,0,1,50,1,2,1,0,0,1,70.0,,voiture,,1,2,9,1,6
201900032247,2019-03-05 12:40:00,2019,3,5,12,40,31,31165,2380 route de Villate,43.421194,1.35339,Plein jour,En agglomération,Hors intersection,Normale,Autre collision,3,2,2,0,1,1,1,0,3,70,1,1,0,1,0,0,19.0,,voiture,,1,2,1,1,6
201900032248,2019-03-10 01:00:00,2019,3,10,1,0,31,31299,89 route de lavernose,43.412758,1.24193,Nuit sans éclairage public,Hors agglomération,Hors intersection,Normale,Sans collision,3,2,2,0,1,2,1,0,3,70,1,1,0,1,0,0,55.0,,deux_roues,,3,1,1,1,7
201900032249,2019-03-05 17:46:00,2019,3,5,17,46,44,44204,2 rue de Mauves,47.266755,-1.440833,Plein jour,En agglomération,Autre intersection,Normale,Autre collision,4,2,2,0,1,3,1,0,1,50,1,2,1,0,0,1,60.0,,voiture,,1,2,9,1,6
201900032250,2019-02-25 20:30:00,2019,2,25,20,30,35,35236,Rue de la Gicquelais,47.652031,-2.09421,Nuit avec éclairage allumé,En agglomération,Intersection en Y,Normale,Deux véhicules - frontale,4,2,2,0,1,2,1,0,1,50,2,2,1,0,0,1,33.0,51.0,voiture,voiture,5,2,4,1,1
201900032251,2019-03-09 16:05:00,2019,3,9,16,5,35,35341,D155,48.427592,-1.460216,Plein jour,Hors agglomération,Intersection en X,Normale,Deux véhicules - frontale,3,2,3,0,1,3,1,0,1,80,2,4,1,0,1,2,19.0,56.0,voiture,voiture,1,1,2,1,1
201900032252,2019-04-13 18:15:00,2019,4,13,18,15,60,60047,RD330A,49.1679075,2.7434902,Plein jour,Hors agglomération,Hors intersection,Temps éblouissant,Deux véhicules - frontale,3,2,2,0,1,2,1,0,1,80,2,2,0,0,2,0,42.0,19.0,voiture,voiture,1,1,1,7,1
201900032253,2019-03-09 04:00:00,2019,3,9,4,0,35,35280,Guichard,48.3559819,-1.3687823,Nuit sans éclairage public,Hors agglomération,Hors intersection,Normale,Autre collision,3,2,2,0,1,2,1,0,8,80,1,1,0,0,1,0,21.0,,voiture,,3,1,1,1,6
201900032254,2019-04-11 16:00:00,2019,4,11,16,0,60,60342,rue de la république,49.2954597,2.443099,Plein jour,En agglomération,Hors intersection,Normale,Deux véhicules - arrière,3,2,2,0,1,1,1,0,1,50,2,2,0,0,0,2,19.0,20.0,autre,autre,1,2,1,1,2
201900032255,2019-03-06 09:00:00,2019,3,6,9,0,35,35083,D 98 PK 2+600,48.439826,-1.397317,Plein jour,Hors agglomération,Hors intersection,Pluie légère,Sans collision,3,2,2,0,1,1,2,0,3,80,1,1,0,0,0,1,30.0,,voiture,,1,1,1,2,7
201900032256,2019-03-08 18:10:00,2019,3,8,18,10,60,60139,144 rue LAVOISIER,49.1635601,2.2472405,Plein jour,En agglomération,Hors intersection,Normale,Autre collision,4,2,2,0,1,1,1,6,1,30,1,2,1,0,0,1,39.0,,voiture,,1,2,1,1,6
201900032257,2019-03-08 13:15:00,2019,3,8,13,15,60,60338,D932A,49.34272,2.7716794,Plein jour,Hors agglomération,Hors intersection,Normale,Deux véhicules - côté,3,2,2,0,1,1,1,9,1,80,2,2,1,0,1,0,44.0,40.0,utilitaire_camion,deux_roues,1,1,1,1,3
201900032258,2019-03-09 16:20:00,2019,3,9,16,20,13,13211,A50-Sens Marseille vers Aubagne,43.292003,5.480409,Plein jour,Hors agglomération,Hors intersection,Temps éblouissant,Deux véhicules - arrière,1,1,-1,0,1,1,1,0,1,90,2,2,1,0,0,1,23.0,49.0,voiture,voiture,1,1,1,7,2
201900032259,2019-03-08 19:50:00,2019,3,8,19,50,13,13071,A7-Sens Marseille vers Lyon,43.403618,5.309935,Crépuscule ou aube,Hors agglomération,Hors intersection,Normale,Autre collision,1,3,3,0,1,1,1,0,1,90,1,1,0,0,0,1,38.0,,deux_roues,,2,1,1,1,6
201900032260,2019-04-11 00:05:00,2019,4,11,0,5,13,13215,A55-Sens Martigues vers Marseille,43.32996,5.35478,Nuit sans éclairage public,En agglomération,Hors intersection,Normale,Deux véhicules - côté,1,1,0,0,2,3,2,3,1,90,2,3,2,0,0,1,52.0,29.0,voiture,voiture,3,2,1,1,3
201900032261,2019-03-07 07:50:00,2019,3,7,7,50,13,13071,A51-Sens Aix en Provence vers Marseille,43.40675,5.36175,Plein jour,Hors agglomération,Hors intersection,Normale,Autre collision,1,1,4,3,1,1,1,0,1,90,1,1,0,0,0,1,36.0,,deux_roues,,1,1,1,1,6
201900032262,2019-04-11 21:20:00,2019,4,11,21,20,13,13215,A7-Sens Lyon vers Marseille,43.35766,5.36264,Nuit sans éclairage public,En agglomération,Hors intersection,Normale,Deux véhicules - arrière,1,1,3,0,2,1,1,0,1,90,2,2,0,0,0,2,34.0,26.0,voiture,voiture,3,2,1,1,2
201900032263,2019-03-07 07:20:00,2019,3,7,7,20,13,13081,A7-Sens Marseille vers Lyon,43.49459,5.24062,Crépuscule ou aube,Hors agglomération,Hors intersection,Normale,Autre collision,1,1,1,0,1,2,8,9,1,50,2,2,1,0,0,1,33.0,42.0,utilitaire_camion,voiture,2,1,1,1,6
201900032264,2019-03-03 18:00:00,2019,3,3,18,0,13,13211,A50-Sens Aubagne vers Marseille,43.29257,5.4539,Nuit sans éclairage public,En agglomération,Hors intersection,Normale,Trois véhicules et plus - en chaîne,1,1,3,0,1,1,1,0,1,90,4,4,2,0,0,2,57.0,36.0,voiture,voiture,3,2,1,1,4
201900032265,2019-04-10 21:05:00,2019,4,10,21,5,13,13055,A507 sens Marseille - Aubagne,43.3149,5.42258,Nuit avec éclairage allumé,Hors agglomération,Hors intersection,Pluie légère,Deux véhicules - côté,1,3,3,0,1,1,1,1,1,70,2,1,0,0,0,1,39.0,,voiture,,5,1,1,2,3
201900032266,2019-03-05 20:30:00,2019,3,5,20,30,13,13071,A5501G-Sens Mlle Vieux Port vers A7-Lyon,43.40474,5.29778,Nuit sans éclairage public,Hors agglomération,Hors intersection,Normale,Autre collision,1,1,3,0,2,1,1,0,1,90,1,1,0,0,0,1,20.0,,voiture,,3,1,1,1,6
201900032267,2019-03-05 18:30:00,2019,3,5,18,30,13,13001,A51-Sens Aix en Provence vers Marseille,43.5279,5.4272,Plein jour,Hors agglomération,Hors intersection,Normale,Deux véhicules - arrière,1,1,3,0,1,1,1,0,1,70,2,2,1,0,0,1,43.0,31.0,voiture,voiture,1,1,1,1,2
201900032268,2019-04-12 00:40:00,2019,4,12,0,40,13,13023,A50,43.20855,5.62904,Nuit sans éclairage public,Hors agglomération,Hors intersection,Pluie légère,Trois véhicules et plus - collisions multiples,1,3,6,0,1,3,2,0,1,110,5,9,4,0,0,5,30.0,62.0,voiture,utilitaire_camion,3,1,1,2,5
201900032269,2019-03-05 07:00:00,2019,3,5,7,0,13,13117,A7-Sens Lyon vers Marseille,43.418094,5.273475,Crépuscule ou aube,Hors agglomération,Hors intersection,Normale,Deux véhicules - côté,1,1,3,0,1,1,1,0,1,110,2,2,1,0,0,1,45.0,58.0,voiture,utilitaire_camion,2,1,1,1,3
201900032270,2019-04-10 17:10:00,2019,4,10,17,10,83,83090,A50,43.12655,5.89131,Plein jour,Hors agglomération,Hors intersection,Pluie légère,Autre collision,1,3,6,0,1,1,2,0,1,110,1,1,0,0,0,1,32.0,,utilitaire_camion,,1,1,1,2,6
201900032271,2019-03-04 17:40:00,2019,3,4,17,40,13,13055,A55-Sens Marseille vers Martigues,43.366971,5.32925,Plein jour,Hors agglomération,Hors intersection,Normale,Sans collision,1,3,3,0,1,1,1,0,1,50,1,3,1,0,0,2,32.0,,voiture,,1,1,1,1,7
201900032272,2019-04-10 08:05:00,2019,4,10,8,5,67,67482,Autoroute A.351,48.58639,7.71857,Plein jour,Hors agglomération,Hors intersection,Pluie légère,Trois véhicules et plus - en chaîne,1,1,3,0,1,1,2,0,1,90,4,4,3,0,0,1,24.0,27.0,voiture,voiture,1,1,1,2,4
201900032273,2019-03-08 07:15:00,2019,3,8,7,15,83,83137,,43.12132,5.95331,Plein jour,Hors agglomération,Hors intersection,Normale,Trois véhicules et plus - collisions multiples,1,3,6,0,4,1,1,0,1,70,4,4,3,0,0,1,33.0,29.0,voiture,voiture,1,1,1,1,5
201900032274,2019-04-13 20:45:00,2019,4,13,20,45,33,33487,AUTOROUTE A 10,44.94751,-0.46478,Plein jour,Hors agglomération,Hors intersection,Normale,Deux véhicules - côté,1,3,6,0,2,3,1,0,1,130,2,2,1,0,0,1,28.0,56.0,voiture,utilitaire_camion,1,1,1,1,3
201900032275,2019-03-05 09:40:00,2019,3,5,9,40,83,83137,,43.12132,5.95331,Plein jour,Hors agglomération,Hors intersection,Normale,Trois véhicules et plus - collisions multiples,1,3,6,0,1,1,1,0,1,90,4,4,3,0,0,1,33.0,41.0,voiture,utilitaire_camion,1,1,1,1,5
201900032276,2019-02-17 15:25:00,2019,2,17,15,25,69,69199,RD383   14.250 A 18.000,45.71733,4.84277,Plein jour,Hors agglomération,Hors intersection,Normale,Deux véhicules - côté,7,1,1,0,1,1,1,0,1,50,2,2,1,0,0,1,48.0,22.0,voiture,deux_roues,1,1,1,1,3
201900032277,2019-03-05 20:05:00,2019,3,5,20,5,69,69266,RD383   3.750 A 7.640,45.75705,4.90895,Nuit avec éclairage allumé,Hors agglomération,Hors intersection,Normale,Deux véhicules - arrière,3,1,4,0,1,1,1,1,1,90,2,2,1,0,1,0,63.0,53.0,voiture,deux_roues,5,1,1,1,2
201900032278,2019-04-12 09:10:00,2019,4,12,9,10,33,33080,AUTOROUTE A 62,44.75086,-0.54166,Plein jour,Hors agglomération,Hors intersection,Normale,Trois véhicules et plus - en chaîne,1,3,4,0,1,1,1,0,1,110,4,9,8,0,0,1,56.0,43.0,voiture,utilitaire_camion,1,1,1,1,4
201900032279,2019-02-21 00:40:00,2019,2,21,0,40,42,42183,RN88,45.40028,4.36414,Nuit sans éclairage public,Hors agglomération,Hors intersection,Normale,Deux véhicules - arrière,2,3,4,0,1,1,1,0,1,110,2,2,1,0,0,1,41.0,49.0,voiture,voiture,3,1,1,1,2
201900032280,2019-04-12 09:20:00,2019,4,12,9,20,33,33550,ROCADE A 630,44.78205,-0.54362,Plein jour,Hors agglomération,Hors intersection,Normale,Deux véhicules - côté,1,3,6,0,1,1,1,0,1,90,2,2,1,0,1,0,26.0,29.0,voiture,deux_roues,1,1,1,1,3
201900032281,2019-03-06 14:20:00,2019,3,6,14,20,54,54328,Autoroute 330,48.60546,6.173623,Plein jour,Hors agglomération,Hors intersection,Temps couvert,Trois véhicules et plus - en chaîne,1,1,4,0,1,1,1,0,1,110,3,4,2,0,2,0,84.0,32.0,voiture,voiture,1,1,1,8,4
201900032282,2019-04-10 15:35:00,2019,4,10,15,35,33,33249,ROUTE NATIONALE 230,44.88037,-0.5104,Plein jour,Hors agglomération,Hors intersection,Normale,Deux véhicules - arrière,2,3,6,0,1,1,1,0,1,90,2,2,0,0,0,2,51.0,24.0,voiture,voiture,1,1,1,1,2
201900032283,2019-03-07 16:15:00,2019,3,7,16,15,67,67218,Autoroute A.35,48.53053,7.69403,Plein jour,Hors agglomération,Hors intersection,Normale,Trois véhicules et plus - en chaîne,1,3,2,0,1,1,1,0,1,90,4,4,2,0,0,2,27.0,34.0,voiture,voiture,1,1,1,1,4
201900032284,2019-03-04 18:30:00,2019,3,4,18,30,67,67043,Autoroute A.4,48.617175,7.726582,Crépuscule ou aube,Hors agglomération,Hors intersection,Pluie légère,Trois véhicules et plus - collisions multiples,1,3,3,0,1,1,2,0,1,90,5,5,2,0,0,3,33.0,38.0,voiture,voiture,2,1,1,2,5
201900032285,2019-04-13 07:23:00,2019,4,13,7,23,91,91161,AUTOROUTE A6,48.703638,2.306822,Crépuscule ou aube,Hors agglomération,Hors intersection,Normale,Deux véhicules - côté,1,3,6,0,1,1,1,0,1,110,2,3,2,0,0,1,44.0,,voiture,,2,1,1,1,3
201900032286,2019-03-07 19:25:00,2019,3,7,19,25,33,33162,ROCADE A 630,44.85913,-0.66121,Nuit sans éclairage public,Hors agglomération,Hors intersection,Normale,Autre collision,1,1,1,0,2,3,1,3,1,50,1,1,0,0,1,0,45.0,,deux_roues,,3,1,1,1,6
201900032287,2019-04-13 06:05:00,2019,4,13,6,5,91,91340,AUTOROUTE A6,48.60033,2.4392,Nuit sans éclairage public,Hors agglomération,Hors intersection,Normale,Deux véhicules - arrière,1,1,3,0,1,1,1,0,1,110,2,3,2,0,0,1,55.0,38.0,voiture,voiture,3,1,1,1,2
201900032288,2019-04-12 18:25:00,2019,4,12,18,25,91,91534,RN 118,48.7402,2.1825,Plein jour,Hors agglomération,Hors intersection,Normale,Trois véhicules et plus - en chaîne,2,3,4,0,1,1,1,0,1,110,3,3,2,0,0,1,41.0,46.0,voiture,voiture,1,1,1,1,4
201900032289,2019-03-07 16:10:00,2019,3,7,16,10,33,33281,ROCADE A 630,44.85131,-0.66664,Plein jour,Hors agglomération,Hors intersection,Normale,Deux véhicules - arrière,1,3,6,0,1,1,1,0,1,90,2,2,1,0,0,1,21.0,77.0,voiture,voiture,1,1,1,1,2
201900032290,2019-04-12 21:50:00,2019,4,12,21,50,78,78423,N12W,48.7968,2.0226,Nuit sans éclairage public,Hors agglomération,Hors intersection,Normale,Deux véhicules - arrière,2,1,3,0,1,1,1,9,1,110,2,3,2,0,0,1,29.0,55.0,utilitaire_camion,voiture,3,1,1,1,2
201900032291,2019-03-07 10:40:00,2019,3,7,10,40,33,33249,ROCADE A 630,44.88288,-0.52144,Plein jour,Hors agglomération,Hors intersection,Pluie légère,Deux véhicules - arrière,1,3,8,0,1,3,2,3,1,70,2,4,3,0,0,1,35.0,26.0,voiture,voiture,1,1,1,2,2
201900032292,2019-03-07 07:45:00,2019,3,7,7,45,33,33075,ROCADE A 630,44.88764,-0.62038,Crépuscule ou aube,Hors agglomération,Hors intersection,Normale,Deux véhicules - côté,1,3,4,0,1,2,1,0,1,90,2,2,1,0,0,1,46.0,53.0,deux_roues,voiture,2,1,1,1,3
201900032293,2019-04-12 11:20:00,2019,4,12,11,20,92,92048,N118,48.7902744,2.2207762,Plein jour,Hors agglomération,Hors intersection,Normale,Trois véhicules et plus - collisions multiples,2,1,2,0,1,1,1,0,1,90,3,5,3,0,0,2,25.0,45.0,voiture,voiture,1,1,1,1,5
201900032294,2019-03-06 18:30:00,2019,3,6,18,30,33,33318,ROCADE A 630,44.78794,-0.6335,Crépuscule ou aube,Hors agglomération,Hors intersection,Pluie légère,Deux véhicules - arrière,1,3,10,0,1,1,1,3,1,90,2,2,1,0,0,1,36.0,65.0,deux_roues,voiture,2,1,1,2,2
201900032295,2019-04-11 09:20:00,2019,4,11,9,20,78,78455,A12 W,48.858573,2.051446,Plein jour,Hors agglomération,Hors intersection,Normale,Deux véhicules - arrière,1,1,2,0,1,1,1,0,1,110,2,2,1,0,0,1,40.0,40.0,voiture,voiture,1,1,1,1,2
201900032296,2019-03-09 10:40:00,2019,3,9,10,40,91,91521,RN 104,48.632986,2.405582,Plein jour,Hors agglomération,Hors intersection,Normale,Autre collision,2,1,2,0,2,2,2,0,1,90,1,1,0,0,0,1,51.0,,voiture,,1,1,1,1,6
201900032297,2019-04-10 19:10:00,2019,4,10,19,10,78,78646,RN12,48.79052,2.11189,Plein jour,Hors agglomération,Hors intersection,Normale,Autre collision,2,1,4,0,1,1,1,0,1,110,1,1,0,0,0,1,37.0,,voiture,,1,1,1,1,6
201900032298,2019-03-08 00:25:00,2019,3,8,0,25,94,94038,AUTOROUTE A6A,48.7734,2.34588,Nuit avec éclairage allumé,Hors agglomération,Hors intersection,Normale,Deux véhicules - côté,1,1,4,0,1,1,1,0,1,90,2,2,0,0,0,2,40.0,40.0,utilitaire_camion,voiture,5,1,1,1,3
201900032299,2019-03-07 17:20:00,2019,3,7,17,20,91,91377,RN20,48.719831,2.299076,Plein jour,En agglomération,Hors intersection,Normale,Deux véhicules - côté,2,2,4,0,1,1,1,0,1,50,2,2,1,0,0,1,27.0,38.0,voiture,voiture,1,2,1,1,3
201900032300,2019-04-10 17:20:00,2019,4,10,17,20,78,78646,RN12,48.790799,2.108408,Plein jour,Hors agglomération,Hors intersection,Normale,Trois véhicules et plus - collisions multiples,2,1,1,0,1,1,1,0,1,70,5,5,4,0,0,1,60.0,61.0,voiture,voiture,1,1,1,1,5
201900032301,2019-03-07 08:27:00,2019,3,7,8,27,94,94016,AUTOROUTE A6A,48.79858,2.34309,Plein jour,Hors agglomération,Hors intersection,Normale,Trois véhicules et plus - collisions multiples,1,3,6,3,2,3,2,2,1,70,3,3,2,0,0,1,45.0,42.0,voiture,voiture,1,1,1,1,5
201900032302,2019-04-13 21:40:00,2019,4,13,21,40,93,93066,AUTOROUTE A1,48.9293,2.36062,Nuit avec éclairage allumé,Hors agglomération,Hors intersection,Normale,Autre collision,1,3,10,0,1,2,1,3,1,90,1,2,0,0,0,2,29.0,,voiture,,5,1,1,1,6
201900032303,2019-03-07 02:45:00,2019,3,7,2,45,91,91689,AUTOROUTE A6,48.72917,2.3142,Nuit sans éclairage public,Hors agglomération,Hors intersection,Pluie légère,Deux véhicules - arrière,1,1,3,0,1,1,2,0,1,110,2,2,0,0,0,2,23.0,34.0,voiture,voiture,3,1,1,2,2
201900032304,2019-04-13 07:00:00,2019,4,13,7,0,95,95394,AUTOROUTE A115,49.05167,2.18646,Plein jour,Hors agglomération,Hors intersection,Normale,Autre collision,1,1,1,0,2,3,1,3,1,30,1,1,0,0,1,0,26.0,,voiture,,1,1,1,1,6
201900032305,2019-03-07 03:30:00,2019,3,7,3,30,91,91689,AUTOROUTE A6A,48.74905,2.32758,Nuit sans éclairage public,Hors agglomération,Hors intersection,Pluie légère,Sans collision,1,3,6,0,2,1,2,0,1,110,1,2,0,0,0,2,23.0,,voiture,,3,1,1,2,7
201900032306,2019-04-11 23:55:00,2019,4,11,23,55,93,93053,AUTOROUTE A3,48.893,2.47251,Nuit sans éclairage public,Hors agglomération,Hors intersection,Normale,Deux véhicules - arrière,1,3,10,0,1,3,1,2,1,70,2,2,1,0,0,1,39.0,34.0,utilitaire_camion,deux_roues,3,1,1,1,2
201900032307,2019-03-05 17:30:00,2019,3,5,17,30,91,91182,RN 104,48.62605,2.41677,Plein jour,En agglomération,Hors intersection,Pluie légère,Trois véhicules et plus - en chaîne,2,3,6,0,1,1,2,0,1,70,3,3,0,0,0,3,37.0,53.0,voiture,voiture,1,2,1,2,4
201900032308,2019-04-11 16:45:00,2019,4,11,16,45,93,93048,AUTOROUTE A3,48.87129,2.43252,Plein jour,Hors agglomération,Hors intersection,Normale,Deux véhicules - arrière,1,3,11,0,1,1,1,0,1,90,2,2,1,0,0,1,27.0,52.0,voiture,voiture,1,1,1,1,2
201900032309,2019-03-05 12:17:00,2019,3,5,12,17,91,91617,RN 104,48.632453,2.530892,Plein jour,Hors agglomération,Hors intersection,Pluie légère,Deux véhicules - arrière,2,3,4,0,1,1,2,0,1,90,2,2,1,0,0,1,26.0,24.0,utilitaire_camion,utilitaire_camion,1,1,1,2,2
201900032310,2019-04-11 17:45:00,2019,4,11,17,45,92,92002,AUTOROUTE A10,48.7301067,2.3078174,Plein jour,Hors agglomération,Hors intersection,Normale,Deux véhicules - arrière,1,3,7,0,1,1,1,0,1,90,2,2,1,0,0,1,48.0,34.0,deux_roues,voiture,1,1,1,1,2
201900032311,2019-03-05 09:20:00,2019,3,5,9,20,94,94076,AUTOROUTE A6A,48.79621,2.34476,Plein jour,Hors agglomération,Hors intersection,Pluie légère,Deux véhicules - côté,1,3,6,3,2,1,2,0,1,70,2,3,2,0,0,1,56.0,40.0,deux_roues,voiture,1,1,1,2,3
201900032312,2019-04-11 17:10:00,2019,4,11,17,10,93,93064,AUTOROUTE A86,48.88079,2.4752,Plein jour,Hors agglomération,Hors intersection,Normale,Trois véhicules et plus - en chaîne,1,3,6,0,2,2,1,0,1,90,3,3,2,0,0,1,64.0,42.0,voiture,utilitaire_camion,1,1,1,1,4
201900032313,2019-03-02 20:05:00,2019,3,2,20,5,77,77251,AUTOROUTE A5A,48.61088,2.5729,Nuit sans éclairage public,Hors agglomération,Hors intersection,Normale,Trois véhicules et plus - collisions multiples,1,3,6,0,1,1,1,0,1,110,3,3,2,0,1,0,33.0,52.0,voiture,voiture,3,1,1,1,5
201900032314,2019-04-11 04:00:00,2019,4,11,4,0,95,95061,RN 104,49.06652,2.25805,Nuit sans éclairage public,Hors agglomération,Hors intersection,Normale,Deux véhicules - arrière,2,3,4,0,1,1,1,0,1,110,2,1,0,0,0,1,26.0,,voiture,,3,1,1,1,2
201900032315,2019-03-08 11:00:00,2019,3,8,11,0,92,92050,A14,48.8920724,2.2383029,Plein jour,Hors agglomération,Hors intersection,Normale,Autre collision,1,3,1,0,1,3,1,1,1,50,1,1,0,0,0,1,30.0,,deux_roues,,1,1,1,1,6
201900032316,2019-04-10 06:20:00,2019,4,10,6,20,93,93007,AUTOROUTE A3,48.92085,2.47977,Crépuscule ou aube,Hors agglomération,Hors intersection,Normale,Autre collision,1,3,6,0,1,1,1,0,1,110,1,2,1,0,0,1,24.0,,utilitaire_camion,,2,1,1,1,6
201900032317,2019-03-07 13:30:00,2019,3,7,13,30,92,92072,N118,48.826,2.2227,Plein jour,Hors agglomération,Hors intersection,Normale,Trois véhicules et plus - en chaîne,2,3,2,0,2,1,1,0,1,70,3,4,3,0,0,1,41.0,45.0,voiture,voiture,1,1,1,1,4
201900032318,2019-04-09 16:10:00,2019,4,9,16,10,93,93064,AUTOROUTE A86,48.88008,2.47551,Plein jour,Hors agglomération,Hors intersection,Normale,Deux véhicules - côté,1,3,-1,0,1,1,1,0,1,7,2,2,1,0,0,1,54.0,20.0,utilitaire_camion,deux_roues,1,1,1,1,3
201900032319,2019-03-06 18:50:00,2019,3,6,18,50,78,78322,A86 INT,48.7809,2.1702,Nuit sans éclairage public,Hors agglomération,Hors intersection,Pluie légère,Deux véhicules - arrière,1,1,2,0,1,1,2,3,1,70,2,3,2,0,0,1,25.0,31.0,voiture,voiture,3,1,1,2,2
201900032320,2019-04-13 19:20:00,2019,4,13,19,20,77,77053,RN104,48.6864479,2.5972307,Plein jour,Hors agglomération,Hors intersection,Normale,Autre collision,2,3,2,0,1,1,1,0,1,90,1,1,0,0,0,1,56.0,,voiture,,1,1,1,1,6
201900032321,2019-03-06 18:00:00,2019,3,6,18,0,92,92036,AUTOROUTE A86,48.9385261,2.3119456,Plein jour,En agglomération,Hors intersection,Normale,Sans collision,1,1,2,0,1,1,2,0,1,90,1,1,0,0,0,1,47.0,,deux_roues,,1,2,1,1,7
201900032322,2019-03-04 20:00:00,2019,3,4,20,0,78,78321,RN12 EXT,48.798895,1.921902,Nuit sans éclairage public,Hors agglomération,Hors intersection,Temps couvert,Deux véhicules - côté,2,1,3,0,3,3,2,0,1,110,2,2,1,0,0,1,86.0,53.0,voiture,voiture,3,1,1,8,3
201900032323,2019-03-09 01:30:00,2019,3,9,1,30,95,95154,AUTOROUTE A1,49.04748,2.54646,Nuit sans éclairage public,Hors agglomération,Hors intersection,Pluie légère,Deux véhicules - arrière,1,3,6,0,1,1,2,0,1,110,2,2,1,0,0,1,21.0,23.0,voiture,voiture,3,1,1,2,2
201900032324,2019-04-13 17:45:00,2019,4,13,17,45,94,94022,A86 EXT,48.77655,2.41921,Plein jour,Hors agglomération,Hors intersection,Normale,Trois véhicules et plus - en chaîne,1,3,3,0,1,1,1,0,1,90,3,4,2,0,0,2,35.0,29.0,voiture,voiture,1,1,1,1,4
201900032325,2019-03-08 16:00:00,2019,3,8,16,0,92,92036,AUTOROUTE A86,48.9383717,2.3001001,Nuit avec éclairage non allumé,Hors agglomération,Hors intersection,Normale,Trois véhicules et plus - en chaîne,1,3,6,0,1,2,1,0,1,90,3,4,3,0,1,0,38.0,31.0,deux_roues,voiture,4,1,1,1,4
201900032326,2019-04-13 09:40:00,2019,4,13,9,40,77,77169,RN104,48.8036209,2.6272192,Plein jour,Hors agglomération,Hors intersection,Normale,Sans collision,2,-1,5,0,1,1,1,0,1,90,1,1,0,0,0,1,25.0,,voiture,,1,1,1,1,7
201900032327,2019-03-07 21:30:00,2019,3,7,21,30,93,93064,AUTOROUTE A86,48.86934,2.48256,Nuit avec éclairage non allumé,Hors agglomération,Hors intersection,Normale,Trois véhicules et plus - en chaîne,1,3,6,0,1,2,1,0,1,90,3,3,2,0,0,1,48.0,58.0,voiture,utilitaire_camion,4,1,1,1,4
201900032328,2019-03-07 18:45:00,2019,3,7,18,45,93,93008,AUTOROUTE A86,48.90927,2.44781,Nuit avec éclairage allumé,Hors agglomération,Hors intersection,Normale,Autre collision,1,3,6,0,1,1,1,1,1,90,1,2,1,0,0,1,35.0,,voiture,,5,1,1,1,6
201900032329,2019-04-13 09:00:00,2019,4,13,9,0,77,77294,A104,48.9704984,2.5707952,Plein jour,Hors agglomération,Hors intersection,Normale,Autre collision,1,-1,6,0,1,1,1,0,1,90,1,1,0,0,0,1,31.0,,voiture,,1,1,1,1,6
201900032330,2019-03-07 18:50:00,2019,3,7,18,50,93,93013,AUTOROUTE A1,48.90208,2.47061,Crépuscule ou aube,Hors agglomération,Hors intersection,Pluie légère,Trois véhicules et plus - en chaîne,1,3,8,0,1,1,2,0,1,110,3,3,2,0,0,1,23.0,31.0,voiture,voiture,2,1,1,2,4
201900032331,2019-04-12 20:00:00,2019,4,12,20,0,94,94028,A86 EXT,48.7913425,2.4408424,Crépuscule ou aube,Hors agglomération,Hors intersection,Normale,Deux véhicules - côté,1,3,3,0,1,1,1,0,1,90,2,2,1,0,0,1,27.0,63.0,deux_roues,voiture,2,1,1,1,3
201900032332,2019-04-12 12:10:00,2019,4,12,12,10,77,77373,RN104,48.7895948,2.6180982,Plein jour,Hors agglomération,Hors intersection,Normale,Autre collision,2,-1,4,0,1,1,1,0,1,90,2,3,2,0,0,1,28.0,29.0,voiture,voiture,1,1,1,1,6
201900032333,2019-03-07 17:45:00,2019,3,7,17,45,93,93010,AUTOROUTE A3,48.90208,2.47061,Plein jour,Hors agglomération,Hors intersection,Normale,Trois véhicules et plus - en chaîne,1,3,7,0,1,1,2,2,1,90,7,7,6,0,0,1,67.0,28.0,voiture,utilitaire_camion,1,1,1,1,4