accident_id,datetime,annee,mois,jour,heure,minute,departement,commune_insee,adresse,latitude,longitude,luminosite,agglomeration,intersection,meteo,collision,catr,circ,nbv,vosp,prof,plan,surf,infra,situ,vma,nb_vehicules,nb_usagers,nb_indemnes,nb_tues,nb_blesses_hosp,nb_blesses_legers,age_cond_1,age_cond_2,veh_type_cond_1,veh_type_cond_2,lum_code,agg_code,int_code,atm_code,col_code
201900032425,2019-04-09 17:15:00,2019,4,9,17,15,31,31555,AV LOUIS BREGUET,43.57848,1.48035,Plein jour,Hors agglomération,Hors intersection,Normale,Deux véhicules - côté,4,2,2,0,1,1,1,0,1,50,2,2,1,0,0,1,58.0,62.0,deux_roues,utilitaire_camion,1,1,1,1,3
201900032426,2019-04-10 14:29:00,2019,4,10,14,29,30,30189,LIBERTE (AVENUE),43.82431,4.354,Plein jour,En agglomération,Hors intersection,Normale,Deux véhicules - arrière,4,1,1,0,1,1,1,0,1,50,2,3,2,0,1,0,45.0,47.0,voiture,voiture,1,2,1,1,2
201900032427,2019-04-10 18:05:00,2019,4,10,18,5,29,29039,RD 783 BEUZEC,47.88604,-3.91335,Plein jour,Hors agglomération,Giratoire,Normale,Deux véhicules - arrière,3,-1,2,0,1,2,1,9,1,70,2,3,1,0,0,2,57.0,24.0,voiture,utilitaire_camion,1,1,6,1,2
201900032428,2019-04-09 05:40:00,2019,4,9,5,40,29,29039,RD 70 (route départementale),47.921607,-3.9004917,Nuit sans éclairage public,Hors agglomération,Hors intersection,Brouillard / fumée,Sans collision,3,3,2,0,1,1,2,0,1,70,1,1,0,0,0,1,16.0,,deux_roues,,3,1,1,5,7
201900032429,2019-04-09 07:30:00,2019,4,9,7,30,29,29019,BACH JEAN SEBASTIEN,48.39264,-4.5232,Plein jour,En agglomération,Giratoire,Normale,Deux véhicules - côté,4,2,2,0,3,1,1,0,1,50,2,2,1,0,0,1,59.0,47.0,deux_roues,voiture,1,2,6,1,3
201900032430,2019-04-10 16:00:00,2019,4,10,16,0,17,17300,GUILLET   AVENUE LOUIS,46.16911,-1.1819,Plein jour,Hors agglomération,Hors intersection,Normale,Autre collision,4,-1,1,0,1,1,1,9,1,50,1,2,1,0,0,1,35.0,,voiture,,1,1,1,1,6
201900032431,2019-04-10 11:20:00,2019,4,10,11,20,17,17300,RN 237 ,46.17519,-1.20833,Plein jour,Hors agglomération,Hors intersection,Normale,Sans collision,2,3,4,0,1,1,1,0,1,90,1,1,0,0,0,1,40.0,,deux_roues,,1,1,1,1,7
201900032432,2019-04-10 21:30:00,2019,4,10,21,30,13,13210,FLORIAN ( ROND POINT),43.28511,5.42541,Nuit avec éclairage non allumé,En agglomération,Giratoire,Pluie légère,Deux véhicules - côté,4,1,3,0,1,2,2,2,1,50,2,2,1,0,0,1,55.0,21.0,deux_roues,voiture,4,2,6,2,3
201900032433,2019-04-10 22:20:00,2019,4,10,22,20,13,13203,PLOMBIERES (BOULEVARD DES),43.31906,5.37949,Nuit avec éclairage allumé,En agglomération,Intersection en T,Temps couvert,Deux véhicules - côté,4,1,2,0,1,1,2,9,1,50,2,2,1,0,1,0,53.0,35.0,transport_commun,deux_roues,5,2,3,8,3
201900032434,2019-04-10 11:00:00,2019,4,10,11,0,13,13209,ERNEST ROUVIER (RUE),43.24887,5.40329,Plein jour,En agglomération,Intersection en T,Normale,Autre collision,4,1,1,0,1,1,1,0,1,50,1,1,0,0,0,1,96.0,,voiture,,1,2,3,1,6
201900032435,2019-04-09 17:10:00,2019,4,9,17,10,13,13211,SAINT MARCEL (BOULEVARD DE ),43.2877105,5.4646356,Plein jour,En agglomération,Hors intersection,Normale,Deux véhicules - côté,4,2,2,0,1,1,1,0,1,50,2,2,1,0,0,1,,32.0,voiture,deux_roues,1,2,1,1,3
201900032436,2019-04-09 09:15:00,2019,4,9,9,15,13,13214,COUVENT (TRAVERSE),43.3190417,5.3864502,Plein jour,En agglomération,Hors intersection,Normale,Autre collision,4,2,1,0,2,1,1,0,1,50,1,2,0,0,0,2,,,,,1,2,1,1,6
201900032437,2019-04-10 09:30:00,2019,4,10,9,30,10,10387,HENRI BARBUSSE (RUE),48.30169,4.08721,Plein jour,En agglomération,Intersection en X,Normale,Deux véhicules - côté,4,1,3,0,1,1,1,0,1,50,2,5,1,0,0,4,41.0,34.0,utilitaire_camion,voiture,1,2,2,1,3
201900032438,2019-04-10 03:12:00,2019,4,10,3,12,6,06027,PLAGE BOULEVARD DE LA,43.656643,7.164098,Nuit avec éclairage allumé,En agglomération,Hors intersection,Normale,Sans collision,7,-1,3,0,1,1,1,0,1,50,1,1,0,0,0,1,24.0,,voiture,,5,2,1,1,7
201900032439,2019-04-10 09:30:00,2019,4,10,9,30,75,75116,PORTE DAUPHINE,48.871993,2.27402,Plein jour,En agglomération,Hors intersection,Pluie légère,Deux véhicules - côté,4,1,4,0,1,1,2,0,1,70,2,2,1,0,0,1,45.0,25.0,deux_roues,voiture,1,2,1,2,3
201900032440,2019-04-10 08:00:00,2019,4,10,8,0,75,75120,BOULEVARD DAVOUT,48.860362,2.409288,Plein jour,En agglomération,Hors intersection,Pluie légère,Autre collision,4,2,4,3,1,1,2,0,6,30,1,2,1,0,0,1,46.0,,transport_commun,,1,2,1,2,6
201900032441,2019-04-10 22:15:00,2019,4,10,22,15,75,75119,BOULEVARD DE LA VILLETTE,48.884341,2.366869,Nuit avec éclairage allumé,En agglomération,Intersection en T,Normale,Deux véhicules - côté,4,1,2,1,1,1,1,5,1,50,2,2,1,0,0,1,24.0,28.0,voiture,deux_roues,5,2,3,1,3
201900032442,2019-04-10 16:40:00,2019,4,10,16,40,75,75119,RUE GASTON TESSIER,48.896032,2.374171,Plein jour,En agglomération,Hors intersection,Pluie légère,Deux véhicules - côté,4,2,2,0,1,1,2,0,1,30,2,2,1,0,0,1,35.0,36.0,deux_roues,deux_roues,1,2,1,2,3
201900032443,2019-04-10 22:50:00,2019,4,10,22,50,75,75118,RUE DE CLIGNANCOURT,48.888411,2.347994,Nuit avec éclairage allumé,En agglomération,Intersection à plus de 4 branches,Normale,Deux véhicules - arrière,4,1,1,0,2,1,1,0,1,50,2,2,1,0,0,1,33.0,30.0,deux_roues,deux_roues,5,2,5,1,2
201900032444,2019-04-10 11:40:00,2019,4,10,11,40,75,75118,RUE ORDENER,48.893642,2.336379,Plein jour,En agglomération,Intersection à plus de 4 branches,Pluie légère,Deux véhicules - arrière,4,2,2,2,1,1,2,9,1,50,2,2,1,0,0,1,25.0,33.0,deux_roues,voiture,1,2,5,2,2
201900032445,2019-04-10 19:00:00,2019,4,10,19,0,75,75116,RUE DES SABLONS,48.864418,2.282371,Plein jour,En agglomération,Intersection en X,Normale,Deux véhicules - côté,4,1,1,0,1,1,1,0,1,50,2,3,1,0,0,2,19.0,45.0,voiture,voiture,1,2,2,1,3
201900032446,2019-04-10 14:05:00,2019,4,10,14,5,75,75116,AVENUE THEOPHILE GAUTIER,48.850375,2.273293,Plein jour,En agglomération,Intersection en T,Normale,Autre collision,4,2,2,0,1,1,1,0,1,50,1,2,1,0,0,1,70.0,,voiture,,1,2,3,1,6
201900032447,2019-04-10 07:45:00,2019,4,10,7,45,75,75116,PLACE DU MARECHAL DE LATTRE DE TASSIGNY,48.871281,2.274304,Plein jour,En agglomération,Place,Pluie légère,Deux véhicules - arrière,4,1,3,0,1,1,2,0,1,50,2,2,1,0,0,1,53.0,39.0,voiture,deux_roues,1,2,7,2,2
201900032448,2019-04-10 02:35:00,2019,4,10,2,35,75,75115,PONT DE GRENELLE,48.849344,2.281612,Nuit avec éclairage allumé,En agglomération,Intersection en X,Normale,Deux véhicules - côté,4,1,0,0,1,1,1,5,1,50,2,2,1,0,0,1,41.0,19.0,voiture,deux_roues,5,2,2,1,3
201900032449,2019-04-09 19:15:00,2019,4,9,19,15,75,75114,AVENUE DE LA PORTE DE CHATILLON,48.823412,2.316484,Plein jour,En agglomération,Hors intersection,Normale,Deux véhicules - côté,4,2,5,0,1,1,1,0,1,50,2,2,1,0,0,1,39.0,21.0,deux_roues,voiture,1,2,1,1,3
201900032450,2019-04-08 17:09:00,2019,4,8,17,9,75,75113,RUE DE TOLBIAC,48.827673,2.371377,Plein jour,En agglomération,Intersection en X,Normale,Deux véhicules - côté,4,2,4,0,1,1,1,0,1,50,2,3,2,0,0,1,39.0,46.0,deux_roues,voiture,1,2,2,1,3
201900032451,2019-04-09 18:20:00,2019,4,9,18,20,75,75112,RUE DE PICPUS,48.842718,2.397455,Plein jour,En agglomération,Intersection en X,Normale,Deux véhicules - côté,4,2,2,0,1,1,1,0,1,50,2,3,2,0,0,1,16.0,50.0,deux_roues,transport_commun,1,2,2,1,3
201900032452,2019-04-10 17:50:00,2019,4,10,17,50,75,75110,AVENUE CLAUDE VELLEFAUX,48.875229,2.370321,Plein jour,En agglomération,Intersection en X,Temps couvert,Deux véhicules - arrière,4,2,2,0,1,1,1,0,1,50,2,4,0,0,0,4,54.0,39.0,utilitaire_camion,transport_commun,1,2,2,8,2
201900032453,2019-04-10 13:05:00,2019,4,10,13,5,75,75110,RUE LA FAYETTE,48.879727,2.358669,Plein jour,En agglomération,Intersection en X,Temps couvert,Deux véhicules - côté,4,2,4,3,1,1,2,0,1,50,2,2,1,0,0,1,24.0,36.0,utilitaire_camion,deux_roues,1,2,2,8,3
201900032454,2019-04-10 09:10:00,2019,4,10,9,10,75,75110,AVENUE PARMENTIER,48.871027,2.370277,Plein jour,En agglomération,Hors intersection,Pluie légère,Deux véhicules - frontale,4,2,2,0,1,1,2,0,1,50,2,2,1,0,0,1,24.0,43.0,voiture,deux_roues,1,2,1,2,1
201900032455,2019-04-09 21:50:00,2019,4,9,21,50,75,75110,BOULEVARD DE MAGENTA,48.872176,2.359747,Nuit avec éclairage allumé,En agglomération,Hors intersection,Normale,Deux véhicules - arrière,4,2,6,1,1,1,1,0,5,50,2,2,1,0,0,1,20.0,21.0,deux_roues,voiture,5,2,1,1,2
201900032456,2019-04-09 21:25:00,2019,4,9,21,25,75,75110,QUAI DE JEMMAPES,48.869094,2.367398,Nuit avec éclairage allumé,En agglomération,Hors intersection,Normale,Autre collision,4,1,2,3,1,1,1,0,1,50,1,2,1,0,0,1,25.0,,deux_roues,,5,2,1,1,6
201900032457,2019-04-10 17:35:00,2019,4,10,17,35,75,75108,BOULEVARD MALESHERBES,48.873522,2.320819,Plein jour,En agglomération,Intersection en X,Normale,Deux véhicules - arrière,4,2,3,0,1,1,1,0,1,50,2,2,1,0,0,1,42.0,32.0,deux_roues,deux_roues,1,2,2,1,2
201900032458,2019-04-09 15:30:00,2019,4,9,15,30,75,75108,RUE DE L ARCADE,48.873309,2.324306,Plein jour,En agglomération,Intersection en X,Normale,Autre collision,4,1,1,0,1,1,1,9,1,30,2,1,0,0,0,1,27.0,,deux_roues,,1,2,2,1,6
201900032459,2019-04-10 09:30:00,2019,4,10,9,30,75,75103,RUE PAPIN,48.866753,2.354294,Crépuscule ou aube,En agglomération,Intersection en T,Pluie légère,Autre collision,4,1,1,3,1,1,2,9,4,30,1,2,1,0,0,1,24.0,,utilitaire_camion,,2,2,3,2,6
201900032460,2019-04-08 21:36:00,2019,4,8,21,36,75,75101,AVENUE DE L OPERA,48.866549,2.334075,Nuit avec éclairage allumé,En agglomération,Intersection en T,Normale,Deux véhicules - côté,4,-1,6,3,1,1,1,0,6,50,2,2,1,0,0,1,42.0,30.0,voiture,deux_roues,5,2,3,1,3
201900032461,2019-04-10 11:45:00,2019,4,10,11,45,94,94067,ANDRE-VIVIEN (rue ROBERT),48.83459,2.41501,Plein jour,En agglomération,Hors intersection,Temps couvert,Deux véhicules - arrière,4,1,1,0,1,1,2,0,1,50,2,2,1,0,0,1,55.0,63.0,utilitaire_camion,deux_roues,1,2,1,8,2
201900032462,2019-04-10 18:00:00,2019,4,10,18,0,94,94043,EDMONT MICHELET (R),48.8102,2.3631,Plein jour,En agglomération,Hors intersection,Normale,Autre collision,3,2,2,0,1,1,1,0,2,50,1,2,1,0,1,0,30.0,,voiture,,1,2,1,1,6
201900032463,2019-04-09 13:25:00,2019,4,9,13,25,94,94041,MOLIERE (R),48.8152,2.39355,Plein jour,En agglomération,Hors intersection,Normale,Autre collision,4,1,2,0,1,1,1,0,2,50,1,2,1,0,0,1,19.0,,deux_roues,,1,2,1,1,6
201900032464,2019-04-05 19:30:00,2019,4,5,19,30,94,94028,AVET.(RUE PAUL FRANCOIS),48.79,2.46,Plein jour,En agglomération,Autre intersection,Normale,Deux véhicules - côté,4,2,2,0,1,1,1,0,1,50,2,2,1,0,0,1,26.0,26.0,voiture,voiture,1,2,9,1,3
201900032465,2019-04-05 15:55:00,2019,4,5,15,55,94,94011,STAINS(ROUTE DE),48.78109,2.49377,Plein jour,En agglomération,Hors intersection,Normale,Deux véhicules - frontale,3,2,2,0,2,2,2,2,1,50,2,2,1,0,0,1,66.0,41.0,voiture,utilitaire_camion,1,2,1,1,1
201900032466,2019-04-09 11:45:00,2019,4,9,11,45,94,94002,ETIENNE DOLET (R),48.783885,2.423342,Plein jour,En agglomération,Hors intersection,Normale,Deux véhicules - côté,4,2,2,0,1,1,1,0,1,50,2,1,0,0,0,1,25.0,,deux_roues,,1,2,1,1,3
201900032467,2019-04-10 02:15:00,2019,4,10,2,15,93,93059,SEVERINE (RUE),48.961564,2.355947,Nuit avec éclairage allumé,En agglomération,Autre intersection,Normale,Autre collision,7,3,2,0,1,1,1,9,4,50,1,1,0,0,0,1,27.0,,voiture,,5,2,9,1,6
201900032468,2019-04-10 09:15:00,2019,4,10,9,15,93,93066,CASANOVA DANIELLE NR 52-SUIV ET 21-SUIV,48.92429,2.37008,Plein jour,En agglomération,Autre intersection,Pluie légère,Deux véhicules - côté,3,2,2,0,1,1,2,0,1,30,2,2,1,0,0,1,22.0,27.0,voiture,voiture,1,2,9,2,3
201900032469,2019-04-10 19:34:00,2019,4,10,19,34,93,93053,JULES FERRY (RUE),48.89308,2.47234,Plein jour,En agglomération,Hors intersection,Normale,Deux véhicules - frontale,4,2,1,0,1,4,1,0,1,50,2,3,2,0,0,1,31.0,61.0,deux_roues,voiture,1,2,1,1,1
201900032470,2019-04-09 08:30:00,2019,4,9,8,30,93,93050,PAUL ET CAMILLE THOMOUX (RUE) COTE IMPAI,48.86347,2.52996,Plein jour,En agglomération,Hors intersection,Pluie légère,Autre collision,3,2,2,0,1,1,2,0,1,50,1,2,1,0,0,1,50.0,,voiture,,1,2,1,2,6
201900032471,2019-04-10 00:30:00,2019,4,10,0,30,93,93029,HENRI BARBUSSE (AVE) N°2-124,48.91672,2.44486,Nuit avec éclairage allumé,En agglomération,Hors intersection,Normale,Deux véhicules - arrière,3,2,2,0,1,1,1,0,1,50,2,2,1,0,0,1,24.0,35.0,deux_roues,voiture,5,2,1,1,2
201900032472,2019-04-10 15:40:00,2019,4,10,15,40,93,93057,JAURES (AV. JEAN) 1 A 123,48.90455,2.50401,Plein jour,En agglomération,Hors intersection,Normale,Deux véhicules - frontale,3,2,2,0,1,1,1,0,1,50,2,2,1,0,0,1,47.0,55.0,voiture,deux_roues,1,2,1,1,1
201900032473,2019-04-10 13:30:00,2019,4,10,13,30,93,93010,PASTEUR (AV.),48.9063,2.4877,Plein jour,En agglomération,Hors intersection,Normale,Autre collision,4,2,2,0,1,1,1,9,1,30,1,2,1,0,0,1,25.0,,voiture,,1,2,1,1,6
201900032474,2019-04-10 08:30:00,2019,4,10,8,30,93,93010,GALLIENI (AV.) DE 132 A 186,48.90617,2.48358,Plein jour,En agglomération,Intersection en Y,Pluie légère,Deux véhicules - côté,3,1,0,0,2,1,1,2,1,50,2,1,0,0,0,1,24.0,,voiture,,1,2,4,2,3
201900032475,2019-04-10 18:35:00,2019,4,10,18,35,92,92064,PASTEUR,48.84149,2.19751,Plein jour,En agglomération,Intersection en T,Temps couvert,Deux véhicules - côté,3,2,1,0,1,1,1,0,2,50,2,2,1,0,0,1,32.0,38.0,deux_roues,voiture,1,2,3,8,3
201900032476,2019-04-10 19:15:00,2019,4,10,19,15,92,92062,KUPKA (RUE FRANCK) TOUR,48.89132,2.2327,Crépuscule ou aube,En agglomération,Hors intersection,Normale,Deux véhicules - arrière,4,1,2,0,2,3,1,0,1,50,2,2,1,0,0,1,33.0,34.0,deux_roues,voiture,2,2,1,1,2
201900032477,2019-04-10 11:05:00,2019,4,10,11,5,92,92050,SEINE BOULEVARD DE,48.89619,2.19624,Plein jour,En agglomération,Hors intersection,Pluie légère,Autre collision,7,1,1,0,2,1,1,0,1,50,1,2,1,0,0,1,36.0,,voiture,,1,2,1,2,6
201900032478,2019-04-09 21:25:00,2019,4,9,21,25,92,92049,REPUBLIQUE AVENUE DE LA N°92 A FIN,48.814804,2.317279,Nuit avec éclairage allumé,En agglomération,Hors intersection,Normale,Autre collision,4,1,2,1,1,1,1,0,1,50,1,1,0,0,0,1,30.0,,voiture,,5,2,1,1,6
201900032479,2019-04-09 11:40:00,2019,4,9,11,40,92,92036,SEINE (ROUTE DE LA) (1),48.94632,2.28176,Plein jour,En agglomération,Hors intersection,Pluie légère,Autre collision,4,2,2,0,1,1,1,0,1,50,2,2,1,0,0,1,41.0,43.0,utilitaire_camion,utilitaire_camion,1,2,1,2,6
201900032480,2019-04-10 14:00:00,2019,4,10,14,0,92,92026,MARCEAU,48.899324,2.245995,Plein jour,En agglomération,Hors intersection,Normale,Autre collision,4,2,2,0,1,1,1,6,1,50,1,2,1,0,0,1,32.0,,utilitaire_camion,,1,2,1,1,6
201900032481,2019-07-25 12:03:00,2019,7,25,12,3,43,43038,Route de Lorlanges,45.364161,3.3092,Plein jour,En agglomération,Autre intersection,Normale,Sans collision,3,2,2,0,1,1,1,0,1,50,1,1,0,0,1,0,75.0,,deux_roues,,1,2,9,1,7
201900032482,2019-07-25 07:49:00,2019,7,25,7,49,43,43038,RN102 Barliéres,45.348616,3.341987,Plein jour,Hors agglomération,Intersection en T,Temps éblouissant,Deux véhicules - côté,2,2,2,0,1,1,1,0,1,80,2,2,1,0,1,0,32.0,59.0,voiture,deux_roues,1,1,3,7,3
201900032483,2019-07-28 15:30:00,2019,7,28,15,30,10,10370,lieu dit la porte blanche,48.406296,3.50941,Plein jour,Hors agglomération,Hors intersection,Normale,Autre collision,3,2,2,0,2,2,1,0,3,80,1,1,0,1,0,0,35.0,,voiture,,1,1,1,1,6
201900032484,2019-07-25 19:35:00,2019,7,25,19,35,10,10048,D12,48.17,4.61,Plein jour,Hors agglomération,Hors intersection,Normale,Deux véhicules - frontale,3,2,2,0,1,1,1,0,1,80,2,2,1,1,0,0,52.0,27.0,deux_roues,voiture,1,1,1,1,1
201900032485,2019-07-23 14:00:00,2019,7,23,14,0,16,16070,42 Route de Bellevue,45.87091,0.725069,Plein jour,En agglomération,Hors intersection,Temps éblouissant,Deux véhicules - frontale,4,2,2,0,3,1,1,0,1,50,2,2,1,0,0,1,30.0,14.0,voiture,deux_roues,1,2,1,7,1
201900032486,2019-07-28 12:10:00,2019,7,28,12,10,7,07064,Lieu-Dit Roure,44.898778,4.431589,Plein jour,En agglomération,Hors intersection,Normale,Sans collision,3,2,2,0,2,1,2,0,1,80,1,1,0,0,0,1,28.0,,deux_roues,,1,2,1,1,7
201900032487,2019-07-25 20:45:00,2019,7,25,20,45,7,07079,,45.003955,4.499674,Crépuscule ou aube,Hors agglomération,Hors intersection,Normale,Deux véhicules - côté,3,2,2,0,2,3,1,0,1,80,2,2,1,0,0,1,36.0,15.0,voiture,deux_roues,2,1,1,1,3
201900032488,2019-07-28 16:45:00,2019,7,28,16,45,7,07329,Lieu dit le vincent,44.581741,4.147167,Plein jour,Hors agglomération,Hors intersection,Normale,Deux véhicules - côté,3,2,2,0,1,1,1,0,1,80,2,3,0,0,3,0,22.0,47.0,deux_roues,deux_roues,1,1,1,1,3
201900032489,2019-07-27 14:10:00,2019,7,27,14,10,53,53051,D157,48.349368,-0.547313,Plein jour,Hors agglomération,Autre intersection,Normale,Autre collision,3,2,2,0,1,1,1,0,3,80,1,2,1,0,1,0,28.0,,voiture,,1,1,9,1,6
201900032490,2019-07-25 11:50:00,2019,7,25,11,50,53,53062,LE CHAMP FLEURY,47.837853,-0.753263,Plein jour,Hors agglomération,Intersection en X,Normale,Deux véhicules - côté,3,2,2,0,1,1,1,0,1,80,2,2,1,0,1,0,38.0,53.0,utilitaire_camion,deux_roues,1,1,2,1,3
201900032491,2019-07-26 15:35:00,2019,7,26,15,35,40,40313,Lieu dit le baque,43.832407,-0.809188,Plein jour,Hors agglomération,Hors intersection,Normale,Deux véhicules - côté,3,2,2,0,1,1,1,0,1,80,2,2,1,0,1,0,30.0,63.0,utilitaire_camion,voiture,1,1,1,1,3
201900032492,2019-07-24 17:45:00,2019,7,24,17,45,24,24096,Puy Hardy,45.407609,0.678708,Plein jour,Hors agglomération,Hors intersection,Normale,Deux véhicules - frontale,4,2,2,0,1,4,1,0,1,80,2,3,0,0,0,3,26.0,54.0,voiture,voiture,1,1,1,1,1
201900032493,2019-07-28 07:10:00,2019,7,28,7,10,4,04091,RD 4096,44.005606,5.922976,Crépuscule ou aube,Hors agglomération,Hors intersection,Normale,Autre collision,3,2,2,0,1,1,1,0,3,80,1,1,0,0,1,0,23.0,,voiture,,2,1,1,1,6
201900032494,2019-07-26 15:30:00,2019,7,26,15,30,4,04094,RD 952 la bastide blanche,43.748214,5.848217,Plein jour,Hors agglomération,Hors intersection,Normale,Deux véhicules - frontale,3,2,2,0,1,2,1,0,1,80,2,4,0,0,0,4,59.0,21.0,voiture,voiture,1,1,1,1,1
201900032495,2019-07-25 20:50:00,2019,7,25,20,50,27,27290,Rue de Bouquelon (Goupillières),49.12884,0.775986,Plein jour,En agglomération,Intersection en X,Temps éblouissant,Deux véhicules - côté,3,2,2,0,1,1,1,0,8,80,2,2,1,0,1,0,53.0,35.0,deux_roues,voiture,1,2,2,7,3
201900032496,2019-07-27 23:10:00,2019,7,27,23,10,27,27291,Route du Pont Robert,48.709131,0.747169,Nuit avec éclairage non allumé,Hors agglomération,Intersection en X,Normale,Deux véhicules - côté,4,2,2,0,1,1,1,0,1,80,2,2,1,0,1,0,42.0,19.0,deux_roues,utilitaire_camion,4,1,2,1,3
201900032497,2019-07-27 20:30:00,2019,7,27,20,30,28,28003,Route de Dreux,48.723016,1.300289,Crépuscule ou aube,Hors agglomération,Intersection en X,Normale,Deux véhicules - côté,3,2,1,0,1,1,1,0,1,80,2,3,2,0,1,0,18.0,78.0,voiture,deux_roues,2,1,2,1,3
201900032498,2019-07-26 23:45:00,2019,7,26,23,45,28,28084,rue de la libération,48.54361,1.546523,Nuit sans éclairage public,Hors agglomération,Intersection en X,Pluie légère,Deux véhicules - côté,3,2,2,0,1,1,2,0,1,80,2,3,2,0,0,1,41.0,31.0,voiture,utilitaire_camion,3,1,2,2,3
201900032499,2019-07-23 19:30:00,2019,7,23,19,30,28,28137,Rue des Yvelines,48.547821,1.728972,Plein jour,Hors agglomération,Hors intersection,Normale,Sans collision,3,2,2,0,1,2,1,0,8,80,1,1,0,0,1,0,66.0,,voiture,,1,1,1,1,7
201900032500,2019-07-27 16:00:00,2019,7,27,16,0,30,30272,CD999,43.971843,3.68942,Plein jour,Hors agglomération,Hors intersection,Normale,Sans collision,3,2,2,0,1,3,2,0,3,80,1,2,1,0,1,0,40.0,,voiture,,1,1,1,1,7
201900032501,2019-07-23 14:20:00,2019,7,23,14,20,30,30116,D351 PK 3+800,43.904474,4.59912,Plein jour,Hors agglomération,Hors intersection,Normale,Deux véhicules - frontale,3,2,2,0,2,1,1,0,1,80,2,5,1,0,2,2,31.0,20.0,voiture,voiture,1,1,1,1,1
201900032502,2019-07-25 13:50:00,2019,7,25,13,50,30,30168,D50 lieu dit majencoule,44.110857,3.941931,Plein jour,Hors agglomération,Hors intersection,Normale,Sans collision,3,-1,2,0,1,1,1,0,8,80,1,1,0,0,1,0,36.0,,deux_roues,,1,1,1,1,7
201900032503,2019-07-25 19:05:00,2019,7,25,19,5,52,52237,D74,48.262062,5.619156,Plein jour,Hors agglomération,Intersection en Y,Normale,Deux véhicules - côté,3,2,2,0,2,1,1,0,1,80,2,2,1,0,1,0,31.0,42.0,deux_roues,utilitaire_camion,1,1,4,1,3
201900032504,2019-07-24 19:00:00,2019,7,24,19,0,8,08156,le trou de la choune,49.879741,4.406559,Plein jour,Hors agglomération,Hors intersection,Normale,Autre collision,4,2,2,0,2,2,1,0,3,80,1,3,2,0,1,0,19.0,,voiture,,1,1,1,1,6
201900032505,2019-07-26 14:25:00,2019,7,26,14,25,10,10412,A26 Aire de Repos de villechetif,48.334285,4.165991,Plein jour,Hors agglomération,Giratoire,Pluie légère,Sans collision,1,2,2,0,1,2,2,9,1,50,1,1,0,0,1,0,56.0,,deux_roues,,1,1,6,2,7
201900032506,2019-07-24 06:10:00,2019,7,24,6,10,77,77194,autoroute A5 PK 31+700,48.4173658,2.9446105,Plein jour,Hors agglomération,Hors intersection,Normale,Sans collision,1,-1,5,0,1,1,1,0,3,110,1,1,0,0,0,1,28.0,,voiture,,1,1,1,1,7
201900032507,2019-07-26 15:25:00,2019,7,26,15,25,5,05173,A51,44.318072,5.893032,Plein jour,Hors agglomération,Hors intersection,Normale,Sans collision,1,1,2,0,2,1,1,0,2,130,1,2,0,0,1,1,44.0,,voiture,,1,1,1,1,7
201900032508,2019-07-26 10:35:00,2019,7,26,10,35,13,13008,RD68 PK7+200,43.664249,5.156971,Plein jour,Hors agglomération,Hors intersection,Normale,Deux véhicules - frontale,3,2,2,0,4,3,1,0,1,80,2,2,0,0,1,1,41.0,22.0,voiture,voiture,1,1,1,1,1
201900032509,2019-07-26 07:45:00,2019,7,26,7,45,1,01374,A40,46.091032,5.288428,Plein jour,Hors agglomération,Hors intersection,Normale,Deux véhicules - arrière,1,1,5,0,1,1,1,0,1,130,2,3,1,0,1,1,55.0,23.0,utilitaire_camion,utilitaire_camion,1,1,1,1,2
201900032510,2019-07-26 13:20:00,2019,7,26,13,20,33,33318,Avenue du Maréchal de Lattre de Tassigny,44.77131,-0.71493,Plein jour,En agglomération,Intersection en T,Normale,Deux véhicules - côté,4,2,2,0,1,1,1,0,1,50,2,2,1,0,1,0,58.0,56.0,voiture,deux_roues,1,2,3,1,3
201900032511,2019-07-22 16:40:00,2019,7,22,16,40,6,06085,rond-point de la victoire,43.585624,7.006344,Plein jour,En agglomération,Giratoire,Normale,Deux véhicules - côté,3,1,2,0,1,2,1,0,1,50,2,2,1,0,1,0,43.0,35.0,deux_roues,voiture,1,2,6,1,3
201900032512,2019-07-26 14:45:00,2019,7,26,14,45,68,68309,A35,47.671818,7.471576,Plein jour,Hors agglomération,Hors intersection,Normale,Autre collision,1,3,4,0,1,1,1,0,3,130,1,1,0,0,0,1,44.0,,utilitaire_camion,,1,1,1,1,6
201900032513,2019-07-28 13:50:00,2019,7,28,13,50,62,62471,Autoroute A 26 Sens REIMS-CALAIS,50.665919,2.255701,Plein jour,Hors agglomération,Hors intersection,Normale,Autre collision,1,3,4,0,1,1,1,0,1,130,1,1,0,0,0,1,40.0,,deux_roues,,1,1,1,1,6
201900032514,2019-07-26 07:05:00,2019,7,26,7,5,49,49026,La Trochoire,47.516741,-0.803377,Plein jour,Hors agglomération,Hors intersection,Pluie légère,Sans collision,3,2,1,0,1,1,2,0,1,80,1,2,1,0,0,1,37.0,,utilitaire_camion,,1,1,1,2,7
201900032515,2019-07-26 09:10:00,2019,7,26,9,10,38,38289,D44A,45.14387,6.05818,Plein jour,Hors agglomération,Hors intersection,Normale,Deux véhicules - côté,3,2,2,0,2,2,1,0,1,80,2,2,1,0,1,0,35.0,43.0,voiture,deux_roues,1,1,1,1,3
201900032516,2019-07-25 03:25:00,2019,7,25,3,25,34,34336,A9 - PK:159+400,43.3392639,3.2969284,Nuit sans éclairage public,Hors agglomération,Hors intersection,Normale,Deux véhicules - arrière,1,2,5,3,1,1,1,0,1,130,2,2,1,0,0,1,41.0,38.0,utilitaire_camion,voiture,3,1,1,1,2