accident_id,datetime,annee,mois,jour,heure,minute,departement,commune_insee,adresse,latitude,longitude,luminosite,agglomeration,intersection,meteo,collision,catr,circ,nbv,vosp,prof,plan,surf,infra,situ,vma,nb_vehicules,nb_usagers,nb_indemnes,nb_tues,nb_blesses_hosp,nb_blesses_legers,age_cond_1,age_cond_2,veh_type_cond_1,veh_type_cond_2,lum_code,agg_code,int_code,atm_code,col_code
201900032610,2019-07-25 01:05:00,2019,7,25,1,5,94,94017,A4,48.829413,2.498435,Nuit avec éclairage allumé,Hors agglomération,Hors intersection,Normale,Deux véhicules - arrière,1,3,3,0,1,1,1,0,1,90,2,2,1,0,0,1,42.0,28.0,voiture,voiture,5,1,1,1,2
201900032611,2019-07-24 17:45:00,2019,7,24,17,45,94,94069,A4,48.81735,2.43969,Plein jour,Hors agglomération,Hors intersection,Normale,Deux véhicules - arrière,1,3,4,0,1,1,1,0,1,90,2,2,1,0,0,1,41.0,19.0,voiture,deux_roues,1,1,1,1,2
201900032612,2019-07-24 15:10:00,2019,7,24,15,10,91,91421,JEAN JAURES (AVENUE),48.7141,2.4482,Plein jour,En agglomération,Autre intersection,Normale,Deux véhicules - côté,3,3,2,0,1,1,1,0,3,50,2,2,0,0,0,2,26.0,32.0,voiture,voiture,1,2,9,1,3
201900032613,2019-07-21 17:05:00,2019,7,21,17,5,93,93048,ROCHES (RUE DES),48.87164,2.46454,Plein jour,En agglomération,Hors intersection,Normale,Deux véhicules - côté,4,2,2,0,1,1,1,0,1,50,2,2,1,0,0,1,48.0,36.0,deux_roues,voiture,1,2,1,1,3
201900032614,2019-07-24 11:35:00,2019,7,24,11,35,988,98818,ROUTE DU VELODROME/AV. DU GENERAL DE GAULLE ,-22.28664,166.44464,Plein jour,En agglomération,Giratoire,Normale,Sans collision,4,2,2,0,1,3,1,5,1,50,1,1,0,0,0,1,38.0,,deux_roues,,1,2,6,1,7
201900032615,2019-07-24 21:50:00,2019,7,24,21,50,69,69386,VITTON                              (CO),45.7699,4.85687,Nuit avec éclairage allumé,En agglomération,Hors intersection,Normale,Autre collision,4,1,3,0,1,1,1,0,1,50,1,2,1,0,0,1,21.0,,voiture,,5,2,1,1,6
201900032616,2019-07-24 13:10:00,2019,7,24,13,10,69,69386,DUQUESNE                            (R ),45.7726,4.84418,Plein jour,En agglomération,Intersection en X,Normale,Autre collision,4,2,2,3,1,1,1,0,1,50,1,2,1,0,0,1,69.0,,voiture,,1,2,2,1,6
201900032617,2019-07-24 09:15:00,2019,7,24,9,15,69,69387,GERLAND (DE)                        (R ),45.73361,4.83928,Plein jour,En agglomération,Hors intersection,Normale,Deux véhicules - arrière,4,-1,2,0,1,1,1,0,1,50,2,2,1,0,0,1,49.0,33.0,voiture,voiture,1,2,1,1,2
201900032618,2019-07-23 09:45:00,2019,7,23,9,45,972,97213,AUTOROUTE A1,14.61825,-61.027,Plein jour,Hors agglomération,Hors intersection,Normale,Trois véhicules et plus - collisions multiples,1,1,3,0,1,1,1,0,1,90,3,3,2,0,0,1,55.0,72.0,utilitaire_camion,voiture,1,1,1,1,5
201900032619,2019-07-23 02:55:00,2019,7,23,2,55,972,97213,ROUTE NATIONALE 1,14.3716,-60.5931,Nuit sans éclairage public,En agglomération,Hors intersection,Normale,Autre collision,2,3,3,0,1,1,2,0,1,70,1,1,0,0,0,1,,,,,3,2,1,1,6
201900032620,2019-07-24 13:55:00,2019,7,24,13,55,972,97209,BISHOP (Avenue Maurice),14.61319,-61.05269,Plein jour,En agglomération,Hors intersection,Normale,Autre collision,2,2,5,0,1,1,1,0,1,30,1,2,1,0,1,0,51.0,,transport_commun,,1,2,1,1,6
201900032621,2019-07-24 14:45:00,2019,7,24,14,45,91,91432,GAUGUIN (RUE PAUL),48.692662,2.340783,Plein jour,En agglomération,Hors intersection,Normale,Deux véhicules - arrière,4,1,1,0,1,1,1,0,3,30,2,2,1,0,0,1,45.0,15.0,voiture,deux_roues,1,2,1,1,2
201900032622,2019-07-24 08:20:00,2019,7,24,8,20,91,91421,NATIONALE 6 (PARTIE FORET),48.68442,2.48875,Plein jour,Hors agglomération,Hors intersection,Normale,Trois véhicules et plus - en chaîne,2,1,0,0,1,1,1,0,3,50,3,3,1,0,0,2,27.0,52.0,utilitaire_camion,utilitaire_camion,1,1,1,1,4
201900032623,2019-07-23 15:30:00,2019,7,23,15,30,83,83069,MARINE (BOULEVARD DE LA),43.0959,6.1664,Plein jour,En agglomération,Hors intersection,Normale,Deux véhicules - arrière,4,2,2,0,1,1,1,0,1,50,2,5,1,0,0,4,18.0,56.0,voiture,voiture,1,2,1,1,2
201900032624,2019-07-19 18:05:00,2019,7,19,18,5,83,83050,PERI(BOULEVARD GABRIEL),43.5347,6.4645,Plein jour,En agglomération,Intersection en T,Normale,Autre collision,4,-1,2,0,1,1,1,0,1,50,1,2,1,0,0,1,88.0,,voiture,,1,2,3,1,6
201900032625,2019-07-24 22:00:00,2019,7,24,22,0,82,82033,LAFRANCAISE D45 (ROUTE DE) ,44.0613,1.1419,Nuit sans éclairage public,Hors agglomération,Hors intersection,Normale,Autre collision,3,2,2,0,1,3,1,0,1,70,1,2,0,0,1,1,21.0,,voiture,,3,1,1,1,6
201900032626,2019-07-23 10:45:00,2019,7,23,10,45,76,76410,D86,49.47208,1.02763,Plein jour,Hors agglomération,Intersection en X,Normale,Deux véhicules - côté,1,1,1,0,2,2,1,0,1,70,2,2,1,0,0,1,45.0,23.0,voiture,deux_roues,1,1,2,1,3
201900032627,2019-07-23 17:30:00,2019,7,23,17,30,72,72181,MAC JEAN (AV) N° IMP 107 ET plus,47.97902,0.22552,Plein jour,Hors agglomération,Hors intersection,Normale,Deux véhicules - côté,4,2,2,2,1,1,1,0,1,50,2,2,1,0,0,1,30.0,77.0,deux_roues,voiture,1,1,1,1,3
201900032628,2019-07-23 19:40:00,2019,7,23,19,40,67,67482,RACINE (AVENUE),48.591379,7.707391,Plein jour,En agglomération,Hors intersection,Normale,Deux véhicules - arrière,4,3,6,3,1,1,1,4,1,50,2,4,3,0,0,1,52.0,44.0,voiture,voiture,1,2,1,1,2
201900032629,2019-07-23 18:30:00,2019,7,23,18,30,67,67447,ERSTEIN (RUE D ),48.61058,7.73377,Plein jour,En agglomération,Intersection en T,Normale,Deux véhicules - frontale,4,2,2,0,1,1,1,0,1,50,2,3,1,0,0,2,26.0,41.0,deux_roues,voiture,1,2,3,1,1
201900032630,2019-07-23 18:20:00,2019,7,23,18,20,67,67482,PAUL ELUARD (RUE),48.590402,7.698203,Plein jour,En agglomération,Hors intersection,Normale,Deux véhicules - arrière,4,3,6,3,1,1,1,4,1,50,2,5,4,0,0,1,38.0,51.0,voiture,voiture,1,2,1,1,2
201900032631,2019-07-23 15:30:00,2019,7,23,15,30,67,67482,RHIN (AVENUE DU),48.569596,7.78047,Plein jour,En agglomération,Hors intersection,Normale,Trois véhicules et plus - collisions multiples,4,2,4,0,1,1,1,0,1,50,3,3,1,0,0,2,58.0,32.0,deux_roues,deux_roues,1,2,1,1,5
201900032632,2019-07-23 08:39:00,2019,7,23,8,39,66,66136,R D 900,42.67763,2.85774,Plein jour,En agglomération,Hors intersection,Normale,Deux véhicules - frontale,4,2,2,0,1,3,1,0,1,80,2,2,1,0,0,1,21.0,50.0,voiture,utilitaire_camion,1,2,1,1,1
201900032633,2019-07-24 16:30:00,2019,7,24,16,30,64,64260,BAIE DE CHINGUDY (AVENUE DE LA),43.366292,-1.7704489,Plein jour,En agglomération,Hors intersection,Normale,Deux véhicules - côté,4,2,2,0,1,1,1,0,3,50,2,2,1,0,0,1,16.0,65.0,deux_roues,voiture,1,2,1,1,3
201900032634,2019-07-24 17:10:00,2019,7,24,17,10,64,64483,AXULAR (RUE),43.3868627,-1.6564379,Plein jour,En agglomération,Hors intersection,Normale,Deux véhicules - arrière,4,1,1,0,1,1,1,0,3,50,2,3,1,0,0,2,22.0,57.0,voiture,voiture,1,2,1,1,2
201900032635,2019-07-24 16:30:00,2019,7,24,16,30,64,64445,JEAN MERMOZ,43.308,-0.3767,Plein jour,En agglomération,Intersection en X,Temps éblouissant,Deux véhicules - côté,4,-1,2,0,1,1,1,0,3,50,2,2,1,0,0,1,51.0,22.0,voiture,voiture,1,2,2,7,3
201900032636,2019-07-23 15:10:00,2019,7,23,15,10,64,64445,CORISANDE,43.2965,-0.37524,Plein jour,En agglomération,Intersection en T,Normale,Sans collision,4,1,1,0,4,1,1,5,3,50,1,1,0,0,0,1,27.0,,deux_roues,,1,2,3,1,7
201900032637,2019-07-22 19:30:00,2019,7,22,19,30,64,64102,SOULT (AVENUE MARECHAL),43.48707,-1.48542,Plein jour,En agglomération,Hors intersection,Normale,Deux véhicules - côté,3,3,4,3,2,1,1,0,3,50,2,3,1,0,1,1,54.0,46.0,deux_roues,voiture,1,2,1,1,3
201900032638,2019-07-22 16:30:00,2019,7,22,16,30,64,64024,EUGENE BERNAIN (AVENUE),43.48342,-1.51101,Plein jour,En agglomération,Intersection en T,Normale,Autre collision,4,2,2,0,1,1,1,0,3,50,2,2,1,0,0,1,72.0,25.0,voiture,deux_roues,1,2,3,1,6
201900032639,2019-07-24 18:20:00,2019,7,24,18,20,59,59426,VERTUQUET (RUE DU),50.7491,3.16991,Plein jour,En agglomération,Hors intersection,Normale,Deux véhicules - arrière,7,3,2,0,1,1,1,0,3,50,2,2,1,0,0,1,36.0,49.0,deux_roues,voiture,1,2,1,1,2
201900032640,2019-07-24 01:30:00,2019,7,24,1,30,50,50502,CARENTAN,49.11961,-1.09599,Nuit avec éclairage allumé,En agglomération,Hors intersection,Normale,Autre collision,3,2,2,0,2,2,1,0,1,50,1,1,0,0,0,1,22.0,,deux_roues,,5,2,1,1,6
201900032641,2019-07-24 15:40:00,2019,7,24,15,40,45,45302,RUE LOUIS CHEVALLIER,47.9338313,1.8925358,Plein jour,En agglomération,Hors intersection,Normale,Autre collision,4,2,2,0,1,1,1,0,1,50,1,3,2,0,1,0,37.0,,transport_commun,,1,2,1,1,6
201900032642,2019-07-24 14:45:00,2019,7,24,14,45,45,45147,AV DES COSMONAUTES - R CONDORCET,47.9281,1.9243,Plein jour,En agglomération,Intersection en T,Normale,Deux véhicules - côté,4,2,2,0,1,1,1,0,1,50,2,3,1,0,0,2,45.0,56.0,voiture,voiture,1,2,3,1,3
201900032643,2019-06-28 16:30:00,2019,6,28,16,30,44,44109,BOULEVARD GABRIEL LAURIOL,47.23673,-1.56349,Plein jour,En agglomération,Hors intersection,Normale,Autre collision,4,-1,0,0,1,1,1,0,1,50,1,2,1,0,0,1,17.0,,deux_roues,,1,2,1,1,6
201900032644,2019-07-23 13:40:00,2019,7,23,13,40,44,44132,BONNE SOURCE (AVENUE DE),47.24916,-2.32606,Plein jour,En agglomération,Autre intersection,Normale,Autre collision,4,1,3,1,2,1,1,0,1,50,1,2,1,0,1,0,73.0,,voiture,,1,2,9,1,6
201900032645,2019-07-24 21:10:00,2019,7,24,21,10,37,37261,BOSC (RUE DU DOCTEUR),47.38222,0.69783,Plein jour,En agglomération,Hors intersection,Normale,Autre collision,4,2,2,0,1,1,1,0,1,30,1,1,0,0,0,1,,,,,1,2,1,1,6
201900032646,2019-07-24 07:05:00,2019,7,24,7,5,35,35278,CHESNAIS BEAUREGARD (RUE DU),48.137462,-1.686483,Plein jour,En agglomération,Giratoire,Normale,Deux véhicules - côté,4,-1,1,0,1,1,1,0,1,50,2,2,1,0,0,1,54.0,27.0,voiture,deux_roues,1,2,6,1,3
201900032647,2019-07-22 10:35:00,2019,7,22,10,35,35,35115,SEVIGNE (RUE DE),48.348176,-1.193761,Plein jour,En agglomération,Hors intersection,Normale,Autre collision,4,1,1,0,1,1,1,0,1,30,1,1,0,0,1,0,55.0,,voiture,,1,2,1,1,6
201900032648,2019-07-23 11:10:00,2019,7,23,11,10,34,34172,RIMBAUD (RUE PAUL),43.61917,3.84823,Plein jour,En agglomération,Autre intersection,Normale,Trois véhicules et plus - en chaîne,7,2,4,0,3,3,1,0,1,50,3,5,3,0,0,2,35.0,32.0,utilitaire_camion,voiture,1,2,9,1,4
201900032649,2019-07-24 07:40:00,2019,7,24,7,40,34,34003,SETE ( ROUTE),43.31066,3.51852,Plein jour,Hors agglomération,Hors intersection,Normale,Deux véhicules - côté,4,3,0,0,1,1,1,0,1,80,2,2,1,0,1,0,72.0,56.0,deux_roues,deux_roues,1,1,1,1,3
201900032650,2019-07-24 20:00:00,2019,7,24,20,0,32,32013,ROQUELAURE (CHEMIN DE),43.68748,0.59602,Plein jour,Hors agglomération,Hors intersection,Temps éblouissant,Deux véhicules - frontale,4,2,2,0,1,3,1,0,1,80,2,2,0,0,2,0,85.0,22.0,voiture,voiture,1,1,1,7,1
201900032651,2019-07-24 09:05:00,2019,7,24,9,5,31,31555,VA007306 A64,43.56289,1.41813,Plein jour,Hors agglomération,Hors intersection,Normale,Deux véhicules - arrière,1,3,8,0,1,1,1,0,1,90,2,2,1,0,1,0,46.0,59.0,utilitaire_camion,utilitaire_camion,1,1,1,1,2
201900032652,2019-07-23 21:00:00,2019,7,23,21,0,31,31149,RD PT DE LA FORET ,43.62302,1.30574,Plein jour,En agglomération,Giratoire,Normale,Autre collision,4,2,1,0,1,3,1,0,1,50,1,2,0,0,0,2,23.0,,voiture,,1,2,6,1,6
201900032653,2019-07-24 19:05:00,2019,7,24,19,5,31,31483,BARRAGE (CHEMIN DU ),43.10635,0.74865,Plein jour,En agglomération,Autre intersection,Normale,Sans collision,4,2,2,0,1,1,1,0,1,50,1,1,0,0,0,1,39.0,,voiture,,1,2,9,1,7
201900032654,2019-07-24 16:55:00,2019,7,24,16,55,30,30243,DE GAULLE (AVENUE),44.08488,4.07709,Plein jour,Hors agglomération,Intersection en T,Normale,Deux véhicules - côté,3,2,2,0,1,1,1,0,1,50,2,2,1,0,1,0,44.0,59.0,voiture,deux_roues,1,1,3,1,3
201900032655,2019-07-24 08:45:00,2019,7,24,8,45,29,29232,TY BOS AVENUE DE,47.9697,-4.0635,Plein jour,Hors agglomération,Hors intersection,Normale,Deux véhicules - arrière,3,2,2,0,1,1,1,0,1,70,2,2,1,0,0,1,25.0,26.0,deux_roues,voiture,1,1,1,1,2
201900032656,2019-07-24 19:30:00,2019,7,24,19,30,26,26281,FIGUET ADOLPHE (AVENUE),45.04434,5.06349,Plein jour,En agglomération,Intersection en T,Normale,Deux véhicules - côté,4,2,2,0,2,1,1,0,1,50,2,3,2,0,0,1,38.0,20.0,voiture,voiture,1,2,3,1,3
201900032657,2019-05-18 21:55:00,2019,5,18,21,55,30,30189,FAITA VINCENT (RUE),43.84569,4.37169,Nuit avec éclairage allumé,En agglomération,Intersection en T,Normale,Deux véhicules - côté,4,1,1,0,1,1,1,5,1,50,2,2,1,0,1,0,20.0,49.0,deux_roues,voiture,5,2,3,1,3
201900032658,2019-05-18 19:42:00,2019,5,18,19,42,30,30189,ANCIENS COMBATTANTS D AFN,43.8284,4.3773,Plein jour,En agglomération,Hors intersection,Temps couvert,Autre collision,4,1,1,0,1,1,1,0,1,50,1,2,1,0,1,0,39.0,,voiture,,1,2,1,8,6
201900032659,2019-05-18 02:20:00,2019,5,18,2,20,30,30189,MAIL (RUE),43.83258,4.35528,Nuit avec éclairage allumé,En agglomération,Intersection en Y,Normale,Deux véhicules - côté,4,1,1,0,1,1,1,9,1,50,2,7,6,0,0,1,21.0,20.0,voiture,voiture,5,2,4,1,3
201900032660,2019-05-17 17:05:00,2019,5,17,17,5,30,30189,CANAUX (CHEMIN),43.7767,4.3379,Plein jour,Hors agglomération,Hors intersection,Pluie légère,Trois véhicules et plus - collisions multiples,3,2,2,0,1,3,2,0,1,80,3,3,0,1,0,2,57.0,39.0,utilitaire_camion,voiture,1,1,1,2,5
201900032661,2019-05-15 20:00:00,2019,5,15,20,0,30,30189,PUCCINI (RUE),43.82392,4.338843,Plein jour,En agglomération,Intersection en X,Normale,Trois véhicules et plus - collisions multiples,4,-1,2,0,2,1,1,0,1,50,3,3,2,0,1,0,23.0,27.0,voiture,voiture,1,2,2,1,5
201900032662,2019-05-16 11:20:00,2019,5,16,11,20,30,30189,BOEGNER PASTEUR MARC (BOULEVARD),43.8227,4.3287,Plein jour,En agglomération,Hors intersection,Normale,Autre collision,4,3,4,0,1,1,1,8,1,50,1,2,1,0,0,1,75.0,,voiture,,1,2,1,1,6
201900032663,2019-05-15 00:20:00,2019,5,15,0,20,30,30189,SAUVE (ROUTE),43.837129,4.340414,Nuit avec éclairage allumé,En agglomération,Intersection en T,Normale,Deux véhicules - côté,3,2,2,0,4,1,1,0,1,50,2,8,7,0,0,1,30.0,19.0,voiture,voiture,5,2,3,1,3
201900032664,2019-05-10 17:27:00,2019,5,10,17,27,30,30189,SCHUMAN ROBERT (RUE OU IMPASSE),43.84071,4.38702,Plein jour,En agglomération,Hors intersection,Normale,Trois véhicules et plus - collisions multiples,4,-1,0,0,1,1,1,0,1,50,3,3,2,0,0,1,57.0,53.0,voiture,voiture,1,2,1,1,5
201900032665,2019-05-07 09:00:00,2019,5,7,9,0,30,30189,SAUVE (RUE),43.83738,4.34696,Plein jour,En agglomération,Intersection en T,Normale,Autre collision,4,1,2,0,1,1,1,0,1,50,1,3,1,0,0,2,69.0,,voiture,,1,2,3,1,6
201900032666,2019-05-04 20:35:00,2019,5,4,20,35,30,30189,KENNEDY (AVENUE),43.82626,4.3325,Crépuscule ou aube,En agglomération,Intersection en X,Normale,Deux véhicules - côté,4,1,2,0,2,1,1,8,1,50,2,1,0,0,0,1,31.0,,voiture,,2,2,2,1,3
201900032667,2019-05-02 16:45:00,2019,5,2,16,45,30,30189,BROSSOLETTE PIERRE (RUE),43.84288,4.38953,Plein jour,En agglomération,Intersection en X,Normale,Deux véhicules - côté,4,2,2,0,1,1,1,0,1,50,2,3,1,0,0,2,24.0,46.0,voiture,voiture,1,2,2,1,3
201900032668,2019-04-29 09:40:00,2019,4,29,9,40,30,30189,JAURES JEAN (BOULEVARD),43.83623,4.35025,Plein jour,En agglomération,Hors intersection,Normale,Autre collision,4,1,2,0,1,1,1,0,1,50,1,2,1,0,1,0,61.0,,voiture,,1,2,1,1,6
201900032669,2019-05-22 17:30:00,2019,5,22,17,30,30,30028,HUIT MAI (RUE DU),44.15546,4.61226,Plein jour,En agglomération,Hors intersection,Normale,Autre collision,4,2,3,0,2,1,1,0,1,50,1,2,1,0,1,0,30.0,,utilitaire_camion,,1,2,1,1,6
201900032670,2019-05-19 00:30:00,2019,5,19,0,30,30,30028,ALPHONSE DAUDET (AVENUE),44.14804,4.61208,Nuit avec éclairage allumé,En agglomération,Hors intersection,Pluie légère,Deux véhicules - frontale,3,2,2,1,1,3,2,0,1,70,2,3,1,1,1,0,62.0,51.0,voiture,utilitaire_camion,5,2,1,2,1
201900032671,2019-04-29 11:45:00,2019,4,29,11,45,30,30028,JARDINS DU SOUVENIR (RUE DES),44.162437,4.625955,Plein jour,En agglomération,Intersection en T,Normale,Deux véhicules - côté,2,2,2,0,1,1,1,0,1,50,2,2,1,0,0,1,22.0,22.0,voiture,deux_roues,1,2,3,1,3
201900032672,2019-05-28 09:10:00,2019,5,28,9,10,30,30007,DE GAULLE (AVE DU GENERAL),44.12759,4.0837,Plein jour,En agglomération,Hors intersection,Normale,Autre collision,4,2,2,0,1,1,1,0,1,50,1,2,1,0,1,0,69.0,,voiture,,1,2,1,1,6
201900032673,2019-05-16 09:10:00,2019,5,16,9,10,30,30007,D'INDY (AVE VINCENT),44.13567,4.1007,Plein jour,En agglomération,Hors intersection,Normale,Autre collision,4,2,2,0,1,1,1,0,1,50,2,2,1,0,1,0,39.0,66.0,deux_roues,voiture,1,2,1,1,6
201900032674,2019-05-27 19:50:00,2019,5,27,19,50,29,29232,LE GUENNEC LOUIS BOULEVARD,47.985929,-4.1121945,Plein jour,En agglomération,Hors intersection,Normale,Sans collision,3,1,1,0,2,3,1,0,1,50,1,1,0,0,0,1,26.0,,voiture,,1,2,1,1,7
201900032675,2019-05-19 11:55:00,2019,5,19,11,55,29,29232,BENODET ROUTE DE,47.9397068,-4.071105,Plein jour,Hors agglomération,Hors intersection,Normale,Trois véhicules et plus - collisions multiples,3,2,3,0,1,1,1,0,1,80,4,4,1,0,0,3,76.0,72.0,voiture,deux_roues,1,1,1,1,5
201900032676,2019-05-15 00:35:00,2019,5,15,0,35,29,29232,FLANDRES DUNKERQUE 1940 BOULEVARD,47.9801,-4.0806,Nuit avec éclairage allumé,Hors agglomération,Autre intersection,Normale,Sans collision,3,1,1,0,2,1,1,5,1,50,1,2,1,0,1,0,19.0,,utilitaire_camion,,5,1,9,1,7
201900032677,2019-05-03 20:44:00,2019,5,3,20,44,29,29232,JACOB MAX PONT,47.99362,-4.10639,Plein jour,En agglomération,Intersection en X,Normale,Autre collision,4,2,3,0,1,1,1,2,1,50,1,2,1,0,0,1,19.0,,voiture,,1,2,2,1,6
201900032678,2019-04-29 18:10:00,2019,4,29,18,10,29,29232,BENODET ROUTE DE,47.9673098,-4.0844025,Plein jour,Hors agglomération,Hors intersection,Normale,Trois véhicules et plus - en chaîne,3,2,2,0,2,1,1,0,1,70,3,4,2,0,0,2,34.0,32.0,voiture,voiture,1,1,1,1,4
201900032679,2019-04-29 10:41:00,2019,4,29,10,41,29,29232,LE GUENNEC LOUIS BOULEVARD,47.9792553,-4.0955079,Plein jour,En agglomération,Giratoire,Normale,Deux véhicules - côté,3,3,4,0,1,1,1,9,1,50,2,3,1,0,0,2,33.0,25.0,voiture,deux_roues,1,2,6,1,3
201900032680,2019-05-27 18:50:00,2019,5,27,18,50,29,29039,KERGUERES (Route de),47.89881,-3.9397,Plein jour,Hors agglomération,Hors intersection,Normale,Deux véhicules - frontale,4,2,2,0,4,3,1,0,1,50,2,2,0,0,0,2,36.0,37.0,voiture,voiture,1,1,1,1,1
201900032681,2019-05-18 01:55:00,2019,5,18,1,55,29,29039,maison blanche (rond point),47.888391,-3.918786,Nuit avec éclairage non allumé,En agglomération,Giratoire,Normale,Sans collision,4,1,1,0,1,3,1,9,1,50,1,1,0,0,0,1,29.0,,voiture,,4,2,6,1,7
201900032682,2019-05-15 18:05:00,2019,5,15,18,5,29,29039,LE LAY ( AVENUE ALAIN ),47.8761,-3.91652,Plein jour,En agglomération,Hors intersection,Normale,Deux véhicules - arrière,4,3,1,0,1,1,1,9,1,50,2,2,1,0,0,1,46.0,55.0,voiture,deux_roues,1,2,1,1,2
201900032683,2019-05-08 14:35:00,2019,5,8,14,35,29,29039,GUILLOU ( BOULEVARD ALFRED ),47.8752741,-3.9287847,Plein jour,En agglomération,Intersection en T,Normale,Deux véhicules - côté,4,2,2,1,1,3,1,0,1,30,2,4,2,0,1,1,15.0,75.0,deux_roues,voiture,1,2,3,1,3
201900032684,2019-05-25 10:00:00,2019,5,25,10,0,29,29019,LYON (DE 1 A 33 ET 2 A 28),48.388365,-4.4880908,Plein jour,En agglomération,Hors intersection,Normale,Deux véhicules - côté,4,-1,0,0,1,1,1,1,1,50,2,2,1,0,0,1,29.0,26.0,deux_roues,voiture,1,2,1,1,3
201900032685,2019-05-24 15:39:00,2019,5,24,15,39,29,29019,DUQUESNE (DE 8 ET 13 A 23),48.3913957,-4.4881184,Plein jour,En agglomération,Giratoire,Normale,Deux véhicules - arrière,4,2,2,0,1,1,1,5,1,50,2,3,1,0,0,2,19.0,29.0,voiture,voiture,1,2,6,1,2
201900032686,2019-05-11 18:30:00,2019,5,11,18,30,29,29019,LAMOTTE PICQUET (DE 1 A 11 ET 2 A 12),48.3938,-4.4947,Plein jour,En agglomération,Hors intersection,Normale,Sans collision,4,2,5,0,1,1,1,2,1,50,1,1,0,1,0,0,38.0,,voiture,,1,2,1,1,7
201900032687,2019-05-21 09:05:00,2019,5,21,9,5,29,29019,DESFOSSES ROMAIN (AMIRAL)  (DE 1 A47 ET,48.4275869,-4.4686353,Plein jour,En agglomération,Hors intersection,Normale,Deux véhicules - arrière,4,2,2,0,1,1,1,0,1,50,2,2,0,0,0,2,32.0,33.0,voiture,voiture,1,2,1,1,2
201900032688,2019-05-20 18:05:00,2019,5,20,18,5,29,29019,DOURJACQ,48.4088387,-4.4673572,Plein jour,En agglomération,Hors intersection,Normale,Deux véhicules - côté,4,2,2,0,1,1,1,0,1,50,2,2,1,0,0,1,53.0,34.0,voiture,deux_roues,1,2,1,1,3
201900032689,2019-05-20 16:45:00,2019,5,20,16,45,29,29019,DELESSERT BENJAMIN,48.38644,-4.48582,Plein jour,En agglomération,Hors intersection,Normale,Autre collision,4,-1,0,0,1,1,1,0,1,50,1,2,1,0,0,1,22.0,,voiture,,1,2,1,1,6
201900032690,2019-05-14 08:25:00,2019,5,14,8,25,29,29019,ROND POINT DE KERESSEIS,48.395355,-4.538265,Plein jour,En agglomération,Hors intersection,Normale,Deux véhicules - arrière,3,3,2,0,2,1,1,0,1,50,2,2,1,0,0,1,57.0,36.0,deux_roues,voiture,1,2,1,1,2
201900032691,2019-05-13 16:55:00,2019,5,13,16,55,29,29019,CHOISEUL,48.4067244,-4.4780497,Plein jour,En agglomération,Hors intersection,Normale,Autre collision,4,2,0,0,1,1,1,0,1,50,1,2,1,0,0,1,88.0,,voiture,,1,2,1,1,6
201900032692,2019-04-22 22:40:00,2019,4,22,22,40,29,29019,RAMPE D'ACCES AU PORT,48.3829364,-4.487856,Nuit avec éclairage allumé,En agglomération,Giratoire,Normale,Deux véhicules - côté,4,-1,2,0,2,2,1,5,1,50,2,2,1,0,0,1,50.0,21.0,voiture,deux_roues,5,2,6,1,3
201900032693,2019-05-12 17:10:00,2019,5,12,17,10,29,29019,MONTAIGNE (DE 39 A 111 ET 32 A 96),48.40209,-4.4827,Plein jour,En agglomération,Hors intersection,Normale,Autre collision,4,1,2,1,1,1,1,6,1,50,1,1,0,0,0,1,,,,,1,2,1,1,6
201900032694,2019-05-03 10:45:00,2019,5,3,10,45,29,29019,PRIGENT TANGUY,48.390782,-4.537895,Plein jour,En agglomération,Giratoire,Normale,Autre collision,4,2,2,0,4,1,1,0,1,50,1,2,1,0,0,1,64.0,,voiture,,1,2,6,1,6
201900032695,2019-05-02 11:00:00,2019,5,2,11,0,29,29019,GOURAUD GENERAL,48.3993897,-4.5120075,Plein jour,En agglomération,Intersection en X,Normale,Deux véhicules - côté,4,-1,2,0,1,1,1,0,1,50,2,5,0,0,0,5,41.0,21.0,utilitaire_camion,voiture,1,2,2,1,3
201900032696,2019-05-23 23:10:00,2019,5,23,23,10,27,27375,PARIS (ROUTE DE),49.20232,1.20091,Nuit sans éclairage public,Hors agglomération,Hors intersection,Pluie légère,Deux véhicules - arrière,3,2,2,0,2,1,2,0,1,70,2,2,1,0,0,1,62.0,55.0,voiture,deux_roues,3,1,1,2,2
201900032697,2019-05-14 12:00:00,2019,5,14,12,0,27,27375,FERRY (BOULEVARD JULES),49.2133,1.16442,Plein jour,En agglomération,Intersection en T,Normale,Deux véhicules - côté,4,2,2,0,1,1,1,0,2,30,2,4,0,0,0,4,62.0,19.0,voiture,voiture,1,2,3,1,3
201900032698,2019-04-28 10:20:00,2019,4,28,10,20,27,27375,DUNANT (AVENUE HENRI),49.20461,1.16781,Plein jour,En agglomération,Hors intersection,Pluie légère,Deux véhicules - frontale,3,2,2,0,3,3,2,0,1,50,2,3,0,0,1,2,46.0,69.0,voiture,voiture,1,2,1,2,1
201900032699,2019-05-25 19:05:00,2019,5,25,19,5,27,27229,ROUSSEAU (RUE JEAN JACQUES),49.00666,1.15766,Plein jour,En agglomération,Hors intersection,Normale,Deux véhicules - côté,4,1,2,0,1,1,1,0,1,50,2,2,1,0,0,1,20.0,7.0,voiture,deux_roues,1,2,1,1,3
201900032700,2019-05-16 12:25:00,2019,5,16,12,25,26,26058,LYON AVENUE DE,44.95006,4.89206,Plein jour,En agglomération,Hors intersection,Normale,Deux véhicules - arrière,4,2,-1,-1,1,1,1,0,1,50,2,2,1,0,1,0,19.0,40.0,voiture,deux_roues,1,2,1,1,2
201900032701,2019-05-14 11:30:00,2019,5,14,11,30,26,26362,FAVENTINES RUE,44.9228377,4.9058575,Plein jour,En agglomération,Intersection en T,Normale,Autre collision,4,2,-1,-1,1,3,1,0,1,50,1,4,3,0,1,0,87.0,,utilitaire_camion,,1,2,3,1,6