accident_id,datetime,annee,mois,jour,heure,minute,departement,commune_insee,adresse,latitude,longitude,luminosite,agglomeration,intersection,meteo,collision,catr,circ,nbv,vosp,prof,plan,surf,infra,situ,vma,nb_vehicules,nb_usagers,nb_indemnes,nb_tues,nb_blesses_hosp,nb_blesses_legers,age_cond_1,age_cond_2,veh_type_cond_1,veh_type_cond_2,lum_code,agg_code,int_code,atm_code,col_code
201900032702,2019-05-01 17:39:00,2019,5,1,17,39,26,26362,ROMANS AVENUE DE (301),44.93484,4.90787,Plein jour,En agglomération,Hors intersection,Normale,Sans collision,4,2,-1,-1,1,1,1,0,1,50,1,2,0,0,1,1,31.0,,deux_roues,,1,2,1,1,7
201900032703,2019-04-30 08:00:00,2019,4,30,8,0,26,26362,FAUCONNIERES ROUTE DE,44.9468,4.95482,Plein jour,Hors agglomération,Intersection en T,Normale,Deux véhicules - arrière,4,2,-1,-1,1,1,1,0,1,50,2,2,0,0,1,1,34.0,20.0,deux_roues,voiture,1,1,3,1,2
201900032704,2019-05-17 14:40:00,2019,5,17,14,40,26,26057,VALLON ANTONIN (RUE),45.03972,5.06153,Plein jour,En agglomération,Hors intersection,Temps couvert,Deux véhicules - frontale,3,2,2,0,1,1,1,0,1,50,2,2,0,0,0,2,21.0,83.0,voiture,voiture,1,2,1,8,1
201900032705,2019-04-10 07:30:00,2019,4,10,7,30,26,26198,ESPOULETTE (Avenue d'),44.5531,4.7624,Plein jour,En agglomération,Hors intersection,Normale,Deux véhicules - arrière,4,2,2,0,1,1,1,0,1,50,2,2,0,0,0,2,48.0,50.0,deux_roues,voiture,1,2,1,1,2
201900032706,2019-05-28 23:30:00,2019,5,28,23,30,26,26198,pont,44.55337,4.73082,Nuit sans éclairage public,Hors agglomération,Hors intersection,Normale,Deux véhicules - arrière,2,2,0,0,1,1,1,2,1,50,2,2,0,0,0,2,37.0,26.0,voiture,voiture,3,1,1,1,2
201900032707,2019-05-24 22:40:00,2019,5,24,22,40,26,26198,GOURNIER (Avenue de),44.53327,4.735,Nuit avec éclairage allumé,Hors agglomération,Hors intersection,Normale,Deux véhicules - côté,2,3,2,0,1,1,1,0,1,70,2,3,2,0,0,1,26.0,46.0,voiture,voiture,5,1,1,1,3
201900032708,2019-05-09 17:50:00,2019,5,9,17,50,26,26198,DE GAULLE (Boulevard Général),44.55623,4.74853,Plein jour,En agglomération,Hors intersection,Normale,Autre collision,4,1,-1,-1,1,1,1,0,1,30,1,2,1,0,0,1,45.0,,voiture,,1,2,1,1,6
201900032709,2019-05-26 15:55:00,2019,5,26,15,55,25,25462,RD 47 - PR 25+0 - Rue des LAVAUX (DU 0 AU 25),46.90588,6.35888,Plein jour,En agglomération,Intersection en T,Normale,Deux véhicules - côté,3,2,2,0,1,1,1,0,1,50,2,2,1,0,0,1,50.0,36.0,voiture,deux_roues,1,2,3,1,3
201900032710,2019-05-15 18:25:00,2019,5,15,18,25,25,25462,CHARDONNET (COMTE DE),46.91128,6.35294,Plein jour,En agglomération,Hors intersection,Normale,Deux véhicules - frontale,4,1,1,0,4,2,1,0,2,50,2,2,1,0,1,0,12.0,27.0,deux_roues,voiture,1,2,1,1,1
201900032711,2019-05-13 08:45:00,2019,5,13,8,45,25,25204,Grande rue,46.92781,6.34951,Plein jour,En agglomération,Hors intersection,Normale,Trois véhicules et plus - en chaîne,3,2,1,0,1,1,1,0,1,50,3,4,1,0,0,3,36.0,35.0,voiture,voiture,1,2,1,1,4
201900032712,2019-05-07 17:50:00,2019,5,7,17,50,25,25462,NEUCHATEL (AVENUE DE),46.89947,6.36164,Plein jour,En agglomération,Hors intersection,Normale,Deux véhicules - côté,4,2,1,0,1,1,1,0,1,50,2,2,1,0,0,1,56.0,32.0,deux_roues,voiture,1,2,1,1,3
201900032713,2019-05-04 11:46:00,2019,5,4,11,46,25,25462,SALINS DE (DU 0 AU 15),46.90575,6.34978,Plein jour,En agglomération,Hors intersection,Temps couvert,Autre collision,4,1,2,0,1,1,2,6,1,50,1,2,1,0,0,1,32.0,,deux_roues,,1,2,1,8,6
201900032714,2019-05-23 14:00:00,2019,5,23,14,0,25,25056,TARRAGNOZ FAUBOURG,47.22517,6.03188,Plein jour,En agglomération,Hors intersection,Normale,Deux véhicules - côté,5,2,2,1,1,2,1,0,1,30,2,2,0,0,1,1,54.0,68.0,deux_roues,deux_roues,1,2,1,1,3
201900032715,2019-05-21 18:55:00,2019,5,21,18,55,25,25056,MARIE LOUISE RUE,47.25108,6.03052,Plein jour,En agglomération,Hors intersection,Normale,Deux véhicules - arrière,4,1,1,1,3,1,1,0,1,50,2,3,2,0,1,0,28.0,58.0,voiture,voiture,1,2,1,1,2
201900032716,2019-05-21 23:40:00,2019,5,21,23,40,25,25056,ORME DE CHAMARS RUE DE L',47.23689,6.0221,Nuit avec éclairage allumé,En agglomération,Hors intersection,Normale,Deux véhicules - frontale,4,1,1,0,1,2,1,0,1,30,2,2,1,0,0,1,27.0,42.0,deux_roues,voiture,5,2,1,1,1
201900032717,2019-05-20 23:13:00,2019,5,20,23,13,25,25056,CHURCHILL BD WINSTON (sup19),47.24634,5.99808,Nuit avec éclairage allumé,En agglomération,Intersection en X,Temps couvert,Deux véhicules - côté,4,2,4,0,1,1,1,5,1,50,2,2,1,0,0,1,59.0,18.0,voiture,deux_roues,5,2,2,8,3
201900032718,2019-05-17 14:51:00,2019,5,17,14,51,25,25056,GAULARD AVENUE (inf 14),47.236937,6.032674,Plein jour,En agglomération,Hors intersection,Normale,Deux véhicules - arrière,4,3,3,1,1,1,1,0,1,50,2,2,1,0,0,1,53.0,40.0,voiture,voiture,1,2,1,1,2
201900032719,2019-05-13 13:00:00,2019,5,13,13,0,25,25056,OUEST BOULEVARD,47.2261,5.9793,Plein jour,En agglomération,Autre intersection,Normale,Deux véhicules - arrière,2,2,3,0,1,1,1,3,1,50,2,2,1,0,1,0,61.0,48.0,deux_roues,utilitaire_camion,1,2,9,1,2
201900032720,2019-05-11 19:53:00,2019,5,11,19,53,25,25056,DOLE RUE DE (sup 200),47.226385,5.977839,Plein jour,En agglomération,Hors intersection,Pluie forte,Deux véhicules - frontale,3,-1,2,0,1,1,2,3,1,50,2,3,2,0,1,0,24.0,33.0,voiture,voiture,1,2,1,3,1
201900032721,2019-05-14 17:45:00,2019,5,14,17,45,24,24557,GRANDOU (AVENUE MICHEL),45.18897,0.75424,Plein jour,En agglomération,Hors intersection,Normale,Trois véhicules et plus - collisions multiples,3,2,2,0,1,1,1,0,1,50,4,6,3,0,2,1,47.0,53.0,voiture,voiture,1,2,1,1,5
201900032722,2019-05-23 12:10:00,2019,5,23,12,10,22,22360,MARCEL RAULT,48.48905,-2.73806,Plein jour,En agglomération,Hors intersection,Normale,Autre collision,4,2,2,0,1,1,1,0,1,30,1,2,1,1,0,0,30.0,,utilitaire_camion,,1,2,1,1,6
201900032723,2019-05-23 23:25:00,2019,5,23,23,25,22,22360,CROIX DENIS (RUE DE LA),48.4613726,-2.7839742,Nuit avec éclairage allumé,Hors agglomération,Giratoire,Normale,Autre collision,3,1,1,0,1,1,1,3,1,50,1,1,0,0,0,1,33.0,,voiture,,5,1,6,1,6
201900032724,2019-05-19 18:55:00,2019,5,19,18,55,22,22278,LAENNEC (BD),48.5114078,-2.7746552,Plein jour,En agglomération,Hors intersection,Normale,Autre collision,4,2,2,1,1,1,1,0,1,50,1,1,0,0,1,0,21.0,,deux_roues,,1,2,1,1,6
201900032725,2019-05-17 13:42:00,2019,5,17,13,42,22,22187,LEQUIER (Rue Jules),48.54208,-2.77823,Plein jour,En agglomération,Hors intersection,Normale,Deux véhicules - arrière,4,2,2,0,1,1,1,0,1,50,2,2,1,0,1,0,55.0,17.0,utilitaire_camion,deux_roues,1,2,1,1,2
201900032726,2019-05-12 02:50:00,2019,5,12,2,50,22,22278,RESISTANCE (PL. DE LA),48.51374,-2.761649,Nuit avec éclairage non allumé,En agglomération,Hors intersection,Normale,Autre collision,6,-1,0,0,1,1,1,0,8,30,1,4,1,0,0,3,23.0,,voiture,,4,2,1,1,6
201900032727,2019-05-17 03:10:00,2019,5,17,3,10,22,22360,RD 222,48.4750892,-2.7386684,Nuit sans éclairage public,Hors agglomération,Hors intersection,Normale,Deux véhicules - arrière,3,3,4,0,1,1,1,0,1,110,2,1,0,0,0,1,23.0,,voiture,,3,1,1,1,2
201900032728,2019-05-15 19:55:00,2019,5,15,19,55,22,22278,NOGUES (MAURICE),48.51811,-2.80993,Plein jour,Hors agglomération,Hors intersection,Normale,Sans collision,4,-1,2,0,1,1,1,0,1,80,1,1,0,0,1,0,35.0,,deux_roues,,1,1,1,1,7
201900032729,2019-05-11 15:20:00,2019,5,11,15,20,22,22278,GOUET (VIEILLE COTE DE),48.522295,-2.764486,Plein jour,En agglomération,Hors intersection,Normale,Deux véhicules - arrière,4,2,2,0,2,1,1,0,1,50,2,3,1,0,0,2,41.0,48.0,voiture,voiture,1,2,1,1,2
201900032730,2019-05-10 11:00:00,2019,5,10,11,0,22,22106,RUE VIVIANE,48.498808,-2.73183,Plein jour,En agglomération,Hors intersection,Normale,Autre collision,4,-1,2,0,1,1,1,0,1,50,1,2,1,0,0,1,23.0,,voiture,,1,2,1,1,6
201900032731,2019-05-02 10:50:00,2019,5,2,10,50,22,22278,ROHAN (DE),48.51366,-2.76265,Plein jour,En agglomération,Hors intersection,Normale,Autre collision,4,1,1,0,1,1,1,0,1,30,1,2,1,0,1,0,45.0,,voiture,,1,2,1,1,6
201900032732,2019-04-29 18:30:00,2019,4,29,18,30,22,22278,RAHUEL (DOCTEUR),48.5057118,-2.7451949,Plein jour,En agglomération,Intersection en X,Normale,Autre collision,4,2,2,1,1,1,1,0,1,50,2,2,1,0,0,1,21.0,47.0,deux_roues,voiture,1,2,2,1,6
201900032733,2019-05-14 09:30:00,2019,5,14,9,30,22,22113,FORLAC'H (BOULEVARD DU),48.73198,-3.45134,Plein jour,En agglomération,Intersection en T,Normale,Deux véhicules - arrière,4,2,2,0,1,1,1,0,1,50,2,2,1,0,0,1,71.0,35.0,voiture,voiture,1,2,3,1,2
201900032734,2019-05-14 10:50:00,2019,5,14,10,50,22,22113,TREGASTEL (ROUTE DE),48.763009,-3.4726179,Plein jour,En agglomération,Hors intersection,Normale,Deux véhicules - côté,3,2,2,0,1,3,1,0,1,70,2,2,1,0,1,0,69.0,51.0,deux_roues,utilitaire_camion,1,2,1,1,3
201900032735,2019-05-10 12:10:00,2019,5,10,12,10,22,22113,FORLAC'H (BOULEVARD DU),48.732825,-3.450143,Plein jour,En agglomération,Hors intersection,Normale,Deux véhicules - côté,4,2,2,0,3,1,1,0,1,50,2,2,1,0,0,1,18.0,21.0,deux_roues,voiture,1,2,1,1,3
201900032736,2019-05-03 17:25:00,2019,5,3,17,25,22,22113,TREGUIER (ROUTE DE),48.7378856,-3.4324089,Plein jour,En agglomération,Hors intersection,Normale,Sans collision,3,2,2,0,2,1,1,0,1,70,1,1,0,0,1,0,16.0,,deux_roues,,1,2,1,1,7
201900032737,2019-04-23 08:50:00,2019,4,23,8,50,22,22113,RESISTANCE (AVENUE DE LA),48.75058,-3.46026,Plein jour,En agglomération,Intersection en T,Normale,Deux véhicules - côté,3,3,4,2,1,1,1,5,1,50,2,2,1,0,0,1,36.0,33.0,utilitaire_camion,deux_roues,1,2,3,1,3
201900032738,2019-04-29 18:05:00,2019,4,29,18,5,22,22113,MENDES FRANCE (BOULEVARD),48.73046,-3.46877,Plein jour,En agglomération,Intersection en X,Normale,Trois véhicules et plus - collisions multiples,3,2,2,0,2,1,1,5,1,50,3,4,0,0,1,3,82.0,26.0,voiture,voiture,1,2,2,1,5
201900032739,2019-05-27 17:58:00,2019,5,27,17,58,21,21231,OUEST (DE L') (BOULEVARD),47.32249,5.01831,Plein jour,En agglomération,Hors intersection,Normale,Deux véhicules - arrière,4,2,2,0,2,1,1,2,1,50,2,2,1,0,1,0,59.0,18.0,voiture,deux_roues,1,2,1,1,2
201900032740,2019-05-27 13:05:00,2019,5,27,13,5,21,21231,VICTOR HUGO (AVENUE),47.33099,5.02227,Plein jour,En agglomération,Intersection en X,Normale,Deux véhicules - côté,4,2,-1,0,2,1,1,0,1,50,2,3,1,0,2,0,40.0,66.0,voiture,deux_roues,1,2,2,1,3
201900032741,2019-05-26 20:50:00,2019,5,26,20,50,21,21231,GUSTAVE EIFFEL (AVENUE),47.31529,5.02366,Crépuscule ou aube,En agglomération,Intersection en T,Normale,Autre collision,4,2,2,0,1,1,1,0,1,50,1,1,0,0,1,0,40.0,,deux_roues,,2,2,3,1,6
201900032742,2019-05-24 10:34:00,2019,5,24,10,34,21,21231,DIDEROT (RUE),47.324003,5.046851,Plein jour,En agglomération,Place,Normale,Autre collision,4,2,2,1,1,1,1,0,1,50,1,2,1,0,1,0,77.0,,voiture,,1,2,7,1,6
201900032743,2019-05-21 20:25:00,2019,5,21,20,25,21,21231,CHAMPOLLION (AVENUE),47.33537,5.0646,Plein jour,En agglomération,Intersection en X,Normale,Deux véhicules - côté,4,4,6,3,1,1,1,0,1,50,2,2,1,0,1,0,32.0,36.0,autre,voiture,1,2,2,1,3
201900032744,2019-05-18 19:00:00,2019,5,18,19,0,21,21231,AUXONNE (D') (RUE),47.31052,5.05379,Plein jour,En agglomération,Hors intersection,Normale,Deux véhicules - arrière,4,2,2,0,1,1,1,0,1,50,2,3,2,0,0,1,23.0,56.0,voiture,deux_roues,1,2,1,1,2
201900032745,2019-05-19 22:42:00,2019,5,19,22,42,21,21231,GABRIEL (BOULEVARD),47.31052,5.0644,Nuit avec éclairage allumé,En agglomération,Intersection en T,Normale,Deux véhicules - côté,4,2,5,0,1,1,1,0,2,50,2,3,1,0,1,1,59.0,18.0,voiture,deux_roues,5,2,3,1,3
201900032746,2019-05-16 13:25:00,2019,5,16,13,25,21,21231,PARC (DU) (COURS),47.30313,5.04853,Plein jour,En agglomération,Hors intersection,Normale,Trois véhicules et plus - collisions multiples,4,2,2,0,1,1,1,0,1,50,3,3,1,0,1,1,32.0,19.0,voiture,voiture,1,2,1,1,5
201900032747,2019-05-15 19:25:00,2019,5,15,19,25,21,21231,GEORGES POMPIDOU (VOIE),47.30004,5.07308,Plein jour,Hors agglomération,Hors intersection,Normale,Deux véhicules - arrière,2,3,4,0,1,1,1,0,1,90,2,2,1,0,1,0,20.0,26.0,utilitaire_camion,deux_roues,1,1,1,1,2
201900032748,2019-05-14 18:15:00,2019,5,14,18,15,21,21231,CARNOT (BOULEVARD),47.3208,5.05079,Plein jour,En agglomération,Hors intersection,Normale,Deux véhicules - arrière,4,2,3,0,1,1,1,0,1,50,2,2,1,0,1,0,70.0,21.0,voiture,deux_roues,1,2,1,1,2
201900032749,2019-05-06 14:55:00,2019,5,6,14,55,19,19275,MONTUPET (CHEMIN DE),45.5662985,2.3063873,Plein jour,En agglomération,Hors intersection,Normale,Deux véhicules - côté,3,1,2,0,2,4,1,0,1,70,2,2,0,0,1,1,44.0,62.0,utilitaire_camion,voiture,1,2,1,1,3
201900032750,2019-05-09 22:00:00,2019,5,9,22,0,19,19272,D 167 ,45.26781,1.77069,Nuit sans éclairage public,Hors agglomération,Hors intersection,Pluie légère,Autre collision,3,2,2,0,2,1,2,0,1,80,1,1,0,0,0,1,22.0,,voiture,,3,1,1,2,6
201900032751,2019-05-28 17:15:00,2019,5,28,17,15,19,19031,COMBE (BOULEVARD ROGER),45.1667,1.49541,Plein jour,En agglomération,Hors intersection,Pluie légère,Autre collision,4,2,2,0,2,1,2,0,1,50,1,2,1,0,0,1,57.0,,voiture,,1,2,1,2,6
201900032752,2019-05-27 12:20:00,2019,5,27,12,20,19,19031,BOURLIAGUET (RUE LEONCE),45.14519,1.49807,Plein jour,En agglomération,Hors intersection,Normale,Deux véhicules - côté,3,2,2,0,1,1,1,0,1,50,2,2,1,0,0,1,49.0,55.0,voiture,deux_roues,1,2,1,1,3
201900032753,2019-05-24 16:30:00,2019,5,24,16,30,19,19031,HUGO (AVENUE VICTOR),45.16021,1.53058,Plein jour,En agglomération,Hors intersection,Pluie forte,Autre collision,4,-1,2,0,1,1,2,0,1,50,1,2,1,0,0,1,36.0,,voiture,,1,2,1,3,6
201900032754,2019-05-23 08:10:00,2019,5,23,8,10,19,19031,CLEMENCEAU (BOULEVARD),45.15414,1.52982,Plein jour,En agglomération,Intersection en X,Normale,Deux véhicules - côté,4,2,2,0,3,1,1,0,1,50,2,2,1,0,1,0,62.0,45.0,voiture,deux_roues,1,2,2,1,3
201900032755,2019-05-21 16:45:00,2019,5,21,16,45,19,19031,RIBOT (AVENUE),45.16488,1.51726,Plein jour,En agglomération,Hors intersection,Pluie forte,Trois véhicules et plus - en chaîne,3,2,2,0,1,1,2,0,1,50,3,3,2,0,0,1,19.0,37.0,voiture,voiture,1,2,1,3,4
201900032756,2019-05-21 18:10:00,2019,5,21,18,10,19,19031,ALIBERT (RUE FERNAND),45.1613401,1.5286244,Plein jour,En agglomération,Hors intersection,Pluie légère,Deux véhicules - côté,4,2,2,0,1,1,2,0,1,50,2,2,1,0,0,1,23.0,26.0,voiture,voiture,1,2,1,2,3
201900032757,2019-05-14 17:10:00,2019,5,14,17,10,19,19031,KENNEDY (AVENUE JOHN),45.1676672,1.5517145,Plein jour,En agglomération,Hors intersection,Normale,Deux véhicules - côté,3,2,2,0,1,1,1,0,1,50,2,2,1,0,0,1,65.0,18.0,voiture,deux_roues,1,2,1,1,3
201900032758,2019-05-10 17:55:00,2019,5,10,17,55,19,19031,LACHAUD (RUE LEOPOLD),45.15261,1.534,Plein jour,En agglomération,Intersection en T,Pluie légère,Deux véhicules - côté,4,2,0,0,2,1,2,0,1,50,2,2,1,0,0,1,41.0,44.0,voiture,voiture,1,2,3,2,3
201900032759,2019-05-26 10:30:00,2019,5,26,10,30,18,18033,QUATORZE JUILLET (PLACE DU),47.12445,2.40449,Plein jour,En agglomération,Hors intersection,Normale,Autre collision,4,2,1,0,1,1,1,0,2,30,1,2,1,0,0,1,86.0,,utilitaire_camion,,1,2,1,1,6
201900032760,2019-05-07 18:40:00,2019,5,7,18,40,18,18033,AURON (BOULEVARD D'),47.07922,2.39102,Plein jour,En agglomération,Hors intersection,Normale,Deux véhicules - côté,4,2,4,3,1,1,1,0,1,50,2,2,1,0,0,1,17.0,49.0,deux_roues,voiture,1,2,1,1,3
201900032761,2019-04-16 19:52:00,2019,4,16,19,52,18,18033,INDUSTRIE (BOULEVARD DE L'),47.07242,2.39696,Plein jour,En agglomération,Hors intersection,Normale,Deux véhicules - côté,4,3,4,1,2,1,1,0,1,50,2,2,1,0,0,1,29.0,65.0,deux_roues,voiture,1,2,1,1,3
201900032762,2019-05-21 18:50:00,2019,5,21,18,50,17,17415,GENET ROCADE A COTE DE BEAUTE COURS,45.749136,-0.66347,Plein jour,En agglomération,Hors intersection,Autre,Autre collision,4,2,2,0,3,2,2,0,1,50,1,1,0,1,0,0,26.0,,deux_roues,,1,2,1,9,6
201900032763,2019-04-26 17:55:00,2019,4,26,17,55,17,17306,BAILLET (BD COLONEL ROBERT),45.631602,-1.035904,Plein jour,En agglomération,Hors intersection,Normale,Autre collision,4,2,2,0,1,1,1,0,1,50,1,3,2,0,0,1,26.0,,voiture,,1,2,1,1,6
201900032764,2019-04-30 19:30:00,2019,4,30,19,30,17,17380,VERDUN (74 AVENUE DE),45.658634,-1.075827,Plein jour,En agglomération,Hors intersection,Normale,Deux véhicules - arrière,4,-1,2,0,1,1,1,0,1,50,2,2,1,0,1,0,65.0,23.0,deux_roues,voiture,1,2,1,1,2
201900032765,2019-05-13 18:35:00,2019,5,13,18,35,17,17306,ROCHEFORT (DE)  (AVENUE),45.635898,-1.026198,Plein jour,En agglomération,Hors intersection,Normale,Autre collision,4,2,2,0,1,1,1,5,1,50,1,1,0,0,0,1,48.0,,voiture,,1,2,1,1,6
201900032766,2019-05-29 20:15:00,2019,5,29,20,15,17,17291,OISEAUX   RUE DES,46.18338,-1.11929,Plein jour,En agglomération,Hors intersection,Normale,Autre collision,4,1,1,0,1,2,1,0,1,50,1,1,0,0,0,1,33.0,,deux_roues,,1,2,1,1,6
201900032767,2019-05-28 09:20:00,2019,5,28,9,20,17,17300,SCHWEITZER   RUE DU DOCTEUR ALB,46.15823,-1.14387,Plein jour,En agglomération,Hors intersection,Normale,Autre collision,4,1,1,1,2,1,1,0,1,50,2,2,0,0,0,2,39.0,23.0,deux_roues,deux_roues,1,2,1,1,6
201900032768,2019-05-28 00:25:00,2019,5,28,0,25,17,17300,avenue 123e Régiment d'infanterie,46.152874,-1.149118,Nuit sans éclairage public,En agglomération,Hors intersection,Normale,Autre collision,5,-1,1,0,1,1,1,8,1,30,1,2,1,0,0,1,19.0,,voiture,,3,2,1,1,6
201900032769,2019-05-25 19:15:00,2019,5,25,19,15,17,17300,SARTRE   AVENUE JEAN-PAUL,46.15621,-1.13075,Plein jour,En agglomération,Intersection en X,Normale,Deux véhicules - arrière,4,2,4,0,1,1,1,0,1,50,2,2,1,0,0,1,44.0,23.0,voiture,deux_roues,1,2,2,1,2
201900032770,2019-05-25 18:20:00,2019,5,25,18,20,17,17300,SAINT-CLAUDE   RUE DU REMPART,46.15836,-1.14558,Plein jour,En agglomération,Intersection en T,Normale,Deux véhicules - côté,4,1,1,0,1,3,1,0,1,50,2,3,2,0,0,1,58.0,22.0,deux_roues,voiture,1,2,3,1,3
201900032771,2019-05-25 06:05:00,2019,5,25,6,5,17,17300,SAUTEL  BOULEVARD ANDRE,46.16666,-1.13659,Crépuscule ou aube,En agglomération,Hors intersection,Normale,Autre collision,4,3,4,0,1,1,1,0,1,50,1,1,0,0,0,1,22.0,,voiture,,2,2,1,1,6
201900032772,2019-05-22 21:35:00,2019,5,22,21,35,17,17300,VIELJEUX   RUE LEONCE,46.15791,-1.15558,Plein jour,En agglomération,Hors intersection,Normale,Autre collision,4,-1,1,0,1,1,1,0,1,50,2,2,1,0,0,1,24.0,26.0,voiture,deux_roues,1,2,1,1,6
201900032773,2019-05-22 17:00:00,2019,5,22,17,0,17,17300,JOFFRE   BOULEVARD (27-77 et 2-1),46.1579,-1.14232,Plein jour,En agglomération,Intersection en X,Normale,Deux véhicules - côté,4,4,4,0,1,1,1,6,1,50,2,3,2,0,0,1,78.0,23.0,utilitaire_camion,voiture,1,2,2,1,3
201900032774,2019-05-21 12:20:00,2019,5,21,12,20,17,17291,JUIN 18  RUE,46.17619,-1.11148,Plein jour,Hors agglomération,Hors intersection,Normale,Deux véhicules - côté,4,1,2,2,1,1,1,9,1,30,2,2,1,0,1,0,22.0,41.0,voiture,deux_roues,1,1,1,1,3
201900032775,2019-05-16 17:25:00,2019,5,16,17,25,17,17300,MONNET   AVENUE JEAN,46.14735,-1.15183,Plein jour,En agglomération,Hors intersection,Normale,Deux véhicules - côté,4,2,1,0,1,1,1,6,1,50,2,2,1,0,0,1,72.0,60.0,voiture,deux_roues,1,2,1,1,3
201900032776,2019-05-16 13:51:00,2019,5,16,13,51,17,17200,RN 237,46.17815,-1.15862,Plein jour,Hors agglomération,Hors intersection,Normale,Deux véhicules - arrière,2,3,4,0,1,1,1,3,1,50,2,2,1,0,0,1,48.0,51.0,deux_roues,voiture,1,1,1,1,2
201900032777,2019-05-11 11:45:00,2019,5,11,11,45,17,17300,DEBUSSY   RUE CLAUDE,46.15845,-1.13817,Plein jour,Hors agglomération,Hors intersection,Normale,Autre collision,5,-1,0,0,2,1,1,9,1,10,1,3,1,0,0,2,76.0,,voiture,,1,1,1,1,6
201900032778,2019-05-09 19:10:00,2019,5,9,19,10,17,17300,RN 137,46.16249,-1.121953,Plein jour,Hors agglomération,Hors intersection,Normale,Deux véhicules - arrière,2,3,4,0,1,1,1,0,1,90,2,2,0,0,0,2,40.0,76.0,utilitaire_camion,utilitaire_camion,1,1,1,1,2
201900032779,2019-05-08 19:35:00,2019,5,8,19,35,17,17300,SARTRE   AVENUE JEAN-PAUL,46.15217,-1.13733,Plein jour,En agglomération,Hors intersection,Normale,Autre collision,4,2,4,0,1,2,2,0,1,50,1,2,1,0,0,1,26.0,,voiture,,1,2,1,1,6
201900032780,2019-05-07 18:30:00,2019,5,7,18,30,17,17300,LECLERC   AVENUE DU GENERAL,46.162955,-1.163567,Plein jour,En agglomération,Hors intersection,Normale,Deux véhicules - arrière,4,2,2,0,1,1,1,0,1,50,2,3,1,0,0,2,23.0,71.0,voiture,voiture,1,2,1,1,2
201900032781,2019-05-07 16:25:00,2019,5,7,16,25,17,17300,JUIN   AVENUE DU MARECHAL,46.160194,-1.17949,Plein jour,En agglomération,Autre intersection,Normale,Autre collision,4,2,2,0,1,1,1,0,1,30,1,2,1,0,0,1,87.0,,voiture,,1,2,9,1,6
201900032782,2019-05-02 17:12:00,2019,5,2,17,12,17,17200,RN 237,46.175009,-1.17196,Plein jour,En agglomération,Hors intersection,Normale,Trois véhicules et plus - en chaîne,2,3,5,0,1,1,1,3,1,90,4,4,3,0,0,1,35.0,38.0,voiture,voiture,1,2,1,1,4
201900032783,2019-05-02 17:00:00,2019,5,2,17,0,17,17300,CHAUDRIER   RUE,46.16276,-1.15239,Plein jour,En agglomération,Intersection en T,Normale,Deux véhicules - côté,4,2,2,3,1,1,1,0,1,30,2,2,1,0,0,1,77.0,16.0,voiture,deux_roues,1,2,3,1,3
201900032784,2019-05-02 08:30:00,2019,5,2,8,30,17,17300,SAINT-LOUIS   RUE,46.16127,-1.14552,Plein jour,En agglomération,Hors intersection,Normale,Deux véhicules - côté,4,1,1,0,2,1,1,0,1,30,2,2,1,0,0,1,42.0,62.0,deux_roues,voiture,1,2,1,1,3
201900032785,2019-04-29 18:50:00,2019,4,29,18,50,17,17028,GARE   RUE DE LA,46.13651,-1.11172,Plein jour,En agglomération,Intersection en Y,Normale,Deux véhicules - arrière,4,2,2,0,1,1,1,0,1,30,2,2,1,0,0,1,30.0,25.0,utilitaire_camion,utilitaire_camion,1,2,4,1,2
201900032786,2019-04-29 09:30:00,2019,4,29,9,30,17,17300,YSER   RUE DE L',46.169431,-1.148054,Plein jour,En agglomération,Intersection en X,Normale,Deux véhicules - côté,4,2,2,0,2,1,1,0,1,50,2,2,1,0,0,1,40.0,39.0,voiture,deux_roues,1,2,2,1,3
201900032787,2019-05-18 07:50:00,2019,5,18,7,50,17,17299,PREE DES CANONS ROND-POINT,45.923414,-0.969201,Plein jour,Hors agglomération,Giratoire,Pluie légère,Deux véhicules - côté,3,3,2,1,1,1,2,5,1,80,2,2,1,0,1,0,58.0,58.0,utilitaire_camion,deux_roues,1,1,6,2,3
201900032788,2019-05-10 08:30:00,2019,5,10,8,30,17,17299,VAUBAN ROND POINT,45.93058,-0.96066,Plein jour,En agglomération,Giratoire,Normale,Deux véhicules - côté,4,1,1,0,1,2,1,5,1,50,2,2,1,0,0,1,34.0,25.0,voiture,deux_roues,1,2,6,1,3
201900032789,2019-05-09 18:18:00,2019,5,9,18,18,16,16089,Av de Barbezieux,45.6807594,-0.3284845,Plein jour,En agglomération,Hors intersection,Pluie légère,Autre collision,3,2,1,0,1,1,2,0,1,50,1,2,1,0,1,0,80.0,,voiture,,1,2,1,2,6
201900032790,2019-05-21 13:40:00,2019,5,21,13,40,15,15014,4 SEPTEMBRE (AVENUE DU),44.92291,2.4358,Plein jour,En agglomération,Hors intersection,Normale,Autre collision,4,2,2,0,2,1,1,0,1,50,1,2,1,0,1,0,49.0,,voiture,,1,2,1,1,6
201900032791,2019-05-13 17:30:00,2019,5,13,17,30,14,14220,CORNUCHE (BOULEVARD),49.36143,0.07238,Plein jour,En agglomération,Hors intersection,Normale,Deux véhicules - arrière,4,1,2,1,1,1,1,0,1,50,2,3,2,0,0,1,64.0,17.0,voiture,deux_roues,1,2,1,1,2
201900032792,2019-05-12 19:15:00,2019,5,12,19,15,14,14701,CD 275,49.311,0.08393,Plein jour,Hors agglomération,Intersection en X,Normale,Deux véhicules - côté,3,2,2,0,1,1,1,0,1,80,2,2,1,0,0,1,70.0,23.0,voiture,voiture,1,1,2,1,3