accident_id,datetime,annee,mois,jour,heure,minute,departement,commune_insee,adresse,latitude,longitude,luminosite,agglomeration,intersection,meteo,collision,catr,circ,nbv,vosp,prof,plan,surf,infra,situ,vma,nb_vehicules,nb_usagers,nb_indemnes,nb_tues,nb_blesses_hosp,nb_blesses_legers,age_cond_1,age_cond_2,veh_type_cond_1,veh_type_cond_2,lum_code,agg_code,int_code,atm_code,col_code
201900032793,2019-05-28 16:25:00,2019,5,28,16,25,14,14366,PARIS (RUE DE),49.14578,0.24199,Plein jour,En agglomération,Hors intersection,Normale,Autre collision,4,2,2,0,4,2,1,0,1,50,1,3,0,0,0,3,19.0,,voiture,,1,2,1,1,6
201900032794,2019-05-18 11:05:00,2019,5,18,11,5,14,14366,SIX JUIN (AVENUE DU),49.14378,0.21994,Plein jour,En agglomération,Giratoire,Pluie légère,Autre collision,4,2,2,0,1,1,2,9,1,50,1,2,1,0,0,1,84.0,,voiture,,1,2,6,2,6
201900032795,2019-04-30 18:39:00,2019,4,30,18,39,14,14333,SEINE (QUAI EN ),49.42796,0.25426,Plein jour,En agglomération,Hors intersection,Normale,Autre collision,7,2,2,0,1,1,1,0,1,50,1,1,0,0,1,0,17.0,,deux_roues,,1,2,1,1,6
201900032796,2019-05-05 16:20:00,2019,5,5,16,20,14,14117,MICHEL D'ORNANO (AVENUE),49.27668,-0.11877,Plein jour,En agglomération,Hors intersection,Normale,Autre collision,4,2,2,0,1,1,1,0,1,50,1,4,1,0,0,3,84.0,,voiture,,1,2,1,1,6
201900032797,2019-05-29 17:00:00,2019,5,29,17,0,14,14101,RN 814,49.1028,-0.2546,Plein jour,Hors agglomération,Hors intersection,Normale,Autre collision,2,2,-1,-1,1,1,1,0,1,-1,2,2,1,0,0,1,31.0,40.0,voiture,utilitaire_camion,1,1,1,1,6
201900032798,2019-05-28 17:30:00,2019,5,28,17,30,14,14118,COTONNIERE (RUE DE LA),49.19899,-0.39883,Plein jour,En agglomération,Intersection en T,Normale,Deux véhicules - frontale,4,2,2,0,1,1,1,0,1,50,2,4,1,0,0,3,44.0,28.0,voiture,utilitaire_camion,1,2,3,1,1
201900032799,2019-05-27 18:35:00,2019,5,27,18,35,14,14118,VENDEUVRE (QUAI),49.18303,-0.35579,Plein jour,En agglomération,Hors intersection,Normale,Deux véhicules - côté,4,2,-1,-1,1,1,1,0,1,-1,2,2,1,0,1,0,56.0,19.0,voiture,deux_roues,1,2,1,1,3
201900032800,2019-05-27 09:35:00,2019,5,27,9,35,14,14118,JUIN (BOULEVARD MARECHAL),49.21002,-0.36728,Plein jour,En agglomération,Intersection en T,Normale,Deux véhicules - côté,3,2,-1,-1,1,1,1,0,1,-1,2,2,1,0,0,1,22.0,32.0,deux_roues,voiture,1,2,3,1,3
201900032801,2019-05-23 09:00:00,2019,5,23,9,0,14,14118,LOUVIGNY (ROUTE DE),49.16834,-0.36863,Plein jour,En agglomération,Autre intersection,Normale,Deux véhicules - côté,3,2,-1,-1,1,1,1,0,1,-1,2,2,1,0,0,1,45.0,49.0,utilitaire_camion,utilitaire_camion,1,2,9,1,3
201900032802,2019-05-18 16:30:00,2019,5,18,16,30,14,14118,COTY (AVENUE DU PRESIDENT),49.1912,-0.3974,Plein jour,En agglomération,Hors intersection,Normale,Deux véhicules - côté,4,2,2,0,1,1,1,0,1,50,2,3,1,0,1,1,17.0,21.0,deux_roues,voiture,1,2,1,1,3
201900032803,2019-05-16 17:20:00,2019,5,16,17,20,14,14118,SMITH (RUE HORATIO),49.20012,-0.36448,Plein jour,En agglomération,Hors intersection,Pluie légère,Deux véhicules - côté,4,2,-1,-1,1,1,2,0,1,-1,2,2,1,0,0,1,28.0,42.0,voiture,deux_roues,1,2,1,2,3
201900032804,2019-05-14 14:07:00,2019,5,14,14,7,14,14118,CAREL (RUE DU),49.17981,-0.37545,Plein jour,En agglomération,Hors intersection,Normale,Autre collision,4,2,-1,-1,1,1,1,0,1,-1,1,2,0,0,0,2,37.0,,voiture,,1,2,1,1,6
201900032805,2019-05-13 18:00:00,2019,5,13,18,0,14,14181,ROUTE NATIONALE 814,49.151,0.3171,Plein jour,En agglomération,Hors intersection,Normale,Trois véhicules et plus - en chaîne,2,3,4,0,1,1,1,0,1,90,3,4,2,0,1,1,78.0,28.0,voiture,voiture,1,2,1,1,4
201900032806,2019-05-13 15:25:00,2019,5,13,15,25,14,14118,MORICE (AVENUE PROFESSEUR),49.20434,-0.3599,Plein jour,En agglomération,Hors intersection,Normale,Autre collision,4,2,2,0,1,1,1,0,1,50,1,2,1,0,1,0,83.0,,voiture,,1,2,1,1,6
201900032807,2019-05-13 12:25:00,2019,5,13,12,25,14,14327,COLOMBELLES CD226 (ROUTE DE),49.2078,-0.3175,Plein jour,Hors agglomération,Hors intersection,Normale,Deux véhicules - côté,3,2,2,0,1,1,1,0,1,80,2,2,1,0,0,1,18.0,55.0,deux_roues,voiture,1,1,1,1,3
201900032808,2019-05-13 08:50:00,2019,5,13,8,50,14,14118,FALAISE (RUE DE -144),49.2029,-0.35856,Plein jour,En agglomération,Hors intersection,Temps couvert,Deux véhicules - côté,2,3,-1,-1,1,1,1,0,1,-1,2,2,0,0,0,2,48.0,27.0,voiture,voiture,1,2,1,8,3
201900032809,2019-05-07 08:30:00,2019,5,7,8,30,14,14118,FALAISE (RUE DE -144),49.16331,-0.34901,Plein jour,En agglomération,Intersection en X,Temps couvert,Deux véhicules - côté,4,2,-1,-1,1,1,1,0,1,-1,2,3,1,0,0,2,35.0,24.0,voiture,deux_roues,1,2,2,8,3
201900032810,2019-05-04 13:50:00,2019,5,4,13,50,14,14118,VENDEUVRE (QUAI),49.14258,-0.35453,Plein jour,En agglomération,Intersection en T,Temps couvert,Deux véhicules - côté,4,2,2,0,1,1,1,0,1,50,2,2,1,0,0,1,49.0,25.0,voiture,deux_roues,1,2,3,8,3
201900032811,2019-05-04 13:45:00,2019,5,4,13,45,14,14327,GRAND PARC (BOULEVARD DU),49.1962243,-0.3371246,Plein jour,Hors agglomération,Hors intersection,Normale,Sans collision,4,2,-1,-1,1,1,1,0,1,-1,1,1,0,0,0,1,20.0,,deux_roues,,1,1,1,1,7
201900032812,2019-04-30 16:18:00,2019,4,30,16,18,14,14118,CUSSY (RUE DE),49.1889,-0.3889,Plein jour,En agglomération,Intersection en T,Normale,Deux véhicules - côté,4,2,-1,-1,1,1,1,0,1,-1,2,2,1,0,0,1,25.0,30.0,voiture,voiture,1,2,3,1,3
201900032813,2019-04-30 09:50:00,2019,4,30,9,50,14,14118,VAUCELLES (RUE DE),49.17672,-0.35466,Plein jour,En agglomération,Hors intersection,Normale,Autre collision,4,2,0,0,1,1,1,0,1,50,1,2,1,0,1,0,58.0,,utilitaire_camion,,1,2,1,1,6
201900032814,2019-05-26 17:50:00,2019,5,26,17,50,13,13043,MEDITERRANEE (AV DE LA ),43.38383,5.204895,Plein jour,Hors agglomération,Hors intersection,Normale,Autre collision,3,2,2,0,2,1,1,0,1,50,1,2,1,0,0,1,28.0,,deux_roues,,1,1,1,1,6
201900032815,2019-05-26 12:00:00,2019,5,26,12,0,13,13102,ROBERT FERRISSE (BD ),43.418884,5.244154,Plein jour,En agglomération,Intersection en T,Normale,Deux véhicules - côté,3,2,2,0,2,1,1,0,1,50,2,2,0,0,0,2,65.0,43.0,voiture,deux_roues,1,2,3,1,3
201900032816,2019-05-14 17:10:00,2019,5,14,17,10,13,13071,CD 6,43.41,5.34,Plein jour,Hors agglomération,Hors intersection,Normale,Deux véhicules - côté,3,3,3,0,2,1,1,0,1,80,2,2,1,0,0,1,43.0,25.0,voiture,deux_roues,1,1,1,1,3
201900032817,2019-05-11 22:30:00,2019,5,11,22,30,13,13054,MAURICE NOGUES (BD ),43.41744,5.21966,Nuit sans éclairage public,En agglomération,Hors intersection,Normale,Autre collision,4,2,2,3,1,1,1,0,1,50,1,2,1,0,0,1,65.0,,voiture,,3,2,1,1,6
201900032818,2019-05-02 10:30:00,2019,5,2,10,30,13,13117,MONTICELLI ( RUE ADOLPHE),43.44411,5.25178,Plein jour,En agglomération,Intersection en X,Normale,Autre collision,4,2,2,0,1,1,1,6,1,50,1,2,1,0,0,1,23.0,,voiture,,1,2,2,1,6
201900032819,2019-05-01 00:55:00,2019,5,1,0,55,13,13054,FLORIDES (QRT DES ),43.39995,5.20009,Nuit sans éclairage public,Hors agglomération,Hors intersection,Normale,Autre collision,3,2,2,0,1,1,1,0,1,80,1,1,0,1,0,0,28.0,,voiture,,3,1,1,1,6
201900032820,2019-04-30 06:30:00,2019,4,30,6,30,13,13071,POURRANQUE ( CHEMIN DE LA ),43.41111,5.30671,Nuit avec éclairage allumé,En agglomération,Intersection en Y,Normale,Autre collision,3,2,2,0,1,1,1,5,1,50,2,3,2,1,0,0,41.0,40.0,deux_roues,voiture,5,2,4,1,6
201900032821,2019-04-29 20:40:00,2019,4,29,20,40,13,13102,BARTHELEMY ABBADIE (BD ),43.41993,5.23672,Plein jour,En agglomération,Hors intersection,Normale,Deux véhicules - côté,3,2,2,0,1,1,1,0,1,50,2,3,2,1,0,0,20.0,19.0,voiture,deux_roues,1,2,1,1,3
201900032822,2019-04-29 13:15:00,2019,4,29,13,15,13,13071,VELAUX (CHEMIN),43.4194,5.3455,Plein jour,En agglomération,Giratoire,Normale,Deux véhicules - arrière,4,2,2,0,1,3,1,5,1,50,2,3,0,0,2,1,31.0,22.0,voiture,utilitaire_camion,1,2,6,1,2
201900032823,2019-05-22 15:00:00,2019,5,22,15,0,13,13108,RD 570 N ROUTE D ARLES,43.772595,4.693861,Plein jour,Hors agglomération,Hors intersection,Normale,Deux véhicules - frontale,3,2,2,0,1,2,1,0,1,80,2,2,1,0,1,0,43.0,57.0,utilitaire_camion,voiture,1,1,1,1,1
201900032824,2019-05-19 17:20:00,2019,5,19,17,20,30,30032,BRUNETTES CHEMIN DES,43.76111,4.59471,Plein jour,Hors agglomération,Intersection en X,Pluie légère,Deux véhicules - côté,4,2,2,0,1,1,2,0,1,50,2,3,0,1,0,2,37.0,22.0,voiture,utilitaire_camion,1,1,2,2,3
201900032825,2019-05-13 09:00:00,2019,5,13,9,0,30,30032,CONSTANTIN RUE P.,43.80744,4.64221,Plein jour,En agglomération,Intersection en X,Normale,Autre collision,4,1,1,0,1,1,1,0,1,50,1,2,1,0,1,0,28.0,,voiture,,1,2,2,1,6
201900032826,2019-09-28 10:30:00,2019,9,28,10,30,91,91207,Rue Molière,48.580653,2.230767,Plein jour,En agglomération,Hors intersection,Normale,Autre collision,4,2,2,0,1,1,1,6,1,30,1,3,1,0,0,2,82.0,,voiture,,1,2,1,1,6
201900032827,2019-11-10 03:00:00,2019,11,10,3,0,2A,2A288,Rue Principale,41.547212,9.20697,Nuit avec éclairage allumé,En agglomération,Hors intersection,Normale,Deux véhicules - frontale,3,2,2,0,1,1,1,0,1,50,2,4,0,0,0,4,21.0,20.0,voiture,voiture,5,2,1,1,1
201900032828,2019-11-09 21:45:00,2019,11,9,21,45,30,30203,Salze,44.270295,4.021768,Nuit avec éclairage allumé,En agglomération,Hors intersection,Normale,Autre collision,3,2,2,0,2,2,1,0,1,50,1,2,1,0,1,0,50.0,,voiture,,5,2,1,1,6
201900032829,2019-11-01 01:45:00,2019,11,1,1,45,13,13041,Rond-Point des Phocéens (Arrêt de bus),43.455387,5.464728,Nuit avec éclairage allumé,En agglomération,Giratoire,Normale,Deux véhicules - arrière,3,1,1,0,1,2,1,5,1,50,2,2,0,0,0,2,24.0,44.0,voiture,voiture,5,2,6,1,2
201900032830,2019-11-10 09:45:00,2019,11,10,9,45,89,89099,14 Rue Paul Bert,47.9547163,3.5344503,Plein jour,En agglomération,Intersection en X,Normale,Deux véhicules - côté,4,2,2,0,1,1,1,0,1,50,2,2,1,0,0,1,51.0,33.0,voiture,voiture,1,2,2,1,3
201900032831,2019-11-09 21:10:00,2019,11,9,21,10,21,21535,D28,47.365329,5.073722,Nuit sans éclairage public,Hors agglomération,Giratoire,Normale,Sans collision,3,2,2,0,3,2,8,5,1,80,1,2,1,0,1,0,46.0,,deux_roues,,3,1,6,1,7
201900032832,2019-11-10 18:35:00,2019,11,10,18,35,55,55101,carrefour RD35/RD2,48.818741,5.112453,Nuit sans éclairage public,Hors agglomération,Intersection en X,Normale,Deux véhicules - côté,3,2,2,0,1,1,1,0,1,80,2,5,4,1,0,0,40.0,27.0,voiture,voiture,3,1,2,1,3
201900032833,2019-11-10 05:30:00,2019,11,10,5,30,54,54335,4 Rue Saint Martin,48.64338,6.431031,Nuit sans éclairage public,Hors agglomération,Hors intersection,Normale,Sans collision,3,2,2,0,1,3,1,0,3,80,1,2,1,1,0,0,38.0,,voiture,,3,1,1,1,7
201900032834,2019-11-10 05:00:00,2019,11,10,5,0,38,38475,D75,45.665123,5.138748,Nuit avec éclairage non allumé,En agglomération,Hors intersection,Pluie légère,Autre collision,3,3,2,0,1,1,2,0,3,80,1,1,0,0,0,1,59.0,,voiture,,4,2,1,2,6
201900032835,2019-11-09 22:37:00,2019,11,9,22,37,38,38528,Route de Grenoble,45.09705,5.78494,Nuit sans éclairage public,Hors agglomération,Hors intersection,Normale,Deux véhicules - frontale,3,2,2,0,3,3,1,0,1,80,2,3,1,1,0,1,29.0,65.0,voiture,voiture,3,1,1,1,1
201900032836,2019-11-09 11:40:00,2019,11,9,11,40,1,01049,Route Nationale,45.841306,5.022234,Plein jour,En agglomération,Hors intersection,Normale,Deux véhicules - arrière,3,2,2,0,1,1,1,0,1,50,2,2,1,0,0,1,50.0,20.0,voiture,voiture,1,2,1,1,2
201900032837,2019-11-08 16:15:00,2019,11,8,16,15,69,69295,D307,45.610803,4.85312,Plein jour,Hors agglomération,Hors intersection,Normale,Trois véhicules et plus - collisions multiples,3,2,2,0,1,1,1,0,1,80,3,3,1,0,1,1,25.0,48.0,voiture,voiture,1,1,1,1,5
201900032838,2019-11-09 23:00:00,2019,11,9,23,0,69,69220,Chemin de Montchourier,45.72738,4.47684,Nuit sans éclairage public,En agglomération,Hors intersection,Normale,Deux véhicules - frontale,9,2,2,0,2,1,1,0,1,50,2,2,0,2,0,0,22.0,23.0,deux_roues,deux_roues,3,2,1,1,1
201900032839,2019-11-09 22:50:00,2019,11,9,22,50,85,85238,Route de Poitiers,46.963626,-0.884917,Nuit sans éclairage public,En agglomération,Intersection en X,Normale,Deux véhicules - côté,3,2,2,0,1,1,1,0,1,70,2,2,1,0,1,0,14.0,15.0,deux_roues,deux_roues,3,2,2,1,3
201900032840,2019-11-10 12:05:00,2019,11,10,12,5,22,22277,lieu-dit le longchamp,48.4189147,-2.845861,Plein jour,Hors agglomération,Hors intersection,Normale,Deux véhicules - frontale,4,2,2,0,3,3,2,0,1,80,2,4,3,0,1,0,56.0,18.0,deux_roues,voiture,1,1,1,1,1
201900032841,2019-11-10 13:50:00,2019,11,10,13,50,27,27696,D58,48.947041,1.495888,Plein jour,Hors agglomération,Hors intersection,Normale,Autre collision,3,2,2,0,1,1,2,0,1,80,1,2,1,0,1,0,35.0,,voiture,,1,1,1,1,6
201900032842,2019-11-05 17:55:00,2019,11,5,17,55,13,13056,A55-Sens Marseille vers Martigues,43.4023212,5.0426669,Crépuscule ou aube,Hors agglomération,Hors intersection,Normale,Trois véhicules et plus - collisions multiples,1,1,3,0,1,1,2,2,1,90,4,5,4,0,0,1,75.0,31.0,voiture,voiture,2,1,1,1,5
201900032843,2019-11-09 11:40:00,2019,11,9,11,40,33,33249,RN230 éch1,44.88442,-0.51309,Plein jour,Hors agglomération,Hors intersection,Temps couvert,Autre collision,2,-1,2,0,1,4,2,3,1,50,1,1,0,0,0,1,23.0,,voiture,,1,1,1,8,6
201900032844,2019-11-09 10:50:00,2019,11,9,10,50,91,91549,RN 104,48.62646,2.35167,Plein jour,Hors agglomération,Hors intersection,Normale,Deux véhicules - côté,2,3,4,0,1,3,1,0,1,110,2,2,1,0,0,1,20.0,42.0,voiture,utilitaire_camion,1,1,1,1,3
201900032845,2019-11-08 08:35:00,2019,11,8,8,35,91,91477,AUTOROUTE A126,48.71878,2.25902,Crépuscule ou aube,Hors agglomération,Hors intersection,Normale,Deux véhicules - côté,1,-1,4,0,1,1,1,0,1,70,2,2,1,0,0,1,46.0,20.0,deux_roues,voiture,2,1,1,1,3
201900032846,2019-11-09 17:30:00,2019,11,9,17,30,78,78118,A13,48.987734,1.66073,Nuit sans éclairage public,Hors agglomération,Hors intersection,Normale,Deux véhicules - arrière,1,3,3,0,1,1,1,0,1,110,2,3,2,0,0,1,27.0,46.0,voiture,voiture,3,1,1,1,2
201900032847,2019-11-09 12:28:00,2019,11,9,12,28,92,92063,A86,48.8865716,2.1657415,Plein jour,Hors agglomération,Hors intersection,Normale,Deux véhicules - côté,1,1,2,0,1,2,1,1,1,70,2,1,0,0,0,1,41.0,,voiture,,1,1,1,1,3
201900032848,2019-11-09 09:35:00,2019,11,9,9,35,92,92025,A86,48.9353212,2.260271,Plein jour,Hors agglomération,Hors intersection,Normale,Autre collision,1,1,2,0,1,1,1,0,1,90,1,5,3,0,0,2,21.0,,voiture,,1,1,1,1,6
201900032849,2019-11-08 07:35:00,2019,11,8,7,35,92,92036,RN315 Y,48.9187224,2.3071903,Plein jour,Hors agglomération,Hors intersection,Normale,Deux véhicules - côté,2,1,1,0,1,1,1,0,1,70,2,3,2,0,1,0,26.0,22.0,deux_roues,voiture,1,1,1,1,3
201900032850,2019-11-09 15:30:00,2019,11,9,15,30,95,95572,AUTOROUTE A15,49.03346,2.11107,Plein jour,Hors agglomération,Hors intersection,Normale,Autre collision,1,3,2,0,2,2,1,3,1,30,1,1,0,0,0,1,20.0,,deux_roues,,1,1,1,1,6
201900032851,2019-11-09 15:15:00,2019,11,9,15,15,93,93027,AUTOROUTE A86,48.92635,2.40359,Plein jour,Hors agglomération,Hors intersection,Normale,Deux véhicules - arrière,1,1,1,0,2,3,1,3,1,90,2,1,0,0,0,1,36.0,,voiture,,1,1,1,1,2
201900032852,2019-11-08 23:50:00,2019,11,8,23,50,95,95488,AUTOROUTE A15,49.0282,2.12835,Nuit sans éclairage public,Hors agglomération,Hors intersection,Normale,Autre collision,1,3,7,0,1,2,1,0,1,90,1,2,0,0,0,2,40.0,,voiture,,3,1,1,1,6
201900032853,2019-11-08 19:45:00,2019,11,8,19,45,60,60494,AUTOROUTE A1,49.13536,2.56428,Nuit sans éclairage public,Hors agglomération,Hors intersection,Normale,Trois véhicules et plus - en chaîne,1,3,8,0,1,1,1,0,1,130,3,3,2,0,0,1,32.0,50.0,voiture,voiture,3,1,1,1,4
201900032854,2019-11-08 09:15:00,2019,11,8,9,15,93,93078,AUTOROUTE A104,48.97108,2.49841,Plein jour,Hors agglomération,Hors intersection,Normale,Deux véhicules - arrière,1,3,8,0,1,1,1,0,1,110,2,2,1,0,0,1,21.0,18.0,voiture,voiture,1,1,1,1,2
201900032855,2019-11-08 07:35:00,2019,11,8,7,35,93,93051,A4,48.8470011,2.5605297,Plein jour,Hors agglomération,Hors intersection,Normale,Deux véhicules - arrière,1,3,7,0,1,1,1,0,1,110,2,2,1,0,0,1,29.0,45.0,utilitaire_camion,voiture,1,1,1,1,2
201900032856,2019-11-07 18:25:00,2019,11,7,18,25,94,94017,A4,48.8303,2.4988,Nuit sans éclairage public,Hors agglomération,Hors intersection,Normale,Deux véhicules - arrière,1,3,8,0,1,1,1,0,1,90,2,2,1,0,0,1,59.0,58.0,voiture,deux_roues,3,1,1,1,2
201900032857,2019-10-25 11:45:00,2019,10,25,11,45,73,73137,D6  RICHARD JEAN BAPTISTE (RUE),45.557767,5.9103033,Plein jour,En agglomération,Giratoire,Normale,Deux véhicules - arrière,3,2,2,0,2,2,1,5,1,50,2,2,0,0,1,1,45.0,44.0,voiture,deux_roues,1,2,6,1,2
201900032858,2019-11-07 17:06:00,2019,11,7,17,6,63,63113,BLUM (AVENUE LEON),45.76476,3.09762,Plein jour,En agglomération,Hors intersection,Normale,Deux véhicules - côté,4,2,2,0,1,1,1,0,1,50,2,2,1,0,0,1,61.0,34.0,voiture,deux_roues,1,2,1,1,3
201900032859,2019-11-04 13:00:00,2019,11,4,13,0,63,63113,PREVOST (RUE ABBE),45.7933884,3.0842028,Plein jour,En agglomération,Hors intersection,Normale,Autre collision,4,2,2,0,1,1,2,0,1,50,2,2,1,0,0,1,19.0,56.0,deux_roues,voiture,1,2,1,1,6
201900032860,2019-11-01 20:44:00,2019,11,1,20,44,63,63113,CLEMENTEL (BD ETIENNE),45.80967,3.10926,Nuit avec éclairage allumé,En agglomération,Autre intersection,Normale,Deux véhicules - côté,7,1,4,0,1,1,1,0,1,50,2,2,1,0,0,1,29.0,22.0,voiture,voiture,5,2,9,1,3
201900032861,2019-11-06 19:10:00,2019,11,6,19,10,34,34003,GUIRAUDETTE (K13 A V10,43.29504,3.47099,Nuit sans éclairage public,En agglomération,Hors intersection,Normale,Autre collision,4,2,1,0,1,1,1,0,1,50,1,2,1,0,1,0,50.0,,voiture,,3,2,1,1,6
201900032862,2019-11-07 12:10:00,2019,11,7,12,10,13,13206,JULES CANTINI (AVENUE),43.28447,5.386,Plein jour,En agglomération,Hors intersection,Temps couvert,Deux véhicules - côté,4,2,0,0,1,1,1,0,1,50,2,2,1,0,0,1,39.0,48.0,deux_roues,voiture,1,2,1,8,3
201900032863,2019-06-28 23:00:00,2019,6,28,23,0,75,75110,RUE DU FAUBOURG SAINT MARTIN,48.873697,2.358316,Nuit avec éclairage allumé,En agglomération,Intersection en X,Normale,Deux véhicules - côté,4,2,1,0,1,1,1,0,1,50,2,3,2,0,0,1,32.0,23.0,voiture,deux_roues,5,2,2,1,3
201900032864,2019-11-09 02:50:00,2019,11,9,2,50,988,98818,RUE EDOUARD GLASSER,-22.29272,166.44718,Nuit avec éclairage allumé,En agglomération,Intersection à plus de 4 branches,Normale,Deux véhicules - arrière,4,-1,2,0,1,1,1,9,1,50,2,2,0,0,0,2,52.0,,voiture,,5,2,5,1,2
201900032865,2019-11-08 12:00:00,2019,11,8,12,0,988,98818,ROUTE PROVINCIALE ROUTE DU SUD,-22.22539,166.48082,Plein jour,En agglomération,Intersection en T,Normale,Deux véhicules - arrière,1,1,1,0,3,1,1,0,1,50,2,2,1,0,0,1,23.0,41.0,utilitaire_camion,utilitaire_camion,1,2,3,1,2
201900032866,2019-11-08 18:45:00,2019,11,8,18,45,974,97416,THOREZ (CHEMIN MAURICE),-21.26112,55.48165,Nuit sans éclairage public,En agglomération,Hors intersection,Normale,Deux véhicules - frontale,3,2,2,0,2,1,1,0,1,50,2,2,0,0,0,2,24.0,61.0,voiture,voiture,3,2,1,1,1
201900032867,2019-11-08 10:00:00,2019,11,8,10,0,974,97416,DONAT (AVENUE LUC),-21.337133,55.459039,Plein jour,En agglomération,Hors intersection,Normale,Deux véhicules - arrière,4,2,2,0,1,1,1,9,1,50,2,3,2,0,0,1,22.0,23.0,voiture,voiture,1,2,1,1,2
201900032868,2019-11-06 17:00:00,2019,11,6,17,0,974,97411,HOARAU (RUE MARCEL),-20.9031,55.492,Plein jour,En agglomération,Intersection à plus de 4 branches,Normale,Trois véhicules et plus - collisions multiples,3,2,2,0,2,1,1,0,1,50,3,3,2,0,0,1,39.0,26.0,voiture,voiture,1,2,5,1,5
201900032869,2019-11-07 12:55:00,2019,11,7,12,55,972,97213,NELSON MANDELA,14.61122,-60.99859,Plein jour,En agglomération,Hors intersection,Normale,Trois véhicules et plus - en chaîne,3,2,2,0,1,1,1,0,1,50,3,3,2,0,0,1,24.0,26.0,voiture,voiture,1,2,1,1,4
201900032870,2019-11-08 22:55:00,2019,11,8,22,55,69,69387,CLAUDE BERNARD                      (QU),45.74878,4.83441,Nuit avec éclairage allumé,En agglomération,Intersection en T,Normale,Autre collision,4,1,3,0,1,1,1,0,1,50,1,1,0,0,1,0,,,,,5,2,3,1,6
201900032871,2019-11-08 13:00:00,2019,11,8,13,0,91,91471,FAC D ORSAY,48.70094,2.17329,Plein jour,En agglomération,Autre intersection,Normale,Deux véhicules - frontale,4,2,2,0,2,1,1,0,1,50,2,2,1,0,1,0,31.0,35.0,deux_roues,utilitaire_camion,1,2,9,1,1
201900032872,2019-11-07 21:54:00,2019,11,7,21,54,91,91552,CORBEIL (ROUTE DE),48.593508,2.262674,Nuit avec éclairage allumé,En agglomération,Intersection en X,Normale,Deux véhicules - côté,3,2,2,0,1,1,1,0,1,50,2,2,1,0,0,1,27.0,17.0,utilitaire_camion,deux_roues,5,2,2,1,3
201900032873,2019-11-05 13:09:00,2019,11,5,13,9,87,87113,LIMOGES (AVENUE DE),45.85551,1.30835,Plein jour,En agglomération,Hors intersection,Normale,Autre collision,3,2,2,0,1,1,2,0,1,50,1,2,1,0,0,1,63.0,,voiture,,1,2,1,1,6
201900032874,2019-11-07 17:35:00,2019,11,7,17,35,87,87085,PLATON (RUE),45.83662,1.24277,Plein jour,En agglomération,Hors intersection,Normale,Autre collision,4,2,2,0,1,1,1,0,1,50,1,3,2,0,1,0,21.0,,voiture,,1,2,1,1,6
201900032875,2019-11-07 06:55:00,2019,11,7,6,55,87,87085,LANDOUGE (AVENUE DE),45.8369,1.21793,Nuit avec éclairage allumé,En agglomération,Intersection en T,Normale,Deux véhicules - côté,4,2,3,0,1,3,2,5,1,50,2,2,1,0,0,1,20.0,59.0,voiture,voiture,5,2,3,1,3
201900032876,2019-11-05 20:48:00,2019,11,5,20,48,87,87114,DE-GAULLE (AVENUE DU GENERAL-),45.8317,1.29982,Nuit avec éclairage allumé,En agglomération,Intersection en T,Pluie légère,Deux véhicules - côté,4,2,2,0,1,1,2,0,1,50,2,3,2,0,0,1,48.0,47.0,voiture,voiture,5,2,3,2,3
201900032877,2019-11-06 16:53:00,2019,11,6,16,53,87,87085,HALEVY (RUE),45.85508,1.25981,Plein jour,En agglomération,Hors intersection,Pluie légère,Autre collision,4,2,2,0,1,1,2,0,1,50,1,2,1,1,0,0,53.0,,voiture,,1,2,1,2,6
201900032878,2019-11-07 18:30:00,2019,11,7,18,30,84,84007,SAINT MICHEL (Boulevard),43.94321,4.8125099,Plein jour,En agglomération,Hors intersection,Normale,Deux véhicules - côté,4,2,6,1,1,1,1,0,1,500,2,2,1,0,0,1,16.0,36.0,deux_roues,voiture,1,2,1,1,3
201900032879,2019-11-02 17:25:00,2019,11,2,17,25,83,83061,AVENUE DE VALESCURE,43.44326,6.76855,Crépuscule ou aube,En agglomération,Intersection en T,Normale,Deux véhicules - côté,4,2,2,0,2,1,1,0,1,50,2,2,1,0,1,0,48.0,20.0,deux_roues,voiture,2,2,3,1,3
201900032880,2019-12-16 00:25:00,2019,12,16,0,25,78,78009,A10,48.461059,1.912549,Nuit sans éclairage public,Hors agglomération,Hors intersection,Normale,Deux véhicules - arrière,1,1,5,0,1,1,2,0,1,130,2,2,1,0,1,0,50.0,51.0,utilitaire_camion,voiture,3,1,1,1,2
201900032881,2019-12-17 08:15:00,2019,12,17,8,15,45,45123,111 Route d'Orléans,47.8538066,2.0818369,Crépuscule ou aube,En agglomération,Hors intersection,Normale,Deux véhicules - frontale,3,2,2,0,1,1,1,0,1,50,2,5,0,1,0,4,30.0,42.0,voiture,utilitaire_camion,2,2,1,1,1
201900032882,2019-12-16 08:30:00,2019,12,16,8,30,77,77231,D17 - Route de Mary Prolongée,49.004146,3.015594,Plein jour,En agglomération,Hors intersection,Pluie forte,Deux véhicules - arrière,3,2,2,0,1,1,2,0,1,50,2,5,1,0,0,4,35.0,33.0,voiture,voiture,1,2,1,3,2
201900032883,2019-11-07 13:10:00,2019,11,7,13,10,80,80021,SAINT QUENTIN (BOULEVARD),49.87936,2.29702,Plein jour,En agglomération,Hors intersection,Normale,Autre collision,4,2,4,0,1,1,1,0,1,50,1,2,1,0,0,1,43.0,,voiture,,1,2,1,1,6
201900032884,2019-11-08 09:30:00,2019,11,8,9,30,78,78646,CHANTIERS (RUE DES),48.79637,2.13746,Plein jour,En agglomération,Intersection en X,Normale,Autre collision,4,2,2,0,2,1,1,5,1,50,1,2,1,0,1,0,38.0,,transport_commun,,1,2,2,1,6