accident_id,datetime,annee,mois,jour,heure,minute,departement,commune_insee,adresse,latitude,longitude,luminosite,agglomeration,intersection,meteo,collision,catr,circ,nbv,vosp,prof,plan,surf,infra,situ,vma,nb_vehicules,nb_usagers,nb_indemnes,nb_tues,nb_blesses_hosp,nb_blesses_legers,age_cond_1,age_cond_2,veh_type_cond_1,veh_type_cond_2,lum_code,agg_code,int_code,atm_code,col_code
201900032885,2019-12-16 17:25:00,2019,12,16,17,25,77,77183,D407-Avenue de Montmirail,48.9415,3.13057,Nuit avec éclairage allumé,En agglomération,Hors intersection,Normale,Autre collision,3,2,2,0,2,1,2,6,1,50,1,2,1,0,0,1,33.0,,voiture,,5,2,1,1,6
201900032886,2019-11-06 13:10:00,2019,11,6,13,10,78,78686,GENERAL LECLERC (AVENUE DU),48.80231,2.16465,Plein jour,En agglomération,Intersection en X,Normale,Deux véhicules - côté,3,2,-1,0,1,1,1,0,1,50,2,2,1,0,1,0,63.0,34.0,deux_roues,voiture,1,2,2,1,3
201900032887,2019-12-17 07:40:00,2019,12,17,7,40,84,84074,D973,43.755158,5.166371,Crépuscule ou aube,Hors agglomération,Hors intersection,Temps couvert,Autre collision,3,2,2,0,1,1,1,0,3,80,1,2,0,0,0,2,43.0,,utilitaire_camion,,2,1,1,8,6
201900032888,2019-10-26 08:50:00,2019,10,26,8,50,78,78498,BRUYERE RUE DE LA,48.9266,2.052,Plein jour,En agglomération,Intersection en T,Normale,Autre collision,4,2,0,0,1,1,1,0,1,50,1,2,1,0,0,1,39.0,,voiture,,1,2,3,1,6
201900032889,2019-12-14 17:40:00,2019,12,14,17,40,4,04197,RD 4096 / Vieux ch de Manosque,43.802821,5.77847,Nuit sans éclairage public,Hors agglomération,Intersection en Y,Normale,Deux véhicules - arrière,3,2,2,0,1,1,1,0,1,80,2,3,2,0,0,1,23.0,71.0,deux_roues,voiture,3,1,4,1,2
201900032890,2019-11-07 19:00:00,2019,11,7,19,0,77,77083,AV.G DE  GAULLE X BRET. D199 (SORTIE),48.85031,2.58785,Nuit avec éclairage allumé,En agglomération,Giratoire,Pluie légère,Deux véhicules - côté,3,1,1,0,1,3,2,3,1,50,2,3,2,0,1,0,52.0,17.0,voiture,deux_roues,5,2,6,2,3
201900032891,2019-12-15 10:20:00,2019,12,15,10,20,13,13041,D6,43.459216,5.465374,Plein jour,En agglomération,Giratoire,Normale,Deux véhicules - arrière,3,1,1,3,1,3,1,9,1,50,2,3,2,0,0,1,46.0,43.0,voiture,voiture,1,2,6,1,2
201900032892,2019-12-17 17:10:00,2019,12,17,17,10,55,55122,RD 964 PK38,48.777192,5.567837,Nuit sans éclairage public,Hors agglomération,Hors intersection,Pluie forte,Deux véhicules - côté,3,2,2,0,1,1,2,0,1,80,2,1,0,0,0,1,53.0,,deux_roues,,3,1,1,3,3
201900032893,2019-10-31 07:25:00,2019,10,31,7,25,77,77407,D607-FONTAINEBLEAU(AVENUE DE),48.53128,2.540911,Nuit avec éclairage allumé,En agglomération,Hors intersection,Pluie légère,Autre collision,3,2,2,-1,1,1,2,8,1,50,1,2,1,0,1,0,25.0,,voiture,,5,2,1,2,6
201900032894,2019-12-16 07:34:00,2019,12,16,7,34,64,64304,D312,43.474032,-1.398775,Crépuscule ou aube,Hors agglomération,Autre intersection,Normale,Deux véhicules - arrière,3,2,2,0,1,3,1,0,1,80,2,2,1,0,0,1,16.0,39.0,deux_roues,voiture,2,1,9,1,2
201900032895,2019-11-07 16:10:00,2019,11,7,16,10,77,77284,ABOUT (SQUARE EDMONT),48.9551,2.9031,Plein jour,En agglomération,Hors intersection,Temps couvert,Autre collision,9,-1,1,0,1,1,1,0,1,30,1,2,1,0,0,1,61.0,,voiture,,1,2,1,8,6
201900032896,2019-11-07 17:55:00,2019,11,7,17,55,76,76216,HEBERT. RUE GEORGES,49.45829,1.05333,Nuit avec éclairage allumé,En agglomération,Hors intersection,Normale,Deux véhicules - côté,3,1,2,0,1,2,1,0,1,50,2,2,0,0,0,2,30.0,53.0,voiture,voiture,5,2,1,1,3
201900032897,2019-12-16 11:50:00,2019,12,16,11,50,14,14663,Boulevard Winston Churchill,49.283909,-0.69063,Plein jour,En agglomération,Intersection en T,Pluie légère,Trois véhicules et plus - collisions multiples,3,2,2,0,1,1,2,0,1,50,3,3,2,0,1,0,53.0,67.0,voiture,voiture,1,2,3,2,5
201900032898,2019-11-07 15:30:00,2019,11,7,15,30,76,76498,JACQUARD. RUE,49.43,1.0611,Plein jour,En agglomération,Hors intersection,Normale,Autre collision,4,1,1,0,1,1,1,0,1,30,1,2,1,0,0,1,54.0,,voiture,,1,2,1,1,6
201900032899,2019-11-07 13:20:00,2019,11,7,13,20,76,76322,VERDUN. BOULEVARD DE,49.41507,1.05215,Plein jour,En agglomération,Hors intersection,Normale,Deux véhicules - côté,3,2,2,0,1,1,1,0,1,50,2,2,1,0,0,1,64.0,15.0,voiture,deux_roues,1,2,1,1,3
201900032900,2019-11-04 08:25:00,2019,11,4,8,25,60,60282,Chemin des Aigles,49.185934,2.446888,Plein jour,En agglomération,Hors intersection,Normale,Sans collision,9,1,1,3,1,1,2,6,6,50,1,1,0,0,0,1,16.0,,deux_roues,,1,2,1,1,7
201900032901,2019-11-07 07:40:00,2019,11,7,7,40,76,76540,NEUFCHATEL. ROUTE DE,49.44877,1.09952,Crépuscule ou aube,En agglomération,Intersection en X,Normale,Deux véhicules - côté,3,2,4,0,1,1,2,0,1,50,2,2,1,0,0,1,20.0,28.0,deux_roues,voiture,2,2,2,1,3
201900032902,2019-12-16 08:30:00,2019,12,16,8,30,13,13071,A7-Sens Marseille vers Lyon,43.4037,5.31075,Plein jour,Hors agglomération,Hors intersection,Normale,Deux véhicules - arrière,1,1,3,0,1,1,1,0,1,110,2,1,0,0,0,1,58.0,,voiture,,1,1,1,1,2
201900032903,2019-11-07 19:05:00,2019,11,7,19,5,76,76484,ESSARTS. RUE DES,49.34687,1.05079,Nuit avec éclairage allumé,Hors agglomération,Hors intersection,Normale,Deux véhicules - côté,3,2,2,0,1,1,1,0,1,90,2,2,1,0,0,1,30.0,40.0,deux_roues,voiture,5,1,1,1,3
201900032904,2019-12-15 03:05:00,2019,12,15,3,5,69,69276,BUS (RD301)   0.000 A 2.800,45.6792,4.84907,Nuit sans éclairage public,Hors agglomération,Hors intersection,Normale,Deux véhicules - arrière,3,1,1,0,2,2,2,2,1,50,2,2,1,0,0,1,21.0,18.0,voiture,voiture,3,1,1,1,2
201900032905,2019-11-07 18:55:00,2019,11,7,18,55,76,76178,CD 7 (VOIE NOUVELLE),49.31286,1.05538,Nuit avec éclairage allumé,En agglomération,Hors intersection,Normale,Deux véhicules - côté,3,2,2,0,1,1,1,0,1,70,2,2,0,0,1,1,28.0,25.0,voiture,voiture,5,2,1,1,3
201900032906,2019-12-14 09:25:00,2019,12,14,9,25,33,33013,RN230 échangeur 26,44.86691,-0.50377,Plein jour,Hors agglomération,Hors intersection,Pluie légère,Deux véhicules - arrière,2,3,3,0,4,3,2,3,1,90,2,2,1,0,0,1,35.0,29.0,deux_roues,voiture,1,1,1,2,2
201900032907,2019-12-14 17:40:00,2019,12,14,17,40,59,59009,ROUTE NATIONALE 227,50.64,3.14,Nuit sans éclairage public,Hors agglomération,Hors intersection,Normale,Trois véhicules et plus - en chaîne,2,3,0,0,1,1,1,0,1,90,3,4,3,0,1,0,38.0,23.0,voiture,voiture,3,1,1,1,4
201900032908,2019-12-12 17:35:00,2019,12,12,17,35,59,59606,AUTOROUTE A2,50.339843,3.495811,Nuit sans éclairage public,Hors agglomération,Hors intersection,Normale,Deux véhicules - arrière,1,3,6,0,1,1,2,0,1,130,2,2,1,0,0,1,38.0,65.0,voiture,voiture,3,1,1,1,2
201900032909,2019-11-07 18:15:00,2019,11,7,18,15,76,76351,LENINGRAD (BD DE),49.496,0.14703,Nuit avec éclairage allumé,En agglomération,Intersection en X,Normale,Deux véhicules - côté,3,3,8,2,1,1,1,0,1,50,2,2,1,0,0,1,48.0,48.0,voiture,deux_roues,5,2,2,1,3
201900032910,2019-12-06 20:30:00,2019,12,6,20,30,59,59491,AUTOROUTE A23,50.3901103,3.4550786,Nuit sans éclairage public,Hors agglomération,Hors intersection,Pluie légère,Autre collision,1,3,4,0,1,1,2,0,1,130,1,1,0,0,1,0,60.0,,utilitaire_camion,,3,1,1,2,6
201900032911,2019-12-16 09:40:00,2019,12,16,9,40,94,94021,AUTOROUTE A106,48.7611,2.3452,Plein jour,Hors agglomération,Hors intersection,Pluie forte,Deux véhicules - côté,1,3,2,0,1,1,2,0,1,70,2,3,2,0,0,1,40.0,54.0,deux_roues,voiture,1,1,1,3,3
201900032912,2019-11-04 17:26:00,2019,11,4,17,26,73,73065,FAVRE (RUE),45.5672802,5.9199556,Nuit avec éclairage allumé,En agglomération,Hors intersection,Pluie forte,Autre collision,4,2,2,0,1,1,3,0,1,50,1,2,1,0,0,1,90.0,,voiture,,5,2,1,3,6
201900032913,2019-11-03 15:45:00,2019,11,3,15,45,73,73031,D8E  CENTRALE (RUE),45.5735425,5.9463742,Plein jour,En agglomération,Giratoire,Pluie légère,Autre collision,3,2,2,0,1,3,2,5,1,50,1,2,1,0,1,0,31.0,,voiture,,1,2,6,2,6
201900032914,2019-12-16 09:20:00,2019,12,16,9,20,92,92002,AUTOROUTE A10,48.7318724,2.3105309,Plein jour,Hors agglomération,Hors intersection,Pluie légère,Trois véhicules et plus - collisions multiples,1,1,3,0,1,1,2,3,1,90,3,3,2,0,0,1,61.0,22.0,voiture,voiture,1,1,1,2,5
201900032915,2019-10-20 15:00:00,2019,10,20,15,0,73,73087,D1006 LYON (ROUTE DE),45.5510334,5.8903585,Plein jour,En agglomération,Hors intersection,Temps couvert,Deux véhicules - frontale,3,2,2,1,2,4,2,2,1,50,2,5,0,0,0,5,33.0,34.0,voiture,voiture,1,2,1,8,1
201900032916,2019-12-16 08:55:00,2019,12,16,8,55,92,92036,N118,48.8086452,2.2119534,Nuit avec éclairage non allumé,Hors agglomération,Hors intersection,Normale,Trois véhicules et plus - collisions multiples,1,-1,4,0,1,1,2,0,1,90,3,3,2,0,0,1,52.0,52.0,voiture,deux_roues,4,1,1,1,5
201900032917,2019-11-08 12:10:00,2019,11,8,12,10,72,72181,BROSSOLETTE PIERRE (BD) N° PAIRS,47.99593,0.20691,Plein jour,En agglomération,Hors intersection,Pluie légère,Deux véhicules - arrière,4,3,4,0,2,1,2,2,1,50,2,2,1,0,0,1,50.0,55.0,voiture,utilitaire_camion,1,2,1,2,2
201900032918,2019-12-15 13:00:00,2019,12,15,13,0,92,92025,A86,48.9274176,2.237403,Plein jour,Hors agglomération,Hors intersection,Normale,Deux véhicules - arrière,1,3,2,0,1,1,1,0,1,90,2,3,2,0,0,1,28.0,48.0,voiture,voiture,1,1,1,1,2
201900032919,2019-11-07 09:40:00,2019,11,7,9,40,72,72003,GAULLE CHARLES DE (AV),47.97372,0.1588,Plein jour,En agglomération,Hors intersection,Normale,Autre collision,4,3,5,2,1,1,1,0,1,50,1,2,1,0,1,0,81.0,,voiture,,1,2,1,1,6
201900032920,2019-11-08 14:30:00,2019,11,8,14,30,71,71306,NOUVEAU PORT (QUAI DU),46.657202,4.344288,Plein jour,En agglomération,Hors intersection,Normale,Deux véhicules - côté,4,2,2,0,1,1,1,0,1,50,2,2,1,0,1,0,62.0,76.0,deux_roues,voiture,1,2,1,1,3
201900032921,2019-12-14 17:05:00,2019,12,14,17,5,78,78646,RN12 INT,48.783419,2.158908,Nuit avec éclairage allumé,Hors agglomération,Hors intersection,Normale,Trois véhicules et plus - collisions multiples,2,-1,2,0,1,1,1,0,1,90,4,6,3,0,0,3,39.0,56.0,voiture,voiture,5,1,1,1,5
201900032922,2019-12-14 11:00:00,2019,12,14,11,0,92,92050,A86,48.9036588,2.2064608,Plein jour,Hors agglomération,Hors intersection,Normale,Trois véhicules et plus - en chaîne,1,1,4,0,1,1,1,0,1,50,3,3,2,0,0,1,25.0,47.0,voiture,voiture,1,1,1,1,4
201900032923,2019-12-16 17:30:00,2019,12,16,17,30,93,93005,AUTOROUTE A3,48.93125,2.48096,Nuit sans éclairage public,Hors agglomération,Hors intersection,Temps couvert,Sans collision,1,3,8,0,1,1,2,2,1,110,1,1,0,0,0,1,51.0,,deux_roues,,3,1,1,8,7
201900032924,2019-11-08 15:00:00,2019,11,8,15,0,69,69290,ARISTIDE BRIAND (D 518)             (R ),45.69046,4.9367,Plein jour,En agglomération,Intersection en T,Normale,Trois véhicules et plus - en chaîne,3,2,2,0,1,1,1,0,1,50,3,3,2,0,0,1,23.0,38.0,voiture,utilitaire_camion,1,2,3,1,4
201900032925,2019-12-15 08:40:00,2019,12,15,8,40,92,92078,AUTOROUTE A86,48.9292033,2.3296684,Crépuscule ou aube,Hors agglomération,Hors intersection,Pluie légère,Autre collision,1,3,7,0,1,2,2,0,1,70,1,1,0,0,0,1,21.0,,voiture,,2,1,1,2,6
201900032926,2019-11-07 19:30:00,2019,11,7,19,30,67,67482,MARECHAL JOFFRE (RUE DU),48.58758,7.75552,Nuit avec éclairage allumé,En agglomération,Hors intersection,Normale,Deux véhicules - arrière,4,1,1,0,1,2,1,0,1,50,2,3,2,0,0,1,44.0,19.0,deux_roues,voiture,5,2,1,1,2
201900032927,2019-11-08 08:15:00,2019,11,8,8,15,66,66136,R D 900,42.72584,2.8784,Plein jour,Hors agglomération,Hors intersection,Normale,Deux véhicules - arrière,3,3,1,0,1,1,1,0,1,110,2,2,1,0,0,1,47.0,23.0,voiture,voiture,1,1,1,1,2
201900032928,2019-12-14 22:05:00,2019,12,14,22,5,93,93066,AUTOROUTE A86,48.92211,2.36268,Nuit sans éclairage public,Hors agglomération,Hors intersection,Normale,Trois véhicules et plus - en chaîne,1,3,8,0,1,2,1,2,1,90,4,5,4,0,0,1,30.0,31.0,voiture,voiture,3,1,1,1,4
201900032929,2019-12-14 20:45:00,2019,12,14,20,45,93,93078,AUTOROUTE A104,48.9654,2.55611,Nuit sans éclairage public,Hors agglomération,Hors intersection,Normale,Autre collision,1,3,8,0,1,1,2,0,1,110,1,1,0,0,0,1,47.0,,voiture,,3,1,1,1,6
201900032930,2019-12-14 12:30:00,2019,12,14,12,30,95,95678,RN 184,49.07319,2.23543,Plein jour,Hors agglomération,Hors intersection,Pluie légère,Deux véhicules - arrière,2,3,8,0,2,1,2,0,1,110,2,5,0,0,1,4,54.0,54.0,utilitaire_camion,voiture,1,1,1,2,2
201900032931,2019-12-16 20:15:00,2019,12,16,20,15,77,77146,A4.Y,48.83126,2.64218,Nuit sans éclairage public,Hors agglomération,Hors intersection,Normale,Deux véhicules - arrière,1,3,4,0,1,1,2,0,1,110,2,2,1,0,0,1,55.0,18.0,voiture,voiture,3,1,1,1,2
201900032932,2019-12-16 15:30:00,2019,12,16,15,30,94,94022,A86 EXT,48.77021,2.39182,Plein jour,Hors agglomération,Hors intersection,Pluie légère,Autre collision,1,1,4,0,1,1,2,0,2,90,1,1,0,0,0,1,20.0,,voiture,,1,1,1,2,6
201900032933,2019-12-16 13:15:00,2019,12,16,13,15,77,77169,RN104,48.82126,2.61527,Plein jour,Hors agglomération,Hors intersection,Normale,Autre collision,2,3,2,0,1,2,2,0,1,90,1,1,0,0,0,1,20.0,,voiture,,1,1,1,1,6
201900032934,2019-11-08 20:20:00,2019,11,8,20,20,64,64445,RESISTANCE,43.3025,-0.37528,Nuit avec éclairage allumé,En agglomération,Hors intersection,Pluie légère,Autre collision,4,2,2,0,1,1,2,0,1,50,2,2,1,0,0,1,69.0,27.0,voiture,deux_roues,5,2,1,2,6
201900032935,2019-01-07 16:30:00,2019,1,7,16,30,73,73329,D1201,45.6184216,5.8850784,Plein jour,Hors agglomération,Hors intersection,Normale,Deux véhicules - côté,3,3,5,0,2,1,1,0,1,90,2,2,1,0,0,1,22.0,22.0,voiture,voiture,1,1,1,1,3
201900032936,2019-11-04 17:25:00,2019,11,4,17,25,62,62643,LIBERTE ( Bld de la ),50.70961,1.58875,Nuit avec éclairage allumé,En agglomération,Hors intersection,Pluie forte,Autre collision,4,2,2,0,1,1,2,0,1,50,1,2,1,0,0,1,36.0,,voiture,,5,2,1,3,6
201900032937,2019-11-08 08:10:00,2019,11,8,8,10,60,60057,ASSAUT (BOULEVARD DE L') - IMPAIR -,49.43499,2.08812,Plein jour,En agglomération,Hors intersection,Normale,Autre collision,4,2,2,0,1,1,1,0,1,50,1,2,1,0,1,0,47.0,,voiture,,1,2,1,1,6
201900032938,2019-12-14 17:50:00,2019,12,14,17,50,988,98818,RUE A. BENEBIG/RUE CHARLEROI,-22.27009,166.45403,Plein jour,En agglomération,Intersection en T,Normale,Deux véhicules - côté,4,2,3,0,1,1,1,5,1,30,2,2,1,0,1,0,33.0,43.0,deux_roues,voiture,1,2,3,1,3
201900032939,2019-11-08 09:15:00,2019,11,8,9,15,59,59328,HIPPODROME AV DE L N°134 AU 240,50.642,3.0307,Plein jour,En agglomération,Intersection en T,Normale,Autre collision,7,2,2,0,1,1,1,0,1,50,1,2,1,0,0,1,27.0,,voiture,,1,2,3,1,6
201900032940,2019-11-02 15:45:00,2019,11,2,15,45,59,59648,HAUBOURDIN RUE D,50.59948,3.05583,Plein jour,En agglomération,Intersection en T,Temps couvert,Autre collision,4,2,2,0,1,1,1,0,1,30,1,2,1,0,1,0,57.0,,voiture,,1,2,3,8,6
201900032941,2019-12-15 08:30:00,2019,12,15,8,30,972,97209,ROND POINT DU VIET-NAM-HEROIQUE (ECHANGE,14.61148,-61.07853,Plein jour,En agglomération,Giratoire,Normale,Deux véhicules - côté,3,4,2,0,1,3,1,5,1,50,2,2,1,0,1,0,59.0,43.0,utilitaire_camion,deux_roues,1,2,6,1,3
201900032942,2019-11-08 10:05:00,2019,11,8,10,5,59,59122,COMTE D'ARTOIS (RUE DU),50.18157,3.22226,Plein jour,En agglomération,Intersection en T,Temps couvert,Autre collision,3,2,2,0,1,3,1,5,1,50,1,2,1,0,1,0,37.0,,voiture,,1,2,3,8,6
201900032943,2019-12-15 06:40:00,2019,12,15,6,40,972,97209,AVE CAMILLE DARSIERES,14.60244,-61.05697,Crépuscule ou aube,Hors agglomération,Autre intersection,Pluie légère,Autre collision,4,2,2,0,1,1,8,0,4,50,1,1,0,0,0,1,32.0,,voiture,,2,1,9,2,6
201900032944,2019-12-15 04:00:00,2019,12,15,4,0,69,69202,VALIOUD                             (AV),45.73647,4.80499,Nuit avec éclairage allumé,En agglomération,Hors intersection,Pluie légère,Autre collision,7,2,1,0,1,2,2,9,1,50,1,1,0,0,0,1,34.0,,voiture,,5,2,1,2,6
201900032945,2019-11-08 18:20:00,2019,11,8,18,20,54,54304,av de la liberation,48.694904,6.138123,Crépuscule ou aube,En agglomération,Intersection à plus de 4 branches,Normale,Deux véhicules - côté,4,-1,2,0,1,1,1,0,1,50,2,3,2,0,0,1,37.0,25.0,voiture,voiture,2,2,5,1,3
201900032946,2019-12-15 10:15:00,2019,12,15,10,15,2B,2B033,ROUTE ROYALE,42.67641,9.43599,Plein jour,En agglomération,Hors intersection,Normale,Autre collision,3,2,2,0,3,1,1,0,1,30,1,2,1,0,0,1,26.0,,voiture,,1,2,1,1,6
201900032947,2019-11-08 18:20:00,2019,11,8,18,20,51,51454,ROUTE DE CERNAY,49.25795,4.05549,Nuit avec éclairage allumé,En agglomération,Hors intersection,Normale,Sans collision,3,2,2,0,1,1,1,0,1,50,1,2,1,0,0,1,54.0,,voiture,,5,2,1,1,7
201900032948,2019-11-08 15:05:00,2019,11,8,15,5,51,51454,AVENUE JEAN JAURES,49.2584337,4.0421611,Plein jour,En agglomération,Hors intersection,Normale,Deux véhicules - arrière,4,2,2,0,1,1,1,0,1,50,2,2,1,0,0,1,25.0,,voiture,,1,2,1,1,2
201900032949,2019-12-15 01:55:00,2019,12,15,1,55,2B,2B033,GRAZIANI - BLD,42.7036268,9.4511691,Nuit avec éclairage allumé,En agglomération,Intersection en X,Normale,Autre collision,4,-1,1,0,2,1,1,0,1,50,1,1,0,0,0,1,,,,,5,2,2,1,6
201900032950,2019-12-11 21:38:00,2019,12,11,21,38,95,95219,STAND (RUE DU),48.99787,2.2475,Nuit avec éclairage allumé,En agglomération,Autre intersection,Pluie légère,Deux véhicules - côté,4,-1,2,0,1,2,2,9,1,50,2,4,3,0,0,1,44.0,21.0,voiture,voiture,5,2,9,2,3
201900032951,2019-12-15 18:00:00,2019,12,15,18,0,82,82121,11EME REGIMENT D'INFANTERIE (AVENUE DU),44.02756,1.35802,Nuit avec éclairage non allumé,En agglomération,Intersection en Y,Normale,Deux véhicules - côté,3,4,3,0,1,1,1,0,1,50,2,2,1,0,0,1,17.0,69.0,deux_roues,voiture,4,2,4,1,3
201900032952,2019-11-08 14:10:00,2019,11,8,14,10,51,51453,RN 44,49.014244,4.3288958,Plein jour,Hors agglomération,Hors intersection,Normale,Autre collision,2,3,4,0,2,3,1,0,1,110,2,2,1,0,1,0,30.0,32.0,deux_roues,utilitaire_camion,1,1,1,1,6
201900032953,2019-12-15 16:00:00,2019,12,15,16,0,81,81065,place Pierre Fabre,43.60884,2.23937,Crépuscule ou aube,En agglomération,Hors intersection,Pluie légère,Autre collision,4,1,-1,-1,1,1,2,0,1,30,1,2,1,0,0,1,50.0,,voiture,,2,2,1,2,6
201900032954,2019-11-07 13:58:00,2019,11,7,13,58,49,49007,MUSSES CHEMIN,47.45659,-0.5704,Plein jour,En agglomération,Hors intersection,Normale,Sans collision,4,-1,1,0,1,1,1,0,1,30,1,1,0,0,0,1,18.0,,deux_roues,,1,2,1,1,7
201900032955,2019-12-15 17:05:00,2019,12,15,17,5,78,78586,REPUBLIQUE (AVENUE) N° IMPAIR,48.93709,2.15579,Plein jour,En agglomération,Hors intersection,Normale,Autre collision,3,2,2,0,1,1,1,0,1,50,1,3,2,0,0,1,17.0,,deux_roues,,1,2,1,1,6
201900032956,2019-11-07 18:40:00,2019,11,7,18,40,49,49267,BOUVINERIE,47.48191,-0.49157,Crépuscule ou aube,En agglomération,Hors intersection,Pluie légère,Deux véhicules - frontale,3,2,2,0,1,1,2,0,1,50,2,2,1,0,1,0,55.0,35.0,deux_roues,voiture,2,2,1,2,1
201900032957,2019-11-07 20:30:00,2019,11,7,20,30,49,49007,MAINE,47.47579,-0.54918,Nuit avec éclairage non allumé,En agglomération,Hors intersection,Pluie légère,Deux véhicules - côté,4,2,2,0,1,1,2,0,1,50,2,2,1,0,1,0,25.0,36.0,voiture,deux_roues,4,2,1,2,3
201900032958,2019-12-12 17:45:00,2019,12,12,17,45,78,78269,ORPHIN (RUE D'),48.620255,1.819356,Nuit avec éclairage allumé,En agglomération,Hors intersection,Pluie forte,Autre collision,3,2,2,0,1,1,2,0,1,50,1,2,1,0,1,0,67.0,,voiture,,5,2,1,3,6
201900032959,2019-11-07 11:45:00,2019,11,7,11,45,49,49007,BEAUSSIER BOULEVARD,47.47585,-0.59947,Plein jour,En agglomération,Hors intersection,Normale,Autre collision,4,-1,1,0,1,1,1,0,1,30,1,2,1,0,0,1,67.0,,voiture,,1,2,1,1,6
201900032960,2019-12-15 14:45:00,2019,12,15,14,45,69,69282,REPUBLIQUE (DE)                     (R ),45.77066,4.98541,Plein jour,En agglomération,Intersection en Y,Normale,Autre collision,3,1,1,0,2,2,1,9,1,50,1,2,1,0,0,1,18.0,,voiture,,1,2,4,1,6
201900032961,2019-11-07 15:30:00,2019,11,7,15,30,47,47027,RAMOUNOT (lieu-dit),44.40272,0.66566,Plein jour,Hors agglomération,Hors intersection,Pluie légère,Autre collision,3,2,2,0,1,1,2,0,1,80,1,2,1,0,0,1,46.0,,voiture,,1,1,1,2,6
201900032962,2019-12-15 11:15:00,2019,12,15,11,15,69,69266,ROGER SALENGRO     (Avenue),45.78187,4.88738,Plein jour,En agglomération,Intersection en X,Normale,Trois véhicules et plus - collisions multiples,4,2,0,0,1,1,1,0,1,50,3,3,1,0,0,2,70.0,24.0,voiture,voiture,1,2,2,1,5
201900032963,2019-12-15 21:40:00,2019,12,15,21,40,65,65100,TOULOUSE LAUTREC (AVENUE),43.26863,0.028353,Nuit sans éclairage public,Hors agglomération,Hors intersection,Normale,Autre collision,3,2,2,0,1,1,1,0,1,70,1,1,0,0,1,0,29.0,,voiture,,3,1,1,1,6
201900032964,2019-11-04 19:50:00,2019,11,4,19,50,44,44109,BOULEVARD DE LONGCHAMP / RUE CHANTECLERC,47.23585,-1.58115,Nuit avec éclairage allumé,En agglomération,Intersection en X,Autre,Deux véhicules - côté,4,2,1,0,1,1,1,0,1,50,2,2,1,0,0,1,20.0,44.0,voiture,deux_roues,5,2,2,9,3
201900032965,2019-12-15 15:53:00,2019,12,15,15,53,65,65226,DEPARTEMENTALE 64 (ROUTE),43.24215,0.02083,Plein jour,Hors agglomération,Hors intersection,Normale,Deux véhicules - côté,3,2,2,0,1,2,1,0,1,50,2,2,1,0,1,0,50.0,22.0,voiture,deux_roues,1,1,1,1,3
201900032966,2019-11-07 18:10:00,2019,11,7,18,10,41,41018,DUGAY-TROUIN (RUE)  N° IMPAIRS,47.59538,1.30119,Nuit avec éclairage allumé,En agglomération,Intersection en T,Normale,Deux véhicules - frontale,4,2,2,1,1,1,1,0,1,50,2,2,1,0,1,0,72.0,50.0,voiture,deux_roues,5,2,3,1,1
201900032967,2019-12-15 00:10:00,2019,12,15,0,10,59,59279,LILLE (RUE DE),50.785624,3.126893,Nuit avec éclairage allumé,En agglomération,Intersection en T,Normale,Deux véhicules - côté,7,2,2,0,2,1,1,0,1,50,2,2,1,0,0,1,32.0,20.0,deux_roues,voiture,5,2,3,1,3
201900032968,2019-12-10 16:35:00,2019,12,10,16,35,59,59360,AVINEE EUGENE AVENUE,50.60397,3.03333,Plein jour,En agglomération,Autre intersection,Normale,Deux véhicules - côté,4,2,2,0,1,1,1,0,1,50,2,2,1,0,0,1,23.0,17.0,voiture,deux_roues,1,2,9,1,3
201900032969,2019-11-08 11:45:00,2019,11,8,11,45,38,38185,REYNOARD(AV. M.),45.16652,5.72858,Plein jour,En agglomération,Intersection en X,Normale,Deux véhicules - côté,7,2,4,0,1,1,1,0,1,50,2,5,0,0,2,3,26.0,87.0,voiture,voiture,1,2,2,1,3
201900032970,2019-11-27 17:25:00,2019,11,27,17,25,59,59143,NATIONALE  ( ROUTE),50.670275,2.904181,Nuit avec éclairage allumé,En agglomération,Autre intersection,Pluie légère,Autre collision,7,3,2,0,2,3,2,0,1,50,1,2,1,0,1,0,61.0,,voiture,,5,2,9,2,6
201900032971,2019-11-08 20:05:00,2019,11,8,20,5,37,37195,PRIEURE (AVENUE DU),47.3843827,0.6524284,Nuit sans éclairage public,En agglomération,Intersection en T,Normale,Deux véhicules - côté,4,2,2,0,1,1,1,0,1,50,2,2,1,0,0,1,33.0,47.0,voiture,voiture,3,2,3,1,3
201900032972,2019-12-15 17:25:00,2019,12,15,17,25,54,54526,MILLENAIRE (Rond Point An 2000),48.6843,6.2215,Nuit sans éclairage public,En agglomération,Hors intersection,Normale,Sans collision,4,3,3,0,1,1,2,0,1,50,1,2,1,0,0,1,26.0,,voiture,,3,2,1,1,7
201900032973,2019-12-15 18:55:00,2019,12,15,18,55,51,51454,AVENUE JEAN JAURES,49.2577049,4.0399664,Nuit avec éclairage allumé,En agglomération,Hors intersection,Normale,Sans collision,4,2,0,0,1,1,1,0,1,50,1,2,1,0,0,1,19.0,,voiture,,5,2,1,1,7
201900032974,2019-11-07 20:40:00,2019,11,7,20,40,37,37261,EUROPE (AVENUE DE L'),47.4238725,0.6958012,Nuit sans éclairage public,En agglomération,Hors intersection,Normale,Autre collision,4,1,1,1,1,1,2,4,1,20,1,1,0,0,0,1,22.0,,deux_roues,,3,2,1,1,6