accident_id,datetime,annee,mois,jour,heure,minute,departement,commune_insee,adresse,latitude,longitude,luminosite,agglomeration,intersection,meteo,collision,catr,circ,nbv,vosp,prof,plan,surf,infra,situ,vma,nb_vehicules,nb_usagers,nb_indemnes,nb_tues,nb_blesses_hosp,nb_blesses_legers,age_cond_1,age_cond_2,veh_type_cond_1,veh_type_cond_2,lum_code,agg_code,int_code,atm_code,col_code
201900033155,2019-12-15 02:12:00,2019,12,15,2,12,92,92002,AUTOROUTE A86,48.76033,2.29054,Nuit sans éclairage public,Hors agglomération,Hors intersection,Normale,Trois véhicules et plus - collisions multiples,1,3,4,0,1,1,2,0,1,70,3,4,1,0,0,3,43.0,72.0,voiture,voiture,3,1,1,1,5
201900033156,2019-12-14 09:20:00,2019,12,14,9,20,92,92051,RN13,48.8872234,2.2530626,Plein jour,Hors agglomération,Hors intersection,Normale,Autre collision,2,1,4,0,1,1,1,0,1,70,3,6,5,0,0,1,20.0,38.0,voiture,voiture,1,1,1,1,6
201900033157,2019-12-15 17:20:00,2019,12,15,17,20,94,94018,A4,48.8167,2.4167,Nuit avec éclairage allumé,Hors agglomération,Hors intersection,Normale,Deux véhicules - arrière,1,1,5,0,1,1,1,0,1,90,2,3,1,0,0,2,28.0,36.0,voiture,deux_roues,5,1,1,1,2
201900033158,2019-12-15 01:10:00,2019,12,15,1,10,77,77363,A104,48.914682,2.63427,Nuit sans éclairage public,Hors agglomération,Hors intersection,Pluie légère,Autre collision,1,1,2,0,1,1,2,0,1,90,1,1,0,0,0,1,25.0,,voiture,,3,1,1,2,6
201900033159,2019-09-13 17:15:00,2019,9,13,17,15,4,04004,RD 111,43.777356,6.0333753,Plein jour,Hors agglomération,Hors intersection,Normale,Deux véhicules - frontale,3,2,2,0,1,1,1,0,1,80,2,3,2,0,1,0,52.0,59.0,voiture,voiture,1,1,1,1,1
201900033160,2019-05-13 20:32:00,2019,5,13,20,32,73,73020,D62,45.7099322,6.0820461,Crépuscule ou aube,Hors agglomération,Hors intersection,Normale,Deux véhicules - frontale,3,2,2,0,2,2,1,0,1,80,2,2,1,0,0,1,28.0,54.0,utilitaire_camion,utilitaire_camion,2,1,1,1,1
201900033161,2019-05-31 19:10:00,2019,5,31,19,10,73,73070,D1516,45.6131901,5.6515373,Plein jour,Hors agglomération,Hors intersection,Normale,Autre collision,3,2,2,0,1,2,1,0,1,80,1,1,0,0,1,0,61.0,,deux_roues,,1,1,1,1,6
201900033162,2019-12-13 15:10:00,2019,12,13,15,10,988,98818,AMPERE (RUE),-22.2310028,166.4496048,Plein jour,En agglomération,Autre intersection,Normale,Deux véhicules - côté,4,2,2,0,1,1,1,0,1,50,2,2,1,0,0,1,56.0,59.0,voiture,deux_roues,1,2,9,1,3
201900033163,2019-12-14 18:00:00,2019,12,14,18,0,976,97611,kaweni-Pendu (Place),-12.76034,45.22669,Plein jour,En agglomération,Hors intersection,Normale,Deux véhicules - arrière,2,2,0,0,2,3,1,0,1,50,2,4,2,0,0,2,51.0,39.0,voiture,voiture,1,2,1,1,2
201900033164,2019-12-14 19:35:00,2019,12,14,19,35,974,97416,ZONE (ALLEE DE LA),-21.31718,55.47431,Nuit avec éclairage allumé,Hors agglomération,Intersection en T,Normale,Deux véhicules - côté,4,2,0,0,2,1,1,0,1,30,2,2,1,0,1,0,36.0,42.0,voiture,deux_roues,5,1,3,1,3
201900033165,2019-12-14 10:30:00,2019,12,14,10,30,973,97302,CABASSOU (ROUTE DE),4.9192488,-52.3175987,Plein jour,Hors agglomération,Intersection en X,Normale,Autre collision,3,2,2,1,1,1,1,0,1,50,2,2,1,0,0,1,24.0,54.0,voiture,deux_roues,1,1,2,1,6
201900033166,2019-12-14 03:25:00,2019,12,14,3,25,69,69387,UNIVERSITE (DE L')                  (R ),45.748315,4.84352,Nuit avec éclairage allumé,En agglomération,Hors intersection,Pluie légère,Deux véhicules - arrière,4,1,4,0,1,1,2,0,1,50,2,2,1,0,0,1,38.0,27.0,voiture,voiture,5,2,1,2,2
201900033167,2019-12-14 18:25:00,2019,12,14,18,25,69,69199,CARNOT                              (R ),45.708,4.85982,Nuit avec éclairage allumé,En agglomération,Intersection en T,Normale,Deux véhicules - côté,4,2,2,0,1,1,2,0,1,50,2,5,3,0,0,2,26.0,26.0,voiture,voiture,5,2,3,1,3
201900033168,2019-12-14 18:30:00,2019,12,14,18,30,972,97209,AVE CAMILLE DARSIERES,14.59929,-61.05089,Nuit sans éclairage public,En agglomération,Hors intersection,Normale,Deux véhicules - côté,4,3,3,0,1,1,1,0,1,50,2,2,1,0,0,1,54.0,22.0,voiture,deux_roues,3,2,1,1,3
201900033169,2019-12-14 06:45:00,2019,12,14,6,45,69,69382,CELESTINS (DES)                     (QU),45.76047,4.83092,Nuit avec éclairage allumé,En agglomération,Hors intersection,Pluie légère,Autre collision,4,1,3,0,1,1,2,0,1,50,1,1,0,0,1,0,,,,,5,2,1,2,6
201900033170,2019-12-13 08:45:00,2019,12,13,8,45,69,69382,CHARLEMAGNE                         (CO),45.74639,4.82512,Plein jour,En agglomération,Hors intersection,Pluie légère,Autre collision,9,4,5,2,1,1,2,4,6,50,1,2,1,0,0,1,46.0,,transport_commun,,1,2,1,2,6
201900033171,2019-12-14 04:45:00,2019,12,14,4,45,971,97120,LOUISY MATHIEU,16.227,-61.5268,Nuit avec éclairage allumé,En agglomération,Hors intersection,Pluie légère,Deux véhicules - arrière,6,-1,0,0,1,1,2,0,1,50,2,1,0,0,1,0,33.0,,deux_roues,,5,2,1,2,2
201900033172,2019-12-13 13:45:00,2019,12,13,13,45,95,95268,RUE EDOUARD MANET,48.977652,2.397079,Plein jour,En agglomération,Hors intersection,Normale,Autre collision,4,-1,1,0,1,1,1,9,1,30,1,1,0,0,0,1,,,,,1,2,1,1,6
201900033173,2019-12-14 10:35:00,2019,12,14,10,35,91,91471,MONTHLERY (ROUTE DE),48.684526,2.188192,Plein jour,En agglomération,Intersection en T,Normale,Deux véhicules - côté,4,2,2,0,1,1,1,0,1,50,2,2,1,0,0,1,35.0,55.0,voiture,voiture,1,2,3,1,3
201900033174,2019-12-13 18:55:00,2019,12,13,18,55,91,91377,BASCH (RUE VICTOR),48.72689,2.27113,Nuit avec éclairage allumé,En agglomération,Intersection en Y,Normale,Autre collision,9,1,2,0,1,1,1,5,1,50,1,2,1,0,1,0,47.0,,voiture,,5,2,4,1,6
201900033175,2019-12-14 06:00:00,2019,12,14,6,0,91,91687,COMMANDANT BARRE (AVENUE DU),48.659118,2.372576,Nuit avec éclairage allumé,En agglomération,Intersection en T,Pluie légère,Deux véhicules - côté,3,1,2,0,1,1,2,0,1,50,2,2,1,0,0,1,48.0,23.0,utilitaire_camion,utilitaire_camion,5,2,3,2,3
201900033176,2019-12-14 08:55:00,2019,12,14,8,55,81,81060,RODEZ  (AVENUE DE),44.05612,2.17161,Plein jour,Hors agglomération,Hors intersection,Pluie légère,Autre collision,3,2,2,0,4,3,2,0,1,50,1,1,0,0,0,1,72.0,,utilitaire_camion,,1,1,1,2,6
201900033177,2019-12-14 17:50:00,2019,12,14,17,50,77,77215,D350 - PARIS (RUE DE),48.73901,2.74667,Nuit avec éclairage allumé,En agglomération,Hors intersection,Normale,Autre collision,3,2,2,0,1,1,1,0,1,50,1,2,1,0,0,1,56.0,,voiture,,5,2,1,1,6
201900033178,2019-12-14 06:30:00,2019,12,14,6,30,76,76540,BOISGUILBERT. QUAI DE,49.44243,1.07727,Nuit avec éclairage allumé,En agglomération,Hors intersection,Normale,Trois véhicules et plus - en chaîne,3,1,4,0,1,1,1,0,1,50,3,3,1,0,0,2,32.0,51.0,voiture,voiture,5,2,1,1,4
201900033179,2019-12-14 19:02:00,2019,12,14,19,2,69,69271,ROBERDIERES (DES)                 R,45.74282,4.95513,Nuit avec éclairage allumé,Hors agglomération,Hors intersection,Temps couvert,Autre collision,4,1,1,0,1,1,2,9,1,50,1,3,2,1,0,0,45.0,,voiture,,5,1,1,8,6
201900033180,2019-12-09 07:50:00,2019,12,9,7,50,69,69282,JULES ROMAINS                       (R ),45.77762,5.02097,Crépuscule ou aube,En agglomération,Intersection en T,Normale,Autre collision,4,2,2,0,1,1,1,0,1,50,1,2,1,0,0,1,43.0,,voiture,,2,2,3,1,6
201900033181,2019-12-11 19:40:00,2019,12,11,19,40,69,69275,JEAN JAURES                         (AV),45.76981,4.95104,Nuit sans éclairage public,En agglomération,Hors intersection,Pluie légère,Autre collision,3,2,2,0,1,1,2,0,1,50,1,3,2,0,1,0,66.0,,voiture,,3,2,1,2,6
201900033182,2019-12-13 07:19:00,2019,12,13,7,19,69,69290,CORDIERE (DE LA)                    (R ),45.69317,4.9506,Crépuscule ou aube,En agglomération,Hors intersection,Pluie forte,Autre collision,4,2,2,0,1,3,2,0,1,50,1,2,1,0,1,0,34.0,,voiture,,2,2,1,3,6
201900033183,2019-12-14 09:10:00,2019,12,14,9,10,56,56260,MARTIN(RUE JEAN),47.6542,-2.74897,Plein jour,En agglomération,Intersection en T,Normale,Deux véhicules - côté,4,2,2,1,2,1,2,0,1,50,2,2,1,0,0,1,73.0,76.0,voiture,deux_roues,1,2,3,1,3
201900033184,2019-10-05 17:20:00,2019,10,5,17,20,34,34192,Avenue de l'Eveche de Maguelone,43.522961,3.919062,Plein jour,En agglomération,Intersection en T,Normale,Trois véhicules et plus - collisions multiples,4,2,2,2,1,1,1,9,1,50,3,3,2,0,1,0,34.0,57.0,voiture,voiture,1,2,3,1,5
201900033185,2019-10-05 16:00:00,2019,10,5,16,0,29,29197,20 Rue de Kergréac'H,48.019111,-4.515376,Plein jour,En agglomération,Hors intersection,Normale,Sans collision,4,2,2,0,1,3,9,0,3,50,1,1,0,0,1,0,16.0,,deux_roues,,1,2,1,1,7
201900033186,2019-10-05 17:30:00,2019,10,5,17,30,38,38292,Route Du lac,45.455976,5.529699,Plein jour,Hors agglomération,Hors intersection,Temps couvert,Deux véhicules - frontale,3,2,2,0,1,1,1,0,1,80,2,3,2,0,1,0,53.0,46.0,voiture,deux_roues,1,1,1,8,1
201900033187,2019-10-05 20:10:00,2019,10,5,20,10,38,38499,Le Crey,44.937583,5.769231,Nuit sans éclairage public,Hors agglomération,Hors intersection,Normale,Autre collision,3,2,2,0,1,1,1,0,3,80,1,1,0,0,1,0,25.0,,deux_roues,,3,1,1,1,6
201900033188,2019-10-05 15:22:00,2019,10,5,15,22,3,03062,,46.1885011,3.1852195,Plein jour,Hors agglomération,Intersection en X,Temps couvert,Deux véhicules - arrière,3,2,2,0,1,1,1,0,1,80,2,2,1,0,1,0,44.0,38.0,deux_roues,deux_roues,1,1,2,8,2
201900033189,2019-10-05 20:25:00,2019,10,5,20,25,70,70415,D434,47.857279,6.081763,Nuit sans éclairage public,Hors agglomération,Hors intersection,Normale,Autre collision,3,2,2,0,4,3,1,0,1,50,1,1,0,0,1,0,45.0,,voiture,,3,1,1,1,6
201900033190,2019-10-06 14:00:00,2019,10,6,14,0,14,14478,D519,49.012388,0.409425,Plein jour,Hors agglomération,Intersection en X,Normale,Deux véhicules - côté,3,2,2,0,2,1,1,5,1,80,2,2,1,0,1,0,21.0,59.0,deux_roues,voiture,1,1,2,1,3
201900033191,2019-10-06 00:20:00,2019,10,6,0,20,64,64127,D934,43.0681794,-0.4226579,Nuit sans éclairage public,Hors agglomération,Hors intersection,Normale,Sans collision,3,2,2,0,1,1,1,2,3,80,1,1,0,1,0,0,59.0,,deux_roues,,3,1,1,1,7
201900033192,2019-10-05 17:30:00,2019,10,5,17,30,7,07204,4 Rue du Docteur Maisonneuve,45.009672,4.39922,Plein jour,En agglomération,Hors intersection,Normale,Autre collision,3,2,2,0,1,1,1,0,1,50,1,2,1,0,0,1,40.0,,voiture,,1,2,1,1,6
201900033193,2019-10-06 06:25:00,2019,10,6,6,25,53,53128,Le Châtelet,47.943837,-1.088357,Nuit sans éclairage public,Hors agglomération,Hors intersection,Pluie légère,Autre collision,3,2,2,0,1,1,2,0,3,80,1,2,1,0,1,0,20.0,,voiture,,3,1,1,2,6
201900033194,2019-10-02 16:50:00,2019,10,2,16,50,40,40310,Avenue de l'Espérance,43.751369,-1.305254,Plein jour,Hors agglomération,Intersection en X,Normale,Deux véhicules - côté,4,2,2,0,1,1,1,5,1,80,2,2,0,0,1,1,20.0,50.0,utilitaire_camion,utilitaire_camion,1,1,2,1,3
201900033195,2019-10-05 06:25:00,2019,10,5,6,25,40,40250,Route de Bordeaux,43.924575,-0.439276,Nuit sans éclairage public,Hors agglomération,Hors intersection,Brouillard / fumée,Autre collision,3,2,2,0,1,1,1,0,3,80,1,1,0,0,1,0,20.0,,voiture,,3,1,1,5,6
201900033196,2019-10-06 12:10:00,2019,10,6,12,10,4,04166,RD 6,43.829693,6.040006,Plein jour,Hors agglomération,Hors intersection,Normale,Autre collision,3,2,2,0,2,4,1,0,1,80,1,1,0,0,0,1,31.0,,deux_roues,,1,1,1,1,6
201900033197,2019-10-05 13:00:00,2019,10,5,13,0,28,28274,D131,48.293351,1.78112,Plein jour,Hors agglomération,Hors intersection,Normale,Sans collision,3,2,2,0,1,1,9,0,3,80,1,1,0,0,1,0,71.0,,voiture,,1,1,1,1,7
201900033198,2019-10-05 21:00:00,2019,10,5,21,0,37,37115,Route de Neuilly le Brignon,46.971222,0.709553,Nuit sans éclairage public,Hors agglomération,Hors intersection,Normale,Sans collision,3,2,2,0,2,1,1,0,1,80,1,1,0,0,1,0,38.0,,deux_roues,,3,1,1,1,7
201900033199,2019-10-05 17:45:00,2019,10,5,17,45,37,37257,D19,47.231725,0.57496,Plein jour,Hors agglomération,Hors intersection,Normale,Sans collision,3,2,2,0,1,2,1,0,3,80,1,2,0,0,1,1,26.0,,deux_roues,,1,1,1,1,7
201900033200,2019-09-29 10:40:00,2019,9,29,10,40,37,37272,14 rue de la mairie,47.3403086,0.5115278,Plein jour,En agglomération,Hors intersection,Pluie légère,Sans collision,4,2,2,0,2,1,2,9,1,50,1,1,0,0,0,1,55.0,,deux_roues,,1,2,1,2,7
201900033201,2019-10-06 21:20:00,2019,10,6,21,20,988,98805,Sortie Kenu in Save express,-22.21989,166.47025,Nuit avec éclairage allumé,En agglomération,Intersection en Y,Normale,Autre collision,1,1,1,0,1,3,1,3,3,70,1,1,0,1,0,0,45.0,,deux_roues,,5,2,4,1,6
201900033202,2019-05-31 20:40:00,2019,5,31,20,40,987,98745,HAAMENE Quartier ARATIA,-16.622912,-151.49372,Nuit avec éclairage allumé,Hors agglomération,Hors intersection,Normale,Deux véhicules - frontale,2,2,2,0,1,3,1,0,1,60,2,2,0,0,2,0,41.0,17.0,deux_roues,deux_roues,5,1,1,1,1
201900033203,2019-10-06 11:45:00,2019,10,6,11,45,17,17415,Autoroute A10 Pk 443.000 Sens Paris/Bordeaux,45.720325,-0.659967,Plein jour,Hors agglomération,Hors intersection,Pluie forte,Autre collision,1,3,4,0,2,1,2,0,1,110,1,2,1,0,0,1,44.0,,voiture,,1,1,1,3,6
201900033204,2019-10-06 13:00:00,2019,10,6,13,0,988,98821,Route de TONGOUIN - RM24,-22.154452,166.249299,Plein jour,Hors agglomération,Hors intersection,Normale,Autre collision,9,2,2,0,1,2,1,0,8,70,1,4,1,0,3,0,31.0,,voiture,,1,1,1,1,6
201900033205,2019-10-05 01:40:00,2019,10,5,1,40,971,97106,Route de la Lezarde,16.144235,-61.770865,Nuit avec éclairage allumé,En agglomération,Hors intersection,Normale,Autre collision,2,2,2,0,2,2,1,0,3,50,1,2,0,0,1,1,22.0,,voiture,,5,2,1,1,6
201900033206,2019-09-05 19:10:00,2019,9,5,19,10,37,37072,Les Petites Croix,47.185691,0.216852,Plein jour,Hors agglomération,Intersection en X,Normale,Deux véhicules - côté,3,2,2,0,1,1,1,0,1,80,2,4,3,0,1,0,83.0,41.0,voiture,voiture,1,1,2,1,3
201900033207,2019-10-05 16:11:00,2019,10,5,16,11,28,28213,RD983,48.632107,1.545042,Plein jour,Hors agglomération,Hors intersection,Temps couvert,Autre collision,3,2,2,0,1,1,1,0,3,80,1,2,0,0,2,0,,,,,1,1,1,8,6
201900033208,2019-10-06 16:45:00,2019,10,6,16,45,84,84054,3436 Chemin Romieu,43.873701,5.065525,Plein jour,Hors agglomération,Hors intersection,Normale,Deux véhicules - frontale,3,2,2,0,1,1,1,0,1,80,2,3,0,0,0,3,47.0,68.0,voiture,voiture,1,1,1,1,1
201900033209,2019-10-06 00:45:00,2019,10,6,0,45,6,06050,Route des Termes,43.786668,7.048496,Nuit sans éclairage public,Hors agglomération,Hors intersection,Normale,Sans collision,3,2,2,0,1,3,1,0,3,80,1,1,0,0,1,0,57.0,,deux_roues,,3,1,1,1,7
201900033210,2019-10-01 16:00:00,2019,10,1,16,0,6,06122,Route de Saint-jeannet,43.744316,7.146646,Plein jour,En agglomération,Hors intersection,Normale,Sans collision,7,2,2,0,2,1,1,0,1,50,1,1,0,0,0,1,45.0,,deux_roues,,1,2,1,1,7
201900033211,2019-10-04 15:30:00,2019,10,4,15,30,4,04143,RD 4 Av Charles Richaud,43.9215224,5.9158228,Plein jour,En agglomération,Hors intersection,Normale,Deux véhicules - frontale,3,2,2,0,1,1,1,0,1,50,2,3,1,0,1,1,76.0,23.0,voiture,utilitaire_camion,1,2,1,1,1
201900033212,2019-10-06 07:45:00,2019,10,6,7,45,4,04242,RD 4096 / Ch du moulin,43.893489,5.874814,Crépuscule ou aube,Hors agglomération,Intersection en T,Normale,Deux véhicules - frontale,3,2,2,0,1,1,1,0,1,80,2,2,1,0,0,1,25.0,38.0,voiture,utilitaire_camion,2,1,3,1,1
201900033213,2019-10-04 16:45:00,2019,10,4,16,45,33,33003,Rue Jeanne de Lestonnat,44.95211,-0.50792,Plein jour,En agglomération,Intersection en X,Normale,Deux véhicules - côté,4,2,2,0,1,1,1,0,8,50,2,2,1,0,0,1,46.0,36.0,voiture,voiture,1,2,2,1,3
201900033214,2019-10-06 07:00:00,2019,10,6,7,0,61,61107,le bourg,48.493534,-0.13984,Nuit avec éclairage allumé,En agglomération,Hors intersection,Pluie légère,Autre collision,3,2,2,0,1,3,2,0,4,50,1,4,0,0,0,4,28.0,,voiture,,5,2,1,2,6
201900033215,2019-10-04 20:45:00,2019,10,4,20,45,29,29277,D18,48.4034491,-4.066717,Nuit sans éclairage public,Hors agglomération,Hors intersection,Pluie légère,Sans collision,3,2,2,0,1,2,2,0,3,80,1,2,0,0,2,0,21.0,,voiture,,3,1,1,2,7
201900033216,2019-10-05 17:15:00,2019,10,5,17,15,22,22173,le val,48.545315,-2.59572,Plein jour,Hors agglomération,Intersection en T,Normale,Deux véhicules - côté,4,2,2,0,2,1,1,0,1,80,2,2,1,0,1,0,71.0,49.0,deux_roues,voiture,1,1,3,1,3
201900033217,2019-10-04 19:40:00,2019,10,4,19,40,13,13215,A7-Sens Marseille vers Lyon,43.35605,5.36334,Nuit avec éclairage allumé,Hors agglomération,Hors intersection,Normale,Trois véhicules et plus - en chaîne,1,1,-1,0,1,1,1,0,1,90,3,3,1,0,0,2,21.0,19.0,voiture,voiture,5,1,1,1,4
201900033218,2019-10-04 11:30:00,2019,10,4,11,30,13,13055,A507 sens Aubagne- Marseille,43.31836,5.42258,Plein jour,Hors agglomération,Hors intersection,Normale,Deux véhicules - côté,1,-1,3,0,1,1,1,1,1,70,2,2,1,0,0,1,20.0,58.0,voiture,utilitaire_camion,1,1,1,1,3
201900033219,2019-10-04 08:48:00,2019,10,4,8,48,13,13055,A507 sens Marseille - Aubagne,43.29038,5.42437,Plein jour,Hors agglomération,Hors intersection,Normale,Deux véhicules - arrière,1,1,3,0,1,1,1,1,1,70,2,2,1,0,0,1,47.0,27.0,voiture,voiture,1,1,1,1,2
201900033220,2019-10-04 20:00:00,2019,10,4,20,0,91,91161,AUTOROUTE A126,48.711431,2.294115,Nuit sans éclairage public,Hors agglomération,Hors intersection,Pluie légère,Deux véhicules - arrière,1,-1,2,0,1,1,2,0,1,70,2,4,0,0,0,4,26.0,21.0,voiture,voiture,3,1,1,2,2
201900033221,2019-10-05 14:25:00,2019,10,5,14,25,92,92036,A86,48.9357735,2.2872689,Plein jour,Hors agglomération,Hors intersection,Pluie légère,Deux véhicules - arrière,1,1,3,0,1,1,2,0,1,90,2,3,1,0,0,2,41.0,,voiture,,1,1,1,2,2
201900033222,2019-10-05 14:45:00,2019,10,5,14,45,92,92025,A86,48.9270162,2.2365818,Plein jour,Hors agglomération,Hors intersection,Normale,Deux véhicules - arrière,1,1,2,0,1,1,2,0,1,90,2,4,2,0,1,1,26.0,21.0,deux_roues,voiture,1,1,1,1,2
201900033223,2019-10-05 16:50:00,2019,10,5,16,50,93,93053,AUTOROUTE A3,48.88142,2.45398,Plein jour,Hors agglomération,Hors intersection,Pluie légère,Deux véhicules - arrière,1,3,8,0,1,1,2,0,1,90,2,3,1,0,0,2,44.0,73.0,voiture,voiture,1,1,1,2,2
201900033224,2019-10-05 15:30:00,2019,10,5,15,30,93,93048,AUTOROUTE A3,48.872511,2.447747,Plein jour,Hors agglomération,Hors intersection,Pluie légère,Deux véhicules - côté,1,3,10,0,1,1,2,0,1,90,2,2,1,0,0,1,51.0,26.0,voiture,deux_roues,1,1,1,2,3
201900033225,2019-10-05 11:45:00,2019,10,5,11,45,93,93027,AUTOROUTE A86,48.92786,2.40958,Plein jour,Hors agglomération,Hors intersection,Pluie légère,Autre collision,1,3,7,0,1,1,2,0,1,90,1,1,0,0,0,1,25.0,,voiture,,1,1,1,2,6
201900033226,2019-10-05 03:00:00,2019,10,5,3,0,60,60612,AUTOROUTE A1,49.18509,2.60509,Nuit sans éclairage public,Hors agglomération,Hors intersection,Pluie légère,Autre collision,1,3,6,0,1,3,2,0,1,130,1,6,0,0,0,6,33.0,,voiture,,3,1,1,2,6
201900033227,2019-10-05 03:00:00,2019,10,5,3,0,60,60612,AUTOROUTE A1,49.1833,2.60528,Nuit sans éclairage public,Hors agglomération,Hors intersection,Pluie légère,Sans collision,1,3,6,0,1,3,2,0,1,130,1,2,0,0,0,2,44.0,,voiture,,3,1,1,2,7
201900033228,2019-10-05 03:10:00,2019,10,5,3,10,92,92036,AUTOROUTE A15,48.9466206,2.2826254,Nuit sans éclairage public,Hors agglomération,Hors intersection,Normale,Autre collision,1,3,8,0,1,3,2,2,1,110,1,2,1,0,0,1,22.0,,voiture,,3,1,1,1,6
201900033229,2019-10-05 13:00:00,2019,10,5,13,0,77,77258,A4.Y,48.829936,2.62585,Plein jour,Hors agglomération,Hors intersection,Pluie forte,Autre collision,1,-1,5,0,2,2,2,3,1,70,3,3,2,0,0,1,61.0,39.0,voiture,voiture,1,1,1,3,6
201900033230,2019-10-03 19:45:00,2019,10,3,19,45,64,64024,BAYONNE (AVENUE DE),43.48124,-1.51083,Nuit avec éclairage allumé,En agglomération,Hors intersection,Temps couvert,Deux véhicules - arrière,3,1,4,0,1,1,1,0,1,50,2,1,0,0,0,1,21.0,,deux_roues,,5,2,1,8,2
201900033231,2019-10-03 18:48:00,2019,10,3,18,48,63,63113,BLUM (AVENUE LEON),45.76404,3.09832,Plein jour,En agglomération,Hors intersection,Normale,Autre collision,4,2,2,0,1,1,1,0,1,50,1,2,1,0,1,0,44.0,,voiture,,1,2,1,1,6
201900033232,2019-07-22 21:20:00,2019,7,22,21,20,54,54300,GALTIER (RUE LUCIEN),48.663397,6.219149,Plein jour,En agglomération,Hors intersection,Normale,Deux véhicules - arrière,4,2,2,0,1,1,1,0,1,50,2,2,1,0,0,1,31.0,23.0,voiture,deux_roues,1,2,1,1,2
201900033233,2019-10-03 12:50:00,2019,10,3,12,50,34,34172,SORBES (RUE DE LAS,43.61432,3.84856,Plein jour,En agglomération,Hors intersection,Normale,Autre collision,4,2,2,0,1,3,1,0,1,50,1,2,1,0,1,0,66.0,,voiture,,1,2,1,1,6
201900033234,2019-10-02 10:20:00,2019,10,2,10,20,34,34172,HEIDELBERG (AVENUE DE),43.62558,3.81279,Plein jour,En agglomération,Hors intersection,Normale,Autre collision,4,2,2,0,1,1,1,0,1,50,1,5,1,0,1,3,90.0,,voiture,,1,2,1,1,6
201900033235,2019-10-03 09:30:00,2019,10,3,9,30,21,21231,JEANNE D'ARC (BOULEVARD),47.32087,5.06527,Plein jour,En agglomération,Intersection en T,Normale,Deux véhicules - côté,4,2,2,0,1,1,1,0,1,50,2,2,1,0,1,0,30.0,22.0,deux_roues,voiture,1,2,3,1,3
201900033236,2019-10-01 16:30:00,2019,10,1,16,30,987,98735,DESTREMEAU (RUE BLOC IMPRIMERIE JUVENTIN,17.542,149.0,Plein jour,En agglomération,Intersection en X,Normale,Deux véhicules - côté,4,2,2,0,1,1,1,5,1,30,2,2,1,0,0,1,39.0,17.0,deux_roues,deux_roues,1,2,2,1,3
201900033237,2019-10-03 08:15:00,2019,10,3,8,15,974,97411,MAZAGRAN (RUE),-20.88951,55.4562,Plein jour,En agglomération,Hors intersection,Normale,Autre collision,4,1,2,0,1,2,1,0,1,50,1,2,1,0,0,1,42.0,,voiture,,1,2,1,1,6
201900033238,2019-10-03 07:00:00,2019,10,3,7,0,974,97407,JACQUES DUCLOS (RUE) - RIVIERE DES GAL  ,-20.95867,55.314,Plein jour,En agglomération,Intersection en X,Normale,Deux véhicules - côté,4,2,2,0,1,1,1,0,1,50,2,2,1,0,0,1,35.0,21.0,voiture,deux_roues,1,2,2,1,3
201900033239,2019-10-04 09:55:00,2019,10,4,9,55,973,97302,14 ET 22 JUIN 1962,4.932989,-52.3268777,Plein jour,En agglomération,Autre intersection,Normale,Deux véhicules - arrière,4,1,1,0,1,2,1,0,1,50,2,2,1,0,0,1,35.0,42.0,deux_roues,voiture,1,2,9,1,2
201900033240,2019-10-04 11:50:00,2019,10,4,11,50,69,69386,GERMAIN                             (R ),45.76518,4.86583,Plein jour,En agglomération,Intersection en X,Normale,Deux véhicules - côté,4,1,1,0,1,1,1,5,1,50,2,2,1,0,0,1,32.0,16.0,voiture,deux_roues,1,2,2,1,3
201900033241,2019-10-04 13:45:00,2019,10,4,13,45,69,69387,CHEVREUL                            (R ),45.74751,4.8426,Plein jour,En agglomération,Hors intersection,Temps couvert,Deux véhicules - arrière,4,1,1,0,1,1,1,0,1,50,2,2,1,0,0,1,33.0,39.0,voiture,deux_roues,1,2,1,8,2
201900033242,2019-10-04 08:55:00,2019,10,4,8,55,69,69387,GUILLOTIERE (DE LA)                 (GR),45.7521,4.84664,Plein jour,En agglomération,Intersection en X,Normale,Autre collision,4,2,5,0,1,1,1,0,1,50,2,3,2,0,0,1,20.0,50.0,voiture,deux_roues,1,2,2,1,6
201900033243,2019-10-03 19:05:00,2019,10,3,19,5,972,97209,CLUNY (ROUTE DE),14.61255,-61.08009,Nuit avec éclairage non allumé,En agglomération,Hors intersection,Normale,Sans collision,3,2,2,0,2,1,1,0,2,50,1,1,0,0,0,1,34.0,,deux_roues,,4,2,1,1,7
201900033244,2019-10-03 16:45:00,2019,10,3,16,45,972,97209,BALATA (ROUTE DE),14.66596,-61.08878,Plein jour,Hors agglomération,Hors intersection,Normale,Autre collision,2,2,2,0,1,1,1,0,1,80,1,2,1,0,0,1,31.0,,voiture,,1,1,1,1,6
201900033245,2019-10-02 21:25:00,2019,10,2,21,25,972,97209,BEAUSEJOUR JAMBETTE (ROUTE),14.63161,-61.04958,Nuit sans éclairage public,Hors agglomération,Hors intersection,Normale,Deux véhicules - frontale,3,2,2,0,2,1,1,0,1,50,2,2,0,0,0,2,71.0,32.0,voiture,voiture,3,1,1,1,1