accident_id,datetime,annee,mois,jour,heure,minute,departement,commune_insee,adresse,latitude,longitude,luminosite,agglomeration,intersection,meteo,collision,catr,circ,nbv,vosp,prof,plan,surf,infra,situ,vma,nb_vehicules,nb_usagers,nb_indemnes,nb_tues,nb_blesses_hosp,nb_blesses_legers,age_cond_1,age_cond_2,veh_type_cond_1,veh_type_cond_2,lum_code,agg_code,int_code,atm_code,col_code
201900033429,2019-06-24 15:45:00,2019,6,24,15,45,6,06123,DE GAULLE GENERAL AVENUE,43.66332,7.19385,Plein jour,En agglomération,Hors intersection,Normale,Deux véhicules - arrière,4,2,2,0,1,1,1,0,1,50,2,3,2,0,0,1,19.0,73.0,deux_roues,utilitaire_camion,1,2,1,1,2
201900033430,2019-06-19 04:57:00,2019,6,19,4,57,6,06027,GARE AVENUE DE LA,43.65844,7.14819,Nuit avec éclairage allumé,En agglomération,Intersection en X,Normale,Deux véhicules - côté,7,-1,2,0,1,1,1,0,1,50,2,2,1,0,1,0,20.0,32.0,voiture,deux_roues,5,2,2,1,3
201900033431,2019-06-24 14:50:00,2019,6,24,14,50,5,05023,FONTENIL (ROUTE DU),44.903099,6.6541,Plein jour,En agglomération,Hors intersection,Normale,Autre collision,3,2,2,0,2,4,1,0,1,30,1,2,1,0,0,1,20.0,,utilitaire_camion,,1,2,1,1,6
201900033432,2019-06-23 03:48:00,2019,6,23,3,48,75,75117,PLACE DE LA PORTE MAILLOT,48.878158,2.284131,Nuit avec éclairage allumé,En agglomération,Place,Normale,Autre collision,4,1,5,0,1,2,1,8,1,50,1,1,0,0,1,0,40.0,,deux_roues,,5,2,7,1,6
201900033433,2019-06-24 08:50:00,2019,6,24,8,50,75,75120,COURS DE VINCENNES,48.847087,2.411472,Plein jour,En agglomération,Giratoire,Normale,Deux véhicules - côté,4,2,8,3,1,1,1,5,1,50,2,4,3,0,0,1,31.0,57.0,utilitaire_camion,deux_roues,1,2,6,1,3
201900033434,2019-06-24 19:10:00,2019,6,24,19,10,75,75118,BOULEVARD ORNANO,48.896979,2.345167,Plein jour,En agglomération,Hors intersection,Temps éblouissant,Deux véhicules - côté,4,2,6,0,1,1,1,0,1,50,2,2,1,0,0,1,56.0,57.0,voiture,deux_roues,1,2,1,7,3
201900033435,2019-06-24 19:30:00,2019,6,24,19,30,75,75107,AVENUE DE SUFFREN,48.8479,2.306157,Plein jour,En agglomération,Intersection en X,Normale,Autre collision,4,2,3,0,1,1,1,0,1,50,1,2,1,0,0,1,30.0,,voiture,,1,2,2,1,6
201900033436,2019-06-24 11:45:00,2019,6,24,11,45,75,75115,RUE DE VAUGIRARD,48.838742,2.299237,Plein jour,En agglomération,Intersection en T,Normale,Autre collision,4,1,2,3,4,1,1,0,1,50,1,2,1,0,0,1,21.0,,utilitaire_camion,,1,2,3,1,6
201900033437,2019-06-24 10:12:00,2019,6,24,10,12,75,75113,BOULEVARD SAINT JACQUES,48.831602,2.341241,Plein jour,En agglomération,Intersection en X,Normale,Deux véhicules - côté,4,3,5,0,2,1,1,0,1,50,2,6,0,0,0,6,34.0,24.0,voiture,utilitaire_camion,1,2,2,1,3
201900033438,2019-06-24 10:05:00,2019,6,24,10,5,75,75114,RUE D ALESIA,48.829385,2.322313,Plein jour,En agglomération,Hors intersection,Normale,Autre collision,4,2,3,3,1,1,1,0,1,50,1,2,1,0,0,1,30.0,,deux_roues,,1,2,1,1,6
201900033439,2019-06-24 09:00:00,2019,6,24,9,0,75,75112,QUAI DE BERCY,48.833501,2.382073,Plein jour,En agglomération,Intersection en X,Temps éblouissant,Deux véhicules - côté,4,3,4,0,1,1,1,2,1,50,2,2,1,0,0,1,56.0,54.0,voiture,voiture,1,2,2,7,3
201900033440,2019-06-23 23:00:00,2019,6,23,23,0,75,75112,RUE DE LYON,48.84665,2.372032,Nuit avec éclairage allumé,En agglomération,Intersection en X,Normale,Autre collision,4,2,3,0,1,1,1,9,1,50,1,3,1,0,0,2,42.0,,voiture,,5,2,2,1,6
201900033441,2019-06-24 19:30:00,2019,6,24,19,30,75,75111,BOULEVARD VOLTAIRE,48.864228,2.369337,Plein jour,En agglomération,Hors intersection,Normale,Autre collision,4,2,4,1,1,1,1,0,5,30,1,2,1,0,0,1,59.0,,deux_roues,,1,2,1,1,6
201900033442,2019-06-24 09:47:00,2019,6,24,9,47,75,75108,RUE ROYALE,48.868383,2.323281,Plein jour,En agglomération,Intersection en X,Normale,Sans collision,4,2,6,3,1,1,1,0,1,50,1,1,0,0,0,1,41.0,,deux_roues,,1,2,2,1,7
201900033443,2019-06-23 19:55:00,2019,6,23,19,55,75,75108,BOULEVARD MALESHERBES,48.878426,2.315599,Plein jour,En agglomération,Intersection en X,Normale,Deux véhicules - côté,4,2,6,0,2,1,1,0,1,50,2,2,1,0,0,1,15.0,26.0,deux_roues,voiture,1,2,2,1,3
201900033444,2019-06-24 19:58:00,2019,6,24,19,58,75,75107,QUAI D ORSAY,48.86289,2.315196,Plein jour,En agglomération,Intersection en T,Normale,Deux véhicules - arrière,4,2,0,0,1,1,1,8,1,50,2,2,1,0,0,1,60.0,39.0,voiture,voiture,1,2,3,1,2
201900033445,2019-06-24 14:07:00,2019,6,24,14,7,75,75104,BOULEVARD BOURDON,48.850015,2.366872,Plein jour,En agglomération,Hors intersection,Normale,Deux véhicules - côté,4,2,0,1,1,1,1,0,5,50,2,2,1,0,0,1,52.0,27.0,deux_roues,voiture,1,2,1,1,3
201900033446,2019-06-24 11:30:00,2019,6,24,11,30,75,75103,RUE SAINT GILLES,48.857705,2.367355,Plein jour,En agglomération,Intersection en X,Normale,Autre collision,4,1,1,0,1,1,1,0,1,50,1,2,1,0,0,1,30.0,,utilitaire_camion,,1,2,2,1,6
201900033447,2019-06-23 13:25:00,2019,6,23,13,25,75,75103,RUE DU VERTBOIS,48.866422,2.360327,Plein jour,En agglomération,Intersection en T,Normale,Autre collision,4,1,1,0,1,1,1,0,1,50,1,2,1,0,0,1,33.0,,voiture,,1,2,3,1,6
201900033448,2019-06-24 17:55:00,2019,6,24,17,55,75,75101,PONT NEUF,48.85685,2.341137,Plein jour,En agglomération,Intersection en T,Normale,Deux véhicules - côté,4,2,3,0,1,1,1,0,1,50,2,2,1,0,0,1,37.0,59.0,voiture,deux_roues,1,2,3,1,3
201900033449,2019-06-22 01:15:00,2019,6,22,1,15,75,75101,RUE DE RIVOLI,48.863713,2.332277,Nuit avec éclairage allumé,En agglomération,Place,Normale,Deux véhicules - côté,4,1,3,0,1,1,1,0,1,50,2,2,1,0,0,1,28.0,28.0,voiture,deux_roues,5,2,7,1,3
201900033450,2019-06-24 09:00:00,2019,6,24,9,0,94,94067,ANDRE-VIVIEN (rue ROBERT),48.834,2.413,Plein jour,En agglomération,Hors intersection,Normale,Autre collision,4,1,1,0,1,1,1,0,1,50,1,2,1,0,0,1,34.0,,utilitaire_camion,,1,2,1,1,6
201900033451,2019-06-23 00:50:00,2019,6,23,0,50,94,94067,FOCH (AV),48.84573,2.41928,Nuit avec éclairage allumé,En agglomération,Hors intersection,Normale,Deux véhicules - côté,3,-1,2,0,1,1,1,0,1,50,2,2,1,0,0,1,47.0,17.0,voiture,deux_roues,5,2,1,1,3
201900033452,2019-06-24 08:30:00,2019,6,24,8,30,94,94078,PRESIDENT JOHN FITZGERALD KENNEDY (AV DU,48.733,2.462,Plein jour,En agglomération,Hors intersection,Normale,Trois véhicules et plus - en chaîne,4,1,2,0,1,1,1,0,1,50,3,5,3,0,0,2,19.0,37.0,voiture,voiture,1,2,1,1,4
201900033453,2019-06-23 21:10:00,2019,6,23,21,10,94,94058,LEDRU ROLLIN (AV),48.84479,2.507665,Plein jour,En agglomération,Hors intersection,Normale,Autre collision,3,2,2,0,1,1,1,0,1,50,1,1,0,0,0,1,21.0,,deux_roues,,1,2,1,1,6
201900033454,2019-06-24 07:10:00,2019,6,24,7,10,94,94021,STALINGRAD (AV DE),48.77238,2.36765,Plein jour,En agglomération,Intersection en X,Normale,Deux véhicules - côté,3,1,8,1,1,1,1,0,1,50,2,2,1,0,0,1,18.0,37.0,voiture,voiture,1,2,2,1,3
201900033455,2019-06-24 18:00:00,2019,6,24,18,0,94,94033,MARECHAL DE LATTRE DE TASSIGNY (AV DU),48.85348,2.49375,Plein jour,En agglomération,Hors intersection,Normale,Trois véhicules et plus - en chaîne,3,1,3,0,1,1,1,0,1,50,5,5,4,0,0,1,52.0,32.0,utilitaire_camion,voiture,1,2,1,1,4
201900033456,2019-06-24 16:30:00,2019,6,24,16,30,94,94004,GENERAL LECLERC (AV),48.75987,2.49921,Plein jour,En agglomération,Hors intersection,Temps éblouissant,Autre collision,2,1,3,0,1,1,1,3,1,90,1,2,0,0,2,0,23.0,,deux_roues,,1,2,1,7,6
201900033457,2019-06-23 20:45:00,2019,6,23,20,45,93,93070,MICHELET(AV):N°1AU 103,48.90679,2.34412,Plein jour,En agglomération,Hors intersection,Normale,Deux véhicules - frontale,4,2,4,0,1,1,1,0,1,50,2,2,1,0,0,1,52.0,26.0,voiture,deux_roues,1,2,1,1,1
201900033458,2019-05-30 23:30:00,2019,5,30,23,30,93,93066,GARENNE,48.9417,2.3853,Nuit avec éclairage allumé,En agglomération,Intersection en X,Normale,Deux véhicules - côté,4,2,2,0,1,1,1,0,1,30,2,2,1,0,0,1,30.0,31.0,voiture,deux_roues,5,2,2,1,3
201900033459,2019-06-24 09:00:00,2019,6,24,9,0,93,93051,PAVE NEUF (AVENUE),48.83807,2.56064,Plein jour,Hors agglomération,Autre intersection,Normale,Autre collision,3,-1,0,3,1,1,1,0,1,30,1,2,1,0,0,1,38.0,,voiture,,1,1,9,1,6
201900033460,2019-06-23 22:45:00,2019,6,23,22,45,93,93048,FRANCOIS ARAGO (RUE),48.85306,2.42789,Nuit avec éclairage non allumé,En agglomération,Intersection en T,Normale,Deux véhicules - côté,4,2,0,0,1,1,1,0,1,50,2,2,1,0,0,1,31.0,17.0,deux_roues,deux_roues,4,2,3,1,3
201900033461,2019-06-23 02:20:00,2019,6,23,2,20,93,93006,CARNOT RUE SADI,48.87622,2.42617,Nuit avec éclairage allumé,En agglomération,Intersection à plus de 4 branches,Normale,Deux véhicules - côté,3,4,0,0,2,1,1,0,1,50,2,2,1,0,0,1,24.0,42.0,utilitaire_camion,deux_roues,5,2,5,1,3
201900033462,2019-06-24 17:00:00,2019,6,24,17,0,93,93027,CONVENTION (RUE DE LA),48.9276,2.3922,Plein jour,En agglomération,Hors intersection,Normale,Deux véhicules - arrière,3,2,2,0,1,1,1,0,1,50,2,3,2,0,0,1,23.0,36.0,voiture,voiture,1,2,1,1,2
201900033463,2019-06-23 22:45:00,2019,6,23,22,45,93,93066,"""PERI GABRIEL, NR 116 A 144 ET 135 A 149",48.94345,2.35701,Nuit avec éclairage allumé,En agglomération,Autre intersection,Normale,Deux véhicules - frontale,9,-1,0,3,1,1,1,4,6,50,2,2,1,0,1,0,21.0,34.0,voiture,deux_roues,5,2,9,1,1
201900033464,2019-06-24 13:30:00,2019,6,24,13,30,93,93001,PRESIDENT ROOSEVELT (AVENUE DU),48.91754,2.37936,Plein jour,En agglomération,Hors intersection,Normale,Deux véhicules - côté,3,-1,2,0,1,1,1,0,1,50,2,2,1,0,0,1,19.0,24.0,voiture,deux_roues,1,2,1,1,3
201900033465,2019-06-24 07:10:00,2019,6,24,7,10,93,93001,JEAN JAURES (AVE)  215 =>,48.91597,2.40534,Crépuscule ou aube,En agglomération,Hors intersection,Normale,Autre collision,3,2,4,0,1,1,1,0,1,50,1,1,0,0,0,1,,,,,2,2,1,1,6
201900033466,2019-06-24 16:50:00,2019,6,24,16,50,92,92051,GENERAL LECLERC (BOULEVARD DU N° 29 A 65,48.88764,2.25896,Plein jour,En agglomération,Hors intersection,Normale,Deux véhicules - arrière,3,2,4,0,1,1,1,0,1,50,2,2,1,0,0,1,56.0,29.0,voiture,deux_roues,1,2,1,1,2
201900033467,2019-06-23 05:55:00,2019,6,23,5,55,92,92025,PAUL BERT (RUE),48.91,2.263,Crépuscule ou aube,En agglomération,Hors intersection,Normale,Deux véhicules - frontale,3,2,2,0,1,1,1,0,1,50,2,2,0,0,0,2,52.0,38.0,voiture,voiture,2,2,1,1,1
201900033468,2019-06-22 15:45:00,2019,6,22,15,45,92,92025,CHARLES DE GAULLE (BD),48.9138196,2.2300241,Plein jour,En agglomération,Hors intersection,Normale,Deux véhicules - frontale,3,2,3,1,1,1,1,0,1,50,2,1,0,0,0,1,29.0,,deux_roues,,1,2,1,1,1
201900033469,2019-06-22 14:25:00,2019,6,22,14,25,92,92023,PORTE DE TRIVAUX (RUE DE) N°57 A 197 ET,48.78642,2.24397,Plein jour,En agglomération,Hors intersection,Normale,Deux véhicules - côté,3,2,2,0,1,1,1,0,1,50,2,2,1,0,1,0,85.0,9.0,voiture,deux_roues,1,2,1,1,3
201900033470,2019-06-24 10:15:00,2019,6,24,10,15,92,92023,GENERAL DE GAULLE (AVENUE DU),48.7771388,2.2312646,Plein jour,En agglomération,Hors intersection,Normale,Autre collision,3,1,1,0,1,1,1,8,1,30,1,2,1,0,1,0,49.0,,utilitaire_camion,,1,2,1,1,6
201900033471,2019-06-24 14:35:00,2019,6,24,14,35,92,92012,ANATOLE FRANCE (BOULEVARD) 1/4BIS,48.85058,2.23629,Plein jour,En agglomération,Hors intersection,Normale,Deux véhicules - arrière,4,2,2,0,1,1,1,0,1,50,2,2,1,0,0,1,37.0,58.0,deux_roues,voiture,1,2,1,1,2
201900033472,2019-06-24 14:20:00,2019,6,24,14,20,1,01383,D1083 PK 032.550,46.0922796,5.1191957,Plein jour,Hors agglomération,Hors intersection,Normale,Deux véhicules - frontale,3,2,5,0,1,1,1,0,3,90,2,3,1,0,2,0,47.0,68.0,utilitaire_camion,voiture,1,1,1,1,1
201900033473,2019-06-25 03:25:00,2019,6,25,3,25,22,22361,La Ribotée,48.6107813,-2.9608859,Nuit sans éclairage public,Hors agglomération,Hors intersection,Pluie forte,Sans collision,3,2,2,0,1,2,2,0,3,80,1,1,0,0,1,0,19.0,,voiture,,3,1,1,3,7
201900033474,2019-06-04 06:40:00,2019,6,4,6,40,33,33332,Route du Périgord,45.03262,0.01618,Plein jour,Hors agglomération,Hors intersection,Temps éblouissant,Autre collision,3,2,2,0,1,1,1,0,3,70,1,1,0,0,1,0,27.0,,voiture,,1,1,1,7,6
201900033475,2019-06-24 17:15:00,2019,6,24,17,15,57,57060,Rue de la Laiterie,48.90677,6.751727,Plein jour,En agglomération,Intersection en T,Temps éblouissant,Deux véhicules - côté,4,2,2,0,1,1,1,0,1,50,2,2,1,0,1,0,49.0,39.0,deux_roues,utilitaire_camion,1,2,3,7,3
201900033476,2019-06-19 18:30:00,2019,6,19,18,30,67,67362,Col du Haut-Koenigsbourg -- RD159,48.247018,7.333693,Plein jour,Hors agglomération,Hors intersection,Normale,Sans collision,3,2,2,0,2,2,1,0,3,80,1,1,0,0,1,0,53.0,,deux_roues,,1,1,1,1,7
201900033477,2019-06-24 23:45:00,2019,6,24,23,45,974,97412,Rue Raphaël Babet,-21.379394,55.62064,Nuit sans éclairage public,En agglomération,Hors intersection,Pluie légère,Autre collision,2,2,2,0,1,1,2,0,3,50,1,2,1,0,1,0,24.0,,voiture,,3,2,1,2,6
201900033478,2019-06-25 11:00:00,2019,6,25,11,0,29,29140,PK 106+600 RN 165,48.3838206,-4.3200038,Plein jour,Hors agglomération,Hors intersection,Normale,Sans collision,2,3,4,0,1,1,1,0,3,110,1,1,0,0,1,0,49.0,,voiture,,1,1,1,1,7
201900033479,2019-06-23 17:16:00,2019,6,23,17,16,17,17376,RD 137,46.223663,-1.021809,Plein jour,Hors agglomération,Hors intersection,Normale,Trois véhicules et plus - en chaîne,3,2,2,0,3,1,1,0,1,80,4,5,3,0,0,2,29.0,19.0,voiture,voiture,1,1,1,1,4
201900033480,2019-06-25 13:50:00,2019,6,25,13,50,51,51326,RUE DE LA RENAISSANCE,49.1174203,4.3111383,Plein jour,Hors agglomération,Intersection en Y,Normale,Deux véhicules - arrière,3,2,-1,-1,1,1,1,0,1,-1,2,2,1,0,1,0,49.0,35.0,deux_roues,voiture,1,1,4,1,2
201900033481,2019-06-25 07:50:00,2019,6,25,7,50,62,62043,chemin latérale,50.900921,1.942396,Plein jour,En agglomération,Hors intersection,Normale,Deux véhicules - arrière,9,2,2,0,1,1,1,0,1,50,2,2,1,1,0,0,28.0,66.0,voiture,deux_roues,1,2,1,1,2
201900033482,2019-06-25 15:25:00,2019,6,25,15,25,60,60176,DÉPARTEMANTALE 1324,49.2337773,2.9236391,Plein jour,Hors agglomération,Intersection en T,Normale,Trois véhicules et plus - collisions multiples,3,2,2,0,1,1,1,0,1,80,3,3,1,0,1,1,69.0,34.0,transport_commun,voiture,1,1,3,1,5
201900033483,2019-06-24 10:45:00,2019,6,24,10,45,30,30125,Route de Bouillargues,43.789037,4.428993,Plein jour,Hors agglomération,Hors intersection,Normale,Autre collision,3,2,2,0,1,1,1,0,3,80,1,1,0,0,0,1,69.0,,voiture,,1,1,1,1,6
201900033484,2019-06-25 09:30:00,2019,6,25,9,30,59,59094,Route de Coppenaxfort Cd 2,50.953546,2.262653,Plein jour,Hors agglomération,Intersection en T,Normale,Deux véhicules - arrière,3,2,2,0,1,4,1,5,1,70,2,3,1,0,1,1,69.0,18.0,voiture,deux_roues,1,1,3,1,2
201900033485,2019-06-22 05:30:00,2019,6,22,5,30,2A,2A130,Col de Saint-Georges,41.884002,8.934182,Crépuscule ou aube,Hors agglomération,Hors intersection,Normale,Deux véhicules - frontale,2,2,1,0,2,1,1,0,1,80,2,2,0,0,1,1,41.0,39.0,voiture,voiture,2,1,1,1,1
201900033486,2019-06-24 11:45:00,2019,6,24,11,45,71,71580,1936 route du moulin,46.662959,5.219291,Plein jour,Hors agglomération,Hors intersection,Normale,Deux véhicules - côté,3,2,2,0,1,1,1,0,1,80,2,1,0,0,0,1,19.0,,deux_roues,,1,1,1,1,3
201900033487,2019-06-25 13:15:00,2019,6,25,13,15,89,89201,Carrefour RD203-RD91,47.923403,3.652432,Plein jour,En agglomération,Intersection en X,Normale,Deux véhicules - côté,3,2,2,0,2,1,1,0,1,50,2,3,2,0,1,0,35.0,47.0,voiture,deux_roues,1,2,2,1,3
201900033488,2019-06-24 19:45:00,2019,6,24,19,45,63,63034,Chemin de Saint-Aventin,45.813771,3.295027,Plein jour,En agglomération,Intersection en T,Normale,Deux véhicules - côté,4,2,2,0,1,1,1,0,1,50,2,2,1,0,1,0,15.0,53.0,deux_roues,voiture,1,2,3,1,3
201900033489,2019-06-24 08:15:00,2019,6,24,8,15,61,61464,carrefour RD438/238,48.612292,0.165739,Plein jour,Hors agglomération,Intersection en X,Pluie légère,Deux véhicules - côté,3,2,2,0,1,3,2,0,1,70,2,2,1,0,0,1,21.0,50.0,voiture,voiture,1,1,2,2,3
201900033490,2019-06-25 15:20:00,2019,6,25,15,20,12,12270,Route du Dépôt (Sévérac-le-Château),44.321797,3.056035,Plein jour,En agglomération,Hors intersection,Normale,Deux véhicules - frontale,4,2,2,0,1,2,1,0,1,50,2,2,1,0,0,1,61.0,15.0,voiture,deux_roues,1,2,1,1,1
201900033491,2019-06-23 09:40:00,2019,6,23,9,40,47,47065,LIEU DIT RIGAU,44.361182,0.37094,Plein jour,Hors agglomération,Hors intersection,Normale,Autre collision,3,2,2,0,2,1,1,0,8,80,1,1,0,1,0,0,24.0,,deux_roues,,1,1,1,1,6
201900033492,2019-06-25 07:55:00,2019,6,25,7,55,34,34139,Lieu dit La ribaute,43.4006239,3.2289773,Plein jour,Hors agglomération,Intersection en T,Normale,Deux véhicules - arrière,3,2,2,0,1,1,1,0,1,80,2,2,1,0,1,0,53.0,55.0,deux_roues,voiture,1,1,3,1,2
201900033493,2019-06-24 08:30:00,2019,6,24,8,30,39,39149,,47.020857,5.717431,Plein jour,En agglomération,Hors intersection,Normale,Deux véhicules - frontale,3,2,2,0,1,3,1,0,1,50,2,2,1,0,1,0,61.0,26.0,deux_roues,voiture,1,2,1,1,1
201900033494,2019-06-25 07:25:00,2019,6,25,7,25,25,25434,D492,47.096104,6.156865,Plein jour,Hors agglomération,Hors intersection,Normale,Sans collision,3,2,2,0,2,4,1,0,3,80,1,1,0,0,1,0,25.0,,deux_roues,,1,1,1,1,7
201900033495,2019-06-23 10:40:00,2019,6,23,10,40,31,31396,RD 19,43.355673,1.62284,Plein jour,Hors agglomération,Giratoire,Normale,Deux véhicules - arrière,3,2,2,0,1,1,1,0,1,80,2,2,1,0,1,0,32.0,71.0,deux_roues,deux_roues,1,1,6,1,2
201900033496,2019-06-25 19:40:00,2019,6,25,19,40,1,01115,L'Efondras,46.259657,5.036697,Plein jour,Hors agglomération,Intersection en X,Normale,Deux véhicules - côté,3,2,2,0,1,1,1,0,1,70,2,2,0,0,2,0,85.0,48.0,voiture,deux_roues,1,1,2,1,3
201900033497,2019-06-19 10:15:00,2019,6,19,10,15,66,66106,RD618,42.4902658,2.8026526,Plein jour,En agglomération,Giratoire,Normale,Deux véhicules - côté,3,-1,2,0,1,1,1,5,1,50,2,2,1,0,1,0,65.0,43.0,voiture,deux_roues,1,2,6,1,3
201900033498,2019-06-24 17:15:00,2019,6,24,17,15,9,09032,RN20,42.700455,1.834185,Plein jour,Hors agglomération,Hors intersection,Normale,Deux véhicules - frontale,2,2,2,0,1,3,1,0,1,80,2,11,3,0,2,6,63.0,71.0,voiture,voiture,1,1,1,1,1
201900033499,2019-06-20 16:20:00,2019,6,20,16,20,45,45272,RTE DE LA SAUSSAYE,47.808146,1.952384,Plein jour,Hors agglomération,Hors intersection,Normale,Deux véhicules - frontale,4,2,2,0,1,1,1,0,1,80,2,2,0,0,1,1,28.0,45.0,deux_roues,voiture,1,1,1,1,1
201900033500,2019-06-23 13:00:00,2019,6,23,13,0,53,53211,La Petite Chevillardière,48.354057,-0.841807,Plein jour,Hors agglomération,Hors intersection,Normale,Autre collision,3,2,2,0,1,2,9,0,3,80,1,1,0,0,1,0,81.0,,voiture,,1,1,1,1,6
201900033501,2019-06-25 10:00:00,2019,6,25,10,0,53,53147,rond point des déportés,48.302558,-0.61096,Plein jour,En agglomération,Giratoire,Normale,Sans collision,3,2,2,0,1,1,1,0,1,50,1,2,1,0,1,0,52.0,,voiture,,1,2,6,1,7
201900033502,2019-06-23 01:25:00,2019,6,23,1,25,40,40228,Route de Tastoa,43.620642,-0.855677,Nuit sans éclairage public,Hors agglomération,Hors intersection,Normale,Sans collision,3,2,2,0,1,1,1,0,3,80,1,5,4,0,1,0,19.0,,voiture,,3,1,1,1,7
201900033503,2019-06-23 19:30:00,2019,6,23,19,30,91,91047,D191,48.503874,2.372066,Plein jour,Hors agglomération,Intersection en T,Normale,Deux véhicules - côté,3,2,2,0,1,1,1,0,1,80,2,2,1,0,1,0,48.0,53.0,deux_roues,voiture,1,1,3,1,3
201900033504,2019-06-25 08:00:00,2019,6,25,8,0,39,39476,,47.015161,5.37441,Plein jour,Hors agglomération,Intersection en X,Normale,Deux véhicules - côté,3,2,2,0,1,1,1,5,1,80,2,3,1,0,1,1,67.0,25.0,utilitaire_camion,utilitaire_camion,1,1,2,1,3
201900033505,2019-06-24 19:00:00,2019,6,24,19,0,6,06088,A8 NICE PK 203.500 SUD,43.73789,7.323264,Plein jour,Hors agglomération,Hors intersection,Normale,Sans collision,1,3,5,0,2,1,1,1,1,110,1,1,0,0,1,0,20.0,,deux_roues,,1,1,1,1,7
201900033506,2019-06-24 20:00:00,2019,6,24,20,0,34,34031,"a9, pk 147+900",43.37674,3.419804,Plein jour,Hors agglomération,Hors intersection,Normale,Autre collision,1,3,4,3,1,1,1,0,2,90,1,1,0,1,0,0,53.0,,utilitaire_camion,,1,1,1,1,6
201900033507,2019-05-21 16:50:00,2019,5,21,16,50,51,51054,RUE DU NEUF BOURG,49.2895921,4.374986,Plein jour,En agglomération,Hors intersection,Normale,Deux véhicules - arrière,3,2,2,0,1,1,1,0,1,50,2,2,1,0,1,0,57.0,49.0,voiture,transport_commun,1,2,1,1,2
201900033508,2019-06-25 09:55:00,2019,6,25,9,55,977,97701,RT209 - camaruche,17.906675,-62.817419,Plein jour,En agglomération,Hors intersection,Normale,Autre collision,3,2,2,0,2,1,1,0,1,50,1,2,0,0,1,1,51.0,,deux_roues,,1,2,1,1,6
201900033509,2019-06-25 03:25:00,2019,6,25,3,25,13,13040,D46,43.461893,5.563924,Nuit avec éclairage allumé,Hors agglomération,Hors intersection,Normale,Autre collision,3,2,2,0,1,3,1,0,1,80,1,1,0,0,1,0,40.0,,voiture,,5,1,1,1,6
201900033510,2019-06-23 14:20:00,2019,6,23,14,20,13,13104,avenue de l'europe,43.332091,5.113721,Plein jour,En agglomération,Hors intersection,Temps éblouissant,Deux véhicules - côté,3,2,2,0,1,1,1,0,1,50,2,2,1,0,1,0,35.0,22.0,deux_roues,voiture,1,2,1,7,3
201900033511,2019-06-24 17:15:00,2019,6,24,17,15,91,91200,Rue de la Gambade,48.542677,1.994376,Plein jour,Hors agglomération,Autre intersection,Normale,Deux véhicules - côté,3,2,2,0,1,1,1,0,1,80,2,3,2,0,1,0,60.0,28.0,deux_roues,utilitaire_camion,1,1,9,1,3
201900033512,2019-06-17 14:20:00,2019,6,17,14,20,78,78128,d24,48.679508,1.945257,Plein jour,Hors agglomération,Hors intersection,Normale,Deux véhicules - côté,3,2,2,0,1,1,1,0,1,70,2,2,1,0,0,1,57.0,34.0,deux_roues,utilitaire_camion,1,1,1,1,3
201900033513,2019-06-25 16:43:00,2019,6,25,16,43,34,34199,avenue de Verdun,43.452808,3.419498,Plein jour,En agglomération,Autre intersection,Normale,Deux véhicules - frontale,3,2,2,0,1,1,1,0,1,50,2,3,2,0,1,0,60.0,60.0,voiture,deux_roues,1,2,9,1,1
201900033514,2019-06-24 10:25:00,2019,6,24,10,25,84,84129,Chemin de Sève,43.996312,4.894627,Plein jour,En agglomération,Hors intersection,Normale,Deux véhicules - côté,4,2,2,0,1,1,1,0,1,50,2,3,2,0,1,0,40.0,28.0,utilitaire_camion,voiture,1,2,1,1,3
201900033515,2019-06-24 16:38:00,2019,6,24,16,38,83,83112,RD 559,43.158034,5.732292,Plein jour,Hors agglomération,Hors intersection,Normale,Deux véhicules - côté,3,2,2,0,1,3,1,0,1,80,2,3,0,0,0,3,62.0,20.0,voiture,voiture,1,1,1,1,3
201900033516,2019-06-25 04:45:00,2019,6,25,4,45,13,13067,RD7N - PK 16.830 décroissant,43.787689,5.046267,Nuit sans éclairage public,Hors agglomération,Hors intersection,Normale,Deux véhicules - frontale,3,2,2,0,1,1,1,0,1,80,2,2,0,0,1,1,25.0,26.0,voiture,voiture,3,1,1,1,1
201900033517,2019-06-24 15:45:00,2019,6,24,15,45,25,25047,Espl du Breuil,47.35131,6.358584,Plein jour,En agglomération,Intersection en T,Normale,Sans collision,3,-1,2,0,1,1,1,5,1,30,1,2,1,0,1,0,20.0,,voiture,,1,2,3,1,7
201900033518,2019-06-24 14:15:00,2019,6,24,14,15,88,88078,avenue de Lattre de Tassigny,48.207639,6.718022,Plein jour,En agglomération,Intersection en T,Normale,Deux véhicules - côté,3,2,2,0,1,2,1,5,1,50,2,2,1,0,1,0,78.0,52.0,voiture,utilitaire_camion,1,2,3,1,3
201900033519,2019-06-24 16:05:00,2019,6,24,16,5,54,54195,RD2d,48.616889,6.407213,Plein jour,Hors agglomération,Hors intersection,Normale,Sans collision,3,2,2,0,4,3,1,0,8,80,1,1,0,0,0,1,47.0,,voiture,,1,1,1,1,7
201900033520,2019-06-24 13:50:00,2019,6,24,13,50,57,57207,Rue André Gide,49.117922,6.8713,Plein jour,En agglomération,Hors intersection,Normale,Autre collision,4,3,2,0,2,2,1,6,1,50,1,2,1,0,1,0,34.0,,voiture,,1,2,1,1,6