accident_id,datetime,annee,mois,jour,heure,minute,departement,commune_insee,adresse,latitude,longitude,luminosite,agglomeration,intersection,meteo,collision,catr,circ,nbv,vosp,prof,plan,surf,infra,situ,vma,nb_vehicules,nb_usagers,nb_indemnes,nb_tues,nb_blesses_hosp,nb_blesses_legers,age_cond_1,age_cond_2,veh_type_cond_1,veh_type_cond_2,lum_code,agg_code,int_code,atm_code,col_code
201900033887,2019-08-26 20:45:00,2019,8,26,20,45,86,86070,La vallee Moreau,46.549419,0.691969,Crépuscule ou aube,Hors agglomération,Hors intersection,Normale,Autre collision,4,2,2,0,2,1,1,0,1,80,1,1,0,0,1,0,63.0,,deux_roues,,2,1,1,1,6
201900033888,2019-08-31 17:00:00,2019,8,31,17,0,67,67220,Rue Principale,48.733725,7.519983,Plein jour,En agglomération,Hors intersection,Normale,Deux véhicules - côté,3,2,2,0,1,3,1,0,1,50,2,2,1,0,1,0,50.0,30.0,voiture,deux_roues,1,2,1,1,3
201900033889,2019-09-03 10:30:00,2019,9,3,10,30,6,06022,Route de Nice,43.81579,7.119781,Plein jour,Hors agglomération,Hors intersection,Normale,Autre collision,3,2,2,0,1,4,1,0,1,80,1,1,0,0,1,0,53.0,,deux_roues,,1,1,1,1,6
201900033890,2019-09-02 12:10:00,2019,9,2,12,10,83,83073,Avenue Rouget de l'Isle,43.392025,6.320434,Plein jour,En agglomération,Intersection en X,Normale,Sans collision,4,2,2,0,1,1,1,0,1,30,1,2,1,0,1,0,67.0,,voiture,,1,2,2,1,7
201900033891,2019-09-01 01:55:00,2019,9,1,1,55,82,82109,Condourine,44.059146,0.974508,Nuit sans éclairage public,Hors agglomération,Hors intersection,Normale,Autre collision,3,2,2,0,1,2,1,0,3,70,1,4,2,0,2,0,38.0,,voiture,,3,1,1,1,6
201900033892,2019-09-02 09:50:00,2019,9,2,9,50,69,69169,Les Quatre Vents,45.98126,4.37309,Plein jour,Hors agglomération,Hors intersection,Normale,Trois véhicules et plus - en chaîne,3,2,2,0,2,1,1,0,1,-1,3,3,2,0,1,0,47.0,28.0,utilitaire_camion,utilitaire_camion,1,1,1,1,4
201900033893,2019-09-03 18:07:00,2019,9,3,18,7,49,49215,carrefour rd 347 d 178,47.101903,-0.098491,Plein jour,Hors agglomération,Intersection en X,Normale,Deux véhicules - frontale,3,2,2,0,1,1,1,5,1,80,2,3,0,1,0,2,26.0,19.0,voiture,voiture,1,1,2,1,1
201900033894,2019-09-03 10:38:00,2019,9,3,10,38,49,49218,D201,47.260488,-1.04567,Plein jour,Hors agglomération,Hors intersection,Normale,Deux véhicules - frontale,3,2,2,0,2,4,1,0,1,80,2,2,0,0,2,0,36.0,30.0,voiture,voiture,1,1,1,1,1
201900033895,2019-09-03 11:45:00,2019,9,3,11,45,68,68046,RD 14 B4,47.789241,7.024819,Plein jour,Hors agglomération,Hors intersection,Normale,Deux véhicules - frontale,3,2,2,0,2,4,1,0,1,80,2,4,3,0,1,0,27.0,38.0,deux_roues,voiture,1,1,1,1,1
201900033896,2019-08-31 22:00:00,2019,8,31,22,0,44,44007,La Fitière,47.664569,-1.959756,Nuit sans éclairage public,Hors agglomération,Passage à niveau,Normale,Deux véhicules - frontale,9,2,2,0,1,1,1,4,8,80,2,2,1,0,1,0,60.0,42.0,voiture,transport_commun,3,1,8,1,1
201900033897,2019-09-02 12:30:00,2019,9,2,12,30,35,35338,La Peurais,48.068206,-1.288294,Plein jour,Hors agglomération,Hors intersection,Normale,Deux véhicules - frontale,3,2,2,0,2,1,1,0,1,80,2,2,1,0,1,0,71.0,43.0,voiture,utilitaire_camion,1,1,1,1,1
201900033898,2019-08-30 15:00:00,2019,8,30,15,0,35,35246,La Halte,48.534278,-1.807713,Plein jour,Hors agglomération,Intersection en X,Normale,Deux véhicules - côté,3,2,2,0,1,1,1,0,1,80,2,3,1,0,1,1,47.0,24.0,voiture,voiture,1,1,2,1,3
201900033899,2019-09-01 15:48:00,2019,9,1,15,48,35,35319,N24,48.046033,-1.928856,Plein jour,Hors agglomération,Hors intersection,Normale,Sans collision,2,3,4,0,1,2,1,0,3,110,1,4,1,0,0,3,52.0,,voiture,,1,1,1,1,7
201900033900,2019-03-02 19:30:00,2019,3,2,19,30,77,77288,D636 X BRET.ACCES D605,48.55194,2.66759,Nuit avec éclairage allumé,Hors agglomération,Intersection en T,Normale,Deux véhicules - côté,3,2,3,0,1,1,1,2,1,80,2,2,1,0,1,0,17.0,34.0,deux_roues,voiture,5,1,3,1,3
201900033901,2019-03-03 18:00:00,2019,3,3,18,0,76,76351,VERDUN (RUE DE),49.50244,0.17281,Plein jour,En agglomération,Intersection en X,Normale,Deux véhicules - arrière,3,2,2,0,1,1,1,0,1,50,2,2,1,0,1,0,21.0,17.0,voiture,deux_roues,1,2,2,1,2
201900033902,2019-03-03 16:25:00,2019,3,3,16,25,76,76351,IRENE JOLIOT CURIE (RUE),49.5146,0.10478,Plein jour,En agglomération,Intersection en T,Normale,Deux véhicules - côté,3,2,2,0,1,1,1,0,1,50,2,2,1,0,1,0,41.0,74.0,deux_roues,voiture,1,2,3,1,3
201900033903,2019-03-04 08:05:00,2019,3,4,8,5,76,76565,BRUYERES (CHEMIN DES),49.90748,1.06836,Plein jour,En agglomération,Hors intersection,Pluie forte,Autre collision,4,2,2,0,1,1,2,9,2,30,1,2,1,0,0,1,66.0,,voiture,,1,2,1,3,6
201900033904,2019-03-04 16:50:00,2019,3,4,16,50,69,69029,PIERRE BROSSOLETTE                  (AV),45.7401,4.92075,Plein jour,En agglomération,Hors intersection,Normale,Autre collision,4,2,2,0,1,1,1,6,2,30,1,2,1,0,0,1,71.0,,utilitaire_camion,,1,2,1,1,6
201900033905,2019-03-04 05:55:00,2019,3,4,5,55,64,64260,POHOTENIA (RUE DE),43.3736417,-1.7600247,Nuit avec éclairage allumé,En agglomération,Hors intersection,Pluie légère,Deux véhicules - côté,4,2,2,0,1,2,2,0,1,50,2,2,1,0,0,1,39.0,57.0,voiture,voiture,5,2,1,2,3
201900033906,2019-03-04 12:10:00,2019,3,4,12,10,64,64445,Avenue Jean Mermoz,43.3210539,-0.3790163,Plein jour,En agglomération,Hors intersection,Temps couvert,Autre collision,6,-1,-1,0,1,1,1,0,1,10,1,2,1,0,1,0,41.0,,voiture,,1,2,1,8,6
201900033907,2019-02-27 19:15:00,2019,2,27,19,15,62,62274,ALLEMANDS (CHE. DES),50.4313,2.96407,Nuit sans éclairage public,Hors agglomération,Hors intersection,Normale,Deux véhicules - frontale,4,2,2,0,1,1,1,0,1,50,2,2,1,0,0,1,41.0,66.0,deux_roues,voiture,3,1,1,1,1
201900033908,2019-02-15 17:45:00,2019,2,15,17,45,59,59378,DE GAULLE RUE DU GENERAL,50.66261,3.07391,Plein jour,En agglomération,Giratoire,Normale,Autre collision,7,2,2,0,1,1,1,0,1,50,1,2,0,0,1,1,47.0,,voiture,,1,2,6,1,6
201900033909,2019-02-10 06:40:00,2019,2,10,6,40,59,59350,CAMBRAI RUE DE N°PAIRS,50.62436,3.0698,Nuit avec éclairage allumé,En agglomération,Hors intersection,Normale,Deux véhicules - arrière,4,2,2,0,1,1,1,0,1,50,2,2,1,0,0,1,26.0,,deux_roues,utilitaire_camion,5,2,1,1,2
201900033910,2019-03-01 13:10:00,2019,3,1,13,10,52,52448,ROND POINT DE MARNAVAL,48.62249,4.99378,Plein jour,Hors agglomération,Autre intersection,Pluie légère,Sans collision,4,-1,0,0,1,2,2,0,1,50,1,1,0,0,0,1,27.0,,deux_roues,,1,1,9,2,7
201900033911,2019-03-04 17:45:00,2019,3,4,17,45,51,51454,RUE CERES,49.25663,4.03729,Plein jour,En agglomération,Hors intersection,Pluie légère,Sans collision,4,2,2,0,1,1,2,0,1,50,1,2,1,0,0,1,32.0,,voiture,,1,2,1,2,7
201900033912,2019-03-04 06:00:00,2019,3,4,6,0,51,51454,RUE GUSTAVE LAURENT,49.2539,4.0511,Nuit avec éclairage allumé,En agglomération,Hors intersection,Pluie légère,Deux véhicules - côté,4,2,2,0,1,1,2,0,1,50,2,2,1,0,0,1,59.0,45.0,deux_roues,voiture,5,2,1,2,3
201900033913,2019-03-03 09:45:00,2019,3,3,9,45,51,51454,PLACE DES COMBATTANTS D'AFN,49.2195754,4.0211625,Plein jour,En agglomération,Giratoire,Normale,Trois véhicules et plus - en chaîne,3,1,2,1,1,2,1,0,1,50,3,3,1,0,0,2,55.0,45.0,voiture,deux_roues,1,2,6,1,4
201900033914,2019-03-04 07:50:00,2019,3,4,7,50,50,50502,LATTRE DE TASSIGNY (Maréchal De),49.10986,-1.07454,Plein jour,En agglomération,Hors intersection,Pluie légère,Deux véhicules - arrière,4,2,2,0,1,1,2,0,1,50,2,2,1,0,0,1,48.0,44.0,voiture,utilitaire_camion,1,2,1,2,2
201900033915,2019-03-01 22:20:00,2019,3,1,22,20,49,49007,ESTIENNE D'ORVES BOULEVARD,47.45566,-0.52994,Nuit avec éclairage allumé,En agglomération,Hors intersection,Normale,Deux véhicules - côté,4,-1,1,0,1,1,1,0,1,30,2,3,2,0,0,1,57.0,21.0,voiture,voiture,5,2,1,1,3
201900033916,2019-03-01 13:15:00,2019,3,1,13,15,49,49007,PORTET BOULEVARD,47.45029,-0.55873,Plein jour,En agglomération,Giratoire,Normale,Deux véhicules - côté,4,-1,2,0,1,3,1,9,1,30,2,2,1,0,0,1,,28.0,voiture,deux_roues,1,2,6,1,3
201900033917,2019-03-04 17:40:00,2019,3,4,17,40,45,45234,ROUTE D'OLIVET,47.8816,1.90351,Plein jour,En agglomération,Hors intersection,Normale,Deux véhicules - arrière,4,2,2,0,1,1,2,0,1,50,2,3,1,0,0,2,49.0,16.0,voiture,deux_roues,1,2,1,1,2
201900033918,2019-03-04 14:10:00,2019,3,4,14,10,42,42183,LAROIX (RUE DU CAPORAL),45.405316,4.366897,Plein jour,En agglomération,Hors intersection,Normale,Autre collision,4,1,1,0,1,1,1,0,1,30,1,2,1,0,0,1,34.0,,voiture,,1,2,1,1,6
201900033919,2019-03-03 12:35:00,2019,3,3,12,35,42,42095,RD 500,45.38861,4.30103,Plein jour,Hors agglomération,Hors intersection,Normale,Autre collision,3,1,1,0,1,1,1,0,1,50,1,1,0,0,0,1,20.0,,voiture,,1,1,1,1,6
201900033920,2019-03-02 16:00:00,2019,3,2,16,0,41,41295,TAILLES (AVENUE DES),47.59505,1.38913,Plein jour,En agglomération,Intersection en X,Normale,Deux véhicules - côté,4,2,2,0,1,1,1,5,1,50,2,2,1,0,0,1,64.0,47.0,voiture,deux_roues,1,2,2,1,3
201900033921,2019-03-04 15:20:00,2019,3,4,15,20,37,37195,MAIRIE (RUE DE LA),47.388,0.658,Plein jour,En agglomération,Hors intersection,Normale,Autre collision,4,1,1,0,1,1,1,0,1,50,1,2,1,0,0,1,23.0,,voiture,,1,2,1,1,6
201900033922,2019-03-04 07:35:00,2019,3,4,7,35,37,37208,DE LARCAY (RUE),47.36889,0.74993,Crépuscule ou aube,En agglomération,Hors intersection,Pluie légère,Sans collision,4,2,2,0,1,1,2,0,1,50,1,1,0,0,0,1,30.0,,deux_roues,,2,2,1,2,7
201900033923,2019-03-04 10:45:00,2019,3,4,10,45,35,35278,RD 137,48.1745,-1.7185,Plein jour,Hors agglomération,Autre intersection,Pluie légère,Deux véhicules - côté,3,1,1,0,1,1,2,3,1,50,2,2,0,0,0,2,87.0,36.0,voiture,voiture,1,1,9,2,3
201900033924,2019-03-04 10:00:00,2019,3,4,10,0,35,35238,POSTUMINUS,48.10328,-1.68921,Plein jour,En agglomération,Hors intersection,Pluie légère,Deux véhicules - arrière,4,2,2,3,1,1,2,0,1,50,2,4,2,0,0,2,39.0,47.0,utilitaire_camion,deux_roues,1,2,1,2,2
201900033925,2019-03-04 13:36:00,2019,3,4,13,36,34,34172,MAURIN (AVENUE DE,43.5997,3.87571,Plein jour,En agglomération,Intersection en X,Normale,Deux véhicules - côté,4,-1,2,0,1,1,1,0,1,50,2,2,1,0,0,1,28.0,38.0,utilitaire_camion,deux_roues,1,2,2,1,3
201900033926,2019-03-03 21:25:00,2019,3,3,21,25,31,31555,AV DE LATTRE DE TASSIGNY,43.57735,1.43638,Nuit avec éclairage allumé,En agglomération,Intersection en T,Normale,Deux véhicules - côté,4,1,2,0,1,1,1,0,1,50,2,3,1,0,0,2,24.0,31.0,voiture,voiture,5,2,3,1,3
201900033927,2019-03-03 04:20:00,2019,3,3,4,20,31,31557,BD VINCENT AURIOL,43.58531,1.34533,Nuit sans éclairage public,En agglomération,Hors intersection,Normale,Autre collision,4,2,2,0,1,1,1,0,1,50,1,2,0,0,0,2,20.0,,voiture,,3,2,1,1,6
201900033928,2019-03-01 19:25:00,2019,3,1,19,25,31,31555,RD901,43.61412,1.38734,Nuit sans éclairage public,Hors agglomération,Hors intersection,Normale,Autre collision,3,3,4,0,1,2,1,0,1,90,1,1,0,0,0,1,34.0,,voiture,,3,1,1,1,6
201900033929,2019-02-22 07:05:00,2019,2,22,7,5,29,29051,RN 165,48.00314,-4.057058,Nuit sans éclairage public,Hors agglomération,Hors intersection,Normale,Sans collision,2,2,4,0,2,1,1,0,1,110,1,1,0,0,0,1,32.0,,voiture,,3,1,1,1,7
201900033930,2019-03-03 12:05:00,2019,3,3,12,5,29,29232,PONT L'ABBE ROUTE DE,47.9808333,-4.1212528,Plein jour,En agglomération,Hors intersection,Pluie forte,Deux véhicules - côté,4,2,2,0,1,1,2,0,1,50,2,2,1,0,0,1,42.0,68.0,deux_roues,voiture,1,2,1,3,3
201900033931,2019-02-27 17:45:00,2019,2,27,17,45,25,25388,BETHONCOURT (ROUTE DE ),47.53004,6.81023,Crépuscule ou aube,En agglomération,Hors intersection,Normale,Autre collision,3,2,2,0,1,1,1,0,1,50,1,2,1,0,1,0,61.0,,voiture,,2,2,1,1,6
201900033932,2019-02-26 08:40:00,2019,2,26,8,40,22,22278,CHALOTAIS (BD LA),48.5144107,-2.7555621,Plein jour,En agglomération,Hors intersection,Normale,Autre collision,4,1,1,0,1,1,1,0,1,50,1,2,1,0,0,1,50.0,,voiture,,1,2,1,1,6
201900033933,2019-02-27 13:40:00,2019,2,27,13,40,22,22113,CORDIERS (RUE DES),48.73197,-3.44311,Plein jour,En agglomération,Autre intersection,Normale,Deux véhicules - côté,4,2,2,1,1,3,1,0,1,30,2,2,1,0,1,0,69.0,31.0,voiture,deux_roues,1,2,9,1,3
201900033934,2019-03-02 00:20:00,2019,3,2,0,20,19,19031,COURTELINE (RUE),45.15159,1.54313,Nuit avec éclairage allumé,En agglomération,Hors intersection,Normale,Autre collision,4,2,2,0,1,2,1,0,1,30,1,1,0,0,1,0,29.0,,voiture,,5,2,1,1,6
201900033935,2019-03-04 16:45:00,2019,3,4,16,45,14,14118,VENDEUVRE (QUAI),49.1819417,-0.3535502,Plein jour,En agglomération,Intersection en X,Normale,Autre collision,4,2,3,0,1,1,1,0,1,50,1,2,1,0,0,1,39.0,,voiture,,1,2,2,1,6
201900033936,2019-03-04 17:25:00,2019,3,4,17,25,13,13209,CASSIS (ANCIEN CHEMIN DE),43.26,5.41,Plein jour,En agglomération,Autre intersection,Normale,Deux véhicules - arrière,4,2,2,0,1,1,1,0,1,30,2,2,1,0,0,1,36.0,25.0,deux_roues,voiture,1,2,9,1,2
201900033937,2019-03-04 07:15:00,2019,3,4,7,15,13,13215,SAINT ANTOINE (AVENUE DE),43.375508,5.355893,Plein jour,En agglomération,Hors intersection,Normale,Trois véhicules et plus - collisions multiples,4,2,2,0,1,1,1,0,1,50,4,5,1,0,0,4,46.0,42.0,voiture,utilitaire_camion,1,2,1,1,5
201900033938,2019-03-03 13:00:00,2019,3,3,13,0,13,13215,DE SAINT LOUIS AU ROVE (chemin),43.3488,5.35542,Plein jour,En agglomération,Hors intersection,Normale,Deux véhicules - côté,7,2,2,0,1,1,1,0,2,50,2,1,0,0,0,1,27.0,,voiture,,1,2,1,1,3
201900033939,2019-03-04 09:00:00,2019,3,4,9,0,10,10297,ANATOLE FRANCE (RUE),48.32071,4.09736,Plein jour,En agglomération,Hors intersection,Vent fort / tempête,Autre collision,4,2,2,0,1,1,1,0,1,50,1,1,0,0,0,1,17.0,,deux_roues,,1,2,1,6,6
201900033940,2019-03-02 22:40:00,2019,3,2,22,40,10,10343,CHATEAU DES COURS (RUE DU),48.26969,4.08865,Nuit avec éclairage allumé,En agglomération,Hors intersection,Normale,Sans collision,4,2,2,0,1,1,1,0,1,50,1,1,0,0,0,1,54.0,,voiture,,5,2,1,1,7
201900033941,2019-03-04 14:30:00,2019,3,4,14,30,6,06004,BIOT (CD.4) RTE DE,43.61617,7.11606,Plein jour,En agglomération,Hors intersection,Normale,Deux véhicules - frontale,3,2,2,0,2,1,1,0,1,50,2,3,0,0,2,1,45.0,31.0,utilitaire_camion,voiture,1,2,1,1,1
201900033942,2019-03-04 13:20:00,2019,3,4,13,20,75,75118,RUE DE CLIGNANCOURT,48.884155,2.347107,Plein jour,En agglomération,Hors intersection,Pluie légère,Deux véhicules - arrière,4,1,2,0,1,1,2,0,1,50,2,2,1,0,0,1,52.0,39.0,utilitaire_camion,utilitaire_camion,1,2,1,2,2
201900033943,2019-03-04 09:20:00,2019,3,4,9,20,75,75118,BOULEVARD ORNANO,48.893663,2.347949,Plein jour,En agglomération,Intersection en Y,Temps couvert,Autre collision,4,-1,4,1,1,1,2,9,5,50,2,1,0,0,0,1,42.0,,deux_roues,,1,2,4,8,6
201900033944,2019-03-03 21:15:00,2019,3,3,21,15,75,75116,AVENUE DU MAHATMA GANDHI,48.875598,2.261274,Nuit avec éclairage allumé,En agglomération,Hors intersection,Pluie légère,Deux véhicules - côté,4,2,2,0,1,1,2,0,1,50,2,2,1,0,0,1,66.0,34.0,voiture,deux_roues,5,2,1,2,3
201900033945,2019-03-03 18:05:00,2019,3,3,18,5,75,75114,RUE JULIA BARTET,48.825458,2.302308,Crépuscule ou aube,En agglomération,Intersection en X,Normale,Deux véhicules - côté,4,2,4,0,1,1,1,0,1,50,2,2,1,0,0,1,21.0,45.0,deux_roues,voiture,2,2,2,1,3
201900033946,2019-03-04 20:15:00,2019,3,4,20,15,75,75111,RUE SEDAINE,48.855692,2.371667,Nuit avec éclairage allumé,En agglomération,Intersection en X,Normale,Deux véhicules - côté,4,1,1,0,2,1,1,0,1,30,2,3,1,0,0,2,36.0,32.0,deux_roues,utilitaire_camion,5,2,2,1,3
201900033947,2019-03-04 13:40:00,2019,3,4,13,40,75,75111,PASSAGE PIVER,48.870416,2.374597,Plein jour,En agglomération,Hors intersection,Temps couvert,Autre collision,4,1,1,0,1,1,2,0,1,50,1,2,1,0,0,1,52.0,,utilitaire_camion,,1,2,1,8,6
201900033948,2019-03-04 12:45:00,2019,3,4,12,45,75,75111,RUE DE L ORILLON,48.870739,2.378174,Plein jour,En agglomération,Intersection en X,Pluie légère,Autre collision,4,1,1,0,2,1,2,0,1,30,1,2,1,0,0,1,43.0,,voiture,,1,2,2,2,6
201900033949,2019-03-03 01:40:00,2019,3,3,1,40,75,75102,BOULEVARD MONTMARTRE,48.87155,2.342675,Nuit avec éclairage allumé,En agglomération,Hors intersection,Normale,Sans collision,4,2,3,0,1,1,1,0,1,50,1,1,0,0,0,1,30.0,,deux_roues,,5,2,1,1,7
201900033950,2019-03-03 14:55:00,2019,3,3,14,55,94,94081,GUY MOQUET (AV),48.789,2.397,Plein jour,En agglomération,Intersection en X,Normale,Deux véhicules - côté,4,2,2,0,1,1,1,0,1,50,2,3,2,0,0,1,20.0,90.0,voiture,voiture,1,2,2,1,3
201900033951,2019-03-03 20:55:00,2019,3,3,20,55,94,94074,JULIEN DURANTON (avenue),48.75493,2.45364,Nuit avec éclairage allumé,En agglomération,Hors intersection,Pluie légère,Deux véhicules - côté,3,2,2,0,1,1,2,0,1,50,2,3,0,0,0,3,51.0,34.0,voiture,voiture,5,2,1,2,3
201900033952,2019-02-04 21:25:00,2019,2,4,21,25,94,94068,PONT DE CRETEIL (R DU),48.8,2.47,Nuit avec éclairage allumé,En agglomération,Hors intersection,Normale,Autre collision,3,1,2,0,1,1,1,0,1,50,1,2,1,0,0,1,30.0,,voiture,,5,2,1,1,6
201900033953,2019-02-08 22:45:00,2019,2,8,22,45,94,94046,JEAN JAURES (R),48.7974,2.4333,Nuit avec éclairage allumé,En agglomération,Intersection en T,Pluie légère,Deux véhicules - côté,3,2,4,0,1,1,2,5,1,50,2,3,2,0,0,1,28.0,22.0,voiture,deux_roues,5,2,3,2,3
201900033954,2019-03-03 19:20:00,2019,3,3,19,20,94,94076,MAXIME GORKI (BD),48.79568,2.36864,Nuit avec éclairage allumé,En agglomération,Autre intersection,Normale,Deux véhicules - arrière,3,3,2,0,1,1,1,0,1,50,2,3,2,0,0,1,38.0,25.0,voiture,deux_roues,5,2,9,1,2
201900033955,2019-01-16 22:40:00,2019,1,16,22,40,94,94033,STALINGRAD (AV DE),48.85267,2.44924,Nuit avec éclairage allumé,En agglomération,Autre intersection,Pluie légère,Deux véhicules - côté,4,2,2,0,1,1,2,0,1,50,2,2,1,0,0,1,24.0,43.0,voiture,deux_roues,5,2,9,2,3
201900033956,2019-03-04 14:55:00,2019,3,4,14,55,94,94022,JEAN JAURES (R),48.76583,2.40994,Plein jour,En agglomération,Hors intersection,Pluie forte,Deux véhicules - arrière,3,3,2,0,1,1,2,8,1,50,2,2,1,0,0,1,64.0,23.0,voiture,voiture,1,2,1,3,2
201900033957,2019-03-04 12:00:00,2019,3,4,12,0,94,94018,PARIS (R DE),48.82878,2.40448,Plein jour,En agglomération,Intersection en T,Pluie légère,Trois véhicules et plus - collisions multiples,3,2,2,0,1,1,2,0,1,30,3,3,2,0,0,1,62.0,49.0,voiture,voiture,1,2,3,2,5
201900033958,2019-03-04 06:50:00,2019,3,4,6,50,94,94017,SALVADOR ALLENDE (AV),48.8085,2.5519,Nuit avec éclairage allumé,En agglomération,Hors intersection,Normale,Trois véhicules et plus - en chaîne,3,3,2,1,1,1,1,5,1,50,3,3,2,0,0,1,35.0,23.0,voiture,utilitaire_camion,5,2,1,1,4
201900033959,2019-03-04 08:10:00,2019,3,4,8,10,93,93072,MAXIME GORKI (BOULEVARD) DES N°1 AU 87,48.9431,2.3872,Plein jour,En agglomération,Hors intersection,Vent fort / tempête,Deux véhicules - côté,3,2,6,3,1,1,1,0,1,50,2,2,1,0,0,1,29.0,35.0,voiture,utilitaire_camion,1,2,1,6,3
201900033960,2019-03-03 22:40:00,2019,3,3,22,40,93,93070,GABRIEL-PERI (AV),48.90806,2.3336,Nuit avec éclairage allumé,En agglomération,Hors intersection,Vent fort / tempête,Deux véhicules - côté,3,2,2,0,1,1,2,0,1,50,2,2,1,0,0,1,22.0,57.0,deux_roues,voiture,5,2,1,6,3
201900033961,2019-03-04 07:30:00,2019,3,4,7,30,93,93064,PERI (BOULEVARD GABRIEL) 39 / 44 - FIN,48.8787,2.4724,Plein jour,En agglomération,Hors intersection,Temps couvert,Deux véhicules - côté,3,2,2,0,1,1,1,0,1,50,2,2,1,0,0,1,28.0,28.0,voiture,voiture,1,2,1,8,3
201900033962,2019-02-07 19:35:00,2019,2,7,19,35,93,93055,JEAN LOLIVE (AVENUE)(1/55 2/60),48.892695,2.411641,Nuit avec éclairage allumé,En agglomération,Hors intersection,Normale,Autre collision,3,2,6,0,1,1,1,0,1,50,1,2,1,0,0,1,60.0,,voiture,,5,2,1,1,6
201900033963,2019-02-06 14:45:00,2019,2,6,14,45,93,93055,CARTIER BRESSON DU 1/39.2/44,48.9029,2.3971,Plein jour,En agglomération,Hors intersection,Normale,Deux véhicules - arrière,4,-1,2,0,1,1,1,0,1,50,2,1,0,0,0,1,51.0,,deux_roues,,1,2,1,1,2
201900033964,2019-02-03 18:20:00,2019,2,3,18,20,93,93046,JEAN BAPTISTE CLEMENT RUE,48.910021,2.532644,Nuit avec éclairage allumé,En agglomération,Intersection en X,Normale,Deux véhicules - côté,4,1,1,0,1,1,1,0,1,45,2,2,1,0,0,1,27.0,,voiture,,5,2,2,1,3
201900033965,2019-02-02 03:30:00,2019,2,2,3,30,93,93046,JEAN JAURES BOULEVARD,48.916181,2.530705,Nuit avec éclairage allumé,En agglomération,Intersection en T,Pluie légère,Deux véhicules - côté,3,1,2,0,1,1,2,0,1,50,2,1,0,0,0,1,27.0,,utilitaire_camion,,5,2,3,2,3
201900033966,2019-03-03 22:03:00,2019,3,3,22,3,93,93014,GAGNY (ALLEE DE),48.90534,2.54893,Nuit avec éclairage allumé,En agglomération,Intersection à plus de 4 branches,Pluie forte,Deux véhicules - côté,3,2,8,0,1,1,2,8,2,50,2,2,1,0,0,1,40.0,27.0,voiture,voiture,5,2,5,3,3
201900033967,2019-03-04 17:34:00,2019,3,4,17,34,93,93008,VARSOVIE (RUE DE),48.90959,2.46932,Crépuscule ou aube,En agglomération,Intersection en X,Pluie légère,Deux véhicules - côté,4,-1,0,0,1,1,2,0,1,50,2,2,1,0,0,1,21.0,24.0,deux_roues,utilitaire_camion,2,2,2,2,3
201900033968,2019-01-24 14:30:00,2019,1,24,14,30,92,92064,MARCEL DASSAULT,48.854807,2.22279,Plein jour,En agglomération,Hors intersection,Normale,Deux véhicules - frontale,3,2,3,0,1,1,1,0,1,50,2,2,1,0,1,0,58.0,44.0,deux_roues,deux_roues,1,2,1,1,1
201900033969,2019-03-04 21:10:00,2019,3,4,21,10,92,92050,SAULES RUE DES,48.909218,2.216475,Nuit avec éclairage allumé,En agglomération,Intersection en T,Normale,Deux véhicules - côté,3,2,2,0,1,1,1,0,1,50,2,2,1,0,0,1,34.0,21.0,utilitaire_camion,deux_roues,5,2,3,1,3
201900033970,2019-02-16 17:50:00,2019,2,16,17,50,92,92050,PICASSO PABLO AVENUE,48.89104,2.2158,Crépuscule ou aube,En agglomération,Hors intersection,Normale,Deux véhicules - frontale,4,2,2,0,1,1,1,0,1,50,2,3,1,0,0,2,28.0,46.0,voiture,deux_roues,2,2,1,1,1
201900033971,2019-02-27 22:50:00,2019,2,27,22,50,92,92025,CHARLES DE GAULLE (BD),48.915609,2.227322,Nuit avec éclairage allumé,En agglomération,Hors intersection,Normale,Deux véhicules - arrière,3,1,2,0,1,1,1,0,1,50,2,2,1,0,0,1,23.0,45.0,voiture,voiture,5,2,1,1,2
201900033972,2019-03-02 09:10:00,2019,3,2,9,10,92,92075,RAYMOND MARCHERON (RUE),48.81829,2.28508,Nuit avec éclairage allumé,En agglomération,Intersection en X,Normale,Deux véhicules - côté,4,1,1,0,1,1,2,0,1,50,2,2,1,0,0,1,40.0,41.0,deux_roues,voiture,5,2,2,1,3
201900033973,2019-01-18 17:35:00,2019,1,18,17,35,92,92060,GALILEE (AVENUE),48.77308,2.24516,Nuit avec éclairage allumé,En agglomération,Hors intersection,Pluie légère,Deux véhicules - arrière,4,2,2,0,1,3,2,0,1,50,2,2,1,0,0,1,36.0,35.0,deux_roues,voiture,5,2,1,2,2
201900033974,2019-03-03 10:27:00,2019,3,3,10,27,92,92014,MARECHAL JOFFRE (BD DU) (43 A 97 - 58 A,48.7823192,2.3147146,Plein jour,En agglomération,Intersection en T,Normale,Autre collision,3,1,2,0,2,1,1,0,1,50,1,2,1,0,0,1,44.0,,voiture,,1,2,3,1,6
201900033975,2019-03-03 21:00:00,2019,3,3,21,0,22,22223,RD 767 PR 027+700,48.571198,-3.210351,Nuit sans éclairage public,Hors agglomération,Hors intersection,Pluie légère,Deux véhicules - côté,3,3,4,0,1,3,2,0,1,110,2,4,1,0,0,3,21.0,20.0,voiture,voiture,3,1,1,2,3
201900033976,2019-03-03 20:30:00,2019,3,3,20,30,30,30288,route nationale,44.1996776,4.6257355,Nuit sans éclairage public,Hors agglomération,Hors intersection,Normale,Deux véhicules - côté,2,2,2,0,1,1,1,0,1,80,2,2,0,0,1,1,24.0,25.0,deux_roues,voiture,3,1,1,1,3