accident_id,datetime,annee,mois,jour,heure,minute,departement,commune_insee,adresse,latitude,longitude,luminosite,agglomeration,intersection,meteo,collision,catr,circ,nbv,vosp,prof,plan,surf,infra,situ,vma,nb_vehicules,nb_usagers,nb_indemnes,nb_tues,nb_blesses_hosp,nb_blesses_legers,age_cond_1,age_cond_2,veh_type_cond_1,veh_type_cond_2,lum_code,agg_code,int_code,atm_code,col_code
201900034069,2019-02-26 10:00:00,2019,2,26,10,0,974,97411,RIVIERE DES PLUIES (ROUTE DE LA),-20.9020396,55.5027634,Plein jour,En agglomération,Giratoire,Normale,Deux véhicules - côté,2,1,1,0,1,1,1,5,1,50,2,2,1,0,0,1,56.0,50.0,voiture,deux_roues,1,2,6,1,3
201900034070,2019-02-24 11:00:00,2019,2,24,11,0,974,97411,NICE (RUE DE),-20.87284,55.4512,Plein jour,En agglomération,Intersection en X,Normale,Deux véhicules - côté,4,1,1,1,1,1,1,9,1,50,2,2,1,0,0,1,40.0,55.0,voiture,deux_roues,1,2,2,1,3
201900034071,2019-03-01 07:50:00,2019,3,1,7,50,974,97409,Route Nationale 2,-21.34366,55.49686,Nuit sans éclairage public,Hors agglomération,Hors intersection,Normale,Sans collision,3,2,0,0,1,1,1,0,1,70,1,2,1,0,1,0,20.0,,voiture,,3,1,1,1,7
201900034072,2019-02-28 18:08:00,2019,2,28,18,8,974,97409,1er SECT STA,-20.97469,55.68166,Plein jour,En agglomération,Intersection en T,Normale,Deux véhicules - côté,4,2,2,0,1,2,1,0,1,50,2,2,1,0,0,1,25.0,,autre,,1,2,3,1,3
201900034073,2019-03-02 10:30:00,2019,3,2,10,30,974,97407,Rue de Cherbourg,-20.9385883,55.2966195,Plein jour,En agglomération,Intersection en Y,Normale,Autre collision,4,1,2,3,1,1,1,0,1,20,1,2,1,0,0,1,54.0,,transport_commun,,1,2,4,1,6
201900034074,2019-03-01 16:20:00,2019,3,1,16,20,974,97407,RUE THEODORE DROUET,-20.94598,55.31749,Plein jour,En agglomération,Intersection en X,Normale,Trois véhicules et plus - collisions multiples,4,2,2,0,1,1,1,0,1,50,3,4,3,0,0,1,45.0,72.0,voiture,voiture,1,2,2,1,5
201900034075,2019-03-01 09:30:00,2019,3,1,9,30,974,97407,RUE VERLAINE,-20.9375,55.3158,Plein jour,Hors agglomération,Hors intersection,Normale,Deux véhicules - côté,4,2,2,0,1,1,1,0,3,50,2,2,1,0,0,1,19.0,62.0,deux_roues,voiture,1,1,1,1,3
201900034076,2019-02-27 19:45:00,2019,2,27,19,45,973,97302,ESTREES (AVENUE D'),4.9417219,-52.3208642,Nuit avec éclairage non allumé,En agglomération,Hors intersection,Normale,Autre collision,3,1,2,0,1,1,1,9,1,50,1,2,1,0,0,1,77.0,,voiture,,4,2,1,1,6
201900034077,2019-04-08 18:15:00,2019,4,8,18,15,92,92002,PROSPER LEGOUTE (1A 29 - 2 A 72),48.7492331,2.2941832,Plein jour,En agglomération,Intersection en T,Normale,Deux véhicules - côté,4,1,1,0,1,1,1,0,1,30,2,2,1,0,0,1,42.0,54.0,transport_commun,deux_roues,1,2,3,1,3
201900034078,2019-04-10 16:50:00,2019,4,10,16,50,2A,2A258,R.D 70,42.210184,8.825673,Plein jour,Hors agglomération,Hors intersection,Pluie légère,Autre collision,3,2,2,0,4,1,2,0,8,80,1,1,0,1,0,0,50.0,,utilitaire_camion,,1,1,1,2,6
201900034079,2019-04-02 14:50:00,2019,4,2,14,50,2A,2A212,Fer à Cheval,42.2556376,8.6697597,Plein jour,Hors agglomération,Hors intersection,Normale,Autre collision,3,2,2,0,2,3,1,0,1,80,1,1,0,0,1,0,54.0,,deux_roues,,1,1,1,1,6
201900034080,2019-04-07 06:35:00,2019,4,7,6,35,66,66164,autoroute A9 PK 240.100,42.801807,2.898469,Crépuscule ou aube,Hors agglomération,Hors intersection,Normale,Sans collision,1,1,3,3,1,1,1,0,1,130,1,2,1,0,0,1,27.0,,voiture,,2,1,1,1,7
201900034081,2019-03-19 11:45:00,2019,3,19,11,45,16,16150,RN141,45.6808969,-0.2895307,Plein jour,Hors agglomération,Hors intersection,Normale,Deux véhicules - côté,2,3,4,0,1,1,1,0,1,110,2,3,2,0,1,0,22.0,25.0,voiture,voiture,1,1,1,1,3
201900034082,2019-04-11 08:13:00,2019,4,11,8,13,41,41148,RD 951,47.63816,1.419815,Plein jour,Hors agglomération,Autre intersection,Normale,Sans collision,3,-1,2,0,1,1,1,0,3,80,1,2,1,0,1,0,35.0,,voiture,,1,1,9,1,7
201900034083,2019-04-11 14:30:00,2019,4,11,14,30,81,81026,RD 999 - PK 29+300,43.9162,2.271858,Plein jour,Hors agglomération,Hors intersection,Pluie légère,Trois véhicules et plus - collisions multiples,3,2,2,0,1,1,2,0,1,80,3,4,0,0,1,3,47.0,39.0,voiture,voiture,1,1,1,2,5
201900034084,2019-04-11 08:15:00,2019,4,11,8,15,54,54151,D18,49.47346,5.735436,Plein jour,Hors agglomération,Hors intersection,Normale,Deux véhicules - arrière,3,2,2,0,1,1,1,0,1,80,2,2,1,0,0,1,26.0,41.0,deux_roues,voiture,1,1,1,1,2
201900034085,2019-04-05 18:55:00,2019,4,5,18,55,35,35139,route nationale 137,47.948505,-1.678153,Plein jour,Hors agglomération,Hors intersection,Pluie légère,Deux véhicules - arrière,2,3,4,3,1,1,1,0,1,110,2,2,1,0,0,1,65.0,22.0,voiture,voiture,1,1,1,2,2
201900034086,2019-04-05 08:35:00,2019,4,5,8,35,74,74272,Route de Bellegarde,45.948945,6.046055,Plein jour,Hors agglomération,Autre intersection,Normale,Deux véhicules - côté,3,2,2,0,2,1,1,0,1,-1,2,2,1,0,0,1,43.0,59.0,voiture,deux_roues,1,1,9,1,3
201900034087,2019-03-20 05:30:00,2019,3,20,5,30,76,76648,Autoroute  28,49.658721,1.283301,Nuit sans éclairage public,Hors agglomération,Hors intersection,Normale,Autre collision,1,3,4,0,2,3,1,0,1,130,1,1,0,0,1,0,39.0,,voiture,,3,1,1,1,6
201900034088,2019-04-11 02:00:00,2019,4,11,2,0,2B,2B143,RT10 - Pont de Sbiri,42.166583,9.525911,Nuit sans éclairage public,Hors agglomération,Hors intersection,Normale,Autre collision,2,2,2,0,3,1,1,0,3,80,1,1,0,1,0,0,36.0,,voiture,,3,1,1,1,6
201900034089,2019-04-10 22:00:00,2019,4,10,22,0,2A,2A006,Route Départementale 81,41.9626249,8.780759,Nuit sans éclairage public,Hors agglomération,Hors intersection,Pluie légère,Deux véhicules - frontale,3,2,2,0,2,3,2,0,1,70,2,3,0,0,0,3,21.0,20.0,voiture,voiture,3,1,1,2,1
201900034090,2019-04-11 20:13:00,2019,4,11,20,13,71,71379,D972 PK 4+900,46.568732,5.295895,Crépuscule ou aube,Hors agglomération,Hors intersection,Normale,Autre collision,3,2,2,0,1,1,1,0,3,80,1,1,0,1,0,0,48.0,,voiture,,2,1,1,1,6
201900034091,2019-04-10 21:10:00,2019,4,10,21,10,89,89360,D4,47.821156,3.36127,Nuit sans éclairage public,Hors agglomération,Intersection en X,Normale,Deux véhicules - côté,3,2,2,0,1,1,1,0,1,80,2,6,1,0,1,4,51.0,46.0,voiture,voiture,3,1,2,1,3
201900034092,2019-04-10 14:55:00,2019,4,10,14,55,39,39470,,46.502886,6.029869,Plein jour,Hors agglomération,Intersection en T,Normale,Deux véhicules - côté,2,2,2,0,2,3,1,5,1,80,2,3,1,0,2,0,65.0,42.0,voiture,utilitaire_camion,1,1,3,1,3
201900034093,2019-04-10 16:25:00,2019,4,10,16,25,31,31584,route de toulouse,43.865266,1.504808,Plein jour,Hors agglomération,Hors intersection,Normale,Trois véhicules et plus - collisions multiples,3,2,2,0,1,1,1,0,1,80,3,3,2,0,1,0,40.0,35.0,voiture,utilitaire_camion,1,1,1,1,5
201900034094,2019-04-10 20:50:00,2019,4,10,20,50,31,31293,10 rue de la mairie,43.710838,1.39339,Nuit avec éclairage allumé,En agglomération,Intersection en X,Pluie légère,Deux véhicules - côté,4,1,1,0,1,1,2,0,1,50,2,2,1,0,1,0,19.0,25.0,deux_roues,voiture,5,2,2,2,3
201900034095,2019-04-11 11:00:00,2019,4,11,11,0,84,84030,D938,44.130178,5.100973,Plein jour,Hors agglomération,Hors intersection,Normale,Sans collision,3,2,2,0,1,4,8,0,1,80,1,1,0,0,1,0,69.0,,deux_roues,,1,1,1,1,7
201900034096,2019-04-09 13:28:00,2019,4,9,13,28,72,72256,La Haie Philippe,48.139555,-0.114414,Plein jour,Hors agglomération,Hors intersection,Normale,Deux véhicules - arrière,3,2,2,0,1,1,1,0,1,90,2,2,1,0,0,1,60.0,82.0,deux_roues,voiture,1,1,1,1,2
201900034097,2019-04-11 16:05:00,2019,4,11,16,5,50,50483,La Landette,49.102738,-1.158014,Plein jour,Hors agglomération,Hors intersection,Normale,Trois véhicules et plus - collisions multiples,3,2,2,0,1,1,1,0,1,80,3,7,4,0,2,1,45.0,54.0,voiture,voiture,1,1,1,1,5
201900034098,2019-04-10 17:10:00,2019,4,10,17,10,16,16405,Ld Le Bois des Bosses,45.514376,-0.107031,Plein jour,Hors agglomération,Hors intersection,Temps éblouissant,Trois véhicules et plus - en chaîne,2,3,4,0,1,1,1,0,1,110,3,3,0,0,0,3,31.0,41.0,utilitaire_camion,utilitaire_camion,1,1,1,7,4
201900034099,2019-04-09 07:15:00,2019,4,9,7,15,40,40287,Route départemntale n°652,44.513413,-1.065832,Crépuscule ou aube,Hors agglomération,Intersection en T,Brouillard / fumée,Deux véhicules - côté,3,2,2,0,1,1,1,0,1,80,2,2,1,0,1,0,54.0,49.0,deux_roues,utilitaire_camion,2,1,3,5,3
201900034100,2019-04-10 13:10:00,2019,4,10,13,10,37,37139,14 Rue Honoré de Balzac,47.392031,0.550429,Plein jour,En agglomération,Hors intersection,Normale,Deux véhicules - frontale,4,2,2,0,2,2,1,0,1,50,2,2,0,0,1,1,18.0,19.0,deux_roues,deux_roues,1,2,1,1,1
201900034101,2019-04-10 11:40:00,2019,4,10,11,40,88,88029,Avenue du Docteur Mathieu (Bains-les-Bains),48.001102,6.267037,Plein jour,En agglomération,Hors intersection,Normale,Autre collision,4,-1,1,0,1,1,1,6,6,-1,1,2,1,0,0,1,19.0,,utilitaire_camion,,1,2,1,1,6
201900034102,2019-04-09 18:19:00,2019,4,9,18,19,13,13044,Montée de la Glacière,43.610267,5.063495,Plein jour,En agglomération,Hors intersection,Normale,Autre collision,4,2,2,0,2,2,1,0,1,50,2,2,1,0,0,1,14.0,14.0,deux_roues,deux_roues,1,2,1,1,6
201900034103,2019-04-11 00:45:00,2019,4,11,0,45,6,06149,A8 PK 207+000 SUD,43.741444,7.331115,Nuit sans éclairage public,Hors agglomération,Hors intersection,Normale,Autre collision,1,3,4,0,2,2,1,8,1,50,1,1,0,1,0,0,36.0,,deux_roues,,3,1,1,1,6
201900034104,2019-04-07 06:30:00,2019,4,7,6,30,34,34166,autoroute A9,43.3625751,3.3701205,Crépuscule ou aube,Hors agglomération,Hors intersection,Pluie légère,Deux véhicules - côté,1,3,3,0,1,1,2,0,1,110,2,4,2,0,1,1,34.0,48.0,voiture,utilitaire_camion,2,1,1,2,3
201900034105,2019-04-06 04:00:00,2019,4,6,4,0,988,98817,177 rue Fernandel - Boulari,-22.22565,166.52215,Nuit avec éclairage allumé,En agglomération,Hors intersection,Normale,Sans collision,4,2,2,0,2,1,1,0,1,50,1,2,0,0,1,1,24.0,,voiture,,5,2,1,1,7
201900034106,2019-04-07 15:00:00,2019,4,7,15,0,3,03187,,46.3061638,3.4443673,Plein jour,Hors agglomération,Hors intersection,Normale,Sans collision,3,2,2,0,1,1,1,0,8,80,1,1,0,0,0,1,40.0,,voiture,,1,1,1,1,7
201900034107,2019-04-10 12:00:00,2019,4,10,12,0,1,01403,D 19,45.82086,5.447687,Plein jour,Hors agglomération,Hors intersection,Normale,Deux véhicules - frontale,3,2,2,0,1,1,1,0,1,80,2,2,0,0,1,1,70.0,81.0,voiture,voiture,1,1,1,1,1
201900034108,2019-04-08 09:30:00,2019,4,8,9,30,31,31263,Rue du Pont de Mont Merly,43.408026,1.385643,Plein jour,En agglomération,Intersection en X,Normale,Deux véhicules - côté,3,2,2,0,1,1,1,5,1,50,2,2,1,0,1,0,58.0,29.0,deux_roues,voiture,1,2,2,1,3
201900034109,2019-04-11 08:26:00,2019,4,11,8,26,19,19146,lieu dit madelmont,45.305289,1.779146,Plein jour,Hors agglomération,Autre intersection,Pluie légère,Autre collision,2,2,2,0,3,2,2,0,3,80,1,1,0,0,1,0,29.0,,voiture,,1,1,9,2,6
201900034110,2019-04-11 12:45:00,2019,4,11,12,45,14,14627,la friche,48.8748571,-0.2534281,Plein jour,Hors agglomération,Hors intersection,Normale,Autre collision,4,2,2,0,1,4,1,0,3,80,1,1,0,1,0,0,62.0,,deux_roues,,1,1,1,1,6
201900034111,2019-04-11 16:00:00,2019,4,11,16,0,22,22118,Le Bois Vanard,48.4443275,-1.9674143,Plein jour,Hors agglomération,Intersection en Y,Normale,Deux véhicules - côté,3,2,2,0,1,2,1,0,1,80,2,3,0,0,1,2,25.0,21.0,utilitaire_camion,utilitaire_camion,1,1,4,1,3
201900034112,2019-04-11 11:20:00,2019,4,11,11,20,59,59586,Rue Bonnance,50.549709,3.16938,Plein jour,En agglomération,Hors intersection,Normale,Deux véhicules - côté,4,2,2,0,1,1,1,0,1,50,2,2,1,0,1,0,64.0,45.0,deux_roues,voiture,1,2,1,1,3
201900034113,2019-04-10 16:20:00,2019,4,10,16,20,13,13071,A7-Sens Marseille vers Lyon,43.4052,5.29667,Plein jour,Hors agglomération,Hors intersection,Normale,Trois véhicules et plus - en chaîne,1,1,3,0,1,1,1,0,1,110,3,4,3,0,0,1,61.0,48.0,voiture,voiture,1,1,1,1,4
201900034114,2019-04-10 16:50:00,2019,4,10,16,50,13,13117,A7-Sens Marseille vers Lyon,43.4559607,5.2360361,Plein jour,Hors agglomération,Hors intersection,Normale,Autre collision,1,1,2,0,2,1,1,0,1,110,1,1,0,0,0,1,42.0,,voiture,,1,1,1,1,6
201900034115,2019-04-10 14:45:00,2019,4,10,14,45,13,13055,A507 sens Marseille - Aubagne,43.286797,5.424674,Plein jour,Hors agglomération,Hors intersection,Normale,Autre collision,1,1,2,0,4,1,1,0,1,70,1,1,0,0,0,1,58.0,,voiture,,1,1,1,1,6
201900034116,2019-04-10 18:10:00,2019,4,10,18,10,33,33090,AUTOROUTE A 63,44.76242,-0.67625,Plein jour,Hors agglomération,Hors intersection,Normale,Trois véhicules et plus - collisions multiples,1,3,4,0,1,1,1,0,1,110,3,4,3,0,0,1,29.0,31.0,utilitaire_camion,utilitaire_camion,1,1,1,1,5
201900034117,2019-04-10 16:24:00,2019,4,10,16,24,91,91161,AUTOROUTE A6,48.71113,2.30774,Plein jour,Hors agglomération,Hors intersection,Temps couvert,Autre collision,1,3,6,0,1,1,1,0,1,110,1,1,0,0,0,1,24.0,,deux_roues,,1,1,1,8,6
201900034118,2019-04-10 10:49:00,2019,4,10,10,49,91,91064,RN 118,48.7481,2.1988,Plein jour,Hors agglomération,Hors intersection,Pluie légère,Deux véhicules - arrière,2,1,3,0,2,1,2,0,1,110,2,2,1,0,0,1,41.0,36.0,voiture,voiture,1,1,1,2,2
201900034119,2019-04-10 09:05:00,2019,4,10,9,5,92,92050,A86,48.9046769,2.2083335,Plein jour,Hors agglomération,Hors intersection,Normale,Sans collision,1,-1,4,0,1,1,2,0,1,90,1,1,0,0,0,1,46.0,,deux_roues,,1,1,1,1,7
201900034120,2019-04-10 04:20:00,2019,4,10,4,20,94,94018,A4,48.8216,2.39877,Nuit avec éclairage allumé,Hors agglomération,Hors intersection,Normale,Sans collision,1,1,1,0,4,2,1,3,1,50,1,1,0,0,0,1,31.0,,deux_roues,,5,1,1,1,7
201900034121,2019-04-07 19:00:00,2019,4,7,19,0,95,95060,CARNOT (RUE),49.01655,2.20017,Plein jour,En agglomération,Hors intersection,Normale,Deux véhicules - frontale,4,2,1,0,1,1,1,0,1,50,2,2,1,0,0,1,12.0,20.0,deux_roues,voiture,1,2,1,1,1
201900034122,2019-04-08 08:01:00,2019,4,8,8,1,49,49007,RABELAIS,47.46358,-0.54816,Plein jour,En agglomération,Hors intersection,Normale,Autre collision,4,2,2,2,1,1,1,0,1,30,1,1,0,0,0,1,19.0,,deux_roues,,1,2,1,1,6
201900034123,2019-01-28 14:09:00,2019,1,28,14,9,41,41018,TOURVILLE (RUE DU MARECHAL DE),47.58939,1.30597,Plein jour,En agglomération,Place,Normale,Deux véhicules - frontale,4,2,1,0,1,1,1,0,1,30,2,2,1,0,0,1,49.0,21.0,deux_roues,voiture,1,2,7,1,1
201900034124,2019-02-11 11:55:00,2019,2,11,11,55,18,18279,GOURDON (RUE),47.2242842,2.0679363,Plein jour,En agglomération,Intersection en X,Pluie légère,Autre collision,7,2,1,0,2,1,2,9,1,50,1,2,1,0,1,0,31.0,,voiture,,1,2,2,2,6
201900034125,2019-04-08 22:30:00,2019,4,8,22,30,11,11069,RD 6113,43.2068,2.38645,Nuit avec éclairage allumé,Hors agglomération,Hors intersection,Normale,Autre collision,4,3,5,0,1,1,1,0,1,70,1,2,1,0,0,1,30.0,,utilitaire_camion,,5,1,1,1,6
201900034126,2019-02-12 10:45:00,2019,2,12,10,45,93,93077,FOSSE AUX BERGERS (RUE DE LA),48.88498,2.49542,Plein jour,En agglomération,Hors intersection,Normale,Autre collision,4,2,3,0,1,3,1,2,1,50,1,2,1,0,0,1,87.0,,voiture,,1,2,1,1,6
201900034127,2019-02-10 10:05:00,2019,2,10,10,5,93,93077,GRANDE RUE,48.88214,2.52329,Plein jour,En agglomération,Hors intersection,Pluie légère,Autre collision,3,1,2,0,1,1,2,0,1,50,1,1,0,0,0,1,,,,,1,2,1,2,6
201900034128,2019-01-27 01:20:00,2019,1,27,1,20,93,93077,GRANDE RUE,48.884,2.5102,Nuit avec éclairage allumé,En agglomération,Place,Pluie légère,Autre collision,3,2,5,3,1,1,2,0,1,50,1,2,0,0,1,1,,,,,5,2,7,2,6
201900034129,2019-04-07 21:00:00,2019,4,7,21,0,93,93053,GALLIENI (AVENUE),48.898,2.46356,Nuit avec éclairage allumé,En agglomération,Hors intersection,Normale,Trois véhicules et plus - en chaîne,3,2,2,0,1,1,1,0,1,50,3,3,1,0,0,2,32.0,36.0,voiture,voiture,5,2,1,1,4
201900034130,2019-02-15 04:40:00,2019,2,15,4,40,93,93046,ARISTIDE BRIAND AVENUE,48.91026,2.5101,Nuit avec éclairage allumé,En agglomération,Intersection en X,Normale,Deux véhicules - frontale,3,3,4,0,1,1,1,0,1,50,2,4,1,0,0,3,44.0,38.0,deux_roues,voiture,5,2,2,1,1
201900034131,2019-02-06 06:45:00,2019,2,6,6,45,93,93046,BOSQUETS ROND POINT DES,48.926409,2.540818,Nuit avec éclairage allumé,En agglomération,Giratoire,Pluie légère,Deux véhicules - côté,4,-1,3,1,1,1,2,0,2,50,2,2,1,0,0,1,72.0,53.0,deux_roues,voiture,5,2,6,2,3
201900034132,2019-01-12 16:55:00,2019,1,12,16,55,93,93001,BERNARD ET MAZOYER (RUE)   => 21/24,48.91224,2.38114,Crépuscule ou aube,En agglomération,Intersection en X,Pluie légère,Deux véhicules - côté,3,1,1,0,1,1,2,0,1,50,2,2,1,0,0,1,38.0,80.0,utilitaire_camion,deux_roues,2,2,2,2,3
201900034133,2019-01-09 12:15:00,2019,1,9,12,15,93,93001,DANIELLE CASANOVA (RUE)  => 54/57,48.91562,2.39949,Plein jour,En agglomération,Hors intersection,Temps couvert,Deux véhicules - arrière,3,2,2,0,1,1,2,0,1,50,2,2,1,0,1,0,43.0,19.0,voiture,deux_roues,1,2,1,8,2
201900034134,2019-02-06 20:45:00,2019,2,6,20,45,92,92004,PIERRE BROSSOLETTE,48.91104,2.292624,Nuit avec éclairage non allumé,En agglomération,Hors intersection,Pluie forte,Autre collision,3,-1,3,0,1,1,2,0,1,50,1,3,1,0,0,2,31.0,,voiture,,4,2,1,3,6
201900034135,2019-02-11 20:30:00,2019,2,11,20,30,92,92004,BAS ( RUE DES ),48.9204875,2.2884787,Nuit avec éclairage allumé,En agglomération,Intersection en T,Normale,Deux véhicules - côté,3,3,0,0,1,1,1,0,1,50,2,2,0,0,0,2,65.0,28.0,voiture,voiture,5,2,3,1,3
201900034136,2019-04-07 01:30:00,2019,4,7,1,30,93,93048,AUTOROUTE A86,48.86456,2.48231,Nuit sans éclairage public,Hors agglomération,Hors intersection,Normale,Trois véhicules et plus - collisions multiples,1,3,6,0,2,1,1,0,1,90,3,3,0,0,0,3,54.0,47.0,voiture,voiture,3,1,1,1,5
201900034137,2019-03-29 15:20:00,2019,3,29,15,20,94,94015,A4,48.82851,2.52703,Plein jour,Hors agglomération,Hors intersection,Normale,Trois véhicules et plus - en chaîne,1,1,5,0,1,3,1,0,1,110,3,6,5,0,0,1,79.0,49.0,voiture,voiture,1,1,1,1,4
201900034138,2019-03-27 09:00:00,2019,3,27,9,0,94,94028,A86 INT,48.790664,2.440465,Plein jour,Hors agglomération,Hors intersection,Normale,Deux véhicules - côté,1,1,3,0,1,1,1,0,1,90,2,1,0,0,0,1,36.0,,deux_roues,,1,1,1,1,3
201900034139,2019-04-10 07:32:00,2019,4,10,7,32,988,98818,RP1,-22.22402,166.48372,Plein jour,En agglomération,Hors intersection,Normale,Deux véhicules - arrière,3,2,2,0,1,1,1,0,1,50,2,2,1,0,0,1,36.0,27.0,voiture,voiture,1,2,1,1,2
201900034140,2019-04-08 11:50:00,2019,4,8,11,50,988,98818,RUE AMPERE,-22.23265,166.44741,Plein jour,En agglomération,Hors intersection,Normale,Deux véhicules - frontale,4,2,2,0,1,2,1,0,1,50,2,4,1,0,0,3,47.0,31.0,voiture,voiture,1,2,1,1,1
201900034141,2019-04-09 07:45:00,2019,4,9,7,45,976,97611,kaweni-Europe (avenue),-12.77587,45.22627,Plein jour,En agglomération,Hors intersection,Normale,Autre collision,2,2,2,0,1,1,1,0,1,50,1,2,0,0,0,2,33.0,,voiture,,1,2,1,1,6
201900034142,2019-04-08 20:48:00,2019,4,8,20,48,976,97611,mamoudzou centre-Marché ( place du ),-12.77883,45.23113,Nuit avec éclairage allumé,En agglomération,Hors intersection,Normale,Autre collision,4,2,2,0,2,1,1,9,1,50,1,2,1,0,0,1,31.0,,voiture,,5,2,1,1,6
201900034143,2019-04-08 19:02:00,2019,4,8,19,2,976,97611,kaweni-GEOLE (la),-12.76838,45.22432,Nuit sans éclairage public,En agglomération,Giratoire,Normale,Deux véhicules - côté,2,2,2,0,2,1,1,0,1,50,2,3,1,0,0,2,44.0,,voiture,,3,2,6,1,3
201900034144,2019-04-09 08:45:00,2019,4,9,8,45,974,97416,AMIRAL LACAZE(RUE),-21.34331,55.47989,Plein jour,En agglomération,Hors intersection,Normale,Deux véhicules - frontale,4,2,2,0,1,1,1,0,2,50,2,2,1,0,1,0,17.0,34.0,deux_roues,utilitaire_camion,1,2,1,1,1
201900034145,2019-04-08 19:30:00,2019,4,8,19,30,974,97416,STADE(RUE DU),-21.32863,55.4813,Nuit avec éclairage non allumé,En agglomération,Intersection en T,Normale,Deux véhicules - frontale,2,2,2,0,1,1,1,0,1,50,2,2,1,0,0,1,22.0,47.0,deux_roues,voiture,4,2,3,1,1
201900034146,2019-04-07 08:45:00,2019,4,7,8,45,974,97416,Route Nationale 3,-21.3063,55.49897,Plein jour,Hors agglomération,Hors intersection,Normale,Trois véhicules et plus - collisions multiples,2,3,4,0,2,1,1,0,1,110,6,8,3,0,4,1,52.0,36.0,deux_roues,deux_roues,1,1,1,1,5
201900034147,2019-04-06 11:35:00,2019,4,6,11,35,974,97416,CHATEAU D'EAU (CHEMIN DU),-21.326,55.4745,Plein jour,En agglomération,Intersection en T,Normale,Deux véhicules - côté,4,2,2,0,1,1,1,0,1,50,2,2,1,0,1,0,21.0,46.0,deux_roues,voiture,1,2,3,1,3
201900034148,2019-04-09 16:45:00,2019,4,9,16,45,974,97411,LANCASTEL (BOULEVARD),-20.87745,55.45641,Plein jour,En agglomération,Hors intersection,Normale,Deux véhicules - côté,4,1,2,0,2,1,1,2,1,50,2,2,1,0,0,1,40.0,62.0,deux_roues,voiture,1,2,1,1,3
201900034149,2019-04-06 21:10:00,2019,4,6,21,10,974,97411,LECONTE DE LISLE (AVENUE),-20.89629,55.49201,Nuit avec éclairage allumé,En agglomération,Intersection en X,Normale,Deux véhicules - côté,3,2,2,0,2,1,1,0,1,50,2,3,1,0,2,0,30.0,21.0,voiture,deux_roues,5,2,2,1,3
201900034150,2019-04-07 18:05:00,2019,4,7,18,5,974,97411,Boulevard Lancastel,-20.87641,55.45552,Crépuscule ou aube,En agglomération,Hors intersection,Normale,Deux véhicules - arrière,2,2,4,0,2,1,1,0,1,70,2,5,4,0,0,1,36.0,86.0,voiture,voiture,2,2,1,1,2
201900034151,2019-04-07 18:20:00,2019,4,7,18,20,974,97407,19 MARS 1946(AVENUE DU),-20.94979,55.29718,Nuit avec éclairage allumé,En agglomération,Hors intersection,Normale,Deux véhicules - côté,4,-1,2,0,1,1,1,9,1,50,2,2,1,0,0,1,12.0,22.0,deux_roues,voiture,5,2,1,1,3
201900034152,2019-04-09 17:30:00,2019,4,9,17,30,973,97302,CATAYEE (JUSTIN),4.93464,-52.32626,Plein jour,En agglomération,Hors intersection,Pluie légère,Deux véhicules - côté,3,2,2,0,1,1,2,0,1,50,2,2,1,0,0,1,31.0,51.0,voiture,deux_roues,1,2,1,2,3
201900034153,2019-04-09 22:00:00,2019,4,9,22,0,69,69386,LAFAYETTE                           (CO),45.76363,4.8483,Nuit avec éclairage allumé,En agglomération,Autre intersection,Normale,Deux véhicules - côté,4,1,1,0,1,1,1,0,1,50,2,2,1,0,0,1,54.0,29.0,voiture,deux_roues,5,2,9,1,3
201900034154,2019-04-09 07:22:00,2019,4,9,7,22,69,69387,TONY GARNIER                        (AV),45.7316,4.82392,Plein jour,En agglomération,Intersection en X,Normale,Deux véhicules - côté,4,2,5,0,1,1,1,4,1,50,2,2,1,0,0,1,38.0,25.0,deux_roues,voiture,1,2,2,1,3
201900034155,2019-04-08 08:15:00,2019,4,8,8,15,69,69388,JEAN XXIII                          (BD),45.7376219,4.8711232,Plein jour,En agglomération,Hors intersection,Normale,Autre collision,4,-1,4,0,1,1,1,0,1,50,1,2,1,0,0,1,49.0,,voiture,,1,2,1,1,6
201900034156,2019-04-08 13:34:00,2019,4,8,13,34,972,97213,LEOPOLD BISSOL (RUE),14.61995,-60.9963,Plein jour,En agglomération,Hors intersection,Normale,Trois véhicules et plus - collisions multiples,4,1,1,0,1,1,1,0,1,50,3,5,3,0,0,2,52.0,60.0,voiture,voiture,1,2,1,1,5
201900034157,2019-04-08 10:45:00,2019,4,8,10,45,972,97213,FLORAINDRE ( RUE DE),14.61871,-61.00167,Plein jour,En agglomération,Hors intersection,Normale,Deux véhicules - frontale,4,-1,2,0,2,3,1,0,1,50,2,2,1,0,0,1,64.0,24.0,voiture,deux_roues,1,2,1,1,1
201900034158,2019-04-08 06:40:00,2019,4,8,6,40,972,97209,RD 41 (ROCADE),14.61292,-61.07649,Plein jour,En agglomération,Hors intersection,Normale,Trois véhicules et plus - collisions multiples,3,3,6,0,2,3,1,0,1,80,5,5,0,0,0,5,27.0,37.0,transport_commun,voiture,1,2,1,1,5