accident_id,datetime,annee,mois,jour,heure,minute,departement,commune_insee,adresse,latitude,longitude,luminosite,agglomeration,intersection,meteo,collision,catr,circ,nbv,vosp,prof,plan,surf,infra,situ,vma,nb_vehicules,nb_usagers,nb_indemnes,nb_tues,nb_blesses_hosp,nb_blesses_legers,age_cond_1,age_cond_2,veh_type_cond_1,veh_type_cond_2,lum_code,agg_code,int_code,atm_code,col_code
201900034159,2019-04-09 18:20:00,2019,4,9,18,20,69,69381,JARDIN DES PLANTES (DU)             (R ),45.76966,4.83036,Plein jour,En agglomération,Intersection en X,Normale,Autre collision,4,2,0,0,1,1,1,0,1,50,1,2,1,0,0,1,52.0,,voiture,,1,2,2,1,6
201900034160,2019-04-09 13:45:00,2019,4,9,13,45,69,69382,CHARLEMAGNE                         (CO),45.73964,4.81843,Plein jour,En agglomération,Intersection en X,Normale,Deux véhicules - côté,4,3,4,3,1,1,1,5,1,50,2,2,1,0,0,1,49.0,38.0,voiture,voiture,1,2,2,1,3
201900034161,2019-04-08 11:50:00,2019,4,8,11,50,69,69286,COMBATTANTS EN AFN 1952-1962 (DES)  (AV),45.81622,4.89288,Plein jour,En agglomération,Place,Normale,Deux véhicules - côté,4,2,3,0,1,1,1,0,2,30,2,3,2,0,0,1,62.0,19.0,utilitaire_camion,deux_roues,1,2,7,1,3
201900034162,2019-04-08 09:40:00,2019,4,8,9,40,69,69384,ENTREPOTS (DES)                     (R ),45.77565,4.81058,Plein jour,En agglomération,Intersection à plus de 4 branches,Normale,Deux véhicules - côté,3,3,5,1,1,1,1,9,1,50,2,3,2,0,0,1,24.0,31.0,deux_roues,voiture,1,2,5,1,3
201900034163,2019-04-08 08:25:00,2019,4,8,8,25,69,69034,MARGNOLLES (DE)                     (R ),45.7839495,4.8350094,Plein jour,En agglomération,Hors intersection,Normale,Sans collision,4,2,4,0,1,1,1,0,1,50,1,1,0,0,0,1,18.0,,deux_roues,,1,2,1,1,7
201900034164,2019-04-07 11:10:00,2019,4,7,11,10,971,97107,DUMANOIR ( ALLEE ),16.03606,-61.56757,Plein jour,En agglomération,Hors intersection,Normale,Autre collision,4,2,2,0,1,1,1,0,1,50,1,2,1,0,0,1,33.0,,voiture,,1,2,1,1,6
201900034165,2019-04-08 12:20:00,2019,4,8,12,20,2A,2A004,NICOLI JEAN COURS,41.9336907,8.7442063,Plein jour,En agglomération,Hors intersection,Normale,Deux véhicules - arrière,2,2,4,0,1,1,1,0,1,50,2,2,1,0,0,1,44.0,25.0,deux_roues,voiture,1,2,1,1,2
201900034166,2019-04-08 08:45:00,2019,4,8,8,45,95,95219,PETITE BAPAUME (RUE DE LA),48.99271,2.25511,Plein jour,En agglomération,Hors intersection,Normale,Deux véhicules - frontale,4,2,2,0,1,1,1,0,1,50,2,2,1,0,0,1,20.0,57.0,deux_roues,voiture,1,2,1,1,1
201900034167,2019-04-09 14:45:00,2019,4,9,14,45,91,91687,COMMANDANT BARRE (AVENUE DU),48.661522,2.363808,Plein jour,En agglomération,Hors intersection,Normale,Deux véhicules - côté,9,2,2,0,1,1,1,0,1,50,2,2,1,0,0,1,87.0,71.0,voiture,voiture,1,2,1,1,3
201900034168,2019-04-08 19:45:00,2019,4,8,19,45,91,91687,BELLAY (AVENUE DU),48.67416,2.36562,Plein jour,En agglomération,Intersection en X,Normale,Deux véhicules - côté,3,2,2,0,1,1,1,0,1,50,2,2,1,0,0,1,21.0,30.0,deux_roues,voiture,1,2,2,1,3
201900034169,2019-04-07 21:45:00,2019,4,7,21,45,91,91182,ORME A MARTIN (AVENUE DE L'),48.630672,2.412695,Nuit avec éclairage allumé,En agglomération,Intersection en X,Normale,Trois véhicules et plus - en chaîne,4,4,2,0,4,3,1,0,1,50,4,4,2,0,2,0,30.0,74.0,voiture,voiture,5,2,2,1,4
201900034170,2019-04-07 15:30:00,2019,4,7,15,30,91,91201,EUROPE(AVENUE DE L'),48.68238,2.43013,Plein jour,En agglomération,Autre intersection,Normale,Sans collision,4,2,1,0,1,4,1,0,1,50,1,1,0,0,0,1,54.0,,deux_roues,,1,2,9,1,7
201900034171,2019-04-09 14:35:00,2019,4,9,14,35,91,91514,MARCHE (SQUARE DU),48.6743,2.5346,Plein jour,En agglomération,Hors intersection,Normale,Deux véhicules - arrière,9,1,2,0,1,2,1,9,1,50,2,2,1,0,0,1,72.0,,voiture,,1,2,1,1,2
201900034172,2019-04-09 19:20:00,2019,4,9,19,20,91,91027,MARCEL SEMBAT (AVENUE),48.70893,2.38591,Plein jour,En agglomération,Hors intersection,Normale,Autre collision,4,2,2,0,1,1,1,0,1,30,1,1,0,0,0,1,,,,,1,2,1,1,6
201900034173,2019-04-06 00:30:00,2019,4,6,0,30,91,91103,ROUTE DEPARTEMENTALE 19,48.60271,2.318719,Nuit sans éclairage public,Hors agglomération,Hors intersection,Normale,Deux véhicules - arrière,3,3,4,0,1,4,1,0,1,90,2,2,0,0,1,1,30.0,25.0,voiture,voiture,3,1,1,1,2
201900034174,2019-04-08 01:52:00,2019,4,8,1,52,91,91339,TABOR (CHEMIN DE),48.62568,2.25923,Nuit avec éclairage allumé,En agglomération,Hors intersection,Normale,Sans collision,4,2,2,0,1,2,1,0,1,50,1,1,0,0,0,1,39.0,,deux_roues,,5,2,1,1,7
201900034175,2019-04-06 10:20:00,2019,4,6,10,20,87,87085,LECLERC (AVENUE DU GENERAL),45.84133,1.25822,Plein jour,En agglomération,Hors intersection,Pluie légère,Autre collision,4,2,2,0,1,1,3,0,1,50,1,2,0,0,1,1,58.0,,deux_roues,,1,2,1,2,6
201900034176,2019-04-09 09:50:00,2019,4,9,9,50,86,86194,IASSY (AVENUE DE),46.5736865,0.3918225,Plein jour,En agglomération,Intersection en T,Normale,Deux véhicules - côté,4,2,3,0,1,1,1,0,1,50,2,2,1,0,0,1,69.0,19.0,voiture,deux_roues,1,2,3,1,3
201900034177,2019-04-03 18:25:00,2019,4,3,18,25,82,82121,FALGUIERE (581 AVENUE DE),44.02919,1.354435,Plein jour,En agglomération,Hors intersection,Normale,Autre collision,4,-1,2,0,1,1,1,0,1,50,1,2,1,0,1,0,,,,,1,2,1,1,6
201900034178,2019-04-08 09:35:00,2019,4,8,9,35,81,81065,LAVAUR RD 112 (RTE DE),43.61491,2.16963,Plein jour,Hors agglomération,Hors intersection,Normale,Deux véhicules - côté,3,2,2,0,1,1,1,0,1,80,2,2,1,0,0,1,45.0,40.0,utilitaire_camion,utilitaire_camion,1,1,1,1,3
201900034179,2019-04-08 18:50:00,2019,4,8,18,50,80,80021,"25, R DU CHRIST",49.88533,2.264379,Plein jour,En agglomération,Hors intersection,Normale,Autre collision,4,2,2,0,2,1,1,0,1,50,1,2,1,0,0,1,46.0,,voiture,,1,2,1,1,6
201900034180,2019-04-06 01:20:00,2019,4,6,1,20,80,80021,"49, R CHARLES DUBOIS",49.88607,2.30162,Nuit avec éclairage allumé,En agglomération,Hors intersection,Normale,Autre collision,4,1,2,0,2,1,1,0,1,50,1,2,0,0,0,2,24.0,,voiture,,5,2,1,1,6
201900034181,2019-04-05 20:50:00,2019,4,5,20,50,80,80021,"81, BD DU CANGE",49.89821,2.30575,Nuit avec éclairage allumé,En agglomération,Hors intersection,Normale,Deux véhicules - arrière,4,2,2,0,1,1,1,0,1,50,2,1,0,0,0,1,20.0,,deux_roues,,5,2,1,1,2
201900034182,2019-04-08 11:00:00,2019,4,8,11,0,78,78440,HENRI DUNANT (RUE),48.9935,1.91231,Plein jour,En agglomération,Hors intersection,Normale,Deux véhicules - arrière,4,-1,1,0,1,1,1,0,1,30,2,1,0,0,1,0,42.0,,deux_roues,,1,2,1,1,2
201900034183,2019-04-09 10:20:00,2019,4,9,10,20,77,77468,PIERRE MENDES FRANCE (RUE),48.84111,2.65266,Plein jour,En agglomération,Hors intersection,Pluie légère,Autre collision,4,2,2,0,1,1,2,0,1,50,1,1,0,0,0,1,,,,,1,2,1,2,6
201900034184,2019-04-09 13:58:00,2019,4,9,13,58,77,77288,CHASSE  (RUE DE LA),48.545332,2.6498254,Plein jour,En agglomération,Hors intersection,Normale,Autre collision,4,2,2,3,1,1,1,6,1,50,1,3,1,0,2,0,45.0,,voiture,,1,2,1,1,6
201900034185,2019-04-08 11:35:00,2019,4,8,11,35,76,76103,PARIS. ROUTE DE,49.42713,1.11884,Plein jour,En agglomération,Hors intersection,Normale,Deux véhicules - côté,3,2,3,0,3,1,1,0,1,50,2,2,1,0,1,0,40.0,28.0,deux_roues,voiture,1,2,1,1,3
201900034186,2019-04-07 19:05:00,2019,4,7,19,5,76,76216,RD 6015 (ROUTE DE DIEPPE),49.4721352,1.0493857,Plein jour,En agglomération,Intersection en X,Normale,Deux véhicules - côté,3,2,2,3,1,1,1,0,1,50,2,2,1,0,0,1,81.0,31.0,voiture,deux_roues,1,2,2,1,3
201900034187,2019-04-08 15:24:00,2019,4,8,15,24,74,74218,RIVE (AVENUE DE LA) RD 1005,46.39096,6.52999,Plein jour,En agglomération,Hors intersection,Normale,Autre collision,3,2,0,0,1,1,1,0,1,50,1,2,1,0,0,1,61.0,,voiture,,1,2,1,1,6
201900034188,2019-04-08 13:45:00,2019,4,8,13,45,74,74012,BONNEVILLE (ROUTE DE),46.18348,6.23751,Plein jour,En agglomération,Hors intersection,Normale,Autre collision,4,2,2,0,1,1,1,0,1,50,1,2,1,0,0,1,30.0,,voiture,,1,2,1,1,6
201900034189,2019-04-08 22:20:00,2019,4,8,22,20,69,69275,JEAN JAURES                         (AV),45.7695,4.94745,Nuit avec éclairage allumé,En agglomération,Place,Normale,Deux véhicules - côté,4,2,2,0,1,1,1,0,1,50,2,2,1,0,0,1,22.0,22.0,voiture,deux_roues,5,2,7,1,3
201900034190,2019-04-02 17:51:00,2019,4,2,17,51,68,68066,ROUFFACH (ROUTE DE),48.0657,7.342,Plein jour,En agglomération,Autre intersection,Normale,Deux véhicules - côté,4,2,2,0,1,1,1,0,1,50,2,2,0,0,0,2,56.0,57.0,deux_roues,deux_roues,1,2,9,1,3
201900034191,2019-04-05 22:30:00,2019,4,5,22,30,67,67218,VIGNES (RUE DES),48.521033,7.725719,Nuit avec éclairage allumé,En agglomération,Intersection en T,Normale,Deux véhicules - frontale,4,2,2,0,4,1,1,0,1,50,2,2,1,0,0,1,21.0,22.0,voiture,voiture,5,2,3,1,1
201900034192,2019-04-06 05:45:00,2019,4,6,5,45,66,66136,ch.Mas bresseon,42.66044,2.873277,Plein jour,En agglomération,Hors intersection,Normale,Autre collision,4,2,1,0,1,1,1,0,1,70,1,2,1,0,0,1,47.0,,voiture,,1,2,1,1,6
201900034193,2019-04-04 18:05:00,2019,4,4,18,5,66,66136,Départementale  617,42.7124862,2.9262527,Plein jour,Hors agglomération,Hors intersection,Normale,Deux véhicules - arrière,3,3,2,0,1,1,1,0,1,110,2,2,1,1,0,0,43.0,45.0,voiture,voiture,1,1,1,1,2
201900034194,2019-04-08 17:40:00,2019,4,8,17,40,64,64445,LOUP DU,43.30504,-0.35691,Plein jour,En agglomération,Hors intersection,Pluie légère,Deux véhicules - arrière,4,2,2,0,1,1,2,0,1,50,2,2,1,0,0,1,50.0,32.0,voiture,voiture,1,2,1,2,2
201900034195,2019-04-07 10:05:00,2019,4,7,10,5,64,64024,DOMMAIN Francois Rond Point,43.4834148,-1.5020072,Plein jour,En agglomération,Giratoire,Pluie légère,Sans collision,3,1,2,0,1,2,2,5,1,50,1,1,0,0,1,0,19.0,,deux_roues,,1,2,6,2,7
201900034196,2019-04-06 17:00:00,2019,4,6,17,0,64,64102,GIRATOIRE LES PONTOTS ,43.48819,-1.49167,Plein jour,En agglomération,Giratoire,Normale,Deux véhicules - côté,4,4,2,0,1,2,1,5,1,50,2,2,1,0,1,0,48.0,76.0,voiture,deux_roues,1,2,6,1,3
201900034197,2019-04-06 15:15:00,2019,4,6,15,15,63,63063,MOULIN (BD JEAN),45.8321,3.10541,Plein jour,En agglomération,Hors intersection,Temps couvert,Autre collision,7,4,3,0,1,2,1,0,1,50,1,1,0,0,1,0,31.0,,deux_roues,,1,2,1,8,6
201900034198,2019-04-07 14:30:00,2019,4,7,14,30,61,61169,BAS HAMEL (LE),48.75419,-0.51584,Plein jour,Hors agglomération,Hors intersection,Normale,Deux véhicules - frontale,4,2,2,0,2,3,1,0,1,50,2,2,1,0,1,0,26.0,31.0,voiture,deux_roues,1,1,1,1,1
201900034199,2019-03-31 22:40:00,2019,3,31,22,40,59,59599,BETHUNE (RUE DE),50.7254,3.13309,Nuit avec éclairage allumé,En agglomération,Intersection en Y,Normale,Sans collision,7,3,4,0,1,1,1,5,1,50,1,2,1,0,0,1,23.0,,voiture,,5,2,4,1,7
201900034200,2019-03-26 12:50:00,2019,3,26,12,50,59,59350,MONTEBELLO BD PAIRS DE 78 -196,50.62062,3.04699,Plein jour,En agglomération,Hors intersection,Normale,Deux véhicules - côté,4,3,4,2,1,1,1,0,2,50,2,2,1,0,0,1,33.0,20.0,deux_roues,voiture,1,2,1,1,3
201900034201,2019-04-09 18:50:00,2019,4,9,18,50,59,59183,BAINS - AVENUE,51.0458,2.38723,Plein jour,En agglomération,Hors intersection,Pluie légère,Deux véhicules - arrière,4,2,2,0,1,1,1,0,2,50,2,2,1,0,1,0,51.0,60.0,deux_roues,voiture,1,2,1,2,2
201900034202,2019-04-08 14:35:00,2019,4,8,14,35,59,59574,PASTEUR LOUIS (RUE),50.36429,3.27836,Plein jour,En agglomération,Intersection en T,Normale,Deux véhicules - côté,3,2,4,0,1,1,1,0,1,50,2,2,1,0,1,0,19.0,37.0,voiture,voiture,1,2,3,1,3
201900034203,2019-04-05 11:20:00,2019,4,5,11,20,59,59017,QUAI (RUE DES ),50.6884,2.88591,Plein jour,En agglomération,Hors intersection,Normale,Autre collision,4,2,2,0,1,1,1,0,1,50,1,2,1,0,1,0,75.0,,voiture,,1,2,1,1,6
201900034204,2019-04-07 12:25:00,2019,4,7,12,25,56,56121,JOALLAND (RUE DU  GENERAL ),47.7403,-3.3724,Plein jour,En agglomération,Intersection en X,Normale,Deux véhicules - côté,4,2,2,0,2,1,1,0,1,50,2,2,1,0,0,1,36.0,71.0,deux_roues,voiture,1,2,2,1,3
201900034205,2019-04-06 14:00:00,2019,4,6,14,0,56,56121,JOFFRE ( BD MARECHAL ),47.7526,-3.3618,Plein jour,En agglomération,Intersection en X,Pluie légère,Autre collision,4,3,2,0,1,1,2,5,1,50,1,1,0,0,0,1,22.0,,deux_roues,,1,2,2,2,6
201900034206,2019-04-06 01:25:00,2019,4,6,1,25,56,56107,LE PORT (ROGER BOULEVARD),47.7194,-3.3745,Nuit sans éclairage public,En agglomération,Hors intersection,Normale,Autre collision,4,2,2,1,1,1,1,0,1,30,1,2,1,0,0,1,26.0,,deux_roues,,3,2,1,1,6
201900034207,2019-04-09 00:15:00,2019,4,9,0,15,51,51454,RUE PAUL VAILLANT COUTURIER,49.2734748,4.0148086,Nuit avec éclairage allumé,En agglomération,Hors intersection,Normale,Sans collision,4,2,2,0,1,1,1,0,1,50,1,2,0,0,2,0,20.0,,voiture,,5,2,1,1,7
201900034208,2019-04-06 10:00:00,2019,4,6,10,0,50,50602,CROIX MOREL (RUE DE LA),49.64861,-1.57605,Plein jour,En agglomération,Intersection en X,Normale,Deux véhicules - côté,4,2,2,0,1,1,1,0,1,50,2,2,1,0,0,1,31.0,30.0,voiture,deux_roues,1,2,2,1,3
201900034209,2019-04-06 12:00:00,2019,4,6,12,0,50,50602,BOUIN (RUE JEAN),49.63354,-1.58617,Plein jour,En agglomération,Intersection en T,Normale,Deux véhicules - côté,4,2,2,0,1,1,1,5,1,50,2,2,1,0,0,1,53.0,58.0,voiture,deux_roues,1,2,3,1,3
201900034210,2019-04-09 14:45:00,2019,4,9,14,45,49,49328,CADRE NOIR (PONT DU) N 347,47.26879,-0.08818,Plein jour,En agglomération,Hors intersection,Normale,Deux véhicules - côté,3,2,4,1,1,1,1,2,1,90,2,2,1,0,0,1,36.0,59.0,voiture,utilitaire_camion,1,2,1,1,3
201900034211,2019-04-08 15:45:00,2019,4,8,15,45,49,49007,SAINT MICHEL BOULEVARD,47.47353,-0.54179,Plein jour,En agglomération,Intersection en X,Normale,Sans collision,4,3,4,3,2,1,1,5,1,50,1,2,1,0,0,1,34.0,,voiture,,1,2,2,1,7
201900034212,2019-04-08 08:40:00,2019,4,8,8,40,49,49007,PICASSO,47.45297,-0.52211,Plein jour,En agglomération,Hors intersection,Normale,Autre collision,4,2,2,0,1,1,1,0,1,50,1,1,0,0,0,1,60.0,,voiture,,1,2,1,1,6
201900034213,2019-04-05 22:08:00,2019,4,5,22,8,49,49246,A87N,47.42147,-0.50418,Nuit sans éclairage public,Hors agglomération,Hors intersection,Normale,Deux véhicules - arrière,1,3,4,0,1,1,1,0,1,90,2,4,0,0,0,4,20.0,27.0,voiture,voiture,3,1,1,1,2
201900034214,2019-04-06 15:46:00,2019,4,6,15,46,49,49007,BON PASTEUR BOULEVARD,47.47279,-0.5769,Plein jour,En agglomération,Hors intersection,Normale,Deux véhicules - côté,4,2,2,0,1,1,1,0,1,50,2,2,1,0,0,1,60.0,24.0,voiture,deux_roues,1,2,1,1,3
201900034215,2019-04-06 15:23:00,2019,4,6,15,23,49,49267,BOUVINERIE,47.48196,-0.49531,Plein jour,En agglomération,Hors intersection,Pluie légère,Sans collision,4,2,2,0,1,1,2,0,1,50,1,1,0,0,0,1,86.0,,voiture,,1,2,1,2,7
201900034216,2019-04-05 19:57:00,2019,4,5,19,57,49,49267,GEMMETRIE,47.4660417,-0.499082,Plein jour,En agglomération,Hors intersection,Normale,Deux véhicules - arrière,4,2,2,0,1,1,1,0,1,50,2,2,1,0,0,1,22.0,,voiture,,1,2,1,1,2
201900034217,2019-04-06 00:05:00,2019,4,6,0,5,49,49246,CHAUVIN AVENUE,47.43262,-0.53368,Nuit avec éclairage allumé,En agglomération,Hors intersection,Normale,Sans collision,4,2,2,0,1,1,1,0,1,50,1,1,0,0,0,1,23.0,,voiture,,5,2,1,1,7
201900034218,2019-04-05 16:40:00,2019,4,5,16,40,47,47323,ROUTE NATIONALE 21,44.4350085,0.727096,Plein jour,Hors agglomération,Hors intersection,Normale,Deux véhicules - frontale,2,2,2,0,2,2,1,0,1,80,2,2,1,0,1,0,42.0,71.0,utilitaire_camion,voiture,1,1,1,1,1
201900034219,2019-04-06 09:50:00,2019,4,6,9,50,47,47001,MICHELET (AV.),44.19904,0.63027,Plein jour,En agglomération,Hors intersection,Pluie légère,Deux véhicules - côté,4,2,2,0,1,1,2,0,1,50,2,2,1,0,0,1,53.0,67.0,voiture,deux_roues,1,2,1,2,3
201900034220,2019-04-09 14:30:00,2019,4,9,14,30,45,45234,AVENUE ROGER SECRETAIN,47.89126,1.89563,Plein jour,En agglomération,Hors intersection,Pluie légère,Deux véhicules - côté,4,3,4,0,1,1,1,5,1,50,2,2,1,0,0,1,60.0,35.0,voiture,utilitaire_camion,1,2,1,2,3
201900034221,2019-04-09 13:40:00,2019,4,9,13,40,45,45284,AV C PEGUY - R G CLEMENCEAU,47.905679,1.95004,Plein jour,En agglomération,Autre intersection,Normale,Deux véhicules - côté,4,2,2,0,1,1,1,0,1,50,2,2,1,0,0,1,19.0,21.0,deux_roues,voiture,1,2,9,1,3
201900034222,2019-04-08 19:15:00,2019,4,8,19,15,45,45169,ROUTE D'ORLEANS,47.915929,1.839828,Plein jour,Hors agglomération,Giratoire,Normale,Deux véhicules - frontale,4,3,2,0,1,1,1,0,1,80,2,3,0,0,2,1,19.0,47.0,voiture,utilitaire_camion,1,1,6,1,1
201900034223,2019-04-08 12:20:00,2019,4,8,12,20,45,45232,AV DE SOLOGNE,47.86084,1.91222,Plein jour,En agglomération,Hors intersection,Normale,Sans collision,4,3,4,0,1,2,1,0,1,90,1,1,0,1,0,0,29.0,,deux_roues,,1,2,1,1,7
201900034224,2019-04-07 15:35:00,2019,4,7,15,35,45,45285,TANGENCIELLE-RUE P DOUMER,47.911159,1.867014,Plein jour,En agglomération,Intersection en X,Normale,Deux véhicules - côté,3,2,2,0,1,1,1,5,1,50,2,2,0,0,2,0,20.0,48.0,voiture,deux_roues,1,2,2,1,3
201900034225,2019-04-07 09:50:00,2019,4,7,9,50,45,45004,RUE DE LA FONTAINE,47.975993,2.7831194,Plein jour,En agglomération,Hors intersection,Pluie légère,Autre collision,4,2,2,0,1,1,2,0,1,50,1,1,0,0,0,1,21.0,,voiture,,1,2,1,2,6
201900034226,2019-04-09 16:30:00,2019,4,9,16,30,44,44162,BOULEVARD FRANCOIS MITTERRAND,47.21578,-1.64711,Plein jour,En agglomération,Autre intersection,Normale,Autre collision,4,1,1,0,3,2,1,9,1,50,1,1,0,1,0,0,59.0,,deux_roues,,1,2,9,1,6
201900034227,2019-04-06 15:53:00,2019,4,6,15,53,44,44114,ROUTE DE RENNES,47.24734,-1.5775,Plein jour,En agglomération,Hors intersection,Normale,Autre collision,7,-1,0,0,2,1,1,0,1,50,2,2,1,0,0,1,36.0,,voiture,,1,2,1,1,6
201900034228,2019-04-08 15:10:00,2019,4,8,15,10,39,39300,90 Avenue de la Marseillaise,46.672524,5.555481,Plein jour,En agglomération,Hors intersection,Normale,Autre collision,4,1,2,0,1,1,1,0,1,50,1,1,0,1,0,0,68.0,,voiture,,1,2,1,1,6
201900034229,2019-04-09 18:00:00,2019,4,9,18,0,38,38185,BOULEVARD CLEMENCEAU,45.18573,5.7428,Plein jour,En agglomération,Intersection en X,Normale,Deux véhicules - côté,4,2,4,2,1,1,1,0,1,50,2,2,1,0,1,0,33.0,53.0,deux_roues,deux_roues,1,2,2,1,3
201900034230,2019-04-09 12:50:00,2019,4,9,12,50,37,37122,ROUTE DE NARBONNE,47.3194553,0.6442387,Plein jour,En agglomération,Hors intersection,Normale,Sans collision,4,2,2,0,1,2,1,0,1,70,1,1,0,0,1,0,52.0,,deux_roues,,1,2,1,1,7
201900034231,2019-04-08 14:00:00,2019,4,8,14,0,35,35238,PRE BOTTE (DU),48.109339,-1.678277,Plein jour,En agglomération,Hors intersection,Normale,Autre collision,4,3,2,1,1,1,1,0,1,30,1,3,2,0,0,1,20.0,,voiture,,1,2,1,1,6
201900034232,2019-04-07 13:15:00,2019,4,7,13,15,35,35238,BREST (DE),48.114053,-1.698436,Plein jour,En agglomération,Intersection en T,Normale,Deux véhicules - côté,4,2,4,0,2,1,1,0,1,50,2,3,1,0,0,2,61.0,73.0,voiture,voiture,1,2,3,1,3
201900034233,2019-04-09 22:10:00,2019,4,9,22,10,34,34172,PALAVAS (AVENUE DE),43.59228,3.88984,Nuit avec éclairage allumé,En agglomération,Hors intersection,Normale,Autre collision,4,3,2,0,1,3,1,0,1,50,1,1,0,1,0,0,31.0,,deux_roues,,5,2,1,1,6
201900034234,2019-04-09 09:40:00,2019,4,9,9,40,34,34172,RAVAZ (AVENUE DU PROFESSEUR LOUIS,43.62161,3.8476,Plein jour,En agglomération,Hors intersection,Normale,Deux véhicules - côté,4,2,2,0,1,1,1,0,1,50,2,3,1,0,2,0,58.0,34.0,utilitaire_camion,deux_roues,1,2,1,1,3
201900034235,2019-04-08 19:10:00,2019,4,8,19,10,34,34172,EUROPE (AVENUE DE L'),43.63704,3.82257,Crépuscule ou aube,En agglomération,Hors intersection,Normale,Autre collision,4,-1,4,0,1,1,1,0,1,50,1,2,1,0,0,1,56.0,,voiture,,2,2,1,1,6
201900034236,2019-04-08 18:00:00,2019,4,8,18,0,34,34172,APOTHICAIRES (AVENUE DES),43.64499,3.84284,Plein jour,En agglomération,Intersection en T,Temps éblouissant,Deux véhicules - frontale,4,2,3,0,3,1,1,2,1,50,2,2,1,0,0,1,23.0,51.0,voiture,deux_roues,1,2,3,7,1
201900034237,2019-04-07 14:30:00,2019,4,7,14,30,34,34172,LIBERTE (AVENUE DE LA,43.6118,3.82569,Plein jour,En agglomération,Hors intersection,Pluie légère,Deux véhicules - côté,4,2,2,0,2,1,2,0,1,50,2,2,1,0,0,1,30.0,52.0,deux_roues,voiture,1,2,1,2,3
201900034238,2019-04-07 11:30:00,2019,4,7,11,30,33,33550,RUE LAMARTINE / RUE ALSACE LORRAINE,44.76201,-0.58389,Plein jour,En agglomération,Intersection en X,Normale,Deux véhicules - côté,4,2,2,0,1,1,1,0,8,50,2,2,1,1,0,0,57.0,33.0,deux_roues,voiture,1,2,2,1,3
201900034239,2019-03-29 02:40:00,2019,3,29,2,40,33,33550,RTE DE TOULOUSE,44.80106,-0.57063,Nuit avec éclairage non allumé,En agglomération,Hors intersection,Normale,Autre collision,4,2,2,0,1,1,1,0,1,50,1,2,0,0,0,2,37.0,,voiture,,4,2,1,1,6
201900034240,2019-04-08 11:55:00,2019,4,8,11,55,31,31555,BD DE STRASBOURG,43.60692,1.44744,Plein jour,En agglomération,Hors intersection,Normale,Sans collision,4,2,4,0,1,1,1,0,1,50,1,1,0,0,1,0,51.0,,deux_roues,,1,2,1,1,7
201900034241,2019-04-09 12:55:00,2019,4,9,12,55,31,31483,FOURNIER (PLACE ),43.11263,0.71403,Plein jour,En agglomération,Place,Normale,Deux véhicules - côté,4,1,1,0,1,1,1,5,1,50,2,2,1,0,0,1,39.0,54.0,deux_roues,voiture,1,2,7,1,3
201900034242,2019-04-08 11:30:00,2019,4,8,11,30,30,30189,RONDES (CHEMIN),43.87273,4.35704,Plein jour,En agglomération,Hors intersection,Normale,Deux véhicules - frontale,4,2,2,0,2,4,1,0,1,50,2,2,1,0,1,0,22.0,21.0,utilitaire_camion,deux_roues,1,2,1,1,1
201900034243,2019-04-07 17:20:00,2019,4,7,17,20,30,30189,TURENNE (RUE),43.840424,4.367696,Plein jour,En agglomération,Hors intersection,Normale,Autre collision,4,1,1,0,1,1,1,0,1,50,1,1,0,0,0,1,,,,,1,2,1,1,6
201900034244,2019-04-08 17:57:00,2019,4,8,17,57,29,29019,BEREST EUGENE,48.39313,-4.43321,Plein jour,En agglomération,Hors intersection,Normale,Deux véhicules - côté,4,-1,2,0,1,1,1,0,1,50,2,2,1,0,0,1,17.0,56.0,deux_roues,voiture,1,2,1,1,3
201900034245,2019-04-04 22:03:00,2019,4,4,22,3,29,29019,PUGET PIERRE,48.3912833,-4.4933643,Nuit avec éclairage allumé,En agglomération,Intersection en X,Pluie forte,Deux véhicules - côté,4,2,2,0,1,1,2,0,1,50,2,1,0,0,0,1,29.0,,deux_roues,,5,2,2,3,3
201900034246,2019-04-09 19:05:00,2019,4,9,19,5,27,27299,BRIAND (AVENUE ARISTIDE),49.04262,1.1599,Plein jour,En agglomération,Hors intersection,Normale,Autre collision,3,-1,2,0,1,1,1,0,1,50,1,2,1,0,0,1,26.0,,voiture,,1,2,1,1,6
201900034247,2019-04-04 14:00:00,2019,4,4,14,0,22,22198,TREBEURDEN (ROUTE DE),48.752531,-3.510354,Plein jour,Hors agglomération,Hors intersection,Normale,Trois véhicules et plus - en chaîne,3,2,2,0,1,1,1,0,1,80,3,4,3,0,0,1,19.0,62.0,voiture,voiture,1,1,1,1,4
201900034248,2019-04-02 07:35:00,2019,4,2,7,35,22,22113,RESISTANCE (AVENUE DE LA),48.737715,-3.467851,Crépuscule ou aube,En agglomération,Hors intersection,Pluie légère,Autre collision,3,2,2,0,2,1,2,9,1,50,1,2,1,0,0,1,44.0,,voiture,,2,2,1,2,6
201900034249,2019-04-08 14:00:00,2019,4,8,14,0,19,19031,BRISSON (RUE HENRI),45.16254,1.53494,Plein jour,En agglomération,Intersection en T,Normale,Autre collision,4,1,1,0,1,1,1,0,1,50,1,2,1,0,0,1,53.0,,transport_commun,,1,2,3,1,6
201900034250,2019-07-08 21:50:00,2019,7,8,21,50,22,22113,RESISTANCE (AVENUE DE LA),48.7523243,-3.4580208,Plein jour,En agglomération,Hors intersection,Normale,Deux véhicules - frontale,6,-1,-1,0,1,1,1,9,1,30,2,2,1,0,1,0,50.0,53.0,deux_roues,voiture,1,2,1,1,1
201900034251,2019-07-24 08:30:00,2019,7,24,8,30,17,17300,SAUTEL  BOULEVARD ANDRE,46.17115,-1.12299,Plein jour,En agglomération,Autre intersection,Normale,Deux véhicules - côté,7,2,6,0,1,1,1,0,1,50,2,2,1,0,0,1,21.0,29.0,voiture,voiture,1,2,9,1,3
201900034252,2019-07-24 15:40:00,2019,7,24,15,40,14,14699,PEUPLIERS (RUE DES),49.347,0.09695,Plein jour,En agglomération,Autre intersection,Normale,Autre collision,4,-1,2,0,1,4,1,0,1,50,1,4,3,0,0,1,74.0,,voiture,,1,2,9,1,6