accident_id,datetime,annee,mois,jour,heure,minute,departement,commune_insee,adresse,latitude,longitude,luminosite,agglomeration,intersection,meteo,collision,catr,circ,nbv,vosp,prof,plan,surf,infra,situ,vma,nb_vehicules,nb_usagers,nb_indemnes,nb_tues,nb_blesses_hosp,nb_blesses_legers,age_cond_1,age_cond_2,veh_type_cond_1,veh_type_cond_2,lum_code,agg_code,int_code,atm_code,col_code
201900034253,2019-07-24 20:10:00,2019,7,24,20,10,13,13203,FÉLIX PYAT (RUE),43.31756,5.37436,Plein jour,En agglomération,Hors intersection,Normale,Autre collision,4,2,0,0,1,1,1,0,1,50,1,2,1,0,0,1,18.0,,deux_roues,,1,2,1,1,6
201900034254,2019-07-24 18:30:00,2019,7,24,18,30,13,13208,HAIFA (AVENUE),43.25315,5.39289,Plein jour,En agglomération,Hors intersection,Normale,Trois véhicules et plus - en chaîne,7,2,2,0,1,1,1,0,1,50,3,2,1,0,0,1,44.0,25.0,voiture,voiture,1,2,1,1,4
201900034255,2019-07-24 16:23:00,2019,7,24,16,23,13,13213,CHEMIN DU MERLAN A LA ROSE ,43.33064,5.41061,Plein jour,En agglomération,Hors intersection,Normale,Deux véhicules - arrière,4,2,3,0,1,1,1,5,1,50,2,2,1,0,0,1,42.0,53.0,utilitaire_camion,voiture,1,2,1,1,2
201900034256,2019-07-24 14:30:00,2019,7,24,14,30,13,13203,CAMILLE PELLETAN (AVENUE),43.306061,5.373351,Plein jour,En agglomération,Hors intersection,Normale,Autre collision,4,1,3,0,2,1,1,0,1,50,1,1,0,0,0,1,,,,,1,2,1,1,6
201900034257,2019-06-11 16:10:00,2019,6,11,16,10,13,13204,MONTOLIVET (AVENUE DE),43.30979,5.40864,Plein jour,En agglomération,Hors intersection,Normale,Deux véhicules - arrière,4,1,1,0,2,1,1,0,1,50,2,2,1,0,0,1,28.0,21.0,voiture,deux_roues,1,2,1,1,2
201900034258,2019-07-24 09:10:00,2019,7,24,9,10,13,13203,CAMILLE PELLETAN (AVENUE),43.3054,5.37316,Plein jour,En agglomération,Hors intersection,Normale,Deux véhicules - côté,4,1,2,0,1,1,1,0,1,50,2,2,1,0,0,1,36.0,28.0,deux_roues,utilitaire_camion,1,2,1,1,3
201900034259,2019-07-24 07:00:00,2019,7,24,7,0,13,13212,VERRERIE (rond point),43.30049,5.47678,Plein jour,En agglomération,Autre intersection,Normale,Deux véhicules - arrière,4,1,2,0,2,2,1,0,1,50,2,2,1,0,0,1,62.0,26.0,utilitaire_camion,utilitaire_camion,1,2,9,1,2
201900034260,2019-07-24 06:35:00,2019,7,24,6,35,13,13213,CROIX ROUGE (AVENUE),43.335063,5.443707,Plein jour,En agglomération,Hors intersection,Normale,Deux véhicules - côté,4,2,2,0,1,1,1,0,1,50,2,2,1,0,0,1,34.0,59.0,utilitaire_camion,deux_roues,1,2,1,1,3
201900034261,2019-07-24 03:45:00,2019,7,24,3,45,11,11069,RD 6113,43.211726,2.387366,Nuit sans éclairage public,Hors agglomération,Hors intersection,Normale,Deux véhicules - arrière,3,3,2,0,2,2,2,9,1,80,2,2,1,1,0,0,48.0,41.0,utilitaire_camion,deux_roues,3,1,1,1,2
201900034262,2019-07-21 20:48:00,2019,7,21,20,48,9,09225,9° R.C.P. AVENUE DU,43.11582,1.62502,Crépuscule ou aube,En agglomération,Hors intersection,Normale,Autre collision,4,-1,2,0,1,1,1,0,2,50,1,1,0,1,0,0,36.0,,deux_roues,,2,2,1,1,6
201900034263,2019-07-24 14:30:00,2019,7,24,14,30,6,06088,GASIGLIA (R. THEODORE),43.706007,7.287035,Plein jour,En agglomération,Intersection en T,Normale,Deux véhicules - côté,4,1,1,0,1,1,1,0,1,50,2,2,0,0,0,2,18.0,33.0,deux_roues,deux_roues,1,2,3,1,3
201900034264,2019-07-24 09:25:00,2019,7,24,9,25,6,06069,FRAGONARD (BOULEVARD ET IMPASSE),43.65739,6.92328,Plein jour,En agglomération,Hors intersection,Normale,Autre collision,3,2,2,0,2,2,1,0,1,50,1,2,1,0,0,1,26.0,,voiture,,1,2,1,1,6
201900034265,2019-07-24 15:30:00,2019,7,24,15,30,75,75117,BD PERIPHERIQUE EXTERIEUR,48.893302,2.303343,Plein jour,En agglomération,Intersection en Y,Normale,Deux véhicules - arrière,4,1,4,0,1,1,1,0,1,70,2,2,1,0,0,1,38.0,30.0,voiture,deux_roues,1,2,4,1,2
201900034266,2019-07-23 10:55:00,2019,7,23,10,55,75,75112,BD PERIPHERIQUE INTERIEUR,48.827258,2.390884,Plein jour,En agglomération,Hors intersection,Normale,Deux véhicules - côté,4,1,4,0,1,1,1,0,1,70,2,2,1,0,0,1,27.0,23.0,deux_roues,voiture,1,2,1,1,3
201900034267,2019-07-23 09:30:00,2019,7,23,9,30,75,75113,BD PERIPHERIQUE INTERIEUR,48.821718,2.379015,Plein jour,En agglomération,Hors intersection,Normale,Deux véhicules - arrière,4,1,4,0,1,1,1,0,1,70,2,2,1,0,0,1,30.0,58.0,deux_roues,utilitaire_camion,1,2,1,1,2
201900034268,2019-07-09 21:32:00,2019,7,9,21,32,75,75112,BOULEVARD PERIPHERIQUE,48.832021,2.404875,Crépuscule ou aube,En agglomération,Hors intersection,Normale,Deux véhicules - côté,4,1,4,0,1,1,1,1,1,70,2,3,1,0,1,1,47.0,28.0,voiture,deux_roues,2,2,1,1,3
201900034269,2019-07-24 20:55:00,2019,7,24,20,55,75,75117,RUE DE TOCQUEVILLE,48.8850198,2.3107246,Plein jour,En agglomération,Intersection en X,Normale,Autre collision,4,2,2,0,1,1,1,0,1,50,2,2,0,0,0,2,39.0,,deux_roues,,1,2,2,1,6
201900034270,2019-07-24 01:08:00,2019,7,24,1,8,75,75117,RUE LA CONDAMINE,48.88577,2.321649,Nuit avec éclairage allumé,En agglomération,Intersection en X,Normale,Deux véhicules - côté,4,1,1,0,1,1,1,0,1,30,2,2,1,0,0,1,23.0,58.0,deux_roues,voiture,5,2,2,1,3
201900034271,2019-07-22 22:06:00,2019,7,22,22,6,75,75117,AVENUE DE WAGRAM,48.88032,2.299807,Nuit avec éclairage allumé,En agglomération,Intersection en X,Normale,Deux véhicules - côté,4,2,3,0,2,1,1,0,1,30,2,2,1,0,0,1,25.0,43.0,voiture,deux_roues,5,2,2,1,3
201900034272,2019-07-22 13:05:00,2019,7,22,13,5,75,75116,AVENUE KLEBER,48.866139,2.289496,Plein jour,En agglomération,Intersection en T,Normale,Autre collision,4,2,4,0,1,1,1,0,1,50,2,3,2,0,0,1,24.0,52.0,deux_roues,voiture,1,2,3,1,6
201900034273,2019-07-23 12:00:00,2019,7,23,12,0,75,75115,QUAI DE GRENELLE,48.854442,2.28868,Plein jour,En agglomération,Intersection en X,Normale,Deux véhicules - côté,4,2,-1,0,1,1,1,0,1,50,2,2,1,0,0,1,28.0,47.0,deux_roues,voiture,1,2,2,1,3
201900034274,2019-07-23 10:00:00,2019,7,23,10,0,75,75115,QUAI DE GRENELLE,48.853699,2.287678,Plein jour,En agglomération,Intersection en T,Normale,Sans collision,4,2,-1,1,1,1,1,0,5,50,1,1,0,0,0,1,34.0,,deux_roues,,1,2,3,1,7
201900034275,2019-07-24 10:00:00,2019,7,24,10,0,75,75114,RUE D ALESIA,48.829283,2.322647,Plein jour,En agglomération,Intersection en X,Normale,Autre collision,4,2,5,0,1,1,1,0,1,50,1,2,1,0,0,1,56.0,,utilitaire_camion,,1,2,2,1,6
201900034276,2019-07-24 10:20:00,2019,7,24,10,20,75,75109,PLACE KOSSUTH,48.876042,2.340208,Plein jour,En agglomération,Place,Normale,Deux véhicules - côté,4,1,2,0,1,1,1,0,1,50,2,2,1,0,0,1,51.0,55.0,deux_roues,utilitaire_camion,1,2,7,1,3
201900034277,2019-07-24 16:18:00,2019,7,24,16,18,75,75108,AVENUE CESAR CAIRE,48.876182,2.319461,Plein jour,En agglomération,Intersection en T,Normale,Deux véhicules - côté,4,2,2,0,1,1,1,0,1,50,2,2,1,0,0,1,51.0,45.0,voiture,deux_roues,1,2,3,1,3
201900034278,2019-07-24 14:02:00,2019,7,24,14,2,75,75108,AVENUE DES CHAMPS ELYSEES,48.867749,2.313968,Plein jour,En agglomération,Place,Normale,Autre collision,4,1,8,0,1,1,1,8,1,50,1,1,0,0,0,1,43.0,,deux_roues,,1,2,7,1,6
201900034279,2019-07-23 16:10:00,2019,7,23,16,10,94,94068,PARC (QU DU),48.81001,2.49857,Plein jour,En agglomération,Hors intersection,Normale,Deux véhicules - frontale,9,-1,1,0,1,2,1,6,1,30,2,2,0,0,0,2,20.0,47.0,deux_roues,deux_roues,1,2,1,1,1
201900034280,2019-07-24 01:00:00,2019,7,24,1,0,94,94046,GENERAL DE GAULLE (AV DU),48.8157,2.42,Nuit avec éclairage allumé,En agglomération,Hors intersection,Normale,Autre collision,3,4,4,0,1,2,1,5,1,50,2,1,0,0,0,1,33.0,,deux_roues,,5,2,1,1,6
201900034281,2019-07-23 08:35:00,2019,7,23,8,35,94,94034,ROGER SALENGRO (R),48.75612,2.32174,Plein jour,En agglomération,Intersection en X,Normale,Sans collision,3,1,2,0,1,2,1,0,1,50,1,2,1,0,0,1,24.0,,voiture,,1,2,2,1,7
201900034282,2019-07-24 11:07:00,2019,7,24,11,7,94,94011,ORADOUR SUR GLANE(AVENUE D'),48.768269,2.480283,Plein jour,En agglomération,Hors intersection,Normale,Sans collision,4,2,2,0,1,1,1,0,1,50,1,1,0,0,0,1,79.0,,voiture,,1,2,1,1,7
201900034283,2019-07-23 14:55:00,2019,7,23,14,55,94,94028,GAULLE(AVENUE DU GENERAL DE),48.777,2.4583,Plein jour,En agglomération,Hors intersection,Normale,Autre collision,3,-1,0,3,1,1,1,9,1,30,1,2,1,0,0,1,47.0,,voiture,,1,2,1,1,6
201900034284,2019-07-24 15:30:00,2019,7,24,15,30,94,94017,GENERAL DE GAULLE (AV DU),48.82393,2.49734,Plein jour,En agglomération,Hors intersection,Normale,Deux véhicules - côté,3,2,4,0,1,1,1,0,1,50,2,2,1,0,0,1,56.0,68.0,voiture,voiture,1,2,1,1,3
201900034285,2019-07-24 01:00:00,2019,7,24,1,0,93,93071,JOHN F. KENNEDY (AVENUE),48.94618,2.51543,Nuit avec éclairage allumé,En agglomération,Intersection en T,Normale,Deux véhicules - côté,3,-1,2,0,1,1,1,0,3,50,2,3,1,0,2,0,25.0,47.0,voiture,voiture,5,2,3,1,3
201900034286,2019-07-23 14:15:00,2019,7,23,14,15,93,93039,SEINE (QUAI DE ),48.93437,2.34104,Plein jour,En agglomération,Hors intersection,Normale,Autre collision,3,2,2,0,1,1,1,0,1,50,1,3,2,0,0,1,61.0,,voiture,,1,2,1,1,6
201900034287,2019-07-23 19:00:00,2019,7,23,19,0,93,93053,PARIS (RUE DE),48.8998,2.4492,Plein jour,En agglomération,Hors intersection,Normale,Autre collision,3,1,2,0,1,1,1,0,1,50,1,2,1,0,0,1,42.0,,deux_roues,,1,2,1,1,6
201900034288,2019-07-24 10:30:00,2019,7,24,10,30,93,93051,VERDUN,48.84907,2.53107,Plein jour,En agglomération,Intersection en X,Normale,Deux véhicules - côté,4,2,2,0,1,1,1,0,1,50,2,2,1,0,0,1,49.0,25.0,autre,deux_roues,1,2,2,1,3
201900034289,2019-07-24 09:04:00,2019,7,24,9,4,93,93051,REPUBLIQUE,48.8468,2.55862,Plein jour,En agglomération,Intersection en X,Normale,Trois véhicules et plus - collisions multiples,4,2,2,0,1,1,1,0,3,50,3,5,2,0,0,3,31.0,32.0,voiture,voiture,1,2,2,1,5
201900034290,2019-07-24 18:08:00,2019,7,24,18,8,93,93050,JEAN JAURES (AVENUE) COTE MAISON BLANCHE,48.863916,2.549663,Plein jour,En agglomération,Hors intersection,Normale,Sans collision,3,1,2,0,1,1,1,0,1,50,1,1,0,0,0,1,26.0,,deux_roues,,1,2,1,1,7
201900034291,2019-07-24 11:50:00,2019,7,24,11,50,93,93074,AMYOT BOULEVARD JACQUES,48.93954,2.56915,Plein jour,En agglomération,Hors intersection,Normale,Deux véhicules - arrière,7,1,1,0,1,1,1,0,1,50,2,2,1,0,0,1,33.0,67.0,voiture,voiture,1,2,1,1,2
201900034292,2019-07-24 21:20:00,2019,7,24,21,20,93,93006,STALINGRAD AV.,48.87279,2.42942,Plein jour,En agglomération,Hors intersection,Normale,Deux véhicules - côté,3,2,2,0,1,1,1,0,1,50,2,2,1,0,0,1,20.0,31.0,deux_roues,voiture,1,2,1,1,3
201900034293,2019-07-24 19:30:00,2019,7,24,19,30,93,93008,BALZAC (RUE),48.91334,2.41678,Plein jour,En agglomération,Hors intersection,Normale,Autre collision,4,2,2,0,1,1,1,0,1,50,1,2,1,0,0,1,23.0,,voiture,,1,2,1,1,6
201900034294,2019-07-21 12:35:00,2019,7,21,12,35,92,92072,ALBERT DAMOUSE (RUE),48.81835,2.21611,Plein jour,En agglomération,Hors intersection,Normale,Sans collision,4,1,1,0,2,1,1,0,1,50,1,1,0,0,0,1,40.0,,deux_roues,,1,2,1,1,7
201900034295,2019-07-23 18:30:00,2019,7,23,18,30,92,92048,ALEXANDRE GUILMANT (RUE),48.8145515,2.2429408,Plein jour,En agglomération,Hors intersection,Normale,Autre collision,4,1,1,0,1,2,1,4,1,50,2,1,0,0,0,1,,,,,1,2,1,1,6
201900034296,2019-07-24 11:05:00,2019,7,24,11,5,92,92048,CELLE (AVENUE DE),48.7871,2.22843,Plein jour,En agglomération,Hors intersection,Normale,Autre collision,4,2,2,0,1,1,1,0,3,30,1,1,0,0,0,1,,,,,1,2,1,1,6
201900034297,2019-07-25 13:25:00,2019,7,25,13,25,22,22339,Dombriand,48.4785,-2.04192,Plein jour,Hors agglomération,Autre intersection,Normale,Deux véhicules - arrière,3,2,2,0,1,1,1,0,1,80,2,2,1,0,0,1,40.0,45.0,deux_roues,voiture,1,1,9,1,2
201900034298,2019-07-12 12:09:00,2019,7,12,12,9,47,47137,VC3 cimetière saint pierre de cazeau,44.106294,0.572419,Plein jour,Hors agglomération,Hors intersection,Normale,Autre collision,4,2,2,0,1,3,1,0,3,80,1,1,0,1,0,0,55.0,,voiture,,1,1,1,1,6
201900034299,2019-07-24 07:45:00,2019,7,24,7,45,86,86056,Les Poteries,46.519793,0.128146,Plein jour,Hors agglomération,Hors intersection,Normale,Autre collision,3,2,2,0,1,1,9,8,3,80,1,1,0,0,1,0,23.0,,voiture,,1,1,1,1,6
201900034300,2019-07-25 17:00:00,2019,7,25,17,0,63,63163,Tracros,45.7856654,2.7485565,Plein jour,En agglomération,Hors intersection,Normale,Deux véhicules - côté,4,2,2,0,2,1,1,0,1,50,2,2,1,0,1,0,16.0,47.0,deux_roues,voiture,1,2,1,1,3
201900034301,2019-07-25 10:20:00,2019,7,25,10,20,1,01446,Agnereins,46.042707,4.8258,Plein jour,Hors agglomération,Intersection en Y,Normale,Autre collision,3,2,2,0,1,1,1,0,1,70,2,2,1,0,1,0,20.0,72.0,utilitaire_camion,voiture,1,1,4,1,6
201900034302,2019-07-24 21:00:00,2019,7,24,21,0,68,68300,départementale 55,47.785952,7.371845,Crépuscule ou aube,Hors agglomération,Hors intersection,Normale,Deux véhicules - côté,3,1,1,0,1,1,1,5,1,70,2,2,1,0,1,0,25.0,26.0,deux_roues,voiture,2,1,1,1,3
201900034303,2019-07-24 18:00:00,2019,7,24,18,0,44,44208,D 771,47.619143,-1.53818,Plein jour,Hors agglomération,Hors intersection,Normale,Trois véhicules et plus - collisions multiples,3,2,2,0,1,1,1,0,1,80,3,5,1,0,0,4,49.0,27.0,voiture,voiture,1,1,1,1,5
201900034304,2019-07-25 10:00:00,2019,7,25,10,0,50,50553,A84 PR 156+900,48.577225,-1.328598,Plein jour,Hors agglomération,Hors intersection,Normale,Sans collision,1,3,4,0,1,1,1,0,3,130,1,1,0,1,0,0,61.0,,voiture,,1,1,1,1,7
201900034305,2019-07-23 19:50:00,2019,7,23,19,50,66,66021,Route de Torreilles,42.725235,2.946038,Plein jour,Hors agglomération,Hors intersection,Normale,Autre collision,3,2,2,1,1,2,1,9,3,80,1,4,0,1,1,2,31.0,,voiture,,1,1,1,1,6
201900034306,2019-07-25 05:20:00,2019,7,25,5,20,57,57082,D24,49.057281,6.7788273,Crépuscule ou aube,Hors agglomération,Hors intersection,Normale,Deux véhicules - arrière,3,2,2,0,1,1,1,0,1,80,2,1,0,0,0,1,49.0,,deux_roues,,2,1,1,1,2
201900034307,2019-07-04 11:55:00,2019,7,4,11,55,51,51239,RD 933 / RD 40,48.8706003,3.9491484,Plein jour,Hors agglomération,Intersection en X,Normale,Deux véhicules - côté,3,2,2,0,1,1,1,5,1,80,2,3,1,0,0,2,69.0,62.0,voiture,voiture,1,1,2,1,3
201900034308,2019-07-25 10:05:00,2019,7,25,10,5,56,56078,Les Cinq Chemins,47.799542,-3.476931,Plein jour,Hors agglomération,Giratoire,Normale,Deux véhicules - arrière,3,2,2,0,1,3,1,5,1,50,2,2,1,0,1,0,84.0,69.0,voiture,deux_roues,1,1,6,1,2
201900034309,2019-07-24 20:05:00,2019,7,24,20,5,76,76648,896 Vaudichon,49.689726,1.259845,Plein jour,Hors agglomération,Hors intersection,Normale,Sans collision,3,2,2,0,1,2,9,0,3,50,1,2,1,0,1,0,19.0,,voiture,,1,1,1,1,7
201900034310,2019-07-25 04:55:00,2019,7,25,4,55,2B,2B150,RT30,42.584662,8.831227,Nuit sans éclairage public,Hors agglomération,Hors intersection,Normale,Autre collision,2,2,2,0,2,3,1,0,3,70,1,3,0,0,3,0,24.0,,voiture,,3,1,1,1,6
201900034311,2019-07-25 12:00:00,2019,7,25,12,0,2B,2B166,TRAVONE,42.467956,9.390894,Plein jour,En agglomération,Hors intersection,Normale,Sans collision,4,2,2,0,1,1,9,2,3,80,1,2,0,0,0,2,56.0,,voiture,,1,2,1,1,7
201900034312,2019-07-25 09:15:00,2019,7,25,9,15,80,80635,Rue Robert Bordeux,50.050023,1.901476,Plein jour,En agglomération,Hors intersection,Normale,Deux véhicules - arrière,3,2,2,0,1,1,1,0,1,-1,2,3,2,0,0,1,66.0,32.0,deux_roues,voiture,1,2,1,1,2
201900034313,2019-07-25 16:50:00,2019,7,25,16,50,80,80212,Route de Daours,49.913827,2.478684,Plein jour,Hors agglomération,Hors intersection,Normale,Deux véhicules - frontale,4,2,2,0,2,4,1,0,1,80,2,3,2,0,1,0,31.0,42.0,voiture,deux_roues,1,1,1,1,1
201900034314,2019-07-25 14:45:00,2019,7,25,14,45,82,82117,Riviere,44.333269,0.978129,Plein jour,Hors agglomération,Hors intersection,Normale,Autre collision,3,2,2,0,1,3,1,0,3,80,1,5,0,3,2,0,61.0,,voiture,,1,1,1,1,6
201900034315,2019-07-24 18:15:00,2019,7,24,18,15,33,33125,d1215,45.20656,-0.86348,Plein jour,Hors agglomération,Hors intersection,Normale,Autre collision,3,2,2,0,1,1,1,0,3,80,1,1,0,0,1,0,75.0,,voiture,,1,1,1,1,6
201900034316,2019-07-25 16:40:00,2019,7,25,16,40,11,11014,D 31,43.192656,3.068176,Plein jour,Hors agglomération,Intersection en Y,Normale,Deux véhicules - frontale,3,2,2,0,1,1,1,5,1,80,2,6,1,0,3,2,81.0,84.0,voiture,voiture,1,1,4,1,1
201900034317,2019-07-25 12:15:00,2019,7,25,12,15,11,11429,boulevard de l'artisanat,43.246789,2.38079,Plein jour,Hors agglomération,Intersection en T,Normale,Deux véhicules - côté,4,2,2,0,1,1,1,0,1,80,2,2,1,0,1,0,36.0,21.0,voiture,deux_roues,1,1,3,1,3
201900034318,2019-07-24 22:30:00,2019,7,24,22,30,71,71543,Avenue du Maréchal de Lattre de Tassigny,46.556156,4.915334,Nuit avec éclairage allumé,En agglomération,Autre intersection,Normale,Deux véhicules - côté,3,2,3,0,1,1,1,0,1,80,2,2,1,0,1,0,36.0,48.0,deux_roues,voiture,5,2,9,1,3
201900034319,2019-07-24 17:55:00,2019,7,24,17,55,68,68267,Rue d'Oelenberg,47.747343,7.213181,Plein jour,Hors agglomération,Intersection en Y,Normale,Deux véhicules - côté,4,2,2,0,1,3,1,0,1,50,2,2,1,0,1,0,88.0,51.0,deux_roues,voiture,1,1,4,1,3
201900034320,2019-07-25 17:20:00,2019,7,25,17,20,68,68004,RD419,47.627597,7.264292,Plein jour,En agglomération,Intersection en T,Normale,Deux véhicules - frontale,3,2,2,0,1,1,1,5,1,50,2,3,1,0,0,2,38.0,39.0,voiture,voiture,1,2,3,1,1
201900034321,2019-07-15 20:40:00,2019,7,15,20,40,29,29271,lieu-dit Bellevue proche  goasfanc,48.567649,-4.1561761,Plein jour,Hors agglomération,Intersection en X,Normale,Deux véhicules - côté,3,2,2,0,1,1,1,5,1,80,2,2,1,0,1,0,53.0,44.0,voiture,voiture,1,1,2,1,3
201900034322,2019-06-17 20:35:00,2019,6,17,20,35,31,31033,54 Route de Toulouse,43.359217,1.466077,Plein jour,En agglomération,Intersection en T,Normale,Deux véhicules - frontale,3,2,2,0,1,1,1,0,1,50,2,3,1,0,0,2,19.0,66.0,deux_roues,voiture,1,2,3,1,1
201900034323,2019-07-23 13:10:00,2019,7,23,13,10,2,02361,D1029,49.9109783,3.6610155,Plein jour,Hors agglomération,Hors intersection,Normale,Deux véhicules - arrière,3,2,2,0,4,1,1,0,1,80,2,2,1,0,0,1,33.0,47.0,voiture,utilitaire_camion,1,1,1,1,2
201900034324,2019-07-25 10:44:00,2019,7,25,10,44,2,02292,rue de la prairie,49.034758,3.404752,Plein jour,En agglomération,Place,Temps éblouissant,Deux véhicules - arrière,6,-1,2,0,1,1,1,9,8,30,2,2,1,0,0,1,30.0,25.0,deux_roues,voiture,1,2,7,7,2
201900034325,2019-07-25 12:11:00,2019,7,25,12,11,58,58302,N151 PR 7+250,47.211497,3.088636,Plein jour,Hors agglomération,Intersection en T,Normale,Deux véhicules - côté,2,2,2,0,1,1,1,0,1,80,2,2,0,2,0,0,64.0,87.0,deux_roues,voiture,1,1,3,1,3
201900034326,2019-07-25 14:20:00,2019,7,25,14,20,6,06108,1010 Chemin de la Levade,43.5734813,6.9414087,Plein jour,Hors agglomération,Hors intersection,Normale,Deux véhicules - côté,3,2,2,0,1,1,1,0,1,50,2,2,1,1,0,0,39.0,23.0,utilitaire_camion,deux_roues,1,1,1,1,3
201900034327,2019-07-24 20:00:00,2019,7,24,20,0,14,14349,Route de Percouville (Clinchamps-sur-Orne),49.089756,-0.408276,Plein jour,Hors agglomération,Hors intersection,Normale,Sans collision,4,2,2,0,1,4,9,0,3,80,1,2,1,0,1,0,22.0,,voiture,,1,1,1,1,7
201900034328,2019-07-24 18:05:00,2019,7,24,18,5,14,14077,Carrefour RD 98  ET 265,49.258025,0.302672,Plein jour,Hors agglomération,Intersection en X,Normale,Deux véhicules - côté,3,2,2,0,1,1,1,0,1,80,2,8,6,0,1,1,24.0,40.0,voiture,voiture,1,1,2,1,3
201900034329,2019-07-24 18:45:00,2019,7,24,18,45,5,05072,d14,44.654357,6.085,Plein jour,Hors agglomération,Intersection en T,Normale,Sans collision,2,2,2,-1,1,1,1,0,1,80,1,1,0,0,0,1,62.0,,deux_roues,,1,1,3,1,7
201900034330,2019-07-25 11:45:00,2019,7,25,11,45,50,50238,Le Hameau Carpentier,49.572329,-1.825945,Plein jour,Hors agglomération,Hors intersection,Normale,Sans collision,3,2,2,0,1,2,1,0,1,80,1,1,0,0,0,1,21.0,,deux_roues,,1,1,1,1,7
201900034331,2019-07-25 09:30:00,2019,7,25,9,30,83,83040,,43.801327,6.618872,Plein jour,Hors agglomération,Hors intersection,Normale,Deux véhicules - frontale,3,2,2,0,1,3,1,0,1,70,2,3,0,0,1,2,34.0,76.0,voiture,voiture,1,1,1,1,1
201900034332,2019-07-21 01:40:00,2019,7,21,1,40,45,45083,RD943 - RTE DE TRIGUERES,47.936086,2.960002,Nuit sans éclairage public,Hors agglomération,Hors intersection,Normale,Deux véhicules - frontale,3,2,2,0,1,1,1,0,1,80,2,3,1,0,1,1,28.0,31.0,voiture,deux_roues,3,1,1,1,1
201900034333,2019-07-24 14:55:00,2019,7,24,14,55,64,64010,d 29,43.3515944,-1.0212497,Plein jour,Hors agglomération,Hors intersection,Normale,Sans collision,3,2,2,0,1,1,1,0,3,70,1,1,0,0,1,0,23.0,,voiture,,1,1,1,1,7
201900034334,2019-07-25 15:30:00,2019,7,25,15,30,53,53238,LA BROSSE,48.431684,-1.037624,Plein jour,Hors agglomération,Hors intersection,Normale,Deux véhicules - frontale,3,2,2,0,2,2,1,0,1,80,2,4,2,0,1,1,22.0,43.0,voiture,utilitaire_camion,1,1,1,1,1
201900034335,2019-07-24 20:40:00,2019,7,24,20,40,53,53097,route departementale 7,48.127249,-0.378504,Plein jour,Hors agglomération,Hors intersection,Normale,Sans collision,3,2,2,0,1,1,1,0,3,80,1,1,0,0,1,0,20.0,,voiture,,1,1,1,1,7
201900034336,2019-07-22 02:00:00,2019,7,22,2,0,23,23022,Ecosse,46.37202,2.030243,Nuit sans éclairage public,Hors agglomération,Hors intersection,Normale,Autre collision,3,2,2,0,1,3,1,0,3,80,1,1,0,1,0,0,17.0,,deux_roues,,3,1,1,1,6
201900034337,2019-07-24 22:05:00,2019,7,24,22,5,8,08090,Rue des jardins,49.639451,5.17614,Nuit avec éclairage allumé,En agglomération,Intersection en T,Normale,Autre collision,3,2,2,0,2,1,1,0,1,50,1,2,1,0,0,1,65.0,,voiture,,5,2,3,1,6
201900034338,2019-07-24 04:10:00,2019,7,24,4,10,67,67176,Carrefour RD1062 - RD662,48.892502,7.661567,Nuit sans éclairage public,Hors agglomération,Giratoire,Normale,Sans collision,3,2,2,0,1,2,1,0,3,80,1,1,0,0,1,0,61.0,,voiture,,3,1,6,1,7
201900034339,2019-07-18 06:30:00,2019,7,18,6,30,973,97307,RN2 Carrefour de Stoupan,4.8055949,-52.3637581,Crépuscule ou aube,Hors agglomération,Autre intersection,Normale,Deux véhicules - côté,2,2,2,0,1,1,1,0,1,80,2,2,1,0,0,1,54.0,44.0,voiture,deux_roues,2,1,9,1,3
201900034340,2019-07-24 18:30:00,2019,7,24,18,30,6,06152,280 Route de Biot,43.6433766,7.0225687,Plein jour,En agglomération,Hors intersection,Normale,Sans collision,3,2,2,0,1,1,1,0,3,50,1,1,0,0,0,1,18.0,,deux_roues,,1,2,1,1,7
201900034341,2019-07-25 11:00:00,2019,7,25,11,0,973,97303,route nationale 1 PK143-500,5.4770786,-53.1919813,Plein jour,Hors agglomération,Hors intersection,Normale,Sans collision,2,-1,2,0,1,1,1,0,3,80,1,2,0,0,1,1,56.0,,voiture,,1,1,1,1,7
201900034342,2019-07-24 16:40:00,2019,7,24,16,40,45,45162,RD 22 - R ST JACQUES,48.204347,2.176264,Plein jour,Hors agglomération,Intersection en T,Normale,Deux véhicules - frontale,3,2,2,0,1,1,1,0,1,80,2,2,1,0,1,0,25.0,40.0,utilitaire_camion,voiture,1,1,3,1,1
201900034343,2019-07-25 00:00:00,2019,7,25,0,0,34,34327,Route Départementale,43.65811,3.963145,Nuit sans éclairage public,Hors agglomération,Intersection en X,Normale,Deux véhicules - côté,3,4,3,0,1,1,1,5,1,70,2,2,1,0,0,1,17.0,41.0,deux_roues,voiture,3,1,2,1,3
201900034344,2019-07-25 20:30:00,2019,7,25,20,30,83,83068,Rte du littoral,43.283713,6.591749,Plein jour,Hors agglomération,Hors intersection,Normale,Deux véhicules - côté,3,2,2,0,1,1,1,0,1,70,2,2,1,0,0,1,39.0,51.0,deux_roues,voiture,1,1,1,1,3
201900034345,2019-07-25 17:45:00,2019,7,25,17,45,4,04152,RD 6,43.8074704,5.7294088,Plein jour,Hors agglomération,Hors intersection,Normale,Sans collision,3,2,2,0,2,3,1,0,3,50,1,3,1,0,1,1,32.0,,voiture,,1,1,1,1,7