accident_id,datetime,annee,mois,jour,heure,minute,departement,commune_insee,adresse,latitude,longitude,luminosite,agglomeration,intersection,meteo,collision,catr,circ,nbv,vosp,prof,plan,surf,infra,situ,vma,nb_vehicules,nb_usagers,nb_indemnes,nb_tues,nb_blesses_hosp,nb_blesses_legers,age_cond_1,age_cond_2,veh_type_cond_1,veh_type_cond_2,lum_code,agg_code,int_code,atm_code,col_code
201900034346,2019-07-24 19:30:00,2019,7,24,19,30,13,13022,D559 A,43.233645,5.588751,Crépuscule ou aube,Hors agglomération,Hors intersection,Normale,Deux véhicules - frontale,3,2,2,0,2,3,1,0,1,70,2,2,1,0,1,0,26.0,47.0,deux_roues,voiture,2,1,1,1,1
201900034347,2019-07-24 23:10:00,2019,7,24,23,10,71,71249,D18,46.646132,4.838942,Nuit sans éclairage public,Hors agglomération,Hors intersection,Normale,Deux véhicules - frontale,3,2,2,0,1,3,1,0,1,80,2,4,1,1,1,1,56.0,38.0,voiture,voiture,3,1,1,1,1
201900034348,2019-07-24 16:00:00,2019,7,24,16,0,42,42094,Route de Saint-Étienne,45.725506,4.225756,Plein jour,En agglomération,Hors intersection,Normale,Deux véhicules - frontale,3,2,2,0,1,1,1,0,1,50,2,5,4,0,1,0,70.0,34.0,voiture,utilitaire_camion,1,2,1,1,1
201900034349,2019-07-25 01:00:00,2019,7,25,1,0,69,69250,Route de Lozanne,45.82096,4.69663,Nuit sans éclairage public,Hors agglomération,Hors intersection,Normale,Deux véhicules - frontale,3,3,2,0,1,2,1,0,1,70,2,3,0,0,0,3,48.0,76.0,voiture,voiture,3,1,1,1,1
201900034350,2019-07-24 20:10:00,2019,7,24,20,10,81,81099,La Daymarié,43.9207424,1.9371141,Plein jour,Hors agglomération,Hors intersection,Normale,Sans collision,3,2,2,0,1,1,1,0,8,80,1,3,1,0,1,1,18.0,,voiture,,1,1,1,1,7
201900034351,2019-07-24 20:15:00,2019,7,24,20,15,9,09058,Chemin de Martres,42.865169,1.617913,Plein jour,En agglomération,Autre intersection,Normale,Sans collision,4,2,2,1,2,3,1,0,3,50,1,1,0,0,1,0,76.0,,voiture,,1,2,9,1,7
201900034352,2019-07-24 00:25:00,2019,7,24,0,25,22,22160,LE MOULIN DE CRAVIA,48.4450102,-2.4699089,Nuit sans éclairage public,Hors agglomération,Hors intersection,Normale,Autre collision,3,2,2,0,2,3,1,0,1,70,1,1,0,0,1,0,48.0,,deux_roues,,3,1,1,1,6
201900034353,2019-07-25 16:10:00,2019,7,25,16,10,62,62443,Zone Commerciale rue Victor HUGO,50.451894,2.637053,Plein jour,En agglomération,Giratoire,Normale,Autre collision,3,2,2,0,1,1,1,5,1,50,1,1,0,1,0,0,57.0,,voiture,,1,2,6,1,6
201900034354,2019-07-09 18:40:00,2019,7,9,18,40,62,62603,rout départementale 940,50.632381,1.644692,Plein jour,Hors agglomération,Hors intersection,Normale,Autre collision,3,2,2,1,1,1,1,0,5,80,1,1,0,0,1,0,58.0,,voiture,,1,1,1,1,6
201900034355,2019-07-24 21:49:00,2019,7,24,21,49,13,13215,A55-Sens Marseille vers Martigues,43.3293309,5.3562281,Nuit sans éclairage public,Hors agglomération,Hors intersection,Normale,Sans collision,1,1,1,0,2,3,1,9,1,70,1,1,0,0,0,1,23.0,,deux_roues,,3,1,1,1,7
201900034356,2019-07-24 11:40:00,2019,7,24,11,40,69,69256,A42     0.560 A 4.020,45.79203,4.91423,Plein jour,Hors agglomération,Hors intersection,Normale,Autre collision,1,3,4,0,1,1,1,0,1,90,2,2,0,0,1,1,40.0,,voiture,,1,1,1,1,6
201900034357,2019-07-23 22:20:00,2019,7,23,22,20,69,69389,BPNL   34.614 A 36.285,45.78231,4.80041,Nuit avec éclairage allumé,Hors agglomération,Hors intersection,Normale,Autre collision,7,1,2,0,1,3,1,1,1,70,1,2,1,0,1,0,,,deux_roues,,5,1,1,1,6
201900034358,2019-07-24 14:50:00,2019,7,24,14,50,92,92019,RN 385 INT,48.7723278,2.2427874,Plein jour,Hors agglomération,Hors intersection,Normale,Autre collision,2,1,2,0,1,3,1,2,1,50,1,1,0,0,0,1,29.0,,deux_roues,,1,1,1,1,6
201900034359,2019-07-23 08:55:00,2019,7,23,8,55,94,94034,AUTOROUTE A86,48.7619754,2.3144245,Plein jour,Hors agglomération,Hors intersection,Normale,Trois véhicules et plus - en chaîne,1,3,6,0,1,1,1,0,1,70,4,4,3,0,0,1,24.0,29.0,voiture,voiture,1,1,1,1,4
201900034360,2019-07-24 16:40:00,2019,7,24,16,40,78,78118,A13,48.985875,1.670032,Plein jour,Hors agglomération,Hors intersection,Normale,Deux véhicules - arrière,1,1,3,0,1,1,1,0,1,110,2,3,1,0,0,2,63.0,71.0,voiture,voiture,1,1,1,1,2
201900034361,2019-07-24 08:45:00,2019,7,24,8,45,78,78640,N118,48.77784,2.22023,Plein jour,Hors agglomération,Hors intersection,Normale,Sans collision,2,3,2,0,2,1,1,3,1,70,1,1,0,0,0,1,34.0,,deux_roues,,1,1,1,1,7
201900034362,2019-07-24 02:50:00,2019,7,24,2,50,92,92050,A86,48.9066786,2.2114264,Nuit sans éclairage public,Hors agglomération,Hors intersection,Normale,Autre collision,1,1,3,3,1,1,1,0,1,90,1,3,0,0,0,3,19.0,,utilitaire_camion,,3,1,1,1,6
201900034363,2019-07-23 10:00:00,2019,7,23,10,0,92,92036,A86,48.934118,2.2717639,Plein jour,Hors agglomération,Hors intersection,Normale,Trois véhicules et plus - en chaîne,1,-1,2,0,1,1,1,0,1,90,5,5,3,0,0,2,33.0,28.0,voiture,voiture,1,1,1,1,4
201900034364,2019-07-24 01:20:00,2019,7,24,1,20,95,95277,AUTOROUTE A1,48.97962,2.49654,Nuit sans éclairage public,Hors agglomération,Hors intersection,Normale,Trois véhicules et plus - collisions multiples,1,3,-1,0,1,1,1,0,1,110,3,4,1,0,2,1,28.0,36.0,voiture,utilitaire_camion,3,1,1,1,5
201900034365,2019-07-23 01:30:00,2019,7,23,1,30,93,93064,AUTOROUTE A86,48.87924,2.47604,Nuit avec éclairage non allumé,Hors agglomération,Hors intersection,Normale,Trois véhicules et plus - collisions multiples,1,3,8,0,1,1,1,0,1,90,3,3,1,0,0,2,23.0,24.0,voiture,voiture,4,1,1,1,5
201900034366,2019-07-22 20:30:00,2019,7,22,20,30,93,93053,AUTOROUTE A3,48.89372,2.47232,Plein jour,Hors agglomération,Hors intersection,Normale,Trois véhicules et plus - collisions multiples,1,3,10,0,1,1,1,2,1,70,3,3,2,0,0,1,30.0,59.0,utilitaire_camion,voiture,1,1,1,1,5
201900034367,2019-07-23 16:54:00,2019,7,23,16,54,77,77249,RN104,48.729332,2.607536,Plein jour,Hors agglomération,Hors intersection,Normale,Deux véhicules - arrière,2,3,2,0,1,2,1,0,3,90,2,2,1,0,0,1,29.0,42.0,voiture,utilitaire_camion,1,1,1,1,2
201900034368,2019-07-23 09:50:00,2019,7,23,9,50,93,93051,A4,48.83523,2.57117,Plein jour,Hors agglomération,Hors intersection,Normale,Trois véhicules et plus - en chaîne,1,3,8,0,1,1,1,0,1,110,4,4,0,0,0,4,48.0,54.0,utilitaire_camion,voiture,1,1,1,1,4
201900034369,2019-07-22 16:05:00,2019,7,22,16,5,71,71306,RN 70 (ROUTE EXPRESS),46.6889691,4.3649824,Plein jour,En agglomération,Hors intersection,Normale,Sans collision,2,3,4,0,1,1,1,0,1,110,1,1,0,0,0,1,64.0,,voiture,,1,2,1,1,7
201900034370,2019-07-22 14:25:00,2019,7,22,14,25,71,71306,DE LATTRE DE TASSIGNY (BLD DU MARECHAL),46.67193,4.3844,Plein jour,En agglomération,Hors intersection,Normale,Deux véhicules - arrière,4,2,2,0,1,1,1,0,1,50,2,2,1,0,0,1,20.0,23.0,voiture,voiture,1,2,1,1,2
201900034371,2019-07-22 11:45:00,2019,7,22,11,45,63,63113,FLAUBERT (BD GUSTAVE),45.7621469,3.1262128,Plein jour,En agglomération,Passage à niveau,Normale,Deux véhicules - côté,7,2,10,3,1,1,1,4,1,50,2,2,1,0,0,1,50.0,23.0,transport_commun,voiture,1,2,8,1,3
201900034372,2019-07-22 17:40:00,2019,7,22,17,40,13,13203,PARIS (BOULEVARD DE),43.3074,5.37159,Plein jour,En agglomération,Intersection en X,Normale,Deux véhicules - côté,4,1,3,1,1,1,1,0,1,50,2,3,2,0,0,1,21.0,30.0,voiture,deux_roues,1,2,2,1,3
201900034373,2019-07-22 16:11:00,2019,7,22,16,11,92,92049,BROSSOLETTE AVENUE PIERRE,48.81163,2.30024,Plein jour,En agglomération,Hors intersection,Normale,Deux véhicules - côté,3,3,4,0,1,1,1,0,1,50,2,2,1,0,0,1,30.0,33.0,voiture,deux_roues,1,2,1,1,3
201900034374,2019-07-21 21:40:00,2019,7,21,21,40,93,93005,AUTOROUTE A3,48.96176,2.46731,Plein jour,Hors agglomération,Hors intersection,Normale,Autre collision,1,3,2,0,2,2,1,3,1,50,1,1,0,0,1,0,26.0,,deux_roues,,1,1,1,1,6
201900034375,2019-07-23 14:08:00,2019,7,23,14,8,974,97416,LEBLOND 1 (RUE MARIUS ET ARY),-21.33856,55.47771,Plein jour,En agglomération,Hors intersection,Pluie légère,Autre collision,4,1,2,0,1,1,2,0,1,50,1,2,1,0,1,0,64.0,,voiture,,1,2,1,2,6
201900034376,2019-07-23 12:55:00,2019,7,23,12,55,974,97411,TOPAZES(ALLEE DES),-20.89819,55.44397,Plein jour,Hors agglomération,Intersection en T,Normale,Deux véhicules - côté,4,2,2,0,2,2,1,0,1,50,2,2,1,0,0,1,29.0,47.0,deux_roues,voiture,1,1,3,1,3
201900034377,2019-07-22 10:15:00,2019,7,22,10,15,973,97302,REPUBLIQUE (BD DE LA),4.9385259,-52.3210573,Plein jour,En agglomération,Hors intersection,Normale,Autre collision,4,2,2,0,1,1,1,0,1,50,1,2,1,0,0,1,47.0,,utilitaire_camion,,1,2,1,1,6
201900034378,2019-07-23 07:31:00,2019,7,23,7,31,973,97302,SAINT ANTOINE (CHEMIN),4.9354796,-52.2950935,Plein jour,Hors agglomération,Intersection en T,Normale,Deux véhicules - côté,3,2,2,0,1,1,1,0,1,50,2,2,1,0,0,1,32.0,26.0,voiture,deux_roues,1,1,3,1,3
201900034379,2019-07-24 00:40:00,2019,7,24,0,40,69,69387,CLAUDE BERNARD                      (QU),45.7522576,4.8372722,Nuit avec éclairage allumé,En agglomération,Hors intersection,Normale,Autre collision,4,1,3,0,1,1,1,9,1,50,1,1,0,0,0,1,33.0,,deux_roues,,5,2,1,1,6
201900034380,2019-07-23 09:32:00,2019,7,23,9,32,69,69387,ST LAZARE                           (R ),45.7487178,4.8477132,Plein jour,En agglomération,Hors intersection,Normale,Autre collision,4,1,1,0,1,3,1,0,1,50,1,4,3,0,1,0,34.0,,utilitaire_camion,,1,2,1,1,6
201900034381,2019-07-21 20:55:00,2019,7,21,20,55,972,97213,ROUTE DEPARTEMENTALE 3,14.59809,-61.00144,Nuit avec éclairage non allumé,Hors agglomération,Autre intersection,Normale,Sans collision,3,1,2,0,1,3,1,9,1,30,1,2,1,0,0,1,16.0,,deux_roues,,4,1,9,1,7
201900034382,2019-07-23 01:10:00,2019,7,23,1,10,972,97209,RN9,14.61215,-61.04498,Nuit avec éclairage allumé,En agglomération,Giratoire,Pluie légère,Autre collision,2,1,2,0,1,3,2,0,1,50,1,1,0,0,0,1,19.0,,voiture,,5,2,6,2,6
201900034383,2019-07-23 22:19:00,2019,7,23,22,19,2A,2A004,SAINT ANTOINE RUE,41.93228,8.64127,Nuit sans éclairage public,Hors agglomération,Hors intersection,Normale,Autre collision,3,2,2,0,1,3,1,0,1,50,1,5,2,0,1,2,45.0,,voiture,,3,1,1,1,6
201900034384,2019-07-23 14:55:00,2019,7,23,14,55,2A,2A004,RD11,41.9313814,8.720345,Plein jour,Hors agglomération,Hors intersection,Normale,Deux véhicules - arrière,3,2,2,0,1,1,1,0,1,50,2,2,1,0,1,0,19.0,29.0,deux_roues,utilitaire_camion,1,1,1,1,2
201900034385,2019-07-23 12:25:00,2019,7,23,12,25,91,91174,JEAN COCTEAU (RUE),48.608066,2.449051,Plein jour,En agglomération,Autre intersection,Normale,Deux véhicules - arrière,6,1,1,0,1,1,1,9,3,50,2,2,0,0,0,2,45.0,,voiture,,1,2,9,1,2
201900034386,2019-07-23 10:10:00,2019,7,23,10,10,87,87085,7 PLACE JOURDAN,45.83213,1.26429,Plein jour,En agglomération,Hors intersection,Normale,Deux véhicules - arrière,4,3,4,0,2,1,1,0,1,50,2,2,1,0,0,1,82.0,34.0,voiture,voiture,1,2,1,1,2
201900034387,2019-07-22 15:13:00,2019,7,22,15,13,87,87085,RN520,45.89196,1.28917,Plein jour,Hors agglomération,Hors intersection,Normale,Deux véhicules - côté,2,2,2,0,1,1,1,0,1,80,2,2,1,0,0,1,69.0,44.0,deux_roues,voiture,1,1,1,1,3
201900034388,2019-07-22 13:32:00,2019,7,22,13,32,87,87085,ENCOMBE-VINEUSE (IMPASSE ET RUE),45.83972,1.25473,Plein jour,En agglomération,Hors intersection,Normale,Autre collision,4,1,1,0,1,1,1,0,1,50,1,1,0,0,0,1,20.0,,voiture,,1,2,1,1,6
201900034389,2019-07-21 23:10:00,2019,7,21,23,10,83,83050,GRASSE(ROUTE VIEILLE  DE),43.3229,6.2852,Nuit avec éclairage allumé,En agglomération,Autre intersection,Normale,Deux véhicules - frontale,4,2,2,0,1,1,1,0,1,30,2,2,1,0,0,1,44.0,22.0,voiture,voiture,5,2,9,1,1
201900034390,2019-07-22 18:10:00,2019,7,22,18,10,83,83141,,43.50491,6.48262,Plein jour,En agglomération,Hors intersection,Temps éblouissant,Deux véhicules - côté,3,2,4,0,1,1,1,0,1,50,2,2,1,0,0,1,38.0,68.0,voiture,voiture,1,2,1,7,3
201900034391,2019-07-21 06:55:00,2019,7,21,6,55,76,76322,RN 338 (VOIE RAPIDE SUD 3),49.4169,1.0469,Plein jour,Hors agglomération,Hors intersection,Normale,Sans collision,2,3,2,0,1,1,1,0,1,90,1,1,0,0,1,0,29.0,,deux_roues,,1,1,1,1,7
201900034392,2019-07-21 22:00:00,2019,7,21,22,0,76,76231,PUCHOT. RUE DU,49.29127,1.00265,Crépuscule ou aube,En agglomération,Hors intersection,Normale,Autre collision,3,2,2,0,1,1,1,0,1,50,1,2,1,0,1,0,63.0,,voiture,,2,2,1,1,6
201900034393,2019-07-04 02:00:00,2019,7,4,2,0,76,76497,D938,49.38297,1.05234,Nuit sans éclairage public,Hors agglomération,Giratoire,Normale,Autre collision,3,1,2,0,1,2,1,0,1,50,1,1,0,0,0,1,23.0,,voiture,,3,1,6,1,6
201900034394,2019-07-22 12:05:00,2019,7,22,12,5,71,71270,LIBERTE (RUE DE LA),46.31855,4.82061,Plein jour,En agglomération,Hors intersection,Normale,Deux véhicules - arrière,4,-1,2,0,1,1,1,0,1,50,2,2,1,0,1,0,20.0,78.0,deux_roues,voiture,1,2,1,1,2
201900034395,2019-07-23 00:15:00,2019,7,23,0,15,71,71153,MARTYRS DE LA LIBERATION (RUE DES),46.806996,4.434904,Nuit avec éclairage non allumé,En agglomération,Hors intersection,Normale,Autre collision,4,2,2,0,2,1,1,0,1,50,1,1,0,0,0,1,45.0,,deux_roues,,4,2,1,1,6
201900034396,2019-07-22 18:05:00,2019,7,22,18,5,71,71153,EUROPE (AVENUE DE L'),46.80707,4.43066,Plein jour,En agglomération,Giratoire,Normale,Deux véhicules - frontale,4,2,2,0,2,1,1,2,1,30,2,2,1,0,0,1,41.0,63.0,voiture,voiture,1,2,6,1,1
201900034397,2019-07-23 08:35:00,2019,7,23,8,35,66,66136,PRADES (AVENUE DE),42.69124,2.83977,Plein jour,En agglomération,Hors intersection,Normale,Trois véhicules et plus - en chaîne,4,2,2,0,1,1,1,0,1,50,4,4,1,0,0,3,39.0,44.0,voiture,utilitaire_camion,1,2,1,1,4
201900034398,2019-07-23 08:45:00,2019,7,23,8,45,64,64483,MARANON GREGORIO (AVENUE DU PROFESSEUR),43.3849241,-1.6613194,Plein jour,En agglomération,Hors intersection,Normale,Autre collision,4,2,2,0,1,1,1,0,3,50,1,2,1,0,1,0,21.0,,voiture,,1,2,1,1,6
201900034399,2019-07-17 10:10:00,2019,7,17,10,10,64,64445,DUFAU,43.3086156,-0.3643367,Plein jour,En agglomération,Hors intersection,Normale,Sans collision,4,1,2,3,1,1,1,0,3,50,1,2,1,0,0,1,51.0,,transport_commun,,1,2,1,1,7
201900034400,2019-07-22 12:50:00,2019,7,22,12,50,64,64024,BARRE (PROMENADE DE LA),43.4974631,-1.5279648,Plein jour,En agglomération,Hors intersection,Normale,Sans collision,4,2,2,1,1,4,1,0,3,30,1,1,0,0,1,0,65.0,,deux_roues,,1,2,1,1,7
201900034401,2019-07-18 07:47:00,2019,7,18,7,47,63,63124,Foch/LIBERATION (AV. DE LA),45.73174,3.19148,Plein jour,En agglomération,Intersection en X,Normale,Autre collision,4,2,2,0,1,1,1,6,1,50,1,3,2,0,0,1,84.0,,voiture,,1,2,2,1,6
201900034402,2019-07-23 19:25:00,2019,7,23,19,25,59,59350,LEGRAND PIERRE RUE,50.62953,3.10026,Plein jour,En agglomération,Hors intersection,Normale,Deux véhicules - arrière,7,2,5,1,1,1,1,0,1,50,2,2,1,0,1,0,39.0,34.0,voiture,deux_roues,1,2,1,1,2
201900034403,2019-07-22 11:00:00,2019,7,22,11,0,56,56162,Bd de l'Océan,47.73546,-3.50034,Plein jour,En agglomération,Hors intersection,Normale,Autre collision,3,2,2,0,1,1,2,0,1,50,3,3,2,0,0,1,31.0,52.0,deux_roues,deux_roues,1,2,1,1,6
201900034404,2019-07-19 02:00:00,2019,7,19,2,0,54,54395,BROT (Rue Marcel),48.68115,6.20393,Nuit avec éclairage allumé,En agglomération,Hors intersection,Normale,Sans collision,4,2,2,0,1,1,1,0,1,50,1,1,0,0,0,1,,,,,5,2,1,1,7
201900034405,2019-07-19 15:13:00,2019,7,19,15,13,54,54395,MOLITOR (RUE),48.68603,6.19275,Plein jour,En agglomération,Intersection en T,Normale,Sans collision,4,2,2,0,1,1,1,0,1,50,1,1,0,0,0,1,,,,,1,2,3,1,7
201900034406,2019-07-19 11:38:00,2019,7,19,11,38,54,54304,MIRABELLES (ALLEE DES),48.68191,6.14465,Plein jour,En agglomération,Intersection en T,Normale,Sans collision,4,1,1,0,1,1,1,0,1,30,1,1,0,0,0,1,,,,,1,2,3,1,7
201900034407,2019-07-19 20:50:00,2019,7,19,20,50,50,50602,BRETONNIERE (RUE DE LA),49.63961,-1.6053,Plein jour,En agglomération,Intersection en T,Pluie légère,Deux véhicules - côté,4,2,2,0,1,1,2,5,1,30,2,2,1,0,0,1,18.0,21.0,deux_roues,voiture,1,2,3,2,3
201900034408,2019-07-22 16:29:00,2019,7,22,16,29,49,49007,DOYENNE BOULEVARD ET PASSAGE,47.4912,-0.52952,Plein jour,En agglomération,Hors intersection,Normale,Deux véhicules - côté,4,2,2,0,1,1,1,0,1,60,2,2,1,0,0,1,58.0,37.0,voiture,deux_roues,1,2,1,1,3
201900034409,2019-07-22 09:55:00,2019,7,22,9,55,49,49353,VERRIERES CHEMIN,47.45483,-0.46564,Plein jour,En agglomération,Hors intersection,Normale,Autre collision,4,2,2,0,1,1,1,0,1,60,1,1,0,0,0,1,77.0,,voiture,,1,2,1,1,6
201900034410,2019-07-22 18:05:00,2019,7,22,18,5,47,47201,pont de BEAUREGARD,44.17154,0.61408,Plein jour,Hors agglomération,Hors intersection,Temps éblouissant,Trois véhicules et plus - collisions multiples,2,2,2,0,1,1,1,2,1,50,3,5,4,0,1,0,21.0,50.0,deux_roues,voiture,1,1,1,7,5
201900034411,2019-07-23 12:20:00,2019,7,23,12,20,45,45234,R DE BOURGOGNE - R DU BOURDON BLANC,47.9005,1.9135,Plein jour,En agglomération,Intersection en T,Normale,Deux véhicules - côté,4,1,1,0,1,1,1,0,1,50,2,2,1,0,0,1,73.0,31.0,deux_roues,voiture,1,2,3,1,3
201900034412,2019-07-23 16:30:00,2019,7,23,16,30,42,42187,BENOIT (BOULEVARD CAMILLE),46.04896,4.0715,Plein jour,En agglomération,Intersection en T,Normale,Autre collision,4,2,2,0,1,1,1,0,1,50,2,4,2,0,0,2,23.0,49.0,voiture,voiture,1,2,3,1,6
201900034413,2019-07-23 18:20:00,2019,7,23,18,20,35,35238,MAGINOT (AVENUE SERGENT),48.10991,-1.66285,Plein jour,En agglomération,Intersection en T,Normale,Deux véhicules - côté,4,1,1,0,1,1,1,0,1,50,2,2,1,0,0,1,24.0,26.0,voiture,deux_roues,1,2,3,1,3
201900034414,2019-07-23 09:45:00,2019,7,23,9,45,35,35278,MILON (RUE A),48.15304,-1.68458,Plein jour,En agglomération,Intersection en T,Normale,Deux véhicules - côté,4,2,2,2,1,1,1,0,1,30,2,2,1,0,0,1,76.0,58.0,deux_roues,voiture,1,2,3,1,3
201900034415,2019-07-22 16:50:00,2019,7,22,16,50,33,33522,RUE DU GENERAL MARGUERITTE,44.8025,-0.58712,Plein jour,En agglomération,Intersection en X,Normale,Deux véhicules - côté,4,1,1,0,1,1,1,0,1,50,2,2,1,0,0,1,39.0,27.0,deux_roues,voiture,1,2,2,1,3
201900034416,2019-07-10 18:00:00,2019,7,10,18,0,33,33318,AVE DE LA CHATAIGNERAIE,44.79616,-0.64849,Plein jour,En agglomération,Giratoire,Normale,Deux véhicules - arrière,4,2,2,0,1,1,1,0,1,50,2,2,1,0,0,1,21.0,17.0,voiture,deux_roues,1,2,6,1,2
201900034417,2019-07-22 18:55:00,2019,7,22,18,55,32,32013,GAOUERE (CHEMIN DE),43.62023,0.57486,Plein jour,En agglomération,Hors intersection,Normale,Sans collision,4,2,-1,0,1,1,1,0,1,50,1,1,0,0,1,0,69.0,,voiture,,1,2,1,1,7
201900034418,2019-07-22 14:00:00,2019,7,22,14,0,31,31555,15 LA ROSERAIE (PERIPH EST A61),43.63055,1.47828,Plein jour,Hors agglomération,Hors intersection,Normale,Trois véhicules et plus - en chaîne,1,3,4,0,1,1,1,0,1,90,4,4,2,0,0,2,27.0,31.0,voiture,voiture,1,1,1,1,4
201900034419,2019-07-19 14:35:00,2019,7,19,14,35,31,31555,AV ANTOINE DE ST EXUPERY,43.58484,1.46765,Plein jour,En agglomération,Hors intersection,Normale,Deux véhicules - côté,3,2,2,0,1,1,1,0,1,50,2,2,1,0,0,1,34.0,58.0,voiture,deux_roues,1,2,1,1,3
201900034420,2019-07-23 11:50:00,2019,7,23,11,50,29,29051,CROAS AR GAC RUE DE,48.00313,-4.0237,Plein jour,En agglomération,Hors intersection,Temps éblouissant,Deux véhicules - côté,4,1,1,0,1,3,1,0,1,50,2,2,1,0,0,1,61.0,47.0,deux_roues,voiture,1,2,1,7,3
201900034421,2019-07-23 19:53:00,2019,7,23,19,53,29,29039,MAUDUIT DUPLESSIS ( RUE),47.87192,-3.90937,Plein jour,En agglomération,Hors intersection,Normale,Autre collision,4,2,0,0,2,1,1,0,1,20,1,2,1,0,1,0,68.0,,voiture,,1,2,1,1,6
201900034422,2019-07-23 07:00:00,2019,7,23,7,0,26,26057,ROUTE OLIVIER DE SERRES,45.00893,5.06885,Crépuscule ou aube,En agglomération,Intersection en Y,Normale,Deux véhicules - côté,4,2,-1,-1,1,1,1,0,1,50,2,2,1,0,0,1,30.0,22.0,utilitaire_camion,utilitaire_camion,2,2,4,1,3
201900034423,2019-07-23 21:40:00,2019,7,23,21,40,17,17461,TREMBLADE ( ROUTE DE LA),45.661061,-1.060694,Plein jour,Hors agglomération,Giratoire,Temps éblouissant,Autre collision,3,3,2,0,1,3,1,5,1,70,1,1,0,0,0,1,72.0,,voiture,,1,1,6,7,6
201900034424,2019-07-23 14:20:00,2019,7,23,14,20,17,17200,OISEAUX DE MER   AVENUE DES,46.18652,-1.15792,Plein jour,En agglomération,Intersection en X,Normale,Deux véhicules - côté,4,2,4,0,1,1,1,5,1,42,2,4,3,0,0,1,60.0,59.0,voiture,voiture,1,2,2,1,3
201900034425,2019-07-23 14:13:00,2019,7,23,14,13,17,17300,SAUTEL  BOULEVARD ANDRE,46.16792,-1.13321,Plein jour,En agglomération,Hors intersection,Normale,Deux véhicules - arrière,4,3,4,0,2,1,1,0,1,50,2,2,1,0,0,1,51.0,49.0,voiture,deux_roues,1,2,1,1,2
201900034426,2019-07-22 19:40:00,2019,7,22,19,40,13,13211,SAINT MARCEL (BOULEVARD DE ),43.287685,5.464941,Plein jour,En agglomération,Intersection en T,Normale,Deux véhicules - côté,4,2,2,0,1,1,1,0,1,50,2,2,1,0,0,1,18.0,28.0,voiture,deux_roues,1,2,3,1,3
201900034427,2019-07-23 08:00:00,2019,7,23,8,0,13,13001,ST CANADET (ROUTE) D.13,43.59881,5.46402,Plein jour,Hors agglomération,Intersection en T,Normale,Autre collision,3,2,2,0,1,1,1,5,1,80,1,2,1,0,1,0,34.0,,voiture,,1,1,3,1,6
201900034428,2019-07-23 19:30:00,2019,7,23,19,30,6,06088,MADELEINE (BD DE LA),43.70386,7.23447,Plein jour,En agglomération,Autre intersection,Normale,Autre collision,4,1,2,0,1,1,1,0,1,50,1,2,1,0,1,0,23.0,,utilitaire_camion,,1,2,9,1,6
201900034429,2019-07-21 14:30:00,2019,7,21,14,30,6,06088,RIQUIER (BD DE),43.702173,7.288753,Plein jour,En agglomération,Intersection en X,Normale,Trois véhicules et plus - collisions multiples,4,1,3,3,1,1,1,0,1,50,3,4,3,0,1,0,19.0,21.0,deux_roues,voiture,1,2,2,1,5
201900034430,2019-05-08 00:29:00,2019,5,8,0,29,30,30032,FOURQUES ROUTE DE,43.7922146,4.6323466,Nuit sans éclairage public,Hors agglomération,Hors intersection,Normale,Deux véhicules - frontale,3,2,2,0,1,1,1,0,1,80,2,2,0,0,0,2,33.0,33.0,voiture,voiture,3,1,1,1,1
201900034431,2019-05-06 17:25:00,2019,5,6,17,25,13,13108,CAYADES (ROUTE DES),43.80312,4.67331,Plein jour,En agglomération,Hors intersection,Normale,Deux véhicules - côté,4,2,2,0,1,1,1,0,1,50,2,1,0,0,1,0,12.0,,deux_roues,,1,2,1,1,3
201900034432,2019-05-04 16:20:00,2019,5,4,16,20,13,13108,RADOUBS (CHEMIN DES),43.800835,4.655946,Plein jour,Hors agglomération,Giratoire,Normale,Deux véhicules - frontale,4,3,1,0,2,2,1,9,1,50,2,3,1,0,1,1,46.0,47.0,voiture,deux_roues,1,1,6,1,1
201900034433,2019-05-12 05:30:00,2019,5,12,5,30,13,13103,AVENUE DE LATTRE DE TASSIGNY-RD 17-,43.65239,5.08931,Nuit avec éclairage allumé,En agglomération,Hors intersection,Normale,Sans collision,4,2,2,0,1,1,1,0,1,50,1,1,0,0,1,0,21.0,,voiture,,5,2,1,1,7
201900034434,2019-04-30 18:00:00,2019,4,30,18,0,13,13026,AUDIBERT (bld Armand),43.3862,5.16911,Plein jour,En agglomération,Autre intersection,Normale,Deux véhicules - côté,4,2,2,0,1,1,1,5,1,50,2,3,0,0,1,2,22.0,29.0,voiture,voiture,1,2,9,1,3
201900034435,2019-05-04 18:10:00,2019,5,4,18,10,13,13056,PONT LEVANT,43.40454,5.05684,Plein jour,En agglomération,Hors intersection,Normale,Autre collision,4,2,2,0,2,1,1,0,1,50,1,1,0,0,0,1,49.0,,utilitaire_camion,,1,2,1,1,6
201900034436,2019-05-29 19:20:00,2019,5,29,19,20,13,13208,PRADO (AVENUE DU),43.26324,5.37644,Plein jour,En agglomération,Hors intersection,Normale,Autre collision,7,1,1,0,1,1,1,0,1,30,1,2,1,0,1,0,22.0,,voiture,,1,2,1,1,6
201900034437,2019-05-29 17:10:00,2019,5,29,17,10,13,13211,MIRELLE LAUZE (BOULEVARD),43.283951,5.419052,Plein jour,En agglomération,Hors intersection,Normale,Autre collision,4,2,2,0,1,1,1,0,1,50,1,2,1,0,1,0,45.0,,voiture,,1,2,1,1,6