accident_id,datetime,annee,mois,jour,heure,minute,departement,commune_insee,adresse,latitude,longitude,luminosite,agglomeration,intersection,meteo,collision,catr,circ,nbv,vosp,prof,plan,surf,infra,situ,vma,nb_vehicules,nb_usagers,nb_indemnes,nb_tues,nb_blesses_hosp,nb_blesses_legers,age_cond_1,age_cond_2,veh_type_cond_1,veh_type_cond_2,lum_code,agg_code,int_code,atm_code,col_code
201900034438,2019-05-29 09:45:00,2019,5,29,9,45,13,13214,ALEX ANSALDI (RUE),43.340094,5.388144,Plein jour,En agglomération,Intersection en T,Normale,Deux véhicules - arrière,3,2,2,0,1,1,1,0,1,50,2,1,0,0,0,1,63.0,,voiture,,1,2,3,1,2
201900034439,2019-05-29 09:40:00,2019,5,29,9,40,13,13215,SAINT LOUIS (AVENUE DE),43.35211,5.35795,Plein jour,En agglomération,Hors intersection,Normale,Autre collision,4,2,2,0,2,1,1,0,1,50,1,2,1,0,0,1,77.0,,voiture,,1,2,1,1,6
201900034440,2019-05-29 07:20:00,2019,5,29,7,20,13,13213,ESCADRILLE NORMANDIE NIEMEN,43.336252,5.41,Plein jour,En agglomération,Hors intersection,Normale,Deux véhicules - côté,4,3,2,0,1,1,1,0,2,50,2,2,1,0,1,0,48.0,44.0,deux_roues,voiture,1,2,1,1,3
201900034441,2019-05-28 21:30:00,2019,5,28,21,30,13,13208,HENRI FRENAY (ROND-POINT),43.25466,5.37605,Nuit avec éclairage allumé,En agglomération,Giratoire,Normale,Deux véhicules - côté,4,1,0,0,1,2,1,0,1,50,2,5,4,0,0,1,21.0,21.0,voiture,voiture,5,2,6,1,3
201900034442,2019-05-28 21:15:00,2019,5,28,21,15,13,13215,DE SAINT LOUIS AU ROVE (chemin),43.3546,5.35035,Nuit avec éclairage allumé,En agglomération,Hors intersection,Normale,Deux véhicules - arrière,3,1,1,0,1,2,1,0,1,50,2,2,1,0,0,1,31.0,,voiture,,5,2,1,1,2
201900034443,2019-05-28 20:00:00,2019,5,28,20,0,13,13210,PIERRE DOIZE  (RUE),43.27875,5.42831,Crépuscule ou aube,En agglomération,Intersection en T,Normale,Deux véhicules - côté,4,2,3,0,1,1,1,5,1,50,2,2,1,0,0,1,31.0,29.0,voiture,deux_roues,2,2,3,1,3
201900034444,2019-05-28 14:10:00,2019,5,28,14,10,13,13208,PRADO (AVENUE DU),43.26685,5.3825,Plein jour,En agglomération,Hors intersection,Normale,Deux véhicules - côté,4,2,6,0,1,1,1,0,1,50,2,2,1,0,0,1,33.0,24.0,deux_roues,voiture,1,2,1,1,3
201900034445,2019-05-28 13:15:00,2019,5,28,13,15,13,13211,VALENTINE (ROUTE DE LA),43.28,5.46,Plein jour,En agglomération,Hors intersection,Normale,Deux véhicules - frontale,3,2,2,0,1,3,1,0,1,50,2,2,1,0,1,0,56.0,24.0,voiture,deux_roues,1,2,1,1,1
201900034446,2019-05-28 08:15:00,2019,5,28,8,15,13,13210,EUROPE (ROND POINT DE L'),43.28,5.39,Plein jour,En agglomération,Hors intersection,Normale,Autre collision,4,-1,1,0,1,1,1,5,1,50,1,1,0,0,0,1,55.0,,deux_roues,,1,2,1,1,6
201900034447,2019-05-27 18:35:00,2019,5,27,18,35,13,13202,DAMES (BOULEVARD DES),43.30306,5.3673,Plein jour,En agglomération,Hors intersection,Normale,Autre collision,4,2,4,0,1,1,1,0,1,50,1,2,1,0,0,1,23.0,,voiture,,1,2,1,1,6
201900034448,2019-05-27 16:15:00,2019,5,27,16,15,13,13209,JULES ISAAC (RUE),43.25215,5.40062,Plein jour,En agglomération,Giratoire,Normale,Deux véhicules - côté,4,4,1,0,1,2,1,0,1,50,2,2,1,0,0,1,23.0,87.0,voiture,voiture,1,2,6,1,3
201900034449,2019-05-27 08:30:00,2019,5,27,8,30,13,13211,AUDIENCE (RUE DE L'),43.29638,5.48597,Plein jour,En agglomération,Intersection en T,Normale,Deux véhicules - côté,4,2,2,0,1,1,1,0,1,50,2,2,0,0,0,2,52.0,40.0,deux_roues,voiture,1,2,3,1,3
201900034450,2019-05-26 19:00:00,2019,5,26,19,0,13,13213,MARCEL DELPRAT (AVENUE),43.33486,5.45399,Plein jour,En agglomération,Hors intersection,Normale,Deux véhicules - côté,6,-1,2,0,1,1,1,0,1,50,2,2,1,0,1,0,27.0,,deux_roues,,1,2,1,1,3
201900034451,2019-05-27 00:10:00,2019,5,27,0,10,13,13201,VOLTAIRE    PAIRS (BOULEVARD),43.30345,5.3859,Nuit avec éclairage allumé,En agglomération,Intersection en X,Normale,Deux véhicules - côté,4,2,3,0,1,1,1,0,1,50,2,2,1,0,0,1,22.0,20.0,deux_roues,voiture,5,2,2,1,3
201900034452,2019-05-26 21:00:00,2019,5,26,21,0,13,13207,Corniche John Fitzgérald Kennedy,43.2702,5.36581,Crépuscule ou aube,En agglomération,Hors intersection,Normale,Deux véhicules - côté,4,2,4,0,1,1,1,0,1,50,2,2,1,0,0,1,25.0,26.0,voiture,deux_roues,2,2,1,1,3
201900034453,2019-05-26 20:30:00,2019,5,26,20,30,13,13214,CAPITAINE GEZE (BOULEVARD),43.3298,5.36841,Plein jour,En agglomération,Hors intersection,Normale,Autre collision,4,2,4,0,1,1,1,0,1,50,1,6,0,0,0,6,39.0,,voiture,,1,2,1,1,6
201900034454,2019-05-26 17:09:00,2019,5,26,17,9,13,13215,CAP PINEDE (Avenue),43.3281,5.36359,Plein jour,En agglomération,Hors intersection,Normale,Autre collision,4,3,4,0,1,1,1,0,1,50,1,3,2,0,1,0,24.0,,deux_roues,,1,2,1,1,6
201900034455,2019-05-26 01:20:00,2019,5,26,1,20,13,13208,MONTREDON (AVENUE DE),43.24427,5.37162,Nuit avec éclairage allumé,En agglomération,Hors intersection,Normale,Autre collision,4,-1,2,0,1,1,1,0,1,50,2,2,1,0,0,1,21.0,25.0,voiture,voiture,5,2,1,1,6
201900034456,2019-05-26 01:00:00,2019,5,26,1,0,13,13210,RABATAU (BOULEVARD),43.27931,5.3993,Nuit avec éclairage allumé,En agglomération,Intersection en X,Normale,Deux véhicules - côté,4,2,4,0,1,1,1,5,1,50,2,2,1,0,0,1,47.0,28.0,voiture,voiture,5,2,2,1,3
201900034457,2019-05-25 21:25:00,2019,5,25,21,25,13,13201,DUGOMMIER (BOULEVARD)     1 A 29,43.29926,5.38084,Nuit avec éclairage allumé,En agglomération,Hors intersection,Normale,Deux véhicules - frontale,4,2,4,0,4,1,1,0,1,50,2,2,1,0,0,1,17.0,44.0,deux_roues,voiture,5,2,1,1,1
201900034458,2019-05-25 06:25:00,2019,5,25,6,25,13,13201,CANEBIERE     70 A FIN,43.29901,5.38518,Crépuscule ou aube,En agglomération,Intersection en X,Normale,Deux véhicules - côté,4,1,2,0,2,1,1,0,1,50,2,3,1,0,0,2,31.0,44.0,voiture,voiture,2,2,2,1,3
201900034459,2019-05-25 04:20:00,2019,5,25,4,20,13,13207,PASTEUR (AVENUE),43.29045,5.35922,Nuit avec éclairage allumé,En agglomération,Hors intersection,Normale,Deux véhicules - côté,4,2,4,0,1,1,1,0,1,50,2,3,2,0,0,1,21.0,25.0,voiture,voiture,5,2,1,1,3
201900034460,2019-05-24 22:50:00,2019,5,24,22,50,13,13206,LAFON (RUE),43.29125,5.38083,Nuit avec éclairage allumé,En agglomération,Intersection en X,Normale,Deux véhicules - côté,4,2,2,3,1,1,1,0,1,50,2,2,1,0,0,1,29.0,21.0,deux_roues,voiture,5,2,2,1,3
201900034461,2019-05-24 11:00:00,2019,5,24,11,0,13,13202,JOLIETTE (QUAI DE LA),43.304826,5.365313,Plein jour,En agglomération,Autre intersection,Normale,Autre collision,4,2,3,0,1,1,1,0,1,50,2,2,1,0,1,0,29.0,38.0,voiture,deux_roues,1,2,9,1,6
201900034462,2019-05-24 07:00:00,2019,5,24,7,0,13,13204,PIERRE ROCHE (RUE),43.30929,5.40344,Crépuscule ou aube,En agglomération,Intersection en X,Normale,Deux véhicules - côté,4,1,1,0,2,1,1,5,1,50,2,3,1,0,0,2,44.0,,transport_commun,,2,2,2,1,3
201900034463,2019-05-24 08:15:00,2019,5,24,8,15,13,13002,GOURS (ALLÉE DES),43.336506,5.471515,Plein jour,En agglomération,Place,Normale,Deux véhicules - côté,4,-1,2,0,2,1,1,0,1,30,2,2,0,0,0,2,35.0,56.0,voiture,voiture,1,2,7,1,3
201900034464,2019-05-23 18:15:00,2019,5,23,18,15,13,13002,ANGE MARTIN  (BOULEVARD),43.3331,5.46142,Plein jour,En agglomération,Hors intersection,Normale,Sans collision,4,2,2,0,1,1,1,0,1,30,1,1,0,0,0,1,27.0,,deux_roues,,1,2,1,1,7
201900034465,2019-05-23 18:25:00,2019,5,23,18,25,13,13213,POILUS (AVENUE DES),43.32521,5.45069,Plein jour,En agglomération,Intersection en T,Normale,Deux véhicules - côté,3,2,2,0,1,1,1,5,1,50,2,2,1,0,0,1,43.0,46.0,voiture,deux_roues,1,2,3,1,3
201900034466,2019-05-23 12:40:00,2019,5,23,12,40,13,13205,BAILLE (BOULEVARD),43.28929,5.39649,Plein jour,En agglomération,Hors intersection,Normale,Deux véhicules - côté,7,-1,5,0,1,1,1,0,1,50,2,1,0,0,0,1,39.0,,deux_roues,,1,2,1,1,3
201900034467,2019-05-18 03:00:00,2019,5,18,3,0,13,13202,PORT (QUAI DU),43.29671,5.3627,Nuit avec éclairage allumé,En agglomération,Hors intersection,Normale,Sans collision,4,1,1,0,2,2,1,1,1,50,1,1,0,0,0,1,22.0,,deux_roues,,5,2,1,1,7
201900034468,2019-05-22 15:07:00,2019,5,22,15,7,13,13002,AUBAGNENS (AVENUE DES),43.329081,5.475759,Plein jour,En agglomération,Intersection en T,Normale,Deux véhicules - côté,4,-1,2,0,1,1,1,0,1,50,2,2,1,0,1,0,24.0,69.0,deux_roues,utilitaire_camion,1,2,3,1,3
201900034469,2019-05-22 14:50:00,2019,5,22,14,50,13,13208,MENDES FRANCE (AVENUE),43.249,5.375,Plein jour,En agglomération,Hors intersection,Normale,Deux véhicules - arrière,4,1,2,0,1,1,1,0,1,50,2,3,1,0,0,2,81.0,55.0,voiture,utilitaire_camion,1,2,1,1,2
201900034470,2019-05-21 19:30:00,2019,5,21,19,30,13,13213,LEPRINCE RINGUIET (rue),43.34429,5.44337,Plein jour,En agglomération,Intersection en X,Normale,Deux véhicules - côté,4,2,2,0,2,2,1,0,1,50,2,2,0,0,1,1,20.0,73.0,voiture,deux_roues,1,2,2,1,3
201900034471,2019-05-22 09:50:00,2019,5,22,9,50,13,13207,CORSE (AVENUE DE LA),43.289467,5.364043,Plein jour,En agglomération,Autre intersection,Normale,Deux véhicules - côté,4,2,3,0,2,1,1,0,1,50,2,2,1,0,0,1,25.0,27.0,voiture,deux_roues,1,2,9,1,3
201900034472,2019-05-22 09:20:00,2019,5,22,9,20,13,13201,PARADIS (RUE)       1 A 47,43.2945,5.37631,Plein jour,En agglomération,Hors intersection,Normale,Deux véhicules - arrière,4,1,1,1,1,1,1,0,1,30,2,2,1,0,0,1,26.0,19.0,voiture,deux_roues,1,2,1,1,2
201900034473,2019-05-22 08:05:00,2019,5,22,8,5,13,13213,POILUS (AVENUE DES),43.3208,5.45825,Plein jour,En agglomération,Hors intersection,Normale,Autre collision,4,2,2,0,1,1,1,5,1,50,1,2,1,0,0,1,20.0,,deux_roues,,1,2,1,1,6
201900034474,2019-05-22 05:15:00,2019,5,22,5,15,13,13208,BAPTISTE CAYOL (RUE),43.250738,5.385586,Nuit avec éclairage allumé,En agglomération,Hors intersection,Normale,Deux véhicules - frontale,4,2,2,0,1,2,1,0,1,50,2,1,0,0,0,1,23.0,,voiture,,5,2,1,1,1
201900034475,2019-05-19 19:00:00,2019,5,19,19,0,13,13211,DOCTEUR HECKEL (RUE DU),43.28974,5.44123,Plein jour,En agglomération,Hors intersection,Pluie forte,Deux véhicules - arrière,4,2,2,0,1,1,1,0,1,50,2,3,2,0,0,1,16.0,23.0,deux_roues,deux_roues,1,2,1,3,2
201900034476,2019-05-21 17:00:00,2019,5,21,17,0,13,13211,CESAR BOY (AVENUE),43.29632,5.482869,Plein jour,En agglomération,Hors intersection,Normale,Deux véhicules - côté,4,2,2,0,1,1,1,0,1,50,2,2,1,0,0,1,16.0,65.0,deux_roues,voiture,1,2,1,1,3
201900034477,2019-05-21 17:20:00,2019,5,21,17,20,13,13002,TROU DU LOUP (CHEMIN DU),43.33523,5.47776,Plein jour,En agglomération,Intersection en Y,Normale,Sans collision,3,2,-1,-1,1,1,1,0,1,-1,1,1,0,0,0,1,57.0,,deux_roues,,1,2,4,1,7
201900034478,2019-05-21 10:05:00,2019,5,21,10,5,13,13208,PARADIS (RUE),43.279402,5.382721,Plein jour,En agglomération,Hors intersection,Normale,Trois véhicules et plus - collisions multiples,4,1,-1,0,1,1,1,0,1,50,4,5,4,0,1,0,18.0,62.0,voiture,voiture,1,2,1,1,5
201900034479,2019-05-21 09:55:00,2019,5,21,9,55,13,13208,RABATAU (BOULEVARD),43.276455,5.397337,Plein jour,En agglomération,Hors intersection,Normale,Autre collision,4,2,4,0,1,1,1,0,1,50,1,2,0,0,1,1,18.0,,deux_roues,,1,2,1,1,6
201900034480,2019-05-20 21:40:00,2019,5,20,21,40,13,13207,Corniche John Fitzgérald Kennedy,43.275357,5.359973,Nuit avec éclairage allumé,En agglomération,Intersection en Y,Normale,Autre collision,4,3,1,0,4,3,1,5,1,50,1,4,3,0,1,0,19.0,,voiture,,5,2,4,1,6
201900034481,2019-05-20 23:25:00,2019,5,20,23,25,13,13208,MAZARGUES (AVENUE DE),43.265421,5.390421,Nuit avec éclairage allumé,En agglomération,Hors intersection,Normale,Deux véhicules - côté,4,-1,2,0,1,1,1,0,1,50,2,4,3,0,0,1,22.0,49.0,voiture,deux_roues,5,2,1,1,3
201900034482,2019-05-20 22:30:00,2019,5,20,22,30,13,13203,PLOMBIERES (BOULEVARD DES),43.3150166,5.387928,Nuit avec éclairage allumé,En agglomération,Intersection en X,Normale,Deux véhicules - côté,4,-1,3,0,1,1,1,9,1,50,2,2,0,0,0,2,28.0,26.0,voiture,voiture,5,2,2,1,3
201900034483,2019-05-20 19:00:00,2019,5,20,19,0,13,13210,PAUL CLAUDEL (BOULEVARD),43.26944,5.42135,Plein jour,En agglomération,Hors intersection,Normale,Deux véhicules - côté,4,2,2,0,1,1,1,0,1,50,2,2,1,0,1,0,49.0,37.0,deux_roues,voiture,1,2,1,1,3
201900034484,2019-05-20 13:45:00,2019,5,20,13,45,13,13210,ADRIENNE RANC-SAKAKINI (rue),43.277082,5.437337,Plein jour,En agglomération,Hors intersection,Normale,Deux véhicules - arrière,4,2,2,0,1,1,1,0,1,50,2,2,1,0,0,1,23.0,51.0,utilitaire_camion,deux_roues,1,2,1,1,2
201900034485,2019-05-19 17:30:00,2019,5,19,17,30,13,13002,ETIENNE CUCCA-CD908 (AVENUE),43.37115,5.53522,Plein jour,Hors agglomération,Hors intersection,Pluie légère,Deux véhicules - frontale,3,2,2,0,2,2,2,0,1,50,2,2,0,0,0,2,60.0,75.0,voiture,voiture,1,1,1,2,1
201900034486,2019-04-30 12:40:00,2019,4,30,12,40,13,13205,BROCHIER (RUE),43.29074,5.39088,Plein jour,En agglomération,Intersection en T,Normale,Deux véhicules - côté,4,1,1,0,1,1,1,0,1,50,2,3,1,0,0,2,,67.0,voiture,voiture,1,2,3,1,3
201900034487,2019-05-18 17:20:00,2019,5,18,17,20,13,13212,24 AVRIL 15 (AVENUE DU),43.30836,5.43599,Plein jour,En agglomération,Hors intersection,Normale,Autre collision,4,2,2,0,1,1,1,0,1,50,1,2,1,0,0,1,58.0,,voiture,,1,2,1,1,6
201900034488,2019-05-19 19:00:00,2019,5,19,19,0,13,13208,MICHELET (BOULEVARD),43.261352,5.397643,Plein jour,En agglomération,Hors intersection,Normale,Deux véhicules - côté,4,2,3,3,1,1,1,6,1,50,2,2,1,0,0,1,15.0,20.0,deux_roues,voiture,1,2,1,1,3
201900034489,2019-05-19 11:00:00,2019,5,19,11,0,13,13214,ANATOLE DE LA FORGE (BOULEVARD),43.33803,5.393661,Plein jour,En agglomération,Intersection en T,Temps couvert,Deux véhicules - côté,3,2,3,0,1,1,1,0,1,50,2,2,1,0,0,1,43.0,47.0,voiture,voiture,1,2,3,8,3
201900034490,2019-05-19 00:15:00,2019,5,19,0,15,13,13213,POILUS (AVENUE DES),43.323696,5.377809,Nuit avec éclairage allumé,En agglomération,Intersection en X,Normale,Autre collision,4,2,2,0,2,1,1,5,1,50,2,3,0,0,1,2,29.0,18.0,deux_roues,deux_roues,5,2,2,1,6
201900034491,2019-05-18 22:05:00,2019,5,18,22,5,13,13205,JEAN MOULIN (BOULEVARD),43.29084,5.39983,Nuit avec éclairage allumé,En agglomération,Autre intersection,Normale,Autre collision,4,1,4,3,1,1,1,8,1,50,1,1,0,0,0,1,25.0,,deux_roues,,5,2,9,1,6
201900034492,2019-05-18 17:00:00,2019,5,18,17,0,13,13214,ALEX ANSALDI (RUE),43.332116,5.404159,Plein jour,En agglomération,Intersection en T,Normale,Deux véhicules - côté,3,2,5,1,1,1,1,5,1,50,2,2,1,0,0,1,18.0,37.0,deux_roues,voiture,1,2,3,1,3
201900034493,2019-05-18 02:30:00,2019,5,18,2,30,13,13201,FLAMMARION (BOULEVARD)     1 A 65,43.30339,5.38596,Nuit avec éclairage allumé,En agglomération,Intersection en T,Normale,Deux véhicules - arrière,4,2,3,0,1,1,1,0,1,50,2,1,0,0,0,1,25.0,,deux_roues,,5,2,3,1,2
201900034494,2019-05-17 19:10:00,2019,5,17,19,10,13,13206,PIERRE PUGET (COURS),43.29012,5.37254,Plein jour,En agglomération,Intersection en T,Pluie légère,Deux véhicules - côté,4,1,2,0,2,1,2,0,1,50,2,3,2,0,1,0,20.0,47.0,deux_roues,voiture,1,2,3,2,3
201900034495,2019-05-17 18:35:00,2019,5,17,18,35,13,13210,ROMAIN ROLLAND (BOULEVARD),43.276681,5.418686,Plein jour,En agglomération,Intersection en T,Pluie légère,Deux véhicules - arrière,4,2,4,0,1,1,2,0,1,50,2,2,1,0,0,1,45.0,62.0,deux_roues,voiture,1,2,3,2,2
201900034496,2019-05-17 16:40:00,2019,5,17,16,40,13,13212,GASSENDI (BOULEVARD),43.303889,5.420763,Plein jour,En agglomération,Intersection en T,Pluie légère,Deux véhicules - côté,4,2,2,0,1,1,2,0,1,50,2,3,1,0,0,2,56.0,20.0,voiture,deux_roues,1,2,3,2,3
201900034497,2019-05-17 14:15:00,2019,5,17,14,15,13,13209,MAZARGUES (AVENUE DE),43.250123,5.395961,Plein jour,En agglomération,Autre intersection,Normale,Deux véhicules - côté,4,2,2,0,1,1,1,0,1,50,2,2,1,0,0,1,72.0,,voiture,,1,2,9,1,3
201900034498,2019-05-16 21:00:00,2019,5,16,21,0,13,13210,ROMAIN ROLLAND (BOULEVARD),43.272701,5.411592,Crépuscule ou aube,En agglomération,Autre intersection,Normale,Deux véhicules - côté,4,2,-1,0,1,1,1,0,1,50,2,2,1,0,0,1,34.0,18.0,voiture,deux_roues,2,2,9,1,3
201900034499,2019-05-16 19:15:00,2019,5,16,19,15,13,13209,CABOT (BOULEVARD),43.25944,5.4165,Plein jour,En agglomération,Hors intersection,Normale,Deux véhicules - côté,4,2,2,0,2,1,1,0,1,50,2,2,1,0,0,1,22.0,25.0,deux_roues,voiture,1,2,1,1,3
201900034500,2019-05-16 21:00:00,2019,5,16,21,0,13,13215,LYON (RUE DE),43.3312,5.36494,Plein jour,En agglomération,Hors intersection,Normale,Deux véhicules - arrière,4,2,2,0,1,1,1,0,1,50,2,1,0,0,0,1,10.0,,deux_roues,,1,2,1,1,2
201900034501,2019-05-16 16:15:00,2019,5,16,16,15,13,13213,JEAN PAUL SARTRE (AVENUE),43.32064,5.41624,Plein jour,En agglomération,Hors intersection,Normale,Deux véhicules - arrière,3,1,2,0,1,1,1,0,1,50,2,1,0,0,1,0,62.0,,deux_roues,,1,2,1,1,2
201900034502,2019-05-16 12:30:00,2019,5,16,12,30,13,13211,CAMOINS ((RUE LES),43.296582,5.491447,Plein jour,En agglomération,Hors intersection,Normale,Trois véhicules et plus - collisions multiples,4,2,2,0,1,1,1,0,1,50,3,3,2,0,0,1,65.0,52.0,voiture,voiture,1,2,1,1,5
201900034503,2019-05-16 10:20:00,2019,5,16,10,20,13,13209,LUMINY (AVENUE DE),43.241645,5.438335,Plein jour,En agglomération,Hors intersection,Normale,Deux véhicules - frontale,4,2,0,0,2,1,1,0,1,50,2,2,1,0,0,1,59.0,45.0,voiture,voiture,1,2,1,1,1
201900034504,2019-05-15 12:30:00,2019,5,15,12,30,13,13210,CAPELETTE (AVENUE DE LA),43.281986,5.403743,Plein jour,En agglomération,Hors intersection,Normale,Autre collision,4,2,2,0,1,1,1,0,1,50,1,1,0,0,1,0,,,,,1,2,1,1,6
201900034505,2019-05-14 17:15:00,2019,5,14,17,15,13,13201,ATHENES (BOULEVARD D'),43.300243,5.380687,Plein jour,En agglomération,Hors intersection,Normale,Autre collision,9,1,1,0,1,1,1,9,1,50,1,2,1,0,0,1,47.0,,voiture,,1,2,1,1,6
201900034506,2019-05-15 09:50:00,2019,5,15,9,50,13,13212,24 AVRIL 15 (AVENUE DU),43.308086,5.434421,Plein jour,En agglomération,Hors intersection,Temps couvert,Deux véhicules - côté,4,2,0,0,4,1,1,0,1,50,2,2,1,0,0,1,35.0,26.0,deux_roues,voiture,1,2,1,8,3
201900034507,2019-05-14 23:30:00,2019,5,14,23,30,13,13208,PRADO (AVENUE DU),43.28022,5.38715,Nuit avec éclairage non allumé,En agglomération,Hors intersection,Normale,Deux véhicules - arrière,4,2,6,0,1,1,1,0,1,50,2,2,1,0,0,1,20.0,65.0,voiture,voiture,4,2,1,1,2
201900034508,2019-05-14 21:00:00,2019,5,14,21,0,13,13215,AUGUSTIN ROUX (RUE),43.350988,5.361961,Crépuscule ou aube,En agglomération,Hors intersection,Normale,Deux véhicules - frontale,4,2,2,0,2,3,1,0,1,50,2,1,0,0,0,1,24.0,,voiture,,2,2,1,1,1
201900034509,2019-05-14 22:00:00,2019,5,14,22,0,13,13209,SORMIOU (CHEMIN DE),43.22848,5.40248,Nuit avec éclairage allumé,En agglomération,Intersection en T,Normale,Deux véhicules - côté,4,2,2,0,1,1,1,0,1,50,2,1,0,0,0,1,18.0,,deux_roues,,5,2,3,1,3
201900034510,2019-05-13 20:30:00,2019,5,13,20,30,13,13214,BASILE BARRELIER (BOULEVARD),43.33903,5.39039,Crépuscule ou aube,En agglomération,Hors intersection,Normale,Deux véhicules - frontale,4,2,2,0,1,1,1,0,1,50,2,2,0,1,0,1,24.0,49.0,deux_roues,transport_commun,2,2,1,1,1
201900034511,2019-05-13 23:10:00,2019,5,13,23,10,13,13208,PARADIS (RUE),43.269031,5.385578,Nuit avec éclairage allumé,En agglomération,Intersection en T,Normale,Deux véhicules - côté,4,2,2,0,2,1,1,0,1,50,2,2,1,0,0,1,51.0,20.0,voiture,deux_roues,5,2,3,1,3
201900034512,2019-05-12 19:20:00,2019,5,12,19,20,13,13208,PRADO (AVENUE DU),43.28191,5.38616,Plein jour,En agglomération,Hors intersection,Normale,Sans collision,7,2,6,0,1,1,1,0,1,50,1,1,0,0,0,1,41.0,,deux_roues,,1,2,1,1,7
201900034513,2019-05-12 17:10:00,2019,5,12,17,10,13,13208,MAZARGUES (AVENUE DE),43.25977,5.39406,Plein jour,En agglomération,Autre intersection,Normale,Deux véhicules - côté,4,2,2,0,1,1,1,0,1,50,2,2,1,0,0,1,29.0,19.0,voiture,deux_roues,1,2,9,1,3
201900034514,2019-05-12 09:00:00,2019,5,12,9,0,13,13212,ERNEST GASQUY (RUE),43.301972,5.422685,Plein jour,En agglomération,Intersection en T,Normale,Deux véhicules - côté,4,2,2,0,2,1,1,0,1,30,2,2,1,0,1,0,51.0,47.0,deux_roues,voiture,1,2,3,1,3
201900034515,2019-05-11 21:20:00,2019,5,11,21,20,13,13209,SAINTE MARGUERITE (BOULEVARD),43.264809,5.409371,Nuit avec éclairage allumé,En agglomération,Intersection en X,Normale,Deux véhicules - côté,4,2,2,0,1,1,1,0,1,50,2,3,1,0,0,2,55.0,43.0,voiture,deux_roues,5,2,2,1,3
201900034516,2019-05-11 21:00:00,2019,5,11,21,0,13,13207,CORDERIE (BOULEVARD DE LA),43.29073,5.371,Crépuscule ou aube,En agglomération,Hors intersection,Normale,Deux véhicules - arrière,4,2,4,3,1,1,1,0,1,50,2,2,1,0,0,1,48.0,18.0,voiture,deux_roues,2,2,1,1,2
201900034517,2019-05-11 17:30:00,2019,5,11,17,30,13,13216,LITTORAL (CHEMIN DU),43.34903,5.34311,Plein jour,En agglomération,Hors intersection,Normale,Deux véhicules - côté,3,1,2,0,1,1,1,0,1,50,2,2,1,0,0,1,43.0,84.0,voiture,voiture,1,2,1,1,3
201900034518,2019-05-11 16:35:00,2019,5,11,16,35,13,13210,ROMAIN ROLLAND (BOULEVARD),43.27572,5.4174,Plein jour,En agglomération,Hors intersection,Normale,Autre collision,4,2,2,0,1,1,1,0,1,50,1,1,0,0,1,0,,,,,1,2,1,1,6
201900034519,2019-05-11 15:00:00,2019,5,11,15,0,13,13215,SAINT ANTOINE (AVENUE DE),43.38361,5.35835,Plein jour,En agglomération,Hors intersection,Normale,Deux véhicules - côté,4,2,2,0,1,1,1,0,1,50,2,2,1,0,0,1,47.0,35.0,voiture,deux_roues,1,2,1,1,3
201900034520,2019-05-11 13:00:00,2019,5,11,13,0,13,13208,ANDRE ZENATTI (AVENUE),43.24635,5.38762,Plein jour,En agglomération,Hors intersection,Normale,Deux véhicules - côté,4,2,1,0,1,1,1,0,1,50,2,2,1,0,0,1,42.0,18.0,voiture,deux_roues,1,2,1,1,3
201900034521,2019-05-11 09:30:00,2019,5,11,9,30,13,13002,MARCEL PAGNOL (AVENUE),43.333037,5.487444,Plein jour,En agglomération,Hors intersection,Normale,Autre collision,4,2,2,0,1,3,1,0,1,50,1,1,0,0,0,1,71.0,,voiture,,1,2,1,1,6
201900034522,2019-04-24 11:20:00,2019,4,24,11,20,13,13215,LEDRU ROLLI (BOULEVARD),43.34075,5.35646,Plein jour,En agglomération,Hors intersection,Pluie forte,Deux véhicules - côté,4,2,2,0,2,1,2,0,1,50,2,2,1,0,0,1,19.0,60.0,deux_roues,voiture,1,2,1,3,3
201900034523,2019-05-10 19:40:00,2019,5,10,19,40,13,13208,LOUIS BONNEFON (PLACE),43.254354,5.382203,Plein jour,En agglomération,Giratoire,Normale,Autre collision,4,1,1,0,1,2,1,0,1,50,2,2,1,0,1,0,45.0,69.0,deux_roues,voiture,1,2,6,1,6
201900034524,2019-05-10 16:55:00,2019,5,10,16,55,13,13212,FERNANDEL (AVENUE),43.31232,5.44948,Plein jour,En agglomération,Hors intersection,Normale,Trois véhicules et plus - en chaîne,4,2,2,0,1,1,1,0,1,50,3,6,1,0,0,5,84.0,39.0,voiture,voiture,1,2,1,1,4
201900034525,2019-05-10 10:15:00,2019,5,10,10,15,13,13212,LIBERATEURS (BOULEVARD),43.30303,5.45607,Plein jour,En agglomération,Intersection en T,Normale,Deux véhicules - côté,4,2,2,0,1,1,1,0,1,30,2,3,1,0,0,2,51.0,60.0,deux_roues,voiture,1,2,3,1,3
201900034526,2019-05-09 19:10:00,2019,5,9,19,10,13,13213,ALBERT EINSTEIN (RUE),43.3349,5.4328,Plein jour,En agglomération,Hors intersection,Normale,Trois véhicules et plus - en chaîne,4,2,0,0,1,1,1,0,1,50,4,4,3,0,0,1,37.0,21.0,voiture,voiture,1,2,1,1,4
201900034527,2019-05-09 20:50:00,2019,5,9,20,50,13,13216,ANTOINE SARTORIO (ROND POINT),43.3613,5.34466,Nuit avec éclairage allumé,En agglomération,Autre intersection,Normale,Trois véhicules et plus - collisions multiples,4,1,3,0,1,2,1,5,1,50,3,3,2,0,0,1,57.0,19.0,voiture,voiture,5,2,9,1,5
201900034528,2019-05-09 20:45:00,2019,5,9,20,45,13,13209,LA PUGETTE (BOULEVARD),43.26915,5.40253,Crépuscule ou aube,En agglomération,Hors intersection,Normale,Deux véhicules - côté,4,1,1,0,1,3,1,5,1,50,2,2,1,0,0,1,72.0,28.0,deux_roues,deux_roues,2,2,1,1,3