accident_id,datetime,annee,mois,jour,heure,minute,departement,commune_insee,adresse,latitude,longitude,luminosite,agglomeration,intersection,meteo,collision,catr,circ,nbv,vosp,prof,plan,surf,infra,situ,vma,nb_vehicules,nb_usagers,nb_indemnes,nb_tues,nb_blesses_hosp,nb_blesses_legers,age_cond_1,age_cond_2,veh_type_cond_1,veh_type_cond_2,lum_code,agg_code,int_code,atm_code,col_code
201900034529,2019-05-09 18:40:00,2019,5,9,18,40,13,13212,WILLIAM BOOTH (AVENUE),43.29615,5.44774,Plein jour,En agglomération,Intersection en T,Normale,Deux véhicules - côté,4,2,2,0,1,1,1,0,1,50,2,2,1,0,0,1,18.0,65.0,deux_roues,voiture,1,2,3,1,3
201900034530,2019-05-09 18:40:00,2019,5,9,18,40,13,13203,STRASBOURG (BOULEVARD),43.30835,5.37729,Plein jour,En agglomération,Hors intersection,Normale,Autre collision,4,2,2,0,2,1,1,0,1,50,1,1,0,0,0,1,,,,,1,2,1,1,6
201900034531,2019-05-09 14:20:00,2019,5,9,14,20,13,13201,BOURDET (MAURICE) (BOULEVARD),43.30259,5.3794,Plein jour,En agglomération,Hors intersection,Normale,Deux véhicules - côté,4,2,3,0,2,1,1,0,1,50,2,2,0,0,0,2,28.0,55.0,deux_roues,deux_roues,1,2,1,1,3
201900034532,2019-05-09 14:30:00,2019,5,9,14,30,13,13202,ARENC (QUAI D'),43.32104,5.36281,Plein jour,En agglomération,Intersection en T,Normale,Deux véhicules - arrière,4,2,4,0,1,1,1,0,1,50,2,2,1,0,0,1,41.0,56.0,utilitaire_camion,voiture,1,2,3,1,2
201900034533,2019-05-09 12:10:00,2019,5,9,12,10,13,13209,SAINTE MARGUERITE (BOULEVARD),43.265336,5.408956,Plein jour,En agglomération,Hors intersection,Normale,Deux véhicules - côté,4,2,2,0,1,1,1,0,1,50,2,1,0,0,0,1,33.0,,deux_roues,,1,2,1,1,3
201900034534,2019-05-07 23:15:00,2019,5,7,23,15,13,13202,ANTHOINE (RUE D'),43.31658,5.36837,Nuit avec éclairage allumé,En agglomération,Intersection en X,Normale,Trois véhicules et plus - collisions multiples,4,-1,0,0,1,1,1,5,1,50,3,5,1,0,0,4,22.0,37.0,voiture,voiture,5,2,2,1,5
201900034535,2019-05-07 21:30:00,2019,5,7,21,30,13,13213,JEAN PAUL SARTRE (AVENUE),43.32072,5.41589,Nuit avec éclairage allumé,En agglomération,Hors intersection,Normale,Deux véhicules - arrière,4,3,4,0,1,1,1,0,1,70,2,2,1,0,0,1,23.0,34.0,deux_roues,voiture,5,2,1,1,2
201900034536,2019-05-07 09:00:00,2019,5,7,9,0,13,13212,CHARLES KADDOUZ (RUE),43.307677,5.42543,Plein jour,En agglomération,Intersection en X,Normale,Autre collision,4,2,2,0,2,1,1,0,1,50,2,2,1,0,1,0,52.0,60.0,deux_roues,voiture,1,2,2,1,6
201900034537,2019-05-06 17:26:00,2019,5,6,17,26,13,13075,LIBERATION (AVE DE LA),43.30088,5.390666,Plein jour,En agglomération,Hors intersection,Normale,Autre collision,4,2,2,0,1,3,1,0,1,50,1,1,0,0,1,0,26.0,,deux_roues,,1,2,1,1,6
201900034538,2019-05-06 10:20:00,2019,5,6,10,20,13,13214,SAINTE MARTHE (chemin),43.326931,5.387685,Plein jour,En agglomération,Hors intersection,Normale,Autre collision,4,2,2,0,1,1,1,0,1,50,1,4,1,0,0,3,26.0,,voiture,,1,2,1,1,6
201900034539,2019-05-06 08:00:00,2019,5,6,8,0,13,13208,CLOT BEY (AVENUE),43.25791,5.38344,Plein jour,En agglomération,Hors intersection,Normale,Autre collision,4,2,2,0,1,1,1,0,1,50,1,2,1,0,1,0,62.0,,deux_roues,,1,2,1,1,6
201900034540,2019-05-06 09:15:00,2019,5,6,9,15,13,13213,SAINT JUST (AVENUE DE),43.316037,5.403924,Plein jour,En agglomération,Hors intersection,Normale,Deux véhicules - côté,4,2,2,0,1,1,1,0,1,50,2,2,1,0,0,1,58.0,53.0,voiture,deux_roues,1,2,1,1,3
201900034541,2019-05-06 09:00:00,2019,5,6,9,0,13,13207,CORDERIE (BOULEVARD DE LA),43.290462,5.37036,Plein jour,En agglomération,Intersection en T,Normale,Autre collision,4,2,2,0,1,1,1,0,1,50,2,3,2,0,0,1,56.0,55.0,voiture,utilitaire_camion,1,2,3,1,6
201900034542,2019-05-06 08:30:00,2019,5,6,8,30,13,13075,L'ENJOLRAS (AVE DE),43.337651,5.452809,Plein jour,En agglomération,Intersection en T,Normale,Autre collision,4,2,2,0,1,1,1,0,1,50,2,2,0,0,2,0,30.0,58.0,voiture,deux_roues,1,2,3,1,6
201900034543,2019-05-06 08:50:00,2019,5,6,8,50,13,13205,SIDI BRAHIM (SQUARE),43.29736,5.39945,Plein jour,En agglomération,Hors intersection,Normale,Autre collision,4,2,2,0,1,1,1,0,2,50,1,2,1,0,0,1,75.0,,voiture,,1,2,1,1,6
201900034544,2019-05-05 03:30:00,2019,5,5,3,30,13,13211,SAINT MARCEL (BOULEVARD DE ),43.28868,5.461906,Nuit avec éclairage allumé,En agglomération,Hors intersection,Normale,Autre collision,4,2,1,0,1,1,1,0,1,50,1,1,0,0,1,0,27.0,,voiture,,5,2,1,1,6
201900034545,2019-05-05 00:05:00,2019,5,5,0,5,13,13203,PLOMBIERES (BOULEVARD DES),43.31992,5.37767,Nuit avec éclairage allumé,En agglomération,Hors intersection,Normale,Deux véhicules - côté,4,2,2,0,1,1,1,0,1,50,2,3,2,0,0,1,38.0,36.0,deux_roues,voiture,5,2,1,1,3
201900034546,2019-05-04 10:08:00,2019,5,4,10,8,13,13214,ALEX ANSALDI (RUE),43.3358,5.3987,Plein jour,En agglomération,Intersection en T,Normale,Deux véhicules - côté,3,2,2,1,2,1,1,5,1,50,2,2,0,0,0,2,29.0,84.0,voiture,voiture,1,2,3,1,3
201900034547,2019-05-04 10:00:00,2019,5,4,10,0,13,13201,PAVILLON (RUE)      1 A 11,43.29549,5.37742,Plein jour,En agglomération,Hors intersection,Normale,Autre collision,4,1,1,0,1,1,1,6,1,30,1,2,1,0,1,0,26.0,,utilitaire_camion,,1,2,1,1,6
201900034548,2019-05-04 11:25:00,2019,5,4,11,25,13,13213,CROIX ROUGE (AVENUE),43.33067,5.43097,Plein jour,En agglomération,Hors intersection,Normale,Autre collision,3,2,2,0,1,1,1,0,2,50,1,2,1,0,1,0,81.0,,voiture,,1,2,1,1,6
201900034549,2019-05-04 01:30:00,2019,5,4,1,30,13,13208,PRADO (AVENUE DU),43.2667,5.38235,Nuit avec éclairage allumé,En agglomération,Autre intersection,Normale,Trois véhicules et plus - en chaîne,4,2,6,3,1,1,1,0,1,50,3,2,1,0,1,0,36.0,,voiture,voiture,5,2,9,1,4
201900034550,2019-05-03 17:25:00,2019,5,3,17,25,13,13208,ALEXANDRE DUMAS (RUE),43.2636667,5.3894526,Plein jour,En agglomération,Intersection en T,Normale,Deux véhicules - côté,4,2,2,0,1,1,1,0,1,50,2,2,1,0,0,1,67.0,63.0,deux_roues,voiture,1,2,3,1,3
201900034551,2019-05-03 16:45:00,2019,5,3,16,45,13,13210,PONT DE VIVAUX (BOULEVARD),43.281616,5.424729,Plein jour,En agglomération,Intersection en T,Normale,Deux véhicules - côté,4,2,2,0,1,2,1,0,1,50,2,1,0,0,1,0,56.0,,deux_roues,,1,2,3,1,3
201900034552,2019-05-03 12:45:00,2019,5,3,12,45,13,13202,CAISSERIE (RUE),43.2969,5.3674,Plein jour,En agglomération,Hors intersection,Normale,Autre collision,4,2,2,0,1,1,1,0,1,50,1,2,1,0,0,1,57.0,,transport_commun,,1,2,1,1,6
201900034553,2019-05-03 07:20:00,2019,5,3,7,20,13,13213,GRAND (RUE),43.33486,5.45056,Plein jour,En agglomération,Giratoire,Normale,Deux véhicules - côté,3,2,2,0,1,1,1,0,1,50,2,2,0,0,0,2,34.0,50.0,deux_roues,voiture,1,2,6,1,3
201900034554,2019-05-02 17:40:00,2019,5,2,17,40,13,13210,TIMONE (AVENUE DE LA),43.2864,5.40799,Plein jour,En agglomération,Hors intersection,Normale,Trois véhicules et plus - en chaîne,7,2,2,0,1,1,1,0,1,50,3,3,1,0,0,2,24.0,24.0,autre,voiture,1,2,1,1,4
201900034555,2019-05-02 14:10:00,2019,5,2,14,10,13,13205,JEAN MOULIN (BOULEVARD),43.29049,5.40005,Plein jour,En agglomération,Hors intersection,Normale,Deux véhicules - côté,4,2,7,3,1,1,1,8,1,50,2,3,1,0,1,1,59.0,44.0,voiture,deux_roues,1,2,1,1,3
201900034556,2019-05-02 12:00:00,2019,5,2,12,0,13,13212,CAILLOLS (AVENUE DES),43.303854,5.436209,Plein jour,En agglomération,Hors intersection,Normale,Autre collision,4,2,2,0,2,4,2,0,1,50,1,5,0,0,5,0,50.0,,voiture,,1,2,1,1,6
201900034557,2019-05-02 12:35:00,2019,5,2,12,35,13,13201,BOURDET (MAURICE) (BOULEVARD),43.302703,5.379485,Plein jour,En agglomération,Hors intersection,Normale,Autre collision,4,2,3,0,2,1,1,0,1,50,1,2,1,0,0,1,32.0,,utilitaire_camion,,1,2,1,1,6
201900034558,2019-05-02 09:00:00,2019,5,2,9,0,13,13215,MADRAGUE VILLE (chemin de la),43.333325,5.358526,Plein jour,En agglomération,Hors intersection,Normale,Autre collision,4,2,2,0,1,1,1,0,2,50,1,2,1,0,1,0,24.0,,voiture,,1,2,1,1,6
201900034559,2019-05-02 07:50:00,2019,5,2,7,50,13,13214,FOUR DE BUZ (CHEMIN),43.34987,5.40554,Plein jour,En agglomération,Hors intersection,Normale,Trois véhicules et plus - collisions multiples,4,2,2,0,2,2,1,0,1,50,3,3,2,0,0,1,16.0,48.0,deux_roues,voiture,1,2,1,1,5
201900034560,2019-05-01 21:00:00,2019,5,1,21,0,13,13213,VALDONNE (AVENUE DE),43.32451,5.41545,Nuit avec éclairage allumé,En agglomération,Intersection en T,Normale,Deux véhicules - frontale,4,2,2,0,1,2,1,0,1,50,2,3,1,0,0,2,51.0,23.0,voiture,voiture,5,2,3,1,1
201900034561,2019-05-01 17:30:00,2019,5,1,17,30,13,13215,LYON (RUE DE),43.34254,5.35971,Plein jour,En agglomération,Intersection en X,Normale,Deux véhicules - côté,4,2,2,0,2,1,1,0,1,50,2,1,0,0,0,1,44.0,,voiture,,1,2,2,1,3
201900034562,2019-05-01 16:45:00,2019,5,1,16,45,13,13206,ROME (PLACE DE),43.291183,5.380763,Plein jour,En agglomération,Intersection en X,Normale,Deux véhicules - côté,4,-1,0,3,1,1,1,0,1,30,2,2,1,0,0,1,53.0,57.0,voiture,deux_roues,1,2,2,1,3
201900034563,2019-05-01 14:20:00,2019,5,1,14,20,13,13208,MENDES FRANCE (AVENUE),43.255199,5.376295,Plein jour,En agglomération,Hors intersection,Normale,Autre collision,9,-1,0,3,1,1,1,6,1,30,1,2,1,0,0,1,12.0,,deux_roues,,1,2,1,1,6
201900034564,2019-04-30 17:00:00,2019,4,30,17,0,13,13210,TIMONE (AVENUE DE LA),43.2864,5.40791,Plein jour,En agglomération,Hors intersection,Normale,Autre collision,4,2,2,0,2,1,1,0,1,50,1,3,1,0,0,2,25.0,,voiture,,1,2,1,1,6
201900034565,2019-04-30 16:45:00,2019,4,30,16,45,13,13208,TURCAT MERY ALLÉE (ALLEE),43.28044,5.38734,Plein jour,En agglomération,Intersection en T,Autre,Autre collision,4,2,4,0,1,1,1,0,1,50,1,4,1,0,1,2,34.0,,voiture,,1,2,3,9,6
201900034566,2019-04-30 14:00:00,2019,4,30,14,0,13,13213,OLIVES (AVENUE DES),43.326474,5.438453,Plein jour,En agglomération,Hors intersection,Normale,Autre collision,4,3,2,0,1,1,1,0,1,50,1,2,1,0,1,0,34.0,,voiture,,1,2,1,1,6
201900034567,2019-04-30 10:00:00,2019,4,30,10,0,13,13208,TURCAT MERY ALLÉE (ALLEE),43.28,5.388,Plein jour,En agglomération,Hors intersection,Normale,Autre collision,4,2,4,0,1,1,1,0,1,50,1,2,1,0,0,1,30.0,,utilitaire_camion,,1,2,1,1,6
201900034568,2019-04-29 16:40:00,2019,4,29,16,40,13,13209,MICHELET (BOULEVARD),43.2517,5.4033,Plein jour,En agglomération,Hors intersection,Normale,Autre collision,4,1,1,0,1,1,1,0,1,50,1,2,1,0,0,1,32.0,,voiture,,1,2,1,1,6
201900034569,2019-04-30 07:45:00,2019,4,30,7,45,13,13210,PAUL CLAUDEL (BOULEVARD),43.2676,5.41128,Plein jour,En agglomération,Hors intersection,Normale,Deux véhicules - côté,4,2,2,1,2,2,1,0,1,50,2,2,1,0,0,1,53.0,21.0,deux_roues,voiture,1,2,1,1,3
201900034570,2019-04-29 18:05:00,2019,4,29,18,5,13,13211,AUDIENCE (RUE DE L'),43.296557,5.485268,Plein jour,En agglomération,Hors intersection,Normale,Trois véhicules et plus - collisions multiples,4,2,2,0,1,1,1,0,1,30,3,4,2,0,2,0,22.0,21.0,deux_roues,voiture,1,2,1,1,5
201900034571,2019-04-29 16:55:00,2019,4,29,16,55,13,13205,VITALIS (RUE),43.29236,5.39281,Plein jour,En agglomération,Hors intersection,Normale,Autre collision,4,2,2,0,1,1,1,0,1,50,1,2,1,0,0,1,33.0,,voiture,,1,2,1,1,6
201900034572,2019-04-29 13:10:00,2019,4,29,13,10,13,13207,BOMPARD (BOULEVARD),43.2847,5.36015,Plein jour,En agglomération,Hors intersection,Normale,Autre collision,4,2,2,0,1,1,1,0,1,50,1,2,1,0,0,1,58.0,,deux_roues,,1,2,1,1,6
201900034573,2019-04-29 08:02:00,2019,4,29,8,2,13,13204,BLANCARDE (BOULEVARD),43.30318,5.40329,Plein jour,En agglomération,Hors intersection,Normale,Deux véhicules - côté,7,2,2,0,1,1,1,0,1,50,2,2,1,0,1,0,47.0,,voiture,,1,2,1,1,3
201900034574,2019-04-28 23:15:00,2019,4,28,23,15,13,13209,RAYMOND TEISSERE (RUE),43.272,5.3996,Nuit avec éclairage allumé,En agglomération,Intersection en T,Normale,Trois véhicules et plus - collisions multiples,4,2,2,0,1,1,1,0,1,50,3,3,2,0,0,1,46.0,39.0,deux_roues,voiture,5,2,3,1,5
201900034575,2019-05-21 23:55:00,2019,5,21,23,55,13,13028,BEAU RIVAGE (BOULEVARD),43.23833,5.363512,Nuit avec éclairage allumé,En agglomération,Hors intersection,Normale,Autre collision,4,2,2,0,1,3,1,0,1,30,1,3,1,0,0,2,34.0,,voiture,,5,2,1,1,6
201900034576,2019-05-28 11:50:00,2019,5,28,11,50,13,13005,CIOTAT (ROUTE DE LA RN559),43.196359,5.59644,Plein jour,En agglomération,Hors intersection,Normale,Deux véhicules - côté,3,2,2,0,1,1,1,0,1,50,2,2,1,0,1,0,56.0,29.0,voiture,deux_roues,1,2,1,1,3
201900034577,2019-05-25 22:15:00,2019,5,25,22,15,13,13070,SAINT LAMBERT (CHEMIN),43.28525,5.51796,Nuit sans éclairage public,En agglomération,Hors intersection,Normale,Autre collision,4,2,2,0,1,1,1,9,1,50,1,2,1,0,1,0,19.0,,voiture,,3,2,1,1,6
201900034578,2019-05-12 17:30:00,2019,5,12,17,30,13,13005,SOLLANS (CHEMIN DES),43.305467,5.572561,Plein jour,En agglomération,Intersection en X,Normale,Trois véhicules et plus - collisions multiples,3,1,1,0,1,1,1,0,1,50,3,6,2,0,0,4,73.0,44.0,voiture,voiture,1,2,2,1,5
201900034579,2019-05-11 20:15:00,2019,5,11,20,15,13,13005,VALLEE (TRAVERSE DE LA ),43.2878,5.54803,Plein jour,En agglomération,Giratoire,Normale,Deux véhicules - côté,4,2,2,0,1,2,1,0,1,50,2,2,1,0,1,0,26.0,38.0,deux_roues,voiture,1,2,6,1,3
201900034580,2019-05-25 23:30:00,2019,5,25,23,30,13,13001,MONT ROBERT (CH DU),43.48855,5.38734,Nuit avec éclairage non allumé,Hors agglomération,Intersection en X,Normale,Deux véhicules - côté,4,2,1,0,2,1,1,0,1,50,2,4,0,0,0,4,20.0,20.0,voiture,voiture,4,1,2,1,3
201900034581,2019-05-18 01:00:00,2019,5,18,1,0,13,13001,RD9,43.494269,5.373103,Nuit sans éclairage public,Hors agglomération,Hors intersection,Pluie légère,Autre collision,3,3,4,0,2,1,2,0,1,110,1,1,0,0,0,1,21.0,,voiture,,3,1,1,2,6
201900034582,2019-05-17 09:00:00,2019,5,17,9,0,13,13001,CLUB HIPPIQUE (AV),43.5283,5.44973,Plein jour,En agglomération,Hors intersection,Pluie légère,Deux véhicules - côté,4,2,2,0,1,1,1,0,1,50,2,2,1,0,0,1,56.0,22.0,deux_roues,voiture,1,2,1,2,3
201900034583,2019-05-16 11:30:00,2019,5,16,11,30,13,13001,R.N 7,43.5981,5.3496,Plein jour,Hors agglomération,Hors intersection,Normale,Deux véhicules - frontale,3,2,2,0,1,1,1,0,1,80,2,2,0,0,2,0,68.0,55.0,voiture,voiture,1,1,1,1,1
201900034584,2019-05-16 09:30:00,2019,5,16,9,30,13,13001,CHATEAUX DU MONT ROBERT (RTE),43.483,5.396,Plein jour,Hors agglomération,Intersection en T,Normale,Deux véhicules - côté,4,2,0,0,4,1,1,0,1,30,2,3,1,0,0,2,54.0,37.0,voiture,voiture,1,1,3,1,3
201900034585,2019-05-15 19:00:00,2019,5,15,19,0,13,13001,VAIR GUILLAUME DU (RUE),43.50809,5.40642,Plein jour,En agglomération,Intersection en T,Normale,Autre collision,3,2,2,2,1,1,1,0,1,50,2,2,1,0,0,1,35.0,32.0,utilitaire_camion,deux_roues,1,2,3,1,6
201900034586,2019-05-15 08:20:00,2019,5,15,8,20,13,13001,LEDOUX CLAUDE NICOLAS (RUE),43.478247,5.396312,Plein jour,En agglomération,Hors intersection,Temps couvert,Deux véhicules - côté,4,2,2,1,1,1,1,0,1,50,2,2,1,0,0,1,49.0,48.0,utilitaire_camion,deux_roues,1,2,1,8,3
201900034587,2019-05-05 21:00:00,2019,5,5,21,0,13,13001,PREMIERE DIV FRANCAISE LIB (AV),43.5502666,5.4280347,Nuit sans éclairage public,Hors agglomération,Hors intersection,Vent fort / tempête,Sans collision,2,3,2,0,2,3,1,0,1,50,1,1,0,0,1,0,24.0,,deux_roues,,3,1,1,6,7
201900034588,2019-05-03 15:15:00,2019,5,3,15,15,13,13001,PICASSO PABLO (AV),43.528647,5.416046,Plein jour,En agglomération,Intersection en X,Normale,Deux véhicules - côté,4,2,2,3,1,1,1,5,1,50,2,2,1,0,0,1,74.0,26.0,deux_roues,voiture,1,2,2,1,3
201900034589,2019-05-01 20:45:00,2019,5,1,20,45,13,13001,GALICE (RTE DE),43.5286,5.4237,Nuit avec éclairage allumé,En agglomération,Intersection en X,Normale,Deux véhicules - côté,3,1,3,3,1,1,1,0,1,50,2,7,2,0,0,5,25.0,28.0,voiture,voiture,5,2,2,1,3
201900034590,2019-05-28 14:40:00,2019,5,28,14,40,12,12176,RN 88,44.36718,2.57907,Plein jour,En agglomération,Hors intersection,Normale,Trois véhicules et plus - en chaîne,2,3,4,0,1,1,1,9,1,70,3,3,2,0,0,1,52.0,20.0,voiture,voiture,1,2,1,1,4
201900034591,2019-05-17 19:15:00,2019,5,17,19,15,12,12202,RD 994,44.3692,2.5397,Plein jour,Hors agglomération,Hors intersection,Normale,Deux véhicules - frontale,3,2,2,0,4,3,8,0,1,70,2,3,0,0,3,0,45.0,19.0,voiture,voiture,1,1,1,1,1
201900034592,2019-05-14 08:25:00,2019,5,14,8,25,12,12202,RIGNAC (ROUTE DE),44.36777,2.54087,Plein jour,Hors agglomération,Intersection en T,Normale,Deux véhicules - arrière,3,2,2,0,4,1,1,0,1,70,2,2,1,0,0,1,17.0,25.0,deux_roues,voiture,1,1,3,1,2
201900034593,2019-05-13 10:25:00,2019,5,13,10,25,12,12202,ARMES (PLACE D'),44.3509,2.5727,Plein jour,En agglomération,Hors intersection,Normale,Autre collision,4,1,2,0,2,1,1,0,4,50,1,2,0,0,0,2,54.0,,deux_roues,,1,2,1,1,6
201900034594,2019-05-04 15:45:00,2019,5,4,15,45,12,12202,MARECHAL JOFFRE (AVENUE DU),44.36221,2.57949,Plein jour,En agglomération,Hors intersection,Normale,Autre collision,4,2,2,0,1,1,1,0,1,50,1,2,1,0,1,0,61.0,,voiture,,1,2,1,1,6
201900034595,2019-05-26 16:25:00,2019,5,26,16,25,12,12145,CAVALERIE (COTE DE LA ),44.08911,3.08674,Plein jour,Hors agglomération,Hors intersection,Normale,Deux véhicules - côté,3,2,2,0,2,3,1,0,1,80,2,2,1,0,0,1,78.0,70.0,voiture,voiture,1,1,1,1,3
201900034596,2019-05-19 18:25:00,2019,5,19,18,25,12,12100,LA CLEDE,44.516328,2.326455,Plein jour,Hors agglomération,Hors intersection,Temps couvert,Deux véhicules - frontale,4,2,1,0,2,3,2,0,1,80,2,2,0,0,0,2,65.0,19.0,voiture,voiture,1,1,1,8,1
201900034597,2019-05-06 09:15:00,2019,5,6,9,15,12,12089,ESTAQUES (LES),44.56932,2.24852,Plein jour,Hors agglomération,Hors intersection,Normale,Deux véhicules - frontale,3,2,2,0,2,3,1,0,1,70,2,2,1,0,1,0,36.0,15.0,utilitaire_camion,deux_roues,1,1,1,1,1
201900034598,2019-05-28 08:15:00,2019,5,28,8,15,11,11262,1848 (BOULEVARD),43.191236,3.016176,Plein jour,En agglomération,Hors intersection,Normale,Autre collision,4,2,2,0,1,1,1,0,1,50,1,1,0,0,1,0,55.0,,deux_roues,,1,2,1,1,6
201900034599,2019-05-20 17:38:00,2019,5,20,17,38,11,11262,RD 6009 NARBONNE - PERPIGNAN,43.1974,3.00103,Plein jour,Hors agglomération,Hors intersection,Normale,Deux véhicules - côté,3,2,2,0,1,1,1,0,1,80,2,2,1,0,0,1,71.0,65.0,voiture,deux_roues,1,1,1,1,3
201900034600,2019-05-22 17:30:00,2019,5,22,17,30,11,11262,CARNOT (AVENUE),43.189538,3.005451,Plein jour,En agglomération,Intersection en T,Normale,Autre collision,4,2,2,0,1,1,1,0,1,50,2,2,1,0,0,1,47.0,62.0,voiture,deux_roues,1,2,3,1,6
201900034601,2019-05-17 18:00:00,2019,5,17,18,0,11,11262,ESPAGNE (AVENUE D'),43.171966,2.990573,Plein jour,En agglomération,Hors intersection,Pluie légère,Autre collision,4,2,2,0,2,1,2,0,1,50,1,1,0,0,0,1,20.0,,voiture,,1,2,1,2,6
201900034602,2019-05-17 20:15:00,2019,5,17,20,15,11,11262,ELYSIQUES (VOIES DES),43.18656,2.98293,Crépuscule ou aube,En agglomération,Hors intersection,Pluie forte,Sans collision,4,3,4,0,1,1,2,0,1,50,1,1,0,0,0,1,21.0,,voiture,,2,2,1,3,7
201900034603,2019-05-17 20:00:00,2019,5,17,20,0,11,11262,LECLERC (AVENUE DU GENERAL),43.17798,2.99497,Crépuscule ou aube,En agglomération,Intersection en T,Normale,Trois véhicules et plus - collisions multiples,4,2,2,0,1,1,1,0,1,50,3,3,2,0,0,1,53.0,22.0,voiture,voiture,2,2,3,1,5
201900034604,2019-05-16 18:30:00,2019,5,16,18,30,11,11262,RD 6009 NARBONNE - BEZIERS,43.16753,2.98415,Plein jour,Hors agglomération,Hors intersection,Normale,Deux véhicules - arrière,3,3,4,0,1,1,1,0,1,80,2,2,1,0,0,1,23.0,27.0,utilitaire_camion,deux_roues,1,1,1,1,2
201900034605,2019-05-14 17:30:00,2019,5,14,17,30,11,11262,BORDEAUX (AVENUE DE),43.18162,2.98138,Plein jour,En agglomération,Hors intersection,Normale,Deux véhicules - côté,4,2,2,0,1,1,1,0,1,50,2,4,3,0,0,1,37.0,54.0,voiture,voiture,1,2,1,1,3
201900034606,2019-05-10 16:10:00,2019,5,10,16,10,11,11262,ALDY (RUE FELIX),43.18169,3.0131,Plein jour,En agglomération,Intersection en X,Normale,Autre collision,4,1,1,0,1,1,1,0,1,50,2,2,1,0,1,0,58.0,,deux_roues,voiture,1,2,2,1,6
201900034607,2019-05-06 19:25:00,2019,5,6,19,25,11,11262,BIMAR (RUE GUILLAUME),43.19117,3.01774,Plein jour,En agglomération,Intersection en T,Normale,Deux véhicules - côté,4,2,2,0,1,1,1,0,1,50,2,2,1,0,1,0,22.0,50.0,voiture,voiture,1,2,3,1,3
201900034608,2019-05-05 12:25:00,2019,5,5,12,25,11,11262,HUBERT MOULY (AVENUE),43.18005,3.02358,Plein jour,En agglomération,Hors intersection,Normale,Autre collision,4,3,4,0,1,1,1,0,1,50,1,2,1,0,1,0,63.0,,voiture,,1,2,1,1,6
201900034609,2019-04-27 14:00:00,2019,4,27,14,0,11,11262,RAZIMBAUD (CHEM. DE BAS ET AV. DE,43.19596,3.01869,Plein jour,En agglomération,Hors intersection,Normale,Deux véhicules - arrière,4,2,2,0,1,1,1,0,1,50,2,6,1,0,0,5,39.0,,voiture,,1,2,1,1,2
201900034610,2019-04-26 08:00:00,2019,4,26,8,0,11,11262,JUIN (AVENUE MAREHAL),43.18055,3.01392,Plein jour,En agglomération,Giratoire,Normale,Autre collision,4,2,2,0,1,1,1,0,1,50,2,2,1,0,0,1,30.0,69.0,deux_roues,voiture,1,2,6,1,6
201900034611,2019-05-01 01:10:00,2019,5,1,1,10,11,11069,MONTPELLIER -DE-,43.217607,2.355482,Nuit avec éclairage allumé,En agglomération,Intersection en X,Normale,Deux véhicules - arrière,4,1,1,0,1,1,1,0,1,30,2,3,0,0,0,3,20.0,29.0,voiture,voiture,5,2,2,1,2
201900034612,2019-04-25 17:45:00,2019,4,25,17,45,11,11069,ZI PONT ROUGE,43.2355,2.3699,Plein jour,Hors agglomération,Giratoire,Normale,Deux véhicules - arrière,4,2,2,0,1,1,1,0,1,50,2,3,2,0,0,1,16.0,53.0,voiture,voiture,1,1,6,1,2
201900034613,2019-04-24 23:40:00,2019,4,24,23,40,11,11069,RD 6161 - Rocade Ouest,43.2355,2.3699,Nuit avec éclairage allumé,Hors agglomération,Giratoire,Normale,Deux véhicules - côté,3,2,2,0,2,2,2,3,1,80,2,2,1,0,1,0,53.0,16.0,voiture,voiture,5,1,6,1,3
201900034614,2019-05-29 17:39:00,2019,5,29,17,39,10,10081,ROCADE OUEST (RD 610),48.3049651,4.0229577,Plein jour,Hors agglomération,Hors intersection,Normale,Deux véhicules - arrière,3,1,2,0,1,1,1,0,1,110,2,3,2,0,0,1,27.0,74.0,autre,voiture,1,1,1,1,2
201900034615,2019-05-26 19:26:00,2019,5,26,19,26,10,10333,ABBAYE DE MONTIER LA CELLE (RUE DE),48.2859,4.05027,Plein jour,En agglomération,Hors intersection,Normale,Autre collision,4,2,2,0,1,1,1,8,1,30,1,1,0,0,0,1,25.0,,deux_roues,,1,2,1,1,6
201900034616,2019-05-25 18:10:00,2019,5,25,18,10,10,10387,TEINTURIERS (DES),48.3,4.09,Plein jour,En agglomération,Intersection en T,Pluie légère,Deux véhicules - côté,7,2,2,0,1,1,2,0,1,30,2,2,1,0,1,0,40.0,10.0,voiture,deux_roues,1,2,3,2,3
201900034617,2019-05-25 16:46:00,2019,5,25,16,46,10,10357,ROCADE EST (RD 610),48.29501,4.14072,Plein jour,Hors agglomération,Hors intersection,Normale,Deux véhicules - arrière,3,2,1,0,1,1,1,0,1,80,2,6,2,0,0,4,56.0,41.0,voiture,voiture,1,1,1,1,2
201900034618,2019-05-23 19:45:00,2019,5,23,19,45,10,10081,MARECHAL LECLERC (RUE),48.3111,4.0463,Plein jour,En agglomération,Intersection en X,Normale,Deux véhicules - côté,4,2,2,0,1,1,1,0,1,50,2,2,1,0,0,1,37.0,41.0,voiture,voiture,1,2,2,1,3
201900034619,2019-05-17 16:35:00,2019,5,17,16,35,10,10081,JULES FERRY (RUE),48.3212,4.0544,Plein jour,En agglomération,Autre intersection,Normale,Deux véhicules - frontale,4,2,2,0,1,1,1,0,1,50,2,2,1,0,0,1,27.0,33.0,deux_roues,voiture,1,2,9,1,1
201900034620,2019-05-16 12:38:00,2019,5,16,12,38,10,10387,JULES GUESDE (BOULEVARD),48.2857012,4.0829256,Plein jour,En agglomération,Hors intersection,Normale,Deux véhicules - côté,3,2,2,0,1,1,1,0,1,50,2,2,1,0,0,1,59.0,44.0,transport_commun,deux_roues,1,2,1,1,3