accident_id,datetime,annee,mois,jour,heure,minute,departement,commune_insee,adresse,latitude,longitude,luminosite,agglomeration,intersection,meteo,collision,catr,circ,nbv,vosp,prof,plan,surf,infra,situ,vma,nb_vehicules,nb_usagers,nb_indemnes,nb_tues,nb_blesses_hosp,nb_blesses_legers,age_cond_1,age_cond_2,veh_type_cond_1,veh_type_cond_2,lum_code,agg_code,int_code,atm_code,col_code
201900034712,2019-12-13 08:00:00,2019,12,13,8,0,6,06048,RD 15 ROND POINT LAFARGE,43.795509,7.326879,Crépuscule ou aube,En agglomération,Giratoire,Pluie forte,Deux véhicules - arrière,3,2,2,0,2,1,2,0,1,50,2,1,0,0,0,1,34.0,,voiture,,2,2,6,3,2
201900034713,2019-12-13 17:30:00,2019,12,13,17,30,67,67544,1 Rue de la Paix,49.036018,7.95249,Nuit avec éclairage allumé,En agglomération,Intersection en X,Pluie forte,Autre collision,3,2,2,0,1,1,2,0,1,40,1,2,1,0,1,0,77.0,,voiture,,5,2,2,3,6
201900034714,2019-12-14 01:50:00,2019,12,14,1,50,64,64245,Rue du Caubarou,43.2037783,-0.5872051,Nuit sans éclairage public,En agglomération,Hors intersection,Pluie légère,Sans collision,3,2,2,0,1,1,2,2,3,50,1,1,0,0,1,0,29.0,,voiture,,3,2,1,2,7
201900034715,2019-12-13 19:40:00,2019,12,13,19,40,33,33238,12 Cours Gambetta,44.728834,-0.600811,Nuit avec éclairage allumé,En agglomération,Giratoire,Pluie forte,Autre collision,3,2,2,0,1,1,2,0,1,50,1,2,1,0,1,0,44.0,,voiture,,5,2,6,3,6
201900034716,2019-12-15 13:47:00,2019,12,15,13,47,72,72264,23 Place du Champ-de-foire,47.840391,-0.336081,Plein jour,En agglomération,Hors intersection,Normale,Autre collision,4,2,2,3,1,1,1,0,6,30,1,2,1,0,1,0,68.0,,voiture,,1,2,1,1,6
201900034717,2019-12-15 10:00:00,2019,12,15,10,0,22,22210,Route de Loguivy de la Mer,48.805585,-3.068616,Plein jour,Hors agglomération,Hors intersection,Temps éblouissant,Deux véhicules - frontale,3,2,2,0,2,1,1,0,1,80,2,3,0,0,0,3,94.0,69.0,voiture,voiture,1,1,1,7,1
201900034718,2019-12-13 19:45:00,2019,12,13,19,45,13,13216,A55-Sens Martigues vers Marseille,43.3655669,5.3375574,Nuit sans éclairage public,Hors agglomération,Hors intersection,Pluie légère,Deux véhicules - frontale,1,1,1,0,2,3,2,0,1,50,2,2,1,0,0,1,23.0,21.0,utilitaire_camion,voiture,3,1,1,2,1
201900034719,2019-12-14 07:25:00,2019,12,14,7,25,13,13215,A7-Sens Marseille vers Lyon,43.349738,5.369163,Crépuscule ou aube,En agglomération,Hors intersection,Pluie légère,Sans collision,1,3,2,0,1,1,2,0,1,70,1,1,0,0,0,1,31.0,,voiture,,2,2,1,2,7
201900034720,2019-12-14 21:00:00,2019,12,14,21,0,69,69152,A7  005.756  A  007.000,45.70157,4.83548,Nuit sans éclairage public,Hors agglomération,Hors intersection,Normale,Deux véhicules - arrière,1,3,7,0,1,1,1,0,1,70,2,1,0,0,0,1,47.0,,voiture,,3,1,1,1,2
201900034721,2019-12-14 18:00:00,2019,12,14,18,0,91,91689,AUTOROUTE A6,48.7235,2.3123,Nuit sans éclairage public,Hors agglomération,Hors intersection,Normale,Deux véhicules - arrière,1,1,6,0,1,1,1,0,1,110,2,2,1,0,0,1,46.0,26.0,voiture,voiture,3,1,1,1,2
201900034722,2019-12-14 06:30:00,2019,12,14,6,30,91,91363,RN 104,48.66018,2.18498,Nuit sans éclairage public,Hors agglomération,Hors intersection,Normale,Deux véhicules - arrière,2,3,4,0,1,1,2,3,1,90,2,2,1,0,0,1,56.0,33.0,voiture,voiture,3,1,1,1,2
201900034723,2019-12-13 16:15:00,2019,12,13,16,15,91,91136,AUTOROUTE A10,48.71456,2.27257,Plein jour,Hors agglomération,Hors intersection,Normale,Trois véhicules et plus - en chaîne,1,3,6,0,1,1,1,0,1,90,3,6,4,0,0,2,27.0,27.0,voiture,voiture,1,1,1,1,4
201900034724,2019-12-14 15:30:00,2019,12,14,15,30,78,78640,A86 EXT,48.778058,2.215026,Plein jour,Hors agglomération,Hors intersection,Normale,Deux véhicules - arrière,1,1,3,0,1,1,1,0,1,70,2,3,1,0,0,2,23.0,20.0,voiture,voiture,1,1,1,1,2
201900034725,2019-12-14 00:30:00,2019,12,14,0,30,92,92063,A86,48.8781563,2.1634487,Nuit avec éclairage allumé,Hors agglomération,Hors intersection,Pluie forte,Sans collision,1,-1,3,0,1,3,2,1,1,70,1,1,0,0,0,1,45.0,,deux_roues,,5,1,1,3,7
201900034726,2019-12-13 18:15:00,2019,12,13,18,15,92,92050,A86,48.9152364,2.2203213,Nuit sans éclairage public,Hors agglomération,Hors intersection,Normale,Autre collision,1,1,3,0,1,1,2,0,1,90,3,3,2,0,0,1,36.0,34.0,voiture,deux_roues,3,1,1,1,6
201900034727,2019-12-14 18:20:00,2019,12,14,18,20,93,93066,AUTOROUTE A1,48.9347,2.37225,Nuit sans éclairage public,Hors agglomération,Hors intersection,Normale,Deux véhicules - arrière,1,3,4,0,2,1,1,2,1,50,2,2,1,0,0,1,21.0,57.0,voiture,deux_roues,3,1,1,1,2
201900034728,2019-12-14 11:30:00,2019,12,14,11,30,95,95582,RD 170,48.96258,2.26305,Plein jour,Hors agglomération,Hors intersection,Pluie légère,Autre collision,3,1,2,0,2,2,2,0,1,50,1,2,1,0,0,1,21.0,,voiture,,1,1,1,2,6
201900034729,2019-12-14 06:15:00,2019,12,14,6,15,60,60612,AUTOROUTE A1,49.18145,2.60529,Nuit sans éclairage public,Hors agglomération,Hors intersection,Pluie légère,Deux véhicules - côté,1,3,6,0,1,1,2,0,1,130,2,2,0,0,0,2,32.0,31.0,utilitaire_camion,voiture,3,1,1,2,3
201900034730,2019-12-13 18:55:00,2019,12,13,18,55,93,93027,AUTOROUTE A86,48.92466,2.38985,Nuit sans éclairage public,Hors agglomération,Hors intersection,Normale,Trois véhicules et plus - en chaîne,1,3,8,0,1,1,1,0,1,90,3,3,2,0,0,1,46.0,41.0,voiture,voiture,3,1,1,1,4
201900034731,2019-12-13 16:20:00,2019,12,13,16,20,77,77249,RN104,48.7563,2.6153,Plein jour,Hors agglomération,Hors intersection,Normale,Autre collision,2,3,4,0,1,1,1,0,1,110,1,1,0,1,0,0,29.0,,deux_roues,,1,1,1,1,6
201900034732,2019-11-30 09:00:00,2019,11,30,9,0,971,97113,SECTION DUNOYER,16.2085365,-61.4674977,Plein jour,Hors agglomération,Hors intersection,Normale,Deux véhicules - côté,2,2,2,0,1,1,1,0,1,80,2,2,1,0,0,1,46.0,53.0,deux_roues,voiture,1,1,1,1,3
201900034733,2019-12-11 18:35:00,2019,12,11,18,35,74,74298,BONNEVILLE (ROUTE DE ),46.17474,6.24786,Nuit sans éclairage public,En agglomération,Hors intersection,Pluie légère,Deux véhicules - arrière,3,2,2,0,1,1,2,0,1,50,2,2,1,0,0,1,20.0,22.0,voiture,deux_roues,3,2,1,2,2
201900034734,2019-12-10 06:40:00,2019,12,10,6,40,74,74118,LIBERATION (ROUTE DE LA),46.17629,6.23537,Nuit sans éclairage public,En agglomération,Giratoire,Temps couvert,Deux véhicules - côté,3,-1,2,0,3,1,2,0,1,50,2,2,1,0,0,1,37.0,47.0,deux_roues,voiture,3,2,6,8,3
201900034735,2019-12-12 23:25:00,2019,12,12,23,25,71,71540,BOIS MOREY (LE),46.78471,4.4517,Nuit sans éclairage public,Hors agglomération,Hors intersection,Temps couvert,Autre collision,4,2,2,0,1,1,2,0,1,50,1,5,1,0,0,4,21.0,,voiture,,3,1,1,8,6
201900034736,2019-12-12 11:06:00,2019,12,12,11,6,63,63113,POCHET LAGAYE (BD PAUL),45.76474,3.1027,Plein jour,En agglomération,Hors intersection,Normale,Deux véhicules - arrière,7,2,4,0,1,1,1,0,1,50,2,2,1,0,0,1,58.0,24.0,voiture,voiture,1,2,1,1,2
201900034737,2019-12-12 12:06:00,2019,12,12,12,6,63,63032,MASAGE/route de Romagnat,45.75168,3.09066,Plein jour,En agglomération,Intersection en X,Normale,Deux véhicules - arrière,7,2,-1,-1,1,1,1,0,1,-1,2,2,1,0,0,1,38.0,30.0,voiture,voiture,1,2,2,1,2
201900034738,2019-12-10 19:50:00,2019,12,10,19,50,63,63113,UNION SOVIETIQUE (AVENUE DE L'),45.77941,3.10065,Nuit avec éclairage allumé,En agglomération,Intersection en T,Normale,Deux véhicules - côté,4,2,3,3,1,1,1,9,1,30,2,2,0,0,0,2,32.0,19.0,deux_roues,voiture,5,2,3,1,3
201900034739,2019-10-31 16:45:00,2019,10,31,16,45,59,59350,FAUBOURG D'ARRAS RUE,50.61404,3.06253,Plein jour,En agglomération,Intersection en X,Normale,Deux véhicules - côté,7,2,2,0,2,1,1,0,1,50,2,1,0,0,0,1,26.0,,deux_roues,,1,2,2,1,3
201900034740,2019-11-06 08:30:00,2019,11,6,8,30,43,43046,OBSERVATOIRE (ROUTE DE L'),45.05884,3.89289,Plein jour,En agglomération,Hors intersection,Normale,Deux véhicules - frontale,4,2,2,0,2,2,2,0,1,50,2,2,1,0,1,0,19.0,54.0,voiture,voiture,1,2,1,1,1
201900034741,2019-12-13 10:40:00,2019,12,13,10,40,988,98818,AVENUE DU MARECHAL FOCH/RUE DUQUESNE,-22.27789,166.44309,Plein jour,En agglomération,Intersection en X,Normale,Sans collision,4,3,4,0,4,3,1,0,1,50,1,1,0,0,1,0,80.0,,deux_roues,,1,2,2,1,7
201900034742,2019-12-12 19:27:00,2019,12,12,19,27,988,98818,GERVOLINO (RUE MARCEL),-22.24151,166.46336,Crépuscule ou aube,En agglomération,Hors intersection,Normale,Autre collision,4,2,2,0,1,3,1,0,3,50,1,1,0,0,0,1,41.0,,voiture,,2,2,1,1,6
201900034743,2019-12-12 13:30:00,2019,12,12,13,30,974,97411,MACE (BOULEVARD GABRIEL),-20.87283,55.44812,Plein jour,En agglomération,Hors intersection,Normale,Deux véhicules - arrière,4,2,2,0,1,1,1,0,1,50,2,2,1,0,1,0,36.0,26.0,voiture,utilitaire_camion,1,2,1,1,2
201900034744,2019-12-12 22:00:00,2019,12,12,22,0,973,97302,VOLTAIRE(AVENUE),4.9422459,-52.3229551,Nuit avec éclairage non allumé,En agglomération,Hors intersection,Normale,Deux véhicules - frontale,4,1,2,0,1,1,1,0,1,50,2,1,0,0,0,1,25.0,,voiture,,4,2,1,1,1
201900034745,2019-12-13 13:15:00,2019,12,13,13,15,69,69276,ONZE NOVEMBRE 1918                 R,45.66953,4.85039,Plein jour,En agglomération,Hors intersection,Pluie légère,Trois véhicules et plus - collisions multiples,4,2,2,0,1,1,2,0,1,50,3,3,2,0,0,1,65.0,40.0,voiture,voiture,1,2,1,2,5
201900034746,2019-12-13 09:15:00,2019,12,13,9,15,69,69387,SALOMON REINACH                     (R ),45.7502,4.8433,Plein jour,Hors agglomération,Intersection en X,Normale,Trois véhicules et plus - collisions multiples,4,2,2,1,1,1,1,0,1,50,4,2,0,0,1,1,40.0,33.0,voiture,voiture,1,1,2,1,5
201900034747,2019-12-13 18:00:00,2019,12,13,18,0,972,97209,DOROTHY (ROUTE DE),14.61126,-61.04243,Plein jour,Hors agglomération,Giratoire,Normale,Deux véhicules - côté,2,1,2,0,1,1,1,0,1,50,2,2,1,0,0,1,23.0,52.0,voiture,voiture,1,1,6,1,3
201900034748,2019-12-13 08:00:00,2019,12,13,8,0,69,69389,ST CYR (DE)                         (R ),45.79069,4.80834,Crépuscule ou aube,En agglomération,Hors intersection,Pluie légère,Deux véhicules - arrière,7,2,3,3,1,1,2,0,1,50,2,2,1,0,0,1,70.0,36.0,voiture,voiture,2,2,1,2,2
201900034749,2019-12-13 07:50:00,2019,12,13,7,50,69,69202,COMMANDANT CHARCOT (DU)             (R ),45.74796,4.79177,Nuit avec éclairage allumé,En agglomération,Hors intersection,Pluie légère,Autre collision,4,2,2,0,1,1,2,0,1,50,1,2,1,0,0,1,46.0,,voiture,,5,2,1,2,6
201900034750,2019-12-12 18:05:00,2019,12,12,18,5,971,97113,Section Port Blanc,16.23072,-61.45,Nuit avec éclairage allumé,Hors agglomération,Hors intersection,Normale,Deux véhicules - côté,4,2,2,0,2,3,1,0,1,70,2,2,1,0,0,1,26.0,35.0,voiture,voiture,5,1,1,1,3
201900034751,2019-12-13 07:50:00,2019,12,13,7,50,95,95277,Avenue François Mitterrand,48.9853,2.428,Crépuscule ou aube,En agglomération,Hors intersection,Pluie légère,Autre collision,3,2,2,0,1,1,2,6,1,50,1,3,1,0,0,2,42.0,,utilitaire_camion,,2,2,1,2,6
201900034752,2019-12-13 08:33:00,2019,12,13,8,33,91,91589,REPUBLIQUE (AVENUE DE LA),48.68954,2.350071,Plein jour,En agglomération,Place,Pluie forte,Autre collision,4,2,2,0,1,1,2,0,1,50,1,3,2,0,0,1,42.0,,voiture,,1,2,7,3,6
201900034753,2019-12-12 08:10:00,2019,12,12,8,10,91,91692,BERRY (AVENUE DU),48.682578,2.169091,Nuit avec éclairage allumé,En agglomération,Hors intersection,Normale,Autre collision,4,2,2,0,1,1,1,6,1,30,1,3,1,0,0,2,21.0,,voiture,,5,2,1,1,6
201900034754,2019-12-12 19:30:00,2019,12,12,19,30,91,91174,BUISSON(RUE FERDINAND),48.613923,2.485204,Nuit avec éclairage allumé,En agglomération,Autre intersection,Pluie légère,Autre collision,4,2,1,0,2,1,2,2,1,50,1,1,0,0,0,1,,,,,5,2,9,2,6
201900034755,2019-12-13 17:00:00,2019,12,13,17,0,91,91027,DUNANT (AVENUE HENRI),48.71074,2.38833,Crépuscule ou aube,En agglomération,Intersection en T,Normale,Deux véhicules - côté,3,-1,4,0,1,1,1,0,1,50,2,3,2,0,0,1,54.0,18.0,voiture,deux_roues,2,2,3,1,3
201900034756,2019-12-12 16:20:00,2019,12,12,16,20,91,91103,PAIX (RUE DE LA),48.6077,2.3058,Crépuscule ou aube,En agglomération,Intersection en X,Pluie légère,Autre collision,4,2,2,0,1,1,2,9,8,30,1,2,1,0,1,0,51.0,,voiture,,2,2,2,2,6
201900034757,2019-12-13 13:39:00,2019,12,13,13,39,87,87085,PERIN (BOULEVARD GEORGES),45.83151,1.26258,Plein jour,En agglomération,Hors intersection,Normale,Deux véhicules - arrière,4,2,2,0,1,1,1,0,1,50,2,1,0,0,0,1,34.0,,voiture,,1,2,1,1,2
201900034758,2019-12-13 08:55:00,2019,12,13,8,55,87,87085,SAINT GENCE (RUE DE) (RD218),45.84783,1.23646,Plein jour,En agglomération,Intersection en T,Normale,Deux véhicules - côté,4,2,2,0,2,1,2,5,1,50,2,2,1,0,0,1,26.0,56.0,voiture,voiture,1,2,3,1,3
201900034759,2019-12-12 15:45:00,2019,12,12,15,45,80,80021,CHATEAUDUN (BOULEVARD DE),49.88379,2.28217,Plein jour,En agglomération,Hors intersection,Normale,Deux véhicules - côté,4,2,5,0,1,1,1,0,1,50,2,2,1,0,1,0,46.0,60.0,voiture,deux_roues,1,2,1,1,3
201900034760,2019-12-11 19:10:00,2019,12,11,19,10,80,80021,SAINT QUENTIN (BOULEVARD),49.87968,2.29214,Nuit avec éclairage allumé,En agglomération,Intersection en X,Pluie légère,Deux véhicules - côté,4,2,6,0,1,1,2,0,1,50,2,2,1,0,0,1,70.0,38.0,voiture,voiture,5,2,2,2,3
201900034761,2019-12-13 07:30:00,2019,12,13,7,30,78,78440,JEAN MONNET (RUE),48.99348,1.91128,Nuit avec éclairage allumé,En agglomération,Intersection en X,Pluie forte,Deux véhicules - côté,4,2,2,0,1,1,2,0,1,50,2,2,1,0,0,1,59.0,27.0,utilitaire_camion,deux_roues,5,2,2,3,3
201900034762,2019-12-12 18:22:00,2019,12,12,18,22,77,77445,D151 X OREE DU BOIS (RUE DE L'),48.5872,2.5951,Nuit avec éclairage allumé,En agglomération,Giratoire,Pluie forte,Deux véhicules - frontale,3,2,2,0,1,1,2,5,5,50,2,2,1,0,0,1,24.0,57.0,voiture,deux_roues,5,2,6,3,1
201900034763,2019-11-30 13:45:00,2019,11,30,13,45,76,76540,BONSECOURS. ROUTE DE,49.43372,1.10717,Plein jour,En agglomération,Hors intersection,Normale,Deux véhicules - côté,3,2,6,0,2,1,1,0,1,50,2,2,1,0,0,1,58.0,50.0,deux_roues,voiture,1,2,1,1,3
201900034764,2019-12-12 09:20:00,2019,12,12,9,20,76,76351,FRANCOIS 1ER (BD),49.49177,0.09924,Plein jour,En agglomération,Intersection en X,Normale,Trois véhicules et plus - en chaîne,4,3,4,0,1,1,2,0,1,50,3,3,0,0,0,3,22.0,22.0,voiture,voiture,1,2,2,1,4
201900034765,2019-12-13 07:50:00,2019,12,13,7,50,74,74012,MERMOZ RUE JEAN),46.19479,6.25124,Nuit avec éclairage allumé,En agglomération,Hors intersection,Pluie forte,Autre collision,4,2,2,0,1,1,2,0,1,50,1,3,1,0,0,2,38.0,,voiture,,5,2,1,3,6
201900034766,2019-12-13 14:23:00,2019,12,13,14,23,71,71306,PUITS (AVENUE DES ),46.6747,4.36064,Plein jour,En agglomération,Hors intersection,Pluie forte,Sans collision,4,2,2,0,1,1,1,0,1,50,1,1,0,0,0,1,17.0,,deux_roues,,1,2,1,3,7
201900034767,2019-12-12 18:00:00,2019,12,12,18,0,71,71040,BIZOTS (ROUTE DES),46.70855,4.39477,Nuit avec éclairage allumé,En agglomération,Autre intersection,Pluie légère,Autre collision,3,2,2,0,1,3,2,0,1,50,1,1,0,0,0,1,30.0,,voiture,,5,2,9,2,6
201900034768,2019-12-12 18:50:00,2019,12,12,18,50,71,71076,KENNEDY (AVENUE JOHN FITZGERALD),46.79344,4.86367,Nuit avec éclairage allumé,En agglomération,Hors intersection,Normale,Autre collision,4,3,2,0,1,1,1,0,1,50,1,2,1,0,1,0,59.0,,voiture,,5,2,1,1,6
201900034769,2019-12-12 17:55:00,2019,12,12,17,55,71,71076,LEDRU ROLLIN (RUE),46.78744,4.83881,Nuit avec éclairage allumé,En agglomération,Hors intersection,Normale,Autre collision,4,3,3,0,1,1,1,0,1,50,1,1,0,0,1,0,,,,,5,2,1,1,6
201900034770,2019-12-09 12:25:00,2019,12,9,12,25,69,69282,REPUBLIQUE (DE)                     (R ),45.76602,5.00682,Plein jour,En agglomération,Hors intersection,Normale,Trois véhicules et plus - en chaîne,4,2,2,0,1,1,2,0,1,50,3,4,2,0,0,2,36.0,44.0,voiture,autre,1,2,1,1,4
201900034771,2019-12-13 10:15:00,2019,12,13,10,15,64,64545,CORNICHE (ROUTE DE LA),43.381935,-1.7280027,Plein jour,Hors agglomération,Hors intersection,Vent fort / tempête,Deux véhicules - frontale,3,2,2,0,1,3,2,0,1,50,2,2,1,0,0,1,51.0,54.0,voiture,voiture,1,1,1,6,1
201900034772,2019-12-13 17:40:00,2019,12,13,17,40,64,64445,LOUIS SALLENAVE,43.31742,-0.36018,Nuit avec éclairage allumé,En agglomération,Intersection en T,Pluie forte,Deux véhicules - côté,5,1,1,0,1,1,2,9,1,30,2,2,1,0,0,1,22.0,21.0,voiture,deux_roues,5,2,3,3,3
201900034773,2019-12-13 16:45:00,2019,12,13,16,45,64,64445,LEON BLUM,43.32451,-0.32558,Crépuscule ou aube,En agglomération,Intersection en T,Pluie forte,Deux véhicules - côté,4,2,1,0,1,1,2,0,1,50,2,2,1,0,0,1,33.0,28.0,voiture,deux_roues,2,2,3,3,3
201900034774,2019-12-01 18:05:00,2019,12,1,18,5,64,64348,JEAN MERMOZ,43.3208583,-0.379017,Nuit avec éclairage allumé,En agglomération,Intersection en T,Normale,Autre collision,4,2,2,1,1,1,1,0,1,50,3,6,5,0,0,1,33.0,32.0,voiture,voiture,5,2,3,1,6
201900034775,2019-12-01 12:30:00,2019,12,1,12,30,64,64122,BEAURIVAGE (AVENUE- PLACE),43.47348,-1.56684,Plein jour,En agglomération,Hors intersection,Normale,Autre collision,6,-1,0,0,1,1,1,0,1,15,1,2,1,0,1,0,58.0,,voiture,,1,2,1,1,6
201900034776,2019-12-13 18:08:00,2019,12,13,18,8,64,64102,RAYMOND SOUSBIELLE (RUE),43.4840055,-1.4767326,Nuit avec éclairage allumé,En agglomération,Intersection en T,Pluie légère,Deux véhicules - côté,4,1,1,0,2,1,2,0,1,50,2,2,1,0,0,1,19.0,52.0,deux_roues,voiture,5,2,3,2,3
201900034777,2019-12-12 18:30:00,2019,12,12,18,30,64,64102,AVRIL (AVENUE DU 14),43.5040176,-1.45002,Nuit avec éclairage allumé,En agglomération,Intersection en Y,Pluie forte,Deux véhicules - côté,3,2,4,0,1,1,2,5,1,50,2,2,1,0,0,1,50.0,57.0,transport_commun,deux_roues,5,2,4,3,3
201900034778,2019-12-13 17:50:00,2019,12,13,17,50,59,59599,BRUN PAIN (RUE DU),50.72546,3.1439,Nuit avec éclairage allumé,En agglomération,Hors intersection,Temps couvert,Deux véhicules - côté,4,2,2,0,1,1,2,0,1,50,2,2,1,0,1,0,22.0,43.0,voiture,deux_roues,5,2,1,8,3
201900034779,2019-12-12 10:30:00,2019,12,12,10,30,59,59512,MOULIN (RUE JEAN),50.68226,3.17616,Plein jour,En agglomération,Intersection en X,Normale,Deux véhicules - côté,4,1,2,0,3,1,1,0,1,50,2,4,1,0,0,3,23.0,28.0,voiture,voiture,1,2,2,1,3
201900034780,2019-12-13 15:10:00,2019,12,13,15,10,59,59566,MARAIS RUE DU,50.62459,2.99307,Plein jour,Hors agglomération,Hors intersection,Normale,Autre collision,9,-1,1,0,1,1,2,0,1,50,1,2,1,0,0,1,75.0,,voiture,,1,1,1,1,6
201900034781,2019-12-13 14:00:00,2019,12,13,14,0,59,59560,BURGAULT RUE,50.54603,3.04303,Plein jour,En agglomération,Hors intersection,Normale,Deux véhicules - frontale,4,2,2,0,1,1,1,0,1,50,2,1,0,0,0,1,26.0,,voiture,,1,2,1,1,1
201900034782,2019-12-12 07:52:00,2019,12,12,7,52,57,57221,LONGWY (RUE DE),49.31852,6.10441,Nuit avec éclairage allumé,En agglomération,Hors intersection,Pluie légère,Autre collision,3,2,2,0,1,1,2,6,1,50,1,2,1,0,1,0,48.0,,voiture,,5,2,1,2,6
201900034783,2019-12-13 06:50:00,2019,12,13,6,50,52,52121,GENERAL DE GAULLE (PLACE DU),48.10993,5.13595,Crépuscule ou aube,En agglomération,Hors intersection,Pluie légère,Autre collision,4,2,1,0,1,1,2,0,1,50,1,2,1,0,0,1,20.0,,voiture,,2,2,1,2,6
201900034784,2019-12-13 13:51:00,2019,12,13,13,51,45,45234,AV R SECRETAIN - R DE LA CIGOGNE,47.8857,1.89691,Plein jour,En agglomération,Intersection en X,Pluie légère,Trois véhicules et plus - en chaîne,4,3,4,0,1,1,2,0,1,50,3,3,2,0,0,1,28.0,36.0,voiture,voiture,1,2,2,2,4
201900034785,2019-12-13 08:40:00,2019,12,13,8,40,45,45234,R DES CARMES - R H ROY,47.9015769,1.9008152,Plein jour,En agglomération,Intersection en X,Normale,Deux véhicules - côté,4,2,2,-1,1,1,1,0,1,30,2,3,1,0,0,2,26.0,39.0,deux_roues,voiture,1,2,2,1,3
201900034786,2019-12-01 08:40:00,2019,12,1,8,40,44,44184,MITTERRAND (AVENUE FRANÇOIS),47.270408,-2.224752,Plein jour,En agglomération,Hors intersection,Normale,Deux véhicules - frontale,4,2,2,0,1,1,1,0,1,50,2,2,1,0,1,0,26.0,27.0,deux_roues,voiture,1,2,1,1,1
201900034787,2019-12-13 22:00:00,2019,12,13,22,0,44,44020,ROUTE DE PORNIC,47.18692,-1.5983,Nuit avec éclairage allumé,Hors agglomération,Hors intersection,Pluie forte,Autre collision,7,2,0,0,1,1,1,0,1,70,1,1,0,0,0,1,32.0,,voiture,,5,1,1,3,6
201900034788,2019-12-13 18:00:00,2019,12,13,18,0,44,44162,PLACE OCEANE,47.22563,-1.62879,Nuit avec éclairage allumé,En agglomération,Autre intersection,Pluie légère,Autre collision,6,-1,0,0,1,1,2,0,1,30,1,2,1,0,0,1,20.0,,voiture,,5,2,9,2,6
201900034789,2019-12-13 15:00:00,2019,12,13,15,0,44,44109,BOULEVARD ROBERT SCHUMAN / AMERICAINS,47.23593,-1.56805,Plein jour,En agglomération,Intersection en T,Normale,Autre collision,4,2,-1,-1,1,1,1,5,1,-1,1,2,1,0,0,1,46.0,,voiture,,1,2,3,1,6
201900034790,2019-12-12 19:15:00,2019,12,12,19,15,41,41018,FRANCE (AVENUE DE)  1,47.59424,1.31437,Nuit avec éclairage allumé,En agglomération,Intersection en T,Pluie légère,Trois véhicules et plus - en chaîne,4,4,3,0,1,1,2,0,1,50,3,4,3,0,0,1,56.0,53.0,voiture,voiture,5,2,3,2,4
201900034791,2019-12-13 06:15:00,2019,12,13,6,15,38,38544,REPUBLIQUE(BD DE LA ),45.52303,4.872,Nuit avec éclairage allumé,En agglomération,Intersection en X,Pluie légère,Deux véhicules - côté,4,1,1,0,1,1,2,5,1,50,2,2,1,0,0,1,21.0,17.0,voiture,deux_roues,5,2,2,2,3
201900034792,2019-12-13 15:20:00,2019,12,13,15,20,37,37261,BERT (QUAI PAUL),47.40174,0.68922,Plein jour,En agglomération,Hors intersection,Normale,Deux véhicules - arrière,4,2,2,0,1,1,1,0,1,50,2,2,0,0,0,2,39.0,,voiture,,1,2,1,1,2
201900034793,2019-07-10 21:00:00,2019,7,10,21,0,37,37261,PAILHOU (PLACE GASTON),47.39171,0.68055,Plein jour,En agglomération,Hors intersection,Normale,Deux véhicules - côté,4,1,1,0,1,1,1,0,1,50,2,2,1,0,1,0,19.0,22.0,deux_roues,voiture,1,2,1,1,3
201900034794,2019-12-13 08:45:00,2019,12,13,8,45,35,35238,PATTON (AVENUE DU GENERAL SIR GEORGES),48.1277,-1.6648,Plein jour,En agglomération,Intersection en T,Normale,Deux véhicules - côté,4,2,-1,3,1,1,2,0,1,50,2,2,1,0,0,1,33.0,55.0,deux_roues,voiture,1,2,3,1,3
201900034795,2019-12-12 19:50:00,2019,12,12,19,50,33,33013,AVE DE LA MOUNE,44.8629,-0.48404,Nuit sans éclairage public,En agglomération,Intersection en T,Pluie forte,Autre collision,4,2,2,0,2,2,1,0,1,50,2,1,0,0,0,1,43.0,,deux_roues,,3,2,3,3,6
201900034796,2019-12-13 09:00:00,2019,12,13,9,0,33,33063,RUE LUCIE AUBRAC,44.86854,-0.5523,Crépuscule ou aube,En agglomération,Intersection en T,Normale,Deux véhicules - côté,4,1,1,0,1,1,2,0,1,30,2,2,1,0,0,1,30.0,,deux_roues,,2,2,3,1,3
201900034797,2019-12-12 20:20:00,2019,12,12,20,20,33,33063,CRS DUPRE DE SAINT MAUR,44.87054,-0.55451,Nuit avec éclairage allumé,En agglomération,Giratoire,Pluie légère,Deux véhicules - côté,4,2,2,0,1,1,2,5,1,50,2,3,1,0,0,2,24.0,35.0,voiture,voiture,5,2,6,2,3
201900034798,2019-12-12 21:14:00,2019,12,12,21,14,33,33167,VOIE PENETRANTE EST,44.84364,-0.52364,Nuit avec éclairage allumé,Hors agglomération,Hors intersection,Pluie légère,Autre collision,4,3,6,0,2,1,2,0,1,70,1,1,0,0,0,1,19.0,,deux_roues,,5,1,1,2,6
201900034799,2019-11-09 16:25:00,2019,11,9,16,25,63,63189,D98,45.6469464,2.7115895,Plein jour,Hors agglomération,Hors intersection,Normale,Sans collision,3,2,2,0,4,2,1,0,1,80,1,1,0,0,1,0,21.0,,deux_roues,,1,1,1,1,7
201900034800,2019-11-09 04:15:00,2019,11,9,4,15,1,01398,D904,46.000927,4.878049,Nuit sans éclairage public,Hors agglomération,Hors intersection,Normale,Autre collision,3,2,2,0,1,1,2,0,3,80,1,3,0,1,2,0,21.0,,voiture,,3,1,1,1,6