accident_id,datetime,annee,mois,jour,heure,minute,departement,commune_insee,adresse,latitude,longitude,luminosite,agglomeration,intersection,meteo,collision,catr,circ,nbv,vosp,prof,plan,surf,infra,situ,vma,nb_vehicules,nb_usagers,nb_indemnes,nb_tues,nb_blesses_hosp,nb_blesses_legers,age_cond_1,age_cond_2,veh_type_cond_1,veh_type_cond_2,lum_code,agg_code,int_code,atm_code,col_code
201900035076,2019-06-22 20:25:00,2019,6,22,20,25,971,97116,RN 5,16.321138,-61.467185,Nuit avec éclairage allumé,Hors agglomération,Intersection en T,Normale,Deux véhicules - côté,2,2,2,0,4,1,1,0,1,80,2,2,1,0,0,1,47.0,29.0,voiture,deux_roues,5,1,3,1,3
201900035077,2019-06-23 23:45:00,2019,6,23,23,45,971,97107,Route Nationale 1,16.023963,-61.575433,Nuit sans éclairage public,Hors agglomération,Hors intersection,Temps couvert,Autre collision,2,3,4,0,2,2,2,9,3,90,1,2,0,0,1,1,36.0,,voiture,,3,1,1,8,6
201900035078,2019-06-22 16:00:00,2019,6,22,16,0,77,77029,Départementale 211,48.6434519,2.8765214,Plein jour,Hors agglomération,Hors intersection,Normale,Deux véhicules - frontale,3,2,2,0,1,1,1,0,1,80,2,1,0,0,1,0,52.0,,deux_roues,,1,1,1,1,1
201900035079,2019-06-23 17:20:00,2019,6,23,17,20,91,91319,26 Rue des Genévriers,48.646538,2.156152,Plein jour,En agglomération,Intersection en T,Normale,Deux véhicules - arrière,3,2,2,0,1,2,1,0,1,30,2,2,1,0,1,0,43.0,24.0,voiture,deux_roues,1,2,3,1,2
201900035080,2019-06-21 01:30:00,2019,6,21,1,30,78,78089,A13,49.020702,1.572803,Plein jour,Hors agglomération,Hors intersection,Normale,Deux véhicules - côté,1,2,3,0,1,1,1,0,1,90,2,6,3,0,3,0,33.0,30.0,voiture,utilitaire_camion,1,1,1,1,3
201900035081,2019-06-24 12:05:00,2019,6,24,12,5,34,34276,Route de Ceceles,43.768958,3.875292,Plein jour,Hors agglomération,Hors intersection,Normale,Sans collision,3,2,2,0,1,1,1,0,8,80,1,1,0,0,1,0,20.0,,voiture,,1,1,1,1,7
201900035082,2019-06-19 11:30:00,2019,6,19,11,30,84,84078,La ViaRhona,44.23838,4.711649,Plein jour,Hors agglomération,Hors intersection,Normale,Autre collision,9,2,1,1,1,2,1,9,5,5,1,1,0,1,0,0,69.0,,deux_roues,,1,1,1,1,6
201900035083,2019-06-23 15:30:00,2019,6,23,15,30,83,83066,,43.670986,5.810795,Plein jour,Hors agglomération,Hors intersection,Normale,Autre collision,3,2,2,0,2,3,1,0,3,80,1,3,0,0,1,2,19.0,,voiture,,1,1,1,1,6
201900035084,2019-06-21 21:50:00,2019,6,21,21,50,6,06128,759 chemin de la pounchounière,43.688585,7.127103,Nuit avec éclairage allumé,En agglomération,Hors intersection,Normale,Sans collision,4,2,2,0,2,2,1,0,1,50,1,1,0,0,0,1,54.0,,voiture,,5,2,1,1,7
201900035085,2019-06-24 14:30:00,2019,6,24,14,30,68,68342,RD431,47.845406,7.141586,Plein jour,Hors agglomération,Hors intersection,Normale,Autre collision,3,2,2,0,2,1,1,0,3,70,1,1,0,0,1,0,37.0,,deux_roues,,1,1,1,1,6
201900035086,2019-06-23 10:40:00,2019,6,23,10,40,74,74249,D52,46.373803,6.64218,Plein jour,Hors agglomération,Intersection en X,Normale,Deux véhicules - côté,3,2,2,0,2,1,1,0,1,50,2,2,1,0,1,0,42.0,18.0,voiture,deux_roues,1,1,2,1,3
201900035087,2019-06-23 07:40:00,2019,6,23,7,40,33,33374,AVENUE DE LA LIBERTÉ,45.27071,-0.562434,Crépuscule ou aube,En agglomération,Hors intersection,Normale,Deux véhicules - côté,3,2,2,0,1,3,1,0,1,50,2,4,3,0,1,0,73.0,35.0,voiture,voiture,2,2,1,1,3
201900035088,2019-06-23 21:00:00,2019,6,23,21,0,85,85300,la Landette,46.6502,-1.51212,Plein jour,Hors agglomération,Hors intersection,Normale,Sans collision,3,2,2,0,1,2,1,0,3,80,1,1,0,0,1,0,66.0,,deux_roues,,1,1,1,1,7
201900035089,2019-06-22 11:20:00,2019,6,22,11,20,27,27165,D 140,48.949768,0.95607,Plein jour,En agglomération,Intersection en T,Normale,Deux véhicules - frontale,3,2,2,0,1,1,1,0,1,70,2,2,1,0,0,1,46.0,24.0,utilitaire_camion,deux_roues,1,2,3,1,1
201900035090,2019-06-20 01:20:00,2019,6,20,1,20,13,13071,A51-Sens Aix en Provence vers Marseille,43.415704,5.36485,Nuit sans éclairage public,Hors agglomération,Hors intersection,Normale,Autre collision,1,3,3,0,1,1,1,8,1,70,1,1,0,0,1,0,31.0,,voiture,,3,1,1,1,6
201900035091,2019-06-23 18:33:00,2019,6,23,18,33,13,13055,A507 sens Aubagne- Marseille,43.3326,5.3857,Plein jour,Hors agglomération,Hors intersection,Normale,Deux véhicules - arrière,1,3,2,0,1,1,1,1,1,70,2,5,0,0,0,5,46.0,25.0,voiture,voiture,1,1,1,1,2
201900035092,2019-06-21 16:45:00,2019,6,21,16,45,13,13071,A5501G-Sens Mlle Vieux Port vers A7-Lyon,43.4048,5.298,Plein jour,Hors agglomération,Hors intersection,Normale,Trois véhicules et plus - collisions multiples,1,1,2,0,2,2,1,3,1,90,5,7,4,0,0,3,34.0,36.0,voiture,voiture,1,1,1,1,5
201900035093,2019-06-22 01:50:00,2019,6,22,1,50,13,13117,A7-Sens Lyon vers Marseille,43.41715,5.27472,Nuit sans éclairage public,Hors agglomération,Hors intersection,Normale,Sans collision,1,1,1,0,1,2,1,0,1,90,1,4,0,0,1,3,18.0,,voiture,,3,1,1,1,7
201900035094,2019-06-22 15:15:00,2019,6,22,15,15,91,91235,RN 445,48.62694,2.35412,Plein jour,Hors agglomération,Hors intersection,Normale,Deux véhicules - frontale,2,2,2,0,2,3,1,0,1,30,2,3,0,0,0,3,48.0,35.0,voiture,utilitaire_camion,1,1,1,1,1
201900035095,2019-06-22 14:23:00,2019,6,22,14,23,94,94034,AUTOROUTE A86,48.7580078,2.3266266,Plein jour,Hors agglomération,Hors intersection,Normale,Trois véhicules et plus - en chaîne,1,1,2,0,1,1,1,1,1,70,4,4,3,0,0,1,31.0,45.0,voiture,utilitaire_camion,1,1,1,1,4
201900035096,2019-06-21 20:56:00,2019,6,21,20,56,91,91689,AUTOROUTE A6,48.730744,2.314813,Plein jour,Hors agglomération,Hors intersection,Normale,Deux véhicules - côté,1,3,6,0,1,1,1,0,3,110,2,2,1,0,0,1,34.0,20.0,deux_roues,voiture,1,1,1,1,3
201900035097,2019-06-23 04:08:00,2019,6,23,4,8,78,78423,RN12,48.795473,2.046297,Nuit sans éclairage public,Hors agglomération,Hors intersection,Normale,Autre collision,2,1,3,0,1,1,1,0,3,110,1,1,0,0,0,1,28.0,,voiture,,3,1,1,1,6
201900035098,2019-06-23 00:30:00,2019,6,23,0,30,78,78431,A13,48.9423,1.9521,Nuit avec éclairage non allumé,Hors agglomération,Hors intersection,Normale,Trois véhicules et plus - collisions multiples,1,1,3,0,1,1,1,0,3,130,3,7,5,0,0,2,41.0,31.0,voiture,voiture,4,1,1,1,5
201900035099,2019-06-23 16:40:00,2019,6,23,16,40,93,93007,AUTOROUTE A1,48.94624,2.4415,Plein jour,Hors agglomération,Hors intersection,Normale,Deux véhicules - arrière,1,3,8,0,1,1,1,0,1,90,2,4,2,0,0,2,56.0,33.0,voiture,voiture,1,1,1,1,2
201900035100,2019-06-23 03:55:00,2019,6,23,3,55,94,94018,A4,48.82684,2.40146,Nuit avec éclairage allumé,Hors agglomération,Autre intersection,Normale,Deux véhicules - arrière,1,-1,4,0,1,3,1,9,1,90,2,4,1,0,1,2,47.0,25.0,voiture,voiture,5,1,9,1,2
201900035101,2019-06-19 17:10:00,2019,6,19,17,10,71,71475,AUGUSTE MARTIN (RUE),46.76925,4.83361,Plein jour,En agglomération,Hors intersection,Pluie légère,Deux véhicules - côté,4,2,-1,0,1,1,2,0,1,50,2,2,1,0,0,1,37.0,46.0,deux_roues,voiture,1,2,1,2,3
201900035102,2019-06-22 10:30:00,2019,6,22,10,30,63,63113,POINCARE (COURS RAYMOND),45.77188,3.09004,Plein jour,En agglomération,Intersection en X,Normale,Deux véhicules - côté,4,2,2,0,4,1,1,5,1,50,2,2,1,0,0,1,28.0,30.0,voiture,deux_roues,1,2,2,1,3
201900035103,2019-06-18 16:27:00,2019,6,18,16,27,63,63113,CHANDIOTS (RUE DES),45.78838,3.11815,Plein jour,En agglomération,Hors intersection,Normale,Deux véhicules - arrière,4,1,1,0,1,1,1,0,1,50,2,2,1,0,0,1,56.0,37.0,voiture,voiture,1,2,1,1,2
201900035104,2019-06-18 14:42:00,2019,6,18,14,42,63,63113,BERGOUGNAN (AVENUE RAYMOND),45.7842693,3.067887,Plein jour,En agglomération,Hors intersection,Normale,Trois véhicules et plus - collisions multiples,7,2,2,0,1,1,1,0,1,50,3,3,2,0,0,1,21.0,51.0,voiture,utilitaire_camion,1,2,1,1,5
201900035105,2019-06-18 12:45:00,2019,6,18,12,45,63,63113,CLEMENTEL (BD ETIENNE),45.803881,3.1099751,Plein jour,En agglomération,Hors intersection,Normale,Trois véhicules et plus - en chaîne,7,3,4,0,1,1,1,9,1,50,3,3,2,0,0,1,27.0,47.0,voiture,voiture,1,2,1,1,4
201900035106,2019-06-20 17:00:00,2019,6,20,17,0,59,59271,FLANDRES - BOULEVARD,51.0233,2.31155,Plein jour,En agglomération,Intersection en X,Normale,Deux véhicules - côté,3,2,-1,-1,1,1,1,0,1,-1,2,2,1,0,1,0,27.0,34.0,deux_roues,utilitaire_camion,1,2,2,1,3
201900035107,2019-06-19 17:50:00,2019,6,19,17,50,49,49328,GRAND CHEMIN (RUE DU),47.29867,-0.10312,Plein jour,Hors agglomération,Intersection en Y,Normale,Deux véhicules - côté,4,2,2,0,1,1,1,0,1,80,2,3,2,0,0,1,26.0,24.0,voiture,voiture,1,1,4,1,3
201900035108,2019-06-19 16:50:00,2019,6,19,16,50,45,45147,R CONDORCET - R ABBE GERVAISE,47.92988,1.9228,Plein jour,En agglomération,Intersection en X,Normale,Deux véhicules - côté,4,2,2,0,2,1,1,0,1,50,2,2,1,0,0,1,53.0,64.0,voiture,voiture,1,2,2,1,3
201900035109,2019-06-18 18:25:00,2019,6,18,18,25,45,45284,RUE DU CLOCHETON,47.9163245,1.9660526,Plein jour,En agglomération,Hors intersection,Normale,Deux véhicules - côté,4,2,2,0,1,1,1,0,1,50,2,2,1,0,0,1,10.0,40.0,deux_roues,voiture,1,2,1,1,3
201900035110,2019-06-19 12:33:00,2019,6,19,12,33,45,45234,AV DE PARIS,47.91427,1.90449,Plein jour,En agglomération,Hors intersection,Normale,Sans collision,4,3,3,0,1,3,1,0,1,50,1,1,0,0,0,1,29.0,,deux_roues,,1,2,1,1,7
201900035111,2019-06-20 21:30:00,2019,6,20,21,30,13,13206,MARENGO (RUE),43.2874,5.38594,Crépuscule ou aube,En agglomération,Hors intersection,Normale,Sans collision,4,1,1,0,1,1,1,0,1,50,1,1,0,0,0,1,20.0,,deux_roues,,2,2,1,1,7
201900035112,2019-06-19 18:30:00,2019,6,19,18,30,13,13202,ROBERT SCHUMANN (AVENUE),43.303859,5.366839,Plein jour,En agglomération,Hors intersection,Normale,Autre collision,4,1,3,0,1,1,1,0,1,50,1,2,1,0,0,1,50.0,,voiture,,1,2,1,1,6
201900035113,2019-06-22 04:20:00,2019,6,22,4,20,988,98818,RUE AUGUSTE BENEBIG/18 JUIN,-22.26773,166.46246,Nuit avec éclairage allumé,En agglomération,Giratoire,Normale,Sans collision,2,2,2,0,2,1,1,5,1,50,1,1,0,0,0,1,22.0,,utilitaire_camion,,5,2,6,1,7
201900035114,2019-06-22 20:40:00,2019,6,22,20,40,976,97611,m'tsapere-Mosquée Maevantana (ruelle ),-12.79028,45.21721,Nuit avec éclairage allumé,En agglomération,Autre intersection,Normale,Deux véhicules - frontale,4,1,1,0,1,2,9,0,1,30,2,3,1,0,0,2,34.0,31.0,voiture,deux_roues,5,2,9,1,1
201900035115,2019-06-22 09:20:00,2019,6,22,9,20,976,97611,kaweni-Mangrove (route de la),-12.77524,45.2283,Plein jour,Hors agglomération,Hors intersection,Normale,Deux véhicules - côté,2,2,2,0,1,1,1,0,1,50,2,2,1,0,0,1,43.0,54.0,voiture,voiture,1,1,1,1,3
201900035116,2019-06-22 21:50:00,2019,6,22,21,50,974,97411,PAYET (RUE ROGER),-20.8928785,55.4864877,Nuit avec éclairage allumé,En agglomération,Hors intersection,Normale,Deux véhicules - côté,4,3,1,0,1,1,1,0,1,50,2,2,1,0,0,1,35.0,17.0,voiture,deux_roues,5,2,1,1,3
201900035117,2019-06-21 21:30:00,2019,6,21,21,30,974,97411,Boulevard Jean Jaurès,-20.89767,55.47555,Nuit avec éclairage allumé,En agglomération,Giratoire,Pluie légère,Deux véhicules - côté,2,1,2,0,4,2,2,5,1,70,2,1,0,0,1,0,,,deux_roues,,5,2,6,2,3
201900035118,2019-06-21 16:10:00,2019,6,21,16,10,974,97411,Rue Camille Vergoz,-20.885,55.447,Plein jour,En agglomération,Hors intersection,Normale,Trois véhicules et plus - collisions multiples,4,1,1,0,1,1,1,0,3,50,3,2,1,0,0,1,27.0,45.0,voiture,deux_roues,1,2,1,1,5
201900035119,2019-06-20 17:00:00,2019,6,20,17,0,974,97411,Route de Bois de Nèfles,-20.8927,55.489819,Nuit avec éclairage allumé,En agglomération,Hors intersection,Normale,Autre collision,3,2,2,0,2,3,1,0,1,50,1,2,1,0,0,1,40.0,,voiture,,5,2,1,1,6
201900035120,2019-06-18 20:20:00,2019,6,18,20,20,974,97411,JAURES (BOULEVARD JEAN),-20.88868,55.44636,Nuit avec éclairage allumé,En agglomération,Intersection en X,Normale,Deux véhicules - côté,4,2,0,0,2,1,1,0,1,50,2,2,0,0,1,1,30.0,43.0,voiture,voiture,5,2,2,1,3
201900035121,2019-06-22 03:45:00,2019,6,22,3,45,69,69383,MARECHAL DE SAXE                    (AV),45.76153,4.84545,Nuit avec éclairage allumé,En agglomération,Intersection en X,Normale,Deux véhicules - côté,4,2,3,3,1,1,2,0,1,50,2,1,0,0,0,1,23.0,,autre,,5,2,2,1,3
201900035122,2019-06-22 01:15:00,2019,6,22,1,15,69,69387,MARCEL MERIEUX                      (R ),45.7320194,4.829827,Nuit avec éclairage allumé,En agglomération,Hors intersection,Pluie forte,Deux véhicules - arrière,4,2,2,1,1,1,2,0,1,50,2,2,1,0,0,1,18.0,19.0,deux_roues,deux_roues,5,2,1,3,2
201900035123,2019-06-21 19:00:00,2019,6,21,19,0,69,69259,LOUIS AULAGNE                       (R ),45.70545,4.87091,Plein jour,En agglomération,Hors intersection,Temps couvert,Autre collision,4,2,1,0,1,1,2,0,1,50,1,2,1,0,1,0,43.0,,voiture,,1,2,1,8,6
201900035124,2019-06-21 16:00:00,2019,6,21,16,0,69,69388,PAUL SANTY                          (AV),45.72653,4.87982,Plein jour,En agglomération,Hors intersection,Pluie légère,Deux véhicules - arrière,4,3,5,2,1,1,2,0,1,50,2,2,1,0,1,0,28.0,59.0,voiture,voiture,1,2,1,2,2
201900035125,2019-06-20 16:20:00,2019,6,20,16,20,69,69259,PARILLY (DE)                        (BD),45.71522,4.90582,Plein jour,En agglomération,Hors intersection,Normale,Deux véhicules - côté,5,-1,0,0,1,1,1,6,1,20,2,1,0,0,0,1,76.0,,deux_roues,,1,2,1,1,3
201900035126,2019-06-20 16:45:00,2019,6,20,16,45,69,69386,BUGEAUD                             (R ),45.766,4.849,Plein jour,En agglomération,Intersection en X,Normale,Deux véhicules - frontale,4,1,2,0,1,1,1,0,1,50,2,2,1,0,0,1,26.0,26.0,voiture,deux_roues,1,2,2,1,1
201900035127,2019-06-20 10:35:00,2019,6,20,10,35,69,69387,GABRIEL PERI                        (PL),45.75506,4.84281,Plein jour,En agglomération,Autre intersection,Normale,Autre collision,9,-1,0,0,1,1,1,6,1,5,1,2,1,0,0,1,50.0,,deux_roues,,1,2,9,1,6
201900035128,2019-06-20 09:50:00,2019,6,20,9,50,69,69387,GUSTAVE NADAUD                      (R ),45.74341,4.83424,Plein jour,En agglomération,Intersection en X,Normale,Deux véhicules - côté,4,2,8,0,1,1,1,0,1,50,2,2,1,0,0,1,39.0,43.0,voiture,deux_roues,1,2,2,1,3
201900035129,2019-06-20 07:20:00,2019,6,20,7,20,69,69259,PRESIDENT EDOUARD HERRIOT (DU)      (R ),45.6953793,4.8763794,Plein jour,En agglomération,Place,Temps couvert,Deux véhicules - côté,6,-1,0,0,1,1,1,0,1,50,2,4,1,0,0,3,32.0,36.0,voiture,voiture,1,2,7,8,3
201900035130,2019-06-17 15:21:00,2019,6,17,15,21,69,69383,LAFAYETTE                           (PT),45.7635537,4.8399471,Plein jour,En agglomération,Hors intersection,Normale,Deux véhicules - arrière,4,2,6,3,1,1,1,2,1,50,2,2,1,0,0,1,83.0,40.0,voiture,deux_roues,1,2,1,1,2
201900035131,2019-06-21 19:45:00,2019,6,21,19,45,972,97209,RAVINE VILAINE (CHEMIN DEPARTEMENTAL DE),14.6386,-61.05952,Nuit avec éclairage allumé,En agglomération,Autre intersection,Normale,Deux véhicules - côté,3,2,2,0,1,1,1,0,1,50,2,2,1,0,0,1,33.0,34.0,utilitaire_camion,deux_roues,5,2,9,1,3
201900035132,2019-06-22 05:25:00,2019,6,22,5,25,972,97209,RD 41 (ROCADE),14.61441,-61.05288,Crépuscule ou aube,Hors agglomération,Hors intersection,Normale,Autre collision,3,3,4,0,4,3,1,0,1,90,1,1,0,0,0,1,25.0,,voiture,,2,1,1,1,6
201900035133,2019-06-22 00:54:00,2019,6,22,0,54,972,97209,BISHOP (Avenue Maurice),14.61389,-61.05296,Nuit avec éclairage allumé,Hors agglomération,Autre intersection,Normale,Sans collision,2,2,6,3,1,1,1,9,1,30,1,2,0,0,2,0,41.0,,deux_roues,,5,1,9,1,7
201900035134,2019-06-22 17:25:00,2019,6,22,17,25,69,69381,SERGENT BLANDAN (DU)                (R ),45.7688,4.8296,Plein jour,En agglomération,Hors intersection,Normale,Autre collision,4,1,1,0,1,1,1,0,1,50,1,2,1,0,0,1,30.0,,deux_roues,,1,2,1,1,6
201900035135,2019-06-22 05:19:00,2019,6,22,5,19,69,69382,PERRACHE                            (QU),45.734,4.81861,Crépuscule ou aube,En agglomération,Intersection en X,Normale,Deux véhicules - arrière,4,1,3,0,1,1,1,0,1,50,2,1,0,0,0,1,29.0,,deux_roues,,2,2,2,1,2
201900035136,2019-06-22 00:30:00,2019,6,22,0,30,69,69382,CARNOT                              (PL),45.75,4.828,Nuit avec éclairage allumé,En agglomération,Autre intersection,Pluie forte,Autre collision,7,1,1,0,1,1,2,0,1,50,1,2,1,0,0,1,21.0,,voiture,,5,2,9,3,6
201900035137,2019-06-22 00:00:00,2019,6,22,0,0,69,69385,ST ALEXANDRE                        (R ),45.75617,4.81545,Nuit avec éclairage allumé,En agglomération,Intersection en X,Temps couvert,Autre collision,4,1,1,0,2,1,1,0,1,50,1,2,1,0,0,1,43.0,,voiture,,5,2,2,8,6
201900035138,2019-06-21 14:00:00,2019,6,21,14,0,69,69384,CHARIOT D'OR (DU)                   (R ),45.777,4.8348,Plein jour,En agglomération,Intersection en X,Normale,Deux véhicules - côté,7,1,1,0,1,1,1,0,1,50,2,5,4,0,0,1,70.0,17.0,voiture,deux_roues,1,2,2,1,3
201900035139,2019-06-21 08:25:00,2019,6,21,8,25,69,69034,GENERAL DE GAULLE                   (AV),45.80813,4.85625,Plein jour,En agglomération,Hors intersection,Temps éblouissant,Autre collision,3,2,2,0,1,1,1,0,1,50,1,3,2,0,0,1,25.0,,voiture,,1,2,1,7,6
201900035140,2019-06-19 23:30:00,2019,6,19,23,30,69,69382,CHARLEMAGNE                         (CO),45.7432516,4.8212063,Nuit avec éclairage allumé,En agglomération,Hors intersection,Normale,Deux véhicules - arrière,4,1,1,0,1,1,1,0,1,50,2,2,1,0,0,1,30.0,,utilitaire_camion,,5,2,1,1,2
201900035141,2019-06-22 02:05:00,2019,6,22,2,5,2B,2B033,ROUTE ROYALE,42.67611,9.43831,Nuit avec éclairage allumé,En agglomération,Intersection en X,Pluie légère,Deux véhicules - côté,4,4,3,0,2,1,2,0,1,50,2,2,1,0,0,1,50.0,22.0,voiture,voiture,5,2,2,2,3
201900035142,2019-06-21 17:17:00,2019,6,21,17,17,2B,2B033,IMPERIALE - ROUTE,42.67056,9.44194,Plein jour,En agglomération,Hors intersection,Normale,Deux véhicules - côté,3,2,2,0,1,1,1,0,2,30,2,2,1,0,0,1,44.0,49.0,deux_roues,voiture,1,2,1,1,3
201900035143,2019-06-21 12:15:00,2019,6,21,12,15,2B,2B033,11 - RT,42.70037,9.45206,Plein jour,En agglomération,Hors intersection,Normale,Deux véhicules - frontale,2,2,4,0,1,1,1,0,1,50,2,2,1,0,1,0,21.0,38.0,deux_roues,voiture,1,2,1,1,1
201900035144,2019-06-20 07:39:00,2019,6,20,7,39,2B,2B033,SAMPIERO CORSO - AV,42.67089,9.44349,Plein jour,En agglomération,Autre intersection,Normale,Deux véhicules - côté,2,1,2,0,1,2,1,0,1,50,2,3,1,0,0,2,29.0,31.0,voiture,voiture,1,2,9,1,3
201900035145,2019-06-21 13:15:00,2019,6,21,13,15,971,97113,GENERAL DE GAULLE (AVENUE),16.20632,-61.49309,Plein jour,En agglomération,Autre intersection,Normale,Autre collision,4,1,1,0,1,1,1,0,1,50,1,2,1,0,1,0,27.0,,voiture,,1,2,9,1,6
201900035146,2019-06-21 07:40:00,2019,6,21,7,40,971,97113,MONTAUBAN (SECTEUR),16.21606,-61.50351,Plein jour,En agglomération,Hors intersection,Normale,Autre collision,3,2,2,0,1,1,1,0,1,50,1,2,1,1,0,0,57.0,,transport_commun,,1,2,1,1,6
201900035147,2019-04-27 00:55:00,2019,4,27,0,55,971,97107,MARQUISAT ( ROUTE DE ),16.04097,-61.56647,Nuit avec éclairage allumé,En agglomération,Hors intersection,Normale,Deux véhicules - côté,4,2,2,0,1,1,1,5,1,50,2,2,1,0,1,0,27.0,30.0,deux_roues,utilitaire_camion,5,2,1,1,3
201900035148,2019-06-21 19:55:00,2019,6,21,19,55,971,97105,FELIX EBOUE (BOULVARD G.GENERAL),15.99286,-61.72747,Nuit avec éclairage allumé,En agglomération,Autre intersection,Normale,Deux véhicules - côté,2,-1,1,0,2,1,1,0,1,50,2,4,2,0,1,1,54.0,46.0,deux_roues,voiture,5,2,9,1,3
201900035149,2019-06-20 20:15:00,2019,6,20,20,15,2A,2A004,ROUTE DU STILETTO,41.9499709,8.7715794,Plein jour,En agglomération,Giratoire,Normale,Deux véhicules - côté,2,2,2,0,1,1,1,5,2,50,2,2,1,0,0,1,33.0,59.0,voiture,utilitaire_camion,1,2,6,1,3
201900035150,2019-06-21 02:35:00,2019,6,21,2,35,2A,2A004,ROI JEROME BD,41.9196637,8.73864,Nuit avec éclairage allumé,En agglomération,Autre intersection,Normale,Autre collision,3,1,1,0,1,1,1,8,1,50,1,1,0,0,0,1,40.0,,deux_roues,,5,2,9,1,6
201900035151,2019-10-04 10:15:00,2019,10,4,10,15,94,94018,ALFRED SAVOURE (R),48.82125,2.41446,Plein jour,En agglomération,Intersection en T,Normale,Autre collision,3,1,1,0,1,1,1,0,1,50,1,2,1,0,0,1,37.0,,utilitaire_camion,,1,2,3,1,6
201900035152,2019-10-04 11:45:00,2019,10,4,11,45,93,93078,NATIONS (AVENUE DES),48.97644,2.51129,Plein jour,En agglomération,Hors intersection,Normale,Autre collision,4,2,4,0,1,1,1,5,4,50,1,1,0,0,0,1,21.0,,voiture,,1,2,1,1,6
201900035153,2019-10-04 12:15:00,2019,10,4,12,15,93,93070,DEBAIN(RUE),48.90264,2.350175,Plein jour,En agglomération,Hors intersection,Normale,Deux véhicules - frontale,4,1,1,1,1,1,1,0,1,50,2,2,1,0,0,1,23.0,26.0,voiture,deux_roues,1,2,1,1,1
201900035154,2019-10-04 18:30:00,2019,10,4,18,30,93,93066,"""PERI GABRIEL, NR 116 A 144 ET 135 A 149",48.93994,2.356774,Plein jour,En agglomération,Intersection en X,Pluie légère,Autre collision,4,-1,1,0,1,1,2,6,1,30,1,2,1,0,0,1,56.0,,utilitaire_camion,,1,2,2,2,6
201900035155,2019-10-04 10:50:00,2019,10,4,10,50,93,93066,FRANCE ANATOLE (BOULEVARD) NR AUTRES,48.91757,2.34077,Plein jour,En agglomération,Intersection en T,Temps couvert,Deux véhicules - côté,3,2,4,0,1,1,1,0,1,50,2,2,1,0,0,1,36.0,31.0,voiture,deux_roues,1,2,3,8,3
201900035156,2019-10-03 19:30:00,2019,10,3,19,30,93,93066,EL OUAFI HAMED BOUGERA,48.9228,2.36467,Nuit avec éclairage allumé,En agglomération,Autre intersection,Normale,Deux véhicules - côté,4,2,2,0,1,1,1,0,1,50,2,2,1,0,0,1,25.0,36.0,voiture,deux_roues,5,2,9,1,3
201900035157,2019-10-03 12:05:00,2019,10,3,12,5,93,93053,ROSNY (AVENUE DE) N° 53 A 243,48.8941,2.47065,Plein jour,En agglomération,Intersection en T,Normale,Deux véhicules - côté,3,2,2,0,1,1,1,5,1,50,2,2,0,0,0,2,26.0,52.0,deux_roues,deux_roues,1,2,3,1,3
201900035158,2019-10-04 14:25:00,2019,10,4,14,25,93,93031,FOCH (BOULEVARD),48.94847,2.33113,Plein jour,En agglomération,Intersection en T,Normale,Deux véhicules - côté,3,2,2,0,1,1,1,0,1,50,2,2,1,0,0,1,34.0,57.0,utilitaire_camion,utilitaire_camion,1,2,3,1,3
201900035159,2019-10-03 12:25:00,2019,10,3,12,25,93,93031,FELIX MERLIN,48.95561,2.29621,Plein jour,En agglomération,Intersection en T,Normale,Autre collision,4,2,2,0,1,1,1,0,1,50,1,2,1,1,0,0,38.0,,transport_commun,,1,2,3,1,6
201900035160,2019-10-04 13:51:00,2019,10,4,13,51,93,93013,ROLLAND (RUE DU CDT),48.93429,2.42618,Plein jour,En agglomération,Hors intersection,Normale,Autre collision,9,-1,1,0,1,1,1,0,3,10,1,2,1,0,0,1,23.0,,utilitaire_camion,,1,2,1,1,6
201900035161,2019-10-04 15:50:00,2019,10,4,15,50,93,93010,POLISSARD (RUE AUGUSTE),48.9041,2.481351,Plein jour,En agglomération,Hors intersection,Normale,Deux véhicules - côté,3,1,1,0,1,1,1,0,1,50,2,2,0,0,0,2,32.0,32.0,utilitaire_camion,utilitaire_camion,1,2,1,1,3
201900035162,2019-10-04 18:20:00,2019,10,4,18,20,93,93007,"""PAUL VAILLANT COUTURIER (AVENUE """"DU 01",48.92406,2.46279,Plein jour,En agglomération,Hors intersection,Pluie légère,Autre collision,3,-1,4,3,1,1,2,0,1,50,1,2,1,0,0,1,41.0,,voiture,,1,2,1,2,6
201900035163,2019-10-02 18:30:00,2019,10,2,18,30,93,93046,CONSUL GENERAL NORDLING AVENUE,48.91828,2.53595,Plein jour,En agglomération,Intersection en T,Normale,Trois véhicules et plus - collisions multiples,3,2,4,0,1,1,1,0,1,50,3,3,0,0,2,1,60.0,20.0,voiture,voiture,1,2,3,1,5
201900035164,2019-10-04 09:24:00,2019,10,4,9,24,92,92073,LATTRE DE TASSIGNY (BOULEVARD DU MARECHA,48.864513,2.213669,Plein jour,En agglomération,Intersection en T,Normale,Deux véhicules - côté,3,3,1,0,1,1,2,0,1,50,2,1,0,0,0,1,72.0,,deux_roues,,1,2,3,1,3
201900035165,2019-10-02 16:30:00,2019,10,2,16,30,92,92036,GRESILLONS (QUAI DES),48.9210203,2.3252054,Plein jour,En agglomération,Intersection en T,Normale,Autre collision,3,2,2,0,1,1,1,0,1,50,2,1,0,0,0,1,35.0,,deux_roues,,1,2,3,1,6