accident_id,datetime,annee,mois,jour,heure,minute,departement,commune_insee,adresse,latitude,longitude,luminosite,agglomeration,intersection,meteo,collision,catr,circ,nbv,vosp,prof,plan,surf,infra,situ,vma,nb_vehicules,nb_usagers,nb_indemnes,nb_tues,nb_blesses_hosp,nb_blesses_legers,age_cond_1,age_cond_2,veh_type_cond_1,veh_type_cond_2,lum_code,agg_code,int_code,atm_code,col_code
201900035166,2019-10-02 14:25:00,2019,10,2,14,25,92,92036,THOMAS EDISON (RUE),48.93177,2.3122,Plein jour,En agglomération,Intersection en T,Normale,Deux véhicules - côté,4,2,2,0,1,1,2,0,1,50,2,3,1,0,0,2,21.0,59.0,voiture,voiture,1,2,3,1,3
201900035167,2019-10-03 23:25:00,2019,10,3,23,25,92,92007,BRIAND (AVENUE ARISTIDE) N° 100 A 160/ HUGO (AVENUE VICTOR),48.8069929,2.3259738,Nuit avec éclairage allumé,En agglomération,Intersection en Y,Normale,Autre collision,3,3,0,0,1,1,1,9,1,50,2,4,3,0,0,1,45.0,23.0,deux_roues,voiture,5,2,4,1,6
201900035168,2019-10-05 08:05:00,2019,10,5,8,5,47,47146,Campot,44.430953,0.654184,Plein jour,Hors agglomération,Hors intersection,Normale,Autre collision,3,2,2,0,1,1,1,0,3,-1,1,1,0,0,1,0,34.0,,voiture,,1,1,1,1,6
201900035169,2019-09-26 08:15:00,2019,9,26,8,15,35,35120,La Pécochère,48.208623,-1.755548,Plein jour,Hors agglomération,Giratoire,Temps couvert,Deux véhicules - côté,3,1,2,0,1,2,1,5,1,80,2,2,1,0,0,1,44.0,51.0,deux_roues,voiture,1,1,6,8,3
201900035170,2019-10-05 04:30:00,2019,10,5,4,30,1,01248,D38,45.881958,4.896803,Nuit sans éclairage public,Hors agglomération,Hors intersection,Normale,Deux véhicules - côté,3,2,2,0,1,1,1,0,1,80,2,3,2,0,1,0,30.0,75.0,voiture,voiture,3,1,1,1,3
201900035171,2019-10-05 20:40:00,2019,10,5,20,40,6,06161,D6007,43.626441,7.132291,Nuit avec éclairage allumé,En agglomération,Hors intersection,Normale,Deux véhicules - frontale,3,2,2,0,1,1,1,0,1,50,2,2,1,0,1,0,48.0,81.0,deux_roues,voiture,5,2,1,1,1
201900035172,2019-10-04 17:54:00,2019,10,4,17,54,81,81209,Route du Golf,43.517414,2.381636,Plein jour,Hors agglomération,Hors intersection,Pluie légère,Deux véhicules - frontale,3,2,2,0,2,4,2,0,1,80,2,2,0,0,0,2,62.0,43.0,voiture,utilitaire_camion,1,1,1,2,1
201900035173,2019-10-04 18:30:00,2019,10,4,18,30,63,63189,Chabois,45.666951,2.725861,Plein jour,Hors agglomération,Hors intersection,Normale,Deux véhicules - frontale,3,2,2,0,4,3,1,0,1,80,2,2,1,1,0,0,18.0,42.0,voiture,voiture,1,1,1,1,1
201900035174,2019-08-25 14:50:00,2019,8,25,14,50,76,76126,A28 - PK 070.400,49.670123,1.31626,Plein jour,Hors agglomération,Hors intersection,Normale,Deux véhicules - côté,1,3,4,0,1,1,1,0,3,130,2,5,2,0,2,1,17.0,69.0,voiture,voiture,1,1,1,1,3
201900035175,2019-10-05 01:10:00,2019,10,5,1,10,38,38337,Rue de la République,45.34908,5.50175,Nuit avec éclairage allumé,En agglomération,Intersection en T,Pluie légère,Deux véhicules - côté,3,2,2,0,1,1,1,0,1,50,2,2,1,0,1,0,17.0,20.0,deux_roues,voiture,5,2,3,2,3
201900035176,2019-10-04 09:28:00,2019,10,4,9,28,84,84038,Chemin des Gavois,43.800624,5.063721,Plein jour,En agglomération,Hors intersection,Temps éblouissant,Autre collision,4,2,1,0,1,2,1,0,1,30,1,2,1,0,1,0,39.0,,voiture,,1,2,1,7,6
201900035177,2019-10-02 18:40:00,2019,10,2,18,40,62,62337,Rue de Saint Pol,50.308293,2.217012,Plein jour,Hors agglomération,Hors intersection,Normale,Autre collision,3,2,2,0,1,1,1,0,1,50,2,2,1,0,0,1,12.0,15.0,deux_roues,deux_roues,1,1,1,1,6
201900035178,2019-10-05 16:05:00,2019,10,5,16,5,77,77405,D31-8 Avenue de la Ferté-Sous-Jouarre,48.90723,3.18366,Plein jour,En agglomération,Hors intersection,Pluie légère,Autre collision,3,2,2,0,2,1,2,0,1,50,1,1,0,0,1,0,24.0,,voiture,,1,2,1,2,6
201900035179,2019-10-04 18:10:00,2019,10,4,18,10,19,19055,D168 MESTES,45.4753625,2.3253877,Plein jour,Hors agglomération,Hors intersection,Normale,Sans collision,3,2,2,0,2,1,1,0,3,80,1,1,0,0,1,0,55.0,,voiture,,1,1,1,1,7
201900035180,2019-10-04 14:55:00,2019,10,4,14,55,2B,2B354,RT 20 PK 053.00,42.124224,9.135241,Plein jour,Hors agglomération,Hors intersection,Normale,Trois véhicules et plus - collisions multiples,2,2,2,0,2,3,1,0,1,80,3,6,5,0,1,0,61.0,22.0,voiture,voiture,1,1,1,1,5
201900035181,2019-10-05 05:55:00,2019,10,5,5,55,2B,2B096,RT 50 PK 003.550,42.289476,9.190859,Nuit sans éclairage public,Hors agglomération,Hors intersection,Normale,Deux véhicules - côté,2,2,2,0,1,1,1,0,1,80,2,3,2,0,1,0,77.0,23.0,voiture,voiture,3,1,1,1,3
201900035182,2019-10-04 15:30:00,2019,10,4,15,30,80,80649,avenue des pins,50.318789,1.587614,Plein jour,En agglomération,Intersection en T,Normale,Deux véhicules - arrière,3,2,2,0,1,1,1,0,1,50,2,3,2,0,1,0,45.0,59.0,voiture,deux_roues,1,2,3,1,2
201900035183,2019-10-04 18:50:00,2019,10,4,18,50,80,80546,route départementale 95,50.096102,1.718307,Nuit sans éclairage public,Hors agglomération,Hors intersection,Pluie légère,Autre collision,3,-1,2,0,3,2,2,0,3,80,1,2,0,0,2,0,34.0,,voiture,,3,1,1,2,6
201900035184,2019-10-04 22:30:00,2019,10,4,22,30,80,80718,D1001,49.94735,2.216197,Nuit sans éclairage public,Hors agglomération,Hors intersection,Temps couvert,Autre collision,3,2,2,0,1,1,2,0,3,80,1,2,0,0,1,1,21.0,,voiture,,3,1,1,8,6
201900035185,2019-10-05 11:40:00,2019,10,5,11,40,65,65025,Route d'Aubisque,43.003223,-0.106074,Plein jour,En agglomération,Intersection en Y,Normale,Deux véhicules - côté,3,2,2,0,2,1,1,0,1,50,2,2,1,0,1,0,42.0,60.0,voiture,deux_roues,1,2,4,1,3
201900035186,2019-10-05 00:00:00,2019,10,5,0,0,32,32144,D155,43.607982,0.190588,Nuit sans éclairage public,En agglomération,Hors intersection,Pluie légère,Autre collision,3,2,2,0,1,2,2,0,3,80,1,1,0,0,1,0,18.0,,voiture,,3,2,1,2,6
201900035187,2019-10-04 01:00:00,2019,10,4,1,0,32,32435,Sirac,43.715584,0.959321,Nuit sans éclairage public,Hors agglomération,Hors intersection,Normale,Autre collision,4,2,2,0,1,2,1,0,3,80,1,1,0,0,1,0,31.0,,voiture,,3,1,1,1,6
201900035188,2019-10-05 09:30:00,2019,10,5,9,30,11,11239,D15,43.279589,1.818478,Plein jour,Hors agglomération,Hors intersection,Normale,Autre collision,3,2,2,0,1,4,1,0,3,80,1,1,0,0,1,0,61.0,,deux_roues,,1,1,1,1,6
201900035189,2019-10-05 17:00:00,2019,10,5,17,0,89,89003,D955,47.856516,3.331913,Crépuscule ou aube,Hors agglomération,Autre intersection,Pluie légère,Sans collision,3,2,2,0,1,1,2,0,3,80,1,1,0,0,0,1,59.0,,voiture,,2,1,9,2,7
201900035190,2019-10-03 19:25:00,2019,10,3,19,25,29,29174,Moitie Route,47.881801,-4.251346,Nuit avec éclairage allumé,Hors agglomération,Hors intersection,Pluie légère,Deux véhicules - arrière,3,2,2,0,1,1,2,5,1,70,2,3,1,0,2,0,46.0,56.0,voiture,utilitaire_camion,5,1,1,2,2
201900035191,2019-10-05 10:35:00,2019,10,5,10,35,3,03082,rue du Bois,46.2931428,2.739688,Plein jour,En agglomération,Giratoire,Pluie légère,Autre collision,3,2,2,0,1,3,2,0,1,50,1,2,1,1,0,0,79.0,,voiture,,1,2,6,2,6
201900035192,2019-10-04 12:29:00,2019,10,4,12,29,85,85027,RD1763,46.979377,-1.353553,Plein jour,Hors agglomération,Hors intersection,Normale,Deux véhicules - frontale,3,2,2,3,1,1,1,0,1,80,2,2,1,0,1,0,29.0,58.0,voiture,utilitaire_camion,1,1,1,1,1
201900035193,2019-09-30 18:00:00,2019,9,30,18,0,26,26324,rond point de l'Europe,44.348236,4.767668,Crépuscule ou aube,En agglomération,Giratoire,Normale,Autre collision,3,2,2,0,1,1,1,0,1,-1,1,2,1,0,0,1,32.0,,voiture,,2,2,6,1,6
201900035194,2019-10-04 14:50:00,2019,10,4,14,50,5,05036,les auches,44.6008948,6.5184613,Plein jour,Hors agglomération,Hors intersection,Normale,Sans collision,4,2,2,0,2,3,1,0,3,50,1,1,0,1,0,0,86.0,,voiture,,1,1,1,1,7
201900035195,2019-10-04 15:20:00,2019,10,4,15,20,18,18083,31 Route de Saint-amand,46.549595,2.350661,Plein jour,En agglomération,Hors intersection,Normale,Autre collision,9,2,2,0,1,1,1,0,8,50,2,3,1,0,1,1,27.0,,voiture,,1,2,1,1,6
201900035196,2019-10-04 21:15:00,2019,10,4,21,15,16,16145,RD 55,45.717963,-0.128095,Nuit sans éclairage public,Hors agglomération,Hors intersection,Normale,Autre collision,3,2,2,0,1,2,1,0,3,80,1,1,0,0,1,0,63.0,,utilitaire_camion,,3,1,1,1,6
201900035197,2019-10-04 20:15:00,2019,10,4,20,15,24,24053,D6089 BOULAZAC ISLE MANOIRE,45.122421,0.847703,Nuit sans éclairage public,Hors agglomération,Hors intersection,Normale,Deux véhicules - frontale,3,2,2,0,1,1,1,0,1,70,2,4,0,0,2,2,46.0,60.0,voiture,voiture,3,1,1,1,1
201900035198,2019-10-05 14:10:00,2019,10,5,14,10,4,04091,RD 4096 / RD 30,43.9867577,5.9119065,Plein jour,Hors agglomération,Autre intersection,Normale,Deux véhicules - arrière,3,2,2,0,1,1,1,0,1,80,2,6,2,0,0,4,72.0,25.0,voiture,voiture,1,1,9,1,2
201900035199,2019-10-05 16:00:00,2019,10,5,16,0,23,23230,RD 941,45.929096,1.650185,Plein jour,Hors agglomération,Hors intersection,Normale,Deux véhicules - frontale,3,2,2,0,1,1,1,0,1,80,2,3,1,0,2,0,71.0,48.0,voiture,voiture,1,1,1,1,1
201900035200,2019-10-05 17:00:00,2019,10,5,17,0,48,48086,D906,44.622775,3.891981,Plein jour,Hors agglomération,Hors intersection,Normale,Sans collision,3,2,2,0,1,3,1,0,8,80,1,1,0,0,0,1,78.0,,voiture,,1,1,1,1,7
201900035201,2019-10-05 12:35:00,2019,10,5,12,35,13,13044,D19,43.634641,5.021194,Plein jour,Hors agglomération,Giratoire,Normale,Sans collision,3,2,2,0,1,3,1,5,8,80,1,1,0,0,1,0,46.0,,utilitaire_camion,,1,1,6,1,7
201900035202,2019-09-11 14:15:00,2019,9,11,14,15,987,98745,district de TIVA,-16.64131,-151.544867,Plein jour,En agglomération,Hors intersection,Normale,Trois véhicules et plus - collisions multiples,2,2,2,0,1,1,1,0,1,40,3,5,2,0,1,2,33.0,26.0,utilitaire_camion,deux_roues,1,2,1,1,5
201900035203,2019-09-08 05:40:00,2019,9,8,5,40,987,98745,Murifenua - District de Tapuamu,-16.630833,-151.504028,Crépuscule ou aube,Hors agglomération,Hors intersection,Normale,Deux véhicules - arrière,3,2,2,0,1,1,1,0,1,60,2,2,1,1,0,0,67.0,26.0,deux_roues,voiture,2,1,1,1,2
201900035204,2019-10-05 17:20:00,2019,10,5,17,20,6,06104,"A8, PK 215+500 NORD",43.770801,7.449642,Plein jour,Hors agglomération,Hors intersection,Normale,Sans collision,1,3,4,0,2,3,1,0,2,110,1,1,0,0,0,1,37.0,,deux_roues,,1,1,1,1,7
201900035205,2019-10-03 16:00:00,2019,10,3,16,0,987,98733,Pk 24400 sns APEETE/PAPARA,-17.689931,-149.548349,Plein jour,En agglomération,Autre intersection,Normale,Autre collision,2,2,2,0,1,1,1,2,1,60,1,3,0,0,1,2,39.0,,utilitaire_camion,,1,2,9,1,6
201900035206,2019-10-01 17:40:00,2019,10,1,17,40,77,77474,Route Nationale 3,48.9581142,2.8108462,Plein jour,Hors agglomération,Hors intersection,Pluie forte,Trois véhicules et plus - en chaîne,2,3,4,0,1,1,2,0,1,90,3,3,1,0,0,2,31.0,66.0,voiture,voiture,1,1,1,3,4
201900035207,2019-10-03 18:00:00,2019,10,3,18,0,34,34135,rue des jardin,43.2734871,3.1719267,Plein jour,En agglomération,Intersection en X,Normale,Autre collision,4,2,2,0,1,1,1,0,1,50,1,2,1,0,1,0,29.0,,voiture,,1,2,2,1,6
201900035208,2019-10-05 18:17:00,2019,10,5,18,17,13,13042,D2 PK029+100,43.313666,5.670032,Plein jour,Hors agglomération,Hors intersection,Normale,Deux véhicules - frontale,3,2,2,0,2,1,1,0,1,80,2,4,3,1,0,0,66.0,33.0,voiture,deux_roues,1,1,1,1,1
201900035209,2019-09-27 20:15:00,2019,9,27,20,15,69,69111,d338,45.90409,4.571016,Nuit sans éclairage public,Hors agglomération,Intersection en T,Pluie légère,Deux véhicules - côté,3,2,2,0,2,2,2,0,1,70,2,2,1,0,0,1,78.0,58.0,voiture,voiture,3,1,3,2,3
201900035210,2019-10-05 02:50:00,2019,10,5,2,50,81,81271,Saint-Sulpice-la-Pointe,43.754895,1.676556,Nuit sans éclairage public,Hors agglomération,Hors intersection,Normale,Autre collision,1,3,4,0,1,1,1,2,2,130,1,1,0,0,1,0,22.0,,voiture,,3,1,1,1,6
201900035211,2019-10-05 05:45:00,2019,10,5,5,45,81,81105,Route de Réalmont,43.765588,2.02224,Nuit sans éclairage public,En agglomération,Hors intersection,Normale,Autre collision,3,2,2,0,1,1,1,0,3,70,1,3,0,0,2,1,19.0,,voiture,,3,2,1,1,6
201900035212,2019-10-04 19:00:00,2019,10,4,19,0,17,17185,RD 1,45.695824,-0.925901,Plein jour,Hors agglomération,Hors intersection,Normale,Autre collision,3,2,2,0,1,1,1,0,3,80,1,1,0,0,1,0,37.0,,voiture,,1,1,1,1,6
201900035213,2019-10-05 05:05:00,2019,10,5,5,5,16,16330,9 Rue des Fosses de Jarnouzeau,45.682407,-0.376959,Nuit sans éclairage public,Hors agglomération,Hors intersection,Normale,Autre collision,3,2,2,0,1,1,1,0,3,80,1,5,1,0,2,2,46.0,,voiture,,3,1,1,1,6
201900035214,2019-10-04 14:45:00,2019,10,4,14,45,33,33038,Canissac,45.36751,-0.91401,Plein jour,Hors agglomération,Intersection en Y,Temps couvert,Deux véhicules - côté,3,2,2,0,1,1,1,0,1,80,2,3,1,0,1,1,41.0,69.0,voiture,voiture,1,1,4,8,3
201900035215,2019-10-04 17:35:00,2019,10,4,17,35,33,33228,Cantenac Nord,45.06396,-0.529861,Plein jour,Hors agglomération,Hors intersection,Normale,Autre collision,3,2,2,0,1,3,1,0,3,80,1,3,2,0,0,1,18.0,,voiture,,1,1,1,1,6
201900035216,2019-09-07 18:35:00,2019,9,7,18,35,85,85092,Rue de la République,46.464217,-0.80038,Plein jour,En agglomération,Hors intersection,Normale,Deux véhicules - côté,4,2,2,0,1,1,1,0,1,50,2,2,1,0,0,1,21.0,,voiture,,1,2,1,1,3
201900035217,2019-10-05 14:00:00,2019,10,5,14,0,29,29058,17 Route de Quimper,47.900713,-4.022509,Plein jour,En agglomération,Hors intersection,Normale,Deux véhicules - côté,3,2,2,1,1,1,1,0,1,50,2,2,1,0,1,0,23.0,58.0,voiture,deux_roues,1,2,1,1,3
201900035218,2019-10-05 03:10:00,2019,10,5,3,10,62,62604,Avenue John Whitley,50.629087,1.618942,Nuit avec éclairage allumé,En agglomération,Hors intersection,Normale,Autre collision,4,2,2,0,2,2,1,0,3,50,1,4,0,0,3,1,20.0,,voiture,,5,2,1,1,6
201900035219,2019-10-04 18:05:00,2019,10,4,18,5,62,62354,3 Rue du Déluge,50.558803,1.696362,Plein jour,Hors agglomération,Hors intersection,Pluie forte,Sans collision,1,-1,4,0,1,1,2,0,2,130,1,2,0,0,2,0,71.0,,voiture,,1,1,1,3,7
201900035220,2019-10-05 11:15:00,2019,10,5,11,15,59,59449,Rue de la Poterne,50.472555,3.247709,Plein jour,En agglomération,Hors intersection,Normale,Deux véhicules - frontale,3,1,1,0,1,1,1,0,1,50,2,2,1,0,0,1,27.0,49.0,voiture,deux_roues,1,2,1,1,1
201900035221,2019-10-05 05:15:00,2019,10,5,5,15,59,59262,Route de Poperinghe,50.812817,2.637337,Nuit avec éclairage allumé,En agglomération,Hors intersection,Pluie légère,Deux véhicules - côté,3,2,2,0,1,1,2,0,1,50,2,2,1,0,1,0,53.0,53.0,deux_roues,utilitaire_camion,5,2,1,2,3
201900035222,2019-10-03 18:30:00,2019,10,3,18,30,13,13202,Tunnel Joliette Marseille vers Aubagne,43.298839,5.363689,Nuit avec éclairage allumé,Hors agglomération,Hors intersection,Normale,Trois véhicules et plus - en chaîne,9,1,3,0,1,1,1,1,1,70,3,3,1,0,0,2,27.0,53.0,voiture,voiture,5,1,1,1,4
201900035223,2019-10-02 08:50:00,2019,10,2,8,50,13,13015,A51-Sens Marseille vers Aix en Provence,43.458824,5.4030016,Plein jour,Hors agglomération,Hors intersection,Normale,Deux véhicules - côté,1,1,3,0,1,1,1,0,1,90,2,2,1,0,0,1,24.0,25.0,voiture,deux_roues,1,1,1,1,3
201900035224,2019-10-04 19:15:00,2019,10,4,19,15,33,33487,AUTOROUTE A 10,44.9377,-0.46715,Plein jour,Hors agglomération,Hors intersection,Normale,Autre collision,1,3,6,0,1,1,1,0,1,130,1,4,1,0,0,3,26.0,,voiture,,1,1,1,1,6
201900035225,2019-10-04 18:10:00,2019,10,4,18,10,33,33162,ROCADE A 630,44.87825,-0.63033,Plein jour,Hors agglomération,Hors intersection,Normale,Trois véhicules et plus - collisions multiples,1,3,6,0,1,1,1,0,1,90,3,3,2,0,0,1,43.0,45.0,utilitaire_camion,deux_roues,1,1,1,1,5
201900035226,2019-10-04 08:45:00,2019,10,4,8,45,33,33249,ROUTE NATIONALE 230,44.87449,-0.50724,Plein jour,Hors agglomération,Hors intersection,Pluie légère,Deux véhicules - côté,2,3,6,0,1,1,2,0,1,90,2,2,1,0,0,1,44.0,26.0,deux_roues,voiture,1,1,1,2,3
201900035227,2019-10-04 07:13:00,2019,10,4,7,13,91,91312,RD 444,48.7402,2.22499,Nuit sans éclairage public,Hors agglomération,Hors intersection,Pluie légère,Deux véhicules - arrière,3,2,2,0,1,1,2,0,1,70,2,2,1,0,0,1,35.0,31.0,voiture,voiture,3,1,1,2,2
201900035228,2019-10-03 05:30:00,2019,10,3,5,30,91,91179,AUTOROUTE A6,48.54975,2.49509,Nuit sans éclairage public,Hors agglomération,Hors intersection,Normale,Deux véhicules - arrière,1,3,6,0,1,1,1,0,1,130,2,5,1,0,1,3,60.0,20.0,utilitaire_camion,voiture,3,1,1,1,2
201900035229,2019-10-02 16:30:00,2019,10,2,16,30,78,78455,A13,48.85237,2.06434,Plein jour,Hors agglomération,Hors intersection,Normale,Trois véhicules et plus - en chaîne,1,1,2,0,1,1,1,0,1,110,3,4,2,0,0,2,39.0,39.0,voiture,voiture,1,1,1,1,4
201900035230,2019-10-04 18:24:00,2019,10,4,18,24,93,93008,AUTOROUTE A86,48.90863,2.44951,Plein jour,Hors agglomération,Hors intersection,Normale,Deux véhicules - côté,1,3,6,0,1,1,1,1,1,90,2,2,1,0,1,0,30.0,28.0,deux_roues,voiture,1,1,1,1,3
201900035231,2019-10-04 08:45:00,2019,10,4,8,45,92,92048,N118,48.7877629,2.221991,Nuit avec éclairage allumé,Hors agglomération,Hors intersection,Pluie légère,Deux véhicules - arrière,2,3,8,0,1,1,2,2,1,90,2,2,1,0,1,0,36.0,47.0,deux_roues,voiture,5,1,1,2,2
201900035232,2019-10-04 09:00:00,2019,10,4,9,0,93,93066,AUTOROUTE A1,48.91899,2.35728,Plein jour,Hors agglomération,Hors intersection,Normale,Deux véhicules - côté,1,3,8,0,1,1,2,0,1,90,2,2,1,0,0,1,46.0,64.0,deux_roues,voiture,1,1,1,1,3
201900035233,2019-10-04 08:15:00,2019,10,4,8,15,93,93066,AUTOROUTE A1,48.91899,2.35728,Plein jour,Hors agglomération,Hors intersection,Normale,Sans collision,1,3,8,0,1,1,2,0,1,90,1,1,0,0,0,1,29.0,,deux_roues,,1,1,1,1,7
201900035234,2019-10-03 09:45:00,2019,10,3,9,45,95,95018,AUTOROUTE A15,48.96187,2.26754,Plein jour,Hors agglomération,Hors intersection,Normale,Trois véhicules et plus - en chaîne,1,3,10,0,1,1,1,0,1,110,3,3,2,0,0,1,28.0,43.0,deux_roues,deux_roues,1,1,1,1,4
201900035235,2019-10-03 07:40:00,2019,10,3,7,40,93,93027,AUTOROUTE A1,48.93575,2.4043,Crépuscule ou aube,Hors agglomération,Hors intersection,Normale,Deux véhicules - côté,1,3,6,0,1,1,1,0,1,90,2,2,1,0,0,1,48.0,42.0,utilitaire_camion,voiture,2,1,1,1,3
201900035236,2019-10-02 17:45:00,2019,10,2,17,45,93,93007,AUTOROUTE A1,48.94683,2.4426,Plein jour,Hors agglomération,Hors intersection,Normale,Deux véhicules - arrière,1,3,8,0,1,1,1,1,1,110,2,2,1,0,0,1,56.0,51.0,voiture,voiture,1,1,1,1,2
201900035237,2019-10-04 21:33:00,2019,10,4,21,33,77,77169,RN104,48.8041,2.6274,Nuit sans éclairage public,Hors agglomération,Hors intersection,Normale,Deux véhicules - arrière,2,3,3,0,3,1,2,0,1,70,2,2,1,0,0,1,53.0,39.0,utilitaire_camion,voiture,3,1,1,1,2
201900035238,2019-10-04 16:55:00,2019,10,4,16,55,94,94028,A86 EXT,48.80109,2.44724,Plein jour,Hors agglomération,Hors intersection,Normale,Trois véhicules et plus - en chaîne,1,3,8,0,1,1,1,0,1,90,4,5,3,0,0,2,54.0,29.0,autre,voiture,1,1,1,1,4
201900035239,2019-10-04 08:50:00,2019,10,4,8,50,77,77517,A104.EXT,48.90439,2.64468,Plein jour,Hors agglomération,Hors intersection,Temps couvert,Deux véhicules - arrière,1,-1,2,0,1,1,2,0,1,90,2,2,1,0,0,1,45.0,38.0,utilitaire_camion,utilitaire_camion,1,1,1,8,2
201900035240,2019-10-04 08:10:00,2019,10,4,8,10,94,94017,A4,48.8304,2.49117,Plein jour,Hors agglomération,Hors intersection,Normale,Deux véhicules - arrière,1,3,6,0,1,1,2,0,1,110,2,2,1,0,0,1,28.0,51.0,deux_roues,deux_roues,1,1,1,1,2
201900035241,2019-10-04 00:01:00,2019,10,4,0,1,77,77237,A4,48.8302,2.7513,Nuit sans éclairage public,Hors agglomération,Hors intersection,Normale,Autre collision,1,1,3,0,1,1,1,0,1,130,4,5,2,1,1,1,37.0,27.0,voiture,utilitaire_camion,3,1,1,1,6
201900035242,2019-10-02 18:00:00,2019,10,2,18,0,77,77258,A4.Y,48.8299212,2.6251345,Plein jour,Hors agglomération,Hors intersection,Normale,Deux véhicules - arrière,1,3,10,0,1,1,1,0,1,110,2,2,1,0,0,1,24.0,55.0,voiture,deux_roues,1,1,1,1,2
201900035243,2019-10-01 23:50:00,2019,10,1,23,50,94,94017,A4,48.8280945,2.5033698,Nuit sans éclairage public,Hors agglomération,Hors intersection,Pluie légère,Trois véhicules et plus - collisions multiples,1,1,3,0,1,3,2,0,1,90,3,3,2,0,0,1,23.0,36.0,voiture,voiture,3,1,1,2,5
201900035244,2019-10-03 00:00:00,2019,10,3,0,0,71,71306,CHAUBUISSON (RUE DE),46.67175,4.3793,Nuit sans éclairage public,En agglomération,Hors intersection,Normale,Deux véhicules - côté,4,2,2,0,1,1,1,0,1,50,2,2,1,0,0,1,47.0,30.0,voiture,voiture,3,2,1,1,3
201900035245,2019-07-21 09:40:00,2019,7,21,9,40,40,40088,NUNGESSER ET COLI (AVENUE),43.69227,-1.066,Plein jour,En agglomération,Hors intersection,Normale,Deux véhicules - arrière,3,2,2,0,1,1,1,0,1,50,2,1,0,0,1,0,54.0,,deux_roues,,1,2,1,1,2
201900035246,2019-10-03 08:28:00,2019,10,3,8,28,29,29051,KEROURVOIS ROUTE DE,48.00404,-4.05801,Plein jour,Hors agglomération,Hors intersection,Normale,Trois véhicules et plus - en chaîne,4,2,0,0,2,1,1,0,1,50,3,3,0,0,0,3,44.0,53.0,voiture,voiture,1,1,1,1,4
201900035247,2019-10-03 13:35:00,2019,10,3,13,35,13,13206,ALGER (RUE D'),43.28932,5.3891,Plein jour,En agglomération,Intersection en X,Normale,Deux véhicules - côté,4,1,1,0,1,1,1,0,1,50,2,2,1,0,0,1,47.0,56.0,voiture,voiture,1,2,2,1,3
201900035248,2019-10-02 13:08:00,2019,10,2,13,8,93,93055,GRILLES (DES),48.89,2.4055,Plein jour,En agglomération,Hors intersection,Normale,Deux véhicules - côté,4,1,1,0,1,1,1,0,1,30,2,2,1,0,0,1,50.0,50.0,voiture,voiture,1,2,1,1,3
201900035249,2019-10-01 10:50:00,2019,10,1,10,50,93,93055,JEAN JAURES (AVENUE) (178/204),48.91764,2.40723,Plein jour,En agglomération,Hors intersection,Pluie légère,Trois véhicules et plus - en chaîne,3,2,2,0,1,1,2,0,1,50,3,3,0,0,0,3,41.0,,utilitaire_camion,,1,2,1,2,4
201900035250,2019-10-03 13:41:00,2019,10,3,13,41,976,97611,kaweni-Nossi bé (impasse ),-12.771,45.22357,Plein jour,En agglomération,Hors intersection,Normale,Autre collision,2,2,2,0,1,1,1,0,1,50,1,2,0,0,0,2,31.0,,deux_roues,,1,2,1,1,6
201900035251,2019-10-03 16:55:00,2019,10,3,16,55,974,97416,RN3 (2),-21.31963,55.48939,Plein jour,Hors agglomération,Hors intersection,Normale,Trois véhicules et plus - collisions multiples,2,3,4,0,2,1,1,0,1,110,3,4,2,0,0,2,19.0,66.0,voiture,voiture,1,1,1,1,5
201900035252,2019-10-03 08:20:00,2019,10,3,8,20,974,97416,CROIX DE JUBILE (CHEMIN DE LA),-21.3395,55.4896,Plein jour,Hors agglomération,Hors intersection,Normale,Deux véhicules - côté,4,3,2,0,1,1,1,0,1,50,2,2,1,0,0,1,15.0,19.0,deux_roues,voiture,1,1,1,1,3
201900035253,2019-10-03 13:10:00,2019,10,3,13,10,974,97411,JAURES (BOULEVARD JEAN),-20.89095,55.46616,Plein jour,En agglomération,Hors intersection,Normale,Deux véhicules - côté,2,1,1,0,1,1,1,0,-1,70,2,3,2,0,0,1,52.0,21.0,voiture,voiture,1,2,1,1,3
201900035254,2019-10-03 19:40:00,2019,10,3,19,40,69,69259,CHARLES DE GAULLE                   (AV),45.71754,4.89159,Nuit avec éclairage allumé,En agglomération,Intersection en X,Normale,Deux véhicules - côté,4,1,2,0,1,1,1,0,1,50,2,2,1,0,0,1,32.0,35.0,deux_roues,voiture,5,2,2,1,3
201900035255,2019-10-03 11:30:00,2019,10,3,11,30,69,69383,FELIX FAURE                         (AV),45.7551,4.87067,Plein jour,En agglomération,Hors intersection,Normale,Deux véhicules - côté,4,2,3,3,2,1,1,0,1,50,2,3,2,0,0,1,46.0,29.0,voiture,deux_roues,1,2,1,1,3
201900035256,2019-10-03 19:10:00,2019,10,3,19,10,972,97213,BARRIERES (RUE DES),14.61595,-61.00014,Nuit avec éclairage allumé,En agglomération,Intersection en X,Normale,Deux véhicules - côté,4,1,2,0,1,1,9,0,1,50,2,2,1,0,1,0,22.0,46.0,deux_roues,voiture,5,2,2,1,3