accident_id,datetime,annee,mois,jour,heure,minute,departement,commune_insee,adresse,latitude,longitude,luminosite,agglomeration,intersection,meteo,collision,catr,circ,nbv,vosp,prof,plan,surf,infra,situ,vma,nb_vehicules,nb_usagers,nb_indemnes,nb_tues,nb_blesses_hosp,nb_blesses_legers,age_cond_1,age_cond_2,veh_type_cond_1,veh_type_cond_2,lum_code,agg_code,int_code,atm_code,col_code
201900035257,2019-10-03 07:55:00,2019,10,3,7,55,972,97209,LEON GONDRAN DAMAS (AVENUE),14.60989,-61.04824,Plein jour,En agglomération,Autre intersection,Normale,Autre collision,4,3,2,0,1,1,1,0,2,50,1,1,0,0,0,1,,,,,1,2,9,1,6
201900035258,2019-10-03 17:20:00,2019,10,3,17,20,69,69382,VERDUN RAMBAUD                      (VO),45.74951,4.82519,Plein jour,En agglomération,Hors intersection,Normale,Deux véhicules - arrière,4,1,1,0,1,2,1,0,1,50,2,3,1,0,0,2,87.0,42.0,voiture,voiture,1,2,1,1,2
201900035259,2019-10-03 07:35:00,2019,10,3,7,35,971,97113,SECTION PLIANE,16.20803,-61.46387,Plein jour,Hors agglomération,Autre intersection,Normale,Deux véhicules - côté,2,-1,2,0,1,1,1,0,2,70,2,2,1,0,1,0,83.0,29.0,voiture,deux_roues,1,1,9,1,3
201900035260,2019-10-02 20:15:00,2019,10,2,20,15,971,97113,SECTION MARE-GAILLARD,16.21483,-61.4388,Nuit avec éclairage non allumé,Hors agglomération,Autre intersection,Normale,Deux véhicules - côté,2,-1,2,0,1,1,1,0,1,70,2,2,1,0,1,0,33.0,76.0,deux_roues,voiture,4,1,9,1,3
201900035261,2019-10-03 17:30:00,2019,10,3,17,30,2A,2A004,ALBERT 1ER BD,41.91293,8.72569,Plein jour,En agglomération,Intersection en T,Normale,Deux véhicules - côté,3,2,3,0,1,1,1,0,1,50,2,2,1,0,0,1,44.0,41.0,deux_roues,voiture,1,2,3,1,3
201900035262,2019-10-03 08:55:00,2019,10,3,8,55,91,91021,MARCHE (PLACE DU),48.588764,2.250153,Plein jour,En agglomération,Hors intersection,Normale,Autre collision,6,-1,0,0,1,1,1,0,1,50,1,2,1,0,0,1,26.0,,utilitaire_camion,,1,2,1,1,6
201900035263,2019-10-02 12:55:00,2019,10,2,12,55,91,91457,LOGES (ROUTE DES),48.5787,2.28775,Plein jour,Hors agglomération,Hors intersection,Normale,Deux véhicules - arrière,4,-1,1,0,1,1,1,0,3,50,2,2,1,0,0,1,40.0,60.0,voiture,voiture,1,1,1,1,2
201900035264,2019-09-28 18:20:00,2019,9,28,18,20,83,83062,ROBESPIERRE (AVENUE MAXIMILIEN),43.13438,6.02927,Plein jour,En agglomération,Autre intersection,Normale,Autre collision,6,-1,-1,0,1,1,1,9,1,10,1,2,1,0,0,1,89.0,,voiture,,1,2,9,1,6
201900035265,2019-10-03 18:10:00,2019,10,3,18,10,81,81163,GUYNEMER (GEORGES),43.48805,2.36859,Plein jour,En agglomération,Hors intersection,Normale,Trois véhicules et plus - collisions multiples,3,2,2,0,2,1,1,0,1,50,3,3,2,0,0,1,47.0,16.0,voiture,deux_roues,1,2,1,1,5
201900035266,2019-10-02 18:30:00,2019,10,2,18,30,78,78545,CURIE (AVENUE PIERRE),48.797552,2.059052,Plein jour,En agglomération,Hors intersection,Normale,Autre collision,3,2,2,0,1,1,1,6,1,30,1,2,1,0,0,1,50.0,,voiture,,1,2,1,1,6
201900035267,2019-10-01 15:35:00,2019,10,1,15,35,77,77186,D138,48.4338797,2.7395622,Plein jour,Hors agglomération,Hors intersection,Normale,Deux véhicules - arrière,3,2,2,0,2,1,2,0,1,80,2,2,1,0,0,1,29.0,22.0,voiture,voiture,1,1,1,1,2
201900035268,2019-09-27 13:45:00,2019,9,27,13,45,76,76705,PICARD. AVENUE GUSTAVE,49.328,1.09593,Plein jour,Hors agglomération,Hors intersection,Normale,Deux véhicules - côté,6,-1,-1,0,1,1,1,0,1,20,2,5,3,0,0,2,26.0,26.0,voiture,voiture,1,1,1,1,3
201900035269,2019-09-19 08:50:00,2019,9,19,8,50,76,76319,RN 138,49.36349,1.03751,Plein jour,Hors agglomération,Hors intersection,Normale,Deux véhicules - arrière,2,1,2,0,1,1,1,0,1,90,2,2,1,0,0,1,25.0,23.0,voiture,deux_roues,1,1,1,1,2
201900035270,2019-09-24 13:45:00,2019,9,24,13,45,76,76231,POUSSIN. RUE NICOLAS,49.28604,1.00332,Plein jour,En agglomération,Hors intersection,Normale,Autre collision,4,2,2,0,1,1,1,0,1,50,1,2,1,0,0,1,28.0,,voiture,,1,2,1,1,6
201900035271,2019-10-02 17:45:00,2019,10,2,17,45,76,76410,A150,49.47177,1.03085,Plein jour,Hors agglomération,Intersection à plus de 4 branches,Normale,Deux véhicules - côté,1,3,2,0,1,1,1,0,1,50,2,2,1,0,0,1,24.0,19.0,deux_roues,voiture,1,1,5,1,3
201900035272,2019-10-02 10:50:00,2019,10,2,10,50,76,76498,JAURES. AVENUE JEAN,49.42727,1.06531,Plein jour,En agglomération,Hors intersection,Normale,Autre collision,3,2,2,0,1,1,1,0,1,50,1,3,2,0,0,1,79.0,,voiture,,1,2,1,1,6
201900035273,2019-10-03 06:25:00,2019,10,3,6,25,74,74012,ETOILE (PLACE DE L'),46.19401,6.24067,Nuit avec éclairage allumé,En agglomération,Giratoire,Normale,Deux véhicules - côté,4,1,1,0,1,1,1,0,1,50,2,2,1,0,0,1,58.0,34.0,voiture,voiture,5,2,6,1,3
201900035274,2019-10-03 16:50:00,2019,10,3,16,50,69,69266,LEON BLUM      (Rue),45.75948,4.891,Plein jour,En agglomération,Hors intersection,Normale,Autre collision,4,2,2,3,1,1,1,0,1,50,1,2,1,0,0,1,20.0,,voiture,,1,2,1,1,6
201900035275,2019-10-03 12:30:00,2019,10,3,12,30,66,66136,PAYRA (PLACE JEAN),42.69827,2.88916,Plein jour,En agglomération,Hors intersection,Normale,Autre collision,4,2,1,0,1,1,1,0,1,50,1,2,1,0,0,1,30.0,,voiture,,1,2,1,1,6
201900035276,2019-10-03 17:50:00,2019,10,3,17,50,64,64189,ANTHONIOZ DE GAULLE GENEVIEVE (AVENUE),43.3826272,-1.6671371,Plein jour,En agglomération,Hors intersection,Normale,Deux véhicules - frontale,3,2,2,0,1,1,1,2,1,50,2,2,1,0,0,1,69.0,16.0,voiture,deux_roues,1,2,1,1,1
201900035277,2019-10-03 08:15:00,2019,10,3,8,15,64,64102,GRENET (AVENUE HENRI),43.50273,-1.47581,Plein jour,En agglomération,Hors intersection,Normale,Deux véhicules - côté,4,2,3,0,2,1,1,0,1,50,2,2,1,0,0,1,45.0,53.0,deux_roues,voiture,1,2,1,1,3
201900035278,2019-10-03 07:35:00,2019,10,3,7,35,64,64102,BRIGADIER MUSCAR (RUE DU),43.49286,-1.46244,Crépuscule ou aube,En agglomération,Hors intersection,Normale,Autre collision,4,1,1,0,1,1,1,0,1,50,1,1,0,0,0,1,,,,,2,2,1,1,6
201900035279,2019-10-02 18:20:00,2019,10,2,18,20,60,60057,FITZGERALD J. KENNEDY (AV) - RUE DU PARC,49.42452,2.10436,Crépuscule ou aube,En agglomération,Hors intersection,Normale,Trois véhicules et plus - en chaîne,4,2,2,0,1,1,1,0,1,50,3,3,0,0,0,3,49.0,22.0,voiture,voiture,2,2,1,1,4
201900035280,2019-10-02 16:45:00,2019,10,2,16,45,56,56083,VAILLANT ( AV. EDOUARD ),47.81618,-3.25746,Plein jour,En agglomération,Intersection en X,Normale,Deux véhicules - côté,3,2,2,0,2,1,1,0,1,50,2,3,2,0,0,1,40.0,18.0,voiture,voiture,1,2,2,1,3
201900035281,2019-04-30 17:30:00,2019,4,30,17,30,54,54395,RD 674,48.67592,6.19989,Plein jour,Hors agglomération,Hors intersection,Normale,Deux véhicules - arrière,3,-1,1,0,1,1,1,0,1,70,2,2,0,0,0,2,31.0,49.0,voiture,voiture,1,1,1,1,2
201900035282,2019-04-29 08:45:00,2019,4,29,8,45,54,54300,route de fléville,48.641141,6.216502,Plein jour,Hors agglomération,Hors intersection,Normale,Sans collision,4,-1,1,1,1,1,1,0,1,50,1,2,1,0,0,1,46.0,,deux_roues,,1,1,1,1,7
201900035283,2019-04-27 19:00:00,2019,4,27,19,0,54,54395,RD400,48.6882,6.18441,Plein jour,En agglomération,Hors intersection,Pluie légère,Sans collision,3,-1,1,0,1,1,2,0,1,50,1,2,1,0,0,1,24.0,,deux_roues,,1,2,1,2,7
201900035284,2019-10-02 12:07:00,2019,10,2,12,7,49,49007,RESISTANCE ET DEPORTATION BLD,47.47134,-0.54689,Plein jour,En agglomération,Hors intersection,Normale,Autre collision,4,2,2,0,1,1,1,0,1,50,1,2,1,0,0,1,56.0,,transport_commun,,1,2,1,1,6
201900035285,2019-10-03 18:10:00,2019,10,3,18,10,45,45234,AVENUE ROGER SECRETAIN,47.89023,1.89523,Plein jour,En agglomération,Hors intersection,Normale,Trois véhicules et plus - en chaîne,4,3,4,0,2,1,1,1,1,50,3,3,2,0,0,1,26.0,25.0,voiture,voiture,1,2,1,1,4
201900035286,2019-10-03 16:35:00,2019,10,3,16,35,44,44109,RUE EUGENE DELACROIX,47.22361,-1.58957,Plein jour,En agglomération,Hors intersection,Normale,Autre collision,4,3,0,0,1,1,1,0,1,50,1,2,1,0,1,0,35.0,,voiture,,1,2,1,1,6
201900035287,2019-10-02 16:40:00,2019,10,2,16,40,35,35051,ROCADE 2-3,48.1090491,-1.5936562,Plein jour,Hors agglomération,Hors intersection,Normale,Deux véhicules - arrière,2,3,4,0,2,1,1,0,1,90,2,2,0,0,0,2,82.0,34.0,voiture,voiture,1,1,1,1,2
201900035288,2019-09-14 03:00:00,2019,9,14,3,0,33,33063,Q. de Brazza / Giratoire Cdt Cousteau,44.853859,-0.55366,Nuit avec éclairage allumé,En agglomération,Intersection en T,Normale,Autre collision,4,2,-1,0,1,1,1,0,1,50,1,1,0,0,0,1,24.0,,autre,,5,2,3,1,6
201900035289,2019-10-02 07:50:00,2019,10,2,7,50,31,31555,AV DE FRONTON,43.64388,1.43346,Plein jour,En agglomération,Hors intersection,Pluie légère,Autre collision,3,2,2,0,1,1,2,0,1,50,1,2,1,0,1,0,46.0,,transport_commun,,1,2,1,2,6
201900035290,2019-10-03 12:20:00,2019,10,3,12,20,28,28134,RN 12 (CARREFOUR DELISLE),48.7462854,1.3872385,Plein jour,Hors agglomération,Hors intersection,Temps couvert,Trois véhicules et plus - en chaîne,2,2,3,0,4,3,1,0,1,110,3,3,0,0,0,3,58.0,53.0,voiture,voiture,1,1,1,8,4
201900035291,2019-09-21 11:15:00,2019,9,21,11,15,28,28218,KENNEDY (RUE JOHN),48.431,1.4639,Plein jour,En agglomération,Intersection en X,Temps éblouissant,Deux véhicules - côté,3,2,0,0,1,1,1,0,1,50,2,2,1,0,1,0,68.0,31.0,voiture,voiture,1,2,2,7,3
201900035292,2019-10-02 11:17:00,2019,10,2,11,17,25,25056,ILE DE FRANCE AVENUE DE L',47.2211,5.96665,Plein jour,En agglomération,Autre intersection,Pluie légère,Autre collision,4,3,1,0,1,1,2,9,1,30,1,2,1,0,0,1,33.0,,voiture,,1,2,9,2,6
201900035293,2019-09-28 16:45:00,2019,9,28,16,45,22,22113,POMPIDOU (RUE GEORGES),48.73512,-3.46595,Plein jour,En agglomération,Hors intersection,Normale,Deux véhicules - côté,4,2,2,0,2,1,1,0,1,30,2,2,1,0,1,0,23.0,15.0,voiture,deux_roues,1,2,1,1,3
201900035294,2019-10-02 19:40:00,2019,10,2,19,40,19,19031,BECQUEREL (RUE),45.15414,1.54578,Crépuscule ou aube,En agglomération,Intersection en X,Normale,Deux véhicules - côté,4,2,2,0,1,1,1,0,1,50,2,3,1,0,0,2,43.0,31.0,voiture,voiture,2,2,2,1,3
201900035295,2019-10-02 18:15:00,2019,10,2,18,15,14,14557,C.D. 275,49.19261,0.05143,Plein jour,Hors agglomération,Intersection en T,Normale,Deux véhicules - frontale,3,2,2,0,1,1,1,0,1,80,2,2,0,0,0,2,19.0,29.0,utilitaire_camion,voiture,1,1,3,1,1
201900035296,2019-10-03 18:25:00,2019,10,3,18,25,14,14167,JEAN JAURES (RUE ),49.20001,-0.29579,Plein jour,Hors agglomération,Hors intersection,Normale,Deux véhicules - frontale,4,-1,1,0,1,1,1,0,1,50,2,2,1,0,0,1,32.0,26.0,deux_roues,voiture,1,1,1,1,1
201900035297,2019-10-03 18:30:00,2019,10,3,18,30,13,13117,SALYENS ( AVENUE DES ),43.440895,5.2538057,Plein jour,En agglomération,Hors intersection,Normale,Autre collision,4,2,2,0,2,1,1,9,1,30,1,2,1,0,1,0,20.0,,voiture,,1,2,1,1,6
201900035298,2019-10-04 00:30:00,2019,10,4,0,30,13,13215,LE CHATELIER,43.34878,5.37205,Nuit avec éclairage allumé,En agglomération,Hors intersection,Normale,Deux véhicules - arrière,4,2,3,0,2,1,1,0,1,50,2,1,0,0,1,0,29.0,,deux_roues,,5,2,1,1,2
201900035299,2019-10-03 14:45:00,2019,10,3,14,45,13,13201,LIBERATION (BOULEVARD)  1 A 65,43.29916,5.38553,Plein jour,En agglomération,Intersection en T,Normale,Deux véhicules - côté,4,2,2,0,4,1,1,0,1,50,2,2,1,0,0,1,38.0,37.0,deux_roues,voiture,1,2,3,1,3
201900035300,2019-07-03 17:40:00,2019,7,3,17,40,13,13207,CORSE (AVENUE DE LA),43.2897877,5.3656679,Plein jour,En agglomération,Autre intersection,Autre,Autre collision,4,-1,0,0,1,1,9,9,-1,50,1,2,1,0,0,1,34.0,,deux_roues,,1,2,9,9,6
201900035301,2019-10-03 10:00:00,2019,10,3,10,0,13,13213,FRAIS VALLON (AVENUE),43.32624,5.42192,Plein jour,Hors agglomération,Hors intersection,Normale,Autre collision,4,1,1,0,1,1,1,0,1,50,1,1,0,0,1,0,,,,,1,1,1,1,6
201900035302,2019-10-03 07:50:00,2019,10,3,7,50,13,13204,MONASTERE (RUE DU),43.3,5.4,Crépuscule ou aube,En agglomération,Hors intersection,Normale,Autre collision,4,1,1,0,1,1,1,0,1,50,2,2,1,0,1,0,48.0,61.0,voiture,deux_roues,2,2,1,1,6
201900035303,2019-10-02 18:45:00,2019,10,2,18,45,13,13215,SAINT ANTOINE (AVENUE DE),43.375787,5.356067,Plein jour,En agglomération,Hors intersection,Normale,Deux véhicules - côté,3,-1,2,0,2,1,1,0,1,50,2,2,0,0,0,2,33.0,21.0,voiture,deux_roues,1,2,1,1,3
201900035304,2019-10-03 18:40:00,2019,10,3,18,40,13,13047,VAURANNE BOULEVARD DE,43.508915,4.984875,Plein jour,En agglomération,Hors intersection,Normale,Deux véhicules - côté,4,2,2,0,1,1,1,0,1,50,2,2,1,0,0,1,27.0,41.0,voiture,voiture,1,2,1,1,3
201900035305,2019-10-03 08:30:00,2019,10,3,8,30,13,13005,NATIONALE 8,43.28439,5.54623,Plein jour,En agglomération,Hors intersection,Normale,Deux véhicules - côté,3,2,3,0,1,1,1,0,1,50,2,2,1,0,0,1,45.0,58.0,voiture,deux_roues,1,2,1,1,3
201900035306,2019-10-03 16:30:00,2019,10,3,16,30,13,13001,GALICE (RTE),43.528152,5.405361,Plein jour,En agglomération,Hors intersection,Normale,Autre collision,3,1,3,3,1,1,1,6,1,30,1,2,1,0,0,1,56.0,,utilitaire_camion,,1,2,1,1,6
201900035307,2019-10-02 17:15:00,2019,10,2,17,15,7,07019,VERNON (BOULEVARD DE),44.62003,4.38768,Plein jour,En agglomération,Giratoire,Normale,Deux véhicules - frontale,4,2,2,0,2,1,1,0,1,50,2,2,1,0,1,0,43.0,20.0,utilitaire_camion,deux_roues,1,2,6,1,1
201900035308,2019-10-03 09:20:00,2019,10,3,9,20,6,06027,RUE DES FRESNES,43.659423,7.150799,Plein jour,En agglomération,Intersection en T,Normale,Autre collision,4,2,2,0,1,1,1,0,1,50,1,2,1,0,0,1,29.0,,voiture,,1,2,3,1,6
201900035309,2019-10-03 07:25:00,2019,10,3,7,25,1,01283,PASTEUR (RUE DU 1-2 AU 7-14),46.255755,5.655908,Plein jour,En agglomération,Giratoire,Normale,Deux véhicules - arrière,4,2,2,0,1,1,1,0,1,50,2,2,1,0,1,0,54.0,43.0,voiture,voiture,1,2,6,1,2
201900035310,2019-10-03 14:20:00,2019,10,3,14,20,75,75120,BOULEVARD DE MENILMONTANT,48.8660437,2.3840015,Plein jour,En agglomération,Intersection en T,Normale,Deux véhicules - côté,4,1,2,1,2,1,1,0,5,50,2,2,1,0,0,1,63.0,55.0,utilitaire_camion,deux_roues,1,2,3,1,3
201900035311,2019-10-03 18:25:00,2019,10,3,18,25,75,75119,AVENUE DE FLANDRE,48.8895977,2.3756544,Plein jour,En agglomération,Hors intersection,Normale,Deux véhicules - côté,4,-1,2,3,1,1,1,-1,6,50,2,2,1,0,0,1,31.0,32.0,deux_roues,voiture,1,2,1,1,3
201900035312,2019-10-03 11:39:00,2019,10,3,11,39,75,75119,RUE PAUL LAURENT,48.8868491,2.3668455,Plein jour,En agglomération,Intersection en T,Normale,Autre collision,4,1,1,0,1,1,1,0,1,50,1,3,1,0,0,2,21.0,,voiture,,1,2,3,1,6
201900035313,2019-10-03 11:05:00,2019,10,3,11,5,75,75117,AVENUE DE VILLIERS,48.8817081,2.3147062,Plein jour,En agglomération,Intersection en Y,Normale,Deux véhicules - côté,4,2,2,0,1,1,1,0,1,30,2,2,1,0,0,1,41.0,29.0,voiture,deux_roues,1,2,4,1,3
201900035314,2019-10-03 16:00:00,2019,10,3,16,0,75,75116,AVENUE GEORGES LAFONT,48.8366097,2.2564901,Plein jour,En agglomération,Intersection en T,Normale,Deux véhicules - arrière,4,1,2,0,1,1,1,5,1,50,2,2,0,0,0,2,32.0,51.0,voiture,voiture,1,2,3,1,2
201900035315,2019-10-03 10:13:00,2019,10,3,10,13,75,75116,AVENUE VICTOR HUGO,48.866964,2.278976,Plein jour,En agglomération,Intersection en X,Normale,Deux véhicules - côté,4,2,8,0,1,2,1,0,1,50,2,2,1,0,0,1,27.0,42.0,deux_roues,voiture,1,2,2,1,3
201900035316,2019-10-01 21:00:00,2019,10,1,21,0,75,75116,PONT DE SURESNES,48.8667339,2.2300537,Nuit avec éclairage allumé,En agglomération,Hors intersection,Pluie légère,Deux véhicules - côté,4,2,6,0,1,1,2,0,1,50,2,2,1,0,0,1,62.0,33.0,deux_roues,utilitaire_camion,5,2,1,2,3
201900035317,2019-10-02 10:55:00,2019,10,2,10,55,75,75114,AVENUE DU GENERAL LECLERC,48.8287765,2.3276934,Plein jour,En agglomération,Intersection en T,Normale,Deux véhicules - côté,4,2,4,3,1,1,1,-1,6,50,2,3,2,0,0,1,31.0,48.0,deux_roues,utilitaire_camion,1,2,3,1,3
201900035318,2019-10-02 12:35:00,2019,10,2,12,35,75,75114,RUE D ALESIA,48.8293008,2.322665,Plein jour,En agglomération,Intersection en X,Normale,Deux véhicules - côté,4,1,3,3,1,1,1,-1,6,50,2,2,1,0,0,1,30.0,38.0,deux_roues,utilitaire_camion,1,2,2,1,3
201900035319,2019-10-03 03:50:00,2019,10,3,3,50,75,75109,PLACE DE CLICHY,48.8833406,2.3271751,Nuit avec éclairage allumé,En agglomération,Place,Normale,Deux véhicules - côté,4,1,3,0,1,1,1,0,1,50,2,3,2,0,0,1,26.0,21.0,voiture,deux_roues,5,2,7,1,3
201900035320,2019-10-03 08:55:00,2019,10,3,8,55,75,75108,RUE DE CONSTANTINOPLE,48.8790604,2.3232349,Plein jour,En agglomération,Place,Normale,Autre collision,4,1,1,0,1,1,1,0,1,50,1,2,1,0,0,1,29.0,,deux_roues,,1,2,7,1,6
201900035321,2019-10-03 00:01:00,2019,10,3,0,1,75,75107,BOULEVARD SAINT GERMAIN,48.857547,2.3240402,Nuit avec éclairage allumé,En agglomération,Hors intersection,Normale,Deux véhicules - côté,4,1,4,3,1,1,1,-1,6,50,2,2,1,0,0,1,31.0,23.0,transport_commun,deux_roues,5,2,1,1,3
201900035322,2019-10-02 23:00:00,2019,10,2,23,0,75,75103,BOULEVARD DU TEMPLE,48.8630998,2.3667333,Nuit avec éclairage allumé,En agglomération,Intersection en Y,Normale,Deux véhicules - côté,4,1,3,3,1,1,1,-1,6,50,2,3,2,0,0,1,38.0,27.0,deux_roues,voiture,5,2,4,1,3
201900035323,2019-09-03 18:20:00,2019,9,3,18,20,94,94001,JUVIGNY (rue Edouard),48.72638,2.42276,Plein jour,En agglomération,Intersection en X,Normale,Deux véhicules - côté,4,2,2,0,1,1,1,0,1,50,2,2,1,0,0,1,25.0,41.0,deux_roues,voiture,1,2,2,1,3
201900035324,2019-10-02 22:44:00,2019,10,2,22,44,94,94068,ALMA (AV DE L),48.7876,2.4953,Nuit avec éclairage allumé,En agglomération,Intersection en X,Normale,Deux véhicules - côté,3,2,2,0,1,1,1,0,1,50,2,3,2,0,0,1,41.0,18.0,voiture,deux_roues,5,2,2,1,3
201900035325,2019-10-01 16:45:00,2019,10,1,16,45,94,94068,DIDEROT (AV),48.8026258,2.483115,Plein jour,En agglomération,Hors intersection,Pluie légère,Deux véhicules - arrière,4,1,1,0,1,1,1,0,1,50,2,2,1,0,0,1,16.0,37.0,deux_roues,voiture,1,2,1,2,2
201900035326,2019-10-03 17:40:00,2019,10,3,17,40,94,94003,LAPLACE (AV),48.8099,2.32747,Plein jour,En agglomération,Intersection en T,Normale,Deux véhicules - côté,3,2,1,3,1,1,1,0,6,50,2,2,1,0,0,1,58.0,19.0,voiture,deux_roues,1,2,3,1,3
201900035327,2019-10-03 11:15:00,2019,10,3,11,15,94,94043,FONTAINEBLEAU (AV DE),48.81132,2.36214,Plein jour,En agglomération,Hors intersection,Normale,Autre collision,3,2,4,0,1,1,1,0,1,50,1,2,1,0,0,1,57.0,,deux_roues,,1,2,1,1,6
201900035328,2019-10-02 18:50:00,2019,10,2,18,50,94,94041,BRANDEBOURG (BD DE),48.81457,2.40157,Plein jour,En agglomération,Hors intersection,Normale,Autre collision,4,2,2,0,1,1,1,0,3,50,1,2,1,0,1,0,52.0,,voiture,,1,2,1,1,6
201900035329,2019-01-17 16:05:00,2019,1,17,16,5,71,71040,AUGUSTE VARMENCOURT (RUE),46.68935,4.41353,Plein jour,En agglomération,Hors intersection,Normale,Sans collision,4,2,2,0,1,1,1,0,1,50,1,1,0,0,0,1,17.0,,deux_roues,,1,2,1,1,7
201900035330,2019-01-17 15:35:00,2019,1,17,15,35,71,71306,EUGENE POTTIER (RUE),46.67258,4.36265,Plein jour,En agglomération,Intersection en X,Normale,Autre collision,4,1,1,0,1,1,1,0,1,30,1,2,1,0,1,0,75.0,,voiture,,1,2,2,1,6
201900035331,2019-01-16 19:10:00,2019,1,16,19,10,71,71153,PRESIDENT WILSON (RUE DU),46.8006,4.42463,Nuit avec éclairage allumé,En agglomération,Hors intersection,Normale,Deux véhicules - arrière,4,2,2,0,1,1,1,0,1,50,2,3,2,0,0,1,65.0,37.0,voiture,voiture,5,2,1,1,2
201900035332,2019-01-15 16:30:00,2019,1,15,16,30,64,64335,EUROPE DE L',43.3219204,-0.4346655,Plein jour,En agglomération,Hors intersection,Temps éblouissant,Deux véhicules - arrière,4,2,1,0,1,1,1,0,1,50,2,2,0,0,0,2,21.0,35.0,voiture,voiture,1,2,1,7,2
201900035333,2019-01-14 14:30:00,2019,1,14,14,30,64,64445,BORDEU DE,43.3035,-0.3709,Plein jour,En agglomération,Hors intersection,Pluie légère,Deux véhicules - côté,4,2,2,0,1,1,2,0,1,50,2,2,1,0,0,1,48.0,33.0,voiture,deux_roues,1,2,1,2,3
201900035334,2019-01-16 16:30:00,2019,1,16,16,30,38,38185,AVENUE MARIE REYNOARD,45.16739,5.72847,Plein jour,En agglomération,Hors intersection,Normale,Deux véhicules - côté,4,1,-1,0,1,3,1,0,1,50,2,2,1,0,1,0,10.0,83.0,deux_roues,utilitaire_camion,1,2,1,1,3
201900035335,2019-01-18 14:44:00,2019,1,18,14,44,17,17300,Boulevard Joffre,46.15602,-1.14304,Plein jour,En agglomération,Intersection en T,Normale,Deux véhicules - côté,4,2,2,0,1,1,1,0,1,50,2,2,0,0,1,1,69.0,48.0,deux_roues,deux_roues,1,2,3,1,3
201900035336,2019-01-17 09:50:00,2019,1,17,9,50,94,94019,SUCY (R DE),48.7876996,2.5204961,Plein jour,En agglomération,Hors intersection,Temps couvert,Deux véhicules - arrière,4,2,2,0,1,1,2,0,1,50,2,2,1,0,0,1,49.0,34.0,voiture,voiture,1,2,1,8,2
201900035337,2019-01-16 19:30:00,2019,1,16,19,30,95,95018,AUTOROUTE A15,48.95493,2.27854,Nuit avec éclairage non allumé,Hors agglomération,Hors intersection,Normale,Deux véhicules - côté,1,3,11,0,1,1,1,0,1,110,2,1,0,0,0,1,24.0,,deux_roues,,4,1,1,1,3
201900035338,2019-01-19 10:20:00,2019,1,19,10,20,988,98818,COOK (AVENUE JAMES),-22.26617,166.41867,Plein jour,En agglomération,Hors intersection,Temps éblouissant,Autre collision,4,2,2,0,1,1,1,0,1,50,1,3,1,0,0,2,28.0,,utilitaire_camion,,1,2,1,7,6
201900035339,2019-01-18 04:26:00,2019,1,18,4,26,988,98818,VE1 SENS SUD/NORD,-22.24931,166.45318,Nuit avec éclairage allumé,Hors agglomération,Hors intersection,Normale,Autre collision,1,3,4,0,1,2,1,3,1,70,1,2,1,0,1,0,22.0,,voiture,,5,1,1,1,6
201900035340,2019-01-19 04:05:00,2019,1,19,4,5,976,97611,kaweni-Centrale EDM (rue de la ),-12.76037,45.2266,Nuit avec éclairage allumé,En agglomération,Hors intersection,Normale,Sans collision,2,2,2,0,1,1,1,9,1,50,1,1,0,0,0,1,24.0,,voiture,,5,2,1,1,7
201900035341,2019-01-19 06:43:00,2019,1,19,6,43,976,97611,kaweni-Centrale EDM (rue de la ),-12.75946,45.22837,Plein jour,En agglomération,Hors intersection,Normale,Deux véhicules - arrière,2,2,2,0,1,1,1,9,1,50,2,3,2,0,0,1,43.0,27.0,voiture,voiture,1,2,1,1,2
201900035342,2019-01-18 12:57:00,2019,1,18,12,57,976,97611,convalescence/vetivers-Vetiver ( rue ),-12.77976,45.2231,Plein jour,En agglomération,Hors intersection,Normale,Autre collision,3,2,2,0,2,1,1,0,1,50,1,2,1,0,0,1,33.0,,voiture,,1,2,1,1,6
201900035343,2019-01-18 01:05:00,2019,1,18,1,5,976,97611,vahibe-Departementale 3 ( route ),-12.80186,45.21188,Nuit avec éclairage non allumé,Hors agglomération,Hors intersection,Normale,Sans collision,3,2,2,0,1,1,1,0,1,50,1,2,1,0,0,1,21.0,,voiture,,4,1,1,1,7
201900035344,2019-01-18 19:20:00,2019,1,18,19,20,974,97416,LIGNE PARADIS(ROUTE DE LA),-21.3143,55.4763,Nuit avec éclairage allumé,Hors agglomération,Hors intersection,Normale,Trois véhicules et plus - collisions multiples,4,2,2,0,1,1,1,0,1,30,3,3,2,0,1,0,29.0,29.0,voiture,voiture,5,1,1,1,5
201900035345,2019-01-18 12:50:00,2019,1,18,12,50,974,97416,MERMOZ (ALLEE),-21.33007,55.47376,Plein jour,En agglomération,Hors intersection,Normale,Deux véhicules - côté,4,1,1,0,2,1,1,0,1,50,2,2,1,0,0,1,35.0,34.0,voiture,deux_roues,1,2,1,1,3
201900035346,2019-01-17 04:55:00,2019,1,17,4,55,974,97416,Ancienne RN 1,-21.3133111,55.4383135,Crépuscule ou aube,Hors agglomération,Hors intersection,Normale,Autre collision,4,2,2,0,1,1,1,0,3,50,1,1,0,0,0,1,23.0,,deux_roues,,2,1,1,1,6
201900035347,2019-01-18 09:00:00,2019,1,18,9,0,974,97411,BERTIN,-20.8881,55.44916,Plein jour,En agglomération,Intersection en X,Normale,Deux véhicules - côté,4,1,2,0,1,1,1,0,1,50,2,2,1,0,1,0,45.0,47.0,voiture,deux_roues,1,2,2,1,3
201900035348,2019-01-17 10:30:00,2019,1,17,10,30,974,97411,FOCH (RUE),-20.90223,55.49455,Plein jour,En agglomération,Intersection en X,Normale,Deux véhicules - côté,4,2,2,0,1,1,1,0,1,50,2,3,2,0,1,0,55.0,30.0,deux_roues,autre,1,2,2,1,3