accident_id,datetime,annee,mois,jour,heure,minute,departement,commune_insee,adresse,latitude,longitude,luminosite,agglomeration,intersection,meteo,collision,catr,circ,nbv,vosp,prof,plan,surf,infra,situ,vma,nb_vehicules,nb_usagers,nb_indemnes,nb_tues,nb_blesses_hosp,nb_blesses_legers,age_cond_1,age_cond_2,veh_type_cond_1,veh_type_cond_2,lum_code,agg_code,int_code,atm_code,col_code
201900035714,2019-02-25 15:15:00,2019,2,25,15,15,95,95063,AV GABRIEL PERI,48.93335,2.20999,Plein jour,En agglomération,Hors intersection,Normale,Deux véhicules - côté,3,2,2,0,1,1,1,0,1,50,2,2,1,0,1,0,49.0,52.0,deux_roues,voiture,1,2,1,1,3
201900035715,2019-03-01 16:20:00,2019,3,1,16,20,91,91286,CORBEIL (ROUTE DE),48.65287,2.39541,Plein jour,En agglomération,Hors intersection,Temps couvert,Autre collision,4,2,4,0,1,1,1,0,1,50,1,2,1,0,0,1,35.0,,voiture,,1,2,1,8,6
201900035716,2019-02-28 13:00:00,2019,2,28,13,0,91,91223,GENERAL LECLERC (PLACE DU),48.43664,2.15989,Plein jour,En agglomération,Hors intersection,Normale,Autre collision,4,1,1,0,1,1,1,0,1,50,1,2,1,0,0,1,44.0,,transport_commun,,1,2,1,1,6
201900035717,2019-02-27 16:50:00,2019,2,27,16,50,91,91657,CONCORDE (AVENUE),48.70373,2.4255,Plein jour,En agglomération,Intersection en T,Normale,Autre collision,4,2,2,0,1,1,1,6,1,50,2,2,1,0,0,1,65.0,37.0,deux_roues,utilitaire_camion,1,2,3,1,6
201900035718,2019-03-01 14:50:00,2019,3,1,14,50,91,91174,ST SPIRE(RUE),48.61203,2.48333,Plein jour,En agglomération,Autre intersection,Pluie légère,Deux véhicules - arrière,4,1,0,0,1,1,2,0,1,30,2,2,1,0,0,1,33.0,29.0,autre,autre,1,2,9,2,2
201900035719,2019-02-28 14:30:00,2019,2,28,14,30,91,91114,LACHAMBAUDIE (HAMEAU DE),48.698,2.5067,Plein jour,En agglomération,Hors intersection,Temps couvert,Autre collision,4,2,2,0,2,1,1,0,1,30,1,2,1,0,0,1,43.0,,voiture,,1,2,1,8,6
201900035720,2019-02-24 07:40:00,2019,2,24,7,40,91,91215,QUINCY (RUE DE),48.68245,2.51818,Crépuscule ou aube,En agglomération,Hors intersection,Normale,Deux véhicules - frontale,4,2,2,0,1,1,1,0,1,50,2,2,0,0,1,1,23.0,24.0,utilitaire_camion,voiture,2,2,1,1,1
201900035721,2019-03-02 18:15:00,2019,3,2,18,15,91,91347,TOURELLE (CHEMIN DE LA),48.64816,2.28379,Plein jour,En agglomération,Hors intersection,Normale,Deux véhicules - frontale,4,4,1,0,1,1,2,0,1,50,2,2,1,0,0,1,39.0,48.0,voiture,deux_roues,1,2,1,1,1
201900035722,2019-02-27 16:55:00,2019,2,27,16,55,91,91339,RN 20,48.621192,2.259553,Plein jour,En agglomération,Hors intersection,Normale,Sans collision,2,3,4,0,1,1,1,0,1,70,1,1,0,0,0,1,83.0,,voiture,,1,2,1,1,7
201900035723,2019-02-25 12:55:00,2019,2,25,12,55,91,91021,RN 20,48.598,2.245,Plein jour,En agglomération,Hors intersection,Normale,Deux véhicules - arrière,2,-1,0,0,1,1,1,0,1,70,2,2,1,0,0,1,60.0,28.0,voiture,voiture,1,2,1,1,2
201900035724,2019-02-25 12:40:00,2019,2,25,12,40,91,91552,RN 20,48.599,2.246,Plein jour,En agglomération,Hors intersection,Normale,Deux véhicules - arrière,2,-1,0,0,1,1,1,0,1,70,2,2,1,0,0,1,25.0,62.0,utilitaire_camion,voiture,1,2,1,1,2
201900035725,2019-02-24 17:04:00,2019,2,24,17,4,91,91103,COMMUNE DE PARIS (RUE DE LA),48.594,2.303,Plein jour,En agglomération,Giratoire,Normale,Deux véhicules - côté,4,-1,0,0,1,1,1,0,1,50,2,3,1,0,0,2,66.0,28.0,voiture,voiture,1,2,6,1,3
201900035726,2019-02-23 14:45:00,2019,2,23,14,45,91,91552,VIEUX PAVE DE BRUYERE (CHEMIN DU),48.6144,2.2453,Plein jour,En agglomération,Hors intersection,Normale,Sans collision,4,-1,1,0,1,1,1,0,1,50,1,2,1,0,0,1,24.0,,voiture,,1,2,1,1,7
201900035727,2019-02-28 08:00:00,2019,2,28,8,0,89,89024,ILE AUX PLAISIRS (RUE DE L'),47.79345,3.58547,Plein jour,En agglomération,Intersection en T,Normale,Deux véhicules - côté,4,2,2,0,1,1,1,0,1,50,2,2,1,0,1,0,19.0,58.0,deux_roues,voiture,1,2,3,1,3
201900035728,2019-02-27 14:01:00,2019,2,27,14,1,88,88413,Rue du Petit SAINT-DIE,48.28206,6.94358,Plein jour,En agglomération,Intersection en T,Normale,Deux véhicules - côté,4,2,2,0,1,1,1,0,1,50,2,2,0,0,0,2,66.0,37.0,voiture,voiture,1,2,3,1,3
201900035729,2019-02-27 12:00:00,2019,2,27,12,0,88,88160,GLEY (PL. EUGENE-),48.175751,6.450936,Plein jour,En agglomération,Hors intersection,Normale,Autre collision,4,1,1,0,1,1,1,0,1,50,1,2,1,1,0,0,64.0,,voiture,,1,2,1,1,6
201900035730,2019-02-28 07:56:00,2019,2,28,7,56,87,87085,FRACHON ( ave Benoit),45.85599,1.29219,Nuit avec éclairage allumé,En agglomération,Hors intersection,Normale,Autre collision,3,2,2,0,1,3,1,0,1,50,1,1,0,0,0,1,19.0,,deux_roues,,5,2,1,1,6
201900035731,2019-02-25 14:58:00,2019,2,25,14,58,87,87114,LIBERATION (AVENUE DE LA),45.82487,1.28883,Plein jour,En agglomération,Hors intersection,Normale,Deux véhicules - frontale,3,2,2,0,2,2,1,0,1,50,2,5,0,0,0,5,58.0,80.0,voiture,voiture,1,2,1,1,1
201900035732,2019-02-24 00:55:00,2019,2,24,0,55,87,87085,TOURNY (CARREFOUR),45.83176,1.26246,Nuit avec éclairage allumé,En agglomération,Intersection en X,Normale,Deux véhicules - côté,4,2,3,0,1,1,1,0,1,50,2,2,1,0,0,1,19.0,24.0,voiture,deux_roues,5,2,2,1,3
201900035733,2019-02-23 20:55:00,2019,2,23,20,55,87,87085,PERIN (BOULEVARD GEORGES),45.81422,1.24166,Nuit avec éclairage allumé,En agglomération,Hors intersection,Normale,Autre collision,4,2,3,0,1,1,1,0,1,50,1,2,1,0,0,1,19.0,,voiture,,5,2,1,1,6
201900035734,2019-02-22 18:55:00,2019,2,22,18,55,87,87113,STADE (ALLEE DU),45.86663,1.32419,Crépuscule ou aube,En agglomération,Intersection en X,Normale,Autre collision,4,1,1,0,2,1,1,0,1,30,1,1,0,0,0,1,,,,,2,2,2,1,6
201900035735,2019-02-25 09:15:00,2019,2,25,9,15,86,86194,RECTEUR PINEAU (AVENUE),46.56796,0.38798,Plein jour,En agglomération,Giratoire,Normale,Deux véhicules - arrière,4,2,2,2,1,2,1,5,2,50,2,2,0,0,0,2,26.0,63.0,deux_roues,voiture,1,2,6,1,2
201900035736,2019-02-23 00:40:00,2019,2,23,0,40,86,86194,LAFAYETTE (AVENUE DE),46.5762309,0.3731436,Nuit avec éclairage allumé,En agglomération,Hors intersection,Normale,Sans collision,6,-1,1,0,1,1,1,9,1,20,1,1,0,0,1,0,44.0,,deux_roues,,5,2,1,1,7
201900035737,2019-02-25 12:30:00,2019,2,25,12,30,86,86194,BLAISE PASCAL (RUE),46.56532,0.31489,Plein jour,En agglomération,Hors intersection,Normale,Deux véhicules - frontale,4,2,2,0,4,3,1,0,1,50,2,4,1,1,0,2,28.0,19.0,utilitaire_camion,deux_roues,1,2,1,1,1
201900035738,2019-02-25 19:15:00,2019,2,25,19,15,86,86194,RECTEUR PINEAU (AVENUE DU),46.56793,0.38798,Crépuscule ou aube,En agglomération,Hors intersection,Normale,Autre collision,4,2,2,0,1,1,1,0,1,50,1,1,0,0,0,1,,,,,2,2,1,1,6
201900035739,2019-02-27 13:45:00,2019,2,27,13,45,85,85191,FLAUBERT PLACE ET RUE GUSTAVE,46.66791,-1.43779,Plein jour,En agglomération,Hors intersection,Normale,Deux véhicules - arrière,3,2,2,0,1,1,1,0,3,50,2,1,0,0,0,1,30.0,,deux_roues,,1,2,1,1,2
201900035740,2019-02-28 02:30:00,2019,2,28,2,30,83,83137,FORGENTIER (CHEMIN DE),43.13309,5.9037,Nuit avec éclairage allumé,En agglomération,Hors intersection,Normale,Autre collision,4,2,2,0,1,1,1,0,1,50,1,1,0,0,1,0,28.0,,deux_roues,,5,2,1,1,6
201900035741,2019-02-24 12:55:00,2019,2,24,12,55,83,83126,OLIVIERS (CHEMIN DES),43.0853,5.88102,Plein jour,En agglomération,Intersection en X,Normale,Deux véhicules - côté,4,3,3,0,1,1,1,5,1,50,2,3,1,0,2,0,73.0,51.0,deux_roues,voiture,1,2,2,1,3
201900035742,2019-02-25 12:20:00,2019,2,25,12,20,83,83050,LAFOURCADE  Bd du colonel,43.5329,6.45892,Plein jour,En agglomération,Hors intersection,Normale,Autre collision,4,2,2,0,1,1,1,6,2,50,1,2,1,0,1,0,42.0,,voiture,,1,2,1,1,6
201900035743,2019-02-27 09:18:00,2019,2,27,9,18,82,82121,A20 rocade entrée 66 sens Cah/To,43.982697,1.3350642,Plein jour,Hors agglomération,Hors intersection,Normale,Deux véhicules - arrière,1,1,3,0,1,1,1,3,1,90,2,3,1,0,0,2,46.0,43.0,utilitaire_camion,voiture,1,1,1,1,2
201900035744,2019-03-01 12:15:00,2019,3,1,12,15,81,81065,PAUSE (CH.DE LA),43.5952,2.246717,Plein jour,En agglomération,Hors intersection,Normale,Sans collision,4,-1,1,0,1,1,1,0,1,50,1,2,1,0,0,1,41.0,,utilitaire_camion,,1,2,1,1,7
201900035745,2019-02-28 16:10:00,2019,2,28,16,10,80,80021,"213, R DE CAGNY",49.88105,2.32061,Plein jour,En agglomération,Hors intersection,Pluie forte,Autre collision,4,2,2,0,2,1,2,0,1,50,1,2,1,0,0,1,44.0,,voiture,,1,2,1,3,6
201900035746,2019-02-27 16:25:00,2019,2,27,16,25,80,80021,PARKING JARDILAND,49.92407,2.30709,Plein jour,En agglomération,Hors intersection,Normale,Autre collision,6,1,1,0,1,1,1,0,1,20,1,2,1,0,0,1,25.0,,voiture,,1,2,1,1,6
201900035747,2019-02-27 08:15:00,2019,2,27,8,15,80,80021,R PIERRE ROLLIN,49.87436,2.31758,Plein jour,En agglomération,Hors intersection,Normale,Autre collision,4,2,2,0,1,1,1,0,1,50,1,2,1,0,0,1,52.0,,voiture,,1,2,1,1,6
201900035748,2019-02-27 18:10:00,2019,2,27,18,10,80,80021,"280, BD DE BAPAUME",49.87923,2.30625,Plein jour,En agglomération,Intersection en T,Normale,Deux véhicules - côté,4,2,2,0,1,1,1,0,1,50,2,2,1,0,0,1,54.0,19.0,deux_roues,deux_roues,1,2,3,1,3
201900035749,2019-02-25 09:05:00,2019,2,25,9,5,80,80021,"29, BD BARABAN",49.89949,2.3046,Plein jour,En agglomération,Intersection en T,Normale,Deux véhicules - côté,4,1,2,0,1,1,1,0,1,50,2,2,1,0,0,1,28.0,40.0,voiture,deux_roues,1,2,3,1,3
201900035750,2019-03-01 16:00:00,2019,3,1,16,0,78,78609,CD 28,49.013099,1.909093,Plein jour,Hors agglomération,Giratoire,Normale,Deux véhicules - côté,3,-1,1,0,4,3,1,0,1,50,2,2,1,0,0,1,87.0,23.0,voiture,voiture,1,1,6,1,3
201900035751,2019-02-26 10:27:00,2019,2,26,10,27,78,78609,CD 28,49.018781,1.910068,Plein jour,Hors agglomération,Hors intersection,Temps éblouissant,Deux véhicules - arrière,3,3,3,0,4,1,1,0,1,70,2,4,3,0,0,1,22.0,48.0,voiture,voiture,1,1,1,7,2
201900035752,2019-02-24 12:07:00,2019,2,24,12,7,78,78440,JEAN JAURES  (RUE),48.988678,1.903211,Plein jour,En agglomération,Hors intersection,Normale,Deux véhicules - frontale,4,2,2,0,1,1,1,0,1,30,2,2,1,0,0,1,77.0,42.0,voiture,voiture,1,2,1,1,1
201900035753,2019-03-01 15:35:00,2019,3,1,15,35,77,77462,ROUTE NATIONALE 2,49.01785,2.66048,Plein jour,Hors agglomération,Hors intersection,Normale,Deux véhicules - arrière,2,3,4,0,1,1,1,0,1,110,2,2,1,0,0,1,22.0,52.0,utilitaire_camion,utilitaire_camion,1,1,1,1,2
201900035754,2019-03-01 00:05:00,2019,3,1,0,5,77,77291,D401-PARIS (RUE DE),49.0256,2.60659,Nuit sans éclairage public,Hors agglomération,Hors intersection,Pluie légère,Sans collision,3,2,2,0,1,1,2,0,1,80,1,1,0,0,1,0,32.0,,voiture,,3,1,1,2,7
201900035755,2019-02-21 08:21:00,2019,2,21,8,21,77,77215,RN4 HORS AGGLOMERATION,48.73413,2.73059,Plein jour,Hors agglomération,Hors intersection,Normale,Deux véhicules - côté,2,3,4,0,1,1,1,0,1,90,2,2,1,0,1,0,32.0,20.0,deux_roues,voiture,1,1,1,1,3
201900035756,2019-02-26 15:30:00,2019,2,26,15,30,77,77409,LILAS (RUE DES),48.40292,2.98485,Plein jour,En agglomération,Autre intersection,Normale,Autre collision,4,2,1,0,1,1,1,0,1,50,1,1,0,0,0,1,,,,,1,2,9,1,6
201900035757,2019-02-26 09:00:00,2019,2,26,9,0,77,77288,D605 ROCADE NORD MELUN,48.55305,2.65499,Plein jour,Hors agglomération,Hors intersection,Normale,Trois véhicules et plus - collisions multiples,3,2,4,0,1,1,1,0,1,90,5,5,2,0,0,3,28.0,34.0,deux_roues,voiture,1,1,1,1,5
201900035758,2019-03-01 12:30:00,2019,3,1,12,30,77,77284,D603-VICTOIRE (AV.DE LA),48.95708,2.92156,Plein jour,Hors agglomération,Hors intersection,Normale,Autre collision,3,3,4,0,2,1,1,0,1,50,1,2,1,0,1,0,20.0,,voiture,,1,1,1,1,6
201900035759,2019-02-26 03:20:00,2019,2,26,3,20,77,77284,APPEL DU 18 JUIN 1940 (AV.DE L'),48.9514003,2.9105481,Nuit avec éclairage allumé,En agglomération,Giratoire,Normale,Sans collision,4,3,2,0,1,3,1,5,1,50,1,4,3,0,0,1,22.0,,voiture,,5,2,6,1,7
201900035760,2019-02-26 07:57:00,2019,2,26,7,57,77,77058,EUROPE (AVENUE DE L' ),48.83217,2.71977,Plein jour,En agglomération,Hors intersection,Normale,Deux véhicules - arrière,4,2,2,0,1,1,1,0,1,50,2,2,1,0,0,1,48.0,22.0,voiture,voiture,1,2,1,1,2
201900035761,2019-02-20 20:10:00,2019,2,20,20,10,77,77307,D344A,48.85528,2.76847,Nuit avec éclairage allumé,Hors agglomération,Hors intersection,Normale,Autre collision,3,3,4,0,1,1,1,0,1,50,1,2,1,0,0,1,25.0,,voiture,,5,1,1,1,6
201900035762,2019-02-24 12:50:00,2019,2,24,12,50,76,76575,CROIZAT. AVENUE AMBROISE,49.37626,1.10256,Plein jour,En agglomération,Hors intersection,Normale,Autre collision,3,2,2,0,1,1,1,0,1,50,1,1,0,1,0,0,20.0,,deux_roues,,1,2,1,1,6
201900035763,2019-02-27 16:20:00,2019,2,27,16,20,76,76351,RENE COTY,49.49717,0.11194,Plein jour,En agglomération,Intersection en X,Normale,Autre collision,4,2,2,0,1,1,1,0,1,30,1,2,1,0,0,1,25.0,,utilitaire_camion,,1,2,2,1,6
201900035764,2019-02-23 00:20:00,2019,2,23,0,20,76,76351,LUCIEN CORBEAUX (AVENUE),49.47811,0.13279,Nuit avec éclairage allumé,En agglomération,Hors intersection,Normale,Autre collision,4,4,4,0,1,1,1,0,1,50,1,1,0,0,1,0,30.0,,voiture,,5,2,1,1,6
201900035765,2019-02-23 15:30:00,2019,2,23,15,30,76,76351,BERNARDIN DE SAINT PIERRE,49.49105,0.10524,Plein jour,En agglomération,Intersection en T,Normale,Autre collision,4,2,2,0,1,1,1,0,1,50,1,2,1,0,1,0,76.0,,voiture,,1,2,3,1,6
201900035766,2019-02-23 11:20:00,2019,2,23,11,20,74,74118,SALEVE (ROUTE DU),46.17515,6.22187,Plein jour,En agglomération,Hors intersection,Normale,Sans collision,3,2,2,0,2,1,1,0,1,50,1,1,0,0,1,0,84.0,,deux_roues,,1,2,1,1,7
201900035767,2019-03-02 11:10:00,2019,3,2,11,10,72,72181,19 MARS 1962 (PL),47.98253,0.20664,Plein jour,En agglomération,Intersection en T,Normale,Deux véhicules - côté,7,2,2,0,1,1,1,0,1,50,2,2,1,0,1,0,36.0,63.0,voiture,deux_roues,1,2,3,1,3
201900035768,2019-02-28 17:45:00,2019,2,28,17,45,72,72095,PAIX (RUE DE LA),48.0242,0.20336,Plein jour,En agglomération,Hors intersection,Normale,Deux véhicules - côté,4,2,2,0,2,1,1,0,1,50,2,3,2,0,0,1,40.0,18.0,voiture,deux_roues,1,2,1,1,3
201900035769,2019-02-26 16:50:00,2019,2,26,16,50,72,72181,CHURCHILL WINSTON (BD) N° IMP DE 1 A 11,47.98666,0.21059,Plein jour,En agglomération,Hors intersection,Normale,Autre collision,4,3,4,2,1,1,1,0,1,50,1,2,1,0,0,1,15.0,,deux_roues,,1,2,1,1,6
201900035770,2019-02-25 10:06:00,2019,2,25,10,6,72,72181,BELLEVUE (RUE DE),48.0137,0.20454,Plein jour,En agglomération,Hors intersection,Normale,Autre collision,4,2,2,0,1,1,1,0,2,50,1,2,1,0,0,1,86.0,,voiture,,1,2,1,1,6
201900035771,2019-03-02 20:00:00,2019,3,2,20,0,71,71486,HENRI DUNAND (BOULEVARD),46.647595,4.345903,Nuit avec éclairage non allumé,En agglomération,Hors intersection,Pluie légère,Autre collision,4,2,2,0,1,3,2,0,1,50,1,1,0,0,0,1,56.0,,voiture,,4,2,1,2,6
201900035772,2019-03-02 08:55:00,2019,3,2,8,55,71,71040,FIOLLE (RUE DE LA),46.70214,4.41165,Plein jour,En agglomération,Hors intersection,Pluie légère,Autre collision,2,1,1,0,3,3,2,0,1,50,1,1,0,0,0,1,24.0,,voiture,,1,2,1,2,6
201900035773,2019-03-03 07:40:00,2019,3,3,7,40,69,69266,ROGER SALENGRO     (Avenue),45.78035,4.88322,Crépuscule ou aube,En agglomération,Intersection en X,Normale,Deux véhicules - côté,4,3,3,0,1,1,1,0,1,50,2,3,2,0,0,1,24.0,59.0,voiture,voiture,2,2,2,1,3
201900035774,2019-03-02 17:35:00,2019,3,2,17,35,69,69266,LEON BLUM      (Rue),45.76046,4.9037,Plein jour,En agglomération,Intersection en T,Temps couvert,Autre collision,3,2,4,3,1,1,2,0,1,50,2,2,1,0,0,1,24.0,34.0,voiture,voiture,1,2,3,8,6
201900035775,2019-02-28 21:50:00,2019,2,28,21,50,69,69266,TOLSTOI    (Cours),45.76368,4.87087,Nuit avec éclairage allumé,En agglomération,Hors intersection,Normale,Autre collision,4,1,3,1,1,1,1,0,1,50,1,1,0,0,1,0,23.0,,deux_roues,,5,2,1,1,6
201900035776,2019-02-28 21:30:00,2019,2,28,21,30,69,69266,LOUIS BECKER        (Rue),45.76525,4.87157,Nuit avec éclairage allumé,En agglomération,Intersection en X,Normale,Deux véhicules - côté,7,2,2,0,1,1,1,0,1,50,2,2,1,0,0,1,21.0,28.0,voiture,deux_roues,5,2,2,1,3
201900035777,2019-02-28 16:40:00,2019,2,28,16,40,69,69266,EMILE ZOLA     (Cours),45.76981,4.87783,Plein jour,En agglomération,Hors intersection,Normale,Autre collision,4,2,4,2,1,1,1,0,1,50,1,2,1,0,0,1,44.0,,voiture,,1,2,1,1,6
201900035778,2019-02-27 09:00:00,2019,2,27,9,0,69,69266,ETIENNE GAGNAIRE   (Rue),45.77225,4.86604,Plein jour,En agglomération,Giratoire,Normale,Deux véhicules - côté,4,2,2,0,1,1,1,0,1,50,2,2,1,0,0,1,46.0,33.0,voiture,deux_roues,1,2,6,1,3
201900035779,2019-02-26 12:55:00,2019,2,26,12,55,69,69266,EMILE ZOLA     (Cours),45.7709,4.8669,Plein jour,En agglomération,Hors intersection,Normale,Deux véhicules - côté,7,2,5,2,1,1,1,0,1,50,2,3,1,0,0,2,42.0,20.0,deux_roues,voiture,1,2,1,1,3
201900035780,2019-02-22 10:59:00,2019,2,22,10,59,69,69275,FRANKLIN ROOSEVELT                  (AV),45.76731,4.9367,Plein jour,En agglomération,Hors intersection,Normale,Autre collision,3,3,4,0,1,1,1,0,1,50,1,2,1,0,1,0,53.0,,voiture,,1,2,1,1,6
201900035781,2019-02-28 18:05:00,2019,2,28,18,5,69,69264,LECLERC GENERAL  BD,45.996,4.71509,Crépuscule ou aube,En agglomération,Giratoire,Normale,Autre collision,3,2,0,0,1,3,1,0,1,50,1,2,1,0,0,1,33.0,,utilitaire_camion,,2,2,6,1,6
201900035782,2019-02-22 13:15:00,2019,2,22,13,15,69,69264,BERNARD CLAUDE  (rue),45.99388,4.71795,Plein jour,En agglomération,Intersection en T,Normale,Autre collision,4,1,1,0,1,1,1,0,1,50,1,2,1,0,1,0,54.0,,utilitaire_camion,,1,2,3,1,6
201900035783,2019-02-22 13:58:00,2019,2,22,13,58,68,68066,ST ELOI (RUE),48.079332,7.363384,Plein jour,En agglomération,Hors intersection,Normale,Deux véhicules - côté,4,1,2,0,1,1,1,0,1,30,2,2,1,0,0,1,28.0,61.0,deux_roues,voiture,1,2,1,1,3
201900035784,2019-02-14 15:28:00,2019,2,14,15,28,68,68066,UNTERLINDEN (RUE D'),48.08057,7.35427,Plein jour,En agglomération,Hors intersection,Normale,Autre collision,4,-1,2,0,1,1,1,0,1,30,1,2,1,0,1,0,60.0,,voiture,,1,2,1,1,6
201900035785,2019-02-06 20:24:00,2019,2,6,20,24,68,68066,MOULINS (RUE DES),48.081385,7.350826,Nuit avec éclairage allumé,En agglomération,Intersection en X,Normale,Deux véhicules - côté,4,2,1,0,1,1,1,0,1,50,2,2,1,0,1,0,27.0,46.0,deux_roues,voiture,5,2,2,1,3
201900035786,2019-02-27 17:15:00,2019,2,27,17,15,67,67482,rue du bataillon de marche 24,48.590384,7.728872,Plein jour,En agglomération,Hors intersection,Normale,Autre collision,7,2,5,1,1,1,1,0,1,40,1,2,1,0,0,1,73.0,,voiture,,1,2,1,1,6
201900035787,2019-02-27 11:20:00,2019,2,27,11,20,67,67482,HURTIGHEIM (RUE DE),48.59637,7.70819,Plein jour,En agglomération,Hors intersection,Normale,Deux véhicules - côté,4,2,3,0,1,1,1,0,1,50,2,4,0,0,0,4,35.0,31.0,voiture,voiture,1,2,1,1,3
201900035788,2019-02-26 18:10:00,2019,2,26,18,10,67,67482,ALSACE (AVENUE D ),48.586907,7.760949,Plein jour,En agglomération,Hors intersection,Normale,Deux véhicules - côté,4,2,4,0,1,1,1,0,1,50,2,1,0,0,0,1,20.0,,deux_roues,,1,2,1,1,3
201900035789,2019-02-25 16:50:00,2019,2,25,16,50,67,67482,RHIN NAPOLEON (RUE DU),48.56098,7.80072,Plein jour,En agglomération,Hors intersection,Normale,Deux véhicules - arrière,4,2,2,0,2,1,1,0,1,50,2,5,1,0,0,4,46.0,55.0,voiture,utilitaire_camion,1,2,1,1,2
201900035790,2019-02-25 08:20:00,2019,2,25,8,20,67,67482,SCHIRMECK (ROUTE DE),48.5734,7.75211,Plein jour,En agglomération,Hors intersection,Normale,Autre collision,4,2,3,3,1,1,1,0,1,50,1,2,1,0,0,1,28.0,,deux_roues,,1,2,1,1,6
201900035791,2019-02-23 23:50:00,2019,2,23,23,50,67,67482,ROUGET DE L ISLE (QUAI),48.589538,7.764262,Nuit avec éclairage allumé,En agglomération,Hors intersection,Normale,Autre collision,4,1,1,0,1,1,1,0,2,50,2,2,1,0,0,1,48.0,59.0,deux_roues,voiture,5,2,1,1,6
201900035792,2019-02-24 18:48:00,2019,2,24,18,48,67,67180,CHEMIN LONG,48.82061,7.78301,Nuit avec éclairage allumé,En agglomération,Hors intersection,Normale,Deux véhicules - côté,4,2,2,0,1,1,1,0,1,50,2,2,1,0,0,1,32.0,20.0,deux_roues,voiture,5,2,1,1,3
201900035793,2019-03-01 06:20:00,2019,3,1,6,20,66,66136,AVENUE DE ROME,42.6819,2.8559,Crépuscule ou aube,En agglomération,Hors intersection,Normale,Deux véhicules - côté,4,2,2,0,1,1,1,9,1,30,2,2,1,0,0,1,55.0,32.0,utilitaire_camion,deux_roues,2,2,1,1,3
201900035794,2019-02-27 07:50:00,2019,2,27,7,50,66,66136,TOSSA (DE),42.66447,2.878942,Plein jour,En agglomération,Intersection en X,Normale,Deux véhicules - côté,4,2,2,0,1,1,1,0,1,50,2,2,1,0,0,1,22.0,47.0,voiture,voiture,1,2,2,1,3
201900035795,2019-02-26 13:10:00,2019,2,26,13,10,66,66136,18 ave G. Leclerc,42.70179,2.891823,Plein jour,En agglomération,Hors intersection,Normale,Autre collision,4,-1,1,0,1,1,1,0,1,50,1,2,1,0,0,1,34.0,,voiture,,1,2,1,1,6
201900035796,2019-02-22 14:40:00,2019,2,22,14,40,66,66136,CLEMENCEAU (BOULEVARD),42.70057,2.89121,Plein jour,En agglomération,Hors intersection,Normale,Autre collision,4,2,1,0,1,1,1,0,1,50,1,2,1,0,0,1,49.0,,voiture,,1,2,1,1,6
201900035797,2019-02-28 12:10:00,2019,2,28,12,10,64,64483,AVENUE DE CHANTACO ,43.3827848,-1.6502805,Plein jour,En agglomération,Hors intersection,Normale,Deux véhicules - arrière,3,-1,2,0,1,1,1,0,1,50,2,3,2,0,0,1,59.0,49.0,voiture,voiture,1,2,1,1,2
201900035798,2019-03-01 13:25:00,2019,3,1,13,25,64,64445,HAUTERIVE,43.32315,-0.34891,Plein jour,En agglomération,Hors intersection,Normale,Deux véhicules - arrière,4,2,3,0,1,1,1,0,1,50,2,2,1,0,0,1,23.0,57.0,deux_roues,voiture,1,2,1,1,2
201900035799,2019-03-01 12:00:00,2019,3,1,12,0,64,64129,RP Charles de Gaulle,43.3047289,-0.4015367,Plein jour,En agglomération,Hors intersection,Normale,Deux véhicules - arrière,4,2,4,0,1,1,1,5,1,50,2,2,1,0,0,1,47.0,53.0,voiture,voiture,1,2,1,1,2
201900035800,2019-03-01 08:50:00,2019,3,1,8,50,64,64445,RENE CASSIN,43.30126,-0.36713,Plein jour,En agglomération,Hors intersection,Temps couvert,Deux véhicules - arrière,4,2,2,0,1,1,1,0,1,50,2,3,1,0,0,2,44.0,25.0,voiture,voiture,1,2,1,8,2
201900035801,2019-02-28 12:20:00,2019,2,28,12,20,64,64129,BAYONNE DE,43.30045,-0.40183,Plein jour,En agglomération,Hors intersection,Normale,Deux véhicules - côté,4,-1,2,2,1,2,1,0,1,50,2,2,1,0,0,1,71.0,38.0,voiture,deux_roues,1,2,1,1,3
201900035802,2019-02-27 18:15:00,2019,2,27,18,15,64,64445,HAUTERIVE,43.32477,-0.35711,Crépuscule ou aube,En agglomération,Intersection en X,Normale,Deux véhicules - côté,4,2,2,0,1,1,1,0,1,50,2,3,2,0,0,1,52.0,50.0,voiture,voiture,2,2,2,1,3
201900035803,2019-02-27 14:30:00,2019,2,27,14,30,64,64445,EDOUARD 7,43.29741,-0.35847,Plein jour,En agglomération,Hors intersection,Normale,Trois véhicules et plus - en chaîne,4,2,3,0,1,1,1,0,1,50,3,3,2,0,0,1,28.0,41.0,voiture,voiture,1,2,1,1,4
201900035804,2019-02-27 20:50:00,2019,2,27,20,50,64,64102,AVENUE RAYMOND DE MARTRES ,43.48551,-1.48271,Nuit avec éclairage allumé,En agglomération,Intersection en T,Normale,Deux véhicules - frontale,4,4,3,0,1,1,1,0,1,50,2,3,2,0,1,0,22.0,32.0,deux_roues,voiture,5,2,3,1,1
201900035805,2019-02-26 17:40:00,2019,2,26,17,40,64,64102,SOULT (AVENUE MARECHAL),43.4857102,-1.491368,Plein jour,En agglomération,Intersection en T,Normale,Deux véhicules - côté,3,1,4,0,4,1,1,0,2,50,2,2,1,0,1,0,57.0,79.0,deux_roues,voiture,1,2,3,1,3
201900035806,2019-02-25 19:00:00,2019,2,25,19,0,64,64102,AVENUE DU MARECHAL LECLERC,43.49382,-1.47473,Plein jour,En agglomération,Intersection en T,Normale,Deux véhicules - côté,4,2,2,0,1,1,1,8,1,50,2,4,3,0,0,1,46.0,80.0,utilitaire_camion,voiture,1,2,3,1,3
201900035807,2019-02-25 18:15:00,2019,2,25,18,15,64,64024,AVENUE DE L'ADOUR ,43.50797,-1.49793,Plein jour,En agglomération,Intersection en T,Normale,Deux véhicules - côté,4,2,2,0,1,1,1,0,1,50,2,2,1,0,1,0,17.0,29.0,deux_roues,voiture,1,2,3,1,3