accident_id,datetime,annee,mois,jour,heure,minute,departement,commune_insee,adresse,latitude,longitude,luminosite,agglomeration,intersection,meteo,collision,catr,circ,nbv,vosp,prof,plan,surf,infra,situ,vma,nb_vehicules,nb_usagers,nb_indemnes,nb_tues,nb_blesses_hosp,nb_blesses_legers,age_cond_1,age_cond_2,veh_type_cond_1,veh_type_cond_2,lum_code,agg_code,int_code,atm_code,col_code
201900036178,2019-07-22 19:36:00,2019,7,22,19,36,13,13210,(RUE) NEGRESKO,43.27001,5.3914,Plein jour,En agglomération,Hors intersection,Normale,Deux véhicules - côté,4,2,2,0,1,1,1,0,1,50,2,2,1,0,0,1,28.0,61.0,deux_roues,voiture,1,2,1,1,3
201900036179,2019-07-22 22:40:00,2019,7,22,22,40,6,06159,NAPOLEON III (BOULEVARD),43.707253,7.317731,Nuit avec éclairage allumé,Hors agglomération,Hors intersection,Normale,Deux véhicules - côté,7,-1,1,0,1,3,1,0,1,50,2,6,1,0,0,5,37.0,27.0,voiture,voiture,5,1,1,1,3
201900036180,2019-07-22 13:56:00,2019,7,22,13,56,6,06088,CASSIN (BD RENE),43.669963,7.216547,Plein jour,En agglomération,Hors intersection,Normale,Trois véhicules et plus - en chaîne,4,1,1,1,1,1,1,0,1,50,4,4,2,0,0,2,27.0,40.0,voiture,voiture,1,2,1,1,4
201900036181,2019-07-22 19:26:00,2019,7,22,19,26,6,06004,AMES DU PURGATOIRE CH.DES,43.5918,7.10129,Plein jour,En agglomération,Hors intersection,Normale,Deux véhicules - côté,4,2,0,0,2,3,1,0,1,50,2,2,1,0,1,0,42.0,35.0,deux_roues,voiture,1,2,1,1,3
201900036182,2019-07-22 08:15:00,2019,7,22,8,15,75,75119,AVENUE CORENTIN CARIOU,48.897068,2.384747,Plein jour,En agglomération,Hors intersection,Normale,Autre collision,4,2,3,1,1,1,1,6,5,10,2,1,0,0,0,1,52.0,,deux_roues,,1,2,1,1,6
201900036183,2019-07-22 20:30:00,2019,7,22,20,30,75,75117,RUE DE SAUSSURE,48.888919,2.308433,Plein jour,En agglomération,Hors intersection,Normale,Autre collision,4,1,1,0,1,1,1,0,1,30,1,2,1,0,0,1,17.0,,deux_roues,,1,2,1,1,6
201900036184,2019-07-22 20:20:00,2019,7,22,20,20,75,75117,AVENUE DE CLICHY,48.888785,2.323292,Plein jour,En agglomération,Intersection en T,Normale,Deux véhicules - côté,4,2,2,0,1,1,1,0,1,50,2,3,2,0,0,1,23.0,47.0,deux_roues,voiture,1,2,3,1,3
201900036185,2019-07-21 20:30:00,2019,7,21,20,30,75,75116,ALLEE DE LA REINE MARGUERITE,48.858574,2.244859,Plein jour,En agglomération,Intersection en X,Normale,Autre collision,4,2,4,0,1,1,1,0,1,50,2,5,4,0,0,1,34.0,55.0,voiture,deux_roues,1,2,2,1,6
201900036186,2019-07-21 16:30:00,2019,7,21,16,30,75,75116,ALLEE DE LONGCHAMP,48.875781,2.273563,Plein jour,En agglomération,Hors intersection,Normale,Autre collision,4,2,2,0,1,1,1,0,1,50,2,1,0,0,0,1,60.0,,voiture,,1,2,1,1,6
201900036187,2019-07-22 00:01:00,2019,7,22,0,1,75,75113,BOULEVARD VINCENT AURIOL,48.836571,2.371785,Nuit avec éclairage allumé,En agglomération,Hors intersection,Normale,Sans collision,4,1,2,0,2,1,1,0,1,30,1,2,1,0,0,1,46.0,,deux_roues,,5,2,1,1,7
201900036188,2019-07-22 07:40:00,2019,7,22,7,40,75,75104,RUE DE LOBAU,48.856924,2.353902,Plein jour,En agglomération,Intersection en X,Normale,Deux véhicules - côté,4,1,2,0,1,1,1,0,5,50,2,2,1,0,0,1,42.0,59.0,voiture,deux_roues,1,2,2,1,3
201900036189,2019-07-22 09:00:00,2019,7,22,9,0,75,75101,QUAI DES TUILERIES,48.863457,2.322022,Plein jour,En agglomération,Hors intersection,Normale,Deux véhicules - arrière,4,1,4,0,3,1,1,0,1,50,2,2,1,0,0,1,45.0,70.0,deux_roues,voiture,1,2,1,1,2
201900036190,2019-07-22 09:30:00,2019,7,22,9,30,75,75108,BOULEVARD MALESHERBES,48.877784,2.316307,Plein jour,En agglomération,Intersection en X,Normale,Deux véhicules - arrière,4,2,2,0,4,1,1,0,1,50,2,2,1,0,0,1,55.0,26.0,deux_roues,voiture,1,2,2,1,2
201900036191,2019-07-20 19:05:00,2019,7,20,19,5,75,75111,BOULEVARD BEAUMARCHAIS,48.857607,2.368066,Plein jour,En agglomération,Intersection en T,Normale,Trois véhicules et plus - collisions multiples,4,2,5,3,1,1,1,5,6,50,3,4,2,0,0,2,65.0,32.0,voiture,voiture,1,2,3,1,5
201900036192,2019-07-22 14:30:00,2019,7,22,14,30,94,94078,WINSTON CHURCHILL (AV),48.75274,2.45403,Plein jour,En agglomération,Hors intersection,Normale,Autre collision,3,2,4,0,1,1,1,0,3,50,1,2,1,0,0,1,29.0,,deux_roues,,1,2,1,1,6
201900036193,2019-07-22 00:15:00,2019,7,22,0,15,94,94052,MADELEINE SMITH CHAMPION (AV),48.83316,2.48569,Nuit avec éclairage allumé,En agglomération,Hors intersection,Normale,Sans collision,4,-1,2,0,1,1,1,6,2,30,1,1,0,0,1,0,29.0,,autre,,5,2,1,1,7
201900036194,2019-07-20 12:15:00,2019,7,20,12,15,94,94079,JEAN MONNET (BD),48.83494,2.54715,Plein jour,En agglomération,Intersection en X,Normale,Deux véhicules - côté,3,2,2,0,1,1,2,0,1,50,2,2,1,0,0,1,72.0,33.0,voiture,voiture,1,2,2,1,3
201900036195,2019-07-22 21:20:00,2019,7,22,21,20,94,94017,MARX DORMOY (AV),48.80813,2.52488,Crépuscule ou aube,En agglomération,Hors intersection,Normale,Sans collision,3,1,3,0,2,1,1,0,1,50,1,1,0,0,0,1,52.0,,deux_roues,,2,2,1,1,7
201900036196,2019-12-12 17:05:00,2019,12,12,17,5,33,33522,AVE ROUL,44.80592,-0.59787,Nuit avec éclairage allumé,En agglomération,Hors intersection,Pluie forte,Autre collision,4,2,4,2,1,1,2,0,1,50,1,2,1,0,0,1,20.0,,voiture,,5,2,1,3,6
201900036197,2019-12-12 09:20:00,2019,12,12,9,20,32,32013,EUGENE SUE,43.64262,0.58977,Plein jour,En agglomération,Intersection en T,Pluie légère,Autre collision,4,2,2,0,1,1,1,0,1,50,1,2,1,0,0,1,39.0,,voiture,,1,2,3,2,6
201900036198,2019-12-13 09:11:00,2019,12,13,9,11,31,31555,RUE GEORGES VEDEL,43.60689,1.39665,Plein jour,En agglomération,Hors intersection,Pluie forte,Autre collision,4,3,2,0,1,1,2,0,1,50,1,2,1,0,1,0,53.0,,voiture,,1,2,1,3,6
201900036199,2019-12-12 19:00:00,2019,12,12,19,0,31,31149,COLLONGUES (RUE ETIENNE),43.59723,1.3281,Nuit avec éclairage allumé,En agglomération,Intersection en T,Pluie forte,Deux véhicules - côté,4,2,2,0,1,1,2,0,1,50,2,2,1,0,0,1,55.0,28.0,voiture,deux_roues,5,2,3,3,3
201900036200,2019-12-12 18:35:00,2019,12,12,18,35,29,29232,BENODET ROUTE DE,47.97057,-4.08629,Nuit sans éclairage public,Hors agglomération,Hors intersection,Pluie forte,Deux véhicules - frontale,3,2,2,0,1,1,2,0,1,70,2,2,1,0,0,1,24.0,73.0,voiture,voiture,3,1,1,3,1
201900036201,2019-12-12 07:35:00,2019,12,12,7,35,29,29019,EUSEN VICTOR,48.3805,-4.5326,Nuit avec éclairage allumé,En agglomération,Hors intersection,Pluie forte,Sans collision,4,2,2,0,1,1,2,8,1,30,1,1,0,0,1,0,61.0,,deux_roues,,5,2,1,3,7
201900036202,2019-12-12 08:42:00,2019,12,12,8,42,29,29019,PREMIERE DFL (AVENUE),48.37605,-4.55419,Nuit avec éclairage allumé,En agglomération,Hors intersection,Vent fort / tempête,Autre collision,3,2,2,0,1,1,2,0,1,50,1,3,1,0,0,2,16.0,,deux_roues,,5,2,1,6,6
201900036203,2019-12-02 14:00:00,2019,12,2,14,0,28,28085,CLEMENCEAU (BOULEVARD GEORGES),48.44681,1.49392,Plein jour,En agglomération,Autre intersection,Normale,Autre collision,4,2,2,0,1,1,1,6,1,50,1,2,1,0,0,1,65.0,,voiture,,1,2,9,1,6
201900036204,2019-12-13 21:15:00,2019,12,13,21,15,26,26057,POMPIDOU GEORGES (AVENUE),45.031974,5.063136,Nuit avec éclairage allumé,En agglomération,Hors intersection,Pluie légère,Sans collision,3,-1,2,0,1,1,2,0,1,50,1,1,0,0,1,0,18.0,,deux_roues,,5,2,1,2,7
201900036205,2019-12-09 19:20:00,2019,12,9,19,20,22,22113,R.D.767,48.717,-3.407,Nuit sans éclairage public,Hors agglomération,Hors intersection,Normale,Deux véhicules - arrière,3,3,4,0,1,1,1,0,1,110,2,2,1,0,0,1,33.0,46.0,voiture,voiture,3,1,1,1,2
201900036206,2019-12-13 20:35:00,2019,12,13,20,35,17,17300,NORMANDIN   RUE EMILE,46.1418,-1.13998,Nuit avec éclairage allumé,En agglomération,Giratoire,Pluie forte,Deux véhicules - côté,4,1,2,2,1,2,2,0,5,50,2,2,1,0,0,1,62.0,23.0,voiture,deux_roues,5,2,6,3,3
201900036207,2019-12-13 17:30:00,2019,12,13,17,30,17,17300,MARILLAC   AVENUE,46.14156,-1.1591,Nuit avec éclairage allumé,En agglomération,Hors intersection,Pluie forte,Autre collision,4,2,4,0,1,1,2,6,1,50,1,2,1,0,0,1,88.0,,voiture,,5,2,1,3,6
201900036208,2019-12-12 18:15:00,2019,12,12,18,15,16,16102,rue de Pons,45.685277,-0.338267,Crépuscule ou aube,En agglomération,Hors intersection,Pluie forte,Autre collision,3,2,2,0,1,1,2,0,1,50,1,2,1,0,1,0,69.0,,voiture,,2,2,1,3,6
201900036209,2019-12-13 08:20:00,2019,12,13,8,20,13,13211,AUDIENCE (RUE DE L'),43.296,5.487,Plein jour,En agglomération,Hors intersection,Pluie légère,Autre collision,4,-1,2,0,1,1,2,0,1,50,1,2,0,0,0,2,52.0,,deux_roues,,1,2,1,2,6
201900036210,2019-12-13 08:00:00,2019,12,13,8,0,13,13203,MELCHIOR GUINOT (RUE),43.31024,5.37092,Crépuscule ou aube,En agglomération,Intersection en X,Pluie légère,Autre collision,4,1,2,0,1,1,2,0,1,50,1,2,1,0,0,1,21.0,,voiture,,2,2,2,2,6
201900036211,2019-12-12 09:05:00,2019,12,12,9,5,13,13213,BASTIDE LON (CHEMIN),43.350287,5.417827,Plein jour,En agglomération,Hors intersection,Temps éblouissant,Autre collision,6,-1,0,0,1,1,1,0,1,30,1,2,1,0,0,1,79.0,,voiture,,1,2,1,7,6
201900036212,2019-12-12 17:30:00,2019,12,12,17,30,13,13201,LIEUTAUD (COURS)      2 A 52,43.2961,5.38159,Nuit avec éclairage allumé,En agglomération,Hors intersection,Normale,Deux véhicules - frontale,4,2,4,0,1,1,1,0,1,50,2,2,0,0,0,2,17.0,20.0,deux_roues,deux_roues,5,2,1,1,1
201900036213,2019-12-13 23:10:00,2019,12,13,23,10,13,13001,GAMBETTA (COURS),43.5236418,5.455365,Nuit avec éclairage allumé,En agglomération,Hors intersection,Pluie légère,Deux véhicules - côté,9,2,2,0,1,1,2,0,1,50,2,3,2,0,0,1,32.0,31.0,voiture,voiture,5,2,1,2,3
201900036214,2019-12-12 12:30:00,2019,12,12,12,30,11,11069,LIMOUX - ROUTE DE-,43.20148,2.32946,Plein jour,Hors agglomération,Hors intersection,Pluie légère,Autre collision,3,2,2,0,1,1,2,0,1,70,1,2,1,0,1,0,81.0,,voiture,,1,1,1,2,6
201900036215,2019-12-13 08:20:00,2019,12,13,8,20,9,09225,9° R.C.P. AVENUE DU,43.11582,1.62683,Crépuscule ou aube,En agglomération,Giratoire,Pluie forte,Autre collision,3,-1,2,0,1,1,1,5,1,50,1,1,0,0,0,1,,,,,2,2,6,3,6
201900036216,2019-12-13 10:00:00,2019,12,13,10,0,7,07281,,44.93566,4.82523,Plein jour,Hors agglomération,Hors intersection,Normale,Sans collision,3,2,2,0,2,3,1,0,-1,80,1,1,0,1,0,0,83.0,,voiture,,1,1,1,1,7
201900036217,2019-12-13 08:50:00,2019,12,13,8,50,6,06069,ROUQUIER (BOULEVARD EMMANUEL),43.634358,6.939432,Plein jour,En agglomération,Hors intersection,Pluie forte,Sans collision,4,2,2,0,1,1,2,0,1,50,1,1,0,0,0,1,17.0,,deux_roues,,1,2,1,3,7
201900036218,2019-12-12 13:05:00,2019,12,12,13,5,5,05061,D942 A,44.544804,6.090608,Plein jour,Hors agglomération,Hors intersection,Autre,Sans collision,3,2,2,0,1,2,7,0,1,50,1,1,0,0,0,1,44.0,,voiture,,1,1,1,9,7
201900036219,2019-12-12 12:07:00,2019,12,12,12,7,3,03190,avenue du Professeur Étienne Sorrel,46.5454438,3.3365452,Plein jour,En agglomération,Hors intersection,Normale,Autre collision,4,2,-1,-1,1,1,1,0,1,-1,1,2,1,0,0,1,,,voiture,,1,2,1,1,6
201900036220,2019-12-13 13:45:00,2019,12,13,13,45,75,75120,BD PERIPHERIQUE INTERIEUR,48.850935,2.415435,Plein jour,En agglomération,Hors intersection,Normale,Trois véhicules et plus - en chaîne,4,1,4,0,1,1,1,0,1,70,3,3,2,0,0,1,50.0,43.0,voiture,utilitaire_camion,1,2,1,1,4
201900036221,2019-12-13 10:25:00,2019,12,13,10,25,75,75117,BD PERIPHERIQUE INTERIEUR,48.896912,2.311243,Plein jour,En agglomération,Hors intersection,Pluie légère,Deux véhicules - arrière,4,1,4,0,1,1,2,0,1,70,2,2,1,0,0,1,52.0,61.0,voiture,deux_roues,1,2,1,2,2
201900036222,2019-12-12 09:20:00,2019,12,12,9,20,75,75114,BD PERIPHERIQUE INTERIEUR,48.8218,2.3179,Plein jour,En agglomération,Hors intersection,Normale,Deux véhicules - côté,4,1,3,0,1,1,1,0,1,70,2,2,1,0,0,1,44.0,51.0,voiture,deux_roues,1,2,1,1,3
201900036223,2019-12-10 13:00:00,2019,12,10,13,0,75,75113,BD PERIPHERIQUE INTERIEUR,48.825906,2.386887,Plein jour,En agglomération,Intersection en Y,Normale,Deux véhicules - arrière,4,1,5,0,1,1,1,0,1,70,2,2,1,0,0,1,31.0,49.0,voiture,deux_roues,1,2,4,1,2
201900036224,2019-12-13 17:20:00,2019,12,13,17,20,75,75106,RUE DE MEDICIS,48.848431,2.339444,Nuit avec éclairage allumé,En agglomération,Hors intersection,Normale,Deux véhicules - côté,4,2,2,0,1,1,1,0,1,50,2,2,1,0,0,1,87.0,34.0,voiture,deux_roues,5,2,1,1,3
201900036225,2019-12-13 16:30:00,2019,12,13,16,30,75,75120,AVENUE DE LA PORTE DE VINCENNES,48.8467,2.415879,Nuit avec éclairage allumé,En agglomération,Intersection en X,Normale,Deux véhicules - arrière,4,2,6,0,1,1,1,0,1,50,2,2,1,0,0,1,51.0,19.0,voiture,deux_roues,5,2,2,1,2
201900036226,2019-12-13 11:35:00,2019,12,13,11,35,75,75119,RUE DE BELLEVILLE,48.8721244,2.377034,Plein jour,En agglomération,Intersection à plus de 4 branches,Pluie légère,Autre collision,4,2,2,0,2,1,2,0,1,50,1,2,1,0,0,1,31.0,,deux_roues,,1,2,5,2,6
201900036227,2019-12-13 09:10:00,2019,12,13,9,10,75,75117,RUE DE ROME,48.8873301,2.314049,Plein jour,En agglomération,Intersection à plus de 4 branches,Pluie légère,Deux véhicules - côté,4,2,2,0,1,1,2,0,1,50,2,2,1,0,0,1,35.0,59.0,voiture,transport_commun,1,2,5,2,3
201900036228,2019-12-13 19:45:00,2019,12,13,19,45,75,75114,PLACE DENFERT ROCHEREAU,48.834118,2.333334,Nuit avec éclairage allumé,En agglomération,Place,Normale,Deux véhicules - côté,4,1,4,0,1,1,2,0,1,50,2,2,1,0,0,1,22.0,47.0,voiture,deux_roues,5,2,7,1,3
201900036229,2019-12-13 11:15:00,2019,12,13,11,15,75,75114,BOULEVARD ROMAIN ROLLAND,48.8195085,2.3269354,Plein jour,En agglomération,Hors intersection,Pluie légère,Sans collision,4,1,3,0,1,1,2,0,1,50,1,2,0,0,0,2,68.0,,deux_roues,,1,2,1,2,7
201900036230,2019-12-13 12:25:00,2019,12,13,12,25,75,75114,RUE D ALESIA,48.827836,2.328973,Plein jour,En agglomération,Intersection en Y,Temps couvert,Autre collision,4,2,3,-1,1,1,2,0,1,50,1,2,1,0,0,1,68.0,,voiture,,1,2,4,8,6
201900036231,2019-12-12 10:20:00,2019,12,12,10,20,75,75114,BOULEVARD JOURDAN,48.823043,2.3254839,Plein jour,En agglomération,Place,Normale,Autre collision,4,3,8,0,1,1,1,0,1,50,1,3,2,0,0,1,25.0,,utilitaire_camion,,1,2,7,1,6
201900036232,2019-12-11 21:25:00,2019,12,11,21,25,75,75114,BOULEVARD BRUNE,48.8241117,2.3212317,Nuit avec éclairage allumé,En agglomération,Intersection en Y,Pluie légère,Deux véhicules - côté,4,3,3,1,1,1,2,0,5,50,2,4,3,0,0,1,61.0,51.0,voiture,deux_roues,5,2,4,2,3
201900036233,2019-12-13 19:20:00,2019,12,13,19,20,75,75104,RUE DE LOBAU,48.856959,2.353714,Nuit avec éclairage allumé,En agglomération,Intersection en T,Pluie légère,Deux véhicules - côté,4,2,2,1,1,1,2,0,5,50,2,2,0,0,0,2,27.0,54.0,deux_roues,voiture,5,2,3,2,3
201900036234,2019-12-13 14:50:00,2019,12,13,14,50,75,75113,BOULEVARD DE L HOPITAL,48.8372487,2.3597912,Plein jour,En agglomération,Hors intersection,Normale,Autre collision,4,2,3,-1,2,1,1,0,1,50,1,3,2,0,0,1,53.0,,deux_roues,,1,2,1,1,6
201900036235,2019-12-13 12:00:00,2019,12,13,12,0,75,75113,AVENUE DES GOBELINS,48.834902,2.353182,Plein jour,En agglomération,Intersection en Y,Normale,Deux véhicules - côté,4,2,4,-1,2,1,1,0,1,50,2,2,1,0,0,1,47.0,38.0,voiture,deux_roues,1,2,4,1,3
201900036236,2019-12-13 08:15:00,2019,12,13,8,15,75,75113,RUE LEMAIGNAN,48.824619,2.341552,Nuit avec éclairage allumé,En agglomération,Intersection en T,Pluie légère,Autre collision,4,2,2,0,1,1,2,0,1,50,1,1,0,0,0,1,,,,,5,2,3,2,6
201900036237,2019-12-13 09:45:00,2019,12,13,9,45,75,75113,QUAI D AUSTERLITZ,48.838656,2.372371,Plein jour,En agglomération,Intersection en T,Pluie légère,Deux véhicules - côté,4,2,3,1,1,1,2,0,5,50,2,2,1,0,0,1,22.0,39.0,deux_roues,voiture,1,2,3,2,3
201900036238,2019-12-13 20:15:00,2019,12,13,20,15,75,75108,PLACE DE L ALMA,48.8647409,2.3015183,Nuit avec éclairage allumé,En agglomération,Place,Pluie légère,Autre collision,4,1,4,0,1,3,2,0,1,50,3,2,1,0,0,1,41.0,27.0,transport_commun,deux_roues,5,2,7,2,6
201900036239,2019-12-13 17:00:00,2019,12,13,17,0,75,75108,RUE DE ROME,48.881095,2.321001,Plein jour,En agglomération,Hors intersection,Normale,Deux véhicules - côté,4,2,3,1,1,1,1,0,5,50,2,2,1,0,0,1,68.0,30.0,voiture,deux_roues,1,2,1,1,3
201900036240,2019-12-13 10:15:00,2019,12,13,10,15,75,75108,RUE DE SAINT PETERSBOURG,48.879942,2.324139,Plein jour,En agglomération,Intersection en Y,Pluie légère,Autre collision,4,2,2,0,2,1,2,0,1,50,2,2,1,0,0,1,52.0,,utilitaire_camion,,1,2,4,2,6
201900036241,2019-12-13 09:00:00,2019,12,13,9,0,75,75108,AVENUE DES CHAMPS ELYSEES,48.871844,2.301094,Plein jour,En agglomération,Intersection en T,Pluie légère,Deux véhicules - côté,4,2,6,-1,2,1,3,5,1,50,2,2,1,0,0,1,49.0,24.0,voiture,deux_roues,1,2,3,2,3
201900036242,2019-12-13 10:30:00,2019,12,13,10,30,75,75108,AVENUE HOCHE,48.875524,2.299227,Plein jour,En agglomération,Hors intersection,Normale,Deux véhicules - côté,4,2,2,0,1,1,2,0,1,50,2,2,1,0,0,1,52.0,55.0,deux_roues,deux_roues,1,2,1,1,3
201900036243,2019-12-13 01:35:00,2019,12,13,1,35,75,75108,COURS ALBERT 1ER,48.864618,2.310326,Nuit avec éclairage allumé,En agglomération,Place,Pluie forte,Deux véhicules - côté,4,3,2,0,1,1,2,0,1,50,2,2,1,0,0,1,26.0,59.0,utilitaire_camion,deux_roues,5,2,7,3,3
201900036244,2019-12-13 08:15:00,2019,12,13,8,15,75,75107,RUE LAS CASES,48.858635,2.319824,Plein jour,En agglomération,Intersection en T,Pluie légère,Autre collision,4,1,1,0,1,1,2,0,1,30,1,1,0,0,0,1,46.0,,deux_roues,,1,2,3,2,6
201900036245,2019-12-13 07:20:00,2019,12,13,7,20,75,75104,RUE DE SEVIGNE,48.855434,2.361972,Crépuscule ou aube,En agglomération,Intersection en T,Pluie légère,Autre collision,4,2,2,0,1,1,2,0,1,30,1,2,1,0,0,1,47.0,,voiture,,2,2,3,2,6
201900036246,2019-12-13 07:15:00,2019,12,13,7,15,75,75101,RUE DE L ECHELLE,48.86382,2.334246,Nuit avec éclairage allumé,En agglomération,Intersection en X,Pluie légère,Deux véhicules - arrière,4,2,3,-1,1,1,2,0,1,50,2,2,1,0,0,1,36.0,51.0,utilitaire_camion,deux_roues,5,2,2,2,2
201900036247,2019-12-13 08:15:00,2019,12,13,8,15,75,75104,QUAI DE GESVRES,48.856527,2.3494837,Crépuscule ou aube,En agglomération,Intersection en T,Pluie légère,Deux véhicules - arrière,4,1,4,0,1,1,2,0,1,50,2,2,1,0,0,1,53.0,56.0,deux_roues,voiture,2,2,3,2,2
201900036248,2019-12-13 14:15:00,2019,12,13,14,15,94,94067,MINIMES (AV DES),48.8418433,2.4249637,Plein jour,En agglomération,Autre intersection,Normale,Deux véhicules - côté,3,2,2,0,1,1,1,0,1,50,2,3,1,0,0,2,22.0,34.0,deux_roues,utilitaire_camion,1,2,9,1,3
201900036249,2019-12-13 03:30:00,2019,12,13,3,30,94,94058,HUIT MAI 1945 (AV DU),48.85133,2.51081,Nuit avec éclairage allumé,En agglomération,Intersection en X,Pluie légère,Deux véhicules - côté,3,2,2,0,2,1,2,5,1,50,2,2,1,0,0,1,22.0,42.0,utilitaire_camion,utilitaire_camion,5,2,2,2,3
201900036250,2019-12-12 12:40:00,2019,12,12,12,40,94,94052,JACQUES KABLE (R),48.83558,2.49313,Plein jour,En agglomération,Hors intersection,Pluie forte,Deux véhicules - côté,3,2,2,0,1,1,2,0,3,30,2,2,1,0,0,1,21.0,45.0,voiture,deux_roues,1,2,1,3,3
201900036251,2019-12-13 14:00:00,2019,12,13,14,0,94,94046,JEAN JAURES (R),48.79745,2.43318,Plein jour,En agglomération,Intersection en X,Normale,Deux véhicules - côté,3,2,2,0,1,1,1,5,1,50,2,2,0,0,1,1,55.0,24.0,utilitaire_camion,utilitaire_camion,1,2,2,1,3
201900036252,2019-12-13 19:00:00,2019,12,13,19,0,94,94076,MAXIME GORKI (BD),48.796037,2.368347,Nuit avec éclairage allumé,En agglomération,Intersection en T,Pluie légère,Autre collision,3,2,0,0,1,1,2,0,1,50,2,1,0,0,0,1,,,,,5,2,3,2,6
201900036253,2019-12-13 12:00:00,2019,12,13,12,0,94,94076,MAXIME GORKI (BD),48.7936,2.369,Plein jour,En agglomération,Hors intersection,Pluie légère,Deux véhicules - côté,3,1,4,1,1,1,2,0,5,50,2,1,0,0,0,1,28.0,,deux_roues,,1,2,1,2,3
201900036254,2019-12-12 07:40:00,2019,12,12,7,40,94,94003,DIVISION DU GENERAL LECLERC (R DE LA),48.8042292,2.3377527,Nuit avec éclairage allumé,En agglomération,Hors intersection,Normale,Deux véhicules - côté,4,2,2,0,2,1,1,0,1,50,2,3,2,0,0,1,46.0,45.0,voiture,deux_roues,5,2,1,1,3
201900036255,2019-12-13 12:40:00,2019,12,13,12,40,94,94041,DANIELLE CASANOVA (AV),48.81282,2.38601,Plein jour,En agglomération,Hors intersection,Normale,Deux véhicules - côté,3,2,2,0,1,1,2,0,1,50,2,2,1,0,0,1,53.0,28.0,deux_roues,voiture,1,2,1,1,3
201900036256,2019-12-13 05:40:00,2019,12,13,5,40,94,94038,GENERAL DE GAULLE (AV DU),48.78217,2.34342,Nuit avec éclairage allumé,En agglomération,Hors intersection,Pluie légère,Deux véhicules - arrière,3,1,2,0,1,3,2,0,1,50,2,5,1,0,0,4,44.0,61.0,voiture,voiture,5,2,1,2,2
201900036257,2019-12-12 18:40:00,2019,12,12,18,40,94,94033,MARECHAL JOFFRE (AV DU),48.854,2.47198,Nuit avec éclairage allumé,En agglomération,Intersection en T,Pluie forte,Deux véhicules - côté,4,-1,1,2,2,1,2,0,1,50,2,2,1,0,0,1,71.0,27.0,voiture,deux_roues,5,2,3,3,3
201900036258,2019-12-12 00:00:00,2019,12,12,0,0,94,94028,SAINT SIMON (rue),48.79405,2.44737,Nuit avec éclairage allumé,En agglomération,Autre intersection,Pluie légère,Autre collision,4,2,2,3,1,1,2,9,1,50,1,5,2,0,0,3,32.0,,voiture,,5,2,9,2,6
201900036259,2019-12-13 12:20:00,2019,12,13,12,20,94,94022,VICTOR HUGO (AV),48.76762,2.41733,Plein jour,En agglomération,Hors intersection,Normale,Trois véhicules et plus - en chaîne,3,3,4,0,1,1,1,0,1,50,3,5,4,0,0,1,22.0,53.0,voiture,voiture,1,2,1,1,4
201900036260,2019-12-12 17:50:00,2019,12,12,17,50,94,94019,ARISTIDE BRIAND (R),48.7965,2.5336,Nuit avec éclairage allumé,En agglomération,Hors intersection,Pluie forte,Autre collision,3,2,2,0,1,1,2,0,1,50,1,2,1,0,0,1,90.0,,voiture,,5,2,1,3,6
201900036261,2019-12-13 18:30:00,2019,12,13,18,30,94,94017,STALINGRAD (BD DE),48.8181353,2.5051174,Nuit avec éclairage allumé,En agglomération,Hors intersection,Normale,Deux véhicules - côté,3,2,2,1,1,1,1,0,1,30,2,2,1,0,0,1,37.0,33.0,deux_roues,voiture,5,2,1,1,3
201900036262,2019-12-13 12:50:00,2019,12,13,12,50,93,93070,BLANQUI (RUE),48.906,2.3382,Plein jour,En agglomération,Intersection en X,Normale,Deux véhicules - arrière,4,-1,1,0,1,1,2,0,1,50,2,2,1,0,0,1,22.0,44.0,voiture,utilitaire_camion,1,2,2,1,2
201900036263,2019-12-13 09:50:00,2019,12,13,9,50,93,93070,MICHELET (AVE) : DU 1 AU 103,48.9084,2.3441,Plein jour,En agglomération,Hors intersection,Pluie forte,Deux véhicules - côté,3,1,2,0,1,1,2,0,1,50,2,2,1,0,0,1,59.0,39.0,voiture,deux_roues,1,2,1,3,3
201900036264,2019-12-12 21:45:00,2019,12,12,21,45,93,93070,MICHELET (AVE) : DU 1 AU 103,48.906861,2.344106,Nuit avec éclairage allumé,En agglomération,Hors intersection,Pluie légère,Deux véhicules - côté,3,2,2,1,1,1,2,0,1,50,2,2,1,0,0,1,33.0,40.0,deux_roues,utilitaire_camion,5,2,1,2,3
201900036265,2019-12-12 13:00:00,2019,12,12,13,0,93,93070,MICHELET(AV):N°1AU 103,48.907579,2.344116,Plein jour,En agglomération,Hors intersection,Pluie légère,Deux véhicules - côté,3,2,2,0,1,1,2,0,1,50,2,2,1,0,0,1,23.0,30.0,voiture,deux_roues,1,2,1,2,3
201900036266,2019-12-12 18:30:00,2019,12,12,18,30,93,93066,MICHELS CHARLES,48.93541,2.34377,Nuit sans éclairage public,En agglomération,Hors intersection,Pluie légère,Autre collision,4,2,2,0,1,1,2,9,1,50,1,2,1,0,0,1,26.0,,voiture,,3,2,1,2,6
201900036267,2019-12-12 13:15:00,2019,12,12,13,15,93,93066,BRETONS,48.92076,2.36066,Plein jour,En agglomération,Hors intersection,Pluie légère,Deux véhicules - côté,4,1,1,0,1,1,2,0,1,50,2,2,1,0,0,1,33.0,34.0,deux_roues,voiture,1,2,1,2,3