accident_id,datetime,annee,mois,jour,heure,minute,departement,commune_insee,adresse,latitude,longitude,luminosite,agglomeration,intersection,meteo,collision,catr,circ,nbv,vosp,prof,plan,surf,infra,situ,vma,nb_vehicules,nb_usagers,nb_indemnes,nb_tues,nb_blesses_hosp,nb_blesses_legers,age_cond_1,age_cond_2,veh_type_cond_1,veh_type_cond_2,lum_code,agg_code,int_code,atm_code,col_code
201900036809,2019-06-17 10:55:00,2019,6,17,10,55,58,58194,RAVELIN,46.98762,3.16603,Plein jour,En agglomération,Hors intersection,Normale,Autre collision,4,1,1,0,1,1,1,0,1,50,1,2,1,0,0,1,85.0,,voiture,,1,2,1,1,6
201900036810,2019-06-19 06:08:00,2019,6,19,6,8,57,57306,GAULLE (RUE DE),49.33137,6.0645,Plein jour,En agglomération,Hors intersection,Normale,Deux véhicules - frontale,3,2,2,0,1,1,1,0,1,50,2,2,0,0,0,2,38.0,36.0,voiture,voiture,1,2,1,1,1
201900036811,2019-06-07 18:15:00,2019,6,7,18,15,54,54482,ESSEY (RUE D'),48.70481,6.21419,Plein jour,En agglomération,Intersection en T,Pluie légère,Deux véhicules - côté,4,2,2,0,2,3,1,0,1,50,2,3,1,0,0,2,12.0,34.0,deux_roues,voiture,1,2,3,2,3
201900036812,2019-06-04 11:40:00,2019,6,4,11,40,54,54395,LECLERC (AV. DU GENE,48.68256,6.18436,Plein jour,En agglomération,Intersection en X,Normale,Deux véhicules - arrière,4,2,2,0,1,1,1,0,1,50,2,2,1,0,0,1,41.0,41.0,deux_roues,voiture,1,2,2,1,2
201900036813,2019-05-27 09:30:00,2019,5,27,9,30,54,54395,AUSTRASIE (BOULEVARD),48.69075,6.20191,Plein jour,En agglomération,Intersection en T,Normale,Deux véhicules - côté,4,2,2,0,1,1,1,0,1,50,2,2,1,0,0,1,28.0,45.0,voiture,deux_roues,1,2,3,1,3
201900036814,2019-05-24 18:10:00,2019,5,24,18,10,54,54395,GRIDEL (RUE DE L'ABBE),48.68766,6.16119,Plein jour,En agglomération,Intersection en T,Normale,Deux véhicules - côté,4,1,1,0,3,1,1,0,1,50,2,2,1,0,0,1,21.0,25.0,voiture,voiture,1,2,3,1,3
201900036815,2019-05-21 17:45:00,2019,5,21,17,45,54,54357,RD 400,48.7059,6.1402,Plein jour,En agglomération,Intersection en X,Normale,Deux véhicules - frontale,3,-1,3,0,1,1,1,0,1,50,2,2,1,0,0,1,25.0,44.0,voiture,utilitaire_camion,1,2,2,1,1
201900036816,2019-05-22 16:45:00,2019,5,22,16,45,54,54395,DE LATTRE DE TASSIGNY (AV. MAL),48.683174,6.190451,Plein jour,En agglomération,Hors intersection,Normale,Trois véhicules et plus - collisions multiples,4,-1,1,3,1,1,1,0,1,50,3,3,2,0,1,0,75.0,19.0,voiture,deux_roues,1,2,1,1,5
201900036817,2019-05-22 14:40:00,2019,5,22,14,40,54,54304,RESISTANCE (AV. DE LA -IMPAIR-),48.69457,6.12806,Plein jour,En agglomération,Intersection en T,Normale,Deux véhicules - côté,4,2,2,0,1,1,1,0,1,50,2,3,1,0,0,2,20.0,58.0,voiture,voiture,1,2,3,1,3
201900036818,2019-05-18 15:00:00,2019,5,18,15,0,54,54547,RD 674,48.667113,6.190795,Plein jour,En agglomération,Hors intersection,Normale,Sans collision,4,1,0,0,1,1,1,0,1,50,1,2,0,0,0,2,32.0,,voiture,,1,2,1,1,7
201900036819,2019-05-22 10:00:00,2019,5,22,10,0,54,54395,GAMBETTA (RUE),48.69243,6.18122,Plein jour,En agglomération,Intersection en X,Normale,Sans collision,4,-1,2,0,1,1,1,6,1,50,1,2,1,0,0,1,59.0,,voiture,,1,2,2,1,7
201900036820,2019-06-13 18:35:00,2019,6,13,18,35,54,54184,LECLERC (RUE DU GENERAL),48.70364,6.21945,Plein jour,En agglomération,Intersection en T,Normale,Sans collision,4,2,2,0,1,1,1,0,1,30,1,2,1,0,0,1,71.0,,voiture,,1,2,3,1,7
201900036821,2019-05-24 18:40:00,2019,5,24,18,40,54,54274,FOCH (RUE DU MARECHAL),48.66902,6.2043,Plein jour,En agglomération,Intersection en T,Normale,Sans collision,4,2,2,0,2,3,1,0,1,50,1,2,1,0,1,0,90.0,,voiture,,1,2,3,1,7
201900036822,2019-06-07 18:30:00,2019,6,7,18,30,54,54328,RD570,48.61021,6.17403,Plein jour,Hors agglomération,Hors intersection,Normale,Sans collision,3,2,2,0,1,1,1,0,1,80,1,2,1,0,0,1,68.0,,voiture,,1,1,1,1,7
201900036823,2019-06-21 19:45:00,2019,6,21,19,45,51,51454,BOULEVARD MARCELIN BERTHELOT,49.27181,4.06646,Plein jour,Hors agglomération,Hors intersection,Normale,Trois véhicules et plus - en chaîne,4,2,2,0,1,1,1,0,1,50,3,3,2,0,0,1,53.0,71.0,voiture,voiture,1,1,1,1,4
201900036824,2019-06-20 19:30:00,2019,6,20,19,30,51,51454,BOULEVARD DE LA PAIX,49.257057,4.0393333,Plein jour,En agglomération,Giratoire,Normale,Sans collision,2,2,2,-1,1,3,1,0,1,50,1,2,1,0,0,1,21.0,,voiture,,1,2,6,1,7
201900036825,2019-06-21 03:30:00,2019,6,21,3,30,51,51454,RUE LEON FAUCHER,49.2709573,4.0435589,Nuit avec éclairage allumé,En agglomération,Hors intersection,Normale,Sans collision,4,2,2,0,1,1,1,0,1,50,1,1,0,0,0,1,25.0,,voiture,,5,2,1,1,7
201900036826,2019-06-15 19:05:00,2019,6,15,19,5,51,51431,RUE PASTEUR,49.0200653,3.9486975,Plein jour,En agglomération,Autre intersection,Normale,Deux véhicules - frontale,4,2,2,0,2,4,1,0,1,50,2,5,1,0,0,4,28.0,55.0,voiture,voiture,1,2,9,1,1
201900036827,2019-06-20 17:50:00,2019,6,20,17,50,50,50502,CANDOL (lieu dit),49.093138,-1.117429,Plein jour,Hors agglomération,Intersection en T,Normale,Deux véhicules - côté,3,2,2,0,4,2,1,0,1,70,2,2,1,0,0,1,19.0,59.0,voiture,voiture,1,1,3,1,3
201900036828,2019-06-20 12:20:00,2019,6,20,12,20,50,50502,CINQ CHEMINS (RUE DES),49.09957,-1.08052,Plein jour,Hors agglomération,Giratoire,Normale,Deux véhicules - arrière,4,2,2,0,1,1,1,5,1,50,2,2,1,0,0,1,42.0,16.0,utilitaire_camion,deux_roues,1,1,6,1,2
201900036829,2019-06-19 18:20:00,2019,6,19,18,20,50,50602,HAMEAU (RUE DU),49.62923,-1.5863,Plein jour,En agglomération,Hors intersection,Normale,Sans collision,4,2,2,0,2,2,1,0,1,50,1,1,0,0,0,1,71.0,,voiture,,1,2,1,1,7
201900036830,2019-06-19 15:53:00,2019,6,19,15,53,49,49007,JUSTICES PLACE,47.45299,-0.52632,Plein jour,En agglomération,Hors intersection,Normale,Autre collision,4,2,2,0,1,1,1,0,1,30,2,2,1,0,0,1,70.0,15.0,voiture,deux_roues,1,2,1,1,6
201900036831,2019-06-12 18:30:00,2019,6,12,18,30,47,47323,66 FUMEL(AVENUE DE ),44.40839,0.72533,Plein jour,En agglomération,Hors intersection,Normale,Autre collision,3,2,2,0,2,1,1,5,1,30,1,2,1,0,1,0,61.0,,voiture,,1,2,1,1,6
201900036832,2019-06-22 20:00:00,2019,6,22,20,0,45,45075,R DES BAS CHAMPS - R DE L AQUITAINE,47.90048,1.85326,Plein jour,En agglomération,Intersection en T,Normale,Deux véhicules - côté,4,3,4,0,1,1,1,5,1,50,2,2,0,0,0,2,26.0,32.0,voiture,voiture,1,2,3,1,3
201900036833,2019-06-21 13:30:00,2019,6,21,13,30,45,45234,131 BD DE CHATEAUDUN,47.9123187,1.8942288,Plein jour,En agglomération,Intersection en T,Normale,Deux véhicules - côté,4,-1,2,1,1,1,1,0,5,50,2,2,1,0,0,1,57.0,29.0,deux_roues,deux_roues,1,2,3,1,3
201900036834,2019-06-21 10:03:00,2019,6,21,10,3,45,45234,RUE LEOPOLD SEDAR SENGHOR,47.83792,1.93001,Plein jour,En agglomération,Hors intersection,Normale,Deux véhicules - côté,4,2,2,0,1,2,1,0,1,50,2,4,1,0,0,3,34.0,35.0,voiture,voiture,1,2,1,1,3
201900036835,2019-06-21 10:25:00,2019,6,21,10,25,44,44162,PERIPHERIQUE,47.24945,-1.62072,Plein jour,Hors agglomération,Hors intersection,Normale,Deux véhicules - arrière,2,-1,0,0,1,1,1,0,1,90,2,2,1,0,0,1,39.0,29.0,deux_roues,voiture,1,1,1,1,2
201900036836,2019-06-21 17:50:00,2019,6,21,17,50,42,42184,VAGNERON LIEUTENANT (RUE),46.04239,4.05098,Plein jour,En agglomération,Intersection en T,Autre,Deux véhicules - côté,4,2,1,0,2,1,2,0,1,50,2,3,1,0,0,2,70.0,16.0,voiture,deux_roues,1,2,3,9,3
201900036837,2019-06-22 10:15:00,2019,6,22,10,15,41,41269,INDUSTRIE (BOULEVARD DE L'),47.80059,1.0474,Plein jour,En agglomération,Autre intersection,Normale,Deux véhicules - côté,9,4,1,0,1,3,1,0,1,50,2,2,1,0,0,1,76.0,83.0,deux_roues,voiture,1,2,9,1,3
201900036838,2019-06-19 14:00:00,2019,6,19,14,0,39,39198,WILSON (BOULEVARD DU PRESIDENT) DE PAIX,47.093,5.4973,Plein jour,En agglomération,Hors intersection,Normale,Deux véhicules - arrière,4,2,2,0,1,1,1,0,1,50,2,2,1,0,1,0,33.0,18.0,voiture,deux_roues,1,2,1,1,2
201900036839,2019-06-22 14:00:00,2019,6,22,14,0,38,38563,CHARAVINES (BOULEVARD DE),45.37956,5.57157,Plein jour,Hors agglomération,Hors intersection,Normale,Sans collision,4,2,2,0,2,2,1,0,1,50,1,1,0,0,1,0,19.0,,deux_roues,,1,1,1,1,7
201900036840,2019-06-22 11:50:00,2019,6,22,11,50,37,37261,BOYER (RUE LEON),47.3904622,0.6741014,Plein jour,En agglomération,Hors intersection,Normale,Autre collision,6,-1,-1,0,1,1,1,0,1,30,1,2,1,0,0,1,54.0,,voiture,,1,2,1,1,6
201900036841,2019-06-21 20:09:00,2019,6,21,20,9,37,37261,PROUDHON (AVENUE),47.3951472,0.6730088,Plein jour,En agglomération,Hors intersection,Normale,Sans collision,4,2,3,0,1,1,1,0,1,50,1,1,0,0,0,1,46.0,,deux_roues,,1,2,1,1,7
201900036842,2019-06-21 08:00:00,2019,6,21,8,0,37,37261,LAPIERRE (RUE GEORGES),47.3916999,0.6709925,Plein jour,En agglomération,Hors intersection,Normale,Deux véhicules - côté,4,1,1,0,1,1,1,0,1,50,2,2,1,0,0,1,64.0,14.0,voiture,deux_roues,1,2,1,1,3
201900036843,2019-06-20 14:42:00,2019,6,20,14,42,37,37261,MAGINOT (AV. ANDRE),47.412,0.685,Plein jour,En agglomération,Hors intersection,Normale,Sans collision,4,2,2,0,1,1,1,0,1,50,1,1,0,0,0,1,34.0,,deux_roues,,1,2,1,1,7
201900036844,2019-06-20 09:45:00,2019,6,20,9,45,37,37261,JEMMAPES (RUE),47.4200194,0.6839847,Plein jour,En agglomération,Intersection en X,Normale,Deux véhicules - côté,4,2,2,3,1,1,1,0,1,50,2,2,1,0,0,1,37.0,17.0,utilitaire_camion,deux_roues,1,2,2,1,3
201900036845,2019-06-19 13:42:00,2019,6,19,13,42,36,36159,ROUTE DE MONTLUCON,46.79554,1.73258,Plein jour,En agglomération,Giratoire,Normale,Autre collision,3,-1,2,0,1,2,1,5,8,50,1,4,1,0,0,3,86.0,,voiture,,1,2,6,1,6
201900036846,2019-06-18 18:28:00,2019,6,18,18,28,36,36159,17 ROUTE DU GRAND EPOT,46.7660191,1.7067007,Plein jour,En agglomération,Hors intersection,Normale,Deux véhicules - côté,4,2,2,0,1,1,1,0,1,50,2,2,0,0,0,2,68.0,16.0,voiture,deux_roues,1,2,1,1,3
201900036847,2019-06-18 18:20:00,2019,6,18,18,20,36,36044,ROUTE DE VELLES/RUE DES MERAUDES,46.7855357,1.6905561,Plein jour,En agglomération,Intersection en T,Normale,Deux véhicules - côté,3,2,2,0,1,1,1,0,1,80,2,2,1,0,0,1,41.0,37.0,deux_roues,voiture,1,2,3,1,3
201900036848,2019-06-18 11:31:00,2019,6,18,11,31,36,36044,RD 920,46.8025794,1.7407159,Plein jour,En agglomération,Hors intersection,Normale,Deux véhicules - frontale,3,2,2,0,1,1,1,0,1,70,2,2,0,0,1,1,43.0,71.0,voiture,voiture,1,2,1,1,1
201900036849,2019-06-17 17:03:00,2019,6,17,17,3,36,36044,132 AVENUE DE BLOIS,46.82412,1.68246,Plein jour,En agglomération,Hors intersection,Normale,Deux véhicules - côté,4,2,2,0,1,1,1,0,4,50,2,3,1,0,0,2,56.0,17.0,utilitaire_camion,deux_roues,1,2,1,1,3
201900036850,2019-06-19 10:00:00,2019,6,19,10,0,35,35299,DOUETS LES PETITS (LIEU DIT),48.65351,-1.94746,Plein jour,En agglomération,Intersection en T,Normale,Deux véhicules - côté,3,-1,2,0,1,1,1,0,1,80,2,2,1,0,1,0,89.0,72.0,voiture,voiture,1,2,3,1,3
201900036851,2019-06-22 02:30:00,2019,6,22,2,30,35,35238,MITTERAND (MAIL FRANCOIS),48.1089861,-1.691068,Nuit sans éclairage public,En agglomération,Hors intersection,Normale,Sans collision,4,2,2,0,1,1,1,0,1,50,1,1,0,0,0,1,39.0,,autre,,3,2,1,1,7
201900036852,2019-06-22 00:25:00,2019,6,22,0,25,35,35238,DE LATTRE DE TASSIGNY (BD MARECHAL),48.12005,-1.68387,Nuit sans éclairage public,En agglomération,Hors intersection,Normale,Sans collision,4,1,1,0,1,1,1,0,1,50,1,1,0,0,0,1,47.0,,voiture,,3,2,1,1,7
201900036853,2019-06-21 12:50:00,2019,6,21,12,50,35,35238,PORTE DE BREST,48.120317,-1.720263,Plein jour,Hors agglomération,Autre intersection,Normale,Autre collision,2,1,1,0,2,3,1,3,1,50,1,1,0,0,0,1,25.0,,deux_roues,,1,1,9,1,6
201900036854,2019-06-21 08:40:00,2019,6,21,8,40,35,35051,PORTE DE LA RIGOURDIERE,48.103997,-1.604982,Plein jour,Hors agglomération,Hors intersection,Normale,Deux véhicules - arrière,2,3,4,0,1,1,1,0,1,90,2,2,1,0,0,1,31.0,32.0,deux_roues,utilitaire_camion,1,1,1,1,2
201900036855,2019-06-21 09:00:00,2019,6,21,9,0,35,35238,LECLERC (AVENUE DU GENERAL),48.11475,-1.65262,Plein jour,En agglomération,Intersection en T,Temps éblouissant,Deux véhicules - frontale,4,-1,2,0,2,1,1,5,1,50,2,2,1,0,0,1,30.0,53.0,deux_roues,voiture,1,2,3,7,1
201900036856,2019-06-20 19:30:00,2019,6,20,19,30,35,35238,BOURGEOIS (BOULEVARD LEON),48.0989095,-1.6535806,Plein jour,En agglomération,Hors intersection,Normale,Trois véhicules et plus - en chaîne,4,2,2,1,1,1,1,0,1,50,3,5,2,0,0,3,20.0,24.0,voiture,voiture,1,2,1,1,4
201900036857,2019-06-21 20:35:00,2019,6,21,20,35,34,34172,PAVELET (AVENUE DU COLONEL),43.58493,3.86034,Plein jour,En agglomération,Intersection en X,Normale,Trois véhicules et plus - collisions multiples,3,4,4,0,1,1,1,5,1,50,3,3,2,0,0,1,56.0,39.0,deux_roues,voiture,1,2,2,1,5
201900036858,2019-06-21 16:45:00,2019,6,21,16,45,34,34172,MONDIAL 98 (AVENUE DU),43.6033,3.90647,Plein jour,En agglomération,Giratoire,Normale,Deux véhicules - arrière,3,2,2,0,1,2,1,5,1,50,2,2,1,0,0,1,41.0,32.0,deux_roues,voiture,1,2,6,1,2
201900036859,2019-06-20 09:25:00,2019,6,20,9,25,34,34172,LODEVE (AVENUE DE,43.61485,3.83154,Plein jour,En agglomération,Hors intersection,Normale,Sans collision,4,4,1,0,1,1,9,8,1,50,1,2,1,0,0,1,21.0,,utilitaire_camion,,1,2,1,1,7
201900036860,2019-06-19 18:15:00,2019,6,19,18,15,34,34172,LODEVE (AVENUE DE,43.6119993,3.8460088,Plein jour,En agglomération,Autre intersection,Normale,Autre collision,9,2,2,0,1,1,1,0,1,30,1,2,1,0,0,1,31.0,,voiture,,1,2,9,1,6
201900036861,2019-06-22 11:30:00,2019,6,22,11,30,33,33318,AVE DU HAUT LEVEQUE,44.78129,-0.64974,Plein jour,En agglomération,Giratoire,Normale,Autre collision,4,3,4,2,1,1,1,0,1,50,1,3,2,0,1,0,60.0,,voiture,,1,2,6,1,6
201900036862,2019-06-21 15:55:00,2019,6,21,15,55,33,33249,ROUTE D'YVRAC,44.87878,-0.50099,Plein jour,En agglomération,Hors intersection,Pluie légère,Deux véhicules - frontale,4,2,2,0,2,3,2,0,1,50,2,2,0,0,0,2,43.0,29.0,voiture,voiture,1,2,1,2,1
201900036863,2019-06-20 17:35:00,2019,6,20,17,35,33,33200,Av du Médoc / D2215,44.89344,-0.66903,Plein jour,Hors agglomération,Intersection en X,Normale,Deux véhicules - arrière,4,3,2,0,2,1,1,0,1,50,2,2,1,0,0,1,24.0,57.0,voiture,transport_commun,1,1,2,1,2
201900036864,2019-06-20 16:50:00,2019,6,20,16,50,33,33318,AVE JEAN JAURES,44.80687,-0.62806,Plein jour,En agglomération,Intersection en X,Normale,Deux véhicules - côté,4,2,5,0,1,1,1,0,1,50,2,3,2,0,0,1,48.0,57.0,deux_roues,voiture,1,2,2,1,3
201900036865,2019-06-12 17:30:00,2019,6,12,17,30,33,33063,PCE DE STALINGRAD,44.840558,-0.559069,Plein jour,En agglomération,Intersection en T,Normale,Deux véhicules - arrière,4,1,3,0,2,1,1,0,1,30,2,2,1,0,1,0,49.0,17.0,deux_roues,deux_roues,1,2,3,1,2
201900036866,2019-06-20 08:35:00,2019,6,20,8,35,33,33063,AVE DU MAL DE LATTRE DE TASSIGNY CAUD.,44.85758,-0.62141,Plein jour,En agglomération,Hors intersection,Normale,Autre collision,4,3,0,1,1,1,1,0,1,50,1,2,1,0,1,0,33.0,,deux_roues,,1,2,1,1,6
201900036867,2019-06-19 23:50:00,2019,6,19,23,50,33,33063,BD DU PDT FRANKLIN ROOSEVELT,44.81478,-0.57264,Nuit avec éclairage allumé,En agglomération,Intersection en X,Normale,Deux véhicules - côté,4,2,7,0,1,1,1,0,1,50,2,2,1,0,0,1,57.0,24.0,voiture,voiture,5,2,2,1,3
201900036868,2019-06-16 08:50:00,2019,6,16,8,50,33,33039,AVE JEANNE D'ARC / RUE LOUIS DE RICHEMOND,44.80065,-0.54392,Plein jour,En agglomération,Intersection en T,Normale,Deux véhicules - frontale,4,2,2,0,1,1,1,0,1,30,2,2,1,1,0,0,60.0,26.0,deux_roues,voiture,1,2,3,1,1
201900036869,2019-06-21 14:00:00,2019,6,21,14,0,33,33529,BISCAROSSE (AVE) DUNE VERS BISCA,44.50561,-1.23467,Plein jour,Hors agglomération,Hors intersection,Pluie légère,Autre collision,3,2,2,0,1,1,2,0,1,80,1,1,0,0,1,0,20.0,,voiture,,1,1,1,2,6
201900036870,2019-06-18 16:00:00,2019,6,18,16,0,33,33529,230 rue ABBE EDME MARIOTE,44.60762,-1.12225,Plein jour,En agglomération,Hors intersection,Normale,Autre collision,4,2,2,0,1,1,1,0,1,50,1,3,1,0,1,1,45.0,,voiture,,1,2,1,1,6
201900036871,2019-06-21 02:00:00,2019,6,21,2,0,31,31555,AV DES MINIMES,43.61834,1.43647,Nuit avec éclairage allumé,En agglomération,Hors intersection,Normale,Autre collision,4,2,2,0,1,1,1,0,1,50,1,2,1,0,0,1,66.0,,voiture,,5,2,1,1,6
201900036872,2019-06-20 10:40:00,2019,6,20,10,40,31,31555,BD DE LA MEDITERRANEE,43.5821,1.46307,Plein jour,En agglomération,Hors intersection,Normale,Autre collision,4,2,2,0,1,1,1,0,1,50,1,2,1,0,1,0,42.0,,deux_roues,,1,2,1,1,6
201900036873,2019-06-20 08:55:00,2019,6,20,8,55,31,31555,VA007331 A620,43.58686,1.40135,Plein jour,Hors agglomération,Hors intersection,Normale,Deux véhicules - arrière,1,3,5,3,1,1,1,0,1,80,2,2,1,0,0,1,55.0,19.0,voiture,deux_roues,1,1,1,1,2
201900036874,2019-06-20 08:00:00,2019,6,20,8,0,31,31555,AV DE RANGUEIL,43.56935,1.4655,Plein jour,En agglomération,Hors intersection,Normale,Autre collision,4,2,2,0,1,1,1,0,1,50,1,1,0,0,0,1,,,,,1,2,1,1,6
201900036875,2019-06-18 22:00:00,2019,6,18,22,0,31,31555,RTE DE LAUNAGUET,43.63536,1.43824,Nuit avec éclairage allumé,En agglomération,Hors intersection,Normale,Sans collision,3,2,2,1,1,3,1,0,1,50,1,1,0,1,0,0,46.0,,voiture,,5,2,1,1,7
201900036876,2019-06-19 18:10:00,2019,6,19,18,10,31,31483,FRANCOIS MITTERAND ( AVENUE),43.11024,0.7339,Plein jour,En agglomération,Hors intersection,Normale,Deux véhicules - côté,3,2,2,0,1,1,1,0,1,50,2,2,1,0,0,1,67.0,36.0,deux_roues,voiture,1,2,1,1,3
201900036877,2019-06-21 18:50:00,2019,6,21,18,50,29,29019,SEMARD PIERRE,48.3943648,-4.468514,Crépuscule ou aube,En agglomération,Hors intersection,Normale,Deux véhicules - côté,4,2,2,0,2,1,1,2,1,50,2,2,1,0,0,1,27.0,40.0,voiture,deux_roues,2,2,1,1,3
201900036878,2019-06-21 15:40:00,2019,6,21,15,40,29,29019,RN 12 (PEN AR CH'LEUZ A PONT DESFOSSES),48.41537,-4.47952,Plein jour,Hors agglomération,Hors intersection,Temps couvert,Trois véhicules et plus - en chaîne,3,2,4,0,1,1,1,0,1,70,3,3,1,0,0,2,21.0,50.0,voiture,voiture,1,1,1,8,4
201900036879,2019-06-21 11:45:00,2019,6,21,11,45,27,27562,PRES (RUE DES),49.10031,1.44805,Plein jour,En agglomération,Intersection en Y,Normale,Deux véhicules - côté,4,2,2,0,1,1,1,0,1,50,2,3,2,0,0,1,43.0,72.0,voiture,deux_roues,1,2,4,1,3
201900036880,2019-06-21 18:00:00,2019,6,21,18,0,26,26058,CHAPON RUE HUBERT,44.94069,4.89972,Plein jour,En agglomération,Hors intersection,Normale,Deux véhicules - côté,4,1,1,0,1,1,1,0,1,50,2,3,2,0,1,0,32.0,21.0,voiture,deux_roues,1,2,1,1,3
201900036881,2019-06-21 14:23:00,2019,6,21,14,23,26,26281,DORMOY MARX (BOULEVARD),45.04735,5.05498,Plein jour,En agglomération,Hors intersection,Normale,Autre collision,4,1,2,0,1,1,1,0,1,30,1,2,1,0,0,1,24.0,,deux_roues,,1,2,1,1,6
201900036882,2019-06-18 20:20:00,2019,6,18,20,20,24,24322,SEMARD (RUE PIERRE),45.19645,0.70162,Plein jour,En agglomération,Intersection en T,Normale,Deux véhicules - côté,3,2,2,0,1,1,1,4,1,50,2,2,1,0,1,0,55.0,17.0,voiture,deux_roues,1,2,3,1,3
201900036883,2019-06-20 17:50:00,2019,6,20,17,50,19,19031,LEPINAY (RUE DE),45.15633,1.5263,Plein jour,En agglomération,Intersection en Y,Normale,Deux véhicules - côté,4,1,1,0,1,1,1,0,1,50,2,2,1,0,0,1,17.0,65.0,deux_roues,voiture,1,2,4,1,3
201900036884,2019-06-19 17:15:00,2019,6,19,17,15,19,19031,"""MOULIN (BOULEVARD JEAN) COTE """"LES CEDR",45.16292,1.50279,Plein jour,En agglomération,Intersection en X,Normale,Deux véhicules - côté,4,2,2,0,1,1,1,0,1,50,2,4,1,0,0,3,42.0,73.0,voiture,voiture,1,2,2,1,3
201900036885,2019-06-21 17:13:00,2019,6,21,17,13,17,17300,SAUTEL  BOULEVARD ANDRE,46.1673,-1.13471,Plein jour,En agglomération,Hors intersection,Normale,Trois véhicules et plus - en chaîne,4,2,4,0,4,1,1,0,1,50,3,3,2,0,0,1,49.0,49.0,voiture,voiture,1,2,1,1,4
201900036886,2019-06-20 18:45:00,2019,6,20,18,45,17,17200,NICOLLE   RUE CHARLES,46.1852,-1.1537,Plein jour,En agglomération,Hors intersection,Normale,Deux véhicules - côté,4,2,2,0,1,1,1,0,1,30,2,2,1,0,1,0,74.0,55.0,deux_roues,voiture,1,2,1,1,3
201900036887,2019-06-20 09:20:00,2019,6,20,9,20,17,17028,GRASSET   AVENUE EDMOND,46.13207,-1.1091,Plein jour,En agglomération,Hors intersection,Normale,Deux véhicules - arrière,4,2,2,0,1,1,1,0,1,30,2,2,0,0,0,2,71.0,53.0,voiture,voiture,1,2,1,1,2
201900036888,2019-06-21 17:25:00,2019,6,21,17,25,17,17299,LIBERATION AVENUE DE LA,45.94952,-0.94772,Plein jour,En agglomération,Intersection en T,Normale,Deux véhicules - côté,4,2,2,0,1,1,1,5,1,50,2,2,1,0,1,0,37.0,76.0,deux_roues,voiture,1,2,3,1,3
201900036889,2019-06-22 03:00:00,2019,6,22,3,0,14,14069,BEAU SITE,49.13294,0.23635,Nuit sans éclairage public,En agglomération,Hors intersection,Normale,Autre collision,3,1,1,0,2,2,1,3,1,50,1,2,1,0,0,1,20.0,,voiture,,3,2,1,1,6
201900036890,2019-06-17 03:50:00,2019,6,17,3,50,14,14118,GEOLE (RUE DE),49.18548,-0.36505,Nuit avec éclairage allumé,En agglomération,Hors intersection,Normale,Sans collision,4,2,2,-1,1,1,1,0,1,-1,1,1,0,0,0,1,84.0,,deux_roues,,5,2,1,1,7
201900036891,2019-06-21 17:10:00,2019,6,21,17,10,14,14118,AUGE (RUE D'),49.18633,-0.37915,Plein jour,En agglomération,Hors intersection,Normale,Trois véhicules et plus - en chaîne,4,2,2,0,2,1,1,0,1,50,3,3,2,0,0,1,39.0,61.0,voiture,voiture,1,2,1,1,4
201900036892,2019-06-20 18:14:00,2019,6,20,18,14,14,14587,ECHANGEUR N° 8 ( PORTE DU BESSIN ),49.191,-0.417,Plein jour,En agglomération,Hors intersection,Normale,Trois véhicules et plus - en chaîne,4,1,1,-1,1,3,1,0,1,-1,3,4,3,0,0,1,33.0,51.0,voiture,voiture,1,2,1,1,4
201900036893,2019-06-20 16:05:00,2019,6,20,16,5,14,14118,BAYEUX (RUE DU143 IMPAIR . 160 PAIR,49.1847,-0.39403,Plein jour,En agglomération,Hors intersection,Normale,Deux véhicules - arrière,4,2,3,0,1,1,1,0,1,50,2,2,1,0,0,1,33.0,45.0,deux_roues,voiture,1,2,1,1,2
201900036894,2019-06-21 17:05:00,2019,6,21,17,5,13,13103,AVENUE DE WERTHEIM,43.64744,5.09409,Plein jour,En agglomération,Hors intersection,Normale,Autre collision,4,2,3,0,1,1,1,0,1,50,2,2,1,0,1,0,61.0,60.0,deux_roues,voiture,1,2,1,1,6
201900036895,2019-06-20 15:37:00,2019,6,20,15,37,13,13039,POMPIDOU GEORGES (avenue),43.451549,4.939511,Plein jour,En agglomération,Hors intersection,Normale,Autre collision,4,2,2,0,1,1,1,0,1,50,1,2,1,0,1,0,71.0,,voiture,,1,2,1,1,6
201900036896,2019-06-22 13:45:00,2019,6,22,13,45,13,13211,SABLIERE (ROUTE DE LA),43.294089,5.480621,Plein jour,En agglomération,Hors intersection,Normale,Deux véhicules - côté,4,1,2,0,2,3,1,0,1,50,2,2,1,0,0,1,43.0,24.0,voiture,deux_roues,1,2,1,1,3
201900036897,2019-06-22 00:30:00,2019,6,22,0,30,13,13208,PRADO (contre allée),43.26204,5.37541,Nuit avec éclairage allumé,En agglomération,Hors intersection,Normale,Autre collision,4,1,1,0,1,1,1,0,1,50,1,2,1,0,0,1,28.0,,voiture,,5,2,1,1,6
201900036898,2019-06-21 23:50:00,2019,6,21,23,50,13,13201,SAINTE BARBE (RUE),43.29948,5.37427,Nuit avec éclairage allumé,En agglomération,Hors intersection,Normale,Autre collision,4,2,4,3,2,1,1,0,1,50,1,3,1,0,0,2,23.0,,voiture,,5,2,1,1,6
201900036899,2019-06-21 20:00:00,2019,6,21,20,0,13,13210,ARGILE (CHEMIN DE L'),43.28079,5.3964,Plein jour,En agglomération,Intersection en T,Normale,Deux véhicules - côté,4,1,2,0,2,1,1,0,1,50,2,2,0,0,2,0,25.0,33.0,deux_roues,deux_roues,1,2,3,1,3
201900036900,2019-06-21 20:30:00,2019,6,21,20,30,13,13208,ALEXANDRE DUMAS (RUE),43.26323,5.38873,Plein jour,En agglomération,Intersection en T,Normale,Deux véhicules - côté,4,2,2,0,1,1,1,0,1,50,2,1,0,0,0,1,33.0,,voiture,,1,2,3,1,3