accident_id,datetime,annee,mois,jour,heure,minute,departement,commune_insee,adresse,latitude,longitude,luminosite,agglomeration,intersection,meteo,collision,catr,circ,nbv,vosp,prof,plan,surf,infra,situ,vma,nb_vehicules,nb_usagers,nb_indemnes,nb_tues,nb_blesses_hosp,nb_blesses_legers,age_cond_1,age_cond_2,veh_type_cond_1,veh_type_cond_2,lum_code,agg_code,int_code,atm_code,col_code
201900037174,2019-01-12 16:40:00,2019,1,12,16,40,5,05061,RN 85,44.58387,6.08221,Plein jour,Hors agglomération,Hors intersection,Normale,Deux véhicules - frontale,2,2,2,0,2,1,1,0,1,80,2,3,0,0,0,3,35.0,78.0,voiture,voiture,1,1,1,1,1
201900037175,2019-01-18 14:50:00,2019,1,18,14,50,5,05023,FONTENIL (ROUTE DU),44.90308,6.65347,Plein jour,En agglomération,Hors intersection,Normale,Sans collision,3,2,2,0,2,1,7,0,1,50,1,1,0,0,0,1,64.0,,deux_roues,,1,2,1,1,7
201900037176,2019-01-18 17:30:00,2019,1,18,17,30,4,04112,RD 907 / RD 6,43.83241,5.76261,Plein jour,Hors agglomération,Intersection en T,Normale,Deux véhicules - côté,3,2,2,0,2,3,1,0,1,80,2,4,3,0,1,0,19.0,76.0,voiture,voiture,1,1,3,1,3
201900037177,2019-01-15 16:55:00,2019,1,15,16,55,4,04070,RP Mc Donald,44.0771899,6.1871239,Crépuscule ou aube,En agglomération,Giratoire,Normale,Deux véhicules - côté,4,1,1,0,1,2,1,0,1,50,2,2,1,0,1,0,70.0,62.0,deux_roues,voiture,2,2,6,1,3
201900037178,2019-01-18 16:00:00,2019,1,18,16,0,2,02408,SAINT MARCEL (RAMPE),49.56672,3.61803,Plein jour,En agglomération,Hors intersection,Normale,Autre collision,4,2,2,0,2,3,1,0,1,50,1,1,0,0,0,1,20.0,,voiture,,1,2,1,1,6
201900037179,2019-01-16 19:10:00,2019,1,16,19,10,75,75113,PORTE D ITALIE,48.81612,2.359911,Nuit avec éclairage allumé,En agglomération,Hors intersection,Normale,Trois véhicules et plus - collisions multiples,4,1,4,0,1,1,1,0,1,70,3,3,2,0,0,1,19.0,27.0,deux_roues,deux_roues,5,2,1,1,5
201900037180,2019-01-20 04:05:00,2019,1,20,4,5,75,75104,QUAI DES CELESTINS,48.851355,2.361406,Nuit avec éclairage allumé,En agglomération,Hors intersection,Temps couvert,Autre collision,4,1,3,0,1,3,2,0,1,50,1,1,0,0,1,0,33.0,,deux_roues,,5,2,1,8,6
201900037181,2019-01-19 21:05:00,2019,1,19,21,5,75,75114,RUE D ALESIA,48.832737,2.31154,Nuit avec éclairage allumé,En agglomération,Intersection en X,Normale,Deux véhicules - côté,4,2,4,0,1,1,1,0,1,30,2,2,1,0,0,1,59.0,22.0,voiture,deux_roues,5,2,2,1,3
201900037182,2019-01-19 00:01:00,2019,1,19,0,1,75,75106,BOULEVARD SAINT MICHEL,48.850356,2.342589,Nuit avec éclairage allumé,En agglomération,Intersection à plus de 4 branches,Normale,Deux véhicules - côté,4,4,4,0,2,1,1,0,1,30,2,2,1,0,0,1,22.0,38.0,deux_roues,voiture,5,2,5,1,3
201900037183,2019-01-18 16:00:00,2019,1,18,16,0,75,75105,BOULEVARD SAINT MICHEL,48.84754,2.340972,Plein jour,En agglomération,Hors intersection,Normale,Sans collision,4,2,4,0,2,1,1,0,1,50,1,1,0,0,0,1,38.0,,deux_roues,,1,2,1,1,7
201900037184,2019-01-17 10:50:00,2019,1,17,10,50,75,75105,BOULEVARD SAINT MICHEL,48.84734,2.340844,Plein jour,En agglomération,Intersection en T,Normale,Deux véhicules - arrière,4,2,2,0,2,1,1,0,1,50,2,2,1,0,0,1,47.0,80.0,voiture,deux_roues,1,2,3,1,2
201900037185,2019-01-20 21:10:00,2019,1,20,21,10,75,75120,RUE DE MENILMONTANT,48.869525,2.393159,Nuit avec éclairage allumé,En agglomération,Intersection en T,Normale,Autre collision,4,2,2,0,2,1,1,0,1,30,1,2,0,0,0,2,31.0,,deux_roues,,5,2,3,1,6
201900037186,2019-01-20 12:35:00,2019,1,20,12,35,75,75120,RUE DE BELLEVILLE,48.874685,2.387779,Plein jour,En agglomération,Intersection en T,Temps couvert,Deux véhicules - arrière,4,2,2,0,2,1,2,0,1,50,2,2,1,0,0,1,30.0,30.0,deux_roues,voiture,1,2,3,8,2
201900037187,2019-01-20 12:15:00,2019,1,20,12,15,75,75120,RUE DES PYRENEES,48.85541,2.405298,Plein jour,En agglomération,Intersection en T,Normale,Autre collision,4,2,3,0,2,1,1,0,1,50,1,2,1,0,0,1,20.0,,deux_roues,,1,2,3,1,6
201900037188,2019-01-18 23:05:00,2019,1,18,23,5,75,75120,RUE DE LA PLAINE,48.849957,2.402255,Nuit avec éclairage allumé,En agglomération,Intersection en X,Normale,Deux véhicules - côté,4,1,2,0,1,1,1,0,1,30,2,3,2,0,0,1,24.0,57.0,voiture,deux_roues,5,2,2,1,3
201900037189,2019-01-16 13:10:00,2019,1,16,13,10,75,75120,AVENUE GAMBETTA,48.872511,2.404709,Plein jour,En agglomération,Hors intersection,Normale,Autre collision,4,2,3,0,1,1,1,0,1,50,1,1,0,0,0,1,22.0,,deux_roues,,1,2,1,1,6
201900037190,2019-01-16 11:30:00,2019,1,16,11,30,75,75120,RUE DE LAGNY,48.84902,2.409227,Plein jour,En agglomération,Intersection en X,Normale,Deux véhicules - côté,4,1,1,0,1,1,1,0,1,50,2,2,1,0,0,1,27.0,61.0,deux_roues,utilitaire_camion,1,2,2,1,3
201900037191,2019-01-19 05:10:00,2019,1,19,5,10,75,75119,AVENUE JEAN JAURES,48.888778,2.393079,Nuit avec éclairage allumé,En agglomération,Intersection en X,Normale,Deux véhicules - arrière,4,3,3,0,1,1,1,0,1,50,2,3,2,0,0,1,34.0,19.0,voiture,voiture,5,2,2,1,2
201900037192,2019-01-20 06:05:00,2019,1,20,6,5,75,75118,RUE DE CLIGNANCOURT,48.891948,2.348782,Nuit avec éclairage allumé,En agglomération,Hors intersection,Pluie légère,Autre collision,4,1,1,0,1,1,2,0,1,50,1,2,1,0,0,1,24.0,,voiture,,5,2,1,2,6
201900037193,2019-01-17 14:15:00,2019,1,17,14,15,75,75118,BOULEVARD NEY,48.898595,2.363305,Plein jour,En agglomération,Hors intersection,Normale,Sans collision,4,1,1,1,1,1,1,0,1,50,1,1,0,0,0,1,22.0,,deux_roues,,1,2,1,1,7
201900037194,2019-01-16 18:30:00,2019,1,16,18,30,75,75118,RUE ORDENER,48.890406,2.355828,Nuit avec éclairage allumé,En agglomération,Intersection en X,Normale,Deux véhicules - côté,4,2,2,0,1,1,1,0,1,50,2,2,1,0,0,1,30.0,33.0,deux_roues,voiture,5,2,2,1,3
201900037195,2019-01-18 20:15:00,2019,1,18,20,15,75,75117,BOULEVARD DE LA SOMME,48.886003,2.289089,Nuit avec éclairage allumé,En agglomération,Place,Normale,Autre collision,4,1,2,0,1,2,1,0,1,30,1,2,1,0,0,1,47.0,,voiture,,5,2,7,1,6
201900037196,2019-01-17 11:20:00,2019,1,17,11,20,75,75117,AVENUE STEPHANE MALLARME,48.886165,2.292293,Plein jour,En agglomération,Intersection en X,Temps couvert,Deux véhicules - côté,4,1,1,3,1,1,2,0,1,50,2,2,1,0,0,1,31.0,41.0,voiture,deux_roues,1,2,2,8,3
201900037197,2019-01-16 23:20:00,2019,1,16,23,20,75,75117,RUE DE COURCELLES,48.887548,2.294722,Nuit avec éclairage allumé,En agglomération,Intersection en X,Pluie légère,Autre collision,4,2,6,0,1,3,2,5,1,50,1,1,0,0,0,1,53.0,,deux_roues,,5,2,2,2,6
201900037198,2019-01-16 15:00:00,2019,1,16,15,0,75,75117,PORTE DE CHAMPERRET,48.886423,2.289297,Plein jour,En agglomération,Hors intersection,Normale,Trois véhicules et plus - en chaîne,4,3,8,0,1,3,1,0,1,70,3,3,2,0,0,1,28.0,34.0,voiture,voiture,1,2,1,1,4
201900037199,2019-01-20 15:45:00,2019,1,20,15,45,75,75116,RUE DE LA POMPE,48.868377,2.281444,Plein jour,En agglomération,Hors intersection,Normale,Autre collision,4,1,2,3,1,1,1,0,1,50,1,3,1,0,0,2,20.0,,voiture,,1,2,1,1,6
201900037200,2019-01-19 10:30:00,2019,1,19,10,30,75,75116,AVENUE KLEBER,48.863721,2.287737,Plein jour,En agglomération,Hors intersection,Normale,Autre collision,4,2,1,0,1,1,1,0,1,50,1,1,0,0,0,1,44.0,,deux_roues,,1,2,1,1,6
201900037201,2019-01-18 11:25:00,2019,1,18,11,25,75,75116,PLACE D IENA,48.864872,2.294112,Plein jour,En agglomération,Place,Normale,Deux véhicules - côté,4,1,5,0,1,1,1,0,1,50,2,2,1,0,0,1,79.0,58.0,voiture,deux_roues,1,2,7,1,3
201900037202,2019-01-19 18:30:00,2019,1,19,18,30,75,75115,PLACE DES MARTYRS JUIFS DU VELODROME D H,48.854442,2.288684,Crépuscule ou aube,En agglomération,Place,Pluie légère,Autre collision,4,2,4,0,1,1,2,0,1,50,1,2,1,0,0,1,37.0,,voiture,,2,2,7,2,6
201900037203,2019-01-19 16:00:00,2019,1,19,16,0,75,75115,AVENUE DE SUFFREN,48.846489,2.308365,Plein jour,En agglomération,Intersection en T,Temps couvert,Deux véhicules - côté,4,2,2,0,1,1,2,0,1,50,2,2,1,0,0,1,37.0,21.0,voiture,deux_roues,1,2,3,8,3
201900037204,2019-01-19 01:45:00,2019,1,19,1,45,75,75115,BOULEVARD DE VAUGIRARD,48.841701,2.318771,Nuit avec éclairage allumé,En agglomération,Hors intersection,Normale,Deux véhicules - côté,4,3,2,0,1,1,1,0,1,50,2,3,2,0,0,1,29.0,32.0,voiture,deux_roues,5,2,1,1,3
201900037205,2019-01-18 17:15:00,2019,1,18,17,15,75,75115,RUE CAUCHY,48.843292,2.275231,Crépuscule ou aube,En agglomération,Hors intersection,Normale,Autre collision,4,1,1,0,1,1,1,0,1,30,1,2,1,0,0,1,49.0,,deux_roues,,2,2,1,1,6
201900037206,2019-01-18 16:10:00,2019,1,18,16,10,75,75115,RUE DE LA CROIX NIVERT,48.836126,2.289623,Plein jour,En agglomération,Hors intersection,Normale,Deux véhicules - côté,4,2,3,0,1,1,1,0,1,50,2,2,1,0,0,1,50.0,29.0,deux_roues,voiture,1,2,1,1,3
201900037207,2019-01-16 15:00:00,2019,1,16,15,0,75,75115,RUE DES ENTREPRENEURS,48.845059,2.289511,Plein jour,En agglomération,Intersection en X,Normale,Trois véhicules et plus - en chaîne,4,2,2,0,1,1,1,0,1,50,3,5,4,0,0,1,35.0,62.0,utilitaire_camion,voiture,1,2,2,1,4
201900037208,2019-01-20 14:05:00,2019,1,20,14,5,75,75114,AVENUE DU MAINE,48.831283,2.32546,Plein jour,En agglomération,Hors intersection,Temps couvert,Deux véhicules - côté,4,2,4,0,1,1,1,0,1,50,2,2,1,0,0,1,71.0,26.0,voiture,deux_roues,1,2,1,8,3
201900037209,2019-01-17 14:45:00,2019,1,17,14,45,75,75114,RUE VERCINGETORIX,48.837364,2.319443,Plein jour,En agglomération,Intersection en T,Normale,Deux véhicules - côté,4,2,2,0,1,1,1,0,1,30,2,3,2,0,0,1,37.0,34.0,utilitaire_camion,deux_roues,1,2,3,1,3
201900037210,2019-01-16 17:15:00,2019,1,16,17,15,75,75114,RUE D ALESIA,48.829841,2.321168,Nuit avec éclairage allumé,En agglomération,Intersection en T,Normale,Deux véhicules - côté,4,-1,1,3,2,1,1,0,1,50,2,2,1,0,0,1,27.0,25.0,deux_roues,voiture,5,2,3,1,3
201900037211,2019-01-20 17:35:00,2019,1,20,17,35,75,75113,RUE DE TOLBIAC,48.82767,2.37138,Nuit avec éclairage allumé,En agglomération,Intersection en X,Temps couvert,Deux véhicules - côté,4,2,4,0,1,1,2,0,1,50,2,3,1,0,0,2,30.0,34.0,voiture,deux_roues,5,2,2,8,3
201900037212,2019-01-19 23:25:00,2019,1,19,23,25,75,75113,RUE DE PATAY,48.828632,2.369925,Nuit avec éclairage allumé,En agglomération,Intersection en X,Pluie forte,Deux véhicules - côté,4,2,2,0,2,1,2,0,1,50,2,2,1,0,0,1,23.0,28.0,deux_roues,utilitaire_camion,5,2,2,3,3
201900037213,2019-01-18 14:15:00,2019,1,18,14,15,75,75113,RUE DU CHATEAU DES RENTIERS,48.828067,2.367562,Plein jour,En agglomération,Hors intersection,Normale,Autre collision,4,1,1,0,1,1,1,0,4,30,1,2,0,0,0,2,73.0,,voiture,,1,2,1,1,6
201900037214,2019-01-17 17:15:00,2019,1,17,17,15,75,75113,RUE DE TOLBIAC,48.82947,2.374742,Plein jour,En agglomération,Hors intersection,Pluie légère,Autre collision,4,2,4,0,3,1,2,0,1,50,1,2,1,0,0,1,54.0,,utilitaire_camion,,1,2,1,2,6
201900037215,2019-01-20 14:25:00,2019,1,20,14,25,75,75112,BOULEVARD DIDEROT,48.847341,2.386779,Plein jour,En agglomération,Intersection en X,Normale,Deux véhicules - arrière,4,2,4,2,1,1,1,5,1,50,2,3,2,0,0,1,14.0,23.0,deux_roues,deux_roues,1,2,2,1,2
201900037216,2019-01-19 04:50:00,2019,1,19,4,50,75,75112,COURS DE VINCENNES,48.847638,2.404254,Nuit avec éclairage allumé,En agglomération,Hors intersection,Normale,Autre collision,4,1,1,0,1,1,1,0,1,30,1,1,0,0,0,1,33.0,,deux_roues,,5,2,1,1,6
201900037217,2019-01-18 23:30:00,2019,1,18,23,30,75,75112,BOULEVARD PERIPHERIQUE,48.82911,2.399971,Nuit avec éclairage allumé,En agglomération,Hors intersection,Normale,Autre collision,4,1,3,0,1,1,1,0,1,70,1,2,1,0,0,1,31.0,,voiture,,5,2,1,1,6
201900037218,2019-01-18 21:15:00,2019,1,18,21,15,75,75112,AVENUE DAUMESNIL,48.839647,2.431016,Nuit sans éclairage public,En agglomération,Hors intersection,Normale,Autre collision,4,2,2,0,1,1,1,0,1,50,1,2,1,0,0,1,47.0,,voiture,,3,2,1,1,6
201900037219,2019-01-17 13:15:00,2019,1,17,13,15,75,75112,RUE PARROT,48.84693,2.373863,Plein jour,En agglomération,Intersection en X,Normale,Deux véhicules - côté,4,1,2,1,1,1,2,0,1,50,2,2,1,0,0,1,63.0,33.0,deux_roues,voiture,1,2,2,1,3
201900037220,2019-01-16 20:55:00,2019,1,16,20,55,75,75112,RUE DE CHARENTON,48.847983,2.376628,Nuit avec éclairage allumé,En agglomération,Intersection en T,Normale,Deux véhicules - côté,4,1,1,0,1,1,1,0,1,50,2,3,2,0,0,1,29.0,19.0,deux_roues,deux_roues,5,2,3,1,3
201900037221,2019-01-18 10:45:00,2019,1,18,10,45,75,75111,PLACE LEON BLUM,48.857868,2.381076,Plein jour,En agglomération,Place,Normale,Deux véhicules - côté,4,1,3,0,1,1,1,0,1,50,2,3,2,0,0,1,38.0,52.0,utilitaire_camion,deux_roues,1,2,7,1,3
201900037222,2019-01-17 12:30:00,2019,1,17,12,30,75,75111,AVENUE DE LA REPUBLIQUE,48.866642,2.367308,Plein jour,En agglomération,Intersection en T,Pluie légère,Deux véhicules - côté,4,2,4,0,1,1,2,0,1,50,2,4,3,0,0,1,58.0,55.0,voiture,deux_roues,1,2,3,2,3
201900037223,2019-01-17 10:50:00,2019,1,17,10,50,75,75111,BOULEVARD RICHARD LENOIR,48.85982,2.371849,Plein jour,En agglomération,Hors intersection,Pluie légère,Autre collision,4,1,2,0,1,1,2,0,1,50,1,2,1,0,0,1,70.0,,voiture,,1,2,1,2,6
201900037224,2019-01-18 12:25:00,2019,1,18,12,25,75,75110,RUE DU FAUBOURG POISSONNIERE,48.877207,2.348996,Plein jour,En agglomération,Intersection en X,Normale,Autre collision,4,1,1,0,1,1,1,0,1,30,1,2,1,0,0,1,27.0,,deux_roues,,1,2,2,1,6
201900037225,2019-01-17 21:00:00,2019,1,17,21,0,75,75110,QUAI DE VALMY,48.876848,2.364688,Nuit avec éclairage allumé,En agglomération,Hors intersection,Normale,Deux véhicules - côté,4,1,2,1,2,1,1,0,5,50,2,2,1,0,0,1,28.0,51.0,deux_roues,voiture,5,2,1,1,3
201900037226,2019-01-17 09:00:00,2019,1,17,9,0,75,75110,RUE PHILIPPE DE GIRARD,48.880695,2.362014,Plein jour,En agglomération,Hors intersection,Normale,Deux véhicules - arrière,4,1,1,0,2,1,1,0,1,50,2,2,1,0,0,1,38.0,38.0,voiture,deux_roues,1,2,1,1,2
201900037227,2019-01-17 02:35:00,2019,1,17,2,35,75,75110,BOULEVARD DE MAGENTA,48.881048,2.351793,Nuit avec éclairage allumé,En agglomération,Hors intersection,Pluie légère,Autre collision,4,2,4,0,1,1,2,0,1,50,1,1,0,0,0,1,24.0,,utilitaire_camion,,5,2,1,2,6
201900037228,2019-01-20 02:02:00,2019,1,20,2,2,75,75108,BOULEVARD HAUSSMANN,48.875039,2.309195,Nuit avec éclairage allumé,En agglomération,Intersection en X,Pluie légère,Deux véhicules - côté,4,2,4,0,1,1,2,0,1,50,2,3,2,0,1,0,21.0,33.0,voiture,voiture,5,2,2,2,3
201900037229,2019-01-19 18:45:00,2019,1,19,18,45,75,75108,PLACE CHARLES DE GAULLE,48.873828,2.295905,Nuit avec éclairage allumé,En agglomération,Place,Pluie légère,Deux véhicules - côté,4,1,9,0,1,2,2,0,1,50,2,4,3,0,0,1,45.0,35.0,voiture,voiture,5,2,7,2,3
201900037230,2019-01-18 16:26:00,2019,1,18,16,26,75,75108,RUE D AMSTERDAM,48.883343,2.327167,Plein jour,En agglomération,Place,Normale,Autre collision,4,1,2,0,2,1,1,0,1,50,1,2,1,0,0,1,22.0,,deux_roues,,1,2,7,1,6
201900037231,2019-01-17 18:10:00,2019,1,17,18,10,75,75108,BOULEVARD DE COURCELLES,48.87944,2.304493,Nuit avec éclairage allumé,En agglomération,Hors intersection,Pluie légère,Sans collision,4,2,4,0,1,1,2,0,1,50,1,1,0,0,0,1,20.0,,deux_roues,,5,2,1,2,7
201900037232,2019-01-17 15:25:00,2019,1,17,15,25,75,75108,AVENUE DES CHAMPS ELYSEES,48.87087,2.30376,Plein jour,En agglomération,Hors intersection,Pluie légère,Autre collision,4,2,8,3,2,1,2,0,1,50,1,2,1,0,0,1,63.0,,voiture,,1,2,1,2,6
201900037233,2019-01-17 13:30:00,2019,1,17,13,30,75,75108,AVENUE DES CHAMPS ELYSEES,48.871051,2.30361,Plein jour,En agglomération,Hors intersection,Temps couvert,Autre collision,4,2,8,0,2,1,1,0,1,50,2,1,0,0,0,1,57.0,,deux_roues,,1,2,1,8,6
201900037234,2019-01-16 21:30:00,2019,1,16,21,30,75,75108,AVENUE GEORGE V,48.866147,2.301344,Nuit avec éclairage allumé,En agglomération,Intersection en T,Normale,Deux véhicules - côté,4,2,4,0,1,1,1,0,1,50,2,2,1,0,0,1,42.0,24.0,voiture,deux_roues,5,2,3,1,3
201900037235,2019-01-15 05:30:00,2019,1,15,5,30,75,75108,RUE DE PONTHIEU,48.870216,2.31107,Nuit avec éclairage allumé,En agglomération,Intersection en X,Normale,Deux véhicules - côté,4,1,1,0,1,1,1,0,1,30,2,2,1,0,0,1,37.0,34.0,utilitaire_camion,deux_roues,5,2,2,1,3
201900037236,2019-01-19 10:00:00,2019,1,19,10,0,75,75107,QUAI D ORSAY,48.862897,2.316959,Plein jour,En agglomération,Hors intersection,Normale,Autre collision,4,2,3,2,1,1,1,0,5,50,2,3,2,0,0,1,60.0,30.0,deux_roues,voiture,1,2,1,1,6
201900037237,2019-01-18 16:58:00,2019,1,18,16,58,75,75107,RUE SAINT DOMINIQUE,48.859374,2.319556,Crépuscule ou aube,En agglomération,Intersection en T,Normale,Sans collision,4,1,2,0,1,1,1,0,1,50,1,1,0,0,0,1,65.0,,deux_roues,,2,2,3,1,7
201900037238,2019-01-20 16:57:00,2019,1,20,16,57,75,75101,BOULEVARD DU PALAIS,48.856011,2.346354,Crépuscule ou aube,En agglomération,Hors intersection,Normale,Autre collision,4,2,4,3,1,1,1,0,1,50,1,2,1,0,0,1,35.0,,transport_commun,,2,2,1,1,6
201900037239,2019-01-19 19:45:00,2019,1,19,19,45,75,75104,QUAI DE L HOTEL DE VILLE,48.85478,2.353917,Nuit avec éclairage allumé,En agglomération,Hors intersection,Pluie légère,Autre collision,4,2,4,0,1,1,2,0,1,50,1,2,1,0,0,1,41.0,,deux_roues,,5,2,1,2,6
201900037240,2019-01-18 19:10:00,2019,1,18,19,10,75,75101,QUAI DES TUILERIES,48.860126,2.333353,Nuit avec éclairage allumé,En agglomération,Place,Normale,Deux véhicules - côté,4,1,5,0,1,1,1,0,1,50,2,2,1,0,0,1,23.0,59.0,deux_roues,voiture,5,2,7,1,3
201900037241,2019-01-17 08:24:00,2019,1,17,8,24,75,75104,QUAI DE GESVRES,48.856712,2.348925,Plein jour,En agglomération,Intersection en X,Temps couvert,Deux véhicules - côté,4,1,4,3,1,1,1,5,6,50,2,3,1,0,0,2,47.0,28.0,deux_roues,voiture,1,2,2,8,3
201900037242,2019-01-16 13:35:00,2019,1,16,13,35,75,75104,RUE DE RIVOLI,48.855956,2.357976,Plein jour,En agglomération,Intersection en X,Normale,Autre collision,4,1,3,0,1,1,1,0,1,50,1,1,0,0,1,0,46.0,,deux_roues,,1,2,2,1,6
201900037243,2019-01-17 12:40:00,2019,1,17,12,40,75,75111,BOULEVARD DU TEMPLE,48.865907,2.365043,Plein jour,En agglomération,Hors intersection,Temps couvert,Deux véhicules - côté,4,2,2,3,1,1,2,0,1,50,2,2,1,0,0,1,69.0,67.0,deux_roues,voiture,1,2,1,8,3
201900037244,2019-01-16 10:50:00,2019,1,16,10,50,75,75103,PLACE DE LA REPUBLIQUE,48.867342,2.363375,Plein jour,En agglomération,Place,Normale,Deux véhicules - côté,4,2,6,0,1,1,1,0,1,50,2,2,1,0,0,1,21.0,37.0,deux_roues,deux_roues,1,2,7,1,3
201900037245,2019-01-18 09:20:00,2019,1,18,9,20,75,75101,RUE BAILLEUL,48.860954,2.341967,Plein jour,En agglomération,Hors intersection,Normale,Sans collision,4,1,1,0,1,1,2,0,1,30,1,2,1,0,0,1,26.0,,utilitaire_camion,,1,2,1,1,7
201900037246,2019-01-20 16:05:00,2019,1,20,16,5,94,94058,PIERRE BROSSOLETTE (AV),48.83499,2.50378,Plein jour,En agglomération,Hors intersection,Normale,Autre collision,3,2,2,0,1,1,1,0,1,50,1,2,1,0,0,1,62.0,,voiture,,1,2,1,1,6
201900037247,2019-01-19 12:30:00,2019,1,19,12,30,94,94058,HUIT MAI 1945 (AV DU),48.849504,2.508904,Plein jour,En agglomération,Hors intersection,Pluie légère,Deux véhicules - côté,3,-1,2,0,1,1,2,0,1,50,2,2,1,0,0,1,22.0,20.0,deux_roues,voiture,1,2,1,2,3
201900037248,2019-01-18 22:05:00,2019,1,18,22,5,94,94046,PROFESSEUR CADIOT (AV DU),48.8054,2.4315,Nuit avec éclairage allumé,En agglomération,Intersection en T,Normale,Autre collision,3,3,4,0,1,3,1,5,1,50,1,1,0,0,1,0,,,,,5,2,3,1,6
201900037249,2019-01-18 18:30:00,2019,1,18,18,30,94,94076,MAXIME GORKI (BD),48.797,2.36821,Nuit avec éclairage allumé,En agglomération,Autre intersection,Normale,Autre collision,3,2,4,0,1,1,1,0,1,50,1,2,1,0,0,1,41.0,,deux_roues,,5,2,9,1,6
201900037250,2019-01-18 15:35:00,2019,1,18,15,35,94,94076,MARCEL GROSMESNIL (R),48.7967,2.35469,Plein jour,En agglomération,Intersection en T,Normale,Deux véhicules - côté,4,2,2,0,1,1,1,0,1,50,2,2,1,0,0,1,21.0,20.0,deux_roues,voiture,1,2,3,1,3
201900037251,2019-01-17 09:30:00,2019,1,17,9,30,94,94076,PARIS (AV DE),48.80434,2.36446,Plein jour,En agglomération,Hors intersection,Normale,Sans collision,3,1,0,1,2,1,3,0,1,30,1,2,1,0,0,1,35.0,,deux_roues,,1,2,1,1,7
201900037252,2019-01-17 09:00:00,2019,1,17,9,0,94,94037,PAUL VAILLANT COUTURIER (AV),48.8162766,2.3418152,Plein jour,En agglomération,Hors intersection,Normale,Deux véhicules - arrière,3,2,2,0,1,1,1,0,1,50,2,2,1,0,0,1,36.0,40.0,deux_roues,utilitaire_camion,1,2,1,1,2
201900037253,2019-01-18 12:10:00,2019,1,18,12,10,94,94041,MARCEL HARTMANN (R),48.8075,2.38467,Plein jour,En agglomération,Hors intersection,Normale,Autre collision,4,1,1,0,1,1,1,0,1,50,1,2,1,0,1,0,18.0,,deux_roues,,1,2,1,1,6
201900037254,2019-01-17 17:50:00,2019,1,17,17,50,94,94041,PIERRE SEMARD (AV),48.81768,2.38148,Nuit avec éclairage allumé,En agglomération,Hors intersection,Temps couvert,Autre collision,3,2,2,0,1,1,2,0,1,50,1,2,1,0,1,0,45.0,,utilitaire_camion,,5,2,1,8,6
201900037255,2019-01-18 16:20:00,2019,1,18,16,20,94,94073,RN 186,48.75377,2.36281,Crépuscule ou aube,En agglomération,Hors intersection,Normale,Deux véhicules - côté,2,1,2,0,1,1,1,0,1,90,2,2,1,0,0,1,58.0,31.0,deux_roues,voiture,2,2,1,1,3
201900037256,2019-01-19 20:00:00,2019,1,19,20,0,94,94033,LA FONTAINE (R),48.85833,2.47939,Nuit avec éclairage allumé,En agglomération,Hors intersection,Pluie légère,Autre collision,4,1,2,0,1,3,2,0,4,50,1,1,0,0,0,1,80.0,,voiture,,5,2,1,2,6
201900037257,2019-08-31 00:40:00,2019,8,31,0,40,974,97407,14 JUILLET 1789(AVENUE DU),-20.93252,55.29475,Nuit avec éclairage allumé,En agglomération,Hors intersection,Normale,Autre collision,4,1,1,0,1,1,1,0,1,50,1,1,0,0,1,0,37.0,,voiture,,5,2,1,1,6
201900037258,2019-01-19 13:45:00,2019,1,19,13,45,94,94011,BOISSY.(AVENUE DE),48.76352,2.49355,Plein jour,En agglomération,Hors intersection,Pluie légère,Deux véhicules - arrière,3,1,2,0,1,1,2,0,1,50,2,3,2,0,0,1,63.0,29.0,voiture,transport_commun,1,2,1,2,2
201900037259,2019-01-18 16:45:00,2019,1,18,16,45,94,94028,LAFERRIERE(AVENUE),48.79954,2.453886,Crépuscule ou aube,En agglomération,Hors intersection,Normale,Autre collision,4,2,2,0,1,1,1,8,1,50,1,3,2,0,0,1,70.0,,voiture,,2,2,1,1,6
201900037260,2019-01-18 13:55:00,2019,1,18,13,55,94,94028,POMPADOUR(CARREFOUR),48.77422,2.43979,Plein jour,En agglomération,Autre intersection,Normale,Deux véhicules - arrière,3,1,2,0,1,2,1,5,1,50,2,2,1,0,0,1,31.0,31.0,voiture,voiture,1,2,9,1,2
201900037261,2019-08-28 07:55:00,2019,8,28,7,55,973,97302,BADUEL (ROUTE DE),4.9345603,-52.3115301,Plein jour,En agglomération,Hors intersection,Normale,Deux véhicules - côté,3,2,2,0,1,1,1,0,1,50,2,2,1,0,0,1,53.0,53.0,voiture,deux_roues,1,2,1,1,3
201900037262,2019-01-18 07:30:00,2019,1,18,7,30,94,94028,VERDUN.(AVENUE DE),48.7968,2.46364,Nuit avec éclairage allumé,En agglomération,Hors intersection,Normale,Autre collision,3,3,2,0,1,1,1,0,1,50,1,2,1,0,0,1,64.0,,voiture,,5,2,1,1,6
201900037263,2019-01-17 07:50:00,2019,1,17,7,50,94,94028,DEMENITROUX(RUE MAURICE),48.78914,2.45453,Crépuscule ou aube,En agglomération,Hors intersection,Normale,Autre collision,4,2,2,0,1,1,1,0,1,50,1,2,1,0,0,1,72.0,,voiture,,2,2,1,1,6
201900037264,2019-01-20 13:30:00,2019,1,20,13,30,94,94022,JULES VALLES (R),48.7551,2.41,Plein jour,En agglomération,Hors intersection,Pluie légère,Sans collision,4,2,2,0,1,1,2,0,1,50,1,4,2,0,0,2,37.0,,voiture,,1,2,1,2,7
201900037265,2019-01-18 13:00:00,2019,1,18,13,0,94,94019,LIBERATION (RTE DE LA),48.8057,2.5338,Plein jour,En agglomération,Hors intersection,Normale,Deux véhicules - arrière,3,2,0,0,1,1,1,0,1,50,2,2,1,0,0,1,49.0,28.0,voiture,voiture,1,2,1,1,2