accident_id,datetime,annee,mois,jour,heure,minute,departement,commune_insee,adresse,latitude,longitude,luminosite,agglomeration,intersection,meteo,collision,catr,circ,nbv,vosp,prof,plan,surf,infra,situ,vma,nb_vehicules,nb_usagers,nb_indemnes,nb_tues,nb_blesses_hosp,nb_blesses_legers,age_cond_1,age_cond_2,veh_type_cond_1,veh_type_cond_2,lum_code,agg_code,int_code,atm_code,col_code
201900037448,2019-02-22 17:45:00,2019,2,22,17,45,55,55545,DIGUE (PLACE DE LA ),49.157,5.387,Plein jour,En agglomération,Autre intersection,Normale,Sans collision,4,4,1,0,1,1,1,9,1,30,1,2,1,0,0,1,,,utilitaire_camion,,1,2,9,1,7
201900037449,2019-02-28 14:00:00,2019,2,28,14,0,54,54265,SAINT EXUPERY (Rue),48.638621,6.188224,Plein jour,En agglomération,Hors intersection,Normale,Autre collision,4,-1,1,0,1,1,1,0,1,50,1,1,0,0,0,1,55.0,,deux_roues,,1,2,1,1,6
201900037450,2019-02-24 15:54:00,2019,2,24,15,54,54,54395,LEPAGE (RUE BASTIEN),48.695425,6.193739,Plein jour,En agglomération,Hors intersection,Normale,Sans collision,4,1,1,0,1,1,1,0,1,50,1,4,2,0,0,2,44.0,,voiture,,1,2,1,1,7
201900037451,2019-02-19 13:30:00,2019,2,19,13,30,54,54395,LECLERC (AV. DU GENE,48.677165,6.178204,Plein jour,En agglomération,Hors intersection,Normale,Autre collision,4,-1,1,0,1,1,1,0,1,50,2,2,1,0,0,1,51.0,27.0,deux_roues,voiture,1,2,1,1,6
201900037452,2019-02-22 19:56:00,2019,2,22,19,56,54,54498,HELEUX (AVENUE DES),48.712853,6.258806,Nuit avec éclairage allumé,En agglomération,Hors intersection,Normale,Autre collision,4,1,1,0,1,1,1,0,1,50,2,2,0,0,0,2,33.0,41.0,voiture,voiture,5,2,1,1,6
201900037453,2019-02-23 08:00:00,2019,2,23,8,0,54,54367,LORRAINE (RUE DE),49.49892,5.77996,Crépuscule ou aube,En agglomération,Hors intersection,Normale,Autre collision,4,2,2,0,1,1,1,0,1,50,1,1,0,0,1,0,79.0,,voiture,,2,2,1,1,6
201900037454,2019-02-22 18:35:00,2019,2,22,18,35,53,53130,ALMA ( RUE DE ),48.07413,-0.7631,Crépuscule ou aube,En agglomération,Hors intersection,Normale,Autre collision,4,1,1,0,1,1,1,0,1,50,1,2,1,0,1,0,52.0,,utilitaire_camion,,2,2,1,1,6
201900037455,2019-02-26 13:20:00,2019,2,26,13,20,52,52448,WALDECK-ROUSSEAU (RUE),48.6390309,4.9418486,Plein jour,En agglomération,Intersection en T,Normale,Deux véhicules - côté,4,1,1,0,1,1,1,0,2,50,2,2,0,0,0,2,54.0,29.0,voiture,voiture,1,2,3,1,3
201900037456,2019-02-27 10:00:00,2019,2,27,10,0,51,51454,AVENUE DU GENERAL BONAPARTE,49.2294194,4.0080944,Plein jour,En agglomération,Hors intersection,Temps éblouissant,Sans collision,4,1,1,0,2,1,1,0,1,50,1,2,1,0,0,1,62.0,,voiture,,1,2,1,7,7
201900037457,2019-02-26 08:20:00,2019,2,26,8,20,51,51454,RUE GAMBETTA,49.24549,4.04017,Plein jour,En agglomération,Intersection en X,Normale,Deux véhicules - côté,4,1,1,0,2,1,1,5,1,50,2,2,1,0,0,1,30.0,42.0,deux_roues,deux_roues,1,2,2,1,3
201900037458,2019-02-25 16:50:00,2019,2,25,16,50,51,51454,AVENUE JEAN JAURES,49.2590502,4.0438579,Plein jour,En agglomération,Autre intersection,Temps éblouissant,Trois véhicules et plus - en chaîne,4,2,2,0,1,1,1,0,1,50,3,3,2,0,0,1,38.0,35.0,deux_roues,voiture,1,2,9,7,4
201900037459,2019-02-25 11:00:00,2019,2,25,11,0,51,51454,RUE SIMON,49.24513,4.03904,Plein jour,En agglomération,Intersection en X,Normale,Deux véhicules - côté,4,-1,0,0,1,1,1,0,1,50,2,2,1,0,0,1,70.0,49.0,voiture,voiture,1,2,2,1,3
201900037460,2019-02-09 16:45:00,2019,2,9,16,45,51,51108,RUE DE LA PLANCHETTE,48.9548111,4.3343167,Crépuscule ou aube,En agglomération,Autre intersection,Normale,Sans collision,6,-1,0,0,1,1,1,9,1,30,1,2,1,0,1,0,26.0,,utilitaire_camion,,2,2,9,1,7
201900037461,2019-02-26 10:04:00,2019,2,26,10,4,50,50647,8 JUIN 1944 (RUE DU),48.838646,-1.551338,Plein jour,En agglomération,Hors intersection,Normale,Autre collision,5,2,0,0,1,1,1,0,1,30,1,2,1,0,1,0,62.0,,voiture,,1,2,1,1,6
201900037462,2019-02-27 16:40:00,2019,2,27,16,40,50,50173,SALINE (BOULEVARD DE LA),49.6532,-1.6484,Plein jour,Hors agglomération,Intersection en X,Pluie légère,Deux véhicules - arrière,4,3,4,0,1,1,1,0,1,70,2,2,1,0,0,1,25.0,68.0,voiture,voiture,1,1,2,2,2
201900037463,2019-02-26 14:15:00,2019,2,26,14,15,50,50203,ROUGES TERRES (LES),49.60897,-1.60007,Plein jour,En agglomération,Hors intersection,Normale,Trois véhicules et plus - en chaîne,2,3,4,0,1,1,1,0,1,50,3,3,2,0,0,1,56.0,70.0,voiture,voiture,1,2,1,1,4
201900037464,2019-02-26 06:45:00,2019,2,26,6,45,50,50602,PYROTECHNIE (rue de la ),49.64881,-1.59164,Nuit sans éclairage public,En agglomération,Giratoire,Normale,Deux véhicules - côté,2,3,2,0,1,1,1,0,1,70,2,2,1,0,1,0,30.0,28.0,deux_roues,voiture,3,2,6,1,3
201900037465,2019-02-24 16:30:00,2019,2,24,16,30,50,50173,SALINE (BOULEVARD DE LA),49.65692,-1.65466,Plein jour,En agglomération,Hors intersection,Normale,Sans collision,9,3,4,1,1,1,1,0,1,50,1,1,0,0,0,1,13.0,,deux_roues,,1,2,1,1,7
201900037466,2019-02-23 17:20:00,2019,2,23,17,20,50,50173,PREVERT (AVENUE JACQUES),49.65428,-1.67195,Plein jour,En agglomération,Intersection en T,Normale,Deux véhicules - arrière,4,2,2,0,1,1,1,0,1,50,2,2,1,0,0,1,20.0,47.0,deux_roues,voiture,1,2,3,1,2
201900037467,2019-02-27 20:30:00,2019,2,27,20,30,49,49099,RD 158,47.06325,-0.81232,Nuit sans éclairage public,Hors agglomération,Intersection en X,Normale,Autre collision,3,2,2,0,2,1,1,0,1,80,2,3,1,1,1,0,51.0,27.0,voiture,utilitaire_camion,3,1,2,1,6
201900037468,2019-02-24 19:35:00,2019,2,24,19,35,49,49099,JUIN (BOULEVARD DU MARECHAL),47.04585,-0.8953,Crépuscule ou aube,En agglomération,Intersection en X,Normale,Deux véhicules - arrière,7,3,4,0,1,1,1,0,1,50,2,3,1,0,0,2,48.0,43.0,voiture,voiture,2,2,2,1,2
201900037469,2019-02-27 19:00:00,2019,2,27,19,0,49,49007,BARANGE BOULEVARD,47.45433,-0.56789,Crépuscule ou aube,En agglomération,Intersection en X,Normale,Autre collision,4,2,4,0,1,1,1,0,1,50,2,2,0,0,0,2,46.0,20.0,voiture,voiture,2,2,2,1,6
201900037470,2019-02-26 08:15:00,2019,2,26,8,15,49,49007,MARIANNE BOULEVARD,47.45273,-0.52445,Plein jour,En agglomération,Hors intersection,Normale,Deux véhicules - côté,4,2,2,0,1,1,1,0,1,50,2,2,1,0,0,1,20.0,17.0,voiture,deux_roues,1,2,1,1,3
201900037471,2019-02-25 12:45:00,2019,2,25,12,45,49,49015,POMPIDOU AVENUE GEORGES,47.49678,-0.59175,Plein jour,En agglomération,Hors intersection,Normale,Deux véhicules - côté,4,-1,2,0,1,1,1,0,1,50,2,2,1,0,0,1,46.0,39.0,voiture,voiture,1,2,1,1,3
201900037472,2019-02-25 08:03:00,2019,2,25,8,3,49,49007,LETANDUERE,47.46061,-0.5547,Plein jour,En agglomération,Hors intersection,Normale,Deux véhicules - côté,4,-1,1,0,1,1,1,0,1,30,2,2,0,0,0,2,19.0,,deux_roues,,1,2,1,1,3
201900037473,2019-02-25 17:26:00,2019,2,25,17,26,49,49007,DOYENNE BOULEVARD ET PASSAGE,47.49177,-0.52941,Plein jour,En agglomération,Intersection en Y,Normale,Deux véhicules - côté,4,2,2,0,2,3,1,0,1,50,2,2,1,0,0,1,18.0,19.0,deux_roues,voiture,1,2,4,1,3
201900037474,2019-02-22 22:15:00,2019,2,22,22,15,49,49353,CHEVALLERIE CHEMIN,47.4465,-0.45833,Nuit avec éclairage allumé,En agglomération,Hors intersection,Normale,Deux véhicules - côté,4,2,2,0,1,1,1,0,1,50,2,2,1,0,0,1,23.0,30.0,voiture,voiture,5,2,1,1,3
201900037475,2019-02-23 17:05:00,2019,2,23,17,5,49,49267,CLAVERIE,47.48639,-0.50553,Plein jour,En agglomération,Hors intersection,Normale,Deux véhicules - côté,4,-1,1,0,1,1,1,0,1,30,2,3,1,0,0,2,44.0,21.0,deux_roues,voiture,1,2,1,1,3
201900037476,2019-02-24 12:35:00,2019,2,24,12,35,49,49007,CARMES QUAI ET RUE,47.472928,-0.561528,Plein jour,En agglomération,Hors intersection,Normale,Sans collision,4,1,1,0,1,1,1,0,1,50,1,1,0,0,0,1,10.0,,deux_roues,,1,2,1,1,7
201900037477,2019-02-23 18:20:00,2019,2,23,18,20,49,49007,RAFFOUX CHEMIN,47.50495,-0.56974,Plein jour,Hors agglomération,Hors intersection,Normale,Autre collision,4,1,2,0,1,2,1,0,1,50,2,3,1,0,0,2,80.0,30.0,voiture,voiture,1,1,1,1,6
201900037478,2019-02-24 05:50:00,2019,2,24,5,50,47,47001,BARBUSSE (AV. HENRI),44.20534,0.62734,Nuit avec éclairage allumé,En agglomération,Hors intersection,Normale,Autre collision,4,2,1,0,1,1,1,9,3,50,1,1,0,0,0,1,21.0,,deux_roues,,5,2,1,1,6
201900037479,2019-03-02 18:30:00,2019,3,2,18,30,45,45075,AV DES DANGEAUX,47.886671,1.821643,Plein jour,Hors agglomération,Autre intersection,Normale,Deux véhicules - côté,4,2,2,0,1,1,1,0,1,50,2,4,3,0,0,1,19.0,16.0,voiture,deux_roues,1,1,9,1,3
201900037480,2019-03-03 07:20:00,2019,3,3,7,20,45,45234,56 RTE D'OLIVET,47.88389,1.90421,Crépuscule ou aube,En agglomération,Hors intersection,Normale,Deux véhicules - côté,4,2,2,0,1,1,1,0,1,50,2,2,0,0,0,2,72.0,34.0,voiture,voiture,2,2,1,1,3
201900037481,2019-03-02 20:25:00,2019,3,2,20,25,45,45302,R MARCEL PAUL-sortie D520,47.942727,1.907032,Nuit avec éclairage allumé,En agglomération,Intersection en X,Normale,Deux véhicules - côté,3,1,1,0,2,1,1,5,1,50,2,4,3,0,0,1,68.0,23.0,voiture,voiture,5,2,2,1,3
201900037482,2019-02-27 13:34:00,2019,2,27,13,34,45,45234,63 R DU FG DE BOURGOGNE,47.902108,1.925588,Plein jour,En agglomération,Hors intersection,Normale,Deux véhicules - arrière,4,2,2,0,1,1,1,0,1,50,2,1,0,0,0,1,61.0,,deux_roues,,1,2,1,1,2
201900037483,2019-02-27 07:12:00,2019,2,27,7,12,45,45075,ROUTE DE BLOIS,47.882684,1.818095,Plein jour,En agglomération,Hors intersection,Normale,Deux véhicules - côté,3,2,3,0,1,1,1,0,1,50,2,2,1,0,1,0,53.0,56.0,voiture,deux_roues,1,2,1,1,3
201900037484,2019-02-27 06:55:00,2019,2,27,6,55,45,45234,AV ROGER SECRETAIN,47.8935,1.8958,Crépuscule ou aube,En agglomération,Hors intersection,Normale,Sans collision,4,1,2,0,1,4,1,0,1,50,1,1,0,0,0,1,41.0,,deux_roues,,2,2,1,1,7
201900037485,2019-02-26 17:30:00,2019,2,26,17,30,45,45234,AV ROGER SECRETAIN,47.8907,1.89543,Plein jour,En agglomération,Hors intersection,Normale,Deux véhicules - arrière,4,3,6,0,1,1,1,0,1,50,2,2,1,0,0,1,75.0,25.0,voiture,deux_roues,1,2,1,1,2
201900037486,2019-02-25 08:30:00,2019,2,25,8,30,45,45234,R DU 16 AOUT 1944 - R DU MARECHAL LECLERC,47.91866,1.89619,Plein jour,En agglomération,Intersection en X,Normale,Deux véhicules - côté,4,2,2,0,1,1,1,9,1,50,2,4,3,0,0,1,38.0,29.0,voiture,voiture,1,2,2,1,3
201900037487,2019-02-24 17:40:00,2019,2,24,17,40,45,45234,AV DE LA MARNE,47.91708,1.9396,Plein jour,En agglomération,Intersection en X,Normale,Deux véhicules - côté,4,2,2,0,1,1,1,0,1,50,2,2,1,0,0,1,19.0,33.0,voiture,voiture,1,2,2,1,3
201900037488,2019-03-03 14:45:00,2019,3,3,14,45,45,45004,RUE MAURICE GENEVOIX,47.99241,2.77086,Plein jour,En agglomération,Autre intersection,Normale,Deux véhicules - côté,4,2,4,0,1,1,1,9,1,50,2,4,3,0,0,1,20.0,35.0,voiture,voiture,1,2,9,1,3
201900037489,2019-02-27 13:55:00,2019,2,27,13,55,45,45068,59 R VOLTAIRE,48.033221,2.737397,Plein jour,En agglomération,Hors intersection,Normale,Deux véhicules - frontale,4,2,2,0,1,3,1,0,1,50,2,2,1,0,0,1,24.0,49.0,utilitaire_camion,utilitaire_camion,1,2,1,1,1
201900037490,2019-02-28 14:20:00,2019,2,28,14,20,44,44184,TRÉFFÉAC (ROUTE DE),47.29682,-2.23287,Plein jour,En agglomération,Hors intersection,Normale,Deux véhicules - côté,4,2,2,0,1,1,1,0,1,50,2,3,1,0,0,2,21.0,69.0,voiture,voiture,1,2,1,1,3
201900037491,2019-02-22 17:40:00,2019,2,22,17,40,44,44184,RN 171 (CRAN NEUF AU PONT DE L'ÉTANG),47.286218,-2.246465,Plein jour,Hors agglomération,Hors intersection,Normale,Deux véhicules - arrière,4,1,1,0,2,3,1,0,1,50,2,3,1,0,0,2,45.0,24.0,voiture,voiture,1,1,1,1,2
201900037492,2019-03-02 18:20:00,2019,3,2,18,20,44,44109,BOULEVARD ERNEST DALBY,47.2243,-1.5308,Crépuscule ou aube,En agglomération,Hors intersection,Normale,Autre collision,6,-1,0,0,1,1,1,9,1,30,1,2,1,0,1,0,61.0,,voiture,,2,2,1,1,6
201900037493,2019-03-01 20:30:00,2019,3,1,20,30,44,44162,RD 201,47.2358,-1.65517,Nuit avec éclairage allumé,Hors agglomération,Hors intersection,Normale,Sans collision,2,3,0,0,1,1,1,0,1,110,1,1,0,0,1,0,44.0,,voiture,,5,1,1,1,7
201900037494,2019-02-28 17:50:00,2019,2,28,17,50,44,44162,75,47.22657,-1.65184,Plein jour,En agglomération,Hors intersection,Normale,Deux véhicules - côté,7,2,0,0,4,1,1,0,1,80,2,2,1,0,0,1,20.0,68.0,deux_roues,voiture,1,2,1,1,3
201900037495,2019-03-02 22:38:00,2019,3,2,22,38,42,42187,PROMENADES POPULLE (PLACE DES),46.03649,4.06783,Nuit avec éclairage allumé,En agglomération,Intersection en X,Normale,Deux véhicules - côté,4,2,3,2,1,1,1,0,1,30,2,3,2,0,0,1,18.0,23.0,deux_roues,deux_roues,5,2,2,1,3
201900037496,2019-02-28 08:37:00,2019,2,28,8,37,42,42127,VICTOR HUGO (RUE),46.06258,4.06995,Plein jour,En agglomération,Hors intersection,Normale,Autre collision,4,3,2,0,1,1,1,0,1,50,1,2,1,0,1,0,49.0,,voiture,,1,2,1,1,6
201900037497,2019-02-14 15:50:00,2019,2,14,15,50,41,41018,LAIGRET (AVENUE DU DOCTEUR JEAN),47.5862,1.32939,Plein jour,En agglomération,Hors intersection,Normale,Deux véhicules - côté,4,-1,3,3,1,1,1,0,1,50,2,2,1,0,0,1,24.0,23.0,deux_roues,voiture,1,2,1,1,3
201900037498,2019-02-09 17:54:00,2019,2,9,17,54,40,40192,HOUGA (AV DU),43.87698,-0.47442,Plein jour,En agglomération,Hors intersection,Normale,Trois véhicules et plus - collisions multiples,3,2,2,0,1,1,1,0,1,50,3,7,4,0,1,2,73.0,45.0,voiture,voiture,1,2,1,1,5
201900037499,2019-02-25 23:30:00,2019,2,25,23,30,40,40279,route des BARTHES,43.71628,-1.08545,Nuit sans éclairage public,Hors agglomération,Hors intersection,Normale,Autre collision,4,2,2,0,1,2,1,0,1,80,1,2,0,1,1,0,19.0,,deux_roues,,3,1,1,1,6
201900037500,2019-02-25 10:20:00,2019,2,25,10,20,38,38544,FRANCISQUE BONNIER(RUE),45.5347,4.8746,Plein jour,En agglomération,Intersection en T,Normale,Deux véhicules - côté,4,2,2,0,1,1,1,0,1,30,2,2,1,0,0,1,34.0,17.0,voiture,deux_roues,1,2,3,1,3
201900037501,2019-03-02 22:20:00,2019,3,2,22,20,38,38185,D 1532 - PONT DE CATANE,45.18015,5.70183,Nuit avec éclairage allumé,En agglomération,Autre intersection,Normale,Deux véhicules - côté,3,1,2,1,3,1,1,3,1,70,2,3,1,2,0,0,20.0,42.0,deux_roues,transport_commun,5,2,9,1,3
201900037502,2019-02-26 18:40:00,2019,2,26,18,40,38,38185,JOUHAUX       61-102 A 79-118,45.175658,5.744235,Nuit avec éclairage allumé,En agglomération,Hors intersection,Normale,Autre collision,4,2,2,0,1,1,1,0,1,50,2,2,1,0,0,1,51.0,18.0,voiture,deux_roues,5,2,1,1,6
201900037503,2019-02-23 20:20:00,2019,2,23,20,20,38,38151,RUE MISSAK MANOUCHIAN,45.15785,5.70166,Nuit sans éclairage public,En agglomération,Autre intersection,Normale,Autre collision,4,-1,1,0,1,1,1,0,1,50,2,2,0,0,1,1,29.0,,deux_roues,,3,2,9,1,6
201900037504,2019-02-18 13:35:00,2019,2,18,13,35,38,38053,BEDOR (JOSEPH),45.57952,5.27444,Plein jour,En agglomération,Intersection en T,Normale,Autre collision,3,2,2,0,1,1,1,0,1,50,1,2,1,0,1,0,55.0,,voiture,,1,2,3,1,6
201900037505,2019-02-26 19:03:00,2019,2,26,19,3,38,38053,D 1006,45.60634,5.2297,Crépuscule ou aube,Hors agglomération,Hors intersection,Normale,Trois véhicules et plus - en chaîne,3,2,4,0,1,1,1,0,1,90,6,9,1,2,0,6,36.0,72.0,voiture,voiture,2,1,1,1,4
201900037506,2019-03-03 13:50:00,2019,3,3,13,50,37,37261,DEVILDE (RUE),47.40662,0.69162,Plein jour,En agglomération,Intersection en X,Normale,Deux véhicules - côté,4,2,2,0,2,1,1,0,1,30,2,2,1,0,0,1,26.0,19.0,deux_roues,voiture,1,2,2,1,3
201900037507,2019-02-28 08:15:00,2019,2,28,8,15,37,37261,MAUPAS (RUE DU PROFESSEUR),47.41372,0.70809,Plein jour,En agglomération,Hors intersection,Normale,Deux véhicules - côté,4,-1,2,0,2,1,1,0,1,50,2,2,1,0,0,1,30.0,41.0,deux_roues,voiture,1,2,1,1,3
201900037508,2019-02-27 10:45:00,2019,2,27,10,45,37,37233,RABATERIE (RUE DE LA),47.39176,0.71921,Plein jour,En agglomération,Hors intersection,Normale,Autre collision,4,2,2,0,1,1,1,6,1,50,1,2,1,0,0,1,67.0,,voiture,,1,2,1,1,6
201900037509,2019-02-22 15:40:00,2019,2,22,15,40,37,37195,PORT CORDON (RUE),47.3830361,0.6563129,Plein jour,En agglomération,Hors intersection,Temps éblouissant,Autre collision,4,2,2,0,1,1,1,9,1,50,1,1,0,0,0,1,53.0,,deux_roues,,1,2,1,7,6
201900037510,2019-02-27 05:35:00,2019,2,27,5,35,37,37261,MIRABEAU (PONT),47.4028,0.70196,Nuit sans éclairage public,En agglomération,Intersection en Y,Normale,Deux véhicules - côté,4,1,1,2,3,3,1,9,1,50,2,3,2,0,0,1,54.0,26.0,deux_roues,voiture,3,2,4,1,3
201900037511,2019-02-25 13:50:00,2019,2,25,13,50,37,37261,HEURTELOUP (BOULEVARD),47.39026,0.68993,Plein jour,En agglomération,Hors intersection,Normale,Deux véhicules - arrière,4,2,5,3,1,1,1,0,1,50,2,3,2,0,0,1,21.0,22.0,voiture,voiture,1,2,1,1,2
201900037512,2019-02-25 09:19:00,2019,2,25,9,19,37,37261,PAS NOTRE-DAME (RUE DU),47.4190215,0.6974313,Plein jour,En agglomération,Hors intersection,Normale,Deux véhicules - arrière,4,2,2,0,1,1,1,0,1,50,2,3,2,0,0,1,23.0,32.0,voiture,voiture,1,2,1,1,2
201900037513,2019-02-24 11:35:00,2019,2,24,11,35,37,37261,MIRABEAU (RUE),47.3976124,0.6993175,Plein jour,En agglomération,Intersection en X,Normale,Deux véhicules - côté,4,1,2,0,1,1,1,0,1,50,2,4,2,0,0,2,22.0,71.0,voiture,voiture,1,2,2,1,3
201900037514,2019-02-23 19:43:00,2019,2,23,19,43,36,36063,ROUTE DEPARTEMENTALE 956,46.8549452,1.6681842,Crépuscule ou aube,Hors agglomération,Intersection en T,Normale,Deux véhicules - côté,3,2,3,0,1,1,1,9,1,70,2,1,0,0,1,0,32.0,,deux_roues,,2,1,3,1,3
201900037515,2019-02-05 08:20:00,2019,2,5,8,20,35,35288,MARNE (RUE DE LA),48.63286,-2.00718,Crépuscule ou aube,En agglomération,Intersection en X,Normale,Deux véhicules - côté,4,2,6,0,1,1,1,0,1,50,2,2,1,0,1,0,55.0,40.0,voiture,deux_roues,2,2,2,1,3
201900037516,2019-03-02 20:15:00,2019,3,2,20,15,35,35278,ROUTE DE SAINT-MALO,48.13457,-1.69144,Nuit avec éclairage non allumé,En agglomération,Hors intersection,Normale,Sans collision,4,3,4,0,1,1,1,0,1,50,1,1,0,0,0,1,48.0,,voiture,,4,2,1,1,7
201900037517,2019-02-28 15:50:00,2019,2,28,15,50,35,35238,BRIAND (AVENUE ARISTIDE),48.11018,-1.66368,Plein jour,En agglomération,Hors intersection,Normale,Autre collision,4,3,4,1,1,1,1,0,1,50,1,2,1,0,0,1,55.0,,voiture,,1,2,1,1,6
201900037518,2019-02-27 18:20:00,2019,2,27,18,20,35,35238,BRIAND (AVENUE ARISTIDE),48.1103,-1.66587,Crépuscule ou aube,En agglomération,Intersection en X,Normale,Autre collision,4,1,1,0,1,1,1,0,1,50,2,2,1,0,0,1,16.0,49.0,deux_roues,voiture,2,2,2,1,6
201900037519,2019-02-27 07:55:00,2019,2,27,7,55,35,35238,VERN (DE),48.09232,-1.64681,Plein jour,En agglomération,Hors intersection,Normale,Deux véhicules - côté,4,2,4,1,1,1,1,0,1,50,2,2,1,0,0,1,34.0,53.0,voiture,deux_roues,1,2,1,1,3
201900037520,2019-02-26 17:49:00,2019,2,26,17,49,35,35238,GINGUENE,48.09945,-1.67572,Plein jour,En agglomération,Intersection en T,Normale,Deux véhicules - côté,4,2,2,2,1,1,1,1,1,50,2,2,1,0,0,1,56.0,40.0,deux_roues,voiture,1,2,3,1,3
201900037521,2019-02-26 16:30:00,2019,2,26,16,30,35,35238,MAGINOT (AVENUE SERGENT),48.10992,-1.65548,Plein jour,En agglomération,Intersection en T,Normale,Deux véhicules - arrière,7,2,2,0,1,1,1,0,1,50,2,2,1,0,0,1,33.0,19.0,utilitaire_camion,deux_roues,1,2,3,1,2
201900037522,2019-02-25 19:45:00,2019,2,25,19,45,35,35238,PARIS (RUE DE),48.11461,-1.6572,Nuit sans éclairage public,En agglomération,Intersection en X,Normale,Deux véhicules - côté,4,2,3,0,1,1,1,5,1,30,2,2,1,0,0,1,14.0,49.0,deux_roues,deux_roues,3,2,2,1,3
201900037523,2019-02-25 07:30:00,2019,2,25,7,30,35,35189,RD 137,48.14431,-1.69841,Plein jour,Hors agglomération,Hors intersection,Normale,Deux véhicules - arrière,3,3,4,0,1,1,1,0,1,90,2,3,1,0,0,2,42.0,28.0,voiture,voiture,1,1,1,1,2
201900037524,2019-03-03 17:00:00,2019,3,3,17,0,34,34172,VALERY (BOULEVARD PAUL,43.59165,3.85399,Plein jour,En agglomération,Hors intersection,Normale,Deux véhicules - arrière,4,-1,4,0,1,1,1,0,1,50,2,9,7,0,0,2,29.0,42.0,utilitaire_camion,utilitaire_camion,1,2,1,1,2
201900037525,2019-03-03 01:26:00,2019,3,3,1,26,34,34172,LAVERUNE (ROUTE DE,43.60013,3.84414,Nuit avec éclairage allumé,En agglomération,Intersection en X,Normale,Deux véhicules - côté,4,2,2,0,1,1,1,0,1,50,2,3,1,0,0,2,17.0,28.0,deux_roues,voiture,5,2,2,1,3
201900037526,2019-03-01 09:35:00,2019,3,1,9,35,34,34172,LAVERUNE (ROUTE DE,43.6026,3.85443,Plein jour,En agglomération,Hors intersection,Normale,Deux véhicules - côté,4,2,3,0,1,1,1,0,1,50,2,3,1,0,0,2,25.0,72.0,utilitaire_camion,utilitaire_camion,1,2,1,1,3
201900037527,2019-02-26 17:05:00,2019,2,26,17,5,34,34172,LODEVE (AVENUE DE,43.61235,3.84527,Plein jour,En agglomération,Intersection en T,Normale,Trois véhicules et plus - collisions multiples,4,2,3,0,1,1,1,5,1,50,3,4,2,0,0,2,34.0,89.0,voiture,voiture,1,2,3,1,5
201900037528,2019-02-25 17:20:00,2019,2,25,17,20,34,34172,MONTELS-EGLISE (RUE DE),43.58159,3.88448,Crépuscule ou aube,En agglomération,Hors intersection,Normale,Autre collision,4,2,2,0,1,1,1,0,1,50,1,2,1,0,0,1,54.0,,utilitaire_camion,,2,2,1,1,6
201900037529,2019-02-21 20:50:00,2019,2,21,20,50,33,33162,AVE DU TAILLAN-MEDOC,44.88096,-0.65222,Nuit avec éclairage allumé,En agglomération,Intersection en T,Normale,Deux véhicules - côté,4,2,4,2,1,1,1,0,1,50,2,2,1,0,0,1,24.0,26.0,voiture,deux_roues,5,2,3,1,3
201900037530,2019-02-22 07:20:00,2019,2,22,7,20,33,33192,NAUDET (RUE ),44.78772,-0.61095,Crépuscule ou aube,En agglomération,Intersection en T,Normale,Trois véhicules et plus - collisions multiples,4,2,2,0,1,1,1,0,1,50,3,3,2,0,1,0,36.0,25.0,voiture,deux_roues,2,2,3,1,5
201900037531,2019-02-24 05:30:00,2019,2,24,5,30,33,33063,AVE DU DOCTEUR SCHINAZI / R.Yves Glotin,44.892919,-0.541935,Nuit avec éclairage allumé,En agglomération,Hors intersection,Normale,Deux véhicules - arrière,4,2,2,0,1,2,1,0,1,50,2,3,2,0,0,1,46.0,29.0,voiture,voiture,5,2,1,1,2
201900037532,2019-02-22 21:22:00,2019,2,22,21,22,33,33063,79 QUAI DES CHARTRONS - ligne B- Piétonne traverse du fleuve vers habitations.,44.85345,-0.56684,Nuit avec éclairage allumé,En agglomération,Hors intersection,Normale,Autre collision,4,2,7,-1,1,1,1,4,6,50,1,2,1,0,1,0,58.0,,transport_commun,,5,2,1,1,6
201900037533,2019-02-19 16:00:00,2019,2,19,16,0,33,33550,Chem de Leysotte/Imp Agnès,44.80509,-0.57304,Plein jour,En agglomération,Intersection en Y,Normale,Deux véhicules - côté,4,2,2,0,1,1,1,0,1,50,2,2,1,0,0,1,42.0,59.0,voiture,deux_roues,1,2,4,1,3
201900037534,2019-01-25 20:15:00,2019,1,25,20,15,33,33063,RUE DE BEGLES / RUE FAIDHERBE,44.81937,-0.56605,Nuit avec éclairage allumé,En agglomération,Intersection en T,Pluie légère,Autre collision,4,2,2,0,2,2,3,0,1,50,1,1,0,0,0,1,,,,,5,2,3,2,6
201900037535,2019-02-25 15:45:00,2019,2,25,15,45,33,33009,R.PECHERIE/R.CAMPET,44.6557,-1.14754,Plein jour,En agglomération,Intersection en X,Normale,Deux véhicules - côté,4,1,1,0,1,1,1,0,1,50,2,2,1,0,0,1,72.0,35.0,voiture,voiture,1,2,2,1,3
201900037536,2019-03-01 19:40:00,2019,3,1,19,40,32,32013,TOULOUSE (ROUTE DE),43.659037,0.633865,Nuit sans éclairage public,Hors agglomération,Hors intersection,Normale,Autre collision,3,2,2,0,2,1,1,0,1,50,1,1,0,0,1,0,,,,,3,1,1,1,6
201900037537,2019-02-28 17:56:00,2019,2,28,17,56,32,32013,BARRAN (CHEMIN DE),43.6524,0.5312,Plein jour,Hors agglomération,Hors intersection,Normale,Sans collision,3,2,2,0,1,3,1,0,1,80,1,2,1,0,1,0,17.0,,deux_roues,,1,1,1,1,7
201900037538,2019-03-01 09:10:00,2019,3,1,9,10,31,31555,RTE DE REVEL,43.57363,1.49188,Plein jour,En agglomération,Hors intersection,Normale,Autre collision,3,2,2,0,1,1,1,0,1,50,1,2,1,0,0,1,32.0,,deux_roues,,1,2,1,1,6