accident_id,datetime,annee,mois,jour,heure,minute,departement,commune_insee,adresse,latitude,longitude,luminosite,agglomeration,intersection,meteo,collision,catr,circ,nbv,vosp,prof,plan,surf,infra,situ,vma,nb_vehicules,nb_usagers,nb_indemnes,nb_tues,nb_blesses_hosp,nb_blesses_legers,age_cond_1,age_cond_2,veh_type_cond_1,veh_type_cond_2,lum_code,agg_code,int_code,atm_code,col_code
201900037539,2019-02-28 12:20:00,2019,2,28,12,20,31,31069,A621,43.62486,1.38648,Plein jour,Hors agglomération,Hors intersection,Normale,Trois véhicules et plus - en chaîne,1,3,5,0,2,1,1,0,1,90,3,4,1,0,0,3,48.0,54.0,voiture,voiture,1,1,1,1,4
201900037540,2019-02-26 15:40:00,2019,2,26,15,40,31,31069,GUYENNE (RUE DE),43.63116,1.38991,Plein jour,En agglomération,Intersection en T,Normale,Deux véhicules - côté,4,2,2,0,1,1,1,0,1,50,2,2,1,0,0,1,65.0,45.0,voiture,deux_roues,1,2,3,1,3
201900037541,2019-02-26 17:35:00,2019,2,26,17,35,31,31555,RUE PAUL VERLAINE,43.6331,1.43588,Plein jour,En agglomération,Intersection en X,Normale,Deux véhicules - côté,4,2,2,0,1,1,1,0,1,50,2,4,3,0,0,1,36.0,24.0,voiture,voiture,1,2,2,1,3
201900037542,2019-02-26 10:15:00,2019,2,26,10,15,31,31555,AV ANTOINE DE ST EXUPERY,43.58725,1.46189,Plein jour,En agglomération,Hors intersection,Normale,Deux véhicules - côté,4,2,2,0,1,1,1,0,1,50,2,2,1,0,0,1,46.0,38.0,deux_roues,voiture,1,2,1,1,3
201900037543,2019-02-25 23:20:00,2019,2,25,23,20,31,31555,POMPIDOU (AV GEORGE) DU 2AU 21,43.6136,1.4604,Nuit avec éclairage allumé,En agglomération,Hors intersection,Normale,Autre collision,4,3,4,0,2,1,1,0,1,50,1,3,2,0,0,1,20.0,,voiture,,5,2,1,1,6
201900037544,2019-02-25 16:30:00,2019,2,25,16,30,31,31149,SALVETAT (CHEMIN DE LA),43.59926,1.29581,Plein jour,En agglomération,Hors intersection,Normale,Deux véhicules - frontale,3,2,2,0,1,1,1,0,1,50,2,2,0,0,1,1,56.0,55.0,voiture,voiture,1,2,1,1,1
201900037545,2019-02-23 10:10:00,2019,2,23,10,10,31,31555,BD LASCROSSES,43.6083,1.42832,Plein jour,En agglomération,Hors intersection,Normale,Deux véhicules - côté,4,1,2,0,1,1,1,0,1,50,2,2,0,0,0,2,24.0,19.0,deux_roues,deux_roues,1,2,1,1,3
201900037546,2019-02-22 21:30:00,2019,2,22,21,30,31,31555,AV JEAN RIEUX,43.59747,1.4591,Nuit avec éclairage allumé,En agglomération,Hors intersection,Normale,Deux véhicules - côté,4,2,2,0,1,1,1,0,1,50,2,4,2,0,2,0,23.0,30.0,voiture,deux_roues,5,2,1,1,3
201900037547,2019-02-22 19:00:00,2019,2,22,19,0,31,31555,ROND POINT LEON LAJAUNIE,43.55651,1.40616,Nuit avec éclairage allumé,En agglomération,Giratoire,Normale,Deux véhicules - côté,4,1,2,0,1,2,1,0,1,50,2,2,0,0,0,2,23.0,19.0,deux_roues,deux_roues,5,2,6,1,3
201900037548,2019-02-22 18:55:00,2019,2,22,18,55,31,31555,AV DU COLONEL ROCHE,43.56496,1.47001,Nuit avec éclairage allumé,En agglomération,Hors intersection,Normale,Deux véhicules - côté,4,2,2,3,2,1,1,0,1,50,2,2,1,0,1,0,28.0,38.0,deux_roues,transport_commun,5,2,1,1,3
201900037549,2019-02-22 16:45:00,2019,2,22,16,45,31,31555,BD GABRIEL KOENIGS,43.59693,1.41967,Plein jour,En agglomération,Intersection en T,Normale,Deux véhicules - côté,4,2,2,0,1,1,1,0,1,50,2,3,2,0,0,1,27.0,54.0,voiture,deux_roues,1,2,3,1,3
201900037550,2019-03-02 17:30:00,2019,3,2,17,30,31,31483,SARAGAT (BD DU PRESIDENT),43.10054,0.72859,Plein jour,En agglomération,Hors intersection,Normale,Sans collision,3,1,1,0,1,3,1,0,1,50,1,2,1,0,0,1,38.0,,deux_roues,,1,2,1,1,7
201900037551,2019-02-27 17:00:00,2019,2,27,17,0,31,31483,FOCH (AVENUE DU MARECHAL),43.10454,0.71294,Plein jour,En agglomération,Hors intersection,Temps éblouissant,Deux véhicules - frontale,3,2,2,0,1,1,1,0,1,50,2,2,1,0,0,1,52.0,50.0,voiture,deux_roues,1,2,1,7,1
201900037552,2019-03-03 15:00:00,2019,3,3,15,0,29,29232,DOUARNENEZ ROUTE DE,47.99923,-4.13307,Plein jour,En agglomération,Hors intersection,Pluie légère,Sans collision,3,2,2,0,2,2,2,0,1,50,1,1,0,0,1,0,57.0,,voiture,,1,2,1,2,7
201900037553,2019-03-02 17:10:00,2019,3,2,17,10,29,29232,STANG BIHAN RUE DE,48.01071,-4.09745,Plein jour,En agglomération,Hors intersection,Normale,Autre collision,4,2,2,0,1,1,1,0,1,50,1,2,1,0,0,1,35.0,,voiture,,1,2,1,1,6
201900037554,2019-02-16 13:07:00,2019,2,16,13,7,29,29232,BRIAND  ARISTIDE RUE,47.99428,-4.09625,Plein jour,En agglomération,Hors intersection,Normale,Sans collision,4,2,2,0,1,1,1,0,1,50,1,1,0,0,0,1,17.0,,deux_roues,,1,2,1,1,7
201900037555,2019-02-17 19:10:00,2019,2,17,19,10,29,29232,ERGUE ARMEL  ROND POINT D',47.98364,-4.07481,Nuit avec éclairage allumé,En agglomération,Giratoire,Normale,Deux véhicules - côté,3,1,2,0,1,2,1,9,1,50,2,2,1,0,1,0,21.0,46.0,voiture,voiture,5,2,6,1,3
201900037556,2019-02-28 17:25:00,2019,2,28,17,25,29,29151,CORLE (RUE PIERRE),48.591579,-3.8129286,Plein jour,En agglomération,Hors intersection,Normale,Deux véhicules - frontale,4,2,1,0,1,1,1,0,1,50,2,3,0,0,0,3,30.0,54.0,voiture,voiture,1,2,1,1,1
201900037557,2019-02-25 17:13:00,2019,2,25,17,13,29,29039,KERNEACH (RUE DE ),47.8841558,-3.9210453,Plein jour,En agglomération,Intersection en T,Normale,Deux véhicules - côté,4,2,2,1,3,1,1,0,1,50,2,4,2,0,0,2,91.0,46.0,voiture,deux_roues,1,2,3,1,3
201900037558,2019-02-25 17:00:00,2019,2,25,17,0,29,29019,POMPIDOU GEORGES (AVENUE),48.4095444,-4.4828712,Plein jour,En agglomération,Giratoire,Normale,Autre collision,4,3,4,0,4,1,1,0,1,50,1,2,1,0,1,0,28.0,,voiture,,1,2,6,1,6
201900037559,2019-01-21 19:20:00,2019,1,21,19,20,29,29019,DONNART MATHIEU (DE 42 ET 61 A FIN),48.39973,-4.48606,Nuit avec éclairage allumé,En agglomération,Hors intersection,Normale,Deux véhicules - arrière,4,2,2,0,1,1,2,0,1,50,2,3,1,0,0,2,32.0,55.0,voiture,voiture,5,2,1,1,2
201900037560,2019-02-24 02:50:00,2019,2,24,2,50,29,29019,ROND POINT DE KERVALGUEN,48.44908,-4.5119,Nuit sans éclairage public,Hors agglomération,Giratoire,Normale,Sans collision,3,2,2,0,1,1,1,5,1,90,1,1,0,0,0,1,29.0,,voiture,,3,1,6,1,7
201900037561,2019-02-25 11:00:00,2019,2,25,11,0,29,29019,FOCH MARECHAL,48.39304,-4.48787,Plein jour,En agglomération,Hors intersection,Normale,Deux véhicules - arrière,4,2,2,0,1,1,1,0,1,50,2,3,2,0,0,1,20.0,60.0,voiture,voiture,1,2,1,1,2
201900037562,2019-02-28 16:40:00,2019,2,28,16,40,28,28134,FENOTS (AVENUE DES),48.7405,1.34798,Plein jour,En agglomération,Hors intersection,Normale,Deux véhicules - frontale,3,2,2,0,1,1,1,0,1,50,2,2,1,0,1,0,30.0,82.0,voiture,voiture,1,2,1,1,1
201900037563,2019-02-27 09:05:00,2019,2,27,9,5,28,28229,D105,48.45711,1.45975,Plein jour,En agglomération,Intersection en X,Normale,Deux véhicules - côté,3,3,2,0,1,1,1,0,1,50,2,2,1,0,1,0,61.0,49.0,deux_roues,utilitaire_camion,1,2,2,1,3
201900037564,2019-02-26 08:10:00,2019,2,26,8,10,27,27681,ARDECHE (AVENUE DE L'),49.08781,1.48111,Plein jour,En agglomération,Autre intersection,Normale,Autre collision,4,2,4,1,2,1,1,0,1,50,2,2,1,1,0,0,76.0,55.0,deux_roues,voiture,1,2,9,1,6
201900037565,2019-02-28 10:30:00,2019,2,28,10,30,27,27229,SAINT GERMAIN (RUE),49.0186,1.13492,Plein jour,En agglomération,Intersection en T,Normale,Trois véhicules et plus - collisions multiples,4,2,2,0,1,1,1,0,2,50,3,4,3,0,0,1,24.0,21.0,voiture,voiture,1,2,3,1,5
201900037566,2019-02-17 22:40:00,2019,2,17,22,40,27,27229,CITES UNIES (BOULEVARD DES),49.0093,1.14316,Nuit avec éclairage allumé,En agglomération,Hors intersection,Normale,Deux véhicules - frontale,4,2,2,0,2,2,1,0,1,70,2,2,1,0,0,1,48.0,55.0,voiture,voiture,5,2,1,1,1
201900037567,2019-02-23 14:45:00,2019,2,23,14,45,26,26362,RUE DE LA CONDAMINE,44.90114,4.8674,Plein jour,Hors agglomération,Hors intersection,Normale,Deux véhicules - côté,4,2,2,0,1,1,1,0,1,50,2,2,1,0,1,0,60.0,60.0,deux_roues,voiture,1,1,1,1,3
201900037568,2019-02-27 09:40:00,2019,2,27,9,40,26,26281,DEVAL PAUL (ROND POINT),45.045331,5.046564,Plein jour,En agglomération,Giratoire,Normale,Autre collision,4,-1,1,0,1,2,1,0,1,50,1,2,1,0,0,1,49.0,,voiture,,1,2,6,1,6
201900037569,2019-02-26 08:23:00,2019,2,26,8,23,26,26057,DEDELAY D'AGIER (PLACE),45.03924,5.0482,Plein jour,En agglomération,Hors intersection,Normale,Deux véhicules - frontale,4,2,2,0,2,1,1,0,1,50,2,2,1,0,0,1,61.0,58.0,utilitaire_camion,utilitaire_camion,1,2,1,1,1
201900037570,2019-02-26 11:40:00,2019,2,26,11,40,25,25204,1 route de Besançon,46.923018,6.342255,Plein jour,En agglomération,Hors intersection,Normale,Autre collision,4,2,0,0,1,1,1,9,1,30,1,3,2,0,1,0,68.0,,voiture,,1,2,1,1,6
201900037571,2019-02-26 08:30:00,2019,2,26,8,30,25,25031,1 route de Seloncourt,47.475571,6.845597,Plein jour,En agglomération,Hors intersection,Normale,Autre collision,3,-1,2,0,1,1,1,0,1,50,1,2,1,0,1,0,37.0,,voiture,,1,2,1,1,6
201900037572,2019-02-27 15:05:00,2019,2,27,15,5,25,25056,MONTRAPON AVENUE DE,47.2453,6.01024,Plein jour,En agglomération,Hors intersection,Normale,Deux véhicules - côté,4,2,2,1,1,1,1,0,1,50,2,4,2,0,0,2,30.0,24.0,voiture,voiture,1,2,1,1,3
201900037573,2019-02-26 15:26:00,2019,2,26,15,26,25,25056,CHAR  RUE RENE,47.215914,5.945272,Plein jour,En agglomération,Hors intersection,Normale,Autre collision,6,-1,-1,0,1,1,1,0,1,50,1,2,1,0,0,1,71.0,,voiture,,1,2,1,1,6
201900037574,2019-02-09 21:30:00,2019,2,9,21,30,22,22360,COLAS (RUE ALAIN),48.49081,-2.7219,Nuit avec éclairage non allumé,Hors agglomération,Hors intersection,Pluie forte,Autre collision,6,-1,0,0,1,1,2,9,8,30,2,2,1,0,0,1,43.0,,voiture,,4,1,1,3,6
201900037575,2019-02-28 08:00:00,2019,2,28,8,0,22,22278,HOCHE (BD),48.5041607,-2.7649314,Crépuscule ou aube,En agglomération,Intersection en X,Normale,Deux véhicules - côté,4,2,2,0,1,1,1,0,2,50,2,2,1,0,0,1,48.0,52.0,deux_roues,voiture,2,2,2,1,3
201900037576,2019-02-15 19:00:00,2019,2,15,19,0,22,22187,ROSELIER (rue du ) ,48.55337,-2.7187562,Crépuscule ou aube,En agglomération,Hors intersection,Normale,Deux véhicules - frontale,3,2,0,0,1,3,1,0,1,50,2,2,0,0,0,2,26.0,27.0,deux_roues,deux_roues,2,2,1,1,1
201900037577,2019-02-26 10:25:00,2019,2,26,10,25,19,19031,RIBOT (AVENUE),45.16454,1.50752,Plein jour,En agglomération,Hors intersection,Normale,Deux véhicules - côté,4,2,2,0,1,1,1,0,1,50,2,2,1,0,0,1,54.0,85.0,deux_roues,voiture,1,2,1,1,3
201900037578,2019-02-24 01:45:00,2019,2,24,1,45,19,19031,VOLTAIRE (BOULEVARD),45.16146,1.54085,Nuit avec éclairage allumé,En agglomération,Intersection en X,Normale,Deux véhicules - arrière,4,2,3,0,1,1,1,0,1,50,2,3,2,0,0,1,53.0,35.0,voiture,voiture,5,2,2,1,2
201900037579,2019-02-25 16:10:00,2019,2,25,16,10,19,19031,SOURIE (RUE ARMAND),45.14515,1.47016,Plein jour,En agglomération,Autre intersection,Normale,Autre collision,4,-1,0,0,1,1,1,9,1,30,1,2,1,0,0,1,74.0,,voiture,,1,2,9,1,6
201900037580,2019-02-23 14:00:00,2019,2,23,14,0,19,19031,BUFFET (AVENUE CAPITAINE ANDRE),45.16392,1.55212,Plein jour,En agglomération,Intersection en T,Normale,Deux véhicules - côté,4,2,2,0,1,1,1,0,1,50,2,2,1,0,0,1,70.0,30.0,voiture,deux_roues,1,2,3,1,3
201900037581,2019-02-27 09:00:00,2019,2,27,9,0,18,18033,BAFFIER (RUE JEAN),47.07447,2.40855,Plein jour,En agglomération,Autre intersection,Normale,Autre collision,4,2,2,0,1,1,1,6,1,50,1,3,1,0,1,1,34.0,,utilitaire_camion,,1,2,9,1,6
201900037582,2019-02-09 10:45:00,2019,2,9,10,45,17,17306,ROCHEFORT (DE)  (AVENUE),45.64478,-1.02464,Plein jour,En agglomération,Hors intersection,Normale,Deux véhicules - frontale,4,-1,2,0,1,1,1,0,1,50,2,2,1,0,0,1,44.0,46.0,voiture,utilitaire_camion,1,2,1,1,1
201900037583,2019-02-25 15:55:00,2019,2,25,15,55,17,17306,BOUCHET LOUIS (AVENUE),45.62896,-0.99463,Plein jour,En agglomération,Hors intersection,Normale,Deux véhicules - arrière,2,1,2,0,1,1,1,0,1,50,2,2,1,0,0,1,17.0,65.0,deux_roues,voiture,1,2,1,1,2
201900037584,2019-02-15 15:15:00,2019,2,15,15,15,17,17306,BAILLET (BD COLONEL ROBERT),45.631733,-1.031997,Plein jour,En agglomération,Intersection en X,Normale,Deux véhicules - côté,4,3,8,0,1,1,1,5,1,50,2,2,1,0,0,1,26.0,74.0,deux_roues,voiture,1,2,2,1,3
201900037585,2019-02-26 09:10:00,2019,2,26,9,10,17,17306,CORDOUAN (DE) (BD),45.6244,-1.03751,Plein jour,En agglomération,Hors intersection,Normale,Autre collision,4,-1,2,0,1,1,1,0,1,50,1,1,0,0,0,1,86.0,,voiture,,1,2,1,1,6
201900037586,2019-03-03 02:00:00,2019,3,3,2,0,17,17300,SALINES   RUE DU PONT DES,46.1613,-1.1234,Nuit avec éclairage allumé,En agglomération,Hors intersection,Normale,Autre collision,4,2,1,0,1,1,1,1,1,30,1,1,0,0,0,1,59.0,,voiture,,5,2,1,1,6
201900037587,2019-03-02 18:25:00,2019,3,2,18,25,17,17300,BERNIER   AVENUE DU LIEUTENANT-,46.17101,-1.15887,Plein jour,En agglomération,Intersection en T,Normale,Deux véhicules - côté,4,2,2,0,1,1,1,0,1,50,2,3,1,0,0,2,16.0,63.0,deux_roues,voiture,1,2,3,1,3
201900037588,2019-03-02 15:15:00,2019,3,2,15,15,17,17291,RN 11,46.173958,-1.114313,Plein jour,Hors agglomération,Hors intersection,Normale,Deux véhicules - arrière,2,3,6,0,1,1,1,3,1,70,2,3,2,0,0,1,55.0,62.0,voiture,voiture,1,1,1,1,2
201900037589,2019-02-28 23:00:00,2019,2,28,23,0,17,17291,JUSTICES  RUE DU MOULIN DES,46.1712,-1.12295,Nuit avec éclairage allumé,En agglomération,Intersection en X,Normale,Deux véhicules - côté,4,3,2,0,1,1,1,5,1,50,2,2,0,0,1,1,46.0,28.0,deux_roues,voiture,5,2,2,1,3
201900037590,2019-02-28 19:42:00,2019,2,28,19,42,17,17300,21 rue de la Muse,46.16739,-1.20054,Nuit avec éclairage allumé,En agglomération,Hors intersection,Normale,Autre collision,4,2,2,0,1,1,1,0,4,30,1,1,0,0,1,0,59.0,,deux_roues,,5,2,1,1,6
201900037591,2019-02-26 17:05:00,2019,2,26,17,5,17,17300,FROMENTIN   RUE EUGENE,46.16032,-1.15412,Plein jour,En agglomération,Intersection en X,Normale,Autre collision,4,1,1,0,1,1,1,5,1,30,1,2,1,0,0,1,76.0,,deux_roues,,1,2,2,1,6
201900037592,2019-02-26 14:00:00,2019,2,26,14,0,17,17291,RN237 PK0+200,46.17358,-1.12239,Plein jour,En agglomération,Hors intersection,Normale,Trois véhicules et plus - en chaîne,2,1,3,0,3,1,1,3,1,70,3,3,2,0,0,1,69.0,58.0,voiture,voiture,1,2,1,1,4
201900037593,2019-02-25 12:28:00,2019,2,25,12,28,17,17300,GUITON   AVENUE JEAN (167-341),46.161651,-1.178931,Plein jour,En agglomération,Giratoire,Normale,Deux véhicules - côté,4,2,2,0,2,1,1,5,1,30,2,2,1,0,1,0,69.0,25.0,voiture,utilitaire_camion,1,2,6,1,3
201900037594,2019-02-28 11:00:00,2019,2,28,11,0,14,14079,C.D. 27,49.304583,0.034108,Plein jour,Hors agglomération,Hors intersection,Normale,Deux véhicules - frontale,3,2,2,0,2,4,1,0,1,70,2,3,0,0,1,2,76.0,25.0,voiture,voiture,1,1,1,1,1
201900037595,2019-03-01 18:24:00,2019,3,1,18,24,14,14271,RN814,49.13658,-0.38378,Plein jour,Hors agglomération,Hors intersection,Pluie légère,Deux véhicules - arrière,4,2,-1,-1,1,1,2,0,1,-1,2,2,0,0,0,2,33.0,35.0,autre,autre,1,1,1,2,2
201900037596,2019-02-28 15:15:00,2019,2,28,15,15,14,14327,GARBSEN (AVENUE DE),49.21299,-0.34307,Plein jour,En agglomération,Hors intersection,Normale,Deux véhicules - côté,4,2,2,0,1,1,1,0,1,50,2,2,1,0,0,1,48.0,23.0,deux_roues,voiture,1,2,1,1,3
201900037597,2019-02-20 12:30:00,2019,2,20,12,30,14,14437,PERIPHERIQUE NORD (BOULEVARD),49.1816588,-0.3251749,Plein jour,Hors agglomération,Hors intersection,Normale,Autre collision,2,3,4,0,3,1,1,2,1,70,2,2,0,1,0,1,63.0,48.0,utilitaire_camion,voiture,1,1,1,1,6
201900037598,2019-03-02 13:15:00,2019,3,2,13,15,13,13117,MARSEILLE ( AVENUE DE ),43.4503,5.2526,Plein jour,En agglomération,Intersection en T,Normale,Deux véhicules - frontale,4,2,2,0,1,1,1,0,1,50,2,2,0,0,1,1,32.0,61.0,deux_roues,voiture,1,2,3,1,1
201900037599,2019-02-27 19:25:00,2019,2,27,19,25,13,13117,ZI ESTROUBLANS RN 113,43.42173,5.26812,Nuit sans éclairage public,Hors agglomération,Hors intersection,Normale,Trois véhicules et plus - en chaîne,3,1,2,0,1,1,1,0,1,90,3,3,1,0,0,2,66.0,28.0,voiture,voiture,3,1,1,1,4
201900037600,2019-03-03 20:50:00,2019,3,3,20,50,13,13204,CHARTREUX (AVENUE DES),43.30555,5.3993,Nuit avec éclairage allumé,En agglomération,Hors intersection,Normale,Autre collision,4,2,2,0,1,1,1,9,2,50,1,1,0,0,0,1,68.0,,deux_roues,,5,2,1,1,6
201900037601,2019-03-03 16:15:00,2019,3,3,16,15,13,13203,ORANGE (RUE D'),43.31319,5.38618,Plein jour,En agglomération,Intersection en X,Normale,Autre collision,7,2,2,0,1,1,1,0,1,50,1,2,0,0,0,2,,,,,1,2,2,1,6
201900037602,2019-03-03 18:55:00,2019,3,3,18,55,13,13205,SAKAKINI (BOULEVARD),43.29,5.4,Nuit avec éclairage allumé,En agglomération,Hors intersection,Normale,Deux véhicules - arrière,4,3,6,0,1,1,1,0,1,50,2,2,1,0,0,1,45.0,21.0,deux_roues,voiture,5,2,1,1,2
201900037603,2019-03-03 12:00:00,2019,3,3,12,0,13,13215,CAP PINEDE (Avenue),43.31779,5.37438,Plein jour,En agglomération,Hors intersection,Normale,Autre collision,4,1,2,0,1,1,1,0,1,500,1,1,0,0,0,1,,,,,1,2,1,1,6
201900037604,2019-03-03 11:05:00,2019,3,3,11,5,13,13201,NATIONAL   1 A 51 (BOULEVARD),43.3052,5.3852,Plein jour,En agglomération,Intersection en T,Normale,Autre collision,4,2,3,0,1,1,1,0,1,50,1,2,1,0,0,1,36.0,,voiture,,1,2,3,1,6
201900037605,2019-03-02 20:36:00,2019,3,2,20,36,13,13215,CAP PINEDE (Avenue),43.32814,5.36371,Nuit avec éclairage allumé,En agglomération,Hors intersection,Normale,Autre collision,4,1,4,0,1,1,1,0,1,50,1,2,1,0,0,1,22.0,,voiture,,5,2,1,1,6
201900037606,2019-03-02 13:20:00,2019,3,2,13,20,13,13215,VISTE (AVENUE DE LA),43.35572,5.36007,Plein jour,En agglomération,Hors intersection,Normale,Deux véhicules - frontale,4,2,2,0,2,3,1,0,2,50,2,4,0,0,0,4,30.0,,voiture,,1,2,1,1,1
201900037607,2019-02-25 10:40:00,2019,2,25,10,40,13,13204,SAINT JUST (AVENUE DE),43.31,5.4,Plein jour,En agglomération,Hors intersection,Normale,Autre collision,4,2,2,0,1,1,1,0,1,50,1,1,0,0,1,0,,,,,1,2,1,1,6
201900037608,2019-03-02 03:45:00,2019,3,2,3,45,13,13204,BLANCARDE (BOULEVARD),43.302903,5.40058,Nuit avec éclairage allumé,En agglomération,Intersection en X,Normale,Deux véhicules - frontale,7,3,3,3,1,1,1,0,1,50,2,4,0,0,1,3,19.0,17.0,voiture,voiture,5,2,2,1,1
201900037609,2019-03-02 00:30:00,2019,3,2,0,30,13,13208,MADRAGUE DE MONTREDON (AVE DE LA) ,43.23498,5.36025,Nuit avec éclairage allumé,En agglomération,Intersection en T,Normale,Deux véhicules - côté,4,2,2,0,1,1,1,0,1,50,2,2,1,0,0,1,28.0,,voiture,voiture,5,2,3,1,3
201900037610,2019-03-01 21:00:00,2019,3,1,21,0,13,13213,CROIX ROUGE (AVENUE),43.33463,5.44257,Nuit avec éclairage allumé,En agglomération,Intersection en T,Normale,Autre collision,3,2,2,0,1,1,1,0,1,50,2,2,1,0,1,0,49.0,45.0,voiture,deux_roues,5,2,3,1,6
201900037611,2019-03-01 16:45:00,2019,3,1,16,45,13,13212,PEINTRES ROUX (AVENUE DES),43.31163,5.46477,Plein jour,En agglomération,Autre intersection,Normale,Trois véhicules et plus - collisions multiples,4,2,2,0,2,1,1,2,1,50,3,3,1,0,0,2,64.0,63.0,voiture,voiture,1,2,9,1,5
201900037612,2019-03-01 07:00:00,2019,3,1,7,0,13,13204,CASSINI (BOULEVARD),43.30643,5.39535,Crépuscule ou aube,En agglomération,Hors intersection,Normale,Autre collision,4,2,2,0,1,1,1,0,1,50,1,1,0,0,0,1,56.0,,voiture,,2,2,1,1,6
201900037613,2019-02-28 22:45:00,2019,2,28,22,45,13,13208,PRADO (AVENUE DU),43.271222,5.389333,Nuit avec éclairage allumé,En agglomération,Hors intersection,Normale,Deux véhicules - arrière,4,2,4,3,1,1,1,6,1,50,2,1,0,0,0,1,27.0,,deux_roues,,5,2,1,1,2
201900037614,2019-02-28 12:30:00,2019,2,28,12,30,13,13212,GASSENDI (BOULEVARD),43.30389,5.42076,Plein jour,En agglomération,Hors intersection,Normale,Deux véhicules - côté,4,2,2,0,1,1,1,0,1,50,2,2,1,0,0,1,26.0,68.0,deux_roues,voiture,1,2,1,1,3
201900037615,2019-02-28 16:20:00,2019,2,28,16,20,13,13211,VALBARELLE (BOULEVARD DE LA ),43.28834,5.45129,Plein jour,En agglomération,Hors intersection,Normale,Sans collision,4,2,2,0,1,1,1,0,1,50,1,2,1,0,1,0,35.0,,voiture,,1,2,1,1,7
201900037616,2019-02-28 06:35:00,2019,2,28,6,35,13,13207,TELLENE (BOULEVARD),43.2856,5.3672,Nuit avec éclairage allumé,En agglomération,Hors intersection,Normale,Deux véhicules - arrière,4,2,2,0,2,1,1,0,1,50,2,2,1,0,0,1,39.0,23.0,voiture,voiture,5,2,1,1,2
201900037617,2019-02-27 22:17:00,2019,2,27,22,17,13,13206,BAILLE (BOULEVARD),43.2869,5.3871,Nuit avec éclairage allumé,En agglomération,Hors intersection,Normale,Sans collision,4,3,7,0,1,3,8,0,1,50,1,2,0,0,0,2,56.0,,deux_roues,,5,2,1,1,7
201900037618,2019-02-27 19:30:00,2019,2,27,19,30,13,13002,AUBAGNENS (AVENUE DES),43.329222,5.477225,Nuit avec éclairage non allumé,En agglomération,Hors intersection,Normale,Deux véhicules - côté,4,2,2,0,2,2,1,0,1,50,2,2,1,0,0,1,56.0,68.0,voiture,voiture,4,2,1,1,3
201900037619,2019-02-27 19:10:00,2019,2,27,19,10,13,13207,Corniche John Fitzgérald Kennedy,43.2702369,5.364504,Nuit avec éclairage allumé,En agglomération,Hors intersection,Normale,Trois véhicules et plus - en chaîne,4,3,4,0,1,1,1,0,1,50,3,4,3,0,1,0,24.0,55.0,voiture,voiture,5,2,1,1,4
201900037620,2019-02-27 15:45:00,2019,2,27,15,45,13,13210,MIREILLE LAUZE (BOULEVARD),43.283122,5.410962,Plein jour,En agglomération,Intersection en T,Normale,Deux véhicules - côté,4,2,2,0,1,1,1,0,2,50,2,2,0,0,0,2,82.0,27.0,voiture,deux_roues,1,2,3,1,3
201900037621,2019-02-27 13:00:00,2019,2,27,13,0,13,13216,PRADEL (traverse du),43.3552514,5.3468584,Plein jour,En agglomération,Passage à niveau,Normale,Trois véhicules et plus - collisions multiples,4,2,2,0,1,2,1,4,1,50,3,5,1,0,2,2,22.0,23.0,voiture,voiture,1,2,8,1,5
201900037622,2019-02-27 07:45:00,2019,2,27,7,45,13,13202,DAMES (BOULEVARD DES),43.3021308,5.370865,Plein jour,En agglomération,Intersection en T,Normale,Autre collision,4,2,2,0,1,1,1,0,1,50,2,2,1,0,1,0,31.0,42.0,voiture,deux_roues,1,2,3,1,6
201900037623,2019-02-27 01:50:00,2019,2,27,1,50,13,13201,BERNEX (RUE)    IMPAIRS,43.301155,5.387927,Nuit avec éclairage allumé,En agglomération,Intersection en X,Normale,Deux véhicules - côté,4,1,2,0,1,1,1,0,1,50,2,2,1,0,0,1,29.0,21.0,utilitaire_camion,deux_roues,5,2,2,1,3
201900037624,2019-04-09 18:00:00,2019,4,9,18,0,93,93064,AUTOROUTE A86,48.87268,2.48042,Plein jour,Hors agglomération,Hors intersection,Normale,Trois véhicules et plus - collisions multiples,1,3,6,0,1,1,1,0,1,90,3,3,2,0,0,1,63.0,49.0,voiture,utilitaire_camion,1,1,1,1,5
201900037625,2019-04-08 11:15:00,2019,4,8,11,15,95,95018,AUTOROUTE A15,48.96291,2.26531,Plein jour,Hors agglomération,Hors intersection,Normale,Deux véhicules - côté,1,3,10,0,1,1,1,2,1,110,2,2,1,0,0,1,56.0,21.0,utilitaire_camion,deux_roues,1,1,1,1,3
201900037626,2019-04-08 09:45:00,2019,4,8,9,45,93,93053,AUTOROUTE A3,48.88083,2.45221,Plein jour,Hors agglomération,Hors intersection,Normale,Deux véhicules - frontale,1,3,7,0,2,1,1,0,1,90,2,2,1,0,0,1,27.0,33.0,voiture,voiture,1,1,1,1,1
201900037627,2019-04-08 07:20:00,2019,4,8,7,20,95,95582,AUTOROUTE A15,48.96918,2.25052,Plein jour,Hors agglomération,Hors intersection,Normale,Trois véhicules et plus - collisions multiples,1,3,8,0,1,2,1,0,1,110,3,3,2,0,0,1,34.0,23.0,voiture,deux_roues,1,1,1,1,5
201900037628,2019-04-07 21:30:00,2019,4,7,21,30,95,95241,RN 104,49.0466,2.45635,Nuit sans éclairage public,Hors agglomération,Hors intersection,Normale,Autre collision,2,3,5,0,1,1,1,0,1,110,1,2,0,0,1,1,23.0,,voiture,,3,1,1,1,6
201900037629,2019-04-07 05:30:00,2019,4,7,5,30,93,93027,AUTOROUTE A86,48.92377,2.38448,Nuit sans éclairage public,Hors agglomération,Hors intersection,Normale,Deux véhicules - arrière,1,3,8,0,1,1,1,1,1,90,2,4,2,0,0,2,41.0,25.0,voiture,voiture,3,1,1,1,2