accident_id,datetime,annee,mois,jour,heure,minute,departement,commune_insee,adresse,latitude,longitude,luminosite,agglomeration,intersection,meteo,collision,catr,circ,nbv,vosp,prof,plan,surf,infra,situ,vma,nb_vehicules,nb_usagers,nb_indemnes,nb_tues,nb_blesses_hosp,nb_blesses_legers,age_cond_1,age_cond_2,veh_type_cond_1,veh_type_cond_2,lum_code,agg_code,int_code,atm_code,col_code
201900037723,2019-04-07 07:15:00,2019,4,7,7,15,86,86062,D.910,46.631775,0.356928,Plein jour,Hors agglomération,Hors intersection,Normale,Autre collision,3,2,4,0,1,1,1,0,1,70,1,3,2,1,0,0,40.0,,voiture,,1,1,1,1,6
201900037724,2019-04-06 20:00:00,2019,4,6,20,0,49,49285,"lieu dit chante merle, saint germain sur moine",47.110848,-1.138878,Crépuscule ou aube,Hors agglomération,Hors intersection,Pluie légère,Deux véhicules - frontale,3,2,2,0,1,1,2,0,1,80,2,2,1,0,0,1,59.0,19.0,voiture,voiture,2,1,1,2,1
201900037725,2019-04-07 12:00:00,2019,4,7,12,0,27,27188,"CD321, rond point de l'abbaye",49.303728,1.130479,Plein jour,Hors agglomération,Giratoire,Normale,Autre collision,3,1,2,0,1,2,1,0,4,70,1,1,0,0,1,0,52.0,,deux_roues,,1,1,6,1,6
201900037726,2019-04-08 06:30:00,2019,4,8,6,30,60,60398,33 Rue de la Libération,49.174549,2.286871,Crépuscule ou aube,En agglomération,Hors intersection,Normale,Autre collision,3,2,2,0,1,1,1,0,1,50,1,2,1,0,1,0,25.0,,voiture,,2,2,1,1,6
201900037727,2019-04-08 16:25:00,2019,4,8,16,25,60,60041,RD12,49.3847362,2.2201033,Plein jour,Hors agglomération,Hors intersection,Normale,Deux véhicules - arrière,3,2,2,1,1,1,1,0,1,70,2,2,1,0,0,1,54.0,18.0,voiture,deux_roues,1,1,1,1,2
201900037728,2019-04-06 18:10:00,2019,4,6,18,10,13,13215,A55-Sens Marseille vers Martigues,43.32962,5.35591,Plein jour,Hors agglomération,Hors intersection,Pluie légère,Sans collision,1,1,1,0,4,2,2,0,1,90,1,1,0,0,0,1,23.0,,voiture,,1,1,1,2,7
201900037729,2019-04-06 13:20:00,2019,4,6,13,20,13,13215,A55-Sens Marseille vers Martigues,43.342031,5.347983,Plein jour,Hors agglomération,Hors intersection,Pluie légère,Autre collision,1,3,3,0,1,1,2,0,1,90,1,1,0,0,0,1,20.0,,voiture,,1,1,1,2,6
201900037730,2019-04-06 05:45:00,2019,4,6,5,45,13,13005,A501-Sens Aubagne vers Pont de l'Etoile,43.29896,5.56278,Nuit sans éclairage public,Hors agglomération,Hors intersection,Normale,Autre collision,1,1,2,0,1,1,1,0,1,90,1,1,0,0,1,0,27.0,,voiture,,3,1,1,1,6
201900037731,2019-04-04 13:30:00,2019,4,4,13,30,67,67218,Bretelle accès autoroute,48.5472,7.72752,Plein jour,Hors agglomération,Hors intersection,Pluie légère,Autre collision,1,1,1,0,2,3,2,9,1,50,1,1,0,0,0,1,23.0,,voiture,,1,1,1,2,6
201900037732,2019-04-06 20:15:00,2019,4,6,20,15,94,94037,AUTOROUTE A6B,48.8164089,2.3368452,Nuit avec éclairage allumé,Hors agglomération,Hors intersection,Normale,Deux véhicules - arrière,1,1,2,0,2,1,1,1,1,50,2,3,2,0,0,1,42.0,33.0,voiture,voiture,5,1,1,1,2
201900037733,2019-04-07 17:15:00,2019,4,7,17,15,92,92050,A86,48.903121,2.205412,Plein jour,Hors agglomération,Hors intersection,Normale,Deux véhicules - arrière,1,3,0,0,1,1,1,0,1,90,2,3,2,0,0,1,16.0,37.0,voiture,deux_roues,1,1,1,1,2
201900037734,2019-04-06 19:15:00,2019,4,6,19,15,78,78126,A13,48.837521,2.12515,Plein jour,Hors agglomération,Hors intersection,Normale,Trois véhicules et plus - collisions multiples,1,3,4,0,1,1,1,0,1,110,4,6,5,0,0,1,,25.0,voiture,deux_roues,1,1,1,1,5
201900037735,2019-04-07 06:55:00,2019,4,7,6,55,94,94017,A4,48.8280945,2.5033698,Crépuscule ou aube,Hors agglomération,Hors intersection,Normale,Deux véhicules - arrière,1,-1,3,0,1,1,1,0,1,70,2,2,1,0,0,1,34.0,28.0,voiture,voiture,2,1,1,1,2
201900037736,2019-04-02 16:55:00,2019,4,2,16,55,79,79191,224 avenue de la Rochelle,46.31114,-0.48006,Plein jour,En agglomération,Hors intersection,Normale,Trois véhicules et plus - collisions multiples,3,2,3,1,1,1,1,9,1,50,3,3,2,0,0,1,51.0,65.0,voiture,voiture,1,2,1,1,5
201900037737,2019-04-04 11:15:00,2019,4,4,11,15,71,71059,COUCHES (ROUTE DE),46.80997,4.47265,Plein jour,En agglomération,Intersection en T,Normale,Deux véhicules - côté,4,2,2,0,1,1,1,0,1,50,2,2,1,0,0,1,80.0,22.0,voiture,voiture,1,2,3,1,3
201900037738,2019-04-03 14:25:00,2019,4,3,14,25,41,41018,FRANCE (AVENUE DE)  1,47.59573,1.31542,Plein jour,En agglomération,Hors intersection,Temps couvert,Deux véhicules - arrière,4,2,2,0,1,1,1,0,1,50,2,2,1,0,0,1,26.0,53.0,voiture,voiture,1,2,1,8,2
201900037739,2019-03-22 17:30:00,2019,3,22,17,30,12,12202,MARECHAL JOFFRE (AVENUE DU),44.36221,2.57948,Plein jour,En agglomération,Hors intersection,Normale,Autre collision,4,2,2,0,1,1,1,0,1,50,1,2,1,0,0,1,87.0,,voiture,,1,2,1,1,6
201900037740,2019-04-04 11:40:00,2019,4,4,11,40,11,11069,Rond Point Garigliano,43.204952,2.331889,Plein jour,En agglomération,Giratoire,Normale,Deux véhicules - côté,4,1,2,0,1,2,1,0,1,50,2,2,0,0,1,1,28.0,66.0,voiture,utilitaire_camion,1,2,6,1,3
201900037741,2019-01-23 16:40:00,2019,1,23,16,40,94,94041,BARBES (R),48.8158,2.3687,Plein jour,En agglomération,Autre intersection,Pluie légère,Autre collision,3,1,1,3,1,1,2,6,1,30,1,2,1,0,0,1,35.0,,voiture,,1,2,9,2,6
201900037742,2019-04-04 08:00:00,2019,4,4,8,0,94,94017,STALINGRAD - PONT DE NOGENT (BD DE),48.83026,2.49306,Plein jour,En agglomération,Hors intersection,Normale,Deux véhicules - côté,2,-1,3,0,1,1,1,2,1,50,2,2,1,0,0,1,53.0,43.0,utilitaire_camion,voiture,1,2,1,1,3
201900037743,2019-01-21 09:00:00,2019,1,21,9,0,93,93047,EUROPE (BOULEVARD DE L'),48.89661,2.564,Plein jour,En agglomération,Intersection en T,Normale,Autre collision,4,2,2,0,2,1,1,6,1,50,1,2,1,0,0,1,31.0,,voiture,,1,2,3,1,6
201900037744,2019-01-17 09:00:00,2019,1,17,9,0,93,93014,SEVIGNE (AVENUE DE),48.912883,2.544282,Plein jour,En agglomération,Hors intersection,Temps couvert,Deux véhicules - arrière,3,2,2,0,4,3,2,0,3,50,2,2,1,0,0,1,47.0,46.0,voiture,voiture,1,2,1,8,2
201900037745,2019-02-18 14:35:00,2019,2,18,14,35,92,92062,GENERAL DE GAULLE (AV) DU 63 AU 107,48.88739,2.23344,Plein jour,En agglomération,Intersection en X,Normale,Deux véhicules - côté,3,3,1,0,1,1,1,9,1,50,2,2,1,0,0,1,29.0,38.0,voiture,voiture,1,2,2,1,3
201900037746,2019-01-30 02:20:00,2019,1,30,2,20,92,92004,PONT D'ASNIERES,48.9049314,2.2878452,Nuit avec éclairage allumé,En agglomération,Intersection en T,Neige / grêle,Deux véhicules - arrière,3,-1,2,0,1,1,5,2,1,50,2,3,1,0,0,2,30.0,43.0,voiture,voiture,5,2,3,4,2
201900037747,2019-04-02 09:20:00,2019,4,2,9,20,93,93030,AUTOROUTE A1,48.9393,2.41896,Plein jour,Hors agglomération,Hors intersection,Pluie forte,Deux véhicules - côté,1,3,8,0,2,1,2,0,1,90,2,2,1,0,0,1,46.0,38.0,voiture,deux_roues,1,1,1,3,3
201900037748,2019-04-04 18:12:00,2019,4,4,18,12,988,98818,PROM. ROGER LAROQUE/RTE DE L AQUARIUM,-22.30288,166.43849,Nuit avec éclairage allumé,En agglomération,Intersection en T,Normale,Autre collision,4,3,4,0,1,1,1,0,4,50,1,1,0,0,1,0,54.0,,deux_roues,,5,2,3,1,6
201900037749,2019-04-04 09:50:00,2019,4,4,9,50,976,97611,m'tsapere-Nationale 2 (route),-12.78725,45.22554,Plein jour,En agglomération,Hors intersection,Normale,Autre collision,2,2,2,0,1,1,1,5,1,50,1,1,0,0,0,1,54.0,,voiture,,1,2,1,1,6
201900037750,2019-04-06 16:10:00,2019,4,6,16,10,974,97416,LIGNE PARADIS(ROUTE DE LA),-21.32402,55.48664,Plein jour,Hors agglomération,Intersection en Y,Temps couvert,Deux véhicules - arrière,2,1,1,0,1,3,1,3,1,50,2,2,1,0,0,1,65.0,43.0,voiture,voiture,1,1,4,8,2
201900037751,2019-04-04 07:10:00,2019,4,4,7,10,974,97416,Chemin Antoine Picard,-21.31894,55.5406,Plein jour,Hors agglomération,Autre intersection,Normale,Deux véhicules - côté,3,2,2,0,2,1,2,0,1,50,2,8,2,0,0,6,48.0,40.0,voiture,utilitaire_camion,1,1,9,1,3
201900037752,2019-04-06 16:25:00,2019,4,6,16,25,974,97411,VINH-SAN (BLD 1 DU PRINCE),-20.88615,55.44017,Plein jour,En agglomération,Intersection en T,Normale,Autre collision,2,1,1,0,2,1,1,0,1,50,1,2,1,0,0,1,35.0,,deux_roues,,1,2,3,1,6
201900037753,2019-04-05 17:15:00,2019,4,5,17,15,974,97411,Route de la Rivière des pluies,-20.90147,55.50183,Plein jour,En agglomération,Hors intersection,Normale,Deux véhicules - côté,2,2,1,0,1,1,1,0,1,50,2,2,1,0,0,1,30.0,60.0,voiture,voiture,1,2,1,1,3
201900037754,2019-04-05 14:45:00,2019,4,5,14,45,974,97411,LORY LES HAUTS (RUE),-20.89275,55.48193,Plein jour,En agglomération,Intersection en X,Normale,Deux véhicules - côté,4,2,2,0,1,1,1,0,1,50,2,2,1,0,0,1,61.0,57.0,deux_roues,deux_roues,1,2,2,1,3
201900037755,2019-04-03 15:00:00,2019,4,3,15,0,974,97411,LANCASTEL (BOULEVARD),-20.8796,55.45924,Plein jour,En agglomération,Hors intersection,Pluie légère,Deux véhicules - arrière,2,1,1,0,1,1,2,0,1,70,2,2,1,0,0,1,40.0,44.0,voiture,voiture,1,2,1,2,2
201900037756,2019-04-03 07:20:00,2019,4,3,7,20,974,97411,MONNERVILLE (BOULEVARD GASTON),-20.896294,55.44716,Plein jour,En agglomération,Hors intersection,Normale,Deux véhicules - arrière,4,2,2,0,2,1,1,0,1,50,2,2,1,0,1,0,31.0,46.0,deux_roues,voiture,1,2,1,1,2
201900037757,2019-04-05 12:10:00,2019,4,5,12,10,974,97407,COMMUNE DE PARIS (AVENUE),-20.9368,55.2908,Plein jour,En agglomération,Hors intersection,Normale,Deux véhicules - côté,4,3,1,1,1,1,1,0,1,50,2,2,1,0,0,1,33.0,50.0,voiture,deux_roues,1,2,1,1,3
201900037758,2019-04-05 10:35:00,2019,4,5,10,35,974,97407,Rue du 8 mars,-20.9398294,55.3001661,Plein jour,En agglomération,Autre intersection,Normale,Autre collision,4,-1,2,0,1,1,1,0,1,50,1,2,1,1,0,0,43.0,,voiture,,1,2,9,1,6
201900037759,2019-04-05 07:30:00,2019,4,5,7,30,974,97407,JACQUES DUCLOS (RUE) - RIVIERE DES GAL,-20.9625,55.3187,Plein jour,En agglomération,Intersection en X,Normale,Deux véhicules - côté,4,2,2,0,1,1,1,0,1,50,2,3,0,0,0,3,64.0,41.0,voiture,deux_roues,1,2,2,1,3
201900037760,2019-04-05 06:30:00,2019,4,5,6,30,974,97407,ROUTE NATIONALE N° 1,-20.95396,55.31428,Plein jour,Hors agglomération,Hors intersection,Normale,Deux véhicules - arrière,2,3,2,0,1,1,1,0,1,110,2,2,1,0,0,1,49.0,20.0,deux_roues,voiture,1,1,1,1,2
201900037761,2019-04-04 07:00:00,2019,4,4,7,0,974,97407,ROMERO(AVENUE),-20.94923,55.29404,Plein jour,En agglomération,Intersection en X,Normale,Deux véhicules - côté,4,2,2,0,1,1,1,0,1,50,2,2,1,0,0,1,49.0,41.0,deux_roues,transport_commun,1,2,2,1,3
201900037762,2019-04-04 10:05:00,2019,4,4,10,5,973,97302,MADELEINE (ROUTE DE LA),4.91777,-52.32142,Plein jour,En agglomération,Hors intersection,Normale,Deux véhicules - côté,3,2,2,0,1,1,1,0,1,50,2,2,1,0,0,1,32.0,23.0,voiture,deux_roues,1,2,1,1,3
201900037763,2019-04-03 23:25:00,2019,4,3,23,25,973,97302,route de baduel,4.9401745,-52.3196528,Nuit avec éclairage allumé,En agglomération,Hors intersection,Normale,Deux véhicules - arrière,3,2,2,0,1,1,1,0,1,50,2,2,1,0,0,1,22.0,27.0,deux_roues,voiture,5,2,1,1,2
201900037764,2019-04-03 18:30:00,2019,4,3,18,30,973,97302,TROUBIRAN (CHEMIN DE),4.9216478,-52.3039663,Nuit sans éclairage public,En agglomération,Hors intersection,Normale,Deux véhicules - frontale,4,2,2,0,1,1,1,0,1,50,2,3,0,0,2,1,20.0,16.0,deux_roues,deux_roues,3,2,1,1,1
201900037765,2019-04-06 15:15:00,2019,4,6,15,15,69,69383,GENAS (DE)                          (RO),45.7542196,4.888519,Plein jour,En agglomération,Hors intersection,Normale,Autre collision,4,-1,1,1,1,1,1,0,1,20,1,1,0,0,1,0,,,,,1,2,1,1,6
201900037766,2019-04-06 01:50:00,2019,4,6,1,50,69,69387,BANCEL                              (R ),45.74647,4.8385,Nuit avec éclairage allumé,En agglomération,Intersection en X,Pluie légère,Deux véhicules - côté,4,1,1,0,1,1,1,5,1,50,2,2,1,0,0,1,24.0,23.0,voiture,deux_roues,5,2,2,2,3
201900037767,2019-04-05 21:15:00,2019,4,5,21,15,69,69383,FELIX FAURE                         (AV),45.7544,4.8657,Nuit avec éclairage allumé,En agglomération,Hors intersection,Normale,Deux véhicules - côté,7,2,4,1,1,1,1,0,1,50,2,2,1,0,0,1,32.0,26.0,deux_roues,voiture,5,2,1,1,3
201900037768,2019-04-05 18:10:00,2019,4,5,18,10,69,69199,CARNOT                              (R ),45.70804,4.8595,Plein jour,En agglomération,Hors intersection,Normale,Autre collision,4,2,4,1,1,1,1,0,1,50,1,2,1,0,0,1,45.0,,voiture,,1,2,1,1,6
201900037769,2019-04-05 16:28:00,2019,4,5,16,28,69,69383,GUICHARD                            (PL),45.75938,4.84709,Plein jour,En agglomération,Autre intersection,Normale,Autre collision,4,-1,0,0,1,1,1,6,2,6,1,2,1,0,0,1,16.0,,autre,,1,2,9,1,6
201900037770,2019-04-05 13:00:00,2019,4,5,13,0,69,69383,VILLETTE (DE LA)                    (R ),45.75693,4.86161,Plein jour,En agglomération,Intersection en X,Normale,Autre collision,4,2,0,0,1,1,1,0,1,50,1,2,1,0,0,1,74.0,,voiture,,1,2,2,1,6
201900037771,2019-04-04 07:10:00,2019,4,4,7,10,69,69383,BONNEL (DE)                         (R ),45.76208,4.85158,Plein jour,En agglomération,Hors intersection,Pluie légère,Deux véhicules - côté,9,-1,0,0,1,1,2,6,1,50,2,2,1,0,0,1,31.0,33.0,utilitaire_camion,deux_roues,1,2,1,2,3
201900037772,2019-04-03 14:50:00,2019,4,3,14,50,69,69199,LAURENT MOIROUD                     (R ),45.70559,4.84442,Plein jour,En agglomération,Hors intersection,Pluie légère,Deux véhicules - frontale,4,2,2,0,1,2,2,0,1,50,2,5,3,0,0,2,19.0,60.0,voiture,voiture,1,2,1,2,1
201900037773,2019-04-04 14:25:00,2019,4,4,14,25,972,97213,CLEMENCIN (RUE),14.63859,-61.02332,Plein jour,En agglomération,Hors intersection,Normale,Deux véhicules - frontale,4,2,2,0,2,2,1,0,1,50,2,2,1,0,1,0,24.0,23.0,voiture,deux_roues,1,2,1,1,1
201900037774,2019-04-06 19:30:00,2019,4,6,19,30,972,97209,ISAMBERT (RUE),14.60465,-61.07171,Nuit avec éclairage allumé,En agglomération,Intersection en X,Normale,Deux véhicules - côté,4,1,1,0,1,1,1,9,1,50,2,2,1,0,0,1,35.0,48.0,voiture,voiture,5,2,2,1,3
201900037775,2019-04-06 09:50:00,2019,4,6,9,50,972,97209,AUTOROUTE (A1),14.61498,-61.04577,Plein jour,Hors agglomération,Hors intersection,Normale,Deux véhicules - arrière,1,3,6,0,2,1,1,0,1,90,2,2,1,0,1,0,26.0,54.0,deux_roues,voiture,1,1,1,1,2
201900037776,2019-04-04 12:15:00,2019,4,4,12,15,972,97209,JACQUES ROUMAIN (AVENUE),14.6081,-61.0469,Plein jour,En agglomération,Intersection en X,Normale,Deux véhicules - côté,4,2,2,0,1,1,1,0,1,50,2,2,1,0,1,0,71.0,55.0,voiture,deux_roues,1,2,2,1,3
201900037777,2019-04-04 12:35:00,2019,4,4,12,35,972,97209,BALATA (ROUTE DE),14.61712,-61.07134,Plein jour,En agglomération,Autre intersection,Normale,Deux véhicules - côté,2,2,2,0,1,4,1,5,1,50,2,2,1,0,0,1,53.0,38.0,deux_roues,utilitaire_camion,1,2,9,1,3
201900037778,2019-04-06 12:39:00,2019,4,6,12,39,69,69382,CHARLEMAGNE                         (CO),45.7467332,4.8242855,Plein jour,En agglomération,Intersection en X,Temps couvert,Autre collision,4,3,4,3,1,1,1,9,1,50,1,2,1,0,0,1,49.0,,transport_commun,,1,2,2,8,6
201900037779,2019-04-05 21:50:00,2019,4,5,21,50,69,69382,FRANKLIN                            (R ),45.7534,4.8257,Nuit avec éclairage allumé,En agglomération,Intersection en T,Normale,Deux véhicules - côté,4,1,1,0,1,1,1,0,1,30,2,3,0,0,0,3,31.0,27.0,voiture,deux_roues,5,2,3,1,3
201900037780,2019-04-05 14:25:00,2019,4,5,14,25,69,69384,HENON                               (R ),45.7795,4.83224,Plein jour,En agglomération,Intersection en X,Normale,Autre collision,7,-1,2,0,1,1,1,0,1,50,1,2,1,0,0,1,56.0,,voiture,,1,2,2,1,6
201900037781,2019-04-04 18:30:00,2019,4,4,18,30,69,69382,BELLECOUR                           (PL),45.75838,4.83251,Plein jour,En agglomération,Hors intersection,Normale,Autre collision,4,1,3,3,1,1,1,0,1,50,1,2,1,0,1,0,57.0,,deux_roues,,1,2,1,1,6
201900037782,2019-04-04 13:31:00,2019,4,4,13,31,69,69286,ROUTE DU MAS RILLIER                (RO),45.823,4.912,Plein jour,Hors agglomération,Hors intersection,Neige / grêle,Deux véhicules - côté,4,1,2,1,1,1,2,8,1,70,2,2,1,1,0,0,69.0,57.0,deux_roues,utilitaire_camion,1,1,1,4,3
201900037783,2019-04-05 11:50:00,2019,4,5,11,50,2B,2B033,AV DE LA LIBERATION,42.68535,9.44516,Plein jour,En agglomération,Intersection en T,Normale,Deux véhicules - côté,4,2,2,0,1,1,1,0,1,50,2,2,1,0,0,1,31.0,26.0,deux_roues,voiture,1,2,3,1,3
201900037784,2019-04-04 13:30:00,2019,4,4,13,30,2B,2B033,CAPITAINE THEN,42.6740161,9.4375965,Plein jour,En agglomération,Hors intersection,Pluie légère,Deux véhicules - arrière,4,2,2,0,2,1,2,0,2,50,2,3,2,0,0,1,27.0,26.0,voiture,voiture,1,2,1,2,2
201900037785,2019-04-04 05:45:00,2019,4,4,5,45,2B,2B033,11 - RT,42.68272,9.44665,Nuit avec éclairage allumé,En agglomération,Hors intersection,Normale,Deux véhicules - côté,2,2,2,0,1,1,1,0,1,50,2,2,1,0,0,1,65.0,42.0,voiture,voiture,5,2,1,1,3
201900037786,2019-03-30 19:12:00,2019,3,30,19,12,971,97101,BOULEVARD DES HEROS,16.24744,-61.52847,Nuit sans éclairage public,En agglomération,Autre intersection,Normale,Autre collision,3,1,1,0,1,1,1,9,1,50,1,2,1,0,1,0,68.0,,voiture,,3,2,9,1,6
201900037787,2019-04-04 08:10:00,2019,4,4,8,10,971,97105,LARDENOY (RUE DE ),15.98965,-61.72143,Plein jour,En agglomération,Hors intersection,Temps couvert,Deux véhicules - côté,3,2,2,0,1,2,1,0,1,50,2,2,0,0,0,2,22.0,45.0,voiture,voiture,1,2,1,8,3
201900037788,2019-04-05 14:10:00,2019,4,5,14,10,2A,2A004,T20,41.9334,8.8024,Plein jour,Hors agglomération,Hors intersection,Normale,Deux véhicules - arrière,2,2,2,0,1,1,1,0,1,80,2,2,1,0,0,1,59.0,64.0,voiture,voiture,1,1,1,1,2
201900037789,2019-04-05 13:00:00,2019,4,5,13,0,91,91685,FOUILLERET (RUE ALBERT),48.66023,2.29985,Plein jour,En agglomération,Hors intersection,Normale,Autre collision,4,2,2,0,1,1,1,0,1,50,1,2,1,0,0,1,67.0,,utilitaire_camion,,1,2,1,1,6
201900037790,2019-04-03 10:40:00,2019,4,3,10,40,91,91692,PACIFIQUE (AVENUE DU),48.6829,2.1936,Plein jour,En agglomération,Hors intersection,Normale,Deux véhicules - frontale,4,2,2,0,1,1,1,0,1,45,2,2,1,0,1,0,38.0,44.0,voiture,deux_roues,1,2,1,1,1
201900037791,2019-04-06 18:15:00,2019,4,6,18,15,91,91687,MARMONT (AVENUE),48.67129,2.36281,Plein jour,En agglomération,Intersection en T,Normale,Deux véhicules - frontale,4,1,2,0,1,1,1,5,1,50,2,1,0,0,0,1,64.0,,voiture,,1,2,3,1,1
201900037792,2019-04-06 10:30:00,2019,4,6,10,30,91,91326,COUR DE FRANCE (AVENUE DE LA),48.69707,2.37192,Plein jour,En agglomération,Autre intersection,Normale,Autre collision,9,-1,0,0,1,1,1,9,1,50,1,2,1,0,0,1,23.0,,deux_roues,,1,2,9,1,6
201900037793,2019-04-04 06:45:00,2019,4,4,6,45,91,91326,DRAVEIL (RUE DE),48.68916,2.38389,Crépuscule ou aube,En agglomération,Hors intersection,Normale,Autre collision,4,1,1,0,1,1,1,0,1,50,1,2,1,0,0,1,29.0,,utilitaire_camion,,2,2,1,1,6
201900037794,2019-04-03 18:08:00,2019,4,3,18,8,91,91223,COQUERIVE (AVENUE DE),48.43502,2.16816,Plein jour,En agglomération,Intersection en T,Normale,Deux véhicules - côté,2,1,1,0,2,1,2,0,1,50,2,2,1,0,0,1,39.0,69.0,voiture,deux_roues,1,2,3,1,3
201900037795,2019-04-05 17:45:00,2019,4,5,17,45,91,91027,MITTERAND (AVENUE FRANCOIS) N° 2 A 110,48.70422,2.37158,Plein jour,En agglomération,Hors intersection,Normale,Deux véhicules - côté,2,2,5,0,1,1,1,0,1,50,2,2,1,0,0,1,22.0,40.0,utilitaire_camion,utilitaire_camion,1,2,1,1,3
201900037796,2019-04-04 16:49:00,2019,4,4,16,49,87,87085,BUISSON (RUE FERDINAND),45.82567,1.25719,Plein jour,En agglomération,Intersection en T,Normale,Autre collision,4,2,2,0,1,1,1,0,1,50,2,3,1,0,0,2,21.0,71.0,voiture,voiture,1,2,3,1,6
201900037797,2019-04-03 09:04:00,2019,4,3,9,4,87,87085,FAYOLLE (ALLEE DU MARECHAL),45.83292,1.22181,Plein jour,Hors agglomération,Hors intersection,Pluie légère,Autre collision,4,2,1,0,1,1,2,0,1,30,1,2,1,0,0,1,25.0,,voiture,,1,1,1,2,6
201900037798,2019-04-01 04:45:00,2019,4,1,4,45,86,86214,LIGUGE (ROUTE DE),46.53862,0.35466,Nuit sans éclairage public,Hors agglomération,Hors intersection,Normale,Autre collision,3,2,3,1,1,1,1,0,1,80,1,2,1,0,1,0,34.0,,voiture,,3,1,1,1,6
201900037799,2019-03-30 05:52:00,2019,3,30,5,52,84,84035,ISLE/SORGUE-RD 938 (ROUTE DE L'),43.88053,5.01502,Nuit sans éclairage public,Hors agglomération,Hors intersection,Normale,Deux véhicules - arrière,3,2,2,0,1,1,1,0,1,80,2,4,2,0,0,2,50.0,20.0,deux_roues,voiture,3,1,1,1,2
201900037800,2019-03-29 14:47:00,2019,3,29,14,47,84,84035,ROBION-RD2 (ROUTE DE),43.8430504,5.0746858,Plein jour,Hors agglomération,Intersection en Y,Normale,Deux véhicules - côté,3,2,2,0,1,1,1,0,1,80,2,2,1,0,1,0,49.0,18.0,utilitaire_camion,deux_roues,1,1,4,1,3
201900037801,2019-03-03 10:30:00,2019,3,3,10,30,84,84031,COMTAT VENAISSIN,44.03947,5.06581,Plein jour,Hors agglomération,Hors intersection,Normale,Sans collision,3,2,2,0,1,1,1,0,1,50,1,1,0,0,1,0,24.0,,voiture,,1,1,1,1,7
201900037802,2019-04-05 16:10:00,2019,4,5,16,10,83,83137,SAINTE CLAIRE DEVILLE (RUE HENRI),43.12765,5.97813,Plein jour,En agglomération,Hors intersection,Normale,Deux véhicules - côté,4,2,2,2,1,1,1,0,1,50,2,2,0,0,1,1,64.0,31.0,deux_roues,deux_roues,1,2,1,1,3
201900037803,2019-04-04 21:00:00,2019,4,4,21,0,83,83137,PLAISANCE (CHEMIN DE),43.13071,5.9188,Nuit avec éclairage allumé,En agglomération,Intersection en T,Normale,Deux véhicules - côté,4,2,2,0,1,1,1,0,1,50,2,2,1,0,1,0,34.0,41.0,voiture,deux_roues,5,2,3,1,3
201900037804,2019-04-04 13:40:00,2019,4,4,13,40,83,83137,BESAGNE (AVE DE),43.11944,5.93513,Plein jour,En agglomération,Autre intersection,Normale,Deux véhicules - côté,9,-1,1,3,2,1,1,1,1,50,2,4,2,0,0,2,49.0,16.0,autre,deux_roues,1,2,9,1,3
201900037805,2019-07-22 12:50:00,2019,7,22,12,50,94,94070,PARIS (RTE DE),48.71985,2.56636,Plein jour,En agglomération,Intersection en X,Normale,Deux véhicules - côté,2,3,3,0,1,1,1,0,1,50,2,2,1,0,0,1,18.0,40.0,voiture,voiture,1,2,2,1,3
201900037806,2019-07-22 08:45:00,2019,7,22,8,45,93,93066,WILSON (AVENUE DU PRESIDENT),48.91052,2.35851,Plein jour,En agglomération,Hors intersection,Normale,Trois véhicules et plus - en chaîne,3,1,2,0,1,1,1,0,1,50,3,3,1,0,0,2,25.0,37.0,utilitaire_camion,voiture,1,2,1,1,4
201900037807,2019-07-22 13:20:00,2019,7,22,13,20,93,93055,DELIZY (DU 23 A FIN ET DU 20 A FIN),48.89751,2.40762,Plein jour,En agglomération,Hors intersection,Normale,Deux véhicules - frontale,3,2,2,0,2,1,1,0,1,50,2,2,1,0,0,1,32.0,27.0,deux_roues,voiture,1,2,1,1,1
201900037808,2019-07-20 22:50:00,2019,7,20,22,50,93,93053,GALLIENI (AVENUE),48.88758,2.45903,Nuit avec éclairage allumé,En agglomération,Hors intersection,Pluie légère,Deux véhicules - arrière,3,2,2,0,1,1,2,2,1,30,2,2,1,0,0,1,43.0,,voiture,,5,2,1,2,2
201900037809,2019-07-21 21:40:00,2019,7,21,21,40,93,93048,THEOPHILE SUEUR (BOULEVARD),48.85927,2.46671,Crépuscule ou aube,En agglomération,Hors intersection,Normale,Deux véhicules - arrière,3,2,2,0,1,1,1,0,1,50,2,1,0,0,0,1,85.0,,voiture,,2,2,1,1,2
201900037810,2019-07-22 17:21:00,2019,7,22,17,21,93,93006,MARCEL ETIENNE RUE,48.85602,2.41698,Plein jour,En agglomération,Hors intersection,Normale,Autre collision,4,2,2,0,1,1,1,0,1,50,1,2,1,0,0,1,70.0,,voiture,,1,2,1,1,6
201900037811,2019-07-21 23:40:00,2019,7,21,23,40,93,93032,ORMES   (PLACE DES),48.87257,2.55955,Nuit avec éclairage allumé,En agglomération,Hors intersection,Normale,Deux véhicules - côté,4,2,2,0,1,1,1,0,1,50,2,3,2,0,0,1,41.0,25.0,voiture,voiture,5,2,1,1,3
201900037812,2019-07-21 22:50:00,2019,7,21,22,50,93,93014,MONTFERMEIL (ALLEE DE),48.8989,2.5464,Nuit avec éclairage allumé,En agglomération,Intersection en X,Normale,Deux véhicules - côté,3,3,3,1,1,1,1,0,1,50,2,2,1,0,0,1,20.0,34.0,utilitaire_camion,utilitaire_camion,5,2,2,1,3