accident_id,datetime,annee,mois,jour,heure,minute,departement,commune_insee,adresse,latitude,longitude,luminosite,agglomeration,intersection,meteo,collision,catr,circ,nbv,vosp,prof,plan,surf,infra,situ,vma,nb_vehicules,nb_usagers,nb_indemnes,nb_tues,nb_blesses_hosp,nb_blesses_legers,age_cond_1,age_cond_2,veh_type_cond_1,veh_type_cond_2,lum_code,agg_code,int_code,atm_code,col_code
201900037998,2019-12-11 08:35:00,2019,12,11,8,35,92,92012,POINT DU JOUR (RUE DU),48.83351,2.2554,Plein jour,En agglomération,Intersection en X,Pluie légère,Autre collision,4,1,1,0,1,1,2,0,1,30,1,2,1,0,0,1,25.0,,voiture,,1,2,2,2,6
201900037999,2019-12-11 00:10:00,2019,12,11,0,10,93,93005,AUTOROUTE A104,48.97284,2.49233,Nuit avec éclairage non allumé,Hors agglomération,Hors intersection,Pluie légère,Autre collision,1,3,8,0,3,3,2,3,1,90,1,1,0,0,0,1,33.0,,voiture,,4,1,1,2,6
201900038000,2019-12-12 08:15:00,2019,12,12,8,15,974,97416,BONS ENFANTS (RUE DES),-21.33967,55.4735,Plein jour,En agglomération,Hors intersection,Normale,Trois véhicules et plus - collisions multiples,4,1,1,0,1,1,1,0,1,50,3,3,2,0,0,1,53.0,54.0,voiture,deux_roues,1,2,1,1,5
201900038001,2019-12-12 07:00:00,2019,12,12,7,0,974,97409,MASCAREIGNES (Avenue des),-20.940188,55.647155,Plein jour,En agglomération,Intersection en T,Pluie forte,Deux véhicules - côté,2,2,2,0,1,1,2,0,1,50,2,2,1,0,0,1,28.0,50.0,voiture,deux_roues,1,2,3,3,3
201900038002,2019-12-11 17:00:00,2019,12,11,17,0,974,97407,MASCAREIGNES(BOULEVARD),-20.9418,55.3068,Plein jour,En agglomération,Autre intersection,Normale,Autre collision,4,2,2,0,1,1,1,0,1,50,2,3,1,0,0,2,53.0,66.0,voiture,deux_roues,1,2,9,1,6
201900038003,2019-12-12 17:50:00,2019,12,12,17,50,69,69387,UNIVERSITE (DE L')                  (R ),45.7503,4.84013,Nuit avec éclairage allumé,En agglomération,Intersection en X,Normale,Autre collision,4,1,4,0,1,1,1,0,1,50,1,2,1,0,0,1,31.0,,voiture,,5,2,2,1,6
201900038004,2019-12-12 15:45:00,2019,12,12,15,45,69,69259,LENINE                              (BD),45.69608,4.86269,Plein jour,En agglomération,Hors intersection,Normale,Sans collision,4,-1,1,0,1,1,1,0,1,50,1,1,0,0,0,1,27.0,,deux_roues,,1,2,1,1,7
201900038005,2019-12-12 12:56:00,2019,12,12,12,56,69,69383,FELIX FAURE                         (AV),45.75393,4.86157,Plein jour,En agglomération,Intersection en X,Normale,Deux véhicules - côté,4,2,4,3,1,1,1,0,1,50,2,2,1,0,0,1,26.0,69.0,deux_roues,voiture,1,2,2,1,3
201900038006,2019-12-12 16:40:00,2019,12,12,16,40,972,97209,RAVINE VILAINE (CHEMIN DEPARTEMENTAL DE),14.63182,-61.05969,Plein jour,En agglomération,Hors intersection,Normale,Deux véhicules - côté,3,2,2,0,1,1,1,0,1,50,2,2,1,0,1,0,60.0,43.0,voiture,voiture,1,2,1,1,3
201900038007,2019-12-12 06:20:00,2019,12,12,6,20,972,97209,RD 41 (ROCADE),14.61368,-61.06393,Plein jour,En agglomération,Hors intersection,Normale,Deux véhicules - côté,3,3,4,0,2,1,1,0,1,70,2,2,1,0,0,1,22.0,55.0,voiture,utilitaire_camion,1,2,1,1,3
201900038008,2019-12-12 08:20:00,2019,12,12,8,20,972,97209,CHATEAUBOEUF (ROUTE DE),14.61601,-61.05032,Plein jour,En agglomération,Intersection en T,Normale,Trois véhicules et plus - collisions multiples,3,2,2,0,1,1,1,0,1,50,3,4,2,0,0,2,64.0,31.0,voiture,deux_roues,1,2,3,1,5
201900038009,2019-12-12 13:35:00,2019,12,12,13,35,69,69389,PROFESSEUR PATEL (DU)               (R ),45.76717,4.79101,Plein jour,En agglomération,Hors intersection,Normale,Sans collision,4,2,3,0,1,2,1,0,1,50,1,1,0,0,0,1,38.0,,deux_roues,,1,2,1,1,7
201900038010,2019-12-12 11:30:00,2019,12,12,11,30,69,69381,PECHERIE (DE LA)                    (QU),45.76671,4.8302,Plein jour,En agglomération,Hors intersection,Normale,Autre collision,4,-1,1,0,1,1,1,0,1,50,2,3,2,0,0,1,61.0,24.0,voiture,deux_roues,1,2,1,1,6
201900038011,2019-12-12 10:55:00,2019,12,12,10,55,69,69382,PERRACHE                            (QU),45.74658,4.82867,Plein jour,En agglomération,Intersection en Y,Normale,Deux véhicules - côté,4,1,2,0,1,1,1,0,1,50,2,2,1,0,0,1,56.0,60.0,voiture,voiture,1,2,4,1,3
201900038012,2019-12-12 07:40:00,2019,12,12,7,40,69,69202,GEORGES CLEMENCEAU                  (R ),45.74788,4.8091,Plein jour,En agglomération,Giratoire,Temps couvert,Deux véhicules - côté,4,4,2,0,2,3,2,0,5,50,2,2,1,0,0,1,59.0,46.0,voiture,deux_roues,1,2,6,8,3
201900038013,2019-12-12 10:15:00,2019,12,12,10,15,91,91589,PERI (AVENUE GABRIEL),48.6919,2.34846,Plein jour,En agglomération,Intersection en X,Temps couvert,Deux véhicules - côté,4,2,2,0,1,1,2,0,1,50,2,2,1,0,0,1,28.0,83.0,voiture,voiture,1,2,2,8,3
201900038014,2019-12-12 09:20:00,2019,12,12,9,20,91,91589,ALLEMANE (RUE JEAN),48.6897,2.33977,Plein jour,En agglomération,Intersection en T,Temps couvert,Deux véhicules - côté,4,2,2,0,1,1,2,0,1,50,2,2,0,0,0,2,14.0,,deux_roues,,1,2,3,8,3
201900038015,2019-12-07 15:30:00,2019,12,7,15,30,91,91228,EUROPE (BD) N) IMPAIR,48.63094,2.42467,Plein jour,En agglomération,Intersection en X,Normale,Deux véhicules - côté,3,3,4,0,1,1,1,0,1,50,2,5,4,0,0,1,26.0,51.0,voiture,voiture,1,2,2,1,3
201900038016,2019-12-12 19:30:00,2019,12,12,19,30,91,91201,MAINVILLE(RUE DE),48.68574,2.41122,Nuit avec éclairage allumé,En agglomération,Hors intersection,Pluie légère,Autre collision,4,2,2,0,1,1,2,0,1,50,1,3,2,0,0,1,67.0,,voiture,,5,2,1,2,6
201900038017,2019-12-12 18:25:00,2019,12,12,18,25,91,91201,BEAUMONT(AVENUE DE),48.68069,2.39997,Nuit avec éclairage allumé,En agglomération,Hors intersection,Pluie forte,Autre collision,4,3,3,0,1,1,2,0,1,50,1,2,1,0,0,1,43.0,,voiture,,5,2,1,3,6
201900038018,2019-12-09 16:55:00,2019,12,9,16,55,88,88424,Alsace ( Rue d ' ),48.26895,6.97971,Nuit avec éclairage allumé,En agglomération,Hors intersection,Pluie forte,Autre collision,9,2,2,3,1,1,2,9,6,50,1,2,1,0,1,0,21.0,,voiture,,5,2,1,3,6
201900038019,2019-12-12 18:55:00,2019,12,12,18,55,88,88160,REMIREMONT (RUE DE),48.1617,6.4505,Nuit avec éclairage allumé,En agglomération,Hors intersection,Normale,Autre collision,3,2,2,0,1,1,2,0,1,50,1,2,1,0,0,1,21.0,,voiture,,5,2,1,1,6
201900038020,2019-12-12 08:55:00,2019,12,12,8,55,85,85194,RUE DE LA BRECHOIRE ,46.53408,-1.80554,Plein jour,En agglomération,Hors intersection,Normale,Sans collision,4,2,1,0,1,1,2,0,1,50,1,2,0,1,1,0,92.0,,voiture,,1,2,1,1,7
201900038021,2019-12-02 20:00:00,2019,12,2,20,0,84,84007,MONTFAVET (Route),43.9408,4.8273,Nuit avec éclairage non allumé,Hors agglomération,Hors intersection,Normale,Deux véhicules - côté,4,2,0,1,1,1,1,0,1,50,2,2,1,0,1,0,19.0,55.0,voiture,voiture,4,1,1,1,3
201900038022,2019-11-29 12:30:00,2019,11,29,12,30,84,84007,CROIX ROUGE( Avenue de la ),43.93129,4.83019,Plein jour,En agglomération,Intersection en X,Normale,Deux véhicules - côté,4,2,4,3,1,1,1,4,1,50,2,2,1,0,1,0,38.0,48.0,voiture,voiture,1,2,2,1,3
201900038023,2019-12-12 14:20:00,2019,12,12,14,20,83,83009,BEAUSSET (ROUTE DU),43.149722,5.764611,Plein jour,Hors agglomération,Hors intersection,Normale,Deux véhicules - frontale,3,2,2,0,1,3,1,0,1,70,2,2,1,0,0,1,36.0,67.0,voiture,voiture,1,1,1,1,1
201900038024,2019-12-10 09:08:00,2019,12,10,9,8,80,80021,ALEXANDRE DUMAS (RUE),49.87545,2.28208,Plein jour,En agglomération,Intersection en X,Normale,Deux véhicules - côté,4,2,2,0,1,1,1,0,1,50,2,2,1,0,0,1,32.0,46.0,deux_roues,voiture,1,2,2,1,3
201900038025,2019-12-02 09:00:00,2019,12,2,9,0,80,80021,ALEXANDRE DUMAS (RUE),49.87511,2.29326,Plein jour,En agglomération,Hors intersection,Normale,Deux véhicules - côté,4,2,3,0,1,1,2,0,1,50,2,2,0,0,0,2,19.0,36.0,voiture,voiture,1,2,1,1,3
201900038026,2019-12-12 18:50:00,2019,12,12,18,50,78,78650,CARNOT (BOULEVARD),48.89657,2.12083,Nuit avec éclairage allumé,En agglomération,Hors intersection,Normale,Autre collision,3,2,-1,-1,1,1,1,0,1,-1,1,2,1,0,0,1,18.0,,voiture,,5,2,1,1,6
201900038027,2019-12-12 17:40:00,2019,12,12,17,40,77,77350,D35 X RUE G. COGNET,48.77216,2.67567,Nuit avec éclairage allumé,En agglomération,Intersection en Y,Pluie forte,Autre collision,3,2,2,0,1,1,2,5,1,30,1,1,0,0,0,1,,,,,5,2,4,3,6
201900038028,2019-12-12 16:00:00,2019,12,12,16,0,77,77180,CD 35,48.73773,2.66699,Plein jour,Hors agglomération,Hors intersection,Pluie légère,Deux véhicules - côté,3,2,2,0,1,3,1,0,1,80,2,2,1,0,0,1,39.0,34.0,voiture,deux_roues,1,1,1,2,3
201900038029,2019-11-21 15:30:00,2019,11,21,15,30,77,77268,MOULIN A VENT,48.86687,2.8099,Plein jour,En agglomération,Hors intersection,Normale,Sans collision,4,2,2,0,1,1,1,0,1,50,1,2,1,0,0,1,60.0,,voiture,,1,2,1,1,7
201900038030,2019-12-11 22:00:00,2019,12,11,22,0,76,76540,RONDEAUX. AVENUE JEAN,49.43887,1.07999,Nuit avec éclairage allumé,En agglomération,Intersection en X,Normale,Deux véhicules - côté,2,2,5,3,1,1,1,0,1,50,2,2,0,0,0,2,49.0,23.0,voiture,voiture,5,2,2,1,3
201900038031,2019-06-28 15:20:00,2019,6,28,15,20,76,76497,RN 138,49.3961125,1.0332476,Plein jour,Hors agglomération,Hors intersection,Normale,Deux véhicules - arrière,2,3,3,0,1,1,1,0,1,110,2,5,1,0,0,4,27.0,63.0,voiture,voiture,1,1,1,1,2
201900038032,2019-12-06 11:20:00,2019,12,6,11,20,76,76707,RD 915,49.87074,1.10246,Plein jour,Hors agglomération,Hors intersection,Pluie forte,Trois véhicules et plus - en chaîne,3,2,2,0,2,1,2,0,1,80,3,3,2,0,0,1,21.0,44.0,voiture,voiture,1,1,1,3,4
201900038033,2019-12-12 16:15:00,2019,12,12,16,15,74,74118,DE GAULLE (RUE CHARLES),46.16565,6.1877,Plein jour,En agglomération,Hors intersection,Normale,Trois véhicules et plus - en chaîne,3,2,2,0,1,1,1,0,1,50,3,3,2,0,0,1,39.0,45.0,voiture,voiture,1,2,1,1,4
201900038034,2019-12-12 21:00:00,2019,12,12,21,0,64,64445,UNIVERSITE DE L',43.3114,-0.3633,Nuit avec éclairage allumé,En agglomération,Hors intersection,Pluie légère,Autre collision,4,1,2,0,1,1,2,0,1,50,2,2,1,0,0,1,77.0,41.0,voiture,voiture,5,2,1,2,6
201900038035,2019-12-12 07:20:00,2019,12,12,7,20,64,64445,LOUP DU,43.31633,-0.35319,Nuit avec éclairage allumé,En agglomération,Hors intersection,Pluie légère,Autre collision,4,2,2,0,1,1,2,0,1,50,1,2,1,0,0,1,45.0,,voiture,,5,2,1,2,6
201900038036,2019-12-11 17:31:00,2019,12,11,17,31,63,63164,AULNAT (ROUTE D'),45.81069,3.1518,Nuit sans éclairage public,En agglomération,Hors intersection,Normale,Trois véhicules et plus - collisions multiples,7,2,2,0,1,1,1,0,1,70,3,4,1,0,0,3,30.0,33.0,voiture,utilitaire_camion,3,2,1,1,5
201900038037,2019-12-10 10:35:00,2019,12,10,10,35,62,62178,CARON ( AUGUSTIN ),50.47471,2.53778,Plein jour,En agglomération,Hors intersection,Temps couvert,Sans collision,4,2,-1,0,3,2,7,0,1,50,1,1,0,0,1,0,52.0,,deux_roues,,1,2,1,8,7
201900038038,2019-12-11 18:10:00,2019,12,11,18,10,60,60463,HUIT MAI (AVENUE DU),49.27364,2.46698,Nuit sans éclairage public,En agglomération,Hors intersection,Temps couvert,Autre collision,4,-1,2,0,1,1,1,0,1,30,1,2,1,0,0,1,54.0,,voiture,,3,2,1,8,6
201900038039,2019-12-12 20:00:00,2019,12,12,20,0,59,59650,PHILIPPOT (RUE GEORGES),50.70902,3.206929,Nuit avec éclairage allumé,En agglomération,Hors intersection,Pluie forte,Autre collision,4,2,1,0,1,3,2,0,1,50,1,2,1,0,0,1,48.0,,voiture,,5,2,1,3,6
201900038040,2019-12-11 19:00:00,2019,12,11,19,0,59,59654,FERRY (RUE JULES),50.3918317,3.1246441,Nuit avec éclairage allumé,En agglomération,Hors intersection,Normale,Deux véhicules - arrière,3,2,2,0,1,1,1,0,1,50,2,3,2,0,0,1,65.0,33.0,voiture,voiture,5,2,1,1,2
201900038041,2019-12-11 17:35:00,2019,12,11,17,35,59,59178,FLERS (RUE DE),50.38471,3.06445,Nuit avec éclairage allumé,En agglomération,Hors intersection,Normale,Autre collision,3,2,2,0,1,1,1,0,1,50,1,2,1,0,0,1,62.0,,voiture,,5,2,1,1,6
201900038042,2019-12-12 07:23:00,2019,12,12,7,23,57,57480,SAINT LADRE (RUE ),49.0990975,6.1574627,Nuit avec éclairage allumé,En agglomération,Intersection en X,Pluie légère,Autre collision,4,2,2,0,1,1,2,0,1,50,1,2,1,0,1,0,49.0,,voiture,,5,2,2,2,6
201900038043,2019-12-11 12:40:00,2019,12,11,12,40,57,57463,GEORGES DUCROCQ (RUE ),49.10971,6.18712,Plein jour,En agglomération,Giratoire,Pluie légère,Autre collision,4,-1,2,0,1,1,2,0,1,30,1,2,1,0,1,0,47.0,,transport_commun,,1,2,6,2,6
201900038044,2019-12-11 00:47:00,2019,12,11,0,47,57,57463,ANDRE MAGINOT (BOULEVARD),49.1183199,6.1848709,Nuit avec éclairage allumé,En agglomération,Hors intersection,Temps couvert,Autre collision,4,2,3,0,2,3,1,0,4,50,1,1,0,0,1,0,26.0,,voiture,,5,2,1,8,6
201900038045,2019-12-11 15:30:00,2019,12,11,15,30,56,56260,RN 165 -SENS NANTES / LORIENT-,47.66126,-2.70924,Plein jour,Hors agglomération,Hors intersection,Pluie forte,Sans collision,2,3,4,0,3,1,2,0,1,110,1,1,0,1,0,0,53.0,,utilitaire_camion,,1,1,1,3,7
201900038046,2019-12-12 08:15:00,2019,12,12,8,15,56,56121,BLUM ( BD LEON ),47.74633,-3.37887,Nuit avec éclairage allumé,En agglomération,Hors intersection,Pluie forte,Autre collision,4,2,2,0,2,1,2,0,1,50,1,2,1,0,1,0,33.0,,utilitaire_camion,,5,2,1,3,6
201900038047,2019-12-12 18:45:00,2019,12,12,18,45,54,54547,MIRECOURT (ROUTE DE),48.6697,6.1921,Nuit avec éclairage allumé,En agglomération,Hors intersection,Normale,Deux véhicules - côté,4,2,2,0,2,1,1,0,1,50,2,3,2,0,1,0,18.0,48.0,voiture,deux_roues,5,2,1,1,3
201900038048,2019-12-10 07:30:00,2019,12,10,7,30,54,54578,AIGUILLETTES  (BD 5A A 17A),48.675818,6.149013,Crépuscule ou aube,En agglomération,Hors intersection,Normale,Deux véhicules - arrière,4,2,2,0,1,1,2,0,1,50,2,2,1,0,0,1,28.0,54.0,voiture,voiture,2,2,1,1,2
201900038049,2019-12-11 09:23:00,2019,12,11,9,23,54,54357,PASCAL (RUE BLAISE),48.70449,6.13825,Plein jour,En agglomération,Hors intersection,Pluie légère,Sans collision,4,2,2,0,1,1,2,0,1,50,1,4,3,0,0,1,48.0,,voiture,,1,2,1,2,7
201900038050,2019-12-12 08:16:00,2019,12,12,8,16,54,54304,FOCH (BOULEVARD MARECHAL),48.68312,6.15121,Crépuscule ou aube,En agglomération,Hors intersection,Temps couvert,Sans collision,4,-1,2,0,1,1,1,0,1,50,1,2,1,0,0,1,49.0,,voiture,,2,2,1,8,7
201900038051,2019-12-12 07:15:00,2019,12,12,7,15,54,54395,MOLITOR (RUE),48.68566,6.19595,Nuit avec éclairage allumé,En agglomération,Intersection en X,Normale,Sans collision,4,1,2,0,1,1,2,0,1,50,1,3,2,0,0,1,53.0,,voiture,,5,2,2,1,7
201900038052,2019-12-09 17:30:00,2019,12,9,17,30,54,54300,GALTIER (RUE LUCIEN),48.66164,6.22131,Nuit avec éclairage allumé,En agglomération,Hors intersection,Normale,Sans collision,4,2,2,0,1,1,1,0,1,50,1,2,1,0,0,1,47.0,,voiture,,5,2,1,1,7
201900038053,2019-12-11 08:01:00,2019,12,11,8,1,54,54257,SONGEUR (RUE LEON),48.65611,6.19948,Nuit avec éclairage allumé,Hors agglomération,Hors intersection,Pluie forte,Sans collision,4,2,2,0,2,2,2,0,-1,50,1,2,1,0,0,1,42.0,,voiture,,5,1,1,3,7
201900038054,2019-12-10 15:20:00,2019,12,10,15,20,54,54526,MOULIN (RUE JEAN),48.696231,6.215469,Plein jour,En agglomération,Hors intersection,Normale,Sans collision,4,-1,2,0,1,1,1,0,1,50,1,2,1,0,0,1,54.0,,utilitaire_camion,,1,2,1,1,7
201900038055,2019-12-12 09:05:00,2019,12,12,9,5,51,51454,AVENUE EDMOND MICHELET,49.2243907,4.0309509,Plein jour,En agglomération,Giratoire,Normale,Deux véhicules - côté,4,2,1,0,1,3,1,5,1,50,2,2,1,0,0,1,24.0,36.0,deux_roues,utilitaire_camion,1,2,6,1,3
201900038056,2019-12-11 08:30:00,2019,12,11,8,30,51,51454,RUE DE TURENNE,49.2230898,4.0310004,Plein jour,En agglomération,Intersection en T,Pluie forte,Sans collision,4,2,2,0,1,3,2,0,1,50,1,2,1,0,0,1,79.0,,voiture,,1,2,3,3,7
201900038057,2019-12-12 08:30:00,2019,12,12,8,30,50,50502,Lycette d'Arsonval,49.108152,-1.057799,Plein jour,En agglomération,Intersection en T,Pluie légère,Deux véhicules - frontale,4,2,2,0,1,1,2,0,1,50,2,4,0,0,0,4,18.0,34.0,utilitaire_camion,utilitaire_camion,1,2,3,2,1
201900038058,2019-12-09 16:40:00,2019,12,9,16,40,50,50129,CACHIN (RUE DE L'INGENIEUR),49.6394,-1.61417,Plein jour,En agglomération,Intersection en X,Normale,Deux véhicules - côté,4,1,1,0,1,1,1,5,1,50,2,2,1,0,0,1,40.0,18.0,voiture,voiture,1,2,2,1,3
201900038059,2019-12-11 18:28:00,2019,12,11,18,28,49,49007,MADELEINE,47.4577,-0.53328,Nuit avec éclairage allumé,En agglomération,Hors intersection,Pluie légère,Sans collision,4,2,2,0,1,1,2,0,1,60,1,2,1,0,0,1,25.0,,voiture,,5,2,1,2,7
201900038060,2019-12-10 21:45:00,2019,12,10,21,45,49,49267,BEAUFORT ROUTE,47.47044,-0.45336,Nuit sans éclairage public,En agglomération,Hors intersection,Pluie légère,Sans collision,4,2,2,0,1,1,2,0,1,60,1,1,0,0,0,1,42.0,,voiture,,3,2,1,2,7
201900038061,2019-12-12 17:25:00,2019,12,12,17,25,41,41269,LECLERC (MAIL DU MARECHAL),47.79472,1.06769,Nuit avec éclairage allumé,En agglomération,Hors intersection,Pluie légère,Autre collision,4,2,2,0,1,1,2,0,1,30,1,1,0,0,1,0,,,,,5,2,1,2,6
201900038062,2019-12-12 17:10:00,2019,12,12,17,10,37,37261,GIRAUDEAU (RUE),47.3845341,0.6768334,Nuit avec éclairage allumé,En agglomération,Intersection en X,Pluie forte,Autre collision,4,2,2,0,1,1,2,5,1,50,1,2,1,0,0,1,45.0,,voiture,,5,2,2,3,6
201900038063,2019-12-12 09:35:00,2019,12,12,9,35,37,37122,RD 37,47.36434,0.65011,Plein jour,En agglomération,Hors intersection,Pluie légère,Trois véhicules et plus - en chaîne,3,3,2,0,2,1,2,0,1,90,5,5,4,0,0,1,28.0,41.0,voiture,utilitaire_camion,1,2,1,2,4
201900038064,2019-12-13 00:50:00,2019,12,13,0,50,35,35238,HORLOGE (DE L'),48.11176,-1.68027,Nuit avec éclairage allumé,En agglomération,Intersection en X,Pluie forte,Deux véhicules - côté,4,2,0,3,4,1,2,0,1,30,2,2,1,0,1,0,23.0,18.0,voiture,deux_roues,5,2,2,3,3
201900038065,2019-12-12 16:05:00,2019,12,12,16,5,35,35238,RN 12,48.119217,-1.72069,Plein jour,Hors agglomération,Hors intersection,Pluie légère,Sans collision,2,1,1,0,1,3,2,3,1,70,1,2,1,0,0,1,34.0,,utilitaire_camion,,1,1,1,2,7
201900038066,2019-12-12 07:15:00,2019,12,12,7,15,35,35281,MIVOIE (ROUTE DE),48.06991,-1.71013,Nuit avec éclairage non allumé,Hors agglomération,Intersection en T,Pluie légère,Deux véhicules - côté,3,2,2,0,1,1,2,0,1,50,2,2,1,0,1,0,18.0,30.0,deux_roues,voiture,4,1,3,2,3
201900038067,2019-12-11 21:35:00,2019,12,11,21,35,35,35055,DE BEAUVOIR SIMONE (RUE),48.093389,-1.608163,Nuit avec éclairage allumé,En agglomération,Intersection en T,Pluie légère,Deux véhicules - côté,4,2,2,0,1,1,2,0,1,50,2,2,1,0,0,1,21.0,25.0,deux_roues,voiture,5,2,3,2,3
201900038068,2019-12-11 09:41:00,2019,12,11,9,41,34,34172,PAPYRUS (RUE DES),43.6208,3.8501,Plein jour,En agglomération,Hors intersection,Temps couvert,Deux véhicules - côté,4,2,2,0,1,1,1,0,1,50,2,2,1,0,1,0,56.0,32.0,deux_roues,utilitaire_camion,1,2,1,8,3
201900038069,2019-12-11 19:19:00,2019,12,11,19,19,33,33063,PCE DE L'EUROPE,44.85911,-0.58108,Nuit avec éclairage allumé,En agglomération,Hors intersection,Pluie légère,Autre collision,4,2,2,0,1,1,2,0,1,30,1,2,1,0,0,1,26.0,,voiture,,5,2,1,2,6
201900038070,2019-12-10 16:50:00,2019,12,10,16,50,33,33281,AVE BON AIR,44.82639,-0.64947,Plein jour,En agglomération,Intersection en T,Normale,Deux véhicules - côté,4,2,4,2,1,1,1,0,1,50,2,2,1,0,1,0,44.0,22.0,voiture,deux_roues,1,2,3,1,3
201900038071,2019-11-25 14:20:00,2019,11,25,14,20,30,30028,ROUTE DE SAINT GERVAIS,44.1789,4.61166,Plein jour,Hors agglomération,Hors intersection,Normale,Deux véhicules - arrière,3,2,2,0,1,1,1,0,1,50,2,2,1,0,1,0,68.0,34.0,deux_roues,voiture,1,1,1,1,2
201900038072,2019-12-03 09:20:00,2019,12,3,9,20,29,29232,KERUSTUM  ROND POINT DE,47.97884,-4.09472,Plein jour,Hors agglomération,Giratoire,Autre,Deux véhicules - côté,3,1,1,0,1,2,1,5,1,70,2,2,0,0,0,2,41.0,20.0,voiture,voiture,1,1,6,9,3
201900038073,2019-12-03 07:30:00,2019,12,3,7,30,29,29232,BREST ROUTE DE,48.01097,-4.08038,Nuit avec éclairage allumé,En agglomération,Hors intersection,Autre,Deux véhicules - frontale,4,2,2,0,1,1,2,0,1,70,2,4,0,0,0,4,22.0,19.0,utilitaire_camion,voiture,5,2,1,9,1
201900038074,2019-12-11 10:50:00,2019,12,11,10,50,29,29039,RN165 (VE),47.93869,-3.91622,Plein jour,Hors agglomération,Hors intersection,Neige / grêle,Sans collision,2,3,4,0,1,1,7,0,2,110,1,1,0,0,0,1,26.0,,utilitaire_camion,,1,1,1,4,7
201900038075,2019-12-10 08:15:00,2019,12,10,8,15,29,29019,FOCH MARECHAL,48.3958877,-4.4885914,Crépuscule ou aube,En agglomération,Hors intersection,Pluie légère,Autre collision,4,2,2,3,1,1,2,0,1,50,1,2,1,0,0,1,63.0,,voiture,,2,2,1,2,6
201900038076,2019-12-02 13:50:00,2019,12,2,13,50,28,28085,CLEMENCEAU (BOULEVARD GEORGES),48.4468,1.49374,Plein jour,En agglomération,Intersection en X,Normale,Autre collision,4,2,2,0,1,1,1,6,1,50,1,1,0,0,0,1,,,,,1,2,2,1,6
201900038077,2019-12-12 13:25:00,2019,12,12,13,25,27,27229,VERNON (RUE DE),49.02325,1.16929,Plein jour,En agglomération,Giratoire,Pluie légère,Deux véhicules - côté,4,2,2,0,1,3,2,0,1,50,2,2,1,0,0,1,74.0,42.0,voiture,deux_roues,1,2,6,2,3
201900038078,2019-12-11 19:30:00,2019,12,11,19,30,27,27306,CARAVELLES (RUE DES),49.0078672,1.170753,Nuit avec éclairage allumé,En agglomération,Hors intersection,Autre,Deux véhicules - côté,4,2,-1,-1,1,1,-1,0,1,-1,2,2,1,0,0,1,19.0,45.0,voiture,voiture,5,2,1,9,3
201900038079,2019-12-12 08:10:00,2019,12,12,8,10,27,27229,ARTOIS (RUE D'),49.03295,1.13644,Crépuscule ou aube,En agglomération,Intersection en T,Temps couvert,Autre collision,4,1,1,0,1,1,2,0,1,50,1,2,1,0,0,1,25.0,,voiture,,2,2,3,8,6
201900038080,2019-12-02 13:25:00,2019,12,2,13,25,27,27229,SAINT GERMAIN (RUE),49.01955,1.13901,Plein jour,En agglomération,Intersection en X,Normale,Deux véhicules - côté,4,2,2,0,1,1,1,0,1,50,2,2,1,0,0,1,24.0,19.0,voiture,deux_roues,1,2,2,1,3
201900038081,2019-12-12 16:15:00,2019,12,12,16,15,26,26057,SIMONNET RENE-MAURICE (AVENUE),45.03981,5.05921,Plein jour,En agglomération,Intersection en X,Temps couvert,Autre collision,3,2,0,0,1,1,1,0,1,50,1,2,1,0,1,0,71.0,,transport_commun,,1,2,2,8,6
201900038082,2019-12-11 13:45:00,2019,12,11,13,45,22,22278,RN12,48.512817,-2.7423938,Plein jour,Hors agglomération,Hors intersection,Vent fort / tempête,Sans collision,2,3,4,0,2,2,2,0,1,80,1,1,0,0,0,1,17.0,,deux_roues,,1,1,1,6,7
201900038083,2019-12-11 21:20:00,2019,12,11,21,20,22,22278,BUTTES (DES),48.51606,-2.77006,Nuit avec éclairage non allumé,En agglomération,Hors intersection,Pluie légère,Autre collision,4,1,1,0,1,2,2,0,1,50,1,2,1,0,0,1,44.0,,voiture,,4,2,1,2,6
201900038084,2019-12-12 07:30:00,2019,12,12,7,30,21,21231,MARECHAL LYAUTEY (AVENUE),47.326866,5.058485,Plein jour,En agglomération,Intersection en X,Normale,Trois véhicules et plus - collisions multiples,4,-1,1,0,2,1,2,0,1,50,3,3,2,0,1,0,47.0,20.0,voiture,deux_roues,1,2,2,1,5
201900038085,2019-12-12 09:15:00,2019,12,12,9,15,17,17274,RD 108,46.15386,-1.1132,Plein jour,En agglomération,Hors intersection,Pluie légère,Deux véhicules - arrière,3,1,1,0,1,1,2,0,1,50,2,3,1,0,0,2,31.0,27.0,voiture,voiture,1,2,1,2,2
201900038086,2019-12-11 20:40:00,2019,12,11,20,40,14,14333,LEPLAY (RUE FREDERIC),49.40946,0.25111,Nuit avec éclairage allumé,En agglomération,Hors intersection,Pluie légère,Deux véhicules - arrière,3,2,2,0,1,1,2,0,1,50,2,4,3,0,0,1,46.0,20.0,voiture,voiture,5,2,1,2,2
201900038087,2019-05-20 22:35:00,2019,5,20,22,35,75,75120,AVENUE GAMBETTA,48.871771,2.404472,Nuit avec éclairage allumé,En agglomération,Intersection à plus de 4 branches,Normale,Deux véhicules - frontale,4,4,6,0,2,2,1,0,1,50,2,2,1,0,0,1,28.0,27.0,voiture,deux_roues,5,2,5,1,1