accident_id,datetime,annee,mois,jour,heure,minute,departement,commune_insee,adresse,latitude,longitude,luminosite,agglomeration,intersection,meteo,collision,catr,circ,nbv,vosp,prof,plan,surf,infra,situ,vma,nb_vehicules,nb_usagers,nb_indemnes,nb_tues,nb_blesses_hosp,nb_blesses_legers,age_cond_1,age_cond_2,veh_type_cond_1,veh_type_cond_2,lum_code,agg_code,int_code,atm_code,col_code
201900038088,2019-12-06 07:25:00,2019,12,6,7,25,14,14118,CHURCHILL (PONT),49.17819,-0.35342,Nuit avec éclairage allumé,En agglomération,Intersection en X,Pluie légère,Deux véhicules - côté,4,2,3,0,1,1,1,2,1,50,2,2,1,0,1,0,55.0,40.0,voiture,deux_roues,5,2,2,2,3
201900038089,2019-05-20 19:15:00,2019,5,20,19,15,75,75120,RUE DES PYRENEES,48.865387,2.398104,Plein jour,En agglomération,Hors intersection,Normale,Deux véhicules - arrière,4,2,2,0,2,1,1,0,1,50,2,2,1,0,0,1,65.0,67.0,deux_roues,voiture,1,2,1,1,2
201900038090,2019-05-19 23:30:00,2019,5,19,23,30,75,75120,BOULEVARD DAVOUT,48.862354,2.408934,Nuit avec éclairage allumé,En agglomération,Hors intersection,Normale,Deux véhicules - arrière,4,3,2,0,1,1,2,0,1,50,2,2,1,0,0,1,21.0,23.0,deux_roues,voiture,5,2,1,1,2
201900038091,2019-05-19 12:00:00,2019,5,19,12,0,75,75120,BOULEVARD DE BELLEVILLE,48.867678,2.382514,Plein jour,En agglomération,Intersection en T,Pluie légère,Sans collision,4,3,2,0,1,1,2,0,1,50,1,1,0,0,0,1,33.0,,deux_roues,,1,2,3,2,7
201900038092,2019-05-16 15:00:00,2019,5,16,15,0,75,75120,PLACE DE LA PORTE DE MONTREUIL,48.854573,2.413409,Plein jour,En agglomération,Intersection en Y,Normale,Autre collision,4,1,3,0,1,2,1,0,1,50,1,2,1,0,0,1,55.0,,utilitaire_camion,,1,2,4,1,6
201900038093,2019-12-11 19:45:00,2019,12,11,19,45,13,13102,FREDERIC MISTRAL (BD ),43.4052,5.2595,Nuit avec éclairage allumé,En agglomération,Hors intersection,Pluie légère,Autre collision,3,-1,2,0,1,1,2,0,1,30,1,2,1,0,1,0,19.0,,voiture,,5,2,1,2,6
201900038094,2019-05-13 11:25:00,2019,5,13,11,25,75,75120,RUE DES COURONNES,48.869314,2.381273,Plein jour,En agglomération,Hors intersection,Normale,Autre collision,4,2,2,0,1,1,1,0,1,30,1,2,1,0,0,1,56.0,,deux_roues,,1,2,1,1,6
201900038095,2019-12-12 13:30:00,2019,12,12,13,30,13,13214,MERLAN (AVENUE),43.3375014,5.4074869,Plein jour,En agglomération,Hors intersection,Normale,Autre collision,4,2,2,0,2,1,1,0,1,50,1,2,1,0,0,1,39.0,,utilitaire_camion,,1,2,1,1,6
201900038096,2019-05-10 16:00:00,2019,5,10,16,0,75,75119,RUE DE BELLEVILLE,48.87546,2.397916,Plein jour,En agglomération,Intersection en X,Pluie légère,Trois véhicules et plus - collisions multiples,4,2,2,0,2,1,2,8,1,50,3,3,1,0,0,2,53.0,43.0,deux_roues,transport_commun,1,2,2,2,5
201900038097,2019-12-11 16:10:00,2019,12,11,16,10,13,13211,BUTRIS (TRAVERSE DES),43.298863,5.45209,Crépuscule ou aube,En agglomération,Intersection en T,Pluie légère,Deux véhicules - arrière,4,2,2,0,1,1,2,0,1,50,2,2,1,0,1,0,16.0,46.0,deux_roues,voiture,2,2,3,2,2
201900038098,2019-05-10 13:00:00,2019,5,10,13,0,75,75120,AVENUE GAMBETTA,48.864966,2.396757,Plein jour,En agglomération,Hors intersection,Normale,Deux véhicules - côté,4,2,2,0,1,1,1,0,1,50,2,2,1,0,0,1,24.0,30.0,deux_roues,deux_roues,1,2,1,1,3
201900038099,2019-12-03 10:45:00,2019,12,3,10,45,13,13207,CORDERIE (BOULEVARD DE LA),43.29059,5.3705,Plein jour,En agglomération,Intersection en T,Normale,Deux véhicules - arrière,4,2,6,3,2,1,1,0,1,50,2,3,1,0,0,2,20.0,50.0,voiture,transport_commun,1,2,3,1,2
201900038100,2019-05-09 23:03:00,2019,5,9,23,3,75,75120,PLACE DE LA PORTE DE MONTREUIL,48.853762,2.414561,Nuit avec éclairage allumé,En agglomération,Intersection en Y,Normale,Autre collision,4,1,2,0,1,1,1,0,1,50,1,1,0,0,0,1,,,,,5,2,4,1,6
201900038101,2019-05-06 16:15:00,2019,5,6,16,15,75,75120,RUE PELLEPORT,48.872962,2.39789,Plein jour,En agglomération,Hors intersection,Normale,Sans collision,4,2,2,0,2,1,8,0,1,30,1,2,0,0,0,2,44.0,,deux_roues,,1,2,1,1,7
201900038102,2019-12-09 09:10:00,2019,12,9,9,10,13,13004,RUE MIREILLE,43.677695,4.635874,Plein jour,En agglomération,Hors intersection,Normale,Autre collision,7,2,2,0,1,2,1,0,1,50,1,2,1,0,1,0,55.0,,voiture,,1,2,1,1,6
201900038103,2019-05-06 12:50:00,2019,5,6,12,50,75,75120,RUE BELGRAND,48.864666,2.404629,Plein jour,En agglomération,Intersection en X,Normale,Autre collision,4,2,2,0,2,1,1,0,1,50,1,2,1,0,0,1,36.0,,deux_roues,,1,2,2,1,6
201900038104,2019-12-12 20:30:00,2019,12,12,20,30,13,13001,R.N 7,43.5549,5.4207,Nuit avec éclairage allumé,En agglomération,Hors intersection,Pluie légère,Deux véhicules - arrière,3,2,2,0,1,1,2,0,1,50,2,3,1,0,0,2,26.0,41.0,voiture,voiture,5,2,1,2,2
201900038105,2019-05-06 10:40:00,2019,5,6,10,40,75,75120,PLACE DE LA PORTE DE MONTREUIL,48.85451,2.414347,Plein jour,En agglomération,Place,Normale,Deux véhicules - arrière,4,1,4,0,1,2,1,0,1,30,2,2,1,0,0,1,26.0,44.0,voiture,deux_roues,1,2,7,1,2
201900038106,2019-05-06 08:00:00,2019,5,6,8,0,75,75120,RUE DES VIGNOLES,48.85525,2.401476,Plein jour,En agglomération,Intersection en X,Normale,Deux véhicules - côté,4,1,1,0,1,1,1,0,1,50,2,2,1,0,0,1,23.0,23.0,utilitaire_camion,voiture,1,2,2,1,3
201900038107,2019-12-12 12:12:00,2019,12,12,12,12,13,13001,RN 296,43.54177,5.43194,Nuit sans éclairage public,Hors agglomération,Hors intersection,Pluie légère,Trois véhicules et plus - en chaîne,2,3,3,0,1,1,2,0,1,70,4,4,2,0,0,2,22.0,40.0,voiture,voiture,3,1,1,2,4
201900038108,2019-05-05 01:00:00,2019,5,5,1,0,75,75120,RUE DES PYRENEES,48.859147,2.402122,Nuit avec éclairage allumé,En agglomération,Intersection en X,Normale,Deux véhicules - côté,4,2,2,0,2,1,1,0,1,50,2,3,2,0,0,1,41.0,54.0,voiture,deux_roues,5,2,2,1,3
201900038109,2019-12-12 12:15:00,2019,12,12,12,15,13,13001,BROGLIE LOUIS DE (RUE),43.4891232,5.3563051,Plein jour,En agglomération,Hors intersection,Normale,Deux véhicules - frontale,4,2,2,0,2,2,1,0,1,50,2,3,2,0,1,0,43.0,,voiture,,1,2,1,1,1
201900038110,2019-12-11 07:45:00,2019,12,11,7,45,8,08105,PINSONS,49.744494,4.715398,Nuit avec éclairage allumé,En agglomération,Intersection en T,Pluie forte,Deux véhicules - côté,4,1,2,0,1,1,2,0,1,50,2,2,1,0,1,0,41.0,52.0,deux_roues,voiture,5,2,3,3,3
201900038111,2019-11-30 13:35:00,2019,11,30,13,35,7,07102,tue Gustave Eiffel,44.9219,4.8612,Plein jour,En agglomération,Hors intersection,Autre,Trois véhicules et plus - en chaîne,3,2,2,0,1,1,1,0,1,50,3,3,1,0,0,2,27.0,41.0,voiture,voiture,1,2,1,9,4
201900038112,2019-12-10 07:50:00,2019,12,10,7,50,75,75118,BD PERIPHERIQUE EXTERIEUR,48.9011341,2.3473084,Crépuscule ou aube,En agglomération,Intersection en Y,Normale,Trois véhicules et plus - en chaîne,4,1,4,0,1,1,1,0,1,70,3,3,2,0,0,1,53.0,31.0,voiture,deux_roues,2,2,4,1,4
201900038113,2019-05-04 04:10:00,2019,5,4,4,10,75,75120,RUE SAINT FARGEAU,48.872867,2.408392,Nuit avec éclairage allumé,En agglomération,Intersection en X,Normale,Deux véhicules - côté,4,-1,1,0,1,1,1,0,1,30,2,4,3,0,0,1,40.0,25.0,deux_roues,utilitaire_camion,5,2,2,1,3
201900038114,2019-05-02 13:15:00,2019,5,2,13,15,75,75120,BOULEVARD DAVOUT,48.853525,2.410791,Plein jour,En agglomération,Intersection en X,Pluie légère,Deux véhicules - côté,4,1,2,0,1,1,2,0,1,50,2,2,1,0,0,1,38.0,55.0,deux_roues,utilitaire_camion,1,2,2,2,3
201900038115,2019-05-01 21:30:00,2019,5,1,21,30,75,75120,RUE DE BAGNOLET,48.863358,2.407312,Nuit avec éclairage non allumé,En agglomération,Hors intersection,Normale,Deux véhicules - côté,4,2,3,0,1,1,1,0,1,50,2,3,2,0,0,1,32.0,55.0,deux_roues,voiture,4,2,1,1,3
201900038116,2019-04-29 10:35:00,2019,4,29,10,35,75,75120,RUE DE LA BIDASSOA,48.865009,2.395506,Plein jour,En agglomération,Place,Normale,Autre collision,4,1,1,0,1,1,1,0,1,30,1,2,1,0,0,1,22.0,,voiture,,1,2,7,1,6
201900038117,2019-05-29 18:05:00,2019,5,29,18,5,75,75119,PLACE ARMAND CARREL,48.882485,2.382637,Plein jour,En agglomération,Place,Normale,Deux véhicules - côté,4,2,2,0,2,1,1,0,1,50,2,2,1,0,0,1,35.0,51.0,transport_commun,deux_roues,1,2,7,1,3
201900038118,2019-05-29 10:30:00,2019,5,29,10,30,75,75119,RUE MANIN,48.879461,2.378893,Plein jour,En agglomération,Hors intersection,Normale,Autre collision,4,2,2,0,1,2,1,0,1,30,2,2,1,0,0,1,20.0,66.0,voiture,deux_roues,1,2,1,1,6
201900038119,2019-05-27 09:50:00,2019,5,27,9,50,75,75119,BOULEVARD D INDOCHINE,48.886726,2.396285,Plein jour,En agglomération,Intersection en Y,Normale,Deux véhicules - côté,4,1,2,0,1,1,1,0,1,50,2,2,1,0,0,1,44.0,57.0,voiture,voiture,1,2,4,1,3
201900038120,2019-12-12 19:15:00,2019,12,12,19,15,75,75106,RUE DE RENNES,48.848988,2.328745,Nuit avec éclairage allumé,En agglomération,Intersection en X,Pluie légère,Deux véhicules - côté,4,2,2,0,1,1,2,0,1,50,2,3,2,0,0,1,24.0,26.0,voiture,deux_roues,5,2,2,2,3
201900038121,2019-05-25 18:40:00,2019,5,25,18,40,75,75119,RUE DE L OURCQ,48.893504,2.376781,Plein jour,En agglomération,Intersection en X,Normale,Autre collision,4,1,2,0,1,1,1,0,1,50,1,2,1,0,0,1,24.0,,utilitaire_camion,,1,2,2,1,6
201900038122,2019-12-12 17:25:00,2019,12,12,17,25,75,75105,RUE BUFFON,48.842635,2.361623,Nuit avec éclairage allumé,En agglomération,Hors intersection,Pluie légère,Autre collision,4,2,2,1,1,1,2,0,5,30,1,2,1,0,0,1,36.0,,deux_roues,,5,2,1,2,6
201900038123,2019-05-25 15:34:00,2019,5,25,15,34,75,75119,AVENUE JEAN JAURES,48.889088,2.394252,Plein jour,En agglomération,Hors intersection,Pluie légère,Deux véhicules - côté,4,2,5,0,1,1,2,0,1,50,2,2,1,0,0,1,62.0,27.0,deux_roues,voiture,1,2,1,2,3
201900038124,2019-12-12 18:30:00,2019,12,12,18,30,75,75119,RUE DE L OURCQ,48.891112,2.381437,Nuit avec éclairage allumé,En agglomération,Hors intersection,Pluie forte,Autre collision,4,2,2,0,2,1,2,0,1,50,1,2,1,0,0,1,41.0,,deux_roues,,5,2,1,3,6
201900038125,2019-05-25 02:45:00,2019,5,25,2,45,75,75119,AVENUE JEAN JAURES,48.888636,2.392534,Nuit avec éclairage allumé,En agglomération,Hors intersection,Normale,Autre collision,4,2,3,0,1,1,1,0,1,50,1,2,1,0,0,1,49.0,,voiture,,5,2,1,1,6
201900038126,2019-05-24 17:00:00,2019,5,24,17,0,75,75119,RUE MANIN,48.883069,2.38639,Plein jour,En agglomération,Hors intersection,Normale,Autre collision,4,2,2,0,1,1,1,0,1,50,1,2,1,0,0,1,22.0,,voiture,,1,2,1,1,6
201900038127,2019-12-12 18:15:00,2019,12,12,18,15,75,75119,RUE DE CRIMEE,48.8806739,2.3882413,Nuit avec éclairage allumé,En agglomération,Intersection en Y,Pluie forte,Autre collision,4,1,2,0,2,1,2,0,1,50,2,1,0,0,0,1,30.0,,deux_roues,,5,2,4,3,6
201900038128,2019-05-23 19:30:00,2019,5,23,19,30,75,75119,AVENUE DE FLANDRE,48.890576,2.376517,Plein jour,En agglomération,Intersection en T,Normale,Autre collision,4,2,4,0,1,1,1,0,1,50,1,1,0,0,0,1,,,,,1,2,3,1,6
201900038129,2019-12-12 12:00:00,2019,12,12,12,0,75,75119,QUAI DU LOT,48.8996992,2.3812985,Plein jour,En agglomération,Hors intersection,Pluie légère,Autre collision,4,2,2,0,1,1,2,6,1,20,1,2,1,0,0,1,57.0,,utilitaire_camion,,1,2,1,2,6
201900038130,2019-05-23 16:25:00,2019,5,23,16,25,75,75119,RUE GOUBET,48.886088,2.389833,Plein jour,En agglomération,Intersection en X,Normale,Autre collision,4,2,1,0,1,1,1,0,1,50,1,2,1,0,0,1,53.0,,deux_roues,,1,2,2,1,6
201900038131,2019-12-12 07:15:00,2019,12,12,7,15,75,75119,AVENUE DE FLANDRE,48.885059,2.369721,Nuit avec éclairage allumé,En agglomération,Hors intersection,Temps couvert,Trois véhicules et plus - en chaîne,4,3,3,3,1,1,1,0,6,50,3,3,2,0,0,1,33.0,47.0,voiture,voiture,5,2,1,8,4
201900038132,2019-12-11 13:30:00,2019,12,11,13,30,75,75119,BOULEVARD MACDONALD,48.89874,2.372199,Plein jour,En agglomération,Hors intersection,Normale,Deux véhicules - côté,4,2,6,1,1,1,1,0,5,50,2,2,1,0,0,1,21.0,32.0,voiture,deux_roues,1,2,1,1,3
201900038133,2019-05-22 13:25:00,2019,5,22,13,25,75,75119,RUE MANIN,48.88434,2.39128,Plein jour,En agglomération,Intersection en T,Normale,Autre collision,4,2,2,0,1,1,1,0,1,50,1,2,1,0,1,0,26.0,,voiture,,1,2,3,1,6
201900038134,2019-05-19 16:44:00,2019,5,19,16,44,75,75119,AVENUE DE FLANDRE,48.885312,2.370359,Plein jour,En agglomération,Hors intersection,Pluie légère,Autre collision,4,3,2,3,1,1,2,0,6,50,1,1,0,0,0,1,,,,,1,2,1,2,6
201900038135,2019-12-12 17:20:00,2019,12,12,17,20,75,75117,AVENUE DE LA PORTE POUCHET,48.8976146,2.3232182,Nuit avec éclairage non allumé,En agglomération,Intersection en X,Pluie forte,Deux véhicules - côté,4,1,3,3,1,1,2,0,6,30,2,2,1,0,0,1,24.0,35.0,deux_roues,utilitaire_camion,4,2,2,3,3
201900038136,2019-05-19 10:19:00,2019,5,19,10,19,75,75119,AVENUE DE FLANDRE,48.890577,2.376516,Crépuscule ou aube,En agglomération,Intersection en T,Pluie légère,Deux véhicules - arrière,4,3,2,0,1,1,2,0,1,50,2,2,1,0,0,1,25.0,44.0,deux_roues,deux_roues,2,2,3,2,2
201900038137,2019-05-18 21:25:00,2019,5,18,21,25,75,75119,BOULEVARD D INDOCHINE,48.884576,2.39666,Nuit sans éclairage public,En agglomération,Intersection en Y,Temps couvert,Autre collision,4,2,4,0,1,1,1,0,1,50,1,1,0,0,0,1,,,,,3,2,4,8,6
201900038138,2019-12-12 17:25:00,2019,12,12,17,25,75,75115,RUE SANTOS DUMONT,48.834551,2.305772,Nuit avec éclairage allumé,En agglomération,Intersection en T,Pluie légère,Autre collision,4,1,1,0,1,1,2,0,1,30,1,2,1,0,0,1,45.0,,voiture,,5,2,3,2,6
201900038139,2019-05-18 18:45:00,2019,5,18,18,45,75,75119,RUE DE BELLEVILLE,48.875305,2.395953,Plein jour,En agglomération,Hors intersection,Normale,Deux véhicules - côté,4,2,2,0,2,1,1,9,1,50,2,2,1,0,0,1,28.0,53.0,deux_roues,voiture,1,2,1,1,3
201900038140,2019-12-11 12:30:00,2019,12,11,12,30,75,75115,RUE LECOURBE,48.8437574,2.3065417,Plein jour,En agglomération,Intersection en T,Normale,Autre collision,4,1,2,3,1,1,2,0,6,50,1,2,1,0,0,1,19.0,,deux_roues,,1,2,3,1,6
201900038141,2019-05-17 12:00:00,2019,5,17,12,0,75,75119,AVENUE JEAN JAURES,48.884739,2.377653,Plein jour,En agglomération,Hors intersection,Normale,Deux véhicules - côté,4,2,1,0,1,1,1,0,5,50,2,2,1,0,0,1,66.0,66.0,deux_roues,utilitaire_camion,1,2,1,1,3
201900038142,2019-12-12 19:15:00,2019,12,12,19,15,75,75114,RUE FRANCIS DE PRESSENSE,48.834252,2.315944,Nuit avec éclairage allumé,En agglomération,Intersection en T,Pluie légère,Autre collision,4,2,2,0,1,2,2,0,1,30,1,2,1,0,0,1,32.0,,voiture,,5,2,3,2,6
201900038143,2019-05-16 14:00:00,2019,5,16,14,0,75,75119,PLACE DE LA PORTE DE PANTIN,48.889637,2.395741,Plein jour,En agglomération,Intersection en Y,Normale,Deux véhicules - côté,4,1,2,0,1,1,1,0,1,50,2,2,1,0,0,1,41.0,30.0,deux_roues,voiture,1,2,4,1,3
201900038144,2019-12-12 18:15:00,2019,12,12,18,15,75,75114,RUE DE LA TOMBE ISSOIRE,48.832075,2.335358,Nuit avec éclairage allumé,En agglomération,Intersection en T,Pluie légère,Autre collision,4,2,2,0,1,1,2,0,1,50,1,2,1,0,1,0,52.0,,voiture,,5,2,3,2,6
201900038145,2019-05-13 18:00:00,2019,5,13,18,0,75,75119,RUE DE CRIMEE,48.89072,2.376699,Plein jour,En agglomération,Intersection en X,Normale,Deux véhicules - côté,4,1,2,0,1,1,1,0,6,50,2,2,1,0,0,1,83.0,34.0,voiture,deux_roues,1,2,2,1,3
201900038146,2019-05-13 14:06:00,2019,5,13,14,6,75,75119,AVENUE CORENTIN CARIOU,48.897853,2.385924,Plein jour,En agglomération,Hors intersection,Normale,Autre collision,4,3,6,0,1,1,1,1,1,50,1,2,1,0,0,1,51.0,,utilitaire_camion,,1,2,1,1,6
201900038147,2019-12-12 13:15:00,2019,12,12,13,15,75,75115,RUE DE LA FEDERATION,48.853799,2.294179,Plein jour,En agglomération,Intersection en X,Pluie légère,Deux véhicules - côté,4,2,2,0,1,1,2,0,1,30,2,2,1,0,0,1,21.0,37.0,deux_roues,voiture,1,2,2,2,3
201900038148,2019-05-13 13:50:00,2019,5,13,13,50,75,75119,RUE ANDRE DANJON,48.885119,2.384596,Plein jour,En agglomération,Hors intersection,Normale,Sans collision,4,1,1,0,1,1,9,0,1,50,1,1,0,0,0,1,36.0,,deux_roues,,1,2,1,1,7
201900038149,2019-05-13 12:30:00,2019,5,13,12,30,75,75119,RUE HAXO,48.878013,2.401743,Plein jour,En agglomération,Intersection en T,Normale,Autre collision,4,1,1,0,2,1,1,0,1,50,2,1,0,0,0,1,21.0,,deux_roues,,1,2,3,1,6
201900038150,2019-05-11 19:15:00,2019,5,11,19,15,75,75119,AVENUE CORENTIN CARIOU,48.895462,2.383136,Plein jour,En agglomération,Hors intersection,Pluie légère,Deux véhicules - côté,4,2,2,0,1,1,2,0,1,50,2,2,1,0,0,1,42.0,25.0,deux_roues,voiture,1,2,1,2,3
201900038151,2019-05-10 21:05:00,2019,5,10,21,5,75,75119,AVENUE JEAN JAURES,48.888211,2.390898,Nuit avec éclairage non allumé,En agglomération,Hors intersection,Pluie forte,Deux véhicules - côté,4,2,3,0,1,1,2,0,1,50,2,2,1,0,0,1,24.0,49.0,deux_roues,voiture,4,2,1,3,3
201900038152,2019-05-10 11:33:00,2019,5,10,11,33,75,75119,BOULEVARD MACDONALD,48.898433,2.385807,Plein jour,En agglomération,Intersection en T,Normale,Deux véhicules - côté,4,3,2,0,1,1,1,0,1,50,2,2,1,0,0,1,56.0,41.0,voiture,deux_roues,1,2,3,1,3
201900038153,2019-05-09 21:20:00,2019,5,9,21,20,75,75119,ECHANGEUR AUBERVILLIERS,48.901105,2.371409,Crépuscule ou aube,En agglomération,Place,Temps couvert,Autre collision,4,1,1,0,3,1,2,9,1,50,1,2,1,0,0,1,42.0,,deux_roues,,2,2,7,8,6
201900038154,2019-05-09 16:20:00,2019,5,9,16,20,75,75119,RUE PETIT,48.885334,2.385118,Plein jour,En agglomération,Intersection en Y,Temps couvert,Autre collision,4,1,1,0,1,1,2,0,1,30,1,2,1,0,0,1,27.0,,voiture,,1,2,4,8,6
201900038155,2019-12-11 14:36:00,2019,12,11,14,36,75,75114,AVENUE DU GENERAL LECLERC,48.82469,2.325946,Plein jour,En agglomération,Intersection en T,Normale,Deux véhicules - côté,4,2,6,3,1,1,1,0,6,50,2,2,1,0,0,1,48.0,31.0,voiture,deux_roues,1,2,3,1,3
201900038156,2019-05-08 13:45:00,2019,5,8,13,45,75,75119,AVENUE SIMON BOLIVAR,48.878414,2.374246,Plein jour,En agglomération,Intersection en X,Pluie légère,Deux véhicules - côté,4,2,2,0,1,1,2,0,1,50,2,2,1,0,0,1,34.0,24.0,voiture,deux_roues,1,2,2,2,3
201900038157,2019-12-12 13:30:00,2019,12,12,13,30,75,75113,BOULEVARD VINCENT AURIOL,48.837223,2.372881,Plein jour,En agglomération,Intersection en T,Pluie légère,Deux véhicules - côté,4,3,3,0,1,1,2,0,1,50,2,2,1,0,0,1,54.0,70.0,deux_roues,voiture,1,2,3,2,3
201900038158,2019-05-07 15:00:00,2019,5,7,15,0,75,75118,RUE CAULAINCOURT,48.885315,2.33062,Plein jour,En agglomération,Hors intersection,Normale,Deux véhicules - côté,4,2,3,0,2,1,1,0,1,50,2,3,1,0,0,2,76.0,28.0,voiture,voiture,1,2,1,1,3
201900038159,2019-05-05 17:30:00,2019,5,5,17,30,75,75119,RUE DU DOCTEUR POTAIN,48.878258,2.397925,Plein jour,En agglomération,Intersection en X,Temps couvert,Deux véhicules - côté,4,2,2,0,2,1,1,5,1,50,2,2,1,0,0,1,39.0,20.0,voiture,deux_roues,1,2,2,8,3
201900038160,2019-12-12 06:05:00,2019,12,12,6,5,75,75113,BOULEVARD KELLERMANN,48.8193297,2.3445776,Nuit avec éclairage allumé,En agglomération,Intersection en X,Normale,Deux véhicules - côté,4,3,2,1,1,1,1,0,5,50,2,2,1,0,0,1,37.0,60.0,deux_roues,voiture,5,2,2,1,3
201900038161,2019-05-03 17:20:00,2019,5,3,17,20,75,75119,AVENUE JEAN JAURES,48.883928,2.374593,Plein jour,En agglomération,Hors intersection,Pluie forte,Deux véhicules - côté,4,2,2,1,1,1,2,0,5,30,2,2,1,0,0,1,48.0,64.0,deux_roues,deux_roues,1,2,1,3,3
201900038162,2019-12-12 10:30:00,2019,12,12,10,30,75,75112,AVENUE DAUMESNIL,48.8406428,2.3911541,Plein jour,En agglomération,Intersection en T,Temps couvert,Deux véhicules - côté,4,2,3,0,2,1,1,0,1,50,2,3,1,0,0,2,29.0,38.0,utilitaire_camion,deux_roues,1,2,3,8,3
201900038163,2019-05-02 15:50:00,2019,5,2,15,50,75,75119,PLACE AUGUSTE BARON,48.900944,2.388213,Plein jour,En agglomération,Place,Pluie légère,Deux véhicules - arrière,4,1,1,0,1,2,2,0,1,30,2,4,3,0,0,1,54.0,29.0,transport_commun,voiture,1,2,7,2,2
201900038164,2019-12-12 01:00:00,2019,12,12,1,0,75,75112,AVENUE DAUMESNIL,48.8358933,2.4056371,Nuit avec éclairage allumé,En agglomération,Intersection en T,Pluie légère,Deux véhicules - côté,4,2,4,0,1,1,2,0,1,50,2,2,1,0,1,0,51.0,34.0,deux_roues,voiture,5,2,3,2,3
201900038165,2019-05-01 23:50:00,2019,5,1,23,50,75,75119,AVENUE DE LA PORTE D AUBERVILLIERS,48.899844,2.370275,Nuit avec éclairage allumé,En agglomération,Intersection en T,Normale,Deux véhicules - côté,4,1,3,0,1,1,1,0,1,50,2,2,1,0,0,1,32.0,47.0,voiture,voiture,5,2,3,1,3
201900038166,2019-05-28 09:55:00,2019,5,28,9,55,75,75119,AVENUE DE LA PORTE D AUBERVILLIERS,48.899549,2.370259,Plein jour,En agglomération,Hors intersection,Normale,Deux véhicules - côté,4,3,2,0,1,1,1,0,1,50,2,2,1,0,0,1,54.0,30.0,voiture,deux_roues,1,2,1,1,3
201900038167,2019-05-27 20:30:00,2019,5,27,20,30,75,75118,RUE DE LA CHAPELLE,48.893323,2.359632,Crépuscule ou aube,En agglomération,Intersection en T,Normale,Deux véhicules - côté,4,2,4,3,1,1,1,0,6,50,2,2,1,0,0,1,47.0,60.0,voiture,deux_roues,2,2,3,1,3
201900038168,2019-05-27 16:35:00,2019,5,27,16,35,75,75118,RUE DUC,48.891829,2.34393,Plein jour,En agglomération,Intersection en X,Normale,Deux véhicules - côté,4,1,1,0,1,1,1,0,1,50,2,2,1,0,0,1,20.0,27.0,voiture,deux_roues,1,2,2,1,3
201900038169,2019-05-25 19:45:00,2019,5,25,19,45,75,75118,RUE FERNAND LABORI,48.898009,2.342441,Plein jour,En agglomération,Intersection en T,Normale,Deux véhicules - côté,4,1,1,0,1,1,1,0,1,50,2,2,1,0,0,1,39.0,29.0,transport_commun,deux_roues,1,2,3,1,3
201900038170,2019-05-24 09:05:00,2019,5,24,9,5,75,75118,AVENUE DE LA PORTE DE CLIGNANCOURT,48.899367,2.344143,Plein jour,En agglomération,Intersection à plus de 4 branches,Normale,Autre collision,4,-1,4,0,1,1,1,0,1,50,1,2,1,0,0,1,54.0,,deux_roues,,1,2,5,1,6
201900038171,2019-05-22 16:50:00,2019,5,22,16,50,75,75118,RUE DE LA CHAPELLE,48.895079,2.359343,Plein jour,En agglomération,Place,Normale,Deux véhicules - côté,4,1,2,0,1,1,1,9,1,50,2,3,2,0,0,1,31.0,31.0,deux_roues,voiture,1,2,7,1,3
201900038172,2019-05-22 14:40:00,2019,5,22,14,40,75,75118,BOULEVARD NEY,48.897764,2.331621,Plein jour,En agglomération,Hors intersection,Normale,Autre collision,4,1,2,1,1,1,1,0,5,50,1,1,0,0,1,0,29.0,,deux_roues,,1,2,1,1,6
201900038173,2019-12-12 22:30:00,2019,12,12,22,30,75,75111,RUE JEAN PIERRE TIMBAUD,48.865447,2.368796,Nuit avec éclairage allumé,En agglomération,Intersection en X,Normale,Deux véhicules - côté,4,2,2,0,1,1,2,0,1,30,2,2,1,0,0,1,35.0,31.0,deux_roues,utilitaire_camion,5,2,2,1,3
201900038174,2019-05-21 00:10:00,2019,5,21,0,10,75,75118,BOULEVARD NEY,48.898696,2.358664,Nuit avec éclairage allumé,En agglomération,Intersection en X,Normale,Deux véhicules - côté,4,3,2,0,1,1,1,0,1,50,2,2,1,0,0,1,34.0,44.0,voiture,deux_roues,5,2,2,1,3
201900038175,2019-12-12 19:45:00,2019,12,12,19,45,75,75111,AVENUE PHILIPPE AUGUSTE,48.8530185,2.3930347,Nuit avec éclairage allumé,En agglomération,Intersection en T,Pluie légère,Trois véhicules et plus - en chaîne,4,2,2,0,1,1,2,9,1,50,3,3,2,0,0,1,21.0,33.0,voiture,voiture,5,2,3,2,4
201900038176,2019-05-20 17:20:00,2019,5,20,17,20,75,75118,BOULEVARD NEY,48.897779,2.339788,Plein jour,En agglomération,Hors intersection,Normale,Autre collision,4,1,2,1,1,1,1,0,1,50,2,1,0,0,0,1,29.0,,deux_roues,,1,2,1,1,6
201900038177,2019-12-12 20:00:00,2019,12,12,20,0,75,75110,RUE VICQ D AZIR,48.876136,2.371297,Nuit avec éclairage allumé,En agglomération,Hors intersection,Pluie légère,Autre collision,4,2,2,1,2,1,2,0,5,50,1,1,0,0,0,1,,,,,5,2,1,2,6
201900038178,2019-05-17 15:45:00,2019,5,17,15,45,75,75118,BOULEVARD ORNANO,48.897543,2.344678,Plein jour,En agglomération,Intersection en X,Normale,Autre collision,4,1,3,0,1,1,1,0,1,50,2,1,0,0,0,1,27.0,,deux_roues,,1,2,2,1,6
201900038179,2019-12-12 18:00:00,2019,12,12,18,0,75,75110,QUAI DE VALMY,48.874226,2.362857,Nuit avec éclairage allumé,En agglomération,Intersection en Y,Pluie légère,Autre collision,4,1,1,1,1,1,2,0,5,30,1,2,1,0,0,1,61.0,,deux_roues,,5,2,4,2,6