accident_id,datetime,annee,mois,jour,heure,minute,departement,commune_insee,adresse,latitude,longitude,luminosite,agglomeration,intersection,meteo,collision,catr,circ,nbv,vosp,prof,plan,surf,infra,situ,vma,nb_vehicules,nb_usagers,nb_indemnes,nb_tues,nb_blesses_hosp,nb_blesses_legers,age_cond_1,age_cond_2,veh_type_cond_1,veh_type_cond_2,lum_code,agg_code,int_code,atm_code,col_code
201900038271,2019-05-25 17:00:00,2019,5,25,17,0,75,75116,AVENUE KLEBER,48.869023,2.291583,Plein jour,En agglomération,Intersection à plus de 4 branches,Pluie légère,Autre collision,4,3,4,0,1,1,2,0,1,50,1,2,1,0,0,1,46.0,,deux_roues,,1,2,5,2,6
201900038272,2019-12-12 12:15:00,2019,12,12,12,15,34,34310,D19,43.40314,3.16613,Plein jour,Hors agglomération,Hors intersection,Normale,Deux véhicules - frontale,3,2,2,0,1,3,1,0,3,80,2,2,1,0,0,1,71.0,53.0,voiture,deux_roues,1,1,1,1,1
201900038273,2019-05-25 14:10:00,2019,5,25,14,10,75,75116,AVENUE DE NEW YORK,48.863964,2.29911,Plein jour,En agglomération,Hors intersection,Pluie légère,Deux véhicules - côté,4,2,2,0,1,1,2,1,1,50,2,3,2,0,0,1,59.0,26.0,deux_roues,voiture,1,2,1,2,3
201900038274,2019-12-13 13:10:00,2019,12,13,13,10,2,02141,80 Rue du General de Gaulle,49.975307,3.916722,Plein jour,En agglomération,Hors intersection,Pluie légère,Deux véhicules - côté,2,2,2,0,1,1,2,0,1,50,2,2,1,0,1,0,15.0,36.0,deux_roues,voiture,1,2,1,2,3
201900038275,2019-05-24 18:30:00,2019,5,24,18,30,75,75116,ROUTE DE LA GRANDE CASCADE,48.863406,2.25047,Plein jour,En agglomération,Hors intersection,Normale,Sans collision,4,1,1,0,1,1,1,0,1,50,1,1,0,0,0,1,78.0,,deux_roues,,1,2,1,1,7
201900038276,2019-12-11 18:30:00,2019,12,11,18,30,3,03247,2 hameau de Bellevue,46.5871793,3.1471589,Nuit sans éclairage public,Hors agglomération,Intersection en X,Normale,Deux véhicules - frontale,3,2,2,0,4,1,1,5,1,80,2,3,2,0,0,1,65.0,53.0,voiture,voiture,3,1,2,1,1
201900038277,2019-05-24 07:40:00,2019,5,24,7,40,75,75116,PLACE CHARLES DE GAULLE,48.873735,2.294144,Plein jour,En agglomération,Giratoire,Normale,Deux véhicules - côté,4,4,5,0,1,2,1,0,1,50,2,3,2,0,0,1,39.0,31.0,deux_roues,utilitaire_camion,1,2,6,1,3
201900038278,2019-05-23 11:25:00,2019,5,23,11,25,75,75116,AVENUE DE MALAKOFF,48.875093,2.283967,Plein jour,En agglomération,Intersection en X,Normale,Deux véhicules - côté,4,2,1,0,1,1,1,0,1,50,2,3,2,0,0,1,36.0,44.0,deux_roues,voiture,1,2,2,1,3
201900038279,2019-05-23 21:45:00,2019,5,23,21,45,75,75117,PLACE CHARLES DE GAULLE,48.874035,2.294251,Nuit avec éclairage allumé,En agglomération,Place,Normale,Autre collision,4,1,1,0,1,3,1,0,1,50,2,1,0,0,0,1,30.0,,deux_roues,,5,2,7,1,6
201900038280,2019-05-23 16:00:00,2019,5,23,16,0,75,75116,RUE BENJAMIN FRANKLIN,48.859736,2.285408,Plein jour,En agglomération,Hors intersection,Normale,Autre collision,4,2,2,0,1,1,1,0,1,50,1,2,1,0,0,1,60.0,,voiture,,1,2,1,1,6
201900038281,2019-05-21 20:30:00,2019,5,21,20,30,75,75116,AVENUE DE LA PORTE DE SAINT CLOUD,48.838429,2.254115,Crépuscule ou aube,En agglomération,Intersection en X,Normale,Deux véhicules - côté,4,2,5,0,1,1,1,0,1,50,2,2,1,0,0,1,26.0,50.0,deux_roues,voiture,2,2,2,1,3
201900038282,2019-05-21 18:00:00,2019,5,21,18,0,75,75116,RUE NEWTON,48.871117,2.296808,Plein jour,En agglomération,Intersection en Y,Normale,Deux véhicules - côté,4,1,1,0,1,1,1,0,1,50,2,2,1,0,0,1,33.0,34.0,deux_roues,voiture,1,2,4,1,3
201900038283,2019-05-19 20:10:00,2019,5,19,20,10,75,75116,BOULEVARD EMILE AUGIER,48.862999,2.27262,Plein jour,En agglomération,Intersection en X,Normale,Deux véhicules - côté,4,3,1,0,1,1,1,0,1,50,2,2,1,0,0,1,77.0,20.0,voiture,deux_roues,1,2,2,1,3
201900038284,2019-05-20 16:30:00,2019,5,20,16,30,75,75116,AVENUE DU PRESIDENT KENNEDY,48.851348,2.278477,Plein jour,En agglomération,Place,Normale,Deux véhicules - côté,4,2,1,0,1,1,1,5,1,50,2,2,1,0,0,1,48.0,48.0,deux_roues,utilitaire_camion,1,2,7,1,3
201900038285,2019-05-17 20:00:00,2019,5,17,20,0,75,75116,ALLEE DE LA REINE MARGUERITE,48.853169,2.241567,Plein jour,En agglomération,Hors intersection,Normale,Deux véhicules - côté,4,2,2,0,1,2,1,0,1,50,2,2,1,0,0,1,55.0,57.0,deux_roues,voiture,1,2,1,1,3
201900038286,2019-05-16 20:30:00,2019,5,16,20,30,75,75116,PLACE CLEMENT ADER,48.851468,2.278243,Crépuscule ou aube,En agglomération,Place,Normale,Deux véhicules - côté,4,2,6,0,1,1,1,0,1,50,2,2,1,0,0,1,30.0,31.0,voiture,deux_roues,2,2,7,1,3
201900038287,2019-05-16 08:50:00,2019,5,16,8,50,75,75116,RUE BOISSIERE,48.868507,2.287155,Plein jour,En agglomération,Intersection en T,Normale,Deux véhicules - côté,4,1,1,0,1,1,1,0,1,30,2,2,1,0,0,1,43.0,61.0,voiture,deux_roues,1,2,3,1,3
201900038288,2019-05-16 09:45:00,2019,5,16,9,45,75,75116,RUE PAUL VALERY,48.872477,2.287228,Plein jour,En agglomération,Intersection en T,Normale,Autre collision,4,2,2,0,1,1,1,0,1,50,1,2,1,0,0,1,62.0,,voiture,,1,2,3,1,6
201900038289,2019-05-15 16:20:00,2019,5,15,16,20,75,75116,AVENUE DE LA GRANDE ARMEE,48.875147,2.290129,Plein jour,En agglomération,Hors intersection,Normale,Autre collision,4,2,6,0,1,1,1,0,1,50,1,2,1,0,0,1,75.0,,voiture,,1,2,1,1,6
201900038290,2019-05-14 19:05:00,2019,5,14,19,5,75,75116,BOULEVARD D AUTEUIL,48.845479,2.252577,Plein jour,En agglomération,Intersection en T,Temps éblouissant,Autre collision,4,2,2,0,1,1,1,0,1,50,1,2,1,0,0,1,54.0,,voiture,,1,2,3,7,6
201900038291,2019-05-14 14:40:00,2019,5,14,14,40,75,75116,RUE DE LONGCHAMP,48.865026,2.287531,Plein jour,En agglomération,Hors intersection,Normale,Autre collision,4,1,1,0,1,1,1,6,1,50,1,2,1,0,0,1,34.0,,voiture,,1,2,1,1,6
201900038292,2019-05-13 15:00:00,2019,5,13,15,0,75,75116,RUE RIBERA,48.85099,2.26992,Plein jour,En agglomération,Hors intersection,Normale,Autre collision,4,1,1,0,2,1,1,0,1,30,1,2,1,0,0,1,54.0,,voiture,,1,2,1,1,6
201900038293,2019-05-10 18:30:00,2019,5,10,18,30,75,75116,QUAI SAINT EXUPERY,48.83782,2.265287,Plein jour,En agglomération,Hors intersection,Pluie forte,Sans collision,4,1,2,0,1,1,2,0,1,50,1,1,0,0,0,1,47.0,,deux_roues,,1,2,1,3,7
201900038294,2019-05-10 08:30:00,2019,5,10,8,30,75,75116,AVENUE KLEBER,48.869767,2.292134,Plein jour,En agglomération,Hors intersection,Normale,Autre collision,4,2,3,0,1,1,1,9,1,50,2,2,1,0,0,1,42.0,60.0,deux_roues,voiture,1,2,1,1,6
201900038295,2019-05-08 00:35:00,2019,5,8,0,35,75,75116,ROUTE DES TRIBUNES,48.862277,2.230587,Nuit avec éclairage allumé,En agglomération,Hors intersection,Pluie légère,Sans collision,4,2,2,0,1,1,2,0,1,50,1,1,0,0,0,1,19.0,,deux_roues,,5,2,1,2,7
201900038296,2019-05-07 17:00:00,2019,5,7,17,0,75,75116,ALLEE DE LA REINE MARGUERITE,48.854281,2.242049,Plein jour,En agglomération,Hors intersection,Normale,Deux véhicules - côté,4,2,2,0,1,1,1,0,1,50,2,2,1,0,0,1,29.0,40.0,utilitaire_camion,deux_roues,1,2,1,1,3
201900038297,2019-05-06 13:50:00,2019,5,6,13,50,75,75116,ROUTE DE LA MUETTE A NEUILLY,48.865025,2.265993,Plein jour,En agglomération,Intersection en T,Normale,Autre collision,4,2,2,0,1,1,1,0,1,50,1,2,0,0,0,2,56.0,,voiture,,1,2,3,1,6
201900038298,2019-05-06 07:20:00,2019,5,6,7,20,75,75116,AVENUE D EYLAU,48.865267,2.283512,Plein jour,En agglomération,Intersection en T,Normale,Autre collision,4,1,2,0,1,1,1,0,1,50,1,1,0,0,0,1,,,,,1,2,3,1,6
201900038299,2019-05-04 20:10:00,2019,5,4,20,10,75,75116,RUE DU GENERAL DELESTRAINT,48.842186,2.258274,Crépuscule ou aube,En agglomération,Hors intersection,Normale,Autre collision,4,1,1,0,1,1,2,0,1,50,1,1,0,0,0,1,48.0,,voiture,,2,2,1,1,6
201900038300,2019-05-04 04:30:00,2019,5,4,4,30,75,75116,ALLEE DU BORD DE L EAU,48.854411,2.226204,Nuit avec éclairage allumé,En agglomération,Hors intersection,Normale,Autre collision,4,2,4,0,1,1,1,0,1,50,1,1,0,0,0,1,41.0,,utilitaire_camion,,5,2,1,1,6
201900038301,2019-05-03 09:35:00,2019,5,3,9,35,75,75116,AVENUE DU PRESIDENT WILSON,48.863925,2.290511,Plein jour,En agglomération,Intersection en X,Normale,Deux véhicules - côté,4,1,2,0,1,1,1,0,1,50,2,2,1,0,0,1,39.0,62.0,voiture,deux_roues,1,2,2,1,3
201900038302,2019-05-02 17:45:00,2019,5,2,17,45,75,75116,PLACE DU TROCADERO ET DU 11 NOVEMBRE,48.862969,2.286478,Plein jour,En agglomération,Place,Pluie légère,Deux véhicules - côté,4,1,2,0,1,1,2,5,1,30,2,2,1,0,0,1,26.0,38.0,deux_roues,voiture,1,2,7,2,3
201900038303,2019-05-02 16:30:00,2019,5,2,16,30,75,75116,ROUTE DE SURESNES,48.865044,2.234452,Plein jour,En agglomération,Intersection en X,Normale,Deux véhicules - côté,4,3,3,0,1,1,1,0,1,50,2,3,0,0,0,3,37.0,83.0,voiture,voiture,1,2,2,1,3
201900038304,2019-05-02 12:40:00,2019,5,2,12,40,75,75116,RUE DE LA POMPE,48.859549,2.275199,Plein jour,En agglomération,Intersection en X,Pluie légère,Deux véhicules - côté,4,2,2,0,1,1,2,0,1,50,2,2,1,0,0,1,77.0,26.0,voiture,deux_roues,1,2,2,2,3
201900038305,2019-04-30 21:50:00,2019,4,30,21,50,75,75116,AVENUE VICTOR HUGO,48.870664,2.287692,Nuit avec éclairage allumé,En agglomération,Intersection en T,Normale,Deux véhicules - côté,4,2,2,0,1,1,1,0,1,50,2,4,3,0,0,1,26.0,21.0,deux_roues,voiture,5,2,3,1,3
201900038306,2019-04-30 19:15:00,2019,4,30,19,15,75,75116,AVENUE RAYMOND POINCARE,48.864982,2.286545,Crépuscule ou aube,En agglomération,Hors intersection,Normale,Autre collision,4,2,1,0,2,1,1,6,4,50,1,1,0,0,0,1,32.0,,deux_roues,,2,2,1,1,6
201900038307,2019-04-30 15:10:00,2019,4,30,15,10,75,75116,AVENUE KLEBER,48.867295,2.290342,Plein jour,En agglomération,Intersection en Y,Normale,Deux véhicules - côté,4,2,2,3,1,1,1,0,6,50,2,2,1,0,0,1,37.0,37.0,voiture,deux_roues,1,2,4,1,3
201900038308,2019-04-29 20:25:00,2019,4,29,20,25,75,75116,AVENUE INGRES,48.858366,2.270369,Plein jour,En agglomération,Intersection en Y,Normale,Deux véhicules - arrière,4,2,3,0,1,2,1,9,1,50,2,2,0,0,0,2,29.0,29.0,voiture,deux_roues,1,2,4,1,2
201900038309,2019-04-29 16:40:00,2019,4,29,16,40,75,75116,ALLEE DU BORD DE L EAU,48.866683,2.23183,Plein jour,En agglomération,Hors intersection,Normale,Autre collision,4,2,2,0,1,1,1,0,1,50,1,1,0,0,0,1,,,,,1,2,1,1,6
201900038310,2019-05-28 17:34:00,2019,5,28,17,34,75,75115,BOULEVARD VICTOR,48.833507,2.286528,Plein jour,En agglomération,Intersection en X,Normale,Autre collision,4,3,2,0,2,1,1,0,1,50,1,2,1,0,0,1,39.0,,utilitaire_camion,,1,2,2,1,6
201900038311,2019-05-28 12:30:00,2019,5,28,12,30,75,75115,RUE DE DANTZIG,48.835511,2.300702,Plein jour,En agglomération,Intersection en X,Normale,Deux véhicules - côté,4,1,1,0,1,1,1,0,1,50,2,3,2,0,0,1,67.0,58.0,voiture,voiture,1,2,2,1,3
201900038312,2019-05-27 16:16:00,2019,5,27,16,16,75,75115,AVENUE EMILE ZOLA,48.846513,2.285404,Plein jour,En agglomération,Place,Normale,Autre collision,4,2,2,0,1,1,1,0,1,50,1,2,1,0,0,1,37.0,,transport_commun,,1,2,7,1,6
201900038313,2019-05-26 03:50:00,2019,5,26,3,50,75,75115,RUE DE DANTZIG,48.835527,2.300686,Nuit avec éclairage allumé,En agglomération,Intersection en X,Normale,Deux véhicules - côté,4,-1,0,0,1,1,1,0,1,50,2,3,2,0,0,1,33.0,24.0,voiture,voiture,5,2,2,1,3
201900038314,2019-05-22 17:10:00,2019,5,22,17,10,75,75115,RUE MADEMOISELLE,48.843537,2.293655,Plein jour,En agglomération,Intersection en Y,Normale,Trois véhicules et plus - en chaîne,4,1,1,0,1,1,1,0,1,50,3,3,2,0,0,1,78.0,64.0,voiture,voiture,1,2,4,1,4
201900038315,2019-05-22 15:25:00,2019,5,22,15,25,75,75115,RUE BARGUE,48.840578,2.306174,Plein jour,En agglomération,Hors intersection,Normale,Autre collision,4,1,1,0,1,1,1,0,1,50,1,2,1,0,0,1,22.0,,utilitaire_camion,,1,2,1,1,6
201900038316,2019-05-20 20:00:00,2019,5,20,20,0,75,75115,RUE DU THEATRE,48.850232,2.284902,Plein jour,En agglomération,Intersection en X,Normale,Deux véhicules - côté,4,1,1,0,1,1,1,1,1,50,2,2,1,0,0,1,47.0,29.0,voiture,deux_roues,1,2,2,1,3
201900038317,2019-05-20 08:20:00,2019,5,20,8,20,75,75115,RUE DE LOURMEL,48.838972,2.282233,Plein jour,En agglomération,Intersection en Y,Pluie légère,Sans collision,4,1,2,0,1,2,2,0,1,50,1,1,0,0,0,1,38.0,,deux_roues,,1,2,4,2,7
201900038318,2019-05-20 00:40:00,2019,5,20,0,40,75,75115,QUAI BRANLY,48.857488,2.291011,Nuit avec éclairage allumé,En agglomération,Intersection en T,Normale,Deux véhicules - côté,4,2,0,0,1,1,1,5,1,50,2,3,1,0,0,2,30.0,27.0,deux_roues,voiture,5,2,3,1,3
201900038319,2019-05-17 20:20:00,2019,5,17,20,20,75,75115,RUE MADEMOISELLE,48.843544,2.293389,Plein jour,En agglomération,Intersection en Y,Normale,Autre collision,4,1,1,0,1,1,1,0,1,50,1,1,0,0,0,1,,,,,1,2,4,1,6
201900038320,2019-05-15 09:30:00,2019,5,15,9,30,75,75115,ROND POINT DU PONT MIRABEAU,48.846082,2.276948,Plein jour,En agglomération,Intersection en X,Normale,Autre collision,4,2,1,0,1,1,1,0,1,30,1,2,1,0,0,1,32.0,,utilitaire_camion,,1,2,2,1,6
201900038321,2019-05-14 17:50:00,2019,5,14,17,50,75,75115,BOULEVARD PASTEUR,48.840491,2.314714,Plein jour,En agglomération,Place,Normale,Deux véhicules - arrière,4,2,2,0,1,1,1,0,1,50,2,2,1,0,0,1,36.0,61.0,voiture,deux_roues,1,2,7,1,2
201900038322,2019-05-13 15:00:00,2019,5,13,15,0,75,75115,RUE DE LA CONVENTION,48.838029,2.294682,Plein jour,En agglomération,Intersection en X,Normale,Autre collision,4,2,2,0,1,1,1,0,1,50,2,1,0,0,0,1,44.0,,deux_roues,,1,2,2,1,6
201900038323,2019-05-13 13:58:00,2019,5,13,13,58,75,75115,AVENUE DE SUFFREN,48.851178,2.300909,Plein jour,En agglomération,Place,Normale,Autre collision,4,2,4,0,1,1,1,0,1,50,2,1,0,0,0,1,60.0,,deux_roues,,1,2,7,1,6
201900038324,2019-05-11 20:00:00,2019,5,11,20,0,75,75115,RUE DE VOUILLE,48.834725,2.305194,Plein jour,En agglomération,Intersection en X,Normale,Autre collision,4,2,2,0,1,1,2,0,6,30,1,1,0,0,0,1,24.0,,deux_roues,,1,2,2,1,6
201900038325,2019-05-10 08:40:00,2019,5,10,8,40,75,75115,RUE DES QUATRE FRERES PEIGNOT,48.847276,2.283841,Plein jour,En agglomération,Intersection en X,Normale,Deux véhicules - côté,4,1,1,0,1,1,1,0,1,50,2,2,1,0,0,1,53.0,14.0,deux_roues,deux_roues,1,2,2,1,3
201900038326,2019-05-08 10:20:00,2019,5,8,10,20,75,75115,RUE DE VAUGIRARD,48.837936,2.297747,Plein jour,En agglomération,Intersection en X,Pluie forte,Autre collision,4,1,2,0,1,1,2,0,1,50,1,3,0,0,0,3,41.0,,deux_roues,,1,2,2,3,6
201900038327,2019-05-04 19:30:00,2019,5,4,19,30,75,75115,AVENUE FELIX FAURE,48.841254,2.288299,Plein jour,En agglomération,Hors intersection,Pluie légère,Deux véhicules - côté,4,2,2,0,1,1,2,0,1,50,2,2,1,0,0,1,29.0,62.0,deux_roues,voiture,1,2,1,2,3
201900038328,2019-05-04 14:20:00,2019,5,4,14,20,75,75115,RUE DE LA CONVENTION,48.83595,2.300853,Plein jour,En agglomération,Intersection en T,Pluie légère,Sans collision,4,2,2,0,1,1,2,0,1,30,1,1,0,0,0,1,23.0,,deux_roues,,1,2,3,2,7
201900038329,2019-05-02 09:05:00,2019,5,2,9,5,75,75115,RUE LECOURBE,48.841551,2.299074,Plein jour,En agglomération,Intersection en X,Normale,Sans collision,4,1,1,0,1,1,1,0,1,50,1,1,0,0,0,1,53.0,,deux_roues,,1,2,2,1,7
201900038330,2019-05-02 08:27:00,2019,5,2,8,27,75,75115,BOULEVARD LEFEBVRE,48.829508,2.297359,Plein jour,En agglomération,Hors intersection,Normale,Deux véhicules - côté,4,1,4,1,1,1,1,0,5,50,2,2,1,0,0,1,24.0,52.0,deux_roues,voiture,1,2,1,1,3
201900038331,2019-05-01 19:00:00,2019,5,1,19,0,75,75115,BOULEVARD DE GRENELLE,48.8498,2.296005,Plein jour,En agglomération,Intersection en X,Normale,Deux véhicules - côté,4,1,1,0,1,1,1,0,1,50,2,2,1,0,0,1,68.0,5.0,voiture,deux_roues,1,2,2,1,3
201900038332,2019-04-30 14:35:00,2019,4,30,14,35,75,75115,RUE DE LA PORTE D ISSY,48.832518,2.281369,Plein jour,En agglomération,Hors intersection,Normale,Deux véhicules - côté,4,1,2,1,1,1,1,0,4,50,2,2,1,0,0,1,32.0,23.0,deux_roues,utilitaire_camion,1,2,1,1,3
201900038333,2019-04-30 14:30:00,2019,4,30,14,30,75,75115,RUE LECOURBE,48.839127,2.291458,Plein jour,En agglomération,Intersection en T,Normale,Deux véhicules - arrière,4,1,2,0,1,1,1,0,1,50,2,2,1,0,0,1,30.0,38.0,deux_roues,utilitaire_camion,1,2,3,1,2
201900038334,2019-05-28 08:50:00,2019,5,28,8,50,75,75105,RUE GAY LUSSAC,48.846708,2.34086,Plein jour,En agglomération,Hors intersection,Pluie légère,Sans collision,4,2,3,3,1,1,2,0,1,50,1,1,0,0,0,1,34.0,,deux_roues,,1,2,1,2,7
201900038335,2019-05-27 16:25:00,2019,5,27,16,25,75,75114,RUE JULIA BARTET,48.825457,2.30231,Plein jour,En agglomération,Intersection en X,Normale,Deux véhicules - côté,4,2,4,1,1,1,1,0,5,50,2,2,0,0,0,2,65.0,31.0,deux_roues,deux_roues,1,2,2,1,3
201900038336,2019-05-26 20:40:00,2019,5,26,20,40,75,75114,RUE D ALESIA,48.827812,2.332546,Plein jour,En agglomération,Intersection en X,Normale,Deux véhicules - côté,4,2,3,0,1,1,1,0,1,50,2,3,1,0,0,2,59.0,29.0,deux_roues,voiture,1,2,2,1,3
201900038337,2019-05-25 10:40:00,2019,5,25,10,40,75,75114,RUE DU MONTPARNASSE,48.841591,2.325147,Plein jour,En agglomération,Hors intersection,Normale,Autre collision,4,1,1,0,1,1,1,0,1,50,1,2,1,0,0,1,22.0,,deux_roues,,1,2,1,1,6
201900038338,2019-05-25 01:00:00,2019,5,25,1,0,75,75114,PLACE DE LA PORTE DE CHATILLON,48.824533,2.31921,Nuit avec éclairage allumé,En agglomération,Place,Normale,Deux véhicules - côté,4,1,2,0,1,1,1,0,1,50,2,3,2,0,0,1,38.0,19.0,voiture,deux_roues,5,2,7,1,3
201900038339,2019-05-24 19:35:00,2019,5,24,19,35,75,75114,BOULEVARD RASPAIL,48.835545,2.332005,Plein jour,En agglomération,Hors intersection,Normale,Autre collision,4,1,3,0,1,1,1,0,1,50,1,2,1,0,0,1,26.0,,voiture,,1,2,1,1,6
201900038340,2019-05-24 18:15:00,2019,5,24,18,15,75,75114,BOULEVARD ROMAIN ROLLAND,48.819858,2.325504,Plein jour,En agglomération,Intersection en X,Normale,Deux véhicules - côté,4,2,4,0,1,1,1,0,1,50,2,2,1,0,0,1,41.0,50.0,deux_roues,deux_roues,1,2,2,1,3
201900038341,2019-05-18 11:10:00,2019,5,18,11,10,75,75114,AVENUE DU GENERAL LECLERC,48.829604,2.328415,Plein jour,En agglomération,Intersection en X,Normale,Trois véhicules et plus - en chaîne,4,2,4,0,1,1,1,0,1,50,3,3,2,0,0,1,58.0,62.0,voiture,voiture,1,2,2,1,4
201900038342,2019-05-17 15:00:00,2019,5,17,15,0,75,75114,RUE CAMPAGNE PREMIERE,48.838707,2.33085,Plein jour,En agglomération,Intersection en T,Normale,Deux véhicules - côté,4,1,1,0,1,1,1,0,1,50,2,2,1,0,0,1,18.0,39.0,deux_roues,utilitaire_camion,1,2,3,1,3
201900038343,2019-05-16 23:38:00,2019,5,16,23,38,75,75114,BOULEVARD ADOLPHE PINARD,48.823552,2.308704,Nuit avec éclairage allumé,En agglomération,Hors intersection,Temps couvert,Autre collision,4,1,1,0,1,1,1,0,1,50,1,1,0,0,0,1,34.0,,deux_roues,,5,2,1,8,6
201900038344,2019-05-16 19:13:00,2019,5,16,19,13,75,75115,BOULEVARD GARIBALDI,48.845746,2.309547,Plein jour,En agglomération,Intersection en Y,Normale,Deux véhicules - côté,4,3,2,1,1,1,1,0,5,50,2,2,1,0,0,1,77.0,69.0,deux_roues,voiture,1,2,4,1,3
201900038345,2019-05-15 14:15:00,2019,5,15,14,15,75,75114,RUE D ALESIA,48.829838,2.321173,Plein jour,En agglomération,Intersection en T,Normale,Autre collision,4,2,3,0,1,1,1,9,1,50,1,2,1,0,0,1,53.0,,deux_roues,,1,2,3,1,6
201900038346,2019-05-15 07:42:00,2019,5,15,7,42,75,75114,AVENUE DU GENERAL LECLERC,48.831368,2.329928,Plein jour,En agglomération,Intersection en T,Normale,Sans collision,4,2,5,3,1,1,1,0,6,50,1,1,0,0,0,1,36.0,,deux_roues,,1,2,3,1,7
201900038347,2019-05-14 15:15:00,2019,5,14,15,15,75,75114,AVENUE RENE COTY,48.82604,2.335395,Plein jour,En agglomération,Hors intersection,Normale,Autre collision,4,3,1,0,1,1,1,0,4,50,1,2,1,0,0,1,19.0,,deux_roues,,1,2,1,1,6
201900038348,2019-05-14 08:15:00,2019,5,14,8,15,75,75114,RUE VERCINGETORIX,48.832373,2.310931,Plein jour,En agglomération,Hors intersection,Normale,Deux véhicules - côté,4,1,2,0,1,1,1,0,1,50,2,2,1,0,0,1,53.0,36.0,deux_roues,deux_roues,1,2,1,1,3
201900038349,2019-05-12 18:15:00,2019,5,12,18,15,75,75114,RUE DE CHATILLON,48.827554,2.323331,Plein jour,En agglomération,Hors intersection,Normale,Autre collision,4,1,1,0,1,1,1,0,1,50,1,3,2,0,0,1,53.0,,voiture,,1,2,1,1,6
201900038350,2019-05-12 01:50:00,2019,5,12,1,50,75,75114,AVENUE REILLE,48.824474,2.33835,Nuit avec éclairage allumé,En agglomération,Intersection en T,Normale,Autre collision,4,2,2,0,2,1,1,0,1,50,1,1,0,0,0,1,32.0,,voiture,,5,2,3,1,6
201900038351,2019-05-11 17:55:00,2019,5,11,17,55,75,75114,RUE DE LA SABLIERE,48.832069,2.322226,Plein jour,En agglomération,Intersection en X,Pluie forte,Deux véhicules - côté,4,1,2,0,1,1,2,0,1,50,2,2,1,0,0,1,33.0,25.0,utilitaire_camion,deux_roues,1,2,2,3,3
201900038352,2019-05-08 00:38:00,2019,5,8,0,38,75,75114,AVENUE RENE COTY,48.830746,2.333588,Nuit avec éclairage allumé,En agglomération,Intersection en X,Pluie légère,Deux véhicules - arrière,4,3,2,0,1,1,2,0,1,50,2,2,1,0,0,1,21.0,35.0,deux_roues,voiture,5,2,2,2,2
201900038353,2019-05-06 08:50:00,2019,5,6,8,50,75,75114,RUE FROIDEVAUX,48.83648,2.326263,Plein jour,En agglomération,Hors intersection,Normale,Deux véhicules - côté,4,2,4,1,1,1,1,9,5,50,2,2,1,0,0,1,63.0,24.0,deux_roues,deux_roues,1,2,1,1,3
201900038354,2019-05-04 16:25:00,2019,5,4,16,25,75,75115,RUE SAINT CHARLES,48.844764,2.283903,Plein jour,En agglomération,Intersection en X,Pluie légère,Sans collision,4,1,1,0,1,1,2,0,1,50,1,1,0,0,0,1,30.0,,deux_roues,,1,2,2,2,7
201900038355,2019-05-03 19:30:00,2019,5,3,19,30,75,75114,RUE DAREAU,48.831814,2.338967,Plein jour,En agglomération,Hors intersection,Temps couvert,Sans collision,4,1,1,0,1,1,2,0,1,50,1,1,0,0,0,1,53.0,,deux_roues,,1,2,1,8,7
201900038356,2019-05-02 11:45:00,2019,5,2,11,45,75,75114,RUE D ALESIA,48.827218,2.336682,Plein jour,En agglomération,Intersection en T,Normale,Deux véhicules - côté,4,2,3,0,2,1,1,0,1,50,2,2,1,0,0,1,47.0,55.0,voiture,voiture,1,2,3,1,3
201900038357,2019-05-02 09:20:00,2019,5,2,9,20,75,75115,BOULEVARD DE VAUGIRARD,48.841282,2.317324,Plein jour,En agglomération,Hors intersection,Pluie légère,Deux véhicules - arrière,4,1,2,0,1,1,2,8,1,50,2,2,1,0,0,1,60.0,55.0,deux_roues,voiture,1,2,1,2,2
201900038358,2019-04-30 19:20:00,2019,4,30,19,20,75,75114,AVENUE DE LA PORTE DE CHATILLON,48.823326,2.31654,Plein jour,En agglomération,Hors intersection,Normale,Deux véhicules - côté,4,2,5,3,1,1,1,0,6,50,2,2,1,0,0,1,67.0,29.0,voiture,voiture,1,2,1,1,3
201900038359,2019-04-30 18:50:00,2019,4,30,18,50,75,75114,BOULEVARD BRUNE,48.825653,2.314941,Plein jour,En agglomération,Intersection en T,Normale,Autre collision,4,3,4,0,1,1,1,0,1,50,1,2,1,0,0,1,48.0,,deux_roues,,1,2,3,1,6
201900038360,2019-04-29 08:50:00,2019,4,29,8,50,75,75114,RUE D ALESIA,48.831432,2.31583,Plein jour,En agglomération,Hors intersection,Normale,Deux véhicules - côté,4,2,3,0,1,1,1,0,1,50,2,2,1,0,0,1,52.0,23.0,deux_roues,voiture,1,2,1,1,3
201900038361,2019-05-28 10:20:00,2019,5,28,10,20,75,75113,QUAI D AUSTERLITZ,48.840134,2.370364,Plein jour,En agglomération,Hors intersection,Normale,Deux véhicules - côté,4,2,2,1,1,1,1,0,5,50,2,2,1,0,0,1,45.0,46.0,deux_roues,utilitaire_camion,1,2,1,1,3
201900038362,2019-05-25 15:00:00,2019,5,25,15,0,75,75105,RUE CLAUDE BERNARD,48.840282,2.346039,Plein jour,En agglomération,Intersection en X,Pluie légère,Deux véhicules - côté,4,2,4,0,1,1,2,0,1,50,2,2,1,0,0,1,44.0,23.0,deux_roues,deux_roues,1,2,2,2,3
201900038363,2019-05-24 08:35:00,2019,5,24,8,35,75,75113,AVENUE CLAUDE REGAUD,48.821549,2.372476,Plein jour,En agglomération,Intersection en X,Normale,Autre collision,4,2,3,0,2,1,1,0,1,50,1,3,1,0,0,2,38.0,,voiture,,1,2,2,1,6