accident_id,datetime,annee,mois,jour,heure,minute,departement,commune_insee,adresse,latitude,longitude,luminosite,agglomeration,intersection,meteo,collision,catr,circ,nbv,vosp,prof,plan,surf,infra,situ,vma,nb_vehicules,nb_usagers,nb_indemnes,nb_tues,nb_blesses_hosp,nb_blesses_legers,age_cond_1,age_cond_2,veh_type_cond_1,veh_type_cond_2,lum_code,agg_code,int_code,atm_code,col_code
201900038364,2019-05-24 03:40:00,2019,5,24,3,40,75,75113,BOULEVARD AUGUSTE BLANQUI,48.82959,2.350342,Nuit avec éclairage allumé,En agglomération,Hors intersection,Normale,Autre collision,4,1,3,0,4,2,1,0,1,50,1,1,0,0,0,1,18.0,,deux_roues,,5,2,1,1,6
201900038365,2019-05-23 22:35:00,2019,5,23,22,35,75,75113,BOULEVARD AUGUSTE BLANQUI,48.831112,2.344234,Nuit avec éclairage allumé,En agglomération,Intersection en X,Normale,Deux véhicules - côté,4,1,3,0,1,1,1,0,1,50,2,3,1,0,0,2,31.0,31.0,deux_roues,deux_roues,5,2,2,1,3
201900038366,2019-06-21 09:55:00,2019,6,21,9,55,11,11262,ESPAGNE (AVENUE D'),43.15655,2.98147,Plein jour,En agglomération,Giratoire,Normale,Deux véhicules - arrière,4,2,4,0,1,1,1,0,1,70,2,1,0,0,1,0,70.0,,deux_roues,,1,2,6,1,2
201900038367,2019-06-22 08:21:00,2019,6,22,8,21,10,10081,GENERAL SARRAIL (AVE),48.30647,4.04002,Plein jour,En agglomération,Intersection en X,Normale,Deux véhicules - arrière,4,2,2,0,1,1,1,0,1,50,2,2,1,0,0,1,42.0,,voiture,,1,2,2,1,2
201900038368,2019-06-21 13:05:00,2019,6,21,13,5,10,10362,GENERAL LECLERC (RUE DU),48.29144,4.034,Plein jour,En agglomération,Hors intersection,Normale,Deux véhicules - arrière,4,2,3,0,1,1,1,0,1,50,2,3,1,0,0,2,45.0,30.0,voiture,voiture,1,2,1,1,2
201900038369,2019-06-19 15:39:00,2019,6,19,15,39,10,10387,GAMBETTA (RUE),48.29975,4.07301,Plein jour,En agglomération,Hors intersection,Normale,Deux véhicules - côté,4,2,4,0,1,1,1,0,1,50,2,2,1,0,0,1,14.0,56.0,deux_roues,voiture,1,2,1,1,3
201900038370,2019-06-19 11:46:00,2019,6,19,11,46,10,10387,GENERAL LECLERC (RUE DU),48.30626,4.05896,Plein jour,En agglomération,Hors intersection,Normale,Autre collision,4,2,2,0,2,2,1,0,1,50,1,1,0,0,1,0,51.0,,voiture,,1,2,1,1,6
201900038371,2019-06-22 02:00:00,2019,6,22,2,0,9,09122,LECLERC (AVENUE DU GENERAL),42.9818,1.61225,Nuit sans éclairage public,En agglomération,Hors intersection,Normale,Autre collision,3,2,2,3,1,1,1,0,1,70,1,2,1,1,0,0,52.0,,voiture,,3,2,1,1,6
201900038372,2019-06-20 22:20:00,2019,6,20,22,20,7,07008,D2 ( ROUTE DEPARTEMENTALE ),44.71212,4.63712,Nuit sans éclairage public,Hors agglomération,Hors intersection,Pluie légère,Autre collision,3,2,2,0,2,2,2,0,1,70,1,4,1,0,0,3,32.0,,voiture,,3,1,1,2,6
201900038373,2019-06-21 18:30:00,2019,6,21,18,30,7,07102,Chemin des MULETS,44.93302,4.85945,Plein jour,En agglomération,Giratoire,Normale,Deux véhicules - côté,4,2,2,2,1,1,1,0,1,50,2,2,1,0,0,1,19.0,72.0,voiture,deux_roues,1,2,6,1,3
201900038374,2019-06-20 07:45:00,2019,6,20,7,45,6,06088,MEDECIN (AV. JEAN),43.70032,7.26825,Plein jour,En agglomération,Hors intersection,Normale,Autre collision,9,3,0,3,1,1,1,4,1,30,1,2,1,1,0,0,54.0,,transport_commun,,1,2,1,1,6
201900038375,2019-06-23 01:20:00,2019,6,23,1,20,6,06083,"SOLEIL (PROMENADE DU,N°962 A 1292)",43.77316,7.50006,Nuit avec éclairage allumé,En agglomération,Hors intersection,Normale,Deux véhicules - arrière,3,2,2,0,1,1,1,0,1,50,2,2,1,0,0,1,35.0,32.0,deux_roues,voiture,5,2,1,1,2
201900038376,2019-06-21 14:00:00,2019,6,21,14,0,6,06069,ROTHSCHILD (BOULEVARD ALICE DE),43.66645,6.93443,Plein jour,Hors agglomération,Hors intersection,Normale,Sans collision,3,2,2,0,2,1,1,0,1,50,1,1,0,0,0,1,38.0,,voiture,,1,1,1,1,7
201900038377,2019-06-20 18:20:00,2019,6,20,18,20,6,06069,CAREMIL (AVENUE ETIENNE),43.66289,6.92554,Plein jour,En agglomération,Hors intersection,Normale,Deux véhicules - frontale,3,1,1,0,1,2,1,0,1,30,2,2,1,0,0,1,59.0,27.0,voiture,voiture,1,2,1,1,1
201900038378,2019-06-20 17:20:00,2019,6,20,17,20,6,06069,PLAN (ROUTE DU) -D304-,43.64377,6.95522,Plein jour,En agglomération,Hors intersection,Normale,Deux véhicules - frontale,3,2,2,0,1,1,1,0,1,50,2,2,1,0,0,1,29.0,65.0,deux_roues,voiture,1,2,1,1,1
201900038379,2019-06-22 14:40:00,2019,6,22,14,40,6,06123,FAHNESTOCK G. CORNICHE,43.6743,7.1848,Plein jour,Hors agglomération,Intersection en T,Normale,Deux véhicules - côté,7,2,2,0,2,1,1,0,1,50,2,2,1,0,0,1,18.0,55.0,deux_roues,voiture,1,1,3,1,3
201900038380,2019-06-19 07:45:00,2019,6,19,7,45,6,06027,BESSET AVENUE CYRILLE,43.66106,7.1549,Crépuscule ou aube,En agglomération,Intersection en T,Temps éblouissant,Deux véhicules - frontale,7,2,3,0,1,1,1,0,1,50,2,2,1,0,0,1,28.0,47.0,deux_roues,voiture,2,2,3,7,1
201900038381,2019-06-21 08:15:00,2019,6,21,8,15,5,05061,LUYE ( ROUTE DE LA ),44.51108,6.06404,Plein jour,Hors agglomération,Hors intersection,Normale,Sans collision,3,2,2,0,1,3,1,0,3,80,1,1,0,0,0,1,25.0,,voiture,,1,1,1,1,7
201900038382,2019-05-28 11:20:00,2019,5,28,11,20,3,03310,rue Maréchal Lyautey,46.1196779,3.4336777,Plein jour,En agglomération,Intersection en X,Normale,Deux véhicules - côté,4,2,2,0,2,1,1,0,1,50,2,2,1,0,1,0,17.0,40.0,deux_roues,utilitaire_camion,1,2,2,1,3
201900038383,2019-06-21 09:30:00,2019,6,21,9,30,75,75116,PORTE DAUPHINE,48.874785,2.276021,Plein jour,En agglomération,Intersection en Y,Normale,Sans collision,4,1,4,0,1,1,1,0,1,70,1,1,0,0,0,1,24.0,,deux_roues,,1,2,4,1,7
201900038384,2019-06-21 08:20:00,2019,6,21,8,20,75,75119,PORTE DE PANTIN,48.895385,2.394802,Plein jour,En agglomération,Hors intersection,Normale,Deux véhicules - côté,4,1,4,0,1,1,1,0,1,70,2,2,1,0,0,1,43.0,40.0,voiture,deux_roues,1,2,1,1,3
201900038385,2019-06-20 19:10:00,2019,6,20,19,10,75,75113,PORTE D ITALIE,48.817614,2.353978,Plein jour,En agglomération,Intersection en Y,Normale,Deux véhicules - côté,4,1,3,0,1,3,1,0,1,70,2,2,1,0,0,1,46.0,27.0,voiture,deux_roues,1,2,4,1,3
201900038386,2019-06-20 08:35:00,2019,6,20,8,35,75,75117,PORTE DE CLICHY,48.894393,2.305535,Plein jour,En agglomération,Hors intersection,Pluie légère,Deux véhicules - arrière,4,1,4,0,1,1,2,0,1,70,2,2,1,0,0,1,31.0,42.0,voiture,deux_roues,1,2,1,2,2
201900038387,2019-06-19 09:15:00,2019,6,19,9,15,75,75113,PORTE DE GENTILLY,48.817045,2.348402,Plein jour,En agglomération,Hors intersection,Normale,Deux véhicules - arrière,4,1,3,0,1,2,1,0,1,70,2,2,1,0,0,1,25.0,32.0,deux_roues,voiture,1,2,1,1,2
201900038388,2019-06-19 08:50:00,2019,6,19,8,50,75,75116,PORTE D AUTEUIL,48.843233,2.254509,Plein jour,En agglomération,Hors intersection,Normale,Deux véhicules - côté,4,-1,4,0,1,1,1,1,1,70,2,2,1,0,0,1,35.0,51.0,deux_roues,utilitaire_camion,1,2,1,1,3
201900038389,2019-06-19 07:45:00,2019,6,19,7,45,75,75120,PORTE DE MONTREUIL,48.854457,2.413835,Plein jour,En agglomération,Hors intersection,Normale,Trois véhicules et plus - en chaîne,4,1,4,0,1,1,1,0,1,70,3,3,1,0,0,2,37.0,58.0,deux_roues,deux_roues,1,2,1,1,4
201900038390,2019-06-18 09:00:00,2019,6,18,9,0,75,75117,BOULEVARD PERIPHERIQUE EXTERIEUR OUEST,48.896126,2.308709,Plein jour,En agglomération,Hors intersection,Normale,Deux véhicules - côté,4,1,4,0,1,1,1,0,1,70,2,2,1,0,0,1,40.0,55.0,deux_roues,utilitaire_camion,1,2,1,1,3
201900038391,2019-06-17 08:15:00,2019,6,17,8,15,75,75113,BOULEVARD PERIPHERIQUE,48.825914,2.386914,Plein jour,En agglomération,Intersection en Y,Normale,Trois véhicules et plus - en chaîne,4,1,4,0,1,1,1,0,1,70,3,3,2,0,0,1,51.0,24.0,voiture,voiture,1,2,4,1,4
201900038392,2019-06-11 16:20:00,2019,6,11,16,20,75,75120,PORTE DE BAGNOLET,48.85993,2.413982,Plein jour,En agglomération,Hors intersection,Normale,Autre collision,4,1,4,0,1,1,2,0,1,70,2,1,0,0,0,1,20.0,,deux_roues,,1,2,1,1,6
201900038393,2019-06-08 13:25:00,2019,6,8,13,25,75,75118,PORTE DE CLIGNANCOURT,48.901041,2.350764,Plein jour,En agglomération,Hors intersection,Normale,Deux véhicules - arrière,4,1,4,0,1,1,1,0,1,70,2,2,1,0,0,1,46.0,65.0,deux_roues,voiture,1,2,1,1,2
201900038394,2019-06-20 18:00:00,2019,6,20,18,0,75,75115,RUE ANDRE GIDE,48.83728,2.313209,Plein jour,En agglomération,Hors intersection,Normale,Autre collision,4,1,1,0,1,1,1,0,1,50,1,4,2,0,0,2,17.0,,deux_roues,,1,2,1,1,6
201900038395,2019-06-20 16:16:00,2019,6,20,16,16,75,75117,AVENUE DE SAINT OUEN,48.895876,2.328409,Plein jour,En agglomération,Intersection en T,Normale,Autre collision,4,2,2,3,1,1,1,0,6,50,1,2,0,0,1,1,32.0,,deux_roues,,1,2,3,1,6
201900038396,2019-06-19 16:30:00,2019,6,19,16,30,75,75113,RUE LIARD,48.821311,2.342668,Plein jour,En agglomération,Intersection en T,Normale,Autre collision,4,1,2,0,2,1,1,0,1,30,2,3,2,0,1,0,23.0,39.0,voiture,deux_roues,1,2,3,1,6
201900038397,2019-06-19 16:19:00,2019,6,19,16,19,75,75104,RUE SAINT ANTOINE,48.8534124,2.3671821,Plein jour,En agglomération,Intersection en T,Normale,Autre collision,4,2,3,0,1,1,1,0,1,50,1,2,1,1,0,0,49.0,,transport_commun,,1,2,3,1,6
201900038398,2019-06-17 23:20:00,2019,6,17,23,20,75,75118,ECHANGEUR CHAPELLE,48.900674,2.364942,Nuit avec éclairage non allumé,En agglomération,Intersection en Y,Normale,Autre collision,4,1,2,0,2,1,1,0,1,70,1,3,2,0,1,0,51.0,,voiture,,4,2,4,1,6
201900038399,2019-06-12 03:00:00,2019,6,12,3,0,75,75119,BOULEVARD PERIPHERIQUE,48.885912,2.397524,Nuit avec éclairage allumé,En agglomération,Intersection en Y,Normale,Autre collision,4,1,2,0,2,1,1,9,1,70,1,2,0,0,1,1,18.0,,voiture,,5,2,4,1,6
201900038400,2019-06-07 02:20:00,2019,6,7,2,20,75,75120,BOULEVARD PERIPHERIQUE,48.852069,2.41508,Nuit avec éclairage allumé,En agglomération,Intersection en Y,Normale,Trois véhicules et plus - en chaîne,4,1,4,0,1,1,1,0,1,70,3,9,2,0,3,4,28.0,25.0,voiture,voiture,5,2,4,1,4
201900038401,2019-06-20 19:15:00,2019,6,20,19,15,75,75106,RUE DU VIEUX COLOMBIER,48.851379,2.331933,Plein jour,En agglomération,Intersection en T,Temps éblouissant,Autre collision,4,2,2,0,1,1,1,0,1,50,1,2,1,0,0,1,73.0,,voiture,,1,2,3,7,6
201900038402,2019-06-21 18:45:00,2019,6,21,18,45,75,75120,RUE DE BELLEVILLE,48.873268,2.381903,Plein jour,En agglomération,Intersection en T,Normale,Autre collision,4,2,2,3,2,1,1,0,6,50,1,3,2,0,0,1,45.0,,voiture,,1,2,3,1,6
201900038403,2019-06-20 16:40:00,2019,6,20,16,40,75,75120,RUE DES PYRENEES,48.853278,2.405944,Plein jour,En agglomération,Hors intersection,Normale,Autre collision,4,2,2,0,2,1,1,0,1,50,1,2,0,0,1,1,16.0,,deux_roues,,1,2,1,1,6
201900038404,2019-06-21 13:00:00,2019,6,21,13,0,75,75119,BOULEVARD SERURIER,48.893043,2.394739,Plein jour,En agglomération,Hors intersection,Normale,Autre collision,4,1,2,0,1,3,1,1,1,50,1,1,0,0,0,1,52.0,,voiture,,1,2,1,1,6
201900038405,2019-06-14 19:20:00,2019,6,14,19,20,75,75119,PORTE DE PANTIN,48.88343,2.399739,Plein jour,En agglomération,Hors intersection,Normale,Autre collision,4,1,4,0,1,1,1,0,1,70,2,2,0,0,0,2,47.0,,deux_roues,,1,2,1,1,6
201900038406,2019-06-22 19:15:00,2019,6,22,19,15,75,75118,RUE ORDENER,48.890236,2.359914,Plein jour,En agglomération,Intersection en X,Normale,Autre collision,4,2,2,0,1,1,1,5,1,50,1,2,1,0,0,1,61.0,,voiture,,1,2,2,1,6
201900038407,2019-06-22 12:55:00,2019,6,22,12,55,75,75102,RUE DES PETITS CARREAUX,48.867597,2.347356,Plein jour,En agglomération,Intersection en T,Normale,Sans collision,4,1,1,0,1,1,1,0,1,30,1,1,0,0,0,1,23.0,,deux_roues,,1,2,3,1,7
201900038408,2019-06-22 02:15:00,2019,6,22,2,15,75,75105,QUAI DE LA TOURNELLE,48.850531,2.353168,Nuit avec éclairage allumé,En agglomération,Hors intersection,Normale,Autre collision,4,-1,2,0,1,1,1,0,1,50,1,3,2,0,1,0,33.0,,voiture,,5,2,1,1,6
201900038409,2019-06-21 16:27:00,2019,6,21,16,27,75,75118,BOULEVARD BARBES,48.883859,2.349474,Plein jour,En agglomération,Intersection en X,Normale,Autre collision,4,2,4,0,1,1,1,0,1,50,1,2,1,0,0,1,44.0,,deux_roues,,1,2,2,1,6
201900038410,2019-06-21 20:00:00,2019,6,21,20,0,75,75116,AVENUE D IENA,48.868645,2.295708,Plein jour,En agglomération,Hors intersection,Normale,Trois véhicules et plus - en chaîne,4,2,2,0,1,1,1,0,1,30,3,4,2,0,0,2,35.0,34.0,voiture,voiture,1,2,1,1,4
201900038411,2019-06-20 18:30:00,2019,6,20,18,30,75,75117,AVENUE DE CLICHY,48.89125,2.319069,Plein jour,En agglomération,Intersection en Y,Normale,Sans collision,4,2,2,0,2,1,1,0,1,30,1,1,0,0,0,1,60.0,,deux_roues,,1,2,4,1,7
201900038412,2019-06-20 21:20:00,2019,6,20,21,20,75,75117,RUE DE ROME,48.885668,2.316817,Crépuscule ou aube,En agglomération,Intersection en X,Normale,Autre collision,4,2,2,0,2,1,1,0,1,50,1,2,1,0,0,1,28.0,,deux_roues,,2,2,2,1,6
201900038413,2019-06-20 08:10:00,2019,6,20,8,10,75,75117,AVENUE MAC MAHON,48.878341,2.294293,Plein jour,En agglomération,Intersection en Y,Pluie légère,Autre collision,4,2,2,3,2,1,2,0,6,30,2,2,1,0,0,1,31.0,52.0,deux_roues,voiture,1,2,4,2,6
201900038414,2019-06-13 13:25:00,2019,6,13,13,25,75,75117,RUE PIERRE DEMOURS,48.884438,2.301255,Plein jour,En agglomération,Intersection en T,Normale,Deux véhicules - côté,4,1,1,0,1,1,1,0,1,30,2,2,1,0,0,1,25.0,70.0,deux_roues,voiture,1,2,3,1,3
201900038415,2019-06-22 21:00:00,2019,6,22,21,0,75,75116,AVENUE DU PRESIDENT KENNEDY,48.851317,2.278466,Plein jour,En agglomération,Intersection en T,Normale,Autre collision,4,2,4,0,1,1,1,0,1,50,2,1,0,0,0,1,28.0,,deux_roues,,1,2,3,1,6
201900038416,2019-06-21 11:55:00,2019,6,21,11,55,75,75108,RUE DE COURCELLES,48.878611,2.300624,Plein jour,En agglomération,Intersection en X,Normale,Autre collision,4,2,4,0,1,1,1,0,1,50,1,2,1,0,0,1,29.0,,transport_commun,,1,2,2,1,6
201900038417,2019-06-20 15:10:00,2019,6,20,15,10,75,75116,RUE DE BASSANO,48.869655,2.29825,Plein jour,En agglomération,Intersection en X,Normale,Autre collision,4,1,1,0,1,1,1,0,1,50,1,2,1,0,0,1,53.0,,voiture,,1,2,2,1,6
201900038418,2019-06-20 09:45:00,2019,6,20,9,45,75,75116,AVENUE MOZART,48.850406,2.267039,Plein jour,En agglomération,Hors intersection,Normale,Trois véhicules et plus - collisions multiples,4,1,2,0,1,1,1,0,1,50,3,3,2,0,0,1,38.0,58.0,voiture,deux_roues,1,2,1,1,5
201900038419,2019-06-03 23:15:00,2019,6,3,23,15,75,75116,ROUTE DE LA MUETTE A NEUILLY,48.867439,2.265457,Nuit avec éclairage allumé,En agglomération,Hors intersection,Normale,Autre collision,4,2,2,0,1,1,1,0,1,50,1,1,0,0,1,0,,,,,5,2,1,1,6
201900038420,2019-06-22 01:50:00,2019,6,22,1,50,75,75115,RUE DE VAUGIRARD,48.841277,2.307187,Nuit avec éclairage allumé,En agglomération,Intersection en T,Normale,Sans collision,4,1,2,0,1,1,1,0,1,50,1,1,0,0,0,1,42.0,,deux_roues,,5,2,3,1,7
201900038421,2019-06-21 09:30:00,2019,6,21,9,30,75,75107,PONT D IENA,48.858934,2.293004,Plein jour,En agglomération,Intersection en T,Normale,Deux véhicules - côté,4,2,4,1,1,3,1,0,5,50,2,2,1,0,0,1,86.0,52.0,deux_roues,utilitaire_camion,1,2,3,1,3
201900038422,2019-06-20 12:30:00,2019,6,20,12,30,75,75115,RUE DU THEATRE,48.848513,2.2891,Plein jour,En agglomération,Intersection en T,Normale,Sans collision,4,1,1,0,1,1,1,0,1,50,1,1,0,0,0,1,30.0,,deux_roues,,1,2,3,1,7
201900038423,2019-06-20 14:15:00,2019,6,20,14,15,75,75114,BOULEVARD BRUNE,48.827069,2.307823,Plein jour,En agglomération,Hors intersection,Normale,Deux véhicules - arrière,4,3,4,0,1,1,1,0,1,50,2,2,1,0,0,1,40.0,57.0,deux_roues,utilitaire_camion,1,2,1,1,2
201900038424,2019-06-20 08:55:00,2019,6,20,8,55,75,75114,BOULEVARD ARAGO,48.83453,2.335673,Plein jour,En agglomération,Hors intersection,Pluie légère,Autre collision,4,2,2,0,1,1,2,0,1,50,1,3,1,0,0,2,48.0,,deux_roues,,1,2,1,2,6
201900038425,2019-06-19 13:45:00,2019,6,19,13,45,75,75114,RUE D ALESIA,48.83224,2.312835,Plein jour,En agglomération,Intersection en T,Normale,Trois véhicules et plus - collisions multiples,4,2,2,0,1,1,1,0,1,50,3,3,2,0,0,1,54.0,40.0,voiture,voiture,1,2,3,1,5
201900038426,2019-06-21 19:30:00,2019,6,21,19,30,75,75113,RUE BOBILLOT,48.830366,2.354566,Plein jour,En agglomération,Intersection en T,Normale,Deux véhicules - arrière,4,1,3,0,1,1,1,0,1,50,2,2,1,0,0,1,65.0,65.0,voiture,deux_roues,1,2,3,1,2
201900038427,2019-06-21 18:30:00,2019,6,21,18,30,75,75113,AVENUE DES GOBELINS,48.83394,2.35382,Plein jour,En agglomération,Intersection en T,Normale,Deux véhicules - frontale,4,2,4,0,2,1,1,0,1,50,2,2,1,0,0,1,57.0,32.0,voiture,deux_roues,1,2,3,1,1
201900038428,2019-06-21 17:40:00,2019,6,21,17,40,75,75105,BOULEVARD DE PORT ROYAL,48.837111,2.349008,Plein jour,En agglomération,Intersection en X,Normale,Deux véhicules - côté,4,2,0,3,2,1,1,9,6,50,2,2,1,0,0,1,18.0,57.0,deux_roues,voiture,1,2,2,1,3
201900038429,2019-06-20 15:45:00,2019,6,20,15,45,75,75113,RUE DE LA COLONIE,48.823932,2.350924,Plein jour,En agglomération,Hors intersection,Normale,Autre collision,4,1,0,0,1,1,1,0,1,50,1,2,1,0,0,1,62.0,,deux_roues,,1,2,1,1,6
201900038430,2019-06-20 11:30:00,2019,6,20,11,30,75,75113,RUE DUNOIS,48.830692,2.369895,Plein jour,En agglomération,Hors intersection,Normale,Autre collision,4,1,1,2,1,1,1,0,5,30,1,2,1,0,0,1,43.0,,deux_roues,,1,2,1,1,6
201900038431,2019-06-20 09:20:00,2019,6,20,9,20,75,75113,RUE DU VAL DE MARNE,48.815958,2.346733,Plein jour,En agglomération,Intersection en Y,Temps couvert,Deux véhicules - côté,4,2,2,0,1,1,2,0,1,50,2,2,1,0,0,1,46.0,66.0,voiture,voiture,1,2,4,8,3
201900038432,2019-06-21 17:00:00,2019,6,21,17,0,75,75112,PLACE FELIX EBOUE,48.839417,2.396084,Plein jour,En agglomération,Place,Normale,Autre collision,4,1,4,0,1,2,1,0,1,50,2,2,1,0,0,1,43.0,56.0,voiture,deux_roues,1,2,7,1,6
201900038433,2019-06-21 07:00:00,2019,6,21,7,0,75,75112,RUE DE CHARENTON,48.833975,2.394272,Plein jour,En agglomération,Hors intersection,Normale,Deux véhicules - côté,4,2,2,0,2,1,1,0,1,50,2,2,1,0,0,1,41.0,31.0,voiture,deux_roues,1,2,1,1,3
201900038434,2019-06-20 20:30:00,2019,6,20,20,30,75,75112,AVENUE DAUMESNIL,48.848634,2.37254,Plein jour,En agglomération,Intersection en X,Temps couvert,Deux véhicules - côté,4,1,2,0,1,1,1,5,1,50,2,2,1,0,0,1,61.0,20.0,voiture,deux_roues,1,2,2,8,3
201900038435,2019-06-20 11:30:00,2019,6,20,11,30,75,75112,AVENUE DE LA PORTE DE VINCENNES,48.846552,2.413881,Plein jour,En agglomération,Place,Normale,Deux véhicules - côté,4,2,3,0,1,1,1,0,1,50,2,2,1,0,0,1,66.0,40.0,utilitaire_camion,deux_roues,1,2,7,1,3
201900038436,2019-06-20 10:17:00,2019,6,20,10,17,75,75112,AVENUE LEDRU ROLLIN,48.848597,2.372474,Plein jour,En agglomération,Intersection en X,Pluie légère,Deux véhicules - côté,4,1,2,0,1,1,2,0,1,50,2,2,1,0,0,1,39.0,50.0,utilitaire_camion,deux_roues,1,2,2,2,3
201900038437,2019-06-20 08:15:00,2019,6,20,8,15,75,75112,QUAI DE BERCY,48.827383,2.390093,Plein jour,En agglomération,Hors intersection,Normale,Deux véhicules - côté,4,1,2,0,1,1,2,1,1,50,2,2,1,0,0,1,26.0,44.0,voiture,deux_roues,1,2,1,1,3
201900038438,2019-06-21 19:30:00,2019,6,21,19,30,75,75111,BOULEVARD VOLTAIRE,48.857046,2.381434,Plein jour,En agglomération,Hors intersection,Normale,Deux véhicules - côté,4,2,2,0,1,1,1,0,1,50,2,2,0,0,0,2,28.0,39.0,deux_roues,deux_roues,1,2,1,1,3
201900038439,2019-06-21 16:17:00,2019,6,21,16,17,75,75111,RUE DE LA FOLIE REGNAULT,48.86018,2.386432,Plein jour,En agglomération,Intersection en T,Normale,Deux véhicules - côté,4,1,0,0,2,1,1,0,1,30,2,2,1,0,0,1,23.0,68.0,deux_roues,deux_roues,1,2,3,1,3
201900038440,2019-06-20 16:50:00,2019,6,20,16,50,75,75111,BOULEVARD DE MENILMONTANT,48.862814,2.387276,Plein jour,En agglomération,Intersection à plus de 4 branches,Normale,Deux véhicules - côté,4,3,2,0,1,1,1,0,1,50,2,2,1,0,0,1,24.0,63.0,utilitaire_camion,voiture,1,2,5,1,3
201900038441,2019-06-20 13:15:00,2019,6,20,13,15,75,75111,BOULEVARD RICHARD LENOIR,48.858609,2.371304,Plein jour,En agglomération,Intersection en Y,Normale,Autre collision,4,3,3,0,1,1,1,0,1,50,2,2,1,0,0,1,38.0,30.0,voiture,deux_roues,1,2,4,1,6
201900038442,2019-06-20 09:10:00,2019,6,20,9,10,75,75111,RUE DE CHARONNE,48.853305,2.378743,Plein jour,En agglomération,Intersection en T,Temps couvert,Deux véhicules - côté,4,2,2,0,1,1,2,0,1,50,2,2,1,0,0,1,30.0,70.0,deux_roues,voiture,1,2,3,8,3
201900038443,2019-06-22 19:20:00,2019,6,22,19,20,75,75109,RUE LA FAYETTE,48.879408,2.348586,Plein jour,En agglomération,Intersection en X,Normale,Deux véhicules - côté,4,1,2,0,1,1,1,0,1,50,2,2,1,0,0,1,39.0,22.0,deux_roues,voiture,1,2,2,1,3
201900038444,2019-06-22 18:00:00,2019,6,22,18,0,75,75116,ALLEE DU BORD DE L EAU,48.862195,2.229428,Plein jour,En agglomération,Intersection en T,Pluie légère,Deux véhicules - côté,4,2,4,0,1,1,1,0,1,80,2,2,1,0,0,1,74.0,41.0,deux_roues,voiture,1,2,3,2,3
201900038445,2019-06-21 18:39:00,2019,6,21,18,39,75,75108,AVENUE DE FRIEDLAND,48.874198,2.299726,Plein jour,En agglomération,Intersection en T,Normale,Deux véhicules - côté,4,2,3,0,1,1,1,0,1,50,2,2,1,0,0,1,52.0,29.0,voiture,deux_roues,1,2,3,1,3
201900038446,2019-06-21 15:40:00,2019,6,21,15,40,75,75108,PLACE DE LA CONCORDE,48.866782,2.322111,Plein jour,En agglomération,Place,Normale,Sans collision,4,2,8,0,1,1,1,0,1,50,1,1,0,0,0,1,36.0,,deux_roues,,1,2,7,1,7
201900038447,2019-06-21 07:55:00,2019,6,21,7,55,75,75108,AVENUE MARCEAU,48.868681,2.299004,Plein jour,En agglomération,Intersection en X,Normale,Deux véhicules - frontale,4,2,3,3,2,1,1,0,6,50,2,2,1,0,0,1,51.0,24.0,voiture,deux_roues,1,2,2,1,1
201900038448,2019-06-21 08:05:00,2019,6,21,8,5,75,75108,BOULEVARD MALESHERBES,48.869981,2.323257,Plein jour,En agglomération,Place,Normale,Trois véhicules et plus - en chaîne,4,2,4,0,1,1,1,5,1,50,3,3,2,0,0,1,48.0,24.0,voiture,deux_roues,1,2,7,1,4
201900038449,2019-06-21 23:30:00,2019,6,21,23,30,75,75115,RUE DE LA CONVENTION,48.840008,2.290352,Nuit avec éclairage allumé,En agglomération,Intersection en X,Normale,Deux véhicules - côté,4,-1,2,0,1,1,1,0,1,50,2,2,1,0,0,1,23.0,26.0,voiture,deux_roues,5,2,2,1,3
201900038450,2019-06-21 09:35:00,2019,6,21,9,35,75,75107,QUAI D ORSAY,48.862514,2.309197,Plein jour,En agglomération,Intersection en T,Normale,Deux véhicules - côté,4,2,4,0,1,1,1,0,1,50,2,2,1,0,0,1,27.0,32.0,voiture,deux_roues,1,2,3,1,3
201900038451,2019-06-21 21:30:00,2019,6,21,21,30,75,75103,RUE NOTRE DAME DE NAZARETH,48.867229,2.359767,Crépuscule ou aube,En agglomération,Hors intersection,Normale,Autre collision,4,1,1,0,1,1,1,0,1,50,1,2,1,0,0,1,31.0,,deux_roues,,2,2,1,1,6
201900038452,2019-06-20 17:15:00,2019,6,20,17,15,75,75109,BOULEVARD DES ITALIENS,48.871848,2.339283,Plein jour,En agglomération,Hors intersection,Normale,Deux véhicules - côté,4,2,4,0,1,1,1,0,1,50,2,2,1,0,0,1,31.0,30.0,deux_roues,voiture,1,2,1,1,3
201900038453,2019-06-20 09:30:00,2019,6,20,9,30,75,75103,RUE DU TEMPLE,48.861044,2.355854,Plein jour,En agglomération,Hors intersection,Normale,Deux véhicules - côté,4,2,2,0,1,1,2,0,1,30,2,2,1,0,0,1,27.0,45.0,deux_roues,utilitaire_camion,1,2,1,1,3
201900038454,2019-06-19 20:30:00,2019,6,19,20,30,75,75101,RUE SAINT HONORE,48.862658,2.337487,Plein jour,En agglomération,Intersection en T,Pluie forte,Autre collision,4,1,2,0,1,1,2,0,1,30,1,2,1,0,0,1,47.0,,voiture,,1,2,3,3,6
201900038455,2019-06-22 18:30:00,2019,6,22,18,30,75,75103,BOULEVARD DE SEBASTOPOL,48.863403,2.350951,Plein jour,En agglomération,Intersection en X,Normale,Autre collision,4,1,4,1,1,1,1,0,5,50,1,2,1,0,0,1,24.0,,deux_roues,,1,2,2,1,6
201900038456,2019-06-21 13:30:00,2019,6,21,13,30,75,75102,BOULEVARD MONTMARTRE,48.871485,2.343044,Plein jour,En agglomération,Intersection en X,Normale,Deux véhicules - côté,4,2,3,1,1,1,1,0,5,30,2,2,1,0,0,1,29.0,65.0,deux_roues,voiture,1,2,2,1,3