accident_id,datetime,annee,mois,jour,heure,minute,departement,commune_insee,adresse,latitude,longitude,luminosite,agglomeration,intersection,meteo,collision,catr,circ,nbv,vosp,prof,plan,surf,infra,situ,vma,nb_vehicules,nb_usagers,nb_indemnes,nb_tues,nb_blesses_hosp,nb_blesses_legers,age_cond_1,age_cond_2,veh_type_cond_1,veh_type_cond_2,lum_code,agg_code,int_code,atm_code,col_code
201900038457,2019-06-20 09:30:00,2019,6,20,9,30,75,75103,RUE DE TURBIGO,48.866825,2.361937,Plein jour,En agglomération,Intersection en Y,Pluie légère,Deux véhicules - côté,4,-1,2,0,1,1,2,8,1,30,2,2,1,0,0,1,28.0,29.0,deux_roues,utilitaire_camion,1,2,4,2,3
201900038458,2019-06-21 12:15:00,2019,6,21,12,15,94,94068,FOCH (AV),48.79,2.49,Plein jour,En agglomération,Hors intersection,Normale,Deux véhicules - côté,3,2,2,0,2,1,1,0,1,50,2,2,1,0,0,1,75.0,60.0,deux_roues,utilitaire_camion,1,2,1,1,3
201900038459,2019-06-21 14:05:00,2019,6,21,14,5,94,94052,ALBERT 1ER (BD),48.833758,2.493017,Plein jour,En agglomération,Hors intersection,Normale,Autre collision,2,3,4,0,2,1,1,0,1,50,3,3,2,0,0,1,61.0,59.0,voiture,voiture,1,2,1,1,6
201900038460,2019-06-21 12:30:00,2019,6,21,12,30,94,94046,JEAN JAURES (R),48.79561,2.43395,Plein jour,En agglomération,Intersection en T,Normale,Deux véhicules - côté,3,2,2,0,1,1,1,0,1,50,2,2,1,0,0,1,38.0,40.0,deux_roues,voiture,1,2,3,1,3
201900038461,2019-06-19 16:30:00,2019,6,19,16,30,94,94016,PRESIDENT WILSON (AV DU),48.79378,2.33272,Plein jour,En agglomération,Hors intersection,Normale,Trois véhicules et plus - en chaîne,3,2,2,0,1,1,1,0,1,50,3,3,2,0,0,1,49.0,49.0,voiture,deux_roues,1,2,1,1,4
201900038462,2019-06-21 21:55:00,2019,6,21,21,55,94,94041,DANIELLE CASANOVA (AV),48.81425,2.38417,Crépuscule ou aube,En agglomération,Hors intersection,Normale,Deux véhicules - côté,3,2,2,0,1,1,1,0,1,50,2,2,1,0,0,1,34.0,27.0,voiture,deux_roues,2,2,1,1,3
201900038463,2019-06-22 21:00:00,2019,6,22,21,0,94,94065,ALBERT 1ER (BD),48.74648,2.36662,Plein jour,En agglomération,Hors intersection,Normale,Autre collision,4,1,2,0,1,1,1,0,1,90,2,6,5,0,0,1,27.0,43.0,utilitaire_camion,utilitaire_camion,1,2,1,1,6
201900038464,2019-06-22 13:30:00,2019,6,22,13,30,94,94034,HUIT MAI 1945 (AV DU),48.75318,2.31265,Plein jour,En agglomération,Intersection en Y,Normale,Deux véhicules - arrière,4,2,2,0,1,3,1,0,1,50,2,2,1,0,0,1,30.0,26.0,voiture,voiture,1,2,4,1,2
201900038465,2019-06-21 15:45:00,2019,6,21,15,45,94,94073,LUXEMBOURG (AV DU),48.7777665,2.5164039,Plein jour,En agglomération,Hors intersection,Normale,Deux véhicules - arrière,4,2,4,0,1,1,1,0,1,50,2,3,2,0,0,1,30.0,26.0,voiture,voiture,1,2,1,1,2
201900038466,2019-06-20 18:15:00,2019,6,20,18,15,94,94073,RENE PANHARD (AV),48.76331,2.4002,Plein jour,En agglomération,Hors intersection,Normale,Trois véhicules et plus - en chaîne,3,-1,2,0,1,1,1,0,1,50,3,3,2,0,0,1,33.0,34.0,voiture,voiture,1,2,1,1,4
201900038467,2019-06-21 08:35:00,2019,6,21,8,35,94,94022,VICTOR HUGO (AV),48.7690568,2.4214262,Plein jour,En agglomération,Hors intersection,Normale,Autre collision,3,1,3,0,1,1,1,0,1,50,1,2,1,0,0,1,26.0,,utilitaire_camion,,1,2,1,1,6
201900038468,2019-06-22 15:15:00,2019,6,22,15,15,94,94060,Hippodrome (AV),48.79392,2.55926,Plein jour,En agglomération,Autre intersection,Normale,Deux véhicules - arrière,4,2,0,0,1,1,1,0,1,50,2,2,1,0,0,1,56.0,45.0,deux_roues,voiture,1,2,9,1,2
201900038469,2019-06-20 20:05:00,2019,6,20,20,5,94,94018,PARIS (R DE),48.82885,2.40227,Plein jour,En agglomération,Hors intersection,Normale,Deux véhicules - côté,3,2,2,0,1,1,1,0,1,30,2,2,1,0,0,1,36.0,37.0,voiture,deux_roues,1,2,1,1,3
201900038470,2019-06-22 20:45:00,2019,6,22,20,45,94,94041,DANIELLE CASANOVA (AV),48.81425,2.38417,Crépuscule ou aube,En agglomération,Intersection en T,Normale,Deux véhicules - côté,3,2,2,2,1,1,1,0,1,50,2,2,1,0,0,1,46.0,,utilitaire_camion,,2,2,3,1,3
201900038471,2019-06-20 08:00:00,2019,6,20,8,0,94,94017,STALINGRAD (BD DE),48.82292,2.49722,Plein jour,En agglomération,Intersection en X,Pluie forte,Deux véhicules - côté,3,2,2,0,1,1,2,0,1,50,2,2,1,0,0,1,47.0,17.0,voiture,deux_roues,1,2,2,3,3
201900038472,2019-06-22 13:05:00,2019,6,22,13,5,94,94075,MANDRES (R DE),48.71218,2.53862,Plein jour,En agglomération,Intersection en T,Normale,Deux véhicules - côté,3,2,2,0,1,1,1,0,1,50,2,2,1,0,0,1,57.0,41.0,voiture,voiture,1,2,3,1,3
201900038473,2019-06-21 19:55:00,2019,6,21,19,55,94,94071,GAMBETTA (R),48.777768,2.516521,Plein jour,En agglomération,Hors intersection,Normale,Autre collision,4,2,1,0,2,1,1,0,1,30,1,2,1,0,0,1,50.0,,voiture,,1,2,1,1,6
201900038474,2019-06-21 08:00:00,2019,6,21,8,0,94,94044,VERDUN (AV DE),48.7557,2.4888,Plein jour,En agglomération,Hors intersection,Normale,Autre collision,3,2,2,0,1,1,1,0,1,50,1,2,1,0,0,1,42.0,,deux_roues,,1,2,1,1,6
201900038475,2019-06-19 16:40:00,2019,6,19,16,40,94,94002,JEAN BAPTISTE CLEMENT (QU),48.79742,2.42106,Plein jour,En agglomération,Hors intersection,Normale,Deux véhicules - côté,4,1,2,0,1,1,1,0,1,50,2,2,1,0,0,1,41.0,53.0,deux_roues,autre,1,2,1,1,3
201900038476,2019-06-21 08:10:00,2019,6,21,8,10,93,93073,CHARDONNERETS (RUE DES),48.98472,2.51913,Plein jour,En agglomération,Hors intersection,Normale,Autre collision,4,2,2,0,1,1,1,0,1,50,1,2,1,0,0,1,54.0,,voiture,,1,2,1,1,6
201900038477,2019-06-22 19:20:00,2019,6,22,19,20,93,93071,AMPERE (AVENUE),48.944234,2.515984,Plein jour,En agglomération,Hors intersection,Normale,Autre collision,4,1,1,0,1,3,1,9,1,30,1,2,1,0,0,1,20.0,,voiture,,1,2,1,1,6
201900038478,2019-06-22 13:50:00,2019,6,22,13,50,93,93070,LANDY(RUE):N° 1 AU 43,48.91427,2.34682,Plein jour,En agglomération,Hors intersection,Normale,Deux véhicules - arrière,3,1,2,0,1,1,1,0,1,50,2,1,0,0,0,1,39.0,,voiture,,1,2,1,1,2
201900038479,2019-06-21 15:20:00,2019,6,21,15,20,93,93070,JEAN-JAURES (BD),48.91394,2.33623,Plein jour,En agglomération,Hors intersection,Normale,Deux véhicules - côté,3,1,4,0,1,1,1,0,1,50,2,2,1,0,1,0,51.0,40.0,autre,deux_roues,1,2,1,1,3
201900038480,2019-06-21 18:00:00,2019,6,21,18,0,93,93070,JEAN-JAURES (BD),48.91522,2.33764,Plein jour,En agglomération,Hors intersection,Normale,Deux véhicules - côté,3,3,0,0,1,1,1,0,1,50,2,2,1,0,0,1,40.0,47.0,voiture,deux_roues,1,2,1,1,3
201900038481,2019-06-20 04:50:00,2019,6,20,4,50,93,93070,MICHELET (AVE) : DU 1 AU 103,48.91174,2.34434,Crépuscule ou aube,En agglomération,Hors intersection,Pluie légère,Deux véhicules - arrière,3,2,2,0,1,1,2,0,1,50,2,2,1,0,0,1,47.0,20.0,voiture,voiture,2,2,1,2,2
201900038482,2019-06-14 21:15:00,2019,6,14,21,15,93,93066,"""SEMBAT MARCEL (BD), NR 2 A 66 ET 1 A 47",48.930832,2.354702,Plein jour,En agglomération,Hors intersection,Temps éblouissant,Autre collision,4,1,2,0,1,3,1,0,1,50,1,2,1,1,0,0,32.0,,voiture,,1,2,1,7,6
201900038483,2019-06-22 14:15:00,2019,6,22,14,15,93,93064,LAVOISIER (RUE),48.86311,2.49843,Plein jour,En agglomération,Intersection en T,Normale,Trois véhicules et plus - collisions multiples,3,2,2,0,1,1,1,0,1,50,3,3,2,0,0,1,17.0,51.0,deux_roues,voiture,1,2,3,1,5
201900038484,2019-06-22 07:05:00,2019,6,22,7,5,93,93064,KENNEDY (AVENUE DU PRESIDENT),48.88063,2.49405,Plein jour,En agglomération,Hors intersection,Normale,Deux véhicules - côté,3,1,3,0,1,1,1,0,1,50,2,2,1,0,1,0,52.0,61.0,deux_roues,voiture,1,2,1,1,3
201900038485,2019-06-22 21:00:00,2019,6,22,21,0,93,93077,CLEMENCEAU (RUE),48.8847927,2.5239388,Plein jour,En agglomération,Hors intersection,Normale,Deux véhicules - frontale,4,2,0,0,1,1,1,0,1,50,2,2,1,0,1,0,27.0,32.0,deux_roues,voiture,1,2,1,1,1
201900038486,2019-06-20 21:00:00,2019,6,20,21,0,93,93077,GRANDE RUE,48.88411,2.51024,Plein jour,En agglomération,Hors intersection,Temps éblouissant,Deux véhicules - arrière,3,1,2,0,1,1,1,0,1,50,2,2,1,0,0,1,18.0,27.0,deux_roues,utilitaire_camion,1,2,1,7,2
201900038487,2019-06-21 13:05:00,2019,6,21,13,5,93,93055,FORMAGNE,48.89338,2.42216,Plein jour,En agglomération,Intersection en X,Normale,Deux véhicules - côté,4,1,1,0,2,1,1,0,1,50,2,2,1,0,0,1,37.0,23.0,voiture,voiture,1,2,2,1,3
201900038488,2019-06-22 19:00:00,2019,6,22,19,0,93,93053,CLOCHER (AVENUE DU),48.9026,2.4696,Plein jour,En agglomération,Intersection en T,Normale,Trois véhicules et plus - collisions multiples,4,1,2,0,1,1,1,0,1,50,3,3,2,0,0,1,37.0,37.0,deux_roues,utilitaire_camion,1,2,3,1,5
201900038489,2019-06-21 17:37:00,2019,6,21,17,37,93,93053,VAILLANT COUTURIER (RUE),48.8907,2.4515,Plein jour,En agglomération,Intersection en T,Normale,Deux véhicules - côté,3,1,2,0,1,1,1,0,1,50,2,2,1,0,0,1,23.0,53.0,utilitaire_camion,utilitaire_camion,1,2,3,1,3
201900038490,2019-06-22 15:15:00,2019,6,22,15,15,93,93033,NATIONALE NUMERO 34 (ROUTE),48.867449,2.571864,Plein jour,En agglomération,Hors intersection,Normale,Deux véhicules - arrière,3,3,4,0,1,1,1,0,1,50,2,2,1,0,0,1,31.0,48.0,voiture,deux_roues,1,2,1,1,2
201900038491,2019-06-21 00:05:00,2019,6,21,0,5,93,93050,GENERAL DE GAULLE (AVENUE),48.85702,2.53128,Nuit avec éclairage allumé,En agglomération,Intersection en X,Normale,Deux véhicules - côté,3,2,4,0,1,1,1,5,1,50,2,4,2,0,1,1,26.0,21.0,voiture,voiture,5,2,2,1,3
201900038492,2019-06-21 14:20:00,2019,6,21,14,20,93,93046,MARECHAL LECLERC AVENUE,48.9174473,2.5339481,Plein jour,En agglomération,Intersection en X,Normale,Deux véhicules - côté,3,2,4,0,1,1,1,5,1,50,2,2,1,0,0,1,19.0,19.0,voiture,voiture,1,2,2,1,3
201900038493,2019-06-21 11:40:00,2019,6,21,11,40,93,93031,ROUGET DE L'ISLE,48.950361,2.338536,Plein jour,En agglomération,Hors intersection,Normale,Deux véhicules - frontale,4,2,0,0,1,1,1,0,1,50,2,2,1,0,0,1,40.0,57.0,voiture,voiture,1,2,1,1,1
201900038494,2019-06-20 14:30:00,2019,6,20,14,30,93,93027,QUINET (RUE EDGAR),48.9319,2.39878,Plein jour,En agglomération,Giratoire,Normale,Deux véhicules - côté,3,1,1,0,1,3,1,5,1,50,2,3,2,0,0,1,42.0,37.0,voiture,voiture,1,2,6,1,3
201900038495,2019-06-20 09:59:00,2019,6,20,9,59,93,93027,SALENGRO (AVENUE ROGER),48.93,2.38,Plein jour,Hors agglomération,Autre intersection,Normale,Deux véhicules - côté,3,1,1,0,1,3,2,0,1,50,2,3,2,0,0,1,19.0,37.0,utilitaire_camion,utilitaire_camion,1,1,9,1,3
201900038496,2019-06-22 21:20:00,2019,6,22,21,20,93,93014,JOACHIM DU BELLAY (ALLEE),48.90585,2.54394,Crépuscule ou aube,En agglomération,Intersection en Y,Normale,Deux véhicules - côté,4,2,1,0,1,3,1,9,1,50,2,2,1,0,0,1,9.0,24.0,deux_roues,voiture,2,2,4,1,3
201900038497,2019-06-21 18:05:00,2019,6,21,18,5,93,93014,RECY (ALLEE DE),48.90201,2.54331,Plein jour,En agglomération,Intersection en T,Normale,Deux véhicules - arrière,4,2,2,0,1,1,1,0,1,50,2,4,2,0,0,2,17.0,19.0,voiture,voiture,1,2,3,1,2
201900038498,2019-06-21 13:30:00,2019,6,21,13,30,93,93014,EMILE COSSONNEAU (ALLEE),48.90494,2.52467,Plein jour,Hors agglomération,Intersection en T,Normale,Deux véhicules - côté,4,-1,0,0,1,1,1,0,1,50,2,2,1,0,0,1,37.0,64.0,voiture,deux_roues,1,1,3,1,3
201900038499,2019-06-21 08:30:00,2019,6,21,8,30,93,93057,BRIAND ( AV. ARISTIDE) 31 A 91,48.90958,2.505337,Plein jour,En agglomération,Intersection en X,Normale,Deux véhicules - arrière,3,2,6,0,1,1,1,5,1,50,2,2,1,0,1,0,42.0,23.0,utilitaire_camion,voiture,1,2,2,1,2
201900038500,2019-06-22 03:45:00,2019,6,22,3,45,93,93007,"""PAUL VAILLANT COUTURIER (AVENUE """"DU 01",48.92404,2.46301,Nuit avec éclairage allumé,En agglomération,Hors intersection,Normale,Deux véhicules - côté,3,2,1,0,1,2,1,0,1,50,2,2,1,0,0,1,19.0,26.0,voiture,voiture,5,2,1,1,3
201900038501,2019-06-21 19:20:00,2019,6,21,19,20,93,93007,DIVISION LECLERC (AVENUE),48.947,2.462,Plein jour,En agglomération,Hors intersection,Normale,Autre collision,3,-1,0,0,1,1,1,0,1,50,1,2,1,0,0,1,14.0,,deux_roues,,1,2,1,1,6
201900038502,2019-06-20 09:45:00,2019,6,20,9,45,93,93005,JACQUES DUCLOS [CD44] (RUE),48.955501,2.492245,Plein jour,En agglomération,Hors intersection,Pluie légère,Deux véhicules - arrière,3,3,0,0,1,1,2,0,2,50,2,2,1,0,0,1,41.0,,autre,,1,2,1,2,2
201900038503,2019-06-22 20:45:00,2019,6,22,20,45,93,93001,GOULET (RUE DU)  => 24/31,48.912076,2.377383,Plein jour,En agglomération,Intersection en X,Normale,Deux véhicules - côté,4,2,1,0,1,1,1,0,1,50,2,2,1,0,0,1,35.0,30.0,deux_roues,voiture,1,2,2,1,3
201900038504,2019-06-20 18:00:00,2019,6,20,18,0,93,93001,DANIELLE CASANOVA (RUE)  59 =>,48.91485,2.40317,Plein jour,En agglomération,Hors intersection,Normale,Autre collision,3,2,3,3,1,1,1,0,1,50,1,2,1,0,1,0,35.0,,voiture,,1,2,1,1,6
201900038505,2019-06-20 12:50:00,2019,6,20,12,50,93,93013,LECLERC (AVENU DE LA DIVISION),48.9325,2.4233,Plein jour,En agglomération,Hors intersection,Normale,Autre collision,3,3,2,0,1,1,1,0,1,50,1,2,1,0,1,0,53.0,,voiture,,1,2,1,1,6
201900038506,2019-06-22 16:40:00,2019,6,22,16,40,92,92073,FUSILLES DE LA RESISTANCE 1940-1945 (ROU,48.877866,2.21607,Crépuscule ou aube,En agglomération,Autre intersection,Normale,Autre collision,3,1,1,0,2,3,1,0,1,50,1,2,1,0,0,1,87.0,,voiture,,2,2,9,1,6
201900038507,2019-06-22 10:29:00,2019,6,22,10,29,92,92073,CARON (RUE ALBERT),48.86461,2.21105,Plein jour,En agglomération,Hors intersection,Normale,Autre collision,4,1,1,0,1,1,1,0,1,30,1,3,1,0,0,2,79.0,,voiture,,1,2,1,1,6
201900038508,2019-06-21 09:10:00,2019,6,21,9,10,92,92033,BUZENVAL,48.85379,2.2004,Plein jour,En agglomération,Hors intersection,Normale,Deux véhicules - frontale,3,2,1,1,1,4,1,0,1,20,2,2,1,0,0,1,44.0,54.0,deux_roues,deux_roues,1,2,1,1,1
201900038509,2019-06-20 21:50:00,2019,6,20,21,50,92,92064, MARCEL DASSAULT ( QUAI ),48.85353,2.2227,Plein jour,En agglomération,Hors intersection,Normale,Deux véhicules - frontale,3,-1,4,0,1,1,1,0,1,50,2,2,1,0,0,1,44.0,19.0,voiture,deux_roues,1,2,1,1,1
201900038510,2019-06-20 20:10:00,2019,6,20,20,10,92,92064,MARECHAL FOCH,48.88867,2.19442,Crépuscule ou aube,En agglomération,Hors intersection,Normale,Deux véhicules - côté,4,2,2,0,1,1,1,0,1,50,2,2,1,0,0,1,45.0,11.0,voiture,deux_roues,2,2,1,1,3
201900038511,2019-06-21 08:20:00,2019,6,21,8,20,92,92063,COLMAR (AVENUE DE),48.8873457,2.181684,Plein jour,En agglomération,Hors intersection,Normale,Deux véhicules - frontale,3,1,5,0,1,1,1,9,1,50,2,2,1,0,0,1,26.0,39.0,deux_roues,voiture,1,2,1,1,1
201900038512,2019-06-21 09:40:00,2019,6,21,9,40,92,92062,BERGERES (RD-PT DES) DU 117 AU 141,48.88457,2.22671,Plein jour,En agglomération,Hors intersection,Normale,Autre collision,3,1,1,0,1,1,1,6,3,50,1,2,1,0,0,1,61.0,,voiture,,1,2,1,1,6
201900038513,2019-06-17 19:45:00,2019,6,17,19,45,92,92062,GENERAL DE GAULLE (AV) DU 44 AU 106,48.88596,2.22929,Plein jour,En agglomération,Intersection en X,Normale,Autre collision,3,3,3,0,1,1,1,5,1,50,1,2,0,0,0,2,,,,,1,2,2,1,6
201900038514,2019-06-20 08:40:00,2019,6,20,8,40,92,92062,DE DION BOUTON (QUAI) DU 1 AU 28,48.8798,2.2443,Plein jour,En agglomération,Hors intersection,Pluie forte,Deux véhicules - arrière,3,3,4,0,1,1,2,0,1,50,2,2,1,0,0,1,46.0,38.0,voiture,voiture,1,2,1,3,2
201900038515,2019-06-21 11:00:00,2019,6,21,11,0,92,92051,"BINEAU (BOULEVARD, N°53 A 131 ET 52 A 13",48.88806,2.27528,Plein jour,En agglomération,Intersection en X,Normale,Deux véhicules - arrière,3,3,5,0,1,1,1,0,1,50,2,2,1,0,0,1,51.0,53.0,deux_roues,voiture,1,2,2,1,2
201900038516,2019-06-21 14:55:00,2019,6,21,14,55,92,92050,HAVRE BOULEVARD DU,48.918841,2.22278,Plein jour,En agglomération,Intersection à plus de 4 branches,Normale,Deux véhicules - côté,3,4,4,0,1,1,1,5,1,50,2,4,3,0,0,1,59.0,29.0,voiture,deux_roues,1,2,5,1,3
201900038517,2019-06-18 22:45:00,2019,6,18,22,45,92,92050,CLEMENCEAU GEORGES AVENUE N°IMPAIR,48.8867807,2.2051779,Nuit avec éclairage allumé,En agglomération,Intersection en T,Normale,Deux véhicules - côté,3,2,5,0,2,1,1,5,1,50,2,3,2,0,0,1,29.0,20.0,deux_roues,voiture,5,2,3,1,3
201900038518,2019-06-20 13:15:00,2019,6,20,13,15,92,92049,BRIAND AVENUE ARISTIDE N°2 A 114,48.81759,2.32542,Plein jour,En agglomération,Intersection en X,Normale,Autre collision,3,3,9,0,1,1,1,0,1,50,3,3,2,0,0,1,57.0,37.0,utilitaire_camion,voiture,1,2,2,1,6
201900038519,2019-06-19 21:10:00,2019,6,19,21,10,92,92049,DORMOY AVENUE MARX N°102 A FIN,48.81045,2.31115,Crépuscule ou aube,En agglomération,Intersection en T,Normale,Deux véhicules - côté,4,2,2,0,1,1,1,0,1,50,2,2,1,0,0,1,57.0,59.0,voiture,deux_roues,2,2,3,1,3
201900038520,2019-06-22 13:50:00,2019,6,22,13,50,92,92044,CHARLES PASQUA(QUAI) 2 A 30,48.897121,2.2737181,Plein jour,En agglomération,Hors intersection,Normale,Trois véhicules et plus - en chaîne,3,1,4,0,1,1,1,0,1,50,4,6,2,0,0,4,30.0,48.0,utilitaire_camion,voiture,1,2,1,1,4
201900038521,2019-06-20 20:30:00,2019,6,20,20,30,92,92025,GABRIEL PERI (RUE),48.919807,2.242344,Plein jour,Hors agglomération,Hors intersection,Normale,Deux véhicules - arrière,3,2,4,0,1,1,1,0,1,50,2,2,1,0,0,1,54.0,51.0,voiture,voiture,1,1,1,1,2
201900038522,2019-11-02 11:20:00,2019,11,2,11,20,92,92012,LE CORBUSIER (RUE),48.83736,2.23817,Plein jour,En agglomération,Intersection en X,Temps éblouissant,Autre collision,4,2,1,0,1,1,1,0,1,50,1,2,1,0,0,1,62.0,,voiture,,1,2,2,7,6
201900038523,2019-06-20 14:20:00,2019,6,20,14,20,92,92012,BONTEMPS (rue Marcel),48.82603,2.24104,Plein jour,En agglomération,Hors intersection,Normale,Deux véhicules - côté,4,2,2,0,1,1,1,9,1,50,2,2,1,0,0,1,24.0,28.0,voiture,deux_roues,1,2,1,1,3
201900038524,2019-06-21 06:40:00,2019,6,21,6,40,92,92004,AULAGNIER ( QUAI ),48.914351,2.310861,Plein jour,En agglomération,Intersection en X,Normale,Deux véhicules - frontale,3,-1,2,0,1,1,1,0,1,50,2,2,1,0,0,1,58.0,21.0,utilitaire_camion,utilitaire_camion,1,2,2,1,1
201900038525,2019-06-20 11:00:00,2019,6,20,11,0,92,92004,GRESILLONS ( AVENUE DES  ),48.9167914,2.3061035,Plein jour,En agglomération,Hors intersection,Normale,Autre collision,3,-1,2,0,1,1,1,0,1,50,1,2,1,0,0,1,57.0,,deux_roues,,1,2,1,1,6
201900038526,2019-06-22 04:10:00,2019,6,22,4,10,92,92002,RAYMON ARON (AVENUE),48.7704985,2.3118277,Nuit avec éclairage allumé,En agglomération,Intersection en Y,Normale,Deux véhicules - côté,3,1,4,1,2,1,1,0,1,50,2,3,0,0,0,3,22.0,21.0,voiture,voiture,5,2,4,1,3
201900038527,2019-06-21 08:50:00,2019,6,21,8,50,92,92002,DIVISION LECLERC (53 A 217 - 58 A 186),48.7475316,2.303829,Plein jour,En agglomération,Hors intersection,Normale,Deux véhicules - côté,3,2,4,0,1,1,1,0,1,50,2,2,1,0,0,1,59.0,58.0,voiture,deux_roues,1,2,1,1,3
201900038528,2019-06-21 19:15:00,2019,6,21,19,15,22,22118,Le Chemin Creux - RD 794,48.450456,-2.009717,Plein jour,Hors agglomération,Hors intersection,Normale,Deux véhicules - frontale,3,2,2,0,1,1,1,0,1,80,2,3,1,0,0,2,18.0,53.0,voiture,voiture,1,1,1,1,1
201900038529,2019-06-22 16:50:00,2019,6,22,16,50,37,37065,Buisson Penot,47.024612,0.34858,Plein jour,Hors agglomération,Hors intersection,Normale,Deux véhicules - côté,3,2,2,0,1,1,1,0,1,80,2,3,1,0,2,0,17.0,18.0,utilitaire_camion,deux_roues,1,1,1,1,3
201900038530,2019-06-23 12:20:00,2019,6,23,12,20,37,37074,Port boulet CD 952 route de Saumur,47.2359806,0.1253114,Plein jour,Hors agglomération,Intersection en T,Normale,Autre collision,3,2,1,2,1,1,1,0,1,50,2,2,1,0,0,1,46.0,58.0,voiture,deux_roues,1,1,3,1,6
201900038531,2019-06-21 07:35:00,2019,6,21,7,35,47,47193,Terreblanque,44.555399,0.594529,Plein jour,Hors agglomération,Hors intersection,Temps couvert,Sans collision,4,2,2,0,2,1,1,0,3,80,1,1,0,0,1,0,66.0,,voiture,,1,1,1,8,7
201900038532,2019-06-17 07:50:00,2019,6,17,7,50,14,14656,D562,48.931192,-0.510446,Plein jour,Hors agglomération,Autre intersection,Normale,Sans collision,3,3,1,1,1,2,1,0,1,70,1,1,0,0,0,1,15.0,,deux_roues,,1,1,9,1,7
201900038533,2019-06-18 01:20:00,2019,6,18,1,20,2A,2A065,Route de Piana,42.1482454,8.6037498,Nuit sans éclairage public,Hors agglomération,Hors intersection,Normale,Sans collision,3,2,2,0,1,3,1,0,3,80,1,3,1,0,0,2,29.0,,voiture,,3,1,1,1,7
201900038534,2019-06-21 21:30:00,2019,6,21,21,30,1,01450,rue de l'artisanat,45.916684,5.236332,Nuit avec éclairage allumé,En agglomération,Intersection en T,Normale,Deux véhicules - côté,4,2,2,0,1,1,1,0,1,50,2,1,0,0,1,0,11.0,,deux_roues,,5,2,3,1,3
201900038535,2019-06-22 02:15:00,2019,6,22,2,15,1,01244,RD 1084,45.906062,5.215944,Nuit sans éclairage public,Hors agglomération,Giratoire,Pluie légère,Sans collision,3,2,1,0,1,1,2,0,3,80,1,4,0,0,2,2,28.0,,voiture,,3,1,6,2,7
201900038536,2019-06-20 11:00:00,2019,6,20,11,0,38,38336,Route des Cotes d'Arey,45.46195,4.83638,Plein jour,En agglomération,Hors intersection,Normale,Autre collision,3,2,2,0,1,3,1,0,8,30,1,1,0,1,0,0,57.0,,deux_roues,,1,2,1,1,6
201900038537,2019-06-19 09:25:00,2019,6,19,9,25,95,95205,7 Rue de la libération 95440,49.022238,2.375767,Plein jour,En agglomération,Hors intersection,Normale,Deux véhicules - arrière,4,2,2,0,3,2,1,9,1,50,2,3,1,0,0,2,25.0,29.0,voiture,voiture,1,2,1,1,2
201900038538,2019-06-21 07:30:00,2019,6,21,7,30,6,06161,Route Départementale,43.626021,7.132076,Plein jour,En agglomération,Hors intersection,Normale,Deux véhicules - arrière,3,2,2,0,1,1,1,0,1,50,2,2,1,0,1,0,23.0,70.0,voiture,deux_roues,1,2,1,1,2
201900038539,2019-06-21 19:30:00,2019,6,21,19,30,18,18117,18260,47.370212,2.712836,Crépuscule ou aube,Hors agglomération,Hors intersection,Pluie légère,Autre collision,3,2,2,0,2,1,2,0,3,80,1,1,0,0,0,1,47.0,,voiture,,2,1,1,2,6
201900038540,2019-06-19 18:45:00,2019,6,19,18,45,49,49092,La Rigaudière (La Tourlandry),47.148331,-0.678536,Plein jour,Hors agglomération,Intersection en T,Normale,Deux véhicules - côté,4,-1,2,0,1,1,1,0,1,80,2,2,0,0,0,2,40.0,25.0,autre,voiture,1,1,3,1,3
201900038541,2019-06-23 20:00:00,2019,6,23,20,0,31,31071,D15 - D73,43.343218,1.149727,Plein jour,Hors agglomération,Intersection en T,Temps éblouissant,Deux véhicules - côté,3,2,2,0,1,1,1,5,1,80,2,2,1,0,1,0,61.0,67.0,deux_roues,voiture,1,1,3,7,3
201900038542,2019-06-21 20:20:00,2019,6,21,20,20,83,83086,,43.4609549,6.592599,Crépuscule ou aube,Hors agglomération,Hors intersection,Normale,Deux véhicules - arrière,1,3,3,0,1,1,1,0,1,130,2,2,1,0,1,0,31.0,49.0,voiture,utilitaire_camion,2,1,1,1,2
201900038543,2019-06-21 08:05:00,2019,6,21,8,5,68,68227,RD 112,48.105894,7.454316,Plein jour,Hors agglomération,Intersection en T,Normale,Deux véhicules - côté,3,2,2,0,1,1,1,0,1,80,2,3,2,0,0,1,73.0,34.0,voiture,voiture,1,1,3,1,3
201900038544,2019-06-16 00:30:00,2019,6,16,0,30,10,10037,rue de maraye,48.20878,3.892518,Nuit sans éclairage public,En agglomération,Hors intersection,Normale,Sans collision,3,2,2,0,3,1,1,0,1,50,1,1,0,0,1,0,66.0,,deux_roues,,3,2,1,1,7
201900038545,2019-06-18 19:00:00,2019,6,18,19,0,10,10391,Chemin communal,48.374136,4.106848,Plein jour,Hors agglomération,Hors intersection,Normale,Autre collision,4,2,2,0,1,1,9,9,6,-1,1,1,0,0,0,1,68.0,,deux_roues,,1,1,1,1,6
201900038546,2019-06-22 12:45:00,2019,6,22,12,45,974,97405,Route de Grande Anse,-21.367579,55.547443,Plein jour,Hors agglomération,Hors intersection,Normale,Sans collision,3,2,2,0,2,1,2,0,1,50,1,4,0,0,0,4,25.0,,voiture,,1,1,1,1,7
201900038547,2019-06-21 17:15:00,2019,6,21,17,15,62,62155,21Rue de Licques,50.794853,2.020717,Plein jour,En agglomération,Hors intersection,Normale,Deux véhicules - côté,3,2,2,0,1,1,1,0,1,50,2,1,0,0,1,0,64.0,,deux_roues,,1,2,1,1,3