accident_id,datetime,annee,mois,jour,heure,minute,departement,commune_insee,adresse,latitude,longitude,luminosite,agglomeration,intersection,meteo,collision,catr,circ,nbv,vosp,prof,plan,surf,infra,situ,vma,nb_vehicules,nb_usagers,nb_indemnes,nb_tues,nb_blesses_hosp,nb_blesses_legers,age_cond_1,age_cond_2,veh_type_cond_1,veh_type_cond_2,lum_code,agg_code,int_code,atm_code,col_code
201900038548,2019-06-20 17:00:00,2019,6,20,17,0,57,57428,RUE DE STRASBOURG machere,49.091842,6.724358,Plein jour,En agglomération,Hors intersection,Normale,Autre collision,9,2,2,0,2,4,1,0,1,50,1,1,0,0,1,0,26.0,,deux_roues,,1,2,1,1,6
201900038549,2019-06-23 08:40:00,2019,6,23,8,40,1,01427,D933,45.940065,4.773765,Plein jour,En agglomération,Intersection en T,Normale,Autre collision,3,2,2,0,1,1,1,0,1,50,2,2,1,0,0,1,51.0,68.0,voiture,deux_roues,1,2,3,1,6
201900038550,2019-06-14 11:30:00,2019,6,14,11,30,68,68144,Route Départementale 468,47.751318,7.504861,Plein jour,Hors agglomération,Hors intersection,Normale,Autre collision,3,2,2,0,1,1,1,0,3,80,1,1,0,0,1,0,49.0,,voiture,,1,1,1,1,6
201900038551,2019-06-23 00:40:00,2019,6,23,0,40,35,35176,Chantereine (Guipry),47.876138,-1.876239,Nuit sans éclairage public,Hors agglomération,Intersection en T,Normale,Autre collision,4,2,2,0,2,2,1,0,3,80,1,2,1,0,0,1,23.0,,voiture,,3,1,3,1,6
201900038552,2019-06-22 17:20:00,2019,6,22,17,20,67,67478,D6,48.774498,7.407121,Plein jour,Hors agglomération,Hors intersection,Normale,Deux véhicules - frontale,3,2,2,0,1,1,1,0,1,80,2,6,0,0,3,3,38.0,35.0,voiture,voiture,1,1,1,1,1
201900038553,2019-06-22 16:20:00,2019,6,22,16,20,22,22251,RN 12 PR 64+045 D,48.5442945,-2.8283599,Plein jour,Hors agglomération,Hors intersection,Normale,Autre collision,2,3,4,0,1,2,9,8,1,70,2,3,1,0,0,2,26.0,53.0,voiture,voiture,1,1,1,1,6
201900038554,2019-06-21 23:35:00,2019,6,21,23,35,59,59278,98 Rue Émile Zola,50.616242,2.966858,Nuit avec éclairage allumé,En agglomération,Hors intersection,Normale,Sans collision,3,2,2,0,1,2,1,0,3,50,1,1,0,0,1,0,21.0,,voiture,,5,2,1,1,7
201900038555,2019-06-22 22:05:00,2019,6,22,22,5,84,84038,D 31,43.809016,5.076345,Nuit sans éclairage public,Hors agglomération,Hors intersection,Normale,Autre collision,3,2,2,0,1,1,1,0,3,80,1,1,0,0,1,0,31.0,,voiture,,3,1,1,1,6
201900038556,2019-06-21 10:35:00,2019,6,21,10,35,83,83019,Avenue Lou Mistraou,43.149964,6.306061,Plein jour,Hors agglomération,Hors intersection,Normale,Sans collision,3,3,2,0,2,1,1,0,1,50,1,1,0,0,1,0,50.0,,deux_roues,,1,1,1,1,7
201900038557,2019-06-20 19:11:00,2019,6,20,19,11,65,65225,Route de la Bigorre,43.249198,0.17149,Plein jour,En agglomération,Hors intersection,Normale,Deux véhicules - côté,3,2,2,0,2,1,1,0,1,50,2,2,1,0,0,1,16.0,32.0,deux_roues,voiture,1,2,1,1,3
201900038558,2019-06-20 18:15:00,2019,6,20,18,15,72,72200,Boulevard Sirius,47.909677,0.170677,Plein jour,Hors agglomération,Hors intersection,Normale,Deux véhicules - côté,3,2,2,0,1,1,1,0,1,70,2,2,1,0,1,0,39.0,38.0,voiture,deux_roues,1,1,1,1,3
201900038559,2019-11-01 09:45:00,2019,11,1,9,45,69,69381,TERME                               (R ),45.76844,4.831889,Plein jour,En agglomération,Autre intersection,Normale,Autre collision,7,2,2,0,1,1,1,0,1,50,2,3,2,0,0,1,54.0,27.0,voiture,voiture,1,2,9,1,6
201900038560,2019-10-25 16:37:00,2019,10,25,16,37,69,69266,PAUL VERLAINE       (Rue),45.76658,4.88032,Plein jour,En agglomération,Hors intersection,Normale,Autre collision,4,2,2,0,1,1,1,0,1,50,1,2,1,0,1,0,27.0,,transport_commun,,1,2,1,1,6
201900038561,2019-10-31 17:30:00,2019,10,31,17,30,69,69029,CAMILLE ROUSSET                     (AV),45.73501,4.90631,Nuit sans éclairage public,En agglomération,Intersection en T,Pluie forte,Deux véhicules - côté,4,2,6,1,2,1,2,0,1,50,2,2,1,0,0,1,27.0,78.0,deux_roues,voiture,3,2,3,3,3
201900038562,2019-10-31 09:10:00,2019,10,31,9,10,69,69266,LOUIS BECKER        (Rue),45.76523,4.86993,Plein jour,En agglomération,Intersection en X,Pluie légère,Deux véhicules - côté,4,1,1,0,1,1,2,0,1,50,2,2,1,0,0,1,35.0,38.0,utilitaire_camion,utilitaire_camion,1,2,2,2,3
201900038563,2019-10-30 14:55:00,2019,10,30,14,55,69,69264,FRANS ROUTE DE,45.9846,4.73349,Plein jour,En agglomération,Autre intersection,Normale,Deux véhicules - côté,4,-1,0,0,1,1,1,0,1,50,2,2,1,0,0,1,67.0,75.0,voiture,voiture,1,2,9,1,3
201900038564,2019-11-02 14:40:00,2019,11,2,14,40,68,68154,AUTOROUTE A 36,47.76376,7.352,Plein jour,Hors agglomération,Autre intersection,Pluie légère,Trois véhicules et plus - en chaîne,1,1,1,0,1,3,2,3,3,70,3,4,1,0,0,3,37.0,38.0,voiture,voiture,1,1,9,2,4
201900038565,2019-10-15 16:30:00,2019,10,15,16,30,68,68224,THANN (RUE DE),47.7523,7.30339,Plein jour,En agglomération,Intersection en T,Pluie légère,Deux véhicules - côté,4,2,2,0,1,1,2,0,1,50,2,2,1,0,0,1,27.0,16.0,voiture,deux_roues,1,2,3,2,3
201900038566,2019-10-28 15:00:00,2019,10,28,15,0,67,67482,ROBERTSAU (ALLEE DE LA),48.58907,7.76643,Plein jour,En agglomération,Hors intersection,Temps couvert,Deux véhicules - côté,4,3,4,0,1,1,1,0,1,50,2,2,0,0,0,2,30.0,19.0,voiture,voiture,1,2,1,8,3
201900038567,2019-10-28 14:25:00,2019,10,28,14,25,67,67482,RATHSAMHAUSEN (RUE DE),48.56637,7.7605,Plein jour,En agglomération,Hors intersection,Normale,Deux véhicules - côté,4,2,2,0,1,1,1,0,1,50,2,2,1,0,0,1,22.0,65.0,deux_roues,voiture,1,2,1,1,3
201900038568,2019-10-27 19:15:00,2019,10,27,19,15,67,67482,RIETH (RUE DU),48.60096,7.71507,Nuit avec éclairage allumé,En agglomération,Hors intersection,Pluie légère,Deux véhicules - arrière,4,2,3,3,1,1,1,0,1,30,2,4,0,0,0,4,56.0,22.0,voiture,voiture,5,2,1,2,2
201900038569,2019-10-27 18:00:00,2019,10,27,18,0,67,67482,PLAINE DES BOUCHERS (RUE DE LA),48.55898,7.73799,Nuit avec éclairage allumé,En agglomération,Intersection en T,Pluie légère,Deux véhicules - côté,4,2,3,0,1,1,1,0,1,50,2,2,1,0,0,1,20.0,54.0,voiture,voiture,5,2,3,2,3
201900038570,2019-10-26 23:00:00,2019,10,26,23,0,67,67482,ZIEGELAU (RUE DE LA),48.56458,7.76681,Nuit avec éclairage allumé,En agglomération,Intersection en T,Normale,Deux véhicules - côté,4,2,2,0,1,1,1,0,1,50,2,2,0,0,0,2,43.0,40.0,deux_roues,deux_roues,5,2,3,1,3
201900038571,2019-10-30 15:10:00,2019,10,30,15,10,64,64483,ITHURRALDE ANDRE (AVENUE),43.3931489,-1.6517596,Plein jour,En agglomération,Hors intersection,Normale,Autre collision,3,2,2,0,1,1,1,0,1,50,1,2,1,0,1,0,82.0,,voiture,,1,2,1,1,6
201900038572,2019-11-02 15:45:00,2019,11,2,15,45,64,64445,CATHERINE DE BOURBON,43.3265503,-0.3567709,Plein jour,En agglomération,Hors intersection,Pluie légère,Deux véhicules - côté,4,1,2,0,1,1,2,0,1,50,2,3,2,0,0,1,52.0,45.0,voiture,utilitaire_camion,1,2,1,2,3
201900038573,2019-10-31 19:53:00,2019,10,31,19,53,64,64445,14 JUILLET DU,43.29214,-0.37826,Nuit avec éclairage allumé,En agglomération,Hors intersection,Normale,Autre collision,4,2,2,0,1,1,1,0,1,50,1,2,1,0,1,0,52.0,,voiture,,5,2,1,1,6
201900038574,2019-10-31 18:20:00,2019,10,31,18,20,64,64284,18 JUIN 1940 DU,43.2848795,-0.3969647,Nuit avec éclairage allumé,Hors agglomération,Hors intersection,Autre,Autre collision,3,3,2,0,1,1,2,9,6,70,1,3,1,0,2,0,70.0,,voiture,,5,1,1,9,6
201900038575,2019-10-30 18:35:00,2019,10,30,18,35,64,64269,TARBES DE,43.29808,-0.302732,Nuit avec éclairage allumé,Hors agglomération,Intersection en X,Normale,Deux véhicules - frontale,3,2,3,0,1,1,1,0,1,70,2,2,1,0,1,0,59.0,31.0,deux_roues,voiture,5,1,2,1,1
201900038576,2019-10-29 18:15:00,2019,10,29,18,15,64,64445,UNIVERSITE DE L',43.31129,-0.36397,Nuit avec éclairage allumé,En agglomération,Hors intersection,Normale,Autre collision,4,1,2,0,1,1,1,0,1,50,2,2,1,0,0,1,18.0,18.0,voiture,deux_roues,5,2,1,1,6
201900038577,2019-10-25 17:25:00,2019,10,25,17,25,64,64122,MARCEL DASSAULT (BD),43.45765,-1.55018,Plein jour,En agglomération,Hors intersection,Normale,Autre collision,3,2,2,0,1,1,1,2,1,70,3,3,1,0,1,1,52.0,41.0,voiture,deux_roues,1,2,1,1,6
201900038578,2019-11-02 15:10:00,2019,11,2,15,10,64,64102,NAVARRE (AVENUE HENRI DE),43.5116201,-1.4404788,Plein jour,En agglomération,Hors intersection,Temps couvert,Deux véhicules - arrière,3,1,2,0,1,1,1,0,1,50,2,2,0,0,0,2,46.0,50.0,deux_roues,deux_roues,1,2,1,8,2
201900038579,2019-10-30 14:35:00,2019,10,30,14,35,64,64024,BIARRITZ (AVENUE DE),43.4802428,-1.5256361,Plein jour,En agglomération,Intersection en T,Temps couvert,Deux véhicules - côté,4,2,2,2,2,1,1,0,1,30,2,2,1,0,0,1,47.0,29.0,voiture,deux_roues,1,2,3,8,3
201900038580,2019-10-31 16:53:00,2019,10,31,16,53,63,63113,MOULIN (BD JEAN),45.77412,3.12004,Plein jour,En agglomération,Hors intersection,Temps couvert,Deux véhicules - côté,7,2,4,0,2,1,1,0,1,50,2,2,1,0,1,0,24.0,55.0,voiture,deux_roues,1,2,1,8,3
201900038581,2019-10-31 20:35:00,2019,10,31,20,35,62,62178,DAMES (CHEMIN DES),50.505321,2.567925,Nuit sans éclairage public,Hors agglomération,Autre intersection,Normale,Autre collision,4,2,2,0,1,1,1,0,1,80,1,2,1,0,1,0,32.0,,voiture,,3,1,9,1,6
201900038582,2019-11-01 02:25:00,2019,11,1,2,25,60,60159,ADER (CLEMENT),49.39558,2.78512,Nuit avec éclairage allumé,En agglomération,Hors intersection,Normale,Deux véhicules - frontale,4,2,2,0,1,1,1,0,1,50,2,3,0,0,1,2,26.0,24.0,voiture,voiture,5,2,1,1,1
201900038583,2019-11-02 12:45:00,2019,11,2,12,45,59,59650,PATRIOTES (RUE DES),50.71126,3.19112,Plein jour,En agglomération,Hors intersection,Temps couvert,Deux véhicules - frontale,7,2,2,0,1,1,2,0,1,30,2,2,1,1,0,0,33.0,55.0,deux_roues,voiture,1,2,1,8,1
201900038584,2019-10-31 23:55:00,2019,10,31,23,55,59,59350,MOSELLE BOULEVARD N°IMPAIRS,50.62692,3.03104,Nuit avec éclairage allumé,En agglomération,Autre intersection,Normale,Deux véhicules - arrière,7,2,2,0,1,1,1,9,1,50,2,1,0,0,0,1,46.0,,deux_roues,,5,2,9,1,2
201900038585,2019-10-30 16:15:00,2019,10,30,16,15,59,59350,LYON RUE,50.61842,3.06002,Plein jour,En agglomération,Intersection en X,Normale,Deux véhicules - côté,4,1,1,0,1,1,1,0,1,30,2,4,2,0,0,2,28.0,57.0,autre,voiture,1,2,2,1,3
201900038586,2019-10-29 18:10:00,2019,10,29,18,10,59,59574,WILSON PROLONGEE(RUE),50.33788,3.28089,Nuit avec éclairage allumé,En agglomération,Hors intersection,Normale,Deux véhicules - frontale,3,2,2,0,1,2,1,0,2,50,2,2,1,0,0,1,72.0,60.0,voiture,voiture,5,2,1,1,1
201900038587,2019-10-28 08:50:00,2019,10,28,8,50,57,57757,BOUZONVILLE (ROUTE DE),49.33739,6.21642,Plein jour,Hors agglomération,Intersection en T,Normale,Deux véhicules - côté,3,2,2,0,1,1,1,5,1,70,2,3,1,0,1,1,22.0,43.0,voiture,voiture,1,1,3,1,3
201900038588,2019-10-31 11:42:00,2019,10,31,11,42,57,57463,GENERAL METMAN,49.1203,6.21464,Plein jour,En agglomération,Hors intersection,Normale,Autre collision,4,2,1,0,1,1,1,0,1,50,1,2,1,0,1,0,28.0,,voiture,,1,2,1,1,6
201900038589,2019-10-25 01:03:00,2019,10,25,1,3,57,57019,CD8,49.2627,6.1203,Nuit sans éclairage public,Hors agglomération,Hors intersection,Normale,Autre collision,3,2,2,0,1,1,1,0,1,70,1,1,0,0,1,0,55.0,,voiture,,3,1,1,1,6
201900038590,2019-10-19 09:00:00,2019,10,19,9,0,57,57240,CLEMENCEAU (RUE),49.15049,6.81907,Plein jour,En agglomération,Intersection en T,Pluie légère,Deux véhicules - arrière,4,2,2,0,1,1,2,0,1,50,2,2,1,0,0,1,18.0,53.0,voiture,voiture,1,2,3,2,2
201900038591,2019-10-30 22:30:00,2019,10,30,22,30,56,56121,BLUM ( BD LEON ),47.74915,-3.37367,Nuit avec éclairage allumé,Hors agglomération,Hors intersection,Pluie légère,Sans collision,4,2,2,0,1,1,2,0,1,50,1,1,0,0,0,1,30.0,,deux_roues,,5,1,1,2,7
201900038592,2019-10-30 10:15:00,2019,10,30,10,15,56,56121,SAINT-ARMEL (RPT DE),47.76682,-3.38391,Plein jour,En agglomération,Giratoire,Pluie légère,Deux véhicules - côté,4,2,2,0,1,3,2,0,1,50,2,2,1,0,0,1,51.0,45.0,voiture,voiture,1,2,6,2,3
201900038593,2019-10-29 11:10:00,2019,10,29,11,10,56,56098,KERVELEAN ( ALLEE DE ),47.77045,-3.35086,Plein jour,En agglomération,Intersection en T,Pluie forte,Deux véhicules - côté,4,2,2,0,1,1,2,0,1,50,2,2,1,0,0,1,40.0,66.0,voiture,voiture,1,2,3,3,3
201900038594,2019-10-28 15:45:00,2019,10,28,15,45,56,56121,PHILIPPE (RUE  PIERRE ),47.7638,-3.3861,Plein jour,En agglomération,Intersection en T,Normale,Deux véhicules - côté,4,2,2,0,2,1,1,0,1,50,2,2,1,0,1,0,6.0,59.0,deux_roues,voiture,1,2,3,1,3
201900038595,2019-10-27 10:35:00,2019,10,27,10,35,56,56121,RN 465,47.7720315,-3.3755583,Plein jour,Hors agglomération,Hors intersection,Pluie légère,Autre collision,2,1,2,0,1,2,2,9,1,70,1,2,1,0,0,1,21.0,,voiture,,1,1,1,2,6
201900038596,2019-10-26 13:00:00,2019,10,26,13,0,56,56107,VICTOIRE (RUE DE LA),47.70516,-3.39841,Plein jour,En agglomération,Hors intersection,Temps couvert,Sans collision,4,2,2,0,1,1,2,0,1,50,1,1,0,0,0,1,61.0,,deux_roues,,1,2,1,8,7
201900038597,2019-10-28 20:00:00,2019,10,28,20,0,54,54395,BATAILLE (QUAI DE LA),48.67683,6.19188,Crépuscule ou aube,En agglomération,Intersection en T,Normale,Deux véhicules - frontale,4,-1,2,0,1,1,1,0,1,50,2,1,0,0,0,1,31.0,,deux_roues,,2,2,3,1,1
201900038598,2019-11-01 01:20:00,2019,11,1,1,20,53,53034,RD 57 VERS LAVAL,48.07228,-0.72361,Nuit avec éclairage allumé,Hors agglomération,Hors intersection,Temps couvert,Autre collision,3,2,2,0,1,1,1,0,1,80,1,3,2,0,1,0,18.0,,voiture,,5,1,1,8,6
201900038599,2019-11-01 16:08:00,2019,11,1,16,8,51,51573,RUE CHARLES BOUCTON,49.2532811,3.9788607,Plein jour,En agglomération,Giratoire,Pluie légère,Deux véhicules - côté,4,1,2,0,1,2,2,0,1,50,2,2,1,0,0,1,48.0,20.0,voiture,voiture,1,2,6,2,3
201900038600,2019-10-31 11:50:00,2019,10,31,11,50,51,51454,BOULEVARD LUNDY,49.2591435,4.0372011,Plein jour,En agglomération,Hors intersection,Normale,Deux véhicules - arrière,2,2,4,0,1,1,1,0,1,50,2,3,2,0,0,1,46.0,32.0,voiture,utilitaire_camion,1,2,1,1,2
201900038601,2019-10-30 14:00:00,2019,10,30,14,0,51,51454,PLACE D'ERLON,49.25714,4.02584,Plein jour,En agglomération,Intersection en T,Normale,Deux véhicules - frontale,4,-1,1,0,1,1,1,6,1,30,2,3,2,0,0,1,60.0,32.0,voiture,deux_roues,1,2,3,1,1
201900038602,2019-10-29 16:30:00,2019,10,29,16,30,50,50602,GAMBETTA (RUE),49.64156,-1.58026,Plein jour,En agglomération,Intersection en X,Pluie légère,Deux véhicules - côté,4,2,2,0,1,1,2,0,1,50,2,3,2,0,0,1,41.0,55.0,voiture,voiture,1,2,2,2,3
201900038603,2019-11-01 17:15:00,2019,11,1,17,15,45,45285,TANGENTIELLE - D520 PR4+290,47.913998,1.868012,Plein jour,En agglomération,Hors intersection,Normale,Deux véhicules - arrière,3,3,4,0,2,1,2,0,1,70,2,2,0,0,0,2,35.0,,voiture,,1,2,1,1,2
201900038604,2019-11-01 19:10:00,2019,11,1,19,10,45,45234,AV R SECRETAIN - R W BAUDIN,47.88408,1.89816,Nuit avec éclairage allumé,En agglomération,Intersection en X,Temps couvert,Deux véhicules - côté,4,3,4,0,1,1,2,0,1,50,2,2,1,0,0,1,27.0,,voiture,,5,2,2,8,3
201900038605,2019-11-01 10:55:00,2019,11,1,10,55,45,45234,QUAI DU FORT ALLEAUME - R CLOITRE ST AIGNAN,47.89826,1.9161,Plein jour,En agglomération,Intersection en T,Pluie forte,Autre collision,4,2,2,0,1,1,1,0,1,30,1,2,1,0,0,1,57.0,,voiture,,1,2,3,3,6
201900038606,2019-10-30 16:15:00,2019,10,30,16,15,45,45234,PL DU MARTROI,47.902754,1.9046853,Plein jour,En agglomération,Autre intersection,Temps couvert,Autre collision,4,1,1,0,1,4,1,0,4,30,1,1,0,0,0,1,48.0,,deux_roues,,1,2,9,8,6
201900038607,2019-10-28 13:50:00,2019,10,28,13,50,44,44184,RTE DES FRÉCHETS / ALLEE DES LILAS,47.264,-2.2436,Plein jour,En agglomération,Giratoire,Pluie légère,Deux véhicules - côté,4,2,2,0,1,1,2,5,1,50,2,2,0,0,1,1,66.0,39.0,deux_roues,voiture,1,2,6,2,3
201900038608,2019-11-02 18:55:00,2019,11,2,18,55,44,44190,PERIPHERIQUE,47.19794,-1.48481,Nuit sans éclairage public,En agglomération,Hors intersection,Pluie légère,Trois véhicules et plus - collisions multiples,2,3,2,0,1,1,2,0,1,90,3,3,1,1,0,1,23.0,47.0,voiture,voiture,3,2,1,2,5
201900038609,2019-11-01 13:15:00,2019,11,1,13,15,42,42095,DORIAN (RUE),45.39048,4.27902,Plein jour,En agglomération,Hors intersection,Temps couvert,Deux véhicules - côté,4,2,2,0,1,1,2,0,1,50,2,3,2,0,0,1,38.0,69.0,voiture,voiture,1,2,1,8,3
201900038610,2019-11-01 10:00:00,2019,11,1,10,0,41,41018,GAMBETTA (AVENUE),47.5841,1.31976,Plein jour,En agglomération,Hors intersection,Normale,Autre collision,4,2,-1,-1,1,1,1,0,1,-1,1,2,1,0,0,1,82.0,,utilitaire_camion,,1,2,1,1,6
201900038611,2019-10-29 16:15:00,2019,10,29,16,15,40,40279,LATTRE DE TASSIGNY (BOULEVARD DE),43.72834,-1.04461,Plein jour,En agglomération,Intersection en T,Normale,Deux véhicules - côté,4,2,2,0,1,1,1,0,1,50,2,3,1,1,0,1,15.0,26.0,deux_roues,voiture,1,2,3,1,3
201900038612,2019-11-01 16:28:00,2019,11,1,16,28,37,37261,DE GAULLE (AVENUE DU GENERAL),47.3816025,0.7053237,Plein jour,En agglomération,Intersection en T,Temps couvert,Autre collision,4,2,2,0,1,3,2,0,1,50,1,2,1,0,0,1,71.0,,voiture,,1,2,3,8,6
201900038613,2019-10-31 23:35:00,2019,10,31,23,35,37,37261,MAINE (RUE DU),47.42597,0.68249,Nuit avec éclairage allumé,En agglomération,Intersection en X,Normale,Deux véhicules - côté,4,2,2,0,1,1,1,0,1,50,2,3,2,0,0,1,48.0,48.0,utilitaire_camion,voiture,5,2,2,1,3
201900038614,2019-10-27 10:17:00,2019,10,27,10,17,36,36044,11 RUE DU 8 MAI 1945,46.8041462,1.7009696,Plein jour,En agglomération,Intersection en X,Normale,Autre collision,4,2,-1,0,1,1,1,0,1,50,1,2,1,0,0,1,66.0,,voiture,,1,2,2,1,6
201900038615,2019-11-02 10:45:00,2019,11,2,10,45,35,35278,RD 137,48.139,-1.6954,Plein jour,Hors agglomération,Autre intersection,Normale,Trois véhicules et plus - en chaîne,3,3,4,0,1,1,1,3,1,70,4,6,5,0,0,1,36.0,28.0,voiture,voiture,1,1,9,1,4
201900038616,2019-11-02 08:50:00,2019,11,2,8,50,35,35238,RN136,48.0795512,-1.6742124,Plein jour,Hors agglomération,Hors intersection,Pluie forte,Autre collision,2,1,2,0,1,3,2,3,1,50,1,1,0,0,0,1,21.0,,utilitaire_camion,,1,1,1,3,6
201900038617,2019-11-01 18:10:00,2019,11,1,18,10,35,35051,RN136,48.1074,-1.5977,Crépuscule ou aube,Hors agglomération,Hors intersection,Pluie légère,Deux véhicules - côté,2,3,4,0,1,1,2,0,1,90,2,3,2,0,0,1,23.0,30.0,voiture,voiture,2,1,1,2,3
201900038618,2019-11-01 08:50:00,2019,11,1,8,50,35,35238,GUILLOUX (LOUIS),48.1111626,-1.7008196,Plein jour,En agglomération,Hors intersection,Pluie légère,Autre collision,4,3,2,0,1,1,2,0,1,50,1,4,3,0,0,1,22.0,,voiture,,1,2,1,2,6
201900038619,2019-10-31 18:00:00,2019,10,31,18,0,35,35238,CHURCHILL (AVENUE SIR WINSTON),48.11702,-1.70806,Nuit avec éclairage allumé,En agglomération,Intersection en X,Normale,Deux véhicules - côté,4,2,4,0,1,1,1,0,5,50,2,2,1,0,0,1,22.0,24.0,deux_roues,voiture,5,2,2,1,3
201900038620,2019-10-30 18:00:00,2019,10,30,18,0,35,35238,VERN (DE),48.0871,-1.6444,Nuit avec éclairage allumé,En agglomération,Hors intersection,Pluie légère,Deux véhicules - côté,4,2,4,1,1,1,2,0,1,50,2,2,1,0,0,1,48.0,27.0,voiture,deux_roues,5,2,1,2,3
201900038621,2019-10-30 16:30:00,2019,10,30,16,30,35,35238,BRIAND (AVENUE ARISTIDE),48.1102836,-1.6653004,Plein jour,En agglomération,Hors intersection,Pluie légère,Autre collision,4,1,1,3,1,1,2,5,1,50,1,2,1,0,1,0,24.0,,voiture,,1,2,1,2,6
201900038622,2019-10-29 22:15:00,2019,10,29,22,15,35,35115,MARCEAU (RUE),48.35764,-1.19159,Nuit avec éclairage allumé,En agglomération,Intersection en T,Normale,Autre collision,4,2,1,0,1,1,1,0,1,30,1,1,0,0,0,1,24.0,,voiture,,5,2,3,1,6
201900038623,2019-10-28 16:05:00,2019,10,28,16,5,34,34108,RD 600,43.43682,3.71796,Plein jour,Hors agglomération,Hors intersection,Normale,Deux véhicules - côté,3,2,2,0,1,1,1,0,1,80,2,3,1,0,2,0,36.0,64.0,voiture,deux_roues,1,1,1,1,3
201900038624,2019-10-31 03:30:00,2019,10,31,3,30,34,34172,GUESDE (RUE JULES),43.61157,3.83063,Nuit avec éclairage allumé,En agglomération,Hors intersection,Normale,Sans collision,4,2,2,0,1,1,1,0,1,50,1,2,0,1,0,1,18.0,,deux_roues,,5,2,1,1,7
201900038625,2019-10-30 18:18:00,2019,10,30,18,18,34,34172,Théroigne de Méricourt ( avenue ),43.597735,3.901685,Nuit avec éclairage allumé,En agglomération,Hors intersection,Normale,Deux véhicules - arrière,4,2,2,0,1,1,1,0,1,50,2,2,1,0,1,0,35.0,22.0,voiture,deux_roues,5,2,1,1,2
201900038626,2019-10-30 14:15:00,2019,10,30,14,15,34,34172,TELEMAQUE (BOULEVARD),43.60289,3.92348,Plein jour,En agglomération,Hors intersection,Normale,Deux véhicules - arrière,4,1,2,0,1,1,1,0,1,50,2,3,2,0,0,1,50.0,36.0,voiture,deux_roues,1,2,1,1,2
201900038627,2019-10-30 06:40:00,2019,10,30,6,40,34,34172,MARES (AVENUE HENRI),43.62003,3.8518,Crépuscule ou aube,En agglomération,Hors intersection,Normale,Trois véhicules et plus - en chaîne,4,2,4,0,2,1,1,0,1,50,3,3,2,0,0,1,53.0,58.0,voiture,voiture,2,2,1,1,4
201900038628,2019-11-01 03:30:00,2019,11,1,3,30,33,33522,RTE DE TOULOUSE,44.8069,-0.5732,Nuit avec éclairage allumé,En agglomération,Intersection en T,Normale,Deux véhicules - côté,4,2,3,0,1,1,1,0,1,50,2,3,2,0,0,1,19.0,47.0,deux_roues,voiture,5,2,3,1,3
201900038629,2019-11-01 00:01:00,2019,11,1,0,1,33,33069,RUE RAYMOND LAVIGNE,44.8647,-0.6153,Nuit avec éclairage allumé,En agglomération,Intersection en X,Normale,Deux véhicules - arrière,4,2,2,0,1,1,1,0,1,50,2,2,0,0,0,2,16.0,25.0,deux_roues,voiture,5,2,2,1,2
201900038630,2019-10-30 20:15:00,2019,10,30,20,15,33,33281,AVE DE FONCASTEL,44.83666,-0.64269,Nuit avec éclairage allumé,En agglomération,Intersection en X,Pluie légère,Deux véhicules - côté,4,2,4,2,1,1,1,0,1,50,2,3,1,0,2,0,40.0,23.0,deux_roues,voiture,5,2,2,2,3
201900038631,2019-10-31 08:50:00,2019,10,31,8,50,33,33167,AVE DE LA LIBERATION,44.8389,-0.53308,Plein jour,En agglomération,Intersection en X,Autre,Autre collision,4,-1,0,0,1,1,1,0,1,50,1,2,1,0,0,1,86.0,,voiture,,1,2,2,9,6
201900038632,2019-10-10 23:35:00,2019,10,10,23,35,33,33063,RUE JEAN SOULA,44.84308,-0.59168,Nuit avec éclairage allumé,En agglomération,Intersection en X,Normale,Deux véhicules - côté,4,1,1,0,1,1,1,0,1,50,2,2,1,0,0,1,36.0,65.0,deux_roues,voiture,5,2,2,1,3
201900038633,2019-10-30 23:45:00,2019,10,30,23,45,33,33063,CROIX (QUAI SAINTE-),44.83327,-0.56138,Nuit avec éclairage allumé,En agglomération,Intersection en T,Temps couvert,Autre collision,4,2,0,0,1,1,1,0,1,50,1,2,1,0,1,0,34.0,,voiture,,5,2,3,8,6
201900038634,2019-10-30 14:45:00,2019,10,30,14,45,33,33318,AVE PASTEUR,44.80055,-0.65798,Plein jour,En agglomération,Hors intersection,Normale,Deux véhicules - côté,4,2,4,2,1,1,1,0,5,50,2,2,1,0,0,1,68.0,29.0,deux_roues,voiture,1,2,1,1,3
201900038635,2019-10-29 17:55:00,2019,10,29,17,55,33,33522,RTE DE TOULOUSE,44.80692,-0.57318,Plein jour,En agglomération,Intersection en T,Normale,Deux véhicules - côté,4,2,2,0,1,1,1,0,1,50,2,2,1,0,0,1,42.0,28.0,deux_roues,voiture,1,2,3,1,3
201900038636,2019-10-29 17:12:00,2019,10,29,17,12,33,33192,CRS DU GENERAL DE GAULLE,44.77687,-0.61084,Plein jour,En agglomération,Intersection en T,Normale,Trois véhicules et plus - collisions multiples,4,2,4,2,1,1,1,0,1,50,3,2,1,0,1,0,78.0,69.0,voiture,deux_roues,1,2,3,1,5
201900038637,2019-10-29 10:00:00,2019,10,29,10,0,33,33192,MALARTIC (BD DE),44.77138,-0.59646,Plein jour,En agglomération,Giratoire,Normale,Autre collision,4,2,2,0,1,3,1,0,1,50,2,3,2,0,0,1,32.0,54.0,utilitaire_camion,transport_commun,1,2,6,1,6
201900038638,2019-10-29 08:00:00,2019,10,29,8,0,33,33063,DUBERGIER (RUE DUFFOUR) (1-21),44.83699,-0.57604,Plein jour,En agglomération,Hors intersection,Normale,Deux véhicules - côté,4,2,2,0,1,1,1,0,1,50,2,2,1,0,0,1,24.0,28.0,deux_roues,deux_roues,1,2,1,1,3