accident_id,datetime,annee,mois,jour,heure,minute,departement,commune_insee,adresse,latitude,longitude,luminosite,agglomeration,intersection,meteo,collision,catr,circ,nbv,vosp,prof,plan,surf,infra,situ,vma,nb_vehicules,nb_usagers,nb_indemnes,nb_tues,nb_blesses_hosp,nb_blesses_legers,age_cond_1,age_cond_2,veh_type_cond_1,veh_type_cond_2,lum_code,agg_code,int_code,atm_code,col_code
201900038639,2019-10-26 00:30:00,2019,10,26,0,30,33,33009,278 Bd DE LA PLAGE,44.6624,-1.17063,Nuit avec éclairage allumé,En agglomération,Hors intersection,Normale,Sans collision,3,1,2,0,1,1,1,0,1,50,1,1,0,0,1,0,20.0,,deux_roues,,5,2,1,1,7
201900038640,2019-11-02 20:42:00,2019,11,2,20,42,32,32013,ROUGET DE LISLE,43.64658,0.5918,Nuit avec éclairage allumé,En agglomération,Intersection en X,Vent fort / tempête,Deux véhicules - côté,4,2,0,0,1,1,2,5,1,50,2,3,1,0,2,0,16.0,53.0,deux_roues,voiture,5,2,2,6,3
201900038641,2019-10-31 09:30:00,2019,10,31,9,30,30,30189,MAS DE CHEYLON,43.79992,4.34159,Plein jour,En agglomération,Hors intersection,Pluie légère,Deux véhicules - arrière,3,2,2,0,1,1,2,0,1,70,2,2,0,0,1,1,20.0,49.0,deux_roues,voiture,1,2,1,2,2
201900038642,2019-11-02 02:33:00,2019,11,2,2,33,29,29232,VOIE EXPRESS QUIMPER - PLUGUFFAN,47.97988,-4.12108,Nuit sans éclairage public,En agglomération,Hors intersection,Pluie forte,Sans collision,3,1,1,0,2,2,2,3,1,50,1,1,0,0,0,1,63.0,,voiture,,3,2,1,3,7
201900038643,2019-10-31 17:27:00,2019,10,31,17,27,29,29232,AMIRAL RONARC'H RUE,47.9943,-4.10761,Crépuscule ou aube,En agglomération,Hors intersection,Pluie légère,Deux véhicules - côté,4,1,2,0,1,1,2,0,1,50,2,3,1,0,1,1,25.0,53.0,voiture,deux_roues,2,2,1,2,3
201900038644,2019-10-30 07:10:00,2019,10,30,7,10,29,29232,TY BOS AVENUE DE,47.96635,-4.0611,Nuit avec éclairage allumé,Hors agglomération,Intersection en T,Pluie légère,Deux véhicules - côté,3,2,2,0,1,1,2,0,1,70,2,2,1,0,1,0,48.0,33.0,voiture,deux_roues,5,1,3,2,3
201900038645,2019-10-31 22:15:00,2019,10,31,22,15,29,29039,GARE (AVENUE DE LA),47.878219,-3.9198105,Nuit avec éclairage allumé,En agglomération,Intersection en T,Temps couvert,Deux véhicules - côté,4,2,2,0,2,1,2,0,1,50,2,2,1,0,1,0,15.0,23.0,deux_roues,voiture,5,2,3,8,3
201900038646,2019-11-02 18:50:00,2019,11,2,18,50,29,29019,LOUPPE ALBERT (DE 71 A 95 ET 64 A 84),48.40424,-4.47573,Plein jour,En agglomération,Autre intersection,Normale,Sans collision,4,2,0,0,1,1,1,0,1,50,1,1,0,0,0,1,62.0,,voiture,,1,2,9,1,7
201900038647,2019-11-02 14:10:00,2019,11,2,14,10,29,29019,LEOQUET JEAN,48.40228,-4.48267,Plein jour,En agglomération,Intersection en T,Normale,Deux véhicules - côté,4,-1,2,0,1,1,1,0,1,50,2,4,2,0,0,2,21.0,32.0,deux_roues,voiture,1,2,3,1,3
201900038648,2019-10-31 19:10:00,2019,10,31,19,10,29,29019,RD 112 (PEN AR CH'LEUZ A PONT DESFOSSES),48.4218,-4.4775,Nuit sans éclairage public,Hors agglomération,Hors intersection,Pluie légère,Trois véhicules et plus - en chaîne,3,1,4,0,1,1,1,0,1,50,3,6,3,0,0,3,52.0,30.0,voiture,voiture,3,1,1,2,4
201900038649,2019-10-31 00:00:00,2019,10,31,0,0,28,28085,PEGUY (BOULEVARD CHARLES),48.4528,1.488,Nuit avec éclairage allumé,En agglomération,Autre intersection,Pluie forte,Autre collision,4,2,1,0,1,1,2,5,1,30,1,1,0,0,1,0,18.0,,deux_roues,,5,2,9,3,6
201900038650,2019-11-02 17:45:00,2019,11,2,17,45,26,26281,CARNOT (PLACE),45.04859,5.04833,Crépuscule ou aube,En agglomération,Giratoire,Pluie légère,Autre collision,4,2,-1,-1,1,1,1,5,1,30,1,1,0,0,0,1,,,,,2,2,6,2,6
201900038651,2019-11-02 15:25:00,2019,11,2,15,25,26,26198,JAURES (Avenue Jean),44.54849,4.74705,Plein jour,En agglomération,Hors intersection,Pluie légère,Autre collision,4,2,2,0,1,1,2,0,1,50,1,4,3,0,0,1,16.0,,utilitaire_camion,,1,2,1,2,6
201900038652,2019-10-31 02:25:00,2019,10,31,2,25,26,26008,STADE (Rue du ),44.576345,4.72519,Nuit sans éclairage public,En agglomération,Intersection en X,Normale,Autre collision,3,2,2,0,1,1,1,0,1,50,1,2,0,0,0,2,19.0,,voiture,,3,2,2,1,6
201900038653,2019-10-30 17:20:00,2019,10,30,17,20,25,25056,RN 1057 (CH. EPITAPHE-CH. MONTBOUCONS),47.27015,6.00081,Nuit sans éclairage public,Hors agglomération,Hors intersection,Pluie légère,Deux véhicules - arrière,2,1,3,0,1,1,2,0,1,90,2,3,1,0,0,2,19.0,69.0,voiture,voiture,3,1,1,2,2
201900038654,2019-10-12 23:30:00,2019,10,12,23,30,22,22278,AURORE (RD PT DE L'),48.513036,-2.738551,Nuit avec éclairage allumé,En agglomération,Giratoire,Normale,Deux véhicules - côté,4,4,-1,0,1,2,1,0,1,50,2,2,1,0,0,1,49.0,42.0,voiture,voiture,5,2,6,1,3
201900038655,2019-10-29 18:10:00,2019,10,29,18,10,22,22113,PARK NEVEZ (AVENUE DE),48.7296459,-3.4496448,Nuit avec éclairage allumé,En agglomération,Hors intersection,Normale,Deux véhicules - côté,4,2,2,0,1,1,1,0,1,30,2,2,1,0,1,0,29.0,17.0,voiture,deux_roues,5,2,1,1,3
201900038656,2019-11-02 20:00:00,2019,11,2,20,0,18,18033,VOGUE (RUE ARNAUD DE),47.094,2.4041,Nuit avec éclairage allumé,En agglomération,Hors intersection,Pluie légère,Deux véhicules - frontale,4,2,4,2,2,1,2,0,1,50,2,5,3,0,0,2,33.0,,transport_commun,,5,2,1,2,1
201900038657,2019-11-02 18:35:00,2019,11,2,18,35,17,17291,BELGIQUE  RUE,46.17827,-1.12259,Nuit avec éclairage allumé,En agglomération,Hors intersection,Pluie forte,Deux véhicules - frontale,4,2,2,0,1,2,2,0,1,30,2,2,1,0,0,1,43.0,34.0,voiture,voiture,5,2,1,3,1
201900038658,2019-11-01 12:40:00,2019,11,1,12,40,17,17300,JOFFRE   BOULEVARD (1-25),46.15794,-1.1423,Plein jour,En agglomération,Intersection en X,Pluie légère,Deux véhicules - côté,4,2,4,0,1,1,2,0,1,30,2,3,2,0,0,1,32.0,71.0,voiture,voiture,1,2,2,2,3
201900038659,2019-10-30 19:40:00,2019,10,30,19,40,17,17300,MOULIN   AVENUE JEAN,46.15192,-1.13978,Nuit avec éclairage allumé,En agglomération,Giratoire,Pluie légère,Deux véhicules - côté,4,-1,0,0,1,1,2,5,1,50,2,3,2,0,1,0,23.0,39.0,voiture,deux_roues,5,2,6,2,3
201900038660,2019-11-02 19:40:00,2019,11,2,19,40,17,17299,PELLETAN AVENUE,45.94205,-0.9627,Nuit avec éclairage allumé,En agglomération,Hors intersection,Normale,Autre collision,4,2,2,0,1,1,2,0,1,50,1,2,1,0,1,0,71.0,,voiture,,5,2,1,1,6
201900038661,2019-10-29 16:50:00,2019,10,29,16,50,14,14366,DELAUNAY(ALLEE),49.1558323,0.2245525,Plein jour,En agglomération,Intersection en T,Pluie légère,Deux véhicules - côté,4,2,2,0,1,1,2,0,1,30,2,2,1,0,1,0,15.0,29.0,deux_roues,voiture,1,2,3,2,3
201900038662,2019-11-02 20:20:00,2019,11,2,20,20,14,14118,VENDEUVRE (QUAI),49.18207,-0.35747,Nuit avec éclairage allumé,En agglomération,Intersection en T,Temps couvert,Deux véhicules - côté,4,2,-1,-1,1,1,1,0,1,-1,2,2,1,0,0,1,20.0,46.0,voiture,deux_roues,5,2,3,8,3
201900038663,2019-11-02 12:10:00,2019,11,2,12,10,14,14118,DUNOIS (BOULEVARD),49.18339,-0.38671,Plein jour,En agglomération,Hors intersection,Pluie légère,Deux véhicules - côté,4,2,-1,-1,1,1,2,0,1,-1,2,2,1,0,0,1,61.0,24.0,deux_roues,voiture,1,2,1,2,3
201900038664,2019-11-01 19:45:00,2019,11,1,19,45,14,14118,HARCOURT (AVENUE D'),49.1558,-0.36952,Nuit avec éclairage allumé,En agglomération,Intersection en T,Normale,Deux véhicules - côté,3,2,-1,-1,1,1,1,0,1,-1,2,2,1,0,0,1,32.0,47.0,utilitaire_camion,utilitaire_camion,5,2,3,1,3
201900038665,2019-11-01 01:00:00,2019,11,1,1,0,14,14118,FALAISE (RUE DE -144),49.18333,-0.35,Nuit avec éclairage allumé,En agglomération,Hors intersection,Normale,Deux véhicules - arrière,4,2,-1,-1,1,1,1,0,1,-1,2,4,2,0,0,2,39.0,28.0,voiture,voiture,5,2,1,1,2
201900038666,2019-10-29 18:10:00,2019,10,29,18,10,13,13117,MARSEILLE ( AVENUE DE ),43.436775,5.262872,Nuit avec éclairage allumé,En agglomération,Hors intersection,Normale,Deux véhicules - arrière,4,2,-1,0,2,1,1,0,1,50,2,2,1,0,0,1,21.0,20.0,voiture,voiture,5,2,1,1,2
201900038667,2019-11-01 18:18:00,2019,11,1,18,18,13,13207,Corniche John Fitzgérald Kennedy,43.27156,5.36283,Nuit avec éclairage allumé,En agglomération,Hors intersection,Normale,Trois véhicules et plus - collisions multiples,4,2,3,0,1,1,1,0,1,50,4,5,3,0,0,2,55.0,45.0,voiture,voiture,5,2,1,1,5
201900038668,2019-11-01 13:15:00,2019,11,1,13,15,13,13212,SAINT BARNABE (AVENUE DE),43.304248,5.413135,Plein jour,En agglomération,Intersection en T,Normale,Deux véhicules - côté,4,2,2,0,1,1,1,0,1,50,2,3,2,0,1,0,16.0,69.0,deux_roues,voiture,1,2,3,1,3
201900038669,2019-11-01 02:10:00,2019,11,1,2,10,13,13202,ROGER SALENGRO (AVENUE),43.31455,5.37058,Nuit avec éclairage allumé,En agglomération,Intersection en X,Normale,Deux véhicules - côté,4,1,2,0,1,1,1,0,1,50,2,4,0,0,0,4,23.0,,voiture,,5,2,2,1,3
201900038670,2019-10-30 14:20:00,2019,10,30,14,20,13,13203,PLOMBIERES (BOULEVARD DES),43.318696,5.379336,Plein jour,En agglomération,Hors intersection,Normale,Autre collision,4,1,1,0,1,1,9,0,1,50,1,1,0,0,1,0,20.0,,deux_roues,,1,2,1,1,6
201900038671,2019-10-30 11:05:00,2019,10,30,11,5,12,12145,PEYRE (ROUTE DE),44.0942,3.0348,Plein jour,Hors agglomération,Hors intersection,Normale,Deux véhicules - côté,3,2,2,0,1,1,1,0,1,80,2,2,1,0,0,1,68.0,44.0,voiture,voiture,1,1,1,1,3
201900038672,2019-08-20 16:22:00,2019,8,20,16,22,11,11262,TURENNE (RUE ET IMPASSE DE),43.17006,3.00688,Plein jour,En agglomération,Hors intersection,Normale,Autre collision,4,2,2,0,1,1,1,0,1,50,3,4,3,0,0,1,41.0,45.0,voiture,voiture,1,2,1,1,6
201900038673,2019-10-27 20:50:00,2019,10,27,20,50,11,11069,RD 6113,43.223476,2.378615,Nuit sans éclairage public,Hors agglomération,Hors intersection,Normale,Deux véhicules - arrière,3,2,2,0,1,1,1,9,1,80,2,3,2,0,0,1,22.0,22.0,voiture,voiture,3,1,1,1,2
201900038674,2019-10-28 16:50:00,2019,10,28,16,50,11,11069,IENA -ALLEE D'- N° IMPAIRS APRES 51,43.214066,2.345107,Plein jour,En agglomération,Hors intersection,Normale,Deux véhicules - côté,4,1,2,0,1,1,1,0,1,50,2,2,1,0,0,1,61.0,38.0,voiture,deux_roues,1,2,1,1,3
201900038675,2019-10-30 17:27:00,2019,10,30,17,27,10,10297,ROBERT KELLER (RUE),48.325144,4.1104451,Crépuscule ou aube,En agglomération,Hors intersection,Normale,Autre collision,4,2,2,0,1,1,1,0,1,50,1,2,1,0,0,1,52.0,,transport_commun,,2,2,1,1,6
201900038676,2019-10-29 20:58:00,2019,10,29,20,58,10,10387,JULES GUESDE (RUE),48.2818,4.08526,Nuit avec éclairage allumé,En agglomération,Intersection en X,Normale,Sans collision,4,1,1,0,1,1,1,5,1,50,1,1,0,0,0,1,62.0,,deux_roues,,5,2,2,1,7
201900038677,2019-10-29 17:19:00,2019,10,29,17,19,10,10357,ROCADE EST,48.2916358,4.1392493,Plein jour,Hors agglomération,Hors intersection,Normale,Autre collision,3,2,2,0,1,1,1,0,1,80,1,2,1,0,0,1,35.0,,voiture,,1,1,1,1,6
201900038678,2019-10-29 11:19:00,2019,10,29,11,19,10,10081,ROCADE OUEST (RD 610),48.3255946,4.0289916,Plein jour,Hors agglomération,Autre intersection,Pluie légère,Trois véhicules et plus - collisions multiples,3,1,2,0,1,1,2,3,1,110,3,3,2,0,0,1,60.0,31.0,utilitaire_camion,voiture,1,1,9,2,5
201900038679,2019-10-29 18:00:00,2019,10,29,18,0,9,09122,LECLERC (AVENUE DU GENERAL),42.97597,1.60866,Nuit avec éclairage allumé,En agglomération,Hors intersection,Normale,Deux véhicules - arrière,3,2,-1,-1,1,1,1,0,1,-1,2,2,1,0,0,1,47.0,70.0,voiture,voiture,5,2,1,1,2
201900038680,2019-10-28 18:45:00,2019,10,28,18,45,8,08105,ARCHES (AVENUE),49.7612,4.71905,Nuit avec éclairage allumé,En agglomération,Hors intersection,Normale,Autre collision,4,2,4,0,1,1,1,0,1,50,1,2,1,0,1,0,24.0,,voiture,,5,2,1,1,6
201900038681,2019-11-02 11:50:00,2019,11,2,11,50,6,06088,VOIE RAPIDE,43.702337,7.255923,Plein jour,En agglomération,Hors intersection,Normale,Autre collision,4,1,3,0,1,1,1,0,1,70,1,3,0,0,1,2,18.0,,voiture,,1,2,1,1,6
201900038682,2019-11-01 20:32:00,2019,11,1,20,32,6,06088,JOLY (CORNICHE ANDRE DE),43.70231,7.294547,Nuit avec éclairage allumé,En agglomération,Hors intersection,Temps couvert,Trois véhicules et plus - collisions multiples,7,2,2,1,2,2,1,9,1,50,3,5,2,0,2,1,22.0,53.0,voiture,voiture,5,2,1,8,5
201900038683,2019-11-01 18:02:00,2019,11,1,18,2,6,06088,MASSENA (PLACE),43.697466,7.270391,Nuit avec éclairage allumé,En agglomération,Autre intersection,Normale,Autre collision,4,1,2,0,1,1,1,0,1,50,1,4,1,0,0,3,29.0,,deux_roues,,5,2,9,1,6
201900038684,2019-10-30 11:00:00,2019,10,30,11,0,6,06088,LAMARTINE (R.),43.70392,7.26787,Plein jour,En agglomération,Intersection en X,Normale,Autre collision,4,1,1,1,1,1,1,0,1,50,1,2,1,0,0,1,41.0,,voiture,,1,2,2,1,6
201900038685,2019-10-29 07:10:00,2019,10,29,7,10,6,06104,AVENUE PIERRE ET MARIE CURIE,43.761178,7.463885,Crépuscule ou aube,En agglomération,Intersection en T,Normale,Deux véhicules - frontale,3,2,2,0,1,1,1,0,1,50,2,2,0,0,0,2,28.0,49.0,deux_roues,deux_roues,2,2,3,1,1
201900038686,2019-10-31 21:45:00,2019,10,31,21,45,6,06069,VICTORIA (AVENUE ET TRAVERSE),43.664197,6.933297,Nuit avec éclairage allumé,En agglomération,Hors intersection,Pluie légère,Deux véhicules - frontale,3,2,2,0,1,1,2,0,1,50,2,3,2,1,0,0,45.0,29.0,voiture,deux_roues,5,2,1,2,1
201900038687,2019-10-31 18:35:00,2019,10,31,18,35,6,06069,SEMARD (AVENUE PIERRE),43.655844,6.92845,Nuit sans éclairage public,En agglomération,Hors intersection,Pluie légère,Autre collision,3,2,2,0,2,1,2,0,1,50,1,2,1,0,0,1,32.0,,voiture,,3,2,1,2,6
201900038688,2019-11-01 15:50:00,2019,11,1,15,50,6,06004,NICE(RN.7) AV.ET RTE DE,43.602376,7.122587,Plein jour,En agglomération,Autre intersection,Normale,Deux véhicules - côté,3,2,2,0,1,1,1,0,1,50,2,2,1,0,1,0,35.0,29.0,voiture,deux_roues,1,2,9,1,3
201900038689,2019-10-29 12:10:00,2019,10,29,12,10,6,06004,JOFFRE AV.MARECHAL,43.569347,7.110996,Plein jour,En agglomération,Intersection en X,Normale,Autre collision,4,2,0,0,2,1,1,0,1,50,1,2,1,0,1,0,56.0,,utilitaire_camion,,1,2,2,1,6
201900038690,2019-10-29 08:45:00,2019,10,29,8,45,5,05061,VEYNES ( AVENUE DE  ),44.55689,6.0639,Plein jour,En agglomération,Intersection en Y,Normale,Deux véhicules - arrière,3,2,2,0,2,2,2,5,1,50,2,2,1,0,0,1,72.0,18.0,voiture,deux_roues,1,2,4,1,2
201900038691,2019-10-28 15:30:00,2019,10,28,15,30,5,05061,EMBRUN ( AVENUE D'),44.56897,6.10121,Plein jour,En agglomération,Hors intersection,Normale,Sans collision,2,2,2,0,1,1,1,0,1,50,1,2,1,0,0,1,68.0,,voiture,,1,2,1,1,7
201900038692,2019-11-02 05:30:00,2019,11,2,5,30,75,75120,ECHANGEUR BAGNOLET,48.8660935,2.4127691,Nuit avec éclairage allumé,En agglomération,Hors intersection,Pluie légère,Autre collision,4,1,2,-1,2,2,2,0,1,50,1,1,0,0,0,1,34.0,,voiture,,5,2,1,2,6
201900038693,2019-11-02 00:30:00,2019,11,2,0,30,75,75112,BD PERIPHERIQUE INTERIEUR,48.827043,2.390211,Nuit avec éclairage allumé,En agglomération,Hors intersection,Pluie légère,Trois véhicules et plus - en chaîne,4,1,5,0,1,1,2,0,1,70,3,8,1,0,0,7,66.0,30.0,voiture,voiture,5,2,1,2,4
201900038694,2019-10-31 07:00:00,2019,10,31,7,0,75,75113,ECHANGEUR ITALIE,48.8165712,2.3568624,Crépuscule ou aube,En agglomération,Intersection en Y,Pluie légère,Autre collision,4,1,1,0,2,1,2,0,1,50,2,1,0,0,0,1,54.0,,deux_roues,,2,2,4,2,6
201900038695,2019-10-30 22:10:00,2019,10,30,22,10,75,75112,BD PERIPHERIQUE EXTERIEUR,48.8359616,2.4122901,Nuit avec éclairage allumé,En agglomération,Intersection en Y,Normale,Trois véhicules et plus - collisions multiples,4,1,3,0,1,1,1,0,1,70,3,3,2,0,0,1,49.0,53.0,voiture,utilitaire_camion,5,2,4,1,5
201900038696,2019-11-01 07:14:00,2019,11,1,7,14,75,75112,QUAI DE LA RAPEE,48.845653,2.3664807,Plein jour,En agglomération,Hors intersection,Pluie forte,Autre collision,4,1,4,0,2,2,2,1,1,50,1,1,0,0,1,0,21.0,,deux_roues,,1,2,1,3,6
201900038697,2019-10-31 23:46:00,2019,10,31,23,46,75,75104,PLACE DE LA BASTILLE,48.8529266,2.3684284,Nuit avec éclairage allumé,En agglomération,Place,Normale,Autre collision,4,2,5,-1,1,2,1,0,1,30,1,1,0,0,1,0,62.0,,deux_roues,,5,2,7,1,6
201900038698,2019-10-30 11:35:00,2019,10,30,11,35,75,75103,RUE ETIENNE MARCEL,48.8634,2.350945,Plein jour,En agglomération,Intersection en X,Normale,Deux véhicules - côté,4,2,2,1,1,1,1,0,5,30,2,3,2,0,1,0,43.0,31.0,voiture,deux_roues,1,2,2,1,3
201900038699,2019-10-14 20:10:00,2019,10,14,20,10,75,75112,BD PERIPHERIQUE EXTERIEUR,48.84315,2.413922,Nuit avec éclairage allumé,En agglomération,Hors intersection,Pluie légère,Deux véhicules - côté,4,1,4,0,1,1,2,0,1,70,2,4,2,0,1,1,24.0,28.0,deux_roues,voiture,5,2,1,2,3
201900038700,2019-10-31 15:40:00,2019,10,31,15,40,75,75106,PLACE SAINT ANDRE DES ARTS,48.853173,2.343194,Plein jour,En agglomération,Place,Normale,Autre collision,4,-1,1,0,1,1,1,0,1,50,1,2,1,0,0,1,20.0,,deux_roues,,1,2,7,1,6
201900038701,2019-10-30 02:01:00,2019,10,30,2,1,75,75105,RUE SAINT JACQUES,48.849593,2.344869,Nuit avec éclairage allumé,En agglomération,Intersection en X,Pluie légère,Deux véhicules - côté,4,1,2,0,2,1,2,0,1,30,2,2,1,0,0,1,27.0,39.0,voiture,voiture,5,2,2,2,3
201900038702,2019-11-02 05:00:00,2019,11,2,5,0,75,75120,RUE DES MARAICHERS,48.8516613,2.4070033,Nuit avec éclairage allumé,En agglomération,Intersection en X,Pluie légère,Autre collision,4,1,1,0,1,1,2,0,1,30,2,1,0,0,0,1,59.0,,voiture,,5,2,2,2,6
201900038703,2019-11-01 17:30:00,2019,11,1,17,30,75,75120,RUE SAINT FARGEAU,48.8717262,2.4043775,Crépuscule ou aube,En agglomération,Intersection à plus de 4 branches,Pluie légère,Autre collision,4,2,2,0,2,1,2,0,1,30,1,1,0,0,0,1,,,,,2,2,5,2,6
201900038704,2019-11-01 12:10:00,2019,11,1,12,10,75,75120,RUE DUPONT DE L EURE,48.86809,2.400161,Plein jour,En agglomération,Intersection en X,Pluie légère,Deux véhicules - côté,4,2,2,0,2,1,2,0,1,30,2,2,1,0,0,1,25.0,34.0,deux_roues,voiture,1,2,2,2,3
201900038705,2019-10-30 08:30:00,2019,10,30,8,30,75,75120,RUE DE BELLEVILLE,48.8733868,2.3826038,Plein jour,En agglomération,Intersection en T,Temps couvert,Deux véhicules - côté,4,1,1,3,2,1,2,0,1,50,2,2,1,0,0,1,49.0,46.0,voiture,deux_roues,1,2,3,8,3
201900038706,2019-11-01 18:30:00,2019,11,1,18,30,75,75118,RUE D AUBERVILLIERS,48.8855513,2.3657861,Nuit avec éclairage allumé,En agglomération,Intersection en X,Pluie légère,Deux véhicules - côté,4,1,2,0,1,1,2,5,1,50,2,2,1,0,0,1,24.0,67.0,deux_roues,voiture,5,2,2,2,3
201900038707,2019-11-01 13:10:00,2019,11,1,13,10,75,75119,BOULEVARD DE LA VILLETTE,48.8797822,2.3704239,Plein jour,En agglomération,Hors intersection,Temps couvert,Deux véhicules - côté,4,3,2,1,2,1,2,0,5,50,2,2,1,0,0,1,29.0,31.0,deux_roues,voiture,1,2,1,8,3
201900038708,2019-11-01 06:20:00,2019,11,1,6,20,75,75119,RUE DES BOIS,48.878546,2.400122,Nuit avec éclairage allumé,En agglomération,Intersection en X,Pluie légère,Deux véhicules - côté,4,1,1,0,2,1,2,0,1,50,2,2,1,0,0,1,52.0,50.0,utilitaire_camion,utilitaire_camion,5,2,2,2,3
201900038709,2019-10-30 01:20:00,2019,10,30,1,20,75,75118,RUE DE LA CHAPELLE,48.8985208,2.3590037,Nuit avec éclairage allumé,En agglomération,Intersection en X,Pluie légère,Autre collision,4,1,-1,0,1,1,2,0,1,50,1,3,2,0,0,1,49.0,,transport_commun,,5,2,2,2,6
201900038710,2019-10-30 15:30:00,2019,10,30,15,30,75,75118,RUE DE LA CHAPELLE,48.8965729,2.359242,Plein jour,En agglomération,Hors intersection,Normale,Autre collision,4,2,4,-1,1,1,1,0,1,50,1,2,1,0,0,1,22.0,,deux_roues,,1,2,1,1,6
201900038711,2019-10-31 09:30:00,2019,10,31,9,30,75,75117,RUE LEGENDRE,48.890379,2.3243691,Plein jour,En agglomération,Hors intersection,Normale,Autre collision,4,1,1,1,1,1,1,0,5,30,2,1,0,0,0,1,40.0,,deux_roues,,1,2,1,1,6
201900038712,2019-10-28 19:45:00,2019,10,28,19,45,75,75117,RUE DE ROME,48.88222,2.32039,Nuit avec éclairage allumé,En agglomération,Intersection en X,Normale,Deux véhicules - côté,4,2,2,0,1,1,1,0,1,30,2,2,1,0,0,1,51.0,24.0,deux_roues,voiture,5,2,2,1,3
201900038713,2019-10-29 17:10:00,2019,10,29,17,10,75,75116,ROUTE DE LA MUETTE A NEUILLY,48.8698328,2.2645029,Nuit avec éclairage allumé,En agglomération,Intersection en X,Normale,Autre collision,4,3,1,0,1,1,1,0,1,50,2,3,1,0,0,2,27.0,27.0,deux_roues,voiture,5,2,2,1,6
201900038714,2019-10-31 12:35:00,2019,10,31,12,35,75,75114,BOULEVARD BRUNE,48.82441,2.31966,Plein jour,En agglomération,Place,Normale,Deux véhicules - côté,4,2,2,0,1,1,1,0,1,50,2,3,2,0,0,1,48.0,29.0,utilitaire_camion,deux_roues,1,2,7,1,3
201900038715,2019-11-01 03:00:00,2019,11,1,3,0,75,75106,BOULEVARD SAINT GERMAIN,48.8527073,2.337752,Nuit avec éclairage allumé,En agglomération,Intersection en X,Normale,Autre collision,4,1,3,1,1,1,1,0,1,50,1,1,0,0,0,1,,,,,5,2,2,1,6
201900038716,2019-10-31 09:35:00,2019,10,31,9,35,75,75113,BOULEVARD KELLERMANN,48.8202,2.34801,Plein jour,En agglomération,Intersection en T,Temps couvert,Deux véhicules - côté,4,2,4,-1,1,1,2,0,1,50,2,2,1,0,1,0,25.0,56.0,deux_roues,utilitaire_camion,1,2,3,8,3
201900038717,2019-10-30 21:20:00,2019,10,30,21,20,75,75113,RUE DE TOLBIAC,48.8257471,2.3465878,Nuit avec éclairage allumé,En agglomération,Intersection en T,Normale,Deux véhicules - côté,4,2,3,0,2,1,1,5,1,50,2,2,1,0,0,1,23.0,47.0,deux_roues,voiture,5,2,3,1,3
201900038718,2019-10-30 12:40:00,2019,10,30,12,40,75,75113,AVENUE DES GOBELINS,48.8346336,2.3533601,Plein jour,En agglomération,Intersection en T,Normale,Sans collision,4,2,4,0,1,1,1,0,1,50,1,1,0,0,0,1,51.0,,deux_roues,,1,2,3,1,7
201900038719,2019-10-30 07:00:00,2019,10,30,7,0,75,75113,RUE WATT,48.8264,2.3785,Plein jour,En agglomération,Hors intersection,Temps couvert,Autre collision,4,2,2,0,1,1,1,1,1,50,1,2,0,0,0,2,20.0,,utilitaire_camion,,1,2,1,8,6
201900038720,2019-11-02 14:55:00,2019,11,2,14,55,75,75112,BOULEVARD DIDEROT,48.846444,2.378969,Plein jour,En agglomération,Intersection en X,Normale,Deux véhicules - côté,4,2,2,0,1,1,2,0,1,50,2,3,2,0,0,1,25.0,24.0,deux_roues,utilitaire_camion,1,2,2,1,3
201900038721,2019-11-02 00:50:00,2019,11,2,0,50,75,75112,COURS DE VINCENNES,48.8478578,2.4010599,Nuit avec éclairage allumé,En agglomération,Hors intersection,Pluie légère,Autre collision,4,3,2,0,1,1,2,0,1,50,1,1,0,0,0,1,30.0,,voiture,,5,2,1,2,6
201900038722,2019-10-30 12:00:00,2019,10,30,12,0,75,75112,BOULEVARD DE BERCY,48.839505,2.384913,Plein jour,En agglomération,Hors intersection,Normale,Deux véhicules - côté,4,2,3,0,1,1,1,0,1,50,2,3,2,0,0,1,29.0,59.0,voiture,deux_roues,1,2,1,1,3
201900038723,2019-10-29 20:00:00,2019,10,29,20,0,75,75120,AVENUE LEON GAUMONT,48.850986,2.415898,Nuit avec éclairage allumé,En agglomération,Intersection en Y,Pluie forte,Autre collision,4,2,2,0,1,1,2,0,1,50,1,2,1,0,0,1,49.0,,voiture,,5,2,4,3,6
201900038724,2019-11-02 00:10:00,2019,11,2,0,10,75,75111,AVENUE PARMENTIER,48.8639424,2.3755261,Nuit avec éclairage allumé,En agglomération,Intersection en T,Pluie légère,Autre collision,4,2,2,0,1,1,2,0,1,50,1,1,0,0,0,1,30.0,,voiture,,5,2,3,2,6
201900038725,2019-10-30 21:50:00,2019,10,30,21,50,75,75111,AVENUE PHILIPPE AUGUSTE,48.8523646,2.3934378,Nuit avec éclairage allumé,En agglomération,Intersection en T,Normale,Deux véhicules - côté,4,2,2,0,1,1,1,0,1,50,2,2,1,0,0,1,30.0,23.0,deux_roues,voiture,5,2,3,1,3
201900038726,2019-10-30 11:10:00,2019,10,30,11,10,75,75110,RUE DE DUNKERQUE,48.880723,2.35163,Plein jour,En agglomération,Hors intersection,Temps couvert,Sans collision,4,1,1,0,1,1,1,0,1,50,1,1,0,0,0,1,60.0,,deux_roues,,1,2,1,8,7