accident_id,datetime,annee,mois,jour,heure,minute,departement,commune_insee,adresse,latitude,longitude,luminosite,agglomeration,intersection,meteo,collision,catr,circ,nbv,vosp,prof,plan,surf,infra,situ,vma,nb_vehicules,nb_usagers,nb_indemnes,nb_tues,nb_blesses_hosp,nb_blesses_legers,age_cond_1,age_cond_2,veh_type_cond_1,veh_type_cond_2,lum_code,agg_code,int_code,atm_code,col_code
201900038727,2019-10-30 10:50:00,2019,10,30,10,50,75,75110,RUE DU FAUBOURG SAINT MARTIN,48.8825366,2.3669269,Plein jour,En agglomération,Intersection en T,Temps couvert,Deux véhicules - côté,4,2,2,0,1,1,1,0,1,50,2,2,1,0,0,1,46.0,46.0,deux_roues,utilitaire_camion,1,2,3,8,3
201900038728,2019-11-01 12:00:00,2019,11,1,12,0,75,75109,RUE DU FAUBOURG MONTMARTRE,48.8747763,2.3413565,Plein jour,En agglomération,Intersection en Y,Pluie légère,Autre collision,4,1,2,0,1,1,2,0,1,50,1,1,0,0,0,1,31.0,,deux_roues,,1,2,4,2,6
201900038729,2019-11-01 19:20:00,2019,11,1,19,20,75,75108,AVENUE GEORGE V,48.8699243,2.3010093,Plein jour,En agglomération,Intersection en Y,Pluie légère,Autre collision,4,2,2,0,1,1,2,0,1,50,1,2,1,0,0,1,26.0,,deux_roues,,1,2,4,2,6
201900038730,2019-11-01 13:20:00,2019,11,1,13,20,75,75108,RUE DU FAUBOURG SAINT HONORE,48.877335,2.299801,Plein jour,En agglomération,Hors intersection,Pluie légère,Deux véhicules - côté,4,2,4,0,1,1,2,0,1,50,2,2,1,0,0,1,43.0,22.0,voiture,deux_roues,1,2,1,2,3
201900038731,2019-11-01 04:30:00,2019,11,1,4,30,75,75107,AVENUE DU MARECHAL GALLIENI,48.862853,2.313446,Nuit avec éclairage allumé,En agglomération,Intersection en X,Pluie légère,Deux véhicules - côté,4,2,6,0,1,1,2,5,1,50,2,2,1,0,0,1,38.0,42.0,voiture,voiture,5,2,2,2,3
201900038732,2019-11-01 02:00:00,2019,11,1,2,0,75,75108,AVENUE DES CHAMPS ELYSEES,48.872358,2.299513,Nuit sans éclairage public,En agglomération,Intersection en X,Normale,Deux véhicules - côté,4,2,6,0,1,1,1,0,1,50,2,2,1,0,0,1,19.0,24.0,voiture,deux_roues,3,2,2,1,3
201900038733,2019-11-01 21:05:00,2019,11,1,21,5,75,75107,QUAI BRANLY,48.8590455,2.2932651,Nuit avec éclairage allumé,En agglomération,Intersection en X,Normale,Autre collision,4,2,4,0,1,1,1,0,1,50,1,1,0,0,0,1,,,,,5,2,2,1,6
201900038734,2019-10-31 14:20:00,2019,10,31,14,20,75,75107,PLACE JACQUES RUEFF,48.85615,2.29845,Plein jour,En agglomération,Place,Normale,Autre collision,4,1,2,0,1,1,1,0,1,50,1,2,1,0,0,1,24.0,,voiture,,1,2,7,1,6
201900038735,2019-10-31 17:10:00,2019,10,31,17,10,75,75104,RUE MORNAY,48.8495,2.36563,Crépuscule ou aube,En agglomération,Intersection en X,Normale,Deux véhicules - côté,4,-1,0,0,1,1,1,0,1,30,2,2,1,0,0,1,20.0,20.0,deux_roues,voiture,2,2,2,1,3
201900038736,2019-10-30 18:15:00,2019,10,30,18,15,75,75101,RUE SAINT HONORE,48.8631863,2.3355295,Nuit avec éclairage allumé,En agglomération,Intersection à plus de 4 branches,Normale,Autre collision,4,2,2,-1,1,1,1,0,1,30,1,2,1,0,0,1,70.0,,voiture,,5,2,5,1,6
201900038737,2019-11-01 00:50:00,2019,11,1,0,50,75,75104,QUAI DES CELESTINS,48.8511832,2.362569,Nuit avec éclairage allumé,En agglomération,Intersection en X,Normale,Sans collision,4,1,3,0,1,1,1,0,1,50,1,1,0,0,0,1,42.0,,deux_roues,,5,2,2,1,7
201900038738,2019-11-02 16:55:00,2019,11,2,16,55,75,75101,RUE DE RIVOLI,48.859089,2.346445,Plein jour,En agglomération,Intersection en X,Normale,Autre collision,4,1,3,1,1,1,1,0,5,50,1,2,1,0,0,1,29.0,,deux_roues,,1,2,2,1,6
201900038739,2019-11-02 09:40:00,2019,11,2,9,40,75,75101,PLACE DU CHATELET,48.8572232,2.3471029,Plein jour,En agglomération,Place,Temps couvert,Deux véhicules - arrière,4,1,4,-1,1,1,1,0,1,50,2,3,2,0,0,1,44.0,30.0,utilitaire_camion,deux_roues,1,2,7,8,2
201900038740,2019-10-29 21:15:00,2019,10,29,21,15,75,75104,PONT MORLAND,48.8474674,2.3655416,Nuit avec éclairage allumé,En agglomération,Intersection en X,Pluie légère,Autre collision,4,1,3,0,1,2,2,2,1,50,1,2,1,0,0,1,31.0,,voiture,,5,2,2,2,6
201900038741,2019-10-30 11:15:00,2019,10,30,11,15,94,94081,CONCORDE (R DE LA),48.798,2.383,Plein jour,En agglomération,Hors intersection,Temps couvert,Autre collision,4,2,2,0,1,1,2,0,1,50,1,1,0,0,0,1,,,,,1,2,1,8,6
201900038742,2019-10-02 20:19:00,2019,10,2,20,19,17,17291,RN 11,46.17223,-1.11919,Nuit sans éclairage public,En agglomération,Autre intersection,Normale,Deux véhicules - côté,2,3,4,0,1,1,1,0,1,50,2,3,0,0,0,3,26.0,19.0,voiture,voiture,3,2,9,1,3
201900038743,2019-10-01 09:50:00,2019,10,1,9,50,17,17300,MONNET   AVENUE JEAN,46.14303,-1.15353,Plein jour,En agglomération,Giratoire,Pluie forte,Deux véhicules - arrière,4,4,2,0,1,3,2,0,1,50,2,2,1,0,0,1,77.0,77.0,voiture,deux_roues,1,2,6,3,2
201900038744,2019-10-01 02:55:00,2019,10,1,2,55,14,14333,BOULOIR (RUE DU PETIT),49.41737,0.22956,Nuit avec éclairage allumé,En agglomération,Hors intersection,Normale,Autre collision,4,2,1,0,2,2,1,0,1,50,1,4,1,0,0,3,23.0,,voiture,,5,2,1,1,6
201900038745,2019-10-02 18:58:00,2019,10,2,18,58,14,14327,CD N° 60,49.20532,-0.35062,Plein jour,En agglomération,Intersection en X,Normale,Deux véhicules - côté,4,2,2,0,1,1,1,0,1,50,2,3,0,0,0,3,26.0,49.0,voiture,voiture,1,2,2,1,3
201900038746,2019-10-02 17:30:00,2019,10,2,17,30,14,14118,CANADA (AVENUE DU),49.18521,-0.37151,Plein jour,En agglomération,Giratoire,Pluie légère,Autre collision,4,2,-1,-1,1,1,2,0,1,-1,3,6,3,0,0,3,56.0,43.0,voiture,voiture,1,2,6,2,6
201900038747,2019-10-02 20:05:00,2019,10,2,20,5,13,13214,AMPERE (BOULEVARD),43.33712,5.37396,Nuit avec éclairage allumé,En agglomération,Hors intersection,Temps couvert,Deux véhicules - côté,4,2,1,0,1,1,1,0,1,50,2,2,1,0,0,1,55.0,17.0,voiture,deux_roues,5,2,1,8,3
201900038748,2019-09-30 18:40:00,2019,9,30,18,40,13,13208,RABATAU (BOULEVARD),43.27,5.39,Crépuscule ou aube,En agglomération,Hors intersection,Normale,Deux véhicules - côté,4,-1,4,0,1,1,1,0,1,50,2,2,1,0,0,1,30.0,29.0,deux_roues,voiture,2,2,1,1,3
201900038749,2019-10-01 14:25:00,2019,10,1,14,25,11,11262,BLUM (SQUARE THERESE LEON),43.18792,3.00847,Plein jour,En agglomération,Giratoire,Normale,Autre collision,4,1,2,0,1,2,1,0,1,50,1,2,1,0,1,0,43.0,,voiture,,1,2,6,1,6
201900038750,2019-10-02 09:55:00,2019,10,2,9,55,10,10387,WOOD ET WEST (RUE),48.29482,4.08183,Plein jour,En agglomération,Giratoire,Pluie légère,Trois véhicules et plus - collisions multiples,4,2,3,1,1,2,2,0,1,50,3,3,1,0,0,2,21.0,40.0,voiture,voiture,1,2,6,2,5
201900038751,2019-10-01 08:30:00,2019,10,1,8,30,7,07102,,44.920358,4.861965,Plein jour,En agglomération,Giratoire,Normale,Deux véhicules - côté,3,2,2,0,1,1,1,5,1,50,2,2,0,0,0,2,32.0,42.0,voiture,voiture,1,2,6,1,3
201900038752,2019-10-02 01:50:00,2019,10,2,1,50,6,06088,MERCANTOUR (BD),43.728218,7.185198,Nuit sans éclairage public,En agglomération,Hors intersection,Pluie légère,Autre collision,7,1,2,0,1,1,2,9,1,90,1,2,1,0,1,0,45.0,,voiture,,3,2,1,2,6
201900038753,2019-10-02 18:25:00,2019,10,2,18,25,75,75112,BD PERIPHERIQUE INTERIEUR,48.839578,2.413246,Plein jour,En agglomération,Hors intersection,Normale,Trois véhicules et plus - en chaîne,4,1,4,0,1,1,1,0,1,70,3,3,2,0,0,1,31.0,25.0,voiture,voiture,1,2,1,1,4
201900038754,2019-10-02 07:00:00,2019,10,2,7,0,75,75120,ECHANGEUR BAGNOLET,48.8668829,2.4134264,Nuit avec éclairage allumé,En agglomération,Intersection en Y,Pluie légère,Sans collision,4,1,4,0,1,1,3,0,1,70,1,1,0,0,0,1,34.0,,deux_roues,,5,2,4,2,7
201900038755,2019-10-02 10:10:00,2019,10,2,10,10,75,75112,AVENUE DE NOGENT,48.840868,2.452848,Plein jour,En agglomération,Intersection en X,Normale,Autre collision,4,2,4,0,1,1,1,0,1,50,1,2,0,1,1,0,60.0,,deux_roues,,1,2,2,1,6
201900038756,2019-10-02 21:10:00,2019,10,2,21,10,75,75119,AVENUE SECRETAN,48.8824769,2.3703847,Nuit avec éclairage allumé,En agglomération,Intersection en Y,Normale,Deux véhicules - côté,4,2,2,0,2,1,1,0,1,50,2,2,1,0,0,1,61.0,22.0,deux_roues,deux_roues,5,2,4,1,3
201900038757,2019-10-02 01:45:00,2019,10,2,1,45,75,75119,BOULEVARD DE LA VILLETTE,48.875772,2.3728938,Nuit avec éclairage allumé,En agglomération,Hors intersection,Pluie légère,Autre collision,4,3,3,0,1,1,2,0,1,50,1,2,1,0,0,1,64.0,,voiture,,5,2,1,2,6
201900038758,2019-10-01 20:54:00,2019,10,1,20,54,75,75118,BOULEVARD NEY,48.8980665,2.3441474,Nuit avec éclairage allumé,En agglomération,Intersection en X,Pluie légère,Deux véhicules - arrière,4,2,4,0,1,1,2,0,1,50,2,4,3,0,1,0,53.0,22.0,deux_roues,voiture,5,2,2,2,2
201900038759,2019-10-01 22:35:00,2019,10,1,22,35,75,75116,BOULEVARD DELESSERT,48.8590158,2.2867911,Nuit avec éclairage allumé,En agglomération,Intersection en T,Pluie légère,Deux véhicules - côté,4,2,0,0,2,2,2,0,1,50,2,2,1,0,0,1,28.0,40.0,utilitaire_camion,voiture,5,2,3,2,3
201900038760,2019-10-01 15:05:00,2019,10,1,15,5,75,75116,AVENUE FOCH,48.8720574,2.2788344,Plein jour,En agglomération,Hors intersection,Normale,Deux véhicules - côté,4,2,4,0,1,1,1,0,1,50,2,2,1,0,0,1,51.0,31.0,deux_roues,voiture,1,2,1,1,3
201900038761,2019-10-02 07:30:00,2019,10,2,7,30,75,75114,PLACE DU VINGT CINQ AOUT 1944,48.8230518,2.3254809,Plein jour,En agglomération,Place,Normale,Autre collision,4,1,8,1,1,1,2,0,5,50,1,2,1,0,0,1,30.0,,deux_roues,,1,2,7,1,6
201900038762,2019-10-01 22:25:00,2019,10,1,22,25,75,75110,RUE LA FAYETTE,48.8785341,2.3540453,Nuit avec éclairage allumé,En agglomération,Intersection en X,Pluie légère,Deux véhicules - côté,4,2,2,0,1,1,2,0,1,50,2,3,1,0,0,2,46.0,32.0,deux_roues,voiture,5,2,2,2,3
201900038763,2019-10-01 14:15:00,2019,10,1,14,15,75,75108,RUE DE COURCELLES,48.8754061,2.30882,Plein jour,En agglomération,Intersection en T,Temps couvert,Autre collision,4,2,2,0,2,1,2,0,1,50,1,2,0,0,0,2,33.0,,deux_roues,,1,2,3,8,6
201900038764,2019-10-02 02:15:00,2019,10,2,2,15,75,75107,QUAI D ORSAY,48.8626457,2.3190681,Nuit avec éclairage allumé,En agglomération,Intersection en T,Pluie légère,Autre collision,4,2,1,0,1,1,2,8,1,50,1,1,0,0,0,1,25.0,,deux_roues,,5,2,3,2,6
201900038765,2019-10-02 07:30:00,2019,10,2,7,30,75,75101,RUE DE L ECHELLE,48.8638201,2.3342402,Crépuscule ou aube,En agglomération,Intersection en X,Normale,Deux véhicules - côté,4,1,3,0,1,1,1,0,1,50,2,2,1,0,0,1,51.0,20.0,voiture,deux_roues,2,2,2,1,3
201900038766,2019-10-02 17:50:00,2019,10,2,17,50,94,94081,MOULIN DE SAQUET (AV DU),48.7907839,2.3809478,Plein jour,En agglomération,Intersection en T,Normale,Deux véhicules - côté,3,2,2,0,2,1,1,0,1,50,2,1,0,0,0,1,24.0,,deux_roues,,1,2,3,1,3
201900038767,2019-10-02 18:30:00,2019,10,2,18,30,94,94074,THEODULE JOURDAIN (rue),48.77,2.446,Plein jour,En agglomération,Hors intersection,Normale,Deux véhicules - côté,3,2,2,3,1,1,1,0,1,50,2,2,1,0,0,1,58.0,74.0,transport_commun,voiture,1,2,1,1,3
201900038768,2019-10-02 07:35:00,2019,10,2,7,35,94,94052,CARNOT (R),48.83377,2.48166,Crépuscule ou aube,En agglomération,Hors intersection,Temps couvert,Autre collision,4,1,1,0,2,4,2,0,1,30,1,2,1,0,0,1,50.0,,voiture,,2,2,1,8,6
201900038769,2019-10-02 12:35:00,2019,10,2,12,35,94,94046,MARNE (R DE LA),48.8072773,2.4603231,Plein jour,En agglomération,Hors intersection,Normale,Deux véhicules - côté,4,2,2,0,1,1,1,0,1,30,2,4,3,0,0,1,43.0,33.0,voiture,voiture,1,2,1,1,3
201900038770,2019-10-02 17:35:00,2019,10,2,17,35,94,94043,PROFESSEUR EINSTEIN (R),48.8035,2.3487,Plein jour,En agglomération,Intersection en X,Normale,Sans collision,4,1,1,0,1,1,1,5,1,50,1,2,1,0,0,1,59.0,,voiture,,1,2,2,1,7
201900038771,2019-10-02 01:00:00,2019,10,2,1,0,94,94028,HALPERN.(AVENUE BERNARD),48.78273,2.45895,Nuit sans éclairage public,En agglomération,Hors intersection,Pluie légère,Autre collision,3,1,2,0,1,1,2,0,1,90,1,2,0,0,0,2,19.0,,voiture,,3,2,1,2,6
201900038772,2019-10-02 14:58:00,2019,10,2,14,58,94,94022,JEAN JAURES (R),48.765541,2.409874,Plein jour,En agglomération,Hors intersection,Normale,Autre collision,3,2,3,3,1,1,1,0,1,30,1,2,1,0,0,1,20.0,,deux_roues,,1,2,1,1,6
201900038773,2019-10-02 08:20:00,2019,10,2,8,20,94,94022,GENERAL LECLERC (AV),48.762,2.406,Plein jour,En agglomération,Hors intersection,Normale,Autre collision,4,3,2,0,1,1,1,0,1,50,1,2,1,0,1,0,51.0,,voiture,,1,2,1,1,6
201900038774,2019-10-02 17:10:00,2019,10,2,17,10,94,94055,PINCE VENT (AV DE),48.78888,2.54772,Plein jour,En agglomération,Hors intersection,Normale,Deux véhicules - arrière,3,2,2,0,1,1,1,0,1,50,2,5,4,0,0,1,24.0,41.0,voiture,voiture,1,2,1,1,2
201900038775,2019-10-02 11:00:00,2019,10,2,11,0,94,94019,RABELAIS (R),48.80292,2.55206,Plein jour,En agglomération,Place,Normale,Deux véhicules - frontale,4,2,2,0,1,1,1,0,1,50,2,3,2,0,0,1,43.0,18.0,voiture,deux_roues,1,2,7,1,1
201900038776,2019-10-01 22:55:00,2019,10,1,22,55,94,94018,VICTOR HUGO (R),48.8187,2.41077,Nuit avec éclairage allumé,En agglomération,Hors intersection,Temps couvert,Sans collision,4,3,1,0,2,1,2,0,1,30,1,1,0,0,0,1,38.0,,deux_roues,,5,2,1,8,7
201900038777,2019-10-02 20:25:00,2019,10,2,20,25,94,94017,GENERAL DE GAULLE (AV DU),48.82405,2.49823,Nuit avec éclairage allumé,En agglomération,Hors intersection,Normale,Deux véhicules - côté,3,2,4,0,1,1,1,0,1,50,2,2,0,0,0,2,45.0,45.0,voiture,voiture,5,2,1,1,3
201900038778,2019-10-01 23:20:00,2019,10,1,23,20,94,94017,BERNAU (R DE),48.81707,2.52096,Nuit avec éclairage allumé,En agglomération,Hors intersection,Pluie légère,Sans collision,4,2,2,0,1,1,2,6,1,50,1,1,0,0,0,1,23.0,,deux_roues,,5,2,1,2,7
201900038779,2019-10-02 08:10:00,2019,10,2,8,10,93,93066,"""STALINGRAD (AVENUE), NR 88 A 114 BIS""",48.9454,2.36352,Plein jour,En agglomération,Hors intersection,Normale,Deux véhicules - frontale,3,2,4,0,1,1,1,9,1,50,2,1,0,0,0,1,23.0,,voiture,,1,2,1,1,1
201900038780,2019-10-02 06:28:00,2019,10,2,6,28,93,93066,LIBERATION RD14 (BOULEVARD),48.92963,2.34087,Nuit avec éclairage allumé,En agglomération,Intersection en Y,Pluie légère,Deux véhicules - côté,3,2,4,0,1,1,2,0,1,50,2,3,2,0,0,1,38.0,29.0,transport_commun,voiture,5,2,4,2,3
201900038781,2019-10-02 04:40:00,2019,10,2,4,40,93,93050,PAUL VAILLANT COUTURIER (RUE),48.86824,2.55698,Nuit avec éclairage allumé,En agglomération,Intersection en X,Pluie légère,Deux véhicules - côté,3,2,2,0,1,1,2,0,1,50,2,2,1,0,0,1,41.0,30.0,voiture,utilitaire_camion,5,2,2,2,3
201900038782,2019-09-30 08:10:00,2019,9,30,8,10,93,93031,GALLIENI (AVENUE),48.96217,2.29576,Plein jour,En agglomération,Hors intersection,Normale,Deux véhicules - côté,3,2,2,0,1,1,1,0,1,50,2,2,1,0,0,1,33.0,29.0,deux_roues,voiture,1,2,1,1,3
201900038783,2019-10-02 13:05:00,2019,10,2,13,5,93,93029,ARGONNE (DE L'),48.91782,2.46789,Plein jour,En agglomération,Hors intersection,Normale,Autre collision,4,2,2,0,1,1,1,0,1,50,1,2,1,0,0,1,74.0,,voiture,,1,2,1,1,6
201900038784,2019-10-02 09:20:00,2019,10,2,9,20,93,93008,QUENEAU (RUE RAYMOND),48.89568,2.42578,Plein jour,En agglomération,Intersection en T,Normale,Autre collision,3,2,0,0,1,1,1,5,1,50,1,1,0,0,0,1,,,,,1,2,3,1,6
201900038785,2019-10-02 18:39:00,2019,10,2,18,39,93,93001,ALFRED JARRY (RUE),48.92214,2.39957,Plein jour,En agglomération,Autre intersection,Normale,Deux véhicules - côté,9,2,2,0,1,1,1,9,1,50,2,2,1,0,0,1,69.0,19.0,voiture,deux_roues,1,2,9,1,3
201900038786,2019-10-02 19:57:00,2019,10,2,19,57,92,92075,FRERES VIGOUROUX (RUE DES),48.81428,2.27816,Nuit avec éclairage allumé,En agglomération,Hors intersection,Normale,Autre collision,7,2,2,0,2,1,1,0,1,50,1,2,0,0,0,2,41.0,,deux_roues,,5,2,1,1,6
201900038787,2019-09-30 18:40:00,2019,9,30,18,40,92,92076,JARDY,48.8306009,2.1520434,Plein jour,En agglomération,Hors intersection,Normale,Deux véhicules - côté,3,2,6,0,1,1,1,0,1,50,2,3,2,0,1,0,22.0,39.0,utilitaire_camion,deux_roues,1,2,1,1,3
201900038788,2019-10-02 15:50:00,2019,10,2,15,50,92,92019,DIVISION LECLERC (AVENUE DE LA),48.7649487,2.2642337,Plein jour,En agglomération,Hors intersection,Normale,Deux véhicules - côté,3,2,2,0,1,1,1,0,1,50,2,2,1,0,0,1,45.0,18.0,deux_roues,voiture,1,2,1,1,3
201900038789,2019-10-01 23:10:00,2019,10,1,23,10,92,92012,POINT DU JOUR (QUAI DU),48.82837,2.25382,Nuit avec éclairage allumé,En agglomération,Intersection en X,Pluie légère,Autre collision,3,2,2,2,1,1,2,5,1,50,2,2,1,0,0,1,74.0,35.0,voiture,deux_roues,5,2,2,2,6
201900038790,2019-10-01 22:55:00,2019,10,1,22,55,92,92012,DANJOU (RUE) 17/FIN - 20/FIN,48.83219,2.24879,Nuit avec éclairage allumé,En agglomération,Autre intersection,Temps couvert,Deux véhicules - côté,7,1,1,0,1,1,2,0,1,50,2,2,1,0,0,1,49.0,27.0,deux_roues,voiture,5,2,9,8,3
201900038791,2019-10-02 21:00:00,2019,10,2,21,0,92,92007,HUGO (AVENUE VICTOR),48.804956,2.322629,Nuit sans éclairage public,En agglomération,Intersection en X,Normale,Deux véhicules - côté,4,3,4,1,1,1,1,0,1,50,2,2,1,0,0,1,33.0,26.0,deux_roues,voiture,3,2,2,1,3
201900038792,2019-06-27 21:30:00,2019,6,27,21,30,91,91235,1 Place du 8 Mai 1945,48.639276,2.361895,Plein jour,En agglomération,Place,Temps éblouissant,Deux véhicules - côté,3,3,4,0,1,1,1,5,1,50,2,2,1,0,1,0,40.0,28.0,deux_roues,voiture,1,2,7,7,3
201900038793,2019-10-03 05:30:00,2019,10,3,5,30,6,06161,Route du Bord de Mer,43.6342394,7.1387698,Nuit avec éclairage allumé,En agglomération,Hors intersection,Normale,Sans collision,3,2,2,1,1,3,1,0,1,-1,1,1,0,0,1,0,34.0,,deux_roues,,5,2,1,1,7
201900038794,2019-10-03 09:15:00,2019,10,3,9,15,13,13078,Quai Bonnardel,43.38354,4.807507,Plein jour,En agglomération,Hors intersection,Normale,Autre collision,4,2,2,0,1,2,1,0,1,50,1,2,1,0,0,1,62.0,,voiture,,1,2,1,1,6
201900038795,2019-09-30 08:35:00,2019,9,30,8,35,1,01071,Rue du  Jura,46.31875,6.075219,Plein jour,En agglomération,Intersection en T,Normale,Autre collision,3,2,2,0,1,1,1,0,1,50,2,2,1,0,0,1,15.0,48.0,deux_roues,voiture,1,2,3,1,6
201900038796,2019-10-02 16:20:00,2019,10,2,16,20,974,97410,23 Che Tourris (ste Anne),-21.064848,55.732301,Plein jour,En agglomération,Hors intersection,Normale,Deux véhicules - frontale,2,2,2,0,1,2,1,0,1,50,2,2,1,0,1,0,15.0,26.0,deux_roues,voiture,1,2,1,1,1
201900038797,2019-10-02 19:45:00,2019,10,2,19,45,83,83019,Route de Benat,43.135176,6.351294,Nuit avec éclairage allumé,En agglomération,Hors intersection,Normale,Deux véhicules - frontale,3,2,2,2,1,1,1,0,1,50,2,3,1,0,1,1,18.0,76.0,deux_roues,voiture,5,2,1,1,1
201900038798,2019-09-30 13:45:00,2019,9,30,13,45,57,57038,D16,49.443748,5.950479,Plein jour,Hors agglomération,Hors intersection,Pluie légère,Autre collision,3,2,2,0,1,2,2,0,3,80,1,1,0,0,1,0,23.0,,deux_roues,,1,1,1,2,6
201900038799,2019-08-30 18:00:00,2019,8,30,18,0,56,56113,Rue des Hortensias,48.070137,-3.19698,Plein jour,En agglomération,Intersection en X,Normale,Deux véhicules - côté,3,2,2,0,1,1,1,0,1,50,2,3,2,0,0,1,21.0,67.0,voiture,voiture,1,2,2,1,3
201900038800,2019-09-28 15:50:00,2019,9,28,15,50,33,33236,2 route de Bordeaux,44.72789,-1.19778,Plein jour,En agglomération,Hors intersection,Normale,Autre collision,3,2,4,2,1,1,1,6,1,30,2,3,2,0,0,1,45.0,56.0,voiture,voiture,1,2,1,1,6
201900038801,2019-09-30 07:00:00,2019,9,30,7,0,46,46151,Les Moulins de Lamothe,44.61804,1.492556,Crépuscule ou aube,Hors agglomération,Intersection en X,Normale,Deux véhicules - côté,3,2,2,0,1,1,1,0,1,80,2,2,1,0,1,0,58.0,52.0,deux_roues,voiture,2,1,2,1,3
201900038802,2019-09-28 16:30:00,2019,9,28,16,30,29,29212,D12,48.377012,-4.59779,Plein jour,En agglomération,Hors intersection,Normale,Deux véhicules - frontale,3,2,2,0,1,1,1,0,1,50,2,2,1,0,0,1,59.0,19.0,voiture,voiture,1,2,1,1,1
201900038803,2019-10-02 06:45:00,2019,10,2,6,45,3,03015,route du Bourbonnais,46.656311,3.2075576,Crépuscule ou aube,En agglomération,Intersection en X,Pluie légère,Deux véhicules - côté,3,2,2,0,1,1,2,0,1,50,2,2,1,0,1,0,50.0,29.0,voiture,voiture,2,2,2,2,3
201900038804,2019-10-02 20:10:00,2019,10,2,20,10,66,66178,d900,42.52569,2.80614,Nuit sans éclairage public,Hors agglomération,Giratoire,Normale,Autre collision,3,2,2,0,2,3,1,0,1,80,1,1,0,0,1,0,62.0,,deux_roues,,3,1,6,1,6
201900038805,2019-09-24 08:00:00,2019,9,24,8,0,43,43185,D76,45.415744,3.296722,Crépuscule ou aube,Hors agglomération,Hors intersection,Temps couvert,Deux véhicules - frontale,3,2,2,0,1,2,2,0,1,80,2,2,0,0,1,1,22.0,49.0,voiture,voiture,2,1,1,8,1
201900038806,2019-10-02 21:00:00,2019,10,2,21,0,16,16347,Fontaine de lauriou,45.268838,0.159763,Nuit sans éclairage public,Hors agglomération,Hors intersection,Normale,Deux véhicules - frontale,3,2,2,0,2,2,1,0,1,80,2,4,1,0,3,0,69.0,65.0,voiture,voiture,3,1,1,1,1
201900038807,2019-10-02 14:25:00,2019,10,2,14,25,7,07349,Rue Ventadour,44.804259,4.780599,Plein jour,En agglomération,Intersection en T,Normale,Autre collision,4,2,2,0,1,1,1,0,1,50,1,2,1,0,0,1,72.0,,voiture,,1,2,3,1,6
201900038808,2019-10-02 21:20:00,2019,10,2,21,20,24,24324,route de Peyrignac,45.143614,1.197207,Nuit sans éclairage public,Hors agglomération,Hors intersection,Normale,Sans collision,4,2,2,0,2,3,1,0,1,80,1,1,0,0,1,0,47.0,,deux_roues,,3,1,1,1,7
201900038809,2019-09-25 10:50:00,2019,9,25,10,50,17,17299,Rue Jean-René Quoy,45.944921,-0.963338,Plein jour,En agglomération,Hors intersection,Pluie forte,Deux véhicules - frontale,4,2,2,0,1,1,2,0,1,50,2,2,1,0,0,1,16.0,55.0,deux_roues,voiture,1,2,1,3,1
201900038810,2019-10-02 19:45:00,2019,10,2,19,45,30,30062,D1,43.77511,4.198,Nuit sans éclairage public,Hors agglomération,Hors intersection,Normale,Trois véhicules et plus - collisions multiples,3,2,2,0,1,3,1,0,1,80,4,5,2,0,1,2,71.0,54.0,voiture,voiture,3,1,1,1,5
201900038811,2019-07-06 08:40:00,2019,7,6,8,40,987,98752,PK 52 - Route Territoriale 1,-17.722055,-149.404653,Plein jour,En agglomération,Hors intersection,Pluie légère,Trois véhicules et plus - collisions multiples,2,2,2,0,1,1,1,0,1,60,3,6,1,0,1,4,45.0,45.0,utilitaire_camion,utilitaire_camion,1,2,1,2,5
201900038812,2019-06-07 23:40:00,2019,6,7,23,40,987,98734,PK 41,-17.723379,-149.50573,Nuit avec éclairage allumé,Hors agglomération,Hors intersection,Normale,Sans collision,2,2,2,0,1,1,1,0,8,80,1,1,0,0,1,0,25.0,,deux_roues,,5,1,1,1,7
201900038813,2019-10-02 14:30:00,2019,10,2,14,30,13,13007,A520 PK002.940 sens AUBAGNE-AURIOL,43.3631937,5.6348997,Plein jour,Hors agglomération,Hors intersection,Normale,Deux véhicules - côté,1,2,3,0,1,1,1,7,1,50,2,3,2,0,1,0,39.0,52.0,utilitaire_camion,deux_roues,1,1,1,1,3
201900038814,2019-10-02 20:25:00,2019,10,2,20,25,37,37022,Rue de la Croix Danzay,47.192425,0.18311,Nuit avec éclairage allumé,En agglomération,Hors intersection,Normale,Deux véhicules - frontale,3,2,2,0,1,3,1,0,1,50,2,2,1,1,0,0,43.0,59.0,utilitaire_camion,voiture,5,2,1,1,1
201900038815,2019-10-02 16:00:00,2019,10,2,16,0,34,34272,Avenue de Lunel,43.663208,4.118692,Plein jour,Hors agglomération,Intersection en T,Normale,Deux véhicules - côté,3,2,2,1,1,1,1,0,1,80,2,2,1,0,1,0,53.0,80.0,deux_roues,voiture,1,1,3,1,3
201900038816,2019-10-03 10:00:00,2019,10,3,10,0,34,34327,Avenue de Nîmes,43.647747,3.954417,Plein jour,Hors agglomération,Intersection en T,Normale,Deux véhicules - côté,2,2,2,0,1,1,1,0,1,70,2,2,1,0,1,0,74.0,62.0,deux_roues,utilitaire_camion,1,1,3,1,3
201900038817,2019-09-27 19:05:00,2019,9,27,19,5,84,84067,place de la mairie,44.07594,5.00023,Plein jour,En agglomération,Hors intersection,Normale,Autre collision,6,-1,1,0,1,1,1,0,8,-1,1,2,1,0,1,0,72.0,,voiture,,1,2,1,1,6
201900038818,2019-09-30 18:15:00,2019,9,30,18,15,74,74082,Route d'Annemasse,46.147983,6.148926,Plein jour,Hors agglomération,Autre intersection,Normale,Deux véhicules - frontale,3,2,2,0,1,2,1,0,8,80,2,2,0,0,0,2,24.0,58.0,deux_roues,voiture,1,1,9,1,1