accident_id,datetime,annee,mois,jour,heure,minute,departement,commune_insee,adresse,latitude,longitude,luminosite,agglomeration,intersection,meteo,collision,catr,circ,nbv,vosp,prof,plan,surf,infra,situ,vma,nb_vehicules,nb_usagers,nb_indemnes,nb_tues,nb_blesses_hosp,nb_blesses_legers,age_cond_1,age_cond_2,veh_type_cond_1,veh_type_cond_2,lum_code,agg_code,int_code,atm_code,col_code
201900038819,2019-10-03 01:45:00,2019,10,3,1,45,26,26235,RD 59,44.367823,4.66232,Nuit sans éclairage public,Hors agglomération,Intersection en Y,Vent fort / tempête,Autre collision,3,2,2,0,1,3,1,5,1,80,1,1,0,0,1,0,19.0,,voiture,,3,1,4,6,6
201900038820,2019-10-02 09:30:00,2019,10,2,9,30,1,01336,Route de Bourbouillon,46.167441,5.159211,Plein jour,Hors agglomération,Hors intersection,Pluie légère,Deux véhicules - frontale,4,2,2,0,1,1,2,0,1,80,2,2,0,0,0,2,25.0,78.0,voiture,voiture,1,1,1,2,1
201900038821,2019-10-02 17:20:00,2019,10,2,17,20,69,69099,D489,45.72498,4.404713,Plein jour,Hors agglomération,Intersection en X,Normale,Deux véhicules - arrière,3,2,2,0,2,3,1,0,1,80,2,2,1,0,1,0,58.0,42.0,voiture,voiture,1,1,2,1,2
201900038822,2019-10-02 21:15:00,2019,10,2,21,15,60,60065,Rue du Général de Gaulle,49.349773,2.222907,Nuit avec éclairage allumé,En agglomération,Autre intersection,Normale,Deux véhicules - frontale,3,4,1,0,1,1,1,0,1,50,2,2,1,0,0,1,29.0,20.0,deux_roues,voiture,5,2,9,1,1
201900038823,2019-10-02 07:15:00,2019,10,2,7,15,69,69029,A43   0.550 A 3.353,45.72585,4.92023,Crépuscule ou aube,Hors agglomération,Hors intersection,Pluie légère,Deux véhicules - arrière,1,3,6,0,1,1,2,0,1,70,2,2,0,0,0,2,41.0,30.0,utilitaire_camion,voiture,2,1,1,2,2
201900038824,2019-10-02 19:00:00,2019,10,2,19,0,91,91377,BRETELLE A10 / RN20,48.72736,2.30033,Plein jour,Hors agglomération,Autre intersection,Normale,Sans collision,2,1,1,0,2,3,1,0,1,50,1,1,0,0,0,1,54.0,,deux_roues,,1,1,9,1,7
201900038825,2019-10-02 16:15:00,2019,10,2,16,15,91,91377,RN20,48.73028,2.30046,Plein jour,Hors agglomération,Hors intersection,Normale,Deux véhicules - côté,2,-1,4,0,1,1,1,5,1,50,2,2,1,0,0,1,31.0,62.0,utilitaire_camion,voiture,1,1,1,1,3
201900038826,2019-10-02 05:35:00,2019,10,2,5,35,91,91553,RN 104,48.6269,2.4761,Nuit sans éclairage public,Hors agglomération,Hors intersection,Pluie légère,Trois véhicules et plus - collisions multiples,2,3,8,0,2,1,2,0,1,110,4,5,1,0,0,4,54.0,41.0,utilitaire_camion,voiture,3,1,1,2,5
201900038827,2019-10-01 08:05:00,2019,10,1,8,5,91,91689,AUTOROUTE A6,48.7438,2.32297,Plein jour,Hors agglomération,Hors intersection,Temps couvert,Trois véhicules et plus - en chaîne,1,3,6,0,2,1,1,0,3,110,3,3,1,0,0,2,42.0,33.0,voiture,deux_roues,1,1,1,8,4
201900038828,2019-10-01 21:30:00,2019,10,1,21,30,92,92036,A86,48.9340953,2.2708282,Nuit sans éclairage public,Hors agglomération,Hors intersection,Pluie légère,Autre collision,1,1,2,0,1,1,2,0,1,90,1,4,3,0,0,1,31.0,,voiture,,3,1,1,2,6
201900038829,2019-10-01 18:45:00,2019,10,1,18,45,95,95488,AUTOROUTE A15,49.01857,2.14068,Plein jour,Hors agglomération,Hors intersection,Pluie légère,Deux véhicules - arrière,1,3,6,0,1,1,2,0,1,110,2,2,1,0,0,1,25.0,41.0,voiture,deux_roues,1,1,1,2,2
201900038830,2019-10-01 18:15:00,2019,10,1,18,15,93,93027,AUTOROUTE A86,48.92862,2.41493,Plein jour,Hors agglomération,Hors intersection,Pluie légère,Autre collision,1,3,6,0,4,2,2,0,1,70,1,1,0,0,0,1,20.0,,voiture,,1,1,1,2,6
201900038831,2019-10-01 12:05:00,2019,10,1,12,5,95,95527,AUTOROUTE A1,49.01872,2.53285,Plein jour,Hors agglomération,Hors intersection,Pluie légère,Trois véhicules et plus - en chaîne,1,3,8,0,1,1,2,1,1,90,3,3,2,0,0,1,56.0,46.0,voiture,voiture,1,1,1,2,4
201900038832,2019-10-01 08:25:00,2019,10,1,8,25,95,95306,AUTOROUTE A15,48.99548,2.18244,Plein jour,Hors agglomération,Hors intersection,Pluie légère,Deux véhicules - arrière,1,3,10,0,1,1,2,0,1,110,2,2,1,0,0,1,29.0,30.0,voiture,voiture,1,1,1,2,2
201900038833,2019-09-30 19:45:00,2019,9,30,19,45,95,95582,AUTOROUTE A15,48.96994,2.25003,Crépuscule ou aube,Hors agglomération,Hors intersection,Normale,Deux véhicules - arrière,1,3,8,0,1,1,1,0,1,110,2,2,1,0,0,1,34.0,21.0,voiture,voiture,2,1,1,1,2
201900038834,2019-10-02 06:30:00,2019,10,2,6,30,77,77122,RN104,48.6468894,2.5745081,Nuit sans éclairage public,Hors agglomération,Hors intersection,Pluie légère,Sans collision,2,1,3,0,3,3,2,0,1,90,1,1,0,0,0,1,30.0,,voiture,,3,1,1,2,7
201900038835,2019-10-01 21:10:00,2019,10,1,21,10,94,94073,A86 EXT,48.759433,2.383651,Nuit sans éclairage public,Hors agglomération,Hors intersection,Pluie légère,Sans collision,1,1,3,0,1,3,2,1,1,90,1,1,0,0,0,1,29.0,,deux_roues,,3,1,1,2,7
201900038836,2019-09-30 19:40:00,2019,9,30,19,40,95,95585,ESCOUVRIER (RUE DE L'),48.996245,2.389983,Crépuscule ou aube,En agglomération,Hors intersection,Normale,Deux véhicules - frontale,3,2,2,0,1,3,1,0,1,50,2,4,0,0,0,4,29.0,25.0,transport_commun,utilitaire_camion,2,2,1,1,1
201900038837,2019-09-30 17:10:00,2019,9,30,17,10,86,86194,TRAIT TABOULEAU (RUE DU),46.596,0.3354,Plein jour,En agglomération,Hors intersection,Normale,Deux véhicules - arrière,4,1,1,0,2,3,1,0,1,50,2,2,1,0,0,1,16.0,22.0,deux_roues,utilitaire_camion,1,2,1,1,2
201900038838,2019-04-11 17:30:00,2019,4,11,17,30,54,54395,CONCORDE (PONT DE LA),48.69063,6.20467,Plein jour,En agglomération,Hors intersection,Normale,Trois véhicules et plus - en chaîne,4,-1,3,0,1,1,1,0,1,70,3,3,2,0,0,1,71.0,85.0,voiture,voiture,1,2,1,1,4
201900038839,2019-04-13 16:20:00,2019,4,13,16,20,54,54578,LECLERC (AVENUE DU GENERAL),48.67725,6.15639,Plein jour,En agglomération,Intersection en X,Normale,Deux véhicules - frontale,4,-1,6,0,1,1,1,0,1,50,2,2,1,0,0,1,62.0,78.0,voiture,voiture,1,2,2,1,1
201900038840,2019-04-12 16:35:00,2019,4,12,16,35,54,54547,MIRECOURT (ROUTE DE),48.66807,6.19089,Plein jour,En agglomération,Hors intersection,Normale,Deux véhicules - arrière,4,1,3,0,1,1,1,0,1,50,2,2,1,0,0,1,33.0,33.0,voiture,voiture,1,2,1,1,2
201900038841,2019-04-10 17:37:00,2019,4,10,17,37,54,54184,BRIGACHTAL (AVENUE DE),48.70106,6.22494,Plein jour,En agglomération,Hors intersection,Normale,Deux véhicules - arrière,4,1,4,0,1,1,1,0,1,50,2,3,2,0,0,1,41.0,34.0,transport_commun,voiture,1,2,1,1,2
201900038842,2019-09-30 07:50:00,2019,9,30,7,50,49,49007,DOYENNE BOULEVARD ET PASSAGE,47.49081,-0.53249,Nuit avec éclairage allumé,En agglomération,Hors intersection,Pluie légère,Sans collision,4,2,4,0,1,1,2,0,1,50,1,1,0,0,0,1,19.0,,deux_roues,,5,2,1,2,7
201900038843,2019-10-01 07:10:00,2019,10,1,7,10,45,45234,FB BANNIER - R M DUBOIS,47.9228,1.8975,Nuit avec éclairage allumé,En agglomération,Intersection en T,Normale,Deux véhicules - côté,4,2,2,0,1,1,1,0,1,50,2,2,1,0,0,1,43.0,40.0,voiture,deux_roues,5,2,3,1,3
201900038844,2019-09-30 08:52:00,2019,9,30,8,52,45,45286,RUE DE LA CORNAILLERE,47.87038,1.93232,Plein jour,En agglomération,Intersection en X,Normale,Deux véhicules - côté,4,2,3,0,1,1,1,5,1,50,2,2,1,0,0,1,35.0,26.0,utilitaire_camion,utilitaire_camion,1,2,2,1,3
201900038845,2019-09-20 15:10:00,2019,9,20,15,10,33,33009,DUNES (ALL. DES),44.65572,-1.17566,Plein jour,En agglomération,Intersection en X,Normale,Deux véhicules - côté,4,2,2,0,1,1,1,0,1,30,2,2,1,0,0,1,67.0,52.0,voiture,deux_roues,1,2,2,1,3
201900038846,2019-10-01 07:50:00,2019,10,1,7,50,25,25056,FONTAINE ECU RUE DE,47.24968,6.01042,Plein jour,En agglomération,Hors intersection,Normale,Autre collision,4,2,2,0,2,1,1,0,2,50,1,1,0,0,1,0,,,,,1,2,1,1,6
201900038847,2019-09-30 17:25:00,2019,9,30,17,25,7,07102,Bd Dr Henri Jean Arnaud,44.93385,4.85911,Plein jour,En agglomération,Hors intersection,Normale,Autre collision,4,3,2,0,1,2,1,0,1,70,1,2,1,0,0,1,22.0,,deux_roues,,1,2,1,1,6
201900038848,2019-10-01 14:20:00,2019,10,1,14,20,94,94019,PLESSIS (RTE DU),48.80318,2.55115,Plein jour,En agglomération,Giratoire,Normale,Deux véhicules - côté,4,1,1,0,1,2,1,0,1,30,2,2,1,0,0,1,28.0,38.0,voiture,deux_roues,1,2,6,1,3
201900038849,2019-09-30 17:15:00,2019,9,30,17,15,94,94019,PONT (R DU),48.79509,2.52878,Plein jour,En agglomération,Hors intersection,Normale,Deux véhicules - arrière,4,2,2,0,2,2,1,0,1,50,2,2,1,0,0,1,31.0,16.0,voiture,deux_roues,1,2,1,1,2
201900038850,2019-08-08 14:00:00,2019,8,8,14,0,92,92004,HENRI POINCARE,48.932524,2.277485,Plein jour,En agglomération,Hors intersection,Normale,Deux véhicules - frontale,4,-1,2,0,1,1,1,0,1,50,2,2,1,0,0,1,33.0,31.0,deux_roues,voiture,1,2,1,1,1
201900038851,2019-09-29 22:30:00,2019,9,29,22,30,95,95277,AUTOROUTE A3,48.97334,2.48627,Nuit sans éclairage public,Hors agglomération,Hors intersection,Temps couvert,Autre collision,1,1,1,0,4,3,2,0,1,50,1,1,0,0,0,1,29.0,,voiture,,3,1,1,8,6
201900038852,2019-10-01 11:10:00,2019,10,1,11,10,974,97411,JAURES (BLD 1 JEAN),-20.9018,55.49817,Plein jour,En agglomération,Hors intersection,Normale,Deux véhicules - arrière,4,1,2,0,1,1,1,0,1,50,2,2,1,0,0,1,22.0,20.0,utilitaire_camion,voiture,1,2,1,1,2
201900038853,2019-10-01 08:10:00,2019,10,1,8,10,974,97411,CURE (DE LA),-20.8987,55.4801,Plein jour,En agglomération,Hors intersection,Normale,Autre collision,4,1,1,0,1,1,1,0,1,50,1,2,1,0,0,1,47.0,,voiture,,1,2,1,1,6
201900038854,2019-09-30 07:15:00,2019,9,30,7,15,974,97411,GAULLE (DU GENERAL DE),-20.88565,55.45413,Crépuscule ou aube,En agglomération,Intersection en X,Normale,Deux véhicules - côté,4,1,2,1,1,2,1,9,-1,30,2,2,1,0,0,1,61.0,17.0,voiture,deux_roues,2,2,2,1,3
201900038855,2019-10-01 15:20:00,2019,10,1,15,20,974,97409,Ravine creuse (chemin),-20.96611,55.66528,Plein jour,En agglomération,Hors intersection,Normale,Autre collision,4,2,0,0,1,1,1,0,1,50,1,2,1,0,1,0,33.0,,utilitaire_camion,,1,2,1,1,6
201900038856,2019-10-01 20:20:00,2019,10,1,20,20,69,69383,ALBERT THOMAS                       (CO),45.74697,4.86715,Nuit avec éclairage allumé,En agglomération,Intersection en X,Pluie forte,Deux véhicules - côté,4,2,4,1,1,1,2,0,1,50,2,2,1,0,0,1,31.0,20.0,voiture,deux_roues,5,2,2,3,3
201900038857,2019-10-01 18:10:00,2019,10,1,18,10,69,69387,FELIX BRUN                          (R ),45.73792,4.83213,Plein jour,En agglomération,Hors intersection,Pluie forte,Sans collision,4,2,2,0,1,1,2,8,1,50,1,2,1,0,0,1,21.0,,deux_roues,,1,2,1,3,7
201900038858,2019-10-01 10:10:00,2019,10,1,10,10,69,69259,HONORE DE BALZAC                    (R ),45.7177,4.85492,Plein jour,En agglomération,Hors intersection,Normale,Deux véhicules - côté,4,-1,2,0,1,1,1,0,1,50,2,3,2,0,0,1,63.0,32.0,voiture,voiture,1,2,1,1,3
201900038859,2019-09-30 11:40:00,2019,9,30,11,40,69,69383,FELIX FAURE                         (AV),45.75367,4.85925,Plein jour,En agglomération,Intersection en X,Normale,Deux véhicules - côté,4,2,3,3,1,1,1,0,1,50,2,3,1,0,0,2,51.0,25.0,deux_roues,deux_roues,1,2,2,1,3
201900038860,2019-09-30 20:00:00,2019,9,30,20,0,972,97209,ALLEGRE (BOULEVARD),14.60409,-61.07353,Nuit avec éclairage allumé,En agglomération,Intersection en T,Normale,Autre collision,2,1,1,0,1,1,1,0,1,50,1,2,1,0,0,1,29.0,,deux_roues,,5,2,3,1,6
201900038861,2019-09-27 12:25:00,2019,9,27,12,25,972,97209,AUTOROUTE (A1),14.61455,-61.0466,Plein jour,Hors agglomération,Hors intersection,Normale,Deux véhicules - arrière,1,3,6,0,2,1,1,0,1,90,2,2,0,0,1,1,52.0,41.0,deux_roues,deux_roues,1,1,1,1,2
201900038862,2019-10-01 15:15:00,2019,10,1,15,15,69,69384,CROIX-ROUSSE (GRANDE RUE DE LA)     (GR),45.776,4.8323,Plein jour,En agglomération,Hors intersection,Normale,Autre collision,7,1,1,0,1,1,1,0,1,50,1,2,1,0,0,1,54.0,,deux_roues,,1,2,1,1,6
201900038863,2019-10-01 09:27:00,2019,10,1,9,27,69,69142,STEPHANE DECHANT                    (R ),45.72138,4.81129,Plein jour,En agglomération,Hors intersection,Normale,Deux véhicules - arrière,4,2,3,3,1,1,1,0,1,50,2,2,1,0,0,1,55.0,35.0,deux_roues,transport_commun,1,2,1,1,2
201900038864,2019-10-01 21:35:00,2019,10,1,21,35,88,88413,RUE DES 3 VILLES,48.288,6.944,Nuit avec éclairage allumé,En agglomération,Intersection en X,Pluie légère,Trois véhicules et plus - collisions multiples,7,2,2,0,1,1,2,0,1,50,3,4,2,0,0,2,25.0,63.0,voiture,voiture,5,2,2,2,5
201900038865,2019-09-30 20:16:00,2019,9,30,20,16,87,87085,GOUJAUD (QUAI LOUIS),45.82953,1.26975,Nuit avec éclairage allumé,En agglomération,Hors intersection,Normale,Autre collision,2,3,4,0,1,1,1,0,1,50,1,2,1,0,0,1,38.0,,voiture,,5,2,1,1,6
201900038866,2019-09-30 20:55:00,2019,9,30,20,55,83,83061,D8,43.42651,6.71627,Nuit sans éclairage public,Hors agglomération,Hors intersection,Normale,Deux véhicules - côté,3,2,2,0,1,1,1,0,1,70,2,2,1,0,1,0,21.0,38.0,voiture,voiture,3,1,1,1,3
201900038867,2019-09-28 20:15:00,2019,9,28,20,15,78,78640,MORANE-SAULNIER (AVENUE),48.78192,2.20986,Crépuscule ou aube,En agglomération,Intersection en X,Normale,Deux véhicules - arrière,4,3,4,0,1,1,1,5,1,50,2,2,1,0,1,0,44.0,18.0,voiture,deux_roues,2,2,2,1,2
201900038868,2019-10-01 18:47:00,2019,10,1,18,47,78,78498,GRES COTE DES,48.90057,2.00251,Plein jour,Hors agglomération,Hors intersection,Pluie légère,Deux véhicules - côté,3,2,2,0,2,1,2,0,1,50,2,3,2,0,0,1,72.0,32.0,voiture,voiture,1,1,1,2,3
201900038869,2019-09-30 18:45:00,2019,9,30,18,45,74,74012,RESISTANCE (RUE DE LA),46.19665,6.26142,Plein jour,En agglomération,Hors intersection,Normale,Deux véhicules - arrière,4,2,2,0,1,1,1,0,1,50,2,2,1,0,0,1,20.0,58.0,voiture,voiture,1,2,1,1,2
201900038870,2019-09-30 18:01:00,2019,9,30,18,1,71,71153,LONGWY (RUE DE),46.80734,4.41116,Plein jour,En agglomération,Intersection en X,Normale,Deux véhicules - côté,4,2,2,0,1,1,1,0,1,50,2,2,1,0,0,1,19.0,29.0,voiture,deux_roues,1,2,2,1,3
201900038871,2019-10-01 08:45:00,2019,10,1,8,45,69,69266,CHATEAU GAILLARD     (Rue de),45.78033,4.88318,Plein jour,En agglomération,Intersection à plus de 4 branches,Normale,Autre collision,4,2,2,0,1,1,1,0,1,50,1,1,0,0,0,1,,,,,1,2,5,1,6
201900038872,2019-10-01 08:10:00,2019,10,1,8,10,69,69266,PAUL VERLAINE       (Rue),45.76601,4.8803,Plein jour,En agglomération,Hors intersection,Normale,Deux véhicules - côté,4,2,0,0,1,1,1,0,1,50,2,2,1,0,0,1,27.0,30.0,voiture,deux_roues,1,2,1,1,3
201900038873,2019-06-29 19:07:00,2019,6,29,19,7,69,69029,ROGER SALENGRO                      (R ),45.73,4.90832,Plein jour,En agglomération,Autre intersection,Normale,Autre collision,4,-1,2,0,1,1,1,0,1,50,1,1,0,0,1,0,20.0,,autre,,1,2,9,1,6
201900038874,2019-10-01 18:06:00,2019,10,1,18,6,69,69264,BARBUSSE HENRI  (boulvard),45.98139,4.71507,Plein jour,En agglomération,Hors intersection,Pluie légère,Deux véhicules - arrière,4,2,2,0,1,1,2,0,1,50,2,2,1,0,0,1,84.0,54.0,voiture,voiture,1,2,1,2,2
201900038875,2019-09-30 11:45:00,2019,9,30,11,45,67,67482,GENERAL DE GAULLE (ROUTE DU),48.597031,7.741252,Plein jour,En agglomération,Hors intersection,Temps couvert,Trois véhicules et plus - en chaîne,7,3,2,0,1,1,1,0,1,50,3,3,2,0,0,1,28.0,25.0,voiture,voiture,1,2,1,8,4
201900038876,2019-09-29 19:00:00,2019,9,29,19,0,67,67482,MARTIN SCHONGAUER (RUE),48.56671,7.72037,Nuit avec éclairage allumé,En agglomération,Hors intersection,Temps couvert,Deux véhicules - côté,4,2,2,0,1,1,1,4,1,50,2,2,1,0,0,1,22.0,23.0,deux_roues,voiture,5,2,1,8,3
201900038877,2019-10-01 18:20:00,2019,10,1,18,20,66,66136,general Guillot ,42.68894,2.89454,Plein jour,En agglomération,Hors intersection,Normale,Autre collision,4,2,1,0,1,1,1,0,1,50,1,2,1,0,0,1,29.0,,voiture,,1,2,1,1,6
201900038878,2019-09-29 12:15:00,2019,9,29,12,15,64,64122,ESPAGNE (RUE D'),43.47694,-1.56516,Plein jour,En agglomération,Hors intersection,Normale,Sans collision,4,2,2,0,1,1,1,0,1,30,1,1,0,0,1,0,69.0,,deux_roues,,1,2,1,1,7
201900038879,2019-09-18 17:30:00,2019,9,18,17,30,62,62217,AUCHEL (D'),50.501127,2.449565,Plein jour,En agglomération,Hors intersection,Normale,Deux véhicules - frontale,4,2,2,0,1,3,1,0,1,50,2,2,1,0,1,0,58.0,58.0,voiture,voiture,1,2,1,1,1
201900038880,2019-09-30 18:30:00,2019,9,30,18,30,60,60057,PONTOISE (RUE DE),49.4160276,2.0884754,Crépuscule ou aube,En agglomération,Hors intersection,Normale,Deux véhicules - côté,4,2,2,0,1,1,1,0,1,50,2,2,0,0,0,2,39.0,20.0,voiture,voiture,2,2,1,1,3
201900038881,2019-07-27 20:30:00,2019,7,27,20,30,59,59350,SOLFERINO RUE N°110 - 206,50.6318,3.0536,Crépuscule ou aube,En agglomération,Hors intersection,Pluie légère,Trois véhicules et plus - en chaîne,7,2,2,1,1,1,2,0,1,50,3,5,4,0,0,1,34.0,51.0,voiture,voiture,2,2,1,2,4
201900038882,2019-09-23 08:20:00,2019,9,23,8,20,59,59360,SEQUEDIN ROUTE DE,50.61495,3.00286,Plein jour,En agglomération,Autre intersection,Pluie légère,Deux véhicules - arrière,7,2,2,0,1,1,2,0,1,50,2,1,0,0,0,1,17.0,,deux_roues,,1,2,9,2,2
201900038883,2019-09-07 19:50:00,2019,9,7,19,50,59,59350,DORMOY MARX AVENUE,50.63398,3.03247,Crépuscule ou aube,En agglomération,Hors intersection,Normale,Autre collision,4,2,2,0,1,1,1,0,1,50,2,2,1,0,0,1,62.0,31.0,deux_roues,voiture,2,2,1,1,6
201900038884,2019-09-30 18:25:00,2019,9,30,18,25,56,56121,CHAZELLES ( COURS LOUIS  DE ),47.75485,-3.36332,Plein jour,En agglomération,Intersection en T,Pluie légère,Deux véhicules - côté,4,2,4,2,1,1,2,5,1,30,2,2,1,0,0,1,23.0,57.0,utilitaire_camion,deux_roues,1,2,3,2,3
201900038885,2019-09-30 07:15:00,2019,9,30,7,15,56,56098,Avenue du Gal STOSSKOPF,47.75036,-3.33842,Nuit avec éclairage allumé,En agglomération,Hors intersection,Normale,Deux véhicules - arrière,4,2,2,0,1,1,1,0,1,50,2,2,1,0,0,1,34.0,37.0,voiture,deux_roues,5,2,1,1,2
201900038886,2019-04-25 17:50:00,2019,4,25,17,50,54,54547,RD92A,48.65107,6.14568,Plein jour,En agglomération,Intersection en T,Pluie forte,Deux véhicules - arrière,3,-1,1,0,1,1,2,0,1,50,2,2,1,0,0,1,73.0,40.0,voiture,voiture,1,2,3,3,2
201900038887,2019-04-24 09:51:00,2019,4,24,9,51,54,54304,ARTOIS (IMPASSE D'),48.68062,6.1471,Plein jour,En agglomération,Hors intersection,Normale,Deux véhicules - arrière,4,-1,1,0,1,1,1,0,1,50,2,2,1,0,0,1,83.0,73.0,deux_roues,voiture,1,2,1,1,2
201900038888,2019-04-23 20:15:00,2019,4,23,20,15,54,54395,TIERCELINS (RUE DES),48.69116,6.19094,Plein jour,En agglomération,Intersection en T,Normale,Deux véhicules - côté,4,1,1,1,1,1,1,0,1,50,2,2,1,0,0,1,35.0,35.0,deux_roues,voiture,1,2,3,1,3
201900038889,2019-04-17 17:54:00,2019,4,17,17,54,54,54357,RD557,48.705593,6.168402,Plein jour,En agglomération,Hors intersection,Normale,Deux véhicules - côté,3,-1,1,0,1,1,1,0,1,50,2,3,2,0,0,1,72.0,58.0,voiture,voiture,1,2,1,1,3
201900038890,2019-09-30 16:45:00,2019,9,30,16,45,49,49378,ROCADE N 347,47.30457,-0.03615,Plein jour,Hors agglomération,Hors intersection,Normale,Deux véhicules - arrière,3,3,2,0,1,1,1,0,1,90,2,2,1,0,0,1,41.0,33.0,voiture,utilitaire_camion,1,1,1,1,2
201900038891,2019-09-30 08:54:00,2019,9,30,8,54,49,49007,PASTEUR AVENUE,47.47404,-0.53727,Plein jour,En agglomération,Hors intersection,Normale,Deux véhicules - côté,4,-1,2,1,1,1,1,0,1,50,2,3,2,0,0,1,75.0,36.0,voiture,voiture,1,2,1,1,3
201900038892,2019-10-01 18:45:00,2019,10,1,18,45,45,45302,970100-bretelle de sortie,47.94892,1.86178,Plein jour,Hors agglomération,Hors intersection,Normale,Deux véhicules - arrière,3,1,1,0,1,3,1,3,1,90,2,2,1,0,0,1,35.0,29.0,voiture,voiture,1,1,1,1,2
201900038893,2019-10-01 08:10:00,2019,10,1,8,10,44,44143,AVENUE MARIE CLAUDE VAILLANT COUTURIER,47.177377,-1.553069,Plein jour,En agglomération,Hors intersection,Pluie forte,Autre collision,4,2,0,0,1,1,2,0,1,50,1,2,1,0,0,1,21.0,,voiture,,1,2,1,3,6
201900038894,2019-10-01 18:36:00,2019,10,1,18,36,37,37261,LECLERC (PLACE DU MARECHAL),47.3901582,0.6928715,Plein jour,En agglomération,Hors intersection,Pluie légère,Autre collision,4,1,1,3,1,1,2,0,1,30,2,2,1,0,1,0,39.0,66.0,utilitaire_camion,deux_roues,1,2,1,2,6
201900038895,2019-10-01 16:50:00,2019,10,1,16,50,37,37122,VERDUN (RUE DE),47.33962,0.66451,Plein jour,En agglomération,Hors intersection,Pluie légère,Deux véhicules - côté,4,2,2,0,1,1,2,0,1,50,2,2,0,0,0,2,67.0,28.0,voiture,voiture,1,2,1,2,3
201900038896,2019-10-01 16:40:00,2019,10,1,16,40,37,37261,MONNET (BOULEVARD),47.37573,0.67139,Plein jour,En agglomération,Hors intersection,Normale,Autre collision,4,2,2,1,2,3,1,0,1,50,2,2,1,0,0,1,19.0,20.0,deux_roues,deux_roues,1,2,1,1,6
201900038897,2019-10-01 17:10:00,2019,10,1,17,10,35,35238,NANTES (DE),48.09778,-1.68874,Plein jour,En agglomération,Hors intersection,Normale,Deux véhicules - côté,4,1,2,1,2,1,1,0,1,50,2,2,1,0,0,1,12.0,40.0,deux_roues,voiture,1,2,1,1,3
201900038898,2019-09-30 12:45:00,2019,9,30,12,45,35,35238,FOUGERES (RUE DE),48.1197,-1.66643,Plein jour,En agglomération,Hors intersection,Normale,Trois véhicules et plus - collisions multiples,4,2,0,0,1,1,1,0,1,50,3,3,2,0,0,1,21.0,73.0,deux_roues,voiture,1,2,1,1,5
201900038899,2019-09-30 17:30:00,2019,9,30,17,30,35,35115,SAINT GERMAIN (BOULEVARD DE),48.36238,-1.20971,Plein jour,En agglomération,Giratoire,Temps couvert,Deux véhicules - côté,3,1,2,0,1,2,1,0,1,50,2,2,1,0,1,0,61.0,54.0,deux_roues,voiture,1,2,6,8,3
201900038900,2019-09-29 17:00:00,2019,9,29,17,0,33,33063,R. Brun / Crs de la Somme,44.817015,-0.572219,Plein jour,En agglomération,Intersection en T,Pluie légère,Deux véhicules - arrière,4,1,2,0,1,1,2,0,1,50,2,1,0,0,0,1,17.0,,deux_roues,,1,2,3,2,2
201900038901,2019-09-30 08:39:00,2019,9,30,8,39,33,33522,AVE DE THOUARS - Autobus ligne 8- Piétonne traverse des N° impairs vers pairs sans regarder concentrée sur son smartphone,44.79606,-0.59236,Plein jour,En agglomération,Intersection en T,Normale,Autre collision,4,2,4,2,1,1,1,0,1,50,1,2,1,0,0,1,24.0,,transport_commun,,1,2,3,1,6
201900038902,2019-09-27 07:45:00,2019,9,27,7,45,33,33529,GRAILLY (RUE JEAN DE) DU 31 ET +,44.6267,-1.1415,Crépuscule ou aube,En agglomération,Giratoire,Normale,Deux véhicules - côté,3,1,1,-1,1,2,1,5,1,-1,2,2,1,0,0,1,59.0,31.0,deux_roues,utilitaire_camion,2,2,6,1,3
201900038903,2019-10-01 10:22:00,2019,10,1,10,22,31,31555,AV DE LESPINET,43.58676,1.46281,Plein jour,En agglomération,Hors intersection,Normale,Autre collision,4,1,1,0,1,1,1,0,1,50,1,2,1,0,1,0,53.0,,voiture,,1,2,1,1,6
201900038904,2019-09-28 05:00:00,2019,9,28,5,0,31,31555,AV DES ETATS UNIS,43.6531,1.42422,Nuit avec éclairage allumé,En agglomération,Hors intersection,Normale,Autre collision,4,3,2,0,1,1,1,0,1,50,1,2,1,1,0,0,62.0,,voiture,,5,2,1,1,6
201900038905,2019-10-01 07:25:00,2019,10,1,7,25,30,30189,PUCCINI (RUE),43.8238,4.3388,Plein jour,En agglomération,Intersection en X,Normale,Deux véhicules - côté,4,2,2,0,1,1,1,0,1,50,2,2,1,0,0,1,26.0,43.0,voiture,deux_roues,1,2,2,1,3
201900038906,2019-10-01 13:45:00,2019,10,1,13,45,29,29051,CORAY ROUTE DE,48.0049015,-4.0328378,Plein jour,Hors agglomération,Intersection en X,Normale,Deux véhicules - côté,3,2,2,0,4,1,1,0,1,80,2,2,0,0,0,2,51.0,69.0,voiture,voiture,1,1,2,1,3
201900038907,2019-10-01 07:35:00,2019,10,1,7,35,29,29019,ECOLE NAVALE  (DE 1 A 103 ET 2 A 82),48.37729,-4.52661,Nuit avec éclairage allumé,En agglomération,Hors intersection,Pluie légère,Deux véhicules - côté,4,2,2,0,2,1,2,0,1,50,2,2,1,0,0,1,41.0,34.0,voiture,deux_roues,5,2,1,2,3