accident_id,datetime,annee,mois,jour,heure,minute,departement,commune_insee,adresse,latitude,longitude,luminosite,agglomeration,intersection,meteo,collision,catr,circ,nbv,vosp,prof,plan,surf,infra,situ,vma,nb_vehicules,nb_usagers,nb_indemnes,nb_tues,nb_blesses_hosp,nb_blesses_legers,age_cond_1,age_cond_2,veh_type_cond_1,veh_type_cond_2,lum_code,agg_code,int_code,atm_code,col_code
201900039000,2019-01-20 03:30:00,2019,1,20,3,30,61,61042,LD la Courougère,48.422176,0.766393,Nuit sans éclairage public,En agglomération,Hors intersection,Normale,Autre collision,3,2,2,0,2,1,1,8,1,50,1,3,0,0,3,0,22.0,,voiture,,3,2,1,1,6
201900039001,2019-01-16 16:25:00,2019,1,16,16,25,55,55502,rond-point de la bécasse,49.48926,5.184252,Plein jour,En agglomération,Giratoire,Temps couvert,Sans collision,3,2,2,0,1,2,1,0,1,50,1,1,0,0,1,0,51.0,,deux_roues,,1,2,6,8,7
201900039002,2019-01-18 13:55:00,2019,1,18,13,55,49,49330,Lieu Dit BEAU SOLEIL,47.631373,-0.626268,Plein jour,Hors agglomération,Intersection en X,Normale,Autre collision,3,2,2,0,1,1,1,5,1,80,1,1,0,0,1,0,31.0,,deux_roues,,1,1,2,1,6
201900039003,2019-01-20 15:10:00,2019,1,20,15,10,49,49215,Route Départementale 347 - PR 08+094,47.146343,-0.151323,Plein jour,Hors agglomération,Intersection en X,Normale,Autre collision,3,2,2,0,1,1,2,0,1,80,3,3,2,1,0,0,48.0,34.0,voiture,utilitaire_camion,1,1,2,1,6
201900039004,2019-01-18 07:40:00,2019,1,18,7,40,49,49125,lieu-dit la lune de vaillé,47.16161,-0.39784,Crépuscule ou aube,Hors agglomération,Hors intersection,Normale,Deux véhicules - frontale,3,2,2,0,1,1,1,0,1,80,2,2,1,0,1,0,19.0,69.0,voiture,voiture,2,1,1,1,1
201900039005,2019-01-17 14:05:00,2019,1,17,14,5,46,46029,Avenue de la République,44.931913,1.848731,Plein jour,En agglomération,Intersection en X,Pluie légère,Deux véhicules - côté,3,2,2,0,1,1,2,5,1,50,2,2,1,0,1,0,88.0,84.0,deux_roues,voiture,1,2,2,2,3
201900039006,2019-01-19 16:07:00,2019,1,19,16,7,34,34284,Route de Narbonne - RD907 PR35,43.468498,2.765834,Plein jour,Hors agglomération,Hors intersection,Normale,Autre collision,3,2,2,0,2,3,1,0,1,80,1,1,0,0,1,0,23.0,,deux_roues,,1,1,1,1,6
201900039007,2019-01-19 17:15:00,2019,1,19,17,15,34,34224,route des muriers,43.452826,3.233775,Plein jour,En agglomération,Intersection à plus de 4 branches,Normale,Deux véhicules - côté,3,2,2,0,1,2,1,9,1,50,2,2,1,1,0,0,60.0,27.0,voiture,deux_roues,1,2,5,1,3
201900039008,2019-01-20 00:35:00,2019,1,20,0,35,68,68062,D419 PK 16+300,47.629238,7.21147,Nuit sans éclairage public,Hors agglomération,Hors intersection,Normale,Deux véhicules - côté,3,2,2,0,1,1,1,0,1,80,2,7,5,0,2,0,21.0,20.0,voiture,voiture,3,1,1,1,3
201900039009,2019-01-20 21:40:00,2019,1,20,21,40,68,68134,D83,48.027947,7.313541,Nuit sans éclairage public,Hors agglomération,Hors intersection,Autre,Autre collision,3,3,4,0,2,2,1,0,1,80,1,1,0,0,0,1,27.0,,voiture,,3,1,1,9,6
201900039010,2019-01-29 16:45:00,2019,1,29,16,45,22,22219,Catémoin,48.2790052,-2.6922365,Plein jour,Hors agglomération,Autre intersection,Normale,Deux véhicules - côté,3,2,2,0,2,3,1,0,1,80,2,2,1,0,1,0,29.0,71.0,utilitaire_camion,voiture,1,1,9,1,3
201900039011,2019-01-17 11:50:00,2019,1,17,11,50,39,39475,,46.43746,5.342827,Plein jour,En agglomération,Hors intersection,Normale,Autre collision,4,2,2,0,1,1,1,0,1,50,1,2,1,0,1,0,28.0,,voiture,,1,2,1,1,6
201900039012,2019-01-18 17:40:00,2019,1,18,17,40,44,44072,rue du four - lieu-dit Langatre,47.4607,-2.27908,Crépuscule ou aube,Hors agglomération,Hors intersection,Temps couvert,Sans collision,4,2,2,0,1,1,1,0,3,80,1,1,0,1,0,0,27.0,,deux_roues,,2,1,1,8,7
201900039013,2019-01-19 18:10:00,2019,1,19,18,10,44,44043,rue docteur boutin,47.092576,-1.280901,Nuit avec éclairage non allumé,En agglomération,Intersection en Y,Normale,Deux véhicules - côté,3,2,2,0,1,1,1,5,1,50,2,4,3,0,1,0,16.0,53.0,deux_roues,voiture,4,2,4,1,3
201900039014,2019-01-19 18:40:00,2019,1,19,18,40,44,44028,La Robinière,47.33365,-1.365617,Nuit sans éclairage public,Hors agglomération,Hors intersection,Normale,Deux véhicules - côté,3,2,3,0,3,3,2,0,1,80,2,7,1,1,0,5,54.0,44.0,voiture,voiture,3,1,1,1,3
201900039015,2019-01-17 22:20:00,2019,1,17,22,20,35,35006,lieu dit le bois de cherbault,48.03584,-1.20107,Nuit sans éclairage public,Hors agglomération,Hors intersection,Normale,Autre collision,3,2,2,0,1,1,1,0,8,80,1,1,0,1,0,0,23.0,,voiture,,3,1,1,1,6
201900039016,2019-01-19 11:30:00,2019,1,19,11,30,29,29061,rue du pont d'argent,48.454531,-4.464859,Plein jour,En agglomération,Intersection en T,Normale,Deux véhicules - côté,4,2,2,0,1,1,1,0,1,50,2,2,1,0,1,0,59.0,72.0,voiture,deux_roues,1,2,3,1,3
201900039017,2019-01-18 18:00:00,2019,1,18,18,0,29,29218,lieu-dit Lochrist,48.0528278,-4.4674407,Nuit sans éclairage public,Hors agglomération,Intersection en T,Temps couvert,Sans collision,4,2,2,0,4,1,2,0,8,80,1,1,0,0,1,0,25.0,,voiture,,3,1,3,8,7
201900039018,2019-01-17 16:30:00,2019,1,17,16,30,38,38463,d 71K,45.180066,5.317143,Plein jour,Hors agglomération,Hors intersection,Temps couvert,Autre collision,3,2,2,0,2,2,2,0,1,80,1,1,0,0,1,0,23.0,,deux_roues,,1,1,1,8,6
201900039019,2019-01-17 19:45:00,2019,1,17,19,45,38,38334,Route de Revel,45.187755,5.864843,Nuit sans éclairage public,Hors agglomération,Hors intersection,Pluie légère,Trois véhicules et plus - collisions multiples,3,2,2,0,2,3,2,0,1,80,3,4,0,0,1,3,53.0,52.0,voiture,voiture,3,1,1,2,5
201900039020,2019-01-19 08:45:00,2019,1,19,8,45,2,02468,d946 PK 40+900,49.728938,3.796526,Plein jour,Hors agglomération,Hors intersection,Normale,Deux véhicules - frontale,3,2,2,0,2,1,1,0,1,70,2,2,1,1,0,0,50.0,91.0,utilitaire_camion,voiture,1,1,1,1,1
201900039021,2019-01-19 16:20:00,2019,1,19,16,20,3,03022,La Charrière,46.1975831,3.061871,Plein jour,Hors agglomération,Hors intersection,Pluie légère,Sans collision,3,2,2,0,2,2,2,0,8,80,1,2,0,0,2,0,35.0,,voiture,,1,1,1,2,7
201900039022,2019-01-17 07:30:00,2019,1,17,7,30,3,03093,,46.189687,3.4520144,Nuit sans éclairage public,Hors agglomération,Intersection en T,Pluie légère,Deux véhicules - frontale,2,2,3,0,1,1,2,0,1,80,2,2,1,0,1,0,15.0,35.0,deux_roues,voiture,3,1,3,2,1
201900039023,2019-01-18 15:50:00,2019,1,18,15,50,3,03314,7 route de Néris,46.267387,2.6403257,Plein jour,En agglomération,Intersection en T,Normale,Deux véhicules - arrière,3,2,2,0,1,3,1,5,1,50,2,2,1,0,0,1,20.0,55.0,voiture,voiture,1,2,3,1,2
201900039024,2019-01-18 18:25:00,2019,1,18,18,25,70,70157,d4,47.671079,6.627293,Nuit sans éclairage public,Hors agglomération,Hors intersection,Normale,Autre collision,3,2,2,0,2,1,2,0,3,50,1,1,0,0,1,0,44.0,,voiture,,3,1,1,1,6
201900039025,2019-01-19 14:50:00,2019,1,19,14,50,26,26330,220 route des bois,45.277149,4.980491,Plein jour,Hors agglomération,Hors intersection,Normale,Autre collision,4,2,2,0,2,3,1,0,8,80,1,1,0,1,0,0,80.0,,utilitaire_camion,,1,1,1,1,6
201900039026,2019-01-18 11:30:00,2019,1,18,11,30,66,66003,13 avenue beausoleil,42.477947,2.673732,Plein jour,En agglomération,Hors intersection,Normale,Deux véhicules - frontale,3,2,2,0,1,1,1,0,1,50,2,3,2,0,0,1,32.0,65.0,voiture,voiture,1,2,1,1,1
201900039027,2019-01-17 11:40:00,2019,1,17,11,40,72,72138,rue de l'abbé lelièvre,48.285322,0.023068,Plein jour,En agglomération,Hors intersection,Temps couvert,Sans collision,6,-1,-1,0,1,1,2,9,1,20,1,2,1,0,1,0,73.0,,voiture,,1,2,1,8,7
201900039028,2019-01-19 11:15:00,2019,1,19,11,15,72,72316,"D2, Le magasin",48.322801,0.390553,Plein jour,Hors agglomération,Hors intersection,Pluie légère,Sans collision,3,2,2,0,1,1,2,0,3,80,1,1,0,0,0,1,48.0,,deux_roues,,1,1,1,2,7
201900039029,2019-01-18 09:17:00,2019,1,18,9,17,14,14203,,49.234348,-0.062248,Plein jour,Hors agglomération,Hors intersection,Normale,Autre collision,3,3,2,-1,2,1,1,8,1,50,3,3,2,0,0,1,53.0,49.0,utilitaire_camion,utilitaire_camion,1,1,1,1,6
201900039030,2019-01-18 19:05:00,2019,1,18,19,5,50,50109,CD 35,48.91124,-1.438493,Nuit sans éclairage public,Hors agglomération,Hors intersection,Pluie légère,Deux véhicules - frontale,3,2,2,0,1,1,1,0,1,80,2,3,2,1,0,0,57.0,29.0,voiture,voiture,3,1,1,2,1
201900039031,2019-01-17 20:10:00,2019,1,17,20,10,50,50270,Chemin départemental 2 - Lieu-dit Les Fontaines,49.485069,-1.470741,Nuit sans éclairage public,Hors agglomération,Hors intersection,Normale,Deux véhicules - arrière,3,2,2,0,1,1,1,0,1,80,2,2,1,1,0,0,92.0,48.0,voiture,voiture,3,1,1,1,2
201900039032,2019-01-21 07:00:00,2019,1,21,7,0,64,64546,"D123, ",43.482788,-1.284996,Crépuscule ou aube,Hors agglomération,Hors intersection,Temps couvert,Autre collision,3,2,2,0,2,1,2,0,1,80,3,4,3,0,1,0,31.0,55.0,voiture,voiture,2,1,1,8,6
201900039033,2019-01-19 08:30:00,2019,1,19,8,30,18,18140,A 20 PK 15+240,47.137198,1.958392,Plein jour,Hors agglomération,Hors intersection,Autre,Trois véhicules et plus - en chaîne,1,3,4,3,1,1,7,0,2,130,3,9,4,0,0,5,24.0,46.0,voiture,voiture,1,1,1,9,4
201900039034,2019-01-16 18:30:00,2019,1,16,18,30,43,43229,Intersection RD 590 et RD 112 - Lieu dit Grazac,45.0577033,3.7911774,Nuit avec éclairage allumé,Hors agglomération,Intersection en X,Normale,Deux véhicules - côté,3,2,2,0,1,1,1,5,1,80,2,3,0,0,1,2,53.0,31.0,voiture,voiture,5,1,2,1,3
201900039035,2019-01-18 12:40:00,2019,1,18,12,40,10,10034,rd 443,48.122561,4.382684,Plein jour,Hors agglomération,Intersection en Y,Temps couvert,Deux véhicules - frontale,3,2,2,0,4,3,1,0,1,80,2,2,1,0,1,0,46.0,42.0,utilitaire_camion,voiture,1,1,4,8,1
201900039036,2019-01-08 01:29:00,2019,1,8,1,29,16,16002,Les Adjots,46.065794,0.199361,Nuit sans éclairage public,Hors agglomération,Hors intersection,Normale,Autre collision,2,3,4,0,1,3,1,0,2,110,1,1,0,0,1,0,52.0,,utilitaire_camion,,3,1,1,1,6
201900039037,2019-01-17 09:55:00,2019,1,17,9,55,16,16260,Chez James,45.3113641,0.2032844,Plein jour,Hors agglomération,Hors intersection,Normale,Deux véhicules - frontale,3,2,2,0,2,2,2,0,1,80,2,2,1,0,1,0,22.0,21.0,voiture,utilitaire_camion,1,1,1,1,1
201900039038,2019-01-18 22:50:00,2019,1,18,22,50,7,07010,rue saint prix barou,45.243085,4.66518,Nuit avec éclairage allumé,En agglomération,Place,Normale,Deux véhicules - arrière,4,2,2,0,1,1,1,0,1,50,2,2,1,0,0,1,24.0,26.0,voiture,voiture,5,2,7,1,2
201900039039,2019-01-19 21:55:00,2019,1,19,21,55,7,07288,RD 507,44.717615,4.568117,Nuit sans éclairage public,Hors agglomération,Hors intersection,Normale,Deux véhicules - frontale,3,2,2,0,2,3,1,0,1,70,2,2,0,0,1,1,43.0,20.0,voiture,voiture,3,1,1,1,1
201900039040,2019-01-19 06:45:00,2019,1,19,6,45,21,21435,RD971,47.880815,4.565209,Nuit sans éclairage public,Hors agglomération,Hors intersection,Normale,Autre collision,3,2,2,0,1,1,1,0,3,80,1,6,3,1,0,2,20.0,,voiture,,3,1,1,1,6
201900039041,2019-01-18 21:30:00,2019,1,18,21,30,24,24304,la verdale,45.4066,0.94118,Nuit sans éclairage public,Hors agglomération,Hors intersection,Normale,Deux véhicules - arrière,3,2,2,0,1,1,1,0,1,-1,2,2,1,1,0,0,40.0,20.0,utilitaire_camion,deux_roues,3,1,1,1,2
201900039042,2019-01-17 16:55:00,2019,1,17,16,55,85,85179,La Petite Bataillère,46.47875,-1.53856,Plein jour,Hors agglomération,Hors intersection,Normale,Trois véhicules et plus - en chaîne,3,2,2,0,1,1,1,0,8,80,3,3,0,1,0,2,80.0,81.0,deux_roues,deux_roues,1,1,1,1,4
201900039043,2019-01-20 15:30:00,2019,1,20,15,30,27,27218,D27,49.27413,0.44194,Plein jour,Hors agglomération,Hors intersection,Normale,Autre collision,3,2,2,3,1,1,1,9,6,80,1,1,0,0,1,0,76.0,,voiture,,1,1,1,1,6
201900039044,2019-01-14 12:30:00,2019,1,14,12,30,27,27057,D613,49.075885,1.005197,Plein jour,Hors agglomération,Intersection en X,Temps couvert,Deux véhicules - côté,3,2,2,0,1,1,1,5,1,80,2,2,0,0,2,0,49.0,44.0,voiture,voiture,1,1,2,8,3
201900039045,2019-01-14 07:45:00,2019,1,14,7,45,27,27214,D153,49.31203,1.44305,Nuit sans éclairage public,Hors agglomération,Hors intersection,Normale,Autre collision,3,2,2,0,1,1,1,0,1,-1,2,2,1,0,1,0,35.0,17.0,voiture,deux_roues,3,1,1,1,6
201900039046,2019-01-21 15:50:00,2019,1,21,15,50,28,28032,D114.12 - D336,48.299756,1.635823,Plein jour,Hors agglomération,Intersection en X,Normale,Deux véhicules - côté,3,-1,2,0,1,1,1,5,1,80,2,2,0,0,1,1,60.0,26.0,voiture,voiture,1,1,2,1,3
201900039047,2019-01-18 20:50:00,2019,1,18,20,50,28,28140,D28,48.581545,1.67791,Nuit sans éclairage public,Hors agglomération,Hors intersection,Autre,Deux véhicules - frontale,3,2,2,0,3,3,7,0,1,70,2,7,0,0,5,2,44.0,21.0,voiture,voiture,3,1,1,9,1
201900039048,2019-01-17 19:00:00,2019,1,17,19,0,17,17218,RD 137,46.332602,-0.996516,Nuit sans éclairage public,Hors agglomération,Intersection en T,Normale,Deux véhicules - côté,3,2,2,0,1,1,1,0,1,80,2,2,1,0,1,0,65.0,39.0,voiture,deux_roues,3,1,3,1,3
201900039049,2019-01-16 13:30:00,2019,1,16,13,30,30,30012,D2,43.9238894,4.7341162,Plein jour,Hors agglomération,Hors intersection,Normale,Autre collision,3,2,2,0,1,1,1,0,3,80,1,1,0,0,1,0,81.0,,voiture,,1,1,1,1,6
201900039050,2019-01-16 16:00:00,2019,1,16,16,0,987,98734,"PK 29.800, RT01",-17.721252,-149.496638,Plein jour,Hors agglomération,Intersection en T,Normale,Deux véhicules - arrière,2,2,2,0,1,1,1,0,1,60,2,3,2,0,1,0,43.0,36.0,voiture,deux_roues,1,1,3,1,2
201900039051,2019-01-18 19:43:00,2019,1,18,19,43,95,95394,Route de pontoise,49.059355,2.165605,Nuit avec éclairage allumé,En agglomération,Hors intersection,Autre,Autre collision,3,2,2,0,1,1,7,0,1,50,1,2,1,0,1,0,65.0,,voiture,,5,2,1,9,6
201900039052,2019-01-18 08:10:00,2019,1,18,8,10,95,95394,31-39 route de pontoise,49.059585,2.16643,Crépuscule ou aube,En agglomération,Hors intersection,Autre,Deux véhicules - arrière,3,2,2,0,1,1,7,0,1,50,2,2,0,0,0,2,23.0,45.0,voiture,voiture,2,2,1,9,2
201900039053,2019-01-18 11:45:00,2019,1,18,11,45,31,31483,"Autoroute A64, PK 201+300, sens Toulouse Bayonne",43.124574,0.725037,Plein jour,Hors agglomération,Hors intersection,Normale,Deux véhicules - arrière,1,1,4,0,1,2,1,0,1,130,2,2,1,0,1,0,56.0,81.0,utilitaire_camion,voiture,1,1,1,1,2
201900039054,2019-01-16 07:30:00,2019,1,16,7,30,31,31433,Bretelle d'accès A64 / D820 sens FOIX - TOULOUSE,43.53229,1.388641,Crépuscule ou aube,En agglomération,Hors intersection,Normale,Deux véhicules - côté,1,1,2,0,1,2,1,0,1,90,2,2,1,0,0,1,59.0,44.0,deux_roues,voiture,2,2,1,1,3
201900039055,2019-01-21 11:00:00,2019,1,21,11,0,77,77480,Autoroute A5 Troyes Paris,48.447173,2.901964,Plein jour,Hors agglomération,Hors intersection,Normale,Deux véhicules - arrière,1,3,5,0,2,1,2,0,1,130,2,2,1,0,0,1,51.0,32.0,utilitaire_camion,utilitaire_camion,1,1,1,1,2
201900039056,2019-01-15 17:55:00,2019,1,15,17,55,13,13051,Avenue du maréchal Leclerc,43.594375,5.127533,Nuit avec éclairage allumé,En agglomération,Hors intersection,Normale,Autre collision,3,-1,2,0,2,1,1,0,1,30,1,2,1,0,1,0,23.0,,voiture,,5,2,1,1,6
201900039057,2019-01-18 05:35:00,2019,1,18,5,35,1,01306,RD933,46.262576,4.886801,Nuit avec éclairage allumé,En agglomération,Giratoire,Pluie légère,Deux véhicules - côté,3,2,2,0,1,1,2,5,1,30,2,4,2,0,0,2,59.0,38.0,utilitaire_camion,voiture,5,2,6,2,3
201900039058,2019-01-17 07:14:00,2019,1,17,7,14,973,97309,RD24,4.8910864,-52.2884846,Plein jour,En agglomération,Intersection en T,Normale,Deux véhicules - côté,2,2,2,0,1,1,1,0,1,70,2,2,1,0,0,1,42.0,48.0,voiture,deux_roues,1,2,3,1,3
201900039059,2019-01-16 08:42:00,2019,1,16,8,42,74,74268,Avenue Champ Fleuri,45.888437,6.10035,Plein jour,En agglomération,Giratoire,Normale,Autre collision,4,2,2,3,1,1,1,6,6,30,1,2,1,0,1,0,39.0,,voiture,,1,2,6,1,6
201900039060,2019-01-18 14:30:00,2019,1,18,14,30,67,67115,"A35 PR 434.500, en direction de STRASBOURG",48.3188685,7.4845686,Plein jour,Hors agglomération,Hors intersection,Normale,Sans collision,1,3,4,0,1,1,1,3,2,110,1,1,0,1,0,0,79.0,,voiture,,1,1,1,1,7
201900039061,2019-01-19 15:10:00,2019,1,19,15,10,44,44003,PK 314.000 - Sens Nantes/Angers,47.4043437,-1.180725,Plein jour,Hors agglomération,Hors intersection,Neige / grêle,Deux véhicules - arrière,1,3,4,0,1,1,9,0,2,130,2,3,2,0,1,0,52.0,,voiture,,1,1,1,4,2
201900039062,2019-01-20 18:15:00,2019,1,20,18,15,38,38253,"Entre le virage 4 et 5, pk 5.8",45.030853,6.121731,Nuit sans éclairage public,Hors agglomération,Hors intersection,Normale,Deux véhicules - frontale,3,2,2,0,2,3,7,0,1,80,2,2,1,0,1,0,52.0,20.0,voiture,voiture,3,1,1,1,1
201900039063,2019-01-21 11:35:00,2019,1,21,11,35,63,63164,Bretelle A71 A89 Paris-Lyon,45.805481,3.158097,Plein jour,Hors agglomération,Hors intersection,Pluie légère,Deux véhicules - arrière,1,1,2,0,1,2,2,3,2,90,2,2,1,0,1,0,58.0,25.0,voiture,utilitaire_camion,1,1,1,2,2
201900039064,2019-01-20 16:23:00,2019,1,20,16,23,18,18212,A71 PK 229.100,46.8907961,2.4183893,Plein jour,Hors agglomération,Hors intersection,Pluie légère,Autre collision,1,3,4,0,1,2,2,0,1,130,1,4,1,0,0,3,33.0,,voiture,,1,1,1,2,6
201900039065,2019-01-19 09:03:00,2019,1,19,9,3,18,18141,A71 PK197,47.13782,2.18703,Plein jour,Hors agglomération,Hors intersection,Autre,Autre collision,1,3,4,3,1,1,7,0,3,130,1,1,0,0,1,0,23.0,,voiture,,1,1,1,9,6
201900039066,2019-01-18 14:35:00,2019,1,18,14,35,53,53116,Route nationale 12 PK 026+230,48.361785,-0.448002,Plein jour,Hors agglomération,Hors intersection,Normale,Deux véhicules - frontale,2,2,2,0,1,1,1,0,1,80,2,3,1,1,0,1,53.0,47.0,utilitaire_camion,utilitaire_camion,1,1,1,1,1
201900039067,2019-01-19 12:10:00,2019,1,19,12,10,976,97603,RN3 Sakouli,-12.891194,45.209032,Plein jour,Hors agglomération,Hors intersection,Normale,Trois véhicules et plus - collisions multiples,2,2,2,0,2,1,1,0,1,70,3,4,2,0,1,1,46.0,23.0,voiture,voiture,1,1,1,1,5
201900039068,2019-01-19 08:34:00,2019,1,19,8,34,28,28051,RD.28.1,48.19442,1.3915,Crépuscule ou aube,Hors agglomération,Autre intersection,Pluie légère,Deux véhicules - côté,3,2,3,0,2,3,7,3,1,80,2,6,5,0,1,0,44.0,38.0,transport_commun,voiture,2,1,9,2,3
201900039069,2019-01-20 00:50:00,2019,1,20,0,50,34,34095,A 9 aire de repos de Fabrègues sud,43.542479,3.7893,Nuit avec éclairage allumé,Hors agglomération,Hors intersection,Pluie légère,Deux véhicules - arrière,1,1,1,0,1,1,2,3,1,30,2,22,21,0,1,0,39.0,39.0,utilitaire_camion,transport_commun,5,1,1,2,2
201900039070,2019-01-18 18:33:00,2019,1,18,18,33,73,73065,A41 PK 89+630,45.6108579,5.8940355,Nuit sans éclairage public,Hors agglomération,Hors intersection,Normale,Trois véhicules et plus - en chaîne,1,3,4,0,2,3,2,0,1,130,5,10,8,0,0,2,40.0,63.0,voiture,voiture,3,1,1,1,4
201900039071,2019-01-14 14:30:00,2019,1,14,14,30,27,27517,Autoroute A 13 PK 82.000,49.141132,1.305053,Plein jour,Hors agglomération,Hors intersection,Normale,Deux véhicules - arrière,1,3,4,0,1,1,1,0,1,130,2,3,1,0,1,1,38.0,25.0,utilitaire_camion,voiture,1,1,1,1,2
201900039072,2019-01-20 00:45:00,2019,1,20,0,45,988,98809,Route Municipale 14,-22.65716,167.512149,Nuit sans éclairage public,Hors agglomération,Hors intersection,Normale,Autre collision,4,2,2,0,1,1,1,0,3,50,1,5,4,0,1,0,21.0,,voiture,,3,1,1,1,6
201900039073,2019-01-19 22:00:00,2019,1,19,22,0,988,98804,RPN3/CR22 - Tribu de Nonhoué,-21.51306,165.94077,Nuit sans éclairage public,Hors agglomération,Intersection en T,Normale,Sans collision,3,2,2,0,1,1,1,0,1,70,1,3,2,1,0,0,49.0,,utilitaire_camion,,3,1,3,1,7
201900039074,2019-01-18 13:30:00,2019,1,18,13,30,988,98802,RT 1 PK 86+750,-21.86014,165.9778,Plein jour,Hors agglomération,Hors intersection,Normale,Sans collision,2,2,2,0,2,3,1,0,1,110,1,2,0,0,2,0,73.0,,voiture,,1,1,1,1,7
201900039075,2019-01-17 19:30:00,2019,1,17,19,30,974,97419,315 Route nationale 2,-21.135964,55.806296,Nuit avec éclairage allumé,En agglomération,Hors intersection,Normale,Deux véhicules - côté,2,2,2,0,2,1,1,0,1,50,2,2,1,0,1,0,25.0,18.0,voiture,deux_roues,5,2,1,1,3
201900039076,2019-01-18 16:40:00,2019,1,18,16,40,974,97402,d48-1,-20.981237,55.644134,Plein jour,En agglomération,Intersection en T,Normale,Deux véhicules - frontale,3,2,2,0,1,1,1,0,1,50,2,2,1,0,1,0,26.0,42.0,voiture,deux_roues,1,2,3,1,1
201900039077,2019-01-20 19:50:00,2019,1,20,19,50,974,97418,rue du Général de Gaulle,-20.897559,55.565915,Nuit sans éclairage public,En agglomération,Hors intersection,Normale,Autre collision,2,2,2,0,1,1,1,9,1,30,1,2,1,0,1,0,44.0,,voiture,,3,2,1,1,6
201900039078,2019-01-14 09:00:00,2019,1,14,9,0,974,97418,Rue Hélène Boucher,-20.89588,55.516575,Plein jour,Hors agglomération,Hors intersection,Normale,Autre collision,9,2,2,1,1,1,1,9,8,70,1,2,1,0,1,0,59.0,,voiture,,1,1,1,1,6
201900039079,2019-01-17 17:00:00,2019,1,17,17,0,971,97128,boulevard Ibene,16.224509,-61.379504,Plein jour,En agglomération,Hors intersection,Normale,Autre collision,2,3,4,0,1,1,1,0,1,50,1,2,1,0,0,1,82.0,,voiture,,1,2,1,1,6
201900039080,2019-01-18 06:00:00,2019,1,18,6,0,971,97128,rue des Bougainvilliers Morne Valette,16.231917,-61.384533,Nuit sans éclairage public,En agglomération,Hors intersection,Normale,Autre collision,4,2,2,0,2,1,1,0,1,50,1,2,1,0,1,0,73.0,,voiture,,3,2,1,1,6
201900039081,2019-01-19 18:45:00,2019,1,19,18,45,977,97701,D 210,43.834099,5.976635,Nuit sans éclairage public,En agglomération,Hors intersection,Normale,Autre collision,3,2,2,0,2,2,1,0,1,50,1,1,0,0,1,0,55.0,,deux_roues,,3,2,1,1,6
201900039082,2019-01-19 18:00:00,2019,1,19,18,0,977,97701,"route 211, lieu-dit Toiny",17.900012,-62.798458,Nuit sans éclairage public,Hors agglomération,Hors intersection,Normale,Autre collision,3,2,2,0,3,1,1,0,1,50,1,3,1,0,0,2,39.0,,deux_roues,,3,1,1,1,6
201900039083,2019-01-19 02:45:00,2019,1,19,2,45,971,97106,RN 2 COREIL,16.143828,-61.754076,Nuit avec éclairage allumé,Hors agglomération,Hors intersection,Normale,Deux véhicules - frontale,2,2,2,0,3,3,1,0,1,90,2,2,1,0,1,0,21.0,38.0,deux_roues,voiture,5,1,1,1,1
201900039084,2019-01-11 13:45:00,2019,1,11,13,45,971,97124,"Route de Bologne, R.D. 26",16.013709,-61.720087,Plein jour,Hors agglomération,Hors intersection,Normale,Deux véhicules - arrière,3,2,2,0,2,1,1,0,1,80,2,2,1,0,1,0,27.0,32.0,voiture,deux_roues,1,1,1,1,2
201900039085,2019-01-16 11:45:00,2019,1,16,11,45,37,37072,Giratoire entre la RD16 et la RD751,47.1852874,0.2504382,Plein jour,Hors agglomération,Giratoire,Normale,Deux véhicules - côté,3,2,2,0,1,1,1,0,1,80,2,3,2,0,1,0,78.0,55.0,voiture,voiture,1,1,6,1,3
201900039086,2019-01-19 09:13:00,2019,1,19,9,13,77,77508,RD 231/ RD 21,48.818811,2.818022,Plein jour,Hors agglomération,Giratoire,Normale,Deux véhicules - côté,3,2,2,0,1,1,1,5,1,80,2,2,1,0,1,0,32.0,56.0,voiture,deux_roues,1,1,6,1,3
201900039087,2019-01-18 08:51:00,2019,1,18,8,51,77,77057,D407,48.92769,3.22629,Crépuscule ou aube,Hors agglomération,Hors intersection,Normale,Deux véhicules - frontale,3,2,2,0,2,1,7,0,1,80,2,3,2,0,0,1,33.0,22.0,voiture,voiture,2,1,1,1,1
201900039088,2019-01-19 10:27:00,2019,1,19,10,27,77,77142,D934 X D235-Rue du Général de Gaulle,48.85946,2.91504,Plein jour,En agglomération,Hors intersection,Normale,Autre collision,3,2,2,0,1,1,1,5,1,50,1,2,1,0,1,0,35.0,,utilitaire_camion,,1,2,1,1,6