accident_id,datetime,annee,mois,jour,heure,minute,departement,commune_insee,adresse,latitude,longitude,luminosite,agglomeration,intersection,meteo,collision,catr,circ,nbv,vosp,prof,plan,surf,infra,situ,vma,nb_vehicules,nb_usagers,nb_indemnes,nb_tues,nb_blesses_hosp,nb_blesses_legers,age_cond_1,age_cond_2,veh_type_cond_1,veh_type_cond_2,lum_code,agg_code,int_code,atm_code,col_code
201900039366,2019-02-28 12:05:00,2019,2,28,12,5,75,75119,BOULEVARD MACDONALD,48.898772,2.374105,Plein jour,En agglomération,Intersection en T,Normale,Deux véhicules - côté,4,-1,0,0,1,1,1,9,1,50,2,2,1,0,0,1,25.0,11.0,utilitaire_camion,deux_roues,1,2,3,1,3
201900039367,2019-02-26 11:50:00,2019,2,26,11,50,75,75119,RUE ARMAND CARREL,48.882693,2.378029,Plein jour,En agglomération,Hors intersection,Normale,Deux véhicules - arrière,4,2,2,0,2,1,1,0,1,50,2,3,2,0,0,1,80.0,34.0,voiture,deux_roues,1,2,1,1,2
201900039368,2019-02-26 08:35:00,2019,2,26,8,35,75,75119,AVENUE DE FLANDRE,48.891465,2.377986,Plein jour,En agglomération,Hors intersection,Normale,Deux véhicules - côté,4,3,2,1,1,1,1,0,5,50,2,2,1,0,0,1,43.0,56.0,deux_roues,utilitaire_camion,1,2,1,1,3
201900039369,2019-02-25 14:00:00,2019,2,25,14,0,75,75119,BOULEVARD MACDONALD,48.898874,2.379562,Plein jour,En agglomération,Hors intersection,Normale,Deux véhicules - côté,4,-1,1,0,1,1,1,0,1,50,2,3,2,0,0,1,45.0,20.0,voiture,deux_roues,1,2,1,1,3
201900039370,2019-03-02 10:30:00,2019,3,2,10,30,75,75118,AVENUE DE LA PORTE DE MONTMARTRE,48.898326,2.336983,Plein jour,En agglomération,Hors intersection,Temps couvert,Deux véhicules - frontale,4,2,2,0,1,1,2,0,1,50,2,2,1,0,0,1,54.0,63.0,deux_roues,voiture,1,2,1,8,1
201900039371,2019-03-01 08:10:00,2019,3,1,8,10,75,75118,RUE DE L EVANGILE,48.895438,2.370305,Crépuscule ou aube,En agglomération,Intersection en T,Pluie légère,Autre collision,4,2,3,0,1,1,2,0,1,50,1,2,1,0,0,1,65.0,,voiture,,2,2,3,2,6
201900039372,2019-02-28 20:20:00,2019,2,28,20,20,75,75118,BOULEVARD NEY,48.897523,2.329404,Nuit avec éclairage allumé,En agglomération,Intersection en Y,Pluie légère,Autre collision,4,1,2,0,1,1,2,0,1,50,1,2,1,0,0,1,27.0,,voiture,,5,2,4,2,6
201900039373,2019-02-27 18:50:00,2019,2,27,18,50,75,75118,BOULEVARD DE LA CHAPELLE,48.884531,2.359338,Plein jour,En agglomération,Place,Normale,Deux véhicules - côté,4,1,3,0,1,1,1,0,1,50,2,2,1,0,0,1,31.0,21.0,voiture,deux_roues,1,2,7,1,3
201900039374,2019-02-27 15:30:00,2019,2,27,15,30,75,75118,RUE DE LA CHAPELLE,48.892709,2.359729,Plein jour,En agglomération,Intersection en T,Normale,Deux véhicules - côté,4,2,4,0,1,1,1,0,1,50,2,1,0,0,0,1,33.0,,deux_roues,,1,2,3,1,3
201900039375,2019-03-03 14:15:00,2019,3,3,14,15,75,75117,RUE DE COURCELLES,48.887548,2.294721,Plein jour,En agglomération,Intersection en X,Normale,Deux véhicules - côté,4,2,2,0,1,1,1,0,1,50,2,3,1,0,0,2,58.0,60.0,voiture,deux_roues,1,2,2,1,3
201900039376,2019-03-03 07:05:00,2019,3,3,7,5,75,75117,BD PERIPHERIQUE EXTERIEUR,48.897824,2.313146,Crépuscule ou aube,En agglomération,Intersection en Y,Normale,Deux véhicules - arrière,4,1,3,0,2,3,1,0,1,50,2,3,2,0,0,1,24.0,29.0,voiture,voiture,2,2,4,1,2
201900039377,2019-03-01 13:25:00,2019,3,1,13,25,75,75117,BOULEVARD DE COURCELLES,48.880397,2.30878,Plein jour,En agglomération,Place,Pluie légère,Deux véhicules - côté,4,2,2,0,1,1,2,0,1,50,2,2,1,0,0,1,38.0,40.0,deux_roues,voiture,1,2,7,2,3
201900039378,2019-03-01 10:30:00,2019,3,1,10,30,75,75117,RUE DES MOINES,48.889641,2.320178,Plein jour,En agglomération,Hors intersection,Pluie légère,Deux véhicules - côté,4,1,1,0,1,1,2,0,1,50,2,2,1,0,0,1,32.0,52.0,deux_roues,voiture,1,2,1,2,3
201900039379,2019-02-26 23:30:00,2019,2,26,23,30,75,75117,RUE DARCET,48.883232,2.325319,Nuit avec éclairage allumé,En agglomération,Intersection en T,Normale,Autre collision,4,1,1,0,1,1,1,9,1,30,1,2,1,0,0,1,27.0,,voiture,,5,2,3,1,6
201900039380,2019-02-26 10:50:00,2019,2,26,10,50,75,75117,PLACE PAUL LEAUTAUD,48.887228,2.297968,Plein jour,En agglomération,Place,Normale,Deux véhicules - arrière,4,1,2,0,1,2,1,0,1,50,2,2,1,0,0,1,54.0,41.0,deux_roues,voiture,1,2,7,1,2
201900039381,2019-02-25 10:30:00,2019,2,25,10,30,75,75117,BOULEVARD MALESHERBES,48.88277,2.310191,Plein jour,En agglomération,Intersection en X,Normale,Autre collision,4,2,2,0,1,1,1,0,1,50,1,2,1,0,0,1,28.0,,deux_roues,,1,2,2,1,6
201900039382,2019-03-03 02:55:00,2019,3,3,2,55,75,75116,AVENUE DE LA PORTE D AUTEUIL,48.847954,2.253254,Nuit avec éclairage allumé,En agglomération,Intersection en Y,Normale,Autre collision,4,2,2,0,1,1,1,0,1,50,1,1,0,0,0,1,21.0,,deux_roues,,5,2,4,1,6
201900039383,2019-03-01 12:35:00,2019,3,1,12,35,75,75116,AVENUE THEOPHILE GAUTIER,48.849939,2.272204,Plein jour,En agglomération,Intersection en X,Normale,Deux véhicules - côté,4,1,1,0,2,1,1,0,1,50,2,2,1,0,0,1,41.0,25.0,utilitaire_camion,deux_roues,1,2,2,1,3
201900039384,2019-03-01 12:40:00,2019,3,1,12,40,75,75116,RUE CORTAMBERT,48.861208,2.279314,Plein jour,En agglomération,Intersection en X,Normale,Deux véhicules - côté,4,1,1,0,1,1,2,0,1,50,2,2,1,0,0,1,76.0,21.0,voiture,deux_roues,1,2,2,1,3
201900039385,2019-02-28 12:00:00,2019,2,28,12,0,75,75116,QUAI LOUIS BLERIOT,48.843864,2.271276,Plein jour,En agglomération,Hors intersection,Normale,Deux véhicules - arrière,4,1,1,0,1,1,1,0,1,50,2,2,1,0,0,1,32.0,19.0,utilitaire_camion,voiture,1,2,1,1,2
201900039386,2019-02-28 09:17:00,2019,2,28,9,17,75,75116,PONT D IENA,48.860371,2.291216,Plein jour,En agglomération,Intersection en X,Normale,Autre collision,4,2,4,0,1,1,1,2,1,50,1,2,1,0,0,1,31.0,,utilitaire_camion,,1,2,2,1,6
201900039387,2019-02-27 04:35:00,2019,2,27,4,35,75,75116,RUE JEAN DE LA FONTAINE,48.851632,2.273474,Nuit avec éclairage allumé,En agglomération,Intersection en T,Normale,Deux véhicules - côté,4,1,1,0,1,1,1,0,1,50,2,2,1,0,0,1,26.0,26.0,deux_roues,voiture,5,2,3,1,3
201900039388,2019-02-26 18:45:00,2019,2,26,18,45,75,75116,CARREFOUR DES CASCADES,48.861168,2.239832,Crépuscule ou aube,En agglomération,Hors intersection,Normale,Deux véhicules - côté,4,2,2,0,1,1,1,0,1,50,2,2,1,0,0,1,39.0,42.0,deux_roues,voiture,2,2,1,1,3
201900039389,2019-02-25 12:30:00,2019,2,25,12,30,75,75116,ROUTE DE SEVRES A NEUILLY,48.862942,2.23879,Plein jour,En agglomération,Hors intersection,Normale,Autre collision,4,1,2,0,1,1,1,0,1,50,1,1,0,0,0,1,70.0,,deux_roues,,1,2,1,1,6
201900039390,2019-02-25 11:45:00,2019,2,25,11,45,75,75116,BOULEVARD MURAT,48.844414,2.257087,Plein jour,En agglomération,Intersection en T,Normale,Deux véhicules - côté,4,2,4,0,1,1,1,0,1,50,2,2,1,0,0,1,92.0,38.0,voiture,deux_roues,1,2,3,1,3
201900039391,2019-02-28 08:05:00,2019,2,28,8,5,75,75115,RUE DE LA PORTE D ISSY,48.8321,2.28093,Plein jour,En agglomération,Intersection en X,Normale,Deux véhicules - arrière,4,1,3,0,1,1,1,0,1,50,2,2,1,0,0,1,28.0,22.0,voiture,deux_roues,1,2,2,1,2
201900039392,2019-02-27 20:05:00,2019,2,27,20,5,75,75115,PONT DE GRENELLE,48.84996,2.280635,Nuit avec éclairage allumé,En agglomération,Hors intersection,Normale,Deux véhicules - côté,4,2,4,0,1,1,1,2,1,50,2,2,1,0,0,1,34.0,16.0,voiture,deux_roues,5,2,1,1,3
201900039393,2019-02-27 15:50:00,2019,2,27,15,50,75,75115,PLACE FERNAND FOREST,48.849348,2.281617,Plein jour,En agglomération,Intersection en X,Normale,Deux véhicules - côté,4,2,4,0,1,1,1,0,1,50,2,2,1,0,0,1,43.0,55.0,deux_roues,utilitaire_camion,1,2,2,1,3
201900039394,2019-02-26 07:15:00,2019,2,26,7,15,75,75115,RUE LOUIS VICAT,48.825488,2.300246,Crépuscule ou aube,En agglomération,Intersection en X,Normale,Trois véhicules et plus - collisions multiples,4,1,1,0,1,1,1,0,1,50,3,3,2,0,0,1,47.0,50.0,voiture,utilitaire_camion,2,2,2,1,5
201900039395,2019-02-26 08:50:00,2019,2,26,8,50,75,75115,RUE BRANCION,48.835156,2.305568,Plein jour,En agglomération,Intersection en T,Normale,Autre collision,4,2,2,0,2,1,1,0,1,50,1,3,1,0,0,2,54.0,,utilitaire_camion,,1,2,3,1,6
201900039396,2019-02-24 17:55:00,2019,2,24,17,55,75,75115,RUE MARMONTEL,48.837183,2.300145,Plein jour,En agglomération,Intersection en X,Normale,Deux véhicules - côté,4,1,1,0,1,1,1,0,1,50,2,2,1,0,0,1,40.0,33.0,voiture,deux_roues,1,2,2,1,3
201900039397,2019-03-03 09:25:00,2019,3,3,9,25,75,75114,RUE D ALESIA,48.829313,2.322665,Plein jour,En agglomération,Intersection en X,Normale,Autre collision,4,2,3,0,1,1,1,0,1,50,1,2,1,0,0,1,51.0,,voiture,,1,2,2,1,6
201900039398,2019-03-01 23:39:00,2019,3,1,23,39,75,75114,AVENUE DU MAINE,48.831463,2.325373,Nuit avec éclairage allumé,En agglomération,Intersection en T,Normale,Autre collision,4,2,4,0,1,1,1,0,1,50,1,1,0,0,0,1,31.0,,deux_roues,,5,2,3,1,6
201900039399,2019-03-01 14:14:00,2019,3,1,14,14,75,75114,BOULEVARD BRUNE,48.823051,2.325488,Plein jour,En agglomération,Place,Temps couvert,Autre collision,4,3,6,0,1,1,2,0,1,50,1,2,1,0,0,1,22.0,,deux_roues,,1,2,7,8,6
201900039400,2019-03-01 10:40:00,2019,3,1,10,40,75,75114,RUE RAYMOND LOSSERAND,48.834399,2.318913,Plein jour,En agglomération,Intersection en T,Pluie légère,Autre collision,4,1,1,0,1,1,2,6,4,50,1,2,1,0,0,1,31.0,,utilitaire_camion,,1,2,3,2,6
201900039401,2019-02-28 09:35:00,2019,2,28,9,35,75,75114,AVENUE DENFERT ROCHEREAU,48.835536,2.333461,Plein jour,En agglomération,Hors intersection,Normale,Deux véhicules - côté,4,2,3,0,1,1,1,0,1,50,2,2,1,0,0,1,32.0,35.0,deux_roues,utilitaire_camion,1,2,1,1,3
201900039402,2019-02-28 03:20:00,2019,2,28,3,20,75,75114,BOULEVARD SAINT JACQUES,48.832621,2.338728,Nuit avec éclairage allumé,En agglomération,Hors intersection,Normale,Autre collision,4,1,2,0,2,1,1,0,1,50,1,1,0,0,0,1,22.0,,deux_roues,,5,2,1,1,6
201900039403,2019-02-28 12:10:00,2019,2,28,12,10,75,75113,BOULEVARD VINCENT AURIOL,48.831717,2.359138,Plein jour,En agglomération,Hors intersection,Normale,Deux véhicules - côté,4,-1,0,0,2,1,1,0,4,30,2,2,1,0,0,1,58.0,24.0,voiture,deux_roues,1,2,1,1,3
201900039404,2019-02-28 09:00:00,2019,2,28,9,0,75,75113,RUE BOURGON,48.823016,2.358264,Plein jour,En agglomération,Intersection en T,Normale,Autre collision,4,1,1,0,1,1,1,0,1,30,1,2,1,0,0,1,24.0,,voiture,,1,2,3,1,6
201900039405,2019-02-26 12:20:00,2019,2,26,12,20,75,75105,BOULEVARD DE PORT ROYAL,48.838216,2.342908,Plein jour,En agglomération,Hors intersection,Normale,Deux véhicules - côté,4,3,5,3,2,1,1,0,6,50,2,2,1,0,0,1,28.0,27.0,deux_roues,utilitaire_camion,1,2,1,1,3
201900039406,2019-02-25 21:10:00,2019,2,25,21,10,75,75113,PLACE D ITALIE,48.830977,2.355558,Nuit avec éclairage allumé,En agglomération,Place,Normale,Autre collision,4,1,4,0,1,2,1,0,1,50,2,1,0,0,0,1,52.0,,deux_roues,,5,2,7,1,6
201900039407,2019-02-25 10:30:00,2019,2,25,10,30,75,75113,RUE BRUNESEAU,48.825673,2.38208,Plein jour,En agglomération,Intersection en X,Normale,Autre collision,4,1,2,0,1,1,1,0,1,50,2,1,0,0,0,1,26.0,,voiture,,1,2,2,1,6
201900039408,2019-02-28 19:05:00,2019,2,28,19,5,75,75112,AVENUE DAUMESNIL,48.848649,2.372555,Nuit avec éclairage allumé,En agglomération,Intersection en X,Pluie légère,Autre collision,4,1,4,0,1,1,2,0,1,50,1,2,1,0,1,0,64.0,,deux_roues,,5,2,2,2,6
201900039409,2019-02-28 01:50:00,2019,2,28,1,50,75,75111,RUE DU FAUBOURG SAINT ANTOINE,48.851301,2.376141,Nuit avec éclairage allumé,En agglomération,Intersection en X,Normale,Deux véhicules - arrière,4,1,1,0,1,1,1,0,1,50,2,2,1,0,0,1,31.0,29.0,voiture,deux_roues,5,2,2,1,2
201900039410,2019-02-27 18:30:00,2019,2,27,18,30,75,75112,RUE JOSEPH KESSEL,48.835298,2.385349,Crépuscule ou aube,En agglomération,Intersection en X,Normale,Autre collision,4,2,4,0,1,1,1,0,1,30,2,1,0,0,0,1,55.0,,voiture,,2,2,2,1,6
201900039411,2019-02-27 16:25:00,2019,2,27,16,25,75,75112,BOULEVARD SOULT,48.844024,2.410076,Plein jour,En agglomération,Hors intersection,Normale,Deux véhicules - côté,4,1,2,1,1,1,1,0,1,50,2,1,0,0,0,1,81.0,,deux_roues,,1,2,1,1,3
201900039412,2019-02-26 15:40:00,2019,2,26,15,40,75,75112,AVENUE EMILE LAURENT,48.841175,2.412339,Plein jour,En agglomération,Hors intersection,Normale,Deux véhicules - côté,4,2,2,0,2,1,1,0,1,50,2,2,1,0,0,1,60.0,68.0,voiture,deux_roues,1,2,1,1,3
201900039413,2019-02-26 16:00:00,2019,2,26,16,0,75,75112,RUE DE LYON,48.852827,2.369092,Plein jour,En agglomération,Place,Normale,Deux véhicules - côté,4,2,6,0,1,3,1,0,1,50,2,2,1,0,0,1,63.0,44.0,deux_roues,transport_commun,1,2,7,1,3
201900039414,2019-02-26 13:30:00,2019,2,26,13,30,75,75112,BOULEVARD DIDEROT,48.847493,2.388079,Plein jour,En agglomération,Hors intersection,Normale,Deux véhicules - côté,4,2,3,0,1,1,1,0,1,50,2,3,1,0,0,2,33.0,19.0,voiture,deux_roues,1,2,1,1,3
201900039415,2019-02-24 20:45:00,2019,2,24,20,45,75,75112,RUE DE REUILLY,48.849525,2.385066,Nuit avec éclairage allumé,En agglomération,Hors intersection,Normale,Deux véhicules - côté,4,1,1,0,1,1,1,9,1,30,2,2,1,0,0,1,23.0,24.0,utilitaire_camion,deux_roues,5,2,1,1,3
201900039416,2019-03-03 02:20:00,2019,3,3,2,20,75,75111,AVENUE DE LA REPUBLIQUE,48.863584,2.383383,Nuit avec éclairage allumé,En agglomération,Intersection en T,Normale,Deux véhicules - arrière,4,2,2,0,2,1,1,5,1,50,2,2,1,0,0,1,32.0,19.0,voiture,deux_roues,5,2,3,1,2
201900039417,2019-02-28 19:45:00,2019,2,28,19,45,75,75111,RUE ALEXANDRE DUMAS,48.854309,2.395912,Nuit avec éclairage allumé,En agglomération,Intersection en X,Pluie légère,Autre collision,4,1,1,0,2,1,2,0,1,50,2,1,0,0,0,1,36.0,,deux_roues,,5,2,2,2,6
201900039418,2019-02-27 15:00:00,2019,2,27,15,0,75,75111,RUE RICHARD LENOIR,48.857369,2.380849,Plein jour,En agglomération,Intersection en Y,Normale,Sans collision,4,1,2,0,1,1,1,0,1,30,1,2,1,0,1,0,65.0,,deux_roues,,1,2,4,1,7
201900039419,2019-02-26 11:40:00,2019,2,26,11,40,75,75111,BOULEVARD BEAUMARCHAIS,48.855806,2.368489,Plein jour,En agglomération,Intersection en X,Normale,Deux véhicules - côté,4,2,4,0,1,1,1,0,1,50,2,2,1,0,0,1,23.0,23.0,voiture,deux_roues,1,2,2,1,3
201900039420,2019-02-26 09:00:00,2019,2,26,9,0,75,75111,RUE AMELOT,48.86124,2.367715,Plein jour,En agglomération,Intersection en T,Normale,Deux véhicules - côté,4,1,2,1,1,1,1,0,5,30,2,2,1,0,0,1,33.0,31.0,deux_roues,voiture,1,2,3,1,3
201900039421,2019-02-25 19:20:00,2019,2,25,19,20,75,75111,AVENUE DE LA REPUBLIQUE,48.864009,2.381194,Nuit avec éclairage allumé,En agglomération,Intersection en X,Normale,Deux véhicules - côté,4,2,2,0,1,1,1,0,1,30,2,2,1,0,0,1,31.0,38.0,deux_roues,utilitaire_camion,5,2,2,1,3
201900039422,2019-02-28 20:10:00,2019,2,28,20,10,75,75110,RUE DU FAUBOURG SAINT MARTIN,48.882148,2.366438,Nuit avec éclairage allumé,En agglomération,Hors intersection,Pluie légère,Autre collision,4,2,3,3,1,1,2,0,1,50,1,1,0,0,0,1,,,,,5,2,1,2,6
201900039423,2019-02-27 07:30:00,2019,2,27,7,30,75,75110,RUE DU FAUBOURG SAINT MARTIN,48.880784,2.364755,Crépuscule ou aube,En agglomération,Hors intersection,Normale,Deux véhicules - côté,4,2,3,0,1,1,1,0,1,50,2,3,2,0,0,1,72.0,45.0,utilitaire_camion,utilitaire_camion,2,2,1,1,3
201900039424,2019-02-26 16:15:00,2019,2,26,16,15,75,75110,QUAI DE JEMMAPES,48.879722,2.36825,Plein jour,En agglomération,Hors intersection,Normale,Autre collision,4,1,1,0,1,1,1,0,1,50,1,1,0,0,0,1,62.0,,deux_roues,,1,2,1,1,6
201900039425,2019-02-25 20:45:00,2019,2,25,20,45,75,75110,BOULEVARD DE MAGENTA,48.88062,2.352174,Nuit avec éclairage allumé,En agglomération,Intersection à plus de 4 branches,Normale,Autre collision,4,2,6,0,1,1,1,0,1,50,1,2,1,0,0,1,37.0,,voiture,,5,2,5,1,6
201900039426,2019-02-25 15:40:00,2019,2,25,15,40,75,75110,RUE LA FAYETTE,48.879729,2.35867,Plein jour,En agglomération,Intersection en X,Normale,Autre collision,4,2,4,0,1,1,1,6,1,30,1,2,1,0,0,1,22.0,,deux_roues,,1,2,2,1,6
201900039427,2019-03-01 14:35:00,2019,3,1,14,35,75,75109,RUE DES MARTYRS,48.879383,2.340027,Plein jour,En agglomération,Intersection en T,Pluie légère,Deux véhicules - côté,4,1,1,0,2,1,2,0,1,30,2,2,1,0,0,1,27.0,55.0,deux_roues,voiture,1,2,3,2,3
201900039428,2019-02-25 15:20:00,2019,2,25,15,20,75,75109,RUE CHARRAS,48.873422,2.32969,Plein jour,En agglomération,Intersection en T,Normale,Autre collision,4,1,1,0,1,1,1,0,1,30,1,2,1,0,0,1,36.0,,voiture,,1,2,3,1,6
201900039429,2019-02-24 14:00:00,2019,2,24,14,0,75,75109,RUE DE LA CHAUSSEE D ANTIN,48.871662,2.333823,Plein jour,En agglomération,Intersection en T,Normale,Deux véhicules - côté,4,1,1,0,1,1,1,0,1,50,2,2,1,0,0,1,28.0,38.0,deux_roues,voiture,1,2,3,1,3
201900039430,2019-03-01 20:40:00,2019,3,1,20,40,75,75108,AVENUE HOCHE,48.87521,2.298463,Nuit avec éclairage allumé,En agglomération,Intersection en X,Normale,Autre collision,4,2,2,0,1,1,1,0,1,50,1,2,1,0,0,1,57.0,,voiture,,5,2,2,1,6
201900039431,2019-03-01 14:05:00,2019,3,1,14,5,75,75108,BOULEVARD HAUSSMANN,48.875179,2.316674,Plein jour,En agglomération,Hors intersection,Pluie légère,Deux véhicules - arrière,4,2,4,0,2,1,2,0,1,50,2,2,1,0,1,0,47.0,45.0,deux_roues,voiture,1,2,1,2,2
201900039432,2019-02-28 13:45:00,2019,2,28,13,45,75,75108,RUE ROYALE,48.867699,2.322762,Plein jour,En agglomération,Hors intersection,Normale,Deux véhicules - côté,4,2,2,0,1,1,1,0,1,50,2,2,1,0,1,0,34.0,63.0,voiture,deux_roues,1,2,1,1,3
201900039433,2019-02-27 07:15:00,2019,2,27,7,15,75,75108,AVENUE WINSTON CHURCHILL,48.864993,2.313694,Nuit avec éclairage allumé,En agglomération,Intersection en X,Normale,Deux véhicules - côté,4,2,4,0,1,1,1,0,1,50,2,5,2,0,0,3,40.0,43.0,voiture,voiture,5,2,2,1,3
201900039434,2019-02-26 10:55:00,2019,2,26,10,55,75,75108,AVENUE DES CHAMPS ELYSEES,48.87109,2.303489,Plein jour,En agglomération,Intersection en X,Normale,Deux véhicules - côté,4,2,8,0,2,1,1,0,1,50,2,2,1,0,0,1,56.0,55.0,deux_roues,utilitaire_camion,1,2,2,1,3
201900039435,2019-02-25 10:40:00,2019,2,25,10,40,75,75108,RUE LAMENNAIS,48.873457,2.303469,Plein jour,En agglomération,Intersection en T,Normale,Autre collision,4,1,1,0,1,1,1,0,1,50,1,2,1,0,0,1,40.0,,utilitaire_camion,,1,2,3,1,6
201900039436,2019-03-03 01:30:00,2019,3,3,1,30,75,75107,AVENUE BOSQUET,48.85984,2.30287,Nuit avec éclairage allumé,En agglomération,Intersection en T,Normale,Deux véhicules - côté,4,1,3,0,1,1,1,0,1,50,2,2,1,0,0,1,33.0,62.0,deux_roues,voiture,5,2,3,1,3
201900039437,2019-03-01 11:20:00,2019,3,1,11,20,75,75101,PONT AU CHANGE,48.857241,2.347117,Plein jour,En agglomération,Intersection en X,Pluie légère,Sans collision,4,2,3,0,1,1,2,0,1,50,1,1,0,0,0,1,31.0,,deux_roues,,1,2,2,2,7
201900039438,2019-02-25 22:35:00,2019,2,25,22,35,75,75104,BOULEVARD HENRI IV,48.850824,2.361429,Nuit avec éclairage allumé,En agglomération,Intersection en X,Normale,Autre collision,4,1,2,1,1,1,1,0,1,50,2,1,0,0,0,1,27.0,,deux_roues,,5,2,2,1,6
201900039439,2019-02-23 20:35:00,2019,2,23,20,35,75,75104,QUAI DE GESVRES,48.856708,2.348921,Nuit avec éclairage allumé,En agglomération,Intersection en X,Normale,Deux véhicules - côté,4,1,3,0,1,1,1,9,1,50,2,3,2,0,0,1,31.0,22.0,deux_roues,voiture,5,2,2,1,3
201900039440,2019-03-02 02:30:00,2019,3,2,2,30,75,75102,BOULEVARD POISSONNIERE,48.871487,2.343041,Nuit avec éclairage allumé,En agglomération,Intersection en X,Normale,Autre collision,4,2,4,0,1,1,1,0,1,50,1,1,0,0,0,1,,,,,5,2,2,1,6
201900039441,2019-02-26 21:20:00,2019,2,26,21,20,75,75102,RUE DU QUATRE SEPTEMBRE,48.87031,2.332621,Nuit avec éclairage allumé,En agglomération,Place,Normale,Autre collision,4,1,4,0,1,1,1,0,1,50,1,1,0,0,0,1,,,,,5,2,7,1,6
201900039442,2019-03-02 09:45:00,2019,3,2,9,45,75,75101,RUE DU LOUVRE,48.862716,2.341754,Plein jour,En agglomération,Hors intersection,Pluie légère,Autre collision,4,2,4,0,1,1,2,0,1,50,1,2,1,0,0,1,33.0,,voiture,,1,2,1,2,6
201900039443,2019-02-26 09:05:00,2019,2,26,9,5,94,94077,LE FOLL (AV),48.72814,2.44355,Plein jour,En agglomération,Hors intersection,Normale,Deux véhicules - arrière,3,2,3,0,1,1,1,2,1,50,2,3,1,0,0,2,49.0,50.0,voiture,voiture,1,2,1,1,2
201900039444,2019-02-25 20:45:00,2019,2,25,20,45,94,94078,CHOISY (AV DE),48.7502832,2.4309526,Nuit avec éclairage allumé,En agglomération,Hors intersection,Normale,Deux véhicules - frontale,3,2,2,0,1,1,1,0,1,50,2,2,1,0,1,0,24.0,,voiture,,5,2,1,1,1
201900039445,2019-02-16 16:15:00,2019,2,16,16,15,94,94078,PARIS (rue de ),48.73481,2.44691,Plein jour,En agglomération,Hors intersection,Normale,Deux véhicules - arrière,2,3,2,0,1,1,1,0,1,50,2,8,7,0,0,1,34.0,48.0,voiture,voiture,1,2,1,1,2
201900039446,2019-02-16 06:50:00,2019,2,16,6,50,94,94078,PARIS (R DE),48.75326,2.44476,Nuit avec éclairage non allumé,En agglomération,Hors intersection,Normale,Trois véhicules et plus - en chaîne,2,1,4,0,1,1,1,0,1,50,3,9,7,0,1,1,30.0,24.0,voiture,voiture,4,2,1,1,4
201900039447,2019-02-13 20:00:00,2019,2,13,20,0,94,94078,PRESIDENT JOHN FITZGERALD KENNEDY (AV DU,48.73553,2.46544,Nuit avec éclairage allumé,En agglomération,Hors intersection,Normale,Deux véhicules - côté,4,1,1,0,1,1,1,0,1,50,2,2,1,0,1,0,27.0,30.0,deux_roues,voiture,5,2,1,1,3
201900039448,2019-03-07 16:45:00,2019,3,7,16,45,94,94068,PIE (QU DE LA),48.7882383,2.4749083,Plein jour,En agglomération,Intersection en T,Normale,Deux véhicules - côté,4,1,1,1,1,1,1,9,1,50,2,2,1,0,0,1,16.0,67.0,deux_roues,voiture,1,2,3,1,3
201900039449,2019-02-26 07:50:00,2019,2,26,7,50,94,94068,ALMA (AV DE L),48.78701,2.49524,Plein jour,En agglomération,Hors intersection,Normale,Trois véhicules et plus - collisions multiples,3,2,2,0,1,1,1,0,1,50,3,3,2,0,0,1,39.0,24.0,utilitaire_camion,deux_roues,1,2,1,1,5
201900039450,2019-02-27 23:00:00,2019,2,27,23,0,94,94042,GENERAL GALLIENI (AV DU),48.8201,2.4759,Nuit avec éclairage allumé,En agglomération,Hors intersection,Normale,Deux véhicules - côté,3,2,4,0,1,1,1,0,1,50,2,2,1,0,0,1,39.0,29.0,deux_roues,voiture,5,2,1,1,3
201900039451,2019-02-18 09:55:00,2019,2,18,9,55,94,94052,GALLIENI (BD),48.83848,2.48624,Plein jour,En agglomération,Hors intersection,Normale,Autre collision,4,2,2,0,2,1,1,0,1,30,1,2,1,0,0,1,96.0,,voiture,,1,2,1,1,6
201900039452,2019-02-03 00:40:00,2019,2,3,0,40,94,94015,GEORGES CLEMENCEAU (AV),48.84439,2.53146,Nuit avec éclairage allumé,En agglomération,Intersection en T,Normale,Deux véhicules - côté,4,2,3,0,2,1,1,0,1,50,2,3,0,0,1,2,33.0,36.0,voiture,voiture,5,2,3,1,3
201900039453,2019-02-01 12:50:00,2019,2,1,12,50,94,94042,GENERAL GALLIENI - PONT DE JOINVILLE (AV,48.8201717,2.4684316,Plein jour,En agglomération,Hors intersection,Temps couvert,Autre collision,3,2,4,0,1,1,1,0,1,50,1,1,0,0,0,1,,,,,1,2,1,8,6
201900039454,2019-02-26 19:20:00,2019,2,26,19,20,94,94046,GEORGES CLEMENCEAU (AV),48.80741,2.44341,Nuit avec éclairage allumé,En agglomération,Intersection en X,Normale,Deux véhicules - côté,4,2,2,0,1,1,1,0,1,50,2,2,1,0,0,1,17.0,43.0,deux_roues,voiture,5,2,2,1,3
201900039455,2019-02-26 18:50:00,2019,2,26,18,50,94,94046,JOFFRE (AV),48.81555,2.44993,Nuit avec éclairage allumé,En agglomération,Intersection en T,Normale,Sans collision,4,2,2,0,1,1,1,0,1,30,1,1,0,0,0,1,55.0,,deux_roues,,5,2,3,1,7
201900039456,2019-02-19 09:00:00,2019,2,19,9,0,94,94046,REPUBLIQUE (AV DE LA),48.81003,2.45549,Plein jour,En agglomération,Hors intersection,Normale,Autre collision,3,2,2,0,1,1,1,0,1,50,1,2,1,0,0,1,39.0,,deux_roues,,1,2,1,1,6