accident_id,datetime,annee,mois,jour,heure,minute,departement,commune_insee,adresse,latitude,longitude,luminosite,agglomeration,intersection,meteo,collision,catr,circ,nbv,vosp,prof,plan,surf,infra,situ,vma,nb_vehicules,nb_usagers,nb_indemnes,nb_tues,nb_blesses_hosp,nb_blesses_legers,age_cond_1,age_cond_2,veh_type_cond_1,veh_type_cond_2,lum_code,agg_code,int_code,atm_code,col_code
201900039457,2019-02-14 22:50:00,2019,2,14,22,50,94,94046,LEON BLUM (AV),48.7981,2.4332,Nuit avec éclairage allumé,En agglomération,Intersection en Y,Normale,Deux véhicules - côté,3,1,4,0,1,1,1,0,1,50,2,1,0,0,0,1,47.0,,deux_roues,,5,2,4,1,3
201900039458,2019-02-28 07:00:00,2019,2,28,7,0,94,94041,GEORGES GOSNAT (AV),48.81363,2.38883,Crépuscule ou aube,En agglomération,Hors intersection,Normale,Deux véhicules - côté,3,3,0,3,1,1,1,0,1,50,2,2,1,0,0,1,47.0,42.0,deux_roues,utilitaire_camion,2,2,1,1,3
201900039459,2019-02-25 18:22:00,2019,2,25,18,22,94,94041,CHARLES LEROY (R),48.8170095,2.3663521,Crépuscule ou aube,En agglomération,Hors intersection,Normale,Deux véhicules - côté,4,1,3,0,1,1,1,0,1,50,2,3,2,0,0,1,45.0,26.0,deux_roues,utilitaire_camion,2,2,1,1,3
201900039460,2019-02-18 11:00:00,2019,2,18,11,0,94,94065,CHARLES LINDBERGH (AV),48.75607,2.34631,Plein jour,En agglomération,Hors intersection,Normale,Deux véhicules - côté,3,3,4,0,1,1,1,0,1,50,2,3,2,0,0,1,19.0,41.0,deux_roues,voiture,1,2,1,1,3
201900039461,2019-02-25 11:35:00,2019,2,25,11,35,94,94033,STALINGRAD (AV DE),48.85166,2.45189,Plein jour,En agglomération,Hors intersection,Normale,Autre collision,4,2,2,0,1,1,1,0,1,50,1,1,0,0,0,1,40.0,,voiture,,1,2,1,1,6
201900039462,2019-02-25 11:45:00,2019,2,25,11,45,94,94033,LOUISON BOBET (AV),48.85266,2.49043,Plein jour,En agglomération,Giratoire,Normale,Deux véhicules - côté,3,1,2,0,1,3,1,0,1,50,2,2,1,0,0,1,23.0,47.0,voiture,utilitaire_camion,1,2,6,1,3
201900039463,2019-03-01 21:50:00,2019,3,1,21,50,94,94028,VERDUN.(AVENUE DE),48.79763,2.46454,Nuit avec éclairage allumé,En agglomération,Autre intersection,Autre,Deux véhicules - côté,3,1,2,0,1,1,1,9,1,50,2,2,1,0,0,1,40.0,25.0,voiture,voiture,5,2,9,9,3
201900039464,2019-03-01 13:10:00,2019,3,1,13,10,94,94011,MARGUERITRES(AVENUE DES),48.76863,2.49222,Plein jour,En agglomération,Hors intersection,Normale,Deux véhicules - côté,4,2,2,0,1,1,1,0,1,50,2,2,1,0,0,1,33.0,23.0,voiture,deux_roues,1,2,1,1,3
201900039465,2019-03-01 08:50:00,2019,3,1,8,50,94,94028,TASSIGNY(AVE DU MARECHAL DE LATTRE DE),48.79645,2.45785,Plein jour,En agglomération,Hors intersection,Pluie légère,Deux véhicules - frontale,3,2,4,0,1,1,2,0,1,50,2,2,0,0,0,2,21.0,61.0,voiture,voiture,1,2,1,2,1
201900039466,2019-02-28 16:10:00,2019,2,28,16,10,94,94028,TASSIGNY(AVE DU MARECHAL DE LATTRE DE),48.799595,2.452795,Plein jour,En agglomération,Autre intersection,Normale,Trois véhicules et plus - en chaîne,3,1,1,0,3,2,1,0,1,50,4,6,4,0,0,2,24.0,38.0,voiture,voiture,1,2,9,1,4
201900039467,2019-02-28 09:00:00,2019,2,28,9,0,94,94028,LECOQ(PASSAGE),48.78678,2.46892,Plein jour,En agglomération,Autre intersection,Normale,Deux véhicules - côté,4,-1,2,0,1,1,1,0,1,50,2,2,1,0,0,1,55.0,33.0,voiture,deux_roues,1,2,9,1,3
201900039468,2019-02-25 12:30:00,2019,2,25,12,30,94,94028,GAULLE(AVENUE DU GENERAL DE),48.79961,2.46517,Plein jour,En agglomération,Autre intersection,Normale,Autre collision,3,1,1,0,1,3,1,9,1,30,1,2,1,0,0,1,27.0,,voiture,,1,2,9,1,6
201900039469,2019-02-28 17:23:00,2019,2,28,17,23,94,94022,JEAN JAURES (R),48.76442,2.40591,Plein jour,En agglomération,Hors intersection,Pluie légère,Autre collision,3,2,-1,3,1,1,2,5,6,30,1,2,1,0,0,1,36.0,,transport_commun,,1,2,1,2,6
201900039470,2019-02-26 21:15:00,2019,2,26,21,15,94,94022,JEAN JAURES (R),48.7652,2.40843,Nuit avec éclairage allumé,En agglomération,Hors intersection,Normale,Autre collision,3,1,2,0,1,1,1,6,1,50,1,2,1,0,0,1,33.0,,voiture,,5,2,1,1,6
201900039471,2019-02-26 17:20:00,2019,2,26,17,20,94,94022,RONDU (AV),48.75817,2.41184,Plein jour,En agglomération,Intersection en T,Normale,Autre collision,4,2,2,0,1,1,1,0,1,30,1,1,0,0,0,1,,,,,1,2,3,1,6
201900039472,2019-02-26 16:50:00,2019,2,26,16,50,94,94022,GAMBETTA (AV),48.76301,2.40353,Plein jour,En agglomération,Hors intersection,Normale,Deux véhicules - arrière,3,3,4,0,1,1,1,0,1,50,2,2,1,0,0,1,44.0,37.0,voiture,voiture,1,2,1,1,2
201900039473,2019-03-02 14:25:00,2019,3,2,14,25,94,94055,PINCE VENT - CAR DE PINCE-VENT (AV DE),48.79202,2.55508,Plein jour,En agglomération,Hors intersection,Normale,Deux véhicules - côté,4,-1,0,0,1,2,1,0,1,50,2,1,0,0,0,1,50.0,,deux_roues,,1,2,1,1,3
201900039474,2019-02-27 19:40:00,2019,2,27,19,40,94,94022,JEAN JAURES (R),48.76442,2.40591,Plein jour,En agglomération,Intersection en X,Pluie légère,Autre collision,3,2,2,0,1,1,1,0,1,50,1,2,1,0,0,1,57.0,,voiture,,1,2,2,2,6
201900039475,2019-02-27 17:15:00,2019,2,27,17,15,94,94059,MAURICE BERTEAUX (AV),48.81,2.5685,Plein jour,En agglomération,Intersection en X,Normale,Sans collision,3,2,2,0,1,1,1,0,1,50,1,1,0,0,0,1,84.0,,deux_roues,,1,2,2,1,7
201900039476,2019-02-24 10:15:00,2019,2,24,10,15,94,94079,JEAN MONNET (BD),48.83496,2.54717,Plein jour,En agglomération,Intersection en X,Normale,Deux véhicules - frontale,3,2,0,0,1,1,1,0,1,50,2,3,0,0,0,3,39.0,47.0,voiture,voiture,1,2,2,1,1
201900039477,2019-02-27 20:20:00,2019,2,27,20,20,94,94017,JALAPA (R DE),48.81,2.52,Nuit avec éclairage allumé,En agglomération,Intersection en X,Normale,Autre collision,4,-1,2,0,1,1,1,5,1,30,1,2,1,0,1,0,35.0,,voiture,,5,2,2,1,6
201900039478,2019-02-27 09:25:00,2019,2,27,9,25,94,94017,PARC (AV DU),48.81178,2.55693,Plein jour,En agglomération,Intersection en X,Normale,Autre collision,4,2,2,0,1,1,1,0,1,50,1,3,1,0,0,2,48.0,,voiture,,1,2,2,1,6
201900039479,2019-02-26 12:20:00,2019,2,26,12,20,94,94017,ROGER SALENGRO (AV),48.80677,2.55041,Plein jour,En agglomération,Autre intersection,Normale,Deux véhicules - côté,3,1,0,0,1,1,1,1,1,40,2,2,1,0,0,1,34.0,19.0,voiture,deux_roues,1,2,9,1,3
201900039480,2019-03-02 00:53:00,2019,3,2,0,53,94,94071,PARIS (R DE),48.77355,2.505034,Nuit avec éclairage non allumé,En agglomération,Autre intersection,Normale,Deux véhicules - côté,3,3,4,0,2,1,1,5,1,50,2,2,0,0,0,2,37.0,41.0,voiture,voiture,4,2,9,1,3
201900039481,2019-02-26 09:45:00,2019,2,26,9,45,94,94044,DESCARTES (AV),48.73786,2.49508,Plein jour,En agglomération,Hors intersection,Normale,Deux véhicules - côté,3,2,2,0,1,1,1,0,1,50,2,2,1,0,0,1,52.0,57.0,deux_roues,voiture,1,2,1,1,3
201900039482,2019-04-04 10:30:00,2019,4,4,10,30,83,83137,ARMARIS (BD DES),43.122,5.9814,Plein jour,En agglomération,Autre intersection,Normale,Autre collision,4,2,3,0,1,1,1,5,1,50,2,2,1,0,0,1,37.0,56.0,voiture,voiture,1,2,9,1,6
201900039483,2019-03-14 08:20:00,2019,3,14,8,20,83,83129,JUIN MARECHAL (AV DU),43.09565,5.84817,Plein jour,En agglomération,Giratoire,Normale,Deux véhicules - côté,4,3,2,0,1,1,1,0,1,50,2,2,1,0,0,1,54.0,55.0,deux_roues,utilitaire_camion,1,2,6,1,3
201900039484,2019-04-06 12:55:00,2019,4,6,12,55,82,82033,REVOLUTION (53 RUE DE LA) ,44.0388,1.10727,Plein jour,En agglomération,Hors intersection,Pluie légère,Autre collision,4,1,1,0,1,2,2,0,1,30,1,2,1,0,0,1,69.0,,voiture,,1,2,1,2,6
201900039485,2019-04-06 15:18:00,2019,4,6,15,18,79,79329,6 rue Paul Bert,46.98941,-0.214,Plein jour,En agglomération,Hors intersection,Pluie légère,Sans collision,4,2,2,0,1,1,2,0,1,50,1,1,0,0,0,1,14.0,,deux_roues,,1,2,1,2,7
201900039486,2019-04-04 14:00:00,2019,4,4,14,0,79,79329,Boulevard Jean-Jaurès,46.98153,-0.21538,Plein jour,En agglomération,Giratoire,Normale,Deux véhicules - côté,4,2,2,0,1,1,1,0,1,50,2,4,3,0,0,1,20.0,79.0,voiture,voiture,1,2,6,1,3
201900039487,2019-04-05 13:55:00,2019,4,5,13,55,78,78350,CONTI (QUAI),48.87675,2.11672,Plein jour,En agglomération,Hors intersection,Normale,Deux véhicules - arrière,3,3,5,0,1,1,1,5,1,50,2,3,2,0,0,1,24.0,21.0,voiture,voiture,1,2,1,1,2
201900039488,2019-04-06 20:00:00,2019,4,6,20,0,77,77196,ROUTE NATIONALE 3,48.947153,2.7216605,Crépuscule ou aube,Hors agglomération,Hors intersection,Normale,Deux véhicules - côté,2,1,4,0,1,1,1,0,1,110,2,3,1,0,0,2,37.0,45.0,voiture,utilitaire_camion,2,1,1,1,3
201900039489,2019-04-06 19:45:00,2019,4,6,19,45,77,77514,ARISTIDE BRIAND (AVENUE),48.94921,2.60692,Plein jour,En agglomération,Intersection en T,Normale,Deux véhicules - côté,4,1,1,0,1,1,1,0,1,50,2,2,1,0,0,1,27.0,48.0,voiture,voiture,1,2,3,1,3
201900039490,2019-04-06 16:40:00,2019,4,6,16,40,77,77146,D1406 X BD BEAUBOURG,48.82347,2.63754,Plein jour,En agglomération,Intersection en T,Normale,Deux véhicules - arrière,3,2,3,0,1,1,1,5,1,50,2,3,2,0,0,1,24.0,78.0,deux_roues,voiture,1,2,3,1,2
201900039491,2019-04-04 19:45:00,2019,4,4,19,45,77,77121,D471,48.8272401,2.6697116,Plein jour,Hors agglomération,Hors intersection,Normale,Trois véhicules et plus - en chaîne,3,3,4,0,1,2,1,0,1,70,4,8,7,0,0,1,46.0,34.0,voiture,voiture,1,1,1,1,4
201900039492,2019-04-02 08:37:00,2019,4,2,8,37,77,77152,D142 - PONTHIERRY(ROUTE DE),48.51275,2.59129,Plein jour,Hors agglomération,Intersection en T,Normale,Deux véhicules - côté,3,2,2,0,2,1,2,0,1,70,2,2,1,0,1,0,80.0,55.0,deux_roues,voiture,1,1,3,1,3
201900039493,2019-04-06 14:50:00,2019,4,6,14,50,77,77464,D418 X D105B,48.89915,2.71326,Plein jour,En agglomération,Giratoire,Normale,Deux véhicules - côté,3,2,2,0,1,1,1,5,1,50,2,3,2,0,1,0,59.0,19.0,utilitaire_camion,deux_roues,1,2,6,1,3
201900039494,2019-04-04 09:00:00,2019,4,4,9,0,77,77243,D418-GENERAL LECLERC  (AVENUE DU),48.8717001,2.684041,Plein jour,En agglomération,Hors intersection,Normale,Deux véhicules - arrière,3,2,2,0,1,1,1,0,1,50,2,2,1,0,1,0,48.0,23.0,voiture,deux_roues,1,2,1,1,2
201900039495,2019-04-04 14:35:00,2019,4,4,14,35,77,77186,FERRARE (RUE DE),48.40461,2.69818,Plein jour,En agglomération,Hors intersection,Normale,Autre collision,4,1,1,0,1,1,1,0,1,50,1,2,1,0,1,0,22.0,,utilitaire_camion,,1,2,1,1,6
201900039496,2019-03-25 18:05:00,2019,3,25,18,5,77,77139,VAN WYNGENE (RUE CHARLES),48.91065,2.6035,Plein jour,En agglomération,Hors intersection,Normale,Autre collision,4,2,2,0,1,1,1,0,2,30,1,2,1,0,1,0,28.0,,voiture,,1,2,1,1,6
201900039497,2019-04-04 22:40:00,2019,4,4,22,40,76,76212,LYONS LA FORET. ROUTE DE,49.43603,1.14206,Nuit avec éclairage allumé,Hors agglomération,Hors intersection,Normale,Autre collision,3,2,2,0,2,2,1,0,1,50,1,1,0,0,0,1,29.0,,voiture,,5,1,1,1,6
201900039498,2019-03-30 20:45:00,2019,3,30,20,45,73,73065,JAURES JEAN (AVENUE),45.5687173,5.9132593,Crépuscule ou aube,En agglomération,Intersection en X,Normale,Autre collision,4,2,2,0,1,1,1,0,1,50,1,1,0,0,1,0,32.0,,deux_roues,,2,2,2,1,6
201900039499,2019-04-06 16:30:00,2019,4,6,16,30,69,69266,FLORIAN      (Rue),45.75796,4.88051,Plein jour,En agglomération,Hors intersection,Normale,Autre collision,4,2,2,0,2,1,1,0,1,50,1,1,0,0,1,0,16.0,,deux_roues,,1,2,1,1,6
201900039500,2019-04-03 18:35:00,2019,4,3,18,35,69,69275,EMILE ZOLA                          (R ),45.76346,4.94069,Plein jour,En agglomération,Intersection en T,Normale,Deux véhicules - côté,4,2,2,0,1,1,1,0,1,50,2,2,1,0,0,1,57.0,35.0,voiture,deux_roues,1,2,3,1,3
201900039501,2019-04-06 10:20:00,2019,4,6,10,20,69,69282,JEAN JAURES                         (R ),45.76664,5.00595,Plein jour,En agglomération,Hors intersection,Normale,Deux véhicules - côté,4,2,1,1,1,1,1,0,1,50,2,2,1,0,0,1,57.0,49.0,deux_roues,utilitaire_camion,1,2,1,1,3
201900039502,2019-04-04 15:55:00,2019,4,4,15,55,69,69290,ANDRE BOULLOCHE                     (BD),45.72153,4.92495,Plein jour,En agglomération,Intersection en X,Normale,Deux véhicules - côté,6,-1,0,2,1,1,1,5,1,20,2,2,1,0,0,1,68.0,,voiture,,1,2,2,1,3
201900039503,2019-04-04 14:15:00,2019,4,4,14,15,69,69266,GEORGES MELIES    (Rue),45.77676,4.86018,Plein jour,En agglomération,Intersection en X,Pluie légère,Deux véhicules - côté,4,2,2,0,1,1,2,0,1,50,2,2,1,0,0,1,18.0,44.0,voiture,utilitaire_camion,1,2,2,2,3
201900039504,2019-04-03 16:10:00,2019,4,3,16,10,69,69266,FRANCIS DE PRESSENSE    (Rue),45.77128,4.88501,Plein jour,En agglomération,Hors intersection,Temps couvert,Autre collision,4,2,2,0,1,1,2,6,1,50,2,3,2,0,0,1,31.0,29.0,voiture,voiture,1,2,1,8,6
201900039505,2019-04-04 09:10:00,2019,4,4,9,10,69,69029,LAURENT BONNEVAY            (BD),45.75054,4.9071,Plein jour,En agglomération,Hors intersection,Pluie forte,Deux véhicules - arrière,3,1,1,0,2,1,2,3,1,50,2,2,1,0,0,1,25.0,47.0,voiture,voiture,1,2,1,3,2
201900039506,2019-04-05 06:50:00,2019,4,5,6,50,67,67482,ALSACE (AVENUE D ),48.586835,7.761121,Plein jour,En agglomération,Hors intersection,Normale,Deux véhicules - côté,4,3,4,0,1,1,1,8,1,50,2,3,2,0,0,1,53.0,44.0,utilitaire_camion,voiture,1,2,1,1,3
201900039507,2019-04-05 05:55:00,2019,4,5,5,55,67,67365,OLIDA (QUAI),48.535484,7.716426,Nuit sans éclairage public,En agglomération,Intersection en T,Temps couvert,Autre collision,4,2,2,0,1,1,1,0,1,50,2,1,0,0,0,1,37.0,,deux_roues,,3,2,3,8,6
201900039508,2019-04-03 18:55:00,2019,4,3,18,55,67,67482,SELESTAT (RUE DE),48.565742,7.762829,Plein jour,En agglomération,Intersection en X,Pluie légère,Deux véhicules - côté,4,2,2,1,1,1,2,0,1,50,2,2,1,0,0,1,38.0,24.0,deux_roues,voiture,1,2,2,2,3
201900039509,2019-04-05 17:00:00,2019,4,5,17,0,65,65100,BORDEAUX (ROUTE DE) CD 935,43.267153,0.071151,Plein jour,Hors agglomération,Hors intersection,Normale,Trois véhicules et plus - en chaîne,3,2,2,0,1,1,1,0,1,70,3,3,2,0,0,1,46.0,22.0,voiture,voiture,1,1,1,1,4
201900039510,2019-04-06 01:15:00,2019,4,6,1,15,64,64445,PLACE GRAMONT,43.29645,-0.37427,Nuit avec éclairage allumé,En agglomération,Hors intersection,Pluie légère,Deux véhicules - frontale,4,2,2,1,2,1,2,0,1,50,2,4,2,0,0,2,37.0,29.0,voiture,deux_roues,5,2,1,2,1
201900039511,2019-04-04 23:00:00,2019,4,4,23,0,64,64129,BAYONNE DE,43.3050194,-0.4018754,Nuit avec éclairage allumé,En agglomération,Giratoire,Normale,Deux véhicules - côté,4,1,2,1,1,2,1,0,1,50,2,2,1,0,0,1,56.0,65.0,deux_roues,voiture,5,2,6,1,3
201900039512,2019-04-05 09:45:00,2019,4,5,9,45,63,63113,PRE COMTAL (RUE DE),45.798494,3.128837,Plein jour,Hors agglomération,Hors intersection,Normale,Autre collision,4,2,2,0,1,1,1,0,1,80,2,2,1,1,0,0,36.0,71.0,utilitaire_camion,deux_roues,1,1,1,1,6
201900039513,2019-03-30 21:30:00,2019,3,30,21,30,59,59606,ARCHERS (RUE DES),50.36464,3.52326,Nuit avec éclairage allumé,En agglomération,Giratoire,Normale,Autre collision,4,2,2,0,1,1,1,5,1,50,1,1,0,1,0,0,25.0,,deux_roues,,5,2,6,1,6
201900039514,2019-04-06 13:50:00,2019,4,6,13,50,59,59324,MARECHAL LECLERC (RUE DU),50.3032473,4.0850529,Plein jour,Hors agglomération,Hors intersection,Normale,Autre collision,3,3,2,0,1,1,1,0,1,110,1,1,0,1,0,0,33.0,,deux_roues,,1,1,1,1,6
201900039515,2019-04-07 00:50:00,2019,4,7,0,50,59,59328,BONTE AUGUSTE RUE,50.64518,3.01457,Nuit avec éclairage allumé,En agglomération,Hors intersection,Normale,Autre collision,4,2,2,0,1,1,1,0,1,50,1,2,0,0,0,2,,,,,5,2,1,1,6
201900039516,2019-04-06 05:35:00,2019,4,6,5,35,59,59271,RN 225,51.0173395,2.3204299,Nuit avec éclairage allumé,En agglomération,Giratoire,Normale,Autre collision,3,1,4,0,1,1,1,0,1,50,1,1,0,0,1,0,23.0,,voiture,,5,2,6,1,6
201900039517,2019-04-03 16:30:00,2019,4,3,16,30,59,59273,RD601 (DÃ©VIÃ©E),50.99602,2.16196,Plein jour,Hors agglomération,Intersection en X,Normale,Deux véhicules - côté,3,2,2,0,1,1,1,0,1,70,2,2,1,0,0,1,58.0,50.0,voiture,voiture,1,1,2,1,3
201900039518,2019-03-31 19:00:00,2019,3,31,19,0,59,59203,POUILLE LUCIEN (RUE),50.34922,3.31546,Plein jour,Hors agglomération,Hors intersection,Normale,Autre collision,3,2,2,0,2,3,1,0,1,80,1,2,0,0,2,0,50.0,,deux_roues,,1,1,1,1,6
201900039519,2019-04-02 14:10:00,2019,4,2,14,10,59,59574,SALENGRO ROGER(RUE),50.38119,3.28436,Plein jour,Hors agglomération,Hors intersection,Normale,Autre collision,3,2,2,0,1,2,1,0,1,80,1,1,0,0,1,0,31.0,,voiture,,1,1,1,1,6
201900039520,2019-04-03 10:41:00,2019,4,3,10,41,57,57672,GUISE (AVENUE DE) - IMPAIR,49.36621,6.16701,Plein jour,En agglomération,Hors intersection,Normale,Autre collision,4,-1,1,0,1,1,1,6,1,50,1,2,1,0,1,0,70.0,,voiture,,1,2,1,1,6
201900039521,2019-04-04 13:45:00,2019,4,4,13,45,56,56121,LECLERC ( BD GENERAL ),47.74846,-3.36552,Plein jour,En agglomération,Hors intersection,Normale,Deux véhicules - côté,4,2,2,1,1,1,1,0,1,30,2,2,1,0,0,1,52.0,44.0,utilitaire_camion,deux_roues,1,2,1,1,3
201900039522,2019-04-03 14:30:00,2019,4,3,14,30,54,54304,RESISTANCE (AV. DE LA -PAIR-),48.694461,6.136364,Plein jour,En agglomération,Hors intersection,Normale,Deux véhicules - arrière,4,1,2,0,1,1,1,0,1,50,2,1,0,0,0,1,21.0,,voiture,,1,2,1,1,2
201900039523,2019-04-04 10:50:00,2019,4,4,10,50,52,52121,BLONDEL (RUE ANDRE),48.10945,5.14015,Plein jour,En agglomération,Hors intersection,Normale,Autre collision,4,1,2,0,1,1,1,0,1,50,1,2,1,0,0,1,46.0,,voiture,,1,2,1,1,6
201900039524,2019-04-05 16:40:00,2019,4,5,16,40,51,51454,RUE DE COURCELLES,49.266,4.00438,Plein jour,En agglomération,Hors intersection,Normale,Sans collision,4,-1,0,0,1,1,1,0,1,50,1,2,0,0,0,2,19.0,,deux_roues,,1,2,1,1,7
201900039525,2019-04-04 11:10:00,2019,4,4,11,10,51,51454,ROND POINT DE CHAMPAGNE,49.2125978,4.014789,Plein jour,En agglomération,Giratoire,Normale,Deux véhicules - côté,3,1,2,0,1,2,1,0,1,50,2,2,1,0,0,1,52.0,30.0,voiture,voiture,1,2,6,1,3
201900039526,2019-04-04 08:05:00,2019,4,4,8,5,50,50129,LUMIERE (AVENUE LOUIS),49.63207,-1.59979,Plein jour,En agglomération,Intersection en Y,Pluie forte,Autre collision,4,2,2,0,1,1,2,0,1,50,3,3,2,0,0,1,27.0,15.0,voiture,deux_roues,1,2,4,3,6
201900039527,2019-04-04 05:20:00,2019,4,4,5,20,49,49007,ORGEMONT,47.45188,-0.54484,Nuit avec éclairage allumé,En agglomération,Hors intersection,Pluie légère,Autre collision,4,2,2,0,1,1,2,0,1,30,2,2,1,0,0,1,20.0,38.0,deux_roues,voiture,5,2,1,2,6
201900039528,2019-04-03 18:46:00,2019,4,3,18,46,49,49007,SAUMUROISE IMPASSE ET RUE,47.45337,-0.52691,Plein jour,En agglomération,Hors intersection,Normale,Deux véhicules - côté,4,2,2,0,1,1,2,0,2,50,2,2,1,0,0,1,49.0,62.0,voiture,voiture,1,2,1,1,3
201900039529,2019-04-03 12:18:00,2019,4,3,12,18,49,49007,ATLANTIQUE  AVENUE DE L',47.46927,-0.58901,Plein jour,Hors agglomération,Hors intersection,Normale,Autre collision,3,3,4,0,1,1,1,3,1,90,2,2,1,0,0,1,52.0,84.0,voiture,voiture,1,1,1,1,6
201900039530,2019-04-03 18:20:00,2019,4,3,18,20,47,47027,RAMOUNOT (lieu-dit),44.40291,0.66816,Plein jour,Hors agglomération,Hors intersection,Normale,Deux véhicules - arrière,3,2,2,0,1,1,1,0,1,80,2,6,4,0,0,2,80.0,32.0,voiture,voiture,1,1,1,1,2
201900039531,2019-03-31 11:55:00,2019,3,31,11,55,46,46042,CLEMENCEAU (RUE GEORGES),44.445756,1.442467,Plein jour,En agglomération,Hors intersection,Normale,Autre collision,4,1,1,0,1,1,1,0,1,50,1,2,1,0,0,1,59.0,,voiture,,1,2,1,1,6
201900039532,2019-04-05 16:06:00,2019,4,5,16,6,45,45232,RUE DE BOURGES,47.84555,1.91514,Plein jour,En agglomération,Hors intersection,Normale,Deux véhicules - arrière,4,1,2,0,1,1,1,0,1,50,2,3,0,0,0,3,31.0,32.0,utilitaire_camion,utilitaire_camion,1,2,1,1,2
201900039533,2019-04-06 07:15:00,2019,4,6,7,15,45,45234,BD JEAN JAURES,47.898838,1.8948639,Plein jour,En agglomération,Autre intersection,Normale,Autre collision,4,1,1,0,2,1,1,0,1,50,1,4,3,0,0,1,29.0,,voiture,,1,2,9,1,6
201900039534,2019-03-02 07:00:00,2019,3,2,7,0,44,44009,PERIPHERIQUE,47.21377,-1.48126,Plein jour,En agglomération,Hors intersection,Normale,Sans collision,2,3,0,0,1,1,1,0,1,50,1,2,1,0,0,1,37.0,,voiture,,1,2,1,1,7
201900039535,2019-03-31 20:25:00,2019,3,31,20,25,44,44055,AVENUE DES NOELLES / BD CHEVREL,47.29,-2.394461,Plein jour,En agglomération,Giratoire,Normale,Sans collision,4,-1,2,0,1,1,1,0,1,50,1,1,0,0,1,0,51.0,,deux_roues,,1,2,6,1,7
201900039536,2019-03-30 17:05:00,2019,3,30,17,5,42,42207,GILLET FRANCOIS RUE,45.45656,4.50462,Plein jour,En agglomération,Hors intersection,Normale,Deux véhicules - côté,4,2,2,0,2,1,1,0,1,50,2,2,1,0,1,0,13.0,51.0,deux_roues,deux_roues,1,2,1,1,3
201900039537,2019-04-05 18:00:00,2019,4,5,18,0,42,42183,MOULIN (RUE JEAN),45.40797,4.37379,Plein jour,Hors agglomération,Hors intersection,Normale,Autre collision,6,-1,0,0,1,1,1,0,1,10,1,2,1,0,0,1,75.0,,voiture,,1,1,1,1,6
201900039538,2019-04-05 11:05:00,2019,4,5,11,5,41,41018,SCHUMAN (AVENUE ROBERT),47.6063,1.32785,Plein jour,En agglomération,Hors intersection,Normale,Deux véhicules - arrière,4,4,3,0,1,1,1,0,1,50,2,1,0,0,0,1,50.0,,voiture,,1,2,1,1,2
201900039539,2019-04-04 12:35:00,2019,4,4,12,35,41,41018,BRANLY (RUE EDOUARD),47.58873,1.31278,Plein jour,En agglomération,Hors intersection,Normale,Deux véhicules - arrière,4,1,2,3,1,1,1,0,1,50,2,2,1,0,0,1,37.0,45.0,voiture,voiture,1,2,1,1,2
201900039540,2019-04-05 13:26:00,2019,4,5,13,26,38,38544,VERDUN(COUR DE),45.51682,4.86898,Plein jour,En agglomération,Hors intersection,Normale,Deux véhicules - côté,4,2,2,0,1,1,1,0,1,50,2,2,1,0,0,1,44.0,55.0,voiture,utilitaire_camion,1,2,1,1,3
201900039541,2019-04-03 10:05:00,2019,4,3,10,5,38,38544,GUILLEMOTTES(RUE DES),45.54427,4.88782,Plein jour,Hors agglomération,Hors intersection,Pluie légère,Deux véhicules - frontale,4,2,2,0,3,3,2,0,1,50,2,2,1,0,0,1,28.0,55.0,utilitaire_camion,utilitaire_camion,1,1,1,2,1
201900039542,2019-04-06 05:30:00,2019,4,6,5,30,37,37261,GRAMMONT (AVENUE DE),47.38459,0.69132,Nuit avec éclairage allumé,En agglomération,Hors intersection,Normale,Sans collision,4,2,6,2,1,1,1,0,2,50,1,1,0,0,0,1,18.0,,deux_roues,,5,2,1,1,7
201900039543,2019-04-04 20:04:00,2019,4,4,20,4,36,36044,RUE CHAUSSET,46.8067534,1.6965669,Plein jour,En agglomération,Hors intersection,Normale,Autre collision,4,2,2,0,1,1,1,9,1,50,1,1,0,0,0,1,78.0,,voiture,,1,2,1,1,6
201900039544,2019-04-04 08:52:00,2019,4,4,8,52,36,36044,AVENUE DU PONT NEUF/RUE DE LA SEINE,46.8158,1.68466,Plein jour,En agglomération,Intersection en T,Normale,Deux véhicules - côté,4,2,2,0,1,1,1,0,1,50,2,2,1,0,0,1,42.0,37.0,deux_roues,voiture,1,2,3,1,3
201900039545,2019-04-04 21:30:00,2019,4,4,21,30,35,35238,VERDUN (BD DE),48.115906,-1.691487,Nuit avec éclairage allumé,En agglomération,Intersection en T,Normale,Deux véhicules - côté,4,2,2,0,2,1,2,5,1,50,2,2,1,0,0,1,21.0,26.0,deux_roues,voiture,5,2,3,1,3
201900039546,2019-04-04 13:00:00,2019,4,4,13,0,35,35238,VERDUN (BD DE),48.11767,-1.688,Plein jour,En agglomération,Hors intersection,Normale,Autre collision,9,1,1,0,1,1,1,0,1,20,2,2,1,0,0,1,60.0,58.0,voiture,deux_roues,1,2,1,1,6
201900039547,2019-04-04 12:00:00,2019,4,4,12,0,35,35238,BRNO (ALLEE DE),48.127948,-1.663359,Plein jour,En agglomération,Hors intersection,Normale,Deux véhicules - côté,6,-1,0,0,2,1,1,0,1,50,2,2,1,0,0,1,39.0,31.0,voiture,deux_roues,1,2,1,1,3
201900039548,2019-04-03 18:30:00,2019,4,3,18,30,35,35238,PORTE DE LORIENT,48.111,-1.718,Plein jour,Hors agglomération,Autre intersection,Pluie légère,Deux véhicules - arrière,2,3,4,0,1,1,2,0,1,90,2,2,1,0,0,1,50.0,69.0,voiture,voiture,1,1,9,2,2
201900039549,2019-04-03 09:30:00,2019,4,3,9,30,35,35238,ROUTE DE ST MALO,48.121365,-1.683017,Plein jour,En agglomération,Intersection en Y,Normale,Deux véhicules - côté,4,1,1,1,1,3,1,0,1,50,2,2,1,0,0,1,63.0,31.0,voiture,deux_roues,1,2,4,1,3