accident_id,datetime,annee,mois,jour,heure,minute,departement,commune_insee,adresse,latitude,longitude,luminosite,agglomeration,intersection,meteo,collision,catr,circ,nbv,vosp,prof,plan,surf,infra,situ,vma,nb_vehicules,nb_usagers,nb_indemnes,nb_tues,nb_blesses_hosp,nb_blesses_legers,age_cond_1,age_cond_2,veh_type_cond_1,veh_type_cond_2,lum_code,agg_code,int_code,atm_code,col_code
201900039550,2019-04-06 00:27:00,2019,4,6,0,27,34,34172,ZUCCARELLI (PONT JEAN),43.60027,3.89642,Nuit avec éclairage allumé,En agglomération,Hors intersection,Normale,Autre collision,4,3,2,0,1,1,1,0,1,50,1,2,1,0,1,0,39.0,,voiture,,5,2,1,1,6
201900039551,2019-04-04 17:40:00,2019,4,4,17,40,34,34172,Théroigne de Méricourt ( avenue ),43.59754,3.90109,Plein jour,En agglomération,Hors intersection,Normale,Deux véhicules - côté,4,2,2,0,1,1,1,0,1,50,2,2,1,0,0,1,57.0,43.0,voiture,deux_roues,1,2,1,1,3
201900039552,2019-04-04 18:20:00,2019,4,4,18,20,34,34172,OASIS (RUE DE L'),43.61667,3.83599,Plein jour,En agglomération,Intersection en T,Normale,Sans collision,4,2,2,0,1,1,1,0,1,50,1,2,1,0,1,0,38.0,,voiture,,1,2,3,1,7
201900039553,2019-04-04 22:05:00,2019,4,4,22,5,34,34172,BRIGADE LEGERE DU LANGUEDOC (PLACE DE LA,43.62684,3.86977,Nuit avec éclairage allumé,En agglomération,Place,Normale,Deux véhicules - frontale,4,3,2,0,3,1,1,0,1,50,2,3,1,0,0,2,23.0,22.0,voiture,deux_roues,5,2,7,1,1
201900039554,2019-04-03 11:00:00,2019,4,3,11,0,34,34172,JOUHAUX (AVENUE LEON),43.60465,3.81984,Plein jour,En agglomération,Autre intersection,Pluie légère,Deux véhicules - frontale,3,3,4,0,1,1,2,3,1,70,2,6,0,0,0,6,37.0,33.0,voiture,voiture,1,2,9,2,1
201900039555,2019-03-30 02:30:00,2019,3,30,2,30,33,33075,AVE J. CHABAN DELMAS,44.89684,-0.58601,Nuit avec éclairage allumé,Hors agglomération,Hors intersection,Normale,Autre collision,4,3,4,1,1,3,1,0,1,50,1,2,0,0,1,1,20.0,,voiture,,5,1,1,1,6
201900039556,2019-04-04 17:10:00,2019,4,4,17,10,31,31555,RUE DU GEN JEAN COMPANS,43.60933,1.45574,Plein jour,En agglomération,Hors intersection,Normale,Deux véhicules - côté,4,2,2,0,2,2,1,0,1,50,2,2,1,0,0,1,46.0,55.0,voiture,deux_roues,1,2,1,1,3
201900039557,2019-04-04 09:15:00,2019,4,4,9,15,31,31555,VA007495 A62,43.64657,1.46097,Plein jour,Hors agglomération,Hors intersection,Normale,Trois véhicules et plus - en chaîne,1,3,6,0,1,1,1,0,1,90,3,4,3,0,0,1,28.0,29.0,utilitaire_camion,utilitaire_camion,1,1,1,1,4
201900039558,2019-04-04 08:20:00,2019,4,4,8,20,31,31557,RUE PIERRE LABATRIE,43.57886,1.32584,Plein jour,En agglomération,Hors intersection,Normale,Autre collision,4,2,3,3,1,1,1,0,1,50,1,2,1,0,1,0,37.0,,voiture,,1,2,1,1,6
201900039559,2019-04-03 18:40:00,2019,4,3,18,40,31,31555,RD916,43.55879,1.49608,Plein jour,En agglomération,Giratoire,Normale,Deux véhicules - côté,3,1,2,0,2,1,2,0,1,50,2,2,1,0,0,1,46.0,41.0,deux_roues,voiture,1,2,6,1,3
201900039560,2019-04-03 09:37:00,2019,4,3,9,37,29,29232,BRADEN ALLEE DU,47.98627,-4.08337,Plein jour,En agglomération,Hors intersection,Normale,Autre collision,4,-1,1,0,1,1,1,0,1,50,1,2,1,0,0,1,37.0,,utilitaire_camion,,1,2,1,1,6
201900039561,2019-04-06 14:55:00,2019,4,6,14,55,29,29039,RD 22,47.8811717,-3.8862538,Plein jour,Hors agglomération,Hors intersection,Temps couvert,Trois véhicules et plus - collisions multiples,3,2,2,0,2,3,1,0,1,80,3,3,1,0,0,2,19.0,48.0,deux_roues,utilitaire_camion,1,1,1,8,5
201900039562,2019-04-06 10:30:00,2019,4,6,10,30,29,29019,EUROPE (RUE GAL PAULET - RP PEN AR CHLEU,48.41264,-4.47578,Plein jour,En agglomération,Giratoire,Normale,Deux véhicules - côté,4,2,-1,0,1,1,1,0,1,50,2,2,1,0,0,1,58.0,53.0,transport_commun,deux_roues,1,2,6,1,3
201900039563,2019-04-05 12:15:00,2019,4,5,12,15,29,29019,LESVEN JULES (DE 1 A 53 ET 2 A 16),48.40065,-4.4711,Plein jour,En agglomération,Hors intersection,Normale,Autre collision,4,2,2,0,1,1,1,0,2,30,1,2,1,0,0,1,57.0,,voiture,,1,2,1,1,6
201900039564,2019-05-07 18:15:00,2019,5,7,18,15,29,29019,D112 (PEN AR CH'LEUZ A PONT DESFOSSES),48.4250262,-4.476108,Plein jour,Hors agglomération,Hors intersection,Temps couvert,Deux véhicules - arrière,3,3,4,0,1,1,1,0,1,50,2,2,1,0,0,1,28.0,14.0,voiture,voiture,1,1,1,8,2
201900039565,2019-04-02 12:12:00,2019,4,2,12,12,29,29019,HUGO VICTOR (DE 1 A 17 ET 2 A 20),48.39123,-4.4863,Plein jour,En agglomération,Hors intersection,Normale,Autre collision,4,2,2,0,1,1,1,0,1,50,1,1,0,0,0,1,,,,,1,2,1,1,6
201900039566,2019-04-05 16:20:00,2019,4,5,16,20,28,28229,D939,48.4640007,1.4283151,Plein jour,Hors agglomération,Intersection en T,Normale,Deux véhicules - arrière,3,2,2,0,1,1,1,0,1,80,2,2,0,0,1,1,59.0,50.0,voiture,voiture,1,1,3,1,2
201900039567,2019-04-05 08:15:00,2019,4,5,8,15,22,22278,CORDERIE (DE LA),48.515133,-2.771754,Plein jour,En agglomération,Hors intersection,Pluie légère,Deux véhicules - arrière,4,2,2,0,1,1,2,0,1,50,2,3,2,0,0,1,30.0,45.0,voiture,voiture,1,2,1,2,2
201900039568,2019-04-04 16:50:00,2019,4,4,16,50,21,21054,SEURRE (ROUTE DE),47.01833,4.86368,Plein jour,En agglomération,Intersection en T,Normale,Deux véhicules - côté,3,2,4,0,1,1,1,0,1,50,2,8,3,0,0,5,40.0,56.0,voiture,utilitaire_camion,1,2,3,1,3
201900039569,2019-04-06 01:45:00,2019,4,6,1,45,17,17028,RN137,46.137269,-1.103634,Nuit sans éclairage public,Hors agglomération,Autre intersection,Normale,Deux véhicules - arrière,2,3,4,0,4,1,1,0,1,90,2,2,1,0,0,1,34.0,52.0,voiture,voiture,3,1,9,1,2
201900039570,2019-04-04 17:15:00,2019,4,4,17,15,17,17028,114 PK RN137,46.138638,-1.104344,Plein jour,Hors agglomération,Hors intersection,Normale,Trois véhicules et plus - en chaîne,2,3,4,0,1,1,1,0,1,90,3,3,2,0,0,1,26.0,35.0,voiture,voiture,1,1,1,1,4
201900039571,2019-04-04 17:45:00,2019,4,4,17,45,17,17291,FLENEAUX   RUE DES,46.18123,-1.11398,Plein jour,En agglomération,Hors intersection,Normale,Autre collision,4,2,2,0,1,1,1,0,1,30,1,2,1,0,0,1,20.0,,voiture,,1,2,1,1,6
201900039572,2019-04-04 11:50:00,2019,4,4,11,50,17,17449,RD 117,45.99315,-0.83724,Plein jour,Hors agglomération,Hors intersection,Neige / grêle,Autre collision,3,2,2,0,1,1,2,0,1,80,1,1,0,0,1,0,69.0,,voiture,,1,1,1,4,6
201900039573,2019-04-06 18:50:00,2019,4,6,18,50,14,14304,CD 579,49.38868,0.25148,Plein jour,Hors agglomération,Hors intersection,Normale,Deux véhicules - frontale,3,2,2,0,1,3,1,0,1,80,2,3,0,0,1,2,19.0,20.0,voiture,voiture,1,1,1,1,1
201900039574,2019-04-05 08:55:00,2019,4,5,8,55,14,14118,MARIE (RUE ARMAND),49.16705,-0.36094,Plein jour,En agglomération,Autre intersection,Normale,Deux véhicules - frontale,4,2,2,0,1,1,1,0,1,50,2,2,1,0,0,1,36.0,47.0,voiture,voiture,1,2,9,1,1
201900039575,2019-04-05 09:30:00,2019,4,5,9,30,14,14118,CHERON (AVENUE HENRI),49.17374,-0.39197,Plein jour,En agglomération,Hors intersection,Normale,Deux véhicules - côté,4,2,2,0,1,1,1,0,1,50,2,2,1,0,0,1,52.0,27.0,deux_roues,voiture,1,2,1,1,3
201900039576,2019-04-04 19:00:00,2019,4,4,19,0,13,13071,MITTERRAND (AVENUE FRANCOIS),43.382951,5.34533,Plein jour,En agglomération,Intersection en T,Normale,Deux véhicules - côté,4,2,2,0,2,1,1,0,1,50,2,2,0,0,0,2,54.0,26.0,voiture,voiture,1,2,3,1,3
201900039577,2019-04-04 07:15:00,2019,4,4,7,15,13,13103,BOULEVARD DU ROY RENE,43.63643,5.09548,Crépuscule ou aube,En agglomération,Hors intersection,Temps couvert,Deux véhicules - côté,4,2,2,0,1,1,2,0,1,50,2,2,1,0,1,0,23.0,31.0,deux_roues,voiture,2,2,1,8,3
201900039578,2019-04-02 02:35:00,2019,4,2,2,35,13,13056,FORT DE BOUC ROUTE DU,43.39015,4.99528,Nuit sans éclairage public,En agglomération,Hors intersection,Normale,Sans collision,3,2,2,0,1,3,1,0,1,50,1,1,0,1,0,0,45.0,,voiture,,3,2,1,1,7
201900039579,2019-04-03 20:00:00,2019,4,3,20,0,13,13056,REVEILLA,43.418779,5.023987,Crépuscule ou aube,Hors agglomération,Hors intersection,Pluie légère,Deux véhicules - frontale,4,2,2,0,2,3,2,0,1,80,2,2,1,0,0,1,26.0,71.0,voiture,voiture,2,1,1,2,1
201900039580,2019-04-06 21:00:00,2019,4,6,21,0,13,13203,BRIANCON (BOULEVARD),43.318623,5.370563,Nuit avec éclairage allumé,En agglomération,Hors intersection,Normale,Deux véhicules - arrière,4,2,2,0,1,1,1,0,1,50,2,2,1,0,0,1,36.0,18.0,voiture,deux_roues,5,2,1,1,2
201900039581,2019-04-06 20:45:00,2019,4,6,20,45,13,13211,VALBARELLE (BOULEVARD DE LA ),43.28688,5.44614,Crépuscule ou aube,En agglomération,Hors intersection,Temps couvert,Deux véhicules - côté,4,2,2,0,1,1,2,0,1,50,2,2,1,0,0,1,20.0,31.0,voiture,voiture,2,2,1,8,3
201900039582,2019-04-06 21:00:00,2019,4,6,21,0,13,13201,VOLTAIRE    PAIRS (BOULEVARD),43.30347,5.38592,Nuit avec éclairage allumé,En agglomération,Intersection en X,Normale,Deux véhicules - frontale,4,2,6,0,1,1,1,0,1,50,2,2,1,0,0,1,24.0,18.0,voiture,deux_roues,5,2,2,1,1
201900039583,2019-04-06 14:50:00,2019,4,6,14,50,13,13208,MADRAGUE DE MONTREDON (AVE DE LA) ,43.235054,5.360287,Plein jour,En agglomération,Hors intersection,Pluie légère,Deux véhicules - frontale,4,2,2,0,2,1,2,0,1,50,2,2,0,0,0,2,45.0,25.0,voiture,voiture,1,2,1,2,1
201900039584,2019-04-06 09:00:00,2019,4,6,9,0,13,13207,SAINTE (RUE),43.29242,5.37495,Plein jour,En agglomération,Intersection en X,Normale,Deux véhicules - côté,4,1,1,0,1,1,1,0,1,50,2,3,2,0,0,1,60.0,29.0,transport_commun,voiture,1,2,2,1,3
201900039585,2019-04-05 22:30:00,2019,4,5,22,30,13,13210,PONT DE VIVAUX (BOULEVARD),43.28159,5.42692,Nuit avec éclairage allumé,En agglomération,Hors intersection,Normale,Autre collision,4,3,2,0,1,1,1,2,1,50,1,1,0,0,1,0,25.0,,deux_roues,,5,2,1,1,6
201900039586,2019-04-05 19:40:00,2019,4,5,19,40,13,13215,HENRI BARNIER (BOULEVARD),43.37154,5.34839,Crépuscule ou aube,En agglomération,Hors intersection,Normale,Autre collision,4,2,4,0,2,2,1,0,1,50,1,5,1,0,4,0,19.0,,voiture,,2,2,1,1,6
201900039587,2019-04-05 19:30:00,2019,4,5,19,30,13,13207,Corniche John Fitzgérald Kennedy,43.28937,5.355,Plein jour,En agglomération,Hors intersection,Normale,Deux véhicules - arrière,4,2,2,0,1,1,1,0,1,50,2,2,1,0,0,1,20.0,34.0,autre,voiture,1,2,1,1,2
201900039588,2019-04-05 18:25:00,2019,4,5,18,25,13,13202,JOLIETTE (PLACE DE LA),43.3047605,5.3656358,Plein jour,En agglomération,Hors intersection,Normale,Deux véhicules - arrière,4,1,2,0,1,1,1,0,1,50,2,2,1,0,0,1,24.0,28.0,voiture,deux_roues,1,2,1,1,2
201900039589,2019-04-05 15:50:00,2019,4,5,15,50,13,13214,MERIMEE,43.32808,5.39751,Plein jour,En agglomération,Hors intersection,Normale,Deux véhicules - côté,4,2,2,0,1,1,1,0,1,50,2,2,1,0,0,1,26.0,73.0,voiture,voiture,1,2,1,1,3
201900039590,2019-04-05 15:55:00,2019,4,5,15,55,13,13209,CABOT (BOULEVARD),43.25939,5.41653,Plein jour,En agglomération,Hors intersection,Normale,Autre collision,4,-1,2,0,1,1,1,0,1,50,1,2,1,0,0,1,53.0,,deux_roues,,1,2,1,1,6
201900039591,2019-04-05 13:25:00,2019,4,5,13,25,13,13201,LEMAITRE (RUE),43.29984,5.38273,Plein jour,En agglomération,Intersection en X,Normale,Autre collision,4,1,1,0,2,1,1,0,1,50,1,1,0,0,0,1,,,,,1,2,2,1,6
201900039592,2019-04-05 08:20:00,2019,4,5,8,20,13,13214,TOUR SAINTE (AVENUE DE),43.34364,5.38531,Plein jour,En agglomération,Intersection en T,Normale,Deux véhicules - côté,4,2,2,0,2,1,1,2,1,50,2,2,1,0,0,1,,28.0,voiture,deux_roues,1,2,3,1,3
201900039593,2019-04-05 07:35:00,2019,4,5,7,35,13,13212,PIERRE CHEVALIER (avenue),43.2943,5.43196,Plein jour,En agglomération,Intersection en T,Normale,Deux véhicules - côté,4,2,3,0,2,1,1,0,1,50,2,2,1,0,0,1,26.0,28.0,voiture,utilitaire_camion,1,2,3,1,3
201900039594,2019-04-05 09:00:00,2019,4,5,9,0,13,13206,ROME (RUE DE),43.287773,5.382778,Plein jour,En agglomération,Intersection en X,Normale,Deux véhicules - côté,4,1,1,3,1,1,1,0,1,50,2,3,1,0,1,1,29.0,16.0,voiture,deux_roues,1,2,2,1,3
201900039595,2019-04-05 08:50:00,2019,4,5,8,50,13,13206,TILSIT (RUE),43.29228,5.38754,Plein jour,En agglomération,Intersection en X,Normale,Deux véhicules - côté,4,1,1,0,1,1,1,0,1,50,2,2,1,0,0,1,28.0,46.0,deux_roues,transport_commun,1,2,2,1,3
201900039596,2019-04-04 22:25:00,2019,4,4,22,25,13,13208, MIREILLE JOURDAN-BARRY (BD),43.24508,5.37575,Nuit avec éclairage allumé,En agglomération,Hors intersection,Normale,Deux véhicules - arrière,4,3,2,0,1,1,1,0,1,50,2,1,0,0,1,0,36.0,,deux_roues,,5,2,1,1,2
201900039597,2019-04-04 21:35:00,2019,4,4,21,35,13,13208,RAYMOND TEISSERE (RUE),43.27102,5.40033,Nuit avec éclairage allumé,En agglomération,Intersection en T,Normale,Deux véhicules - côté,4,2,2,0,1,1,1,0,1,50,2,3,1,0,0,2,58.0,21.0,voiture,voiture,5,2,3,1,3
201900039598,2019-04-04 18:50:00,2019,4,4,18,50,13,13208,MICHELET (BOULEVARD),43.26643,5.39473,Plein jour,En agglomération,Intersection en T,Normale,Deux véhicules - côté,4,2,6,3,1,1,1,0,1,50,2,2,1,0,0,1,30.0,69.0,deux_roues,voiture,1,2,3,1,3
201900039599,2019-04-04 16:15:00,2019,4,4,16,15,13,13215,DE SAINT LOUIS AU ROVE (chemin),43.3481,5.35786,Plein jour,En agglomération,Hors intersection,Normale,Autre collision,4,3,2,0,1,1,1,5,1,50,1,1,0,0,0,1,65.0,,voiture,,1,2,1,1,6
201900039600,2019-04-04 17:30:00,2019,4,4,17,30,13,13201,JULES GUESDE (PLACE),43.3017,5.3726,Plein jour,En agglomération,Intersection en T,Normale,Deux véhicules - côté,4,2,4,0,1,1,1,0,1,50,2,1,0,0,0,1,16.0,,deux_roues,,1,2,3,1,3
201900039601,2019-04-04 13:00:00,2019,4,4,13,0,13,13208,MICHELET (BOULEVARD),43.261329,5.397675,Plein jour,En agglomération,Hors intersection,Normale,Autre collision,4,1,0,0,1,1,1,0,1,30,1,2,1,0,1,0,36.0,,voiture,,1,2,1,1,6
201900039602,2019-04-04 07:30:00,2019,4,4,7,30,13,13214,MERLAN (AVENUE),43.339708,5.407702,Plein jour,En agglomération,Hors intersection,Normale,Autre collision,4,2,2,0,1,1,1,0,2,30,1,2,1,0,0,1,62.0,,voiture,,1,2,1,1,6
201900039603,2019-04-05 09:05:00,2019,4,5,9,5,13,13028,PUITS DE BRUNET (CHEMIN DU),43.18507,5.59942,Plein jour,En agglomération,Hors intersection,Normale,Deux véhicules - arrière,3,3,2,0,1,1,1,0,2,50,2,3,1,0,0,2,53.0,40.0,voiture,deux_roues,1,2,1,1,2
201900039604,2019-04-04 18:30:00,2019,4,4,18,30,13,13001,BELLEC MAURICE (RTE DU COLONEL),43.5799,5.455,Crépuscule ou aube,Hors agglomération,Autre intersection,Normale,Deux véhicules - côté,3,2,2,0,1,1,1,0,1,50,2,2,0,0,0,2,72.0,56.0,voiture,voiture,2,1,9,1,3
201900039605,2019-04-06 13:35:00,2019,4,6,13,35,12,12202,PAUL RAMADIER (BOULEVARD),44.35702,2.56866,Plein jour,En agglomération,Hors intersection,Pluie forte,Autre collision,4,2,2,0,2,3,2,0,1,50,1,2,1,0,1,0,24.0,,voiture,,1,2,1,3,6
201900039606,2019-04-03 14:40:00,2019,4,3,14,40,12,12145,CAVALERIE (COTE DE LA ),44.09094,3.11506,Plein jour,Hors agglomération,Hors intersection,Pluie légère,Deux véhicules - arrière,3,3,4,0,3,2,2,0,8,90,2,2,1,0,0,1,21.0,23.0,voiture,utilitaire_camion,1,1,1,2,2
201900039607,2019-04-04 12:20:00,2019,4,4,12,20,11,11262,JACOBINS (RUE ET PLACE DES),43.18211,3.00414,Plein jour,En agglomération,Hors intersection,Temps couvert,Sans collision,4,1,1,0,1,1,2,0,1,30,1,1,0,0,0,1,45.0,,deux_roues,,1,2,1,8,7
201900039608,2019-04-05 03:40:00,2019,4,5,3,40,11,11069,ROCADE SUD RD 6161,43.20421,2.38692,Nuit sans éclairage public,Hors agglomération,Hors intersection,Normale,Autre collision,3,3,6,0,2,2,1,5,1,70,1,3,0,0,0,3,19.0,,voiture,,3,1,1,1,6
201900039609,2019-04-04 18:20:00,2019,4,4,18,20,10,10357,GAMBETTA (RUE),48.30225,4.10506,Plein jour,En agglomération,Intersection en X,Normale,Deux véhicules - côté,4,2,1,0,1,1,1,0,1,50,2,2,1,0,1,0,19.0,43.0,deux_roues,voiture,1,2,2,1,3
201900039610,2019-04-01 14:50:00,2019,4,1,14,50,7,07102,BEAUCAIRE (AVENUE DE),44.92384,4.85668,Plein jour,Hors agglomération,Giratoire,Normale,Deux véhicules - côté,3,1,2,0,1,1,1,3,1,50,2,2,1,0,0,1,29.0,54.0,voiture,deux_roues,1,1,6,1,3
201900039611,2019-04-04 18:45:00,2019,4,4,18,45,6,06088,MATISSE (AV. HENRI),43.6746152,7.2186566,Plein jour,En agglomération,Hors intersection,Temps éblouissant,Deux véhicules - côté,4,2,3,0,2,1,1,0,1,50,2,2,1,0,0,1,39.0,36.0,deux_roues,voiture,1,2,1,7,3
201900039612,2019-04-04 09:50:00,2019,4,4,9,50,6,06088,MADELEINE (BD DE LA),43.7008904,7.2371459,Plein jour,En agglomération,Hors intersection,Temps couvert,Autre collision,4,3,2,0,1,1,2,0,1,50,1,2,1,0,1,0,70.0,,voiture,,1,2,1,8,6
201900039613,2019-04-06 22:45:00,2019,4,6,22,45,6,06069,DE LATTRE DE TASSIGNY (AVENUE DU MARECHA,43.6485285,6.9261602,Nuit avec éclairage allumé,En agglomération,Hors intersection,Pluie légère,Sans collision,3,2,2,0,1,1,2,0,1,50,1,1,0,0,0,1,40.0,,voiture,,5,2,1,2,7
201900039614,2019-04-04 17:40:00,2019,4,4,17,40,6,06069,LIBERATION (AVENUE DE LA),43.6422913,6.9121478,Plein jour,En agglomération,Hors intersection,Normale,Sans collision,3,-1,2,0,1,1,1,0,1,50,1,1,0,0,0,1,30.0,,voiture,,1,2,1,1,7
201900039615,2019-04-05 18:30:00,2019,4,5,18,30,6,06030,CAMPON (RUE,43.57445,7.0122,Plein jour,En agglomération,Hors intersection,Normale,Deux véhicules - arrière,3,1,2,0,1,1,1,0,1,50,2,2,1,0,0,1,57.0,34.0,utilitaire_camion,utilitaire_camion,1,2,1,1,2
201900039616,2019-04-05 10:24:00,2019,4,5,10,24,6,06029,ALEXANDRE III (BOULEVARD ),43.5464521,7.0375975,Plein jour,En agglomération,Hors intersection,Normale,Autre collision,4,2,2,0,1,1,1,0,1,50,1,2,1,0,0,1,71.0,,utilitaire_camion,,1,2,1,1,6
201900039617,2019-04-05 13:15:00,2019,4,5,13,15,6,06027,TUILIERES AVENUE DES,43.668026,7.159999,Plein jour,En agglomération,Hors intersection,Normale,Deux véhicules - côté,4,-1,2,0,2,1,1,0,1,50,2,2,1,1,0,0,18.0,18.0,deux_roues,deux_roues,1,2,1,1,3
201900039618,2019-04-04 16:30:00,2019,4,4,16,30,6,06027,DELATTRE DE TASSIGNY AV DU MAL,43.658326,7.16332,Plein jour,En agglomération,Hors intersection,Normale,Autre collision,7,2,2,0,1,1,1,5,1,50,2,1,0,0,0,1,,,,,1,2,1,1,6
201900039619,2019-04-05 19:00:00,2019,4,5,19,0,6,06004,CHANCEL BD,43.5761185,7.1169342,Plein jour,En agglomération,Hors intersection,Normale,Deux véhicules - frontale,4,2,2,0,1,1,1,0,1,50,2,2,0,0,2,0,29.0,52.0,voiture,voiture,1,2,1,1,1
201900039620,2019-04-04 19:35:00,2019,4,4,19,35,6,06004,SOLEAU AV.ROBERT,43.5844,7.11979,Plein jour,En agglomération,Hors intersection,Normale,Autre collision,4,1,2,0,1,1,1,4,1,50,2,4,3,0,1,0,19.0,20.0,utilitaire_camion,utilitaire_camion,1,2,1,1,6
201900039621,2019-04-04 10:50:00,2019,4,4,10,50,6,06004,SAINT CLAUDE CH.DE,43.60208,7.09182,Plein jour,En agglomération,Hors intersection,Normale,Autre collision,4,2,2,0,1,1,1,0,1,50,1,2,1,0,1,0,52.0,,utilitaire_camion,,1,2,1,1,6
201900039622,2019-04-04 12:50:00,2019,4,4,12,50,5,05061,D 292,44.60119,6.13579,Plein jour,Hors agglomération,Hors intersection,Normale,Deux véhicules - frontale,3,2,2,0,2,2,2,0,1,80,2,2,0,0,0,2,41.0,35.0,voiture,voiture,1,1,1,1,1
201900039623,2019-04-03 19:50:00,2019,4,3,19,50,5,05061,EMILE DIDIER ( AV ),44.56631,6.09433,Crépuscule ou aube,En agglomération,Hors intersection,Pluie forte,Sans collision,2,2,2,0,1,1,2,0,1,50,1,2,1,0,0,1,63.0,,voiture,,2,2,1,3,7
201900039624,2019-04-02 13:25:00,2019,4,2,13,25,5,05061,D994,44.55299,6.0395,Plein jour,Hors agglomération,Intersection en Y,Temps couvert,Deux véhicules - arrière,3,2,3,0,2,1,1,0,1,70,2,3,2,0,0,1,27.0,37.0,voiture,utilitaire_camion,1,1,4,8,2
201900039625,2019-04-05 23:30:00,2019,4,5,23,30,1,01451,PARIS (ROUTE DE),46.22464,5.20696,Nuit avec éclairage allumé,En agglomération,Hors intersection,Normale,Autre collision,3,-1,4,0,1,1,1,0,1,70,1,1,0,0,0,1,23.0,,deux_roues,,5,2,1,1,6
201900039626,2019-04-05 16:15:00,2019,4,5,16,15,1,01451,MARBOZ RD 996 ( ROUTE DE ) PAIR,46.24766,5.23012,Plein jour,Hors agglomération,Intersection en T,Normale,Trois véhicules et plus - en chaîne,3,2,2,0,4,1,1,9,1,80,4,4,1,0,0,3,30.0,66.0,voiture,voiture,1,1,3,1,4
201900039627,2019-04-05 20:30:00,2019,4,5,20,30,75,75116,BOULEVARD PERIPHERIQUE,48.873578,2.275295,Nuit avec éclairage allumé,En agglomération,Hors intersection,Normale,Deux véhicules - arrière,4,1,4,0,1,1,1,0,1,70,2,2,1,0,0,1,48.0,48.0,voiture,voiture,5,2,1,1,2
201900039628,2019-04-05 14:05:00,2019,4,5,14,5,75,75112,PORTE DE CHARENTON,48.833671,2.408099,Plein jour,En agglomération,Hors intersection,Normale,Autre collision,4,1,4,0,1,1,1,1,1,70,3,2,1,0,0,1,26.0,47.0,voiture,deux_roues,1,2,1,1,6
201900039629,2019-04-05 12:00:00,2019,4,5,12,0,75,75120,BOULEVARD PERIPHERIQUE,48.872526,2.412676,Plein jour,En agglomération,Hors intersection,Normale,Deux véhicules - arrière,4,1,5,0,1,1,1,1,1,70,2,2,1,0,0,1,74.0,26.0,utilitaire_camion,deux_roues,1,2,1,1,2
201900039630,2019-04-04 19:00:00,2019,4,4,19,0,75,75116,PORTE D AUTEUIL,48.848924,2.252872,Plein jour,En agglomération,Hors intersection,Normale,Trois véhicules et plus - en chaîne,4,1,4,0,1,1,1,0,1,70,3,3,2,0,1,0,61.0,34.0,voiture,deux_roues,1,2,1,1,4
201900039631,2019-04-04 16:35:00,2019,4,4,16,35,75,75113,PORTE D IVRY,48.825675,2.386693,Plein jour,En agglomération,Hors intersection,Normale,Deux véhicules - côté,4,1,4,0,1,1,1,0,1,70,2,2,1,0,0,1,48.0,35.0,deux_roues,voiture,1,2,1,1,3
201900039632,2019-04-04 15:35:00,2019,4,4,15,35,75,75120,PORTE DE MONTREUIL,48.851873,2.414958,Plein jour,En agglomération,Hors intersection,Normale,Trois véhicules et plus - collisions multiples,4,1,4,0,1,1,1,0,1,70,4,4,3,0,0,1,23.0,54.0,deux_roues,deux_roues,1,2,1,1,5
201900039633,2019-04-04 15:50:00,2019,4,4,15,50,75,75115,QUAI D ISSY LES MOULINEAUX,48.835407,2.266883,Plein jour,En agglomération,Intersection en Y,Normale,Autre collision,4,1,4,0,1,1,1,0,1,70,1,1,0,0,0,1,31.0,,voiture,,1,2,4,1,6
201900039634,2019-04-04 11:05:00,2019,4,4,11,5,75,75119,BD PERIPHERIQUE EXTERIEUR,48.900606,2.373933,Plein jour,En agglomération,Hors intersection,Normale,Trois véhicules et plus - en chaîne,4,-1,4,0,1,1,1,0,1,70,3,4,3,0,0,1,32.0,60.0,voiture,voiture,1,2,1,1,4
201900039635,2019-04-04 09:10:00,2019,4,4,9,10,75,75117,PORTE DE SAINT OUEN,48.900704,2.327514,Plein jour,En agglomération,Hors intersection,Normale,Deux véhicules - arrière,4,1,4,0,1,1,1,0,1,70,2,2,1,0,0,1,29.0,45.0,deux_roues,utilitaire_camion,1,2,1,1,2
201900039636,2019-04-03 23:26:00,2019,4,3,23,26,75,75116,PORTE DAUPHINE,48.869067,2.27085,Nuit avec éclairage allumé,En agglomération,Hors intersection,Normale,Trois véhicules et plus - en chaîne,4,1,4,0,1,1,1,1,1,70,3,6,5,0,0,1,42.0,51.0,voiture,deux_roues,5,2,1,1,4
201900039637,2019-04-04 01:50:00,2019,4,4,1,50,75,75113,BD PERIPHERIQUE EXTERIEUR,48.823513,2.382394,Nuit avec éclairage allumé,En agglomération,Hors intersection,Normale,Deux véhicules - arrière,4,1,4,0,1,1,1,0,1,70,2,3,2,0,1,0,29.0,30.0,voiture,deux_roues,5,2,1,1,2
201900039638,2019-04-02 14:00:00,2019,4,2,14,0,75,75116,ECHANGEUR MUETTE,48.861098,2.264092,Plein jour,En agglomération,Hors intersection,Normale,Deux véhicules - arrière,4,1,4,0,1,1,1,0,1,70,2,2,1,0,0,1,56.0,53.0,voiture,voiture,1,2,1,1,2
201900039639,2019-04-02 12:45:00,2019,4,2,12,45,75,75117,PORTE D ASNIERES,48.889237,2.296154,Plein jour,En agglomération,Hors intersection,Normale,Trois véhicules et plus - en chaîne,4,1,4,0,1,1,1,1,1,70,3,3,2,0,0,1,47.0,37.0,voiture,voiture,1,2,1,1,4
201900039640,2019-04-02 05:40:00,2019,4,2,5,40,75,75120,PORTE DE BAGNOLET,48.869663,2.413494,Nuit avec éclairage allumé,En agglomération,Hors intersection,Pluie légère,Trois véhicules et plus - en chaîne,4,3,5,0,1,1,2,0,1,70,3,5,1,0,0,4,44.0,28.0,utilitaire_camion,utilitaire_camion,5,2,1,2,4