accident_id,datetime,annee,mois,jour,heure,minute,departement,commune_insee,adresse,latitude,longitude,luminosite,agglomeration,intersection,meteo,collision,catr,circ,nbv,vosp,prof,plan,surf,infra,situ,vma,nb_vehicules,nb_usagers,nb_indemnes,nb_tues,nb_blesses_hosp,nb_blesses_legers,age_cond_1,age_cond_2,veh_type_cond_1,veh_type_cond_2,lum_code,agg_code,int_code,atm_code,col_code
201900039641,2019-03-20 21:30:00,2019,3,20,21,30,75,75118,PORTE DE LA CHAPELLE,48.900895,2.363941,Nuit avec éclairage allumé,En agglomération,Intersection en Y,Normale,Autre collision,4,1,4,0,1,1,1,0,1,70,1,1,0,0,0,1,38.0,,voiture,,5,2,4,1,6
201900039642,2019-04-06 15:50:00,2019,4,6,15,50,75,75105,RUE MONGE,48.841653,2.351988,Plein jour,En agglomération,Intersection en T,Normale,Autre collision,4,2,3,0,2,1,1,9,1,30,1,4,1,0,3,0,35.0,,deux_roues,,1,2,3,1,6
201900039643,2019-04-06 14:21:00,2019,4,6,14,21,75,75112,BOULEVARD DE BERCY,48.839798,2.383246,Plein jour,En agglomération,Hors intersection,Normale,Deux véhicules - côté,4,2,2,0,1,1,1,2,1,50,2,2,1,0,1,0,20.0,28.0,voiture,deux_roues,1,2,1,1,3
201900039644,2019-04-06 13:21:00,2019,4,6,13,21,75,75107,QUAI ANATOLE FRANCE,48.859554,2.32929,Plein jour,En agglomération,Intersection en X,Normale,Deux véhicules - côté,4,1,3,2,1,1,1,0,1,50,2,4,2,0,0,2,35.0,50.0,deux_roues,voiture,1,2,2,1,3
201900039645,2019-04-05 11:15:00,2019,4,5,11,15,75,75114,AVENUE DU GENERAL LECLERC,48.829606,2.328417,Plein jour,En agglomération,Intersection en T,Normale,Autre collision,4,2,5,0,1,1,1,5,1,50,1,1,0,0,1,0,,,,,1,2,3,1,6
201900039646,2019-04-04 11:12:00,2019,4,4,11,12,75,75113,AVENUE D ITALIE,48.828313,2.356613,Plein jour,En agglomération,Intersection en Y,Normale,Autre collision,4,2,2,0,1,1,1,8,1,50,1,2,1,1,0,0,48.0,,utilitaire_camion,,1,2,4,1,6
201900039647,2019-04-04 09:28:00,2019,4,4,9,28,75,75108,AVENUE WINSTON CHURCHILL,48.867739,2.313988,Plein jour,En agglomération,Intersection en X,Normale,Deux véhicules - côté,4,2,2,0,1,1,1,5,1,50,2,2,1,0,0,1,30.0,35.0,deux_roues,voiture,1,2,2,1,3
201900039648,2019-04-06 02:41:00,2019,4,6,2,41,75,75105,RUE DES ECOLES,48.849587,2.344883,Nuit avec éclairage allumé,En agglomération,Intersection en X,Normale,Deux véhicules - côté,4,2,3,3,2,1,1,0,1,50,2,2,1,0,0,1,27.0,38.0,voiture,voiture,5,2,2,1,3
201900039649,2019-04-06 15:30:00,2019,4,6,15,30,75,75120,AVENUE GAMBETTA,48.863586,2.39027,Plein jour,En agglomération,Hors intersection,Normale,Autre collision,4,2,2,0,2,1,1,0,1,50,2,1,0,0,0,1,20.0,,deux_roues,,1,2,1,1,6
201900039650,2019-04-06 08:55:00,2019,4,6,8,55,75,75120,RUE LE BUA,48.867809,2.403575,Plein jour,En agglomération,Intersection en X,Normale,Deux véhicules - côté,4,1,1,1,1,1,1,0,1,30,2,2,1,0,0,1,49.0,37.0,voiture,deux_roues,1,2,2,1,3
201900039651,2019-04-04 00:40:00,2019,4,4,0,40,75,75112,RUE TAINE,48.837313,2.391208,Nuit avec éclairage allumé,En agglomération,Intersection en X,Normale,Autre collision,4,2,2,0,1,1,1,9,5,50,2,2,1,0,0,1,27.0,24.0,deux_roues,voiture,5,2,2,1,6
201900039652,2019-04-05 16:45:00,2019,4,5,16,45,75,75119,AVENUE DE LA PORTE D AUBERVILLIERS,48.898741,2.371102,Plein jour,En agglomération,Intersection en T,Normale,Deux véhicules - arrière,4,1,3,0,1,1,1,0,1,50,2,2,1,0,0,1,26.0,32.0,utilitaire_camion,voiture,1,2,3,1,2
201900039653,2019-04-06 20:25:00,2019,4,6,20,25,75,75118,BOULEVARD BARBES,48.887434,2.349572,Nuit avec éclairage allumé,En agglomération,Intersection en X,Normale,Autre collision,4,2,4,3,1,1,1,6,1,50,1,1,0,0,0,1,,,,,5,2,2,1,6
201900039654,2019-04-05 23:20:00,2019,4,5,23,20,75,75118,RUE MARX DORMOY,48.886105,2.359489,Nuit avec éclairage allumé,En agglomération,Intersection en T,Normale,Deux véhicules - côté,4,2,4,0,1,1,1,0,1,50,2,2,1,0,0,1,23.0,29.0,deux_roues,voiture,5,2,3,1,3
201900039655,2019-04-05 14:25:00,2019,4,5,14,25,75,75118,RUE DES TROIS FRERES,48.884966,2.340481,Plein jour,En agglomération,Intersection en T,Normale,Autre collision,4,1,1,0,2,1,1,0,1,30,1,2,1,0,1,0,51.0,,deux_roues,,1,2,3,1,6
201900039656,2019-03-23 19:30:00,2019,3,23,19,30,75,75118,BOULEVARD PERIPHERIQUE,48.900646,2.331722,Nuit sans éclairage public,En agglomération,Hors intersection,Normale,Trois véhicules et plus - collisions multiples,4,3,4,0,1,1,1,0,1,70,3,3,2,0,0,1,54.0,24.0,voiture,deux_roues,3,2,1,1,5
201900039657,2019-04-05 18:20:00,2019,4,5,18,20,75,75117,AVENUE DES TERNES,48.880101,2.287881,Plein jour,En agglomération,Intersection en X,Normale,Deux véhicules - côté,4,1,4,0,1,1,1,0,1,50,2,2,1,0,0,1,39.0,29.0,deux_roues,voiture,1,2,2,1,3
201900039658,2019-04-05 12:45:00,2019,4,5,12,45,75,75117,AVENUE DE VILLIERS,48.883069,2.308351,Plein jour,En agglomération,Intersection en T,Normale,Deux véhicules - côté,4,2,4,0,1,1,1,0,1,30,2,2,1,0,0,1,33.0,33.0,voiture,voiture,1,2,3,1,3
201900039659,2019-04-04 12:05:00,2019,4,4,12,5,75,75117,RUE LEMERCIER,48.888605,2.320215,Plein jour,En agglomération,Intersection en X,Normale,Deux véhicules - côté,4,1,1,0,2,1,1,0,1,30,2,2,1,0,0,1,24.0,30.0,utilitaire_camion,deux_roues,1,2,2,1,3
201900039660,2019-04-05 23:15:00,2019,4,5,23,15,75,75116,AVENUE KLEBER,48.864787,2.288512,Nuit avec éclairage allumé,En agglomération,Hors intersection,Normale,Deux véhicules - arrière,4,2,1,0,1,1,1,0,1,50,2,3,2,0,0,1,17.0,61.0,deux_roues,voiture,5,2,1,1,2
201900039661,2019-04-05 21:50:00,2019,4,5,21,50,75,75116,AVENUE DE NEW YORK,48.862803,2.294827,Nuit avec éclairage allumé,En agglomération,Hors intersection,Normale,Trois véhicules et plus - collisions multiples,4,2,4,0,1,1,1,0,1,50,3,7,6,0,0,1,34.0,76.0,voiture,voiture,5,2,1,1,5
201900039662,2019-04-04 12:00:00,2019,4,4,12,0,75,75116,ROUTE DE SEVRES A NEUILLY,48.856603,2.23751,Plein jour,En agglomération,Hors intersection,Normale,Deux véhicules - côté,4,2,2,1,1,3,1,6,5,50,2,2,0,0,0,2,70.0,87.0,deux_roues,deux_roues,1,2,1,1,3
201900039663,2019-04-04 12:20:00,2019,4,4,12,20,75,75116,AVENUE EDOUARD VAILLANT,48.836729,2.253672,Plein jour,En agglomération,Intersection en X,Normale,Autre collision,4,1,3,0,1,1,1,0,1,50,1,2,1,0,0,1,22.0,,utilitaire_camion,,1,2,2,1,6
201900039664,2019-04-03 19:45:00,2019,4,3,19,45,75,75116,ALLEE DE LA REINE MARGUERITE,48.855789,2.243049,Crépuscule ou aube,En agglomération,Hors intersection,Normale,Deux véhicules - côté,4,2,0,0,1,1,1,0,1,50,2,2,1,0,0,1,49.0,36.0,voiture,deux_roues,2,2,1,1,3
201900039665,2019-07-18 21:45:00,2019,7,18,21,45,48,48135,D51,44.418315,3.95144,Nuit sans éclairage public,Hors agglomération,Hors intersection,Normale,Sans collision,3,2,2,0,2,3,1,0,8,80,1,1,0,0,1,0,46.0,,deux_roues,,3,1,1,1,7
201900039666,2019-07-20 19:00:00,2019,7,20,19,0,13,13022,D41E,43.215002,5.536376,Plein jour,Hors agglomération,Hors intersection,Normale,Deux véhicules - côté,3,2,2,0,2,3,1,0,1,90,2,3,1,0,0,2,54.0,21.0,deux_roues,voiture,1,1,1,1,3
201900039667,2019-07-22 09:45:00,2019,7,22,9,45,26,26002,A7 S/N PK32,45.2540951,4.8355079,Plein jour,Hors agglomération,Hors intersection,Normale,Sans collision,1,3,3,0,1,1,1,0,8,130,1,1,0,0,0,1,64.0,,voiture,,1,1,1,1,7
201900039668,2019-07-21 23:15:00,2019,7,21,23,15,89,89136,A19 PK 000+968,48.26669,3.292473,Nuit sans éclairage public,Hors agglomération,Hors intersection,Normale,Deux véhicules - côté,1,1,4,0,1,2,1,0,2,110,2,2,1,0,1,0,31.0,20.0,deux_roues,voiture,3,1,1,1,3
201900039669,2019-07-21 18:15:00,2019,7,21,18,15,68,68298,D416,48.246975,7.205612,Plein jour,Hors agglomération,Hors intersection,Normale,Sans collision,3,2,2,0,2,3,1,0,1,80,1,1,0,0,1,0,43.0,,deux_roues,,1,1,1,1,7
201900039670,2019-07-16 12:12:00,2019,7,16,12,12,67,67131,Rue des Fusiliers Marins,48.490039,7.729656,Plein jour,En agglomération,Intersection en T,Normale,Deux véhicules - arrière,7,2,2,0,1,1,1,0,1,50,2,2,1,0,0,1,48.0,33.0,voiture,deux_roues,1,2,3,1,2
201900039671,2019-07-21 01:25:00,2019,7,21,1,25,42,42046,rd8,45.630567,4.059466,Nuit sans éclairage public,Hors agglomération,Hors intersection,Pluie légère,Deux véhicules - frontale,3,2,2,0,1,1,2,0,1,80,2,2,1,0,0,1,36.0,18.0,voiture,utilitaire_camion,3,1,1,2,1
201900039672,2019-07-20 14:45:00,2019,7,20,14,45,38,38277,D529,45.00333,5.70088,Plein jour,Hors agglomération,Hors intersection,Normale,Autre collision,3,2,3,0,2,3,1,0,3,80,1,1,0,1,0,0,20.0,,deux_roues,,1,1,1,1,6
201900039673,2019-07-21 17:00:00,2019,7,21,17,0,38,38548,route de rencurel,45.07364,5.520408,Plein jour,Hors agglomération,Hors intersection,Normale,Deux véhicules - frontale,3,2,2,0,2,1,1,0,1,-1,2,2,0,0,2,0,31.0,49.0,deux_roues,deux_roues,1,1,1,1,1
201900039674,2019-07-20 17:50:00,2019,7,20,17,50,65,65059,36 Avenue Maquis de Payolle,43.0535972,0.1572433,Plein jour,Hors agglomération,Hors intersection,Normale,Deux véhicules - côté,3,2,2,0,1,2,1,0,1,70,2,2,1,0,1,0,25.0,33.0,deux_roues,voiture,1,1,1,1,3
201900039675,2019-07-17 10:26:00,2019,7,17,10,26,35,35287,La Gueriplais,48.630156,-2.091828,Plein jour,En agglomération,Intersection en T,Normale,Deux véhicules - côté,3,2,2,0,1,3,1,0,1,50,2,2,1,0,0,1,77.0,71.0,voiture,deux_roues,1,2,3,1,3
201900039676,2019-07-22 14:15:00,2019,7,22,14,15,60,60491,Rue Jules Michelet,49.348527,2.977948,Plein jour,En agglomération,Intersection en Y,Normale,Deux véhicules - côté,3,2,2,0,1,1,1,0,1,50,2,2,1,0,0,1,42.0,58.0,voiture,deux_roues,1,2,4,1,3
201900039677,2019-07-21 19:00:00,2019,7,21,19,0,62,62318,Rue Alfred de Musset,50.518694,1.647631,Plein jour,En agglomération,Hors intersection,Normale,Autre collision,4,2,2,0,1,1,1,0,1,50,1,3,2,0,0,1,19.0,,voiture,,1,2,1,1,6
201900039678,2019-07-19 19:47:00,2019,7,19,19,47,13,13055,A507 sens Marseille - Aubagne,43.30805,5.42493,Plein jour,Hors agglomération,Hors intersection,Normale,Deux véhicules - arrière,1,3,3,0,2,1,1,1,1,70,2,2,1,0,0,1,37.0,33.0,utilitaire_camion,deux_roues,1,1,1,1,2
201900039679,2019-07-21 05:00:00,2019,7,21,5,0,69,69266,RD383   3.750 A 7.640,45.765,4.907,Nuit avec éclairage non allumé,Hors agglomération,Hors intersection,Normale,Deux véhicules - arrière,3,3,8,0,1,1,2,0,1,70,2,3,2,0,0,1,24.0,28.0,utilitaire_camion,voiture,4,1,1,1,2
201900039680,2019-07-20 20:05:00,2019,7,20,20,5,91,91347,RN 104,48.62222,2.28322,Plein jour,Hors agglomération,Hors intersection,Normale,Autre collision,2,3,4,0,1,1,1,0,3,110,1,1,0,0,0,1,55.0,,utilitaire_camion,,1,1,1,1,6
201900039681,2019-07-20 04:00:00,2019,7,20,4,0,94,94017,A86.EXT,48.83009,2.4881,Nuit avec éclairage allumé,Hors agglomération,Hors intersection,Normale,Deux véhicules - arrière,1,3,2,0,2,2,1,1,1,90,2,2,1,0,0,1,20.0,42.0,voiture,voiture,5,1,1,1,2
201900039682,2019-07-17 18:10:00,2019,7,17,18,10,91,91339,GUILLERVILLE (RUE DE),48.63492,2.26654,Plein jour,En agglomération,Intersection en X,Normale,Deux véhicules - arrière,4,2,2,0,1,1,1,0,3,50,2,2,1,0,0,1,41.0,23.0,deux_roues,voiture,1,2,2,1,2
201900039683,2019-07-16 13:20:00,2019,7,16,13,20,69,69264,BURDEAU BD,45.9952621,4.7207288,Plein jour,En agglomération,Giratoire,Normale,Deux véhicules - côté,4,1,1,0,1,1,1,0,1,50,2,2,1,0,0,1,30.0,71.0,voiture,deux_roues,1,2,6,1,3
201900039684,2019-07-16 15:48:00,2019,7,16,15,48,63,63113,AURIOL (BOULEBARD VINCENT),45.79241,3.11885,Plein jour,En agglomération,Intersection en T,Normale,Deux véhicules - côté,7,2,6,1,1,1,1,9,1,50,2,2,1,0,0,1,21.0,31.0,voiture,deux_roues,1,2,3,1,3
201900039685,2019-07-19 07:35:00,2019,7,19,7,35,34,34172,rond-point de la Citoyenneté,43.62515,3.83572,Plein jour,En agglomération,Giratoire,Normale,Deux véhicules - côté,4,1,3,0,1,2,1,5,1,50,2,2,1,0,0,1,58.0,48.0,voiture,deux_roues,1,2,6,1,3
201900039686,2019-07-19 10:20:00,2019,7,19,10,20,13,13204,MONTBARD (IMPASSE),43.3036903,5.3952331,Plein jour,En agglomération,Hors intersection,Normale,Autre collision,4,2,1,0,1,1,1,0,1,50,1,2,1,0,0,1,59.0,,utilitaire_camion,,1,2,1,1,6
201900039687,2019-07-17 23:10:00,2019,7,17,23,10,13,13207,SAUVEUR TOBELEM (RUE),43.28801,5.36348,Nuit avec éclairage allumé,En agglomération,Intersection en X,Normale,Deux véhicules - côté,4,1,1,0,1,1,1,0,1,50,2,2,1,0,0,1,29.0,34.0,deux_roues,voiture,5,2,2,1,3
201900039688,2019-07-17 17:00:00,2019,7,17,17,0,13,13201,LÉON GAMBETTA (ALLEE),43.299394,5.382133,Plein jour,En agglomération,Hors intersection,Normale,Autre collision,4,2,3,0,1,1,1,0,1,50,1,1,0,0,0,1,,,,,1,2,1,1,6
201900039689,2019-07-17 14:10:00,2019,7,17,14,10,13,13207,CHARLES LIVON (BOULEVARD),43.292205,5.360302,Plein jour,En agglomération,Hors intersection,Normale,Autre collision,4,2,4,0,2,1,1,0,1,50,1,2,1,0,0,1,34.0,,deux_roues,,1,2,1,1,6
201900039690,2019-07-17 10:20:00,2019,7,17,10,20,13,13204,SEBASTOPOL (PLACE),43.29938,5.39779,Plein jour,En agglomération,Hors intersection,Normale,Autre collision,4,1,1,0,1,1,1,0,1,50,1,2,1,0,0,1,54.0,,voiture,,1,2,1,1,6
201900039691,2019-07-16 20:00:00,2019,7,16,20,0,95,95212,RN 104,49.02896,2.53939,Plein jour,Hors agglomération,Hors intersection,Normale,Autre collision,2,1,1,0,1,3,1,0,1,50,1,1,0,0,1,0,41.0,,deux_roues,,1,1,1,1,6
201900039692,2019-07-16 17:30:00,2019,7,16,17,30,93,93048,AUTOROUTE A86,48.86544,2.48164,Plein jour,Hors agglomération,Hors intersection,Normale,Deux véhicules - arrière,1,3,6,0,1,1,1,1,1,90,2,2,1,0,0,1,57.0,23.0,voiture,voiture,1,1,1,1,2
201900039693,2019-07-16 14:30:00,2019,7,16,14,30,93,93048,AUTOROUTE A86,48.872511,2.447747,Plein jour,Hors agglomération,Hors intersection,Normale,Deux véhicules - arrière,1,3,6,0,1,1,1,0,1,90,2,1,0,0,0,1,52.0,,voiture,,1,1,1,1,2
201900039694,2019-07-20 15:10:00,2019,7,20,15,10,988,98818,RUE JACQUES IEKAWE/RUE ARMAND OHLEN,-22.24839,166.46377,Plein jour,En agglomération,Intersection en X,Normale,Deux véhicules - frontale,4,2,1,0,1,1,1,0,3,50,2,3,1,0,0,2,17.0,22.0,voiture,voiture,1,2,2,1,1
201900039695,2019-07-19 15:20:00,2019,7,19,15,20,988,98818,BOULEVARD VAUBAN,-22.2685655,166.4441478,Plein jour,En agglomération,Intersection en T,Normale,Deux véhicules - côté,4,4,2,0,1,1,1,0,3,50,2,2,1,0,0,1,25.0,26.0,voiture,deux_roues,1,2,3,1,3
201900039696,2019-07-19 11:20:00,2019,7,19,11,20,976,97611,m'tsapere-Macoco Mandzarsoa ( rue ),-12.78708,45.22462,Plein jour,En agglomération,Hors intersection,Normale,Deux véhicules - frontale,4,2,2,0,2,1,1,9,1,50,2,2,1,0,0,1,46.0,16.0,voiture,deux_roues,1,2,1,1,1
201900039697,2019-07-18 08:05:00,2019,7,18,8,5,976,97611,kaweni-Massakini (rue),-12.76421,45.22721,Plein jour,Hors agglomération,Hors intersection,Normale,Deux véhicules - arrière,4,2,2,0,1,1,1,0,1,50,2,2,1,0,0,1,23.0,30.0,deux_roues,voiture,1,1,1,1,2
201900039698,2019-07-19 15:15:00,2019,7,19,15,15,974,97416,RN03,-21.3071,55.50009,Plein jour,Hors agglomération,Hors intersection,Normale,Deux véhicules - côté,4,2,2,0,2,2,1,5,1,50,2,3,2,0,0,1,38.0,32.0,voiture,deux_roues,1,1,1,1,3
201900039699,2019-07-18 16:50:00,2019,7,18,16,50,974,97416,RN 01,-21.3311817,55.4563808,Plein jour,Hors agglomération,Autre intersection,Normale,Trois véhicules et plus - en chaîne,2,2,4,0,2,1,1,9,3,110,3,4,3,0,0,1,33.0,34.0,voiture,voiture,1,1,9,1,4
201900039700,2019-07-18 08:00:00,2019,7,18,8,0,974,97411,GAULLE (DU GENERAL DE),-20.88485,55.46092,Plein jour,En agglomération,Intersection en X,Normale,Autre collision,4,1,1,0,1,1,1,0,1,30,2,2,1,0,0,1,40.0,59.0,deux_roues,voiture,1,2,2,1,6
201900039701,2019-07-17 08:05:00,2019,7,17,8,5,974,97411,OCEAN (BOULEVARD DE L'),-20.88146,55.45706,Plein jour,En agglomération,Intersection en X,Normale,Autre collision,4,2,-1,0,2,1,1,0,1,50,1,2,1,0,0,1,39.0,,voiture,,1,2,2,1,6
201900039702,2019-07-18 08:10:00,2019,7,18,8,10,974,97407,ROND POINT TITAN,-20.9425,55.2918,Plein jour,En agglomération,Giratoire,Normale,Deux véhicules - côté,4,1,2,0,1,3,1,0,1,10,2,2,1,0,0,1,15.0,72.0,deux_roues,voiture,1,2,6,1,3
201900039703,2019-07-20 03:30:00,2019,7,20,3,30,69,69387,TONY GARNIER                        (AV),45.7317115,4.8240828,Nuit avec éclairage allumé,En agglomération,Intersection en X,Normale,Deux véhicules - côté,7,1,4,0,1,2,1,0,1,50,2,2,1,0,0,1,34.0,21.0,voiture,deux_roues,5,2,2,1,3
201900039704,2019-07-19 08:40:00,2019,7,19,8,40,69,69386,FRANKLIN ROOSEVELT                  (CO),45.7692493,4.8499811,Plein jour,En agglomération,Autre intersection,Normale,Deux véhicules - côté,4,1,3,0,1,1,1,0,1,50,2,2,1,0,0,1,40.0,58.0,voiture,deux_roues,1,2,9,1,3
201900039705,2019-07-18 22:58:00,2019,7,18,22,58,69,69259,LENINE                              (BD),45.69285,4.86398,Nuit avec éclairage allumé,En agglomération,Autre intersection,Normale,Deux véhicules - côté,4,2,2,0,1,1,1,0,1,50,2,2,1,0,0,1,23.0,46.0,voiture,transport_commun,5,2,9,1,3
201900039706,2019-07-18 18:20:00,2019,7,18,18,20,69,69383,CLOS SUIPHON                        (R ),45.75848,4.84995,Plein jour,En agglomération,Intersection en X,Normale,Deux véhicules - côté,4,1,1,0,1,1,1,0,1,50,2,2,1,0,0,1,30.0,36.0,voiture,deux_roues,1,2,2,1,3
201900039707,2019-07-18 10:48:00,2019,7,18,10,48,69,69386,LAFAYETTE                           (CO),45.7636728,4.8526786,Plein jour,En agglomération,Intersection en X,Normale,Autre collision,4,3,5,3,1,1,1,0,1,50,2,2,1,0,0,1,37.0,21.0,autre,deux_roues,1,2,2,1,6
201900039708,2019-07-18 11:30:00,2019,7,18,11,30,69,69388,MARIUS BERLIET                      (R ),45.739038,4.8665198,Plein jour,En agglomération,Intersection en X,Normale,Deux véhicules - côté,4,1,2,0,1,1,1,0,1,50,2,2,1,0,0,1,38.0,23.0,deux_roues,voiture,1,2,2,1,3
201900039709,2019-07-18 09:45:00,2019,7,18,9,45,69,69383,FELIX FAURE                         (AV),45.75453,4.86645,Plein jour,En agglomération,Intersection en X,Normale,Deux véhicules - côté,4,2,0,0,1,1,1,0,1,50,2,2,1,0,1,0,43.0,58.0,deux_roues,utilitaire_camion,1,2,2,1,3
201900039710,2019-07-18 09:25:00,2019,7,18,9,25,69,69386,CREQUI (DE)                         (R ),45.77385,4.84511,Plein jour,En agglomération,Hors intersection,Normale,Sans collision,4,1,2,1,1,1,1,0,1,50,1,1,0,0,0,1,32.0,,deux_roues,,1,2,1,1,7
201900039711,2019-07-19 23:20:00,2019,7,19,23,20,972,97213,ERNEST ANDRE (RUE),14.61599,-61.00082,Nuit avec éclairage allumé,En agglomération,Hors intersection,Normale,Sans collision,4,1,1,0,1,1,1,0,1,50,1,1,0,0,1,0,41.0,,deux_roues,,5,2,1,1,7
201900039712,2019-07-19 10:29:00,2019,7,19,10,29,972,97213, A1,14.6165,-61.0156,Plein jour,En agglomération,Hors intersection,Normale,Sans collision,1,2,6,0,2,1,1,0,1,90,1,1,0,0,0,1,33.0,,voiture,,1,2,1,1,7
201900039713,2019-07-18 02:05:00,2019,7,18,2,5,972,97213, 3,14.60978,-60.9958,Nuit avec éclairage allumé,En agglomération,Hors intersection,Normale,Sans collision,3,3,2,0,1,1,1,0,1,50,1,2,0,0,1,1,20.0,,voiture,,5,2,1,1,7
201900039714,2019-07-17 14:55:00,2019,7,17,14,55,972,97213,LEON GONTRAN DAMAS (RUE),14.61555,-60.99062,Plein jour,En agglomération,Hors intersection,Normale,Trois véhicules et plus - en chaîne,4,2,2,0,1,1,1,0,1,50,3,3,1,0,1,1,44.0,37.0,voiture,voiture,1,2,1,1,4
201900039715,2019-07-19 21:40:00,2019,7,19,21,40,972,97209,RELIGIEUSES (ROUTE DES),14.60948,-61.06011,Nuit avec éclairage allumé,En agglomération,Hors intersection,Normale,Deux véhicules - arrière,4,2,2,0,1,1,1,0,1,50,2,2,1,0,0,1,19.0,43.0,voiture,deux_roues,5,2,1,1,2
201900039716,2019-07-19 17:40:00,2019,7,19,17,40,972,97209,SALVATOR ALLENDE (AVENUE),14.61034,-61.04614,Plein jour,En agglomération,Hors intersection,Normale,Sans collision,4,2,2,0,1,1,1,0,1,50,1,1,0,0,1,0,31.0,,autre,,1,2,1,1,7
201900039717,2019-07-19 15:33:00,2019,7,19,15,33,972,97209,GENERAL DE GAULLE (BLD DU),14.60771,-61.07088,Plein jour,En agglomération,Intersection en X,Normale,Deux véhicules - côté,2,3,4,0,1,1,1,0,1,50,2,3,2,0,0,1,23.0,62.0,voiture,voiture,1,2,2,1,3
201900039718,2019-07-18 02:30:00,2019,7,18,2,30,972,97209,RN9,14.61539,-61.03863,Nuit sans éclairage public,En agglomération,Autre intersection,Normale,Autre collision,2,1,1,0,1,1,1,0,1,30,1,1,0,0,1,0,45.0,,utilitaire_camion,,3,2,9,1,6
201900039719,2019-07-20 14:50:00,2019,7,20,14,50,69,69382,DOCTEUR GAILLETON (DU)              (QU),45.75242,4.8334,Plein jour,En agglomération,Hors intersection,Normale,Autre collision,4,1,4,3,1,1,1,0,1,50,2,1,0,0,0,1,35.0,,deux_roues,,1,2,1,1,6
201900039720,2019-07-20 06:00:00,2019,7,20,6,0,69,69382,BELLECOUR                           (PL),45.75838,4.83263,Crépuscule ou aube,En agglomération,Hors intersection,Normale,Sans collision,4,2,2,3,1,1,1,0,1,30,1,1,0,0,1,0,22.0,,deux_roues,,2,2,1,1,7
201900039721,2019-07-19 16:30:00,2019,7,19,16,30,69,69385,TOURVIELLE (DE)                     (R ),45.7543684,4.7960433,Plein jour,En agglomération,Intersection en X,Normale,Autre collision,4,1,1,0,1,3,1,0,1,50,1,2,1,0,0,1,47.0,,voiture,,1,2,2,1,6
201900039722,2019-07-18 06:45:00,2019,7,18,6,45,69,69389,ARLOING                             (QU),45.77301,4.81027,Crépuscule ou aube,En agglomération,Hors intersection,Normale,Sans collision,7,1,4,0,1,1,1,0,1,50,1,1,0,0,0,1,37.0,,deux_roues,,2,2,1,1,7
201900039723,2019-07-17 18:40:00,2019,7,17,18,40,2B,2B033,11 - RT,42.66703,9.44264,Plein jour,Hors agglomération,Hors intersection,Normale,Deux véhicules - frontale,4,2,2,0,1,1,1,0,1,50,2,2,1,0,1,0,26.0,27.0,voiture,deux_roues,1,1,1,1,1
201900039724,2019-07-17 13:00:00,2019,7,17,13,0,971,97101,POINTE D'OR,16.29152,-61.495,Plein jour,En agglomération,Hors intersection,Autre,Autre collision,2,2,2,0,1,1,1,0,1,50,1,2,1,1,0,0,22.0,,voiture,,1,2,1,9,6
201900039725,2019-07-18 12:05:00,2019,7,18,12,5,2A,2A004,BIANCAMARIA COLONEL ET CAPITAINE AVE,41.9329634,8.7373966,Plein jour,En agglomération,Intersection en T,Normale,Deux véhicules - côté,4,2,2,0,3,1,1,0,1,50,2,2,1,0,0,1,23.0,42.0,voiture,deux_roues,1,2,3,1,3
201900039726,2019-04-16 20:15:00,2019,4,16,20,15,95,95427,MAURICE BERTEAUX (RUE),48.97478,2.34701,Plein jour,En agglomération,Hors intersection,Normale,Autre collision,3,2,1,0,1,1,1,0,1,50,1,2,0,0,0,2,29.0,,deux_roues,,1,2,1,1,6
201900039727,2019-07-19 11:35:00,2019,7,19,11,35,91,91692,ATLANTIQUE (AVENUE DE L'),48.68325,2.19938,Plein jour,Hors agglomération,Hors intersection,Normale,Deux véhicules - côté,4,2,0,0,1,1,1,0,3,50,2,3,2,0,0,1,22.0,60.0,voiture,voiture,1,1,1,1,3
201900039728,2019-07-18 20:00:00,2019,7,18,20,0,91,91326,JEAN-PIERRE TIMBAUD (QUAI),48.69,2.38,Plein jour,En agglomération,Hors intersection,Normale,Sans collision,4,2,2,0,1,1,1,0,3,50,1,1,0,0,0,1,51.0,,voiture,,1,2,1,1,7
201900039729,2019-07-18 19:00:00,2019,7,18,19,0,91,91434,BOULEAUX (IMPAIRS DU 115 AU 147) (AVENUE,48.65466,2.36412,Plein jour,En agglomération,Intersection à plus de 4 branches,Normale,Deux véhicules - côté,4,2,2,0,1,1,1,5,1,50,2,2,1,0,0,1,25.0,84.0,voiture,voiture,1,2,5,1,3
201900039730,2019-07-20 17:00:00,2019,7,20,17,0,91,91223,R.D.721,48.41622,2.17825,Plein jour,Hors agglomération,Hors intersection,Normale,Deux véhicules - côté,3,2,2,0,1,1,1,0,3,80,2,2,1,0,0,1,23.0,46.0,voiture,voiture,1,1,1,1,3
201900039731,2019-07-17 12:30:00,2019,7,17,12,30,91,91174,GEORGES LEDU,48.59465,2.47279,Plein jour,En agglomération,Hors intersection,Normale,Sans collision,4,2,1,0,1,1,1,0,3,50,1,1,0,0,0,1,82.0,,utilitaire_camion,,1,2,1,1,7
201900039732,2019-07-18 22:30:00,2019,7,18,22,30,91,91425,EUROPE (PLACE DE L'),48.64,2.267,Nuit avec éclairage allumé,En agglomération,Intersection en T,Normale,Deux véhicules - côté,4,3,4,0,1,1,1,0,3,50,2,2,0,0,0,2,34.0,43.0,deux_roues,voiture,5,2,3,1,3