accident_id,datetime,annee,mois,jour,heure,minute,departement,commune_insee,adresse,latitude,longitude,luminosite,agglomeration,intersection,meteo,collision,catr,circ,nbv,vosp,prof,plan,surf,infra,situ,vma,nb_vehicules,nb_usagers,nb_indemnes,nb_tues,nb_blesses_hosp,nb_blesses_legers,age_cond_1,age_cond_2,veh_type_cond_1,veh_type_cond_2,lum_code,agg_code,int_code,atm_code,col_code
201900039733,2019-07-15 11:05:00,2019,7,15,11,5,89,89024,REPUBLIQUE (QUAI DE LA),47.79699,3.57497,Plein jour,En agglomération,Hors intersection,Normale,Autre collision,4,3,2,0,1,1,1,0,2,20,1,2,1,0,0,1,48.0,,voiture,,1,2,1,1,6
201900039734,2019-07-18 22:02:00,2019,7,18,22,2,87,87085,PRE SAINT YRIEIX ( ROUTE DU),45.79733,1.25562,Nuit sans éclairage public,En agglomération,Hors intersection,Normale,Autre collision,4,2,2,0,1,1,1,0,1,50,1,1,0,0,0,1,31.0,,deux_roues,,3,2,1,1,6
201900039735,2019-07-18 18:15:00,2019,7,18,18,15,87,87114,BLUM (AVENUE LEON-),45.83263,1.30455,Plein jour,En agglomération,Hors intersection,Normale,Trois véhicules et plus - en chaîne,3,2,2,0,1,1,1,0,1,50,3,3,2,0,0,1,50.0,25.0,voiture,voiture,1,2,1,1,4
201900039736,2019-07-18 12:01:00,2019,7,18,12,1,87,87085,GIFFARD (RUE HENRI),45.8702,1.2689,Plein jour,En agglomération,Hors intersection,Normale,Autre collision,6,-1,-1,0,1,1,1,0,1,30,1,2,1,0,0,1,27.0,,utilitaire_camion,,1,2,1,1,6
201900039737,2019-07-17 18:40:00,2019,7,17,18,40,87,87085,TOULOUSE (RUE DE),45.80182,1.294,Plein jour,En agglomération,Hors intersection,Normale,Autre collision,3,2,2,0,2,1,1,0,1,70,2,1,0,0,0,1,27.0,,deux_roues,,1,2,1,1,6
201900039738,2019-07-15 00:40:00,2019,7,15,0,40,86,86194,LE PELETIER (AVENUE),46.58743,0.37279,Nuit avec éclairage allumé,En agglomération,Hors intersection,Normale,Autre collision,4,1,1,0,1,1,1,0,1,50,1,2,1,0,0,1,17.0,,deux_roues,,5,2,1,1,6
201900039739,2019-07-14 23:13:00,2019,7,14,23,13,84,84007,MARSEILLE (Route de ),43.93394,4.83173,Nuit avec éclairage allumé,En agglomération,Intersection à plus de 4 branches,Normale,Deux véhicules - côté,2,4,12,1,1,1,1,0,1,50,2,4,1,0,0,3,21.0,34.0,voiture,voiture,5,2,5,1,3
201900039740,2019-07-17 01:25:00,2019,7,17,1,25,84,84007,LIMBERT (Boulevard),43.9468,4.8176,Nuit avec éclairage allumé,En agglomération,Hors intersection,Normale,Deux véhicules - côté,4,3,-1,1,1,1,1,0,1,50,2,9,3,0,0,6,18.0,22.0,voiture,voiture,5,2,1,1,3
201900039741,2019-07-18 17:20:00,2019,7,18,17,20,83,83126,LOUIS (CHEMIN ANDRE),43.11826,5.881,Plein jour,En agglomération,Hors intersection,Normale,Deux véhicules - côté,3,2,2,0,1,1,1,0,1,50,2,2,0,0,1,1,30.0,63.0,deux_roues,voiture,1,2,1,1,3
201900039742,2019-07-18 13:20:00,2019,7,18,13,20,83,83126,AV DE LA 1ERE ARMEE FRANCAISE,43.111246,5.880893,Plein jour,Hors agglomération,Hors intersection,Normale,Autre collision,3,-1,1,0,1,1,1,9,1,30,1,2,1,0,1,0,28.0,,utilitaire_camion,,1,1,1,1,6
201900039743,2019-06-21 20:30:00,2019,6,21,20,30,83,83034,RUE DES 3 PINS,43.1002,6.0614,Plein jour,Hors agglomération,Intersection à plus de 4 branches,Normale,Deux véhicules - arrière,3,2,1,0,1,1,1,0,1,50,2,2,0,0,1,1,65.0,19.0,deux_roues,deux_roues,1,1,5,1,2
201900039744,2019-07-17 13:20:00,2019,7,17,13,20,83,83034,ROUTE DE LA BENOITE,43.09098,6.07646,Plein jour,En agglomération,Hors intersection,Normale,Sans collision,4,2,2,0,2,1,1,0,1,50,1,1,0,1,0,0,61.0,,deux_roues,,1,2,1,1,7
201900039745,2019-07-19 17:47:00,2019,7,19,17,47,82,82121,ABBAYE (RUE DE L'),44.00496,1.35611,Plein jour,En agglomération,Hors intersection,Normale,Deux véhicules - côté,3,2,2,0,1,1,1,0,1,50,2,2,1,0,1,0,53.0,38.0,voiture,deux_roues,1,2,1,1,3
201900039746,2019-07-18 20:40:00,2019,7,18,20,40,81,81144,RN88 ,43.961432,2.1790173,Plein jour,Hors agglomération,Hors intersection,Normale,Deux véhicules - côté,2,1,3,3,2,2,1,0,1,70,2,2,1,0,0,1,42.0,22.0,voiture,voiture,1,1,1,1,3
201900039747,2019-07-16 17:00:00,2019,7,16,17,0,78,78551,route forestière des pavillons,48.95959,2.13168,Plein jour,Hors agglomération,Intersection en T,Normale,Deux véhicules - côté,4,2,1,0,1,1,1,0,3,30,2,2,1,0,1,0,28.0,61.0,voiture,deux_roues,1,1,3,1,3
201900039748,2019-07-08 23:50:00,2019,7,8,23,50,78,78490,DE GAULLE (AVENUE DU GENERAL),48.8238,1.9544,Nuit avec éclairage allumé,En agglomération,Hors intersection,Normale,Deux véhicules - côté,4,2,2,0,1,1,1,0,1,50,2,2,1,0,1,0,55.0,51.0,voiture,deux_roues,5,2,1,1,3
201900039749,2019-07-18 16:45:00,2019,7,18,16,45,78,78123,PELLETIER BD,48.94154,2.03772,Plein jour,En agglomération,Intersection en T,Normale,Deux véhicules - côté,3,2,3,0,1,1,1,0,3,50,2,2,1,1,0,0,23.0,60.0,voiture,deux_roues,1,2,3,1,3
201900039750,2019-07-19 23:35:00,2019,7,19,23,35,77,77462,ROUTE NATIONALE 2,49.01777,2.66019,Nuit sans éclairage public,Hors agglomération,Hors intersection,Normale,Deux véhicules - arrière,2,2,4,0,1,1,1,0,1,110,2,2,1,0,0,1,43.0,30.0,voiture,voiture,3,1,1,1,2
201900039751,2019-07-19 15:30:00,2019,7,19,15,30,77,77258,D10P X BRET. SORTIE D499ULEVARD DU),48.8389,2.6263,Plein jour,En agglomération,Intersection en Y,Normale,Deux véhicules - côté,3,3,4,0,1,1,1,5,1,50,2,2,1,0,0,1,26.0,22.0,voiture,deux_roues,1,2,4,1,3
201900039752,2019-07-18 21:30:00,2019,7,18,21,30,77,77445,MENDES-FRANCE (AVENUE PIERRE),48.596136,2.573926,Crépuscule ou aube,En agglomération,Intersection en T,Temps couvert,Deux véhicules - côté,4,2,2,0,1,1,1,0,1,50,2,2,1,0,1,0,34.0,50.0,autre,deux_roues,2,2,3,8,3
201900039753,2019-07-18 08:40:00,2019,7,18,8,40,77,77288,D605-ROCADE MELUN NORD,48.55303,2.65838,Plein jour,Hors agglomération,Hors intersection,Normale,Trois véhicules et plus - collisions multiples,3,2,4,0,1,1,1,0,1,90,3,4,1,0,1,2,39.0,40.0,voiture,voiture,1,1,1,1,5
201900039754,2019-07-18 13:05:00,2019,7,18,13,5,77,77284,VARREDES (ROUTE DE),48.9693,2.9013,Plein jour,En agglomération,Hors intersection,Normale,Deux véhicules - arrière,4,2,2,0,2,1,1,0,1,50,2,4,2,0,0,2,34.0,45.0,voiture,voiture,1,2,1,1,2
201900039755,2019-07-19 09:40:00,2019,7,19,9,40,76,76540,BELGES. BOULEVARD DES,49.44169,1.08348,Plein jour,En agglomération,Intersection en X,Normale,Deux véhicules - côté,3,2,6,1,1,1,1,0,1,50,2,2,1,0,1,0,39.0,28.0,voiture,deux_roues,1,2,2,1,3
201900039756,2019-07-17 20:10:00,2019,7,17,20,10,76,76103,REQUIER. RUE ARMAND,49.42519,1.12657,Plein jour,En agglomération,Hors intersection,Normale,Autre collision,4,2,2,0,1,1,1,0,1,30,1,2,1,0,0,1,,,,,1,2,1,1,6
201900039757,2019-07-18 09:00:00,2019,7,18,9,0,76,76497,RN 138,49.38197,1.05162,Plein jour,Hors agglomération,Hors intersection,Normale,Trois véhicules et plus - collisions multiples,2,1,2,0,1,1,1,0,1,90,3,3,0,0,0,3,35.0,52.0,voiture,voiture,1,1,1,1,5
201900039758,2019-07-17 17:17:00,2019,7,17,17,17,76,76575,A 13 - D 18 E (BRETELLE D'ACCES),49.38117,1.10979,Plein jour,Hors agglomération,Intersection en X,Normale,Deux véhicules - arrière,3,2,4,0,1,1,1,0,1,70,2,3,1,0,1,1,49.0,67.0,utilitaire_camion,voiture,1,1,2,1,2
201900039759,2019-07-17 16:10:00,2019,7,17,16,10,76,76351,PIERRE FARCIS,49.51729,0.09706,Plein jour,En agglomération,Intersection en T,Normale,Deux véhicules - côté,4,-1,2,0,1,1,1,0,1,50,2,2,1,0,0,1,39.0,23.0,voiture,deux_roues,1,2,3,1,3
201900039760,2019-07-20 17:17:00,2019,7,20,17,17,74,74008,NEGOCIANTS (RUE DES),46.1948,6.22771,Plein jour,En agglomération,Hors intersection,Normale,Deux véhicules - côté,4,2,2,1,1,1,1,5,1,50,2,2,1,0,0,1,26.0,59.0,voiture,deux_roues,1,2,1,1,3
201900039761,2019-07-17 17:30:00,2019,7,17,17,30,71,71153,SAINT SERNIN (ROUTE DE),46.81141,4.43167,Plein jour,En agglomération,Hors intersection,Normale,Autre collision,4,2,2,0,2,1,1,0,1,50,1,2,1,0,1,0,42.0,,voiture,,1,2,1,1,6
201900039762,2019-07-19 20:40:00,2019,7,19,20,40,69,69266,ROGER SALENGRO     (Avenue),45.77835,4.87947,Plein jour,En agglomération,Intersection en X,Normale,Deux véhicules - côté,4,2,1,0,1,1,1,0,1,50,2,3,2,0,0,1,32.0,21.0,voiture,voiture,1,2,2,1,3
201900039763,2019-07-19 09:10:00,2019,7,19,9,10,69,69266,EMILE ZOLA     (Cours),45.77023,4.87556,Plein jour,En agglomération,Intersection en X,Normale,Deux véhicules - côté,4,2,2,1,1,1,1,0,1,50,2,2,1,0,0,1,24.0,30.0,voiture,deux_roues,1,2,2,1,3
201900039764,2019-07-17 18:35:00,2019,7,17,18,35,69,69266,ANTOINE PRIMAT     (Rue),45.7581,4.891,Plein jour,En agglomération,Intersection en T,Normale,Deux véhicules - côté,4,2,2,0,1,1,1,0,1,50,2,3,1,0,0,2,16.0,31.0,deux_roues,voiture,1,2,3,1,3
201900039765,2019-07-18 19:45:00,2019,7,18,19,45,67,67482,CAPUCINS (RUE DES),48.577939,7.703911,Plein jour,En agglomération,Intersection en T,Normale,Deux véhicules - frontale,4,-1,2,0,1,1,1,0,1,50,2,1,0,0,0,1,34.0,,deux_roues,,1,2,3,1,1
201900039766,2019-07-18 19:08:00,2019,7,18,19,8,67,67447,DE LATTRE DE TASSIGNY (RUE),48.60698,7.74532,Plein jour,En agglomération,Intersection en T,Normale,Deux véhicules - frontale,4,2,2,0,1,1,1,0,1,50,2,2,1,0,0,1,55.0,32.0,deux_roues,voiture,1,2,3,1,1
201900039767,2019-07-18 11:40:00,2019,7,18,11,40,67,67043,GENERAL LECLERC (RUE DU),48.61405,7.75228,Plein jour,En agglomération,Intersection en T,Normale,Autre collision,4,2,0,0,1,1,1,5,1,50,1,2,1,0,0,1,72.0,,voiture,,1,2,3,1,6
201900039768,2019-07-17 17:00:00,2019,7,17,17,0,64,64122,MADRID (RUE DE),43.46874,-1.57011,Plein jour,En agglomération,Hors intersection,Normale,Autre collision,4,1,1,0,4,1,1,0,1,30,1,1,0,0,1,0,73.0,,deux_roues,,1,2,1,1,6
201900039769,2019-07-12 23:00:00,2019,7,12,23,0,64,64125,CUMBA (AVENUE),43.4470157,-1.5772677,Nuit avec éclairage allumé,En agglomération,Hors intersection,Normale,Autre collision,3,2,3,0,3,1,1,0,1,50,1,2,1,0,1,0,39.0,,voiture,,5,2,1,1,6
201900039770,2019-07-20 13:50:00,2019,7,20,13,50,62,62193,JACQUARD (BOULEVARD),50.95377,1.85114,Plein jour,En agglomération,Hors intersection,Normale,Deux véhicules - arrière,4,2,4,0,1,1,1,0,1,30,2,2,1,0,0,1,20.0,19.0,voiture,deux_roues,1,2,1,1,2
201900039771,2019-07-18 19:10:00,2019,7,18,19,10,60,60057,ROCADE NORD -NOTRE DAME DU THIL,49.46051,2.06443,Plein jour,Hors agglomération,Hors intersection,Pluie légère,Deux véhicules - frontale,3,3,4,0,2,1,2,0,1,80,2,3,0,0,2,1,15.0,46.0,voiture,voiture,1,1,1,2,1
201900039772,2019-07-12 01:55:00,2019,7,12,1,55,59,59613,RD 50,50.40685,3.60842,Nuit sans éclairage public,Hors agglomération,Hors intersection,Normale,Autre collision,3,2,2,0,1,2,1,0,3,70,1,2,0,1,1,0,22.0,,voiture,,3,1,1,1,6
201900039773,2019-07-19 21:00:00,2019,7,19,21,0,59,59599,DELROEUX (RUE DU CAPORAL),50.74028,3.18254,Crépuscule ou aube,En agglomération,Hors intersection,Normale,Autre collision,4,2,2,0,1,1,1,0,1,50,1,3,2,0,1,0,20.0,,voiture,,2,2,1,1,6
201900039774,2019-07-19 08:35:00,2019,7,19,8,35,59,59512,COLMAR (BOULEVARD DE),50.69276,3.189,Plein jour,En agglomération,Intersection en X,Normale,Deux véhicules - côté,7,3,1,3,1,1,1,0,1,50,2,4,1,0,0,3,31.0,40.0,voiture,voiture,1,2,2,1,3
201900039775,2019-07-19 17:35:00,2019,7,19,17,35,59,59392,VOIE RAPIDE MAUBEUGE / JEUMONT,50.288011,4.007888,Plein jour,Hors agglomération,Hors intersection,Normale,Autre collision,3,3,4,0,4,1,1,0,3,110,1,3,0,0,2,1,33.0,,utilitaire_camion,,1,1,1,1,6
201900039776,2019-07-12 18:05:00,2019,7,12,18,5,57,57672,ASIE (CHAUSSEE D') - PAIR,49.36204,6.14638,Plein jour,En agglomération,Giratoire,Normale,Deux véhicules - côté,4,2,2,0,1,1,1,0,1,50,2,2,1,0,0,1,28.0,71.0,voiture,voiture,1,2,6,1,3
201900039777,2019-07-17 20:05:00,2019,7,17,20,5,57,57119,SARREBOURG,48.7298642,7.0662723,Plein jour,En agglomération,Intersection en T,Normale,Deux véhicules - côté,3,2,2,0,2,1,1,0,1,50,2,2,1,0,1,0,39.0,66.0,voiture,deux_roues,1,2,3,1,3
201900039778,2019-07-18 09:00:00,2019,7,18,9,0,56,56098,GAGARINE (RUE  YOURI ),47.77439,-3.34038,Plein jour,En agglomération,Intersection en Y,Pluie légère,Deux véhicules - côté,4,2,2,0,1,1,2,0,1,50,2,2,1,0,0,1,38.0,56.0,voiture,utilitaire_camion,1,2,4,2,3
201900039779,2019-07-17 14:27:00,2019,7,17,14,27,56,56121,LECLERC ( BD GENERAL ),47.74851,-3.36553,Plein jour,En agglomération,Hors intersection,Normale,Autre collision,4,3,2,0,1,1,1,0,1,30,1,3,1,0,0,2,50.0,,voiture,,1,2,1,1,6
201900039780,2019-07-12 18:58:00,2019,7,12,18,58,54,54184,FOCH (AVENUE),48.705206,6.224765,Plein jour,En agglomération,Hors intersection,Normale,Deux véhicules - côté,4,-1,2,0,1,1,1,0,1,50,2,2,1,0,0,1,21.0,20.0,deux_roues,voiture,1,2,1,1,3
201900039781,2019-07-12 12:30:00,2019,7,12,12,30,54,54395,MON DESERT (RUE),48.682839,6.169844,Plein jour,En agglomération,Hors intersection,Normale,Autre collision,4,1,2,0,1,1,1,0,1,50,2,1,0,0,0,1,27.0,,voiture,,1,2,1,1,6
201900039782,2019-07-12 16:00:00,2019,7,12,16,0,54,54395,BOUFFLERS (AV. DE 74 A 334 - 53 A 399),48.691065,6.15321,Plein jour,Hors agglomération,Hors intersection,Normale,Sans collision,4,-1,0,0,1,1,1,0,1,30,1,1,0,0,0,1,,,,,1,1,1,1,7
201900039783,2019-07-20 02:05:00,2019,7,20,2,5,51,51454,BOULEVARD DU GENERAL LECLERC,49.2526139,4.0216972,Nuit avec éclairage allumé,En agglomération,Hors intersection,Normale,Sans collision,4,2,2,0,1,1,1,0,1,50,1,2,1,0,0,1,32.0,,voiture,,5,2,1,1,7
201900039784,2019-07-20 00:43:00,2019,7,20,0,43,51,51454,RUE DU CADRAN SAINT PIERRE,49.2558972,4.0296917,Nuit avec éclairage allumé,En agglomération,Intersection en X,Normale,Deux véhicules - frontale,4,3,2,0,1,1,1,0,1,50,2,3,2,0,0,1,19.0,24.0,voiture,deux_roues,5,2,2,1,1
201900039785,2019-07-19 15:15:00,2019,7,19,15,15,50,50532,TOMBELAINE (RUE),48.79075,-1.564385,Plein jour,En agglomération,Hors intersection,Normale,Sans collision,3,2,2,0,1,1,1,0,1,50,1,1,0,0,0,1,20.0,,deux_roues,,1,2,1,1,7
201900039786,2019-07-19 05:15:00,2019,7,19,5,15,50,50129,POLLE (RUE DE LA),49.64145,-1.64321,Nuit avec éclairage allumé,En agglomération,Intersection en T,Normale,Deux véhicules - côté,4,2,2,0,4,1,1,5,2,50,2,2,1,0,0,1,18.0,24.0,deux_roues,voiture,5,2,3,1,3
201900039787,2019-07-18 16:43:00,2019,7,18,16,43,49,49007,CHAPEAU DE GENDARME,47.45158,-0.55484,Plein jour,En agglomération,Hors intersection,Normale,Autre collision,6,-1,-1,0,1,1,1,0,1,15,2,2,1,0,0,1,53.0,14.0,voiture,deux_roues,1,2,1,1,6
201900039788,2019-07-18 15:13:00,2019,7,18,15,13,49,49353,GARE,47.45147,-0.46676,Plein jour,En agglomération,Hors intersection,Normale,Deux véhicules - frontale,4,2,2,0,1,1,1,0,1,50,2,3,0,0,0,3,59.0,21.0,voiture,voiture,1,2,1,1,1
201900039789,2019-07-17 14:27:00,2019,7,17,14,27,49,49007,LIBERTE BOULEVARD,47.44864,-0.53796,Plein jour,En agglomération,Hors intersection,Normale,Deux véhicules - arrière,4,2,2,0,1,1,1,0,1,50,2,2,1,0,0,1,63.0,50.0,deux_roues,voiture,1,2,1,1,2
201900039790,2019-07-15 10:30:00,2019,7,15,10,30,47,47215,RN 21,44.38404,0.71246,Plein jour,Hors agglomération,Hors intersection,Normale,Deux véhicules - frontale,2,2,2,0,1,1,1,0,1,70,2,2,0,1,1,0,41.0,35.0,utilitaire_camion,utilitaire_camion,1,1,1,1,1
201900039791,2019-07-20 13:00:00,2019,7,20,13,0,45,45286,AV G GALLOUX - R DE LA CORNAILLERE,47.8707143,1.9307103,Plein jour,En agglomération,Intersection en T,Normale,Deux véhicules - côté,4,2,2,0,1,1,1,0,1,50,2,2,1,0,0,1,61.0,71.0,voiture,voiture,1,2,3,1,3
201900039792,2019-07-19 19:05:00,2019,7,19,19,5,45,45169,RTE DE LA CHAPELLE,47.910255,1.8304409,Plein jour,En agglomération,Hors intersection,Normale,Sans collision,4,2,2,0,1,1,1,0,1,50,1,1,0,0,0,1,17.0,,deux_roues,,1,2,1,1,7
201900039793,2019-07-19 23:00:00,2019,7,19,23,0,44,44109,RUE PITRE CHEVALIER,47.22431,-1.55004,Crépuscule ou aube,En agglomération,Hors intersection,Normale,Autre collision,4,2,0,0,1,1,1,0,1,30,2,3,1,0,1,1,41.0,24.0,deux_roues,deux_roues,2,2,1,1,6
201900039794,2019-07-19 02:30:00,2019,7,19,2,30,44,44109,PLACE DE L'EDIT DE NANTES / IMPASSE ROSIERE D'ARTOIS,47.21459,-1.56739,Nuit avec éclairage allumé,En agglomération,Intersection à plus de 4 branches,Normale,Autre collision,4,2,0,0,1,1,1,0,1,50,2,1,0,0,0,1,31.0,,deux_roues,,5,2,5,1,6
201900039795,2019-07-18 21:15:00,2019,7,18,21,15,44,44109,CHEMIN DE L'ECOBUT,47.240613,-1.509462,Plein jour,En agglomération,Hors intersection,Temps éblouissant,Autre collision,4,2,2,0,1,1,1,6,1,30,1,2,1,0,1,0,30.0,,voiture,,1,2,1,7,6
201900039796,2019-07-18 14:00:00,2019,7,18,14,0,44,44109,PONT DE CHEVIRE,47.193005,-1.613629,Plein jour,Hors agglomération,Hors intersection,Pluie légère,Trois véhicules et plus - en chaîne,2,3,0,0,2,1,2,0,1,70,3,4,3,0,0,1,59.0,42.0,voiture,utilitaire_camion,1,1,1,2,4
201900039797,2019-07-17 20:00:00,2019,7,17,20,0,44,44109,BOULEVARD JEAN INGRES,47.22204,-1.60116,Plein jour,En agglomération,Place,Normale,Autre collision,4,2,0,0,1,1,1,0,1,50,2,5,0,0,0,5,51.0,40.0,voiture,voiture,1,2,7,1,6
201900039798,2019-07-19 23:30:00,2019,7,19,23,30,42,42187,MARENGO (RUE),46.03778,4.07542,Nuit avec éclairage allumé,En agglomération,Intersection en X,Normale,Autre collision,4,2,2,0,1,1,1,5,1,50,1,4,1,0,0,3,26.0,,voiture,,5,2,2,1,6
201900039799,2019-07-20 06:10:00,2019,7,20,6,10,42,42095,SAINT-JUST-MALMONT (RUE DE),45.38378,4.29053,Crépuscule ou aube,En agglomération,Intersection en X,Normale,Deux véhicules - frontale,4,-1,2,0,2,1,1,0,1,50,2,2,0,0,0,2,20.0,34.0,voiture,voiture,2,2,2,1,1
201900039800,2019-07-12 18:05:00,2019,7,12,18,5,40,40088,LASAOSA (BOULEVARD PAUL),43.71277,-1.04936,Plein jour,En agglomération,Hors intersection,Normale,Autre collision,4,3,2,0,1,1,1,0,1,50,1,2,1,0,0,1,60.0,,voiture,,1,2,1,1,6
201900039801,2019-07-20 22:30:00,2019,7,20,22,30,38,38185,EDMOND ESMONIN (AVENUE),45.1619,5.71572,Nuit avec éclairage allumé,En agglomération,Intersection en X,Normale,Deux véhicules - côté,3,2,2,0,1,1,1,5,1,50,2,2,1,0,1,0,24.0,24.0,deux_roues,voiture,5,2,2,1,3
201900039802,2019-06-12 19:55:00,2019,6,12,19,55,38,38053,ISLE D'ABEAU (ROUTE DE),45.60792,5.25393,Plein jour,En agglomération,Hors intersection,Temps éblouissant,Deux véhicules - côté,3,1,2,0,1,2,1,9,1,50,2,2,1,0,1,0,64.0,33.0,deux_roues,voiture,1,2,1,7,3
201900039803,2019-07-20 13:45:00,2019,7,20,13,45,37,37261,ROYER (BD JEAN),47.3802451,0.6893618,Plein jour,En agglomération,Intersection en X,Normale,Deux véhicules - côté,4,2,2,0,1,1,1,0,1,50,2,2,1,0,0,1,26.0,48.0,deux_roues,voiture,1,2,2,1,3
201900039804,2019-07-19 17:15:00,2019,7,19,17,15,37,37122,COSTES ET BELLONTE (RUE),47.35356,0.68078,Plein jour,En agglomération,Hors intersection,Normale,Autre collision,4,2,2,0,2,1,1,0,1,50,1,1,0,0,0,1,62.0,,voiture,,1,2,1,1,6
201900039805,2019-07-18 17:15:00,2019,7,18,17,15,37,37261,MONTJOYEUX (AVENUE),47.3617944,0.7025149,Plein jour,En agglomération,Hors intersection,Normale,Sans collision,4,1,1,0,4,3,1,0,1,50,1,1,0,0,0,1,17.0,,deux_roues,,1,2,1,1,7
201900039806,2019-07-20 19:45:00,2019,7,20,19,45,35,35278,ROBIQUETTE (ROND POINT DE LA),48.13411,-1.69417,Plein jour,En agglomération,Autre intersection,Normale,Deux véhicules - arrière,4,2,0,0,1,2,1,0,1,50,2,2,1,0,0,1,41.0,32.0,voiture,deux_roues,1,2,9,1,2
201900039807,2019-07-20 15:40:00,2019,7,20,15,40,35,35206,RN136,48.079514,-1.685876,Plein jour,Hors agglomération,Hors intersection,Normale,Deux véhicules - arrière,2,3,4,0,1,1,1,0,1,90,2,8,6,0,0,2,58.0,27.0,voiture,voiture,1,1,1,1,2
201900039808,2019-07-19 20:15:00,2019,7,19,20,15,35,35238,LEFAS (ALEXANDRE),48.1304759,-1.6565247,Plein jour,En agglomération,Autre intersection,Normale,Deux véhicules - côté,4,-1,1,0,1,1,1,0,1,50,2,1,0,0,0,1,18.0,,deux_roues,,1,2,9,1,3
201900039809,2019-07-18 05:25:00,2019,7,18,5,25,35,35238,ROCADE 10-11,48.111488,-1.718232,Nuit sans éclairage public,Hors agglomération,Hors intersection,Normale,Deux véhicules - arrière,2,3,5,0,1,1,1,0,1,90,2,2,0,0,0,2,59.0,40.0,voiture,utilitaire_camion,3,1,1,1,2
201900039810,2019-07-18 02:00:00,2019,7,18,2,0,35,35238,PORTE DE LORIENT,48.11008,-1.718258,Nuit sans éclairage public,Hors agglomération,Hors intersection,Normale,Sans collision,2,1,1,0,1,1,1,9,1,90,1,1,0,0,0,1,35.0,,voiture,,3,1,1,1,7
201900039811,2019-07-20 19:35:00,2019,7,20,19,35,34,34172,SAINT EXUPERY (ROND-POINT),43.59727,3.84006,Plein jour,En agglomération,Autre intersection,Normale,Autre collision,4,1,2,1,1,3,1,5,1,50,2,2,1,0,0,1,55.0,62.0,voiture,deux_roues,1,2,9,1,6
201900039812,2019-07-20 17:00:00,2019,7,20,17,0,34,34198,D66  VOIE RAPIDE,43.55835,3.96354,Plein jour,Hors agglomération,Hors intersection,Normale,Autre collision,3,1,2,0,1,1,1,3,1,80,1,5,1,0,0,4,23.0,,voiture,,1,1,1,1,6
201900039813,2019-07-20 17:50:00,2019,7,20,17,50,34,34172,LIBERTE (AVENUE DE LA,43.60977,3.8366,Plein jour,En agglomération,Hors intersection,Normale,Deux véhicules - côté,4,-1,4,0,1,1,1,9,1,50,2,3,1,0,0,2,28.0,22.0,voiture,deux_roues,1,2,1,1,3
201900039814,2019-07-19 10:45:00,2019,7,19,10,45,34,34172,CLEMENCEAU (AVENUE GEORGES),43.60285,3.87127,Plein jour,En agglomération,Intersection en T,Normale,Deux véhicules - côté,4,1,3,3,1,1,1,0,1,50,2,3,1,0,0,2,47.0,64.0,utilitaire_camion,deux_roues,1,2,3,1,3
201900039815,2019-07-19 18:25:00,2019,7,19,18,25,34,34172,LIBERTE (AVENUE DE LA,43.60882,3.84403,Plein jour,En agglomération,Hors intersection,Normale,Trois véhicules et plus - collisions multiples,4,2,2,0,1,1,1,0,1,50,4,9,5,0,0,4,35.0,54.0,voiture,voiture,1,2,1,1,5
201900039816,2019-07-14 14:15:00,2019,7,14,14,15,34,34003,RD612,43.30543,3.44853,Plein jour,Hors agglomération,Hors intersection,Normale,Trois véhicules et plus - collisions multiples,3,2,2,0,1,1,1,0,1,80,4,13,10,0,0,3,68.0,37.0,voiture,voiture,1,1,1,1,5
201900039817,2019-07-20 20:10:00,2019,7,20,20,10,33,33192,GAULLE (CRS DU GENERAL DE),44.7835,-0.6068,Plein jour,En agglomération,Intersection en T,Normale,Deux véhicules - côté,4,3,2,0,1,1,1,0,1,50,2,2,1,0,0,1,28.0,51.0,voiture,deux_roues,1,2,3,1,3
201900039818,2019-07-20 18:50:00,2019,7,20,18,50,33,33249,BRUTAILS (RUE JEAN AUGUSTE),44.88435,-0.52359,Plein jour,En agglomération,Hors intersection,Normale,Autre collision,4,2,2,0,1,1,1,0,1,50,1,2,1,0,0,1,22.0,,voiture,,1,2,1,1,6
201900039819,2019-07-19 23:21:00,2019,7,19,23,21,33,33032,"Avenue des Guerlandes - VTA fait du ""RUN"" - ""RODEO"" projette VT en stationnment avec occupant sur piétonne",44.9235,-0.5312,Nuit sans éclairage public,Hors agglomération,Giratoire,Normale,Autre collision,4,3,4,0,1,1,1,0,1,80,2,4,2,0,1,1,22.0,,voiture,,3,1,6,1,6
201900039820,2019-07-18 21:10:00,2019,7,18,21,10,33,33063,R. de l'Ecole Normale / R. de l'Hermitage (Caudéran),44.847426,-0.600921,Crépuscule ou aube,En agglomération,Intersection en T,Normale,Deux véhicules - arrière,4,1,3,1,1,1,1,0,1,50,2,2,1,0,0,1,21.0,65.0,voiture,voiture,2,2,3,1,2
201900039821,2019-07-09 20:15:00,2019,7,9,20,15,33,33063,RUE DE SEM,44.84112,-0.56207,Plein jour,En agglomération,Autre intersection,Normale,Autre collision,4,2,2,2,1,2,1,0,1,50,1,2,1,0,0,1,28.0,,voiture,,1,2,9,1,6
201900039822,2019-07-18 13:55:00,2019,7,18,13,55,33,33529,DE GAULLE (AVE GAL) DU 01 ET +,44.63509,-1.13485,Plein jour,En agglomération,Hors intersection,Normale,Deux véhicules - côté,3,2,2,0,1,1,1,0,1,50,2,4,3,0,0,1,19.0,75.0,voiture,voiture,1,2,1,1,3
201900039823,2019-07-19 09:50:00,2019,7,19,9,50,31,31555,BD LASCROSSES,43.6103,1.43481,Plein jour,En agglomération,Hors intersection,Normale,Autre collision,4,3,3,3,1,1,1,0,1,50,2,8,5,0,0,3,56.0,50.0,voiture,transport_commun,1,2,1,1,6