accident_id,datetime,annee,mois,jour,heure,minute,departement,commune_insee,adresse,latitude,longitude,luminosite,agglomeration,intersection,meteo,collision,catr,circ,nbv,vosp,prof,plan,surf,infra,situ,vma,nb_vehicules,nb_usagers,nb_indemnes,nb_tues,nb_blesses_hosp,nb_blesses_legers,age_cond_1,age_cond_2,veh_type_cond_1,veh_type_cond_2,lum_code,agg_code,int_code,atm_code,col_code
201900039913,2019-12-10 16:30:00,2019,12,10,16,30,67,67482,JURA (RUE DU),48.57653,7.75927,Crépuscule ou aube,En agglomération,Hors intersection,Normale,Autre collision,4,2,2,0,1,1,1,0,1,50,1,2,1,0,0,1,63.0,,voiture,,2,2,1,1,6
201900039914,2019-12-08 08:00:00,2019,12,8,8,0,67,67482,OHMACHT (RUE),48.592592,7.76012,Crépuscule ou aube,Hors agglomération,Hors intersection,Normale,Deux véhicules - côté,4,2,3,1,1,1,1,0,5,50,2,2,1,0,0,1,22.0,46.0,deux_roues,deux_roues,2,1,1,1,3
201900039915,2019-12-10 07:55:00,2019,12,10,7,55,67,67482,RHIN TORTU (RUE DU),48.55418,7.75831,Crépuscule ou aube,En agglomération,Intersection en T,Normale,Deux véhicules - arrière,4,1,2,0,1,3,1,0,1,50,2,2,1,0,0,1,46.0,37.0,voiture,deux_roues,2,2,3,1,2
201900039916,2019-12-11 15:00:00,2019,12,11,15,0,64,64260,LECLERC (BOULEVARD DU GENERAL),43.3698478,-1.771874,Plein jour,En agglomération,Hors intersection,Normale,Autre collision,3,2,2,0,1,1,2,8,4,50,1,2,1,1,0,0,50.0,,utilitaire_camion,,1,2,1,1,6
201900039917,2019-12-11 19:10:00,2019,12,11,19,10,64,64335,EUROPE DE L',43.31736,-0.43352,Nuit avec éclairage allumé,En agglomération,Hors intersection,Pluie forte,Deux véhicules - arrière,6,-1,-1,0,1,1,2,9,1,30,2,2,1,0,0,1,27.0,18.0,voiture,deux_roues,5,2,1,3,2
201900039918,2019-12-09 23:00:00,2019,12,9,23,0,64,64024,BELIN (RUE DU BOIS),43.49267,-1.52028,Nuit avec éclairage allumé,En agglomération,Hors intersection,Normale,Autre collision,4,2,2,0,1,1,1,0,1,50,1,1,0,0,1,0,,,,,5,2,1,1,6
201900039919,2019-12-10 08:00:00,2019,12,10,8,0,62,62108,PARIS,50.40354,1.57846,Nuit avec éclairage non allumé,En agglomération,Hors intersection,Normale,Autre collision,4,2,1,0,1,1,1,0,1,50,1,2,1,0,1,0,55.0,,voiture,,4,2,1,1,6
201900039920,2019-12-11 15:05:00,2019,12,11,15,5,59,59599,MARTYRS (RUE DES),50.73839,3.14234,Plein jour,En agglomération,Intersection en X,Pluie légère,Deux véhicules - côté,4,2,2,0,2,1,2,0,1,50,2,2,0,0,0,2,31.0,47.0,voiture,voiture,1,2,2,2,3
201900039921,2019-12-11 15:15:00,2019,12,11,15,15,59,59527,LILLE RUE DE N°2 - 36-31 - 37,50.653,3.0527,Plein jour,En agglomération,Hors intersection,Temps couvert,Autre collision,7,2,3,0,1,1,1,0,1,50,1,2,1,0,1,0,23.0,,utilitaire_camion,,1,2,1,8,6
201900039922,2019-12-10 18:30:00,2019,12,10,18,30,56,56121,DE GAULLE ( AVE DU GENERAL ),47.74052,-3.37549,Nuit avec éclairage allumé,En agglomération,Hors intersection,Pluie légère,Autre collision,4,2,2,0,1,1,2,0,1,50,1,2,1,1,0,0,63.0,,voiture,,5,2,1,2,6
201900039923,2019-11-25 09:05:00,2019,11,25,9,5,54,54395,KOENIG (Rue Maréchal Pierre),48.703222,6.146345,Plein jour,En agglomération,Hors intersection,Normale,Deux véhicules - côté,4,2,2,0,1,1,1,0,1,30,2,2,1,0,0,1,47.0,64.0,voiture,voiture,1,2,1,1,3
201900039924,2019-12-08 11:26:00,2019,12,8,11,26,54,54547,LECLERC (AVENUE DU GENERAL),48.661747,6.165089,Plein jour,En agglomération,Hors intersection,Normale,Deux véhicules - arrière,4,2,2,0,1,1,1,0,1,50,2,1,0,0,0,1,73.0,,voiture,,1,2,1,1,2
201900039925,2019-12-10 17:08:00,2019,12,10,17,8,54,54329,AVENUE DE LA LIBERATION,48.5837,6.51459,Crépuscule ou aube,En agglomération,Hors intersection,Normale,Sans collision,4,2,2,0,1,1,2,0,1,50,1,2,1,0,1,0,33.0,,utilitaire_camion,,2,2,1,1,7
201900039926,2019-12-11 16:00:00,2019,12,11,16,0,51,51454,RUE DES CRENEAUX,49.2439532,4.0436502,Crépuscule ou aube,En agglomération,Hors intersection,Normale,Sans collision,4,2,0,0,1,1,1,0,4,50,1,3,1,0,0,2,80.0,,voiture,,2,2,1,1,7
201900039927,2019-12-10 17:50:00,2019,12,10,17,50,51,51058,RUE VICTOR LAMBERT,49.2272534,3.9940884,Nuit avec éclairage allumé,En agglomération,Intersection en T,Normale,Deux véhicules - côté,4,2,2,0,1,1,1,0,1,30,2,2,1,0,0,1,23.0,25.0,voiture,voiture,5,2,3,1,3
201900039928,2019-12-11 14:15:00,2019,12,11,14,15,50,50129,MINERVE ( rond point de ),49.64256,-1.61474,Plein jour,En agglomération,Giratoire,Pluie forte,Autre collision,3,2,2,0,1,4,8,0,1,50,1,2,0,0,0,2,34.0,,voiture,,1,2,6,3,6
201900039929,2019-12-10 16:25:00,2019,12,10,16,25,50,50129,TANNERIES (RUE DES),49.63287,-1.62279,Crépuscule ou aube,En agglomération,Hors intersection,Pluie légère,Deux véhicules - arrière,3,3,4,0,4,1,2,2,1,50,2,2,1,0,0,1,59.0,50.0,voiture,utilitaire_camion,2,2,1,2,2
201900039930,2019-12-10 17:43:00,2019,12,10,17,43,50,50203,LANSONNEUR (RUE LOUIS),49.62055,-1.6187,Nuit sans éclairage public,Hors agglomération,Intersection en T,Vent fort / tempête,Deux véhicules - côté,3,2,2,0,1,3,2,5,1,50,2,2,1,0,1,0,44.0,39.0,deux_roues,voiture,3,1,3,6,3
201900039931,2019-12-10 11:50:00,2019,12,10,11,50,50,50129,JOLIOT CURIE (RUE),49.6303,-1.64391,Plein jour,En agglomération,Hors intersection,Pluie légère,Deux véhicules - frontale,4,2,2,0,1,1,2,0,1,50,2,2,1,0,0,1,16.0,55.0,deux_roues,voiture,1,2,1,2,1
201900039932,2019-12-10 08:30:00,2019,12,10,8,30,44,44184,RUE JODELLE / BD MAUPERTUIS,47.2795,-2.2315,Plein jour,En agglomération,Intersection en X,Normale,Autre collision,4,2,2,0,4,1,1,0,1,50,1,2,1,0,1,0,21.0,,voiture,,1,2,2,1,6
201900039933,2019-12-08 20:00:00,2019,12,8,20,0,44,44184,BD RENAISSANCE / RUE DE LA MATTE,47.2833367,-2.2139522,Nuit avec éclairage allumé,En agglomération,Intersection en X,Pluie forte,Deux véhicules - arrière,4,2,2,0,1,1,2,0,1,50,2,5,3,0,0,2,34.0,29.0,voiture,voiture,5,2,2,3,2
201900039934,2019-12-10 18:00:00,2019,12,10,18,0,44,44184,LAENNEC (BD DU DR RENÉ) 92 AU 306 - 153,47.27021,-2.23911,Nuit avec éclairage allumé,En agglomération,Hors intersection,Pluie légère,Autre collision,4,2,2,1,1,1,2,9,1,50,1,2,1,0,0,1,41.0,,voiture,,5,2,1,2,6
201900039935,2019-12-11 16:10:00,2019,12,11,16,10,37,37233,BLANQUI (RUE),47.39499,0.71649,Plein jour,En agglomération,Autre intersection,Pluie légère,Deux véhicules - arrière,4,2,2,0,1,1,2,0,1,50,2,4,1,0,0,3,24.0,53.0,voiture,voiture,1,2,9,2,2
201900039936,2019-12-11 07:35:00,2019,12,11,7,35,37,37195,PRIEURE (AVENUE DU),47.3828954,0.6544757,Nuit avec éclairage allumé,En agglomération,Intersection en X,Pluie légère,Deux véhicules - arrière,4,2,2,0,1,2,2,0,1,50,2,2,1,0,0,1,39.0,22.0,voiture,deux_roues,5,2,2,2,2
201900039937,2019-12-11 07:35:00,2019,12,11,7,35,35,35238,SAINT-MALO (RUE DE),48.1254736,-1.6854894,Nuit avec éclairage allumé,En agglomération,Hors intersection,Pluie légère,Deux véhicules - côté,4,2,3,0,2,1,2,0,1,50,2,2,1,0,0,1,46.0,33.0,utilitaire_camion,voiture,5,2,1,2,3
201900039938,2019-12-03 16:50:00,2019,12,3,16,50,33,33069,BD PIERRE 1ER,44.85894,-0.58977,Nuit avec éclairage allumé,En agglomération,Intersection en Y,Normale,Autre collision,4,2,5,2,1,1,1,0,5,50,1,1,0,0,0,1,47.0,,deux_roues,,5,2,4,1,6
201900039939,2019-12-10 19:00:00,2019,12,10,19,0,33,33318,ALL DES MIMOSAS,44.79099,-0.63169,Nuit avec éclairage allumé,En agglomération,Intersection en X,Normale,Autre collision,4,2,2,0,1,1,1,0,1,30,1,2,1,0,0,1,45.0,,voiture,,5,2,2,1,6
201900039940,2019-12-10 18:31:00,2019,12,10,18,31,33,33162,AVE DE SAINT-MEDARD,44.863068,-0.655226,Nuit avec éclairage allumé,En agglomération,Intersection en T,Normale,Deux véhicules - côté,4,2,3,0,1,1,1,0,1,50,2,2,1,0,0,1,37.0,36.0,voiture,deux_roues,5,2,3,1,3
201900039941,2019-12-11 10:35:00,2019,12,11,10,35,31,31555,RTE DE BLAGNAC,43.61507,1.41028,Plein jour,En agglomération,Autre intersection,Normale,Deux véhicules - côté,3,2,2,0,1,1,1,0,1,50,2,2,1,0,0,1,40.0,46.0,voiture,voiture,1,2,9,1,3
201900039942,2019-12-10 15:40:00,2019,12,10,15,40,31,31069,PARC (AV DU),43.62478,1.38618,Plein jour,En agglomération,Hors intersection,Normale,Autre collision,4,2,2,0,1,3,1,0,1,50,1,2,1,0,0,1,85.0,,voiture,,1,2,1,1,6
201900039943,2019-12-10 16:10:00,2019,12,10,16,10,31,31483,FOCH (AVENUE DU MARECHAL),43.10483,0.71426,Plein jour,En agglomération,Intersection en T,Normale,Deux véhicules - côté,3,2,2,0,1,1,1,0,1,50,2,2,1,0,0,1,19.0,18.0,deux_roues,voiture,1,2,3,1,3
201900039944,2019-12-11 17:30:00,2019,12,11,17,30,27,27306,CONCORDE (RUE),49.0077,1.173859,Nuit avec éclairage allumé,En agglomération,Intersection en X,Pluie légère,Trois véhicules et plus - collisions multiples,4,2,2,0,1,1,2,5,1,50,3,12,8,1,1,2,29.0,47.0,voiture,transport_commun,5,2,2,2,5
201900039945,2019-12-10 18:53:00,2019,12,10,18,53,25,25056,OBSERVATOIRE AVENUE DE L',47.24839,5.98674,Nuit avec éclairage allumé,En agglomération,Autre intersection,Autre,Autre collision,4,2,2,3,2,1,2,9,2,30,1,2,1,1,0,0,48.0,,transport_commun,,5,2,9,9,6
201900039946,2019-12-09 07:57:00,2019,12,9,7,57,24,24037,BRIAND (AVENUE ARISTIDE),44.852,0.46779,Crépuscule ou aube,En agglomération,Hors intersection,Pluie légère,Autre collision,4,2,2,0,1,1,2,0,1,30,1,2,1,0,1,0,48.0,,voiture,,2,2,1,2,6
201900039947,2019-12-09 10:30:00,2019,12,9,10,30,22,22113,R.D.767,48.72987,-3.43511,Plein jour,En agglomération,Hors intersection,Normale,Deux véhicules - côté,3,2,2,0,1,1,1,0,1,70,2,3,2,0,0,1,63.0,40.0,voiture,voiture,1,2,1,1,3
201900039948,2019-12-11 18:52:00,2019,12,11,18,52,17,17300,JOFFRE   BOULEVARD (27-77 et 2-1),46.15798,-1.14224,Nuit avec éclairage allumé,En agglomération,Intersection en X,Pluie légère,Autre collision,4,2,4,0,1,1,2,0,1,50,1,2,1,0,1,0,21.0,,voiture,,5,2,2,2,6
201900039949,2019-12-11 13:40:00,2019,12,11,13,40,17,17300,DUBLIN   AVENUE DE,46.16954,-1.18695,Plein jour,En agglomération,Intersection en X,Normale,Deux véhicules - côté,4,2,2,0,1,1,2,0,1,50,2,2,1,0,0,1,43.0,28.0,voiture,voiture,1,2,2,1,3
201900039950,2019-12-11 20:10:00,2019,12,11,20,10,13,13208,TURCAT MERY ALLÉE (ALLEE),43.28045,5.38733,Nuit avec éclairage allumé,En agglomération,Intersection en X,Normale,Autre collision,4,2,4,0,1,1,1,0,1,50,1,1,0,0,0,1,,,,,5,2,2,1,6
201900039951,2019-12-11 14:30:00,2019,12,11,14,30,13,13215,DE SAINT LOUIS AU ROVE (chemin),43.35398,5.35205,Plein jour,En agglomération,Hors intersection,Pluie légère,Deux véhicules - frontale,4,2,2,0,2,2,2,0,1,50,2,2,1,0,0,1,30.0,22.0,voiture,voiture,1,2,1,2,1
201900039952,2019-12-02 17:30:00,2019,12,2,17,30,13,13203,GÉNÉRAL LECLERC (RUE),43.3069,5.3679,Nuit avec éclairage allumé,En agglomération,Hors intersection,Normale,Deux véhicules - côté,4,2,4,0,2,1,1,0,1,50,2,2,1,0,0,1,30.0,52.0,voiture,voiture,5,2,1,1,3
201900039953,2019-12-09 06:35:00,2019,12,9,6,35,13,13063,FALABREGUES AVENUE,43.580325,4.999045,Nuit avec éclairage allumé,En agglomération,Hors intersection,Normale,Autre collision,4,-1,2,0,1,1,1,0,1,50,1,2,1,1,0,0,46.0,,utilitaire_camion,,5,2,1,1,6
201900039954,2019-12-10 11:45:00,2019,12,10,11,45,13,13005,CHARREL (ZAC DU),43.27958,5.55064,Plein jour,En agglomération,Hors intersection,Normale,Sans collision,6,1,1,0,1,1,1,0,1,30,1,2,1,0,0,1,35.0,,voiture,,1,2,1,1,7
201900039955,2019-12-11 23:30:00,2019,12,11,23,30,13,13001,GALICE (RTE),43.52866,5.42389,Nuit avec éclairage allumé,En agglomération,Autre intersection,Normale,Deux véhicules - côté,3,1,2,0,1,1,2,0,1,50,2,4,2,0,1,1,41.0,,voiture,,5,2,9,1,3
201900039956,2019-12-10 11:10:00,2019,12,10,11,10,11,11262,BIMAR (RUE GUILLAUME),43.19166,3.01645,Plein jour,En agglomération,Hors intersection,Normale,Sans collision,4,2,2,0,1,1,1,0,1,50,1,1,0,0,0,1,55.0,,deux_roues,,1,2,1,1,7
201900039957,2019-12-10 16:20:00,2019,12,10,16,20,11,11262,CORBIERES (RUE DES),43.17835,2.98965,Plein jour,En agglomération,Hors intersection,Normale,Deux véhicules - côté,4,2,2,0,1,1,1,0,1,50,2,2,1,0,1,0,45.0,45.0,voiture,voiture,1,2,1,1,3
201900039958,2019-12-11 10:40:00,2019,12,11,10,40,75,75120,BD PERIPHERIQUE INTERIEUR,48.865153,2.413215,Plein jour,En agglomération,Hors intersection,Normale,Trois véhicules et plus - en chaîne,4,1,4,0,1,1,2,0,1,70,3,2,1,0,0,1,61.0,46.0,voiture,voiture,1,2,1,1,4
201900039959,2019-12-10 18:00:00,2019,12,10,18,0,75,75116,BD PERIPHERIQUE EXTERIEUR,48.851105,2.2519428,Crépuscule ou aube,En agglomération,Intersection en Y,Normale,Sans collision,4,1,4,0,1,1,1,0,1,70,1,1,0,0,1,0,67.0,,deux_roues,,2,2,4,1,7
201900039960,2019-12-10 10:50:00,2019,12,10,10,50,75,75119,BD PERIPHERIQUE EXTERIEUR,48.892907,2.395457,Plein jour,En agglomération,Intersection en Y,Normale,Deux véhicules - côté,4,1,4,0,1,1,1,0,1,70,2,2,1,0,0,1,23.0,46.0,voiture,utilitaire_camion,1,2,4,1,3
201900039961,2019-12-10 07:20:00,2019,12,10,7,20,75,75117,BD PERIPHERIQUE EXTERIEUR,48.899447,2.318284,Plein jour,En agglomération,Hors intersection,Normale,Deux véhicules - côté,4,1,4,0,1,1,1,0,1,70,2,2,1,0,0,1,47.0,24.0,voiture,deux_roues,1,2,1,1,3
201900039962,2019-12-08 19:10:00,2019,12,8,19,10,75,75120,BD PERIPHERIQUE EXTERIEUR,48.877377,2.409157,Nuit avec éclairage allumé,En agglomération,Hors intersection,Normale,Deux véhicules - arrière,4,1,4,0,1,1,1,1,1,70,2,4,2,0,0,2,22.0,28.0,voiture,voiture,5,2,1,1,2
201900039963,2019-12-11 11:00:00,2019,12,11,11,0,75,75105,RUE MONGE,48.842185,2.352069,Plein jour,En agglomération,Intersection en X,Normale,Deux véhicules - côté,4,2,2,0,2,1,1,0,1,30,2,2,1,0,0,1,36.0,33.0,deux_roues,voiture,1,2,2,1,3
201900039964,2019-12-11 17:50:00,2019,12,11,17,50,75,75120,BOULEVARD DAVOUT,48.8635217,2.4086777,Nuit avec éclairage non allumé,En agglomération,Hors intersection,Normale,Autre collision,4,3,2,-1,1,1,1,0,1,50,1,2,1,0,0,1,25.0,,voiture,,4,2,1,1,6
201900039965,2019-12-11 18:30:00,2019,12,11,18,30,75,75120,BOULEVARD DE MENILMONTANT,48.8639386,2.3863986,Nuit avec éclairage allumé,En agglomération,Hors intersection,Temps couvert,Autre collision,4,3,2,-1,1,1,1,0,1,50,2,1,0,0,0,1,20.0,,deux_roues,,5,2,1,8,6
201900039966,2019-12-11 11:45:00,2019,12,11,11,45,75,75120,RUE BELGRAND,48.864572,2.406805,Plein jour,En agglomération,Hors intersection,Temps couvert,Autre collision,4,2,4,1,1,1,2,0,5,50,1,2,1,0,0,1,28.0,,deux_roues,,1,2,1,8,6
201900039967,2019-12-10 13:25:00,2019,12,10,13,25,75,75119,AVENUE DE LA PORTE D AUBERVILLIERS,48.898739,2.371109,Plein jour,En agglomération,Intersection à plus de 4 branches,Normale,Autre collision,4,1,5,0,1,1,1,0,1,30,1,2,1,0,0,1,37.0,,voiture,,1,2,5,1,6
201900039968,2019-12-11 06:39:00,2019,12,11,6,39,75,75117,AVENUE DE LA PORTE DES TERNES,48.881056,2.28389,Nuit avec éclairage allumé,En agglomération,Place,Pluie légère,Autre collision,4,2,2,0,1,1,2,0,1,30,1,2,1,0,0,1,40.0,,deux_roues,,5,2,7,2,6
201900039969,2019-12-10 13:40:00,2019,12,10,13,40,75,75118,AVENUE DE SAINT OUEN,48.8887148,2.3260081,Plein jour,En agglomération,Hors intersection,Normale,Autre collision,4,2,2,0,1,1,1,0,1,30,1,2,1,0,0,1,33.0,,deux_roues,,1,2,1,1,6
201900039970,2019-12-10 13:05:00,2019,12,10,13,5,75,75116,RUE DE LA TOUR,48.863363,2.274398,Plein jour,En agglomération,Intersection en X,Normale,Deux véhicules - côté,4,1,1,0,1,1,1,0,1,50,2,2,1,0,0,1,51.0,14.0,voiture,deux_roues,1,2,2,1,3
201900039971,2019-12-11 21:57:00,2019,12,11,21,57,75,75113,RUE DE LA GLACIERE,48.834168,2.344854,Nuit sans éclairage public,En agglomération,Intersection en X,Temps couvert,Deux véhicules - côté,4,1,2,0,1,1,2,0,1,50,2,2,1,0,0,1,26.0,31.0,deux_roues,transport_commun,3,2,2,8,3
201900039972,2019-12-11 19:20:00,2019,12,11,19,20,75,75113,PLACE D ITALIE,48.8312706,2.3562241,Nuit avec éclairage allumé,En agglomération,Place,Pluie légère,Deux véhicules - côté,4,1,4,0,1,2,2,0,1,30,2,2,1,0,0,1,33.0,39.0,deux_roues,voiture,5,2,7,2,3
201900039973,2019-12-11 06:50:00,2019,12,11,6,50,75,75114,AVENUE PIERRE DE COUBERTIN,48.8193334,2.3445672,Nuit avec éclairage allumé,En agglomération,Intersection en X,Pluie forte,Deux véhicules - arrière,4,2,2,0,1,1,2,5,1,50,2,3,2,0,0,1,55.0,22.0,voiture,deux_roues,5,2,2,3,2
201900039974,2019-12-11 08:50:00,2019,12,11,8,50,75,75111,BOULEVARD VOLTAIRE,48.8660275,2.3663306,Plein jour,En agglomération,Intersection en X,Pluie légère,Autre collision,4,2,2,0,1,1,2,0,1,50,1,2,0,0,0,2,47.0,,deux_roues,,1,2,2,2,6
201900039975,2019-12-11 15:45:00,2019,12,11,15,45,75,75108,RUE DE SAINT PETERSBOURG,48.882863,2.326523,Plein jour,En agglomération,Hors intersection,Normale,Autre collision,4,2,3,-1,2,1,1,0,1,50,1,2,1,0,0,1,43.0,,deux_roues,,1,2,1,1,6
201900039976,2019-12-11 10:40:00,2019,12,11,10,40,75,75108,RUE DU ROCHER,48.878239,2.319837,Plein jour,En agglomération,Intersection à plus de 4 branches,Temps couvert,Deux véhicules - côté,4,1,1,0,1,1,2,0,1,30,2,2,1,0,0,1,55.0,37.0,voiture,deux_roues,1,2,5,8,3
201900039977,2019-12-11 07:10:00,2019,12,11,7,10,75,75108,RUE LA BOETIE,48.874395,2.318632,Nuit avec éclairage allumé,En agglomération,Intersection en T,Pluie légère,Autre collision,4,1,3,-1,1,1,2,0,1,50,1,2,1,0,0,1,62.0,,voiture,,5,2,3,2,6
201900039978,2019-12-11 00:39:00,2019,12,11,0,39,75,75107,QUAI D ORSAY,48.862825,2.313456,Nuit avec éclairage allumé,En agglomération,Intersection en X,Normale,Deux véhicules - arrière,4,2,2,0,1,1,1,0,1,50,2,2,1,0,0,1,49.0,42.0,deux_roues,voiture,5,2,2,1,2
201900039979,2019-12-11 00:15:00,2019,12,11,0,15,75,75108,BOULEVARD DES BATIGNOLLES,48.8813261,2.317242,Nuit avec éclairage allumé,En agglomération,Hors intersection,Normale,Autre collision,4,2,2,0,1,1,1,0,1,50,2,2,1,0,1,0,34.0,,deux_roues,,5,2,1,1,6
201900039980,2019-12-11 19:00:00,2019,12,11,19,0,75,75107,BOULEVARD DES INVALIDES,48.854678,2.314847,Nuit avec éclairage allumé,En agglomération,Hors intersection,Normale,Autre collision,4,2,2,0,1,1,1,0,1,50,1,2,1,0,0,1,26.0,,deux_roues,,5,2,1,1,6
201900039981,2019-12-08 14:50:00,2019,12,8,14,50,75,75101,RUE DES PYRAMIDES,48.864097,2.332362,Plein jour,En agglomération,Hors intersection,Normale,Deux véhicules - côté,4,1,2,0,1,1,1,0,1,50,2,2,1,1,0,0,52.0,55.0,voiture,deux_roues,1,2,1,1,3
201900039982,2019-12-11 16:10:00,2019,12,11,16,10,75,75103,RUE SALOMON DE CAUS,48.8676181,2.3533055,Plein jour,En agglomération,Intersection en T,Normale,Autre collision,4,2,2,3,1,1,1,0,6,50,1,1,0,0,0,1,36.0,,deux_roues,,1,2,3,1,6
201900039983,2019-12-09 09:45:00,2019,12,9,9,45,75,75102,RUE DE LA MICHODIERE,48.868896,2.334377,Plein jour,En agglomération,Intersection en X,Pluie légère,Autre collision,4,1,1,0,1,1,2,0,1,30,1,2,1,0,0,1,29.0,,voiture,,1,2,2,2,6
201900039984,2019-12-10 17:25:00,2019,12,10,17,25,94,94081,MOULIN VERT (R DU),48.7725278,2.3679965,Nuit avec éclairage allumé,En agglomération,Intersection en T,Normale,Autre collision,4,1,2,0,1,1,1,0,1,50,1,2,1,0,0,1,24.0,,voiture,,5,2,3,1,6
201900039985,2019-12-11 12:10:00,2019,12,11,12,10,94,94078,COURTELINE (R),48.7406621,2.4547435,Plein jour,En agglomération,Intersection en T,Temps couvert,Autre collision,4,1,1,0,1,2,2,0,1,30,1,2,1,0,0,1,34.0,,voiture,,1,2,3,8,6
201900039986,2019-12-10 18:30:00,2019,12,10,18,30,94,94068,LOUIS BLANC (AV),48.7921089,2.4970279,Nuit avec éclairage allumé,En agglomération,Intersection en X,Normale,Deux véhicules - arrière,3,2,2,0,1,1,1,0,1,50,2,2,1,0,0,1,16.0,49.0,deux_roues,utilitaire_camion,5,2,2,1,2
201900039987,2019-12-10 11:50:00,2019,12,10,11,50,94,94068,PAUL DOUMER (AV),48.804666,2.494467,Plein jour,En agglomération,Hors intersection,Normale,Autre collision,4,-1,2,0,1,1,1,9,1,50,1,2,1,0,1,0,77.0,,voiture,,1,2,1,1,6
201900039988,2019-12-11 16:45:00,2019,12,11,16,45,94,94017,ALLIES (BD DES),48.82952,2.48803,Nuit avec éclairage allumé,En agglomération,Hors intersection,Normale,Autre collision,4,1,2,3,4,1,1,0,1,50,1,1,0,0,0,1,21.0,,voiture,,5,2,1,1,6
201900039989,2019-12-11 15:00:00,2019,12,11,15,0,94,94015,GEORGES CLEMENCEAU (AV),48.84328,2.52804,Plein jour,En agglomération,Hors intersection,Normale,Deux véhicules - arrière,4,2,2,0,1,1,1,0,1,50,2,2,1,0,1,0,40.0,46.0,voiture,voiture,1,2,1,1,2
201900039990,2019-12-10 17:30:00,2019,12,10,17,30,94,94046,GEORGES CLEMENCEAU (AV),48.809,2.4434,Nuit avec éclairage allumé,En agglomération,Hors intersection,Normale,Autre collision,4,2,2,0,1,1,1,0,1,50,1,2,1,0,0,1,17.0,,deux_roues,,5,2,1,1,6
201900039991,2019-12-11 18:30:00,2019,12,11,18,30,94,94016,CARNOT (AV),48.79708,2.33075,Nuit avec éclairage allumé,En agglomération,Intersection en T,Normale,Sans collision,3,2,2,0,1,1,1,6,1,30,1,2,0,0,1,1,20.0,,deux_roues,,5,2,3,1,7
201900039992,2019-12-11 08:00:00,2019,12,11,8,0,94,94016,CAMILLE DESMOULINS (R),48.79089,2.33186,Nuit avec éclairage allumé,En agglomération,Hors intersection,Pluie légère,Autre collision,3,2,3,0,2,1,2,6,1,50,1,2,1,0,0,1,40.0,,voiture,,5,2,1,2,6
201900039993,2019-12-09 13:09:00,2019,12,9,13,9,94,94028,VERDUN.(AVENUE DE),48.797017,2.46396,Plein jour,En agglomération,Hors intersection,Normale,Deux véhicules - arrière,3,1,3,0,1,1,9,0,1,50,2,2,0,0,0,2,34.0,29.0,voiture,voiture,1,2,1,1,2
201900039994,2019-12-11 07:00:00,2019,12,11,7,0,94,94011,SEMARD(RUE PIERRE),48.7651,2.4808,Nuit avec éclairage allumé,En agglomération,Hors intersection,Pluie légère,Deux véhicules - arrière,3,1,2,0,1,1,2,5,1,50,2,2,1,0,0,1,26.0,38.0,deux_roues,utilitaire_camion,5,2,1,2,2
201900039995,2019-12-11 08:32:00,2019,12,11,8,32,94,94022,LUGO (AV DE),48.7686,2.409,Crépuscule ou aube,En agglomération,Hors intersection,Normale,Autre collision,3,1,1,0,1,1,2,9,1,50,1,1,0,0,0,1,,,,,2,2,1,1,6
201900039996,2019-12-11 16:02:00,2019,12,11,16,2,94,94017,SONIA DE LAUNAY (VOI),48.81246,2.53274,Crépuscule ou aube,En agglomération,Hors intersection,Normale,Trois véhicules et plus - collisions multiples,3,2,2,0,2,1,1,0,1,50,3,3,2,0,0,1,46.0,45.0,voiture,voiture,2,2,1,1,5
201900039997,2019-12-10 19:25:00,2019,12,10,19,25,94,94080,REPUBLIQUE (AV DE LA),48.84925,2.43353,Nuit avec éclairage allumé,En agglomération,Hors intersection,Pluie légère,Autre collision,4,2,2,0,1,1,2,0,3,30,1,2,1,0,0,1,19.0,,deux_roues,,5,2,1,2,6
201900039998,2019-12-11 07:10:00,2019,12,11,7,10,94,94002,PIERRE COSMI (QU),48.81455,2.41069,Nuit avec éclairage allumé,En agglomération,Intersection en X,Pluie forte,Autre collision,3,2,4,0,1,1,2,0,1,50,1,2,1,0,0,1,47.0,,utilitaire_camion,,5,2,2,3,6
201900039999,2019-12-11 17:10:00,2019,12,11,17,10,93,93070,LOUIS BLANC(RUE),48.90668,2.33185,Crépuscule ou aube,En agglomération,Hors intersection,Pluie légère,Autre collision,4,-1,0,0,1,1,1,0,1,50,1,2,1,0,0,1,21.0,,voiture,,2,2,1,2,6
201900040000,2019-12-11 16:00:00,2019,12,11,16,0,93,93077,OUTREBON (AVENUE),48.88852,2.51095,Plein jour,En agglomération,Hors intersection,Normale,Autre collision,4,1,0,0,1,1,1,0,1,50,1,2,1,0,0,1,43.0,,voiture,,1,2,1,1,6
201900040001,2019-12-10 23:20:00,2019,12,10,23,20,93,93055,JEAN JAURES (AVENUE)(130 AU 172),48.91099,2.40009,Nuit avec éclairage allumé,En agglomération,Hors intersection,Normale,Deux véhicules - côté,3,1,2,0,1,1,1,0,1,50,2,2,1,0,0,1,28.0,44.0,utilitaire_camion,voiture,5,2,1,1,3
201900040002,2019-12-11 08:50:00,2019,12,11,8,50,93,93045,PARIS RUE DE,48.88003,2.41738,Crépuscule ou aube,En agglomération,Hors intersection,Pluie légère,Autre collision,3,2,2,0,1,1,2,0,1,50,1,2,1,0,0,1,41.0,,voiture,,2,2,1,2,6
201900040003,2019-12-09 00:20:00,2019,12,9,0,20,93,93032,MONTFERMEIL   (ALLEE DE),48.899255,2.539334,Nuit avec éclairage allumé,En agglomération,Intersection en T,Normale,Deux véhicules - arrière,4,2,0,0,1,1,1,0,1,50,2,2,1,0,0,1,20.0,45.0,deux_roues,voiture,5,2,3,1,2