accident_id,datetime,annee,mois,jour,heure,minute,departement,commune_insee,adresse,latitude,longitude,luminosite,agglomeration,intersection,meteo,collision,catr,circ,nbv,vosp,prof,plan,surf,infra,situ,vma,nb_vehicules,nb_usagers,nb_indemnes,nb_tues,nb_blesses_hosp,nb_blesses_legers,age_cond_1,age_cond_2,veh_type_cond_1,veh_type_cond_2,lum_code,agg_code,int_code,atm_code,col_code
201900040004,2019-12-11 18:15:00,2019,12,11,18,15,93,93014,POSTES (CHEMIN DES),48.90809,2.53268,Nuit avec éclairage allumé,En agglomération,Hors intersection,Normale,Autre collision,4,2,3,0,1,1,1,0,1,50,1,2,1,0,0,1,83.0,,voiture,,5,2,1,1,6
201900040005,2019-12-10 17:50:00,2019,12,10,17,50,93,93007,CHARLES FLOQUET (AVENUE),48.94032,2.45199,Crépuscule ou aube,En agglomération,Hors intersection,Normale,Deux véhicules - frontale,3,2,2,0,1,1,1,0,1,50,2,2,1,0,0,1,56.0,47.0,deux_roues,voiture,2,2,1,1,1
201900040006,2019-12-03 08:15:00,2019,12,3,8,15,92,92072,NUNGESSER ET COLI (RUE),48.82077,2.22057,Plein jour,En agglomération,Hors intersection,Normale,Autre collision,4,2,2,0,2,1,1,0,1,50,1,2,1,0,0,1,79.0,,voiture,,1,2,1,1,6
201900040007,2019-11-30 17:20:00,2019,11,30,17,20,92,92072,VILLE D'AVRAY (RUE DE ),48.8258098,2.2056381,Nuit avec éclairage allumé,En agglomération,Intersection en T,Normale,Deux véhicules - frontale,3,2,2,0,2,1,1,0,1,50,2,2,1,0,1,0,40.0,88.0,deux_roues,voiture,5,2,3,1,1
201900040008,2019-12-10 18:15:00,2019,12,10,18,15,92,92062,SOLJENITSYNE  (BD ALEXANDRE),48.8840642,2.249183,Nuit avec éclairage allumé,En agglomération,Autre intersection,Normale,Autre collision,3,1,2,0,1,1,1,0,1,5,1,2,1,0,0,1,43.0,,voiture,,5,2,9,1,6
201900040009,2019-12-11 18:00:00,2019,12,11,18,0,92,92048,FOSSES (AVENUE DES),48.80862,2.24702,Nuit avec éclairage allumé,En agglomération,Hors intersection,Pluie légère,Autre collision,4,2,0,0,2,1,2,0,1,50,1,2,1,0,0,1,39.0,,voiture,,5,2,1,2,6
201900040010,2019-12-11 01:40:00,2019,12,11,1,40,92,92040,ESTIENNE D'ORVES,48.82371,2.26607,Nuit avec éclairage allumé,En agglomération,Hors intersection,Temps couvert,Autre collision,4,1,1,0,1,1,1,0,1,50,1,1,0,0,0,1,32.0,,utilitaire_camion,,5,2,1,8,6
201900040011,2019-12-10 17:55:00,2019,12,10,17,55,92,92036,PIERRE DE COUBERTIN (BOULEVARD) (G.SAND,48.9239799,2.2858252,Nuit avec éclairage allumé,En agglomération,Intersection en T,Normale,Autre collision,3,3,4,0,1,1,1,0,1,50,1,1,0,0,0,1,35.0,,deux_roues,,5,2,3,1,6
201900040012,2019-12-10 13:15:00,2019,12,10,13,15,92,92036,MARCEL PAUL (AVENUE) (2/50),48.9403118,2.3037922,Plein jour,En agglomération,Hors intersection,Normale,Autre collision,3,2,5,0,1,1,1,0,1,50,2,2,1,0,0,1,35.0,24.0,deux_roues,voiture,1,2,1,1,6
201900040013,2019-12-11 10:00:00,2019,12,11,10,0,92,92007,RAVERA (AVENUE HENRI) N° 1 A 109 ET 2 A,48.80966,2.31734,Plein jour,En agglomération,Intersection en T,Pluie légère,Sans collision,3,2,2,0,1,1,2,8,1,50,1,1,0,0,0,1,43.0,,deux_roues,,1,2,3,2,7
201900040014,2019-12-06 14:55:00,2019,12,6,14,55,54,54462,D1d,48.585316,6.37067,Plein jour,Hors agglomération,Hors intersection,Temps couvert,Deux véhicules - frontale,3,2,2,0,1,1,1,0,1,80,2,2,0,0,1,1,41.0,19.0,voiture,voiture,1,1,1,8,1
201900040015,2019-12-11 17:15:00,2019,12,11,17,15,62,62550,D939,50.36212,2.002263,Nuit sans éclairage public,Hors agglomération,Hors intersection,Pluie légère,Trois véhicules et plus - en chaîne,3,3,4,0,2,1,1,0,1,110,3,4,3,0,0,1,77.0,40.0,voiture,voiture,3,1,1,2,4
201900040016,2019-12-10 09:45:00,2019,12,10,9,45,71,71147,D14,46.539289,4.639952,Plein jour,Hors agglomération,Intersection en X,Temps éblouissant,Deux véhicules - côté,3,2,2,0,1,1,1,9,1,80,2,3,1,0,1,1,41.0,31.0,voiture,voiture,1,1,2,7,3
201900040017,2019-12-12 15:34:00,2019,12,12,15,34,22,22234,Plouvara,48.49034,-2.925244,Plein jour,Hors agglomération,Hors intersection,Pluie légère,Sans collision,4,2,2,0,3,1,2,0,3,80,1,1,0,1,0,0,22.0,,voiture,,1,1,1,2,7
201900040018,2019-12-10 18:50:00,2019,12,10,18,50,71,71255,Route de Decize,46.639979,3.728421,Nuit sans éclairage public,Hors agglomération,Hors intersection,Normale,Trois véhicules et plus - collisions multiples,3,2,2,0,2,1,1,0,1,80,4,4,3,0,0,1,76.0,54.0,voiture,utilitaire_camion,3,1,1,1,5
201900040019,2019-05-20 20:08:00,2019,5,20,20,8,75,75113,RUE DE TOLBIAC,48.826183,2.357287,Plein jour,En agglomération,Intersection en X,Normale,Deux véhicules - frontale,4,2,4,0,1,1,1,0,1,50,2,2,1,0,0,1,25.0,39.0,deux_roues,voiture,1,2,2,1,1
201900040020,2019-05-20 18:20:00,2019,5,20,18,20,75,75113,RUE DE TOLBIAC,48.825816,2.350372,Plein jour,En agglomération,Intersection à plus de 4 branches,Normale,Deux véhicules - côté,4,2,3,0,1,1,1,0,1,50,2,2,1,0,0,1,42.0,27.0,deux_roues,voiture,1,2,5,1,3
201900040021,2019-05-19 13:45:00,2019,5,19,13,45,75,75113,BOULEVARD AUGUSTE BLANQUI,48.830384,2.352794,Plein jour,En agglomération,Intersection en X,Normale,Deux véhicules - côté,4,3,2,0,2,1,1,0,1,50,2,2,1,0,0,1,33.0,39.0,voiture,deux_roues,1,2,2,1,3
201900040022,2019-05-17 12:35:00,2019,5,17,12,35,75,75105,BOULEVARD DE L HOPITAL,48.83999,2.36174,Plein jour,En agglomération,Intersection en Y,Normale,Deux véhicules - côté,4,2,3,3,1,1,1,0,1,50,2,2,1,0,0,1,17.0,39.0,deux_roues,transport_commun,1,2,4,1,3
201900040023,2019-05-17 12:00:00,2019,5,17,12,0,75,75113,AVENUE D IVRY,48.823716,2.364895,Plein jour,En agglomération,Intersection en T,Normale,Deux véhicules - côté,4,1,2,0,1,1,1,0,1,50,2,2,1,0,0,1,72.0,33.0,voiture,deux_roues,1,2,3,1,3
201900040024,2019-05-16 20:30:00,2019,5,16,20,30,75,75113,RUE TITIEN,48.836082,2.358248,Plein jour,En agglomération,Hors intersection,Normale,Autre collision,4,1,1,0,1,1,1,0,1,50,2,2,1,0,0,1,39.0,35.0,deux_roues,voiture,1,2,1,1,6
201900040025,2019-05-16 13:20:00,2019,5,16,13,20,75,75113,AVENUE D ITALIE,48.823406,2.358136,Plein jour,En agglomération,Hors intersection,Normale,Deux véhicules - arrière,4,2,4,0,1,1,1,0,1,50,2,2,1,0,0,1,53.0,31.0,utilitaire_camion,voiture,1,2,1,1,2
201900040026,2019-05-15 19:10:00,2019,5,15,19,10,75,75113,AVENUE D ITALIE,48.826803,2.357075,Plein jour,En agglomération,Intersection en T,Normale,Deux véhicules - côté,4,2,4,0,1,1,1,0,1,50,2,2,1,0,0,1,57.0,47.0,deux_roues,voiture,1,2,3,1,3
201900040027,2019-05-14 16:45:00,2019,5,14,16,45,75,75113,RUE DUPUY DE LOME,48.821354,2.370787,Plein jour,En agglomération,Intersection en T,Normale,Deux véhicules - côté,4,2,2,0,1,2,1,0,1,50,2,2,1,0,0,1,87.0,57.0,deux_roues,deux_roues,1,2,3,1,3
201900040028,2019-05-09 16:30:00,2019,5,9,16,30,75,75113,RUE DU BANQUIER,48.834353,2.353558,Plein jour,En agglomération,Intersection en T,Pluie légère,Sans collision,4,1,1,0,2,1,2,0,1,50,1,1,0,0,0,1,54.0,,deux_roues,,1,2,3,2,7
201900040029,2019-05-07 21:23:00,2019,5,7,21,23,75,75113,RUE DE PATAY,48.824176,2.376797,Nuit avec éclairage allumé,En agglomération,Intersection en X,Normale,Deux véhicules - côté,4,2,4,0,2,1,1,0,1,50,2,2,1,0,0,1,30.0,30.0,deux_roues,voiture,5,2,2,1,3
201900040030,2019-05-07 19:55:00,2019,5,7,19,55,75,75113,BOULEVARD MASSENA,48.819106,2.361273,Plein jour,En agglomération,Hors intersection,Normale,Autre collision,4,3,4,1,1,1,1,0,5,50,1,2,1,0,0,1,32.0,,deux_roues,,1,2,1,1,6
201900040031,2019-05-07 16:05:00,2019,5,7,16,5,75,75113,QUAI PANHARD ET LEVASSOR,48.832236,2.379772,Plein jour,En agglomération,Intersection en X,Normale,Deux véhicules - côté,4,2,3,0,1,1,1,0,1,50,2,2,1,0,0,1,41.0,42.0,voiture,deux_roues,1,2,2,1,3
201900040032,2019-05-02 18:20:00,2019,5,2,18,20,75,75113,BOULEVARD VINCENT AURIOL,48.836216,2.371489,Plein jour,En agglomération,Intersection en X,Normale,Autre collision,4,1,2,0,1,1,1,8,1,50,1,1,0,0,0,1,,,,,1,2,2,1,6
201900040033,2019-05-01 18:20:00,2019,5,1,18,20,75,75113,RUE NEUVE TOLBIAC,48.831042,2.377598,Plein jour,En agglomération,Intersection en X,Normale,Deux véhicules - côté,4,2,4,0,2,1,1,5,1,50,2,2,1,0,0,1,42.0,28.0,deux_roues,voiture,1,2,2,1,3
201900040034,2019-05-29 17:30:00,2019,5,29,17,30,75,75112,PLACE FELIX EBOUE,48.839747,2.396173,Plein jour,En agglomération,Place,Normale,Autre collision,4,1,1,0,1,1,1,0,1,50,1,2,1,0,0,1,38.0,,voiture,,1,2,7,1,6
201900040035,2019-05-29 09:45:00,2019,5,29,9,45,75,75112,RUE TAINE,48.838243,2.392689,Plein jour,En agglomération,Hors intersection,Normale,Deux véhicules - côté,4,2,2,0,2,1,1,0,1,50,2,2,1,0,0,1,40.0,51.0,deux_roues,voiture,1,2,1,1,3
201900040036,2019-05-27 20:45:00,2019,5,27,20,45,75,75112,QUAI DE BERCY,48.831297,2.385165,Crépuscule ou aube,En agglomération,Hors intersection,Normale,Deux véhicules - côté,4,1,3,0,1,1,1,0,1,50,2,2,1,0,0,1,25.0,26.0,deux_roues,voiture,2,2,1,1,3
201900040037,2019-05-25 19:05:00,2019,5,25,19,5,75,75112,AVENUE DE LA PORTE DE CHARENTON,48.829921,2.400672,Plein jour,En agglomération,Hors intersection,Normale,Deux véhicules - côté,4,2,4,0,1,1,1,0,1,50,2,3,2,0,0,1,21.0,55.0,utilitaire_camion,deux_roues,1,2,1,1,3
201900040038,2019-05-25 16:05:00,2019,5,25,16,5,75,75111,RUE DU FAUBOURG SAINT ANTOINE,48.8513,2.376134,Plein jour,En agglomération,Intersection à plus de 4 branches,Temps couvert,Deux véhicules - côté,4,2,1,0,1,1,2,9,1,50,2,2,1,0,0,1,77.0,47.0,voiture,deux_roues,1,2,5,8,3
201900040039,2019-05-23 23:50:00,2019,5,23,23,50,75,75112,BOULEVARD DIDEROT,48.847342,2.386778,Nuit avec éclairage allumé,En agglomération,Intersection en X,Normale,Deux véhicules - côté,4,2,3,0,1,1,1,0,6,50,2,2,1,0,0,1,43.0,28.0,voiture,deux_roues,5,2,2,1,3
201900040040,2019-05-23 17:30:00,2019,5,23,17,30,75,75112,AVENUE DE GRAVELLE   ST MAURICE/CHARENTO,48.831432,2.420578,Plein jour,En agglomération,Hors intersection,Normale,Autre collision,4,2,2,0,1,1,1,0,1,50,3,3,2,0,0,1,21.0,55.0,voiture,voiture,1,2,1,1,6
201900040041,2019-05-23 12:25:00,2019,5,23,12,25,75,75112,RUE DU CHAROLAIS,48.843419,2.382236,Plein jour,En agglomération,Hors intersection,Normale,Deux véhicules - frontale,4,1,1,0,1,2,1,0,5,50,2,2,1,0,0,1,48.0,25.0,voiture,deux_roues,1,2,1,1,1
201900040042,2019-05-22 19:00:00,2019,5,22,19,0,75,75112,AVENUE DE SAINT MAURICE,48.825474,2.419961,Plein jour,En agglomération,Hors intersection,Normale,Trois véhicules et plus - collisions multiples,4,2,4,0,1,1,1,0,1,50,4,7,6,0,0,1,45.0,34.0,voiture,voiture,1,2,1,1,5
201900040043,2019-05-21 07:20:00,2019,5,21,7,20,75,75112,ROUTE DU PARC,48.826123,2.420067,Plein jour,En agglomération,Hors intersection,Normale,Deux véhicules - côté,4,2,2,0,1,1,1,0,1,50,2,2,1,0,0,1,49.0,66.0,voiture,deux_roues,1,2,1,1,3
201900040044,2019-05-21 00:10:00,2019,5,21,0,10,75,75112,RUE DE CHARENTON,48.837308,2.391208,Nuit avec éclairage allumé,En agglomération,Intersection en X,Normale,Deux véhicules - côté,4,2,2,0,2,1,1,5,1,50,2,5,3,0,0,2,61.0,17.0,voiture,deux_roues,5,2,2,1,3
201900040045,2019-05-19 10:10:00,2019,5,19,10,10,75,75112,BOULEVARD DE LA GUYANE,48.841753,2.414237,Plein jour,En agglomération,Hors intersection,Pluie légère,Autre collision,4,2,2,0,1,1,2,0,1,50,1,1,0,0,0,1,82.0,,voiture,,1,2,1,2,6
201900040046,2019-05-19 09:15:00,2019,5,19,9,15,75,75112,BOULEVARD SOULT,48.835581,2.406506,Plein jour,En agglomération,Intersection en X,Pluie légère,Autre collision,4,3,4,0,1,1,2,6,1,50,1,2,1,0,0,1,26.0,,voiture,,1,2,2,2,6
201900040047,2019-05-17 19:40:00,2019,5,17,19,40,75,75112,RUE DE REUILLY,48.844209,2.390274,Plein jour,En agglomération,Intersection en X,Normale,Deux véhicules - côté,4,2,1,0,1,1,1,0,1,50,2,2,1,0,1,0,29.0,38.0,voiture,deux_roues,1,2,2,1,3
201900040048,2019-05-16 09:15:00,2019,5,16,9,15,75,75112,AVENUE DE NOGENT,48.84424,2.440731,Plein jour,En agglomération,Hors intersection,Normale,Autre collision,4,1,2,0,1,1,1,0,1,30,1,1,0,0,0,1,52.0,,transport_commun,,1,2,1,1,6
201900040049,2019-05-15 17:50:00,2019,5,15,17,50,75,75112,AVENUE DE SAINT MAURICE,48.825639,2.419948,Plein jour,En agglomération,Hors intersection,Normale,Deux véhicules - côté,4,2,4,0,1,1,1,0,1,50,2,2,1,0,0,1,38.0,61.0,voiture,deux_roues,1,2,1,1,3
201900040050,2019-05-15 10:45:00,2019,5,15,10,45,75,75112,AVENUE DE SAINT MAURICE,48.832093,2.420514,Plein jour,En agglomération,Hors intersection,Normale,Deux véhicules - côté,4,2,2,0,1,1,1,0,1,50,2,2,1,0,0,1,22.0,37.0,deux_roues,voiture,1,2,1,1,3
201900040051,2019-05-14 17:05:00,2019,5,14,17,5,75,75112,RUE MONTGALLET,48.842948,2.386567,Plein jour,En agglomération,Hors intersection,Normale,Autre collision,4,1,1,0,2,1,1,0,1,30,1,3,2,0,0,1,74.0,,voiture,,1,2,1,1,6
201900040052,2019-05-14 15:45:00,2019,5,14,15,45,75,75112,AVENUE DE GRAVELLE,48.819816,2.436193,Plein jour,En agglomération,Intersection en Y,Normale,Deux véhicules - arrière,4,2,2,0,1,1,1,0,1,50,2,2,1,0,0,1,43.0,35.0,voiture,deux_roues,1,2,4,1,2
201900040053,2019-05-12 19:15:00,2019,5,12,19,15,75,75111,RUE DU FAUBOURG SAINT ANTOINE,48.851876,2.373818,Plein jour,En agglomération,Intersection en T,Normale,Deux véhicules - côté,4,1,2,0,1,2,1,8,1,50,2,2,1,0,0,1,41.0,28.0,deux_roues,deux_roues,1,2,3,1,3
201900040054,2019-05-11 15:39:00,2019,5,11,15,39,75,75112,RUE BARON LE ROY,48.834744,2.387897,Plein jour,En agglomération,Intersection en T,Normale,Autre collision,4,2,2,0,1,1,1,0,1,50,1,2,1,0,0,1,55.0,,voiture,,1,2,3,1,6
201900040055,2019-05-10 14:30:00,2019,5,10,14,30,75,75112,AVENUE COURTELINE,48.844223,2.411057,Plein jour,En agglomération,Hors intersection,Normale,Autre collision,4,2,2,0,1,1,1,0,1,50,2,2,1,0,0,1,76.0,69.0,deux_roues,voiture,1,2,1,1,6
201900040056,2019-05-09 18:30:00,2019,5,9,18,30,75,75112,SOUTERRAIN QUAI DE LA RAPEE,48.844027,2.369297,Plein jour,En agglomération,Hors intersection,Normale,Autre collision,4,3,6,0,2,1,1,2,1,50,1,1,0,0,0,1,39.0,,deux_roues,,1,2,1,1,6
201900040057,2019-05-09 15:45:00,2019,5,9,15,45,75,75112,BOULEVARD DIDEROT,48.847003,2.383774,Plein jour,En agglomération,Intersection en X,Temps couvert,Autre collision,4,2,2,2,2,1,1,0,5,50,2,1,0,0,0,1,47.0,,deux_roues,,1,2,2,8,6
201900040058,2019-05-07 16:00:00,2019,5,7,16,0,75,75112,RUE DU SERGENT BAUCHAT,48.845891,2.393775,Plein jour,En agglomération,Hors intersection,Normale,Autre collision,4,2,2,0,1,1,1,0,1,50,1,2,1,0,0,1,32.0,,deux_roues,,1,2,1,1,6
201900040059,2019-05-07 15:15:00,2019,5,7,15,15,75,75112,BOULEVARD DE PICPUS,48.841199,2.401035,Plein jour,En agglomération,Intersection en T,Normale,Autre collision,4,2,2,0,1,1,1,0,1,50,1,2,1,0,0,1,64.0,,voiture,,1,2,3,1,6
201900040060,2019-05-07 10:45:00,2019,5,7,10,45,75,75112,RUE DU FAUBOURG SAINT ANTOINE,48.84815,2.38256,Plein jour,En agglomération,Hors intersection,Normale,Autre collision,6,-1,-1,0,1,1,1,6,1,20,1,3,0,0,0,3,27.0,,deux_roues,,1,2,1,1,6
201900040061,2019-05-07 09:45:00,2019,5,7,9,45,75,75112,BOULEVARD PERIPHERIQUE,48.826727,2.389878,Plein jour,En agglomération,Intersection en Y,Normale,Trois véhicules et plus - en chaîne,4,1,3,0,1,1,1,0,1,70,3,3,2,0,0,1,47.0,39.0,voiture,voiture,1,2,4,1,4
201900040062,2019-05-07 09:45:00,2019,5,7,9,45,75,75112,RUE MOREAU,48.848921,2.371991,Plein jour,En agglomération,Intersection en T,Normale,Deux véhicules - côté,4,1,1,0,1,1,1,0,1,30,2,2,1,0,0,1,25.0,52.0,deux_roues,deux_roues,1,2,3,1,3
201900040063,2019-05-28 09:50:00,2019,5,28,9,50,75,75111,AVENUE PARMENTIER,48.859591,2.379161,Plein jour,En agglomération,Hors intersection,Temps couvert,Deux véhicules - côté,4,2,2,0,1,1,1,0,1,50,2,2,1,0,0,1,57.0,30.0,deux_roues,voiture,1,2,1,8,3
201900040064,2019-05-27 17:14:00,2019,5,27,17,14,75,75111,BOULEVARD VOLTAIRE,48.854571,2.385532,Plein jour,En agglomération,Hors intersection,Normale,Deux véhicules - côté,4,2,2,0,1,1,1,0,1,50,2,2,1,0,0,1,48.0,65.0,utilitaire_camion,deux_roues,1,2,1,1,3
201900040065,2019-05-26 19:45:00,2019,5,26,19,45,75,75111,RUE DE CHARONNE,48.854895,2.386159,Plein jour,En agglomération,Intersection en T,Normale,Deux véhicules - côté,4,2,2,0,1,1,1,0,1,50,2,2,1,0,0,1,18.0,22.0,deux_roues,deux_roues,1,2,3,1,3
201900040066,2019-05-26 15:35:00,2019,5,26,15,35,75,75111,BOULEVARD VOLTAIRE,48.854698,2.385315,Plein jour,En agglomération,Intersection en X,Normale,Deux véhicules - côté,4,2,4,1,1,1,1,0,5,50,2,2,1,0,0,1,31.0,28.0,deux_roues,deux_roues,1,2,2,1,3
201900040067,2019-05-26 01:10:00,2019,5,26,1,10,75,75111,BOULEVARD RICHARD LENOIR,48.857049,2.371218,Nuit avec éclairage allumé,En agglomération,Intersection en T,Normale,Deux véhicules - côté,4,1,2,0,1,1,1,0,1,50,2,2,1,0,0,1,31.0,24.0,voiture,deux_roues,5,2,3,1,3
201900040068,2019-05-21 19:30:00,2019,5,21,19,30,75,75111,BOULEVARD DE MENILMONTANT,48.860352,2.388502,Plein jour,En agglomération,Hors intersection,Normale,Deux véhicules - côté,4,3,1,0,1,1,1,0,1,50,2,2,1,0,0,1,66.0,45.0,voiture,deux_roues,1,2,1,1,3
201900040069,2019-05-20 13:00:00,2019,5,20,13,0,75,75111,BOULEVARD VOLTAIRE,48.855304,2.384295,Plein jour,En agglomération,Intersection en X,Temps couvert,Deux véhicules - frontale,4,2,4,0,1,1,1,0,1,30,2,2,1,0,0,1,37.0,40.0,deux_roues,voiture,1,2,2,8,1
201900040070,2019-05-19 19:30:00,2019,5,19,19,30,75,75111,RUE DE LA FOLIE REGNAULT,48.859825,2.386569,Plein jour,En agglomération,Hors intersection,Pluie légère,Autre collision,4,1,1,0,1,1,2,6,1,1,1,1,0,0,0,1,,,,,1,2,1,2,6
201900040071,2019-05-17 09:10:00,2019,5,17,9,10,75,75111,AVENUE LEDRU ROLLIN,48.855634,2.37865,Plein jour,En agglomération,Intersection en X,Normale,Deux véhicules - côté,4,-1,2,0,1,1,1,0,1,50,2,2,1,0,0,1,70.0,30.0,voiture,deux_roues,1,2,2,1,3
201900040072,2019-05-17 07:55:00,2019,5,17,7,55,75,75111,RUE LEON FROT,48.858536,2.383672,Plein jour,En agglomération,Intersection en X,Normale,Sans collision,4,1,1,0,1,1,1,0,1,50,1,1,0,0,0,1,31.0,,deux_roues,,1,2,2,1,7
201900040073,2019-05-15 19:55:00,2019,5,15,19,55,75,75111,RUE DES BOULETS,48.850003,2.391027,Plein jour,En agglomération,Hors intersection,Normale,Autre collision,4,1,1,0,1,1,1,0,1,50,2,2,1,0,0,1,24.0,19.0,voiture,deux_roues,1,2,1,1,6
201900040074,2019-05-14 08:55:00,2019,5,14,8,55,75,75111,RUE DE CHARONNE,48.853426,2.379595,Plein jour,En agglomération,Hors intersection,Normale,Autre collision,4,2,2,0,1,1,1,0,1,30,1,2,1,0,0,1,27.0,,deux_roues,,1,2,1,1,6
201900040075,2019-05-10 13:40:00,2019,5,10,13,40,75,75111,AVENUE DE LA REPUBLIQUE,48.866477,2.36814,Plein jour,En agglomération,Intersection en Y,Normale,Deux véhicules - côté,4,2,4,0,1,1,1,0,1,50,2,2,1,0,1,0,52.0,50.0,deux_roues,deux_roues,1,2,4,1,3
201900040076,2019-05-07 18:45:00,2019,5,7,18,45,75,75111,RUE JEAN PIERRE TIMBAUD,48.867792,2.377789,Plein jour,En agglomération,Hors intersection,Normale,Autre collision,4,3,2,3,2,1,1,6,6,30,1,1,0,0,0,1,,,,,1,2,1,1,6
201900040077,2019-05-06 08:05:00,2019,5,6,8,5,75,75111,RUE SEDAINE,48.85569,2.37167,Plein jour,En agglomération,Intersection en X,Normale,Autre collision,4,1,1,0,1,1,1,0,1,50,1,2,0,0,0,2,41.0,,deux_roues,,1,2,2,1,6
201900040078,2019-05-06 09:00:00,2019,5,6,9,0,75,75111,BOULEVARD VOLTAIRE,48.855309,2.384293,Plein jour,En agglomération,Intersection en X,Normale,Autre collision,4,2,4,0,1,1,1,0,1,50,1,2,1,0,0,1,40.0,,deux_roues,,1,2,2,1,6
201900040079,2019-05-04 17:30:00,2019,5,4,17,30,75,75111,BOULEVARD RICHARD LENOIR,48.862305,2.372569,Plein jour,En agglomération,Intersection en X,Temps couvert,Deux véhicules - côté,4,3,4,0,1,3,2,0,1,50,2,2,1,0,0,1,35.0,29.0,voiture,deux_roues,1,2,2,8,3
201900040080,2019-05-03 20:15:00,2019,5,3,20,15,75,75111,RUE DE CHARONNE,48.855539,2.389869,Plein jour,En agglomération,Hors intersection,Normale,Sans collision,4,2,1,0,1,1,2,0,1,50,1,1,0,0,0,1,28.0,,deux_roues,,1,2,1,1,7
201900040081,2019-04-30 22:50:00,2019,4,30,22,50,75,75111,AVENUE PARMENTIER,48.860986,2.377984,Nuit avec éclairage allumé,En agglomération,Hors intersection,Normale,Autre collision,4,2,2,0,1,1,1,0,1,50,2,1,0,0,0,1,34.0,,deux_roues,,5,2,1,1,6
201900040082,2019-04-30 19:50:00,2019,4,30,19,50,75,75111,BOULEVARD DE MENILMONTANT,48.860963,2.388205,Plein jour,En agglomération,Intersection en X,Normale,Autre collision,4,1,1,1,1,1,1,0,1,50,1,2,1,0,0,1,29.0,,deux_roues,,1,2,2,1,6
201900040083,2019-04-29 13:05:00,2019,4,29,13,5,75,75111,BOULEVARD VOLTAIRE,48.85975,2.376844,Plein jour,En agglomération,Intersection en X,Normale,Autre collision,4,2,2,0,1,1,1,0,1,50,1,2,1,0,0,1,37.0,,deux_roues,,1,2,2,1,6
201900040084,2019-04-29 12:00:00,2019,4,29,12,0,75,75110,BOULEVARD DE BELLEVILLE,48.872022,2.376836,Plein jour,En agglomération,Intersection en X,Normale,Deux véhicules - arrière,4,1,1,0,1,1,1,0,1,50,2,3,2,0,0,1,46.0,31.0,voiture,utilitaire_camion,1,2,2,1,2
201900040085,2019-04-28 20:40:00,2019,4,28,20,40,75,75111,RUE SEDAINE,48.85569,2.371666,Crépuscule ou aube,En agglomération,Intersection en X,Normale,Deux véhicules - côté,4,1,1,0,1,1,1,0,1,50,2,2,1,0,0,1,31.0,68.0,deux_roues,voiture,2,2,2,1,3
201900040086,2019-05-27 20:30:00,2019,5,27,20,30,75,75110,BOULEVARD DE MAGENTA,48.876039,2.356288,Plein jour,En agglomération,Intersection en T,Normale,Deux véhicules - côté,4,2,4,1,1,1,1,0,5,50,2,2,1,0,0,1,61.0,40.0,utilitaire_camion,deux_roues,1,2,3,1,3
201900040087,2019-05-27 09:30:00,2019,5,27,9,30,75,75110,RUE RENE BOULANGER,48.868938,2.358789,Plein jour,En agglomération,Intersection en T,Normale,Sans collision,4,1,1,0,1,1,1,0,1,30,1,1,0,0,0,1,54.0,,deux_roues,,1,2,3,1,7
201900040088,2019-05-23 18:00:00,2019,5,23,18,0,75,75110,BOULEVARD DE LA CHAPELLE,48.884308,2.359362,Plein jour,En agglomération,Intersection à plus de 4 branches,Normale,Deux véhicules - côté,4,2,3,0,1,1,1,0,1,50,2,2,1,0,0,1,53.0,29.0,deux_roues,deux_roues,1,2,5,1,3
201900040089,2019-05-20 23:50:00,2019,5,20,23,50,75,75110,BOULEVARD DE LA VILLETTE,48.87919,2.370089,Nuit avec éclairage allumé,En agglomération,Hors intersection,Normale,Deux véhicules - côté,4,1,2,0,1,1,1,0,5,50,2,2,1,0,0,1,28.0,21.0,voiture,deux_roues,5,2,1,1,3
201900040090,2019-05-15 18:45:00,2019,5,15,18,45,75,75103,BOULEVARD SAINT MARTIN,48.868522,2.358492,Plein jour,En agglomération,Hors intersection,Normale,Deux véhicules - côté,4,2,4,3,1,1,1,0,1,50,2,2,1,0,0,1,45.0,50.0,deux_roues,voiture,1,2,1,1,3
201900040091,2019-05-14 19:05:00,2019,5,14,19,5,75,75102,BOULEVARD DE BONNE NOUVELLE,48.869914,2.351605,Plein jour,En agglomération,Hors intersection,Normale,Deux véhicules - côté,4,1,3,0,1,1,1,0,1,50,2,2,1,0,0,1,56.0,27.0,deux_roues,deux_roues,1,2,1,1,3
201900040092,2019-05-13 15:59:00,2019,5,13,15,59,75,75110,RUE LA FAYETTE,48.877209,2.348993,Plein jour,En agglomération,Intersection en X,Normale,Autre collision,4,1,3,3,2,1,1,0,6,50,1,1,0,0,0,1,,,,,1,2,2,1,6
201900040093,2019-05-09 16:00:00,2019,5,9,16,0,75,75110,BOULEVARD DE STRASBOURG,48.871025,2.355218,Plein jour,En agglomération,Intersection en T,Normale,Deux véhicules - arrière,4,1,4,0,1,1,1,0,1,50,2,2,1,0,0,1,33.0,44.0,voiture,utilitaire_camion,1,2,3,1,2
201900040094,2019-05-05 20:17:00,2019,5,5,20,17,75,75110,BOULEVARD DE LA VILLETTE,48.884208,2.365717,Crépuscule ou aube,En agglomération,Hors intersection,Normale,Deux véhicules - côté,4,1,2,0,1,1,2,8,1,50,2,2,1,0,0,1,42.0,23.0,voiture,transport_commun,2,2,1,1,3
201900040095,2019-05-02 14:45:00,2019,5,2,14,45,75,75110,BOULEVARD DE MAGENTA,48.871085,2.360721,Plein jour,En agglomération,Hors intersection,Pluie légère,Autre collision,4,2,4,0,1,1,2,0,1,50,1,2,1,0,0,1,47.0,,voiture,,1,2,1,2,6