accident_id,datetime,annee,mois,jour,heure,minute,departement,commune_insee,adresse,latitude,longitude,luminosite,agglomeration,intersection,meteo,collision,catr,circ,nbv,vosp,prof,plan,surf,infra,situ,vma,nb_vehicules,nb_usagers,nb_indemnes,nb_tues,nb_blesses_hosp,nb_blesses_legers,age_cond_1,age_cond_2,veh_type_cond_1,veh_type_cond_2,lum_code,agg_code,int_code,atm_code,col_code
201900040096,2019-05-02 03:15:00,2019,5,2,3,15,75,75110,BOULEVARD DE MAGENTA,48.877347,2.355114,Nuit avec éclairage allumé,En agglomération,Intersection en X,Normale,Autre collision,4,2,4,0,1,1,1,0,1,50,1,1,0,0,0,1,58.0,,deux_roues,,5,2,2,1,6
201900040097,2019-04-30 08:35:00,2019,4,30,8,35,75,75110,BOULEVARD DE MAGENTA,48.878117,2.354422,Plein jour,En agglomération,Hors intersection,Normale,Autre collision,4,2,6,3,2,1,1,0,5,50,1,1,0,0,0,1,32.0,,deux_roues,,1,2,1,1,6
201900040098,2019-05-26 17:00:00,2019,5,26,17,0,75,75109,RUE LAFFITTE,48.873406,2.337811,Plein jour,En agglomération,Intersection en T,Temps couvert,Deux véhicules - côté,4,1,1,0,1,1,1,0,1,50,2,3,2,0,0,1,51.0,74.0,deux_roues,voiture,1,2,3,8,3
201900040099,2019-05-24 09:40:00,2019,5,24,9,40,75,75109,BOULEVARD DE ROCHECHOUART,48.882324,2.341997,Plein jour,En agglomération,Intersection en T,Normale,Autre collision,4,1,2,0,1,1,1,0,6,30,1,1,0,0,0,1,,,,,1,2,3,1,6
201900040100,2019-05-23 17:30:00,2019,5,23,17,30,75,75109,BOULEVARD DE ROCHECHOUART,48.882142,2.341109,Plein jour,En agglomération,Intersection en T,Normale,Deux véhicules - arrière,4,1,2,3,1,1,1,0,6,50,2,2,1,0,0,1,20.0,27.0,deux_roues,voiture,1,2,3,1,2
201900040101,2019-05-21 09:05:00,2019,5,21,9,5,75,75109,RUE DE CHATEAUDUN,48.875938,2.33926,Plein jour,En agglomération,Hors intersection,Normale,Autre collision,4,2,3,0,1,1,1,0,1,50,2,3,1,0,0,2,19.0,29.0,deux_roues,utilitaire_camion,1,2,1,1,6
201900040102,2019-05-19 19:58:00,2019,5,19,19,58,75,75109,RUE DU FAUBOURG MONTMARTRE,48.872165,2.343196,Crépuscule ou aube,En agglomération,Hors intersection,Pluie légère,Autre collision,4,1,2,3,2,2,2,0,1,50,2,1,0,0,0,1,37.0,,deux_roues,,2,2,1,2,6
201900040103,2019-05-19 13:35:00,2019,5,19,13,35,75,75109,RUE DE MILAN,48.878955,2.329458,Plein jour,En agglomération,Hors intersection,Pluie légère,Autre collision,4,1,1,0,1,1,2,0,1,50,1,2,1,0,0,1,28.0,,voiture,,1,2,1,2,6
201900040104,2019-05-18 05:50:00,2019,5,18,5,50,75,75102,RUE DU FAUBOURG MONTMARTRE,48.871484,2.343049,Crépuscule ou aube,En agglomération,Intersection en X,Pluie légère,Autre collision,4,1,2,3,1,1,2,0,1,50,1,2,1,0,0,1,51.0,,voiture,,2,2,2,2,6
201900040105,2019-05-17 09:00:00,2019,5,17,9,0,75,75102,BOULEVARD POISSONNIERE,48.870869,2.346761,Plein jour,En agglomération,Intersection en T,Normale,Deux véhicules - côté,4,2,4,0,1,1,1,0,6,50,2,2,0,0,0,2,37.0,39.0,deux_roues,deux_roues,1,2,3,1,3
201900040106,2019-05-13 15:25:00,2019,5,13,15,25,75,75109,RUE BLANCHE,48.880635,2.331452,Plein jour,En agglomération,Intersection en T,Normale,Autre collision,4,1,2,3,2,1,1,0,6,50,1,2,1,0,0,1,29.0,,utilitaire_camion,,1,2,3,1,6
201900040107,2019-05-11 12:25:00,2019,5,11,12,25,75,75109,RUE CLAUZEL,48.8789,2.339839,Plein jour,En agglomération,Intersection en T,Pluie légère,Sans collision,4,1,1,0,1,1,2,9,1,30,1,1,0,0,0,1,37.0,,deux_roues,,1,2,3,2,7
201900040108,2019-05-10 13:15:00,2019,5,10,13,15,75,75109,BOULEVARD DE CLICHY,48.883631,2.332631,Plein jour,En agglomération,Place,Normale,Autre collision,4,3,6,0,1,1,1,0,1,50,1,2,1,0,0,1,32.0,,utilitaire_camion,,1,2,7,1,6
201900040109,2019-05-10 10:20:00,2019,5,10,10,20,75,75118,PLACE DE CLICHY,48.883678,2.327563,Plein jour,En agglomération,Place,Normale,Deux véhicules - arrière,4,1,4,0,1,1,1,0,1,50,2,2,1,0,0,1,45.0,38.0,deux_roues,voiture,1,2,7,1,2
201900040110,2019-04-29 16:30:00,2019,4,29,16,30,75,75109,RUE HALEVY,48.872219,2.332819,Plein jour,En agglomération,Place,Normale,Autre collision,4,1,0,0,1,1,1,0,1,50,1,3,2,0,0,1,52.0,,deux_roues,,1,2,7,1,6
201900040111,2019-05-29 15:20:00,2019,5,29,15,20,75,75108,AVENUE HOCHE,48.876337,2.301157,Plein jour,En agglomération,Intersection en Y,Normale,Deux véhicules - côté,4,2,2,0,1,1,1,0,1,50,2,2,1,0,0,1,55.0,32.0,voiture,deux_roues,1,2,4,1,3
201900040112,2019-05-28 16:53:00,2019,5,28,16,53,75,75108,PLACE DE LA CONCORDE,48.865554,2.320695,Plein jour,En agglomération,Place,Normale,Autre collision,4,4,8,0,1,1,1,6,1,50,1,2,1,0,0,1,51.0,,deux_roues,,1,2,7,1,6
201900040113,2019-05-28 07:45:00,2019,5,28,7,45,75,75108,RUE GALILEE,48.871566,2.298384,Plein jour,En agglomération,Hors intersection,Normale,Deux véhicules - côté,4,1,1,0,2,1,2,0,1,50,2,3,2,0,0,1,49.0,42.0,voiture,deux_roues,1,2,1,1,3
201900040114,2019-05-27 16:30:00,2019,5,27,16,30,75,75108,RUE CHAMBIGES,48.866707,2.303379,Plein jour,En agglomération,Hors intersection,Normale,Sans collision,4,1,1,0,1,1,1,0,1,5,1,1,0,0,0,1,67.0,,deux_roues,,1,2,1,1,7
201900040115,2019-05-26 00:20:00,2019,5,26,0,20,75,75108,AVENUE DES CHAMPS ELYSEES,48.871905,2.300938,Nuit avec éclairage allumé,En agglomération,Intersection en X,Normale,Deux véhicules - côté,4,2,4,0,1,1,1,0,5,50,2,2,1,0,0,1,33.0,26.0,deux_roues,voiture,5,2,2,1,3
201900040116,2019-05-24 19:45:00,2019,5,24,19,45,75,75108,AVENUE DES CHAMPS ELYSEES,48.867737,2.313988,Plein jour,En agglomération,Place,Normale,Deux véhicules - arrière,4,2,4,0,1,1,1,0,1,50,2,2,1,0,0,1,37.0,30.0,deux_roues,deux_roues,1,2,7,1,2
201900040117,2019-05-24 16:05:00,2019,5,24,16,5,75,75101,BOULEVARD DE LA MADELEINE,48.869428,2.325162,Plein jour,En agglomération,Intersection en X,Normale,Deux véhicules - côté,4,2,3,0,1,1,1,0,1,50,2,2,1,0,0,1,31.0,37.0,deux_roues,voiture,1,2,2,1,3
201900040118,2019-05-21 17:00:00,2019,5,21,17,0,75,75108,BOULEVARD HAUSSMANN,48.874358,2.322729,Plein jour,En agglomération,Intersection en X,Pluie légère,Sans collision,4,1,3,0,1,1,2,0,1,50,1,2,1,0,0,1,49.0,,utilitaire_camion,,1,2,2,2,7
201900040119,2019-05-21 08:00:00,2019,5,21,8,0,75,75117,BOULEVARD DE COURCELLES,48.880688,2.311212,Plein jour,En agglomération,Hors intersection,Normale,Deux véhicules - côté,4,2,2,0,1,1,1,0,1,50,2,2,1,0,0,1,35.0,53.0,voiture,deux_roues,1,2,1,1,3
201900040120,2019-05-20 22:15:00,2019,5,20,22,15,75,75108,RUE LA BOETIE,48.873695,2.314467,Nuit avec éclairage allumé,En agglomération,Intersection en X,Normale,Deux véhicules - arrière,4,1,1,3,1,1,1,8,1,50,2,2,1,0,0,1,22.0,36.0,deux_roues,voiture,5,2,2,1,2
201900040121,2019-05-17 15:25:00,2019,5,17,15,25,75,75108,AVENUE DES CHAMPS ELYSEES,48.871926,2.300834,Plein jour,En agglomération,Intersection en X,Normale,Autre collision,4,2,8,0,2,1,1,0,1,50,2,1,0,0,0,1,25.0,,deux_roues,,1,2,2,1,6
201900040122,2019-05-16 16:45:00,2019,5,16,16,45,75,75116,BOULEVARD LANNES,48.869656,2.274275,Plein jour,En agglomération,Hors intersection,Normale,Deux véhicules - arrière,4,2,4,0,1,1,1,1,1,50,2,2,1,0,0,1,56.0,25.0,utilitaire_camion,deux_roues,1,2,1,1,2
201900040123,2019-05-13 17:40:00,2019,5,13,17,40,75,75108,PLACE DE LA CONCORDE,48.866662,2.322018,Plein jour,En agglomération,Place,Normale,Deux véhicules - arrière,4,1,9,0,1,2,1,0,1,50,2,2,1,0,0,1,33.0,51.0,deux_roues,utilitaire_camion,1,2,7,1,2
201900040124,2019-05-13 08:00:00,2019,5,13,8,0,75,75108,PLACE SAINT AUGUSTIN,48.875343,2.319289,Plein jour,En agglomération,Place,Normale,Autre collision,4,2,6,1,2,1,1,0,5,50,1,2,0,0,0,2,21.0,,deux_roues,,1,2,7,1,6
201900040125,2019-05-12 05:00:00,2019,5,12,5,0,75,75108,AVENUE DES CHAMPS ELYSEES,48.873081,2.297234,Nuit avec éclairage allumé,En agglomération,Intersection en T,Normale,Deux véhicules - arrière,4,1,4,0,1,1,1,0,1,50,2,3,2,0,0,1,41.0,37.0,voiture,voiture,5,2,3,1,2
201900040126,2019-05-12 19:30:00,2019,5,12,19,30,75,75108,BOULEVARD DES BATIGNOLLES,48.882565,2.323387,Plein jour,En agglomération,Intersection en X,Normale,Deux véhicules - côté,4,1,3,3,1,1,1,0,6,50,2,3,2,0,0,1,40.0,41.0,voiture,deux_roues,1,2,2,1,3
201900040127,2019-05-11 12:30:00,2019,5,11,12,30,75,75108,AVENUE FRANKLIN D ROOSEVELT,48.867756,2.310101,Plein jour,En agglomération,Hors intersection,Pluie légère,Deux véhicules - côté,4,2,2,0,1,1,2,0,6,50,2,2,1,0,0,1,43.0,31.0,voiture,deux_roues,1,2,1,2,3
201900040128,2019-05-09 09:30:00,2019,5,9,9,30,75,75108,AVENUE DES CHAMPS ELYSEES,48.871089,2.303488,Plein jour,En agglomération,Intersection en T,Pluie légère,Deux véhicules - arrière,4,2,6,0,1,1,2,0,1,50,2,3,2,0,0,1,45.0,31.0,utilitaire_camion,deux_roues,1,2,3,2,2
201900040129,2019-05-07 17:15:00,2019,5,7,17,15,75,75108,AVENUE HOCHE,48.875924,2.300463,Plein jour,En agglomération,Hors intersection,Normale,Trois véhicules et plus - collisions multiples,4,2,2,0,2,1,1,0,1,50,3,3,2,0,0,1,40.0,22.0,voiture,deux_roues,1,2,1,1,5
201900040130,2019-05-06 14:25:00,2019,5,6,14,25,75,75108,VOIE GEORGES POMPIDOU,48.864874,2.317134,Plein jour,En agglomération,Intersection en Y,Normale,Deux véhicules - arrière,4,2,4,0,1,1,1,0,1,50,2,2,0,0,0,2,36.0,46.0,utilitaire_camion,voiture,1,2,4,1,2
201900040131,2019-05-05 14:00:00,2019,5,5,14,0,75,75109,RUE D AMSTERDAM,48.877856,2.326963,Plein jour,En agglomération,Intersection en X,Temps couvert,Autre collision,4,1,2,0,2,1,1,0,1,2,2,1,0,0,0,1,25.0,,deux_roues,,1,2,2,8,6
201900040132,2019-05-02 12:04:00,2019,5,2,12,4,75,75108,AVENUE DE MESSINE,48.875779,2.314315,Plein jour,En agglomération,Hors intersection,Normale,Deux véhicules - côté,4,1,1,0,2,1,1,0,1,50,2,2,1,0,0,1,69.0,30.0,voiture,deux_roues,1,2,1,1,3
201900040133,2019-05-01 20:00:00,2019,5,1,20,0,75,75108,AVENUE DES CHAMPS ELYSEES,48.870084,2.306684,Plein jour,En agglomération,Intersection en T,Normale,Deux véhicules - côté,4,2,8,0,1,1,1,0,1,50,2,3,2,0,0,1,44.0,26.0,voiture,deux_roues,1,2,3,1,3
201900040134,2019-04-30 10:15:00,2019,4,30,10,15,75,75108,AVENUE DES CHAMPS ELYSEES,48.868256,2.312362,Plein jour,En agglomération,Intersection en T,Normale,Deux véhicules - arrière,4,2,8,0,1,1,1,0,1,50,2,2,1,0,0,1,60.0,58.0,utilitaire_camion,deux_roues,1,2,3,1,2
201900040135,2019-05-29 07:15:00,2019,5,29,7,15,75,75107,QUAI ANATOLE FRANCE,48.861394,2.323243,Plein jour,En agglomération,Hors intersection,Normale,Autre collision,4,1,3,0,1,1,1,8,1,50,1,1,0,0,0,1,39.0,,deux_roues,,1,2,1,1,6
201900040136,2019-05-26 17:50:00,2019,5,26,17,50,75,75107,QUAI BRANLY,48.859098,2.293415,Plein jour,En agglomération,Intersection en X,Normale,Deux véhicules - côté,4,1,4,3,1,1,1,0,1,50,2,2,1,0,0,1,57.0,28.0,deux_roues,deux_roues,1,2,2,1,3
201900040137,2019-05-24 10:45:00,2019,5,24,10,45,75,75107,AVENUE DUQUESNE,48.852185,2.309166,Plein jour,En agglomération,Hors intersection,Normale,Deux véhicules - côté,4,2,2,0,1,1,1,0,1,50,2,2,1,0,0,1,60.0,45.0,voiture,deux_roues,1,2,1,1,3
201900040138,2019-05-24 09:05:00,2019,5,24,9,5,75,75107,QUAI BRANLY,48.860558,2.295608,Plein jour,En agglomération,Intersection en X,Normale,Autre collision,4,1,3,0,1,1,1,0,1,50,2,1,0,0,0,1,33.0,,deux_roues,,1,2,2,1,6
201900040139,2019-05-24 00:50:00,2019,5,24,0,50,75,75107,BOULEVARD SAINT GERMAIN,48.85639,2.325415,Nuit avec éclairage allumé,En agglomération,Intersection en Y,Normale,Autre collision,4,1,5,3,1,1,1,0,1,50,1,2,0,0,0,2,36.0,,voiture,,5,2,4,1,6
201900040140,2019-05-22 13:05:00,2019,5,22,13,5,75,75107,AVENUE BOSQUET,48.85463,2.305541,Plein jour,En agglomération,Place,Normale,Autre collision,4,2,3,0,1,1,1,0,1,50,1,1,0,0,0,1,,,,,1,2,7,1,6
201900040141,2019-05-22 11:00:00,2019,5,22,11,0,75,75108,PONT DE LA CONCORDE,48.863689,2.319824,Plein jour,En agglomération,Hors intersection,Normale,Deux véhicules - côté,4,2,6,0,1,1,1,2,1,50,2,2,1,0,0,1,29.0,48.0,voiture,deux_roues,1,2,1,1,3
201900040142,2019-05-14 17:10:00,2019,5,14,17,10,75,75107,RUE DE VARENNE,48.854955,2.319953,Plein jour,En agglomération,Intersection en X,Normale,Autre collision,4,2,2,0,1,1,1,0,1,50,1,2,1,0,0,1,43.0,,voiture,,1,2,2,1,6
201900040143,2019-05-13 11:45:00,2019,5,13,11,45,75,75107,RUE DUVIVIER,48.856273,2.307332,Plein jour,En agglomération,Hors intersection,Normale,Autre collision,4,1,1,0,1,1,1,0,1,30,1,2,1,0,0,1,43.0,,voiture,,1,2,1,1,6
201900040144,2019-05-11 17:30:00,2019,5,11,17,30,75,75107,RUE JEAN NICOT,48.861152,2.306983,Plein jour,En agglomération,Intersection en X,Normale,Deux véhicules - côté,4,1,1,0,1,1,1,0,1,50,2,2,1,0,0,1,19.0,41.0,deux_roues,voiture,1,2,2,1,3
201900040145,2019-05-10 21:40:00,2019,5,10,21,40,75,75107,BOULEVARD RASPAIL,48.85436,2.326127,Nuit avec éclairage allumé,En agglomération,Intersection en X,Pluie forte,Autre collision,4,3,2,0,1,1,2,6,1,50,1,2,0,0,0,2,36.0,,deux_roues,,5,2,2,3,6
201900040146,2019-05-09 15:50:00,2019,5,9,15,50,75,75107,RUE DE GRENELLE,48.858449,2.312197,Plein jour,En agglomération,Hors intersection,Pluie légère,Sans collision,4,2,2,0,1,1,2,0,1,50,1,1,0,0,0,1,28.0,,deux_roues,,1,2,1,2,7
201900040147,2019-05-09 00:15:00,2019,5,9,0,15,75,75107,BOULEVARD SAINT GERMAIN,48.862125,2.319674,Nuit avec éclairage allumé,En agglomération,Intersection en X,Pluie légère,Autre collision,4,2,4,0,1,1,2,0,1,50,1,1,0,0,0,1,50.0,,deux_roues,,5,2,2,2,6
201900040148,2019-05-08 11:50:00,2019,5,8,11,50,75,75107,QUAI D ORSAY,48.862373,2.309244,Plein jour,En agglomération,Intersection en T,Pluie légère,Trois véhicules et plus - collisions multiples,4,3,2,0,1,1,2,8,1,50,3,3,2,0,0,1,43.0,50.0,deux_roues,utilitaire_camion,1,2,3,2,5
201900040149,2019-05-08 06:07:00,2019,5,8,6,7,75,75107,QUAI D ORSAY,48.86258,2.319028,Nuit avec éclairage allumé,En agglomération,Intersection en X,Pluie légère,Deux véhicules - côté,4,2,6,0,1,1,2,8,1,50,2,4,2,0,0,2,39.0,39.0,voiture,voiture,5,2,2,2,3
201900040150,2019-05-05 16:30:00,2019,5,5,16,30,75,75107,RUE DE L UNIVERSITE,48.861151,2.306983,Plein jour,En agglomération,Intersection en X,Normale,Deux véhicules - côté,4,1,1,0,1,1,1,0,1,50,2,2,1,0,0,1,39.0,83.0,deux_roues,voiture,1,2,2,1,3
201900040151,2019-05-25 14:30:00,2019,5,25,14,30,75,75104,RUE DE LA COUTELLERIE,48.857546,2.351298,Plein jour,En agglomération,Intersection en X,Normale,Deux véhicules - arrière,4,1,3,3,1,1,1,0,1,50,2,2,1,0,0,1,32.0,43.0,voiture,deux_roues,1,2,2,1,2
201900040152,2019-05-24 14:50:00,2019,5,24,14,50,75,75104,RUE CRILLON,48.849517,2.365623,Plein jour,En agglomération,Intersection en X,Normale,Deux véhicules - côté,4,1,1,0,1,1,1,9,1,50,2,2,1,0,0,1,31.0,49.0,voiture,voiture,1,2,2,1,3
201900040153,2019-05-15 12:20:00,2019,5,15,12,20,75,75104,PONT DE SULLY,48.850831,2.361419,Plein jour,En agglomération,Intersection en X,Normale,Trois véhicules et plus - en chaîne,4,1,4,0,1,1,1,2,1,50,3,4,3,0,0,1,56.0,58.0,utilitaire_camion,deux_roues,1,2,2,1,4
201900040154,2019-05-13 09:57:00,2019,5,13,9,57,75,75104,RUE DE LA CERISAIE,48.851757,2.367015,Plein jour,En agglomération,Intersection en X,Normale,Autre collision,4,1,1,0,1,1,1,9,1,30,1,2,1,0,0,1,39.0,,utilitaire_camion,,1,2,2,1,6
201900040155,2019-05-10 21:00:00,2019,5,10,21,0,75,75104,RUE MORNAY,48.849517,2.365623,Nuit avec éclairage allumé,En agglomération,Intersection en X,Pluie forte,Autre collision,4,2,2,0,1,1,2,0,1,50,2,2,1,0,0,1,51.0,24.0,voiture,voiture,5,2,2,3,6
201900040156,2019-05-10 11:15:00,2019,5,10,11,15,75,75104,RUE DU PETIT MUSC,48.85242,2.363824,Plein jour,En agglomération,Intersection en T,Normale,Autre collision,4,1,1,0,1,1,1,0,1,30,1,2,1,0,0,1,32.0,,utilitaire_camion,,1,2,3,1,6
201900040157,2019-05-08 21:00:00,2019,5,8,21,0,75,75104,QUAI DE GESVRES,48.857184,2.347334,Crépuscule ou aube,En agglomération,Place,Pluie forte,Sans collision,4,1,4,0,1,1,2,0,1,50,1,1,0,0,0,1,39.0,,deux_roues,,2,2,7,3,7
201900040158,2019-05-07 17:00:00,2019,5,7,17,0,75,75104,RUE DE LOBAU,48.856031,2.353237,Plein jour,En agglomération,Place,Normale,Deux véhicules - côté,4,2,3,0,1,1,1,0,1,50,2,2,1,0,0,1,44.0,20.0,deux_roues,utilitaire_camion,1,2,7,1,3
201900040159,2019-05-04 20:30:00,2019,5,4,20,30,75,75104,RUE SAINTE CROIX DE LA BRETONNERIE,48.858926,2.354023,Plein jour,En agglomération,Hors intersection,Normale,Autre collision,4,1,1,0,1,1,2,0,1,30,1,2,1,0,0,1,39.0,,voiture,,1,2,1,1,6
201900040160,2019-05-04 11:25:00,2019,5,4,11,25,75,75104,QUAI AUX FLEURS,48.853501,2.352041,Plein jour,En agglomération,Hors intersection,Pluie légère,Deux véhicules - frontale,4,1,2,0,1,2,2,0,1,50,2,2,1,0,0,1,52.0,31.0,voiture,deux_roues,1,2,1,2,1
201900040161,2019-05-02 13:55:00,2019,5,2,13,55,75,75104,RUE SAINT ANTOINE,48.854119,2.364191,Plein jour,En agglomération,Hors intersection,Pluie légère,Deux véhicules - côté,4,2,4,0,1,1,2,9,1,50,2,2,1,0,0,1,34.0,72.0,deux_roues,deux_roues,1,2,1,2,3
201900040162,2019-04-30 19:20:00,2019,4,30,19,20,75,75104,RUE SAINT ANTOINE,48.853921,2.364842,Plein jour,En agglomération,Intersection en X,Normale,Deux véhicules - côté,4,2,3,1,1,1,1,0,1,50,2,2,1,0,0,1,24.0,19.0,deux_roues,deux_roues,1,2,2,1,3
201900040163,2019-05-28 10:20:00,2019,5,28,10,20,75,75103,RUE DU PERCHE,48.860818,2.36134,Plein jour,En agglomération,Intersection en T,Normale,Deux véhicules - côté,4,1,1,0,1,1,1,0,1,50,2,2,1,0,0,1,38.0,28.0,voiture,deux_roues,1,2,3,1,3
201900040164,2019-05-25 13:15:00,2019,5,25,13,15,75,75111,BOULEVARD DU TEMPLE,48.863061,2.366752,Plein jour,En agglomération,Intersection en Y,Normale,Deux véhicules - côté,4,-1,5,3,1,1,1,0,6,50,2,2,1,0,0,1,63.0,21.0,voiture,deux_roues,1,2,4,1,3
201900040165,2019-05-24 16:20:00,2019,5,24,16,20,75,75104,PLACE DES VOSGES,48.856184,2.365766,Plein jour,En agglomération,Place,Normale,Sans collision,4,1,2,0,1,1,1,0,1,30,1,2,1,0,0,1,47.0,,transport_commun,,1,2,7,1,7
201900040166,2019-05-10 08:20:00,2019,5,10,8,20,75,75103,RUE VIEILLE DU TEMPLE,48.860313,2.36142,Plein jour,En agglomération,Hors intersection,Normale,Deux véhicules - côté,4,1,1,0,1,1,1,0,1,50,2,2,1,0,0,1,41.0,57.0,voiture,deux_roues,1,2,1,1,3
201900040167,2019-05-08 02:30:00,2019,5,8,2,30,75,75103,RUE FROISSART,48.861948,2.36459,Nuit sans éclairage public,En agglomération,Intersection à plus de 4 branches,Pluie légère,Autre collision,4,1,1,0,1,1,2,0,1,50,1,2,1,0,0,1,74.0,,deux_roues,,3,2,5,2,6
201900040168,2019-05-07 21:50:00,2019,5,7,21,50,75,75103,RUE NOTRE DAME DE NAZARETH,48.866806,2.362009,Nuit avec éclairage allumé,En agglomération,Intersection en T,Normale,Deux véhicules - côté,4,1,1,0,2,1,1,5,1,30,2,4,2,0,0,2,72.0,19.0,voiture,deux_roues,5,2,3,1,3
201900040169,2019-05-28 08:20:00,2019,5,28,8,20,75,75101,RUE SAINT HONORE,48.862218,2.339184,Plein jour,En agglomération,Intersection en T,Pluie légère,Sans collision,4,1,2,0,1,1,2,0,1,30,1,1,0,0,0,1,30.0,,deux_roues,,1,2,3,2,7
201900040170,2019-05-21 19:20:00,2019,5,21,19,20,75,75102,RUE DU QUATRE SEPTEMBRE,48.869186,2.3387,Plein jour,En agglomération,Intersection en X,Temps couvert,Deux véhicules - côté,4,1,3,3,1,1,1,0,1,50,2,2,1,0,0,1,44.0,57.0,deux_roues,deux_roues,1,2,2,8,3
201900040171,2019-05-21 13:45:00,2019,5,21,13,45,75,75102,RUE VIVIENNE,48.870784,2.341109,Plein jour,En agglomération,Hors intersection,Normale,Autre collision,4,1,1,0,1,1,2,0,1,30,2,3,2,0,0,1,29.0,25.0,voiture,deux_roues,1,2,1,1,6
201900040172,2019-05-15 19:45:00,2019,5,15,19,45,75,75104,RUE DE L HOTEL DE VILLE,48.854607,2.355176,Plein jour,En agglomération,Intersection en X,Normale,Deux véhicules - côté,4,1,2,0,1,1,1,0,1,30,2,2,1,0,0,1,25.0,48.0,deux_roues,voiture,1,2,2,1,3
201900040173,2019-05-15 00:10:00,2019,5,15,0,10,75,75102,BOULEVARD DE SEBASTOPOL,48.868682,2.353888,Nuit avec éclairage allumé,En agglomération,Intersection en X,Normale,Deux véhicules - arrière,4,1,4,0,1,1,1,0,1,50,2,3,1,0,0,2,29.0,37.0,voiture,deux_roues,5,2,2,1,2
201900040174,2019-05-13 16:45:00,2019,5,13,16,45,75,75102,BOULEVARD DE BONNE NOUVELLE,48.870532,2.348689,Plein jour,En agglomération,Intersection en T,Normale,Deux véhicules - côté,4,2,5,1,1,1,1,0,1,50,2,2,1,0,0,1,55.0,30.0,voiture,deux_roues,1,2,3,1,3
201900040175,2019-05-12 15:30:00,2019,5,12,15,30,75,75103,RUE DE LA PERLE,48.859949,2.360773,Plein jour,En agglomération,Intersection en X,Normale,Sans collision,4,1,1,0,1,1,1,0,1,30,1,1,0,0,0,1,25.0,,deux_roues,,1,2,2,1,7
201900040176,2019-05-12 12:45:00,2019,5,12,12,45,75,75102,RUE MONTMARTRE,48.869753,2.342841,Plein jour,En agglomération,Intersection en T,Normale,Deux véhicules - arrière,4,1,2,0,1,1,1,8,1,30,2,3,2,0,0,1,69.0,58.0,deux_roues,voiture,1,2,3,1,2
201900040177,2019-05-29 10:30:00,2019,5,29,10,30,75,75108,BOULEVARD DE LA MADELEINE,48.869422,2.325163,Plein jour,En agglomération,Place,Normale,Autre collision,4,3,2,0,1,1,1,0,1,50,1,2,1,0,0,1,34.0,,utilitaire_camion,,1,2,7,1,6
201900040178,2019-05-28 11:00:00,2019,5,28,11,0,75,75101,BOULEVARD DU PALAIS,48.855691,2.346149,Plein jour,En agglomération,Hors intersection,Normale,Deux véhicules - côté,4,2,3,0,1,1,1,0,1,50,2,2,0,0,0,2,62.0,22.0,deux_roues,deux_roues,1,2,1,1,3
201900040179,2019-05-25 08:00:00,2019,5,25,8,0,75,75101,RUE CAMBON,48.866686,2.325568,Plein jour,En agglomération,Intersection en X,Normale,Deux véhicules - côté,4,1,1,0,1,1,1,0,1,50,2,2,1,0,0,1,47.0,30.0,voiture,utilitaire_camion,1,2,2,1,3
201900040180,2019-05-24 21:05:00,2019,5,24,21,5,75,75101,PLACE DU MARCHE SAINT HONORE,48.866675,2.331111,Crépuscule ou aube,En agglomération,Hors intersection,Normale,Deux véhicules - côté,4,1,1,0,1,3,1,0,1,30,2,3,2,0,0,1,43.0,37.0,voiture,deux_roues,2,2,1,1,3
201900040181,2019-05-22 19:20:00,2019,5,22,19,20,75,75101,RUE DE RIVOLI,48.863211,2.333804,Plein jour,En agglomération,Intersection en T,Normale,Deux véhicules - côté,4,1,4,0,1,1,1,0,6,50,2,2,1,0,0,1,21.0,29.0,deux_roues,voiture,1,2,3,1,3
201900040182,2019-05-17 08:50:00,2019,5,17,8,50,75,75101,PONT AU CHANGE,48.856258,2.346519,Plein jour,En agglomération,Intersection en X,Normale,Trois véhicules et plus - en chaîne,4,2,4,0,1,1,1,0,1,50,3,3,1,0,0,2,21.0,46.0,utilitaire_camion,deux_roues,1,2,2,1,4
201900040183,2019-05-17 01:15:00,2019,5,17,1,15,75,75108,COURS LA REINE,48.864869,2.317013,Nuit avec éclairage allumé,En agglomération,Hors intersection,Normale,Autre collision,4,3,2,0,3,1,1,0,1,50,2,2,1,0,0,1,31.0,,voiture,,5,2,1,1,6
201900040184,2019-05-15 09:10:00,2019,5,15,9,10,75,75101,RUE SAINT HONORE,48.863163,2.33555,Plein jour,En agglomération,Intersection à plus de 4 branches,Normale,Autre collision,4,1,2,0,1,1,1,0,1,30,1,2,1,0,1,0,27.0,,voiture,,1,2,5,1,6
201900040185,2019-05-10 18:00:00,2019,5,10,18,0,75,75101,BOULEVARD DE LA MADELEINE,48.86948,2.32559,Plein jour,En agglomération,Hors intersection,Pluie légère,Autre collision,4,2,4,0,1,1,2,8,1,50,1,2,1,0,0,1,58.0,,voiture,,1,2,1,2,6
201900040186,2019-05-05 16:30:00,2019,5,5,16,30,75,75101,RUE DE L AMIRAL DE COLIGNY,48.860914,2.340847,Plein jour,En agglomération,Intersection en X,Pluie légère,Deux véhicules - côté,4,2,4,0,1,1,2,0,1,50,2,2,1,0,0,1,25.0,29.0,voiture,deux_roues,1,2,2,2,3
201900040187,2019-05-03 10:30:00,2019,5,3,10,30,75,75101,RUE DE RIVOLI,48.859495,2.345188,Plein jour,En agglomération,Intersection en T,Normale,Deux véhicules - côté,4,1,0,1,1,1,1,0,5,50,2,3,2,0,0,1,32.0,29.0,deux_roues,voiture,1,2,3,1,3