accident_id,datetime,annee,mois,jour,heure,minute,departement,commune_insee,adresse,latitude,longitude,luminosite,agglomeration,intersection,meteo,collision,catr,circ,nbv,vosp,prof,plan,surf,infra,situ,vma,nb_vehicules,nb_usagers,nb_indemnes,nb_tues,nb_blesses_hosp,nb_blesses_legers,age_cond_1,age_cond_2,veh_type_cond_1,veh_type_cond_2,lum_code,agg_code,int_code,atm_code,col_code
201900040374,2019-06-18 08:10:00,2019,6,18,8,10,13,13055,A507 sens Aubagne- Marseille,43.3300068,5.4061867,Plein jour,Hors agglomération,Hors intersection,Normale,Deux véhicules - arrière,1,1,3,0,1,1,1,1,1,70,2,3,0,0,0,3,48.0,58.0,utilitaire_camion,voiture,1,1,1,1,2
201900040375,2019-06-22 04:30:00,2019,6,22,4,30,13,13071,A7-Sens Marseille vers Lyon,43.40633,5.32367,Nuit sans éclairage public,Hors agglomération,Hors intersection,Normale,Deux véhicules - arrière,1,1,2,0,1,1,1,0,1,90,2,2,0,0,0,2,40.0,50.0,voiture,voiture,3,1,1,1,2
201900040376,2019-06-22 01:13:00,2019,6,22,1,13,13,13212,A507 sens Aubagne- Marseille,43.309256,5.424913,Nuit avec éclairage allumé,Hors agglomération,Autre intersection,Normale,Deux véhicules - arrière,1,1,3,0,2,3,1,9,1,70,2,2,1,0,0,1,22.0,37.0,voiture,voiture,5,1,9,1,2
201900040377,2019-06-21 16:30:00,2019,6,21,16,30,13,13088,A55-Sens Marseille vers Martigues,43.385679,5.239139,Plein jour,Hors agglomération,Hors intersection,Normale,Trois véhicules et plus - collisions multiples,1,1,2,0,1,1,1,0,1,90,3,3,1,0,0,2,38.0,22.0,voiture,voiture,1,1,1,1,5
201900040378,2019-06-20 08:20:00,2019,6,20,8,20,13,13001,A51-Sens Aix en Provence vers Marseille,43.514834,5.427397,Plein jour,En agglomération,Hors intersection,Normale,Autre collision,1,-1,-1,0,1,1,1,0,1,90,1,1,0,0,0,1,27.0,,deux_roues,,1,2,1,1,6
201900040379,2019-06-19 09:35:00,2019,6,19,9,35,13,13214,A7-Sens Marseille vers Lyon,43.3374945,5.3769927,Plein jour,En agglomération,Hors intersection,Normale,Sans collision,1,1,2,0,2,1,1,3,1,90,1,1,0,0,0,1,42.0,,deux_roues,,1,2,1,1,7
201900040380,2019-06-22 05:05:00,2019,6,22,5,5,69,69152,A7   4.270 A 5.756,45.7051278,4.8328847,Nuit sans éclairage public,Hors agglomération,Hors intersection,Normale,Deux véhicules - arrière,1,3,6,0,1,1,2,0,1,90,2,4,1,0,0,3,33.0,63.0,voiture,voiture,3,1,1,1,2
201900040381,2019-06-18 17:20:00,2019,6,18,17,20,42,42218,RN88,45.43633,4.44142,Plein jour,Hors agglomération,Hors intersection,Normale,Deux véhicules - côté,2,3,6,0,3,1,1,0,1,90,2,3,2,0,1,0,24.0,70.0,deux_roues,voiture,1,1,1,1,3
201900040382,2019-06-19 06:55:00,2019,6,19,6,55,42,42330,A72,45.47796,4.35359,Plein jour,Hors agglomération,Hors intersection,Normale,Trois véhicules et plus - en chaîne,1,3,4,0,1,1,1,0,1,90,3,4,0,0,0,4,27.0,23.0,utilitaire_camion,voiture,1,1,1,1,4
201900040383,2019-06-21 17:50:00,2019,6,21,17,50,67,67447,Autoroute A.4,48.60127,7.73361,Plein jour,Hors agglomération,Hors intersection,Normale,Trois véhicules et plus - en chaîne,1,3,3,0,1,1,1,0,1,90,4,6,3,0,0,3,48.0,32.0,voiture,voiture,1,1,1,1,4
201900040384,2019-06-20 16:30:00,2019,6,20,16,30,67,67482,Autoroute A.35,48.55531,7.73269,Plein jour,Hors agglomération,Hors intersection,Normale,Deux véhicules - arrière,1,3,3,0,1,1,1,0,1,90,2,4,1,0,0,3,38.0,60.0,utilitaire_camion,voiture,1,1,1,1,2
201900040385,2019-06-19 19:50:00,2019,6,19,19,50,67,67482,Autoroute A35,48.586853,7.726987,Plein jour,Hors agglomération,Hors intersection,Normale,Deux véhicules - côté,1,1,4,0,1,1,1,0,1,90,2,2,1,0,0,1,38.0,46.0,voiture,utilitaire_camion,1,1,1,1,3
201900040386,2019-06-21 17:50:00,2019,6,21,17,50,33,33397,AUTOROUTE A 10,44.89682,-0.49594,Plein jour,Hors agglomération,Hors intersection,Normale,Trois véhicules et plus - collisions multiples,1,3,6,0,1,1,1,0,1,110,3,4,3,0,0,1,57.0,57.0,voiture,voiture,1,1,1,1,5
201900040387,2019-06-21 15:55:00,2019,6,21,15,55,33,33063,ROCADE A 630,44.88336,-0.55539,Plein jour,Hors agglomération,Hors intersection,Pluie légère,Deux véhicules - arrière,1,3,6,0,4,1,2,2,1,70,2,3,2,0,0,1,69.0,22.0,voiture,voiture,1,1,1,2,2
201900040388,2019-06-21 15:25:00,2019,6,21,15,25,33,33063,ROCADE A 630,44.88054,-0.53953,Plein jour,Hors agglomération,Hors intersection,Pluie légère,Deux véhicules - arrière,1,3,6,0,2,1,2,2,1,70,2,1,0,0,0,1,25.0,,voiture,,1,1,1,2,2
201900040389,2019-06-19 09:30:00,2019,6,19,9,30,33,33013,ROUTE NATIONALE 230,44.84823,-0.50317,Plein jour,Hors agglomération,Hors intersection,Normale,Deux véhicules - côté,2,3,6,0,1,1,1,0,1,90,2,2,1,0,0,1,40.0,34.0,voiture,autre,1,1,1,1,3
201900040390,2019-06-20 10:30:00,2019,6,20,10,30,33,33249,ROUTE NATIONALE 230,44.87746,-0.50881,Plein jour,Hors agglomération,Hors intersection,Normale,Trois véhicules et plus - en chaîne,2,3,6,0,1,1,1,0,1,90,3,4,3,0,0,1,66.0,66.0,utilitaire_camion,voiture,1,1,1,1,4
201900040391,2019-06-20 06:35:00,2019,6,20,6,35,33,33065,ROUTE NATIONALE 230,44.81075,-0.51931,Plein jour,Hors agglomération,Hors intersection,Normale,Autre collision,2,2,2,0,1,3,1,3,1,50,1,1,0,0,0,1,24.0,,voiture,,1,1,1,1,6
201900040392,2019-06-21 15:50:00,2019,6,21,15,50,92,92002,RN 385 Extèrieure,48.7603866,2.2885075,Plein jour,Hors agglomération,Hors intersection,Normale,Deux véhicules - côté,2,3,4,0,2,1,1,0,1,90,2,3,2,0,0,1,49.0,31.0,utilitaire_camion,deux_roues,1,1,1,1,3
201900040393,2019-06-20 19:00:00,2019,6,20,19,0,91,91216,AUTOROUTE A6,48.68453,2.32813,Plein jour,Hors agglomération,Hors intersection,Normale,Deux véhicules - arrière,1,3,3,0,1,1,1,0,3,110,2,3,1,0,0,2,52.0,30.0,voiture,deux_roues,1,1,1,1,2
201900040394,2019-06-20 17:10:00,2019,6,20,17,10,92,92002,AUTOROUTE A6,48.7333556,2.3157608,Plein jour,Hors agglomération,Hors intersection,Normale,Trois véhicules et plus - collisions multiples,1,1,3,0,1,1,1,0,1,110,4,4,3,0,0,1,26.0,41.0,voiture,deux_roues,1,1,1,1,5
201900040395,2019-06-20 14:00:00,2019,6,20,14,0,91,91340,AUTOROUTE A6,48.59988,2.4396,Plein jour,Hors agglomération,Hors intersection,Normale,Sans collision,1,1,3,0,1,1,1,0,3,110,1,1,0,0,0,1,41.0,,voiture,,1,1,1,1,7
201900040396,2019-06-20 09:45:00,2019,6,20,9,45,91,91363,RN 104,48.63517,2.21384,Plein jour,Hors agglomération,Hors intersection,Pluie légère,Deux véhicules - arrière,2,1,2,0,1,1,2,0,1,110,2,2,1,0,0,1,27.0,53.0,voiture,voiture,1,1,1,2,2
201900040397,2019-06-20 07:54:00,2019,6,20,7,54,92,92002,AUTOROUTE A86,48.7597966,2.2737613,Plein jour,Hors agglomération,Hors intersection,Pluie légère,Deux véhicules - côté,1,3,4,0,2,1,2,0,1,90,2,2,1,0,0,1,23.0,26.0,deux_roues,voiture,1,1,1,2,3
201900040398,2019-06-19 01:40:00,2019,6,19,1,40,94,94034,AUTOROUTE A86,48.75694,2.33027,Nuit avec éclairage allumé,Hors agglomération,Hors intersection,Normale,Trois véhicules et plus - collisions multiples,1,3,4,0,1,1,1,1,1,70,3,3,2,0,0,1,30.0,28.0,voiture,voiture,5,1,1,1,5
201900040399,2019-10-30 09:45:00,2019,10,30,9,45,94,94081,FELIX FAURE (R),48.80086,2.39708,Plein jour,En agglomération,Hors intersection,Temps couvert,Autre collision,4,1,0,0,1,1,1,0,-1,50,1,1,0,0,1,0,88.0,,utilitaire_camion,,1,2,1,8,6
201900040400,2019-11-02 20:35:00,2019,11,2,20,35,94,94067,GALLIENI (AV),48.84654,2.41746,Nuit avec éclairage allumé,En agglomération,Intersection en X,Normale,Deux véhicules - côté,3,2,4,0,1,1,2,0,1,50,2,3,2,0,0,1,43.0,57.0,utilitaire_camion,voiture,5,2,2,1,3
201900040401,2019-11-01 22:40:00,2019,11,1,22,40,94,94078,PARIS (R DE),48.73886,2.44662,Nuit sans éclairage public,En agglomération,Hors intersection,Pluie légère,Deux véhicules - arrière,2,3,4,0,1,1,2,0,1,50,2,3,1,0,0,2,39.0,41.0,voiture,utilitaire_camion,3,2,1,2,2
201900040402,2019-10-26 09:30:00,2019,10,26,9,30,94,94041,LENINE (R),48.81691,2.39571,Plein jour,En agglomération,Hors intersection,Normale,Sans collision,3,1,2,0,1,1,1,0,1,50,1,1,0,0,1,0,26.0,,deux_roues,,1,2,1,1,7
201900040403,2019-11-02 01:15:00,2019,11,2,1,15,94,94076,MAXIME GORKI (BD),48.78696,2.36738,Nuit avec éclairage allumé,En agglomération,Hors intersection,Pluie légère,Deux véhicules - côté,3,2,4,0,1,1,2,0,1,50,2,2,1,0,0,1,36.0,49.0,deux_roues,voiture,5,2,1,2,3
201900040404,2019-11-01 00:10:00,2019,11,1,0,10,94,94073,FONTAINEBLEAU (AV DE),48.7631,2.3683,Nuit avec éclairage allumé,En agglomération,Intersection en T,Normale,Deux véhicules - côté,3,3,2,0,1,1,1,0,1,50,2,1,0,0,0,1,45.0,,deux_roues,,5,2,3,1,3
201900040405,2019-10-30 18:30:00,2019,10,30,18,30,94,94073,boulevard du midi,48.75405,2.3723,Nuit avec éclairage allumé,En agglomération,Hors intersection,Normale,Deux véhicules - arrière,4,1,3,0,1,1,1,0,1,50,2,2,1,0,0,1,47.0,22.0,voiture,voiture,5,2,1,1,2
201900040406,2019-10-25 15:25:00,2019,10,25,15,25,94,94033,LOUISON BOBET (AV),48.85241,2.48948,Plein jour,En agglomération,Hors intersection,Normale,Deux véhicules - côté,3,1,2,0,1,1,1,1,1,50,2,3,2,0,0,1,53.0,28.0,voiture,voiture,1,2,1,1,3
201900040407,2019-11-02 19:05:00,2019,11,2,19,5,94,94054,VICTOIRE (AV DE LA),48.74464,2.39666,Nuit avec éclairage allumé,En agglomération,Hors intersection,Pluie légère,Autre collision,3,3,2,0,2,1,2,0,1,50,1,1,0,0,1,0,24.0,,deux_roues,,5,2,1,2,6
201900040408,2019-10-31 14:50:00,2019,10,31,14,50,94,94054,PAIX (AV DE LA),48.7503,2.39936,Plein jour,En agglomération,Intersection en X,Normale,Deux véhicules - côté,4,2,2,0,1,1,1,0,1,50,2,2,1,0,0,1,40.0,36.0,voiture,voiture,1,2,2,1,3
201900040409,2019-10-30 07:30:00,2019,10,30,7,30,94,94022,LUGO (AV DE),48.773418,2.409435,Plein jour,En agglomération,Intersection en X,Normale,Deux véhicules - frontale,3,2,2,0,1,1,1,5,1,50,2,2,1,0,0,1,59.0,56.0,voiture,deux_roues,1,2,2,1,1
201900040410,2019-10-30 08:15:00,2019,10,30,8,15,94,94022,DEFFORGE (R),48.770615,2.415904,Plein jour,En agglomération,Hors intersection,Normale,Deux véhicules - arrière,4,1,1,0,1,1,1,0,1,50,2,2,1,0,0,1,37.0,53.0,deux_roues,voiture,1,2,1,1,2
201900040411,2019-11-02 22:05:00,2019,11,2,22,5,94,94017,LOUIS TALAMONI (R),48.8134,2.51367,Nuit avec éclairage allumé,En agglomération,Hors intersection,Pluie légère,Deux véhicules - côté,3,2,4,0,1,1,2,0,1,50,2,2,1,0,0,1,30.0,23.0,deux_roues,voiture,5,2,1,2,3
201900040412,2019-10-30 15:15:00,2019,10,30,15,15,94,94017,REGARD DES LUATS (R DU),48.81999,2.53199,Plein jour,En agglomération,Hors intersection,Normale,Autre collision,4,2,2,0,1,3,1,0,1,50,1,2,1,0,0,1,53.0,,utilitaire_camion,,1,2,1,1,6
201900040413,2019-10-30 18:00:00,2019,10,30,18,0,94,94075,MESANGES (ALL DES),48.7182,2.5364,Nuit avec éclairage allumé,En agglomération,Intersection en T,Normale,Deux véhicules - côté,3,2,2,0,2,1,1,0,1,50,2,2,1,0,1,0,27.0,36.0,voiture,deux_roues,5,2,3,1,3
201900040414,2019-10-30 07:10:00,2019,10,30,7,10,94,94004,GENERAL LECLERC (AV DU),48.758,2.501,Plein jour,En agglomération,Hors intersection,Normale,Sans collision,2,3,3,3,1,1,1,0,1,50,1,1,0,0,0,1,42.0,,voiture,,1,2,1,1,7
201900040415,2019-11-01 18:15:00,2019,11,1,18,15,93,93078,SAUSSET (AVENUE DU),48.9609314,2.5139103,Nuit avec éclairage allumé,En agglomération,Hors intersection,Pluie légère,Deux véhicules - côté,4,2,1,0,1,1,2,0,1,50,2,2,1,0,0,1,37.0,33.0,deux_roues,voiture,5,2,1,2,3
201900040416,2019-10-31 10:00:00,2019,10,31,10,0,93,93073,CHAPIT RE ( RUE DU),49.002948,2.536879,Plein jour,En agglomération,Intersection en X,Pluie légère,Deux véhicules - côté,7,1,2,0,1,1,2,0,1,50,2,4,3,0,0,1,51.0,19.0,transport_commun,voiture,1,2,2,2,3
201900040417,2019-09-30 11:00:00,2019,9,30,11,0,93,93078,LECLERC (AVENUE DU GENERAL),48.9481,2.5612,Plein jour,En agglomération,Intersection en X,Temps couvert,Deux véhicules - côté,4,2,2,0,1,1,2,0,1,50,2,4,3,0,0,1,20.0,25.0,voiture,voiture,1,2,2,8,3
201900040418,2019-11-01 07:10:00,2019,11,1,7,10,93,93072,STALINGRAD (AVENUE DE) DES N° 126 A 156,48.9529,2.38963,Crépuscule ou aube,En agglomération,Hors intersection,Pluie légère,Deux véhicules - arrière,3,1,1,0,1,1,2,0,1,50,2,3,2,0,0,1,65.0,26.0,voiture,voiture,2,2,1,2,2
201900040419,2019-11-02 16:55:00,2019,11,2,16,55,93,93066,"""LANDY RD 20, NR IMPAIRS 1 A 144""",48.9158,2.3624,Plein jour,En agglomération,Hors intersection,Normale,Deux véhicules - côté,3,2,3,3,1,1,1,0,1,50,2,2,1,0,0,1,36.0,41.0,transport_commun,deux_roues,1,2,1,1,3
201900040420,2019-11-01 04:15:00,2019,11,1,4,15,93,93064,PERI (BOULEVARD GABRIEL) 39 / 44 - FIN,48.8775202,2.4835783,Nuit avec éclairage allumé,En agglomération,Autre intersection,Normale,Deux véhicules - arrière,3,4,2,0,1,1,1,5,1,50,2,2,1,0,0,1,34.0,18.0,voiture,voiture,5,2,9,1,2
201900040421,2019-10-31 16:50:00,2019,10,31,16,50,93,93077,GRANDE RUE,48.88282,2.51356,Plein jour,En agglomération,Hors intersection,Normale,Autre collision,3,2,2,0,1,1,1,0,1,50,1,3,1,0,0,2,51.0,,deux_roues,,1,2,1,1,6
201900040422,2019-11-01 03:35:00,2019,11,1,3,35,93,93031,DE LATTRE DE TASSIGNY (1 A 51),48.95921,2.30568,Nuit avec éclairage allumé,En agglomération,Hors intersection,Pluie légère,Sans collision,3,2,4,0,1,1,2,0,1,50,1,1,0,0,1,0,22.0,,voiture,,5,2,1,2,7
201900040423,2019-11-02 18:25:00,2019,11,2,18,25,93,93010,ROSNY (AV. DE),48.901918,2.470799,Nuit avec éclairage allumé,En agglomération,Autre intersection,Normale,Deux véhicules - côté,3,2,2,0,1,1,1,0,1,50,2,1,0,0,0,1,31.0,,deux_roues,,5,2,9,1,3
201900040424,2019-10-31 17:50:00,2019,10,31,17,50,93,93008,ETOILE (RUE DE L'),48.91117,2.42742,Nuit avec éclairage allumé,En agglomération,Hors intersection,Normale,Autre collision,4,2,2,0,1,1,1,0,1,50,1,1,0,0,0,1,,,,,5,2,1,1,6
201900040425,2019-11-01 16:45:00,2019,11,1,16,45,93,93005,LEON JOUHAUX (RUE),48.954076,2.48229,Crépuscule ou aube,En agglomération,Hors intersection,Pluie légère,Trois véhicules et plus - en chaîne,4,1,2,0,1,1,2,0,1,50,3,3,2,0,0,1,20.0,22.0,voiture,voiture,2,2,1,2,4
201900040426,2019-10-31 19:50:00,2019,10,31,19,50,93,93005,LOUISE MICHEL (RUE),48.931,2.504,Nuit avec éclairage non allumé,En agglomération,Intersection en Y,Normale,Deux véhicules - côté,4,2,3,0,1,1,1,0,1,50,2,2,1,0,0,1,66.0,30.0,voiture,deux_roues,4,2,4,1,3
201900040427,2019-10-30 08:30:00,2019,10,30,8,30,93,93005,JEAN CHARCOT [CD115] (RUE),48.93485,2.4925,Plein jour,En agglomération,Hors intersection,Normale,Deux véhicules - arrière,3,2,2,0,1,1,1,6,1,50,2,2,1,0,0,1,34.0,53.0,voiture,voiture,1,2,1,1,2
201900040428,2019-10-30 23:05:00,2019,10,30,23,5,92,92075,FABIEN (BOULEVARD DU COLONEL),48.81284,2.27961,Nuit avec éclairage allumé,En agglomération,Intersection en Y,Pluie légère,Deux véhicules - frontale,4,3,2,0,1,1,2,0,1,50,2,2,1,0,0,1,30.0,16.0,deux_roues,deux_roues,5,2,4,2,1
201900040429,2019-10-30 10:30:00,2019,10,30,10,30,92,92075,FABIEN (BOULEVARD DU COLONEL),48.81186,2.28068,Plein jour,En agglomération,Intersection en T,Normale,Deux véhicules - côté,4,2,2,0,2,1,2,0,1,50,2,2,1,0,0,1,33.0,41.0,deux_roues,voiture,1,2,3,1,3
201900040430,2019-10-31 18:15:00,2019,10,31,18,15,92,92073,NIEUPORT (RUE EDOUARD),48.87234,2.23145,Nuit avec éclairage allumé,En agglomération,Intersection en T,Temps couvert,Deux véhicules - côté,4,1,1,0,1,1,1,9,1,50,2,2,1,0,0,1,33.0,25.0,deux_roues,voiture,5,2,3,8,3
201900040431,2019-10-30 06:52:00,2019,10,30,6,52,92,92073,ROOSVELT (AVENUE FRANKLIN),48.87231,2.22112,Nuit avec éclairage allumé,En agglomération,Autre intersection,Normale,Deux véhicules - côté,3,2,2,0,2,1,2,0,1,50,2,2,1,0,0,1,26.0,36.0,utilitaire_camion,deux_roues,5,2,9,1,3
201900040432,2019-11-07 13:33:00,2019,11,7,13,33,92,92072,EUROPE (AVENUE DE L'),48.8231839,2.2100008,Plein jour,En agglomération,Intersection en T,Normale,Deux véhicules - côté,3,2,3,0,1,1,1,0,1,50,2,2,1,0,0,1,72.0,20.0,voiture,deux_roues,1,2,3,1,3
201900040433,2019-10-29 21:59:00,2019,10,29,21,59,92,92072,GRANDE RUE,48.8269747,2.2211617,Nuit avec éclairage allumé,En agglomération,Hors intersection,Pluie légère,Deux véhicules - côté,3,2,4,0,1,1,2,0,1,50,2,3,2,0,1,0,29.0,19.0,deux_roues,voiture,5,2,1,2,3
201900040434,2019-10-31 15:15:00,2019,10,31,15,15,92,92051,"ACHILLE PERETTI (AVENUE,  N° 98 A 166 ET",48.88623,2.26188,Plein jour,En agglomération,Place,Normale,Autre collision,4,2,4,0,1,3,1,0,1,50,1,2,1,0,0,1,78.0,,voiture,,1,2,7,1,6
201900040435,2019-10-31 09:23:00,2019,10,31,9,23,92,92036,LAURENT CELY (AVENUE) (145/329),48.9269235,2.3037417,Plein jour,En agglomération,Hors intersection,Normale,Deux véhicules - arrière,3,1,1,0,1,1,1,0,1,50,2,2,1,0,0,1,21.0,39.0,voiture,voiture,1,2,1,1,2
201900040436,2019-10-31 09:10:00,2019,10,31,9,10,92,92036,MARCEL PAUL (AVENUE) (52/102),48.9439301,2.3035102,Plein jour,En agglomération,Intersection en T,Normale,Deux véhicules - côté,3,2,2,0,1,1,1,0,1,50,2,2,1,0,0,1,46.0,35.0,deux_roues,voiture,1,2,3,1,3
201900040437,2019-10-30 18:30:00,2019,10,30,18,30,92,92036,LUCIEN LANTERNIER (AVENUE) (19/65),48.93298,2.29423,Nuit avec éclairage allumé,En agglomération,Intersection en T,Normale,Autre collision,4,2,2,0,1,1,2,0,1,50,1,2,1,0,0,1,46.0,,voiture,,5,2,3,1,6
201900040438,2019-10-31 05:38:00,2019,10,31,5,38,92,92024,REPUBLIQUE (PLACE DE LA),48.9030588,2.3126838,Nuit avec éclairage allumé,En agglomération,Giratoire,Pluie légère,Autre collision,3,2,2,0,1,1,2,0,1,50,1,2,1,0,0,1,24.0,,voiture,,5,2,6,2,6
201900040439,2019-11-01 13:45:00,2019,11,1,13,45,92,92023,GARENNE (ROUTE DE LA),48.78083,2.22712,Plein jour,En agglomération,Hors intersection,Pluie légère,Deux véhicules - arrière,4,2,2,0,1,1,2,0,1,30,2,2,1,0,0,1,23.0,20.0,deux_roues,voiture,1,2,1,2,2
201900040440,2019-10-30 20:25:00,2019,10,30,20,25,92,92023,MOULIN DE LA TOUR (BOULEVARD),48.78899,2.26686,Nuit avec éclairage allumé,En agglomération,Autre intersection,Normale,Deux véhicules - côté,4,2,2,0,1,1,1,0,1,30,2,2,1,0,0,1,33.0,23.0,voiture,voiture,5,2,9,1,3
201900040441,2019-10-30 16:47:00,2019,10,30,16,47,92,92060,EDMOND ABOUT (RUE),48.78158,2.27369,Plein jour,En agglomération,Hors intersection,Temps couvert,Sans collision,9,2,1,0,2,1,1,9,1,30,1,1,0,0,0,1,80.0,,voiture,,1,2,1,8,7
201900040442,2019-10-31 17:25:00,2019,10,31,17,25,92,92019,DIVISION LECLERC (AVENUE DE LA),48.7686385,2.2509291,Plein jour,En agglomération,Intersection en T,Normale,Deux véhicules - côté,3,2,4,0,1,1,2,0,1,50,2,2,1,0,1,0,20.0,,deux_roues,,1,2,3,1,3
201900040443,2019-10-31 15:10:00,2019,10,31,15,10,92,92012,GENERAL LECLERC (AVENUE DU) 35/FIN - 60/,48.8311287,2.2352754,Plein jour,En agglomération,Hors intersection,Temps couvert,Autre collision,3,1,4,0,1,1,1,0,1,50,1,2,0,1,0,1,58.0,,deux_roues,,1,2,1,8,6
201900040444,2019-11-02 20:57:00,2019,11,2,20,57,92,92007,BRIAND (AVENUE ARISTIDE) N° 2 A 98,48.7982741,2.3225826,Nuit avec éclairage allumé,En agglomération,Hors intersection,Pluie légère,Deux véhicules - côté,3,1,2,0,1,1,2,8,1,50,2,2,1,0,0,1,23.0,52.0,voiture,deux_roues,5,2,1,2,3
201900040445,2019-11-02 18:50:00,2019,11,2,18,50,92,92004,ARGENTEUIL AV D',48.91186,2.2849837,Nuit avec éclairage allumé,En agglomération,Hors intersection,Normale,Autre collision,3,-1,2,0,1,1,1,0,1,50,3,3,2,0,0,1,38.0,41.0,deux_roues,voiture,5,2,1,1,6
201900040446,2019-10-30 06:15:00,2019,10,30,6,15,65,65429,Route départementale 935,43.4909685,0.0111019,Nuit sans éclairage public,Hors agglomération,Hors intersection,Brouillard / fumée,Autre collision,3,2,1,0,1,1,1,5,1,50,1,1,0,0,1,0,56.0,,voiture,,3,1,1,5,6
201900040447,2019-10-31 09:35:00,2019,10,31,9,35,12,12263,D926,44.351408,1.976235,Plein jour,Hors agglomération,Hors intersection,Pluie légère,Deux véhicules - frontale,3,2,2,0,2,1,2,0,1,80,2,3,1,0,1,1,69.0,22.0,voiture,voiture,1,1,1,2,1
201900040448,2019-11-01 04:55:00,2019,11,1,4,55,47,47044,170 Red Fournier,44.661966,0.561248,Nuit sans éclairage public,Hors agglomération,Hors intersection,Pluie légère,Autre collision,4,2,2,0,2,2,2,0,3,80,1,4,3,0,1,0,49.0,,voiture,,3,1,1,2,6
201900040449,2019-11-02 16:15:00,2019,11,2,16,15,47,47137,D268,44.103176,0.567385,Plein jour,Hors agglomération,Hors intersection,Pluie forte,Sans collision,3,2,2,0,1,2,2,0,8,80,1,1,0,0,1,0,79.0,,voiture,,1,1,1,3,7
201900040450,2019-10-31 17:45:00,2019,10,31,17,45,54,54062,RN 57 -- pk 54+ 800 -- sens Nancy/Epinal,48.537075,6.207162,Nuit sans éclairage public,Hors agglomération,Hors intersection,Normale,Sans collision,2,3,4,0,1,1,1,0,3,110,1,1,0,0,1,0,55.0,,voiture,,3,1,1,1,7
201900040451,2019-10-31 19:00:00,2019,10,31,19,0,86,86081,Route des Lavoirs,46.768972,0.418871,Nuit sans éclairage public,En agglomération,Hors intersection,Normale,Autre collision,3,2,2,0,2,1,1,0,1,70,1,2,1,0,1,0,41.0,,voiture,,3,2,1,1,6
201900040452,2019-10-31 16:15:00,2019,10,31,16,15,60,60559,Rue du Jardin à But,49.410004,2.293737,Plein jour,En agglomération,Hors intersection,Normale,Deux véhicules - côté,4,2,2,0,1,1,1,0,1,50,2,2,1,0,0,1,11.0,36.0,deux_roues,voiture,1,2,1,1,3
201900040453,2019-10-12 05:40:00,2019,10,12,5,40,74,74186,A41,45.862147,6.057117,Nuit sans éclairage public,Hors agglomération,Hors intersection,Normale,Deux véhicules - arrière,1,3,4,0,1,1,1,0,1,130,2,2,1,0,1,0,25.0,39.0,voiture,voiture,3,1,1,1,2
201900040454,2019-11-01 01:23:00,2019,11,1,1,23,91,91001,D721,48.338964,2.187438,Nuit sans éclairage public,Hors agglomération,Hors intersection,Pluie légère,Autre collision,3,2,2,0,1,1,2,0,1,80,1,2,1,1,0,0,57.0,,voiture,,3,1,1,2,6
201900040455,2019-10-30 14:50:00,2019,10,30,14,50,95,95313,24 Avenue du Chemin Vert,49.119276,2.225134,Plein jour,En agglomération,Hors intersection,Normale,Deux véhicules - frontale,4,2,2,0,1,1,1,6,1,50,2,2,1,0,0,1,14.0,66.0,deux_roues,voiture,1,2,1,1,1
201900040456,2019-10-30 22:40:00,2019,10,30,22,40,34,34243,D986,43.87367,3.742313,Nuit sans éclairage public,Hors agglomération,Hors intersection,Normale,Deux véhicules - frontale,3,2,2,0,1,1,1,0,1,80,2,2,1,0,1,0,45.0,20.0,deux_roues,voiture,3,1,1,1,1
201900040457,2019-10-31 14:00:00,2019,10,31,14,0,41,41040,D957,47.666534,1.246447,Plein jour,Hors agglomération,Hors intersection,Pluie légère,Autre collision,3,3,1,0,1,3,2,5,3,90,1,4,0,0,1,3,21.0,,voiture,,1,1,1,2,6
201900040458,2019-11-02 01:45:00,2019,11,2,1,45,988,98812,R.T.1,-20.538603,164.263612,Nuit sans éclairage public,Hors agglomération,Hors intersection,Normale,Sans collision,2,2,2,0,1,1,1,0,1,110,1,2,0,1,1,0,21.0,,voiture,,3,1,1,1,7
201900040459,2019-11-01 15:05:00,2019,11,1,15,5,28,28139,A11,48.31449,1.321606,Plein jour,Hors agglomération,Hors intersection,Normale,Autre collision,1,-1,5,0,1,1,2,2,2,130,1,1,0,0,1,0,46.0,,voiture,,1,1,1,1,6
201900040460,2019-11-01 12:15:00,2019,11,1,12,15,5,05085,D201,44.937849,6.68435,Plein jour,Hors agglomération,Hors intersection,Normale,Sans collision,3,2,2,0,1,1,1,0,3,50,1,1,0,0,1,0,62.0,,deux_roues,,1,1,1,1,7
201900040461,2019-11-03 22:30:00,2019,11,3,22,30,974,97412,74 Rue Victor Hugo,-21.380429,55.641964,Nuit sans éclairage public,En agglomération,Hors intersection,Normale,Deux véhicules - côté,2,2,2,0,1,1,1,0,1,50,2,2,1,0,0,1,46.0,27.0,deux_roues,voiture,3,2,1,1,3
201900040462,2019-10-31 18:20:00,2019,10,31,18,20,972,97201,RN3 Pk 34+800,14.803861,-61.124285,Nuit sans éclairage public,Hors agglomération,Hors intersection,Temps couvert,Sans collision,2,2,2,0,2,1,2,0,8,80,1,3,2,0,0,1,21.0,,voiture,,3,1,1,8,7