accident_id,datetime,annee,mois,jour,heure,minute,departement,commune_insee,adresse,latitude,longitude,luminosite,agglomeration,intersection,meteo,collision,catr,circ,nbv,vosp,prof,plan,surf,infra,situ,vma,nb_vehicules,nb_usagers,nb_indemnes,nb_tues,nb_blesses_hosp,nb_blesses_legers,age_cond_1,age_cond_2,veh_type_cond_1,veh_type_cond_2,lum_code,agg_code,int_code,atm_code,col_code
201900040555,2019-10-26 21:05:00,2019,10,26,21,5,78,78364,D11,48.856632,1.810534,Nuit sans éclairage public,Hors agglomération,Hors intersection,Normale,Deux véhicules - côté,3,2,2,0,1,1,2,0,1,80,2,3,1,0,0,2,27.0,23.0,voiture,voiture,3,1,1,1,3
201900040556,2019-10-31 20:30:00,2019,10,31,20,30,2B,2B303,Fiorentine,42.282813,9.550598,Nuit avec éclairage allumé,Hors agglomération,Hors intersection,Normale,Autre collision,2,2,2,0,1,1,2,9,2,80,1,1,0,0,1,0,28.0,,deux_roues,,5,1,1,1,6
201900040557,2019-10-03 06:30:00,2019,10,3,6,30,2B,2B148,Strada Di Mariana,42.545062,9.47997,Crépuscule ou aube,En agglomération,Intersection en T,Normale,Deux véhicules - côté,4,2,2,0,1,1,1,0,1,80,2,2,1,0,1,0,43.0,31.0,voiture,voiture,2,2,3,1,3
201900040558,2019-11-01 12:20:00,2019,11,1,12,20,2A,2A041,T10,41.4311205,9.1883313,Plein jour,Hors agglomération,Hors intersection,Normale,Autre collision,2,2,2,0,4,4,2,0,1,80,1,1,0,1,0,0,59.0,,deux_roues,,1,1,1,1,6
201900040559,2019-10-31 11:00:00,2019,10,31,11,0,34,34199,Avenue de Plaisance,43.460675,3.4105524,Plein jour,En agglomération,Giratoire,Normale,Deux véhicules - côté,3,-1,1,0,1,2,2,0,1,50,2,2,1,0,0,1,76.0,33.0,deux_roues,voiture,1,2,6,1,3
201900040560,2019-10-29 16:24:00,2019,10,29,16,24,34,34199,N9,43.446526,3.407197,Plein jour,Hors agglomération,Giratoire,Normale,Deux véhicules - côté,2,-1,2,0,1,2,1,9,1,80,2,2,1,0,1,0,85.0,73.0,voiture,deux_roues,1,1,6,1,3
201900040561,2019-11-02 11:25:00,2019,11,2,11,25,83,83053,Route de Toulon,43.157944,5.837837,Plein jour,Hors agglomération,Hors intersection,Normale,Trois véhicules et plus - collisions multiples,3,2,2,0,2,4,2,0,1,80,3,6,1,0,1,4,47.0,48.0,voiture,voiture,1,1,1,1,5
201900040562,2019-11-01 13:30:00,2019,11,1,13,30,83,83016,RD N8,43.231909,5.80837,Plein jour,Hors agglomération,Hors intersection,Temps couvert,Autre collision,3,2,2,0,2,2,1,0,1,80,1,1,0,0,1,0,22.0,,deux_roues,,1,1,1,8,6
201900040563,2019-10-30 14:20:00,2019,10,30,14,20,83,83059,4 Hameau Saint Jean,43.333772,6.076935,Plein jour,En agglomération,Hors intersection,Normale,Trois véhicules et plus - collisions multiples,3,4,2,0,3,3,1,0,1,50,3,3,2,0,1,0,50.0,49.0,deux_roues,voiture,1,2,1,1,5
201900040564,2019-10-31 18:00:00,2019,10,31,18,0,13,13086,2 Avenue des Allies,43.351037,5.604187,Nuit avec éclairage allumé,En agglomération,Hors intersection,Normale,Autre collision,3,2,2,0,1,1,2,0,1,50,1,3,2,0,1,0,79.0,,voiture,,5,2,1,1,6
201900040565,2019-10-31 17:50:00,2019,10,31,17,50,13,13015,Lotissement Terre Blanche,43.453813,5.41784,Nuit avec éclairage allumé,En agglomération,Intersection en T,Pluie légère,Autre collision,4,2,2,0,4,1,1,0,1,30,1,2,1,0,0,1,24.0,,utilitaire_camion,,5,2,3,2,6
201900040566,2019-10-31 12:00:00,2019,10,31,12,0,39,39356,,46.707517,5.817202,Plein jour,Hors agglomération,Hors intersection,Pluie légère,Autre collision,3,2,2,0,1,2,2,0,3,80,1,1,0,0,0,1,32.0,,voiture,,1,1,1,2,6
201900040567,2019-10-31 17:50:00,2019,10,31,17,50,89,89206,16 Boulevard Lésiré Lacam,47.984529,3.397033,Nuit avec éclairage allumé,En agglomération,Hors intersection,Pluie légère,Autre collision,3,2,2,0,1,1,2,0,1,50,1,2,1,0,1,0,72.0,,voiture,,5,2,1,2,6
201900040568,2019-10-30 15:30:00,2019,10,30,15,30,10,10299,Rue de l'Egalité,48.540172,4.071754,Plein jour,En agglomération,Hors intersection,Normale,Autre collision,4,-1,2,0,2,1,1,0,1,50,1,2,1,0,1,0,79.0,,voiture,,1,2,1,1,6
201900040569,2019-11-01 15:50:00,2019,11,1,15,50,67,67544,D34,48.991554,7.980869,Plein jour,Hors agglomération,Hors intersection,Pluie légère,Autre collision,3,2,2,0,1,2,2,0,1,80,1,2,1,0,1,0,44.0,,voiture,,1,1,1,2,6
201900040570,2019-10-27 14:33:00,2019,10,27,14,33,73,73290,D1006,45.2156201,6.9624647,Plein jour,Hors agglomération,Hors intersection,Normale,Sans collision,3,2,2,0,2,1,1,0,1,80,1,1,0,0,1,0,49.0,,deux_roues,,1,1,1,1,7
201900040571,2019-10-31 14:25:00,2019,10,31,14,25,38,38565,route départementale 520A,45.286893,5.635829,Plein jour,Hors agglomération,Hors intersection,Pluie légère,Trois véhicules et plus - collisions multiples,3,2,2,0,2,3,2,0,1,70,3,4,2,0,0,2,63.0,46.0,voiture,voiture,1,1,1,2,5
201900040572,2019-07-30 15:00:00,2019,7,30,15,0,26,26347,29 Avenue du President Roosevelt,45.06848,4.84435,Plein jour,En agglomération,Hors intersection,Normale,Autre collision,2,2,3,0,1,1,1,0,1,50,1,2,1,0,0,1,20.0,,voiture,,1,2,1,1,6
201900040573,2019-10-31 06:30:00,2019,10,31,6,30,26,26169,D884,44.483147,4.741954,Nuit sans éclairage public,Hors agglomération,Hors intersection,Pluie légère,Deux véhicules - frontale,3,2,2,0,1,1,2,0,1,80,2,2,1,0,1,0,34.0,61.0,voiture,utilitaire_camion,3,1,1,2,1
201900040574,2019-09-13 17:30:00,2019,9,13,17,30,26,26206,Chemin de l'Oye,44.832517,4.968247,Plein jour,Hors agglomération,Intersection en X,Normale,Deux véhicules - côté,3,2,2,0,1,1,1,5,1,80,2,2,1,0,0,1,30.0,72.0,voiture,voiture,1,1,2,1,3
201900040575,2019-11-03 21:25:00,2019,11,3,21,25,7,07324,avenue Maréchal Foch,45.071263,4.825552,Nuit avec éclairage allumé,En agglomération,Hors intersection,Normale,Deux véhicules - côté,3,2,2,0,1,1,1,0,1,50,2,2,1,0,0,1,44.0,29.0,deux_roues,voiture,5,2,1,1,3
201900040576,2019-10-30 08:15:00,2019,10,30,8,15,69,69143,Rue Rey Loras,45.87839,4.83813,Plein jour,En agglomération,Hors intersection,Normale,Deux véhicules - côté,4,2,2,0,1,1,1,0,1,50,2,2,1,0,1,0,18.0,34.0,deux_roues,voiture,1,2,1,1,3
201900040577,2019-11-01 03:55:00,2019,11,1,3,55,69,69072,Route Departementale 307,45.79397,4.74131,Nuit avec éclairage allumé,Hors agglomération,Hors intersection,Temps couvert,Autre collision,3,2,2,0,1,3,2,9,3,70,1,1,0,1,0,0,33.0,,utilitaire_camion,,5,1,1,8,6
201900040578,2019-11-02 21:15:00,2019,11,2,21,15,81,81219,D84,43.5799761,1.997338,Nuit sans éclairage public,Hors agglomération,Hors intersection,Pluie forte,Autre collision,3,2,2,0,2,3,2,0,3,80,1,3,1,0,1,1,39.0,,voiture,,3,1,1,3,6
201900040579,2019-10-30 18:00:00,2019,10,30,18,0,81,81099,Chemin Toulze,43.91882,1.940529,Nuit sans éclairage public,Hors agglomération,Giratoire,Temps couvert,Deux véhicules - côté,3,2,2,0,1,1,9,0,3,80,2,2,1,0,1,0,41.0,32.0,voiture,voiture,3,1,6,8,3
201900040580,2019-10-31 14:45:00,2019,10,31,14,45,19,19146,Avenue Albert de la Pradelle,45.290497,1.773996,Plein jour,Hors agglomération,Hors intersection,Temps couvert,Deux véhicules - frontale,3,2,2,0,2,1,8,0,1,80,2,2,0,0,2,0,24.0,65.0,voiture,voiture,1,1,1,8,1
201900040581,2019-11-03 15:50:00,2019,11,3,15,50,79,79189,,46.425466,-0.15336,Plein jour,Hors agglomération,Intersection en T,Pluie forte,Deux véhicules - côté,2,2,2,0,2,1,2,0,1,80,2,2,1,0,1,0,18.0,33.0,utilitaire_camion,utilitaire_camion,1,1,3,3,3
201900040582,2019-10-31 15:55:00,2019,10,31,15,55,17,17395,Chemin des Perchaud,45.7356258,-0.4686694,Plein jour,Hors agglomération,Intersection en X,Normale,Deux véhicules - côté,3,2,2,0,1,1,1,0,1,-1,2,2,1,0,1,0,19.0,64.0,deux_roues,voiture,1,1,2,1,3
201900040583,2019-11-01 14:10:00,2019,11,1,14,10,33,33302,Lieu Dit Bertineau,44.94329,-0.20469,Plein jour,Hors agglomération,Hors intersection,Pluie forte,Trois véhicules et plus - collisions multiples,3,2,2,0,1,1,2,0,1,-1,3,5,3,1,1,0,59.0,54.0,voiture,voiture,1,1,1,3,5
201900040584,2019-11-02 12:25:00,2019,11,2,12,25,14,14322,Route de la Belle Epine,49.24716,-0.708164,Plein jour,Hors agglomération,Hors intersection,Normale,Autre collision,3,2,2,0,1,1,2,0,1,70,3,5,2,0,1,2,46.0,44.0,voiture,voiture,1,1,1,1,6
201900040585,2019-10-31 18:15:00,2019,10,31,18,15,27,27022,rue saint Fiacre,49.173969,1.335947,Nuit sans éclairage public,En agglomération,Hors intersection,Normale,Autre collision,4,2,1,0,1,1,1,0,1,30,1,2,1,0,0,1,40.0,,voiture,,3,2,1,1,6
201900040586,2019-11-02 19:50:00,2019,11,2,19,50,60,60139,D924,49.184433,2.236496,Nuit sans éclairage public,Hors agglomération,Hors intersection,Pluie légère,Autre collision,3,2,2,0,2,1,2,9,1,90,1,2,1,0,1,0,76.0,,voiture,,3,1,1,2,6
201900040587,2019-10-22 17:00:00,2019,10,22,17,0,80,80625,D935,49.727097,2.532312,Plein jour,En agglomération,Hors intersection,Normale,Deux véhicules - arrière,3,2,2,0,1,1,2,0,1,80,2,1,0,0,0,1,28.0,,deux_roues,,1,2,1,1,2
201900040588,2019-10-30 18:10:00,2019,10,30,18,10,59,59584,Chaussée Brunehaut,50.307073,3.831191,Nuit sans éclairage public,Hors agglomération,Hors intersection,Normale,Autre collision,3,2,2,0,1,1,1,0,3,80,1,2,1,0,1,0,47.0,,voiture,,3,1,1,1,6
201900040589,2019-11-02 10:06:00,2019,11,2,10,6,13,13106,A7-Sens Marseille vers Lyon,43.39422,5.35135,Plein jour,Hors agglomération,Hors intersection,Normale,Trois véhicules et plus - en chaîne,1,1,2,0,1,1,1,0,1,90,3,6,0,0,0,6,63.0,22.0,voiture,voiture,1,1,1,1,4
201900040590,2019-01-18 01:30:00,2019,1,18,1,30,26,26377,RD94,44.319394,5.06236,Nuit sans éclairage public,Hors agglomération,Hors intersection,Normale,Autre collision,3,2,2,0,1,2,1,0,1,80,1,1,0,0,0,1,23.0,,voiture,,3,1,1,1,6
201900040591,2019-01-20 16:45:00,2019,1,20,16,45,69,69255,"PK20, Rue de Malval",45.74698,4.63524,Plein jour,Hors agglomération,Hors intersection,Pluie légère,Deux véhicules - frontale,3,2,2,0,2,4,2,0,1,80,2,3,0,0,3,0,53.0,21.0,voiture,voiture,1,1,1,2,1
201900040592,2019-01-16 12:45:00,2019,1,16,12,45,69,69255,route du pont pinay,45.72919,4.67424,Plein jour,En agglomération,Hors intersection,Normale,Deux véhicules - côté,3,2,2,0,2,1,1,0,1,50,2,2,1,0,0,1,89.0,57.0,voiture,voiture,1,2,1,1,3
201900040593,2019-01-19 07:20:00,2019,1,19,7,20,69,69116,avenue général de gaulle,45.83752,4.77161,Nuit avec éclairage allumé,En agglomération,Hors intersection,Normale,Autre collision,3,2,2,0,2,1,1,0,1,30,1,2,1,0,0,1,23.0,,voiture,,5,2,1,1,6
201900040594,2019-01-20 19:25:00,2019,1,20,19,25,32,32200,RN 21 - PR 54 + 200,43.60608,0.568172,Nuit sans éclairage public,Hors agglomération,Hors intersection,Pluie légère,Trois véhicules et plus - collisions multiples,2,2,2,0,1,3,1,0,1,80,3,5,2,0,1,2,87.0,45.0,voiture,voiture,3,1,1,2,5
201900040595,2019-01-18 13:35:00,2019,1,18,13,35,9,09282,Rue de Villotte,43.233126,1.572253,Plein jour,En agglomération,Hors intersection,Temps couvert,Deux véhicules - frontale,3,2,2,0,2,2,1,0,1,50,2,2,1,0,0,1,48.0,76.0,voiture,voiture,1,2,1,8,1
201900040596,2019-01-19 14:00:00,2019,1,19,14,0,64,64139,D24,43.215537,-0.33652,Plein jour,Hors agglomération,Hors intersection,Normale,Deux véhicules - côté,3,2,2,0,2,3,1,0,1,80,2,2,1,0,0,1,57.0,40.0,deux_roues,voiture,1,1,1,1,3
201900040597,2019-01-16 21:40:00,2019,1,16,21,40,33,33548,RD138 route du petit bois - alcool + traversée de la chaussée par renard,44.975669,-0.295947,Nuit sans éclairage public,Hors agglomération,Hors intersection,Pluie légère,Autre collision,3,2,2,0,1,1,2,0,3,80,1,1,0,0,0,1,46.0,,voiture,,3,1,1,2,6
201900040598,2019-01-17 14:30:00,2019,1,17,14,30,33,33376,"EX RD 1215, Rond point de Picot",44.90703,-0.74489,Plein jour,Hors agglomération,Giratoire,Temps éblouissant,Deux véhicules - côté,4,2,2,1,1,1,2,5,1,80,2,2,1,0,0,1,75.0,46.0,deux_roues,voiture,1,1,6,7,3
201900040599,2019-01-21 08:00:00,2019,1,21,8,0,85,85080,RD938Ter,46.43612,-0.82621,Nuit sans éclairage public,Hors agglomération,Hors intersection,Normale,Deux véhicules - arrière,3,2,2,0,1,1,1,0,1,80,2,2,1,0,1,0,51.0,38.0,deux_roues,voiture,3,1,1,1,2
201900040600,2019-01-19 18:45:00,2019,1,19,18,45,72,72016,la havardière,47.92537,-0.340405,Nuit sans éclairage public,Hors agglomération,Hors intersection,Brouillard / fumée,Deux véhicules - côté,4,2,2,0,2,1,6,0,1,-1,2,4,3,0,1,0,68.0,35.0,voiture,voiture,3,1,1,5,3
201900040601,2019-01-17 21:20:00,2019,1,17,21,20,72,72264,ROUTE DEPARTEMENTALE 309,47.838897,-0.308745,Nuit avec éclairage allumé,En agglomération,Hors intersection,Normale,Deux véhicules - côté,3,2,2,1,2,1,2,0,1,70,2,2,1,1,0,0,34.0,61.0,deux_roues,voiture,5,2,1,1,3
201900040602,2019-01-14 18:45:00,2019,1,14,18,45,44,44204,route de Paris,47.28909,-1.43233,Nuit sans éclairage public,Hors agglomération,Hors intersection,Normale,Deux véhicules - arrière,7,2,3,0,1,1,1,0,1,80,2,2,1,0,0,1,47.0,37.0,utilitaire_camion,voiture,3,1,1,1,2
201900040603,2019-01-17 22:30:00,2019,1,17,22,30,50,50294,Les Rosées,49.587562,-1.653885,Nuit sans éclairage public,Hors agglomération,Hors intersection,Normale,Autre collision,3,2,2,0,2,1,1,0,1,80,1,1,0,0,1,0,18.0,,deux_roues,,3,1,1,1,6
201900040604,2019-01-18 19:30:00,2019,1,18,19,30,56,56009,Parlavan RD 25,47.319008,-3.173429,Nuit sans éclairage public,Hors agglomération,Hors intersection,Normale,Deux véhicules - côté,3,2,2,0,1,1,2,0,1,80,2,2,1,0,0,1,25.0,45.0,voiture,voiture,3,1,1,1,3
201900040605,2019-01-17 11:50:00,2019,1,17,11,50,56,56176,rue Georges Cadoudal,47.674344,-2.95861,Plein jour,En agglomération,Hors intersection,Normale,Deux véhicules - arrière,3,2,2,0,2,1,1,0,1,50,2,2,1,0,1,0,60.0,62.0,voiture,deux_roues,1,2,1,1,2
201900040606,2019-01-18 21:10:00,2019,1,18,21,10,29,29055,"Zone Industrielle de Kerduff, ZI DE KERDUFF",48.5663218,-4.3536751,Nuit sans éclairage public,En agglomération,Hors intersection,Pluie légère,Deux véhicules - côté,3,2,2,0,1,1,2,0,1,70,2,2,1,0,1,0,36.0,63.0,utilitaire_camion,deux_roues,3,2,1,2,3
201900040607,2019-01-17 18:00:00,2019,1,17,18,0,29,29144,RD 764,48.4499907,-4.1829905,Crépuscule ou aube,Hors agglomération,Intersection en X,Normale,Deux véhicules - frontale,3,2,2,0,2,1,1,0,1,80,2,2,1,0,1,0,72.0,21.0,voiture,voiture,2,1,2,1,1
201900040608,2019-01-19 05:55:00,2019,1,19,5,55,76,76303,D10,49.554007,0.350274,Nuit sans éclairage public,Hors agglomération,Hors intersection,Normale,Deux véhicules - frontale,3,2,2,0,1,1,1,0,1,80,2,2,0,0,1,1,22.0,65.0,voiture,voiture,3,1,1,1,1
201900040609,2019-01-18 19:35:00,2019,1,18,19,35,60,60439,Avenue du 11 Novembre 1918 - D929,49.311595,2.325995,Nuit avec éclairage allumé,En agglomération,Hors intersection,Autre,Deux véhicules - frontale,3,2,2,0,1,1,2,0,3,50,2,2,0,0,0,2,40.0,20.0,voiture,voiture,5,2,1,9,1
201900040610,2019-01-17 15:20:00,2019,1,17,15,20,2,02798,Départementale 15,48.90422,3.397555,Plein jour,Hors agglomération,Hors intersection,Pluie légère,Autre collision,3,2,2,0,1,1,2,0,3,80,1,1,0,0,1,0,35.0,,voiture,,1,1,1,2,6
201900040611,2019-01-19 10:56:00,2019,1,19,10,56,62,62801,80 rue Carnot,50.390519,2.741998,Plein jour,En agglomération,Hors intersection,Normale,Autre collision,3,2,2,0,1,1,1,9,1,50,1,2,1,0,1,0,51.0,,voiture,,1,2,1,1,6
201900040612,2019-01-18 08:05:00,2019,1,18,8,5,62,62751,Autoroute A16 - sens Boulogne/Calais,50.85317,1.727547,Crépuscule ou aube,Hors agglomération,Hors intersection,Normale,Autre collision,1,3,4,0,1,1,1,0,1,130,1,1,0,0,1,0,43.0,,voiture,,2,1,1,1,6
201900040613,2019-01-17 17:50:00,2019,1,17,17,50,59,59158,1252 ROUTE NATIONALE,50.452335,3.201396,Nuit avec éclairage allumé,En agglomération,Hors intersection,Normale,Autre collision,3,2,2,0,1,1,1,0,1,50,1,2,1,0,0,1,88.0,,voiture,,5,2,1,1,6
201900040614,2019-01-18 09:00:00,2019,1,18,9,0,13,13071,A55-Sens Martigues vers Marseille,43.3857,5.31021,Plein jour,Hors agglomération,Hors intersection,Normale,Trois véhicules et plus - en chaîne,1,-1,3,0,2,1,1,0,1,110,3,3,2,0,0,1,27.0,30.0,voiture,voiture,1,1,1,1,4
201900040615,2019-01-18 00:54:00,2019,1,18,0,54,13,13202,Tunnel Joliette Marseille vers Aubagne,43.29159,5.36624,Nuit avec éclairage allumé,En agglomération,Hors intersection,Normale,Autre collision,1,1,2,0,2,2,1,1,1,70,1,1,0,0,0,1,31.0,,deux_roues,,5,2,1,1,6
201900040616,2019-01-14 10:30:00,2019,1,14,10,30,13,13071,A7-Sens Marseille vers Lyon,43.41503,5.2786,Plein jour,Hors agglomération,Autre intersection,Normale,Trois véhicules et plus - en chaîne,1,1,3,0,1,1,1,0,1,110,5,5,2,0,1,2,63.0,56.0,utilitaire_camion,voiture,1,1,9,1,4
201900040617,2019-01-18 10:00:00,2019,1,18,10,0,13,13071,A7-Sens Marseille vers Lyon,43.410591,5.28426,Plein jour,Hors agglomération,Hors intersection,Normale,Deux véhicules - arrière,1,1,3,0,1,1,1,2,1,90,2,2,0,0,0,2,53.0,34.0,utilitaire_camion,utilitaire_camion,1,1,1,1,2
201900040618,2019-01-13 16:08:00,2019,1,13,16,8,13,13055,A507 sens Marseille - Aubagne,43.330839,5.387807,Plein jour,En agglomération,Hors intersection,Normale,Autre collision,1,3,3,0,2,1,1,1,1,70,1,2,1,0,0,1,51.0,,voiture,,1,2,1,1,6
201900040619,2019-01-17 18:50:00,2019,1,17,18,50,13,13001,A51-Sens Marseille vers Aix en Provence,43.46981,5.40725,Crépuscule ou aube,Hors agglomération,Hors intersection,Normale,Trois véhicules et plus - en chaîne,1,-1,2,0,1,1,1,0,1,90,4,4,2,0,0,2,46.0,29.0,voiture,voiture,2,1,1,1,4
201900040620,2019-01-17 18:15:00,2019,1,17,18,15,13,13106,A51-Sens Aix en Provence vers Marseille,43.40211,5.35636,Nuit sans éclairage public,Hors agglomération,Hors intersection,Normale,Deux véhicules - arrière,1,2,3,0,1,1,1,0,1,90,2,5,3,0,0,2,27.0,34.0,voiture,voiture,3,1,1,1,2
201900040621,2019-01-17 14:10:00,2019,1,17,14,10,13,13001,A51-Sens Marseille vers Aix en Provence,43.490152,5.4074836,Plein jour,Hors agglomération,Hors intersection,Normale,Deux véhicules - arrière,1,3,3,0,1,1,1,0,1,90,2,2,1,0,0,1,30.0,30.0,voiture,voiture,1,1,1,1,2
201900040622,2019-01-17 08:15:00,2019,1,17,8,15,13,13210,A50-Sens Aubagne vers Marseille,43.28484,5.40953,Plein jour,Hors agglomération,Hors intersection,Pluie légère,Deux véhicules - côté,1,3,3,0,1,1,2,0,1,90,2,3,2,0,0,1,53.0,30.0,voiture,deux_roues,1,1,1,2,3
201900040623,2019-01-17 09:00:00,2019,1,17,9,0,13,13056,A55-Sens Marseille vers Martigues,43.4028961,5.0422043,Plein jour,Hors agglomération,Hors intersection,Normale,Deux véhicules - arrière,1,3,3,0,1,1,1,2,1,70,2,2,1,0,0,1,41.0,23.0,voiture,utilitaire_camion,1,1,1,1,2
201900040624,2019-01-16 15:15:00,2019,1,16,15,15,13,13117,A7-Sens Marseille vers Lyon,43.4131,5.28088,Plein jour,Hors agglomération,Hors intersection,Normale,Trois véhicules et plus - en chaîne,1,4,3,0,1,1,1,0,1,110,3,3,1,0,0,2,30.0,51.0,voiture,voiture,1,1,1,1,4
201900040625,2019-01-16 11:35:00,2019,1,16,11,35,13,13210,S10CM-Sens Marseille vers A.50 Aubagne,43.285083,5.420914,Plein jour,En agglomération,Hors intersection,Normale,Deux véhicules - côté,1,-1,2,0,1,1,1,0,1,50,2,2,0,0,0,2,37.0,30.0,voiture,voiture,1,2,1,1,3
201900040626,2019-01-16 07:15:00,2019,1,16,7,15,13,13071,A55-Sens Martigues vers Marseille,43.37596,5.31697,Crépuscule ou aube,Hors agglomération,Hors intersection,Normale,Deux véhicules - arrière,1,3,2,0,2,1,1,0,1,90,2,2,0,0,0,2,58.0,43.0,voiture,voiture,2,1,1,1,2
201900040627,2019-01-16 07:30:00,2019,1,16,7,30,13,13071,A7-Sens Lyon vers Marseille,43.40371,5.311592,Plein jour,Hors agglomération,Hors intersection,Normale,Autre collision,1,3,2,0,1,1,1,0,1,90,2,2,1,0,0,1,35.0,53.0,voiture,deux_roues,1,1,1,1,6
201900040628,2019-01-15 06:00:00,2019,1,15,6,0,83,83062,,43.1434,6.0142,Nuit sans éclairage public,Hors agglomération,Hors intersection,Normale,Sans collision,1,3,6,0,1,1,1,0,1,110,1,1,0,0,0,1,27.0,,voiture,,3,1,1,1,7
201900040629,2019-01-19 21:10:00,2019,1,19,21,10,33,33366,AUTOROUTE A 10,44.98265,-0.42871,Nuit sans éclairage public,Hors agglomération,Hors intersection,Normale,Trois véhicules et plus - collisions multiples,1,3,6,0,1,1,1,0,1,130,3,6,5,0,0,1,32.0,40.0,utilitaire_camion,voiture,3,1,1,1,5
201900040630,2019-01-18 23:09:00,2019,1,18,23,9,94,94003,AUTOROUTE A6B,48.80448,2.344347,Nuit avec éclairage allumé,Hors agglomération,Hors intersection,Normale,Sans collision,1,3,2,0,1,1,1,1,1,70,1,1,0,0,0,1,33.0,,deux_roues,,5,1,1,1,7
201900040631,2019-01-17 18:45:00,2019,1,17,18,45,91,91377,RN20,48.72981,2.30021,Nuit avec éclairage allumé,En agglomération,Hors intersection,Normale,Autre collision,2,3,4,0,1,1,2,0,1,70,2,1,0,0,0,1,37.0,,voiture,,5,2,1,1,6
201900040632,2019-01-17 16:45:00,2019,1,17,16,45,91,91345,AUTOROUTE A6,48.68741,2.32583,Plein jour,Hors agglomération,Hors intersection,Pluie légère,Trois véhicules et plus - en chaîne,1,3,6,0,3,1,2,0,1,110,6,6,5,0,0,1,27.0,26.0,voiture,voiture,1,1,1,2,4
201900040633,2019-01-17 16:45:00,2019,1,17,16,45,91,91345,AUTOROUTE A6,48.68713,2.32587,Nuit avec éclairage non allumé,Hors agglomération,Hors intersection,Normale,Autre collision,1,3,6,0,1,1,2,0,1,110,1,1,0,0,0,1,61.0,,deux_roues,,4,1,1,1,6
201900040634,2019-01-17 16:10:00,2019,1,17,16,10,91,91347,RN 104,48.622261,2.28514,Plein jour,Hors agglomération,Hors intersection,Pluie légère,Trois véhicules et plus - en chaîne,2,3,4,0,1,1,2,0,1,110,3,4,1,0,0,3,44.0,49.0,voiture,voiture,1,1,1,2,4
201900040635,2019-01-17 08:10:00,2019,1,17,8,10,94,94003,AUTOROUTE A6A,48.80578,2.34167,Plein jour,Hors agglomération,Hors intersection,Normale,Deux véhicules - côté,1,3,6,0,2,3,2,0,1,90,2,2,0,0,0,2,32.0,28.0,utilitaire_camion,voiture,1,1,1,1,3
201900040636,2019-01-17 07:02:00,2019,1,17,7,2,94,94034,AUTOROUTE A6A,48.75196,2.33044,Crépuscule ou aube,Hors agglomération,Hors intersection,Normale,Sans collision,1,3,6,0,2,1,2,0,1,110,1,1,0,0,0,1,26.0,,deux_roues,,2,1,1,1,7
201900040637,2019-01-16 18:45:00,2019,1,16,18,45,91,91136,AUTOROUTE A126,48.71239,2.28507,Nuit sans éclairage public,Hors agglomération,Hors intersection,Normale,Trois véhicules et plus - en chaîne,1,2,2,0,1,1,1,0,1,90,4,4,1,0,0,3,55.0,26.0,voiture,voiture,3,1,1,1,4
201900040638,2019-01-16 07:40:00,2019,1,16,7,40,91,91659,AUTOROUTE A6,48.59258,2.44459,Crépuscule ou aube,Hors agglomération,Hors intersection,Normale,Autre collision,1,3,6,0,1,1,1,0,1,110,1,1,0,0,0,1,31.0,,voiture,,2,1,1,1,6
201900040639,2019-01-15 19:05:00,2019,1,15,19,5,91,91377,RN20,48.7148,2.2898,Nuit sans éclairage public,Hors agglomération,Hors intersection,Normale,Deux véhicules - arrière,2,3,4,0,1,1,1,0,1,90,2,2,1,0,0,1,34.0,62.0,utilitaire_camion,deux_roues,3,1,1,1,2
201900040640,2019-01-18 23:40:00,2019,1,18,23,40,78,78140,A13,48.961099,1.930062,Nuit sans éclairage public,Hors agglomération,Hors intersection,Normale,Deux véhicules - arrière,1,3,3,0,1,1,1,0,1,130,2,2,0,0,0,2,53.0,29.0,voiture,voiture,3,1,1,1,2
201900040641,2019-01-18 11:53:00,2019,1,18,11,53,92,92002,AUTOROUTE A86,48.76316,2.31077,Plein jour,Hors agglomération,Hors intersection,Normale,Trois véhicules et plus - en chaîne,1,-1,3,0,1,1,1,0,1,90,3,3,2,0,0,1,35.0,21.0,voiture,voiture,1,1,1,1,4
201900040642,2019-01-18 09:13:00,2019,1,18,9,13,92,92047,A13,48.83357,2.16301,Plein jour,Hors agglomération,Hors intersection,Normale,Deux véhicules - côté,1,1,3,0,1,1,1,0,1,110,2,2,1,0,0,1,35.0,25.0,deux_roues,voiture,1,1,1,1,3
201900040643,2019-01-18 02:25:00,2019,1,18,2,25,92,92072,N118,48.8241234,2.2213719,Nuit sans éclairage public,Hors agglomération,Hors intersection,Normale,Autre collision,2,1,2,0,2,2,1,0,1,70,1,2,0,0,1,1,,,,,3,1,1,1,6