accident_id,datetime,annee,mois,jour,heure,minute,departement,commune_insee,adresse,latitude,longitude,luminosite,agglomeration,intersection,meteo,collision,catr,circ,nbv,vosp,prof,plan,surf,infra,situ,vma,nb_vehicules,nb_usagers,nb_indemnes,nb_tues,nb_blesses_hosp,nb_blesses_legers,age_cond_1,age_cond_2,veh_type_cond_1,veh_type_cond_2,lum_code,agg_code,int_code,atm_code,col_code
201900041192,2019-08-27 09:10:00,2019,8,27,9,10,94,94018,PARIS (R DE),48.8236,2.4103,Plein jour,En agglomération,Hors intersection,Normale,Deux véhicules - côté,3,2,0,0,1,1,1,0,1,30,2,2,1,0,0,1,65.0,28.0,voiture,deux_roues,1,2,1,1,3
201900041193,2019-08-26 17:25:00,2019,8,26,17,25,94,94044,AUVERGNE (R D),48.74472,2.47518,Plein jour,En agglomération,Hors intersection,Normale,Autre collision,4,2,0,0,1,1,1,0,1,50,1,2,1,0,0,1,30.0,,voiture,,1,2,1,1,6
201900041194,2019-08-30 16:50:00,2019,8,30,16,50,93,93078,BREGUET (ALLEE LOUIS),48.95811,2.56216,Plein jour,En agglomération,Giratoire,Normale,Autre collision,4,2,1,3,1,1,1,0,1,30,2,2,1,0,0,1,17.0,56.0,deux_roues,voiture,1,2,6,1,6
201900041195,2019-08-30 15:30:00,2019,8,30,15,30,93,93073,HUITIEME (AVENUE),48.963,2.571,Plein jour,En agglomération,Intersection en X,Normale,Deux véhicules - côté,4,2,1,0,1,1,1,0,1,50,2,3,2,0,0,1,59.0,23.0,voiture,voiture,1,2,2,1,3
201900041196,2019-08-28 20:45:00,2019,8,28,20,45,93,93066,LANGUEDOC,48.92574,2.37232,Nuit sans éclairage public,En agglomération,Hors intersection,Normale,Autre collision,4,-1,1,0,1,1,1,0,1,30,1,2,1,0,0,1,57.0,,voiture,,3,2,1,1,6
201900041197,2019-08-31 18:50:00,2019,8,31,18,50,93,93062,RESISTANCE (AVENUE DE LA),48.89471,2.513477,Plein jour,En agglomération,Hors intersection,Normale,Deux véhicules - frontale,3,2,2,0,2,1,1,5,1,50,2,2,1,0,0,1,42.0,67.0,voiture,deux_roues,1,2,1,1,1
201900041198,2019-08-30 13:00:00,2019,8,30,13,0,93,93055,JEAN JAURES (AVENUE)(130 AU 172),48.90908,2.39823,Plein jour,En agglomération,Intersection en T,Normale,Deux véhicules - côté,3,2,4,0,1,1,1,5,1,50,2,2,1,0,0,1,58.0,45.0,deux_roues,voiture,1,2,3,1,3
201900041199,2019-08-28 13:10:00,2019,8,28,13,10,93,93055,GENERAL LECLERC(AVE DU)89/FIN ET 122/FIN,48.8994,2.40904,Plein jour,En agglomération,Intersection en Y,Normale,Deux véhicules - côté,3,2,4,0,1,1,1,0,1,50,2,2,1,0,0,1,29.0,26.0,deux_roues,voiture,1,2,4,1,3
201900041200,2019-08-26 13:50:00,2019,8,26,13,50,93,93055,MEHUL (1/37. 2/24),48.88916,2.4132,Plein jour,En agglomération,Hors intersection,Normale,Autre collision,4,2,2,0,1,1,1,0,1,50,1,2,1,0,0,1,39.0,,voiture,,1,2,1,1,6
201900041201,2019-08-31 15:00:00,2019,8,31,15,0,93,93051,NEUILLY (ROUTE),48.84995,2.53627,Plein jour,En agglomération,Hors intersection,Normale,Deux véhicules - arrière,3,2,2,0,2,1,1,0,1,50,2,4,3,0,0,1,35.0,33.0,voiture,voiture,1,2,1,1,2
201900041202,2019-08-31 13:00:00,2019,8,31,13,0,93,93064,HUGO (RUE VICTOR),48.865806,2.489615,Plein jour,En agglomération,Hors intersection,Normale,Deux véhicules - côté,9,1,1,0,1,1,1,0,1,50,2,2,1,0,0,1,34.0,21.0,utilitaire_camion,deux_roues,1,2,1,1,3
201900041203,2019-08-31 02:40:00,2019,8,31,2,40,93,93050,LOUIS ARMAND (RUE),48.86082,2.52017,Nuit avec éclairage allumé,En agglomération,Hors intersection,Normale,Autre collision,4,2,2,0,1,3,1,0,1,50,1,5,3,0,1,1,18.0,,voiture,,5,2,1,1,6
201900041204,2019-08-29 22:40:00,2019,8,29,22,40,93,93049,MARCEL DASSAULT (AVENUE),48.86421,2.51687,Nuit avec éclairage allumé,En agglomération,Intersection en X,Normale,Deux véhicules - côté,3,2,2,0,1,1,1,0,1,50,2,3,1,0,0,2,29.0,28.0,transport_commun,deux_roues,5,2,2,1,3
201900041205,2019-08-30 13:20:00,2019,8,30,13,20,93,93048,REVOLUTION (RUE DE LA),48.855,2.4289,Plein jour,En agglomération,Intersection en T,Temps éblouissant,Autre collision,4,1,1,3,1,1,1,6,3,30,1,2,1,0,0,1,28.0,,voiture,,1,2,3,7,6
201900041206,2019-08-28 13:00:00,2019,8,28,13,0,93,93048,PIERRE DE MONTREUIL S5 (RUE),48.863145,2.450541,Plein jour,En agglomération,Hors intersection,Normale,Deux véhicules - côté,3,-1,2,0,1,1,1,0,1,50,2,2,1,0,1,0,48.0,23.0,autre,deux_roues,1,2,1,1,3
201900041207,2019-08-30 21:05:00,2019,8,30,21,5,93,93046,WINSTON CHURCHILL AVENUE,48.91398,2.53649,Nuit avec éclairage allumé,En agglomération,Intersection en X,Normale,Deux véhicules - arrière,3,2,2,0,1,1,1,0,1,50,2,2,0,0,0,2,29.0,32.0,deux_roues,voiture,5,2,2,1,2
201900041208,2019-08-28 19:35:00,2019,8,28,19,35,93,93046,MARX DORMOY BOULEVARD,48.90962,2.52671,Plein jour,En agglomération,Intersection en X,Normale,Deux véhicules - arrière,3,1,2,0,1,1,1,9,1,50,2,3,2,0,0,1,41.0,22.0,voiture,deux_roues,1,2,2,1,2
201900041209,2019-07-30 16:10:00,2019,7,30,16,10,93,93045,PARIS RUE DE,48.87961,2.41564,Plein jour,En agglomération,Hors intersection,Normale,Autre collision,3,2,2,0,1,1,1,0,1,50,1,2,1,0,0,1,20.0,,deux_roues,,1,2,1,1,6
201900041210,2019-08-28 13:19:00,2019,8,28,13,19,93,93032,PAUL VAILLANT COUTURIER (RUE),48.876,2.549,Plein jour,En agglomération,Intersection en X,Normale,Deux véhicules - côté,3,2,0,0,1,1,1,5,1,50,2,3,2,0,0,1,28.0,66.0,deux_roues,voiture,1,2,2,1,3
201900041211,2019-08-27 16:50:00,2019,8,27,16,50,93,93032,DAHLIAS (CITE DES),48.89302,2.5428,Plein jour,En agglomération,Hors intersection,Normale,Deux véhicules - frontale,9,-1,1,0,4,2,1,0,1,30,2,2,1,0,0,1,20.0,38.0,deux_roues,voiture,1,2,1,1,1
201900041212,2019-08-30 17:16:00,2019,8,30,17,16,93,93047,GABRIEL PERI  (AVENUE),48.8941201,2.5526611,Plein jour,En agglomération,Intersection en X,Normale,Deux véhicules - côté,4,2,2,0,1,1,1,0,1,50,2,3,2,0,1,0,50.0,31.0,voiture,deux_roues,1,2,2,1,3
201900041213,2019-08-26 08:55:00,2019,8,26,8,55,93,93010,BARBUSSE (AV. HENRI) DE 1 A 75 COTE IMPA,48.90194,2.48446,Plein jour,En agglomération,Hors intersection,Normale,Autre collision,3,1,1,0,1,1,1,0,1,30,1,1,0,0,0,1,,,,,1,2,1,1,6
201900041214,2019-08-29 20:30:00,2019,8,29,20,30,93,93008,VAILLANT (AVENUE EDOUARD),48.91173,2.46467,Crépuscule ou aube,En agglomération,Intersection en X,Temps couvert,Trois véhicules et plus - collisions multiples,3,2,0,0,1,1,1,0,1,50,3,3,2,0,0,1,27.0,32.0,voiture,deux_roues,2,2,2,8,5
201900041215,2019-08-30 19:10:00,2019,8,30,19,10,93,93007,JULIEN GRIMAU (RUE),48.941052,2.458698,Plein jour,En agglomération,Intersection en X,Normale,Deux véhicules - côté,4,2,2,0,1,1,1,0,3,50,2,2,1,0,0,1,40.0,72.0,deux_roues,voiture,1,2,2,1,3
201900041216,2019-08-29 07:45:00,2019,8,29,7,45,93,93071,WESTINGHOUSE (BOULEVARD),48.928399,2.518627,Plein jour,En agglomération,Intersection en T,Normale,Deux véhicules - côté,3,3,2,0,1,1,1,0,1,50,2,2,1,0,0,1,48.0,25.0,deux_roues,voiture,1,2,3,1,3
201900041217,2019-08-28 14:00:00,2019,8,28,14,0,93,93005,SUZANNE LENGLEN (AVENUE),48.95133,2.51372,Plein jour,En agglomération,Intersection en T,Normale,Deux véhicules - arrière,3,2,2,0,1,1,1,8,3,50,2,2,1,0,0,1,23.0,25.0,voiture,deux_roues,1,2,3,1,2
201900041218,2019-08-24 23:10:00,2019,8,24,23,10,93,93005,LELIEVRE (AVENUE),48.93652,2.49406,Nuit sans éclairage public,En agglomération,Intersection en X,Normale,Deux véhicules - côté,4,2,2,0,1,1,1,0,1,50,2,3,1,0,0,2,33.0,20.0,voiture,voiture,3,2,2,1,3
201900041219,2019-08-30 16:30:00,2019,8,30,16,30,93,93001,LONG-SENTIER (RUE DU),48.91,2.394,Plein jour,En agglomération,Hors intersection,Normale,Deux véhicules - côté,4,1,1,0,1,1,1,0,1,30,2,2,1,0,0,1,57.0,11.0,voiture,deux_roues,1,2,1,1,3
201900041220,2019-08-30 16:00:00,2019,8,30,16,0,93,93001,EMILE DUBOIS (RUE),48.91945,2.40295,Plein jour,En agglomération,Intersection en T,Normale,Autre collision,3,2,4,0,1,1,1,0,1,50,1,2,1,0,0,1,35.0,,voiture,,1,2,3,1,6
201900041221,2019-08-27 14:55:00,2019,8,27,14,55,93,93001,VALMY (RUE DE),48.92143,2.37784,Plein jour,En agglomération,Hors intersection,Normale,Deux véhicules - côté,4,2,1,0,1,1,1,0,1,50,2,2,1,0,0,1,19.0,45.0,utilitaire_camion,voiture,1,2,1,1,3
201900041222,2019-08-26 15:30:00,2019,8,26,15,30,93,93001,JEAN JAURES  (AVE)  157 A 213,48.91056,2.39945,Plein jour,En agglomération,Hors intersection,Normale,Deux véhicules - arrière,3,3,2,0,1,1,1,0,1,50,2,2,1,0,0,1,27.0,22.0,voiture,utilitaire_camion,1,2,1,1,2
201900041223,2019-08-30 21:30:00,2019,8,30,21,30,92,92078,MOULIN CAGE (QUAI),48.92418,2.32917,Nuit sans éclairage public,En agglomération,Autre intersection,Normale,Trois véhicules et plus - en chaîne,3,1,3,0,1,1,1,0,1,50,3,3,2,0,0,1,49.0,45.0,voiture,voiture,3,2,9,1,4
201900041224,2019-08-31 05:45:00,2019,8,31,5,45,92,92075,PIERRE BROSSOLETTE (AVENUE),48.81347,2.30385,Nuit avec éclairage allumé,En agglomération,Hors intersection,Normale,Autre collision,3,3,4,0,1,1,1,0,1,50,1,1,0,0,0,1,28.0,,voiture,,5,2,1,1,6
201900041225,2019-08-30 09:07:00,2019,8,30,9,7,92,92073,SELLIER (BOULEVARD HENRI),48.86703,2.22139,Plein jour,En agglomération,Hors intersection,Normale,Autre collision,3,1,2,0,2,1,1,0,1,50,1,2,1,0,0,1,33.0,,deux_roues,,1,2,1,1,6
201900041226,2019-08-28 10:10:00,2019,8,28,10,10,92,92073,DASSAULT (QUAI MARCEL),48.859911,2.224403,Plein jour,En agglomération,Hors intersection,Normale,Autre collision,3,2,3,0,1,1,1,9,1,50,1,2,1,0,0,1,44.0,,voiture,,1,2,1,1,6
201900041227,2019-08-28 09:40:00,2019,8,28,9,40,92,92073,SELLIER (BOULEVARD HENRI),48.8675581,2.2268727,Plein jour,En agglomération,Hors intersection,Normale,Deux véhicules - arrière,3,3,8,3,1,1,1,0,1,50,2,2,1,0,0,1,52.0,42.0,deux_roues,voiture,1,2,1,1,2
201900041228,2019-08-31 16:00:00,2019,8,31,16,0,92,92062,DE DION BOUTON (QUAI) DU 29 AU 65,48.88559,2.25149,Plein jour,En agglomération,Hors intersection,Normale,Deux véhicules - arrière,3,1,3,0,1,1,1,0,1,50,2,2,1,0,0,1,48.0,25.0,deux_roues,voiture,1,2,1,1,2
201900041229,2019-08-29 07:45:00,2019,8,29,7,45,92,92062,GENERAL DE GAULLE (AV) DU 44 AU 106,48.8856,2.2284,Plein jour,En agglomération,Hors intersection,Normale,Autre collision,3,1,4,3,1,1,1,0,1,50,1,2,1,0,0,1,,,transport_commun,,1,2,1,1,6
201900041230,2019-08-28 06:55:00,2019,8,28,6,55,92,92062,DE DION BOUTON (QUAI) DU 1 AU 28,48.87698,2.24107,Crépuscule ou aube,En agglomération,Intersection en Y,Normale,Deux véhicules - arrière,3,1,7,0,1,1,1,0,1,50,2,3,1,0,0,2,27.0,20.0,utilitaire_camion,voiture,2,2,4,1,2
201900041231,2019-08-30 21:40:00,2019,8,30,21,40,92,92024,CLICHY (QUAI DE) DE (8 A 60),48.91205,2.3105,Nuit avec éclairage allumé,En agglomération,Autre intersection,Normale,Deux véhicules - côté,3,3,4,0,1,1,1,0,1,50,2,1,0,0,0,1,34.0,,deux_roues,,5,2,9,1,3
201900041232,2019-08-30 13:10:00,2019,8,30,13,10,92,92051,"CHEZY (RUE DE , N°14 A 100)",48.886556,2.269569,Plein jour,En agglomération,Hors intersection,Normale,Deux véhicules - côté,4,2,2,0,1,1,1,0,1,50,2,2,1,0,0,1,20.0,33.0,deux_roues,voiture,1,2,1,1,3
201900041233,2019-08-29 23:30:00,2019,8,29,23,30,92,92051,CLICHY (QUAI DE) DE (8 A 60),48.8905651,2.2650665,Nuit avec éclairage allumé,En agglomération,Autre intersection,Normale,Deux véhicules - côté,4,2,2,0,1,1,1,0,1,50,2,2,1,0,0,1,25.0,34.0,voiture,voiture,5,2,9,1,3
201900041234,2019-08-27 18:35:00,2019,8,27,18,35,92,92050,HUIT MAI 1945 RUE DU,48.89108,2.20276,Plein jour,En agglomération,Hors intersection,Normale,Autre collision,4,1,1,0,1,1,1,0,1,30,1,2,1,0,0,1,41.0,,voiture,,1,2,1,1,6
201900041235,2019-08-26 17:00:00,2019,8,26,17,0,92,92050,REPUBLIQUE AVENUE DE LA,48.9051591,2.2094568,Plein jour,En agglomération,Intersection en X,Normale,Deux véhicules - côté,3,1,2,0,1,1,1,0,1,50,2,2,1,0,0,1,58.0,33.0,voiture,utilitaire_camion,1,2,2,1,3
201900041236,2019-08-31 19:30:00,2019,8,31,19,30,92,92020,VANVES BOULEVARD N° IMPAIRS,48.8086088,2.2838848,Plein jour,En agglomération,Hors intersection,Normale,Deux véhicules - côté,3,2,2,0,1,1,1,0,1,50,2,2,1,0,0,1,23.0,32.0,deux_roues,voiture,1,2,1,1,3
201900041237,2019-08-28 19:15:00,2019,8,28,19,15,92,92020,PARIS AVENUE DE N° IMPAIRS,48.8061588,2.2921076,Plein jour,En agglomération,Hors intersection,Normale,Autre collision,3,2,2,0,2,1,1,0,1,50,1,2,1,0,0,1,61.0,,voiture,,1,2,1,1,6
201900041238,2019-08-26 16:05:00,2019,8,26,16,5,92,92048,TRIVAUX (AVENUE DE) N° 9,48.80224,2.2340357,Plein jour,En agglomération,Hors intersection,Normale,Deux véhicules - arrière,3,-1,2,0,1,1,1,0,1,50,2,2,1,0,1,0,28.0,41.0,deux_roues,voiture,1,2,1,1,2
201900041239,2019-08-01 14:10:00,2019,8,1,14,10,92,92044,LOUISE MICHEL(RUE) 41+ ET 39+,48.8888328,2.2877667,Plein jour,En agglomération,Hors intersection,Normale,Autre collision,4,1,1,0,1,1,1,0,1,50,1,2,0,0,1,1,39.0,,deux_roues,,1,2,1,1,6
201900041240,2019-07-02 08:40:00,2019,7,2,8,40,92,92044,ED.VAILLANT(RUE) 47A73 ET 50A78,48.8944348,2.2903812,Plein jour,En agglomération,Hors intersection,Normale,Autre collision,4,1,2,0,1,1,1,0,1,50,1,1,0,0,0,1,,,,,1,2,1,1,6
201900041241,2019-08-26 08:15:00,2019,8,26,8,15,92,92040,CHEMIN VERT (RUE DU),48.81424,2.2693,Plein jour,En agglomération,Hors intersection,Normale,Autre collision,4,2,2,0,1,1,1,0,1,50,1,2,1,0,0,1,37.0,,voiture,,1,2,1,1,6
201900041242,2019-08-25 13:10:00,2019,8,25,13,10,92,92040,PONT D ISSY,48.830932,2.258191,Plein jour,En agglomération,Intersection en T,Normale,Autre collision,3,2,4,1,2,1,1,2,3,50,1,1,0,0,0,1,,,,,1,2,3,1,6
201900041243,2019-08-29 22:30:00,2019,8,29,22,30,92,92036,PIERRE DE COUBERTIN (BOULEVARD) (PORT ->,48.9239544,2.2858387,Nuit avec éclairage allumé,En agglomération,Intersection en T,Normale,Sans collision,3,2,4,0,1,1,1,0,1,50,1,1,0,0,0,1,17.0,,deux_roues,,5,2,3,1,7
201900041244,2019-08-29 10:55:00,2019,8,29,10,55,92,92036,MARCEL PAUL (AVENUE) (52/102),48.9425877,2.3030003,Plein jour,En agglomération,Intersection en T,Normale,Deux véhicules - arrière,3,2,2,0,1,1,1,0,1,50,2,2,1,0,0,1,18.0,25.0,deux_roues,voiture,1,2,3,1,2
201900041245,2019-08-25 13:20:00,2019,8,25,13,20,92,92036,CABOEUFS (RUE DES) (103/291),48.9266,2.30462,Plein jour,En agglomération,Hors intersection,Normale,Autre collision,4,2,2,0,1,1,1,0,1,50,1,1,0,0,0,1,,,,,1,2,1,1,6
201900041246,2019-08-29 08:50:00,2019,8,29,8,50,92,92062,BOULEVARD CIRCULAIRE,48.8926352,2.2273729,Plein jour,En agglomération,Hors intersection,Normale,Trois véhicules et plus - collisions multiples,3,1,2,0,2,1,1,1,1,50,3,3,2,0,0,1,21.0,41.0,deux_roues,voiture,1,2,1,1,5
201900041247,2019-08-28 16:15:00,2019,8,28,16,15,92,92026,BOULEVARD CIRCULAIRE,48.892189,2.245886,Plein jour,En agglomération,Autre intersection,Temps éblouissant,Deux véhicules - frontale,3,2,1,1,2,2,1,9,3,1,2,2,0,0,0,2,27.0,66.0,deux_roues,deux_roues,1,2,9,7,1
201900041248,2019-08-27 08:10:00,2019,8,27,8,10,92,92062,CLICHY (QUAI DE) DE (8 A 60),48.91205,2.3105,Nuit avec éclairage allumé,En agglomération,Autre intersection,Normale,Deux véhicules - côté,3,1,3,0,2,2,1,5,3,50,2,4,2,0,0,2,37.0,41.0,deux_roues,voiture,5,2,9,1,3
201900041249,2019-08-29 17:05:00,2019,8,29,17,5,92,92026,MARECHAL JOFFRE (QUAI DU),48.90019,2.27401,Plein jour,En agglomération,Hors intersection,Normale,Trois véhicules et plus - collisions multiples,3,3,4,0,1,1,1,0,1,70,3,3,2,0,0,1,26.0,40.0,deux_roues,utilitaire_camion,1,2,1,1,5
201900041250,2019-08-26 13:30:00,2019,8,26,13,30,92,92026,COLOMBES,48.90229,2.2562,Plein jour,En agglomération,Intersection en T,Normale,Deux véhicules - côté,3,2,2,0,1,1,1,0,1,50,2,2,1,0,0,1,24.0,50.0,utilitaire_camion,deux_roues,1,2,3,1,3
201900041251,2019-08-25 21:45:00,2019,8,25,21,45,92,92026,EUROPE ( AVENUE DE L' ),48.906,2.25803,Nuit avec éclairage allumé,En agglomération,Hors intersection,Normale,Deux véhicules - côté,4,2,2,0,1,1,1,0,1,50,2,2,1,0,0,1,29.0,26.0,deux_roues,voiture,5,2,1,1,3
201900041252,2019-08-23 11:55:00,2019,8,23,11,55,92,92025,HOCHE (RUE),48.922232,2.264555,Plein jour,En agglomération,Hors intersection,Normale,Deux véhicules - frontale,4,2,2,0,1,1,1,0,1,50,2,3,2,0,0,1,51.0,44.0,voiture,voiture,1,2,1,1,1
201900041253,2019-08-27 14:35:00,2019,8,27,14,35,92,92024,LANDY (RUE DU) DE (21 A 51),48.9059,2.30952,Plein jour,En agglomération,Intersection en T,Normale,Deux véhicules - côté,4,2,2,2,1,1,1,0,1,50,2,2,1,0,0,1,20.0,40.0,deux_roues,voiture,1,2,3,1,3
201900041254,2019-08-26 09:50:00,2019,8,26,9,50,92,92024,JEAN JAURES (BD) DE (120 A 138),48.90547,2.30182,Plein jour,En agglomération,Intersection en X,Normale,Deux véhicules - côté,3,1,3,3,1,1,1,0,1,50,2,2,1,0,0,1,56.0,58.0,voiture,deux_roues,1,2,2,1,3
201900041255,2019-08-27 09:10:00,2019,8,27,9,10,92,92060,DESCARTES (AVENUE),48.77671,2.24621,Plein jour,En agglomération,Hors intersection,Normale,Deux véhicules - côté,4,2,4,2,1,1,1,0,1,50,2,2,1,1,0,0,20.0,63.0,utilitaire_camion,deux_roues,1,2,1,1,3
201900041256,2019-08-13 23:35:00,2019,8,13,23,35,92,92032,DIVISION LECLERC (AVENUE DE LA),48.79509,2.27459,Nuit avec éclairage allumé,En agglomération,Hors intersection,Normale,Autre collision,4,2,2,0,1,1,1,0,1,30,1,2,0,0,0,2,20.0,,utilitaire_camion,,5,2,1,1,6
201900041257,2019-08-29 22:45:00,2019,8,29,22,45,92,92012,JEAN JAURES (BOULEVARD) 217/FIN - 210/FI,48.832236,2.244272,Nuit avec éclairage allumé,En agglomération,Place,Normale,Deux véhicules - côté,3,2,2,0,1,1,1,0,1,50,2,2,1,0,0,1,33.0,30.0,deux_roues,voiture,5,2,7,1,3
201900041258,2019-08-28 09:55:00,2019,8,28,9,55,92,92012,JEAN JAURES (BOULEVARD) 217/FIN - 210/FI,48.83786,2.24077,Plein jour,En agglomération,Autre intersection,Normale,Deux véhicules - côté,3,1,4,0,1,1,1,0,1,50,2,2,1,0,0,1,48.0,57.0,utilitaire_camion,deux_roues,1,2,9,1,3
201900041259,2019-08-30 14:20:00,2019,8,30,14,20,92,92002,ADOLPHE PAJEAUD (RUE),48.7403079,2.2804455,Plein jour,En agglomération,Hors intersection,Normale,Deux véhicules - côté,3,3,2,0,1,1,1,0,1,50,2,2,1,0,0,1,56.0,36.0,utilitaire_camion,deux_roues,1,2,1,1,3
201900041260,2019-08-21 17:20:00,2019,8,21,17,20,92,92002,ADOLPHE PAJEAUD (RUE),48.7426869,2.2867954,Plein jour,En agglomération,Hors intersection,Normale,Autre collision,3,3,2,0,1,1,1,8,1,30,1,1,0,0,1,0,59.0,,deux_roues,,1,2,1,1,6
201900041261,2019-08-20 14:35:00,2019,8,20,14,35,86,86170,12 Route de Montmorillon,46.329656,0.813033,Plein jour,En agglomération,Hors intersection,Normale,Deux véhicules - frontale,2,2,2,0,1,1,1,0,1,50,2,3,1,0,1,1,84.0,73.0,voiture,voiture,1,2,1,1,1
201900041262,2019-08-29 17:35:00,2019,8,29,17,35,80,80514,D152,50.105121,2.442845,Plein jour,Hors agglomération,Autre intersection,Normale,Deux véhicules - frontale,3,3,2,0,2,1,1,0,1,80,2,3,2,0,0,1,49.0,44.0,utilitaire_camion,utilitaire_camion,1,1,9,1,1
201900041263,2019-08-26 13:45:00,2019,8,26,13,45,47,47284,Raulhiac,44.531741,0.911267,Plein jour,Hors agglomération,Hors intersection,Normale,Deux véhicules - frontale,4,2,2,0,2,4,1,0,1,80,2,3,2,0,0,1,17.0,32.0,deux_roues,voiture,1,1,1,1,1
201900041264,2019-08-29 08:50:00,2019,8,29,8,50,8,08362,Rue Louis Jouvet,49.508255,4.376219,Plein jour,En agglomération,Autre intersection,Normale,Autre collision,3,2,2,0,2,1,1,0,1,50,1,2,1,0,1,0,35.0,,utilitaire_camion,,1,2,9,1,6
201900041265,2019-08-29 23:10:00,2019,8,29,23,10,86,86190,Route Départementale 12,46.346363,0.729327,Nuit sans éclairage public,Hors agglomération,Hors intersection,Normale,Autre collision,3,2,2,0,2,2,1,0,3,80,1,1,0,0,1,0,33.0,,voiture,,3,1,1,1,6
201900041266,2019-09-01 11:30:00,2019,9,1,11,30,51,51510,RD 60,48.7843448,4.6506591,Plein jour,Hors agglomération,Intersection en X,Normale,Deux véhicules - côté,3,2,2,0,1,1,1,0,1,80,2,4,0,3,1,0,63.0,72.0,voiture,voiture,1,1,2,1,3
201900041267,2019-08-30 17:40:00,2019,8,30,17,40,1,01362,360 Route de Rancé,45.953996,4.881541,Plein jour,En agglomération,Hors intersection,Normale,Deux véhicules - arrière,3,2,1,0,1,3,1,0,1,80,2,2,1,0,0,1,63.0,53.0,voiture,deux_roues,1,2,1,1,2
201900041268,2019-08-29 00:45:00,2019,8,29,0,45,26,26087,D112,45.087961,5.129995,Nuit sans éclairage public,En agglomération,Hors intersection,Normale,Deux véhicules - côté,3,2,2,0,1,1,1,0,1,80,2,2,1,0,1,0,38.0,19.0,deux_roues,voiture,3,2,1,1,3
201900041269,2019-08-26 14:30:00,2019,8,26,14,30,26,26231,Saint-Ange,45.11878,5.047909,Plein jour,Hors agglomération,Hors intersection,Normale,Deux véhicules - frontale,3,2,2,0,3,1,1,0,1,80,2,3,0,0,2,1,20.0,38.0,voiture,voiture,1,1,1,1,1
201900041270,2019-08-30 16:00:00,2019,8,30,16,0,24,24236,Le Petit Moulin,45.168815,0.562557,Plein jour,Hors agglomération,Intersection en T,Normale,Deux véhicules - côté,3,2,2,0,2,1,1,0,1,80,2,3,2,0,1,0,30.0,49.0,voiture,deux_roues,1,1,3,1,3
201900041271,2019-08-27 11:05:00,2019,8,27,11,5,24,24010,Route de Saint-Astier,45.172431,0.578039,Plein jour,Hors agglomération,Hors intersection,Normale,Sans collision,3,2,2,0,1,3,1,0,3,70,1,1,0,1,0,0,64.0,,voiture,,1,1,1,1,7
201900041272,2019-08-30 17:10:00,2019,8,30,17,10,38,38336,Route du Barrage,45.492527,4.828658,Plein jour,Hors agglomération,Intersection en T,Normale,Trois véhicules et plus - collisions multiples,3,2,2,0,1,1,1,9,1,70,4,4,3,0,1,0,46.0,34.0,voiture,voiture,1,1,3,1,5
201900041273,2019-08-28 11:30:00,2019,8,28,11,30,38,38157,2669 porte des alpes,45.516617,4.963755,Plein jour,Hors agglomération,Hors intersection,Normale,Autre collision,3,2,2,0,1,1,1,0,1,-1,2,1,0,0,0,1,24.0,,deux_roues,,1,1,1,1,6
201900041274,2019-08-27 17:50:00,2019,8,27,17,50,25,25058,RN83 PK 027+250,47.201279,5.993958,Plein jour,Hors agglomération,Hors intersection,Normale,Deux véhicules - frontale,2,2,2,0,2,1,1,0,1,80,2,5,1,0,3,1,53.0,25.0,utilitaire_camion,voiture,1,1,1,1,1
201900041275,2019-08-28 20:30:00,2019,8,28,20,30,52,52411,D13,48.503234,4.73793,Crépuscule ou aube,Hors agglomération,Hors intersection,Normale,Deux véhicules - côté,3,2,2,0,1,1,1,0,1,80,2,2,1,0,1,0,24.0,34.0,deux_roues,utilitaire_camion,2,1,1,1,3
201900041276,2019-08-29 18:20:00,2019,8,29,18,20,17,17030,CD 728 - Route de l'Océan,45.741749,-0.835392,Plein jour,En agglomération,Intersection en T,Normale,Autre collision,3,2,2,0,3,3,1,0,1,50,1,2,1,0,1,0,56.0,,voiture,,1,2,3,1,6
201900041277,2019-08-29 16:00:00,2019,8,29,16,0,73,73273,RD 210,45.7722444,5.8135261,Plein jour,Hors agglomération,Hors intersection,Normale,Trois véhicules et plus - collisions multiples,3,2,2,0,2,2,1,0,1,80,3,4,3,0,1,0,71.0,58.0,voiture,deux_roues,1,1,1,1,5
201900041278,2019-08-18 10:34:00,2019,8,18,10,34,16,16373,route départementale 19,45.973375,0.055747,Plein jour,Hors agglomération,Intersection en X,Normale,Deux véhicules - côté,3,2,2,0,1,1,1,0,1,80,2,3,2,0,0,1,52.0,62.0,voiture,voiture,1,1,2,1,3
201900041279,2019-08-29 18:19:00,2019,8,29,18,19,69,69228,"RD 342 PK034.700 lieu-dit ""la serve""",45.57557,4.649691,Plein jour,Hors agglomération,Hors intersection,Normale,Deux véhicules - frontale,3,2,2,0,3,1,1,0,1,70,2,2,1,1,0,0,46.0,82.0,utilitaire_camion,voiture,1,1,1,1,1
201900041280,2019-08-26 11:39:00,2019,8,26,11,39,11,11281,"A61 PK 296.000, sens Toulouse-Narbonne",43.258309,2.029529,Plein jour,Hors agglomération,Hors intersection,Normale,Trois véhicules et plus - en chaîne,1,3,4,0,1,1,1,0,1,130,5,13,11,0,0,2,25.0,34.0,utilitaire_camion,voiture,1,1,1,1,4
201900041281,2019-08-27 07:30:00,2019,8,27,7,30,40,40296,Avenue des Tucs,43.694406,-1.428736,Crépuscule ou aube,En agglomération,Hors intersection,Normale,Autre collision,3,2,2,0,1,1,1,0,3,50,1,3,1,1,1,0,20.0,,voiture,,2,2,1,1,6