accident_id,datetime,annee,mois,jour,heure,minute,departement,commune_insee,adresse,latitude,longitude,luminosite,agglomeration,intersection,meteo,collision,catr,circ,nbv,vosp,prof,plan,surf,infra,situ,vma,nb_vehicules,nb_usagers,nb_indemnes,nb_tues,nb_blesses_hosp,nb_blesses_legers,age_cond_1,age_cond_2,veh_type_cond_1,veh_type_cond_2,lum_code,agg_code,int_code,atm_code,col_code
201900041282,2019-08-29 12:20:00,2019,8,29,12,20,33,33352,18 Rue des Remparts,44.5831,-0.03367,Plein jour,En agglomération,Intersection en X,Normale,Trois véhicules et plus - collisions multiples,3,2,2,0,1,1,1,5,1,50,3,4,3,0,0,1,60.0,48.0,utilitaire_camion,voiture,1,2,2,1,5
201900041283,2019-05-06 12:15:00,2019,5,6,12,15,49,49257,La Noiraie,47.6443952,-0.2151954,Plein jour,Hors agglomération,Intersection en X,Normale,Deux véhicules - frontale,3,2,2,0,1,1,1,0,1,80,2,4,3,0,1,0,38.0,24.0,voiture,voiture,1,1,2,1,1
201900041284,2019-08-28 13:55:00,2019,8,28,13,55,6,06161,ROUTE DEPARTEMENTALE 6007,43.657949,7.121465,Plein jour,En agglomération,Intersection en X,Normale,Trois véhicules et plus - collisions multiples,3,2,2,0,1,1,1,0,1,50,3,4,1,0,0,3,25.0,48.0,deux_roues,voiture,1,2,2,1,5
201900041285,2019-08-30 18:15:00,2019,8,30,18,15,988,98810,Rue des Bois de Fer,-20.65785,164.4116,Nuit sans éclairage public,Hors agglomération,Hors intersection,Normale,Autre collision,4,2,2,0,1,1,1,0,3,50,1,1,0,0,1,0,37.0,,voiture,,3,1,1,1,6
201900041286,2019-08-29 04:00:00,2019,8,29,4,0,988,98812,Route des grottes,-20.54066,164.30727,Nuit sans éclairage public,Hors agglomération,Intersection en Y,Pluie légère,Sans collision,4,2,2,0,1,2,2,9,1,50,1,1,0,0,1,0,24.0,,voiture,,3,1,4,2,7
201900041287,2019-08-24 02:55:00,2019,8,24,2,55,84,84110,Route départementale 40,44.211935,5.275432,Nuit sans éclairage public,Hors agglomération,Autre intersection,Normale,Autre collision,3,2,2,0,1,2,1,0,8,80,1,2,1,0,1,0,29.0,,voiture,,3,1,9,1,6
201900041288,2019-08-27 22:20:00,2019,8,27,22,20,31,31446,3 Avenue Tolosane,43.552143,1.469181,Nuit avec éclairage allumé,En agglomération,Hors intersection,Normale,Deux véhicules - côté,3,2,3,0,1,1,1,5,1,50,2,3,2,0,1,0,27.0,40.0,deux_roues,voiture,5,2,1,1,3
201900041289,2019-08-26 09:05:00,2019,8,26,9,5,31,31184,D64,43.608467,1.539506,Plein jour,Hors agglomération,Hors intersection,Normale,Deux véhicules - frontale,3,2,2,0,1,1,1,0,1,80,2,3,1,0,1,1,52.0,25.0,voiture,utilitaire_camion,1,1,1,1,1
201900041290,2019-08-31 20:00:00,2019,8,31,20,0,81,81078,La Rasairie,43.661984,1.992607,Plein jour,Hors agglomération,Hors intersection,Normale,Autre collision,3,2,1,0,1,1,1,0,3,80,1,1,0,0,1,0,58.0,,voiture,,1,1,1,1,6
201900041291,2019-08-31 10:30:00,2019,8,31,10,30,81,81295,D81,43.836077,2.329223,Plein jour,Hors agglomération,Hors intersection,Normale,Deux véhicules - arrière,3,2,2,0,1,1,1,0,1,80,2,2,1,0,1,0,66.0,86.0,deux_roues,voiture,1,1,1,1,2
201900041292,2019-08-29 13:00:00,2019,8,29,13,0,44,44130,RD178,47.10868,-1.545707,Plein jour,Hors agglomération,Hors intersection,Normale,Trois véhicules et plus - collisions multiples,3,2,2,0,1,2,1,0,1,80,4,5,3,0,1,1,42.0,59.0,deux_roues,deux_roues,1,1,1,1,5
201900041293,2019-08-28 10:55:00,2019,8,28,10,55,83,83049,,43.2265061,6.0757135,Plein jour,Hors agglomération,Hors intersection,Temps couvert,Autre collision,1,3,4,0,1,1,1,0,1,130,1,1,0,0,0,1,57.0,,voiture,,1,1,1,8,6
201900041294,2019-08-27 19:00:00,2019,8,27,19,0,68,68295,Route de Herrlisheim,48.015699,7.353509,Crépuscule ou aube,Hors agglomération,Hors intersection,Normale,Autre collision,3,2,2,0,1,3,1,0,1,80,1,1,0,0,0,1,47.0,,deux_roues,,2,1,1,1,6
201900041295,2019-08-05 10:22:00,2019,8,5,10,22,68,68146,Rosenkranz,48.126663,7.363415,Plein jour,Hors agglomération,Giratoire,Temps éblouissant,Trois véhicules et plus - en chaîne,3,1,2,0,1,1,1,3,1,70,3,5,4,1,0,0,32.0,79.0,voiture,voiture,1,1,6,7,4
201900041296,2019-09-01 04:30:00,2019,9,1,4,30,28,28127,Rue de Bonneval,48.20737,1.287463,Nuit avec éclairage allumé,En agglomération,Autre intersection,Pluie légère,Sans collision,3,2,2,0,1,3,2,0,1,50,1,1,0,0,1,0,17.0,,deux_roues,,5,2,9,2,7
201900041297,2019-09-01 17:30:00,2019,9,1,17,30,69,69285,38 route nationale,45.76041,5.05869,Plein jour,En agglomération,Hors intersection,Normale,Deux véhicules - arrière,3,2,2,0,1,1,1,0,1,50,2,3,0,0,0,3,42.0,29.0,voiture,voiture,1,2,1,1,2
201900041298,2019-08-29 12:45:00,2019,8,29,12,45,5,05027,cd902,44.8775835,6.6818279,Plein jour,Hors agglomération,Hors intersection,Normale,Deux véhicules - côté,3,2,2,1,1,1,1,0,1,80,2,6,5,0,1,0,49.0,29.0,deux_roues,voiture,1,1,1,1,3
201900041299,2019-08-31 19:35:00,2019,8,31,19,35,972,97206,Rue des Arawaks,14.478934,-61.029663,Nuit sans éclairage public,En agglomération,Hors intersection,Normale,Deux véhicules - frontale,3,2,2,0,1,1,1,0,1,50,2,2,1,0,1,0,34.0,25.0,voiture,deux_roues,3,2,1,1,1
201900041300,2019-08-01 19:40:00,2019,8,1,19,40,972,97206,Fonds Manoel,14.492062,-60.99041,Nuit sans éclairage public,Hors agglomération,Hors intersection,Normale,Autre collision,3,2,2,0,2,2,1,0,8,70,1,2,1,0,1,0,26.0,,voiture,,3,1,1,1,6
201900041301,2019-08-30 15:40:00,2019,8,30,15,40,972,97204,RN2,14.698775,-61.178417,Plein jour,En agglomération,Hors intersection,Normale,Deux véhicules - côté,2,2,2,0,1,1,1,0,1,-1,2,2,0,0,1,1,23.0,62.0,deux_roues,voiture,1,2,1,1,3
201900041302,2019-08-23 11:20:00,2019,8,23,11,20,972,97204,RN2,14.731966,-61.17898,Plein jour,Hors agglomération,Hors intersection,Normale,Deux véhicules - frontale,2,2,2,0,1,1,2,0,1,80,2,2,1,0,0,1,23.0,43.0,voiture,voiture,1,1,1,1,1
201900041303,2019-08-28 19:41:00,2019,8,28,19,41,23,23100,rue du 19 mars 1962,46.174401,2.082494,Plein jour,En agglomération,Hors intersection,Normale,Sans collision,4,2,2,0,1,2,1,0,1,50,1,1,0,0,1,0,62.0,,deux_roues,,1,2,1,1,7
201900041304,2019-08-26 16:00:00,2019,8,26,16,0,88,88218,Route de Bruyères (Aumontzey),48.173698,6.771232,Plein jour,Hors agglomération,Hors intersection,Normale,Sans collision,3,2,2,0,1,1,1,0,3,80,1,1,0,0,1,0,50.0,,deux_roues,,1,1,1,1,7
201900041305,2019-09-01 14:35:00,2019,9,1,14,35,21,21463,A6 - PK 248.100,47.357458,4.431332,Plein jour,Hors agglomération,Hors intersection,Normale,Autre collision,1,3,4,0,1,1,1,0,3,130,1,2,0,1,1,0,63.0,,voiture,,1,1,1,1,6
201900041306,2019-08-27 13:45:00,2019,8,27,13,45,21,21630,A6,47.262038,4.521529,Plein jour,Hors agglomération,Hors intersection,Temps couvert,Deux véhicules - arrière,1,3,4,0,1,3,1,0,1,130,2,3,1,0,1,1,57.0,,voiture,,1,1,1,8,2
201900041307,2019-08-28 11:40:00,2019,8,28,11,40,67,67109,D79,48.676978,7.579341,Plein jour,Hors agglomération,Hors intersection,Normale,Autre collision,3,2,2,0,4,2,1,0,3,80,1,1,0,0,0,1,63.0,,deux_roues,,1,1,1,1,6
201900041308,2019-08-29 17:20:00,2019,8,29,17,20,54,54314,D618,49.514227,5.733204,Plein jour,En agglomération,Hors intersection,Normale,Deux véhicules - côté,3,2,2,0,1,1,1,0,1,30,2,3,1,0,0,2,25.0,34.0,voiture,deux_roues,1,2,1,1,3
201900041309,2019-08-28 07:15:00,2019,8,28,7,15,29,29302,N165,48.243208,-4.1067141,Crépuscule ou aube,Hors agglomération,Hors intersection,Pluie légère,Sans collision,2,3,4,0,2,1,2,0,2,110,1,1,0,0,1,0,21.0,,voiture,,2,1,1,2,7
201900041310,2019-08-27 09:30:00,2019,8,27,9,30,76,76244,A28,49.720438,1.430866,Plein jour,Hors agglomération,Hors intersection,Normale,Autre collision,1,3,4,0,3,1,1,0,1,130,1,1,0,0,1,0,36.0,,voiture,,1,1,1,1,6
201900041311,2019-07-21 19:40:00,2019,7,21,19,40,91,91363,Rue Henriette d'Entragues,48.636153,2.240716,Plein jour,En agglomération,Hors intersection,Normale,Deux véhicules - frontale,4,2,2,0,1,1,1,0,1,30,2,2,1,0,1,0,20.0,45.0,deux_roues,voiture,1,2,1,1,1
201900041312,2019-08-29 19:00:00,2019,8,29,19,0,6,06095,11 Avenue de Peygros,43.636132,6.865228,Plein jour,En agglomération,Hors intersection,Normale,Deux véhicules - côté,4,2,2,0,1,1,1,0,1,50,2,2,1,0,1,0,23.0,61.0,voiture,deux_roues,1,2,1,1,3
201900041313,2019-08-31 08:45:00,2019,8,31,8,45,41,41234,autoroute A10 pk:169.450 sens province paris,47.58964,1.086169,Plein jour,Hors agglomération,Hors intersection,Normale,Autre collision,1,3,4,0,1,1,1,0,2,130,1,2,0,0,0,2,63.0,,voiture,,1,1,1,1,6
201900041314,2019-08-28 17:15:00,2019,8,28,17,15,41,41252,"A10, PK 141.500",47.677023,1.402473,Plein jour,Hors agglomération,Hors intersection,Normale,Autre collision,1,3,3,0,1,1,1,0,1,130,1,7,4,0,0,3,35.0,,voiture,,1,1,1,1,6
201900041315,2019-08-31 14:00:00,2019,8,31,14,0,62,62360,RD 304,50.908762,1.824223,Plein jour,Hors agglomération,Intersection en X,Normale,Deux véhicules - côté,3,2,1,0,1,1,1,5,1,80,2,3,1,0,2,0,40.0,44.0,voiture,voiture,1,1,2,1,3
201900041316,2019-08-28 17:45:00,2019,8,28,17,45,62,62408,2666 Route de Guînes,50.901136,1.880392,Plein jour,Hors agglomération,Hors intersection,Normale,Autre collision,3,2,2,0,1,1,1,0,4,70,1,1,0,0,1,0,45.0,,voiture,,1,1,1,1,6
201900041317,2019-08-28 16:30:00,2019,8,28,16,30,54,54283,RD 13,49.158216,5.95016,Plein jour,Hors agglomération,Hors intersection,Temps éblouissant,Deux véhicules - côté,3,2,2,0,3,1,1,0,1,80,2,2,0,0,2,0,53.0,26.0,utilitaire_camion,voiture,1,1,1,7,3
201900041318,2019-07-11 14:00:00,2019,7,11,14,0,974,97413,cd3 le plate,-21.168189,55.285681,Plein jour,En agglomération,Hors intersection,Normale,Autre collision,3,2,2,0,1,1,1,0,1,50,1,2,1,0,0,1,45.0,,voiture,,1,2,1,1,6
201900041319,2019-08-31 09:20:00,2019,8,31,9,20,72,72299,route de Brette les pins,47.882684,0.340148,Plein jour,Hors agglomération,Hors intersection,Normale,Autre collision,3,2,2,0,1,2,1,0,3,80,1,1,0,0,1,0,34.0,,voiture,,1,1,1,1,6
201900041320,2019-08-29 17:34:00,2019,8,29,17,34,72,72260,Les Hunaudières,47.941137,0.236239,Plein jour,Hors agglomération,Giratoire,Normale,Sans collision,3,4,1,0,1,2,1,0,1,50,1,2,1,0,0,1,18.0,,deux_roues,,1,1,6,1,7
201900041321,2019-04-03 19:30:00,2019,4,3,19,30,75,75116,AVENUE RAYMOND POINCARE,48.866707,2.286098,Plein jour,En agglomération,Hors intersection,Normale,Deux véhicules - côté,4,-1,2,0,1,1,1,0,1,50,2,2,1,0,0,1,31.0,20.0,voiture,deux_roues,1,2,1,1,3
201900041322,2019-04-06 08:10:00,2019,4,6,8,10,75,75115,RUE LECOURBE,48.843631,2.306116,Plein jour,En agglomération,Hors intersection,Normale,Autre collision,4,1,1,0,1,1,1,8,1,50,2,1,0,0,0,1,40.0,,deux_roues,,1,2,1,1,6
201900041323,2019-04-05 18:30:00,2019,4,5,18,30,75,75115,RUE LECOURBE,48.841567,2.29914,Plein jour,En agglomération,Intersection en T,Normale,Deux véhicules - côté,4,1,2,0,1,1,1,0,1,50,2,1,0,0,0,1,28.0,,deux_roues,,1,2,3,1,3
201900041324,2019-04-04 12:35:00,2019,4,4,12,35,75,75115,AVENUE DE LA PORTE DE SEVRES,48.834153,2.277235,Plein jour,En agglomération,Intersection en X,Normale,Deux véhicules - arrière,4,1,4,0,1,1,1,0,1,50,2,2,1,0,0,1,29.0,19.0,deux_roues,voiture,1,2,2,1,2
201900041325,2019-04-04 08:15:00,2019,4,4,8,15,75,75115,RUE CAMBRONNE,48.842604,2.302677,Plein jour,En agglomération,Intersection en X,Normale,Deux véhicules - côté,4,-1,0,0,1,1,1,0,1,50,2,2,1,0,0,1,25.0,30.0,utilitaire_camion,deux_roues,1,2,2,1,3
201900041326,2019-04-04 16:10:00,2019,4,4,16,10,75,75114,RUE ALPHONSE DAUDET,48.826511,2.327731,Plein jour,En agglomération,Hors intersection,Normale,Trois véhicules et plus - en chaîne,4,1,0,0,1,1,1,0,1,50,4,4,3,0,0,1,49.0,74.0,utilitaire_camion,voiture,1,2,1,1,4
201900041327,2019-04-04 09:00:00,2019,4,4,9,0,75,75114,AVENUE DU GENERAL LECLERC,48.828776,2.327699,Plein jour,En agglomération,Intersection en T,Normale,Trois véhicules et plus - collisions multiples,4,2,6,0,1,1,1,5,1,50,3,3,2,0,0,1,39.0,46.0,deux_roues,voiture,1,2,3,1,5
201900041328,2019-04-04 08:35:00,2019,4,4,8,35,75,75115,RUE PAUL BARRUEL,48.837352,2.305995,Plein jour,En agglomération,Intersection en X,Normale,Autre collision,4,2,2,0,1,1,1,0,1,30,1,2,1,0,0,1,39.0,,deux_roues,,1,2,2,1,6
201900041329,2019-04-05 17:30:00,2019,4,5,17,30,75,75113,RUE DE TOLBIAC,48.827096,2.367144,Plein jour,En agglomération,Intersection en T,Normale,Deux véhicules - côté,4,2,3,0,1,1,1,0,1,50,2,2,1,0,0,1,40.0,39.0,deux_roues,voiture,1,2,3,1,3
201900041330,2019-04-04 07:50:00,2019,4,4,7,50,75,75113,RUE JACQUES DESTREE,48.817338,2.354061,Plein jour,En agglomération,Hors intersection,Normale,Deux véhicules - arrière,4,1,2,0,2,1,1,0,1,50,2,2,1,0,0,1,37.0,44.0,deux_roues,utilitaire_camion,1,2,1,1,2
201900041331,2019-04-05 18:30:00,2019,4,5,18,30,75,75112,RUE PROUDHON,48.836783,2.388959,Plein jour,En agglomération,Hors intersection,Normale,Deux véhicules - côté,4,2,4,0,1,1,1,1,1,50,2,2,1,0,0,1,37.0,27.0,voiture,deux_roues,1,2,1,1,3
201900041332,2019-04-05 13:15:00,2019,4,5,13,15,75,75112,RUE BARON LE ROY,48.835907,2.386475,Plein jour,En agglomération,Intersection en T,Normale,Autre collision,4,2,2,0,1,1,1,0,1,50,1,2,1,0,0,1,28.0,,deux_roues,,1,2,3,1,6
201900041333,2019-04-05 08:05:00,2019,4,5,8,5,75,75112,AVENUE DE SAINT MANDE,48.844669,2.405732,Plein jour,En agglomération,Intersection en X,Normale,Deux véhicules - côté,4,2,2,0,1,1,1,0,1,50,2,2,1,0,0,1,23.0,44.0,deux_roues,voiture,1,2,2,1,3
201900041334,2019-04-04 20:00:00,2019,4,4,20,0,75,75112,ROUTE DE LA PYRAMIDE,48.840085,2.436717,Plein jour,En agglomération,Intersection en Y,Normale,Deux véhicules - côté,4,2,2,0,1,1,1,0,1,50,2,2,1,0,0,1,64.0,25.0,deux_roues,voiture,1,2,4,1,3
201900041335,2019-04-04 15:20:00,2019,4,4,15,20,75,75112,AVENUE DAUMESNIL,48.837184,2.402123,Plein jour,En agglomération,Intersection en X,Normale,Autre collision,4,2,0,0,2,1,1,0,4,50,1,1,0,0,0,1,,,,,1,2,2,1,6
201900041336,2019-04-06 17:50:00,2019,4,6,17,50,75,75111,BOULEVARD BEAUMARCHAIS,48.855808,2.368487,Plein jour,En agglomération,Intersection en T,Normale,Autre collision,4,2,2,0,1,1,1,8,1,50,1,2,1,0,0,1,,,,,1,2,3,1,6
201900041337,2019-04-06 12:50:00,2019,4,6,12,50,75,75104,BOULEVARD BEAUMARCHAIS,48.854524,2.368806,Plein jour,En agglomération,Hors intersection,Normale,Deux véhicules - côté,4,2,2,0,1,1,1,0,1,50,2,2,1,0,0,1,30.0,46.0,voiture,deux_roues,1,2,1,1,3
201900041338,2019-04-03 23:40:00,2019,4,3,23,40,75,75111,AVENUE DE LA REPUBLIQUE,48.866582,2.367605,Nuit avec éclairage allumé,En agglomération,Hors intersection,Normale,Deux véhicules - frontale,4,2,3,0,2,1,1,0,1,50,2,2,1,0,0,1,21.0,30.0,voiture,deux_roues,5,2,1,1,1
201900041339,2019-04-06 05:00:00,2019,4,6,5,0,75,75110,RUE DU FAUBOURG SAINT MARTIN,48.879748,2.363511,Nuit avec éclairage allumé,En agglomération,Hors intersection,Normale,Autre collision,4,2,2,0,1,1,1,0,1,50,1,1,0,0,0,1,22.0,,deux_roues,,5,2,1,1,6
201900041340,2019-04-05 20:30:00,2019,4,5,20,30,75,75110,BOULEVARD DE LA CHAPELLE,48.88429,2.363791,Crépuscule ou aube,En agglomération,Hors intersection,Normale,Sans collision,4,1,2,0,1,1,1,9,1,50,1,1,0,0,0,1,30.0,,deux_roues,,2,2,1,1,7
201900041341,2019-04-06 00:25:00,2019,4,6,0,25,75,75110,RUE LA FAYETTE,48.88267,2.369875,Nuit avec éclairage allumé,En agglomération,Intersection à plus de 4 branches,Normale,Autre collision,4,2,2,0,1,1,1,0,1,50,2,1,0,0,0,1,27.0,,deux_roues,,5,2,5,1,6
201900041342,2019-04-04 17:10:00,2019,4,4,17,10,75,75110,RUE DE LA GRANGE AUX BELLES,48.876375,2.368741,Plein jour,En agglomération,Hors intersection,Normale,Deux véhicules - arrière,4,1,1,0,1,1,1,8,1,30,2,3,1,0,0,2,42.0,18.0,transport_commun,deux_roues,1,2,1,1,2
201900041343,2019-04-06 16:23:00,2019,4,6,16,23,75,75102,RUE ETIENNE MARCEL,48.863867,2.349026,Plein jour,En agglomération,Intersection à plus de 4 branches,Normale,Deux véhicules - côté,4,2,1,0,1,1,1,0,1,50,2,2,1,0,0,1,35.0,73.0,voiture,deux_roues,1,2,5,1,3
201900041344,2019-04-04 12:28:00,2019,4,4,12,28,75,75108,RUE TRONCHET,48.873124,2.326717,Plein jour,En agglomération,Intersection en X,Normale,Trois véhicules et plus - collisions multiples,4,2,4,0,1,1,1,0,1,50,3,3,2,0,1,0,74.0,69.0,deux_roues,deux_roues,1,2,2,1,5
201900041345,2019-04-04 09:50:00,2019,4,4,9,50,75,75109,RUE DE PROVENCE,48.874036,2.342424,Plein jour,En agglomération,Intersection en X,Normale,Sans collision,4,2,2,2,1,1,1,0,5,50,1,1,0,0,0,1,41.0,,deux_roues,,1,2,2,1,7
201900041346,2019-04-05 16:09:00,2019,4,5,16,9,75,75108,AVENUE GEORGE V,48.870068,2.300994,Plein jour,En agglomération,Intersection en T,Normale,Deux véhicules - côté,4,2,4,0,1,1,1,0,1,50,2,2,1,0,1,0,57.0,26.0,voiture,deux_roues,1,2,3,1,3
201900041347,2019-04-04 13:15:00,2019,4,4,13,15,75,75115,AVENUE DE NEW YORK,48.83238,2.293717,Plein jour,En agglomération,Hors intersection,Normale,Deux véhicules - côté,4,3,4,0,1,1,1,0,1,50,2,2,1,0,0,1,68.0,28.0,voiture,deux_roues,1,2,1,1,3
201900041348,2019-04-03 12:40:00,2019,4,3,12,40,75,75108,RUE ROQUEPINE,48.873361,2.319092,Plein jour,En agglomération,Hors intersection,Normale,Deux véhicules - côté,4,1,1,0,1,1,1,0,1,50,2,2,1,0,0,1,32.0,22.0,voiture,deux_roues,1,2,1,1,3
201900041349,2019-04-03 11:55:00,2019,4,3,11,55,75,75117,BOULEVARD DE COURCELLES,48.880641,2.310796,Plein jour,En agglomération,Hors intersection,Normale,Autre collision,4,2,2,0,1,1,1,0,1,50,2,2,1,0,0,1,43.0,21.0,deux_roues,deux_roues,1,2,1,1,6
201900041350,2019-04-04 19:30:00,2019,4,4,19,30,75,75104,RUE SAINT ANTOINE,48.855303,2.359879,Plein jour,En agglomération,Hors intersection,Normale,Autre collision,4,1,0,3,1,1,1,6,6,20,1,1,0,0,0,1,,,,,1,2,1,1,6
201900041351,2019-04-04 11:18:00,2019,4,4,11,18,75,75103,RUE BEAUBOURG,48.861214,2.3535,Plein jour,En agglomération,Intersection en X,Normale,Deux véhicules - côté,4,1,3,3,1,1,1,0,1,50,2,2,1,0,0,1,26.0,37.0,utilitaire_camion,deux_roues,1,2,2,1,3
201900041352,2019-04-04 19:40:00,2019,4,4,19,40,75,75102,RUE ETIENNE MARCEL,48.86365,2.350003,Plein jour,En agglomération,Intersection en X,Normale,Deux véhicules - côté,4,2,4,1,1,1,1,0,5,50,2,2,1,0,0,1,47.0,33.0,utilitaire_camion,deux_roues,1,2,2,1,3
201900041353,2019-04-06 13:55:00,2019,4,6,13,55,94,94081,PAUL VAILLANT COUTURIER (AV),48.7921,2.3951,Plein jour,En agglomération,Hors intersection,Normale,Trois véhicules et plus - collisions multiples,3,2,2,1,1,1,1,0,5,50,3,3,2,0,0,1,39.0,22.0,voiture,deux_roues,1,2,1,1,5
201900041354,2019-04-06 02:11:00,2019,4,6,2,11,94,94074,HENRI BARBUSSE (AV),48.76742,2.441035,Nuit avec éclairage allumé,En agglomération,Hors intersection,Normale,Deux véhicules - arrière,2,1,2,0,1,1,1,0,1,50,2,3,1,0,0,2,38.0,56.0,voiture,voiture,5,2,1,1,2
201900041355,2019-04-05 15:40:00,2019,4,5,15,40,94,94078,PARIS (R DE),48.74572,2.44657,Plein jour,En agglomération,Hors intersection,Normale,Trois véhicules et plus - en chaîne,2,2,4,0,1,1,1,0,1,50,3,4,3,0,0,1,27.0,28.0,voiture,voiture,1,2,1,1,4
201900041356,2019-04-05 13:55:00,2019,4,5,13,55,94,94077,LE FOLL (AV),48.72982,2.42791,Plein jour,En agglomération,Intersection en X,Normale,Deux véhicules - arrière,4,1,2,0,1,1,1,0,1,50,2,3,2,0,0,1,60.0,33.0,utilitaire_camion,voiture,1,2,2,1,2
201900041357,2019-04-03 22:50:00,2019,4,3,22,50,94,94078,L'APPEL DU DIX-HUIT JUIN 1940 (AV DE),48.75914,2.44344,Nuit avec éclairage allumé,En agglomération,Hors intersection,Normale,Deux véhicules - arrière,2,3,4,0,1,1,1,0,1,50,2,2,0,0,0,2,58.0,56.0,voiture,voiture,5,2,1,1,2
201900041358,2019-04-06 19:00:00,2019,4,6,19,0,94,94068,MARECHAL LYAUTEY (AV DU),48.7911,2.48685,Plein jour,En agglomération,Hors intersection,Normale,Deux véhicules - côté,4,2,1,0,1,1,1,0,1,50,2,2,1,0,0,1,41.0,55.0,deux_roues,voiture,1,2,1,1,3
201900041359,2019-04-06 13:40:00,2019,4,6,13,40,94,94052,STRASBOURG (BD DE),48.84165,2.48312,Plein jour,En agglomération,Hors intersection,Normale,Trois véhicules et plus - en chaîne,3,2,2,0,1,1,1,0,1,50,3,3,2,0,0,1,61.0,49.0,voiture,deux_roues,1,2,1,1,4
201900041360,2019-04-05 16:30:00,2019,4,5,16,30,94,94052,VICTOR HUGO (R),48.833745,2.474126,Plein jour,En agglomération,Hors intersection,Normale,Deux véhicules - arrière,4,2,1,0,2,4,1,0,1,30,2,2,1,0,0,1,47.0,37.0,deux_roues,voiture,1,2,1,1,2
201900041361,2019-04-04 15:00:00,2019,4,4,15,0,94,94042,MARECHAL LECLERC (BD DU),48.81561,2.46752,Plein jour,En agglomération,Hors intersection,Normale,Deux véhicules - arrière,3,3,3,0,1,1,1,0,1,50,2,2,1,0,0,1,41.0,82.0,deux_roues,voiture,1,2,1,1,2
201900041362,2019-04-05 08:25:00,2019,4,5,8,25,94,94016,GUICHARD (R),48.79367,2.33853,Plein jour,En agglomération,Autre intersection,Normale,Autre collision,4,2,2,0,1,1,1,0,2,50,1,1,0,0,0,1,,,,,1,2,9,1,6
201900041363,2019-04-04 14:38:00,2019,4,4,14,38,94,94076,JEAN LURCAT (R),48.784,2.37,Plein jour,En agglomération,Autre intersection,Normale,Deux véhicules - côté,4,2,2,0,1,1,1,0,2,50,2,2,1,0,0,1,42.0,38.0,voiture,deux_roues,1,2,9,1,3
201900041364,2019-04-04 09:30:00,2019,4,4,9,30,94,94043,CHARLES GIDE (AV),48.80474,2.34482,Plein jour,En agglomération,Autre intersection,Normale,Deux véhicules - côté,3,2,3,3,1,1,1,0,1,30,2,2,1,0,0,1,29.0,28.0,voiture,deux_roues,1,2,9,1,3
201900041365,2019-04-04 18:25:00,2019,4,4,18,25,94,94041,GEORGES GOSNAT (AV),48.81324,2.3884,Plein jour,En agglomération,Intersection en T,Normale,Deux véhicules - côté,3,2,4,3,1,1,1,0,1,50,2,2,1,0,0,1,68.0,57.0,voiture,deux_roues,1,2,3,1,3
201900041366,2019-04-04 17:50:00,2019,4,4,17,50,94,94041,VERDUN (AV DE),48.81594,2.36784,Plein jour,En agglomération,Hors intersection,Normale,Deux véhicules - côté,3,2,2,0,1,1,1,6,1,50,2,2,1,0,0,1,52.0,35.0,deux_roues,deux_roues,1,2,1,1,3
201900041367,2019-04-05 13:25:00,2019,4,5,13,25,94,94034,LIBERTE (AV DE LA),48.76404,2.31821,Plein jour,En agglomération,Hors intersection,Normale,Deux véhicules - côté,4,-1,2,0,1,1,1,0,1,50,2,2,1,0,0,1,45.0,40.0,deux_roues,voiture,1,2,1,1,3
201900041368,2019-04-04 13:15:00,2019,4,4,13,15,94,94033,PAUL LANGEVIN (R),48.85451,2.48028,Plein jour,En agglomération,Hors intersection,Normale,Deux véhicules - frontale,4,1,2,1,1,2,1,0,1,30,2,2,1,0,0,1,59.0,56.0,deux_roues,voiture,1,2,1,1,1
201900041369,2019-04-06 19:00:00,2019,4,6,19,0,94,94011,ORADOUR SUR GLANE(AVENUE D'),48.76893,2.48127,Plein jour,En agglomération,Hors intersection,Normale,Autre collision,4,2,2,0,1,1,1,0,1,50,1,2,1,0,0,1,45.0,,voiture,,1,2,1,1,6
201900041370,2019-04-06 14:30:00,2019,4,6,14,30,94,94028,POMPADOUR.(CHEMIN DE LA),48.76504,2.48027,Plein jour,En agglomération,Hors intersection,Normale,Autre collision,3,1,3,0,1,1,1,0,1,50,1,2,1,0,0,1,58.0,,voiture,,1,2,1,1,6
201900041371,2019-04-05 18:00:00,2019,4,5,18,0,94,94011,REPUBLIQUE(AVENUE DE LA),48.76771,2.47858,Plein jour,En agglomération,Hors intersection,Normale,Autre collision,4,1,1,0,2,1,1,0,1,50,1,2,1,0,0,1,39.0,,voiture,,1,2,1,1,6
201900041372,2019-04-05 16:00:00,2019,4,5,16,0,94,94011,GROSS(RUE AUGUSTE),48.7667,2.4833,Plein jour,En agglomération,Hors intersection,Normale,Deux véhicules - côté,4,2,2,0,1,1,1,0,1,30,2,2,1,0,0,1,43.0,30.0,deux_roues,voiture,1,2,1,1,3
201900041373,2019-04-05 17:35:00,2019,4,5,17,35,94,94054,CHARLES TILLON (route),48.74628,2.38155,Plein jour,En agglomération,Hors intersection,Normale,Deux véhicules - côté,3,-1,3,0,1,1,1,0,1,30,2,2,1,0,0,1,44.0,34.0,voiture,deux_roues,1,2,1,1,3
201900041374,2019-04-06 00:00:00,2019,4,6,0,0,94,94017,LOUIS TALAMONI (R),48.81358,2.51054,Nuit avec éclairage allumé,En agglomération,Intersection en X,Normale,Autre collision,3,3,4,0,1,1,1,5,1,50,1,2,1,0,1,0,56.0,,transport_commun,,5,2,2,1,6