accident_id,datetime,annee,mois,jour,heure,minute,departement,commune_insee,adresse,latitude,longitude,luminosite,agglomeration,intersection,meteo,collision,catr,circ,nbv,vosp,prof,plan,surf,infra,situ,vma,nb_vehicules,nb_usagers,nb_indemnes,nb_tues,nb_blesses_hosp,nb_blesses_legers,age_cond_1,age_cond_2,veh_type_cond_1,veh_type_cond_2,lum_code,agg_code,int_code,atm_code,col_code
201900041375,2019-04-05 13:00:00,2019,4,5,13,0,94,94017,RASPAIL (R),48.82617,2.47885,Plein jour,En agglomération,Intersection en X,Normale,Deux véhicules - côté,4,2,2,0,1,1,1,0,1,40,2,4,2,0,0,2,34.0,42.0,utilitaire_camion,utilitaire_camion,1,2,2,1,3
201900041376,2019-04-04 23:00:00,2019,4,4,23,0,94,94017,MARX DORMOY (AV),48.80636,2.52814,Nuit sans éclairage public,En agglomération,Intersection en T,Normale,Deux véhicules - côté,3,3,-1,0,2,1,1,5,1,50,2,4,0,0,0,4,36.0,42.0,voiture,voiture,3,2,3,1,3
201900041377,2019-04-06 14:00:00,2019,4,6,14,0,94,94075,MARECHAL DE LATTRE DE TASSIGNY (AV),48.73422,2.52068,Plein jour,Hors agglomération,Intersection en T,Normale,Autre collision,2,3,3,0,1,1,1,0,1,70,1,2,1,0,0,1,28.0,,voiture,,1,1,3,1,6
201900041378,2019-04-04 16:30:00,2019,4,4,16,30,94,94071,GARE (PL DE LA),48.77134,2.50818,Plein jour,En agglomération,Autre intersection,Normale,Autre collision,6,1,1,3,1,1,1,9,1,50,1,12,0,0,4,8,58.0,,transport_commun,,1,2,9,1,6
201900041379,2019-04-05 17:10:00,2019,4,5,17,10,94,94002,BLANQUI (QU),48.7982529,2.4203951,Plein jour,En agglomération,Intersection en X,Normale,Deux véhicules - côté,3,3,5,0,1,1,1,5,1,50,2,2,1,0,0,1,42.0,55.0,voiture,deux_roues,1,2,2,1,3
201900041380,2019-04-04 19:10:00,2019,4,4,19,10,93,93073,CHAPIT RE ( RUE DU),49.00263,2.53693,Plein jour,Hors agglomération,Hors intersection,Normale,Deux véhicules - côté,6,-1,0,0,2,1,1,9,1,50,2,2,1,0,0,1,46.0,63.0,voiture,voiture,1,1,1,1,3
201900041381,2019-04-06 16:30:00,2019,4,6,16,30,93,93059,LAENNEC (AVENUE),48.96202,2.37114,Plein jour,En agglomération,Hors intersection,Normale,Autre collision,3,2,2,0,1,1,1,0,1,50,2,2,1,0,0,1,27.0,45.0,voiture,voiture,1,2,1,1,6
201900041382,2019-04-05 21:30:00,2019,4,5,21,30,93,93070,BATELIERS (RUE DES),48.91451,2.32984,Nuit avec éclairage allumé,En agglomération,Autre intersection,Normale,Autre collision,4,2,2,0,1,1,1,0,1,50,1,2,1,0,0,1,,,,,5,2,9,1,6
201900041383,2019-04-05 10:00:00,2019,4,5,10,0,93,93070,MICHELET (AVE) : DU 1 AU 103,48.91407,2.34412,Plein jour,En agglomération,Hors intersection,Normale,Autre collision,3,-1,1,0,1,1,1,0,1,50,2,2,1,0,0,1,34.0,42.0,utilitaire_camion,deux_roues,1,2,1,1,6
201900041384,2019-03-28 18:40:00,2019,3,28,18,40,93,93001,"""LANDY, NR PAIR 20 A 80""",48.91531,2.37082,Plein jour,En agglomération,Hors intersection,Normale,Autre collision,3,2,2,0,1,1,1,2,1,50,1,2,1,0,0,1,35.0,,voiture,,1,2,1,1,6
201900041385,2019-04-04 22:40:00,2019,4,4,22,40,93,93066,"""STALINGRAD (AVENUE), NR 88 A 114 BIS""",48.947001,2.372209,Nuit avec éclairage allumé,En agglomération,Autre intersection,Normale,Deux véhicules - frontale,3,2,2,0,1,1,1,9,1,50,2,4,3,0,0,1,21.0,31.0,voiture,voiture,5,2,9,1,1
201900041386,2019-04-04 11:00:00,2019,4,4,11,0,93,93066,MITERRAND FRANCOIS (AVENUE),48.91811,2.3549,Plein jour,En agglomération,Intersection en X,Normale,Deux véhicules - côté,4,2,2,3,1,1,1,0,1,50,2,2,1,0,1,0,60.0,78.0,utilitaire_camion,utilitaire_camion,1,2,2,1,3
201900041387,2019-04-02 15:30:00,2019,4,2,15,30,93,93066,ORNANO (BOULEVARD),48.91568,2.34428,Plein jour,En agglomération,Hors intersection,Normale,Deux véhicules - côté,3,2,2,2,1,1,1,0,2,50,2,2,1,0,0,1,22.0,32.0,voiture,deux_roues,1,2,1,1,3
201900041388,2019-04-05 16:31:00,2019,4,5,16,31,93,93051,GALLIENI (PLACE),48.84871,2.55506,Plein jour,En agglomération,Hors intersection,Normale,Autre collision,4,1,1,0,2,1,1,0,1,30,1,2,1,0,1,0,49.0,,voiture,,1,2,1,1,6
201900041389,2019-04-04 10:25:00,2019,4,4,10,25,93,93045,PARIS RUE DE,48.879371,2.414901,Plein jour,En agglomération,Intersection en X,Normale,Deux véhicules - frontale,3,2,2,2,1,1,1,0,1,50,2,2,1,0,0,1,32.0,30.0,deux_roues,voiture,1,2,2,1,1
201900041390,2019-04-06 14:28:00,2019,4,6,14,28,93,93027,CONVENTION (RUE DE LA),48.927,2.39,Plein jour,En agglomération,Intersection en X,Normale,Deux véhicules - côté,3,3,4,0,1,1,1,4,1,50,2,4,3,0,0,1,43.0,59.0,voiture,voiture,1,2,2,1,3
201900041391,2019-04-05 08:50:00,2019,4,5,8,50,93,93047,BARGUE  (BOULEVARD),48.89872,2.55366,Plein jour,En agglomération,Intersection en T,Normale,Deux véhicules - frontale,4,2,2,0,1,1,1,0,1,50,2,2,1,0,0,1,39.0,38.0,deux_roues,voiture,1,2,3,1,1
201900041392,2019-04-05 16:15:00,2019,4,5,16,15,93,93010,LYSSANDRE (PL. GEORGES),48.900249,2.489725,Plein jour,En agglomération,Hors intersection,Normale,Deux véhicules - côté,4,2,2,0,1,1,1,0,1,50,2,3,1,0,1,1,25.0,16.0,voiture,deux_roues,1,2,1,1,3
201900041393,2019-04-04 16:50:00,2019,4,4,16,50,93,93057,ESTIENNE (AL. ROBERT),48.906086,2.512863,Plein jour,En agglomération,Autre intersection,Normale,Autre collision,4,-1,2,0,1,1,1,0,1,30,1,1,0,0,0,1,,,,,1,2,9,1,6
201900041394,2019-04-06 00:41:00,2019,4,6,0,41,93,93005,MARCEL SEMBAT (RUE),48.93566,2.48689,Nuit avec éclairage allumé,En agglomération,Hors intersection,Normale,Deux véhicules - côté,4,2,3,0,1,1,1,5,1,50,2,3,2,0,0,1,54.0,19.0,voiture,voiture,5,2,1,1,3
201900041395,2019-04-06 18:30:00,2019,4,6,18,30,93,93001,LANDY (RUE DU) 18 A 32 /27,48.91523,2.37425,Plein jour,En agglomération,Hors intersection,Normale,Autre collision,3,2,2,0,1,1,1,9,1,50,1,2,1,0,0,1,42.0,,deux_roues,,1,2,1,1,6
201900041396,2019-04-04 21:00:00,2019,4,4,21,0,93,93001,VICTOR HUGO (AVE)  131 A 165,48.9095,2.37826,Nuit sans éclairage public,En agglomération,Hors intersection,Normale,Deux véhicules - côté,3,2,4,0,1,1,1,0,1,50,2,2,0,0,2,0,45.0,31.0,voiture,deux_roues,3,2,1,1,3
201900041397,2019-04-04 13:40:00,2019,4,4,13,40,93,93001,HENRI BARBUSSE (RUE)  111 =>,48.91244,2.3913,Plein jour,En agglomération,Hors intersection,Normale,Deux véhicules - arrière,3,1,1,0,1,1,1,0,1,50,2,2,1,0,0,1,28.0,43.0,utilitaire_camion,deux_roues,1,2,1,1,2
201900041398,2019-04-06 12:35:00,2019,4,6,12,35,92,92075,ANTOINE FRATACCI (RUE),48.8205553,2.2904631,Plein jour,En agglomération,Autre intersection,Normale,Sans collision,3,2,1,0,2,1,1,0,1,50,1,2,1,0,0,1,47.0,,transport_commun,,1,2,9,1,7
201900041399,2019-04-05 19:45:00,2019,4,5,19,45,92,92075,JEAN BLEUZEN (RUE),48.82439,2.29894,Crépuscule ou aube,En agglomération,Hors intersection,Normale,Autre collision,3,2,2,0,1,1,1,9,1,50,1,2,1,0,0,1,37.0,,voiture,,2,2,1,1,6
201900041400,2019-04-04 20:30:00,2019,4,4,20,30,92,92075,AVENIR (RUE DE L'),48.81517,2.28223,Nuit avec éclairage allumé,En agglomération,Autre intersection,Normale,Autre collision,4,2,2,0,3,3,1,0,1,30,1,2,1,0,0,1,50.0,,voiture,,5,2,9,1,6
201900041401,2019-02-12 17:30:00,2019,2,12,17,30,92,92046,GABRIEL PERI,48.8192,2.30219,Plein jour,En agglomération,Autre intersection,Normale,Deux véhicules - côté,3,2,3,0,1,1,1,0,1,50,2,2,1,0,0,1,61.0,41.0,voiture,deux_roues,1,2,9,1,3
201900041402,2019-04-05 14:30:00,2019,4,5,14,30,92,92073,DASSAULT (QUAI MARCEL),48.859,2.224,Plein jour,En agglomération,Autre intersection,Normale,Deux véhicules - côté,3,4,3,0,1,1,1,0,1,50,2,2,1,0,0,1,35.0,46.0,voiture,deux_roues,1,2,9,1,3
201900041403,2019-04-05 08:40:00,2019,4,5,8,40,92,92064,PASTEUR,48.84195,2.20287,Plein jour,En agglomération,Hors intersection,Normale,Deux véhicules - côté,3,3,2,1,1,1,1,0,1,50,2,3,1,0,0,2,49.0,17.0,utilitaire_camion,deux_roues,1,2,1,1,3
201900041404,2019-04-04 22:35:00,2019,4,4,22,35,92,92064,MARCEL DASSAULT,48.854822,2.222823,Nuit avec éclairage allumé,En agglomération,Autre intersection,Normale,Deux véhicules - côté,3,2,3,0,1,1,1,0,1,50,2,2,1,0,0,1,61.0,35.0,utilitaire_camion,deux_roues,5,2,9,1,3
201900041405,2019-04-04 09:30:00,2019,4,4,9,30,92,92062,REPUBLIQUE (RUE DE LA) DU 102 AU 200,48.88378,2.23357,Plein jour,En agglomération,Hors intersection,Normale,Autre collision,4,2,3,0,2,1,1,0,1,50,1,2,1,0,0,1,24.0,,deux_roues,,1,2,1,1,6
201900041406,2019-02-10 15:30:00,2019,2,10,15,30,92,92062,DE DION BOUTON (QUAI) DU 29 AU 65/ SOLJENITSYNE  (BD ALEXANDRE),48.8839025,2.2492898,Plein jour,En agglomération,Intersection en X,Pluie légère,Autre collision,3,3,4,0,1,1,2,0,1,50,1,2,1,0,0,1,36.0,,deux_roues,,1,2,2,2,6
201900041407,2019-04-06 17:45:00,2019,4,6,17,45,92,92050,JOFFRE MARECHAL AVENUE DU,48.88624,2.19817,Plein jour,En agglomération,Hors intersection,Normale,Deux véhicules - côté,3,2,4,0,1,1,1,0,1,50,2,2,1,0,0,1,46.0,25.0,voiture,deux_roues,1,2,1,1,3
201900041408,2019-04-03 19:25:00,2019,4,3,19,25,92,92050,LIBERTE AVENUE DE LA,48.887439,2.2075624,Plein jour,En agglomération,Intersection en T,Autre,Deux véhicules - côté,4,2,2,0,1,1,1,0,1,50,2,2,1,0,0,1,31.0,27.0,voiture,deux_roues,1,2,3,9,3
201900041409,2019-04-02 17:50:00,2019,4,2,17,50,92,92050,VAILLANT COUTURIER PAUL RUE,48.8867234,2.2010037,Plein jour,En agglomération,Hors intersection,Pluie légère,Trois véhicules et plus - en chaîne,3,2,2,0,1,1,2,0,1,50,3,3,2,0,0,1,30.0,33.0,voiture,voiture,1,2,1,2,4
201900041410,2019-04-03 10:40:00,2019,4,3,10,40,92,92050,CLEMENCEAU GEORGES AVENUE N°IMPAIR,48.886255,2.211795,Plein jour,En agglomération,Hors intersection,Normale,Autre collision,3,2,6,3,1,1,1,0,1,50,1,2,1,0,0,1,47.0,,voiture,,1,2,1,1,6
201900041411,2019-04-06 17:00:00,2019,4,6,17,0,92,92048,TRIVAUX (AVENUE DE) N° 1,48.80132,2.23436,Plein jour,En agglomération,Hors intersection,Normale,Sans collision,3,2,2,0,2,2,1,0,4,50,1,1,0,0,1,0,45.0,,deux_roues,,1,2,1,1,7
201900041412,2019-04-04 18:40:00,2019,4,4,18,40,92,92048,MARECHAL JUIN (AVENUE DU),48.78851,2.21314,Plein jour,En agglomération,Hors intersection,Normale,Deux véhicules - côté,4,2,2,0,1,1,1,0,1,50,2,2,1,0,0,1,23.0,38.0,voiture,deux_roues,1,2,1,1,3
201900041413,2019-04-04 09:43:00,2019,4,4,9,43,92,92048,JEAN JAURES (AVENUE) N° 8 A 72,48.80974,2.24254,Plein jour,En agglomération,Hors intersection,Normale,Sans collision,4,2,2,0,1,1,1,0,1,50,1,1,0,0,0,1,57.0,,deux_roues,,1,2,1,1,7
201900041414,2019-04-05 22:10:00,2019,4,5,22,10,92,92026,BEZONS  (DE 01 A 22),48.89345,2.252132,Nuit avec éclairage allumé,En agglomération,Giratoire,Normale,Deux véhicules - côté,4,2,1,0,1,1,1,0,1,50,2,3,2,0,0,1,42.0,77.0,voiture,voiture,5,2,6,1,3
201900041415,2019-04-05 21:30:00,2019,4,5,21,30,92,92026,GAMBETTA,48.8927,2.246,Nuit avec éclairage allumé,En agglomération,Autre intersection,Normale,Deux véhicules - côté,4,1,2,0,1,1,1,0,1,50,2,2,1,0,0,1,36.0,21.0,deux_roues,deux_roues,5,2,9,1,3
201900041416,2019-04-04 08:45:00,2019,4,4,8,45,92,92026,MARECHAL JOFFRE (QUAI DU),48.900085,2.273641,Plein jour,En agglomération,Hors intersection,Normale,Deux véhicules - arrière,3,1,2,0,1,1,1,0,1,50,2,2,1,0,0,1,22.0,41.0,utilitaire_camion,deux_roues,1,2,1,1,2
201900041417,2019-04-03 20:40:00,2019,4,3,20,40,92,92025,PRESIDENT SALVADOR ALLENDE (RUE DU),48.922096,2.243135,Crépuscule ou aube,En agglomération,Hors intersection,Normale,Deux véhicules - côté,4,2,0,0,1,1,1,0,1,50,2,2,1,0,0,1,23.0,27.0,voiture,deux_roues,2,2,1,1,3
201900041418,2019-04-03 20:05:00,2019,4,3,20,5,92,92025,AUDRA (AV),48.927425,2.247032,Plein jour,En agglomération,Intersection en X,Normale,Deux véhicules - côté,3,2,4,0,1,1,1,0,1,50,2,2,1,0,0,1,28.0,20.0,voiture,deux_roues,1,2,2,1,3
201900041419,2019-04-04 18:30:00,2019,4,4,18,30,92,92060,CARREAU (RUE DU),48.77957,2.25531,Plein jour,En agglomération,Hors intersection,Normale,Autre collision,4,2,2,0,1,2,1,0,1,30,1,2,1,0,1,0,61.0,,deux_roues,,1,2,1,1,6
201900041420,2019-04-05 13:50:00,2019,4,5,13,50,92,92012,EDOUARD VAILLANT (AVENUE) 57/FIN - 58/FI,48.8347653,2.2470685,Plein jour,En agglomération,Hors intersection,Normale,Autre collision,3,1,1,0,1,1,1,0,1,50,1,3,2,0,0,1,24.0,,utilitaire_camion,,1,2,1,1,6
201900041421,2019-04-05 08:40:00,2019,4,5,8,40,92,92012,ALPHONSE LE GALLO (QUAI) 1/34,48.8304306,2.228073,Plein jour,En agglomération,Hors intersection,Normale,Deux véhicules - arrière,3,3,4,0,1,1,1,0,1,50,2,2,1,0,0,1,26.0,75.0,voiture,deux_roues,1,2,1,1,2
201900041422,2019-04-06 03:15:00,2019,4,6,3,15,92,92004,AULAGNIER ( QUAI ),48.9149317,2.31273,Nuit avec éclairage allumé,En agglomération,Hors intersection,Pluie légère,Sans collision,3,-1,2,0,1,1,1,0,1,50,1,1,0,0,1,0,52.0,,deux_roues,,5,2,1,2,7
201900041423,2019-04-05 23:45:00,2019,4,5,23,45,47,47044,lieu-dit Les garnges,44.664201,0.556568,Nuit sans éclairage public,Hors agglomération,Hors intersection,Normale,Autre collision,4,2,2,0,1,1,1,0,8,80,1,1,0,1,0,0,19.0,,voiture,,3,1,1,1,6
201900041424,2019-03-22 19:10:00,2019,3,22,19,10,62,62534,Rue Jean Baptiste Macaux,50.700139,2.110153,Crépuscule ou aube,En agglomération,Hors intersection,Normale,Autre collision,3,2,2,0,4,2,1,0,1,50,1,2,1,0,0,1,84.0,,voiture,,2,2,1,1,6
201900041425,2019-04-06 19:30:00,2019,4,6,19,30,85,85261,A 83   échangeur aire de Vendée  sens Niort/Nantes,46.57043,-1.11151,Plein jour,Hors agglomération,Hors intersection,Pluie légère,Autre collision,1,3,4,3,1,3,2,3,3,130,1,5,3,0,2,0,33.0,,voiture,,1,1,1,2,6
201900041426,2019-04-05 07:40:00,2019,4,5,7,40,973,97353,Avenue Lalaymia Abdallah,3.644259,-54.032721,Plein jour,En agglomération,Hors intersection,Normale,Sans collision,4,-1,2,0,1,1,1,0,1,50,1,2,0,0,1,1,24.0,,deux_roues,,1,2,1,1,7
201900041427,2019-04-04 14:45:00,2019,4,4,14,45,33,33250,intersection D21et D129,44.61368,-0.02753,Plein jour,Hors agglomération,Intersection en T,Pluie légère,Autre collision,3,2,2,0,1,1,2,0,1,80,3,3,1,0,1,1,64.0,64.0,deux_roues,deux_roues,1,1,3,2,6
201900041428,2019-04-07 11:30:00,2019,4,7,11,30,988,98812,RT1,-20.539788,164.26726,Plein jour,En agglomération,Hors intersection,Normale,Sans collision,2,2,2,0,1,1,1,0,1,70,1,3,1,0,1,1,30.0,,voiture,,1,2,1,1,7
201900041429,2019-04-07 14:56:00,2019,4,7,14,56,83,83026,A8 PK90,43.4010328,6.2596439,Plein jour,Hors agglomération,Hors intersection,Neige / grêle,Trois véhicules et plus - en chaîne,1,1,5,0,1,1,9,0,1,110,11,23,19,0,0,4,37.0,61.0,voiture,voiture,1,1,1,4,4
201900041430,2019-04-05 09:45:00,2019,4,5,9,45,68,68019,RD 52,48.095658,7.572946,Plein jour,Hors agglomération,Hors intersection,Normale,Deux véhicules - côté,3,2,2,0,1,1,1,0,1,80,2,3,1,0,2,0,44.0,68.0,utilitaire_camion,voiture,1,1,1,1,3
201900041431,2019-04-04 22:00:00,2019,4,4,22,0,972,97222,Chemin de Fonds d'Or,14.666098,-60.96245,Nuit avec éclairage allumé,Hors agglomération,Hors intersection,Normale,Sans collision,4,2,2,0,2,1,1,0,1,50,1,1,0,0,1,0,39.0,,deux_roues,,5,1,1,1,7
201900041432,2019-04-07 01:35:00,2019,4,7,1,35,28,28301,PK 56+600,48.499449,1.46758,Nuit sans éclairage public,Hors agglomération,Hors intersection,Normale,Autre collision,2,1,1,0,1,1,1,0,1,80,1,2,1,1,0,0,66.0,,transport_commun,,3,1,1,1,6
201900041433,2019-04-05 16:50:00,2019,4,5,16,50,68,68300,D238 A36,47.774196,7.380188,Plein jour,Hors agglomération,Intersection en Y,Normale,Deux véhicules - côté,1,3,4,0,3,2,1,3,8,70,2,3,1,0,1,1,70.0,41.0,voiture,utilitaire_camion,1,1,4,1,3
201900041434,2019-04-06 12:30:00,2019,4,6,12,30,62,62338,Rue Louis Bouquet,50.625924,2.818626,Plein jour,En agglomération,Intersection en X,Normale,Deux véhicules - côté,3,2,2,0,1,1,1,5,1,50,2,2,1,0,1,0,18.0,66.0,deux_roues,voiture,1,2,2,1,3
201900041435,2019-04-04 16:15:00,2019,4,4,16,15,67,67149,Route départementale 41,48.717992,7.437632,Plein jour,Hors agglomération,Intersection en X,Pluie légère,Deux véhicules - côté,2,2,2,0,1,1,1,5,1,80,2,2,1,0,1,0,70.0,29.0,voiture,utilitaire_camion,1,1,2,2,3
201900041436,2019-04-06 04:23:00,2019,4,6,4,23,35,35363,RN137 - PR33+558,47.994092,-1.694945,Nuit sans éclairage public,Hors agglomération,Hors intersection,Normale,Autre collision,2,3,4,3,1,3,2,0,3,110,1,1,0,0,0,1,21.0,,voiture,,3,1,1,1,6
201900041437,2019-04-04 19:00:00,2019,4,4,19,0,91,91363,Rue de Montlhéry,48.639827,2.248403,Plein jour,En agglomération,Autre intersection,Temps éblouissant,Deux véhicules - côté,3,2,2,0,1,1,1,0,1,50,2,2,1,0,1,0,66.0,35.0,deux_roues,voiture,1,2,9,7,3
201900041438,2019-04-06 02:00:00,2019,4,6,2,0,17,17472,RD 106E,46.235934,-1.091555,Nuit sans éclairage public,Hors agglomération,Autre intersection,Normale,Autre collision,3,2,2,0,1,2,1,0,3,80,1,2,1,0,1,0,22.0,,voiture,,3,1,9,1,6
201900041439,2019-04-04 15:15:00,2019,4,4,15,15,84,84062,D24,43.889832,5.101467,Plein jour,Hors agglomération,Autre intersection,Normale,Deux véhicules - frontale,3,2,1,0,1,1,1,0,1,80,2,2,0,0,1,1,58.0,22.0,voiture,voiture,1,1,9,1,1
201900041440,2019-03-23 06:30:00,2019,3,23,6,30,26,26010,RD132,45.254652,4.933604,Crépuscule ou aube,Hors agglomération,Hors intersection,Normale,Sans collision,3,2,2,0,1,2,1,0,8,80,1,2,0,1,1,0,19.0,,voiture,,2,1,1,1,7
201900041441,2019-04-02 07:10:00,2019,4,2,7,10,34,34035,A750 PK 22+500,43.623427,3.625755,Plein jour,Hors agglomération,Hors intersection,Normale,Deux véhicules - arrière,1,3,4,3,3,1,1,0,1,130,2,3,2,0,0,1,33.0,36.0,voiture,utilitaire_camion,1,1,1,1,2
201900041442,2019-04-05 07:30:00,2019,4,5,7,30,71,71117,RD 673 - PK 06+300,46.794098,4.924999,Crépuscule ou aube,Hors agglomération,Intersection en T,Brouillard / fumée,Deux véhicules - arrière,3,2,2,0,1,1,1,0,1,80,2,2,1,0,1,0,18.0,34.0,deux_roues,voiture,2,1,3,5,2
201900041443,2019-04-07 02:15:00,2019,4,7,2,15,22,22145,Rue des Granitiers,48.380703,-2.246152,Nuit sans éclairage public,Hors agglomération,Hors intersection,Pluie légère,Autre collision,4,2,2,0,1,2,2,0,3,80,1,2,0,0,0,2,20.0,,voiture,,3,1,1,2,6
201900041444,2019-04-04 16:20:00,2019,4,4,16,20,66,66141,avenue Torcatis,42.74476,2.91743,Plein jour,En agglomération,Hors intersection,Normale,Deux véhicules - côté,4,1,1,0,1,1,1,0,1,50,2,2,1,0,1,0,14.0,28.0,deux_roues,voiture,1,2,1,1,3
201900041445,2019-04-04 08:50:00,2019,4,4,8,50,69,69100,Rue du Broteau,45.68486,4.82996,Plein jour,En agglomération,Hors intersection,Pluie légère,Deux véhicules - frontale,4,2,2,0,1,1,1,0,1,50,2,2,1,0,0,1,40.0,32.0,voiture,voiture,1,2,1,2,1
201900041446,2019-04-06 18:25:00,2019,4,6,18,25,51,51537,RD 982 / RD 65,49.0015884,4.8794021,Plein jour,Hors agglomération,Intersection en X,Normale,Deux véhicules - côté,3,2,2,0,1,3,1,5,1,80,2,7,0,0,1,6,63.0,22.0,voiture,voiture,1,1,2,1,3
201900041447,2019-04-04 21:45:00,2019,4,4,21,45,51,51395,RD 248,48.6425334,3.564707,Nuit sans éclairage public,Hors agglomération,Hors intersection,Normale,Deux véhicules - frontale,3,2,2,0,2,4,1,0,1,80,2,5,1,0,3,1,43.0,23.0,voiture,voiture,3,1,1,1,1
201900041448,2019-03-31 15:30:00,2019,3,31,15,30,59,59262,route de poperinge,50.813771,2.657861,Plein jour,Hors agglomération,Intersection en T,Normale,Deux véhicules - côté,3,2,2,0,1,1,1,0,1,80,2,2,1,0,0,1,46.0,58.0,voiture,voiture,1,1,3,1,3
201900041449,2019-03-23 17:00:00,2019,3,23,17,0,74,74042,Route de Bouverat,46.069473,6.419985,Plein jour,En agglomération,Intersection en Y,Normale,Deux véhicules - côté,4,2,2,0,1,1,1,5,1,50,2,3,1,0,0,2,30.0,26.0,voiture,deux_roues,1,2,4,1,3
201900041450,2019-04-07 04:30:00,2019,4,7,4,30,74,74267,2830 Route d'Albertville (Sévrier),45.854242,6.143776,Nuit sans éclairage public,En agglomération,Hors intersection,Pluie légère,Sans collision,3,2,2,0,1,1,2,0,1,70,1,1,0,0,1,0,25.0,,deux_roues,,3,2,1,2,7
201900041451,2019-04-04 13:40:00,2019,4,4,13,40,67,67201,D40,48.827062,7.108108,Plein jour,Hors agglomération,Hors intersection,Pluie légère,Autre collision,3,2,2,0,2,1,2,0,3,-1,1,1,0,0,1,0,31.0,,voiture,,1,1,1,2,6
201900041452,2019-04-07 18:15:00,2019,4,7,18,15,79,79179,3 rue de la vendée,46.720975,-0.59107,Plein jour,En agglomération,Autre intersection,Temps éblouissant,Deux véhicules - frontale,4,2,2,0,1,1,1,0,1,50,2,2,1,0,1,0,21.0,15.0,voiture,deux_roues,1,2,9,7,1
201900041453,2019-04-06 22:10:00,2019,4,6,22,10,79,79005,Rue des Acacias,46.828584,-0.094682,Nuit avec éclairage allumé,En agglomération,Hors intersection,Normale,Sans collision,3,2,2,0,1,2,1,0,4,50,1,3,0,0,1,2,22.0,,voiture,,5,2,1,1,7
201900041454,2019-04-05 19:30:00,2019,4,5,19,30,79,79339,Les Garennes,46.590826,0.004957,Plein jour,Hors agglomération,Hors intersection,Normale,Sans collision,3,2,2,0,1,2,1,0,3,80,1,1,0,1,0,0,41.0,,deux_roues,,1,1,1,1,7
201900041455,2019-03-31 22:00:00,2019,3,31,22,0,79,79123,36 rue de la vendée,46.743351,-0.664615,Nuit avec éclairage non allumé,En agglomération,Intersection en T,Normale,Deux véhicules - côté,3,2,2,0,1,1,1,0,1,70,2,3,1,0,0,2,20.0,40.0,voiture,voiture,4,2,3,1,3
201900041456,2019-04-07 05:50:00,2019,4,7,5,50,79,79279,Chemin du maillet,46.221862,-0.173443,Nuit sans éclairage public,Hors agglomération,Hors intersection,Normale,Sans collision,4,2,2,0,2,4,1,0,1,80,1,1,0,0,1,0,41.0,,voiture,,3,1,1,1,7
201900041457,2019-04-05 16:00:00,2019,4,5,16,0,2A,2A085,intersection RT40 / D203,41.918611,8.8886,Plein jour,Hors agglomération,Intersection en T,Normale,Deux véhicules - côté,2,2,2,0,1,1,1,0,1,80,2,2,0,0,0,2,49.0,32.0,deux_roues,voiture,1,1,3,1,3
201900041458,2019-04-05 10:40:00,2019,4,5,10,40,2B,2B341,RT 20 - PK 70,42.229239,9.173006,Plein jour,En agglomération,Autre intersection,Normale,Deux véhicules - frontale,2,2,2,0,2,2,1,0,1,50,2,2,1,0,1,0,66.0,25.0,voiture,voiture,1,2,9,1,1
201900041459,2019-03-23 23:15:00,2019,3,23,23,15,2B,2B050,Route de l'aéoport,42.543129,8.789664,Nuit sans éclairage public,Hors agglomération,Hors intersection,Normale,Autre collision,3,2,2,0,1,2,1,0,3,70,1,1,0,1,0,0,28.0,,deux_roues,,3,1,1,1,6
201900041460,2019-04-06 17:45:00,2019,4,6,17,45,80,80525,7 rue de poix,49.767721,1.895372,Plein jour,En agglomération,Hors intersection,Normale,Sans collision,4,2,2,0,1,1,1,0,1,50,1,1,0,0,1,0,24.0,,deux_roues,,1,2,1,1,7
201900041461,2019-04-06 17:45:00,2019,4,6,17,45,80,80507,26 rue caron,49.851899,2.574434,Plein jour,En agglomération,Hors intersection,Normale,Autre collision,4,2,2,0,1,1,1,0,1,50,1,2,1,0,0,1,60.0,,voiture,,1,2,1,1,6
201900041462,2019-04-05 19:10:00,2019,4,5,19,10,82,82112,Route des Vergers,44.104119,1.120255,Plein jour,Hors agglomération,Hors intersection,Normale,Autre collision,3,2,2,0,1,1,1,0,3,70,1,1,0,0,1,0,45.0,,utilitaire_camion,,1,1,1,1,6
201900041463,2019-04-05 15:40:00,2019,4,5,15,40,33,33298,Gueyrosse,44.84967,-0.22802,Plein jour,En agglomération,Hors intersection,Normale,Autre collision,3,2,2,0,1,2,1,0,3,50,1,1,0,0,1,0,21.0,,voiture,,1,2,1,1,6
201900041464,2019-04-07 07:45:00,2019,4,7,7,45,33,33382,La Musette,45.119024,-0.527719,Crépuscule ou aube,Hors agglomération,Hors intersection,Normale,Autre collision,3,2,2,0,1,2,1,0,3,80,1,2,0,0,2,0,22.0,,voiture,,2,1,1,1,6
201900041465,2019-04-06 23:45:00,2019,4,6,23,45,32,32346,Lieu-dit La Cassagne,43.695619,0.27125,Nuit sans éclairage public,Hors agglomération,Hors intersection,Normale,Sans collision,3,2,2,0,3,1,1,0,3,80,1,1,0,0,1,0,56.0,,voiture,,3,1,1,1,7
201900041466,2019-04-06 00:45:00,2019,4,6,0,45,71,71359,RD 37,46.5352483,4.9802147,Nuit sans éclairage public,Hors agglomération,Hors intersection,Normale,Sans collision,3,2,2,0,1,1,1,0,3,80,1,4,2,0,0,2,,,,,3,1,1,1,7