accident_id,datetime,annee,mois,jour,heure,minute,departement,commune_insee,adresse,latitude,longitude,luminosite,agglomeration,intersection,meteo,collision,catr,circ,nbv,vosp,prof,plan,surf,infra,situ,vma,nb_vehicules,nb_usagers,nb_indemnes,nb_tues,nb_blesses_hosp,nb_blesses_legers,age_cond_1,age_cond_2,veh_type_cond_1,veh_type_cond_2,lum_code,agg_code,int_code,atm_code,col_code
201900041651,2019-07-18 20:05:00,2019,7,18,20,5,92,92073,ROOSVELT (AVENUE FRANKLIN),48.8755627,2.2178221,Plein jour,En agglomération,Intersection en T,Normale,Autre collision,3,3,4,0,2,2,1,0,1,50,1,1,0,0,0,1,92.0,,voiture,,1,2,3,1,6
201900041652,2019-07-16 18:30:00,2019,7,16,18,30,92,92072,PAVE DES GARDES (ROUTE DU),48.8122542,2.214992,Plein jour,En agglomération,Intersection à plus de 4 branches,Normale,Deux véhicules - côté,3,2,2,0,2,1,1,5,2,50,2,2,1,0,1,0,36.0,48.0,deux_roues,voiture,1,2,5,1,3
201900041653,2019-07-18 19:40:00,2019,7,18,19,40,92,92063,MOLIERE (RUE),48.87785,2.1895,Plein jour,En agglomération,Hors intersection,Normale,Deux véhicules - côté,4,2,1,0,1,1,1,0,1,50,2,2,1,0,0,1,50.0,52.0,voiture,deux_roues,1,2,1,1,3
201900041654,2019-07-19 17:50:00,2019,7,19,17,50,92,92051,PAULINE BORGHESE (RUE),48.88493,2.26827,Plein jour,En agglomération,Hors intersection,Autre,Deux véhicules - côté,4,1,1,0,1,1,1,0,1,50,2,2,1,0,0,1,47.0,6.0,voiture,deux_roues,1,2,1,9,3
201900041655,2019-07-18 14:20:00,2019,7,18,14,20,92,92051,"BINEAU (BOULEVARD, N°53 A 131 ET 52 A 13",48.8880261,2.2755271,Plein jour,En agglomération,Intersection en X,Normale,Deux véhicules - côté,3,3,2,0,1,1,1,5,1,50,2,2,1,0,0,1,55.0,60.0,deux_roues,voiture,1,2,2,1,3
201900041656,2019-07-19 11:56:00,2019,7,19,11,56,92,92050,29 AVENUE VLADIMIR ILLITCH,48.8878,2.19606,Plein jour,En agglomération,Hors intersection,Normale,Autre collision,4,2,3,0,1,1,1,0,1,50,1,2,1,0,0,1,41.0,,deux_roues,,1,2,1,1,6
201900041657,2019-07-12 20:45:00,2019,7,12,20,45,92,92050,LEGER FERNAND ALLEE,48.881,2.21748,Plein jour,En agglomération,Intersection en T,Normale,Deux véhicules - côté,4,1,0,0,1,2,1,0,1,50,2,3,2,0,0,1,27.0,22.0,voiture,voiture,1,2,3,1,3
201900041658,2019-07-19 16:10:00,2019,7,19,16,10,92,92049,BRIAND AVENUE ARISTIDE AUTRES N°,48.81267,2.3258,Plein jour,En agglomération,Hors intersection,Normale,Autre collision,3,1,3,0,1,1,1,0,1,50,1,2,0,0,0,2,22.0,,deux_roues,,1,2,1,1,6
201900041659,2019-07-18 09:00:00,2019,7,18,9,0,92,92009,VERDUN (AVENUE),48.916731,2.268235,Plein jour,En agglomération,Hors intersection,Normale,Autre collision,4,2,3,3,2,3,1,4,1,50,1,1,0,0,0,1,43.0,,deux_roues,,1,2,1,1,6
201900041660,2019-07-18 10:22:00,2019,7,18,10,22,92,92040,AUGUSTE GERVAIS,48.82349,2.27324,Plein jour,En agglomération,Hors intersection,Normale,Sans collision,3,2,2,0,2,1,1,0,1,50,1,1,0,0,0,1,26.0,,autre,,1,2,1,1,7
201900041661,2019-07-19 11:20:00,2019,7,19,11,20,92,92026,GENERAL AUDRAN,48.89009,2.25186,Plein jour,En agglomération,Intersection en T,Normale,Deux véhicules - côté,4,4,2,0,1,2,1,5,1,50,2,2,1,0,0,1,34.0,40.0,deux_roues,utilitaire_camion,1,2,3,1,3
201900041662,2019-07-14 08:17:00,2019,7,14,8,17,92,92026,VERDUN (DE 62 A FIN),48.903039,2.258207,Plein jour,En agglomération,Intersection en T,Normale,Deux véhicules - côté,3,2,4,3,1,1,1,0,1,50,2,2,1,0,0,1,38.0,45.0,voiture,deux_roues,1,2,3,1,3
201900041663,2019-07-18 11:05:00,2019,7,18,11,5,92,92025,PRESIDENT SALVADOR ALLENDE (RUE DU),48.922206,2.236044,Plein jour,En agglomération,Hors intersection,Normale,Autre collision,4,2,0,0,1,1,1,0,1,50,1,2,1,0,0,1,37.0,,voiture,,1,2,1,1,6
201900041664,2019-07-18 15:55:00,2019,7,18,15,55,92,92024,CLICHY (QUAI DE) DE (8 A 60),48.9083007,2.2996315,Plein jour,En agglomération,Intersection en X,Normale,Autre collision,3,1,4,0,1,1,1,5,1,50,1,2,1,0,0,1,30.0,,voiture,,1,2,2,1,6
201900041665,2019-07-15 14:00:00,2019,7,15,14,0,92,92024,NEUILLY (RUE DE) DE (3 A 36),48.89918,2.29668,Plein jour,En agglomération,Intersection en T,Normale,Autre collision,4,1,1,0,1,1,1,0,1,30,1,2,1,0,0,1,34.0,,voiture,,1,2,3,1,6
201900041666,2019-07-17 23:10:00,2019,7,17,23,10,92,92019,DIVISION LECLERC (AVENUE DE LA),48.76694,2.25396,Nuit avec éclairage allumé,En agglomération,Hors intersection,Normale,Deux véhicules - frontale,3,2,1,0,1,1,1,5,1,50,2,2,1,0,1,0,45.0,62.0,deux_roues,voiture,5,2,1,1,1
201900041667,2019-07-18 09:45:00,2019,7,18,9,45,92,92004,PONT D'ASNIERES,48.90495,2.2879,Plein jour,En agglomération,Intersection en X,Normale,Deux véhicules - côté,3,1,2,0,1,1,1,0,1,50,2,2,1,0,0,1,59.0,32.0,voiture,voiture,1,2,2,1,3
201900041668,2019-07-18 04:31:00,2019,7,18,4,31,92,92002,ARISTIDE BRIAND (AVENUE),48.7582646,2.3069068,Plein jour,En agglomération,Hors intersection,Normale,Autre collision,3,2,2,0,1,1,1,0,1,50,1,2,0,0,0,2,58.0,,utilitaire_camion,,1,2,1,1,6
201900041669,2019-07-18 02:45:00,2019,7,18,2,45,22,22259,Rue des Frères l'Hermitte,48.473625,-2.087815,Nuit sans éclairage public,Hors agglomération,Hors intersection,Normale,Deux véhicules - frontale,4,2,2,0,2,1,1,0,1,80,2,1,0,0,1,0,21.0,,deux_roues,,3,1,1,1,1
201900041670,2019-07-20 01:35:00,2019,7,20,1,35,17,17315,RD108,46.135818,-0.954938,Nuit sans éclairage public,Hors agglomération,Hors intersection,Normale,Sans collision,3,2,2,0,1,1,1,0,3,80,1,1,0,1,0,0,49.0,,deux_roues,,3,1,1,1,7
201900041671,2019-07-18 19:27:00,2019,7,18,19,27,68,68032,D83,47.837507,7.226533,Plein jour,Hors agglomération,Hors intersection,Normale,Deux véhicules - arrière,3,3,4,0,1,1,1,0,1,110,2,3,2,0,1,0,47.0,32.0,utilitaire_camion,deux_roues,1,1,1,1,2
201900041672,2019-07-18 20:35:00,2019,7,18,20,35,33,33334,Route des Graves,44.69288,-0.43196,Crépuscule ou aube,En agglomération,Intersection en X,Temps éblouissant,Deux véhicules - arrière,3,2,2,0,1,1,1,0,1,70,2,2,0,1,0,1,19.0,39.0,deux_roues,voiture,2,2,2,7,2
201900041673,2019-07-20 11:00:00,2019,7,20,11,0,49,49127,Les petites Pligères,47.671351,-0.24176,Plein jour,Hors agglomération,Hors intersection,Normale,Deux véhicules - frontale,4,2,2,0,1,2,1,0,1,80,2,4,2,0,1,1,40.0,38.0,voiture,voiture,1,1,1,1,1
201900041674,2019-07-21 15:30:00,2019,7,21,15,30,68,68044,CD148 - PK 09.300,48.172975,7.090351,Plein jour,Hors agglomération,Hors intersection,Normale,Autre collision,3,2,2,0,2,2,1,0,1,80,1,1,0,0,0,1,48.0,,deux_roues,,1,1,1,1,6
201900041675,2019-07-18 13:30:00,2019,7,18,13,30,10,10066,18 Rue Jean Thomas Bonnemain,48.258929,3.864978,Plein jour,En agglomération,Hors intersection,Normale,Autre collision,3,2,2,0,1,1,9,0,1,50,1,3,0,0,1,2,72.0,,voiture,,1,2,1,1,6
201900041676,2019-07-19 08:00:00,2019,7,19,8,0,974,97412,Chemin du Solitaire,-21.368617,55.600022,Plein jour,Hors agglomération,Hors intersection,Pluie légère,Deux véhicules - frontale,4,2,2,0,2,2,2,0,1,90,2,3,2,0,0,1,53.0,26.0,voiture,voiture,1,1,1,2,1
201900041677,2019-07-20 18:50:00,2019,7,20,18,50,974,97401,Route du Tevelave,-21.213699,55.353157,Nuit avec éclairage allumé,En agglomération,Hors intersection,Normale,Deux véhicules - côté,3,2,2,0,2,1,1,0,1,50,2,1,0,0,0,1,18.0,,deux_roues,,5,2,1,1,3
201900041678,2019-07-11 11:30:00,2019,7,11,11,30,972,97221,échangeur RD7,14.524178,-60.982363,Plein jour,En agglomération,Hors intersection,Normale,Autre collision,3,3,1,0,1,1,1,2,1,30,1,2,1,0,0,1,49.0,,voiture,,1,2,1,1,6
201900041679,2019-07-20 04:25:00,2019,7,20,4,25,11,11064,Départementale 212,43.119414,2.654235,Nuit sans éclairage public,Hors agglomération,Intersection en T,Normale,Autre collision,3,2,2,0,1,1,1,5,1,80,2,2,1,0,1,0,56.0,20.0,deux_roues,voiture,3,1,3,1,6
201900041680,2019-07-20 17:56:00,2019,7,20,17,56,60,60395,Rue Roger Salengro,49.2388159,2.1406139,Plein jour,En agglomération,Hors intersection,Normale,Sans collision,4,2,2,0,3,2,1,0,1,50,1,2,0,0,0,2,38.0,,deux_roues,,1,2,1,1,7
201900041681,2019-07-19 16:50:00,2019,7,19,16,50,68,68300,cd39,47.786397,7.433068,Plein jour,Hors agglomération,Hors intersection,Normale,Sans collision,3,2,2,0,1,3,1,0,1,30,1,1,0,0,0,1,24.0,,utilitaire_camion,,1,1,1,1,7
201900041682,2019-07-20 17:05:00,2019,7,20,17,5,67,67302,Rue de Dettwiller,48.7421145,7.3976666,Plein jour,En agglomération,Giratoire,Normale,Deux véhicules - côté,3,-1,2,0,1,1,1,0,4,80,2,3,1,0,0,2,22.0,41.0,voiture,voiture,1,2,6,1,3
201900041683,2019-07-21 17:33:00,2019,7,21,17,33,60,60176,Route de pierrefonds,49.247758,2.9004622,Plein jour,Hors agglomération,Intersection en Y,Normale,Sans collision,3,2,2,0,1,3,1,0,8,70,1,1,0,0,0,1,56.0,,deux_roues,,1,1,4,1,7
201900041684,2019-07-20 00:00:00,2019,7,20,0,0,83,83070,AVENUE DE PROVENCE,43.138112,6.362945,Nuit avec éclairage allumé,En agglomération,Hors intersection,Normale,Trois véhicules et plus - collisions multiples,3,2,2,0,1,2,1,0,1,50,4,6,3,1,0,2,15.0,47.0,deux_roues,voiture,5,2,1,1,5
201900041685,2019-07-21 02:50:00,2019,7,21,2,50,974,97413,Route Hubert Delisle,-21.181921,55.328102,Nuit sans éclairage public,Hors agglomération,Hors intersection,Normale,Autre collision,3,2,2,0,1,3,1,9,1,-1,1,4,0,0,3,1,24.0,,voiture,,3,1,1,1,6
201900041686,2019-07-20 18:30:00,2019,7,20,18,30,72,72350,47 rue de l'arche,47.887052,0.26994,Plein jour,En agglomération,Hors intersection,Normale,Sans collision,9,2,2,0,1,1,1,0,1,50,1,1,0,0,1,0,18.0,,deux_roues,,1,2,1,1,7
201900041687,2019-07-20 11:00:00,2019,7,20,11,0,2B,2B009,RT10 PK92,42.079646,9.476783,Plein jour,Hors agglomération,Hors intersection,Normale,Deux véhicules - côté,2,2,2,0,1,1,1,0,1,80,2,3,1,0,1,1,50.0,26.0,deux_roues,voiture,1,1,1,1,3
201900041688,2019-07-19 18:50:00,2019,7,19,18,50,41,41010,Route de Galette,47.848962,0.99542,Plein jour,En agglomération,Hors intersection,Normale,Deux véhicules - côté,3,2,2,0,1,1,1,0,1,50,2,2,1,0,1,0,47.0,16.0,voiture,deux_roues,1,2,1,1,3
201900041689,2019-07-14 14:30:00,2019,7,14,14,30,74,74263,Avenue de Bonnatrait,46.3337176,6.3894025,Plein jour,En agglomération,Intersection en Y,Normale,Deux véhicules - côté,3,2,2,0,2,1,1,0,1,50,2,3,2,0,1,0,70.0,23.0,deux_roues,voiture,1,2,4,1,3
201900041690,2019-07-18 13:15:00,2019,7,18,13,15,31,31157,Avenue du Général Leclerc Philippe de Hautecloque,43.539039,1.339499,Plein jour,En agglomération,Giratoire,Normale,Deux véhicules - côté,3,2,2,0,1,1,1,0,1,30,2,2,1,0,1,0,75.0,27.0,deux_roues,voiture,1,2,6,1,3
201900041691,2019-07-20 18:20:00,2019,7,20,18,20,57,57615,D674,49.032938,6.895097,Plein jour,Hors agglomération,Hors intersection,Normale,Deux véhicules - côté,3,2,2,0,1,1,2,0,1,80,2,4,0,2,0,2,54.0,25.0,voiture,voiture,1,1,1,1,3
201900041692,2019-07-18 22:45:00,2019,7,18,22,45,4,04126,RD 207,44.397866,6.348569,Nuit sans éclairage public,Hors agglomération,Hors intersection,Normale,Sans collision,3,2,2,0,2,1,1,0,3,80,1,1,0,0,1,0,23.0,,voiture,,3,1,1,1,7
201900041693,2019-07-20 04:15:00,2019,7,20,4,15,91,91225,Avenue de la Fontaine au Soulier,48.633228,2.46648,Nuit avec éclairage allumé,En agglomération,Hors intersection,Normale,Autre collision,3,2,2,0,1,1,1,0,1,-1,1,1,0,0,1,0,26.0,,deux_roues,,5,2,1,1,6
201900041694,2019-07-15 09:42:00,2019,7,15,9,42,51,51028,AVENUE PIERRE DUBOIS,49.0643583,4.0435115,Plein jour,En agglomération,Passage à niveau,Normale,Deux véhicules - côté,3,2,2,0,3,1,1,4,1,50,2,9,0,4,0,5,43.0,37.0,transport_commun,voiture,1,2,8,1,3
201900041695,2019-07-19 16:20:00,2019,7,19,16,20,19,19261,Lieu-Dit La Renardière,45.666858,2.192141,Plein jour,Hors agglomération,Hors intersection,Normale,Sans collision,3,2,2,0,2,2,9,0,1,80,1,1,0,0,1,0,34.0,,deux_roues,,1,1,1,1,7
201900041696,2019-12-11 18:05:00,2019,12,11,18,5,95,95134,D301,49.147869,2.248898,Nuit sans éclairage public,Hors agglomération,Hors intersection,Normale,Trois véhicules et plus - en chaîne,3,3,2,0,1,1,2,0,1,-1,3,4,2,0,1,1,26.0,40.0,deux_roues,voiture,3,1,1,1,4
201900041697,2019-12-11 21:00:00,2019,12,11,21,0,33,33385,D21,45.098365,-0.003068,Nuit sans éclairage public,Hors agglomération,Hors intersection,Pluie forte,Trois véhicules et plus - collisions multiples,3,2,2,0,1,1,2,0,1,80,3,5,2,0,2,1,22.0,44.0,voiture,voiture,3,1,1,3,5
201900041698,2019-12-12 07:45:00,2019,12,12,7,45,59,59046,3 Route d'Oost-cappel,50.907538,2.557074,Crépuscule ou aube,Hors agglomération,Hors intersection,Autre,Deux véhicules - frontale,3,2,2,0,1,2,7,0,1,80,2,2,1,0,1,0,37.0,61.0,voiture,utilitaire_camion,2,1,1,9,1
201900041699,2019-12-06 07:35:00,2019,12,6,7,35,34,34270,D132e2,43.588149,3.825249,Plein jour,Hors agglomération,Hors intersection,Normale,Autre collision,3,2,2,0,1,1,1,0,1,80,2,2,1,0,1,0,42.0,69.0,deux_roues,utilitaire_camion,1,1,1,1,6
201900041700,2019-12-11 17:00:00,2019,12,11,17,0,57,57155,31 Avenue de la Libération,49.108979,6.398072,Nuit avec éclairage allumé,En agglomération,Hors intersection,Pluie forte,Autre collision,3,2,2,0,1,1,2,0,1,50,1,2,1,1,0,0,23.0,,voiture,,5,2,1,3,6
201900041701,2019-12-12 08:20:00,2019,12,12,8,20,62,62829,D917,50.049737,2.905376,Plein jour,Hors agglomération,Hors intersection,Temps couvert,Deux véhicules - frontale,3,2,2,0,1,2,7,0,1,80,2,2,0,1,0,1,49.0,40.0,voiture,voiture,1,1,1,8,1
201900041702,2019-12-11 19:00:00,2019,12,11,19,0,56,56251,Rue du Golfe RD7,47.618999,-2.681358,Nuit sans éclairage public,Hors agglomération,Hors intersection,Normale,Trois véhicules et plus - collisions multiples,3,2,2,0,1,3,2,0,1,70,3,3,1,0,0,2,40.0,46.0,voiture,voiture,3,1,1,1,5
201900041703,2019-12-12 00:55:00,2019,12,12,0,55,61,61167,D14,48.838729,0.473636,Nuit sans éclairage public,Hors agglomération,Hors intersection,Pluie légère,Autre collision,3,2,2,0,2,2,2,0,3,80,1,2,0,0,1,1,23.0,,voiture,,3,1,1,2,6
201900041704,2019-12-10 16:17:00,2019,12,10,16,17,68,68163,Rue du Moulin,47.653809,7.505076,Crépuscule ou aube,En agglomération,Hors intersection,Normale,Deux véhicules - côté,4,2,2,0,3,1,1,0,4,50,2,3,2,0,0,1,17.0,20.0,deux_roues,voiture,2,2,1,1,3
201900041705,2019-12-10 18:45:00,2019,12,10,18,45,35,35272,D178,48.014404,-1.197887,Nuit avec éclairage non allumé,Hors agglomération,Hors intersection,Pluie légère,Autre collision,3,2,2,0,1,1,2,0,1,80,1,2,1,1,0,0,50.0,,voiture,,4,1,1,2,6
201900041706,2019-12-07 09:30:00,2019,12,7,9,30,38,38399,D518,45.473493,5.147183,Plein jour,Hors agglomération,Hors intersection,Normale,Autre collision,3,2,2,0,2,3,1,0,3,80,1,2,0,0,0,2,18.0,,voiture,,1,1,1,1,6
201900041707,2019-12-12 09:55:00,2019,12,12,9,55,2,02065,D1044,49.974944,3.233293,Plein jour,Hors agglomération,Hors intersection,Normale,Deux véhicules - frontale,3,2,2,0,1,1,2,0,1,80,2,3,2,0,0,1,63.0,66.0,voiture,voiture,1,1,1,1,1
201900041708,2019-12-11 17:25:00,2019,12,11,17,25,1,01265,2 Rue du Lyonnais,46.170668,5.576139,Nuit avec éclairage allumé,En agglomération,Giratoire,Normale,Autre collision,3,2,2,0,1,1,2,5,4,-1,1,2,1,0,0,1,47.0,,utilitaire_camion,,5,2,6,1,6
201900041709,2019-12-10 21:00:00,2019,12,10,21,0,58,58083,Place de l'Hotel de Ville,47.257407,3.684213,Nuit avec éclairage allumé,En agglomération,Intersection en X,Normale,Deux véhicules - côté,3,2,2,0,1,3,2,0,1,50,2,2,1,0,1,0,17.0,66.0,deux_roues,voiture,5,2,2,1,3
201900041710,2019-12-09 17:30:00,2019,12,9,17,30,54,54288,D908,48.740208,5.802341,Nuit sans éclairage public,Hors agglomération,Hors intersection,Pluie légère,Trois véhicules et plus - en chaîne,3,2,2,0,1,1,2,0,1,-1,3,3,2,0,0,1,61.0,24.0,voiture,voiture,3,1,1,2,4
201900041711,2019-12-12 13:00:00,2019,12,12,13,0,6,06079,520 Avenue Janvier Passero,43.550828,6.938181,Plein jour,En agglomération,Hors intersection,Normale,Autre collision,4,2,2,0,1,1,1,0,1,50,1,2,1,0,0,1,57.0,,voiture,,1,2,1,1,6
201900041712,2019-12-12 11:00:00,2019,12,12,11,0,6,06079,13 avenue frédéric mistral,43.549111,6.926642,Plein jour,En agglomération,Hors intersection,Normale,Sans collision,4,2,2,0,2,2,1,0,1,-1,1,1,0,0,1,0,34.0,,utilitaire_camion,,1,2,1,1,7
201900041713,2019-12-12 09:45:00,2019,12,12,9,45,6,06079,195 Avenue Janvier Passero,43.548335,6.938521,Plein jour,En agglomération,Hors intersection,Normale,Autre collision,4,2,2,0,1,1,1,0,1,50,1,2,1,0,1,0,42.0,,voiture,,1,2,1,1,6
201900041714,2019-12-12 09:20:00,2019,12,12,9,20,45,45016,D51 - les planches,47.6036,2.590645,Plein jour,Hors agglomération,Hors intersection,Pluie légère,Deux véhicules - frontale,3,2,2,0,4,1,2,0,1,80,2,2,0,0,1,1,19.0,22.0,voiture,voiture,1,1,1,2,1
201900041715,2019-12-11 20:20:00,2019,12,11,20,20,64,64405,Avenue de la Résistance,43.3359289,-0.2760197,Nuit avec éclairage allumé,En agglomération,Hors intersection,Pluie forte,Deux véhicules - frontale,3,2,2,0,3,2,2,0,1,-1,2,2,0,1,1,0,49.0,61.0,voiture,voiture,5,2,1,3,1
201900041716,2019-12-11 21:04:00,2019,12,11,21,4,16,16101,6 Route de Blanzac,45.55352,0.043613,Nuit avec éclairage allumé,En agglomération,Hors intersection,Pluie légère,Autre collision,3,2,2,0,1,1,2,0,3,30,1,1,0,1,0,0,23.0,,voiture,,5,2,1,2,6
201900041717,2019-12-12 18:35:00,2019,12,12,18,35,7,07269,D237,44.931492,4.358214,Nuit avec éclairage non allumé,En agglomération,Hors intersection,Pluie légère,Autre collision,3,2,2,0,1,2,2,0,3,50,1,1,0,0,0,1,54.0,,voiture,,4,2,1,2,6
201900041718,2019-12-11 11:10:00,2019,12,11,11,10,53,53186,2 Rue de Laval,47.925012,-0.80356,Plein jour,En agglomération,Intersection en T,Normale,Autre collision,3,2,2,0,1,1,2,5,1,50,1,2,1,0,1,0,53.0,,utilitaire_camion,,1,2,3,1,6
201900041719,2019-12-10 14:15:00,2019,12,10,14,15,40,40126,23 Route de Dax,43.701845,-0.927226,Plein jour,En agglomération,Hors intersection,Normale,Autre collision,3,2,2,0,1,1,1,5,1,50,1,2,1,0,1,0,84.0,,voiture,,1,2,1,1,6
201900041720,2019-12-12 12:55:00,2019,12,12,12,55,40,40287,Avenue de Parentis,44.449618,-1.070998,Plein jour,Hors agglomération,Hors intersection,Pluie forte,Sans collision,3,2,2,0,1,1,2,0,3,80,1,1,0,0,1,0,30.0,,utilitaire_camion,,1,1,1,3,7
201900041721,2019-12-11 12:45:00,2019,12,11,12,45,4,04116,RD 4 La croix,44.038055,5.995922,Plein jour,Hors agglomération,Intersection en X,Normale,Deux véhicules - côté,3,2,2,0,1,1,1,0,1,80,2,4,2,0,0,2,77.0,61.0,voiture,voiture,1,1,2,1,3
201900041722,2019-12-12 13:45:00,2019,12,12,13,45,87,87122,D220,46.051565,1.358592,Plein jour,Hors agglomération,Hors intersection,Pluie légère,Deux véhicules - frontale,3,2,2,0,2,2,2,0,1,80,2,3,2,1,0,0,89.0,47.0,voiture,voiture,1,1,1,2,1
201900041723,2019-12-12 08:12:00,2019,12,12,8,12,37,37267,route de tours,47.360939,0.804544,Plein jour,En agglomération,Intersection en T,Pluie légère,Sans collision,3,2,3,0,1,1,2,5,3,50,1,1,0,0,1,0,18.0,,voiture,,1,2,3,2,7
201900041724,2019-12-12 13:35:00,2019,12,12,13,35,37,37109,Rue François Rabelais,47.4036904,0.6031199,Plein jour,En agglomération,Hors intersection,Pluie légère,Deux véhicules - côté,4,2,2,0,1,1,2,0,1,50,2,2,1,0,1,0,6.0,38.0,deux_roues,autre,1,2,1,2,3
201900041725,2019-12-09 18:10:00,2019,12,9,18,10,30,30305,Route d'Alès,44.16691,4.130687,Nuit sans éclairage public,Hors agglomération,Hors intersection,Normale,Deux véhicules - arrière,3,2,2,0,1,1,1,0,1,70,2,2,1,0,1,0,58.0,25.0,voiture,utilitaire_camion,3,1,1,1,2
201900041726,2019-12-12 17:51:00,2019,12,12,17,51,48,48092,2 Avenue Théophile Roussel,44.555636,3.291004,Nuit avec éclairage allumé,En agglomération,Hors intersection,Pluie légère,Autre collision,3,2,2,0,1,1,2,0,1,50,1,1,0,0,0,1,,,,,5,2,1,2,6
201900041727,2019-12-08 22:40:00,2019,12,8,22,40,973,97307,Route Nationale 2,4.886016,-52.335329,Nuit avec éclairage allumé,En agglomération,Intersection en X,Pluie forte,Autre collision,2,2,2,0,1,1,2,0,1,50,1,2,1,0,1,0,38.0,,voiture,,5,2,2,3,6
201900041728,2019-12-11 23:40:00,2019,12,11,23,40,973,97307,N2,4.8587919,-52.3339319,Nuit sans éclairage public,Hors agglomération,Hors intersection,Pluie légère,Autre collision,2,2,2,1,2,1,2,0,3,80,1,1,0,1,0,0,51.0,,voiture,,3,1,1,2,6
201900041729,2019-12-10 06:30:00,2019,12,10,6,30,973,97309,Avenue Tropicana,4.9074217,-52.2678781,Plein jour,En agglomération,Intersection en T,Normale,Deux véhicules - frontale,3,2,2,0,1,1,1,0,1,50,2,3,1,0,1,1,33.0,44.0,voiture,deux_roues,1,2,3,1,1
201900041730,2019-12-11 05:35:00,2019,12,11,5,35,17,17116,A10,45.418846,-0.603305,Nuit sans éclairage public,Hors agglomération,Hors intersection,Temps couvert,Deux véhicules - arrière,1,3,4,0,1,1,2,0,1,100,2,11,6,0,0,5,53.0,61.0,utilitaire_camion,transport_commun,3,1,1,8,2
201900041731,2019-12-12 07:05:00,2019,12,12,7,5,57,57762,A4,49.133202,6.577849,Nuit sans éclairage public,Hors agglomération,Hors intersection,Pluie légère,Deux véhicules - arrière,1,3,4,0,1,1,2,0,1,130,2,2,1,0,1,0,24.0,34.0,utilitaire_camion,utilitaire_camion,3,1,1,2,2
201900041732,2019-12-07 18:35:00,2019,12,7,18,35,38,38486,Avenue Louis Vicat,45.155304,5.689135,Nuit avec éclairage allumé,En agglomération,Hors intersection,Normale,Deux véhicules - côté,9,2,2,2,2,1,1,0,1,50,2,4,3,0,0,1,28.0,58.0,voiture,voiture,5,2,1,1,3
201900041733,2019-12-09 11:00:00,2019,12,9,11,0,45,45154,A10,48.0242053,1.841247,Plein jour,Hors agglomération,Hors intersection,Pluie forte,Trois véhicules et plus - en chaîne,1,3,4,0,1,1,2,0,1,110,3,4,2,0,1,1,26.0,26.0,voiture,voiture,1,1,1,3,4
201900041734,2019-12-12 01:00:00,2019,12,12,1,0,62,62708,Autoroute A1,50.099459,2.871347,Nuit sans éclairage public,Hors agglomération,Hors intersection,Normale,Deux véhicules - arrière,1,1,3,0,1,1,1,0,1,130,2,2,1,0,1,0,50.0,57.0,utilitaire_camion,utilitaire_camion,3,1,1,1,2
201900041735,2019-12-11 17:05:00,2019,12,11,17,5,37,37011,26 Rue Marcel Vignaud,47.2051739,0.1826423,Crépuscule ou aube,En agglomération,Hors intersection,Pluie légère,Autre collision,3,2,2,3,1,1,2,6,1,30,1,2,1,0,0,1,23.0,,voiture,,2,2,1,2,6
201900041736,2019-12-11 16:30:00,2019,12,11,16,30,83,83107,,43.455024,6.690369,Crépuscule ou aube,Hors agglomération,Hors intersection,Normale,Deux véhicules - arrière,3,3,4,0,1,3,1,0,1,50,2,2,0,0,0,2,24.0,55.0,voiture,voiture,2,1,1,1,2
201900041737,2019-12-11 17:50:00,2019,12,11,17,50,13,13101,chemin des rampauds,43.41284,5.524195,Nuit sans éclairage public,En agglomération,Hors intersection,Pluie légère,Autre collision,4,2,1,0,1,1,2,0,1,50,1,2,1,0,1,0,57.0,,voiture,,3,2,1,2,6
201900041738,2019-12-10 08:45:00,2019,12,10,8,45,21,21021,1 Rue des Chézeaux,47.342011,5.180067,Crépuscule ou aube,En agglomération,Intersection en T,Temps couvert,Autre collision,4,2,2,0,1,1,1,0,1,50,1,2,1,0,0,1,70.0,,voiture,,2,2,3,8,6
201900041739,2019-12-12 12:10:00,2019,12,12,12,10,88,88196,Boulevard de Saint-dié,48.071842,6.881765,Plein jour,En agglomération,Hors intersection,Normale,Autre collision,3,2,2,0,2,1,2,0,1,50,2,2,1,0,1,0,53.0,57.0,deux_roues,voiture,1,2,1,1,6
201900041740,2019-12-12 07:50:00,2019,12,12,7,50,88,88321,22 Rue Paul Mélin,48.363174,5.696796,Nuit avec éclairage allumé,En agglomération,Intersection en X,Pluie légère,Autre collision,4,2,2,0,2,1,2,0,1,50,1,2,1,0,1,0,34.0,,voiture,,5,2,2,2,6
201900041741,2019-12-12 00:30:00,2019,12,12,0,30,88,88321,Place Albert Voilquin,48.356894,5.692477,Nuit avec éclairage allumé,En agglomération,Giratoire,Pluie légère,Deux véhicules - côté,3,1,1,0,1,1,2,5,1,50,2,3,1,0,1,1,72.0,21.0,utilitaire_camion,voiture,5,2,6,2,3
201900041742,2019-12-12 06:50:00,2019,12,12,6,50,79,79184,,46.350054,-0.128897,Nuit sans éclairage public,Hors agglomération,Hors intersection,Pluie légère,Sans collision,3,2,2,0,2,4,2,0,3,80,1,1,0,1,0,0,54.0,,voiture,,3,1,1,2,7