accident_id,datetime,annee,mois,jour,heure,minute,departement,commune_insee,adresse,latitude,longitude,luminosite,agglomeration,intersection,meteo,collision,catr,circ,nbv,vosp,prof,plan,surf,infra,situ,vma,nb_vehicules,nb_usagers,nb_indemnes,nb_tues,nb_blesses_hosp,nb_blesses_legers,age_cond_1,age_cond_2,veh_type_cond_1,veh_type_cond_2,lum_code,agg_code,int_code,atm_code,col_code
201900041924,2019-05-09 22:15:00,2019,5,9,22,15,94,94076,CHARDONS (AV DES),48.785,2.373,Nuit avec éclairage allumé,En agglomération,Hors intersection,Normale,Deux véhicules - arrière,4,1,1,0,1,1,1,0,1,30,2,1,0,0,0,1,19.0,,voiture,,5,2,1,1,2
201900041925,2019-05-06 12:50:00,2019,5,6,12,50,94,94076,JEAN BAPTISTE CLEMENT (R),48.7969,2.3716,Plein jour,En agglomération,Intersection en T,Normale,Deux véhicules - arrière,4,1,1,0,1,1,1,6,1,50,2,2,1,0,0,1,26.0,31.0,deux_roues,voiture,1,2,3,1,2
201900041926,2019-05-05 19:35:00,2019,5,5,19,35,94,94003,PAUL VAILLANT COUTURIER (AV),48.8105,2.33054,Plein jour,En agglomération,Giratoire,Temps couvert,Deux véhicules - côté,3,2,2,0,2,1,1,0,1,50,2,2,1,0,1,0,39.0,25.0,utilitaire_camion,deux_roues,1,2,6,8,3
201900041927,2019-05-05 04:55:00,2019,5,5,4,55,94,94003,PAUL VAILLANT COUTURIER (AV),48.812,2.34277,Nuit avec éclairage allumé,En agglomération,Intersection en X,Normale,Deux véhicules - côté,3,1,2,0,1,1,1,5,1,50,2,2,0,0,2,0,44.0,62.0,deux_roues,utilitaire_camion,5,2,2,1,3
201900041928,2019-05-29 20:55:00,2019,5,29,20,55,94,94041,SPINOZA (AV),48.81177,2.39005,Plein jour,En agglomération,Hors intersection,Normale,Deux véhicules - arrière,4,1,1,0,1,1,1,0,1,50,2,3,1,0,0,2,24.0,41.0,deux_roues,voiture,1,2,1,1,2
201900041929,2019-05-15 17:00:00,2019,5,15,17,0,94,94041,AUGUSTE DESHAIES (QU),48.81889,2.39944,Plein jour,En agglomération,Hors intersection,Normale,Deux véhicules - arrière,3,2,3,0,3,1,1,0,1,50,2,2,1,0,0,1,35.0,41.0,voiture,voiture,1,2,1,1,2
201900041930,2019-05-10 17:00:00,2019,5,10,17,0,94,94041,STALINGRAD (BD DE),48.80461,2.37714,Plein jour,En agglomération,Hors intersection,Pluie légère,Autre collision,3,1,1,0,1,1,2,9,1,50,1,1,0,0,0,1,74.0,,voiture,,1,2,1,2,6
201900041931,2019-05-04 17:50:00,2019,5,4,17,50,94,94041,FRANCOIS MITTERAND,48.824,2.387,Plein jour,En agglomération,Autre intersection,Normale,Deux véhicules - côté,6,1,2,0,1,1,1,1,1,30,2,2,1,0,1,0,37.0,37.0,voiture,utilitaire_camion,1,2,9,1,3
201900041932,2019-05-03 10:00:00,2019,5,3,10,0,94,94041,VERDUN (AV DE),48.80707,2.37516,Plein jour,En agglomération,Hors intersection,Normale,Autre collision,3,1,2,0,1,1,1,8,1,50,1,2,1,0,0,1,65.0,,voiture,,1,2,1,1,6
201900041933,2019-05-29 08:35:00,2019,5,29,8,35,94,94021,D'AGEN (RUE),48.76164,2.3512,Plein jour,En agglomération,Hors intersection,Normale,Autre collision,9,1,2,0,1,1,1,9,1,50,1,2,1,0,0,1,39.0,,utilitaire_camion,,1,2,1,1,6
201900041934,2019-05-28 18:00:00,2019,5,28,18,0,94,94034,PAUL VAILLANT COUTURIER (AV),48.76044,2.31818,Plein jour,En agglomération,Hors intersection,Normale,Trois véhicules et plus - collisions multiples,4,1,3,0,1,1,1,0,1,50,3,4,1,0,0,3,60.0,35.0,deux_roues,voiture,1,2,1,1,5
201900041935,2019-05-26 11:50:00,2019,5,26,11,50,94,94073,MARCEL CERDAN (RUE),48.76674,2.38115,Plein jour,En agglomération,Hors intersection,Temps éblouissant,Autre collision,4,2,2,0,1,1,1,0,1,30,1,2,1,0,0,1,80.0,,voiture,,1,2,1,7,6
201900041936,2019-05-25 14:20:00,2019,5,25,14,20,94,94021,STALINGRAD (AV DE),48.77022,2.36772,Plein jour,En agglomération,Hors intersection,Normale,Deux véhicules - côté,3,-1,0,1,1,1,1,9,1,50,2,2,1,0,0,1,38.0,19.0,deux_roues,deux_roues,1,2,1,1,3
201900041937,2019-05-24 09:30:00,2019,5,24,9,30,94,94065,CHARLES LINDBERGH (AV),48.749428,2.35588,Plein jour,En agglomération,Hors intersection,Normale,Deux véhicules - côté,3,-1,4,0,1,1,1,7,1,50,2,2,1,0,0,1,42.0,24.0,deux_roues,utilitaire_camion,1,2,1,1,3
201900041938,2019-05-23 08:25:00,2019,5,23,8,25,94,94034,PARC DES SPORTS (AV DU),48.74981,2.32286,Plein jour,En agglomération,Hors intersection,Normale,Autre collision,4,2,2,0,1,1,1,9,1,30,1,2,0,0,1,1,28.0,,voiture,,1,2,1,1,6
201900041939,2019-05-22 16:20:00,2019,5,22,16,20,94,94073,VERSAILLES (AV DE),48.7539,2.3794,Plein jour,En agglomération,Autre intersection,Normale,Deux véhicules - côté,3,1,2,0,2,3,1,0,1,90,2,2,1,0,0,1,55.0,51.0,voiture,deux_roues,1,2,9,1,3
201900041940,2019-05-20 08:20:00,2019,5,20,8,20,94,94073,BAS MARIN (R DU),48.75384,2.38665,Plein jour,En agglomération,Hors intersection,Pluie légère,Deux véhicules - frontale,3,2,4,0,1,1,2,0,1,50,2,3,1,0,0,2,24.0,42.0,voiture,voiture,1,2,1,2,1
201900041941,2019-05-17 08:45:00,2019,5,17,8,45,94,94038,PAUL HOCHART (R),48.77725,2.36121,Plein jour,En agglomération,Hors intersection,Normale,Autre collision,4,2,2,0,1,1,1,0,1,50,1,2,1,0,0,1,43.0,,voiture,,1,2,1,1,6
201900041942,2019-05-15 18:10:00,2019,5,15,18,10,94,94021,RUE PAUL HOCHART,48.77331,2.36131,Plein jour,En agglomération,Hors intersection,Normale,Deux véhicules - arrière,4,2,2,0,1,1,1,0,1,50,2,2,1,0,0,1,23.0,57.0,voiture,voiture,1,2,1,1,2
201900041943,2019-05-12 09:30:00,2019,5,12,9,30,94,94021,PEPINIERES (AV),48.767,2.34985,Plein jour,En agglomération,Hors intersection,Normale,Deux véhicules - côté,4,1,2,0,1,1,1,0,1,50,2,2,1,0,0,1,49.0,13.0,voiture,deux_roues,1,2,1,1,3
201900041944,2019-05-11 12:45:00,2019,5,11,12,45,94,94073,RENE PANHARD (AV),48.76397,2.3956,Plein jour,En agglomération,Hors intersection,Pluie légère,Deux véhicules - frontale,3,-1,2,0,2,2,2,0,1,50,2,6,2,0,0,4,17.0,38.0,utilitaire_camion,utilitaire_camion,1,2,1,2,1
201900041945,2019-05-07 22:55:00,2019,5,7,22,55,94,94073,LUXEMBOURG (AV DU),48.7558,2.37402,Nuit avec éclairage allumé,En agglomération,Intersection en X,Normale,Deux véhicules - côté,6,-1,0,0,1,1,1,0,1,20,2,4,2,0,0,2,27.0,32.0,voiture,voiture,5,2,2,1,3
201900041946,2019-05-06 17:00:00,2019,5,6,17,0,94,94021,GEORGES GUYNEMER (AV),48.76405,2.33921,Plein jour,En agglomération,Hors intersection,Temps couvert,Deux véhicules - arrière,3,3,2,0,1,1,1,0,1,50,2,2,1,0,0,1,52.0,43.0,deux_roues,utilitaire_camion,1,2,1,8,2
201900041947,2019-05-05 17:50:00,2019,5,5,17,50,94,94073,VERSAILLES (AV DE),48.7583,2.39292,Plein jour,En agglomération,Intersection en X,Normale,Deux véhicules - côté,3,-1,3,0,2,1,2,0,1,50,2,2,1,0,1,0,63.0,28.0,voiture,deux_roues,1,2,2,1,3
201900041948,2019-05-04 19:30:00,2019,5,4,19,30,94,94038,GENERAL DE GAULLE (AV DU),48.78355,2.34557,Plein jour,En agglomération,Autre intersection,Pluie légère,Deux véhicules - côté,3,4,2,0,1,1,2,5,1,30,2,5,0,0,0,5,31.0,44.0,utilitaire_camion,utilitaire_camion,1,2,9,2,3
201900041949,2019-05-03 04:40:00,2019,5,3,4,40,94,94065,VANNE (R DE LA),48.75603,2.351061,Nuit avec éclairage allumé,En agglomération,Hors intersection,Normale,Sans collision,4,1,1,0,1,1,1,0,1,50,1,1,0,0,0,1,68.0,,utilitaire_camion,,5,2,1,1,7
201900041950,2019-04-29 17:10:00,2019,4,29,17,10,94,94011,ROSTAND.(RUE JEAN),48.76667,2.48447,Plein jour,En agglomération,Hors intersection,Normale,Deux véhicules - côté,4,2,2,0,1,3,1,0,1,50,2,2,1,0,0,1,27.0,18.0,voiture,voiture,1,2,1,1,3
201900041951,2019-05-29 07:15:00,2019,5,29,7,15,94,94033,REPUBLIQUE (AV DE LA),48.85253,2.46511,Plein jour,En agglomération,Intersection à plus de 4 branches,Normale,Deux véhicules - côté,4,2,2,0,2,1,1,0,1,50,2,1,0,0,0,1,25.0,,voiture,,1,2,5,1,3
201900041952,2019-05-22 19:10:00,2019,5,22,19,10,94,94033,LOUISON BOBET (AV),48.8524,2.48991,Plein jour,En agglomération,Hors intersection,Normale,Deux véhicules - côté,3,1,2,0,1,1,1,0,1,50,2,3,2,0,0,1,63.0,45.0,voiture,utilitaire_camion,1,2,1,1,3
201900041953,2019-05-16 19:00:00,2019,5,16,19,0,94,94033,PEPINIERE (AV DE LA),48.84532,2.45112,Plein jour,En agglomération,Intersection en X,Normale,Deux véhicules - arrière,4,2,2,0,1,1,1,0,1,50,2,2,1,0,0,1,24.0,43.0,deux_roues,deux_roues,1,2,2,1,2
201900041954,2019-05-10 08:10:00,2019,5,10,8,10,94,94033,CARNOT (R),48.853343,2.492017,Plein jour,En agglomération,Hors intersection,Normale,Deux véhicules - côté,3,2,4,0,1,1,1,0,1,50,2,2,1,0,0,1,42.0,34.0,voiture,deux_roues,1,2,1,1,3
201900041955,2019-05-09 12:10:00,2019,5,9,12,10,94,94033,VERDUN (BD DE),48.8539,2.46949,Plein jour,En agglomération,Hors intersection,Temps couvert,Autre collision,3,2,1,0,1,1,2,0,1,50,1,2,1,0,0,1,91.0,,voiture,,1,2,1,8,6
201900041956,2019-05-01 15:45:00,2019,5,1,15,45,94,94033,MAXIMILIEN ROBESPIERRE (R),48.8493,2.48505,Plein jour,En agglomération,Hors intersection,Normale,Autre collision,9,1,2,0,1,1,1,6,1,30,1,2,1,0,0,1,19.0,,deux_roues,,1,2,1,1,6
201900041957,2019-05-29 18:30:00,2019,5,29,18,30,94,94028,FOCH(AVENUE DU MARECHAL),48.777,2.4384,Plein jour,En agglomération,Hors intersection,Normale,Deux véhicules - arrière,2,3,3,0,1,1,1,0,1,50,2,2,1,0,0,1,35.0,41.0,deux_roues,voiture,1,2,1,1,2
201900041958,2019-05-25 16:45:00,2019,5,25,16,45,94,94028,FRANCE LIBRE(AVENUE DE LA),48.77968,2.45508,Plein jour,En agglomération,Hors intersection,Pluie légère,Autre collision,4,2,2,0,1,1,2,2,1,50,1,2,1,0,0,1,71.0,,voiture,,1,2,1,2,6
201900041959,2019-05-23 17:54:00,2019,5,23,17,54,94,94028,SARRAIL.(RUE DU GENERAL),48.79468,2.45601,Plein jour,En agglomération,Autre intersection,Normale,Deux véhicules - côté,4,2,1,0,1,1,1,5,1,50,2,2,1,0,0,1,70.0,56.0,deux_roues,voiture,1,2,9,1,3
201900041960,2019-05-22 13:20:00,2019,5,22,13,20,94,94028,FOCH(AVENUE DU MARECHAL),48.7751,2.43911,Plein jour,En agglomération,Hors intersection,Normale,Trois véhicules et plus - en chaîne,2,1,2,0,1,1,1,0,1,70,3,3,1,0,0,2,32.0,37.0,utilitaire_camion,voiture,1,2,1,1,4
201900041961,2019-05-21 19:40:00,2019,5,21,19,40,94,94028,DEMENITROUX(RUE MAURICE),48.78,2.45,Plein jour,En agglomération,Hors intersection,Normale,Deux véhicules - côté,4,2,2,0,1,1,1,0,1,50,2,2,1,0,0,1,23.0,20.0,deux_roues,voiture,1,2,1,1,3
201900041962,2019-05-20 13:45:00,2019,5,20,13,45,94,94028,CHOISY(ROUTE DE),48.78347,2.4472,Plein jour,En agglomération,Hors intersection,Temps couvert,Deux véhicules - arrière,3,1,6,0,1,1,1,0,1,50,2,2,1,0,0,1,31.0,26.0,voiture,voiture,1,2,1,8,2
201900041963,2019-05-14 17:45:00,2019,5,14,17,45,94,94028,MECHES.(RUE DES),48.79164,2.45587,Plein jour,En agglomération,Hors intersection,Normale,Deux véhicules - côté,3,1,2,0,1,1,1,0,1,50,2,2,1,0,0,1,85.0,68.0,voiture,voiture,1,2,1,1,3
201900041964,2019-05-13 11:00:00,2019,5,13,11,0,94,94028,VERDUN.(AVENUE DE),48.7992351,2.4664367,Plein jour,En agglomération,Hors intersection,Normale,Sans collision,3,3,6,0,4,2,1,8,1,50,1,2,0,0,1,1,30.0,,deux_roues,,1,2,1,1,7
201900041965,2019-05-11 11:00:00,2019,5,11,11,0,94,94068,JEAN BART (R),48.79144,2.47753,Plein jour,En agglomération,Autre intersection,Normale,Autre collision,5,-1,0,0,2,1,2,9,1,10,1,1,0,0,1,0,,,,,1,2,9,1,6
201900041966,2019-05-11 03:00:00,2019,5,11,3,0,94,94011,CATALAS.(RUE JEAN),48.76299,2.47956,Nuit avec éclairage allumé,En agglomération,Intersection à plus de 4 branches,Pluie forte,Deux véhicules - côté,3,2,2,0,1,2,2,0,1,50,2,1,0,0,0,1,42.0,,voiture,,5,2,5,3,3
201900041967,2019-04-29 20:35:00,2019,4,29,20,35,94,94028,MAGELLAN (AVENUE),48.7689,2.4547,Crépuscule ou aube,En agglomération,Autre intersection,Normale,Trois véhicules et plus - en chaîne,4,2,1,0,1,1,1,0,1,50,3,3,2,0,0,1,45.0,25.0,voiture,voiture,2,2,9,1,4
201900041968,2019-05-07 12:45:00,2019,5,7,12,45,94,94081,BRETELLE A86,48.774228,2.4029833,Plein jour,Hors agglomération,Autre intersection,Normale,Deux véhicules - arrière,1,-1,2,0,1,1,1,0,1,90,2,2,1,0,0,1,31.0,36.0,voiture,utilitaire_camion,1,1,9,1,2
201900041969,2019-05-06 17:17:00,2019,5,6,17,17,94,94011,BICENTENAIRE.(AVENUE DU),48.76573,2.48887,Plein jour,En agglomération,Hors intersection,Normale,Deux véhicules - côté,4,-1,2,0,1,2,1,0,1,30,2,2,1,0,0,1,77.0,32.0,voiture,deux_roues,1,2,1,1,3
201900041970,2019-05-03 19:00:00,2019,5,3,19,0,94,94028,avenue de la POMPADOUR,48.77328,2.43571,Plein jour,En agglomération,Hors intersection,Pluie forte,Deux véhicules - côté,3,4,2,3,1,1,2,9,1,50,2,3,1,0,0,2,63.0,24.0,voiture,voiture,1,2,1,3,3
201900041971,2019-05-01 22:25:00,2019,5,1,22,25,94,94028,FOCH(AVENUE DU MARECHAL),48.7812,2.43726,Nuit avec éclairage allumé,Hors agglomération,Hors intersection,Normale,Trois véhicules et plus - en chaîne,2,1,3,0,1,1,1,0,1,50,3,4,1,0,0,3,25.0,29.0,voiture,voiture,5,1,1,1,4
201900041972,2019-04-30 19:05:00,2019,4,30,19,5,94,94011,ROSTAND.(RUE JEAN),48.76667,2.48447,Plein jour,En agglomération,Intersection en T,Normale,Deux véhicules - côté,3,1,2,0,1,1,1,0,1,50,2,2,1,0,0,1,50.0,21.0,voiture,deux_roues,1,2,3,1,3
201900041973,2019-04-30 01:50:00,2019,4,30,1,50,94,94011,BOISSY.(AVENUE DE),48.76089,2.49757,Nuit sans éclairage public,Hors agglomération,Hors intersection,Normale,Sans collision,2,-1,4,0,1,1,1,0,1,70,1,1,0,0,0,1,61.0,,utilitaire_camion,,3,1,1,1,7
201900041974,2019-05-18 20:10:00,2019,5,18,20,10,94,94054,NORMANDE (VOI),48.73898,2.40206,Plein jour,En agglomération,Hors intersection,Normale,Deux véhicules - frontale,4,2,1,0,2,2,1,0,1,30,2,4,3,0,0,1,28.0,38.0,voiture,voiture,1,2,1,1,1
201900041975,2019-05-18 16:30:00,2019,5,18,16,30,94,94022,INSURRECTION PARISIENNE (R DE L),48.76949,2.40485,Plein jour,En agglomération,Hors intersection,Normale,Autre collision,4,1,1,0,1,1,1,0,1,30,1,2,1,0,0,1,29.0,,voiture,,1,2,1,1,6
201900041976,2019-05-15 15:13:00,2019,5,15,15,13,94,94022,ANATOLE FRANCE (AV),48.76457,2.40975,Plein jour,En agglomération,Autre intersection,Normale,Deux véhicules - arrière,9,2,2,0,1,1,1,0,1,50,2,2,1,0,0,1,27.0,67.0,voiture,utilitaire_camion,1,2,9,1,2
201900041977,2019-05-13 23:30:00,2019,5,13,23,30,94,94022,STALINGRAD (BD DE),48.77276,2.40017,Nuit avec éclairage allumé,En agglomération,Intersection en X,Normale,Deux véhicules - côté,3,1,2,0,1,1,1,0,1,50,2,2,1,0,0,1,21.0,36.0,deux_roues,voiture,5,2,2,1,3
201900041978,2019-05-13 15:20:00,2019,5,13,15,20,94,94022,LUGO (AV DE),48.7686,2.40884,Plein jour,En agglomération,Hors intersection,Normale,Autre collision,3,2,4,0,1,1,1,0,1,50,1,2,1,0,0,1,57.0,,deux_roues,,1,2,1,1,6
201900041979,2019-05-11 14:45:00,2019,5,11,14,45,94,94022,STALINGRAD (BD DE),48.77032,2.40168,Plein jour,En agglomération,Hors intersection,Normale,Deux véhicules - arrière,3,2,2,0,1,1,2,0,1,50,2,3,2,0,0,1,34.0,35.0,voiture,voiture,1,2,1,1,2
201900041980,2019-05-10 10:15:00,2019,5,10,10,15,94,94054,CHARLES TILLON (route),48.74626,2.37543,Plein jour,En agglomération,Hors intersection,Normale,Deux véhicules - arrière,3,2,2,0,1,1,1,0,1,30,2,2,1,0,0,1,29.0,27.0,utilitaire_camion,voiture,1,2,1,1,2
201900041981,2019-05-04 03:50:00,2019,5,4,3,50,94,94022,LUGO (AV DE),48.773291,2.40946,Nuit avec éclairage allumé,En agglomération,Hors intersection,Normale,Autre collision,3,1,2,0,1,1,1,0,1,50,1,2,0,0,0,2,22.0,,voiture,,5,2,1,1,6
201900041982,2019-05-07 00:50:00,2019,5,7,0,50,94,94022,LUGO (AV DE),48.7697485,2.4088705,Nuit avec éclairage allumé,En agglomération,Hors intersection,Normale,Deux véhicules - côté,3,1,1,0,1,1,1,0,1,50,2,2,1,0,0,1,24.0,28.0,voiture,voiture,5,2,1,1,3
201900041983,2019-05-05 14:45:00,2019,5,5,14,45,94,94022,LEON GOURDAULT (AV),48.76423,2.40577,Plein jour,En agglomération,Hors intersection,Pluie légère,Autre collision,3,3,1,0,1,1,2,8,1,50,1,3,2,0,1,0,33.0,,voiture,,1,2,1,2,6
201900041984,2019-04-30 10:40:00,2019,4,30,10,40,94,94054,FER A CHEVAL (R DU),48.74208,2.40645,Plein jour,En agglomération,Hors intersection,Normale,Trois véhicules et plus - en chaîne,9,2,2,0,1,1,1,9,1,30,4,2,1,0,0,1,50.0,47.0,voiture,voiture,1,2,1,1,4
201900041985,2019-05-28 12:20:00,2019,5,28,12,20,94,94019,LIBERATION (RTE DE LA),48.803223,2.537842,Plein jour,En agglomération,Intersection en T,Pluie légère,Deux véhicules - côté,3,2,4,0,1,1,2,0,1,50,2,2,1,0,0,1,30.0,27.0,voiture,deux_roues,1,2,3,2,3
201900041986,2019-05-18 15:40:00,2019,5,18,15,40,94,94059,LEFEBVRE (AV),48.8,2.58,Plein jour,En agglomération,Hors intersection,Normale,Autre collision,4,2,2,0,1,1,1,0,4,50,1,2,1,0,0,1,45.0,,voiture,,1,2,1,1,6
201900041987,2019-05-13 14:20:00,2019,5,13,14,20,94,94079,HENRI DUNANT (AV),48.82312,2.54073,Plein jour,En agglomération,Hors intersection,Pluie légère,Autre collision,4,2,2,0,1,1,1,0,-1,50,1,1,0,0,0,1,,,,,1,2,1,2,6
201900041988,2019-05-09 14:30:00,2019,5,9,14,30,94,94060,GENERAL DE GAULLE (R DU),48.78092,2.57351,Plein jour,En agglomération,Hors intersection,Normale,Deux véhicules - côté,3,2,4,0,1,1,1,0,1,50,2,2,1,0,1,0,27.0,45.0,deux_roues,voiture,1,2,1,1,3
201900041989,2019-05-07 16:05:00,2019,5,7,16,5,94,94059,MAURICE BERTEAUX (AV),48.8129,2.56668,Plein jour,En agglomération,Hors intersection,Normale,Trois véhicules et plus - collisions multiples,3,2,2,0,1,1,1,0,1,50,3,4,3,0,0,1,25.0,22.0,voiture,voiture,1,2,1,1,5
201900041990,2019-05-02 13:20:00,2019,5,2,13,20,94,94059,Andre Rouy (AV),48.81914,2.55818,Plein jour,En agglomération,Hors intersection,Normale,Deux véhicules - arrière,4,2,2,0,1,1,1,0,1,50,2,6,2,0,0,4,22.0,36.0,utilitaire_camion,transport_commun,1,2,1,1,2
201900041991,2019-04-30 16:30:00,2019,4,30,16,30,94,94079,BISHOP'S STORDFORD (BD DE),48.8342338,2.5382296,Plein jour,En agglomération,Hors intersection,Normale,Trois véhicules et plus - collisions multiples,4,-1,1,0,1,1,1,0,1,50,3,3,2,0,0,1,38.0,58.0,voiture,voiture,1,2,1,1,5
201900041992,2019-05-28 10:10:00,2019,5,28,10,10,94,94018,PARIS (R DE),48.82588,2.40689,Plein jour,En agglomération,Intersection en X,Temps couvert,Deux véhicules - côté,3,2,2,0,1,1,1,0,1,30,2,2,1,0,0,1,30.0,72.0,voiture,voiture,1,2,2,8,3
201900041993,2019-05-16 11:45:00,2019,5,16,11,45,94,94069,REPUBLIQUE (QU DE LA),48.81777,2.42266,Plein jour,En agglomération,Hors intersection,Normale,Autre collision,3,2,2,0,1,1,1,0,1,50,1,2,0,0,0,2,64.0,,deux_roues,,1,2,1,1,6
201900041994,2019-05-15 18:00:00,2019,5,15,18,0,94,94069,MARECHAL LECLERC (R DU),48.81804,2.42282,Plein jour,En agglomération,Hors intersection,Temps éblouissant,Deux véhicules - côté,3,1,1,0,1,1,1,0,1,30,2,2,1,0,1,0,82.0,11.0,voiture,deux_roues,1,2,1,7,3
201900041995,2019-05-15 08:50:00,2019,5,15,8,50,94,94018,GRAVELLE (AV DE),48.82841,2.40497,Plein jour,En agglomération,Hors intersection,Temps éblouissant,Deux véhicules - côté,4,2,2,1,1,1,1,0,1,30,2,2,1,0,0,1,34.0,56.0,deux_roues,voiture,1,2,1,7,3
201900041996,2019-05-14 09:50:00,2019,5,14,9,50,94,94018,PARIS (R DE),48.8259,2.4068,Plein jour,En agglomération,Intersection en X,Normale,Deux véhicules - frontale,3,2,2,0,1,1,1,5,1,50,2,2,1,0,1,0,31.0,58.0,deux_roues,voiture,1,2,2,1,1
201900041997,2019-05-10 09:00:00,2019,5,10,9,0,94,94018,PARIS (R DE),48.8214429,2.4138524,Plein jour,En agglomération,Intersection en T,Normale,Deux véhicules - côté,3,1,2,0,1,1,1,0,1,30,2,2,1,0,0,1,32.0,31.0,deux_roues,voiture,1,2,3,1,3
201900041998,2019-05-01 15:00:00,2019,5,1,15,0,94,94018,PARIS (R DE),48.8269997,2.4050994,Plein jour,En agglomération,Hors intersection,Normale,Autre collision,3,2,4,0,1,1,1,9,1,30,1,2,1,0,0,1,26.0,,deux_roues,,1,2,1,1,6
201900041999,2019-05-24 12:15:00,2019,5,24,12,15,94,94017,VERDUN (R DE),48.815,2.49,Plein jour,En agglomération,Hors intersection,Normale,Sans collision,4,1,1,0,1,1,1,0,2,50,1,1,0,0,0,1,51.0,,deux_roues,,1,2,1,1,7
201900042000,2019-05-23 16:40:00,2019,5,23,16,40,94,94017,ALFRED GREVIN (R),48.81468,2.52005,Plein jour,En agglomération,Giratoire,Normale,Autre collision,4,2,3,0,1,2,1,9,1,50,1,1,0,0,0,1,77.0,,voiture,,1,2,6,1,6
201900042001,2019-05-20 10:10:00,2019,5,20,10,10,94,94017,ALEXANDRE FOURNY (R),48.81897,2.53278,Plein jour,En agglomération,Hors intersection,Pluie légère,Deux véhicules - côté,6,-1,0,0,1,1,2,9,1,20,2,2,1,0,0,1,44.0,61.0,voiture,voiture,1,2,1,2,3
201900042002,2019-05-19 13:50:00,2019,5,19,13,50,94,94017,STALINGRAD (BD DE),48.8277,2.494,Plein jour,En agglomération,Intersection en X,Normale,Deux véhicules - côté,3,2,4,0,1,1,1,0,1,50,2,1,0,0,0,1,29.0,,deux_roues,,1,2,2,1,3
201900042003,2019-05-18 18:35:00,2019,5,18,18,35,94,94017,MARX DORMOY (AV),48.80636,2.5273,Plein jour,En agglomération,Hors intersection,Normale,Autre collision,3,3,2,0,2,2,1,0,1,50,1,1,0,1,0,0,21.0,,deux_roues,,1,2,1,1,6
201900042004,2019-05-16 21:20:00,2019,5,16,21,20,94,94017,BOILEAU (AV),48.80335,2.55013,Nuit avec éclairage allumé,En agglomération,Hors intersection,Normale,Autre collision,4,2,0,0,1,1,1,0,1,50,1,1,0,0,1,0,,,,,5,2,1,1,6
201900042005,2019-05-13 18:50:00,2019,5,13,18,50,94,94017,STALINGRAD (BD DE),48.818,2.504,Plein jour,En agglomération,Hors intersection,Normale,Deux véhicules - arrière,3,2,2,0,1,1,1,0,1,50,2,3,1,0,0,2,36.0,17.0,utilitaire_camion,deux_roues,1,2,1,1,2
201900042006,2019-05-05 12:40:00,2019,5,5,12,40,94,94017,BEAUREGARD (AV DE),48.81619,2.54815,Plein jour,En agglomération,Intersection en X,Normale,Deux véhicules - côté,4,2,2,0,1,1,1,0,1,50,2,2,0,0,0,2,48.0,70.0,voiture,voiture,1,2,2,1,3
201900042007,2019-05-28 09:00:00,2019,5,28,9,0,94,94004,8 MAI 1945 (AV DU),48.75846,2.50383,Plein jour,En agglomération,Hors intersection,Normale,Deux véhicules - arrière,4,2,2,0,2,1,1,0,1,50,2,2,1,0,0,1,42.0,60.0,voiture,utilitaire_camion,1,2,1,1,2
201900042008,2019-05-19 03:57:00,2019,5,19,3,57,94,94004,GENERAL LECLERC (AV DU),48.7525891,2.5064304,Nuit avec éclairage allumé,En agglomération,Intersection en Y,Normale,Autre collision,2,1,4,0,1,1,1,0,1,50,1,1,0,0,0,1,46.0,,deux_roues,,5,2,4,1,6
201900042009,2019-05-24 07:50:00,2019,5,24,7,50,94,94004,SABLONS (R DES),48.762991,2.49963,Plein jour,En agglomération,Intersection en X,Normale,Deux véhicules - côté,4,-1,2,0,1,1,1,0,1,50,2,2,1,0,0,1,48.0,62.0,transport_commun,voiture,1,2,2,1,3
201900042010,2019-05-22 08:30:00,2019,5,22,8,30,94,94075,MANDRES (R DE),48.7123,2.5384,Plein jour,En agglomération,Hors intersection,Normale,Sans collision,3,2,2,0,1,1,1,0,1,50,1,1,0,0,0,1,54.0,,deux_roues,,1,2,1,1,7
201900042011,2019-05-17 23:55:00,2019,5,17,23,55,94,94044,VERDUN (AV DE),48.7333,2.4833,Nuit avec éclairage allumé,En agglomération,Hors intersection,Normale,Autre collision,3,2,0,0,1,1,1,0,4,50,1,2,0,0,0,2,20.0,,voiture,,5,2,1,1,6
201900042012,2019-05-17 16:37:00,2019,5,17,16,37,94,94044,EUGENE VARLIN (R),48.74235,2.49125,Plein jour,En agglomération,Autre intersection,Normale,Deux véhicules - côté,3,1,1,0,1,1,1,0,1,50,2,2,1,0,0,1,73.0,32.0,deux_roues,voiture,1,2,9,1,3
201900042013,2019-05-13 11:00:00,2019,5,13,11,0,94,94071,MAURICE BERTEAUX (R),48.77394,2.51723,Plein jour,En agglomération,Intersection en X,Normale,Deux véhicules - côté,3,2,2,0,1,1,1,0,1,50,2,2,1,0,0,1,42.0,26.0,deux_roues,deux_roues,1,2,2,1,3
201900042014,2019-05-13 00:00:00,2019,5,13,0,0,94,94071,CHARLES DE GAULLE (R),48.7669,2.5323,Nuit avec éclairage allumé,En agglomération,Hors intersection,Normale,Sans collision,4,2,2,0,1,1,1,5,1,50,1,1,0,0,0,1,25.0,,deux_roues,,5,2,1,1,7
201900042015,2019-05-04 17:15:00,2019,5,4,17,15,94,94070,MAROLLES (RTE DE),48.72768,2.57092,Plein jour,En agglomération,Hors intersection,Pluie légère,Sans collision,4,2,2,0,2,1,2,0,1,30,1,1,0,0,0,1,24.0,,voiture,,1,2,1,2,7