accident_id,datetime,annee,mois,jour,heure,minute,departement,commune_insee,adresse,latitude,longitude,luminosite,agglomeration,intersection,meteo,collision,catr,circ,nbv,vosp,prof,plan,surf,infra,situ,vma,nb_vehicules,nb_usagers,nb_indemnes,nb_tues,nb_blesses_hosp,nb_blesses_legers,age_cond_1,age_cond_2,veh_type_cond_1,veh_type_cond_2,lum_code,agg_code,int_code,atm_code,col_code
201900042016,2019-05-03 19:45:00,2019,5,3,19,45,94,94004,CHARLES LOUIS (PL),48.75008,2.50495,Plein jour,En agglomération,Hors intersection,Pluie légère,Autre collision,4,2,2,0,2,2,2,5,6,50,1,1,0,0,0,1,,,,,1,2,1,2,6
201900042017,2019-05-21 11:40:00,2019,5,21,11,40,94,94002,EUROPE (PL DE L),48.78888,2.42888,Plein jour,En agglomération,Intersection en T,Normale,Autre collision,4,1,1,0,1,1,1,6,1,50,1,2,1,0,0,1,71.0,,voiture,,1,2,3,1,6
201900042018,2019-05-14 17:00:00,2019,5,14,17,0,94,94002,ETIENNE DOLET (R),48.7905658,2.4257525,Plein jour,En agglomération,Hors intersection,Normale,Autre collision,4,2,2,0,1,1,1,0,1,50,1,2,1,0,0,1,57.0,,voiture,,1,2,1,1,6
201900042019,2019-05-10 08:20:00,2019,5,10,8,20,94,94002,EMILE ZOLA (R),48.79842,2.4217,Plein jour,En agglomération,Intersection en T,Normale,Deux véhicules - côté,3,2,3,0,2,1,1,0,1,50,2,2,1,0,0,1,31.0,48.0,voiture,voiture,1,2,3,1,3
201900042020,2019-05-07 11:30:00,2019,5,7,11,30,94,94002,CARNOT (PL),48.795834,2.425802,Plein jour,En agglomération,Intersection en X,Normale,Autre collision,4,2,2,0,1,1,1,0,1,50,1,2,1,0,1,0,41.0,,voiture,,1,2,2,1,6
201900042021,2019-05-03 14:30:00,2019,5,3,14,30,94,94002,BLANQUI (QU),48.81161,2.41088,Plein jour,En agglomération,Hors intersection,Normale,Autre collision,3,2,1,0,1,1,1,0,1,50,1,2,0,0,0,2,33.0,,utilitaire_camion,,1,2,1,1,6
201900042022,2019-05-28 21:58:00,2019,5,28,21,58,93,93078,BALLANGER (BD ROBERT),48.95482,2.53692,Nuit avec éclairage allumé,En agglomération,Hors intersection,Normale,Deux véhicules - côté,3,-1,1,0,1,1,1,0,1,50,2,3,2,0,0,1,65.0,17.0,voiture,deux_roues,5,2,1,1,3
201900042023,2019-05-27 17:51:00,2019,5,27,17,51,93,93073,BERGER (RUE GILBERT),48.95082,2.58065,Plein jour,En agglomération,Hors intersection,Normale,Autre collision,4,2,2,0,1,1,1,0,1,50,1,2,1,0,0,1,32.0,,voiture,,1,2,1,1,6
201900042024,2019-05-25 15:20:00,2019,5,25,15,20,93,93073,CHAPIT RE ( RUE DU),49.001794,2.537014,Plein jour,Hors agglomération,Intersection en Y,Pluie légère,Deux véhicules - côté,4,1,2,0,1,1,2,9,1,70,2,2,1,0,0,1,19.0,22.0,utilitaire_camion,deux_roues,1,1,4,2,3
201900042025,2019-05-15 14:10:00,2019,5,15,14,10,93,93073,CHAPIT RE ( RUE DU),49.00615,2.50645,Plein jour,En agglomération,Autre intersection,Normale,Deux véhicules - arrière,4,2,2,0,1,3,1,0,1,50,2,1,0,0,0,1,56.0,,voiture,,1,2,9,1,2
201900042026,2019-05-14 18:05:00,2019,5,14,18,5,93,93073,KALIFAT (RUE),48.9553,2.58447,Plein jour,En agglomération,Intersection en X,Normale,Deux véhicules - côté,4,-1,0,0,1,1,1,0,1,50,2,1,0,0,0,1,60.0,,deux_roues,,1,2,2,1,3
201900042027,2019-05-13 16:36:00,2019,5,13,16,36,93,93073,LANGEVIN (RUE PAUL),48.95,2.56,Plein jour,En agglomération,Hors intersection,Normale,Deux véhicules - frontale,4,2,2,0,1,1,1,0,1,50,2,3,2,0,0,1,51.0,23.0,utilitaire_camion,voiture,1,2,1,1,1
201900042028,2019-05-07 07:50:00,2019,5,7,7,50,93,93073,CHAPIT RE ( RUE DU),49.00851,2.565,Plein jour,Hors agglomération,Autre intersection,Normale,Deux véhicules - arrière,9,1,3,0,1,1,1,3,1,50,2,2,1,0,0,1,58.0,45.0,voiture,deux_roues,1,1,9,1,2
201900042029,2019-05-06 08:45:00,2019,5,6,8,45,93,93073,PAIX (AVENUE DE LA),48.952063,2.566777,Plein jour,En agglomération,Hors intersection,Normale,Deux véhicules - côté,4,2,0,0,1,1,1,0,1,50,2,2,1,0,0,1,41.0,20.0,voiture,voiture,1,2,1,1,3
201900042030,2019-04-30 13:14:00,2019,4,30,13,14,93,93073,PETITS PONTS (ROUTE DES),48.9616,2.5562,Plein jour,En agglomération,Giratoire,Normale,Deux véhicules - arrière,3,1,2,0,1,3,1,0,1,50,2,1,0,0,0,1,48.0,,voiture,,1,2,6,1,2
201900042031,2019-05-14 16:30:00,2019,5,14,16,30,93,93059,LAENNEC (AVENUE),48.96225,2.37214,Plein jour,En agglomération,Hors intersection,Temps éblouissant,Deux véhicules - côté,3,-1,2,0,1,1,1,0,1,50,2,2,1,0,1,0,38.0,51.0,deux_roues,voiture,1,2,1,7,3
201900042032,2019-05-14 09:00:00,2019,5,14,9,0,93,93072,STALINGRAD (AVENUE DE) DES N° 126 A 156,48.94948,2.38524,Plein jour,En agglomération,Hors intersection,Normale,Deux véhicules - frontale,3,3,5,3,1,1,1,0,1,50,2,3,2,0,0,1,30.0,23.0,voiture,voiture,1,2,1,1,1
201900042033,2019-05-07 17:30:00,2019,5,7,17,30,93,93072,AMELIE (RUE),48.96659,2.3867,Plein jour,En agglomération,Intersection en X,Normale,Autre collision,4,2,8,0,1,1,1,0,1,50,1,1,0,0,0,1,,,,,1,2,2,1,6
201900042034,2019-05-05 14:00:00,2019,5,5,14,0,93,93072,FLEURS (RUE DES) JEAN JAURES (RUE),48.96692,2.38199,Plein jour,En agglomération,Intersection en T,Pluie légère,Deux véhicules - côté,4,-1,1,0,1,1,2,0,1,50,2,2,1,0,0,1,41.0,59.0,voiture,voiture,1,2,3,2,3
201900042035,2019-05-01 15:00:00,2019,5,1,15,0,93,93059,JULES VALLES (RUE),48.95854,2.36205,Plein jour,En agglomération,Hors intersection,Normale,Autre collision,4,1,1,0,1,1,1,0,1,50,1,2,1,0,1,0,28.0,,voiture,,1,2,1,1,6
201900042036,2019-05-29 19:00:00,2019,5,29,19,0,93,93071,COMMANDANT CHARCOT (AVENUE DU),48.935548,2.51762,Plein jour,En agglomération,Autre intersection,Normale,Autre collision,4,2,2,0,1,1,1,0,1,50,1,2,1,0,0,1,56.0,,voiture,,1,2,9,1,6
201900042037,2019-05-28 17:50:00,2019,5,28,17,50,93,93071,SALVADOR ALLENDE (AVENUE),48.94799,2.52879,Plein jour,En agglomération,Hors intersection,Normale,Autre collision,4,2,2,0,1,1,1,0,1,50,1,3,1,0,2,0,24.0,,voiture,,1,2,1,1,6
201900042038,2019-05-27 23:30:00,2019,5,27,23,30,93,93005,MARC CHAGALL (BOULEVARD),48.95159,2.48889,Nuit avec éclairage allumé,En agglomération,Autre intersection,Normale,Trois véhicules et plus - en chaîne,3,1,2,0,1,1,1,0,1,50,3,4,1,0,0,3,22.0,32.0,voiture,voiture,5,2,9,1,4
201900042039,2019-05-24 16:00:00,2019,5,24,16,0,93,93071,HENRI DUNANT (AVENUE),48.937739,2.522434,Plein jour,En agglomération,Hors intersection,Normale,Deux véhicules - côté,4,2,1,0,1,1,1,0,1,50,2,2,1,0,0,1,29.0,24.0,voiture,deux_roues,1,2,1,1,3
201900042040,2019-05-21 10:50:00,2019,5,21,10,50,93,93071,RAOUL DAUTRY (AVENUE),48.949067,2.524893,Plein jour,En agglomération,Hors intersection,Normale,Autre collision,4,2,2,0,1,1,1,6,1,30,1,2,1,0,0,1,27.0,,utilitaire_camion,,1,2,1,1,6
201900042041,2019-05-19 00:00:00,2019,5,19,0,0,93,93071,LIVRY (AVENUE DE),48.93103,2.53927,Nuit avec éclairage allumé,En agglomération,Hors intersection,Normale,Deux véhicules - côté,4,2,2,0,1,1,1,0,1,50,2,1,0,0,1,0,38.0,,deux_roues,,5,2,1,1,3
201900042042,2019-05-17 17:10:00,2019,5,17,17,10,93,93071,VICTOR HUGO (AVENUE),48.930188,2.525756,Plein jour,En agglomération,Intersection en T,Normale,Deux véhicules - arrière,4,2,2,0,1,1,1,5,2,30,2,2,1,0,0,1,44.0,17.0,utilitaire_camion,deux_roues,1,2,3,1,2
201900042043,2019-05-15 01:50:00,2019,5,15,1,50,93,93071,LUCIEN SPORTISS (RUE),48.937515,2.5308,Nuit avec éclairage allumé,En agglomération,Intersection en Y,Normale,Deux véhicules - arrière,4,3,3,0,1,1,1,5,3,50,2,2,1,0,0,1,21.0,52.0,voiture,voiture,5,2,4,1,2
201900042044,2019-05-24 15:15:00,2019,5,24,15,15,93,93070,JEAN-JAURES (BD),48.9151,2.33774,Plein jour,En agglomération,Intersection en X,Normale,Deux véhicules - côté,3,2,4,3,1,1,1,5,1,50,2,2,1,0,0,1,45.0,32.0,voiture,deux_roues,1,2,2,1,3
201900042045,2019-05-16 18:00:00,2019,5,16,18,0,93,93070,CAPITAINE-GLARNER (AV),48.9046,2.3287,Plein jour,En agglomération,Autre intersection,Normale,Autre collision,9,2,2,0,1,1,1,6,1,50,2,2,1,0,0,1,36.0,,deux_roues,,1,2,9,1,6
201900042046,2019-05-13 19:50:00,2019,5,13,19,50,93,93070,ALBERT-DHALENNE (RUE),48.91451,2.3322,Plein jour,En agglomération,Intersection en T,Normale,Deux véhicules - côté,3,1,4,0,1,3,1,0,1,50,2,2,0,0,0,2,37.0,24.0,deux_roues,deux_roues,1,2,3,1,3
201900042047,2019-05-13 12:25:00,2019,5,13,12,25,93,93070,GABRIEL-PERI (AV),48.90717,2.334523,Plein jour,En agglomération,Intersection en Y,Normale,Deux véhicules - frontale,3,2,2,0,1,1,1,0,1,50,2,2,0,0,0,2,19.0,33.0,deux_roues,deux_roues,1,2,4,1,1
201900042048,2019-05-06 16:55:00,2019,5,6,16,55,93,93070,MICHELET(AV):N°1AU 103,48.91052,2.34412,Plein jour,En agglomération,Hors intersection,Normale,Deux véhicules - côté,4,-1,1,0,1,1,1,0,1,50,2,2,1,0,0,1,29.0,39.0,deux_roues,voiture,1,2,1,1,3
201900042049,2019-04-30 18:05:00,2019,4,30,18,5,93,93070,MICHELET (AVE) : DU 1 AU 103,48.90632,2.34435,Plein jour,En agglomération,Autre intersection,Normale,Deux véhicules - côté,3,2,2,0,1,1,1,0,3,50,2,2,1,0,0,1,27.0,41.0,deux_roues,voiture,1,2,9,1,3
201900042050,2019-04-30 17:30:00,2019,4,30,17,30,93,93070,MICHELET(AV):N°1AU 103,48.90412,2.34421,Plein jour,En agglomération,Hors intersection,Normale,Autre collision,3,2,2,0,1,1,1,0,1,50,1,2,1,0,0,1,,,deux_roues,,1,2,1,1,6
201900042051,2019-04-29 21:25:00,2019,4,29,21,25,93,93070,ALBERT-DHALENNE (RUE),48.91,2.33,Nuit avec éclairage allumé,En agglomération,Hors intersection,Normale,Deux véhicules - frontale,3,2,4,0,1,1,1,0,1,50,2,2,1,0,0,1,41.0,52.0,deux_roues,voiture,5,2,1,1,1
201900042052,2019-05-28 09:40:00,2019,5,28,9,40,93,93066,ANDRE CAMPRA (RUE),48.9192,2.352,Plein jour,En agglomération,Hors intersection,Temps couvert,Autre collision,4,2,2,0,1,1,1,0,1,50,1,2,1,0,0,1,47.0,,transport_commun,,1,2,1,8,6
201900042053,2019-05-28 07:00:00,2019,5,28,7,0,93,93066,GORKI MAXIME,48.9415,2.3872,Plein jour,En agglomération,Hors intersection,Pluie légère,Autre collision,3,3,4,0,1,1,2,0,1,50,1,2,1,0,0,1,47.0,,voiture,,1,2,1,2,6
201900042054,2019-05-25 13:58:00,2019,5,25,13,58,93,93027,BLOCH (IMPASSE PRAEGER),48.9281829,2.413507,Plein jour,Hors agglomération,Hors intersection,Normale,Deux véhicules - frontale,4,3,6,0,3,3,1,2,1,90,2,2,1,0,0,1,28.0,,voiture,,1,1,1,1,1
201900042055,2019-05-24 09:30:00,2019,5,24,9,30,93,93066,"""LANDY RD 20, NR IMPAIRS 146 A 254""",48.9142105,2.3442078,Plein jour,En agglomération,Intersection en X,Normale,Deux véhicules - côté,3,4,2,0,1,1,1,0,1,50,2,1,0,0,0,1,56.0,,deux_roues,,1,2,2,1,3
201900042056,2019-05-23 19:10:00,2019,5,23,19,10,93,93066,STADE DE FRANCE (AVENUE DU),48.919117,2.361785,Plein jour,En agglomération,Hors intersection,Normale,Autre collision,4,2,4,3,1,1,1,0,1,50,1,2,1,0,0,1,23.0,,voiture,,1,2,1,1,6
201900042057,2019-05-19 21:15:00,2019,5,19,21,15,93,93066,FORT DE LA BRICHE,48.94281,2.34018,Nuit avec éclairage allumé,En agglomération,Hors intersection,Pluie légère,Deux véhicules - côté,3,2,2,1,1,1,2,0,1,50,2,2,0,0,0,2,33.0,34.0,voiture,voiture,5,2,1,2,3
201900042058,2019-05-17 09:00:00,2019,5,17,9,0,93,93066,WILSON (AVENUE DU PRESIDENT),48.90247,2.35899,Plein jour,En agglomération,Hors intersection,Normale,Deux véhicules - arrière,3,1,2,0,1,1,2,0,1,50,2,2,1,0,0,1,53.0,47.0,utilitaire_camion,deux_roues,1,2,1,1,2
201900042059,2019-05-15 19:50:00,2019,5,15,19,50,93,93066,FRUITIERS (AVENUE),48.91651,2.35476,Plein jour,En agglomération,Intersection en X,Normale,Deux véhicules - côté,4,2,2,1,1,1,1,0,1,50,2,2,1,0,0,1,44.0,10.0,utilitaire_camion,deux_roues,1,2,2,1,3
201900042060,2019-05-14 10:05:00,2019,5,14,10,5,93,93066,"""LANDY RD 20, NR IMPAIRS 1 A 144""",48.9154,2.35763,Plein jour,En agglomération,Giratoire,Normale,Deux véhicules - côté,3,2,0,0,1,1,1,5,1,50,2,2,1,0,0,1,25.0,55.0,voiture,deux_roues,1,2,6,1,3
201900042061,2019-06-21 13:15:00,2019,6,21,13,15,78,78418,A14,48.917028,2.124145,Plein jour,Hors agglomération,Hors intersection,Normale,Deux véhicules - côté,1,1,2,0,1,1,1,0,1,110,2,6,5,0,0,1,25.0,34.0,voiture,voiture,1,1,1,1,3
201900042062,2019-06-21 09:20:00,2019,6,21,9,20,78,78640,RN12 EXT,48.781318,2.169062,Plein jour,Hors agglomération,Hors intersection,Normale,Trois véhicules et plus - collisions multiples,2,1,2,0,2,1,1,0,3,90,3,3,2,0,0,1,32.0,28.0,voiture,voiture,1,1,1,1,5
201900042063,2019-06-20 17:45:00,2019,6,20,17,45,92,92025,A86,48.9207542,2.2254576,Plein jour,Hors agglomération,Hors intersection,Normale,Deux véhicules - côté,1,1,2,0,1,1,1,0,1,90,2,2,1,0,1,0,57.0,37.0,voiture,deux_roues,1,1,1,1,3
201900042064,2019-06-20 17:30:00,2019,6,20,17,30,78,78140,A13,48.965094,1.924855,Plein jour,Hors agglomération,Hors intersection,Normale,Sans collision,1,1,3,0,1,3,1,0,3,130,1,1,0,0,0,1,26.0,,voiture,,1,1,1,1,7
201900042065,2019-06-20 10:00:00,2019,6,20,10,0,92,92062,RN1014 W,48.8877062,2.2515497,Plein jour,Hors agglomération,Hors intersection,Normale,Sans collision,2,1,1,0,2,3,2,1,1,50,1,1,0,0,0,1,59.0,,deux_roues,,1,1,1,1,7
201900042066,2019-06-20 07:55:00,2019,6,20,7,55,78,78140,A13,48.967289,1.920645,Plein jour,Hors agglomération,Hors intersection,Pluie légère,Deux véhicules - arrière,1,1,3,0,2,1,2,0,1,130,2,2,1,0,0,1,62.0,33.0,voiture,deux_roues,1,1,1,2,2
201900042067,2019-06-21 17:41:00,2019,6,21,17,41,95,95527,AUTOROUTE A1,48.98716,2.50764,Plein jour,Hors agglomération,Hors intersection,Normale,Trois véhicules et plus - collisions multiples,1,3,7,0,1,1,1,0,1,110,5,5,4,0,1,0,42.0,37.0,voiture,voiture,1,1,1,1,5
201900042068,2019-06-22 12:30:00,2019,6,22,12,30,95,95582,AUTOROUTE A15,48.96919,2.25075,Plein jour,Hors agglomération,Hors intersection,Normale,Trois véhicules et plus - en chaîne,1,3,8,0,2,3,1,0,1,110,3,3,2,0,0,1,56.0,47.0,utilitaire_camion,voiture,1,1,1,1,4
201900042069,2019-06-22 10:00:00,2019,6,22,10,0,93,93007,AUTOROUTE A3,48.93409,2.48081,Plein jour,Hors agglomération,Hors intersection,Normale,Deux véhicules - arrière,1,3,7,0,1,1,1,0,1,110,2,2,1,0,0,1,32.0,38.0,utilitaire_camion,voiture,1,1,1,1,2
201900042070,2019-06-22 06:10:00,2019,6,22,6,10,95,95572,RN 184,49.04852,2.13446,Crépuscule ou aube,Hors agglomération,Hors intersection,Normale,Autre collision,2,3,6,0,1,2,1,0,1,90,1,2,0,0,0,2,24.0,,voiture,,2,1,1,1,6
201900042071,2019-06-21 18:15:00,2019,6,21,18,15,95,95607,AUTOROUTE A115,49.0289,2.20258,Plein jour,Hors agglomération,Hors intersection,Normale,Trois véhicules et plus - collisions multiples,1,3,4,0,1,1,1,0,1,90,3,3,2,0,1,0,57.0,64.0,voiture,deux_roues,1,1,1,1,5
201900042072,2019-06-21 13:30:00,2019,6,21,13,30,93,93066,AUTOROUTE A1,48.92534,2.35688,Plein jour,Hors agglomération,Hors intersection,Normale,Deux véhicules - arrière,1,3,6,0,1,1,1,0,1,90,2,2,1,0,0,1,21.0,34.0,utilitaire_camion,utilitaire_camion,1,1,1,1,2
201900042073,2019-06-21 08:45:00,2019,6,21,8,45,95,95241,RN 104,49.05347,2.42603,Plein jour,Hors agglomération,Hors intersection,Normale,Sans collision,2,3,4,0,1,1,1,0,1,110,1,1,0,0,0,1,33.0,,deux_roues,,1,1,1,1,7
201900042074,2019-06-20 21:00:00,2019,6,20,21,0,95,95582,AUTOROUTE A15,48.96646,2.2571,Crépuscule ou aube,Hors agglomération,Hors intersection,Normale,Deux véhicules - côté,1,3,9,0,1,1,1,0,1,110,2,3,2,0,0,1,44.0,22.0,utilitaire_camion,voiture,2,1,1,1,3
201900042075,2019-06-20 15:00:00,2019,6,20,15,0,95,95028,RN 104,49.06255,2.33704,Plein jour,Hors agglomération,Hors intersection,Normale,Deux véhicules - côté,2,3,5,0,1,1,1,0,1,90,2,2,1,0,0,1,65.0,49.0,voiture,utilitaire_camion,1,1,1,1,3
201900042076,2019-06-20 10:25:00,2019,6,20,10,25,93,93010,AUTOROUTE A3,48.90653,2.47247,Plein jour,Hors agglomération,Hors intersection,Pluie légère,Deux véhicules - arrière,1,3,6,0,1,1,2,0,1,90,2,1,0,0,0,1,39.0,,deux_roues,,1,1,1,2,2
201900042077,2019-06-20 09:05:00,2019,6,20,9,5,93,93064,AUTOROUTE A86,48.88426,2.46958,Plein jour,Hors agglomération,Hors intersection,Pluie légère,Sans collision,1,1,2,0,2,2,2,0,1,50,1,1,0,0,0,1,28.0,,deux_roues,,1,1,1,2,7
201900042078,2019-06-19 08:23:00,2019,6,19,8,23,92,92036,AUTOROUTE A15,48.9370324,2.2950094,Plein jour,Hors agglomération,Hors intersection,Normale,Sans collision,1,1,2,0,2,2,1,2,1,50,1,1,0,0,0,1,28.0,,deux_roues,,1,1,1,1,7
201900042079,2019-06-22 10:45:00,2019,6,22,10,45,94,94017,A4,48.81326,2.50846,Plein jour,Hors agglomération,Hors intersection,Normale,Deux véhicules - côté,1,3,4,0,1,1,1,1,1,90,2,2,1,0,0,1,27.0,33.0,voiture,deux_roues,1,1,1,1,3
201900042080,2019-06-22 02:35:00,2019,6,22,2,35,94,94017,A4,48.8280945,2.5033698,Nuit avec éclairage non allumé,Hors agglomération,Hors intersection,Normale,Sans collision,1,1,5,0,1,1,1,0,1,90,1,1,0,0,0,1,26.0,,deux_roues,,4,1,1,1,7
201900042081,2019-06-21 23:10:00,2019,6,21,23,10,94,94046,A86 INT,48.8042,2.4484,Nuit avec éclairage allumé,Hors agglomération,Hors intersection,Normale,Autre collision,1,3,6,0,1,1,1,0,1,90,1,2,0,0,0,2,46.0,,voiture,,5,1,1,1,6
201900042082,2019-06-21 17:10:00,2019,6,21,17,10,94,94069,A4,48.81784,2.43575,Plein jour,Hors agglomération,Hors intersection,Normale,Deux véhicules - côté,1,3,10,0,1,1,1,0,1,110,2,2,1,0,0,1,70.0,59.0,voiture,voiture,1,1,1,1,3
201900042083,2019-06-21 11:20:00,2019,6,21,11,20,77,77372,A104,48.89176,2.666904,Plein jour,Hors agglomération,Hors intersection,Normale,Deux véhicules - côté,1,1,3,0,1,3,1,0,1,90,2,2,0,0,0,2,32.0,34.0,voiture,utilitaire_camion,1,1,1,1,3
201900042084,2019-06-20 07:40:00,2019,6,20,7,40,94,94015,A4,48.8317416,2.5314883,Plein jour,Hors agglomération,Hors intersection,Pluie forte,Sans collision,1,-1,4,0,1,1,2,0,1,110,1,1,0,0,0,1,46.0,,deux_roues,,1,1,1,3,7
201900042085,2019-06-19 09:20:00,2019,6,19,9,20,94,94028,A86 EXT,48.7898168,2.4406865,Plein jour,Hors agglomération,Hors intersection,Normale,Trois véhicules et plus - collisions multiples,1,3,2,0,1,2,1,0,1,90,3,3,2,0,0,1,55.0,24.0,voiture,deux_roues,1,1,1,1,5
201900042086,2019-06-06 23:31:00,2019,6,6,23,31,2B,2B033,SEBASTIANI  - AVENUE,42.7022,9.4508,Nuit avec éclairage allumé,En agglomération,Autre intersection,Normale,Deux véhicules - côté,4,4,4,0,1,1,1,5,1,50,2,3,1,0,0,2,19.0,24.0,voiture,voiture,5,2,9,1,3
201900042087,2019-06-03 06:25:00,2019,6,3,6,25,91,91377,CARNOT (AVENUE),48.72482,2.26002,Plein jour,En agglomération,Hors intersection,Normale,Autre collision,9,2,1,3,1,1,1,9,1,20,1,2,1,0,0,1,44.0,,transport_commun,,1,2,1,1,6
201900042088,2019-06-09 19:40:00,2019,6,9,19,40,91,91687,VICTOR SCHOELCHER (PLACE),48.64756,2.36728,Plein jour,En agglomération,Autre intersection,Normale,Deux véhicules - côté,3,1,2,0,1,2,1,0,3,50,2,2,1,0,0,1,31.0,37.0,voiture,voiture,1,2,9,1,3
201900042089,2019-01-08 16:30:00,2019,1,8,16,30,84,84007,AMANDIER (Avenue de l'),43.9317,4.84728,Plein jour,En agglomération,Intersection en T,Normale,Autre collision,4,2,2,0,1,1,1,0,1,50,2,2,1,0,1,0,20.0,32.0,deux_roues,voiture,1,2,3,1,6
201900042090,2019-05-29 18:25:00,2019,5,29,18,25,73,73065,N201 VRU,45.5871555,5.9037458,Plein jour,Hors agglomération,Hors intersection,Normale,Trois véhicules et plus - en chaîne,2,3,9,0,1,1,1,0,1,90,4,5,3,0,1,1,47.0,20.0,deux_roues,voiture,1,1,1,1,4
201900042091,2019-06-11 10:15:00,2019,6,11,10,15,71,71306,NOUVEAU PORT (QUAI DU),46.66189,4.34754,Plein jour,En agglomération,Hors intersection,Normale,Sans collision,4,2,2,0,3,1,1,0,1,50,1,1,0,0,0,1,20.0,,voiture,,1,2,1,1,7
201900042092,2019-06-03 19:05:00,2019,6,3,19,5,71,71270,JEANTON (RUE GABRIEL),46.3035,4.82896,Plein jour,En agglomération,Hors intersection,Normale,Autre collision,9,1,1,0,1,1,1,0,1,50,1,2,1,0,0,1,19.0,,voiture,,1,2,1,1,6
201900042093,2019-06-03 09:30:00,2019,6,3,9,30,71,71059,COUCHES (ROUTE DE),46.80734,4.46417,Plein jour,En agglomération,Hors intersection,Normale,Autre collision,4,2,2,0,1,1,1,0,1,50,1,1,0,0,0,1,43.0,,voiture,,1,2,1,1,6
201900042094,2019-06-05 20:00:00,2019,6,5,20,0,69,69013,RN6 (CHARTONNIERE),46.00274,4.71951,Crépuscule ou aube,En agglomération,Hors intersection,Normale,Deux véhicules - arrière,3,2,2,0,1,1,1,0,1,50,2,2,1,0,0,1,66.0,57.0,voiture,voiture,2,2,1,1,2
201900042095,2019-05-29 13:30:00,2019,5,29,13,30,69,69092,REMUET (rue Joseph),45.98476,4.6904,Plein jour,En agglomération,Intersection en Y,Normale,Deux véhicules - côté,3,2,2,0,1,1,1,0,1,50,2,2,1,0,0,1,29.0,40.0,voiture,voiture,1,2,4,1,3
201900042096,2019-06-15 21:50:00,2019,6,15,21,50,64,64335,EUROPE DE L',43.3177,-0.4329,Plein jour,En agglomération,Hors intersection,Normale,Autre collision,6,-1,0,0,1,1,1,0,1,50,1,4,3,0,0,1,45.0,,voiture,,1,2,1,1,6
201900042097,2019-06-04 16:20:00,2019,6,4,16,20,64,64445,MONTPENSIER,43.30053,-0.37259,Plein jour,En agglomération,Hors intersection,Normale,Autre collision,4,2,2,0,1,1,1,0,1,50,1,2,1,0,0,1,66.0,,voiture,,1,2,1,1,6
201900042098,2019-06-14 10:45:00,2019,6,14,10,45,63,63113,INDUSTRIE (RUE DE L'),45.785714,3.119518,Plein jour,En agglomération,Intersection en T,Normale,Autre collision,7,3,-1,-1,1,1,1,0,4,50,2,2,1,0,0,1,36.0,65.0,utilitaire_camion,deux_roues,1,2,3,1,6
201900042099,2019-06-12 12:59:00,2019,6,12,12,59,63,63113,LAFAYETTE (BD),45.7714097,3.0996818,Plein jour,En agglomération,Hors intersection,Normale,Deux véhicules - arrière,4,2,2,0,1,1,1,0,1,50,2,2,1,0,0,1,37.0,71.0,voiture,voiture,1,2,1,1,2
201900042100,2019-05-29 16:30:00,2019,5,29,16,30,62,62498,BETHUNE (RTE DE),50.4327,2.82246,Plein jour,En agglomération,Intersection en X,Normale,Autre collision,4,2,3,0,1,1,1,0,2,50,1,2,1,0,0,1,40.0,,voiture,,1,2,2,1,6
201900042101,2019-05-27 08:50:00,2019,5,27,8,50,62,62771,MARAIS (R DU),50.42538,2.86238,Plein jour,En agglomération,Intersection en T,Normale,Deux véhicules - frontale,4,3,2,0,1,1,1,0,1,50,2,2,1,0,1,0,69.0,40.0,voiture,deux_roues,1,2,3,1,1
201900042102,2019-06-04 16:18:00,2019,6,4,16,18,51,51454,RUE LAMOUCHE,49.2659365,4.02119,Plein jour,En agglomération,Intersection en T,Normale,Deux véhicules - frontale,4,2,2,0,1,1,1,0,1,50,2,2,1,0,0,1,25.0,18.0,voiture,deux_roues,1,2,3,1,1
201900042103,2019-06-13 16:35:00,2019,6,13,16,35,50,50218,SAINTONGE (RUE),48.836622,-1.59955,Plein jour,En agglomération,Intersection en T,Normale,Deux véhicules - arrière,9,1,1,0,1,1,1,0,3,30,2,2,1,0,0,1,81.0,54.0,voiture,voiture,1,2,3,1,2
201900042104,2019-06-03 10:30:00,2019,6,3,10,30,49,49328,CADRE NOIR (PONT DU) N 347,47.27294,-0.08162,Plein jour,En agglomération,Hors intersection,Pluie légère,Deux véhicules - côté,3,3,4,0,1,1,2,2,1,90,2,2,1,0,0,1,19.0,38.0,voiture,voiture,1,2,1,2,3
201900042105,2019-05-31 07:50:00,2019,5,31,7,50,49,49328,CADRE NOIR (PONT DU) N 347,47.26687,-0.09145,Plein jour,En agglomération,Hors intersection,Normale,Deux véhicules - arrière,3,3,4,0,1,1,1,2,1,90,2,2,1,0,0,1,20.0,34.0,voiture,utilitaire_camion,1,2,1,1,2
201900042106,2019-05-29 03:30:00,2019,5,29,3,30,45,45004,RD 2060,48.00737,2.82465,Nuit sans éclairage public,Hors agglomération,Autre intersection,Normale,Sans collision,3,2,2,0,1,1,1,0,1,80,1,1,0,0,0,1,55.0,,utilitaire_camion,,3,1,9,1,7
201900042107,2019-04-08 17:30:00,2019,4,8,17,30,44,44109,RUE JULES SIEGFRIED,47.20415,-1.567,Plein jour,En agglomération,Hors intersection,Normale,Deux véhicules - arrière,7,-1,0,0,1,1,1,0,1,50,2,1,0,0,1,0,39.0,,voiture,,1,2,1,1,2
201900042108,2019-06-10 15:15:00,2019,6,10,15,15,44,44132,SAINT NAZAIRE (BOULEVARD DE),47.25991,-2.33094,Plein jour,En agglomération,Hors intersection,Normale,Sans collision,4,2,0,0,1,1,1,0,1,50,1,1,0,1,0,0,72.0,,voiture,,1,2,1,1,7
201900042109,2019-06-17 17:15:00,2019,6,17,17,15,41,41047,CHAMPLOUET (RUE DE),47.61573,1.34908,Plein jour,En agglomération,Hors intersection,Normale,Deux véhicules - frontale,4,2,2,1,1,1,1,0,1,50,2,2,1,0,0,1,18.0,84.0,deux_roues,voiture,1,2,1,1,1