accident_id,datetime,annee,mois,jour,heure,minute,departement,commune_insee,adresse,latitude,longitude,luminosite,agglomeration,intersection,meteo,collision,catr,circ,nbv,vosp,prof,plan,surf,infra,situ,vma,nb_vehicules,nb_usagers,nb_indemnes,nb_tues,nb_blesses_hosp,nb_blesses_legers,age_cond_1,age_cond_2,veh_type_cond_1,veh_type_cond_2,lum_code,agg_code,int_code,atm_code,col_code
201900042110,2019-06-08 13:10:00,2019,6,8,13,10,41,41047,RD 2152,47.61726,1.3657,Plein jour,En agglomération,Intersection en T,Normale,Deux véhicules - côté,4,2,2,0,1,1,1,0,1,50,2,2,1,0,0,1,43.0,19.0,voiture,deux_roues,1,2,3,1,3
201900042111,2019-06-02 13:25:00,2019,6,2,13,25,41,41018,CURIE (RUE PIERRE ET MARIE),47.59241,1.31858,Plein jour,En agglomération,Hors intersection,Normale,Deux véhicules - arrière,4,2,2,0,1,1,1,0,1,30,2,2,1,0,0,1,29.0,24.0,voiture,voiture,1,2,1,1,2
201900042112,2019-06-15 19:10:00,2019,6,15,19,10,34,34129,PALAVAS D986 (ROUTE DE),43.58125,3.89834,Plein jour,En agglomération,Hors intersection,Normale,Deux véhicules - côté,3,3,4,0,1,1,1,0,1,90,2,3,1,0,0,2,28.0,23.0,voiture,voiture,1,2,1,1,3
201900042113,2019-05-30 10:00:00,2019,5,30,10,0,34,34172,AURIOL (AVENUE VINCENT),43.6415747,3.847496,Plein jour,En agglomération,Autre intersection,Normale,Deux véhicules - arrière,4,1,2,0,1,1,1,9,1,50,2,3,2,0,0,1,55.0,61.0,deux_roues,voiture,1,2,9,1,2
201900042114,2019-06-18 22:10:00,2019,6,18,22,10,31,31483,ISLE (AVENUE DE L'),43.11169,0.72579,Nuit avec éclairage allumé,En agglomération,Hors intersection,Normale,Sans collision,3,2,2,0,1,1,1,0,1,50,1,1,0,0,0,1,18.0,,deux_roues,,5,2,1,1,7
201900042115,2019-06-12 18:45:00,2019,6,12,18,45,29,29051,RN 165,48.0025205,-4.0549769,Plein jour,Hors agglomération,Hors intersection,Temps couvert,Trois véhicules et plus - en chaîne,2,3,4,-1,1,1,2,0,1,110,3,4,3,0,0,1,50.0,44.0,voiture,voiture,1,1,1,8,4
201900042116,2019-06-04 13:20:00,2019,6,4,13,20,26,26252,BEAUVALLON ROUTE,44.88822,4.893362,Plein jour,Hors agglomération,Hors intersection,Normale,Trois véhicules et plus - en chaîne,3,2,-1,-1,1,1,1,0,1,80,5,13,5,0,0,8,26.0,65.0,voiture,voiture,1,1,1,1,4
201900042117,2019-06-06 07:20:00,2019,6,6,7,20,25,25056,BLUM  BOULEVARD LEON (inf 51),47.26248,6.04043,Plein jour,En agglomération,Hors intersection,Normale,Autre collision,4,3,4,3,1,1,1,0,1,50,1,2,1,0,1,0,30.0,,utilitaire_camion,,1,2,1,1,6
201900042118,2019-06-01 20:50:00,2019,6,1,20,50,25,25056,20 rue de Vesoul,47.25043,6.0186,Plein jour,En agglomération,Hors intersection,Normale,Trois véhicules et plus - collisions multiples,4,2,2,1,2,1,1,0,1,50,3,2,1,0,1,0,30.0,33.0,deux_roues,voiture,1,2,1,1,5
201900042119,2019-06-12 18:00:00,2019,6,12,18,0,21,21231,PIERRE DE COUBERTIN (RUE),47.31181,5.08085,Plein jour,En agglomération,Hors intersection,Normale,Deux véhicules - côté,4,2,2,0,1,1,1,0,1,50,2,2,1,0,1,0,60.0,44.0,deux_roues,voiture,1,2,1,1,3
201900042120,2019-06-05 03:12:00,2019,6,5,3,12,17,17028,CLAIRES   RUE DES,46.129108,-1.134427,Nuit avec éclairage non allumé,En agglomération,Hors intersection,Normale,Autre collision,4,2,2,0,1,4,1,0,1,50,1,1,0,0,0,1,26.0,,voiture,,4,2,1,1,6
201900042121,2019-06-15 00:40:00,2019,6,15,0,40,13,13056,ALLENDE BOULEVARD SALVADOR,43.41576,5.05903,Nuit avec éclairage allumé,En agglomération,Hors intersection,Normale,Autre collision,4,1,1,0,3,2,2,0,1,50,1,1,0,0,0,1,27.0,,deux_roues,,5,2,1,1,6
201900042122,2019-06-17 21:00:00,2019,6,17,21,0,13,13207,Corniche John Fitzgérald Kennedy,43.283,5.35,Plein jour,En agglomération,Intersection en X,Normale,Deux véhicules - côté,7,2,2,0,1,1,1,0,1,50,2,2,1,0,0,1,17.0,27.0,deux_roues,voiture,1,2,2,1,3
201900042123,2019-06-16 06:45:00,2019,6,16,6,45,13,13205,SAKAKINI (BOULEVARD),43.29989,5.4007,Plein jour,En agglomération,Intersection en X,Normale,Deux véhicules - côté,4,3,6,0,1,1,1,0,1,50,2,2,1,0,0,1,33.0,45.0,voiture,voiture,1,2,2,1,3
201900042124,2019-06-16 02:00:00,2019,6,16,2,0,13,13205,TERRUSSE (RUE),43.29634,5.39164,Nuit avec éclairage allumé,En agglomération,Intersection en T,Normale,Deux véhicules - côté,4,2,2,0,4,1,1,0,1,50,2,2,1,0,0,1,46.0,22.0,voiture,voiture,5,2,3,1,3
201900042125,2019-06-15 23:02:00,2019,6,15,23,2,13,13201,BELGES (QUAI DES),43.29411,5.37434,Nuit avec éclairage allumé,En agglomération,Hors intersection,Normale,Autre collision,4,2,4,3,1,1,1,0,1,50,1,2,1,0,0,1,19.0,,utilitaire_camion,,5,2,1,1,6
201900042126,2019-06-12 15:45:00,2019,6,12,15,45,13,13206,PRADO (AVENUE DU),43.28546,5.38392,Plein jour,En agglomération,Hors intersection,Normale,Autre collision,4,2,5,3,1,1,1,0,1,50,1,3,0,0,0,3,23.0,,deux_roues,,1,2,1,1,6
201900042127,2019-06-11 09:00:00,2019,6,11,9,0,13,13205,SAINT PIERRE (RUE),43.29123,5.4171,Plein jour,En agglomération,Intersection en Y,Pluie légère,Autre collision,4,2,4,0,1,1,2,0,1,50,1,1,0,0,1,0,59.0,,deux_roues,,1,2,4,2,6
201900042128,2019-06-10 23:25:00,2019,6,10,23,25,13,13205,BAILLE (BOULEVARD),43.28776,5.39011,Nuit avec éclairage allumé,En agglomération,Hors intersection,Normale,Deux véhicules - arrière,4,2,5,0,1,1,1,0,1,50,2,2,1,0,0,1,39.0,34.0,deux_roues,voiture,5,2,1,1,2
201900042129,2019-06-10 12:10:00,2019,6,10,12,10,13,13207,CORDERIE (BOULEVARD DE LA),43.29033,5.36894,Plein jour,En agglomération,Hors intersection,Normale,Deux véhicules - côté,4,2,4,0,1,1,1,0,1,50,2,2,0,0,1,1,24.0,63.0,voiture,deux_roues,1,2,1,1,3
201900042130,2019-06-10 09:15:00,2019,6,10,9,15,13,13207,ENDOUME (RUE D'),43.29122,5.36677,Plein jour,En agglomération,Hors intersection,Normale,Autre collision,4,1,1,0,2,1,1,0,1,50,1,1,0,0,0,1,57.0,,utilitaire_camion,,1,2,1,1,6
201900042131,2019-06-05 20:45:00,2019,6,5,20,45,13,13206,CASTELLANE (PLACE),43.28567,5.38406,Plein jour,En agglomération,Place,Normale,Deux véhicules - côté,4,1,0,0,1,3,1,0,1,50,2,2,1,0,0,1,20.0,16.0,voiture,deux_roues,1,2,7,1,3
201900042132,2019-06-05 10:30:00,2019,6,5,10,30,13,13204,FISSIAUX (IMPASSE),43.302531,5.396017,Plein jour,En agglomération,Intersection en T,Normale,Autre collision,4,1,1,0,1,1,1,0,1,50,1,2,1,0,0,1,18.0,,deux_roues,,1,2,3,1,6
201900042133,2019-06-05 08:20:00,2019,6,5,8,20,13,13206,BAILLE (BOULEVARD),43.28748,5.38907,Plein jour,En agglomération,Hors intersection,Normale,Autre collision,4,2,6,3,2,1,1,0,1,50,2,2,1,0,0,1,19.0,53.0,deux_roues,voiture,1,2,1,1,6
201900042134,2019-06-04 10:05:00,2019,6,4,10,5,13,13207,Corniche John Fitzgérald Kennedy,43.27064,5.36333,Plein jour,En agglomération,Hors intersection,Normale,Autre collision,6,1,1,0,1,1,1,0,1,10,1,2,1,0,0,1,75.0,,voiture,,1,2,1,1,6
201900042135,2019-06-01 11:35:00,2019,6,1,11,35,13,13206,PRADO (AVENUE DU),43.2839,5.38456,Plein jour,En agglomération,Hors intersection,Normale,Autre collision,4,2,6,0,1,1,1,0,1,50,1,3,0,0,0,3,50.0,,deux_roues,,1,2,1,1,6
201900042136,2019-06-01 10:50:00,2019,6,1,10,50,13,13207,Corniche John Fitzgérald Kennedy,43.28769,5.35226,Plein jour,En agglomération,Hors intersection,Normale,Deux véhicules - côté,4,2,3,0,1,1,1,0,1,50,2,2,1,0,0,1,31.0,51.0,deux_roues,voiture,1,2,1,1,3
201900042137,2019-05-30 19:00:00,2019,5,30,19,0,13,13206,BAILLE (BOULEVARD),43.28643,5.38589,Plein jour,En agglomération,Hors intersection,Normale,Autre collision,4,1,1,0,4,1,1,0,1,50,1,2,1,0,1,0,61.0,,deux_roues,,1,2,1,1,6
201900042138,2019-06-02 16:20:00,2019,6,2,16,20,5,05061,RD944,44.60222,6.11085,Plein jour,Hors agglomération,Hors intersection,Normale,Sans collision,3,2,2,0,2,2,9,0,1,80,1,1,0,0,0,1,33.0,,deux_roues,,1,1,1,1,7
201900042139,2019-04-29 18:15:00,2019,4,29,18,15,94,94080,PARIS (AV DE),48.84522,2.43306,Plein jour,En agglomération,Hors intersection,Normale,Autre collision,3,-1,0,0,1,1,1,9,1,50,1,1,0,0,0,1,67.0,,voiture,,1,2,1,1,6
201900042140,2019-06-04 08:50:00,2019,6,4,8,50,94,94080,CHATEAU (AV DU),48.8471,2.43687,Plein jour,En agglomération,Hors intersection,Temps couvert,Autre collision,4,2,2,0,1,1,2,0,1,50,1,2,1,0,0,1,34.0,,voiture,,1,2,1,8,6
201900042141,2019-06-12 07:45:00,2019,6,12,7,45,94,94041,PIERRE SEMARD (AV),48.81908,2.38054,Plein jour,En agglomération,Hors intersection,Normale,Deux véhicules - côté,3,2,2,0,1,1,1,0,1,50,2,2,1,0,0,1,41.0,34.0,deux_roues,voiture,1,2,1,1,3
201900042142,2019-06-18 13:25:00,2019,6,18,13,25,94,94060,GENERAL DE GAULLE (R DU),48.781894,2.570207,Plein jour,En agglomération,Intersection en X,Normale,Deux véhicules - côté,3,1,1,0,1,2,1,0,1,50,2,2,0,0,0,2,38.0,24.0,voiture,voiture,1,2,2,1,3
201900042143,2019-06-10 00:00:00,2019,6,10,0,0,94,94055,PROVINS (RTE DE),48.79573,2.54998,Nuit avec éclairage allumé,En agglomération,Hors intersection,Normale,Deux véhicules - arrière,3,2,2,0,1,1,1,0,1,50,2,2,0,0,0,2,20.0,20.0,utilitaire_camion,utilitaire_camion,5,2,1,1,2
201900042144,2019-06-04 08:35:00,2019,6,4,8,35,94,94017,STALINGRAD (BD DE),48.82225,2.49813,Plein jour,En agglomération,Hors intersection,Autre,Deux véhicules - côté,3,2,2,0,1,1,1,0,1,50,2,2,1,0,0,1,41.0,36.0,deux_roues,voiture,1,2,1,9,3
201900042145,2019-06-03 12:30:00,2019,6,3,12,30,93,93073,CHAPIT RE ( RUE DU),49.003091,2.536853,Plein jour,Hors agglomération,Autre intersection,Temps couvert,Deux véhicules - arrière,4,3,4,0,1,1,2,0,1,50,2,3,1,0,1,1,41.0,68.0,utilitaire_camion,voiture,1,1,9,8,2
201900042146,2019-05-31 18:50:00,2019,5,31,18,50,93,93047,JEAN JAURES (AVENUE),48.89968,2.54782,Plein jour,En agglomération,Hors intersection,Normale,Autre collision,3,2,2,0,1,1,1,0,1,30,1,4,3,0,0,1,36.0,,utilitaire_camion,,1,2,1,1,6
201900042147,2019-03-16 01:10:00,2019,3,16,1,10,93,93014,GAGARINE (BOULEVARD),48.9081,2.5329,Nuit avec éclairage allumé,En agglomération,Intersection en X,Normale,Deux véhicules - côté,3,3,4,0,2,1,1,5,1,30,2,2,1,0,0,1,27.0,28.0,voiture,voiture,5,2,2,1,3
201900042148,2019-06-05 09:25:00,2019,6,5,9,25,92,92049,BROSSOLETTE AVENUE PIERRE,48.8175951,2.3077344,Plein jour,En agglomération,Intersection en T,Normale,Deux véhicules - côté,3,2,2,3,1,1,1,0,1,50,2,2,1,0,0,1,55.0,34.0,deux_roues,voiture,1,2,3,1,3
201900042149,2019-06-04 10:10:00,2019,6,4,10,10,92,92049,REPUBLIQUE AVENUE DE LA N°1 A 79,48.81903,2.31998,Plein jour,En agglomération,Hors intersection,Temps couvert,Autre collision,4,1,1,0,1,1,2,0,1,50,2,2,1,0,0,1,61.0,72.0,utilitaire_camion,deux_roues,1,2,1,8,6
201900042150,2019-06-02 20:14:00,2019,6,2,20,14,92,92049,BRIAND AVENUE ARISTIDE AUTRES N°,48.7983955,2.3226301,Plein jour,En agglomération,Hors intersection,Normale,Deux véhicules - frontale,3,3,6,0,1,1,1,0,1,50,2,2,1,0,0,1,25.0,46.0,voiture,voiture,1,2,1,1,1
201900042151,2019-03-25 16:17:00,2019,3,25,16,17,92,92009,R. P.CORENTIN-CLOAREC ( AVE ),48.913741,2.262191,Plein jour,En agglomération,Hors intersection,Normale,Autre collision,4,-1,1,0,1,1,1,0,1,50,1,2,1,0,1,0,23.0,,voiture,,1,2,1,1,6
201900042152,2019-02-24 19:30:00,2019,2,24,19,30,69,69244,16 promenade des tuileries,45.762786,4.778625,Nuit avec éclairage allumé,En agglomération,Hors intersection,Normale,Autre collision,4,2,2,0,1,1,1,0,1,50,2,2,1,0,0,1,60.0,26.0,voiture,deux_roues,5,2,1,1,6
201900042153,2019-06-04 20:40:00,2019,6,4,20,40,33,33080,AUTOROUTE A 62,44.72392,-0.52497,Plein jour,Hors agglomération,Hors intersection,Pluie légère,Autre collision,1,3,4,0,1,1,1,3,1,130,2,2,1,0,0,1,40.0,32.0,utilitaire_camion,voiture,1,1,1,2,6
201900042154,2019-06-18 16:15:00,2019,6,18,16,15,94,94016,AUTOROUTE A6A,48.7977,2.3437,Plein jour,Hors agglomération,Hors intersection,Normale,Trois véhicules et plus - collisions multiples,1,3,6,0,2,1,1,0,1,70,3,3,2,0,0,1,47.0,31.0,utilitaire_camion,utilitaire_camion,1,1,1,1,5
201900042155,2019-06-18 15:05:00,2019,6,18,15,5,91,91589,AUTOROUTE A6,48.6766,2.3394,Plein jour,Hors agglomération,Hors intersection,Normale,Deux véhicules - côté,1,3,7,0,1,1,1,0,1,110,2,2,1,0,0,1,23.0,58.0,voiture,deux_roues,1,1,1,1,3
201900042156,2019-06-17 17:00:00,2019,6,17,17,0,91,91534,RN 118,48.7398,2.1814,Plein jour,Hors agglomération,Hors intersection,Normale,Trois véhicules et plus - en chaîne,2,3,4,0,1,1,1,0,3,110,3,3,2,0,0,1,35.0,54.0,deux_roues,utilitaire_camion,1,1,1,1,4
201900042157,2019-06-13 09:45:00,2019,6,13,9,45,94,94034,AUTOROUTE A86,48.7572,2.3298,Plein jour,Hors agglomération,Hors intersection,Normale,Deux véhicules - arrière,1,3,5,0,1,1,1,1,1,70,2,2,1,0,0,1,58.0,28.0,utilitaire_camion,deux_roues,1,1,1,1,2
201900042158,2019-06-11 19:00:00,2019,6,11,19,0,91,91471,RD 188 CHEVREUSE,48.708,2.1904,Crépuscule ou aube,Hors agglomération,Hors intersection,Pluie forte,Trois véhicules et plus - en chaîne,3,3,4,0,2,1,2,0,3,110,3,3,2,0,0,1,23.0,38.0,voiture,voiture,2,1,1,3,4
201900042159,2019-06-06 19:00:00,2019,6,6,19,0,91,91689,AUTOROUTE A6,48.7276,2.3138,Plein jour,Hors agglomération,Hors intersection,Normale,Deux véhicules - arrière,1,3,6,0,1,1,1,0,1,110,2,2,0,0,0,2,29.0,57.0,voiture,utilitaire_camion,1,1,1,1,2
201900042160,2019-06-06 16:45:00,2019,6,6,16,45,94,94076,AUTOROUTE A6B,48.786,2.3454,Plein jour,Hors agglomération,Hors intersection,Normale,Sans collision,1,1,3,0,1,1,1,0,1,90,1,2,0,0,0,2,28.0,,deux_roues,,1,1,1,1,7
201900042161,2019-06-04 18:45:00,2019,6,4,18,45,93,93066,AUTOROUTE A1,48.92991,2.36419,Plein jour,Hors agglomération,Hors intersection,Pluie forte,Deux véhicules - arrière,1,3,10,0,1,1,2,0,1,90,2,2,0,0,0,2,24.0,25.0,deux_roues,deux_roues,1,1,1,3,2
201900042162,2019-06-02 18:40:00,2019,6,2,18,40,93,93005,AUTOROUTE A3,48.95355,2.47379,Plein jour,Hors agglomération,Hors intersection,Normale,Deux véhicules - arrière,1,3,10,0,1,1,1,0,1,110,2,2,1,0,0,1,39.0,33.0,voiture,deux_roues,1,1,1,1,2
201900042163,2019-06-01 19:35:00,2019,6,1,19,35,93,93053,AUTOROUTE A3,48.88392,2.46629,Plein jour,Hors agglomération,Hors intersection,Normale,Deux véhicules - arrière,1,3,9,0,2,1,1,0,1,70,2,3,2,0,0,1,42.0,29.0,voiture,utilitaire_camion,1,1,1,1,2
201900042164,2019-06-10 00:00:00,2019,6,10,0,0,988,98818,IEKAWE (RUE JACQUES),-22.2223,166.48133,Nuit avec éclairage allumé,En agglomération,Intersection en T,Normale,Deux véhicules - côté,4,2,2,0,1,1,1,5,1,50,2,2,1,0,0,1,30.0,24.0,deux_roues,voiture,5,2,3,1,3
201900042165,2019-06-09 23:55:00,2019,6,9,23,55,988,98818,ROUTE EXPRESS DU MONT DORE,-22.23448,166.48751,Nuit avec éclairage allumé,En agglomération,Hors intersection,Normale,Autre collision,1,2,2,0,1,2,1,3,1,50,1,4,1,1,2,0,27.0,,voiture,,5,2,1,1,6
201900042166,2019-06-09 17:30:00,2019,6,9,17,30,988,98818,RUE CONTRE AMIRAL JOSEPH DU BOUZET,-22.26726,166.41143,Nuit avec éclairage allumé,Hors agglomération,Hors intersection,Pluie légère,Deux véhicules - arrière,4,-1,2,0,4,3,2,0,1,50,2,3,2,0,0,1,27.0,44.0,voiture,transport_commun,5,1,1,2,2
201900042167,2019-06-09 16:20:00,2019,6,9,16,20,988,98818,VE1 SENS SUD/NORD,-22.24516,166.45844,Plein jour,Hors agglomération,Hors intersection,Pluie légère,Deux véhicules - arrière,1,3,4,-1,1,2,1,0,1,70,2,4,0,0,0,4,39.0,34.0,utilitaire_camion,voiture,1,1,1,2,2
201900042168,2019-06-04 08:00:00,2019,6,4,8,0,988,98818,VE1 SENS SUD/NORD,-22.25731,166.4476,Plein jour,En agglomération,Autre intersection,Normale,Deux véhicules - arrière,1,3,4,0,1,1,1,0,1,70,2,3,2,0,0,1,52.0,31.0,voiture,voiture,1,2,9,1,2
201900042169,2019-06-04 08:15:00,2019,6,4,8,15,988,98818,RUE R.P. GAUDET/RUE TARAGNAT,-22.27255,166.45393,Plein jour,En agglomération,Intersection en T,Normale,Deux véhicules - arrière,4,2,2,0,1,1,1,0,1,50,2,2,1,0,0,1,54.0,21.0,voiture,voiture,1,2,3,1,2
201900042170,2019-05-30 09:55:00,2019,5,30,9,55,988,98818,AVENUE DU MARECHAL FOCH/VERDUN,-22.2759724,166.442916,Plein jour,En agglomération,Intersection en X,Normale,Autre collision,4,1,2,0,1,1,1,0,1,50,1,2,1,0,0,1,38.0,,voiture,,1,2,2,1,6
201900042171,2019-05-29 12:00:00,2019,5,29,12,0,988,98818,AVENUE JAMES COOK,-22.268056,166.422861,Plein jour,En agglomération,Hors intersection,Normale,Trois véhicules et plus - en chaîne,4,2,2,0,1,1,1,0,1,50,3,4,2,0,0,2,23.0,19.0,voiture,voiture,1,2,1,1,4
201900042172,2019-06-17 10:58:00,2019,6,17,10,58,976,97611,kaweni-Kaweni sud  (Z I),-12.7731,45.22299,Plein jour,En agglomération,Intersection en T,Normale,Autre collision,2,3,2,0,1,1,1,9,1,50,1,2,1,0,0,1,29.0,,voiture,,1,2,3,1,6
201900042173,2019-06-14 19:40:00,2019,6,14,19,40,976,97611,kaweni-GEOLE (la),-12.76704,45.22463,Nuit avec éclairage allumé,En agglomération,Autre intersection,Normale,Deux véhicules - arrière,2,3,2,0,1,1,1,0,1,50,2,1,0,0,0,1,37.0,,deux_roues,,5,2,9,1,2
201900042174,2019-06-14 17:00:00,2019,6,14,17,0,976,97611,tsoundzou-Cadjifouteni ( rue ),-12.80658,45.20532,Plein jour,En agglomération,Hors intersection,Normale,Autre collision,4,2,2,0,1,1,1,9,1,50,1,2,1,0,0,1,19.0,,deux_roues,,1,2,1,1,6
201900042175,2019-06-08 21:15:00,2019,6,8,21,15,976,97611,mamoudzou centre-RP Passot quai colas (R,-12.77607,45.23209,Nuit sans éclairage public,En agglomération,Intersection en T,Normale,Deux véhicules - côté,2,2,2,0,1,1,1,0,1,50,2,3,1,0,0,2,54.0,46.0,voiture,deux_roues,3,2,3,1,3
201900042176,2019-06-06 20:15:00,2019,6,6,20,15,976,97611,mamoudzou centre-Rassi Boina Kaïm (rue),-12.784465,45.229236,Nuit avec éclairage allumé,En agglomération,Hors intersection,Normale,Autre collision,2,2,2,0,3,2,1,9,1,50,1,2,0,0,2,0,,,,,5,2,1,1,6
201900042177,2019-06-03 12:45:00,2019,6,3,12,45,976,97611,kaweni-Mangrove (route de la),-12.773,45.22303,Plein jour,En agglomération,Autre intersection,Normale,Deux véhicules - côté,2,2,2,0,1,1,1,0,1,50,2,2,1,0,0,1,59.0,,utilitaire_camion,,1,2,9,1,3
201900042178,2019-06-03 06:57:00,2019,6,3,6,57,976,97611,passamanty-Cavani-Be (rue),-12.80015,45.21567,Plein jour,En agglomération,Autre intersection,Normale,Autre collision,2,2,2,0,1,1,1,0,1,50,1,2,1,0,0,1,54.0,,voiture,,1,2,9,1,6
201900042179,2019-06-01 17:20:00,2019,6,1,17,20,976,97611,kaweni-Mangrove (route de la),-12.77277,45.22493,Crépuscule ou aube,En agglomération,Hors intersection,Normale,Deux véhicules - côté,4,2,2,0,1,1,1,0,1,50,2,3,1,0,0,2,37.0,25.0,voiture,deux_roues,2,2,1,1,3
201900042180,2019-05-30 22:25:00,2019,5,30,22,25,976,97611,tsoundzou-Cadjifouteni ( rue ),-12.8079,45.20447,Nuit sans éclairage public,En agglomération,Hors intersection,Normale,Sans collision,2,2,2,0,1,1,1,9,1,50,1,1,0,0,0,1,28.0,,deux_roues,,3,2,1,1,7
201900042181,2019-06-09 18:00:00,2019,6,9,18,0,974,97416,Allée des cèdres,-21.30816,55.42665,Nuit avec éclairage allumé,Hors agglomération,Hors intersection,Normale,Autre collision,4,2,2,0,1,1,1,0,1,30,1,1,0,0,0,1,19.0,,deux_roues,,5,1,1,1,6
201900042182,2019-06-17 17:20:00,2019,6,17,17,20,974,97416,Rue de Cambuston,-20.93259,55.6483,Plein jour,En agglomération,Hors intersection,Normale,Autre collision,2,2,2,0,1,1,2,2,1,80,2,4,1,0,2,1,45.0,39.0,deux_roues,voiture,1,2,1,1,6
201900042183,2019-06-17 06:30:00,2019,6,17,6,30,974,97416,ANCIENNE RN2 (2),-21.332442,55.480398,Plein jour,Hors agglomération,Intersection en T,Normale,Trois véhicules et plus - en chaîne,2,2,2,0,1,1,1,2,3,70,3,3,1,0,0,2,35.0,48.0,deux_roues,deux_roues,1,1,3,1,4
201900042184,2019-06-12 19:15:00,2019,6,12,19,15,974,97416,Avenue Marcel Hoarau,-20.90174,55.49216,Plein jour,En agglomération,Intersection en T,Pluie légère,Autre collision,3,2,2,0,1,1,2,9,1,70,1,1,0,0,0,1,25.0,,voiture,,1,2,3,2,6
201900042185,2019-06-08 18:30:00,2019,6,8,18,30,974,97416,DIAGONALE(CHEMIN),-21.30739,55.47112,Nuit sans éclairage public,Hors agglomération,Hors intersection,Normale,Autre collision,4,2,2,0,1,1,1,0,1,50,2,1,0,0,0,1,20.0,,voiture,,3,1,1,1,6
201900042186,2019-06-08 17:50:00,2019,6,8,17,50,974,97416,ZONE (ALLEE DE LA),-21.31716,55.47421,Crépuscule ou aube,En agglomération,Intersection en T,Normale,Deux véhicules - côté,4,2,2,0,2,1,1,9,1,50,2,2,1,0,0,1,57.0,38.0,voiture,deux_roues,2,2,3,1,3
201900042187,2019-06-02 11:45:00,2019,6,2,11,45,974,97416,Chemin Badamier,-21.30832,55.45705,Plein jour,Hors agglomération,Hors intersection,Normale,Deux véhicules - côté,4,2,2,0,2,1,1,0,1,50,2,2,1,0,0,1,39.0,36.0,voiture,deux_roues,1,1,1,1,3
201900042188,2019-06-16 05:15:00,2019,6,16,5,15,974,97411,JAURES (BOULEVARD JEAN),-20.8973,55.4752,Nuit avec éclairage allumé,En agglomération,Hors intersection,Normale,Autre collision,4,1,2,0,1,1,1,0,1,70,1,1,0,0,0,1,34.0,,deux_roues,,5,2,1,1,6
201900042189,2019-06-07 15:00:00,2019,6,7,15,0,974,97411,JAURES (BLD 2 JEAN),-20.90106,55.49106,Plein jour,Hors agglomération,Hors intersection,Normale,Deux véhicules - arrière,4,1,2,0,1,1,1,0,1,70,2,2,1,0,0,1,41.0,45.0,voiture,deux_roues,1,1,1,1,2
201900042190,2019-06-15 14:15:00,2019,6,15,14,15,974,97411,Boulevard Notre dame de la Trinité,-20.8943,55.46749,Plein jour,En agglomération,Hors intersection,Normale,Deux véhicules - arrière,4,2,1,0,1,1,1,0,1,50,2,4,3,0,0,1,55.0,20.0,voiture,voiture,1,2,1,1,2
201900042191,2019-06-15 10:30:00,2019,6,15,10,30,974,97411,LECONTE DE LISLE (AVENUE),-20.8923072,55.4828078,Plein jour,En agglomération,Hors intersection,Normale,Autre collision,3,2,0,0,1,1,1,0,1,50,1,2,1,0,1,0,71.0,,voiture,,1,2,1,1,6
201900042192,2019-06-14 15:00:00,2019,6,14,15,0,974,97411,Avenue Leconte de Lisle,-20.903184,55.492008,Plein jour,En agglomération,Intersection en T,Normale,Autre collision,3,-1,0,0,1,1,1,0,1,50,2,2,1,0,0,1,71.0,36.0,voiture,deux_roues,1,2,3,1,6
201900042193,2019-06-11 17:02:00,2019,6,11,17,2,974,97411,Avenue Pasteur,-20.945,55.2929,Nuit avec éclairage allumé,En agglomération,Hors intersection,Normale,Trois véhicules et plus - collisions multiples,2,1,2,0,1,1,1,1,1,50,3,3,2,0,0,1,23.0,30.0,deux_roues,voiture,5,2,1,1,5
201900042194,2019-06-11 17:10:00,2019,6,11,17,10,974,97411,MONNERVILLE (BOULEVARD GASTON),-20.895,55.4498,Plein jour,En agglomération,Hors intersection,Temps couvert,Autre collision,4,2,3,3,2,1,1,0,2,30,1,2,1,0,0,1,23.0,,voiture,,1,2,1,8,6
201900042195,2019-06-10 17:10:00,2019,6,10,17,10,974,97411,Boulevard Jean Jaurès,-20.893705,55.485656,Plein jour,En agglomération,Intersection en T,Normale,Deux véhicules - arrière,3,2,4,3,1,1,1,0,2,50,2,2,1,0,1,0,69.0,18.0,voiture,autre,1,2,3,1,2
201900042196,2019-06-08 17:35:00,2019,6,8,17,35,974,97411,Boulevard Notre dame de la trinité,-20.89454,55.46767,Plein jour,En agglomération,Hors intersection,Normale,Deux véhicules - côté,4,2,3,0,1,1,1,0,1,50,2,2,1,0,0,1,75.0,17.0,voiture,deux_roues,1,2,1,1,3
201900042197,2019-06-07 18:15:00,2019,6,7,18,15,974,97411,CHATEL (JEAN),-20.87276,55.4484,Nuit avec éclairage allumé,En agglomération,Intersection en T,Normale,Deux véhicules - côté,2,2,2,0,1,1,1,0,1,50,2,2,1,0,1,0,50.0,61.0,transport_commun,voiture,5,2,3,1,3
201900042198,2019-06-07 21:30:00,2019,6,7,21,30,974,97411,Rue Marcel Hoarau,-20.90685,55.4889,Nuit avec éclairage allumé,Hors agglomération,Hors intersection,Normale,Trois véhicules et plus - en chaîne,4,2,0,0,2,2,1,0,1,50,3,2,1,0,0,1,,36.0,voiture,voiture,5,1,1,1,4
201900042199,2019-06-05 12:23:00,2019,6,5,12,23,974,97411,Rue Léopold Rambaud,-20.88518,55.4674,Plein jour,En agglomération,Hors intersection,Normale,Autre collision,4,1,0,0,1,1,1,0,1,50,1,2,1,0,0,1,72.0,,voiture,,1,2,1,1,6
201900042200,2019-06-04 13:00:00,2019,6,4,13,0,974,97411,CHATEL (JEAN),-20.88175,55.45106,Plein jour,En agglomération,Intersection en X,Normale,Deux véhicules - côté,4,1,1,0,1,1,1,0,1,50,2,6,4,0,0,2,44.0,22.0,voiture,voiture,1,2,2,1,3