accident_id,datetime,annee,mois,jour,heure,minute,departement,commune_insee,adresse,latitude,longitude,luminosite,agglomeration,intersection,meteo,collision,catr,circ,nbv,vosp,prof,plan,surf,infra,situ,vma,nb_vehicules,nb_usagers,nb_indemnes,nb_tues,nb_blesses_hosp,nb_blesses_legers,age_cond_1,age_cond_2,veh_type_cond_1,veh_type_cond_2,lum_code,agg_code,int_code,atm_code,col_code
201900042291,2019-11-05 16:40:00,2019,11,5,16,40,91,91457,LOGES (ROUTE DES),48.581375,2.287696,Plein jour,En agglomération,Hors intersection,Normale,Autre collision,6,-1,2,0,1,1,1,0,8,50,1,2,1,0,0,1,61.0,,utilitaire_camion,,1,2,1,1,6
201900042292,2019-11-05 14:50:00,2019,11,5,14,50,91,91021,JAURES JEAN (BOULEVARD),48.587,2.246,Plein jour,En agglomération,Hors intersection,Normale,Trois véhicules et plus - en chaîne,4,-1,2,0,4,1,2,0,1,50,3,3,2,0,0,1,18.0,50.0,voiture,voiture,1,2,1,1,4
201900042293,2019-11-05 17:24:00,2019,11,5,17,24,87,87050,GARE (AVENUE DE LA) ,45.88336,1.24322,Plein jour,En agglomération,Hors intersection,Pluie légère,Autre collision,3,2,2,0,1,1,2,0,1,50,1,2,1,0,0,1,37.0,,voiture,,1,2,1,2,6
201900042294,2019-11-05 07:05:00,2019,11,5,7,5,87,87085,AUTOROUTE A20,45.85268,1.27598,Nuit sans éclairage public,Hors agglomération,Hors intersection,Pluie légère,Trois véhicules et plus - en chaîne,1,3,4,0,2,1,8,0,1,110,5,5,3,0,0,2,55.0,47.0,utilitaire_camion,voiture,3,1,1,2,4
201900042295,2019-11-06 12:30:00,2019,11,6,12,30,83,83137,BORIES (RUE PIERRE),43.12374,5.95951,Plein jour,En agglomération,Intersection en T,Normale,Deux véhicules - côté,4,2,2,0,1,1,9,0,1,50,2,2,1,0,1,0,57.0,12.0,voiture,deux_roues,1,2,3,1,3
201900042296,2019-11-06 16:12:00,2019,11,6,16,12,83,83123,BANDOL (ROUTE de),43.13537,5.77872,Plein jour,Hors agglomération,Hors intersection,Normale,Deux véhicules - côté,3,2,2,0,2,1,1,0,1,50,2,2,1,0,1,0,79.0,26.0,voiture,deux_roues,1,1,1,1,3
201900042297,2019-11-05 17:16:00,2019,11,5,17,16,79,79329,Boulevard Alfred de Vigny,46.97709,-0.20748,Plein jour,En agglomération,Intersection en X,Pluie légère,Deux véhicules - côté,4,1,1,0,1,1,2,5,1,50,2,2,1,0,0,1,17.0,82.0,deux_roues,voiture,1,2,2,2,3
201900042298,2019-11-05 18:10:00,2019,11,5,18,10,79,79191,1 rue Robert Turgot,46.33249,-0.41084,Crépuscule ou aube,En agglomération,Hors intersection,Pluie légère,Autre collision,4,2,2,0,1,1,2,0,1,50,1,2,1,0,0,1,21.0,,voiture,,2,2,1,2,6
201900042299,2019-11-02 11:55:00,2019,11,2,11,55,77,77285,D1009T X AV MAURICE DAUVERGNE,48.54294,2.63158,Plein jour,En agglomération,Intersection en X,Pluie légère,Deux véhicules - côté,3,2,2,0,1,1,2,5,1,50,2,2,1,0,1,0,19.0,45.0,deux_roues,voiture,1,2,2,2,3
201900042300,2019-11-06 23:00:00,2019,11,6,23,0,77,77335,N330 X VC,48.96377,2.86097,Nuit sans éclairage public,Hors agglomération,Giratoire,Pluie légère,Autre collision,2,2,2,0,1,1,2,5,1,80,1,1,0,1,0,0,48.0,,voiture,,3,1,6,2,6
201900042301,2019-11-06 08:10:00,2019,11,6,8,10,77,77284,CLAUDE (RUE GEORGES),48.95836,2.91739,Plein jour,En agglomération,Hors intersection,Temps couvert,Deux véhicules - côté,4,2,2,0,1,1,1,0,1,50,2,2,1,0,1,0,84.0,42.0,utilitaire_camion,deux_roues,1,2,1,8,3
201900042302,2019-11-05 15:07:00,2019,11,5,15,7,76,76108,D1043,49.4830287,1.1324394,Plein jour,Hors agglomération,Giratoire,Normale,Deux véhicules - arrière,3,2,2,0,1,1,1,0,1,90,2,2,1,0,0,1,41.0,65.0,voiture,voiture,1,1,6,1,2
201900042303,2019-11-05 11:35:00,2019,11,5,11,35,76,76216,REPUBLIQUE. RUE DE LA,49.47247,1.04254,Plein jour,En agglomération,Intersection en T,Normale,Deux véhicules - côté,3,2,2,0,1,1,1,0,1,50,2,2,0,0,0,2,55.0,85.0,deux_roues,voiture,1,2,3,1,3
201900042304,2019-11-02 09:25:00,2019,11,2,9,25,76,76540,SAINT PAUL. PLACE,49.43467,1.10589,Plein jour,En agglomération,Hors intersection,Normale,Deux véhicules - côté,3,3,4,0,1,1,1,0,1,50,2,2,1,0,0,1,60.0,40.0,voiture,voiture,1,2,1,1,3
201900042305,2019-10-30 16:40:00,2019,10,30,16,40,76,76576,D6015,49.55977,0.46921,Plein jour,Hors agglomération,Hors intersection,Normale,Deux véhicules - frontale,3,2,2,0,2,1,1,0,1,80,2,2,0,0,1,1,37.0,23.0,voiture,voiture,1,1,1,1,1
201900042306,2019-11-06 17:30:00,2019,11,6,17,30,74,74118,SAINT-JULIEN (ROUTE DE),46.17524,6.22149,Nuit avec éclairage allumé,En agglomération,Intersection en T,Normale,Deux véhicules - frontale,3,2,2,0,1,1,1,0,1,50,2,2,1,0,0,1,25.0,57.0,deux_roues,voiture,5,2,3,1,1
201900042307,2019-11-05 07:55:00,2019,11,5,7,55,74,74012,VALLEES (ROUTE DES),46.19386,6.24145,Crépuscule ou aube,En agglomération,Hors intersection,Pluie légère,Autre collision,3,-1,2,0,1,1,1,0,1,50,1,4,3,0,0,1,20.0,,voiture,,2,2,1,2,6
201900042308,2019-11-05 17:26:00,2019,11,5,17,26,72,72181,LATTRE DE TASSIGNY MARECHAL DE (BD),48.03072,0.18713,Nuit sans éclairage public,Hors agglomération,Hors intersection,Pluie légère,Trois véhicules et plus - en chaîne,3,3,4,0,1,1,2,0,1,90,3,3,2,0,0,1,21.0,31.0,voiture,voiture,3,1,1,2,4
201900042309,2019-11-06 04:15:00,2019,11,6,4,15,71,71105,COUPEE (GRANDE-RUE DE LA),46.30774,4.81631,Nuit avec éclairage allumé,En agglomération,Hors intersection,Pluie légère,Trois véhicules et plus - collisions multiples,4,2,2,0,1,1,2,0,1,50,3,1,0,0,0,1,59.0,,voiture,,5,2,1,2,5
201900042310,2019-11-05 18:25:00,2019,11,5,18,25,71,71059,CREUSOT (RUE DU),46.80201,4.47345,Nuit avec éclairage allumé,En agglomération,Hors intersection,Normale,Deux véhicules - arrière,4,-1,2,0,1,1,2,0,1,50,2,4,2,0,0,2,32.0,33.0,voiture,voiture,5,2,1,1,2
201900042311,2019-11-05 09:10:00,2019,11,5,9,10,70,70550,GIRARD (RUE JEAN GEORGES),47.63011,6.14166,Plein jour,En agglomération,Hors intersection,Normale,Deux véhicules - côté,4,2,2,0,2,1,1,0,1,50,2,2,1,0,1,0,64.0,71.0,voiture,deux_roues,1,2,1,1,3
201900042312,2019-11-06 17:40:00,2019,11,6,17,40,69,69266,ANTONIN PERRIN     (Rue),45.75953,4.88493,Nuit avec éclairage allumé,En agglomération,Autre intersection,Normale,Autre collision,4,2,2,0,1,1,1,9,-1,50,1,2,1,0,0,1,45.0,,voiture,,5,2,9,1,6
201900042313,2019-11-05 23:30:00,2019,11,5,23,30,67,67204,WANTZENAU (ROUTE DE LA),48.63541,7.77382,Nuit sans éclairage public,Hors agglomération,Hors intersection,Normale,Deux véhicules - arrière,7,2,2,0,1,1,1,0,1,70,2,2,1,0,0,1,32.0,19.0,deux_roues,voiture,3,1,1,1,2
201900042314,2019-11-05 16:55:00,2019,11,5,16,55,67,67482,JEAN JAURES (AVENUE),48.56929,7.76429,Nuit avec éclairage allumé,En agglomération,Hors intersection,Pluie légère,Autre collision,4,3,3,3,1,1,2,4,1,50,1,3,2,0,0,1,19.0,,voiture,,5,2,1,2,6
201900042315,2019-11-05 16:10:00,2019,11,5,16,10,67,67482,HUMANN (RUE),48.57564,7.73842,Plein jour,En agglomération,Hors intersection,Normale,Autre collision,4,2,3,0,2,1,1,0,1,50,1,2,1,0,0,1,28.0,,voiture,,1,2,1,1,6
201900042316,2019-11-06 18:47:00,2019,11,6,18,47,67,67462,RN 59,48.26788,7.42802,Nuit sans éclairage public,Hors agglomération,Hors intersection,Pluie légère,Deux véhicules - arrière,2,2,2,0,1,1,2,0,1,80,2,3,2,0,1,0,84.0,46.0,voiture,utilitaire_camion,3,1,1,2,2
201900042317,2019-11-05 22:33:00,2019,11,5,22,33,67,67462,GENERAL DE GAULLE (PLACE DU),48.25918,7.44616,Nuit avec éclairage allumé,En agglomération,Intersection à plus de 4 branches,Pluie légère,Deux véhicules - côté,3,4,0,0,1,1,2,5,1,50,2,4,2,0,0,2,22.0,27.0,voiture,voiture,5,2,5,2,3
201900042318,2019-11-06 17:40:00,2019,11,6,17,40,64,64445,PERE PARDIES DU,43.30631,-0.37537,Nuit avec éclairage non allumé,En agglomération,Intersection en X,Pluie légère,Deux véhicules - arrière,4,2,2,0,1,1,2,0,1,50,2,2,1,0,0,1,21.0,28.0,voiture,voiture,4,2,2,2,2
201900042319,2019-11-06 14:40:00,2019,11,6,14,40,64,64445,ALSACE LORRAINE D',43.30292,-0.36256,Plein jour,En agglomération,Hors intersection,Pluie légère,Autre collision,4,2,4,1,1,1,2,0,1,50,1,2,1,0,1,0,76.0,,voiture,,1,2,1,2,6
201900042320,2019-11-04 12:33:00,2019,11,4,12,33,64,64348,MARTYRS DU PONT LONG DES,43.3520928,-0.3799922,Plein jour,Hors agglomération,Hors intersection,Pluie légère,Trois véhicules et plus - collisions multiples,3,2,2,0,1,1,2,9,1,70,4,4,3,0,0,1,54.0,79.0,voiture,voiture,1,1,1,2,5
201900042321,2019-11-05 22:50:00,2019,11,5,22,50,63,63193,RD 769,45.77425,3.20977,Nuit sans éclairage public,Hors agglomération,Hors intersection,Normale,Autre collision,7,2,2,0,2,4,1,0,1,80,1,1,0,1,0,0,54.0,,voiture,,3,1,1,1,6
201900042322,2019-11-06 19:23:00,2019,11,6,19,23,60,60057,EUROPE (AVENUE DE L'),49.4408817,2.076499,Nuit avec éclairage allumé,En agglomération,Intersection en X,Pluie légère,Deux véhicules - côté,4,2,2,0,1,1,2,0,1,30,2,3,2,0,0,1,22.0,48.0,voiture,deux_roues,5,2,2,2,3
201900042323,2019-10-31 12:30:00,2019,10,31,12,30,59,59526,ROCADE NORD(A PARTIR RUE BASSE),50.43698,3.44038,Plein jour,Hors agglomération,Autre intersection,Normale,Deux véhicules - côté,6,-1,-1,0,1,1,1,9,8,50,2,3,1,0,0,2,42.0,42.0,voiture,voiture,1,1,9,1,3
201900042324,2019-11-04 18:00:00,2019,11,4,18,0,57,57757,ROOSEVELT (RUE DU PRESIDENT) - IMPAIR,49.34975,6.1892,Nuit avec éclairage allumé,En agglomération,Hors intersection,Pluie légère,Autre collision,3,2,1,0,1,1,2,0,2,50,1,2,1,1,0,0,53.0,,transport_commun,,5,2,1,2,6
201900042325,2019-10-31 19:45:00,2019,10,31,19,45,56,56260,LECLERC(RUE DU MARECHAL),47.6581,-2.75187,Nuit avec éclairage allumé,En agglomération,Hors intersection,Normale,Autre collision,4,2,2,0,1,1,1,9,1,50,1,2,1,0,1,0,67.0,,voiture,,5,2,1,1,6
201900042326,2019-11-05 17:55:00,2019,11,5,17,55,54,54578,FORET DE HAYE (AVENUE DE LA),48.6568,6.1317,Crépuscule ou aube,En agglomération,Intersection en T,Normale,Deux véhicules - côté,4,2,6,0,1,1,1,0,1,50,2,2,1,0,0,1,68.0,45.0,voiture,voiture,2,2,3,1,3
201900042327,2019-11-06 08:15:00,2019,11,6,8,15,51,51454,RUE BRIMONTEL,49.2718798,4.0339052,Plein jour,En agglomération,Intersection en T,Pluie légère,Deux véhicules - arrière,4,2,2,0,1,3,2,0,1,50,2,2,1,1,0,0,57.0,54.0,utilitaire_camion,utilitaire_camion,1,2,3,2,2
201900042328,2019-11-04 12:10:00,2019,11,4,12,10,50,50129,NAPOLEON (PLACE),49.64242,-1.62338,Plein jour,En agglomération,Hors intersection,Temps couvert,Sans collision,4,2,2,0,1,1,2,0,1,50,1,2,1,0,1,0,24.0,,deux_roues,,1,2,1,8,7
201900042329,2019-11-04 16:15:00,2019,11,4,16,15,50,50129,VAL DE SAIRE (RUE DU),49.63868,-1.61557,Plein jour,En agglomération,Hors intersection,Normale,Deux véhicules - côté,4,2,2,0,1,1,2,0,1,50,2,2,1,0,0,1,31.0,25.0,voiture,deux_roues,1,2,1,1,3
201900042330,2019-11-05 08:24:00,2019,11,5,8,24,49,49007,LIZE,47.49055,-0.56474,Plein jour,En agglomération,Hors intersection,Pluie légère,Deux véhicules - côté,4,-1,2,0,1,1,2,0,1,50,2,2,1,0,0,1,32.0,26.0,deux_roues,voiture,1,2,1,2,3
201900042331,2019-11-05 08:55:00,2019,11,5,8,55,49,49267,A87N,47.46416,-0.51674,Nuit avec éclairage non allumé,En agglomération,Hors intersection,Pluie légère,Trois véhicules et plus - en chaîne,1,3,4,0,1,1,2,0,1,90,5,5,3,0,0,2,37.0,39.0,voiture,voiture,4,2,1,2,4
201900042332,2019-11-04 17:26:00,2019,11,4,17,26,49,49007,BON PASTEUR BOULEVARD,47.47362,-0.57935,Crépuscule ou aube,En agglomération,Hors intersection,Pluie légère,Trois véhicules et plus - en chaîne,4,-1,1,0,1,1,2,0,1,30,3,3,2,0,0,1,22.0,21.0,deux_roues,voiture,2,2,1,2,4
201900042333,2019-11-06 13:00:00,2019,11,6,13,0,45,45004,RUE DES PONTS,47.963085,2.765937,Plein jour,En agglomération,Hors intersection,Temps couvert,Autre collision,4,2,2,0,1,1,2,0,1,50,1,5,0,0,0,5,23.0,,voiture,,1,2,1,8,6
201900042334,2019-10-25 07:45:00,2019,10,25,7,45,44,44162,BOULEVARD MARCEL PAUL,47.2359205,-1.6290115,Nuit avec éclairage allumé,En agglomération,Hors intersection,Pluie légère,Trois véhicules et plus - collisions multiples,4,2,0,0,1,1,2,0,1,50,3,3,1,0,1,1,52.0,43.0,voiture,voiture,5,2,1,2,5
201900042335,2019-11-06 15:25:00,2019,11,6,15,25,37,37261,DE GAULLE (AVENUE DU GENERAL),47.38096,0.69999,Plein jour,En agglomération,Intersection en X,Normale,Autre collision,4,2,0,1,1,1,1,0,1,50,2,2,1,0,0,1,48.0,20.0,voiture,deux_roues,1,2,2,1,6
201900042336,2019-11-06 13:45:00,2019,11,6,13,45,37,37261,ROTONDE (ROND-POINT DE LA),47.38133,0.70675,Plein jour,En agglomération,Hors intersection,Normale,Sans collision,4,1,1,0,1,2,1,5,1,50,1,1,0,0,0,1,29.0,,deux_roues,,1,2,1,1,7
201900042337,2019-11-06 09:45:00,2019,11,6,9,45,37,37122,BORDEAUX (AVENUE DE),47.35804,0.69813,Plein jour,En agglomération,Hors intersection,Normale,Deux véhicules - arrière,4,3,4,0,1,1,1,0,1,50,2,2,0,0,0,2,24.0,64.0,voiture,voiture,1,2,1,1,2
201900042338,2019-11-04 12:10:00,2019,11,4,12,10,37,37261,BERT (QUAI PAUL),47.403,0.701,Plein jour,En agglomération,Hors intersection,Normale,Autre collision,4,2,2,0,1,1,2,3,1,50,2,2,1,0,0,1,80.0,15.0,voiture,deux_roues,1,2,1,1,6
201900042339,2019-11-06 19:30:00,2019,11,6,19,30,35,35281,DODIN (AVENUE ROGER),48.08189,-1.71164,Nuit avec éclairage allumé,En agglomération,Giratoire,Temps couvert,Autre collision,3,1,2,0,1,3,2,5,4,50,1,1,0,0,0,1,59.0,,voiture,,5,2,6,8,6
201900042340,2019-11-06 18:30:00,2019,11,6,18,30,35,35238,PORTE DE LORIENT,48.11294,-1.718785,Nuit avec éclairage allumé,Hors agglomération,Hors intersection,Normale,Deux véhicules - côté,2,3,4,0,1,1,1,0,1,90,2,2,1,0,0,1,37.0,23.0,voiture,deux_roues,5,1,1,1,3
201900042341,2019-11-06 18:30:00,2019,11,6,18,30,35,35238,PORTE DE BREST,48.12229,-1.71944,Nuit sans éclairage public,Hors agglomération,Hors intersection,Pluie légère,Trois véhicules et plus - en chaîne,2,1,1,0,1,1,2,0,1,90,3,3,2,0,0,1,18.0,47.0,deux_roues,voiture,3,1,1,2,4
201900042342,2019-11-06 09:00:00,2019,11,6,9,0,35,35238,PREVALAYE (CHEMIN DE LA),48.09804,-1.7272,Plein jour,Hors agglomération,Intersection en X,Normale,Deux véhicules - côté,4,2,2,0,1,1,2,9,-1,50,2,2,1,0,0,1,27.0,56.0,deux_roues,voiture,1,1,2,1,3
201900042343,2019-11-05 17:30:00,2019,11,5,17,30,35,35278,RN136,48.141272,-1.676089,Crépuscule ou aube,Hors agglomération,Hors intersection,Pluie légère,Trois véhicules et plus - en chaîne,2,3,4,0,1,1,2,0,1,90,4,4,2,0,0,2,28.0,32.0,voiture,voiture,2,1,1,2,4
201900042344,2019-11-05 08:50:00,2019,11,5,8,50,34,34172,RAYMOND DUGRAND (AVENUE),43.59362,3.90594,Plein jour,En agglomération,Hors intersection,Normale,Deux véhicules - côté,4,3,4,1,1,1,1,0,1,50,2,1,0,0,0,1,47.0,,deux_roues,,1,2,1,1,3
201900042345,2019-11-06 19:55:00,2019,11,6,19,55,33,33063,AVE DE TOURVILLE,44.87792,-0.55685,Nuit avec éclairage allumé,En agglomération,Intersection en X,Pluie légère,Deux véhicules - côté,4,2,2,0,1,1,2,0,1,50,2,1,0,0,0,1,20.0,,voiture,,5,2,2,2,3
201900042346,2019-11-06 17:20:00,2019,11,6,17,20,33,33063,BACALAN (QUAI DE),44.85967,-0.55469,Crépuscule ou aube,En agglomération,Intersection en T,Pluie légère,Autre collision,4,3,7,2,1,1,2,0,1,50,1,2,1,0,0,1,47.0,,voiture,,2,2,3,2,6
201900042347,2019-11-06 13:00:00,2019,11,6,13,0,33,33063,MONNAIE (QUAI DE LA) (1-30),44.83415,-0.56276,Plein jour,En agglomération,Hors intersection,Normale,Sans collision,4,3,9,2,1,1,2,0,1,50,1,3,2,0,1,0,31.0,,voiture,,1,2,1,1,7
201900042348,2019-11-05 10:00:00,2019,11,5,10,0,33,33063,RUE TILLET,44.8217,-0.5725,Plein jour,En agglomération,Intersection en T,Pluie forte,Autre collision,4,1,1,0,1,1,2,0,1,30,1,2,1,0,1,0,64.0,,autre,,1,2,3,3,6
201900042349,2019-11-06 08:40:00,2019,11,6,8,40,33,33075,ROCADE INTERIEURE,44.88958,-0.61398,Plein jour,Hors agglomération,Intersection en X,Pluie légère,Deux véhicules - côté,1,3,4,0,1,3,2,3,1,80,2,2,1,0,0,1,18.0,85.0,deux_roues,voiture,1,1,2,2,3
201900042350,2019-11-05 20:40:00,2019,11,5,20,40,33,33063,BD ALFRED DANEY,44.8688,-0.56914,Nuit avec éclairage allumé,En agglomération,Hors intersection,Temps couvert,Trois véhicules et plus - en chaîne,4,2,6,2,1,1,2,0,1,50,4,6,5,0,0,1,22.0,46.0,voiture,voiture,5,2,1,8,4
201900042351,2019-10-11 13:00:00,2019,10,11,13,0,33,33162,D1215,44.87111,-0.65718,Plein jour,Hors agglomération,Hors intersection,Normale,Trois véhicules et plus - en chaîne,4,3,4,0,1,1,1,0,1,90,4,4,3,0,0,1,39.0,33.0,voiture,voiture,1,1,1,1,4
201900042352,2019-10-31 11:10:00,2019,10,31,11,10,33,33063,QUAI DESCHAMPS,44.83865,-0.55872,Plein jour,En agglomération,Intersection en T,Pluie légère,Deux véhicules - arrière,4,2,4,0,1,1,2,0,1,50,2,2,1,0,0,1,64.0,54.0,voiture,voiture,1,2,3,2,2
201900042353,2019-11-06 15:15:00,2019,11,6,15,15,30,30189,BEAUCAIRE (ROUTE),43.8349112,4.4100183,Plein jour,Hors agglomération,Hors intersection,Normale,Autre collision,3,3,4,0,1,1,1,0,1,70,1,1,0,0,0,1,27.0,,utilitaire_camion,,1,1,1,1,6
201900042354,2019-11-05 08:00:00,2019,11,5,8,0,22,22278,GENEVE (DE),48.5174178,-2.7391255,Nuit sans éclairage public,En agglomération,Hors intersection,Pluie forte,Autre collision,4,2,2,0,1,1,2,0,1,50,1,3,2,0,1,0,82.0,,voiture,,3,2,1,3,6
201900042355,2019-11-05 18:25:00,2019,11,5,18,25,22,22278,BERT (PAUL),48.5032501,-2.753824,Nuit sans éclairage public,En agglomération,Intersection en X,Normale,Deux véhicules - côté,4,2,2,1,1,1,1,0,1,50,2,2,0,0,0,2,33.0,18.0,utilitaire_camion,voiture,3,2,2,1,3
201900042356,2019-11-05 09:05:00,2019,11,5,9,5,19,19031,POMPIDOU (AVENUE GEORGES),45.15781,1.55045,Plein jour,En agglomération,Hors intersection,Temps couvert,Trois véhicules et plus - en chaîne,4,2,2,0,1,1,2,0,1,50,3,3,2,0,0,1,49.0,58.0,voiture,voiture,1,2,1,8,4
201900042357,2019-11-06 07:55:00,2019,11,6,7,55,18,18279,BAS DE GRANGE (RUE ET PLACE),47.22388,2.05777,Plein jour,En agglomération,Hors intersection,Temps couvert,Deux véhicules - côté,4,2,2,0,1,1,1,0,1,50,2,2,1,0,1,0,17.0,43.0,deux_roues,voiture,1,2,1,8,3
201900042358,2019-11-06 07:45:00,2019,11,6,7,45,17,17449,BRIAND AVENUE ARISTIDE,45.946234,-0.892011,Crépuscule ou aube,En agglomération,Intersection en X,Normale,Deux véhicules - côté,4,2,2,0,2,1,1,0,1,50,2,2,1,0,1,0,36.0,57.0,voiture,deux_roues,2,2,2,1,3
201900042359,2019-11-04 14:05:00,2019,11,4,14,5,13,13108,ARLES (PETITE ROUTE D ARLES CD 35),43.79865,4.66415,Plein jour,Hors agglomération,Intersection en T,Normale,Deux véhicules - frontale,3,2,2,0,1,1,1,0,1,80,2,2,0,0,1,1,46.0,25.0,voiture,voiture,1,1,3,1,1
201900042360,2019-11-06 08:20:00,2019,11,6,8,20,13,13213,OLIVES (AVENUE DES),43.326329,5.438895,Plein jour,En agglomération,Hors intersection,Normale,Deux véhicules - côté,4,2,3,0,1,1,1,0,1,50,2,2,1,0,0,1,23.0,34.0,voiture,deux_roues,1,2,1,1,3
201900042361,2019-11-06 08:00:00,2019,11,6,8,0,13,13213,ALBERT EINSTEIN (RUE),43.3336,5.4312,Crépuscule ou aube,En agglomération,Hors intersection,Normale,Autre collision,4,-1,2,0,1,1,1,0,1,50,1,2,1,0,0,1,56.0,,voiture,,2,2,1,1,6
201900042362,2019-11-04 19:00:00,2019,11,4,19,0,13,13205,BERCEAU (RUE),43.28568,5.39625,Nuit sans éclairage public,En agglomération,Intersection en X,Normale,Deux véhicules - côté,4,1,1,0,1,1,1,0,1,30,2,2,1,0,0,1,20.0,25.0,voiture,voiture,3,2,2,1,3
201900042363,2019-11-04 10:00:00,2019,11,4,10,0,13,13208,MAZARGUES (AVENUE DE),43.26744,5.389401,Plein jour,En agglomération,Hors intersection,Normale,Deux véhicules - côté,4,2,3,3,1,1,1,0,1,50,2,2,1,0,0,1,33.0,29.0,voiture,deux_roues,1,2,1,1,3
201900042364,2019-11-04 20:00:00,2019,11,4,20,0,13,13001,GALICE (RTE DE),43.52879,5.43645,Nuit avec éclairage allumé,En agglomération,Intersection en X,Normale,Deux véhicules - côté,4,3,2,0,1,1,1,0,1,50,2,2,1,0,1,0,38.0,38.0,voiture,deux_roues,5,2,2,1,3
201900042365,2019-11-05 08:43:00,2019,11,5,8,43,13,13001,PETIT MOULIN (RTE DU),43.5106,5.3269,Plein jour,Hors agglomération,Hors intersection,Normale,Deux véhicules - côté,3,2,2,0,1,1,1,0,1,90,2,2,0,0,1,1,38.0,60.0,utilitaire_camion,voiture,1,1,1,1,3
201900042366,2019-11-02 19:05:00,2019,11,2,19,5,13,13001,BRIAND ARISTIDE (BD),43.53275,5.44781,Nuit avec éclairage allumé,En agglomération,Intersection en T,Normale,Deux véhicules - côté,4,1,3,0,3,2,1,0,1,50,2,2,1,0,0,1,27.0,18.0,voiture,deux_roues,5,2,3,1,3
201900042367,2019-11-01 06:50:00,2019,11,1,6,50,13,13001,BERRE (ROUTE DE),43.53573,5.40389,Crépuscule ou aube,En agglomération,Intersection en T,Brouillard / fumée,Deux véhicules - côté,4,2,2,0,1,1,1,0,1,50,2,4,0,0,0,4,29.0,73.0,utilitaire_camion,voiture,2,2,3,5,3
201900042368,2019-10-30 13:17:00,2019,10,30,13,17,13,13001,MINIMES (COURS DES),43.528867,5.437763,Plein jour,En agglomération,Autre intersection,Normale,Autre collision,3,1,2,0,1,3,1,0,1,30,1,2,1,0,1,0,32.0,,utilitaire_camion,,1,2,9,1,6
201900042369,2019-10-29 09:35:00,2019,10,29,9,35,13,13001,PREMIERE DIV FRANCAISE LIB (AV),43.548548,5.427986,Plein jour,En agglomération,Intersection en T,Normale,Deux véhicules - arrière,2,1,1,0,1,3,1,3,1,50,2,2,0,0,0,2,20.0,41.0,voiture,utilitaire_camion,1,2,3,1,2
201900042370,2019-11-06 23:40:00,2019,11,6,23,40,10,10387,JUMELAGES (RUE DES),48.30425,4.09345,Nuit avec éclairage allumé,En agglomération,Hors intersection,Pluie légère,Autre collision,7,2,2,0,1,3,2,0,4,30,1,2,0,0,0,2,34.0,,voiture,,5,2,1,2,6
201900042371,2019-11-06 22:30:00,2019,11,6,22,30,6,06088,LEPANTE (R. DE),43.706439,7.26853,Nuit avec éclairage allumé,En agglomération,Intersection en X,Normale,Deux véhicules - côté,4,1,1,0,1,1,1,0,1,50,2,2,1,0,0,1,42.0,53.0,deux_roues,voiture,5,2,2,1,3
201900042372,2019-11-06 14:47:00,2019,11,6,14,47,6,06088,LYAUTEY (AV. DU MAL),43.710076,7.282529,Plein jour,En agglomération,Hors intersection,Normale,Deux véhicules - arrière,4,1,2,0,1,1,1,0,1,50,2,3,1,0,0,2,44.0,33.0,voiture,voiture,1,2,1,1,2
201900042373,2019-11-05 18:15:00,2019,11,5,18,15,6,06069,RAYBAUD (AVENUE FELIX)  - D609-,43.641393,6.911599,Plein jour,En agglomération,Hors intersection,Normale,Autre collision,3,2,2,0,2,1,1,0,1,50,1,2,1,0,0,1,20.0,,utilitaire_camion,,1,2,1,1,6
201900042374,2019-11-03 19:29:00,2019,11,3,19,29,5,05061,EVEQUES ( CHEMIN DES ),44.56359,6.05769,Nuit sans éclairage public,En agglomération,Intersection en T,Temps couvert,Autre collision,4,-1,2,0,1,1,2,0,1,50,1,2,0,0,1,1,69.0,,voiture,,3,2,3,8,6
201900042375,2019-11-06 15:35:00,2019,11,6,15,35,2,02738,BRUNEHAUT (CHAUSSEE),49.668809,3.278718,Plein jour,En agglomération,Intersection en T,Temps couvert,Deux véhicules - côté,4,3,2,0,1,1,1,0,1,50,2,3,2,0,1,0,23.0,59.0,utilitaire_camion,voiture,1,2,3,8,3
201900042376,2019-11-05 18:15:00,2019,11,5,18,15,1,01053,JOLIOT CURIE ( BOULEVARD IRENE COTE PAIR,46.209,5.234,Nuit avec éclairage allumé,En agglomération,Intersection en X,Pluie légère,Autre collision,3,2,4,0,1,1,2,0,1,50,1,2,1,0,1,0,38.0,,voiture,,5,2,2,2,6
201900042377,2019-11-05 10:00:00,2019,11,5,10,0,75,75117,BD PERIPHERIQUE INTERIEUR,48.900558,2.32762,Plein jour,En agglomération,Hors intersection,Normale,Deux véhicules - arrière,4,1,4,0,1,1,1,0,1,70,2,2,0,0,0,2,35.0,41.0,deux_roues,deux_roues,1,2,1,1,2
201900042378,2019-11-04 11:15:00,2019,11,4,11,15,75,75116,ECHANGEUR MAILLOT,48.8740896,2.2754218,Plein jour,En agglomération,Intersection en Y,Normale,Deux véhicules - arrière,4,1,2,0,1,1,1,0,1,50,2,3,1,0,0,2,63.0,44.0,transport_commun,utilitaire_camion,1,2,4,1,2
201900042379,2019-10-30 18:05:00,2019,10,30,18,5,75,75114,BD PERIPHERIQUE EXTERIEUR,48.8164595,2.3414779,Crépuscule ou aube,En agglomération,Hors intersection,Normale,Trois véhicules et plus - en chaîne,4,-1,3,0,1,1,1,0,1,70,3,3,2,0,0,1,43.0,22.0,voiture,deux_roues,2,2,1,1,4