accident_id,datetime,annee,mois,jour,heure,minute,departement,commune_insee,adresse,latitude,longitude,luminosite,agglomeration,intersection,meteo,collision,catr,circ,nbv,vosp,prof,plan,surf,infra,situ,vma,nb_vehicules,nb_usagers,nb_indemnes,nb_tues,nb_blesses_hosp,nb_blesses_legers,age_cond_1,age_cond_2,veh_type_cond_1,veh_type_cond_2,lum_code,agg_code,int_code,atm_code,col_code
201900042380,2019-11-05 17:40:00,2019,11,5,17,40,75,75118,BOULEVARD BARBES,48.8854128,2.3495246,Nuit avec éclairage allumé,En agglomération,Hors intersection,Normale,Deux véhicules - côté,4,2,4,1,2,1,1,0,5,50,2,4,3,0,1,0,37.0,56.0,utilitaire_camion,deux_roues,5,2,1,1,3
201900042381,2019-11-05 10:08:00,2019,11,5,10,8,75,75117,BD PERIPHERIQUE INTERIEUR,48.900558,2.32762,Plein jour,En agglomération,Hors intersection,Normale,Deux véhicules - arrière,4,1,4,0,1,1,1,0,1,70,2,2,1,0,1,0,42.0,25.0,voiture,deux_roues,1,2,1,1,2
201900042382,2019-11-05 09:00:00,2019,11,5,9,0,75,75114,BD PERIPHERIQUE EXTERIEUR,48.817721,2.333999,Plein jour,En agglomération,Hors intersection,Normale,Deux véhicules - arrière,4,1,4,0,1,1,2,0,1,70,2,2,1,0,1,0,30.0,59.0,deux_roues,utilitaire_camion,1,2,1,1,2
201900042383,2019-11-06 15:10:00,2019,11,6,15,10,75,75120,RUE DES COURONNES,48.872271,2.389356,Plein jour,En agglomération,Hors intersection,Normale,Autre collision,4,2,2,0,3,1,1,0,1,50,1,2,1,0,0,1,22.0,,deux_roues,,1,2,1,1,6
201900042384,2019-11-06 12:45:00,2019,11,6,12,45,75,75120,RUE DES PYRENEES,48.8609426,2.4004713,Plein jour,En agglomération,Hors intersection,Normale,Deux véhicules - arrière,4,2,2,0,2,2,1,0,1,50,2,2,1,0,0,1,53.0,20.0,voiture,deux_roues,1,2,1,1,2
201900042385,2019-11-06 11:00:00,2019,11,6,11,0,75,75119,RUE DE BELLEVILLE,48.8757775,2.4009533,Plein jour,En agglomération,Hors intersection,Normale,Deux véhicules - côté,4,2,2,0,2,1,1,0,1,50,2,3,2,0,0,1,29.0,23.0,voiture,deux_roues,1,2,1,1,3
201900042386,2019-11-05 21:50:00,2019,11,5,21,50,75,75118,RUE ORDENER,48.8902401,2.3599141,Nuit avec éclairage allumé,En agglomération,Intersection en X,Normale,Autre collision,4,2,5,0,1,1,1,5,1,50,1,1,0,0,0,1,,,,,5,2,2,1,6
201900042387,2019-11-06 18:05:00,2019,11,6,18,5,75,75117,RUE DE PRONY,48.8832596,2.3019462,Nuit avec éclairage allumé,En agglomération,Intersection en X,Normale,Autre collision,4,2,4,0,1,1,1,0,1,30,1,2,1,0,0,1,59.0,,transport_commun,,5,2,2,1,6
201900042388,2019-11-05 09:15:00,2019,11,5,9,15,75,75117,BOULEVARD PERSHING,48.8817954,2.2852421,Plein jour,En agglomération,Intersection en Y,Normale,Deux véhicules - côté,4,1,2,0,1,1,1,8,1,50,2,2,1,0,0,1,37.0,53.0,deux_roues,utilitaire_camion,1,2,4,1,3
201900042389,2019-11-05 08:58:00,2019,11,5,8,58,75,75117,BOULEVARD BESSIERES,48.8952305,2.3161421,Plein jour,En agglomération,Intersection en Y,Normale,Autre collision,4,2,4,0,1,2,1,0,1,50,1,2,1,0,0,1,26.0,,deux_roues,,1,2,4,1,6
201900042390,2019-11-06 16:20:00,2019,11,6,16,20,75,75116,AVENUE DU PRESIDENT WILSON,48.8649617,2.2958949,Plein jour,En agglomération,Intersection en T,Temps couvert,Autre collision,4,3,3,0,1,1,1,0,1,50,1,3,2,0,0,1,42.0,,utilitaire_camion,,1,2,3,8,6
201900042391,2019-11-06 09:00:00,2019,11,6,9,0,75,75116,BD PERIPHERIQUE INTERIEUR,48.8513454,2.2522831,Plein jour,En agglomération,Intersection en Y,Normale,Trois véhicules et plus - en chaîne,4,1,4,0,1,1,1,0,1,70,4,3,2,0,0,1,26.0,46.0,deux_roues,voiture,1,2,4,1,4
201900042392,2019-11-04 12:00:00,2019,11,4,12,0,75,75116,RUE WILHEM,48.8464669,2.2706079,Plein jour,En agglomération,Intersection en X,Normale,Autre collision,4,1,1,0,1,1,1,0,1,50,1,2,1,0,0,1,32.0,,voiture,,1,2,2,1,6
201900042393,2019-11-05 15:00:00,2019,11,5,15,0,75,75114,RUE LEBOUIS,48.836451,2.32193,Plein jour,En agglomération,Hors intersection,Normale,Deux véhicules - côté,4,1,1,1,1,1,1,0,5,50,2,3,2,0,0,1,29.0,34.0,deux_roues,utilitaire_camion,1,2,1,1,3
201900042394,2019-11-06 18:05:00,2019,11,6,18,5,75,75111,BOULEVARD VOLTAIRE,48.8610043,2.3748363,Nuit avec éclairage allumé,En agglomération,Intersection en T,Pluie légère,Autre collision,4,2,4,1,1,1,2,0,5,50,1,2,1,0,0,1,22.0,,deux_roues,,5,2,3,2,6
201900042395,2019-11-05 12:07:00,2019,11,5,12,7,75,75108,BOULEVARD DE COURCELLES,48.879146,2.3031592,Plein jour,En agglomération,Intersection en X,Normale,Deux véhicules - côté,4,2,5,0,1,1,1,0,1,50,2,2,1,0,0,1,65.0,35.0,deux_roues,voiture,1,2,2,1,3
201900042396,2019-10-31 09:45:00,2019,10,31,9,45,75,75107,QUAI D ORSAY,48.8626492,2.3190592,Plein jour,En agglomération,Intersection en T,Normale,Deux véhicules - côté,4,2,2,0,1,1,1,0,1,50,2,2,1,0,0,1,57.0,22.0,deux_roues,deux_roues,1,2,3,1,3
201900042397,2019-11-05 20:00:00,2019,11,5,20,0,75,75111,BOULEVARD BEAUMARCHAIS,48.8585599,2.3678434,Nuit avec éclairage allumé,En agglomération,Intersection en T,Normale,Deux véhicules - côté,4,2,5,0,1,1,1,0,1,50,2,2,1,0,0,1,28.0,35.0,deux_roues,voiture,5,2,3,1,3
201900042398,2019-11-05 14:30:00,2019,11,5,14,30,94,94081,CONSTANT COQUELIN (R),48.77762,2.39839,Plein jour,En agglomération,Hors intersection,Normale,Autre collision,4,1,1,0,1,1,1,0,4,50,1,2,1,0,0,1,46.0,,voiture,,1,2,1,1,6
201900042399,2019-11-06 21:20:00,2019,11,6,21,20,94,94080,PARIS (AV DE),48.8452,2.4304,Nuit avec éclairage allumé,En agglomération,Hors intersection,Normale,Deux véhicules - côté,3,2,4,0,1,1,2,0,1,50,2,2,1,0,0,1,19.0,19.0,deux_roues,voiture,5,2,1,1,3
201900042400,2019-11-05 16:30:00,2019,11,5,16,30,94,94068,CARNOT (AV),48.80122,2.48721,Crépuscule ou aube,En agglomération,Hors intersection,Normale,Autre collision,4,1,1,1,1,1,1,0,1,50,1,2,1,0,0,1,25.0,,deux_roues,,2,2,1,1,6
201900042401,2019-11-05 15:30:00,2019,11,5,15,30,94,94041,JEAN COMPAGNON (QU),48.8195,2.39825,Plein jour,En agglomération,Hors intersection,Normale,Deux véhicules - arrière,4,2,2,0,1,1,1,0,1,50,2,2,1,0,0,1,32.0,59.0,voiture,voiture,1,2,1,1,2
201900042402,2019-10-31 20:40:00,2019,10,31,20,40,94,94022,REPUBLIQUE (AV DE LA),48.76127,2.40769,Nuit avec éclairage allumé,En agglomération,Intersection en X,Pluie légère,Deux véhicules - côté,3,2,2,0,1,1,2,8,1,50,2,3,2,0,0,1,38.0,21.0,voiture,voiture,5,2,2,2,3
201900042403,2019-11-06 14:50:00,2019,11,6,14,50,93,93078,BALLANGER (BD ROBERT),48.9556958,2.5395942,Plein jour,En agglomération,Autre intersection,Normale,Deux véhicules - côté,3,3,0,0,1,1,1,9,1,50,2,2,1,0,0,1,39.0,41.0,deux_roues,voiture,1,2,9,1,3
201900042404,2019-11-06 17:30:00,2019,11,6,17,30,93,93072,HUCAILLES (RUE DES),48.96256,2.38269,Nuit avec éclairage allumé,En agglomération,Intersection en T,Normale,Deux véhicules - frontale,4,1,1,0,1,1,1,0,1,50,2,2,1,0,0,1,48.0,31.0,deux_roues,voiture,5,2,3,1,1
201900042405,2019-03-02 10:30:00,2019,3,2,10,30,49,49080,carrefour entre la D89 route de Contigné et la route de la Guinoisellerie,47.691737,-0.49275,Plein jour,Hors agglomération,Intersection en X,Normale,Deux véhicules - côté,3,2,2,0,2,1,1,0,1,80,2,2,1,0,0,1,40.0,16.0,voiture,deux_roues,1,1,2,1,3
201900042406,2019-02-26 16:25:00,2019,2,26,16,25,12,12021,Lieu-dit LESTRADE,44.31103,2.128043,Plein jour,Hors agglomération,Intersection en T,Normale,Autre collision,3,2,2,0,2,1,1,0,8,80,2,2,1,0,1,0,88.0,72.0,voiture,voiture,1,1,3,1,6
201900042407,2019-02-23 08:10:00,2019,2,23,8,10,42,42023,D503,45.31038,4.598591,Crépuscule ou aube,Hors agglomération,Hors intersection,Normale,Deux véhicules - frontale,3,2,2,0,3,3,1,0,1,80,2,3,2,0,0,1,43.0,29.0,voiture,utilitaire_camion,2,1,1,1,1
201900042408,2019-02-04 18:50:00,2019,2,4,18,50,86,86109,D46 Pr4+050,46.9169846,0.1431183,Nuit sans éclairage public,Hors agglomération,Hors intersection,Pluie légère,Autre collision,3,2,2,0,1,1,2,0,1,80,1,1,0,0,1,0,32.0,,deux_roues,,3,1,1,2,6
201900042409,2019-02-26 09:30:00,2019,2,26,9,30,86,86288,d5 chantegros,46.720505,0.861734,Plein jour,Hors agglomération,Hors intersection,Temps éblouissant,Deux véhicules - frontale,3,2,2,0,2,1,1,0,1,70,2,3,0,0,3,0,83.0,69.0,voiture,voiture,1,1,1,7,1
201900042410,2019-02-26 16:45:00,2019,2,26,16,45,34,34016,D114,43.602108,3.598028,Plein jour,Hors agglomération,Hors intersection,Normale,Sans collision,3,2,2,0,1,1,1,0,3,80,1,1,0,0,1,0,17.0,,deux_roues,,1,1,1,1,7
201900042411,2019-03-03 03:45:00,2019,3,3,3,45,34,34064,département D9,43.8568308,3.3309469,Nuit sans éclairage public,Hors agglomération,Hors intersection,Normale,Autre collision,3,-1,2,0,1,1,1,0,1,80,1,1,0,0,1,0,20.0,,voiture,,3,1,1,1,6
201900042412,2019-02-27 13:50:00,2019,2,27,13,50,34,34096,D909,43.55238,3.18255,Plein jour,Hors agglomération,Hors intersection,Normale,Deux véhicules - côté,3,2,2,0,1,1,1,0,1,80,2,2,1,0,0,1,30.0,40.0,utilitaire_camion,deux_roues,1,1,1,1,3
201900042413,2019-03-02 12:20:00,2019,3,2,12,20,68,68222,Départementale 473,47.527897,7.413582,Plein jour,Hors agglomération,Hors intersection,Normale,Deux véhicules - côté,3,2,2,0,2,2,1,0,1,80,2,2,0,0,1,1,43.0,51.0,deux_roues,deux_roues,1,1,1,1,3
201900042414,2019-03-03 01:10:00,2019,3,3,1,10,68,68240,192 rue du chemin de fer,47.567354,7.296345,Nuit avec éclairage allumé,En agglomération,Hors intersection,Normale,Autre collision,3,2,2,0,1,1,1,0,1,50,1,1,0,0,1,0,55.0,,deux_roues,,5,2,1,1,6
201900042415,2019-03-01 17:30:00,2019,3,1,17,30,68,68338,CD10 I,48.080881,7.265319,Plein jour,Hors agglomération,Hors intersection,Pluie légère,Deux véhicules - frontale,3,2,2,0,1,4,2,0,1,-1,2,3,0,0,1,2,23.0,42.0,voiture,voiture,1,1,1,2,1
201900042416,2019-03-02 04:30:00,2019,3,2,4,30,25,25370,103 Rue de l'Europe,47.440632,6.785338,Nuit avec éclairage allumé,En agglomération,Hors intersection,Normale,Autre collision,3,2,2,0,1,3,2,0,3,50,1,3,0,0,3,0,24.0,,voiture,,5,2,1,1,6
201900042417,2019-03-02 01:30:00,2019,3,2,1,30,44,44036,Boulevard de la république,47.718104,-1.379614,Nuit avec éclairage allumé,En agglomération,Hors intersection,Pluie légère,Autre collision,3,2,2,0,1,1,2,0,1,30,1,1,0,0,1,0,,,,,5,2,1,2,6
201900042418,2019-02-24 21:00:00,2019,2,24,21,0,35,35012,RD 772 (intersection entre la hélière et la loulais),47.843138,-1.709945,Nuit sans éclairage public,Hors agglomération,Intersection en T,Normale,Deux véhicules - côté,3,2,2,0,1,1,1,0,1,80,2,2,1,0,1,0,38.0,54.0,deux_roues,deux_roues,3,1,3,1,3
201900042419,2019-02-21 19:50:00,2019,2,21,19,50,29,29188,"2255 Route de Kerastren,",48.6721226,-3.7863064,Nuit sans éclairage public,Hors agglomération,Hors intersection,Normale,Deux véhicules - arrière,3,2,2,0,1,1,1,0,1,80,2,3,0,0,2,1,87.0,36.0,voiture,voiture,3,1,1,1,2
201900042420,2019-02-25 17:20:00,2019,2,25,17,20,29,29260,rue de l'aber,48.437031,-4.630073,Plein jour,En agglomération,Hors intersection,Normale,Autre collision,3,2,2,0,1,1,1,6,1,50,1,2,1,0,0,1,82.0,,voiture,,1,2,1,1,6
201900042421,2019-02-23 16:45:00,2019,2,23,16,45,29,29201,D67,48.385492,-4.701431,Plein jour,Hors agglomération,Hors intersection,Normale,Deux véhicules - frontale,3,2,2,0,1,3,1,0,1,80,2,2,1,0,1,0,56.0,54.0,voiture,deux_roues,1,1,1,1,1
201900042422,2019-03-02 21:20:00,2019,3,2,21,20,29,29296,kerbenfous,47.9103939,-4.2385905,Nuit sans éclairage public,Hors agglomération,Intersection en X,Normale,Deux véhicules - côté,4,2,2,0,1,1,1,0,1,70,2,2,1,0,1,0,57.0,17.0,voiture,deux_roues,3,1,2,1,3
201900042423,2019-02-24 18:20:00,2019,2,24,18,20,29,29135,lieu dit hent croas,47.828504,-4.193569,Plein jour,Hors agglomération,Hors intersection,Normale,Autre collision,3,2,2,0,1,3,1,0,1,90,2,2,1,0,0,1,71.0,73.0,voiture,deux_roues,1,1,1,1,6
201900042424,2019-03-03 19:05:00,2019,3,3,19,5,31,31348,RD 618,42.982495,0.717847,Crépuscule ou aube,Hors agglomération,Hors intersection,Normale,Autre collision,3,2,2,0,1,4,1,9,1,80,1,1,0,0,1,0,62.0,,deux_roues,,2,1,1,1,6
201900042425,2019-02-22 08:30:00,2019,2,22,8,30,31,31499,D12-D82,43.510865,1.220079,Crépuscule ou aube,Hors agglomération,Intersection en X,Normale,Deux véhicules - côté,3,2,2,0,1,1,1,0,1,80,2,2,1,0,1,0,67.0,34.0,deux_roues,voiture,2,1,2,1,3
201900042426,2019-03-03 02:45:00,2019,3,3,2,45,31,31033,D 12d route de caujac,43.330276,1.477965,Nuit sans éclairage public,Hors agglomération,Hors intersection,Normale,Autre collision,3,2,2,0,1,1,1,0,3,80,1,1,0,0,1,0,36.0,,voiture,,3,1,1,1,6
201900042427,2019-03-03 09:15:00,2019,3,3,9,15,31,31587,route de fronton,43.771732,1.406189,Plein jour,Hors agglomération,Hors intersection,Normale,Deux véhicules - côté,3,2,2,0,2,1,1,5,1,80,2,2,1,0,0,1,53.0,22.0,voiture,deux_roues,1,1,1,1,3
201900042428,2019-02-26 10:25:00,2019,2,26,10,25,31,31091,28 route de BRUGUIÈRES,43.720124,1.415808,Plein jour,En agglomération,Hors intersection,Temps éblouissant,Deux véhicules - frontale,4,2,2,0,1,1,1,8,1,50,2,2,1,0,0,1,32.0,50.0,deux_roues,utilitaire_camion,1,2,1,7,1
201900042429,2019-02-22 14:15:00,2019,2,22,14,15,38,38480,Route Départementale 38,45.53909,5.006645,Plein jour,Hors agglomération,Hors intersection,Normale,Deux véhicules - frontale,3,2,2,0,2,3,1,0,1,80,2,4,2,0,1,1,20.0,37.0,voiture,voiture,1,1,1,1,1
201900042430,2019-03-02 22:30:00,2019,3,2,22,30,38,38034,D 538 - Avenue d'Auenwald,45.34647,5.04203,Nuit avec éclairage allumé,Hors agglomération,Giratoire,Normale,Deux véhicules - arrière,3,2,2,0,1,1,1,0,1,70,2,3,0,0,0,3,45.0,46.0,voiture,voiture,5,1,6,1,2
201900042431,2019-03-03 16:45:00,2019,3,3,16,45,2,02543,Rue du 12e Étrangers,49.177237,3.262905,Plein jour,En agglomération,Hors intersection,Normale,Autre collision,4,1,1,0,2,1,1,0,3,50,1,1,0,0,1,0,29.0,,deux_roues,,1,2,1,1,6
201900042432,2019-03-04 06:00:00,2019,3,4,6,0,2,02076,D52,49.389571,4.017832,Nuit sans éclairage public,Hors agglomération,Hors intersection,Vent fort / tempête,Sans collision,3,2,2,0,1,1,2,0,3,80,1,1,0,0,0,1,37.0,,deux_roues,,3,1,1,6,7
201900042433,2019-02-27 10:35:00,2019,2,27,10,35,3,03178,Chantalouette,46.2634663,3.7811718,Plein jour,Hors agglomération,Intersection en T,Normale,Deux véhicules - côté,3,2,2,0,1,1,1,0,1,80,2,2,1,0,1,0,69.0,62.0,utilitaire_camion,voiture,1,1,3,1,3
201900042434,2019-03-03 14:15:00,2019,3,3,14,15,3,03220,,46.1568075,3.1407863,Plein jour,Hors agglomération,Hors intersection,Normale,Sans collision,3,2,2,0,1,2,1,0,3,80,1,1,0,0,1,0,54.0,,deux_roues,,1,1,1,1,7
201900042435,2019-02-28 11:40:00,2019,2,28,11,40,3,03269,La croix tirée,46.4346798,2.7999393,Plein jour,Hors agglomération,Intersection en X,Normale,Deux véhicules - côté,3,2,2,0,1,1,1,5,1,80,2,3,1,0,1,1,72.0,35.0,voiture,voiture,1,1,2,1,3
201900042436,2019-03-02 00:30:00,2019,3,2,0,30,3,03275,Chéry,46.5321906,3.2139868,Nuit sans éclairage public,Hors agglomération,Hors intersection,Normale,Autre collision,4,2,2,0,2,3,1,0,1,80,1,1,0,0,1,0,26.0,,voiture,,3,1,1,1,6
201900042437,2019-02-27 08:30:00,2019,2,27,8,30,3,03155,Le Meillier,46.7489819,2.9259012,Plein jour,Hors agglomération,Hors intersection,Temps éblouissant,Deux véhicules - frontale,4,2,2,0,1,3,1,0,1,80,2,2,1,0,1,0,47.0,46.0,voiture,utilitaire_camion,1,1,1,7,1
201900042438,2019-03-01 19:15:00,2019,3,1,19,15,15,15055,colsac,45.087541,3.108647,Nuit sans éclairage public,Hors agglomération,Hors intersection,Normale,Sans collision,4,2,2,0,2,1,1,0,1,80,1,2,1,0,1,0,54.0,,voiture,,3,1,1,1,7
201900042439,2019-03-02 14:40:00,2019,3,2,14,40,15,15160,D.922 angle D.453,44.972287,2.410425,Plein jour,Hors agglomération,Intersection en T,Normale,Deux véhicules - arrière,3,2,2,0,1,1,1,5,1,80,2,3,2,0,1,0,26.0,73.0,voiture,voiture,1,1,3,1,2
201900042440,2019-03-01 15:10:00,2019,3,1,15,10,1,01069,Route départementale n°1075,46.147865,5.280601,Plein jour,Hors agglomération,Hors intersection,Pluie légère,Deux véhicules - côté,3,3,4,0,1,1,2,0,1,110,2,2,1,0,0,1,21.0,53.0,voiture,utilitaire_camion,1,1,1,2,3
201900042441,2019-03-03 10:00:00,2019,3,3,10,0,1,01010,Départementale 992,45.904613,5.807627,Plein jour,Hors agglomération,Hors intersection,Normale,Sans collision,3,2,2,0,2,1,1,0,3,80,1,1,0,0,0,1,49.0,,voiture,,1,1,1,1,7
201900042442,2019-02-25 13:20:00,2019,2,25,13,20,1,01036,D8,45.87224,5.663187,Plein jour,Hors agglomération,Hors intersection,Normale,Autre collision,3,2,2,0,2,2,1,0,1,80,1,1,0,0,0,1,60.0,,utilitaire_camion,,1,1,1,1,6
201900042443,2019-03-02 19:15:00,2019,3,2,19,15,1,01338,D10,45.672993,5.609436,Crépuscule ou aube,Hors agglomération,Intersection en Y,Normale,Deux véhicules - frontale,3,2,2,0,2,1,1,0,1,80,2,3,0,0,2,1,25.0,35.0,voiture,voiture,2,1,4,1,1
201900042444,2019-02-26 09:15:00,2019,2,26,9,15,1,01098,RD32C,45.774685,5.687596,Plein jour,Hors agglomération,Hors intersection,Normale,Deux véhicules - arrière,3,2,2,0,2,1,1,0,1,70,2,2,1,0,1,0,29.0,35.0,deux_roues,utilitaire_camion,1,1,1,1,2
201900042445,2019-02-27 19:45:00,2019,2,27,19,45,1,01364,La Mire,46.400552,5.062221,Nuit sans éclairage public,Hors agglomération,Hors intersection,Normale,Sans collision,3,2,2,0,1,1,1,0,3,80,1,1,0,0,0,1,45.0,,voiture,,3,1,1,1,7
201900042446,2019-03-04 19:15:00,2019,3,4,19,15,58,58095,107 route de moulins,46.820814,3.451497,Nuit avec éclairage allumé,En agglomération,Hors intersection,Pluie légère,Autre collision,3,2,2,0,1,1,2,0,1,50,1,2,1,0,1,0,69.0,,voiture,,5,2,1,2,6
201900042447,2019-02-27 18:50:00,2019,2,27,18,50,54,54205,D400,48.683728,5.798828,Nuit sans éclairage public,Hors agglomération,Hors intersection,Normale,Autre collision,3,2,2,0,1,1,1,0,3,80,1,1,0,0,1,0,66.0,,voiture,,3,1,1,1,6
201900042448,2019-03-03 19:40:00,2019,3,3,19,40,54,54533,Rue Raymond Clause,49.322107,5.920109,Nuit avec éclairage allumé,En agglomération,Hors intersection,Normale,Sans collision,3,2,2,0,2,1,1,0,1,50,1,2,1,0,1,0,20.0,,voiture,,5,2,1,1,7
201900042449,2019-03-02 17:00:00,2019,3,2,17,0,72,72148,LA PLEE,48.207479,0.375811,Plein jour,Hors agglomération,Hors intersection,Normale,Sans collision,3,2,2,0,1,1,1,0,3,80,1,1,0,0,1,0,49.0,,deux_roues,,1,1,1,1,7
201900042450,2019-03-02 12:10:00,2019,3,2,12,10,72,72221,D10,47.671281,0.40096,Plein jour,Hors agglomération,Hors intersection,Normale,Autre collision,3,2,2,0,1,1,1,0,3,-1,1,1,0,0,0,1,72.0,,voiture,,1,1,1,1,6
201900042451,2019-02-26 19:09:00,2019,2,26,19,9,72,72334,Intersection D4 - Chemin des petits Cours,48.173198,-0.142032,Crépuscule ou aube,En agglomération,Intersection en T,Normale,Deux véhicules - côté,3,2,2,0,1,1,1,5,1,50,2,2,1,0,0,1,17.0,62.0,deux_roues,voiture,2,2,3,1,3
201900042452,2019-02-26 15:35:00,2019,2,26,15,35,6,06059,1285 M 6007 - Moyenne corniche,43.72899,7.36739,Plein jour,Hors agglomération,Hors intersection,Normale,Deux véhicules - frontale,7,2,2,0,2,4,1,0,1,70,2,2,0,0,1,1,22.0,24.0,deux_roues,deux_roues,1,1,1,1,1
201900042453,2019-02-13 05:42:00,2019,2,13,5,42,6,06059,avenue de Verdun,43.730037,7.366386,Nuit sans éclairage public,Hors agglomération,Hors intersection,Normale,Sans collision,7,2,2,0,1,3,2,0,1,50,1,1,0,0,0,1,44.0,,deux_roues,,3,1,1,1,7
201900042454,2019-02-22 17:20:00,2019,2,22,17,20,6,06079,Rue du capitaine de corvette marché,43.517293,6.938893,Crépuscule ou aube,En agglomération,Hors intersection,Normale,Deux véhicules - côté,3,2,2,0,2,3,1,0,1,50,2,2,1,0,1,0,23.0,49.0,voiture,deux_roues,2,2,1,1,3
201900042455,2019-02-28 08:00:00,2019,2,28,8,0,14,14143,le bisson,49.089432,-0.874016,Crépuscule ou aube,Hors agglomération,Hors intersection,Temps couvert,Autre collision,3,2,2,0,2,3,2,0,3,80,1,1,0,0,0,1,33.0,,voiture,,2,1,1,8,6
201900042456,2019-02-28 01:50:00,2019,2,28,1,50,14,14714,CD 572 la commune,49.2127163,-0.8118815,Nuit sans éclairage public,Hors agglomération,Hors intersection,Normale,Autre collision,3,2,2,0,1,1,1,0,3,80,1,1,0,0,1,0,31.0,,voiture,,3,1,1,1,6
201900042457,2019-03-01 16:57:00,2019,3,1,16,57,5,05084,RN94 pk 84 + 465,44.552,6.248095,Plein jour,Hors agglomération,Intersection en X,Normale,Deux véhicules - côté,2,2,2,0,2,1,1,5,1,80,2,7,6,0,0,1,45.0,20.0,voiture,voiture,1,1,2,1,3
201900042458,2019-02-27 17:00:00,2019,2,27,17,0,5,05004,Les Taillas,44.622146,6.209191,Plein jour,En agglomération,Hors intersection,Normale,Autre collision,3,2,2,0,1,1,1,0,1,50,1,2,1,0,0,1,57.0,,voiture,,1,2,1,1,6
201900042459,2019-03-02 07:00:00,2019,3,2,7,0,5,05068,Les bournas,44.526014,6.099607,Plein jour,Hors agglomération,Hors intersection,Normale,Sans collision,3,2,2,0,2,1,1,0,3,80,1,1,0,1,0,0,79.0,,voiture,,1,1,1,1,7
201900042460,2019-03-02 00:55:00,2019,3,2,0,55,50,50405,rue Sainte-Anne,49.280133,-1.421746,Nuit sans éclairage public,Hors agglomération,Hors intersection,Pluie forte,Autre collision,3,2,2,0,1,1,2,0,3,80,1,1,0,0,0,1,29.0,,voiture,,3,1,1,3,6
201900042461,2019-03-03 21:00:00,2019,3,3,21,0,50,50132,LA BATARDIÈRE - D 110,48.636705,-1.23615,Nuit sans éclairage public,Hors agglomération,Hors intersection,Vent fort / tempête,Autre collision,3,-1,2,0,1,2,2,0,8,80,1,1,0,0,1,0,36.0,,voiture,,3,1,1,6,6
201900042462,2019-03-02 23:50:00,2019,3,2,23,50,50,50589,N 175,48.573004,-1.458601,Nuit sans éclairage public,Hors agglomération,Hors intersection,Normale,Sans collision,2,3,4,0,1,1,1,0,3,110,1,1,0,1,0,0,40.0,,deux_roues,,3,1,1,1,7
201900042463,2019-02-27 16:50:00,2019,2,27,16,50,50,50639,Rue du Général HUARD,48.841933,-1.219258,Plein jour,En agglomération,Intersection en T,Normale,Deux véhicules - côté,3,2,2,0,2,1,1,0,1,-1,2,2,1,0,0,1,76.0,21.0,voiture,deux_roues,1,2,3,1,3
201900042464,2019-03-03 19:45:00,2019,3,3,19,45,60,60147,Départementale 15,49.503417,2.8394587,Nuit sans éclairage public,Hors agglomération,Hors intersection,Normale,Sans collision,3,2,2,0,1,3,1,0,3,80,1,1,0,0,1,0,24.0,,voiture,,3,1,1,1,7
201900042465,2019-03-01 17:00:00,2019,3,1,17,0,60,60030,D927,49.348591,2.096736,Plein jour,Hors agglomération,Hors intersection,Pluie légère,Deux véhicules - frontale,3,2,2,0,2,3,2,0,1,80,2,2,0,0,2,0,34.0,22.0,voiture,voiture,1,1,1,2,1
201900042466,2019-02-28 08:30:00,2019,2,28,8,30,60,60477,1190 route de la vallée,49.4202092,1.9111951,Plein jour,En agglomération,Hors intersection,Temps couvert,Autre collision,3,2,2,0,2,4,8,0,1,50,2,3,1,0,0,2,38.0,51.0,voiture,voiture,1,2,1,8,6
201900042467,2019-03-04 07:00:00,2019,3,4,7,0,45,45181,D97 - D22,48.2334702,2.0768245,Crépuscule ou aube,Hors agglomération,Intersection en X,Vent fort / tempête,Deux véhicules - côté,3,2,2,0,2,3,1,0,1,80,2,2,0,0,2,0,28.0,57.0,voiture,voiture,2,1,2,6,3
201900042468,2019-03-02 23:45:00,2019,3,2,23,45,45,45262,D6,48.062112,1.735555,Nuit sans éclairage public,Hors agglomération,Hors intersection,Normale,Autre collision,3,2,2,0,1,2,1,0,3,80,1,1,0,0,1,0,54.0,,voiture,,3,1,1,1,6
201900042469,2019-02-25 17:35:00,2019,2,25,17,35,64,64493, Avenue de NAVARRE,43.3158207,-1.0199473,Plein jour,En agglomération,Hors intersection,Temps éblouissant,Deux véhicules - côté,3,2,2,0,1,1,1,0,1,50,2,2,1,0,0,1,88.0,55.0,voiture,deux_roues,1,2,1,7,3
201900042470,2019-03-03 03:30:00,2019,3,3,3,30,73,73032,D990 - 3091 Rue Paul Girod,45.6209312,6.4498594,Nuit avec éclairage non allumé,En agglomération,Giratoire,Normale,Autre collision,3,2,2,0,1,1,1,5,1,50,1,1,0,0,1,0,35.0,,voiture,,4,2,6,1,6
201900042471,2019-02-27 15:30:00,2019,2,27,15,30,73,73154,D64 rte de la foret,45.6665045,6.3440584,Plein jour,En agglomération,Hors intersection,Normale,Deux véhicules - arrière,3,2,2,0,2,1,1,0,1,50,2,3,1,0,0,2,36.0,20.0,voiture,voiture,1,2,1,1,2