accident_id,datetime,annee,mois,jour,heure,minute,departement,commune_insee,adresse,latitude,longitude,luminosite,agglomeration,intersection,meteo,collision,catr,circ,nbv,vosp,prof,plan,surf,infra,situ,vma,nb_vehicules,nb_usagers,nb_indemnes,nb_tues,nb_blesses_hosp,nb_blesses_legers,age_cond_1,age_cond_2,veh_type_cond_1,veh_type_cond_2,lum_code,agg_code,int_code,atm_code,col_code
201900042562,2019-02-11 08:30:00,2019,2,11,8,30,34,34299,allées de la république,43.282161,3.280863,Plein jour,En agglomération,Intersection en T,Normale,Autre collision,4,2,2,0,1,1,1,0,1,50,1,2,1,0,0,1,68.0,,voiture,,1,2,3,1,6
201900042563,2019-02-28 08:00:00,2019,2,28,8,0,34,34176,RD 24,43.634767,4.046981,Plein jour,Hors agglomération,Hors intersection,Normale,Trois véhicules et plus - collisions multiples,3,2,2,0,1,1,1,0,1,80,3,3,1,0,1,1,40.0,21.0,voiture,voiture,1,1,1,1,5
201900042564,2019-02-27 18:00:00,2019,2,27,18,0,34,34090,,43.646497,3.938021,Crépuscule ou aube,En agglomération,Hors intersection,Normale,Autre collision,6,-1,-1,0,1,1,1,0,1,50,1,2,1,1,0,0,31.0,,voiture,,2,2,1,1,6
201900042565,2019-01-08 08:19:00,2019,1,8,8,19,83,83112,47 avenue de tauroentum,43.180408,5.710327,Plein jour,En agglomération,Hors intersection,Normale,Deux véhicules - frontale,4,2,2,0,2,1,1,0,8,30,2,2,1,0,0,1,8.0,42.0,deux_roues,voiture,1,2,1,1,1
201900042566,2019-03-02 11:17:00,2019,3,2,11,17,83,83068,Route de Cogolin,43.25815,6.531749,Plein jour,Hors agglomération,Hors intersection,Normale,Trois véhicules et plus - collisions multiples,3,2,2,0,1,1,1,0,1,70,3,3,2,1,0,0,63.0,25.0,deux_roues,voiture,1,1,1,1,5
201900042567,2019-02-28 23:55:00,2019,2,28,23,55,5,05065,D902 A,44.659837,6.639643,Nuit sans éclairage public,Hors agglomération,Hors intersection,Normale,Sans collision,3,2,2,0,2,1,1,0,3,80,1,1,0,0,0,1,22.0,,voiture,,3,1,1,1,7
201900042568,2019-03-02 16:00:00,2019,3,2,16,0,13,13007,D45 A - Route de la Sainte BAUME,43.35941,5.6613,Plein jour,Hors agglomération,Hors intersection,Normale,Deux véhicules - frontale,3,2,2,0,2,1,1,0,1,80,2,2,1,0,1,0,36.0,25.0,voiture,deux_roues,1,1,1,1,1
201900042569,2019-02-26 08:50:00,2019,2,26,8,50,13,13119,avenue Charcot,43.255748,5.564025,Crépuscule ou aube,En agglomération,Hors intersection,Temps éblouissant,Autre collision,4,2,2,0,2,1,1,0,1,30,1,2,1,0,1,0,65.0,,voiture,,2,2,1,7,6
201900042570,2019-03-02 05:50:00,2019,3,2,5,50,13,13042,"rd8N, rond point de la plaine de jouques",43.298004,5.644256,Crépuscule ou aube,Hors agglomération,Giratoire,Normale,Autre collision,3,3,4,0,1,1,1,0,8,90,1,1,0,0,1,0,29.0,,voiture,,2,1,6,1,6
201900042571,2019-02-24 11:20:00,2019,2,24,11,20,13,13030,RD8N PK 60.100,43.275512,5.715673,Plein jour,En agglomération,Intersection en X,Normale,Deux véhicules - côté,3,2,2,0,2,2,1,5,1,70,2,3,2,0,0,1,37.0,44.0,deux_roues,deux_roues,1,2,2,1,3
201900042572,2019-02-26 12:05:00,2019,2,26,12,5,13,13072,D908,43.43363,5.627,Plein jour,En agglomération,Hors intersection,Normale,Deux véhicules - arrière,3,2,2,2,2,1,1,0,5,50,2,2,1,0,0,1,62.0,25.0,deux_roues,utilitaire_camion,1,2,1,1,2
201900042573,2019-03-01 10:23:00,2019,3,1,10,23,13,13041,avenue du 8 mai 1945,43.454029,5.475256,Plein jour,En agglomération,Hors intersection,Normale,Deux véhicules - côté,4,3,2,0,1,1,1,9,1,50,2,2,1,0,1,0,18.0,82.0,deux_roues,voiture,1,2,1,1,3
201900042574,2019-03-04 05:40:00,2019,3,4,5,40,89,89029,Départementale 606,47.931202,3.511809,Nuit sans éclairage public,Hors agglomération,Hors intersection,Vent fort / tempête,Deux véhicules - arrière,3,2,2,0,1,3,2,0,1,-1,2,2,1,0,0,1,41.0,60.0,deux_roues,utilitaire_camion,3,1,1,6,2
201900042575,2019-02-26 22:45:00,2019,2,26,22,45,71,71512,RD906,46.628341,4.876762,Nuit sans éclairage public,Hors agglomération,Hors intersection,Normale,Deux véhicules - frontale,3,2,3,0,1,1,1,0,1,80,2,2,1,0,1,0,25.0,37.0,utilitaire_camion,voiture,3,1,1,1,1
201900042576,2019-03-03 09:43:00,2019,3,3,9,43,67,67180,RD 1340,48.78236,7.725511,Plein jour,Hors agglomération,Hors intersection,Normale,Sans collision,3,3,4,0,1,1,1,0,3,110,1,1,0,1,0,0,25.0,,voiture,,1,1,1,1,7
201900042577,2019-02-27 17:45:00,2019,2,27,17,45,88,88321,Avenue de la Première Armée Française,48.356683,5.691866,Plein jour,En agglomération,Hors intersection,Temps éblouissant,Autre collision,3,2,2,0,1,1,1,0,1,50,1,2,1,0,1,0,46.0,,voiture,,1,2,1,7,6
201900042578,2019-02-26 02:40:00,2019,2,26,2,40,55,55446,D 901,48.835113,5.287913,Nuit sans éclairage public,Hors agglomération,Hors intersection,Normale,Sans collision,3,2,2,0,1,1,1,0,3,80,1,1,0,0,1,0,38.0,,voiture,,3,1,1,1,7
201900042579,2019-02-25 17:40:00,2019,2,25,17,40,57,57303,RD 52,49.219778,6.187485,Plein jour,Hors agglomération,Hors intersection,Normale,Deux véhicules - côté,3,2,2,0,1,1,1,0,1,80,2,2,1,0,0,1,65.0,35.0,deux_roues,voiture,1,1,1,1,3
201900042580,2019-02-28 16:15:00,2019,2,28,16,15,74,74308,route de Vers les Granges,46.351658,6.619541,Plein jour,En agglomération,Intersection en X,Normale,Deux véhicules - côté,3,2,2,0,1,3,1,0,1,50,2,2,1,0,1,0,41.0,32.0,deux_roues,voiture,1,2,2,1,3
201900042581,2019-02-28 15:35:00,2019,2,28,15,35,74,74243,route des vignes,46.139154,6.069707,Plein jour,En agglomération,Hors intersection,Normale,Autre collision,4,2,2,0,1,1,1,0,1,30,1,2,1,0,1,0,70.0,,voiture,,1,2,1,1,6
201900042582,2019-03-02 00:05:00,2019,3,2,0,5,74,74250,D1203,46.07221,6.383316,Nuit sans éclairage public,Hors agglomération,Intersection en T,Pluie légère,Deux véhicules - côté,1,1,1,0,2,3,2,3,1,50,2,2,0,0,1,1,58.0,35.0,voiture,voiture,3,1,3,2,3
201900042583,2019-02-21 18:40:00,2019,2,21,18,40,74,74042,144 Avenue des Glières,46.074942,6.403672,Nuit avec éclairage allumé,En agglomération,Hors intersection,Normale,Autre collision,6,-1,-1,0,1,1,1,9,1,30,1,2,1,1,0,0,30.0,,voiture,,5,2,1,1,6
201900042584,2019-02-23 12:00:00,2019,2,23,12,0,73,73328,D1201,45.6573657,5.8946298,Plein jour,Hors agglomération,Hors intersection,Normale,Deux véhicules - arrière,3,3,2,0,1,1,1,0,1,70,2,2,1,0,1,0,48.0,57.0,voiture,deux_roues,1,1,1,1,2
201900042585,2019-02-27 04:30:00,2019,2,27,4,30,73,73228,D1006,45.544596,5.8819426,Nuit sans éclairage public,Hors agglomération,Hors intersection,Normale,Deux véhicules - arrière,3,2,2,0,1,1,1,0,1,80,2,2,1,0,1,0,45.0,20.0,transport_commun,deux_roues,3,1,1,1,2
201900042586,2019-02-25 14:50:00,2019,2,25,14,50,42,42319,d 10,45.712563,4.298025,Plein jour,Hors agglomération,Hors intersection,Normale,Deux véhicules - côté,3,2,2,0,1,1,1,0,1,80,2,2,1,0,0,1,62.0,62.0,voiture,deux_roues,1,1,1,1,3
201900042587,2019-02-27 19:50:00,2019,2,27,19,50,42,42147,D204,45.588515,4.081892,Nuit sans éclairage public,Hors agglomération,Intersection en X,Normale,Deux véhicules - côté,3,2,2,0,1,1,1,5,1,80,2,3,1,0,2,0,37.0,75.0,voiture,voiture,3,1,2,1,3
201900042588,2019-02-14 21:00:00,2019,2,14,21,0,38,38558,chemin de l'oie,45.586383,4.908047,Nuit avec éclairage allumé,En agglomération,Hors intersection,Normale,Autre collision,3,2,2,0,1,4,1,0,4,50,1,1,0,0,1,0,31.0,,voiture,,5,2,1,1,6
201900042589,2019-02-23 11:10:00,2019,2,23,11,10,38,38540,d 1532,45.2562,5.62811,Plein jour,Hors agglomération,Hors intersection,Normale,Deux véhicules - arrière,3,2,2,0,1,1,1,0,1,80,2,2,1,0,0,1,52.0,65.0,deux_roues,deux_roues,1,1,1,1,2
201900042590,2019-02-22 16:50:00,2019,2,22,16,50,38,38474,Place Jean Prévost,45.21308,5.66156,Plein jour,En agglomération,Giratoire,Normale,Deux véhicules - côté,3,1,3,0,1,1,1,0,1,50,2,2,1,0,0,1,23.0,58.0,voiture,deux_roues,1,2,6,1,3
201900042591,2019-02-28 17:10:00,2019,2,28,17,10,1,01049,"RD 1084, à l'intersection de la rue de la meule",45.846656,5.041917,Plein jour,En agglomération,Intersection en T,Temps éblouissant,Deux véhicules - frontale,3,2,2,0,1,1,1,0,1,50,2,2,1,0,0,1,24.0,33.0,deux_roues,voiture,1,2,3,7,1
201900042592,2019-02-25 16:50:00,2019,2,25,16,50,69,69246,lieu dit le marquison d96,45.939171,4.616045,Plein jour,Hors agglomération,Hors intersection,Normale,Autre collision,3,3,2,0,1,3,1,0,8,80,1,1,0,0,0,1,19.0,,utilitaire_camion,,1,1,1,1,6
201900042593,2019-02-27 17:30:00,2019,2,27,17,30,69,69069,Rue Joseph Moulin,45.74405,4.71606,Plein jour,En agglomération,Hors intersection,Normale,Deux véhicules - côté,4,2,2,0,1,1,1,0,1,50,2,2,1,0,1,0,81.0,62.0,voiture,deux_roues,1,2,1,1,3
201900042594,2019-09-30 20:45:00,2019,9,30,20,45,13,13028,SUBILIA (AVENUE ERNEST ),43.1831029,5.6124419,Nuit avec éclairage allumé,En agglomération,Hors intersection,Normale,Deux véhicules - côté,4,2,2,0,1,1,1,0,1,50,2,3,1,0,0,2,61.0,20.0,voiture,deux_roues,5,2,1,1,3
201900042595,2019-09-30 14:15:00,2019,9,30,14,15,13,13004,RPT COLETTE LAFFINEUR RD 570,43.68714,4.64368,Plein jour,En agglomération,Hors intersection,Normale,Deux véhicules - frontale,3,2,2,0,1,3,1,0,1,80,2,2,0,0,2,0,63.0,20.0,voiture,voiture,1,2,1,1,1
201900042596,2019-09-29 21:00:00,2019,9,29,21,0,12,12176,RN88,44.37367,2.62137,Nuit sans éclairage public,Hors agglomération,Hors intersection,Normale,Deux véhicules - frontale,2,2,2,0,1,1,1,0,1,80,2,2,0,1,0,1,20.0,48.0,voiture,voiture,3,1,1,1,1
201900042597,2019-09-24 21:36:00,2019,9,24,21,36,6,06088,ANGLAIS (DU N° 114 AU N° 263),43.688586,7.241257,Nuit avec éclairage allumé,En agglomération,Hors intersection,Normale,Autre collision,7,1,3,0,1,1,1,0,1,50,1,3,0,0,0,3,21.0,,deux_roues,,5,2,1,1,6
201900042598,2019-09-30 17:02:00,2019,9,30,17,2,6,06159,MARINIERES (PROMENADE DES),43.7056,7.313,Plein jour,En agglomération,Hors intersection,Normale,Autre collision,9,2,1,0,1,1,1,0,1,30,1,2,1,0,0,1,25.0,,deux_roues,,1,2,1,1,6
201900042599,2019-01-15 15:00:00,2019,1,15,15,0,41,41160,D923 PK 15+680,47.5565,1.560352,Plein jour,Hors agglomération,Hors intersection,Normale,Trois véhicules et plus - collisions multiples,3,2,2,0,1,3,1,0,1,80,3,4,3,0,1,0,22.0,60.0,voiture,autre,1,1,1,1,5
201900042600,2019-09-29 12:06:00,2019,9,29,12,6,6,06104,VOYAGE (AVENUE NOTRE DAME  BON),43.7592,7.45077,Plein jour,En agglomération,Hors intersection,Normale,Trois véhicules et plus - collisions multiples,3,2,2,0,2,1,1,0,1,50,3,4,1,0,1,2,89.0,19.0,voiture,voiture,1,2,1,1,5
201900042601,2019-01-15 18:40:00,2019,1,15,18,40,54,54322,RD618,49.477882,5.602128,Nuit sans éclairage public,Hors agglomération,Hors intersection,Pluie légère,Autre collision,3,2,2,0,1,1,2,0,1,80,3,3,1,2,0,0,52.0,65.0,voiture,voiture,3,1,1,2,6
201900042602,2019-09-30 09:05:00,2019,9,30,9,5,6,06069,MISTRAL (AVENUE ET PLACE FREDERIC),43.65005,6.92147,Plein jour,En agglomération,Hors intersection,Normale,Deux véhicules - arrière,4,2,2,0,2,1,1,0,1,50,2,2,1,0,0,1,22.0,31.0,voiture,deux_roues,1,2,1,1,2
201900042603,2019-01-15 17:55:00,2019,1,15,17,55,57,57540,rue du 23 novembre,48.767937,7.255291,Nuit avec éclairage allumé,En agglomération,Autre intersection,Normale,Autre collision,4,2,2,0,1,1,1,0,1,50,1,2,1,0,0,1,73.0,,voiture,,5,2,9,1,6
201900042604,2019-09-30 16:40:00,2019,9,30,16,40,5,05023,PETSCHE (AVENUE MAURICE),44.89608,6.63343,Plein jour,En agglomération,Hors intersection,Normale,Sans collision,6,-1,0,0,2,1,1,9,8,50,1,2,1,0,1,0,61.0,,voiture,,1,2,1,1,7
201900042605,2019-01-16 18:00:00,2019,1,16,18,0,74,74267,1928 route d'albertville,45.8662287,6.1398077,Nuit avec éclairage allumé,En agglomération,Hors intersection,Normale,Autre collision,3,2,2,0,1,1,1,0,1,50,1,2,1,0,1,0,43.0,,voiture,,5,2,1,1,6
201900042606,2019-01-16 10:37:00,2019,1,16,10,37,2B,2B252,lieu dit champlan,42.420701,9.446125,Plein jour,Hors agglomération,Hors intersection,Normale,Autre collision,3,2,2,0,2,3,7,2,3,70,1,2,0,1,0,1,70.0,,voiture,,1,1,1,1,6
201900042607,2019-01-10 18:15:00,2019,1,10,18,15,71,71263,Rue d'Alsace,46.630205,5.22813,Nuit avec éclairage allumé,En agglomération,Hors intersection,Normale,Autre collision,3,2,2,0,1,1,1,0,1,50,1,2,1,0,1,0,84.0,,voiture,,5,2,1,1,6
201900042608,2019-09-30 17:30:00,2019,9,30,17,30,75,75116,BD PERIPHERIQUE INTERIEUR,48.8750969,2.2766567,Plein jour,En agglomération,Intersection en Y,Normale,Deux véhicules - côté,4,1,5,0,1,1,1,0,1,70,2,2,1,0,0,1,41.0,43.0,voiture,deux_roues,1,2,4,1,3
201900042609,2019-01-11 23:45:00,2019,1,11,23,45,63,63271,la chauprillade,45.9031497,3.518436,Nuit sans éclairage public,Hors agglomération,Hors intersection,Neige / grêle,Deux véhicules - arrière,3,1,2,0,1,1,2,0,1,80,2,3,1,0,0,2,27.0,18.0,voiture,deux_roues,3,1,1,4,2
201900042610,2019-09-30 18:46:00,2019,9,30,18,46,75,75110,PLACE DE LA REPUBLIQUE,48.868133,2.363734,Crépuscule ou aube,En agglomération,Hors intersection,Normale,Autre collision,4,2,2,-1,1,1,1,0,1,50,1,2,1,0,1,0,30.0,,transport_commun,,2,2,1,1,6
201900042611,2019-01-16 04:00:00,2019,1,16,4,0,63,63453,D 2089 - CHIGNAT,45.791965,3.298582,Nuit sans éclairage public,Hors agglomération,Hors intersection,Normale,Sans collision,3,2,2,0,2,1,1,0,1,80,1,1,0,0,1,0,38.0,,deux_roues,,3,1,1,1,7
201900042612,2019-01-16 09:30:00,2019,1,16,9,30,22,22219,Montorien,48.3011946,-2.697022,Plein jour,Hors agglomération,Hors intersection,Temps couvert,Sans collision,3,2,2,0,1,1,1,0,3,80,1,1,0,1,0,0,39.0,,voiture,,1,1,1,8,7
201900042613,2019-09-30 07:10:00,2019,9,30,7,10,75,75107,PLACE VAUBAN,48.853269,2.31303,Crépuscule ou aube,En agglomération,Place,Normale,Deux véhicules - côté,4,1,2,0,1,1,1,0,1,50,2,3,2,0,0,1,59.0,59.0,voiture,deux_roues,2,2,7,1,3
201900042614,2019-01-15 13:30:00,2019,1,15,13,30,14,14625,rue du commerce,49.112886,0.219093,Plein jour,En agglomération,Hors intersection,Normale,Deux véhicules - côté,3,2,2,0,1,1,1,0,1,30,2,3,1,0,0,2,33.0,15.0,voiture,deux_roues,1,2,1,1,3
201900042615,2019-01-14 20:30:00,2019,1,14,20,30,60,60581,Route Départementale 916,49.5189175,2.4142391,Nuit sans éclairage public,Hors agglomération,Hors intersection,Pluie légère,Autre collision,3,2,2,0,4,2,2,0,3,80,1,1,0,1,0,0,50.0,,voiture,,3,1,1,2,6
201900042616,2019-09-29 16:50:00,2019,9,29,16,50,75,75105,BOULEVARD SAINT MICHEL,48.8473401,2.3408404,Plein jour,En agglomération,Place,Pluie légère,Deux véhicules - côté,4,2,3,3,1,1,2,0,6,50,2,2,1,0,0,1,43.0,42.0,deux_roues,transport_commun,1,2,7,2,3
201900042617,2019-01-15 17:00:00,2019,1,15,17,0,64,64303,D26,43.09875,-0.862639,Plein jour,Hors agglomération,Hors intersection,Normale,Autre collision,3,2,2,0,1,1,1,0,1,80,1,2,1,0,1,0,58.0,,voiture,,1,1,1,1,6
201900042618,2019-09-30 14:45:00,2019,9,30,14,45,75,75106,BOULEVARD RASPAIL,48.8450742,2.3287826,Plein jour,En agglomération,Intersection en X,Normale,Deux véhicules - côté,4,2,4,0,1,1,1,0,1,50,2,4,2,0,0,2,22.0,24.0,voiture,deux_roues,1,2,2,1,3
201900042619,2019-01-15 16:10:00,2019,1,15,16,10,7,07346,cité du barrage,44.438464,4.667257,Plein jour,En agglomération,Intersection en T,Normale,Autre collision,4,2,2,0,1,1,1,0,1,50,1,2,1,1,0,0,50.0,,voiture,,1,2,3,1,6
201900042620,2019-09-30 09:20:00,2019,9,30,9,20,75,75106,BOULEVARD DU MONTPARNASSE,48.8437208,2.3245871,Plein jour,En agglomération,Hors intersection,Normale,Autre collision,4,2,6,0,1,1,1,0,1,50,1,2,1,0,0,1,40.0,,deux_roues,,1,2,1,1,6
201900042621,2019-01-15 17:50:00,2019,1,15,17,50,37,37179,RD910,47.4555592,0.735039,Nuit sans éclairage public,Hors agglomération,Hors intersection,Normale,Deux véhicules - côté,3,2,2,0,1,1,1,0,1,80,2,2,1,0,0,1,61.0,16.0,voiture,deux_roues,3,1,1,1,3
201900042622,2019-09-30 08:45:00,2019,9,30,8,45,75,75116,AVENUE DE VERSAILLES,48.849685,2.276018,Plein jour,En agglomération,Intersection en T,Normale,Deux véhicules - côté,4,2,2,0,1,1,1,0,1,50,2,2,1,0,0,1,41.0,21.0,utilitaire_camion,deux_roues,1,2,3,1,3
201900042623,2019-01-15 15:45:00,2019,1,15,15,45,88,88442,route du chana,48.026034,6.782138,Plein jour,Hors agglomération,Hors intersection,Normale,Deux véhicules - frontale,4,2,2,0,1,1,1,0,1,80,2,3,1,0,1,1,64.0,41.0,voiture,voiture,1,1,1,1,1
201900042624,2019-09-30 14:40:00,2019,9,30,14,40,75,75115,RUE BRANCION,48.836291,2.3064741,Plein jour,En agglomération,Place,Normale,Autre collision,4,1,2,0,1,1,1,0,1,50,1,2,1,0,0,1,34.0,,utilitaire_camion,,1,2,7,1,6
201900042625,2019-01-15 19:25:00,2019,1,15,19,25,30,30169,RN 113,43.7820654,4.3090373,Nuit sans éclairage public,Hors agglomération,Hors intersection,Normale,Deux véhicules - côté,2,2,2,0,1,3,1,0,1,80,2,2,0,1,1,0,50.0,25.0,deux_roues,voiture,3,1,1,1,3
201900042626,2019-09-30 08:35:00,2019,9,30,8,35,75,75115,PLACE CHARLES MICHELS,48.8467749,2.2856498,Plein jour,En agglomération,Place,Normale,Autre collision,4,1,1,0,1,1,1,0,1,50,1,2,1,0,0,1,27.0,,voiture,,1,2,7,1,6
201900042627,2019-01-15 19:10:00,2019,1,15,19,10,77,77480,Autoroute A5 pk 25+400 sens province/paris,48.44739,2.90171,Nuit sans éclairage public,Hors agglomération,Hors intersection,Normale,Trois véhicules et plus - en chaîne,1,3,5,0,1,1,1,0,1,130,4,5,4,0,0,1,57.0,47.0,voiture,voiture,3,1,1,1,4
201900042628,2019-09-30 17:30:00,2019,9,30,17,30,75,75113,RUE NEUVE TOLBIAC,48.83203,2.379393,Plein jour,En agglomération,Hors intersection,Normale,Autre collision,4,2,3,0,1,1,1,0,1,50,1,1,0,0,0,1,,,,,1,2,1,1,6
201900042629,2019-01-16 15:40:00,2019,1,16,15,40,66,66195,1 rue des Palmiers,42.679441,2.7790463,Plein jour,En agglomération,Hors intersection,Normale,Deux véhicules - frontale,9,2,2,0,1,3,1,0,1,30,2,4,2,0,0,2,23.0,59.0,voiture,transport_commun,1,2,1,1,1
201900042630,2019-09-30 08:20:00,2019,9,30,8,20,75,75113,RUE DES GRANDS MOULINS,48.828458,2.378712,Plein jour,En agglomération,Intersection en X,Normale,Deux véhicules - côté,4,2,2,0,1,1,1,0,1,30,2,2,1,0,0,1,52.0,23.0,voiture,deux_roues,1,2,2,1,3
201900042631,2019-01-16 06:00:00,2019,1,16,6,0,38,38530,Autoroute A43,45.62117,5.183528,Nuit sans éclairage public,Hors agglomération,Hors intersection,Normale,Trois véhicules et plus - en chaîne,1,3,3,0,1,1,1,0,1,130,4,3,2,0,0,1,22.0,26.0,utilitaire_camion,utilitaire_camion,3,1,1,1,4
201900042632,2019-09-30 19:00:00,2019,9,30,19,0,75,75111,RUE DE MONTREUIL,48.8504732,2.384462,Crépuscule ou aube,En agglomération,Intersection à plus de 4 branches,Normale,Autre collision,4,1,1,-1,2,1,1,0,1,50,1,1,0,0,0,1,,,,,2,2,5,1,6
201900042633,2019-01-15 14:00:00,2019,1,15,14,0,986,98613,RT2 MANAVA - Ahoa,-13.284989,-176.172164,Plein jour,En agglomération,Hors intersection,Normale,Deux véhicules - arrière,3,2,2,0,1,1,1,0,1,70,2,3,2,0,0,1,,65.0,voiture,voiture,1,2,1,1,2
201900042634,2019-01-13 15:40:00,2019,1,13,15,40,971,97107,rond-point bel-air,16.087248,-61.563023,Plein jour,Hors agglomération,Giratoire,Normale,Deux véhicules - côté,2,2,2,0,1,2,1,0,1,50,2,2,1,0,1,0,28.0,53.0,deux_roues,voiture,1,1,6,1,3
201900042635,2019-09-30 16:40:00,2019,9,30,16,40,75,75111,AVENUE LEDRU ROLLIN,48.852493,2.3768559,Plein jour,En agglomération,Intersection en T,Normale,Deux véhicules - côté,4,2,3,0,1,1,1,0,1,30,2,2,1,0,0,1,14.0,38.0,deux_roues,utilitaire_camion,1,2,3,1,3
201900042636,2019-01-16 11:30:00,2019,1,16,11,30,78,78531,a13,49.000171,1.61095,Plein jour,Hors agglomération,Hors intersection,Normale,Autre collision,1,3,3,0,2,2,1,0,1,-1,1,2,0,0,0,2,20.0,,voiture,,1,1,1,1,6
201900042637,2019-09-30 11:15:00,2019,9,30,11,15,75,75111,RUE SAINT MAUR,48.868439,2.374935,Plein jour,En agglomération,Intersection en X,Normale,Autre collision,4,1,1,1,1,1,1,0,5,50,2,1,0,0,0,1,36.0,,deux_roues,,1,2,2,1,6
201900042638,2019-01-15 09:45:00,2019,1,15,9,45,26,26002,A7,45.237841,4.846185,Plein jour,Hors agglomération,Hors intersection,Normale,Deux véhicules - arrière,1,3,3,0,2,1,1,0,1,130,2,3,1,0,1,1,67.0,72.0,utilitaire_camion,voiture,1,1,1,1,2
201900042639,2019-09-30 16:05:00,2019,9,30,16,5,75,75110,RUE D ENGHIEN,48.8717473,2.3525022,Plein jour,En agglomération,Hors intersection,Normale,Autre collision,4,1,1,0,1,1,1,0,1,50,1,2,1,0,0,1,51.0,,utilitaire_camion,,1,2,1,1,6
201900042640,2019-01-15 21:30:00,2019,1,15,21,30,89,89055,route de saint florentin,47.997987,3.643361,Nuit sans éclairage public,Hors agglomération,Hors intersection,Normale,Sans collision,3,1,2,0,1,1,1,0,3,80,1,4,0,1,0,3,23.0,,voiture,,3,1,1,1,7
201900042641,2019-01-16 15:20:00,2019,1,16,15,20,21,21623,RD 116,47.196298,5.205384,Plein jour,Hors agglomération,Hors intersection,Normale,Autre collision,3,2,2,0,2,2,1,0,3,80,1,2,0,0,1,1,30.0,,voiture,,1,1,1,1,6
201900042642,2019-01-16 07:45:00,2019,1,16,7,45,67,67080,rue de la gare,48.543013,7.533313,Crépuscule ou aube,En agglomération,Passage à niveau,Normale,Autre collision,3,2,2,2,2,2,1,4,1,50,1,2,1,0,0,1,43.0,,voiture,,2,2,8,1,6
201900042643,2019-09-30 10:45:00,2019,9,30,10,45,75,75108,AVENUE DES CHAMPS ELYSEES,48.8710947,2.3035133,Plein jour,En agglomération,Intersection en T,Normale,Deux véhicules - arrière,4,2,8,0,1,1,1,0,1,50,2,5,4,0,0,1,48.0,57.0,voiture,utilitaire_camion,1,2,3,1,2
201900042644,2019-01-16 12:20:00,2019,1,16,12,20,42,42147,7 avenue d'allard,45.60762,4.060555,Plein jour,En agglomération,Autre intersection,Normale,Autre collision,3,2,2,0,1,1,1,0,1,30,1,3,1,0,1,1,21.0,,voiture,,1,2,9,1,6
201900042645,2019-09-30 14:20:00,2019,9,30,14,20,75,75101,PONT ROYAL,48.8606801,2.3306952,Plein jour,En agglomération,Intersection en X,Normale,Autre collision,4,1,4,0,1,1,1,0,1,50,1,2,1,0,0,1,37.0,,deux_roues,,1,2,2,1,6
201900042646,2019-01-16 06:50:00,2019,1,16,6,50,38,38449,80 Rue du Ruisseau,45.640887,5.097898,Nuit avec éclairage allumé,En agglomération,Hors intersection,Autre,Autre collision,4,2,2,0,1,1,7,0,3,50,2,2,1,0,1,0,46.0,28.0,utilitaire_camion,deux_roues,5,2,1,9,6
201900042647,2019-09-30 14:10:00,2019,9,30,14,10,75,75109,BOULEVARD DES CAPUCINES,48.870047,2.328729,Plein jour,En agglomération,Hors intersection,Normale,Autre collision,4,2,6,-1,1,1,1,0,1,50,1,2,0,0,0,2,26.0,,deux_roues,,1,2,1,1,6
201900042648,2019-01-16 08:35:00,2019,1,16,8,35,69,69143,2 rue Rey Loras,45.87954,4.83792,Plein jour,En agglomération,Intersection en T,Normale,Deux véhicules - côté,4,2,2,0,1,1,1,0,1,50,2,2,1,0,0,1,30.0,46.0,voiture,deux_roues,1,2,3,1,3
201900042649,2019-09-30 08:20:00,2019,9,30,8,20,94,94074,SALVADOR ALLENDE (AV),48.75182,2.45723,Plein jour,En agglomération,Autre intersection,Normale,Deux véhicules - arrière,3,2,0,0,1,1,1,0,1,50,2,2,1,0,0,1,25.0,37.0,deux_roues,voiture,1,2,9,1,2
201900042650,2019-09-30 13:45:00,2019,9,30,13,45,94,94068,CRETEIL (BD DE),48.7980773,2.4874002,Plein jour,En agglomération,Hors intersection,Normale,Autre collision,3,-1,2,0,1,1,1,0,1,50,2,2,1,0,0,1,67.0,56.0,deux_roues,voiture,1,2,1,1,6
201900042651,2019-09-29 22:00:00,2019,9,29,22,0,94,94046,JEAN JAURES (R),48.7904,2.4351,Nuit avec éclairage allumé,En agglomération,Intersection en T,Pluie légère,Deux véhicules - côté,3,2,4,0,1,1,2,0,1,50,2,4,3,0,1,0,23.0,22.0,voiture,deux_roues,5,2,3,2,3
201900042652,2019-01-14 08:00:00,2019,1,14,8,0,85,85211,D12,46.62464,-1.59183,Crépuscule ou aube,Hors agglomération,Intersection en Y,Normale,Deux véhicules - côté,3,3,2,0,2,1,1,5,1,80,2,2,1,0,0,1,15.0,55.0,deux_roues,utilitaire_camion,2,1,4,1,3
201900042653,2019-09-29 15:15:00,2019,9,29,15,15,94,94003,ARISTIDE BRIAND (AV),48.80913,2.3264,Plein jour,En agglomération,Hors intersection,Pluie légère,Autre collision,3,1,2,0,1,1,2,0,1,50,2,1,0,0,0,1,31.0,,voiture,,1,2,1,2,6