accident_id,datetime,annee,mois,jour,heure,minute,departement,commune_insee,adresse,latitude,longitude,luminosite,agglomeration,intersection,meteo,collision,catr,circ,nbv,vosp,prof,plan,surf,infra,situ,vma,nb_vehicules,nb_usagers,nb_indemnes,nb_tues,nb_blesses_hosp,nb_blesses_legers,age_cond_1,age_cond_2,veh_type_cond_1,veh_type_cond_2,lum_code,agg_code,int_code,atm_code,col_code
201900042654,2019-01-15 18:10:00,2019,1,15,18,10,60,60116,CD 12,49.313448,2.335415,Nuit sans éclairage public,Hors agglomération,Giratoire,Normale,Autre collision,3,2,2,0,1,1,1,5,1,70,1,1,0,0,1,0,31.0,,deux_roues,,3,1,6,1,6
201900042655,2019-01-16 08:20:00,2019,1,16,8,20,60,60700, RD 1001,49.3957888,2.1400006,Plein jour,Hors agglomération,Hors intersection,Normale,Deux véhicules - côté,3,2,3,0,1,2,1,0,1,90,2,3,2,0,1,0,44.0,50.0,deux_roues,utilitaire_camion,1,1,1,1,3
201900042656,2019-09-30 20:05:00,2019,9,30,20,5,94,94073,LUXEMBOURG (AV DU),48.75728,2.37348,Nuit avec éclairage allumé,En agglomération,Hors intersection,Normale,Deux véhicules - arrière,4,2,4,0,1,1,1,0,1,50,2,3,1,0,0,2,33.0,47.0,deux_roues,utilitaire_camion,5,2,1,1,2
201900042657,2019-01-15 14:40:00,2019,1,15,14,40,60,60462,départementale 137,49.3284105,2.2108401,Plein jour,Hors agglomération,Hors intersection,Normale,Autre collision,3,2,2,0,2,1,1,0,1,80,1,1,0,0,1,0,65.0,,deux_roues,,1,1,1,1,6
201900042658,2019-09-30 17:30:00,2019,9,30,17,30,94,94065,SOLETS (R DES),48.74247,2.3538,Plein jour,En agglomération,Intersection en X,Normale,Trois véhicules et plus - collisions multiples,4,3,3,0,1,1,1,0,1,50,4,4,2,0,0,2,51.0,36.0,voiture,transport_commun,1,2,2,1,5
201900042659,2019-01-15 09:00:00,2019,1,15,9,0,13,13106,A7-Sens Marseille vers Lyon,43.3939,5.35129,Plein jour,Hors agglomération,Hors intersection,Normale,Trois véhicules et plus - en chaîne,1,1,4,0,2,1,1,0,1,90,4,5,2,0,0,3,23.0,34.0,voiture,voiture,1,1,1,1,4
201900042660,2019-09-12 20:40:00,2019,9,12,20,40,94,94033,VERDUN (BD DE),48.85661,2.46739,Nuit avec éclairage allumé,En agglomération,Intersection en X,Normale,Deux véhicules - côté,3,2,2,1,1,1,1,5,1,50,2,2,0,0,0,2,23.0,18.0,deux_roues,deux_roues,5,2,2,1,3
201900042661,2019-01-09 15:35:00,2019,1,9,15,35,13,13215,A7-Sens Marseille vers Lyon,43.36718,5.36088,Plein jour,Hors agglomération,Hors intersection,Normale,Trois véhicules et plus - en chaîne,1,1,3,0,1,1,1,0,1,90,4,7,6,0,0,1,56.0,26.0,voiture,voiture,1,1,1,1,4
201900042662,2019-09-30 12:20:00,2019,9,30,12,20,94,94017,GENERAL DE GAULLE (AV DU),48.82024,2.48535,Plein jour,En agglomération,Hors intersection,Normale,Autre collision,3,3,0,0,1,1,1,0,1,50,2,2,1,0,0,1,20.0,46.0,utilitaire_camion,deux_roues,1,2,1,1,6
201900042663,2019-01-14 17:34:00,2019,1,14,17,34,57,57303,Autoroute A31,49.2121867,6.1747241,Crépuscule ou aube,Hors agglomération,Hors intersection,Normale,Trois véhicules et plus - collisions multiples,1,3,6,0,1,1,1,0,1,110,6,9,4,0,1,4,38.0,32.0,utilitaire_camion,voiture,2,1,1,1,5
201900042664,2019-09-30 17:37:00,2019,9,30,17,37,93,93072,MAXIME GORKI (BOULEVARD) DES N°1 AU 87,48.95076,2.38559,Plein jour,En agglomération,Intersection en T,Normale,Trois véhicules et plus - collisions multiples,3,2,2,0,1,1,1,0,1,50,3,3,2,0,0,1,53.0,31.0,voiture,deux_roues,1,2,3,1,5
201900042665,2019-01-14 16:10:00,2019,1,14,16,10,67,67137,Route Métropolitaine 1083,48.501013,7.692068,Plein jour,Hors agglomération,Hors intersection,Normale,Deux véhicules - arrière,7,3,2,0,1,1,1,0,1,90,2,1,0,0,0,1,24.0,,voiture,,1,1,1,1,2
201900042666,2019-09-30 10:05:00,2019,9,30,10,5,93,93071,HOCHE (AVENUE),48.93116,2.531017,Plein jour,En agglomération,Autre intersection,Normale,Deux véhicules - côté,4,1,1,0,1,1,1,0,3,50,2,3,2,0,0,1,33.0,27.0,transport_commun,voiture,1,2,9,1,3
201900042667,2019-09-30 15:00:00,2019,9,30,15,0,93,93050,GENERAL DE GAULLE (AVENUE),48.85689,2.53086,Plein jour,En agglomération,Autre intersection,Normale,Deux véhicules - arrière,3,2,1,0,1,1,1,0,1,50,2,2,1,0,0,1,35.0,47.0,voiture,voiture,1,2,9,1,2
201900042668,2019-09-30 13:00:00,2019,9,30,13,0,93,93049,PRESIDENT JOHN KENNEDY (AVENUE),48.86629,2.51094,Plein jour,En agglomération,Intersection en T,Normale,Deux véhicules - côté,4,2,2,0,1,1,1,0,1,50,2,2,1,0,0,1,30.0,58.0,voiture,voiture,1,2,3,1,3
201900042669,2019-01-12 22:35:00,2019,1,12,22,35,59,59179,AUTOROUTE A2,50.30621,3.38003,Nuit sans éclairage public,Hors agglomération,Hors intersection,Temps couvert,Trois véhicules et plus - collisions multiples,1,3,4,0,1,1,2,0,1,110,3,6,1,1,0,4,19.0,39.0,voiture,voiture,3,1,1,8,5
201900042670,2019-01-15 00:59:00,2019,1,15,0,59,91,91617,RN 104,48.631731,2.51695,Nuit sans éclairage public,Hors agglomération,Hors intersection,Normale,Deux véhicules - arrière,2,3,4,0,1,1,1,0,1,50,2,2,1,0,0,1,22.0,22.0,voiture,utilitaire_camion,3,1,1,1,2
201900042671,2019-01-14 19:26:00,2019,1,14,19,26,92,92019,RN385,48.7768732,2.2298239,Nuit sans éclairage public,Hors agglomération,Hors intersection,Normale,Deux véhicules - arrière,2,3,4,0,1,1,1,0,1,90,2,2,1,0,0,1,27.0,21.0,deux_roues,voiture,3,1,1,1,2
201900042672,2019-09-30 19:25:00,2019,9,30,19,25,93,93046,DOCTEUR ROUX RUE DU,48.933298,2.549804,Crépuscule ou aube,En agglomération,Giratoire,Normale,Deux véhicules - frontale,3,1,0,0,1,2,1,0,1,30,2,3,2,0,0,1,23.0,40.0,voiture,deux_roues,2,2,6,1,1
201900042673,2019-09-30 16:45:00,2019,9,30,16,45,93,93046,ARISTIDE BRIAND AVENUE,48.91138,2.51777,Plein jour,En agglomération,Hors intersection,Normale,Autre collision,3,3,3,3,1,1,1,0,3,50,1,1,0,0,0,1,43.0,,deux_roues,,1,2,1,1,6
201900042674,2019-01-12 19:20:00,2019,1,12,19,20,94,94076,AUTOROUTE A6B,48.77775,2.34676,Nuit avec éclairage non allumé,Hors agglomération,Hors intersection,Pluie légère,Deux véhicules - arrière,1,1,3,0,2,1,2,0,1,90,2,3,2,0,0,1,34.0,28.0,utilitaire_camion,voiture,4,1,1,2,2
201900042675,2019-09-29 22:19:00,2019,9,29,22,19,93,93006,REPUBLIQUE AVENUE DE LA,48.86223,2.41642,Nuit avec éclairage allumé,En agglomération,Hors intersection,Temps couvert,Deux véhicules - arrière,3,2,4,1,1,1,2,0,1,50,2,2,1,0,0,1,51.0,49.0,deux_roues,voiture,5,2,1,8,2
201900042676,2019-01-14 08:45:00,2019,1,14,8,45,92,92064,A13,48.8393404,2.2173851,Plein jour,Hors agglomération,Hors intersection,Normale,Trois véhicules et plus - en chaîne,1,3,3,0,1,1,1,1,1,70,4,4,3,0,0,1,36.0,60.0,voiture,voiture,1,1,1,1,4
201900042677,2019-09-29 07:05:00,2019,9,29,7,5,93,93032,MONTFERMEIL   (ALLEE DE),48.89914,2.54215,Nuit avec éclairage allumé,En agglomération,Hors intersection,Normale,Autre collision,3,2,1,0,1,1,1,0,1,50,1,2,1,0,0,1,22.0,,voiture,,5,2,1,1,6
201900042678,2019-01-14 21:30:00,2019,1,14,21,30,93,93053,AUTOROUTE A3,48.8839,2.45952,Nuit avec éclairage non allumé,Hors agglomération,Hors intersection,Normale,Trois véhicules et plus - en chaîne,1,3,8,0,4,1,1,0,1,90,4,7,2,1,0,4,22.0,39.0,voiture,voiture,4,1,1,1,4
201900042679,2019-09-29 17:10:00,2019,9,29,17,10,93,93031,LA BRUYERE (RUE),48.960432,2.31632,Plein jour,En agglomération,Hors intersection,Pluie légère,Trois véhicules et plus - collisions multiples,4,2,2,0,1,1,2,9,1,50,3,5,3,0,0,2,32.0,36.0,utilitaire_camion,utilitaire_camion,1,2,1,2,5
201900042680,2019-01-14 09:47:00,2019,1,14,9,47,92,92036,RN 315 ,48.9374981,2.2983683,Plein jour,Hors agglomération,Hors intersection,Normale,Trois véhicules et plus - en chaîne,2,3,5,0,2,1,1,0,1,70,7,7,2,0,0,5,54.0,34.0,utilitaire_camion,voiture,1,1,1,1,4
201900042681,2019-09-30 21:20:00,2019,9,30,21,20,93,93001,JEAN JAURES (AVE)  215 =>,48.91527,2.404352,Nuit avec éclairage allumé,En agglomération,Hors intersection,Pluie légère,Autre collision,3,-1,4,0,1,1,2,0,1,50,1,2,1,0,0,1,29.0,,voiture,,5,2,1,2,6
201900042682,2019-01-14 10:15:00,2019,1,14,10,15,77,77294,A104,48.96667,2.60527,Plein jour,Hors agglomération,Hors intersection,Normale,Trois véhicules et plus - en chaîne,1,3,2,0,1,1,1,0,1,90,4,4,3,0,0,1,23.0,34.0,utilitaire_camion,voiture,1,1,1,1,4
201900042683,2019-09-30 19:15:00,2019,9,30,19,15,92,92046,Charles de gaulle,48.821144,2.297049,Plein jour,En agglomération,Hors intersection,Normale,Deux véhicules - arrière,3,3,2,0,1,1,1,0,1,50,2,2,1,0,0,1,53.0,51.0,voiture,deux_roues,1,2,1,1,2
201900042684,2019-01-14 09:15:00,2019,1,14,9,15,77,77294,A104,48.97311,2.59055,Plein jour,Hors agglomération,Hors intersection,Normale,Autre collision,1,3,2,0,1,1,1,0,1,90,1,1,0,0,0,1,42.0,,deux_roues,,1,1,1,1,6
201900042685,2019-01-14 16:27:00,2019,1,14,16,27,91,91064,PARIS (RUE DE),48.76642,2.22926,Plein jour,En agglomération,Autre intersection,Normale,Sans collision,4,2,2,0,1,1,1,0,1,50,1,1,0,0,0,1,18.0,,deux_roues,,1,2,9,1,7
201900042686,2019-09-28 15:10:00,2019,9,28,15,10,92,92033,GENERAL DE GAULLE,48.8410541,2.1962002,Plein jour,En agglomération,Hors intersection,Normale,Deux véhicules - arrière,3,3,2,1,1,1,1,0,1,50,2,3,2,0,0,1,47.0,47.0,voiture,voiture,1,2,1,1,2
201900042687,2019-09-30 18:15:00,2019,9,30,18,15,92,92044,GREFFULHE (RUE),48.8954004,2.275756,Plein jour,En agglomération,Intersection en T,Normale,Autre collision,4,1,1,0,1,1,1,5,1,30,1,2,0,0,0,2,54.0,,deux_roues,,1,2,3,1,6
201900042688,2019-09-30 08:10:00,2019,9,30,8,10,92,92044,JACQUES IBERT(RUE)26+,48.887703,2.2880717,Plein jour,En agglomération,Autre intersection,Normale,Deux véhicules - côté,4,1,2,0,1,1,1,0,4,30,2,2,1,0,0,1,42.0,21.0,voiture,deux_roues,1,2,9,1,3
201900042689,2019-09-27 18:00:00,2019,9,27,18,0,92,92036,CAMELINAT (BOULEVARD) (2 AU 66),48.92867,2.29956,Plein jour,En agglomération,Hors intersection,Pluie légère,Autre collision,3,2,2,0,1,1,2,0,1,50,1,1,0,0,0,1,23.0,,utilitaire_camion,,1,2,1,2,6
201900042690,2019-09-27 13:45:00,2019,9,27,13,45,92,92036,MARCEL PAUL (AVENUE) (1/103),48.94262,2.30299,Plein jour,En agglomération,Intersection en T,Normale,Deux véhicules - côté,3,2,2,0,1,1,2,0,1,50,2,2,1,0,0,1,38.0,32.0,voiture,deux_roues,1,2,3,1,3
201900042691,2019-09-28 20:45:00,2019,9,28,20,45,92,92024,CLICHY (PONT DE),48.9095133,2.2995333,Nuit avec éclairage allumé,En agglomération,Hors intersection,Normale,Trois véhicules et plus - en chaîne,3,2,3,0,3,1,1,2,1,50,3,3,1,0,0,2,43.0,40.0,voiture,voiture,5,2,1,1,4
201900042692,2019-09-30 11:40:00,2019,9,30,11,40,92,92023,GARDE (PLACE DU) S101,48.80317,2.25669,Plein jour,En agglomération,Autre intersection,Normale,Deux véhicules - côté,4,2,1,0,1,2,1,0,1,50,2,2,1,0,0,1,49.0,49.0,voiture,utilitaire_camion,1,2,9,1,3
201900042693,2019-01-14 08:00:00,2019,1,14,8,0,17,17300,LECLERC   AVENUE DU GENERAL,46.16258,-1.1599,Nuit avec éclairage allumé,En agglomération,Intersection en X,Pluie légère,Deux véhicules - côté,4,2,2,0,1,1,2,0,1,50,2,2,1,0,1,0,81.0,35.0,voiture,deux_roues,5,2,2,2,3
201900042694,2019-09-28 19:20:00,2019,9,28,19,20,92,92019,DE VINCI LEONARD (AVENUE),48.7661,2.25046,Nuit avec éclairage allumé,En agglomération,Hors intersection,Normale,Deux véhicules - frontale,4,1,1,0,1,1,1,0,1,50,2,3,1,0,0,2,53.0,21.0,voiture,voiture,5,2,1,1,1
201900042695,2019-09-28 09:55:00,2019,9,28,9,55,22,22259,2 Rue du 18 Juin 1940,48.461889,-2.059005,Plein jour,En agglomération,Hors intersection,Normale,Autre collision,4,2,2,0,1,2,1,0,4,50,1,2,1,0,1,0,72.0,,voiture,,1,2,1,1,6
201900042696,2019-09-29 18:50:00,2019,9,29,18,50,2A,2A258,village de Renno,42.210184,8.825673,Crépuscule ou aube,En agglomération,Hors intersection,Normale,Sans collision,3,-1,2,0,1,1,1,0,1,50,1,1,0,0,1,0,22.0,,deux_roues,,2,2,1,1,7
201900042697,2019-10-01 08:33:00,2019,10,1,8,33,80,80296,autoroute A16,50.03269,2.059706,Plein jour,Hors agglomération,Hors intersection,Pluie forte,Deux véhicules - arrière,1,1,4,0,3,1,2,0,1,110,2,2,1,0,0,1,66.0,47.0,voiture,utilitaire_camion,1,1,1,3,2
201900042698,2019-01-14 08:15:00,2019,1,14,8,15,94,94071,MARAIS (CHE DES),48.7670195,2.5049753,Crépuscule ou aube,En agglomération,Intersection en T,Temps couvert,Sans collision,4,2,1,0,1,1,1,0,1,50,1,1,0,0,0,1,41.0,,deux_roues,,2,2,3,8,7
201900042699,2019-01-12 20:10:00,2019,1,12,20,10,95,95252,AUTOROUTE A15,48.97761,2.23244,Nuit sans éclairage public,Hors agglomération,Hors intersection,Pluie légère,Trois véhicules et plus - en chaîne,1,3,7,0,2,1,2,0,1,110,3,3,2,0,0,1,22.0,30.0,voiture,voiture,3,1,1,2,4
201900042700,2019-01-14 06:00:00,2019,1,14,6,0,974,97411,Chemin Rio,-20.94855,55.6636,Nuit sans éclairage public,En agglomération,Place,Normale,Autre collision,4,2,2,0,1,2,2,0,1,50,1,1,0,0,0,1,26.0,,utilitaire_camion,,3,2,7,1,6
201900042701,2019-01-14 18:45:00,2019,1,14,18,45,973,97302,BADUEL (ROUTE DE),4.9304557,-52.3050499,Nuit avec éclairage allumé,En agglomération,Hors intersection,Normale,Deux véhicules - côté,3,2,2,2,1,1,1,0,1,50,2,2,1,0,1,0,35.0,38.0,deux_roues,voiture,5,2,1,1,3
201900042702,2019-01-14 16:45:00,2019,1,14,16,45,69,69259,FRANCIS DE PRESSENSE                (AV),45.71779,4.86989,Plein jour,En agglomération,Hors intersection,Temps couvert,Deux véhicules - côté,4,2,2,2,2,1,1,2,1,50,2,4,3,0,0,1,36.0,33.0,voiture,voiture,1,2,1,8,3
201900042703,2019-01-14 18:15:00,2019,1,14,18,15,69,69383,ROCKEFELLER                         (AV),45.74021,4.88829,Nuit avec éclairage allumé,En agglomération,Hors intersection,Normale,Deux véhicules - arrière,4,2,4,3,1,1,1,4,1,50,2,2,1,0,0,1,33.0,24.0,deux_roues,voiture,5,2,1,1,2
201900042704,2019-01-14 13:00:00,2019,1,14,13,0,972,97213,AUTOROUTE A1,14.61812,-61.02917,Plein jour,Hors agglomération,Hors intersection,Normale,Trois véhicules et plus - en chaîne,1,1,4,0,1,1,1,0,1,80,3,3,2,0,0,1,80.0,38.0,voiture,voiture,1,1,1,1,4
201900042705,2019-01-14 18:30:00,2019,1,14,18,30,972,97209,JULES ALARIC (RUE),14.60482,-61.05803,Nuit avec éclairage allumé,En agglomération,Hors intersection,Normale,Sans collision,4,2,2,0,1,1,1,0,1,50,1,2,0,0,1,1,55.0,,utilitaire_camion,,5,2,1,1,7
201900042706,2019-09-30 07:19:00,2019,9,30,7,19,16,16012,D24,45.38656,0.1744,Crépuscule ou aube,Hors agglomération,Hors intersection,Temps couvert,Autre collision,3,2,2,0,2,2,6,0,3,80,1,1,0,0,1,0,67.0,,voiture,,2,1,1,8,6
201900042707,2019-09-27 08:00:00,2019,9,27,8,0,36,36230,Avenue de Paris,47.0770511,1.8155945,Plein jour,En agglomération,Hors intersection,Pluie légère,Deux véhicules - frontale,3,2,2,0,1,1,2,0,3,50,2,2,1,0,1,0,38.0,42.0,voiture,utilitaire_camion,1,2,1,2,1
201900042708,2019-08-09 13:45:00,2019,8,9,13,45,68,68338,RD 11,48.094211,7.223529,Plein jour,Hors agglomération,Hors intersection,Normale,Sans collision,3,2,2,0,2,2,1,0,1,80,1,1,0,0,1,0,53.0,,deux_roues,,1,1,1,1,7
201900042709,2019-09-30 21:30:00,2019,9,30,21,30,62,62038,Chemin du fort batard,50.854391,1.97669,Nuit sans éclairage public,En agglomération,Hors intersection,Pluie légère,Sans collision,4,2,2,0,1,1,2,0,8,30,1,3,0,0,1,2,23.0,,voiture,,3,2,1,2,7
201900042710,2019-10-01 12:15:00,2019,10,1,12,15,71,71512,AUTOROUTE A6,46.638508,4.85936,Plein jour,Hors agglomération,Hors intersection,Normale,Deux véhicules - côté,1,1,3,0,1,1,1,0,1,130,2,5,3,0,2,0,26.0,66.0,voiture,voiture,1,1,1,1,3
201900042711,2019-01-14 07:50:00,2019,1,14,7,50,972,97209,MARIE-THERESE GERTRUDE (RUE),14.60402,-61.08375,Plein jour,En agglomération,Hors intersection,Normale,Autre collision,4,2,2,0,1,1,1,0,2,50,1,2,1,0,0,1,54.0,,voiture,,1,2,1,1,6
201900042712,2019-10-01 08:50:00,2019,10,1,8,50,42,42233,Route de Beaujeu,46.071393,3.934017,Plein jour,Hors agglomération,Intersection en X,Normale,Autre collision,3,2,2,0,1,1,1,0,1,80,2,2,1,0,1,0,28.0,32.0,voiture,voiture,1,1,2,1,6
201900042713,2019-01-14 08:30:00,2019,1,14,8,30,69,69034,MARC SANGNIER                       (AV),45.79211,4.84168,Plein jour,En agglomération,Intersection en T,Pluie légère,Autre collision,4,2,2,0,1,1,2,0,1,50,2,2,0,0,0,2,19.0,18.0,deux_roues,deux_roues,1,2,3,2,6
201900042714,2019-01-13 23:40:00,2019,1,13,23,40,69,69034,CHARLES SENARD                      (QU),45.78719,4.85154,Nuit avec éclairage allumé,En agglomération,Hors intersection,Pluie légère,Autre collision,7,1,1,0,1,1,2,0,1,50,1,1,0,0,0,1,,,,,5,2,1,2,6
201900042715,2019-01-11 19:22:00,2019,1,11,19,22,91,91021,VERDUN (AVENUE DE),48.58206,2.24271,Nuit avec éclairage allumé,En agglomération,Hors intersection,Normale,Deux véhicules - côté,4,2,2,0,1,1,2,0,1,50,2,2,1,0,0,1,35.0,17.0,voiture,deux_roues,5,2,1,1,3
201900042716,2019-01-11 13:54:00,2019,1,11,13,54,87,87085,PERRIN (RUE FRANCOIS),45.82975,1.24798,Plein jour,En agglomération,Hors intersection,Normale,Deux véhicules - côté,4,2,2,0,1,1,1,0,1,50,2,2,1,0,0,1,51.0,26.0,voiture,deux_roues,1,2,1,1,3
201900042717,2019-01-11 14:18:00,2019,1,11,14,18,87,87085,DEGAS (RUE),45.85496,1.2676,Plein jour,En agglomération,Intersection en T,Normale,Deux véhicules - côté,4,2,2,0,2,1,1,0,1,50,2,3,2,0,0,1,39.0,38.0,voiture,voiture,1,2,3,1,3
201900042718,2019-01-11 09:00:00,2019,1,11,9,0,86,86194,PETIT POLYGONE (RUE DU),46.57731,0.35881,Plein jour,En agglomération,Intersection en Y,Normale,Deux véhicules - côté,4,2,2,0,3,1,1,0,1,50,2,2,1,0,0,1,16.0,16.0,deux_roues,voiture,1,2,4,1,3
201900042719,2019-09-30 17:58:00,2019,9,30,17,58,23,23075,D5,46.288509,1.674346,Plein jour,Hors agglomération,Hors intersection,Normale,Autre collision,3,2,2,0,2,3,2,0,8,80,1,1,0,0,1,0,59.0,,voiture,,1,1,1,1,6
201900042720,2019-09-30 22:00:00,2019,9,30,22,0,56,56053,Le Pont Guilmet,47.746568,-2.569418,Nuit sans éclairage public,Hors agglomération,Hors intersection,Pluie légère,Trois véhicules et plus - collisions multiples,2,3,4,0,1,1,2,0,1,110,3,4,2,0,1,1,38.0,77.0,voiture,voiture,3,1,1,2,5
201900042721,2019-09-30 13:50:00,2019,9,30,13,50,2A,2A139,D468,41.638853,9.336321,Plein jour,Hors agglomération,Hors intersection,Temps éblouissant,Autre collision,3,2,2,0,1,1,1,0,8,70,1,1,0,0,1,0,55.0,,voiture,,1,1,1,7,6
201900042722,2019-01-13 19:15:00,2019,1,13,19,15,85,85194,Le Coudriou,46.5097,-1.68621,Nuit sans éclairage public,Hors agglomération,Hors intersection,Pluie légère,Autre collision,3,2,2,0,1,2,2,0,3,80,1,1,0,0,1,0,37.0,,voiture,,3,1,1,2,6
201900042723,2019-01-11 08:10:00,2019,1,11,8,10,80,80021,AV PIERRE MENDES FRANCE,49.89985,2.28862,Nuit avec éclairage allumé,En agglomération,Hors intersection,Pluie légère,Deux véhicules - côté,4,2,2,0,1,1,2,0,1,50,2,2,1,0,0,1,34.0,35.0,deux_roues,voiture,5,2,1,2,3
201900042724,2019-01-11 11:35:00,2019,1,11,11,35,80,80021,"144, AV DE LA DEFENSE PASSIVE",49.909519,2.328477,Plein jour,En agglomération,Hors intersection,Normale,Deux véhicules - côté,4,2,2,0,1,1,1,0,1,50,2,2,1,1,0,0,23.0,44.0,deux_roues,voiture,1,2,1,1,3
201900042725,2019-09-30 12:15:00,2019,9,30,12,15,65,65065,1 Route de Pau,43.149526,-0.09862,Plein jour,En agglomération,Hors intersection,Temps éblouissant,Trois véhicules et plus - en chaîne,3,2,2,0,1,1,1,0,1,70,3,5,3,0,0,2,20.0,40.0,voiture,voiture,1,2,1,7,4
201900042726,2019-09-29 14:25:00,2019,9,29,14,25,71,71506,A39,46.658305,5.417732,Plein jour,Hors agglomération,Autre intersection,Normale,Sans collision,9,-1,2,1,2,1,1,2,5,-1,1,2,1,0,1,0,16.0,,deux_roues,,1,1,9,1,7
201900042727,2019-09-30 18:01:00,2019,9,30,18,1,71,71038,"RD 980 PR 58, lieu dit des beaux jours",46.750915,4.389964,Plein jour,Hors agglomération,Autre intersection,Temps éblouissant,Deux véhicules - côté,3,2,2,0,1,1,1,0,1,80,2,4,1,1,0,2,68.0,40.0,utilitaire_camion,transport_commun,1,1,9,7,3
201900042728,2019-01-03 19:00:00,2019,1,3,19,0,68,68066,LATTRE DE TASSIGNY (PLACE JEAN DE),48.078575,7.351869,Nuit avec éclairage allumé,En agglomération,Place,Pluie légère,Deux véhicules - côté,3,1,1,0,1,1,2,5,1,50,2,2,1,0,0,1,33.0,47.0,deux_roues,voiture,5,2,7,2,3
201900042729,2019-01-12 01:50:00,2019,1,12,1,50,67,67482,OSTWALD (RUE D ),48.56453,7.70705,Nuit avec éclairage allumé,En agglomération,Hors intersection,Pluie légère,Autre collision,4,2,3,0,1,3,1,0,1,50,1,1,0,0,0,1,26.0,,voiture,,5,2,1,2,6
201900042730,2019-01-11 21:30:00,2019,1,11,21,30,67,67482,PAUL DOPFF (RUE) ,48.55624,7.77318,Nuit avec éclairage allumé,Hors agglomération,Hors intersection,Neige / grêle,Deux véhicules - côté,4,2,4,1,1,2,2,0,1,50,2,4,1,0,0,3,28.0,20.0,voiture,voiture,5,1,1,4,3
201900042731,2019-01-11 18:00:00,2019,1,11,18,0,67,67482,VOSGES (PONT DES),48.58808,7.75905,Nuit avec éclairage allumé,En agglomération,Hors intersection,Neige / grêle,Deux véhicules - arrière,4,3,4,0,3,1,2,2,1,50,2,3,2,0,0,1,35.0,56.0,voiture,voiture,5,2,1,4,2
201900042732,2019-01-12 05:30:00,2019,1,12,5,30,66,66136,PYRENEES (BOULEVARD DES),42.6967,2.88812,Nuit avec éclairage allumé,En agglomération,Intersection en X,Normale,Deux véhicules - côté,4,-1,2,0,1,1,1,0,1,50,2,2,1,0,0,1,28.0,36.0,voiture,voiture,5,2,2,1,3
201900042733,2019-01-11 20:00:00,2019,1,11,20,0,66,66136,PALAIS-DES-EXPO (AVENUE DU),42.70757,2.90183,Nuit sans éclairage public,En agglomération,Hors intersection,Normale,Autre collision,4,2,1,0,1,1,1,0,1,50,2,2,1,0,0,1,56.0,76.0,voiture,deux_roues,3,2,1,1,6
201900042734,2019-10-01 10:40:00,2019,10,1,10,40,71,71313,Branges,46.953942,4.249831,Plein jour,Hors agglomération,Hors intersection,Normale,Deux véhicules - frontale,3,2,2,0,2,1,1,0,1,80,2,2,1,0,0,1,68.0,50.0,voiture,utilitaire_camion,1,1,1,1,1
201900042735,2019-09-30 16:55:00,2019,9,30,16,55,22,22152,Le Guindy,48.782553,-3.255034,Plein jour,En agglomération,Hors intersection,Normale,Sans collision,3,2,2,0,2,3,1,0,3,80,1,1,0,0,1,0,14.0,,deux_roues,,1,2,1,1,7
201900042736,2019-09-29 18:00:00,2019,9,29,18,0,44,44111,Les Ardillières,47.367585,-1.729716,Plein jour,Hors agglomération,Intersection en Y,Pluie légère,Deux véhicules - côté,3,2,2,0,1,1,2,0,1,80,2,2,1,0,1,0,18.0,63.0,deux_roues,voiture,1,1,4,2,3
201900042737,2019-09-30 18:45:00,2019,9,30,18,45,29,29130,La Croix Normand,48.358655,-4.642379,Crépuscule ou aube,Hors agglomération,Hors intersection,Pluie légère,Deux véhicules - frontale,4,2,2,0,2,3,2,0,1,50,2,2,1,0,1,0,39.0,26.0,voiture,deux_roues,2,1,1,2,1
201900042738,2019-09-24 17:15:00,2019,9,24,17,15,38,38416,D518,45.13423,5.3258,Plein jour,Hors agglomération,Hors intersection,Temps couvert,Deux véhicules - côté,3,2,2,0,2,3,2,0,1,80,2,2,0,0,0,2,29.0,29.0,voiture,voiture,1,1,1,8,3
201900042739,2019-09-30 07:50:00,2019,9,30,7,50,6,06150,218 Route de Laghet,43.744277,7.392294,Plein jour,En agglomération,Hors intersection,Normale,Deux véhicules - frontale,4,2,2,0,2,3,1,0,1,50,2,2,1,0,0,1,52.0,44.0,voiture,deux_roues,1,2,1,1,1
201900042740,2019-01-14 11:05:00,2019,1,14,11,5,59,59350,KUHLMANN RUE,50.6308,3.00543,Plein jour,En agglomération,Autre intersection,Normale,Autre collision,4,2,2,0,1,1,1,9,1,50,1,2,1,0,1,0,38.0,,voiture,,1,2,9,1,6
201900042741,2019-01-13 03:00:00,2019,1,13,3,0,59,59637,MURATON JEAN(RUE),50.3971,3.29298,Nuit sans éclairage public,En agglomération,Hors intersection,Pluie légère,Autre collision,3,2,2,0,1,1,2,0,1,50,1,1,0,0,1,0,50.0,,voiture,,3,2,1,2,6
201900042742,2019-01-12 19:20:00,2019,1,12,19,20,57,57672,EUROPE (CHAUSSEE D'),49.35623,6.14353,Nuit avec éclairage allumé,En agglomération,Hors intersection,Pluie légère,Autre collision,4,3,4,0,1,3,2,0,1,50,1,2,1,0,0,1,26.0,,voiture,,5,2,1,2,6