accident_id,datetime,annee,mois,jour,heure,minute,departement,commune_insee,adresse,latitude,longitude,luminosite,agglomeration,intersection,meteo,collision,catr,circ,nbv,vosp,prof,plan,surf,infra,situ,vma,nb_vehicules,nb_usagers,nb_indemnes,nb_tues,nb_blesses_hosp,nb_blesses_legers,age_cond_1,age_cond_2,veh_type_cond_1,veh_type_cond_2,lum_code,agg_code,int_code,atm_code,col_code
201900042832,2019-01-14 17:05:00,2019,1,14,17,5,75,75113,AVENUE D ITALIE,48.826182,2.357273,Nuit avec éclairage allumé,En agglomération,Intersection en X,Normale,Autre collision,4,2,7,0,1,1,1,0,1,50,1,2,1,0,0,1,42.0,,deux_roues,,5,2,2,1,6
201900042833,2019-01-14 15:20:00,2019,1,14,15,20,75,75112,AVENUE DAUMESNIL,48.8348864,2.4198712,Plein jour,En agglomération,Intersection en X,Normale,Deux véhicules - côté,4,2,2,0,1,1,1,5,1,50,2,2,1,0,0,1,35.0,57.0,voiture,deux_roues,1,2,2,1,3
201900042834,2019-01-14 21:50:00,2019,1,14,21,50,75,75110,RUE DU FAUBOURG DU TEMPLE,48.871236,2.374643,Nuit avec éclairage allumé,En agglomération,Intersection en T,Normale,Deux véhicules - arrière,4,1,1,0,2,1,1,0,1,30,2,2,0,0,0,2,39.0,,voiture,,5,2,3,1,2
201900042835,2019-09-28 05:30:00,2019,9,28,5,30,972,97209,GENERAL DE GAULLE (BLD DU),14.60731,-61.06777,Crépuscule ou aube,En agglomération,Intersection en X,Normale,Deux véhicules - côté,2,1,4,0,1,1,2,5,1,50,2,3,0,0,0,3,25.0,39.0,voiture,voiture,2,2,2,1,3
201900042836,2019-09-28 18:00:00,2019,9,28,18,0,69,69034,CREPIEUX (DE)                       (CH),45.80168,4.86656,Plein jour,En agglomération,Intersection en T,Normale,Deux véhicules - arrière,4,2,2,1,1,1,1,0,1,50,2,3,2,0,0,1,49.0,46.0,voiture,voiture,1,2,3,1,2
201900042837,2019-09-29 05:25:00,2019,9,29,5,25,95,95063,RUE LUCIEN SAMPAIX,48.939605,2.206889,Crépuscule ou aube,En agglomération,Hors intersection,Normale,Deux véhicules - frontale,3,2,2,0,1,1,1,0,1,50,2,5,0,0,3,2,22.0,23.0,voiture,voiture,2,2,1,1,1
201900042838,2019-09-29 18:15:00,2019,9,29,18,15,91,91223,CROIX DE VERNAILLES (RUE DE LA),48.451657,2.170083,Plein jour,En agglomération,Intersection en T,Normale,Autre collision,3,2,2,0,1,1,1,5,1,50,1,1,0,0,0,1,17.0,,voiture,,1,2,3,1,6
201900042839,2019-09-29 18:00:00,2019,9,29,18,0,81,81004,JOFFRE (AV MARECHAL),43.92249,2.1415,Plein jour,En agglomération,Hors intersection,Normale,Autre collision,4,2,2,0,1,1,1,0,1,50,1,2,1,0,1,0,56.0,,voiture,,1,2,1,1,6
201900042840,2019-09-29 10:42:00,2019,9,29,10,42,78,78498,GAMBETTA BD,48.93211,2.04457,Plein jour,En agglomération,Intersection en X,Normale,Deux véhicules - frontale,3,2,3,0,1,1,1,0,1,50,2,3,2,0,1,0,33.0,28.0,deux_roues,voiture,1,2,2,1,1
201900042841,2019-09-29 06:30:00,2019,9,29,6,30,77,77284,D603 X S. ALLENDE (AVENUE DU ML.),48.9547051,2.8932633,Nuit avec éclairage allumé,En agglomération,Intersection en X,Normale,Deux véhicules - côté,3,1,3,0,1,2,1,5,1,50,2,2,1,0,0,1,25.0,39.0,voiture,voiture,5,2,2,1,3
201900042842,2019-01-14 17:00:00,2019,1,14,17,0,75,75110,AVENUE CLAUDE VELLEFAUX,48.876857,2.370299,Plein jour,En agglomération,Hors intersection,Normale,Trois véhicules et plus - collisions multiples,4,2,2,0,1,1,1,0,1,30,3,3,2,0,0,1,50.0,28.0,deux_roues,voiture,1,2,1,1,5
201900042843,2019-01-13 15:45:00,2019,1,13,15,45,75,75104,RUE SAINT ANTOINE,48.85478,2.362413,Plein jour,En agglomération,Intersection en T,Normale,Autre collision,4,1,3,0,1,1,1,0,1,50,1,2,0,0,0,2,55.0,,deux_roues,,1,2,3,1,6
201900042844,2019-01-13 21:47:00,2019,1,13,21,47,94,94081,LEON GEFFROY (R),48.77594,2.4091,Nuit avec éclairage allumé,En agglomération,Hors intersection,Normale,Sans collision,3,2,2,0,1,1,1,8,1,50,1,1,0,0,0,1,48.0,,utilitaire_camion,,5,2,1,1,7
201900042845,2019-01-13 05:45:00,2019,1,13,5,45,94,94003,PAUL VAILLANT COUTURIER (AV),48.80319,2.33824,Nuit avec éclairage allumé,En agglomération,Hors intersection,Pluie légère,Trois véhicules et plus - collisions multiples,3,2,2,0,2,3,2,0,1,50,3,4,3,0,0,1,46.0,,voiture,,5,2,1,2,5
201900042846,2019-01-14 14:00:00,2019,1,14,14,0,94,94028,POMPADOUR(ROUTE DE LA),48.76721,2.47051,Plein jour,En agglomération,Hors intersection,Normale,Autre collision,2,3,0,0,1,1,1,0,1,50,1,2,1,0,0,1,26.0,,voiture,,1,2,1,1,6
201900042847,2019-01-14 18:50:00,2019,1,14,18,50,94,94053,GENERAL DE GAULLE (R DU),48.7767,2.5411,Nuit avec éclairage allumé,En agglomération,Hors intersection,Normale,Deux véhicules - frontale,4,2,2,0,2,3,1,0,1,50,2,2,1,0,0,1,32.0,57.0,voiture,voiture,5,2,1,1,1
201900042848,2019-01-13 01:35:00,2019,1,13,1,35,94,94019,LIBERATION (RTE DE LA),48.802761,2.538637,Nuit avec éclairage allumé,En agglomération,Intersection en X,Pluie légère,Deux véhicules - côté,3,2,4,0,1,1,2,5,1,50,2,2,1,0,0,1,,,,,5,2,2,2,3
201900042849,2019-01-14 13:55:00,2019,1,14,13,55,94,94044,PAUL VALERY (R),48.75321,2.47507,Plein jour,En agglomération,Autre intersection,Normale,Deux véhicules - côté,4,2,2,0,1,1,1,0,1,50,2,2,1,0,0,1,35.0,28.0,deux_roues,voiture,1,2,9,1,3
201900042850,2019-01-13 20:50:00,2019,1,13,20,50,93,93066,LIBERATION RD14 (BOULEVARD),48.92892,2.34057,Nuit avec éclairage allumé,En agglomération,Hors intersection,Pluie légère,Deux véhicules - côté,3,4,0,0,2,2,2,0,1,50,2,1,0,0,0,1,33.0,,voiture,,5,2,1,2,3
201900042851,2019-01-14 18:55:00,2019,1,14,18,55,93,93066,BRISE ECHALAS,48.93841,2.34577,Nuit avec éclairage allumé,En agglomération,Hors intersection,Normale,Autre collision,4,1,1,0,1,1,1,0,1,30,1,2,1,0,0,1,29.0,,deux_roues,,5,2,1,1,6
201900042852,2019-01-14 00:45:00,2019,1,14,0,45,93,93077,GRANDE RUE  18 / FIN,48.8828,2.51632,Nuit avec éclairage allumé,En agglomération,Hors intersection,Pluie légère,Autre collision,3,3,2,0,1,1,2,9,1,50,1,1,0,0,0,1,58.0,,voiture,,5,2,1,2,6
201900042853,2019-01-14 12:42:00,2019,1,14,12,42,93,93051,PAUL PAMBRUN (BOULEVARD),48.85017,2.5513,Plein jour,En agglomération,Hors intersection,Normale,Deux véhicules - côté,3,2,3,0,1,1,1,0,1,50,2,2,1,0,0,1,35.0,25.0,voiture,utilitaire_camion,1,2,1,1,3
201900042854,2019-09-29 21:00:00,2019,9,29,21,0,77,77268,CLE DES CHAMPS ( RUE DE LA ),48.86746,2.8147,Nuit avec éclairage allumé,En agglomération,Intersection en X,Temps couvert,Deux véhicules - côté,4,2,2,0,2,1,2,0,1,50,2,2,1,1,0,0,48.0,28.0,deux_roues,voiture,5,2,2,8,3
201900042855,2019-01-13 22:55:00,2019,1,13,22,55,93,93048,GALLIENI (AV.) DE 1 A 109,48.87086,2.45108,Nuit avec éclairage allumé,En agglomération,Autre intersection,Pluie légère,Autre collision,3,1,1,3,2,2,2,3,1,50,1,3,0,0,0,3,73.0,,voiture,,5,2,9,2,6
201900042856,2019-09-23 08:15:00,2019,9,23,8,15,76,76194,BOUT DE LA VILLE ( RUE DU),49.7374,0.3378,Plein jour,En agglomération,Hors intersection,Normale,Autre collision,3,2,2,0,1,1,1,8,1,50,1,3,1,0,0,2,33.0,,voiture,,1,2,1,1,6
201900042857,2019-09-29 18:15:00,2019,9,29,18,15,74,74305,TOURNELLES (RUE DES),46.2000316,6.2458039,Plein jour,En agglomération,Hors intersection,Normale,Autre collision,4,2,2,0,1,1,1,0,1,50,2,3,2,0,0,1,55.0,31.0,deux_roues,voiture,1,2,1,1,6
201900042858,2019-09-29 14:50:00,2019,9,29,14,50,69,69256,MAXIMILIEN DE ROBESPIERRE           (R ),45.77566,4.91775,Plein jour,En agglomération,Hors intersection,Normale,Sans collision,4,2,4,3,1,1,1,0,1,50,1,1,0,0,0,1,39.0,,deux_roues,,1,2,1,1,7
201900042859,2019-01-14 08:00:00,2019,1,14,8,0,93,93032,ARISTIDE BRIAND (RUE),48.87695,2.53141,Crépuscule ou aube,En agglomération,Hors intersection,Normale,Autre collision,3,2,2,0,1,1,2,0,1,50,1,2,1,0,0,1,27.0,,utilitaire_camion,,2,2,1,1,6
201900042860,2019-09-29 00:05:00,2019,9,29,0,5,69,69029,LEON BOURGEOIS                      (R ),45.72752,4.9007,Nuit avec éclairage allumé,En agglomération,Intersection en X,Normale,Deux véhicules - frontale,4,2,2,1,3,1,1,0,1,50,2,5,4,0,0,1,20.0,56.0,voiture,voiture,5,2,2,1,1
201900042861,2019-09-29 00:30:00,2019,9,29,0,30,65,65440,MARTINET (BOULEVARD DU),43.23411,0.084564,Nuit avec éclairage allumé,En agglomération,Hors intersection,Normale,Autre collision,3,2,1,0,1,1,1,0,3,50,2,2,0,0,0,2,45.0,,deux_roues,,5,2,1,1,6
201900042862,2019-01-14 17:50:00,2019,1,14,17,50,93,93027,MERMOZ (AVENUE JEAN),48.93277,2.41196,Nuit avec éclairage allumé,En agglomération,Hors intersection,Normale,Deux véhicules - côté,3,3,4,0,1,1,1,0,1,50,2,2,1,0,0,1,44.0,25.0,voiture,deux_roues,5,2,1,1,3
201900042863,2019-09-28 19:50:00,2019,9,28,19,50,65,65100,BORDEAUX (ROUTE DE) CD 935,43.262317,0.071577,Crépuscule ou aube,Hors agglomération,Hors intersection,Normale,Sans collision,3,2,1,0,1,1,1,0,3,70,1,1,0,0,1,0,39.0,,deux_roues,,2,1,1,1,7
201900042864,2019-09-29 17:50:00,2019,9,29,17,50,64,64249,GETARIA(AVENUE),43.42432,-1.60474,Plein jour,En agglomération,Hors intersection,Normale,Deux véhicules - côté,3,2,3,0,1,1,1,0,1,50,2,3,2,0,0,1,51.0,24.0,deux_roues,utilitaire_camion,1,2,1,1,3
201900042865,2019-01-13 23:50:00,2019,1,13,23,50,93,93008,TEHERAN (RUE DE),48.9117,2.46498,Nuit avec éclairage allumé,En agglomération,Intersection en X,Pluie légère,Deux véhicules - frontale,3,2,2,0,1,1,2,0,1,50,2,4,3,0,1,0,21.0,31.0,voiture,deux_roues,5,2,2,2,1
201900042866,2019-09-28 14:40:00,2019,9,28,14,40,64,64260,MER (BOULEVARD DE LA),43.37393,-1.77041,Plein jour,En agglomération,Hors intersection,Normale,Deux véhicules - arrière,4,2,2,0,1,1,1,0,1,50,2,3,2,0,0,1,38.0,,deux_roues,utilitaire_camion,1,2,1,1,2
201900042867,2019-09-29 12:10:00,2019,9,29,12,10,64,64260,BAIE DE CHINGUDY (AVENUE DE LA),43.36978,-1.77322,Plein jour,En agglomération,Hors intersection,Normale,Deux véhicules - côté,4,2,2,0,1,1,1,0,1,50,2,2,1,0,0,1,38.0,50.0,voiture,deux_roues,1,2,1,1,3
201900042868,2019-01-14 12:40:00,2019,1,14,12,40,972,97215,rivière roches,14.868753,-61.129811,Plein jour,En agglomération,Hors intersection,Normale,Deux véhicules - frontale,4,2,2,0,2,4,1,0,1,50,2,2,1,0,1,0,61.0,30.0,voiture,deux_roues,1,2,1,1,1
201900042869,2019-09-28 16:55:00,2019,9,28,16,55,62,62826,THIERRY SABINE (BOULEVARD),50.53142,1.586495,Plein jour,En agglomération,Hors intersection,Pluie forte,Autre collision,4,-1,1,1,1,1,2,0,1,25,2,2,0,0,0,2,46.0,61.0,deux_roues,deux_roues,1,2,1,3,6
201900042870,2019-09-29 03:40:00,2019,9,29,3,40,62,62735,CD 943,50.495344,2.704268,Nuit sans éclairage public,Hors agglomération,Hors intersection,Pluie légère,Deux véhicules - frontale,3,2,2,0,1,1,2,0,1,80,2,2,1,1,0,0,18.0,28.0,deux_roues,voiture,3,1,1,2,1
201900042871,2019-01-12 18:00:00,2019,1,12,18,0,1,01158,D884,46.1610216,5.9095107,Nuit sans éclairage public,Hors agglomération,Hors intersection,Normale,Deux véhicules - côté,3,3,4,0,1,1,1,0,1,110,2,3,0,0,0,3,24.0,32.0,voiture,voiture,3,1,1,1,3
201900042872,2019-01-15 08:10:00,2019,1,15,8,10,29,29095, PK 065.750 sens Morlaix - Brest,48.4643225,-4.3467811,Crépuscule ou aube,Hors agglomération,Hors intersection,Normale,Deux véhicules - arrière,2,3,4,0,1,1,1,0,1,110,2,2,1,0,1,0,45.0,23.0,deux_roues,voiture,2,1,1,1,2
201900042873,2019-09-29 21:25:00,2019,9,29,21,25,59,59599,COTY (RUE DU PRESIDENT),50.7450094,3.1784302,Nuit avec éclairage allumé,En agglomération,Intersection en T,Pluie légère,Deux véhicules - côté,4,2,2,0,1,1,2,0,1,50,2,5,1,0,0,4,24.0,28.0,voiture,voiture,5,2,3,2,3
201900042874,2019-01-14 15:50:00,2019,1,14,15,50,34,34169,chemin du val de lironde,43.67291,3.84467,Crépuscule ou aube,En agglomération,Autre intersection,Temps éblouissant,Autre collision,4,2,2,0,1,1,1,0,1,50,1,2,1,0,1,0,56.0,,voiture,,2,2,9,7,6
201900042875,2019-01-13 16:20:00,2019,1,13,16,20,57,57560,D174G,48.93314,6.666667,Plein jour,Hors agglomération,Intersection en T,Pluie légère,Deux véhicules - côté,3,2,2,0,1,1,2,9,1,80,2,2,1,1,0,0,47.0,85.0,voiture,voiture,1,1,3,2,3
201900042876,2019-01-15 16:35:00,2019,1,15,16,35,56,56255,RN 166 Kerboulard,47.697648,-2.627136,Plein jour,Hors agglomération,Hors intersection,Normale,Sans collision,2,3,4,0,1,1,1,0,3,110,1,1,0,1,0,0,60.0,,utilitaire_camion,,1,1,1,1,7
201900042877,2019-09-29 21:00:00,2019,9,29,21,0,54,54547,28 rue Aristide Briand,48.672942,6.182402,Nuit avec éclairage allumé,En agglomération,Hors intersection,Pluie légère,Deux véhicules - frontale,4,2,2,0,1,1,2,0,1,50,2,1,0,0,0,1,46.0,,deux_roues,,5,2,1,2,1
201900042878,2019-01-14 18:30:00,2019,1,14,18,30,56,56184,Place du Marchix,47.661562,-2.45704,Nuit avec éclairage allumé,En agglomération,Intersection en Y,Normale,Deux véhicules - côté,4,2,2,0,1,1,1,0,1,50,2,2,1,0,1,0,19.0,30.0,deux_roues,voiture,5,2,4,1,3
201900042879,2019-09-28 10:07:00,2019,9,28,10,7,50,50165,D 135E,48.85247,-1.5624,Plein jour,En agglomération,Hors intersection,Normale,Deux véhicules - arrière,3,2,2,0,2,1,1,5,1,30,2,2,1,0,1,0,26.0,77.0,deux_roues,voiture,1,2,1,1,2
201900042880,2019-09-29 12:40:00,2019,9,29,12,40,45,45302, Bretelle d'échangeur D520,47.9450908,1.8940596,Plein jour,En agglomération,Hors intersection,Temps couvert,Autre collision,3,1,1,0,1,2,2,3,1,50,1,1,0,0,0,1,21.0,,voiture,,1,2,1,8,6
201900042881,2019-09-29 19:25:00,2019,9,29,19,25,37,37261,ORIGET (RUE),47.38709,0.68973,Nuit avec éclairage allumé,En agglomération,Hors intersection,Pluie forte,Autre collision,4,1,1,0,1,1,2,0,1,50,1,1,0,0,0,1,,,,,5,2,1,3,6
201900042882,2019-09-29 09:15:00,2019,9,29,9,15,37,37261,BERANGER (BOULEVARD),47.3894818,0.6827278,Plein jour,En agglomération,Intersection en X,Normale,Deux véhicules - côté,4,1,2,0,1,1,1,1,1,50,2,2,1,0,0,1,68.0,45.0,voiture,voiture,1,2,2,1,3
201900042883,2019-09-29 05:58:00,2019,9,29,5,58,37,37214,CROIX PERIGOURD (RUE DE LA),47.4121925,0.6592749,Nuit avec éclairage allumé,En agglomération,Hors intersection,Normale,Sans collision,4,2,2,0,1,1,1,0,1,30,1,1,0,0,0,1,19.0,,deux_roues,,5,2,1,1,7
201900042884,2019-09-30 00:00:00,2019,9,30,0,0,33,33119,AVE DU PRESIDENT J.F. KENNEDY,44.86756,-0.50689,Nuit avec éclairage allumé,En agglomération,Intersection en X,Normale,Trois véhicules et plus - en chaîne,4,3,6,2,1,1,1,0,1,50,3,2,1,0,0,1,46.0,21.0,voiture,voiture,5,2,2,1,4
201900042885,2019-09-29 19:15:00,2019,9,29,19,15,33,33529,46 Av SAINT-EXUPERY,44.62265,-1.14025,Crépuscule ou aube,En agglomération,Hors intersection,Normale,Deux véhicules - côté,3,2,2,0,1,1,1,0,1,50,2,2,1,0,0,1,16.0,57.0,deux_roues,voiture,2,2,1,1,3
201900042886,2019-01-15 16:00:00,2019,1,15,16,0,33,33125,CD 205,45.21571,-0.83229,Plein jour,Hors agglomération,Hors intersection,Normale,Autre collision,3,2,2,0,1,1,1,0,3,80,1,1,0,0,1,0,39.0,,voiture,,1,1,1,1,6
201900042887,2019-09-29 04:25:00,2019,9,29,4,25,30,30189,FAITA VINCENT (RUE),43.84318,4.36978,Nuit avec éclairage allumé,En agglomération,Giratoire,Normale,Autre collision,4,1,2,0,1,1,1,5,1,50,1,3,2,0,0,1,26.0,,voiture,,5,2,6,1,6
201900042888,2019-01-15 14:20:00,2019,1,15,14,20,89,89459,RD 369,48.153851,3.168753,Plein jour,Hors agglomération,Intersection en T,Normale,Deux véhicules - côté,3,2,2,0,1,3,1,0,1,-1,2,3,2,0,1,0,46.0,71.0,voiture,deux_roues,1,1,3,1,3
201900042889,2019-09-29 19:15:00,2019,9,29,19,15,17,17300,GARROS   RUE ROLAND,46.1759,-1.145,Plein jour,En agglomération,Hors intersection,Pluie légère,Sans collision,4,2,2,0,1,2,2,0,1,30,1,2,1,0,0,1,38.0,,deux_roues,,1,2,1,2,7
201900042890,2019-01-14 19:00:00,2019,1,14,19,0,63,63286,Le pont de menat,46.102772,2.934799,Nuit avec éclairage allumé,Hors agglomération,Hors intersection,Normale,Autre collision,3,2,2,0,2,2,1,9,3,70,1,1,0,0,1,0,80.0,,voiture,,5,1,1,1,6
201900042891,2019-09-30 20:00:00,2019,9,30,20,0,13,13215,MARDIROSSIA (TRAVERSE),43.336745,5.359887,Nuit avec éclairage allumé,En agglomération,Hors intersection,Normale,Deux véhicules - frontale,4,2,2,0,2,1,1,0,1,50,2,3,2,0,0,1,18.0,51.0,voiture,voiture,5,2,1,1,1
201900042892,2019-01-14 11:45:00,2019,1,14,11,45,63,63030,RD91,46.020121,3.297639,Plein jour,Hors agglomération,Hors intersection,Pluie légère,Deux véhicules - frontale,3,2,2,0,1,3,2,0,1,80,2,2,0,0,2,0,75.0,60.0,voiture,voiture,1,1,1,2,1
201900042893,2019-09-29 22:30:00,2019,9,29,22,30,13,13201,VOLTAIRE    PAIRS (BOULEVARD),43.302135,5.382991,Nuit avec éclairage allumé,En agglomération,Hors intersection,Normale,Deux véhicules - frontale,4,2,1,0,2,1,1,0,1,50,2,2,1,0,1,0,15.0,20.0,deux_roues,voiture,5,2,1,1,1
201900042894,2019-09-29 19:10:00,2019,9,29,19,10,13,13206,BAILLE (BOULEVARD),43.23637,5.38552,Crépuscule ou aube,En agglomération,Intersection en T,Normale,Deux véhicules - côté,4,2,4,0,1,1,1,0,1,50,2,2,0,0,0,2,38.0,48.0,deux_roues,deux_roues,2,2,3,1,3
201900042895,2019-01-14 14:30:00,2019,1,14,14,30,55,55216,D618,49.29641,5.655212,Plein jour,Hors agglomération,Intersection en T,Normale,Deux véhicules - arrière,3,2,2,0,1,1,2,0,1,80,2,2,0,0,1,1,70.0,82.0,voiture,voiture,1,1,3,1,2
201900042896,2019-01-11 18:00:00,2019,1,11,18,0,86,86160,La Haute Chaussée,46.7951901,0.2245014,Nuit sans éclairage public,Hors agglomération,Intersection en T,Normale,Deux véhicules - côté,3,2,2,0,1,1,1,0,1,80,2,2,1,0,0,1,39.0,39.0,voiture,voiture,3,1,3,1,3
201900042897,2019-09-29 17:55:00,2019,9,29,17,55,13,13203,PARIS (BOULEVARD DE),43.307419,5.371586,Plein jour,En agglomération,Intersection en T,Normale,Deux véhicules - côté,4,1,2,3,1,1,1,9,1,50,2,3,2,0,0,1,25.0,42.0,deux_roues,voiture,1,2,3,1,3
201900042898,2019-09-29 16:45:00,2019,9,29,16,45,13,13203,HOCHE (RUE),43.308944,5.374517,Plein jour,En agglomération,Intersection en T,Normale,Autre collision,4,1,1,0,1,1,1,0,1,50,1,3,0,0,0,3,,,,,1,2,3,1,6
201900042899,2019-01-14 22:45:00,2019,1,14,22,45,68,68098,06 rue principale,47.561943,7.156664,Nuit avec éclairage allumé,En agglomération,Hors intersection,Normale,Autre collision,3,2,2,0,1,3,2,0,4,50,1,1,0,0,1,0,32.0,,voiture,,5,2,1,1,6
201900042900,2019-09-29 12:50:00,2019,9,29,12,50,13,13202,TOURETTE (QUAI DE LA),43.29774,5.36295,Plein jour,En agglomération,Hors intersection,Normale,Autre collision,4,1,2,0,1,1,1,0,1,50,1,2,1,0,0,1,37.0,,voiture,,1,2,1,1,6
201900042901,2019-01-13 18:35:00,2019,1,13,18,35,38,38559,D1092 - PLACE DE L'HÔTEL DE VILLE,45.21071,5.40384,Nuit avec éclairage allumé,En agglomération,Place,Normale,Deux véhicules - côté,3,2,2,0,1,1,1,0,1,50,2,3,2,0,0,1,26.0,18.0,voiture,deux_roues,5,2,7,1,3
201900042902,2019-09-29 15:20:00,2019,9,29,15,20,13,13028,BODIN (AVENUE EMILE),43.20658,5.58558,Plein jour,Hors agglomération,Hors intersection,Normale,Trois véhicules et plus - collisions multiples,3,2,2,0,1,4,1,0,1,80,3,4,1,0,3,0,57.0,44.0,voiture,deux_roues,1,1,1,1,5
201900042903,2019-01-10 21:25:00,2019,1,10,21,25,85,85179,RD45,46.51971,-1.5442,Nuit sans éclairage public,Hors agglomération,Hors intersection,Normale,Autre collision,3,2,2,0,4,3,1,0,8,80,1,1,0,0,1,0,32.0,,voiture,,3,1,1,1,6
201900042904,2019-09-29 09:54:00,2019,9,29,9,54,9,09122,VILLOTE (PARKING DE),42.96371,1.60635,Plein jour,En agglomération,Autre intersection,Normale,Autre collision,4,1,1,0,1,2,1,9,1,30,1,2,1,0,0,1,83.0,,voiture,,1,2,9,1,6
201900042905,2019-09-03 13:00:00,2019,9,3,13,0,7,07186,MOBILES (BLD. DES),44.73597,4.60136,Plein jour,En agglomération,Hors intersection,Normale,Autre collision,9,2,2,0,2,3,1,0,2,50,1,2,1,0,0,1,51.0,,voiture,,1,2,1,1,6
201900042906,2019-01-15 08:45:00,2019,1,15,8,45,37,37198,LE PERRE,47.452014,0.238927,Plein jour,Hors agglomération,Hors intersection,Temps couvert,Trois véhicules et plus - collisions multiples,3,2,2,0,1,1,1,0,1,80,3,3,2,0,0,1,29.0,44.0,utilitaire_camion,voiture,1,1,1,8,5
201900042907,2019-09-29 20:40:00,2019,9,29,20,40,6,06088,BARBERIS (RUE),43.71216,7.28825,Nuit avec éclairage allumé,En agglomération,Intersection en X,Normale,Deux véhicules - côté,4,1,2,0,1,1,1,0,1,50,2,2,1,0,0,1,31.0,25.0,voiture,voiture,5,2,2,1,3
201900042908,2019-01-15 12:30:00,2019,1,15,12,30,30,30020,CD 135,43.747999,4.302916,Plein jour,Hors agglomération,Hors intersection,Normale,Trois véhicules et plus - collisions multiples,3,2,2,0,1,1,1,0,1,80,3,5,0,0,0,5,30.0,49.0,voiture,voiture,1,1,1,1,5
201900042909,2019-09-29 09:30:00,2019,9,29,9,30,6,06088,COMBOUL (AV. RAYMOND),43.70801,7.26786,Plein jour,En agglomération,Intersection à plus de 4 branches,Normale,Deux véhicules - côté,4,2,5,0,2,2,1,3,1,50,2,3,1,0,2,0,51.0,72.0,deux_roues,voiture,1,2,5,1,3
201900042910,2019-09-29 00:20:00,2019,9,29,0,20,75,75120,ECHANGEUR BAGNOLET,48.8638805,2.4131537,Nuit avec éclairage allumé,En agglomération,Hors intersection,Normale,Autre collision,4,1,1,0,1,1,1,0,1,50,2,6,4,0,0,2,44.0,,voiture,,5,2,1,1,6
201900042911,2019-01-14 13:36:00,2019,1,14,13,36,40,40295,Barrière de péage pleine voie n°105,44.347159,-0.860569,Plein jour,Hors agglomération,Hors intersection,Pluie légère,Deux véhicules - arrière,1,3,5,0,1,1,2,7,8,130,2,4,3,0,1,0,80.0,61.0,voiture,voiture,1,1,1,2,2
201900042912,2019-09-28 23:55:00,2019,9,28,23,55,75,75120,AVENUE CARTELLIER,48.8647537,2.4120914,Nuit avec éclairage allumé,En agglomération,Intersection en Y,Normale,Autre collision,4,1,2,0,1,1,1,0,1,50,1,1,0,0,0,1,68.0,,voiture,,5,2,4,1,6
201900042913,2019-01-15 15:28:00,2019,1,15,15,28,13,13029,D70 - CHEMIN DE LA COPÉRATIVE,43.572091,5.075345,Plein jour,Hors agglomération,Intersection en T,Normale,Deux véhicules - frontale,3,2,2,0,2,1,1,0,1,80,2,2,1,1,0,0,57.0,55.0,voiture,deux_roues,1,1,3,1,1
201900042914,2019-09-29 20:15:00,2019,9,29,20,15,75,75119,RUE D AUBERVILLIERS,48.8987373,2.371126,Nuit avec éclairage allumé,En agglomération,Intersection en X,Pluie légère,Deux véhicules - côté,4,2,3,0,1,1,2,0,1,50,2,2,1,0,0,1,20.0,30.0,deux_roues,voiture,5,2,2,2,3
201900042915,2019-01-15 09:10:00,2019,1,15,9,10,33,33122,impasse du Trinquet,44.73899,-0.68044,Plein jour,En agglomération,Hors intersection,Normale,Autre collision,4,2,2,0,1,1,1,0,1,50,1,2,1,0,1,0,46.0,,utilitaire_camion,,1,2,1,1,6
201900042916,2019-09-29 20:35:00,2019,9,29,20,35,75,75116,PLACE DE VERDUN,48.8781723,2.2810256,Nuit avec éclairage allumé,En agglomération,Place,Pluie légère,Sans collision,4,1,2,0,1,1,8,0,1,50,1,1,0,0,0,1,26.0,,deux_roues,,5,2,7,2,7
201900042917,2019-01-14 17:38:00,2019,1,14,17,38,24,24584,La planche du bois RD9,44.932262,0.042103,Nuit sans éclairage public,Hors agglomération,Hors intersection,Normale,Autre collision,3,2,2,0,1,1,1,0,8,80,2,23,14,0,0,9,51.0,65.0,utilitaire_camion,transport_commun,3,1,1,1,6
201900042918,2019-01-15 11:30:00,2019,1,15,11,30,42,42302,RD1498 intersection RD106,45.481559,4.444469,Plein jour,En agglomération,Intersection en X,Normale,Deux véhicules - côté,3,2,2,0,1,1,1,5,1,50,2,2,1,0,0,1,62.0,33.0,voiture,utilitaire_camion,1,2,2,1,3
201900042919,2019-01-14 16:45:00,2019,1,14,16,45,971,97107,boulevard bananier,15.996945,-61.606955,Plein jour,Hors agglomération,Hors intersection,Temps éblouissant,Deux véhicules - côté,2,2,2,0,2,1,1,0,1,80,2,2,1,0,0,1,49.0,56.0,utilitaire_camion,voiture,1,1,1,7,3
201900042920,2019-09-28 23:20:00,2019,9,28,23,20,75,75116,AVENUE THEOPHILE GAUTIER,48.850824,2.274382,Nuit avec éclairage allumé,En agglomération,Hors intersection,Normale,Autre collision,4,2,2,0,1,1,1,0,1,50,1,3,2,0,0,1,29.0,,voiture,,5,2,1,1,6
201900042921,2019-01-15 07:00:00,2019,1,15,7,0,77,77063,D216 X rue du Montlevon,48.797105,2.966016,Nuit sans éclairage public,Hors agglomération,Intersection en T,Normale,Trois véhicules et plus - en chaîne,3,2,2,0,3,1,1,0,1,80,3,3,1,0,1,1,84.0,55.0,voiture,utilitaire_camion,3,1,3,1,4