accident_id,datetime,annee,mois,jour,heure,minute,departement,commune_insee,adresse,latitude,longitude,luminosite,agglomeration,intersection,meteo,collision,catr,circ,nbv,vosp,prof,plan,surf,infra,situ,vma,nb_vehicules,nb_usagers,nb_indemnes,nb_tues,nb_blesses_hosp,nb_blesses_legers,age_cond_1,age_cond_2,veh_type_cond_1,veh_type_cond_2,lum_code,agg_code,int_code,atm_code,col_code
201900043201,2019-04-04 16:45:00,2019,4,4,16,45,74,74160,rue de l'ancienne école,45.861077,6.369464,Plein jour,En agglomération,Intersection en T,Normale,Autre collision,3,2,-1,-1,2,1,1,0,1,-1,1,2,1,0,1,0,62.0,,voiture,,1,2,3,1,6
201900043202,2019-04-05 16:30:00,2019,4,5,16,30,26,26138,D458 via aggrippa,44.401239,4.742265,Plein jour,Hors agglomération,Hors intersection,Normale,Deux véhicules - frontale,3,2,2,0,1,1,1,0,1,80,2,2,1,0,0,1,52.0,48.0,voiture,voiture,1,1,1,1,1
201900043203,2019-04-04 11:45:00,2019,4,4,11,45,7,07324,Avenue du 8 Mai 1945,45.061791,4.836613,Plein jour,En agglomération,Hors intersection,Normale,Autre collision,4,2,2,0,1,1,1,6,8,30,1,2,1,0,0,1,52.0,,voiture,,1,2,1,1,6
201900043204,2019-04-04 14:30:00,2019,4,4,14,30,7,07324,Quai Farconnet,45.069336,4.828902,Plein jour,En agglomération,Hors intersection,Normale,Autre collision,6,2,2,0,1,1,1,0,8,30,1,2,1,0,0,1,61.0,,utilitaire_camion,,1,2,1,1,6
201900043205,2019-04-06 09:25:00,2019,4,6,9,25,69,69028,Route du Naizy,45.7195308,4.6832291,Plein jour,Hors agglomération,Hors intersection,Temps couvert,Deux véhicules - arrière,3,2,2,0,1,1,1,5,1,80,2,3,2,0,1,0,57.0,30.0,deux_roues,deux_roues,1,1,1,8,2
201900043206,2019-04-06 07:45:00,2019,4,6,7,45,64,64460,RN134,43.1835027,-0.5765372,Crépuscule ou aube,Hors agglomération,Hors intersection,Pluie forte,Trois véhicules et plus - collisions multiples,2,2,2,0,1,1,2,0,1,80,3,6,3,0,0,3,27.0,34.0,voiture,voiture,2,1,1,3,5
201900043207,2019-03-23 00:30:00,2019,3,23,0,30,33,33448,RD 1113,44.71007,-0.51819,Nuit sans éclairage public,Hors agglomération,Intersection en X,Normale,Deux véhicules - côté,3,2,2,0,1,1,1,0,1,80,2,4,2,0,0,2,28.0,35.0,voiture,voiture,3,1,2,1,3
201900043208,2019-04-05 15:00:00,2019,4,5,15,0,49,49299,Rue des Mauges,47.100413,-0.917039,Plein jour,En agglomération,Intersection en T,Normale,Deux véhicules - frontale,4,2,2,0,1,1,1,0,1,50,2,2,1,0,0,1,67.0,17.0,voiture,deux_roues,1,2,3,1,1
201900043209,2019-03-29 17:00:00,2019,3,29,17,0,14,14762,"Rue de Granville (Vire, Vire-Normandie)",48.842849,-0.899544,Plein jour,En agglomération,Intersection en T,Normale,Deux véhicules - frontale,3,2,2,0,2,2,1,0,1,50,2,4,2,0,0,2,93.0,36.0,voiture,voiture,1,2,3,1,1
201900043210,2019-04-05 18:15:00,2019,4,5,18,15,14,14663,Rue de Courseulles,49.284192,-0.680875,Plein jour,En agglomération,Hors intersection,Normale,Deux véhicules - frontale,3,2,2,0,1,3,1,0,3,50,2,3,2,0,1,0,46.0,29.0,voiture,voiture,1,2,1,1,1
201900043211,2019-04-04 15:20:00,2019,4,4,15,20,56,56069,Rue de la Marine,47.640021,-3.449372,Plein jour,En agglomération,Intersection en X,Normale,Deux véhicules - côté,4,2,2,0,1,2,1,0,1,50,2,2,0,0,1,1,45.0,61.0,voiture,voiture,1,2,2,1,3
201900043212,2019-04-05 13:15:00,2019,4,5,13,15,27,27003,Rue de Pacy,49.175344,1.186805,Plein jour,Hors agglomération,Hors intersection,Normale,Autre collision,3,2,2,0,1,1,1,0,3,80,1,1,0,0,1,0,56.0,,voiture,,1,1,1,1,6
201900043213,2019-04-05 18:00:00,2019,4,5,18,0,76,76758,RD 131 E,49.614314,0.783529,Plein jour,Hors agglomération,Intersection en X,Normale,Deux véhicules - côté,3,2,2,0,2,1,1,0,1,80,2,3,2,0,0,1,18.0,27.0,deux_roues,voiture,1,1,2,1,3
201900043214,2019-04-06 19:00:00,2019,4,6,19,0,76,76432,3 Route de Neufchâtel,49.6639539,1.5132209,Plein jour,Hors agglomération,Hors intersection,Normale,Autre collision,3,2,2,0,1,1,1,0,3,70,1,1,0,0,1,0,72.0,,voiture,,1,1,1,1,6
201900043215,2019-03-22 02:10:00,2019,3,22,2,10,60,60116,Route départementale 137,49.316823,2.373632,Nuit sans éclairage public,Hors agglomération,Hors intersection,Brouillard / fumée,Sans collision,3,2,2,0,1,1,1,0,8,80,1,1,0,0,0,1,20.0,,voiture,,3,1,1,5,7
201900043216,2019-04-06 20:00:00,2019,4,6,20,0,2,02833,Rue de la Libération,49.932555,4.00405,Crépuscule ou aube,En agglomération,Hors intersection,Normale,Deux véhicules - frontale,3,2,2,0,1,3,1,0,1,50,2,2,1,0,0,1,27.0,31.0,voiture,voiture,2,2,1,1,1
201900043217,2019-04-06 18:15:00,2019,4,6,18,15,59,59398,Rue Nationale,50.510955,3.121777,Plein jour,Hors agglomération,Intersection en X,Normale,Deux véhicules - côté,3,2,2,0,1,1,1,0,1,70,2,3,1,0,2,0,25.0,36.0,deux_roues,voiture,1,1,2,1,3
201900043218,2019-04-05 15:00:00,2019,4,5,15,0,13,13022,A50-Sens Toulon vers Aubagne,43.2207936,5.5810037,Plein jour,Hors agglomération,Hors intersection,Normale,Deux véhicules - arrière,1,3,3,0,1,1,1,0,1,110,2,2,0,0,0,2,25.0,55.0,voiture,voiture,1,1,1,1,2
201900043219,2019-04-04 09:00:00,2019,4,4,9,0,13,13211,A50-Sens Marseille vers Aubagne,43.2923,5.44876,Plein jour,Hors agglomération,Hors intersection,Normale,Deux véhicules - arrière,1,1,3,0,1,1,1,0,1,90,2,2,1,0,0,1,35.0,24.0,voiture,voiture,1,1,1,1,2
201900043220,2019-04-03 05:00:00,2019,4,3,5,0,13,13211,A50-Sens Aubagne vers Marseille,43.2948086,5.4641084,Nuit sans éclairage public,Hors agglomération,Hors intersection,Pluie légère,Autre collision,1,1,3,0,1,3,2,0,2,90,1,1,0,0,0,1,39.0,,utilitaire_camion,,3,1,1,2,6
201900043221,2019-04-03 20:20:00,2019,4,3,20,20,83,83144,,43.13349,5.98476,Nuit sans éclairage public,Hors agglomération,Hors intersection,Pluie légère,Deux véhicules - côté,1,3,5,0,1,1,2,0,1,90,2,2,1,0,0,1,53.0,21.0,utilitaire_camion,voiture,3,1,1,2,3
201900043222,2019-03-19 15:30:00,2019,3,19,15,30,69,69273,BUS (RD301)   7.000 A 7.560,45.66688,4.91911,Plein jour,Hors agglomération,Hors intersection,Normale,Deux véhicules - côté,3,1,2,0,1,1,1,0,1,90,2,2,1,0,0,1,61.0,36.0,voiture,utilitaire_camion,1,1,1,1,3
201900043223,2019-04-04 18:15:00,2019,4,4,18,15,38,38544,Boulevard du Rhône,45.54128,4.85406,Plein jour,En agglomération,Hors intersection,Normale,Trois véhicules et plus - en chaîne,3,3,2,0,1,1,1,5,1,50,4,3,2,0,0,1,47.0,39.0,voiture,voiture,1,2,1,1,4
201900043224,2019-03-20 12:20:00,2019,3,20,12,20,69,69029,A43   0.550 A 3.353,45.7282,4.9047,Plein jour,Hors agglomération,Hors intersection,Normale,Deux véhicules - arrière,1,1,3,0,1,1,1,0,1,70,2,2,1,0,0,1,44.0,31.0,voiture,voiture,1,1,1,1,2
201900043225,2019-04-03 19:05:00,2019,4,3,19,5,67,67309,Autoroute A4,48.63945,7.72908,Plein jour,Hors agglomération,Hors intersection,Pluie légère,Deux véhicules - arrière,1,3,3,0,1,1,2,0,1,90,2,2,1,0,0,1,24.0,46.0,voiture,voiture,1,1,1,2,2
201900043226,2019-04-06 05:15:00,2019,4,6,5,15,33,33318,ROCADE A 630 chauffeur VTC qui perd le contrôle de son véhicule en utilisation pro.,44.79844,-0.65342,Nuit sans éclairage public,Hors agglomération,Hors intersection,Pluie forte,Autre collision,1,3,6,0,1,1,2,0,1,90,1,5,3,0,0,2,27.0,,voiture,,3,1,1,3,6
201900043227,2019-04-05 11:35:00,2019,4,5,11,35,33,33063,ROCADE A 630,44.88327,-0.55421,Plein jour,Hors agglomération,Hors intersection,Normale,Trois véhicules et plus - en chaîne,1,3,6,0,2,1,1,2,1,70,4,5,2,0,0,3,36.0,47.0,utilitaire_camion,voiture,1,1,1,1,4
201900043228,2019-04-05 05:10:00,2019,4,5,5,10,33,33281,ROCADE A 630,44.81378,-0.67257,Nuit sans éclairage public,Hors agglomération,Hors intersection,Normale,Deux véhicules - arrière,1,3,6,0,1,1,1,0,1,90,2,2,1,0,0,1,57.0,33.0,utilitaire_camion,voiture,3,1,1,1,2
201900043229,2019-04-04 10:00:00,2019,4,4,10,0,33,33075,ROCADE A 630,44.8901,-0.61214,Plein jour,Hors agglomération,Hors intersection,Normale,Deux véhicules - arrière,1,3,6,0,1,1,1,0,1,90,2,2,1,0,0,1,35.0,30.0,voiture,voiture,1,1,1,1,2
201900043230,2019-04-04 07:15:00,2019,4,4,7,15,33,33096,AUTOROUTE A10,44.89568,-0.49709,Nuit avec éclairage allumé,Hors agglomération,Hors intersection,Normale,Trois véhicules et plus - en chaîne,1,3,6,0,1,1,1,0,1,90,3,3,2,0,0,1,28.0,28.0,voiture,voiture,5,1,1,1,4
201900043231,2019-04-06 19:15:00,2019,4,6,19,15,94,94034,AUTOROUTE A86,48.7587,2.328,Plein jour,Hors agglomération,Hors intersection,Normale,Trois véhicules et plus - en chaîne,1,3,4,0,1,1,1,1,1,70,3,3,2,0,0,1,32.0,24.0,voiture,voiture,1,1,1,1,4
201900043232,2019-04-05 15:30:00,2019,4,5,15,30,94,94034,AUTOROUTE A86,48.7618823,2.3148152,Plein jour,Hors agglomération,Hors intersection,Normale,Sans collision,1,3,4,0,2,2,1,0,1,90,1,1,0,0,0,1,32.0,,deux_roues,,1,1,1,1,7
201900043233,2019-04-05 21:20:00,2019,4,5,21,20,77,77251,AUTOROUTE A5A,48.6082964,2.5795048,Nuit sans éclairage public,Hors agglomération,Hors intersection,Normale,Sans collision,1,3,3,0,1,1,1,3,1,110,1,1,0,0,0,1,47.0,,voiture,,3,1,1,1,7
201900043234,2019-04-05 19:27:00,2019,4,5,19,27,91,91339,RN 104,48.624,2.2656,Plein jour,Hors agglomération,Hors intersection,Normale,Trois véhicules et plus - en chaîne,2,3,4,0,1,1,1,0,1,110,3,3,2,0,0,1,24.0,33.0,deux_roues,voiture,1,1,1,1,4
201900043235,2019-04-06 00:40:00,2019,4,6,0,40,91,91216,AUTOROUTE A6,48.68195,2.3302,Nuit sans éclairage public,Hors agglomération,Hors intersection,Normale,Autre collision,1,1,3,0,1,1,1,0,1,110,1,1,0,0,0,1,28.0,,voiture,,3,1,1,1,6
201900043236,2019-04-05 16:15:00,2019,4,5,16,15,94,94003,AUTOROUTE A6A,48.8108,2.33779,Plein jour,Hors agglomération,Hors intersection,Normale,Sans collision,1,3,3,0,1,1,1,0,1,70,1,1,0,0,0,1,26.0,,deux_roues,,1,1,1,1,7
201900043237,2019-04-05 12:10:00,2019,4,5,12,10,91,91521,RN 104,48.63227,2.40063,Plein jour,Hors agglomération,Hors intersection,Normale,Trois véhicules et plus - collisions multiples,2,1,2,0,3,2,1,0,1,110,3,3,2,0,0,1,60.0,46.0,utilitaire_camion,voiture,1,1,1,1,5
201900043238,2019-04-05 09:09:00,2019,4,5,9,9,91,91549,RN 104,48.62634,2.34369,Plein jour,Hors agglomération,Hors intersection,Normale,Trois véhicules et plus - en chaîne,2,1,2,0,1,1,1,0,1,110,4,4,3,0,0,1,52.0,44.0,voiture,utilitaire_camion,1,1,1,1,4
201900043239,2019-04-04 15:10:00,2019,4,4,15,10,91,91434,AUTOROUTE A6,48.66946,2.35054,Plein jour,Hors agglomération,Hors intersection,Normale,Autre collision,1,3,6,0,4,1,1,0,1,110,1,1,0,0,0,1,30.0,,voiture,,1,1,1,1,6
201900043240,2019-04-04 14:25:00,2019,4,4,14,25,91,91136,RN20,48.7063,2.28789,Plein jour,Hors agglomération,Hors intersection,Normale,Sans collision,2,3,4,0,3,2,1,0,1,90,1,1,0,0,0,1,28.0,,deux_roues,,1,1,1,1,7
201900043241,2019-04-04 12:05:00,2019,4,4,12,5,91,91687,AUTOROUTE A6,48.66553,2.36324,Plein jour,Hors agglomération,Hors intersection,Normale,Deux véhicules - arrière,1,1,3,0,1,1,1,0,1,130,2,2,1,0,0,1,43.0,51.0,deux_roues,voiture,1,1,1,1,2
201900043242,2019-04-04 09:36:00,2019,4,4,9,36,94,94034,AUTOROUTE A86,48.75623,2.33569,Plein jour,Hors agglomération,Hors intersection,Normale,Sans collision,1,3,6,0,1,1,1,0,1,70,1,1,0,0,0,1,35.0,,deux_roues,,1,1,1,1,7
201900043243,2019-04-04 07:45:00,2019,4,4,7,45,91,91347,RN 104,48.622997,2.290765,Plein jour,Hors agglomération,Hors intersection,Normale,Trois véhicules et plus - collisions multiples,2,3,4,0,1,1,1,0,1,110,4,4,3,0,0,1,32.0,26.0,voiture,voiture,1,1,1,1,5
201900043244,2019-04-06 04:20:00,2019,4,6,4,20,92,92050,A14,48.9011441,2.2057456,Nuit avec éclairage allumé,Hors agglomération,Hors intersection,Normale,Deux véhicules - arrière,1,1,1,0,1,3,1,1,1,70,2,3,2,0,0,1,28.0,19.0,utilitaire_camion,utilitaire_camion,5,1,1,1,2
201900043245,2019-04-05 13:10:00,2019,4,5,13,10,92,92025,A86,48.9249439,2.2319256,Plein jour,Hors agglomération,Hors intersection,Normale,Autre collision,1,1,2,0,1,1,1,0,1,90,2,2,1,0,0,1,50.0,40.0,voiture,voiture,1,1,1,1,6
201900043246,2019-04-05 13:20:00,2019,4,5,13,20,78,78545,A12 W,48.8038,2.0493,Plein jour,Hors agglomération,Hors intersection,Normale,Deux véhicules - côté,1,1,3,0,2,1,1,0,1,90,2,2,1,0,0,1,55.0,45.0,utilitaire_camion,voiture,1,1,1,1,3
201900043247,2019-04-04 16:50:00,2019,4,4,16,50,78,78117,RN12,48.78767,2.14494,Plein jour,Hors agglomération,Hors intersection,Normale,Autre collision,2,1,3,0,2,1,1,0,1,110,2,3,2,0,0,1,46.0,35.0,utilitaire_camion,voiture,1,1,1,1,6
201900043248,2019-04-04 16:10:00,2019,4,4,16,10,92,92047,A13,48.8368239,2.1868132,Plein jour,Hors agglomération,Hors intersection,Normale,Sans collision,1,1,3,0,1,1,1,0,1,110,1,1,0,0,0,1,19.0,,voiture,,1,1,1,1,7
201900043249,2019-04-04 08:10:00,2019,4,4,8,10,78,78640,RN12 INT,48.781913,2.163673,Plein jour,Hors agglomération,Hors intersection,Normale,Deux véhicules - côté,2,1,3,0,1,3,1,0,1,90,2,2,1,0,0,1,34.0,23.0,deux_roues,utilitaire_camion,1,1,1,1,3
201900043250,2019-04-06 00:45:00,2019,4,6,0,45,95,95252,AUTOROUTE A15,48.98735,2.20802,Nuit sans éclairage public,Hors agglomération,Hors intersection,Normale,Trois véhicules et plus - en chaîne,1,3,6,0,1,1,1,0,1,110,3,2,1,0,0,1,29.0,20.0,voiture,voiture,3,1,1,1,4
201900043251,2019-04-05 18:00:00,2019,4,5,18,0,93,93064,AUTOROUTE A86,48.88282,2.47253,Plein jour,Hors agglomération,Autre intersection,Normale,Deux véhicules - arrière,1,3,4,0,4,3,1,0,1,90,2,3,2,0,0,1,28.0,18.0,voiture,voiture,1,1,9,1,2
201900043252,2019-04-05 07:30:00,2019,4,5,7,30,95,95176,AUTOROUTE A15,48.9894,2.20198,Plein jour,Hors agglomération,Hors intersection,Normale,Autre collision,1,1,1,0,3,3,1,3,1,50,1,1,0,0,1,0,28.0,,deux_roues,,1,1,1,1,6
201900043253,2019-04-05 08:50:00,2019,4,5,8,50,93,93066,AUTOROUTE A1,48.91899,2.35728,Plein jour,Hors agglomération,Hors intersection,Normale,Deux véhicules - côté,1,3,8,0,1,1,1,0,1,90,2,2,1,0,0,1,45.0,31.0,voiture,deux_roues,1,1,1,1,3
201900043254,2019-04-05 07:40:00,2019,4,5,7,40,93,93066,AUTOROUTE A1,48.92347,2.35699,Plein jour,Hors agglomération,Hors intersection,Normale,Trois véhicules et plus - collisions multiples,1,3,8,0,1,1,1,0,1,90,3,3,2,0,1,0,52.0,31.0,utilitaire_camion,transport_commun,1,1,1,1,5
201900043255,2019-04-05 03:30:00,2019,4,5,3,30,95,95582,AUTOROUTE A15,48.97151,2.24871,Nuit avec éclairage non allumé,Hors agglomération,Hors intersection,Normale,Sans collision,1,3,8,0,1,1,1,0,1,110,1,1,0,0,0,1,29.0,,voiture,,4,1,1,1,7
201900043256,2019-04-04 10:15:00,2019,4,4,10,15,93,93005,AUTOROUTE A3,48.93856,2.47987,Plein jour,Hors agglomération,Hors intersection,Normale,Trois véhicules et plus - collisions multiples,1,3,6,0,1,1,1,0,1,110,3,3,2,0,0,1,30.0,30.0,voiture,voiture,1,1,1,1,5
201900043257,2019-04-04 08:51:00,2019,4,4,8,51,93,93078,AUTOROUTE A104,48.95915,2.53615,Plein jour,Hors agglomération,Hors intersection,Normale,Deux véhicules - arrière,1,3,8,0,1,1,1,0,1,90,2,3,2,0,0,1,58.0,42.0,voiture,utilitaire_camion,1,1,1,1,2
201900043258,2019-04-04 07:30:00,2019,4,4,7,30,93,93066,AUTOROUTE A1,48.93396,2.38339,Crépuscule ou aube,Hors agglomération,Hors intersection,Normale,Deux véhicules - côté,1,3,8,0,1,1,1,0,1,90,2,1,0,0,0,1,56.0,,deux_roues,,2,1,1,1,3
201900043259,2019-04-03 17:45:00,2019,4,3,17,45,93,93010,AUTOROUTE A3,48.90018,2.46973,Plein jour,Hors agglomération,Hors intersection,Normale,Deux véhicules - côté,1,3,8,0,1,3,1,2,1,70,2,2,0,0,0,2,58.0,24.0,deux_roues,deux_roues,1,1,1,1,3
201900043260,2019-04-03 09:25:00,2019,4,3,9,25,93,93027,AUTOROUTE A86,48.92681,2.40452,Plein jour,Hors agglomération,Hors intersection,Normale,Deux véhicules - côté,1,3,6,0,1,1,1,0,1,90,2,2,1,0,0,1,26.0,23.0,voiture,deux_roues,1,1,1,1,3
201900043261,2019-04-02 19:10:00,2019,4,2,19,10,95,95306,AUTOROUTE A15,49.00941,2.15732,Plein jour,Hors agglomération,Hors intersection,Pluie légère,Deux véhicules - arrière,1,3,7,0,1,1,2,0,1,110,2,2,0,0,0,2,24.0,24.0,voiture,voiture,1,1,1,2,2
201900043262,2019-04-06 08:35:00,2019,4,6,8,35,77,77053,RN104,48.6770327,2.6096592,Plein jour,Hors agglomération,Hors intersection,Normale,Autre collision,2,3,4,0,1,1,1,0,1,110,2,2,1,0,0,1,41.0,22.0,voiture,utilitaire_camion,1,1,1,1,6
201900043263,2019-04-05 20:40:00,2019,4,5,20,40,94,94081,A86 INT,48.77501,2.41125,Crépuscule ou aube,Hors agglomération,Hors intersection,Normale,Deux véhicules - arrière,1,3,4,0,1,1,1,2,1,90,2,2,1,0,0,1,20.0,50.0,voiture,deux_roues,2,1,1,1,2
201900043264,2019-04-04 15:49:00,2019,4,4,15,49,77,77373,RN104,48.77739,2.61384,Plein jour,Hors agglomération,Hors intersection,Normale,Autre collision,2,-1,2,0,1,1,1,0,1,90,2,2,1,0,0,1,28.0,20.0,voiture,deux_roues,1,1,1,1,6
201900043265,2019-04-04 09:30:00,2019,4,4,9,30,94,94018,A4,48.8217,2.3984,Plein jour,Hors agglomération,Hors intersection,Normale,Deux véhicules - côté,1,3,5,0,1,1,1,0,1,90,2,2,1,1,0,0,26.0,52.0,deux_roues,utilitaire_camion,1,1,1,1,3
201900043266,2019-04-04 01:20:00,2019,4,4,1,20,77,77121,A4,48.8322573,2.667809,Nuit sans éclairage public,Hors agglomération,Hors intersection,Normale,Deux véhicules - arrière,1,1,3,0,3,1,1,0,1,110,2,3,1,0,0,2,25.0,36.0,voiture,voiture,3,1,1,1,2
201900043267,2019-04-02 11:45:00,2019,4,2,11,45,94,94052,A86 INT,48.84582,2.49124,Plein jour,Hors agglomération,Hors intersection,Pluie légère,Trois véhicules et plus - collisions multiples,1,3,3,0,1,1,2,1,1,90,3,3,1,0,0,2,39.0,30.0,voiture,voiture,1,1,1,2,5
201900043268,2019-02-13 19:08:00,2019,2,13,19,8,78,78498,ROBESPIERRE BD,48.93331,2.04914,Nuit avec éclairage allumé,En agglomération,Intersection en X,Normale,Deux véhicules - côté,3,2,2,0,1,1,1,0,1,50,2,2,1,0,0,1,32.0,58.0,deux_roues,voiture,5,2,2,1,3
201900043269,2019-02-19 19:52:00,2019,2,19,19,52,78,78624,DOUMER / SENET,48.979182,2.00416,Nuit avec éclairage allumé,En agglomération,Intersection en T,Normale,Deux véhicules - côté,3,2,2,0,1,1,1,0,1,50,2,3,1,0,1,1,48.0,17.0,voiture,deux_roues,5,2,3,1,3
201900043270,2019-03-29 19:50:00,2019,3,29,19,50,59,59271,RD 601,51.022311,2.304336,Nuit avec éclairage allumé,Hors agglomération,Intersection en X,Normale,Sans collision,3,3,4,1,1,1,1,0,1,50,1,1,0,0,1,0,79.0,,voiture,,5,1,2,1,7
201900043271,2019-01-31 08:45:00,2019,1,31,8,45,94,94043,FONTAINEBLEAU (AV DE),48.8148604,2.3607647,Plein jour,En agglomération,Hors intersection,Neige / grêle,Sans collision,3,1,1,3,1,1,7,0,1,50,1,2,1,0,0,1,23.0,,deux_roues,,1,2,1,4,7
201900043272,2019-01-12 07:35:00,2019,1,12,7,35,94,94076,PARIS (AV DE),48.80568,2.36356,Nuit sans éclairage public,En agglomération,Place,Temps couvert,Deux véhicules - côté,3,2,4,0,1,1,2,0,1,50,2,1,0,0,0,1,26.0,,deux_roues,,3,2,7,8,3
201900043273,2019-01-11 21:25:00,2019,1,11,21,25,94,94016,ARISTIDE BRIAND (AV),48.7967,2.3222,Nuit avec éclairage allumé,En agglomération,Intersection en T,Pluie légère,Deux véhicules - arrière,3,1,2,0,1,1,2,0,1,50,2,2,1,0,0,1,36.0,24.0,voiture,voiture,5,2,3,2,2
201900043274,2019-01-10 20:50:00,2019,1,10,20,50,94,94016,CAMILLE DESMOULINS (R),48.79,2.331,Nuit avec éclairage allumé,En agglomération,Autre intersection,Normale,Sans collision,3,1,1,0,1,2,1,0,1,30,1,1,0,0,0,1,33.0,,deux_roues,,5,2,9,1,7
201900043275,2019-01-10 03:23:00,2019,1,10,3,23,94,94003,DOCTEUR DURAND (AV DU),48.8055,2.32989,Nuit avec éclairage allumé,En agglomération,Hors intersection,Temps couvert,Sans collision,4,2,2,0,1,1,2,0,1,30,1,1,0,0,0,1,26.0,,voiture,,5,2,1,8,7
201900043276,2019-01-08 11:10:00,2019,1,8,11,10,94,94043,FONTAINEBLEAU (AV DE),48.80981,2.3623,Plein jour,En agglomération,Giratoire,Normale,Deux véhicules - côté,3,-1,4,0,1,1,1,0,1,50,2,2,1,0,0,1,63.0,26.0,deux_roues,utilitaire_camion,1,2,6,1,3
201900043277,2019-01-06 21:10:00,2019,1,6,21,10,94,94003,LAPLACE (AV),48.8099949,2.3271199,Nuit avec éclairage allumé,En agglomération,Giratoire,Normale,Deux véhicules - côté,3,2,3,0,1,1,1,0,1,50,2,3,2,0,0,1,54.0,43.0,voiture,voiture,5,2,6,1,3
201900043278,2019-04-03 12:15:00,2019,4,3,12,15,988,98818,AVENUE PAUL DOUMER/CLEMENCEAU,-22.26803,166.44141,Plein jour,En agglomération,Intersection en X,Normale,Deux véhicules - côté,4,2,2,0,1,1,1,5,1,50,2,2,1,0,0,1,56.0,41.0,voiture,voiture,1,2,2,1,3
201900043279,2019-04-03 06:50:00,2019,4,3,6,50,973,97302,MONTABO (ROUTE DE) 2,4.9389,-52.30011,Plein jour,En agglomération,Hors intersection,Normale,Deux véhicules - côté,3,2,2,1,1,1,1,0,1,50,2,2,1,0,0,1,41.0,63.0,deux_roues,voiture,1,2,1,1,3
201900043280,2019-03-30 21:30:00,2019,3,30,21,30,973,97302,HAMEAU DES ENCENS (RUE DU) Cité St Marti,4.9168162,-52.2968853,Nuit avec éclairage non allumé,En agglomération,Hors intersection,Normale,Autre collision,4,2,2,0,2,1,1,0,1,50,1,2,1,0,1,0,47.0,,utilitaire_camion,,4,2,1,1,6
201900043281,2019-04-03 19:10:00,2019,4,3,19,10,69,69386,GRANDE BRETAGNE (DE)                (AV),45.77779,4.84459,Nuit avec éclairage allumé,En agglomération,Hors intersection,Normale,Autre collision,4,2,6,0,1,2,1,5,1,50,1,1,0,0,0,1,46.0,,voiture,,5,2,1,1,6
201900043282,2019-04-03 14:10:00,2019,4,3,14,10,69,69276,HUIT MAI 1945 (DU)                      ,45.66486,4.84997,Plein jour,En agglomération,Hors intersection,Pluie forte,Autre collision,4,2,2,0,1,1,2,0,1,50,2,3,2,0,0,1,73.0,20.0,voiture,voiture,1,2,1,3,6
201900043283,2019-04-03 08:00:00,2019,4,3,8,0,69,69383,GAMBETTA                            (CO),45.7521,4.85223,Plein jour,En agglomération,Intersection en X,Pluie légère,Deux véhicules - côté,4,2,4,3,1,1,2,0,1,50,2,2,1,0,0,1,21.0,56.0,voiture,deux_roues,1,2,2,2,3
201900043284,2019-04-03 12:50:00,2019,4,3,12,50,972,97213,AUTOROUTE A1,14.61824,-61.0262,Plein jour,En agglomération,Hors intersection,Normale,Trois véhicules et plus - en chaîne,1,3,3,0,1,1,1,0,1,90,4,5,4,0,0,1,26.0,42.0,voiture,voiture,1,2,1,1,4
201900043285,2019-04-01 19:50:00,2019,4,1,19,50,972,97213,PLACE D'ARMES,14.61497,-60.9924,Nuit avec éclairage allumé,En agglomération,Hors intersection,Pluie légère,Autre collision,3,2,2,0,1,1,1,0,1,50,1,2,1,0,0,1,53.0,,voiture,,5,2,1,2,6
201900043286,2019-03-30 22:15:00,2019,3,30,22,15,972,97209,AUTOROUTE (A1),14.61778,-61.04039,Nuit avec éclairage allumé,Hors agglomération,Hors intersection,Normale,Deux véhicules - côté,1,3,6,0,2,1,1,0,1,90,2,2,1,0,0,1,22.0,,deux_roues,,5,1,1,1,3
201900043287,2019-04-03 15:20:00,2019,4,3,15,20,69,69385,JOLIOT CURIE                        (R ),45.7558,4.7908,Plein jour,En agglomération,Hors intersection,Pluie légère,Deux véhicules - frontale,4,2,2,0,1,3,2,0,1,50,2,2,1,0,0,1,68.0,20.0,voiture,voiture,1,2,1,2,1
201900043288,2019-04-03 06:40:00,2019,4,3,6,40,69,69286,ROUTE DE STRASBOURG                 (RO),45.82127,4.89872,Crépuscule ou aube,En agglomération,Intersection en T,Pluie légère,Deux véhicules - côté,3,2,2,0,1,1,2,9,1,50,2,3,2,0,0,1,25.0,54.0,deux_roues,utilitaire_camion,2,2,3,2,3
201900043289,2019-04-03 08:56:00,2019,4,3,8,56,2B,2B037,MARANA (ROUTE),42.61559,9.47841,Plein jour,Hors agglomération,Autre intersection,Normale,Deux véhicules - côté,4,-1,0,0,1,1,1,0,1,90,2,2,1,0,0,1,50.0,50.0,voiture,voiture,1,1,9,1,3
201900043290,2019-04-02 18:40:00,2019,4,2,18,40,971,97101,PAPIN,16.28647,-61.45211,Nuit avec éclairage allumé,Hors agglomération,Hors intersection,Normale,Deux véhicules - frontale,4,2,2,0,2,2,1,0,1,50,2,6,1,0,0,5,37.0,18.0,voiture,voiture,5,1,1,1,1
201900043291,2019-04-03 10:50:00,2019,4,3,10,50,91,91432,DE GAULLE  (AVENUE CHARLES),48.70535,2.34636,Plein jour,En agglomération,Intersection en X,Normale,Deux véhicules - côté,3,2,3,0,1,1,1,0,1,50,2,2,1,0,0,1,24.0,53.0,voiture,deux_roues,1,2,2,1,3