accident_id,datetime,annee,mois,jour,heure,minute,departement,commune_insee,adresse,latitude,longitude,luminosite,agglomeration,intersection,meteo,collision,catr,circ,nbv,vosp,prof,plan,surf,infra,situ,vma,nb_vehicules,nb_usagers,nb_indemnes,nb_tues,nb_blesses_hosp,nb_blesses_legers,age_cond_1,age_cond_2,veh_type_cond_1,veh_type_cond_2,lum_code,agg_code,int_code,atm_code,col_code
201900043292,2019-04-03 12:15:00,2019,4,3,12,15,91,91687,GENERAL DE GAULLE (AVENUE DU),48.68061,2.37983,Plein jour,En agglomération,Autre intersection,Normale,Deux véhicules - côté,2,2,4,0,1,1,1,9,1,50,2,3,2,0,0,1,28.0,44.0,voiture,voiture,1,2,9,1,3
201900043293,2019-04-03 10:20:00,2019,4,3,10,20,91,91339,RN 20,48.61842,2.25714,Plein jour,Hors agglomération,Hors intersection,Normale,Deux véhicules - arrière,2,3,4,0,1,1,1,0,1,70,2,1,0,0,0,1,22.0,,voiture,,1,1,1,1,2
201900043294,2019-03-29 11:35:00,2019,3,29,11,35,88,88519,Route Principale,48.34504,6.89201,Plein jour,En agglomération,Giratoire,Normale,Deux véhicules - frontale,3,2,2,0,1,1,1,0,1,50,2,2,1,0,0,1,56.0,67.0,deux_roues,voiture,1,2,6,1,1
201900043295,2019-04-02 03:50:00,2019,4,2,3,50,87,87085,BEL AIR (BOULEVARD DE),45.82113,1.24576,Nuit avec éclairage allumé,En agglomération,Intersection en Y,Pluie légère,Deux véhicules - côté,4,3,4,0,1,1,2,0,1,50,2,2,1,0,0,1,19.0,68.0,deux_roues,voiture,5,2,4,2,3
201900043296,2019-04-02 15:05:00,2019,4,2,15,5,86,86194,ROCADE EST (RD 162),46.55317,0.30975,Plein jour,Hors agglomération,Hors intersection,Normale,Deux véhicules - côté,3,3,5,0,1,1,1,0,1,50,2,4,2,0,0,2,21.0,24.0,voiture,voiture,1,1,1,1,3
201900043297,2019-04-03 15:35:00,2019,4,3,15,35,78,78440,PAUL RAOULT (AVENUE),48.996899,1.913504,Plein jour,En agglomération,Hors intersection,Normale,Autre collision,3,1,1,0,1,1,1,0,1,50,1,2,1,0,0,1,40.0,,voiture,,1,2,1,1,6
201900043298,2019-04-02 17:05:00,2019,4,2,17,5,71,71486,MICHELET (RUE),46.66074,4.36552,Plein jour,En agglomération,Hors intersection,Normale,Autre collision,4,2,2,0,1,1,1,0,1,50,1,1,0,0,0,1,91.0,,voiture,,1,2,1,1,6
201900043299,2019-04-03 15:20:00,2019,4,3,15,20,69,69266,TOLSTOI    (Cours),45.76202,4.88071,Plein jour,En agglomération,Intersection en X,Pluie légère,Deux véhicules - côté,4,1,2,3,1,1,2,6,1,50,2,3,2,0,0,1,19.0,46.0,voiture,voiture,1,2,2,2,3
201900043300,2019-04-03 11:10:00,2019,4,3,11,10,67,67447,BISCHWILLER (ROUTE DE),48.60305,7.74623,Plein jour,En agglomération,Hors intersection,Normale,Autre collision,4,2,2,0,1,1,1,0,1,50,2,2,1,0,0,1,59.0,26.0,deux_roues,voiture,1,2,1,1,6
201900043301,2019-04-03 13:45:00,2019,4,3,13,45,65,65440,PAUL (BOULEVARD JEAN RAOUL),43.224264,0.090829,Plein jour,En agglomération,Hors intersection,Normale,Autre collision,2,3,4,0,1,1,1,0,2,50,1,2,1,1,0,0,19.0,,voiture,,1,2,1,1,6
201900043302,2019-04-03 13:55:00,2019,4,3,13,55,64,64189,EVADES (CARREFOUR DES),43.3846768,-1.6666652,Plein jour,En agglomération,Autre intersection,Pluie légère,Deux véhicules - côté,3,1,1,0,1,3,2,0,1,30,2,2,1,0,1,0,74.0,82.0,voiture,deux_roues,1,2,9,2,3
201900043303,2019-04-03 00:25:00,2019,4,3,0,25,64,64024,LAPORTE (AVENUE JEAN LEON),43.48635,-1.50218,Nuit avec éclairage allumé,En agglomération,Hors intersection,Pluie forte,Sans collision,4,2,4,0,1,3,2,0,1,30,1,1,0,0,1,0,22.0,,deux_roues,,5,2,1,3,7
201900043304,2019-03-12 16:30:00,2019,3,12,16,30,62,62351,LECLERC (R DU MARECHAL),50.4229,2.90015,Plein jour,En agglomération,Hors intersection,Pluie légère,Deux véhicules - côté,4,2,2,0,1,1,2,0,1,50,2,2,1,0,1,0,32.0,28.0,deux_roues,voiture,1,2,1,2,3
201900043305,2019-03-23 03:50:00,2019,3,23,3,50,59,59350,SOLFERINO RUE N°110 - 206,50.63204,3.05308,Nuit avec éclairage allumé,En agglomération,Intersection en T,Normale,Trois véhicules et plus - collisions multiples,4,2,2,1,1,1,1,0,1,50,3,3,2,0,0,1,47.0,21.0,voiture,deux_roues,5,2,3,1,5
201900043306,2019-04-01 10:53:00,2019,4,1,10,53,49,49007,ARBRISSEL,47.44869,-0.57288,Plein jour,En agglomération,Hors intersection,Normale,Autre collision,4,-1,1,0,1,1,1,0,1,30,1,2,1,0,1,0,85.0,,voiture,,1,2,1,1,6
201900043307,2019-04-02 11:45:00,2019,4,2,11,45,49,49007,MIRABEAU,47.4596148,-0.5492467,Plein jour,En agglomération,Hors intersection,Normale,Deux véhicules - côté,4,-1,2,0,1,1,1,0,1,50,2,2,1,0,0,1,28.0,66.0,deux_roues,voiture,1,2,1,1,3
201900043308,2019-04-03 14:52:00,2019,4,3,14,52,45,45147,RUE ANDRE DESSAUX,47.9259518,1.899557,Plein jour,En agglomération,Hors intersection,Normale,Trois véhicules et plus - en chaîne,4,2,2,0,1,1,1,0,1,50,4,5,3,0,0,2,44.0,25.0,voiture,voiture,1,2,1,1,4
201900043309,2019-04-03 15:07:00,2019,4,3,15,7,45,45234,RUE SAINT PIERRE DU MARTROI,47.902473,1.905379,Plein jour,En agglomération,Place,Normale,Autre collision,4,1,1,0,1,1,1,6,4,30,1,2,1,0,0,1,59.0,,voiture,,1,2,7,1,6
201900043310,2019-04-03 07:20:00,2019,4,3,7,20,42,42095,RD 88,45.38218,4.27876,Plein jour,En agglomération,Hors intersection,Pluie légère,Deux véhicules - côté,3,3,2,0,2,1,2,0,1,50,2,2,1,0,1,0,52.0,53.0,deux_roues,utilitaire_camion,1,2,1,2,3
201900043311,2019-04-02 17:45:00,2019,4,2,17,45,38,38563,VERDIN (MONTEE DU),45.39279,5.57081,Plein jour,Hors agglomération,Intersection en T,Normale,Deux véhicules - arrière,3,2,2,0,2,1,1,0,1,80,2,3,0,0,0,3,37.0,32.0,voiture,voiture,1,1,3,1,2
201900043312,2019-04-03 15:15:00,2019,4,3,15,15,38,38185,ALFRED DE VIGNY (RUE ),45.16937,5.72629,Plein jour,En agglomération,Hors intersection,Pluie forte,Autre collision,4,3,-1,0,1,1,2,0,1,50,1,2,1,0,1,0,30.0,,voiture,,1,2,1,3,6
201900043313,2019-04-03 14:25:00,2019,4,3,14,25,37,37261,SUEDE (RUE DE),47.4354551,0.6931643,Plein jour,En agglomération,Intersection en X,Normale,Deux véhicules - côté,4,2,2,0,1,1,1,0,1,50,2,2,1,0,0,1,61.0,50.0,voiture,voiture,1,2,2,1,3
201900043314,2019-04-03 14:20:00,2019,4,3,14,20,37,37261,BOURDAISIERE (ALLEE DE LA),47.3863445,0.695352,Plein jour,En agglomération,Intersection en T,Temps couvert,Autre collision,4,2,2,0,2,1,1,5,1,50,3,3,2,0,0,1,,37.0,autre,transport_commun,1,2,3,8,6
201900043315,2019-04-02 21:30:00,2019,4,2,21,30,35,35238,BOURGEOIS (BOULEVARD LEON),48.099176,-1.652857,Nuit avec éclairage allumé,En agglomération,Intersection en Y,Temps couvert,Deux véhicules - côté,4,2,4,2,1,1,1,0,1,50,2,2,1,0,0,1,20.0,73.0,deux_roues,voiture,5,2,4,8,3
201900043316,2019-04-03 16:30:00,2019,4,3,16,30,34,34172,SALINS (RUE DES),43.59939,3.8631,Plein jour,En agglomération,Intersection en T,Normale,Deux véhicules - côté,4,1,1,0,2,1,2,5,1,50,2,4,3,0,0,1,35.0,69.0,voiture,voiture,1,2,3,1,3
201900043317,2019-04-03 13:45:00,2019,4,3,13,45,34,34172,ROQUETURIERE (RUE DE LA),43.6310355,3.8851449,Plein jour,En agglomération,Intersection en T,Pluie légère,Deux véhicules - arrière,4,2,2,0,2,3,2,5,1,50,2,4,2,0,0,2,50.0,19.0,voiture,voiture,1,2,3,2,2
201900043318,2019-04-03 11:00:00,2019,4,3,11,0,34,34172,ANTONELLI (AVENUE DU PROFESSEUR ETIENNE),43.59987,3.89558,Plein jour,En agglomération,Hors intersection,Pluie légère,Deux véhicules - côté,4,2,2,0,1,3,2,0,1,50,2,2,1,0,0,1,73.0,47.0,deux_roues,voiture,1,2,1,2,3
201900043319,2019-04-02 15:00:00,2019,4,2,15,0,29,29019,TREMAUDAN ERNESTINE DE,48.4291599,-4.4764844,Plein jour,En agglomération,Hors intersection,Normale,Autre collision,6,-1,0,0,1,1,2,0,1,10,1,2,1,0,0,1,59.0,,voiture,,1,2,1,1,6
201900043320,2019-04-02 19:10:00,2019,4,2,19,10,19,19275,CARNOT (AVENUE) N° IMPAIRS,45.55338,2.31473,Plein jour,En agglomération,Intersection en Y,Normale,Deux véhicules - côté,4,2,2,0,1,1,1,0,1,50,2,3,1,0,0,2,32.0,18.0,voiture,deux_roues,1,2,4,1,3
201900043321,2019-04-02 20:40:00,2019,4,2,20,40,19,19031,CLEMENCEAU (BOULEVARD),45.15358,1.5315,Nuit avec éclairage allumé,En agglomération,Intersection en X,Normale,Sans collision,4,2,2,0,2,1,1,0,1,50,1,2,1,0,0,1,20.0,,voiture,,5,2,2,1,7
201900043322,2019-04-03 13:00:00,2019,4,3,13,0,17,17200,NIEUL SUR MER  ROUTE DE,46.19725,-1.15764,Plein jour,Hors agglomération,Hors intersection,Normale,Deux véhicules - arrière,3,2,2,0,1,1,1,0,1,80,2,2,0,0,0,2,20.0,27.0,voiture,voiture,1,1,1,1,2
201900043323,2019-04-03 12:50:00,2019,4,3,12,50,13,13102,JEAN MLOUIS CALDERON (BD ),43.4118,5.23464,Plein jour,En agglomération,Hors intersection,Pluie légère,Deux véhicules - côté,4,2,0,0,1,4,2,0,1,50,2,2,1,0,0,1,58.0,23.0,voiture,deux_roues,1,2,1,2,3
201900043324,2019-04-03 19:25:00,2019,4,3,19,25,13,13208,RABATAU (BOULEVARD),43.27387,5.39325,Plein jour,En agglomération,Hors intersection,Normale,Autre collision,4,-1,2,0,1,1,1,0,1,50,1,2,1,0,0,1,67.0,,voiture,,1,2,1,1,6
201900043325,2019-04-03 17:15:00,2019,4,3,17,15,13,13213,ALPHONSE DAUDET (RUE),43.32063,5.41,Plein jour,En agglomération,Hors intersection,Pluie légère,Autre collision,4,2,2,0,1,1,3,0,1,50,1,1,0,0,0,1,,,,,1,2,1,2,6
201900043326,2019-04-03 12:15:00,2019,4,3,12,15,13,13208,RABATAU (BOULEVARD),43.2727,5.3917,Plein jour,En agglomération,Hors intersection,Normale,Deux véhicules - arrière,4,2,3,0,1,1,2,0,1,50,2,2,1,0,0,1,62.0,30.0,utilitaire_camion,deux_roues,1,2,1,1,2
201900043327,2019-04-03 08:55:00,2019,4,3,8,55,13,13201,NATIONAL   1 A 51 (BOULEVARD),43.30242,5.38685,Plein jour,En agglomération,Hors intersection,Temps couvert,Deux véhicules - arrière,4,1,2,0,2,1,2,0,1,50,2,2,1,0,0,1,47.0,28.0,deux_roues,voiture,1,2,1,8,2
201900043328,2019-04-02 09:40:00,2019,4,2,9,40,13,13208,PIERRE DUPRE (RUE),43.28198,5.38548,Plein jour,En agglomération,Hors intersection,Normale,Deux véhicules - côté,4,1,2,0,1,1,1,0,1,50,2,2,1,0,0,1,35.0,44.0,deux_roues,voiture,1,2,1,1,3
201900043329,2019-04-02 10:10:00,2019,4,2,10,10,13,13201,BELGES (QUAI DES),43.29532,5.374346,Plein jour,En agglomération,Intersection en X,Normale,Deux véhicules - côté,4,2,4,3,1,1,1,0,1,50,2,4,2,0,0,2,40.0,41.0,transport_commun,transport_commun,1,2,2,1,3
201900043330,2019-03-31 17:25:00,2019,3,31,17,25,3,03101,7 rue des glaïeuls,46.3479379,2.5727005,Plein jour,En agglomération,Hors intersection,Normale,Deux véhicules - côté,4,2,2,0,1,1,1,0,1,50,2,2,1,0,1,0,85.0,44.0,voiture,deux_roues,1,2,1,1,3
201900043331,2019-04-02 14:35:00,2019,4,2,14,35,75,75116,ECHANGEUR MUETTE,48.860872,2.263972,Plein jour,En agglomération,Autre intersection,Temps couvert,Trois véhicules et plus - en chaîne,4,1,4,0,1,1,1,0,1,70,3,3,2,0,0,1,65.0,27.0,utilitaire_camion,voiture,1,2,9,8,4
201900043332,2019-07-03 20:40:00,2019,7,3,20,40,95,95527,29 Rue Jean Moulin,49.003607,2.510804,Crépuscule ou aube,En agglomération,Hors intersection,Normale,Autre collision,4,2,2,0,1,1,1,0,1,50,1,2,1,0,0,1,59.0,,voiture,,2,2,1,1,6
201900043333,2019-07-20 04:00:00,2019,7,20,4,0,56,56090,Ty Flûte,47.848222,-3.235653,Nuit sans éclairage public,Hors agglomération,Hors intersection,Pluie légère,Deux véhicules - frontale,3,2,2,0,2,1,2,0,1,50,2,3,2,1,0,0,27.0,25.0,deux_roues,voiture,3,1,1,2,1
201900043334,2019-07-20 13:30:00,2019,7,20,13,30,56,56058,Rue du Courtil du Coq,47.508727,-2.34754,Plein jour,Hors agglomération,Hors intersection,Normale,Sans collision,4,2,2,0,1,3,1,0,3,80,1,2,1,0,1,0,48.0,,deux_roues,,1,1,1,1,7
201900043335,2019-06-22 14:26:00,2019,6,22,14,26,56,56001,ZA DE SAINTE-ANNE,47.626093,-2.163266,Plein jour,Hors agglomération,Intersection en T,Normale,Deux véhicules - côté,4,2,2,0,1,1,1,0,1,50,2,2,1,0,1,0,48.0,72.0,deux_roues,voiture,1,1,3,1,3
201900043336,2019-07-20 09:05:00,2019,7,20,9,5,74,74299,34 Route de la Tournette,45.8839117,6.1772594,Plein jour,En agglomération,Hors intersection,Normale,Autre collision,3,2,2,0,1,1,1,6,1,30,1,2,1,1,0,0,92.0,,voiture,,1,2,1,1,6
201900043337,2019-07-19 18:30:00,2019,7,19,18,30,76,76605,Chemin Sous les Bruyères,49.909831,0.9579206,Plein jour,En agglomération,Intersection en T,Normale,Deux véhicules - frontale,4,-1,2,0,1,1,1,0,1,50,2,2,1,0,0,1,81.0,31.0,voiture,deux_roues,1,2,3,1,1
201900043338,2019-07-20 13:10:00,2019,7,20,13,10,79,79043,,47.069687,-0.289679,Plein jour,Hors agglomération,Hors intersection,Normale,Deux véhicules - frontale,3,2,2,0,1,3,1,0,1,80,2,3,2,0,1,0,57.0,42.0,utilitaire_camion,deux_roues,1,1,1,1,1
201900043339,2019-07-20 22:30:00,2019,7,20,22,30,79,79062,la guérinière,46.833469,-0.658001,Nuit sans éclairage public,Hors agglomération,Hors intersection,Normale,Deux véhicules - frontale,3,2,2,0,1,4,1,0,1,80,2,2,1,0,1,0,30.0,20.0,voiture,deux_roues,3,1,1,1,1
201900043340,2019-07-20 11:15:00,2019,7,20,11,15,79,79216,Place de l'Église,46.258968,-0.344606,Plein jour,En agglomération,Place,Normale,Autre collision,3,2,2,0,1,1,1,6,1,50,1,2,1,0,1,0,52.0,,voiture,,1,2,7,1,6
201900043341,2019-07-19 12:45:00,2019,7,19,12,45,2A,2A228,Route dépatementale D55,41.811697,8.775244,Plein jour,En agglomération,Hors intersection,Normale,Deux véhicules - côté,3,2,2,0,1,3,1,0,1,50,2,3,2,0,1,0,42.0,31.0,voiture,deux_roues,1,2,1,1,3
201900043342,2019-07-20 20:30:00,2019,7,20,20,30,80,80426,CD 929,49.962785,2.514609,Plein jour,Hors agglomération,Intersection en X,Normale,Deux véhicules - arrière,3,2,2,0,1,1,1,0,1,80,2,3,0,0,0,3,20.0,55.0,voiture,voiture,1,1,2,1,2
201900043343,2019-07-15 20:40:00,2019,7,15,20,40,65,65022,D918,42.979728,-0.163336,Crépuscule ou aube,Hors agglomération,Hors intersection,Normale,Deux véhicules - côté,3,2,2,0,1,1,1,0,1,70,2,3,2,0,1,0,51.0,44.0,voiture,deux_roues,2,1,1,1,3
201900043344,2019-07-16 17:10:00,2019,7,16,17,10,69,69018,Place de l'Hôtel de Ville,46.154524,4.587482,Plein jour,En agglomération,Autre intersection,Normale,Autre collision,9,-1,2,0,1,1,1,0,8,50,1,2,1,0,1,0,72.0,,voiture,,1,2,9,1,6
201900043345,2019-07-18 19:15:00,2019,7,18,19,15,32,32211,Luzeau,43.866316,-0.083426,Plein jour,Hors agglomération,Hors intersection,Normale,Autre collision,3,2,2,0,1,3,9,0,3,80,1,1,0,0,1,0,27.0,,voiture,,1,1,1,1,6
201900043346,2019-07-21 13:50:00,2019,7,21,13,50,71,71451,RD 987 PK 4,46.203386,4.246915,Plein jour,Hors agglomération,Hors intersection,Normale,Autre collision,3,2,2,0,2,4,1,0,3,80,1,1,0,1,0,0,41.0,,deux_roues,,1,1,1,1,6
201900043347,2019-07-21 05:50:00,2019,7,21,5,50,71,71426,RN80,46.736893,4.618797,Crépuscule ou aube,Hors agglomération,Hors intersection,Normale,Sans collision,2,3,4,0,1,1,1,0,2,110,1,1,0,0,1,0,28.0,,voiture,,2,1,1,1,7
201900043348,2019-07-19 19:15:00,2019,7,19,19,15,71,71010,D680,46.902848,4.410947,Plein jour,Hors agglomération,Intersection en T,Normale,Deux véhicules - arrière,3,2,2,0,1,1,1,0,1,80,2,2,0,0,0,2,36.0,20.0,voiture,voiture,1,1,3,1,2
201900043349,2019-07-18 17:40:00,2019,7,18,17,40,63,63455,D 978 - Pont Henri,45.6548338,3.1679533,Plein jour,Hors agglomération,Autre intersection,Normale,Deux véhicules - côté,3,2,2,0,1,1,1,9,1,70,2,2,1,0,1,0,19.0,31.0,voiture,utilitaire_camion,1,1,9,1,3
201900043350,2019-07-16 13:47:00,2019,7,16,13,47,61,61404,Mauregard,48.547189,0.55127,Plein jour,Hors agglomération,Hors intersection,Normale,Deux véhicules - frontale,3,2,2,0,1,1,1,0,1,80,2,2,0,0,1,1,27.0,30.0,voiture,voiture,1,1,1,1,1
201900043351,2019-07-21 00:30:00,2019,7,21,0,30,61,61262,La Boeltiere,48.757017,-0.802497,Nuit sans éclairage public,Hors agglomération,Hors intersection,Normale,Sans collision,3,2,2,0,1,2,1,0,3,80,1,2,0,0,0,2,19.0,,voiture,,3,1,1,1,7
201900043352,2019-07-21 04:22:00,2019,7,21,4,22,49,49215,rue de l'école,47.130508,-0.153751,Nuit sans éclairage public,En agglomération,Hors intersection,Normale,Autre collision,9,2,2,2,1,3,1,0,1,50,1,2,1,0,1,0,19.0,,deux_roues,,3,2,1,1,6
201900043353,2019-07-19 14:52:00,2019,7,19,14,52,49,49364,Les Perrières,47.168152,-0.260969,Plein jour,Hors agglomération,Intersection en Y,Normale,Deux véhicules - frontale,3,2,2,0,1,2,1,0,1,80,2,2,1,0,1,0,25.0,85.0,utilitaire_camion,voiture,1,1,4,1,1
201900043354,2019-07-15 08:15:00,2019,7,15,8,15,49,49223,les grands champs,47.408636,-0.579466,Plein jour,Hors agglomération,Intersection en X,Normale,Deux véhicules - côté,4,2,2,0,1,1,1,0,1,80,2,2,0,0,0,2,54.0,34.0,voiture,voiture,1,1,2,1,3
201900043355,2019-07-17 11:00:00,2019,7,17,11,0,47,47264,Rebequet,44.61358,0.359288,Plein jour,Hors agglomération,Hors intersection,Normale,Autre collision,6,-1,-1,0,1,1,1,0,8,-1,1,2,0,0,2,0,74.0,,voiture,,1,1,1,1,6
201900043356,2019-07-19 01:30:00,2019,7,19,1,30,86,86009,D6,46.6210625,0.6525315,Nuit sans éclairage public,Hors agglomération,Hors intersection,Normale,Sans collision,3,2,2,0,1,2,1,0,8,80,1,1,0,0,1,0,60.0,,voiture,,3,1,1,1,7
201900043357,2019-07-20 14:31:00,2019,7,20,14,31,86,86083,Route départementale 95,46.478494,0.195072,Plein jour,Hors agglomération,Hors intersection,Normale,Sans collision,3,2,2,0,1,2,1,0,1,80,1,1,0,0,1,0,47.0,,voiture,,1,1,1,1,7
201900043358,2019-07-18 18:00:00,2019,7,18,18,0,34,34142,Route d'Olmet et Villecun - D48-E1,43.722421,3.312532,Plein jour,En agglomération,Hors intersection,Normale,Deux véhicules - frontale,3,2,2,0,2,3,1,0,1,50,2,4,3,0,1,0,14.0,25.0,deux_roues,voiture,1,2,1,1,1
201900043359,2019-07-19 19:45:00,2019,7,19,19,45,39,39084,,46.93202,5.937856,Plein jour,Hors agglomération,Hors intersection,Normale,Deux véhicules - frontale,3,2,2,0,1,1,1,0,1,80,2,2,0,0,2,0,21.0,45.0,voiture,voiture,1,1,1,1,1
201900043360,2019-07-19 13:30:00,2019,7,19,13,30,25,25411,2 rue de la chaussée,47.056649,6.603063,Plein jour,En agglomération,Intersection en T,Normale,Autre collision,4,2,2,0,1,1,1,0,1,30,1,2,1,0,0,1,21.0,,voiture,,1,2,3,1,6
201900043361,2019-07-18 17:00:00,2019,7,18,17,0,25,25157,Les Rosiers,46.88485,6.364957,Plein jour,Hors agglomération,Hors intersection,Normale,Deux véhicules - côté,2,2,2,0,1,1,1,0,1,70,2,3,2,0,1,0,61.0,67.0,deux_roues,voiture,1,1,1,1,3
201900043362,2019-07-20 18:03:00,2019,7,20,18,3,25,25219,Lieu Dit l'homme mort,47.142223,6.373443,Plein jour,Hors agglomération,Hors intersection,Normale,Deux véhicules - frontale,3,2,2,0,1,3,1,0,1,80,2,2,1,0,1,0,27.0,36.0,deux_roues,voiture,1,1,1,1,1
201900043363,2019-07-19 21:10:00,2019,7,19,21,10,44,44014,d137,47.130071,-1.504294,Plein jour,Hors agglomération,Hors intersection,Normale,Deux véhicules - frontale,3,2,2,0,2,2,1,0,1,80,2,1,0,0,1,0,48.0,,deux_roues,,1,1,1,1,1
201900043364,2019-07-20 14:00:00,2019,7,20,14,0,44,44131,CD 213,47.127168,-2.1148757,Plein jour,Hors agglomération,Hors intersection,Normale,Deux véhicules - côté,3,3,4,0,1,1,1,0,1,90,2,3,1,0,1,1,41.0,28.0,deux_roues,voiture,1,1,1,1,3
201900043365,2019-07-20 02:00:00,2019,7,20,2,0,44,44217,Rd 42 (au niveau de la RD 281) La Paquelais,47.337533,-1.700396,Nuit sans éclairage public,Hors agglomération,Hors intersection,Normale,Autre collision,3,2,2,0,2,2,1,0,1,50,1,5,2,0,2,1,24.0,,voiture,,3,1,1,1,6
201900043366,2019-07-19 20:45:00,2019,7,19,20,45,35,35095,RN176,48.554678,-1.742661,Plein jour,Hors agglomération,Hors intersection,Normale,Sans collision,2,3,4,0,1,1,1,0,1,110,1,1,0,1,0,0,40.0,,deux_roues,,1,1,1,1,7
201900043367,2019-07-19 22:30:00,2019,7,19,22,30,35,35243,Le Coudrais,48.342013,-1.290017,Nuit sans éclairage public,Hors agglomération,Intersection en X,Normale,Deux véhicules - frontale,3,2,2,0,1,1,1,0,1,80,2,2,1,0,1,0,23.0,20.0,voiture,deux_roues,3,1,2,1,1
201900043368,2019-07-20 07:45:00,2019,7,20,7,45,29,29209,Rue du Tregor,48.525288,-4.451643,Crépuscule ou aube,En agglomération,Giratoire,Normale,Sans collision,3,2,2,0,3,3,1,0,3,80,1,1,0,0,1,0,39.0,,voiture,,2,2,6,1,7
201900043369,2019-07-19 04:25:00,2019,7,19,4,25,29,29117,Tregolle Bras,48.5737562,-4.5387827,Nuit sans éclairage public,Hors agglomération,Hors intersection,Normale,Sans collision,3,2,2,0,1,2,1,0,1,80,1,4,0,0,0,4,25.0,,voiture,,3,1,1,1,7
201900043370,2019-07-21 14:30:00,2019,7,21,14,30,38,38443,D31,45.11396,5.36742,Plein jour,Hors agglomération,Hors intersection,Normale,Autre collision,3,2,2,0,2,4,1,0,3,80,1,3,0,1,0,2,63.0,,voiture,,1,1,1,1,6
201900043371,2019-02-11 14:01:00,2019,2,11,14,1,38,38256,Route des chevalier l'an mil,45.460281,5.547359,Plein jour,Hors agglomération,Hors intersection,Neige / grêle,Deux véhicules - côté,3,2,2,0,1,1,2,0,1,70,2,2,1,0,0,1,21.0,58.0,voiture,voiture,1,1,1,4,3
201900043372,2019-07-19 11:00:00,2019,7,19,11,0,2,02217,départementale 1,49.50664,3.326699,Plein jour,Hors agglomération,Hors intersection,Normale,Sans collision,3,2,1,0,1,1,1,0,1,80,1,1,0,0,0,1,39.0,,deux_roues,,1,1,1,1,7
201900043373,2019-07-19 20:15:00,2019,7,19,20,15,3,03292,,46.422565,3.0693769,Plein jour,Hors agglomération,Hors intersection,Normale,Sans collision,3,2,2,0,4,2,1,0,3,80,1,4,0,0,1,3,20.0,,voiture,,1,1,1,1,7
201900043374,2019-07-20 11:00:00,2019,7,20,11,0,1,01022,rue de Savoie,45.873114,5.697423,Plein jour,En agglomération,Intersection en T,Normale,Autre collision,3,2,-1,-1,1,1,1,0,1,-1,1,3,2,0,1,0,20.0,,voiture,,1,2,3,1,6
201900043375,2019-07-21 02:00:00,2019,7,21,2,0,72,72137,Le buisson,48.447576,0.252982,Nuit sans éclairage public,Hors agglomération,Hors intersection,Normale,Sans collision,3,2,2,0,1,1,1,0,3,-1,1,2,0,0,2,0,63.0,,voiture,,3,1,1,1,7
201900043376,2019-07-19 15:20:00,2019,7,19,15,20,6,06038,route de Nice,43.673095,6.991492,Plein jour,Hors agglomération,Intersection en T,Normale,Deux véhicules - frontale,3,2,2,0,2,1,1,0,1,70,2,2,1,0,1,0,28.0,18.0,deux_roues,voiture,1,1,3,1,1
201900043377,2019-07-19 07:05:00,2019,7,19,7,5,14,14514,Rue Georges Clemenceau,49.289035,0.194514,Plein jour,En agglomération,Hors intersection,Normale,Autre collision,3,2,2,0,1,1,1,0,1,50,2,2,1,0,0,1,26.0,59.0,deux_roues,utilitaire_camion,1,2,1,1,6
201900043378,2019-07-21 14:30:00,2019,7,21,14,30,90,90067,Rue des Grands Indets,47.691137,6.947067,Plein jour,Hors agglomération,Autre intersection,Normale,Deux véhicules - côté,3,2,2,0,1,1,1,0,1,80,2,2,0,1,0,1,40.0,32.0,deux_roues,voiture,1,1,9,1,3
201900043379,2019-07-20 17:30:00,2019,7,20,17,30,90,90065,Route départementale 465,47.799584,6.841109,Plein jour,Hors agglomération,Hors intersection,Normale,Autre collision,3,2,2,0,2,3,1,0,3,80,1,1,0,0,1,0,55.0,,deux_roues,,1,1,1,1,6
201900043380,2019-07-16 12:35:00,2019,7,16,12,35,9,09182,Caychounet,42.880909,1.366582,Plein jour,En agglomération,Autre intersection,Normale,Autre collision,3,2,2,0,2,3,1,0,1,50,2,2,1,0,1,0,80.0,36.0,deux_roues,voiture,1,2,9,1,6
201900043381,2019-07-19 18:00:00,2019,7,19,18,0,45,45289,RD 97-RTE D ORLEANS,48.0194868,1.9636989,Plein jour,Hors agglomération,Hors intersection,Normale,Sans collision,3,2,2,0,1,1,1,0,3,80,1,1,0,0,1,0,32.0,,voiture,,1,1,1,1,7
201900043382,2019-07-21 19:20:00,2019,7,21,19,20,64,64499,"Voie Communale Arribourdes, D 17",43.4747367,-0.9579663,Plein jour,Hors agglomération,Hors intersection,Normale,Deux véhicules - frontale,3,2,2,0,1,3,1,0,1,80,2,3,0,1,1,1,60.0,39.0,voiture,voiture,1,1,1,1,1
201900043383,2019-07-20 10:25:00,2019,7,20,10,25,64,64040,CD 132,42.9725028,-0.7584912,Plein jour,Hors agglomération,Hors intersection,Normale,Sans collision,3,2,2,0,2,3,1,0,8,80,1,1,0,1,0,0,59.0,,deux_roues,,1,1,1,1,7
201900043384,2019-07-20 12:40:00,2019,7,20,12,40,64,64060,RD 2,43.3300201,-0.4814575,Plein jour,Hors agglomération,Hors intersection,Normale,Deux véhicules - côté,3,2,2,3,1,1,1,0,1,80,2,4,0,1,3,0,53.0,50.0,voiture,voiture,1,1,1,1,3