accident_id,datetime,annee,mois,jour,heure,minute,departement,commune_insee,adresse,latitude,longitude,luminosite,agglomeration,intersection,meteo,collision,catr,circ,nbv,vosp,prof,plan,surf,infra,situ,vma,nb_vehicules,nb_usagers,nb_indemnes,nb_tues,nb_blesses_hosp,nb_blesses_legers,age_cond_1,age_cond_2,veh_type_cond_1,veh_type_cond_2,lum_code,agg_code,int_code,atm_code,col_code
201900043385,2019-07-21 14:15:00,2019,7,21,14,15,18,18088,RD 30,47.415969,2.373611,Plein jour,Hors agglomération,Hors intersection,Normale,Autre collision,3,2,2,0,1,1,1,0,3,80,1,2,1,0,0,1,42.0,,voiture,,1,1,1,1,6
201900043386,2019-07-12 12:30:00,2019,7,12,12,30,18,18226,La Fringale,47.135506,2.497775,Plein jour,Hors agglomération,Hors intersection,Normale,Trois véhicules et plus - en chaîne,3,2,2,0,1,1,1,8,1,80,3,3,2,0,0,1,60.0,60.0,voiture,voiture,1,1,1,1,4
201900043387,2019-07-17 18:30:00,2019,7,17,18,30,43,43020,route de beauzac,45.296825,4.113399,Plein jour,En agglomération,Hors intersection,Normale,Deux véhicules - côté,9,2,2,0,1,1,1,0,1,50,2,2,1,0,1,0,16.0,63.0,deux_roues,voiture,1,2,1,1,3
201900043388,2019-07-21 14:50:00,2019,7,21,14,50,36,36001,La Bouzanne,46.446616,1.807853,Plein jour,Hors agglomération,Hors intersection,Normale,Deux véhicules - arrière,3,2,2,0,1,2,1,0,1,80,2,2,1,0,1,0,70.0,52.0,voiture,deux_roues,1,1,1,1,2
201900043389,2019-07-18 18:30:00,2019,7,18,18,30,16,16379,Route départmentale 941,45.791823,0.41993,Plein jour,Hors agglomération,Hors intersection,Temps éblouissant,Autre collision,3,2,2,0,2,3,9,0,3,80,1,1,0,0,1,0,19.0,,voiture,,1,1,1,7,6
201900043390,2019-07-21 03:00:00,2019,7,21,3,0,7,07308,RD221,45.191927,4.78795,Nuit sans éclairage public,Hors agglomération,Hors intersection,Normale,Deux véhicules - frontale,3,2,2,0,2,3,1,0,1,80,2,3,0,0,1,2,46.0,19.0,voiture,voiture,3,1,1,1,1
201900043391,2019-07-21 16:05:00,2019,7,21,16,5,53,53051,rd 34 PK 20.600,48.363361,-0.547177,Plein jour,Hors agglomération,Hors intersection,Normale,Sans collision,3,2,2,0,1,1,1,0,8,80,1,1,0,1,0,0,89.0,,voiture,,1,1,1,1,7
201900043392,2019-07-19 07:55:00,2019,7,19,7,55,53,53108,Les Paves,48.079124,-1.034155,Plein jour,Hors agglomération,Hors intersection,Normale,Autre collision,4,2,2,0,1,1,1,0,8,50,1,1,0,0,1,0,24.0,,deux_roues,,1,1,1,1,6
201900043393,2019-07-18 12:15:00,2019,7,18,12,15,40,40128,route des pyrénées,43.682838,-0.598156,Plein jour,Hors agglomération,Hors intersection,Normale,Deux véhicules - côté,3,2,2,0,1,1,1,0,1,80,2,2,1,0,1,0,59.0,72.0,utilitaire_camion,deux_roues,1,1,1,1,3
201900043394,2019-07-12 11:35:00,2019,7,12,11,35,40,40261,Route de Bayonne,43.687529,-1.229742,Plein jour,En agglomération,Giratoire,Normale,Autre collision,3,3,1,0,1,3,1,0,1,50,1,2,1,0,0,1,83.0,,voiture,,1,2,6,1,6
201900043395,2019-07-19 12:15:00,2019,7,19,12,15,24,24081,Le bourg,44.8801,1.35155,Plein jour,En agglomération,Hors intersection,Normale,Sans collision,4,2,2,0,2,4,1,0,3,50,1,1,0,0,1,0,61.0,,deux_roues,,1,2,1,1,7
201900043396,2019-07-19 11:10:00,2019,7,19,11,10,24,24164,D76,45.337,1.06297,Plein jour,Hors agglomération,Hors intersection,Normale,Deux véhicules - frontale,3,2,2,0,2,1,1,0,1,70,2,2,1,0,0,1,77.0,51.0,voiture,voiture,1,1,1,1,1
201900043397,2019-07-20 11:45:00,2019,7,20,11,45,4,04166,RD 6,43.821054,6.049791,Plein jour,Hors agglomération,Hors intersection,Normale,Autre collision,3,2,2,0,2,3,1,0,1,80,1,1,0,0,1,0,73.0,,voiture,,1,1,1,1,6
201900043398,2019-07-20 14:35:00,2019,7,20,14,35,4,04076,Route du brec,43.966445,6.780744,Plein jour,Hors agglomération,Hors intersection,Normale,Deux véhicules - frontale,4,2,2,0,2,3,9,0,1,80,2,2,1,0,1,0,50.0,41.0,deux_roues,utilitaire_camion,1,1,1,1,1
201900043399,2019-06-23 20:10:00,2019,6,23,20,10,85,85234,Route du Both,46.80957,-2.0505,Plein jour,Hors agglomération,Intersection en X,Normale,Deux véhicules - côté,3,2,2,0,1,1,1,0,1,80,2,5,4,0,0,1,64.0,26.0,voiture,voiture,1,1,2,1,3
201900043400,2019-07-20 16:45:00,2019,7,20,16,45,85,85156,RD 747,46.49147,-1.44453,Plein jour,Hors agglomération,Hors intersection,Normale,Deux véhicules - frontale,3,2,2,0,1,3,1,0,1,80,2,3,2,0,0,1,42.0,24.0,voiture,deux_roues,1,1,1,1,1
201900043401,2019-07-06 15:30:00,2019,7,6,15,30,85,85050,La Mothe Freslon,46.51082,-1.35391,Plein jour,Hors agglomération,Hors intersection,Normale,Sans collision,3,2,2,0,1,3,1,0,1,80,1,1,0,0,1,0,68.0,,deux_roues,,1,1,1,1,7
201900043402,2019-07-18 18:45:00,2019,7,18,18,45,85,85190,Rue des Alouettes,46.94132,-1.503,Plein jour,En agglomération,Intersection en T,Normale,Deux véhicules - côté,3,2,2,0,1,1,1,0,1,50,2,2,1,0,1,0,53.0,60.0,voiture,deux_roues,1,2,3,1,3
201900043403,2019-07-19 13:20:00,2019,7,19,13,20,85,85160,LIEU DIT LE CHAILLOT,46.59419,-1.42775,Plein jour,Hors agglomération,Hors intersection,Normale,Deux véhicules - côté,3,2,2,0,1,1,1,0,1,80,2,3,2,0,1,0,19.0,31.0,voiture,voiture,1,1,1,1,3
201900043404,2019-07-20 08:10:00,2019,7,20,8,10,28,28149,Rue de Senonches,48.611068,0.8999,Plein jour,En agglomération,Intersection en T,Normale,Deux véhicules - côté,3,2,2,0,1,1,1,0,1,50,2,2,1,0,0,1,46.0,37.0,utilitaire_camion,deux_roues,1,2,3,1,3
201900043405,2019-06-28 10:15:00,2019,6,28,10,15,17,17166,RD 939,46.0996,-0.894587,Plein jour,Hors agglomération,Intersection en X,Normale,Deux véhicules - frontale,3,2,2,0,1,1,1,5,1,80,2,3,1,0,2,0,34.0,70.0,voiture,deux_roues,1,1,2,1,1
201900043406,2019-07-18 09:25:00,2019,7,18,9,25,17,17108,carrefour rue des ardys rue de Chaillot,45.492987,-0.446408,Plein jour,En agglomération,Intersection en T,Normale,Deux véhicules - côté,3,2,2,0,2,1,1,0,1,30,2,2,1,0,1,0,19.0,20.0,voiture,voiture,1,2,3,1,3
201900043407,2019-07-21 11:10:00,2019,7,21,11,10,23,23130,LE POINT DU JOUR,46.416087,1.777665,Plein jour,Hors agglomération,Hors intersection,Normale,Deux véhicules - arrière,3,2,2,0,1,1,1,0,1,80,2,3,2,0,1,0,31.0,55.0,deux_roues,voiture,1,1,1,1,2
201900043408,2019-07-19 13:30:00,2019,7,19,13,30,37,37277,Villebaslin,47.120757,1.226867,Plein jour,Hors agglomération,Hors intersection,Normale,Autre collision,3,2,2,0,4,1,1,2,3,80,1,1,0,0,1,0,65.0,,voiture,,1,1,1,1,6
201900043409,2019-07-18 11:00:00,2019,7,18,11,0,30,30006,d 6313,43.684331,4.207728,Plein jour,Hors agglomération,Giratoire,Normale,Deux véhicules - côté,3,3,2,0,1,2,1,0,1,90,2,2,1,0,1,0,73.0,64.0,deux_roues,voiture,1,1,6,1,3
201900043410,2019-07-20 14:55:00,2019,7,20,14,55,88,88442,D23,48.011923,6.755901,Plein jour,Hors agglomération,Hors intersection,Normale,Autre collision,3,2,2,0,2,2,1,0,3,80,1,1,0,1,0,0,51.0,,deux_roues,,1,1,1,1,6
201900043411,2019-07-19 09:30:00,2019,7,19,9,30,30,30169,Rue du Moulin,43.788743,4.3081,Plein jour,En agglomération,Intersection en X,Normale,Autre collision,3,2,2,0,1,3,1,0,1,50,1,2,1,1,0,0,60.0,,utilitaire_camion,,1,2,2,1,6
201900043412,2019-07-20 20:54:00,2019,7,20,20,54,77,77165,autoroute A5,48.4870792,2.8514724,Plein jour,Hors agglomération,Hors intersection,Normale,Autre collision,1,3,3,0,1,1,1,0,8,130,1,3,2,0,1,0,27.0,,voiture,,1,1,1,1,6
201900043413,2019-07-20 12:13:00,2019,7,20,12,13,1,01451,Autoroute A.40 - pk 173+900,46.264491,5.203428,Plein jour,Hors agglomération,Hors intersection,Normale,Deux véhicules - arrière,1,3,4,0,1,1,1,0,1,130,2,2,1,0,0,1,54.0,23.0,voiture,voiture,1,1,1,1,2
201900043414,2019-07-21 08:50:00,2019,7,21,8,50,1,01445,A39 PK 131+800 SENS BOURG DOLE,46.358817,5.286155,Plein jour,Hors agglomération,Hors intersection,Normale,Autre collision,1,3,2,0,1,2,1,0,3,130,1,2,0,0,2,0,66.0,,voiture,,1,1,1,1,6
201900043415,2019-07-20 15:35:00,2019,7,20,15,35,89,89208,PK 192+700 Autoroute A6 sens LYON / PARIS,47.6446318,3.9068842,Plein jour,Hors agglomération,Hors intersection,Normale,Sans collision,1,3,4,0,1,1,1,0,1,130,1,5,3,0,0,2,39.0,,voiture,,1,1,1,1,7
201900043416,2019-07-17 17:00:00,2019,7,17,17,0,13,13001,A8,43.511815,5.447187,Plein jour,Hors agglomération,Hors intersection,Normale,Trois véhicules et plus - en chaîne,1,1,3,0,1,1,1,3,1,110,3,4,2,0,0,2,48.0,46.0,voiture,utilitaire_camion,1,1,1,1,4
201900043417,2019-07-11 06:00:00,2019,7,11,6,0,13,13073,A52 PK010+900 SENS SUD,43.404839,5.577185,Crépuscule ou aube,En agglomération,Hors intersection,Normale,Sans collision,1,3,5,0,2,2,1,0,3,130,1,1,0,0,0,1,19.0,,voiture,,2,2,1,1,7
201900043418,2019-07-18 10:00:00,2019,7,18,10,0,976,97603,CCD4 MTSAMOUDOU,-12.933824,45.169478,Plein jour,Hors agglomération,Hors intersection,Normale,Sans collision,3,2,2,0,2,1,1,0,3,70,1,4,0,2,1,1,35.0,,voiture,,1,1,1,1,7
201900043419,2019-07-18 11:25:00,2019,7,18,11,25,25,25517,RN 57,47.013916,6.325823,Plein jour,Hors agglomération,Hors intersection,Normale,Trois véhicules et plus - collisions multiples,2,2,2,0,2,1,1,0,1,80,3,6,4,0,2,0,56.0,59.0,utilitaire_camion,voiture,1,1,1,1,5
201900043420,2019-07-19 14:10:00,2019,7,19,14,10,17,17157,A 10,45.888918,-0.610708,Plein jour,Hors agglomération,Hors intersection,Normale,Sans collision,1,3,4,0,1,1,1,0,3,130,1,2,0,0,2,0,74.0,,voiture,,1,1,1,1,7
201900043421,2019-07-19 17:30:00,2019,7,19,17,30,38,38029,A43 PK 057.000,45.579211,5.527849,Plein jour,Hors agglomération,Hors intersection,Normale,Autre collision,1,1,4,0,2,1,1,0,1,130,1,1,0,0,1,0,28.0,,voiture,,1,1,1,1,6
201900043422,2019-07-20 19:10:00,2019,7,20,19,10,69,69242,A6 aire de Taponas,46.133872,4.7664893,Plein jour,Hors agglomération,Giratoire,Pluie légère,Sans collision,1,1,1,0,1,3,2,3,1,70,1,1,0,0,0,1,76.0,,voiture,,1,1,6,2,7
201900043423,2019-07-17 22:20:00,2019,7,17,22,20,69,69206,"Autoroute A6, PK 416.500, sens Lyon-Paris",46.063793,4.738467,Nuit sans éclairage public,Hors agglomération,Hors intersection,Normale,Trois véhicules et plus - en chaîne,1,3,3,3,1,1,1,0,1,130,3,4,2,0,2,0,38.0,73.0,utilitaire_camion,voiture,3,1,1,1,4
201900043424,2019-07-18 11:10:00,2019,7,18,11,10,27,27351,Bretelle d'insertion A154,49.239606,1.184853,Plein jour,Hors agglomération,Hors intersection,Normale,Autre collision,1,1,1,0,1,2,1,0,2,-1,1,1,0,0,1,0,23.0,,deux_roues,,1,1,1,1,6
201900043425,2019-07-20 23:00:00,2019,7,20,23,0,77,77216,Autoroute A6 PK 68+00 sens LYON vers PARIS4,48.2989694,2.6684938,Nuit sans éclairage public,Hors agglomération,Hors intersection,Normale,Deux véhicules - côté,1,-1,5,0,1,1,1,0,1,130,2,4,2,0,0,2,29.0,45.0,utilitaire_camion,voiture,3,1,1,1,3
201900043426,2019-07-20 18:10:00,2019,7,20,18,10,33,33229,RD3E9 / Av Gériacault,44.721069,-1.049465,Plein jour,En agglomération,Intersection en T,Temps éblouissant,Deux véhicules - côté,3,2,2,0,1,1,1,0,1,50,2,2,1,0,1,0,29.0,35.0,voiture,deux_roues,1,2,3,7,3
201900043427,2019-07-20 12:55:00,2019,7,20,12,55,973,97311,route du fleuve N3,5.3997514,-54.0602875,Plein jour,Hors agglomération,Hors intersection,Normale,Deux véhicules - frontale,9,2,2,0,1,1,1,0,1,80,2,9,2,0,3,4,37.0,40.0,voiture,voiture,1,1,1,1,1
201900043428,2019-07-19 14:02:00,2019,7,19,14,2,971,97117,Rue Achille René Boisneuf,16.331052,-61.343347,Plein jour,En agglomération,Intersection en X,Normale,Deux véhicules - côté,4,1,1,0,1,1,1,0,1,50,2,2,1,0,0,1,30.0,41.0,voiture,deux_roues,1,2,2,1,3
201900043429,2019-07-20 08:45:00,2019,7,20,8,45,971,97129,Baret,16.311715,-61.678624,Plein jour,Hors agglomération,Hors intersection,Normale,Trois véhicules et plus - collisions multiples,2,2,2,0,1,1,1,0,1,80,3,4,2,1,0,1,59.0,35.0,voiture,utilitaire_camion,1,1,1,1,5
201900043430,2019-07-20 11:50:00,2019,7,20,11,50,971,97131,Route de l'Anse Rodrigue,15.858638,-61.579623,Plein jour,Hors agglomération,Hors intersection,Pluie légère,Sans collision,4,-1,1,0,2,1,9,0,1,30,1,1,0,0,1,0,17.0,,deux_roues,,1,1,1,2,7
201900043431,2019-07-20 22:25:00,2019,7,20,22,25,971,97114,"PK39,240 - Section Sarcelle Est",16.155118,-61.58539,Nuit sans éclairage public,Hors agglomération,Hors intersection,Normale,Autre collision,2,2,2,0,1,1,1,0,3,80,1,1,0,1,0,0,39.0,,deux_roues,,3,1,1,1,6
201900043432,2019-07-20 02:00:00,2019,7,20,2,0,971,97111,Route de Mazeau,16.296298,-61.790632,Nuit avec éclairage allumé,Hors agglomération,Hors intersection,Normale,Autre collision,2,2,2,0,2,3,1,0,3,70,1,2,1,0,0,1,51.0,,voiture,,5,1,1,1,6
201900043433,2019-07-19 20:30:00,2019,7,19,20,30,33,33199,10 avenue de lattre de tassigny,44.63949,-1.11618,Plein jour,En agglomération,Giratoire,Normale,Autre collision,3,2,2,0,1,1,1,5,1,50,1,2,1,0,1,0,85.0,,voiture,,1,2,6,1,6
201900043434,2019-07-17 16:10:00,2019,7,17,16,10,37,37225,Chandon,47.3450865,0.910007,Plein jour,Hors agglomération,Autre intersection,Normale,Sans collision,3,-1,2,0,1,2,1,0,8,80,1,1,0,0,1,0,55.0,,deux_roues,,1,1,9,1,7
201900043435,2019-06-27 08:13:00,2019,6,27,8,13,18,18285,D27,47.025707,2.210339,Plein jour,Hors agglomération,Intersection en X,Normale,Deux véhicules - côté,3,2,2,0,4,1,1,5,1,80,2,2,1,0,1,0,43.0,79.0,voiture,deux_roues,1,1,2,1,3
201900043436,2019-07-20 22:50:00,2019,7,20,22,50,45,45082,RD 2060 - PK 72+0,47.8882747,2.2197513,Nuit sans éclairage public,Hors agglomération,Hors intersection,Normale,Autre collision,3,3,4,0,1,1,1,0,3,110,1,2,0,0,1,1,20.0,,voiture,,3,1,1,1,6
201900043437,2019-07-20 15:15:00,2019,7,20,15,15,77,77183,D603-Avenue de Château Thierry,48.9633,3.13373,Plein jour,En agglomération,Hors intersection,Normale,Deux véhicules - côté,3,2,2,0,2,1,1,0,1,50,2,2,1,0,0,1,42.0,38.0,deux_roues,utilitaire_camion,1,2,1,1,3
201900043438,2019-07-08 16:15:00,2019,7,8,16,15,77,77142,D934-rue nationale,48.8588,2.91952,Plein jour,En agglomération,Hors intersection,Normale,Trois véhicules et plus - en chaîne,3,2,2,0,1,1,1,9,1,50,3,3,2,0,0,1,33.0,50.0,voiture,voiture,1,2,1,1,4
201900043439,2019-07-20 11:30:00,2019,7,20,11,30,95,95039,41 Rue du Valhermeil,49.069618,2.12682,Plein jour,En agglomération,Hors intersection,Normale,Sans collision,4,-1,2,0,2,2,1,0,1,30,1,2,0,0,1,1,20.0,,deux_roues,,1,2,1,1,7
201900043440,2019-07-21 06:30:00,2019,7,21,6,30,2A,2A247,Rue du 9 Septembre 1943,41.58224,9.278052,Plein jour,En agglomération,Hors intersection,Normale,Deux véhicules - frontale,3,2,2,0,1,1,1,0,1,50,2,2,0,0,1,1,34.0,23.0,voiture,voiture,1,2,1,1,1
201900043441,2019-07-08 12:35:00,2019,7,8,12,35,66,66037,voie de Mediterranée,42.7052,3.006095,Plein jour,En agglomération,Giratoire,Normale,Autre collision,4,2,2,0,1,2,1,0,1,30,1,2,1,0,0,1,62.0,,voiture,,1,2,6,1,6
201900043442,2019-06-18 21:15:00,2019,6,18,21,15,11,11190,Route Départementale 11,43.2495416,2.661273,Nuit sans éclairage public,Hors agglomération,Hors intersection,Normale,Sans collision,3,2,2,0,1,1,1,0,8,80,1,1,0,0,1,0,36.0,,voiture,,3,1,1,1,7
201900043443,2019-07-17 13:30:00,2019,7,17,13,30,34,34213,D613,43.474375,3.689077,Plein jour,Hors agglomération,Hors intersection,Normale,Deux véhicules - côté,3,2,3,0,1,1,1,0,1,80,2,2,0,0,1,1,56.0,70.0,voiture,voiture,1,1,1,1,3
201900043444,2019-07-11 07:30:00,2019,7,11,7,30,34,34058,FONTMAGNE,43.693984,4.010728,Plein jour,Hors agglomération,Intersection en T,Temps éblouissant,Deux véhicules - côté,3,2,2,0,1,1,1,5,1,70,2,2,1,0,1,0,45.0,20.0,deux_roues,voiture,1,1,3,7,3
201900043445,2019-07-19 10:45:00,2019,7,19,10,45,83,83150,RD952,43.72404,5.810958,Plein jour,Hors agglomération,Hors intersection,Normale,Deux véhicules - frontale,3,2,2,0,2,1,1,0,1,80,2,3,0,0,2,1,44.0,54.0,deux_roues,voiture,1,1,1,1,1
201900043446,2019-07-21 17:10:00,2019,7,21,17,10,5,05077,Lieu dit fontgillarde,44.719338,6.902714,Plein jour,Hors agglomération,Hors intersection,Normale,Deux véhicules - frontale,3,2,2,0,1,2,1,0,1,80,2,4,1,0,2,1,61.0,26.0,voiture,deux_roues,1,1,1,1,1
201900043447,2019-07-18 15:45:00,2019,7,18,15,45,5,05181,RD1091,45.042365,6.354892,Plein jour,Hors agglomération,Hors intersection,Normale,Deux véhicules - frontale,3,2,2,0,2,3,1,0,1,80,2,2,1,0,1,0,21.0,23.0,deux_roues,utilitaire_camion,1,1,1,1,1
201900043448,2019-07-21 12:30:00,2019,7,21,12,30,4,04096,RD 900,44.4306604,6.7379987,Plein jour,Hors agglomération,Hors intersection,Normale,Deux véhicules - frontale,3,2,2,0,1,3,1,0,1,80,2,5,4,1,0,0,41.0,30.0,voiture,deux_roues,1,1,1,1,1
201900043449,2019-07-16 14:50:00,2019,7,16,14,50,4,04143,RD 4 Av Flourens Aillaud,43.9162534,5.918454,Plein jour,En agglomération,Intersection en X,Normale,Deux véhicules - frontale,3,2,2,0,1,1,1,0,1,50,2,2,1,0,0,1,18.0,64.0,voiture,deux_roues,1,2,2,1,1
201900043450,2019-07-21 14:15:00,2019,7,21,14,15,13,13111,Cabassol,43.554579,5.602129,Plein jour,Hors agglomération,Hors intersection,Normale,Sans collision,3,2,2,0,1,1,1,0,3,80,1,1,0,0,1,0,53.0,,deux_roues,,1,1,1,1,7
201900043451,2019-07-20 08:36:00,2019,7,20,8,36,26,26058,"A7, sens nord / sud  PK068.600",44.946778,4.894336,Plein jour,Hors agglomération,Hors intersection,Normale,Deux véhicules - arrière,1,3,3,0,1,1,1,0,1,90,2,4,2,0,0,2,47.0,44.0,voiture,voiture,1,1,1,1,2
201900043452,2019-07-21 12:20:00,2019,7,21,12,20,71,71060,"Lieu dit ""Au Cray"" RD199",46.300726,4.154817,Plein jour,Hors agglomération,Hors intersection,Normale,Deux véhicules - frontale,3,2,2,0,1,4,1,0,1,50,2,3,2,0,0,1,70.0,18.0,voiture,voiture,1,1,1,1,1
201900043453,2019-07-19 15:55:00,2019,7,19,15,55,71,71150,287 D908,46.229089,4.784377,Plein jour,Hors agglomération,Hors intersection,Normale,Sans collision,3,2,3,0,1,1,1,0,8,90,1,2,0,0,2,0,84.0,,voiture,,1,1,1,1,7
201900043454,2019-07-19 13:05:00,2019,7,19,13,5,52,52025,RD74,48.106228,5.510803,Plein jour,Hors agglomération,Intersection en X,Normale,Deux véhicules - frontale,3,2,2,0,1,2,1,0,1,80,2,3,0,1,0,2,57.0,37.0,deux_roues,voiture,1,1,2,1,1
201900043455,2019-07-19 16:00:00,2019,7,19,16,0,68,68231,rue du temple,48.019416,7.528072,Plein jour,En agglomération,Intersection en X,Normale,Deux véhicules - côté,4,2,2,0,1,1,1,0,1,30,2,3,2,0,1,0,15.0,23.0,deux_roues,voiture,1,2,2,1,3
201900043456,2019-07-02 10:30:00,2019,7,2,10,30,67,67397,D20,48.329243,7.742291,Plein jour,Hors agglomération,Hors intersection,Normale,Sans collision,3,2,2,0,1,1,1,0,3,80,1,1,0,0,1,0,74.0,,voiture,,1,1,1,1,7
201900043457,2019-07-21 13:00:00,2019,7,21,13,0,3,03141,Matichard,46.0010143,3.6842971,Plein jour,Hors agglomération,Hors intersection,Normale,Sans collision,3,2,2,0,2,4,1,0,1,80,1,1,0,0,1,0,27.0,,deux_roues,,1,1,1,1,7
201900043458,2019-07-19 14:25:00,2019,7,19,14,25,74,74007,D903,46.081389,6.313013,Plein jour,Hors agglomération,Hors intersection,Normale,Deux véhicules - frontale,3,2,2,0,1,1,1,0,1,80,2,3,0,0,1,2,43.0,20.0,voiture,voiture,1,1,1,1,1
201900043459,2019-07-21 18:50:00,2019,7,21,18,50,73,73034,D925 Beaubois,45.6984338,6.6209406,Plein jour,Hors agglomération,Hors intersection,Normale,Autre collision,3,2,2,0,2,2,1,0,3,80,1,1,0,1,0,0,62.0,,deux_roues,,1,1,1,1,6
201900043460,2019-07-18 10:50:00,2019,7,18,10,50,73,73329,D1504 Route du Bourget,45.6176261,5.8821021,Plein jour,Hors agglomération,Hors intersection,Normale,Deux véhicules - côté,3,2,2,0,1,1,1,0,1,80,2,2,0,0,1,1,26.0,70.0,deux_roues,deux_roues,1,1,1,1,3
201900043461,2019-07-17 05:45:00,2019,7,17,5,45,42,42056,RD 1086,45.402744,4.737114,Crépuscule ou aube,Hors agglomération,Hors intersection,Normale,Deux véhicules - côté,3,2,2,0,1,1,1,0,1,70,2,2,0,0,0,2,22.0,61.0,voiture,voiture,2,1,1,1,3
201900043462,2019-07-21 05:50:00,2019,7,21,5,50,38,38054,rd 52,45.782385,5.439212,Crépuscule ou aube,Hors agglomération,Hors intersection,Normale,Autre collision,3,2,2,0,1,2,1,0,3,80,1,1,0,0,1,0,30.0,,voiture,,2,1,1,1,6
201900043463,2019-07-19 20:00:00,2019,7,19,20,0,38,38415,RD 163 38080,45.632019,5.250002,Crépuscule ou aube,Hors agglomération,Hors intersection,Normale,Autre collision,3,2,2,0,1,1,1,0,3,80,1,1,0,0,1,0,48.0,,voiture,,2,1,1,1,6
201900043464,2019-07-20 05:50:00,2019,7,20,5,50,38,38348,Route D1006,45.583441,5.321333,Crépuscule ou aube,Hors agglomération,Hors intersection,Normale,Deux véhicules - côté,3,3,4,0,1,1,1,0,1,90,2,3,2,0,1,0,37.0,64.0,voiture,deux_roues,2,1,1,1,3
201900043465,2019-07-19 07:15:00,2019,7,19,7,15,38,38276,2903 Route Départementale 1085,45.555778,5.305414,Plein jour,En agglomération,Hors intersection,Normale,Deux véhicules - côté,3,-1,2,0,1,1,1,0,8,50,2,2,1,0,0,1,55.0,63.0,deux_roues,voiture,1,2,1,1,3
201900043466,2019-07-18 17:00:00,2019,7,18,17,0,1,01032,236 Route de Geneve,45.850734,5.126168,Plein jour,En agglomération,Hors intersection,Normale,Deux véhicules - côté,3,2,2,0,1,1,1,0,1,50,2,4,2,0,2,0,23.0,78.0,deux_roues,voiture,1,2,1,1,3
201900043467,2019-07-21 06:40:00,2019,7,21,6,40,1,01211,Route Départementale 22,46.09169,5.19372,Crépuscule ou aube,Hors agglomération,Hors intersection,Normale,Autre collision,3,2,2,0,1,3,1,0,3,80,1,1,0,1,0,0,49.0,,utilitaire_camion,,2,1,1,1,6
201900043468,2019-07-20 17:45:00,2019,7,20,17,45,69,69206,Route du Poirier,46.070226,4.727796,Plein jour,En agglomération,Hors intersection,Normale,Deux véhicules - côté,3,2,2,0,1,1,1,0,1,80,2,2,1,0,1,0,45.0,38.0,deux_roues,voiture,1,2,1,1,3
201900043469,2019-07-20 15:10:00,2019,7,20,15,10,9,09178,D119,43.116507,1.931231,Plein jour,Hors agglomération,Hors intersection,Normale,Sans collision,3,2,2,0,2,1,1,0,3,80,1,3,0,0,0,3,70.0,,voiture,,1,1,1,1,7
201900043470,2019-07-19 17:45:00,2019,7,19,17,45,17,17289,route de bordeaux,45.6758229,-0.6043481,Plein jour,Hors agglomération,Intersection en X,Normale,Deux véhicules - côté,3,2,2,0,4,1,1,0,1,80,2,2,1,0,1,0,22.0,69.0,voiture,utilitaire_camion,1,1,2,1,3
201900043471,2019-07-17 11:00:00,2019,7,17,11,0,17,17161,RD 735,46.179612,-1.33344,Plein jour,Hors agglomération,Giratoire,Normale,Deux véhicules - côté,3,2,2,0,1,1,1,0,1,80,2,2,1,0,0,1,10.0,80.0,deux_roues,voiture,1,1,6,1,3
201900043472,2019-07-19 20:30:00,2019,7,19,20,30,16,16138,42 Rue de Badoris,45.652855,0.095137,Plein jour,En agglomération,Hors intersection,Temps éblouissant,Autre collision,3,2,2,0,2,3,1,0,1,30,1,2,1,0,1,0,34.0,,voiture,,1,2,1,7,6
201900043473,2019-03-14 10:30:00,2019,3,14,10,30,44,44077,Saint-Michel,47.4736999,-1.4612299,Plein jour,Hors agglomération,Hors intersection,Pluie légère,Sans collision,3,2,2,0,1,2,2,0,3,80,1,1,0,1,0,0,61.0,,utilitaire_camion,,1,1,1,2,7
201900043474,2019-07-20 00:20:00,2019,7,20,0,20,61,61279,Les Fourneaux,48.418548,-0.009334,Nuit sans éclairage public,Hors agglomération,Hors intersection,Normale,Autre collision,3,2,2,0,3,2,1,0,3,80,1,2,0,1,1,0,48.0,,voiture,,3,1,1,1,6
201900043475,2019-06-28 08:10:00,2019,6,28,8,10,14,14047,rue du marché,49.272313,-0.718232,Plein jour,En agglomération,Intersection en Y,Normale,Autre collision,4,1,2,0,1,1,1,6,1,50,1,2,1,0,0,1,48.0,,utilitaire_camion,,1,2,4,1,6
201900043476,2019-07-20 15:55:00,2019,7,20,15,55,56,56176,Lissaden,47.671129,-2.94194,Plein jour,Hors agglomération,Hors intersection,Normale,Deux véhicules - arrière,3,2,2,0,2,1,1,0,1,80,2,2,1,1,0,0,24.0,35.0,voiture,deux_roues,1,1,1,1,2
201900043477,2019-07-20 06:30:00,2019,7,20,6,30,76,76057,D67,49.52753,0.962143,Crépuscule ou aube,Hors agglomération,Autre intersection,Normale,Autre collision,3,3,2,0,1,3,1,9,1,80,1,1,0,0,1,0,21.0,,deux_roues,,2,1,9,1,6
201900043478,2019-07-18 18:20:00,2019,7,18,18,20,57,57764,Rue Principale,49.461662,6.143218,Plein jour,Hors agglomération,Hors intersection,Normale,Deux véhicules - frontale,3,2,2,0,1,1,1,0,1,50,2,2,0,0,1,1,46.0,31.0,utilitaire_camion,deux_roues,1,1,1,1,1