accident_id,datetime,annee,mois,jour,heure,minute,departement,commune_insee,adresse,latitude,longitude,luminosite,agglomeration,intersection,meteo,collision,catr,circ,nbv,vosp,prof,plan,surf,infra,situ,vma,nb_vehicules,nb_usagers,nb_indemnes,nb_tues,nb_blesses_hosp,nb_blesses_legers,age_cond_1,age_cond_2,veh_type_cond_1,veh_type_cond_2,lum_code,agg_code,int_code,atm_code,col_code
201900043570,2019-12-10 19:00:00,2019,12,10,19,0,80,80639,Avenue Roger Dumoulin,49.950336,2.276402,Nuit sans éclairage public,Hors agglomération,Hors intersection,Normale,Deux véhicules - frontale,3,2,2,0,1,1,2,0,1,80,2,2,0,0,0,2,75.0,44.0,voiture,voiture,3,1,1,1,1
201900043571,2019-12-10 14:20:00,2019,12,10,14,20,82,82026,RD115,44.064609,1.660644,Plein jour,Hors agglomération,Intersection en X,Normale,Deux véhicules - côté,3,2,2,0,1,1,1,0,1,80,2,2,0,1,0,1,52.0,78.0,utilitaire_camion,voiture,1,1,2,1,3
201900043572,2019-12-11 13:00:00,2019,12,11,13,0,42,42020,Route de Montbrison Rd 496,45.641893,4.221635,Plein jour,Hors agglomération,Hors intersection,Pluie légère,Autre collision,3,2,2,0,1,1,2,0,3,80,1,1,0,0,0,1,43.0,,voiture,,1,1,1,2,6
201900043573,2019-12-10 11:50:00,2019,12,10,11,50,22,22325,rue des dalliots,48.65933,-2.859766,Plein jour,Hors agglomération,Hors intersection,Normale,Sans collision,4,2,2,0,1,1,2,0,4,50,1,1,0,0,1,0,15.0,,deux_roues,,1,1,1,1,7
201900043574,2019-11-12 17:30:00,2019,11,12,17,30,44,44187,Les Lardieres,47.2218082,-2.1105008,Crépuscule ou aube,Hors agglomération,Hors intersection,Normale,Deux véhicules - frontale,3,2,2,0,2,3,1,0,1,80,2,3,2,0,1,0,67.0,60.0,voiture,voiture,2,1,1,1,1
201900043575,2019-12-05 18:32:00,2019,12,5,18,32,35,35116,88 Rue de Dol,48.577831,-1.8123928,Nuit sans éclairage public,Hors agglomération,Hors intersection,Normale,Deux véhicules - arrière,3,2,2,0,1,1,1,0,1,80,2,3,1,0,1,1,37.0,42.0,voiture,utilitaire_camion,3,1,1,1,2
201900043576,2019-12-10 16:30:00,2019,12,10,16,30,29,29059,Place Yves Laviec,48.60169,-3.756942,Plein jour,En agglomération,Hors intersection,Normale,Autre collision,6,-1,-1,0,1,1,1,0,1,30,1,2,1,1,0,0,44.0,,voiture,,1,2,1,1,6
201900043577,2019-12-02 17:55:00,2019,12,2,17,55,38,38229,Allee de la Faculte,45.20894,5.775417,Nuit avec éclairage allumé,En agglomération,Hors intersection,Normale,Deux véhicules - côté,4,2,2,1,1,1,1,0,5,50,2,2,1,0,1,0,61.0,53.0,deux_roues,voiture,5,2,1,1,3
201900043578,2019-12-10 10:00:00,2019,12,10,10,0,3,03181,,46.3602706,3.7115281,Plein jour,Hors agglomération,Hors intersection,Normale,Sans collision,3,2,2,0,2,1,7,0,3,80,1,1,0,0,0,1,35.0,,voiture,,1,1,1,1,7
201900043579,2019-12-10 18:00:00,2019,12,10,18,0,18,18094,D50,47.200287,2.880448,Nuit sans éclairage public,Hors agglomération,Hors intersection,Normale,Trois véhicules et plus - collisions multiples,3,2,2,0,2,3,1,0,1,80,3,4,2,0,1,1,48.0,53.0,voiture,voiture,3,1,1,1,5
201900043580,2019-12-10 18:00:00,2019,12,10,18,0,85,85010,Av du Mal de Lattre de Tassigny,46.46987,-1.48987,Nuit avec éclairage allumé,En agglomération,Hors intersection,Temps couvert,Autre collision,3,2,2,0,2,1,2,0,1,50,1,2,1,0,1,0,70.0,,voiture,,5,2,1,8,6
201900043581,2019-12-11 14:40:00,2019,12,11,14,40,27,27252,route départementale 28,49.151575,0.459968,Plein jour,Hors agglomération,Hors intersection,Normale,Autre collision,3,2,2,0,1,2,1,0,3,70,1,2,1,0,1,0,76.0,,voiture,,1,1,1,1,6
201900043582,2019-12-10 16:30:00,2019,12,10,16,30,37,37154,25 Rue Nationale,47.2875394,0.7146424,Crépuscule ou aube,En agglomération,Intersection en T,Temps couvert,Autre collision,3,2,2,0,1,1,1,5,1,50,1,2,1,0,1,0,54.0,,utilitaire_camion,,2,2,3,8,6
201900043583,2019-12-11 18:15:00,2019,12,11,18,15,37,37130,D31,47.055731,0.836428,Nuit sans éclairage public,Hors agglomération,Intersection en T,Pluie légère,Deux véhicules - côté,3,2,2,2,1,1,2,5,8,80,2,3,0,1,1,1,97.0,68.0,voiture,voiture,3,1,3,2,3
201900043584,2019-12-10 09:45:00,2019,12,10,9,45,30,30218,D51,44.24083,4.277898,Plein jour,Hors agglomération,Hors intersection,Normale,Autre collision,3,2,2,0,1,4,1,0,3,80,1,1,0,0,1,0,65.0,,utilitaire_camion,,1,1,1,1,6
201900043585,2019-12-09 10:30:00,2019,12,9,10,30,48,48141,Le Village,44.309839,3.399708,Plein jour,En agglomération,Hors intersection,Pluie légère,Deux véhicules - frontale,4,2,2,0,2,1,2,0,8,50,2,2,1,0,0,1,56.0,20.0,voiture,voiture,1,2,1,2,1
201900043586,2019-12-10 08:00:00,2019,12,10,8,0,35,35208,2 La Belle Etoile,47.976383,-1.674808,Nuit sans éclairage public,Hors agglomération,Intersection en X,Pluie légère,Deux véhicules - côté,3,2,2,0,1,1,1,0,1,80,2,2,1,0,0,1,47.0,44.0,voiture,voiture,3,1,2,2,3
201900043587,2019-12-07 16:15:00,2019,12,7,16,15,6,06085,84 Route de la Roquette,43.616472,6.973366,Plein jour,En agglomération,Giratoire,Normale,Autre collision,3,2,2,0,1,3,1,0,6,50,1,2,1,0,0,1,67.0,,voiture,,1,2,6,1,6
201900043588,2019-12-11 07:40:00,2019,12,11,7,40,974,97415,D100,-21.070054,55.231285,Plein jour,Hors agglomération,Hors intersection,Normale,Deux véhicules - frontale,3,2,2,0,2,1,1,0,1,70,2,2,0,0,2,0,28.0,28.0,deux_roues,deux_roues,1,1,1,1,1
201900043589,2019-11-09 19:20:00,2019,11,9,19,20,971,97118,39 Rue Victor Schoelcher,16.191384,-61.59077,Nuit avec éclairage allumé,En agglomération,Hors intersection,Normale,Autre collision,3,2,2,0,1,1,1,0,1,30,1,2,1,1,0,0,72.0,,voiture,,5,2,1,1,6
201900043590,2019-12-02 15:45:00,2019,12,2,15,45,13,13088,D568,43.363154,5.269309,Plein jour,Hors agglomération,Hors intersection,Normale,Deux véhicules - frontale,3,2,2,0,1,3,1,0,1,90,2,3,0,0,2,1,81.0,85.0,voiture,voiture,1,1,1,1,1
201900043591,2019-12-11 11:25:00,2019,12,11,11,25,77,77367,D405 X D146A3,49.047187,2.997033,Plein jour,Hors agglomération,Intersection en X,Normale,Deux véhicules - côté,3,2,2,0,2,1,2,5,1,80,2,4,0,0,1,3,28.0,57.0,voiture,voiture,1,1,2,1,3
201900043592,2019-12-10 11:45:00,2019,12,10,11,45,77,77162,D204 X D31,48.91413,3.15555,Plein jour,Hors agglomération,Intersection en Y,Normale,Deux véhicules - arrière,3,2,2,0,1,1,1,0,1,80,2,2,0,0,0,2,23.0,38.0,voiture,voiture,1,1,4,1,2
201900043593,2019-12-10 16:45:00,2019,12,10,16,45,66,66190,D5,42.812469,2.876333,Plein jour,Hors agglomération,Hors intersection,Normale,Sans collision,3,2,2,0,1,1,1,0,3,80,1,1,0,0,1,0,27.0,,voiture,,1,1,1,1,7
201900043594,2019-12-11 17:20:00,2019,12,11,17,20,13,13035,D569,43.656348,5.020593,Nuit sans éclairage public,Hors agglomération,Intersection en T,Pluie légère,Deux véhicules - côté,3,2,2,0,1,1,2,0,1,80,2,2,1,0,1,0,48.0,46.0,deux_roues,voiture,3,1,3,2,3
201900043595,2019-12-11 11:45:00,2019,12,11,11,45,26,26072,A7 pk49+000,45.12219,4.896369,Plein jour,Hors agglomération,Hors intersection,Normale,Autre collision,1,3,5,0,1,1,1,0,1,130,1,3,2,0,1,0,44.0,,utilitaire_camion,,1,1,1,1,6
201900043596,2019-12-10 17:30:00,2019,12,10,17,30,68,68226,9 Rue du 9e Zouaves,48.042063,7.131041,Nuit avec éclairage allumé,En agglomération,Hors intersection,Normale,Autre collision,3,2,2,0,2,1,1,0,1,50,1,3,2,0,0,1,29.0,,voiture,,5,2,1,1,6
201900043597,2019-12-11 06:00:00,2019,12,11,6,0,1,01390,RD 20,45.847038,5.29677,Nuit sans éclairage public,Hors agglomération,Hors intersection,Normale,Deux véhicules - frontale,3,2,2,0,1,2,1,0,1,70,2,4,0,0,0,4,36.0,39.0,voiture,voiture,3,1,1,1,1
201900043598,2019-12-03 12:45:00,2019,12,3,12,45,86,86123,PAIX (AVENUE DE LA),46.5893569,0.3341117,Plein jour,En agglomération,Intersection en T,Normale,Deux véhicules - côté,3,2,2,0,1,1,1,0,1,80,2,2,1,0,0,1,54.0,23.0,voiture,voiture,1,2,3,1,3
201900043599,2019-12-10 08:15:00,2019,12,10,8,15,13,13001,A51-Sens Aix en Provence vers Marseille,43.49615,5.40656,Plein jour,Hors agglomération,Hors intersection,Normale,Trois véhicules et plus - en chaîne,1,3,2,0,1,1,1,0,1,90,3,3,2,0,0,1,58.0,54.0,voiture,voiture,1,1,1,1,4
201900043600,2019-12-06 17:45:00,2019,12,6,17,45,42,42207,A47,45.4874186,4.5053069,Nuit sans éclairage public,Hors agglomération,Hors intersection,Normale,Deux véhicules - arrière,1,3,4,0,1,1,1,0,1,110,2,2,1,0,0,1,23.0,21.0,voiture,voiture,3,1,1,1,2
201900043601,2019-12-10 17:50:00,2019,12,10,17,50,33,33167,ROUTE NATIONALE 230,44.82186,-0.51557,Nuit avec éclairage allumé,Hors agglomération,Hors intersection,Normale,Trois véhicules et plus - en chaîne,2,3,6,0,1,3,1,0,1,90,3,4,2,0,0,2,53.0,65.0,voiture,voiture,5,1,1,1,4
201900043602,2019-12-10 15:10:00,2019,12,10,15,10,33,33063,ROCADE A 630,44.88396,-0.55837,Plein jour,Hors agglomération,Hors intersection,Normale,Deux véhicules - arrière,1,1,2,0,1,3,1,3,1,50,2,3,2,0,0,1,44.0,39.0,utilitaire_camion,utilitaire_camion,1,1,1,1,2
201900043603,2019-12-10 08:10:00,2019,12,10,8,10,33,33039,ROCADE A 630,44.80173,-0.53392,Plein jour,Hors agglomération,Hors intersection,Normale,Deux véhicules - côté,1,3,8,0,1,1,1,3,1,90,2,2,1,0,0,1,61.0,37.0,utilitaire_camion,voiture,1,1,1,1,3
201900043604,2019-12-10 18:30:00,2019,12,10,18,30,91,91174,RN 104,48.61303,2.45062,Nuit sans éclairage public,Hors agglomération,Hors intersection,Normale,Deux véhicules - arrière,2,-1,3,0,1,1,1,0,1,90,2,2,1,0,0,1,38.0,32.0,deux_roues,voiture,3,1,1,1,2
201900043605,2019-12-10 17:00:00,2019,12,10,17,0,91,91345,AUTOROUTE A6,48.687345,2.325595,Nuit sans éclairage public,Hors agglomération,Hors intersection,Normale,Deux véhicules - arrière,1,3,6,0,4,1,1,0,1,110,2,2,1,0,0,1,22.0,23.0,voiture,voiture,3,1,1,1,2
201900043606,2019-12-10 06:30:00,2019,12,10,6,30,94,94034,AUTOROUTE A6B,48.7522,2.3297,Nuit avec éclairage non allumé,Hors agglomération,Hors intersection,Normale,Deux véhicules - côté,1,1,4,0,1,1,1,0,1,110,2,3,1,0,0,2,51.0,34.0,utilitaire_camion,voiture,4,1,1,1,3
201900043607,2019-12-10 02:30:00,2019,12,10,2,30,94,94003,AUTOROUTE A6A,48.81479,2.33624,Nuit avec éclairage allumé,Hors agglomération,Hors intersection,Normale,Sans collision,1,3,2,0,1,2,1,0,1,50,1,2,0,0,0,2,38.0,,utilitaire_camion,,5,1,1,1,7
201900043608,2019-12-10 07:00:00,2019,12,10,7,0,78,78418,A14,48.914489,2.147084,Nuit avec éclairage allumé,Hors agglomération,Hors intersection,Normale,Deux véhicules - arrière,1,-1,2,0,1,1,1,0,1,90,2,2,1,0,0,1,42.0,43.0,deux_roues,utilitaire_camion,5,1,1,1,2
201900043609,2019-12-09 19:50:00,2019,12,9,19,50,92,92050,A86,48.9080769,2.2134852,Nuit sans éclairage public,Hors agglomération,Autre intersection,Normale,Deux véhicules - côté,1,1,2,0,1,1,1,0,1,70,2,2,1,0,0,1,33.0,27.0,voiture,deux_roues,3,1,9,1,3
201900043610,2019-12-09 15:00:00,2019,12,9,15,0,92,92036,A86,48.9348396,2.2672858,Plein jour,Hors agglomération,Hors intersection,Normale,Deux véhicules - côté,1,-1,3,0,1,1,1,1,1,90,2,1,0,0,0,1,30.0,,deux_roues,,1,1,1,1,3
201900043611,2019-12-09 00:04:00,2019,12,9,0,4,92,92012,A13,48.8484349,2.2407769,Nuit avec éclairage allumé,Hors agglomération,Hors intersection,Normale,Autre collision,1,1,3,0,1,1,1,1,2,110,1,1,0,0,0,1,25.0,,voiture,,5,1,1,1,6
201900043612,2019-12-09 15:00:00,2019,12,9,15,0,93,93078,AUTOROUTE A104,48.96164,2.54514,Plein jour,Hors agglomération,Hors intersection,Normale,Deux véhicules - arrière,1,3,6,0,1,1,1,0,1,110,2,2,1,0,0,1,49.0,27.0,voiture,utilitaire_camion,1,1,1,1,2
201900043613,2019-12-09 08:30:00,2019,12,9,8,30,95,95678,RN 184,49.05948,2.21067,Crépuscule ou aube,Hors agglomération,Hors intersection,Pluie forte,Sans collision,2,3,6,0,1,3,2,0,1,110,1,1,0,0,0,1,37.0,,deux_roues,,2,1,1,3,7
201900043614,2019-12-08 20:45:00,2019,12,8,20,45,93,93005,AUTOROUTE A3,48.96468,2.47422,Nuit sans éclairage public,Hors agglomération,Hors intersection,Normale,Deux véhicules - arrière,1,1,3,0,1,2,1,2,1,90,2,2,0,0,0,2,33.0,23.0,voiture,voiture,3,1,1,1,2
201900043615,2019-12-10 17:00:00,2019,12,10,17,0,94,94033,A86.EXT,48.8503,2.4903,Crépuscule ou aube,Hors agglomération,Hors intersection,Normale,Deux véhicules - arrière,1,3,2,0,1,1,1,0,1,90,2,2,1,0,0,1,50.0,48.0,deux_roues,voiture,2,1,1,1,2
201900043616,2019-12-10 14:15:00,2019,12,10,14,15,77,77514,A104,48.9318181,2.6277366,Plein jour,Hors agglomération,Hors intersection,Normale,Deux véhicules - arrière,1,1,2,0,1,1,1,0,1,90,2,2,1,0,0,1,40.0,42.0,utilitaire_camion,utilitaire_camion,1,1,1,1,2
201900043617,2019-04-26 11:45:00,2019,4,26,11,45,36,36088,PLACE DE LA RÉPUBLIQUE,47.071377,1.809685,Plein jour,En agglomération,Intersection en T,Normale,Deux véhicules - arrière,3,2,2,0,1,1,1,0,1,50,2,2,1,0,1,0,45.0,23.0,utilitaire_camion,deux_roues,1,2,3,1,2
201900043618,2019-12-09 06:15:00,2019,12,9,6,15,972,97209,PIONNIERS (RUE DES),14.6019819,-61.0782444,Plein jour,En agglomération,Intersection en Y,Normale,Deux véhicules - côté,2,1,1,0,2,3,1,0,1,50,2,2,1,0,1,0,41.0,28.0,deux_roues,voiture,1,2,4,1,3
201900043619,2019-12-07 10:45:00,2019,12,7,10,45,87,87085,POMPIDOU (AVENUE GEORGES),45.81532,1.26916,Plein jour,En agglomération,Hors intersection,Pluie légère,Autre collision,4,3,4,0,1,2,2,0,1,50,1,2,1,0,0,1,37.0,,voiture,,1,2,1,2,6
201900043620,2019-12-05 14:15:00,2019,12,5,14,15,63,63113,ROUVIER (RUE),45.80705,3.1179,Plein jour,En agglomération,Hors intersection,Normale,Autre collision,4,-1,2,0,1,1,1,0,1,50,1,2,1,0,1,0,81.0,,voiture,,1,2,1,1,6
201900043621,2019-12-06 08:42:00,2019,12,6,8,42,63,63075,VILLARS (AVENUE DE),45.776,3.06133,Plein jour,En agglomération,Hors intersection,Autre,Autre collision,4,2,2,0,1,1,7,0,3,50,2,2,1,0,0,1,17.0,50.0,deux_roues,voiture,1,2,1,9,6
201900043622,2019-08-30 17:00:00,2019,8,30,17,0,59,59079,ONZE NOVEMBRE (PLACE DU),50.38384,3.50729,Plein jour,En agglomération,Hors intersection,Normale,Deux véhicules - côté,3,2,2,0,1,1,1,0,3,50,2,2,1,0,1,0,31.0,38.0,utilitaire_camion,deux_roues,1,2,1,1,3
201900043623,2019-12-08 20:30:00,2019,12,8,20,30,59,59170,TOBIN (RUE JAMES),50.34238,3.10534,Nuit avec éclairage allumé,En agglomération,Hors intersection,Pluie forte,Deux véhicules - arrière,9,3,2,0,1,1,2,0,1,50,2,2,1,0,0,1,26.0,22.0,voiture,voiture,5,2,1,3,2
201900043624,2019-12-02 16:10:00,2019,12,2,16,10,51,51454,AVENUE PAUL MARCHANDEAU,49.2415929,4.0237382,Plein jour,En agglomération,Hors intersection,Normale,Deux véhicules - arrière,4,3,4,0,1,1,1,0,1,50,2,4,2,0,0,2,45.0,50.0,utilitaire_camion,utilitaire_camion,1,2,1,1,2
201900043625,2019-11-28 16:00:00,2019,11,28,16,0,51,51454,RUE DES MOULINS,49.24558,4.03588,Plein jour,En agglomération,Intersection en X,Normale,Deux véhicules - frontale,4,2,0,0,2,1,1,0,1,50,2,3,2,0,0,1,22.0,30.0,deux_roues,voiture,1,2,2,1,1
201900043626,2019-06-06 15:57:00,2019,6,6,15,57,49,49007,FOCH BOULEVARD,47.46758,-0.55137,Plein jour,En agglomération,Hors intersection,Normale,Deux véhicules - côté,4,2,2,0,1,1,1,0,1,30,2,2,1,0,0,1,61.0,32.0,deux_roues,voiture,1,2,1,1,3
201900043627,2019-12-08 14:10:00,2019,12,8,14,10,41,41212,PATTE D'OIE (rond point),47.56188,1.37372,Plein jour,En agglomération,Autre intersection,Pluie légère,Sans collision,4,2,2,0,1,3,2,9,1,50,1,1,0,0,0,1,18.0,,deux_roues,,1,2,9,2,7
201900043628,2019-12-07 17:48:00,2019,12,7,17,48,30,30189,Lt Col Pierre COLIN,43.836724,4.3602915,Nuit avec éclairage allumé,En agglomération,Autre intersection,Normale,Deux véhicules - arrière,4,-1,2,0,1,2,1,9,1,50,2,2,1,0,1,0,46.0,52.0,deux_roues,voiture,5,2,9,1,2
201900043629,2019-12-08 21:40:00,2019,12,8,21,40,25,25388,TANNEURS (QUAI DES),47.508652,6.79488,Nuit avec éclairage allumé,En agglomération,Hors intersection,Pluie légère,Autre collision,4,1,1,0,1,2,2,0,1,20,1,2,1,0,1,0,20.0,,voiture,,5,2,1,2,6
201900043630,2019-12-09 16:55:00,2019,12,9,16,55,17,17028,RN 137,46.12645,-1.10716,Crépuscule ou aube,Hors agglomération,Hors intersection,Normale,Deux véhicules - arrière,2,3,4,0,1,1,1,0,1,90,2,3,1,0,0,2,64.0,67.0,voiture,voiture,2,1,1,1,2
201900043631,2019-11-07 18:30:00,2019,11,7,18,30,92,92004,DOCTEUR DERVAUX  ( QUAI DU ),48.9060351,2.2893524,Nuit avec éclairage allumé,En agglomération,Hors intersection,Normale,Trois véhicules et plus - en chaîne,3,-1,2,0,1,1,1,0,1,70,3,3,2,0,0,1,29.0,32.0,voiture,deux_roues,5,2,1,1,4
201900043632,2019-12-08 05:49:00,2019,12,8,5,49,974,97416,HUBERT DE LISLE(BOULEVARD),-21.34352,55.47476,Crépuscule ou aube,En agglomération,Hors intersection,Normale,Autre collision,4,3,2,0,1,1,1,0,1,50,1,1,0,0,1,0,38.0,,voiture,,2,2,1,1,6
201900043633,2019-12-09 07:40:00,2019,12,9,7,40,974,97407,ROUTE DU SACRE COEUR,-20.95249,55.30609,Plein jour,En agglomération,Hors intersection,Normale,Deux véhicules - arrière,2,2,3,0,2,1,1,0,1,70,2,3,1,0,2,0,51.0,54.0,voiture,deux_roues,1,2,1,1,2
201900043634,2019-12-09 21:20:00,2019,12,9,21,20,69,69259,CORSIERE (DE LA)                    (R ),45.69543,4.85911,Nuit avec éclairage allumé,En agglomération,Intersection en X,Autre,Deux véhicules - côté,3,2,2,0,1,1,2,0,1,50,2,3,1,0,0,2,53.0,18.0,voiture,deux_roues,5,2,2,9,3
201900043635,2019-12-09 15:45:00,2019,12,9,15,45,69,69199,JEAN JAURES                         (AV),45.713,4.855,Plein jour,En agglomération,Hors intersection,Pluie légère,Trois véhicules et plus - collisions multiples,3,2,2,2,1,1,2,0,1,50,3,3,2,0,0,1,33.0,53.0,voiture,voiture,1,2,1,2,5
201900043636,2019-12-09 16:50:00,2019,12,9,16,50,972,97213,ROUTE DEPARTEMENTALE 3,14.6149,-60.99229,Plein jour,Hors agglomération,Hors intersection,Normale,Deux véhicules - arrière,3,2,4,0,1,1,1,0,1,50,2,2,1,0,0,1,62.0,76.0,voiture,voiture,1,1,1,1,2
201900043637,2019-11-28 13:00:00,2019,11,28,13,0,972,97213,ROUTE NATIONALE 1,14.62025,-61.0017,Plein jour,En agglomération,Hors intersection,Normale,Deux véhicules - côté,2,2,2,0,1,1,1,0,1,50,2,2,1,0,0,1,25.0,37.0,voiture,voiture,1,2,1,1,3
201900043638,2019-12-09 18:45:00,2019,12,9,18,45,972,97209,ABATTOIR (RUE DE L'),14.60353,-61.07387,Nuit avec éclairage allumé,En agglomération,Hors intersection,Normale,Deux véhicules - frontale,4,1,3,3,1,1,1,2,6,50,2,2,1,0,0,1,62.0,,transport_commun,,5,2,1,1,1
201900043639,2019-12-02 12:11:00,2019,12,2,12,11,972,97209,BRISANTS (RUE DES),14.60119,-61.09012,Plein jour,En agglomération,Hors intersection,Normale,Sans collision,4,2,2,0,2,3,1,0,1,30,1,1,0,0,0,1,77.0,,voiture,,1,2,1,1,7
201900043640,2019-12-09 12:25:00,2019,12,9,12,25,69,69081,BON PASTEUR (DU)                  AV,45.78705,4.77734,Plein jour,En agglomération,Autre intersection,Pluie légère,Autre collision,4,-1,2,0,1,3,2,0,1,50,1,1,0,0,1,0,18.0,,voiture,,1,2,9,2,6
201900043641,2019-12-09 08:30:00,2019,12,9,8,30,69,69286,COTE CHEVALIER (DE LA)              (CH),45.80855,4.88311,Plein jour,En agglomération,Intersection en Y,Temps couvert,Deux véhicules - côté,4,2,2,0,2,2,2,9,1,50,2,2,1,0,0,1,33.0,71.0,voiture,voiture,1,2,4,8,3
201900043642,2019-12-09 07:45:00,2019,12,9,7,45,69,69385,CHAMPVERT (DE)                      (R ),45.76277,4.79534,Crépuscule ou aube,En agglomération,Hors intersection,Normale,Deux véhicules - côté,7,2,2,0,2,3,2,0,1,50,2,1,0,0,0,1,49.0,,deux_roues,,2,2,1,1,3
201900043643,2019-12-05 16:23:00,2019,12,5,16,23,971,97113,Section Port Blanc,16.2308,-61.4661,Plein jour,Hors agglomération,Hors intersection,Normale,Sans collision,4,2,2,0,1,3,1,0,8,50,1,2,0,0,0,2,67.0,,voiture,,1,1,1,1,7
201900043644,2019-12-07 21:03:00,2019,12,7,21,3,971,97113,SECTION LABROUSSE,16.22037,-61.51752,Nuit avec éclairage allumé,Hors agglomération,Hors intersection,Normale,Autre collision,4,2,1,0,1,1,1,0,1,70,1,1,0,0,0,1,,,,,5,1,1,1,6
201900043645,2019-12-07 04:05:00,2019,12,7,4,5,971,97113,Section Port Blanc,16.223727,-61.470102,Nuit avec éclairage allumé,Hors agglomération,Hors intersection,Normale,Autre collision,4,2,1,0,2,2,1,2,8,70,1,1,0,1,0,0,24.0,,voiture,,5,1,1,1,6
201900043646,2019-12-06 16:20:00,2019,12,6,16,20,971,97113,SECTION LABROUSSE,16.22082,-61.51569,Plein jour,Hors agglomération,Hors intersection,Normale,Deux véhicules - frontale,4,2,2,0,1,1,1,0,1,50,2,4,1,0,0,3,52.0,49.0,voiture,voiture,1,1,1,1,1
201900043647,2019-12-02 19:34:00,2019,12,2,19,34,971,97113,MONTAUBAN (SECTEUR),16.20791,-61.49981,Crépuscule ou aube,En agglomération,Hors intersection,Normale,Autre collision,3,-1,2,0,1,1,1,0,1,50,1,2,1,0,0,1,74.0,,voiture,,2,2,1,1,6
201900043648,2019-12-02 08:00:00,2019,12,2,8,0,971,97113,Chemin de la BOUAYE,16.21826,-61.49048,Plein jour,Hors agglomération,Hors intersection,Normale,Autre collision,4,2,2,0,1,2,2,8,1,70,1,2,0,0,0,2,67.0,,deux_roues,,1,1,1,1,6
201900043649,2019-12-09 07:45:00,2019,12,9,7,45,2A,2A004,SEBASTIANU COSTA BD,41.9417,8.7482,Plein jour,En agglomération,Hors intersection,Temps couvert,Autre collision,4,2,2,0,1,1,2,0,2,50,1,2,1,0,0,1,43.0,,deux_roues,,1,2,1,8,6
201900043650,2019-12-07 10:30:00,2019,12,7,10,30,91,91549,SAINT MICHEL (BOULEVARD),48.65021,2.30926,Plein jour,En agglomération,Intersection en X,Temps couvert,Deux véhicules - arrière,4,2,2,0,1,1,1,0,-1,50,2,2,1,0,0,1,27.0,90.0,voiture,voiture,1,2,2,8,2
201900043651,2019-12-08 18:50:00,2019,12,8,18,50,91,91223,GUETTARD (RUE J.E.),48.44342,2.16624,Nuit sans éclairage public,En agglomération,Hors intersection,Normale,Autre collision,4,2,2,0,2,1,2,0,1,50,1,2,1,0,0,1,18.0,,voiture,,3,2,1,1,6
201900043652,2019-12-09 08:40:00,2019,12,9,8,40,91,91201,HENRI BARBUSSE(BOULEVARD),48.67989,2.40977,Crépuscule ou aube,En agglomération,Hors intersection,Pluie légère,Autre collision,3,2,2,0,1,1,2,0,1,50,1,2,1,0,0,1,67.0,,voiture,,2,2,1,2,6
201900043653,2019-12-07 10:26:00,2019,12,7,10,26,87,87085,NEXON (RUE DE) RD 11,45.81108,1.25725,Plein jour,En agglomération,Giratoire,Pluie légère,Autre collision,3,2,2,0,1,3,2,5,1,50,2,2,1,0,0,1,81.0,34.0,voiture,deux_roues,1,2,6,2,6
201900043654,2019-12-06 18:15:00,2019,12,6,18,15,80,80021,ROCADE NORD RN 1,49.899409,2.37138,Nuit avec éclairage allumé,Hors agglomération,Hors intersection,Pluie légère,Deux véhicules - arrière,2,1,2,0,1,1,2,0,1,110,2,2,1,0,0,1,70.0,23.0,voiture,utilitaire_camion,5,1,1,2,2
201900043655,2019-12-06 17:30:00,2019,12,6,17,30,77,77491,D302 - FONTAINEBLEAU (AVENUE DE),48.37709,2.79472,Nuit avec éclairage allumé,En agglomération,Hors intersection,Pluie légère,Autre collision,3,2,2,0,1,1,2,9,1,50,1,2,1,0,1,0,54.0,,voiture,,5,2,1,2,6
201900043656,2019-12-09 00:40:00,2019,12,9,0,40,77,77306,D.57,48.60018,2.67576,Nuit sans éclairage public,Hors agglomération,Hors intersection,Pluie légère,Autre collision,3,2,2,0,1,1,2,0,1,80,1,5,0,0,1,4,15.0,,voiture,,3,1,1,2,6
201900043657,2019-12-06 18:50:00,2019,12,6,18,50,76,76540,CORNEILLE. PONT PIERRE,49.43584,1.0956,Nuit avec éclairage allumé,En agglomération,Hors intersection,Normale,Autre collision,4,2,2,3,1,1,2,2,1,50,1,2,1,0,0,1,56.0,,transport_commun,,5,2,1,1,6
201900043658,2019-12-06 12:15:00,2019,12,6,12,15,76,76540,SAINT JULIEN. RUE,49.42452,1.07105,Plein jour,En agglomération,Intersection en X,Normale,Deux véhicules - côté,4,-1,2,0,1,1,1,0,1,50,2,2,1,0,0,1,52.0,35.0,voiture,deux_roues,1,2,2,1,3
201900043659,2019-12-09 08:35:00,2019,12,9,8,35,74,74008,JURA (RUE DU),46.19598,6.22748,Plein jour,En agglomération,Hors intersection,Normale,Autre collision,4,2,2,0,1,1,1,0,2,30,1,2,1,0,0,1,52.0,,transport_commun,,1,2,1,1,6
201900043660,2019-12-09 18:35:00,2019,12,9,18,35,73,73065,BOISSE (AVENUE DE LA),45.5817586,5.9112275,Nuit avec éclairage allumé,En agglomération,Hors intersection,Pluie forte,Autre collision,4,2,2,0,1,1,3,0,1,50,1,2,1,0,0,1,52.0,,voiture,,5,2,1,3,6