accident_id,datetime,annee,mois,jour,heure,minute,departement,commune_insee,adresse,latitude,longitude,luminosite,agglomeration,intersection,meteo,collision,catr,circ,nbv,vosp,prof,plan,surf,infra,situ,vma,nb_vehicules,nb_usagers,nb_indemnes,nb_tues,nb_blesses_hosp,nb_blesses_legers,age_cond_1,age_cond_2,veh_type_cond_1,veh_type_cond_2,lum_code,agg_code,int_code,atm_code,col_code
201900043932,2019-06-05 09:00:00,2019,6,5,9,0,69,69387,BERTHELOT                           (AV),45.74779,4.8336,Plein jour,En agglomération,Intersection en X,Normale,Deux véhicules - côté,4,1,2,0,1,1,1,0,1,50,2,2,1,0,0,1,29.0,29.0,voiture,deux_roues,1,2,2,1,3
201900043933,2019-06-05 02:00:00,2019,6,5,2,0,69,69383,SERVIENT                            (R ),45.76047,4.85066,Nuit avec éclairage allumé,En agglomération,Intersection en X,Normale,Deux véhicules - côté,4,1,2,3,1,1,1,9,1,50,2,3,1,0,0,2,28.0,22.0,voiture,deux_roues,5,2,2,1,3
201900043934,2019-06-01 12:20:00,2019,6,1,12,20,69,69259,AMBROISE CROIZAT                    (BD),45.70265,4.88772,Plein jour,En agglomération,Hors intersection,Normale,Deux véhicules - côté,4,3,4,0,1,1,1,0,1,50,2,2,1,0,0,1,49.0,38.0,voiture,deux_roues,1,2,1,1,3
201900043935,2019-05-30 15:45:00,2019,5,30,15,45,69,69383,FELIX FAURE                         (AV),45.75316,4.8549,Plein jour,En agglomération,Hors intersection,Normale,Deux véhicules - côté,4,2,0,1,1,1,1,0,1,30,2,1,0,0,1,0,83.0,,deux_roues,,1,2,1,1,3
201900043936,2019-05-30 16:45:00,2019,5,30,16,45,69,69383,LAFAYETTE                           (CO),45.76362,4.86684,Plein jour,En agglomération,Hors intersection,Normale,Autre collision,4,1,4,2,1,1,1,0,1,50,2,4,3,0,0,1,45.0,13.0,voiture,deux_roues,1,2,1,1,6
201900043937,2019-05-29 23:00:00,2019,5,29,23,0,69,69386,THIERS                              (AV),45.763656,4.861697,Nuit avec éclairage allumé,En agglomération,Intersection en X,Normale,Autre collision,4,2,2,0,1,1,1,5,1,50,1,2,1,0,0,1,75.0,,voiture,,5,2,2,1,6
201900043938,2019-05-30 03:00:00,2019,5,30,3,0,69,69383,EUGENIE                             (CO),45.74886,4.88718,Nuit avec éclairage allumé,En agglomération,Intersection en X,Normale,Deux véhicules - côté,4,2,2,0,1,1,1,5,1,50,2,1,0,0,0,1,17.0,,deux_roues,,5,2,2,1,3
201900043939,2019-06-16 20:10:00,2019,6,16,20,10,972,97213,ROUTE DEPARTEMENTALE 3,14.60527,-60.99805,Nuit sans éclairage public,En agglomération,Hors intersection,Normale,Deux véhicules - frontale,3,2,2,0,1,4,1,0,1,50,2,2,0,0,0,2,81.0,30.0,voiture,voiture,3,2,1,1,1
201900043940,2019-06-07 15:15:00,2019,6,7,15,15,972,97213,FLORAINDRE ( RUE DE),14.618658,-61.000637,Plein jour,En agglomération,Hors intersection,Normale,Deux véhicules - frontale,4,2,2,0,1,1,1,9,1,50,2,2,1,0,0,1,42.0,35.0,voiture,deux_roues,1,2,1,1,1
201900043941,2019-06-15 18:40:00,2019,6,15,18,40,972,97213,ROUTE NATIONALE 1,14.657197,-60.97241,Nuit avec éclairage allumé,En agglomération,Hors intersection,Normale,Deux véhicules - arrière,1,1,3,3,1,1,1,0,1,90,2,2,1,0,1,0,21.0,33.0,voiture,voiture,5,2,1,1,2
201900043942,2019-06-15 04:39:00,2019,6,15,4,39,972,97213,ROUTE NATIONALE 5,14.59415,-60.98383,Nuit avec éclairage non allumé,Hors agglomération,Hors intersection,Pluie légère,Autre collision,2,3,5,0,1,3,2,0,3,70,2,5,0,2,0,3,34.0,21.0,voiture,voiture,4,1,1,2,6
201900043943,2019-06-13 10:35:00,2019,6,13,10,35,972,97213,ERNEST ANDRE (RUE),14.616063,-61.001616,Plein jour,En agglomération,Hors intersection,Normale,Deux véhicules - arrière,4,1,1,0,2,1,1,6,1,50,2,2,1,0,0,1,28.0,58.0,voiture,voiture,1,2,1,1,2
201900043944,2019-06-08 04:10:00,2019,6,8,4,10,972,97213,AUTOROUTE A1,14.618069,-61.033476,Nuit avec éclairage allumé,Hors agglomération,Hors intersection,Pluie forte,Autre collision,1,1,4,0,1,1,2,0,1,90,1,1,0,0,0,1,52.0,,utilitaire_camion,,5,1,1,3,6
201900043945,2019-06-03 07:10:00,2019,6,3,7,10,972,97213,ROUTE DEPARTEMENTALE 3 BIS,14.64828,-60.98792,Plein jour,Hors agglomération,Autre intersection,Normale,Deux véhicules - côté,3,2,2,0,1,1,1,0,1,70,2,2,1,0,0,1,20.0,34.0,voiture,voiture,1,1,9,1,3
201900043946,2019-06-03 21:50:00,2019,6,3,21,50,972,97213,AUTOROUTE A1,14.61819,-61.03365,Nuit sans éclairage public,Hors agglomération,Hors intersection,Normale,Trois véhicules et plus - en chaîne,1,1,4,3,1,1,1,0,1,90,3,3,2,0,0,1,58.0,50.0,voiture,voiture,3,1,1,1,4
201900043947,2019-06-01 23:35:00,2019,6,1,23,35,972,97213,ROUTE DEPARTEMENTALE 14,14.64452,-61.02323,Nuit avec éclairage non allumé,Hors agglomération,Intersection en T,Pluie légère,Deux véhicules - côté,3,2,2,0,1,1,2,0,1,50,2,3,2,0,0,1,20.0,48.0,voiture,voiture,4,1,3,2,3
201900043948,2019-06-01 02:55:00,2019,6,1,2,55,972,97213,ROUTE DEPARTEMENTALE 14 BIS,14.62027,-61.01769,Nuit avec éclairage allumé,Hors agglomération,Hors intersection,Pluie légère,Sans collision,3,2,1,0,4,1,1,0,1,50,1,1,0,0,0,1,22.0,,voiture,,5,1,1,2,7
201900043949,2019-05-31 07:39:00,2019,5,31,7,39,972,97213,MORNE PITAULT (ROUTE DE),14.60772,-60.94855,Plein jour,Hors agglomération,Hors intersection,Pluie légère,Deux véhicules - frontale,2,2,2,0,2,4,2,0,2,50,2,2,1,0,0,1,52.0,47.0,voiture,voiture,1,1,1,2,1
201900043950,2019-06-11 07:15:00,2019,6,11,7,15,972,97209,BISHOP (Avenue Maurice),14.61405,-61.05181,Plein jour,En agglomération,Giratoire,Normale,Autre collision,1,2,4,3,1,1,1,3,1,50,2,12,2,0,0,10,38.0,60.0,transport_commun,utilitaire_camion,1,2,6,1,6
201900043951,2019-06-09 20:55:00,2019,6,9,20,55,972,97209,Bretelle sortie A1,14.614,-61.0513,Nuit avec éclairage allumé,En agglomération,Intersection en T,Normale,Deux véhicules - côté,1,1,3,0,1,1,1,0,1,50,2,4,2,0,0,2,27.0,23.0,transport_commun,voiture,5,2,3,1,3
201900043952,2019-06-06 09:50:00,2019,6,6,9,50,972,97209,BISHOP (Avenue Maurice),14.607,-61.057,Plein jour,En agglomération,Giratoire,Normale,Autre collision,2,3,6,3,1,1,1,0,1,50,2,3,1,0,0,2,64.0,,voiture,,1,2,6,1,6
201900043953,2019-06-04 16:35:00,2019,6,4,16,35,972,97209,MOUTTE (ROUTE DE),14.61821,-61.05672,Plein jour,En agglomération,Hors intersection,Normale,Sans collision,4,2,2,0,2,1,1,0,1,50,1,1,0,0,0,1,69.0,,voiture,,1,2,1,1,7
201900043954,2019-06-03 16:35:00,2019,6,3,16,35,972,97209,RAVINE VILAINE (CHEMIN DEPARTEMENTAL DE),14.6419,-61.0592,Plein jour,Hors agglomération,Autre intersection,Normale,Deux véhicules - frontale,3,2,2,0,1,1,1,0,1,50,2,2,1,0,0,1,31.0,52.0,deux_roues,voiture,1,1,9,1,1
201900043955,2019-06-01 08:20:00,2019,6,1,8,20,972,97209,GENERAL DE GAULLE (BLD DU),14.60721,-61.06675,Plein jour,En agglomération,Hors intersection,Pluie légère,Autre collision,2,2,4,0,1,1,2,0,1,50,1,2,1,0,1,0,35.0,,voiture,,1,2,1,2,6
201900043956,2019-06-01 03:25:00,2019,6,1,3,25,972,97209,RD 41 (ROCADE),14.61103,-61.06511,Nuit sans éclairage public,En agglomération,Hors intersection,Temps couvert,Autre collision,3,3,6,0,2,4,2,0,1,60,2,3,2,0,1,0,29.0,,voiture,,3,2,1,8,6
201900043957,2019-05-31 12:40:00,2019,5,31,12,40,972,97209,AUTOROUTE (A1),14.6183,-61.0377,Plein jour,Hors agglomération,Hors intersection,Temps couvert,Deux véhicules - arrière,1,3,6,3,2,1,1,0,1,90,2,3,2,0,1,0,47.0,19.0,voiture,deux_roues,1,1,1,8,2
201900043958,2019-05-31 08:10:00,2019,5,31,8,10,972,97209,REDOUTE (ROUTE DE LA),14.63403,-61.05369,Plein jour,En agglomération,Hors intersection,Pluie légère,Sans collision,4,3,2,0,1,1,2,0,1,50,1,1,0,0,0,1,30.0,,voiture,,1,2,1,2,7
201900043959,2019-06-17 10:20:00,2019,6,17,10,20,69,69389,GRANGE (DE LA)                      (R ),45.7688478,4.8048003,Plein jour,En agglomération,Hors intersection,Normale,Deux véhicules - frontale,7,1,1,2,2,1,1,0,1,50,2,3,2,0,0,1,41.0,16.0,voiture,deux_roues,1,2,1,1,1
201900043960,2019-06-16 23:10:00,2019,6,16,23,10,69,69382,VERDUN GENSOUL                      (VO),45.75087,4.82413,Nuit avec éclairage allumé,En agglomération,Hors intersection,Normale,Deux véhicules - côté,4,1,5,3,1,1,1,0,1,50,2,3,2,0,0,1,23.0,24.0,deux_roues,deux_roues,5,2,1,1,3
201900043961,2019-06-16 13:00:00,2019,6,16,13,0,69,69385,TRAMASSAC                           (R ),45.7602,4.8256,Plein jour,En agglomération,Intersection en T,Normale,Autre collision,4,2,2,0,1,1,1,0,1,50,1,2,1,0,0,1,39.0,,voiture,,1,2,3,1,6
201900043962,2019-06-15 22:55:00,2019,6,15,22,55,69,69389,SERGENT MICHEL BERTHET (DU)         (R ),45.76729,4.80547,Nuit avec éclairage allumé,En agglomération,Hors intersection,Pluie légère,Autre collision,4,2,4,3,2,1,2,0,1,50,1,2,1,0,1,0,21.0,,deux_roues,,5,2,1,2,6
201900043963,2019-06-15 05:20:00,2019,6,15,5,20,69,69389,JAYR                                (QU),45.7746599,4.8087126,Crépuscule ou aube,En agglomération,Hors intersection,Normale,Autre collision,4,1,1,1,1,1,2,0,1,50,1,1,0,0,0,1,,,,,2,2,1,1,6
201900043964,2019-06-14 06:00:00,2019,6,14,6,0,69,69034,BELLEVUE (TUNNEL) - (QU BELLEVUE COU(XX),45.78769,4.8529,Plein jour,En agglomération,Hors intersection,Normale,Deux véhicules - arrière,7,1,2,0,1,1,1,1,1,70,2,3,0,0,0,3,36.0,37.0,voiture,voiture,1,2,1,1,2
201900043965,2019-06-11 10:45:00,2019,6,11,10,45,69,69034,COSTE                               (R ),45.78566,4.83344,Plein jour,En agglomération,Intersection en T,Pluie légère,Autre collision,4,2,2,3,1,1,2,0,1,50,1,2,1,0,0,1,66.0,,voiture,,1,2,3,2,6
201900043966,2019-06-11 18:50:00,2019,6,11,18,50,69,69385,FAVORITE (DE LA )                   (R ),45.7567645,4.8086517,Plein jour,En agglomération,Hors intersection,Temps couvert,Deux véhicules - côté,4,2,2,0,2,1,1,0,1,50,2,2,1,0,1,0,22.0,59.0,deux_roues,voiture,1,2,1,8,3
201900043967,2019-06-11 15:50:00,2019,6,11,15,50,69,69389,MARIETTON                           (R ),45.77494,4.79427,Plein jour,En agglomération,Hors intersection,Pluie légère,Deux véhicules - arrière,4,2,4,0,1,1,2,5,1,50,2,2,1,0,0,1,32.0,41.0,voiture,deux_roues,1,2,1,2,2
201900043968,2019-06-11 14:40:00,2019,6,11,14,40,69,69389,BALMONT (DE)                        (BD),45.7898111,4.7974706,Plein jour,En agglomération,Intersection en X,Pluie légère,Deux véhicules - côté,4,2,2,0,1,1,2,0,1,50,2,3,2,0,0,1,33.0,60.0,voiture,voiture,1,2,2,2,3
201900043969,2019-06-10 01:20:00,2019,6,10,1,20,69,69389,ROGER SALENGRO                      (R ),45.77803,4.80567,Nuit avec éclairage allumé,En agglomération,Intersection en T,Normale,Deux véhicules - côté,4,2,2,0,1,1,2,0,1,50,2,2,1,0,1,0,21.0,22.0,deux_roues,voiture,5,2,3,1,3
201900043970,2019-06-09 04:00:00,2019,6,9,4,0,69,69286,EUROPE (DE L')                      (AV),45.8167219,4.8998219,Nuit avec éclairage allumé,En agglomération,Hors intersection,Normale,Autre collision,4,1,1,0,2,2,2,0,1,50,1,2,1,0,0,1,23.0,,voiture,,5,2,1,1,6
201900043971,2019-06-09 18:25:00,2019,6,9,18,25,69,69382,GENTIL                              (R ),45.76498,4.83683,Plein jour,En agglomération,Intersection en X,Pluie forte,Deux véhicules - côté,4,1,1,0,1,1,2,0,1,50,2,2,1,0,0,1,29.0,21.0,voiture,deux_roues,1,2,2,3,3
201900043972,2019-05-24 21:30:00,2019,5,24,21,30,69,69382,GRENETTE                            (R ),45.76338,4.83368,Nuit avec éclairage allumé,En agglomération,Hors intersection,Normale,Autre collision,4,1,2,0,1,1,1,0,1,30,1,1,0,0,1,0,,,,,5,2,1,1,6
201900043973,2019-06-07 08:15:00,2019,6,7,8,15,69,69389,SERGENT MICHEL BERTHET (DU)         (R ),45.76703,4.80552,Plein jour,En agglomération,Hors intersection,Normale,Deux véhicules - arrière,4,1,2,1,2,1,1,0,1,50,2,2,1,0,0,1,49.0,49.0,voiture,voiture,1,2,1,1,2
201900043974,2019-06-07 08:01:00,2019,6,7,8,1,69,69385,PIERRE SCIZE                        (QU),45.7673708,4.8266995,Plein jour,En agglomération,Hors intersection,Normale,Deux véhicules - frontale,4,2,2,1,1,4,1,0,1,50,2,2,0,0,0,2,26.0,37.0,deux_roues,deux_roues,1,2,1,1,1
201900043975,2019-06-06 15:15:00,2019,6,6,15,15,69,69389,GEORGES CLEMENCEAU                  (PT),45.774851,4.8091959,Plein jour,En agglomération,Autre intersection,Normale,Trois véhicules et plus - collisions multiples,7,2,5,3,1,1,1,0,1,50,3,3,2,0,0,1,27.0,46.0,voiture,deux_roues,1,2,9,1,5
201900043976,2019-06-06 12:10:00,2019,6,6,12,10,69,69382,CHARLEMAGNE                         (CO),45.7390341,4.8176278,Plein jour,En agglomération,Autre intersection,Normale,Deux véhicules - côté,4,1,1,0,1,1,1,0,1,50,2,2,1,0,0,1,28.0,31.0,voiture,deux_roues,1,2,9,1,3
201900043977,2019-06-06 10:50:00,2019,6,6,10,50,69,69382,GROLEE                              (R ),45.76139,4.83698,Plein jour,En agglomération,Hors intersection,Normale,Autre collision,4,1,2,3,1,1,1,0,1,50,1,2,1,0,1,0,43.0,,voiture,,1,2,1,1,6
201900043978,2019-06-05 13:15:00,2019,6,5,13,15,69,69081,FRANKLIN ROOSEVELT        AV,45.76634,4.7693,Plein jour,En agglomération,Intersection en X,Normale,Deux véhicules - côté,3,2,8,0,1,1,1,0,1,50,2,2,1,0,0,1,31.0,55.0,voiture,voiture,1,2,2,1,3
201900043979,2019-06-04 12:00:00,2019,6,4,12,0,69,69382,CHARITE (DE LA)                     (R ),45.75633,4.83345,Plein jour,En agglomération,Hors intersection,Normale,Deux véhicules - arrière,4,1,2,0,1,3,1,0,1,50,2,2,1,0,0,1,26.0,60.0,voiture,deux_roues,1,2,1,1,2
201900043980,2019-06-03 18:50:00,2019,6,3,18,50,69,69286,DE LATTRE DE TASSIGNY      (BD),45.8132,4.9051,Plein jour,En agglomération,Autre intersection,Normale,Deux véhicules - côté,7,2,0,0,2,3,1,0,1,50,2,2,1,0,0,1,25.0,,voiture,,1,2,9,1,3
201900043981,2019-05-31 20:40:00,2019,5,31,20,40,69,69385,DEBROUSSE                           (AV),45.75084,4.81438,Plein jour,En agglomération,Intersection en X,Normale,Deux véhicules - côté,4,1,2,0,2,2,1,0,1,50,2,3,2,0,0,1,41.0,23.0,voiture,voiture,1,2,2,1,3
201900043982,2019-06-01 08:25:00,2019,6,1,8,25,69,69389,TUILERIES (DES)                     (R ),45.771725,4.8022519,Plein jour,En agglomération,Hors intersection,Normale,Autre collision,4,1,1,0,1,1,1,8,1,50,1,2,1,0,0,1,35.0,,voiture,,1,2,1,1,6
201900043983,2019-05-31 16:15:00,2019,5,31,16,15,69,69382,BELLECOUR                           (PL),45.75819,4.83326,Plein jour,En agglomération,Hors intersection,Temps éblouissant,Trois véhicules et plus - collisions multiples,7,1,2,3,1,1,1,0,1,50,3,3,2,0,0,1,54.0,16.0,voiture,deux_roues,1,2,1,7,5
201900043984,2019-05-31 08:10:00,2019,5,31,8,10,69,69034,STRASBOURG (DE)                     (RO),45.79102,4.86072,Plein jour,En agglomération,Giratoire,Normale,Deux véhicules - côté,4,1,2,0,1,1,1,2,1,50,2,2,1,0,0,1,26.0,40.0,utilitaire_camion,utilitaire_camion,1,2,6,1,3
201900043985,2019-05-30 10:55:00,2019,5,30,10,55,69,69389,GORGE DE LOUP                       (R ),45.769453,4.8009328,Plein jour,En agglomération,Intersection en X,Normale,Deux véhicules - côté,7,2,2,0,1,1,1,5,1,50,2,6,5,0,0,1,38.0,38.0,voiture,deux_roues,1,2,2,1,3
201900043986,2019-05-29 11:45:00,2019,5,29,11,45,69,69202,COMMANDANT CHARCOT (DU)             (R ),45.74679,4.78905,Plein jour,En agglomération,Hors intersection,Normale,Sans collision,4,2,2,0,1,1,1,0,2,50,1,1,0,0,0,1,17.0,,deux_roues,,1,2,1,1,7
201900043987,2019-06-15 18:55:00,2019,6,15,18,55,2B,2B033,TOUTES RUES,42.68189,9.43887,Plein jour,En agglomération,Hors intersection,Normale,Autre collision,4,2,2,0,2,1,1,0,1,50,1,2,1,0,0,1,48.0,,voiture,,1,2,1,1,6
201900043988,2019-05-12 11:10:00,2019,5,12,11,10,2B,2B033,DANESI - BLD BENOITE,42.69542,9.44058,Plein jour,En agglomération,Hors intersection,Normale,Deux véhicules - côté,3,2,2,0,2,2,2,0,1,50,2,2,1,0,0,1,65.0,55.0,deux_roues,voiture,1,2,1,1,3
201900043989,2019-06-09 06:45:00,2019,6,9,6,45,2B,2B033,ST FLORENT-ANCIENNE RT DE,42.68515,9.41647,Plein jour,Hors agglomération,Hors intersection,Normale,Sans collision,3,2,2,0,2,3,1,0,1,50,1,2,0,0,0,2,,,,,1,1,1,1,7
201900043990,2019-06-06 21:30:00,2019,6,6,21,30,2B,2B120,11 - RT,42.64,9.44,Nuit avec éclairage allumé,En agglomération,Hors intersection,Normale,Deux véhicules - arrière,2,1,2,0,1,1,1,0,1,80,2,2,1,0,0,1,22.0,45.0,deux_roues,voiture,5,2,1,1,2
201900043991,2019-06-06 17:05:00,2019,6,6,17,5,2B,2B033,TUNNEL,42.69498,9.45217,Nuit avec éclairage allumé,En agglomération,Hors intersection,Normale,Trois véhicules et plus - en chaîne,2,2,2,0,2,1,1,1,1,50,3,3,2,0,0,1,34.0,52.0,voiture,voiture,5,2,1,1,4
201900043992,2019-05-30 15:05:00,2019,5,30,15,5,2B,2B120,LAGUNE (Route de la) D107,42.6433,9.4568,Plein jour,Hors agglomération,Autre intersection,Normale,Deux véhicules - côté,4,2,2,0,1,3,1,0,1,70,2,4,2,0,1,1,52.0,15.0,deux_roues,deux_roues,1,1,9,1,3
201900043993,2019-06-11 10:40:00,2019,6,11,10,40,971,97101,STADE,16.26936,-61.5064,Plein jour,En agglomération,Autre intersection,Normale,Deux véhicules - côté,4,2,0,0,1,1,1,0,1,50,2,3,1,0,1,1,49.0,51.0,deux_roues,voiture,1,2,9,1,3
201900043994,2019-06-05 20:15:00,2019,6,5,20,15,971,97105,BOLOGNE (ROUTE DE),16.0053,-61.73974,Nuit avec éclairage allumé,En agglomération,Giratoire,Normale,Deux véhicules - arrière,2,-1,2,0,1,2,1,9,1,50,2,2,1,0,0,1,64.0,28.0,deux_roues,voiture,5,2,6,1,2
201900043995,2019-06-15 09:35:00,2019,6,15,9,35,2A,2A004,T21,41.9298724,8.7571599,Plein jour,En agglomération,Autre intersection,Normale,Deux véhicules - côté,2,1,2,0,1,3,1,0,1,50,2,2,1,0,1,0,49.0,64.0,deux_roues,voiture,1,2,9,1,3
201900043996,2019-06-14 21:47:00,2019,6,14,21,47,2A,2A004,NAPOLEON COURS APRES BEVERINI,41.9206997,8.7371431,Nuit avec éclairage allumé,En agglomération,Intersection en T,Normale,Autre collision,2,2,2,0,1,1,1,0,1,50,1,2,0,0,1,1,64.0,,deux_roues,,5,2,3,1,6
201900043997,2019-06-13 17:50:00,2019,6,13,17,50,2A,2A004,NICOLI JEAN COURS,41.9333026,8.7431787,Plein jour,En agglomération,Hors intersection,Normale,Deux véhicules - arrière,2,2,4,0,1,1,1,0,1,50,2,2,1,0,1,0,47.0,62.0,utilitaire_camion,deux_roues,1,2,1,1,2
201900043998,2019-06-10 19:00:00,2019,6,10,19,0,2A,2A004,T22,41.947842,8.7643666,Plein jour,En agglomération,Hors intersection,Normale,Deux véhicules - arrière,2,2,2,0,2,1,1,0,1,50,2,2,1,0,1,0,51.0,49.0,voiture,deux_roues,1,2,1,1,2
201900043999,2019-06-07 19:05:00,2019,6,7,19,5,2A,2A004,ILES SANGUINAIRES ROUTE DES,41.9134296,8.7277297,Plein jour,Hors agglomération,Hors intersection,Normale,Deux véhicules - côté,3,2,2,0,1,4,1,0,1,50,2,2,1,0,0,1,26.0,26.0,deux_roues,voiture,1,1,1,1,3
201900044000,2019-06-05 13:58:00,2019,6,5,13,58,2A,2A004,CALVI  ROUTE,41.9585012,8.7806493,Plein jour,En agglomération,Intersection en T,Normale,Trois véhicules et plus - en chaîne,3,2,2,0,1,1,1,0,1,50,3,4,1,0,0,3,36.0,29.0,voiture,voiture,1,2,3,1,4
201900044001,2019-06-03 23:55:00,2019,6,3,23,55,2A,2A004,MEZZAVIA ROUTE DE,41.9485848,8.7660403,Nuit avec éclairage non allumé,En agglomération,Hors intersection,Normale,Autre collision,2,2,2,0,2,2,1,0,1,50,1,1,0,0,1,0,31.0,,deux_roues,,4,2,1,1,6
201900044002,2019-05-16 18:00:00,2019,5,16,18,0,95,95585,VALERY (AVEUE PAUL),48.97979,2.37635,Plein jour,En agglomération,Hors intersection,Normale,Deux véhicules - côté,4,2,2,0,1,1,1,5,1,50,2,3,1,0,0,2,85.0,52.0,voiture,deux_roues,1,2,1,1,3
201900044003,2019-06-12 11:00:00,2019,6,12,11,0,95,95585,BROSSELETTE (RUE PIERRE),48.99316,2.3768,Plein jour,En agglomération,Hors intersection,Normale,Autre collision,4,2,2,0,1,1,1,0,1,30,1,2,1,0,0,1,24.0,,voiture,,1,2,1,1,6
201900044004,2019-06-09 14:20:00,2019,6,9,14,20,95,95680,ENTREPRENEURS (AVENUE DES),48.9996475,2.390865,Plein jour,En agglomération,Hors intersection,Normale,Autre collision,4,2,2,0,1,1,1,9,1,30,1,2,1,0,0,1,26.0,,voiture,,1,2,1,1,6
201900044005,2019-06-07 17:00:00,2019,6,7,17,0,95,95268,AV DU GENERAL DE GAULLE,48.9745275,2.3986009,Plein jour,En agglomération,Intersection en T,Pluie légère,Trois véhicules et plus - collisions multiples,3,-1,4,0,1,1,1,0,1,50,3,4,2,0,0,2,18.0,33.0,voiture,voiture,1,2,3,2,5
201900044006,2019-06-14 05:45:00,2019,6,14,5,45,95,95277,ARSONVAL (RUE D'),48.9903,2.45723,Crépuscule ou aube,En agglomération,Hors intersection,Normale,Autre collision,3,3,5,3,2,1,1,0,1,50,1,2,1,0,1,0,52.0,,utilitaire_camion,,2,2,1,1,6
201900044007,2019-06-15 18:45:00,2019,6,15,18,45,95,95607,HERBLAY (RUE D',49.01894,2.21255,Plein jour,En agglomération,Intersection en T,Normale,Deux véhicules - côté,3,2,3,0,1,1,1,0,1,50,2,5,4,0,1,0,18.0,70.0,voiture,deux_roues,1,2,3,1,3
201900044008,2019-05-18 09:00:00,2019,5,18,9,0,95,95197,CDT MANOUKIAN (AVENUE DU),48.9755138,2.33711,Plein jour,En agglomération,Hors intersection,Normale,Autre collision,4,-1,2,0,1,2,1,0,1,50,1,2,1,0,0,1,39.0,,voiture,,1,2,1,1,6
201900044009,2019-06-04 18:00:00,2019,6,4,18,0,95,95598,AVENUE KELLERMANN   ,48.9814,2.29249,Plein jour,En agglomération,Intersection en T,Normale,Deux véhicules - côté,3,2,2,0,1,1,1,0,1,50,2,2,1,0,1,0,23.0,29.0,deux_roues,transport_commun,1,2,3,1,3
201900044010,2019-06-15 15:30:00,2019,6,15,15,30,95,95018,NONNAISE (RUE DE LA),48.95428,2.2409,Plein jour,En agglomération,Intersection en T,Normale,Trois véhicules et plus - collisions multiples,4,2,2,0,1,1,1,0,1,50,3,3,2,0,1,0,29.0,52.0,voiture,voiture,1,2,3,1,5
201900044011,2019-06-14 09:25:00,2019,6,14,9,25,95,95018,ROLLAND (ALLEE ET PLACE ROMAI,48.95084,2.23107,Plein jour,En agglomération,Intersection en T,Normale,Deux véhicules - frontale,4,1,1,0,1,1,1,9,1,30,2,2,1,0,1,0,25.0,67.0,voiture,deux_roues,1,2,3,1,1
201900044012,2019-06-14 20:20:00,2019,6,14,20,20,91,91589,PERI (AVENUE GABRIEL),48.69113,2.35031,Plein jour,En agglomération,Intersection en X,Normale,Deux véhicules - côté,4,2,2,0,1,1,1,0,1,50,2,2,1,0,0,1,12.0,45.0,deux_roues,voiture,1,2,2,1,3
201900044013,2019-06-07 03:00:00,2019,6,7,3,0,91,91589,BELGES (BOULEVARD DES),48.69833,2.3542,Nuit avec éclairage allumé,En agglomération,Hors intersection,Normale,Sans collision,4,1,1,0,1,1,1,0,3,50,1,1,0,0,0,1,37.0,,voiture,,5,2,1,1,7
201900044014,2019-06-05 15:30:00,2019,6,5,15,30,91,91549,GABRIEL PERI (AVENUE),48.6471072,2.327744,Plein jour,En agglomération,Hors intersection,Pluie légère,Autre collision,4,2,2,0,2,1,2,0,1,30,1,2,1,0,0,1,70.0,,voiture,,1,2,1,2,6
201900044015,2019-05-31 10:28:00,2019,5,31,10,28,91,91477,GUTEMBERG (RUE),48.7111,2.2482,Plein jour,En agglomération,Hors intersection,Normale,Deux véhicules - arrière,4,2,2,0,1,1,1,0,1,50,2,2,1,0,0,1,75.0,19.0,voiture,voiture,1,2,1,1,2
201900044016,2019-06-17 09:40:00,2019,6,17,9,40,91,91421,JEAN JAURES (AVENUE),48.7156,2.447,Plein jour,En agglomération,Intersection en T,Normale,Deux véhicules - frontale,4,2,2,0,1,1,1,0,3,50,2,3,2,1,0,0,50.0,44.0,deux_roues,voiture,1,2,3,1,1
201900044017,2019-06-14 12:00:00,2019,6,14,12,0,91,91421,REPUBLIQUE (AVENUE DE LA),48.70017,2.46768,Plein jour,En agglomération,Hors intersection,Normale,Autre collision,4,1,1,1,1,1,1,0,1,30,1,2,1,0,0,1,61.0,,utilitaire_camion,,1,2,1,1,6
201900044018,2019-06-13 05:30:00,2019,6,13,5,30,91,91421,NATIONALE 6 (PARTIE FORET),48.68373,2.4895,Plein jour,Hors agglomération,Hors intersection,Normale,Deux véhicules - arrière,2,1,0,0,1,1,1,0,1,50,2,2,1,0,0,1,46.0,23.0,voiture,autre,1,1,1,1,2
201900044019,2019-06-08 08:05:00,2019,6,8,8,5,91,91691,GABRIEL PERI(RUE) DU N°124 AU N°183,48.69992,2.48656,Plein jour,En agglomération,Intersection en X,Normale,Deux véhicules - côté,4,1,1,2,1,1,1,0,1,30,2,2,1,0,0,1,59.0,43.0,deux_roues,voiture,1,2,2,1,3