accident_id,datetime,annee,mois,jour,heure,minute,departement,commune_insee,adresse,latitude,longitude,luminosite,agglomeration,intersection,meteo,collision,catr,circ,nbv,vosp,prof,plan,surf,infra,situ,vma,nb_vehicules,nb_usagers,nb_indemnes,nb_tues,nb_blesses_hosp,nb_blesses_legers,age_cond_1,age_cond_2,veh_type_cond_1,veh_type_cond_2,lum_code,agg_code,int_code,atm_code,col_code
201900044020,2019-06-17 07:00:00,2019,6,17,7,0,91,91161,LONGJUMEAU (route de),48.70944,2.29746,Plein jour,En agglomération,Autre intersection,Normale,Deux véhicules - côté,3,-1,2,1,1,1,1,0,1,50,2,2,1,0,0,1,60.0,28.0,deux_roues,voiture,1,2,9,1,3
201900044021,2019-06-05 07:45:00,2019,6,5,7,45,91,91161,PIERRE BROSSOLETTE (AVENUE),48.6996369,2.3116379,Plein jour,En agglomération,Hors intersection,Pluie légère,Sans collision,3,3,2,0,2,1,2,0,3,50,1,1,0,0,0,1,31.0,,deux_roues,,1,2,1,2,7
201900044022,2019-06-08 13:20:00,2019,6,8,13,20,91,91687,GENERAL DE GAULLE (AVENUE DU),48.68151,2.378749,Plein jour,En agglomération,Autre intersection,Pluie légère,Trois véhicules et plus - en chaîne,2,1,6,0,2,1,1,1,3,50,3,5,2,0,0,3,22.0,21.0,autre,autre,1,2,9,2,4
201900044023,2019-06-09 13:48:00,2019,6,9,13,48,91,91223,R.N.20,48.417537,2.131384,Plein jour,Hors agglomération,Hors intersection,Normale,Sans collision,2,3,4,0,1,1,1,0,3,90,1,1,0,0,0,1,23.0,,deux_roues,,1,1,1,1,7
201900044024,2019-06-08 19:30:00,2019,6,8,19,30,91,91433,PONTS (RUE DES),48.45009,2.17561,Plein jour,En agglomération,Hors intersection,Normale,Deux véhicules - frontale,4,2,2,0,1,1,1,0,1,50,2,3,1,0,0,2,22.0,22.0,deux_roues,voiture,1,2,1,1,1
201900044025,2019-06-08 01:10:00,2019,6,8,1,10,91,91433,R.N. 20,48.46547,2.18159,Nuit sans éclairage public,Hors agglomération,Hors intersection,Normale,Deux véhicules - côté,2,2,4,0,1,1,1,0,1,90,2,2,1,0,0,1,26.0,34.0,voiture,voiture,3,1,1,1,3
201900044026,2019-06-06 17:10:00,2019,6,6,17,10,91,91223,R.N.20,48.409326,2.126117,Plein jour,Hors agglomération,Hors intersection,Normale,Sans collision,2,3,4,0,1,1,1,0,3,90,1,2,1,0,0,1,55.0,,voiture,,1,1,1,1,7
201900044027,2019-06-06 16:20:00,2019,6,6,16,20,91,91223,R.N.20,48.41098,2.1272,Plein jour,Hors agglomération,Hors intersection,Normale,Deux véhicules - arrière,2,3,4,0,1,1,1,0,1,90,2,2,1,0,0,1,19.0,22.0,voiture,utilitaire_camion,1,1,1,1,2
201900044028,2019-06-16 18:30:00,2019,6,16,18,30,91,91201,FERDINAND BUISSON(RUE),48.67686,2.40588,Plein jour,En agglomération,Hors intersection,Normale,Trois véhicules et plus - en chaîne,4,2,2,0,1,1,1,0,1,50,3,3,1,0,0,2,31.0,30.0,voiture,voiture,1,2,1,1,4
201900044029,2019-06-13 19:40:00,2019,6,13,19,40,91,91657,GAULOIS (RUE DES ),48.7138,2.4355,Plein jour,En agglomération,Hors intersection,Normale,Autre collision,4,2,2,0,1,2,1,0,1,50,1,1,0,0,0,1,28.0,,utilitaire_camion,,1,2,1,1,6
201900044030,2019-06-10 18:10:00,2019,6,10,18,10,91,91174,JOHN KENNEDY (BOULEVARD),48.576937,2.475806,Plein jour,En agglomération,Hors intersection,Normale,Trois véhicules et plus - collisions multiples,2,-1,2,0,1,3,1,9,3,50,4,4,1,0,1,2,21.0,24.0,voiture,voiture,1,2,1,1,5
201900044031,2019-06-02 09:40:00,2019,6,2,9,40,91,91174,BERT(RUE PAUL),48.582399,2.47153,Plein jour,En agglomération,Hors intersection,Normale,Sans collision,3,1,0,0,1,1,1,1,3,80,1,1,0,0,0,1,68.0,,voiture,,1,2,1,1,7
201900044032,2019-06-03 06:45:00,2019,6,3,6,45,91,91514,ROUTE NATIONALE 6,48.66306,2.51508,Plein jour,Hors agglomération,Hors intersection,Normale,Deux véhicules - côté,2,3,4,0,1,1,1,0,1,90,2,2,1,0,0,1,58.0,22.0,voiture,deux_roues,1,1,1,1,3
201900044033,2019-06-13 21:42:00,2019,6,13,21,42,91,91027,NATIONALE 7 (ROUTE),48.72,2.3709,Crépuscule ou aube,Hors agglomération,Autre intersection,Normale,Sans collision,2,1,4,0,1,1,9,1,1,50,1,1,0,0,1,0,35.0,,deux_roues,,2,1,9,1,7
201900044034,2019-06-10 04:00:00,2019,6,10,4,0,91,91479,FONTAINEBLEAU (ROUTE DE),48.7131,2.3711,Nuit avec éclairage allumé,En agglomération,Hors intersection,Pluie légère,Deux véhicules - arrière,4,1,2,0,1,1,2,1,1,50,2,3,1,0,0,2,33.0,38.0,voiture,voiture,5,2,1,2,2
201900044035,2019-06-08 18:45:00,2019,6,8,18,45,91,91479,ALEXANDRE DUMAS (AVENUE),48.70952,2.35907,Plein jour,En agglomération,Giratoire,Normale,Autre collision,4,2,2,0,1,1,1,0,3,50,1,1,0,0,0,1,,,,,1,2,6,1,6
201900044036,2019-06-03 10:45:00,2019,6,3,10,45,91,91479,GENERAL DE GAULLE (AVENUE DU),48.71554,2.3658,Plein jour,En agglomération,Intersection en T,Pluie légère,Deux véhicules - frontale,4,2,2,0,1,1,2,0,1,50,2,2,1,0,0,1,44.0,25.0,voiture,deux_roues,1,2,3,2,1
201900044037,2019-06-02 12:15:00,2019,6,2,12,15,91,91027,DEMANGE (RUE PAUL),48.716093,2.370866,Plein jour,En agglomération,Intersection en X,Normale,Deux véhicules - côté,2,3,4,0,1,1,1,5,1,50,2,2,1,0,1,0,47.0,20.0,deux_roues,voiture,1,2,2,1,3
201900044038,2019-06-17 19:10:00,2019,6,17,19,10,91,91103,MAISON NEUVE (AVENUE DE LA),48.586,2.304,Plein jour,En agglomération,Hors intersection,Normale,Deux véhicules - arrière,4,-1,0,0,1,1,1,0,1,30,2,2,1,0,0,1,32.0,58.0,deux_roues,voiture,1,2,1,1,2
201900044039,2019-06-14 05:39:00,2019,6,14,5,39,91,91339,RN 20,48.633205,2.265125,Nuit avec éclairage allumé,En agglomération,Hors intersection,Normale,Sans collision,2,-1,2,0,1,1,2,0,1,70,1,1,0,0,0,1,39.0,,deux_roues,,5,2,1,1,7
201900044040,2019-06-06 16:59:00,2019,6,6,16,59,91,91339,RN 20,48.63064,2.26358,Plein jour,Hors agglomération,Hors intersection,Normale,Deux véhicules - arrière,2,3,4,0,1,1,1,0,1,70,2,2,1,0,0,1,52.0,29.0,deux_roues,voiture,1,1,1,1,2
201900044041,2019-06-05 13:45:00,2019,6,5,13,45,91,91103,BROSSOLETTE PIERRE (RUE),48.60567,2.30022,Plein jour,En agglomération,Place,Pluie forte,Deux véhicules - arrière,4,2,2,0,1,1,2,0,1,50,2,3,1,0,0,2,56.0,35.0,deux_roues,voiture,1,2,7,3,2
201900044042,2019-06-02 00:10:00,2019,6,2,0,10,91,91103,VIEUX PAVE (CHEMIN DU),48.623,2.309,Nuit sans éclairage public,En agglomération,Hors intersection,Normale,Deux véhicules - côté,4,-1,0,0,1,1,1,0,1,50,2,1,0,0,0,1,79.0,,voiture,,3,2,1,1,3
201900044043,2019-06-08 14:25:00,2019,6,8,14,25,88,88413,Rue d'ALSACE,48.28018,6.95547,Plein jour,En agglomération,Intersection en T,Normale,Autre collision,3,2,4,2,1,1,1,0,1,50,2,4,2,0,1,1,32.0,21.0,voiture,deux_roues,1,2,3,1,6
201900044044,2019-06-10 19:00:00,2019,6,10,19,0,88,88429,RN 57,48.073579,6.593627,Plein jour,Hors agglomération,Hors intersection,Temps couvert,Trois véhicules et plus - collisions multiples,3,1,2,0,1,2,1,0,1,110,3,5,0,0,1,4,22.0,54.0,voiture,voiture,1,1,1,8,5
201900044045,2019-06-17 10:10:00,2019,6,17,10,10,87,87085,27 BLANC LOUIS (BOULEVARD),45.82794,1.26116,Plein jour,En agglomération,Hors intersection,Normale,Deux véhicules - arrière,4,2,2,0,1,1,1,0,1,50,2,2,1,0,0,1,22.0,68.0,voiture,voiture,1,2,1,1,2
201900044046,2019-06-16 16:32:00,2019,6,16,16,32,87,87085,GARIBALDI (AVENUE),45.8318,1.26245,Plein jour,En agglomération,Intersection en X,Normale,Deux véhicules - côté,4,2,3,0,1,1,1,5,1,50,2,2,1,0,0,1,58.0,19.0,deux_roues,voiture,1,2,2,1,3
201900044047,2019-06-14 17:57:00,2019,6,14,17,57,87,87085,4 CHURCHILL WINSTON (PLACE),45.83161,1.25351,Plein jour,En agglomération,Hors intersection,Pluie forte,Deux véhicules - arrière,4,2,4,0,2,1,2,0,1,50,2,2,1,0,0,1,26.0,45.0,deux_roues,voiture,1,2,1,3,2
201900044048,2019-06-14 13:46:00,2019,6,14,13,46,87,87085,10 ARCADES (BOULEVARD DES),45.85213,1.2619,Plein jour,En agglomération,Hors intersection,Normale,Autre collision,4,3,4,0,1,1,1,0,1,50,2,2,1,0,0,1,35.0,46.0,utilitaire_camion,voiture,1,2,1,1,6
201900044049,2019-06-14 11:09:00,2019,6,14,11,9,87,87085,72 PALAIS (ROUTE DU),45.85095,1.3,Plein jour,En agglomération,Hors intersection,Normale,Deux véhicules - côté,3,2,4,0,1,1,1,0,1,50,2,2,1,0,1,0,29.0,67.0,utilitaire_camion,deux_roues,1,2,1,1,3
201900044050,2019-06-12 18:36:00,2019,6,12,18,36,87,87085,BEL AIR (BOULEVARD DE),45.8214,1.24036,Plein jour,En agglomération,Intersection en X,Normale,Autre collision,4,3,4,0,2,1,2,5,1,50,1,2,1,0,0,1,56.0,,voiture,,1,2,2,1,6
201900044051,2019-06-12 10:54:00,2019,6,12,10,54,87,87085,bretelle pont G. Guingoin,45.81715,1.25274,Plein jour,En agglomération,Hors intersection,Pluie légère,Autre collision,4,1,1,0,1,2,2,3,1,50,1,1,0,0,0,1,53.0,,voiture,,1,2,1,2,6
201900044052,2019-06-09 03:34:00,2019,6,9,3,34,87,87085,DE-LATTRE DE TASSIGNY (AVE DE),45.82706,1.28355,Nuit avec éclairage allumé,En agglomération,Intersection en T,Normale,Deux véhicules - côté,3,3,4,0,2,1,1,0,1,50,2,2,0,0,0,2,27.0,54.0,voiture,voiture,5,2,3,1,3
201900044053,2019-06-08 04:14:00,2019,6,8,4,14,87,87085,PORT DU NAVEIX (RUE DU),45.8323,1.274,Nuit avec éclairage allumé,En agglomération,Intersection en T,Normale,Deux véhicules - côté,2,3,4,0,1,1,1,0,1,50,2,1,0,0,0,1,42.0,,deux_roues,,5,2,3,1,3
201900044054,2019-06-11 14:51:00,2019,6,11,14,51,87,87114,RD941 (EST),45.84324,1.33613,Plein jour,Hors agglomération,Hors intersection,Normale,Trois véhicules et plus - en chaîne,3,2,2,0,1,3,1,0,1,70,3,4,1,0,2,1,63.0,66.0,voiture,utilitaire_camion,1,1,1,1,4
201900044055,2019-06-08 01:34:00,2019,6,8,1,34,87,87085,PERRIN (RUE FRANCOIS),45.82715,1.23921,Nuit avec éclairage allumé,En agglomération,Intersection en Y,Normale,Deux véhicules - côté,4,1,1,0,2,1,1,5,1,50,2,2,1,0,0,1,38.0,19.0,voiture,deux_roues,5,2,4,1,3
201900044056,2019-06-06 09:04:00,2019,6,6,9,4,87,87085,96 BELLAC (RUE DE),45.84965,1.24501,Plein jour,En agglomération,Intersection en T,Normale,Trois véhicules et plus - en chaîne,3,2,2,0,1,1,1,0,1,50,3,3,2,0,0,1,25.0,49.0,voiture,voiture,1,2,3,1,4
201900044057,2019-06-05 19:15:00,2019,6,5,19,15,87,87085,Bretelle pont G. Guingoin,45.81734,1.25209,Plein jour,En agglomération,Hors intersection,Normale,Autre collision,4,1,1,0,2,2,2,0,1,50,1,1,0,0,1,0,56.0,,voiture,,1,2,1,1,6
201900044058,2019-06-04 07:54:00,2019,6,4,7,54,87,87085,5 DE-LATTRE-DE-TASSIGNY (AVENUE DU MARECHAL),45.82555,1.2709,Plein jour,En agglomération,Hors intersection,Normale,Trois véhicules et plus - collisions multiples,3,2,4,0,1,1,1,0,1,50,3,3,2,0,0,1,60.0,17.0,voiture,deux_roues,1,2,1,1,5
201900044059,2019-06-04 18:43:00,2019,6,4,18,43,87,87085,LANDOUGE (AVENUE DE),45.83919,1.21185,Plein jour,En agglomération,Hors intersection,Normale,Deux véhicules - côté,4,2,2,0,1,1,1,0,1,50,2,2,1,0,0,1,74.0,53.0,voiture,deux_roues,1,2,1,1,3
201900044060,2019-06-02 20:20:00,2019,6,2,20,20,87,87085,BELLAC (RUE DE),45.85178,1.24452,Crépuscule ou aube,En agglomération,Intersection en T,Normale,Deux véhicules - côté,3,2,2,0,1,1,1,0,1,50,2,2,1,0,0,1,28.0,62.0,deux_roues,voiture,2,2,3,1,3
201900044061,2019-06-03 08:06:00,2019,6,3,8,6,87,87075,PERIGUEUX (ROUTE DE),45.80004,1.22901,Plein jour,En agglomération,Intersection en T,Pluie légère,Deux véhicules - côté,2,2,2,0,1,1,2,0,1,80,2,2,1,0,0,1,38.0,35.0,voiture,voiture,1,2,3,2,3
201900044062,2019-05-31 23:37:00,2019,5,31,23,37,87,87085,LECLERC (AVENUE DU GENERAL),45.84805,1.26186,Nuit avec éclairage allumé,En agglomération,Hors intersection,Normale,Autre collision,4,2,2,0,2,1,1,0,1,50,1,2,1,0,1,0,37.0,,deux_roues,,5,2,1,1,6
201900044063,2019-06-01 15:36:00,2019,6,1,15,36,87,87085,MAISON DIEU (PLACE),45.83643,1.26613,Plein jour,En agglomération,Hors intersection,Normale,Autre collision,4,4,4,3,1,1,1,0,1,50,1,2,1,0,1,0,44.0,,transport_commun,,1,2,1,1,6
201900044064,2019-05-29 16:31:00,2019,5,29,16,31,87,87085,CORDERIE (BOULEVARD DE LA),45.82882,1.26418,Plein jour,En agglomération,Intersection en T,Normale,Autre collision,4,4,3,0,1,1,1,0,1,50,1,2,1,0,0,1,55.0,,utilitaire_camion,,1,2,3,1,6
201900044065,2019-06-16 13:00:00,2019,6,16,13,0,86,86158,MARCELLIN MAURY (RUE),46.63016,0.28044,Plein jour,En agglomération,Hors intersection,Normale,Autre collision,4,2,1,0,1,1,1,0,1,50,1,2,1,0,0,1,56.0,,voiture,,1,2,1,1,6
201900044066,2019-05-15 23:20:00,2019,5,15,23,20,86,86194,PAILLERIE (RUE DE LA),46.55333,0.30972,Nuit avec éclairage allumé,En agglomération,Intersection en X,Normale,Deux véhicules - côté,3,3,5,0,1,1,1,0,1,50,2,6,1,0,0,5,19.0,22.0,voiture,voiture,5,2,2,1,3
201900044067,2019-03-02 14:00:00,2019,3,2,14,0,9,09306,rue des sarrasins,42.844258,1.605583,Plein jour,En agglomération,Hors intersection,Normale,Autre collision,6,-1,1,0,1,1,1,0,4,50,1,2,1,0,1,0,47.0,,voiture,,1,2,1,1,6
201900044068,2019-03-02 19:15:00,2019,3,2,19,15,9,09272,Route Nationale 20 - PK 44 +500,42.91509,1.638934,Nuit avec éclairage allumé,Hors agglomération,Hors intersection,Normale,Trois véhicules et plus - collisions multiples,2,1,2,0,1,1,1,2,1,80,3,3,0,0,0,3,59.0,31.0,voiture,voiture,5,1,1,1,5
201900044069,2019-03-01 12:25:00,2019,3,1,12,25,31,31417,114 avenue François Verdier,43.625245,1.256028,Plein jour,En agglomération,Hors intersection,Normale,Autre collision,3,2,2,0,1,1,1,0,3,-1,1,1,0,0,1,0,23.0,,voiture,,1,2,1,1,6
201900044070,2019-02-28 07:35:00,2019,2,28,7,35,17,17460,RN 150,45.703626,-0.722085,Crépuscule ou aube,Hors agglomération,Hors intersection,Normale,Autre collision,2,3,2,3,2,1,1,0,1,110,1,1,0,1,0,0,33.0,,deux_roues,,2,1,1,1,6
201900044071,2019-03-03 07:00:00,2019,3,3,7,0,16,16078,Rue du Basilic-Ld Chamarande,45.698237,0.230885,Crépuscule ou aube,Hors agglomération,Hors intersection,Normale,Autre collision,4,2,2,0,2,2,1,0,3,50,1,4,0,0,1,3,34.0,,voiture,,2,1,1,1,6
201900044072,2019-02-26 17:30:00,2019,2,26,17,30,16,16078,Route de paris,45.68281,0.177916,Plein jour,En agglomération,Hors intersection,Temps éblouissant,Deux véhicules - frontale,4,2,2,0,2,1,1,0,3,50,2,3,0,0,1,2,60.0,72.0,voiture,voiture,1,2,1,7,1
201900044073,2019-02-26 17:30:00,2019,2,26,17,30,86,86095,rd 910,46.720228,0.421473,Plein jour,Hors agglomération,Hors intersection,Normale,Deux véhicules - arrière,3,2,3,0,1,1,1,3,1,90,2,2,1,0,1,0,30.0,49.0,deux_roues,voiture,1,1,1,1,2
201900044074,2019-02-28 22:30:00,2019,2,28,22,30,33,33362,lieu dit le canton,45.02707,-0.18341,Nuit sans éclairage public,Hors agglomération,Hors intersection,Normale,Autre collision,3,2,2,0,1,1,1,0,3,70,1,1,0,0,1,0,26.0,,voiture,,3,1,1,1,6
201900044075,2019-03-04 12:00:00,2019,3,4,12,0,33,33539,Avenue Juncarret,44.88462,-0.32709,Plein jour,Hors agglomération,Hors intersection,Normale,Deux véhicules - frontale,4,2,2,0,1,1,1,0,1,80,2,2,0,0,1,1,20.0,54.0,voiture,voiture,1,1,1,1,1
201900044076,2019-02-26 08:40:00,2019,2,26,8,40,33,33243,Rue du Président Wilson,44.91908,-0.24401,Plein jour,En agglomération,Autre intersection,Normale,Deux véhicules - côté,3,2,3,0,1,1,1,0,1,50,2,2,1,0,0,1,55.0,57.0,deux_roues,voiture,1,2,9,1,3
201900044077,2019-02-26 17:35:00,2019,2,26,17,35,33,33297,D208 / Rte du Brule,45.050516,-0.775083,Plein jour,Hors agglomération,Intersection en T,Normale,Deux véhicules - frontale,3,2,2,0,1,1,1,0,1,80,2,2,0,0,1,1,25.0,38.0,voiture,voiture,1,1,3,1,1
201900044078,2019-02-24 21:20:00,2019,2,24,21,20,33,33435,RD 1113 - Viaduc,44.56002,-0.24969,Nuit avec éclairage non allumé,Hors agglomération,Hors intersection,Normale,Autre collision,3,2,2,0,1,1,1,2,3,80,1,1,0,0,1,0,54.0,,deux_roues,,4,1,1,1,6
201900044079,2019-03-01 11:30:00,2019,3,1,11,30,33,33474,D 109,44.64636,-0.45896,Plein jour,Hors agglomération,Autre intersection,Normale,Deux véhicules - frontale,3,2,2,0,1,4,1,0,1,80,2,2,0,0,1,1,51.0,25.0,voiture,voiture,1,1,9,1,1
201900044080,2019-02-27 16:50:00,2019,2,27,16,50,85,85071,Dolbeau,46.7493,-1.79826,Plein jour,Hors agglomération,Hors intersection,Normale,Autre collision,3,2,2,0,2,3,1,0,3,80,1,1,0,1,0,0,71.0,,voiture,,1,1,1,1,6
201900044081,2019-02-26 15:45:00,2019,2,26,15,45,61,61357,le haut boulay,48.53797,-0.076554,Plein jour,Hors agglomération,Hors intersection,Normale,Autre collision,3,2,2,0,2,2,1,0,3,70,1,1,0,1,0,0,23.0,,deux_roues,,1,1,1,1,6
201900044082,2019-02-25 18:25:00,2019,2,25,18,25,29,29280,"chemin de aubépines, résidence de la baie",48.2295817,-4.3588602,Plein jour,En agglomération,Hors intersection,Normale,Autre collision,4,1,1,0,1,2,1,0,1,-1,1,3,1,0,0,2,81.0,,voiture,,1,2,1,1,6
201900044083,2019-01-31 18:50:00,2019,1,31,18,50,29,29046,route de brest,48.080359,-4.319002,Nuit avec éclairage allumé,En agglomération,Intersection en T,Pluie légère,Deux véhicules - côté,3,2,2,0,2,1,2,5,1,50,2,2,1,0,1,0,21.0,87.0,deux_roues,voiture,5,2,3,2,3
201900044084,2019-02-27 16:25:00,2019,2,27,16,25,22,22273,LA COUDRAIE,48.5590287,-2.526375,Plein jour,Hors agglomération,Hors intersection,Normale,Deux véhicules - côté,4,2,2,0,2,1,1,0,1,50,2,2,1,0,0,1,45.0,15.0,utilitaire_camion,deux_roues,1,1,1,1,3
201900044085,2019-02-25 11:45:00,2019,2,25,11,45,35,35253,La Lyzenderie,48.249951,-1.434691,Plein jour,Hors agglomération,Hors intersection,Normale,Autre collision,3,2,2,0,1,1,1,0,3,80,1,1,0,0,1,0,21.0,,voiture,,1,1,1,1,6
201900044086,2019-03-01 17:00:00,2019,3,1,17,0,27,27343,INTERSECTION RD836/RD57,49.059098,1.333362,Plein jour,Hors agglomération,Intersection en T,Normale,Deux véhicules - arrière,3,2,2,0,4,1,1,0,1,80,2,2,1,0,0,1,42.0,45.0,voiture,voiture,1,1,3,1,2
201900044087,2019-02-26 07:15:00,2019,2,26,7,15,60,60500,ROUTE NATIONALE 2,49.102457,2.744529,Plein jour,Hors agglomération,Hors intersection,Normale,Trois véhicules et plus - en chaîne,2,3,4,0,3,1,1,2,2,110,3,3,2,0,1,0,31.0,28.0,deux_roues,voiture,1,1,1,1,4
201900044088,2019-02-25 16:15:00,2019,2,25,16,15,60,60671,Chemin communal C11,49.1619448,2.772411,Plein jour,Hors agglomération,Hors intersection,Normale,Sans collision,4,2,2,0,3,1,1,0,1,30,1,1,0,1,0,0,64.0,,deux_roues,,1,1,1,1,7
201900044089,2019-02-25 09:30:00,2019,2,25,9,30,80,80464,rue Geneviève Blandin,50.159248,1.555733,Plein jour,En agglomération,Hors intersection,Normale,Sans collision,3,2,2,0,1,1,1,0,8,50,1,1,0,1,0,0,77.0,,voiture,,1,2,1,1,7
201900044090,2019-02-26 18:00:00,2019,2,26,18,0,62,62014,80 boulevard Foch,50.636053,2.393617,Plein jour,En agglomération,Hors intersection,Temps éblouissant,Deux véhicules - arrière,4,2,2,0,1,1,1,0,1,50,2,2,1,1,0,0,32.0,74.0,voiture,deux_roues,1,2,1,7,2
201900044091,2019-02-24 13:00:00,2019,2,24,13,0,62,62318,Boulevard Bigot Descellers,50.516767,1.641967,Plein jour,En agglomération,Hors intersection,Normale,Autre collision,3,2,2,0,1,1,1,6,1,50,1,2,1,0,0,1,60.0,,voiture,,1,2,1,1,6
201900044092,2019-02-27 20:20:00,2019,2,27,20,20,62,62196,Autoroute A16 - sens Calais/Abbeville,50.4666788,1.7034495,Nuit sans éclairage public,Hors agglomération,Hors intersection,Normale,Sans collision,1,3,4,0,1,1,1,0,2,130,1,1,0,0,1,0,50.0,,voiture,,3,1,1,1,7
201900044093,2019-02-25 13:45:00,2019,2,25,13,45,59,59136,boulevard paturle,50.105196,3.540399,Plein jour,En agglomération,Hors intersection,Temps éblouissant,Autre collision,6,-1,-1,0,1,1,1,9,1,-1,1,3,2,0,0,1,27.0,,voiture,,1,2,1,7,6
201900044094,2019-02-26 07:13:00,2019,2,26,7,13,59,59258,rue Henri Connynck,50.535868,3.208857,Crépuscule ou aube,En agglomération,Hors intersection,Normale,Autre collision,3,2,2,0,1,1,1,0,1,80,1,1,0,0,0,1,57.0,,deux_roues,,2,2,1,1,6
201900044095,2019-02-27 08:39:00,2019,2,27,8,39,59,59400,351 Route d'Hazebrouck,50.655931,2.60839,Plein jour,Hors agglomération,Intersection en X,Temps éblouissant,Deux véhicules - côté,3,2,2,0,1,1,1,0,1,70,2,2,1,1,0,0,18.0,54.0,deux_roues,utilitaire_camion,1,1,2,7,3
201900044096,2019-03-01 19:10:00,2019,3,1,19,10,13,13001,A51-Sens Marseille vers Aix en Provence,43.470047,5.406979,Nuit sans éclairage public,En agglomération,Hors intersection,Normale,Deux véhicules - arrière,1,1,2,0,1,1,1,0,1,90,2,4,1,0,0,3,43.0,21.0,utilitaire_camion,utilitaire_camion,3,2,1,1,2
201900044097,2019-02-19 00:15:00,2019,2,19,0,15,13,13005,A50 - Sens Aubagne vers Marseille,43.28587,5.53145,Nuit sans éclairage public,Hors agglomération,Hors intersection,Normale,Sans collision,1,1,3,0,1,1,1,0,1,90,1,1,0,0,0,1,32.0,,voiture,,3,1,1,1,7
201900044098,2019-02-28 08:50:00,2019,2,28,8,50,13,13088,A55-Sens Martigues vers Marseille,43.39114,5.26238,Plein jour,Hors agglomération,Hors intersection,Normale,Deux véhicules - arrière,1,1,2,0,1,1,1,0,1,110,2,2,1,0,0,1,28.0,27.0,voiture,voiture,1,1,1,1,2
201900044099,2019-02-28 09:55:00,2019,2,28,9,55,13,13211,A50-Sens Aubagne vers Marseille,43.28796,5.44126,Plein jour,Hors agglomération,Hors intersection,Normale,Deux véhicules - côté,1,1,3,0,1,1,1,0,1,90,2,2,1,0,0,1,25.0,39.0,voiture,voiture,1,1,1,1,3
201900044100,2019-02-27 08:30:00,2019,2,27,8,30,13,13202,A55-Sens Marseille vers Martigues,43.31621,5.36441,Plein jour,Hors agglomération,Hors intersection,Normale,Deux véhicules - côté,1,1,2,0,1,1,1,2,1,70,2,2,1,0,0,1,37.0,37.0,voiture,deux_roues,1,1,1,1,3
201900044101,2019-02-26 08:20:00,2019,2,26,8,20,13,13005,A501-Sens Pont de l'Etoile vers Aubagne,43.28829,5.56172,Plein jour,Hors agglomération,Hors intersection,Normale,Deux véhicules - arrière,1,1,2,0,2,1,1,0,1,90,2,3,2,0,0,1,22.0,22.0,utilitaire_camion,utilitaire_camion,1,1,1,1,2
201900044102,2019-02-24 20:45:00,2019,2,24,20,45,13,13215,A7-Sens Lyon vers Marseille,43.37828,5.35592,Nuit sans éclairage public,Hors agglomération,Hors intersection,Normale,Deux véhicules - arrière,1,1,3,0,2,3,1,0,1,90,2,1,0,0,0,1,36.0,,voiture,,3,1,1,1,2
201900044103,2019-02-25 18:10:00,2019,2,25,18,10,83,83126,,43.12424,5.872,Crépuscule ou aube,Hors agglomération,Hors intersection,Normale,Trois véhicules et plus - collisions multiples,1,1,2,0,3,1,1,3,1,50,4,5,2,0,0,3,32.0,38.0,voiture,voiture,2,1,1,1,5
201900044104,2019-02-22 17:10:00,2019,2,22,17,10,83,83137,,43.12506,5.90625,Plein jour,Hors agglomération,Hors intersection,Normale,Deux véhicules - côté,1,3,3,0,1,1,1,0,1,110,2,3,2,0,0,1,37.0,26.0,deux_roues,voiture,1,1,1,1,3
201900044105,2019-03-03 16:40:00,2019,3,3,16,40,69,69256,RN346  S/N   25.686 A 29.300,45.8041984,4.9260001,Plein jour,Hors agglomération,Hors intersection,Normale,Sans collision,2,1,2,0,4,3,1,0,1,90,1,2,0,2,0,0,55.0,,deux_roues,,1,1,1,1,7
201900044106,2019-02-26 19:20:00,2019,2,26,19,20,69,69283,A46S   43.680 A 47.880,45.67079,4.93487,Nuit sans éclairage public,Hors agglomération,Hors intersection,Normale,Trois véhicules et plus - collisions multiples,1,1,3,0,1,1,1,3,1,90,3,3,2,1,0,0,78.0,40.0,voiture,deux_roues,3,1,1,1,5
201900044107,2019-02-26 06:57:00,2019,2,26,6,57,69,69276,BUS (RD301)   0.000 A 2.800,45.68278,4.8519,Crépuscule ou aube,Hors agglomération,Hors intersection,Normale,Sans collision,3,1,2,0,1,1,1,0,1,90,1,1,0,0,0,1,41.0,,deux_roues,,2,1,1,1,7
201900044108,2019-02-25 22:00:00,2019,2,25,22,0,69,69279,RD302   5.000 A 6.350,45.76881,5.04029,Nuit sans éclairage public,Hors agglomération,Hors intersection,Normale,Sans collision,3,1,2,0,1,2,1,0,1,70,1,1,0,1,0,0,34.0,,voiture,,3,1,1,1,7
201900044109,2019-03-01 13:40:00,2019,3,1,13,40,42,42110,A47,45.49443,4.54083,Plein jour,Hors agglomération,Hors intersection,Normale,Deux véhicules - arrière,1,3,5,0,3,1,1,0,1,110,2,5,2,0,1,2,53.0,27.0,voiture,utilitaire_camion,1,1,1,1,2
201900044110,2019-03-01 07:00:00,2019,3,1,7,0,57,57412,Autoroute A31,49.11256,6.1597,Nuit sans éclairage public,Hors agglomération,Autre intersection,Pluie forte,Autre collision,1,3,6,0,1,1,2,0,1,90,2,2,1,0,0,1,50.0,24.0,utilitaire_camion,voiture,3,1,9,3,6