accident_id,datetime,annee,mois,jour,heure,minute,departement,commune_insee,adresse,latitude,longitude,luminosite,agglomeration,intersection,meteo,collision,catr,circ,nbv,vosp,prof,plan,surf,infra,situ,vma,nb_vehicules,nb_usagers,nb_indemnes,nb_tues,nb_blesses_hosp,nb_blesses_legers,age_cond_1,age_cond_2,veh_type_cond_1,veh_type_cond_2,lum_code,agg_code,int_code,atm_code,col_code
201900044204,2019-11-07 07:28:00,2019,11,7,7,28,31,31399,Impasse des Agnets,43.3460953,1.2625479,Nuit sans éclairage public,Hors agglomération,Hors intersection,Pluie forte,Autre collision,1,1,4,0,1,3,2,0,8,130,1,1,0,1,0,0,63.0,,voiture,,3,1,1,3,6
201900044205,2019-11-06 17:00:00,2019,11,6,17,0,35,35131,13 Rue de Mordelles,48.119987,-1.821911,Plein jour,En agglomération,Hors intersection,Temps couvert,Autre collision,4,2,2,0,1,1,1,0,1,50,1,2,1,0,1,0,29.0,,voiture,,1,2,1,8,6
201900044206,2019-02-28 18:20:00,2019,2,28,18,20,94,94033,A86.EXT,48.853133,2.489973,Plein jour,Hors agglomération,Hors intersection,Pluie légère,Deux véhicules - côté,1,3,3,0,1,1,2,0,1,90,2,2,1,0,0,1,40.0,66.0,deux_roues,voiture,1,1,1,2,3
201900044207,2019-10-18 07:53:00,2019,10,18,7,53,33,33122,RD214 110 Avenue Salvador Allende,44.77315,-0.69183,Plein jour,Hors agglomération,Hors intersection,Temps couvert,Deux véhicules - frontale,3,2,2,0,1,1,1,0,1,70,2,3,1,0,0,2,36.0,68.0,voiture,utilitaire_camion,1,1,1,8,1
201900044208,2019-02-28 16:00:00,2019,2,28,16,0,94,94073,A86 EXT,48.76352,2.38077,Plein jour,Hors agglomération,Hors intersection,Normale,Deux véhicules - côté,1,3,3,0,1,1,1,1,1,90,2,2,1,0,0,1,62.0,35.0,voiture,voiture,1,1,1,1,3
201900044209,2019-11-06 18:30:00,2019,11,6,18,30,6,06088,A8 PK 185+500 NORD,43.668386,7.197898,Nuit avec éclairage allumé,Hors agglomération,Hors intersection,Normale,Trois véhicules et plus - en chaîne,1,3,5,0,1,1,1,2,1,90,3,3,2,0,0,1,31.0,37.0,voiture,voiture,5,1,1,1,4
201900044210,2019-02-28 09:45:00,2019,2,28,9,45,94,94017,A4,48.8285,2.47536,Plein jour,Hors agglomération,Hors intersection,Normale,Deux véhicules - côté,1,1,4,0,1,1,1,0,1,90,2,2,1,0,0,1,68.0,51.0,voiture,voiture,1,1,1,1,3
201900044211,2019-02-28 00:25:00,2019,2,28,0,25,77,77175,A5b,48.6505842,2.6197747,Nuit sans éclairage public,Hors agglomération,Hors intersection,Normale,Autre collision,1,3,3,0,1,1,1,0,1,110,1,2,1,1,0,0,50.0,,utilitaire_camion,,3,1,1,1,6
201900044212,2019-11-03 19:55:00,2019,11,3,19,55,45,45067,A10 - PR104+400,47.895505,1.777301,Nuit sans éclairage public,Hors agglomération,Hors intersection,Pluie légère,Trois véhicules et plus - en chaîne,1,3,4,0,1,1,2,0,1,130,5,13,12,0,1,0,56.0,36.0,voiture,voiture,3,1,1,2,4
201900044213,2019-02-27 14:20:00,2019,2,27,14,20,77,77146,A4.Y,48.83136,2.64322,Plein jour,Hors agglomération,Hors intersection,Normale,Deux véhicules - arrière,1,3,8,0,1,1,1,0,1,110,2,2,1,0,0,1,29.0,41.0,deux_roues,voiture,1,1,1,1,2
201900044214,2019-02-26 18:10:00,2019,2,26,18,10,94,94069,A4,48.81,2.42,Crépuscule ou aube,Hors agglomération,Hors intersection,Normale,Deux véhicules - arrière,1,3,5,0,1,1,1,0,1,90,2,2,1,0,0,1,38.0,38.0,voiture,deux_roues,2,1,1,1,2
201900044215,2019-11-07 11:50:00,2019,11,7,11,50,13,13037,A7,43.567172,5.223454,Plein jour,Hors agglomération,Hors intersection,Pluie légère,Trois véhicules et plus - collisions multiples,1,3,5,0,3,2,2,0,1,130,6,11,8,0,0,3,60.0,36.0,utilitaire_camion,voiture,1,1,1,2,5
201900044216,2019-02-26 16:20:00,2019,2,26,16,20,94,94017,A4,48.82,2.47,Plein jour,Hors agglomération,Hors intersection,Normale,Deux véhicules - arrière,1,3,4,0,1,1,1,0,1,90,2,2,1,0,0,1,24.0,31.0,utilitaire_camion,utilitaire_camion,1,1,1,1,2
201900044217,2019-02-26 14:30:00,2019,2,26,14,30,77,77294,A104,48.97023,2.57051,Plein jour,Hors agglomération,Hors intersection,Normale,Deux véhicules - arrière,1,3,6,0,1,1,1,0,1,90,2,3,2,0,0,1,52.0,58.0,voiture,utilitaire_camion,1,1,1,1,2
201900044218,2019-11-01 19:30:00,2019,11,1,19,30,973,97311,Allée du Lac Bleu,5.475111,-54.034856,Nuit avec éclairage allumé,En agglomération,Intersection en T,Normale,Deux véhicules - côté,4,2,2,0,1,1,1,0,5,50,2,2,1,0,0,1,20.0,61.0,deux_roues,voiture,5,2,3,1,3
201900044219,2019-02-26 13:30:00,2019,2,26,13,30,94,94017,A4,48.82,2.49,Plein jour,Hors agglomération,Hors intersection,Normale,Deux véhicules - arrière,1,-1,5,0,1,1,1,0,1,90,2,2,1,0,0,1,23.0,45.0,voiture,deux_roues,1,1,1,1,2
201900044220,2019-11-07 07:30:00,2019,11,7,7,30,971,97115,Chemin de Ravine Houel,16.258019,-61.666865,Plein jour,En agglomération,Intersection en T,Normale,Deux véhicules - frontale,4,2,2,0,1,1,1,0,1,50,2,2,1,0,1,0,42.0,49.0,deux_roues,voiture,1,2,3,1,1
201900044221,2019-11-07 09:30:00,2019,11,7,9,30,77,77515,D54,48.99276,2.76813,Plein jour,Hors agglomération,Hors intersection,Normale,Autre collision,3,2,2,-1,4,3,2,0,3,70,1,1,0,0,1,0,39.0,,voiture,,1,1,1,1,6
201900044222,2019-02-25 08:55:00,2019,2,25,8,55,94,94069,A4,48.8169339,2.4445438,Plein jour,Hors agglomération,Hors intersection,Normale,Deux véhicules - côté,1,3,4,0,1,1,1,0,1,90,2,2,1,0,0,1,50.0,38.0,deux_roues,voiture,1,1,1,1,3
201900044223,2019-11-07 08:15:00,2019,11,7,8,15,77,77005,D418,48.93417,2.71017,Crépuscule ou aube,Hors agglomération,Hors intersection,Pluie forte,Deux véhicules - frontale,3,2,2,0,1,1,2,0,1,80,2,2,1,0,1,0,27.0,31.0,voiture,deux_roues,2,1,1,3,1
201900044224,2019-11-07 08:25:00,2019,11,7,8,25,95,95199,5 Rue Carnot,49.029362,2.327781,Plein jour,En agglomération,Hors intersection,Pluie légère,Autre collision,4,2,2,0,1,1,2,0,1,30,1,2,1,0,0,1,44.0,,voiture,,1,2,1,2,6
201900044225,2019-10-02 05:50:00,2019,10,2,5,50,91,91661,33 Avenue de la Plesse,48.69611,2.240514,Nuit sans éclairage public,Hors agglomération,Autre intersection,Pluie légère,Deux véhicules - frontale,3,-1,2,0,2,1,2,0,1,50,2,2,0,0,0,2,58.0,23.0,voiture,voiture,3,1,9,2,1
201900044226,2019-02-09 14:00:00,2019,2,9,14,0,62,62186,BEUGNET (R CASIMIR ),50.4542,2.721,Plein jour,En agglomération,Intersection en T,Normale,Deux véhicules - côté,4,2,2,0,1,1,1,0,1,50,2,3,0,0,0,3,20.0,39.0,voiture,deux_roues,1,2,3,1,3
201900044227,2019-11-06 06:30:00,2019,11,6,6,30,11,11266,D709,42.997783,3.04174,Nuit sans éclairage public,Hors agglomération,Hors intersection,Normale,Autre collision,3,2,2,0,1,1,1,0,1,70,1,2,1,1,0,0,54.0,,voiture,,3,1,1,1,6
201900044228,2019-02-18 15:30:00,2019,2,18,15,30,50,50602,RN 13,49.635136,-1.565577,Plein jour,En agglomération,Hors intersection,Normale,Autre collision,2,2,2,0,2,3,2,3,1,50,1,2,1,0,0,1,21.0,,voiture,,1,2,1,1,6
201900044229,2019-02-20 12:00:00,2019,2,20,12,0,11,11069,MUSSET ALFRED -ET IMPASSE-,43.21832,2.34471,Plein jour,En agglomération,Giratoire,Normale,Deux véhicules - côté,4,2,2,0,1,1,1,0,1,50,2,2,1,0,0,1,20.0,18.0,voiture,deux_roues,1,2,6,1,3
201900044230,2019-11-07 08:00:00,2019,11,7,8,0,34,34022,16 Rue de la Croix de Jallie,43.659481,4.017801,Crépuscule ou aube,En agglomération,Intersection en X,Temps couvert,Deux véhicules - côté,2,3,2,0,1,1,2,0,1,50,2,2,1,0,1,0,28.0,54.0,deux_roues,utilitaire_camion,2,2,2,8,3
201900044231,2019-02-22 01:55:00,2019,2,22,1,55,988,98818,PROMENADE PIERRE VERNIER,-22.30899,166.45169,Nuit avec éclairage allumé,En agglomération,Hors intersection,Normale,Autre collision,4,2,2,1,2,2,1,9,5,10,1,1,0,0,1,0,33.0,,deux_roues,,5,2,1,1,6
201900044232,2019-11-07 05:20:00,2019,11,7,5,20,68,68348,42 Route de Mulhouse,47.804678,7.119483,Nuit avec éclairage allumé,En agglomération,Intersection en X,Normale,Autre collision,2,2,2,0,1,1,1,0,6,50,1,2,1,0,0,1,29.0,,voiture,,5,2,2,1,6
201900044233,2019-02-24 23:10:00,2019,2,24,23,10,976,97611,m'tsapere-Nationale 2 (route),-12.79456,45.21815,Nuit sans éclairage public,En agglomération,Hors intersection,Normale,Deux véhicules - arrière,2,2,2,0,1,1,1,0,1,50,2,4,1,0,0,3,22.0,39.0,voiture,voiture,3,2,1,1,2
201900044234,2019-02-20 09:40:00,2019,2,20,9,40,974,97407,MASCAREIGNES(BOULEVARD),-20.933516,55.308841,Plein jour,En agglomération,Intersection en X,Normale,Deux véhicules - frontale,4,2,2,0,1,1,1,0,3,50,2,2,1,0,1,0,23.0,59.0,voiture,voiture,1,2,2,1,1
201900044235,2019-02-24 14:20:00,2019,2,24,14,20,69,69383,ST ANTOINE                          (R ),45.76291,4.86203,Plein jour,En agglomération,Intersection en X,Normale,Deux véhicules - côté,4,2,2,3,1,1,1,0,1,50,2,2,1,0,0,1,68.0,45.0,voiture,transport_commun,1,2,2,1,3
201900044236,2019-11-07 07:38:00,2019,11,7,7,38,74,74201,Route de la Forge,46.114405,6.108124,Plein jour,Hors agglomération,Intersection en X,Pluie forte,Deux véhicules - frontale,3,2,2,3,2,1,2,5,1,70,2,2,1,1,0,0,28.0,51.0,deux_roues,voiture,1,1,2,3,1
201900044237,2019-02-24 07:00:00,2019,2,24,7,0,69,69276,312                                     ,45.66198,4.84317,Crépuscule ou aube,En agglomération,Giratoire,Normale,Autre collision,3,2,4,1,1,3,1,5,1,80,1,3,0,0,0,3,43.0,,voiture,,2,2,6,1,6
201900044238,2019-11-05 14:00:00,2019,11,5,14,0,38,38087,Avenue de Nor-hadjin,45.581236,4.796842,Plein jour,En agglomération,Intersection en X,Normale,Trois véhicules et plus - collisions multiples,3,2,2,0,3,3,1,4,1,50,3,5,4,0,1,0,78.0,42.0,voiture,voiture,1,2,2,1,5
201900044239,2019-02-22 23:40:00,2019,2,22,23,40,69,69387,JEAN JAURES                         (AV),45.73802,4.83765,Nuit avec éclairage allumé,En agglomération,Hors intersection,Normale,Deux véhicules - arrière,7,2,4,0,1,1,1,0,1,50,2,3,2,0,0,1,16.0,37.0,deux_roues,voiture,5,2,1,1,2
201900044240,2019-10-31 16:15:00,2019,10,31,16,15,81,81105,2 Rue Beausejour,43.764201,1.983257,Plein jour,En agglomération,Hors intersection,Normale,Deux véhicules - côté,4,2,2,0,1,1,1,0,1,50,2,2,1,0,0,1,53.0,11.0,voiture,deux_roues,1,2,1,1,3
201900044241,2019-02-21 21:00:00,2019,2,21,21,0,69,69387,JEAN JAURES                         (AV),45.75394,4.84688,Nuit avec éclairage allumé,En agglomération,Intersection en X,Normale,Deux véhicules - frontale,4,2,4,3,1,1,1,0,1,50,2,2,1,0,0,1,49.0,54.0,voiture,autre,5,2,2,1,1
201900044242,2019-02-21 14:00:00,2019,2,21,14,0,69,69259,CHARLES DE GAULLE                   (AV),45.71288,4.89872,Plein jour,Hors agglomération,Hors intersection,Normale,Deux véhicules - arrière,4,3,6,3,1,1,1,0,1,70,2,2,1,0,0,1,36.0,31.0,deux_roues,utilitaire_camion,1,1,1,1,2
201900044243,2019-11-06 19:50:00,2019,11,6,19,50,17,17240,Lieu dit Le Lezard,45.2563118,-0.4032674,Nuit sans éclairage public,Hors agglomération,Hors intersection,Pluie légère,Deux véhicules - côté,3,2,2,0,1,1,2,0,1,80,2,4,0,2,2,0,55.0,33.0,voiture,voiture,3,1,1,2,3
201900044244,2019-02-21 08:47:00,2019,2,21,8,47,69,69383,PAUL BERT                           (R ),45.75706,4.85844,Plein jour,En agglomération,Hors intersection,Normale,Deux véhicules - côté,4,2,4,1,1,1,1,0,1,50,2,2,1,0,0,1,44.0,40.0,autre,utilitaire_camion,1,2,1,1,3
201900044245,2019-11-07 15:50:00,2019,11,7,15,50,33,33037,D1113,44.696949,-0.479467,Plein jour,Hors agglomération,Hors intersection,Pluie légère,Deux véhicules - frontale,3,2,2,0,1,1,2,0,1,80,2,2,0,1,0,1,52.0,70.0,utilitaire_camion,voiture,1,1,1,2,1
201900044246,2019-02-25 14:10:00,2019,2,25,14,10,972,97209,BEAUSEJOUR JAMBETTE (ROUTE),14.646,-61.04425,Plein jour,En agglomération,Intersection en T,Normale,Deux véhicules - arrière,3,2,2,0,1,1,2,0,1,50,2,3,1,0,0,2,31.0,54.0,voiture,utilitaire_camion,1,2,3,1,2
201900044247,2019-10-23 09:54:00,2019,10,23,9,54,44,44198,"""clos des granges""",47.1297928,-1.5324222,Plein jour,Hors agglomération,Hors intersection,Normale,Deux véhicules - frontale,7,2,2,0,1,2,2,0,1,70,2,2,1,0,1,0,76.0,25.0,voiture,voiture,1,1,1,1,1
201900044248,2019-02-24 17:30:00,2019,2,24,17,30,69,69149,GRANDE RUE                          (GR),45.71,4.79973,Plein jour,En agglomération,Intersection en X,Normale,Deux véhicules - côté,7,2,2,0,1,1,1,0,1,50,2,2,1,0,0,1,68.0,20.0,voiture,voiture,1,2,2,1,3
201900044249,2019-10-29 15:10:00,2019,10,29,15,10,22,22272,Traou Maudez,48.566988,-3.131589,Plein jour,Hors agglomération,Intersection en X,Pluie forte,Deux véhicules - côté,3,2,2,0,2,1,2,5,1,80,2,2,1,0,0,1,21.0,41.0,deux_roues,utilitaire_camion,1,1,2,3,3
201900044250,2019-02-20 19:40:00,2019,2,20,19,40,69,69152,VOLTAIRE                            (R ),45.70039,4.81507,Plein jour,En agglomération,Hors intersection,Normale,Deux véhicules - arrière,4,2,2,0,1,1,1,0,1,50,2,2,1,0,0,1,50.0,55.0,voiture,deux_roues,1,2,1,1,2
201900044251,2019-02-21 09:40:00,2019,2,21,9,40,69,69381,CROIX ROUSSE (TUNNEL DE LA)         (XX),45.77265,4.83834,Plein jour,En agglomération,Autre intersection,Normale,Deux véhicules - côté,4,2,2,0,1,1,1,0,1,50,2,1,0,0,0,1,30.0,,voiture,,1,2,9,1,3
201900044252,2019-02-21 12:25:00,2019,2,21,12,25,2B,2B033,SAMPIERO CORSO - AV,42.6634,9.442,Plein jour,En agglomération,Intersection en T,Normale,Autre collision,4,2,4,0,2,1,1,5,1,70,1,2,1,0,0,1,70.0,,voiture,,1,2,3,1,6
201900044253,2019-02-09 01:25:00,2019,2,9,1,25,971,97101,MARECHAL LECLERC,16.25679,-61.52498,Nuit avec éclairage allumé,En agglomération,Autre intersection,Normale,Autre collision,4,2,1,0,1,1,1,9,2,50,2,1,0,0,1,0,23.0,,deux_roues,,5,2,9,1,6
201900044254,2019-02-20 11:50:00,2019,2,20,11,50,971,97120,RUE EUVREMONT GENE,16.24931,-61.54041,Plein jour,En agglomération,Hors intersection,Normale,Deux véhicules - côté,4,2,2,0,1,1,1,0,1,50,2,2,1,0,1,0,31.0,21.0,utilitaire_camion,deux_roues,1,2,1,1,3
201900044255,2019-11-06 19:00:00,2019,11,6,19,0,22,22162,13 Rue du Professeur Jean Renaud,48.77797,-3.038677,Nuit avec éclairage allumé,En agglomération,Hors intersection,Pluie forte,Autre collision,3,2,2,0,1,1,2,0,1,50,1,2,1,0,1,0,50.0,,utilitaire_camion,,5,2,1,3,6
201900044256,2019-02-21 18:55:00,2019,2,21,18,55,971,97107,PERRINON ( RUE ),16.04281,-61.56513,Crépuscule ou aube,En agglomération,Hors intersection,Normale,Deux véhicules - arrière,4,1,1,0,4,1,1,9,1,50,2,2,1,0,0,1,72.0,61.0,deux_roues,voiture,2,2,1,1,2
201900044257,2019-11-07 18:35:00,2019,11,7,18,35,27,27448,D141,48.99733,1.345587,Nuit sans éclairage public,Hors agglomération,Hors intersection,Pluie légère,Deux véhicules - arrière,3,2,2,0,1,1,2,0,1,80,2,2,1,0,1,0,52.0,63.0,deux_roues,voiture,3,1,1,2,2
201900044258,2019-02-24 21:00:00,2019,2,24,21,0,2A,2A004,CALVI  ROUTE,41.9541,8.7839,Nuit avec éclairage allumé,En agglomération,Autre intersection,Normale,Deux véhicules - côté,2,2,2,0,1,1,1,0,1,50,2,3,1,0,0,2,19.0,30.0,voiture,voiture,5,2,9,1,3
201900044259,2019-11-06 20:00:00,2019,11,6,20,0,76,76244,D928,49.705648,1.399473,Nuit sans éclairage public,Hors agglomération,Hors intersection,Pluie légère,Sans collision,3,2,2,0,1,1,2,0,8,80,1,1,0,0,1,0,48.0,,voiture,,3,1,1,2,7
201900044260,2019-02-20 13:25:00,2019,2,20,13,25,86,86194,BIGNOUX (RUE DE),46.58429,0.3938,Plein jour,Hors agglomération,Intersection en Y,Normale,Trois véhicules et plus - collisions multiples,2,1,1,0,1,2,1,0,1,50,3,3,1,0,1,1,42.0,47.0,deux_roues,voiture,1,1,4,1,5
201900044261,2019-02-19 16:50:00,2019,2,19,16,50,86,86194,NORMANDIE NIEMEN (RUE),46.5646157,0.3389032,Plein jour,En agglomération,Hors intersection,Normale,Autre collision,4,2,2,0,1,1,1,0,1,50,1,2,1,0,1,0,86.0,,voiture,,1,2,1,1,6
201900044262,2019-11-06 18:59:00,2019,11,6,18,59,13,13211,A50-Sens Marseille vers Aubagne,43.286703,5.434029,Nuit avec éclairage allumé,Hors agglomération,Hors intersection,Normale,Trois véhicules et plus - en chaîne,1,1,3,0,1,1,1,0,1,70,3,4,2,0,0,2,41.0,51.0,voiture,voiture,5,1,1,1,4
201900044263,2019-02-24 14:30:00,2019,2,24,14,30,85,85008,D160,46.6532,-1.5054,Plein jour,En agglomération,Hors intersection,Normale,Deux véhicules - côté,3,-1,2,0,1,1,1,0,1,80,2,3,1,0,1,1,62.0,47.0,utilitaire_camion,deux_roues,1,2,1,1,3
201900044264,2019-11-06 08:30:00,2019,11,6,8,30,13,13215,A7-Sens Marseille vers Lyon,43.358043,5.362789,Plein jour,Hors agglomération,Hors intersection,Normale,Deux véhicules - côté,1,-1,3,0,1,1,1,0,1,90,2,2,1,0,0,1,21.0,39.0,utilitaire_camion,deux_roues,1,1,1,1,3
201900044265,2019-02-20 18:55:00,2019,2,20,18,55,84,84007,LYON (route de ),43.95094,4.82596,Nuit avec éclairage allumé,En agglomération,Hors intersection,Normale,Deux véhicules - côté,4,2,-1,1,1,1,1,0,1,50,2,2,1,0,1,0,24.0,45.0,deux_roues,voiture,5,2,1,1,3
201900044266,2019-11-05 21:30:00,2019,11,5,21,30,13,13071,A7-Sens Lyon vers Marseille,43.41532,5.27765,Nuit sans éclairage public,Hors agglomération,Hors intersection,Normale,Deux véhicules - arrière,1,1,3,0,1,1,1,0,1,110,2,3,0,0,0,3,23.0,,voiture,,3,1,1,1,2
201900044267,2019-02-19 17:05:00,2019,2,19,17,5,83,83126,MAR VIVO AUX DEUX CHENES (CHEMIN DE),43.07658,5.88105,Plein jour,Hors agglomération,Autre intersection,Normale,Deux véhicules - côté,4,2,2,0,4,1,1,0,1,30,2,2,1,0,0,1,24.0,45.0,deux_roues,voiture,1,1,9,1,3
201900044268,2019-10-31 19:00:00,2019,10,31,19,0,83,83062,A57,43.1434,6.0142,Nuit sans éclairage public,Hors agglomération,Hors intersection,Pluie légère,Trois véhicules et plus - collisions multiples,1,3,4,0,1,1,2,0,1,110,3,3,1,0,1,1,24.0,47.0,utilitaire_camion,voiture,3,1,1,2,5
201900044269,2019-02-18 17:05:00,2019,2,18,17,5,78,78646,MARECHAL JOFFRE (RUE DU),48.79473,2.12112,Plein jour,En agglomération,Hors intersection,Normale,Deux véhicules - côté,3,2,2,0,1,1,1,0,1,50,2,2,1,0,1,0,21.0,48.0,deux_roues,utilitaire_camion,1,2,1,1,3
201900044270,2019-02-20 06:45:00,2019,2,20,6,45,78,78220,RN 10,48.72223,1.88841,Nuit avec éclairage allumé,Hors agglomération,Hors intersection,Brouillard / fumée,Trois véhicules et plus - en chaîne,2,3,4,0,1,1,2,0,1,70,3,3,2,0,0,1,58.0,31.0,utilitaire_camion,voiture,5,1,1,5,4
201900044271,2019-11-01 01:00:00,2019,11,1,1,0,69,69256,A42     0.560 A 4.020,45.8041865,4.9261387,Nuit sans éclairage public,Hors agglomération,Hors intersection,Pluie légère,Autre collision,1,-1,2,0,1,1,2,0,1,90,1,4,1,0,0,3,34.0,,voiture,,3,1,1,2,6
201900044272,2019-02-23 18:30:00,2019,2,23,18,30,78,78642,MALRAUX BD ANDRE,48.9808,1.9732,Nuit avec éclairage allumé,En agglomération,Intersection en T,Normale,Autre collision,3,2,2,0,1,1,1,0,1,50,2,2,1,0,1,0,34.0,34.0,deux_roues,voiture,5,2,3,1,6
201900044273,2019-11-06 06:15:00,2019,11,6,6,15,91,91174,RN 104,48.6249,2.4682,Nuit sans éclairage public,Hors agglomération,Hors intersection,Pluie légère,Sans collision,2,1,1,0,1,3,2,0,1,30,1,1,0,0,0,1,20.0,,voiture,,3,1,1,2,7
201900044274,2019-02-24 04:00:00,2019,2,24,4,0,77,77291,BRETELLE ACCES N1104,49.00986,2.61517,Nuit sans éclairage public,Hors agglomération,Hors intersection,Normale,Sans collision,2,1,1,0,2,3,1,3,1,70,1,1,0,0,0,1,32.0,,voiture,,3,1,1,1,7
201900044275,2019-11-06 07:30:00,2019,11,6,7,30,78,78090,A13,48.970349,1.905234,Plein jour,Hors agglomération,Hors intersection,Normale,Trois véhicules et plus - en chaîne,1,1,3,0,1,1,1,9,1,130,4,4,0,0,0,4,32.0,33.0,utilitaire_camion,voiture,1,1,1,1,4
201900044276,2019-11-05 14:15:00,2019,11,5,14,15,93,93007,AUTOROUTE A3,48.937292,2.480211,Plein jour,Hors agglomération,Hors intersection,Normale,Deux véhicules - arrière,1,3,6,0,1,1,1,2,1,110,2,2,1,0,0,1,31.0,37.0,voiture,deux_roues,1,1,1,1,2
201900044277,2019-02-21 14:00:00,2019,2,21,14,0,77,77390,D1021 - JEAN MONNET (AVENUE),48.79651,2.64838,Plein jour,En agglomération,Hors intersection,Normale,Autre collision,3,2,2,0,1,1,1,6,1,30,1,2,1,0,1,0,51.0,,voiture,,1,2,1,1,6
201900044278,2019-11-05 10:30:00,2019,11,5,10,30,93,93008,AUTOROUTE A86,48.91375,2.43298,Plein jour,Hors agglomération,Hors intersection,Normale,Deux véhicules - arrière,1,1,1,0,2,1,1,1,1,50,2,2,1,0,0,1,35.0,51.0,voiture,deux_roues,1,1,1,1,2
201900044279,2019-10-28 20:45:00,2019,10,28,20,45,95,95277,AUTOROUTE A1,48.98252,2.50147,Nuit sans éclairage public,Hors agglomération,Hors intersection,Normale,Autre collision,1,3,-1,0,1,1,1,0,1,110,1,1,0,0,0,1,29.0,,utilitaire_camion,,3,1,1,1,6
201900044280,2019-11-06 17:30:00,2019,11,6,17,30,94,94042,A4,48.8288,2.47847,Nuit avec éclairage allumé,Hors agglomération,Hors intersection,Pluie légère,Trois véhicules et plus - en chaîne,1,3,10,0,1,1,2,0,1,90,3,3,2,0,0,1,38.0,24.0,voiture,voiture,5,1,1,2,4
201900044281,2019-02-21 15:50:00,2019,2,21,15,50,77,77243,POIDS AUX LOMBARDS  (RUE DES  ),48.8763,2.70546,Plein jour,En agglomération,Hors intersection,Normale,Autre collision,4,1,1,0,1,1,1,0,1,50,1,1,0,0,0,1,,,,,1,2,1,1,6
201900044282,2019-02-25 01:00:00,2019,2,25,1,0,77,77186,RD58,48.39132,2.70705,Nuit sans éclairage public,Hors agglomération,Hors intersection,Normale,Autre collision,3,2,2,0,1,1,1,0,1,80,1,1,0,0,1,0,28.0,,voiture,,3,1,1,1,6
201900044283,2019-11-06 18:15:00,2019,11,6,18,15,77,77337,A4,48.8299,2.6167,Nuit sans éclairage public,Hors agglomération,Hors intersection,Pluie légère,Trois véhicules et plus - en chaîne,1,3,6,0,1,1,2,0,1,100,3,3,2,0,0,1,85.0,45.0,voiture,voiture,3,1,1,2,4
201900044284,2019-02-20 16:50:00,2019,2,20,16,50,76,76540,DESSEAUX. RUE,49.43099,1.09302,Plein jour,En agglomération,Hors intersection,Normale,Deux véhicules - frontale,4,2,2,1,1,1,1,0,1,50,2,2,1,0,1,0,49.0,27.0,deux_roues,voiture,1,2,1,1,1
201900044285,2019-11-04 12:40:00,2019,11,4,12,40,71,71306,JULES CHAGOT (QUAI),46.67809,4.36443,Plein jour,En agglomération,Hors intersection,Normale,Sans collision,4,2,2,0,1,1,1,0,1,50,1,2,1,0,0,1,88.0,,voiture,,1,2,1,1,7
201900044286,2019-02-23 12:35:00,2019,2,23,12,35,68,68297,ACACIAS ( RUE DES ),47.589726,7.565199,Plein jour,En agglomération,Hors intersection,Normale,Sans collision,4,2,1,0,1,1,1,0,1,50,1,1,0,0,1,0,42.0,,voiture,,1,2,1,1,7
201900044287,2019-10-31 12:10:00,2019,10,31,12,10,45,45068,81 R A BRIAND,48.0118421,2.7396272,Plein jour,En agglomération,Hors intersection,Pluie légère,Sans collision,4,2,2,0,1,1,2,0,1,50,1,1,0,0,0,1,50.0,,deux_roues,,1,2,1,2,7
201900044288,2019-11-02 21:00:00,2019,11,2,21,0,13,13205,ISLY (RUE D'),43.28633,5.39292,Nuit avec éclairage allumé,En agglomération,Hors intersection,Pluie légère,Autre collision,4,1,1,0,1,1,2,0,1,50,1,2,1,0,0,1,28.0,,voiture,,5,2,1,2,6
201900044289,2019-10-31 23:15:00,2019,10,31,23,15,13,13075,FREDERIC MISTRAL (AVE),43.349,5.46813,Nuit avec éclairage allumé,En agglomération,Intersection en T,Normale,Deux véhicules - côté,4,2,3,0,1,1,1,0,1,50,2,2,1,0,0,1,59.0,17.0,voiture,voiture,5,2,3,1,3
201900044290,2019-02-20 17:00:00,2019,2,20,17,0,67,67482,SAINT FLORENT (RUE),48.59435,7.72182,Plein jour,En agglomération,Intersection en T,Normale,Deux véhicules - côté,4,1,1,0,1,1,1,9,1,30,2,3,1,0,0,2,19.0,57.0,voiture,voiture,1,2,3,1,3
201900044291,2019-10-30 18:15:00,2019,10,30,18,15,13,13209,CHE DE LA COLLINE SAINT JOSEPH,43.252849,5.414525,Nuit avec éclairage allumé,En agglomération,Hors intersection,Normale,Autre collision,4,2,2,0,2,3,1,0,1,50,1,2,1,1,0,0,85.0,,voiture,,5,2,1,1,6
201900044292,2019-02-23 09:00:00,2019,2,23,9,0,64,64545,RD810,43.3460849,-1.7522329,Plein jour,Hors agglomération,Hors intersection,Normale,Deux véhicules - côté,3,2,2,0,1,1,1,0,1,50,2,2,1,0,0,1,63.0,30.0,deux_roues,utilitaire_camion,1,1,1,1,3