accident_id,datetime,annee,mois,jour,heure,minute,departement,commune_insee,adresse,latitude,longitude,luminosite,agglomeration,intersection,meteo,collision,catr,circ,nbv,vosp,prof,plan,surf,infra,situ,vma,nb_vehicules,nb_usagers,nb_indemnes,nb_tues,nb_blesses_hosp,nb_blesses_legers,age_cond_1,age_cond_2,veh_type_cond_1,veh_type_cond_2,lum_code,agg_code,int_code,atm_code,col_code
201900044293,2019-10-29 16:35:00,2019,10,29,16,35,13,13208,JEAN MERMOZ (RUE),43.27453,5.38692,Plein jour,En agglomération,Intersection en X,Normale,Autre collision,4,1,1,0,1,1,1,0,1,50,1,2,1,0,0,1,55.0,,voiture,,1,2,2,1,6
201900044294,2019-10-28 18:45:00,2019,10,28,18,45,13,13209,MARÉCHAL DE LATTRE (AVENUE),43.24,5.41,Nuit avec éclairage allumé,En agglomération,Hors intersection,Normale,Deux véhicules - côté,4,3,3,3,1,1,1,0,1,50,2,2,1,0,0,1,23.0,78.0,deux_roues,voiture,5,2,1,1,3
201900044295,2019-02-06 18:55:00,2019,2,6,18,55,62,62528,BETHUNE (RTE DE),50.46034,2.77054,Nuit sans éclairage public,Hors agglomération,Hors intersection,Pluie légère,Deux véhicules - frontale,3,2,0,0,1,1,2,0,1,80,2,2,0,0,0,2,39.0,45.0,voiture,voiture,3,1,1,2,1
201900044296,2019-10-30 18:28:00,2019,10,30,18,28,13,13028,ROUMANILLE (AVENUE JOSEPH),43.19,5.61,Nuit avec éclairage allumé,En agglomération,Hors intersection,Normale,Deux véhicules - côté,4,4,1,0,1,2,1,5,1,50,2,2,1,0,0,1,24.0,79.0,voiture,voiture,5,2,1,1,3
201900044297,2019-02-21 11:35:00,2019,2,21,11,35,61,61001,LAZARE CARNOT (RUE),48.444847,0.098073,Plein jour,En agglomération,Intersection en T,Normale,Deux véhicules - côté,4,2,2,0,1,1,1,0,1,50,2,2,1,0,0,1,42.0,86.0,deux_roues,voiture,1,2,3,1,3
201900044298,2019-06-24 08:22:00,2019,6,24,8,22,75,75115,RUE D ORADOUR SUR GLANE,48.831431,2.28252,Plein jour,En agglomération,Hors intersection,Normale,Deux véhicules - côté,4,2,4,0,1,1,1,0,1,50,2,3,2,0,0,1,43.0,47.0,voiture,transport_commun,1,2,1,1,3
201900044299,2019-11-01 20:05:00,2019,11,1,20,5,93,93045,DECROS EUGENE BOULEVARD,48.882889,2.415706,Nuit avec éclairage allumé,En agglomération,Intersection en X,Pluie légère,Deux véhicules - côté,3,2,2,0,1,1,2,0,1,50,2,2,1,0,0,1,21.0,77.0,deux_roues,voiture,5,2,2,2,3
201900044300,2019-02-24 12:45:00,2019,2,24,12,45,59,59009,OUEST BOULEVARD DE L,50.6387823,3.1221201,Plein jour,En agglomération,Hors intersection,Normale,Sans collision,7,3,5,0,1,1,1,0,1,50,1,2,0,0,2,0,17.0,,voiture,,1,2,1,1,7
201900044301,2019-11-04 09:30:00,2019,11,4,9,30,95,95218,AUTOROUTE A15,49.03619,2.09528,Plein jour,Hors agglomération,Hors intersection,Normale,Deux véhicules - arrière,1,3,8,0,1,1,1,2,1,90,2,2,1,0,0,1,38.0,51.0,utilitaire_camion,voiture,1,1,1,1,2
201900044302,2019-02-19 07:05:00,2019,2,19,7,5,57,57221,LORRAINE (AVENUE DE),49.3232118,6.116699,Nuit avec éclairage allumé,En agglomération,Intersection en X,Pluie légère,Deux véhicules - côté,3,2,3,0,1,1,2,0,1,50,2,3,2,0,1,0,62.0,45.0,deux_roues,voiture,5,2,2,2,3
201900044303,2019-11-02 21:35:00,2019,11,2,21,35,93,93064,AUTOROUTE A86,48.88534,2.47167,Nuit sans éclairage public,Hors agglomération,Hors intersection,Pluie légère,Deux véhicules - arrière,1,3,-1,0,2,3,2,0,1,90,2,2,1,0,0,1,24.0,49.0,voiture,deux_roues,3,1,1,2,2
201900044304,2019-11-02 02:10:00,2019,11,2,2,10,93,93066,AUTOROUTE A1,48.92811,2.358,Nuit avec éclairage allumé,Hors agglomération,Hors intersection,Pluie légère,Trois véhicules et plus - collisions multiples,1,3,6,0,1,3,2,2,1,90,3,3,2,0,0,1,25.0,26.0,voiture,voiture,5,1,1,2,5
201900044305,2019-02-20 15:15:00,2019,2,20,15,15,54,54395,REPUBLIQUE (RUE DE LA),48.682449,6.178482,Plein jour,En agglomération,Hors intersection,Normale,Sans collision,4,-1,1,0,1,1,1,0,1,50,1,1,0,0,1,0,46.0,,deux_roues,,1,2,1,1,7
201900044306,2019-10-31 21:20:00,2019,10,31,21,20,95,95582,AUTOROUTE A15,48.96994,2.25001,Nuit avec éclairage non allumé,Hors agglomération,Hors intersection,Normale,Deux véhicules - arrière,1,-1,8,0,1,1,1,0,1,110,2,2,0,0,0,2,51.0,39.0,voiture,voiture,4,1,1,1,2
201900044307,2019-11-04 19:55:00,2019,11,4,19,55,988,98818,RUE AUGUSTE BENEBIG/RUE BATAILLE,-22.27188,166.45055,Nuit avec éclairage allumé,En agglomération,Intersection en T,Normale,Deux véhicules - côté,4,2,4,0,2,1,1,0,1,50,2,2,1,0,0,1,56.0,34.0,utilitaire_camion,deux_roues,5,2,3,1,3
201900044308,2019-02-23 17:38:00,2019,2,23,17,38,51,51454,ROUTE DE WITRY,49.2680643,4.0681002,Plein jour,En agglomération,Hors intersection,Normale,Deux véhicules - arrière,2,2,2,0,1,1,1,0,1,50,2,8,1,0,0,7,24.0,44.0,voiture,voiture,1,2,1,1,2
201900044309,2019-11-05 18:05:00,2019,11,5,18,5,976,97611,kaweni-Pendu (Place),-12.76159,45.228,Nuit sans éclairage public,En agglomération,Hors intersection,Normale,Autre collision,2,2,2,0,1,1,1,0,1,50,1,2,1,0,0,1,28.0,,utilitaire_camion,,3,2,1,1,6
201900044310,2019-02-23 19:30:00,2019,2,23,19,30,50,50147,ROCADE NORD,49.06164,-1.45202,Nuit sans éclairage public,Hors agglomération,Hors intersection,Normale,Deux véhicules - frontale,3,2,3,0,1,1,1,3,1,80,2,2,0,0,0,2,28.0,50.0,voiture,voiture,3,1,1,1,1
201900044311,2019-02-21 22:10:00,2019,2,21,22,10,42,42031,RD 3,45.40389,4.23539,Nuit sans éclairage public,Hors agglomération,Hors intersection,Normale,Autre collision,3,-1,2,0,2,1,1,0,1,50,1,1,0,0,0,1,38.0,,voiture,,3,1,1,1,6
201900044312,2019-11-02 21:05:00,2019,11,2,21,5,973,97302,MONTABO (ROUTE DE) 1,4.9416578,-52.3041916,Nuit avec éclairage allumé,En agglomération,Intersection en T,Normale,Deux véhicules - frontale,3,2,2,2,1,1,1,5,1,50,2,2,1,0,0,1,47.0,32.0,deux_roues,voiture,5,2,3,1,1
201900044313,2019-10-30 10:50:00,2019,10,30,10,50,973,97302,MANGUES (RUE DES - CITE MANGUIERS),4.9343572,-52.3230314,Plein jour,En agglomération,Hors intersection,Normale,Autre collision,4,2,2,0,1,2,1,0,1,50,1,2,1,0,0,1,45.0,,voiture,,1,2,1,1,6
201900044314,2019-11-05 18:15:00,2019,11,5,18,15,69,69387,CHALLEMEL LACOUR                    (R ),45.72939,4.84586,Nuit avec éclairage allumé,En agglomération,Intersection en T,Normale,Deux véhicules - côté,7,2,3,1,1,1,1,5,1,50,2,2,1,0,0,1,52.0,23.0,voiture,deux_roues,5,2,3,1,3
201900044315,2019-02-19 18:30:00,2019,2,19,18,30,38,38563,BRUNERIE (CARREFOUR DE LA),45.3797,5.58085,Nuit avec éclairage allumé,En agglomération,Giratoire,Normale,Deux véhicules - côté,3,2,2,2,4,2,1,0,1,50,2,2,1,0,1,0,57.0,48.0,deux_roues,voiture,5,2,6,1,3
201900044316,2019-11-05 07:30:00,2019,11,5,7,30,69,69387,JEAN JAURES                         (AV),45.74036,4.83895,Crépuscule ou aube,En agglomération,Hors intersection,Pluie légère,Deux véhicules - côté,4,2,4,0,1,1,1,0,1,50,2,2,0,0,0,2,42.0,64.0,voiture,voiture,2,2,1,2,3
201900044317,2019-02-21 14:37:00,2019,2,21,14,37,37,37261,GUYNEMER (RUE GEORGES),47.3806385,0.7042642,Plein jour,En agglomération,Hors intersection,Normale,Autre collision,4,1,1,0,1,1,1,0,1,30,1,3,2,0,0,1,40.0,,voiture,,1,2,1,1,6
201900044318,2019-02-07 12:20:00,2019,2,7,12,20,35,35281,AURIOL (JACQUELINE),48.07563,-1.72435,Plein jour,En agglomération,Intersection en X,Normale,Autre collision,4,2,2,0,1,1,1,0,1,50,1,1,0,0,0,1,19.0,,voiture,,1,2,2,1,6
201900044319,2019-10-31 14:50:00,2019,10,31,14,50,69,69386,GERMAIN                             (R ),45.76518,4.86582,Plein jour,En agglomération,Intersection en X,Normale,Deux véhicules - côté,4,1,1,0,1,1,1,0,1,50,2,2,1,0,0,1,19.0,59.0,deux_roues,voiture,1,2,2,1,3
201900044320,2019-11-05 17:05:00,2019,11,5,17,5,69,69149,GRANDE RUE                          (GR),45.7129,4.8041,Crépuscule ou aube,En agglomération,Hors intersection,Pluie légère,Autre collision,4,2,2,0,2,1,2,0,1,30,1,2,1,0,0,1,33.0,,voiture,,2,2,1,2,6
201900044321,2019-02-20 23:20:00,2019,2,20,23,20,35,35238,FREVILLE (AVENUE HENRI),48.083737,-1.675104,Nuit avec éclairage allumé,En agglomération,Intersection en X,Normale,Deux véhicules - côté,4,3,4,0,1,1,1,0,1,50,2,3,1,0,0,2,20.0,28.0,voiture,voiture,5,2,2,1,3
201900044322,2019-11-04 21:20:00,2019,11,4,21,20,971,97101,PETIT PEROU,16.2574842,-61.5198424,Nuit sans éclairage public,En agglomération,Hors intersection,Normale,Deux véhicules - arrière,4,2,1,0,1,3,1,9,1,50,2,2,1,0,0,1,22.0,61.0,deux_roues,voiture,3,2,1,1,2
201900044323,2019-02-20 12:10:00,2019,2,20,12,10,34,34172,CLEMENCEAU (AVENUE GEORGES),43.60446,3.87364,Plein jour,En agglomération,Intersection en T,Normale,Autre collision,4,1,2,0,1,1,1,0,1,50,1,2,1,0,0,1,46.0,,voiture,,1,2,3,1,6
201900044324,2019-11-02 05:00:00,2019,11,2,5,0,971,97101,GRAND CAMP(SECTION),16.25384,-61.54103,Nuit avec éclairage allumé,Hors agglomération,Hors intersection,Pluie légère,Deux véhicules - arrière,9,1,2,0,1,2,1,5,1,50,2,1,0,0,0,1,56.0,,deux_roues,,5,1,1,2,2
201900044325,2019-02-20 23:00:00,2019,2,20,23,0,34,34129,AGAU (AVENUE DE L'),43.57993,3.90817,Nuit avec éclairage non allumé,Hors agglomération,Hors intersection,Normale,Deux véhicules - frontale,4,-1,2,0,1,1,1,0,1,50,2,3,1,1,1,0,23.0,27.0,voiture,voiture,4,1,1,1,1
201900044326,2019-10-25 12:20:00,2019,10,25,12,20,91,91312,PIERRE LESCOT (RUE),48.73313,2.22234,Plein jour,En agglomération,Hors intersection,Normale,Deux véhicules - côté,7,1,1,0,1,1,1,0,4,50,2,3,1,0,1,1,15.0,65.0,deux_roues,voiture,1,2,1,1,3
201900044327,2019-11-02 17:00:00,2019,11,2,17,0,91,91692,OCEANIE (AVENUE DE L'),48.681286,2.203216,Plein jour,Hors agglomération,Hors intersection,Pluie légère,Deux véhicules - côté,3,3,2,0,1,3,2,0,1,70,2,2,1,0,0,1,32.0,27.0,voiture,deux_roues,1,1,1,2,3
201900044328,2019-02-08 14:40:00,2019,2,8,14,40,33,33249,Av de la Libération / R. Jean Auriac,44.87587,-0.51936,Plein jour,En agglomération,Intersection en T,Normale,Autre collision,4,3,4,2,1,1,1,4,6,50,1,2,1,0,0,1,52.0,,transport_commun,,1,2,3,1,6
201900044329,2019-11-04 09:15:00,2019,11,4,9,15,91,91377,DE LATTRE DE TASSIGNY (AVENUE DU MARECHA,48.72533,2.28343,Plein jour,En agglomération,Autre intersection,Normale,Deux véhicules - frontale,3,4,5,0,1,1,1,0,1,50,2,2,0,0,0,2,24.0,28.0,voiture,voiture,1,2,9,1,1
201900044330,2019-02-21 09:35:00,2019,2,21,9,35,31,31555,VA007331 A620,43.56899,1.42227,Plein jour,Hors agglomération,Hors intersection,Normale,Deux véhicules - côté,1,3,3,0,2,3,1,0,1,90,2,2,1,0,0,1,44.0,,deux_roues,,1,1,1,1,3
201900044331,2019-11-05 18:40:00,2019,11,5,18,40,91,91657,JULES VERNE (RUE),48.70323,2.43457,Crépuscule ou aube,En agglomération,Intersection en X,Normale,Autre collision,4,2,2,0,1,1,1,0,1,50,1,1,0,0,0,1,28.0,,voiture,,2,2,2,1,6
201900044332,2019-02-21 12:30:00,2019,2,21,12,30,31,31555,RUE MAURICE FONVIEILLE,43.60364,1.45062,Plein jour,En agglomération,Hors intersection,Normale,Autre collision,4,1,2,0,1,1,1,0,1,50,1,2,1,0,0,1,90.0,,voiture,,1,2,1,1,6
201900044333,2019-11-05 07:35:00,2019,11,5,7,35,91,91201,RIS (RUE DE),48.6626,2.41763,Crépuscule ou aube,En agglomération,Intersection en X,Pluie légère,Autre collision,4,2,3,0,1,1,2,5,1,50,1,2,1,0,0,1,47.0,,voiture,,2,2,2,2,6
201900044334,2019-02-21 11:45:00,2019,2,21,11,45,31,31555,RUE DU FAUBOURG BONNEFOY,43.61626,1.45341,Plein jour,En agglomération,Intersection en T,Normale,Deux véhicules - côté,4,2,2,0,1,1,1,0,1,500,2,2,1,0,0,1,31.0,43.0,voiture,deux_roues,1,2,3,1,3
201900044335,2019-11-03 20:44:00,2019,11,3,20,44,87,87085,PERRIN (RUE FRANCOIS),45.82727,1.23951,Nuit avec éclairage allumé,En agglomération,Intersection en X,Pluie légère,Deux véhicules - côté,4,2,2,0,1,1,2,5,1,50,2,2,1,0,1,0,29.0,43.0,voiture,deux_roues,5,2,2,2,3
201900044336,2019-02-19 18:00:00,2019,2,19,18,0,31,31149,MARCEL DASSAULT (BOULEVARD),43.61006,1.34991,Nuit avec éclairage allumé,En agglomération,Hors intersection,Normale,Deux véhicules - côté,3,2,2,0,1,1,1,0,1,50,2,2,1,0,0,1,30.0,35.0,deux_roues,voiture,5,2,1,1,3
201900044337,2019-11-02 23:22:00,2019,11,2,23,22,87,87075,BAYLES (AVENUE DES),45.80994,1.22,Nuit avec éclairage allumé,En agglomération,Intersection en X,Pluie légère,Deux véhicules - côté,4,2,2,0,1,1,2,5,1,50,2,3,2,0,0,1,24.0,27.0,voiture,voiture,5,2,2,2,3
201900044338,2019-02-21 08:36:00,2019,2,21,8,36,31,31555,VA007553 A61,43.63418,1.47791,Plein jour,Hors agglomération,Hors intersection,Normale,Deux véhicules - côté,1,3,6,0,1,1,1,0,1,90,2,2,1,0,0,1,32.0,38.0,deux_roues,voiture,1,1,1,1,3
201900044339,2019-02-20 16:15:00,2019,2,20,16,15,31,31555,VA007331 A620,43.62595,1.41889,Plein jour,Hors agglomération,Hors intersection,Normale,Deux véhicules - arrière,1,1,2,0,2,3,1,0,1,70,2,2,1,0,1,0,27.0,33.0,voiture,deux_roues,1,1,1,1,2
201900044340,2019-11-01 17:48:00,2019,11,1,17,48,87,87085,GARIBALDI (AVENUE),45.8384,1.25859,Plein jour,En agglomération,Intersection en T,Pluie légère,Deux véhicules - côté,4,1,1,0,1,1,2,0,1,50,2,2,1,0,0,1,55.0,27.0,deux_roues,voiture,1,2,3,2,3
201900044341,2019-11-01 19:20:00,2019,11,1,19,20,86,86194,FAUBOURG SAINT CYPRIEN (RUE DU),46.5666132,0.3443044,Nuit avec éclairage allumé,En agglomération,Hors intersection,Pluie légère,Autre collision,4,2,2,0,1,3,2,0,1,50,1,2,1,0,1,0,32.0,,voiture,,5,2,1,2,6
201900044342,2019-02-18 04:40:00,2019,2,18,4,40,30,30007,ONZE NOVEMBRE 1918 (QUAI DU),44.133693,4.0782489,Nuit avec éclairage allumé,En agglomération,Intersection en T,Normale,Deux véhicules - côté,2,2,2,0,1,1,1,5,1,50,2,2,1,0,0,1,43.0,31.0,utilitaire_camion,voiture,5,2,3,1,3
201900044343,2019-11-01 12:20:00,2019,11,1,12,20,86,86066,BROSSOLETTE (ROND POINT PIERRE),46.79599,0.52755,Plein jour,En agglomération,Giratoire,Pluie légère,Deux véhicules - arrière,3,1,1,0,1,1,2,0,1,50,2,4,3,0,0,1,39.0,19.0,voiture,voiture,1,2,6,2,2
201900044344,2019-11-04 18:55:00,2019,11,4,18,55,83,83137,FILS MARESCOT (AVE DES),43.15228,5.90356,Nuit avec éclairage allumé,En agglomération,Intersection en T,Normale,Deux véhicules - côté,4,2,2,0,2,1,1,0,1,50,2,2,1,0,0,1,81.0,24.0,voiture,deux_roues,5,2,3,1,3
201900044345,2019-02-19 14:50:00,2019,2,19,14,50,29,29019,EUROPE (DE 201 A 215),48.4091346,-4.5200921,Plein jour,En agglomération,Giratoire,Normale,Deux véhicules - côté,4,2,2,0,1,1,1,0,1,50,2,2,1,0,0,1,52.0,38.0,voiture,deux_roues,1,2,6,1,3
201900044346,2019-11-04 17:50:00,2019,11,4,17,50,83,83069,COSTEBELLE (MONTEE DE),43.1094,6.1221,Nuit avec éclairage allumé,En agglomération,Hors intersection,Temps couvert,Deux véhicules - arrière,4,3,2,0,2,1,1,5,1,50,2,2,1,0,0,1,15.0,64.0,deux_roues,voiture,5,2,1,8,2
201900044347,2019-02-17 13:22:00,2019,2,17,13,22,22,22187,PECHEURS (rue des ),48.5325003,-2.7308621,Plein jour,En agglomération,Hors intersection,Normale,Sans collision,4,2,2,0,2,1,1,0,1,50,1,1,0,1,0,0,51.0,,deux_roues,,1,2,1,1,7
201900044348,2019-11-04 10:35:00,2019,11,4,10,35,80,80021,ALEXANDRE DUMAS (RUE),49.87155,2.29866,Plein jour,En agglomération,Hors intersection,Normale,Deux véhicules - côté,4,2,4,3,1,1,1,0,1,50,2,2,1,0,1,0,68.0,54.0,deux_roues,transport_commun,1,2,1,1,3
201900044349,2019-11-04 07:55:00,2019,11,4,7,55,80,80021,VERDUN (RUE DE ),49.89396,2.31153,Plein jour,En agglomération,Hors intersection,Pluie légère,Autre collision,4,2,2,0,1,1,2,0,1,50,1,2,1,0,0,1,25.0,,voiture,,1,2,1,2,6
201900044350,2019-02-21 14:35:00,2019,2,21,14,35,17,17300,CHAUDRIER   RUE,46.16272,-1.152413,Plein jour,En agglomération,Intersection en T,Normale,Autre collision,4,1,2,3,1,1,1,0,1,50,1,2,1,0,0,1,73.0,,deux_roues,,1,2,3,1,6
201900044351,2019-11-05 17:45:00,2019,11,5,17,45,77,77284,ROSE (BD.JEAN),48.962,2.879,Nuit avec éclairage allumé,En agglomération,Hors intersection,Temps couvert,Autre collision,4,2,2,0,1,1,1,0,1,50,1,2,1,0,0,1,50.0,,voiture,,5,2,1,8,6
201900044352,2019-11-05 16:50:00,2019,11,5,16,50,77,77284,BRAILLE (RUE LOUIS),48.96708,2.8731,Plein jour,En agglomération,Hors intersection,Normale,Autre collision,4,2,2,0,1,1,1,0,1,30,1,2,1,0,0,1,72.0,,voiture,,1,2,1,1,6
201900044353,2019-11-04 19:15:00,2019,11,4,19,15,76,76575,CROIZAT. AVENUE AMBROISE,49.37051,1.10499,Nuit avec éclairage allumé,En agglomération,Hors intersection,Normale,Autre collision,3,-1,2,0,1,1,1,0,1,50,1,2,1,0,0,1,34.0,,voiture,,5,2,1,1,6
201900044354,2019-11-04 21:25:00,2019,11,4,21,25,76,76447,BELLE ETOILE,49.5352,0.17711,Nuit avec éclairage allumé,En agglomération,Hors intersection,Pluie légère,Autre collision,4,2,2,0,2,2,2,0,1,70,1,1,0,0,0,1,46.0,,voiture,,5,2,1,2,6
201900044355,2019-11-01 19:08:00,2019,11,1,19,8,76,76351,FLEURUS (DE),49.490656,0.139846,Nuit avec éclairage allumé,En agglomération,Hors intersection,Pluie forte,Autre collision,4,2,1,0,1,1,2,0,1,50,2,2,1,0,0,1,23.0,47.0,deux_roues,voiture,5,2,1,3,6
201900044356,2019-02-24 17:05:00,2019,2,24,17,5,13,13207,Corniche John Fitzgérald Kennedy,43.28414,5.34978,Plein jour,En agglomération,Hors intersection,Normale,Deux véhicules - côté,4,2,2,0,1,1,1,0,1,50,2,2,1,0,0,1,49.0,34.0,deux_roues,voiture,1,2,1,1,3
201900044357,2019-11-04 16:50:00,2019,11,4,16,50,72,72181,CHAMPION HENRI (RUE) N° PAIRS,47.98249,0.22823,Plein jour,En agglomération,Hors intersection,Pluie légère,Autre collision,4,2,2,1,1,1,2,0,2,50,1,2,1,0,0,1,64.0,,voiture,,1,2,1,2,6
201900044358,2019-02-21 16:40:00,2019,2,21,16,40,13,13210,RABATAU (BOULEVARD),43.28116,5.39946,Plein jour,En agglomération,Autre intersection,Normale,Deux véhicules - frontale,4,2,4,0,1,1,1,0,1,50,2,2,1,0,1,0,40.0,39.0,voiture,deux_roues,1,2,9,1,1
201900044359,2019-02-21 08:40:00,2019,2,21,8,40,13,13204,FRANÇOISE DUPARC (BOULEVARD),43.306548,5.400998,Plein jour,En agglomération,Intersection en T,Normale,Deux véhicules - côté,4,2,5,0,1,1,1,0,1,50,2,2,1,0,0,1,23.0,25.0,voiture,deux_roues,1,2,3,1,3
201900044360,2019-11-05 14:20:00,2019,11,5,14,20,69,69290,GENAS (DE)                          (CH),45.71379,4.95795,Plein jour,En agglomération,Hors intersection,Temps couvert,Deux véhicules - côté,4,2,2,0,1,1,1,0,1,50,2,2,1,0,0,1,56.0,22.0,voiture,voiture,1,2,1,8,3
201900044361,2019-02-21 07:20:00,2019,2,21,7,20,13,13005,THUILIERE (CHEMIN DE LA CD44),43.29646,5.54031,Plein jour,En agglomération,Hors intersection,Normale,Deux véhicules - frontale,3,2,2,0,3,3,1,0,1,50,2,3,0,0,0,3,22.0,32.0,voiture,voiture,1,2,1,1,1
201900044362,2019-11-05 13:00:00,2019,11,5,13,0,67,67482,KENTZINGER (RUE),48.5735302,7.7963037,Plein jour,En agglomération,Intersection en T,Temps couvert,Autre collision,4,1,1,0,1,1,1,0,1,50,1,1,0,0,0,1,,,,,1,2,3,8,6
201900044363,2019-02-21 13:50:00,2019,2,21,13,50,12,12202,PARAIRE (RUE DE),44.3485,2.5622,Plein jour,En agglomération,Hors intersection,Normale,Autre collision,4,2,2,0,1,1,1,0,1,50,1,1,0,0,1,0,97.0,,voiture,,1,2,1,1,6
201900044364,2019-02-14 17:25:00,2019,2,14,17,25,7,07019,LESIN LACOSTE (RUE),44.62095,4.38687,Plein jour,En agglomération,Hors intersection,Normale,Autre collision,4,2,2,0,2,1,1,9,1,30,1,1,0,0,0,1,,,,,1,2,1,1,6
201900044365,2019-11-04 23:50:00,2019,11,4,23,50,67,67482,WILSON (TUNNEL WODLI ),48.58812,7.73738,Nuit avec éclairage allumé,En agglomération,Hors intersection,Normale,Autre collision,4,2,2,1,1,2,1,0,5,35,2,1,0,0,0,1,36.0,,deux_roues,,5,2,1,1,6
201900044366,2019-11-04 10:45:00,2019,11,4,10,45,67,67482,SCHUTZENBERGER (AVENUE),48.595115,7.758324,Plein jour,En agglomération,Hors intersection,Normale,Deux véhicules - côté,4,3,4,1,1,1,1,0,1,50,2,2,1,0,0,1,29.0,65.0,voiture,deux_roues,1,2,1,1,3
201900044367,2019-02-21 18:10:00,2019,2,21,18,10,6,06088,VOIE RAPIDE,43.69997,7.25088,Nuit avec éclairage allumé,En agglomération,Hors intersection,Normale,Deux véhicules - arrière,4,3,4,0,1,1,1,2,1,70,2,3,2,0,0,1,36.0,75.0,voiture,voiture,5,2,1,1,2
201900044368,2019-11-04 08:20:00,2019,11,4,8,20,66,66136,PANCHOT (AVENUE JULIEN),42.68591,2.867943,Nuit avec éclairage allumé,En agglomération,Intersection en X,Normale,Deux véhicules - côté,4,3,2,0,1,1,1,0,1,50,2,2,1,0,1,0,16.0,49.0,deux_roues,voiture,5,2,2,1,3
201900044369,2019-02-21 11:35:00,2019,2,21,11,35,6,06069,CROISSET (AVENUE FR. DE),43.66678,6.93634,Plein jour,En agglomération,Hors intersection,Normale,Autre collision,3,2,0,0,1,1,1,9,1,50,1,3,1,0,1,1,42.0,,utilitaire_camion,,1,2,1,1,6
201900044370,2019-11-04 11:30:00,2019,11,4,11,30,66,66136, Bd BERLIET MARIUS,42.73352,2.89019,Plein jour,En agglomération,Hors intersection,Normale,Deux véhicules - arrière,4,2,4,0,1,1,1,0,1,50,2,2,1,0,0,1,22.0,58.0,utilitaire_camion,voiture,1,2,1,1,2
201900044371,2019-02-24 01:50:00,2019,2,24,1,50,6,06029,JOURDAN (AVENUE MICHEL),43.55945,6.96817,Nuit avec éclairage allumé,En agglomération,Hors intersection,Normale,Autre collision,3,2,2,0,1,1,1,0,1,50,1,1,0,1,0,0,26.0,,utilitaire_camion,,5,2,1,1,6
201900044372,2019-11-05 14:50:00,2019,11,5,14,50,64,64483,CHANTACO (AVENUE DE ),43.38887,-1.65359,Plein jour,En agglomération,Autre intersection,Pluie forte,Autre collision,3,1,1,0,1,2,2,9,1,50,2,2,1,0,0,1,24.0,34.0,deux_roues,utilitaire_camion,1,2,9,3,6
201900044373,2019-02-21 07:40:00,2019,2,21,7,40,6,06027,TRAVAILS CHEMIN DES,43.66766,7.13936,Plein jour,En agglomération,Hors intersection,Normale,Deux véhicules - côté,4,2,2,0,2,1,1,0,1,50,2,3,1,0,0,2,29.0,56.0,utilitaire_camion,deux_roues,1,2,1,1,3
201900044374,2019-10-30 12:15:00,2019,10,30,12,15,64,64445,RAYMOND DE CARBONNIERES,43.30301,-0.35212,Plein jour,En agglomération,Autre intersection,Normale,Deux véhicules - côté,4,2,2,1,1,1,1,5,1,50,2,2,1,0,0,1,47.0,42.0,voiture,voiture,1,2,9,1,3
201900044375,2019-02-19 06:45:00,2019,2,19,6,45,6,06027,GARE AVENUE DE LA,43.658358,7.148075,Plein jour,En agglomération,Intersection en Y,Normale,Autre collision,7,2,2,0,1,1,1,0,1,50,1,2,1,0,0,1,49.0,,voiture,,1,2,4,1,6
201900044376,2019-10-30 19:55:00,2019,10,30,19,55,64,64122,PITCHOT (RUE DE),43.4655597,-1.5374313,Nuit avec éclairage allumé,En agglomération,Hors intersection,Normale,Autre collision,4,3,1,0,1,1,1,9,1,30,1,1,0,0,1,0,30.0,,deux_roues,,5,2,1,1,6
201900044377,2019-02-22 20:15:00,2019,2,22,20,15,1,01031,ALEX (ROUTE D'),46.233044,5.631911,Nuit sans éclairage public,Hors agglomération,Hors intersection,Normale,Deux véhicules - frontale,3,2,2,0,2,1,1,0,1,80,2,2,0,0,0,2,55.0,20.0,voiture,voiture,3,1,1,1,1
201900044378,2019-10-30 22:20:00,2019,10,30,22,20,64,64125,ESPAGNE (AVENUE D'),43.43033,-1.59927,Nuit avec éclairage allumé,En agglomération,Hors intersection,Temps couvert,Deux véhicules - côté,3,2,2,1,4,1,2,0,1,50,2,3,2,0,1,0,50.0,41.0,voiture,voiture,5,2,1,8,3
201900044379,2019-02-23 06:10:00,2019,2,23,6,10,75,75112,PORTE DE VINCENNES,48.844356,2.413896,Nuit avec éclairage allumé,En agglomération,Intersection en Y,Normale,Autre collision,4,1,4,0,1,1,1,0,1,70,2,1,0,0,0,1,59.0,,voiture,,5,2,4,1,6
201900044380,2019-10-25 19:30:00,2019,10,25,19,30,63,63124,LECLERC (AVENUE MARECHAL),45.74048,3.17326,Nuit avec éclairage allumé,En agglomération,Hors intersection,Normale,Autre collision,4,2,3,3,2,1,1,0,1,50,1,2,1,0,1,0,24.0,,deux_roues,,5,2,1,1,6
201900044381,2019-02-24 18:35:00,2019,2,24,18,35,75,75106,BOULEVARD DU MONTPARNASSE,48.843805,2.324294,Nuit avec éclairage allumé,En agglomération,Intersection en X,Normale,Deux véhicules - côté,4,3,8,0,1,1,1,0,1,50,2,3,2,0,0,1,37.0,49.0,voiture,voiture,5,2,2,1,3
201900044382,2019-11-04 14:15:00,2019,11,4,14,15,59,59350,JAURES RUE JEAN,50.62261,3.07305,Plein jour,En agglomération,Intersection en X,Normale,Deux véhicules - côté,4,1,1,0,1,1,1,0,1,50,2,3,0,0,0,3,58.0,22.0,voiture,voiture,1,2,2,1,3