accident_id,datetime,annee,mois,jour,heure,minute,departement,commune_insee,adresse,latitude,longitude,luminosite,agglomeration,intersection,meteo,collision,catr,circ,nbv,vosp,prof,plan,surf,infra,situ,vma,nb_vehicules,nb_usagers,nb_indemnes,nb_tues,nb_blesses_hosp,nb_blesses_legers,age_cond_1,age_cond_2,veh_type_cond_1,veh_type_cond_2,lum_code,agg_code,int_code,atm_code,col_code
201900044473,2019-01-13 05:30:00,2019,1,13,5,30,47,47051,D215,44.173009,0.719662,Nuit sans éclairage public,Hors agglomération,Hors intersection,Pluie légère,Autre collision,3,2,2,0,1,1,2,0,3,80,1,1,0,0,1,0,23.0,,voiture,,3,1,1,2,6
201900044474,2019-01-09 11:50:00,2019,1,9,11,50,34,34010,RD 27,43.695315,3.578649,Plein jour,Hors agglomération,Hors intersection,Normale,Trois véhicules et plus - collisions multiples,3,2,2,0,1,1,1,0,1,80,3,3,2,0,1,0,48.0,62.0,utilitaire_camion,voiture,1,1,1,1,5
201900044475,2019-01-13 10:50:00,2019,1,13,10,50,68,68107,cd419,47.630667,7.136369,Plein jour,Hors agglomération,Autre intersection,Pluie forte,Autre collision,3,2,2,0,2,1,2,9,3,80,1,1,0,0,1,0,25.0,,voiture,,1,1,9,3,6
201900044476,2019-01-13 18:55:00,2019,1,13,18,55,22,22248,kermilon,48.6057466,-3.1239399,Nuit sans éclairage public,Hors agglomération,Hors intersection,Pluie légère,Deux véhicules - frontale,3,2,2,0,1,3,2,0,1,80,2,4,1,1,2,0,26.0,25.0,utilitaire_camion,voiture,3,1,1,2,1
201900044477,2019-01-11 15:30:00,2019,1,11,15,30,22,22147,place de la madeleine,48.1935141,-2.4143776,Plein jour,En agglomération,Intersection en T,Normale,Deux véhicules - côté,4,2,2,0,1,3,2,0,1,50,2,2,1,0,0,1,30.0,77.0,deux_roues,voiture,1,2,3,1,3
201900044478,2019-01-13 11:30:00,2019,1,13,11,30,3,03223,Chitin,46.1747868,3.5847263,Plein jour,Hors agglomération,Hors intersection,Normale,Autre collision,3,2,2,0,1,1,1,0,3,80,1,1,0,0,0,1,43.0,,voiture,,1,1,1,1,6
201900044479,2019-01-11 09:30:00,2019,1,11,9,30,66,66148,rue du grand large,42.519749,3.104167,Crépuscule ou aube,En agglomération,Hors intersection,Temps éblouissant,Deux véhicules - arrière,7,2,2,0,1,1,1,0,1,50,2,2,1,0,1,0,38.0,,voiture,,2,2,1,7,2
201900044480,2019-01-14 14:40:00,2019,1,14,14,40,7,07338,avenue de privas D2,44.893901,4.641136,Plein jour,En agglomération,Hors intersection,Pluie légère,Autre collision,3,2,2,0,1,3,2,0,4,-1,1,1,0,0,0,1,35.0,,deux_roues,,1,2,1,2,6
201900044481,2019-01-13 16:00:00,2019,1,13,16,0,53,53215,le bois,47.79287,-0.708349,Plein jour,Hors agglomération,Hors intersection,Temps couvert,Autre collision,2,2,2,0,1,1,1,0,8,80,1,4,2,0,1,1,32.0,,voiture,,1,1,1,8,6
201900044482,2019-01-14 12:20:00,2019,1,14,12,20,85,85012,63 route de la rive,46.87649,-2.12423,Plein jour,Hors agglomération,Hors intersection,Normale,Autre collision,4,2,2,0,1,1,1,0,3,50,1,1,0,1,0,0,78.0,,voiture,,1,1,1,1,6
201900044483,2019-01-13 20:45:00,2019,1,13,20,45,85,85107,La Promenade,46.95829,-1.24844,Nuit sans éclairage public,Hors agglomération,Hors intersection,Normale,Autre collision,3,2,2,0,1,1,1,0,1,80,2,2,1,0,1,0,31.0,51.0,voiture,deux_roues,3,1,1,1,6
201900044484,2019-01-12 16:15:00,2019,1,12,16,15,24,24532,moulin neuf,44.6691,0.46533,Plein jour,Hors agglomération,Intersection en X,Pluie légère,Deux véhicules - côté,3,2,2,0,2,1,2,5,1,80,2,3,2,0,1,0,74.0,36.0,deux_roues,utilitaire_camion,1,1,2,2,3
201900044485,2019-01-09 16:10:00,2019,1,9,16,10,77,77480,autoroute A5,48.44739,2.90171,Plein jour,Hors agglomération,Autre intersection,Neige / grêle,Deux véhicules - arrière,1,3,3,0,2,1,7,0,1,130,2,6,1,0,0,5,36.0,48.0,voiture,voiture,1,1,9,4,2
201900044486,2019-01-13 06:10:00,2019,1,13,6,10,73,73151,Autoroute A41,45.4724044,6.0173464,Nuit sans éclairage public,Hors agglomération,Hors intersection,Pluie forte,Deux véhicules - côté,1,3,4,0,1,1,3,0,1,130,2,2,1,0,1,0,34.0,24.0,voiture,voiture,3,1,1,3,3
201900044487,2019-01-14 11:20:00,2019,1,14,11,20,4,04197,"autoroute A.51, PK 67+530",43.782262,5.804073,Plein jour,Hors agglomération,Hors intersection,Normale,Sans collision,1,3,4,0,1,1,1,0,3,130,1,4,2,0,0,2,25.0,,utilitaire_camion,,1,1,1,1,7
201900044488,2019-01-14 08:45:00,2019,1,14,8,45,42,42011,Autoroute A89 - PK 490+500 sens LYON/BALBIGNY,45.840203,4.202106,Plein jour,Hors agglomération,Hors intersection,Temps couvert,Trois véhicules et plus - en chaîne,1,3,2,0,1,1,2,0,1,130,3,3,1,0,0,2,23.0,61.0,voiture,voiture,1,1,1,8,4
201900044489,2019-01-14 07:40:00,2019,1,14,7,40,6,06152,946 route d'Antibes,43.623439,7.010375,Plein jour,Hors agglomération,Intersection en T,Normale,Deux véhicules - frontale,3,2,2,0,1,1,2,0,1,70,2,2,1,0,0,1,41.0,16.0,voiture,deux_roues,1,1,3,1,1
201900044490,2019-01-13 18:30:00,2019,1,13,18,30,67,67239,A35 pk 445.800,48.2351904,7.4076816,Nuit sans éclairage public,Hors agglomération,Hors intersection,Pluie forte,Deux véhicules - arrière,1,3,4,0,1,1,2,3,6,110,2,2,1,0,1,0,31.0,52.0,utilitaire_camion,voiture,3,1,1,3,2
201900044491,2019-01-13 21:50:00,2019,1,13,21,50,77,77339,Autoroute A6 PK 54+600 dans le sens Paris/Lyon,48.38933,2.55537,Nuit sans éclairage public,Hors agglomération,Hors intersection,Pluie légère,Trois véhicules et plus - en chaîne,1,1,5,0,3,2,2,0,1,130,3,5,2,0,1,2,54.0,41.0,voiture,voiture,3,1,1,2,4
201900044492,2019-01-13 19:30:00,2019,1,13,19,30,974,97415,RN1A,-21.0148224,55.2707248,Nuit avec éclairage allumé,En agglomération,Hors intersection,Normale,Deux véhicules - frontale,2,3,2,0,1,3,1,0,1,50,2,4,3,1,0,0,34.0,46.0,deux_roues,voiture,5,2,1,1,1
201900044493,2019-01-13 20:40:00,2019,1,13,20,40,973,97311,"ZAE DESMARINIERES, route des chutes voltaire",5.466375,-54.029217,Nuit sans éclairage public,En agglomération,Place,Normale,Autre collision,6,-1,-1,0,1,1,1,0,1,50,1,4,0,0,0,4,14.0,,voiture,,3,2,7,1,6
201900044494,2019-01-14 07:30:00,2019,1,14,7,30,973,97304,félix éboué,5.1663751,-52.6398857,Plein jour,En agglomération,Intersection en T,Temps éblouissant,Deux véhicules - arrière,4,2,2,0,1,1,1,0,1,50,2,2,1,0,0,1,41.0,15.0,voiture,deux_roues,1,2,3,7,2
201900044495,2019-01-13 20:30:00,2019,1,13,20,30,971,97116,Route Remy NAINSOUTA,16.324693,-61.480179,Nuit avec éclairage allumé,En agglomération,Hors intersection,Normale,Autre collision,3,2,2,0,1,1,2,0,1,80,1,2,1,1,0,0,47.0,,voiture,,5,2,1,1,6
201900044496,2019-01-13 04:00:00,2019,1,13,4,0,971,97128,"Fond Thézan, RN4",16.2182,-61.408317,Nuit avec éclairage allumé,En agglomération,Hors intersection,Pluie légère,Autre collision,2,2,2,0,1,1,2,0,3,70,1,1,0,0,1,0,27.0,,voiture,,5,2,1,2,6
201900044497,2019-01-14 12:15:00,2019,1,14,12,15,11,11076,avenue du campus Jean Durand,43.304878,1.93942,Plein jour,En agglomération,Hors intersection,Pluie légère,Deux véhicules - frontale,4,2,2,0,1,1,2,0,1,30,2,3,1,0,0,2,19.0,51.0,voiture,voiture,1,2,1,2,1
201900044498,2019-01-11 14:40:00,2019,1,11,14,40,21,21464,rue Charles Arnoult,47.133516,4.967492,Plein jour,En agglomération,Hors intersection,Normale,Deux véhicules - arrière,4,2,2,0,1,1,1,0,1,50,2,2,1,0,1,0,66.0,39.0,deux_roues,voiture,1,2,1,1,2
201900044499,2019-01-13 19:50:00,2019,1,13,19,50,42,42304,Route de les chaux,45.524091,4.18275,Nuit sans éclairage public,Hors agglomération,Hors intersection,Normale,Autre collision,3,2,2,0,1,1,1,0,3,80,1,2,1,1,0,0,42.0,,voiture,,3,1,1,1,6
201900044500,2019-01-13 05:20:00,2019,1,13,5,20,44,44047,45 boulevard de la libération,47.215285,-1.681658,Nuit avec éclairage allumé,En agglomération,Giratoire,Normale,Sans collision,7,-1,2,0,1,3,1,5,4,30,1,2,0,0,2,0,19.0,,voiture,,5,2,6,1,7
201900044501,2019-01-13 18:00:00,2019,1,13,18,0,13,13005,A52-Sens Pont de l'Etoile vers Toulon,43.309952,5.591781,Nuit sans éclairage public,Hors agglomération,Hors intersection,Normale,Deux véhicules - arrière,1,3,2,0,1,1,1,0,1,90,2,5,0,0,0,5,40.0,34.0,voiture,voiture,3,1,1,1,2
201900044502,2019-01-12 03:00:00,2019,1,12,3,0,13,13043,A55-Sens Marseille vers Martigues,43.385339,5.238362,Nuit sans éclairage public,Hors agglomération,Hors intersection,Normale,Sans collision,1,1,2,0,1,1,1,0,1,110,1,2,0,0,2,0,21.0,,voiture,,3,1,1,1,7
201900044503,2019-01-13 00:00:00,2019,1,13,0,0,1,01275,A42   4.353 A 5.760   GEN/LYON,45.806137,4.924129,Nuit sans éclairage public,Hors agglomération,Hors intersection,Pluie légère,Autre collision,1,1,1,0,2,3,2,3,1,70,1,5,4,0,0,1,43.0,,voiture,,3,1,1,2,6
201900044504,2019-01-13 07:05:00,2019,1,13,7,5,94,94065,AUTOROUTE A106,48.75017,2.35579,Nuit sans éclairage public,Hors agglomération,Hors intersection,Normale,Autre collision,1,3,3,0,1,1,2,0,1,90,1,2,1,0,1,0,45.0,,utilitaire_camion,,3,1,1,1,6
201900044505,2019-01-13 01:20:00,2019,1,13,1,20,91,91064,RN 118,48.74897,2.2185,Nuit sans éclairage public,Hors agglomération,Autre intersection,Pluie légère,Sans collision,2,1,4,0,4,3,2,0,1,90,1,2,0,1,1,0,24.0,,voiture,,3,1,9,2,7
201900044506,2019-01-13 10:05:00,2019,1,13,10,5,78,78297,RN12,48.792973,2.053323,Plein jour,Hors agglomération,Hors intersection,Normale,Autre collision,2,1,1,0,2,3,2,3,1,70,1,1,0,0,0,1,32.0,,voiture,,1,1,1,1,6
201900044507,2019-01-12 12:40:00,2019,1,12,12,40,92,92036,A86,48.9379475,2.2980531,Plein jour,Hors agglomération,Hors intersection,Normale,Deux véhicules - côté,1,1,2,0,1,1,2,0,1,70,2,2,1,0,0,1,40.0,22.0,voiture,deux_roues,1,1,1,1,3
201900044508,2019-01-07 18:00:00,2019,1,7,18,0,91,91421,NATIONALE 6 (PARTIE FORET),48.689468,2.475665,Nuit sans éclairage public,Hors agglomération,Hors intersection,Normale,Trois véhicules et plus - en chaîne,2,1,4,0,1,1,1,0,1,90,4,6,5,0,0,1,34.0,60.0,voiture,utilitaire_camion,3,1,1,1,4
201900044509,2019-01-07 18:15:00,2019,1,7,18,15,62,62617,DROUVIN (RUE DE),50.48477,2.65473,Nuit sans éclairage public,Hors agglomération,Hors intersection,Normale,Deux véhicules - frontale,3,2,2,0,1,3,2,0,1,80,2,2,1,0,0,1,20.0,24.0,voiture,voiture,3,1,1,1,1
201900044510,2019-01-09 18:10:00,2019,1,9,18,10,59,59350,ROTONDE AVENUE DE LA,50.63284,2.9906,Nuit avec éclairage allumé,En agglomération,Intersection en X,Normale,Autre collision,7,2,-1,-1,1,1,1,0,1,-1,1,2,1,0,1,0,46.0,,voiture,,5,2,2,1,6
201900044511,2019-01-08 17:10:00,2019,1,8,17,10,59,59155,VAUBAN - BOULEVARD,51.02419,2.38856,Nuit avec éclairage allumé,En agglomération,Intersection en X,Pluie légère,Autre collision,3,2,3,0,1,1,1,0,2,50,1,2,1,0,1,0,73.0,,voiture,,5,2,2,2,6
201900044512,2019-01-07 08:10:00,2019,1,7,8,10,59,59155,LIBERATION - AVENUE,51.02828,2.40321,Nuit sans éclairage public,Hors agglomération,Hors intersection,Normale,Trois véhicules et plus - en chaîne,2,3,4,0,1,1,2,0,1,70,4,4,0,0,0,4,56.0,49.0,autre,voiture,3,1,1,1,4
201900044513,2019-01-03 16:00:00,2019,1,3,16,0,42,42218,CONDAMINE (LIEU DIT),45.455562,4.263106,Plein jour,Hors agglomération,Hors intersection,Temps éblouissant,Autre collision,4,2,2,0,3,3,1,6,1,70,1,2,1,1,0,0,39.0,,voiture,,1,1,1,7,6
201900044514,2019-01-09 18:05:00,2019,1,9,18,5,41,41018,CITES UNIES (ROND POINT),47.61011,1.33935,Nuit sans éclairage public,En agglomération,Hors intersection,Pluie légère,Deux véhicules - arrière,3,1,2,0,1,1,2,0,1,70,2,3,2,0,0,1,36.0,49.0,voiture,voiture,3,2,1,2,2
201900044515,2019-01-07 17:15:00,2019,1,7,17,15,27,27229,CARNOT (RUE),49.02949,1.17965,Nuit avec éclairage allumé,En agglomération,Hors intersection,Normale,Autre collision,4,2,2,0,1,1,1,0,1,50,1,2,1,0,0,1,52.0,,voiture,,5,2,1,1,6
201900044516,2019-01-10 09:45:00,2019,1,10,9,45,93,93078,AUTOROUTE A104,48.9706,2.50107,Plein jour,Hors agglomération,Hors intersection,Normale,Deux véhicules - côté,1,2,8,0,1,1,1,0,1,90,2,2,1,0,0,1,52.0,29.0,utilitaire_camion,voiture,1,1,1,1,3
201900044517,2019-01-10 08:30:00,2019,1,10,8,30,95,95582,RD 170,48.96477,2.26943,Plein jour,Hors agglomération,Hors intersection,Normale,Sans collision,3,-1,7,0,1,1,7,0,1,70,1,1,0,0,0,1,28.0,,deux_roues,,1,1,1,1,7
201900044518,2019-01-08 19:45:00,2019,1,8,19,45,93,93007,AUTOROUTE A3,48.91894,2.47867,Nuit sans éclairage public,Hors agglomération,Hors intersection,Normale,Deux véhicules - arrière,1,3,6,0,1,1,1,0,1,110,2,2,1,0,0,1,56.0,23.0,voiture,utilitaire_camion,3,1,1,1,2
201900044519,2019-01-08 15:00:00,2019,1,8,15,0,60,60138,AUTOROUTE A1,49.21523,2.62556,Plein jour,Hors agglomération,Hors intersection,Normale,Autre collision,1,3,-1,0,1,1,1,7,1,70,1,1,0,0,0,1,51.0,,utilitaire_camion,,1,1,1,1,6
201900044520,2019-01-08 15:30:00,2019,1,8,15,30,93,93006,AUTOROUTE A3,48.86444,2.41435,Plein jour,Hors agglomération,Hors intersection,Normale,Sans collision,1,1,3,0,3,2,1,2,1,70,1,1,0,0,0,1,35.0,,deux_roues,,1,1,1,1,7
201900044521,2019-01-08 01:20:00,2019,1,8,1,20,93,93066,AUTOROUTE A1,48.92842,2.35837,Nuit sans éclairage public,Hors agglomération,Hors intersection,Normale,Deux véhicules - côté,1,-1,6,0,2,3,2,2,1,90,2,2,1,0,0,1,29.0,34.0,voiture,voiture,3,1,1,1,3
201900044522,2019-01-06 22:10:00,2019,1,6,22,10,95,95572,AUTOROUTE A15,49.03107,2.12143,Nuit sans éclairage public,Hors agglomération,Hors intersection,Normale,Autre collision,1,3,9,0,1,1,1,0,1,90,1,1,0,0,0,1,31.0,,voiture,,3,1,1,1,6
201900044523,2019-01-11 10:00:00,2019,1,11,10,0,988,98818,Iekawe/DE BECHADE (RUE ANDRE),-22.24461,166.46864,Plein jour,En agglomération,Giratoire,Normale,Deux véhicules - arrière,4,2,2,0,1,3,1,5,1,50,2,4,3,0,0,1,31.0,52.0,voiture,voiture,1,2,6,1,2
201900044524,2019-01-08 12:39:00,2019,1,8,12,39,988,98818,AVENUE JAMES COOK/CDT AMIRAL J. DU BOUZET,-22.26717,166.41185,Plein jour,En agglomération,Intersection en T,Normale,Deux véhicules - côté,4,2,2,0,1,3,1,0,1,50,2,5,2,0,1,2,42.0,36.0,voiture,utilitaire_camion,1,2,3,1,3
201900044525,2019-01-11 16:30:00,2019,1,11,16,30,976,97611,cavani-Rond point du Stade,-12.78443,45.2239,Plein jour,En agglomération,Hors intersection,Normale,Autre collision,3,2,2,0,1,1,1,9,1,50,1,2,1,0,0,1,19.0,,deux_roues,,1,2,1,1,6
201900044526,2019-01-11 05:55:00,2019,1,11,5,55,976,97611,kaweni-Kaweni sud  (Z I),-12.77,45.22,Plein jour,En agglomération,Hors intersection,Normale,Autre collision,4,2,2,0,1,1,1,0,1,50,1,1,0,0,0,1,29.0,,deux_roues,,1,2,1,1,6
201900044527,2019-01-10 20:40:00,2019,1,10,20,40,976,97611,mgombani-M'Gombani ( rue de ),-12.78288,45.23245,Nuit avec éclairage non allumé,En agglomération,Hors intersection,Normale,Sans collision,4,2,2,0,2,1,1,9,1,30,1,2,1,0,0,1,28.0,,voiture,,4,2,1,1,7
201900044528,2019-01-12 02:10:00,2019,1,12,2,10,974,97416,GEOFFROY (RUE LISLET),-21.34389,55.47538,Nuit avec éclairage allumé,En agglomération,Hors intersection,Normale,Autre collision,4,2,2,0,1,1,1,0,1,50,1,2,1,0,0,1,27.0,,voiture,,5,2,1,1,6
201900044529,2019-01-07 08:15:00,2019,1,7,8,15,974,97411,LITTORAL (ROUTE 3 DU),-20.89583,55.37677,Nuit sans éclairage public,En agglomération,Place,Normale,Deux véhicules - côté,4,-1,0,0,1,3,1,0,1,50,2,2,1,0,0,1,55.0,32.0,deux_roues,voiture,3,2,7,1,3
201900044530,2019-01-09 19:35:00,2019,1,9,19,35,974,97411,route du Littoral,-20.895828,55.3765919,Nuit sans éclairage public,Hors agglomération,Place,Normale,Deux véhicules - côté,2,1,2,0,1,1,1,3,1,70,2,2,1,0,1,0,32.0,34.0,deux_roues,voiture,3,1,7,1,3
201900044531,2019-01-07 17:45:00,2019,1,7,17,45,974,97407,TAMATAVE (BOULEVARD),-20.930632,55.308082,Plein jour,Hors agglomération,Giratoire,Temps couvert,Deux véhicules - côté,2,2,2,1,1,1,1,5,1,70,2,2,1,0,0,1,47.0,52.0,utilitaire_camion,deux_roues,1,1,6,8,3
201900044532,2019-01-07 12:30:00,2019,1,7,12,30,974,97407,Route Nationale 1,-20.95802,55.30962,Plein jour,Hors agglomération,Hors intersection,Pluie légère,Deux véhicules - arrière,2,3,3,0,1,1,2,8,1,70,2,4,2,0,0,2,39.0,22.0,voiture,voiture,1,1,1,2,2
201900044533,2019-01-12 04:15:00,2019,1,12,4,15,973,97302,MADELEINE (ROUTE DE LA),4.929964,-52.3258853,Nuit avec éclairage allumé,En agglomération,Hors intersection,Normale,Autre collision,3,2,2,0,1,1,1,0,1,50,1,1,0,0,1,0,47.0,,deux_roues,,5,2,1,1,6
201900044534,2019-01-12 07:30:00,2019,1,12,7,30,973,97302,GALMOT (AVENUE),4.93138,-52.3299,Plein jour,En agglomération,Giratoire,Normale,Deux véhicules - côté,2,2,2,0,1,1,1,0,1,50,2,2,1,0,0,1,68.0,68.0,deux_roues,utilitaire_camion,1,2,6,1,3
201900044535,2019-01-08 16:30:00,2019,1,8,16,30,973,97302,TROUBIRAN (CHEMIN DE),4.9249615,-52.3036337,Plein jour,En agglomération,Hors intersection,Normale,Deux véhicules - côté,4,2,2,0,1,1,1,0,1,70,2,4,1,0,0,3,27.0,36.0,voiture,voiture,1,2,1,1,3
201900044536,2019-01-12 04:30:00,2019,1,12,4,30,69,69276,DEPARTEMENTAL 12                        ,45.66197,4.84306,Nuit sans éclairage public,En agglomération,Giratoire,Pluie légère,Autre collision,3,3,2,2,1,1,2,0,1,70,1,1,0,0,0,1,54.0,,voiture,,3,2,6,2,6
201900044537,2019-01-12 03:05:00,2019,1,12,3,5,69,69259,CHARLES DE GAULLE                   (AV),45.71754,4.89163,Nuit avec éclairage allumé,En agglomération,Intersection en X,Pluie légère,Deux véhicules - côté,7,1,2,0,1,1,2,5,1,50,2,2,1,0,0,1,21.0,29.0,voiture,voiture,5,2,2,2,3
201900044538,2019-01-11 15:20:00,2019,1,11,15,20,69,69388,MARIUS BERLIET                      (R ),45.74098,4.86276,Plein jour,En agglomération,Hors intersection,Normale,Deux véhicules - arrière,7,1,2,0,1,1,1,0,1,50,2,2,1,0,0,1,32.0,33.0,voiture,deux_roues,1,2,1,1,2
201900044539,2019-01-10 17:45:00,2019,1,10,17,45,69,69387,JEAN JAURES                         (AV),45.73715,4.83688,Nuit avec éclairage allumé,En agglomération,Hors intersection,Normale,Autre collision,7,1,2,0,1,1,1,0,1,50,1,2,1,0,1,0,18.0,,autre,,5,2,1,1,6
201900044540,2019-01-10 16:55:00,2019,1,10,16,55,69,69387,JEAN JAURES                         (AV),45.74241,4.84027,Crépuscule ou aube,En agglomération,Intersection en X,Normale,Deux véhicules - côté,4,2,4,0,1,1,1,0,1,50,2,3,2,0,1,0,50.0,24.0,deux_roues,voiture,2,2,2,1,3
201900044541,2019-01-10 17:30:00,2019,1,10,17,30,69,69388,ETATS UNIS (DES)                    (BD),45.7361,4.86209,Nuit avec éclairage allumé,En agglomération,Hors intersection,Normale,Autre collision,4,3,3,2,1,1,1,0,2,50,2,2,1,0,0,1,38.0,47.0,voiture,deux_roues,5,2,1,1,6
201900044542,2019-01-10 01:30:00,2019,1,10,1,30,69,69388,EPARGNE (DE L')                     (R ),45.74233,4.85827,Nuit avec éclairage allumé,En agglomération,Hors intersection,Temps couvert,Sans collision,4,1,1,3,2,1,2,2,1,50,1,2,1,0,0,1,19.0,,autre,,5,2,1,8,7
201900044543,2019-01-09 09:41:00,2019,1,9,9,41,69,69386,THIERS                              (AV),45.76381,4.86184,Plein jour,En agglomération,Intersection en X,Pluie légère,Trois véhicules et plus - en chaîne,4,3,5,3,1,1,2,0,1,50,3,3,1,0,0,2,38.0,37.0,voiture,transport_commun,1,2,2,2,4
201900044544,2019-01-09 07:40:00,2019,1,9,7,40,69,69383,PAUL BERT                           (R ),45.75701,4.85285,Nuit avec éclairage allumé,En agglomération,Intersection en X,Normale,Autre collision,4,2,3,0,1,1,1,0,1,50,1,2,1,0,0,1,44.0,,voiture,,5,2,2,1,6
201900044545,2019-01-08 13:50:00,2019,1,8,13,50,69,69386,BOILEAU                             (R ),45.77111,4.84864,Plein jour,En agglomération,Hors intersection,Pluie légère,Autre collision,4,2,2,1,1,1,2,0,1,50,1,2,1,0,1,0,25.0,,deux_roues,,1,2,1,2,6
201900044546,2019-01-08 08:25:00,2019,1,8,8,25,69,69383,FELIX FAURE                         (AV),45.75556,4.87519,Plein jour,En agglomération,Hors intersection,Pluie légère,Deux véhicules - côté,4,2,3,1,1,1,2,0,1,50,2,3,1,0,0,2,35.0,62.0,deux_roues,voiture,1,2,1,2,3
201900044547,2019-01-08 08:00:00,2019,1,8,8,0,69,69387,GUILLOTIERE (DE LA)                 (GR),45.75305,4.84508,Plein jour,En agglomération,Intersection en X,Pluie légère,Deux véhicules - côté,7,1,1,2,1,1,2,0,1,50,2,2,1,0,0,1,54.0,21.0,utilitaire_camion,deux_roues,1,2,2,2,3
201900044548,2019-01-11 18:40:00,2019,1,11,18,40,972,97213,ROUTE DEPARTEMENTALE 13,14.389,-61.122,Nuit avec éclairage allumé,Hors agglomération,Autre intersection,Normale,Deux véhicules - côté,9,2,2,0,2,3,1,0,1,30,2,2,1,0,0,1,59.0,44.0,voiture,voiture,5,1,9,1,3
201900044549,2019-01-10 14:35:00,2019,1,10,14,35,972,97213,MAHAULT,14.619106,-61.005266,Plein jour,En agglomération,Hors intersection,Normale,Deux véhicules - arrière,3,2,2,0,1,3,1,0,1,50,2,3,2,0,0,1,19.0,53.0,voiture,deux_roues,1,2,1,1,2
201900044550,2019-01-09 14:45:00,2019,1,9,14,45,972,97213,Z I LES MANGLES,14.61638,-61.01533,Plein jour,Hors agglomération,Hors intersection,Normale,Sans collision,4,2,2,0,1,1,1,0,1,50,1,2,1,0,0,1,57.0,,voiture,,1,1,1,1,7
201900044551,2019-01-08 19:10:00,2019,1,8,19,10,972,97213,AUTOROUTE A1,14.61782,-61.030026,Nuit avec éclairage allumé,Hors agglomération,Hors intersection,Normale,Deux véhicules - arrière,1,1,1,0,1,1,1,0,1,90,2,2,1,0,0,1,36.0,51.0,deux_roues,voiture,5,1,1,1,2
201900044552,2019-01-10 21:15:00,2019,1,10,21,15,972,97209,BALATA (ROUTE DE),14.61611,-61.07169,Nuit avec éclairage allumé,En agglomération,Hors intersection,Normale,Deux véhicules - côté,4,2,2,0,2,1,1,0,1,50,2,2,1,0,0,1,33.0,44.0,deux_roues,voiture,5,2,1,1,3
201900044553,2019-01-10 16:05:00,2019,1,10,16,5,972,97209,JULES BEAUNES (CHEMIN),14.64439,-61.07529,Plein jour,Hors agglomération,Hors intersection,Normale,Sans collision,4,2,2,0,3,3,1,0,1,50,1,7,6,0,0,1,44.0,,voiture,,1,1,1,1,7
201900044554,2019-01-07 22:55:00,2019,1,7,22,55,972,97209,RD 41 (ROCADE),14.61611,-61.06075,Nuit avec éclairage allumé,En agglomération,Hors intersection,Normale,Sans collision,3,3,4,0,2,2,2,0,1,60,1,1,0,0,0,1,50.0,,voiture,,5,2,1,1,7
201900044555,2019-01-06 11:30:00,2019,1,6,11,30,972,97209,REDOUTE (ROUTE DE LA),14.63481,-61.05509,Plein jour,Hors agglomération,Hors intersection,Normale,Deux véhicules - arrière,2,-1,2,0,1,3,1,0,1,50,2,4,3,0,0,1,77.0,60.0,voiture,voiture,1,1,1,1,2
201900044556,2019-01-11 19:37:00,2019,1,11,19,37,69,69034,SOLDATS (DES)                       (MO),45.79414,4.85959,Nuit avec éclairage allumé,En agglomération,Hors intersection,Normale,Trois véhicules et plus - en chaîne,4,1,1,0,2,1,1,0,1,50,3,4,1,0,0,3,31.0,38.0,voiture,voiture,5,2,1,1,4
201900044557,2019-01-12 01:00:00,2019,1,12,1,0,69,69382,GUILLOTIERE (DE LA)                 (PT),45.75722,4.83708,Nuit avec éclairage allumé,En agglomération,Hors intersection,Pluie légère,Trois véhicules et plus - en chaîne,7,4,7,1,1,1,2,5,1,50,3,3,2,0,0,1,47.0,,voiture,,5,2,1,2,4
201900044558,2019-01-11 16:30:00,2019,1,11,16,30,69,69384,JOSEPH GILLET                       (QU),45.78894,4.81958,Plein jour,En agglomération,Hors intersection,Normale,Deux véhicules - côté,7,2,2,1,1,1,1,0,1,50,2,2,1,0,0,1,27.0,30.0,deux_roues,voiture,1,2,1,1,3
201900044559,2019-01-11 08:00:00,2019,1,11,8,0,69,69389,DUCHERE (DE LA)                     (BD),45.77616,4.79457,Plein jour,En agglomération,Hors intersection,Normale,Autre collision,4,2,3,0,2,1,1,0,1,50,1,2,1,0,0,1,23.0,,deux_roues,,1,2,1,1,6
201900044560,2019-01-10 08:30:00,2019,1,10,8,30,69,69384,DELEUVRE                            (R ),45.78005,4.82536,Plein jour,En agglomération,Hors intersection,Pluie légère,Autre collision,4,3,2,0,1,1,2,0,2,50,1,2,1,0,0,1,41.0,,voiture,,1,2,1,2,6
201900044561,2019-01-09 12:30:00,2019,1,9,12,30,69,69381,TERREAUX (DES)                      (PL),45.76728,4.83364,Plein jour,En agglomération,Autre intersection,Pluie légère,Autre collision,4,2,2,3,1,1,2,0,1,30,1,2,1,0,1,0,40.0,,transport_commun,,1,2,9,2,6