accident_id,datetime,annee,mois,jour,heure,minute,departement,commune_insee,adresse,latitude,longitude,luminosite,agglomeration,intersection,meteo,collision,catr,circ,nbv,vosp,prof,plan,surf,infra,situ,vma,nb_vehicules,nb_usagers,nb_indemnes,nb_tues,nb_blesses_hosp,nb_blesses_legers,age_cond_1,age_cond_2,veh_type_cond_1,veh_type_cond_2,lum_code,agg_code,int_code,atm_code,col_code
201900044653,2019-09-29 17:30:00,2019,9,29,17,30,42,42094,rue de la République,45.74352,4.222768,Plein jour,En agglomération,Hors intersection,Normale,Autre collision,3,2,2,0,2,1,1,9,1,50,1,3,1,0,1,1,21.0,,voiture,,1,2,1,1,6
201900044654,2019-09-29 17:30:00,2019,9,29,17,30,38,38515,Route de Crémieu,45.68706,5.32045,Plein jour,En agglomération,Hors intersection,Normale,Deux véhicules - frontale,3,3,2,0,1,3,1,0,1,50,2,3,0,0,1,2,36.0,66.0,voiture,voiture,1,2,1,1,1
201900044655,2019-09-29 17:30:00,2019,9,29,17,30,69,69141,Montarcis,45.61444,4.703997,Plein jour,Hors agglomération,Intersection en T,Normale,Autre collision,3,3,2,0,3,1,1,5,1,80,2,3,1,0,1,1,87.0,39.0,voiture,deux_roues,1,1,3,1,6
201900044656,2019-09-30 07:20:00,2019,9,30,7,20,27,27191,Rue de Louviers (La Croix-Saint-Leufroy),49.114341,1.233283,Crépuscule ou aube,En agglomération,Intersection en T,Normale,Deux véhicules - frontale,3,2,2,0,1,1,1,0,1,70,2,2,1,0,0,1,49.0,58.0,deux_roues,voiture,2,2,3,1,1
201900044657,2019-09-18 03:23:00,2019,9,18,3,23,13,13055,A507 sens Aubagne- Marseille,43.31861,5.42257,Nuit avec éclairage allumé,Hors agglomération,Hors intersection,Normale,Autre collision,1,3,3,0,1,3,1,1,1,70,1,2,1,0,0,1,20.0,,voiture,,5,1,1,1,6
201900044658,2019-09-27 08:30:00,2019,9,27,8,30,13,13211,A50-Sens Marseille vers Aubagne,43.29301,5.47555,Plein jour,Hors agglomération,Hors intersection,Normale,Deux véhicules - arrière,1,1,3,0,1,1,1,0,1,90,2,2,1,0,0,1,60.0,44.0,voiture,voiture,1,1,1,1,2
201900044659,2019-09-27 23:50:00,2019,9,27,23,50,13,13001,A51-Sens Marseille vers Aix en Provence,43.4768949,5.4081434,Nuit sans éclairage public,Hors agglomération,Hors intersection,Normale,Deux véhicules - arrière,1,1,2,0,1,1,1,0,1,90,2,5,1,0,0,4,45.0,26.0,voiture,voiture,3,1,1,1,2
201900044660,2019-09-29 15:50:00,2019,9,29,15,50,91,91064,RN 118,48.75005,2.21056,Plein jour,Hors agglomération,Hors intersection,Pluie légère,Sans collision,2,1,1,0,1,3,2,0,1,30,1,3,0,0,0,3,21.0,,utilitaire_camion,,1,1,1,2,7
201900044661,2019-09-28 20:50:00,2019,9,28,20,50,91,91434,AUTOROUTE A6,48.66817,2.3551,Nuit sans éclairage public,Hors agglomération,Hors intersection,Normale,Trois véhicules et plus - en chaîne,1,3,6,0,2,1,1,0,1,110,5,7,1,0,0,6,65.0,36.0,voiture,voiture,3,1,1,1,4
201900044662,2019-09-27 22:45:00,2019,9,27,22,45,91,91179,AUTOROUTE A6,48.56527,2.47521,Nuit sans éclairage public,Hors agglomération,Hors intersection,Normale,Deux véhicules - arrière,1,3,6,0,1,1,1,0,1,110,2,2,1,0,0,1,30.0,51.0,utilitaire_camion,utilitaire_camion,3,1,1,1,2
201900044663,2019-09-28 22:55:00,2019,9,28,22,55,78,78217,A13,48.9647,1.82079,Nuit avec éclairage allumé,Hors agglomération,Hors intersection,Normale,Deux véhicules - côté,1,1,3,0,1,1,1,0,1,130,2,2,1,0,0,1,36.0,56.0,voiture,voiture,5,1,1,1,3
201900044664,2019-09-29 20:25:00,2019,9,29,20,25,77,77373,RN104,48.797747,2.623018,Nuit sans éclairage public,Hors agglomération,Hors intersection,Normale,Deux véhicules - côté,2,1,3,0,1,1,2,0,1,90,2,3,1,0,0,2,38.0,21.0,voiture,deux_roues,3,1,1,1,3
201900044665,2019-09-28 19:45:00,2019,9,28,19,45,77,77146,A4.Y,48.83212,2.65351,Nuit sans éclairage public,Hors agglomération,Hors intersection,Normale,Deux véhicules - côté,1,1,4,0,1,1,1,0,1,110,2,4,3,0,0,1,42.0,22.0,voiture,voiture,3,1,1,1,3
201900044666,2019-09-28 18:00:00,2019,9,28,18,0,69,69259,MARCEL SEMBAT                       (BD),45.71308,4.87683,Plein jour,En agglomération,Intersection en T,Normale,Deux véhicules - côté,7,2,2,0,1,1,1,0,1,50,2,2,1,0,0,1,36.0,41.0,deux_roues,voiture,1,2,3,1,3
201900044667,2019-09-28 12:30:00,2019,9,28,12,30,69,69383,MARECHAL DE SAXE                    (AV),45.75646,4.84647,Plein jour,En agglomération,Hors intersection,Normale,Deux véhicules - arrière,4,1,1,0,1,1,1,0,1,50,2,2,1,0,0,1,18.0,51.0,voiture,voiture,1,2,1,1,2
201900044668,2019-09-28 06:10:00,2019,9,28,6,10,972,97213,ROUTE NATIONALE 6,14.597994,-60.976514,Plein jour,En agglomération,Hors intersection,Normale,Autre collision,2,-1,2,0,2,2,1,0,1,50,1,1,0,0,0,1,31.0,,voiture,,1,2,1,1,6
201900044669,2019-09-27 23:03:00,2019,9,27,23,3,972,97213,MANGOT VULCIN (ROND POINT),14.6233,-60.988779,Nuit sans éclairage public,En agglomération,Autre intersection,Normale,Deux véhicules - frontale,2,1,2,0,1,2,1,9,1,70,2,2,1,0,0,1,51.0,62.0,voiture,voiture,3,2,9,1,1
201900044670,2019-09-26 22:25:00,2019,9,26,22,25,972,97213,ROUTE NATIONALE 1,14.6324,-60.9779,Nuit avec éclairage non allumé,Hors agglomération,Hors intersection,Normale,Deux véhicules - arrière,2,-1,2,0,1,1,1,0,1,90,2,3,1,0,0,2,31.0,31.0,voiture,voiture,4,1,1,1,2
201900044671,2019-09-28 17:50:00,2019,9,28,17,50,972,97209,ERNEST DEPROGE (RUE),14.60349,-61.0726,Nuit avec éclairage allumé,En agglomération,Intersection en X,Normale,Deux véhicules - côté,4,1,2,3,1,1,1,0,1,50,2,2,1,0,0,1,22.0,54.0,deux_roues,voiture,5,2,2,1,3
201900044672,2019-09-28 21:20:00,2019,9,28,21,20,69,69381,CROIX ROUSSE (TUNNEL DE LA)         (XX),45.77357,4.82534,Nuit avec éclairage allumé,En agglomération,Autre intersection,Normale,Deux véhicules - côté,7,1,2,0,1,1,1,1,1,50,2,4,1,0,0,3,23.0,40.0,voiture,voiture,5,2,9,1,3
201900044673,2019-09-28 21:15:00,2019,9,28,21,15,2A,2A004,MACCHINI EUGENE AVENUE,41.91848,8.73692,Nuit avec éclairage allumé,En agglomération,Hors intersection,Normale,Autre collision,4,2,2,0,1,1,1,0,1,50,1,2,1,0,0,1,27.0,,deux_roues,,5,2,1,1,6
201900044674,2019-09-28 11:10:00,2019,9,28,11,10,95,95585,REFUZNICKS (ROUTE DES),48.9842259,2.387224,Plein jour,En agglomération,Intersection en X,Normale,Deux véhicules - arrière,3,3,4,0,2,1,1,0,1,50,2,2,1,0,0,1,35.0,31.0,deux_roues,voiture,1,2,2,1,2
201900044675,2019-09-28 20:50:00,2019,9,28,20,50,85,85191, RUE GUTEMBERG,46.68047,-1.43001,Nuit avec éclairage allumé,En agglomération,Hors intersection,Normale,Deux véhicules - côté,3,3,2,0,1,1,1,5,1,50,2,4,0,0,0,4,22.0,20.0,voiture,voiture,5,2,1,1,3
201900044676,2019-09-28 06:26:00,2019,9,28,6,26,82,82121,CAMP D'AVIATION (CHEMIN DU),44.01817,1.38673,Nuit sans éclairage public,Hors agglomération,Hors intersection,Normale,Autre collision,4,2,2,0,1,3,1,0,1,50,1,4,0,1,0,3,22.0,,voiture,,3,1,1,1,6
201900044677,2019-09-28 20:20:00,2019,9,28,20,20,78,78638,GARE (AVENUE DE LA),49.006921,1.963181,Nuit avec éclairage non allumé,En agglomération,Hors intersection,Normale,Autre collision,3,-1,1,0,2,1,1,9,1,30,1,2,1,0,1,0,51.0,,voiture,,4,2,1,1,6
201900044678,2019-09-28 05:30:00,2019,9,28,5,30,78,78401,ALBERT JOZON (RUE),49.004308,1.906852,Nuit avec éclairage allumé,En agglomération,Intersection en X,Normale,Deux véhicules - côté,3,2,2,0,1,1,1,5,1,50,2,3,2,0,0,1,36.0,32.0,voiture,voiture,5,2,2,1,3
201900044679,2019-09-27 18:01:00,2019,9,27,18,1,77,77108,D34A X CHEMIN DU VIEUX MOULIN,48.86989,2.59211,Plein jour,En agglomération,Intersection en X,Normale,Autre collision,3,3,3,0,1,2,2,5,1,50,2,2,1,1,0,0,72.0,52.0,deux_roues,utilitaire_camion,1,2,2,1,6
201900044680,2019-09-28 13:50:00,2019,9,28,13,50,74,74012,RESISTANCE (RUE DE LA),46.19626,6.25925,Plein jour,En agglomération,Hors intersection,Normale,Deux véhicules - côté,4,2,2,0,1,1,1,0,1,50,2,2,1,0,0,1,38.0,38.0,voiture,deux_roues,1,2,1,1,3
201900044681,2019-09-28 12:15:00,2019,9,28,12,15,72,72181,ALENCON (RTE D'),48.02962,0.17964,Plein jour,En agglomération,Autre intersection,Normale,Deux véhicules - côté,7,1,3,0,1,2,1,0,1,50,2,2,1,0,0,1,34.0,55.0,deux_roues,voiture,1,2,9,1,3
201900044682,2019-09-28 01:50:00,2019,9,28,1,50,71,71153,YOUGOSLAVIE (RUE DE),46.78894,4.42206,Nuit avec éclairage allumé,En agglomération,Hors intersection,Normale,Autre collision,4,2,4,1,1,3,2,0,1,50,1,3,0,0,1,2,20.0,,voiture,,5,2,1,1,6
201900044683,2019-09-28 05:25:00,2019,9,28,5,25,69,69290,URBAIN LE VERRIER                   (AV),45.71122,4.95863,Nuit avec éclairage allumé,En agglomération,Intersection en X,Normale,Deux véhicules - côté,4,3,2,0,1,1,1,0,1,50,2,2,1,0,0,1,24.0,47.0,voiture,utilitaire_camion,5,2,2,1,3
201900044684,2019-09-28 23:50:00,2019,9,28,23,50,69,69264,MONTET PIERRE  R,45.98487,4.70457,Nuit avec éclairage allumé,En agglomération,Hors intersection,Normale,Autre collision,4,2,2,0,2,2,1,9,1,50,1,2,1,0,0,1,33.0,,voiture,,5,2,1,1,6
201900044685,2019-09-29 01:25:00,2019,9,29,1,25,64,64284,18 JUIN 1940 DU,43.2945053,-0.4134963,Nuit sans éclairage public,En agglomération,Hors intersection,Normale,Sans collision,3,2,2,0,1,1,1,0,1,70,1,1,0,0,0,1,39.0,,voiture,,3,2,1,1,7
201900044686,2019-09-28 22:35:00,2019,9,28,22,35,64,64445,JEAN MERMOZ,43.3119,-0.37729,Nuit avec éclairage allumé,En agglomération,Hors intersection,Normale,Deux véhicules - arrière,4,2,3,0,1,1,1,0,1,50,2,6,1,0,0,5,34.0,33.0,voiture,voiture,5,2,1,1,2
201900044687,2019-09-28 19:00:00,2019,9,28,19,0,64,64445,JEAN MERMOZ,43.32458,-0.37925,Plein jour,En agglomération,Intersection en T,Normale,Deux véhicules - côté,4,2,2,0,1,1,1,0,1,50,2,2,1,0,0,1,40.0,44.0,voiture,voiture,1,2,3,1,3
201900044688,2019-09-28 06:05:00,2019,9,28,6,5,64,64445,BARBANEGRE,43.2972407,-0.3620699,Nuit avec éclairage allumé,En agglomération,Hors intersection,Normale,Sans collision,4,2,2,0,1,1,1,0,1,50,1,1,0,0,0,1,19.0,,voiture,,5,2,1,1,7
201900044689,2019-09-28 19:50:00,2019,9,28,19,50,59,59512,ROUGET DE LISLE (RUE),50.68235,3.18943,Nuit avec éclairage allumé,En agglomération,Hors intersection,Pluie légère,Autre collision,4,1,1,0,2,1,1,0,1,50,1,2,1,0,1,0,46.0,,voiture,,5,2,1,2,6
201900044690,2019-09-27 04:19:00,2019,9,27,4,19,54,54547,BOURGOGNE (AVENUE DE),48.65262,6.15086,Nuit avec éclairage allumé,En agglomération,Hors intersection,Normale,Sans collision,4,2,4,0,3,1,1,9,1,50,1,2,1,1,0,0,60.0,,utilitaire_camion,,5,2,1,1,7
201900044691,2019-09-28 18:40:00,2019,9,28,18,40,51,51454,BOULEVARD DU GENERAL LECLERC,49.2569899,4.0255309,Plein jour,En agglomération,Hors intersection,Normale,Sans collision,4,2,2,0,1,1,1,0,1,30,1,2,1,0,0,1,22.0,,voiture,,1,2,1,1,7
201900044692,2019-09-28 17:05:00,2019,9,28,17,5,51,51454,RUE HUGUES KRAFFT,49.27522,4.02034,Plein jour,En agglomération,Intersection en X,Normale,Deux véhicules - côté,4,1,1,0,1,1,1,0,1,50,2,2,1,0,1,0,36.0,16.0,voiture,deux_roues,1,2,2,1,3
201900044693,2019-09-28 12:45:00,2019,9,28,12,45,45,45234,BD ALEXANDRE MARTIN,47.9055353,1.9084899,Plein jour,En agglomération,Hors intersection,Normale,Trois véhicules et plus - en chaîne,4,1,2,0,1,1,1,0,1,50,3,5,3,0,0,2,60.0,51.0,voiture,voiture,1,2,1,1,4
201900044694,2019-09-28 18:19:00,2019,9,28,18,19,42,42187,ALSACE - LORRAINE (RUE),46.03621,4.0691,Plein jour,En agglomération,Hors intersection,Normale,Autre collision,4,1,2,1,1,1,1,0,1,30,2,2,0,1,1,0,47.0,26.0,autre,deux_roues,1,2,1,1,6
201900044695,2019-09-28 22:55:00,2019,9,28,22,55,37,37261,TONNELLE (BOULEVARD),47.3847,0.66807,Nuit avec éclairage allumé,En agglomération,Intersection en X,Normale,Deux véhicules - côté,4,2,2,0,1,1,1,0,1,50,2,2,1,0,0,1,24.0,23.0,voiture,voiture,5,2,2,1,3
201900044696,2019-09-28 14:28:00,2019,9,28,14,28,37,37261,HEURTELOUP (BOULEVARD),47.39222,0.70061,Plein jour,En agglomération,Intersection en X,Normale,Deux véhicules - côté,4,2,6,2,1,1,1,0,1,50,2,6,3,0,0,3,20.0,32.0,utilitaire_camion,utilitaire_camion,1,2,2,1,3
201900044697,2019-09-28 16:15:00,2019,9,28,16,15,35,35055,PORTE DES LOGES,48.096589,-1.618689,Plein jour,Hors agglomération,Hors intersection,Normale,Trois véhicules et plus - en chaîne,2,3,4,0,1,1,1,0,1,90,4,5,3,0,0,2,35.0,19.0,voiture,voiture,1,1,1,1,4
201900044698,2019-09-28 10:08:00,2019,9,28,10,8,32,32013,rond point des justes,43.66281,0.5994,Plein jour,En agglomération,Giratoire,Normale,Deux véhicules - côté,2,2,2,0,1,1,1,0,1,50,2,2,1,0,0,1,62.0,57.0,deux_roues,voiture,1,2,6,1,3
201900044699,2019-09-25 18:10:00,2019,9,25,18,10,31,31483,ROUTE DE LA SERRE DE CAZAUX,43.128596,0.724227,Plein jour,En agglomération,Hors intersection,Normale,Deux véhicules - arrière,3,2,1,0,2,1,1,5,1,50,2,2,1,0,0,1,37.0,35.0,utilitaire_camion,utilitaire_camion,1,2,1,1,2
201900044700,2019-09-28 15:35:00,2019,9,28,15,35,26,26057,RD 102,45.01141,5.06288,Plein jour,Hors agglomération,Hors intersection,Normale,Deux véhicules - côté,3,2,2,0,1,3,1,0,1,80,2,2,0,0,1,1,62.0,18.0,utilitaire_camion,voiture,1,1,1,1,3
201900044701,2019-09-27 19:58:00,2019,9,27,19,58,25,25056,NICOLE  RUE NICOLAS,47.257463,6.041893,Nuit avec éclairage allumé,En agglomération,Intersection en X,Pluie légère,Deux véhicules - côté,4,2,2,0,2,1,2,0,1,50,2,3,0,0,0,3,43.0,38.0,voiture,transport_commun,5,2,2,2,3
201900044702,2019-09-28 16:30:00,2019,9,28,16,30,13,13209,MAZARGUES (AVENUE DE),43.248595,5.3981099,Plein jour,En agglomération,Hors intersection,Normale,Autre collision,4,2,2,0,1,1,1,0,1,30,1,1,0,0,1,0,,,,,1,2,1,1,6
201900044703,2019-09-28 12:00:00,2019,9,28,12,0,13,13202,DAMES (BOULEVARD DES),43.302727,5.36829,Plein jour,En agglomération,Hors intersection,Normale,Deux véhicules - côté,4,2,4,0,1,1,1,0,1,50,2,2,1,0,0,1,29.0,43.0,voiture,deux_roues,1,2,1,1,3
201900044704,2019-09-28 06:00:00,2019,9,28,6,0,13,13208,PARADIS (RUE),43.275773,5.384218,Crépuscule ou aube,En agglomération,Hors intersection,Normale,Autre collision,4,1,2,0,1,1,1,0,1,50,1,2,1,0,0,1,24.0,,voiture,,2,2,1,1,6
201900044705,2019-09-27 00:00:00,2019,9,27,0,0,13,13005,GEMENOS (ROUTE DE CD2),43.29629,5.58347,Nuit avec éclairage allumé,En agglomération,Autre intersection,Normale,Autre collision,3,1,1,0,1,2,1,5,-1,50,1,2,0,0,0,2,19.0,,voiture,,5,2,9,1,6
201900044706,2019-09-28 02:54:00,2019,9,28,2,54,13,13004,RTE N113 MARSEILLE A BORBEAUX,43.6568193,4.6511467,Nuit sans éclairage public,Hors agglomération,Hors intersection,Normale,Sans collision,2,1,2,0,1,1,1,0,1,110,1,1,0,0,0,1,25.0,,voiture,,3,1,1,1,7
201900044707,2019-09-28 08:40:00,2019,9,28,8,40,10,10362,DANTON (RUE),48.29546,4.06186,Plein jour,En agglomération,Intersection en Y,Pluie forte,Deux véhicules - arrière,4,1,1,0,2,1,2,0,1,50,2,2,1,0,0,1,18.0,64.0,voiture,deux_roues,1,2,4,3,2
201900044708,2019-09-28 19:30:00,2019,9,28,19,30,9,09122,D17,42.960695,1.576406,Crépuscule ou aube,Hors agglomération,Hors intersection,Normale,Trois véhicules et plus - collisions multiples,3,2,2,0,2,3,1,9,1,80,3,3,2,0,0,1,53.0,71.0,voiture,voiture,2,1,1,1,5
201900044709,2019-09-28 15:45:00,2019,9,28,15,45,7,07281,GROSS-UMSTADT (AVENUE DE),44.9453,4.8546,Plein jour,En agglomération,Autre intersection,Normale,Deux véhicules - côté,3,3,2,0,1,1,1,0,1,50,2,3,1,0,0,2,80.0,37.0,voiture,voiture,1,2,9,1,3
201900044710,2019-09-28 02:20:00,2019,9,28,2,20,75,75117,BD PERIPHERIQUE EXTERIEUR,48.88901,2.294676,Nuit avec éclairage allumé,En agglomération,Hors intersection,Normale,Deux véhicules - arrière,4,1,4,0,1,1,1,1,1,70,2,2,0,0,0,2,22.0,25.0,voiture,voiture,5,2,1,1,2
201900044711,2019-09-27 17:55:00,2019,9,27,17,55,75,75116,BD PERIPHERIQUE EXTERIEUR,48.8565835,2.2575295,Plein jour,En agglomération,Hors intersection,Normale,Autre collision,4,1,4,0,1,1,1,1,1,70,3,5,2,0,0,3,48.0,42.0,voiture,voiture,1,2,1,1,6
201900044712,2019-09-27 20:10:00,2019,9,27,20,10,75,75118,AVENUE DE LA PORTE DE MONTMARTRE,48.9004966,2.3354923,Nuit avec éclairage allumé,En agglomération,Intersection en T,Normale,Deux véhicules - côté,4,2,4,0,1,1,1,0,1,50,2,2,1,0,0,1,28.0,62.0,voiture,deux_roues,5,2,3,1,3
201900044713,2019-09-27 23:30:00,2019,9,27,23,30,75,75117,AVENUE DE SAINT OUEN,48.893052,2.327446,Nuit avec éclairage allumé,En agglomération,Intersection à plus de 4 branches,Normale,Deux véhicules - côté,4,2,2,0,1,1,1,0,1,30,2,3,2,0,0,1,72.0,57.0,deux_roues,deux_roues,5,2,5,1,3
201900044714,2019-09-28 18:30:00,2019,9,28,18,30,75,75116,VOIE GEORGES POMPIDOU,48.849273,2.276782,Plein jour,En agglomération,Hors intersection,Normale,Deux véhicules - arrière,4,1,4,-1,1,1,1,0,1,50,2,2,1,0,0,1,40.0,49.0,deux_roues,voiture,1,2,1,1,2
201900044715,2019-09-28 16:30:00,2019,9,28,16,30,75,75116,ROUTE DE LA MUETTE A NEUILLY,48.8660063,2.2651577,Plein jour,En agglomération,Hors intersection,Normale,Deux véhicules - côté,4,2,2,0,1,2,1,0,1,50,2,4,3,0,0,1,26.0,63.0,voiture,voiture,1,2,1,1,3
201900044716,2019-09-28 12:57:00,2019,9,28,12,57,75,75116,ROUTE DES TRIBUNES,48.863866,2.2366033,Plein jour,En agglomération,Intersection en Y,Normale,Deux véhicules - arrière,4,1,2,1,1,3,1,0,5,50,2,2,0,0,0,2,49.0,56.0,deux_roues,deux_roues,1,2,4,1,2
201900044717,2019-09-28 13:10:00,2019,9,28,13,10,75,75111,BOULEVARD DE CHARONNE,48.8558246,2.3947165,Plein jour,En agglomération,Hors intersection,Temps couvert,Autre collision,4,3,2,-1,1,1,1,0,1,30,1,2,1,0,0,1,50.0,,voiture,,1,2,1,8,6
201900044718,2019-09-28 02:45:00,2019,9,28,2,45,75,75108,AVENUE DES CHAMPS ELYSEES,48.8675661,2.3146069,Nuit avec éclairage allumé,En agglomération,Place,Normale,Deux véhicules - arrière,4,2,6,0,1,1,1,0,1,50,2,2,1,0,0,1,59.0,27.0,deux_roues,deux_roues,5,2,7,1,2
201900044719,2019-09-28 09:50:00,2019,9,28,9,50,94,94081,EUGENE HENAFF (R),48.794,2.417,Plein jour,En agglomération,Intersection en T,Normale,Deux véhicules - côté,3,1,1,1,1,1,1,0,1,50,2,2,1,0,0,1,49.0,66.0,deux_roues,voiture,1,2,3,1,3
201900044720,2019-09-28 02:00:00,2019,9,28,2,0,94,94037,PAUL VAILLANT COUTURIER (AV),48.81628,2.34178,Nuit avec éclairage allumé,En agglomération,Hors intersection,Normale,Deux véhicules - arrière,3,3,1,0,1,1,1,0,1,50,2,1,0,0,0,1,52.0,,deux_roues,,5,2,1,1,2
201900044721,2019-09-28 05:50:00,2019,9,28,5,50,93,93050,LOUIS ARMAND (RUE),48.86003,2.52039,Nuit avec éclairage allumé,En agglomération,Hors intersection,Normale,Autre collision,4,2,2,0,1,2,1,0,2,50,1,2,0,0,0,2,52.0,,voiture,,5,2,1,1,6
201900044722,2019-09-28 13:00:00,2019,9,28,13,0,93,93046,JEAN MOULIN BOULEVARD,48.912894,2.514653,Plein jour,En agglomération,Hors intersection,Normale,Deux véhicules - arrière,4,2,2,0,1,1,1,0,1,50,2,2,1,0,0,1,49.0,25.0,voiture,deux_roues,1,2,1,1,2
201900044723,2019-09-28 20:30:00,2019,9,28,20,30,93,93031,SAINT LEU (ROUTE DE) 1 à 157,48.9538866,2.3355248,Nuit avec éclairage allumé,En agglomération,Hors intersection,Normale,Deux véhicules - côté,3,2,2,0,1,1,1,0,1,50,2,2,1,0,1,0,29.0,23.0,deux_roues,voiture,5,2,1,1,3
201900044724,2019-09-28 01:00:00,2019,9,28,1,0,93,93029,REPUBLIQUE (DE LA) N° 1-161,48.92385,2.43806,Nuit avec éclairage allumé,En agglomération,Hors intersection,Normale,Deux véhicules - arrière,4,2,2,0,1,1,1,0,1,50,2,3,1,0,0,2,38.0,25.0,deux_roues,voiture,5,2,1,1,2
201900044725,2019-09-28 17:05:00,2019,9,28,17,5,93,93027,CONVENTION (RUE DE LA),48.92938,2.38691,Plein jour,En agglomération,Hors intersection,Normale,Trois véhicules et plus - en chaîne,3,3,2,0,1,1,1,0,3,50,3,3,2,0,0,1,35.0,24.0,utilitaire_camion,deux_roues,1,2,1,1,4
201900044726,2019-09-28 16:50:00,2019,9,28,16,50,92,92046,CAMELINAT,48.8147165,2.2968391,Plein jour,En agglomération,Intersection en X,Normale,Deux véhicules - frontale,3,3,4,0,1,1,1,0,1,50,2,2,1,0,0,1,36.0,52.0,deux_roues,voiture,1,2,2,1,1
201900044727,2019-09-28 12:30:00,2019,9,28,12,30,92,92046,Charles de gaulle,48.82252,2.29879,Plein jour,En agglomération,Intersection en T,Normale,Autre collision,3,3,2,0,1,1,1,0,1,50,1,2,1,0,0,1,36.0,,voiture,,1,2,3,1,6
201900044728,2019-09-28 18:15:00,2019,9,28,18,15,92,92077,VERSAILLES (RUE DE),48.8214363,2.1803658,Plein jour,En agglomération,Hors intersection,Normale,Deux véhicules - arrière,3,2,2,0,1,1,1,0,1,50,2,3,1,0,0,2,43.0,54.0,voiture,voiture,1,2,1,1,2
201900044729,2019-06-28 15:05:00,2019,6,28,15,5,92,92033,GENERAL DE GAULLE,48.84014,2.19259,Plein jour,En agglomération,Hors intersection,Normale,Deux véhicules - arrière,3,-1,2,0,1,1,1,0,1,50,2,3,2,0,0,1,58.0,47.0,voiture,voiture,1,2,1,1,2
201900044730,2019-09-28 17:05:00,2019,9,28,17,5,92,92049,JAURES AVENUE JEAN N°53 A FIN,48.81213,2.30453,Plein jour,En agglomération,Hors intersection,Normale,Trois véhicules et plus - en chaîne,4,2,2,0,1,1,1,0,1,50,3,6,4,0,0,2,43.0,41.0,voiture,voiture,1,2,1,1,4
201900044731,2019-09-27 22:10:00,2019,9,27,22,10,92,92040,GENERAL DE GAULLE (AVE DU) 32 A 62,48.82483,2.28176,Nuit avec éclairage allumé,En agglomération,Intersection en Y,Normale,Deux véhicules - frontale,3,4,6,0,1,1,1,5,1,50,2,2,1,0,0,1,17.0,,deux_roues,,5,2,4,1,1
201900044732,2019-09-28 14:30:00,2019,9,28,14,30,92,92023,GENERAL DE GAULLE (AVENUE DU),48.7915103,2.2665041,Plein jour,En agglomération,Hors intersection,Temps couvert,Deux véhicules - arrière,3,2,2,0,1,1,1,0,1,50,2,2,1,0,0,1,18.0,28.0,deux_roues,voiture,1,2,1,8,2
201900044733,2019-09-28 22:15:00,2019,9,28,22,15,1,01333,D4,45.9259534,4.9668449,Nuit sans éclairage public,Hors agglomération,Intersection en T,Normale,Deux véhicules - côté,3,2,2,0,1,1,1,0,8,80,2,3,0,0,1,2,21.0,25.0,voiture,voiture,3,1,3,1,3
201900044734,2019-09-29 18:30:00,2019,9,29,18,30,26,26294,785 Route de la Plaine,45.095868,4.977943,Crépuscule ou aube,Hors agglomération,Hors intersection,Normale,Deux véhicules - frontale,4,2,2,0,1,1,1,0,1,80,2,2,1,0,1,0,60.0,65.0,deux_roues,voiture,2,1,1,1,1
201900044735,2019-09-28 11:15:00,2019,9,28,11,15,43,43022,RD19,45.321103,3.333608,Plein jour,Hors agglomération,Hors intersection,Normale,Deux véhicules - frontale,3,2,2,0,4,3,1,0,1,80,2,2,1,0,1,0,20.0,32.0,voiture,utilitaire_camion,1,1,1,1,1
201900044736,2019-09-28 21:10:00,2019,9,28,21,10,6,06161,Rd6007,43.626487,7.132226,Nuit avec éclairage allumé,En agglomération,Autre intersection,Normale,Autre collision,3,2,2,1,1,1,1,0,1,50,1,2,1,0,1,0,60.0,,deux_roues,,5,2,9,1,6
201900044737,2019-09-28 16:55:00,2019,9,28,16,55,972,97232,RN6 - Ravine plate,14.564762,-60.857308,Plein jour,En agglomération,Hors intersection,Normale,Deux véhicules - côté,2,2,2,0,1,1,1,0,1,50,2,2,1,0,0,1,29.0,49.0,deux_roues,voiture,1,2,1,1,3
201900044738,2019-09-29 15:45:00,2019,9,29,15,45,63,63093,Place du Haut du Bourg,45.995751,3.000815,Plein jour,En agglomération,Hors intersection,Normale,Autre collision,3,2,2,0,1,2,1,0,1,50,1,1,0,0,1,0,61.0,,deux_roues,,1,2,1,1,6
201900044739,2019-09-28 21:00:00,2019,9,28,21,0,86,86070,33 Rue Faubourg de l'Aumônerie,46.564277,0.643721,Nuit avec éclairage allumé,En agglomération,Hors intersection,Normale,Autre collision,4,2,2,0,1,2,1,0,1,50,1,2,0,0,1,1,30.0,,voiture,,5,2,1,1,6
201900044740,2019-09-28 10:00:00,2019,9,28,10,0,6,06095,88 Route de Draguignan,43.638306,6.865013,Plein jour,En agglomération,Hors intersection,Normale,Deux véhicules - côté,3,2,2,0,2,3,1,0,1,50,2,2,1,0,1,0,63.0,53.0,voiture,deux_roues,1,2,1,1,3
201900044741,2019-09-28 02:00:00,2019,9,28,2,0,59,59499,Rue de West-Cappel,50.931504,2.525998,Nuit sans éclairage public,Hors agglomération,Hors intersection,Pluie forte,Autre collision,3,2,2,0,1,3,2,0,3,80,1,4,2,0,2,0,26.0,,voiture,,3,1,1,3,6
201900044742,2019-09-29 15:00:00,2019,9,29,15,0,85,85017,La Maison Neuve,46.90709,-1.11724,Plein jour,Hors agglomération,Hors intersection,Normale,Sans collision,3,2,2,0,1,1,2,0,3,80,1,2,1,0,0,1,18.0,,voiture,,1,1,1,1,7