accident_id,datetime,annee,mois,jour,heure,minute,departement,commune_insee,adresse,latitude,longitude,luminosite,agglomeration,intersection,meteo,collision,catr,circ,nbv,vosp,prof,plan,surf,infra,situ,vma,nb_vehicules,nb_usagers,nb_indemnes,nb_tues,nb_blesses_hosp,nb_blesses_legers,age_cond_1,age_cond_2,veh_type_cond_1,veh_type_cond_2,lum_code,agg_code,int_code,atm_code,col_code
201900044928,2019-08-31 15:00:00,2019,8,31,15,0,59,59237,Route de Godewaersvelde,50.764231,2.643291,Plein jour,Hors agglomération,Hors intersection,Normale,Sans collision,3,2,2,0,1,2,1,0,1,80,1,5,3,0,0,2,18.0,,voiture,,1,1,1,1,7
201900044929,2019-08-31 04:05:00,2019,8,31,4,5,13,13214,A7-Sens Marseille vers Lyon,43.332936,5.377544,Nuit sans éclairage public,En agglomération,Hors intersection,Normale,Deux véhicules - arrière,1,1,3,0,1,1,1,0,1,70,2,2,1,0,1,0,50.0,28.0,deux_roues,voiture,3,2,1,1,2
201900044930,2019-08-26 11:50:00,2019,8,26,11,50,13,13211,A50-Sens Marseille vers Aubagne,43.2877642,5.5016138,Plein jour,Hors agglomération,Hors intersection,Normale,Deux véhicules - côté,1,1,3,0,1,1,1,0,1,90,2,9,8,0,0,1,69.0,39.0,voiture,voiture,1,1,1,1,3
201900044931,2019-08-27 19:00:00,2019,8,27,19,0,13,13202,A55-Sens Martigues vers Marseille,43.311718,5.36858,Crépuscule ou aube,En agglomération,Hors intersection,Normale,Trois véhicules et plus - en chaîne,1,1,3,0,1,1,1,0,1,70,3,4,2,0,0,2,76.0,52.0,voiture,voiture,2,2,1,1,4
201900044932,2019-08-27 00:42:00,2019,8,27,0,42,13,13088,A55-Sens Martigues vers Marseille,43.39171,5.27288,Nuit sans éclairage public,Hors agglomération,Hors intersection,Normale,Trois véhicules et plus - en chaîne,1,1,3,0,1,1,1,0,1,90,3,4,1,0,0,3,51.0,38.0,voiture,voiture,3,1,1,1,4
201900044933,2019-08-26 15:30:00,2019,8,26,15,30,13,13071,A55 - Sens Marseille vers Martigues,43.392906,5.300094,Plein jour,Hors agglomération,Hors intersection,Normale,Sans collision,1,1,3,0,2,1,1,0,1,90,1,1,0,0,0,1,18.0,,deux_roues,,1,1,1,1,7
201900044934,2019-08-29 21:45:00,2019,8,29,21,45,83,83090,A50,43.12506,5.90625,Nuit avec éclairage allumé,Hors agglomération,Hors intersection,Normale,Deux véhicules - arrière,1,3,6,0,1,1,1,0,1,90,2,3,1,0,0,2,42.0,33.0,voiture,voiture,5,1,1,1,2
201900044935,2019-08-28 17:40:00,2019,8,28,17,40,83,83090,A50,43.12655,5.89131,Plein jour,Hors agglomération,Hors intersection,Normale,Deux véhicules - côté,1,3,7,0,1,1,1,0,1,110,2,3,1,0,0,2,39.0,26.0,utilitaire_camion,voiture,1,1,1,1,3
201900044936,2019-08-24 12:30:00,2019,8,24,12,30,83,83144,A57,43.13349,5.98476,Plein jour,Hors agglomération,Hors intersection,Normale,Trois véhicules et plus - en chaîne,1,3,4,0,1,1,1,0,1,110,3,3,1,0,0,2,22.0,26.0,voiture,voiture,1,1,1,1,4
201900044937,2019-08-31 09:00:00,2019,8,31,9,0,69,69115,A6   427.300 A 428.640,45.97338,4.73194,Plein jour,Hors agglomération,Hors intersection,Normale,Autre collision,1,3,3,0,1,1,1,7,1,70,1,2,1,0,0,1,27.0,,voiture,,1,1,1,1,6
201900044938,2019-08-26 16:20:00,2019,8,26,16,20,69,69266,RD383 2.321 A 3.750,45.7876,4.8872,Plein jour,Hors agglomération,Hors intersection,Normale,Trois véhicules et plus - en chaîne,3,1,3,0,1,1,1,0,1,70,5,6,1,0,0,5,20.0,61.0,utilitaire_camion,voiture,1,1,1,1,4
201900044939,2019-08-23 09:30:00,2019,8,23,9,30,57,57356,Autoroute A31,49.44286,6.11863,Plein jour,Hors agglomération,Hors intersection,Normale,Trois véhicules et plus - en chaîne,1,3,4,0,1,1,1,0,1,110,6,6,2,0,0,4,25.0,43.0,voiture,voiture,1,1,1,1,4
201900044940,2019-08-30 13:00:00,2019,8,30,13,0,57,57666,Autoroute A31,49.3507117,6.1448147,Plein jour,Hors agglomération,Hors intersection,Temps éblouissant,Deux véhicules - arrière,1,3,4,0,1,1,1,0,1,90,2,4,2,0,1,1,56.0,57.0,voiture,deux_roues,1,1,1,7,2
201900044941,2019-08-26 15:15:00,2019,8,26,15,15,67,67137,Route Métropolitaine 1083,48.50353,7.69405,Plein jour,Hors agglomération,Hors intersection,Temps éblouissant,Deux véhicules - arrière,7,3,2,0,1,1,1,0,1,70,2,3,2,0,0,1,27.0,34.0,utilitaire_camion,utilitaire_camion,1,1,1,7,2
201900044942,2019-08-31 14:05:00,2019,8,31,14,5,33,33550,ROCADE A 630,44.77851,-0.55421,Plein jour,Hors agglomération,Hors intersection,Normale,Deux véhicules - arrière,1,3,6,0,1,1,1,0,1,90,2,2,0,0,0,2,60.0,46.0,voiture,voiture,1,1,1,1,2
201900044943,2019-08-30 22:30:00,2019,8,30,22,30,33,33063,ROCADE A 630,44.88335,-0.55532,Nuit avec éclairage allumé,Hors agglomération,Hors intersection,Normale,Deux véhicules - arrière,1,3,8,2,1,1,1,3,1,70,2,1,0,0,0,1,22.0,,deux_roues,,5,1,1,1,2
201900044944,2019-08-30 18:40:00,2019,8,30,18,40,33,33249,ROUTE NATIONALE 230,44.88125,-0.5109,Plein jour,Hors agglomération,Hors intersection,Normale,Deux véhicules - côté,2,3,8,0,1,1,1,0,1,70,2,3,2,0,0,1,24.0,40.0,deux_roues,voiture,1,1,1,1,3
201900044945,2019-08-30 18:00:00,2019,8,30,18,0,33,33080,AUTOROUTE A 62,44.74323,-0.53741,Plein jour,Hors agglomération,Hors intersection,Normale,Deux véhicules - côté,1,3,4,0,1,1,1,0,1,110,2,5,4,0,0,1,36.0,56.0,deux_roues,voiture,1,1,1,1,3
201900044946,2019-08-30 16:10:00,2019,8,30,16,10,33,33167,ROUTE NATIONALE 230,44.839298,-0.501353,Plein jour,Hors agglomération,Hors intersection,Normale,Trois véhicules et plus - en chaîne,2,3,8,2,3,3,1,0,1,90,3,3,2,0,0,1,28.0,45.0,voiture,utilitaire_camion,1,1,1,1,4
201900044947,2019-08-29 18:40:00,2019,8,29,18,40,33,33281,ROCADE A 630,44.82889,-0.67552,Plein jour,Hors agglomération,Hors intersection,Normale,Deux véhicules - arrière,1,3,6,0,1,1,1,0,1,90,2,2,1,0,1,0,26.0,22.0,deux_roues,voiture,1,1,1,1,2
201900044948,2019-08-27 11:25:00,2019,8,27,11,25,33,33063,ROCADE A 630,44.87993,-0.537,Plein jour,Hors agglomération,Hors intersection,Normale,Trois véhicules et plus - en chaîne,1,3,6,0,3,1,1,2,1,70,3,4,3,0,0,1,38.0,53.0,utilitaire_camion,voiture,1,1,1,1,4
201900044949,2019-08-26 17:25:00,2019,8,26,17,25,33,33065,ROUTE NATIONALE 230,44.80938,-0.52495,Plein jour,Hors agglomération,Hors intersection,Normale,Deux véhicules - côté,2,3,8,2,2,1,1,0,1,70,2,2,1,0,0,1,41.0,28.0,voiture,deux_roues,1,1,1,1,3
201900044950,2019-08-13 02:00:00,2019,8,13,2,0,59,59123,AUTOROUTE A1,50.49889,3.00495,Nuit sans éclairage public,Hors agglomération,Hors intersection,Normale,Trois véhicules et plus - en chaîne,1,3,6,0,1,1,1,0,3,130,5,6,5,0,1,0,25.0,31.0,voiture,utilitaire_camion,3,1,1,1,4
201900044951,2019-08-24 04:00:00,2019,8,24,4,0,59,59350,ROUTE NATIONALE 356,50.630732,3.08247,Nuit sans éclairage public,Hors agglomération,Hors intersection,Normale,Deux véhicules - arrière,2,3,4,0,1,1,1,0,3,70,2,3,2,1,0,0,22.0,29.0,voiture,voiture,3,1,1,1,2
201900044952,2019-08-31 15:15:00,2019,8,31,15,15,91,91377,AUTOROUTE A10,48.727741,2.303933,Plein jour,Hors agglomération,Hors intersection,Normale,Deux véhicules - côté,1,1,3,0,1,1,1,0,1,90,2,2,1,0,0,1,29.0,66.0,deux_roues,voiture,1,1,1,1,3
201900044953,2019-08-30 17:15:00,2019,8,30,17,15,94,94003,AUTOROUTE A6A,48.81586,2.33661,Plein jour,Hors agglomération,Hors intersection,Normale,Deux véhicules - côté,1,1,2,0,1,3,1,0,1,50,2,2,1,0,0,1,71.0,37.0,voiture,deux_roues,1,1,1,1,3
201900044954,2019-08-30 18:15:00,2019,8,30,18,15,91,91340,RN 104,48.609118,2.438965,Plein jour,Hors agglomération,Hors intersection,Normale,Deux véhicules - côté,2,1,3,0,1,1,1,3,3,90,2,2,1,0,0,1,37.0,69.0,deux_roues,voiture,1,1,1,1,3
201900044955,2019-08-30 11:00:00,2019,8,30,11,0,91,91689,AUTOROUTE A6,48.7295,2.3144,Plein jour,Hors agglomération,Hors intersection,Normale,Deux véhicules - arrière,1,3,6,0,1,1,1,0,1,110,2,2,1,0,0,1,59.0,27.0,deux_roues,voiture,1,1,1,1,2
201900044956,2019-08-29 18:00:00,2019,8,29,18,0,91,91553,RN 104,48.6312,2.4899,Plein jour,Hors agglomération,Hors intersection,Normale,Trois véhicules et plus - en chaîne,2,1,3,0,1,3,1,0,3,90,3,2,1,0,0,1,28.0,38.0,voiture,deux_roues,1,1,1,1,4
201900044957,2019-08-29 17:30:00,2019,8,29,17,30,91,91377,AUTOROUTE A10,48.713118,2.281595,Plein jour,Hors agglomération,Hors intersection,Normale,Deux véhicules - arrière,1,1,3,0,1,1,1,0,1,90,2,3,2,0,0,1,37.0,22.0,voiture,voiture,1,1,1,1,2
201900044958,2019-08-28 19:00:00,2019,8,28,19,0,91,91521,AUTOROUTE A6,48.63574,2.40046,Plein jour,Hors agglomération,Hors intersection,Normale,Deux véhicules - arrière,1,3,6,0,1,1,1,9,3,70,2,2,1,0,0,1,45.0,28.0,deux_roues,voiture,1,1,1,1,2
201900044959,2019-08-27 18:24:00,2019,8,27,18,24,92,92002,AUTOROUTE A10,48.7301614,2.3079008,Nuit sans éclairage public,Hors agglomération,Hors intersection,Pluie légère,Trois véhicules et plus - en chaîne,1,3,3,0,1,1,1,0,1,90,3,3,2,0,0,1,25.0,31.0,voiture,deux_roues,3,1,1,2,4
201900044960,2019-08-27 13:40:00,2019,8,27,13,40,91,91689,AUTOROUTE A6B,48.74823,2.32769,Plein jour,Hors agglomération,Hors intersection,Normale,Trois véhicules et plus - en chaîne,1,3,6,0,2,1,1,0,3,110,3,6,3,0,0,3,40.0,42.0,voiture,voiture,1,1,1,1,4
201900044961,2019-08-27 14:18:00,2019,8,27,14,18,94,94034,AUTOROUTE A6A,48.75358,2.3323,Plein jour,Hors agglomération,Hors intersection,Normale,Sans collision,1,3,10,0,1,1,1,0,1,110,1,1,0,0,0,1,30.0,,deux_roues,,1,1,1,1,7
201900044962,2019-08-27 13:05:00,2019,8,27,13,5,94,94038,AUTOROUTE A6B,48.7834445,2.3467767,Plein jour,Hors agglomération,Hors intersection,Normale,Deux véhicules - arrière,1,3,4,0,1,1,1,0,1,70,2,4,1,0,0,3,38.0,,voiture,voiture,1,1,1,1,2
201900044963,2019-08-26 18:30:00,2019,8,26,18,30,91,91179,RN 337,48.55663,2.49468,Plein jour,Hors agglomération,Hors intersection,Normale,Sans collision,2,3,2,0,1,1,1,0,3,70,1,1,0,0,0,1,51.0,,utilitaire_camion,,1,1,1,1,7
201900044964,2019-08-26 14:55:00,2019,8,26,14,55,91,91689,AUTOROUTE A6,48.72688,2.31361,Plein jour,Hors agglomération,Hors intersection,Normale,Trois véhicules et plus - en chaîne,1,1,3,0,1,1,1,0,1,90,3,4,3,0,0,1,76.0,29.0,voiture,voiture,1,1,1,1,4
201900044965,2019-08-26 14:10:00,2019,8,26,14,10,94,94076,AUTOROUTE A6B,48.7878,2.34558,Plein jour,Hors agglomération,Hors intersection,Normale,Deux véhicules - côté,1,3,6,0,1,1,1,0,1,90,2,2,1,0,0,1,37.0,67.0,utilitaire_camion,voiture,1,1,1,1,3
201900044966,2019-08-26 04:40:00,2019,8,26,4,40,91,91363,AUTOROUTE A10,48.662109,2.197354,Crépuscule ou aube,Hors agglomération,Hors intersection,Normale,Deux véhicules - arrière,1,3,4,0,2,1,1,0,3,90,2,2,1,0,0,1,34.0,67.0,voiture,voiture,2,1,1,1,2
201900044967,2019-08-26 05:35:00,2019,8,26,5,35,91,91347,RN 104,48.622302,2.28591,Nuit sans éclairage public,Hors agglomération,Hors intersection,Normale,Autre collision,2,3,4,0,4,2,1,0,3,80,1,1,0,0,0,1,48.0,,voiture,,3,1,1,1,6
201900044968,2019-03-28 13:25:00,2019,3,28,13,25,75,75120,BD PERIPHERIQUE INTERIEUR,48.872376,2.412504,Plein jour,En agglomération,Hors intersection,Normale,Trois véhicules et plus - en chaîne,4,1,4,0,1,1,1,1,1,70,3,3,2,0,0,1,42.0,31.0,voiture,voiture,1,2,1,1,4
201900044969,2019-04-03 01:09:00,2019,4,3,1,9,75,75105,QUAI DE MONTEBELLO,48.851775,2.349557,Nuit avec éclairage allumé,En agglomération,Intersection en T,Normale,Sans collision,4,1,2,0,1,1,1,8,1,50,1,1,0,0,1,0,33.0,,deux_roues,,5,2,3,1,7
201900044970,2019-04-02 12:21:00,2019,4,2,12,21,75,75115,RUE BRANCION,48.832137,2.302973,Plein jour,En agglomération,Intersection en X,Normale,Autre collision,4,1,1,0,1,1,1,0,1,30,2,4,2,0,0,2,17.0,26.0,deux_roues,deux_roues,1,2,2,1,6
201900044971,2019-04-03 16:45:00,2019,4,3,16,45,75,75119,AVENUE DE FLANDRE,48.889435,2.375454,Plein jour,En agglomération,Hors intersection,Temps couvert,Autre collision,4,1,2,0,1,1,1,0,1,30,1,2,1,0,0,1,86.0,,voiture,,1,2,1,8,6
201900044972,2019-04-03 09:00:00,2019,4,3,9,0,75,75119,BOULEVARD DE LA VILLETTE,48.875973,2.372661,Plein jour,En agglomération,Hors intersection,Normale,Deux véhicules - côté,4,1,2,1,1,1,1,8,5,50,2,3,2,0,0,1,27.0,67.0,deux_roues,voiture,1,2,1,1,3
201900044973,2019-04-03 17:40:00,2019,4,3,17,40,75,75118,PLACE ALBERT KAHN,48.895822,2.346475,Plein jour,En agglomération,Place,Normale,Autre collision,4,1,1,0,1,2,1,0,1,50,1,1,0,0,0,1,39.0,,voiture,,1,2,7,1,6
201900044974,2019-04-03 15:30:00,2019,4,3,15,30,75,75115,RUE DE LA CONVENTION,48.840213,2.28986,Plein jour,En agglomération,Hors intersection,Normale,Deux véhicules - côté,4,2,2,0,1,1,1,0,1,50,2,2,1,0,0,1,33.0,20.0,utilitaire_camion,deux_roues,1,2,1,1,3
201900044975,2019-04-03 00:03:00,2019,4,3,0,3,75,75115,QUAI DE GRENELLE,48.850843,2.283687,Nuit avec éclairage allumé,En agglomération,Intersection en X,Temps couvert,Deux véhicules - arrière,4,2,3,0,1,1,1,0,1,50,2,3,0,0,0,3,73.0,19.0,voiture,deux_roues,5,2,2,8,2
201900044976,2019-04-03 18:20:00,2019,4,3,18,20,75,75113,QUAI PANHARD ET LEVASSOR,48.827782,2.385272,Plein jour,En agglomération,Hors intersection,Normale,Deux véhicules - frontale,4,2,1,1,1,2,1,1,5,30,2,2,0,0,0,2,40.0,30.0,deux_roues,deux_roues,1,2,1,1,1
201900044977,2019-04-03 20:50:00,2019,4,3,20,50,75,75112,SOUTERRAIN QUAI DE LA RAPEE,48.84335,2.370299,Nuit avec éclairage allumé,En agglomération,Hors intersection,Normale,Sans collision,4,2,8,0,2,1,1,1,1,50,1,1,0,0,0,1,42.0,,deux_roues,,5,2,1,1,7
201900044978,2019-04-03 10:30:00,2019,4,3,10,30,75,75112,PLACE LOUIS ARMAND,48.845043,2.372635,Plein jour,En agglomération,Hors intersection,Normale,Autre collision,4,1,4,0,1,1,1,9,1,50,1,2,1,0,0,1,64.0,,voiture,,1,2,1,1,6
201900044979,2019-04-02 13:40:00,2019,4,2,13,40,75,75112,RUE DE BERCY,48.844078,2.372827,Plein jour,En agglomération,Hors intersection,Normale,Trois véhicules et plus - en chaîne,4,2,4,0,1,1,2,0,1,30,3,3,2,0,0,1,33.0,34.0,voiture,deux_roues,1,2,1,1,4
201900044980,2019-04-03 19:10:00,2019,4,3,19,10,75,75111,RUE ROUBO,48.849677,2.387329,Plein jour,En agglomération,Intersection en T,Normale,Autre collision,4,1,2,0,1,1,1,0,1,50,1,2,1,0,0,1,56.0,,voiture,,1,2,3,1,6
201900044981,2019-04-03 15:30:00,2019,4,3,15,30,75,75108,AVENUE DE FRIEDLAND,48.873977,2.297286,Plein jour,En agglomération,Intersection en X,Normale,Trois véhicules et plus - collisions multiples,4,2,4,0,1,1,1,0,1,50,3,3,2,0,0,1,66.0,31.0,voiture,voiture,1,2,2,1,5
201900044982,2019-04-03 09:22:00,2019,4,3,9,22,75,75117,BOULEVARD DE COURCELLES,48.880756,2.310772,Plein jour,En agglomération,Hors intersection,Normale,Deux véhicules - côté,4,2,2,0,1,1,1,0,1,50,2,3,2,0,0,1,42.0,29.0,deux_roues,voiture,1,2,1,1,3
201900044983,2019-04-03 22:25:00,2019,4,3,22,25,75,75103,BOULEVARD SAINT MARTIN,48.868342,2.359709,Nuit avec éclairage allumé,En agglomération,Hors intersection,Pluie légère,Autre collision,4,2,4,0,1,1,2,0,1,50,1,1,0,0,0,1,41.0,,deux_roues,,5,2,1,2,6
201900044984,2019-04-03 18:35:00,2019,4,3,18,35,94,94081,MARECHAL FOCH (R DU),48.7962,2.39678,Plein jour,En agglomération,Intersection en T,Normale,Deux véhicules - côté,4,1,1,0,1,1,1,0,1,50,2,2,1,0,0,1,23.0,54.0,voiture,utilitaire_camion,1,2,3,1,3
201900044985,2019-04-03 09:25:00,2019,4,3,9,25,94,94081,MOULIN DE SAQUET (AV DU),48.7921,2.3852,Plein jour,En agglomération,Hors intersection,Normale,Autre collision,3,2,2,0,2,1,1,0,1,30,1,2,1,0,0,1,85.0,,voiture,,1,2,1,1,6
201900044986,2019-04-02 09:25:00,2019,4,2,9,25,94,94081,GABRIEL PERI (R),48.798,2.399,Plein jour,En agglomération,Autre intersection,Temps couvert,Deux véhicules - côté,4,2,1,0,1,1,1,0,1,50,2,2,1,0,1,0,50.0,51.0,deux_roues,utilitaire_camion,1,2,9,8,3
201900044987,2019-04-02 11:35:00,2019,4,2,11,35,94,94068,VARENNE (R DE LA),48.8066,2.477359,Plein jour,En agglomération,Hors intersection,Normale,Autre collision,4,1,1,0,1,1,1,6,1,50,1,2,1,0,0,1,58.0,,utilitaire_camion,,1,2,1,1,6
201900044988,2019-04-03 18:20:00,2019,4,3,18,20,94,94046,GENERAL LECLERC (AV DU),48.8073,2.4378,Plein jour,En agglomération,Hors intersection,Normale,Deux véhicules - arrière,3,2,4,0,1,1,1,0,1,50,2,2,1,0,0,1,57.0,36.0,voiture,deux_roues,1,2,1,1,2
201900044989,2019-04-02 18:05:00,2019,4,2,18,5,94,94046,GENERAL LECLERC (AV DU),48.81015,2.43518,Plein jour,En agglomération,Intersection en T,Pluie légère,Deux véhicules - côté,3,3,2,0,1,1,2,5,1,50,2,2,1,0,0,1,26.0,35.0,voiture,voiture,1,2,3,2,3
201900044990,2019-04-03 09:30:00,2019,4,3,9,30,94,94003,VOLTAIRE (R),48.81077,2.33416,Plein jour,En agglomération,Giratoire,Normale,Deux véhicules - arrière,3,2,2,0,1,3,1,0,1,50,2,2,1,0,0,1,29.0,39.0,voiture,deux_roues,1,2,6,1,2
201900044991,2019-04-03 17:20:00,2019,4,3,17,20,94,94004,GENERAL LECLERC (AV),48.7544491,2.505939,Plein jour,En agglomération,Intersection en T,Normale,Deux véhicules - côté,2,3,3,0,2,1,1,0,1,50,2,2,1,0,0,1,19.0,60.0,deux_roues,voiture,1,2,3,1,3
201900044992,2019-04-02 09:20:00,2019,4,2,9,20,94,94002,BLANQUI (QU),48.80569,2.41087,Plein jour,En agglomération,Autre intersection,Pluie légère,Autre collision,3,2,2,0,1,1,2,0,1,50,2,2,1,0,0,1,42.0,49.0,voiture,deux_roues,1,2,9,2,6
201900044993,2019-04-02 07:50:00,2019,4,2,7,50,93,93066,ELUARD PAUL - AUTRES,48.94164,2.34185,Crépuscule ou aube,En agglomération,Intersection en T,Pluie forte,Deux véhicules - côté,3,2,0,2,4,1,2,0,1,50,2,2,1,0,0,1,46.0,41.0,deux_roues,voiture,2,2,3,3,3
201900044994,2019-04-03 17:00:00,2019,4,3,17,0,93,93064,MEDERIC (RUE),48.86613,2.4827,Plein jour,En agglomération,Hors intersection,Normale,Deux véhicules - frontale,4,-1,1,0,2,3,1,0,1,50,2,3,1,0,0,2,18.0,36.0,deux_roues,voiture,1,2,1,1,1
201900044995,2019-04-03 13:40:00,2019,4,3,13,40,93,93013,LINDBERGH (CARREFOUR),48.94302,2.43238,Plein jour,En agglomération,Hors intersection,Normale,Deux véhicules - côté,3,2,2,0,1,1,1,0,1,50,2,2,1,0,0,1,41.0,29.0,utilitaire_camion,utilitaire_camion,1,2,1,1,3
201900044996,2019-04-03 14:45:00,2019,4,3,14,45,93,93014,GAGNY (ALLEE DE),48.91048,2.5497,Plein jour,En agglomération,Hors intersection,Normale,Autre collision,3,2,2,0,1,1,1,0,2,30,1,2,1,0,0,1,39.0,,deux_roues,,1,2,1,1,6
201900044997,2019-04-03 07:30:00,2019,4,3,7,30,93,93010,GALLIENI (AV.) DE 177 A 211,48.90691,2.4883,Crépuscule ou aube,En agglomération,Autre intersection,Normale,Autre collision,3,2,3,0,1,1,1,0,1,50,1,2,1,0,0,1,35.0,,voiture,,2,2,9,1,6
201900044998,2019-04-03 11:15:00,2019,4,3,11,15,93,93005,MARCO POLO (RUE),48.955913,2.495083,Plein jour,En agglomération,Hors intersection,Normale,Autre collision,4,2,2,0,1,1,1,0,1,50,1,2,1,0,0,1,24.0,,voiture,,1,2,1,1,6
201900044999,2019-01-18 10:00:00,2019,1,18,10,0,93,93005,ROBERT BREMOND (RUE),48.956921,2.461843,Plein jour,En agglomération,Hors intersection,Normale,Autre collision,4,-1,1,0,2,2,2,0,1,50,1,2,1,0,0,1,21.0,,utilitaire_camion,,1,2,1,1,6
201900045000,2019-04-03 16:10:00,2019,4,3,16,10,92,92078,VERDUN (AVENUE) (IMPAIRS JJAURES>A86),48.934702,2.32169,Plein jour,En agglomération,Autre intersection,Normale,Deux véhicules - arrière,3,2,2,2,1,1,1,4,1,50,2,2,1,0,0,1,33.0,52.0,deux_roues,voiture,1,2,9,1,2
201900045001,2019-01-09 20:50:00,2019,1,9,20,50,92,92064,PASTEUR,48.84166,2.20025,Nuit avec éclairage allumé,En agglomération,Hors intersection,Pluie légère,Trois véhicules et plus - collisions multiples,3,2,2,1,1,1,2,0,3,50,3,2,1,0,0,1,53.0,30.0,voiture,deux_roues,5,2,1,2,5
201900045002,2019-02-06 19:00:00,2019,2,6,19,0,92,92062,GENERAL DE GAULLE (AV) DU 63 AU 107,48.88531,2.22794,Nuit avec éclairage allumé,En agglomération,Autre intersection,Pluie légère,Deux véhicules - côté,3,2,6,0,1,1,2,1,1,50,2,4,3,0,0,1,38.0,38.0,voiture,deux_roues,5,2,9,2,3
201900045003,2019-02-04 15:54:00,2019,2,4,15,54,92,92062,JAURES(RUE JEAN) DU 178 AU 116,48.880385,2.23728,Plein jour,En agglomération,Hors intersection,Temps couvert,Sans collision,7,1,1,0,1,1,1,0,1,50,1,1,0,0,0,1,51.0,,deux_roues,,1,2,1,8,7
201900045004,2019-04-03 07:25:00,2019,4,3,7,25,92,92040,VERDUN (AVENUE DE) DU 83 AU 113 BIS,48.820695,2.259617,Crépuscule ou aube,En agglomération,Autre intersection,Normale,Deux véhicules - côté,3,-1,2,0,1,1,1,0,1,50,2,2,1,0,0,1,38.0,33.0,voiture,deux_roues,2,2,9,1,3
201900045005,2019-04-03 10:20:00,2019,4,3,10,20,92,92004,PONT DE CLICHY,48.91097,2.29865,Plein jour,En agglomération,Hors intersection,Normale,Deux véhicules - arrière,3,2,3,0,1,1,1,2,1,50,2,2,1,0,0,1,25.0,48.0,voiture,deux_roues,1,2,1,1,2
201900045006,2019-04-03 07:50:00,2019,4,3,7,50,92,92002,RABATS (RUE DES)/  DIVISION LECLERC (53 A 217 - 58 A 186),48.7370653,2.3017098,Plein jour,En agglomération,Intersection en T,Normale,Autre collision,3,2,4,0,1,1,1,0,1,50,1,2,1,0,0,1,34.0,,voiture,,1,2,3,1,6
201900045007,2019-04-04 19:00:00,2019,4,4,19,0,95,95313,rd922,49.122346,2.244542,Plein jour,Hors agglomération,Hors intersection,Normale,Deux véhicules - arrière,3,2,2,0,1,1,1,0,1,70,2,6,5,0,0,1,33.0,46.0,voiture,voiture,1,1,1,1,2
201900045008,2019-03-31 14:40:00,2019,3,31,14,40,33,33154,LD Monfourat - D674,45.079911,-0.06999,Plein jour,Hors agglomération,Hors intersection,Normale,Autre collision,3,2,2,0,1,3,1,0,1,80,1,1,0,0,1,0,53.0,,deux_roues,,1,1,1,1,6
201900045009,2019-04-03 18:05:00,2019,4,3,18,5,40,40004,625 Route de Tyrosse,43.658168,-1.361794,Plein jour,En agglomération,Hors intersection,Temps couvert,Deux véhicules - côté,3,2,3,0,1,1,2,9,1,50,2,2,1,0,1,0,37.0,17.0,voiture,deux_roues,1,2,1,8,3
201900045010,2019-04-03 23:00:00,2019,4,3,23,0,974,97405,Rue Maxime Payet,-21.369033,55.576049,Nuit sans éclairage public,Hors agglomération,Hors intersection,Pluie légère,Autre collision,2,2,1,0,2,4,2,0,1,80,1,1,0,0,0,1,60.0,,voiture,,3,1,1,2,6
201900045011,2019-04-03 15:40:00,2019,4,3,15,40,22,22093,"Bretelle de sortie RN12 ""la petite chapelle""",48.45505,-2.4946,Plein jour,Hors agglomération,Hors intersection,Normale,Trois véhicules et plus - collisions multiples,2,1,1,0,2,1,1,0,6,70,3,8,2,0,0,6,40.0,66.0,voiture,voiture,1,1,1,1,5
201900045012,2019-04-03 17:55:00,2019,4,3,17,55,14,14027,Les Malais (Aunay-sur-Odon),49.031861,-0.642458,Plein jour,Hors agglomération,Hors intersection,Normale,Autre collision,3,2,2,0,2,1,1,0,3,80,1,1,0,0,1,0,69.0,,voiture,,1,1,1,1,6
201900045013,2019-04-03 01:15:00,2019,4,3,1,15,67,67140,rue de roppenheim,48.859339,8.036822,Nuit avec éclairage allumé,En agglomération,Intersection en Y,Pluie légère,Autre collision,3,2,2,0,1,3,2,0,4,50,1,3,2,0,0,1,23.0,,voiture,,5,2,4,2,6
201900045014,2019-04-03 18:00:00,2019,4,3,18,0,34,34118,D26,43.742934,3.906439,Plein jour,Hors agglomération,Intersection en Y,Temps couvert,Deux véhicules - frontale,3,2,2,0,1,3,1,0,1,80,2,5,2,0,1,2,24.0,26.0,voiture,voiture,1,1,4,8,1
201900045015,2019-04-04 07:35:00,2019,4,4,7,35,83,83057,les brasques,43.365358,6.203192,Plein jour,Hors agglomération,Hors intersection,Normale,Deux véhicules - côté,3,2,2,0,2,3,1,5,1,80,2,2,1,0,0,1,83.0,57.0,voiture,deux_roues,1,1,1,1,3
201900045016,2019-04-04 06:45:00,2019,4,4,6,45,2A,2A104,RT40,41.9134663,8.8493913,Crépuscule ou aube,Hors agglomération,Hors intersection,Normale,Sans collision,2,2,2,0,1,1,1,0,3,80,1,1,0,0,1,0,20.0,,utilitaire_camion,,2,1,1,1,7
201900045017,2019-04-04 19:20:00,2019,4,4,19,20,80,80680,Rue des Quatre Épines,49.826975,2.696979,Plein jour,Hors agglomération,Hors intersection,Normale,Autre collision,4,2,2,0,1,2,1,4,3,80,1,1,0,0,0,1,36.0,,voiture,,1,1,1,1,6