accident_id,datetime,annee,mois,jour,heure,minute,departement,commune_insee,adresse,latitude,longitude,luminosite,agglomeration,intersection,meteo,collision,catr,circ,nbv,vosp,prof,plan,surf,infra,situ,vma,nb_vehicules,nb_usagers,nb_indemnes,nb_tues,nb_blesses_hosp,nb_blesses_legers,age_cond_1,age_cond_2,veh_type_cond_1,veh_type_cond_2,lum_code,agg_code,int_code,atm_code,col_code
201900045110,2019-04-02 10:45:00,2019,4,2,10,45,52,52448,LOYES (RUE DES),48.62763,4.97198,Plein jour,En agglomération,Hors intersection,Pluie légère,Deux véhicules - arrière,4,2,3,0,1,1,2,0,1,50,2,3,2,0,1,0,73.0,28.0,voiture,deux_roues,1,2,1,2,2
201900045111,2019-04-02 14:10:00,2019,4,2,14,10,51,51454,BOULEVARD ALBERT 1ER,49.27498,4.01766,Plein jour,En agglomération,Intersection en X,Normale,Sans collision,4,2,3,0,1,1,1,0,1,50,1,2,1,0,0,1,34.0,,voiture,,1,2,2,1,7
201900045112,2019-04-02 16:10:00,2019,4,2,16,10,51,51454,RUE DE L'EQUERRE,49.24877,4.03641,Plein jour,En agglomération,Intersection en T,Pluie légère,Deux véhicules - côté,4,1,1,0,1,1,2,0,1,50,2,2,1,0,0,1,20.0,41.0,deux_roues,voiture,1,2,3,2,3
201900045113,2019-04-02 10:30:00,2019,4,2,10,30,51,51454,RUE LEONARD DE VINCI,49.27011,4.01156,Plein jour,En agglomération,Intersection en X,Normale,Deux véhicules - côté,4,2,2,0,1,1,2,0,1,50,2,2,1,0,0,1,33.0,26.0,utilitaire_camion,utilitaire_camion,1,2,2,1,3
201900045114,2019-04-02 18:10:00,2019,4,2,18,10,45,45234,RUE DE LA REPUBLIQUE,47.904148,1.904352,Plein jour,En agglomération,Hors intersection,Pluie légère,Sans collision,4,2,2,3,1,1,2,6,1,10,1,1,0,0,1,0,32.0,,deux_roues,,1,2,1,2,7
201900045115,2019-04-02 13:30:00,2019,4,2,13,30,45,45234,PONT M JOFFRE - AV DE TREVISE,47.894545,1.8956972,Plein jour,En agglomération,Intersection en T,Normale,Deux véhicules - côté,4,2,4,0,1,1,1,0,1,50,2,3,2,0,0,1,30.0,49.0,utilitaire_camion,voiture,1,2,3,1,3
201900045116,2019-04-02 09:20:00,2019,4,2,9,20,45,45234,SQUARE CHARLES PEGUY,47.90075,1.91931,Plein jour,En agglomération,Giratoire,Normale,Deux véhicules - côté,4,1,3,0,1,1,1,0,1,50,2,3,2,0,0,1,37.0,42.0,voiture,voiture,1,2,6,1,3
201900045117,2019-04-02 09:04:00,2019,4,2,9,4,37,37261,BERT (QUAI PAUL),47.4012167,0.6842852,Plein jour,En agglomération,Intersection en T,Normale,Deux véhicules - côté,4,2,3,0,1,1,1,0,1,50,2,2,1,0,0,1,25.0,23.0,voiture,voiture,1,2,3,1,3
201900045118,2019-04-02 14:58:00,2019,4,2,14,58,34,34172,VALERY (BOULEVARD PAUL,43.59033,3.85544,Plein jour,En agglomération,Hors intersection,Normale,Trois véhicules et plus - en chaîne,4,1,1,3,1,3,1,5,1,50,3,3,2,0,0,1,71.0,43.0,voiture,voiture,1,2,1,1,4
201900045119,2019-04-02 12:40:00,2019,4,2,12,40,34,34172,CORINTHE (RUE DE),43.60809,3.89865,Plein jour,En agglomération,Intersection en X,Normale,Autre collision,4,1,1,0,2,1,1,5,1,50,1,1,0,0,0,1,,,,,1,2,2,1,6
201900045120,2019-03-31 14:10:00,2019,3,31,14,10,34,34032,MOULIN JEAN (AV),43.3500697,3.2274435,Plein jour,En agglomération,Intersection en T,Normale,Deux véhicules - côté,4,2,0,0,2,1,1,0,1,50,2,2,1,0,1,0,24.0,24.0,deux_roues,voiture,1,2,3,1,3
201900045121,2019-03-29 00:50:00,2019,3,29,0,50,34,34032,MISTRAL FREDERIC (BD),43.34401,3.22048,Nuit avec éclairage allumé,En agglomération,Intersection en X,Normale,Deux véhicules - côté,4,2,2,0,1,1,1,5,1,50,2,6,3,0,1,2,33.0,21.0,voiture,voiture,5,2,2,1,3
201900045122,2019-03-24 20:20:00,2019,3,24,20,20,33,33167,VOIE PENETRANTE EST,44.84387,-0.51973,Crépuscule ou aube,Hors agglomération,Hors intersection,Autre,Autre collision,4,3,4,0,2,1,1,0,1,70,1,1,0,0,0,1,24.0,,voiture,,2,1,1,9,6
201900045123,2019-03-29 18:20:00,2019,3,29,18,20,33,33522,CRS DU MARECHAL GALLIENI,44.82412,-0.59142,Plein jour,En agglomération,Intersection en T,Normale,Deux véhicules - côté,4,2,2,0,1,1,1,0,1,50,2,2,1,0,0,1,25.0,24.0,voiture,deux_roues,1,2,3,1,3
201900045124,2019-03-27 11:45:00,2019,3,27,11,45,33,33063,47 CRS LE ROUZIC - piéton place Camelle vers le n°47 (à gauche du VU),44.84297,-0.55074,Plein jour,En agglomération,Intersection en T,Normale,Autre collision,4,2,4,2,1,1,1,0,1,50,1,2,1,0,1,0,21.0,,utilitaire_camion,,1,2,3,1,6
201900045125,2019-04-02 16:06:00,2019,4,2,16,6,25,25056,19 bd Churchill,47.250503,6.006249,Plein jour,En agglomération,Hors intersection,Normale,Deux véhicules - côté,4,2,4,0,1,1,1,0,1,50,2,2,1,0,0,1,49.0,33.0,voiture,utilitaire_camion,1,2,1,1,3
201900045126,2019-04-02 21:40:00,2019,4,2,21,40,17,17306,EUROPE (COURS DE L'),45.625,-1.018933,Nuit sans éclairage public,En agglomération,Place,Normale,Deux véhicules - côté,4,1,2,0,1,3,1,5,1,30,2,2,1,0,1,0,35.0,42.0,deux_roues,voiture,3,2,7,1,3
201900045127,2019-04-01 16:35:00,2019,4,1,16,35,16,16358,BRETELLE ACCES,45.67333,0.14369,Plein jour,Hors agglomération,Hors intersection,Normale,Autre collision,2,3,2,0,2,3,1,3,1,50,1,1,0,1,0,0,25.0,,deux_roues,,1,1,1,1,6
201900045128,2019-04-02 17:15:00,2019,4,2,17,15,14,14271,ECHANGEUR N° 10 ( ETERVILLE ),49.15479,-0.42141,Plein jour,Hors agglomération,Hors intersection,Normale,Deux véhicules - arrière,2,3,-1,-1,1,1,1,0,1,-1,2,2,0,0,0,2,38.0,22.0,voiture,voiture,1,1,1,1,2
201900045129,2019-04-02 08:30:00,2019,4,2,8,30,13,13206,LOUIS MAUREL (RUE),43.2857,5.38296,Plein jour,En agglomération,Hors intersection,Normale,Autre collision,4,2,2,0,2,1,1,0,1,50,1,1,0,0,0,1,,,,,1,2,1,1,6
201900045130,2019-04-01 18:35:00,2019,4,1,18,35,13,13213,LIONEL TERRAY (BOULEVARD),43.31602,5.40153,Plein jour,En agglomération,Intersection en Y,Normale,Deux véhicules - frontale,7,2,2,0,2,2,1,0,1,50,2,2,1,0,1,0,43.0,32.0,voiture,deux_roues,1,2,4,1,1
201900045131,2019-04-01 08:30:00,2019,4,1,8,30,11,11262,LECLERC (AVENUE DU GENERAL),43.18023,2.99645,Plein jour,En agglomération,Intersection en T,Normale,Trois véhicules et plus - en chaîne,4,2,2,0,1,1,1,0,1,50,3,3,2,0,0,1,34.0,44.0,voiture,voiture,1,2,3,1,4
201900045132,2019-04-02 19:00:00,2019,4,2,19,0,10,10387,COMTES DE CHAMPAGNE (QUAI DES),48.30087,4.07548,Plein jour,En agglomération,Autre intersection,Normale,Deux véhicules - arrière,4,1,2,0,1,2,2,0,1,50,2,3,2,0,0,1,28.0,45.0,voiture,voiture,1,2,9,1,2
201900045133,2019-04-02 17:40:00,2019,4,2,17,40,10,10333,ROCADE OUEST (RD 610),48.27218,4.04789,Plein jour,Hors agglomération,Hors intersection,Normale,Deux véhicules - arrière,3,1,2,0,1,1,2,0,1,110,2,3,2,0,0,1,32.0,21.0,voiture,voiture,1,1,1,1,2
201900045134,2019-04-02 14:09:00,2019,4,2,14,9,10,10387,ST DOMINIQUE (QUAI),48.29531,4.08263,Plein jour,En agglomération,Hors intersection,Normale,Deux véhicules - côté,4,1,0,0,1,1,1,9,1,50,2,2,1,0,0,1,31.0,52.0,deux_roues,voiture,1,2,1,1,3
201900045135,2019-04-02 17:40:00,2019,4,2,17,40,6,06069,MARIGARDE (ROUTE DE LA),43.65498,6.94211,Plein jour,En agglomération,Hors intersection,Normale,Deux véhicules - côté,3,2,1,0,1,1,1,0,1,50,2,4,1,0,0,3,46.0,60.0,voiture,voiture,1,2,1,1,3
201900045136,2019-04-01 08:15:00,2019,4,1,8,15,6,06123,PROVENCE BOULEVARD DE,43.668776,7.186132,Plein jour,En agglomération,Hors intersection,Normale,Autre collision,4,1,1,0,2,1,1,9,1,50,1,1,0,0,0,1,,,,,1,2,1,1,6
201900045137,2019-04-01 08:15:00,2019,4,1,8,15,6,06004,ROCHAT AV.PHILIPPE,43.5903,7.1069,Plein jour,En agglomération,Hors intersection,Normale,Deux véhicules - côté,3,2,3,0,1,1,1,0,1,50,2,2,0,0,1,1,56.0,34.0,deux_roues,voiture,1,2,1,1,3
201900045138,2019-03-31 05:50:00,2019,3,31,5,50,2,02722,LAON ( PLACE DE ),49.386147,3.33293,Nuit sans éclairage public,En agglomération,Place,Normale,Deux véhicules - arrière,4,3,2,0,1,1,1,5,1,50,2,2,1,0,0,1,26.0,37.0,voiture,voiture,3,2,7,1,2
201900045139,2019-04-02 19:00:00,2019,4,2,19,0,75,75120,PORTE DES LILAS,48.875556,2.409953,Crépuscule ou aube,En agglomération,Hors intersection,Pluie légère,Autre collision,4,1,4,0,1,1,1,0,1,70,2,1,0,0,0,1,22.0,,deux_roues,,2,2,1,2,6
201900045140,2019-04-02 12:40:00,2019,4,2,12,40,75,75119,PLACE DE LA BATAILLE DE STALINGRAD,48.883273,2.369382,Plein jour,En agglomération,Hors intersection,Normale,Sans collision,4,2,5,0,1,3,1,0,1,50,1,1,0,0,0,1,29.0,,deux_roues,,1,2,1,1,7
201900045141,2019-04-02 19:38:00,2019,4,2,19,38,75,75118,BOULEVARD DE CLICHY,48.884661,2.329524,Plein jour,En agglomération,Intersection en X,Pluie légère,Deux véhicules - côté,4,1,3,0,1,1,2,0,1,50,2,2,1,0,0,1,27.0,48.0,voiture,deux_roues,1,2,2,2,3
201900045142,2019-04-01 22:35:00,2019,4,1,22,35,75,75118,RUE DE LA CHAPELLE,48.891396,2.359866,Nuit avec éclairage allumé,En agglomération,Hors intersection,Normale,Autre collision,4,1,2,0,1,1,1,0,1,50,2,1,0,0,0,1,24.0,,deux_roues,,5,2,1,1,6
201900045143,2019-04-02 13:40:00,2019,4,2,13,40,75,75117,BOULEVARD PERSHING,48.882233,2.286165,Plein jour,En agglomération,Intersection en X,Normale,Deux véhicules - arrière,4,1,1,0,1,1,1,0,1,30,2,2,1,0,0,1,62.0,51.0,utilitaire_camion,voiture,1,2,2,1,2
201900045144,2019-04-01 22:00:00,2019,4,1,22,0,75,75117,AVENUE DE CLICHY,48.894083,2.314131,Nuit avec éclairage allumé,En agglomération,Intersection en T,Normale,Sans collision,4,2,3,3,1,1,1,0,1,30,1,1,0,0,0,1,34.0,,deux_roues,,5,2,3,1,7
201900045145,2019-04-01 10:45:00,2019,4,1,10,45,75,75117,AVENUE DE VILLIERS,48.883296,2.307264,Plein jour,En agglomération,Intersection en X,Normale,Deux véhicules - côté,4,2,4,1,1,1,1,5,1,50,2,2,1,0,0,1,23.0,24.0,deux_roues,voiture,1,2,2,1,3
201900045146,2019-04-01 19:15:00,2019,4,1,19,15,75,75114,BOULEVARD ROMAIN ROLLAND,48.820171,2.323989,Plein jour,En agglomération,Intersection en X,Normale,Autre collision,4,1,4,0,1,1,1,0,1,50,1,2,1,0,0,1,59.0,,voiture,,1,2,2,1,6
201900045147,2019-04-02 07:25:00,2019,4,2,7,25,75,75113,RUE DE LA VISTULE,48.822808,2.358339,Plein jour,En agglomération,Intersection en T,Pluie légère,Autre collision,4,1,1,0,1,1,2,0,1,30,1,2,1,0,0,1,26.0,,utilitaire_camion,,1,2,3,2,6
201900045148,2019-04-02 09:30:00,2019,4,2,9,30,75,75111,RUE MORAND,48.868841,2.376311,Plein jour,En agglomération,Intersection en X,Pluie légère,Deux véhicules - côté,4,1,1,0,1,1,2,0,1,30,2,2,1,0,0,1,35.0,39.0,utilitaire_camion,deux_roues,1,2,2,2,3
201900045149,2019-07-19 20:40:00,2019,7,19,20,40,77,77258,A4.W,48.8313634,2.6413816,Plein jour,Hors agglomération,Hors intersection,Normale,Trois véhicules et plus - collisions multiples,1,3,4,0,1,1,1,0,1,110,3,4,2,0,0,2,25.0,56.0,voiture,utilitaire_camion,1,1,1,1,5
201900045150,2019-07-17 07:00:00,2019,7,17,7,0,77,77053,RN104,48.674,2.61101,Plein jour,Hors agglomération,Hors intersection,Normale,Deux véhicules - arrière,2,3,6,0,2,1,1,0,3,90,2,2,1,0,0,1,48.0,28.0,utilitaire_camion,voiture,1,1,1,1,2
201900045151,2019-07-16 23:00:00,2019,7,16,23,0,77,77373,RN104,48.8009,2.6251,Nuit sans éclairage public,Hors agglomération,Hors intersection,Normale,Autre collision,2,3,3,0,1,1,1,0,3,90,1,1,0,0,0,1,27.0,,utilitaire_camion,,3,1,1,1,6
201900045152,2019-03-31 01:30:00,2019,3,31,1,30,76,76552,IGNAUVAL (D'),49.51305,0.08426,Nuit avec éclairage allumé,En agglomération,Hors intersection,Normale,Autre collision,3,2,2,0,2,2,2,0,1,50,1,3,2,0,0,1,30.0,,utilitaire_camion,,5,2,1,1,6
201900045153,2019-07-16 23:30:00,2019,7,16,23,30,71,71499,GOUNOD (RUE),46.64972,4.30143,Nuit sans éclairage public,En agglomération,Hors intersection,Normale,Deux véhicules - côté,4,2,2,0,1,1,1,0,1,50,2,2,0,0,0,2,20.0,20.0,voiture,voiture,3,2,1,1,3
201900045154,2019-07-16 20:50:00,2019,7,16,20,50,71,71486,RN 70 (ROUTE EXPRESS),46.64479,4.32888,Plein jour,En agglomération,Hors intersection,Normale,Autre collision,2,2,2,0,1,1,1,0,1,50,1,1,0,0,0,1,44.0,,voiture,,1,2,1,1,6
201900045155,2019-07-15 13:00:00,2019,7,15,13,0,64,64348,MARTYRS DU PONT LONG DES,43.3483471,-0.3799724,Plein jour,En agglomération,Intersection en T,Normale,Deux véhicules - côté,3,-1,5,1,1,1,1,0,1,50,2,2,0,0,0,2,65.0,31.0,deux_roues,voiture,1,2,3,1,3
201900045156,2019-07-06 12:30:00,2019,7,6,12,30,63,63113,av REPUBLIQUE-rue Estaing,45.78761,3.10585,Plein jour,En agglomération,Intersection en X,Normale,Deux véhicules - côté,4,2,2,0,1,1,1,0,1,50,2,2,1,0,0,1,26.0,65.0,voiture,voiture,1,2,2,1,3
201900045157,2019-06-19 07:50:00,2019,6,19,7,50,34,34172,ABRIVADO (RUE DE L'),43.58947,3.88856,Plein jour,En agglomération,Hors intersection,Normale,Deux véhicules - arrière,4,1,2,0,1,1,1,0,1,50,2,2,1,0,0,1,35.0,50.0,utilitaire_camion,deux_roues,1,2,1,1,2
201900045158,2019-06-18 12:00:00,2019,6,18,12,0,34,34172,GENNEVAUX (ROND-POINT MAURICE),43.5932,3.82086,Plein jour,Hors agglomération,Autre intersection,Normale,Deux véhicules - côté,3,1,2,0,1,3,1,0,1,50,2,2,1,0,0,1,38.0,19.0,voiture,voiture,1,1,9,1,3
201900045159,2019-07-16 15:40:00,2019,7,16,15,40,13,13206,PAUL PEYTRAL (BOULEVARD),43.290545,5.379919,Plein jour,En agglomération,Hors intersection,Normale,Deux véhicules - côté,4,1,2,0,1,1,1,0,1,50,2,2,1,0,1,0,63.0,53.0,deux_roues,deux_roues,1,2,1,1,3
201900045160,2019-07-15 20:15:00,2019,7,15,20,15,93,93013,AUTOROUTE A1,48.94024,2.42356,Plein jour,Hors agglomération,Hors intersection,Normale,Deux véhicules - arrière,1,3,8,0,1,1,1,0,1,110,2,1,0,0,0,1,29.0,,voiture,,1,1,1,1,2
201900045161,2019-07-17 18:00:00,2019,7,17,18,0,988,98818,GERVOLINO (RUE ROGER),-22.2538951,166.4712676,Nuit avec éclairage allumé,En agglomération,Giratoire,Normale,Deux véhicules - côté,4,1,1,0,1,2,1,9,1,50,2,2,1,0,0,1,62.0,44.0,deux_roues,voiture,5,2,6,1,3
201900045162,2019-07-17 17:40:00,2019,7,17,17,40,974,97411,JAURES (BOULEVARD JEAN),-20.8898,55.4645,Crépuscule ou aube,En agglomération,Intersection en X,Normale,Trois véhicules et plus - en chaîne,2,3,4,0,1,3,1,5,1,50,3,5,0,0,0,5,19.0,54.0,voiture,voiture,2,2,2,1,4
201900045163,2019-07-17 12:10:00,2019,7,17,12,10,974,97411,VICTOIRE (AVENUE DE LA),-20.87517,55.44726,Plein jour,En agglomération,Hors intersection,Normale,Autre collision,4,2,2,0,2,1,1,0,1,50,1,2,1,0,1,0,41.0,,voiture,,1,2,1,1,6
201900045164,2019-07-15 10:50:00,2019,7,15,10,50,973,97302,MANDELA  (BOULEVARD),4.935052,-52.3260784,Plein jour,En agglomération,Hors intersection,Normale,Autre collision,3,1,2,0,1,1,1,0,1,50,1,2,1,0,1,0,23.0,,utilitaire_camion,,1,2,1,1,6
201900045165,2019-07-17 11:25:00,2019,7,17,11,25,69,69383,GARIBALDI                           (R ),45.76067,4.85207,Plein jour,En agglomération,Intersection en X,Normale,Sans collision,4,1,5,3,1,1,9,8,1,50,1,3,2,0,0,1,89.0,,voiture,,1,2,2,1,7
201900045166,2019-07-17 09:05:00,2019,7,17,9,5,69,69386,PROFESSEUR WEILL (DU)               (R ),45.768224,4.856463,Plein jour,En agglomération,Hors intersection,Normale,Sans collision,4,-1,0,0,1,1,1,0,1,50,1,1,0,0,0,1,29.0,,deux_roues,,1,2,1,1,7
201900045167,2019-07-17 08:00:00,2019,7,17,8,0,69,69259,VIENNE (DE)                         (RO),45.72355,4.85409,Plein jour,En agglomération,Intersection en Y,Normale,Deux véhicules - côté,7,2,2,0,1,1,1,0,1,50,2,2,1,0,0,1,28.0,45.0,voiture,deux_roues,1,2,4,1,3
201900045168,2019-07-16 11:20:00,2019,7,16,11,20,972,97209,Carrefour de la Meynard,14.6273,-61.04,Plein jour,En agglomération,Hors intersection,Normale,Deux véhicules - arrière,3,2,2,0,1,1,1,0,1,50,2,3,1,0,0,2,60.0,46.0,voiture,voiture,1,2,1,1,2
201900045169,2019-07-17 23:55:00,2019,7,17,23,55,69,69382,REPUBLIQUE (DE LA)                  (R ),45.76438,4.83584,Nuit avec éclairage allumé,En agglomération,Hors intersection,Normale,Deux véhicules - côté,4,2,2,3,1,1,1,0,1,50,2,2,1,0,0,1,28.0,45.0,deux_roues,deux_roues,5,2,1,1,3
201900045170,2019-07-16 08:40:00,2019,7,16,8,40,69,69389,SERGENT MICHEL BERTHET (DU)         (R ),45.76855,4.80558,Plein jour,En agglomération,Hors intersection,Normale,Deux véhicules - arrière,4,2,2,0,2,1,1,0,2,50,2,1,0,0,0,1,43.0,,voiture,,1,2,1,1,2
201900045171,2019-07-16 18:15:00,2019,7,16,18,15,2B,2B033,AV DE LA LIBERATION,42.67837,9.44311,Plein jour,En agglomération,Giratoire,Normale,Deux véhicules - côté,4,2,2,0,1,1,1,0,1,50,2,2,1,0,0,1,48.0,43.0,deux_roues,voiture,1,2,6,1,3
201900045172,2019-07-17 01:51:00,2019,7,17,1,51,2A,2A004,STEPHANOPOLI NICEPHORE  DE COMENE BD,41.9084266,8.7081483,Nuit avec éclairage allumé,Hors agglomération,Giratoire,Normale,Autre collision,3,2,2,0,1,1,1,5,1,50,1,1,0,0,0,1,48.0,,deux_roues,,5,1,6,1,6
201900045173,2019-07-17 15:50:00,2019,7,17,15,50,95,95598,RUE DU DR SCHWEITZER  ,48.993207,2.3090796,Plein jour,En agglomération,Hors intersection,Normale,Deux véhicules - arrière,3,2,2,0,2,1,1,0,1,50,2,2,1,0,0,1,68.0,65.0,voiture,voiture,1,2,1,1,2
201900045174,2019-07-17 08:03:00,2019,7,17,8,3,91,91692,CD35,48.67556,2.19234,Plein jour,Hors agglomération,Giratoire,Normale,Deux véhicules - côté,3,1,2,0,1,2,1,3,3,50,2,2,1,0,0,1,39.0,55.0,voiture,deux_roues,1,1,6,1,3
201900045175,2019-07-16 16:00:00,2019,7,16,16,0,91,91223,R.N.20,48.44798,2.17515,Plein jour,Hors agglomération,Hors intersection,Normale,Deux véhicules - arrière,2,2,4,0,1,1,1,0,3,90,2,2,1,0,0,1,29.0,19.0,voiture,voiture,1,1,1,1,2
201900045176,2019-07-16 09:46:00,2019,7,16,9,46,87,87050,VILLAGEAS ( route de),45.88771,1.22138,Plein jour,Hors agglomération,Intersection en X,Normale,Deux véhicules - côté,4,2,2,0,1,1,1,0,1,80,2,2,1,0,0,1,60.0,58.0,deux_roues,voiture,1,1,2,1,3
201900045177,2019-07-16 17:20:00,2019,7,16,17,20,84,84080,LORIOL ROUTE DE,44.05464,4.99895,Plein jour,Hors agglomération,Intersection en X,Normale,Trois véhicules et plus - collisions multiples,3,2,2,0,1,1,1,0,1,70,3,3,1,0,1,1,25.0,73.0,voiture,voiture,1,1,2,1,5
201900045178,2019-07-17 13:25:00,2019,7,17,13,25,83,83069,ALMANARRE (ROUTE DE L'),43.08037,6.12255,Plein jour,Hors agglomération,Hors intersection,Normale,Deux véhicules - frontale,3,2,2,0,1,1,1,0,1,50,2,2,0,0,0,2,73.0,61.0,utilitaire_camion,voiture,1,1,1,1,1
201900045179,2019-07-13 17:40:00,2019,7,13,17,40,78,78490,DEUX PLATEAUX (ROUTE DES),48.813925,1.959756,Plein jour,Hors agglomération,Hors intersection,Normale,Deux véhicules - arrière,3,3,4,0,2,1,1,0,3,70,2,3,0,1,1,1,48.0,58.0,voiture,deux_roues,1,1,1,1,2
201900045180,2019-07-17 14:10:00,2019,7,17,14,10,78,78401,PELLETIER BD,49.00529,1.912831,Plein jour,En agglomération,Hors intersection,Normale,Autre collision,3,2,2,0,1,1,1,0,3,50,1,2,1,0,1,0,33.0,,voiture,,1,2,1,1,6
201900045181,2019-07-16 10:30:00,2019,7,16,10,30,77,77067,MAISON BLANCHE (DE LA),48.5859899,2.5988391,Plein jour,En agglomération,Hors intersection,Normale,Autre collision,4,-1,2,0,1,2,1,0,3,50,1,2,1,0,1,0,75.0,,voiture,,1,2,1,1,6
201900045182,2019-07-12 15:50:00,2019,7,12,15,50,71,71076,SAINT JEAN DE MAIZEL (PLACE),46.77929,4.85139,Plein jour,En agglomération,Hors intersection,Normale,Autre collision,4,2,-1,0,1,1,1,0,1,50,1,1,0,0,1,0,28.0,,deux_roues,,1,2,1,1,6
201900045183,2019-07-17 15:40:00,2019,7,17,15,40,69,69275,EMILE BERTRAND                      (R ),45.76998,4.95247,Plein jour,En agglomération,Intersection en T,Normale,Autre collision,4,2,2,1,1,1,1,0,1,50,1,2,1,0,0,1,18.0,,voiture,,1,2,3,1,6
201900045184,2019-07-16 12:00:00,2019,7,16,12,0,67,67218,RM468,48.5009504,7.7316562,Plein jour,Hors agglomération,Hors intersection,Normale,Deux véhicules - côté,7,2,2,0,1,1,1,0,1,70,2,2,1,0,0,1,23.0,59.0,voiture,voiture,1,1,1,1,3
201900045185,2019-07-16 11:45:00,2019,7,16,11,45,67,67482,VOSGES (AVENUE DES),48.59064,7.74779,Plein jour,En agglomération,Hors intersection,Normale,Deux véhicules - côté,4,2,5,1,1,1,1,9,1,50,2,2,1,0,0,1,37.0,22.0,voiture,deux_roues,1,2,1,1,3
201900045186,2019-07-14 00:35:00,2019,7,14,0,35,67,67482,JEAN SEBASTIEN BACH (BOULEVARD),48.588563,7.778446,Nuit sans éclairage public,En agglomération,Hors intersection,Normale,Deux véhicules - arrière,4,2,2,1,1,1,1,9,1,50,2,3,1,0,0,2,18.0,28.0,deux_roues,voiture,3,2,1,1,2
201900045187,2019-07-16 17:53:00,2019,7,16,17,53,66,66136,ARGELES SUR MER AVENUE D',42.67038,2.91627,Plein jour,En agglomération,Hors intersection,Normale,Autre collision,4,2,2,0,1,1,1,0,1,50,1,1,0,0,0,1,89.0,,voiture,,1,2,1,1,6
201900045188,2019-07-17 18:05:00,2019,7,17,18,5,64,64260,ALLEES (RUE DES),43.35708,-1.77422,Plein jour,En agglomération,Intersection en T,Normale,Deux véhicules - côté,4,2,2,0,1,1,1,0,3,50,2,2,1,0,0,1,46.0,17.0,voiture,deux_roues,1,2,3,1,3
201900045189,2019-07-16 07:52:00,2019,7,16,7,52,64,64024,VENISE (RUE DE),43.488368,-1.5092398,Plein jour,En agglomération,Intersection en T,Normale,Sans collision,4,2,2,0,1,1,2,0,3,50,1,1,0,0,0,1,16.0,,deux_roues,,1,2,3,1,7
201900045190,2019-07-12 20:20:00,2019,7,12,20,20,63,63308, Agid / Montagnards,45.7601845,3.0622358,Plein jour,En agglomération,Intersection en X,Normale,Deux véhicules - côté,7,2,2,0,1,1,1,0,1,50,2,3,1,0,0,2,35.0,37.0,voiture,voiture,1,2,2,1,3
201900045191,2019-07-16 18:50:00,2019,7,16,18,50,59,59375,ORCHIES CD 957 (ROUTE D'),50.41245,3.27229,Plein jour,En agglomération,Hors intersection,Normale,Deux véhicules - arrière,3,2,2,0,1,1,1,0,3,50,2,2,1,0,0,1,26.0,46.0,deux_roues,voiture,1,2,1,1,2
201900045192,2019-07-13 18:40:00,2019,7,13,18,40,57,57306,VERDUN (RUE DE),49.3275181,6.0569805,Plein jour,En agglomération,Hors intersection,Normale,Deux véhicules - frontale,3,2,1,0,1,1,1,0,1,50,2,3,1,0,0,2,56.0,24.0,voiture,voiture,1,2,1,1,1
201900045193,2019-07-16 16:20:00,2019,7,16,16,20,56,56121,HERRIOT ( BD EDOUARD ),47.74132,-3.38036,Plein jour,En agglomération,Hors intersection,Normale,Deux véhicules - arrière,9,2,2,0,1,1,1,0,1,50,2,2,1,0,0,1,18.0,26.0,deux_roues,voiture,1,2,1,1,2
201900045194,2019-07-16 14:55:00,2019,7,16,14,55,56,56098,Avenue Victor Schoelcher,47.7515,-3.32574,Plein jour,Hors agglomération,Hors intersection,Normale,Sans collision,4,2,2,0,1,1,1,0,1,50,1,1,0,0,0,1,16.0,,deux_roues,,1,1,1,1,7
201900045195,2019-07-16 11:30:00,2019,7,16,11,30,56,56121,CARNOT (RUE  LAZARE ),47.74267,-3.36069,Plein jour,En agglomération,Intersection en X,Normale,Deux véhicules - côté,4,2,2,0,1,1,1,0,1,30,2,3,1,0,0,2,45.0,28.0,voiture,voiture,1,2,2,1,3
201900045196,2019-07-10 12:15:00,2019,7,10,12,15,55,55029,CYGNE ( RUE DU ),48.77486,5.15977,Plein jour,En agglomération,Intersection en X,Normale,Autre collision,4,2,2,0,1,1,1,5,1,50,1,2,1,0,0,1,34.0,,voiture,,1,2,2,1,6
201900045197,2019-07-16 08:00:00,2019,7,16,8,0,54,54431,RD657,48.9167,6.063,Plein jour,En agglomération,Intersection en X,Normale,Trois véhicules et plus - en chaîne,3,2,3,0,2,1,1,5,1,50,3,5,3,0,1,1,46.0,56.0,voiture,voiture,1,2,2,1,4
201900045198,2019-07-11 13:50:00,2019,7,11,13,50,54,54395,QUATRE EGLISES (RUE,48.68775,6.183364,Plein jour,En agglomération,Hors intersection,Normale,Sans collision,4,-1,2,0,1,1,1,0,1,50,1,1,0,0,0,1,,,,,1,2,1,1,7
201900045199,2019-07-15 11:10:00,2019,7,15,11,10,49,49007,LIZE,47.48745,-0.57349,Plein jour,En agglomération,Hors intersection,Normale,Autre collision,4,2,2,0,1,1,1,0,1,50,1,2,1,0,1,0,28.0,,voiture,,1,2,1,1,6
201900045200,2019-07-07 16:25:00,2019,7,7,16,25,47,47027,VC 106,44.41116,0.66963,Plein jour,Hors agglomération,Intersection en X,Normale,Deux véhicules - côté,4,2,2,0,1,1,1,9,1,70,2,5,0,0,1,4,24.0,27.0,voiture,voiture,1,1,2,1,3
201900045201,2019-07-16 17:30:00,2019,7,16,17,30,45,45004,RUE DE LA LIBERATION - RUE FALOUR,47.993442,2.722501,Plein jour,En agglomération,Intersection en T,Normale,Deux véhicules - côté,4,2,2,0,1,2,1,0,1,50,2,3,2,0,0,1,36.0,45.0,voiture,voiture,1,2,3,1,3