accident_id,datetime,annee,mois,jour,heure,minute,departement,commune_insee,adresse,latitude,longitude,luminosite,agglomeration,intersection,meteo,collision,catr,circ,nbv,vosp,prof,plan,surf,infra,situ,vma,nb_vehicules,nb_usagers,nb_indemnes,nb_tues,nb_blesses_hosp,nb_blesses_legers,age_cond_1,age_cond_2,veh_type_cond_1,veh_type_cond_2,lum_code,agg_code,int_code,atm_code,col_code
201900045385,2019-12-08 07:30:00,2019,12,8,7,30,77,77415,Autoroute A4 PK 50.100 direction la province,48.923968,3.00741,Nuit sans éclairage public,Hors agglomération,Hors intersection,Normale,Deux véhicules - arrière,1,1,4,0,1,1,1,0,1,130,2,2,1,0,0,1,50.0,46.0,voiture,voiture,3,1,1,1,2
201900045386,2019-12-07 14:15:00,2019,12,7,14,15,974,97422,251 Rue Marius et Ary Leblond,-21.272427,55.524606,Plein jour,En agglomération,Hors intersection,Normale,Deux véhicules - côté,2,2,2,0,1,1,1,0,1,50,2,2,1,0,1,0,17.0,46.0,deux_roues,voiture,1,2,1,1,3
201900045387,2019-12-08 22:30:00,2019,12,8,22,30,972,97207,RN 5 Lieu-dit riviere la manche,14.564721,-60.978951,Nuit sans éclairage public,Hors agglomération,Hors intersection,Normale,Deux véhicules - côté,2,3,4,0,4,3,1,0,1,70,2,2,1,0,1,0,47.0,33.0,voiture,deux_roues,3,1,1,1,3
201900045388,2019-12-09 08:15:00,2019,12,9,8,15,59,59278,D207,50.612646,2.949653,Nuit sans éclairage public,Hors agglomération,Hors intersection,Pluie légère,Trois véhicules et plus - collisions multiples,7,2,2,0,1,1,2,0,1,80,4,5,2,0,0,3,30.0,21.0,voiture,voiture,3,1,1,2,5
201900045389,2019-12-10 08:25:00,2019,12,10,8,25,22,22032,28 Rue de la Gare,48.286348,-2.154576,Crépuscule ou aube,En agglomération,Hors intersection,Normale,Deux véhicules - arrière,3,2,2,0,2,1,1,0,1,50,2,3,2,0,0,1,49.0,31.0,voiture,utilitaire_camion,2,2,1,1,2
201900045390,2019-12-09 17:50:00,2019,12,9,17,50,74,74171,D1005 - Route de Genève,46.315734,6.32622,Nuit sans éclairage public,Hors agglomération,Hors intersection,Pluie légère,Deux véhicules - frontale,3,2,2,0,1,1,2,0,1,80,2,3,2,1,0,0,41.0,31.0,deux_roues,voiture,3,1,1,2,1
201900045391,2019-12-09 07:45:00,2019,12,9,7,45,56,56050,D724,47.958927,-2.535316,Nuit sans éclairage public,Hors agglomération,Hors intersection,Normale,Sans collision,2,3,2,0,1,1,1,0,1,110,1,4,0,0,1,3,48.0,,voiture,,3,1,1,1,7
201900045392,2019-12-09 21:09:00,2019,12,9,21,9,74,74309,2360 Route de Bellegarde,46.113595,6.008431,Nuit sans éclairage public,Hors agglomération,Hors intersection,Pluie légère,Deux véhicules - frontale,3,2,2,0,1,1,2,0,1,-1,2,2,1,1,0,0,18.0,28.0,deux_roues,voiture,3,1,1,2,1
201900045393,2019-12-09 17:45:00,2019,12,9,17,45,89,89388,D943,47.937354,3.238507,Nuit sans éclairage public,Hors agglomération,Intersection en X,Temps couvert,Deux véhicules - côté,3,4,3,0,2,1,2,0,1,80,2,3,0,0,0,3,24.0,34.0,voiture,voiture,3,1,2,8,3
201900045394,2019-12-07 16:15:00,2019,12,7,16,15,61,61145,La Semasiere,48.58709,-0.614587,Plein jour,Hors agglomération,Hors intersection,Normale,Deux véhicules - frontale,4,2,2,0,1,4,6,0,1,80,2,2,1,0,1,0,26.0,70.0,utilitaire_camion,deux_roues,1,1,1,1,1
201900045395,2019-12-09 17:55:00,2019,12,9,17,55,46,46265,D803 cote des mathieux,44.947865,1.662459,Nuit sans éclairage public,Hors agglomération,Hors intersection,Pluie légère,Deux véhicules - frontale,3,2,2,0,2,3,2,0,1,70,2,2,1,0,1,0,66.0,45.0,utilitaire_camion,utilitaire_camion,3,1,1,2,1
201900045396,2019-12-05 08:30:00,2019,12,5,8,30,86,86293,PK 28+500,46.428631,0.249918,Plein jour,Hors agglomération,Hors intersection,Normale,Autre collision,3,2,2,0,1,1,2,0,3,80,1,1,0,0,1,0,59.0,,voiture,,1,1,1,1,6
201900045397,2019-12-09 14:30:00,2019,12,9,14,30,22,22147,Lieu Dit la Ville Cocatrie,48.194246,-2.38353,Plein jour,Hors agglomération,Hors intersection,Normale,Sans collision,2,2,2,0,2,1,1,0,8,80,1,2,1,0,1,0,18.0,,voiture,,1,1,1,1,7
201900045398,2019-12-10 02:55:00,2019,12,10,2,55,29,29037,D785,47.92696,-4.187432,Nuit sans éclairage public,Hors agglomération,Hors intersection,Normale,Sans collision,3,3,4,0,1,2,2,0,2,110,1,1,0,0,1,0,24.0,,voiture,,3,1,1,1,7
201900045399,2019-12-08 11:55:00,2019,12,8,11,55,38,38078,Lieut dit BEAUVOIR,45.42857,6.12285,Plein jour,Hors agglomération,Hors intersection,Normale,Autre collision,3,2,2,0,2,2,1,0,3,80,1,1,0,0,1,0,71.0,,voiture,,1,1,1,1,6
201900045400,2019-12-06 07:30:00,2019,12,6,7,30,38,38303,Route de Savoie,45.29472,5.94486,Crépuscule ou aube,Hors agglomération,Hors intersection,Brouillard / fumée,Autre collision,3,2,2,2,1,1,1,5,8,70,1,1,0,0,1,0,71.0,,voiture,,2,1,1,5,6
201900045401,2019-12-10 00:10:00,2019,12,10,0,10,2,02173,65 Rue de la Chaussée,49.608888,3.221213,Nuit avec éclairage allumé,En agglomération,Hors intersection,Normale,Deux véhicules - frontale,3,2,2,0,2,1,1,2,1,50,2,2,1,0,1,0,31.0,20.0,autre,voiture,5,2,1,1,1
201900045402,2019-12-09 18:00:00,2019,12,9,18,0,58,58072,route départementale 13 point routier 08+750,46.925622,3.226212,Nuit sans éclairage public,Hors agglomération,Hors intersection,Normale,Deux véhicules - arrière,3,2,2,0,1,1,2,0,1,80,2,3,2,0,1,0,56.0,55.0,voiture,utilitaire_camion,3,1,1,1,2
201900045403,2019-12-08 16:40:00,2019,12,8,16,40,72,72103,chantemele,47.800052,0.536229,Plein jour,Hors agglomération,Hors intersection,Normale,Sans collision,4,2,2,0,1,1,2,0,1,80,1,2,1,0,1,0,19.0,,voiture,,1,1,1,1,7
201900045404,2019-12-10 08:10:00,2019,12,10,8,10,6,06150,Route de Beausoleil,43.745114,7.414733,Plein jour,Hors agglomération,Hors intersection,Normale,Deux véhicules - côté,3,2,2,0,2,1,1,0,1,80,2,2,1,0,1,0,53.0,39.0,voiture,deux_roues,1,1,1,1,3
201900045405,2019-12-10 13:50:00,2019,12,10,13,50,6,06079,244 Avenue Janvier Passero,43.548751,6.938577,Plein jour,En agglomération,Hors intersection,Normale,Autre collision,4,2,2,0,1,1,1,0,4,50,1,2,1,0,1,0,83.0,,voiture,,1,2,1,1,6
201900045406,2019-12-09 09:00:00,2019,12,9,9,0,5,05022,D951,44.434669,6.202538,Plein jour,Hors agglomération,Hors intersection,Temps couvert,Autre collision,3,2,2,0,2,1,7,0,3,80,1,2,0,0,0,2,25.0,,voiture,,1,1,1,8,6
201900045407,2019-12-10 17:45:00,2019,12,10,17,45,50,50567,La Chapelle,49.585706,-1.514728,Nuit sans éclairage public,Hors agglomération,Intersection en X,Pluie légère,Deux véhicules - côté,3,2,2,0,1,1,2,5,1,80,2,2,0,1,0,1,28.0,69.0,voiture,voiture,3,1,2,2,3
201900045408,2019-12-10 12:45:00,2019,12,10,12,45,60,60393,2 Route de Clermont,49.282042,2.375091,Plein jour,Hors agglomération,Hors intersection,Normale,Autre collision,3,2,2,0,1,4,1,0,3,-1,1,1,0,0,0,1,48.0,,voiture,,1,1,1,1,6
201900045409,2019-12-08 17:31:00,2019,12,8,17,31,24,24220,D45,45.030407,0.802648,Nuit sans éclairage public,Hors agglomération,Hors intersection,Pluie légère,Sans collision,3,2,2,0,1,1,2,0,1,80,1,1,0,0,1,0,68.0,,voiture,,3,1,1,2,7
201900045410,2019-12-09 20:15:00,2019,12,9,20,15,17,17349,15 b Rue de la Vendée,46.277806,-0.858352,Nuit avec éclairage allumé,En agglomération,Hors intersection,Autre,Deux véhicules - arrière,3,2,2,0,1,1,9,0,1,50,2,2,1,0,1,0,24.0,28.0,deux_roues,deux_roues,5,2,1,9,2
201900045411,2019-12-09 14:50:00,2019,12,9,14,50,88,88124,33 Rue Jules Ferry,48.08909,6.049818,Plein jour,En agglomération,Giratoire,Pluie légère,Deux véhicules - arrière,3,2,2,0,1,2,2,0,8,50,2,2,1,0,1,0,64.0,23.0,voiture,voiture,1,2,6,2,2
201900045412,2019-12-10 17:20:00,2019,12,10,17,20,13,13069,D22,43.651924,5.180088,Crépuscule ou aube,Hors agglomération,Hors intersection,Normale,Deux véhicules - frontale,3,2,2,0,2,2,1,0,1,80,2,2,0,0,1,1,46.0,55.0,deux_roues,voiture,2,1,1,1,1
201900045413,2019-12-10 13:00:00,2019,12,10,13,0,13,13099,A51,43.701942,5.727882,Plein jour,Hors agglomération,Autre intersection,Normale,Deux véhicules - arrière,1,3,4,0,1,1,1,3,1,130,2,3,0,0,0,3,39.0,46.0,voiture,utilitaire_camion,1,1,9,1,2
201900045414,2019-12-09 09:57:00,2019,12,9,9,57,973,97309,N 3 (rn3),4.8907541,-52.2881753,Plein jour,Hors agglomération,Hors intersection,Pluie légère,Autre collision,3,2,2,0,1,1,2,6,8,50,1,2,1,0,1,0,82.0,,voiture,,1,1,1,2,6
201900045415,2019-12-10 07:00:00,2019,12,10,7,0,53,53155,D31,48.273303,-0.915537,Crépuscule ou aube,Hors agglomération,Intersection en T,Brouillard / fumée,Deux véhicules - arrière,3,2,2,0,4,1,1,0,1,80,2,2,1,0,1,0,32.0,38.0,utilitaire_camion,voiture,2,1,3,5,2
201900045416,2019-12-07 22:45:00,2019,12,7,22,45,62,62427,A1,50.394824,2.982452,Nuit sans éclairage public,Hors agglomération,Hors intersection,Normale,Trois véhicules et plus - en chaîne,1,2,3,0,1,1,1,0,1,130,3,3,2,1,0,0,56.0,36.0,voiture,voiture,3,1,1,1,4
201900045417,2019-12-10 17:05:00,2019,12,10,17,5,29,29233,N165,47.859683,-3.534238,Nuit sans éclairage public,Hors agglomération,Autre intersection,Pluie légère,Deux véhicules - côté,2,3,4,0,1,1,2,0,1,110,2,2,0,0,0,2,55.0,27.0,voiture,voiture,3,1,9,2,3
201900045418,2019-12-09 17:30:00,2019,12,9,17,30,28,28064,Route de Bercheres,48.819507,1.5141,Nuit avec éclairage allumé,En agglomération,Hors intersection,Normale,Autre collision,3,2,2,0,1,1,1,0,1,50,1,2,1,0,1,0,34.0,,voiture,,5,2,1,1,6
201900045419,2019-11-16 21:45:00,2019,11,16,21,45,66,66065,D914,42.59566,2.98116,Plein jour,Hors agglomération,Hors intersection,Normale,Trois véhicules et plus - collisions multiples,3,3,4,0,1,1,1,0,1,110,3,3,2,0,1,0,22.0,52.0,voiture,voiture,1,1,1,1,5
201900045420,2019-12-06 15:55:00,2019,12,6,15,55,66,66037,rond point Général De Gaulle,42.702939,3.014896,Crépuscule ou aube,En agglomération,Giratoire,Normale,Autre collision,3,1,1,0,2,3,1,9,1,50,1,2,1,0,1,0,34.0,,voiture,,2,2,6,1,6
201900045421,2019-12-10 07:10:00,2019,12,10,7,10,34,34102,D109,43.803875,3.923878,Crépuscule ou aube,Hors agglomération,Hors intersection,Normale,Autre collision,3,2,2,0,1,1,1,0,3,80,1,1,0,0,1,0,50.0,,voiture,,2,1,1,1,6
201900045422,2019-12-10 07:30:00,2019,12,10,7,30,57,57601,D603,49.118133,6.049705,Crépuscule ou aube,Hors agglomération,Hors intersection,Brouillard / fumée,Deux véhicules - frontale,3,2,3,0,2,2,7,0,1,80,2,2,0,0,2,0,32.0,27.0,voiture,voiture,2,1,1,5,1
201900045423,2019-12-10 07:30:00,2019,12,10,7,30,85,85178,Rue de la Brachetière,46.7666,-1.50565,Nuit avec éclairage allumé,En agglomération,Intersection en T,Temps couvert,Deux véhicules - côté,3,2,2,0,1,1,1,0,1,50,2,2,1,0,1,0,32.0,17.0,voiture,deux_roues,5,2,3,8,3
201900045424,2019-12-08 17:40:00,2019,12,8,17,40,22,22171,2 Allée des Chênes,48.425171,-2.825113,Nuit avec éclairage non allumé,En agglomération,Giratoire,Pluie forte,Autre collision,3,3,2,0,3,1,2,5,1,50,1,2,1,0,1,0,27.0,,voiture,,4,2,6,3,6
201900045425,2019-12-08 00:23:00,2019,12,8,0,23,35,35212,D47,47.872516,-1.643141,Nuit sans éclairage public,Hors agglomération,Hors intersection,Pluie légère,Autre collision,3,2,2,0,2,2,2,0,3,80,1,1,0,1,0,0,22.0,,voiture,,3,1,1,2,6
201900045426,2019-12-10 17:50:00,2019,12,10,17,50,27,27254,Rue des Forêts,49.064859,1.2852,Nuit sans éclairage public,Hors agglomération,Hors intersection,Normale,Autre collision,3,2,2,0,2,1,1,0,1,80,1,2,1,0,1,0,80.0,,voiture,,3,1,1,1,6
201900045427,2019-12-07 22:00:00,2019,12,7,22,0,83,83123,A50,43.12931,5.81683,Nuit sans éclairage public,Hors agglomération,Hors intersection,Normale,Deux véhicules - arrière,1,3,6,0,1,1,2,0,2,130,2,2,1,0,0,1,25.0,46.0,voiture,voiture,3,1,1,1,2
201900045428,2019-12-06 15:46:00,2019,12,6,15,46,69,69266,RD383   3.750 A 7.640,45.75591,4.90877,Plein jour,Hors agglomération,Hors intersection,Normale,Deux véhicules - arrière,3,3,8,0,2,1,1,1,1,70,2,3,1,0,0,2,22.0,24.0,voiture,voiture,1,1,1,1,2
201900045429,2019-12-09 20:45:00,2019,12,9,20,45,33,33080,AUTOROUTE A 62,44.73356,-0.53163,Nuit sans éclairage public,Hors agglomération,Hors intersection,Pluie légère,Autre collision,1,3,4,0,1,1,2,0,1,130,1,3,0,0,0,3,19.0,,voiture,,3,1,1,2,6
201900045430,2019-12-09 17:00:00,2019,12,9,17,0,91,91339,RN 104,48.6231,2.2689,Crépuscule ou aube,Hors agglomération,Hors intersection,Normale,Sans collision,2,3,4,0,1,1,1,0,1,110,1,1,0,0,0,1,38.0,,voiture,,2,1,1,1,7
201900045431,2019-12-09 11:11:00,2019,12,9,11,11,91,91340,RN 104,48.60886,2.43533,Plein jour,Hors agglomération,Hors intersection,Temps couvert,Autre collision,2,3,6,0,1,3,2,2,1,70,1,1,0,0,0,1,47.0,,utilitaire_camion,,1,1,1,8,6
201900045432,2019-12-09 09:00:00,2019,12,9,9,0,91,91064,RN 118,48.74161,2.18518,Crépuscule ou aube,Hors agglomération,Hors intersection,Pluie forte,Deux véhicules - arrière,2,1,2,0,1,1,2,0,1,110,2,2,1,0,0,1,23.0,28.0,voiture,deux_roues,2,1,1,3,2
201900045433,2019-12-09 16:40:00,2019,12,9,16,40,92,92050,A86,48.9017137,2.2029619,Nuit sans éclairage public,Hors agglomération,Autre intersection,Normale,Deux véhicules - côté,1,1,4,0,1,1,1,1,1,70,2,2,1,0,0,1,20.0,20.0,deux_roues,voiture,3,1,9,1,3
201900045434,2019-12-09 09:15:00,2019,12,9,9,15,92,92063,A86,48.8909838,2.1748255,Plein jour,Hors agglomération,Hors intersection,Pluie légère,Autre collision,1,1,3,0,2,1,2,0,1,70,1,1,0,0,0,1,54.0,,deux_roues,,1,1,1,2,6
201900045435,2019-12-08 19:40:00,2019,12,8,19,40,92,92064,A13,48.8387199,2.1930655,Nuit sans éclairage public,Hors agglomération,Hors intersection,Temps couvert,Trois véhicules et plus - collisions multiples,1,1,3,1,1,1,2,0,1,110,3,7,6,0,0,1,31.0,22.0,voiture,deux_roues,3,1,1,8,5
201900045436,2019-12-08 06:45:00,2019,12,8,6,45,78,78043,A12 Y,48.82759,2.07818,Nuit sans éclairage public,Hors agglomération,Hors intersection,Normale,Autre collision,1,1,4,0,1,1,2,0,1,110,5,10,7,0,2,1,26.0,36.0,voiture,voiture,3,1,1,1,6
201900045437,2019-12-09 02:30:00,2019,12,9,2,30,95,95252,AUTOROUTE A15,48.97679,2.23502,Nuit sans éclairage public,Hors agglomération,Hors intersection,Normale,Deux véhicules - arrière,1,3,8,0,2,3,1,0,1,110,2,3,2,0,0,1,19.0,45.0,voiture,voiture,3,1,1,1,2
201900045438,2019-12-08 22:10:00,2019,12,8,22,10,93,93005,AUTOROUTE A1,48.968713,2.480363,Nuit sans éclairage public,Hors agglomération,Hors intersection,Normale,Trois véhicules et plus - collisions multiples,1,3,-1,0,1,1,2,0,1,110,3,10,2,0,1,7,58.0,41.0,voiture,voiture,3,1,1,1,5
201900045439,2019-12-08 14:50:00,2019,12,8,14,50,95,95582,AUTOROUTE A15,48.96344,2.26428,Plein jour,Hors agglomération,Hors intersection,Normale,Trois véhicules et plus - collisions multiples,1,3,11,0,1,1,2,0,1,110,3,4,2,0,0,2,27.0,18.0,voiture,voiture,1,1,1,1,5
201900045440,2019-12-08 14:30:00,2019,12,8,14,30,93,93066,AUTOROUTE A1,48.92735,2.35726,Plein jour,Hors agglomération,Hors intersection,Normale,Trois véhicules et plus - collisions multiples,1,3,6,0,1,3,2,2,1,90,5,5,4,0,0,1,45.0,28.0,voiture,voiture,1,1,1,1,5
201900045441,2019-12-07 18:20:00,2019,12,7,18,20,93,93027,AUTOROUTE A1,48.93418,2.39493,Nuit avec éclairage allumé,Hors agglomération,Hors intersection,Normale,Deux véhicules - arrière,1,3,6,0,1,1,1,0,1,90,2,3,1,0,0,2,40.0,57.0,utilitaire_camion,voiture,5,1,1,1,2
201900045442,2019-12-07 18:30:00,2019,12,7,18,30,92,92036,AUTOROUTE A15,48.9453367,2.2842401,Nuit sans éclairage public,Hors agglomération,Hors intersection,Normale,Deux véhicules - arrière,1,3,8,0,1,1,1,2,1,90,2,3,1,0,0,2,19.0,25.0,voiture,voiture,3,1,1,1,2
201900045443,2019-12-09 15:30:00,2019,12,9,15,30,93,93051,A4,48.83657,2.542201,Plein jour,Hors agglomération,Hors intersection,Pluie légère,Autre collision,1,3,2,0,3,1,2,0,1,90,1,1,0,0,0,1,60.0,,deux_roues,,1,1,1,2,6
201900045444,2019-12-09 10:20:00,2019,12,9,10,20,94,94017,A4,48.83045,2.49338,Plein jour,Hors agglomération,Hors intersection,Pluie légère,Autre collision,1,-1,6,0,1,1,2,0,1,90,3,3,2,0,1,0,36.0,37.0,utilitaire_camion,deux_roues,1,1,1,2,6
201900045445,2019-12-09 09:20:00,2019,12,9,9,20,94,94028,A86 INT,48.7763,2.4335,Plein jour,Hors agglomération,Hors intersection,Pluie légère,Autre collision,1,1,6,0,1,1,2,0,1,90,2,2,1,0,1,0,43.0,42.0,utilitaire_camion,deux_roues,1,1,1,2,6
201900045446,2019-12-09 05:20:00,2019,12,9,5,20,77,77258,A4.W,48.83132,2.64078,Nuit sans éclairage public,Hors agglomération,Hors intersection,Pluie forte,Autre collision,1,3,8,0,1,1,2,0,1,110,1,1,0,0,0,1,37.0,,deux_roues,,3,1,1,3,6
201900045447,2019-02-07 21:10:00,2019,2,7,21,10,40,40192,JUIN (V DU MARECHAL),43.907634,-0.470522,Nuit avec éclairage allumé,En agglomération,Hors intersection,Temps couvert,Autre collision,4,3,2,0,1,1,1,6,1,50,1,2,1,1,0,0,39.0,,voiture,,5,2,1,8,6
201900045448,2019-12-09 09:35:00,2019,12,9,9,35,988,98818,HT N°192 rue Jacques IEKAWE,-22.24807,166.46498,Plein jour,En agglomération,Hors intersection,Normale,Trois véhicules et plus - en chaîne,4,2,2,0,1,1,1,0,1,50,3,5,4,0,0,1,72.0,54.0,voiture,voiture,1,2,1,1,4
201900045449,2019-12-08 12:30:00,2019,12,8,12,30,976,97611,doujani-Mosquée de doujani ( rue de la ),-12.779811,45.229688,Plein jour,En agglomération,Hors intersection,Pluie légère,Autre collision,4,2,0,0,1,1,2,0,8,50,1,2,1,0,0,1,65.0,,voiture,,1,2,1,2,6
201900045450,2019-12-08 14:31:00,2019,12,8,14,31,976,97611,passamanty-Vahibé ( route ),-12.79239,45.18711,Plein jour,Hors agglomération,Hors intersection,Pluie légère,Autre collision,3,2,0,0,2,4,2,0,8,70,1,1,0,0,0,1,51.0,,voiture,,1,1,1,2,6
201900045451,2019-12-08 08:15:00,2019,12,8,8,15,974,97411,SAINT-BERNARD (CHEMIN DE),-20.8995,55.4014,Plein jour,Hors agglomération,Hors intersection,Normale,Autre collision,4,2,2,0,2,4,1,0,-1,50,1,1,0,0,0,1,28.0,,voiture,,1,1,1,1,6
201900045452,2019-12-08 11:55:00,2019,12,8,11,55,974,97407,ROUTE DU SACRE COEUR,-20.9538,55.3083,Plein jour,Hors agglomération,Autre intersection,Normale,Deux véhicules - arrière,2,1,2,0,1,1,1,0,1,50,2,3,1,0,0,2,36.0,45.0,voiture,voiture,1,1,9,1,2
201900045453,2019-12-08 20:30:00,2019,12,8,20,30,69,69387,THIBAUDIERE (DE LA)                 (R ),45.7501,4.84575,Nuit avec éclairage allumé,En agglomération,Intersection en X,Pluie légère,Sans collision,4,2,2,0,1,1,2,0,1,50,1,1,0,0,0,1,21.0,,deux_roues,,5,2,2,2,7
201900045454,2019-12-08 18:50:00,2019,12,8,18,50,69,69383,PAUL BERT                           (R ),45.75612,4.87271,Nuit avec éclairage allumé,En agglomération,Intersection en X,Pluie légère,Deux véhicules - côté,7,1,1,0,1,1,2,5,1,50,2,2,1,0,0,1,56.0,25.0,voiture,deux_roues,5,2,2,2,3
201900045455,2019-12-08 14:45:00,2019,12,8,14,45,69,69259,PERRIERE (DE LA)                    (CH),45.689412,4.895283,Plein jour,En agglomération,Hors intersection,Normale,Autre collision,4,2,2,0,1,1,1,0,4,50,1,1,0,0,0,1,84.0,,voiture,,1,2,1,1,6
201900045456,2019-12-08 22:20:00,2019,12,8,22,20,69,69381,BON PASTEUR (DU)                    (R ),45.77214,4.82804,Nuit avec éclairage allumé,En agglomération,Hors intersection,Normale,Deux véhicules - arrière,4,1,1,0,2,1,2,0,1,30,2,2,1,0,0,1,55.0,55.0,voiture,deux_roues,5,2,1,1,2
201900045457,2019-12-08 14:20:00,2019,12,8,14,20,69,69149,EMILE ZOLA                          (BD),45.71956,4.80422,Plein jour,En agglomération,Intersection en X,Normale,Deux véhicules - côté,4,2,2,0,1,1,1,0,1,50,2,5,4,0,0,1,25.0,44.0,voiture,voiture,1,2,2,1,3
201900045458,2019-12-08 20:15:00,2019,12,8,20,15,2B,2B033,CHANOINE LESCHI - RUE,42.7051,9.4538,Nuit avec éclairage allumé,En agglomération,Hors intersection,Normale,Autre collision,4,1,4,0,1,1,1,0,1,30,1,2,1,0,0,1,56.0,,voiture,,5,2,1,1,6
201900045459,2019-12-08 02:27:00,2019,12,8,2,27,2A,2A004,1ER CONSUL RCE RUE CANDIA,41.93433,8.74558,Nuit avec éclairage allumé,En agglomération,Autre intersection,Normale,Deux véhicules - arrière,4,2,3,0,1,1,1,0,1,50,2,2,0,0,0,2,24.0,,voiture,,5,2,9,1,2
201900045460,2019-12-05 23:00:00,2019,12,5,23,0,95,95218,BVD JACQUES DUCLOS,49.01604,2.09195,Nuit sans éclairage public,En agglomération,Hors intersection,Normale,Trois véhicules et plus - en chaîne,2,3,5,0,1,1,1,5,1,70,3,4,0,0,0,4,37.0,62.0,voiture,voiture,3,2,1,1,4
201900045461,2019-12-08 19:45:00,2019,12,8,19,45,91,91589,DE GAULLE (AVENUE CHARLES),48.67986,2.34437,Nuit avec éclairage allumé,En agglomération,Hors intersection,Pluie légère,Autre collision,4,2,2,0,1,1,2,0,1,50,1,2,1,0,0,1,24.0,,voiture,,5,2,1,2,6
201900045462,2019-12-06 20:45:00,2019,12,6,20,45,91,91103,COMMUNE DE PARIS (RUE DE LA),48.59554,2.30348,Nuit avec éclairage allumé,En agglomération,Hors intersection,Pluie légère,Trois véhicules et plus - en chaîne,4,2,2,0,1,1,2,6,1,50,3,4,2,0,0,2,41.0,25.0,voiture,voiture,5,2,1,2,4
201900045463,2019-12-08 16:35:00,2019,12,8,16,35,78,78551,ST GERMAIN (RUE DE),48.94948,2.07375,Plein jour,Hors agglomération,Hors intersection,Normale,Autre collision,4,2,2,0,1,1,1,0,1,50,1,1,0,0,1,0,27.0,,voiture,,1,1,1,1,6
201900045464,2019-12-08 22:30:00,2019,12,8,22,30,77,77468,PARIS (RUE DE),48.84969,2.6441,Nuit avec éclairage allumé,En agglomération,Intersection en X,Normale,Deux véhicules - côté,4,2,2,0,1,1,1,0,1,50,2,5,4,0,0,1,45.0,26.0,voiture,voiture,5,2,2,1,3
201900045465,2019-12-08 12:25:00,2019,12,8,12,25,77,77108,RESISTANCE (AVENUE DE LA),48.876851,2.585101,Plein jour,En agglomération,Hors intersection,Normale,Autre collision,4,2,2,0,1,1,1,6,1,50,1,2,0,0,0,2,25.0,,deux_roues,,1,2,1,1,6
201900045466,2019-12-03 18:45:00,2019,12,3,18,45,69,69256,GENAS (DE)                          (RO),45.74725,4.92345,Nuit avec éclairage allumé,En agglomération,Intersection en X,Normale,Deux véhicules - côté,4,2,4,3,1,1,1,5,1,50,2,1,0,0,0,1,28.0,,deux_roues,,5,2,2,1,3
201900045467,2019-12-07 11:18:00,2019,12,7,11,18,67,67180,LANDAU (ROND-POINT DE),48.821,7.791,Plein jour,En agglomération,Giratoire,Pluie légère,Deux véhicules - côté,4,4,2,0,1,2,2,0,1,50,2,2,1,0,0,1,43.0,61.0,deux_roues,voiture,1,2,6,2,3
201900045468,2019-12-02 17:30:00,2019,12,2,17,30,62,62826,GEORGES BESSE (AVENUE),50.5104,1.6196,Nuit avec éclairage allumé,En agglomération,Intersection en T,Normale,Autre collision,4,2,2,0,1,2,2,0,1,50,1,2,1,0,0,1,55.0,,voiture,,5,2,3,1,6
201900045469,2019-12-07 08:05:00,2019,12,7,8,5,62,62139,SAND (RUE GEORGES......),50.7084,2.28419,Nuit sans éclairage public,En agglomération,Hors intersection,Temps couvert,Deux véhicules - frontale,4,2,2,0,2,2,2,0,1,50,2,2,0,0,2,0,35.0,51.0,voiture,voiture,3,2,1,8,1
201900045470,2019-12-07 19:30:00,2019,12,7,19,30,62,62160,NAVARIN (Place),50.7269,1.6071,Nuit avec éclairage allumé,En agglomération,Autre intersection,Normale,Autre collision,4,1,1,0,2,1,1,0,1,50,2,1,0,0,0,1,45.0,,deux_roues,,5,2,9,1,6
201900045471,2019-12-07 19:10:00,2019,12,7,19,10,60,60057,ARISTIDE BRIAND (BOULEVARD),49.42655,2.08344,Plein jour,En agglomération,Hors intersection,Normale,Autre collision,4,-1,2,0,1,1,1,0,1,50,1,2,1,0,0,1,43.0,,voiture,,1,2,1,1,6
201900045472,2019-12-07 10:45:00,2019,12,7,10,45,47,47323,LAURIER (AVENUE DU),44.39175,0.6632,Plein jour,Hors agglomération,Hors intersection,Normale,Autre collision,3,2,2,0,1,2,1,2,1,80,1,2,0,0,2,0,41.0,,voiture,,1,1,1,1,6
201900045473,2019-12-08 18:56:00,2019,12,8,18,56,44,44055,BD JOSEPH HOUSSAIS ,47.292483,-2.348504,Nuit sans éclairage public,En agglomération,Hors intersection,Pluie légère,Deux véhicules - frontale,4,2,2,0,1,1,2,0,1,50,2,2,1,0,1,0,61.0,42.0,deux_roues,voiture,3,2,1,2,1
201900045474,2019-12-08 20:35:00,2019,12,8,20,35,32,32013,ROCADE (RN 124 OUEST),43.67,0.5315,Nuit sans éclairage public,Hors agglomération,Hors intersection,Temps couvert,Deux véhicules - côté,2,1,1,0,1,1,2,5,1,80,2,2,1,0,0,1,22.0,24.0,voiture,voiture,3,1,1,8,3