accident_id,datetime,annee,mois,jour,heure,minute,departement,commune_insee,adresse,latitude,longitude,luminosite,agglomeration,intersection,meteo,collision,catr,circ,nbv,vosp,prof,plan,surf,infra,situ,vma,nb_vehicules,nb_usagers,nb_indemnes,nb_tues,nb_blesses_hosp,nb_blesses_legers,age_cond_1,age_cond_2,veh_type_cond_1,veh_type_cond_2,lum_code,agg_code,int_code,atm_code,col_code
201900045566,2019-05-13 09:20:00,2019,5,13,9,20,92,92048,TRIVAUX (AVENUE DE) N° 6BIS A 8,48.80113,2.23422,Plein jour,En agglomération,Hors intersection,Normale,Sans collision,3,2,2,0,4,2,1,0,1,50,1,1,0,0,0,1,25.0,,deux_roues,,1,2,1,1,7
201900045567,2019-05-03 14:00:00,2019,5,3,14,0,92,92048,PAUL BERT (AVENUE),48.81247,2.25067,Plein jour,En agglomération,Intersection en X,Pluie légère,Autre collision,4,2,2,0,1,1,2,0,1,50,1,1,0,0,0,1,58.0,,voiture,,1,2,2,2,6
201900045568,2019-04-29 08:35:00,2019,4,29,8,35,92,92048,GENERAL DE GAULLE (AVENUE DU),48.78752,2.22726,Plein jour,En agglomération,Hors intersection,Normale,Deux véhicules - côté,4,2,2,0,1,1,1,0,1,50,2,2,1,0,0,1,36.0,49.0,voiture,voiture,1,2,1,1,3
201900045569,2019-05-29 17:04:00,2019,5,29,17,4,92,92044,MARIUS AUFAN(RUE) 1A67 ET 2A78,48.890007,2.285,Plein jour,En agglomération,Intersection en X,Normale,Deux véhicules - côté,4,1,2,0,1,1,1,6,1,50,2,2,1,0,0,1,66.0,38.0,voiture,deux_roues,1,2,2,1,3
201900045570,2019-05-23 16:45:00,2019,5,23,16,45,92,92044,DANTON(RUE) 1A73 ET 2A88,48.8919557,2.2821505,Plein jour,En agglomération,Hors intersection,Normale,Autre collision,4,1,1,0,1,1,1,0,1,50,1,3,2,0,0,1,37.0,,utilitaire_camion,,1,2,1,1,6
201900045571,2019-05-15 18:40:00,2019,5,15,18,40,92,92044,P.V.COUTURIER(RUE)1A39 ET2A26,48.8949369,2.2809438,Plein jour,En agglomération,Intersection en X,Normale,Autre collision,4,1,2,0,1,1,1,0,1,50,1,2,1,0,0,1,23.0,,deux_roues,,1,2,2,1,6
201900045572,2019-05-13 08:10:00,2019,5,13,8,10,92,92044,RIVAY(RUE)1A23 ET 2A20,48.8919999,2.291479,Plein jour,En agglomération,Hors intersection,Normale,Autre collision,4,1,1,0,1,1,1,0,1,30,2,2,1,0,0,1,53.0,39.0,voiture,deux_roues,1,2,1,1,6
201900045573,2019-05-07 09:35:00,2019,5,7,9,35,92,92044,P.V.COUTURIER(RUE)1A39 ET2A26,48.8968445,2.2883826,Plein jour,En agglomération,Intersection en X,Normale,Deux véhicules - côté,4,1,1,0,1,1,1,0,1,50,2,2,1,0,0,1,35.0,44.0,voiture,deux_roues,1,2,2,1,3
201900045574,2019-05-06 18:50:00,2019,5,6,18,50,92,92044,VILLIERS(RUE DE)  88A140,48.8946321,2.2749774,Plein jour,En agglomération,Hors intersection,Normale,Deux véhicules - côté,4,2,2,0,1,1,1,0,1,50,2,2,1,0,0,1,31.0,45.0,deux_roues,voiture,1,2,1,1,3
201900045575,2019-05-03 17:27:00,2019,5,3,17,27,92,92044,VICTOR HUGO (RUE),48.898294,2.294364,Plein jour,En agglomération,Intersection en X,Normale,Autre collision,3,1,3,3,1,1,2,6,1,50,1,2,1,0,0,1,70.0,,voiture,,1,2,2,1,6
201900045576,2019-05-29 19:25:00,2019,5,29,19,25,92,92040,GALLIENI (BOULEVARD),48.82666,2.26769,Plein jour,En agglomération,Hors intersection,Normale,Deux véhicules - côté,3,2,2,0,1,1,1,0,1,50,2,3,2,0,0,1,45.0,37.0,deux_roues,voiture,1,2,1,1,3
201900045577,2019-05-23 19:10:00,2019,5,23,19,10,92,92040,STALINGRAD (QUAI DE),48.82184,2.25068,Plein jour,En agglomération,Hors intersection,Normale,Sans collision,3,4,4,0,1,3,1,0,1,50,1,1,0,0,0,1,70.0,,deux_roues,,1,2,1,1,7
201900045578,2019-05-10 09:15:00,2019,5,10,9,15,92,92040,PDT ROOSEVELT (QUAI DU),48.83367,2.26393,Plein jour,En agglomération,Hors intersection,Normale,Deux véhicules - côté,3,-1,1,0,1,1,1,8,6,15,2,2,1,0,1,0,49.0,53.0,autre,utilitaire_camion,1,2,1,1,3
201900045579,2019-05-10 08:00:00,2019,5,10,8,0,92,92040,GAMBETTA (BOULEVARD),48.827301,2.2781002,Plein jour,En agglomération,Hors intersection,Normale,Deux véhicules - côté,3,2,2,0,1,1,1,0,3,50,2,2,1,0,0,1,49.0,20.0,voiture,deux_roues,1,2,1,1,3
201900045580,2019-05-09 12:00:00,2019,5,9,12,0,92,92040,ROUGET DE L'ISLE,48.82787,2.26687,Plein jour,En agglomération,Hors intersection,Pluie légère,Deux véhicules - côté,3,1,2,0,1,1,2,0,3,50,2,1,0,0,0,1,24.0,,deux_roues,,1,2,1,2,3
201900045581,2019-05-09 11:13:00,2019,5,9,11,13,92,92040,ETIENNE DOLET,48.82297,2.2751,Plein jour,En agglomération,Hors intersection,Pluie légère,Deux véhicules - côté,4,2,2,0,2,1,2,0,1,50,2,2,1,0,0,1,,36.0,deux_roues,voiture,1,2,1,2,3
201900045582,2019-05-07 09:50:00,2019,5,7,9,50,92,92040,GALLIENI (BOULEVARD),48.82696,2.26751,Plein jour,En agglomération,Hors intersection,Normale,Autre collision,3,2,2,0,1,1,1,0,1,50,1,2,1,0,1,0,31.0,,deux_roues,,1,2,1,1,6
201900045583,2019-05-05 04:28:00,2019,5,5,4,28,92,92040,LEON BLUM (PLACE),48.8208355,2.2601441,Nuit avec éclairage allumé,En agglomération,Intersection en X,Normale,Deux véhicules - côté,3,2,7,0,1,1,1,5,1,50,2,3,1,0,0,2,25.0,65.0,deux_roues,voiture,5,2,2,1,3
201900045584,2019-05-23 17:10:00,2019,5,23,17,10,92,92036,PIERRE DE COUBERTIN (BOULEVARD) (PORT ->,48.9315765,2.2835379,Plein jour,En agglomération,Intersection en X,Normale,Autre collision,3,3,6,0,1,1,1,0,1,50,1,2,1,0,0,1,66.0,,voiture,,1,2,2,1,6
201900045585,2019-05-14 22:10:00,2019,5,14,22,10,92,92036,GRESILLONS (AVENUE DES) (103/139),48.91455,2.30047,Nuit avec éclairage allumé,En agglomération,Intersection en T,Normale,Deux véhicules - côté,3,2,2,0,1,1,1,0,1,50,2,2,1,0,1,0,21.0,21.0,voiture,deux_roues,5,2,3,1,3
201900045586,2019-05-14 13:45:00,2019,5,14,13,45,92,92036,LOUIS CALMEL (RUE) (18/58),48.9252494,2.2906227,Plein jour,En agglomération,Hors intersection,Normale,Autre collision,3,3,2,1,1,1,1,0,1,50,1,1,0,0,0,1,,,,,1,2,1,1,6
201900045587,2019-05-06 09:10:00,2019,5,6,9,10,92,92036,MARCEL PAUL (AVENUE) (1/103),48.933391,2.302659,Plein jour,En agglomération,Giratoire,Normale,Trois véhicules et plus - collisions multiples,3,1,3,0,1,2,1,0,1,50,4,4,3,0,0,1,40.0,32.0,voiture,voiture,1,2,6,1,5
201900045588,2019-05-04 17:25:00,2019,5,4,17,25,92,92036,GABRIEL PERI (AVENUE) (147/177),48.92349,2.29468,Plein jour,En agglomération,Hors intersection,Pluie légère,Autre collision,3,2,2,0,1,1,1,0,1,50,2,2,1,0,0,1,64.0,63.0,deux_roues,voiture,1,2,1,2,6
201900045589,2019-04-29 17:00:00,2019,4,29,17,0,92,92036,PIERRE DE COUBERTIN PROLONGE,48.926705,2.284715,Plein jour,En agglomération,Hors intersection,Normale,Autre collision,3,3,4,0,1,1,1,5,1,50,1,2,1,0,1,0,55.0,,utilitaire_camion,,1,2,1,1,6
201900045590,2019-05-15 10:45:00,2019,5,15,10,45,92,92035,SARTORIS (RUE),48.88306,2.24836,Plein jour,En agglomération,Intersection en X,Normale,Deux véhicules - côté,4,2,2,0,1,1,1,0,1,30,2,2,1,0,0,1,24.0,24.0,voiture,voiture,1,2,2,1,3
201900045591,2019-05-27 14:30:00,2019,5,27,14,30,92,92026,DIVISION LECLERC (AVENUE DE LA),48.894466,2.241182,Plein jour,En agglomération,Autre intersection,Normale,Deux véhicules - côté,3,3,4,0,1,1,1,0,3,50,2,2,1,0,0,1,29.0,42.0,voiture,deux_roues,1,2,9,1,3
201900045592,2019-05-26 15:40:00,2019,5,26,15,40,92,92026,VERDUN (DE 62 A FIN),48.900735,2.260511,Plein jour,En agglomération,Hors intersection,Normale,Deux véhicules - arrière,3,2,4,3,1,1,1,0,1,50,2,2,1,0,0,1,35.0,26.0,voiture,deux_roues,1,2,1,1,2
201900045593,2019-05-25 23:40:00,2019,5,25,23,40,92,92026,MISSION MARCHAND (COTE IMPAIR),48.899002,2.239849,Nuit avec éclairage allumé,En agglomération,Passage à niveau,Normale,Deux véhicules - côté,4,3,4,0,1,1,1,4,1,50,2,2,1,0,0,1,36.0,57.0,voiture,voiture,5,2,8,1,3
201900045594,2019-05-23 17:30:00,2019,5,23,17,30,92,92026,MARECHAL JOFFRE (QUAI DU),48.89704,2.26506,Plein jour,En agglomération,Hors intersection,Autre,Trois véhicules et plus - en chaîne,3,1,2,0,1,1,1,1,1,50,4,4,2,0,0,2,57.0,22.0,voiture,voiture,1,2,1,9,4
201900045595,2019-05-23 14:20:00,2019,5,23,14,20,92,92026,JULES FERRY ( RUE ),48.89877,2.26257,Plein jour,En agglomération,Intersection en T,Normale,Deux véhicules - côté,3,2,3,0,1,1,1,0,1,50,2,4,3,0,0,1,23.0,17.0,voiture,deux_roues,1,2,3,1,3
201900045596,2019-05-17 00:28:00,2019,5,17,0,28,92,92026,MARECHAL JOFFRE (QUAI DU),48.9006953,2.2752054,Nuit avec éclairage allumé,En agglomération,Intersection en X,Normale,Deux véhicules - côté,3,2,4,0,1,1,1,0,1,50,2,2,1,0,0,1,56.0,20.0,deux_roues,voiture,5,2,2,1,3
201900045597,2019-05-14 09:05:00,2019,5,14,9,5,92,92026,ALMA,48.8967253,2.2539236,Plein jour,En agglomération,Hors intersection,Normale,Autre collision,3,3,1,0,1,1,1,0,1,50,1,2,1,0,0,1,57.0,,voiture,,1,2,1,1,6
201900045598,2019-05-13 17:20:00,2019,5,13,17,20,92,92026,VICTOR HUGO (DE 01 A 45),48.894752,2.258936,Plein jour,En agglomération,Hors intersection,Normale,Deux véhicules - côté,4,2,2,1,1,1,1,0,2,50,2,2,1,0,0,1,32.0,42.0,deux_roues,voiture,1,2,1,1,3
201900045599,2019-05-13 13:40:00,2019,5,13,13,40,92,92026,VICTOR HUGO (PLACE,48.89208,2.25377,Plein jour,En agglomération,Giratoire,Normale,Deux véhicules - arrière,4,2,2,0,1,1,1,0,1,50,2,2,1,0,0,1,26.0,17.0,voiture,deux_roues,1,2,6,1,2
201900045600,2019-05-10 22:50:00,2019,5,10,22,50,92,92026,PRÉSIDENT PAUL DOUMER (QUAI DU),48.8900095,2.2563831,Nuit avec éclairage allumé,En agglomération,Intersection en T,Pluie forte,Deux véhicules - côté,3,2,4,0,1,1,2,0,1,50,2,2,1,0,0,1,24.0,31.0,voiture,deux_roues,5,2,3,3,3
201900045601,2019-05-10 19:35:00,2019,5,10,19,35,92,92026,COLOMBES,48.9045,2.25588,Crépuscule ou aube,En agglomération,Intersection en T,Pluie légère,Deux véhicules - côté,3,2,2,2,1,1,2,0,1,50,2,3,1,0,2,0,50.0,48.0,deux_roues,voiture,2,2,3,2,3
201900045602,2019-05-06 12:30:00,2019,5,6,12,30,92,92026,STRASBOURG,48.89117,2.24761,Plein jour,En agglomération,Hors intersection,Normale,Autre collision,9,-1,1,0,2,1,1,9,1,15,2,2,1,0,0,1,56.0,56.0,voiture,voiture,1,2,1,1,6
201900045603,2019-05-06 09:10:00,2019,5,6,9,10,92,92026,BEZONS  (DE 01 A 22),48.89235,2.25541,Plein jour,En agglomération,Hors intersection,Normale,Autre collision,4,3,2,1,1,1,1,0,1,50,2,2,1,0,0,1,35.0,52.0,utilitaire_camion,transport_commun,1,2,1,1,6
201900045604,2019-05-26 01:45:00,2019,5,26,1,45,92,92025,PAUL BERT (RUE),48.9244,2.263,Nuit avec éclairage allumé,En agglomération,Hors intersection,Normale,Deux véhicules - côté,3,2,0,0,1,1,1,2,1,50,2,3,2,0,0,1,31.0,26.0,voiture,voiture,5,2,1,1,3
201900045605,2019-05-23 08:50:00,2019,5,23,8,50,92,92025,PIERRE GEOFFROIX (RUE),48.91746,2.258223,Plein jour,En agglomération,Intersection en X,Normale,Autre collision,4,1,1,0,1,1,1,0,1,50,1,2,1,0,0,1,41.0,,voiture,,1,2,2,1,6
201900045606,2019-05-21 15:40:00,2019,5,21,15,40,92,92025,GABRIEL PERI (RUE),48.917852,2.237926,Plein jour,En agglomération,Hors intersection,Normale,Autre collision,3,2,3,0,1,1,1,0,1,50,1,4,1,0,0,3,24.0,,deux_roues,,1,2,1,1,6
201900045607,2019-05-18 12:47:00,2019,5,18,12,47,92,92025,PROGRES (RUE DU),48.928975,2.26234,Plein jour,En agglomération,Hors intersection,Normale,Deux véhicules - frontale,4,-1,2,0,1,1,2,0,1,50,2,2,1,0,0,1,42.0,19.0,voiture,deux_roues,1,2,1,1,1
201900045608,2019-05-18 00:45:00,2019,5,18,0,45,92,92025,CHARLES DE GAULLE (BD),48.914061,2.229759,Nuit avec éclairage allumé,En agglomération,Hors intersection,Normale,Deux véhicules - frontale,3,1,0,0,1,1,1,0,1,50,2,2,1,0,0,1,35.0,20.0,voiture,deux_roues,5,2,1,1,1
201900045609,2019-05-17 22:10:00,2019,5,17,22,10,92,92025,VICTOR HUGO (AV.VILLA.RUE),48.920995,2.263543,Nuit avec éclairage allumé,En agglomération,Hors intersection,Normale,Deux véhicules - arrière,4,1,1,0,1,1,1,0,1,50,2,2,1,0,0,1,21.0,20.0,voiture,deux_roues,5,2,1,1,2
201900045610,2019-05-11 06:15:00,2019,5,11,6,15,92,92025,SELLIER (RUE),48.9244,2.263,Crépuscule ou aube,En agglomération,Intersection en X,Normale,Deux véhicules - côté,4,1,1,0,1,1,1,0,1,50,2,3,2,0,0,1,56.0,24.0,voiture,voiture,2,2,2,1,3
201900045611,2019-05-07 09:50:00,2019,5,7,9,50,92,92025,HENRI BARBUSSE (AV),48.920803,2.2526428,Plein jour,En agglomération,Intersection en X,Normale,Deux véhicules - côté,3,2,4,0,1,1,1,0,1,50,2,2,1,0,0,1,30.0,27.0,voiture,voiture,1,2,2,1,3
201900045612,2019-05-06 18:00:00,2019,5,6,18,0,92,92025,GABRIEL PERI (RUE),48.9244,2.263,Plein jour,En agglomération,Intersection en X,Normale,Deux véhicules - côté,3,2,4,0,1,1,1,0,1,50,2,2,1,0,0,1,44.0,45.0,deux_roues,voiture,1,2,2,1,3
201900045613,2019-05-05 14:15:00,2019,5,5,14,15,92,92025,GENERAL LECLERC (PLACE DU),48.922783,2.25266,Plein jour,En agglomération,Hors intersection,Normale,Deux véhicules - côté,3,-1,2,0,1,1,1,0,1,50,2,2,1,0,0,1,40.0,62.0,deux_roues,voiture,1,2,1,1,3
201900045614,2019-05-17 19:50:00,2019,5,17,19,50,92,92024,ASNIERES (ROUTE D'),48.9024155,2.2906636,Plein jour,En agglomération,Hors intersection,Normale,Autre collision,3,2,2,0,1,1,1,0,1,50,1,2,1,0,1,0,34.0,,voiture,,1,2,1,1,6
201900045615,2019-05-16 23:35:00,2019,5,16,23,35,92,92024,VILLENEUVE (RUE) DE (55 A 87BIS),48.90587,2.311976,Nuit avec éclairage allumé,En agglomération,Autre intersection,Autre,Deux véhicules - frontale,4,2,2,0,1,1,1,0,1,30,2,2,1,0,0,1,25.0,47.0,deux_roues,deux_roues,5,2,9,9,1
201900045616,2019-05-16 16:10:00,2019,5,16,16,10,92,92024,VICTOR HUGO (BD),48.9023586,2.3184108,Plein jour,En agglomération,Intersection en T,Normale,Deux véhicules - frontale,3,2,2,0,1,1,1,0,1,50,2,2,1,0,0,1,53.0,66.0,deux_roues,voiture,1,2,3,1,1
201900045617,2019-05-03 10:18:00,2019,5,3,10,18,92,92024,DOCTEUR CALMETTE (RUE DU),48.90458,2.31135,Plein jour,En agglomération,Hors intersection,Normale,Deux véhicules - côté,4,1,1,0,1,1,1,0,1,30,2,2,1,0,0,1,56.0,49.0,voiture,deux_roues,1,2,1,1,3
201900045618,2019-05-02 18:00:00,2019,5,2,18,0,92,92024,GEORGES BOISSEAU (RUE),48.905076,2.315393,Plein jour,En agglomération,Hors intersection,Normale,Deux véhicules - arrière,4,2,2,0,1,1,2,0,1,30,2,2,1,0,0,1,45.0,42.0,deux_roues,voiture,1,2,1,1,2
201900045619,2019-05-29 13:00:00,2019,5,29,13,0,92,92023,GENERAL DE GAULLE (AVENUE DU),48.78539,2.25147,Plein jour,En agglomération,Intersection en T,Normale,Autre collision,3,2,5,0,1,1,1,0,3,50,2,2,1,0,0,1,72.0,52.0,voiture,deux_roues,1,2,3,1,6
201900045620,2019-05-28 18:40:00,2019,5,28,18,40,92,92023,GENERAL DE GAULLE (AVENUE DU),48.7919437,2.2676545,Plein jour,En agglomération,Intersection en X,Normale,Deux véhicules - côté,3,2,4,3,1,1,1,0,1,50,2,2,1,0,0,1,37.0,23.0,deux_roues,voiture,1,2,2,1,3
201900045621,2019-05-26 06:30:00,2019,5,26,6,30,92,92023,GENERAL DE GAULLE (AV DU) N°130 A 340 ET,48.78763,2.25725,Crépuscule ou aube,En agglomération,Hors intersection,Normale,Autre collision,3,2,2,0,1,1,1,0,3,50,1,3,1,0,0,2,31.0,,voiture,,2,2,1,1,6
201900045622,2019-05-24 20:30:00,2019,5,24,20,30,92,92023,PAIX (AVENUE DE LA),48.81517,2.27237,Plein jour,En agglomération,Hors intersection,Normale,Autre collision,4,2,2,1,1,1,1,0,1,30,3,3,1,0,0,2,32.0,19.0,deux_roues,deux_roues,1,2,1,1,6
201900045623,2019-05-24 15:25:00,2019,5,24,15,25,92,92023,HENRI BARBUSSE (AVENUE),48.81096,2.25824,Plein jour,En agglomération,Intersection en X,Normale,Autre collision,3,2,2,0,1,1,1,0,1,50,1,2,1,0,0,1,37.0,,voiture,,1,2,2,1,6
201900045624,2019-05-15 12:20:00,2019,5,15,12,20,92,92023,GENERAL DE GAULLE (AVENUE DU),48.7828185,2.2450762,Plein jour,En agglomération,Intersection en T,Normale,Deux véhicules - côté,3,2,5,0,1,1,1,0,1,50,2,2,1,0,0,1,44.0,62.0,voiture,deux_roues,1,2,3,1,3
201900045625,2019-05-13 18:30:00,2019,5,13,18,30,92,92023,PIERRE LOUVRIER (RUE),48.80555,2.27079,Plein jour,En agglomération,Hors intersection,Normale,Autre collision,4,1,2,0,3,1,1,5,1,50,1,3,1,0,0,2,60.0,,voiture,,1,2,1,1,6
201900045626,2019-05-07 21:00:00,2019,5,7,21,0,92,92023,CHAMPAGNE (RUE),48.78591,2.24877,Crépuscule ou aube,En agglomération,Hors intersection,Normale,Autre collision,4,1,1,1,1,1,1,0,1,30,1,2,1,0,0,1,40.0,,voiture,,2,2,1,1,6
201900045627,2019-05-07 10:45:00,2019,5,7,10,45,92,92023,PORTE DE TRIVAUX (RUE DE) N°57 A 197 ET,48.79091,2.25893,Plein jour,En agglomération,Hors intersection,Normale,Autre collision,3,2,2,1,1,1,1,0,1,30,1,1,0,0,0,1,,,,,1,2,1,1,6
201900045628,2019-05-02 06:30:00,2019,5,2,6,30,92,92023,DIVISION LECLERC (ROND POINT DE LA) N°17,48.77696,2.23102,Plein jour,En agglomération,Giratoire,Normale,Autre collision,3,1,2,0,1,1,1,0,1,30,2,2,0,0,0,2,46.0,48.0,voiture,voiture,1,2,6,1,6
201900045629,2019-04-30 20:10:00,2019,4,30,20,10,92,92060,LOUP PENDU (RUE DU),48.77578,2.25126,Plein jour,En agglomération,Intersection en T,Normale,Autre collision,4,1,2,0,1,1,1,0,1,30,1,2,1,0,0,1,55.0,,voiture,,1,2,3,1,6
201900045630,2019-04-30 06:30:00,2019,4,30,6,30,92,92024,CLAUDE TREBIGNAUD (AVENUE) BOIS S102,48.7898,2.2526,Crépuscule ou aube,En agglomération,Giratoire,Normale,Deux véhicules - arrière,4,2,2,0,1,1,1,0,1,50,2,2,0,0,0,2,42.0,58.0,voiture,voiture,2,2,6,1,2
201900045631,2019-05-23 23:00:00,2019,5,23,23,0,92,92019,DIVISION LECLERC (AVENUE DE LA),48.76694,2.25396,Nuit avec éclairage allumé,En agglomération,Hors intersection,Normale,Sans collision,3,2,2,0,2,1,1,0,1,50,1,1,0,0,0,1,32.0,,deux_roues,,5,2,1,1,7
201900045632,2019-05-14 16:50:00,2019,5,14,16,50,92,92071,CLEMENCEAU GEORGES (AVENUE),48.78383,2.30643,Plein jour,En agglomération,Hors intersection,Normale,Deux véhicules - côté,3,2,2,0,1,1,1,0,1,50,2,2,1,0,1,0,48.0,33.0,deux_roues,voiture,1,2,1,1,3
201900045633,2019-05-26 15:15:00,2019,5,26,15,15,92,92012,FESSART (RUE),48.84219,2.23989,Plein jour,En agglomération,Intersection en X,Normale,Autre collision,4,2,1,0,1,1,1,0,1,50,1,2,1,0,0,1,46.0,,utilitaire_camion,,1,2,2,1,6
201900045634,2019-05-24 02:15:00,2019,5,24,2,15,92,92012,EDOUARD VAILLANT (AVENUE) 57/FIN - 58/FI,48.8341959,2.2454379,Nuit avec éclairage allumé,En agglomération,Hors intersection,Normale,Autre collision,3,-1,3,0,2,1,1,1,1,50,1,2,0,0,0,2,50.0,,deux_roues,,5,2,1,1,6
201900045635,2019-05-23 23:00:00,2019,5,23,23,0,92,92012,PONT DE SEVRES (METRO),48.82976,2.23078,Nuit avec éclairage allumé,En agglomération,Hors intersection,Normale,Deux véhicules - côté,3,1,4,0,1,3,1,0,1,50,2,2,1,0,0,1,28.0,25.0,voiture,voiture,5,2,1,1,3
201900045636,2019-05-22 17:00:00,2019,5,22,17,0,92,92012,REINE (ROUTE DE LA) 1/37- 6/80,48.8388793,2.249256,Plein jour,En agglomération,Hors intersection,Normale,Deux véhicules - côté,3,2,4,0,1,1,1,0,1,50,2,2,1,0,0,1,36.0,41.0,deux_roues,utilitaire_camion,1,2,1,1,3
201900045637,2019-05-22 15:25:00,2019,5,22,15,25,92,92012,REINE (ROUTE DE LA) 82/FIN - 107TER/FIN,48.8402441,2.2338198,Plein jour,En agglomération,Hors intersection,Normale,Autre collision,3,2,2,0,1,1,1,0,1,50,1,2,1,0,0,1,39.0,,voiture,,1,2,1,1,6
201900045638,2019-05-22 09:00:00,2019,5,22,9,0,92,92012,QUATRE SEPTEMBRE (QUAI DU),48.8528291,2.2263978,Plein jour,En agglomération,Intersection en T,Normale,Deux véhicules - arrière,3,3,4,0,1,1,1,5,1,50,2,2,1,0,0,1,27.0,39.0,deux_roues,deux_roues,1,2,3,1,2
201900045639,2019-05-17 09:00:00,2019,5,17,9,0,92,92012,MARCEL SEMBAT (PLACE),48.8336278,2.2434011,Plein jour,En agglomération,Hors intersection,Normale,Deux véhicules - arrière,3,2,2,0,2,1,1,1,1,50,2,2,1,0,0,1,45.0,21.0,voiture,utilitaire_camion,1,2,1,1,2
201900045640,2019-05-15 20:10:00,2019,5,15,20,10,92,92012,VICTOR GRIFFUELHES (RUE) - COTE IMPAIR,48.83069,2.2422,Crépuscule ou aube,En agglomération,Hors intersection,Normale,Deux véhicules - côté,4,2,2,0,2,2,2,0,1,50,2,2,1,0,0,1,14.0,41.0,deux_roues,voiture,2,2,1,1,3
201900045641,2019-05-15 18:00:00,2019,5,15,18,0,92,92012,REINE (ROUTE DE LA) 82/FIN - 107TER/FIN,48.8404402,2.2315999,Plein jour,En agglomération,Intersection en X,Temps éblouissant,Autre collision,3,2,4,0,1,1,1,0,2,50,1,2,1,0,0,1,50.0,,voiture,,1,2,2,7,6
201900045642,2019-05-11 15:15:00,2019,5,11,15,15,92,92012,ALPHONSE LE GALLO (QUAI) 1/34,48.8358494,2.2248259,Plein jour,En agglomération,Hors intersection,Normale,Autre collision,3,-1,2,0,1,1,1,0,1,50,1,2,1,0,0,1,50.0,,voiture,,1,2,1,1,6
201900045643,2019-05-13 21:15:00,2019,5,13,21,15,92,92007,BARBUSSE (AVENUE HENRI) AUTRES NUMEROS,48.80319,2.31905,Crépuscule ou aube,En agglomération,Hors intersection,Normale,Autre collision,3,1,1,0,1,1,1,8,1,50,1,1,0,0,0,1,,,,,2,2,1,1,6
201900045644,2019-05-07 19:10:00,2019,5,7,19,10,92,92007,BRIAND (AVENUE ARISTIDE) N° 100 A 160,48.7987,2.32275,Plein jour,En agglomération,Hors intersection,Normale,Deux véhicules - arrière,3,3,3,0,1,1,1,0,1,50,2,2,0,0,0,2,49.0,48.0,deux_roues,deux_roues,1,2,1,1,2
201900045645,2019-05-07 12:20:00,2019,5,7,12,20,92,92007,SUISSES (VOIE DES),48.80005,2.301396,Plein jour,En agglomération,Intersection en X,Normale,Deux véhicules - arrière,3,2,2,0,1,1,1,0,1,50,2,1,0,0,0,1,19.0,,deux_roues,,1,2,2,1,2
201900045646,2019-05-28 09:00:00,2019,5,28,9,0,92,92024,GENNEVILLIERS (PONT DE),48.91219,2.31156,Plein jour,En agglomération,Hors intersection,Pluie légère,Deux véhicules - côté,3,2,3,0,1,1,2,0,3,50,2,1,0,0,0,1,25.0,,deux_roues,,1,2,1,2,3
201900045647,2019-05-25 15:25:00,2019,5,25,15,25,92,92009,BOURGUIGNONS ( RUE 33 A FIN ),48.9135126,2.2732367,Plein jour,En agglomération,Hors intersection,Normale,Autre collision,3,1,1,1,1,1,1,0,1,50,1,2,1,0,0,1,66.0,,voiture,,1,2,1,1,6
201900045648,2019-05-26 01:00:00,2019,5,26,1,0,92,92004,COLOMBES (RUE DE 1 A 29),48.9125607,2.2844691,Nuit avec éclairage non allumé,En agglomération,Intersection en T,Normale,Deux véhicules - côté,3,-1,2,0,1,1,1,0,1,50,2,2,1,0,0,1,40.0,70.0,deux_roues,voiture,4,2,3,1,3
201900045649,2019-05-10 14:30:00,2019,5,10,14,30,92,92004,AULAGNIER ( QUAI ),48.912446,2.3031002,Plein jour,En agglomération,Hors intersection,Normale,Trois véhicules et plus - en chaîne,3,2,4,0,1,1,1,0,1,50,3,3,2,0,0,1,62.0,43.0,voiture,deux_roues,1,2,1,1,4
201900045650,2019-04-19 14:45:00,2019,4,19,14,45,92,92004,MAURICE BOKANOWSKI,48.91586,2.28235,Plein jour,En agglomération,Hors intersection,Normale,Autre collision,4,-1,2,0,1,1,1,0,1,50,1,2,1,0,0,1,30.0,,voiture,,1,2,1,1,6
201900045651,2019-03-23 23:15:00,2019,3,23,23,15,92,92022,SALENGRO (AVENUE ROGER),48.80771,2.1863,Nuit avec éclairage allumé,En agglomération,Hors intersection,Normale,Deux véhicules - côté,4,1,2,0,1,1,1,0,1,50,2,2,1,0,0,1,25.0,25.0,voiture,voiture,5,2,1,1,3
201900045652,2019-05-24 10:15:00,2019,5,24,10,15,92,92004,HENRI BERGSON,48.91664,2.31051,Plein jour,En agglomération,Hors intersection,Normale,Deux véhicules - arrière,4,2,2,0,1,1,1,0,1,50,2,2,1,0,0,1,33.0,27.0,utilitaire_camion,deux_roues,1,2,1,1,2
201900045653,2019-03-10 22:30:00,2019,3,10,22,30,92,92004,VOLTAIRE ( BD ),48.9160289,2.2908475,Nuit avec éclairage allumé,En agglomération,Intersection en T,Normale,Deux véhicules - côté,3,2,2,0,1,1,1,0,1,50,2,2,1,0,0,1,42.0,22.0,deux_roues,voiture,5,2,3,1,3
201900045654,2019-05-16 17:35:00,2019,5,16,17,35,92,92009,CHARLES-DE-GAULLE ( AVENUE ),48.9199049,2.2770079,Plein jour,En agglomération,Intersection en T,Normale,Deux véhicules - côté,3,-1,2,0,1,1,1,0,1,50,2,2,1,0,0,1,14.0,17.0,deux_roues,deux_roues,1,2,3,1,3
201900045655,2019-05-15 20:26:00,2019,5,15,20,26,92,92004,PONT D'ASNIERES,48.9048926,2.2878888,Plein jour,En agglomération,Intersection en T,Normale,Deux véhicules - côté,3,-1,2,0,1,1,1,2,1,50,2,3,2,0,0,1,27.0,69.0,utilitaire_camion,voiture,1,2,3,1,3