accident_id,datetime,annee,mois,jour,heure,minute,departement,commune_insee,adresse,latitude,longitude,luminosite,agglomeration,intersection,meteo,collision,catr,circ,nbv,vosp,prof,plan,surf,infra,situ,vma,nb_vehicules,nb_usagers,nb_indemnes,nb_tues,nb_blesses_hosp,nb_blesses_legers,age_cond_1,age_cond_2,veh_type_cond_1,veh_type_cond_2,lum_code,agg_code,int_code,atm_code,col_code
201900045656,2019-05-02 09:45:00,2019,5,2,9,45,92,92004,DOCTEUR DERVAUX  ( QUAI DU ),48.9087242,2.2930868,Plein jour,En agglomération,Hors intersection,Normale,Deux véhicules - côté,3,-1,2,0,1,1,1,0,1,50,2,2,1,0,0,1,45.0,38.0,voiture,voiture,1,2,1,1,3
201900045657,2019-04-16 08:45:00,2019,4,16,8,45,92,92004,DOCTEUR DERVAUX  ( QUAI DU ),48.9091173,2.2938323,Plein jour,En agglomération,Hors intersection,Normale,Deux véhicules - côté,3,-1,2,0,1,1,1,0,1,50,2,2,1,0,0,1,25.0,35.0,deux_roues,voiture,1,2,1,1,3
201900045658,2019-05-28 18:50:00,2019,5,28,18,50,92,92002,ADOLPHE PAJEAUD (RUE),48.7435883,2.2893731,Plein jour,En agglomération,Hors intersection,Normale,Deux véhicules - côté,3,2,2,0,1,1,1,0,1,50,2,3,2,0,0,1,56.0,16.0,voiture,deux_roues,1,2,1,1,3
201900045659,2019-05-28 17:05:00,2019,5,28,17,5,92,92014,GENERAL LECLERC (AV.) (57 A 135 - 50 A 1,48.7814511,2.3162701,Plein jour,En agglomération,Hors intersection,Normale,Autre collision,3,-1,-1,0,1,1,1,9,2,10,1,2,1,0,0,1,45.0,,voiture,,1,2,1,1,6
201900045660,2019-05-26 13:35:00,2019,5,26,13,35,92,92002,BOIS DE VERRIERES (AVENUE DU),48.7555179,2.295871,Plein jour,En agglomération,Intersection en X,Normale,Deux véhicules - frontale,4,2,3,0,2,1,1,0,1,50,2,3,2,0,0,1,21.0,9.0,voiture,deux_roues,1,2,2,1,1
201900045661,2019-05-24 03:50:00,2019,5,24,3,50,92,92014,BOIS DE VERRIERES (AVENUE DU),48.7555179,2.295871,Plein jour,En agglomération,Intersection en X,Normale,Deux véhicules - frontale,3,3,4,0,2,1,1,5,1,50,2,2,1,0,0,1,47.0,40.0,voiture,deux_roues,1,2,2,1,1
201900045662,2019-05-21 07:00:00,2019,5,21,7,0,92,92002,ABBAYE (RUE DE L'),48.7520281,2.2982585,Plein jour,En agglomération,Intersection en T,Normale,Deux véhicules - arrière,4,1,1,2,1,1,1,0,1,30,2,2,1,0,0,1,53.0,23.0,voiture,deux_roues,1,2,3,1,2
201900045663,2019-05-18 18:00:00,2019,5,18,18,0,92,92002,ESTEREL (ALLEE DE L'),48.7350285,2.2851813,Plein jour,En agglomération,Intersection en X,Normale,Autre collision,4,2,2,0,1,1,1,0,1,50,1,2,1,0,1,0,49.0,,voiture,,1,2,2,1,6
201900045664,2019-05-16 11:55:00,2019,5,16,11,55,92,92002,AUGUSTE MOUNIE (RUE),48.7539442,2.3024878,Plein jour,En agglomération,Hors intersection,Normale,Autre collision,4,1,2,0,1,1,1,0,2,30,1,2,1,0,0,1,76.0,,voiture,,1,2,1,1,6
201900045665,2019-05-13 23:00:00,2019,5,13,23,0,92,92002,ARISTIDE BRIAND (AVENUE),48.7598485,2.3075305,Nuit avec éclairage allumé,En agglomération,Intersection en T,Normale,Deux véhicules - côté,3,3,4,0,1,1,1,0,1,50,2,2,1,0,0,1,51.0,40.0,deux_roues,voiture,5,2,3,1,3
201900045666,2019-05-06 06:05:00,2019,5,6,6,5,92,92002,GENERAL DE GAULLE (PLACE DU),48.7632744,2.3091036,Nuit avec éclairage allumé,En agglomération,Place,Normale,Deux véhicules - côté,3,2,3,0,1,1,1,0,1,50,2,2,1,0,0,1,34.0,24.0,utilitaire_camion,voiture,5,2,7,1,3
201900045667,2019-04-30 07:26:00,2019,4,30,7,26,92,92002,ADOLPHE PAJEAUD (RUE),48.7433419,2.2886062,Plein jour,En agglomération,Hors intersection,Normale,Autre collision,3,3,2,0,1,1,1,0,1,50,1,2,1,0,1,0,49.0,,utilitaire_camion,,1,2,1,1,6
201900045668,2019-05-13 20:56:00,2019,5,13,20,56,60,60275,D22,49.4896082,1.9010961,Plein jour,Hors agglomération,Hors intersection,Normale,Deux véhicules - frontale,3,2,2,0,2,3,1,0,1,80,2,2,1,0,1,0,46.0,34.0,voiture,deux_roues,1,1,1,1,1
201900045669,2019-02-27 06:35:00,2019,2,27,6,35,976,97610,Route Nationale,-12.737247,45.206118,Plein jour,En agglomération,Hors intersection,Normale,Trois véhicules et plus - en chaîne,2,2,2,0,1,1,1,0,1,30,3,3,2,1,0,0,39.0,62.0,voiture,deux_roues,1,2,1,1,4
201900045670,2019-05-05 10:20:00,2019,5,5,10,20,80,80420,départementale 47,50.026074,2.4968,Plein jour,Hors agglomération,Hors intersection,Pluie légère,Autre collision,3,2,2,0,3,4,2,0,3,80,1,1,0,0,0,1,60.0,,voiture,,1,1,1,2,6
201900045671,2019-05-12 17:45:00,2019,5,12,17,45,49,49244,D151,47.355133,-0.860484,Plein jour,Hors agglomération,Hors intersection,Temps éblouissant,Deux véhicules - frontale,3,2,2,0,2,2,1,0,1,80,2,2,0,0,1,1,26.0,31.0,deux_roues,deux_roues,1,1,1,7,1
201900045672,2019-05-10 15:30:00,2019,5,10,15,30,49,49244,"La Grande Angevinière, LA GRANDE ANGEVINERIE (La Pommeraye)",47.3637147,-0.8874464,Plein jour,Hors agglomération,Hors intersection,Pluie légère,Sans collision,4,2,2,0,1,2,2,0,3,-1,1,1,0,0,1,0,26.0,,voiture,,1,1,1,2,7
201900045673,2019-05-02 12:10:00,2019,5,2,12,10,49,49063,D961,47.343814,-0.759003,Plein jour,Hors agglomération,Hors intersection,Normale,Deux véhicules - frontale,3,2,2,0,3,1,1,0,1,70,2,3,2,0,1,0,57.0,58.0,voiture,voiture,1,1,1,1,1
201900045674,2019-05-07 08:45:00,2019,5,7,8,45,37,37005,Intersection RD18-RD20,46.966338,0.587526,Plein jour,Hors agglomération,Intersection en X,Normale,Deux véhicules - côté,3,2,2,0,1,1,1,0,1,80,2,2,1,0,0,1,26.0,59.0,voiture,voiture,1,1,2,1,3
201900045675,2019-05-06 18:00:00,2019,5,6,18,0,12,12300,Chemin de Causseroux,44.365772,2.035072,Plein jour,En agglomération,Hors intersection,Normale,Autre collision,4,2,2,0,2,3,1,0,8,50,1,1,0,0,1,0,59.0,,voiture,,1,2,1,1,6
201900045676,2019-05-05 15:45:00,2019,5,5,15,45,12,12301,Lieu dit Le COUTAL,44.467492,1.99725,Plein jour,En agglomération,Intersection en X,Normale,Deux véhicules - côté,3,2,2,0,1,1,1,0,1,80,2,4,3,0,1,0,75.0,76.0,voiture,voiture,1,2,2,1,3
201900045677,2019-05-30 09:55:00,2019,5,30,9,55,47,47091,Rocade d'Estillac,44.1684538,0.5836271,Plein jour,Hors agglomération,Intersection en T,Normale,Deux véhicules - côté,3,2,2,0,1,1,1,0,1,80,2,3,2,0,1,0,59.0,73.0,voiture,voiture,1,1,3,1,3
201900045678,2019-05-24 17:00:00,2019,5,24,17,0,35,35120,La Bourdonnais - RD 287,48.22445,-1.786055,Plein jour,En agglomération,Hors intersection,Normale,Deux véhicules - frontale,3,2,2,0,2,3,1,0,1,50,2,2,1,0,1,0,74.0,20.0,voiture,deux_roues,1,2,1,1,1
201900045679,2019-05-21 08:00:00,2019,5,21,8,0,35,35050,le noyer,48.272375,-1.891606,Plein jour,Hors agglomération,Intersection en T,Brouillard / fumée,Deux véhicules - côté,4,2,2,0,1,1,1,0,1,80,2,2,1,0,1,0,30.0,18.0,voiture,deux_roues,1,1,3,5,3
201900045680,2019-05-05 11:42:00,2019,5,5,11,42,35,35276,Rue de la Croisade,48.265383,-1.84015,Plein jour,Hors agglomération,Intersection en X,Normale,Deux véhicules - côté,3,2,2,0,1,1,1,0,1,50,2,2,1,0,1,0,77.0,56.0,deux_roues,voiture,1,1,2,1,3
201900045681,2019-05-06 07:58:00,2019,5,6,7,58,14,14284,rd 244 point kilométrique 008.700,48.852906,-0.246764,Crépuscule ou aube,En agglomération,Autre intersection,Normale,Autre collision,3,2,2,0,1,3,1,0,3,50,1,1,0,0,1,0,32.0,,voiture,,2,2,9,1,6
201900045682,2019-05-12 20:30:00,2019,5,12,20,30,62,62492,55 Rue du Couvent,50.468642,1.980283,Plein jour,En agglomération,Hors intersection,Normale,Autre collision,3,2,2,0,1,1,1,0,3,50,1,1,0,0,1,0,31.0,,deux_roues,,1,2,1,1,6
201900045683,2019-05-07 15:55:00,2019,5,7,15,55,87,87002,Avenue François Mitterrand,45.947792,1.393032,Plein jour,En agglomération,Hors intersection,Normale,Autre collision,3,2,2,0,2,2,1,0,3,50,1,1,0,0,1,0,82.0,,voiture,,1,2,1,1,6
201900045684,2019-05-29 19:30:00,2019,5,29,19,30,86,86228,rd13,46.383606,0.532259,Plein jour,Hors agglomération,Hors intersection,Normale,Sans collision,3,-1,2,0,1,2,1,0,3,80,1,1,0,0,1,0,71.0,,deux_roues,,1,1,1,1,7
201900045685,2019-05-14 19:50:00,2019,5,14,19,50,86,86015,Le Pou,46.148087,0.60161,Plein jour,Hors agglomération,Hors intersection,Normale,Sans collision,3,2,2,0,1,1,1,0,1,80,1,1,0,0,1,0,17.0,,deux_roues,,1,1,1,1,7
201900045686,2019-05-11 13:00:00,2019,5,11,13,0,86,86171,La Grande Vergne,46.249706,0.690359,Plein jour,Hors agglomération,Intersection en T,Normale,Deux véhicules - frontale,3,2,2,0,1,1,1,0,1,80,2,3,1,0,2,0,46.0,27.0,voiture,voiture,1,1,3,1,1
201900045687,2019-05-07 14:58:00,2019,5,7,14,58,2A,2A212,village - RN81,42.2372044,8.6355412,Plein jour,En agglomération,Hors intersection,Normale,Autre collision,3,2,2,0,2,1,1,0,8,50,1,2,1,0,1,0,68.0,,utilitaire_camion,,1,2,1,1,6
201900045688,2019-05-07 10:20:00,2019,5,7,10,20,2A,2A198,"Route départementale 84, PK 7+50",42.24935,8.7442734,Plein jour,Hors agglomération,Hors intersection,Normale,Autre collision,3,2,2,0,2,3,1,0,1,80,1,1,0,0,1,0,56.0,,deux_roues,,1,1,1,1,6
201900045689,2019-05-07 16:30:00,2019,5,7,16,30,24,24264,La Croix de Pierre,45.011918,0.12276,Plein jour,Hors agglomération,Hors intersection,Normale,Deux véhicules - côté,3,2,2,0,2,1,1,0,1,80,2,4,3,1,0,0,40.0,53.0,voiture,voiture,1,1,1,1,3
201900045690,2019-05-26 16:15:00,2019,5,26,16,15,51,51510,6 GRANDE RUE,48.781536,4.6433764,Plein jour,En agglomération,Hors intersection,Normale,Deux véhicules - côté,3,2,2,0,1,1,1,0,1,50,2,2,1,0,1,0,17.0,43.0,deux_roues,voiture,1,2,1,1,3
201900045691,2019-05-18 06:00:00,2019,5,18,6,0,51,51334,RN 4,48.7116933,4.6402479,Crépuscule ou aube,Hors agglomération,Hors intersection,Normale,Deux véhicules - frontale,2,2,2,0,1,3,1,3,1,80,2,2,1,0,1,0,24.0,40.0,voiture,utilitaire_camion,2,1,1,1,1
201900045692,2019-05-17 07:55:00,2019,5,17,7,55,51,51649,FAUBOURG DE VITRY LE BRULE,48.7289892,4.5920106,Plein jour,En agglomération,Hors intersection,Normale,Sans collision,3,2,2,0,1,1,1,0,1,50,1,2,1,0,1,0,41.0,,voiture,,1,2,1,1,7
201900045693,2019-05-15 09:40:00,2019,5,15,9,40,51,51340,RN 4,48.7433913,4.520556,Plein jour,Hors agglomération,Hors intersection,Normale,Deux véhicules - arrière,2,2,2,0,2,1,1,0,1,80,2,3,1,0,1,1,30.0,51.0,voiture,utilitaire_camion,1,1,1,1,2
201900045694,2019-05-17 13:15:00,2019,5,17,13,15,2A,2A064,RT 40,41.8545925,8.9611187,Plein jour,Hors agglomération,Hors intersection,Normale,Deux véhicules - frontale,2,2,2,0,2,1,1,0,1,80,2,5,3,0,2,0,33.0,27.0,voiture,voiture,1,1,1,1,1
201900045695,2019-05-13 17:00:00,2019,5,13,17,0,1,01424,Rue du Marquis de Sallmard,45.874893,4.965088,Plein jour,En agglomération,Place,Vent fort / tempête,Autre collision,6,-1,-1,0,1,1,1,9,8,-1,1,2,1,0,1,0,55.0,,voiture,,1,2,7,6,6
201900045696,2019-05-02 18:15:00,2019,5,2,18,15,1,01005,route de saint-jean de thrignieux,45.991172,4.902642,Plein jour,En agglomération,Hors intersection,Normale,Autre collision,3,-1,2,0,1,1,1,0,1,50,1,1,0,0,1,0,75.0,,voiture,,1,2,1,1,6
201900045697,2019-04-27 08:55:00,2019,4,27,8,55,1,01383,Intersection rue de DOMBES et RD1083,46.0959067,5.1240586,Plein jour,En agglomération,Intersection en T,Pluie légère,Deux véhicules - côté,3,2,2,0,1,2,2,0,1,70,2,5,1,0,0,4,42.0,23.0,voiture,voiture,1,2,3,2,3
201900045698,2019-05-06 20:15:00,2019,5,6,20,15,62,62295,Rue de Saint-Omer (Enquin-les-Mines),50.59005,2.281191,Plein jour,En agglomération,Hors intersection,Normale,Deux véhicules - arrière,3,2,2,0,2,1,1,0,1,50,2,4,3,0,0,1,20.0,17.0,voiture,voiture,1,2,1,1,2
201900045699,2019-05-21 06:30:00,2019,5,21,6,30,26,26379,Départementale 532,45.054143,4.9726,Crépuscule ou aube,Hors agglomération,Hors intersection,Normale,Deux véhicules - côté,3,2,2,0,1,1,1,0,1,80,2,2,0,1,0,1,59.0,21.0,deux_roues,voiture,2,1,1,1,3
201900045700,2019-05-30 02:00:00,2019,5,30,2,0,24,24108,les chats pendus,45.23005,0.612914,Nuit sans éclairage public,Hors agglomération,Hors intersection,Normale,Sans collision,3,2,2,0,1,1,1,0,3,80,1,1,0,0,1,0,47.0,,voiture,,3,1,1,1,7
201900045701,2019-05-06 12:15:00,2019,5,6,12,15,24,24010,Route de Saint-Astier,45.1719,0.59023,Plein jour,En agglomération,Hors intersection,Normale,Deux véhicules - arrière,3,2,2,0,1,1,1,0,1,50,2,2,1,0,1,0,29.0,54.0,utilitaire_camion,deux_roues,1,2,1,1,2
201900045702,2019-05-05 14:40:00,2019,5,5,14,40,24,24372,jevah,45.140095,0.549017,Plein jour,Hors agglomération,Giratoire,Normale,Sans collision,3,1,1,0,1,2,1,5,1,70,1,1,0,0,1,0,54.0,,utilitaire_camion,,1,1,6,1,7
201900045703,2019-05-29 15:00:00,2019,5,29,15,0,83,83136,D17,43.44045,6.317755,Plein jour,Hors agglomération,Hors intersection,Normale,Sans collision,3,2,2,0,1,1,1,0,1,70,1,2,1,1,0,0,35.0,,utilitaire_camion,,1,1,1,1,7
201900045704,2019-06-12 16:46:00,2019,6,12,16,46,86,86194,JEAN BRUNET (RUE),46.1947,0.1947,Plein jour,En agglomération,Hors intersection,Normale,Deux véhicules - côté,4,2,3,0,1,1,1,0,1,50,2,2,1,0,0,1,22.0,54.0,voiture,deux_roues,1,2,1,1,3
201900045705,2019-06-09 18:45:00,2019,6,9,18,45,86,86041,RN 147 BUXEROLLES,46.3503,0.2336,Plein jour,Hors agglomération,Hors intersection,Normale,Deux véhicules - arrière,2,3,4,0,1,1,1,0,1,110,2,4,2,0,0,2,69.0,35.0,utilitaire_camion,voiture,1,1,1,1,2
201900045706,2019-06-11 07:40:00,2019,6,11,7,40,86,86194,QUINCAY (RUE DE),46.58984,0.32694,Plein jour,En agglomération,Hors intersection,Pluie légère,Autre collision,4,2,2,0,1,1,2,0,1,50,2,2,1,0,0,1,33.0,54.0,utilitaire_camion,voiture,1,2,1,2,6
201900045707,2019-06-06 16:05:00,2019,6,6,16,5,86,86194,GIBAUDERIE (RUE DE LA),46.5525192,0.386804,Plein jour,En agglomération,Giratoire,Normale,Deux véhicules - côté,4,2,2,0,1,1,1,0,1,50,2,2,1,0,0,1,85.0,23.0,voiture,deux_roues,1,2,6,1,3
201900045708,2019-06-05 08:40:00,2019,6,5,8,40,86,86194,Route Départementale 910,46.5773,0.315,Plein jour,En agglomération,Hors intersection,Pluie forte,Autre collision,3,-1,4,0,3,1,2,0,1,50,1,2,1,0,0,1,53.0,,voiture,,1,2,1,3,6
201900045709,2019-05-31 11:05:00,2019,5,31,11,5,86,86194,8 MAI 1945 (AVENUE DU),46.5607488,0.314151,Plein jour,En agglomération,Hors intersection,Temps éblouissant,Autre collision,4,1,1,0,1,2,1,0,1,50,1,1,0,0,0,1,56.0,,deux_roues,,1,2,1,7,6
201900045710,2019-05-30 02:40:00,2019,5,30,2,40,86,86066,RASSETEAU (RUE AIME),46.81305,0.54303,Nuit avec éclairage allumé,En agglomération,Intersection en X,Normale,Deux véhicules - côté,4,2,2,0,1,1,1,5,1,50,2,3,1,0,0,2,20.0,27.0,voiture,voiture,5,2,2,1,3
201900045711,2019-06-16 09:25:00,2019,6,16,9,25,85,85194, RUE DES DEUX PHARES,46.49211,-1.77191,Plein jour,En agglomération,Hors intersection,Normale,Autre collision,4,1,1,0,2,1,1,0,1,50,2,2,1,0,1,0,69.0,62.0,deux_roues,voiture,1,2,1,1,6
201900045712,2019-05-30 17:55:00,2019,5,30,17,55,85,85194, ROND POINT DE LA VANNERIE,46.51554,-1.75875,Plein jour,En agglomération,Hors intersection,Normale,Deux véhicules - arrière,3,-1,0,0,1,1,1,0,3,50,2,3,1,0,0,2,25.0,61.0,deux_roues,voiture,1,2,1,1,2
201900045713,2019-05-29 17:25:00,2019,5,29,17,25,85,85194,PROMENADE DU PRESIDENT JF KENNEDY,46.48495,-1.76572,Plein jour,En agglomération,Hors intersection,Normale,Autre collision,4,2,2,0,1,1,1,0,1,50,1,2,1,0,1,0,72.0,,voiture,,1,2,1,1,6
201900045714,2019-06-03 17:20:00,2019,6,3,17,20,85,85191,Bande Cyclable Départementale,46.6834,-1.43882,Plein jour,En agglomération,Autre intersection,Normale,Autre collision,9,2,1,1,1,1,1,9,1,25,1,1,0,0,1,0,,,,,1,2,9,1,6
201900045715,2019-05-31 16:15:00,2019,5,31,16,15,85,85191,RD 42 RTE DE VENANSAULT,46.67003,-1.47207,Plein jour,Hors agglomération,Hors intersection,Normale,Autre collision,3,2,0,0,1,1,1,0,3,80,1,1,0,0,0,1,47.0,,voiture,,1,1,1,1,6
201900045716,2019-06-01 08:55:00,2019,6,1,8,55,84,84087,LIBERATION (PLACE DE LA),44.13609,4.80088,Plein jour,En agglomération,Autre intersection,Normale,Autre collision,6,1,1,3,1,1,1,9,2,50,1,2,1,0,1,0,28.0,,voiture,,1,2,9,1,6
201900045717,2019-09-16 09:26:00,2019,9,16,9,26,84,84035,ROBION-RD2 (ROUTE DE),43.8431,5.07474,Plein jour,Hors agglomération,Intersection en Y,Normale,Deux véhicules - côté,3,2,2,0,1,1,1,0,1,70,2,2,1,0,1,0,16.0,84.0,deux_roues,voiture,1,1,4,1,3
201900045718,2019-07-06 05:59:00,2019,7,6,5,59,84,84035,BANON (ROUTE DE),43.8846,4.9846,Plein jour,Hors agglomération,Hors intersection,Normale,Deux véhicules - frontale,3,2,2,0,1,1,1,0,1,80,2,3,0,1,2,0,32.0,68.0,voiture,voiture,1,1,1,1,1
201900045719,2019-04-11 20:34:00,2019,4,11,20,34,84,84007,TROIS FAUCONS (rue des),43.94512,4.80742,Crépuscule ou aube,En agglomération,Intersection en X,Normale,Deux véhicules - côté,4,4,0,3,1,1,1,6,1,20,2,2,1,0,1,0,32.0,24.0,voiture,deux_roues,2,2,2,1,3
201900045720,2019-05-21 14:00:00,2019,5,21,14,0,84,84007,ARBAUD (RUE JOSEPH D'),43.92652,4.81129,Plein jour,En agglomération,Intersection en T,Normale,Deux véhicules - frontale,4,2,2,1,2,1,1,0,1,30,2,2,1,0,1,0,42.0,59.0,voiture,deux_roues,1,2,3,1,1
201900045721,2019-03-21 10:38:00,2019,3,21,10,38,84,84007,LIMBERT (Boulevard),43.9465,4.81737,Plein jour,En agglomération,Hors intersection,Normale,Deux véhicules - frontale,4,2,-1,1,1,1,1,0,1,50,2,2,1,0,1,0,30.0,20.0,deux_roues,voiture,1,2,1,1,1
201900045722,2019-06-11 22:40:00,2019,6,11,22,40,83,83137,JOFFRE (BD MARECHAL),43.12348,5.94811,Nuit avec éclairage allumé,En agglomération,Intersection en X,Normale,Deux véhicules - côté,4,-1,2,0,1,1,1,5,1,50,2,4,1,0,0,3,20.0,25.0,voiture,voiture,5,2,2,1,3
201900045723,2019-06-12 21:13:00,2019,6,12,21,13,83,83137,CLEMENCEAU (BD GEORGES),43.1227,5.939,Nuit avec éclairage allumé,En agglomération,Autre intersection,Normale,Deux véhicules - côté,4,2,3,0,1,1,1,0,1,50,2,2,0,0,0,2,27.0,49.0,deux_roues,deux_roues,5,2,9,1,3
201900045724,2019-06-12 19:40:00,2019,6,12,19,40,83,83137,ARMARIS (BD DES),43.126056,5.981326,Plein jour,En agglomération,Hors intersection,Normale,Deux véhicules - frontale,9,2,4,0,1,1,1,0,1,30,2,2,1,0,0,1,36.0,27.0,voiture,deux_roues,1,2,1,1,1
201900045725,2019-06-12 14:50:00,2019,6,12,14,50,83,83090,GORGES (ROUTE DES),43.148436,5.846722,Plein jour,Hors agglomération,Hors intersection,Normale,Deux véhicules - frontale,3,2,2,0,1,3,1,0,1,70,2,6,1,0,1,4,35.0,91.0,voiture,voiture,1,1,1,1,1
201900045726,2019-06-12 12:20:00,2019,6,12,12,20,83,83137,,43.1527235,5.9645624,Plein jour,Hors agglomération,Hors intersection,Normale,Deux véhicules - côté,3,2,2,0,2,3,1,0,1,50,2,3,0,0,1,2,77.0,42.0,voiture,autre,1,1,1,1,3
201900045727,2019-06-12 07:21:00,2019,6,12,7,21,83,83137,RAMEAU (RUE JP),43.11848,5.94105,Plein jour,En agglomération,Autre intersection,Temps éblouissant,Autre collision,4,2,2,2,1,3,1,9,1,50,1,2,1,0,0,1,34.0,,voiture,,1,2,9,7,6
201900045728,2019-06-11 18:40:00,2019,6,11,18,40,83,83144,UNIVERSITE (AVE DE L'),43.13807,6.01507,Plein jour,En agglomération,Hors intersection,Normale,Deux véhicules - côté,4,2,2,0,1,1,1,0,1,50,2,2,1,0,1,0,16.0,31.0,deux_roues,utilitaire_camion,1,2,1,1,3
201900045729,2019-06-11 17:20:00,2019,6,11,17,20,83,83137,STRASBOURG (BD DE ),43.125,5.932,Plein jour,En agglomération,Hors intersection,Normale,Autre collision,4,2,6,3,1,1,1,0,1,50,2,2,1,0,0,1,29.0,57.0,deux_roues,voiture,1,2,1,1,6
201900045730,2019-06-08 22:25:00,2019,6,8,22,25,83,83137,REPUBLIQUE (AVE DE LA),43.119604,5.933431,Nuit avec éclairage allumé,En agglomération,Hors intersection,Normale,Autre collision,4,3,4,0,1,1,1,0,1,50,1,2,1,0,0,1,66.0,,voiture,,5,2,1,1,6
201900045731,2019-06-08 12:30:00,2019,6,8,12,30,83,83137,BRIAND (AVE ARISTIDE DE 1 A 1219,43.12743,5.90477,Plein jour,En agglomération,Hors intersection,Normale,Trois véhicules et plus - collisions multiples,4,2,2,0,1,1,1,0,1,30,3,2,1,0,1,0,49.0,17.0,voiture,deux_roues,1,2,1,1,5
201900045732,2019-06-06 16:45:00,2019,6,6,16,45,83,83090,REPUBLIQUE (RUE DE LA),43.13679,5.84708,Plein jour,En agglomération,Hors intersection,Normale,Trois véhicules et plus - en chaîne,4,2,1,0,1,1,1,0,2,50,4,5,4,0,0,1,86.0,78.0,voiture,deux_roues,1,2,1,1,4
201900045733,2019-06-05 10:10:00,2019,6,5,10,10,83,83137,LEBON (AVE PHILIPPE),43.12271,5.9339,Plein jour,En agglomération,Intersection en T,Normale,Deux véhicules - côté,4,1,2,0,1,1,1,0,1,50,2,2,1,0,1,0,60.0,83.0,deux_roues,voiture,1,2,3,1,3
201900045734,2019-06-12 10:05:00,2019,6,12,10,5,83,83126,MERLE (BD TOUSSAINT),43.10111,5.88854,Plein jour,En agglomération,Hors intersection,Normale,Autre collision,4,2,2,0,1,1,1,0,1,30,1,2,1,0,0,1,62.0,,voiture,,1,2,1,1,6
201900045735,2019-06-02 15:50:00,2019,6,2,15,50,83,83126,GIOVANNINI (CORNICHE PHILIPPE),43.102601,5.901936,Plein jour,Hors agglomération,Hors intersection,Normale,Deux véhicules - frontale,4,2,2,0,1,2,1,0,1,50,2,2,1,0,1,0,38.0,55.0,voiture,voiture,1,1,1,1,1
201900045736,2019-05-30 10:50:00,2019,5,30,10,50,83,83126,JUIN (AV MARECHAL),43.10711,5.87517,Plein jour,En agglomération,Hors intersection,Normale,Autre collision,3,3,4,0,1,1,1,0,1,50,1,2,0,0,1,1,17.0,,deux_roues,,1,2,1,1,6
201900045737,2019-06-16 21:00:00,2019,6,16,21,0,83,83009,PIERRE PUGET (BD),43.139727,5.754776,Plein jour,En agglomération,Hors intersection,Normale,Deux véhicules - frontale,4,2,2,0,2,1,1,0,1,50,2,4,1,0,0,3,30.0,34.0,voiture,voiture,1,2,1,1,1
201900045738,2019-06-10 10:15:00,2019,6,10,10,15,83,83129,MER (AVENUE DE LA) ,43.10505,5.81701,Plein jour,En agglomération,Hors intersection,Normale,Deux véhicules - côté,4,2,2,0,1,1,1,0,1,50,2,2,0,0,0,2,38.0,23.0,deux_roues,deux_roues,1,2,1,1,3
201900045739,2019-06-17 18:59:00,2019,6,17,18,59,83,83034,,43.09247,6.07714,Plein jour,En agglomération,Hors intersection,Normale,Autre collision,3,1,2,0,1,1,1,0,1,50,1,2,1,0,0,1,48.0,,utilitaire_camion,,1,2,1,1,6
201900045740,2019-06-02 13:20:00,2019,6,2,13,20,83,83034,RUE DES 3 PINS,43.09958,6.06317,Plein jour,Hors agglomération,Hors intersection,Normale,Trois véhicules et plus - collisions multiples,3,2,2,0,1,1,1,9,1,50,3,3,2,0,0,1,43.0,33.0,voiture,voiture,1,1,1,1,5
201900045741,2019-06-08 21:20:00,2019,6,8,21,20,83,83118,PROMENADE RENÉ COTY,43.42175,6.76767,Crépuscule ou aube,En agglomération,Autre intersection,Normale,Autre collision,3,1,1,0,1,1,1,0,1,50,1,3,2,0,1,0,19.0,,voiture,,2,2,9,1,6
201900045742,2019-06-06 18:50:00,2019,6,6,18,50,83,83061,D8,43.42547,6.71442,Plein jour,Hors agglomération,Autre intersection,Normale,Deux véhicules - côté,3,2,2,0,1,1,1,5,1,80,2,3,0,1,0,2,31.0,74.0,voiture,utilitaire_camion,1,1,9,1,3
201900045743,2019-06-16 00:20:00,2019,6,16,0,20,82,82033,GARNOUILLAC VC 79 (CHEMIN DE),44.05565,1.10559,Nuit avec éclairage allumé,En agglomération,Hors intersection,Normale,Autre collision,4,2,2,0,1,2,1,0,1,50,1,1,0,0,0,1,64.0,,voiture,,5,2,1,1,6
201900045744,2019-06-13 18:05:00,2019,6,13,18,5,81,81060,MALROUX (BD AUGUSTIN),44.04871,2.15321,Plein jour,En agglomération,Hors intersection,Normale,Deux véhicules - frontale,9,2,2,0,1,1,1,0,1,50,2,2,1,0,1,0,48.0,60.0,voiture,deux_roues,1,2,1,1,1
201900045745,2019-06-11 12:42:00,2019,6,11,12,42,81,81060,CROIX DU MARQUIS (CARREFOUR),44.0502759,2.1462339,Plein jour,En agglomération,Giratoire,Normale,Deux véhicules - côté,3,1,1,0,1,2,1,5,1,50,2,2,1,0,1,0,54.0,16.0,voiture,deux_roues,1,2,6,1,3
201900045746,2019-06-06 17:40:00,2019,6,6,17,40,81,81004,PALAIS (ET PL DU),43.92659,2.14603,Plein jour,En agglomération,Hors intersection,Normale,Autre collision,4,1,1,0,1,1,1,0,1,50,1,2,1,0,0,1,22.0,,utilitaire_camion,,1,2,1,1,6
201900045747,2019-06-02 19:15:00,2019,6,2,19,15,81,81004,GAILLAGUES (CHEM DE),43.95538,2.13669,Plein jour,En agglomération,Hors intersection,Normale,Deux véhicules - frontale,4,2,2,0,4,3,1,0,1,50,2,2,1,0,0,1,32.0,35.0,voiture,voiture,1,2,1,1,1
201900045748,2019-06-17 13:22:00,2019,6,17,13,22,80,80021,"493, AV DU QUATORZE JUILLET 1789",49.87492,2.28157,Plein jour,En agglomération,Hors intersection,Normale,Deux véhicules - côté,4,2,4,0,1,1,1,0,1,50,2,2,1,0,0,1,53.0,39.0,deux_roues,utilitaire_camion,1,2,1,1,3