accident_id,datetime,annee,mois,jour,heure,minute,departement,commune_insee,adresse,latitude,longitude,luminosite,agglomeration,intersection,meteo,collision,catr,circ,nbv,vosp,prof,plan,surf,infra,situ,vma,nb_vehicules,nb_usagers,nb_indemnes,nb_tues,nb_blesses_hosp,nb_blesses_legers,age_cond_1,age_cond_2,veh_type_cond_1,veh_type_cond_2,lum_code,agg_code,int_code,atm_code,col_code
201900045749,2019-06-17 16:35:00,2019,6,17,16,35,80,80021,BATONNIER MAHIU (RUE DU),49.8961491,2.2746527,Plein jour,En agglomération,Hors intersection,Normale,Autre collision,4,2,2,0,1,1,1,0,1,50,1,2,1,0,0,1,15.0,,deux_roues,,1,2,1,1,6
201900045750,2019-06-14 07:15:00,2019,6,14,7,15,80,80021,R DE VIGNACOURT ,49.905868,2.289663,Plein jour,En agglomération,Hors intersection,Pluie légère,Deux véhicules - côté,4,2,2,0,2,1,2,0,1,50,2,2,1,0,0,1,54.0,26.0,deux_roues,voiture,1,2,1,2,3
201900045751,2019-06-16 21:10:00,2019,6,16,21,10,80,80001,R DU CHEVALIER LA BARRE ,50.10558,1.82957,Plein jour,En agglomération,Hors intersection,Normale,Autre collision,4,2,2,0,2,1,1,0,1,50,1,2,1,0,0,1,28.0,,voiture,,1,2,1,1,6
201900045752,2019-06-14 17:40:00,2019,6,14,17,40,80,80021,BD DE BAPAUME,49.8802,2.310532,Plein jour,En agglomération,Hors intersection,Normale,Trois véhicules et plus - en chaîne,4,2,3,0,1,1,1,0,1,50,3,4,2,0,0,2,29.0,52.0,voiture,voiture,1,2,1,1,4
201900045753,2019-06-12 08:50:00,2019,6,12,8,50,80,80021,ABBEVILLE (RUE D'),49.91079,2.25661,Plein jour,En agglomération,Hors intersection,Pluie légère,Deux véhicules - côté,4,2,2,0,1,1,2,0,1,50,2,2,1,0,0,1,48.0,70.0,deux_roues,voiture,1,2,1,2,3
201900045754,2019-06-12 20:00:00,2019,6,12,20,0,80,80131,,49.84596,2.41942,Plein jour,Hors agglomération,Hors intersection,Temps couvert,Deux véhicules - côté,3,3,4,0,4,1,1,0,1,90,2,2,1,1,0,0,22.0,26.0,utilitaire_camion,voiture,1,1,1,8,3
201900045755,2019-06-11 09:15:00,2019,6,11,9,15,80,80021,"11, R SAINT GERMAIN",49.89626,2.29634,Plein jour,En agglomération,Intersection en T,Normale,Deux véhicules - côté,4,1,2,0,1,1,1,0,1,50,2,1,0,0,0,1,21.0,,deux_roues,,1,2,3,1,3
201900045756,2019-06-11 17:40:00,2019,6,11,17,40,80,80256,"421, AV LOUIS PASTEUR",49.913582,2.235548,Plein jour,En agglomération,Hors intersection,Normale,Deux véhicules - côté,4,2,2,0,1,1,1,0,1,50,2,2,1,0,0,1,18.0,28.0,deux_roues,voiture,1,2,1,1,3
201900045757,2019-06-10 11:55:00,2019,6,10,11,55,80,80021,AV DU QUATORZE JUILLET 1789,49.875542,2.281749,Plein jour,En agglomération,Hors intersection,Normale,Deux véhicules - côté,4,3,2,0,1,1,1,0,1,50,2,2,1,0,0,1,88.0,46.0,voiture,voiture,1,2,1,1,3
201900045758,2019-06-05 09:40:00,2019,6,5,9,40,80,80021,PROMENADE DU SOUVENIR,49.88885,2.28082,Plein jour,En agglomération,Hors intersection,Normale,Autre collision,4,2,2,0,1,1,1,0,1,50,1,2,1,0,1,0,76.0,,voiture,,1,2,1,1,6
201900045759,2019-06-02 18:18:00,2019,6,2,18,18,80,80021,"4, AV DE LA PAIX",49.91165,2.3079,Plein jour,En agglomération,Hors intersection,Normale,Deux véhicules - côté,4,2,2,0,1,1,1,0,1,50,2,3,1,1,1,0,21.0,24.0,deux_roues,voiture,1,2,1,1,3
201900045760,2019-06-18 20:35:00,2019,6,18,20,35,80,80001,R DU CHEVALIER LA BARRE ,50.10558,1.82957,Plein jour,En agglomération,Intersection en X,Normale,Deux véhicules - côté,4,1,1,0,1,1,1,0,1,50,2,3,2,0,1,0,75.0,34.0,voiture,deux_roues,1,2,2,1,3
201900045761,2019-06-17 14:09:00,2019,6,17,14,9,80,80001,AV DU PRESIDENT VINCENT AURIOL,50.09883,1.85516,Plein jour,En agglomération,Hors intersection,Normale,Sans collision,4,2,1,0,1,1,1,6,1,50,1,2,1,1,0,0,67.0,,voiture,,1,2,1,1,7
201900045762,2019-06-07 11:38:00,2019,6,7,11,38,80,80021,PROMENADE DU SOUVENIR,49.88885,2.28082,Plein jour,En agglomération,Hors intersection,Normale,Autre collision,4,1,1,0,1,2,2,0,1,50,1,2,1,0,0,1,63.0,,voiture,,1,2,1,1,6
201900045763,2019-06-14 10:28:00,2019,6,14,10,28,79,79329,5 boulevard Pierre Curie,46.97971,-0.21659,Plein jour,En agglomération,Hors intersection,Normale,Autre collision,3,2,3,-1,1,1,1,5,1,50,1,2,1,0,0,1,62.0,,deux_roues,,1,2,1,1,6
201900045764,2019-05-30 09:35:00,2019,5,30,9,35,79,79329,33 avenue Henri Barbusse,46.9844,-0.2107,Plein jour,En agglomération,Hors intersection,Normale,Autre collision,4,2,2,0,2,1,1,0,1,50,1,2,1,0,0,1,19.0,,voiture,,1,2,1,1,6
201900045765,2019-06-15 10:30:00,2019,6,15,10,30,79,79191,TELOUZE,46.34512,-0.48439,Plein jour,En agglomération,Intersection en T,Temps couvert,Autre collision,4,2,2,0,1,1,1,0,1,50,1,2,1,0,1,0,44.0,,utilitaire_camion,,1,2,3,8,6
201900045766,2019-06-11 04:20:00,2019,6,11,4,20,79,79191,Avenue de Paris,46.333573,-0.43217,Nuit avec éclairage allumé,En agglomération,Hors intersection,Pluie légère,Autre collision,3,3,4,0,1,1,2,1,1,50,1,2,1,0,1,0,49.0,,voiture,,5,2,1,2,6
201900045767,2019-05-30 19:10:00,2019,5,30,19,10,79,79191,9 rue Jean-Baptiste Berlier,46.33909,-0.41628,Plein jour,En agglomération,Hors intersection,Normale,Deux véhicules - frontale,4,2,2,0,1,4,1,0,1,50,2,5,4,0,0,1,52.0,28.0,voiture,voiture,1,2,1,1,1
201900045768,2019-06-06 20:50:00,2019,6,6,20,50,78,78126,n°2 SAUT DU LOUP (AVENUE DU),48.83908,2.12934,Plein jour,En agglomération,Hors intersection,Normale,Deux véhicules - côté,4,-1,2,0,1,1,1,0,3,30,2,2,1,0,0,1,16.0,24.0,autre,voiture,1,2,1,1,3
201900045769,2019-06-16 21:25:00,2019,6,16,21,25,78,78311,PIERRE JOSEPH PROUDHON (RUE),48.9338,2.19925,Plein jour,En agglomération,Hors intersection,Normale,Autre collision,4,2,2,0,1,1,1,0,1,50,1,2,1,0,0,1,32.0,,voiture,,1,2,1,1,6
201900045770,2019-06-16 22:44:00,2019,6,16,22,44,78,78358,PARIS (RUE DE),48.9459,2.15146,Nuit avec éclairage non allumé,En agglomération,Hors intersection,Normale,Deux véhicules - côté,3,2,2,0,2,1,1,0,3,50,2,2,1,0,1,0,52.0,21.0,voiture,deux_roues,4,2,1,1,3
201900045771,2019-06-11 13:30:00,2019,6,11,13,30,78,78586,BERTEAUX (MAURICE) N°137 A FIN,48.93706,2.173364,Plein jour,En agglomération,Hors intersection,Temps couvert,Deux véhicules - côté,3,1,2,0,1,4,1,5,3,50,2,2,1,0,1,0,48.0,49.0,deux_roues,voiture,1,2,1,8,3
201900045772,2019-06-16 18:40:00,2019,6,16,18,40,78,78220,RD 202,48.70703,1.91936,Plein jour,Hors agglomération,Hors intersection,Normale,Sans collision,3,2,2,0,1,3,1,0,1,70,1,1,0,0,1,0,24.0,,deux_roues,,1,1,1,1,7
201900045773,2019-06-01 23:45:00,2019,6,1,23,45,78,78486,VERGERS (RUE DES),48.6967,1.85457,Nuit avec éclairage allumé,En agglomération,Hors intersection,Normale,Sans collision,4,-1,2,0,1,2,1,0,3,50,1,1,0,1,0,0,22.0,,autre,,5,2,1,1,7
201900045774,2019-05-26 16:30:00,2019,5,26,16,30,78,78490,LAURENT (AVENUE MARC),48.821757,1.944597,Plein jour,En agglomération,Intersection en T,Normale,Deux véhicules - côté,4,2,2,0,1,1,1,0,1,50,2,5,0,0,0,5,34.0,38.0,voiture,voiture,1,2,3,1,3
201900045775,2019-06-15 23:25:00,2019,6,15,23,25,78,78440,VERNEUIL (ROUTE DE),48.996562,1.928324,Nuit avec éclairage allumé,Hors agglomération,Hors intersection,Normale,Trois véhicules et plus - collisions multiples,3,2,2,0,2,1,1,2,3,50,3,3,1,0,0,2,47.0,47.0,voiture,voiture,5,1,1,1,5
201900045776,2019-06-07 14:03:00,2019,6,7,14,3,78,78362,AVENUE DU BREUIL,48.96952,1.71715,Plein jour,En agglomération,Intersection en X,Normale,Autre collision,3,3,4,0,2,1,1,0,2,50,2,3,0,1,0,2,31.0,50.0,voiture,voiture,1,2,2,1,6
201900045777,2019-06-16 14:12:00,2019,6,16,14,12,78,78172,MARTYRS DE LA RESISTANCE (QUAI DES),48.99166,2.09572,Plein jour,En agglomération,Hors intersection,Normale,Autre collision,4,2,1,0,1,1,1,6,1,30,1,2,0,0,0,2,20.0,,deux_roues,,1,2,1,1,6
201900045778,2019-06-13 17:05:00,2019,6,13,17,5,78,78498,CASTILLE AV BLANCHE DE,48.92252,2.027849,Plein jour,En agglomération,Hors intersection,Normale,Autre collision,4,2,2,0,1,1,1,0,3,50,1,2,1,0,1,0,33.0,,voiture,,1,2,1,1,6
201900045779,2019-06-05 14:31:00,2019,6,5,14,31,78,78015,CHANTELOUP (RUE DE),48.96742,2.04568,Plein jour,En agglomération,Hors intersection,Pluie forte,Autre collision,4,2,2,0,2,2,2,0,3,50,1,18,7,0,0,11,47.0,,transport_commun,,1,2,1,3,6
201900045780,2019-06-01 14:00:00,2019,6,1,14,0,78,78498,SAINT BARTHELEMY RUE,48.9184,2.0377,Plein jour,En agglomération,Hors intersection,Normale,Autre collision,4,1,1,0,1,1,1,0,1,50,1,2,1,0,0,1,67.0,,voiture,,1,2,1,1,6
201900045781,2019-05-31 11:45:00,2019,5,31,11,45,78,78382,LECLERC (RUE DU MARECHAL),48.99553,2.06299,Plein jour,En agglomération,Intersection en T,Normale,Autre collision,4,1,1,0,1,3,1,0,1,30,1,2,1,0,0,1,62.0,,voiture,,1,2,3,1,6
201900045782,2019-06-08 03:45:00,2019,6,8,3,45,77,77350,RN4,48.768,2.6446,Nuit sans éclairage public,Hors agglomération,Hors intersection,Pluie légère,Sans collision,2,3,4,0,1,1,2,0,1,90,1,1,0,0,0,1,19.0,,voiture,,3,1,1,2,7
201900045783,2019-05-31 20:15:00,2019,5,31,20,15,77,77350,MAURICE CHEVALIER (AVENUE),48.76846,2.68906,Plein jour,En agglomération,Giratoire,Normale,Deux véhicules - côté,4,2,1,0,1,3,1,0,1,30,2,2,1,0,0,1,15.0,46.0,deux_roues,voiture,1,2,6,1,3
201900045784,2019-06-02 22:12:00,2019,6,2,22,12,77,77468,D128 X D199,48.84557,2.64724,Nuit avec éclairage allumé,En agglomération,Intersection en T,Normale,Deux véhicules - côté,3,3,4,0,1,1,1,5,1,50,2,3,2,0,0,1,45.0,19.0,deux_roues,voiture,5,2,3,1,3
201900045785,2019-06-15 21:30:00,2019,6,15,21,30,77,77333,D607 - PIERRE-LE-SAULT (ROUTE DE),48.2408,2.70845,Crépuscule ou aube,Hors agglomération,Hors intersection,Normale,Autre collision,3,2,2,0,1,1,1,9,1,70,1,1,0,1,0,0,57.0,,deux_roues,,2,1,1,1,6
201900045786,2019-06-17 18:45:00,2019,6,17,18,45,77,77494,D210 X D39A,48.41864,2.87905,Plein jour,Hors agglomération,Intersection en X,Normale,Trois véhicules et plus - collisions multiples,3,2,2,0,1,1,1,0,1,80,3,3,1,0,2,0,49.0,29.0,voiture,voiture,1,1,2,1,5
201900045787,2019-06-15 09:25:00,2019,6,15,9,25,77,77482,D605-SENS (ROUTE DE),48.37218,2.95769,Plein jour,En agglomération,Hors intersection,Normale,Deux véhicules - frontale,3,2,2,0,2,1,1,2,1,50,2,2,0,0,1,1,66.0,19.0,voiture,voiture,1,2,1,1,1
201900045788,2019-06-13 13:35:00,2019,6,13,13,35,77,77445,MURILLO (RUE BARTOLOME),48.58091,2.577404,Plein jour,En agglomération,Intersection en T,Normale,Deux véhicules - côté,4,2,2,0,1,1,1,0,1,50,2,3,2,0,1,0,28.0,43.0,deux_roues,voiture,1,2,3,1,3
201900045789,2019-06-06 00:20:00,2019,6,6,0,20,77,77122,SOMMEVILLE(RUE),48.66635,2.559483,Nuit avec éclairage allumé,En agglomération,Hors intersection,Pluie légère,Autre collision,4,1,1,0,1,3,2,0,2,30,1,1,0,0,1,0,38.0,,deux_roues,,5,2,1,2,6
201900045790,2019-06-02 15:35:00,2019,6,2,15,35,77,77450,D 51,48.72499,2.59511,Plein jour,Hors agglomération,Hors intersection,Normale,Deux véhicules - côté,3,2,2,0,1,3,1,0,1,70,2,2,1,0,0,1,26.0,76.0,voiture,deux_roues,1,1,1,1,3
201900045791,2019-06-13 18:12:00,2019,6,13,18,12,77,77276,RD 228,48.91297,2.90332,Plein jour,Hors agglomération,Hors intersection,Normale,Deux véhicules - côté,3,2,2,0,2,1,1,0,1,80,2,3,0,1,2,0,25.0,68.0,voiture,voiture,1,1,1,1,3
201900045792,2019-06-13 08:44:00,2019,6,13,8,44,77,77284,D603 X COURS RAOULT,48.95769,2.88183,Plein jour,En agglomération,Intersection en X,Normale,Autre collision,3,3,4,0,1,1,1,5,1,15,1,2,1,0,0,1,59.0,,voiture,,1,2,2,1,6
201900045793,2019-06-13 15:35:00,2019,6,13,15,35,77,77058,D35-LAGNY (BOULEVARD DE),48.8335,2.7059,Plein jour,En agglomération,Hors intersection,Normale,Autre collision,3,3,3,-1,1,1,1,0,1,50,2,2,1,0,0,1,25.0,36.0,deux_roues,voiture,1,2,1,1,6
201900045794,2019-06-07 08:20:00,2019,6,7,8,20,77,77243,D231 X RUE DOCTEUR DEMARS,48.873778,2.724927,Plein jour,En agglomération,Intersection en T,Pluie légère,Autre collision,3,2,2,0,1,1,2,5,1,50,1,1,0,0,1,0,,,,,1,2,3,2,6
201900045795,2019-06-07 06:50:00,2019,6,7,6,50,77,77085,D5 X VC TEMPS MODERNES,48.86023,2.75345,Plein jour,En agglomération,Intersection en X,Pluie légère,Deux véhicules - côté,3,2,2,0,1,1,2,5,1,50,2,2,1,0,0,1,25.0,57.0,deux_roues,voiture,1,2,2,2,3
201900045796,2019-06-02 02:50:00,2019,6,2,2,50,77,77479,D934-THIEBAULT (AVENUE VICTOR),48.88303,2.64434,Nuit sans éclairage public,Hors agglomération,Hors intersection,Normale,Deux véhicules - frontale,3,2,2,0,1,1,1,0,1,80,2,2,1,0,1,0,38.0,25.0,voiture,voiture,3,1,1,1,1
201900045797,2019-06-18 00:40:00,2019,6,18,0,40,76,76540,LECANUET. RUE JEAN,49.44473,1.09218,Nuit avec éclairage allumé,En agglomération,Intersection en X,Normale,Deux véhicules - côté,4,2,2,0,1,1,1,0,1,50,2,4,0,0,4,0,21.0,53.0,voiture,voiture,5,2,2,1,3
201900045798,2019-06-14 18:10:00,2019,6,14,18,10,76,76540,CAEN. AVENUE DE,49.43016,1.07696,Plein jour,En agglomération,Hors intersection,Normale,Autre collision,3,2,2,0,1,1,1,0,1,50,1,2,1,0,1,0,36.0,,voiture,,1,2,1,1,6
201900045799,2019-06-11 09:00:00,2019,6,11,9,0,76,76498,SUD III (RN 338),49.41969,1.05001,Plein jour,Hors agglomération,Hors intersection,Normale,Autre collision,2,1,2,0,1,1,1,0,1,90,1,1,0,0,1,0,,,,,1,1,1,1,6
201900045800,2019-06-09 17:30:00,2019,6,9,17,30,76,76157,VALETTE. RUE DE LA (CD 51),49.46308,1.04116,Plein jour,Hors agglomération,Intersection en Y,Normale,Trois véhicules et plus - collisions multiples,3,2,3,0,1,1,1,0,1,50,3,4,1,0,1,2,16.0,16.0,deux_roues,deux_roues,1,1,4,1,5
201900045801,2019-06-07 22:50:00,2019,6,7,22,50,76,76540,ROCADE Nord-Est,49.45178,1.14564,Nuit avec éclairage allumé,Hors agglomération,Hors intersection,Normale,Sans collision,2,1,2,0,2,2,2,0,1,90,1,2,0,0,1,1,24.0,,voiture,,5,1,1,1,7
201900045802,2019-06-07 14:00:00,2019,6,7,14,0,76,76540,LECANUET. RUE JEAN,49.44467,1.09213,Plein jour,En agglomération,Intersection en X,Normale,Autre collision,4,2,2,0,1,1,1,0,1,30,1,3,1,0,0,2,33.0,,voiture,,1,2,2,1,6
201900045803,2019-06-05 21:05:00,2019,6,5,21,5,76,76540,GALLIENI. RUE DU MARECHAL,49.41786,1.07681,Plein jour,En agglomération,Intersection en X,Normale,Deux véhicules - arrière,4,2,2,0,1,1,1,0,1,50,2,2,0,0,0,2,25.0,36.0,voiture,voiture,1,2,2,1,2
201900045804,2019-06-04 17:50:00,2019,6,4,17,50,76,76108,EGLISE. RUE DE L',49.46686,1.10798,Plein jour,En agglomération,Intersection en X,Normale,Deux véhicules - côté,4,2,2,0,1,1,1,0,1,50,2,3,1,0,0,2,67.0,52.0,voiture,voiture,1,2,2,1,3
201900045805,2019-06-01 15:00:00,2019,6,1,15,0,76,76540,SAINT SEVER. RUE,49.43479,1.0936,Plein jour,En agglomération,Intersection en X,Normale,Deux véhicules - côté,4,3,2,0,1,1,1,0,1,50,2,2,1,0,0,1,41.0,52.0,deux_roues,voiture,1,2,2,1,3
201900045806,2019-05-30 19:25:00,2019,5,30,19,25,76,76540,CORNEILLE. QUAI (HAUT) PIERRE,49.43804,1.09187,Plein jour,En agglomération,Intersection en X,Normale,Deux véhicules - côté,3,3,4,0,1,1,1,0,1,50,2,2,1,0,0,1,22.0,23.0,deux_roues,voiture,1,2,2,1,3
201900045807,2019-06-15 04:01:00,2019,6,15,4,1,76,76351,SAONE (QUAI DE LA),49.4828,0.13708,Crépuscule ou aube,En agglomération,Hors intersection,Normale,Autre collision,4,2,2,1,1,1,1,6,1,20,1,1,0,0,1,0,25.0,,deux_roues,,2,2,1,1,6
201900045808,2019-06-14 10:50:00,2019,6,14,10,50,76,76351,DEMIDOFF (RUE),49.49752,0.1341,Plein jour,En agglomération,Intersection en X,Normale,Autre collision,4,2,2,0,1,1,1,0,1,50,1,2,1,0,1,0,40.0,,voiture,,1,2,2,1,6
201900045809,2019-06-15 00:45:00,2019,6,15,0,45,76,76481,RD 6382,49.53178,0.10325,Nuit sans éclairage public,En agglomération,Giratoire,Normale,Sans collision,3,3,4,0,1,1,1,0,1,50,1,1,0,0,1,0,25.0,,deux_roues,,3,2,6,1,7
201900045810,2019-06-06 08:47:00,2019,6,6,8,47,76,76351,LOUIS LUMIERE,49.52843,0.13367,Plein jour,Hors agglomération,Hors intersection,Normale,Autre collision,3,2,2,0,1,1,1,0,1,70,3,2,1,0,1,0,17.0,42.0,deux_roues,voiture,1,1,1,1,6
201900045811,2019-06-01 13:25:00,2019,6,1,13,25,76,76341,BREQUE,49.5045,0.1962,Plein jour,En agglomération,Giratoire,Normale,Deux véhicules - arrière,3,3,5,0,1,2,1,0,1,50,2,3,2,0,0,1,19.0,48.0,voiture,deux_roues,1,2,6,1,2
201900045812,2019-05-30 00:00:00,2019,5,30,0,0,76,76351,PAUL BERT (AVENUE).,49.5066986,0.1696873,Nuit avec éclairage allumé,En agglomération,Hors intersection,Normale,Autre collision,4,-1,2,0,1,2,1,0,1,50,1,1,0,0,0,1,,,,,5,2,1,1,6
201900045813,2019-05-31 18:10:00,2019,5,31,18,10,76,76351,REPUBLIQUE (COURS DE LA),49.49601,0.12666,Plein jour,En agglomération,Intersection en X,Normale,Deux véhicules - côté,4,2,4,0,1,1,1,0,1,50,2,2,1,0,0,1,35.0,18.0,voiture,deux_roues,1,2,2,1,3
201900045814,2019-05-29 13:50:00,2019,5,29,13,50,76,76351,EUGENE MOPIN (RUE),49.51903,0.15816,Plein jour,En agglomération,Hors intersection,Normale,Deux véhicules - frontale,3,2,4,1,1,1,1,0,1,50,2,2,1,0,1,0,62.0,40.0,deux_roues,voiture,1,2,1,1,1
201900045815,2019-05-30 21:35:00,2019,5,30,21,35,76,76351,GUSTAVE BRINDEAU (RUE),49.49257,0.1395,Crépuscule ou aube,En agglomération,Intersection en X,Normale,Deux véhicules - arrière,4,2,2,0,1,1,1,0,1,50,2,2,1,0,0,1,45.0,19.0,voiture,voiture,2,2,2,1,2
201900045816,2019-05-28 16:40:00,2019,5,28,16,40,76,76351,BOIS AU COQ (AVENUE),49.51028,0.13156,Plein jour,En agglomération,Hors intersection,Normale,Deux véhicules - côté,4,3,2,2,1,1,1,0,1,50,2,2,1,0,0,1,40.0,38.0,deux_roues,voiture,1,2,1,1,3
201900045817,2019-06-04 18:39:00,2019,6,4,18,39,76,76565,RD 915,49.88273,1.09026,Plein jour,Hors agglomération,Intersection en T,Temps couvert,Deux véhicules - arrière,3,2,2,0,1,1,2,0,1,80,2,3,2,0,0,1,60.0,86.0,voiture,voiture,1,1,3,8,2
201900045818,2019-06-16 06:30:00,2019,6,16,6,30,74,74218,PAYS DE GAVOT (ROUTE DU)  RD11,46.3852378,6.5499544,Plein jour,Hors agglomération,Hors intersection,Normale,Autre collision,3,2,2,0,2,1,1,0,1,70,1,5,0,0,0,5,20.0,,voiture,,1,1,1,1,6
201900045819,2019-06-07 17:32:00,2019,6,7,17,32,74,74013,PRE-ROBERT NORD,46.34979,6.43184,Plein jour,En agglomération,Hors intersection,Normale,Deux véhicules - côté,4,2,2,0,1,1,1,0,1,50,2,3,1,0,0,2,26.0,28.0,deux_roues,voiture,1,2,1,1,3
201900045820,2019-06-13 20:10:00,2019,6,13,20,10,74,74012,VALLEES (ROUTE DES),46.1940802,6.2408275,Crépuscule ou aube,En agglomération,Giratoire,Normale,Autre collision,3,2,2,0,1,1,1,0,1,50,1,2,1,0,0,1,28.0,,voiture,,2,2,6,1,6
201900045821,2019-06-13 00:00:00,2019,6,13,0,0,74,74008,TILLEULS (PLACE DES),46.19654,6.22658,Nuit avec éclairage allumé,En agglomération,Autre intersection,Normale,Autre collision,4,1,1,0,1,2,1,0,1,50,1,1,0,0,0,1,48.0,,voiture,,5,2,9,1,6
201900045822,2019-06-08 18:10:00,2019,6,8,18,10,74,74012,BONNEVILLE (ROUTE DE),46.1893,6.23528,Plein jour,En agglomération,Hors intersection,Normale,Deux véhicules - arrière,3,1,1,0,1,1,1,0,1,50,2,2,1,0,0,1,46.0,38.0,voiture,voiture,1,2,1,1,2
201900045823,2019-06-05 23:52:00,2019,6,5,23,52,74,74012,VERDUN (AVENUE DE),46.18627,6.24284,Nuit avec éclairage allumé,En agglomération,Hors intersection,Temps couvert,Deux véhicules - côté,4,-1,5,1,1,1,2,0,1,30,2,2,1,0,0,1,19.0,22.0,voiture,deux_roues,5,2,1,8,3
201900045824,2019-06-05 09:00:00,2019,6,5,9,0,74,74298,BONNEVILLE (ROUTE DE ),46.1733903,6.2499492,Plein jour,En agglomération,Hors intersection,Normale,Trois véhicules et plus - en chaîne,4,3,2,0,1,1,1,0,1,50,3,3,2,0,0,1,29.0,34.0,voiture,voiture,1,2,1,1,4
201900045825,2019-06-04 10:00:00,2019,6,4,10,0,74,74012,AMOUREUX (RUE DES),46.19039,6.23345,Plein jour,En agglomération,Autre intersection,Normale,Autre collision,4,-1,3,0,1,1,1,6,1,50,1,2,1,0,0,1,55.0,,deux_roues,,1,2,9,1,6
201900045826,2019-06-03 17:05:00,2019,6,3,17,5,74,74012,MERMOZ RUE JEAN),46.1945,6.2515,Plein jour,En agglomération,Giratoire,Normale,Deux véhicules - arrière,4,2,2,0,4,1,1,5,2,30,2,2,1,0,0,1,42.0,13.0,utilitaire_camion,deux_roues,1,2,6,1,2
201900045827,2019-06-17 18:00:00,2019,6,17,18,0,74,74010,LOVERCHY (CIMETIERE/AVENUE),45.89423,6.11852,Plein jour,En agglomération,Hors intersection,Normale,Autre collision,4,2,3,0,1,1,1,0,1,50,1,3,2,0,1,0,33.0,,voiture,,1,2,1,1,6
201900045828,2019-06-12 17:47:00,2019,6,12,17,47,74,74010,CHEVESNES (RUE + QUARTIER),45.90101,6.11752,Plein jour,En agglomération,Hors intersection,Normale,Autre collision,4,-1,0,3,1,1,1,6,2,30,1,1,0,0,0,1,,,,,1,2,1,1,6
201900045829,2019-05-24 17:45:00,2019,5,24,17,45,74,74010,GENEVE (AVENUE DE)(SECTEUR 410),45.9220852,6.1238215,Plein jour,En agglomération,Hors intersection,Normale,Deux véhicules - côté,9,-1,2,0,1,1,1,0,1,50,2,3,1,0,0,2,47.0,26.0,voiture,deux_roues,1,2,1,1,3
201900045830,2019-06-13 21:20:00,2019,6,13,21,20,73,73087,PAIX (RUE DE LA),45.5586189,5.897463,Plein jour,En agglomération,Intersection en X,Normale,Deux véhicules - frontale,4,2,2,0,1,1,1,0,1,50,2,2,1,0,1,0,47.0,17.0,voiture,deux_roues,1,2,2,1,1
201900045831,2019-06-14 22:05:00,2019,6,14,22,5,73,73124,ARLANDAZ (ROUTE DE L'),45.6677065,6.3604462,Nuit avec éclairage allumé,En agglomération,Hors intersection,Normale,Deux véhicules - côté,4,2,2,0,1,1,1,0,1,30,2,3,2,0,0,1,30.0,27.0,deux_roues,voiture,5,2,1,1,3
201900045832,2019-06-17 09:14:00,2019,6,17,9,14,72,72095,SAINT NICOLAS (BD),48.02783,0.20235,Plein jour,En agglomération,Hors intersection,Normale,Deux véhicules - côté,3,2,2,1,1,1,1,0,1,50,2,2,1,0,0,1,34.0,15.0,voiture,deux_roues,1,2,1,1,3
201900045833,2019-06-16 16:00:00,2019,6,16,16,0,72,72095,BALLON (RTE DE),48.04178,0.21402,Plein jour,Hors agglomération,Hors intersection,Normale,Deux véhicules - frontale,3,2,2,0,1,1,1,0,1,70,2,4,0,0,1,3,26.0,22.0,voiture,voiture,1,1,1,1,1
201900045834,2019-06-11 20:45:00,2019,6,11,20,45,72,72181,BONNETABLE (RTE) N° IMP,47.99546,0.20727,Plein jour,En agglomération,Hors intersection,Normale,Autre collision,4,2,4,2,1,1,1,0,1,50,1,4,1,0,0,3,19.0,,voiture,,1,2,1,1,6
201900045835,2019-06-09 20:45:00,2019,6,9,20,45,72,72181,NATIONALE (RUE),47.9965,0.20183,Plein jour,En agglomération,Hors intersection,Normale,Autre collision,4,1,1,0,1,1,1,0,1,50,1,3,2,0,0,1,23.0,,voiture,,1,2,1,1,6
201900045836,2019-06-07 13:20:00,2019,6,7,13,20,72,72181,BOLLEE (AV) N° IMP 65 A 199,47.99873,0.20994,Plein jour,En agglomération,Intersection en T,Pluie légère,Deux véhicules - côté,4,3,4,2,1,1,2,0,1,50,2,3,0,0,0,3,35.0,27.0,voiture,voiture,1,2,3,2,3
201900045837,2019-06-06 21:05:00,2019,6,6,21,5,72,72003,CROIX GEORGETTE (RTE DE LA),47.98345,0.15109,Plein jour,En agglomération,Hors intersection,Normale,Autre collision,3,2,2,0,1,1,1,0,1,50,2,3,1,0,0,2,24.0,66.0,voiture,voiture,1,2,1,1,6
201900045838,2019-06-05 14:20:00,2019,6,5,14,20,72,72181,ANATOLE FRANCE (BD ),48.0101116,0.1876654,Plein jour,En agglomération,Hors intersection,Normale,Deux véhicules - côté,4,2,2,2,1,1,2,0,1,50,2,2,1,0,0,1,76.0,26.0,voiture,deux_roues,1,2,1,1,3
201900045839,2019-06-05 13:45:00,2019,6,5,13,45,72,72181,FOUCAUDIERE (PONT DE LA),47.9796,0.20088,Plein jour,En agglomération,Intersection en T,Pluie légère,Deux véhicules - frontale,4,-1,2,2,1,1,2,2,1,50,2,2,1,0,0,1,46.0,42.0,voiture,deux_roues,1,2,3,2,1
201900045840,2019-05-31 12:30:00,2019,5,31,12,30,72,72181,ESTIENNE D'ORVES (BD D'),47.99607,0.20669,Plein jour,En agglomération,Hors intersection,Normale,Deux véhicules - arrière,4,3,5,0,1,1,1,0,1,70,2,2,0,0,0,2,20.0,41.0,voiture,voiture,1,2,1,1,2
201900045841,2019-05-30 21:40:00,2019,5,30,21,40,72,72181,RAPHAEL (ALLEE),47.97219,0.21125,Crépuscule ou aube,En agglomération,Hors intersection,Normale,Deux véhicules - côté,4,2,0,0,1,1,1,0,1,50,2,3,1,0,1,1,45.0,18.0,voiture,autre,2,2,1,1,3