accident_id,datetime,annee,mois,jour,heure,minute,departement,commune_insee,adresse,latitude,longitude,luminosite,agglomeration,intersection,meteo,collision,catr,circ,nbv,vosp,prof,plan,surf,infra,situ,vma,nb_vehicules,nb_usagers,nb_indemnes,nb_tues,nb_blesses_hosp,nb_blesses_legers,age_cond_1,age_cond_2,veh_type_cond_1,veh_type_cond_2,lum_code,agg_code,int_code,atm_code,col_code
201900046024,2019-02-23 18:47:00,2019,2,23,18,47,45,45285,R CROIX BAUDU - R DES CHAISES,47.92137,1.88318,Crépuscule ou aube,En agglomération,Intersection en X,Normale,Deux véhicules - frontale,4,2,2,0,1,1,1,0,1,50,2,7,0,0,0,7,25.0,25.0,voiture,voiture,2,2,2,1,1
201900046025,2019-02-23 17:05:00,2019,2,23,17,5,45,45298,RUE DES 4 TOURELLES - R DE SAINT PRYVE,47.8871,1.87688,Plein jour,En agglomération,Intersection en T,Normale,Deux véhicules - côté,4,2,2,0,1,1,1,0,1,50,2,2,1,0,0,1,56.0,46.0,deux_roues,voiture,1,2,3,1,3
201900046026,2019-02-21 10:35:00,2019,2,21,10,35,45,45232,R DE BOURGES - R DE CHAMPAGNE,47.84434,1.92009,Plein jour,En agglomération,Intersection en X,Normale,Deux véhicules - côté,4,3,4,0,1,1,1,5,1,50,2,2,1,0,0,1,21.0,41.0,deux_roues,voiture,1,2,2,1,3
201900046027,2019-02-21 17:50:00,2019,2,21,17,50,42,42186,VAILLANT RUE EDOUARD,45.523371,4.604194,Crépuscule ou aube,En agglomération,Hors intersection,Normale,Autre collision,4,2,2,0,4,1,1,0,1,50,1,2,1,0,0,1,18.0,,deux_roues,,2,2,1,1,6
201900046028,2019-02-23 18:54:00,2019,2,23,18,54,38,38151,RN 87 (RONDEAU A J.DUCLOS),45.15785,5.70166,Nuit sans éclairage public,Hors agglomération,Hors intersection,Normale,Autre collision,2,1,1,0,2,3,1,0,1,70,1,2,0,0,0,2,44.0,,voiture,,3,1,1,1,6
201900046029,2019-02-22 17:20:00,2019,2,22,17,20,37,37261,DANIEL MAYER,47.41885,0.69862,Plein jour,En agglomération,Hors intersection,Normale,Trois véhicules et plus - en chaîne,4,2,2,0,1,1,1,0,1,50,3,3,2,0,0,1,62.0,37.0,voiture,voiture,1,2,1,1,4
201900046030,2019-11-05 21:11:00,2019,11,5,21,11,6,06088,FRANCE (R. DE) A PARTIR DU N° 66-91,43.691636,7.245403,Nuit avec éclairage allumé,En agglomération,Hors intersection,Normale,Autre collision,4,1,1,0,1,1,1,0,1,50,1,2,1,0,0,1,24.0,,voiture,,5,2,1,1,6
201900046031,2019-11-05 13:10:00,2019,11,5,13,10,6,06069,RIOU BLANQUET (AVENUE ET TRAVERSE),43.66262,6.930175,Plein jour,En agglomération,Intersection en T,Normale,Deux véhicules - côté,3,2,0,0,2,1,1,0,1,50,2,2,1,0,0,1,54.0,54.0,deux_roues,voiture,1,2,3,1,3
201900046032,2019-11-05 12:44:00,2019,11,5,12,44,6,06030,SADI CARNOT (BOULEVARD),43.5673142,7.016434,Plein jour,En agglomération,Hors intersection,Pluie légère,Autre collision,4,3,2,0,1,1,1,0,1,50,1,2,1,0,0,1,42.0,,transport_commun,,1,2,1,2,6
201900046033,2019-11-05 18:45:00,2019,11,5,18,45,1,01053,HUCHET ( BOULEVARD EMILE),46.195546,5.223025,Nuit avec éclairage allumé,En agglomération,Intersection en X,Pluie forte,Autre collision,4,2,2,1,2,1,2,5,1,50,1,2,1,0,0,1,69.0,,voiture,,5,2,2,3,6
201900046034,2019-11-04 18:30:00,2019,11,4,18,30,75,75120,BD PERIPHERIQUE INTERIEUR,48.8763622,2.4094555,Nuit avec éclairage allumé,En agglomération,Hors intersection,Normale,Deux véhicules - côté,4,1,4,0,1,1,1,0,1,70,2,2,1,0,0,1,21.0,48.0,deux_roues,deux_roues,5,2,1,1,3
201900046035,2019-05-18 17:15:00,2019,5,18,17,15,75,75116,BOULEVARD PERIPHERIQUE,48.875228,2.276512,Plein jour,En agglomération,Hors intersection,Normale,Trois véhicules et plus - en chaîne,4,1,4,0,2,2,1,0,1,70,3,3,1,0,0,2,27.0,27.0,voiture,deux_roues,1,2,1,1,4
201900046036,2019-11-05 14:16:00,2019,11,5,14,16,75,75112,RUE DE CHARENTON,48.834264,2.393926,Plein jour,En agglomération,Hors intersection,Normale,Deux véhicules - côté,4,2,2,0,2,3,2,0,1,30,2,2,1,0,1,0,50.0,51.0,utilitaire_camion,deux_roues,1,2,1,1,3
201900046037,2019-11-05 11:12:00,2019,11,5,11,12,75,75106,BOULEVARD SAINT MICHEL,48.8488275,2.3417337,Plein jour,En agglomération,Intersection en T,Normale,Autre collision,4,2,3,0,2,1,1,0,1,50,1,2,1,0,1,0,60.0,,utilitaire_camion,,1,2,3,1,6
201900046038,2019-11-05 18:50:00,2019,11,5,18,50,75,75120,BOULEVARD MORTIER,48.8766888,2.407123,Nuit avec éclairage allumé,En agglomération,Hors intersection,Normale,Autre collision,4,2,2,-1,1,1,1,4,6,30,1,2,1,0,0,1,40.0,,transport_commun,,5,2,1,1,6
201900046039,2019-11-05 16:15:00,2019,11,5,16,15,75,75117,RUE DE TOCQUEVILLE,48.888499,2.306226,Plein jour,En agglomération,Hors intersection,Normale,Deux véhicules - côté,4,1,1,0,1,1,1,0,1,30,2,2,1,0,0,1,60.0,55.0,deux_roues,voiture,1,2,1,1,3
201900046040,2019-11-04 13:15:00,2019,11,4,13,15,75,75116,BOULEVARD EXELMANS,48.843764,2.25945,Plein jour,En agglomération,Intersection en X,Temps couvert,Autre collision,4,3,4,0,1,1,1,0,1,50,2,1,0,0,0,1,46.0,,voiture,,1,2,2,8,6
201900046041,2019-11-05 12:35:00,2019,11,5,12,35,75,75107,AVENUE DE LA MOTTE PICQUET,48.8548434,2.3063752,Plein jour,En agglomération,Hors intersection,Temps couvert,Deux véhicules - côté,4,2,3,0,1,1,1,0,1,50,2,2,1,0,0,1,39.0,26.0,utilitaire_camion,deux_roues,1,2,1,8,3
201900046042,2019-11-05 08:00:00,2019,11,5,8,0,75,75112,BOULEVARD DIDEROT,48.84725,2.3858,Plein jour,En agglomération,Hors intersection,Normale,Trois véhicules et plus - en chaîne,4,2,4,0,1,1,1,0,1,50,4,5,4,0,0,1,36.0,59.0,utilitaire_camion,voiture,1,2,1,1,4
201900046043,2019-11-05 18:10:00,2019,11,5,18,10,75,75110,RUE DU FAUBOURG SAINT MARTIN,48.871076,2.35682,Nuit avec éclairage allumé,En agglomération,Intersection en T,Normale,Deux véhicules - arrière,4,1,3,0,1,1,1,0,1,50,2,2,1,0,0,1,27.0,24.0,deux_roues,utilitaire_camion,5,2,3,1,2
201900046044,2019-11-04 14:13:00,2019,11,4,14,13,75,75109,PLACE DE L OPERA,48.8711652,2.3323524,Plein jour,En agglomération,Place,Normale,Autre collision,4,1,2,0,1,1,1,0,1,50,1,2,1,0,0,1,41.0,,utilitaire_camion,,1,2,7,1,6
201900046045,2019-11-05 14:55:00,2019,11,5,14,55,75,75108,PLACE CHARLES DE GAULLE,48.8732681,2.2955847,Plein jour,En agglomération,Place,Normale,Deux véhicules - arrière,4,1,2,0,1,2,1,0,1,50,2,3,2,0,0,1,36.0,57.0,voiture,deux_roues,1,2,7,1,2
201900046046,2019-11-05 22:50:00,2019,11,5,22,50,75,75107,PONT DE LA CONCORDE,48.862599,2.3190222,Nuit avec éclairage allumé,En agglomération,Intersection en T,Normale,Deux véhicules - côté,4,2,4,1,1,3,1,0,5,50,2,2,1,0,0,1,28.0,19.0,voiture,deux_roues,5,2,3,1,3
201900046047,2019-11-05 12:50:00,2019,11,5,12,50,75,75107,BOULEVARD DE LA TOUR MAUBOURG,48.8599368,2.3101758,Plein jour,En agglomération,Intersection en X,Normale,Autre collision,4,2,4,0,1,1,1,0,1,50,1,2,1,0,0,1,37.0,,utilitaire_camion,,1,2,2,1,6
201900046048,2019-11-05 09:55:00,2019,11,5,9,55,75,75101,BOULEVARD DU PALAIS,48.854985,2.345495,Plein jour,En agglomération,Hors intersection,Temps couvert,Deux véhicules - côté,4,1,4,0,1,1,2,0,1,50,2,2,1,0,0,1,46.0,27.0,voiture,deux_roues,1,2,1,8,3
201900046049,2019-11-04 12:50:00,2019,11,4,12,50,94,94081,LEON GEFFROY (R),48.77815,2.40839,Plein jour,En agglomération,Hors intersection,Normale,Deux véhicules - arrière,3,3,2,0,1,1,1,0,1,50,2,2,1,0,0,1,28.0,34.0,voiture,utilitaire_camion,1,2,1,1,2
201900046050,2019-11-05 10:00:00,2019,11,5,10,0,94,94067,PARIS (av. de),48.84632,2.41889,Plein jour,En agglomération,Hors intersection,Pluie légère,Deux véhicules - arrière,3,1,3,0,1,1,2,0,1,50,2,2,1,0,0,1,35.0,49.0,deux_roues,utilitaire_camion,1,2,1,2,2
201900046051,2019-11-05 18:41:00,2019,11,5,18,41,94,94078,ANATOLE FRANCE (AV),48.74,2.45,Nuit avec éclairage allumé,En agglomération,Hors intersection,Normale,Autre collision,4,2,2,0,1,1,1,0,1,50,1,3,1,0,0,2,55.0,,voiture,,5,2,1,1,6
201900046052,2019-11-05 12:05:00,2019,11,5,12,5,94,94074,RU DE GIRONDE (AV DU),48.741121,2.466995,Plein jour,En agglomération,Hors intersection,Pluie légère,Deux véhicules - arrière,3,3,2,0,2,1,1,0,1,50,2,3,0,0,0,3,23.0,62.0,utilitaire_camion,voiture,1,2,1,2,2
201900046053,2019-10-31 23:15:00,2019,10,31,23,15,94,94011,SEMARD(RUE PIERRE),48.76212,2.47898,Nuit avec éclairage allumé,En agglomération,Autre intersection,Pluie légère,Trois véhicules et plus - en chaîne,3,1,2,0,1,3,2,0,1,50,3,3,2,0,0,1,29.0,22.0,voiture,voiture,5,2,9,2,4
201900046054,2019-11-04 12:30:00,2019,11,4,12,30,94,94011,STAINS(ROUTE DE),48.7823,2.49441,Plein jour,En agglomération,Intersection en X,Normale,Deux véhicules - côté,3,1,1,0,1,1,1,0,1,50,2,2,1,0,0,1,47.0,27.0,utilitaire_camion,deux_roues,1,2,2,1,3
201900046055,2019-11-04 12:45:00,2019,11,4,12,45,94,94011,LYS.(AVENUE DES),48.7709,2.4903,Plein jour,En agglomération,Intersection en T,Normale,Deux véhicules - côté,3,3,5,1,1,1,1,0,1,50,2,2,1,0,0,1,44.0,41.0,deux_roues,utilitaire_camion,1,2,3,1,3
201900046056,2019-11-04 07:40:00,2019,11,4,7,40,94,94028,SAINT SIMON (rue),48.7948,2.4449,Plein jour,En agglomération,Intersection en T,Normale,Autre collision,4,2,0,0,1,1,2,0,1,50,1,2,1,0,0,1,37.0,,transport_commun,,1,2,3,1,6
201900046057,2019-11-04 14:00:00,2019,11,4,14,0,94,94004,GARE (BD DE LA),48.7533,2.50572,Plein jour,En agglomération,Hors intersection,Normale,Autre collision,4,2,2,3,1,2,1,9,1,30,1,2,1,1,0,0,32.0,,transport_commun,,1,2,1,1,6
201900046058,2019-11-05 14:15:00,2019,11,5,14,15,94,94002,BLANQUI (QU),48.79753,2.41933,Plein jour,En agglomération,Hors intersection,Normale,Trois véhicules et plus - collisions multiples,3,2,3,0,1,1,1,2,1,50,3,3,2,0,0,1,32.0,45.0,deux_roues,voiture,1,2,1,1,5
201900046059,2019-11-05 13:00:00,2019,11,5,13,0,93,93066,WILSON (AVENUE DU PRESIDENT),48.90477,2.35904,Plein jour,En agglomération,Hors intersection,Normale,Deux véhicules - arrière,3,1,2,0,1,1,1,0,1,50,2,2,1,0,0,1,56.0,28.0,autre,deux_roues,1,2,1,1,2
201900046060,2019-11-05 13:00:00,2019,11,5,13,0,93,93031,REPUBLIQUE (AVENUE),48.95193,2.32084,Plein jour,En agglomération,Intersection en T,Normale,Deux véhicules - côté,3,2,4,3,1,1,1,4,1,50,2,2,1,0,0,1,18.0,74.0,voiture,voiture,1,2,3,1,3
201900046061,2019-11-05 13:55:00,2019,11,5,13,55,93,93047,MORISOT (RUE),48.90425,2.55933,Plein jour,En agglomération,Hors intersection,Pluie légère,Autre collision,4,2,2,0,1,1,1,0,2,30,1,2,1,0,0,1,47.0,,voiture,,1,2,1,2,6
201900046062,2019-11-05 17:20:00,2019,11,5,17,20,93,93010,GROSLAY (CHEM. DE),48.91108,2.47461,Plein jour,En agglomération,Intersection en T,Temps couvert,Deux véhicules - frontale,4,2,2,0,1,3,1,0,1,50,2,2,1,0,1,0,22.0,21.0,deux_roues,voiture,1,2,3,8,1
201900046063,2019-11-05 07:18:00,2019,11,5,7,18,92,92078,VERDUN (AVENUE) (PAIRS 2 A 38),48.93553,2.33508,Nuit avec éclairage allumé,En agglomération,Autre intersection,Normale,Autre collision,3,3,4,0,1,1,1,9,1,30,1,1,0,0,0,1,,,,,5,2,9,1,6
201900046064,2019-11-05 10:30:00,2019,11,5,10,30,92,92051,"CHARLES DE GAULLE (AVENUE, N°27 A 129)",48.88138,2.27115,Plein jour,En agglomération,Autre intersection,Temps couvert,Deux véhicules - côté,2,2,8,0,1,1,1,0,1,50,2,2,1,0,0,1,53.0,23.0,deux_roues,deux_roues,1,2,9,8,3
201900046065,2019-11-05 12:30:00,2019,11,5,12,30,92,92024,NATIONS UNIES (PLACE DES),48.89744,2.31045,Plein jour,En agglomération,Intersection en X,Normale,Deux véhicules - côté,3,1,2,0,1,1,1,0,1,50,2,2,1,0,0,1,24.0,52.0,deux_roues,voiture,1,2,2,1,3
201900046066,2019-11-05 18:40:00,2019,11,5,18,40,92,92023,JEAN JAURES (AVENUE) N°57 A 259 ET 64 A,48.8116,2.2705,Nuit avec éclairage allumé,En agglomération,Hors intersection,Normale,Autre collision,4,2,1,0,1,1,1,0,1,30,1,2,1,0,0,1,79.0,,voiture,,5,2,1,1,6
201900046067,2019-11-05 12:20:00,2019,11,5,12,20,92,92012,DENFERT ROCHEREAU (RUE),48.8418,2.24687,Plein jour,En agglomération,Hors intersection,Normale,Autre collision,4,2,2,0,1,1,1,0,1,50,1,1,0,0,0,1,21.0,,voiture,,1,2,1,1,6
201900046068,2019-11-05 10:20:00,2019,11,5,10,20,92,92012,BONTEMPS (rue Marcel),48.82612,2.24057,Plein jour,En agglomération,Intersection en T,Normale,Deux véhicules - côté,4,3,2,0,1,1,1,0,1,50,2,3,1,0,0,2,36.0,47.0,transport_commun,voiture,1,2,3,1,3
201900046069,2019-11-04 17:10:00,2019,11,4,17,10,92,92002,GARENNES (RUE DES),48.7396156,2.2869259,Crépuscule ou aube,En agglomération,Hors intersection,Normale,Autre collision,4,2,1,0,2,3,2,2,1,50,1,1,0,0,0,1,,,,,2,2,1,1,6
201900046070,2019-11-02 19:07:00,2019,11,2,19,7,62,62447,Rue du Manège,50.374654,2.040903,Nuit sans éclairage public,En agglomération,Hors intersection,Pluie légère,Autre collision,6,-1,2,0,1,1,2,0,4,50,1,2,1,0,1,0,58.0,,voiture,,3,2,1,2,6
201900046071,2019-11-06 07:40:00,2019,11,6,7,40,62,62364,D928,50.529018,2.127276,Crépuscule ou aube,Hors agglomération,Hors intersection,Pluie légère,Trois véhicules et plus - en chaîne,3,2,2,0,2,2,2,0,1,70,4,4,0,0,1,3,48.0,43.0,voiture,voiture,2,1,1,2,4
201900046072,2019-11-05 23:40:00,2019,11,5,23,40,73,73286,D991 Route des Allobroges,45.8935293,5.8428873,Nuit avec éclairage allumé,En agglomération,Hors intersection,Pluie forte,Autre collision,3,2,2,0,1,4,2,9,3,50,1,1,0,0,1,0,23.0,,voiture,,5,2,1,3,6
201900046073,2019-11-05 08:10:00,2019,11,5,8,10,10,10191,D610,48.331154,4.110056,Plein jour,Hors agglomération,Hors intersection,Normale,Deux véhicules - arrière,3,3,4,0,1,1,1,0,1,110,2,2,1,0,1,0,27.0,46.0,voiture,utilitaire_camion,1,1,1,1,2
201900046074,2019-11-05 18:15:00,2019,11,5,18,15,69,69277,RD147,45.72861,5.01341,Nuit sans éclairage public,Hors agglomération,Hors intersection,Pluie légère,Trois véhicules et plus - en chaîne,3,2,1,0,1,1,2,0,1,80,4,5,4,0,0,1,36.0,45.0,voiture,voiture,3,1,1,2,4
201900046075,2019-11-05 18:47:00,2019,11,5,18,47,62,62736,Rue de la Lys,50.661894,2.799783,Nuit avec éclairage non allumé,En agglomération,Hors intersection,Normale,Deux véhicules - côté,3,2,1,0,1,1,2,0,1,50,2,2,1,0,0,1,22.0,58.0,voiture,deux_roues,4,2,1,1,3
201900046076,2019-11-05 11:30:00,2019,11,5,11,30,83,83036,AVENUE MARECHAL LYAUTEY,43.171423,6.525922,Plein jour,En agglomération,Hors intersection,Normale,Autre collision,3,2,2,0,1,1,1,0,1,-1,1,2,1,0,1,0,90.0,,voiture,,1,2,1,1,6
201900046077,2019-11-02 07:50:00,2019,11,2,7,50,36,36219,A20 PK 086.750,46.619,1.542812,Crépuscule ou aube,Hors agglomération,Hors intersection,Temps couvert,Autre collision,1,3,4,0,1,1,1,0,1,130,1,4,0,0,2,2,65.0,,voiture,,2,1,1,8,6
201900046078,2019-11-03 11:00:00,2019,11,3,11,0,51,51019,RD 931,49.1876776,4.4130334,Plein jour,Hors agglomération,Intersection en X,Pluie légère,Deux véhicules - côté,3,2,2,0,1,1,2,5,1,80,2,2,1,0,1,0,49.0,63.0,utilitaire_camion,voiture,1,1,2,2,3
201900046079,2019-11-05 17:25:00,2019,11,5,17,25,56,56200,La Souricaie,47.807446,-2.32297,Crépuscule ou aube,Hors agglomération,Hors intersection,Temps couvert,Trois véhicules et plus - collisions multiples,3,2,2,0,2,1,2,0,1,80,3,2,1,0,0,1,35.0,61.0,voiture,voiture,2,1,1,8,5
201900046080,2019-10-31 15:10:00,2019,10,31,15,10,74,74267,Route d'Albertville,45.84764,6.146405,Plein jour,En agglomération,Hors intersection,Pluie légère,Deux véhicules - côté,3,2,1,0,1,1,2,6,1,70,2,3,2,0,0,1,27.0,33.0,deux_roues,voiture,1,2,1,2,3
201900046081,2019-11-01 04:45:00,2019,11,1,4,45,79,79217,,46.330134,-0.199718,Nuit sans éclairage public,Hors agglomération,Hors intersection,Pluie légère,Sans collision,3,2,2,0,1,2,2,0,3,80,1,1,0,0,1,0,19.0,,voiture,,3,1,1,2,7
201900046082,2019-10-23 11:18:00,2019,10,23,11,18,65,65342,Route Departementale 632,43.3000983,0.2872797,Plein jour,Hors agglomération,Hors intersection,Normale,Deux véhicules - frontale,3,3,2,0,2,3,2,0,1,80,2,4,3,0,1,0,42.0,45.0,utilitaire_camion,voiture,1,1,1,1,1
201900046083,2019-11-03 11:30:00,2019,11,3,11,30,69,69104,Rue du Robert,46.24283,4.67371,Plein jour,Hors agglomération,Hors intersection,Pluie légère,Deux véhicules - frontale,3,2,2,0,2,2,2,0,1,80,2,4,0,0,0,4,32.0,24.0,voiture,voiture,1,1,1,2,1
201900046084,2019-10-30 18:00:00,2019,10,30,18,0,69,69012,D23,46.19729,4.519979,Crépuscule ou aube,Hors agglomération,Hors intersection,Brouillard / fumée,Sans collision,3,2,2,0,2,3,2,0,1,80,1,2,1,0,0,1,28.0,,voiture,,2,1,1,5,7
201900046085,2019-11-04 14:10:00,2019,11,4,14,10,89,89036,Rue des Rousseaux,48.152622,3.086726,Plein jour,Hors agglomération,Hors intersection,Normale,Sans collision,3,2,2,0,2,2,2,0,1,80,1,1,0,0,0,1,27.0,,deux_roues,,1,1,1,1,7
201900046086,2019-10-31 07:30:00,2019,10,31,7,30,63,63471,D987,46.128097,2.847333,Plein jour,Hors agglomération,Hors intersection,Pluie légère,Autre collision,3,2,2,0,1,1,2,0,1,80,1,1,0,0,0,1,21.0,,voiture,,1,1,1,2,6
201900046087,2019-10-25 15:50:00,2019,10,25,15,50,49,49338,Lieu Dit le Moulin de Prince,47.3882639,-0.525877,Plein jour,Hors agglomération,Intersection en X,Normale,Deux véhicules - côté,3,2,2,0,2,4,1,0,1,80,2,3,2,0,0,1,49.0,61.0,autre,voiture,1,1,2,1,3
201900046088,2019-11-06 17:30:00,2019,11,6,17,30,12,12148,10 Avenue de la Résistance,44.480116,2.227976,Crépuscule ou aube,En agglomération,Hors intersection,Temps couvert,Trois véhicules et plus - collisions multiples,3,-1,2,0,1,1,2,0,4,50,3,4,3,0,1,0,85.0,76.0,voiture,voiture,2,2,1,8,5
201900046089,2019-11-06 15:30:00,2019,11,6,15,30,47,47026,Route de Mayrac,44.314268,0.042011,Plein jour,Hors agglomération,Hors intersection,Temps couvert,Sans collision,4,2,2,0,2,2,1,0,3,80,1,1,0,1,0,0,86.0,,voiture,,1,1,1,8,7
201900046090,2019-11-05 23:40:00,2019,11,5,23,40,44,44206,D65,46.918148,-1.683192,Nuit sans éclairage public,Hors agglomération,Hors intersection,Pluie légère,Autre collision,3,2,2,0,1,1,2,0,3,80,1,2,0,1,0,1,30.0,,voiture,,3,1,1,2,6
201900046091,2019-11-05 08:30:00,2019,11,5,8,30,44,44187,D5,47.2183362,-2.102461,Plein jour,Hors agglomération,Hors intersection,Normale,Trois véhicules et plus - collisions multiples,3,2,2,0,1,2,2,0,1,-1,3,4,1,0,1,2,21.0,83.0,voiture,voiture,1,1,1,1,5
201900046092,2019-11-06 18:55:00,2019,11,6,18,55,29,29209,24 Rue de Cornouaille,48.524997,-4.451319,Nuit avec éclairage allumé,En agglomération,Giratoire,Pluie forte,Autre collision,3,2,2,0,1,1,2,5,1,50,1,2,1,0,1,0,58.0,,voiture,,5,2,6,3,6
201900046093,2019-11-06 06:40:00,2019,11,6,6,40,72,72039,33 Rue du 8 Mai 1945,48.171873,0.42041,Crépuscule ou aube,En agglomération,Hors intersection,Pluie légère,Autre collision,3,2,2,2,1,1,2,0,4,50,1,1,0,1,0,0,88.0,,voiture,,2,2,1,2,6
201900046094,2019-11-05 19:50:00,2019,11,5,19,50,6,06079,Avenue du Général de Gaulle,43.532246,6.949036,Nuit avec éclairage allumé,En agglomération,Hors intersection,Normale,Deux véhicules - arrière,3,2,2,0,1,1,1,0,1,50,2,2,1,0,1,0,44.0,36.0,voiture,deux_roues,5,2,1,1,2
201900046095,2019-11-05 17:00:00,2019,11,5,17,0,60,60281,d1017,49.495593,2.671213,Crépuscule ou aube,Hors agglomération,Intersection en X,Normale,Deux véhicules - côté,3,2,2,0,2,1,1,5,1,80,2,2,1,0,1,0,52.0,55.0,deux_roues,utilitaire_camion,2,1,2,1,3
201900046096,2019-11-01 14:15:00,2019,11,1,14,15,64,64094,D931 borne 105,43.463873,-1.231959,Plein jour,En agglomération,Hors intersection,Pluie légère,Deux véhicules - frontale,3,2,1,0,1,2,2,0,1,50,2,2,0,1,1,0,18.0,62.0,voiture,voiture,1,2,1,2,1
201900046097,2019-10-10 20:10:00,2019,10,10,20,10,43,43020,CD 46,45.321416,4.122099,Nuit sans éclairage public,Hors agglomération,Hors intersection,Normale,Deux véhicules - arrière,3,2,2,0,1,1,1,0,1,80,2,3,1,0,1,1,65.0,15.0,voiture,deux_roues,3,1,1,1,2
201900046098,2019-11-04 20:30:00,2019,11,4,20,30,7,07204,Veron,45.0060045,4.4008071,Nuit sans éclairage public,En agglomération,Hors intersection,Normale,Autre collision,3,2,2,0,1,1,2,0,3,70,1,1,0,0,1,0,61.0,,voiture,,3,2,1,1,6
201900046099,2019-10-16 18:45:00,2019,10,16,18,45,27,27463,D438,49.130876,0.641032,Crépuscule ou aube,Hors agglomération,Hors intersection,Normale,Deux véhicules - arrière,3,2,2,0,3,1,1,0,5,70,2,4,3,0,1,0,24.0,19.0,deux_roues,utilitaire_camion,2,1,1,1,2
201900046100,2019-11-05 16:55:00,2019,11,5,16,55,30,30020,cd 135,43.7481592,4.3030446,Plein jour,Hors agglomération,Intersection en T,Normale,Trois véhicules et plus - en chaîne,3,2,2,0,1,1,1,0,1,80,3,3,2,0,1,0,73.0,26.0,voiture,voiture,1,1,3,1,4
201900046101,2019-11-06 06:50:00,2019,11,6,6,50,49,49132,D89,47.658542,-0.464646,Nuit sans éclairage public,Hors agglomération,Intersection en T,Normale,Deux véhicules - arrière,3,2,2,0,1,1,1,0,1,80,2,2,1,0,1,0,30.0,17.0,utilitaire_camion,deux_roues,3,1,3,1,2
201900046102,2019-11-05 20:25:00,2019,11,5,20,25,1,01067,A40,46.1148191,5.4727404,Nuit sans éclairage public,Hors agglomération,Hors intersection,Pluie légère,Autre collision,1,3,5,3,2,2,2,0,1,110,1,1,0,0,0,1,27.0,,voiture,,3,1,1,2,6
201900046103,2019-11-05 22:45:00,2019,11,5,22,45,976,97606,Village de Mramadoudou - CCD5,-12.9166408,45.1592481,Nuit sans éclairage public,En agglomération,Autre intersection,Normale,Autre collision,3,2,2,0,1,1,1,2,3,50,1,2,1,0,1,0,54.0,,voiture,,3,2,9,1,6
201900046104,2019-10-31 07:40:00,2019,10,31,7,40,976,97602,N1,-12.727853,45.128623,Plein jour,Hors agglomération,Hors intersection,Normale,Deux véhicules - frontale,2,2,2,0,1,3,1,0,1,70,2,2,1,0,1,0,27.0,40.0,deux_roues,utilitaire_camion,1,1,1,1,1
201900046105,2019-11-05 11:05:00,2019,11,5,11,5,17,17415,A10,45.709367,-0.654194,Plein jour,Hors agglomération,Hors intersection,Pluie forte,Sans collision,1,1,4,0,1,1,2,0,3,110,1,1,0,0,1,0,67.0,,voiture,,1,1,1,3,7
201900046106,2019-11-05 22:16:00,2019,11,5,22,16,27,27188,351 Chemin du Val Richard,49.306897,1.114697,Nuit sans éclairage public,Hors agglomération,Hors intersection,Pluie légère,Deux véhicules - arrière,1,3,3,0,1,1,2,0,1,110,2,2,1,0,0,1,21.0,51.0,voiture,utilitaire_camion,3,1,1,2,2
201900046107,2019-08-30 17:00:00,2019,8,30,17,0,987,98739,District de rairua,-23.876829,-147.700436,Plein jour,Hors agglomération,Hors intersection,Normale,Sans collision,2,2,2,0,1,3,1,0,3,90,1,2,0,0,1,1,30.0,,deux_roues,,1,1,1,1,7
201900046108,2019-11-01 01:00:00,2019,11,1,1,0,988,98819,Route de Pam,-20.25093,164.30702,Nuit sans éclairage public,Hors agglomération,Hors intersection,Normale,Autre collision,4,2,2,0,1,3,9,0,3,110,1,1,0,1,0,0,33.0,,voiture,,3,1,1,1,6
201900046109,2019-10-19 05:00:00,2019,10,19,5,0,988,98821,VE n°2 SAVANNAH,-22.164547,166.389407,Crépuscule ou aube,Hors agglomération,Hors intersection,Normale,Sans collision,1,3,4,0,1,1,1,3,3,110,1,2,1,0,1,0,22.0,,voiture,,2,1,1,1,7
201900046110,2019-08-04 06:15:00,2019,8,4,6,15,988,98821,R.T.1,-22.00135,166.21567,Plein jour,Hors agglomération,Hors intersection,Normale,Autre collision,2,2,2,0,1,1,1,0,3,90,1,1,0,0,1,0,24.0,,voiture,,1,1,1,1,6
201900046111,2019-11-05 15:35:00,2019,11,5,15,35,77,77465,D219,48.31669,2.94962,Plein jour,Hors agglomération,Hors intersection,Pluie forte,Trois véhicules et plus - collisions multiples,3,2,2,0,1,1,2,0,1,80,5,6,1,0,0,5,50.0,40.0,transport_commun,voiture,1,1,1,3,5
201900046112,2019-11-01 12:30:00,2019,11,1,12,30,2B,2B332,RT30 - PK 45,42.61622,9.137172,Plein jour,Hors agglomération,Intersection en T,Normale,Deux véhicules - côté,2,2,2,0,1,1,1,0,1,80,2,9,4,0,0,5,42.0,19.0,voiture,voiture,1,1,3,1,3
201900046113,2019-11-03 15:25:00,2019,11,3,15,25,2B,2B134,Rue Louis Philippe,42.634713,8.938672,Plein jour,En agglomération,Giratoire,Vent fort / tempête,Sans collision,4,2,2,0,4,1,2,0,3,50,1,1,0,1,0,0,70.0,,deux_roues,,1,2,6,6,7