accident_id,datetime,annee,mois,jour,heure,minute,departement,commune_insee,adresse,latitude,longitude,luminosite,agglomeration,intersection,meteo,collision,catr,circ,nbv,vosp,prof,plan,surf,infra,situ,vma,nb_vehicules,nb_usagers,nb_indemnes,nb_tues,nb_blesses_hosp,nb_blesses_legers,age_cond_1,age_cond_2,veh_type_cond_1,veh_type_cond_2,lum_code,agg_code,int_code,atm_code,col_code
201900046658,2019-08-25 17:30:00,2019,8,25,17,30,51,51232,RD 980,49.2872598,4.2287549,Plein jour,Hors agglomération,Hors intersection,Normale,Autre collision,3,2,2,0,1,1,1,0,3,80,1,1,0,0,1,0,78.0,,voiture,,1,1,1,1,6
201900046659,2019-08-26 07:25:00,2019,8,26,7,25,56,56013,Route des Quatre Chemins,47.667966,-3.181227,Crépuscule ou aube,En agglomération,Hors intersection,Normale,Deux véhicules - côté,3,-1,2,0,1,1,1,0,1,50,2,1,0,0,0,1,57.0,,deux_roues,,2,2,1,1,3
201900046660,2019-08-26 17:45:00,2019,8,26,17,45,77,77239,RD209,48.63723,3.10271,Plein jour,Hors agglomération,Hors intersection,Temps éblouissant,Autre collision,3,2,2,0,1,1,1,0,1,80,3,3,2,1,0,0,50.0,65.0,utilitaire_camion,deux_roues,1,1,1,7,6
201900046661,2019-08-25 04:33:00,2019,8,25,4,33,67,67435,D8,48.920011,7.086092,Nuit sans éclairage public,Hors agglomération,Hors intersection,Normale,Sans collision,3,2,2,0,1,3,1,0,3,70,1,1,0,0,1,0,31.0,,voiture,,3,1,1,1,7
201900046662,2019-08-26 19:15:00,2019,8,26,19,15,76,76317,Route du Fond de Grainville,49.651108,0.401774,Plein jour,Hors agglomération,Intersection en X,Normale,Deux véhicules - côté,3,2,2,0,1,2,1,0,1,80,2,2,1,0,0,1,16.0,49.0,deux_roues,voiture,1,1,2,1,3
201900046663,2019-08-26 06:15:00,2019,8,26,6,15,76,76419,D64,49.400486,0.920604,Crépuscule ou aube,En agglomération,Hors intersection,Brouillard / fumée,Autre collision,3,2,2,0,1,1,1,0,1,80,1,1,0,0,0,1,30.0,,voiture,,2,2,1,5,6
201900046664,2019-08-26 06:15:00,2019,8,26,6,15,80,80358,D934 - PK 23+600,49.776937,2.601621,Crépuscule ou aube,Hors agglomération,Hors intersection,Normale,Autre collision,3,3,4,0,1,1,1,0,1,110,1,1,0,0,1,0,42.0,,deux_roues,,2,1,1,1,6
201900046665,2019-08-25 17:30:00,2019,8,25,17,30,82,82031,D26,44.04656,1.030046,Plein jour,Hors agglomération,Hors intersection,Normale,Sans collision,3,2,2,0,1,1,1,0,3,80,1,1,0,0,1,0,34.0,,voiture,,1,1,1,1,7
201900046666,2019-08-23 21:50:00,2019,8,23,21,50,63,63435,D23,45.5302112,3.138324,Crépuscule ou aube,Hors agglomération,Hors intersection,Normale,Deux véhicules - côté,3,2,2,0,2,2,1,0,1,90,2,2,1,0,1,0,15.0,40.0,deux_roues,deux_roues,2,1,1,1,3
201900046667,2019-08-24 17:45:00,2019,8,24,17,45,55,55496,cd39,48.711169,5.63305,Plein jour,Hors agglomération,Intersection en T,Normale,Deux véhicules - côté,3,2,2,0,1,1,1,0,1,80,2,3,2,0,1,0,38.0,24.0,voiture,deux_roues,1,1,3,1,3
201900046668,2019-08-19 15:25:00,2019,8,19,15,25,34,34070,Fontjun,43.415509,2.974797,Plein jour,Hors agglomération,Hors intersection,Normale,Sans collision,3,4,3,0,2,3,1,0,1,80,1,1,0,0,1,0,55.0,,deux_roues,,1,1,1,1,7
201900046669,2019-08-23 18:30:00,2019,8,23,18,30,68,68050,chemin du ehekammen wald,47.667733,7.067804,Plein jour,En agglomération,Hors intersection,Normale,Sans collision,4,-1,1,0,2,1,9,0,1,50,1,2,1,1,0,0,54.0,,utilitaire_camion,,1,2,1,1,7
201900046670,2019-08-24 22:00:00,2019,8,24,22,0,44,44069,D99,47.3334534,-2.4584935,Nuit sans éclairage public,Hors agglomération,Autre intersection,Normale,Trois véhicules et plus - collisions multiples,3,2,2,0,1,1,1,0,1,80,3,4,3,0,1,0,51.0,55.0,voiture,deux_roues,3,1,9,1,5
201900046671,2019-08-25 17:00:00,2019,8,25,17,0,35,35248,RN 176,48.5636115,-1.635207,Plein jour,Hors agglomération,Hors intersection,Normale,Autre collision,2,3,4,0,1,1,1,0,3,110,1,2,0,1,1,0,72.0,,utilitaire_camion,,1,1,1,1,6
201900046672,2019-08-25 18:15:00,2019,8,25,18,15,31,31085,D85,42.939295,0.809986,Plein jour,Hors agglomération,Hors intersection,Normale,Sans collision,3,2,2,0,2,2,9,0,1,70,1,2,0,0,2,0,53.0,,deux_roues,,1,1,1,1,7
201900046673,2019-08-23 21:15:00,2019,8,23,21,15,38,38394,D21,45.100521,5.248009,Nuit sans éclairage public,Hors agglomération,Hors intersection,Normale,Deux véhicules - frontale,3,2,2,0,1,1,1,0,1,80,2,2,0,0,2,0,19.0,32.0,voiture,voiture,3,1,1,1,1
201900046674,2019-08-24 00:30:00,2019,8,24,0,30,38,38504,RD 281 A,45.300064,5.996483,Nuit sans éclairage public,Hors agglomération,Hors intersection,Normale,Sans collision,3,2,2,0,2,2,1,0,3,80,1,1,0,0,0,1,26.0,,voiture,,3,1,1,1,7
201900046675,2019-08-26 09:00:00,2019,8,26,9,0,2,02789,7 Rue d'Hirson,49.837449,3.913042,Plein jour,En agglomération,Hors intersection,Normale,Sans collision,3,2,2,0,1,1,1,9,4,50,1,2,1,0,1,0,35.0,,voiture,,1,2,1,1,7
201900046676,2019-08-20 17:50:00,2019,8,20,17,50,3,03083,Boutelière,46.3426281,3.2891302,Plein jour,Hors agglomération,Hors intersection,Normale,Sans collision,3,3,2,0,1,2,1,0,1,80,1,1,0,0,1,0,25.0,,deux_roues,,1,1,1,1,7
201900046677,2019-08-25 23:00:00,2019,8,25,23,0,3,03297,Route de Paris (Meaulne),46.562138,2.622048,Nuit sans éclairage public,Hors agglomération,Hors intersection,Normale,Autre collision,3,2,2,0,1,1,1,0,1,80,1,4,3,0,0,1,50.0,,voiture,,3,1,1,1,6
201900046678,2019-08-25 03:40:00,2019,8,25,3,40,1,01232,Le Cochet,46.365687,5.254071,Nuit sans éclairage public,Hors agglomération,Hors intersection,Normale,Sans collision,3,2,2,0,3,2,1,0,3,80,1,1,0,0,1,0,37.0,,deux_roues,,3,1,1,1,7
201900046679,2019-06-18 07:10:00,2019,6,18,7,10,70,70058,RD 13,47.49339,5.678873,Crépuscule ou aube,Hors agglomération,Hors intersection,Normale,Autre collision,3,2,2,0,1,2,1,0,1,80,1,1,0,0,1,0,35.0,,voiture,,2,1,1,1,6
201900046680,2019-08-24 20:30:00,2019,8,24,20,30,58,58205,Rue de la croix de la maison,47.185828,3.945548,Crépuscule ou aube,Hors agglomération,Hors intersection,Normale,Sans collision,3,-1,2,0,2,2,1,0,1,80,1,1,0,0,0,1,50.0,,deux_roues,,2,1,1,1,7
201900046681,2019-08-26 19:33:00,2019,8,26,19,33,72,72116,Lieu dit Beaulieu,48.237018,0.296296,Plein jour,Hors agglomération,Intersection en Y,Normale,Deux véhicules - côté,3,2,2,0,1,2,1,0,1,80,2,2,0,0,0,2,16.0,36.0,deux_roues,voiture,1,1,4,1,3
201900046682,2019-08-25 19:30:00,2019,8,25,19,30,6,06163,Avenue Georges Bidault,44.079034,7.598823,Plein jour,En agglomération,Hors intersection,Normale,Autre collision,3,2,2,0,1,2,1,0,4,50,1,1,0,0,0,1,51.0,,deux_roues,,1,2,1,1,6
201900046683,2019-08-25 15:30:00,2019,8,25,15,30,5,05045,abbaye de boscodon,44.52068,6.443326,Plein jour,Hors agglomération,Hors intersection,Normale,Sans collision,9,2,2,0,2,1,9,9,8,-1,1,5,4,0,1,0,48.0,,voiture,,1,1,1,1,7
201900046684,2019-08-25 19:45:00,2019,8,25,19,45,10,10238,RUE DU LAC,48.259533,4.342486,Plein jour,En agglomération,Hors intersection,Normale,Autre collision,4,2,2,0,1,1,1,9,1,50,1,6,5,0,0,1,35.0,,voiture,,1,2,1,1,6
201900046685,2019-08-24 18:30:00,2019,8,24,18,30,36,36149,ONZAY,46.9326674,1.3162887,Plein jour,Hors agglomération,Hors intersection,Normale,Autre collision,3,2,2,0,1,1,1,0,3,80,1,2,0,0,1,1,38.0,,voiture,,1,1,1,1,6
201900046686,2019-07-26 14:20:00,2019,7,26,14,20,16,16149,Ld La Pouyerie,45.8448807,0.5897936,Plein jour,Hors agglomération,Intersection en X,Pluie légère,Deux véhicules - côté,3,2,2,0,2,1,2,5,1,80,2,7,1,0,3,3,49.0,21.0,voiture,utilitaire_camion,1,1,2,2,3
201900046687,2019-08-24 18:15:00,2019,8,24,18,15,7,07339,Route de l'Escrinet,44.662839,4.451322,Plein jour,Hors agglomération,Autre intersection,Normale,Deux véhicules - arrière,3,2,2,0,1,1,1,0,1,80,2,2,1,0,1,0,64.0,37.0,deux_roues,voiture,1,1,9,1,2
201900046688,2019-08-25 20:30:00,2019,8,25,20,30,7,07027,route de saint laurent,44.82912,4.784129,Nuit sans éclairage public,Hors agglomération,Hors intersection,Normale,Autre collision,3,2,2,0,1,1,1,0,1,50,1,1,0,0,1,0,24.0,,voiture,,3,1,1,1,6
201900046689,2019-08-24 16:38:00,2019,8,24,16,38,40,40312,2 Rue de Castillon,43.5298,-1.461504,Plein jour,En agglomération,Hors intersection,Normale,Deux véhicules - côté,4,2,2,0,1,1,1,0,1,50,2,2,1,0,1,0,58.0,74.0,deux_roues,voiture,1,2,1,1,3
201900046690,2019-08-25 00:00:00,2019,8,25,0,0,27,27135,Route de Saint-Aubin,49.171514,0.981412,Nuit sans éclairage public,Hors agglomération,Hors intersection,Normale,Sans collision,3,1,2,0,1,2,1,0,3,80,1,1,0,0,1,0,26.0,,deux_roues,,3,1,1,1,7
201900046691,2019-08-23 12:25:00,2019,8,23,12,25,17,17003,RD 113,46.118078,-0.932059,Plein jour,En agglomération,Hors intersection,Normale,Deux véhicules - côté,3,2,2,0,2,1,1,0,1,50,2,2,1,0,1,0,50.0,43.0,utilitaire_camion,deux_roues,1,2,1,1,3
201900046692,2019-08-25 20:30:00,2019,8,25,20,30,17,17466,Rue des Saulniers,46.179356,-0.957663,Crépuscule ou aube,En agglomération,Hors intersection,Normale,Sans collision,3,2,2,0,1,2,1,0,4,50,1,1,0,0,1,0,39.0,,deux_roues,,2,2,1,1,7
201900046693,2019-08-26 11:03:00,2019,8,26,11,3,87,87028,Rn 147 pk 060+000,46.241907,0.891247,Plein jour,Hors agglomération,Hors intersection,Normale,Autre collision,2,2,2,0,1,1,1,0,3,80,1,2,0,0,2,0,83.0,,voiture,,1,1,1,1,6
201900046694,2019-08-25 18:00:00,2019,8,25,18,0,30,30083,RD 979,43.7154272,4.2197137,Plein jour,Hors agglomération,Hors intersection,Normale,Sans collision,3,2,2,0,1,2,1,0,1,80,1,1,0,0,1,0,25.0,,voiture,,1,1,1,1,7
201900046695,2019-08-25 13:45:00,2019,8,25,13,45,30,30341,route départementale 58 pk 11,43.55212,4.332744,Plein jour,Hors agglomération,Hors intersection,Normale,Sans collision,3,2,2,0,1,1,1,0,1,80,1,1,0,0,1,0,33.0,,deux_roues,,1,1,1,1,7
201900046696,2019-08-25 17:10:00,2019,8,25,17,10,18,18279,A20,47.243002,2.046767,Plein jour,Hors agglomération,Hors intersection,Normale,Trois véhicules et plus - en chaîne,1,3,4,0,1,1,1,0,1,110,4,7,5,0,0,2,56.0,36.0,voiture,voiture,1,1,1,1,4
201900046697,2019-08-23 01:05:00,2019,8,23,1,5,68,68042,A35 - PK 121+400,47.59439,7.542906,Nuit sans éclairage public,Hors agglomération,Hors intersection,Normale,Deux véhicules - arrière,1,3,4,0,4,1,1,0,1,130,2,4,3,0,0,1,60.0,21.0,voiture,voiture,3,1,1,1,2
201900046698,2019-08-26 00:10:00,2019,8,26,0,10,89,89415,autoroute A6 - aire d'Hervaux,47.588761,3.918953,Nuit sans éclairage public,Hors agglomération,Hors intersection,Normale,Sans collision,1,1,2,0,1,1,1,9,3,130,1,1,0,0,1,0,36.0,,voiture,,3,1,1,1,7
201900046699,2019-08-25 22:30:00,2019,8,25,22,30,13,13007,A520 PK 1,43.347724,5.616495,Nuit sans éclairage public,Hors agglomération,Hors intersection,Normale,Sans collision,1,3,4,0,2,1,1,0,1,110,1,3,2,0,0,1,20.0,,voiture,,3,1,1,1,7
201900046700,2019-08-26 02:10:00,2019,8,26,2,10,30,30189,autoroute A9 PK 50+200 Sens 2,43.842617,4.4157,Nuit sans éclairage public,Hors agglomération,Hors intersection,Normale,Autre collision,1,3,3,0,1,1,1,0,1,130,2,5,2,1,0,2,50.0,,voiture,,3,1,1,1,6
201900046701,2019-08-17 15:00:00,2019,8,17,15,0,971,97103,La Retraite,16.227962,-61.619507,Plein jour,Hors agglomération,Intersection en X,Normale,Deux véhicules - côté,3,2,2,0,2,2,1,0,1,50,2,2,1,0,1,0,41.0,33.0,voiture,deux_roues,1,1,2,1,3
201900046702,2019-08-26 16:30:00,2019,8,26,16,30,64,64292,RD 936,43.1821509,-0.1573876,Plein jour,Hors agglomération,Hors intersection,Normale,Sans collision,3,2,2,0,2,2,1,0,1,80,1,1,0,1,0,0,60.0,,utilitaire_camion,,1,1,1,1,7
201900046703,2019-08-25 20:15:00,2019,8,25,20,15,13,13051,Autoroute A7 - PK 243.200 - sens Lyon/Marseille,43.601557,5.154635,Plein jour,Hors agglomération,Hors intersection,Normale,Deux véhicules - arrière,1,3,5,0,1,3,1,0,1,130,2,6,4,0,0,2,36.0,46.0,voiture,voiture,1,1,1,1,2
201900046704,2019-08-25 01:20:00,2019,8,25,1,20,51,51099,A26,48.8086866,4.2865629,Nuit sans éclairage public,Hors agglomération,Autre intersection,Normale,Autre collision,1,3,4,0,1,1,1,0,3,130,1,3,1,0,2,0,42.0,,voiture,,3,1,9,1,6
201900046705,2019-08-25 13:00:00,2019,8,25,13,0,91,91408,Rue du Souvenir,48.435087,2.454163,Plein jour,En agglomération,Intersection en Y,Normale,Sans collision,4,2,2,0,1,1,1,0,1,50,1,1,0,0,0,1,61.0,,deux_roues,,1,2,4,1,7
201900046706,2019-08-25 17:15:00,2019,8,25,17,15,78,78601,"Pk 22+500, D936, Le Moulin de Béchereau",48.568124,1.88873,Plein jour,Hors agglomération,Intersection en T,Normale,Deux véhicules - frontale,3,2,2,0,2,2,1,0,1,80,2,3,0,0,2,1,54.0,19.0,deux_roues,voiture,1,1,3,1,1
201900046707,2019-08-25 17:30:00,2019,8,25,17,30,6,06091,Route des Clues,43.821539,7.375957,Plein jour,Hors agglomération,Hors intersection,Normale,Sans collision,3,-1,2,0,1,4,1,0,1,70,1,2,0,0,1,1,21.0,,deux_roues,,1,1,1,1,7
201900046708,2019-08-24 12:50:00,2019,8,24,12,50,67,67529,rue de la république,48.721127,7.800784,Plein jour,En agglomération,Intersection en T,Normale,Deux véhicules - côté,3,2,2,1,1,1,1,9,1,50,2,2,1,0,1,0,21.0,51.0,voiture,deux_roues,1,2,3,1,3
201900046709,2019-08-26 13:30:00,2019,8,26,13,30,57,57256,RD 603,49.1176444,6.0384705,Plein jour,Hors agglomération,Hors intersection,Normale,Sans collision,3,2,3,0,2,1,1,0,1,80,1,1,0,0,1,0,22.0,,deux_roues,,1,1,1,1,7
201900046710,2019-08-25 14:56:00,2019,8,25,14,56,74,74250,Route des Gorges du Borne,46.059401,6.381249,Plein jour,En agglomération,Intersection en T,Normale,Deux véhicules - frontale,3,2,2,0,1,1,1,0,1,50,2,2,1,0,1,0,55.0,34.0,deux_roues,voiture,1,2,3,1,1
201900046711,2019-08-24 16:30:00,2019,8,24,16,30,73,73285,D1090 lieu dit le reclus,45.6260748,6.7936356,Plein jour,Hors agglomération,Intersection en Y,Normale,Deux véhicules - arrière,3,2,2,0,2,2,1,0,1,80,2,3,2,0,1,0,40.0,63.0,voiture,deux_roues,1,1,4,1,2
201900046712,2019-08-26 07:00:00,2019,8,26,7,0,81,81105,Route de Lavaur,43.7578487,1.9531109,Crépuscule ou aube,Hors agglomération,Hors intersection,Normale,Autre collision,3,2,2,0,1,1,1,0,3,80,1,1,0,1,0,0,75.0,,voiture,,2,1,1,1,6
201900046713,2019-08-25 14:45:00,2019,8,25,14,45,65,65145,D921,42.9129155,-0.0371969,Plein jour,Hors agglomération,Hors intersection,Normale,Deux véhicules - côté,3,2,2,0,2,2,1,0,1,80,2,2,1,0,1,0,46.0,47.0,voiture,deux_roues,1,1,1,1,3
201900046714,2019-08-25 16:40:00,2019,8,25,16,40,33,33128,Route d'Escurac,45.35454,-0.95169,Plein jour,Hors agglomération,Hors intersection,Normale,Autre collision,3,2,2,0,1,2,1,0,3,80,1,3,1,0,1,1,19.0,,voiture,,1,1,1,1,6
201900046715,2019-08-25 19:50:00,2019,8,25,19,50,61,61216,D908,48.574172,-0.090401,Plein jour,Hors agglomération,Hors intersection,Normale,Deux véhicules - frontale,3,2,2,0,2,2,1,0,1,80,2,3,0,0,3,0,55.0,83.0,voiture,voiture,1,1,1,1,1
201900046716,2019-08-25 18:10:00,2019,8,25,18,10,14,14245,RD 131,49.01617,-0.124567,Plein jour,Hors agglomération,Hors intersection,Normale,Autre collision,3,2,2,0,1,1,1,0,1,80,1,2,0,0,0,2,56.0,,deux_roues,,1,1,1,1,6
201900046717,2019-08-25 21:15:00,2019,8,25,21,15,22,22201,D34,48.669589,-2.334322,Crépuscule ou aube,Hors agglomération,Hors intersection,Normale,Deux véhicules - côté,3,2,2,0,1,3,1,0,1,80,2,3,2,0,1,0,27.0,49.0,deux_roues,voiture,2,1,1,1,3
201900046718,2019-08-21 04:46:00,2019,8,21,4,46,22,22143,Rue du Chemin Vert,48.590634,-2.26721,Nuit sans éclairage public,En agglomération,Intersection en T,Normale,Deux véhicules - côté,4,2,2,0,1,1,1,5,1,50,2,2,0,0,0,2,22.0,38.0,voiture,voiture,3,2,3,1,3
201900046719,2019-08-25 22:10:00,2019,8,25,22,10,35,35287,La Ville Grignon,48.624654,-2.106489,Nuit sans éclairage public,Hors agglomération,Hors intersection,Normale,Deux véhicules - côté,3,2,2,1,1,1,1,0,1,70,2,2,1,1,0,0,54.0,27.0,voiture,voiture,3,1,1,1,3
201900046720,2019-08-25 20:45:00,2019,8,25,20,45,2,02391,Longue Rue,49.817257,4.079414,Crépuscule ou aube,En agglomération,Hors intersection,Normale,Sans collision,2,2,2,0,1,1,1,0,1,50,1,2,1,0,1,0,60.0,,deux_roues,,2,2,1,1,7
201900046721,2019-08-23 22:40:00,2019,8,23,22,40,69,69152,A450   0.000 A 1.090,45.69631,4.83308,Nuit avec éclairage non allumé,Hors agglomération,Hors intersection,Normale,Autre collision,1,3,3,0,1,1,1,3,1,90,1,4,0,0,2,2,39.0,,voiture,,4,1,1,1,6
201900046722,2019-08-25 17:55:00,2019,8,25,17,55,33,33063,ROCADE A 630,44.88227,-0.54949,Plein jour,Hors agglomération,Hors intersection,Normale,Deux véhicules - arrière,1,3,6,0,2,1,1,2,1,70,2,6,4,0,0,2,28.0,34.0,voiture,voiture,1,1,1,1,2
201900046723,2019-08-25 16:00:00,2019,8,25,16,0,33,33366,AUTOROUTE A 10,44.9975,-0.42671,Plein jour,Hors agglomération,Hors intersection,Normale,Trois véhicules et plus - collisions multiples,1,3,6,0,1,1,1,0,1,110,3,8,6,0,0,2,31.0,37.0,utilitaire_camion,voiture,1,1,1,1,5
201900046724,2019-08-24 19:15:00,2019,8,24,19,15,94,94034,AUTOROUTE A86,48.7558,2.33849,Plein jour,Hors agglomération,Hors intersection,Normale,Trois véhicules et plus - en chaîne,1,3,2,0,1,1,1,0,1,90,4,5,4,0,0,1,27.0,24.0,voiture,voiture,1,1,1,1,4
201900046725,2019-08-24 11:30:00,2019,8,24,11,30,78,78571,A13,48.877585,2.019745,Plein jour,Hors agglomération,Hors intersection,Normale,Autre collision,1,1,2,0,1,1,1,0,1,110,1,1,0,0,0,1,49.0,,utilitaire_camion,,1,1,1,1,6
201900046726,2019-08-25 21:15:00,2019,8,25,21,15,92,92078,AUTOROUTE A86,48.9274511,2.3330193,Nuit sans éclairage public,Hors agglomération,Hors intersection,Normale,Sans collision,1,1,1,0,3,3,1,2,1,50,1,1,0,0,0,1,22.0,,deux_roues,,3,1,1,1,7
201900046727,2019-08-25 13:20:00,2019,8,25,13,20,93,93027,AUTOROUTE A86,48.92848,2.41518,Plein jour,Hors agglomération,Hors intersection,Normale,Autre collision,1,3,6,0,2,3,1,2,1,70,1,1,0,0,0,1,27.0,,voiture,,1,1,1,1,6
201900046728,2019-08-24 17:00:00,2019,8,24,17,0,93,93005,AUTOROUTE A3,48.94921,2.4754,Plein jour,Hors agglomération,Hors intersection,Normale,Autre collision,1,3,8,0,1,1,1,0,1,90,1,2,0,0,0,2,52.0,,voiture,,1,1,1,1,6
201900046729,2019-08-25 12:45:00,2019,8,25,12,45,94,94002,A86 INT,48.7935684,2.4415194,Plein jour,Hors agglomération,Hors intersection,Normale,Deux véhicules - arrière,1,3,3,0,1,1,1,0,1,90,2,3,2,0,0,1,32.0,50.0,voiture,voiture,1,1,1,1,2
201900046730,2019-08-25 02:15:00,2019,8,25,2,15,77,77146,RN104.EXT,48.832401,2.666008,Nuit sans éclairage public,Hors agglomération,Autre intersection,Normale,Deux véhicules - arrière,2,3,3,0,1,2,1,0,3,70,2,3,1,0,0,2,29.0,26.0,voiture,voiture,3,1,9,1,2
201900046731,2019-08-22 08:52:00,2019,8,22,8,52,91,91027,DUNANT (AVENUE HENRI),48.72442,2.4072,Plein jour,En agglomération,Hors intersection,Normale,Autre collision,4,2,3,1,1,3,1,0,1,70,2,2,0,0,0,2,32.0,24.0,deux_roues,voiture,1,2,1,1,6
201900046732,2019-08-04 22:11:00,2019,8,4,22,11,78,78621,NATIONALE 10 (ROUTE),48.77377,1.99388,Nuit sans éclairage public,En agglomération,Intersection en X,Normale,Autre collision,2,3,4,0,1,1,1,0,1,70,1,2,1,1,0,0,44.0,,voiture,,3,2,2,1,6
201900046733,2019-08-20 20:27:00,2019,8,20,20,27,76,76351,VAUBAN,49.48982,0.11939,Crépuscule ou aube,En agglomération,Intersection en X,Normale,Deux véhicules - côté,4,2,4,0,1,1,1,0,1,50,2,4,2,0,0,2,48.0,25.0,voiture,voiture,2,2,2,1,3
201900046734,2019-08-22 22:20:00,2019,8,22,22,20,34,34172,BLAYAC (RUE DU PROFESSEUR),43.62308,3.83273,Nuit avec éclairage allumé,En agglomération,Hors intersection,Normale,Deux véhicules - côté,3,2,4,0,1,1,1,0,1,50,2,2,0,0,0,2,27.0,27.0,deux_roues,deux_roues,5,2,1,1,3
201900046735,2019-08-22 15:42:00,2019,8,22,15,42,29,29039,GARE (AVENUE DE LA),47.87722,-3.91955,Plein jour,En agglomération,Hors intersection,Normale,Sans collision,4,2,2,0,2,1,1,0,1,50,1,1,0,0,0,1,82.0,,voiture,,1,2,1,1,7
201900046736,2019-08-21 00:20:00,2019,8,21,0,20,13,13201,CANEBIERE    30 A 68,43.2961,5.3773,Nuit avec éclairage allumé,En agglomération,Hors intersection,Normale,Deux véhicules - côté,4,2,2,0,4,1,1,0,1,50,2,2,0,0,0,2,19.0,,deux_roues,,5,2,1,1,3
201900046737,2019-08-22 09:10:00,2019,8,22,9,10,93,93063,METZ AVENUE DE,48.89661,2.43174,Plein jour,En agglomération,Hors intersection,Normale,Trois véhicules et plus - collisions multiples,3,1,3,0,1,1,1,0,1,50,3,3,0,0,0,3,34.0,29.0,voiture,utilitaire_camion,1,2,1,1,5
201900046738,2019-06-01 19:30:00,2019,6,1,19,30,93,93014,GAGARINE (BOULEVARD),48.9,2.533,Plein jour,En agglomération,Intersection à plus de 4 branches,Normale,Deux véhicules - frontale,3,1,1,0,1,3,1,8,1,50,2,2,1,0,0,1,35.0,22.0,voiture,deux_roues,1,2,5,1,1
201900046739,2019-08-22 10:15:00,2019,8,22,10,15,95,95018,AUTOROUTE A15,48.95292,2.27938,Plein jour,Hors agglomération,Hors intersection,Normale,Deux véhicules - côté,1,-1,5,0,1,1,1,0,1,110,2,2,1,0,0,1,28.0,21.0,deux_roues,voiture,1,1,1,1,3
201900046740,2019-08-23 09:20:00,2019,8,23,9,20,988,98818,RUE TABOU,-22.30073,166.44543,Plein jour,En agglomération,Hors intersection,Normale,Autre collision,4,2,1,0,1,1,1,0,3,30,1,2,1,0,0,1,59.0,,voiture,,1,2,1,1,6
201900046741,2019-08-22 12:00:00,2019,8,22,12,0,976,97611,kaweni-Lazerevouni ( rue ),-12.77378,45.22121,Plein jour,En agglomération,Hors intersection,Normale,Autre collision,4,2,0,0,2,1,1,0,1,50,1,1,0,0,1,0,,,,,1,2,1,1,6
201900046742,2019-08-23 09:15:00,2019,8,23,9,15,974,97411,BOIS DE NEFLES (ROUTE DE),-20.88655,55.45241,Plein jour,En agglomération,Hors intersection,Normale,Deux véhicules - arrière,4,2,2,0,2,3,1,0,1,50,2,2,1,0,0,1,52.0,39.0,voiture,utilitaire_camion,1,2,1,1,2
201900046743,2019-08-23 19:40:00,2019,8,23,19,40,974,97409,MANGUIER (Rue des),-20.9758,55.65944,Nuit avec éclairage allumé,En agglomération,Intersection en T,Normale,Deux véhicules - frontale,4,2,2,0,1,1,1,0,1,50,2,2,1,0,0,1,20.0,20.0,voiture,autre,5,2,3,1,1
201900046744,2019-08-22 05:50:00,2019,8,22,5,50,974,97409,MASCAREIGNES (Avenue des),-20.94216,55.64747,Crépuscule ou aube,Hors agglomération,Hors intersection,Normale,Deux véhicules - côté,2,2,1,0,1,1,1,0,1,50,2,2,1,0,0,1,47.0,44.0,deux_roues,voiture,2,1,1,1,3
201900046745,2019-04-02 02:35:00,2019,4,2,2,35,75,75109,RUE DE CHATEAUDUN,48.876088,2.337119,Nuit avec éclairage allumé,En agglomération,Intersection en X,Normale,Deux véhicules - côté,4,2,2,0,1,1,1,0,1,50,2,2,1,0,0,1,33.0,67.0,deux_roues,voiture,5,2,2,1,3
201900046746,2019-04-02 18:40:00,2019,4,2,18,40,75,75108,AVENUE DES CHAMPS ELYSEES,48.870517,2.30525,Plein jour,En agglomération,Intersection en X,Pluie légère,Deux véhicules - arrière,4,2,8,0,2,1,2,0,1,50,2,2,1,0,0,1,38.0,29.0,voiture,voiture,1,2,2,2,2
201900046747,2019-04-02 14:10:00,2019,4,2,14,10,75,75108,BOULEVARD DES BATIGNOLLES,48.882975,2.325446,Plein jour,En agglomération,Intersection en Y,Normale,Deux véhicules - côté,4,1,2,3,1,1,2,0,6,50,2,2,1,0,0,1,56.0,23.0,voiture,deux_roues,1,2,4,1,3
201900046748,2019-04-02 08:45:00,2019,4,2,8,45,75,75103,PLACE DE LA REPUBLIQUE,48.867345,2.363378,Plein jour,En agglomération,Place,Pluie légère,Deux véhicules - côté,4,2,4,0,1,1,2,0,1,50,2,2,1,0,0,1,32.0,43.0,deux_roues,voiture,1,2,7,2,3
201900046749,2019-04-01 08:15:00,2019,4,1,8,15,94,94058,GENERAL LECLERC (PLACE),48.849157,2.495851,Plein jour,En agglomération,Autre intersection,Normale,Deux véhicules - côté,4,4,-1,0,1,1,1,0,1,50,2,2,1,0,1,0,21.0,60.0,voiture,deux_roues,1,2,9,1,3
201900046750,2019-04-02 10:40:00,2019,4,2,10,40,94,94076,AMBROISE CROIZAT (R),48.80254,2.36406,Plein jour,En agglomération,Hors intersection,Normale,Autre collision,4,2,2,0,2,1,2,0,1,50,1,2,1,0,0,1,57.0,,deux_roues,,1,2,1,1,6
201900046751,2019-04-02 08:35:00,2019,4,2,8,35,94,94059,Andre Rouy (AV),48.81826,2.55928,Plein jour,En agglomération,Hors intersection,Pluie légère,Autre collision,4,2,2,0,1,1,2,0,1,50,1,2,1,0,0,1,46.0,,voiture,,1,2,1,2,6