accident_id,datetime,annee,mois,jour,heure,minute,departement,commune_insee,adresse,latitude,longitude,luminosite,agglomeration,intersection,meteo,collision,catr,circ,nbv,vosp,prof,plan,surf,infra,situ,vma,nb_vehicules,nb_usagers,nb_indemnes,nb_tues,nb_blesses_hosp,nb_blesses_legers,age_cond_1,age_cond_2,veh_type_cond_1,veh_type_cond_2,lum_code,agg_code,int_code,atm_code,col_code
201900046842,2019-04-01 12:52:00,2019,4,1,12,52,69,69383,FRANCFORT                           (PL),45.760461,4.86201,Plein jour,En agglomération,Intersection en X,Normale,Autre collision,7,2,1,3,1,1,1,4,1,10,1,2,1,0,0,1,34.0,,transport_commun,,1,2,2,1,6
201900046843,2019-04-01 13:15:00,2019,4,1,13,15,69,69387,VIVIER (DU)                         (R ),45.7429,4.84722,Plein jour,En agglomération,Hors intersection,Normale,Autre collision,4,1,1,1,1,2,1,0,1,50,2,2,1,0,0,1,31.0,63.0,deux_roues,voiture,1,2,1,1,6
201900046844,2019-03-31 06:03:00,2019,3,31,6,3,972,97213,ROUTE NATIONALE 5,14.59666,-60.9978,Plein jour,Hors agglomération,Hors intersection,Normale,Sans collision,2,-1,2,0,1,2,1,0,1,90,1,2,0,0,0,2,27.0,,voiture,,1,1,1,1,7
201900046845,2019-03-31 07:50:00,2019,3,31,7,50,972,97213,ROUTE NATIONALE 1,14.618108,-61.006898,Nuit sans éclairage public,Hors agglomération,Hors intersection,Normale,Sans collision,2,2,4,0,1,1,1,9,1,90,1,1,0,0,1,0,22.0,,deux_roues,,3,1,1,1,7
201900046846,2019-03-30 18:00:00,2019,3,30,18,0,972,97213,ROUTE NATIONALE 5,14.595804,-60.986841,Nuit sans éclairage public,Hors agglomération,Hors intersection,Normale,Deux véhicules - frontale,2,2,3,3,1,1,1,0,1,70,2,2,0,0,1,1,53.0,34.0,voiture,voiture,3,1,1,1,1
201900046847,2019-04-01 15:40:00,2019,4,1,15,40,69,69382,GENTIL                              (R ),45.76494,4.83627,Plein jour,En agglomération,Hors intersection,Normale,Deux véhicules - arrière,4,1,1,0,1,1,1,0,1,50,2,2,1,0,0,1,60.0,28.0,deux_roues,voiture,1,2,1,1,2
201900046848,2019-04-01 15:15:00,2019,4,1,15,15,95,95203,MONTLIGNON (ROUTE DE),48.99903,2.2775,Plein jour,En agglomération,Intersection en X,Normale,Deux véhicules - côté,3,2,4,0,1,2,1,0,1,50,2,3,2,0,1,0,28.0,28.0,deux_roues,utilitaire_camion,1,2,2,1,3
201900046849,2019-04-01 08:30:00,2019,4,1,8,30,91,91286,CORBEIL (ROUTE DE),48.654334,2.389558,Plein jour,En agglomération,Hors intersection,Normale,Autre collision,9,2,2,0,1,1,1,6,1,50,1,2,1,0,0,1,38.0,,voiture,,1,2,1,1,6
201900046850,2019-03-31 18:10:00,2019,3,31,18,10,91,91109,ETAMPES (ROUTE D')    RD 207,48.457687,2.162404,Plein jour,Hors agglomération,Hors intersection,Normale,Deux véhicules - frontale,3,2,2,0,1,1,1,0,1,70,2,2,0,0,1,1,35.0,45.0,voiture,voiture,1,1,1,1,1
201900046851,2019-04-01 18:07:00,2019,4,1,18,7,91,91479,FONTAINEBLEAU (ROUTE DE),48.7331,2.36652,Plein jour,Hors agglomération,Hors intersection,Normale,Deux véhicules - côté,2,1,2,0,1,1,1,0,1,70,2,2,1,0,0,1,46.0,44.0,deux_roues,voiture,1,1,1,1,3
201900046852,2019-03-23 06:40:00,2019,3,23,6,40,85,85191, RUE GEORGES POMPIDOU,46.67036,-1.41353,Nuit avec éclairage allumé,En agglomération,Hors intersection,Normale,Autre collision,3,2,3,0,2,1,1,0,1,50,2,3,1,0,0,2,42.0,29.0,voiture,utilitaire_camion,5,2,1,1,6
201900046853,2019-03-31 15:30:00,2019,3,31,15,30,80,80021,R DU BLAMONT,49.88549,2.3122,Plein jour,En agglomération,Intersection en X,Normale,Deux véhicules - côté,4,2,2,0,1,1,1,0,1,50,2,2,1,0,0,1,52.0,77.0,deux_roues,voiture,1,2,2,1,3
201900046854,2019-03-31 11:35:00,2019,3,31,11,35,80,80021,R WINSTON CHURCHILL ,49.911576,2.307033,Plein jour,En agglomération,Hors intersection,Normale,Autre collision,4,2,2,0,1,1,1,0,1,50,1,2,1,0,0,1,48.0,,voiture,,1,2,1,1,6
201900046855,2019-03-30 17:20:00,2019,3,30,17,20,80,80021,"7, R DELPECH",49.8877,2.29692,Plein jour,En agglomération,Intersection en T,Normale,Deux véhicules - côté,4,2,2,0,1,1,1,0,1,50,2,3,0,0,0,3,55.0,20.0,voiture,voiture,1,2,3,1,3
201900046856,2019-04-01 08:00:00,2019,4,1,8,0,78,78401,MAURICE BERTEAUX (RUE),49.002197,1.906371,Plein jour,En agglomération,Intersection en X,Normale,Deux véhicules - côté,3,2,0,0,1,1,1,0,1,50,2,2,1,0,1,0,30.0,43.0,deux_roues,voiture,1,2,2,1,3
201900046857,2019-04-01 10:42:00,2019,4,1,10,42,77,77337,LUZARD (COURS DU),48.84707,2.61765,Plein jour,En agglomération,Intersection en X,Normale,Autre collision,4,2,3,0,1,1,1,0,1,30,2,2,1,0,0,1,27.0,20.0,deux_roues,voiture,1,2,2,1,6
201900046858,2019-04-01 08:30:00,2019,4,1,8,30,77,77083,D51 - ALSACE (RUE D'),48.85216,2.6002,Plein jour,En agglomération,Intersection en X,Normale,Deux véhicules - arrière,3,2,2,0,2,1,1,0,1,50,2,2,1,0,0,1,51.0,,transport_commun,,1,2,2,1,2
201900046859,2019-03-29 23:00:00,2019,3,29,23,0,76,76351,FRANCOIS 1ER (BD),49.487178,0.103366,Nuit avec éclairage allumé,En agglomération,Intersection en X,Normale,Deux véhicules - côté,4,3,6,0,1,1,1,0,1,50,2,2,1,0,0,1,46.0,22.0,utilitaire_camion,deux_roues,5,2,2,1,3
201900046860,2019-03-31 19:20:00,2019,3,31,19,20,76,76351,HUIT MAI 1945 (AVENUE DU),49.51604,0.16984,Plein jour,En agglomération,Hors intersection,Normale,Autre collision,4,3,2,0,1,1,1,0,1,50,1,2,1,0,0,1,22.0,,voiture,,1,2,1,1,6
201900046861,2019-03-31 06:25:00,2019,3,31,6,25,76,76349,FALAISES (ROUTE DES),49.9171,1.03855,Nuit sans éclairage public,Hors agglomération,Hors intersection,Normale,Autre collision,3,2,2,0,2,1,1,0,1,70,1,3,1,1,1,0,29.0,,voiture,,3,1,1,1,6
201900046862,2019-03-30 10:48:00,2019,3,30,10,48,74,74298,EUROPE (AVENUE DE L'),46.183137,6.24633,Plein jour,En agglomération,Hors intersection,Normale,Deux véhicules - arrière,4,3,4,0,2,1,1,0,1,50,2,2,1,0,0,1,68.0,29.0,voiture,voiture,1,2,1,1,2
201900046863,2019-03-29 21:10:00,2019,3,29,21,10,72,72181,ANATOLE FRANCE (BD ),48.00103,0.18483,Nuit avec éclairage allumé,En agglomération,Hors intersection,Normale,Deux véhicules - côté,4,2,2,2,1,1,1,0,1,50,2,3,0,0,0,3,22.0,20.0,utilitaire_camion,deux_roues,5,2,1,1,3
201900046864,2019-03-31 12:10:00,2019,3,31,12,10,72,72181,JOINVILLE (RUE),47.99687,0.20492,Plein jour,En agglomération,Hors intersection,Normale,Autre collision,4,1,1,0,1,1,1,0,2,50,2,2,1,0,0,1,35.0,83.0,deux_roues,voiture,1,2,1,1,6
201900046865,2019-03-31 11:30:00,2019,3,31,11,30,72,72181,DEMORIEUX PAIRS-ROCADE A RP D'ALLONNES,47.97751,0.17229,Plein jour,En agglomération,Hors intersection,Normale,Deux véhicules - côté,4,3,4,0,1,1,1,0,1,50,2,2,1,0,0,1,54.0,40.0,deux_roues,voiture,1,2,1,1,3
201900046866,2019-04-01 17:55:00,2019,4,1,17,55,69,69256,19 MARS 1962 (DU)                   (R ),45.7815,4.93166,Plein jour,En agglomération,Intersection en T,Normale,Deux véhicules - arrière,4,2,2,0,1,1,1,0,1,50,2,4,2,0,0,2,43.0,46.0,voiture,voiture,1,2,3,1,2
201900046867,2019-04-01 13:58:00,2019,4,1,13,58,68,68056,ASHE (rue Arthur),47.729585,7.321057,Plein jour,En agglomération,Hors intersection,Normale,Autre collision,4,2,2,0,1,3,1,0,1,50,1,2,1,0,1,0,30.0,,utilitaire_camion,,1,2,1,1,6
201900046868,2019-03-29 14:23:00,2019,3,29,14,23,68,68066,LORRAINE (AVENUE DE),48.09232,7.349,Plein jour,En agglomération,Giratoire,Normale,Autre collision,3,3,2,0,2,1,1,0,1,50,2,2,1,0,0,1,37.0,30.0,voiture,deux_roues,1,2,6,1,6
201900046869,2019-03-30 11:16:00,2019,3,30,11,16,68,68066,GRAD (RUE CHARLES),48.080702,7.343428,Plein jour,En agglomération,Intersection en X,Normale,Deux véhicules - côté,4,2,2,0,1,1,1,0,1,30,2,2,1,0,0,1,41.0,38.0,deux_roues,voiture,1,2,2,1,3
201900046870,2019-03-29 09:02:00,2019,3,29,9,2,67,67482,PAUL ELUARD (RUE),48.58761,7.6987,Plein jour,En agglomération,Hors intersection,Temps éblouissant,Autre collision,4,3,2,1,1,1,1,0,1,50,1,2,1,0,0,1,59.0,,voiture,,1,2,1,7,6
201900046871,2019-03-29 09:05:00,2019,3,29,9,5,67,67482,TRAVAIL (RUE DU),48.588351,7.742052,Plein jour,En agglomération,Hors intersection,Normale,Autre collision,4,2,3,1,1,1,1,0,2,50,1,1,0,0,1,0,63.0,,voiture,,1,2,1,1,6
201900046872,2019-03-31 17:35:00,2019,3,31,17,35,67,67462,ALBERT SCHWEITZER (SQUARE),48.2617,7.4543,Plein jour,En agglomération,Place,Normale,Deux véhicules - côté,4,2,2,0,1,1,1,0,2,50,2,2,1,0,1,0,26.0,49.0,deux_roues,voiture,1,2,7,1,3
201900046873,2019-03-29 23:15:00,2019,3,29,23,15,64,64102,SOULT (AVENUE MARECHAL),43.4868626,-1.4869083,Nuit avec éclairage allumé,En agglomération,Hors intersection,Normale,Autre collision,3,3,4,0,1,1,1,0,1,50,1,2,1,0,1,0,29.0,,voiture,,5,2,1,1,6
201900046874,2019-03-21 21:20:00,2019,3,21,21,20,59,59328,SAINTE CECILE AVENUE,50.6402,3.02781,Nuit avec éclairage allumé,En agglomération,Intersection en X,Normale,Trois véhicules et plus - collisions multiples,4,2,2,0,1,1,1,5,1,50,3,3,1,0,0,2,20.0,44.0,deux_roues,deux_roues,5,2,2,1,5
201900046875,2019-03-31 15:10:00,2019,3,31,15,10,54,54580,ROBESPIERRE (RUE),49.45878,5.93712,Plein jour,En agglomération,Intersection en X,Normale,Deux véhicules - frontale,4,2,2,0,1,1,1,0,2,50,2,2,1,0,1,0,70.0,37.0,voiture,deux_roues,1,2,2,1,1
201900046876,2019-03-30 17:35:00,2019,3,30,17,35,54,54304,MAREVILLE (CHEMIN ET RUE DE),48.681916,6.147515,Plein jour,En agglomération,Hors intersection,Pluie légère,Deux véhicules - côté,4,1,1,0,1,1,1,0,1,50,2,2,1,0,0,1,44.0,24.0,deux_roues,voiture,1,2,1,2,3
201900046877,2019-03-31 05:10:00,2019,3,31,5,10,54,54382,METZ (BOULEVARD DE),49.55437,5.78705,Nuit avec éclairage allumé,En agglomération,Hors intersection,Normale,Sans collision,4,2,2,0,1,1,1,0,1,50,1,1,0,0,0,1,40.0,,voiture,,5,2,1,1,7
201900046878,2019-04-01 21:00:00,2019,4,1,21,0,51,51454,AVENUE D'EPERNAY,49.24193,4.0139,Crépuscule ou aube,En agglomération,Hors intersection,Normale,Deux véhicules - côté,4,2,2,0,1,2,1,0,1,50,2,2,0,0,0,2,38.0,36.0,transport_commun,voiture,2,2,1,1,3
201900046879,2019-03-29 09:20:00,2019,3,29,9,20,49,49099,MAINE (BOULEVARD DU),47.07309,-0.86238,Plein jour,En agglomération,Intersection en X,Normale,Deux véhicules - côté,7,3,5,0,1,1,1,0,1,70,2,2,1,0,1,0,70.0,39.0,voiture,voiture,1,2,2,1,3
201900046880,2019-03-30 19:26:00,2019,3,30,19,26,49,49007,BEAUSSIER BOULEVARD,47.47799,-0.59859,Plein jour,En agglomération,Autre intersection,Normale,Deux véhicules - arrière,4,-1,1,0,1,1,1,0,1,30,2,3,1,0,0,2,41.0,,voiture,,1,2,9,1,2
201900046881,2019-03-31 16:55:00,2019,3,31,16,55,49,49007,LAC DE MAINE AVENUE,47.46037,-0.5966,Plein jour,En agglomération,Hors intersection,Normale,Deux véhicules - arrière,4,2,-1,0,1,1,1,0,1,50,2,2,1,0,0,1,5.0,25.0,deux_roues,deux_roues,1,2,1,1,2
201900046882,2019-03-29 17:30:00,2019,3,29,17,30,49,49007,FOCH BOULEVARD,47.46937,-0.54947,Plein jour,En agglomération,Hors intersection,Normale,Autre collision,4,2,4,1,1,1,1,0,1,30,1,2,1,0,0,1,53.0,,voiture,,1,2,1,1,6
201900046883,2019-03-29 04:00:00,2019,3,29,4,0,49,49007,ESTIENNE D'ORVES BOULEVARD,47.45559,-0.53016,Plein jour,En agglomération,Hors intersection,Normale,Autre collision,4,3,5,0,1,1,1,9,1,50,1,2,1,0,0,1,41.0,,voiture,,1,2,1,1,6
201900046884,2019-04-01 17:00:00,2019,4,1,17,0,45,45284,D 2060,47.92462,1.97432,Plein jour,Hors agglomération,Hors intersection,Normale,Deux véhicules - arrière,3,3,4,0,1,1,1,0,1,90,2,2,1,0,1,0,31.0,22.0,utilitaire_camion,utilitaire_camion,1,1,1,1,2
201900046885,2019-04-01 15:05:00,2019,4,1,15,5,45,45234,RUE GUSTAVE EIFFEL,47.923782,1.9403598,Plein jour,En agglomération,Hors intersection,Normale,Deux véhicules - côté,4,-1,2,0,1,1,1,0,1,50,2,2,1,0,0,1,39.0,69.0,utilitaire_camion,deux_roues,1,2,1,1,3
201900046886,2019-03-29 21:15:00,2019,3,29,21,15,44,44184,RUES HENRI GAUTIER / MENHIR,47.2793,-2.2046,Nuit avec éclairage allumé,En agglomération,Intersection en T,Normale,Deux véhicules - arrière,4,2,2,0,1,1,1,0,1,50,2,2,1,0,1,0,53.0,31.0,deux_roues,deux_roues,5,2,3,1,2
201900046887,2019-03-21 17:59:00,2019,3,21,17,59,42,42218,POURCEL ALEXANDRE JUSQU'AUX Nø 25-24,45.42348,4.39325,Plein jour,En agglomération,Hors intersection,Normale,Autre collision,4,1,0,0,2,1,1,0,1,50,1,2,1,0,0,1,19.0,,deux_roues,,1,2,1,1,6
201900046888,2019-03-30 15:03:00,2019,3,30,15,3,42,42218,BUARD CLAUDIUS,45.42182,4.39566,Plein jour,En agglomération,Autre intersection,Normale,Autre collision,4,2,2,0,2,1,1,0,1,50,1,2,1,0,1,0,37.0,,voiture,,1,2,9,1,6
201900046889,2019-01-10 11:20:00,2019,1,10,11,20,41,41269,RONSARD (AVENUE) (SECTEUR 3),47.79825,1.04604,Plein jour,En agglomération,Hors intersection,Normale,Deux véhicules - frontale,3,2,2,0,1,3,1,0,1,50,2,3,2,0,1,0,52.0,79.0,voiture,voiture,1,2,1,1,1
201900046890,2019-04-01 08:56:00,2019,4,1,8,56,37,37261,BOISDENIER (RUE DE),47.3845571,0.6770468,Plein jour,En agglomération,Hors intersection,Normale,Autre collision,4,2,2,0,1,1,1,0,1,50,1,2,1,0,1,0,39.0,,voiture,,1,2,1,1,6
201900046891,2019-03-29 20:00:00,2019,3,29,20,0,36,36044,19 BOULEVARD DE L'ECOLE NORMALE,46.81882,1.67758,Crépuscule ou aube,En agglomération,Hors intersection,Normale,Deux véhicules - côté,4,2,2,1,1,1,1,9,5,50,2,2,1,0,0,1,21.0,54.0,voiture,deux_roues,2,2,1,1,3
201900046892,2019-03-23 05:20:00,2019,3,23,5,20,35,35288,MARETTES (LIEU DIT LES),48.64808,-1.96798,Nuit sans éclairage public,En agglomération,Hors intersection,Normale,Autre collision,4,2,2,0,1,1,1,0,1,50,1,1,0,0,1,0,,,,,3,2,1,1,6
201900046893,2019-04-01 18:05:00,2019,4,1,18,5,35,35238,ALBERT 1ER (BD),48.08855,-1.67641,Plein jour,En agglomération,Place,Temps éblouissant,Autre collision,6,-1,-1,0,2,1,1,0,1,30,1,3,2,0,1,0,33.0,,voiture,,1,2,7,7,6
201900046894,2019-04-01 09:35:00,2019,4,1,9,35,35,35238,GAYEULLES (ROND POINT),48.13241,-1.65212,Plein jour,En agglomération,Giratoire,Normale,Deux véhicules - côté,4,1,2,0,1,1,1,0,1,50,2,2,1,0,0,1,23.0,27.0,voiture,deux_roues,1,2,6,1,3
201900046895,2019-03-31 20:10:00,2019,3,31,20,10,35,35238,CLEMENCEAU (BD GEORGES),48.09363,-1.671086,Nuit avec éclairage allumé,En agglomération,Intersection en X,Normale,Deux véhicules - frontale,4,2,3,0,1,1,1,5,1,50,2,2,1,0,1,0,44.0,26.0,deux_roues,voiture,5,2,2,1,1
201900046896,2019-03-31 16:00:00,2019,3,31,16,0,35,35051,A84,48.152675,-1.60326,Plein jour,Hors agglomération,Hors intersection,Normale,Deux véhicules - côté,1,3,4,0,1,1,1,0,1,90,2,5,0,0,0,5,23.0,37.0,voiture,voiture,1,1,1,1,3
201900046897,2019-03-31 18:25:00,2019,3,31,18,25,30,30189,BEAUCAIRE (ROUTE),43.83648,4.3947,Plein jour,En agglomération,Giratoire,Normale,Autre collision,3,1,2,0,1,1,1,0,1,50,1,2,1,0,0,1,79.0,,voiture,,1,2,6,1,6
201900046898,2019-03-25 23:28:00,2019,3,25,23,28,29,29019,EUROPE (DE 13 A 15),48.41326,-4.48663,Nuit avec éclairage allumé,En agglomération,Intersection en X,Normale,Deux véhicules - côté,4,-1,4,0,1,1,1,0,1,50,2,4,0,0,0,4,46.0,20.0,voiture,voiture,5,2,2,1,3
201900046899,2019-03-25 23:15:00,2019,3,25,23,15,29,29019,TOURVILLE,48.39406,-4.49389,Nuit avec éclairage allumé,En agglomération,Hors intersection,Normale,Deux véhicules - arrière,4,2,2,0,1,1,1,0,1,50,2,2,1,0,0,1,29.0,28.0,voiture,deux_roues,5,2,1,1,2
201900046900,2019-03-30 17:00:00,2019,3,30,17,0,22,22215,PONT DES ILES (RUE DU),48.5228527,-2.8172153,Plein jour,En agglomération,Hors intersection,Normale,Sans collision,3,2,2,0,2,2,1,0,1,80,1,1,0,0,1,0,33.0,,deux_roues,,1,2,1,1,7
201900046901,2019-03-26 08:45:00,2019,3,26,8,45,22,22113,CALVAIRE (RUE DU),48.74586,-3.49164,Plein jour,En agglomération,Hors intersection,Normale,Sans collision,4,2,2,0,1,1,1,0,1,30,1,1,0,0,1,0,16.0,,deux_roues,,1,2,1,1,7
201900046902,2019-03-31 00:30:00,2019,3,31,0,30,19,19272,Bastille (Av),45.27406,1.77274,Nuit avec éclairage allumé,En agglomération,Hors intersection,Normale,Autre collision,4,2,2,0,2,2,1,0,1,50,1,1,0,0,1,0,66.0,,utilitaire_camion,,5,2,1,1,6
201900046903,2019-03-29 17:25:00,2019,3,29,17,25,19,19031,POINCARE (AVENUE),45.15388,1.53644,Plein jour,En agglomération,Intersection en X,Normale,Deux véhicules - côté,4,1,1,0,1,1,1,0,1,50,2,2,1,0,0,1,19.0,22.0,voiture,utilitaire_camion,1,2,2,1,3
201900046904,2019-04-01 12:40:00,2019,4,1,12,40,17,17415,DENFERT ROCHEREAU RUE,45.74647,-0.62108,Plein jour,En agglomération,Intersection en X,Normale,Autre collision,4,2,2,-1,1,1,1,5,1,-1,1,2,1,0,0,1,44.0,,voiture,,1,2,2,1,6
201900046905,2019-04-01 16:24:00,2019,4,1,16,24,17,17461,COTE DE BEAUTE (BOULEVARD DE),45.63657,-1.07,Plein jour,En agglomération,Giratoire,Normale,Deux véhicules - côté,4,2,2,0,1,1,1,5,1,50,2,2,1,0,0,1,45.0,70.0,deux_roues,voiture,1,2,6,1,3
201900046906,2019-04-01 18:04:00,2019,4,1,18,4,17,17274,JOLIOT-CURIE   AVENUE,46.15468,-1.1114,Plein jour,En agglomération,Hors intersection,Normale,Deux véhicules - côté,4,1,4,0,1,1,1,0,1,50,2,2,1,0,0,1,31.0,42.0,voiture,deux_roues,1,2,1,1,3
201900046907,2019-03-27 09:16:00,2019,3,27,9,16,17,17028,MER   BOULEVARD DE LA,46.12763,-1.12843,Plein jour,En agglomération,Passage à niveau,Normale,Autre collision,4,2,2,3,1,1,1,4,1,50,1,2,1,1,0,0,34.0,,transport_commun,,1,2,8,1,6
201900046908,2019-04-01 09:45:00,2019,4,1,9,45,16,16166,RD 1000,45.673179,0.18965,Plein jour,Hors agglomération,Hors intersection,Normale,Deux véhicules - frontale,3,2,2,-1,2,2,1,5,1,80,2,2,1,0,1,0,52.0,69.0,voiture,voiture,1,1,1,1,1
201900046909,2019-03-06 18:30:00,2019,3,6,18,30,14,14366,LOUIS PASTEUR (BOULEVARD),49.1438443,0.219279,Plein jour,En agglomération,Hors intersection,Normale,Autre collision,4,2,2,0,1,1,1,0,1,30,1,2,1,0,0,1,91.0,,voiture,,1,2,1,1,6
201900046910,2019-03-29 20:20:00,2019,3,29,20,20,14,14366,DUCHESNE FOURNET (BOULEVARD),49.1470673,0.2290915,Nuit avec éclairage allumé,En agglomération,Hors intersection,Normale,Trois véhicules et plus - en chaîne,4,2,3,0,1,1,1,0,1,50,3,4,2,0,0,2,23.0,24.0,voiture,voiture,5,2,1,1,4
201900046911,2019-04-01 19:55:00,2019,4,1,19,55,14,14118,BRUXELLES (AVENUE DE),49.19592,-0.36791,Plein jour,En agglomération,Intersection en X,Normale,Deux véhicules - côté,4,2,2,0,1,1,1,0,1,50,2,2,1,0,0,1,17.0,54.0,deux_roues,voiture,1,2,2,1,3
201900046912,2019-03-29 03:30:00,2019,3,29,3,30,30,30032,MARGUILLIERS CHEMIN DES,43.81889,4.63438,Nuit sans éclairage public,Hors agglomération,Hors intersection,Normale,Autre collision,4,2,2,0,1,1,1,0,1,50,1,2,0,0,0,2,34.0,,voiture,,3,1,1,1,6
201900046913,2019-03-29 09:50:00,2019,3,29,9,50,13,13056,LECLERC QUAI GENERAL CHARLES,43.40293,5.05745,Plein jour,En agglomération,Hors intersection,Normale,Autre collision,4,-1,2,0,1,1,1,9,1,50,1,2,1,0,0,1,70.0,,voiture,,1,2,1,1,6
201900046914,2019-04-01 18:45:00,2019,4,1,18,45,13,13201,ROTONDE (RUE DE LA),43.301536,5.385655,Plein jour,En agglomération,Intersection en X,Normale,Deux véhicules - côté,4,1,1,0,1,1,1,0,1,50,2,2,1,0,0,1,31.0,42.0,deux_roues,voiture,1,2,2,1,3
201900046915,2019-04-01 14:14:00,2019,4,1,14,14,13,13215,VISTE (AVENUE DE LA),43.359968,5.357618,Plein jour,En agglomération,Autre intersection,Normale,Autre collision,4,2,2,0,2,1,1,9,1,50,1,1,0,0,0,1,27.0,,voiture,,1,2,9,1,6
201900046916,2019-04-01 07:40:00,2019,4,1,7,40,13,13201,ESTELLE (RUE),43.29343,5.38214,Plein jour,En agglomération,Hors intersection,Normale,Autre collision,4,-1,1,0,3,1,1,0,1,50,1,2,1,0,1,0,22.0,,voiture,,1,2,1,1,6
201900046917,2019-04-01 02:30:00,2019,4,1,2,30,13,13210,JEAN MOULIN (BOULEVARD),43.2860323,5.3989453,Nuit avec éclairage allumé,En agglomération,Intersection en X,Normale,Deux véhicules - côté,4,3,6,0,1,1,1,5,1,50,2,4,0,0,0,4,21.0,49.0,voiture,voiture,5,2,2,1,3
201900046918,2019-03-29 19:40:00,2019,3,29,19,40,11,11262,JONQUIERES (RUE ET CHEMIN DE),43.16622,2.9818,Crépuscule ou aube,En agglomération,Intersection en T,Normale,Deux véhicules - côté,4,2,2,0,2,1,1,0,1,50,2,4,3,0,0,1,37.0,25.0,voiture,voiture,2,2,3,1,3
201900046919,2019-03-29 13:15:00,2019,3,29,13,15,11,11262,NAUTIQUE (CHEMIN DE LA),43.160965,2.989026,Plein jour,En agglomération,Hors intersection,Normale,Autre collision,4,2,2,0,1,1,1,0,1,50,2,2,1,0,0,1,20.0,40.0,voiture,voiture,1,2,1,1,6
201900046920,2019-03-31 14:30:00,2019,3,31,14,30,11,11069,BUNAU VARILLA -AV-,43.21084,2.3409,Plein jour,En agglomération,Intersection en X,Normale,Deux véhicules - frontale,4,2,2,0,1,3,1,0,1,50,2,3,0,0,0,3,34.0,,voiture,,1,2,2,1,1
201900046921,2019-03-30 06:50:00,2019,3,30,6,50,11,11069,RAMOND AIME,43.21191,2.34744,Plein jour,En agglomération,Intersection en X,Normale,Deux véhicules - côté,4,1,1,0,2,1,1,0,1,50,2,3,2,0,0,1,59.0,16.0,voiture,deux_roues,1,2,2,1,3
201900046922,2019-04-01 12:30:00,2019,4,1,12,30,6,06088,BOULEVARD DE L'OBSERVATOIRE,43.727934,7.3029,Plein jour,Hors agglomération,Hors intersection,Normale,Deux véhicules - côté,7,2,2,0,1,1,1,0,1,50,2,2,1,0,0,1,23.0,21.0,deux_roues,autre,1,1,1,1,3
201900046923,2019-04-01 08:00:00,2019,4,1,8,0,75,75116,PORTE DE SAINT CLOUD,48.838751,2.254359,Crépuscule ou aube,En agglomération,Hors intersection,Normale,Deux véhicules - arrière,4,1,4,0,1,3,1,1,1,70,2,2,0,0,0,2,45.0,31.0,deux_roues,deux_roues,2,2,1,1,2
201900046924,2019-04-01 07:50:00,2019,4,1,7,50,75,75119,PORTE DE LA VILLETTE,48.90035,2.380428,Plein jour,En agglomération,Intersection en Y,Normale,Deux véhicules - côté,4,1,4,0,1,1,1,0,1,70,2,2,1,0,0,1,34.0,44.0,deux_roues,deux_roues,1,2,4,1,3
201900046925,2019-03-31 20:40:00,2019,3,31,20,40,75,75114,PORTE D ORLEANS,48.820808,2.32172,Nuit avec éclairage allumé,En agglomération,Intersection en Y,Normale,Deux véhicules - côté,4,1,3,0,1,1,1,0,1,70,2,2,1,0,0,1,58.0,29.0,voiture,deux_roues,5,2,4,1,3
201900046926,2019-07-17 20:15:00,2019,7,17,20,15,977,97701,Petit cul de sac,17.902754,-62.798567,Nuit sans éclairage public,En agglomération,Autre intersection,Normale,Deux véhicules - frontale,4,2,2,0,1,1,1,0,1,40,2,2,0,0,0,2,31.0,37.0,deux_roues,deux_roues,3,2,9,1,1
201900046927,2019-07-17 18:30:00,2019,7,17,18,30,37,37129,Rue Saint-Martin,47.1082121,0.2694023,Plein jour,Hors agglomération,Intersection en T,Normale,Deux véhicules - frontale,3,2,2,0,1,1,1,0,1,80,2,3,2,0,1,0,16.0,22.0,deux_roues,voiture,1,1,3,1,1
201900046928,2019-07-16 11:00:00,2019,7,16,11,0,34,34162,1 Avenue Général de Gaulle,43.476804,3.482353,Plein jour,En agglomération,Hors intersection,Normale,Autre collision,3,2,2,0,2,1,1,0,1,30,1,2,1,0,1,0,45.0,,utilitaire_camion,,1,2,1,1,6
201900046929,2019-07-17 20:45:00,2019,7,17,20,45,6,06122,RM18,43.741952,7.145444,Plein jour,En agglomération,Hors intersection,Normale,Sans collision,7,2,2,0,2,1,1,0,1,50,1,1,0,1,0,0,68.0,,deux_roues,,1,2,1,1,7
201900046930,2019-06-02 13:20:00,2019,6,2,13,20,4,04034,Ch de la prise,43.927212,5.893638,Plein jour,Hors agglomération,Hors intersection,Normale,Deux véhicules - côté,4,2,2,0,1,1,1,0,1,50,2,2,1,0,0,1,62.0,25.0,deux_roues,voiture,1,1,1,1,3
201900046931,2019-07-17 16:00:00,2019,7,17,16,0,13,13022,D41E,43.226793,5.53899,Plein jour,En agglomération,Hors intersection,Normale,Autre collision,3,2,2,0,2,1,1,0,1,50,1,1,0,0,1,0,22.0,,deux_roues,,1,2,1,1,6
201900046932,2019-07-18 12:00:00,2019,7,18,12,0,13,13066,CD30,43.8765664,4.9024802,Plein jour,Hors agglomération,Hors intersection,Normale,Deux véhicules - côté,3,2,2,0,1,1,1,0,1,80,2,2,1,0,1,0,26.0,52.0,utilitaire_camion,deux_roues,1,1,1,1,3
201900046933,2019-07-17 16:00:00,2019,7,17,16,0,88,88160,Route Nationale 57,48.150518,6.4874,Plein jour,Hors agglomération,Hors intersection,Normale,Autre collision,2,3,4,3,2,2,1,0,1,110,1,1,0,0,1,0,42.0,,voiture,,1,1,1,1,6
201900046934,2019-07-18 07:40:00,2019,7,18,7,40,3,03270,Le Grand Champ,46.347548,2.993708,Plein jour,Hors agglomération,Hors intersection,Normale,Deux véhicules - frontale,3,2,2,0,1,1,1,0,1,80,2,2,1,0,1,0,23.0,64.0,voiture,voiture,1,1,1,1,1