accident_id,datetime,annee,mois,jour,heure,minute,departement,commune_insee,adresse,latitude,longitude,luminosite,agglomeration,intersection,meteo,collision,catr,circ,nbv,vosp,prof,plan,surf,infra,situ,vma,nb_vehicules,nb_usagers,nb_indemnes,nb_tues,nb_blesses_hosp,nb_blesses_legers,age_cond_1,age_cond_2,veh_type_cond_1,veh_type_cond_2,lum_code,agg_code,int_code,atm_code,col_code
201900047028,2019-07-16 16:00:00,2019,7,16,16,0,6,06004,ALGER RUE D',43.5817422,7.118959,Plein jour,En agglomération,Autre intersection,Normale,Autre collision,4,1,1,0,2,1,1,0,1,50,1,2,1,0,1,0,39.0,,voiture,,1,2,9,1,6
201900047029,2019-07-15 16:10:00,2019,7,15,16,10,5,05061,RD944,44.59664,6.09745,Plein jour,Hors agglomération,Hors intersection,Normale,Autre collision,3,2,2,0,2,3,1,0,1,70,2,2,1,0,0,1,23.0,43.0,voiture,utilitaire_camion,1,1,1,1,6
201900047030,2019-07-16 21:55:00,2019,7,16,21,55,75,75120,ECHANGEUR BAGNOLET,48.8617127,2.4140524,Crépuscule ou aube,En agglomération,Hors intersection,Normale,Autre collision,4,1,2,0,1,3,1,0,1,50,1,1,0,0,0,1,56.0,,deux_roues,,2,2,1,1,6
201900047031,2019-07-16 17:10:00,2019,7,16,17,10,75,75115,PORTE DE SEVRES,48.835195,2.272085,Plein jour,En agglomération,Hors intersection,Normale,Trois véhicules et plus - collisions multiples,4,1,3,0,1,1,1,0,1,70,3,3,2,0,0,1,33.0,48.0,voiture,deux_roues,1,2,1,1,5
201900047032,2019-07-16 16:45:00,2019,7,16,16,45,75,75110,RUE LA FAYETTE,48.880624,2.361993,Plein jour,En agglomération,Intersection en X,Normale,Deux véhicules - côté,4,2,1,0,1,1,1,6,1,50,2,4,2,0,0,2,24.0,49.0,voiture,utilitaire_camion,1,2,2,1,3
201900047033,2019-07-16 02:25:00,2019,7,16,2,25,75,75119,RUE DE LA CLOTURE,48.897309,2.392596,Nuit avec éclairage allumé,En agglomération,Intersection en T,Normale,Autre collision,4,2,2,0,1,3,1,0,1,50,1,1,0,0,0,1,30.0,,deux_roues,,5,2,3,1,6
201900047034,2019-07-15 00:45:00,2019,7,15,0,45,75,75116,ALLEE DE LONGCHAMP,48.875845,2.273635,Nuit sans éclairage public,En agglomération,Hors intersection,Normale,Deux véhicules - côté,4,2,4,0,1,1,1,0,1,50,2,2,1,0,0,1,50.0,40.0,voiture,deux_roues,3,2,1,1,3
201900047035,2019-07-16 12:20:00,2019,7,16,12,20,75,75107,AVENUE DE SUFFREN,48.854711,2.295374,Plein jour,En agglomération,Intersection en X,Normale,Deux véhicules - côté,4,2,2,0,1,1,1,0,1,50,2,2,1,0,0,1,49.0,44.0,voiture,deux_roues,1,2,2,1,3
201900047036,2019-07-16 12:10:00,2019,7,16,12,10,75,75115,RUE DE LA CROIX NIVERT,48.838598,2.289431,Plein jour,En agglomération,Intersection en X,Normale,Autre collision,4,2,2,0,1,1,1,0,1,50,2,2,1,0,0,1,30.0,27.0,voiture,deux_roues,1,2,2,1,6
201900047037,2019-07-16 16:00:00,2019,7,16,16,0,75,75113,BOULEVARD DE L HOPITAL,48.836998,2.359606,Plein jour,En agglomération,Hors intersection,Normale,Autre collision,4,2,4,0,2,1,1,0,1,50,2,2,1,0,0,1,44.0,44.0,voiture,deux_roues,1,2,1,1,6
201900047038,2019-07-16 18:45:00,2019,7,16,18,45,75,75109,RUE DU FAUBOURG POISSONNIERE,48.874018,2.347914,Plein jour,En agglomération,Intersection en X,Normale,Deux véhicules - côté,4,1,1,0,1,1,1,0,1,30,2,2,1,0,0,1,18.0,43.0,deux_roues,voiture,1,2,2,1,3
201900047039,2019-07-14 04:30:00,2019,7,14,4,30,75,75109,RUE LA FAYETTE,48.874672,2.33936,Nuit avec éclairage allumé,En agglomération,Intersection en X,Normale,Autre collision,4,1,3,0,1,1,1,0,1,50,2,1,0,0,0,1,42.0,,voiture,,5,2,2,1,6
201900047040,2019-07-16 22:20:00,2019,7,16,22,20,75,75108,PLACE CHARLES DE GAULLE,48.873837,2.295902,Nuit avec éclairage allumé,En agglomération,Place,Normale,Deux véhicules - côté,4,1,4,0,1,1,1,0,1,50,2,2,1,0,0,1,26.0,58.0,voiture,deux_roues,5,2,7,1,3
201900047041,2019-07-15 03:50:00,2019,7,15,3,50,75,75116,RUE DE PRESBOURG,48.872782,2.293278,Nuit avec éclairage allumé,En agglomération,Intersection en T,Normale,Autre collision,4,1,1,0,1,2,1,0,1,50,1,2,1,0,1,0,19.0,,voiture,,5,2,3,1,6
201900047042,2019-07-16 02:35:00,2019,7,16,2,35,75,75108,AVENUE WINSTON CHURCHILL,48.867116,2.313938,Nuit avec éclairage allumé,En agglomération,Intersection en T,Normale,Autre collision,4,2,4,0,1,1,1,0,1,50,1,2,0,0,1,1,41.0,,voiture,,5,2,3,1,6
201900047043,2019-07-16 08:45:00,2019,7,16,8,45,94,94067,PARIS (av. de),48.845,2.423,Plein jour,En agglomération,Autre intersection,Normale,Deux véhicules - côté,3,1,2,0,1,1,1,9,1,50,2,2,1,0,0,1,28.0,66.0,deux_roues,utilitaire_camion,1,2,9,1,3
201900047044,2019-07-16 20:15:00,2019,7,16,20,15,94,94076,PAUL VAILLANT COUTURIER (AV),48.79448,2.35828,Plein jour,En agglomération,Intersection en X,Normale,Deux véhicules - côté,3,2,2,0,1,1,1,0,1,50,2,4,2,0,2,0,31.0,17.0,voiture,deux_roues,1,2,2,1,3
201900047045,2019-07-16 19:10:00,2019,7,16,19,10,94,94037,VAL DE MARNE (R DU),48.81294,2.3417,Plein jour,En agglomération,Intersection en T,Normale,Deux véhicules - frontale,4,2,2,0,1,1,1,0,1,50,2,3,2,0,0,1,46.0,47.0,utilitaire_camion,deux_roues,1,2,3,1,1
201900047046,2019-07-16 12:15:00,2019,7,16,12,15,94,94041,VERDUN (AV DE),48.80892,2.37325,Plein jour,En agglomération,Intersection en X,Normale,Deux véhicules - côté,3,2,1,0,1,1,1,0,1,50,2,1,0,0,0,1,19.0,,deux_roues,,1,2,2,1,3
201900047047,2019-07-16 16:00:00,2019,7,16,16,0,94,94065,PONT DES HALLES (R DU),48.75803,2.34725,Plein jour,En agglomération,Autre intersection,Normale,Deux véhicules - arrière,4,-1,1,0,1,1,1,0,1,50,2,2,1,0,0,1,35.0,35.0,deux_roues,voiture,1,2,9,1,2
201900047048,2019-07-16 12:15:00,2019,7,16,12,15,94,94073,VERSAILLES (AV DE),48.758,2.393,Plein jour,En agglomération,Autre intersection,Normale,Deux véhicules - arrière,3,1,2,0,1,1,1,0,1,50,2,2,1,0,1,0,19.0,29.0,deux_roues,voiture,1,2,9,1,2
201900047049,2019-07-16 17:35:00,2019,7,16,17,35,93,93070,SEINE (QUAI DE),48.91554,2.32244,Plein jour,En agglomération,Hors intersection,Normale,Deux véhicules - côté,4,2,2,0,1,1,1,0,1,50,2,2,1,0,0,1,23.0,23.0,deux_roues,voiture,1,2,1,1,3
201900047050,2019-07-16 15:45:00,2019,7,16,15,45,93,93070,MICHELET (AVE) : DU 1 AU 103,48.90507,2.34405,Plein jour,En agglomération,Hors intersection,Normale,Autre collision,3,2,4,3,1,1,1,0,1,50,1,2,1,0,0,1,66.0,,deux_roues,,1,2,1,1,6
201900047051,2019-07-16 13:40:00,2019,7,16,13,40,93,93070,SEINE (QUAI DE),48.91571,2.32284,Plein jour,En agglomération,Hors intersection,Normale,Deux véhicules - arrière,4,3,3,3,1,1,1,5,1,50,2,2,1,0,1,0,51.0,35.0,voiture,deux_roues,1,2,1,1,2
201900047052,2019-07-16 10:10:00,2019,7,16,10,10,93,93048,THEOPHILE SUEUR (BOULEVARD),48.863997,2.467291,Plein jour,En agglomération,Intersection en T,Normale,Deux véhicules - frontale,3,2,2,0,1,1,1,0,3,50,2,2,1,0,0,1,30.0,52.0,voiture,voiture,1,2,3,1,1
201900047053,2019-07-16 09:15:00,2019,7,16,9,15,93,93010,GALLIENI (AV.) CONFORAMA 53,48.90532,2.47445,Plein jour,En agglomération,Hors intersection,Normale,Deux véhicules - arrière,3,1,2,0,1,1,1,0,1,50,2,2,1,0,0,1,56.0,35.0,deux_roues,utilitaire_camion,1,2,1,1,2
201900047054,2019-07-16 19:50:00,2019,7,16,19,50,93,93008,GREMILLON (RUE JEAN),48.9139326,2.4280724,Plein jour,En agglomération,Hors intersection,Normale,Autre collision,4,1,1,0,1,1,1,0,1,50,1,2,1,0,0,1,28.0,,voiture,,1,2,1,1,6
201900047055,2019-07-16 16:10:00,2019,7,16,16,10,93,93008,BARBUSSE (AVENUE HENRI) A30,48.90424,2.41883,Plein jour,En agglomération,Hors intersection,Normale,Deux véhicules - côté,3,2,4,0,1,1,1,0,1,50,2,3,1,0,0,2,42.0,39.0,deux_roues,voiture,1,2,1,1,3
201900047056,2019-07-16 15:40:00,2019,7,16,15,40,93,93005,JACQUES DUCLOS [CD44] (RUE),48.94514,2.49499,Plein jour,En agglomération,Hors intersection,Normale,Deux véhicules - arrière,3,1,3,0,1,1,1,5,1,50,2,2,1,0,1,0,49.0,55.0,voiture,deux_roues,1,2,1,1,2
201900047057,2019-07-13 20:34:00,2019,7,13,20,34,92,92078,ARTOIS (IMPASSE),48.934556,2.330235,Plein jour,En agglomération,Autre intersection,Normale,Deux véhicules - côté,4,2,2,0,1,1,1,9,1,50,2,2,1,0,0,1,24.0,26.0,voiture,voiture,1,2,9,1,3
201900047058,2019-07-14 20:10:00,2019,7,14,20,10,92,92078,PRINCIPALE DU PORT (ROUTE) (19/+),48.940055,2.288536,Nuit avec éclairage allumé,En agglomération,Hors intersection,Normale,Autre collision,3,2,4,0,1,1,1,9,1,50,2,2,1,0,0,1,30.0,46.0,deux_roues,voiture,5,2,1,1,6
201900047059,2019-07-15 22:10:00,2019,7,15,22,10,92,92064,PASTEUR,48.8414,2.1988,Nuit avec éclairage allumé,En agglomération,Hors intersection,Normale,Deux véhicules - côté,3,1,2,0,1,1,1,0,1,50,2,2,1,0,0,1,55.0,58.0,deux_roues,deux_roues,5,2,1,1,3
201900047060,2019-07-14 20:25:00,2019,7,14,20,25,92,92033,BUZENVAL,48.8528064,2.2023836,Crépuscule ou aube,En agglomération,Hors intersection,Normale,Deux véhicules - arrière,3,2,2,0,1,1,1,0,3,50,2,3,2,0,0,1,56.0,40.0,voiture,voiture,2,2,1,1,2
201900047061,2019-07-12 01:35:00,2019,7,12,1,35,92,92062,EICHENBERGER (RUE),48.8811376,2.237152,Nuit avec éclairage allumé,En agglomération,Intersection en X,Normale,Deux véhicules - côté,4,1,1,0,1,1,1,0,1,50,2,3,1,0,0,2,28.0,19.0,voiture,deux_roues,5,2,2,1,3
201900047062,2019-07-12 18:30:00,2019,7,12,18,30,92,92050,LEGER FERNAND ALLEE,48.881,2.21748,Plein jour,En agglomération,Hors intersection,Normale,Autre collision,4,1,2,0,1,1,1,0,1,50,1,2,1,0,0,1,83.0,,voiture,,1,2,1,1,6
201900047063,2019-07-12 14:00:00,2019,7,12,14,0,92,92026,GAULTIER,48.899,2.243535,Plein jour,En agglomération,Autre intersection,Normale,Autre collision,4,2,2,0,1,1,1,0,1,50,1,2,1,0,0,1,50.0,,deux_roues,,1,2,9,1,6
201900047064,2019-07-14 17:00:00,2019,7,14,17,0,92,92026,FAUVELLES ( RUE DES ),48.90222,2.23945,Plein jour,En agglomération,Autre intersection,Normale,Deux véhicules - côté,4,2,2,0,1,1,1,0,1,50,2,3,1,0,0,2,42.0,21.0,deux_roues,voiture,1,2,9,1,3
201900047065,2019-07-16 18:30:00,2019,7,16,18,30,92,92012,REPUBLIQUE (BOULEVARD DE LA) 5/77BIS - 6,48.8326254,2.2495947,Plein jour,En agglomération,Hors intersection,Normale,Deux véhicules - arrière,3,1,2,0,1,1,1,0,1,50,2,2,1,0,0,1,45.0,58.0,voiture,deux_roues,1,2,1,1,2
201900047066,2019-07-12 15:50:00,2019,7,12,15,50,92,92004,LAURENT-CELY  ( AVENUE ),48.91567,2.3087,Plein jour,En agglomération,Hors intersection,Normale,Deux véhicules - côté,3,-1,2,0,1,1,1,0,1,50,2,2,1,0,0,1,29.0,41.0,deux_roues,voiture,1,2,1,1,3
201900047067,2019-07-16 09:45:00,2019,7,16,9,45,92,92002,PIERRE BROSSOLETTE (BOULEVARD),48.7550058,2.3008148,Plein jour,En agglomération,Hors intersection,Normale,Autre collision,4,1,1,0,1,1,1,0,1,30,1,2,1,0,0,1,70.0,,voiture,,1,2,1,1,6
201900047068,2019-07-16 21:00:00,2019,7,16,21,0,63,63026,Rue Sidoine Apollinaire,45.6617146,2.9737084,Plein jour,En agglomération,Hors intersection,Normale,Deux véhicules - frontale,3,2,2,0,2,2,1,0,1,50,2,2,1,0,1,0,18.0,67.0,deux_roues,voiture,1,2,1,1,1
201900047069,2019-07-17 10:45:00,2019,7,17,10,45,49,49244,LE MARILLAIS,47.360637,-1.037324,Plein jour,En agglomération,Hors intersection,Pluie légère,Deux véhicules - frontale,9,2,2,1,1,1,1,0,5,-1,2,1,0,0,1,0,70.0,,deux_roues,,1,2,1,2,1
201900047070,2019-07-17 11:30:00,2019,7,17,11,30,28,28088,place de la liberté,48.072967,1.34364,Plein jour,En agglomération,Place,Normale,Autre collision,6,-1,1,0,1,1,1,0,8,50,1,3,1,0,2,0,19.0,,voiture,,1,2,7,1,6
201900047071,2019-07-16 20:30:00,2019,7,16,20,30,974,97422,Rue Marius et Ary Leblond,-21.278166,55.524259,Nuit avec éclairage non allumé,En agglomération,Hors intersection,Normale,Deux véhicules - frontale,2,2,2,0,2,1,1,0,1,50,2,3,1,0,1,1,20.0,23.0,deux_roues,voiture,4,2,1,1,1
201900047072,2019-07-17 18:00:00,2019,7,17,18,0,83,83048,Boulevard Sylvabelle,43.194353,6.581095,Plein jour,En agglomération,Hors intersection,Normale,Deux véhicules - côté,4,2,2,0,1,1,1,0,1,50,2,2,1,0,1,0,25.0,21.0,deux_roues,voiture,1,2,1,1,3
201900047073,2019-07-16 18:30:00,2019,7,16,18,30,58,58102,la grande brosse,47.370572,3.123236,Plein jour,Hors agglomération,Autre intersection,Normale,Deux véhicules - frontale,3,2,2,0,1,1,1,0,1,80,2,2,0,0,1,1,36.0,54.0,voiture,voiture,1,1,9,1,1
201900047074,2019-07-15 18:30:00,2019,7,15,18,30,30,30117,D6113,43.693953,4.599442,Plein jour,Hors agglomération,Giratoire,Normale,Sans collision,3,3,2,0,1,3,1,5,1,-1,1,1,0,0,0,1,49.0,,utilitaire_camion,,1,1,6,1,7
201900047075,2019-07-17 12:45:00,2019,7,17,12,45,51,51248,RD 43,48.7312178,4.0139503,Plein jour,Hors agglomération,Hors intersection,Normale,Sans collision,3,2,2,0,3,1,1,0,3,80,1,1,0,0,1,0,45.0,,voiture,,1,1,1,1,7
201900047076,2019-07-16 23:45:00,2019,7,16,23,45,56,56240,La Maison Neuve,47.515534,-2.687108,Nuit sans éclairage public,Hors agglomération,Hors intersection,Normale,Autre collision,3,2,2,0,2,4,1,0,3,80,1,2,0,0,1,1,20.0,,deux_roues,,3,1,1,1,6
201900047077,2019-07-11 02:00:00,2019,7,11,2,0,76,76609,D940,49.65547,0.194493,Nuit sans éclairage public,Hors agglomération,Hors intersection,Normale,Sans collision,3,2,2,0,2,3,1,0,3,80,1,1,0,0,1,0,27.0,,voiture,,3,1,1,1,7
201900047078,2019-07-17 18:30:00,2019,7,17,18,30,80,80290,rue de la fontaine,50.247474,1.936535,Plein jour,Hors agglomération,Intersection en T,Normale,Deux véhicules - côté,3,3,2,0,1,1,1,0,1,-1,2,2,0,0,1,1,46.0,19.0,voiture,voiture,1,1,3,1,3
201900047079,2019-07-16 18:30:00,2019,7,16,18,30,32,32444,rd654,43.685962,0.999522,Plein jour,Hors agglomération,Hors intersection,Normale,Deux véhicules - côté,3,2,2,0,1,3,1,0,1,80,2,2,1,0,1,0,42.0,22.0,voiture,deux_roues,1,1,1,1,3
201900047080,2019-07-17 16:10:00,2019,7,17,16,10,71,71412,rd 601 PK 3+300,46.715297,4.425259,Plein jour,Hors agglomération,Hors intersection,Normale,Autre collision,3,2,2,0,1,1,1,0,3,80,1,1,0,0,1,0,51.0,,deux_roues,,1,1,1,1,6
201900047081,2019-07-10 17:43:00,2019,7,10,17,43,63,63139,Intersection RD 202b RD906,45.380532,3.748622,Plein jour,Hors agglomération,Intersection en X,Temps éblouissant,Deux véhicules - côté,3,2,2,0,1,1,1,5,1,80,2,4,1,0,0,3,78.0,53.0,utilitaire_camion,voiture,1,1,2,7,3
201900047082,2019-07-16 16:00:00,2019,7,16,16,0,61,61484,Route nationale 923 MALE 61246,48.264797,0.754604,Plein jour,Hors agglomération,Intersection en T,Normale,Deux véhicules - côté,2,2,2,0,1,1,1,5,1,80,2,2,1,0,1,0,71.0,71.0,utilitaire_camion,voiture,1,1,3,1,3
201900047083,2019-07-06 12:05:00,2019,7,6,12,5,61,61309,LA METAIRIE (Saint-Jean-de-la-Forêt),48.398187,0.636007,Plein jour,Hors agglomération,Hors intersection,Normale,Deux véhicules - frontale,3,2,2,0,1,1,1,0,1,80,2,2,1,0,0,1,54.0,69.0,utilitaire_camion,utilitaire_camion,1,1,1,1,1
201900047084,2019-07-17 16:00:00,2019,7,17,16,0,49,49362,Allée des Tilleuls,47.217072,-0.061991,Plein jour,En agglomération,Intersection en X,Normale,Deux véhicules - côté,4,2,2,0,1,1,1,0,1,50,2,3,2,0,0,1,27.0,19.0,deux_roues,voiture,1,2,2,1,3
201900047085,2019-07-17 05:25:00,2019,7,17,5,25,34,34194,D609,43.557298,3.469028,Crépuscule ou aube,Hors agglomération,Hors intersection,Normale,Autre collision,3,2,2,0,1,2,1,0,1,80,1,1,0,1,0,0,20.0,,voiture,,2,1,1,1,6
201900047086,2019-07-14 17:40:00,2019,7,14,17,40,1,01389,Route de Baneins,46.078933,4.896632,Plein jour,Hors agglomération,Hors intersection,Normale,Sans collision,3,2,2,0,1,1,1,0,3,80,1,1,0,0,1,0,21.0,,voiture,,1,1,1,1,7
201900047087,2019-07-17 06:00:00,2019,7,17,6,0,1,01227,D992,45.761161,5.715222,Crépuscule ou aube,Hors agglomération,Hors intersection,Normale,Autre collision,3,2,2,0,1,2,1,0,3,80,1,1,0,0,1,0,22.0,,voiture,,2,1,1,1,6
201900047088,2019-07-17 09:15:00,2019,7,17,9,15,70,70181,Point kilométrique 10 - RD 11,47.344105,5.827017,Plein jour,Hors agglomération,Hors intersection,Temps éblouissant,Autre collision,3,2,2,0,4,3,1,0,3,80,1,1,0,1,0,0,64.0,,voiture,,1,1,1,7,6
201900047089,2019-06-29 11:25:00,2019,6,29,11,25,7,07117,D104A,44.445316,4.206798,Plein jour,Hors agglomération,Intersection en X,Normale,Autre collision,3,2,2,0,1,3,1,0,1,80,2,2,1,0,1,0,63.0,66.0,deux_roues,voiture,1,1,2,1,6
201900047090,2019-07-12 13:00:00,2019,7,12,13,0,40,40312,D817,43.539946,-1.462285,Plein jour,Hors agglomération,Giratoire,Normale,Deux véhicules - côté,3,-1,1,0,1,1,1,0,1,50,2,2,1,0,1,0,47.0,39.0,deux_roues,voiture,1,1,6,1,3
201900047091,2019-07-16 21:30:00,2019,7,16,21,30,4,04111,RD 4100,43.927181,5.757322,Crépuscule ou aube,Hors agglomération,Hors intersection,Normale,Autre collision,3,2,2,0,2,2,1,0,3,70,1,1,0,0,1,0,36.0,,voiture,,2,1,1,1,6
201900047092,2019-07-17 17:50:00,2019,7,17,17,50,4,04081,RD 315,43.7570996,5.9451771,Plein jour,Hors agglomération,Hors intersection,Normale,Deux véhicules - frontale,3,2,2,0,2,3,1,0,1,80,2,7,0,0,0,7,50.0,23.0,voiture,voiture,1,1,1,1,1
201900047093,2019-07-16 15:05:00,2019,7,16,15,5,27,27428,8 Route de Conches,49.135866,0.905168,Plein jour,En agglomération,Hors intersection,Normale,Deux véhicules - frontale,3,2,2,0,1,1,1,9,1,50,2,6,5,0,1,0,56.0,32.0,voiture,voiture,1,2,1,1,1
201900047094,2019-07-15 09:30:00,2019,7,15,9,30,30,30133,departemenatle 62 A,43.552944,4.143449,Plein jour,Hors agglomération,Hors intersection,Normale,Deux véhicules - arrière,3,3,4,0,1,1,1,0,1,90,2,2,1,0,1,0,66.0,38.0,deux_roues,utilitaire_camion,1,1,1,1,2
201900047095,2019-07-16 17:00:00,2019,7,16,17,0,19,19176,AUTOROUTE A.89 - PK 241.500 - Sens de circulation CLERMONT-FERRAND - BORDEAUX,45.406796,2.009194,Plein jour,Hors agglomération,Hors intersection,Normale,Deux véhicules - arrière,1,3,4,0,2,1,1,0,1,130,2,5,1,0,1,3,67.0,32.0,voiture,voiture,1,1,1,1,2
201900047096,2019-07-15 11:05:00,2019,7,15,11,5,19,19236,autoroute A89,45.336339,1.898172,Plein jour,Hors agglomération,Hors intersection,Normale,Autre collision,1,1,4,0,1,1,1,0,3,130,1,1,0,0,1,0,46.0,,voiture,,1,1,1,1,6
201900047097,2019-07-15 18:10:00,2019,7,15,18,10,974,97415,Rue Raphaël Barquissau,-21.034745,55.268985,Nuit sans éclairage public,En agglomération,Intersection en T,Normale,Deux véhicules - côté,4,2,2,0,2,1,1,0,1,50,2,2,1,0,0,1,63.0,35.0,voiture,deux_roues,3,2,3,1,3
201900047098,2019-07-16 18:30:00,2019,7,16,18,30,34,34333,Boulevard des Aresquiers,43.489368,3.800185,Plein jour,Hors agglomération,Intersection en X,Normale,Deux véhicules - côté,3,-1,2,0,1,1,1,5,1,70,2,4,2,0,1,1,34.0,79.0,voiture,voiture,1,1,2,1,3
201900047099,2019-07-16 12:30:00,2019,7,16,12,30,78,78455,rd 307,48.844708,2.05582,Plein jour,Hors agglomération,Hors intersection,Normale,Sans collision,3,3,2,0,1,1,1,1,3,90,1,1,0,0,1,0,53.0,,voiture,,1,1,1,1,7
201900047100,2019-07-17 11:30:00,2019,7,17,11,30,6,06085,56 Avenue du Maréchal Juin,43.5971159,6.9871749,Plein jour,En agglomération,Hors intersection,Normale,Autre collision,4,2,2,0,2,1,1,0,4,50,1,2,0,1,0,1,55.0,,deux_roues,,1,2,1,1,6
201900047101,2019-07-17 09:40:00,2019,7,17,9,40,89,89277,"Autorout A6, PK 186.900",47.6814739,3.8564041,Plein jour,Hors agglomération,Hors intersection,Normale,Deux véhicules - arrière,1,3,4,0,1,1,1,0,1,130,2,2,1,0,1,0,57.0,21.0,utilitaire_camion,voiture,1,1,1,1,2
201900047102,2019-07-17 16:21:00,2019,7,17,16,21,17,17348,"RD 123, PR 7+185",45.846867,-1.00993,Plein jour,Hors agglomération,Hors intersection,Normale,Trois véhicules et plus - collisions multiples,3,2,2,0,1,1,1,0,1,80,3,7,2,0,2,3,38.0,21.0,voiture,voiture,1,1,1,1,5
201900047103,2019-07-07 19:25:00,2019,7,7,19,25,34,34166,Avenue de la Paix,43.360003,3.345227,Plein jour,Hors agglomération,Hors intersection,Normale,Autre collision,1,1,3,0,1,1,1,0,8,130,1,2,1,0,1,0,71.0,,voiture,,1,1,1,1,6
201900047104,2019-07-16 17:45:00,2019,7,16,17,45,83,83096,,43.471852,5.821567,Plein jour,Hors agglomération,Hors intersection,Normale,Deux véhicules - arrière,1,3,3,0,2,1,1,0,1,130,2,4,1,0,0,3,56.0,37.0,voiture,voiture,1,1,1,1,2
201900047105,2019-07-16 21:40:00,2019,7,16,21,40,973,97311,Avenue Jean Galmot,5.5037349,-53.968792,Nuit sans éclairage public,Hors agglomération,Hors intersection,Normale,Deux véhicules - frontale,3,2,2,0,1,1,1,0,1,80,2,2,1,0,1,0,38.0,62.0,voiture,deux_roues,3,1,1,1,1
201900047106,2019-07-16 12:10:00,2019,7,16,12,10,973,97311,1500 avenue C.colomb 9732,5.4799194,-54.0370917,Plein jour,En agglomération,Intersection en T,Normale,Deux véhicules - frontale,3,2,2,0,1,1,1,0,1,50,2,2,1,0,1,0,66.0,30.0,deux_roues,voiture,1,2,3,1,1
201900047107,2019-07-17 09:20:00,2019,7,17,9,20,33,33199,D652,44.57546,-1.10069,Plein jour,Hors agglomération,Intersection en T,Normale,Deux véhicules - côté,3,2,2,0,1,1,1,9,1,80,2,2,1,0,1,0,47.0,51.0,transport_commun,voiture,1,1,3,1,3
201900047108,2019-07-17 14:10:00,2019,7,17,14,10,37,37072,la motte,47.1497843,0.2966308,Plein jour,Hors agglomération,Hors intersection,Normale,Deux véhicules - frontale,3,2,2,0,1,1,1,0,1,80,2,2,0,0,2,0,73.0,55.0,voiture,utilitaire_camion,1,1,1,1,1
201900047109,2019-07-17 06:40:00,2019,7,17,6,40,77,77099,RD 40,48.17443,2.7031,Plein jour,Hors agglomération,Hors intersection,Normale,Autre collision,3,2,2,0,1,1,1,0,3,80,1,1,0,0,1,0,21.0,,voiture,,1,1,1,1,6
201900047110,2019-07-16 18:30:00,2019,7,16,18,30,2B,2B205,D80,42.708702,9.341846,Plein jour,Hors agglomération,Hors intersection,Normale,Autre collision,3,2,2,0,1,3,1,0,3,80,1,2,0,0,2,0,32.0,,deux_roues,,1,1,1,1,6
201900047111,2019-12-07 14:00:00,2019,12,7,14,0,80,80779,A16,50.101571,1.874118,Plein jour,Hors agglomération,Hors intersection,Normale,Sans collision,1,1,1,0,2,3,1,3,1,70,1,1,0,0,1,0,21.0,,voiture,,1,1,1,1,7
201900047112,2019-12-07 11:40:00,2019,12,7,11,40,49,49343,29 Rue du Maréchal Juin,47.002829,-0.844925,Plein jour,En agglomération,Giratoire,Normale,Autre collision,4,1,1,0,2,3,1,5,4,50,1,1,0,1,0,0,69.0,,voiture,,1,2,6,1,6
201900047113,2019-12-08 18:00:00,2019,12,8,18,0,988,98810,R.T.1,-20.639902,164.348584,Plein jour,Hors agglomération,Hors intersection,Pluie légère,Sans collision,2,2,2,0,1,3,2,0,3,110,1,4,0,0,0,4,28.0,,voiture,,1,1,1,2,7
201900047114,2019-12-06 16:30:00,2019,12,6,16,30,972,97231,RD7,14.533141,-61.024388,Plein jour,Hors agglomération,Hors intersection,Normale,Deux véhicules - arrière,3,2,2,0,1,1,1,0,1,80,2,2,1,0,1,0,31.0,41.0,deux_roues,voiture,1,1,1,1,2
201900047115,2019-12-08 17:50:00,2019,12,8,17,50,35,35085,54 Avenue Gautier Pere et Fils,48.411326,-1.73899,Nuit avec éclairage non allumé,En agglomération,Hors intersection,Pluie forte,Autre collision,3,2,2,0,2,1,2,0,1,50,2,3,2,1,0,0,26.0,,voiture,,4,2,1,3,6
201900047116,2019-12-08 20:00:00,2019,12,8,20,0,11,11172,D610,43.265501,2.719997,Nuit sans éclairage public,Hors agglomération,Hors intersection,Pluie légère,Deux véhicules - frontale,3,2,2,0,1,1,2,5,1,-1,2,2,0,0,2,0,47.0,30.0,voiture,voiture,3,1,1,2,1
201900047117,2019-12-09 10:00:00,2019,12,9,10,0,60,60395,D923 - Boulevard Pierre de coubertin,49.22202,2.147875,Plein jour,Hors agglomération,Hors intersection,Pluie forte,Deux véhicules - frontale,3,2,2,0,1,1,2,0,1,80,2,2,1,0,1,0,49.0,51.0,voiture,utilitaire_camion,1,1,1,3,1
201900047118,2019-12-09 09:15:00,2019,12,9,9,15,26,26332,rue Louis Poulenard,45.179839,4.849141,Plein jour,Hors agglomération,Intersection en Y,Pluie légère,Sans collision,3,2,2,0,1,2,2,2,4,70,1,1,0,1,0,0,39.0,,voiture,,1,1,4,2,7
201900047119,2019-12-09 16:05:00,2019,12,9,16,5,72,72058,D145,47.9901,0.32502,Plein jour,Hors agglomération,Giratoire,Normale,Autre collision,3,2,2,0,1,2,1,5,1,90,2,2,1,0,0,1,59.0,38.0,voiture,voiture,1,1,6,1,6