accident_id,datetime,annee,mois,jour,heure,minute,departement,commune_insee,adresse,latitude,longitude,luminosite,agglomeration,intersection,meteo,collision,catr,circ,nbv,vosp,prof,plan,surf,infra,situ,vma,nb_vehicules,nb_usagers,nb_indemnes,nb_tues,nb_blesses_hosp,nb_blesses_legers,age_cond_1,age_cond_2,veh_type_cond_1,veh_type_cond_2,lum_code,agg_code,int_code,atm_code,col_code
201900047120,2019-12-05 15:45:00,2019,12,5,15,45,61,61282,A28,48.887217,0.383235,Plein jour,Hors agglomération,Hors intersection,Normale,Autre collision,1,3,4,0,1,1,1,0,1,130,1,1,0,0,0,1,41.0,,utilitaire_camion,,1,1,1,1,6
201900047121,2019-12-04 17:45:00,2019,12,4,17,45,51,51535,RUE DE PARIS,48.7251235,3.714096,Nuit avec éclairage allumé,En agglomération,Intersection en Y,Pluie légère,Deux véhicules - côté,3,2,2,0,2,2,2,0,1,30,2,2,1,0,1,0,17.0,58.0,deux_roues,voiture,5,2,4,2,3
201900047122,2019-12-09 08:00:00,2019,12,9,8,0,77,77227,D78,48.48617,3.34618,Crépuscule ou aube,Hors agglomération,Hors intersection,Pluie légère,Autre collision,3,2,2,0,4,1,2,0,3,80,1,2,0,0,0,2,36.0,,voiture,,2,1,1,2,6
201900047123,2019-12-07 01:15:00,2019,12,7,1,15,76,76224,Les Partages,49.645097,0.295987,Nuit sans éclairage public,Hors agglomération,Hors intersection,Normale,Autre collision,3,2,2,0,1,3,2,0,3,70,1,3,1,0,1,1,25.0,,voiture,,3,1,1,1,6
201900047124,2019-12-09 12:25:00,2019,12,9,12,25,2B,2B315,RT 20,42.248215,9.17586,Plein jour,En agglomération,Hors intersection,Normale,Trois véhicules et plus - en chaîne,2,2,2,0,1,1,1,0,1,50,3,3,0,0,0,3,31.0,64.0,voiture,voiture,1,2,1,1,4
201900047125,2019-11-02 18:10:00,2019,11,2,18,10,82,82141,D96,44.102205,0.933775,Nuit avec éclairage allumé,En agglomération,Intersection en X,Pluie légère,Deux véhicules - côté,3,2,2,0,1,1,2,0,1,50,2,2,1,0,1,0,17.0,24.0,deux_roues,utilitaire_camion,5,2,2,2,3
201900047126,2019-12-09 11:30:00,2019,12,9,11,30,63,63227,Avenue de l'Allier,45.6912089,3.2133179,Plein jour,En agglomération,Hors intersection,Pluie légère,Deux véhicules - frontale,3,2,2,0,1,1,2,0,1,50,2,2,0,0,1,1,59.0,22.0,transport_commun,voiture,1,2,1,2,1
201900047127,2019-12-09 13:40:00,2019,12,9,13,40,76,76255,120 Chaussee de Picardie,50.054145,1.422635,Plein jour,En agglomération,Hors intersection,Normale,Autre collision,3,2,2,0,1,1,1,0,1,50,1,2,1,0,1,0,85.0,,utilitaire_camion,,1,2,1,1,6
201900047128,2019-12-09 17:00:00,2019,12,9,17,0,55,55079,1 Rue Marcel Rondeau,48.707655,5.091456,Nuit sans éclairage public,Hors agglomération,Hors intersection,Pluie légère,Sans collision,3,2,2,0,1,2,2,0,1,80,1,1,0,0,0,1,46.0,,deux_roues,,3,1,1,2,7
201900047129,2019-12-09 01:15:00,2019,12,9,1,15,55,55568,D997,48.709102,5.068706,Nuit sans éclairage public,Hors agglomération,Hors intersection,Autre,Autre collision,3,2,2,0,1,1,2,0,3,80,1,2,0,0,1,1,25.0,,voiture,,3,1,1,9,6
201900047130,2019-12-06 11:45:00,2019,12,6,11,45,49,49069,Lieu Dit la Pohuere,47.350604,-1.095782,Plein jour,Hors agglomération,Hors intersection,Pluie légère,Deux véhicules - frontale,4,2,2,0,1,3,2,0,1,50,2,2,1,0,1,0,61.0,76.0,voiture,voiture,1,1,1,2,1
201900047131,2019-12-06 10:35:00,2019,12,6,10,35,42,42222,28 Route de Cuzieu,45.59558,4.308255,Plein jour,En agglomération,Hors intersection,Normale,Deux véhicules - frontale,3,2,2,0,1,1,1,0,1,50,2,2,0,0,1,1,88.0,63.0,voiture,voiture,1,2,1,1,1
201900047132,2019-12-08 14:15:00,2019,12,8,14,15,34,34175,D908,43.611093,3.322214,Plein jour,Hors agglomération,Intersection en T,Normale,Deux véhicules - frontale,3,2,2,0,1,2,1,5,1,80,2,3,0,1,1,1,26.0,78.0,deux_roues,voiture,1,1,3,1,1
201900047133,2019-12-08 12:15:00,2019,12,8,12,15,25,25583,D36,47.343503,6.660399,Plein jour,En agglomération,Hors intersection,Temps couvert,Autre collision,3,3,2,0,2,2,1,0,3,50,1,1,0,0,0,1,81.0,,voiture,,1,2,1,8,6
201900047134,2019-11-22 17:35:00,2019,11,22,17,35,44,44018,Rue de la Noë,47.139311,-1.66807,Nuit sans éclairage public,Hors agglomération,Hors intersection,Pluie forte,Deux véhicules - frontale,7,2,2,0,1,1,2,0,1,50,2,2,1,0,1,0,91.0,22.0,voiture,voiture,3,1,1,3,1
201900047135,2019-11-08 16:30:00,2019,11,8,16,30,44,44212,15 Route d'Ancenis,47.166041,-1.267551,Plein jour,En agglomération,Hors intersection,Normale,Deux véhicules - côté,4,2,2,0,1,1,1,0,1,50,2,2,1,0,1,0,41.0,23.0,voiture,deux_roues,1,2,1,1,3
201900047136,2019-12-08 18:38:00,2019,12,8,18,38,35,35338,Lieu Dit les Rues,48.05626,-1.280576,Nuit sans éclairage public,Hors agglomération,Hors intersection,Pluie forte,Autre collision,4,-1,2,0,1,1,2,0,1,80,1,2,1,0,1,0,52.0,,voiture,,3,1,1,3,6
201900047137,2019-12-06 08:40:00,2019,12,6,8,40,29,29153,Rue de Park Nonn,47.819712,-3.795126,Plein jour,En agglomération,Hors intersection,Pluie légère,Deux véhicules - côté,4,2,2,0,1,1,2,0,1,50,2,2,1,0,0,1,67.0,14.0,voiture,deux_roues,1,2,1,2,3
201900047138,2019-12-09 04:30:00,2019,12,9,4,30,31,31341,D17,43.723796,1.246372,Nuit sans éclairage public,Hors agglomération,Hors intersection,Pluie forte,Autre collision,3,2,2,0,1,1,2,0,3,-1,1,1,0,1,0,0,27.0,,voiture,,3,1,1,3,6
201900047139,2019-12-08 20:35:00,2019,12,8,20,35,1,01050,D1,46.384515,5.001322,Nuit avec éclairage allumé,Hors agglomération,Hors intersection,Pluie légère,Autre collision,3,2,2,0,1,3,2,0,3,50,1,1,0,0,1,0,31.0,,voiture,,5,1,1,2,6
201900047140,2019-12-07 17:00:00,2019,12,7,17,0,70,70533,D23,47.443999,5.805538,Crépuscule ou aube,Hors agglomération,Hors intersection,Temps couvert,Sans collision,3,2,2,0,2,1,2,0,1,80,1,2,1,0,1,0,24.0,,voiture,,2,1,1,8,7
201900047141,2019-12-08 18:55:00,2019,12,8,18,55,58,58247,D978,47.001684,3.337749,Nuit sans éclairage public,Hors agglomération,Hors intersection,Temps couvert,Deux véhicules - frontale,3,2,2,0,2,2,2,0,1,80,2,6,2,1,2,1,43.0,87.0,voiture,voiture,3,1,1,8,1
201900047142,2019-12-09 10:30:00,2019,12,9,10,30,14,14102,D264,49.222013,0.248963,Plein jour,Hors agglomération,Hors intersection,Temps couvert,Deux véhicules - frontale,3,2,2,0,2,3,2,0,1,80,2,2,0,0,0,2,23.0,31.0,utilitaire_camion,voiture,1,1,1,8,1
201900047143,2019-12-09 17:00:00,2019,12,9,17,0,50,50410,Route de Saint-georges,48.559114,-1.529035,Plein jour,Hors agglomération,Hors intersection,Temps couvert,Deux véhicules - arrière,3,2,2,0,1,1,1,2,1,80,2,3,1,0,1,1,53.0,36.0,voiture,voiture,1,1,1,8,2
201900047144,2019-12-07 12:05:00,2019,12,7,12,5,17,17480,RD 108,46.1438896,-0.8850321,Plein jour,Hors agglomération,Hors intersection,Temps couvert,Autre collision,3,2,2,0,1,2,2,0,3,80,1,1,0,0,1,0,49.0,,voiture,,1,1,1,8,6
201900047145,2019-12-09 08:35:00,2019,12,9,8,35,30,30340,D6086,43.995188,4.576611,Plein jour,Hors agglomération,Hors intersection,Normale,Sans collision,3,2,2,0,1,2,2,0,3,80,1,2,1,0,1,0,22.0,,voiture,,1,1,1,1,7
201900047146,2019-12-09 05:45:00,2019,12,9,5,45,88,88447,Rue des Martinets,47.953905,6.745038,Nuit avec éclairage non allumé,Hors agglomération,Hors intersection,Pluie forte,Autre collision,3,2,2,0,1,1,2,2,1,80,1,2,1,0,1,0,28.0,,voiture,,4,1,1,3,6
201900047147,2019-12-09 13:00:00,2019,12,9,13,0,974,97415,Rue Auguste Vinson,-21.028779,55.268056,Plein jour,En agglomération,Hors intersection,Normale,Deux véhicules - côté,4,2,2,0,1,1,1,0,1,50,2,2,1,0,1,0,26.0,54.0,deux_roues,voiture,1,2,1,1,3
201900047148,2019-12-09 14:30:00,2019,12,9,14,30,80,80507,autoroute A29 pk 218+500,49.86049,2.571065,Plein jour,Hors agglomération,Hors intersection,Temps couvert,Deux véhicules - arrière,1,3,4,0,1,1,1,0,1,130,2,3,2,0,0,1,69.0,78.0,utilitaire_camion,voiture,1,1,1,8,2
201900047149,2019-12-09 10:10:00,2019,12,9,10,10,69,69244,av charles de gaulle,45.75179,4.761301,Plein jour,En agglomération,Hors intersection,Pluie légère,Deux véhicules - frontale,3,2,2,0,2,3,2,0,1,50,2,2,1,0,0,1,53.0,19.0,utilitaire_camion,deux_roues,1,2,1,2,1
201900047150,2019-12-09 08:05:00,2019,12,9,8,5,85,85029,Route de Bourgneuf,47.00725,-1.96228,Crépuscule ou aube,Hors agglomération,Hors intersection,Normale,Autre collision,3,2,2,0,1,1,1,0,8,80,1,1,0,0,0,1,56.0,,utilitaire_camion,,2,1,1,1,6
201900047151,2019-12-08 05:15:00,2019,12,8,5,15,38,38431,A41,45.24331,5.858694,Nuit sans éclairage public,Hors agglomération,Hors intersection,Brouillard / fumée,Deux véhicules - arrière,1,3,4,0,1,1,1,3,1,130,2,3,1,0,2,0,54.0,26.0,utilitaire_camion,voiture,3,1,1,5,2
201900047152,2019-12-08 00:05:00,2019,12,8,0,5,38,38053,A43 PK 035.200,45.597524,5.277613,Nuit avec éclairage allumé,Hors agglomération,Hors intersection,Normale,Deux véhicules - arrière,1,1,4,0,1,3,1,0,1,130,2,6,5,0,0,1,23.0,30.0,voiture,voiture,5,1,1,1,2
201900047153,2019-12-08 12:00:00,2019,12,8,12,0,987,98757,Vallée de HAKAMAII RT 455,-9.398783,-140.07323,Plein jour,En agglomération,Hors intersection,Temps éblouissant,Sans collision,2,2,2,0,2,2,1,0,1,30,1,11,7,0,4,0,23.0,,voiture,,1,2,1,7,7
201900047154,2019-12-06 16:00:00,2019,12,6,16,0,988,98822,tribu d'Ometteux,-20.985583,165.400753,Plein jour,Hors agglomération,Hors intersection,Normale,Sans collision,2,2,2,0,1,1,1,2,1,70,1,3,0,1,2,0,24.0,,voiture,,1,1,1,1,7
201900047155,2019-12-08 21:10:00,2019,12,8,21,10,988,98831,R.T.1,-20.885808,164.660585,Nuit sans éclairage public,Hors agglomération,Hors intersection,Temps couvert,Sans collision,2,2,2,0,2,2,2,0,3,110,1,1,0,0,0,1,59.0,,voiture,,3,1,1,8,7
201900047156,2019-12-07 23:35:00,2019,12,7,23,35,971,97117,D101,16.307748,-61.393373,Nuit sans éclairage public,Hors agglomération,Hors intersection,Normale,Deux véhicules - côté,3,2,2,0,1,1,2,0,1,80,2,2,1,0,1,0,22.0,53.0,voiture,voiture,3,1,1,1,3
201900047157,2019-12-09 13:30:00,2019,12,9,13,30,971,97118,N1,16.217125,-61.599541,Plein jour,Hors agglomération,Hors intersection,Normale,Sans collision,2,3,4,0,2,1,1,0,3,110,1,1,0,0,1,0,46.0,,voiture,,1,1,1,1,7
201900047158,2019-12-07 19:50:00,2019,12,7,19,50,18,18207,Avenue Gabriel Dordain,46.996097,2.253238,Nuit avec éclairage allumé,En agglomération,Hors intersection,Normale,Autre collision,2,2,2,0,1,1,1,0,1,50,1,2,1,0,1,0,29.0,,voiture,,5,2,1,1,6
201900047159,2019-12-09 15:30:00,2019,12,9,15,30,34,34145,Avenue Gaston Baissette,43.672969,4.124781,Plein jour,En agglomération,Autre intersection,Normale,Deux véhicules - côté,9,3,1,0,1,2,1,6,1,-1,2,2,1,0,0,1,11.0,54.0,deux_roues,voiture,1,2,9,1,3
201900047160,2019-12-07 11:45:00,2019,12,7,11,45,84,84122,Route de Bédarrides,44.074972,4.953301,Plein jour,En agglomération,Hors intersection,Normale,Sans collision,3,2,2,0,1,3,1,0,1,80,1,1,0,0,1,0,73.0,,deux_roues,,1,2,1,1,7
201900047161,2019-10-19 14:30:00,2019,10,19,14,30,83,83065,,43.261134,6.575361,Plein jour,Hors agglomération,Hors intersection,Normale,Deux véhicules - arrière,3,1,2,0,1,1,1,0,1,50,2,2,1,0,1,0,40.0,32.0,voiture,deux_roues,1,1,1,1,2
201900047162,2019-12-09 20:07:00,2019,12,9,20,7,13,13027,Avenue de la Durance,43.890218,4.880249,Nuit avec éclairage allumé,En agglomération,Hors intersection,Normale,Deux véhicules - frontale,4,2,2,0,1,1,1,2,1,50,2,2,1,1,0,0,56.0,34.0,utilitaire_camion,voiture,5,2,1,1,1
201900047163,2019-12-09 16:00:00,2019,12,9,16,0,3,03139,,45.9966731,3.7266961,Plein jour,Hors agglomération,Hors intersection,Pluie forte,Sans collision,3,2,2,0,1,1,2,0,1,80,1,1,0,0,1,0,36.0,,deux_roues,,1,1,1,3,7
201900047164,2019-12-08 19:55:00,2019,12,8,19,55,69,69121,120 Route de Lyon,45.85503,4.68153,Nuit avec éclairage allumé,En agglomération,Hors intersection,Normale,Deux véhicules - frontale,3,2,2,0,1,1,2,0,1,50,2,5,3,0,1,1,20.0,27.0,voiture,voiture,5,2,1,1,1
201900047165,2019-12-08 22:50:00,2019,12,8,22,50,81,81271,D630,43.7619,1.6978,Nuit sans éclairage public,Hors agglomération,Hors intersection,Pluie légère,Autre collision,3,2,2,0,1,3,2,0,1,80,1,1,0,0,1,0,21.0,,voiture,,3,1,1,2,6
201900047166,2019-12-02 11:30:00,2019,12,2,11,30,9,09160,1 Rue Alphonse Daudet,42.940208,1.854293,Plein jour,En agglomération,Hors intersection,Pluie légère,Autre collision,3,2,2,0,1,1,2,0,8,50,1,2,1,0,0,1,83.0,,voiture,,1,2,1,2,6
201900047167,2019-12-08 05:30:00,2019,12,8,5,30,29,29087,D765,48.0348,-4.244317,Nuit sans éclairage public,Hors agglomération,Hors intersection,Pluie légère,Deux véhicules - arrière,3,2,2,0,1,1,2,0,3,80,2,7,2,0,2,3,21.0,22.0,voiture,voiture,3,1,1,2,2
201900047168,2019-12-03 07:45:00,2019,12,3,7,45,35,35047,La Roche Marguerite,47.999178,-1.740195,Crépuscule ou aube,Hors agglomération,Hors intersection,Autre,Deux véhicules - frontale,3,2,2,0,2,3,7,0,1,70,2,2,0,0,2,0,27.0,54.0,voiture,voiture,2,1,1,9,1
201900047169,2019-12-09 08:45:00,2019,12,9,8,45,60,60009,RD 1001 - A16,49.4050642,2.1207054,Crépuscule ou aube,Hors agglomération,Giratoire,Pluie forte,Deux véhicules - arrière,3,2,2,0,1,3,2,5,1,80,2,2,1,0,0,1,52.0,36.0,utilitaire_camion,voiture,2,1,6,3,2
201900047170,2019-12-09 16:55:00,2019,12,9,16,55,80,80685,Rue Saint-gilles,49.690259,2.788083,Nuit avec éclairage allumé,En agglomération,Intersection en Y,Normale,Deux véhicules - côté,3,2,2,0,1,1,1,0,1,50,2,2,1,0,0,1,52.0,82.0,deux_roues,voiture,5,2,4,1,3
201900047171,2019-12-07 12:00:00,2019,12,7,12,0,13,13215,A7-Sens Lyon vers Marseille,43.36743,5.36076,Plein jour,Hors agglomération,Hors intersection,Normale,Deux véhicules - arrière,1,1,3,0,1,1,1,1,1,90,2,3,0,0,0,3,58.0,60.0,voiture,voiture,1,1,1,1,2
201900047172,2019-12-07 23:30:00,2019,12,7,23,30,13,13215,A7-Sens Lyon vers Marseille,43.3476,5.37131,Nuit sans éclairage public,Hors agglomération,Hors intersection,Normale,Deux véhicules - arrière,1,1,3,0,3,1,1,0,1,90,2,4,1,0,0,3,31.0,31.0,voiture,voiture,3,1,1,1,2
201900047173,2019-12-08 22:45:00,2019,12,8,22,45,33,33249,ROUTE NATIONALE 230,44.88445,-0.51046,Nuit avec éclairage allumé,Hors agglomération,Hors intersection,Temps couvert,Autre collision,2,1,2,0,2,2,1,3,1,50,1,4,2,0,0,2,18.0,,voiture,,5,1,1,8,6
201900047174,2019-12-08 16:21:00,2019,12,8,16,21,94,94034,AUTOROUTE A86,48.7588,2.3248,Plein jour,Hors agglomération,Hors intersection,Normale,Trois véhicules et plus - en chaîne,1,3,4,0,1,1,1,1,1,70,4,6,3,0,0,3,46.0,22.0,utilitaire_camion,utilitaire_camion,1,1,1,1,4
201900047175,2019-12-05 09:00:00,2019,12,5,9,0,78,78418,A14,48.91338,2.1585,Plein jour,Hors agglomération,Hors intersection,Normale,Deux véhicules - arrière,1,1,9,0,1,1,2,7,1,50,2,2,1,0,0,1,56.0,37.0,voiture,deux_roues,1,1,1,1,2
201900047176,2019-12-07 18:30:00,2019,12,7,18,30,92,92050,A14,48.9011006,2.205936,Nuit avec éclairage allumé,Hors agglomération,Hors intersection,Normale,Trois véhicules et plus - en chaîne,1,1,4,0,1,1,1,1,1,70,3,5,3,0,0,2,25.0,39.0,voiture,voiture,5,1,1,1,4
201900047177,2019-12-08 20:45:00,2019,12,8,20,45,93,93064,AUTOROUTE A103,48.8867106,2.4800627,Nuit sans éclairage public,Hors agglomération,Hors intersection,Normale,Trois véhicules et plus - en chaîne,1,3,4,0,2,1,1,0,1,90,4,4,2,0,0,2,19.0,35.0,voiture,voiture,3,1,1,1,4
201900047178,2019-12-08 13:40:00,2019,12,8,13,40,77,77249,RN104,48.757299,2.615454,Plein jour,Hors agglomération,Hors intersection,Pluie forte,Autre collision,2,3,4,0,1,1,2,0,1,110,1,5,1,0,0,4,19.0,,voiture,,1,1,1,3,6
201900047179,2019-12-08 01:05:00,2019,12,8,1,5,77,77384,A5b,48.59495,2.63531,Nuit sans éclairage public,Hors agglomération,Hors intersection,Pluie légère,Deux véhicules - arrière,1,-1,2,0,1,1,2,0,1,110,2,1,0,0,0,1,25.0,,voiture,,3,1,1,2,2
201900047180,2019-12-07 00:40:00,2019,12,7,0,40,94,94028,A86 INT,48.80311,2.44808,Nuit avec éclairage allumé,Hors agglomération,Hors intersection,Pluie légère,Deux véhicules - arrière,1,3,4,0,1,3,2,0,1,90,2,3,1,0,0,2,36.0,43.0,voiture,voiture,5,1,1,2,2
201900047181,2019-11-27 18:10:00,2019,11,27,18,10,71,71153,MARECHAL FOCH (RUE),46.805193,4.457381,Nuit sans éclairage public,En agglomération,Intersection en T,Pluie légère,Deux véhicules - côté,4,2,2,0,1,1,2,0,1,50,2,3,1,0,1,1,74.0,28.0,voiture,voiture,3,2,3,2,3
201900047182,2019-12-07 18:30:00,2019,12,7,18,30,69,69388,VIENNE (DE)                         (RO),45.72976,4.8536,Nuit avec éclairage allumé,En agglomération,Intersection en X,Normale,Deux véhicules - côté,4,2,5,1,1,1,1,0,1,50,2,2,1,0,0,1,62.0,24.0,voiture,deux_roues,5,2,2,1,3
201900047183,2019-12-07 13:15:00,2019,12,7,13,15,69,69386,MASSENA                             (R ),45.7682,4.85445,Plein jour,En agglomération,Intersection en X,Normale,Deux véhicules - côté,4,1,1,0,1,1,1,0,1,50,2,2,1,0,0,1,24.0,29.0,voiture,deux_roues,1,2,2,1,3
201900047184,2019-12-05 21:00:00,2019,12,5,21,0,972,97209,CHATEAUBOEUF (ROUTE DE),14.61511,-61.03941,Nuit avec éclairage allumé,En agglomération,Hors intersection,Normale,Autre collision,3,2,2,0,1,1,1,9,1,50,1,3,0,0,1,2,22.0,,deux_roues,,5,2,1,1,6
201900047185,2019-12-07 22:20:00,2019,12,7,22,20,69,69381,JEAN MOULIN                         (QU),45.76767,4.83789,Nuit avec éclairage allumé,En agglomération,Hors intersection,Normale,Autre collision,4,1,4,0,1,1,1,0,1,50,1,2,1,0,1,0,31.0,,deux_roues,,5,2,1,1,6
201900047186,2019-12-07 15:47:00,2019,12,7,15,47,69,69389,BEN GOURION   (AV),45.788,4.788,Plein jour,En agglomération,Hors intersection,Normale,Autre collision,4,1,4,0,1,1,1,0,1,50,1,2,1,0,0,1,24.0,,voiture,,1,2,1,1,6
201900047187,2019-12-07 04:10:00,2019,12,7,4,10,69,69382,HRANT DINK                         (R),45.7379,4.8152,Nuit avec éclairage allumé,En agglomération,Place,Normale,Autre collision,7,1,1,0,1,1,1,0,1,30,1,2,0,0,0,2,,,,,5,2,7,1,6
201900047188,2019-12-02 19:00:00,2019,12,2,19,0,69,69149,FRANCISQUE JOMARD                   (R ),45.71949,4.7785,Nuit avec éclairage allumé,Hors agglomération,Intersection en T,Normale,Deux véhicules - arrière,3,2,2,0,1,1,1,0,1,50,2,3,1,0,0,2,29.0,,voiture,,5,1,3,1,2
201900047189,2019-12-06 12:30:00,2019,12,6,12,30,2B,2B120,IMPERIALE (Route) D464 ,42.63241,9.43531,Plein jour,Hors agglomération,Hors intersection,Normale,Deux véhicules - côté,3,2,1,0,1,1,1,0,1,50,2,2,1,0,0,1,27.0,38.0,utilitaire_camion,deux_roues,1,1,1,1,3
201900047190,2019-12-07 13:30:00,2019,12,7,13,30,971,97101,BAZIN,16.2741,-61.4989,Plein jour,En agglomération,Hors intersection,Pluie légère,Autre collision,4,2,2,0,2,2,2,0,8,50,1,2,1,0,0,1,54.0,,voiture,,1,2,1,2,6
201900047191,2019-12-03 08:10:00,2019,12,3,8,10,971,97101,RN1-  HAUTEUR DE SORTIE LAURICISQUE,16.25394,-61.53642,Plein jour,Hors agglomération,Autre intersection,Normale,Deux véhicules - arrière,2,1,2,0,1,1,1,0,1,80,2,2,1,0,0,1,21.0,46.0,voiture,voiture,1,1,9,1,2
201900047192,2019-12-06 09:43:00,2019,12,6,9,43,88,88209,EPINAL (RUE D'),48.1933,6.4379,Plein jour,En agglomération,Hors intersection,Temps couvert,Deux véhicules - côté,3,2,3,0,1,1,2,0,1,50,2,2,1,0,0,1,76.0,27.0,voiture,voiture,1,2,1,8,3
201900047193,2019-11-28 19:30:00,2019,11,28,19,30,80,80001,DOULLENS (de),50.10813,1.85335,Nuit avec éclairage allumé,En agglomération,Autre intersection,Temps couvert,Autre collision,4,2,2,3,2,1,1,6,1,30,1,1,0,0,1,0,,,,,5,2,9,8,6
201900047194,2019-12-07 22:00:00,2019,12,7,22,0,78,78551,RN 184,48.94683,2.09517,Nuit sans éclairage public,Hors agglomération,Intersection en X,Normale,Autre collision,2,2,-1,-1,1,1,2,5,1,-1,1,2,1,0,1,0,31.0,,utilitaire_camion,,3,1,2,1,6
201900047195,2019-11-21 19:00:00,2019,11,21,19,0,78,78498,FOCH AV,48.9331,2.05685,Nuit avec éclairage allumé,En agglomération,Intersection en T,Pluie légère,Deux véhicules - arrière,4,2,2,0,1,1,2,0,1,50,2,2,1,0,0,1,37.0,26.0,voiture,voiture,5,2,3,2,2
201900047196,2019-12-07 17:21:00,2019,12,7,17,21,69,69256,JEAN MOULIN                         (AV),45.78936,4.91777,Nuit avec éclairage allumé,En agglomération,Intersection en X,Normale,Deux véhicules - côté,7,2,2,0,1,1,1,0,1,30,2,3,2,0,0,1,45.0,,voiture,,5,2,2,1,3
201900047197,2019-12-07 11:45:00,2019,12,7,11,45,64,64284,CHARLES DE GAULLE,43.2866,-0.38962,Plein jour,En agglomération,Hors intersection,Normale,Deux véhicules - arrière,4,2,2,0,1,1,1,5,1,50,2,2,1,0,0,1,84.0,58.0,voiture,voiture,1,2,1,1,2
201900047198,2019-12-07 11:00:00,2019,12,7,11,0,64,64445,GENERAL DE GAULLE DU,43.3020613,-0.3548376,Plein jour,En agglomération,Hors intersection,Normale,Deux véhicules - arrière,4,2,5,2,1,1,1,0,1,50,2,2,1,0,0,1,44.0,52.0,voiture,voiture,1,2,1,1,2
201900047199,2019-12-07 17:35:00,2019,12,7,17,35,64,64102,SABALCE (CHEMIN DE),43.49318,-1.49133,Nuit avec éclairage allumé,En agglomération,Hors intersection,Normale,Deux véhicules - arrière,4,2,2,0,1,1,1,0,1,50,2,3,1,0,0,2,29.0,60.0,voiture,voiture,5,2,1,1,2
201900047200,2019-12-07 07:40:00,2019,12,7,7,40,64,64024,ADOUR (AVENUE DE L'),43.5157527,-1.5013224,Crépuscule ou aube,En agglomération,Hors intersection,Normale,Autre collision,4,2,2,0,1,1,1,0,1,30,1,2,1,0,0,1,22.0,,voiture,,2,2,1,1,6
201900047201,2019-12-07 05:15:00,2019,12,7,5,15,59,59350,ESPLANADE FACADE,50.64354,3.05291,Nuit avec éclairage allumé,En agglomération,Intersection en T,Pluie légère,Deux véhicules - frontale,4,2,5,0,1,2,2,0,1,50,2,2,1,0,1,0,22.0,26.0,voiture,deux_roues,5,2,3,2,1
201900047202,2019-12-07 01:00:00,2019,12,7,1,0,56,56121,BELGIQUE (RUE  DE ),47.7582,-3.37604,Nuit avec éclairage allumé,En agglomération,Hors intersection,Normale,Autre collision,3,2,2,0,1,1,1,0,1,50,1,1,0,0,0,1,,,,,5,2,1,1,6
201900047203,2019-12-06 08:45:00,2019,12,6,8,45,56,56083,ALLENDE ( AV. PRES. SALVADOR ),47.80556,-3.26056,Plein jour,En agglomération,Hors intersection,Normale,Autre collision,3,2,2,0,1,1,1,0,1,50,1,1,0,0,0,1,75.0,,voiture,,1,2,1,1,6
201900047204,2019-12-07 18:50:00,2019,12,7,18,50,51,51454,AVENUE GEORGES HODIN,49.22473,4.03759,Nuit avec éclairage allumé,En agglomération,Intersection en X,Normale,Deux véhicules - côté,4,2,2,0,1,1,2,0,1,50,2,4,3,0,0,1,47.0,16.0,voiture,deux_roues,5,2,2,1,3
201900047205,2019-12-06 19:35:00,2019,12,6,19,35,51,51573,ROUTE DE CHAMPIGNY,49.2555124,3.9824621,Nuit avec éclairage allumé,En agglomération,Intersection en T,Pluie légère,Deux véhicules - côté,4,2,2,0,1,1,1,0,1,50,2,1,0,0,0,1,16.0,,deux_roues,,5,2,3,2,3
201900047206,2019-12-07 16:20:00,2019,12,7,16,20,45,45232,RUE DE CHAMPAGNE,47.8427272,1.9177955,Plein jour,En agglomération,Hors intersection,Temps couvert,Autre collision,6,-1,0,0,1,1,1,0,1,30,1,2,1,0,0,1,31.0,,voiture,,1,2,1,8,6
201900047207,2019-12-06 19:15:00,2019,12,6,19,15,43,43046,CHAMPS-ELYSEES (AVENUE DES),45.0533883,3.898344,Nuit avec éclairage allumé,En agglomération,Autre intersection,Normale,Autre collision,2,2,2,0,1,1,1,0,1,50,1,2,1,0,1,0,61.0,,voiture,,5,2,9,1,6
201900047208,2019-12-06 10:55:00,2019,12,6,10,55,42,42207,RIVE QUAI DE LA,45.4821,4.52518,Plein jour,En agglomération,Autre intersection,Temps éblouissant,Sans collision,4,1,1,3,1,1,1,6,1,50,1,2,1,0,0,1,54.0,,voiture,,1,2,9,7,7
201900047209,2019-12-07 18:05:00,2019,12,7,18,5,37,37122,SAINT LEGER (RUE DE),47.34563,0.65315,Nuit avec éclairage allumé,En agglomération,Hors intersection,Pluie légère,Deux véhicules - côté,4,2,2,0,1,1,2,0,1,50,2,2,0,0,0,2,49.0,49.0,voiture,voiture,5,2,1,2,3
201900047210,2019-12-07 21:30:00,2019,12,7,21,30,35,35051,POMMERAIE (LIEU-DIT LA),48.13143,-1.5988,Nuit sans éclairage public,Hors agglomération,Hors intersection,Normale,Deux véhicules - arrière,4,2,2,0,2,1,1,0,1,70,2,3,1,0,0,2,44.0,39.0,utilitaire_camion,voiture,3,1,1,1,2