accident_id,datetime,annee,mois,jour,heure,minute,departement,commune_insee,adresse,latitude,longitude,luminosite,agglomeration,intersection,meteo,collision,catr,circ,nbv,vosp,prof,plan,surf,infra,situ,vma,nb_vehicules,nb_usagers,nb_indemnes,nb_tues,nb_blesses_hosp,nb_blesses_legers,age_cond_1,age_cond_2,veh_type_cond_1,veh_type_cond_2,lum_code,agg_code,int_code,atm_code,col_code
201900047302,2019-05-15 12:34:00,2019,5,15,12,34,85,85147,rd 752 - pk 30+980,46.72931,-0.81025,Plein jour,Hors agglomération,Hors intersection,Temps éblouissant,Trois véhicules et plus - collisions multiples,3,3,2,0,1,1,1,0,1,80,3,3,1,0,1,1,19.0,29.0,utilitaire_camion,voiture,1,1,1,7,5
201900047303,2019-05-16 17:20:00,2019,5,16,17,20,67,67446,18 Rue du Pasteur Schroeder,48.872367,7.525335,Plein jour,En agglomération,Hors intersection,Normale,Autre collision,3,2,2,0,1,1,1,0,1,30,1,3,2,0,1,0,42.0,,voiture,,1,2,1,1,6
201900047304,2019-04-25 08:05:00,2019,4,25,8,5,6,06147,Boulevard Léon Sauvan,43.787721,7.272597,Plein jour,En agglomération,Hors intersection,Normale,Deux véhicules - arrière,7,2,2,0,1,1,1,0,1,50,2,3,2,0,0,1,52.0,44.0,voiture,voiture,1,2,1,1,2
201900047305,2019-01-12 05:30:00,2019,1,12,5,30,6,06114,Route de LEVENS,43.751857,7.277892,Nuit sans éclairage public,Hors agglomération,Hors intersection,Normale,Deux véhicules - frontale,7,2,2,0,2,3,1,0,1,80,2,3,0,0,2,1,73.0,23.0,voiture,voiture,3,1,1,1,1
201900047306,2019-05-12 15:20:00,2019,5,12,15,20,52,52282,CHEMIN COMMUNAL,47.974846,5.164639,Plein jour,Hors agglomération,Hors intersection,Normale,Autre collision,4,-1,2,0,1,1,6,0,3,50,1,1,0,0,0,1,48.0,,deux_roues,,1,1,1,1,6
201900047307,2019-05-01 18:00:00,2019,5,1,18,0,52,52282,rd 143 - pk12+300,47.996562,5.179123,Plein jour,Hors agglomération,Hors intersection,Normale,Deux véhicules - côté,3,2,2,0,4,3,1,0,1,80,2,3,1,0,2,0,43.0,54.0,deux_roues,deux_roues,1,1,1,1,3
201900047308,2019-05-14 15:50:00,2019,5,14,15,50,73,73330,D1504,45.7058414,5.7427439,Plein jour,Hors agglomération,Hors intersection,Vent fort / tempête,Autre collision,3,2,2,0,1,1,1,9,1,80,2,2,1,0,1,0,48.0,25.0,utilitaire_camion,deux_roues,1,1,1,6,6
201900047309,2019-05-15 12:45:00,2019,5,15,12,45,9,09061,intersection D628 - lieu dit Montagne,43.124173,1.344569,Plein jour,Hors agglomération,Hors intersection,Normale,Deux véhicules - arrière,3,2,2,0,1,1,1,0,1,80,2,2,1,0,1,0,54.0,24.0,deux_roues,voiture,1,1,1,1,2
201900047310,2019-05-06 16:15:00,2019,5,6,16,15,60,60034,RD 916,49.4451378,2.4361753,Plein jour,Hors agglomération,Hors intersection,Normale,Deux véhicules - frontale,3,2,2,0,1,1,1,0,1,80,2,3,0,0,3,0,33.0,50.0,utilitaire_camion,voiture,1,1,1,1,1
201900047311,2019-05-23 15:55:00,2019,5,23,15,55,16,16144,Ld Les Maisons Rouges,45.886044,0.059951,Plein jour,Hors agglomération,Hors intersection,Normale,Deux véhicules - côté,3,2,2,0,1,1,1,0,1,80,2,3,2,0,1,0,43.0,56.0,voiture,deux_roues,1,1,1,1,3
201900047312,2019-05-03 13:15:00,2019,5,3,13,15,16,16366,,45.627947,-0.254166,Plein jour,Hors agglomération,Hors intersection,Normale,Sans collision,3,2,2,-1,1,1,1,0,3,80,1,1,0,0,1,0,38.0,,deux_roues,,1,1,1,1,7
201900047313,2019-05-09 18:39:00,2019,5,9,18,39,74,74268,A41,45.88036,6.076013,Plein jour,Hors agglomération,Hors intersection,Normale,Trois véhicules et plus - collisions multiples,1,2,2,0,1,2,2,0,1,50,3,3,2,0,0,1,19.0,33.0,voiture,voiture,1,1,1,1,5
201900047314,2019-05-28 12:30:00,2019,5,28,12,30,84,84142,Route de l'Isle Sur la Sorgue,43.974329,5.03881,Plein jour,Hors agglomération,Intersection en T,Normale,Deux véhicules - côté,3,2,2,0,1,2,1,0,1,80,2,2,1,0,1,0,82.0,31.0,deux_roues,voiture,1,1,3,1,3
201900047315,2019-05-27 17:00:00,2019,5,27,17,0,43,43040,Avenue d'Auvergne,45.307277,3.376879,Plein jour,En agglomération,Hors intersection,Normale,Deux véhicules - frontale,3,2,2,0,1,1,1,0,1,-1,2,2,0,0,1,1,50.0,83.0,voiture,voiture,1,2,1,1,1
201900047316,2019-05-13 12:33:00,2019,5,13,12,33,68,68178,5 rue de la lauch,47.943605,7.126173,Plein jour,En agglomération,Hors intersection,Normale,Deux véhicules - frontale,4,2,2,0,2,3,1,0,1,50,2,2,1,0,1,0,19.0,17.0,voiture,deux_roues,1,2,1,1,1
201900047317,2019-05-21 20:05:00,2019,5,21,20,5,95,95504,D78,49.101881,2.303868,Crépuscule ou aube,Hors agglomération,Hors intersection,Normale,Deux véhicules - côté,3,2,3,0,1,2,1,5,1,50,2,2,1,0,1,0,47.0,26.0,deux_roues,utilitaire_camion,2,1,1,1,3
201900047318,2019-05-21 06:50:00,2019,5,21,6,50,86,86297,3 Rue Firmin Petit,46.602062,0.286889,Crépuscule ou aube,En agglomération,Hors intersection,Brouillard / fumée,Deux véhicules - frontale,3,2,2,0,1,3,1,0,1,50,2,2,1,0,1,0,45.0,21.0,transport_commun,voiture,2,2,1,5,1
201900047319,2019-05-12 12:25:00,2019,5,12,12,25,86,86297,Route de la Torchaise,46.554436,0.250326,Plein jour,Hors agglomération,Hors intersection,Temps éblouissant,Deux véhicules - côté,3,2,2,0,1,1,1,0,1,80,2,1,0,0,1,0,29.0,,deux_roues,,1,1,1,7,3
201900047320,2019-05-13 01:00:00,2019,5,13,1,0,33,33332,D 10,45.033849,0.008,Nuit avec éclairage allumé,Hors agglomération,Hors intersection,Normale,Trois véhicules et plus - collisions multiples,3,2,2,0,1,2,1,0,1,80,4,4,1,0,0,3,32.0,30.0,utilitaire_camion,voiture,5,1,1,1,5
201900047321,2019-05-25 19:50:00,2019,5,25,19,50,40,40304,Quai du Bourret,43.653888,-1.433086,Plein jour,En agglomération,Autre intersection,Normale,Deux véhicules - frontale,4,2,2,0,1,1,1,0,1,50,2,2,1,0,1,0,17.0,38.0,deux_roues,utilitaire_camion,1,2,9,1,1
201900047322,2019-04-30 11:55:00,2019,4,30,11,55,40,40065,Boulevard des Cigales,43.644626,-1.426874,Plein jour,En agglomération,Giratoire,Normale,Autre collision,3,3,2,0,1,1,1,0,1,50,1,2,1,0,1,0,45.0,,voiture,,1,2,6,1,6
201900047323,2019-05-16 17:45:00,2019,5,16,17,45,33,33352,RD9E1/Parking agents SNCF,44.57962,-0.0297,Plein jour,En agglomération,Hors intersection,Normale,Deux véhicules - côté,3,2,2,0,1,1,1,0,1,50,2,2,1,0,0,1,16.0,45.0,deux_roues,voiture,1,2,1,1,3
201900047324,2019-05-11 15:30:00,2019,5,11,15,30,33,33221,le bourg,44.55936,0.05781,Plein jour,En agglomération,Intersection en T,Normale,Deux véhicules - côté,3,2,2,0,1,1,1,0,1,50,2,3,1,0,0,2,52.0,16.0,voiture,deux_roues,1,2,3,1,3
201900047325,2019-05-24 13:40:00,2019,5,24,13,40,17,17230,123 Boulevard de Suzac,45.5773065,-0.9838423,Plein jour,Hors agglomération,Hors intersection,Normale,Deux véhicules - côté,3,2,2,0,4,3,1,0,1,80,2,2,1,0,1,0,65.0,63.0,deux_roues,voiture,1,1,1,1,3
201900047326,2019-05-17 19:10:00,2019,5,17,19,10,17,17131,Boulevard du Repos,45.581172,-0.832324,Plein jour,En agglomération,Giratoire,Pluie légère,Deux véhicules - côté,3,2,2,0,1,1,2,5,1,50,2,2,1,0,1,0,26.0,76.0,deux_roues,voiture,1,2,6,2,3
201900047327,2019-05-27 17:00:00,2019,5,27,17,0,34,34243,rue du chemin neuf,43.896496,3.737442,Plein jour,En agglomération,Hors intersection,Normale,Autre collision,3,2,2,0,1,1,1,0,1,50,1,2,1,0,1,0,54.0,,deux_roues,,1,2,1,1,6
201900047328,2019-05-10 19:00:00,2019,5,10,19,0,6,06044,747 Route du Pont de Pierre,43.682928,7.091124,Crépuscule ou aube,En agglomération,Intersection en Y,Normale,Deux véhicules - côté,3,2,2,0,1,3,1,0,1,50,2,2,1,0,0,1,39.0,59.0,voiture,deux_roues,2,2,4,1,3
201900047329,2019-05-30 12:15:00,2019,5,30,12,15,74,74238,Tunnel des Tines D902,46.247035,6.636617,Plein jour,Hors agglomération,Hors intersection,Normale,Deux véhicules - frontale,3,2,2,0,2,3,1,1,1,80,2,2,0,0,2,0,33.0,17.0,deux_roues,deux_roues,1,1,1,1,1
201900047330,2019-05-29 14:15:00,2019,5,29,14,15,36,36230,PLACE DE LA RÉPUBLIQUE,47.071377,1.809685,Plein jour,En agglomération,Hors intersection,Normale,Deux véhicules - arrière,3,2,2,0,1,1,1,0,1,50,2,2,1,0,1,0,48.0,77.0,utilitaire_camion,deux_roues,1,2,1,1,2
201900047331,2019-05-06 18:40:00,2019,5,6,18,40,36,36059,Lieu dit : Les Genêts,46.8790007,1.9674374,Plein jour,Hors agglomération,Hors intersection,Normale,Autre collision,3,2,2,0,1,1,1,0,3,80,1,1,0,1,0,0,81.0,,voiture,,1,1,1,1,6
201900047332,2019-05-04 12:40:00,2019,5,4,12,40,36,36229,lieu dit le port,47.2128955,1.6048561,Plein jour,Hors agglomération,Hors intersection,Pluie forte,Sans collision,3,2,2,0,1,2,2,0,1,50,1,1,0,0,1,0,44.0,,deux_roues,,1,1,1,3,7
201900047333,2019-05-31 15:10:00,2019,5,31,15,10,41,41055,"Route de Chambon (seillac, Chouzy-sur-Cisse)",47.529482,1.235455,Plein jour,Hors agglomération,Intersection en Y,Normale,Deux véhicules - côté,3,2,2,0,1,2,1,0,1,50,2,3,1,0,2,0,64.0,46.0,voiture,deux_roues,1,1,4,1,3
201900047334,2019-05-17 11:45:00,2019,5,17,11,45,41,41167,CHEMIN DU ROY,47.482631,1.140113,Plein jour,Hors agglomération,Intersection en T,Normale,Deux véhicules - frontale,4,2,2,0,1,1,1,0,1,80,2,3,2,0,0,1,72.0,73.0,voiture,voiture,1,1,3,1,1
201900047335,2019-05-30 05:10:00,2019,5,30,5,10,76,76288,Rue des Essarts,49.8099639,1.2558532,Nuit sans éclairage public,Hors agglomération,Hors intersection,Normale,Autre collision,3,-1,2,0,1,3,1,0,3,50,1,1,0,0,1,0,16.0,,deux_roues,,3,1,1,1,6
201900047336,2019-05-09 12:40:00,2019,5,9,12,40,76,76624,Rue robert lefranc,49.877117,1.231047,Plein jour,En agglomération,Autre intersection,Pluie légère,Sans collision,3,2,2,0,1,1,2,6,4,50,1,1,0,0,0,1,15.0,,deux_roues,,1,2,9,2,7
201900047337,2019-05-13 18:40:00,2019,5,13,18,40,31,31116,100 Route de Pechbonnieu,43.695508,1.450591,Plein jour,En agglomération,Giratoire,Normale,Trois véhicules et plus - collisions multiples,3,2,2,0,1,4,1,0,1,50,3,4,2,0,2,0,26.0,54.0,deux_roues,deux_roues,1,2,6,1,5
201900047338,2019-05-07 17:00:00,2019,5,7,17,0,31,31282,Place Vincent Auriol,43.671067,1.45092,Plein jour,En agglomération,Place,Normale,Deux véhicules - frontale,4,1,1,1,2,1,1,0,1,50,2,2,1,0,1,0,54.0,64.0,voiture,deux_roues,1,2,7,1,1
201900047339,2019-05-23 12:30:00,2019,5,23,12,30,988,98812,RPN7,-20.476862,164.318544,Plein jour,Hors agglomération,Hors intersection,Normale,Autre collision,3,2,2,0,3,3,1,0,3,110,1,3,0,0,0,3,39.0,,voiture,,1,1,1,1,6
201900047340,2019-05-29 14:00:00,2019,5,29,14,0,42,42120,Rue de la Bruyère,45.992711,3.984108,Plein jour,En agglomération,Intersection en X,Normale,Deux véhicules - côté,3,2,2,0,1,1,1,0,1,70,2,3,0,0,2,1,75.0,27.0,voiture,voiture,1,2,2,1,3
201900047341,2019-05-25 08:50:00,2019,5,25,8,50,42,42074,RD 57- La Charmadery,46.08015,4.178551,Plein jour,Hors agglomération,Hors intersection,Normale,Sans collision,3,2,2,0,2,2,1,0,8,80,1,1,0,0,1,0,21.0,,voiture,,1,1,1,1,7
201900047342,2019-05-02 11:25:00,2019,5,2,11,25,42,42069,D43,46.015231,4.07131,Plein jour,En agglomération,Hors intersection,Pluie légère,Autre collision,3,2,2,0,2,3,2,0,3,50,1,2,0,0,0,2,72.0,,deux_roues,,1,2,1,2,6
201900047343,2019-05-18 18:05:00,2019,5,18,18,5,31,31253,39 Route de l'Aérodrome,43.458819,1.25221,Plein jour,En agglomération,Hors intersection,Temps couvert,Deux véhicules - frontale,3,2,2,0,1,1,1,0,1,50,2,2,1,0,0,1,43.0,48.0,utilitaire_camion,utilitaire_camion,1,2,1,8,1
201900047344,2019-05-08 09:25:00,2019,5,8,9,25,31,31547,2051 ROUTE DE LABASTIDETTE,43.490567,1.282099,Plein jour,Hors agglomération,Hors intersection,Normale,Autre collision,3,2,2,0,1,2,1,0,3,80,1,1,0,0,1,0,29.0,,deux_roues,,1,1,1,1,6
201900047345,2019-05-24 11:09:00,2019,5,24,11,9,31,31044,rond point ribaute,43.609568,1.497847,Plein jour,En agglomération,Giratoire,Pluie légère,Deux véhicules - frontale,3,2,2,3,1,1,2,5,6,50,2,2,1,0,1,0,42.0,56.0,voiture,deux_roues,1,2,6,2,1
201900047346,2019-05-03 13:30:00,2019,5,3,13,30,31,31163,D826,43.59937,1.624768,Plein jour,Hors agglomération,Hors intersection,Normale,Deux véhicules - frontale,3,2,2,0,1,3,1,0,1,80,2,2,1,0,1,0,55.0,40.0,deux_roues,voiture,1,1,1,1,1
201900047347,2019-05-30 16:10:00,2019,5,30,16,10,57,57725,RD 88 A,48.950164,6.92833,Plein jour,En agglomération,Hors intersection,Normale,Autre collision,3,2,2,0,1,2,1,0,4,50,1,1,0,0,1,0,37.0,,deux_roues,,1,2,1,1,6
201900047348,2019-05-28 13:10:00,2019,5,28,13,10,57,57255,27 grande rue,48.79067,7.005969,Plein jour,En agglomération,Hors intersection,Normale,Deux véhicules - frontale,3,2,2,0,1,3,1,0,1,50,2,4,3,0,0,1,40.0,28.0,voiture,voiture,1,2,1,1,1
201900047349,2019-05-21 15:30:00,2019,5,21,15,30,81,81315,AU SANS-SOUCI,43.6259286,2.1166523,Plein jour,Hors agglomération,Hors intersection,Normale,Autre collision,3,2,2,0,1,1,1,0,3,80,1,2,0,0,1,1,71.0,,voiture,,1,1,1,1,6
201900047350,2019-05-18 21:45:00,2019,5,18,21,45,81,81040,1 Chemin des Roseaux,43.716038,2.071085,Nuit avec éclairage allumé,En agglomération,Hors intersection,Normale,Autre collision,3,2,2,0,4,3,1,0,3,50,1,1,0,0,1,0,37.0,,deux_roues,,5,2,1,1,6
201900047351,2019-05-24 10:00:00,2019,5,24,10,0,81,81097,RD 13,43.8651,2.229544,Plein jour,Hors agglomération,Hors intersection,Pluie forte,Deux véhicules - arrière,3,2,2,0,1,1,2,0,1,80,2,1,0,0,0,1,36.0,,utilitaire_camion,,1,1,1,3,2
201900047352,2019-05-22 15:30:00,2019,5,22,15,30,81,81026,RD 77 - PK04+500,43.919716,2.302886,Plein jour,Hors agglomération,Hors intersection,Normale,Deux véhicules - frontale,3,2,2,0,2,2,1,0,1,80,2,2,1,0,1,0,66.0,53.0,deux_roues,utilitaire_camion,1,1,1,1,1
201900047353,2019-05-12 06:15:00,2019,5,12,6,15,81,81260,La Rouzade,43.7749766,2.2241204,Nuit sans éclairage public,Hors agglomération,Hors intersection,Temps couvert,Sans collision,3,2,2,0,1,2,1,0,3,80,1,1,0,0,1,0,16.0,,voiture,,3,1,1,8,7
201900047354,2019-05-07 05:15:00,2019,5,7,5,15,77,77141,autoroute A4,48.86679,2.85227,Nuit sans éclairage public,Hors agglomération,Hors intersection,Normale,Deux véhicules - arrière,1,3,5,0,2,2,1,0,1,130,2,2,1,0,1,0,40.0,38.0,utilitaire_camion,utilitaire_camion,3,1,1,1,2
201900047355,2019-05-18 15:50:00,2019,5,18,15,50,28,28398,A11 - PK 101.3000,48.236957,1.053789,Plein jour,Hors agglomération,Hors intersection,Pluie forte,Autre collision,1,3,5,0,1,1,2,0,3,130,1,2,0,0,2,0,47.0,,voiture,,1,1,1,3,6
201900047356,2019-05-29 15:50:00,2019,5,29,15,50,83,83061,A8,43.467601,6.72498,Plein jour,Hors agglomération,Hors intersection,Normale,Deux véhicules - côté,1,3,5,0,2,3,1,7,1,110,2,4,2,0,2,0,63.0,67.0,deux_roues,voiture,1,1,1,1,3
201900047357,2019-05-19 09:55:00,2019,5,19,9,55,83,83100,,43.2701392,6.1768083,Plein jour,Hors agglomération,Hors intersection,Pluie légère,Autre collision,1,3,4,0,2,3,2,0,1,130,1,1,0,0,1,0,29.0,,voiture,,1,1,1,2,6
201900047358,2019-05-03 10:15:00,2019,5,3,10,15,83,83004,,43.4516605,6.5075192,Plein jour,Hors agglomération,Hors intersection,Normale,Deux véhicules - arrière,1,3,3,0,1,1,1,0,1,130,2,3,2,0,0,1,42.0,68.0,utilitaire_camion,voiture,1,1,1,1,2
201900047359,2019-05-24 10:55:00,2019,5,24,10,55,68,68249,48 rue Général de Gaulle,48.126305,7.159933,Plein jour,En agglomération,Hors intersection,Normale,Sans collision,3,2,2,0,2,1,1,0,6,50,1,2,1,0,1,0,55.0,,deux_roues,,1,2,1,1,7
201900047360,2019-05-07 20:20:00,2019,5,7,20,20,68,68298,Chemin,48.192576,7.114357,Crépuscule ou aube,Hors agglomération,Intersection en Y,Temps couvert,Sans collision,3,2,-1,-1,2,2,2,0,1,-1,1,1,0,0,1,0,33.0,,deux_roues,,2,1,4,8,7
201900047361,2019-05-02 08:35:00,2019,5,2,8,35,68,68005,Route du Vin,48.123811,7.284847,Plein jour,En agglomération,Intersection en T,Normale,Trois véhicules et plus - collisions multiples,3,2,2,0,1,1,1,0,1,50,3,3,2,0,1,0,22.0,39.0,utilitaire_camion,voiture,1,2,3,1,5
201900047362,2019-05-01 17:45:00,2019,5,1,17,45,68,68044,CD148 - PK 04.020,48.136787,7.066631,Plein jour,Hors agglomération,Hors intersection,Normale,Sans collision,3,2,2,0,2,3,1,0,1,70,1,1,0,0,0,1,23.0,,deux_roues,,1,1,1,1,7
201900047363,2019-05-01 09:00:00,2019,5,1,9,0,68,68146,rue de lattre houssen,48.125009,7.372325,Plein jour,En agglomération,Hors intersection,Normale,Sans collision,3,2,2,0,1,1,1,0,1,50,1,1,0,0,1,0,18.0,,deux_roues,,1,2,1,1,7
201900047364,2019-05-01 02:30:00,2019,5,1,2,30,68,68295,Rue de Neuf Brisach,48.005255,7.394722,Nuit sans éclairage public,En agglomération,Hors intersection,Normale,Sans collision,4,2,2,0,1,1,1,0,3,50,1,1,0,0,0,1,18.0,,voiture,,3,2,1,1,7
201900047365,2019-05-30 10:30:00,2019,5,30,10,30,10,10142,departementale 23,48.277302,3.793447,Plein jour,Hors agglomération,Hors intersection,Normale,Deux véhicules - frontale,3,2,2,0,2,3,1,0,1,80,2,5,2,0,1,2,53.0,20.0,voiture,voiture,1,1,1,1,1
201900047366,2019-05-02 11:10:00,2019,5,2,11,10,10,10211,d60,48.318214,3.9638,Plein jour,Hors agglomération,Hors intersection,Pluie légère,Trois véhicules et plus - collisions multiples,3,2,2,0,1,1,1,0,1,80,3,3,2,0,1,0,24.0,75.0,voiture,voiture,1,1,1,2,5
201900047367,2019-05-22 11:45:00,2019,5,22,11,45,28,28088,2 Boulevard Toutin,48.071216,1.33739,Plein jour,En agglomération,Intersection en X,Normale,Deux véhicules - côté,3,2,2,1,1,1,1,5,1,50,2,2,1,0,0,1,67.0,48.0,voiture,deux_roues,1,2,2,1,3
201900047368,2019-05-31 10:10:00,2019,5,31,10,10,974,97422,Rue du Père Rognard,-21.282074,55.518937,Plein jour,En agglomération,Intersection en T,Temps éblouissant,Autre collision,3,2,2,0,2,3,1,0,1,50,1,3,2,0,1,0,71.0,,voiture,,1,2,3,7,6
201900047369,2019-05-26 06:40:00,2019,5,26,6,40,85,85040,Le Logis de la Bréchoire,46.63293,-0.92772,Crépuscule ou aube,Hors agglomération,Intersection en X,Normale,Sans collision,3,2,2,0,1,1,1,0,3,80,1,1,0,1,0,0,31.0,,voiture,,2,1,2,1,7
201900047370,2019-05-30 19:15:00,2019,5,30,19,15,69,69285,8 route nationale,45.7601032,5.0490493,Plein jour,En agglomération,Hors intersection,Normale,Autre collision,3,2,2,0,1,1,1,0,4,50,1,1,0,0,0,1,20.0,,voiture,,1,2,1,1,6
201900047371,2019-05-22 16:00:00,2019,5,22,16,0,69,69277,CD 29,45.7279304,5.0212294,Plein jour,En agglomération,Giratoire,Normale,Deux véhicules - côté,3,2,2,1,1,3,1,5,5,80,2,1,0,0,0,1,77.0,,deux_roues,,1,2,6,1,3
201900047372,2019-04-30 14:20:00,2019,4,30,14,20,69,69277,D147,45.731244,5.000962,Plein jour,Hors agglomération,Hors intersection,Normale,Deux véhicules - arrière,3,2,2,0,1,1,1,0,1,80,2,2,1,0,0,1,62.0,45.0,utilitaire_camion,voiture,1,1,1,1,2
201900047373,2019-05-30 08:05:00,2019,5,30,8,5,974,97412,Rue Albert Lougnon,-21.373653,55.615099,Plein jour,En agglomération,Giratoire,Normale,Autre collision,2,2,2,0,1,2,1,0,3,70,1,1,0,0,0,1,56.0,,voiture,,1,2,6,1,6
201900047374,2019-05-11 16:23:00,2019,5,11,16,23,974,97405,rue de l'établissement,-21.332088,55.565109,Plein jour,Hors agglomération,Hors intersection,Normale,Autre collision,3,2,2,0,2,3,1,0,3,80,1,1,0,0,1,0,58.0,,deux_roues,,1,1,1,1,6
201900047375,2019-05-10 14:00:00,2019,5,10,14,0,974,97412,36 Rue Raphaël Babet,-21.380547,55.609671,Plein jour,En agglomération,Intersection en T,Normale,Deux véhicules - côté,2,2,2,0,1,1,1,0,1,50,2,2,1,0,0,1,63.0,57.0,voiture,deux_roues,1,2,3,1,3
201900047376,2019-05-08 02:45:00,2019,5,8,2,45,974,97405,Allée des Filaos,-21.361084,55.537669,Nuit sans éclairage public,Hors agglomération,Hors intersection,Normale,Autre collision,2,3,4,0,2,3,2,0,1,90,1,2,0,0,0,2,22.0,,voiture,,3,1,1,1,6
201900047377,2019-04-30 15:30:00,2019,4,30,15,30,972,97222,Pontalery,14.673073,-60.943246,Plein jour,En agglomération,Giratoire,Normale,Deux véhicules - arrière,3,3,2,0,1,1,1,0,1,50,2,2,1,0,0,1,62.0,52.0,voiture,voiture,1,2,6,1,2
201900047378,2019-04-07 04:00:00,2019,4,7,4,0,972,97222,augrain,14.670094,-60.955799,Nuit sans éclairage public,Hors agglomération,Hors intersection,Normale,Autre collision,2,2,2,0,1,1,1,0,3,80,1,2,0,0,1,1,,,,,3,1,1,1,6
201900047379,2019-05-20 16:00:00,2019,5,20,16,0,972,97214,"RN 1, PK 45,8",14.836672,-61.066306,Plein jour,Hors agglomération,Hors intersection,Normale,Deux véhicules - frontale,3,2,2,0,2,3,1,0,1,80,2,2,1,0,1,0,35.0,58.0,deux_roues,voiture,1,1,1,1,1
201900047380,2019-05-17 13:51:00,2019,5,17,13,51,972,97207,Rue Zizine et des Etages,14.575552,-60.975024,Plein jour,En agglomération,Autre intersection,Normale,Autre collision,4,1,1,0,1,1,1,0,1,50,1,2,1,0,1,0,35.0,,voiture,,1,2,9,1,6
201900047381,2019-05-01 15:15:00,2019,5,1,15,15,972,97220,MORNE PAVILLON,14.474864,-60.903904,Plein jour,En agglomération,Hors intersection,Normale,Sans collision,3,2,2,0,2,2,1,0,8,50,1,4,3,0,1,0,41.0,,voiture,,1,2,1,1,7
201900047382,2019-04-24 06:45:00,2019,4,24,6,45,972,97227,Monesie,14.49549,-60.950756,Plein jour,Hors agglomération,Hors intersection,Normale,Autre collision,3,2,2,0,2,2,1,0,1,90,1,3,0,0,0,3,53.0,,utilitaire_camion,,1,1,1,1,6
201900047383,2019-05-27 17:45:00,2019,5,27,17,45,972,97218,"Plateau Sable, PLT SABLE",14.763415,-61.152057,Plein jour,Hors agglomération,Hors intersection,Normale,Sans collision,2,2,2,0,2,2,1,0,1,90,1,1,0,0,1,0,36.0,,deux_roues,,1,1,1,1,7
201900047384,2019-04-21 14:20:00,2019,4,21,14,20,972,97219,Anse Belleville,14.8161,-61.228548,Plein jour,Hors agglomération,Hors intersection,Normale,Sans collision,3,2,2,0,1,1,1,0,1,-1,1,2,0,0,2,0,18.0,,deux_roues,,1,1,1,1,7
201900047385,2019-05-25 19:15:00,2019,5,25,19,15,972,97234,rn2 pégase cheval blanc,14.662318,-61.153971,Nuit sans éclairage public,Hors agglomération,Hors intersection,Normale,Deux véhicules - frontale,2,2,4,0,2,2,1,0,1,70,2,2,1,0,1,0,28.0,21.0,deux_roues,voiture,3,1,1,1,1
201900047386,2019-05-23 18:40:00,2019,5,23,18,40,972,97205,RN 2,14.642982,-61.137267,Nuit avec éclairage allumé,En agglomération,Hors intersection,Normale,Deux véhicules - côté,2,2,2,0,1,1,1,0,1,50,2,2,1,0,1,0,82.0,28.0,deux_roues,voiture,5,2,1,1,3
201900047387,2019-05-19 12:40:00,2019,5,19,12,40,35,35265,La Ramée,48.376734,-1.854098,Plein jour,Hors agglomération,Hors intersection,Normale,Autre collision,9,2,2,0,1,3,1,0,3,-1,1,3,0,2,1,0,34.0,,voiture,,1,1,1,1,6
201900047388,2019-05-28 07:55:00,2019,5,28,7,55,63,63257,route départementale 2089,45.732082,2.870936,Plein jour,Hors agglomération,Hors intersection,Pluie légère,Deux véhicules - frontale,3,2,2,0,1,1,2,0,1,80,2,2,0,0,1,1,71.0,27.0,voiture,voiture,1,1,1,2,1
201900047389,2019-05-26 05:00:00,2019,5,26,5,0,63,63135,Rue des Prés,45.947069,3.112434,Crépuscule ou aube,En agglomération,Hors intersection,Normale,Autre collision,4,2,2,0,1,1,9,9,8,50,1,5,4,0,0,1,19.0,,voiture,,2,2,1,1,6
201900047390,2019-05-22 17:45:00,2019,5,22,17,45,63,63135,route de riom,45.9450186,3.1099982,Plein jour,En agglomération,Intersection en T,Normale,Deux véhicules - côté,3,2,2,0,1,1,1,5,1,50,2,2,0,0,1,1,49.0,19.0,voiture,deux_roues,1,2,3,1,3
201900047391,2019-05-10 23:30:00,2019,5,10,23,30,63,63061,chemin du bois/RD443,46.004333,3.232478,Nuit sans éclairage public,En agglomération,Intersection en X,Normale,Autre collision,3,2,2,0,1,1,1,0,1,50,1,3,1,0,1,1,19.0,,voiture,,3,2,2,1,6
201900047392,2019-05-05 09:50:00,2019,5,5,9,50,63,63108,Route de Paris,45.957938,3.173233,Plein jour,En agglomération,Hors intersection,Normale,Autre collision,3,2,2,0,1,1,1,9,8,50,1,2,1,0,1,0,51.0,,voiture,,1,2,1,1,6
201900047393,2019-05-31 17:20:00,2019,5,31,17,20,88,88349,Route départementale 23,48.129011,7.028457,Plein jour,Hors agglomération,Hors intersection,Normale,Sans collision,3,2,2,0,1,1,1,0,3,80,1,2,0,0,2,0,58.0,,deux_roues,,1,1,1,1,7
201900047394,2019-05-14 13:50:00,2019,5,14,13,50,41,41046,A71 sens 1 PK 132.000,47.628501,1.957342,Plein jour,Hors agglomération,Hors intersection,Normale,Sans collision,1,3,4,0,1,1,1,0,3,90,1,3,1,0,1,1,52.0,,voiture,,1,1,1,1,7