accident_id,datetime,annee,mois,jour,heure,minute,departement,commune_insee,adresse,latitude,longitude,luminosite,agglomeration,intersection,meteo,collision,catr,circ,nbv,vosp,prof,plan,surf,infra,situ,vma,nb_vehicules,nb_usagers,nb_indemnes,nb_tues,nb_blesses_hosp,nb_blesses_legers,age_cond_1,age_cond_2,veh_type_cond_1,veh_type_cond_2,lum_code,agg_code,int_code,atm_code,col_code
201900047486,2019-05-13 09:50:00,2019,5,13,9,50,61,61181,A28,48.780197,0.315299,Plein jour,Hors agglomération,Hors intersection,Normale,Deux véhicules - arrière,1,3,4,0,2,1,1,0,1,130,2,2,1,0,0,1,49.0,54.0,voiture,utilitaire_camion,1,1,1,1,2
201900047487,2019-05-05 15:00:00,2019,5,5,15,0,69,69260,rue du pont,45.647279,4.8133744,Plein jour,En agglomération,Hors intersection,Normale,Autre collision,3,2,2,0,1,1,1,0,1,50,1,2,0,0,0,2,91.0,,voiture,,1,2,1,1,6
201900047488,2019-05-04 13:45:00,2019,5,4,13,45,69,69100,60 Rue du Vieux Port,45.6785961,4.8308703,Plein jour,Hors agglomération,Hors intersection,Pluie forte,Deux véhicules - frontale,3,2,2,0,1,1,2,0,1,70,2,2,1,0,0,1,34.0,33.0,utilitaire_camion,voiture,1,1,1,3,1
201900047489,2019-05-17 14:05:00,2019,5,17,14,5,77,77065,D372-Route de Melun,48.467849,2.540638,Plein jour,Hors agglomération,Autre intersection,Normale,Autre collision,3,2,2,0,1,1,1,3,1,80,2,2,1,0,0,1,26.0,50.0,voiture,voiture,1,1,9,1,6
201900047490,2019-05-31 19:20:00,2019,5,31,19,20,71,71497,GENERAL DE GAULLE (BOULEVARD DU),46.33627,4.84529,Plein jour,En agglomération,Hors intersection,Normale,Deux véhicules - arrière,3,2,2,0,1,3,1,0,1,70,2,2,1,0,0,1,62.0,45.0,deux_roues,utilitaire_camion,1,2,1,1,2
201900047491,2019-05-31 19:55:00,2019,5,31,19,55,71,71270,LIBERTE (RUE DE LA),46.32285,4.81206,Plein jour,En agglomération,Hors intersection,Normale,Deux véhicules - côté,3,2,2,0,2,3,1,0,1,50,2,2,1,0,0,1,66.0,44.0,deux_roues,voiture,1,2,1,1,3
201900047492,2019-06-07 19:40:00,2019,6,7,19,40,71,71153,ALBERT 1ER (RUE),46.79367,4.42711,Plein jour,En agglomération,Hors intersection,Normale,Deux véhicules - arrière,3,2,2,0,1,1,1,0,1,50,2,2,1,0,0,1,82.0,42.0,voiture,voiture,1,2,1,1,2
201900047493,2019-06-07 16:50:00,2019,6,7,16,50,71,71540,C.D.18,46.77433,4.44711,Plein jour,Hors agglomération,Hors intersection,Pluie légère,Trois véhicules et plus - en chaîne,3,2,3,0,1,1,2,0,1,70,3,4,2,0,0,2,47.0,52.0,voiture,voiture,1,1,1,2,4
201900047494,2019-06-14 07:10:00,2019,6,14,7,10,71,71475,BUXY (ROUTE DE ),46.7487173,4.8179179,Plein jour,Hors agglomération,Hors intersection,Normale,Autre collision,3,2,2,0,1,1,1,0,1,80,1,1,0,0,1,0,37.0,,voiture,,1,1,1,1,6
201900047495,2019-06-04 11:45:00,2019,6,4,11,45,71,71445,GRANDE RUE,46.77558,4.89018,Plein jour,En agglomération,Hors intersection,Normale,Autre collision,4,2,-1,0,1,1,1,0,1,50,1,2,1,0,1,0,43.0,,voiture,,1,2,1,1,6
201900047496,2019-05-31 13:35:00,2019,5,31,13,35,70,70550,VAUGINE (RUE DE LA ),47.64264,6.14455,Plein jour,En agglomération,Hors intersection,Normale,Deux véhicules - frontale,3,2,2,0,1,3,1,0,1,50,2,2,1,0,1,0,64.0,47.0,voiture,voiture,1,2,1,1,1
201900047497,2019-06-18 13:00:00,2019,6,18,13,0,69,69256,FRERES LUMIERE (DES)                (R ),45.7494446,4.9304527,Plein jour,En agglomération,Hors intersection,Normale,Autre collision,4,3,2,0,1,1,1,0,1,50,1,2,1,0,0,1,48.0,,voiture,,1,2,1,1,6
201900047498,2019-05-24 17:00:00,2019,5,24,17,0,69,69266,JULES GRANDCLEMENT    (Place),45.7591314,4.8890662,Plein jour,En agglomération,Intersection en X,Normale,Autre collision,4,2,2,0,1,1,1,0,1,50,1,1,0,0,0,1,,,,,1,2,2,1,6
201900047499,2019-04-27 05:55:00,2019,4,27,5,55,69,69266,LAURENT BONNEVAY    (Boulevard),45.7847263,4.8642642,Crépuscule ou aube,En agglomération,Giratoire,Normale,Autre collision,3,1,4,0,1,3,2,0,1,30,1,2,0,0,0,2,28.0,,voiture,,2,2,6,1,6
201900047500,2019-06-12 14:20:00,2019,6,12,14,20,69,69275,CHARLES DE GAULLE                   (BD),45.74656,4.9366,Plein jour,En agglomération,Hors intersection,Normale,Deux véhicules - côté,3,2,4,0,1,1,1,0,1,50,2,2,1,0,0,1,50.0,26.0,utilitaire_camion,deux_roues,1,2,1,1,3
201900047501,2019-06-12 09:10:00,2019,6,12,9,10,69,69266,TOLSTOI    (Cours),45.7626281,4.8781979,Plein jour,En agglomération,Intersection en X,Normale,Deux véhicules - côté,4,2,3,3,1,1,1,0,1,50,2,7,6,0,1,0,36.0,46.0,autre,voiture,1,2,2,1,3
201900047502,2019-06-11 18:00:00,2019,6,11,18,0,69,69282,JEAN JAURES                         (R ),45.76915,5.01101,Plein jour,En agglomération,Hors intersection,Temps couvert,Deux véhicules - arrière,4,2,2,0,1,1,2,0,1,50,2,2,1,0,0,1,29.0,38.0,voiture,voiture,1,2,1,8,2
201900047503,2019-06-11 16:40:00,2019,6,11,16,40,69,69266,GENAS    (Route de),45.74931,4.91422,Plein jour,En agglomération,Intersection en X,Pluie forte,Autre collision,4,2,6,3,1,1,2,0,1,50,1,2,1,0,0,1,42.0,,voiture,,1,2,2,3,6
201900047504,2019-06-11 13:40:00,2019,6,11,13,40,69,69290,DAUPHINE (DU)                       (R ),45.7119768,4.9204803,Plein jour,En agglomération,Intersection en X,Pluie légère,Deux véhicules - côté,4,2,4,0,2,1,2,5,1,70,2,5,0,0,0,5,66.0,66.0,voiture,voiture,1,2,2,2,3
201900047505,2019-06-11 15:00:00,2019,6,11,15,0,69,69029,ANDRE BOULLOCHE                     (R ),45.72201,4.92137,Plein jour,En agglomération,Hors intersection,Pluie légère,Autre collision,3,2,7,0,1,1,2,0,1,50,1,2,1,0,1,0,63.0,,voiture,,1,2,1,2,6
201900047506,2019-06-10 10:25:00,2019,6,10,10,25,69,69266,FRANCIS DE PRESSENSE    (Rue),45.77165,4.88007,Plein jour,En agglomération,Hors intersection,Pluie légère,Autre collision,4,2,2,1,1,1,2,0,2,50,1,1,0,0,1,0,34.0,,voiture,,1,2,1,2,6
201900047507,2019-06-09 01:25:00,2019,6,9,1,25,69,69290,EGALITE (DE L')                     (R ),45.6892,4.94684,Nuit avec éclairage allumé,En agglomération,Hors intersection,Normale,Deux véhicules - arrière,4,3,2,0,1,1,1,0,1,50,2,2,1,0,1,0,22.0,,voiture,,5,2,1,1,2
201900047508,2019-06-07 17:45:00,2019,6,7,17,45,69,69256,GARIBALDI                           (AV),45.7672,4.933,Plein jour,En agglomération,Intersection en T,Temps couvert,Autre collision,4,2,4,1,1,1,1,0,1,50,1,1,0,0,1,0,68.0,,voiture,,1,2,3,8,6
201900047509,2019-06-07 12:10:00,2019,6,7,12,10,69,69266,ARMAND         (Rue),45.7788503,4.8851663,Plein jour,En agglomération,Hors intersection,Normale,Autre collision,4,2,2,1,1,1,1,0,1,30,1,3,2,0,0,1,19.0,,deux_roues,,1,2,1,1,6
201900047510,2019-06-07 08:20:00,2019,6,7,8,20,69,69271,JEAN MERMOZ                             ,45.7423,4.94198,Plein jour,Hors agglomération,Intersection en Y,Normale,Deux véhicules - arrière,4,1,2,0,1,1,1,0,1,70,2,2,1,0,0,1,24.0,43.0,utilitaire_camion,deux_roues,1,1,4,1,2
201900047511,2019-06-06 19:10:00,2019,6,6,19,10,69,69029,GENAS (DE)                          (RO),45.7493011,4.9138767,Plein jour,En agglomération,Hors intersection,Normale,Deux véhicules - côté,4,-1,3,0,1,1,1,0,1,50,2,2,1,0,1,0,21.0,37.0,voiture,deux_roues,1,2,1,1,3
201900047512,2019-06-05 20:00:00,2019,6,5,20,0,69,69029,JEAN LURCAT                      (R ),45.74646,4.92005,Plein jour,En agglomération,Hors intersection,Normale,Autre collision,4,2,2,0,1,1,1,0,1,30,1,2,1,0,0,1,37.0,,voiture,,1,2,1,1,6
201900047513,2019-06-05 16:05:00,2019,6,5,16,5,69,69266,BIENVENUS   (Rue des),45.77611,4.88426,Plein jour,En agglomération,Intersection en T,Normale,Deux véhicules - côté,4,1,3,1,1,1,1,0,1,50,2,4,2,0,0,2,22.0,22.0,voiture,voiture,1,2,3,1,3
201900047514,2019-05-31 17:30:00,2019,5,31,17,30,69,69275,MARCEAU                             (R ),45.76153,4.98525,Plein jour,En agglomération,Intersection en T,Temps éblouissant,Deux véhicules - côté,4,2,5,2,1,1,1,0,1,50,2,2,1,0,0,1,25.0,36.0,voiture,deux_roues,1,2,3,7,3
201900047515,2019-05-31 16:05:00,2019,5,31,16,5,69,69029,GENAS (DE)                          (RO),45.74788,4.92134,Plein jour,En agglomération,Autre intersection,Normale,Deux véhicules - côté,3,2,4,3,1,1,1,0,2,50,2,3,1,0,1,1,37.0,19.0,voiture,deux_roues,1,2,9,1,3
201900047516,2019-06-17 10:45:00,2019,6,17,10,45,69,69264,HERRIOT EDOUARD  AV,45.9791123,4.729081,Plein jour,En agglomération,Hors intersection,Normale,Deux véhicules - arrière,4,2,3,0,1,1,1,0,1,50,2,2,1,0,0,1,57.0,37.0,voiture,utilitaire_camion,1,2,1,1,2
201900047517,2019-06-09 15:15:00,2019,6,9,15,15,69,69092,THIZY (rue de),45.98915,4.70829,Plein jour,En agglomération,Hors intersection,Normale,Trois véhicules et plus - en chaîne,3,2,3,0,1,1,1,0,1,50,3,3,2,0,0,1,44.0,54.0,autre,voiture,1,2,1,1,4
201900047518,2019-06-12 22:00:00,2019,6,12,22,0,69,69092,SOTIZON (chemin du),45.9795232,4.6960491,Nuit sans éclairage public,Hors agglomération,Hors intersection,Normale,Sans collision,4,2,2,0,1,1,1,0,1,30,1,1,0,0,1,0,27.0,,deux_roues,,3,1,1,1,7
201900047519,2019-06-08 23:45:00,2019,6,8,23,45,69,69013,RN6 (CHARTONNIERE),46.01994,4.72057,Nuit avec éclairage allumé,Hors agglomération,Giratoire,Normale,Deux véhicules - côté,3,1,1,0,1,3,1,5,1,70,2,3,1,0,2,0,75.0,56.0,voiture,deux_roues,5,1,6,1,3
201900047520,2019-06-03 08:40:00,2019,6,3,8,40,69,69264,BURDEAU   BD ( HORS GEANT CASINO),45.9978841,4.7340621,Plein jour,En agglomération,Giratoire,Normale,Autre collision,3,3,4,0,1,1,1,5,1,50,1,2,0,0,0,2,51.0,,deux_roues,,1,2,6,1,6
201900047521,2019-06-14 16:25:00,2019,6,14,16,25,69,69091,DOCTEUR ROUX (DU) ( R ),45.6026746,4.7616808,Plein jour,En agglomération,Hors intersection,Normale,Autre collision,4,2,1,0,3,1,1,9,1,50,1,2,1,0,1,0,37.0,,utilitaire_camion,,1,2,1,1,6
201900047522,2019-06-08 11:55:00,2019,6,8,11,55,69,69091,RIVE DE GIER (DE) (RTE),45.5795347,4.724773,Plein jour,En agglomération,Autre intersection,Normale,Deux véhicules - côté,3,2,1,0,1,1,1,0,1,70,2,2,1,0,0,1,28.0,47.0,deux_roues,voiture,1,2,9,1,3
201900047523,2019-06-12 13:55:00,2019,6,12,13,55,68,68376,VALLES (RUE JULES),47.804476,7.321923,Plein jour,En agglomération,Hors intersection,Normale,Deux véhicules - côté,4,2,-1,-1,1,1,1,0,1,-1,2,1,0,0,0,1,38.0,,voiture,,1,2,1,1,3
201900047524,2019-06-18 15:06:00,2019,6,18,15,6,68,68297,MULHOUSE ( RUE)CITE BOURGLIBRE JUSQUE RU,47.595459,7.554031,Plein jour,En agglomération,Autre intersection,Normale,Deux véhicules - côté,3,2,2,0,1,1,1,0,1,50,2,2,1,0,0,1,69.0,48.0,deux_roues,voiture,1,2,9,1,3
201900047525,2019-06-12 17:20:00,2019,6,12,17,20,68,68297,BALLON ( RUE DU ),47.58465,7.561056,Plein jour,En agglomération,Intersection en T,Normale,Deux véhicules - arrière,3,2,2,1,2,1,1,0,1,50,2,3,1,0,0,2,38.0,39.0,deux_roues,voiture,1,2,3,1,2
201900047526,2019-06-11 07:05:00,2019,6,11,7,5,68,68297,BACHMANN ( RUE THEO ),47.585955,7.561431,Plein jour,En agglomération,Hors intersection,Normale,Deux véhicules - côté,4,2,2,0,1,1,1,0,1,50,2,2,1,0,1,0,42.0,17.0,utilitaire_camion,deux_roues,1,2,1,1,3
201900047527,2019-05-30 15:10:00,2019,5,30,15,10,68,68149,HUNINGUE ( RUE DE ),47.588854,7.571164,Plein jour,En agglomération,Hors intersection,Normale,Deux véhicules - côté,4,2,1,0,1,1,1,0,1,30,2,2,1,0,0,1,8.0,20.0,deux_roues,voiture,1,2,1,1,3
201900047528,2019-06-18 12:40:00,2019,6,18,12,40,68,68224,SOULTZ (RUE DE),47.769615,7.321071,Plein jour,En agglomération,Intersection en T,Normale,Sans collision,3,2,2,0,1,1,1,9,1,50,1,2,1,0,1,0,77.0,,voiture,,1,2,3,1,7
201900047529,2019-06-12 02:16:00,2019,6,12,2,16,68,68256,POTASSE (RUE DE LA),47.77341,7.30612,Nuit avec éclairage allumé,En agglomération,Hors intersection,Normale,Autre collision,4,2,2,0,1,1,1,0,1,50,2,1,0,0,0,1,20.0,,deux_roues,,5,2,1,1,6
201900047530,2019-05-30 19:21:00,2019,5,30,19,21,68,68224,KATZ (ALLEE NATHAN),47.75789,7.35229,Plein jour,En agglomération,Hors intersection,Normale,Deux véhicules - côté,4,1,2,2,1,1,1,0,1,50,2,2,1,0,0,1,74.0,29.0,deux_roues,deux_roues,1,2,1,1,3
201900047531,2019-06-02 20:26:00,2019,6,2,20,26,68,68066,ROUFFACH (ROUTE DE),48.062038,7.338438,Plein jour,En agglomération,Hors intersection,Temps éblouissant,Deux véhicules - frontale,3,2,2,0,1,1,1,0,1,50,2,2,1,0,0,1,16.0,54.0,deux_roues,voiture,1,2,1,7,1
201900047532,2019-06-17 17:30:00,2019,6,17,17,30,67,67267,GRAFFENSTADEN (RUE DE),48.5497,7.680443,Plein jour,En agglomération,Intersection en T,Normale,Deux véhicules - côté,4,2,2,0,1,1,1,0,1,50,2,2,1,0,0,1,28.0,50.0,utilitaire_camion,deux_roues,1,2,3,1,3
201900047533,2019-06-18 13:40:00,2019,6,18,13,40,67,67482,RHIN TORTU (RUE DU),48.54844,7.75799,Plein jour,En agglomération,Intersection en T,Normale,Deux véhicules - côté,4,2,2,1,1,1,1,0,1,50,2,2,1,0,0,1,66.0,57.0,deux_roues,voiture,1,2,3,1,3
201900047534,2019-06-16 22:50:00,2019,6,16,22,50,67,67482,DETTWILLER (RUE DE),48.59585,7.72211,Nuit avec éclairage allumé,En agglomération,Hors intersection,Normale,Sans collision,4,2,2,0,1,3,1,0,1,50,1,1,0,1,0,0,17.0,,deux_roues,,5,2,1,1,7
201900047535,2019-06-15 19:42:00,2019,6,15,19,42,67,67482,LA WANTZENAU (ROUTE DE),48.618224,7.788903,Plein jour,En agglomération,Hors intersection,Normale,Autre collision,4,2,4,1,1,1,1,0,1,50,2,1,0,0,0,1,18.0,,deux_roues,,1,2,1,1,6
201900047536,2019-06-14 16:40:00,2019,6,14,16,40,67,67482,GAZON (RUE DU),48.587518,7.717842,Plein jour,En agglomération,Intersection en T,Normale,Deux véhicules - côté,4,1,1,0,1,1,1,0,1,30,2,2,1,0,0,1,52.0,23.0,voiture,utilitaire_camion,1,2,3,1,3
201900047537,2019-06-14 15:40:00,2019,6,14,15,40,67,67482,Paul BATIMENT (rue),48.542648,7.775949,Plein jour,En agglomération,Intersection en T,Pluie légère,Deux véhicules - côté,4,2,2,0,1,1,2,0,1,50,2,2,1,0,0,1,20.0,53.0,deux_roues,voiture,1,2,3,2,3
201900047538,2019-06-14 12:20:00,2019,6,14,12,20,67,67218,POSTE (RUE DE LA),48.52735,7.70985,Plein jour,En agglomération,Intersection en T,Pluie légère,Deux véhicules - côté,4,2,2,0,1,1,2,0,1,50,2,2,1,0,0,1,17.0,44.0,deux_roues,voiture,1,2,3,2,3
201900047539,2019-06-14 09:05:00,2019,6,14,9,5,67,67482,SCHIRMECK (ROUTE DE),48.562551,7.699638,Plein jour,En agglomération,Hors intersection,Normale,Deux véhicules - côté,4,2,5,3,1,1,1,0,1,50,2,2,1,0,1,0,51.0,49.0,utilitaire_camion,utilitaire_camion,1,2,1,1,3
201900047540,2019-06-13 12:00:00,2019,6,13,12,0,67,67482,FRANCS BOURGEOIS (RUE DES),48.582749,7.745621,Plein jour,En agglomération,Hors intersection,Normale,Autre collision,4,-1,2,3,1,1,1,4,1,30,1,3,1,0,0,2,45.0,,utilitaire_camion,,1,2,1,1,6
201900047541,2019-06-11 12:30:00,2019,6,11,12,30,67,67447,DACHSTEIN (RUE DE),48.607145,7.73439,Plein jour,En agglomération,Intersection en T,Temps couvert,Deux véhicules - côté,4,1,1,0,1,1,1,0,1,30,2,2,1,0,0,1,58.0,35.0,deux_roues,voiture,1,2,3,8,3
201900047542,2019-06-09 11:55:00,2019,6,9,11,55,67,67482,COLMAR (AVENUE DE),48.559963,7.750154,Plein jour,En agglomération,Hors intersection,Temps couvert,Sans collision,4,3,6,1,1,1,1,4,2,50,1,1,0,0,1,0,24.0,,deux_roues,,1,2,1,8,7
201900047543,2019-06-08 11:30:00,2019,6,8,11,30,67,67482,RATHSAMHAUSEN (RUE DE),48.567143,7.761192,Plein jour,En agglomération,Hors intersection,Normale,Deux véhicules - côté,4,2,2,0,1,1,1,0,1,30,2,2,1,0,0,1,36.0,55.0,deux_roues,voiture,1,2,1,1,3
201900047544,2019-06-07 18:00:00,2019,6,7,18,0,67,67482,LANGEVIN (RUE),48.603815,7.715314,Plein jour,En agglomération,Hors intersection,Normale,Autre collision,4,2,2,0,1,1,1,0,2,50,1,2,1,0,0,1,23.0,,voiture,,1,2,1,1,6
201900047545,2019-06-07 13:05:00,2019,6,7,13,5,67,67482,MEINAU (ROUTE DE LA),48.552181,7.751722,Plein jour,En agglomération,Intersection en T,Normale,Deux véhicules - frontale,4,2,3,1,1,1,1,0,1,30,2,2,1,0,0,1,19.0,25.0,voiture,voiture,1,2,3,1,1
201900047546,2019-05-29 12:05:00,2019,5,29,12,5,67,67447,MARAIS (RUE DU),48.60946,7.765255,Plein jour,En agglomération,Hors intersection,Normale,Deux véhicules - frontale,4,2,-1,1,1,1,1,5,1,50,2,3,2,0,0,1,43.0,,voiture,,1,2,1,1,1
201900047547,2019-06-05 18:45:00,2019,6,5,18,45,67,67482,LANDSBERG (RUE DU),48.570762,7.764072,Plein jour,En agglomération,Hors intersection,Normale,Autre collision,4,2,2,3,1,1,1,4,1,50,1,1,0,0,0,1,,,,,1,2,1,1,6
201900047548,2019-06-04 22:55:00,2019,6,4,22,55,67,67482,NEUHOF (ROUTE),48.557893,7.766117,Nuit avec éclairage allumé,En agglomération,Hors intersection,Normale,Deux véhicules - côté,4,1,2,0,1,1,1,0,1,50,2,2,1,0,0,1,26.0,59.0,voiture,deux_roues,5,2,1,1,3
201900047549,2019-06-04 20:30:00,2019,6,4,20,30,67,67482,PIERRE CORNEILLE (AVENUE),48.592991,7.697012,Plein jour,En agglomération,Intersection en T,Normale,Deux véhicules - frontale,4,2,2,1,1,2,1,0,1,50,2,3,2,0,0,1,27.0,49.0,voiture,voiture,1,2,3,1,1
201900047550,2019-06-04 20:20:00,2019,6,4,20,20,67,67482,MOLSHEIM (RUE DE),48.576029,7.731591,Plein jour,En agglomération,Hors intersection,Normale,Autre collision,4,2,2,3,1,1,1,4,1,30,1,2,1,0,0,1,61.0,,transport_commun,,1,2,1,1,6
201900047551,2019-06-04 18:35:00,2019,6,4,18,35,67,67482,CANONNIERS (RUE DES),48.554363,7.763949,Plein jour,En agglomération,Hors intersection,Normale,Deux véhicules - côté,4,2,2,0,1,1,1,0,1,50,2,4,2,0,0,2,45.0,57.0,voiture,utilitaire_camion,1,2,1,1,3
201900047552,2019-06-04 14:10:00,2019,6,4,14,10,67,67482,CHALON SUR SAONE (RUE DE),48.568352,7.789591,Plein jour,En agglomération,Hors intersection,Normale,Autre collision,4,2,2,0,1,2,1,0,1,50,1,2,1,0,0,1,33.0,,voiture,,1,2,1,1,6
201900047553,2019-06-03 18:20:00,2019,6,3,18,20,67,67482,DANUBE (PONT DU),48.574006,7.771203,Plein jour,En agglomération,Hors intersection,Normale,Deux véhicules - côté,4,2,4,1,3,1,1,2,1,50,2,2,1,0,0,1,32.0,21.0,deux_roues,voiture,1,2,1,1,3
201900047554,2019-06-03 11:40:00,2019,6,3,11,40,67,67267,PEUPLIERS (RUE DES),48.55366,7.68685,Plein jour,En agglomération,Hors intersection,Normale,Autre collision,4,2,2,0,1,3,1,0,1,50,1,2,1,0,0,1,40.0,,voiture,,1,2,1,1,6
201900047555,2019-06-02 19:35:00,2019,6,2,19,35,67,67482,THUMENAU (RUE DE LA),48.571871,7.754827,Plein jour,En agglomération,Hors intersection,Normale,Deux véhicules - côté,4,3,7,1,1,1,1,0,1,50,2,2,1,0,0,1,10.0,27.0,deux_roues,voiture,1,2,1,1,3
201900047556,2019-06-01 08:40:00,2019,6,1,8,40,67,67482,GARE (PLACE DE LA),48.58502,7.73645,Plein jour,En agglomération,Hors intersection,Normale,Deux véhicules - arrière,4,2,2,0,1,1,1,0,1,30,2,6,4,0,0,2,43.0,21.0,transport_commun,voiture,1,2,1,1,2
201900047557,2019-05-29 14:25:00,2019,5,29,14,25,67,67482,COLMAR (AVENUE DE),48.567291,7.751718,Plein jour,En agglomération,Intersection en T,Normale,Deux véhicules - côté,4,3,6,1,1,1,1,4,1,50,2,2,1,0,1,0,42.0,18.0,voiture,deux_roues,1,2,3,1,3
201900047558,2019-06-07 15:01:00,2019,6,7,15,1,67,67462,MARCKOLSHEIM (ROUTE DE),48.25398,7.45742,Plein jour,En agglomération,Hors intersection,Normale,Autre collision,4,2,2,1,1,1,1,0,1,50,2,2,1,0,0,1,65.0,20.0,deux_roues,voiture,1,2,1,1,6
201900047559,2019-06-07 11:35:00,2019,6,7,11,35,67,67462,VIEUX CHEMIN DE SCHERWILLER (RUE DU),48.27401,7.43697,Plein jour,Hors agglomération,Intersection en T,Normale,Deux véhicules - côté,4,2,2,1,1,1,1,0,1,80,2,2,1,0,1,0,77.0,63.0,voiture,deux_roues,1,1,3,1,3
201900047560,2019-06-13 17:59:00,2019,6,13,17,59,67,67180,SOUFFLENHEIM (ROUTE DE),48.8261,7.8073,Plein jour,En agglomération,Intersection en T,Normale,Deux véhicules - frontale,4,2,2,0,1,1,1,0,1,50,2,2,1,0,1,0,26.0,65.0,voiture,voiture,1,2,3,1,1
201900047561,2019-05-30 10:50:00,2019,5,30,10,50,67,67180,JUNCKER (CHEMIN),48.8219,7.7833,Plein jour,En agglomération,Intersection en X,Normale,Deux véhicules - frontale,4,2,2,0,1,1,1,0,1,50,2,2,1,0,1,0,38.0,41.0,voiture,deux_roues,1,2,2,1,1
201900047562,2019-06-17 15:15:00,2019,6,17,15,15,66,66136,COTE RADIEUSE (DE LA),42.6744213,2.9070136,Plein jour,En agglomération,Hors intersection,Normale,Trois véhicules et plus - en chaîne,4,2,1,0,1,1,1,0,1,50,3,3,2,0,0,1,81.0,53.0,voiture,voiture,1,2,1,1,4
201900047563,2019-06-16 11:00:00,2019,6,16,11,0,66,66136,VERTEFEUILLE (RAMBLA DE),42.67886,2.90823,Plein jour,En agglomération,Hors intersection,Normale,Autre collision,4,-1,1,0,1,1,1,0,1,50,1,3,1,0,1,1,29.0,,voiture,,1,2,1,1,6
201900047564,2019-06-16 00:25:00,2019,6,16,0,25,66,66136,CLEMENCEAU (BOULEVARD),42.70123,2.89007,Nuit avec éclairage allumé,En agglomération,Hors intersection,Normale,Autre collision,4,-1,1,0,1,1,1,0,1,50,1,2,0,0,0,2,,,,,5,2,1,1,6
201900047565,2019-06-15 18:20:00,2019,6,15,18,20,66,66136,ESCARGUEL (COURS LAZARE),42.70008,2.88651,Plein jour,En agglomération,Hors intersection,Normale,Autre collision,4,3,2,0,1,1,1,0,1,50,1,2,1,0,0,1,50.0,,voiture,,1,2,1,1,6
201900047566,2019-06-13 15:00:00,2019,6,13,15,0,66,66136,KENNEDY (BD JOHN-FITZGERALD),42.68711,2.90617,Plein jour,En agglomération,Hors intersection,Normale,Autre collision,4,-1,1,0,1,1,1,0,1,50,1,2,1,0,1,0,38.0,,voiture,,1,2,1,1,6
201900047567,2019-06-12 09:20:00,2019,6,12,9,20,66,66136,BRIAND BOULEVARD ARISTIDE,42.6977,2.90418,Plein jour,En agglomération,Hors intersection,Normale,Autre collision,4,2,1,0,1,1,1,0,1,50,1,2,1,0,0,1,30.0,,voiture,,1,2,1,1,6
201900047568,2019-06-11 16:15:00,2019,6,11,16,15,66,66136,MARCEAU (FRANCOIS),42.6963,2.88318,Plein jour,En agglomération,Intersection en X,Normale,Deux véhicules - frontale,4,2,2,0,1,1,1,0,1,50,2,2,1,0,0,1,22.0,37.0,voiture,voiture,1,2,2,1,1
201900047569,2019-06-11 18:30:00,2019,6,11,18,30,66,66136,SAINT CHARLES (ROCADE),42.67377,2.86264,Plein jour,Hors agglomération,Hors intersection,Normale,Trois véhicules et plus - en chaîne,3,3,1,0,1,1,1,0,1,70,3,3,1,0,0,2,55.0,30.0,voiture,voiture,1,1,1,1,4
201900047570,2019-06-10 23:55:00,2019,6,10,23,55,66,66136,COQUELICOTS (DES),42.7053,2.90191,Nuit sans éclairage public,En agglomération,Hors intersection,Normale,Deux véhicules - arrière,4,-1,1,0,1,2,1,0,1,50,2,2,1,0,0,1,33.0,51.0,voiture,voiture,3,2,1,1,2
201900047571,2019-06-10 20:10:00,2019,6,10,20,10,66,66136,ESPAGNE (ROUTE D'),42.67811,2.88058,Plein jour,En agglomération,Hors intersection,Normale,Deux véhicules - arrière,4,3,1,0,1,1,1,0,1,50,2,2,1,0,0,1,29.0,51.0,deux_roues,voiture,1,2,1,1,2
201900047572,2019-06-07 05:10:00,2019,6,7,5,10,66,66136,R D 900,42.72416,2.87674,Nuit sans éclairage public,Hors agglomération,Hors intersection,Normale,Autre collision,3,3,2,0,1,1,1,0,1,110,2,2,1,0,0,1,44.0,23.0,voiture,voiture,3,1,1,1,6
201900047573,2019-06-04 16:00:00,2019,6,4,16,0,66,66136,CLEMENCEAU (BOULEVARD),42.70085,2.89181,Plein jour,En agglomération,Hors intersection,Normale,Sans collision,4,-1,1,0,1,1,1,0,1,50,1,1,0,0,1,0,15.0,,deux_roues,,1,2,1,1,7
201900047574,2019-06-02 15:30:00,2019,6,2,15,30,66,66136,ESPAGNE (ROUTE D'),42.6824403,2.894732,Plein jour,En agglomération,Hors intersection,Normale,Deux véhicules - arrière,4,3,1,0,1,1,1,0,1,50,2,2,0,0,1,1,38.0,32.0,deux_roues,voiture,1,2,1,1,2
201900047575,2019-06-01 16:00:00,2019,6,1,16,0,66,66136,ESPAGNE (ROUTE D'),42.67977,2.89247,Plein jour,En agglomération,Hors intersection,Normale,Deux véhicules - arrière,4,2,1,0,1,1,1,0,1,50,2,2,1,0,0,1,38.0,68.0,voiture,deux_roues,1,2,1,1,2
201900047576,2019-06-13 06:30:00,2019,6,13,6,30,65,65440,DUPARC (RUE HENRI),43.2248,0.0624,Crépuscule ou aube,En agglomération,Intersection en X,Normale,Deux véhicules - côté,4,2,2,0,1,1,1,0,1,50,2,2,1,0,1,0,26.0,42.0,deux_roues,voiture,2,2,2,1,3
201900047577,2019-06-07 19:40:00,2019,6,7,19,40,65,65440,ALSACE LORRAINE (AVENUE),43.2403949,0.0737259,Plein jour,En agglomération,Hors intersection,Normale,Trois véhicules et plus - collisions multiples,3,2,1,0,2,1,1,1,1,50,4,5,3,0,0,2,64.0,66.0,voiture,voiture,1,2,1,1,5