accident_id,datetime,annee,mois,jour,heure,minute,departement,commune_insee,adresse,latitude,longitude,luminosite,agglomeration,intersection,meteo,collision,catr,circ,nbv,vosp,prof,plan,surf,infra,situ,vma,nb_vehicules,nb_usagers,nb_indemnes,nb_tues,nb_blesses_hosp,nb_blesses_legers,age_cond_1,age_cond_2,veh_type_cond_1,veh_type_cond_2,lum_code,agg_code,int_code,atm_code,col_code
201900047763,2019-02-22 13:30:00,2019,2,22,13,30,93,93078,ROSES (AVENUE DES),48.95481,2.55533,Plein jour,En agglomération,Intersection en Y,Normale,Autre collision,4,1,1,0,1,3,1,0,1,50,1,2,1,0,0,1,26.0,,voiture,,1,2,4,1,6
201900047764,2019-02-21 13:10:00,2019,2,21,13,10,93,93078,BREGUET (ALLEE LOUIS),48.956671,2.561575,Plein jour,En agglomération,Hors intersection,Normale,Deux véhicules - côté,4,2,2,0,1,1,1,0,1,50,2,2,1,0,0,1,31.0,19.0,voiture,deux_roues,1,2,1,1,3
201900047765,2019-02-18 09:45:00,2019,2,18,9,45,93,93072,MARCEL CACHIN (AVENUE) DES N°1 AU 17,48.95809,2.38228,Plein jour,En agglomération,Intersection en T,Normale,Deux véhicules - côté,3,2,4,0,1,1,1,0,1,50,2,3,1,0,0,2,26.0,29.0,voiture,voiture,1,2,3,1,3
201900047766,2019-02-21 08:15:00,2019,2,21,8,15,93,93070,MICHELET(AV):N°1AU 103,48.909196,2.343916,Plein jour,En agglomération,Hors intersection,Normale,Deux véhicules - côté,3,2,4,0,1,1,1,0,1,50,2,2,1,0,0,1,49.0,36.0,autre,deux_roues,1,2,1,1,3
201900047767,2019-02-21 22:15:00,2019,2,21,22,15,93,93070,MICHELET(AV):N°1AU 103,48.9053,2.3441,Nuit avec éclairage allumé,En agglomération,Intersection en T,Normale,Deux véhicules - côté,3,2,1,0,1,1,1,0,1,50,2,2,1,0,0,1,18.0,58.0,deux_roues,voiture,5,2,3,1,3
201900047768,2019-02-22 09:00:00,2019,2,22,9,0,93,93066,VAILLANT COUTURIER PAUL (AV) NR 2 A 110,48.931758,2.364576,Plein jour,En agglomération,Hors intersection,Normale,Deux véhicules - arrière,3,-1,0,0,1,1,1,0,1,50,2,2,1,0,0,1,33.0,60.0,transport_commun,voiture,1,2,1,1,2
201900047769,2019-02-21 16:45:00,2019,2,21,16,45,93,93066,CARNOT (BOULEVARD),48.938287,2.352835,Plein jour,En agglomération,Hors intersection,Temps éblouissant,Autre collision,4,1,1,0,1,1,1,0,1,50,1,3,2,0,0,1,31.0,,voiture,,1,2,1,7,6
201900047770,2019-02-22 19:20:00,2019,2,22,19,20,93,93064,ALSACE-LORRAINE (BOULEVARD),48.88532,2.47918,Nuit avec éclairage allumé,En agglomération,Hors intersection,Normale,Deux véhicules - côté,3,2,2,0,1,1,1,8,1,50,2,2,1,0,0,1,28.0,28.0,deux_roues,voiture,5,2,1,1,3
201900047771,2019-02-17 18:52:00,2019,2,17,18,52,93,93064,KENNEDY (AVENUE DU PRESIDENT),48.88093,2.49441,Nuit avec éclairage allumé,En agglomération,Autre intersection,Normale,Deux véhicules - arrière,3,2,2,0,1,1,1,5,1,50,2,2,1,0,0,1,44.0,44.0,voiture,voiture,5,2,9,1,2
201900047772,2019-02-23 11:10:00,2019,2,23,11,10,93,93051,NEUILLY (ROUTE),48.8471,2.54019,Plein jour,En agglomération,Intersection en X,Normale,Deux véhicules - arrière,3,2,3,0,1,3,1,0,1,50,2,3,2,0,0,1,33.0,33.0,voiture,voiture,1,2,2,1,2
201900047773,2019-02-19 10:15:00,2019,2,19,10,15,93,93048,VINCENNES (RUE DE),48.852429,2.434848,Plein jour,En agglomération,Intersection en T,Normale,Autre collision,7,1,2,1,1,1,1,0,1,50,1,2,1,0,0,1,32.0,,transport_commun,,1,2,3,1,6
201900047774,2019-02-22 13:15:00,2019,2,22,13,15,93,93046,LIBERATION PLACE DE LA,48.92273,2.54424,Plein jour,En agglomération,Hors intersection,Normale,Deux véhicules - côté,3,2,2,0,1,1,1,9,1,50,2,3,1,0,1,1,25.0,45.0,voiture,deux_roues,1,2,1,1,3
201900047775,2019-02-23 16:50:00,2019,2,23,16,50,93,93032,JEAN JAURES (AVENUE),48.88361,2.52936,Plein jour,En agglomération,Autre intersection,Normale,Deux véhicules - côté,3,2,3,0,1,1,1,9,1,50,2,2,1,0,0,1,26.0,29.0,voiture,deux_roues,1,2,9,1,3
201900047776,2019-02-22 13:50:00,2019,2,22,13,50,93,93031,JEAN JAURES (AVENUE),48.95451,2.31771,Plein jour,En agglomération,Hors intersection,Normale,Autre collision,3,2,2,0,1,1,1,0,1,50,1,2,1,0,0,1,52.0,,voiture,,1,2,1,1,6
201900047777,2019-02-23 12:30:00,2019,2,23,12,30,93,93029,AUGUSTE BLANQUI,48.920358,2.457645,Plein jour,En agglomération,Hors intersection,Normale,Autre collision,4,2,2,0,1,1,1,0,1,50,1,2,1,0,0,1,33.0,,voiture,,1,2,1,1,6
201900047778,2019-02-22 17:40:00,2019,2,22,17,40,93,93027,CONVENTION (RUE DE LA),48.92676,2.39428,Plein jour,En agglomération,Hors intersection,Normale,Trois véhicules et plus - collisions multiples,3,1,2,0,2,1,1,0,1,50,3,4,3,0,0,1,25.0,32.0,voiture,voiture,1,2,1,1,5
201900047779,2019-02-21 17:40:00,2019,2,21,17,40,93,93030,DE GAULLE (AVENUE DU GENERAL),48.94774,2.41376,Plein jour,En agglomération,Hors intersection,Pluie légère,Autre collision,3,1,1,0,1,1,1,0,1,50,2,2,1,0,0,1,28.0,22.0,transport_commun,deux_roues,1,2,1,2,6
201900047780,2019-02-19 19:00:00,2019,2,19,19,0,93,93027,SALENGRO (AVENUE ROGER),48.935512,2.387301,Nuit avec éclairage allumé,En agglomération,Hors intersection,Normale,Deux véhicules - arrière,3,2,3,0,1,1,1,0,1,50,2,2,1,0,0,1,30.0,33.0,voiture,voiture,5,2,1,1,2
201900047781,2019-02-21 13:30:00,2019,2,21,13,30,93,93047,GENERAL DE GAULLE (RUE DU),48.899348,2.559502,Plein jour,En agglomération,Intersection en X,Normale,Deux véhicules - côté,4,2,2,0,1,1,1,0,1,50,2,1,0,0,0,1,32.0,,voiture,,1,2,2,1,3
201900047782,2019-02-22 16:30:00,2019,2,22,16,30,93,93057,BRIAND ( AV. ARISTIDE) 238 A 308,48.90794,2.49453,Plein jour,En agglomération,Hors intersection,Normale,Autre collision,3,1,2,0,1,1,1,9,1,50,1,1,0,0,1,0,21.0,,deux_roues,,1,2,1,1,6
201900047783,2019-02-20 20:00:00,2019,2,20,20,0,93,93057,BRIAND ( AV. ARISTIDE) 134 A 212,48.9092313,2.5032956,Nuit avec éclairage allumé,En agglomération,Intersection en T,Normale,Deux véhicules - côté,3,1,2,0,1,1,1,0,1,50,2,2,1,0,0,1,33.0,24.0,utilitaire_camion,deux_roues,5,2,3,1,3
201900047784,2019-02-23 18:45:00,2019,2,23,18,45,93,93001,LUCIEN LEFRANC (QUAI),48.91381,2.37218,Nuit avec éclairage allumé,En agglomération,Hors intersection,Normale,Deux véhicules - côté,3,2,3,0,2,1,1,0,1,50,2,3,2,0,0,1,44.0,26.0,deux_roues,utilitaire_camion,5,2,1,1,3
201900047785,2019-02-21 17:50:00,2019,2,21,17,50,93,93001,PRESIDENT ROOSEVELT (AVENUE DU),48.91644,2.38006,Plein jour,En agglomération,Hors intersection,Normale,Deux véhicules - côté,3,2,2,0,1,1,1,0,1,30,2,2,1,0,0,1,36.0,,voiture,,1,2,1,1,3
201900047786,2019-02-21 17:45:00,2019,2,21,17,45,92,92078,CHARLES DE GAULLE (BD) (71 AU 153),48.9400687,2.3238257,Plein jour,En agglomération,Intersection en T,Normale,Deux véhicules - arrière,3,1,2,0,1,1,1,0,1,50,2,2,1,0,0,1,53.0,45.0,transport_commun,voiture,1,2,3,1,2
201900047787,2019-02-07 12:35:00,2019,2,7,12,35,92,92046,PIERRE BROSSOLETTE (AVENUE),48.820051,2.310928,Plein jour,En agglomération,Hors intersection,Normale,Deux véhicules - arrière,3,2,4,3,1,1,1,8,1,50,2,2,1,0,1,0,37.0,19.0,voiture,deux_roues,1,2,1,1,2
201900047788,2019-02-22 19:31:00,2019,2,22,19,31,92,92073,LOUCHEUR (BOULEVARD LOUIS),48.861786,2.212605,Nuit avec éclairage allumé,En agglomération,Intersection à plus de 4 branches,Normale,Deux véhicules - côté,3,-1,4,0,1,1,1,5,1,50,2,2,1,0,1,0,68.0,61.0,voiture,deux_roues,5,2,5,1,3
201900047789,2019-02-21 14:00:00,2019,2,21,14,0,92,92077,SEVRES (RUE DE),48.826238,2.1925284,Plein jour,En agglomération,Hors intersection,Normale,Deux véhicules - arrière,3,2,2,0,1,1,1,0,1,50,2,2,0,0,0,2,50.0,19.0,utilitaire_camion,voiture,1,2,1,1,2
201900047790,2019-02-21 18:15:00,2019,2,21,18,15,92,92047,PORTE VERTE,48.83528,2.18744,Crépuscule ou aube,Hors agglomération,Hors intersection,Normale,Deux véhicules - frontale,4,2,2,0,1,2,1,0,1,30,2,2,1,0,1,0,92.0,16.0,utilitaire_camion,deux_roues,2,1,1,1,1
201900047791,2019-02-22 16:50:00,2019,2,22,16,50,92,92062,ROND POINT DE LA LIBERTE,48.88609,2.24526,Plein jour,En agglomération,Giratoire,Normale,Deux véhicules - côté,4,1,2,0,2,2,1,9,1,50,2,2,1,0,0,1,53.0,44.0,voiture,voiture,1,2,6,1,3
201900047792,2019-02-21 20:00:00,2019,2,21,20,0,92,92062,WALLACE (BD RICHARD) DU 17 AU 91 ET DU 3,48.87993,2.23979,Nuit sans éclairage public,En agglomération,Hors intersection,Normale,Deux véhicules - côté,4,2,2,0,1,1,1,0,1,50,2,2,1,0,0,1,34.0,71.0,voiture,deux_roues,3,2,1,1,3
201900047793,2019-02-21 16:29:00,2019,2,21,16,29,92,92051,"ACHILLE PERETTI (AVENUE,  N° 98 A 166 ET",48.8858,2.27047,Plein jour,En agglomération,Hors intersection,Normale,Deux véhicules - frontale,4,2,2,1,1,1,1,0,1,50,2,2,1,0,0,1,33.0,57.0,voiture,deux_roues,1,2,1,1,1
201900047794,2019-02-21 08:10:00,2019,2,21,8,10,92,92050,boulevard Aimé Césaire,48.89466,2.22601,Plein jour,En agglomération,Autre intersection,Normale,Autre collision,4,2,2,0,1,1,1,0,1,50,1,2,1,0,0,1,71.0,,deux_roues,,1,2,9,1,6
201900047795,2019-02-20 16:40:00,2019,2,20,16,40,92,92050,LIBERTE AVENUE DE LA,48.888521,2.208937,Plein jour,En agglomération,Hors intersection,Normale,Autre collision,4,2,2,0,1,1,1,0,1,50,1,2,0,0,0,2,82.0,,voiture,,1,2,1,1,6
201900047796,2019-02-15 11:40:00,2019,2,15,11,40,92,92050,HAVRE BOULEVARD DU,48.919163,2.2223025,Plein jour,En agglomération,Hors intersection,Normale,Deux véhicules - arrière,3,2,8,0,1,1,1,0,1,50,2,2,1,0,0,1,34.0,26.0,utilitaire_camion,voiture,1,2,1,1,2
201900047797,2019-01-12 18:55:00,2019,1,12,18,55,92,92049,PERI RUE GABRIEL N°2 A 36,48.818207,2.321582,Nuit avec éclairage allumé,En agglomération,Hors intersection,Pluie légère,Autre collision,3,1,2,0,1,1,2,0,1,50,1,2,1,0,0,1,27.0,,transport_commun,,5,2,1,2,6
201900047798,2019-02-22 08:00:00,2019,2,22,8,0,92,92048,ROBERT SCHUMAN (AVENUE),48.78897,2.2339,Plein jour,En agglomération,Hors intersection,Normale,Autre collision,4,-1,2,0,2,1,1,0,4,50,1,2,1,0,1,0,26.0,,voiture,,1,2,1,1,6
201900047799,2019-02-23 07:05:00,2019,2,23,7,5,92,92040,GALLIENI (BOULEVARD),48.825296,2.267818,Nuit avec éclairage allumé,En agglomération,Intersection à plus de 4 branches,Normale,Deux véhicules - frontale,3,2,2,0,1,1,1,0,1,50,2,2,1,0,0,1,64.0,35.0,voiture,voiture,5,2,5,1,1
201900047800,2019-02-22 13:35:00,2019,2,22,13,35,92,92040,ERNEST RENAN,48.82933,2.28328,Plein jour,En agglomération,Hors intersection,Normale,Autre collision,4,1,2,0,1,1,1,0,1,50,1,2,1,0,0,1,48.0,,voiture,,1,2,1,1,6
201900047801,2019-02-08 12:30:00,2019,2,8,12,30,92,92036,CAMELINAT (BOULEVARD) (2 AU 66),48.927997,2.2983267,Plein jour,En agglomération,Hors intersection,Normale,Autre collision,3,2,2,0,1,1,1,0,1,50,1,2,1,0,0,1,52.0,,voiture,,1,2,1,1,6
201900047802,2019-02-08 07:50:00,2019,2,8,7,50,92,92036,HENRI BARBUSSE (RUE) (37/135),48.92337,2.29992,Crépuscule ou aube,En agglomération,Hors intersection,Normale,Autre collision,4,2,2,0,1,1,1,0,2,50,1,2,1,0,0,1,68.0,,voiture,,2,2,1,1,6
201900047803,2019-02-17 19:25:00,2019,2,17,19,25,92,92035,National ( boulevard ),48.9046215,2.2393977,Nuit avec éclairage allumé,En agglomération,Intersection en X,Normale,Deux véhicules - côté,3,2,6,3,1,1,1,4,1,50,2,2,1,0,0,1,42.0,72.0,voiture,voiture,5,2,2,1,3
201900047804,2019-02-22 17:15:00,2019,2,22,17,15,92,92026,SAINT DENIS BD (120 A 174 / 199 A 315),48.899655,2.267757,Plein jour,En agglomération,Hors intersection,Normale,Autre collision,9,2,2,0,1,1,1,0,1,50,1,2,1,0,0,1,89.0,,voiture,,1,2,1,1,6
201900047805,2019-02-15 13:28:00,2019,2,15,13,28,92,92025,GABRIEL PERI (RUE),48.91822,2.238832,Plein jour,En agglomération,Hors intersection,Normale,Autre collision,3,2,0,0,1,1,1,0,1,50,1,2,1,0,0,1,60.0,,utilitaire_camion,,1,2,1,1,6
201900047806,2019-02-04 16:35:00,2019,2,4,16,35,92,92025,EDGARD QUINET (BD),48.924052,2.24805,Plein jour,En agglomération,Hors intersection,Normale,Autre collision,4,3,0,0,1,1,1,0,1,50,1,2,1,0,0,1,18.0,,deux_roues,,1,2,1,1,6
201900047807,2019-02-21 11:00:00,2019,2,21,11,0,92,92023,GENERAL DE GAULLE (AVENUE DU),48.7868168,2.2550446,Plein jour,En agglomération,Hors intersection,Normale,Autre collision,3,2,3,0,1,1,1,0,1,50,1,2,1,0,0,1,55.0,,voiture,,1,2,1,1,6
201900047808,2019-02-23 16:50:00,2019,2,23,16,50,92,92019,FRERES MONTGOLFIERS (AVENUE DES),48.767,2.24995,Plein jour,En agglomération,Hors intersection,Normale,Deux véhicules - frontale,4,2,2,0,1,3,1,0,1,50,2,2,1,0,1,0,45.0,28.0,voiture,deux_roues,1,2,1,1,1
201900047809,2019-02-23 10:30:00,2019,2,23,10,30,92,92012,TONY GARNIER (RUE),48.83744,2.23902,Plein jour,En agglomération,Hors intersection,Normale,Autre collision,4,2,1,3,1,1,1,0,1,30,1,2,1,0,0,1,28.0,,utilitaire_camion,,1,2,1,1,6
201900047810,2019-02-21 20:15:00,2019,2,21,20,15,92,92012,NATIONALE (RUE) 1/37 - 2/30BIS,48.8240016,2.244913,Nuit avec éclairage allumé,En agglomération,Intersection en T,Normale,Autre collision,3,2,1,0,1,3,1,0,1,50,1,2,1,0,0,1,33.0,,voiture,,5,2,3,1,6
201900047811,2019-02-23 05:25:00,2019,2,23,5,25,92,92004,AULAGNIER ( QUAI ),48.914873,2.312562,Nuit avec éclairage allumé,En agglomération,Hors intersection,Normale,Deux véhicules - frontale,3,-1,3,0,1,1,1,2,1,50,2,4,0,0,2,2,29.0,22.0,voiture,voiture,5,2,1,1,1
201900047812,2019-01-13 14:30:00,2019,1,13,14,30,92,92004,GRESILLONS ( AVENUE DES  ),48.9164364,2.3051588,Plein jour,En agglomération,Hors intersection,Normale,Autre collision,3,2,2,0,1,1,1,0,1,50,2,2,1,0,0,1,47.0,48.0,voiture,voiture,1,2,1,1,6
201900047813,2019-02-23 13:20:00,2019,2,23,13,20,92,92014,ARISTIDE BRIAND (AVENUE),48.7590197,2.307203,Plein jour,En agglomération,Intersection en T,Normale,Trois véhicules et plus - collisions multiples,4,2,2,0,2,1,1,0,1,50,3,3,2,0,0,1,43.0,56.0,voiture,voiture,1,2,3,1,5
201900047814,2019-02-08 07:05:00,2019,2,8,7,5,92,92014,MARECHAL JOFFRE (BD DU) (43 A 97 - 58 A,48.7823184,2.3147142,Crépuscule ou aube,En agglomération,Intersection en T,Pluie légère,Deux véhicules - arrière,3,2,3,3,4,1,2,0,1,50,2,2,1,0,0,1,58.0,25.0,deux_roues,voiture,2,2,3,2,2
201900047815,2019-01-11 04:40:00,2019,1,11,4,40,92,92014,GENERAL LECLERC (AV.) (57 A 135 - 50 A 1,48.7836557,2.3155171,Nuit avec éclairage allumé,En agglomération,Intersection en T,Pluie légère,Sans collision,3,1,3,3,2,1,2,0,1,50,1,1,0,0,0,1,20.0,,deux_roues,,5,2,3,2,7
201900047816,2019-01-01 15:35:00,2019,1,1,15,35,92,92002,ARMAND GUILLEBAUD (AVENUE),48.7445073,2.3159888,Plein jour,En agglomération,Hors intersection,Temps couvert,Autre collision,3,2,2,0,1,1,1,0,1,50,1,2,1,0,1,0,25.0,,voiture,,1,2,1,8,6
201900047817,2019-02-18 14:45:00,2019,2,18,14,45,51,51649,AVENUE DU COLONEL MOLL,48.722642,4.584383,Plein jour,En agglomération,Autre intersection,Normale,Sans collision,4,2,2,1,1,1,1,0,8,50,1,2,1,0,0,1,87.0,,voiture,,1,2,9,1,7
201900047818,2019-02-07 15:00:00,2019,2,7,15,0,67,67061,route obermodern,48.830544,7.490957,Plein jour,En agglomération,Giratoire,Normale,Autre collision,3,1,1,0,1,2,1,9,1,50,1,2,1,0,0,1,64.0,,voiture,,1,2,6,1,6
201900047819,2019-02-24 13:15:00,2019,2,24,13,15,36,36228,D960,47.16625,1.584723,Plein jour,Hors agglomération,Hors intersection,Normale,Sans collision,3,2,2,0,1,2,1,0,3,80,1,1,0,0,1,0,42.0,,deux_roues,,1,1,1,1,7
201900047820,2019-02-22 00:15:00,2019,2,22,0,15,76,76286,Route de Londinières,49.887594,1.428135,Nuit avec éclairage non allumé,En agglomération,Hors intersection,Brouillard / fumée,Autre collision,3,2,2,0,1,1,1,0,3,50,1,1,0,0,1,0,20.0,,deux_roues,,4,2,1,5,6
201900047821,2019-02-23 20:00:00,2019,2,23,20,0,84,84137,avenue victor hugo,44.242115,5.0811,Nuit avec éclairage allumé,En agglomération,Hors intersection,Normale,Autre collision,4,-1,2,0,2,1,1,0,1,50,1,2,1,0,1,0,35.0,,voiture,,5,2,1,1,6
201900047822,2019-02-22 14:15:00,2019,2,22,14,15,972,97232,Calvaire La montagne,14.554081,-60.874218,Plein jour,En agglomération,Hors intersection,Normale,Deux véhicules - frontale,4,2,2,0,2,1,1,0,1,50,2,3,1,0,2,0,31.0,24.0,utilitaire_camion,deux_roues,1,2,1,1,1
201900047823,2019-02-20 19:55:00,2019,2,20,19,55,972,97229,route de l'université,14.621431,-61.094797,Nuit sans éclairage public,En agglomération,Intersection en T,Pluie légère,Deux véhicules - côté,3,2,2,0,1,1,2,0,1,50,2,2,1,0,1,0,23.0,24.0,voiture,deux_roues,3,2,3,2,3
201900047824,2019-02-22 23:00:00,2019,2,22,23,0,62,62038,RD 943,50.85308,1.98573,Nuit avec éclairage allumé,En agglomération,Hors intersection,Brouillard / fumée,Sans collision,3,-1,2,0,1,1,1,0,1,50,1,2,0,0,1,1,26.0,,deux_roues,,5,2,1,5,7
201900047825,2019-02-22 20:45:00,2019,2,22,20,45,62,62766,480 Route Départementale,50.938164,2.096988,Nuit avec éclairage non allumé,En agglomération,Hors intersection,Normale,Autre collision,3,2,2,0,1,3,1,0,4,50,1,1,0,1,0,0,34.0,,voiture,,4,2,1,1,6
201900047826,2019-02-23 18:25:00,2019,2,23,18,25,11,11172,D610,43.266076,2.735633,Plein jour,Hors agglomération,Intersection en T,Normale,Sans collision,3,2,2,0,1,1,1,5,8,80,1,1,0,0,1,0,37.0,,voiture,,1,1,3,1,7
201900047827,2019-02-22 12:10:00,2019,2,22,12,10,42,42182,D8,46.060115,3.927547,Plein jour,En agglomération,Autre intersection,Normale,Trois véhicules et plus - en chaîne,3,2,2,0,1,1,1,0,1,70,3,3,2,0,0,1,32.0,28.0,voiture,voiture,1,2,9,1,4
201900047828,2019-02-23 08:45:00,2019,2,23,8,45,87,87119,A20 pk 200+200 sens sud/nord,45.690487,1.366381,Plein jour,Hors agglomération,Hors intersection,Normale,Deux véhicules - arrière,1,3,4,0,4,1,1,0,1,110,2,2,1,0,1,0,35.0,44.0,utilitaire_camion,utilitaire_camion,1,1,1,1,2
201900047829,2019-02-23 17:05:00,2019,2,23,17,5,62,62397,"Face au 880, chemin du 1er Banc",50.8837,1.90327,Plein jour,En agglomération,Hors intersection,Normale,Deux véhicules - frontale,4,2,2,0,1,1,1,0,1,50,2,4,1,0,2,1,67.0,46.0,voiture,deux_roues,1,2,1,1,1
201900047830,2019-02-24 19:00:00,2019,2,24,19,0,59,59570,ancien chemin d'esquelbecq,50.925842,2.429678,Crépuscule ou aube,Hors agglomération,Hors intersection,Normale,Autre collision,4,2,2,0,1,2,1,0,3,50,1,2,0,0,2,0,52.0,,deux_roues,,2,1,1,1,6
201900047831,2019-02-18 17:20:00,2019,2,18,17,20,42,42093,rue des sources,45.498082,4.579905,Plein jour,En agglomération,Intersection en X,Temps éblouissant,Deux véhicules - frontale,4,2,2,0,4,1,1,0,1,50,2,2,1,0,1,0,70.0,16.0,voiture,deux_roues,1,2,2,7,1
201900047832,2019-02-22 19:50:00,2019,2,22,19,50,65,65259,Départementale 5,43.221637,0.172745,Nuit sans éclairage public,Hors agglomération,Hors intersection,Normale,Autre collision,3,2,2,0,1,1,1,0,1,80,1,2,1,0,0,1,40.0,,voiture,,3,1,1,1,6
201900047833,2019-02-24 09:15:00,2019,2,24,9,15,72,72260,Route de Brette les Pins,47.933679,0.277772,Plein jour,Hors agglomération,Hors intersection,Temps éblouissant,Deux véhicules - arrière,3,2,2,0,2,1,1,0,1,-1,2,2,1,0,0,1,59.0,58.0,voiture,deux_roues,1,1,1,7,2
201900047834,2019-02-22 07:00:00,2019,2,22,7,0,58,58155,A77 pk 135+560,47.130699,3.045302,Crépuscule ou aube,Hors agglomération,Hors intersection,Normale,Deux véhicules - arrière,1,3,4,0,3,1,1,0,1,110,2,2,1,0,0,1,49.0,62.0,voiture,voiture,2,1,1,1,2
201900047835,2019-02-22 16:04:00,2019,2,22,16,4,12,12291,A75,44.215956,3.071629,Plein jour,Hors agglomération,Hors intersection,Normale,Deux véhicules - arrière,1,3,5,3,2,1,1,0,6,130,2,4,2,0,0,2,44.0,25.0,voiture,autre,1,1,1,1,2
201900047836,2019-02-22 17:30:00,2019,2,22,17,30,30,30174,rd 981,44.022377,4.394927,Plein jour,Hors agglomération,Hors intersection,Normale,Autre collision,3,2,2,0,1,1,1,0,3,50,1,1,0,0,1,0,44.0,,deux_roues,,1,1,1,1,6
201900047837,2019-02-23 07:55:00,2019,2,23,7,55,27,27569,A28,49.118396,0.527304,Plein jour,Hors agglomération,Hors intersection,Normale,Autre collision,1,3,4,0,1,1,1,0,3,130,1,5,3,0,2,0,46.0,,voiture,,1,1,1,1,6
201900047838,2019-02-24 11:10:00,2019,2,24,11,10,77,77435,D50-34 rue de Montgermont,48.50511,2.53421,Plein jour,En agglomération,Hors intersection,Normale,Deux véhicules - côté,3,2,2,0,1,1,1,0,1,30,2,2,1,0,1,0,53.0,28.0,deux_roues,voiture,1,2,1,1,3
201900047839,2019-02-22 19:00:00,2019,2,22,19,0,30,30060,D42,43.794329,4.38387,Nuit avec éclairage allumé,En agglomération,Hors intersection,Normale,Deux véhicules - frontale,3,3,2,0,2,1,1,0,1,50,2,4,3,0,0,1,21.0,41.0,voiture,voiture,5,2,1,1,1
201900047840,2019-02-21 23:28:00,2019,2,21,23,28,30,30135,D999,43.831244,4.581613,Nuit sans éclairage public,Hors agglomération,Hors intersection,Brouillard / fumée,Sans collision,3,2,2,0,1,3,1,0,3,80,1,1,0,0,1,0,51.0,,voiture,,3,1,1,5,7
201900047841,2019-02-22 20:25:00,2019,2,22,20,25,51,51232,RD 980,49.283127,4.2098794,Nuit sans éclairage public,Hors agglomération,Hors intersection,Normale,Deux véhicules - arrière,3,2,2,0,1,1,1,0,1,80,2,2,1,1,0,0,62.0,21.0,voiture,deux_roues,3,1,1,1,2
201900047842,2019-02-24 03:30:00,2019,2,24,3,30,51,51634,RD 5,48.9058139,4.2661417,Nuit sans éclairage public,Hors agglomération,Hors intersection,Normale,Sans collision,3,2,2,0,1,1,1,0,3,80,1,3,2,0,1,0,32.0,,voiture,,3,1,1,1,7
201900047843,2019-02-19 09:30:00,2019,2,19,9,30,56,56166,Rue de la Chaumière,47.90737,-3.33649,Plein jour,En agglomération,Hors intersection,Normale,Autre collision,3,2,2,0,1,1,1,0,3,30,1,1,0,0,1,0,63.0,,voiture,,1,2,1,1,6
201900047844,2019-02-18 17:50:00,2019,2,18,17,50,56,56101,Kerhann Saint Germain,47.816704,-3.222695,Plein jour,Hors agglomération,Intersection en T,Normale,Deux véhicules - arrière,3,2,2,0,2,1,1,0,1,80,2,3,2,0,0,1,33.0,31.0,voiture,voiture,1,1,3,1,2
201900047845,2019-02-22 11:02:00,2019,2,22,11,2,74,74168,D1508,46.010218,6.000251,Plein jour,Hors agglomération,Hors intersection,Normale,Autre collision,3,2,2,0,1,2,1,0,1,70,3,3,1,0,1,1,49.0,19.0,deux_roues,voiture,1,1,1,1,6
201900047846,2019-02-22 19:50:00,2019,2,22,19,50,79,79062,,46.805965,-0.667265,Nuit sans éclairage public,Hors agglomération,Hors intersection,Normale,Sans collision,3,2,2,0,2,3,1,0,1,80,1,1,0,0,1,0,41.0,,deux_roues,,3,1,1,1,7
201900047847,2019-11-03 23:16:00,2019,11,3,23,16,25,25368,,47.318992,6.094633,Plein jour,Hors agglomération,Hors intersection,Normale,Deux véhicules - arrière,1,3,4,0,1,1,2,0,1,130,2,7,5,0,1,1,17.0,33.0,voiture,utilitaire_camion,1,1,1,1,2
201900047848,2019-10-16 20:05:00,2019,10,16,20,5,95,95205,41 Rue de la Gare,49.024113,2.364904,Nuit avec éclairage allumé,En agglomération,Hors intersection,Pluie forte,Deux véhicules - frontale,4,2,2,0,1,1,2,9,1,50,2,3,2,0,1,0,62.0,38.0,voiture,voiture,5,2,1,3,1
201900047849,2019-11-03 15:47:00,2019,11,3,15,47,43,43096,D20,45.288972,3.418001,Plein jour,En agglomération,Hors intersection,Temps couvert,Deux véhicules - frontale,3,2,2,0,1,4,1,9,1,50,2,2,1,0,0,1,73.0,19.0,utilitaire_camion,voiture,1,2,1,8,1
201900047850,2019-11-04 19:10:00,2019,11,4,19,10,972,97206,Thoraille,14.490878,-61.044011,Nuit sans éclairage public,Hors agglomération,Hors intersection,Normale,Deux véhicules - frontale,2,2,2,0,3,1,1,0,1,70,2,3,2,0,0,1,20.0,28.0,deux_roues,voiture,3,1,1,1,1
201900047851,2019-10-29 21:45:00,2019,10,29,21,45,27,27193,D143,48.840035,1.367099,Nuit sans éclairage public,Hors agglomération,Intersection en T,Pluie légère,Deux véhicules - côté,3,2,2,0,1,2,2,0,1,80,2,2,1,0,1,0,23.0,36.0,voiture,voiture,3,1,3,2,3
201900047852,2019-11-04 19:25:00,2019,11,4,19,25,26,26116,"autoroute A7 , PK 130+800, sens sud/nord",44.430682,4.742801,Nuit sans éclairage public,Hors agglomération,Hors intersection,Pluie forte,Deux véhicules - arrière,1,3,5,0,2,1,2,0,1,130,2,2,0,0,1,1,48.0,41.0,utilitaire_camion,utilitaire_camion,3,1,1,3,2