accident_id,datetime,annee,mois,jour,heure,minute,departement,commune_insee,adresse,latitude,longitude,luminosite,agglomeration,intersection,meteo,collision,catr,circ,nbv,vosp,prof,plan,surf,infra,situ,vma,nb_vehicules,nb_usagers,nb_indemnes,nb_tues,nb_blesses_hosp,nb_blesses_legers,age_cond_1,age_cond_2,veh_type_cond_1,veh_type_cond_2,lum_code,agg_code,int_code,atm_code,col_code
201900048035,2019-01-12 17:00:00,2019,1,12,17,0,13,13209,GRANDE BAST (AVENUE),43.26213,5.419535,Plein jour,En agglomération,Hors intersection,Normale,Autre collision,4,1,0,0,1,1,1,0,1,50,1,1,0,0,0,1,,,,,1,2,1,1,6
201900048036,2019-01-12 14:00:00,2019,1,12,14,0,13,13201,CANEBIERE     1 A 79,43.2973,5.3802,Plein jour,En agglomération,Intersection en Y,Normale,Deux véhicules - arrière,4,2,2,0,2,1,1,0,1,50,2,2,0,0,1,1,27.0,56.0,deux_roues,deux_roues,1,2,4,1,2
201900048037,2019-01-12 12:30:00,2019,1,12,12,30,13,13002,AUBAGNENS (AVENUE DES),43.329,5.4758,Plein jour,En agglomération,Intersection en T,Normale,Deux véhicules - côté,4,2,2,0,1,3,1,0,1,50,2,2,1,0,0,1,33.0,19.0,deux_roues,voiture,1,2,3,1,3
201900048038,2019-01-11 20:22:00,2019,1,11,20,22,13,13209,SAINTE MARGUERITE (BOULEVARD),43.26829,5.40601,Nuit avec éclairage allumé,En agglomération,Hors intersection,Normale,Deux véhicules - arrière,4,1,1,0,2,1,1,0,1,50,2,2,1,0,0,1,24.0,23.0,voiture,deux_roues,5,2,1,1,2
201900048039,2019-01-11 17:00:00,2019,1,11,17,0,13,13202,DESIREE CLARY (RUE),43.3091,5.3717,Crépuscule ou aube,En agglomération,Intersection en X,Normale,Autre collision,4,1,1,0,1,1,1,0,2,50,1,2,1,0,0,1,39.0,,voiture,,2,2,2,1,6
201900048040,2019-01-11 13:30:00,2019,1,11,13,30,13,13204,BLANCARDE (BOULEVARD),43.3035,5.40564,Plein jour,En agglomération,Hors intersection,Normale,Autre collision,4,2,2,0,1,1,1,0,1,50,1,1,0,0,0,1,,,,,1,2,1,1,6
201900048041,2019-01-11 13:10:00,2019,1,11,13,10,13,13202,CHEMIN DU LITTORAL (CHEMIN DU),43.33867,5.34835,Plein jour,En agglomération,Intersection en T,Normale,Deux véhicules - côté,4,2,4,0,1,1,1,0,1,50,2,5,0,0,0,5,50.0,22.0,voiture,voiture,1,2,3,1,3
201900048042,2019-01-11 12:10:00,2019,1,11,12,10,13,13212,GAROUTTE (BOULEVARD),43.306313,5.413036,Plein jour,En agglomération,Intersection en T,Normale,Deux véhicules - côté,4,2,0,0,1,1,1,0,1,50,2,2,1,0,0,1,62.0,44.0,voiture,deux_roues,1,2,3,1,3
201900048043,2019-01-11 10:00:00,2019,1,11,10,0,13,13209,MARTHELINE (AVENUE DE LA),43.245742,5.400312,Plein jour,En agglomération,Hors intersection,Normale,Deux véhicules - arrière,4,1,1,0,1,1,1,0,1,50,2,3,1,0,0,2,52.0,50.0,voiture,voiture,1,2,1,1,2
201900048044,2019-01-11 08:15:00,2019,1,11,8,15,13,13210,PAUL CLAUDEL (BOULEVARD),43.268,5.417,Plein jour,En agglomération,Hors intersection,Normale,Deux véhicules - côté,4,2,3,0,1,1,1,0,1,50,2,2,1,0,0,1,43.0,25.0,utilitaire_camion,deux_roues,1,2,1,1,3
201900048045,2019-01-11 07:50:00,2019,1,11,7,50,13,13210,PONT DE VIVAUX (BOULEVARD),43.27956,5.41758,Crépuscule ou aube,En agglomération,Hors intersection,Normale,Autre collision,3,2,2,0,1,2,1,0,1,50,1,1,0,0,0,1,,,,,2,2,1,1,6
201900048046,2019-01-10 19:55:00,2019,1,10,19,55,13,13214,CLAUDE MONET (avenue),43.324777,5.393766,Nuit avec éclairage allumé,En agglomération,Hors intersection,Normale,Deux véhicules - côté,4,2,2,0,2,1,1,0,1,50,2,2,1,0,1,0,77.0,20.0,voiture,deux_roues,5,2,1,1,3
201900048047,2019-01-10 19:00:00,2019,1,10,19,0,13,13208,HAMBOURG (BOULEVARD),43.24723,5.39321,Nuit avec éclairage allumé,En agglomération,Hors intersection,Normale,Autre collision,7,2,0,0,1,1,1,0,1,50,1,2,0,0,2,0,36.0,,deux_roues,,5,2,1,1,6
201900048048,2019-01-10 15:30:00,2019,1,10,15,30,13,13213,GRIVES (CHEMIN DES),43.35156,5.41496,Plein jour,En agglomération,Intersection en Y,Temps éblouissant,Deux véhicules - côté,4,2,2,0,1,3,1,0,1,50,2,2,1,0,0,1,60.0,38.0,voiture,voiture,1,2,4,7,3
201900048049,2019-01-10 15:50:00,2019,1,10,15,50,13,13209,EMMANUEL CHABRIER),43.23753,5.39686,Plein jour,En agglomération,Hors intersection,Normale,Sans collision,7,2,2,0,2,1,1,0,1,30,1,1,0,0,1,0,,,,,1,2,1,1,7
201900048050,2019-01-10 16:15:00,2019,1,10,16,15,13,13214,AVENUE RAIMU,43.331992,5.398719,Plein jour,En agglomération,Hors intersection,Normale,Autre collision,4,2,2,0,1,1,1,0,1,50,1,2,1,0,1,0,45.0,,voiture,,1,2,1,1,6
201900048051,2019-01-10 14:30:00,2019,1,10,14,30,13,13208,SAINTE FAMILLE (RUE),43.27843,5.3939,Plein jour,En agglomération,Intersection en X,Normale,Deux véhicules - côté,4,1,1,0,2,1,1,0,1,50,2,2,1,0,0,1,22.0,68.0,voiture,voiture,1,2,2,1,3
201900048052,2019-01-10 13:50:00,2019,1,10,13,50,13,13212,BOISERAIE (RUE),43.295,5.4229,Plein jour,En agglomération,Intersection en T,Normale,Deux véhicules - côté,4,2,0,0,1,1,1,0,1,50,2,2,1,0,1,0,22.0,47.0,voiture,deux_roues,1,2,3,1,3
201900048053,2019-01-10 11:00:00,2019,1,10,11,0,13,13215,VISTE (AVENUE DE LA),43.359658,5.357716,Plein jour,En agglomération,Hors intersection,Normale,Autre collision,4,2,2,0,1,1,1,0,2,50,1,2,1,0,0,1,32.0,,voiture,,1,2,1,1,6
201900048054,2019-01-09 11:50:00,2019,1,9,11,50,13,13205,BAILLE (BOULEVARD),43.28943,5.39697,Plein jour,En agglomération,Hors intersection,Vent fort / tempête,Autre collision,4,2,5,3,1,1,1,0,1,50,1,1,0,0,0,1,61.0,,deux_roues,,1,2,1,6,6
201900048055,2019-01-06 18:40:00,2019,1,6,18,40,13,13208,MENDES FRANCE (AVENUE),43.24971,5.37525,Nuit avec éclairage allumé,En agglomération,Hors intersection,Normale,Trois véhicules et plus - en chaîne,4,3,1,0,1,1,1,0,1,50,3,5,2,0,0,3,27.0,51.0,voiture,voiture,5,2,1,1,4
201900048056,2019-01-09 10:50:00,2019,1,9,10,50,13,13213,LAZARE BARIELLE (TRAVERSE),43.33099,5.4216,Plein jour,En agglomération,Hors intersection,Normale,Autre collision,9,2,1,0,4,1,1,9,1,30,1,2,1,0,0,1,29.0,,voiture,,1,2,1,1,6
201900048057,2019-01-08 15:30:00,2019,1,8,15,30,13,13209,SAINTE MARGUERITE (BOULEVARD),43.26,5.41,Plein jour,En agglomération,Hors intersection,Normale,Deux véhicules - côté,4,-1,2,0,1,1,1,0,1,50,2,3,1,0,0,2,22.0,25.0,deux_roues,voiture,1,2,1,1,3
201900048058,2019-01-08 12:00:00,2019,1,8,12,0,13,13214,ALEX ANSALDI (RUE),43.333361,5.403021,Plein jour,En agglomération,Hors intersection,Normale,Autre collision,7,2,2,0,2,1,1,0,1,50,1,1,0,0,1,0,35.0,,deux_roues,,1,2,1,1,6
201900048059,2019-01-08 11:30:00,2019,1,8,11,30,13,13209,LUDOVIC LEGRE (AVENUE),43.250923,5.398261,Plein jour,En agglomération,Hors intersection,Normale,Autre collision,4,2,2,0,1,1,1,0,1,50,1,2,1,0,0,1,93.0,,voiture,,1,2,1,1,6
201900048060,2019-01-08 09:30:00,2019,1,8,9,30,13,13209,VITON (AVENUE),43.26074,5.40654,Plein jour,En agglomération,Hors intersection,Normale,Deux véhicules - côté,4,2,2,0,1,1,1,0,1,50,2,3,1,0,0,2,44.0,15.0,utilitaire_camion,deux_roues,1,2,1,1,3
201900048061,2019-01-07 17:55:00,2019,1,7,17,55,13,13210,JEAN MOULIN (BOULEVARD),43.2853,5.3987,Nuit avec éclairage allumé,En agglomération,Hors intersection,Normale,Deux véhicules - côté,4,2,6,0,1,1,1,0,1,50,2,2,1,0,0,1,60.0,23.0,deux_roues,utilitaire_camion,5,2,1,1,3
201900048062,2019-01-10 09:10:00,2019,1,10,9,10,13,13005,SALENGRO (AVENUE ROGER),43.30237,5.57137,Plein jour,En agglomération,Hors intersection,Normale,Deux véhicules - frontale,4,2,2,0,2,1,1,0,1,50,2,3,2,0,1,0,57.0,57.0,voiture,deux_roues,1,2,1,1,1
201900048063,2019-01-09 10:50:00,2019,1,9,10,50,13,13005,GEMENOS (ROUTE DE CD2),43.2963428,5.5831448,Plein jour,En agglomération,Giratoire,Normale,Deux véhicules - côté,3,1,1,0,1,2,1,0,1,50,2,2,1,0,0,1,52.0,82.0,deux_roues,voiture,1,2,6,1,3
201900048064,2019-01-11 10:15:00,2019,1,11,10,15,13,13001,RD 14,43.55225,5.43597,Plein jour,Hors agglomération,Intersection en Y,Normale,Deux véhicules - côté,3,3,0,0,1,2,1,0,1,50,2,3,2,0,0,1,41.0,36.0,utilitaire_camion,utilitaire_camion,1,1,4,1,3
201900048065,2019-01-10 08:25:00,2019,1,10,8,25,13,13001,BELGES (AV DES),43.524878,5.443932,Plein jour,En agglomération,Hors intersection,Normale,Autre collision,4,2,2,3,1,1,1,8,1,50,1,2,1,0,0,1,17.0,,deux_roues,,1,2,1,1,6
201900048066,2019-01-09 18:50:00,2019,1,9,18,50,13,13001,TOUR D'ARBOIS (RTE DE LA),43.458223,5.318909,Nuit sans éclairage public,Hors agglomération,Hors intersection,Normale,Trois véhicules et plus - en chaîne,3,-1,2,0,2,1,1,0,1,50,3,3,0,1,1,1,50.0,40.0,voiture,voiture,3,1,1,1,4
201900048067,2019-01-11 10:20:00,2019,1,11,10,20,11,11262,GRUISSAN (ROUTE DE),43.17887,3.0207,Plein jour,En agglomération,Hors intersection,Normale,Sans collision,4,2,2,1,1,1,1,0,1,50,1,1,0,0,1,0,57.0,,deux_roues,,1,2,1,1,7
201900048068,2019-01-06 00:05:00,2019,1,6,0,5,11,11069,JAURES JEAN -BD- PAIR,43.2159,2.3543,Nuit avec éclairage allumé,En agglomération,Hors intersection,Normale,Autre collision,4,1,2,0,1,1,1,0,1,50,1,2,1,1,0,0,21.0,,voiture,,5,2,1,1,6
201900048069,2019-01-09 10:52:00,2019,1,9,10,52,10,10081,ROGER SALENGRO (NATIONALE),48.3142,4.0457,Plein jour,En agglomération,Hors intersection,Normale,Deux véhicules - arrière,4,3,2,0,1,1,2,0,1,50,2,2,1,0,0,1,21.0,27.0,utilitaire_camion,voiture,1,2,1,1,2
201900048070,2019-01-09 12:35:00,2019,1,9,12,35,6,06088,SAINT-LAMBERT (AV.) (A PARTIR DU N° 131),43.71838,7.26307,Plein jour,En agglomération,Intersection en X,Normale,Deux véhicules - côté,4,2,2,0,2,2,1,0,1,50,2,2,1,0,1,0,46.0,63.0,deux_roues,voiture,1,2,2,1,3
201900048071,2019-01-08 18:20:00,2019,1,8,18,20,6,06159,MARECHAL FOCH (AVENUE),43.70154,7.30685,Nuit avec éclairage allumé,En agglomération,Intersection en T,Normale,Deux véhicules - côté,7,2,3,0,2,2,1,0,1,50,2,2,1,0,1,0,48.0,49.0,deux_roues,voiture,5,2,3,1,3
201900048072,2019-01-08 15:15:00,2019,1,8,15,15,6,06088,BORRIGLIONE (JUSQU'AU N° 40-49),43.71234,7.26174,Plein jour,En agglomération,Intersection en T,Temps couvert,Deux véhicules - côté,4,1,1,3,1,1,1,0,1,50,2,3,2,0,1,0,58.0,57.0,deux_roues,voiture,1,2,3,8,3
201900048073,2019-01-11 20:49:00,2019,1,11,20,49,6,06083,PARTOUNEAUX (RUE),43.77484,7.4985,Nuit avec éclairage allumé,En agglomération,Intersection en T,Normale,Autre collision,4,2,0,0,1,1,1,0,1,50,2,2,1,0,0,1,18.0,29.0,deux_roues,voiture,5,2,3,1,6
201900048074,2019-01-11 18:20:00,2019,1,11,18,20,6,06083,"SOSPEL (AVENUE DE, N° 1 A 55)",43.77631,7.4942,Nuit avec éclairage allumé,En agglomération,Hors intersection,Normale,Deux véhicules - arrière,3,3,0,0,2,1,1,5,2,50,2,1,0,0,0,1,46.0,,voiture,,5,2,1,1,2
201900048075,2019-01-10 13:55:00,2019,1,10,13,55,6,06083,DELATTRE DE TASSIGNY (ALLEE),43.78845,7.49285,Plein jour,En agglomération,Hors intersection,Normale,Autre collision,3,2,2,0,2,1,1,5,2,50,1,2,1,0,1,0,52.0,,transport_commun,,1,2,1,1,6
201900048076,2019-01-10 14:30:00,2019,1,10,14,30,6,06104,"VERDUN (AVENUE DE, N° 131 ET +)",43.762591,7.470854,Plein jour,En agglomération,Hors intersection,Normale,Autre collision,4,2,0,0,2,2,1,9,1,50,1,1,0,0,0,1,58.0,,voiture,,1,2,1,1,6
201900048077,2019-01-10 09:50:00,2019,1,10,9,50,6,06069,ROUQUIER (BOULEVARD EMMANUEL),43.64442,6.94091,Plein jour,En agglomération,Hors intersection,Temps éblouissant,Autre collision,4,2,2,0,4,1,1,0,1,50,1,2,1,0,0,1,70.0,,voiture,,1,2,1,7,6
201900048078,2019-01-09 13:40:00,2019,1,9,13,40,6,06069,SANTON (CHEMIN DU),43.64061,6.9489,Plein jour,En agglomération,Hors intersection,Normale,Deux véhicules - côté,4,2,2,0,1,1,1,0,1,30,2,2,1,0,0,1,18.0,60.0,deux_roues,utilitaire_camion,1,2,1,1,3
201900048079,2019-01-11 16:50:00,2019,1,11,16,50,6,06029,JOURDAN (AVENUE MICHEL),43.56804,6.9587,Plein jour,En agglomération,Giratoire,Normale,Deux véhicules - côté,3,1,-1,0,1,2,1,5,1,50,2,2,1,0,1,0,49.0,19.0,deux_roues,deux_roues,1,2,6,1,3
201900048080,2019-01-10 14:10:00,2019,1,10,14,10,6,06029,TONNER (AVENUE FRANCIS),43.54991,6.96912,Plein jour,En agglomération,Hors intersection,Normale,Deux véhicules - arrière,4,3,-1,0,1,1,1,5,1,50,2,2,1,0,0,1,49.0,20.0,deux_roues,deux_roues,1,2,1,1,2
201900048081,2019-01-12 16:00:00,2019,1,12,16,0,6,06123,VESPINS ROUTE DES,43.6602733,7.1824224,Plein jour,En agglomération,Hors intersection,Normale,Trois véhicules et plus - en chaîne,7,2,2,0,1,1,1,0,1,50,3,3,2,0,0,1,46.0,40.0,voiture,deux_roues,1,2,1,1,4
201900048082,2019-01-07 23:00:00,2019,1,7,23,0,5,05061,LUYE ( ROUTE DE LA ),44.5154,6.0656,Nuit sans éclairage public,Hors agglomération,Hors intersection,Autre,Autre collision,3,2,2,0,1,3,2,0,3,70,1,1,0,0,1,0,26.0,,voiture,,3,1,1,9,6
201900048083,2019-01-12 03:55:00,2019,1,12,3,55,1,01053,,46.19536,5.2252702,Nuit avec éclairage allumé,En agglomération,Intersection en X,Pluie légère,Deux véhicules - côté,4,2,3,0,1,1,2,5,1,50,2,4,0,0,3,1,31.0,24.0,utilitaire_camion,voiture,5,2,2,2,3
201900048084,2019-01-12 01:20:00,2019,1,12,1,20,75,75120,PORTE DE BAGNOLET,48.864257,2.413279,Nuit avec éclairage allumé,En agglomération,Hors intersection,Pluie légère,Autre collision,4,1,2,0,2,2,2,0,1,50,2,1,0,0,0,1,36.0,,voiture,,5,2,1,2,6
201900048085,2019-01-11 15:15:00,2019,1,11,15,15,75,75112,PORTE DE CHARENTON,48.830927,2.402991,Plein jour,En agglomération,Hors intersection,Pluie légère,Deux véhicules - côté,4,1,4,0,1,1,2,0,1,70,2,2,1,0,0,1,30.0,57.0,deux_roues,utilitaire_camion,1,2,1,2,3
201900048086,2019-01-10 09:00:00,2019,1,10,9,0,75,75113,PORTE DE GENTILLY,48.817522,2.349559,Plein jour,En agglomération,Hors intersection,Normale,Deux véhicules - arrière,4,1,3,0,1,1,1,0,1,70,2,3,2,0,0,1,46.0,45.0,voiture,deux_roues,1,2,1,1,2
201900048087,2019-01-09 14:30:00,2019,1,9,14,30,75,75120,PORTE DE BAGNOLET,48.860823,2.413832,Plein jour,En agglomération,Hors intersection,Normale,Trois véhicules et plus - en chaîne,4,1,4,0,1,1,2,0,1,70,5,7,4,0,0,3,47.0,56.0,utilitaire_camion,voiture,1,2,1,1,4
201900048088,2019-01-09 09:05:00,2019,1,9,9,5,75,75118,PORTE DE CLIGNANCOURT,48.901208,2.353476,Plein jour,En agglomération,Hors intersection,Normale,Autre collision,4,1,4,0,1,1,1,0,1,70,3,2,1,0,0,1,58.0,42.0,deux_roues,utilitaire_camion,1,2,1,1,6
201900048089,2019-01-08 22:40:00,2019,1,8,22,40,75,75120,PORTE DE MONTREUIL,48.852713,2.414464,Nuit avec éclairage allumé,En agglomération,Hors intersection,Normale,Deux véhicules - côté,4,3,4,0,1,1,1,0,1,70,2,2,1,0,1,0,39.0,51.0,deux_roues,deux_roues,5,2,1,1,3
201900048090,2019-01-08 09:15:00,2019,1,8,9,15,75,75115,PORTE DE LA PLAINE,48.825793,2.299593,Plein jour,En agglomération,Hors intersection,Normale,Deux véhicules - côté,4,1,3,0,1,1,3,1,1,70,2,2,1,0,0,1,40.0,27.0,voiture,deux_roues,1,2,1,1,3
201900048091,2019-01-08 09:30:00,2019,1,8,9,30,75,75119,PORTE DE LA CHAPELLE,48.887784,2.396463,Crépuscule ou aube,En agglomération,Hors intersection,Normale,Trois véhicules et plus - en chaîne,4,1,4,0,1,1,3,0,1,70,3,3,2,0,0,1,31.0,57.0,deux_roues,deux_roues,2,2,1,1,4
201900048092,2019-01-11 12:51:00,2019,1,11,12,51,75,75107,BOULEVARD SAINT GERMAIN,48.856381,2.325426,Plein jour,En agglomération,Intersection en Y,Normale,Deux véhicules - côté,4,2,4,3,1,1,1,0,6,50,2,2,1,0,0,1,63.0,65.0,voiture,deux_roues,1,2,4,1,3
201900048093,2019-01-10 08:42:00,2019,1,10,8,42,75,75110,RUE DU FAUBOURG SAINT DENIS,48.88173,2.358356,Plein jour,En agglomération,Hors intersection,Normale,Autre collision,4,2,2,0,1,1,1,0,1,50,1,3,1,0,1,1,43.0,,transport_commun,,1,2,1,1,6
201900048094,2019-01-08 08:54:00,2019,1,8,8,54,75,75107,RUE FABERT,48.862179,2.311627,Plein jour,En agglomération,Intersection en T,Temps couvert,Sans collision,4,1,2,0,1,1,2,1,1,50,1,1,0,0,0,1,30.0,,deux_roues,,1,2,3,8,7
201900048095,2019-01-08 00:07:00,2019,1,8,0,7,75,75105,BOULEVARD DE PORT ROYAL,48.83839,2.342098,Nuit avec éclairage allumé,En agglomération,Intersection en T,Pluie légère,Autre collision,4,2,5,3,2,1,2,5,6,50,2,3,1,0,0,2,28.0,24.0,voiture,voiture,5,2,3,2,6
201900048096,2019-01-12 02:21:00,2019,1,12,2,21,75,75106,PLACE SAINT MICHEL,48.853753,2.344282,Nuit avec éclairage allumé,En agglomération,Place,Pluie légère,Deux véhicules - côté,4,1,3,0,1,1,2,0,1,50,2,2,1,0,0,1,24.0,21.0,deux_roues,voiture,5,2,7,2,3
201900048097,2019-01-11 09:56:00,2019,1,11,9,56,75,75105,QUAI SAINT BERNARD,48.846648,2.361274,Plein jour,En agglomération,Hors intersection,Pluie légère,Autre collision,4,2,4,0,1,1,2,9,1,50,1,2,1,0,0,1,48.0,,utilitaire_camion,,1,2,1,2,6
201900048098,2019-01-10 10:45:00,2019,1,10,10,45,75,75105,RUE MONGE,48.843782,2.352301,Plein jour,En agglomération,Intersection en X,Normale,Deux véhicules - côté,4,1,1,0,2,1,1,0,1,30,2,2,1,0,0,1,30.0,44.0,deux_roues,utilitaire_camion,1,2,2,1,3
201900048099,2019-01-10 09:45:00,2019,1,10,9,45,75,75105,RUE MONGE,48.846605,2.351629,Plein jour,En agglomération,Intersection en X,Normale,Autre collision,4,2,2,0,1,1,1,0,1,30,1,2,1,0,0,1,51.0,,utilitaire_camion,,1,2,2,1,6
201900048100,2019-01-09 14:55:00,2019,1,9,14,55,75,75106,BOULEVARD DU MONTPARNASSE,48.846863,2.31671,Plein jour,En agglomération,Intersection en X,Normale,Deux véhicules - côté,4,2,2,0,1,1,1,0,1,50,2,2,1,0,0,1,47.0,48.0,voiture,deux_roues,1,2,2,1,3
201900048101,2019-01-09 13:40:00,2019,1,9,13,40,75,75105,RUE SAINT JACQUES,48.844306,2.342052,Plein jour,En agglomération,Intersection en Y,Normale,Autre collision,4,1,1,0,1,1,1,0,1,30,1,2,1,0,0,1,43.0,,deux_roues,,1,2,4,1,6
201900048102,2019-01-12 18:30:00,2019,1,12,18,30,75,75119,RUE DE BELLEVILLE,48.875248,2.39525,Nuit avec éclairage allumé,En agglomération,Intersection en X,Pluie légère,Autre collision,4,2,2,0,2,1,2,0,1,50,1,3,2,0,0,1,63.0,,voiture,,5,2,2,2,6
201900048103,2019-01-11 15:25:00,2019,1,11,15,25,75,75120,RUE DES ORTEAUX,48.85611,2.405882,Plein jour,En agglomération,Intersection en X,Temps couvert,Sans collision,4,2,2,0,1,1,2,0,1,50,1,1,0,0,0,1,37.0,,deux_roues,,1,2,2,8,7
201900048104,2019-01-09 22:15:00,2019,1,9,22,15,75,75120,RUE DE BELLEVILLE,48.875997,2.402549,Nuit avec éclairage allumé,En agglomération,Intersection en X,Normale,Autre collision,4,2,2,0,1,1,1,0,1,50,2,1,0,0,0,1,34.0,,deux_roues,,5,2,2,1,6
201900048105,2019-01-08 17:30:00,2019,1,8,17,30,75,75120,BOULEVARD DAVOUT,48.853522,2.410789,Nuit avec éclairage allumé,En agglomération,Intersection en X,Normale,Trois véhicules et plus - en chaîne,4,3,0,0,1,1,1,0,1,50,3,3,2,0,0,1,19.0,40.0,deux_roues,voiture,5,2,2,1,4
201900048106,2019-01-08 10:45:00,2019,1,8,10,45,75,75120,RUE HOUDART,48.863946,2.387762,Plein jour,En agglomération,Hors intersection,Normale,Autre collision,4,1,1,0,1,1,1,0,1,50,1,2,1,0,0,1,35.0,,utilitaire_camion,,1,2,1,1,6
201900048107,2019-01-11 21:10:00,2019,1,11,21,10,75,75119,AVENUE CORENTIN CARIOU,48.895844,2.383548,Nuit avec éclairage allumé,En agglomération,Intersection en T,Normale,Autre collision,4,2,2,0,1,1,1,0,1,50,2,1,0,0,0,1,35.0,,deux_roues,,5,2,3,1,6
201900048108,2019-01-10 08:30:00,2019,1,10,8,30,75,75119,AVENUE JEAN JAURES,48.88713,2.38678,Crépuscule ou aube,En agglomération,Intersection en T,Normale,Deux véhicules - côté,4,2,2,0,1,1,1,0,1,30,2,2,1,0,0,1,33.0,63.0,utilitaire_camion,deux_roues,2,2,3,1,3
201900048109,2019-01-09 22:30:00,2019,1,9,22,30,75,75119,RUE MANIN,48.884339,2.391282,Nuit avec éclairage allumé,En agglomération,Intersection en T,Normale,Deux véhicules - côté,4,2,2,0,1,1,1,1,1,50,2,3,2,0,0,1,20.0,24.0,deux_roues,voiture,5,2,3,1,3
201900048110,2019-01-08 17:05:00,2019,1,8,17,5,75,75118,BOULEVARD NEY,48.898536,2.359004,Crépuscule ou aube,En agglomération,Intersection en X,Normale,Autre collision,4,3,3,0,1,1,1,9,1,50,1,1,0,0,0,1,26.0,,deux_roues,,2,2,2,1,6
201900048111,2019-01-08 05:10:00,2019,1,8,5,10,75,75118,PLACE ALBERT KAHN,48.896038,2.346283,Nuit avec éclairage allumé,En agglomération,Place,Pluie légère,Deux véhicules - frontale,4,1,1,0,1,2,2,0,1,30,2,3,1,0,0,2,36.0,27.0,voiture,deux_roues,5,2,7,2,1
201900048112,2019-01-12 11:15:00,2019,1,12,11,15,75,75117,RUE LEGENDRE,48.885448,2.31644,Plein jour,En agglomération,Hors intersection,Normale,Deux véhicules - arrière,4,1,2,1,1,1,1,0,1,30,2,2,1,0,0,1,64.0,31.0,deux_roues,voiture,1,2,1,1,2
201900048113,2019-01-11 20:40:00,2019,1,11,20,40,75,75117,AVENUE DE VILLIERS,48.882594,2.310593,Nuit avec éclairage allumé,En agglomération,Intersection en X,Normale,Deux véhicules - côté,4,2,2,0,1,1,2,0,1,50,2,4,3,0,0,1,55.0,26.0,voiture,deux_roues,5,2,2,1,3
201900048114,2019-01-11 18:30:00,2019,1,11,18,30,75,75117,BOULEVARD DE REIMS,48.888666,2.296263,Nuit avec éclairage allumé,En agglomération,Hors intersection,Pluie légère,Sans collision,4,1,1,0,1,1,2,0,1,50,1,1,0,0,0,1,17.0,,deux_roues,,5,2,1,2,7
201900048115,2019-01-11 10:05:00,2019,1,11,10,5,75,75117,AVENUE MAC MAHON,48.875239,2.294804,Plein jour,En agglomération,Intersection en X,Pluie forte,Deux véhicules - côté,4,2,3,0,1,1,2,0,1,50,2,2,1,0,0,1,41.0,65.0,deux_roues,utilitaire_camion,1,2,2,3,3
201900048116,2019-01-10 16:05:00,2019,1,10,16,5,75,75117,BOULEVARD BESSIERES,48.894445,2.313493,Plein jour,En agglomération,Intersection en X,Normale,Deux véhicules - côté,4,2,4,0,1,1,1,4,1,50,2,2,1,0,0,1,54.0,30.0,voiture,deux_roues,1,2,2,1,3
201900048117,2019-01-10 13:00:00,2019,1,10,13,0,75,75117,AVENUE NIEL,48.87965,2.294701,Plein jour,En agglomération,Intersection en X,Normale,Deux véhicules - arrière,4,2,2,0,1,1,1,0,1,30,2,2,1,0,0,1,56.0,20.0,deux_roues,deux_roues,1,2,2,1,2
201900048118,2019-01-09 09:35:00,2019,1,9,9,35,75,75117,AVENUE DE LA PORTE DE CLICHY,48.895492,2.31128,Plein jour,En agglomération,Hors intersection,Normale,Deux véhicules - côté,4,3,4,0,1,1,1,0,1,30,2,2,1,0,0,1,78.0,45.0,voiture,deux_roues,1,2,1,1,3
201900048119,2019-01-09 06:00:00,2019,1,9,6,0,75,75117,AVENUE DE WAGRAM,48.880328,2.299818,Nuit avec éclairage allumé,En agglomération,Intersection en X,Normale,Autre collision,4,2,3,0,1,1,1,0,1,50,1,1,0,0,0,1,32.0,,voiture,,5,2,2,1,6
201900048120,2019-01-12 04:20:00,2019,1,12,4,20,75,75116,ALLEE DE LONGCHAMP,48.869831,2.257013,Nuit avec éclairage allumé,En agglomération,Hors intersection,Pluie légère,Autre collision,4,2,1,0,1,1,2,9,1,50,2,3,1,0,0,2,60.0,27.0,voiture,voiture,5,2,1,2,6
201900048121,2019-01-11 19:45:00,2019,1,11,19,45,75,75116,BOULEVARD DE BEAUSEJOUR,48.856624,2.266288,Nuit avec éclairage allumé,En agglomération,Intersection en T,Normale,Autre collision,4,1,1,0,1,1,2,0,1,50,1,1,0,0,0,1,,,,,5,2,3,1,6
201900048122,2019-01-10 18:40:00,2019,1,10,18,40,75,75116,RUE FELICIEN DAVID,48.849093,2.2739,Crépuscule ou aube,En agglomération,Intersection en X,Normale,Sans collision,4,1,1,0,2,1,1,5,1,50,1,2,1,0,0,1,27.0,,voiture,,2,2,2,1,7
201900048123,2019-01-11 11:45:00,2019,1,11,11,45,75,75116,PLACE DE LA PORTE MAILLOT,48.877375,2.281365,Plein jour,En agglomération,Intersection en Y,Pluie légère,Deux véhicules - côté,4,-1,2,0,1,1,2,5,1,30,2,2,1,0,0,1,45.0,44.0,utilitaire_camion,deux_roues,1,2,4,2,3
201900048124,2019-01-10 13:10:00,2019,1,10,13,10,75,75116,RUE DU GENERAL DELESTRAINT,48.843018,2.258927,Plein jour,En agglomération,Hors intersection,Normale,Deux véhicules - côté,4,1,1,0,1,1,1,0,1,50,2,2,1,0,0,1,36.0,37.0,deux_roues,voiture,1,2,1,1,3
201900048125,2019-01-09 16:20:00,2019,1,9,16,20,75,75116,PLACE DU MARECHAL DE LATTRE DE TASSIGNY,48.872206,2.274748,Plein jour,En agglomération,Place,Pluie légère,Sans collision,4,1,3,0,1,2,2,0,1,50,1,1,0,0,0,1,74.0,,deux_roues,,1,2,7,2,7