accident_id,datetime,annee,mois,jour,heure,minute,departement,commune_insee,adresse,latitude,longitude,luminosite,agglomeration,intersection,meteo,collision,catr,circ,nbv,vosp,prof,plan,surf,infra,situ,vma,nb_vehicules,nb_usagers,nb_indemnes,nb_tues,nb_blesses_hosp,nb_blesses_legers,age_cond_1,age_cond_2,veh_type_cond_1,veh_type_cond_2,lum_code,agg_code,int_code,atm_code,col_code
201900048400,2019-08-22 19:30:00,2019,8,22,19,30,69,69199,TERTRE (DU)                         (PL),45.69235,4.85544,Plein jour,En agglomération,Autre intersection,Normale,Autre collision,9,2,2,0,1,1,1,9,1,50,1,1,0,0,0,1,,,,,1,2,9,1,6
201900048401,2019-08-22 17:20:00,2019,8,22,17,20,69,69259,PRESIDENT SALVADOR ALLENDE (DU)     (R ),45.69625,4.89791,Plein jour,En agglomération,Hors intersection,Normale,Trois véhicules et plus - en chaîne,4,1,1,0,1,1,1,0,1,50,3,2,1,0,0,1,26.0,57.0,deux_roues,utilitaire_camion,1,2,1,1,4
201900048402,2019-08-23 01:45:00,2019,8,23,1,45,972,97213,ROUTE DEPARTEMENTALE 15,14.6521,-60.0112,Nuit avec éclairage allumé,Hors agglomération,Hors intersection,Normale,Sans collision,3,2,2,0,1,1,1,0,2,30,1,1,0,0,0,1,46.0,,deux_roues,,5,1,1,1,7
201900048403,2019-08-22 16:15:00,2019,8,22,16,15,972,97213,FOUR A CHAUX (CHEMIN DU),14.610005,-61.000887,Plein jour,En agglomération,Hors intersection,Normale,Autre collision,4,2,2,0,1,3,1,0,1,50,1,2,1,0,1,0,66.0,,voiture,,1,2,1,1,6
201900048404,2019-08-22 13:25:00,2019,8,22,13,25,972,97213,ROUTE NATIONALE 5,14.597,-60.996,Plein jour,Hors agglomération,Autre intersection,Normale,Deux véhicules - arrière,1,1,5,0,1,1,1,9,1,70,2,2,1,0,1,0,54.0,44.0,voiture,voiture,1,1,9,1,2
201900048405,2019-08-21 18:10:00,2019,8,21,18,10,972,97213,ROUTE DEPARTEMENTALE 15,14.62715,-61.00845,Plein jour,En agglomération,Hors intersection,Normale,Autre collision,3,2,2,0,1,1,1,0,1,50,1,1,0,0,1,0,76.0,,voiture,,1,2,1,1,6
201900048406,2019-08-24 06:30:00,2019,8,24,6,30,972,97209,Chateauboeuf  (Pont de),14.61872,-61.03954,Plein jour,En agglomération,Hors intersection,Pluie légère,Sans collision,1,1,2,0,4,1,2,3,1,50,1,2,1,0,0,1,63.0,,utilitaire_camion,,1,2,1,2,7
201900048407,2019-08-24 00:45:00,2019,8,24,0,45,972,97209,PROFESSEUR RAYMOND GARCIN (RUE DU),14.62735,-61.079,Nuit avec éclairage allumé,Hors agglomération,Giratoire,Pluie légère,Sans collision,3,2,2,0,3,3,2,0,1,50,1,2,0,0,0,2,19.0,,voiture,,5,1,6,2,7
201900048408,2019-08-22 00:00:00,2019,8,22,0,0,972,97209,RD 41 (ROCADE),14.61558,-61.07188,Nuit sans éclairage public,En agglomération,Hors intersection,Normale,Deux véhicules - frontale,3,1,2,0,1,1,1,3,1,50,2,3,0,0,2,1,24.0,32.0,deux_roues,deux_roues,3,2,1,1,1
201900048409,2019-08-24 17:15:00,2019,8,24,17,15,69,69382,BARRE (DE LA)                       (R ),45.75786,4.83433,Plein jour,En agglomération,Place,Normale,Deux véhicules - côté,7,1,4,3,1,1,1,0,1,50,2,1,0,0,0,1,,,,,1,2,7,1,3
201900048410,2019-08-22 13:15:00,2019,8,22,13,15,69,69286,PESAGE (DU)                         (R ),45.81691,4.88926,Plein jour,En agglomération,Intersection en T,Normale,Deux véhicules - côté,3,2,3,0,1,3,1,0,1,50,2,2,1,0,0,1,38.0,61.0,voiture,deux_roues,1,2,3,1,3
201900048411,2019-08-22 11:45:00,2019,8,22,11,45,2B,2B037,MARANA (ROUTE),42.61395,9.48016,Plein jour,En agglomération,Hors intersection,Normale,Autre collision,4,2,2,1,1,1,1,0,1,70,1,3,1,0,0,2,19.0,,voiture,,1,2,1,1,6
201900048412,2019-08-21 09:40:00,2019,8,21,9,40,2B,2B033,AV DE LA LIBERATION,42.68173,9.44403,Plein jour,En agglomération,Hors intersection,Normale,Deux véhicules - arrière,4,2,2,0,1,1,1,0,1,50,2,2,1,0,0,1,17.0,19.0,deux_roues,voiture,1,2,1,1,2
201900048413,2019-08-22 09:15:00,2019,8,22,9,15,95,95218,JACQUES DUCLOS (BOULEVARD),49.01842,2.09616,Plein jour,En agglomération,Intersection en X,Normale,Autre collision,2,3,4,0,1,1,1,0,1,70,1,2,1,0,1,0,50.0,,voiture,,1,2,2,1,6
201900048414,2019-08-24 17:30:00,2019,8,24,17,30,91,91326,MONTAINS (RUE DES),48.69055,2.38601,Plein jour,En agglomération,Intersection en T,Normale,Deux véhicules - côté,4,1,2,0,1,1,1,0,3,50,2,2,1,0,0,1,48.0,39.0,utilitaire_camion,voiture,1,2,3,1,3
201900048415,2019-08-22 22:30:00,2019,8,22,22,30,91,91552,CORBEIL (ROUTE DE),48.59369,2.26286,Nuit avec éclairage allumé,En agglomération,Hors intersection,Normale,Trois véhicules et plus - en chaîne,4,2,2,0,2,1,1,0,3,50,3,4,1,0,2,1,17.0,16.0,deux_roues,deux_roues,5,2,1,1,4
201900048416,2019-08-20 15:09:00,2019,8,20,15,9,87,87085,MADOUMIER (RUE MARCEL),45.83675,1.22472,Plein jour,En agglomération,Hors intersection,Normale,Sans collision,4,2,2,0,1,2,1,0,1,50,1,1,0,0,0,1,15.0,,deux_roues,,1,2,1,1,7
201900048417,2019-08-21 21:30:00,2019,8,21,21,30,86,86041,RN 147 BUXEROLLES,46.6153629,0.3835716,Nuit sans éclairage public,Hors agglomération,Hors intersection,Normale,Deux véhicules - arrière,2,3,4,0,2,1,1,0,1,110,2,2,1,0,1,0,25.0,24.0,voiture,deux_roues,3,1,1,1,2
201900048418,2019-08-22 10:35:00,2019,8,22,10,35,86,86194,NANTES (AVENUE DE),46.58408,0.33167,Plein jour,En agglomération,Hors intersection,Normale,Deux véhicules - arrière,4,-1,2,0,2,1,1,0,1,50,2,3,2,0,0,1,65.0,20.0,voiture,voiture,1,2,1,1,2
201900048419,2019-08-22 09:30:00,2019,8,22,9,30,86,86214,ROCADE SUD EST (RD 162),46.55183,0.32131,Plein jour,Hors agglomération,Hors intersection,Normale,Deux véhicules - arrière,3,3,4,0,1,1,1,0,1,50,2,2,1,0,0,1,28.0,51.0,utilitaire_camion,voiture,1,1,1,1,2
201900048420,2019-08-19 12:00:00,2019,8,19,12,0,86,86066,ESTREES (BOULEVARD GABRIELLE D'),46.7998097,0.525599,Plein jour,En agglomération,Hors intersection,Normale,Autre collision,4,3,2,0,1,1,1,0,1,30,2,2,1,0,0,1,26.0,43.0,deux_roues,voiture,1,2,1,1,6
201900048421,2019-08-14 09:15:00,2019,8,14,9,15,84,84007,OULLE (Allées de l'),43.950576,4.8019152,Plein jour,En agglomération,Hors intersection,Normale,Autre collision,4,1,0,1,2,2,1,0,1,50,1,2,1,0,1,0,41.0,,voiture,,1,2,1,1,6
201900048422,2019-08-23 00:05:00,2019,8,23,0,5,84,84007,VERTES RIVES (Avenue des ) - MONTFAVET,43.937751,4.885213,Nuit sans éclairage public,En agglomération,Hors intersection,Normale,Autre collision,3,2,2,1,1,2,1,0,1,50,1,4,0,3,1,0,20.0,,voiture,,3,2,1,1,6
201900048423,2019-08-22 22:04:00,2019,8,22,22,4,83,83137,ESTIENNE D'ORVES (AVE),43.1268239,5.9146126,Nuit avec éclairage allumé,En agglomération,Hors intersection,Normale,Autre collision,3,3,4,0,1,1,1,0,1,50,2,2,1,1,0,0,20.0,26.0,voiture,deux_roues,5,2,1,1,6
201900048424,2019-08-20 14:55:00,2019,8,20,14,55,80,80021,LUXEMBOURG (AVENUE DU),49.87094,2.28078,Plein jour,En agglomération,Hors intersection,Normale,Deux véhicules - côté,4,2,4,0,3,1,1,0,1,50,2,2,1,0,0,1,26.0,22.0,voiture,deux_roues,1,2,1,1,3
201900048425,2019-08-20 18:20:00,2019,8,20,18,20,78,78646,MARECHAL JOFFRE (RUE DU),48.795801,2.121819,Plein jour,En agglomération,Hors intersection,Normale,Deux véhicules - arrière,3,2,2,0,1,1,1,0,1,50,2,2,1,0,0,1,33.0,35.0,deux_roues,voiture,1,2,1,1,2
201900048426,2019-08-23 06:00:00,2019,8,23,6,0,77,77251,D402 -AV. PAUL DELOUVRIER,48.62316,2.56056,Nuit avec éclairage allumé,Hors agglomération,Hors intersection,Normale,Sans collision,3,2,4,0,1,1,1,0,3,50,1,1,0,0,1,0,40.0,,deux_roues,,5,1,1,1,7
201900048427,2019-08-21 19:40:00,2019,8,21,19,40,77,77186,D606 X D115,48.48112,2.66933,Plein jour,Hors agglomération,Intersection en X,Normale,Deux véhicules - côté,3,2,2,0,1,1,1,5,1,70,2,2,1,0,1,0,72.0,43.0,voiture,deux_roues,1,1,2,1,3
201900048428,2019-08-23 01:10:00,2019,8,23,1,10,76,76540,BRETAGNE. AVENUE DE,49.4330859,1.0852094,Nuit avec éclairage allumé,En agglomération,Intersection en X,Normale,Deux véhicules - arrière,3,3,5,0,1,1,1,0,1,50,2,1,0,0,0,1,39.0,,deux_roues,,5,2,2,1,2
201900048429,2019-08-21 01:00:00,2019,8,21,1,0,76,76351,AUGUSTE BLANQUI,49.50223,0.16101,Nuit avec éclairage allumé,En agglomération,Intersection en X,Normale,Autre collision,4,2,2,0,1,1,1,0,1,50,1,1,0,0,1,0,22.0,,voiture,,5,2,2,1,6
201900048430,2019-08-22 21:08:00,2019,8,22,21,8,74,74010,EUSTACHE CHAPPUIS,45.8992,6.1286,Nuit avec éclairage allumé,En agglomération,Hors intersection,Normale,Autre collision,4,3,4,0,1,1,1,0,2,30,1,2,1,0,1,0,22.0,,voiture,,5,2,1,1,6
201900048431,2019-08-23 21:15:00,2019,8,23,21,15,71,71306,DE LATTRE DE TASSIGNY (BLD DU MARECHAL),46.671596,4.38495,Nuit avec éclairage allumé,En agglomération,Hors intersection,Normale,Autre collision,3,2,2,0,1,1,1,0,1,50,1,2,1,1,0,0,23.0,,voiture,,5,2,1,1,6
201900048432,2019-08-24 15:45:00,2019,8,24,15,45,69,69029,PIERRE MENDES FRANCE                (AV),45.71789,4.90951,Plein jour,Hors agglomération,Intersection en X,Temps éblouissant,Deux véhicules - côté,3,2,5,0,1,1,1,5,1,70,2,2,0,0,0,2,27.0,21.0,voiture,voiture,1,1,2,7,3
201900048433,2019-08-24 08:20:00,2019,8,24,8,20,69,69266,FREDERIC FAYS      (Rue),45.75804,4.90774,Plein jour,En agglomération,Passage à niveau,Normale,Trois véhicules et plus - collisions multiples,4,2,2,0,1,1,1,4,6,50,3,3,2,0,0,1,55.0,29.0,utilitaire_camion,utilitaire_camion,1,2,8,1,5
201900048434,2019-08-23 15:30:00,2019,8,23,15,30,69,69290,COLETTE                             (R ),45.69112,4.94013,Plein jour,En agglomération,Hors intersection,Normale,Deux véhicules - côté,4,2,2,0,1,1,1,0,1,50,2,1,0,0,0,1,51.0,,voiture,,1,2,1,1,3
201900048435,2019-08-23 16:10:00,2019,8,23,16,10,69,69264,BERNAND ETIENNE ( boulvard) ,45.98575,4.71507,Plein jour,En agglomération,Hors intersection,Normale,Autre collision,4,2,2,0,2,1,1,0,1,50,3,3,1,0,0,2,21.0,66.0,utilitaire_camion,voiture,1,2,1,1,6
201900048436,2019-08-22 08:30:00,2019,8,22,8,30,67,67204,FONTAINE (RUE DE LA),48.62445,7.74139,Plein jour,Hors agglomération,Hors intersection,Normale,Autre collision,7,2,2,1,1,1,1,9,1,35,1,2,1,0,0,1,25.0,,deux_roues,,1,1,1,1,6
201900048437,2019-08-15 15:55:00,2019,8,15,15,55,67,67482,ILL (RUE DE L ),48.61272,7.77464,Plein jour,En agglomération,Hors intersection,Normale,Autre collision,4,3,4,3,1,1,1,0,1,50,1,1,0,0,1,0,52.0,,deux_roues,,1,2,1,1,6
201900048438,2019-08-22 16:15:00,2019,8,22,16,15,66,66136,KENNEDY (BD JOHN-FITZGERALD),42.6868814,2.906492,Plein jour,En agglomération,Hors intersection,Normale,Autre collision,4,-1,2,0,1,1,1,0,1,50,1,3,1,0,2,0,37.0,,deux_roues,,1,2,1,1,6
201900048439,2019-08-22 09:20:00,2019,8,22,9,20,64,64129,BAYONNE DE,43.3010188,-0.3942833,Plein jour,En agglomération,Autre intersection,Normale,Autre collision,4,1,1,2,1,2,1,0,3,50,2,2,1,0,0,1,18.0,58.0,deux_roues,deux_roues,1,2,9,1,6
201900048440,2019-08-21 19:15:00,2019,8,21,19,15,63,63300,Hans et Sophie SCHOLL,45.8851431,3.1205463,Plein jour,En agglomération,Hors intersection,Normale,Deux véhicules - frontale,4,2,2,0,2,1,1,2,1,50,2,3,1,0,1,1,33.0,34.0,voiture,voiture,1,2,1,1,1
201900048441,2019-08-21 17:00:00,2019,8,21,17,0,62,62617,ROUTE NATIONALE (CD 937),50.47203,2.66942,Plein jour,En agglomération,Hors intersection,Normale,Deux véhicules - arrière,3,2,2,0,1,1,1,0,1,50,2,4,2,0,0,2,33.0,32.0,voiture,voiture,1,2,1,1,2
201900048442,2019-08-22 17:50:00,2019,8,22,17,50,62,62193,A216,50.94923,1.90528,Plein jour,Hors agglomération,Hors intersection,Normale,Deux véhicules - côté,1,3,4,0,1,1,1,0,1,80,2,2,1,0,0,1,25.0,65.0,voiture,utilitaire_camion,1,1,1,1,3
201900048443,2019-08-21 22:40:00,2019,8,21,22,40,62,62178,BASLY ( EMILE ),50.48465,2.53399,Nuit avec éclairage allumé,En agglomération,Hors intersection,Normale,Autre collision,4,2,2,0,2,1,1,0,1,50,1,1,0,1,0,0,28.0,,deux_roues,,5,2,1,1,6
201900048444,2019-08-23 19:25:00,2019,8,23,19,25,59,59599,HALLUIN (BOULEVARD D'),50.7305,3.1394,Plein jour,En agglomération,Hors intersection,Normale,Trois véhicules et plus - en chaîne,4,1,2,0,1,3,1,0,1,50,4,9,2,0,0,7,49.0,35.0,voiture,voiture,1,2,1,1,4
201900048445,2019-08-23 12:55:00,2019,8,23,12,55,59,59352,CASTELNAU (RUE),50.73696,3.0737,Plein jour,En agglomération,Autre intersection,Normale,Deux véhicules - côté,4,2,2,0,2,1,1,0,1,50,2,2,1,0,1,0,38.0,90.0,deux_roues,voiture,1,2,9,1,3
201900048446,2019-08-23 18:00:00,2019,8,23,18,0,59,59350,DUNKERQUE AVENUE DE,50.645201,3.011985,Plein jour,En agglomération,Autre intersection,Normale,Deux véhicules - frontale,7,2,2,0,1,1,1,9,1,50,2,2,1,0,0,1,43.0,23.0,deux_roues,voiture,1,2,9,1,1
201900048447,2019-08-21 18:15:00,2019,8,21,18,15,59,59488,ROUTE D'ARRAS,50.1903301,3.167555,Plein jour,En agglomération,Hors intersection,Normale,Deux véhicules - côté,3,2,3,0,2,1,1,0,2,50,2,2,0,0,1,1,38.0,33.0,deux_roues,voiture,1,2,1,1,3
201900048448,2019-08-23 17:20:00,2019,8,23,17,20,59,59143,NATIONALE (ROUTE)IWEZ MACQUART,50.65999,2.92775,Plein jour,En agglomération,Hors intersection,Normale,Autre collision,7,2,2,2,1,1,1,0,2,50,2,2,1,0,1,0,58.0,74.0,deux_roues,voiture,1,2,1,1,6
201900048449,2019-08-23 09:20:00,2019,8,23,9,20,59,59017,LILLE (RUE DE ),50.68549,2.88188,Plein jour,En agglomération,Hors intersection,Normale,Autre collision,4,2,2,0,1,1,1,0,1,50,1,3,2,0,0,1,32.0,,voiture,,1,2,1,1,6
201900048450,2019-08-22 14:00:00,2019,8,22,14,0,56,56098,LAGRANGE (RUE  LEO ),47.76676,-3.34214,Plein jour,En agglomération,Hors intersection,Normale,Deux véhicules - côté,4,1,1,0,1,1,1,9,1,20,2,2,1,0,0,1,17.0,35.0,deux_roues,utilitaire_camion,1,2,1,1,3
201900048451,2019-08-22 15:55:00,2019,8,22,15,55,56,56121,LE GONIDEC (RUE  JF),47.74357,-3.39379,Plein jour,En agglomération,Giratoire,Normale,Autre collision,4,2,2,0,1,1,1,5,1,30,1,2,1,0,0,1,61.0,,voiture,,1,2,6,1,6
201900048452,2019-08-22 12:10:00,2019,8,22,12,10,56,56121,LE BARILLEC (RUE  DU COLONEL ),47.76224,-3.39645,Plein jour,En agglomération,Giratoire,Normale,Autre collision,4,2,2,0,1,1,1,5,1,50,1,2,1,0,0,1,83.0,,voiture,,1,2,6,1,6
201900048453,2019-08-21 20:20:00,2019,8,21,20,20,56,56083,TALHOUET (RUE  DU ),47.81712,-3.25925,Plein jour,En agglomération,Intersection en T,Normale,Deux véhicules - côté,4,2,2,0,2,1,1,0,1,50,2,2,1,0,1,0,24.0,16.0,voiture,deux_roues,1,2,3,1,3
201900048454,2019-08-24 12:00:00,2019,8,24,12,0,54,54395,VINGT SIXIEME R.I.,48.69764,6.18853,Plein jour,En agglomération,Hors intersection,Normale,Deux véhicules - côté,4,2,4,1,1,1,1,0,1,50,2,2,0,0,2,0,17.0,24.0,deux_roues,deux_roues,1,2,1,1,3
201900048455,2019-08-22 19:03:00,2019,8,22,19,3,54,54395,PINCHARD (AVENUE - OMBELLES),48.70104,6.147481,Plein jour,En agglomération,Giratoire,Normale,Sans collision,4,2,2,0,1,1,1,0,1,50,1,3,2,0,1,0,23.0,,voiture,,1,2,6,1,7
201900048456,2019-08-22 15:45:00,2019,8,22,15,45,54,54578,MULLER (AVENUE PAUL),48.6576,6.11307,Plein jour,En agglomération,Hors intersection,Normale,Deux véhicules - côté,4,2,2,0,1,1,1,0,1,50,2,2,1,0,1,0,23.0,85.0,deux_roues,voiture,1,2,1,1,3
201900048457,2019-08-22 09:15:00,2019,8,22,9,15,54,54578,MULLER (AVENUE PAUL),48.65878,6.11696,Plein jour,En agglomération,Hors intersection,Normale,Sans collision,4,2,2,0,1,1,1,0,1,50,1,2,0,0,0,2,43.0,,voiture,,1,2,1,1,7
201900048458,2019-08-23 10:55:00,2019,8,23,10,55,54,54382,RN52,49.542736,5.763083,Plein jour,Hors agglomération,Hors intersection,Normale,Sans collision,2,2,2,0,2,2,1,0,1,70,1,1,0,0,1,0,52.0,,deux_roues,,1,1,1,1,7
201900048459,2019-08-22 14:53:00,2019,8,22,14,53,54,54391,RD643,49.23726,5.95248,Plein jour,Hors agglomération,Hors intersection,Normale,Deux véhicules - frontale,3,2,2,0,1,3,1,0,1,80,2,2,0,0,1,1,22.0,80.0,deux_roues,voiture,1,1,1,1,1
201900048460,2019-08-23 08:55:00,2019,8,23,8,55,53,53130,AVESNIERES ( QUAI D' ),48.061191,-0.764337,Plein jour,En agglomération,Hors intersection,Normale,Autre collision,4,2,2,0,1,1,1,0,1,50,1,2,1,1,0,0,41.0,,voiture,,1,2,1,1,6
201900048461,2019-08-21 20:15:00,2019,8,21,20,15,51,51108,AVENUE DU GENERAL SARRAIL,48.9754902,4.3576315,Plein jour,En agglomération,Intersection en T,Normale,Deux véhicules - côté,4,2,2,0,1,1,1,0,1,50,2,2,1,1,0,0,24.0,60.0,voiture,deux_roues,1,2,3,1,3
201900048462,2019-08-21 15:25:00,2019,8,21,15,25,50,50532,D973,48.807901,-1.534692,Plein jour,Hors agglomération,Hors intersection,Normale,Deux véhicules - arrière,3,2,2,0,1,1,1,0,1,80,2,5,4,0,0,1,35.0,73.0,utilitaire_camion,utilitaire_camion,1,1,1,1,2
201900048463,2019-08-21 16:10:00,2019,8,21,16,10,50,50203,ROUGES TERRES (LES),49.62046,-1.61403,Plein jour,En agglomération,Hors intersection,Normale,Autre collision,4,3,4,0,2,1,1,0,1,50,1,2,0,0,1,1,22.0,,deux_roues,,1,2,1,1,6
201900048464,2019-08-20 17:25:00,2019,8,20,17,25,50,50416,VAL AVRIL (RUE DU),49.65569,-1.69943,Plein jour,Hors agglomération,Hors intersection,Normale,Deux véhicules - frontale,3,2,2,0,4,1,1,0,1,80,2,2,1,0,0,1,22.0,17.0,voiture,deux_roues,1,1,1,1,1
201900048465,2019-08-23 03:25:00,2019,8,23,3,25,49,49099,RD 752,47.01133,-0.88466,Nuit sans éclairage public,Hors agglomération,Hors intersection,Normale,Autre collision,4,2,2,0,1,2,1,0,1,70,1,1,0,0,0,1,20.0,,voiture,,3,1,1,1,6
201900048466,2019-08-22 08:29:00,2019,8,22,8,29,49,49007,DUNANT BOULEVARD,47.48317,-0.52348,Plein jour,En agglomération,Hors intersection,Normale,Trois véhicules et plus - en chaîne,4,2,2,0,1,1,1,0,1,60,3,4,0,0,0,4,54.0,29.0,voiture,voiture,1,2,1,1,4
201900048467,2019-08-22 08:23:00,2019,8,22,8,23,49,49007,RESISTANCE ET DEPORTATION BLD,47.47147,-0.54707,Plein jour,En agglomération,Hors intersection,Normale,Deux véhicules - côté,4,2,4,0,1,1,1,0,1,60,2,2,1,0,1,0,33.0,32.0,voiture,deux_roues,1,2,1,1,3
201900048468,2019-08-22 18:31:00,2019,8,22,18,31,49,49007,LAREVELLIERE,47.47118,-0.53255,Plein jour,En agglomération,Hors intersection,Normale,Autre collision,4,2,2,0,1,1,1,0,1,60,1,2,1,0,0,1,24.0,,voiture,,1,2,1,1,6
201900048469,2019-08-22 10:36:00,2019,8,22,10,36,49,49007,CAMUS BOULEVARD,47.48351,-0.57606,Plein jour,En agglomération,Hors intersection,Normale,Sans collision,4,2,2,0,1,1,1,0,1,30,1,1,0,0,0,1,37.0,,deux_roues,,1,2,1,1,7
201900048470,2019-08-22 08:30:00,2019,8,22,8,30,49,49353,CAMUS,47.45632,-0.50827,Plein jour,En agglomération,Hors intersection,Normale,Deux véhicules - côté,4,2,2,0,1,1,1,0,1,60,2,2,1,0,0,1,39.0,68.0,deux_roues,voiture,1,2,1,1,3
201900048471,2019-08-21 18:30:00,2019,8,21,18,30,47,47001,RIOLS (ALLEE DE),44.17889,0.61868,Plein jour,Hors agglomération,Giratoire,Normale,Deux véhicules - côté,4,2,2,0,1,1,1,0,1,50,2,3,1,0,0,2,58.0,50.0,voiture,deux_roues,1,1,6,1,3
201900048472,2019-08-22 11:30:00,2019,8,22,11,30,44,44184,VECQUERIE (RUE DE LA),47.2565,-2.2588,Plein jour,En agglomération,Hors intersection,Normale,Autre collision,4,1,2,0,1,1,1,0,4,50,1,2,0,0,0,2,51.0,,deux_roues,,1,2,1,1,6
201900048473,2019-08-24 14:00:00,2019,8,24,14,0,44,44114,ROUTE DE VANNES,47.2434719,-1.5977798,Plein jour,En agglomération,Hors intersection,Normale,Deux véhicules - côté,4,3,0,0,1,1,1,0,1,50,2,2,1,0,0,1,39.0,49.0,voiture,deux_roues,1,2,1,1,3
201900048474,2019-08-22 07:22:00,2019,8,22,7,22,44,44109,RUE BAPTISTE MARCET,47.214066,-1.602597,Plein jour,En agglomération,Hors intersection,Normale,Autre collision,4,1,0,0,1,2,1,0,1,50,1,1,0,1,0,0,36.0,,deux_roues,,1,2,1,1,6
201900048475,2019-08-22 00:52:00,2019,8,22,0,52,44,44190,PERIPHERIQUE SUD,47.20056,-1.48402,Nuit sans éclairage public,Hors agglomération,Hors intersection,Normale,Autre collision,2,3,0,0,1,1,1,0,1,90,1,3,0,0,0,3,19.0,,voiture,,3,1,1,1,6
201900048476,2019-08-24 19:45:00,2019,8,24,19,45,43,43157,ALLENDE ( AVENUE SALVADOR),45.02583,3.88175,Plein jour,En agglomération,Hors intersection,Normale,Autre collision,4,2,2,0,1,1,1,0,1,50,1,2,1,0,1,0,78.0,,voiture,,1,2,1,1,6
201900048477,2019-08-22 12:15:00,2019,8,22,12,15,42,42316,PASTEUR (RUE),45.39666,4.26505,Plein jour,En agglomération,Hors intersection,Normale,Autre collision,4,2,2,0,1,1,1,0,1,30,1,2,1,0,0,1,42.0,,voiture,,1,2,1,1,6
201900048478,2019-08-21 20:50:00,2019,8,21,20,50,42,42095,RD 500-1,45.38835,4.30121,Plein jour,En agglomération,Giratoire,Normale,Sans collision,3,1,1,0,2,1,1,0,1,50,1,1,0,0,0,1,26.0,,deux_roues,,1,2,6,1,7
201900048479,2019-08-22 14:50:00,2019,8,22,14,50,37,37214,DE GAULLE (BD CHARLES),47.4160398,0.667718,Plein jour,En agglomération,Hors intersection,Normale,Autre collision,4,3,4,0,1,1,1,0,1,50,1,4,3,0,1,0,80.0,,utilitaire_camion,,1,2,1,1,6
201900048480,2019-08-22 15:50:00,2019,8,22,15,50,37,37261,GANCE (BOULEVARD ABEL),47.4089047,0.7209671,Plein jour,En agglomération,Hors intersection,Normale,Deux véhicules - arrière,3,3,4,0,3,1,1,3,1,50,2,4,1,0,0,3,41.0,,voiture,,1,2,1,1,2
201900048481,2019-08-22 08:40:00,2019,8,22,8,40,37,37261,MONTJOYEUX (AVENUE),47.3634,0.7012,Plein jour,En agglomération,Autre intersection,Normale,Deux véhicules - frontale,9,2,0,1,2,3,1,0,1,30,2,2,0,0,0,2,29.0,19.0,deux_roues,deux_roues,1,2,9,1,1
201900048482,2019-08-23 18:45:00,2019,8,23,18,45,35,35281,MENDES FRANCE (BD PIERRE),48.09492,-1.69123,Plein jour,En agglomération,Hors intersection,Normale,Deux véhicules - côté,4,2,2,0,4,2,1,9,1,50,2,3,1,0,1,1,22.0,24.0,deux_roues,voiture,1,2,1,1,3
201900048483,2019-08-21 08:24:00,2019,8,21,8,24,35,35238,CHEZY (BD DE),48.112468,-1.68669,Plein jour,En agglomération,Autre intersection,Normale,Autre collision,4,1,1,0,2,1,1,0,1,50,1,2,1,0,0,1,43.0,,voiture,,1,2,9,1,6
201900048484,2019-08-21 22:56:00,2019,8,21,22,56,34,34172,PONT JUVENAL (AVENUE DU),43.6059025,3.8940898,Nuit avec éclairage allumé,En agglomération,Intersection en X,Normale,Deux véhicules - côté,4,2,2,0,1,1,1,0,1,50,2,2,1,0,0,1,44.0,23.0,voiture,deux_roues,5,2,2,1,3
201900048485,2019-08-22 15:05:00,2019,8,22,15,5,34,34003,SERGENTS (I14 A K17,43.28655,3.50739,Plein jour,En agglomération,Hors intersection,Normale,Autre collision,4,2,0,0,1,1,1,0,1,50,1,2,1,0,0,1,31.0,,voiture,,1,2,1,1,6
201900048486,2019-08-24 13:45:00,2019,8,24,13,45,33,33119,RUE PAULINE KERGOMARD,44.84878,-0.50764,Plein jour,En agglomération,Intersection en X,Normale,Deux véhicules - côté,4,3,1,0,1,1,1,0,1,50,2,2,1,0,0,1,21.0,24.0,voiture,voiture,1,2,2,1,3
201900048487,2019-08-23 21:30:00,2019,8,23,21,30,33,33063,Quai de Bacalan / R. Lucien Faure,44.86,-0.55411,Nuit avec éclairage allumé,En agglomération,Intersection en X,Normale,Deux véhicules - arrière,4,3,7,2,1,1,1,5,1,50,2,2,1,0,0,1,38.0,30.0,deux_roues,voiture,5,2,2,1,2
201900048488,2019-08-23 12:45:00,2019,8,23,12,45,33,33281,TPC Av. Roland Garros - VL sens Av.Roland Garros vers AV.du Souvenir,44.81627,-0.68073,Plein jour,En agglomération,Giratoire,Normale,Autre collision,4,2,2,0,1,1,1,5,8,50,1,1,0,0,0,1,40.0,,voiture,,1,2,6,1,6
201900048489,2019-08-10 16:35:00,2019,8,10,16,35,33,33281,LECLERC (AVE DU MARECHAL),44.83702,-0.64704,Plein jour,En agglomération,Intersection en X,Normale,Deux véhicules - côté,4,2,6,-1,1,1,1,4,6,50,2,2,1,0,0,1,46.0,44.0,deux_roues,transport_commun,1,2,2,1,3
201900048490,2019-08-22 20:33:00,2019,8,22,20,33,33,33550,RUE DU DOCTEUR SCHWEITZER,44.77377,-0.5308,Crépuscule ou aube,En agglomération,Intersection en T,Normale,Deux véhicules - côté,4,2,2,0,1,1,1,0,1,50,2,3,0,0,0,3,39.0,19.0,deux_roues,deux_roues,2,2,3,1,3
201900048491,2019-07-26 16:30:00,2019,7,26,16,30,33,33039,RTE DE TOULOUSE,44.79693,-0.56833,Plein jour,En agglomération,Intersection en X,Pluie légère,Deux véhicules - frontale,4,2,2,0,1,1,2,0,1,50,2,5,3,0,0,2,48.0,66.0,voiture,voiture,1,2,2,2,1
201900048492,2019-08-21 13:50:00,2019,8,21,13,50,33,33200,D1215,44.89146,-0.67111,Plein jour,Hors agglomération,Giratoire,Normale,Autre collision,4,2,4,0,1,1,1,5,1,50,1,2,1,0,0,1,72.0,,voiture,,1,1,6,1,6