accident_id,datetime,annee,mois,jour,heure,minute,departement,commune_insee,adresse,latitude,longitude,luminosite,agglomeration,intersection,meteo,collision,catr,circ,nbv,vosp,prof,plan,surf,infra,situ,vma,nb_vehicules,nb_usagers,nb_indemnes,nb_tues,nb_blesses_hosp,nb_blesses_legers,age_cond_1,age_cond_2,veh_type_cond_1,veh_type_cond_2,lum_code,agg_code,int_code,atm_code,col_code
201900048493,2019-08-22 18:00:00,2019,8,22,18,0,33,33529,PALUE (CH. DE LA),44.63311,-1.16141,Plein jour,Hors agglomération,Intersection en T,Normale,Deux véhicules - côté,4,-1,2,0,1,1,1,0,1,50,2,2,1,0,1,0,63.0,76.0,voiture,deux_roues,1,1,3,1,3
201900048494,2019-08-22 20:15:00,2019,8,22,20,15,33,33529,LECLERC (AVE DU GAL) DU 01 ET +,44.63937,-1.14706,Plein jour,En agglomération,Giratoire,Normale,Autre collision,3,2,2,0,1,4,1,5,1,50,1,2,1,0,0,1,34.0,,voiture,,1,2,6,1,6
201900048495,2019-08-20 16:50:00,2019,8,20,16,50,33,33529,BISCAROSSE (AVE) DUNE VERS BISCA,44.54143,-1.23903,Plein jour,Hors agglomération,Hors intersection,Normale,Deux véhicules - côté,3,2,2,0,1,1,1,0,1,70,2,3,0,0,2,1,39.0,58.0,deux_roues,voiture,1,1,1,1,3
201900048496,2019-08-21 11:20:00,2019,8,21,11,20,32,32013,TREILLE (PONT DE LA),43.64894,0.5894,Plein jour,En agglomération,Hors intersection,Normale,Autre collision,2,3,2,0,1,1,1,0,1,50,1,2,1,0,1,0,23.0,,voiture,,1,2,1,1,6
201900048497,2019-08-21 15:18:00,2019,8,21,15,18,32,32013,VOLTAIRE,43.64658,0.59184,Plein jour,En agglomération,Hors intersection,Normale,Autre collision,4,1,1,0,1,1,1,0,2,50,1,2,1,0,1,0,63.0,,voiture,,1,2,1,1,6
201900048498,2019-08-22 10:00:00,2019,8,22,10,0,31,31149,FONTAINE LUMINEUSE (Rd Point),43.60954,1.35264,Plein jour,En agglomération,Giratoire,Normale,Deux véhicules - côté,3,1,2,0,1,2,1,0,1,50,2,2,1,0,0,1,41.0,34.0,voiture,utilitaire_camion,1,2,6,1,3
201900048499,2019-08-24 15:05:00,2019,8,24,15,5,31,31344,POINTIS INARD (ROUTE DE),43.0972722,0.7698746,Plein jour,Hors agglomération,Hors intersection,Normale,Sans collision,3,2,2,0,1,1,1,0,1,80,1,1,0,0,0,1,23.0,,utilitaire_camion,,1,1,1,1,7
201900048500,2019-08-24 04:30:00,2019,8,24,4,30,30,30189,BEAUCAIRE (ROUTE),43.8352,4.40688,Nuit sans éclairage public,En agglomération,Hors intersection,Normale,Autre collision,3,2,4,0,1,1,1,0,1,90,1,2,1,0,1,0,54.0,,voiture,,3,2,1,1,6
201900048501,2019-08-21 10:20:00,2019,8,21,10,20,30,30189,AVIGNON (ROUTE),43.84181,4.37722,Plein jour,En agglomération,Hors intersection,Normale,Deux véhicules - côté,4,2,3,3,1,1,1,0,1,50,2,5,4,0,1,0,28.0,60.0,deux_roues,voiture,1,2,1,1,3
201900048502,2019-08-07 17:30:00,2019,8,7,17,30,30,30007,NIMES (ROUTE DE),44.10896,4.10175,Plein jour,Hors agglomération,Giratoire,Normale,Deux véhicules - côté,3,1,1,0,1,2,1,9,1,70,2,2,1,0,1,0,86.0,58.0,voiture,deux_roues,1,1,6,1,3
201900048503,2019-08-22 14:45:00,2019,8,22,14,45,29,29232,FLANDRES DUNKERQUE 1940 BOULEVARD,47.9798545,-4.0806249,Plein jour,En agglomération,Giratoire,Normale,Sans collision,3,1,4,0,3,1,1,0,1,70,1,1,0,0,0,1,67.0,,voiture,,1,2,6,1,7
201900048504,2019-08-20 12:30:00,2019,8,20,12,30,29,29232,LAPERRINE HENRY RUE,48.00254,-4.10769,Plein jour,En agglomération,Hors intersection,Normale,Autre collision,4,-1,0,0,1,1,1,9,1,50,1,2,1,0,0,1,41.0,,voiture,,1,2,1,1,6
201900048505,2019-08-13 14:35:00,2019,8,13,14,35,26,26362,PROVENCE AVENUE DE,44.91998,4.87832,Plein jour,En agglomération,Hors intersection,Normale,Trois véhicules et plus - collisions multiples,3,2,1,0,1,1,1,0,1,70,3,3,1,0,1,1,33.0,38.0,voiture,utilitaire_camion,1,2,1,1,5
201900048506,2019-08-23 07:50:00,2019,8,23,7,50,17,17333,TOURTET (AV. LT COLONEL),45.60644,-0.99017,Plein jour,En agglomération,Intersection en X,Normale,Sans collision,4,2,2,0,1,1,1,0,1,50,1,1,0,0,1,0,17.0,,deux_roues,,1,2,2,1,7
201900048507,2019-08-22 13:10:00,2019,8,22,13,10,17,17300,GRASSET   AVENUE EDMOND (61-85B),46.16333,-1.16826,Plein jour,En agglomération,Hors intersection,Normale,Deux véhicules - arrière,4,2,2,1,2,1,1,6,1,50,2,2,1,0,0,1,61.0,61.0,deux_roues,voiture,1,2,1,1,2
201900048508,2019-08-20 09:31:00,2019,8,20,9,31,14,14225,GAULLE (RUE DU GAL),49.2854495,-0.1022664,Plein jour,En agglomération,Hors intersection,Normale,Autre collision,4,1,1,0,1,1,1,0,1,50,1,1,0,0,0,1,,,,,1,2,1,1,6
201900048509,2019-08-21 18:50:00,2019,8,21,18,50,13,13019,CD6,43.424,5.376,Plein jour,Hors agglomération,Hors intersection,Normale,Autre collision,3,2,2,0,2,3,1,0,1,80,1,1,0,1,0,0,41.0,,deux_roues,,1,1,1,1,6
201900048510,2019-08-16 19:15:00,2019,8,16,19,15,13,13056,TURCAN FRANCIS,43.41273,5.05064,Plein jour,En agglomération,Hors intersection,Normale,Deux véhicules - arrière,3,3,5,0,1,1,1,0,1,50,2,3,1,0,0,2,48.0,25.0,transport_commun,voiture,1,2,1,1,2
201900048511,2019-08-24 19:24:00,2019,8,24,19,24,13,13202,VINCENT LEBLANC (RUE),43.30433,5.3685922,Plein jour,En agglomération,Intersection en X,Normale,Deux véhicules - côté,4,1,1,0,2,1,1,0,1,30,2,2,1,0,0,1,14.0,28.0,deux_roues,voiture,1,2,2,1,3
201900048512,2019-08-24 11:55:00,2019,8,24,11,55,13,13211,SAINT MARCEL (BOULEVARD DE ),43.28873,5.45834,Plein jour,En agglomération,Hors intersection,Normale,Deux véhicules - côté,4,2,2,0,1,1,1,0,1,50,2,2,1,0,0,1,25.0,33.0,voiture,deux_roues,1,2,1,1,3
201900048513,2019-08-23 18:00:00,2019,8,23,18,0,13,13213,FRAIS VALLON (AVENUE),43.3236,5.4296,Plein jour,En agglomération,Hors intersection,Normale,Deux véhicules - côté,4,2,2,0,2,1,1,0,1,50,2,2,1,0,1,0,38.0,39.0,deux_roues,utilitaire_camion,1,2,1,1,3
201900048514,2019-08-23 18:10:00,2019,8,23,18,10,13,13213,CROIX ROUGE (AVENUE),43.31801,5.37412,Plein jour,En agglomération,Hors intersection,Normale,Autre collision,4,-1,2,0,1,2,1,0,1,50,1,1,0,0,0,1,,,,,1,2,1,1,6
201900048515,2019-08-23 14:45:00,2019,8,23,14,45,13,13213,ROSE (AVENUE DE LA),43.326387,5.421634,Plein jour,En agglomération,Intersection en X,Normale,Deux véhicules - arrière,4,2,2,0,4,1,1,0,1,50,2,1,0,0,0,1,61.0,,voiture,,1,2,2,1,2
201900048516,2019-08-23 11:10:00,2019,8,23,11,10,13,13215,LYON (RUE DE),43.3224066,5.3691118,Plein jour,En agglomération,Hors intersection,Normale,Deux véhicules - côté,4,2,2,0,1,1,1,0,1,50,2,3,1,0,0,2,41.0,27.0,deux_roues,deux_roues,1,2,1,1,3
201900048517,2019-08-23 00:10:00,2019,8,23,0,10,13,13205,CHAVE (BOULEVARD),43.29543,5.39217,Nuit avec éclairage allumé,En agglomération,Hors intersection,Normale,Sans collision,4,2,2,3,1,1,1,9,1,30,1,1,0,0,0,1,72.0,,deux_roues,,5,2,1,1,7
201900048518,2019-08-22 19:18:00,2019,8,22,19,18,13,13206,FONTANGE (RUE),43.29195,5.3851,Plein jour,En agglomération,Intersection en T,Pluie légère,Sans collision,4,1,1,0,1,1,2,0,1,50,1,1,0,0,0,1,38.0,,deux_roues,,1,2,3,2,7
201900048519,2019-08-22 06:33:00,2019,8,22,6,33,13,13201,GARIBALDI (BOULEVARD) N° IMPAIRS,43.29747,5.38102,Crépuscule ou aube,En agglomération,Intersection en X,Normale,Autre collision,4,2,4,0,1,1,1,0,2,50,1,2,1,0,1,0,57.0,,voiture,,2,2,2,1,6
201900048520,2019-08-20 23:20:00,2019,8,20,23,20,13,13206,ROME (RUE DE),43.29118,5.3808,Nuit avec éclairage allumé,En agglomération,Intersection en X,Normale,Deux véhicules - côté,4,2,2,3,1,1,1,9,1,30,2,3,0,0,0,3,47.0,24.0,deux_roues,deux_roues,5,2,2,1,3
201900048521,2019-08-24 19:40:00,2019,8,24,19,40,13,13004,RTE N570 AVIGNON STES MARIES,43.71906,4.64685,Plein jour,En agglomération,Hors intersection,Normale,Trois véhicules et plus - collisions multiples,3,2,1,0,1,2,1,0,1,80,4,6,0,0,0,6,38.0,38.0,voiture,voiture,1,2,1,1,5
201900048522,2019-08-23 13:35:00,2019,8,23,13,35,12,12176,RD 840,44.39243,2.51062,Plein jour,Hors agglomération,Hors intersection,Normale,Deux véhicules - arrière,3,2,2,0,4,1,1,0,1,80,2,2,1,0,1,0,45.0,20.0,deux_roues,voiture,1,1,1,1,2
201900048523,2019-08-22 20:00:00,2019,8,22,20,0,12,12089,D 963,44.581312,2.245249,Plein jour,Hors agglomération,Hors intersection,Normale,Autre collision,3,2,0,0,4,2,8,0,1,70,1,1,0,0,1,0,33.0,,deux_roues,,1,1,1,1,6
201900048524,2019-08-18 20:55:00,2019,8,18,20,55,11,11069,BLUM PAIRS JUSQUAU 1402,43.2241,2.3539,Nuit avec éclairage allumé,En agglomération,Intersection en T,Normale,Deux véhicules - côté,7,2,2,0,1,1,1,0,1,50,2,5,4,0,1,0,24.0,19.0,deux_roues,voiture,5,2,3,1,3
201900048525,2019-08-24 09:15:00,2019,8,24,9,15,10,10081,CD60,48.3085,4.0209,Plein jour,En agglomération,Giratoire,Normale,Deux véhicules - côté,3,-1,2,0,1,2,1,0,1,50,2,1,0,0,0,1,41.0,,deux_roues,,1,2,6,1,3
201900048526,2019-08-22 11:30:00,2019,8,22,11,30,10,10333,CHARLES DE REFUGE (RUE),48.2811,4.05172,Plein jour,En agglomération,Hors intersection,Temps éblouissant,Autre collision,4,2,2,0,1,1,1,0,1,50,1,2,1,0,0,1,84.0,,voiture,,1,2,1,7,6
201900048527,2019-08-22 11:20:00,2019,8,22,11,20,8,08105,CHARCOT J. QUAI,49.775438,4.724618,Plein jour,En agglomération,Hors intersection,Normale,Autre collision,4,2,2,0,1,1,1,0,1,50,1,2,1,0,1,0,88.0,,voiture,,1,2,1,1,6
201900048528,2019-08-20 14:40:00,2019,8,20,14,40,8,08105,MONGE,49.760645,4.717904,Plein jour,En agglomération,Hors intersection,Normale,Autre collision,4,1,1,0,2,1,1,0,1,1,1,2,1,0,1,0,25.0,,voiture,,1,2,1,1,6
201900048529,2019-08-23 00:30:00,2019,8,23,0,30,6,06088,ANGLAIS (DU N° 265 AU N° 350),43.670851,7.223964,Nuit avec éclairage allumé,En agglomération,Hors intersection,Normale,Deux véhicules - arrière,7,3,3,0,1,1,1,0,1,50,2,3,1,0,0,2,34.0,37.0,voiture,voiture,5,2,1,1,2
201900048530,2019-08-22 15:00:00,2019,8,22,15,0,6,06088,VOIE RAPIDE,43.70456,7.25875,Plein jour,En agglomération,Hors intersection,Normale,Deux véhicules - arrière,4,3,4,0,2,2,1,0,1,70,2,3,2,0,0,1,21.0,26.0,voiture,utilitaire_camion,1,2,1,1,2
201900048531,2019-08-24 10:26:00,2019,8,24,10,26,6,06069,CAPUCINS (CHEMIN ET IMPASSE DES),43.653093,6.929337,Plein jour,En agglomération,Hors intersection,Normale,Autre collision,4,2,2,0,4,3,1,0,1,50,1,2,0,0,0,2,50.0,,deux_roues,,1,2,1,1,6
201900048532,2019-08-23 18:55:00,2019,8,23,18,55,6,06069,BON MARCHE (AVENUE ET TRAVERSE DU),43.661311,6.928069,Plein jour,En agglomération,Hors intersection,Pluie forte,Sans collision,4,1,1,0,2,2,2,0,1,50,1,1,0,0,0,1,45.0,,deux_roues,,1,2,1,3,7
201900048533,2019-08-23 07:15:00,2019,8,23,7,15,6,06069,CAPUCINS (CHEMIN ET IMPASSE DES),43.649782,6.931549,Plein jour,En agglomération,Giratoire,Normale,Deux véhicules - côté,4,2,1,0,1,2,1,0,2,50,2,2,1,0,0,1,20.0,75.0,deux_roues,voiture,1,2,6,1,3
201900048534,2019-08-22 17:30:00,2019,8,22,17,30,6,06027,115 AVENUE DE NICE (RM 6007),43.659585,7.169264,Plein jour,En agglomération,Hors intersection,Normale,Deux véhicules - côté,7,-1,2,0,1,1,1,0,1,50,2,2,1,0,0,1,22.0,19.0,deux_roues,voiture,1,2,1,1,3
201900048535,2019-08-21 08:25:00,2019,8,21,8,25,4,04070,RD 19 Av du 8 mai 1945,44.0900292,6.2373027,Plein jour,En agglomération,Hors intersection,Temps éblouissant,Autre collision,3,2,2,0,1,1,1,0,1,50,1,2,1,0,1,0,70.0,,voiture,,1,2,1,7,6
201900048536,2019-08-23 18:30:00,2019,8,23,18,30,75,75119,BD PERIPHERIQUE INTERIEUR,48.884855,2.39806,Plein jour,En agglomération,Hors intersection,Normale,Trois véhicules et plus - en chaîne,4,1,4,0,1,1,1,0,1,70,4,4,3,0,0,1,25.0,38.0,deux_roues,deux_roues,1,2,1,1,4
201900048537,2019-08-23 15:55:00,2019,8,23,15,55,75,75114,RUE D ALESIA,48.8264501,2.3415872,Plein jour,En agglomération,Intersection en X,Normale,Autre collision,4,2,4,3,1,1,1,0,1,30,1,2,1,0,1,0,32.0,,transport_commun,,1,2,2,1,6
201900048538,2019-08-21 19:25:00,2019,8,21,19,25,75,75104,RUE DE SEVIGNE,48.8550648,2.361673,Crépuscule ou aube,En agglomération,Intersection en T,Normale,Sans collision,4,2,2,3,1,1,1,0,1,30,1,1,0,0,1,0,47.0,,deux_roues,,2,2,3,1,7
201900048539,2019-08-24 14:00:00,2019,8,24,14,0,75,75106,RUE DES ECOLES,48.8503453,2.3426137,Plein jour,En agglomération,Intersection à plus de 4 branches,Normale,Deux véhicules - côté,4,2,3,0,1,1,1,0,1,50,2,2,1,0,0,1,20.0,28.0,utilitaire_camion,deux_roues,1,2,5,1,3
201900048540,2019-08-23 10:20:00,2019,8,23,10,20,75,75106,RUE MAYET,48.84617,2.319434,Plein jour,En agglomération,Hors intersection,Normale,Autre collision,4,2,2,0,1,1,1,0,1,30,1,2,1,0,0,1,58.0,,voiture,,1,2,1,1,6
201900048541,2019-08-22 13:35:00,2019,8,22,13,35,75,75113,BOULEVARD VINCENT AURIOL,48.833771,2.3641416,Plein jour,En agglomération,Hors intersection,Normale,Autre collision,4,3,2,0,1,1,1,0,1,50,2,1,0,0,0,1,25.0,,deux_roues,,1,2,1,1,6
201900048542,2019-08-24 15:50:00,2019,8,24,15,50,75,75111,RUE DU FAUBOURG DU TEMPLE,48.870142,2.3715502,Plein jour,En agglomération,Intersection en T,Normale,Autre collision,4,1,2,0,1,1,1,0,1,50,1,2,0,0,0,2,48.0,,deux_roues,,1,2,3,1,6
201900048543,2019-08-23 09:37:00,2019,8,23,9,37,75,75119,BOULEVARD DE LA VILLETTE,48.8827862,2.3702819,Plein jour,En agglomération,Place,Normale,Autre collision,4,3,3,-1,1,1,1,0,1,50,1,1,0,0,0,1,17.0,,deux_roues,,1,2,7,1,6
201900048544,2019-08-23 00:30:00,2019,8,23,0,30,75,75119,AVENUE CORENTIN CARIOU,48.8983563,2.3861888,Nuit avec éclairage allumé,En agglomération,Intersection en X,Normale,Autre collision,4,2,8,0,2,3,1,0,1,50,1,1,0,0,0,1,,,,,5,2,2,1,6
201900048545,2019-08-24 13:20:00,2019,8,24,13,20,75,75118,BOULEVARD DE CLICHY,48.8846915,2.3294502,Plein jour,En agglomération,Place,Normale,Autre collision,4,3,3,0,1,1,1,0,1,50,1,2,1,0,0,1,27.0,,deux_roues,,1,2,7,1,6
201900048546,2019-08-23 21:00:00,2019,8,23,21,0,75,75116,ALLEE DU BORD DE L EAU,48.87073,2.240034,Nuit avec éclairage allumé,En agglomération,Hors intersection,Normale,Deux véhicules - arrière,4,2,2,0,1,1,1,0,1,50,2,4,2,0,0,2,18.0,24.0,voiture,utilitaire_camion,5,2,1,1,2
201900048547,2019-08-24 18:35:00,2019,8,24,18,35,75,75114,PLACE DU VINGT CINQ AOUT 1944,48.8230617,2.3254943,Plein jour,En agglomération,Place,Normale,Autre collision,4,2,8,0,1,1,1,0,1,50,1,1,0,0,1,0,24.0,,deux_roues,,1,2,7,1,6
201900048548,2019-08-23 20:00:00,2019,8,23,20,0,75,75115,PLACE DES MARTYRS DE LA RESISTANCE,48.833215,2.277067,Plein jour,En agglomération,Hors intersection,Normale,Autre collision,4,2,1,3,1,1,1,0,6,50,1,2,1,0,0,1,51.0,,transport_commun,,1,2,1,1,6
201900048549,2019-08-21 22:45:00,2019,8,21,22,45,75,75115,RUE BRANCION,48.8332458,2.3039147,Nuit avec éclairage allumé,En agglomération,Hors intersection,Normale,Autre collision,4,2,2,0,1,1,1,0,1,30,1,2,1,0,0,1,29.0,,voiture,,5,2,1,1,6
201900048550,2019-08-24 05:10:00,2019,8,24,5,10,75,75105,BOULEVARD DE L HOPITAL,48.8409425,2.3625039,Nuit avec éclairage allumé,En agglomération,Intersection en Y,Normale,Deux véhicules - arrière,4,2,5,0,1,1,1,0,1,50,2,3,1,0,0,2,21.0,34.0,deux_roues,voiture,5,2,4,1,2
201900048551,2019-08-24 02:29:00,2019,8,24,2,29,75,75113,AVENUE DES GOBELINS,48.836786,2.351879,Nuit avec éclairage allumé,En agglomération,Intersection en X,Normale,Autre collision,4,2,4,0,4,1,1,0,1,50,1,2,1,0,0,1,45.0,,deux_roues,,5,2,2,1,6
201900048552,2019-08-23 20:55:00,2019,8,23,20,55,75,75113,RUE DE LA GLACIERE,48.8264499,2.3417964,Nuit avec éclairage allumé,En agglomération,Intersection en X,Normale,Autre collision,4,1,2,0,1,1,1,0,1,50,1,3,2,0,0,1,25.0,,voiture,,5,2,2,1,6
201900048553,2019-08-23 14:33:00,2019,8,23,14,33,75,75113,BOULEVARD DE L HOPITAL,48.8365716,2.3592918,Plein jour,En agglomération,Intersection en X,Normale,Deux véhicules - côté,4,2,4,0,2,1,1,0,1,50,2,3,2,0,0,1,51.0,32.0,voiture,utilitaire_camion,1,2,2,1,3
201900048554,2019-08-22 08:20:00,2019,8,22,8,20,75,75113,RUE NATIONALE,48.8216993,2.3693634,Plein jour,En agglomération,Intersection en X,Normale,Deux véhicules - côté,4,1,1,0,1,1,1,0,1,50,2,2,1,0,0,1,38.0,60.0,deux_roues,voiture,1,2,2,1,3
201900048555,2019-08-24 08:50:00,2019,8,24,8,50,75,75112,ROUTE DU PESAGE,48.820608,2.445354,Plein jour,En agglomération,Intersection en T,Normale,Deux véhicules - côté,4,2,2,0,1,1,1,0,1,50,2,3,2,0,0,1,29.0,82.0,voiture,deux_roues,1,2,3,1,3
201900048556,2019-08-23 20:40:00,2019,8,23,20,40,75,75112,BOULEVARD DIDEROT,48.8465346,2.379665,Crépuscule ou aube,En agglomération,Intersection en Y,Normale,Deux véhicules - côté,4,2,3,0,1,1,1,0,1,50,2,2,1,0,0,1,55.0,51.0,voiture,deux_roues,2,2,4,1,3
201900048557,2019-08-22 16:50:00,2019,8,22,16,50,75,75111,BOULEVARD VOLTAIRE,48.854711,2.385305,Plein jour,En agglomération,Intersection en X,Normale,Autre collision,4,3,4,0,1,1,1,0,1,50,1,2,1,0,0,1,46.0,,voiture,,1,2,2,1,6
201900048558,2019-08-22 16:05:00,2019,8,22,16,5,75,75110,RUE PHILIPPE DE GIRARD,48.880624,2.36201,Plein jour,En agglomération,Intersection en X,Normale,Deux véhicules - côté,4,1,1,0,2,1,1,0,1,50,2,3,1,0,0,2,30.0,27.0,deux_roues,deux_roues,1,2,2,1,3
201900048559,2019-08-23 03:00:00,2019,8,23,3,0,75,75108,AVENUE MONTAIGNE,48.8670156,2.3063189,Nuit avec éclairage allumé,En agglomération,Intersection en X,Normale,Deux véhicules - côté,4,2,3,0,1,1,1,0,1,50,2,3,2,0,0,1,25.0,37.0,voiture,voiture,5,2,2,1,3
201900048560,2019-08-21 13:30:00,2019,8,21,13,30,75,75108,BOULEVARD HAUSSMANN,48.8739315,2.3258024,Plein jour,En agglomération,Intersection en Y,Normale,Deux véhicules - arrière,4,1,3,3,1,1,1,0,1,50,2,2,1,0,0,1,24.0,31.0,deux_roues,deux_roues,1,2,4,1,2
201900048561,2019-08-24 00:40:00,2019,8,24,0,40,75,75107,QUAI ANATOLE FRANCE,48.861126,2.324156,Nuit avec éclairage allumé,En agglomération,Intersection en T,Normale,Sans collision,4,1,4,0,1,1,9,8,1,50,1,1,0,0,0,1,24.0,,deux_roues,,5,2,3,1,7
201900048562,2019-08-22 13:44:00,2019,8,22,13,44,75,75115,QUAI BRANLY,48.857469,2.291054,Plein jour,En agglomération,Intersection en T,Normale,Trois véhicules et plus - collisions multiples,4,2,7,0,1,1,1,0,1,50,4,4,3,0,1,0,38.0,66.0,deux_roues,voiture,1,2,3,1,5
201900048563,2019-08-23 17:00:00,2019,8,23,17,0,75,75103,RUE DE TURENNE,48.857796,2.364472,Plein jour,En agglomération,Hors intersection,Temps éblouissant,Sans collision,4,2,2,0,1,1,1,0,1,30,1,1,0,0,0,1,25.0,,deux_roues,,1,2,1,7,7
201900048564,2019-08-21 11:50:00,2019,8,21,11,50,94,94081,GENERAL DE GAULLE (R DU),48.79351,2.3926,Plein jour,En agglomération,Hors intersection,Normale,Autre collision,4,2,2,0,1,1,1,0,1,50,1,2,1,0,0,1,72.0,,voiture,,1,2,1,1,6
201900048565,2019-08-22 11:45:00,2019,8,22,11,45,94,94077,VERDUN (COUR DE),48.73784,2.40803,Plein jour,En agglomération,Hors intersection,Normale,Deux véhicules - arrière,4,2,4,0,2,1,1,0,1,50,2,2,1,0,1,0,48.0,55.0,voiture,voiture,1,2,1,1,2
201900048566,2019-08-23 23:35:00,2019,8,23,23,35,94,94042,GENERAL GALLIENI (AV DU),48.82003,2.47842,Nuit avec éclairage allumé,En agglomération,Intersection en X,Normale,Deux véhicules - côté,3,2,4,0,1,1,1,0,1,50,2,2,1,0,0,1,26.0,34.0,deux_roues,voiture,5,2,2,1,3
201900048567,2019-08-22 00:05:00,2019,8,22,0,5,94,94041,LOUIS BERTRAND (R),48.81693,2.37787,Nuit avec éclairage allumé,En agglomération,Hors intersection,Normale,Sans collision,3,2,2,0,2,3,1,0,1,30,1,1,0,0,0,1,21.0,,deux_roues,,5,2,1,1,7
201900048568,2019-07-17 11:30:00,2019,7,17,11,30,83,83068,Route du littoral ,43.28137,6.583295,Plein jour,Hors agglomération,Hors intersection,Normale,Autre collision,3,2,2,1,1,1,1,1,1,70,1,1,0,0,1,0,80.0,,deux_roues,,1,1,1,1,6
201900048569,2019-07-17 10:45:00,2019,7,17,10,45,5,05079,route départementale 1091,45.028981,6.446351,Plein jour,Hors agglomération,Hors intersection,Normale,Deux véhicules - côté,3,2,2,0,2,1,1,0,1,80,2,2,0,0,0,2,71.0,55.0,deux_roues,deux_roues,1,1,1,1,3
201900048570,2019-07-17 18:15:00,2019,7,17,18,15,4,04220,RD 900,44.393573,6.558747,Plein jour,Hors agglomération,Hors intersection,Normale,Trois véhicules et plus - en chaîne,3,2,2,0,1,1,1,0,1,80,3,4,2,1,1,0,69.0,20.0,voiture,voiture,1,1,1,1,4
201900048571,2019-07-16 12:30:00,2019,7,16,12,30,89,89453,D158,47.7925081,3.5238521,Plein jour,Hors agglomération,Hors intersection,Normale,Autre collision,3,2,2,0,1,2,1,0,1,70,2,2,1,0,1,0,76.0,49.0,voiture,voiture,1,1,1,1,6
201900048572,2019-06-16 19:10:00,2019,6,16,19,10,67,67205,Rue Brandt,48.699707,7.781494,Plein jour,En agglomération,Hors intersection,Normale,Autre collision,4,2,2,0,1,1,1,0,1,50,1,3,2,0,0,1,29.0,,voiture,,1,2,1,1,6
201900048573,2019-07-17 01:25:00,2019,7,17,1,25,54,54397,RD115,48.613199,6.120103,Nuit sans éclairage public,En agglomération,Hors intersection,Normale,Sans collision,3,2,2,0,1,2,1,0,1,50,1,1,0,0,1,0,35.0,,deux_roues,,3,2,1,1,7
201900048574,2019-07-16 15:20:00,2019,7,16,15,20,26,26168,"lieu dit "" Cassarel""",44.710737,5.677344,Plein jour,Hors agglomération,Hors intersection,Normale,Sans collision,3,2,2,0,2,2,1,0,1,50,1,1,0,0,1,0,59.0,,deux_roues,,1,1,1,1,7
201900048575,2019-07-17 07:55:00,2019,7,17,7,55,69,69143,Avenue Auguste Wissel,45.8764136,4.8430312,Plein jour,En agglomération,Giratoire,Normale,Deux véhicules - côté,4,-1,2,0,2,1,1,0,1,50,2,2,1,0,0,1,27.0,41.0,utilitaire_camion,deux_roues,1,2,6,1,3
201900048576,2019-07-15 17:55:00,2019,7,15,17,55,32,32312,RD 626 - PR50+100,43.622014,0.64062,Plein jour,En agglomération,Hors intersection,Normale,Sans collision,3,2,2,0,1,1,1,0,1,50,1,1,0,0,1,0,63.0,,deux_roues,,1,2,1,1,7
201900048577,2019-07-14 04:55:00,2019,7,14,4,55,40,40043,D652,44.12228,-1.302119,Nuit sans éclairage public,Hors agglomération,Hors intersection,Normale,Sans collision,3,2,2,0,1,1,1,0,1,80,1,1,0,0,1,0,49.0,,deux_roues,,3,1,1,1,7
201900048578,2019-07-16 07:50:00,2019,7,16,7,50,33,33274,D214E9 Route de Bernin / rue du Hameau des Sources,44.71819,-0.53958,Plein jour,En agglomération,Giratoire,Normale,Deux véhicules - côté,3,2,2,0,1,2,1,5,1,30,2,4,3,0,1,0,29.0,20.0,deux_roues,voiture,1,2,6,1,3
201900048579,2019-07-06 02:20:00,2019,7,6,2,20,29,29103,Rue de la Petite Palud,48.449179,-4.254595,Nuit avec éclairage allumé,En agglomération,Giratoire,Normale,Sans collision,3,2,2,0,1,1,1,5,4,50,1,2,1,0,0,1,50.0,,voiture,,5,2,6,1,7
201900048580,2019-07-16 23:15:00,2019,7,16,23,15,22,22186,Quai des Terre Neuvas,48.578123,-2.56626,Nuit avec éclairage allumé,En agglomération,Hors intersection,Normale,Autre collision,9,2,2,0,1,1,1,0,1,-1,1,2,1,0,1,0,25.0,,voiture,,5,2,1,1,6
201900048581,2019-07-15 21:45:00,2019,7,15,21,45,22,22162,route romaine,48.765475,-3.058305,Plein jour,Hors agglomération,Hors intersection,Normale,Deux véhicules - frontale,4,2,2,0,1,1,1,0,1,70,2,2,1,0,1,0,39.0,12.0,voiture,deux_roues,1,1,1,1,1
201900048582,2019-07-10 17:34:00,2019,7,10,17,34,22,22093,Boulevard Jobert,48.4667625,-2.5081245,Plein jour,En agglomération,Giratoire,Normale,Deux véhicules - côté,3,1,1,0,1,3,1,5,1,50,2,2,1,0,1,0,44.0,47.0,deux_roues,voiture,1,2,6,1,3
201900048583,2019-07-16 22:00:00,2019,7,16,22,0,35,35236,Rue Chico Mendès,47.653207,-2.097991,Crépuscule ou aube,En agglomération,Hors intersection,Normale,Deux véhicules - arrière,3,2,2,0,2,1,1,0,1,50,2,2,0,0,1,1,23.0,46.0,deux_roues,deux_roues,2,2,1,1,2
201900048584,2019-07-16 13:30:00,2019,7,16,13,30,60,60612,20 Rue de Villevert,49.207887,2.585813,Plein jour,En agglomération,Hors intersection,Normale,Autre collision,4,2,2,0,1,1,1,0,1,50,1,1,0,0,1,0,42.0,,deux_roues,,1,2,1,1,6
201900048585,2019-07-17 13:18:00,2019,7,17,13,18,80,80521,Autoroute A1,49.970397,2.862117,Plein jour,Hors agglomération,Hors intersection,Normale,Deux véhicules - arrière,1,1,3,0,1,1,1,0,1,130,2,4,3,0,0,1,57.0,29.0,voiture,utilitaire_camion,1,1,1,1,2