accident_id,datetime,annee,mois,jour,heure,minute,departement,commune_insee,adresse,latitude,longitude,luminosite,agglomeration,intersection,meteo,collision,catr,circ,nbv,vosp,prof,plan,surf,infra,situ,vma,nb_vehicules,nb_usagers,nb_indemnes,nb_tues,nb_blesses_hosp,nb_blesses_legers,age_cond_1,age_cond_2,veh_type_cond_1,veh_type_cond_2,lum_code,agg_code,int_code,atm_code,col_code
201900048586,2019-07-15 19:00:00,2019,7,15,19,0,13,13210,S10CD-Sens Aubagne vers Marseille,43.286716,5.433089,Plein jour,Hors agglomération,Hors intersection,Normale,Deux véhicules - arrière,1,1,2,0,1,1,1,0,1,70,2,5,3,0,0,2,40.0,48.0,voiture,voiture,1,1,1,1,2
201900048587,2019-07-11 08:15:00,2019,7,11,8,15,13,13117,A7-Sens Lyon vers Marseille,43.46195,5.23464,Plein jour,En agglomération,Hors intersection,Normale,Deux véhicules - côté,1,1,3,0,1,1,1,0,2,110,2,3,1,0,0,2,41.0,30.0,voiture,utilitaire_camion,1,2,1,1,3
201900048588,2019-07-16 09:50:00,2019,7,16,9,50,13,13211,A50-Sens Marseille vers Aubagne,43.2900532,5.4902297,Plein jour,Hors agglomération,Hors intersection,Normale,Sans collision,1,-1,4,0,1,1,1,0,1,90,1,1,0,0,0,1,26.0,,deux_roues,,1,1,1,1,7
201900048589,2019-07-16 17:05:00,2019,7,16,17,5,33,33122,A63 voie gauche,44.72259,-0.73567,Plein jour,Hors agglomération,Hors intersection,Normale,Trois véhicules et plus - en chaîne,1,3,4,0,1,1,1,0,1,110,3,8,2,0,0,6,33.0,39.0,utilitaire_camion,voiture,1,1,1,1,4
201900048590,2019-07-16 17:40:00,2019,7,16,17,40,33,33096,AUTOROUTE A 10,44.89005,-0.50324,Plein jour,Hors agglomération,Hors intersection,Normale,Deux véhicules - côté,1,3,6,0,1,1,1,0,1,90,2,3,1,0,0,2,27.0,23.0,deux_roues,utilitaire_camion,1,1,1,1,3
201900048591,2019-07-15 21:26:00,2019,7,15,21,26,91,91477,AUTOROUTE A126,48.71862,2.25969,Plein jour,Hors agglomération,Hors intersection,Temps éblouissant,Autre collision,1,2,2,0,1,1,1,0,3,70,1,1,0,0,0,1,47.0,,voiture,,1,1,1,7,6
201900048592,2019-07-15 19:00:00,2019,7,15,19,0,94,94037,AUTOROUTE A6B,48.81576,2.3561109,Plein jour,Hors agglomération,Hors intersection,Normale,Trois véhicules et plus - en chaîne,1,3,2,0,2,4,1,1,1,50,3,3,2,0,0,1,20.0,60.0,voiture,voiture,1,1,1,1,4
201900048593,2019-07-15 19:50:00,2019,7,15,19,50,91,91064,RN 118,48.74176,2.18603,Plein jour,Hors agglomération,Hors intersection,Normale,Deux véhicules - arrière,2,3,4,0,1,1,1,0,3,110,2,2,1,0,0,1,41.0,24.0,voiture,deux_roues,1,1,1,1,2
201900048594,2019-07-15 17:15:00,2019,7,15,17,15,78,78043,A13W,48.84823,2.07492,Plein jour,Hors agglomération,Hors intersection,Normale,Deux véhicules - côté,1,-1,2,0,1,1,1,0,1,110,2,2,1,0,0,1,23.0,29.0,deux_roues,voiture,1,1,1,1,3
201900048595,2019-07-15 21:20:00,2019,7,15,21,20,95,95018,AUTOROUTE A15,48.95236,2.27976,Crépuscule ou aube,Hors agglomération,Hors intersection,Normale,Deux véhicules - côté,1,3,8,0,1,1,1,0,1,110,2,2,1,0,0,1,43.0,46.0,voiture,voiture,2,1,1,1,3
201900048596,2019-07-15 15:30:00,2019,7,15,15,30,93,93064,AUTOROUTE A86,48.88427,2.46958,Plein jour,Hors agglomération,Hors intersection,Normale,Trois véhicules et plus - en chaîne,1,1,2,0,2,2,1,0,1,50,3,4,3,0,0,1,49.0,49.0,voiture,voiture,1,1,1,1,4
201900048597,2019-07-15 13:45:00,2019,7,15,13,45,93,93064,AUTOROUTE A86,48.88338,2.46927,Plein jour,Hors agglomération,Hors intersection,Normale,Deux véhicules - arrière,1,1,1,0,1,3,1,0,1,70,2,2,1,0,0,1,55.0,55.0,autre,utilitaire_camion,1,1,1,1,2
201900048598,2019-07-15 10:35:00,2019,7,15,10,35,93,93013,AUTOROUTE A1,48.94143,2.42872,Plein jour,Hors agglomération,Hors intersection,Normale,Sans collision,1,3,9,0,1,1,1,0,1,110,1,1,0,0,1,0,40.0,,deux_roues,,1,1,1,1,7
201900048599,2019-07-16 18:35:00,2019,7,16,18,35,94,94069,A4,48.8172715,2.4280859,Plein jour,Hors agglomération,Hors intersection,Normale,Autre collision,1,3,8,0,1,1,1,0,1,90,2,2,1,0,0,1,45.0,35.0,utilitaire_camion,voiture,1,1,1,1,6
201900048600,2019-07-15 21:20:00,2019,7,15,21,20,77,77294,A104 X VOIE INSERTION,48.96836,2.60185,Plein jour,Hors agglomération,Autre intersection,Normale,Deux véhicules - arrière,1,3,2,0,1,1,1,3,3,90,2,2,1,1,0,0,46.0,48.0,utilitaire_camion,voiture,1,1,9,1,2
201900048601,2019-07-15 08:45:00,2019,7,15,8,45,77,77363,A104,48.9125226,2.6354436,Plein jour,Hors agglomération,Hors intersection,Normale,Trois véhicules et plus - en chaîne,1,-1,2,0,1,1,1,0,1,90,3,3,1,0,0,2,68.0,33.0,utilitaire_camion,voiture,1,1,1,1,4
201900048602,2019-07-13 18:10:00,2019,7,13,18,10,71,71486,11 NOVEMBRE 1918 (RUE DU),46.645134,4.365962,Plein jour,En agglomération,Hors intersection,Normale,Deux véhicules - arrière,4,2,2,0,1,1,1,0,1,50,2,2,0,0,0,2,16.0,17.0,deux_roues,deux_roues,1,2,1,1,2
201900048603,2019-07-13 19:00:00,2019,7,13,19,0,51,51172,RUE MEHAUT-DUPONT,49.22459,4.04844,Plein jour,En agglomération,Intersection en T,Normale,Deux véhicules - côté,4,2,2,0,1,1,1,0,1,50,2,1,0,0,0,1,10.0,,deux_roues,,1,2,3,1,3
201900048604,2019-07-13 19:23:00,2019,7,13,19,23,41,41018,DUPUIS (BOULEVARD DANIEL),47.57944,1.32006,Plein jour,En agglomération,Hors intersection,Normale,Sans collision,4,2,2,0,2,3,1,0,1,50,1,1,0,0,1,0,53.0,,deux_roues,,1,2,1,1,7
201900048605,2019-07-15 08:30:00,2019,7,15,8,30,13,13206,PRADO (AVENUE DU),43.28408,5.38479,Plein jour,En agglomération,Intersection en X,Normale,Autre collision,4,4,6,3,1,1,1,0,1,50,1,2,1,0,0,1,48.0,,voiture,,1,2,2,1,6
201900048606,2019-07-14 16:30:00,2019,7,14,16,30,92,92049,BROSSOLETTE AVENUE PIERRE,48.8181339,2.3084867,Plein jour,En agglomération,Intersection en T,Normale,Deux véhicules - côté,3,2,6,3,1,1,1,0,1,50,2,3,1,0,0,2,41.0,,voiture,,1,2,3,1,3
201900048607,2019-07-13 06:00:00,2019,7,13,6,0,95,95018,AUTOROUTE A15,48.94968,2.2808,Plein jour,Hors agglomération,Hors intersection,Normale,Deux véhicules - arrière,1,3,8,0,1,1,1,2,1,90,2,2,1,0,0,1,35.0,64.0,voiture,voiture,1,1,1,1,2
201900048608,2019-07-24 07:45:00,2019,7,24,7,45,988,98818,OLRY (RUE),-22.27211,166.4478627,Plein jour,En agglomération,Intersection en T,Normale,Deux véhicules - côté,4,2,2,0,1,1,2,0,3,50,2,2,1,0,1,0,16.0,29.0,deux_roues,voiture,1,2,3,1,3
201900048609,2019-07-15 16:30:00,2019,7,15,16,30,974,97416,RN02,-21.34055,55.4936,Plein jour,Hors agglomération,Hors intersection,Normale,Deux véhicules - arrière,2,2,2,0,1,1,1,0,1,80,2,2,1,0,0,1,47.0,42.0,utilitaire_camion,utilitaire_camion,1,1,1,1,2
201900048610,2019-07-14 18:45:00,2019,7,14,18,45,974,97409,RN2 SENS ST BENOIT ST DENIS,-20.9633482,55.6581283,Crépuscule ou aube,Hors agglomération,Autre intersection,Normale,Deux véhicules - côté,2,3,0,0,1,1,1,9,1,110,2,3,2,1,0,0,33.0,46.0,utilitaire_camion,voiture,2,1,9,1,3
201900048611,2019-07-15 21:00:00,2019,7,15,21,0,69,69259,JEAN CAGNE                          (AV),45.69558,4.87248,Plein jour,En agglomération,Hors intersection,Normale,Autre collision,4,1,2,0,1,1,1,0,1,50,1,2,1,0,0,1,41.0,,voiture,,1,2,1,1,6
201900048612,2019-07-15 21:15:00,2019,7,15,21,15,69,69387,JEAN JAURES                         (AV),45.7482315,4.8436401,Crépuscule ou aube,En agglomération,Intersection en X,Normale,Autre collision,7,2,4,3,1,1,1,0,1,50,2,2,1,0,0,1,46.0,24.0,deux_roues,voiture,2,2,2,1,6
201900048613,2019-07-15 15:38:00,2019,7,15,15,38,972,97209,AUTOROUTE (A1),14.6144,-61.04858,Plein jour,Hors agglomération,Hors intersection,Normale,Trois véhicules et plus - collisions multiples,1,1,3,3,1,1,1,0,1,70,3,3,2,0,1,0,43.0,26.0,voiture,voiture,1,1,1,1,5
201900048614,2019-07-15 17:50:00,2019,7,15,17,50,69,69081,CENTRE COMMERCIAL GRAND OUEST           ,45.79,4.776,Plein jour,En agglomération,Autre intersection,Temps éblouissant,Autre collision,6,-1,-1,0,1,2,1,0,1,30,1,2,1,0,0,1,19.0,,voiture,,1,2,9,7,6
201900048615,2019-07-15 09:00:00,2019,7,15,9,0,69,69385,FULCHIRON                           (QU),45.75197,4.8218,Plein jour,En agglomération,Hors intersection,Normale,Deux véhicules - côté,4,1,2,1,1,1,1,8,1,50,2,2,1,0,1,0,43.0,63.0,deux_roues,voiture,1,2,1,1,3
201900048616,2019-07-15 09:00:00,2019,7,15,9,0,2A,2A004,NICOLI JEAN COURS,41.93322,8.7434,Plein jour,En agglomération,Hors intersection,Normale,Autre collision,4,2,4,0,1,1,1,0,1,50,1,2,1,0,0,1,47.0,,deux_roues,,1,2,1,1,6
201900048617,2019-07-14 14:40:00,2019,7,14,14,40,95,95428,AV DE LA FONTAINE RENE,48.99392,2.31945,Plein jour,En agglomération,Hors intersection,Normale,Deux véhicules - côté,3,2,2,0,2,1,1,0,1,50,2,3,1,0,0,2,62.0,23.0,deux_roues,voiture,1,2,1,1,3
201900048618,2019-07-15 13:45:00,2019,7,15,13,45,91,91223,MOREAU (RUE LOUIS),48.43701,2.16318,Plein jour,En agglomération,Hors intersection,Normale,Autre collision,4,2,2,0,1,1,1,0,1,50,1,2,1,0,0,1,29.0,,voiture,,1,2,1,1,6
201900048619,2019-07-15 09:50:00,2019,7,15,9,50,91,91201,VILLIERS ( AVENUE DE ),48.68181,2.40513,Plein jour,En agglomération,Intersection en T,Normale,Deux véhicules - frontale,4,2,2,0,3,1,1,8,3,50,2,2,1,0,0,1,43.0,56.0,voiture,deux_roues,1,2,3,1,1
201900048620,2019-07-14 17:55:00,2019,7,14,17,55,91,91103,REPUBLIQUE (BOULEVARD DE LA),48.607,2.305,Plein jour,En agglomération,Hors intersection,Normale,Autre collision,4,2,2,0,1,1,1,0,3,50,1,1,0,0,1,0,67.0,,voiture,,1,2,1,1,6
201900048621,2019-07-12 15:00:00,2019,7,12,15,0,91,91425,PARIS (RUE DE),48.643,2.27,Plein jour,En agglomération,Hors intersection,Normale,Autre collision,4,2,2,0,1,1,1,0,3,50,1,1,0,0,0,1,33.0,,deux_roues,,1,2,1,1,6
201900048622,2019-07-08 09:50:00,2019,7,8,9,50,89,89387,GROSSE TOUR (RUE DE LA),48.19738,3.27786,Plein jour,En agglomération,Hors intersection,Normale,Deux véhicules - arrière,4,1,1,0,1,1,1,0,1,50,2,2,1,0,0,1,45.0,20.0,deux_roues,utilitaire_camion,1,2,1,1,2
201900048623,2019-07-13 21:00:00,2019,7,13,21,0,87,87085,117 NEXON (RUE DE),45.81386,1.2588,Crépuscule ou aube,En agglomération,Hors intersection,Normale,Autre collision,3,2,2,0,1,1,1,0,1,50,1,1,0,0,0,1,31.0,,deux_roues,,2,2,1,1,6
201900048624,2019-07-12 22:05:00,2019,7,12,22,5,87,87085,BAC (RUE THEODORE),45.83943,1.25956,Nuit avec éclairage allumé,En agglomération,Intersection en T,Normale,Deux véhicules - côté,4,2,4,0,1,1,1,0,1,50,2,2,1,0,0,1,23.0,19.0,deux_roues,voiture,5,2,3,1,3
201900048625,2019-06-28 21:35:00,2019,6,28,21,35,86,86194,PONT ACHARD (BOULEVARD),46.5753459,0.3293484,Crépuscule ou aube,En agglomération,Hors intersection,Normale,Deux véhicules - arrière,4,3,2,0,1,1,1,0,1,50,2,2,1,0,0,1,37.0,53.0,deux_roues,utilitaire_camion,2,2,1,1,2
201900048626,2019-07-14 03:35:00,2019,7,14,3,35,85,85194,BOULEVARD DU VENDEE GLOBE ,46.50923,-1.79346,Nuit avec éclairage allumé,Hors agglomération,Hors intersection,Normale,Deux véhicules - côté,3,3,1,0,1,1,1,0,1,90,2,1,0,0,1,0,27.0,,deux_roues,,5,1,1,1,3
201900048627,2019-07-15 17:15:00,2019,7,15,17,15,83,83090,DEPARTEMENTALE 11 (ROUTE),43.12584,5.82878,Plein jour,Hors agglomération,Hors intersection,Normale,Trois véhicules et plus - en chaîne,3,3,1,0,1,1,1,0,1,50,4,6,0,0,0,6,60.0,57.0,voiture,voiture,1,1,1,1,4
201900048628,2019-07-15 10:15:00,2019,7,15,10,15,83,83137,SAINT BERNARD (RUE / PAS),43.1237,5.9362,Plein jour,En agglomération,Hors intersection,Normale,Autre collision,4,1,3,0,2,1,1,0,1,50,1,2,0,0,0,2,54.0,,deux_roues,,1,2,1,1,6
201900048629,2019-07-16 00:55:00,2019,7,16,0,55,82,82121,AUTOROUTE A20,43.98252,1.33517,Nuit sans éclairage public,Hors agglomération,Hors intersection,Normale,Autre collision,1,2,4,0,1,2,1,0,1,90,1,1,0,1,0,0,50.0,,voiture,,3,1,1,1,6
201900048630,2019-07-12 12:30:00,2019,7,12,12,30,80,80021,R MARIVAUX,49.9116,2.32472,Plein jour,En agglomération,Intersection en T,Normale,Deux véhicules - côté,4,2,2,0,1,1,1,0,1,50,2,2,1,0,0,1,28.0,43.0,voiture,voiture,1,2,3,1,3
201900048631,2019-07-15 01:20:00,2019,7,15,1,20,78,78646,SAINT CYR (ROUTE DE),48.80299,2.10939,Nuit sans éclairage public,Hors agglomération,Hors intersection,Normale,Deux véhicules - arrière,3,2,3,0,1,1,1,0,3,70,2,2,1,0,1,0,29.0,39.0,deux_roues,voiture,3,1,1,1,2
201900048632,2019-07-15 05:45:00,2019,7,15,5,45,77,77294,JEAN BAPTISTE CLEMENT (AVENUE),48.954999,2.6025512,Plein jour,En agglomération,Hors intersection,Normale,Sans collision,4,2,2,0,1,1,8,0,1,50,1,1,0,0,0,1,42.0,,deux_roues,,1,2,1,1,7
201900048633,2019-07-14 07:40:00,2019,7,14,7,40,77,77131,D402 X D222-ROND POINT DE VERDUN,48.8159055,3.0838942,Plein jour,En agglomération,Giratoire,Normale,Autre collision,3,2,2,0,1,1,1,5,1,50,1,2,0,0,0,2,31.0,,voiture,,1,2,6,1,6
201900048634,2019-07-15 16:25:00,2019,7,15,16,25,76,76351,HOTEL DE VILLE (PLACE DE),49.49237,0.10695,Plein jour,En agglomération,Intersection en T,Normale,Autre collision,4,1,2,0,1,1,1,0,1,50,1,2,1,0,0,1,22.0,,voiture,,1,2,3,1,6
201900048635,2019-07-13 12:25:00,2019,7,13,12,25,76,76351,GERANIUMS (DES),49.5054,0.1691,Plein jour,En agglomération,Intersection en T,Normale,Deux véhicules - côté,4,2,2,0,1,1,1,0,1,50,2,3,2,0,0,1,32.0,24.0,voiture,voiture,1,2,3,1,3
201900048636,2019-07-12 16:34:00,2019,7,12,16,34,76,76351,RENE COTY,49.49757,0.11367,Plein jour,En agglomération,Hors intersection,Normale,Sans collision,4,2,2,0,1,1,1,0,1,30,1,1,0,0,0,1,57.0,,deux_roues,,1,2,1,1,7
201900048637,2019-07-14 19:09:00,2019,7,14,19,9,74,74013,GENEVE R.N 5 (ROUTE DE),46.35535,6.44737,Plein jour,Hors agglomération,Hors intersection,Normale,Autre collision,4,2,2,1,1,1,1,0,1,70,2,2,1,0,1,0,15.0,79.0,deux_roues,voiture,1,1,1,1,6
201900048638,2019-07-13 07:30:00,2019,7,13,7,30,74,74119,NOAILLES (AVENUE ANNA DE) RD 1005,46.39885,6.57739,Plein jour,En agglomération,Hors intersection,Normale,Autre collision,3,2,2,0,1,1,1,0,1,50,1,3,2,0,0,1,73.0,,voiture,,1,2,1,1,6
201900048639,2019-07-09 20:00:00,2019,7,9,20,0,69,69092,BRUYERES (route des),45.9936,4.68308,Plein jour,Hors agglomération,Hors intersection,Normale,Autre collision,3,2,2,0,1,1,1,0,1,70,2,3,1,0,1,1,29.0,22.0,voiture,deux_roues,1,1,1,1,6
201900048640,2019-07-15 02:00:00,2019,7,15,2,0,67,67482,GENERAL OFFENSTEIN (RUE DU),48.555966,7.75184,Nuit avec éclairage allumé,En agglomération,Intersection en T,Normale,Autre collision,4,2,2,0,1,1,1,0,1,50,2,2,1,0,0,1,28.0,26.0,voiture,voiture,5,2,3,1,6
201900048641,2019-07-12 14:15:00,2019,7,12,14,15,67,67482,FAUBOURG DE SAVERNE (RUE DU),48.584923,7.740476,Plein jour,En agglomération,Hors intersection,Normale,Autre collision,4,3,2,1,1,1,1,0,1,50,1,2,1,0,0,1,27.0,,deux_roues,,1,2,1,1,6
201900048642,2019-07-14 05:00:00,2019,7,14,5,0,66,66136,Départementale  617,42.7106359,2.9722511,Nuit sans éclairage public,Hors agglomération,Hors intersection,Normale,Deux véhicules - frontale,3,3,4,0,1,1,1,0,1,110,2,2,1,0,0,1,21.0,27.0,voiture,voiture,3,1,1,1,1
201900048643,2019-07-14 08:28:00,2019,7,14,8,28,66,66136,GRANDE LA REAL (IMPASSE ET RUE),42.69712,2.89545,Plein jour,En agglomération,Hors intersection,Normale,Autre collision,4,1,1,0,1,1,1,0,1,30,1,2,1,0,1,0,36.0,,deux_roues,,1,2,1,1,6
201900048644,2019-03-31 19:00:00,2019,3,31,19,0,75,75112,PORTE DOREE,48.833191,2.406946,Plein jour,En agglomération,Hors intersection,Normale,Deux véhicules - côté,4,1,4,0,1,1,1,0,1,70,2,2,1,0,0,1,31.0,36.0,deux_roues,voiture,1,2,1,1,3
201900048645,2019-07-15 19:35:00,2019,7,15,19,35,62,62193,ROGER SALENGRO (AVENUE),50.9452933,1.8310824,Plein jour,En agglomération,Hors intersection,Normale,Autre collision,4,3,4,1,1,1,1,0,1,50,1,2,1,0,1,0,44.0,,voiture,,1,2,1,1,6
201900048646,2019-03-31 18:25:00,2019,3,31,18,25,75,75119,PLACE DE LA BATAILLE DE STALINGRAD,48.883684,2.369952,Plein jour,En agglomération,Hors intersection,Normale,Autre collision,4,-1,0,3,1,1,1,6,4,1,1,3,1,0,0,2,17.0,,autre,,1,2,1,1,6
201900048647,2019-07-14 23:10:00,2019,7,14,23,10,59,59599,TESTELIN (RUE ACHILLE),50.733,3.182,Nuit avec éclairage allumé,En agglomération,Intersection en T,Normale,Deux véhicules - arrière,4,2,1,0,1,1,1,5,1,50,2,2,1,0,0,1,57.0,26.0,voiture,voiture,5,2,3,1,2
201900048648,2019-04-01 08:55:00,2019,4,1,8,55,75,75119,GALERIE DE LA VILLETTE,48.891166,2.389579,Plein jour,En agglomération,Hors intersection,Normale,Sans collision,5,-1,1,3,2,1,1,0,8,10,1,2,1,0,0,1,54.0,,utilitaire_camion,,1,2,1,1,7
201900048649,2019-04-01 07:55:00,2019,4,1,7,55,75,75119,BOULEVARD MACDONALD,48.898756,2.373526,Plein jour,En agglomération,Hors intersection,Normale,Autre collision,4,2,4,0,1,1,1,0,1,50,1,2,1,0,0,1,31.0,,deux_roues,,1,2,1,1,6
201900048650,2019-06-23 05:45:00,2019,6,23,5,45,59,59350,CONDE RUE DE,50.61952,3.063667,Crépuscule ou aube,En agglomération,Intersection en X,Normale,Deux véhicules - côté,4,1,1,0,1,1,1,0,1,50,2,2,1,0,0,1,33.0,43.0,utilitaire_camion,utilitaire_camion,2,2,2,1,3
201900048651,2019-04-01 07:53:00,2019,4,1,7,53,75,75113,BOULEVARD VINCENT AURIOL,48.83301,2.361831,Crépuscule ou aube,En agglomération,Intersection en X,Normale,Deux véhicules - côté,4,1,2,0,2,1,1,0,1,50,2,2,1,0,0,1,18.0,44.0,deux_roues,voiture,2,2,2,1,3
201900048652,2019-07-13 21:00:00,2019,7,13,21,0,59,59314,DUEZ JEAN(RUE),50.38421,3.33268,Plein jour,Hors agglomération,Hors intersection,Normale,Sans collision,3,2,2,0,1,2,1,0,3,80,1,2,0,1,0,1,19.0,,voiture,,1,1,1,1,7
201900048653,2019-04-01 07:00:00,2019,4,1,7,0,75,75108,PLACE CHARLES DE GAULLE,48.873831,2.295909,Crépuscule ou aube,En agglomération,Place,Normale,Deux véhicules - côté,4,4,8,0,1,2,1,0,1,50,2,2,1,0,0,1,63.0,38.0,deux_roues,utilitaire_camion,2,2,7,1,3
201900048654,2019-07-15 08:15:00,2019,7,15,8,15,56,56121,FONTAINES (RUE  DES ),47.74775,-3.35904,Plein jour,En agglomération,Intersection en X,Normale,Autre collision,4,1,1,0,1,1,1,0,1,30,1,2,1,0,0,1,77.0,,voiture,,1,2,2,1,6
201900048655,2019-04-01 20:20:00,2019,4,1,20,20,75,75104,VOIE GEORGES POMPIDOU,48.853221,2.357585,Nuit avec éclairage allumé,En agglomération,Hors intersection,Normale,Sans collision,4,-1,2,0,1,1,1,6,1,30,1,1,0,0,0,1,48.0,,deux_roues,,5,2,1,1,7
201900048656,2019-07-12 19:35:00,2019,7,12,19,35,56,56121,INDES ( QUAI DES ),47.74591,-3.36023,Plein jour,En agglomération,Intersection en X,Normale,Deux véhicules - côté,4,2,2,0,1,1,1,0,1,30,2,2,1,0,0,1,58.0,24.0,deux_roues,voiture,1,2,2,1,3
201900048657,2019-04-01 19:15:00,2019,4,1,19,15,94,94080,BERAULT (PL),48.84,2.42,Plein jour,En agglomération,Intersection en T,Normale,Autre collision,3,2,2,0,1,1,1,0,1,50,1,2,1,0,0,1,42.0,,voiture,,1,2,3,1,6
201900048658,2019-04-01 12:45:00,2019,4,1,12,45,94,94068,DOCTEUR ROUX (R DU),48.78859,2.48929,Plein jour,En agglomération,Intersection en X,Normale,Deux véhicules - côté,4,2,1,0,1,1,1,0,1,50,2,3,2,0,0,1,20.0,50.0,voiture,voiture,1,2,2,1,3
201900048659,2019-03-30 14:08:00,2019,3,30,14,8,94,94052,ALBERT 1ER (BD),48.83422,2.49297,Plein jour,En agglomération,Hors intersection,Normale,Deux véhicules - arrière,2,1,2,0,2,1,1,2,1,50,2,3,1,0,0,2,35.0,29.0,voiture,voiture,1,2,1,1,2
201900048660,2019-07-13 15:50:00,2019,7,13,15,50,50,50129,Quai Lawton COLLINS,49.63969,-1.61861,Plein jour,En agglomération,Hors intersection,Normale,Deux véhicules - côté,4,2,2,1,1,1,2,0,1,50,2,2,1,0,1,0,24.0,22.0,deux_roues,voiture,1,2,1,1,3
201900048661,2019-04-01 18:10:00,2019,4,1,18,10,94,94034,ORMES (R DES),48.75314,2.32765,Plein jour,En agglomération,Hors intersection,Normale,Deux véhicules - côté,4,2,2,0,1,1,1,0,1,30,2,2,1,0,0,1,10.0,28.0,deux_roues,utilitaire_camion,1,2,1,1,3
201900048662,2019-07-11 17:50:00,2019,7,11,17,50,50,50129,ABBAYE (RUE DE L'),49.64546,-1.63768,Plein jour,En agglomération,Intersection en T,Normale,Deux véhicules - côté,3,3,5,1,1,1,1,5,1,50,2,2,1,0,0,1,28.0,22.0,voiture,deux_roues,1,2,3,1,3
201900048663,2019-03-30 21:15:00,2019,3,30,21,15,94,94034,EMILE ZOLA (R),48.76521,2.32757,Nuit avec éclairage allumé,En agglomération,Hors intersection,Normale,Autre collision,4,2,2,0,1,1,1,9,1,50,1,1,0,0,0,1,35.0,,deux_roues,,5,2,1,1,6
201900048664,2019-07-14 00:50:00,2019,7,14,0,50,49,49007,place François Mitterand,47.47723,-0.55176,Nuit avec éclairage allumé,En agglomération,Hors intersection,Normale,Deux véhicules - frontale,4,2,2,0,1,1,1,0,1,30,2,2,1,0,0,1,34.0,32.0,voiture,deux_roues,5,2,1,1,1
201900048665,2019-04-01 16:45:00,2019,4,1,16,45,94,94028,GAULLE(AVENUE DU GENERAL DE),48.78507,2.45135,Plein jour,En agglomération,Autre intersection,Normale,Autre collision,3,1,3,0,1,1,1,0,1,50,1,2,1,0,1,0,29.0,,voiture,,1,2,9,1,6
201900048666,2019-04-01 17:30:00,2019,4,1,17,30,94,94079,HUIT MAI 1945 (R DU),48.82685,2.5487,Plein jour,En agglomération,Hors intersection,Normale,Autre collision,4,1,1,0,1,1,1,0,1,30,1,2,1,0,0,1,53.0,,utilitaire_camion,,1,2,1,1,6
201900048667,2019-07-13 21:45:00,2019,7,13,21,45,49,49007,FARCY PLACE,47.47281,-0.57685,Crépuscule ou aube,En agglomération,Hors intersection,Normale,Deux véhicules - arrière,4,2,2,0,1,1,1,0,1,60,2,2,1,0,0,1,60.0,35.0,voiture,deux_roues,2,2,1,1,2
201900048668,2019-07-13 11:08:00,2019,7,13,11,8,49,49007,BALLEE,47.45571,-0.52206,Plein jour,En agglomération,Hors intersection,Normale,Autre collision,4,2,2,0,1,1,1,0,1,50,1,2,0,0,0,2,89.0,,voiture,,1,2,1,1,6
201900048669,2019-04-01 09:45:00,2019,4,1,9,45,94,94017,PLESSIS TREVISE (R DU),48.811,2.55,Plein jour,En agglomération,Intersection en X,Normale,Deux véhicules - côté,4,2,2,0,1,1,1,0,1,30,2,2,1,0,0,1,31.0,26.0,voiture,utilitaire_camion,1,2,2,1,3
201900048670,2019-07-15 09:15:00,2019,7,15,9,15,45,45147,RUE DE MONTARAN - RUE A FRANCE,47.944,1.91733,Plein jour,En agglomération,Intersection en X,Normale,Autre collision,4,2,3,0,1,1,1,5,1,50,1,2,1,0,0,1,61.0,,voiture,,1,2,2,1,6
201900048671,2019-04-01 19:36:00,2019,4,1,19,36,94,94004,BREVANNES (R DE),48.75004,2.50498,Plein jour,En agglomération,Hors intersection,Normale,Deux véhicules - arrière,4,2,2,0,1,2,1,0,1,50,2,2,1,0,0,1,42.0,33.0,voiture,voiture,1,2,1,1,2
201900048672,2019-07-14 10:05:00,2019,7,14,10,5,41,41212,PATTE D'OIE (rond point),47.56217,1.37275,Plein jour,En agglomération,Hors intersection,Normale,Sans collision,4,3,4,0,1,1,1,0,1,50,1,1,0,0,0,1,20.0,,voiture,,1,2,1,1,7
201900048673,2019-03-26 11:00:00,2019,3,26,11,0,93,93070,MICHELET(AV):N°1AU 103,48.90437,2.34409,Plein jour,En agglomération,Hors intersection,Normale,Deux véhicules - arrière,7,2,2,0,1,1,1,0,1,50,2,2,1,0,0,1,47.0,56.0,voiture,voiture,1,2,1,1,2
201900048674,2019-07-15 19:09:00,2019,7,15,19,9,37,37233,LOIRE (LEVEE DE LA),47.3967257,0.7249178,Plein jour,En agglomération,Hors intersection,Normale,Deux véhicules - arrière,4,2,2,0,1,1,1,0,1,50,2,2,1,0,0,1,56.0,25.0,voiture,voiture,1,2,1,1,2
201900048675,2019-04-01 21:30:00,2019,4,1,21,30,93,93064,CHOPIN (SQUARE FREDERIC),48.8820985,2.4853778,Nuit avec éclairage allumé,En agglomération,Hors intersection,Normale,Autre collision,4,1,1,0,1,1,1,0,2,30,1,2,1,0,0,1,20.0,,voiture,,5,2,1,1,6
201900048676,2019-07-15 20:10:00,2019,7,15,20,10,35,35238,VERN (DE),48.10063,-1.6588,Plein jour,En agglomération,Autre intersection,Normale,Deux véhicules - côté,4,-1,2,0,2,1,1,0,1,50,2,1,0,0,0,1,30.0,,voiture,,1,2,9,1,3
201900048677,2019-04-01 17:30:00,2019,4,1,17,30,93,93053,BERTRAND BONIN (RUE),48.9004,2.4683,Plein jour,En agglomération,Autre intersection,Normale,Deux véhicules - arrière,4,2,1,0,1,1,1,0,1,30,2,2,1,0,1,0,27.0,26.0,voiture,voiture,1,2,9,1,2