accident_id,datetime,annee,mois,jour,heure,minute,departement,commune_insee,adresse,latitude,longitude,luminosite,agglomeration,intersection,meteo,collision,catr,circ,nbv,vosp,prof,plan,surf,infra,situ,vma,nb_vehicules,nb_usagers,nb_indemnes,nb_tues,nb_blesses_hosp,nb_blesses_legers,age_cond_1,age_cond_2,veh_type_cond_1,veh_type_cond_2,lum_code,agg_code,int_code,atm_code,col_code
201900048678,2019-04-01 21:40:00,2019,4,1,21,40,93,93046,Allée Jean Coulon,48.929303,2.554797,Nuit avec éclairage allumé,En agglomération,Hors intersection,Normale,Deux véhicules - côté,4,2,2,0,1,1,1,0,1,50,2,2,1,0,0,1,19.0,28.0,voiture,deux_roues,5,2,1,1,3
201900048679,2019-07-15 08:15:00,2019,7,15,8,15,35,35278,CERISAIE (ROND POINT DE LA),48.1373,-1.68946,Plein jour,En agglomération,Giratoire,Normale,Deux véhicules - côté,4,1,1,0,1,1,1,9,1,50,2,3,2,0,0,1,38.0,33.0,voiture,utilitaire_camion,1,2,6,1,3
201900048680,2019-04-01 09:40:00,2019,4,1,9,40,93,93007,"""PIERRE SEMARD (ROND-POINT """"COTE IMPAIR",48.9339,2.47702,Plein jour,En agglomération,Intersection en Y,Normale,Autre collision,3,2,3,0,2,1,1,0,1,50,1,2,1,0,0,1,27.0,,voiture,,1,2,4,1,6
201900048681,2019-04-01 07:45:00,2019,4,1,7,45,92,92075,PIERRE LAROUSSE (AVENUE),48.82015,2.30563,Plein jour,En agglomération,Intersection en T,Normale,Autre collision,4,2,2,0,1,1,1,0,1,50,1,2,0,0,0,2,61.0,,deux_roues,,1,2,3,1,6
201900048682,2019-07-14 21:05:00,2019,7,14,21,5,34,34172,LAVERUNE (ROUTE DE,43.60233,3.85379,Crépuscule ou aube,En agglomération,Hors intersection,Normale,Deux véhicules - côté,4,2,2,0,1,1,1,0,1,50,2,2,1,0,1,0,23.0,21.0,voiture,deux_roues,2,2,1,1,3
201900048683,2019-03-30 13:30:00,2019,3,30,13,30,92,92063,LECLERC DE HAUTECLOQUE (AVENUE DU MARECH,48.85838,2.19174,Plein jour,En agglomération,Intersection en X,Normale,Autre collision,4,2,2,1,1,1,1,5,1,50,1,2,1,0,0,1,49.0,,utilitaire_camion,,1,2,2,1,6
201900048684,2019-07-14 09:45:00,2019,7,14,9,45,34,34172,FABREGES (RUE FREDERIC),43.60046,3.87951,Plein jour,En agglomération,Intersection en X,Normale,Sans collision,4,2,2,1,1,1,1,5,1,50,1,2,1,0,0,1,86.0,,voiture,,1,2,2,1,7
201900048685,2019-04-01 05:18:00,2019,4,1,5,18,92,92050,REPUBLIQUE AVENUE DE LA,48.905661,2.210251,Nuit avec éclairage allumé,En agglomération,Hors intersection,Normale,Deux véhicules - côté,3,2,2,0,1,1,1,0,1,50,2,2,1,0,0,1,79.0,23.0,deux_roues,voiture,5,2,1,1,3
201900048686,2019-02-14 19:15:00,2019,2,14,19,15,92,92050,THOREZ MAURICE RUE,48.892156,2.195809,Nuit avec éclairage allumé,En agglomération,Hors intersection,Normale,Autre collision,4,1,1,1,1,1,1,0,1,50,2,1,0,0,0,1,,,,,5,2,1,1,6
201900048687,2019-07-13 12:30:00,2019,7,13,12,30,34,34336,CD.37,43.31464,3.31311,Plein jour,Hors agglomération,Hors intersection,Normale,Sans collision,3,2,1,0,4,1,1,2,1,80,1,1,0,1,0,0,67.0,,utilitaire_camion,,1,1,1,1,7
201900048688,2019-04-01 01:44:00,2019,4,1,1,44,92,92040,GOUVERNEUR GAL EBOUE DU 09 AU 65 BIS,48.83402,2.2671,Nuit avec éclairage allumé,En agglomération,Hors intersection,Normale,Autre collision,3,1,2,0,1,1,1,9,1,50,1,2,0,0,0,2,22.0,,voiture,,5,2,1,1,6
201900048689,2019-07-11 08:20:00,2019,7,11,8,20,33,33063,PCE DE LA VICTOIRE,44.83073,-0.57276,Plein jour,En agglomération,Hors intersection,Normale,Autre collision,4,2,4,2,1,1,1,4,6,50,1,2,1,0,0,1,51.0,,transport_commun,,1,2,1,1,6
201900048690,2019-03-30 14:56:00,2019,3,30,14,56,92,92035,Europe ( rond point de l' ),48.9055826,2.2558095,Plein jour,En agglomération,Giratoire,Normale,Autre collision,3,2,4,0,1,1,1,0,1,50,1,2,1,0,0,1,53.0,,deux_roues,,1,2,6,1,6
201900048691,2019-04-01 01:15:00,2019,4,1,1,15,92,92026,MISSION MARCHAND (COTE PAIR),48.899276,2.24008,Nuit avec éclairage allumé,En agglomération,Hors intersection,Normale,Autre collision,4,3,4,0,1,1,1,9,1,50,1,2,1,0,0,1,29.0,,deux_roues,,5,2,1,1,6
201900048692,2019-07-14 05:40:00,2019,7,14,5,40,33,33529,SAINT-EXUPERY (AVE),44.6245,-1.1409,Plein jour,En agglomération,Hors intersection,Normale,Sans collision,3,2,2,0,1,1,1,0,1,30,1,1,0,0,1,0,21.0,,deux_roues,,1,2,1,1,7
201900048693,2019-03-29 08:00:00,2019,3,29,8,0,92,92024,JEAN JAURES (BD) DE (111 A 159),48.9062622,2.3011953,Plein jour,En agglomération,Intersection en T,Normale,Autre collision,3,1,-1,3,2,1,1,0,1,50,3,3,2,0,0,1,57.0,30.0,voiture,utilitaire_camion,1,2,3,1,6
201900048694,2019-07-15 13:20:00,2019,7,15,13,20,31,31555,CHE VIREBENT,43.6512,1.46517,Plein jour,En agglomération,Hors intersection,Normale,Deux véhicules - arrière,3,2,2,0,1,1,1,0,1,50,2,2,1,0,0,1,19.0,32.0,voiture,deux_roues,1,2,1,1,2
201900048695,2019-03-30 20:00:00,2019,3,30,20,0,51,51130,RD 17,48.8712931,4.8848194,Nuit sans éclairage public,Hors agglomération,Hors intersection,Normale,Autre collision,3,2,2,0,1,1,1,0,3,80,1,1,0,1,0,0,45.0,,voiture,,3,1,1,1,6
201900048696,2019-03-31 14:33:00,2019,3,31,14,33,73,73149,D921,45.775941,5.7832842,Plein jour,Hors agglomération,Hors intersection,Normale,Autre collision,3,2,2,0,1,4,1,0,1,80,1,1,0,1,0,0,39.0,,deux_roues,,1,1,1,1,6
201900048697,2019-04-01 01:20:00,2019,4,1,1,20,41,41194,Rue de Longueval,47.355386,1.76773,Nuit sans éclairage public,En agglomération,Hors intersection,Normale,Autre collision,4,2,2,0,2,1,1,0,3,50,1,1,0,0,1,0,44.0,,voiture,,3,2,1,1,6
201900048698,2019-07-14 20:25:00,2019,7,14,20,25,31,31555,AV HONORE SERRES,43.61373,1.43799,Plein jour,En agglomération,Hors intersection,Normale,Deux véhicules - côté,4,2,2,0,1,1,1,0,1,50,2,2,1,0,0,1,29.0,50.0,deux_roues,voiture,1,2,1,1,3
201900048699,2019-03-31 18:00:00,2019,3,31,18,0,33,33221,lieu dit saint martin,44.564397,0.065628,Plein jour,Hors agglomération,Intersection en X,Normale,Deux véhicules - côté,3,2,2,0,1,1,1,5,1,80,2,4,2,0,1,1,38.0,26.0,voiture,deux_roues,1,1,2,1,3
201900048700,2019-07-14 02:45:00,2019,7,14,2,45,31,31555,RUE DU POLE,43.64792,1.4220006,Nuit avec éclairage allumé,En agglomération,Hors intersection,Normale,Deux véhicules - côté,4,2,2,0,1,1,1,0,1,50,2,4,1,0,0,3,20.0,24.0,voiture,voiture,5,2,1,1,3
201900048701,2019-03-30 16:15:00,2019,3,30,16,15,18,18241,Route de Menetreol,47.328836,2.85024,Plein jour,Hors agglomération,Hors intersection,Normale,Sans collision,3,2,2,0,2,3,1,0,1,80,1,1,0,0,0,1,52.0,,deux_roues,,1,1,1,1,7
201900048702,2019-07-12 22:55:00,2019,7,12,22,55,31,31555,VA007331 A620,43.56881,1.41526,Nuit avec éclairage allumé,Hors agglomération,Hors intersection,Normale,Deux véhicules - arrière,1,3,6,0,1,1,1,0,1,90,2,2,1,0,0,1,26.0,38.0,voiture,voiture,5,1,1,1,2
201900048703,2019-03-31 12:15:00,2019,3,31,12,15,31,31053,Route de Gragnague,43.656019,1.5548,Plein jour,Hors agglomération,Hors intersection,Normale,Deux véhicules - côté,3,2,2,0,2,2,1,0,1,90,2,2,1,0,1,0,54.0,89.0,deux_roues,voiture,1,1,1,1,3
201900048704,2019-07-14 12:18:00,2019,7,14,12,18,29,29232,FROUT RUE DU,47.9959664,-4.1001942,Plein jour,En agglomération,Hors intersection,Normale,Sans collision,4,1,1,0,1,1,1,0,1,50,1,2,1,0,0,1,27.0,,deux_roues,,1,2,1,1,7
201900048705,2019-03-21 08:00:00,2019,3,21,8,0,68,68005,feldweg,48.120799,7.309427,Plein jour,Hors agglomération,Intersection en X,Normale,Deux véhicules - arrière,3,2,2,0,1,3,1,0,1,80,2,2,1,0,1,0,26.0,31.0,utilitaire_camion,utilitaire_camion,1,1,2,1,2
201900048706,2019-07-15 13:52:00,2019,7,15,13,52,29,29039,COLGUEN ( RUE DE),47.91825,-3.90353,Plein jour,Hors agglomération,Hors intersection,Normale,Trois véhicules et plus - en chaîne,3,2,2,0,1,1,1,0,1,80,4,5,3,0,0,2,20.0,72.0,voiture,voiture,1,1,1,1,4
201900048707,2019-04-02 06:50:00,2019,4,2,6,50,10,10263,D660,48.270375,3.781667,Nuit sans éclairage public,Hors agglomération,Hors intersection,Pluie légère,Deux véhicules - arrière,3,2,2,0,2,1,2,0,1,80,2,2,1,1,0,0,25.0,51.0,deux_roues,voiture,3,1,1,2,2
201900048708,2019-07-14 05:40:00,2019,7,14,5,40,29,29039,CABELLOU ( AVENUE DU),47.85644,-3.9006,Crépuscule ou aube,En agglomération,Hors intersection,Normale,Sans collision,4,2,2,0,1,1,1,0,1,50,1,1,0,0,0,1,37.0,,deux_roues,,2,2,1,1,7
201900048709,2019-03-22 09:38:00,2019,3,22,9,38,10,10349,départementale 60,48.316337,3.970666,Plein jour,Hors agglomération,Hors intersection,Normale,Deux véhicules - arrière,3,2,2,0,2,1,1,0,1,80,2,2,1,1,0,0,46.0,20.0,deux_roues,voiture,1,1,1,1,2
201900048710,2019-04-02 12:20:00,2019,4,2,12,20,974,97422,174 Rue Émile Zola,-21.240184,55.496779,Plein jour,En agglomération,Hors intersection,Normale,Deux véhicules - frontale,3,3,4,0,2,3,1,0,1,50,2,2,1,1,0,0,51.0,19.0,voiture,deux_roues,1,2,1,1,1
201900048711,2019-07-15 16:20:00,2019,7,15,16,20,29,29019,FRANCE ANATOLE (DE 55 A 247 ET 48 A 240),48.3827673,-4.5152966,Plein jour,En agglomération,Intersection en X,Normale,Deux véhicules - côté,4,2,2,0,1,1,1,0,2,50,2,2,1,0,0,1,23.0,42.0,voiture,deux_roues,1,2,2,1,3
201900048712,2019-07-15 14:05:00,2019,7,15,14,5,25,25462,PAIX DE LA,46.910964,6.349258,Plein jour,En agglomération,Intersection en X,Normale,Deux véhicules - côté,4,2,4,0,1,1,1,0,1,50,2,3,2,0,0,1,53.0,26.0,voiture,voiture,1,2,2,1,3
201900048713,2019-03-16 20:50:00,2019,3,16,20,50,974,97412,Rue Amiral Lacaze,-21.38468,55.615995,Nuit avec éclairage allumé,En agglomération,Intersection en T,Normale,Autre collision,4,2,2,0,1,1,1,0,1,50,1,2,1,0,0,1,55.0,,voiture,,5,2,3,1,6
201900048714,2019-03-21 17:20:00,2019,3,21,17,20,974,97404,Rue Octave Bénard,-21.267501,55.33469,Plein jour,En agglomération,Intersection en T,Normale,Deux véhicules - côté,2,2,2,2,1,2,1,0,5,50,2,2,1,0,0,1,69.0,45.0,deux_roues,voiture,1,2,3,1,3
201900048715,2019-07-13 15:10:00,2019,7,13,15,10,21,21231,CHARLES DUMONT (RUE),47.31337,5.04067,Plein jour,En agglomération,Intersection en X,Normale,Deux véhicules - côté,4,2,3,0,1,1,1,0,1,50,2,2,1,0,1,0,43.0,36.0,voiture,deux_roues,1,2,2,1,3
201900048716,2019-07-15 02:15:00,2019,7,15,2,15,18,18033,RD 400 (Rocade),47.1211,2.4348,Nuit sans éclairage public,Hors agglomération,Hors intersection,Normale,Autre collision,3,3,4,0,1,1,1,0,1,110,1,1,0,0,0,1,54.0,,voiture,,3,1,1,1,6
201900048717,2019-03-31 17:00:00,2019,3,31,17,0,972,97220,Guenot,14.491091,-60.896796,Plein jour,Hors agglomération,Hors intersection,Normale,Deux véhicules - frontale,2,2,2,0,1,3,1,0,3,70,2,3,1,0,1,1,48.0,27.0,deux_roues,voiture,1,1,1,1,1
201900048718,2019-04-02 05:30:00,2019,4,2,5,30,83,83004,Les Founses,43.457467,6.48828,Nuit sans éclairage public,Hors agglomération,Hors intersection,Normale,Deux véhicules - frontale,4,2,2,0,1,1,1,0,1,50,2,2,0,0,0,2,41.0,25.0,deux_roues,deux_roues,3,1,1,1,1
201900048719,2019-04-01 20:33:00,2019,4,1,20,33,11,11012,CD326,43.304885,2.910419,Nuit sans éclairage public,En agglomération,Hors intersection,Normale,Autre collision,3,2,2,0,1,2,1,0,3,30,1,1,0,1,0,0,39.0,,voiture,,3,2,1,1,6
201900048720,2019-03-22 17:15:00,2019,3,22,17,15,11,11360,CD607/CD207,43.261825,2.905076,Plein jour,Hors agglomération,Intersection en X,Normale,Trois véhicules et plus - collisions multiples,3,2,2,0,1,1,1,0,1,70,3,4,1,1,1,1,28.0,75.0,voiture,voiture,1,1,2,1,5
201900048721,2019-07-12 13:50:00,2019,7,12,13,50,14,14366,SAINTE ANNE (BOULEVARD),49.14288,0.225916,Plein jour,En agglomération,Hors intersection,Normale,Autre collision,4,3,2,0,1,1,1,0,1,50,1,1,0,0,0,1,30.0,,voiture,,1,2,1,1,6
201900048722,2019-03-31 14:30:00,2019,3,31,14,30,1,01075,D44,46.0071936,4.8015829,Plein jour,Hors agglomération,Intersection en T,Normale,Deux véhicules - côté,3,2,2,0,1,1,1,0,1,80,2,3,1,0,1,1,58.0,47.0,deux_roues,voiture,1,1,3,1,3
201900048723,2019-03-31 20:00:00,2019,3,31,20,0,35,35310,autoroute A84,48.354724,-1.301323,Plein jour,Hors agglomération,Hors intersection,Normale,Autre collision,1,3,4,0,1,1,1,0,1,130,1,2,0,0,1,1,20.0,,voiture,,1,1,1,1,6
201900048724,2019-07-15 19:45:00,2019,7,15,19,45,13,13207,SAUVEUR TOBELEM (RUE),43.28803,5.36356,Plein jour,En agglomération,Hors intersection,Normale,Autre collision,4,1,1,0,1,1,1,0,1,50,1,1,0,0,0,1,,,,,1,2,1,1,6
201900048725,2019-03-20 15:00:00,2019,3,20,15,0,22,22337,N12 PR 017+150,48.3528198,-2.2978081,Plein jour,Hors agglomération,Hors intersection,Normale,Sans collision,2,3,4,0,2,2,1,0,3,110,1,1,0,0,0,1,24.0,,voiture,,1,1,1,1,7
201900048726,2019-07-15 15:50:00,2019,7,15,15,50,13,13206,PRADO (AVENUE DU),43.282759,5.385536,Plein jour,En agglomération,Hors intersection,Normale,Autre collision,4,2,6,0,1,1,1,0,1,50,1,2,1,0,0,1,73.0,,deux_roues,,1,2,1,1,6
201900048727,2019-07-15 14:40:00,2019,7,15,14,40,13,13201,NARVIK (SQUARE),43.302044,5.3814431,Plein jour,En agglomération,Hors intersection,Normale,Autre collision,4,1,1,3,1,1,1,0,1,20,1,2,1,0,0,1,57.0,,voiture,,1,2,1,1,6
201900048728,2019-07-15 08:30:00,2019,7,15,8,30,13,13202,MARCEAU (PLACE),43.304863,5.372874,Plein jour,En agglomération,Giratoire,Normale,Deux véhicules - côté,4,1,2,0,1,2,9,9,1,50,2,2,0,0,0,2,34.0,52.0,utilitaire_camion,voiture,1,2,6,1,3
201900048729,2019-04-01 14:23:00,2019,4,1,14,23,67,67472,72 Rue de Haguenau,48.830754,7.952581,Plein jour,En agglomération,Hors intersection,Normale,Deux véhicules - arrière,4,2,2,0,1,1,1,0,1,50,2,2,1,0,1,0,19.0,70.0,deux_roues,voiture,1,2,1,1,2
201900048730,2019-07-15 00:00:00,2019,7,15,0,0,13,13215,SAINT JOSEPH A SAINT ANTOINE (CHEMIN DE),43.3589558,5.3650564,Nuit avec éclairage allumé,En agglomération,Hors intersection,Normale,Deux véhicules - frontale,4,3,4,0,1,1,1,0,1,50,2,1,0,0,0,1,38.0,,utilitaire_camion,,5,2,1,1,1
201900048731,2019-04-01 12:45:00,2019,4,1,12,45,15,15168,a75,44.977761,3.186176,Plein jour,Hors agglomération,Hors intersection,Normale,Deux véhicules - arrière,1,2,4,0,3,1,1,2,1,130,2,3,2,0,0,1,20.0,33.0,voiture,utilitaire_camion,1,1,1,1,2
201900048732,2019-07-14 18:30:00,2019,7,14,18,30,13,13028,CROZET (AVENUE LOUIS ),43.179845,5.599268,Plein jour,En agglomération,Hors intersection,Normale,Deux véhicules - côté,7,1,2,1,2,1,1,9,1,50,2,2,1,0,1,0,57.0,79.0,deux_roues,voiture,1,2,1,1,3
201900048733,2019-03-31 00:18:00,2019,3,31,0,18,38,38115,RD 1075 _La coyenlle,44.988005,5.648575,Nuit sans éclairage public,Hors agglomération,Giratoire,Normale,Autre collision,3,2,2,0,2,4,1,0,8,80,1,1,0,0,1,0,27.0,,voiture,,3,1,6,1,6
201900048734,2019-03-29 12:40:00,2019,3,29,12,40,30,30334,rue du prés de savy,44.012675,4.4157,Plein jour,En agglomération,Hors intersection,Normale,Deux véhicules - côté,9,1,1,0,2,1,1,0,1,30,2,2,1,0,1,0,73.0,20.0,voiture,deux_roues,1,2,1,1,3
201900048735,2019-07-14 06:45:00,2019,7,14,6,45,10,10362,SAVIPOL (ZI),48.2917,4.0156,Plein jour,En agglomération,Hors intersection,Normale,Deux véhicules - arrière,4,2,2,0,1,1,1,0,1,50,2,6,3,0,0,3,22.0,38.0,voiture,voiture,1,2,1,1,2
201900048736,2019-03-10 05:00:00,2019,3,10,5,0,83,83132,Autoroute A57,43.1769542,6.0478374,Nuit sans éclairage public,Hors agglomération,Hors intersection,Normale,Autre collision,1,3,2,0,1,1,1,0,2,-1,1,1,0,1,0,0,18.0,,deux_roues,,3,1,1,1,6
201900048737,2019-07-13 18:20:00,2019,7,13,18,20,10,10387,ANATOLE FRANCE (RUE),48.27992,4.06931,Plein jour,En agglomération,Hors intersection,Normale,Autre collision,4,2,2,0,1,1,1,0,1,50,1,2,1,0,0,1,87.0,,voiture,,1,2,1,1,6
201900048738,2019-03-17 14:45:00,2019,3,17,14,45,61,61464,A 28 pk 180.625,48.620563,0.191424,Plein jour,Hors agglomération,Hors intersection,Neige / grêle,Autre collision,1,3,4,0,1,1,9,0,1,130,1,3,1,0,0,2,45.0,,voiture,,1,1,1,4,6
201900048739,2019-07-14 15:50:00,2019,7,14,15,50,7,07072,RD 104,44.736445,4.613721,Plein jour,Hors agglomération,Hors intersection,Normale,Sans collision,3,2,2,0,4,1,1,0,1,50,1,1,0,0,1,0,46.0,,deux_roues,,1,1,1,1,7
201900048740,2019-03-23 16:40:00,2019,3,23,16,40,57,57505,RD 45 PR7+345,48.6931034,7.1336624,Plein jour,Hors agglomération,Hors intersection,Normale,Deux véhicules - frontale,3,2,2,0,1,3,1,0,1,80,2,3,0,0,1,2,47.0,26.0,deux_roues,voiture,1,1,1,1,1
201900048741,2019-07-15 00:00:00,2019,7,15,0,0,75,75118,BD PERIPHERIQUE EXTERIEUR,48.900935,2.338542,Nuit avec éclairage allumé,En agglomération,Hors intersection,Normale,Deux véhicules - arrière,4,1,4,0,1,1,1,0,1,70,2,2,1,0,0,1,21.0,23.0,deux_roues,voiture,5,2,1,1,2
201900048742,2019-04-02 00:10:00,2019,4,2,0,10,57,57667,D954,49.235515,6.561494,Nuit avec éclairage allumé,Hors agglomération,Passage à niveau,Normale,Deux véhicules - côté,3,2,2,0,2,3,1,4,4,80,2,2,1,0,1,0,33.0,36.0,transport_commun,voiture,5,1,8,1,3
201900048743,2019-07-15 18:40:00,2019,7,15,18,40,75,75120,RUE DE MENILMONTANT,48.868314,2.388169,Plein jour,En agglomération,Intersection en T,Normale,Deux véhicules - arrière,4,2,2,0,2,1,1,0,1,50,2,2,1,0,0,1,10.0,37.0,deux_roues,utilitaire_camion,1,2,3,1,2
201900048744,2019-03-29 07:50:00,2019,3,29,7,50,57,57552,D 913,49.056607,6.187272,Plein jour,Hors agglomération,Hors intersection,Normale,Deux véhicules - côté,3,2,2,0,1,1,1,0,1,80,2,2,1,0,1,0,46.0,56.0,voiture,deux_roues,1,1,1,1,3
201900048745,2019-07-15 14:05:00,2019,7,15,14,5,75,75119,AVENUE DE LA PORTE DE LA VILLETTE,48.898863,2.386795,Plein jour,En agglomération,Hors intersection,Normale,Autre collision,4,2,1,0,2,3,1,0,1,10,1,2,1,0,0,1,52.0,,utilitaire_camion,,1,2,1,1,6
201900048746,2019-07-15 16:10:00,2019,7,15,16,10,75,75117,PLACE DE LA PORTE DE CHAMPERRET,48.885665,2.291608,Plein jour,En agglomération,Place,Normale,Deux véhicules - côté,4,2,2,0,1,2,1,0,1,30,2,2,1,0,0,1,30.0,37.0,voiture,deux_roues,1,2,7,1,3
201900048747,2019-04-02 11:30:00,2019,4,2,11,30,51,51072,RD 980,49.2052541,3.8984988,Plein jour,Hors agglomération,Hors intersection,Pluie légère,Deux véhicules - frontale,3,2,2,0,1,3,2,0,1,80,2,2,0,1,0,1,21.0,41.0,utilitaire_camion,voiture,1,1,1,2,1
201900048748,2019-07-15 11:05:00,2019,7,15,11,5,75,75117,RUE DES BATIGNOLLES,48.884021,2.322433,Plein jour,En agglomération,Intersection en X,Normale,Autre collision,4,2,2,0,1,1,1,0,1,30,1,2,1,0,0,1,40.0,,utilitaire_camion,,1,2,2,1,6
201900048749,2019-03-21 17:45:00,2019,3,21,17,45,19,19289,Les Pouyges,45.204249,1.391083,Plein jour,Hors agglomération,Hors intersection,Normale,Deux véhicules - frontale,4,3,2,0,1,1,1,0,1,80,2,2,0,0,0,2,25.0,74.0,deux_roues,voiture,1,1,1,1,1
201900048750,2019-07-14 22:40:00,2019,7,14,22,40,75,75117,RUE PIERRE DEMOURS,48.879964,2.291797,Nuit avec éclairage allumé,En agglomération,Hors intersection,Normale,Autre collision,4,1,1,0,1,1,1,0,1,30,1,2,1,0,0,1,33.0,,deux_roues,,5,2,1,1,6
201900048751,2019-07-15 16:00:00,2019,7,15,16,0,75,75116,PLACE CHARLES DE GAULLE,48.873748,2.294142,Plein jour,En agglomération,Place,Normale,Deux véhicules - côté,4,1,4,0,1,2,1,0,1,50,2,2,1,0,0,1,28.0,56.0,deux_roues,voiture,1,2,7,1,3
201900048752,2019-07-15 03:55:00,2019,7,15,3,55,75,75114,AVENUE DENFERT ROCHEREAU,48.835084,2.333082,Nuit avec éclairage allumé,En agglomération,Hors intersection,Normale,Sans collision,4,2,3,0,1,1,1,0,1,50,1,1,0,0,0,1,32.0,,deux_roues,,5,2,1,1,7
201900048753,2019-03-22 00:50:00,2019,3,22,0,50,79,79104,La Billardière,46.489029,-0.439025,Nuit sans éclairage public,Hors agglomération,Hors intersection,Normale,Autre collision,3,2,2,0,2,2,1,0,3,80,1,1,0,0,0,1,34.0,,utilitaire_camion,,3,1,1,1,6
201900048754,2019-07-15 07:05:00,2019,7,15,7,5,75,75112,RUE DE CHARENTON,48.850182,2.373621,Plein jour,En agglomération,Intersection en T,Normale,Autre collision,4,-1,1,0,1,1,1,0,1,50,1,2,1,0,0,1,51.0,,voiture,,1,2,3,1,6
201900048755,2019-04-01 18:15:00,2019,4,1,18,15,82,82096,Route de Beaumont de Lomagne,44.027638,1.205953,Plein jour,Hors agglomération,Intersection en X,Normale,Deux véhicules - côté,3,2,2,0,1,1,1,0,1,70,2,2,1,0,1,0,79.0,39.0,deux_roues,voiture,1,1,2,1,3
201900048756,2019-07-14 23:35:00,2019,7,14,23,35,75,75112,AVENUE LEDRU ROLLIN,48.848624,2.372523,Nuit avec éclairage allumé,En agglomération,Intersection en X,Normale,Deux véhicules - côté,4,1,2,2,1,1,1,0,1,50,2,2,1,0,0,1,40.0,55.0,deux_roues,deux_roues,5,2,2,1,3
201900048757,2019-07-13 14:45:00,2019,7,13,14,45,75,75112,RUE PROUDHON,48.837299,2.391211,Plein jour,En agglomération,Intersection en X,Normale,Deux véhicules - côté,4,2,3,3,1,2,1,5,6,50,2,3,2,0,0,1,28.0,29.0,transport_commun,voiture,1,2,2,1,3
201900048758,2019-04-02 10:55:00,2019,4,2,10,55,82,82176,D8,43.978622,1.487729,Plein jour,Hors agglomération,Intersection en T,Pluie légère,Deux véhicules - côté,3,2,2,0,1,1,2,0,1,80,2,3,1,0,1,1,64.0,37.0,voiture,voiture,1,1,3,2,3
201900048759,2019-07-15 16:15:00,2019,7,15,16,15,75,75111,RUE DU FAUBOURG SAINT ANTOINE,48.849106,2.391246,Plein jour,En agglomération,Hors intersection,Normale,Autre collision,4,2,2,0,1,1,1,0,1,50,1,1,0,0,0,1,21.0,,deux_roues,,1,2,1,1,6
201900048760,2019-03-30 12:10:00,2019,3,30,12,10,76,76192,D 925,50.01578,1.316024,Plein jour,Hors agglomération,Hors intersection,Normale,Deux véhicules - frontale,3,2,2,0,2,2,1,0,1,80,2,2,1,0,0,1,31.0,61.0,utilitaire_camion,utilitaire_camion,1,1,1,1,1
201900048761,2019-07-15 08:55:00,2019,7,15,8,55,75,75111,BOULEVARD DU TEMPLE,48.864671,2.365792,Plein jour,En agglomération,Intersection en X,Normale,Autre collision,4,2,4,0,1,1,1,0,1,50,2,1,0,0,0,1,33.0,,deux_roues,,1,2,2,1,6
201900048762,2019-04-02 01:30:00,2019,4,2,1,30,61,61063,D924,48.702758,-0.365565,Nuit avec éclairage non allumé,En agglomération,Giratoire,Brouillard / fumée,Autre collision,3,2,2,0,1,2,1,0,1,50,1,1,0,0,1,0,35.0,,deux_roues,,4,2,6,5,6
201900048763,2019-07-15 19:20:00,2019,7,15,19,20,75,75110,RUE DU FAUBOURG SAINT MARTIN,48.875824,2.360283,Plein jour,En agglomération,Intersection en T,Normale,Deux véhicules - côté,4,2,3,0,1,1,1,0,1,50,2,1,0,0,0,1,24.0,,deux_roues,,1,2,3,1,3
201900048764,2019-04-01 17:00:00,2019,4,1,17,0,61,61474,Le Faubourg (Exmes),48.759012,0.186043,Plein jour,Hors agglomération,Hors intersection,Normale,Autre collision,3,2,2,0,1,1,1,0,3,80,1,1,0,0,1,0,61.0,,voiture,,1,1,1,1,6
201900048765,2019-07-15 12:00:00,2019,7,15,12,0,75,75108,AVENUE DES CHAMPS ELYSEES,48.866938,2.316527,Plein jour,En agglomération,Hors intersection,Temps éblouissant,Deux véhicules - arrière,4,2,8,0,1,1,1,0,1,50,2,2,1,0,0,1,47.0,28.0,voiture,voiture,1,2,1,7,2
201900048766,2019-03-29 06:00:00,2019,3,29,6,0,49,49331,"CD 775, LA CHAPELLE SUR OUDON",47.668787,-0.824137,Crépuscule ou aube,Hors agglomération,Hors intersection,Normale,Sans collision,3,3,2,0,1,2,1,0,8,110,1,2,0,0,2,0,27.0,,voiture,,2,1,1,1,7
201900048767,2019-07-15 20:15:00,2019,7,15,20,15,75,75101,RUE DE RIVOLI,48.866359,2.323463,Plein jour,En agglomération,Intersection en X,Normale,Autre collision,4,1,4,0,1,1,1,0,1,50,1,1,0,0,0,1,54.0,,deux_roues,,1,2,2,1,6
201900048768,2019-03-31 14:33:00,2019,3,31,14,33,49,49046,Route Départementale 93,47.18085,-0.05918,Plein jour,Hors agglomération,Hors intersection,Normale,Deux véhicules - arrière,3,2,2,0,1,1,1,0,1,80,2,2,1,0,1,0,56.0,54.0,deux_roues,deux_roues,1,1,1,1,2
201900048769,2019-07-14 13:30:00,2019,7,14,13,30,75,75101,RUE DU MONT THABOR,48.866378,2.326484,Plein jour,En agglomération,Intersection en T,Normale,Autre collision,4,1,1,0,1,1,1,0,1,30,1,3,2,0,0,1,61.0,,voiture,,1,2,3,1,6
201900048770,2019-03-31 08:00:00,2019,3,31,8,0,49,49018,"La Pature, St Martin d'Arcé",47.566165,-0.097547,Plein jour,Hors agglomération,Hors intersection,Normale,Sans collision,3,2,2,0,1,1,1,0,3,80,1,1,0,0,1,0,65.0,,voiture,,1,1,1,1,7