accident_id,datetime,annee,mois,jour,heure,minute,departement,commune_insee,adresse,latitude,longitude,luminosite,agglomeration,intersection,meteo,collision,catr,circ,nbv,vosp,prof,plan,surf,infra,situ,vma,nb_vehicules,nb_usagers,nb_indemnes,nb_tues,nb_blesses_hosp,nb_blesses_legers,age_cond_1,age_cond_2,veh_type_cond_1,veh_type_cond_2,lum_code,agg_code,int_code,atm_code,col_code
201900048771,2019-07-11 17:05:00,2019,7,11,17,5,94,94080,PARIS (AV DE),48.84541,2.4289,Plein jour,En agglomération,Hors intersection,Normale,Autre collision,3,2,4,0,1,1,1,0,1,50,1,2,1,0,1,0,56.0,,deux_roues,,1,2,1,1,6
201900048772,2019-03-31 15:05:00,2019,3,31,15,5,49,49259,Rue René Gasnier,47.353104,-0.664567,Plein jour,En agglomération,Hors intersection,Normale,Deux véhicules - frontale,3,2,2,0,1,2,1,0,1,50,2,2,1,0,1,0,47.0,48.0,voiture,voiture,1,2,1,1,1
201900048773,2019-07-10 15:30:00,2019,7,10,15,30,94,94080,FONTENAY (R DE),48.84889,2.4265,Plein jour,En agglomération,Intersection en X,Normale,Deux véhicules - frontale,3,2,2,0,1,1,1,0,1,50,2,3,2,0,0,1,53.0,17.0,deux_roues,voiture,1,2,2,1,1
201900048774,2019-04-01 12:00:00,2019,4,1,12,0,46,46229,RD803 / D3,44.912676,1.778412,Plein jour,Hors agglomération,Intersection en T,Normale,Deux véhicules - côté,3,2,2,0,1,1,1,5,1,80,2,2,1,0,1,0,28.0,75.0,deux_roues,voiture,1,1,3,1,3
201900048775,2019-04-01 08:15:00,2019,4,1,8,15,86,86160,Route de Poitiers,46.775908,0.189386,Plein jour,En agglomération,Hors intersection,Normale,Deux véhicules - frontale,3,2,2,0,1,1,1,0,1,70,2,2,0,0,2,0,49.0,55.0,voiture,utilitaire_camion,1,2,1,1,1
201900048776,2019-03-30 15:40:00,2019,3,30,15,40,34,34312,Route de Boussagues,43.651318,3.148964,Plein jour,Hors agglomération,Hors intersection,Normale,Sans collision,3,2,2,0,2,2,9,2,1,-1,1,1,0,0,1,0,55.0,,deux_roues,,1,1,1,1,7
201900048777,2019-03-28 15:45:00,2019,3,28,15,45,68,68349,Rue de Huningue,47.601985,7.574843,Plein jour,En agglomération,Giratoire,Normale,Deux véhicules - côté,3,2,2,0,1,1,1,0,1,50,2,2,0,0,0,2,76.0,,voiture,,1,2,6,1,3
201900048778,2019-07-13 10:20:00,2019,7,13,10,20,94,94080,PARIS (AV DE),48.845564,2.428494,Plein jour,En agglomération,Hors intersection,Normale,Deux véhicules - arrière,3,2,2,0,1,1,1,0,1,50,2,2,1,0,0,1,26.0,26.0,deux_roues,voiture,1,2,1,1,2
201900048779,2019-07-10 08:15:00,2019,7,10,8,15,94,94068,BONNEUIL (QU DE),48.78487,2.49553,Plein jour,En agglomération,Hors intersection,Normale,Deux véhicules - côté,3,2,2,0,1,1,1,5,1,50,2,2,1,0,0,1,55.0,24.0,deux_roues,voiture,1,2,1,1,3
201900048780,2019-03-22 11:34:00,2019,3,22,11,34,39,39367,,46.535141,6.025051,Plein jour,Hors agglomération,Hors intersection,Normale,Deux véhicules - frontale,2,2,2,0,2,3,1,0,1,50,2,2,0,0,0,2,55.0,42.0,voiture,voiture,1,1,1,1,1
201900048781,2019-07-15 16:30:00,2019,7,15,16,30,94,94046,GAMBETTA (AV),48.81,2.43976,Plein jour,En agglomération,Hors intersection,Normale,Autre collision,4,2,2,0,1,1,1,6,1,50,1,2,1,0,0,1,21.0,,voiture,,1,2,1,1,6
201900048782,2019-03-31 07:30:00,2019,3,31,7,30,39,39531,,46.513252,5.749147,Crépuscule ou aube,Hors agglomération,Hors intersection,Normale,Autre collision,3,2,2,0,1,3,1,0,3,80,1,3,2,0,1,0,25.0,,voiture,,2,1,1,1,6
201900048783,2019-04-01 11:20:00,2019,4,1,11,20,25,25466,place de l'église,47.207019,5.845456,Plein jour,En agglomération,Hors intersection,Normale,Deux véhicules - frontale,3,1,1,0,1,2,1,0,1,50,2,3,1,0,2,0,45.0,18.0,utilitaire_camion,deux_roues,1,2,1,1,1
201900048784,2019-07-13 09:15:00,2019,7,13,9,15,94,94016,CAMILLE DESMOULINS (R),48.79375,2.33373,Plein jour,En agglomération,Intersection en X,Normale,Deux véhicules - côté,3,2,3,3,1,1,1,0,1,50,2,3,2,0,0,1,23.0,21.0,deux_roues,voiture,1,2,2,1,3
201900048785,2019-03-29 23:30:00,2019,3,29,23,30,44,44188,"CD117, PR n°31",47.049485,-1.63289,Nuit sans éclairage public,Hors agglomération,Hors intersection,Normale,Deux véhicules - arrière,3,3,4,0,1,1,1,0,1,110,2,2,1,1,0,0,26.0,19.0,voiture,deux_roues,3,1,1,1,2
201900048786,2019-07-15 15:40:00,2019,7,15,15,40,94,94065,HALLIERS (R DES),48.7535,2.3448,Plein jour,En agglomération,Hors intersection,Normale,Sans collision,4,2,1,0,1,1,1,0,1,50,1,1,0,0,0,1,66.0,,voiture,,1,2,1,1,7
201900048787,2019-03-31 14:00:00,2019,3,31,14,0,35,35162,avenue de Normandie,48.487421,-1.116814,Plein jour,En agglomération,Hors intersection,Normale,Autre collision,3,2,2,2,1,3,1,9,5,50,1,2,0,0,2,0,56.0,,deux_roues,,1,2,1,1,6
201900048788,2019-03-06 23:30:00,2019,3,6,23,30,29,29073,9 Hent Lanmeur,48.666016,-3.708844,Nuit sans éclairage public,En agglomération,Hors intersection,Temps couvert,Deux véhicules - frontale,3,2,2,0,1,1,2,0,1,30,2,2,1,0,1,0,26.0,49.0,voiture,deux_roues,3,2,1,8,1
201900048789,2019-07-14 23:30:00,2019,7,14,23,30,94,94028,BILLOTTE.(AVE DU GAL PIERRE),48.773907,2.457737,Nuit avec éclairage allumé,En agglomération,Hors intersection,Normale,Sans collision,4,-1,0,0,1,1,1,6,1,50,1,1,0,0,1,0,16.0,,deux_roues,,5,2,1,1,7
201900048790,2019-07-15 19:30:00,2019,7,15,19,30,94,94079,BRY (RTE DE),48.831,2.534,Plein jour,En agglomération,Hors intersection,Normale,Deux véhicules - arrière,4,2,2,0,1,1,1,0,1,50,2,2,1,0,0,1,48.0,49.0,voiture,voiture,1,2,1,1,2
201900048791,2019-03-27 13:50:00,2019,3,27,13,50,29,29119,LE CAMP -  CD 68,48.458088,-4.630041,Plein jour,Hors agglomération,Hors intersection,Normale,Deux véhicules - arrière,3,2,2,0,1,1,1,0,1,70,2,2,1,0,1,0,67.0,16.0,voiture,deux_roues,1,1,1,1,2
201900048792,2019-07-15 17:30:00,2019,7,15,17,30,94,94017,STALINGRAD (BD DE),48.81716,2.50988,Plein jour,En agglomération,Hors intersection,Normale,Deux véhicules - côté,3,2,2,0,1,1,1,9,1,50,2,2,1,0,0,1,27.0,30.0,utilitaire_camion,deux_roues,1,2,1,1,3
201900048793,2019-03-10 07:30:00,2019,3,10,7,30,31,31585,14 chemin de la chapelle,43.117217,0.678037,Plein jour,Hors agglomération,Hors intersection,Pluie légère,Autre collision,6,-1,-1,0,1,1,1,0,1,-1,1,2,1,0,0,1,30.0,,voiture,,1,1,1,2,6
201900048794,2019-07-12 07:25:00,2019,7,12,7,25,94,94071,GENERAL LECLERC (R DU),48.777,2.511,Plein jour,En agglomération,Hors intersection,Normale,Deux véhicules - arrière,3,3,2,0,1,1,1,9,1,50,2,3,2,0,0,1,34.0,37.0,utilitaire_camion,utilitaire_camion,1,2,1,1,2
201900048795,2019-03-30 11:50:00,2019,3,30,11,50,38,38130,3 Avenue Camille Rocher,45.393217,5.26534,Plein jour,En agglomération,Intersection en T,Normale,Deux véhicules - côté,3,2,2,0,1,1,1,0,1,50,2,2,1,0,0,1,52.0,91.0,deux_roues,voiture,1,2,3,1,3
201900048796,2019-04-02 12:40:00,2019,4,2,12,40,2,02558,RD1043,50.005929,3.826814,Plein jour,Hors agglomération,Hors intersection,Normale,Deux véhicules - frontale,3,2,2,0,1,1,1,0,1,80,2,2,1,0,1,0,91.0,36.0,voiture,deux_roues,1,1,1,1,1
201900048797,2019-07-15 11:45:00,2019,7,15,11,45,94,94002,BLANQUI (QU),48.80338,2.41323,Plein jour,En agglomération,Intersection en T,Normale,Deux véhicules - côté,3,2,2,0,1,1,1,0,1,50,2,2,1,0,0,1,36.0,35.0,deux_roues,voiture,1,2,3,1,3
201900048798,2019-03-28 17:30:00,2019,3,28,17,30,2,02780,INTERSECTION RN31 et D953,49.3658167,3.3752127,Plein jour,Hors agglomération,Intersection en T,Normale,Deux véhicules - côté,2,2,2,0,1,1,1,0,1,80,2,3,2,0,1,0,46.0,84.0,utilitaire_camion,utilitaire_camion,1,1,3,1,3
201900048799,2019-07-15 09:30:00,2019,7,15,9,30,93,93071,WESTINGHOUSE (BOULEVARD),48.938,2.53871,Plein jour,En agglomération,Intersection en T,Normale,Deux véhicules - côté,3,3,2,0,2,3,1,0,1,50,2,2,1,0,0,1,45.0,73.0,deux_roues,voiture,1,2,3,1,3
201900048800,2019-04-01 12:31:00,2019,4,1,12,31,2,02770,route nationale 02,49.362332,3.298718,Plein jour,Hors agglomération,Hors intersection,Normale,Sans collision,2,3,2,0,3,2,1,0,3,80,1,1,0,0,1,0,47.0,,deux_roues,,1,1,1,1,7
201900048801,2019-07-15 09:45:00,2019,7,15,9,45,93,93070,MICHELET(AV):N°1AU 103,48.9064946,2.3441447,Plein jour,En agglomération,Hors intersection,Normale,Trois véhicules et plus - en chaîne,3,2,2,0,1,1,1,0,1,50,4,6,4,0,0,2,47.0,48.0,autre,voiture,1,2,1,1,4
201900048802,2019-04-01 07:45:00,2019,4,1,7,45,3,03264,avenue de Vichy,46.0709303,3.4639727,Plein jour,En agglomération,Intersection en Y,Normale,Deux véhicules - frontale,3,2,2,0,1,1,1,5,1,50,2,2,1,0,1,0,18.0,45.0,deux_roues,voiture,1,2,4,1,1
201900048803,2019-03-28 03:30:00,2019,3,28,3,30,1,01348,rue de la liberation,46.177025,4.818435,Nuit avec éclairage allumé,En agglomération,Hors intersection,Normale,Autre collision,3,1,2,0,1,1,1,0,8,50,1,1,0,0,0,1,20.0,,voiture,,5,2,1,1,6
201900048804,2019-07-15 12:21:00,2019,7,15,12,21,93,93059,JEAN MERMOZ (N°59 AU 185),48.971179,2.36623,Plein jour,En agglomération,Intersection en T,Normale,Deux véhicules - côté,3,3,4,3,2,1,1,9,1,50,2,2,1,0,1,0,29.0,,utilitaire_camion,,1,2,3,1,3
201900048805,2019-07-13 11:50:00,2019,7,13,11,50,93,93062,MONTFERMEIL (ROND POINT DE),48.89582,2.52616,Plein jour,En agglomération,Hors intersection,Normale,Autre collision,9,1,2,0,1,2,1,9,1,50,1,1,0,0,0,1,,,,,1,2,1,1,6
201900048806,2019-03-24 14:40:00,2019,3,24,14,40,1,01374,RD 1075,46.086928,5.316532,Plein jour,Hors agglomération,Hors intersection,Normale,Trois véhicules et plus - collisions multiples,3,2,2,0,1,1,1,0,1,80,4,6,2,0,4,0,37.0,61.0,voiture,voiture,1,1,1,1,5
201900048807,2019-07-15 13:50:00,2019,7,15,13,50,93,93029,HENRI BARBUSSE (AVE) N°2-124,48.91914,2.44972,Plein jour,En agglomération,Intersection en T,Normale,Deux véhicules - côté,3,2,2,0,1,1,1,0,1,50,2,2,1,0,0,1,35.0,30.0,voiture,deux_roues,1,2,3,1,3
201900048808,2019-03-31 17:20:00,2019,3,31,17,20,70,70235,19 Grande Rue,47.699931,6.190035,Plein jour,En agglomération,Hors intersection,Normale,Deux véhicules - côté,3,2,2,0,2,1,1,0,1,50,2,2,1,0,1,0,24.0,49.0,voiture,deux_roues,1,2,1,1,3
201900048809,2019-07-15 11:55:00,2019,7,15,11,55,93,93005,JACQUES DUCLOS [CD44] (RUE),48.94286,2.4968,Plein jour,En agglomération,Hors intersection,Normale,Deux véhicules - arrière,3,1,2,0,1,1,1,0,1,50,2,2,1,0,0,1,26.0,53.0,voiture,utilitaire_camion,1,2,1,1,2
201900048810,2019-04-02 08:20:00,2019,4,2,8,20,26,26083,Rue Geoffroy de Moirans,45.231003,4.956177,Plein jour,En agglomération,Hors intersection,Normale,Autre collision,3,2,2,0,2,1,1,0,1,30,1,2,1,0,1,0,40.0,,transport_commun,,1,2,1,1,6
201900048811,2019-07-15 21:30:00,2019,7,15,21,30,93,93001,VICTOR HUGO (AVE)  N° 167 =>,48.9110352,2.3792613,Crépuscule ou aube,En agglomération,Hors intersection,Normale,Autre collision,3,2,2,0,1,1,1,0,1,50,1,2,1,0,0,1,22.0,,voiture,,2,2,1,1,6
201900048812,2019-03-31 18:40:00,2019,3,31,18,40,72,72020,d59,48.2345796,0.6522596,Plein jour,Hors agglomération,Autre intersection,Normale,Sans collision,3,2,2,0,2,2,1,0,1,80,1,1,0,0,1,0,15.0,,deux_roues,,1,1,9,1,7
201900048813,2019-07-15 07:50:00,2019,7,15,7,50,93,93066,MARTEAU,48.901974,2.3615992,Plein jour,Hors agglomération,Hors intersection,Normale,Deux véhicules - arrière,4,-1,4,0,1,1,1,0,1,70,2,2,1,0,0,1,53.0,49.0,deux_roues,deux_roues,1,1,1,1,2
201900048814,2019-04-02 17:10:00,2019,4,2,17,10,72,72113,La Filatriere,48.048551,0.075703,Plein jour,Hors agglomération,Hors intersection,Pluie légère,Autre collision,4,2,2,0,2,1,2,0,1,70,2,2,1,0,0,1,17.0,31.0,deux_roues,utilitaire_camion,1,1,1,2,6
201900048815,2019-04-02 16:30:00,2019,4,2,16,30,72,72073,départementale 357,48.024607,0.073579,Plein jour,En agglomération,Hors intersection,Pluie légère,Deux véhicules - côté,3,2,2,0,1,1,2,0,1,50,2,3,2,0,0,1,29.0,31.0,voiture,voiture,1,2,1,2,3
201900048816,2019-07-13 23:30:00,2019,7,13,23,30,92,92050,PICASSO PABLO AVENUE,48.89369,2.21204,Nuit avec éclairage allumé,En agglomération,Intersection en T,Normale,Deux véhicules - côté,4,2,5,0,1,1,1,5,1,50,2,3,2,0,0,1,21.0,20.0,deux_roues,voiture,5,2,3,1,3
201900048817,2019-07-14 15:00:00,2019,7,14,15,0,92,92050,DROITS DE L'HOMME PLACE DES,48.895819,2.215523,Plein jour,En agglomération,Autre intersection,Normale,Deux véhicules - arrière,4,1,1,1,1,1,1,0,1,30,2,2,1,0,0,1,47.0,27.0,voiture,deux_roues,1,2,9,1,2
201900048818,2019-07-11 09:34:00,2019,7,11,9,34,92,92048,GENERAL DE GAULLE (AVENUE DU),48.78708,2.22556,Plein jour,En agglomération,Intersection en T,Normale,Deux véhicules - côté,4,1,1,0,1,1,1,0,-1,50,2,2,1,0,0,1,20.0,37.0,deux_roues,voiture,1,2,3,1,3
201900048819,2019-03-25 14:32:00,2019,3,25,14,32,14,14474,Carrefour Saint-Jean,49.1406798,-0.0081623,Plein jour,En agglomération,Giratoire,Normale,Autre collision,3,2,2,0,1,1,1,5,3,50,1,1,0,1,0,0,58.0,,utilitaire_camion,,1,2,6,1,6
201900048820,2019-04-01 12:50:00,2019,4,1,12,50,14,14281,CD517,49.3456431,-0.8910535,Plein jour,Hors agglomération,Hors intersection,Normale,Autre collision,3,2,2,0,1,2,1,0,3,80,1,1,0,0,1,0,29.0,,voiture,,1,1,1,1,6
201900048821,2019-04-02 13:40:00,2019,4,2,13,40,5,05046,BOULEVARD PASTEUR,44.564699,6.494283,Plein jour,En agglomération,Hors intersection,Normale,Sans collision,3,2,2,0,2,1,1,9,1,30,1,2,1,0,0,1,56.0,,voiture,,1,2,1,1,7
201900048822,2019-07-13 17:30:00,2019,7,13,17,30,92,92025,GABRIEL PERI (RUE),48.922889,2.249738,Plein jour,En agglomération,Intersection en X,Normale,Deux véhicules - côté,3,2,2,0,1,1,1,0,1,50,2,2,1,0,0,1,40.0,24.0,voiture,voiture,1,2,2,1,3
201900048823,2019-07-13 12:30:00,2019,7,13,12,30,92,92025,CHARLES DE GAULLE (BD),48.9140986,2.2297061,Plein jour,En agglomération,Hors intersection,Normale,Deux véhicules - côté,3,2,4,0,1,1,1,0,1,50,2,2,1,0,0,1,28.0,35.0,deux_roues,voiture,1,2,1,1,3
201900048824,2019-04-01 17:00:00,2019,4,1,17,0,60,60513,66 rue de beauvais,49.213145,2.367742,Plein jour,En agglomération,Hors intersection,Normale,Autre collision,3,2,2,0,1,1,1,0,4,50,1,1,0,1,0,0,28.0,,deux_roues,,1,2,1,1,6
201900048825,2019-07-13 16:00:00,2019,7,13,16,0,26,26310,D155,45.179096,5.126776,Plein jour,Hors agglomération,Hors intersection,Normale,Sans collision,3,2,2,0,1,1,1,0,3,80,1,3,2,0,1,0,19.0,,voiture,,1,1,1,1,7
201900048826,2019-04-01 20:15:00,2019,4,1,20,15,45,45015,Quatrevaux,48.289082,2.062474,Nuit sans éclairage public,Hors agglomération,Hors intersection,Normale,Sans collision,4,2,2,0,2,4,1,0,3,80,1,1,0,1,0,0,49.0,,deux_roues,,3,1,1,1,7
201900048827,2019-07-15 17:20:00,2019,7,15,17,20,11,11369,1600 Route de Mirepeisset,43.273177,2.932301,Plein jour,Hors agglomération,Hors intersection,Normale,Autre collision,3,2,2,0,1,1,1,0,3,80,1,1,0,0,1,0,37.0,,deux_roues,,1,1,1,1,6
201900048828,2019-03-31 16:40:00,2019,3,31,16,40,73,73270,D911 rte du col du frene,45.5705587,6.1598745,Plein jour,En agglomération,Hors intersection,Normale,Deux véhicules - arrière,3,2,2,0,4,1,1,9,1,50,2,2,1,0,1,0,44.0,73.0,deux_roues,voiture,1,2,1,1,2
201900048829,2019-07-16 07:20:00,2019,7,16,7,20,28,28006,D 24 - D149,48.454388,1.404258,Crépuscule ou aube,Hors agglomération,Intersection en X,Temps éblouissant,Deux véhicules - côté,3,2,2,0,1,1,1,0,1,80,2,2,1,0,1,0,39.0,20.0,deux_roues,voiture,2,1,2,7,3
201900048830,2019-04-02 09:26:00,2019,4,2,9,26,18,18054,RD 2076 charly,46.870977,2.797508,Plein jour,Hors agglomération,Hors intersection,Pluie légère,Autre collision,3,2,3,0,4,1,2,0,3,80,1,1,0,1,0,0,62.0,,utilitaire_camion,,1,1,1,2,6
201900048831,2019-06-23 09:00:00,2019,6,23,9,0,6,06095,Chemin des Maures et des Adrets,43.640127,6.893502,Plein jour,En agglomération,Intersection en T,Temps éblouissant,Autre collision,4,3,2,0,2,3,1,0,1,50,1,2,0,0,1,1,80.0,,deux_roues,,1,2,3,7,6
201900048832,2019-03-30 17:45:00,2019,3,30,17,45,36,36094,LIEU DIT  BERNIER,46.456688,1.195801,Plein jour,Hors agglomération,Hors intersection,Normale,Deux véhicules - côté,3,2,2,0,2,1,1,0,1,50,2,2,1,0,0,1,17.0,63.0,deux_roues,utilitaire_camion,1,1,1,1,3
201900048833,2019-03-31 18:05:00,2019,3,31,18,5,16,16236,RD 12,45.540563,0.11805,Plein jour,Hors agglomération,Hors intersection,Normale,Autre collision,3,2,2,0,2,1,1,0,3,80,1,3,0,0,3,0,48.0,,utilitaire_camion,,1,1,1,1,6
201900048834,2019-07-15 15:25:00,2019,7,15,15,25,38,38400,Route de Voiron,45.34419,5.56922,Plein jour,En agglomération,Hors intersection,Normale,Deux véhicules - frontale,3,2,2,0,1,1,1,0,1,50,2,2,0,0,1,1,49.0,23.0,utilitaire_camion,utilitaire_camion,1,2,1,1,1
201900048835,2019-03-31 06:00:00,2019,3,31,6,0,16,16285,D16,45.529726,0.341693,Crépuscule ou aube,Hors agglomération,Hors intersection,Normale,Autre collision,3,2,2,0,2,3,1,0,3,80,1,2,1,0,1,0,23.0,,voiture,,2,1,1,1,6
201900048836,2019-07-16 07:30:00,2019,7,16,7,30,44,44036,D771,47.698633,-1.397992,Plein jour,Hors agglomération,Hors intersection,Normale,Deux véhicules - frontale,3,2,2,0,3,1,1,0,1,80,2,2,1,0,1,0,23.0,50.0,voiture,utilitaire_camion,1,1,1,1,1
201900048837,2019-03-31 14:45:00,2019,3,31,14,45,27,27214,CD 6014,49.323285,1.406618,Plein jour,Hors agglomération,Hors intersection,Normale,Deux véhicules - frontale,3,2,2,0,1,1,1,0,1,80,2,6,0,1,2,3,50.0,43.0,voiture,voiture,1,1,1,1,1
201900048838,2019-07-15 17:25:00,2019,7,15,17,25,87,87107,"RN 147, PR11+300",45.918356,1.208059,Plein jour,Hors agglomération,Hors intersection,Normale,Deux véhicules - frontale,2,2,2,0,2,1,1,0,1,80,2,2,1,1,0,0,42.0,22.0,utilitaire_camion,voiture,1,1,1,1,1
201900048839,2019-03-31 14:45:00,2019,3,31,14,45,87,87154,AVENUE SADI CARNOT,45.885479,0.895463,Plein jour,En agglomération,Hors intersection,Normale,Deux véhicules - côté,3,2,2,0,2,1,1,0,1,50,2,3,1,0,1,1,50.0,80.0,deux_roues,voiture,1,2,1,1,3
201900048840,2019-04-01 07:17:00,2019,4,1,7,17,37,37081,La Salonnière,47.438339,0.345126,Crépuscule ou aube,Hors agglomération,Hors intersection,Normale,Autre collision,3,2,2,0,1,1,1,0,1,80,2,4,3,0,1,0,31.0,30.0,voiture,voiture,2,1,1,1,6
201900048841,2019-03-31 17:45:00,2019,3,31,17,45,30,30276,departementae 979,43.642546,4.195522,Plein jour,Hors agglomération,Hors intersection,Normale,Deux véhicules - arrière,3,2,2,0,1,1,1,0,1,80,2,2,0,0,0,2,59.0,43.0,voiture,voiture,1,1,1,1,2
201900048842,2019-04-01 10:00:00,2019,4,1,10,0,30,30012,D2,43.876284,4.650769,Plein jour,Hors agglomération,Hors intersection,Normale,Deux véhicules - côté,3,2,2,0,1,1,1,0,1,80,2,2,1,0,1,0,79.0,27.0,voiture,deux_roues,1,1,1,1,3
201900048843,2019-04-02 00:30:00,2019,4,2,0,30,30,30223,55 Route de Saint-Ambroix,44.186396,4.128353,Nuit sans éclairage public,Hors agglomération,Hors intersection,Normale,Autre collision,3,2,2,0,2,1,1,0,3,80,2,2,1,1,0,0,39.0,31.0,utilitaire_camion,voiture,3,1,1,1,6
201900048844,2019-07-15 05:35:00,2019,7,15,5,35,36,36219,A20 PR 077.950,46.690951,1.583394,Nuit sans éclairage public,Hors agglomération,Hors intersection,Normale,Autre collision,1,3,4,0,1,1,1,0,3,130,1,1,0,0,1,0,33.0,,utilitaire_camion,,3,1,1,1,6
201900048845,2019-03-31 23:00:00,2019,3,31,23,0,8,08489,RD983,49.449304,4.649031,Nuit sans éclairage public,Hors agglomération,Hors intersection,Normale,Sans collision,3,2,2,0,2,1,1,0,8,80,1,1,0,0,1,0,27.0,,voiture,,3,1,1,1,7
201900048846,2019-04-01 13:47:00,2019,4,1,13,47,67,67405,A 35 PK 220+430,48.8308616,8.0077499,Plein jour,Hors agglomération,Hors intersection,Normale,Deux véhicules - arrière,1,1,2,0,1,1,1,8,1,90,2,2,1,1,0,0,57.0,49.0,utilitaire_camion,utilitaire_camion,1,1,1,1,2
201900048847,2019-03-29 16:00:00,2019,3,29,16,0,69,69244,14 avenue victor Hugo,45.76881,4.787004,Plein jour,En agglomération,Hors intersection,Normale,Autre collision,4,2,4,0,1,1,1,0,1,50,1,1,0,0,1,0,,,,,1,2,1,1,6
201900048848,2019-04-01 18:00:00,2019,4,1,18,0,6,06152,route des Lucioles,43.618348,7.055408,Plein jour,Hors agglomération,Hors intersection,Normale,Deux véhicules - arrière,3,2,2,0,1,1,1,0,1,50,2,2,1,0,0,1,29.0,46.0,voiture,voiture,1,1,1,1,2
201900048849,2019-04-01 08:20:00,2019,4,1,8,20,6,06018,3725 Route des Dolines,43.620888,7.061603,Plein jour,Hors agglomération,Hors intersection,Normale,Deux véhicules - côté,3,2,2,0,2,1,1,0,1,50,2,2,1,0,1,0,28.0,33.0,voiture,deux_roues,1,1,1,1,3
201900048850,2019-07-16 08:30:00,2019,7,16,8,30,62,62297,Rue de la Meullemotte,50.804713,2.147382,Plein jour,En agglomération,Intersection en T,Normale,Deux véhicules - arrière,3,2,2,0,2,2,1,0,1,50,2,2,1,0,1,0,75.0,48.0,deux_roues,voiture,1,2,3,1,2
201900048851,2019-04-01 16:15:00,2019,4,1,16,15,47,47091,A 62 PK 123.000,44.1644575,0.5896224,Plein jour,Hors agglomération,Hors intersection,Normale,Trois véhicules et plus - collisions multiples,1,3,4,0,1,1,1,0,1,130,3,5,2,0,1,2,31.0,57.0,utilitaire_camion,utilitaire_camion,1,1,1,1,5
201900048852,2019-07-15 20:43:00,2019,7,15,20,43,57,57752,Rue du Stade,49.075408,7.001838,Crépuscule ou aube,En agglomération,Hors intersection,Normale,Sans collision,4,2,2,0,1,1,1,0,1,50,1,1,0,0,1,0,17.0,,deux_roues,,2,2,1,1,7
201900048853,2019-03-31 12:05:00,2019,3,31,12,5,33,33527,"A660, PR 018",44.61439,-1.05076,Plein jour,Hors agglomération,Hors intersection,Normale,Deux véhicules - arrière,1,3,2,0,1,1,1,0,1,110,2,4,3,0,0,1,47.0,51.0,voiture,voiture,1,1,1,1,2
201900048854,2019-07-15 12:46:00,2019,7,15,12,46,56,56178,Place Anne de Bretagne,48.067855,-2.966071,Plein jour,En agglomération,Place,Temps éblouissant,Autre collision,6,-1,-1,0,1,1,1,0,8,30,1,2,1,0,1,0,27.0,,utilitaire_camion,,1,2,7,7,6
201900048855,2019-04-01 11:30:00,2019,4,1,11,30,86,86174,"Autoroute A10, PK 278+500",46.781419,0.500759,Plein jour,Hors agglomération,Hors intersection,Normale,Deux véhicules - arrière,1,3,1,0,1,1,1,0,1,90,2,3,2,0,0,1,52.0,70.0,voiture,voiture,1,1,1,1,2
201900048856,2019-07-14 19:00:00,2019,7,14,19,0,56,56229,Le Grand Houssa,47.775774,-2.27012,Crépuscule ou aube,Hors agglomération,Intersection en X,Temps éblouissant,Deux véhicules - côté,4,2,2,0,1,1,1,0,1,80,2,3,0,0,2,1,20.0,76.0,voiture,voiture,2,1,2,7,3
201900048857,2019-04-01 08:45:00,2019,4,1,8,45,51,51599,A4,49.0867194,4.2603698,Plein jour,Hors agglomération,Hors intersection,Normale,Deux véhicules - arrière,1,-1,2,0,1,1,1,0,1,130,2,4,0,0,0,4,31.0,28.0,voiture,voiture,1,1,1,1,2
201900048858,2019-06-23 14:15:00,2019,6,23,14,15,56,56124,Tirpen,47.796115,-2.40605,Plein jour,Hors agglomération,Hors intersection,Normale,Autre collision,3,-1,2,0,1,1,1,0,3,80,1,1,0,0,1,0,46.0,,voiture,,1,1,1,1,6
201900048859,2019-03-21 19:38:00,2019,3,21,19,38,35,35066,RD34,48.040352,-1.687006,Nuit sans éclairage public,Hors agglomération,Intersection en Y,Normale,Deux véhicules - frontale,2,3,4,0,3,3,1,2,8,50,2,3,1,2,0,0,58.0,58.0,voiture,utilitaire_camion,3,1,4,1,1
201900048860,2019-07-15 00:15:00,2019,7,15,0,15,56,56078,Rue de Kerbastic,47.7958,-3.494058,Nuit sans éclairage public,En agglomération,Hors intersection,Normale,Autre collision,4,2,2,0,1,1,1,0,1,50,1,1,0,0,1,0,25.0,,deux_roues,,3,2,1,1,6
201900048861,2019-04-01 14:10:00,2019,4,1,14,10,13,13032,CD7 ROUTE DE PELSSANNE,43.568347,5.353911,Plein jour,Hors agglomération,Hors intersection,Normale,Deux véhicules - arrière,3,2,2,0,1,1,1,0,1,80,2,2,1,0,0,1,70.0,27.0,deux_roues,utilitaire_camion,1,1,1,1,2
201900048862,2019-07-16 09:10:00,2019,7,16,9,10,56,56123,RD774 - Route de St Fiacre,47.6912313,-2.342931,Plein jour,Hors agglomération,Intersection en Y,Temps éblouissant,Deux véhicules - côté,3,2,2,-1,4,4,1,0,1,80,2,2,1,1,0,0,68.0,69.0,deux_roues,voiture,1,1,4,7,3