accident_id,datetime,annee,mois,jour,heure,minute,departement,commune_insee,adresse,latitude,longitude,luminosite,agglomeration,intersection,meteo,collision,catr,circ,nbv,vosp,prof,plan,surf,infra,situ,vma,nb_vehicules,nb_usagers,nb_indemnes,nb_tues,nb_blesses_hosp,nb_blesses_legers,age_cond_1,age_cond_2,veh_type_cond_1,veh_type_cond_2,lum_code,agg_code,int_code,atm_code,col_code
201900048863,2019-04-01 20:05:00,2019,4,1,20,5,986,98613,ALELE,-27.059126,174.023438,Nuit sans éclairage public,En agglomération,Hors intersection,Normale,Deux véhicules - frontale,3,2,2,0,1,1,1,0,1,70,2,3,2,0,1,0,29.0,47.0,utilitaire_camion,voiture,3,2,1,1,1
201900048864,2019-04-01 16:45:00,2019,4,1,16,45,974,97415,RN7 - Zone industrielle de Cambaie,-20.965437,55.294671,Plein jour,Hors agglomération,Giratoire,Normale,Deux véhicules - côté,2,4,5,3,2,1,1,5,1,70,2,2,1,0,1,0,69.0,43.0,voiture,deux_roues,1,1,6,1,3
201900048865,2019-07-16 09:45:00,2019,7,16,9,45,74,74083,Route de Saint gervais / D909,45.8846558,6.647316,Plein jour,Hors agglomération,Intersection en T,Normale,Deux véhicules - côté,3,2,2,0,1,1,1,0,1,80,2,4,3,1,0,0,70.0,36.0,voiture,deux_roues,1,1,3,1,3
201900048866,2019-04-01 23:30:00,2019,4,1,23,30,974,97418,Ravine des Chevres les Bas,-20.899354,55.569198,Nuit sans éclairage public,Hors agglomération,Hors intersection,Normale,Autre collision,2,2,2,0,4,3,9,9,1,90,1,2,0,0,2,0,34.0,,deux_roues,,3,1,1,1,6
201900048867,2019-03-22 00:50:00,2019,3,22,0,50,974,97418,RN 2,-20.902988,55.541006,Nuit sans éclairage public,Hors agglomération,Hors intersection,Normale,Deux véhicules - arrière,2,1,2,3,1,1,1,0,1,110,2,4,2,0,2,0,26.0,29.0,voiture,voiture,3,1,1,1,2
201900048868,2019-04-01 18:00:00,2019,4,1,18,0,973,97311,Route de Saint-Jean,5.4369423,-54.0376174,Plein jour,Hors agglomération,Hors intersection,Normale,Autre collision,3,2,2,0,1,2,1,0,3,80,1,5,0,0,4,1,24.0,,voiture,,1,1,1,1,6
201900048869,2019-07-16 15:30:00,2019,7,16,15,30,89,89420,Route Départementale 1 PR 44+150,47.541285,3.177439,Plein jour,Hors agglomération,Hors intersection,Normale,Deux véhicules - côté,3,-1,2,0,1,1,1,0,1,80,2,3,2,0,1,0,31.0,41.0,deux_roues,utilitaire_camion,1,1,1,1,3
201900048870,2019-04-01 19:00:00,2019,4,1,19,0,971,97119,Section Chabert - RD 121,16.379972,-61.436902,Nuit sans éclairage public,Hors agglomération,Hors intersection,Normale,Deux véhicules - frontale,3,2,2,0,2,2,1,0,1,80,2,4,0,1,1,2,50.0,45.0,voiture,deux_roues,3,1,1,1,1
201900048871,2019-07-16 11:15:00,2019,7,16,11,15,89,89179,Les Robineaux,47.6380671,3.2880257,Plein jour,Hors agglomération,Hors intersection,Normale,Autre collision,3,2,2,0,2,1,1,0,3,80,1,1,0,0,1,0,34.0,,voiture,,1,1,1,1,6
201900048872,2019-03-31 11:15:00,2019,3,31,11,15,971,97112,D203,15.872266,-61.290818,Plein jour,Hors agglomération,Hors intersection,Normale,Deux véhicules - côté,3,2,2,0,1,1,1,0,1,-1,2,3,1,0,1,1,69.0,22.0,voiture,deux_roues,1,1,1,1,3
201900048873,2019-04-01 17:15:00,2019,4,1,17,15,37,37072,Rue de la Croix Marion,47.1686747,0.2393707,Plein jour,En agglomération,Hors intersection,Normale,Autre collision,4,2,2,0,1,1,1,0,4,50,1,2,1,1,0,0,33.0,,voiture,,1,2,1,1,6
201900048874,2019-07-15 16:00:00,2019,7,15,16,0,63,63236,CD 130,45.5865338,2.7920121,Plein jour,Hors agglomération,Hors intersection,Normale,Trois véhicules et plus - collisions multiples,3,2,2,0,1,3,1,0,1,80,3,7,6,0,0,1,47.0,42.0,voiture,voiture,1,1,1,1,5
201900048875,2019-07-15 21:15:00,2019,7,15,21,15,61,61491,RN12,48.622378,0.724842,Crépuscule ou aube,Hors agglomération,Hors intersection,Normale,Sans collision,2,2,2,0,1,1,1,0,3,80,1,1,0,1,0,0,59.0,,deux_roues,,2,1,1,1,7
201900048876,2019-03-31 16:00:00,2019,3,31,16,0,45,45028,R DE CHATEAUDUN-R R BOTHEREAU,47.787856,1.628502,Plein jour,En agglomération,Intersection en T,Normale,Deux véhicules - frontale,3,2,2,0,1,1,1,0,1,50,2,4,1,0,1,2,16.0,21.0,deux_roues,deux_roues,1,2,3,1,1
201900048877,2019-03-31 16:35:00,2019,3,31,16,35,77,77163,RD 38,49.04877,2.89591,Plein jour,Hors agglomération,Hors intersection,Normale,Sans collision,3,2,2,0,1,2,1,0,1,80,1,1,0,0,0,1,25.0,,voiture,,1,1,1,1,7
201900048878,2019-04-02 09:50:00,2019,4,2,9,50,77,77440,D603 X RUE DU BAC,48.94613,3.09827,Plein jour,Hors agglomération,Autre intersection,Normale,Deux véhicules - côté,3,2,2,0,3,1,2,0,1,80,2,3,0,0,0,3,67.0,70.0,voiture,voiture,1,1,9,1,3
201900048879,2019-03-30 18:30:00,2019,3,30,18,30,77,77354,D605 - AV de la Libération,48.46321,2.86936,Plein jour,En agglomération,Intersection en X,Normale,Trois véhicules et plus - en chaîne,3,2,2,0,2,1,1,5,1,50,3,3,2,0,1,0,39.0,64.0,voiture,voiture,1,2,2,1,4
201900048880,2019-07-16 06:30:00,2019,7,16,6,30,49,49183,"La Roterie (Le Louroux-Béconnais, Val d'Erdre-Auxence)",47.515914,-0.941356,Plein jour,Hors agglomération,Hors intersection,Normale,Sans collision,3,2,2,0,1,2,1,0,3,80,1,1,0,0,1,0,37.0,,deux_roues,,1,1,1,1,7
201900048881,2019-07-16 07:45:00,2019,7,16,7,45,42,42150,RD 5,45.718121,4.095271,Plein jour,Hors agglomération,Hors intersection,Normale,Sans collision,3,2,2,0,1,1,1,0,3,80,1,1,0,1,0,0,19.0,,voiture,,1,1,1,1,7
201900048882,2019-03-30 00:16:00,2019,3,30,0,16,95,95213,chemin départemental 22,49.1117057,2.0551164,Crépuscule ou aube,Hors agglomération,Hors intersection,Normale,Deux véhicules - côté,3,2,2,0,1,1,1,0,1,80,2,2,0,0,2,0,21.0,62.0,deux_roues,deux_roues,2,1,1,1,3
201900048883,2019-07-12 10:45:00,2019,7,12,10,45,34,34053,RD 908,43.629115,3.224587,Plein jour,Hors agglomération,Hors intersection,Normale,Trois véhicules et plus - collisions multiples,3,2,3,0,2,3,1,0,1,80,3,6,3,0,2,1,52.0,72.0,voiture,voiture,1,1,1,1,5
201900048884,2019-07-15 17:50:00,2019,7,15,17,50,22,22347,Kerguezec,48.783555,-3.20476,Plein jour,Hors agglomération,Intersection en X,Normale,Deux véhicules - côté,3,2,2,0,2,3,1,5,1,70,2,2,1,0,1,0,30.0,62.0,utilitaire_camion,deux_roues,1,1,2,1,3
201900048885,2019-07-16 05:50:00,2019,7,16,5,50,39,39286,,46.385411,5.796085,Crépuscule ou aube,Hors agglomération,Hors intersection,Normale,Deux véhicules - frontale,3,2,2,0,2,2,1,0,1,80,2,3,2,0,0,1,25.0,22.0,voiture,voiture,2,1,1,1,1
201900048886,2019-03-31 14:20:00,2019,3,31,14,20,91,91338,intersecion CD 988 Cd 838,48.637722,2.061851,Plein jour,Hors agglomération,Intersection en X,Normale,Trois véhicules et plus - collisions multiples,3,2,2,0,1,1,1,0,1,70,4,4,1,0,0,3,64.0,41.0,voiture,voiture,1,1,2,1,5
201900048887,2019-03-31 01:30:00,2019,3,31,1,30,91,91249,D988,48.628979,2.046242,Nuit sans éclairage public,Hors agglomération,Hors intersection,Normale,Deux véhicules - frontale,3,2,2,0,2,3,1,0,1,50,2,2,1,1,0,0,37.0,20.0,voiture,deux_roues,3,1,1,1,1
201900048888,2019-03-31 19:45:00,2019,3,31,19,45,91,91175,chemin des chitries,48.509009,1.973475,Crépuscule ou aube,Hors agglomération,Hors intersection,Normale,Sans collision,5,-1,1,0,1,1,6,0,8,20,1,2,1,0,1,0,48.0,,voiture,,2,1,1,1,7
201900048889,2019-03-31 13:45:00,2019,3,31,13,45,2B,2B093,rt 30,42.624194,8.919376,Plein jour,Hors agglomération,Hors intersection,Normale,Autre collision,2,2,2,0,2,3,1,0,3,70,1,2,0,0,1,1,55.0,,voiture,,1,1,1,1,6
201900048890,2019-03-31 06:00:00,2019,3,31,6,0,84,84081,Route des Portugaises,43.945029,4.908693,Nuit avec éclairage allumé,En agglomération,Hors intersection,Normale,Autre collision,3,2,2,0,1,4,1,0,3,30,1,3,2,0,1,0,20.0,,voiture,,5,2,1,1,6
201900048891,2019-04-01 08:20:00,2019,4,1,8,20,83,83023,RD N7,43.416226,6.058578,Plein jour,Hors agglomération,Hors intersection,Temps éblouissant,Trois véhicules et plus - collisions multiples,3,2,2,0,1,1,1,0,1,80,3,4,3,0,1,0,32.0,35.0,voiture,voiture,1,1,1,7,5
201900048892,2019-04-01 17:15:00,2019,4,1,17,15,13,13100,Avenue Albert Schweitzer,43.793829,4.833472,Plein jour,En agglomération,Intersection en X,Normale,Deux véhicules - frontale,3,2,2,0,1,1,1,5,1,50,2,3,1,0,0,2,28.0,19.0,deux_roues,voiture,1,2,2,1,1
201900048893,2019-04-02 15:15:00,2019,4,2,15,15,13,13041,Chemin de Payannet,43.472093,5.481016,Plein jour,En agglomération,Giratoire,Normale,Deux véhicules - frontale,4,2,2,0,1,1,1,0,1,50,2,2,1,0,1,0,17.0,38.0,deux_roues,voiture,1,2,6,1,1
201900048894,2019-03-29 18:00:00,2019,3,29,18,0,26,26165,A7 PK 090.500 SENS NORD-SUD,44.775854,4.807344,Plein jour,Hors agglomération,Hors intersection,Normale,Autre collision,1,3,5,0,1,1,1,0,1,130,1,1,0,0,1,0,26.0,,voiture,,1,1,1,1,6
201900048895,2019-04-01 10:30:00,2019,4,1,10,30,25,25097,Départementale 278,47.529015,6.856484,Plein jour,Hors agglomération,Hors intersection,Normale,Deux véhicules - arrière,3,2,2,0,2,1,1,0,1,50,2,2,1,0,1,0,58.0,31.0,deux_roues,voiture,1,1,1,1,2
201900048896,2019-04-01 15:09:00,2019,4,1,15,9,89,89438,D965,47.7968128,3.6562198,Plein jour,Hors agglomération,Hors intersection,Normale,Deux véhicules - arrière,3,2,2,0,2,1,1,2,1,80,2,2,1,0,0,1,22.0,55.0,utilitaire_camion,voiture,1,1,1,1,2
201900048897,2019-03-20 06:35:00,2019,3,20,6,35,52,52295,Départemental 107,48.039764,5.286304,Crépuscule ou aube,Hors agglomération,Hors intersection,Normale,Autre collision,3,2,2,0,1,3,1,0,3,80,1,1,0,0,1,0,22.0,,voiture,,2,1,1,1,6
201900048898,2019-04-01 08:45:00,2019,4,1,8,45,68,68226,rue principale,48.03606,7.119079,Plein jour,En agglomération,Intersection en T,Normale,Deux véhicules - côté,3,2,2,0,1,1,1,0,1,50,2,2,1,0,1,0,41.0,42.0,utilitaire_camion,voiture,1,2,3,1,3
201900048899,2019-03-30 17:00:00,2019,3,30,17,0,68,68329,route de la schlucht,48.067833,7.059502,Plein jour,Hors agglomération,Intersection en T,Normale,Deux véhicules - côté,3,2,2,0,2,1,1,0,1,70,2,4,2,0,2,0,52.0,20.0,voiture,deux_roues,1,1,3,1,3
201900048900,2019-03-31 00:48:00,2019,3,31,0,48,67,67285,rue du ried,48.384066,7.629509,Nuit sans éclairage public,Hors agglomération,Hors intersection,Normale,Autre collision,5,1,1,0,3,3,1,2,3,50,1,2,1,0,0,1,17.0,,voiture,,3,1,1,1,6
201900048901,2019-04-02 18:00:00,2019,4,2,18,0,73,73155,D211 Route de la Fruitière,45.6394252,5.9336275,Plein jour,Hors agglomération,Hors intersection,Normale,Sans collision,3,2,2,0,2,4,1,0,8,80,1,4,2,0,0,2,20.0,,voiture,,1,1,1,1,7
201900048902,2019-04-02 18:40:00,2019,4,2,18,40,38,38083,D52 C,45.817016,5.344948,Plein jour,Hors agglomération,Hors intersection,Normale,Trois véhicules et plus - collisions multiples,3,2,2,0,1,3,1,0,1,80,3,5,3,0,2,0,28.0,48.0,voiture,voiture,1,1,1,1,5
201900048903,2019-03-30 13:30:00,2019,3,30,13,30,1,01160,route de Meyrin,46.245533,6.094964,Plein jour,Hors agglomération,Hors intersection,Normale,Autre collision,3,2,2,0,1,1,1,0,1,-1,1,2,1,0,1,0,23.0,,voiture,,1,1,1,1,6
201900048904,2019-03-31 12:55:00,2019,3,31,12,55,69,69227,Route Départementale,45.66866,4.555475,Plein jour,Hors agglomération,Hors intersection,Normale,Trois véhicules et plus - collisions multiples,3,2,2,0,1,1,1,0,1,80,3,6,0,0,2,4,43.0,59.0,voiture,voiture,1,1,1,1,5
201900048905,2019-03-26 19:49:00,2019,3,26,19,49,9,09002,RD 625,42.998089,1.880035,Crépuscule ou aube,Hors agglomération,Hors intersection,Normale,Deux véhicules - frontale,3,2,2,0,1,1,1,0,1,70,2,5,4,0,1,0,50.0,39.0,transport_commun,voiture,2,1,1,1,1
201900048906,2019-04-01 16:25:00,2019,4,1,16,25,17,17064,Route de Coulonges,45.712637,-1.04924,Plein jour,Hors agglomération,Hors intersection,Normale,Sans collision,4,2,2,0,1,1,1,0,3,80,1,1,0,1,0,0,70.0,,deux_roues,,1,1,1,1,7
201900048907,2019-04-01 18:30:00,2019,4,1,18,30,33,33179,Bourricaud,44.99909,-0.26146,Plein jour,Hors agglomération,Hors intersection,Normale,Deux véhicules - côté,3,2,2,0,1,1,1,0,1,80,2,2,1,0,1,0,37.0,60.0,utilitaire_camion,voiture,1,1,1,1,3
201900048908,2019-03-29 11:40:00,2019,3,29,11,40,33,33035,D669 / acces Sociéte type Garage,45.05246,-0.59388,Plein jour,Hors agglomération,Intersection en T,Normale,Deux véhicules - côté,3,-1,2,0,1,1,1,0,1,80,2,2,1,0,1,0,31.0,35.0,deux_roues,utilitaire_camion,1,1,3,1,3
201900048909,2019-03-20 11:00:00,2019,3,20,11,0,49,49301,Boulevard du 08 mai 1945,47.119545,-0.995123,Plein jour,En agglomération,Hors intersection,Normale,Autre collision,3,2,2,2,1,1,1,0,5,50,1,1,0,0,1,0,69.0,,deux_roues,,1,2,1,1,6
201900048910,2019-03-28 12:30:00,2019,3,28,12,30,35,35063,route départemantale 105,48.306193,-1.307963,Plein jour,Hors agglomération,Intersection en X,Normale,Deux véhicules - côté,3,2,2,0,1,1,1,0,1,80,2,2,1,0,1,0,61.0,56.0,voiture,voiture,1,1,2,1,3
201900048911,2019-04-01 11:35:00,2019,4,1,11,35,60,60575,route départementale 1001,49.3027,2.197952,Plein jour,Hors agglomération,Hors intersection,Normale,Deux véhicules - frontale,3,2,3,0,3,1,1,0,1,70,2,3,1,0,0,2,54.0,23.0,voiture,voiture,1,1,1,1,1
201900048912,2019-04-01 09:35:00,2019,4,1,9,35,13,13071,A7-Sens Marseille vers Lyon,43.404902,5.318032,Plein jour,Hors agglomération,Hors intersection,Normale,Deux véhicules - frontale,1,3,3,0,1,1,1,1,2,110,2,2,1,0,0,1,36.0,88.0,voiture,voiture,1,1,1,1,1
201900048913,2019-04-01 11:43:00,2019,4,1,11,43,33,33013,ROUTE NATIONALE 230,44.86458,-0.50377,Plein jour,Hors agglomération,Hors intersection,Normale,Trois véhicules et plus - en chaîne,2,3,6,0,1,1,1,0,1,90,4,5,3,0,0,2,32.0,21.0,utilitaire_camion,voiture,1,1,1,1,4
201900048914,2019-03-20 09:45:00,2019,3,20,9,45,33,33550,AUTOROUTE A 62,44.76121,-0.54695,Plein jour,Hors agglomération,Hors intersection,Normale,Deux véhicules - arrière,1,3,4,0,1,1,1,0,1,90,2,2,1,0,0,1,69.0,32.0,voiture,voiture,1,1,1,1,2
201900048915,2019-04-01 18:20:00,2019,4,1,18,20,91,91377,AUTOROUTE A10,48.7274,2.303,Plein jour,Hors agglomération,Hors intersection,Normale,Deux véhicules - arrière,1,3,6,0,1,1,1,0,1,110,2,2,1,0,0,1,20.0,55.0,voiture,deux_roues,1,1,1,1,2
201900048916,2019-04-01 17:50:00,2019,4,1,17,50,75,75116,A13,48.84842,2.246799,Plein jour,Hors agglomération,Hors intersection,Normale,Deux véhicules - côté,1,1,3,0,1,1,1,0,1,90,2,3,2,0,0,1,19.0,57.0,voiture,deux_roues,1,1,1,1,3
201900048917,2019-04-01 16:02:00,2019,4,1,16,2,78,78362,A13,48.97592,1.72211,Plein jour,Hors agglomération,Hors intersection,Normale,Autre collision,1,-1,3,0,1,1,1,0,1,130,1,1,0,0,0,1,28.0,,utilitaire_camion,,1,1,1,1,6
201900048918,2019-03-31 03:40:00,2019,3,31,3,40,92,92062,RN 1014 Y,48.8912499,2.2409173,Nuit avec éclairage allumé,Hors agglomération,Hors intersection,Normale,Deux véhicules - arrière,2,1,2,0,1,1,1,1,1,70,2,5,2,0,0,3,40.0,77.0,voiture,voiture,5,1,1,1,2
201900048919,2019-03-31 00:30:00,2019,3,31,0,30,78,78217,A13,48.965,1.8192,Nuit sans éclairage public,Hors agglomération,Hors intersection,Normale,Trois véhicules et plus - collisions multiples,1,1,3,0,1,1,1,0,1,130,3,8,6,0,0,2,33.0,33.0,voiture,voiture,3,1,1,1,5
201900048920,2019-04-01 02:15:00,2019,4,1,2,15,93,93005,AUTOROUTE A3,48.94484,2.47717,Nuit sans éclairage public,Hors agglomération,Hors intersection,Normale,Trois véhicules et plus - collisions multiples,1,3,6,0,1,1,1,0,1,110,4,5,0,0,2,3,26.0,29.0,voiture,voiture,3,1,1,1,5
201900048921,2019-03-31 03:15:00,2019,3,31,3,15,93,93010,AUTOROUTE A3,48.8997,2.4696,Nuit sans éclairage public,Hors agglomération,Hors intersection,Normale,Autre collision,1,3,10,0,1,3,1,2,1,90,1,1,0,1,0,0,28.0,,deux_roues,,3,1,1,1,6
201900048922,2019-03-31 18:30:00,2019,3,31,18,30,77,77053,RN104,48.67466,2.61085,Plein jour,Hors agglomération,Hors intersection,Normale,Deux véhicules - côté,2,3,5,0,2,1,1,0,1,90,2,2,1,0,0,1,,26.0,voiture,deux_roues,1,1,1,1,3
201900048923,2019-03-31 08:20:00,2019,3,31,8,20,94,94052,A86 INT,48.834492,2.493293,Plein jour,Hors agglomération,Hors intersection,Normale,Sans collision,1,3,3,0,1,3,1,1,1,90,1,1,0,0,0,1,33.0,,voiture,,1,1,1,1,7
201900048924,2019-03-31 12:00:00,2019,3,31,12,0,69,69282,JOSEPH DESBOIS                      (R ),45.7819,5.00534,Plein jour,En agglomération,Intersection en X,Normale,Deux véhicules - côté,3,2,2,0,1,1,1,0,1,50,2,3,2,0,0,1,39.0,36.0,voiture,voiture,1,2,2,1,3
201900048925,2019-03-31 20:21:00,2019,3,31,20,21,988,98818,RUE AUGUSTE BENEBIG/RUE DU CDT ROUGY,-22.27227,166.45021,Nuit avec éclairage allumé,En agglomération,Intersection en T,Normale,Autre collision,4,2,3,0,2,1,1,0,4,50,1,1,0,0,1,0,35.0,,voiture,,5,2,3,1,6
201900048926,2019-03-31 11:45:00,2019,3,31,11,45,988,98818,VE1/RUE GALLIENI,-22.26608,166.43776,Plein jour,En agglomération,Intersection en X,Normale,Deux véhicules - arrière,1,3,4,-1,1,1,1,5,1,50,2,2,1,0,0,1,71.0,32.0,voiture,voiture,1,2,2,1,2
201900048927,2019-03-31 07:20:00,2019,3,31,7,20,976,97611,kaweni-Mangrove (route de la),-12.77669,45.22603,Plein jour,En agglomération,Hors intersection,Normale,Sans collision,3,2,2,0,2,1,1,9,1,50,1,1,0,0,0,1,21.0,,deux_roues,,1,2,1,1,7
201900048928,2019-03-31 14:55:00,2019,3,31,14,55,974,97407,ROUTE NATIONALE N° 1,-20.95025,55.31976,Plein jour,Hors agglomération,Hors intersection,Normale,Deux véhicules - côté,2,3,4,0,1,1,1,0,1,110,2,2,1,0,0,1,30.0,40.0,deux_roues,voiture,1,1,1,1,3
201900048929,2019-03-31 07:00:00,2019,3,31,7,0,69,69383,DAUPHINE (DU)                       (R ),45.75325,4.87059,Crépuscule ou aube,En agglomération,Hors intersection,Normale,Deux véhicules - côté,4,2,2,0,1,1,1,0,1,50,2,2,1,0,1,0,25.0,29.0,deux_roues,voiture,2,2,1,1,3
201900048930,2019-03-31 15:10:00,2019,3,31,15,10,69,69034,PAUL DOUMER                         (BD),45.79463,4.83593,Plein jour,En agglomération,Intersection en T,Normale,Autre collision,4,2,2,0,1,1,1,0,1,50,3,6,3,0,0,3,42.0,38.0,voiture,voiture,1,2,3,1,6
201900048931,2019-03-30 12:20:00,2019,3,30,12,20,2B,2B033,ROUTE ROYALE,42.6759,9.437,Plein jour,En agglomération,Intersection en T,Normale,Deux véhicules - côté,3,2,2,0,2,1,1,0,1,50,2,2,1,0,0,1,32.0,79.0,voiture,voiture,1,2,3,1,3
201900048932,2019-03-31 13:20:00,2019,3,31,13,20,90,90039,DE GAULLE (RUE DU GENERAL),47.6406503,6.7984906,Plein jour,En agglomération,Intersection en T,Normale,Deux véhicules - côté,3,2,3,0,1,1,1,0,1,80,2,2,1,0,1,0,52.0,47.0,deux_roues,voiture,1,2,3,1,3
201900048933,2019-03-31 07:45:00,2019,3,31,7,45,83,83062,DE LATTRE DE TASSIGNY (AVENUE),43.11302,5.99692,Crépuscule ou aube,En agglomération,Hors intersection,Normale,Autre collision,4,2,2,0,1,1,1,0,1,50,1,1,0,0,1,0,73.0,,deux_roues,,2,2,1,1,6
201900048934,2019-03-30 10:45:00,2019,3,30,10,45,76,76565,RD 915,49.89312,1.07982,Plein jour,Hors agglomération,Hors intersection,Normale,Deux véhicules - arrière,3,2,2,0,1,1,1,0,1,80,2,2,1,0,1,0,30.0,58.0,voiture,voiture,1,1,1,1,2
201900048935,2019-03-31 06:25:00,2019,3,31,6,25,71,71076,ROMPION (RUE DU LIEUTENANT),46.78379,4.8389,Nuit avec éclairage allumé,En agglomération,Hors intersection,Normale,Autre collision,4,2,2,0,1,1,1,0,1,50,1,3,0,0,0,3,25.0,,voiture,,5,2,1,1,6
201900048936,2019-03-31 00:20:00,2019,3,31,0,20,69,69256,GABRIEL PERI                        (AV),45.7727,4.91245,Nuit avec éclairage allumé,En agglomération,Intersection en X,Normale,Deux véhicules - côté,4,2,2,0,1,2,1,0,1,50,2,3,2,0,0,1,54.0,,voiture,,5,2,2,1,3
201900048937,2019-03-29 16:50:00,2019,3,29,16,50,69,69275,FRANKLIN ROOSEVELT                  (AV),45.7666073,4.936853,Plein jour,En agglomération,Hors intersection,Normale,Deux véhicules - côté,3,2,2,2,1,1,1,0,1,50,2,1,0,0,0,1,34.0,,voiture,,1,2,1,1,3
201900048938,2019-05-09 10:20:00,2019,5,9,10,20,77,77065,D372-Route de Milly,48.45288,2.51155,Plein jour,Hors agglomération,Hors intersection,Pluie forte,Deux véhicules - côté,3,2,2,0,1,1,2,0,1,70,2,3,1,0,1,1,51.0,21.0,voiture,voiture,1,1,1,3,3
201900048939,2019-05-31 09:30:00,2019,5,31,9,30,83,83120,place du 4 septembre,43.382714,5.706575,Plein jour,En agglomération,Hors intersection,Normale,Deux véhicules - arrière,3,2,2,0,1,2,1,5,1,30,2,2,1,0,1,0,46.0,55.0,voiture,deux_roues,1,2,1,1,2
201900048940,2019-05-30 18:45:00,2019,5,30,18,45,83,83116,Intersection RD560/D64 - Route de Mazaugues,43.439858,5.862937,Plein jour,Hors agglomération,Hors intersection,Normale,Deux véhicules - arrière,3,2,2,0,2,1,1,5,1,80,2,6,2,0,0,4,67.0,64.0,voiture,voiture,1,1,1,1,2
201900048941,2019-05-02 13:54:00,2019,5,2,13,54,83,83116,route de mazaugue,43.439975,5.863023,Plein jour,Hors agglomération,Hors intersection,Temps couvert,Sans collision,3,2,2,0,1,1,1,5,4,70,1,1,0,0,0,1,57.0,,voiture,,1,1,1,8,7
201900048942,2019-05-22 23:35:00,2019,5,22,23,35,30,30117,Clos de Bastony,43.716026,4.60641,Nuit sans éclairage public,Hors agglomération,Hors intersection,Normale,Sans collision,3,2,2,0,1,1,1,0,3,80,1,1,0,0,0,1,56.0,,voiture,,3,1,1,1,7
201900048943,2019-05-06 12:40:00,2019,5,6,12,40,30,30125,D6113,43.776814,4.462306,Plein jour,Hors agglomération,Hors intersection,Normale,Deux véhicules - frontale,3,2,2,0,1,1,1,0,1,80,2,3,1,2,0,0,29.0,55.0,voiture,utilitaire_camion,1,1,1,1,1
201900048944,2019-05-02 17:58:00,2019,5,2,17,58,3,03286,,46.5001817,3.4045645,Plein jour,Hors agglomération,Hors intersection,Normale,Deux véhicules - frontale,2,2,2,0,2,1,1,0,1,80,2,2,0,1,1,0,58.0,38.0,utilitaire_camion,utilitaire_camion,1,1,1,1,1
201900048945,2019-05-12 12:20:00,2019,5,12,12,20,31,31588,7 Avenue de Francazal,43.525575,1.344976,Plein jour,En agglomération,Intersection en T,Normale,Deux véhicules - côté,3,2,2,0,1,1,1,0,1,-1,2,2,1,0,1,0,69.0,52.0,deux_roues,voiture,1,2,3,1,3
201900048946,2019-05-11 12:30:00,2019,5,11,12,30,31,31157,Avenue Général Joseph Bares,43.542055,1.35436,Plein jour,En agglomération,Intersection en T,Normale,Deux véhicules - côté,3,2,2,0,1,1,1,0,1,70,2,2,1,0,1,0,42.0,38.0,voiture,deux_roues,1,2,3,1,3
201900048947,2019-05-26 10:00:00,2019,5,26,10,0,57,57260,rue de l'écluse,49.182862,7.033478,Plein jour,Hors agglomération,Hors intersection,Normale,Autre collision,9,2,2,1,1,1,1,0,5,-1,1,2,1,0,0,1,60.0,,deux_roues,,1,1,1,1,6
201900048948,2019-05-04 12:10:00,2019,5,4,12,10,57,57376,CHEMIN LA WINTERHALT,49.02959,7.372681,Plein jour,Hors agglomération,Hors intersection,Pluie forte,Autre collision,4,-1,1,0,1,1,6,0,8,-1,1,1,0,0,1,0,24.0,,deux_roues,,1,1,1,3,6
201900048949,2019-05-08 15:05:00,2019,5,8,15,5,57,57169,Route départementale 38,48.747878,7.244751,Plein jour,Hors agglomération,Hors intersection,Pluie forte,Autre collision,3,2,2,0,1,2,2,0,1,80,1,2,0,0,0,2,64.0,,voiture,,1,1,1,3,6
201900048950,2019-05-01 13:40:00,2019,5,1,13,40,57,57700,Rue de METZ,49.284019,6.524516,Plein jour,En agglomération,Hors intersection,Normale,Deux véhicules - arrière,3,2,2,0,1,1,1,0,1,50,2,3,2,0,1,0,31.0,19.0,deux_roues,voiture,1,2,1,1,2
201900048951,2019-05-11 18:10:00,2019,5,11,18,10,57,57547,RD 913,48.985661,6.198179,Plein jour,Hors agglomération,Intersection en X,Pluie légère,Deux véhicules - côté,3,2,2,0,2,1,2,5,1,80,2,3,1,0,0,2,21.0,85.0,voiture,voiture,1,1,2,2,3
201900048952,2019-05-12 06:30:00,2019,5,12,6,30,4,04205,RD 900 - Le Grand Puy,44.322939,6.398093,Crépuscule ou aube,Hors agglomération,Hors intersection,Normale,Autre collision,3,2,2,0,2,1,1,9,8,80,1,1,0,0,1,0,30.0,,voiture,,2,1,1,1,6
201900048953,2019-04-28 03:00:00,2019,4,28,3,0,89,89240,d 225,48.2003076,3.3594346,Nuit sans éclairage public,Hors agglomération,Hors intersection,Autre,Sans collision,3,2,2,0,2,2,1,0,8,80,1,3,2,0,1,0,42.0,,voiture,,3,1,1,9,7
201900048954,2019-05-03 07:50:00,2019,5,3,7,50,95,95056,route départementale 909,49.079454,2.352539,Plein jour,En agglomération,Giratoire,Normale,Autre collision,3,3,2,0,1,3,1,5,1,50,1,2,1,0,0,1,33.0,,voiture,,1,2,6,1,6