accident_id,datetime,annee,mois,jour,heure,minute,departement,commune_insee,adresse,latitude,longitude,luminosite,agglomeration,intersection,meteo,collision,catr,circ,nbv,vosp,prof,plan,surf,infra,situ,vma,nb_vehicules,nb_usagers,nb_indemnes,nb_tues,nb_blesses_hosp,nb_blesses_legers,age_cond_1,age_cond_2,veh_type_cond_1,veh_type_cond_2,lum_code,agg_code,int_code,atm_code,col_code
201900048955,2019-05-01 02:40:00,2019,5,1,2,40,95,95149,D316,49.126442,2.428713,Nuit sans éclairage public,Hors agglomération,Hors intersection,Normale,Sans collision,3,2,3,0,3,2,1,0,3,80,1,1,0,0,1,0,20.0,,voiture,,3,1,1,1,7
201900048956,2019-04-26 19:00:00,2019,4,26,19,0,91,91600,Rue des Francs Bourgeois,48.647618,2.451132,Plein jour,En agglomération,Hors intersection,Normale,Autre collision,3,1,1,0,1,2,1,0,1,-1,1,2,1,0,1,0,35.0,,voiture,,1,2,1,1,6
201900048957,2019-05-24 12:55:00,2019,5,24,12,55,51,51507,RD 3 / RD 85E2,49.0909304,4.9031818,Plein jour,En agglomération,Intersection en X,Normale,Deux véhicules - côté,3,2,2,0,1,1,1,5,1,50,2,2,1,0,1,0,46.0,75.0,deux_roues,voiture,1,2,2,1,3
201900048958,2019-05-16 04:18:00,2019,5,16,4,18,51,51138,RD 982,49.0229919,4.8824201,Nuit sans éclairage public,Hors agglomération,Intersection en X,Normale,Deux véhicules - côté,3,2,2,0,1,1,1,5,1,80,2,2,0,0,1,1,49.0,40.0,voiture,voiture,3,1,2,1,3
201900048959,2019-05-24 14:00:00,2019,5,24,14,0,62,62075,D240,50.709822,1.680009,Plein jour,Hors agglomération,Hors intersection,Normale,Autre collision,3,2,2,0,2,1,1,0,3,80,1,1,0,1,0,0,28.0,,voiture,,1,1,1,1,6
201900048960,2019-05-28 15:04:00,2019,5,28,15,4,62,62829,départementale 917,50.050205,2.904925,Plein jour,Hors agglomération,Intersection en T,Normale,Deux véhicules - côté,3,2,3,0,2,1,1,0,1,80,2,2,1,1,0,0,72.0,41.0,voiture,utilitaire_camion,1,1,3,1,3
201900048961,2019-05-25 16:15:00,2019,5,25,16,15,51,51241,317 RUE HAUTE,48.7213738,4.0338529,Plein jour,En agglomération,Hors intersection,Pluie légère,Autre collision,4,2,2,0,1,1,2,0,3,50,1,1,0,0,1,0,72.0,,voiture,,1,2,1,2,6
201900048962,2019-05-27 16:00:00,2019,5,27,16,0,51,51600,RUE SAINT REMI,49.2210639,4.4082827,Plein jour,En agglomération,Hors intersection,Normale,Sans collision,3,2,2,0,1,1,1,0,3,50,1,1,0,0,1,0,29.0,,voiture,,1,2,1,1,7
201900048963,2019-05-25 01:25:00,2019,5,25,1,25,51,51333,RD 33,49.1755725,4.092021,Nuit sans éclairage public,Hors agglomération,Hors intersection,Normale,Autre collision,3,-1,2,0,1,1,1,0,1,80,1,1,0,0,1,0,36.0,,utilitaire_camion,,3,1,1,1,6
201900048964,2019-05-19 01:30:00,2019,5,19,1,30,51,51439,RN 51,49.3331229,4.172964,Nuit sans éclairage public,Hors agglomération,Autre intersection,Normale,Deux véhicules - arrière,2,1,4,0,1,1,1,0,1,110,2,2,0,1,0,1,35.0,23.0,voiture,voiture,3,1,9,1,2
201900048965,2019-05-17 23:15:00,2019,5,17,23,15,51,51418,RD 980,49.223571,3.9472083,Nuit sans éclairage public,Hors agglomération,Hors intersection,Normale,Autre collision,3,2,2,0,1,1,1,0,1,80,2,5,0,1,3,1,21.0,40.0,voiture,voiture,3,1,1,1,6
201900048966,2019-05-03 14:25:00,2019,5,3,14,25,51,51362,ROUTE DE MACO,49.295299,3.9455876,Plein jour,En agglomération,Intersection en T,Temps couvert,Deux véhicules - frontale,3,2,2,0,2,3,1,0,1,50,2,2,1,0,0,1,46.0,59.0,voiture,deux_roues,1,2,3,8,1
201900048967,2019-05-29 21:00:00,2019,5,29,21,0,51,51018,RD 19,49.0241338,4.1266233,Crépuscule ou aube,Hors agglomération,Hors intersection,Normale,Deux véhicules - arrière,3,2,2,0,1,1,1,0,1,80,2,2,1,1,0,0,52.0,35.0,utilitaire_camion,voiture,2,1,1,1,2
201900048968,2019-05-20 08:20:00,2019,5,20,8,20,59,59157,Route Nationale,50.24725,4.149034,Plein jour,En agglomération,Hors intersection,Pluie légère,Autre collision,2,2,2,0,1,1,2,0,1,50,1,2,1,0,1,0,65.0,,voiture,,1,2,1,2,6
201900048969,2019-05-20 11:00:00,2019,5,20,11,0,19,19252,Le Chassang (Sarroux),45.417149,2.458869,Plein jour,Hors agglomération,Hors intersection,Pluie légère,Deux véhicules - côté,3,2,2,0,1,1,2,0,1,80,2,2,1,0,0,1,71.0,78.0,deux_roues,voiture,1,1,1,2,3
201900048970,2019-05-12 03:30:00,2019,5,12,3,30,19,19256,D168,45.325915,2.319527,Nuit sans éclairage public,Hors agglomération,Hors intersection,Normale,Autre collision,3,2,2,0,2,3,1,0,3,80,1,2,0,0,1,1,53.0,,voiture,,3,1,1,1,6
201900048971,2019-05-05 20:00:00,2019,5,5,20,0,19,19162,Les Infirmeries,45.323807,1.535547,Plein jour,Hors agglomération,Hors intersection,Normale,Deux véhicules - côté,3,2,2,0,1,3,1,0,1,80,2,2,1,0,1,0,19.0,14.0,voiture,deux_roues,1,1,1,1,3
201900048972,2019-05-21 01:00:00,2019,5,21,1,0,19,19007,La combotte,44.95698,1.8553541,Crépuscule ou aube,Hors agglomération,Hors intersection,Normale,Autre collision,3,2,2,0,1,1,1,0,3,80,1,3,0,1,2,0,21.0,,voiture,,2,1,1,1,6
201900048973,2019-03-31 03:50:00,2019,3,31,3,50,56,56140,Kerbolot,47.905417,-2.838857,Nuit sans éclairage public,Hors agglomération,Hors intersection,Normale,Autre collision,3,2,2,0,1,1,1,0,1,80,1,2,1,0,1,0,38.0,,voiture,,3,1,1,1,6
201900048974,2019-05-25 15:00:00,2019,5,25,15,0,56,56092,lieu dit Penvern,48.024421,-2.835714,Plein jour,Hors agglomération,Intersection en X,Normale,Trois véhicules et plus - collisions multiples,3,2,2,0,1,1,1,0,1,70,3,3,1,0,2,0,22.0,56.0,voiture,deux_roues,1,1,2,1,5
201900048975,2019-03-22 02:10:00,2019,3,22,2,10,56,56246,Route de Saint Michel,48.03985,-2.97045,Nuit avec éclairage allumé,Hors agglomération,Giratoire,Normale,Autre collision,4,2,2,0,1,2,1,5,3,50,1,6,5,0,0,1,23.0,,utilitaire_camion,,5,1,6,1,6
201900048976,2019-05-23 17:25:00,2019,5,23,17,25,56,56019,Kerhello,47.862366,-2.669266,Plein jour,Hors agglomération,Hors intersection,Normale,Deux véhicules - frontale,3,2,2,0,2,3,1,0,1,80,2,2,0,0,2,0,44.0,69.0,utilitaire_camion,utilitaire_camion,1,1,1,1,1
201900048977,2019-05-08 14:30:00,2019,5,8,14,30,56,56079,D122,47.91905,-2.47704,Plein jour,Hors agglomération,Hors intersection,Vent fort / tempête,Sans collision,3,2,2,0,1,1,1,0,1,80,1,1,0,1,0,0,31.0,,voiture,,1,1,1,6,7
201900048978,2019-04-02 19:30:00,2019,4,2,19,30,56,56061,Route de la Chapelle Gaceline,47.775089,-2.119573,Plein jour,Hors agglomération,Hors intersection,Normale,Deux véhicules - frontale,3,2,2,0,1,1,1,0,1,70,2,3,1,0,1,1,24.0,45.0,voiture,voiture,1,1,1,1,1
201900048979,2019-04-12 06:30:00,2019,4,12,6,30,56,56211,Foveno,47.806113,-2.355736,Crépuscule ou aube,Hors agglomération,Hors intersection,Normale,Deux véhicules - frontale,3,2,2,0,1,1,1,0,1,80,2,2,1,0,1,0,70.0,55.0,voiture,utilitaire_camion,2,1,1,1,1
201900048980,2019-05-25 15:15:00,2019,5,25,15,15,56,56208,La Justice,48.093322,-2.359062,Plein jour,Hors agglomération,Hors intersection,Normale,Sans collision,3,2,2,0,1,1,1,0,3,80,1,1,0,1,0,0,40.0,,voiture,,1,1,1,1,7
201900048981,2019-05-29 16:10:00,2019,5,29,16,10,56,56169,14 rue du général de Gaulle,47.697946,-3.252874,Plein jour,En agglomération,Hors intersection,Normale,Deux véhicules - côté,3,2,2,0,1,1,1,0,1,50,2,2,1,0,0,1,48.0,16.0,voiture,deux_roues,1,2,1,1,3
201900048982,2019-05-26 10:45:00,2019,5,26,10,45,56,56169,4 Rue du Pont-Lorois,47.6817,-3.2102,Plein jour,En agglomération,Giratoire,Normale,Deux véhicules - côté,3,1,1,0,1,2,1,5,1,50,2,3,2,0,0,1,67.0,59.0,voiture,deux_roues,1,2,6,1,3
201900048983,2019-05-09 07:20:00,2019,5,9,7,20,56,56185,Kerrousseau,47.80573,-3.41349,Plein jour,Hors agglomération,Hors intersection,Normale,Deux véhicules - frontale,3,2,2,0,2,4,8,0,1,50,2,2,1,0,1,0,33.0,21.0,voiture,voiture,1,1,1,1,1
201900048984,2019-05-15 15:15:00,2019,5,15,15,15,56,56177,Rue de Penn Prat,47.782775,-3.012772,Plein jour,En agglomération,Intersection en T,Normale,Autre collision,4,2,2,0,1,3,1,1,1,50,1,2,1,1,0,0,36.0,,deux_roues,,1,2,3,1,6
201900048985,2019-05-10 16:10:00,2019,5,10,16,10,56,56148,moulin de rhodes,47.746096,-3.197587,Plein jour,Hors agglomération,Hors intersection,Pluie légère,Deux véhicules - frontale,3,2,2,0,2,2,2,0,1,80,2,2,1,0,0,1,31.0,40.0,voiture,voiture,1,1,1,2,1
201900048986,2019-05-10 16:30:00,2019,5,10,16,30,56,56175,Coet Digo,47.712528,-2.926209,Plein jour,Hors agglomération,Hors intersection,Temps couvert,Deux véhicules - frontale,3,2,2,0,1,1,1,0,1,80,2,3,1,0,1,1,31.0,59.0,voiture,voiture,1,1,1,8,1
201900048987,2019-04-26 19:40:00,2019,4,26,19,40,56,56148,Moulin de Saint-Georges,47.766465,-3.202045,Plein jour,Hors agglomération,Hors intersection,Pluie légère,Sans collision,3,2,2,0,1,2,2,0,3,70,1,1,0,0,1,0,41.0,,deux_roues,,1,1,1,2,7
201900048988,2019-05-28 16:55:00,2019,5,28,16,55,56,56168,Kerberenne,47.60692,-3.121863,Plein jour,Hors agglomération,Intersection en X,Normale,Deux véhicules - côté,3,2,2,0,1,1,1,0,1,80,2,2,1,0,1,0,82.0,38.0,voiture,voiture,1,1,2,1,3
201900048989,2019-05-19 13:55:00,2019,5,19,13,55,56,56168,LE RUNESTO,47.608106,-3.097101,Plein jour,Hors agglomération,Hors intersection,Pluie forte,Deux véhicules - frontale,3,2,2,0,3,1,2,0,1,80,2,4,0,0,0,4,49.0,34.0,utilitaire_camion,voiture,1,1,1,3,1
201900048990,2019-05-20 08:30:00,2019,5,20,8,30,56,56240,Rue de Banastère,47.519321,-2.661445,Crépuscule ou aube,Hors agglomération,Hors intersection,Normale,Deux véhicules - arrière,3,2,2,0,1,3,1,9,1,80,2,2,1,0,1,0,66.0,19.0,deux_roues,voiture,2,1,1,1,2
201900048991,2019-05-12 18:30:00,2019,5,12,18,30,56,56240,La Cour de Penvins,47.510365,-2.701313,Plein jour,Hors agglomération,Hors intersection,Normale,Autre collision,3,2,2,0,4,2,1,0,3,80,1,2,0,2,0,0,61.0,,deux_roues,,1,1,1,1,6
201900048992,2019-05-25 12:20:00,2019,5,25,12,20,56,56053,la ville maigre,47.738592,-2.611341,Plein jour,Hors agglomération,Hors intersection,Normale,Sans collision,4,2,2,0,1,1,1,0,3,80,1,2,0,0,2,0,20.0,,deux_roues,,1,1,1,1,7
201900048993,2019-05-20 09:20:00,2019,5,20,9,20,56,56184,LE HERLO,47.62205,-2.406312,Plein jour,Hors agglomération,Intersection en X,Normale,Deux véhicules - arrière,3,4,2,0,1,1,1,5,1,80,2,2,1,0,1,0,85.0,76.0,voiture,deux_roues,1,1,2,1,2
201900048994,2019-05-04 03:11:00,2019,5,4,3,11,56,56184,Le Galinio,47.656655,-2.479746,Nuit sans éclairage public,Hors agglomération,Hors intersection,Normale,Autre collision,3,2,2,0,1,1,1,0,3,80,1,1,0,1,0,0,44.0,,voiture,,3,1,1,1,6
201900048995,2019-05-19 06:40:00,2019,5,19,6,40,56,56003,le Moustoir,47.62705,-2.85669,Crépuscule ou aube,Hors agglomération,Hors intersection,Normale,Deux véhicules - côté,3,2,2,0,1,2,1,0,1,80,2,3,0,2,1,0,70.0,20.0,voiture,voiture,2,1,1,1,3
201900048996,2019-03-23 14:34:00,2019,3,23,14,34,56,56067,Le Poteau,47.768268,-2.89844,Plein jour,Hors agglomération,Intersection en T,Temps éblouissant,Deux véhicules - frontale,3,2,2,0,1,1,1,0,1,80,2,4,3,0,1,0,70.0,89.0,voiture,voiture,1,1,3,7,1
201900048997,2019-05-10 16:15:00,2019,5,10,16,15,59,59663,Rue d'Herzeele,50.882479,2.476403,Plein jour,En agglomération,Hors intersection,Normale,Autre collision,4,2,2,0,1,1,1,0,1,50,1,2,1,0,0,1,32.0,,voiture,,1,2,1,1,6
201900048998,2019-05-08 11:00:00,2019,5,8,11,0,59,59111,CD 928,50.830105,2.313915,Plein jour,En agglomération,Intersection en X,Pluie légère,Deux véhicules - côté,3,2,2,0,1,1,2,0,1,70,2,2,1,0,1,0,83.0,52.0,voiture,voiture,1,2,2,2,3
201900048999,2019-05-16 21:13:00,2019,5,16,21,13,74,74085,464 Route du Plan du Moulin,45.820632,6.723247,Nuit sans éclairage public,Hors agglomération,Hors intersection,Normale,Autre collision,4,-1,2,0,2,1,1,0,3,45,1,1,0,1,0,0,71.0,,voiture,,3,1,1,1,6
201900049000,2019-05-18 10:30:00,2019,5,18,10,30,74,74269,Route de Droisy,45.957259,5.858453,Plein jour,En agglomération,Hors intersection,Normale,Sans collision,3,2,2,0,2,2,1,0,8,80,1,2,0,0,1,1,53.0,,deux_roues,,1,2,1,1,7
201900049001,2019-05-26 06:00:00,2019,5,26,6,0,74,74038,Route de Plaine Joux,46.1956301,6.4577777,Crépuscule ou aube,Hors agglomération,Hors intersection,Normale,Sans collision,3,2,2,0,2,4,1,0,8,80,1,2,1,0,1,0,33.0,,voiture,,2,1,1,1,7
201900049002,2019-05-22 18:20:00,2019,5,22,18,20,74,74311,27 Route du Fer à Cheval,46.158454,6.366647,Plein jour,Hors agglomération,Hors intersection,Normale,Deux véhicules - côté,3,2,2,0,1,3,1,0,1,70,2,4,3,1,0,0,39.0,33.0,voiture,deux_roues,1,1,1,1,3
201900049003,2019-05-25 19:20:00,2019,5,25,19,20,74,74275,La Perriere (Montmin),45.797677,6.263197,Plein jour,Hors agglomération,Hors intersection,Pluie forte,Sans collision,3,2,2,0,2,2,2,0,8,70,1,1,0,0,0,1,29.0,,voiture,,1,1,1,3,7
201900049004,2019-05-19 17:00:00,2019,5,19,17,0,74,74104,300 Route de Talloires,45.7834902,6.230785,Plein jour,En agglomération,Hors intersection,Pluie légère,Deux véhicules - frontale,3,2,2,0,1,2,2,0,1,50,2,3,2,0,0,1,42.0,45.0,voiture,voiture,1,2,1,2,1
201900049005,2019-05-10 13:45:00,2019,5,10,13,45,74,74123,Rue de la république,45.7476611,6.2911461,Plein jour,En agglomération,Hors intersection,Normale,Autre collision,3,2,2,0,1,1,1,0,1,50,1,2,1,0,1,0,21.0,,voiture,,1,2,1,1,6
201900049006,2019-05-09 19:50:00,2019,5,9,19,50,74,74137,route départementale 2,46.002433,6.198815,Crépuscule ou aube,Hors agglomération,Hors intersection,Pluie légère,Autre collision,3,-1,2,0,1,1,2,0,3,80,1,1,0,0,1,0,22.0,,voiture,,2,1,1,2,6
201900049007,2019-05-27 16:09:00,2019,5,27,16,9,77,77239,Route départementale 231,48.674597,3.117424,Plein jour,Hors agglomération,Hors intersection,Normale,Autre collision,3,2,2,0,1,1,1,5,3,80,1,1,0,0,0,1,41.0,,deux_roues,,1,1,1,1,6
201900049008,2019-05-15 11:30:00,2019,5,15,11,30,67,67463,d28,48.891154,8.111964,Plein jour,Hors agglomération,Hors intersection,Normale,Autre collision,9,-1,1,1,1,1,1,0,5,-1,1,1,0,0,1,0,46.0,,deux_roues,,1,1,1,1,6
201900049009,2019-05-20 12:00:00,2019,5,20,12,0,67,67281,Rue de l'Industrie,48.157948,7.549175,Plein jour,En agglomération,Intersection en T,Normale,Deux véhicules - côté,4,2,2,0,1,1,1,0,1,50,2,2,1,0,0,1,52.0,10.0,voiture,deux_roues,1,2,3,1,3
201900049010,2019-05-08 11:40:00,2019,5,8,11,40,67,67281,départementale 20,48.163428,7.543217,Plein jour,Hors agglomération,Autre intersection,Temps couvert,Autre collision,3,2,2,0,1,1,2,0,1,80,1,1,0,0,1,0,74.0,,voiture,,1,1,9,8,6
201900049011,2019-03-22 15:06:00,2019,3,22,15,6,67,67276,Rue Principale - rd 392,48.522012,7.294039,Plein jour,Hors agglomération,Hors intersection,Normale,Sans collision,3,2,2,0,2,4,1,0,8,80,1,1,0,0,1,0,64.0,,deux_roues,,1,1,1,1,7
201900049012,2019-05-25 02:45:00,2019,5,25,2,45,76,76686,VC1 - VC 202,49.754524,0.538512,Nuit sans éclairage public,Hors agglomération,Intersection en X,Normale,Deux véhicules - côté,4,2,2,0,1,1,1,0,1,80,2,6,3,0,2,1,23.0,24.0,voiture,voiture,3,1,2,1,3
201900049013,2019-05-05 09:30:00,2019,5,5,9,30,76,76015,Rue d'Iclon,49.830458,0.794134,Plein jour,En agglomération,Autre intersection,Normale,Autre collision,3,2,2,0,1,1,1,0,1,70,2,2,1,0,1,0,44.0,35.0,deux_roues,deux_roues,1,2,9,1,6
201900049014,2019-05-04 18:10:00,2019,5,4,18,10,76,76219,rue de bad nenndorf,49.7209146,0.7766152,Plein jour,En agglomération,Intersection en X,Normale,Deux véhicules - côté,3,2,2,0,1,1,2,0,1,50,2,2,1,0,0,1,45.0,22.0,utilitaire_camion,deux_roues,1,2,2,1,3
201900049015,2019-05-01 19:50:00,2019,5,1,19,50,76,76750,D982,49.459989,0.834577,Crépuscule ou aube,Hors agglomération,Hors intersection,Normale,Autre collision,3,2,2,0,1,3,1,0,1,80,1,3,0,0,0,3,34.0,,voiture,,2,1,1,1,6
201900049016,2019-05-28 16:25:00,2019,5,28,16,25,76,76258,Route de la Chaussée Romaine (Sainte-Marguerite-sur-Fauville),49.671003,0.594547,Plein jour,Hors agglomération,Hors intersection,Normale,Deux véhicules - frontale,3,2,2,0,2,1,1,0,1,80,2,2,1,0,0,1,26.0,79.0,deux_roues,voiture,1,1,1,1,1
201900049017,2019-05-24 17:18:00,2019,5,24,17,18,76,76126,D118 - route du village,49.6617315,1.3467251,Plein jour,En agglomération,Hors intersection,Normale,Deux véhicules - frontale,3,2,2,0,1,1,1,0,1,50,2,2,1,0,1,0,25.0,40.0,utilitaire_camion,voiture,1,2,1,1,1
201900049018,2019-05-11 19:00:00,2019,5,11,19,0,76,76197,CD 149,49.7793246,1.0780738,Plein jour,Hors agglomération,Intersection en T,Normale,Deux véhicules - frontale,3,2,2,0,1,1,1,0,1,70,2,4,2,0,1,1,58.0,33.0,deux_roues,voiture,1,1,3,1,1
201900049019,2019-05-28 15:45:00,2019,5,28,15,45,79,79311,47 rue du Poitou,46.608525,-0.409811,Plein jour,En agglomération,Autre intersection,Pluie légère,Deux véhicules - côté,3,2,2,0,1,2,2,0,1,50,2,2,1,0,1,0,18.0,74.0,deux_roues,voiture,1,2,9,2,3
201900049020,2019-02-04 15:18:00,2019,2,4,15,18,79,79342,,46.631916,-0.55938,Plein jour,Hors agglomération,Hors intersection,Neige / grêle,Deux véhicules - arrière,3,2,2,0,2,4,5,0,1,80,2,3,2,0,0,1,39.0,62.0,utilitaire_camion,voiture,1,1,1,4,2
201900049021,2019-05-24 20:20:00,2019,5,24,20,20,79,79025,22 rue du Pontreau,46.623355,-0.34598,Crépuscule ou aube,En agglomération,Hors intersection,Temps éblouissant,Autre collision,3,2,2,0,1,3,1,0,1,50,1,2,1,0,1,0,56.0,,voiture,,2,2,1,7,6
201900049022,2019-05-11 23:20:00,2019,5,11,23,20,79,79139,,46.52208,-0.41017,Nuit sans éclairage public,Hors agglomération,Hors intersection,Normale,Autre collision,3,2,2,0,1,1,1,0,3,80,1,4,0,0,3,1,49.0,,voiture,,3,1,1,1,6
201900049023,2019-05-24 17:55:00,2019,5,24,17,55,79,79157,Chemin de Sainte-Verge à Orbe,46.992822,-0.182536,Plein jour,Hors agglomération,Intersection en X,Normale,Deux véhicules - côté,4,2,2,0,1,1,1,0,1,80,2,2,1,0,1,0,17.0,68.0,deux_roues,voiture,1,1,2,1,3
201900049024,2019-05-25 07:00:00,2019,5,25,7,0,79,79079,Les Petites Eules,46.960767,-0.673966,Plein jour,Hors agglomération,Hors intersection,Normale,Autre collision,3,2,2,0,1,2,1,0,1,80,1,1,0,0,1,0,35.0,,voiture,,1,1,1,1,6
201900049025,2019-05-03 15:45:00,2019,5,3,15,45,79,79062,Rond point faisant l'intersection entre la RD 960 bis et la RD 744,46.828947,-0.67506,Plein jour,En agglomération,Giratoire,Normale,Deux véhicules - arrière,3,2,2,0,1,2,1,0,1,70,2,2,1,0,0,1,52.0,52.0,deux_roues,utilitaire_camion,1,2,6,1,2
201900049026,2019-05-09 15:15:00,2019,5,9,15,15,79,79003,Route de Prahecq,46.276851,-0.39499,Plein jour,Hors agglomération,Intersection en T,Normale,Deux véhicules - côté,3,2,2,0,1,1,1,0,1,80,2,3,1,0,0,2,52.0,16.0,voiture,deux_roues,1,1,3,1,3
201900049027,2019-05-12 04:00:00,2019,5,12,4,0,2A,2A269,RT 10 PK 6+100,41.8509379,9.3996811,Nuit sans éclairage public,Hors agglomération,Hors intersection,Normale,Autre collision,2,2,2,0,1,2,1,0,3,80,1,3,1,0,1,1,28.0,,voiture,,3,1,1,1,6
201900049028,2019-04-13 00:05:00,2019,4,13,0,5,2A,2A362,lieu dit fiorino Sainte-Lucie de Porto-Vecchio,41.7025154,9.336333,Nuit sans éclairage public,En agglomération,Hors intersection,Normale,Autre collision,3,2,2,0,1,1,1,0,3,50,1,1,0,0,1,0,32.0,,voiture,,3,2,1,1,6
201900049029,2019-05-30 15:40:00,2019,5,30,15,40,2A,2A085,RT40,41.911817,8.925582,Plein jour,Hors agglomération,Hors intersection,Normale,Trois véhicules et plus - collisions multiples,2,2,2,0,2,3,1,0,1,80,3,6,4,0,0,2,56.0,45.0,deux_roues,voiture,1,1,1,1,5
201900049030,2019-05-26 18:50:00,2019,5,26,18,50,2B,2B123,RT10,42.063319,9.440477,Plein jour,Hors agglomération,Hors intersection,Pluie légère,Deux véhicules - côté,2,2,2,0,1,2,2,0,1,80,2,4,0,1,3,0,77.0,19.0,voiture,voiture,1,1,1,2,3
201900049031,2019-05-18 02:15:00,2019,5,18,2,15,2B,2B096,route territoriale 20,42.318439,9.160067,Nuit sans éclairage public,Hors agglomération,Hors intersection,Pluie légère,Deux véhicules - frontale,2,2,2,0,2,1,2,0,1,80,2,3,0,0,2,1,44.0,74.0,voiture,voiture,3,1,1,2,1
201900049032,2019-05-08 21:40:00,2019,5,8,21,40,2B,2B354,rt 20 - PK 051+ 950,42.132403,9.139232,Nuit sans éclairage public,Hors agglomération,Hors intersection,Normale,Deux véhicules - côté,2,2,2,0,2,3,1,0,1,80,2,2,0,0,0,2,20.0,29.0,voiture,voiture,3,1,1,1,3
201900049033,2019-05-30 10:15:00,2019,5,30,10,15,2B,2B150,RT30,42.594141,8.836377,Plein jour,Hors agglomération,Intersection en T,Normale,Deux véhicules - frontale,2,2,2,0,1,2,1,5,1,70,2,3,1,0,0,2,86.0,57.0,voiture,deux_roues,1,1,3,1,1
201900049034,2019-05-30 09:35:00,2019,5,30,9,35,2B,2B050,RT30,42.550843,8.770009,Plein jour,En agglomération,Hors intersection,Normale,Sans collision,2,2,1,0,1,1,1,0,1,50,1,1,0,0,0,1,37.0,,deux_roues,,1,2,1,1,7
201900049035,2019-05-25 16:15:00,2019,5,25,16,15,2B,2B346,RD 237,42.491775,9.44067,Plein jour,En agglomération,Hors intersection,Normale,Autre collision,3,2,2,0,2,1,1,0,1,50,1,2,1,0,0,1,76.0,,voiture,,1,2,1,1,6
201900049036,2019-05-19 15:30:00,2019,5,19,15,30,2B,2B319,Ficaretto,42.41643,9.529366,Plein jour,Hors agglomération,Hors intersection,Pluie légère,Deux véhicules - frontale,2,2,2,0,1,1,2,0,1,70,2,6,4,0,0,2,67.0,30.0,voiture,voiture,1,1,1,2,1
201900049037,2019-05-21 12:25:00,2019,5,21,12,25,80,80608,D1017,49.814294,2.847354,Plein jour,En agglomération,Intersection en X,Normale,Trois véhicules et plus - collisions multiples,3,2,2,0,1,1,1,0,1,80,3,3,2,0,0,1,43.0,21.0,utilitaire_camion,utilitaire_camion,1,2,2,1,5
201900049038,2019-05-20 06:45:00,2019,5,20,6,45,80,80192,CD 1,49.908279,2.649473,Crépuscule ou aube,Hors agglomération,Intersection en T,Normale,Deux véhicules - côté,2,2,2,0,1,1,2,0,1,80,2,2,1,0,1,0,38.0,29.0,voiture,voiture,2,1,3,1,3
201900049039,2019-05-19 17:45:00,2019,5,19,17,45,80,80628,D54,49.754789,2.549253,Plein jour,Hors agglomération,Hors intersection,Pluie légère,Sans collision,3,2,2,0,2,2,2,0,1,80,1,2,1,0,1,0,19.0,,voiture,,1,1,1,2,7
201900049040,2019-05-31 12:10:00,2019,5,31,12,10,80,80086,LE BLANC BOIS,50.130477,2.163143,Plein jour,Hors agglomération,Hors intersection,Normale,Deux véhicules - frontale,4,2,2,0,2,4,1,0,1,80,2,2,0,0,0,2,37.0,68.0,voiture,voiture,1,1,1,1,1
201900049041,2019-05-13 19:10:00,2019,5,13,19,10,80,80318,D1001,50.031854,2.065144,Plein jour,En agglomération,Hors intersection,Normale,Deux véhicules - côté,3,2,2,0,1,1,1,0,1,80,2,2,1,0,1,0,53.0,30.0,voiture,deux_roues,1,2,1,1,3
201900049042,2019-05-25 12:30:00,2019,5,25,12,30,80,80631,rue jean brun,50.306895,1.89373,Plein jour,En agglomération,Intersection en Y,Normale,Deux véhicules - frontale,4,-1,2,0,1,1,1,0,1,50,2,2,1,0,0,1,15.0,41.0,deux_roues,voiture,1,2,4,1,1
201900049043,2019-05-24 18:20:00,2019,5,24,18,20,80,80613,Route de Paris,50.03882,1.471721,Crépuscule ou aube,En agglomération,Hors intersection,Normale,Deux véhicules - côté,3,2,1,0,1,1,1,0,1,50,2,2,1,0,0,1,54.0,17.0,voiture,deux_roues,2,2,1,1,3
201900049044,2019-05-04 03:19:00,2019,5,4,3,19,80,80183,D 29,49.986176,1.743826,Nuit sans éclairage public,Hors agglomération,Hors intersection,Pluie forte,Autre collision,3,2,2,0,1,2,2,0,3,80,1,1,0,0,1,0,30.0,,voiture,,3,1,1,3,6
201900049045,2019-05-03 05:30:00,2019,5,3,5,30,80,80260,Route Nationale - Hameau de Le Plessiel,50.155742,1.854976,Nuit avec éclairage allumé,En agglomération,Hors intersection,Normale,Deux véhicules - frontale,3,2,2,0,1,1,1,0,1,50,2,2,0,1,0,1,24.0,42.0,voiture,utilitaire_camion,5,2,1,1,1
201900049046,2019-05-01 16:20:00,2019,5,1,16,20,80,80476,CD 901,50.033255,1.889996,Plein jour,Hors agglomération,Hors intersection,Normale,Autre collision,3,-1,3,0,2,2,1,0,3,-1,1,2,1,0,1,0,72.0,,voiture,,1,1,1,1,6