accident_id,datetime,annee,mois,jour,heure,minute,departement,commune_insee,adresse,latitude,longitude,luminosite,agglomeration,intersection,meteo,collision,catr,circ,nbv,vosp,prof,plan,surf,infra,situ,vma,nb_vehicules,nb_usagers,nb_indemnes,nb_tues,nb_blesses_hosp,nb_blesses_legers,age_cond_1,age_cond_2,veh_type_cond_1,veh_type_cond_2,lum_code,agg_code,int_code,atm_code,col_code
201900049047,2019-05-05 09:30:00,2019,5,5,9,30,80,80187,Chemin Saint-Vaast,49.963765,2.173711,Plein jour,Hors agglomération,Hors intersection,Pluie légère,Deux véhicules - arrière,2,2,2,0,2,1,2,0,1,80,2,3,1,0,0,2,63.0,45.0,voiture,voiture,1,1,1,2,2
201900049048,2019-05-01 19:20:00,2019,5,1,19,20,80,80799,Route de Péronne,49.870636,2.524123,Plein jour,En agglomération,Hors intersection,Normale,Deux véhicules - côté,3,2,2,0,1,1,1,0,1,50,2,4,2,0,1,1,44.0,32.0,voiture,deux_roues,1,2,1,1,3
201900049049,2019-05-16 22:00:00,2019,5,16,22,0,82,82089,1 Rue de la Libération,44.124368,0.8197629,Nuit avec éclairage allumé,En agglomération,Intersection en X,Normale,Deux véhicules - côté,3,2,2,0,1,1,1,0,1,50,2,2,1,0,1,0,19.0,19.0,deux_roues,voiture,5,2,2,1,3
201900049050,2019-05-23 11:20:00,2019,5,23,11,20,82,82112,79 rue gambetta,44.1017,1.07827,Plein jour,En agglomération,Hors intersection,Normale,Deux véhicules - côté,3,1,1,1,1,1,1,9,1,50,2,2,1,0,1,0,62.0,90.0,deux_roues,voiture,1,2,1,1,3
201900049051,2019-05-04 20:45:00,2019,5,4,20,45,82,82096,Route de Montech - RD 42,44.028532,1.221897,Crépuscule ou aube,Hors agglomération,Hors intersection,Pluie légère,Autre collision,3,2,2,0,1,1,2,0,3,80,1,1,0,0,1,0,70.0,,voiture,,2,1,1,2,6
201900049052,2019-05-03 15:05:00,2019,5,3,15,5,82,82051,RD2,44.195725,1.14404,Plein jour,Hors agglomération,Hors intersection,Pluie légère,Autre collision,3,2,2,0,1,2,2,0,3,80,1,1,0,0,1,0,51.0,,utilitaire_camion,,1,1,1,2,6
201900049053,2019-05-13 09:50:00,2019,5,13,9,50,82,82161,Croisement D.115 et chemin des barrayrous,44.058123,1.481494,Plein jour,Hors agglomération,Intersection en X,Normale,Deux véhicules - arrière,3,2,2,0,1,1,1,0,1,80,2,2,1,0,1,0,41.0,60.0,voiture,voiture,1,1,2,1,2
201900049054,2019-05-17 18:00:00,2019,5,17,18,0,82,82178,CD3,43.844128,1.158068,Plein jour,Hors agglomération,Hors intersection,Pluie légère,Autre collision,3,2,2,0,1,2,2,0,3,80,1,3,2,0,1,0,24.0,,voiture,,1,1,1,2,6
201900049055,2019-05-02 22:10:00,2019,5,2,22,10,82,82125,RD928,43.953216,1.187642,Nuit sans éclairage public,Hors agglomération,Hors intersection,Normale,Autre collision,3,2,2,0,1,1,1,0,3,80,2,2,1,0,1,0,32.0,28.0,voiture,voiture,3,1,1,1,6
201900049056,2019-05-04 19:50:00,2019,5,4,19,50,82,82113,RD20,44.183208,1.344251,Plein jour,Hors agglomération,Hors intersection,Pluie légère,Sans collision,3,2,2,0,2,2,2,0,3,70,1,1,0,0,0,1,74.0,,voiture,,1,1,1,2,7
201900049057,2019-05-01 01:11:00,2019,5,1,1,11,82,82148,RD17,44.2353936,1.6056548,Nuit sans éclairage public,Hors agglomération,Hors intersection,Normale,Autre collision,3,2,2,0,1,3,1,0,3,80,1,1,0,1,0,0,33.0,,voiture,,3,1,1,1,6
201900049058,2019-04-07 14:15:00,2019,4,7,14,15,82,82087,D927,44.090802,1.26572,Plein jour,Hors agglomération,Hors intersection,Normale,Deux véhicules - côté,3,2,2,0,1,1,1,0,1,80,2,3,1,0,2,0,60.0,39.0,voiture,voiture,1,1,1,1,3
201900049059,2019-05-06 08:20:00,2019,5,6,8,20,41,41099,A85 PK 171+500,47.339339,1.604501,Plein jour,Hors agglomération,Hors intersection,Normale,Trois véhicules et plus - en chaîne,1,2,2,0,2,3,1,0,1,80,4,5,3,0,0,2,27.0,48.0,utilitaire_camion,voiture,1,1,1,1,4
201900049060,2019-05-29 17:10:00,2019,5,29,17,10,65,65032,Route Soulor,42.960184,-0.250197,Plein jour,Hors agglomération,Hors intersection,Normale,Sans collision,3,2,2,0,2,3,1,0,3,80,1,1,0,0,1,0,54.0,,deux_roues,,1,1,1,1,7
201900049061,2019-05-02 19:50:00,2019,5,2,19,50,65,65004,D821,43.0354313,-0.063786,Plein jour,Hors agglomération,Hors intersection,Temps couvert,Sans collision,3,3,4,0,2,3,1,0,1,110,1,1,0,0,1,0,60.0,,deux_roues,,1,1,1,8,7
201900049062,2019-12-08 07:00:00,2019,12,8,7,0,62,62235,D119,50.636573,1.622891,Nuit sans éclairage public,Hors agglomération,Hors intersection,Pluie légère,Autre collision,3,2,2,0,2,1,2,0,1,80,1,2,1,0,1,0,67.0,,voiture,,3,1,1,2,6
201900049063,2019-05-01 02:30:00,2019,5,1,2,30,65,65056,Giratoire D821 - D821A,43.012879,-0.086666,Nuit sans éclairage public,Hors agglomération,Giratoire,Normale,Sans collision,3,3,1,0,1,3,1,5,8,70,1,1,0,0,1,0,43.0,,voiture,,3,1,6,1,7
201900049064,2019-05-30 16:45:00,2019,5,30,16,45,65,65460,Départementale 6,43.3889286,0.0120769,Plein jour,Hors agglomération,Hors intersection,Normale,Deux véhicules - côté,3,2,2,0,1,1,1,0,1,80,2,5,2,0,1,2,22.0,50.0,voiture,voiture,1,1,1,1,3
201900049065,2019-05-27 19:15:00,2019,5,27,19,15,65,65442,D632,43.2988365,0.6088977,Plein jour,Hors agglomération,Hors intersection,Normale,Sans collision,3,2,2,0,2,3,1,0,3,80,1,1,0,0,1,0,29.0,,voiture,,1,1,1,1,7
201900049066,2019-05-21 17:35:00,2019,5,21,17,35,65,65401,Route de Bagnères,43.1822137,0.1020803,Plein jour,En agglomération,Hors intersection,Normale,Deux véhicules - arrière,3,2,2,0,1,1,1,0,1,-1,2,2,0,0,2,0,72.0,67.0,deux_roues,deux_roues,1,2,1,1,2
201900049067,2019-12-07 20:40:00,2019,12,7,20,40,59,59400,92 Route de la Gorgue,50.636994,2.649273,Nuit avec éclairage allumé,En agglomération,Hors intersection,Normale,Trois véhicules et plus - collisions multiples,3,2,2,0,1,2,1,0,1,50,3,8,2,0,4,2,51.0,46.0,voiture,voiture,5,2,1,1,5
201900049068,2019-12-07 18:30:00,2019,12,7,18,30,59,59295,ROUTE DEPARTEMENTALE 642,50.734909,2.565555,Nuit sans éclairage public,En agglomération,Hors intersection,Pluie légère,Deux véhicules - côté,3,2,2,0,1,1,2,0,1,80,2,5,2,1,2,0,41.0,34.0,voiture,voiture,3,2,1,2,3
201900049069,2019-05-18 11:55:00,2019,5,18,11,55,33,33386,voie communale n°5,44.93515,-0.02136,Plein jour,Hors agglomération,Hors intersection,Pluie légère,Autre collision,4,2,2,0,2,4,2,0,3,80,1,1,0,0,1,0,23.0,,voiture,,1,1,1,2,6
201900049070,2019-07-07 04:50:00,2019,7,7,4,50,13,13019,A51-Sens Aix en Provence vers Marseille,43.42422,5.37488,Nuit sans éclairage public,Hors agglomération,Hors intersection,Normale,Deux véhicules - arrière,1,3,3,0,1,1,1,0,1,90,2,4,2,0,0,2,53.0,36.0,voiture,voiture,3,1,1,1,2
201900049071,2019-05-12 07:30:00,2019,5,12,7,30,33,33437,RD 936 Avenue de l'Europe,44.85486,-0.071969,Crépuscule ou aube,Hors agglomération,Hors intersection,Normale,Autre collision,3,2,2,0,1,1,1,0,3,80,1,1,0,1,0,0,31.0,,voiture,,2,1,1,1,6
201900049072,2019-12-07 17:30:00,2019,12,7,17,30,13,13215,A7-Sens Marseille vers Lyon,43.347026,5.372361,Nuit sans éclairage public,Hors agglomération,Hors intersection,Normale,Trois véhicules et plus - collisions multiples,1,1,4,0,1,1,1,0,1,70,3,4,1,0,0,3,22.0,78.0,voiture,voiture,3,1,1,1,5
201900049073,2019-05-25 17:55:00,2019,5,25,17,55,33,33298,Genequin,44.83589,-0.21029,Plein jour,Hors agglomération,Hors intersection,Normale,Deux véhicules - frontale,3,2,2,0,2,1,1,0,1,80,2,3,2,0,1,0,76.0,51.0,voiture,deux_roues,1,1,1,1,1
201900049074,2019-12-04 19:00:00,2019,12,4,19,0,67,67482,Autoroute A.351,48.586978,7.715158,Nuit sans éclairage public,Hors agglomération,Hors intersection,Normale,Trois véhicules et plus - en chaîne,1,3,3,0,1,1,1,0,1,90,3,4,2,0,0,2,23.0,22.0,voiture,voiture,3,1,1,1,4
201900049075,2019-05-11 08:40:00,2019,5,11,8,40,33,33036,Rue de l'Eyrevieille / Parking,44.432349,-0.216088,Plein jour,En agglomération,Intersection en T,Normale,Autre collision,4,1,1,0,1,1,1,0,4,50,1,1,0,1,0,0,74.0,,voiture,,1,2,3,1,6
201900049076,2019-12-07 12:30:00,2019,12,7,12,30,91,91661,AUTOROUTE A10,48.69264,2.22695,Plein jour,Hors agglomération,Hors intersection,Autre,Trois véhicules et plus - collisions multiples,1,3,6,0,2,1,2,0,1,110,3,4,2,0,0,2,24.0,60.0,utilitaire_camion,utilitaire_camion,1,1,1,9,5
201900049077,2019-12-07 12:45:00,2019,12,7,12,45,91,91521,RN 104,48.63615,2.4021,Plein jour,Hors agglomération,Hors intersection,Normale,Deux véhicules - côté,2,1,2,0,3,2,1,0,1,50,2,2,1,0,0,1,76.0,49.0,voiture,utilitaire_camion,1,1,1,1,3
201900049078,2019-04-30 17:00:00,2019,4,30,17,0,33,33116,PK 8+900,44.478492,-0.229024,Plein jour,Hors agglomération,Hors intersection,Normale,Deux véhicules - frontale,2,2,2,0,1,1,1,0,1,80,2,2,0,0,2,0,44.0,33.0,voiture,voiture,1,1,1,1,1
201900049079,2019-12-06 13:07:00,2019,12,6,13,7,78,78640,A86 EXT,48.777736,2.218702,Plein jour,Hors agglomération,Hors intersection,Pluie légère,Deux véhicules - arrière,1,1,3,0,1,1,2,0,1,90,2,2,1,0,0,1,40.0,38.0,voiture,voiture,1,1,1,2,2
201900049080,2019-05-24 15:35:00,2019,5,24,15,35,33,33473,180 lieu-dit les saugues,45.133828,-0.429412,Plein jour,Hors agglomération,Hors intersection,Normale,Deux véhicules - côté,3,2,2,0,2,2,1,0,1,70,2,3,1,0,0,2,36.0,41.0,voiture,utilitaire_camion,1,1,1,1,3
201900049081,2019-05-24 08:15:00,2019,5,24,8,15,33,33241,Chemin de Jipon,44.69112,-0.37233,Plein jour,En agglomération,Hors intersection,Normale,Autre collision,3,2,2,0,1,1,1,0,4,50,1,3,0,0,0,3,52.0,,voiture,,1,2,1,1,6
201900049082,2019-12-07 19:45:00,2019,12,7,19,45,95,95252,AUTOROUTE A15,48.9763,2.23603,Nuit sans éclairage public,Hors agglomération,Hors intersection,Normale,Deux véhicules - arrière,1,3,8,0,2,2,1,0,1,110,2,3,2,0,0,1,27.0,22.0,voiture,voiture,3,1,1,1,2
201900049083,2019-05-10 19:30:00,2019,5,10,19,30,33,33408,Route de Langoiran,44.763233,-0.362196,Plein jour,Hors agglomération,Hors intersection,Normale,Autre collision,3,2,2,0,2,2,1,0,3,80,1,1,0,0,1,0,23.0,,deux_roues,,1,1,1,1,6
201900049084,2019-05-15 07:05:00,2019,5,15,7,5,33,33140,LA FORET - d121 - PR 52+020,44.78034,-0.33429,Plein jour,Hors agglomération,Hors intersection,Normale,Trois véhicules et plus - collisions multiples,3,2,2,0,1,1,1,0,1,70,3,3,2,0,1,0,58.0,43.0,voiture,utilitaire_camion,1,1,1,1,5
201900049085,2019-12-07 17:15:00,2019,12,7,17,15,95,95042,RN 104,49.06318,2.32846,Crépuscule ou aube,Hors agglomération,Hors intersection,Normale,Trois véhicules et plus - en chaîne,2,3,6,0,1,1,2,0,1,70,3,4,2,0,0,2,43.0,50.0,voiture,voiture,2,1,1,1,4
201900049086,2019-05-15 18:20:00,2019,5,15,18,20,33,33381,D115,44.74242,-0.43073,Plein jour,En agglomération,Hors intersection,Normale,Sans collision,3,2,2,0,2,1,1,0,3,50,1,1,0,0,1,0,23.0,,deux_roues,,1,2,1,1,7
201900049087,2019-12-07 06:00:00,2019,12,7,6,0,93,93027,AUTOROUTE A86,48.92853,2.41357,Nuit sans éclairage public,Hors agglomération,Hors intersection,Pluie légère,Autre collision,1,3,8,0,2,1,2,0,1,70,1,1,0,0,0,1,27.0,,utilitaire_camion,,3,1,1,2,6
201900049088,2019-05-24 12:05:00,2019,5,24,12,5,69,69006,ROUTE DE CUBLIZE,45.9828788,4.3376859,Plein jour,Hors agglomération,Hors intersection,Normale,Trois véhicules et plus - collisions multiples,3,2,2,0,3,2,1,0,1,90,3,4,0,0,0,4,26.0,21.0,voiture,voiture,1,1,1,1,5
201900049089,2019-12-06 22:40:00,2019,12,6,22,40,93,93027,AUTOROUTE A86,48.92851,2.41308,Nuit sans éclairage public,Hors agglomération,Hors intersection,Pluie légère,Deux véhicules - arrière,1,3,8,0,2,1,2,0,1,70,2,3,1,0,0,2,18.0,36.0,voiture,voiture,3,1,1,2,2
201900049090,2019-05-21 22:25:00,2019,5,21,22,25,69,69063,3 Rue de la République,45.816107,4.839177,Nuit avec éclairage allumé,En agglomération,Hors intersection,Normale,Sans collision,3,1,1,0,2,3,1,0,1,50,1,1,0,0,1,0,50.0,,deux_roues,,5,2,1,1,7
201900049091,2019-12-06 20:20:00,2019,12,6,20,20,93,93006,AUTOROUTE A3,48.86999,2.43015,Nuit avec éclairage allumé,Hors agglomération,Hors intersection,Normale,Autre collision,1,3,8,0,1,2,1,1,1,90,1,1,0,0,0,1,52.0,,deux_roues,,5,1,1,1,6
201900049092,2019-05-23 18:00:00,2019,5,23,18,0,81,81042,Route Départemental 622,43.621253,2.311877,Plein jour,Hors agglomération,Autre intersection,Normale,Autre collision,3,2,2,0,2,3,1,5,3,70,1,1,0,0,1,0,32.0,,deux_roues,,1,1,9,1,6
201900049093,2019-12-06 17:45:00,2019,12,6,17,45,95,95042,RN 104,49.06318,2.32826,Nuit sans éclairage public,Hors agglomération,Hors intersection,Pluie légère,Trois véhicules et plus - en chaîne,2,3,6,0,2,1,2,0,1,70,3,3,2,0,0,1,24.0,40.0,voiture,voiture,3,1,1,2,4
201900049094,2019-05-22 16:00:00,2019,5,22,16,0,81,81128,26 Chemin de la Bouriatte,43.661222,2.347306,Plein jour,En agglomération,Place,Normale,Deux véhicules - côté,4,2,2,0,2,1,1,0,1,50,2,2,1,0,1,0,47.0,22.0,deux_roues,voiture,1,2,7,1,3
201900049095,2019-05-15 19:13:00,2019,5,15,19,13,81,81182,Lieu dit St Martin de Calmes,43.7380784,2.2859766,Crépuscule ou aube,Hors agglomération,Hors intersection,Temps éblouissant,Autre collision,3,2,2,0,1,2,1,9,3,80,1,1,0,0,0,1,68.0,,voiture,,2,1,1,7,6
201900049096,2019-05-28 06:30:00,2019,5,28,6,30,32,32369,D931 PK58+600,43.788317,0.009181,Crépuscule ou aube,Hors agglomération,Hors intersection,Normale,Autre collision,3,2,2,0,2,2,1,0,6,80,2,2,1,0,1,0,29.0,42.0,voiture,utilitaire_camion,2,1,1,1,6
201900049097,2019-12-06 17:30:00,2019,12,6,17,30,92,92036,AUTOROUTE A15,48.9396358,2.2945247,Plein jour,Hors agglomération,Hors intersection,Normale,Deux véhicules - arrière,1,3,3,0,4,1,2,0,1,90,2,2,1,0,0,1,45.0,32.0,deux_roues,voiture,1,1,1,1,2
201900049098,2019-04-21 01:50:00,2019,4,21,1,50,32,32045,La Carau,43.476469,0.418458,Nuit sans éclairage public,Hors agglomération,Hors intersection,Normale,Deux véhicules - frontale,4,2,2,0,2,1,1,0,1,80,2,4,2,0,0,2,23.0,50.0,voiture,voiture,3,1,1,1,1
201900049099,2019-05-29 13:15:00,2019,5,29,13,15,32,32208,RN 21 PR 017+600,43.911678,0.63225,Plein jour,Hors agglomération,Hors intersection,Normale,Autre collision,2,2,2,0,1,1,1,0,3,70,1,1,0,0,1,0,19.0,,voiture,,1,1,1,1,6
201900049100,2019-12-06 15:00:00,2019,12,6,15,0,95,95424,AUTOROUTE A15,48.99089,2.19398,Plein jour,Hors agglomération,Hors intersection,Pluie légère,Trois véhicules et plus - collisions multiples,1,3,7,0,1,1,2,0,1,110,4,4,2,0,0,2,49.0,50.0,voiture,utilitaire_camion,1,1,1,2,5
201900049101,2019-12-06 13:20:00,2019,12,6,13,20,92,92036,AUTOROUTE A15,48.9396358,2.2945247,Plein jour,Hors agglomération,Hors intersection,Normale,Autre collision,1,3,8,0,1,1,2,2,1,110,1,1,0,0,0,1,28.0,,voiture,,1,1,1,1,6
201900049102,2019-05-12 01:35:00,2019,5,12,1,35,32,32176,Rd36,43.986433,0.581419,Nuit sans éclairage public,Hors agglomération,Hors intersection,Normale,Autre collision,3,2,2,0,1,1,1,0,3,80,1,5,0,0,0,5,18.0,,voiture,,3,1,1,1,6
201900049103,2019-05-04 20:00:00,2019,5,4,20,0,32,32396,latapie,44.026361,0.564617,Crépuscule ou aube,Hors agglomération,Hors intersection,Pluie légère,Autre collision,4,2,2,0,4,1,2,0,1,80,1,2,1,0,1,0,59.0,,utilitaire_camion,,2,1,1,2,6
201900049104,2019-12-06 11:30:00,2019,12,6,11,30,95,95394,RN 184,49.05037,2.14478,Plein jour,Hors agglomération,Hors intersection,Pluie légère,Deux véhicules - côté,2,3,4,0,1,1,2,0,1,90,2,2,1,0,0,1,37.0,46.0,utilitaire_camion,utilitaire_camion,1,1,1,2,3
201900049105,2019-05-23 19:30:00,2019,5,23,19,30,32,32449,D125 PK 2,43.837873,-0.180653,Plein jour,Hors agglomération,Intersection en T,Normale,Deux véhicules - côté,3,2,2,0,4,1,1,0,1,80,2,2,1,1,0,0,56.0,28.0,utilitaire_camion,deux_roues,1,1,3,1,3
201900049106,2019-05-01 18:30:00,2019,5,1,18,30,32,32162,voie communale,43.769385,0.438789,Plein jour,Hors agglomération,Hors intersection,Normale,Sans collision,4,2,2,0,2,1,1,0,1,80,1,1,0,0,1,0,32.0,,deux_roues,,1,1,1,1,7
201900049107,2019-12-03 06:20:00,2019,12,3,6,20,93,93005,AUTOROUTE A1,48.9647,2.47349,Nuit sans éclairage public,Hors agglomération,Hors intersection,Normale,Deux véhicules - arrière,1,3,-1,0,2,3,1,0,1,90,2,2,1,0,0,1,23.0,39.0,deux_roues,voiture,3,1,1,1,2
201900049108,2019-12-05 21:00:00,2019,12,5,21,0,94,94018,A4,48.8172,2.4113,Nuit avec éclairage allumé,Hors agglomération,Hors intersection,Brouillard / fumée,Autre collision,1,1,1,0,2,2,2,0,1,30,1,1,0,0,0,1,44.0,,voiture,,5,1,1,5,6
201900049109,2019-05-30 07:00:00,2019,5,30,7,0,32,32160,N224,43.615785,1.064217,Crépuscule ou aube,Hors agglomération,Intersection en Y,Normale,Deux véhicules - frontale,2,2,2,0,1,4,1,5,1,80,2,3,1,0,2,0,63.0,30.0,deux_roues,voiture,2,1,4,1,1
201900049110,2019-12-02 07:40:00,2019,12,2,7,40,77,77181,JOSEPH PAXTON (avenue de),48.8270216,2.7161292,Plein jour,Hors agglomération,Hors intersection,Normale,Deux véhicules - arrière,4,2,1,0,1,1,2,0,1,50,2,2,1,0,0,1,46.0,46.0,utilitaire_camion,utilitaire_camion,1,1,1,1,2
201900049111,2019-05-16 14:45:00,2019,5,16,14,45,32,32262,RD 39,43.671824,1.03158,Plein jour,Hors agglomération,Hors intersection,Normale,Deux véhicules - frontale,3,2,2,0,2,3,1,0,1,80,2,2,1,1,0,0,59.0,37.0,utilitaire_camion,deux_roues,1,1,1,1,1
201900049112,2019-04-18 15:50:00,2019,4,18,15,50,32,32160,Le Choulon,43.601848,1.030454,Plein jour,Hors agglomération,Intersection en T,Normale,Trois véhicules et plus - collisions multiples,2,2,2,0,1,1,1,0,1,80,3,3,2,0,1,0,59.0,56.0,voiture,voiture,1,1,3,1,5
201900049113,2019-12-06 07:10:00,2019,12,6,7,10,71,71540,HUIT MAI (AVENUE DU),46.77844,4.44124,Nuit avec éclairage allumé,En agglomération,Giratoire,Autre,Autre collision,3,1,1,0,1,2,7,5,1,50,1,2,1,0,1,0,22.0,,voiture,,5,2,6,9,6
201900049114,2019-05-02 12:40:00,2019,5,2,12,40,32,32268,RN124,43.60242,1.010102,Plein jour,Hors agglomération,Hors intersection,Normale,Deux véhicules - frontale,2,2,2,0,3,3,1,0,1,80,2,3,2,1,0,0,28.0,22.0,utilitaire_camion,voiture,1,1,1,1,1
201900049115,2019-05-17 15:30:00,2019,5,17,15,30,71,71182,Rue de Givry,46.798082,4.759672,Plein jour,En agglomération,Hors intersection,Temps couvert,Deux véhicules - frontale,4,2,2,0,2,2,1,0,1,50,2,2,1,1,0,0,48.0,17.0,utilitaire_camion,deux_roues,1,2,1,8,1
201900049116,2019-05-07 17:50:00,2019,5,7,17,50,11,11024,Prat de Cest,43.125068,2.957754,Plein jour,Hors agglomération,Hors intersection,Normale,Trois véhicules et plus - en chaîne,3,2,2,0,1,1,1,0,1,90,3,4,3,0,1,0,83.0,37.0,voiture,utilitaire_camion,1,1,1,1,4
201900049117,2019-05-18 03:15:00,2019,5,18,3,15,11,11103,Avenue Jean Pierre Marty,42.942354,2.257393,Nuit avec éclairage allumé,En agglomération,Hors intersection,Normale,Autre collision,3,2,2,0,1,3,1,0,3,50,1,1,0,0,1,0,40.0,,voiture,,5,2,1,1,6
201900049118,2019-05-07 18:00:00,2019,5,7,18,0,11,11165,RD 117,42.874825,2.16281,Plein jour,Hors agglomération,Hors intersection,Normale,Deux véhicules - frontale,3,2,2,0,2,4,1,0,1,80,2,2,1,0,1,0,52.0,67.0,utilitaire_camion,deux_roues,1,1,1,1,1
201900049119,2019-05-20 16:30:00,2019,5,20,16,30,11,11206,D 30,43.051302,2.202109,Plein jour,En agglomération,Hors intersection,Normale,Sans collision,3,2,2,0,1,3,9,8,8,50,1,1,0,0,1,0,44.0,,voiture,,1,2,1,1,7
201900049120,2019-05-24 07:35:00,2019,5,24,7,35,11,11397,Route de Narbonne,43.203508,2.441632,Plein jour,En agglomération,Autre intersection,Pluie légère,Autre collision,3,2,2,0,1,1,2,0,4,50,1,2,1,0,1,0,69.0,,voiture,,1,2,9,2,6
201900049121,2019-05-10 10:40:00,2019,5,10,10,40,11,11185,Boulevard de la Promenade,43.090417,2.620661,Plein jour,En agglomération,Hors intersection,Normale,Autre collision,3,2,2,0,2,1,1,0,1,50,1,2,1,1,0,0,50.0,,utilitaire_camion,,1,2,1,1,6
201900049122,2019-05-15 17:30:00,2019,5,15,17,30,11,11410,D620,43.263426,2.422411,Plein jour,Hors agglomération,Hors intersection,Normale,Deux véhicules - frontale,3,2,2,0,1,1,1,0,1,80,2,2,0,0,1,1,33.0,46.0,voiture,voiture,1,1,1,1,1
201900049123,2019-05-09 13:10:00,2019,5,9,13,10,11,11052,DÉPARTEMENALE 48,43.32962,2.251087,Plein jour,Hors agglomération,Hors intersection,Normale,Autre collision,3,2,2,0,1,1,1,0,3,80,1,1,0,0,1,0,61.0,,voiture,,1,1,1,1,6
201900049124,2019-05-06 17:40:00,2019,5,6,17,40,71,71351,28 Rue du Parc,46.88298,5.261603,Plein jour,En agglomération,Hors intersection,Normale,Autre collision,3,2,2,0,1,1,1,0,1,50,1,1,0,0,1,0,15.0,,deux_roues,,1,2,1,1,6
201900049125,2019-05-06 12:40:00,2019,5,6,12,40,71,71206,RD 44,46.641926,5.027202,Plein jour,Hors agglomération,Hors intersection,Normale,Autre collision,3,2,2,0,1,2,1,0,3,80,1,1,0,0,0,1,40.0,,voiture,,1,1,1,1,6
201900049126,2019-12-02 18:10:00,2019,12,2,18,10,64,64445,VIARD,43.30542,-0.37448,Nuit avec éclairage allumé,En agglomération,Hors intersection,Pluie légère,Autre collision,4,2,2,0,1,1,2,0,1,50,1,2,1,0,0,1,23.0,,voiture,,5,2,1,2,6
201900049127,2019-05-30 11:30:00,2019,5,30,11,30,71,71143,Route de saint sulpice,46.454381,5.309205,Plein jour,Hors agglomération,Hors intersection,Normale,Deux véhicules - frontale,3,2,2,0,1,2,1,0,8,80,2,2,0,0,1,1,37.0,17.0,voiture,voiture,1,1,1,1,1
201900049128,2019-11-29 07:25:00,2019,11,29,7,25,59,59654,TOURNAI (ROUTE DE),50.39103,3.10663,Nuit avec éclairage allumé,En agglomération,Giratoire,Pluie légère,Deux véhicules - côté,3,1,1,2,1,2,1,0,1,50,2,2,1,0,1,0,47.0,56.0,voiture,deux_roues,5,2,6,2,3
201900049129,2019-05-26 14:50:00,2019,5,26,14,50,71,71177,chemin de chevalot,46.51409,5.303154,Plein jour,Hors agglomération,Hors intersection,Normale,Deux véhicules - côté,3,2,2,0,1,1,1,2,1,80,2,3,2,0,1,0,76.0,52.0,voiture,deux_roues,1,1,1,1,3
201900049130,2019-12-05 20:50:00,2019,12,5,20,50,34,34172,BOUISSES (RUE DES),43.60819,3.83221,Nuit avec éclairage allumé,En agglomération,Intersection en X,Normale,Deux véhicules - frontale,4,2,2,0,2,1,1,0,1,50,2,2,1,0,0,1,29.0,55.0,utilitaire_camion,deux_roues,5,2,2,1,1
201900049131,2019-05-30 14:20:00,2019,5,30,14,20,71,71565,La Condemine,46.623918,4.048306,Plein jour,En agglomération,Intersection en T,Normale,Deux véhicules - côté,3,2,2,0,1,1,1,0,1,80,2,2,1,0,1,0,19.0,17.0,voiture,deux_roues,1,2,3,1,3
201900049132,2019-05-12 17:00:00,2019,5,12,17,0,71,71088,CD 198 route de Grury,46.633027,3.969636,Plein jour,Hors agglomération,Hors intersection,Normale,Sans collision,3,2,2,0,4,3,1,0,1,80,1,1,0,0,0,1,57.0,,deux_roues,,1,1,1,1,7
201900049133,2019-12-02 10:50:00,2019,12,2,10,50,34,34172,TOULOUSE (AVENUE DE,43.59245,3.85881,Plein jour,En agglomération,Hors intersection,Normale,Deux véhicules - arrière,4,-1,4,0,2,1,1,0,1,50,2,2,1,0,1,0,55.0,28.0,voiture,deux_roues,1,2,1,1,2
201900049134,2019-12-05 02:30:00,2019,12,5,2,30,13,13206,BRETEUIL (RUE),43.2830625,5.3787705,Nuit avec éclairage allumé,En agglomération,Hors intersection,Normale,Autre collision,4,1,1,0,3,1,1,0,1,50,1,1,0,0,0,1,23.0,,voiture,,5,2,1,1,6
201900049135,2019-12-05 15:10:00,2019,12,5,15,10,13,13206,JULES CANTINI (AVENUE),43.2845,5.3867,Plein jour,En agglomération,Hors intersection,Normale,Deux véhicules - côté,4,2,2,0,1,1,1,0,1,50,2,3,2,0,0,1,28.0,20.0,voiture,deux_roues,1,2,1,1,3
201900049136,2019-05-30 19:15:00,2019,5,30,19,15,71,71479,Lieu-dit La Borne Creuse,46.862153,4.437157,Plein jour,Hors agglomération,Hors intersection,Normale,Deux véhicules - frontale,3,2,2,0,1,1,1,0,1,80,2,5,4,0,1,0,44.0,47.0,deux_roues,voiture,1,1,1,1,1
201900049137,2019-12-03 16:10:00,2019,12,3,16,10,13,13207,Corniche John Fitzgérald Kennedy,43.2686,5.369,Plein jour,En agglomération,Hors intersection,Normale,Sans collision,4,2,4,0,3,2,1,0,1,50,1,1,0,0,0,1,20.0,,deux_roues,,1,2,1,1,7
201900049138,2019-05-22 18:20:00,2019,5,22,18,20,71,71310,146 avenue de la République,46.742481,4.472605,Plein jour,En agglomération,Hors intersection,Normale,Trois véhicules et plus - collisions multiples,3,2,2,0,2,1,1,0,1,50,3,3,2,0,1,0,84.0,15.0,voiture,deux_roues,1,2,1,1,5