accident_id,datetime,annee,mois,jour,heure,minute,departement,commune_insee,adresse,latitude,longitude,luminosite,agglomeration,intersection,meteo,collision,catr,circ,nbv,vosp,prof,plan,surf,infra,situ,vma,nb_vehicules,nb_usagers,nb_indemnes,nb_tues,nb_blesses_hosp,nb_blesses_legers,age_cond_1,age_cond_2,veh_type_cond_1,veh_type_cond_2,lum_code,agg_code,int_code,atm_code,col_code
201900049139,2019-12-03 12:05:00,2019,12,3,12,5,13,13204,SAKAKINI (BOULEVARD),43.2983114,5.4009836,Plein jour,En agglomération,Hors intersection,Normale,Deux véhicules - arrière,4,1,3,0,1,1,1,0,1,50,2,2,1,0,0,1,48.0,52.0,utilitaire_camion,deux_roues,1,2,1,1,2
201900049140,2019-05-06 15:45:00,2019,5,6,15,45,71,71509,RD 978,47.011677,4.182089,Plein jour,Hors agglomération,Hors intersection,Normale,Autre collision,3,-1,2,0,1,1,1,0,3,80,1,2,1,0,0,1,32.0,,voiture,,1,1,1,1,6
201900049141,2019-05-12 00:45:00,2019,5,12,0,45,71,71289,Lieu-dit Montgrenot,46.306676,4.481344,Nuit sans éclairage public,Hors agglomération,Hors intersection,Pluie légère,Autre collision,3,2,2,0,2,1,2,0,3,80,1,5,0,0,3,2,19.0,,voiture,,3,1,1,2,6
201900049142,2019-12-02 21:24:00,2019,12,2,21,24,13,13204,ORGUES (RUE DES),43.2996,5.3977,Nuit avec éclairage allumé,En agglomération,Intersection en X,Normale,Deux véhicules - côté,4,1,1,0,1,1,1,0,1,50,2,2,1,0,1,0,54.0,23.0,voiture,deux_roues,5,2,2,1,3
201900049143,2019-05-11 02:00:00,2019,5,11,2,0,89,89309,Quai Nicolas de Vères,48.287627,3.2053123,Nuit avec éclairage allumé,En agglomération,Hors intersection,Pluie légère,Autre collision,3,2,2,0,1,1,2,2,1,50,1,1,0,0,1,0,49.0,,voiture,,5,2,1,2,6
201900049144,2019-05-14 12:15:00,2019,5,14,12,15,89,89277,CD 49,47.674784,3.896637,Plein jour,Hors agglomération,Hors intersection,Normale,Sans collision,3,2,2,0,1,1,1,0,3,80,1,1,0,0,0,1,56.0,,voiture,,1,1,1,1,7
201900049145,2019-12-05 08:00:00,2019,12,5,8,0,11,11069,VILLEMOUSTAUSSOU -ROUTE DE-,43.2327,2.3621,Plein jour,En agglomération,Intersection en T,Normale,Deux véhicules - côté,3,-1,2,0,1,1,2,0,1,50,2,2,1,0,0,1,32.0,61.0,voiture,voiture,1,2,3,1,3
201900049146,2019-05-23 07:30:00,2019,5,23,7,30,89,89344,d965,47.6486885,3.0846718,Plein jour,Hors agglomération,Hors intersection,Normale,Autre collision,3,2,2,0,2,4,1,0,8,80,1,1,0,0,1,0,45.0,,voiture,,1,1,1,1,6
201900049147,2019-12-04 04:10:00,2019,12,4,4,10,93,93066,AUTOROUTE A1,48.92813,2.358,Nuit sans éclairage public,Hors agglomération,Hors intersection,Brouillard / fumée,Autre collision,1,3,6,0,2,3,2,2,1,90,1,3,1,0,0,2,24.0,,utilitaire_camion,,3,1,1,5,6
201900049148,2019-05-18 13:35:00,2019,5,18,13,35,89,89068,Lieu dit Le Patis,47.819147,3.797588,Plein jour,En agglomération,Hors intersection,Normale,Autre collision,6,-1,2,0,1,1,1,0,1,-1,1,2,1,0,1,0,19.0,,voiture,,1,2,1,1,6
201900049149,2019-05-08 18:00:00,2019,5,8,18,0,89,89307,route nationale 77 - PK 17+100,47.8985638,3.7118554,Plein jour,Hors agglomération,Hors intersection,Neige / grêle,Deux véhicules - côté,2,2,2,0,2,1,2,0,1,80,2,4,2,1,0,1,68.0,73.0,utilitaire_camion,voiture,1,1,1,4,3
201900049150,2019-05-06 06:00:00,2019,5,6,6,0,89,89201,Les Baudieres,47.9233884,3.6524606,Crépuscule ou aube,En agglomération,Intersection en X,Brouillard / fumée,Deux véhicules - côté,3,2,2,0,2,1,2,0,1,50,2,5,2,0,1,2,24.0,51.0,voiture,voiture,2,2,2,5,3
201900049151,2019-12-06 13:15:00,2019,12,6,13,15,976,97611,kaweni-Pendu (Place),-12.75935,45.22931,Plein jour,Hors agglomération,Hors intersection,Normale,Deux véhicules - frontale,2,2,0,0,2,1,1,0,1,50,2,2,1,0,0,1,54.0,34.0,voiture,deux_roues,1,1,1,1,1
201900049152,2019-05-27 07:00:00,2019,5,27,7,0,63,63072,route de clermont,45.8784392,3.6965049,Plein jour,En agglomération,Hors intersection,Normale,Deux véhicules - côté,3,2,2,0,1,1,1,0,1,50,2,2,1,0,1,0,52.0,53.0,voiture,deux_roues,1,2,1,1,3
201900049153,2019-12-01 19:00:00,2019,12,1,19,0,974,97416,RN3 (3),-21.3097,55.49763,Nuit sans éclairage public,Hors agglomération,Hors intersection,Normale,Sans collision,2,1,2,0,2,1,1,0,8,110,1,1,0,0,0,1,28.0,,deux_roues,,3,1,1,1,7
201900049154,2019-12-06 02:40:00,2019,12,6,2,40,974,97416,RN2 (1),-21.35302,55.50964,Nuit sans éclairage public,Hors agglomération,Hors intersection,Normale,Sans collision,2,1,1,0,1,3,1,0,1,50,1,1,0,0,0,1,34.0,,deux_roues,,3,1,1,1,7
201900049155,2019-05-07 20:00:00,2019,5,7,20,0,63,63233,Rue de la Croix Verte,46.1765912,2.7993787,Plein jour,Hors agglomération,Intersection en X,Normale,Deux véhicules - côté,3,2,2,0,2,1,1,0,1,80,2,3,1,0,2,0,47.0,81.0,voiture,voiture,1,1,2,1,3
201900049156,2019-12-06 16:45:00,2019,12,6,16,45,973,97302,BOUDINOT (AUGUSTE) CITE THEMIRE,4.934374,-52.319132,Plein jour,En agglomération,Hors intersection,Normale,Autre collision,4,2,2,0,1,1,1,0,1,50,1,2,1,0,0,1,60.0,,voiture,,1,2,1,1,6
201900049157,2019-05-31 07:00:00,2019,5,31,7,0,63,63118,lieu dit LA BARRAQUE,45.8600407,2.5919724,Crépuscule ou aube,Hors agglomération,Intersection en T,Brouillard / fumée,Deux véhicules - frontale,3,2,2,0,1,1,1,0,1,70,2,2,0,0,1,1,77.0,52.0,voiture,voiture,2,1,3,5,1
201900049158,2019-05-26 14:05:00,2019,5,26,14,5,63,63278,D211 PK 4+300,45.9287365,3.1689967,Plein jour,Hors agglomération,Hors intersection,Normale,Autre collision,3,2,2,0,1,1,1,0,3,80,1,2,0,2,0,0,20.0,,voiture,,1,1,1,1,6
201900049159,2019-12-06 22:23:00,2019,12,6,22,23,69,69387,JEAN JAURES                         (AV),45.75244,4.84619,Nuit avec éclairage allumé,En agglomération,Intersection en X,Normale,Deux véhicules - côté,4,1,4,3,1,1,1,9,1,50,2,4,2,1,1,0,17.0,21.0,deux_roues,voiture,5,2,2,1,3
201900049160,2019-05-25 01:00:00,2019,5,25,1,0,63,63432,CD 211 - PK 11 + 800,45.9657765,3.2441132,Nuit sans éclairage public,Hors agglomération,Hors intersection,Normale,Sans collision,3,2,2,0,1,1,1,0,3,80,1,1,0,0,0,1,27.0,,voiture,,3,1,1,1,7
201900049161,2019-12-06 16:50:00,2019,12,6,16,50,69,69387,JEAN JAURES                         (AV),45.74887,4.84405,Crépuscule ou aube,En agglomération,Intersection en X,Normale,Deux véhicules - arrière,4,2,4,3,1,1,1,0,1,50,2,2,1,0,1,0,34.0,30.0,deux_roues,utilitaire_camion,2,2,2,1,2
201900049162,2019-05-18 10:30:00,2019,5,18,10,30,63,63089,D51 - route de Chavaroux,45.860698,3.237113,Plein jour,Hors agglomération,Hors intersection,Pluie légère,Autre collision,3,2,2,0,2,1,2,0,1,80,2,2,1,0,1,0,56.0,46.0,deux_roues,deux_roues,1,1,1,2,6
201900049163,2019-12-06 20:00:00,2019,12,6,20,0,972,97213,ROUTE NATIONALE 1,14.6224,-60.99017,Nuit avec éclairage allumé,En agglomération,Hors intersection,Pluie forte,Deux véhicules - arrière,2,1,3,0,1,1,2,2,1,50,2,2,1,0,0,1,20.0,22.0,voiture,voiture,5,2,1,3,2
201900049164,2019-05-05 19:30:00,2019,5,5,19,30,63,63295,D1093,46.003387,3.355259,Crépuscule ou aube,Hors agglomération,Hors intersection,Pluie légère,Deux véhicules - frontale,3,2,2,0,2,2,2,0,1,80,2,3,0,0,1,2,33.0,40.0,voiture,voiture,2,1,1,2,1
201900049165,2019-12-06 13:50:00,2019,12,6,13,50,972,97213,ERNEST ANDRE (RUE),14.61635,-61.0029,Plein jour,En agglomération,Intersection en T,Normale,Autre collision,4,1,1,0,2,1,1,0,1,30,1,2,1,0,1,0,62.0,,utilitaire_camion,,1,2,3,1,6
201900049166,2019-12-06 07:00:00,2019,12,6,7,0,972,97209,LEOPOLD BISSOL (BOULEVARD),14.61018,-61.07339,Plein jour,En agglomération,Intersection en T,Normale,Deux véhicules - frontale,2,-1,2,0,1,1,1,0,1,30,2,2,1,0,0,1,45.0,62.0,deux_roues,voiture,1,2,3,1,1
201900049167,2019-12-07 00:05:00,2019,12,7,0,5,69,69034,PIERRE BRUNIER                      (R ),45.78716,4.83004,Nuit avec éclairage allumé,En agglomération,Hors intersection,Pluie légère,Autre collision,4,1,1,0,1,1,2,0,1,50,1,2,1,0,0,1,38.0,,voiture,,5,2,1,2,6
201900049168,2019-12-06 20:30:00,2019,12,6,20,30,69,69384,JOSEPH GILLET                       (QU),45.78176,4.81285,Nuit avec éclairage allumé,En agglomération,Hors intersection,Normale,Trois véhicules et plus - en chaîne,4,2,2,0,1,1,1,0,1,50,3,4,3,0,1,0,47.0,57.0,voiture,deux_roues,5,2,1,1,4
201900049169,2019-12-05 18:00:00,2019,12,5,18,0,69,69382,SEGUIN                              (R ),45.74599,4.82276,Nuit avec éclairage allumé,En agglomération,Intersection en X,Brouillard / fumée,Deux véhicules - côté,4,2,2,1,1,1,1,0,1,50,2,2,1,0,0,1,20.0,46.0,deux_roues,voiture,5,2,2,5,3
201900049170,2019-12-06 17:45:00,2019,12,6,17,45,69,69389,ST CYR (DE)                         (R ),45.78767,4.80866,Nuit avec éclairage allumé,En agglomération,Hors intersection,Normale,Deux véhicules - côté,4,2,5,1,2,1,1,0,1,50,2,2,1,0,0,1,46.0,33.0,voiture,deux_roues,5,2,1,1,3
201900049171,2019-12-01 11:50:00,2019,12,1,11,50,971,97101,CHEMIN DE PENNEL,16.25134,-61.51627,Plein jour,En agglomération,Intersection en T,Normale,Deux véhicules - côté,3,2,0,0,1,1,1,0,1,70,2,3,2,0,0,1,35.0,31.0,voiture,voiture,1,2,3,1,3
201900049172,2019-12-05 17:57:00,2019,12,5,17,57,95,95277,47 CHEMIN DU DEPART,49.00671,2.47832,Nuit sans éclairage public,En agglomération,Autre intersection,Brouillard / fumée,Autre collision,4,1,2,1,1,1,7,9,5,50,1,2,1,0,1,0,35.0,,voiture,,3,2,9,5,6
201900049173,2019-12-06 18:40:00,2019,12,6,18,40,91,91692,BERRY (AVENUE DU),48.682575,2.169121,Nuit avec éclairage allumé,En agglomération,Hors intersection,Pluie légère,Autre collision,4,2,2,0,1,1,2,0,1,45,1,2,1,0,0,1,37.0,,voiture,,5,2,1,2,6
201900049174,2019-11-30 13:00:00,2019,11,30,13,0,91,91421,NATIONALE 6 (CES POMPIDOU),48.69242,2.45029,Plein jour,Hors agglomération,Hors intersection,Normale,Trois véhicules et plus - collisions multiples,2,3,4,0,1,3,1,0,1,90,4,4,2,0,0,2,79.0,44.0,voiture,voiture,1,1,1,1,5
201900049175,2019-12-06 08:30:00,2019,12,6,8,30,91,91377,LECLERC (AVENUE DU MARECHAL),48.72706,2.29997,Plein jour,En agglomération,Autre intersection,Pluie légère,Autre collision,2,3,0,0,1,1,2,5,1,50,1,2,1,0,0,1,,,,,1,2,9,2,6
201900049176,2019-12-03 07:57:00,2019,12,3,7,57,91,91228,MARECHAL LECLERC (BD),48.62784,2.44654,Crépuscule ou aube,En agglomération,Hors intersection,Temps couvert,Autre collision,4,3,2,0,1,1,1,0,1,50,1,2,1,0,1,0,64.0,,voiture,,2,2,1,8,6
201900049177,2019-12-06 13:17:00,2019,12,6,13,17,87,87085,MAROT (RUE CLEMENT),45.84741,1.261,Plein jour,En agglomération,Hors intersection,Normale,Autre collision,4,2,2,0,1,1,1,0,1,50,1,2,1,0,0,1,54.0,,voiture,,1,2,1,1,6
201900049178,2019-12-06 00:39:00,2019,12,6,0,39,87,87085,LABUSSIERE (AVENUE EMILE),45.84068,1.25696,Nuit avec éclairage allumé,En agglomération,Hors intersection,Normale,Autre collision,4,2,2,0,1,1,1,0,1,50,1,2,1,0,0,1,34.0,,voiture,,5,2,1,1,6
201900049179,2019-12-05 17:48:00,2019,12,5,17,48,87,87114,PROXIMART (ALLEE DE),45.83916,1.30126,Crépuscule ou aube,En agglomération,Intersection en T,Normale,Autre collision,4,2,2,0,1,1,1,0,1,50,1,2,1,0,0,1,58.0,,voiture,,2,2,3,1,6
201900049180,2019-12-04 17:06:00,2019,12,4,17,6,87,87050,GARE (AVENUE DE LA) Voie Communale,45.87992,1.23897,Plein jour,En agglomération,Hors intersection,Normale,Autre collision,4,2,2,0,1,1,1,0,1,50,2,2,1,0,0,1,24.0,79.0,deux_roues,voiture,1,2,1,1,6
201900049181,2019-12-06 16:15:00,2019,12,6,16,15,86,86194,WINSTON CHURCHILL (AVENUE),46.59128,0.35555,Plein jour,En agglomération,Hors intersection,Normale,Autre collision,4,2,2,0,1,1,1,0,1,50,1,2,1,0,0,1,43.0,,utilitaire_camion,,1,2,1,1,6
201900049182,2019-12-05 12:35:00,2019,12,5,12,35,86,86066,FOMBEURE (RUE MAURICE),46.829031,0.563531,Plein jour,En agglomération,Intersection en T,Normale,Deux véhicules - côté,3,-1,2,0,2,1,1,0,1,50,2,2,1,0,0,1,30.0,73.0,voiture,voiture,1,2,3,1,3
201900049183,2019-12-01 14:00:00,2019,12,1,14,0,83,83137,LECLERC (AVE GENERAL),43.2412,6.10206,Plein jour,En agglomération,Hors intersection,Normale,Sans collision,4,2,3,0,1,1,1,0,1,50,1,2,1,0,0,1,44.0,,voiture,,1,2,1,1,7
201900049184,2019-12-05 20:00:00,2019,12,5,20,0,80,80021,LESUEUR (RUE),49.8935,2.30161,Nuit avec éclairage allumé,En agglomération,Hors intersection,Normale,Deux véhicules - côté,4,1,2,0,1,1,1,0,1,30,2,1,0,0,0,1,25.0,,deux_roues,,5,2,1,1,3
201900049185,2019-12-06 14:30:00,2019,12,6,14,30,79,79191,342 avenue de Paris,46.336701,-0.42127,Plein jour,En agglomération,Hors intersection,Temps couvert,Deux véhicules - arrière,3,3,4,0,1,1,1,1,1,50,2,2,1,0,0,1,56.0,44.0,deux_roues,voiture,1,2,1,8,2
201900049186,2019-11-12 18:50:00,2019,11,12,18,50,78,78423,LECLERC (AVENUE DU  GENERAL),48.776065,2.036855,Nuit avec éclairage allumé,En agglomération,Intersection en X,Normale,Autre collision,4,3,4,0,1,1,1,5,1,50,1,2,1,0,0,1,34.0,,voiture,,5,2,2,1,6
201900049187,2019-11-30 19:30:00,2019,11,30,19,30,78,78498,BON ROI SAINT LOUIS AVENUE,48.92711,2.01887,Nuit avec éclairage allumé,En agglomération,Hors intersection,Normale,Trois véhicules et plus - en chaîne,3,2,2,0,1,1,1,0,1,50,3,3,2,0,0,1,48.0,34.0,voiture,voiture,5,2,1,1,4
201900049188,2019-12-06 19:50:00,2019,12,6,19,50,77,77284,DUNANT (AVENUE HENRI),48.94886,2.89414,Nuit avec éclairage allumé,En agglomération,Hors intersection,Pluie légère,Autre collision,4,2,2,0,1,1,2,0,2,30,1,2,1,0,0,1,74.0,,voiture,,5,2,1,2,6
201900049189,2019-12-06 17:45:00,2019,12,6,17,45,77,77513,D603 - CH DE PARIS (RUE DE LA),48.95556,2.86582,Nuit avec éclairage allumé,En agglomération,Hors intersection,Pluie légère,Autre collision,3,3,4,0,2,1,2,0,1,50,1,2,1,0,0,1,29.0,,voiture,,5,2,1,2,6
201900049190,2019-12-05 07:15:00,2019,12,5,7,15,76,76410,A150,49.472047,1.0299683,Crépuscule ou aube,Hors agglomération,Hors intersection,Normale,Trois véhicules et plus - en chaîne,1,3,4,0,1,1,1,0,1,90,4,4,3,0,0,1,47.0,22.0,deux_roues,voiture,2,1,1,1,4
201900049191,2019-12-05 18:34:00,2019,12,5,18,34,76,76319,RN 138,49.34141,0.99873,Nuit sans éclairage public,Hors agglomération,Hors intersection,Normale,Autre collision,2,3,2,0,1,1,1,0,1,90,1,1,0,0,1,0,35.0,,deux_roues,,3,1,1,1,6
201900049192,2019-12-04 12:45:00,2019,12,4,12,45,76,76540,BELGES. BOULEVARD DES,49.44573,1.08638,Plein jour,En agglomération,Hors intersection,Normale,Autre collision,3,2,0,3,1,1,1,0,1,50,1,2,1,0,0,1,55.0,,voiture,,1,2,1,1,6
201900049193,2019-12-05 09:00:00,2019,12,5,9,0,76,76575,CROIZAT. AVENUE AMBROISE,49.37281,1.103,Plein jour,En agglomération,Intersection en T,Normale,Deux véhicules - arrière,4,2,2,0,1,1,1,0,1,50,2,2,1,0,0,1,79.0,41.0,voiture,deux_roues,1,2,3,1,2
201900049194,2019-12-04 07:40:00,2019,12,4,7,40,76,76498,11 NOVEMBRE. BOULEVARD DU,49.41716,1.07014,Crépuscule ou aube,En agglomération,Hors intersection,Normale,Autre collision,3,2,4,0,1,1,1,9,1,50,2,2,1,0,0,1,19.0,33.0,voiture,voiture,2,2,1,1,6
201900049195,2019-12-05 15:50:00,2019,12,5,15,50,76,76447,RD 31,49.5484016,0.2173755,Plein jour,Hors agglomération,Hors intersection,Normale,Deux véhicules - frontale,3,2,0,0,2,3,1,0,1,80,2,2,0,0,1,1,47.0,28.0,voiture,voiture,1,1,1,1,1
201900049196,2019-12-06 07:50:00,2019,12,6,7,50,74,74010,BROGNY (AVENUE DE) (SECTEUR 110),45.91931,6.12565,Plein jour,En agglomération,Intersection en Y,Brouillard / fumée,Deux véhicules - côté,4,2,0,0,1,1,1,0,1,50,2,2,1,0,1,0,56.0,37.0,utilitaire_camion,deux_roues,1,2,4,5,3
201900049197,2019-12-06 12:20:00,2019,12,6,12,20,69,69275,MARCELIN BERTHELOT                  (R ),45.7674,4.96055,Plein jour,En agglomération,Intersection en T,Temps éblouissant,Autre collision,4,2,2,0,1,1,1,0,1,50,1,2,1,1,0,0,94.0,,voiture,,1,2,3,7,6
201900049198,2019-12-06 20:15:00,2019,12,6,20,15,68,68224,KINGERSHEIM (RUE DE),47.76082,7.33267,Nuit avec éclairage allumé,En agglomération,Intersection en X,Normale,Deux véhicules - côté,6,2,-1,-1,1,1,1,0,1,-1,2,1,0,0,1,0,36.0,,deux_roues,,5,2,2,1,3
201900049199,2019-12-05 08:32:00,2019,12,5,8,32,68,68224,SCHWARTZ (RUE HENRI),47.73805,7.29528,Plein jour,En agglomération,Hors intersection,Normale,Deux véhicules - côté,4,2,-1,-1,1,1,1,0,1,-1,2,1,0,0,1,0,,,,,1,2,1,1,3
201900049200,2019-12-06 09:00:00,2019,12,6,9,0,66,66136,RUBENS (PAUL),42.6961,2.91338,Plein jour,En agglomération,Hors intersection,Normale,Autre collision,4,2,2,0,1,1,1,0,1,50,1,2,1,0,0,1,86.0,,voiture,,1,2,1,1,6
201900049201,2019-12-05 17:27:00,2019,12,5,17,27,66,66136,Bd KOENING,42.68721,2.9018,Crépuscule ou aube,En agglomération,Hors intersection,Normale,Autre collision,4,2,2,0,1,1,1,0,1,2,1,2,1,0,0,1,42.0,,voiture,,2,2,1,1,6
201900049202,2019-12-05 14:00:00,2019,12,5,14,0,66,66136,FRANCE LIBRE (BOULEVARD DE LA),42.70298,2.8931,Plein jour,En agglomération,Hors intersection,Normale,Autre collision,4,2,2,0,1,1,1,0,1,70,2,2,1,0,0,1,61.0,32.0,voiture,voiture,1,2,1,1,6
201900049203,2019-12-06 19:23:00,2019,12,6,19,23,65,65226,RN21,43.219439,0.017347,Nuit sans éclairage public,Hors agglomération,Hors intersection,Normale,Deux véhicules - arrière,2,3,4,0,1,2,1,0,1,110,2,3,0,0,0,3,26.0,39.0,voiture,voiture,3,1,1,1,2
201900049204,2019-12-06 18:45:00,2019,12,6,18,45,64,64284,GASTON CAMBOT,43.2921861,-0.3963604,Nuit avec éclairage allumé,En agglomération,Hors intersection,Normale,Deux véhicules - côté,4,2,0,0,1,1,1,0,1,50,2,2,1,0,0,1,62.0,15.0,utilitaire_camion,deux_roues,5,2,1,1,3
201900049205,2019-12-06 16:50:00,2019,12,6,16,50,64,64445,14 JUILLET DU,43.28865,-0.37986,Plein jour,En agglomération,Hors intersection,Normale,Trois véhicules et plus - en chaîne,4,2,2,0,1,1,1,0,1,50,3,3,2,0,0,1,40.0,16.0,voiture,deux_roues,1,2,1,1,4
201900049206,2019-12-06 17:10:00,2019,12,6,17,10,64,64445,ALFRED NOBEL,43.3100225,-0.3260015,Plein jour,En agglomération,Hors intersection,Normale,Deux véhicules - frontale,4,2,2,2,1,1,1,0,1,50,2,2,1,0,0,1,64.0,15.0,voiture,deux_roues,1,2,1,1,1
201900049207,2019-12-06 14:45:00,2019,12,6,14,45,64,64445,BORDEU DE,43.3039555,-0.3708167,Plein jour,En agglomération,Hors intersection,Temps éblouissant,Autre collision,4,2,2,0,1,1,1,0,1,50,1,2,1,0,1,0,71.0,,voiture,,1,2,1,7,6
201900049208,2019-12-05 14:05:00,2019,12,5,14,5,64,64445,LOUP DU,43.30662,-0.35659,Plein jour,En agglomération,Hors intersection,Normale,Deux véhicules - arrière,4,2,2,0,1,1,1,0,1,50,2,3,1,0,0,2,63.0,21.0,voiture,voiture,1,2,1,1,2
201900049209,2019-12-05 11:00:00,2019,12,5,11,0,64,64445,ETIGNY D',43.2964,-0.38439,Plein jour,En agglomération,Hors intersection,Normale,Deux véhicules - côté,4,2,2,0,2,1,1,0,1,50,2,2,1,0,0,1,27.0,19.0,utilitaire_camion,deux_roues,1,2,1,1,3
201900049210,2019-12-05 19:10:00,2019,12,5,19,10,64,64024,ADOUR (AVENUE DE L'),43.5211,-1.50294,Nuit avec éclairage allumé,En agglomération,Giratoire,Normale,Deux véhicules - côté,4,2,2,0,1,1,1,0,1,50,2,5,3,0,0,2,43.0,26.0,voiture,voiture,5,2,6,1,3
201900049211,2019-12-03 16:15:00,2019,12,3,16,15,62,62274,LEBLOND (R ),50.43135,2.97119,Plein jour,En agglomération,Hors intersection,Normale,Autre collision,3,2,2,0,4,1,1,2,1,50,1,2,1,0,0,1,64.0,,voiture,,1,2,1,1,6
201900049212,2019-11-28 14:30:00,2019,11,28,14,30,60,60159,RONSARD (PIERRE),49.4072203,2.8056628,Crépuscule ou aube,En agglomération,Intersection en T,Normale,Deux véhicules - côté,4,2,2,0,1,1,1,0,1,50,2,1,0,0,0,1,34.0,,voiture,,2,2,3,1,3
201900049213,2019-12-05 14:25:00,2019,12,5,14,25,59,59599,GUISNES (RUE DE),50.7234132,3.1692325,Plein jour,En agglomération,Hors intersection,Normale,Autre collision,4,2,2,0,1,1,1,0,1,50,1,1,0,0,0,1,,,,,1,2,1,1,6
201900049214,2019-11-30 18:44:00,2019,11,30,18,44,59,59350,DUNKERQUE AVENUE DE,50.6451467,3.0123528,Nuit avec éclairage allumé,En agglomération,Intersection en T,Temps couvert,Deux véhicules - côté,7,2,2,1,1,1,1,0,1,50,2,1,0,0,0,1,21.0,,deux_roues,,5,2,3,8,3
201900049215,2019-11-28 16:50:00,2019,11,28,16,50,59,59183,CAMBON PAUL - BOULEVARD,51.04394,2.40408,Nuit avec éclairage allumé,En agglomération,Intersection en T,Pluie légère,Sans collision,4,2,2,1,1,1,2,0,1,50,1,2,1,0,1,0,35.0,,voiture,,5,2,3,2,7
201900049216,2019-11-28 18:05:00,2019,11,28,18,5,59,59588,CHAPEAU ROUGE - ROUTE,51.0287667,2.4270101,Nuit sans éclairage public,En agglomération,Hors intersection,Pluie légère,Autre collision,3,2,2,0,1,1,2,0,1,50,1,3,1,0,2,0,63.0,,voiture,,3,2,1,2,6
201900049217,2019-12-03 17:15:00,2019,12,3,17,15,58,58194,VERNAI (IMPASSE),46.9849,3.1877,Crépuscule ou aube,En agglomération,Hors intersection,Normale,Autre collision,4,2,2,1,1,1,1,0,1,50,1,2,1,0,0,1,53.0,,voiture,,2,2,1,1,6
201900049218,2019-12-04 09:15:00,2019,12,4,9,15,58,58194,COLBERT,46.993,3.1601,Plein jour,En agglomération,Hors intersection,Normale,Trois véhicules et plus - en chaîne,4,2,2,1,1,1,2,0,1,50,3,3,1,0,0,2,65.0,38.0,voiture,voiture,1,2,1,1,4
201900049219,2019-12-06 17:30:00,2019,12,6,17,30,56,56260,SUFFREN(AVENUE DE),47.63993,-2.77634,Nuit avec éclairage allumé,En agglomération,Hors intersection,Pluie légère,Autre collision,4,3,2,0,1,1,2,6,1,50,1,2,1,0,1,0,45.0,,voiture,,5,2,1,2,6
201900049220,2019-12-06 18:00:00,2019,12,6,18,0,54,54395,BOUDONVILLE (Rue de),48.6979,6.1639,Nuit avec éclairage allumé,En agglomération,Intersection en T,Pluie légère,Sans collision,4,2,2,0,1,1,1,0,1,50,1,4,1,0,0,3,51.0,,voiture,,5,2,3,2,7
201900049221,2019-12-06 08:20:00,2019,12,6,8,20,54,54526,TOLSTOI (BOULEVARD),48.681075,6.216089,Plein jour,En agglomération,Intersection en Y,Temps couvert,Deux véhicules - côté,4,2,3,0,1,1,1,0,1,50,2,2,1,0,0,1,58.0,35.0,voiture,voiture,1,2,4,8,3
201900049222,2019-12-03 11:45:00,2019,12,3,11,45,54,54526,FRATERNITE (RUE DE LA),48.695263,6.217365,Plein jour,En agglomération,Hors intersection,Normale,Deux véhicules - arrière,4,4,2,0,1,1,1,0,1,30,2,2,1,0,0,1,68.0,44.0,voiture,voiture,1,2,1,1,2
201900049223,2019-12-03 16:00:00,2019,12,3,16,0,52,52448,FRANCE (RUE ANATOLE),48.6427,4.96249,Plein jour,En agglomération,Hors intersection,Normale,Autre collision,4,2,2,0,1,1,1,0,1,50,1,1,0,0,0,1,,,,,1,2,1,1,6
201900049224,2019-12-06 16:50:00,2019,12,6,16,50,50,50002,ORATOIRE,49.1193,-1.10611,Nuit sans éclairage public,En agglomération,Giratoire,Pluie légère,Autre collision,4,2,2,0,1,1,2,0,1,50,1,2,1,0,0,1,44.0,,utilitaire_camion,,3,2,6,2,6
201900049225,2019-11-29 13:10:00,2019,11,29,13,10,50,50203,R N 13,49.59241,-1.5957,Plein jour,Hors agglomération,Hors intersection,Normale,Sans collision,2,3,4,0,3,1,1,0,1,90,1,2,0,0,0,2,18.0,,voiture,,1,1,1,1,7
201900049226,2019-12-05 07:01:00,2019,12,5,7,1,49,49007,BAUMETTE PROMENADE,47.46183,-0.56699,Nuit avec éclairage allumé,En agglomération,Hors intersection,Brouillard / fumée,Deux véhicules - côté,4,2,2,0,1,1,1,0,1,60,2,2,1,0,0,1,71.0,16.0,voiture,deux_roues,5,2,1,5,3
201900049227,2019-12-05 11:50:00,2019,12,5,11,50,45,45234,R ALBERT 1ER - R M PROUST,47.90834,1.90683,Plein jour,En agglomération,Intersection en T,Normale,Deux véhicules - côté,4,4,4,0,1,1,1,0,1,50,2,2,1,0,0,1,49.0,31.0,deux_roues,voiture,1,2,3,1,3
201900049228,2019-12-04 19:00:00,2019,12,4,19,0,45,45068,RUE DU GATINAIS,48.0108473,2.7052645,Nuit avec éclairage allumé,En agglomération,Hors intersection,Normale,Deux véhicules - frontale,3,2,2,0,1,1,1,0,1,50,2,2,0,0,0,2,52.0,38.0,voiture,voiture,5,2,1,1,1
201900049229,2019-11-29 16:00:00,2019,11,29,16,0,44,44184,avenue de la république,47.281745,-2.211603,Nuit sans éclairage public,Hors agglomération,Hors intersection,Normale,Autre collision,4,3,2,3,1,1,1,0,1,30,1,2,1,0,0,1,58.0,,transport_commun,,3,1,1,1,6