accident_id,datetime,annee,mois,jour,heure,minute,departement,commune_insee,adresse,latitude,longitude,luminosite,agglomeration,intersection,meteo,collision,catr,circ,nbv,vosp,prof,plan,surf,infra,situ,vma,nb_vehicules,nb_usagers,nb_indemnes,nb_tues,nb_blesses_hosp,nb_blesses_legers,age_cond_1,age_cond_2,veh_type_cond_1,veh_type_cond_2,lum_code,agg_code,int_code,atm_code,col_code
201900049230,2019-12-06 19:45:00,2019,12,6,19,45,44,44162,BOULEVARD MARCEL PAUL,47.2230222,-1.6393459,Nuit avec éclairage allumé,En agglomération,Hors intersection,Pluie légère,Autre collision,4,2,2,0,1,1,2,0,1,50,1,2,1,0,1,0,19.0,,voiture,,5,2,1,2,6
201900049231,2019-12-05 17:30:00,2019,12,5,17,30,42,42207,WALDECK ROUSSEAU BOULEVARD,45.47711,4.50704,Nuit avec éclairage allumé,En agglomération,Hors intersection,Normale,Trois véhicules et plus - en chaîne,4,2,1,0,1,1,1,0,1,30,3,3,2,0,1,0,20.0,65.0,utilitaire_camion,voiture,5,2,1,1,4
201900049232,2019-12-06 08:00:00,2019,12,6,8,0,38,38544,ST MARCEL(MONTEE),45.5243,4.8767,Crépuscule ou aube,En agglomération,Intersection en T,Brouillard / fumée,Autre collision,3,2,2,0,2,1,1,0,1,50,1,2,1,0,0,1,53.0,,voiture,,2,2,3,5,6
201900049233,2019-12-06 13:45:00,2019,12,6,13,45,38,38053,ITALIE (AVE),45.5845,5.27828,Plein jour,En agglomération,Intersection en T,Normale,Deux véhicules - côté,3,2,4,0,1,1,1,5,1,50,2,5,4,0,0,1,18.0,18.0,voiture,voiture,1,2,3,1,3
201900049234,2019-12-04 12:28:00,2019,12,4,12,28,37,37261,SUEDE (RUE DE),47.4340474,0.6887822,Plein jour,En agglomération,Hors intersection,Normale,Deux véhicules - frontale,4,2,2,0,1,1,1,0,1,50,2,2,1,0,0,1,33.0,29.0,voiture,voiture,1,2,1,1,1
201900049235,2019-12-05 02:30:00,2019,12,5,2,30,35,35288,TABARLY ERIC  (CHAUSSEE),48.64335,-2.02222,Nuit avec éclairage allumé,En agglomération,Hors intersection,Normale,Autre collision,4,2,2,0,1,1,1,0,-1,50,1,1,0,0,1,0,31.0,,voiture,,5,2,1,1,6
201900049236,2019-12-06 02:20:00,2019,12,6,2,20,35,35238,VILLEBOIS MAREUIL (BD),48.11028,-1.65546,Nuit avec éclairage allumé,En agglomération,Intersection en X,Normale,Deux véhicules - côté,4,2,4,0,1,1,1,0,1,50,2,2,1,0,0,1,21.0,28.0,voiture,voiture,5,2,2,1,3
201900049237,2019-11-06 09:00:00,2019,11,6,9,0,33,33075,RUE DU MEDOC,44.87964,-0.6268,Plein jour,En agglomération,Autre intersection,Pluie forte,Deux véhicules - côté,1,1,1,0,1,1,2,3,8,90,2,2,1,0,0,1,20.0,25.0,voiture,voiture,1,2,9,3,3
201900049238,2019-12-02 18:20:00,2019,12,2,18,20,33,33063,RUE DU JARDIN PUBLIC,44.86031,-0.57061,Nuit avec éclairage allumé,En agglomération,Intersection en X,Normale,Autre collision,4,2,2,0,1,1,1,0,1,50,1,2,1,0,0,1,40.0,,voiture,,5,2,2,1,6
201900049239,2019-12-05 08:00:00,2019,12,5,8,0,33,33281,RUE STEHELIN CAUD,44.85668,-0.63785,Nuit avec éclairage allumé,En agglomération,Intersection en Y,Normale,Deux véhicules - côté,4,3,4,2,1,1,1,0,1,50,2,2,1,0,1,0,32.0,44.0,deux_roues,voiture,5,2,4,1,3
201900049240,2019-11-23 03:55:00,2019,11,23,3,55,33,33529,HUGO (33 RUE VICTOR),44.63187,-1.1514,Nuit avec éclairage allumé,En agglomération,Hors intersection,Normale,Deux véhicules - frontale,4,3,4,2,1,1,1,0,1,50,2,1,0,0,0,1,22.0,,voiture,,5,2,1,1,1
201900049241,2019-12-06 12:23:00,2019,12,6,12,23,31,31555,BD LAZARE CARNOT,43.60445,1.45027,Plein jour,En agglomération,Intersection en X,Normale,Deux véhicules - côté,4,2,4,0,1,1,1,0,1,50,2,2,1,0,0,1,51.0,28.0,deux_roues,utilitaire_camion,1,2,2,1,3
201900049242,2019-12-05 18:20:00,2019,12,5,18,20,31,31069,AV GENERAL DE GAULLE,43.64058,1.38255,Nuit sans éclairage public,En agglomération,Hors intersection,Normale,Autre collision,4,2,2,0,1,1,1,0,1,50,1,2,1,0,0,1,30.0,,voiture,,3,2,1,1,6
201900049243,2019-12-06 12:39:00,2019,12,6,12,39,29,29232,PRESIDENT ALLENDE BOULEVARD,47.99323,-4.07341,Plein jour,En agglomération,Hors intersection,Pluie légère,Deux véhicules - arrière,3,3,4,0,1,1,2,2,1,50,2,2,1,0,0,1,18.0,31.0,voiture,utilitaire_camion,1,2,1,2,2
201900049244,2019-12-06 12:40:00,2019,12,6,12,40,29,29232,LE HARS THEODORE RUE,47.9941293,-4.0997567,Plein jour,En agglomération,Intersection en T,Pluie légère,Deux véhicules - arrière,4,2,2,0,1,1,2,0,1,30,2,1,0,0,1,0,86.0,,voiture,,1,2,3,2,2
201900049245,2019-12-06 12:26:00,2019,12,6,12,26,29,29232,POMPIDOU GEORGES AVENUE,47.98275,-4.07201,Plein jour,En agglomération,Hors intersection,Pluie légère,Autre collision,4,2,2,0,1,1,2,6,1,50,1,2,1,0,1,0,52.0,,voiture,,1,2,1,2,6
201900049246,2019-12-03 09:16:00,2019,12,3,9,16,29,29232,FRUGY RUE DU,47.98716,-4.1028,Plein jour,En agglomération,Hors intersection,Normale,Autre collision,4,2,2,0,2,3,1,0,1,50,1,2,0,0,0,2,19.0,,voiture,,1,2,1,1,6
201900049247,2019-12-06 05:31:00,2019,12,6,5,31,28,28209,RN 1154,48.47988,1.46117,Nuit sans éclairage public,Hors agglomération,Hors intersection,Temps couvert,Deux véhicules - frontale,2,2,2,0,1,3,2,0,1,80,2,2,0,1,0,1,34.0,29.0,voiture,utilitaire_camion,3,1,1,8,1
201900049248,2019-12-06 18:05:00,2019,12,6,18,5,26,26198,SERRES (Rue Olivier de),44.56067,4.74641,Nuit avec éclairage allumé,En agglomération,Hors intersection,Normale,Trois véhicules et plus - en chaîne,4,2,2,0,1,1,1,0,1,50,3,3,2,0,0,1,17.0,46.0,deux_roues,voiture,5,2,1,1,4
201900049249,2019-11-28 17:50:00,2019,11,28,17,50,19,19275,POSTES (RUE DES),45.54666,2.30729,Nuit avec éclairage allumé,En agglomération,Intersection en T,Normale,Autre collision,7,1,1,0,1,1,1,5,1,30,1,2,1,0,0,1,47.0,,voiture,,5,2,3,1,6
201900049250,2019-12-05 19:30:00,2019,12,5,19,30,19,19031,96 av pierre semard,45.1551681,1.515302,Nuit avec éclairage allumé,En agglomération,Hors intersection,Normale,Deux véhicules - côté,4,2,2,0,1,1,1,0,1,50,2,2,1,0,0,1,22.0,39.0,deux_roues,voiture,5,2,1,1,3
201900049251,2019-12-05 14:20:00,2019,12,5,14,20,19,19031,JAURES (AVENUE JEAN),45.15413,1.52991,Plein jour,En agglomération,Intersection en X,Normale,Deux véhicules - frontale,4,2,2,0,2,1,1,0,1,50,2,2,1,0,0,1,42.0,61.0,deux_roues,voiture,1,2,2,1,1
201900049252,2019-12-04 15:35:00,2019,12,4,15,35,19,19031,TURGOT (AVENUE),45.16521,1.53153,Plein jour,En agglomération,Hors intersection,Normale,Deux véhicules - côté,4,1,1,0,1,1,1,0,1,50,2,2,1,0,0,1,58.0,33.0,deux_roues,voiture,1,2,1,1,3
201900049253,2019-12-06 02:20:00,2019,12,6,2,20,16,16102,Rampe de Château,45.69805,-0.33039,Nuit avec éclairage allumé,En agglomération,Hors intersection,Normale,Autre collision,4,2,2,0,1,1,2,0,1,50,1,2,0,0,0,2,25.0,,voiture,,5,2,1,1,6
201900049254,2019-12-06 02:20:00,2019,12,6,2,20,14,14574,DIVES (D.45 route de),49.15973,0.19353,Nuit sans éclairage public,Hors agglomération,Hors intersection,Normale,Autre collision,3,2,2,0,1,1,1,0,1,70,1,2,0,0,0,2,25.0,,voiture,,3,1,1,1,6
201900049255,2019-12-06 08:25:00,2019,12,6,8,25,14,14333,CARNOT (ROND POINT),49.41831,0.24007,Crépuscule ou aube,En agglomération,Giratoire,Pluie légère,Deux véhicules - côté,4,1,2,0,1,2,2,0,1,50,2,2,1,0,0,1,35.0,18.0,voiture,deux_roues,2,2,6,2,3
201900049256,2019-12-06 08:30:00,2019,12,6,8,30,13,13117,RABIN ( AVENUE YITZHAK ),43.44834,5.24654,Plein jour,En agglomération,Intersection en X,Normale,Deux véhicules - côté,4,3,2,0,1,1,1,0,2,50,2,5,1,0,0,4,20.0,30.0,voiture,voiture,1,2,2,1,3
201900049257,2019-12-06 17:40:00,2019,12,6,17,40,13,13201,LIEUTAUD (COURS)      2 A 52,43.2956916,5.3815747,Nuit avec éclairage non allumé,En agglomération,Hors intersection,Normale,Deux véhicules - arrière,4,2,4,0,1,1,1,8,1,50,2,2,1,0,0,1,67.0,32.0,voiture,voiture,4,2,1,1,2
201900049258,2019-12-06 14:00:00,2019,12,6,14,0,13,13206,SAINT JACQUES (RUE),43.28785,5.37615,Plein jour,En agglomération,Hors intersection,Normale,Autre collision,4,1,1,0,2,1,1,0,1,50,1,1,0,0,0,1,55.0,,voiture,,1,2,1,1,6
201900049259,2019-12-06 13:30:00,2019,12,6,13,30,13,13202,PARIS (BOULEVARD DE),43.31368,5.36811,Plein jour,En agglomération,Intersection en X,Normale,Autre collision,4,1,3,3,1,1,1,0,1,50,1,2,1,0,0,1,44.0,,voiture,,1,2,2,1,6
201900049260,2019-12-06 11:43:00,2019,12,6,11,43,13,13005,SAINT PIERRE (CHEMIN DE),43.301598,5.591533,Plein jour,Hors agglomération,Intersection en T,Temps éblouissant,Deux véhicules - côté,3,3,2,2,1,1,1,3,1,50,2,2,1,0,0,1,54.0,50.0,voiture,deux_roues,1,1,3,7,3
201900049261,2019-12-05 14:50:00,2019,12,5,14,50,10,10387,MARIE DE CHAMPAGNE (RUE),48.3101,4.06213,Plein jour,En agglomération,Hors intersection,Brouillard / fumée,Deux véhicules - frontale,4,2,2,0,1,1,1,0,1,50,2,2,1,0,0,1,51.0,31.0,voiture,deux_roues,1,2,1,5,1
201900049262,2019-12-04 11:20:00,2019,12,4,11,20,10,10387,LOMBARDS (AVENUE),48.2703,4.0819,Plein jour,En agglomération,Intersection en X,Normale,Deux véhicules - côté,4,2,3,0,1,1,1,0,1,50,2,2,1,0,1,0,20.0,36.0,deux_roues,voiture,1,2,2,1,3
201900049263,2019-12-06 15:30:00,2019,12,6,15,30,6,06029,SEMARD (PLACE PIERRE),43.5538,7.0204,Plein jour,En agglomération,Autre intersection,Normale,Autre collision,4,1,-1,-1,1,1,-1,9,8,-1,1,2,1,0,1,0,40.0,,transport_commun,,1,2,9,1,6
201900049264,2019-12-03 13:15:00,2019,12,3,13,15,6,06027,BESSET AVENUE CYRILLE,43.662603,7.154981,Plein jour,En agglomération,Hors intersection,Normale,Trois véhicules et plus - collisions multiples,7,2,2,0,1,1,1,0,1,50,3,4,1,0,0,3,56.0,18.0,voiture,voiture,1,2,1,1,5
201900049265,2019-12-06 14:20:00,2019,12,6,14,20,75,75117,BD PERIPHERIQUE EXTERIEUR,48.883072,2.2837008,Plein jour,En agglomération,Intersection en Y,Normale,Autre collision,4,1,4,0,1,1,3,0,1,70,3,2,1,0,0,1,46.0,45.0,deux_roues,deux_roues,1,2,4,1,6
201900049266,2019-12-06 07:40:00,2019,12,6,7,40,75,75115,BD PERIPHERIQUE EXTERIEUR,48.83484,2.264067,Crépuscule ou aube,En agglomération,Hors intersection,Pluie légère,Sans collision,4,1,4,0,1,1,2,0,1,70,1,1,0,0,0,1,33.0,,deux_roues,,2,2,1,2,7
201900049267,2019-12-05 18:15:00,2019,12,5,18,15,75,75113,BD PERIPHERIQUE EXTERIEUR,48.82158,2.379131,Nuit avec éclairage allumé,En agglomération,Hors intersection,Normale,Autre collision,4,1,4,0,1,1,3,0,1,70,1,1,0,0,1,0,51.0,,deux_roues,,5,2,1,1,6
201900049268,2019-12-05 21:51:00,2019,12,5,21,51,75,75120,RUE PAGANINI,48.8513,2.4118886,Nuit avec éclairage allumé,En agglomération,Intersection en X,Normale,Autre collision,4,-1,2,0,1,1,1,0,1,50,1,1,0,0,1,0,,,,,5,2,2,1,6
201900049269,2019-12-05 02:05:00,2019,12,5,2,5,75,75105,BOULEVARD SAINT MICHEL,48.84734,2.3408395,Nuit avec éclairage allumé,En agglomération,Place,Normale,Autre collision,4,2,3,0,1,1,1,0,1,50,1,2,1,0,0,1,24.0,,voiture,,5,2,7,1,6
201900049270,2019-12-06 13:05:00,2019,12,6,13,5,75,75120,RUE DE LA REUNION,48.853982,2.402621,Plein jour,En agglomération,Intersection en X,Pluie légère,Deux véhicules - côté,4,1,1,0,1,1,2,0,1,50,2,2,1,0,0,1,51.0,62.0,voiture,deux_roues,1,2,2,2,3
201900049271,2019-12-06 15:25:00,2019,12,6,15,25,75,75119,AVENUE JEAN JAURES,48.88879,2.393072,Plein jour,En agglomération,Intersection en X,Temps couvert,Autre collision,4,2,3,-1,1,1,2,0,1,50,1,2,1,0,0,1,21.0,,deux_roues,,1,2,2,8,6
201900049272,2019-12-05 13:20:00,2019,12,5,13,20,75,75119,RUE DE L OURCQ,48.88866,2.384098,Plein jour,En agglomération,Hors intersection,Brouillard / fumée,Deux véhicules - côté,4,2,2,0,1,1,1,0,1,50,2,3,2,0,0,1,52.0,60.0,deux_roues,voiture,1,2,1,5,3
201900049273,2019-12-06 19:00:00,2019,12,6,19,0,75,75117,AVENUE DE VILLIERS,48.884254,2.302671,Nuit avec éclairage allumé,En agglomération,Intersection en X,Pluie légère,Autre collision,4,2,2,-1,1,1,2,0,1,50,1,2,1,0,0,1,44.0,,deux_roues,,5,2,2,2,6
201900049274,2019-12-06 17:20:00,2019,12,6,17,20,75,75117,AVENUE DES TERNES,48.879266,2.291592,Nuit avec éclairage allumé,En agglomération,Place,Pluie légère,Deux véhicules - côté,4,2,4,0,1,1,2,0,1,30,2,2,1,0,0,1,36.0,31.0,voiture,deux_roues,5,2,7,2,3
201900049275,2019-12-05 17:00:00,2019,12,5,17,0,75,75117,AVENUE DE LA PORTE DE CLICHY,48.8964617,2.3104766,Nuit avec éclairage allumé,En agglomération,Intersection en Y,Normale,Deux véhicules - côté,4,2,2,0,1,1,1,0,1,50,2,2,1,0,0,1,24.0,29.0,deux_roues,voiture,5,2,4,1,3
201900049276,2019-12-06 08:15:00,2019,12,6,8,15,75,75115,RUE DU GENERAL GUILLAUMAT,48.828929,2.294136,Plein jour,En agglomération,Intersection en X,Pluie légère,Sans collision,4,2,3,0,1,1,2,0,1,50,1,2,0,0,0,2,48.0,,deux_roues,,1,2,2,2,7
201900049277,2019-12-06 19:00:00,2019,12,6,19,0,75,75114,AVENUE DU MAINE,48.8331651,2.3247162,Nuit avec éclairage allumé,En agglomération,Hors intersection,Pluie légère,Autre collision,4,1,1,1,1,1,2,0,1,50,1,2,1,0,0,1,56.0,,deux_roues,,5,2,1,2,6
201900049278,2019-12-06 07:35:00,2019,12,6,7,35,75,75114,BOULEVARD JOURDAN,48.820405,2.338811,Crépuscule ou aube,En agglomération,Hors intersection,Temps couvert,Sans collision,4,3,2,1,2,1,2,0,5,50,1,1,0,0,1,0,39.0,,deux_roues,,2,2,1,8,7
201900049279,2019-12-06 17:50:00,2019,12,6,17,50,75,75114,AVENUE RENE COTY,48.824227,2.336062,Nuit avec éclairage allumé,En agglomération,Intersection à plus de 4 branches,Normale,Deux véhicules - arrière,4,3,2,0,1,1,2,0,1,50,2,2,1,0,0,1,32.0,23.0,voiture,voiture,5,2,5,1,2
201900049280,2019-12-06 16:20:00,2019,12,6,16,20,75,75112,RUE VILLIOT,48.841373,2.374967,Plein jour,En agglomération,Hors intersection,Pluie légère,Deux véhicules - côté,4,2,2,0,1,1,2,0,1,50,2,4,2,0,0,2,33.0,49.0,deux_roues,voiture,1,2,1,2,3
201900049281,2019-12-06 06:20:00,2019,12,6,6,20,75,75111,BOULEVARD JULES FERRY,48.868529,2.367167,Nuit avec éclairage allumé,En agglomération,Hors intersection,Normale,Deux véhicules - côté,4,3,2,-1,1,1,1,0,1,30,2,2,0,0,0,2,43.0,31.0,deux_roues,deux_roues,5,2,1,1,3
201900049282,2019-12-05 23:25:00,2019,12,5,23,25,75,75111,PLACE LEON BLUM,48.8578647,2.3799937,Nuit avec éclairage allumé,En agglomération,Place,Normale,Autre collision,4,1,2,-1,1,1,1,0,1,50,1,2,0,0,0,2,20.0,,deux_roues,,5,2,7,1,6
201900049283,2019-12-06 10:10:00,2019,12,6,10,10,75,75110,BOULEVARD DE MAGENTA,48.876521,2.355859,Plein jour,En agglomération,Intersection en Y,Pluie légère,Autre collision,4,2,4,1,2,1,2,0,5,20,1,1,0,0,0,1,31.0,,deux_roues,,1,2,4,2,6
201900049284,2019-12-06 12:00:00,2019,12,6,12,0,75,75109,RUE DE LA CHAUSSEE D ANTIN,48.872944,2.333248,Plein jour,En agglomération,Intersection à plus de 4 branches,Pluie légère,Autre collision,4,1,4,0,1,1,2,0,1,50,1,3,2,0,0,1,25.0,,utilitaire_camion,,1,2,5,2,6
201900049285,2019-12-06 17:59:00,2019,12,6,17,59,75,75108,RUE TRONCHET,48.872052,2.325965,Nuit avec éclairage allumé,En agglomération,Intersection en T,Pluie légère,Autre collision,4,2,3,-1,1,1,2,0,1,50,1,2,1,0,0,1,58.0,,voiture,,5,2,3,2,6
201900049286,2019-12-06 18:20:00,2019,12,6,18,20,75,75114,RUE D ALESIA,48.827203,2.336724,Nuit avec éclairage allumé,En agglomération,Intersection en Y,Pluie légère,Deux véhicules - côté,4,2,3,0,1,1,2,0,1,50,2,2,1,0,0,1,23.0,63.0,deux_roues,voiture,5,2,4,2,3
201900049287,2019-12-06 16:15:00,2019,12,6,16,15,75,75107,QUAI VOLTAIRE,48.858983,2.331069,Crépuscule ou aube,En agglomération,Hors intersection,Pluie légère,Sans collision,4,1,4,0,1,1,2,0,1,50,1,1,0,0,0,1,54.0,,deux_roues,,2,2,1,2,7
201900049288,2019-12-06 11:15:00,2019,12,6,11,15,75,75104,BOULEVARD DE SEBASTOPOL,48.858514,2.34822,Plein jour,En agglomération,Intersection en X,Pluie légère,Sans collision,4,1,4,-1,1,1,2,0,1,50,1,1,0,0,0,1,53.0,,deux_roues,,1,2,2,2,7
201900049289,2019-12-05 05:20:00,2019,12,5,5,20,75,75102,RUE SAINT AUGUSTIN,48.868872,2.336698,Nuit avec éclairage allumé,En agglomération,Intersection en X,Normale,Deux véhicules - côté,4,1,1,0,1,1,1,0,1,30,2,2,1,0,0,1,23.0,43.0,utilitaire_camion,voiture,5,2,2,1,3
201900049290,2019-12-05 14:00:00,2019,12,5,14,0,75,75101,RUE DU LOUVRE,48.8631083,2.3419521,Plein jour,En agglomération,Intersection en T,Normale,Deux véhicules - côté,4,2,2,0,1,1,1,0,1,50,2,2,1,0,0,1,53.0,36.0,deux_roues,utilitaire_camion,1,2,3,1,3
201900049291,2019-12-06 19:15:00,2019,12,6,19,15,94,94081,LUDWIG VAN BEETHOVEN (R),48.79841,2.3814,Nuit avec éclairage allumé,En agglomération,Hors intersection,Pluie légère,Autre collision,4,2,2,0,1,1,2,0,1,50,1,2,1,0,0,1,77.0,,voiture,,5,2,1,2,6
201900049292,2019-12-06 18:55:00,2019,12,6,18,55,94,94018,PARIS (R DE),48.82391,2.40993,Nuit avec éclairage allumé,En agglomération,Hors intersection,Pluie légère,Deux véhicules - arrière,3,2,2,0,1,1,2,0,1,30,2,2,1,0,0,1,50.0,35.0,voiture,deux_roues,5,2,1,2,2
201900049293,2019-12-04 13:10:00,2019,12,4,13,10,94,94046,CARNOT (R),48.80114,2.42944,Plein jour,En agglomération,Hors intersection,Normale,Deux véhicules - côté,3,2,2,0,1,1,1,0,1,30,2,2,1,0,0,1,31.0,56.0,voiture,voiture,1,2,1,1,3
201900049294,2019-12-06 19:55:00,2019,12,6,19,55,94,94076,CAMILLE BLANC (R),48.78271,2.36223,Nuit avec éclairage allumé,En agglomération,Intersection en T,Pluie légère,Autre collision,4,1,1,0,1,1,2,0,1,50,1,2,1,0,0,1,57.0,,utilitaire_camion,,5,2,3,2,6
201900049295,2019-12-06 21:10:00,2019,12,6,21,10,94,94041,JEAN-BAPTISTE RENOULT (R),48.8028,2.3955,Nuit avec éclairage allumé,En agglomération,Hors intersection,Normale,Sans collision,4,2,2,0,2,1,2,0,1,50,1,1,0,0,0,1,30.0,,deux_roues,,5,2,1,1,7
201900049296,2019-12-06 15:20:00,2019,12,6,15,20,94,94041,ROBESPIERRE (R),48.8083578,2.3863038,Plein jour,En agglomération,Hors intersection,Pluie légère,Sans collision,4,2,2,0,2,1,2,0,1,50,1,1,0,0,0,1,33.0,,deux_roues,,1,2,1,2,7
201900049297,2019-12-06 16:30:00,2019,12,6,16,30,94,94038,BERGERE (R DE LA),48.7728,2.33538,Crépuscule ou aube,En agglomération,Hors intersection,Temps couvert,Deux véhicules - arrière,4,1,1,0,1,1,2,0,1,30,2,2,1,0,0,1,39.0,42.0,voiture,voiture,2,2,1,8,2
201900049298,2019-12-06 07:50:00,2019,12,6,7,50,94,94018,PONT NELSON MENDELA,48.82023,2.40059,Crépuscule ou aube,En agglomération,Hors intersection,Temps couvert,Trois véhicules et plus - en chaîne,3,1,2,0,1,1,1,2,1,30,4,4,3,0,0,1,53.0,44.0,utilitaire_camion,utilitaire_camion,2,2,1,8,4
201900049299,2019-12-05 08:05:00,2019,12,5,8,5,94,94018,PARIS (R DE),48.82386,2.41002,Crépuscule ou aube,En agglomération,Hors intersection,Normale,Autre collision,3,2,2,0,1,1,1,0,1,30,1,2,1,0,0,1,17.0,,deux_roues,,2,2,1,1,6
201900049300,2019-12-06 13:29:00,2019,12,6,13,29,94,94071,DAUPHINE (R),48.756,2.5376,Plein jour,En agglomération,Intersection en T,Pluie légère,Deux véhicules - côté,4,2,2,0,1,1,2,0,1,50,2,3,2,0,0,1,41.0,20.0,transport_commun,voiture,1,2,3,2,3
201900049301,2019-06-15 13:40:00,2019,6,15,13,40,59,59271,CLEMENCEAU,51.014584,2.3032343,Plein jour,En agglomération,Intersection en X,Normale,Deux véhicules - arrière,4,2,4,3,1,1,1,5,1,50,2,2,1,0,0,1,11.0,22.0,deux_roues,voiture,1,2,2,1,2
201900049302,2019-06-11 10:00:00,2019,6,11,10,0,59,59509,FERRER (RUE FRANCISCO),50.3995662,3.1042264,Plein jour,En agglomération,Intersection en T,Normale,Deux véhicules - côté,3,2,3,0,1,1,1,0,1,50,2,2,1,0,0,1,69.0,29.0,voiture,deux_roues,1,2,3,1,3
201900049303,2019-06-02 13:40:00,2019,6,2,13,40,59,59122,PREMIER (AVENUE ALBERT),50.1785,3.2382,Plein jour,En agglomération,Hors intersection,Normale,Deux véhicules - arrière,4,2,2,0,1,1,1,0,1,50,2,2,1,0,1,0,23.0,38.0,deux_roues,voiture,1,2,1,1,2
201900049304,2019-06-16 13:50:00,2019,6,16,13,50,58,58194,HENRI FOUCAUD,46.9992,3.1591,Plein jour,En agglomération,Intersection en T,Normale,Deux véhicules - côté,4,1,2,0,1,1,1,0,1,30,2,3,2,0,0,1,25.0,63.0,voiture,voiture,1,2,3,1,3
201900049305,2019-06-09 17:00:00,2019,6,9,17,0,58,58194,MOLIERE,47.0041,3.1514,Plein jour,En agglomération,Hors intersection,Normale,Autre collision,4,2,2,0,1,1,1,0,1,50,1,1,0,0,0,1,23.0,,voiture,,1,2,1,1,6
201900049306,2019-05-31 13:50:00,2019,5,31,13,50,58,58194,CHARLEVILLE,46.9919,3.1491,Plein jour,En agglomération,Hors intersection,Normale,Deux véhicules - arrière,4,2,2,0,1,1,1,0,1,50,2,2,0,0,0,2,49.0,20.0,voiture,voiture,1,2,1,1,2
201900049307,2019-06-09 02:15:00,2019,6,9,2,15,57,57757,Nations (Avenue),49.3569019,6.1863458,Nuit avec éclairage allumé,En agglomération,Intersection en T,Normale,Deux véhicules - côté,3,2,2,0,1,1,1,0,1,50,2,2,1,0,0,1,46.0,33.0,voiture,voiture,5,2,3,1,3
201900049308,2019-06-01 22:00:00,2019,6,1,22,0,57,57441,MONDORFF (ROUTE DE),49.37871,6.1702,Nuit avec éclairage allumé,En agglomération,Hors intersection,Normale,Autre collision,3,1,1,0,1,3,1,0,1,50,1,2,1,0,0,1,29.0,,voiture,,5,2,1,1,6
201900049309,2019-06-12 06:35:00,2019,6,12,6,35,57,57019,CD8,49.26138,6.12706,Crépuscule ou aube,Hors agglomération,Hors intersection,Pluie légère,Deux véhicules - côté,3,3,2,0,1,3,2,0,1,70,2,2,0,0,1,1,31.0,22.0,voiture,voiture,2,1,1,2,3
201900049310,2019-06-09 17:10:00,2019,6,9,17,10,56,56121,MULLER (DU COLONEL JEAN),47.76334,-3.39463,Plein jour,En agglomération,Giratoire,Normale,Deux véhicules - côté,4,3,2,0,1,1,1,5,1,50,2,6,4,1,1,0,21.0,21.0,voiture,voiture,1,2,6,1,3
201900049311,2019-06-07 17:25:00,2019,6,7,17,25,56,56098,LECLERC (RUE GENERAL),47.76237,-3.3506,Plein jour,En agglomération,Hors intersection,Temps couvert,Autre collision,4,2,2,0,1,1,1,0,1,50,1,1,0,0,0,1,60.0,,voiture,,1,2,1,8,6
201900049312,2019-06-07 12:15:00,2019,6,7,12,15,56,56121,MARIENNE ( AV CAPITAINE ),47.73875,-3.39181,Plein jour,En agglomération,Giratoire,Normale,Deux véhicules - côté,4,2,2,0,1,1,1,0,1,30,2,2,1,0,1,0,35.0,69.0,voiture,deux_roues,1,2,6,1,3
201900049313,2019-06-06 08:00:00,2019,6,6,8,0,56,56121,MONISTROL (RUE),47.73651,-3.38291,Plein jour,En agglomération,Giratoire,Normale,Autre collision,4,2,2,0,1,1,1,5,1,30,1,2,1,0,0,1,27.0,,voiture,,1,2,6,1,6
201900049314,2019-06-05 08:00:00,2019,6,5,8,0,56,56121,Cours de CHAZELLES,47.75574,-3.36382,Plein jour,En agglomération,Passage à niveau,Normale,Deux véhicules - côté,4,2,4,0,1,1,1,4,1,50,2,1,0,0,0,1,54.0,,deux_roues,,1,2,8,1,3
201900049315,2019-06-04 13:20:00,2019,6,4,13,20,56,56162,Rue de Kergalan,47.71839,-3.41056,Plein jour,Hors agglomération,Hors intersection,Normale,Autre collision,3,2,2,0,1,2,1,0,1,70,1,1,0,0,0,1,24.0,,voiture,,1,1,1,1,6
201900049316,2019-06-02 19:45:00,2019,6,2,19,45,56,56121,CONVENTION ( PL. DE LA ),47.75493,-3.39163,Plein jour,En agglomération,Giratoire,Normale,Autre collision,4,1,1,0,1,2,1,5,1,30,1,1,0,0,0,1,57.0,,deux_roues,,1,2,6,1,6
201900049317,2019-05-31 19:50:00,2019,5,31,19,50,56,56121,MULLER ( DU COLONEL JEAN ),47.76512,-3.39904,Plein jour,En agglomération,Hors intersection,Normale,Autre collision,4,2,3,0,1,1,1,0,1,50,1,1,0,0,0,1,54.0,,deux_roues,,1,2,1,1,6
201900049318,2019-05-31 11:55:00,2019,5,31,11,55,56,56121,RN 465 (DESSERTE PORTUAIRE),47.74654,-3.38669,Plein jour,Hors agglomération,Hors intersection,Normale,Deux véhicules - frontale,3,2,2,0,1,1,1,0,1,70,2,2,0,0,0,2,35.0,19.0,voiture,voiture,1,1,1,1,1
201900049319,2019-05-30 21:00:00,2019,5,30,21,0,56,56162,PINS (RUE DES),47.73378,-3.43281,Plein jour,En agglomération,Intersection en X,Normale,Deux véhicules - côté,3,2,2,0,1,1,1,0,1,30,2,7,2,0,0,5,49.0,51.0,voiture,voiture,1,2,2,1,3
201900049320,2019-05-29 20:45:00,2019,5,29,20,45,56,56121,DE GAULLE ( AVE DU GENERAL ),47.74217,-3.37037,Plein jour,En agglomération,Hors intersection,Normale,Autre collision,4,2,2,0,1,1,1,0,1,30,1,2,1,0,0,1,39.0,,voiture,,1,2,1,1,6
201900049321,2019-06-08 18:15:00,2019,6,8,18,15,54,54270,D26  ,49.48482,5.88113,Plein jour,Hors agglomération,Hors intersection,Normale,Deux véhicules - arrière,3,2,2,0,2,2,1,0,1,90,2,3,1,0,1,1,34.0,50.0,voiture,deux_roues,1,1,1,1,2