accident_id,datetime,annee,mois,jour,heure,minute,departement,commune_insee,adresse,latitude,longitude,luminosite,agglomeration,intersection,meteo,collision,catr,circ,nbv,vosp,prof,plan,surf,infra,situ,vma,nb_vehicules,nb_usagers,nb_indemnes,nb_tues,nb_blesses_hosp,nb_blesses_legers,age_cond_1,age_cond_2,veh_type_cond_1,veh_type_cond_2,lum_code,agg_code,int_code,atm_code,col_code
201900049322,2019-06-15 14:20:00,2019,6,15,14,20,54,54431,DE LATTRE DE TASSIGNY (BOULEVARD),48.90305,6.06109,Plein jour,En agglomération,Intersection en T,Normale,Deux véhicules - arrière,4,2,1,0,1,1,1,0,1,50,2,2,1,0,0,1,54.0,39.0,voiture,voiture,1,2,3,1,2
201900049323,2019-06-06 01:40:00,2019,6,6,1,40,54,54431,CHAMPAGNE (AVENUE DE),48.911511,6.056946,Nuit avec éclairage allumé,En agglomération,Intersection en T,Normale,Sans collision,4,2,2,0,1,1,1,0,1,50,1,2,1,0,0,1,57.0,,utilitaire_camion,,5,2,3,1,7
201900049324,2019-05-23 10:20:00,2019,5,23,10,20,54,54431,DUROC (PLACE),48.90212,6.05503,Plein jour,En agglomération,Intersection en Y,Normale,Autre collision,4,1,2,0,1,2,1,0,1,50,1,2,1,0,1,0,19.0,,voiture,,1,2,4,1,6
201900049325,2019-05-16 10:50:00,2019,5,16,10,50,54,54498,DE GAULLE (AVENUE DU GENERAL),48.7137,6.2508,Plein jour,En agglomération,Hors intersection,Normale,Deux véhicules - côté,4,2,2,0,1,1,1,0,1,50,2,5,1,0,0,4,57.0,22.0,voiture,voiture,1,2,1,1,3
201900049326,2019-05-15 19:10:00,2019,5,15,19,10,54,54395,STRASBOURG (AVENUE DE),48.67719,6.19912,Plein jour,En agglomération,Intersection en T,Normale,Deux véhicules - côté,4,-1,2,0,1,1,1,0,1,50,2,3,2,0,0,1,39.0,34.0,voiture,voiture,1,2,3,1,3
201900049327,2019-05-09 17:14:00,2019,5,9,17,14,54,54395,LOBAU (BOULEVARD),48.68696,6.19508,Plein jour,En agglomération,Intersection en X,Normale,Sans collision,4,-1,2,0,1,1,1,0,1,50,1,2,1,0,0,1,32.0,,voiture,,1,2,2,1,7
201900049328,2019-05-03 08:15:00,2019,5,3,8,15,54,54395,DURIVAL (RUE),48.68018,6.17394,Plein jour,En agglomération,Intersection en X,Normale,Deux véhicules - frontale,4,-1,2,0,1,1,1,0,1,30,2,2,1,0,0,1,24.0,27.0,voiture,deux_roues,1,2,2,1,1
201900049329,2019-05-28 11:45:00,2019,5,28,11,45,54,54197,CHATEAU (RUE DU),48.626976,6.206644,Plein jour,En agglomération,Hors intersection,Normale,Sans collision,4,2,1,0,2,4,1,0,1,50,1,2,1,0,0,1,51.0,,voiture,,1,2,1,1,7
201900049330,2019-06-01 05:00:00,2019,6,1,5,0,54,54526,JAURES (BOULEVARD JEAN),48.693309,6.211487,Crépuscule ou aube,En agglomération,Intersection en X,Normale,Deux véhicules - côté,4,2,2,0,1,1,1,0,1,50,2,3,1,0,0,2,20.0,25.0,voiture,voiture,2,2,2,1,3
201900049331,2019-05-15 10:05:00,2019,5,15,10,5,54,54395,FRANCE (AVENUE ANATOLE),48.68727,6.16303,Plein jour,En agglomération,Intersection en X,Normale,Deux véhicules - côté,4,1,2,0,1,1,1,0,1,50,2,2,0,0,0,2,54.0,52.0,voiture,voiture,1,2,2,1,3
201900049332,2019-06-01 18:20:00,2019,6,1,18,20,54,54323,AVIATION (AVENUE DE L'),49.51824,5.75287,Plein jour,En agglomération,Hors intersection,Normale,Sans collision,4,2,2,0,1,1,1,0,1,50,1,2,1,0,1,0,45.0,,voiture,,1,2,1,1,7
201900049333,2019-06-16 10:55:00,2019,6,16,10,55,54,54469,RD135,49.17569,5.99822,Plein jour,Hors agglomération,Intersection en Y,Temps éblouissant,Deux véhicules - côté,3,2,2,0,1,1,1,0,1,80,2,2,1,0,1,0,79.0,49.0,voiture,deux_roues,1,1,4,7,3
201900049334,2019-06-06 17:45:00,2019,6,6,17,45,52,52448,DUNANT (BOULEVARD HENRI),48.64448,4.98574,Plein jour,En agglomération,Autre intersection,Normale,Deux véhicules - frontale,4,2,2,0,1,3,1,0,1,50,2,2,1,0,0,1,33.0,19.0,voiture,voiture,1,2,9,1,1
201900049335,2019-06-11 08:02:00,2019,6,11,8,2,52,52121,FARADAY (RUE),48.08761,5.13907,Plein jour,En agglomération,Hors intersection,Normale,Autre collision,4,-1,1,0,1,1,1,0,1,50,1,2,1,0,0,1,23.0,,voiture,,1,2,1,1,6
201900049336,2019-06-05 09:25:00,2019,6,5,9,25,52,52121,REPUBLIQUE (AVENUE),48.1031,5.14436,Plein jour,En agglomération,Hors intersection,Normale,Autre collision,4,2,2,0,1,1,1,0,1,50,2,2,1,0,0,1,54.0,76.0,deux_roues,voiture,1,2,1,1,6
201900049337,2019-06-17 17:45:00,2019,6,17,17,45,51,51573,RUE GUY BAZARD,49.2465373,3.9932467,Plein jour,En agglomération,Hors intersection,Normale,Sans collision,4,2,2,0,1,1,1,0,1,50,1,3,2,0,0,1,71.0,,utilitaire_camion,,1,2,1,1,7
201900049338,2019-06-17 11:30:00,2019,6,17,11,30,51,51454,AVENUE GEORGES HODIN,49.2243528,4.0380139,Plein jour,En agglomération,Hors intersection,Normale,Sans collision,4,2,2,0,1,1,1,0,1,50,1,2,1,0,0,1,68.0,,voiture,,1,2,1,1,7
201900049339,2019-06-16 21:30:00,2019,6,16,21,30,51,51454,RUE DU MONT D'ARENE,49.2613056,4.0187444,Plein jour,En agglomération,Intersection en X,Normale,Deux véhicules - côté,4,-1,2,0,1,1,1,5,1,50,2,2,1,0,0,1,23.0,24.0,utilitaire_camion,deux_roues,1,2,2,1,3
201900049340,2019-06-16 13:50:00,2019,6,16,13,50,51,51454,BOULEVARD POMMERY,49.2560865,4.0554225,Plein jour,En agglomération,Intersection en X,Normale,Trois véhicules et plus - en chaîne,2,2,0,0,1,1,1,0,1,50,3,6,4,0,0,2,38.0,27.0,voiture,voiture,1,2,2,1,4
201900049341,2019-06-14 21:25:00,2019,6,14,21,25,51,51454,AVENUE DE CHAMPAGNE,49.2349746,4.0412783,Nuit avec éclairage allumé,En agglomération,Hors intersection,Normale,Deux véhicules - côté,2,2,7,0,1,1,1,3,1,70,2,2,0,0,1,1,29.0,56.0,deux_roues,voiture,5,2,1,1,3
201900049342,2019-06-13 18:18:00,2019,6,13,18,18,51,51454,RUE DU COLONEL FABIEN,49.2491907,4.0166156,Plein jour,En agglomération,Intersection en T,Normale,Deux véhicules - côté,4,2,0,0,1,1,1,9,1,50,2,2,1,0,0,1,46.0,25.0,deux_roues,voiture,1,2,3,1,3
201900049343,2019-06-12 20:10:00,2019,6,12,20,10,51,51454,RUE ALBERTO SANTOS DUMONT,49.23793,4.07174,Plein jour,En agglomération,Hors intersection,Normale,Deux véhicules - côté,4,1,2,0,1,2,1,0,1,50,2,2,1,0,0,1,25.0,35.0,voiture,deux_roues,1,2,1,1,3
201900049344,2019-06-12 16:50:00,2019,6,12,16,50,51,51454,BOULEVARD FRANCHET D'ESPEREY,49.24173,4.01725,Plein jour,En agglomération,Giratoire,Normale,Deux véhicules - arrière,4,2,0,0,1,1,1,0,1,50,2,2,1,0,0,1,51.0,27.0,voiture,voiture,1,2,6,1,2
201900049345,2019-06-12 10:25:00,2019,6,12,10,25,51,51454,RUE DU GENERAL KOENIG,49.2252,4.0189,Plein jour,En agglomération,Hors intersection,Normale,Sans collision,4,3,4,0,1,1,2,9,1,50,1,2,1,0,0,1,47.0,,deux_roues,,1,2,1,1,7
201900049346,2019-06-11 12:30:00,2019,6,11,12,30,51,51454,RUE JACQUES DE LA GIRAUDIERE,49.23989,4.08344,Plein jour,En agglomération,Hors intersection,Normale,Autre collision,4,3,0,0,1,1,1,0,1,50,1,1,0,0,1,0,33.0,,deux_roues,,1,2,1,1,6
201900049347,2019-06-11 08:20:00,2019,6,11,8,20,51,51454,RUE GABRIEL VOISIN,49.23201,4.06698,Plein jour,En agglomération,Intersection en T,Normale,Deux véhicules - côté,4,2,4,0,1,1,1,0,1,50,2,2,1,0,0,1,21.0,34.0,voiture,voiture,1,2,3,1,3
201900049348,2019-06-11 03:05:00,2019,6,11,3,5,51,51454,BOULEVARD HENRI HENROT,49.2435083,4.0339889,Nuit avec éclairage allumé,En agglomération,Hors intersection,Normale,Deux véhicules - côté,4,2,2,0,2,3,1,9,1,50,2,2,1,0,0,1,22.0,49.0,voiture,voiture,5,2,1,1,3
201900049349,2019-06-09 01:00:00,2019,6,9,1,0,51,51454,AVENUE D'EPERNAY,49.2413444,4.013575,Nuit avec éclairage allumé,En agglomération,Intersection en X,Normale,Deux véhicules - côté,4,1,0,0,2,1,1,5,1,50,2,2,0,0,0,2,37.0,20.0,voiture,voiture,5,2,2,1,3
201900049350,2019-06-07 18:25:00,2019,6,7,18,25,51,51454,BOULEVARD DAUPHINOT,49.2632731,4.0572629,Plein jour,En agglomération,Hors intersection,Normale,Deux véhicules - côté,2,2,3,0,1,1,1,0,1,50,2,2,1,0,0,1,16.0,36.0,deux_roues,voiture,1,2,1,1,3
201900049351,2019-06-04 13:50:00,2019,6,4,13,50,51,51573,RUE PASTEUR,49.2502,4.00073,Plein jour,En agglomération,Hors intersection,Normale,Deux véhicules - côté,4,2,2,0,1,1,1,0,1,30,2,2,1,0,0,1,42.0,61.0,autre,voiture,1,2,1,1,3
201900049352,2019-06-02 04:50:00,2019,6,2,4,50,51,51454,RUE SAINT THIERRY,49.27083,4.01439,Nuit avec éclairage allumé,En agglomération,Intersection en T,Normale,Deux véhicules - côté,4,2,2,0,1,1,1,0,1,50,2,3,2,0,1,0,22.0,41.0,voiture,deux_roues,5,2,3,1,3
201900049353,2019-05-31 13:20:00,2019,5,31,13,20,51,51454,PLACE DES COMBATTANTS D'AFN,49.21353,4.01568,Plein jour,En agglomération,Autre intersection,Normale,Deux véhicules - côté,3,1,2,0,1,1,1,0,1,50,2,3,0,0,0,3,39.0,59.0,voiture,voiture,1,2,9,1,3
201900049354,2019-06-11 18:00:00,2019,6,11,18,0,51,51108,AVENUE DU GENERAL SARRAIL,48.9754917,4.3576278,Plein jour,En agglomération,Intersection en X,Normale,Deux véhicules - frontale,4,2,2,0,1,1,1,0,1,50,2,2,1,0,1,0,21.0,36.0,deux_roues,voiture,1,2,2,1,1
201900049355,2019-06-08 17:25:00,2019,6,8,17,25,50,50502,PORTS (promenade des),49.12283,-1.10086,Plein jour,En agglomération,Hors intersection,Normale,Autre collision,4,2,2,0,1,3,1,0,3,50,1,1,0,0,0,1,24.0,,deux_roues,,1,2,1,1,6
201900049356,2019-06-06 09:55:00,2019,6,6,9,55,50,50502,LAITIERE NORMANDE,49.1157,-1.09011,Plein jour,En agglomération,Hors intersection,Normale,Sans collision,3,2,2,0,1,1,1,0,3,50,1,2,1,0,1,0,42.0,,utilitaire_camion,,1,2,1,1,7
201900049357,2019-06-14 18:15:00,2019,6,14,18,15,50,50218,PAUL DE GIBON (RUE),48.835494,-1.565243,Plein jour,En agglomération,Hors intersection,Normale,Autre collision,4,2,2,0,1,1,1,0,1,50,1,2,1,0,0,1,33.0,,utilitaire_camion,,1,2,1,1,6
201900049358,2019-05-31 14:00:00,2019,5,31,14,0,50,50532,D973,48.81816,-1.549128,Plein jour,Hors agglomération,Hors intersection,Normale,Trois véhicules et plus - en chaîne,3,2,2,0,1,1,1,0,3,80,3,3,1,0,0,2,23.0,39.0,utilitaire_camion,utilitaire_camion,1,1,1,1,4
201900049359,2019-06-17 18:00:00,2019,6,17,18,0,50,50173,D 409,49.62758,-1.67292,Plein jour,Hors agglomération,Hors intersection,Normale,Deux véhicules - arrière,3,2,2,0,1,1,1,0,1,50,2,2,1,0,0,1,58.0,16.0,voiture,deux_roues,1,1,1,1,2
201900049360,2019-06-14 16:25:00,2019,6,14,16,25,50,50602,CHENES (RUE DES),49.631165,-1.585905,Plein jour,En agglomération,Intersection en X,Normale,Deux véhicules - côté,4,2,2,0,1,1,1,0,1,50,2,3,2,0,0,1,83.0,32.0,voiture,voiture,1,2,2,1,3
201900049361,2019-06-13 09:00:00,2019,6,13,9,0,50,50173,LECLERC (RUE DU GENERAL),49.64648,-1.64959,Plein jour,En agglomération,Hors intersection,Normale,Autre collision,4,2,2,0,1,1,1,5,3,50,1,2,1,0,0,1,86.0,,voiture,,1,2,1,1,6
201900049362,2019-06-12 19:20:00,2019,6,12,19,20,50,50602,EST (BOULEVARD DE L'),49.63507,-1.59093,Plein jour,En agglomération,Giratoire,Normale,Deux véhicules - côté,3,3,4,0,1,1,1,0,3,70,2,3,1,0,0,2,54.0,17.0,voiture,deux_roues,1,2,6,1,3
201900049363,2019-06-08 02:10:00,2019,6,8,2,10,50,50602,FLAMANDS (ROND POINT),49.6536,-1.57872,Nuit sans éclairage public,En agglomération,Giratoire,Pluie forte,Autre collision,2,1,1,0,1,2,2,5,3,50,1,1,0,0,0,1,51.0,,utilitaire_camion,,3,2,6,3,6
201900049364,2019-06-06 17:10:00,2019,6,6,17,10,50,50129,SCHMITT (AVENUE RENE),49.63138,-1.64668,Plein jour,En agglomération,Hors intersection,Normale,Deux véhicules - côté,4,2,2,1,1,1,1,0,3,50,2,3,2,0,0,1,75.0,18.0,voiture,deux_roues,1,2,1,1,3
201900049365,2019-06-05 12:20:00,2019,6,5,12,20,50,50129,LAVIEILLE (RUE FRANCOIS),49.64602,-1.62607,Plein jour,En agglomération,Hors intersection,Normale,Autre collision,4,1,-1,0,1,1,1,0,3,50,1,2,1,0,0,1,40.0,,voiture,,1,2,1,1,6
201900049366,2019-06-05 15:15:00,2019,6,5,15,15,50,50602,GAMBETTA (RUE),49.64149,-1.58007,Plein jour,En agglomération,Intersection en X,Normale,Deux véhicules - côté,4,2,2,0,1,1,1,5,3,50,2,2,1,0,0,1,71.0,13.0,voiture,deux_roues,1,2,2,1,3
201900049367,2019-06-01 02:35:00,2019,6,1,2,35,50,50129,CALIGNY (QUAI DE),49.63952,-1.62111,Nuit avec éclairage allumé,En agglomération,Hors intersection,Normale,Autre collision,4,2,3,0,1,1,1,0,3,50,1,1,0,0,0,1,25.0,,utilitaire_camion,,5,2,1,1,6
201900049368,2019-06-12 08:55:00,2019,6,12,8,55,49,49328,DELESSERT (BOULEVARD BENJAMIN),47.25982,-0.08898,Plein jour,En agglomération,Hors intersection,Normale,Autre collision,4,2,4,1,1,1,1,0,1,50,2,2,1,0,0,1,48.0,50.0,deux_roues,voiture,1,2,1,1,6
201900049369,2019-06-07 12:10:00,2019,6,7,12,10,49,49099,CHENONCEAUX (RUE DE),47.05454,-0.89604,Plein jour,En agglomération,Hors intersection,Vent fort / tempête,Deux véhicules - côté,7,2,2,0,1,3,2,0,2,50,2,2,1,0,1,0,14.0,34.0,deux_roues,voiture,1,2,1,6,3
201900049370,2019-05-31 21:45:00,2019,5,31,21,45,49,49099,MANCEAU (AVENUE ANATOLE),47.05102,-0.87832,Plein jour,En agglomération,Hors intersection,Normale,Sans collision,7,2,2,0,1,1,1,0,1,50,1,1,0,0,0,1,17.0,,deux_roues,,1,2,1,1,7
201900049371,2019-06-17 21:40:00,2019,6,17,21,40,49,49007,SAINT MICHEL BOULEVARD,47.47208,-0.54197,Plein jour,En agglomération,Hors intersection,Normale,Autre collision,4,2,2,0,1,1,1,9,1,30,2,2,1,0,0,1,23.0,25.0,voiture,deux_roues,1,2,1,1,6
201900049372,2019-06-17 17:46:00,2019,6,17,17,46,49,49007,LETANDUERE,47.45939,-0.55437,Plein jour,En agglomération,Hors intersection,Normale,Autre collision,4,1,2,0,1,1,1,9,1,30,1,1,0,0,1,0,59.0,,deux_roues,,1,2,1,1,6
201900049373,2019-06-17 18:00:00,2019,6,17,18,0,49,49007,SCHWEITZER,47.4817,-0.52316,Plein jour,En agglomération,Intersection en X,Normale,Autre collision,4,2,2,0,1,1,1,0,1,50,3,3,2,0,0,1,43.0,27.0,transport_commun,deux_roues,1,2,2,1,6
201900049374,2019-06-15 13:20:00,2019,6,15,13,20,49,49007,PATTON AVENUE,47.47368,-0.57942,Plein jour,En agglomération,Hors intersection,Normale,Deux véhicules - arrière,4,2,2,0,1,1,1,8,1,30,2,2,1,0,0,1,37.0,46.0,voiture,transport_commun,1,2,1,1,2
201900049375,2019-06-16 09:20:00,2019,6,16,9,20,49,49007,GASNIER AVENUE,47.48455,-0.5769,Plein jour,En agglomération,Hors intersection,Temps couvert,Deux véhicules - frontale,4,2,2,0,1,1,1,0,1,50,2,4,1,0,0,3,28.0,60.0,voiture,voiture,1,2,1,8,1
201900049376,2019-06-14 10:00:00,2019,6,14,10,0,49,49007,MIRABEAU,47.46044,-0.55127,Plein jour,En agglomération,Hors intersection,Normale,Autre collision,4,2,2,0,1,1,1,0,1,30,1,1,0,0,0,1,96.0,,voiture,,1,2,1,1,6
201900049377,2019-06-13 07:27:00,2019,6,13,7,27,49,49007,CARNOT,47.47851,-0.56312,Crépuscule ou aube,En agglomération,Hors intersection,Normale,Autre collision,4,4,2,0,3,1,1,8,1,30,2,2,1,0,0,1,22.0,32.0,voiture,deux_roues,2,2,1,1,6
201900049378,2019-06-12 09:15:00,2019,6,12,9,15,49,49267,ROCADE EST,47.46457,-0.51666,Plein jour,Hors agglomération,Hors intersection,Temps couvert,Deux véhicules - arrière,1,3,4,0,1,1,2,0,1,50,2,2,1,0,0,1,30.0,51.0,voiture,voiture,1,1,1,8,2
201900049379,2019-06-12 05:39:00,2019,6,12,5,39,49,49007,TARDAT,47.44441,-0.55174,Crépuscule ou aube,En agglomération,Intersection en X,Temps couvert,Autre collision,4,2,2,0,1,1,2,0,1,50,2,3,1,0,0,2,38.0,42.0,voiture,voiture,2,2,2,8,6
201900049380,2019-06-12 17:09:00,2019,6,12,17,9,49,49007,RAMON BOULEVARD,47.48565,-0.53352,Plein jour,En agglomération,Hors intersection,Temps couvert,Deux véhicules - arrière,4,3,4,0,1,1,1,0,1,50,2,2,1,0,0,1,63.0,52.0,voiture,voiture,1,2,1,8,2
201900049381,2019-06-11 17:13:00,2019,6,11,17,13,49,49007,ATLANTIQUE  AVENUE DE L',47.46831,-0.58578,Plein jour,Hors agglomération,Hors intersection,Pluie légère,Autre collision,3,3,7,0,1,1,2,3,1,90,2,2,1,0,1,0,40.0,65.0,deux_roues,voiture,1,1,1,2,6
201900049382,2019-06-09 00:06:00,2019,6,9,0,6,49,49246,LAGRANGE,47.43501,-0.49925,Nuit sans éclairage public,En agglomération,Hors intersection,Normale,Deux véhicules - côté,4,2,2,0,1,1,1,0,1,60,2,4,1,0,0,3,19.0,19.0,voiture,voiture,3,2,1,1,3
201900049383,2019-06-08 13:07:00,2019,6,8,13,7,49,49007,PAUL BERT,47.46548,-0.55031,Plein jour,En agglomération,Hors intersection,Normale,Deux véhicules - arrière,4,2,2,0,1,1,1,0,1,60,2,3,1,0,0,2,22.0,42.0,voiture,voiture,1,2,1,1,2
201900049384,2019-06-08 10:34:00,2019,6,8,10,34,49,49347,ROI RENE BOULEVARD,47.61525,-0.46844,Plein jour,En agglomération,Hors intersection,Temps couvert,Autre collision,4,2,4,2,1,1,2,0,1,30,3,4,3,0,0,1,62.0,56.0,voiture,voiture,1,2,1,8,6
201900049385,2019-06-07 19:11:00,2019,6,7,19,11,49,49007,ATLANTIQUE  AVENUE DE L',47.46762,-0.58482,Plein jour,Hors agglomération,Hors intersection,Pluie légère,Deux véhicules - arrière,3,3,4,0,1,1,2,0,1,90,2,2,1,0,0,1,53.0,26.0,voiture,voiture,1,1,1,2,2
201900049386,2019-06-07 19:40:00,2019,6,7,19,40,49,49007,FLANDRE,47.4809,-0.52748,Plein jour,En agglomération,Intersection en X,Normale,Autre collision,4,2,2,0,1,1,1,8,1,30,2,2,1,0,0,1,20.0,33.0,voiture,voiture,1,2,2,1,6
201900049387,2019-06-06 11:58:00,2019,6,6,11,58,49,49267,BEAUFORT ROUTE,47.46669,-0.49133,Plein jour,En agglomération,Hors intersection,Normale,Sans collision,4,2,2,0,1,1,1,0,1,600,1,1,0,0,0,1,75.0,,deux_roues,,1,2,1,1,7
201900049388,2019-06-05 16:58:00,2019,6,5,16,58,49,49007,LETANDUERE,47.45463,-0.55351,Plein jour,En agglomération,Hors intersection,Normale,Sans collision,4,1,2,1,1,1,1,5,1,20,1,1,0,0,1,0,60.0,,deux_roues,,1,2,1,1,7
201900049389,2019-06-05 18:55:00,2019,6,5,18,55,49,49015,MENDES FRANCE AVENUE PIERRE,47.50745,-0.59021,Plein jour,En agglomération,Hors intersection,Normale,Sans collision,4,2,2,0,1,1,1,0,1,60,1,2,0,0,0,2,22.0,,voiture,,1,2,1,1,7
201900049390,2019-06-04 17:19:00,2019,6,4,17,19,49,49007,PORTET BOULEVARD,47.45708,-0.57226,Plein jour,En agglomération,Hors intersection,Normale,Deux véhicules - arrière,4,2,4,0,1,1,1,0,1,60,2,2,1,0,0,1,19.0,19.0,voiture,voiture,1,2,1,1,2
201900049391,2019-06-04 11:02:00,2019,6,4,11,2,49,49007,MILLOT BOULEVARD JACQUES,47.45401,-0.53581,Plein jour,En agglomération,Hors intersection,Normale,Deux véhicules - côté,4,2,2,0,1,1,1,0,1,60,2,2,1,0,0,1,18.0,34.0,deux_roues,voiture,1,2,1,1,3
201900049392,2019-06-03 17:45:00,2019,6,3,17,45,49,49007,DUMESNIL BOULEVARD,47.4725,-0.5656,Plein jour,En agglomération,Hors intersection,Normale,Sans collision,4,1,2,1,1,1,1,0,1,25,1,1,0,0,1,0,25.0,,deux_roues,,1,2,1,1,7
201900049393,2019-06-03 16:51:00,2019,6,3,16,51,49,49353,VAILLANT,47.45668,-0.50848,Plein jour,En agglomération,Hors intersection,Normale,Deux véhicules - côté,4,2,2,0,1,1,1,0,1,60,2,1,0,0,0,1,63.0,,deux_roues,,1,2,1,1,3
201900049394,2019-06-03 17:35:00,2019,6,3,17,35,49,49007,VOIE DES BERGES,47.4762598,-0.5545092,Plein jour,En agglomération,Hors intersection,Normale,Trois véhicules et plus - en chaîne,3,2,4,0,1,1,1,0,1,60,4,4,3,0,0,1,35.0,66.0,voiture,voiture,1,2,1,1,4
201900049395,2019-06-01 17:12:00,2019,6,1,17,12,49,49007,DOYENNE BOULEVARD ET PASSAGE,47.49122,-0.52958,Plein jour,En agglomération,Hors intersection,Normale,Deux véhicules - frontale,4,2,2,0,1,1,1,0,1,60,2,2,1,0,1,0,26.0,46.0,deux_roues,voiture,1,2,1,1,1
201900049396,2019-05-31 20:28:00,2019,5,31,20,28,49,49007,BRISSAC,47.465402,-0.55036,Plein jour,En agglomération,Intersection en X,Normale,Autre collision,4,2,2,2,1,1,1,0,1,30,2,3,2,0,1,0,62.0,27.0,deux_roues,voiture,1,2,2,1,6
201900049397,2019-05-31 10:27:00,2019,5,31,10,27,49,49007,CANTENAY EPINARD ROUTE,47.5014309,-0.5695974,Plein jour,En agglomération,Hors intersection,Normale,Autre collision,6,-1,0,0,1,1,1,0,1,30,1,2,1,0,1,0,27.0,,voiture,,1,2,1,1,6
201900049398,2019-05-30 11:27:00,2019,5,30,11,27,49,49007,MEIGNANNE,47.48081,-0.57363,Plein jour,En agglomération,Hors intersection,Normale,Autre collision,4,2,2,0,1,1,1,0,1,30,1,2,1,0,0,1,26.0,,voiture,,1,2,1,1,6
201900049399,2019-05-10 23:05:00,2019,5,10,23,5,49,49007,ARAGO BOULEVARD,47.47852,-0.55623,Nuit avec éclairage non allumé,En agglomération,Hors intersection,Normale,Sans collision,4,2,2,0,1,1,2,0,1,50,1,2,1,0,0,1,20.0,,deux_roues,,4,2,1,1,7
201900049400,2019-06-11 14:10:00,2019,6,11,14,10,48,48095,RN 88 (ROUTE DU PUY),44.5265304,3.5146701,Plein jour,Hors agglomération,Hors intersection,Normale,Autre collision,2,3,2,0,1,1,1,2,1,70,1,1,0,0,0,1,66.0,,voiture,,1,1,1,1,6
201900049401,2019-06-05 14:00:00,2019,6,5,14,0,47,47323,1215 SCORAILLES(AVE),44.4135657,0.7559142,Plein jour,En agglomération,Hors intersection,Pluie forte,Deux véhicules - frontale,4,3,2,0,2,3,8,0,1,30,2,2,1,0,1,0,15.0,25.0,deux_roues,voiture,1,2,1,3,1
201900049402,2019-06-17 23:40:00,2019,6,17,23,40,47,47001,14 JUILLET (COURS DU),44.20413,0.62482,Nuit avec éclairage allumé,En agglomération,Intersection en X,Normale,Autre collision,3,3,4,0,1,1,1,5,1,50,1,2,1,0,1,0,18.0,,deux_roues,,5,2,2,1,6
201900049403,2019-06-08 10:40:00,2019,6,8,10,40,47,47001,JASMIN (PLACE),44.2037943,0.6117963,Plein jour,En agglomération,Place,Normale,Autre collision,3,2,4,0,1,1,1,5,1,50,1,2,1,0,1,0,20.0,,voiture,,1,2,7,1,6
201900049404,2019-06-05 08:40:00,2019,6,5,8,40,47,47001,BLUM (AV. LEON),44.20884,0.64258,Plein jour,Hors agglomération,Hors intersection,Pluie légère,Trois véhicules et plus - collisions multiples,3,3,2,0,1,1,2,0,3,50,4,4,2,0,1,1,31.0,35.0,utilitaire_camion,voiture,1,1,1,2,5
201900049405,2019-06-18 14:15:00,2019,6,18,14,15,45,45302,GIRATOIRE GERONDEAU,47.9573905,1.8904306,Plein jour,En agglomération,Giratoire,Normale,Autre collision,3,1,2,0,1,2,1,0,1,50,1,1,0,0,0,1,44.0,,utilitaire_camion,,1,2,6,1,6
201900049406,2019-06-17 17:19:00,2019,6,17,17,19,45,45232,AVENUE DE SOLOGNE - R DE VERDUN,47.8681904,1.9122262,Plein jour,En agglomération,Intersection en X,Normale,Deux véhicules - arrière,4,3,6,0,1,1,1,5,1,70,2,4,1,0,0,3,39.0,45.0,voiture,voiture,1,2,2,1,2
201900049407,2019-06-17 12:30:00,2019,6,17,12,30,45,45234,RUE JEAN D'AULON - R DE CRACOVIE,47.8367971,1.931547,Plein jour,En agglomération,Intersection en T,Normale,Deux véhicules - côté,4,2,2,0,1,1,1,0,1,50,2,2,1,0,0,1,42.0,35.0,voiture,voiture,1,2,3,1,3
201900049408,2019-06-15 01:30:00,2019,6,15,1,30,45,45234, TANGENTIELLE-D2060,47.92444,1.94048,Nuit avec éclairage allumé,En agglomération,Hors intersection,Pluie forte,Autre collision,3,3,4,0,2,3,2,0,1,70,1,3,1,0,0,2,25.0,,voiture,,5,2,1,3,6
201900049409,2019-06-14 16:10:00,2019,6,14,16,10,45,45234,RUE DES CORDIERS,47.9026427,1.920707,Plein jour,En agglomération,Hors intersection,Normale,Autre collision,4,1,1,0,1,1,1,0,1,30,1,2,1,0,0,1,45.0,,voiture,,1,2,1,1,6
201900049410,2019-06-14 15:45:00,2019,6,14,15,45,45,45147,R DE VERDUN - R JEAN JAURES,47.9347298,1.9090564,Plein jour,En agglomération,Intersection en X,Normale,Deux véhicules - côté,4,2,2,1,1,1,1,0,1,50,2,2,1,0,0,1,66.0,33.0,deux_roues,voiture,1,2,2,1,3
201900049411,2019-06-14 09:00:00,2019,6,14,9,0,45,45284,TANGENTIELLE-SORTIE 11,47.924014,1.990377,Plein jour,Hors agglomération,Hors intersection,Normale,Deux véhicules - arrière,3,1,2,0,2,1,2,0,1,50,2,2,1,0,0,1,30.0,30.0,voiture,voiture,1,1,1,1,2
201900049412,2019-06-13 19:00:00,2019,6,13,19,0,45,45302,BRETELLE D ACCES TANGENTIELLE,47.9438326,1.8888203,Plein jour,En agglomération,Hors intersection,Normale,Sans collision,3,3,4,0,1,1,1,0,1,90,1,1,0,0,0,1,28.0,,deux_roues,,1,2,1,1,7
201900049413,2019-06-13 02:50:00,2019,6,13,2,50,45,45302,TANGENTIELLE-D520,47.9391211,1.8884996,Nuit avec éclairage allumé,Hors agglomération,Hors intersection,Normale,Deux véhicules - arrière,3,3,4,0,1,1,1,0,1,90,2,2,1,0,1,0,46.0,51.0,voiture,voiture,5,1,1,1,2
201900049414,2019-06-12 17:20:00,2019,6,12,17,20,45,45284,AVENUE DENIS PAPIN,47.9144844,1.949349,Plein jour,En agglomération,Hors intersection,Pluie forte,Trois véhicules et plus - en chaîne,4,2,1,1,2,2,2,0,1,50,5,4,2,0,0,2,28.0,54.0,voiture,voiture,1,2,1,3,4