accident_id,datetime,annee,mois,jour,heure,minute,departement,commune_insee,adresse,latitude,longitude,luminosite,agglomeration,intersection,meteo,collision,catr,circ,nbv,vosp,prof,plan,surf,infra,situ,vma,nb_vehicules,nb_usagers,nb_indemnes,nb_tues,nb_blesses_hosp,nb_blesses_legers,age_cond_1,age_cond_2,veh_type_cond_1,veh_type_cond_2,lum_code,agg_code,int_code,atm_code,col_code
201900049415,2019-06-11 17:40:00,2019,6,11,17,40,45,45302,D2701,47.94887,1.8616,Plein jour,En agglomération,Hors intersection,Pluie légère,Trois véhicules et plus - collisions multiples,3,3,4,0,1,1,2,0,1,90,3,3,1,0,0,2,55.0,20.0,voiture,voiture,1,2,1,2,5
201900049416,2019-06-11 14:45:00,2019,6,11,14,45,45,45298,GIRATOIRE RTE DE ST MESMIN,47.88043,1.86468,Plein jour,En agglomération,Giratoire,Pluie légère,Deux véhicules - côté,4,2,2,0,1,3,2,0,1,50,2,3,2,0,0,1,38.0,61.0,voiture,utilitaire_camion,1,2,6,2,3
201900049417,2019-06-11 11:05:00,2019,6,11,11,5,45,45234,AV R SECRETAIN - R DE LA MOUILLERE,47.8799,1.9081,Plein jour,En agglomération,Intersection en X,Normale,Deux véhicules - arrière,4,3,2,0,1,1,1,0,1,70,2,3,1,0,0,2,41.0,31.0,voiture,voiture,1,2,2,1,2
201900049418,2019-06-07 11:45:00,2019,6,7,11,45,45,45234,AV DU PARC FLORAL - CHEMIN DE COBSON,47.8462515,1.9410273,Plein jour,En agglomération,Intersection en X,Pluie légère,Deux véhicules - côté,4,2,2,1,1,1,1,0,1,50,2,2,1,0,0,1,68.0,32.0,voiture,voiture,1,2,2,2,3
201900049419,2019-06-06 09:05:00,2019,6,6,9,5,45,45285,CHEMIN DE CHAINGY,47.902569,1.870828,Plein jour,En agglomération,Hors intersection,Normale,Autre collision,4,-1,2,0,1,1,1,0,4,30,1,2,1,0,0,1,25.0,,utilitaire_camion,,1,2,1,1,6
201900049420,2019-06-05 17:55:00,2019,6,5,17,55,45,45232,RUE DE LA BERGERESSE,47.84883,1.91264,Plein jour,En agglomération,Hors intersection,Pluie légère,Deux véhicules - côté,4,2,2,0,1,1,2,0,1,50,2,2,1,0,0,1,63.0,22.0,utilitaire_camion,utilitaire_camion,1,2,1,2,3
201900049421,2019-06-04 19:00:00,2019,6,4,19,0,45,45234,AV R SECRETAIN - AV W BAUDIN,47.88407,1.89817,Plein jour,En agglomération,Intersection en X,Normale,Deux véhicules - côté,4,2,2,0,1,1,1,5,1,50,2,3,1,0,0,2,31.0,20.0,voiture,voiture,1,2,2,1,3
201900049422,2019-06-04 13:10:00,2019,6,4,13,10,45,45234,QUAI DE PRAGUE,47.8947213,1.9032875,Plein jour,En agglomération,Hors intersection,Normale,Sans collision,3,2,2,0,1,1,1,0,1,50,1,1,0,0,0,1,40.0,,deux_roues,,1,2,1,1,7
201900049423,2019-06-03 15:08:00,2019,6,3,15,8,45,45234,RUE EUGENE VIGNAT,47.907487,1.910513,Plein jour,En agglomération,Hors intersection,Normale,Autre collision,4,2,2,2,1,1,1,4,6,50,1,2,1,0,1,0,42.0,,transport_commun,,1,2,1,1,6
201900049424,2019-06-02 18:15:00,2019,6,2,18,15,45,45285,RUE GAMBETTA - RUE C BEAUHAIRE,47.90981,1.88156,Plein jour,En agglomération,Intersection en T,Normale,Autre collision,4,2,2,0,1,1,1,0,1,50,1,3,2,0,0,1,22.0,,voiture,,1,2,3,1,6
201900049425,2019-06-01 17:30:00,2019,6,1,17,30,45,45147,Rue des Droits de l'Enfant,47.9266489,1.9140747,Plein jour,En agglomération,Giratoire,Normale,Autre collision,4,2,2,0,1,1,1,0,4,30,1,2,0,0,0,2,23.0,,utilitaire_camion,,1,2,6,1,6
201900049426,2019-06-01 16:04:00,2019,6,1,16,4,45,45234,ROUTE D'OLIVET,47.881,1.90337,Plein jour,En agglomération,Hors intersection,Normale,Trois véhicules et plus - en chaîne,4,2,2,0,1,1,1,0,1,50,3,6,2,0,0,4,54.0,33.0,voiture,voiture,1,2,1,1,4
201900049427,2019-06-01 10:10:00,2019,6,1,10,10,45,45302,GIRATOIRE D2020,47.958098,1.890255,Plein jour,En agglomération,Hors intersection,Normale,Trois véhicules et plus - en chaîne,3,3,4,0,1,1,1,0,1,50,3,4,2,0,0,2,22.0,51.0,voiture,voiture,1,2,1,1,4
201900049428,2019-05-29 08:20:00,2019,5,29,8,20,45,45147,RUE VICTOR HUGO,47.923543,1.90482,Plein jour,En agglomération,Hors intersection,Normale,Deux véhicules - côté,4,-1,2,0,1,1,1,0,1,50,2,2,1,0,0,1,55.0,24.0,utilitaire_camion,deux_roues,1,2,1,1,3
201900049429,2019-06-14 14:45:00,2019,6,14,14,45,45,45004,RD 2060,47.9694974,2.7284376,Plein jour,Hors agglomération,Hors intersection,Normale,Deux véhicules - arrière,3,3,4,0,1,3,1,0,1,90,2,2,1,0,0,1,78.0,22.0,voiture,utilitaire_camion,1,1,1,1,2
201900049430,2019-06-12 17:55:00,2019,6,12,17,55,45,45208,R CARNOT - R SERMONT,48.003861,2.738905,Plein jour,En agglomération,Intersection en X,Normale,Autre collision,4,2,2,0,1,1,1,0,1,50,2,3,2,0,0,1,36.0,19.0,voiture,voiture,1,2,2,1,6
201900049431,2019-06-11 13:00:00,2019,6,11,13,0,45,45208,RUE EMILE DECOURT - RUE ROUX-FEDRY,47.998268,2.746397,Plein jour,En agglomération,Intersection en X,Normale,Deux véhicules - côté,4,2,2,0,1,1,1,2,1,30,2,2,1,0,0,1,67.0,84.0,voiture,voiture,1,2,2,1,3
201900049432,2019-06-06 05:15:00,2019,6,6,5,15,45,45004,BRETELLE SORTIE RD 2060,48.001248,2.781822,Nuit sans éclairage public,Hors agglomération,Autre intersection,Temps couvert,Autre collision,3,2,1,0,1,3,2,3,1,70,1,1,0,0,0,1,26.0,,voiture,,3,1,9,8,6
201900049433,2019-06-01 19:30:00,2019,6,1,19,30,45,45208,RUE J.F KENNEDY - RUE CLAUDIE ROLFE,47.99948,2.72108,Plein jour,En agglomération,Intersection en X,Normale,Deux véhicules - côté,4,2,2,0,1,1,1,0,1,30,2,2,1,0,0,1,19.0,22.0,deux_roues,voiture,1,2,2,1,3
201900049434,2019-06-17 09:15:00,2019,6,17,9,15,44,44184,BASSINS (ROUTE DES),47.28387,-2.24156,Plein jour,En agglomération,Hors intersection,Normale,Deux véhicules - arrière,4,2,2,0,2,1,1,0,1,50,2,2,1,0,0,1,79.0,29.0,voiture,voiture,1,2,1,1,2
201900049435,2019-06-18 08:00:00,2019,6,18,8,0,44,44184,APPRENTIS (BOULEVARD DES),47.292212,-2.191448,Plein jour,En agglomération,Hors intersection,Normale,Deux véhicules - frontale,4,2,2,0,1,1,1,0,1,50,2,2,1,0,1,0,57.0,45.0,utilitaire_camion,voiture,1,2,1,1,1
201900049436,2019-06-14 13:25:00,2019,6,14,13,25,44,44184, AVENUES FRANÇOIS MITTERRAND/LEO LAGRANGE,47.26936,-2.22829,Plein jour,En agglomération,Intersection en X,Normale,Deux véhicules - côté,4,-1,2,0,1,1,1,0,1,50,2,2,1,0,0,1,53.0,45.0,deux_roues,voiture,1,2,2,1,3
201900049437,2019-06-11 14:45:00,2019,6,11,14,45,44,44184,NEYMAN (BOULEVARD JEAN DE),47.27792,-2.23827,Plein jour,En agglomération,Hors intersection,Pluie légère,Autre collision,4,2,2,0,1,1,2,0,1,50,1,2,1,0,0,1,34.0,,voiture,,1,2,1,2,6
201900049438,2019-06-02 10:35:00,2019,6,2,10,35,44,44184,VECQUERIE (RUE DE LA),47.25646,-2.26294,Plein jour,En agglomération,Hors intersection,Normale,Deux véhicules - côté,4,2,2,0,1,1,1,0,1,50,2,2,1,0,0,1,46.0,65.0,voiture,deux_roues,1,2,1,1,3
201900049439,2019-06-17 20:40:00,2019,6,17,20,40,44,44109,BOULEVARD DE LA BEAUJOIRE,47.2589251,-1.5279592,Plein jour,En agglomération,Hors intersection,Normale,Deux véhicules - côté,4,2,0,0,1,1,1,0,1,50,2,2,1,0,1,0,39.0,48.0,deux_roues,voiture,1,2,1,1,3
201900049440,2019-06-16 03:05:00,2019,6,16,3,5,44,44109,BOULEVARD DE LA PRAIRIE AU DUC,47.20401,-1.56623,Nuit avec éclairage allumé,En agglomération,Hors intersection,Normale,Sans collision,4,2,0,0,1,1,1,0,1,50,1,1,0,0,0,1,25.0,,deux_roues,,5,2,1,1,7
201900049441,2019-06-15 11:05:00,2019,6,15,11,5,44,44109,RUE FENELON,47.2171,-1.55401,Plein jour,En agglomération,Place,Normale,Autre collision,4,1,0,0,1,3,1,6,1,20,1,2,1,0,1,0,65.0,,voiture,,1,2,7,1,6
201900049442,2019-06-13 16:00:00,2019,6,13,16,0,44,44162,BOULEVARD PROFESSEUR JACQUES MONOD,47.248658,-1.634428,Plein jour,En agglomération,Intersection en X,Normale,Deux véhicules - côté,7,2,0,0,1,1,1,0,1,80,2,2,1,0,0,1,54.0,48.0,voiture,utilitaire_camion,1,2,2,1,3
201900049443,2019-06-13 19:00:00,2019,6,13,19,0,44,44162,BOULEVARD SALVADOR ALLENDE,47.22081,-1.62998,Plein jour,En agglomération,Hors intersection,Normale,Deux véhicules - côté,4,1,0,1,1,1,1,0,1,50,2,2,1,0,0,1,42.0,26.0,deux_roues,voiture,1,2,1,1,3
201900049444,2019-06-13 17:20:00,2019,6,13,17,20,44,44143,RUE CHARLES RIVIERE,47.17711,-1.54415,Plein jour,En agglomération,Hors intersection,Normale,Deux véhicules - arrière,4,2,0,0,1,1,1,0,1,50,2,2,1,0,0,1,35.0,55.0,deux_roues,utilitaire_camion,1,2,1,1,2
201900049445,2019-06-13 12:10:00,2019,6,13,12,10,44,44109,RUE DE LA BOURGEONNIERE,47.25197,-1.55128,Plein jour,En agglomération,Hors intersection,Normale,Deux véhicules - arrière,4,2,0,0,1,1,1,0,1,50,2,2,1,0,1,0,20.0,39.0,deux_roues,voiture,1,2,1,1,2
201900049446,2019-06-07 09:30:00,2019,6,7,9,30,44,44109,RUE DU CHAPEAU ROUGE,47.215,-1.55961,Plein jour,En agglomération,Hors intersection,Pluie légère,Autre collision,4,2,1,0,2,3,2,0,1,30,1,2,1,1,0,0,32.0,,voiture,,1,2,1,2,6
201900049447,2019-06-03 14:05:00,2019,6,3,14,5,44,44109,BOULEVARD DU TERTRE,47.21751,-1.60424,Plein jour,En agglomération,Hors intersection,Normale,Sans collision,4,-1,0,0,1,1,1,0,1,30,1,1,0,0,0,1,61.0,,deux_roues,,1,2,1,1,7
201900049448,2019-05-29 17:43:00,2019,5,29,17,43,44,44109,BD ESTUAIRE / RUE GROLEAU,47.2045134,-1.5544606,Plein jour,En agglomération,Intersection en T,Normale,Deux véhicules - côté,4,2,0,0,1,1,1,0,1,50,2,2,1,0,0,1,22.0,37.0,voiture,deux_roues,1,2,3,1,3
201900049449,2019-06-09 03:24:00,2019,6,9,3,24,44,44132,avenues de la plage / barthou,47.26065,-2.33967,Nuit sans éclairage public,En agglomération,Intersection en Y,Normale,Deux véhicules - frontale,4,-1,0,0,1,1,1,0,1,50,2,5,1,0,0,4,53.0,21.0,voiture,voiture,3,2,4,1,1
201900049450,2019-06-02 18:00:00,2019,6,2,18,0,44,44109,RUE L'OUCHE DE VERSAILLES,47.22894,-1.55484,Plein jour,En agglomération,Hors intersection,Normale,Autre collision,4,2,1,0,1,1,1,0,1,30,1,2,1,0,1,0,20.0,,deux_roues,,1,2,1,1,6
201900049451,2019-06-06 12:05:00,2019,6,6,12,5,43,43041,DUPUY (AVENUE CHARLES),45.0480499,3.9232411,Plein jour,En agglomération,Intersection en T,Normale,Deux véhicules - côté,3,2,2,0,1,3,1,5,1,50,2,2,1,0,0,1,47.0,16.0,voiture,deux_roues,1,2,3,1,3
201900049452,2019-06-10 15:05:00,2019,6,10,15,5,42,42186,CHEMIN DEPARTEMENTAL 88,45.5305096,4.6197067,Plein jour,En agglomération,Hors intersection,Temps couvert,Deux véhicules - côté,3,2,2,0,1,1,2,0,1,50,2,3,0,0,0,3,38.0,45.0,voiture,voiture,1,2,1,8,3
201900049453,2019-06-16 09:54:00,2019,6,16,9,54,42,42170,R.D 504,46.03881,4.11103,Plein jour,Hors agglomération,Intersection en T,Normale,Deux véhicules - côté,3,2,2,0,4,1,1,0,1,50,2,2,1,0,1,0,76.0,38.0,voiture,deux_roues,1,1,3,1,3
201900049454,2019-06-14 12:10:00,2019,6,14,12,10,42,42187,JAURES (RUE JEAN),46.03483,4.07371,Plein jour,En agglomération,Hors intersection,Pluie forte,Autre collision,4,2,2,0,1,1,1,0,1,50,1,2,1,0,1,0,19.0,,deux_roues,,1,2,1,3,6
201900049455,2019-06-14 23:45:00,2019,6,14,23,45,42,42184,FOCH MARECHAL (RUE),46.0395,4.0376,Nuit avec éclairage allumé,En agglomération,Autre intersection,Pluie légère,Deux véhicules - côté,3,-1,2,0,2,1,2,0,1,50,2,3,2,0,0,1,19.0,23.0,voiture,voiture,5,2,9,2,3
201900049456,2019-06-14 09:35:00,2019,6,14,9,35,42,42127,Route nationale 7,46.06837,4.05083,Plein jour,En agglomération,Hors intersection,Normale,Autre collision,2,2,2,0,2,1,1,0,1,50,2,2,1,0,1,0,52.0,68.0,voiture,deux_roues,1,2,1,1,6
201900049457,2019-06-13 20:46:00,2019,6,13,20,46,42,42187,DORMOY (RUE MARX),46.04046,4.06776,Plein jour,En agglomération,Intersection en X,Normale,Sans collision,4,2,2,0,1,1,1,0,1,50,1,1,0,0,0,1,16.0,,deux_roues,,1,2,2,1,7
201900049458,2019-06-05 07:10:00,2019,6,5,7,10,42,42187,NANCY (BD de ),46.05785,4.08357,Plein jour,En agglomération,Hors intersection,Normale,Deux véhicules - côté,4,2,2,0,1,1,1,9,1,50,2,2,0,0,1,1,53.0,37.0,voiture,deux_roues,1,2,1,1,3
201900049459,2019-06-14 18:50:00,2019,6,14,18,50,42,42095,TREMOLLET (RUE),45.38485,4.28401,Plein jour,En agglomération,Hors intersection,Normale,Autre collision,4,3,2,0,2,1,1,0,1,50,1,2,1,0,1,0,18.0,,deux_roues,,1,2,1,1,6
201900049460,2019-06-14 16:45:00,2019,6,14,16,45,42,42095,HUGO (RUE VICTOR),45.3784,4.2734,Plein jour,En agglomération,Giratoire,Temps couvert,Deux véhicules - côté,4,3,0,0,1,1,1,0,1,50,2,2,0,0,0,2,90.0,23.0,voiture,voiture,1,2,6,8,3
201900049461,2019-06-07 10:30:00,2019,6,7,10,30,42,42044,RD 10,45.38635,4.31724,Plein jour,Hors agglomération,Hors intersection,Normale,Deux véhicules - côté,3,-1,2,0,2,2,1,0,1,50,2,2,1,0,1,0,67.0,52.0,voiture,deux_roues,1,1,1,1,3
201900049462,2019-06-06 13:15:00,2019,6,6,13,15,42,42095,SAINT-CHARLES (BOULEVARD),45.38601,4.28294,Plein jour,En agglomération,Giratoire,Normale,Autre collision,4,3,2,0,1,1,1,0,1,50,2,2,1,0,0,1,53.0,59.0,deux_roues,voiture,1,2,6,1,6
201900049463,2019-06-02 10:10:00,2019,6,2,10,10,42,42316,JAURES (RUE JEAN),45.39543,4.281359,Plein jour,En agglomération,Hors intersection,Normale,Autre collision,4,-1,1,0,1,1,1,0,1,30,1,2,1,0,1,0,45.0,,voiture,,1,2,1,1,6
201900049464,2019-06-07 13:45:00,2019,6,7,13,45,41,41269,RONSARD (AVENUE) (SECTEUR 3),47.79844,1.04516,Plein jour,En agglomération,Hors intersection,Normale,Autre collision,4,2,2,0,1,1,1,0,1,50,1,2,1,0,0,1,44.0,,utilitaire_camion,,1,2,1,1,6
201900049465,2019-06-01 17:05:00,2019,6,1,17,5,41,41269,CHARTRAIN (FAUBOURG),47.79554,1.06785,Plein jour,En agglomération,Hors intersection,Normale,Autre collision,4,2,2,0,1,1,1,0,1,30,1,2,1,0,1,0,24.0,,utilitaire_camion,,1,2,1,1,6
201900049466,2019-06-12 12:40:00,2019,6,12,12,40,41,41018,DUPUIS (BOULEVARD DANIEL),47.58112,1.32191,Plein jour,En agglomération,Hors intersection,Normale,Deux véhicules - arrière,4,2,2,0,2,3,2,0,1,50,2,2,1,0,0,1,53.0,53.0,voiture,voiture,1,2,1,1,2
201900049467,2019-06-03 10:15:00,2019,6,3,10,15,41,41018,SCHUMAN (AVENUE ROBERT),47.60564,1.33137,Plein jour,En agglomération,Hors intersection,Pluie légère,Autre collision,6,-1,0,0,1,1,2,0,1,25,1,2,1,0,1,0,63.0,,utilitaire_camion,,1,2,1,2,6
201900049468,2019-06-03 04:50:00,2019,6,3,4,50,41,41018,FRANCE (AVENUE DE)  1,47.59827,1.31773,Nuit avec éclairage allumé,En agglomération,Hors intersection,Normale,Sans collision,4,2,2,0,1,1,1,0,1,50,1,1,0,0,0,1,22.0,,voiture,,5,2,1,1,7
201900049469,2019-06-02 06:00:00,2019,6,2,6,0,38,38563,rocade ouest,45.37297,5.56978,Crépuscule ou aube,Hors agglomération,Hors intersection,Normale,Autre collision,3,2,2,0,1,1,1,0,1,90,1,2,0,0,1,1,25.0,,voiture,,2,1,1,1,6
201900049470,2019-06-11 18:25:00,2019,6,11,18,25,38,38544,MALISSOL(MONTEE DE),45.518519,4.918195,Plein jour,En agglomération,Hors intersection,Normale,Deux véhicules - côté,4,2,1,0,1,1,1,0,1,50,2,3,1,0,0,2,27.0,48.0,voiture,voiture,1,2,1,1,3
201900049471,2019-06-14 18:50:00,2019,6,14,18,50,38,38185,RUE JEAN MACÉ,45.19218,5.71598,Plein jour,En agglomération,Intersection en X,Autre,Deux véhicules - frontale,4,2,2,1,1,1,1,0,1,50,2,2,1,0,0,1,34.0,24.0,deux_roues,voiture,1,2,2,9,1
201900049472,2019-06-14 16:25:00,2019,6,14,16,25,38,38185,MARCEAU (RUE),45.18227,5.72245,Plein jour,En agglomération,Hors intersection,Normale,Autre collision,4,2,4,1,1,1,1,0,2,50,1,4,1,0,2,1,43.0,,voiture,,1,2,1,1,6
201900049473,2019-06-13 18:30:00,2019,6,13,18,30,38,38421,RN 87,45.168923,5.7603712,Plein jour,Hors agglomération,Hors intersection,Normale,Autre collision,2,1,2,0,1,1,1,0,1,90,2,2,1,0,0,1,58.0,39.0,deux_roues,utilitaire_camion,1,1,1,1,6
201900049474,2019-06-01 16:40:00,2019,6,1,16,40,38,38421,AVENUE AMBROISE CROIZAT,45.1826,5.75903,Plein jour,En agglomération,Hors intersection,Normale,Deux véhicules - frontale,3,2,2,0,1,1,1,0,1,30,2,1,0,0,1,0,32.0,,deux_roues,,1,2,1,1,1
201900049475,2019-06-01 14:50:00,2019,6,1,14,50,38,38185,BERTHELOT (AV. M.)MALLIFAUD/RUE E. ZOLA,45.18159,5.73165,Plein jour,En agglomération,Hors intersection,Normale,Deux véhicules - côté,4,-1,2,1,1,1,1,0,1,50,2,2,0,0,0,2,24.0,44.0,deux_roues,deux_roues,1,2,1,1,3
201900049476,2019-05-30 17:45:00,2019,5,30,17,45,38,38169,BOULEVARD JOLIOT-CURIE,45.19753,5.69343,Plein jour,En agglomération,Intersection en X,Normale,Deux véhicules - côté,4,-1,2,3,1,1,1,0,1,50,2,2,1,0,1,0,48.0,47.0,deux_roues,utilitaire_camion,1,2,2,1,3
201900049477,2019-05-30 16:30:00,2019,5,30,16,30,38,38151,JAURES (COURS J. 1 A 48-75),45.15182,5.70696,Plein jour,En agglomération,Intersection en X,Normale,Deux véhicules - côté,3,1,3,0,1,1,1,0,1,50,2,4,0,0,0,4,26.0,45.0,voiture,voiture,1,2,2,1,3
201900049478,2019-05-29 16:20:00,2019,5,29,16,20,38,38421,RN87,45.1685863,5.7598195,Plein jour,Hors agglomération,Hors intersection,Normale,Trois véhicules et plus - en chaîne,2,1,2,0,1,1,1,0,1,90,3,3,1,0,0,2,51.0,72.0,voiture,voiture,1,1,1,1,4
201900049479,2019-06-18 09:59:00,2019,6,18,9,59,37,37261,HEURTELOUP (BOULEVARD),47.393,0.702,Plein jour,En agglomération,Hors intersection,Normale,Deux véhicules - côté,4,3,2,0,1,1,1,0,1,50,2,2,1,0,0,1,13.0,88.0,deux_roues,voiture,1,2,1,1,3
201900049480,2019-06-17 07:50:00,2019,6,17,7,50,37,37261,RN 76 - Route de St Avertin,47.3644952,0.7072704,Plein jour,En agglomération,Hors intersection,Normale,Trois véhicules et plus - en chaîne,3,2,2,0,1,1,1,0,1,50,3,3,2,0,0,1,34.0,20.0,voiture,voiture,1,2,1,1,4
201900049481,2019-02-24 05:15:00,2019,2,24,5,15,79,79100,"RD648, PK 12+800",46.363723,-0.556339,Nuit sans éclairage public,Hors agglomération,Hors intersection,Normale,Autre collision,3,2,2,0,1,1,1,0,3,80,1,1,0,0,1,0,35.0,,voiture,,3,1,1,1,6
201900049482,2019-02-23 08:50:00,2019,2,23,8,50,80,80295,D1,49.941454,2.688893,Plein jour,Hors agglomération,Intersection en X,Normale,Deux véhicules - côté,3,2,2,-1,1,1,1,0,1,80,2,4,2,0,1,1,41.0,50.0,voiture,deux_roues,1,1,2,1,3
201900049483,2019-02-22 13:12:00,2019,2,22,13,12,80,80497,D938 PK 80+000,50.27364,1.79971,Plein jour,Hors agglomération,Hors intersection,Normale,Deux véhicules - côté,3,2,2,0,1,3,1,0,1,80,2,2,1,0,1,0,55.0,44.0,deux_roues,utilitaire_camion,1,1,1,1,3
201900049484,2019-02-22 11:30:00,2019,2,22,11,30,80,80443,D51,49.842729,1.913212,Plein jour,Hors agglomération,Hors intersection,Normale,Deux véhicules - côté,3,2,2,0,1,1,1,0,1,80,2,2,1,0,1,0,71.0,84.0,deux_roues,voiture,1,1,1,1,3
201900049485,2019-02-22 19:30:00,2019,2,22,19,30,82,82157,"Lieu-dit ""Périgord""",44.341938,0.921073,Nuit sans éclairage public,En agglomération,Hors intersection,Normale,Sans collision,4,2,2,0,2,3,1,0,3,50,1,1,0,1,0,0,75.0,,utilitaire_camion,,3,2,1,1,7
201900049486,2019-02-21 14:45:00,2019,2,21,14,45,69,69006,"RD10 Lieu-dit Rébé""",45.986691,4.342591,Plein jour,Hors agglomération,Hors intersection,Temps éblouissant,Deux véhicules - côté,3,2,2,1,1,3,1,0,1,80,2,3,1,0,0,2,81.0,34.0,voiture,voiture,1,1,1,7,3
201900049487,2019-02-21 13:00:00,2019,2,21,13,0,69,69063,rue Blaise Pascal,45.81873,4.85077,Plein jour,En agglomération,Hors intersection,Temps éblouissant,Autre collision,4,2,2,0,1,1,1,0,1,50,1,2,1,0,1,0,24.0,,utilitaire_camion,,1,2,1,7,6
201900049488,2019-02-21 16:45:00,2019,2,21,16,45,69,69168,rue henri bouchard,45.839965,4.83527,Plein jour,En agglomération,Hors intersection,Temps éblouissant,Autre collision,4,2,2,0,1,2,1,0,1,50,1,2,1,0,1,0,49.0,,voiture,,1,2,1,7,6
201900049489,2019-02-23 12:30:00,2019,2,23,12,30,81,81164,Cambou,43.794544,1.671471,Plein jour,Hors agglomération,Hors intersection,Normale,Autre collision,3,2,2,0,2,3,1,0,1,80,2,2,1,0,1,0,24.0,24.0,voiture,deux_roues,1,1,1,1,6
201900049490,2019-02-23 07:50:00,2019,2,23,7,50,11,11355,D19,43.106032,2.19583,Crépuscule ou aube,Hors agglomération,Hors intersection,Normale,Sans collision,3,2,2,0,1,1,1,0,8,80,1,1,0,0,1,0,22.0,,voiture,,2,1,1,1,7
201900049491,2019-02-22 11:30:00,2019,2,22,11,30,11,11009,D34,43.242284,2.181187,Plein jour,Hors agglomération,Passage à niveau,Normale,Autre collision,3,2,2,0,1,1,1,4,8,80,2,2,1,1,0,0,58.0,45.0,voiture,transport_commun,1,1,8,1,6
201900049492,2019-02-21 16:45:00,2019,2,21,16,45,71,71514,lieu-dit condé,46.731848,5.277742,Plein jour,Hors agglomération,Hors intersection,Normale,Deux véhicules - côté,3,2,2,0,2,2,1,0,1,80,2,3,2,0,1,0,57.0,80.0,deux_roues,deux_roues,1,1,1,1,3
201900049493,2019-02-24 16:40:00,2019,2,24,16,40,71,71230,Rue de la Paix,46.60613,4.055333,Plein jour,En agglomération,Intersection en X,Normale,Deux véhicules - arrière,4,2,2,0,1,1,1,6,1,50,2,3,0,0,1,2,15.0,15.0,deux_roues,deux_roues,1,2,2,1,2
201900049494,2019-02-22 21:59:00,2019,2,22,21,59,89,89201,D5,47.901616,3.617275,Nuit sans éclairage public,Hors agglomération,Hors intersection,Normale,Deux véhicules - arrière,3,2,2,0,1,1,1,0,1,80,2,2,1,0,0,1,60.0,30.0,utilitaire_camion,voiture,3,1,1,1,2
201900049495,2019-02-24 14:25:00,2019,2,24,14,25,63,63210,19 rue des recollets/montagon,45.9259626,3.3335922,Plein jour,En agglomération,Intersection en X,Normale,Deux véhicules - côté,4,1,1,0,1,1,1,0,1,50,2,2,1,0,0,1,15.0,57.0,deux_roues,voiture,1,2,2,1,3
201900049496,2019-02-22 16:45:00,2019,2,22,16,45,61,61094,D962,48.69681,-0.579439,Plein jour,Hors agglomération,Hors intersection,Normale,Deux véhicules - arrière,3,2,2,0,2,1,1,0,1,80,2,2,1,0,1,0,38.0,78.0,utilitaire_camion,voiture,1,1,1,1,2
201900049497,2019-02-24 02:20:00,2019,2,24,2,20,61,61084,La Chardiniere,48.788569,-0.234613,Nuit sans éclairage public,Hors agglomération,Hors intersection,Normale,Autre collision,3,2,2,0,1,1,1,0,3,80,1,1,0,0,1,0,29.0,,voiture,,3,1,1,1,6
201900049498,2019-02-22 16:50:00,2019,2,22,16,50,49,49112,les ruaux,47.185344,-0.113091,Plein jour,Hors agglomération,Hors intersection,Normale,Sans collision,4,2,2,0,1,1,1,0,1,50,1,1,0,0,1,0,16.0,,deux_roues,,1,1,1,1,7
201900049499,2019-02-21 18:45:00,2019,2,21,18,45,49,49041,Route départementale 10,47.28824,0.047785,Nuit sans éclairage public,Hors agglomération,Intersection en X,Normale,Trois véhicules et plus - collisions multiples,3,2,3,0,1,1,1,0,1,80,3,5,4,0,1,0,84.0,31.0,voiture,voiture,3,1,2,1,5
201900049500,2019-02-10 12:45:00,2019,2,10,12,45,68,68240,rue de RUEDERBACH,47.561407,7.288329,Plein jour,Hors agglomération,Hors intersection,Normale,Sans collision,4,2,2,0,2,3,1,0,3,45,1,2,0,0,2,0,41.0,,voiture,,1,1,1,1,7
201900049501,2019-02-24 01:15:00,2019,2,24,1,15,22,22236,14 rue du manoir,48.66829,-2.980861,Nuit avec éclairage non allumé,En agglomération,Hors intersection,Normale,Autre collision,3,2,2,0,1,3,1,0,3,50,1,2,1,0,1,0,35.0,,utilitaire_camion,,4,2,1,1,6
201900049502,2019-02-22 21:30:00,2019,2,22,21,30,39,39176,,46.996323,5.790843,Nuit sans éclairage public,Hors agglomération,Hors intersection,Normale,Autre collision,3,2,2,0,2,2,1,2,3,70,1,2,1,0,1,0,59.0,,voiture,,3,1,1,1,6
201900049503,2019-02-22 13:00:00,2019,2,22,13,0,44,44023,RN171,47.419062,-1.845925,Plein jour,En agglomération,Hors intersection,Normale,Autre collision,2,2,2,0,1,1,1,9,1,50,1,2,1,0,1,0,30.0,,voiture,,1,2,1,1,6
201900049504,2019-02-21 08:00:00,2019,2,21,8,0,35,35109,La Miochère,48.064879,-1.179209,Plein jour,Hors agglomération,Intersection en X,Brouillard / fumée,Deux véhicules - côté,3,2,2,0,2,1,2,0,1,80,2,2,1,0,1,0,34.0,27.0,deux_roues,voiture,1,1,2,5,3
201900049505,2019-02-22 14:22:00,2019,2,22,14,22,29,29184,Kergenetal Ty Bras - D75,48.594819,-3.9916466,Plein jour,Hors agglomération,Hors intersection,Normale,Deux véhicules - frontale,3,2,2,0,1,1,1,0,1,80,2,3,1,0,2,0,23.0,45.0,voiture,deux_roues,1,1,1,1,1
201900049506,2019-02-21 22:00:00,2019,2,21,22,0,29,29075,rond-point de palaren,48.3970332,-4.4351182,Nuit avec éclairage allumé,En agglomération,Hors intersection,Normale,Deux véhicules - côté,4,2,2,0,1,1,1,1,1,30,2,5,1,0,0,4,42.0,27.0,voiture,voiture,5,2,1,1,3