accident_id,datetime,annee,mois,jour,heure,minute,departement,commune_insee,adresse,latitude,longitude,luminosite,agglomeration,intersection,meteo,collision,catr,circ,nbv,vosp,prof,plan,surf,infra,situ,vma,nb_vehicules,nb_usagers,nb_indemnes,nb_tues,nb_blesses_hosp,nb_blesses_legers,age_cond_1,age_cond_2,veh_type_cond_1,veh_type_cond_2,lum_code,agg_code,int_code,atm_code,col_code
201900049507,2019-02-23 04:15:00,2019,2,23,4,15,31,31517,D4,43.310965,1.326345,Nuit sans éclairage public,Hors agglomération,Hors intersection,Normale,Autre collision,3,2,2,0,1,1,1,0,1,80,1,1,0,0,1,0,46.0,,deux_roues,,3,1,1,1,6
201900049508,2019-02-24 10:10:00,2019,2,24,10,10,31,31574,"Avenue de la Mairie, parking du Leader Price",43.433735,1.432067,Plein jour,En agglomération,Hors intersection,Normale,Autre collision,6,-1,-1,0,1,1,1,0,8,50,1,2,1,0,1,0,52.0,,voiture,,1,2,1,1,6
201900049509,2019-02-20 18:24:00,2019,2,20,18,24,31,31033,55 route de TOULOUSE,43.358817,1.465434,Crépuscule ou aube,En agglomération,Hors intersection,Normale,Autre collision,3,-1,2,0,1,1,1,0,4,50,1,2,1,0,0,1,21.0,,voiture,,2,2,1,1,6
201900049510,2019-02-23 14:15:00,2019,2,23,14,15,31,31232,"PR 64+600, CD 17",43.766517,1.279145,Plein jour,Hors agglomération,Hors intersection,Normale,Deux véhicules - frontale,3,2,2,0,1,1,1,0,1,80,2,2,0,0,0,2,46.0,22.0,voiture,voiture,1,1,1,1,1
201900049511,2019-02-21 17:00:00,2019,2,21,17,0,2,02054,RN 31 -,49.313955,3.609962,Plein jour,Hors agglomération,Intersection en T,Normale,Deux véhicules - arrière,2,2,2,0,2,1,1,0,1,80,2,4,3,0,0,1,49.0,50.0,deux_roues,voiture,1,1,3,1,2
201900049512,2019-02-23 21:15:00,2019,2,23,21,15,2,02263,Intersection CD 22 rue - rue de dhuizy,49.365545,3.594094,Nuit sans éclairage public,Hors agglomération,Intersection en T,Normale,Deux véhicules - côté,3,2,2,0,1,1,1,0,1,80,2,1,0,0,0,1,37.0,,deux_roues,,3,1,3,1,3
201900049513,2019-02-22 21:40:00,2019,2,22,21,40,70,70525,RD 42,47.659091,5.811482,Nuit sans éclairage public,Hors agglomération,Hors intersection,Normale,Autre collision,3,2,2,0,2,3,1,2,1,80,1,1,0,0,1,0,24.0,,voiture,,3,1,1,1,6
201900049514,2019-02-21 19:40:00,2019,2,21,19,40,70,70492,RD 23,47.584136,5.87016,Plein jour,Hors agglomération,Intersection en T,Normale,Sans collision,3,2,2,0,2,2,1,2,1,80,1,1,0,0,1,0,15.0,,deux_roues,,1,1,3,1,7
201900049515,2019-02-23 14:15:00,2019,2,23,14,15,26,26144,D104,44.756788,4.849719,Plein jour,Hors agglomération,Hors intersection,Normale,Deux véhicules - frontale,3,2,2,0,1,1,1,0,1,80,2,2,1,1,0,0,55.0,51.0,deux_roues,voiture,1,1,1,1,1
201900049516,2019-02-21 18:40:00,2019,2,21,18,40,58,58303,rue du 8 mai 1945,47.012234,3.146112,Nuit avec éclairage allumé,En agglomération,Hors intersection,Normale,Deux véhicules - côté,4,2,2,0,1,1,1,0,1,50,2,2,1,0,1,0,34.0,20.0,deux_roues,voiture,5,2,1,1,3
201900049517,2019-02-23 08:50:00,2019,2,23,8,50,54,54035,"1, Grande Rue",48.645153,6.806011,Plein jour,En agglomération,Intersection en X,Normale,Sans collision,3,2,2,0,2,3,1,0,1,50,1,2,1,0,1,0,26.0,,voiture,,1,2,2,1,7
201900049518,2019-02-23 18:00:00,2019,2,23,18,0,72,72044,Le chene,47.769248,-0.082219,Plein jour,Hors agglomération,Hors intersection,Normale,Sans collision,3,2,2,0,1,3,1,0,8,80,1,1,0,1,0,0,31.0,,deux_roues,,1,1,1,1,7
201900049519,2019-02-22 16:30:00,2019,2,22,16,30,14,14357,La Roctière (Saint-Vigor-des-Mézerets),48.9033891,-0.6434943,Plein jour,Hors agglomération,Hors intersection,Temps éblouissant,Autre collision,3,2,2,0,4,1,1,0,3,80,1,1,0,0,1,0,15.0,,deux_roues,,1,1,1,7,6
201900049520,2019-02-23 23:00:00,2019,2,23,23,0,14,14654,Intersection RD40 - RD131,49.025425,-0.049203,Nuit sans éclairage public,Hors agglomération,Giratoire,Normale,Autre collision,3,2,2,0,1,1,1,5,3,80,1,3,0,0,0,3,39.0,,voiture,,3,1,6,1,6
201900049521,2019-02-22 10:20:00,2019,2,22,10,20,14,14489,la Haie Fleurie (Ouville-la-Bien-Tournée),49.0499057,-0.0127457,Plein jour,Hors agglomération,Hors intersection,Brouillard / fumée,Deux véhicules - frontale,3,2,2,0,1,1,1,0,3,80,2,3,1,1,1,0,60.0,54.0,utilitaire_camion,voiture,1,1,1,5,1
201900049522,2019-02-22 18:00:00,2019,2,22,18,0,14,14492,RD62,49.403758,0.179548,Crépuscule ou aube,Hors agglomération,Hors intersection,Normale,Deux véhicules - arrière,3,2,2,0,2,1,1,0,1,80,2,5,3,0,0,2,85.0,24.0,voiture,deux_roues,2,1,1,1,2
201900049523,2019-02-23 10:00:00,2019,2,23,10,0,14,14342,32 rue résidence fleurie,49.3136149,-1.1063484,Plein jour,En agglomération,Hors intersection,Temps éblouissant,Deux véhicules - frontale,4,2,2,0,1,1,1,0,1,50,2,2,1,0,0,1,42.0,60.0,voiture,deux_roues,1,2,1,7,1
201900049524,2019-02-23 17:30:00,2019,2,23,17,30,5,05068,D942A,44.497025,6.115679,Plein jour,Hors agglomération,Hors intersection,Normale,Sans collision,3,2,2,0,2,2,1,0,3,80,1,1,0,0,1,0,24.0,,deux_roues,,1,1,1,1,7
201900049525,2019-02-24 10:55:00,2019,2,24,10,55,50,50613,rue du pont d'esseule,49.641823,-1.299011,Plein jour,Hors agglomération,Hors intersection,Normale,Deux véhicules - frontale,3,2,2,0,1,1,1,2,1,80,2,2,1,0,1,0,56.0,17.0,voiture,deux_roues,1,1,1,1,1
201900049526,2019-02-22 17:00:00,2019,2,22,17,0,83,83007,,43.597895,6.221566,Plein jour,Hors agglomération,Hors intersection,Normale,Autre collision,3,2,2,0,1,1,1,0,8,80,1,2,0,0,2,0,28.0,,voiture,,1,1,1,1,6
201900049527,2019-02-23 11:40:00,2019,2,23,11,40,83,83012,798 route de Marseille,43.550721,6.002465,Plein jour,Hors agglomération,Hors intersection,Normale,Autre collision,3,2,2,0,1,3,1,0,3,80,1,2,1,0,1,0,82.0,,voiture,,1,1,1,1,6
201900049528,2019-02-23 06:00:00,2019,2,23,6,0,60,60150,D48,49.5289898,2.9851205,Nuit sans éclairage public,Hors agglomération,Hors intersection,Normale,Autre collision,3,2,2,0,1,1,1,0,1,80,1,1,0,0,0,1,25.0,,voiture,,3,1,1,1,6
201900049529,2019-02-22 14:30:00,2019,2,22,14,30,64,64211,D42,43.2978729,-0.1413065,Plein jour,Hors agglomération,Hors intersection,Temps éblouissant,Deux véhicules - frontale,3,2,2,0,2,2,1,0,1,80,2,2,0,0,0,2,54.0,34.0,voiture,voiture,1,1,1,7,1
201900049530,2019-02-23 14:03:00,2019,2,23,14,3,73,73270,D911 RP de Carouge,45.5560897,6.1659555,Plein jour,Hors agglomération,Giratoire,Normale,Deux véhicules - côté,3,2,2,0,1,2,1,5,1,70,2,2,1,0,0,1,79.0,58.0,voiture,voiture,1,1,6,1,3
201900049531,2019-02-23 15:10:00,2019,2,23,15,10,73,73270,D911 Av de L'arclusaz,45.5616819,6.1542868,Plein jour,En agglomération,Intersection en X,Normale,Deux véhicules - côté,3,2,2,0,2,1,1,5,1,70,2,2,1,0,1,0,46.0,72.0,deux_roues,voiture,1,2,2,1,3
201900049532,2019-02-12 12:00:00,2019,2,12,12,0,43,43162,Lieu dit charrées,45.232241,4.018251,Plein jour,Hors agglomération,Intersection en T,Normale,Deux véhicules - frontale,3,2,2,0,1,1,1,0,1,80,2,2,1,0,1,0,34.0,50.0,voiture,voiture,1,1,3,1,1
201900049533,2019-02-22 01:00:00,2019,2,22,1,0,43,43018,Cordes,45.0075603,3.8076639,Nuit sans éclairage public,Hors agglomération,Hors intersection,Normale,Autre collision,3,2,2,0,1,1,1,0,3,80,1,1,0,0,1,0,34.0,,voiture,,3,1,1,1,6
201900049534,2019-02-24 10:50:00,2019,2,24,10,50,36,36165,Route départementale 950,46.646696,1.036019,Plein jour,Hors agglomération,Hors intersection,Normale,Deux véhicules - arrière,3,2,2,0,1,1,1,0,1,80,2,2,1,0,1,0,45.0,19.0,deux_roues,deux_roues,1,1,1,1,2
201900049535,2019-02-23 10:05:00,2019,2,23,10,5,7,07260,D2,44.69304,4.710917,Plein jour,Hors agglomération,Hors intersection,Normale,Deux véhicules - arrière,3,2,2,0,1,3,1,0,1,80,2,2,1,0,1,0,86.0,37.0,voiture,deux_roues,1,1,1,1,2
201900049536,2019-02-22 15:42:00,2019,2,22,15,42,21,21574,D30 PR 21+300,47.504407,5.423505,Plein jour,Hors agglomération,Hors intersection,Normale,Deux véhicules - frontale,3,2,2,0,1,1,1,0,1,80,2,2,1,1,0,0,49.0,18.0,utilitaire_camion,deux_roues,1,1,1,1,1
201900049537,2019-02-22 06:50:00,2019,2,22,6,50,24,24014,lieu dit Baunac,45.095783,1.174196,Crépuscule ou aube,Hors agglomération,Intersection en X,Normale,Deux véhicules - côté,4,2,2,0,1,1,1,0,1,80,2,2,0,0,0,2,43.0,22.0,voiture,voiture,2,1,2,1,3
201900049538,2019-02-23 18:00:00,2019,2,23,18,0,4,04116,RD 4,44.046916,6.023339,Crépuscule ou aube,Hors agglomération,Hors intersection,Normale,Autre collision,3,2,2,0,2,1,1,0,8,80,1,1,0,0,0,1,49.0,,voiture,,2,1,1,1,6
201900049539,2019-02-23 14:45:00,2019,2,23,14,45,85,85294,20 rue du Maupas,46.35273,-1.42405,Plein jour,En agglomération,Hors intersection,Normale,Autre collision,6,-1,-1,0,2,1,1,9,8,-1,1,3,1,0,2,0,81.0,,voiture,,1,2,1,1,6
201900049540,2019-02-23 18:45:00,2019,2,23,18,45,28,28140,rue des grands moulins,48.603624,1.677554,Plein jour,En agglomération,Hors intersection,Normale,Autre collision,4,2,2,0,1,1,1,0,1,50,1,2,1,0,1,0,36.0,,deux_roues,,1,2,1,1,6
201900049541,2019-02-23 15:10:00,2019,2,23,15,10,17,17385,rue du port,45.915824,-1.328366,Plein jour,En agglomération,Hors intersection,Normale,Autre collision,4,1,1,3,1,1,1,0,1,50,1,2,1,0,1,0,35.0,,deux_roues,,1,2,1,1,6
201900049542,2019-02-23 16:40:00,2019,2,23,16,40,17,17140,route du large,45.882664,-1.250586,Plein jour,En agglomération,Intersection en X,Normale,Deux véhicules - côté,3,2,2,0,1,1,1,0,1,50,2,6,3,0,1,2,18.0,35.0,deux_roues,voiture,1,2,2,1,3
201900049543,2019-02-17 02:25:00,2019,2,17,2,25,17,17093,D26 PK 5+300,45.855758,-1.184447,Nuit sans éclairage public,Hors agglomération,Hors intersection,Normale,Autre collision,3,2,2,0,2,1,1,2,8,70,1,1,0,1,0,0,27.0,,voiture,,3,1,1,1,6
201900049544,2019-02-19 18:05:00,2019,2,19,18,5,17,17197,Départementale 2,45.445079,-0.424569,Plein jour,Hors agglomération,Hors intersection,Normale,Deux véhicules - frontale,3,2,2,0,2,1,1,0,1,-1,2,2,1,0,0,1,27.0,20.0,voiture,voiture,1,1,1,1,1
201900049545,2019-02-21 01:30:00,2019,2,21,1,30,37,37018,RD 751 PK 40+700 sens CHINON / JOUE LES TOURS,47.3341756,0.6162628,Nuit sans éclairage public,Hors agglomération,Hors intersection,Normale,Deux véhicules - arrière,3,3,4,0,1,1,1,0,1,110,2,3,0,0,0,3,22.0,44.0,voiture,voiture,3,1,1,1,2
201900049546,2019-02-21 21:00:00,2019,2,21,21,0,52,52438,RN 19 PR 85+970,47.799584,5.561907,Nuit sans éclairage public,Hors agglomération,Hors intersection,Normale,Deux véhicules - frontale,2,2,2,0,1,1,1,0,1,80,2,2,1,0,1,0,35.0,56.0,voiture,utilitaire_camion,3,1,1,1,1
201900049547,2019-02-22 22:35:00,2019,2,22,22,35,88,88319,rue paul couzineau,48.376723,6.97222,Nuit sans éclairage public,En agglomération,Hors intersection,Normale,Autre collision,4,2,2,0,3,3,1,0,3,50,1,1,0,1,0,0,61.0,,deux_roues,,3,2,1,1,6
201900049548,2019-02-22 08:55:00,2019,2,22,8,55,10,10216,autoroute A26,48.67247,4.1704,Plein jour,Hors agglomération,Hors intersection,Normale,Deux véhicules - arrière,1,3,2,0,1,1,1,0,1,130,2,2,1,0,1,0,39.0,76.0,utilitaire_camion,voiture,1,1,1,1,2
201900049549,2019-02-23 14:30:00,2019,2,23,14,30,63,63048,"Autoroute 89 , PK 295.362",45.632991,2.543985,Plein jour,Hors agglomération,Hors intersection,Normale,Sans collision,1,1,2,0,1,1,1,0,2,130,1,2,0,0,2,0,81.0,,voiture,,1,1,1,1,7
201900049550,2019-02-24 16:00:00,2019,2,24,16,0,67,67194,bretelle accès autoroute,48.747273,7.914432,Plein jour,Hors agglomération,Hors intersection,Normale,Autre collision,1,1,1,0,2,3,1,3,3,50,1,1,0,0,1,0,48.0,,deux_roues,,1,1,1,1,6
201900049551,2019-02-23 02:25:00,2019,2,23,2,25,18,18140,A20 - PK 016+000,47.137063,1.95909,Nuit sans éclairage public,Hors agglomération,Hors intersection,Normale,Autre collision,1,3,4,0,1,1,1,0,1,130,2,6,2,0,2,2,23.0,62.0,voiture,utilitaire_camion,3,1,1,1,6
201900049552,2019-02-23 18:15:00,2019,2,23,18,15,973,97309,Route des plages,4.867239,-52.25058,Crépuscule ou aube,Hors agglomération,Hors intersection,Normale,Deux véhicules - côté,3,2,2,0,2,4,1,0,1,50,2,2,1,0,1,0,27.0,26.0,deux_roues,autre,2,1,1,1,3
201900049553,2019-02-22 10:30:00,2019,2,22,10,30,6,06018,1110 route d'antibes,43.61873,7.10243,Plein jour,En agglomération,Hors intersection,Normale,Deux véhicules - côté,3,2,2,0,1,1,1,0,1,50,2,2,1,0,0,1,42.0,70.0,deux_roues,voiture,1,2,1,1,3
201900049554,2019-02-24 08:10:00,2019,2,24,8,10,31,31374,A61,43.416017,1.627567,Plein jour,Hors agglomération,Hors intersection,Normale,Autre collision,1,3,4,0,1,3,1,3,1,70,1,3,0,0,1,2,28.0,,voiture,,1,1,1,1,6
201900049555,2019-02-10 15:45:00,2019,2,10,15,45,89,89339,"A6, PK 198+900, sens 1",47.59031,3.916694,Plein jour,Hors agglomération,Hors intersection,Neige / grêle,Trois véhicules et plus - collisions multiples,1,3,4,0,1,1,2,0,2,130,3,5,4,0,0,1,49.0,39.0,voiture,voiture,1,1,1,4,5
201900049556,2019-02-21 20:00:00,2019,2,21,20,0,76,76360,"N27, pk 029+300, sens DIEPPE - ROUEN",49.73469,1.099267,Nuit sans éclairage public,Hors agglomération,Hors intersection,Brouillard / fumée,Autre collision,2,3,4,0,1,1,1,0,1,110,1,1,0,0,1,0,64.0,,voiture,,3,1,1,5,6
201900049557,2019-02-21 20:00:00,2019,2,21,20,0,76,76360,"N27, pk 029+400, sens ROUEN / DIEPPE",49.7366847,1.0675514,Nuit sans éclairage public,Hors agglomération,Hors intersection,Brouillard / fumée,Autre collision,2,3,4,0,1,1,1,0,1,110,1,1,0,0,1,0,47.0,,voiture,,3,1,1,5,6
201900049558,2019-02-24 14:37:00,2019,2,24,14,37,90,90097,AUTOROUTE A36,47.564115,6.860473,Plein jour,Hors agglomération,Hors intersection,Normale,Autre collision,1,3,5,0,1,1,1,0,2,110,1,4,3,0,1,0,46.0,,voiture,,1,1,1,1,6
201900049559,2019-02-23 15:40:00,2019,2,23,15,40,86,86115,autoroute A.10,46.714374,0.377836,Plein jour,Hors agglomération,Hors intersection,Temps éblouissant,Deux véhicules - arrière,1,3,4,0,1,1,1,0,1,130,2,4,1,0,2,1,50.0,30.0,voiture,utilitaire_camion,1,1,1,7,2
201900049560,2019-02-18 16:42:00,2019,2,18,16,42,971,97103,rue merosiers narbal / rue des épices.,16.258622,-61.591838,Plein jour,En agglomération,Intersection en Y,Normale,Autre collision,4,2,2,0,1,1,1,0,1,50,1,2,1,0,1,0,51.0,,voiture,,1,2,4,1,6
201900049561,2019-02-20 16:50:00,2019,2,20,16,50,971,97103,CASTELBON,16.241903,-61.621847,Plein jour,Hors agglomération,Intersection en T,Normale,Deux véhicules - côté,4,2,2,0,4,3,1,0,1,70,2,2,1,0,1,0,15.0,45.0,deux_roues,voiture,1,1,3,1,3
201900049562,2019-02-24 06:00:00,2019,2,24,6,0,988,98817,RP1 ROUTE DU SUD,-22.29646,166.6609,Plein jour,Hors agglomération,Hors intersection,Normale,Autre collision,3,2,2,0,1,2,1,0,3,70,1,5,0,0,5,0,21.0,,voiture,,1,1,1,1,6
201900049563,2019-02-22 15:30:00,2019,2,22,15,30,976,97607,route nationale 2 village Ongoujou,-12.853139,45.176057,Plein jour,Hors agglomération,Hors intersection,Normale,Deux véhicules - côté,2,-1,2,0,2,2,1,0,1,70,2,2,1,1,0,0,18.0,46.0,deux_roues,transport_commun,1,1,1,1,3
201900049564,2019-02-23 17:52:00,2019,2,23,17,52,974,97422,RN3,-21.21033,55.566777,Plein jour,Hors agglomération,Hors intersection,Normale,Deux véhicules - frontale,2,2,3,0,2,1,2,0,3,70,2,5,0,0,1,4,30.0,32.0,voiture,voiture,1,1,1,1,1
201900049565,2019-02-22 17:30:00,2019,2,22,17,30,974,97403,rue hubert delisle,-21.249563,55.470764,Plein jour,En agglomération,Hors intersection,Normale,Autre collision,9,2,2,0,1,2,2,0,1,30,1,2,1,1,0,0,17.0,,deux_roues,,1,2,1,1,6
201900049566,2019-02-21 11:35:00,2019,2,21,11,35,971,97125,Avenue Luther King,16.257584,-61.273253,Plein jour,En agglomération,Intersection en X,Normale,Deux véhicules - arrière,3,2,2,0,2,1,1,5,1,50,2,2,1,0,0,1,31.0,51.0,deux_roues,voiture,1,2,2,1,2
201900049567,2019-02-23 03:00:00,2019,2,23,3,0,971,97112,RN9 section Bonneval,15.893643,-61.319468,Nuit avec éclairage allumé,Hors agglomération,Hors intersection,Normale,Autre collision,2,2,2,0,1,2,1,8,3,50,1,3,0,0,2,1,27.0,,voiture,,5,1,1,1,6
201900049568,2019-02-22 23:45:00,2019,2,22,23,45,37,37022,lieu dit Coulaine - D749,47.1847565,0.1851384,Nuit sans éclairage public,Hors agglomération,Hors intersection,Normale,Autre collision,3,-1,2,0,2,3,1,0,1,80,1,3,2,0,1,0,26.0,,voiture,,3,1,1,1,6
201900049569,2019-02-19 16:40:00,2019,2,19,16,40,45,45155,3 Rue de Montbricon,47.687625,2.634809,Plein jour,En agglomération,Hors intersection,Normale,Autre collision,4,2,2,0,2,1,1,0,1,50,1,2,1,0,1,0,30.0,,voiture,,1,2,1,1,6
201900049570,2019-02-23 15:20:00,2019,2,23,15,20,78,78590,D91 PK 21+300,48.686715,1.971184,Plein jour,Hors agglomération,Hors intersection,Normale,Deux véhicules - frontale,3,2,2,0,1,2,1,0,1,50,2,3,0,0,2,1,49.0,42.0,deux_roues,voiture,1,1,1,1,1
201900049571,2019-02-20 14:50:00,2019,2,20,14,50,78,78003,Croisement N191 et N177,48.509387,1.831707,Plein jour,Hors agglomération,Intersection en X,Normale,Deux véhicules - côté,2,1,1,0,3,1,1,0,1,50,2,2,1,0,0,1,62.0,79.0,voiture,voiture,1,1,2,1,3
201900049572,2019-02-22 08:00:00,2019,2,22,8,0,78,78089,rue Valère Haegeman,49.037764,1.586987,Crépuscule ou aube,En agglomération,Intersection en T,Brouillard / fumée,Autre collision,3,2,2,0,1,3,1,0,1,50,1,2,1,0,0,1,54.0,,voiture,,2,2,3,5,6
201900049573,2019-02-24 10:00:00,2019,2,24,10,0,34,34141,"RD52, PK3+130",43.337826,2.632975,Plein jour,Hors agglomération,Hors intersection,Normale,Deux véhicules - arrière,3,2,2,0,1,1,1,0,1,80,2,2,1,0,0,1,59.0,57.0,voiture,deux_roues,1,1,1,1,2
201900049574,2019-02-23 13:00:00,2019,2,23,13,0,6,06048,d15,43.79809,7.324402,Plein jour,En agglomération,Giratoire,Normale,Sans collision,3,2,2,0,1,1,1,0,1,50,1,1,0,0,1,0,49.0,,deux_roues,,1,2,6,1,7
201900049575,2019-02-23 22:10:00,2019,2,23,22,10,13,13062,D8,43.423836,5.479783,Nuit avec éclairage allumé,Hors agglomération,Intersection en T,Normale,Deux véhicules - côté,3,2,2,0,2,1,1,5,1,80,2,3,1,0,0,2,17.0,76.0,deux_roues,voiture,5,1,3,1,3
201900049576,2019-02-22 21:02:00,2019,2,22,21,2,71,71223,route de saint prix,46.964387,4.138965,Nuit sans éclairage public,En agglomération,Hors intersection,Normale,Autre collision,4,2,2,0,1,1,1,0,3,50,1,1,0,0,0,1,36.0,,deux_roues,,3,2,1,1,6
201900049577,2019-02-22 10:05:00,2019,2,22,10,5,71,71150,rue de la gare,46.246462,4.786091,Plein jour,En agglomération,Intersection en Y,Normale,Autre collision,3,2,2,0,1,1,1,0,1,50,1,2,1,0,0,1,81.0,,voiture,,1,2,4,1,6
201900049578,2019-02-22 17:40:00,2019,2,22,17,40,74,74042,Avenue du Faucigny,46.069218,6.412427,Plein jour,En agglomération,Intersection en Y,Temps éblouissant,Deux véhicules - côté,4,2,2,0,1,1,1,0,1,50,2,3,2,0,1,0,24.0,80.0,utilitaire_camion,voiture,1,2,4,7,3
201900049579,2019-02-22 16:25:00,2019,2,22,16,25,74,74087,route des Vallées,46.15018,6.326243,Plein jour,Hors agglomération,Intersection en T,Normale,Trois véhicules et plus - collisions multiples,3,2,2,0,2,3,1,0,1,70,3,9,6,0,0,3,22.0,25.0,voiture,voiture,1,1,3,1,5
201900049580,2019-02-22 18:45:00,2019,2,22,18,45,42,42005,27 avenue de ST ETIENNE,45.526477,4.274458,Crépuscule ou aube,En agglomération,Hors intersection,Normale,Autre collision,3,2,2,0,1,1,1,0,1,50,1,2,1,0,1,0,85.0,,voiture,,2,2,1,1,6
201900049581,2019-02-23 18:40:00,2019,2,23,18,40,42,42147,18 rue tupinerie,45.6066,4.063895,Nuit avec éclairage allumé,En agglomération,Hors intersection,Normale,Autre collision,4,1,1,0,1,1,1,0,1,50,1,2,1,0,0,1,52.0,,voiture,,5,2,1,1,6
201900049582,2019-02-22 15:30:00,2019,2,22,15,30,38,38260,RD 18 A,45.680178,5.259264,Plein jour,Hors agglomération,Hors intersection,Normale,Sans collision,3,2,2,0,1,4,1,2,1,80,1,1,0,0,1,0,49.0,,deux_roues,,1,1,1,1,7
201900049583,2019-02-23 00:05:00,2019,2,23,0,5,38,38565,avenue du 11 novembre,45.286013,5.643339,Nuit avec éclairage allumé,En agglomération,Hors intersection,Normale,Autre collision,3,2,2,0,1,1,1,9,1,50,1,1,0,0,0,1,22.0,,deux_roues,,5,2,1,1,6
201900049584,2019-01-17 20:15:00,2019,1,17,20,15,26,26250,Avenue du 45e Parallèle,45.001844,4.872234,Nuit avec éclairage allumé,En agglomération,Hors intersection,Normale,Deux véhicules - côté,2,2,2,0,1,1,1,0,1,50,2,2,1,0,0,1,38.0,28.0,voiture,voiture,5,2,1,1,3
201900049585,2019-02-22 16:50:00,2019,2,22,16,50,26,26220,Route de Montélimar,44.370722,5.11416,Plein jour,Hors agglomération,Hors intersection,Normale,Deux véhicules - côté,3,2,2,0,1,1,1,0,3,80,2,2,1,0,0,1,28.0,24.0,deux_roues,voiture,1,1,1,1,3
201900049586,2019-02-23 17:20:00,2019,2,23,17,20,1,01202,51 rue pasteur,45.902708,5.348649,Plein jour,En agglomération,Hors intersection,Normale,Autre collision,3,2,2,0,2,1,1,0,1,50,1,3,2,0,1,0,46.0,,voiture,,1,2,1,1,6
201900049587,2019-02-23 19:30:00,2019,2,23,19,30,69,69208,RD 118,45.8614,4.61612,Nuit sans éclairage public,Hors agglomération,Intersection en X,Normale,Deux véhicules - arrière,3,2,2,0,1,1,1,0,1,80,2,3,2,0,1,0,44.0,26.0,deux_roues,voiture,3,1,2,1,2
201900049588,2019-02-23 18:05:00,2019,2,23,18,5,9,09086,D334,43.037645,1.091987,Plein jour,Hors agglomération,Autre intersection,Normale,Deux véhicules - frontale,3,2,2,0,1,2,1,0,1,80,2,2,1,0,1,0,21.0,16.0,voiture,deux_roues,1,1,9,1,1
201900049589,2019-02-22 00:20:00,2019,2,22,0,20,9,09243,RD 28,42.988548,1.898807,Nuit sans éclairage public,Hors agglomération,Hors intersection,Normale,Sans collision,3,2,2,0,1,3,1,0,3,80,1,1,0,0,0,1,29.0,,voiture,,3,1,1,1,7
201900049590,2019-02-23 08:30:00,2019,2,23,8,30,31,31248,Chemin d'Embourrel,43.455542,1.412943,Plein jour,En agglomération,Hors intersection,Normale,Autre collision,4,2,2,0,1,1,1,2,3,50,1,1,0,0,1,0,21.0,,voiture,,1,2,1,1,6
201900049591,2019-02-21 17:45:00,2019,2,21,17,45,79,79049,Boulevard de Nantes,46.84197,-0.510457,Plein jour,Hors agglomération,Intersection en Y,Normale,Deux véhicules - frontale,3,2,3,0,2,2,1,5,1,50,2,5,4,0,1,0,47.0,40.0,voiture,voiture,1,1,4,1,1
201900049592,2019-02-23 02:14:00,2019,2,23,2,14,17,17086,RN 141,45.727608,-0.516059,Nuit sans éclairage public,Hors agglomération,Intersection en X,Normale,Sans collision,2,2,2,0,2,1,1,5,1,80,1,1,0,1,0,0,55.0,,voiture,,3,1,2,1,7
201900049593,2019-02-24 12:45:00,2019,2,24,12,45,86,86137,D347 PK 44+500,47.000242,0.080091,Plein jour,Hors agglomération,Intersection en X,Normale,Deux véhicules - côté,3,2,2,0,1,1,1,0,1,80,2,3,1,0,2,0,87.0,46.0,voiture,deux_roues,1,1,2,1,3
201900049594,2019-02-22 16:45:00,2019,2,22,16,45,33,33274,intersection route de la Salle et Chemin du Carosse,44.7251,-0.55839,Plein jour,Hors agglomération,Intersection en X,Normale,Deux véhicules - côté,4,2,2,0,1,1,1,0,8,50,2,2,1,0,1,0,43.0,36.0,deux_roues,voiture,1,1,2,1,3
201900049595,2019-02-23 02:20:00,2019,2,23,2,20,85,85019,Rue de l'Aulnière,46.80858,-1.42869,Nuit sans éclairage public,En agglomération,Hors intersection,Normale,Autre collision,4,2,2,0,1,1,1,9,4,50,1,2,0,0,1,1,17.0,,deux_roues,,3,2,1,1,6
201900049596,2019-02-22 15:45:00,2019,2,22,15,45,85,85238,Rue Monseigneur Cazaux,46.95346,-0.89553,Plein jour,En agglomération,Giratoire,Normale,Deux véhicules - côté,4,1,2,0,1,1,1,0,1,50,2,3,2,0,0,1,15.0,81.0,deux_roues,voiture,1,2,6,1,3
201900049597,2019-02-22 15:30:00,2019,2,22,15,30,44,44103,rue des pâtures,47.332825,-2.178087,Plein jour,En agglomération,Intersection en X,Normale,Autre collision,4,2,2,0,1,1,1,5,5,30,1,1,0,0,0,1,62.0,,deux_roues,,1,2,2,1,6
201900049598,2019-02-23 12:40:00,2019,2,23,12,40,14,14047,rue de bretagne,49.280217,-0.705193,Plein jour,En agglomération,Place,Temps éblouissant,Autre collision,4,2,2,0,1,1,1,0,1,50,1,5,4,0,0,1,66.0,,voiture,,1,2,7,7,6