accident_id,datetime,annee,mois,jour,heure,minute,departement,commune_insee,adresse,latitude,longitude,luminosite,agglomeration,intersection,meteo,collision,catr,circ,nbv,vosp,prof,plan,surf,infra,situ,vma,nb_vehicules,nb_usagers,nb_indemnes,nb_tues,nb_blesses_hosp,nb_blesses_legers,age_cond_1,age_cond_2,veh_type_cond_1,veh_type_cond_2,lum_code,agg_code,int_code,atm_code,col_code
201900049690,2019-11-03 06:20:00,2019,11,3,6,20,59,59096,20 Rue du 24 Aout,50.568462,3.248626,Crépuscule ou aube,En agglomération,Hors intersection,Normale,Deux véhicules - frontale,3,2,2,0,1,1,1,0,1,50,2,3,0,0,1,2,48.0,64.0,voiture,voiture,2,2,1,1,1
201900049691,2019-11-03 03:10:00,2019,11,3,3,10,59,59044,Rue Gounod,50.617335,3.225853,Nuit sans éclairage public,Hors agglomération,Hors intersection,Normale,Sans collision,4,2,2,0,1,1,3,9,1,80,1,3,0,0,2,1,18.0,,voiture,,3,1,1,1,7
201900049692,2019-11-02 19:10:00,2019,11,2,19,10,13,13055,A507 sens Marseille - Aubagne,43.285754,5.4283445,Nuit avec éclairage allumé,Hors agglomération,Hors intersection,Normale,Deux véhicules - arrière,1,1,2,0,1,1,1,0,1,70,2,4,2,0,0,2,19.0,51.0,voiture,voiture,5,1,1,1,2
201900049693,2019-11-03 02:10:00,2019,11,3,2,10,13,13207,Tunnel Prado Carénage,43.29117,5.36619,Nuit avec éclairage allumé,Hors agglomération,Hors intersection,Normale,Sans collision,1,1,1,0,2,2,1,1,1,60,1,2,1,0,1,0,20.0,,voiture,,5,1,1,1,7
201900049694,2019-11-01 23:10:00,2019,11,1,23,10,69,69290,RN346   38.960 A 40.883,45.71412,4.96791,Nuit sans éclairage public,Hors agglomération,Hors intersection,Pluie légère,Sans collision,1,1,1,0,2,2,2,0,1,50,1,1,0,0,0,1,29.0,,voiture,,3,1,1,2,7
201900049695,2019-11-03 00:40:00,2019,11,3,0,40,33,33487,AUTOROUTE A 10,44.95409,-0.45643,Nuit avec éclairage allumé,Hors agglomération,Hors intersection,Pluie forte,Deux véhicules - arrière,1,3,6,0,3,1,2,2,1,130,2,4,1,0,0,3,44.0,36.0,voiture,voiture,5,1,1,3,2
201900049696,2019-11-03 19:30:00,2019,11,3,19,30,91,91340,RN 104,48.6112,2.4335,Nuit sans éclairage public,Hors agglomération,Hors intersection,Pluie légère,Autre collision,2,1,3,0,1,1,2,0,1,90,1,1,0,0,0,1,21.0,,voiture,,3,1,1,2,6
201900049697,2019-11-03 14:00:00,2019,11,3,14,0,94,94003,AUTOROUTE A6A,48.8019,2.3421,Plein jour,Hors agglomération,Hors intersection,Pluie légère,Deux véhicules - arrière,1,3,6,0,4,1,2,0,1,70,2,2,1,0,0,1,65.0,57.0,voiture,deux_roues,1,1,1,2,2
201900049698,2019-11-02 18:00:00,2019,11,2,18,0,91,91689,AUTOROUTE A6,48.7403,2.3199,Nuit sans éclairage public,Hors agglomération,Hors intersection,Normale,Trois véhicules et plus - collisions multiples,1,3,3,0,4,1,1,0,1,110,3,3,2,0,0,1,60.0,27.0,voiture,deux_roues,3,1,1,1,5
201900049699,2019-11-03 18:00:00,2019,11,3,18,0,92,92036,A86,48.9342849,2.2797438,Nuit sans éclairage public,Hors agglomération,Hors intersection,Pluie légère,Autre collision,1,-1,1,0,1,3,2,0,1,50,1,1,0,0,0,1,22.0,,voiture,,3,1,1,2,6
201900049700,2019-11-02 16:05:00,2019,11,2,16,5,92,92076,A13,48.8322297,2.1530397,Plein jour,Hors agglomération,Hors intersection,Normale,Trois véhicules et plus - collisions multiples,1,3,3,0,1,1,1,0,1,110,4,7,4,0,0,3,33.0,69.0,utilitaire_camion,voiture,1,1,1,1,5
201900049701,2019-11-03 11:00:00,2019,11,3,11,0,93,93027,AUTOROUTE A86,48.92653,2.40393,Plein jour,Hors agglomération,Hors intersection,Pluie légère,Trois véhicules et plus - en chaîne,1,3,7,0,1,3,2,3,1,70,3,5,2,0,0,3,34.0,81.0,voiture,voiture,1,1,1,2,4
201900049702,2019-11-03 19:25:00,2019,11,3,19,25,94,94022,A86 EXT,48.7762,2.43645,Nuit sans éclairage public,Hors agglomération,Hors intersection,Pluie légère,Deux véhicules - arrière,1,3,3,0,1,1,2,0,1,90,2,2,1,0,0,1,63.0,29.0,voiture,voiture,3,1,1,2,2
201900049703,2019-11-02 20:00:00,2019,11,2,20,0,94,94017,A4,48.82974,2.48832,Nuit avec éclairage allumé,Hors agglomération,Hors intersection,Pluie légère,Trois véhicules et plus - en chaîne,1,1,5,0,1,1,2,1,1,90,3,4,3,0,0,1,45.0,33.0,voiture,utilitaire_camion,5,1,1,2,4
201900049704,2019-10-31 19:45:00,2019,10,31,19,45,77,77175,N104,48.66598,2.61281,Nuit sans éclairage public,Hors agglomération,Hors intersection,Pluie légère,Deux véhicules - arrière,2,3,4,0,1,1,2,0,1,110,2,2,0,0,0,2,30.0,51.0,voiture,voiture,3,1,1,2,2
201900049705,2019-02-26 14:43:00,2019,2,26,14,43,50,50502,,49.11302,-1.10011,Plein jour,En agglomération,Hors intersection,Normale,Autre collision,3,2,-1,-1,1,1,1,0,1,50,1,2,1,0,0,1,84.0,,autre,,1,2,1,1,6
201900049706,2019-10-28 19:00:00,2019,10,28,19,0,71,71306,DE LATTRE DE TASSIGNY (BLD DU MARECHAL),46.6716,4.384993,Nuit avec éclairage allumé,En agglomération,Hors intersection,Normale,Deux véhicules - arrière,4,2,2,0,1,1,1,0,1,50,2,2,1,0,0,1,44.0,54.0,voiture,voiture,5,2,1,1,2
201900049707,2019-10-26 01:33:00,2019,10,26,1,33,63,63113,JAURES (BD JEAN),45.7678301,3.0818666,Nuit avec éclairage allumé,En agglomération,Intersection en X,Normale,Deux véhicules - côté,4,1,1,0,1,1,1,0,1,50,2,2,1,0,1,0,28.0,38.0,voiture,deux_roues,5,2,2,1,3
201900049708,2019-09-11 21:57:00,2019,9,11,21,57,33,33192,AUTOROUTE A 63,44.78339,-0.63209,Nuit avec éclairage allumé,Hors agglomération,Hors intersection,Normale,Deux véhicules - côté,1,3,6,0,1,1,1,3,1,90,2,3,1,0,0,2,41.0,25.0,utilitaire_camion,voiture,5,1,1,1,3
201900049709,2019-10-27 20:30:00,2019,10,27,20,30,92,92036,RN 315 ,48.9360767,2.3010035,Nuit sans éclairage public,Hors agglomération,Hors intersection,Pluie légère,Deux véhicules - arrière,2,3,5,0,4,2,2,0,1,90,2,2,1,0,0,1,59.0,45.0,voiture,voiture,3,1,1,2,2
201900049710,2019-10-27 15:00:00,2019,10,27,15,0,93,93027,AUTOROUTE A86,48.92852,2.41428,Plein jour,En agglomération,Hors intersection,Pluie légère,Autre collision,1,3,8,0,2,2,2,0,1,70,1,2,1,0,0,1,31.0,,voiture,,1,2,1,2,6
201900049711,2019-10-29 14:00:00,2019,10,29,14,0,976,97611,kaweni-Massakini (rue),-12.77578,45.22663,Plein jour,En agglomération,Hors intersection,Normale,Deux véhicules - côté,2,2,0,0,1,1,1,0,1,50,2,2,1,0,0,1,21.0,53.0,deux_roues,voiture,1,2,1,1,3
201900049712,2019-10-29 16:20:00,2019,10,29,16,20,974,97416,LIGNE PARADIS(ROUTE DE LA),-21.31564,55.47781,Plein jour,En agglomération,Intersection en T,Normale,Deux véhicules - côté,3,2,2,0,1,1,1,0,1,50,2,2,1,0,0,1,21.0,43.0,deux_roues,utilitaire_camion,1,2,3,1,3
201900049713,2019-10-28 16:15:00,2019,10,28,16,15,974,97416,ANCIENNE RN2,-21.330443,55.474032,Plein jour,Hors agglomération,Hors intersection,Normale,Deux véhicules - côté,2,2,2,0,2,2,1,0,1,50,2,2,1,0,0,1,15.0,33.0,deux_roues,voiture,1,1,1,1,3
201900049714,2019-10-29 15:30:00,2019,10,29,15,30,974,97407,LENINE (AVENUE),-20.94165,55.30147,Plein jour,En agglomération,Hors intersection,Normale,Autre collision,4,2,1,0,1,3,1,0,1,50,1,2,1,0,0,1,21.0,,voiture,,1,2,1,1,6
201900049715,2019-10-29 10:55:00,2019,10,29,10,55,973,97302,BADUEL (ROUTE DE),4.9290661,-52.3012948,Plein jour,En agglomération,Autre intersection,Normale,Trois véhicules et plus - collisions multiples,3,2,2,0,1,1,1,9,1,50,3,3,2,0,0,1,61.0,42.0,voiture,utilitaire_camion,1,2,9,1,5
201900049716,2019-10-29 21:40:00,2019,10,29,21,40,69,69383,LACASSAGNE                          (AV),45.74778,4.88142,Nuit avec éclairage allumé,En agglomération,Intersection en Y,Normale,Deux véhicules - côté,4,2,2,3,1,1,1,0,1,50,2,1,0,0,0,1,42.0,,deux_roues,,5,2,4,1,3
201900049717,2019-10-29 09:55:00,2019,10,29,9,55,69,69386,MARECHAL FOCH (DU)                  (AV),45.77022,4.84353,Plein jour,En agglomération,Hors intersection,Temps couvert,Autre collision,4,2,3,3,1,1,1,0,1,50,1,2,1,0,0,1,62.0,,utilitaire_camion,,1,2,1,8,6
201900049718,2019-10-29 08:40:00,2019,10,29,8,40,69,69383,EGLISE (DE L')                      (R ),45.75287,4.8916,Plein jour,En agglomération,Hors intersection,Temps couvert,Autre collision,7,1,1,0,1,1,1,0,1,50,1,2,1,0,0,1,63.0,,voiture,,1,2,1,8,6
201900049719,2019-11-05 19:27:00,2019,11,5,19,27,972,97209,JEAN-MARIE SERREAU (AVENUE),14.60697,-61.05149,Nuit avec éclairage allumé,En agglomération,Hors intersection,Normale,Autre collision,4,2,2,0,1,1,1,0,1,50,1,2,1,0,0,1,44.0,,voiture,,5,2,1,1,6
201900049720,2019-11-04 13:30:00,2019,11,4,13,30,972,97209,CHATEAUBOEUF (ROUTE DE),14.61614,-61.05032,Plein jour,En agglomération,Intersection en T,Normale,Deux véhicules - côté,2,-1,2,0,1,1,1,0,1,50,2,2,0,0,0,2,52.0,21.0,voiture,voiture,1,2,3,1,3
201900049721,2019-10-28 08:58:00,2019,10,28,8,58,91,91161,LONGJUMEAU (route de),48.70953,2.29746,Plein jour,En agglomération,Hors intersection,Normale,Deux véhicules - arrière,4,2,-1,0,1,1,1,0,1,50,2,2,1,0,1,0,26.0,39.0,deux_roues,utilitaire_camion,1,2,1,1,2
201900049722,2019-10-19 15:20:00,2019,10,19,15,20,91,91223,MAI 1945 (AVENUE DU 8),48.439667,2.158079,Plein jour,En agglomération,Intersection en T,Normale,Deux véhicules - côté,3,2,2,0,2,1,1,5,1,50,2,2,1,0,1,0,75.0,38.0,voiture,transport_commun,1,2,3,1,3
201900049723,2019-10-28 12:50:00,2019,10,28,12,50,91,91223,VALORY (RUE DE),48.43161,2.17389,Plein jour,En agglomération,Hors intersection,Normale,Autre collision,4,2,2,0,1,1,1,0,1,30,1,1,0,0,0,1,38.0,,deux_roues,,1,2,1,1,6
201900049724,2019-10-28 18:45:00,2019,10,28,18,45,91,91223,HAMEAU DE BRETAGNE ( RUE DU),48.4329,2.1768,Nuit avec éclairage allumé,En agglomération,Intersection en T,Pluie légère,Deux véhicules - frontale,3,2,2,0,1,1,2,5,1,50,2,3,0,0,0,3,78.0,63.0,voiture,voiture,5,2,3,2,1
201900049725,2019-10-28 22:50:00,2019,10,28,22,50,91,91425,NATIONALE 20 (ROUTE),48.64047,2.26836,Nuit avec éclairage allumé,En agglomération,Intersection en X,Pluie légère,Deux véhicules - côté,4,3,4,0,3,1,2,5,1,50,2,2,0,0,0,2,30.0,22.0,utilitaire_camion,voiture,5,2,2,2,3
201900049726,2019-10-29 20:11:00,2019,10,29,20,11,88,88429,RN 57,48.08024,6.59501,Nuit avec éclairage allumé,Hors agglomération,Hors intersection,Normale,Trois véhicules et plus - en chaîne,2,3,4,0,1,1,1,0,1,110,3,4,1,0,1,2,49.0,22.0,voiture,autre,5,1,1,1,4
201900049727,2019-10-29 10:15:00,2019,10,29,10,15,83,83062,THOUAR MONTEE,43.13162,6.01008,Plein jour,En agglomération,Autre intersection,Temps éblouissant,Trois véhicules et plus - collisions multiples,4,2,2,0,2,1,1,0,1,50,4,5,2,0,0,3,53.0,50.0,voiture,voiture,1,2,9,7,5
201900049728,2019-10-25 10:50:00,2019,10,25,10,50,83,83129,MER (AVENUE DE LA) N°IMPAIRS,43.0982,5.8279,Plein jour,En agglomération,Hors intersection,Normale,Autre collision,3,2,1,0,1,1,1,0,1,50,1,2,1,0,1,0,84.0,,voiture,,1,2,1,1,6
201900049729,2019-10-11 18:30:00,2019,10,11,18,30,78,78545,PERI (RUE GABRIEL),48.806213,2.053119,Plein jour,En agglomération,Intersection en T,Normale,Deux véhicules - arrière,3,2,2,0,1,1,1,5,1,50,2,2,1,0,1,0,29.0,29.0,voiture,deux_roues,1,2,3,1,2
201900049730,2019-10-28 08:58:00,2019,10,28,8,58,77,77514,ARISTIDE BRIAND (AVENUE),48.9465298,2.60968,Plein jour,En agglomération,Intersection en X,Temps couvert,Deux véhicules - côté,4,1,1,0,1,1,1,0,1,50,2,2,1,0,1,0,26.0,69.0,deux_roues,voiture,1,2,2,8,3
201900049731,2019-10-28 13:15:00,2019,10,28,13,15,76,76540,DUPUIS. RUE ALBERT,49.46088,1.13088,Plein jour,En agglomération,Intersection à plus de 4 branches,Normale,Deux véhicules - frontale,4,3,4,0,1,1,1,0,1,50,2,2,1,0,0,1,31.0,34.0,voiture,voiture,1,2,5,1,1
201900049732,2019-10-25 14:15:00,2019,10,25,14,15,71,71270,LYON (ROUTE DE),46.285,4.807,Plein jour,En agglomération,Hors intersection,Normale,Deux véhicules - côté,3,2,2,0,1,1,1,0,1,50,2,3,2,0,0,1,54.0,28.0,voiture,voiture,1,2,1,1,3
201900049733,2019-10-29 09:15:00,2019,10,29,9,15,69,69029,8 MAI 1945 (DU)                     (AV),45.7274,4.91557,Plein jour,En agglomération,Hors intersection,Temps couvert,Autre collision,3,1,2,3,1,1,1,4,6,50,1,2,1,0,0,1,42.0,,voiture,,1,2,1,8,6
201900049734,2019-10-26 17:45:00,2019,10,26,17,45,67,67482,REUSS (ALLEE),48.545019,7.769256,Plein jour,En agglomération,Intersection en T,Normale,Deux véhicules - côté,4,3,2,0,1,1,1,0,1,50,2,2,1,0,0,1,51.0,38.0,voiture,voiture,1,2,3,1,3
201900049735,2019-10-29 16:35:00,2019,10,29,16,35,67,67482,CHARLES PEGUY (RUE),48.588603,7.698412,Plein jour,En agglomération,Hors intersection,Normale,Autre collision,4,3,5,0,1,1,1,1,1,50,1,2,1,0,0,1,65.0,,voiture,,1,2,1,1,6
201900049736,2019-10-16 10:13:00,2019,10,16,10,13,67,67482,SCHWEIGHAEUSER (RUE),48.58784,7.76814,Plein jour,En agglomération,Hors intersection,Normale,Deux véhicules - frontale,4,1,2,0,1,1,1,0,1,50,2,2,1,0,0,1,17.0,54.0,deux_roues,voiture,1,2,1,1,1
201900049737,2019-10-29 19:35:00,2019,10,29,19,35,64,64445,GASTON LACOSTE,43.292432,-0.363645,Nuit avec éclairage allumé,En agglomération,Intersection en X,Normale,Deux véhicules - côté,4,2,2,0,1,1,1,0,1,50,2,2,1,0,0,1,20.0,51.0,voiture,voiture,5,2,2,1,3
201900049738,2019-10-29 20:05:00,2019,10,29,20,5,64,64445,MONNAIE,43.29422,-0.37735,Nuit avec éclairage allumé,En agglomération,Intersection en T,Normale,Deux véhicules - côté,4,2,2,0,1,1,1,0,1,50,2,2,0,0,0,2,65.0,40.0,voiture,voiture,5,2,3,1,3
201900049739,2019-10-29 12:35:00,2019,10,29,12,35,64,64445,ETIGNY D',43.2958754,-0.3798727,Plein jour,En agglomération,Hors intersection,Normale,Deux véhicules - côté,4,2,2,0,1,1,1,1,1,50,2,2,1,0,0,1,31.0,38.0,utilitaire_camion,deux_roues,1,2,1,1,3
201900049740,2019-10-29 12:10:00,2019,10,29,12,10,64,64445,NORMAN PRINCE,43.30327,-0.35126,Plein jour,En agglomération,Hors intersection,Normale,Autre collision,4,1,1,0,1,1,1,0,1,50,1,2,1,0,0,1,75.0,,voiture,,1,2,1,1,6
201900049741,2019-10-28 05:40:00,2019,10,28,5,40,64,64122,PRINCE DE GALLES (BD DU),43.47803,-1.56663,Nuit sans éclairage public,En agglomération,Hors intersection,Normale,Sans collision,5,-1,1,0,1,1,1,6,4,10,1,1,0,1,0,0,74.0,,deux_roues,,3,2,1,1,7
201900049742,2019-10-29 16:45:00,2019,10,29,16,45,62,62555,GAMBETTA (RUE LEON ),50.499971,2.495914,Plein jour,En agglomération,Hors intersection,Normale,Deux véhicules - côté,4,3,1,0,1,1,1,0,1,50,2,2,1,0,1,0,41.0,14.0,transport_commun,deux_roues,1,2,1,1,3
201900049743,2019-10-28 18:00:00,2019,10,28,18,0,62,62193,CHEMIN VERT,50.94132,1.83711,Nuit avec éclairage allumé,En agglomération,Hors intersection,Normale,Deux véhicules - frontale,4,2,2,0,1,1,1,0,1,50,2,3,2,0,0,1,18.0,26.0,deux_roues,utilitaire_camion,5,2,1,1,1
201900049744,2019-10-26 18:55:00,2019,10,26,18,55,54,54300,RD126,48.658679,6.23006,Nuit avec éclairage allumé,En agglomération,Giratoire,Normale,Sans collision,3,2,2,0,1,1,1,0,1,70,1,1,0,0,0,1,,,,,5,2,6,1,7
201900049745,2019-10-28 09:03:00,2019,10,28,9,3,49,49267,A87N,47.4662412,-0.5165562,Plein jour,En agglomération,Hors intersection,Temps couvert,Autre collision,1,2,2,0,1,1,1,0,1,90,1,1,0,0,0,1,23.0,,voiture,,1,2,1,8,6
201900049746,2019-10-25 10:28:00,2019,10,25,10,28,49,49353,FOUCAUDIERE,47.4571121,-0.5147052,Plein jour,En agglomération,Hors intersection,Temps couvert,Autre collision,4,2,2,0,1,1,1,0,1,60,1,1,0,0,0,1,27.0,,voiture,,1,2,1,8,6
201900049747,2019-10-27 20:13:00,2019,10,27,20,13,49,49007,PORTET BOULEVARD,47.452098,-0.563527,Nuit avec éclairage allumé,En agglomération,Hors intersection,Pluie légère,Deux véhicules - côté,4,2,2,0,1,1,2,0,1,60,2,3,2,0,0,1,25.0,39.0,voiture,voiture,5,2,1,2,3
201900049748,2019-10-27 19:30:00,2019,10,27,19,30,49,49007,TALET AVENUE,47.47628,-0.54772,Crépuscule ou aube,En agglomération,Hors intersection,Pluie légère,Deux véhicules - côté,4,2,2,0,1,1,1,0,1,60,2,2,1,0,0,1,19.0,63.0,deux_roues,voiture,2,2,1,2,3
201900049749,2019-10-29 22:10:00,2019,10,29,22,10,44,44162,RUE KONRAD ADENAUER,47.20712,-1.63582,Nuit avec éclairage allumé,En agglomération,Hors intersection,Normale,Autre collision,4,2,2,0,2,3,2,0,1,50,1,1,0,0,0,1,34.0,,voiture,,5,2,1,1,6
201900049750,2019-10-29 19:00:00,2019,10,29,19,0,44,44109,BOULEVARD DE CARDIFF,47.19882,-1.58407,Nuit avec éclairage allumé,En agglomération,Hors intersection,Pluie légère,Deux véhicules - arrière,4,2,0,0,1,1,2,0,1,50,2,2,1,0,1,0,35.0,27.0,deux_roues,voiture,5,2,1,2,2
201900049751,2019-10-24 15:25:00,2019,10,24,15,25,43,43041,COUBON (AVENUE DE),45.04538,3.92493,Plein jour,En agglomération,Hors intersection,Normale,Deux véhicules - côté,3,2,2,0,1,1,1,0,1,50,2,2,1,0,0,1,21.0,16.0,voiture,deux_roues,1,2,1,1,3
201900049752,2019-10-29 16:35:00,2019,10,29,16,35,42,42044,EUROPE (RUE DE),45.39623,4.33215,Plein jour,En agglomération,Hors intersection,Normale,Deux véhicules - arrière,4,2,2,0,2,1,1,0,1,50,2,2,1,0,0,1,59.0,66.0,deux_roues,voiture,1,2,1,1,2
201900049753,2019-10-29 14:40:00,2019,10,29,14,40,37,37214,DE GAULLE (BD CHARLES),47.41352,0.67143,Plein jour,En agglomération,Hors intersection,Normale,Autre collision,4,2,4,0,1,2,1,0,1,50,1,1,0,0,0,1,20.0,,deux_roues,,1,2,1,1,6
201900049754,2019-10-29 18:50:00,2019,10,29,18,50,35,35238,CLEMENCEAU (BD GEORGES),48.0942184,-1.6805407,Nuit avec éclairage allumé,En agglomération,Autre intersection,Pluie légère,Deux véhicules - côté,4,2,6,1,1,1,2,9,1,30,2,2,1,0,0,1,21.0,32.0,deux_roues,voiture,5,2,9,2,3
201900049755,2019-10-29 17:45:00,2019,10,29,17,45,34,34172,JUSTICE DE CASTELNAU (AVENUE DE LA),43.62605,3.88228,Nuit avec éclairage allumé,En agglomération,Intersection en X,Normale,Deux véhicules - frontale,4,2,4,0,1,1,1,5,1,50,2,3,2,0,0,1,25.0,24.0,voiture,deux_roues,5,2,2,1,1
201900049756,2019-10-11 09:40:00,2019,10,11,9,40,33,33063,BD DU PRESIDENT WILSON,44.8451,-0.59882,Plein jour,En agglomération,Hors intersection,Normale,Deux véhicules - arrière,4,3,6,2,1,1,1,0,1,50,2,2,1,0,0,1,36.0,28.0,voiture,deux_roues,1,2,1,1,2
201900049757,2019-10-28 21:10:00,2019,10,28,21,10,33,33039,AVE MAL DE LATTRE DE TASSIGNY,44.80881,-0.54225,Nuit avec éclairage allumé,En agglomération,Intersection en X,Normale,Deux véhicules - côté,4,2,2,0,1,1,1,0,8,30,2,2,0,0,0,2,19.0,39.0,deux_roues,voiture,5,2,2,1,3
201900049758,2019-10-28 13:40:00,2019,10,28,13,40,33,33032,AVE JEAN JAURES,44.90059,-0.51678,Plein jour,En agglomération,Intersection en X,Normale,Deux véhicules - côté,4,2,2,0,1,1,1,0,1,50,2,4,1,0,0,3,21.0,24.0,voiture,voiture,1,2,2,1,3
201900049759,2019-10-10 21:00:00,2019,10,10,21,0,29,29019,CLEMENCEAU GEORGES (DE 2 A 14 ET 15 A 35,48.3906495,-4.4869456,Nuit avec éclairage allumé,En agglomération,Intersection en X,Normale,Deux véhicules - côté,4,2,2,0,1,1,1,0,1,50,2,2,1,0,0,1,27.0,20.0,deux_roues,voiture,5,2,2,1,3
201900049760,2019-10-29 23:00:00,2019,10,29,23,0,27,27681,YVELIN (RUE),49.086078,1.481734,Nuit avec éclairage allumé,En agglomération,Intersection en X,Pluie légère,Deux véhicules - arrière,4,2,4,0,1,1,2,0,1,50,2,3,2,0,0,1,28.0,39.0,voiture,voiture,5,2,2,2,2
201900049761,2019-10-29 12:50:00,2019,10,29,12,50,17,17291,JUIN 18  RUE,46.17595,-1.111645,Plein jour,En agglomération,Hors intersection,Normale,Deux véhicules - arrière,4,2,2,2,1,1,1,0,1,30,2,3,2,0,0,1,20.0,17.0,voiture,deux_roues,1,2,1,1,2
201900049762,2019-10-28 11:28:00,2019,10,28,11,28,12,12145,LADOUX,44.11013,3.06876,Plein jour,En agglomération,Hors intersection,Normale,Autre collision,4,2,2,0,1,1,1,0,1,30,1,1,0,1,0,0,77.0,,voiture,,1,2,1,1,6
201900049763,2019-10-28 18:10:00,2019,10,28,18,10,10,10081,DOUANE (RUE),48.3218,4.03741,Nuit avec éclairage allumé,En agglomération,Hors intersection,Normale,Deux véhicules - côté,4,-1,1,0,1,1,1,0,1,50,2,2,1,0,0,1,22.0,56.0,deux_roues,voiture,5,2,1,1,3
201900049764,2019-10-25 20:47:00,2019,10,25,20,47,10,10387,JEAN BERTHELIN (RUE),48.27563,4.0754,Nuit avec éclairage allumé,En agglomération,Hors intersection,Normale,Deux véhicules - côté,4,1,1,0,1,1,1,0,1,50,2,3,2,0,0,1,18.0,25.0,voiture,deux_roues,5,2,1,1,3
201900049765,2019-10-28 11:31:00,2019,10,28,11,31,3,03023,pont de Bellerive,46.1181469,3.4156648,Plein jour,En agglomération,Hors intersection,Pluie légère,Autre collision,3,2,2,0,1,1,2,0,1,70,1,2,1,0,1,0,43.0,,utilitaire_camion,,1,2,1,2,6
201900049766,2019-10-28 08:50:00,2019,10,28,8,50,75,75113,BD PERIPHEDIQUE INTERIEUR,48.8189119,2.3708716,Plein jour,En agglomération,Hors intersection,Normale,Deux véhicules - arrière,4,1,4,0,1,1,1,0,1,70,2,2,1,0,0,1,44.0,54.0,deux_roues,voiture,1,2,1,1,2
201900049767,2019-10-29 17:40:00,2019,10,29,17,40,75,75120,BD PERIPHERIQUE INTERIEUR,48.850099,2.415106,Nuit avec éclairage allumé,En agglomération,Hors intersection,Pluie légère,Trois véhicules et plus - en chaîne,4,1,4,0,1,1,2,0,1,70,3,4,2,0,1,1,36.0,30.0,utilitaire_camion,deux_roues,5,2,1,2,4
201900049768,2019-10-28 13:05:00,2019,10,28,13,5,75,75112,QUAI DE BERCY,48.8335084,2.3821001,Plein jour,En agglomération,Intersection en X,Normale,Autre collision,4,2,5,0,1,1,1,0,1,50,1,3,1,0,1,1,42.0,,voiture,,1,2,2,1,6
201900049769,2019-10-28 11:05:00,2019,10,28,11,5,75,75106,BOULEVARD SAINT GERMAIN,48.852902,2.3369913,Plein jour,En agglomération,Intersection en X,Normale,Deux véhicules - arrière,4,1,3,0,1,1,1,0,1,50,2,3,2,0,0,1,27.0,22.0,voiture,voiture,1,2,2,1,2
201900049770,2019-10-29 09:40:00,2019,10,29,9,40,75,75120,RUE DES PYRENEES,48.8655012,2.3980166,Plein jour,En agglomération,Intersection en X,Pluie légère,Sans collision,4,2,3,-1,4,1,2,0,1,50,1,1,0,0,0,1,37.0,,deux_roues,,1,2,2,2,7
201900049771,2019-10-29 14:15:00,2019,10,29,14,15,75,75119,AVENUE SIMON BOLIVAR,48.876384,2.378739,Plein jour,En agglomération,Hors intersection,Normale,Deux véhicules - arrière,4,2,2,0,2,1,1,0,1,30,2,2,1,0,0,1,37.0,20.0,voiture,deux_roues,1,2,1,1,2
201900049772,2019-10-28 20:10:00,2019,10,28,20,10,75,75120,RUE DE BELLEVILLE,48.8739368,2.3853622,Nuit avec éclairage allumé,En agglomération,Intersection à plus de 4 branches,Normale,Autre collision,4,2,2,-1,2,1,1,0,1,30,2,1,0,0,0,1,28.0,,deux_roues,,5,2,5,1,6
201900049773,2019-10-29 09:05:00,2019,10,29,9,5,75,75118,RUE MARX DORMOY,48.8868708,2.3596372,Plein jour,En agglomération,Intersection en T,Pluie légère,Deux véhicules - côté,4,2,4,0,1,1,2,5,1,50,2,2,1,0,0,1,49.0,14.0,transport_commun,deux_roues,1,2,3,2,3
201900049774,2019-10-28 16:35:00,2019,10,28,16,35,75,75117,PLACE DE LA PORTE DE CHAMPERRET,48.8856722,2.2914702,Plein jour,En agglomération,Intersection en X,Normale,Deux véhicules - arrière,4,2,4,3,1,1,1,-1,6,50,2,2,1,0,0,1,28.0,43.0,deux_roues,utilitaire_camion,1,2,2,1,2
201900049775,2019-10-28 07:50:00,2019,10,28,7,50,75,75115,PLACE DES INSURGES DE VARSOVIE,48.8277609,2.292685,Crépuscule ou aube,En agglomération,Place,Normale,Sans collision,4,1,3,0,1,2,8,0,1,50,1,1,0,0,0,1,33.0,,deux_roues,,2,2,7,1,7
201900049776,2019-10-29 13:36:00,2019,10,29,13,36,75,75114,RUE DE L OUEST,48.837302,2.321959,Plein jour,En agglomération,Hors intersection,Normale,Deux véhicules - côté,4,1,1,0,1,1,1,0,1,50,2,2,1,0,0,1,9.0,49.0,deux_roues,utilitaire_camion,1,2,1,1,3
201900049777,2019-10-29 17:00:00,2019,10,29,17,0,75,75112,AVENUE DES MINIMES,48.840617,2.438702,Plein jour,En agglomération,Intersection en T,Normale,Deux véhicules - côté,4,2,2,0,1,1,1,8,1,50,2,2,1,0,0,1,27.0,55.0,voiture,deux_roues,1,2,3,1,3
201900049778,2019-10-29 13:40:00,2019,10,29,13,40,75,75112,RUE PARROT,48.8469295,2.3738672,Plein jour,En agglomération,Intersection en X,Normale,Deux véhicules - côté,4,1,2,0,1,1,1,0,1,50,2,2,1,0,0,1,25.0,27.0,voiture,deux_roues,1,2,2,1,3
201900049779,2019-10-29 11:20:00,2019,10,29,11,20,75,75110,RUE LA FAYETTE,48.877346,2.3496205,Plein jour,En agglomération,Intersection en Y,Temps couvert,Autre collision,4,1,3,0,1,1,1,0,1,50,1,2,1,0,0,1,64.0,,utilitaire_camion,,1,2,4,8,6