accident_id,datetime,annee,mois,jour,heure,minute,departement,commune_insee,adresse,latitude,longitude,luminosite,agglomeration,intersection,meteo,collision,catr,circ,nbv,vosp,prof,plan,surf,infra,situ,vma,nb_vehicules,nb_usagers,nb_indemnes,nb_tues,nb_blesses_hosp,nb_blesses_legers,age_cond_1,age_cond_2,veh_type_cond_1,veh_type_cond_2,lum_code,agg_code,int_code,atm_code,col_code
201900050050,2019-09-26 08:27:00,2019,9,26,8,27,38,38524,A51 PK 003.200,45.087549,5.669947,Plein jour,Hors agglomération,Hors intersection,Normale,Autre collision,1,3,4,0,1,3,2,0,2,130,1,1,0,0,1,0,30.0,,voiture,,1,1,1,1,6
201900050051,2019-09-27 14:30:00,2019,9,27,14,30,73,73237,A 43 PK 137.100,45.508284,6.3053061,Plein jour,Hors agglomération,Hors intersection,Normale,Deux véhicules - arrière,1,3,4,0,1,1,1,0,1,110,2,3,2,0,1,0,45.0,23.0,utilitaire_camion,utilitaire_camion,1,1,1,1,2
201900050052,2019-01-28 06:00:00,2019,1,28,6,0,1,01357,"autoroute A40, PK 106+500, sens Macon / Genève",46.167781,5.75228,Nuit sans éclairage public,Hors agglomération,Hors intersection,Neige / grêle,Deux véhicules - côté,1,1,2,0,1,1,5,3,2,110,2,2,1,0,0,1,54.0,56.0,utilitaire_camion,voiture,3,1,1,4,3
201900050053,2019-09-24 11:25:00,2019,9,24,11,25,34,34270,Bretelle de sortie  n°32  - A709,43.569177,3.837092,Plein jour,Hors agglomération,Hors intersection,Normale,Deux véhicules - frontale,1,2,2,0,1,1,1,0,1,50,2,3,1,0,2,0,52.0,72.0,voiture,voiture,1,1,1,1,1
201900050054,2019-09-26 17:00:00,2019,9,26,17,0,973,97312,RN1 - PK 106,5.320142,-52.914194,Plein jour,Hors agglomération,Hors intersection,Normale,Deux véhicules - frontale,2,2,2,0,1,1,1,0,1,80,2,3,0,0,1,2,21.0,72.0,voiture,voiture,1,1,1,1,1
201900050055,2019-09-26 16:10:00,2019,9,26,16,10,29,29297,Rue de Quimperlé,47.88036,-3.537821,Plein jour,Hors agglomération,Hors intersection,Pluie légère,Deux véhicules - frontale,3,2,2,0,2,1,2,0,1,70,2,3,0,0,0,3,39.0,84.0,voiture,voiture,1,1,1,2,1
201900050056,2019-09-26 20:15:00,2019,9,26,20,15,77,77211,RD 619,48.58165,2.96114,Nuit sans éclairage public,Hors agglomération,Hors intersection,Pluie légère,Deux véhicules - frontale,3,2,3,0,1,1,2,0,1,80,2,2,0,0,1,1,24.0,73.0,voiture,voiture,3,1,1,2,1
201900050057,2019-09-27 15:00:00,2019,9,27,15,0,26,26165,A7 PK 085+904 sens Sud/Nord,44.7992,4.8464,Plein jour,Hors agglomération,Hors intersection,Normale,Autre collision,1,3,5,0,1,1,1,0,2,130,1,1,0,1,0,0,86.0,,voiture,,1,1,1,1,6
201900050058,2019-09-26 23:00:00,2019,9,26,23,0,74,74243,Avenue Louis Armand,46.142471,6.086283,Nuit avec éclairage non allumé,En agglomération,Intersection en T,Normale,Deux véhicules - arrière,3,2,2,0,1,1,1,0,1,50,2,2,1,0,1,0,39.0,28.0,deux_roues,voiture,4,2,3,1,2
201900050059,2019-09-27 15:15:00,2019,9,27,15,15,7,07345,les perrets,45.1026279,4.8168113,Plein jour,Hors agglomération,Hors intersection,Normale,Autre collision,3,2,2,0,1,1,1,0,3,80,1,1,0,1,0,0,23.0,,deux_roues,,1,1,1,1,6
201900050060,2019-09-27 09:10:00,2019,9,27,9,10,69,69009,Route de Villefranche,45.94275,4.715587,Plein jour,En agglomération,Autre intersection,Normale,Deux véhicules - frontale,3,2,2,0,1,1,1,0,1,50,2,2,1,0,0,1,33.0,34.0,utilitaire_camion,deux_roues,1,2,9,1,1
201900050061,2019-09-27 17:15:00,2019,9,27,17,15,17,17452,RD 14,45.761745,-1.141723,Plein jour,En agglomération,Intersection en T,Normale,Deux véhicules - côté,3,2,2,0,1,1,1,0,1,50,2,2,1,0,0,1,17.0,68.0,deux_roues,voiture,1,2,3,1,3
201900050062,2019-09-26 20:15:00,2019,9,26,20,15,85,85222,Route de la Roche,46.693582,-1.899768,Nuit avec éclairage allumé,En agglomération,Hors intersection,Pluie forte,Sans collision,3,2,2,0,1,1,2,8,1,-1,1,1,0,0,1,0,37.0,,deux_roues,,5,2,1,3,7
201900050063,2019-09-27 14:15:00,2019,9,27,14,15,27,27229,Route de Conches,49.014604,1.107498,Plein jour,Hors agglomération,Intersection en T,Normale,Deux véhicules - côté,3,2,2,0,2,1,1,0,1,80,2,2,1,0,1,0,42.0,51.0,voiture,deux_roues,1,1,3,1,3
201900050064,2019-09-27 16:00:00,2019,9,27,16,0,76,76039,Rue de l'assemblée,49.351284,1.127882,Plein jour,En agglomération,Hors intersection,Normale,Trois véhicules et plus - collisions multiples,3,-1,2,0,1,1,1,0,1,50,3,5,1,1,3,0,55.0,37.0,voiture,utilitaire_camion,1,2,1,1,5
201900050065,2019-09-27 09:25:00,2019,9,27,9,25,59,59423,Rue de Merville,50.668225,2.642542,Plein jour,Hors agglomération,Hors intersection,Normale,Autre collision,3,2,2,0,1,1,1,0,3,90,1,1,0,0,1,0,21.0,,voiture,,1,1,1,1,6
201900050066,2019-09-26 17:20:00,2019,9,26,17,20,13,13215,A7-Sens Marseille vers Lyon,43.360561,5.361938,Plein jour,En agglomération,Hors intersection,Normale,Deux véhicules - côté,1,3,3,0,1,1,1,0,1,90,2,2,1,0,0,1,51.0,65.0,deux_roues,voiture,1,2,1,1,3
201900050067,2019-09-20 18:23:00,2019,9,20,18,23,13,13202,TVPCM-Sens Saint Victor vers Les Ports,43.29286,5.36523,Plein jour,En agglomération,Hors intersection,Normale,Autre collision,7,1,2,0,1,1,1,1,1,50,1,1,0,1,0,0,52.0,,deux_roues,,1,2,1,1,6
201900050068,2019-09-26 00:45:00,2019,9,26,0,45,13,13056,A55-Sens Marseille vers Martigues,43.397903,5.0744762,Nuit sans éclairage public,Hors agglomération,Hors intersection,Normale,Deux véhicules - arrière,1,1,3,0,1,1,1,0,1,110,2,2,1,0,0,1,33.0,22.0,utilitaire_camion,voiture,3,1,1,1,2
201900050069,2019-09-25 17:50:00,2019,9,25,17,50,13,13071,A7-Sens Lyon vers Marseille,43.4034814,5.3104741,Plein jour,Hors agglomération,Hors intersection,Normale,Deux véhicules - arrière,1,1,2,0,1,1,1,0,1,110,2,3,0,0,0,3,55.0,31.0,utilitaire_camion,utilitaire_camion,1,1,1,1,2
201900050070,2019-09-25 16:20:00,2019,9,25,16,20,13,13215,A7-Sens Lyon vers Marseille,43.361778,5.36127,Plein jour,En agglomération,Hors intersection,Normale,Deux véhicules - arrière,1,3,3,0,1,1,1,0,1,90,2,2,1,0,0,1,34.0,20.0,voiture,voiture,1,2,1,1,2
201900050071,2019-09-25 08:18:00,2019,9,25,8,18,13,13210,A50-Sens Aubagne vers Marseille,43.2863,5.4314,Plein jour,Hors agglomération,Hors intersection,Normale,Deux véhicules - côté,1,1,4,0,1,1,1,0,1,90,2,2,1,0,0,1,42.0,49.0,deux_roues,utilitaire_camion,1,1,1,1,3
201900050072,2019-09-25 08:00:00,2019,9,25,8,0,69,69266,RD383   3.750 A 7.640,45.75053,4.9075,Plein jour,Hors agglomération,Hors intersection,Normale,Deux véhicules - arrière,3,1,4,0,1,1,1,0,1,70,2,2,1,0,0,1,38.0,29.0,voiture,voiture,1,1,1,1,2
201900050073,2019-09-24 19:30:00,2019,9,24,19,30,67,67471,Autoroute A.4,48.63814,7.72801,Nuit sans éclairage public,Hors agglomération,Hors intersection,Pluie légère,Trois véhicules et plus - en chaîne,1,1,6,0,1,1,2,0,1,90,6,6,5,0,0,1,32.0,30.0,voiture,voiture,3,1,1,2,4
201900050074,2019-09-13 10:05:00,2019,9,13,10,5,67,67482,Autoroute A.35,48.58008,7.72443,Plein jour,Hors agglomération,Hors intersection,Normale,Deux véhicules - arrière,1,3,4,0,1,1,1,0,1,90,2,2,1,0,0,1,54.0,47.0,utilitaire_camion,utilitaire_camion,1,1,1,1,2
201900050075,2019-09-26 20:25:00,2019,9,26,20,25,33,33550,ROCADE A 630,44.78521,-0.54186,Nuit avec éclairage allumé,Hors agglomération,Hors intersection,Normale,Autre collision,1,3,6,0,1,1,1,0,1,90,2,3,2,0,0,1,58.0,43.0,voiture,utilitaire_camion,5,1,1,1,6
201900050076,2019-09-25 16:45:00,2019,9,25,16,45,59,59350,AUTOROUTE A25,50.61,3.03,Plein jour,En agglomération,Hors intersection,Pluie légère,Autre collision,1,1,1,0,1,2,2,3,3,50,1,1,0,0,1,0,22.0,,voiture,,1,2,1,2,6
201900050077,2019-09-25 20:30:00,2019,9,25,20,30,59,59009,ROUTE NATIONALE 227,50.61,3.13,Nuit sans éclairage public,Hors agglomération,Hors intersection,Pluie légère,Autre collision,2,3,4,0,1,2,2,0,3,50,1,1,0,0,0,1,39.0,,voiture,,3,1,1,2,6
201900050078,2019-09-26 09:10:00,2019,9,26,9,10,91,91589,AUTOROUTE A6,48.6774,2.3378,Plein jour,Hors agglomération,Hors intersection,Temps couvert,Sans collision,1,1,3,0,1,1,2,0,1,110,1,1,0,0,0,1,24.0,,deux_roues,,1,1,1,8,7
201900050079,2019-09-26 06:00:00,2019,9,26,6,0,91,91340,RN 104,48.60807,2.43438,Nuit sans éclairage public,Hors agglomération,Hors intersection,Pluie légère,Sans collision,2,1,1,0,1,2,2,2,1,70,1,1,0,0,0,1,36.0,,deux_roues,,3,1,1,2,7
201900050080,2019-09-25 18:20:00,2019,9,25,18,20,91,91661,RD 188 PARIS / A 10 PARIS,48.70519,2.249881,Plein jour,En agglomération,Hors intersection,Normale,Deux véhicules - côté,3,2,2,0,2,3,1,0,1,70,2,2,1,0,0,1,48.0,48.0,voiture,deux_roues,1,2,1,1,3
201900050081,2019-09-25 07:05:00,2019,9,25,7,5,92,92002,AUTOROUTE A10,48.7301614,2.3079008,Nuit sans éclairage public,Hors agglomération,Hors intersection,Pluie légère,Trois véhicules et plus - en chaîne,1,3,6,0,1,1,2,0,1,90,5,5,2,0,0,3,31.0,37.0,voiture,voiture,3,1,1,2,4
201900050082,2019-09-25 12:25:00,2019,9,25,12,25,95,95582,RD 170,48.96466,2.26974,Plein jour,Hors agglomération,Hors intersection,Normale,Autre collision,3,3,7,0,1,1,2,0,1,70,1,1,0,0,0,1,27.0,,voiture,,1,1,1,1,6
201900050083,2019-09-25 05:50:00,2019,9,25,5,50,95,95394,AUTOROUTE A115,49.05081,2.18168,Nuit sans éclairage public,Hors agglomération,Hors intersection,Normale,Sans collision,1,3,4,0,2,2,2,0,1,70,1,1,0,0,0,1,38.0,,utilitaire_camion,,3,1,1,1,7
201900050084,2019-09-24 19:45:00,2019,9,24,19,45,93,93027,AUTOROUTE A86,48.92839,2.4167,Crépuscule ou aube,Hors agglomération,Hors intersection,Pluie forte,Sans collision,1,3,6,0,1,2,2,2,1,70,1,2,0,0,0,2,50.0,,voiture,,2,1,1,3,7
201900050085,2019-09-24 16:46:00,2019,9,24,16,46,93,93066,AUTOROUTE A1,48.90788,2.35847,Plein jour,Hors agglomération,Hors intersection,Normale,Deux véhicules - arrière,1,3,8,0,1,1,2,1,1,90,2,2,1,0,0,1,45.0,70.0,voiture,deux_roues,1,1,1,1,2
201900050086,2019-09-26 18:50:00,2019,9,26,18,50,94,94073,A86 EXT,48.7703857,2.3845352,Nuit avec éclairage allumé,Hors agglomération,Hors intersection,Normale,Deux véhicules - côté,1,-1,3,0,1,1,1,0,1,90,2,2,1,0,0,1,48.0,48.0,deux_roues,voiture,5,1,1,1,3
201900050087,2019-09-26 09:30:00,2019,9,26,9,30,77,77258,A4.Y,48.8454,2.6366,Plein jour,Hors agglomération,Hors intersection,Normale,Deux véhicules - arrière,1,1,5,0,1,1,2,0,1,90,2,2,0,0,0,2,52.0,40.0,utilitaire_camion,utilitaire_camion,1,1,1,1,2
201900050088,2019-09-26 09:15:00,2019,9,26,9,15,94,94069,A4,48.8174,2.4233,Plein jour,Hors agglomération,Hors intersection,Normale,Deux véhicules - côté,1,1,4,0,1,1,1,0,1,90,2,2,1,0,0,1,41.0,43.0,voiture,deux_roues,1,1,1,1,3
201900050089,2019-09-24 09:25:00,2019,9,24,9,25,2B,2B033,SEBASTIANI  - AVENUE,42.70233,9.4501,Plein jour,En agglomération,Hors intersection,Normale,Autre collision,4,2,3,0,1,1,1,0,1,50,1,3,1,0,0,2,24.0,,deux_roues,,1,2,1,1,6
201900050090,2019-09-13 22:20:00,2019,9,13,22,20,73,73065,BIOLLAY (CHEMIN DU),45.56382,5.90842,Nuit avec éclairage allumé,En agglomération,Hors intersection,Normale,Autre collision,4,1,1,0,1,1,1,0,1,50,1,1,0,1,0,0,61.0,,voiture,,5,2,1,1,6
201900050091,2019-09-24 20:39:00,2019,9,24,20,39,45,45232,D2271 - PK 1+700,47.84173,1.89513,Nuit sans éclairage public,Hors agglomération,Hors intersection,Normale,Deux véhicules - frontale,3,2,2,0,2,1,1,0,1,80,2,2,0,0,0,2,28.0,71.0,voiture,voiture,3,1,1,1,1
201900050092,2019-09-24 13:15:00,2019,9,24,13,15,45,45234,AV DE TREVISE,47.89457,1.89712,Plein jour,En agglomération,Hors intersection,Pluie forte,Deux véhicules - frontale,4,2,2,0,1,4,2,2,1,50,2,3,1,0,0,2,72.0,24.0,voiture,voiture,1,2,1,3,1
201900050093,2019-09-06 07:00:00,2019,9,6,7,0,13,13204,FRANÇOISE DUPARC (BOULEVARD),43.307937,5.401865,Crépuscule ou aube,En agglomération,Intersection en T,Normale,Autre collision,4,1,3,0,1,1,1,0,1,50,1,2,1,0,0,1,48.0,,utilitaire_camion,,2,2,3,1,6
201900050094,2019-09-24 22:30:00,2019,9,24,22,30,13,13204,FRANÇOISE DUPARC (BOULEVARD),43.304041,5.40095,Nuit avec éclairage allumé,En agglomération,Hors intersection,Normale,Deux véhicules - côté,4,3,5,0,1,1,1,5,1,50,2,1,0,0,0,1,16.0,,deux_roues,,5,2,1,1,3
201900050095,2019-09-25 10:02:00,2019,9,25,10,2,94,94055,OLIVIER D ORMESSON (AV),48.78223,2.53205,Plein jour,En agglomération,Hors intersection,Pluie légère,Deux véhicules - côté,3,2,2,0,1,1,2,0,1,50,2,2,1,0,0,1,49.0,49.0,voiture,voiture,1,2,1,2,3
201900050096,2019-09-24 17:02:00,2019,9,24,17,2,94,94019,PONT (R DU),48.79225,2.52599,Plein jour,En agglomération,Intersection en X,Normale,Deux véhicules - côté,4,2,2,0,2,1,1,0,1,50,2,2,1,0,0,1,51.0,27.0,voiture,deux_roues,1,2,2,1,3
201900050097,2019-08-13 16:30:00,2019,8,13,16,30,93,93048,STALINGRAD (RUE DE),48.8576,2.4441,Plein jour,En agglomération,Intersection en Y,Normale,Autre collision,4,2,2,0,1,1,1,6,1,30,1,2,1,0,0,1,27.0,,voiture,,1,2,4,1,6
201900050098,2019-09-25 09:00:00,2019,9,25,9,0,13,13211,Sens Aubagne vers Marseille,43.29405,5.4581,Plein jour,Hors agglomération,Hors intersection,Normale,Deux véhicules - côté,1,3,3,0,2,2,1,0,1,90,2,2,1,0,0,1,37.0,35.0,voiture,deux_roues,1,1,1,1,3
201900050099,2019-09-25 22:50:00,2019,9,25,22,50,974,97416,BANK (BOULEVARD),-21.33071,55.47493,Nuit avec éclairage allumé,En agglomération,Giratoire,Normale,Deux véhicules - côté,2,3,4,0,1,1,1,0,1,50,2,1,0,0,0,1,23.0,,deux_roues,,5,2,6,1,3
201900050100,2019-09-25 16:50:00,2019,9,25,16,50,974,97416,HUBERT DE LISLE(BOULEVARD),-21.3435802,55.4743092,Plein jour,En agglomération,Intersection en X,Normale,Autre collision,4,3,2,1,1,1,1,9,1,50,1,2,1,0,0,1,22.0,,voiture,,1,2,2,1,6
201900050101,2019-09-19 07:00:00,2019,9,19,7,0,974,97407,LISZT FRANTZ(RUELLE),-20.9599,55.3204,Plein jour,En agglomération,Hors intersection,Normale,Deux véhicules - côté,4,-1,1,0,1,1,1,0,-1,50,2,2,1,0,0,1,11.0,61.0,deux_roues,voiture,1,2,1,1,3
201900050102,2019-09-25 21:20:00,2019,9,25,21,20,69,69387,VIENNE (DE)                         (RO),45.74522,4.84891,Nuit avec éclairage allumé,En agglomération,Intersection à plus de 4 branches,Pluie légère,Sans collision,7,1,3,3,1,2,2,5,1,50,1,1,0,0,0,1,20.0,,deux_roues,,5,2,5,2,7
201900050103,2019-09-25 19:20:00,2019,9,25,19,20,69,69388,FRERES LUMIERE (DES)                (AV),45.74489,4.86705,Crépuscule ou aube,En agglomération,Hors intersection,Pluie légère,Deux véhicules - côté,4,1,1,2,1,1,2,0,1,50,2,2,1,0,0,1,32.0,49.0,deux_roues,voiture,2,2,1,2,3
201900050104,2019-09-25 15:30:00,2019,9,25,15,30,69,69259,PIERRE COT                          (AV),45.707,4.898,Plein jour,En agglomération,Hors intersection,Normale,Autre collision,4,2,2,0,1,1,1,0,4,50,1,1,0,0,0,1,18.0,,deux_roues,,1,2,1,1,6
201900050105,2019-09-25 15:10:00,2019,9,25,15,10,972,97213,ROUTE NATIONALE 1,14.617354,-61.017468,Plein jour,En agglomération,Hors intersection,Normale,Deux véhicules - côté,1,-1,3,0,1,1,1,0,1,90,2,2,1,0,0,1,44.0,55.0,utilitaire_camion,voiture,1,2,1,1,3
201900050106,2019-09-25 15:08:00,2019,9,25,15,8,972,97209,ERNEST DEPROGE (RUE),14.60336,-61.07317,Plein jour,En agglomération,Intersection en T,Normale,Deux véhicules - côté,4,2,4,0,1,1,1,0,1,30,2,2,1,0,0,1,85.0,28.0,voiture,transport_commun,1,2,3,1,3
201900050107,2019-09-25 18:45:00,2019,9,25,18,45,69,69389,ANDREI SAKHAROV                     (AV),45.78723,4.79959,Plein jour,En agglomération,Hors intersection,Pluie légère,Autre collision,4,2,2,0,1,1,2,0,1,50,1,3,1,0,1,1,19.0,,deux_roues,,1,2,1,2,6
201900050108,2019-09-25 10:00:00,2019,9,25,10,0,69,69382,JEAN DE TOURNES                     (R ),45.7607,4.8341,Plein jour,En agglomération,Place,Normale,Autre collision,7,1,1,0,1,1,1,0,1,50,1,2,1,0,1,0,50.0,,utilitaire_camion,,1,2,7,1,6
201900050109,2019-09-25 08:05:00,2019,9,25,8,5,2A,2A004,NICOLI JEAN COURS,41.93236,8.74064,Plein jour,En agglomération,Intersection en T,Normale,Deux véhicules - côté,2,1,3,0,1,1,1,0,1,50,2,2,1,0,0,1,52.0,38.0,deux_roues,voiture,1,2,3,1,3
201900050110,2019-09-19 09:10:00,2019,9,19,9,10,91,91228,RN7,48.6403,2.42906,Plein jour,Hors agglomération,Autre intersection,Normale,Deux véhicules - côté,2,1,1,0,1,1,1,0,1,30,2,2,1,0,0,1,29.0,30.0,deux_roues,voiture,1,1,9,1,3
201900050111,2019-09-25 11:10:00,2019,9,25,11,10,91,91201,RIS (RUE DE),48.66179,2.41716,Plein jour,En agglomération,Hors intersection,Pluie légère,Deux véhicules - arrière,4,2,2,0,2,1,2,8,1,50,2,3,2,0,0,1,40.0,47.0,utilitaire_camion,voiture,1,2,1,2,2
201900050112,2019-09-25 09:51:00,2019,9,25,9,51,87,87085,ALLENDE (QUAI SALVADOR),45.81711,1.25232,Plein jour,En agglomération,Hors intersection,Pluie légère,Autre collision,4,1,1,0,2,2,2,0,1,50,1,1,0,0,0,1,66.0,,voiture,,1,2,1,2,6
201900050113,2019-09-24 17:09:00,2019,9,24,17,9,87,87085,TUILIERES (RUE DES),45.85244,1.25512,Plein jour,En agglomération,Hors intersection,Normale,Deux véhicules - arrière,4,2,2,0,1,1,1,0,1,50,2,2,1,0,0,1,21.0,59.0,voiture,voiture,1,2,1,1,2
201900050114,2019-09-24 13:05:00,2019,9,24,13,5,87,87085,A20 - Diffuseur 33,45.83895,1.28361,Plein jour,En agglomération,Hors intersection,Pluie légère,Autre collision,1,1,1,0,2,2,2,3,1,70,1,1,0,0,0,1,32.0,,voiture,,1,2,1,2,6
201900050115,2019-09-24 08:40:00,2019,9,24,8,40,85,85194,RUE BEL AIR ,46.49816,-1.77284,Crépuscule ou aube,En agglomération,Intersection en T,Pluie forte,Deux véhicules - côté,4,2,0,0,1,1,2,0,1,50,2,2,1,0,0,1,19.0,72.0,deux_roues,voiture,2,2,3,3,3
201900050116,2019-10-27 08:00:00,2019,10,27,8,0,83,83050,DE GAULLE(AVENUE CHARLES),43.54494,6.46203,Plein jour,En agglomération,Autre intersection,Normale,Autre collision,4,1,1,0,1,1,1,0,1,50,1,2,1,0,1,0,22.0,,voiture,,1,2,9,1,6
201900050117,2019-09-24 13:45:00,2019,9,24,13,45,80,80021,FEDERES (BOULEVARD DES),49.89562,2.283311,Plein jour,En agglomération,Intersection en T,Pluie légère,Autre collision,4,2,2,0,1,1,2,0,1,50,1,2,1,0,0,1,35.0,,voiture,,1,2,3,2,6
201900050118,2019-09-24 10:00:00,2019,9,24,10,0,80,80379,PHILEAS FOGG (AVENUE),49.8654,2.37896,Plein jour,En agglomération,Hors intersection,Pluie forte,Autre collision,4,2,2,0,2,1,2,0,1,50,1,2,1,0,1,0,42.0,,voiture,,1,2,1,3,6
201900050119,2019-09-20 17:05:00,2019,9,20,17,5,77,77350,ALBERT LE PETIT (RUE),48.7719124,2.6753434,Plein jour,En agglomération,Hors intersection,Normale,Autre collision,4,2,2,0,1,1,1,0,2,50,1,2,1,0,1,0,67.0,,voiture,,1,2,1,1,6
201900050120,2019-09-25 08:50:00,2019,9,25,8,50,77,77243,D934-BRETELLE SORTIE,48.87555,2.72054,Plein jour,Hors agglomération,Hors intersection,Pluie légère,Deux véhicules - arrière,3,1,1,0,2,3,2,3,1,50,2,2,1,0,0,1,47.0,31.0,voiture,utilitaire_camion,1,1,1,2,2
201900050121,2019-09-24 09:15:00,2019,9,24,9,15,76,76498,ALLIES. AVENUE DES,49.42113,1.05162,Plein jour,Hors agglomération,Giratoire,Pluie légère,Deux véhicules - côté,3,1,2,0,1,2,2,0,1,50,2,2,1,0,0,1,68.0,47.0,voiture,voiture,1,1,6,2,3
201900050122,2019-09-24 19:55:00,2019,9,24,19,55,74,74010,ROCADE (BOULEVARD DE LA),45.90636,6.11478,Nuit avec éclairage allumé,En agglomération,Giratoire,Temps couvert,Deux véhicules - côté,4,1,1,0,1,1,1,5,1,50,2,2,1,0,0,1,41.0,23.0,voiture,deux_roues,5,2,6,8,3
201900050123,2019-09-15 04:03:00,2019,9,15,4,3,74,74010,ALBIGNY (AVE),45.90354,6.13648,Nuit avec éclairage allumé,En agglomération,Hors intersection,Normale,Autre collision,3,2,4,1,1,1,1,0,1,30,1,3,2,0,1,0,26.0,,voiture,,5,2,1,1,6
201900050124,2019-09-24 22:05:00,2019,9,24,22,5,72,72181,LOUIS BLANC (QUAI),48.00144,0.19796,Nuit avec éclairage allumé,En agglomération,Intersection en X,Normale,Deux véhicules - côté,7,3,7,2,1,1,1,0,1,50,2,4,2,0,0,2,24.0,31.0,voiture,voiture,5,2,2,1,3
201900050125,2019-09-25 13:00:00,2019,9,25,13,0,71,71153,PRESIDENT WILSON (RUE DU),46.7975,4.43337,Plein jour,En agglomération,Intersection en T,Pluie légère,Deux véhicules - côté,4,-1,2,0,1,1,2,0,1,50,2,3,1,0,0,2,25.0,36.0,utilitaire_camion,voiture,1,2,3,2,3
201900050126,2019-09-25 07:45:00,2019,9,25,7,45,67,67482,ROME (RUE DE),48.577362,7.76654,Plein jour,En agglomération,Hors intersection,Normale,Deux véhicules - côté,4,2,2,0,1,1,2,0,1,50,2,3,2,0,1,0,21.0,53.0,deux_roues,voiture,1,2,1,1,3
201900050127,2019-09-24 07:45:00,2019,9,24,7,45,67,67267,LORRAINE (RUE DE),48.563552,7.688453,Crépuscule ou aube,En agglomération,Giratoire,Normale,Deux véhicules - arrière,4,3,4,0,1,2,1,0,1,50,2,2,1,0,0,1,39.0,36.0,voiture,deux_roues,2,2,6,1,2
201900050128,2019-09-24 18:30:00,2019,9,24,18,30,66,66136,ALDUY (Paul),42.68036,2.90319,Plein jour,En agglomération,Hors intersection,Normale,Deux véhicules - arrière,4,2,1,0,1,1,1,0,1,50,2,2,1,0,1,0,50.0,52.0,deux_roues,voiture,1,2,1,1,2
201900050129,2019-09-25 21:22:00,2019,9,25,21,22,64,64445,LAURIERS DES,43.301376,-0.343022,Nuit avec éclairage allumé,En agglomération,Hors intersection,Normale,Sans collision,4,2,2,0,1,3,1,0,1,50,1,1,0,0,0,1,29.0,,voiture,,5,2,1,1,7
201900050130,2019-09-25 08:54:00,2019,9,25,8,54,63,63113,VALLIERES (RUE DE),45.76696,3.08031,Plein jour,En agglomération,Hors intersection,Normale,Autre collision,4,1,1,0,1,1,1,0,1,50,1,2,1,0,0,1,50.0,,voiture,,1,2,1,1,6
201900050131,2019-09-25 09:01:00,2019,9,25,9,1,60,60057,LAVERDURE DU PONT (RUE),49.4264135,2.1034152,Plein jour,En agglomération,Hors intersection,Normale,Autre collision,4,2,2,0,1,1,2,0,1,50,1,2,1,0,0,1,31.0,,voiture,,1,2,1,1,6
201900050132,2019-09-25 17:50:00,2019,9,25,17,50,59,59090,PERI (RUE GABRIEL),50.70395,3.09823,Plein jour,En agglomération,Intersection en T,Pluie légère,Deux véhicules - côté,4,2,2,0,1,1,2,0,1,50,2,2,0,0,2,0,63.0,63.0,voiture,voiture,1,2,3,2,3
201900050133,2019-09-24 07:45:00,2019,9,24,7,45,59,59178,BREBIERES (RUE DE),50.36346,3.06765,Plein jour,En agglomération,Hors intersection,Temps couvert,Autre collision,3,3,2,0,1,1,1,0,3,50,1,2,1,0,0,1,63.0,,voiture,,1,2,1,8,6
201900050134,2019-09-25 14:30:00,2019,9,25,14,30,59,59122,LISBONNE (RUE DE),50.16211,3.26108,Plein jour,En agglomération,Intersection en X,Normale,Deux véhicules - côté,4,2,2,0,2,1,2,0,1,50,2,2,0,0,0,2,49.0,16.0,voiture,deux_roues,1,2,2,1,3
201900050135,2019-09-23 14:25:00,2019,9,23,14,25,57,57672,ESCH SUR ALZETTE (ROUTE D') - IMPAIR,49.3569,6.14133,Plein jour,En agglomération,Hors intersection,Normale,Deux véhicules - arrière,4,-1,1,0,1,1,1,0,1,10,2,2,1,0,1,0,68.0,31.0,voiture,deux_roues,1,2,1,1,2
201900050136,2019-09-24 09:50:00,2019,9,24,9,50,56,56083,LIBERATION ( AV. DE LA ),47.80431,-3.27266,Plein jour,En agglomération,Hors intersection,Normale,Deux véhicules - arrière,3,2,2,0,1,1,2,0,1,50,2,2,0,0,0,2,25.0,24.0,voiture,voiture,1,2,1,1,2
201900050137,2019-09-23 19:10:00,2019,9,23,19,10,56,56121,RN 165 Kerdual,47.77092,-3.37827,Plein jour,Hors agglomération,Hors intersection,Pluie légère,Autre collision,2,1,2,0,2,3,2,3,1,70,1,1,0,0,0,1,20.0,,voiture,,1,1,1,2,6
201900050138,2019-09-20 10:40:00,2019,9,20,10,40,56,56098,RN 165 PR 94+295,47.787,-3.33102,Plein jour,Hors agglomération,Hors intersection,Normale,Trois véhicules et plus - en chaîne,2,3,4,0,1,1,1,0,1,90,3,3,2,0,0,1,44.0,34.0,utilitaire_camion,voiture,1,1,1,1,4
201900050139,2019-09-22 08:50:00,2019,9,22,8,50,56,56162,DUQUESNE (RUE),47.70473,-3.39198,Plein jour,En agglomération,Hors intersection,Normale,Autre collision,4,2,2,0,1,1,1,0,1,30,1,1,0,1,0,0,,,,,1,2,1,1,6
201900050140,2019-09-25 14:55:00,2019,9,25,14,55,51,51454,RUE JACQUART,49.2625979,4.0411418,Plein jour,En agglomération,Intersection en X,Pluie légère,Sans collision,4,2,2,0,1,1,2,0,1,50,1,2,1,0,0,1,82.0,,voiture,,1,2,2,2,7
201900050141,2019-09-24 15:40:00,2019,9,24,15,40,49,49099,CALINS (AVENUE DES),47.05937,-0.87392,Plein jour,En agglomération,Intersection en X,Normale,Autre collision,7,3,4,0,2,1,1,0,1,50,1,2,1,0,0,1,34.0,,voiture,,1,2,2,1,6