accident_id,datetime,annee,mois,jour,heure,minute,departement,commune_insee,adresse,latitude,longitude,luminosite,agglomeration,intersection,meteo,collision,catr,circ,nbv,vosp,prof,plan,surf,infra,situ,vma,nb_vehicules,nb_usagers,nb_indemnes,nb_tues,nb_blesses_hosp,nb_blesses_legers,age_cond_1,age_cond_2,veh_type_cond_1,veh_type_cond_2,lum_code,agg_code,int_code,atm_code,col_code
201900050232,2019-08-23 17:40:00,2019,8,23,17,40,93,93048,BARBES (RUE),48.85531,2.42425,Plein jour,En agglomération,Hors intersection,Normale,Autre collision,4,1,1,0,1,1,1,0,1,50,1,1,0,0,0,1,19.0,,utilitaire_camion,,1,2,1,1,6
201900050233,2019-08-22 12:20:00,2019,8,22,12,20,93,93048,PASTEUR S2  (AVENUE),48.87099,2.4309,Plein jour,En agglomération,Intersection en X,Normale,Deux véhicules - côté,4,2,2,0,2,1,1,0,1,50,2,2,1,0,0,1,67.0,34.0,voiture,voiture,1,2,2,1,3
201900050234,2019-08-23 16:30:00,2019,8,23,16,30,93,93046,LUCIE AUBRAC ALLEE,48.92826,2.54942,Plein jour,En agglomération,Hors intersection,Normale,Autre collision,4,-1,1,0,1,1,1,0,1,30,1,1,0,0,0,1,57.0,,utilitaire_camion,,1,2,1,1,6
201900050235,2019-08-22 11:37:00,2019,8,22,11,37,93,93046,VAUBAN AVENUE,48.92151,2.52987,Plein jour,En agglomération,Intersection en X,Normale,Deux véhicules - côté,9,2,2,0,1,1,1,5,1,50,2,3,2,0,0,1,83.0,24.0,voiture,voiture,1,2,2,1,3
201900050236,2019-08-24 19:45:00,2019,8,24,19,45,93,93014,GAGNY (ALLEE DE),48.90141,2.54702,Plein jour,En agglomération,Intersection en X,Normale,Deux véhicules - côté,3,3,4,0,1,1,1,0,2,50,2,3,2,0,1,0,23.0,43.0,deux_roues,voiture,1,2,2,1,3
201900050237,2019-08-22 18:00:00,2019,8,22,18,0,93,93057,PARIS (BD DE),48.91399,2.49172,Plein jour,En agglomération,Intersection en X,Normale,Deux véhicules - frontale,9,-1,2,0,1,1,1,0,1,50,2,5,4,0,0,1,24.0,45.0,voiture,voiture,1,2,2,1,1
201900050238,2019-08-22 22:42:00,2019,8,22,22,42,93,93008,PARIS (RUE DE),48.90199,2.45965,Nuit avec éclairage allumé,En agglomération,Hors intersection,Normale,Deux véhicules - arrière,3,3,4,0,1,1,1,0,1,50,2,2,1,0,0,1,56.0,52.0,voiture,voiture,5,2,1,1,2
201900050239,2019-08-21 11:40:00,2019,8,21,11,40,93,93007,DE LA REPUBLIQUE (AVENUE),48.9352,2.4733,Plein jour,En agglomération,Hors intersection,Normale,Deux véhicules - côté,9,2,2,0,1,1,1,0,3,50,2,3,1,0,0,2,26.0,19.0,deux_roues,voiture,1,2,1,1,3
201900050240,2019-02-15 22:00:00,2019,2,15,22,0,92,92078,MARC SANGNIER (AVENUE),48.9258,2.32618,Nuit avec éclairage allumé,En agglomération,Autre intersection,Normale,Autre collision,4,2,8,0,1,1,1,9,1,50,1,2,1,0,0,1,64.0,,voiture,,5,2,9,1,6
201900050241,2019-08-22 08:40:00,2019,8,22,8,40,92,92078,PRINCIPALE DU PORT (ROUTE) (19/+),48.93752,2.27,Nuit avec éclairage allumé,En agglomération,Hors intersection,Normale,Autre collision,4,1,1,0,1,1,1,0,1,50,2,1,0,0,0,1,62.0,,deux_roues,,5,2,1,1,6
201900050242,2019-08-24 03:00:00,2019,8,24,3,0,92,92075,ANTOINE FRATACCI (RUE),48.82096,2.28934,Nuit avec éclairage allumé,En agglomération,Hors intersection,Normale,Autre collision,3,1,1,0,2,1,1,0,1,50,1,3,0,0,0,3,23.0,,utilitaire_camion,,5,2,1,1,6
201900050243,2019-08-21 07:05:00,2019,8,21,7,5,92,92072,MANUFACTURE NATIONALE (PLACE DE LA),48.8287045,2.2241014,Plein jour,En agglomération,Hors intersection,Temps couvert,Deux véhicules - arrière,3,2,6,0,1,1,1,9,1,50,2,2,1,0,0,1,29.0,36.0,voiture,deux_roues,1,2,1,8,2
201900050244,2019-08-23 07:10:00,2019,8,23,7,10,92,92062,BELLINI (TERRASSE),48.88713,2.25192,Plein jour,En agglomération,Hors intersection,Normale,Deux véhicules - arrière,4,1,2,0,1,3,1,1,1,30,2,1,0,0,0,1,19.0,,deux_roues,,1,2,1,1,2
201900050245,2019-08-23 10:30:00,2019,8,23,10,30,92,92051,"VICTOR HUGO (BOULEVARD, N° 9 A 49 ET 16",48.88554,2.28027,Plein jour,En agglomération,Intersection en X,Normale,Deux véhicules - frontale,4,2,2,0,1,1,1,0,3,50,2,2,1,0,0,1,24.0,65.0,deux_roues,voiture,1,2,2,1,1
201900050246,2019-08-24 04:27:00,2019,8,24,4,27,92,92050,CALVAIRE RUE DU,48.87927,2.20791,Nuit avec éclairage allumé,En agglomération,Hors intersection,Normale,Autre collision,4,1,1,0,2,1,1,0,1,50,1,1,0,0,0,1,24.0,,deux_roues,,5,2,1,1,6
201900050247,2019-08-21 09:10:00,2019,8,21,9,10,92,92049,BROSSOLETTE AVENUE PIERRE,48.82163,2.31338,Plein jour,En agglomération,Hors intersection,Normale,Deux véhicules - côté,3,3,2,0,1,1,1,0,1,50,2,2,1,0,0,1,28.0,38.0,deux_roues,utilitaire_camion,1,2,1,1,3
201900050248,2019-08-23 09:00:00,2019,8,23,9,0,92,92040,PDT ROOSEVELT (QUAI DU),48.82784,2.26061,Plein jour,En agglomération,Hors intersection,Normale,Trois véhicules et plus - collisions multiples,3,1,2,0,1,2,1,0,1,50,3,3,2,0,0,1,22.0,47.0,deux_roues,utilitaire_camion,1,2,1,1,5
201900050249,2019-08-23 10:30:00,2019,8,23,10,30,92,92035,National ( boulevard ),48.90335,2.23921,Plein jour,En agglomération,Hors intersection,Normale,Deux véhicules - côté,3,1,2,1,1,1,1,0,1,50,2,2,1,0,0,1,38.0,27.0,voiture,deux_roues,1,2,1,1,3
201900050250,2019-08-23 23:35:00,2019,8,23,23,35,92,92026,COLOMBES,48.90234,2.25624,Nuit avec éclairage allumé,En agglomération,Intersection en T,Normale,Deux véhicules - côté,3,2,2,0,1,1,1,9,1,50,2,4,2,0,0,2,42.0,19.0,voiture,deux_roues,5,2,3,1,3
201900050251,2019-08-17 00:45:00,2019,8,17,0,45,92,92026,JOFFRE ( DE 02 A 26 ET DE 05 A 27 ),48.8977669,2.2675342,Nuit avec éclairage allumé,En agglomération,Hors intersection,Normale,Autre collision,3,2,4,0,1,1,1,0,1,70,1,1,0,0,0,1,46.0,,deux_roues,,5,2,1,1,6
201900050252,2019-08-23 23:20:00,2019,8,23,23,20,92,92012,EDOUARD VAILLANT (AVENUE) 57/FIN - 58/FI,48.8340513,2.2446154,Nuit avec éclairage allumé,En agglomération,Hors intersection,Normale,Deux véhicules - côté,3,-1,2,0,1,1,1,0,1,50,2,2,1,0,0,1,20.0,32.0,deux_roues,voiture,5,2,1,1,3
201900050253,2019-08-22 18:00:00,2019,8,22,18,0,92,92012,ANDRE MORIZET (AVENUE) 1/47 - 2/52,48.835,2.24132,Plein jour,En agglomération,Intersection en X,Normale,Deux véhicules - arrière,3,2,5,0,1,1,1,0,1,50,2,2,1,0,0,1,27.0,29.0,voiture,deux_roues,1,2,2,1,2
201900050254,2019-08-22 16:30:00,2019,8,22,16,30,92,92002,PRESIDENT KENNEDY (50 A LA FIN),48.7376034,2.2954593,Plein jour,En agglomération,Intersection en T,Normale,Deux véhicules - côté,3,2,2,0,1,1,1,0,1,50,2,3,0,0,1,2,23.0,53.0,voiture,deux_roues,1,2,3,1,3
201900050255,2019-08-21 10:45:00,2019,8,21,10,45,92,92014,MARECHAL JOFFRE (BD DU) (43 A 97 - 58 A,48.782526,2.314825,Plein jour,En agglomération,Hors intersection,Normale,Deux véhicules - arrière,3,1,1,2,1,1,1,8,1,50,2,2,1,0,0,1,53.0,33.0,voiture,utilitaire_camion,1,2,1,1,2
201900050256,2019-08-22 19:40:00,2019,8,22,19,40,14,14689,Le Costil Blot (Saint-Martin-de-Sallen),48.98306,-0.475372,Crépuscule ou aube,Hors agglomération,Hors intersection,Temps éblouissant,Deux véhicules - frontale,3,2,2,0,4,1,1,0,1,80,2,4,0,0,1,3,40.0,19.0,voiture,voiture,2,1,1,7,1
201900050257,2019-08-23 20:30:00,2019,8,23,20,30,1,01362,D66,45.965972,4.8975608,Nuit sans éclairage public,Hors agglomération,Hors intersection,Normale,Deux véhicules - arrière,3,2,2,0,1,1,1,0,1,80,2,2,1,1,0,0,26.0,76.0,voiture,voiture,3,1,1,1,2
201900050258,2019-08-24 21:00:00,2019,8,24,21,0,83,83058,,43.545074,6.318528,Nuit sans éclairage public,Hors agglomération,Hors intersection,Normale,Autre collision,3,2,2,0,1,1,1,0,3,80,1,1,0,0,1,0,25.0,,voiture,,3,1,1,1,6
201900050259,2019-08-24 00:00:00,2019,8,24,0,0,38,38157,Rue des Potiers,45.48859,4.95014,Nuit sans éclairage public,En agglomération,Hors intersection,Normale,Deux véhicules - frontale,3,2,2,0,1,1,1,0,1,50,2,2,0,0,1,1,39.0,35.0,voiture,voiture,3,2,1,1,1
201900050260,2019-08-24 23:30:00,2019,8,24,23,30,86,86275,RD 9,46.878018,0.508827,Nuit avec éclairage non allumé,Hors agglomération,Intersection en X,Normale,Autre collision,3,2,2,0,2,3,1,0,3,80,1,1,0,0,1,0,25.0,,deux_roues,,4,1,2,1,6
201900050261,2019-08-24 03:50:00,2019,8,24,3,50,66,66190,autoroute A9 PK 234+87,42.83959,2.910955,Nuit sans éclairage public,Hors agglomération,Hors intersection,Normale,Trois véhicules et plus - en chaîne,1,1,3,0,3,3,1,0,1,130,4,10,2,0,2,6,30.0,27.0,voiture,voiture,3,1,1,1,4
201900050262,2019-08-24 17:35:00,2019,8,24,17,35,67,67371,D178,48.86012,7.320067,Plein jour,Hors agglomération,Hors intersection,Normale,Deux véhicules - côté,3,2,2,0,2,3,1,0,1,80,2,2,1,0,0,1,50.0,37.0,deux_roues,voiture,1,1,1,1,3
201900050263,2019-08-20 09:45:00,2019,8,20,9,45,9,09105,D628,43.150459,1.296162,Plein jour,Hors agglomération,Hors intersection,Pluie légère,Autre collision,3,3,2,0,1,1,2,0,3,80,1,1,0,0,1,0,66.0,,voiture,,1,1,1,2,6
201900050264,2019-08-24 20:00:00,2019,8,24,20,0,9,09181,Route du Faubourg Saint-Ferréol,43.075245,1.358918,Plein jour,Hors agglomération,Hors intersection,Normale,Autre collision,3,2,2,0,1,1,1,0,1,70,1,1,0,0,1,0,20.0,,voiture,,1,1,1,1,6
201900050265,2019-08-25 03:00:00,2019,8,25,3,0,16,16204,Le Fief de Foncie (Touzac),45.520679,-0.158619,Nuit sans éclairage public,Hors agglomération,Hors intersection,Normale,Autre collision,3,2,2,0,2,3,1,0,3,80,1,1,0,0,1,0,26.0,,voiture,,3,1,1,1,6
201900050266,2019-08-20 15:20:00,2019,8,20,15,20,33,33098,BIBEY,44.684,-0.31965,Plein jour,Hors agglomération,Hors intersection,Normale,Deux véhicules - frontale,3,2,2,0,1,3,1,0,1,80,2,2,1,0,1,0,72.0,26.0,voiture,utilitaire_camion,1,1,1,1,1
201900050267,2019-08-20 17:50:00,2019,8,20,17,50,49,49110,D323,47.557354,-0.377742,Plein jour,Hors agglomération,Hors intersection,Normale,Sans collision,3,3,2,0,1,1,1,0,3,70,1,1,0,0,1,0,77.0,,voiture,,1,1,1,1,7
201900050268,2019-08-23 17:05:00,2019,8,23,17,5,17,17425,Voie longeant la RD 730,45.604437,-0.911483,Plein jour,Hors agglomération,Hors intersection,Normale,Deux véhicules - côté,4,2,4,0,1,1,1,6,1,70,2,2,1,0,1,0,68.0,34.0,deux_roues,voiture,1,1,1,1,3
201900050269,2019-08-22 15:07:00,2019,8,22,15,7,17,17244,Intersection RD 114 / RD 136,45.639379,-0.773484,Plein jour,Hors agglomération,Intersection en X,Normale,Deux véhicules - frontale,3,2,2,0,3,2,1,5,1,80,2,2,0,0,1,1,89.0,61.0,voiture,voiture,1,1,2,1,1
201900050270,2019-08-24 15:40:00,2019,8,24,15,40,6,06161,RD 6098,43.6579492,7.1216058,Plein jour,En agglomération,Intersection à plus de 4 branches,Normale,Deux véhicules - côté,3,3,3,0,1,1,1,0,1,50,2,2,1,0,1,0,35.0,38.0,voiture,deux_roues,1,2,5,1,3
201900050271,2019-08-24 09:46:00,2019,8,24,9,46,74,74238,Route des Grandes Alpes,46.224697,6.661229,Plein jour,Hors agglomération,Intersection en T,Normale,Deux véhicules - côté,3,2,2,0,1,1,1,5,1,80,2,4,3,0,1,0,48.0,60.0,voiture,deux_roues,1,1,3,1,3
201900050272,2019-08-25 19:20:00,2019,8,25,19,20,41,41203,Lieu-dit Grivelle,47.643976,1.263059,Plein jour,Hors agglomération,Intersection en Y,Temps éblouissant,Deux véhicules - arrière,3,2,2,0,1,1,1,0,1,50,2,2,1,0,1,0,62.0,61.0,deux_roues,deux_roues,1,1,4,7,2
201900050273,2019-08-24 12:15:00,2019,8,24,12,15,31,31116,Rue de l'Église,43.694597,1.428466,Plein jour,En agglomération,Giratoire,Normale,Autre collision,3,2,2,0,1,1,1,0,1,30,1,2,1,0,0,1,70.0,,voiture,,1,2,6,1,6
201900050274,2019-08-24 16:30:00,2019,8,24,16,30,28,28018,A11,48.193556,0.856088,Plein jour,Hors agglomération,Hors intersection,Normale,Deux véhicules - côté,1,3,5,0,1,1,1,0,1,130,2,5,4,0,0,1,51.0,90.0,voiture,voiture,1,1,1,1,3
201900050275,2019-08-23 10:47:00,2019,8,23,10,47,28,28161,Autoroute A11,48.265401,1.147784,Plein jour,Hors agglomération,Hors intersection,Normale,Deux véhicules - arrière,1,3,5,0,1,1,1,0,1,130,2,5,3,1,0,1,52.0,43.0,voiture,voiture,1,1,1,1,2
201900050276,2019-08-25 03:30:00,2019,8,25,3,30,83,83134,,43.448816,6.438455,Nuit sans éclairage public,Hors agglomération,Hors intersection,Normale,Autre collision,3,2,2,0,1,1,1,0,3,-1,1,1,0,0,1,0,38.0,,utilitaire_camion,,3,1,1,1,6
201900050277,2019-07-22 15:00:00,2019,7,22,15,0,35,35085,La Touche aux Barrières,48.399657,-1.741691,Plein jour,Hors agglomération,Hors intersection,Normale,Deux véhicules - arrière,3,2,2,0,1,2,1,0,1,80,2,3,2,0,1,0,19.0,29.0,voiture,voiture,1,1,1,1,2
201900050278,2019-08-23 13:10:00,2019,8,23,13,10,11,11172,RD 610,43.26606,2.735667,Plein jour,Hors agglomération,Intersection en T,Normale,Trois véhicules et plus - collisions multiples,3,2,2,0,1,2,1,5,1,80,3,4,3,0,1,0,35.0,51.0,voiture,deux_roues,1,1,3,1,5
201900050279,2019-08-22 17:15:00,2019,8,22,17,15,63,63326,La Baraquette,45.708772,2.856796,Plein jour,Hors agglomération,Hors intersection,Normale,Sans collision,3,2,2,0,2,1,1,0,1,70,1,1,0,0,0,1,27.0,,deux_roues,,1,1,1,1,7
201900050280,2019-08-22 21:15:00,2019,8,22,21,15,63,63061,Le Bois,45.992431,3.247348,Nuit sans éclairage public,Hors agglomération,Hors intersection,Normale,Deux véhicules - arrière,3,2,2,0,1,1,1,0,1,80,2,2,0,1,1,0,19.0,,deux_roues,,3,1,1,1,2
201900050281,2019-08-25 11:50:00,2019,8,25,11,50,88,88349,Route départementale 61 Lieu dit Gazon du Faing,48.112176,7.064647,Plein jour,Hors agglomération,Hors intersection,Normale,Deux véhicules - arrière,3,2,2,0,1,2,1,0,1,70,2,3,2,0,1,0,41.0,73.0,deux_roues,voiture,1,1,1,1,2
201900050282,2019-08-22 17:00:00,2019,8,22,17,0,83,83048,Rue du Train des Pignes,43.206218,6.566466,Plein jour,En agglomération,Hors intersection,Normale,Deux véhicules - côté,4,2,2,0,1,1,1,0,1,50,2,2,1,0,1,0,76.0,50.0,voiture,deux_roues,1,2,1,1,3
201900050283,2019-08-22 16:15:00,2019,8,22,16,15,29,29068,"RN 12, PK 35.300",48.52602,-3.968563,Plein jour,Hors agglomération,Hors intersection,Normale,Sans collision,2,3,4,0,1,1,1,0,8,100,1,1,0,0,1,0,21.0,,voiture,,1,1,1,1,7
201900050284,2019-08-24 23:00:00,2019,8,24,23,0,58,58187,route départementale 9 55 A lieu-dit l'étape,47.446235,2.933651,Nuit sans éclairage public,Hors agglomération,Hors intersection,Normale,Deux véhicules - arrière,3,2,2,0,1,1,1,0,1,80,2,2,0,0,2,0,17.0,21.0,deux_roues,deux_roues,3,1,1,1,2
201900050285,2019-08-22 00:30:00,2019,8,22,0,30,971,97133,RD6,15.95423,-61.708385,Nuit sans éclairage public,Hors agglomération,Hors intersection,Normale,Autre collision,3,2,2,0,2,1,1,0,1,80,1,1,0,0,0,1,,,,,3,1,1,1,6
201900050286,2019-08-22 14:25:00,2019,8,22,14,25,48,48128,bretelle d'entrée échangeur 34 sens Nord Sud,44.7773666,3.2873181,Plein jour,Hors agglomération,Intersection en T,Normale,Sans collision,1,1,1,-1,4,3,1,0,3,-1,1,1,0,0,1,0,28.0,,utilitaire_camion,,1,1,3,1,7
201900050287,2019-08-25 14:10:00,2019,8,25,14,10,62,62568,RD 919,50.234631,2.795609,Plein jour,Hors agglomération,Hors intersection,Normale,Trois véhicules et plus - collisions multiples,3,2,2,0,3,1,1,0,1,80,3,6,4,0,0,2,64.0,71.0,voiture,voiture,1,1,1,1,5
201900050288,2019-08-23 19:23:00,2019,8,23,19,23,62,62164,CD 939,50.1982,3.1362,Plein jour,En agglomération,Intersection en X,Normale,Trois véhicules et plus - collisions multiples,3,2,2,0,3,1,1,0,1,90,3,4,3,0,0,1,19.0,52.0,voiture,voiture,1,2,2,1,5
201900050289,2019-08-23 21:50:00,2019,8,23,21,50,34,34270,D612,43.570872,3.849012,Nuit avec éclairage allumé,En agglomération,Giratoire,Normale,Deux véhicules - côté,3,3,2,0,1,2,1,5,1,50,2,2,1,0,1,0,32.0,44.0,voiture,deux_roues,5,2,6,1,3
201900050290,2019-08-24 11:02:00,2019,8,24,11,2,27,27547,A28 PK231+900,49.032404,0.442748,Plein jour,Hors agglomération,Hors intersection,Normale,Autre collision,1,3,4,0,1,1,1,0,1,130,1,2,0,0,2,0,83.0,,voiture,,1,1,1,1,6
201900050291,2019-08-22 20:15:00,2019,8,22,20,15,83,83067,Route du Luc,43.334732,6.29604,Crépuscule ou aube,Hors agglomération,Hors intersection,Normale,Sans collision,3,2,2,0,1,3,1,0,3,80,1,1,0,0,1,0,45.0,,deux_roues,,2,1,1,1,7
201900050292,2019-08-25 12:15:00,2019,8,25,12,15,31,31157,Avenue du Général Barès,43.538417,1.35733,Plein jour,En agglomération,Hors intersection,Normale,Deux véhicules - frontale,3,2,2,1,1,1,1,0,1,70,2,4,0,0,2,2,26.0,18.0,voiture,deux_roues,1,2,1,1,1
201900050293,2019-08-21 21:00:00,2019,8,21,21,0,35,35173,Le Poirier Tort,48.21353,-1.673465,Plein jour,Hors agglomération,Hors intersection,Normale,Autre collision,3,3,2,0,1,1,1,0,8,80,1,1,0,0,1,0,20.0,,voiture,,1,1,1,1,6
201900050294,2019-08-23 16:10:00,2019,8,23,16,10,57,57097,Rue Robert Schumann,49.184587,6.493033,Plein jour,En agglomération,Intersection en X,Normale,Autre collision,4,2,2,0,1,1,1,0,1,50,2,2,1,0,1,0,84.0,16.0,voiture,deux_roues,1,2,2,1,6
201900050295,2019-08-23 14:05:00,2019,8,23,14,5,89,89399,D939,48.241229,3.3155608,Plein jour,Hors agglomération,Hors intersection,Normale,Autre collision,3,2,2,0,1,1,1,0,1,80,1,2,1,0,1,0,33.0,,voiture,,1,1,1,1,6
201900050296,2019-08-22 19:08:00,2019,8,22,19,8,89,89432,D84,48.1496303,3.5371765,Plein jour,Hors agglomération,Hors intersection,Normale,Autre collision,3,2,2,0,1,2,1,0,1,80,1,1,0,0,1,0,64.0,,voiture,,1,1,1,1,6
201900050297,2019-08-23 19:10:00,2019,8,23,19,10,95,95652,RD922,49.135264,2.383031,Plein jour,Hors agglomération,Hors intersection,Normale,Deux véhicules - côté,3,2,2,0,1,1,1,0,1,80,2,2,1,0,1,0,46.0,55.0,voiture,deux_roues,1,1,1,1,3
201900050298,2019-08-25 10:40:00,2019,8,25,10,40,56,56060,Ker graud,47.737683,-2.222269,Plein jour,Hors agglomération,Intersection en X,Normale,Deux véhicules - côté,3,2,2,0,2,3,1,0,1,70,2,2,1,1,0,0,33.0,59.0,deux_roues,voiture,1,1,2,1,3
201900050299,2019-08-23 19:45:00,2019,8,23,19,45,56,56221,Le Bochet,47.688326,-2.226671,Crépuscule ou aube,Hors agglomération,Hors intersection,Normale,Deux véhicules - frontale,3,2,2,0,1,3,1,0,1,80,2,6,3,0,0,3,28.0,31.0,voiture,voiture,2,1,1,1,1
201900050300,2019-08-17 02:30:00,2019,8,17,2,30,56,56123,Le Perron,47.69326,-2.30589,Nuit sans éclairage public,Hors agglomération,Hors intersection,Pluie forte,Autre collision,3,2,2,0,1,3,2,0,3,80,1,1,0,0,0,1,51.0,,voiture,,3,1,1,3,6
201900050301,2019-08-22 12:55:00,2019,8,22,12,55,56,56008,Keryonvarch,47.617263,-2.89763,Plein jour,Hors agglomération,Intersection en Y,Normale,Sans collision,4,2,2,0,1,3,1,0,1,80,1,1,0,0,0,1,31.0,,deux_roues,,1,1,4,1,7
201900050302,2019-08-23 20:05:00,2019,8,23,20,5,59,59663,la belle vue,50.906672,2.454528,Crépuscule ou aube,Hors agglomération,Intersection en T,Normale,Deux véhicules - côté,3,2,2,0,1,1,1,5,1,80,2,4,2,0,1,1,54.0,32.0,voiture,voiture,2,1,3,1,3
201900050303,2019-08-24 17:50:00,2019,8,24,17,50,74,74195,D1508,46.0128995,5.9479574,Plein jour,En agglomération,Hors intersection,Normale,Trois véhicules et plus - collisions multiples,3,2,2,0,1,1,1,0,1,50,3,3,2,0,1,0,20.0,27.0,deux_roues,voiture,1,2,1,1,5
201900050304,2019-08-23 14:45:00,2019,8,23,14,45,74,74294,Route de la Valentine,46.0886472,6.6864818,Plein jour,Hors agglomération,Hors intersection,Normale,Deux véhicules - frontale,3,2,2,0,1,1,1,0,1,80,2,2,1,0,1,0,46.0,78.0,voiture,voiture,1,1,1,1,1
201900050305,2019-08-23 17:14:00,2019,8,23,17,14,74,74310,D5,45.8099538,6.0619895,Plein jour,Hors agglomération,Intersection en T,Normale,Deux véhicules - côté,3,2,2,0,2,1,1,0,1,70,2,2,0,0,1,1,38.0,20.0,deux_roues,voiture,1,1,3,1,3
201900050306,2019-08-25 12:15:00,2019,8,25,12,15,76,76196,RD 139,49.642807,0.255637,Plein jour,Hors agglomération,Hors intersection,Normale,Deux véhicules - frontale,3,2,2,0,2,1,1,0,1,80,2,3,0,1,1,1,55.0,28.0,voiture,voiture,1,1,1,1,1
201900050307,2019-08-22 21:40:00,2019,8,22,21,40,79,79016,Rue Grand'rue,46.753052,-0.053162,Nuit avec éclairage allumé,En agglomération,Hors intersection,Normale,Sans collision,3,2,2,0,1,2,1,0,4,50,1,1,0,0,1,0,49.0,,deux_roues,,5,2,1,1,7
201900050308,2019-08-25 11:30:00,2019,8,25,11,30,79,79079,,46.932399,-0.83698,Plein jour,Hors agglomération,Hors intersection,Normale,Sans collision,3,2,2,0,1,2,1,0,3,80,1,1,0,0,0,1,63.0,,deux_roues,,1,1,1,1,7
201900050309,2019-08-24 17:40:00,2019,8,24,17,40,80,80190,Rue du Docteur Roger Castel,50.059825,1.643436,Plein jour,En agglomération,Intersection en X,Normale,Deux véhicules - côté,3,2,2,0,1,1,1,0,1,50,2,2,1,0,0,1,34.0,25.0,voiture,voiture,1,2,2,1,3
201900050310,2019-08-24 13:05:00,2019,8,24,13,5,80,80019,CD936,49.957995,1.899073,Plein jour,Hors agglomération,Intersection en T,Normale,Deux véhicules - frontale,3,2,2,0,1,1,1,0,1,80,2,3,1,0,0,2,65.0,30.0,voiture,utilitaire_camion,1,1,3,1,1
201900050311,2019-08-24 16:00:00,2019,8,24,16,0,80,80488,Chemin du Marais,50.019608,1.987393,Plein jour,Hors agglomération,Hors intersection,Normale,Deux véhicules - frontale,4,2,2,0,1,3,9,0,1,50,2,3,2,0,1,0,50.0,20.0,voiture,deux_roues,1,1,1,1,1
201900050312,2019-08-23 18:05:00,2019,8,23,18,5,65,65392,d935,43.1642425,0.086316,Plein jour,En agglomération,Hors intersection,Normale,Deux véhicules - frontale,3,2,2,0,1,2,1,0,1,50,2,4,2,0,1,1,47.0,50.0,voiture,voiture,1,2,1,1,1
201900050313,2019-08-24 23:25:00,2019,8,24,23,25,33,33114,avenue de Paris,45.096941,-0.388728,Nuit avec éclairage allumé,En agglomération,Intersection en T,Normale,Autre collision,3,2,2,0,1,3,1,0,4,50,1,1,0,1,0,0,35.0,,deux_roues,,5,2,3,1,6
201900050314,2019-08-03 20:45:00,2019,8,3,20,45,81,81080,Puech Del Cel,44.0151297,1.9298734,Crépuscule ou aube,Hors agglomération,Hors intersection,Normale,Autre collision,3,2,2,0,1,1,1,0,1,80,1,1,0,0,1,0,47.0,,deux_roues,,2,1,1,1,6
201900050315,2019-08-24 21:15:00,2019,8,24,21,15,32,32235,Route du Parre,43.726649,0.143102,Nuit sans éclairage public,Hors agglomération,Hors intersection,Normale,Autre collision,4,2,2,0,1,1,1,0,3,80,1,1,0,1,0,0,63.0,,deux_roues,,3,1,1,1,6
201900050316,2019-08-25 06:10:00,2019,8,25,6,10,11,11262,d 68,43.195206,3.028629,Nuit sans éclairage public,Hors agglomération,Hors intersection,Normale,Autre collision,2,2,2,0,1,3,1,0,3,80,1,5,1,0,3,1,22.0,,voiture,,3,1,1,1,6
201900050317,2019-08-23 02:00:00,2019,8,23,2,0,11,11106,Rue Jean JAURÈS,43.2339689,3.0593031,Nuit avec éclairage allumé,En agglomération,Intersection en X,Normale,Deux véhicules - côté,4,1,2,0,1,1,1,0,1,50,2,5,4,0,1,0,21.0,28.0,voiture,deux_roues,5,2,2,1,3
201900050318,2019-08-22 17:40:00,2019,8,22,17,40,11,11103,avenue Jean Pierre Marty,42.942044,2.258104,Plein jour,En agglomération,Intersection en T,Normale,Sans collision,3,2,2,0,1,1,1,0,1,50,1,1,0,0,1,0,45.0,,deux_roues,,1,2,3,1,7
201900050319,2019-08-24 12:12:00,2019,8,24,12,12,71,71419,RD 24,46.750656,5.228454,Plein jour,Hors agglomération,Hors intersection,Normale,Deux véhicules - côté,3,2,2,0,1,1,1,0,1,80,2,2,1,0,1,0,60.0,38.0,voiture,voiture,1,1,1,1,3
201900050320,2019-08-22 19:40:00,2019,8,22,19,40,71,71028,Rue de la Tuilerie,46.832906,5.442238,Plein jour,En agglomération,Intersection en X,Normale,Deux véhicules - côté,3,2,2,0,1,3,1,0,1,50,2,2,1,1,0,0,63.0,15.0,utilitaire_camion,deux_roues,1,2,2,1,3
201900050321,2019-08-22 18:00:00,2019,8,22,18,0,89,89344,D85,47.6173991,3.1202396,Plein jour,Hors agglomération,Hors intersection,Normale,Sans collision,3,2,2,0,2,3,1,0,8,80,1,1,0,0,1,0,19.0,,voiture,,1,1,1,1,7
201900050322,2019-08-24 07:30:00,2019,8,24,7,30,61,61253,CD 438 PK 31 + 750,48.677793,0.20681,Plein jour,Hors agglomération,Hors intersection,Normale,Autre collision,3,2,2,0,2,1,1,0,3,80,1,2,0,0,1,1,33.0,,voiture,,1,1,1,1,6
201900050323,2019-08-22 16:00:00,2019,8,22,16,0,55,55557,D 908,49.129725,5.625534,Plein jour,Hors agglomération,Hors intersection,Normale,Deux véhicules - arrière,3,2,2,0,1,1,1,0,1,80,2,2,1,0,1,0,26.0,62.0,voiture,utilitaire_camion,1,1,1,1,2