accident_id,datetime,annee,mois,jour,heure,minute,departement,commune_insee,adresse,latitude,longitude,luminosite,agglomeration,intersection,meteo,collision,catr,circ,nbv,vosp,prof,plan,surf,infra,situ,vma,nb_vehicules,nb_usagers,nb_indemnes,nb_tues,nb_blesses_hosp,nb_blesses_legers,age_cond_1,age_cond_2,veh_type_cond_1,veh_type_cond_2,lum_code,agg_code,int_code,atm_code,col_code
201900050509,2019-03-28 13:50:00,2019,3,28,13,50,93,93055,LATERAL AU CHEMIN DE FER (CHEMIN),48.89657,2.42088,Plein jour,En agglomération,Hors intersection,Normale,Sans collision,4,2,2,0,1,1,1,0,1,50,1,1,0,0,0,1,22.0,,deux_roues,,1,2,1,1,7
201900050510,2019-03-13 18:00:00,2019,3,13,18,0,92,92004,COLOMBES ( RUE DE 31 A ),48.912969,2.283305,Nuit avec éclairage allumé,En agglomération,Hors intersection,Pluie légère,Autre collision,4,-1,2,0,1,1,2,0,1,50,1,2,1,0,0,1,46.0,,voiture,,5,2,1,2,6
201900050511,2019-05-22 11:15:00,2019,5,22,11,15,80,80033,Autoroute A1 124+400,49.896093,2.834513,Plein jour,Hors agglomération,Autre intersection,Normale,Deux véhicules - côté,1,3,3,0,2,1,1,0,1,130,2,5,4,0,1,0,48.0,39.0,utilitaire_camion,voiture,1,1,9,1,3
201900050512,2019-06-27 16:00:00,2019,6,27,16,0,13,13215,A7-Sens Lyon vers Marseille,43.3793,5.3542,Plein jour,Hors agglomération,Autre intersection,Normale,Deux véhicules - côté,1,1,3,0,1,3,1,0,1,90,2,2,1,0,0,1,49.0,21.0,utilitaire_camion,utilitaire_camion,1,1,9,1,3
201900050513,2019-07-13 18:30:00,2019,7,13,18,30,83,83137,A50,43.12132,5.95331,Plein jour,Hors agglomération,Hors intersection,Normale,Deux véhicules - arrière,1,3,8,0,1,2,1,0,1,90,2,2,1,0,0,1,42.0,39.0,voiture,voiture,1,1,1,1,2
201900050514,2019-02-07 19:30:00,2019,2,7,19,30,92,92004,EMILE ZOLA ( RUE ),48.9254048,2.2816265,Plein jour,En agglomération,Intersection en T,Normale,Deux véhicules - côté,4,-1,2,0,1,1,1,0,1,50,2,2,1,0,1,0,60.0,58.0,voiture,voiture,1,2,3,1,3
201900050515,2019-07-15 03:00:00,2019,7,15,3,0,1,01238,A46N   7.065 A 9.020,45.9020423,4.8170516,Nuit sans éclairage public,Hors agglomération,Hors intersection,Normale,Autre collision,1,-1,4,0,1,1,1,0,1,110,1,1,0,0,1,0,38.0,,utilitaire_camion,,3,1,1,1,6
201900050516,2019-02-05 18:35:00,2019,2,5,18,35,92,92004,AULAGNIER ( QUAI ),48.9174536,2.3199247,Nuit avec éclairage allumé,En agglomération,Intersection en T,Normale,Deux véhicules - côté,3,-1,2,0,1,1,1,0,1,50,2,3,2,0,0,1,33.0,21.0,voiture,deux_roues,5,2,3,1,3
201900050517,2019-07-12 09:50:00,2019,7,12,9,50,67,67137,Route Métropolitaine 1083,48.4975,7.6892,Plein jour,Hors agglomération,Autre intersection,Normale,Deux véhicules - côté,7,1,2,0,1,1,1,5,1,70,2,2,1,0,0,1,79.0,21.0,voiture,voiture,1,1,9,1,3
201900050518,2019-03-27 16:30:00,2019,3,27,16,30,83,83137,,43.12132,5.95331,Plein jour,Hors agglomération,Hors intersection,Normale,Sans collision,1,3,4,0,1,1,1,1,1,70,1,1,0,0,0,1,37.0,,deux_roues,,1,1,1,1,7
201900050519,2019-03-27 12:35:00,2019,3,27,12,35,33,33284,AUTOROUTE A 63,44.66519,-0.81754,Plein jour,Hors agglomération,Hors intersection,Normale,Deux véhicules - côté,1,3,6,0,1,1,1,0,1,90,2,2,1,0,0,1,23.0,21.0,voiture,voiture,1,1,1,1,3
201900050520,2019-03-28 08:40:00,2019,3,28,8,40,93,93006,AUTOROUTE A3,48.8662,2.41485,Plein jour,Hors agglomération,Hors intersection,Normale,Deux véhicules - côté,1,1,3,0,2,2,1,2,1,70,2,3,2,0,0,1,32.0,57.0,utilitaire_camion,deux_roues,1,1,1,1,3
201900050521,2019-03-25 23:00:00,2019,3,25,23,0,95,95277,AUTOROUTE A3,48.97337,2.4862,Nuit sans éclairage public,Hors agglomération,Hors intersection,Normale,Autre collision,1,1,1,0,1,3,1,0,1,50,1,1,0,0,0,1,36.0,,utilitaire_camion,,3,1,1,1,6
201900050522,2019-07-15 18:40:00,2019,7,15,18,40,33,33090,AUTOROUTE A 63,44.7766,-0.64725,Plein jour,Hors agglomération,Hors intersection,Normale,Deux véhicules - arrière,1,3,6,0,1,1,1,0,1,90,2,4,3,0,0,1,41.0,31.0,voiture,deux_roues,1,1,1,1,2
201900050523,2019-03-30 11:45:00,2019,3,30,11,45,988,98818,A HAUTEUR DU N°92 RUE DU PORT DESPOINTES ,-22.28532,166.45481,Plein jour,En agglomération,Hors intersection,Normale,Deux véhicules - arrière,4,2,2,0,1,1,1,0,1,50,2,3,1,0,1,1,41.0,37.0,deux_roues,voiture,1,2,1,1,2
201900050524,2019-07-15 16:20:00,2019,7,15,16,20,33,33281,ROCADE A 630,44.84893,-0.66835,Plein jour,Hors agglomération,Hors intersection,Normale,Trois véhicules et plus - collisions multiples,1,3,6,0,1,1,2,0,1,90,4,5,2,0,0,3,28.0,47.0,voiture,voiture,1,1,1,1,5
201900050525,2019-03-30 05:30:00,2019,3,30,5,30,988,98818,COOK (AVENUE JAMES),-22.26202,166.40298,Plein jour,En agglomération,Hors intersection,Normale,Deux véhicules - frontale,4,2,2,0,2,3,1,0,1,50,2,2,1,0,0,1,63.0,23.0,voiture,utilitaire_camion,1,2,1,1,1
201900050526,2019-07-15 07:40:00,2019,7,15,7,40,33,33075,ROCADE A 630,44.88983,-0.61069,Plein jour,Hors agglomération,Hors intersection,Normale,Trois véhicules et plus - en chaîne,1,3,4,0,1,1,1,0,1,90,3,3,2,0,0,1,58.0,42.0,utilitaire_camion,voiture,1,1,1,1,4
201900050527,2019-03-29 13:30:00,2019,3,29,13,30,988,98818,RUE AMPERE/RUE ARAGO,-22.23389,166.44697,Plein jour,En agglomération,Intersection en T,Normale,Deux véhicules - arrière,4,2,2,0,1,1,9,0,1,50,2,2,1,0,0,1,57.0,55.0,voiture,deux_roues,1,2,3,1,2
201900050528,2019-07-15 05:00:00,2019,7,15,5,0,33,33448,AUTOROUTE A 62,44.70808,-0.51106,Nuit sans éclairage public,Hors agglomération,Hors intersection,Normale,Autre collision,1,3,4,0,1,1,1,0,1,130,1,1,0,0,0,1,49.0,,voiture,,3,1,1,1,6
201900050529,2019-03-29 08:35:00,2019,3,29,8,35,988,98818,RUE VERDUN/RUE DU G. MANGIN,-22.27262,166.4403,Plein jour,En agglomération,Intersection en X,Normale,Autre collision,4,1,1,0,1,1,1,0,1,50,1,2,1,0,0,1,51.0,,deux_roues,,1,2,2,1,6
201900050530,2019-07-15 16:39:00,2019,7,15,16,39,91,91312,RD 444,48.731262,2.239562,Plein jour,Hors agglomération,Hors intersection,Normale,Deux véhicules - frontale,3,2,2,0,2,2,1,9,3,70,2,4,0,0,0,4,33.0,31.0,utilitaire_camion,voiture,1,1,1,1,1
201900050531,2019-03-29 06:05:00,2019,3,29,6,5,976,97611,kaweni-Kaweni nord ( Z I ),-12.77,45.22,Plein jour,En agglomération,Autre intersection,Normale,Deux véhicules - frontale,4,2,2,0,1,1,1,9,1,50,2,2,1,0,0,1,34.0,58.0,deux_roues,utilitaire_camion,1,2,9,1,1
201900050532,2019-07-15 09:00:00,2019,7,15,9,0,91,91589,AUTOROUTE A6,48.672941,2.344044,Plein jour,Hors agglomération,Hors intersection,Normale,Deux véhicules - arrière,1,3,3,0,1,1,1,0,3,110,2,2,1,0,0,1,24.0,34.0,deux_roues,voiture,1,1,1,1,2
201900050533,2019-07-14 11:00:00,2019,7,14,11,0,77,77251,RN 104,48.644183,2.5393341,Plein jour,Hors agglomération,Hors intersection,Normale,Autre collision,2,3,4,0,1,1,1,0,3,90,1,4,1,0,0,3,31.0,,voiture,,1,1,1,1,6
201900050534,2019-07-14 17:50:00,2019,7,14,17,50,95,95500,AUTOROUTE A15,49.03787,2.08889,Plein jour,Hors agglomération,Hors intersection,Normale,Deux véhicules - arrière,1,3,8,0,1,1,1,0,1,90,2,3,1,0,0,2,20.0,57.0,voiture,voiture,1,1,1,1,2
201900050535,2019-03-30 09:50:00,2019,3,30,9,50,974,97416,Rue Marius et Ary Leblond,-21.335037,55.464799,Plein jour,En agglomération,Intersection en T,Normale,Deux véhicules - côté,4,2,2,0,1,1,1,9,1,50,2,2,1,0,0,1,55.0,60.0,deux_roues,deux_roues,1,2,3,1,3
201900050536,2019-07-12 14:20:00,2019,7,12,14,20,93,93066,AUTOROUTE A1,48.92861,2.35845,Plein jour,Hors agglomération,Hors intersection,Normale,Sans collision,1,3,6,0,2,2,8,2,1,90,1,1,0,0,0,1,22.0,,deux_roues,,1,1,1,1,7
201900050537,2019-03-28 08:00:00,2019,3,28,8,0,974,97416,D28 LIGNE DES BAMBOUS,-21.30595,55.49718,Plein jour,Hors agglomération,Autre intersection,Pluie légère,Sans collision,3,1,2,0,2,2,2,0,1,50,1,1,0,0,0,1,46.0,,deux_roues,,1,1,9,2,7
201900050538,2019-03-29 22:00:00,2019,3,29,22,0,974,97411,RN2/092,-20.88562,55.49731,Nuit avec éclairage allumé,En agglomération,Autre intersection,Normale,Autre collision,2,3,4,0,1,2,1,2,1,90,1,2,0,0,0,2,26.0,,voiture,,5,2,9,1,6
201900050539,2019-03-28 17:02:00,2019,3,28,17,2,974,97411,Rue du Verger,-20.89741,55.46531,Plein jour,En agglomération,Intersection en Y,Normale,Deux véhicules - frontale,4,2,0,0,2,3,1,9,1,50,2,2,1,0,0,1,57.0,42.0,voiture,deux_roues,1,2,4,1,1
201900050540,2019-07-15 12:40:00,2019,7,15,12,40,77,77373,RN104,48.8,2.62,Plein jour,Hors agglomération,Hors intersection,Normale,Deux véhicules - côté,2,1,3,0,1,1,1,0,3,90,2,2,1,0,0,1,49.0,28.0,voiture,utilitaire_camion,1,1,1,1,3
201900050541,2019-07-15 02:10:00,2019,7,15,2,10,77,77373,RN104,48.802115,2.626483,Nuit sans éclairage public,Hors agglomération,Hors intersection,Normale,Autre collision,2,3,3,0,1,1,1,0,1,90,1,1,0,0,0,1,53.0,,deux_roues,,3,1,1,1,6
201900050542,2019-07-15 02:23:00,2019,7,15,2,23,77,77373,RN104,48.80245,2.62637,Nuit sans éclairage public,Hors agglomération,Hors intersection,Normale,Sans collision,2,1,3,0,2,1,1,0,3,90,1,1,0,0,1,0,40.0,,deux_roues,,3,1,1,1,7
201900050543,2019-03-28 12:40:00,2019,3,28,12,40,974,97411,MONDON (RUE MONSEIGNEUR),-20.89341,55.4605,Plein jour,En agglomération,Giratoire,Normale,Deux véhicules - côté,4,2,2,0,1,1,1,5,1,50,2,2,1,0,1,0,38.0,25.0,deux_roues,voiture,1,2,6,1,3
201900050544,2019-03-28 11:14:00,2019,3,28,11,14,974,97411,CORDEMOY (JACOB DE),-20.89522,55.48884,Plein jour,En agglomération,Intersection en T,Normale,Deux véhicules - arrière,4,2,3,0,1,1,1,0,1,50,2,2,1,0,1,0,51.0,22.0,voiture,deux_roues,1,2,3,1,2
201900050545,2019-03-29 06:55:00,2019,3,29,6,55,974,97407,Avenue Raymond Mondon,-20.93486,55.30046,Plein jour,En agglomération,Hors intersection,Normale,Deux véhicules - arrière,4,2,2,0,1,1,1,0,1,50,2,1,0,0,0,1,38.0,,voiture,,1,2,1,1,2
201900050546,2019-03-29 23:40:00,2019,3,29,23,40,973,97302,MADELEINE (ROUTE DE LA),4.91729,-52.32146,Nuit avec éclairage allumé,En agglomération,Hors intersection,Normale,Deux véhicules - côté,3,2,2,0,1,1,1,0,1,50,2,8,0,1,0,7,19.0,50.0,voiture,voiture,5,2,1,1,3
201900050547,2019-07-11 14:30:00,2019,7,11,14,30,974,97409,DE LA RAVINE(RUE),-20.9543,55.65007,Plein jour,Hors agglomération,Hors intersection,Normale,Autre collision,4,3,2,0,1,1,1,0,1,30,1,2,1,0,0,1,23.0,,deux_roues,,1,1,1,1,6
201900050548,2019-07-14 09:45:00,2019,7,14,9,45,973,97302,ZEPHIR (ROCADE),4.92864,-52.29997,Plein jour,En agglomération,Intersection en X,Normale,Deux véhicules - côté,3,2,2,0,1,1,1,0,1,50,2,2,1,0,0,1,48.0,55.0,voiture,voiture,1,2,2,1,3
201900050549,2019-03-29 15:30:00,2019,3,29,15,30,973,97302,CABASSOU (ROUTE DE),4.9176286,-52.3135901,Plein jour,En agglomération,Hors intersection,Normale,Deux véhicules - côté,3,2,2,0,1,1,1,0,1,50,2,2,1,0,0,1,35.0,77.0,deux_roues,voiture,1,2,1,1,3
201900050550,2019-07-14 07:45:00,2019,7,14,7,45,69,69387,ST LAZARE                           (R ),45.74656,4.84511,Plein jour,En agglomération,Intersection en X,Normale,Deux véhicules - côté,4,1,1,0,1,1,1,0,1,50,2,2,1,0,0,1,26.0,,voiture,,1,2,2,1,3
201900050551,2019-07-14 16:20:00,2019,7,14,16,20,971,97113,SECTION LABROUSSE,16.2196539,-61.5116706,Plein jour,Hors agglomération,Hors intersection,Normale,Deux véhicules - frontale,4,2,2,0,2,1,1,0,1,50,2,3,2,0,1,0,27.0,58.0,deux_roues,voiture,1,1,1,1,1
201900050552,2019-03-10 01:45:00,2019,3,10,1,45,69,69199,MARCELLIN BERTHELOT                 (R ),45.70764,4.8563,Nuit avec éclairage allumé,En agglomération,Intersection en X,Normale,Autre collision,7,1,2,0,1,1,1,0,1,50,2,1,0,0,0,1,,,,,5,2,2,1,6
201900050553,2019-03-29 20:40:00,2019,3,29,20,40,69,69387,TCHECOSLOVAQUES (DES)         (BD),45.74378,4.85792,Crépuscule ou aube,En agglomération,Hors intersection,Normale,Sans collision,4,2,4,3,1,1,1,0,1,50,1,1,0,0,0,1,31.0,,deux_roues,,2,2,1,1,7
201900050554,2019-07-14 20:00:00,2019,7,14,20,0,91,91589,ALLEMANE (RUE JEAN),48.68702,2.34125,Plein jour,En agglomération,Intersection en X,Normale,Deux véhicules - frontale,4,2,2,0,1,1,1,0,3,50,2,2,1,0,0,1,58.0,24.0,voiture,voiture,1,2,2,1,1
201900050555,2019-03-29 13:45:00,2019,3,29,13,45,69,69388,ALBERT THOMAS                       (CO),45.74551,4.87123,Plein jour,En agglomération,Intersection en X,Normale,Deux véhicules - côté,4,2,3,3,1,1,1,0,1,50,2,2,1,0,0,1,22.0,22.0,deux_roues,voiture,1,2,2,1,3
201900050556,2019-07-14 15:00:00,2019,7,14,15,0,83,83129,RAYOLET (CORNICHE DU),43.0828975,5.8070415,Plein jour,Hors agglomération,Hors intersection,Normale,Deux véhicules - frontale,3,2,2,0,1,1,1,0,1,50,2,2,1,0,1,0,17.0,46.0,deux_roues,voiture,1,1,1,1,1
201900050557,2019-07-14 06:15:00,2019,7,14,6,15,77,77294,ROUTE NATIONALE 2,48.975224,2.58213,Crépuscule ou aube,Hors agglomération,Hors intersection,Temps éblouissant,Deux véhicules - arrière,2,1,2,0,1,1,1,0,3,110,2,2,1,0,1,0,40.0,72.0,voiture,voiture,2,1,1,7,2
201900050558,2019-03-29 11:10:00,2019,3,29,11,10,69,69387,BERTHELOT                           (AV),45.74265,4.84981,Plein jour,En agglomération,Hors intersection,Normale,Autre collision,4,1,2,0,1,1,1,0,1,50,1,2,1,0,0,1,19.0,,voiture,,1,2,1,1,6
201900050559,2019-07-14 00:30:00,2019,7,14,0,30,77,77118,ROUTE NATIONALE 3,48.94372,2.66997,Nuit sans éclairage public,Hors agglomération,Autre intersection,Normale,Autre collision,2,1,0,0,1,1,1,0,1,70,1,5,4,0,1,0,20.0,,voiture,,3,1,9,1,6
201900050560,2019-07-14 17:40:00,2019,7,14,17,40,77,77458,TRAVERSIERE (RUE),48.186914,2.754765,Plein jour,En agglomération,Hors intersection,Normale,Autre collision,4,2,2,0,3,2,1,0,1,50,1,1,0,0,1,0,37.0,,deux_roues,,1,2,1,1,6
201900050561,2019-03-29 09:56:00,2019,3,29,9,56,69,69388,MARYSE BASTIE                       (R ),45.73314,4.87421,Plein jour,En agglomération,Intersection en X,Normale,Deux véhicules - côté,7,2,2,0,1,1,1,0,1,50,2,5,2,0,0,3,88.0,52.0,voiture,transport_commun,1,2,2,1,3
201900050562,2019-07-14 08:50:00,2019,7,14,8,50,77,77407,236 GARENNES(CHEMIN DE),48.53617,2.53418,Plein jour,En agglomération,Hors intersection,Normale,Deux véhicules - arrière,4,2,2,0,2,1,1,0,1,30,2,2,1,1,0,0,62.0,46.0,deux_roues,deux_roues,1,2,1,1,2
201900050563,2019-03-28 18:15:00,2019,3,28,18,15,69,69387,REPOS (DU)                          (R ),45.74471,4.85136,Plein jour,En agglomération,Hors intersection,Normale,Autre collision,4,1,1,0,2,1,1,8,1,30,1,2,1,0,0,1,51.0,,voiture,,1,2,1,1,6
201900050564,2019-03-28 17:10:00,2019,3,28,17,10,69,69387,RACHAIS                             (R ),45.75069,4.85023,Plein jour,En agglomération,Hors intersection,Normale,Autre collision,4,1,1,0,1,1,1,0,1,50,1,2,1,0,0,1,37.0,,voiture,,1,2,1,1,6
201900050565,2019-07-14 15:30:00,2019,7,14,15,30,69,69256,LOUIS DUCLOS PROLONGEE              (R ),45.79408,4.92363,Plein jour,En agglomération,Hors intersection,Normale,Deux véhicules - frontale,4,2,2,0,2,1,1,2,1,30,2,2,1,0,1,0,41.0,51.0,transport_commun,deux_roues,1,2,1,1,1
201900050566,2019-07-14 11:30:00,2019,7,14,11,30,64,64545,PAUL GELOS (RUE),43.37791,-1.67244,Plein jour,En agglomération,Hors intersection,Normale,Deux véhicules - côté,4,2,2,0,1,1,1,0,3,30,2,2,1,0,0,1,43.0,59.0,deux_roues,voiture,1,2,1,1,3
201900050567,2019-03-29 21:00:00,2019,3,29,21,0,69,69382,CELESTINS (DES)                     (QU),45.76003,4.83055,Nuit avec éclairage allumé,En agglomération,Intersection en T,Normale,Deux véhicules - côté,4,1,4,3,1,1,1,0,1,50,2,3,2,0,0,1,27.0,47.0,voiture,deux_roues,5,2,3,1,3
201900050568,2019-03-29 02:30:00,2019,3,29,2,30,69,69381,JOSEPH SERLIN                       (R ),45.7677,4.83737,Nuit avec éclairage allumé,En agglomération,Hors intersection,Normale,Autre collision,7,1,1,0,1,1,1,0,1,50,1,2,1,0,0,1,30.0,,voiture,,5,2,1,1,6
201900050569,2019-07-14 15:05:00,2019,7,14,15,5,59,59279,LYS (BOULEVARD DE LA),50.769685,3.09199,Plein jour,Hors agglomération,Intersection en X,Normale,Deux véhicules - arrière,7,4,3,1,2,3,1,5,1,70,2,2,1,0,1,0,91.0,56.0,voiture,deux_roues,1,1,2,1,2
201900050570,2019-03-28 23:00:00,2019,3,28,23,0,69,69389,PORT MOUTON (DU)                    (PL),45.77384,4.80885,Nuit avec éclairage allumé,En agglomération,Hors intersection,Normale,Deux véhicules - arrière,4,1,4,1,1,1,1,5,1,50,2,2,1,0,0,1,29.0,22.0,deux_roues,deux_roues,5,2,1,1,2
201900050571,2019-03-28 15:30:00,2019,3,28,15,30,69,69034,GENERAL DE GAULLE                   (AV),45.8053,4.85356,Plein jour,En agglomération,Hors intersection,Normale,Autre collision,4,2,2,0,1,1,1,0,2,50,2,3,2,0,0,1,53.0,27.0,utilitaire_camion,utilitaire_camion,1,2,1,1,6
201900050572,2019-07-14 15:15:00,2019,7,14,15,15,51,51202,RUE DE DIZY,49.0729,3.93196,Plein jour,En agglomération,Intersection en Y,Normale,Deux véhicules - arrière,4,2,2,0,2,1,1,0,1,50,2,2,0,0,1,1,39.0,53.0,deux_roues,deux_roues,1,2,4,1,2
201900050573,2019-03-29 17:50:00,2019,3,29,17,50,2B,2B120,VULPAGHJU (Chemin de),42.66056,9.43774,Crépuscule ou aube,En agglomération,Intersection en T,Temps éblouissant,Deux véhicules - côté,4,2,3,0,1,2,1,9,1,30,2,2,1,0,0,1,31.0,57.0,voiture,deux_roues,2,2,3,7,3
201900050574,2019-07-14 00:00:00,2019,7,14,0,0,50,50147,ROCADE NORD,49.036439,-1.444211,Nuit sans éclairage public,Hors agglomération,Giratoire,Normale,Sans collision,3,2,2,0,1,3,1,0,1,80,1,1,0,0,1,0,34.0,,voiture,,3,1,6,1,7
201900050575,2019-07-13 12:05:00,2019,7,13,12,5,37,37122,BORDEAUX (AVENUE DE),47.3551074,0.6988885,Plein jour,En agglomération,Hors intersection,Normale,Deux véhicules - côté,4,2,4,0,1,1,1,0,1,50,2,3,2,0,0,1,39.0,50.0,deux_roues,voiture,1,2,1,1,3
201900050576,2019-03-28 11:56:00,2019,3,28,11,56,2B,2B033,GIACCOBBI - AV PAUL,42.6710271,9.4429046,Plein jour,En agglomération,Giratoire,Normale,Deux véhicules - arrière,2,3,4,0,1,1,1,0,1,50,2,2,1,0,0,1,17.0,62.0,deux_roues,utilitaire_camion,1,2,6,1,2
201900050577,2019-03-16 00:47:00,2019,3,16,0,47,971,97120,BLANCHARD,16.2272911,-61.5243555,Nuit avec éclairage allumé,Hors agglomération,Hors intersection,Normale,Autre collision,2,1,3,0,2,1,1,0,1,90,1,2,1,0,1,0,31.0,,voiture,,5,1,1,1,6
201900050578,2019-07-14 13:15:00,2019,7,14,13,15,34,34172,CARRIEU (RUE MARIUS),43.61718,3.8426,Plein jour,En agglomération,Hors intersection,Normale,Deux véhicules - arrière,4,-1,2,0,2,1,1,0,1,50,2,4,3,0,0,1,54.0,30.0,voiture,voiture,1,2,1,1,2
201900050579,2019-03-28 22:30:00,2019,3,28,22,30,971,97120,BD LEGITIMUS,16.245125,-61.534109,Nuit avec éclairage allumé,En agglomération,Intersection en X,Normale,Deux véhicules - arrière,4,1,2,0,1,3,1,6,1,50,2,1,0,0,0,1,50.0,,deux_roues,,5,2,2,1,2
201900050580,2019-07-11 20:00:00,2019,7,11,20,0,31,31483,FOURNIER (PLACE ),43.11,0.71,Plein jour,En agglomération,Giratoire,Normale,Deux véhicules - côté,3,-1,4,0,1,1,1,0,1,50,2,2,1,0,0,1,47.0,51.0,voiture,voiture,1,2,6,1,3
201900050581,2019-03-28 03:30:00,2019,3,28,3,30,971,97101,RN1 ROCADE DE CHAUVEL,16.27,-61.52,Nuit avec éclairage allumé,Hors agglomération,Hors intersection,Normale,Autre collision,2,1,2,0,1,1,1,0,1,90,1,2,0,0,1,1,53.0,,voiture,,5,1,1,1,6
201900050582,2019-03-27 21:30:00,2019,3,27,21,30,971,97107,SCHOELCHER  (RUE ),16.04324,-61.56505,Nuit avec éclairage allumé,En agglomération,Hors intersection,Normale,Autre collision,4,1,0,0,1,1,1,0,1,50,1,2,0,0,1,1,24.0,,deux_roues,,5,2,1,1,6
201900050583,2019-07-14 17:05:00,2019,7,14,17,5,29,29039,CABELLOU ( AVENUE DU),47.8564285,-3.9041653,Plein jour,En agglomération,Hors intersection,Normale,Deux véhicules - arrière,4,2,2,0,1,1,1,9,1,30,2,3,2,0,0,1,42.0,14.0,voiture,deux_roues,1,2,1,1,2
201900050584,2019-03-29 07:45:00,2019,3,29,7,45,2A,2A004,AVENUE DU DOCTEUR NOEL FRANCHINI,41.94491,8.75828,Plein jour,En agglomération,Giratoire,Normale,Deux véhicules - arrière,2,1,2,0,1,2,1,0,1,50,2,2,1,0,0,1,39.0,42.0,deux_roues,voiture,1,2,6,1,2
201900050585,2019-07-13 22:45:00,2019,7,13,22,45,25,25056,SIFFERT  AVENUE CHARLES,47.240014,6.015074,Nuit avec éclairage allumé,En agglomération,Intersection en X,Normale,Deux véhicules - côté,3,3,3,0,2,1,1,0,1,50,2,2,0,0,0,2,44.0,48.0,voiture,voiture,5,2,2,1,3
201900050586,2019-03-28 11:19:00,2019,3,28,11,19,2A,2A004,GEORGES POMPIDOU AVENUE,41.93332,8.75474,Plein jour,En agglomération,Intersection en T,Normale,Trois véhicules et plus - collisions multiples,2,3,6,0,1,1,1,0,1,50,3,4,1,0,0,3,41.0,28.0,voiture,voiture,1,2,3,1,5
201900050587,2019-07-13 17:50:00,2019,7,13,17,50,17,17306,PARIS (DE) (AVENUE),45.62708,-1.0496,Plein jour,En agglomération,Intersection en X,Normale,Deux véhicules - arrière,4,1,1,0,1,1,1,5,1,50,2,2,1,0,0,1,17.0,66.0,deux_roues,voiture,1,2,2,1,2
201900050588,2019-03-29 17:05:00,2019,3,29,17,5,95,95585,8 MAI 1945 (AVENUE DU),48.97668,2.37695,Plein jour,En agglomération,Intersection en T,Normale,Autre collision,4,2,4,0,1,1,1,5,1,50,2,2,1,0,0,1,29.0,,voiture,,1,2,3,1,6
201900050589,2019-07-14 03:10:00,2019,7,14,3,10,14,14117,DIVETTE (AVENUE DE LA),49.28471,-0.12205,Nuit avec éclairage allumé,En agglomération,Intersection en X,Normale,Deux véhicules - côté,4,2,2,0,1,1,1,0,1,50,2,4,2,0,1,1,40.0,17.0,voiture,deux_roues,5,2,2,1,3
201900050590,2019-07-14 17:00:00,2019,7,14,17,0,13,13202,FAUCHIER (RUE),43.30361,5.36896,Plein jour,En agglomération,Intersection en T,Normale,Deux véhicules - côté,7,1,1,0,1,1,1,0,1,50,2,3,2,0,0,1,32.0,20.0,voiture,deux_roues,1,2,3,1,3
201900050591,2019-07-14 12:00:00,2019,7,14,12,0,13,13214,ALEX ANSALDI (RUE),43.333948,5.402154,Plein jour,En agglomération,Hors intersection,Normale,Deux véhicules - arrière,4,-1,3,0,2,1,1,0,1,50,2,2,0,0,0,2,35.0,40.0,voiture,voiture,1,2,1,1,2
201900050592,2019-03-29 13:40:00,2019,3,29,13,40,95,95555,MATHILDE (AVENUE),48.97436,2.29357,Plein jour,En agglomération,Hors intersection,Normale,Autre collision,3,2,2,0,1,1,1,0,2,30,1,3,1,0,0,2,29.0,,voiture,,1,2,1,1,6
201900050593,2019-03-29 15:45:00,2019,3,29,15,45,91,91589,HUGO (RUE VICTOR),48.6841,2.34226,Plein jour,En agglomération,Intersection en X,Normale,Autre collision,4,2,2,0,1,1,1,0,1,50,1,3,2,0,0,1,32.0,,voiture,,1,2,2,1,6
201900050594,2019-07-14 08:20:00,2019,7,14,8,20,13,13047,RN 1569,43.53516,4.95843,Plein jour,Hors agglomération,Hors intersection,Normale,Deux véhicules - arrière,2,3,0,0,1,1,1,0,1,80,2,2,1,0,1,0,32.0,54.0,voiture,deux_roues,1,1,1,1,2
201900050595,2019-07-14 20:40:00,2019,7,14,20,40,7,07281,C.D. 533 (VERS LE PUY),44.93633,4.82608,Plein jour,Hors agglomération,Hors intersection,Normale,Sans collision,3,2,2,0,2,3,1,0,1,80,1,2,0,0,0,2,20.0,,deux_roues,,1,1,1,1,7
201900050596,2019-03-30 08:25:00,2019,3,30,8,25,91,91471,PARIS (RUE DE),48.696823,2.18947,Plein jour,En agglomération,Intersection en T,Normale,Deux véhicules - frontale,4,1,1,0,1,2,1,0,1,30,2,2,1,0,1,0,45.0,,voiture,,1,2,3,1,1
201900050597,2019-03-25 12:10:00,2019,3,25,12,10,91,91692,BOURGOGNE (AVENUE DE),48.683871,2.176799,Plein jour,En agglomération,Hors intersection,Normale,Autre collision,4,2,2,1,1,1,1,6,2,45,1,2,1,0,1,0,35.0,,transport_commun,,1,2,1,1,6
201900050598,2019-07-14 21:00:00,2019,7,14,21,0,6,06088,CESSOLE (BD DE) (JUSQU'AU N° 93-110),43.71727,7.25303,Nuit avec éclairage allumé,En agglomération,Intersection en X,Normale,Deux véhicules - côté,4,2,2,0,2,1,1,0,1,50,2,2,0,0,0,2,33.0,19.0,utilitaire_camion,voiture,5,2,2,1,3