accident_id,datetime,annee,mois,jour,heure,minute,departement,commune_insee,adresse,latitude,longitude,luminosite,agglomeration,intersection,meteo,collision,catr,circ,nbv,vosp,prof,plan,surf,infra,situ,vma,nb_vehicules,nb_usagers,nb_indemnes,nb_tues,nb_blesses_hosp,nb_blesses_legers,age_cond_1,age_cond_2,veh_type_cond_1,veh_type_cond_2,lum_code,agg_code,int_code,atm_code,col_code
201900050599,2019-07-13 20:05:00,2019,7,13,20,5,6,06088,FLIREY (AV. DE),43.7247674,7.2752286,Plein jour,En agglomération,Hors intersection,Normale,Sans collision,4,2,3,0,2,2,1,0,1,50,1,2,0,0,2,0,25.0,,deux_roues,,1,2,1,1,7
201900050600,2019-07-13 20:05:00,2019,7,13,20,5,6,06069,ROUQUIER (BOULEVARD EMMANUEL),43.6263793,6.9352806,Plein jour,Hors agglomération,Hors intersection,Normale,Sans collision,4,2,2,0,2,2,1,0,1,70,1,2,0,0,2,0,17.0,,deux_roues,,1,1,1,1,7
201900050601,2019-07-14 12:25:00,2019,7,14,12,25,75,75112,BD PERIPHERIQUE INTERIEUR,48.838692,2.412999,Plein jour,En agglomération,Hors intersection,Normale,Deux véhicules - côté,4,1,4,0,1,1,1,0,1,70,2,3,1,0,0,2,60.0,29.0,voiture,deux_roues,1,2,1,1,3
201900050602,2019-03-29 19:40:00,2019,3,29,19,40,91,91687,VICTOR SCHOELCHER (AVENUE),48.65594,2.37183,Nuit avec éclairage allumé,En agglomération,Hors intersection,Normale,Deux véhicules - côté,3,2,12,0,1,1,1,0,1,50,2,2,1,0,0,1,25.0,30.0,deux_roues,voiture,5,2,1,1,3
201900050603,2019-07-14 02:40:00,2019,7,14,2,40,75,75115,PORTE DE SEVRES,48.832845,2.279386,Nuit avec éclairage allumé,En agglomération,Hors intersection,Normale,Deux véhicules - arrière,4,1,3,0,1,1,1,2,1,70,2,2,1,0,0,1,19.0,18.0,deux_roues,deux_roues,5,2,1,1,2
201900050604,2019-03-30 11:10:00,2019,3,30,11,10,91,91174,CARNOT(AVENUE),48.60726,2.48272,Plein jour,En agglomération,Hors intersection,Normale,Autre collision,4,2,2,0,1,1,1,0,1,50,1,2,1,0,0,1,68.0,,voiture,,1,2,1,1,6
201900050605,2019-03-30 09:40:00,2019,3,30,9,40,91,91114,CERCAY (RUE DE),48.7084,2.524,Plein jour,En agglomération,Giratoire,Normale,Sans collision,4,1,1,0,1,1,1,5,2,50,1,1,0,0,1,0,36.0,,deux_roues,,1,2,6,1,7
201900050606,2019-07-14 04:10:00,2019,7,14,4,10,75,75116,AVENUE PAUL DOUMER,48.86127,2.284238,Nuit avec éclairage allumé,En agglomération,Intersection en T,Normale,Autre collision,4,2,4,0,1,1,1,0,1,50,1,1,0,0,0,1,23.0,,voiture,,5,2,3,1,6
201900050607,2019-03-28 17:15:00,2019,3,28,17,15,91,91514,JEAN JAURES (DU N°52 AU 131) (AVENUE),48.67342,2.52992,Plein jour,En agglomération,Intersection à plus de 4 branches,Normale,Trois véhicules et plus - collisions multiples,4,2,2,0,1,1,1,0,1,30,3,3,1,0,0,2,25.0,39.0,voiture,voiture,1,2,5,1,5
201900050608,2019-03-30 06:25:00,2019,3,30,6,25,91,91027,MITTERAND (AVENUE FRANCOIS) N° 112 A 188,48.71297,2.37127,Crépuscule ou aube,En agglomération,Intersection en X,Normale,Trois véhicules et plus - en chaîne,2,3,4,0,1,1,1,0,1,50,3,3,2,0,0,1,28.0,47.0,utilitaire_camion,deux_roues,2,2,2,1,4
201900050609,2019-07-14 18:45:00,2019,7,14,18,45,75,75112,ESPLANADE SAINT LOUIS,48.840613,2.43456,Plein jour,En agglomération,Intersection en Y,Normale,Autre collision,4,1,1,0,1,1,1,0,1,50,1,2,1,0,0,1,36.0,,voiture,,1,2,4,1,6
201900050610,2019-03-28 17:55:00,2019,3,28,17,55,91,91333,MOULIN D'AULNAY (ROUTE DU),48.61077,2.26569,Plein jour,En agglomération,Intersection en T,Normale,Deux véhicules - côté,4,-1,1,0,1,1,1,0,1,50,2,2,1,0,0,1,35.0,33.0,voiture,voiture,1,2,3,1,3
201900050611,2019-07-13 20:45:00,2019,7,13,20,45,75,75112,RUE DE DIJON,48.835693,2.386083,Plein jour,En agglomération,Intersection en T,Normale,Deux véhicules - côté,4,2,4,0,1,1,1,0,1,30,2,2,1,0,0,1,27.0,20.0,voiture,deux_roues,1,2,3,1,3
201900050612,2019-07-13 21:15:00,2019,7,13,21,15,75,75108,RUE MARBEUF,48.867961,2.302832,Crépuscule ou aube,En agglomération,Intersection en X,Normale,Deux véhicules - côté,4,1,1,0,1,1,1,0,1,50,2,3,2,0,0,1,47.0,56.0,voiture,deux_roues,2,2,2,1,3
201900050613,2019-03-28 16:00:00,2019,3,28,16,0,91,91457,COMMUNE DE PARIS (RUE DE LA),48.58008,2.25104,Plein jour,En agglomération,Hors intersection,Normale,Deux véhicules - arrière,4,2,2,0,1,1,1,0,1,50,2,2,1,0,0,1,20.0,17.0,voiture,deux_roues,1,2,1,1,2
201900050614,2019-07-14 00:40:00,2019,7,14,0,40,94,94078,WINSTON CHURCHILL (AV),48.7544535,2.4471188,Nuit avec éclairage allumé,En agglomération,Autre intersection,Normale,Deux véhicules - côté,3,3,4,0,1,1,1,0,1,50,2,2,1,0,0,1,47.0,24.0,voiture,voiture,5,2,9,1,3
201900050615,2019-07-13 00:45:00,2019,7,13,0,45,94,94017,ROGER SALENGRO (AV),48.8165,2.50063,Nuit avec éclairage allumé,En agglomération,Hors intersection,Normale,Deux véhicules - frontale,3,2,2,0,1,1,1,8,1,50,2,3,2,0,1,0,23.0,40.0,voiture,deux_roues,5,2,1,1,1
201900050616,2019-03-29 06:43:00,2019,3,29,6,43,87,87085,BARBES (RUE ARMAND),45.83627,1.26236,Nuit avec éclairage allumé,En agglomération,Hors intersection,Normale,Autre collision,4,4,1,3,2,1,1,9,1,10,1,2,1,0,1,0,53.0,,voiture,,5,2,1,1,6
201900050617,2019-07-13 19:00:00,2019,7,13,19,0,94,94044,GABRIEL PERI (AV),48.75414,2.48492,Plein jour,En agglomération,Hors intersection,Normale,Deux véhicules - côté,3,2,2,0,1,1,1,0,1,50,2,2,1,0,0,1,52.0,48.0,voiture,deux_roues,1,2,1,1,3
201900050618,2019-03-27 08:37:00,2019,3,27,8,37,86,86194,IASSY (AVENUE DE),46.5711494,0.3922784,Plein jour,En agglomération,Hors intersection,Normale,Autre collision,4,2,2,0,1,1,1,1,1,50,1,2,1,0,0,1,73.0,,voiture,,1,2,1,1,6
201900050619,2019-03-19 16:40:00,2019,3,19,16,40,86,86066,GRENADIER FRANCAIS (RUE DU),46.8195479,0.5737031,Plein jour,Hors agglomération,Hors intersection,Normale,Deux véhicules - arrière,3,2,2,0,2,2,1,0,1,80,2,2,1,0,1,0,66.0,35.0,voiture,utilitaire_camion,1,1,1,1,2
201900050620,2019-03-28 18:45:00,2019,3,28,18,45,30,30011,R.N. 100,43.94953,4.78511,Plein jour,Hors agglomération,Hors intersection,Normale,Sans collision,3,3,4,0,1,2,1,0,1,90,1,1,0,0,1,0,56.0,,voiture,,1,1,1,1,7
201900050621,2019-07-14 08:00:00,2019,7,14,8,0,92,92032,LECLERC GENERAL (AVENUE DU),48.79292,2.280663,Plein jour,En agglomération,Hors intersection,Normale,Deux véhicules - arrière,4,2,2,0,2,1,1,0,1,50,2,2,1,0,0,1,22.0,38.0,deux_roues,transport_commun,1,2,1,1,2
201900050622,2019-03-29 13:15:00,2019,3,29,13,15,83,83090,SANARY (ROUTE DE),43.12661,5.83895,Plein jour,En agglomération,Autre intersection,Normale,Deux véhicules - côté,4,2,2,0,1,2,8,0,1,50,2,3,1,0,0,2,40.0,42.0,voiture,utilitaire_camion,1,2,9,1,3
201900050623,2019-03-29 07:15:00,2019,3,29,7,15,83,83129,MASCOTTE (AVENUE DE LA) N° IMPAIRS,43.08981,5.84434,Crépuscule ou aube,En agglomération,Hors intersection,Normale,Deux véhicules - côté,4,2,2,0,2,1,1,0,1,50,2,1,0,0,0,1,25.0,,deux_roues,,2,2,1,1,3
201900050624,2019-07-14 05:30:00,2019,7,14,5,30,92,92002,ARMAND GUILLEBAUD (AVENUE),48.7486287,2.3074054,Crépuscule ou aube,En agglomération,Intersection en T,Normale,Deux véhicules - côté,3,2,2,0,1,1,1,5,1,50,2,1,0,0,1,0,30.0,,deux_roues,,2,2,3,1,3
201900050625,2019-03-07 11:10:00,2019,3,7,11,10,83,83050,MIREUR(RUE FREDERIC),43.53897,6.46433,Plein jour,En agglomération,Place,Normale,Autre collision,4,1,1,0,1,1,1,6,1,30,1,3,1,0,2,0,35.0,,voiture,,1,2,7,1,6
201900050626,2019-07-14 12:10:00,2019,7,14,12,10,22,22021,Rue de Dinan,48.392574,-2.126697,Plein jour,Hors agglomération,Hors intersection,Normale,Deux véhicules - arrière,3,2,2,0,1,1,1,0,1,80,2,2,1,0,1,0,51.0,82.0,deux_roues,voiture,1,1,1,1,2
201900050627,2019-07-13 20:15:00,2019,7,13,20,15,37,37123,D15,47.341473,0.406624,Plein jour,Hors agglomération,Hors intersection,Normale,Deux véhicules - frontale,3,2,2,0,1,3,1,0,1,-1,2,4,1,0,0,3,21.0,39.0,voiture,utilitaire_camion,1,1,1,1,1
201900050628,2019-03-29 18:10:00,2019,3,29,18,10,82,82033,TOURNESOLS (ALL DES) ,44.05541,1.10485,Plein jour,En agglomération,Hors intersection,Normale,Deux véhicules - côté,4,2,2,0,1,1,1,0,1,50,2,2,1,0,1,0,58.0,17.0,voiture,deux_roues,1,2,1,1,3
201900050629,2019-07-14 19:15:00,2019,7,14,19,15,43,43027,D561,45.293048,3.596132,Plein jour,Hors agglomération,Hors intersection,Temps éblouissant,Deux véhicules - côté,3,2,2,0,1,4,1,0,1,80,2,2,1,0,1,0,28.0,36.0,voiture,deux_roues,1,1,1,7,3
201900050630,2019-06-17 13:16:00,2019,6,17,13,16,84,84069,Rocher du Portail St Jean,44.160707,5.146872,Plein jour,Hors agglomération,Hors intersection,Normale,Deux véhicules - côté,3,2,2,0,2,3,1,0,1,70,2,2,1,0,1,0,77.0,46.0,voiture,deux_roues,1,1,1,1,3
201900050631,2019-03-30 13:10:00,2019,3,30,13,10,81,81004,LATTRE DE TASSIGNY (AV DE),43.9306291,2.1612757,Plein jour,En agglomération,Hors intersection,Temps éblouissant,Deux véhicules - côté,4,2,2,0,1,1,1,0,1,50,2,2,1,0,0,1,53.0,81.0,deux_roues,utilitaire_camion,1,2,1,7,3
201900050632,2019-07-11 20:15:00,2019,7,11,20,15,28,28224,D955,48.055084,1.408485,Crépuscule ou aube,Hors agglomération,Intersection en X,Normale,Deux véhicules - côté,3,2,2,0,1,1,1,5,1,80,2,2,1,0,1,0,50.0,23.0,utilitaire_camion,voiture,2,1,2,1,3
201900050633,2019-07-11 16:50:00,2019,7,11,16,50,28,28358,route départementale 906,48.508992,1.512126,Plein jour,Hors agglomération,Hors intersection,Normale,Autre collision,3,2,1,0,1,1,1,0,3,80,1,1,0,0,1,0,27.0,,voiture,,1,1,1,1,6
201900050634,2019-03-28 17:30:00,2019,3,28,17,30,79,79191,Rue des Colombes,46.32836,-0.42287,Plein jour,En agglomération,Intersection en X,Normale,Deux véhicules - côté,4,2,2,0,1,3,1,0,1,50,2,2,1,0,1,0,47.0,77.0,voiture,deux_roues,1,2,2,1,3
201900050635,2019-07-10 12:30:00,2019,7,10,12,30,38,38337,Rue Assia Djebar,45.344231,5.496546,Plein jour,En agglomération,Intersection en X,Normale,Deux véhicules - côté,3,2,2,0,1,1,1,0,1,80,2,2,1,0,1,0,57.0,30.0,deux_roues,voiture,1,2,2,1,3
201900050636,2019-07-14 20:13:00,2019,7,14,20,13,12,12291,A 75 pk 207+200,44.194794,3.063401,Crépuscule ou aube,Hors agglomération,Hors intersection,Normale,Deux véhicules - arrière,1,3,4,0,4,2,1,0,1,130,2,4,3,0,1,0,72.0,20.0,voiture,voiture,2,1,1,1,2
201900050637,2019-03-29 07:35:00,2019,3,29,7,35,78,78686,GENERAL LECLERC (AVENUE DU),48.80301,2.16585,Plein jour,En agglomération,Intersection en X,Normale,Deux véhicules - côté,3,2,2,0,1,1,1,5,1,50,2,2,1,0,1,0,71.0,15.0,voiture,deux_roues,1,2,2,1,3
201900050638,2019-07-15 09:30:00,2019,7,15,9,30,87,87038,Le Touyer,45.919827,1.254075,Plein jour,Hors agglomération,Autre intersection,Normale,Autre collision,4,2,2,0,2,2,1,0,3,80,1,1,0,0,1,0,53.0,,voiture,,1,1,9,1,6
201900050639,2019-07-13 18:30:00,2019,7,13,18,30,77,77240,Chemin de la Montagne,48.793873,3.27225,Plein jour,En agglomération,Hors intersection,Normale,Sans collision,4,1,1,0,2,1,1,0,8,50,1,1,0,0,1,0,52.0,,deux_roues,,1,2,1,1,7
201900050640,2019-03-26 17:40:00,2019,3,26,17,40,78,78640,LOUIS BREGUET (AVENUE),48.78059,2.19102,Plein jour,En agglomération,Intersection en X,Normale,Autre collision,4,3,2,0,1,1,1,0,1,50,1,2,0,0,0,2,27.0,,deux_roues,,1,2,2,1,6
201900050641,2019-07-14 16:36:00,2019,7,14,16,36,57,57716,Départementale 52,49.211179,6.314183,Plein jour,Hors agglomération,Autre intersection,Normale,Sans collision,3,2,2,0,1,1,1,0,1,80,1,1,0,0,1,0,48.0,,deux_roues,,1,1,9,1,7
201900050642,2019-07-12 15:15:00,2019,7,12,15,15,19,19054,Chamalières,45.043859,1.856431,Plein jour,Hors agglomération,Hors intersection,Normale,Sans collision,3,2,2,0,1,3,1,0,3,-1,1,1,0,0,1,0,25.0,,deux_roues,,1,1,1,1,7
201900050643,2019-07-13 17:35:00,2019,7,13,17,35,79,79268,,46.785989,-0.139132,Plein jour,Hors agglomération,Hors intersection,Normale,Sans collision,3,2,2,0,4,2,1,2,1,80,1,1,0,0,1,0,14.0,,deux_roues,,1,1,1,1,7
201900050644,2019-07-15 09:00:00,2019,7,15,9,0,79,79030,,46.29813,-0.19585,Plein jour,Hors agglomération,Intersection en X,Normale,Deux véhicules - côté,3,2,2,0,2,2,1,0,1,80,2,2,1,0,0,1,43.0,15.0,utilitaire_camion,deux_roues,1,1,2,1,3
201900050645,2019-07-08 11:40:00,2019,7,8,11,40,79,79057,,46.121769,-0.238352,Plein jour,Hors agglomération,Intersection en X,Normale,Deux véhicules - arrière,3,2,3,1,2,1,1,0,1,80,2,2,1,0,1,0,21.0,71.0,utilitaire_camion,deux_roues,1,1,2,1,2
201900050646,2019-07-12 14:26:00,2019,7,12,14,26,80,80212,route de Daours,49.913316,2.480127,Plein jour,Hors agglomération,Hors intersection,Normale,Deux véhicules - côté,4,2,2,0,2,3,1,0,1,80,2,3,2,0,0,1,58.0,20.0,voiture,voiture,1,1,1,1,3
201900050647,2019-07-14 18:00:00,2019,7,14,18,0,81,81247,D74,43.960066,2.373037,Plein jour,Hors agglomération,Hors intersection,Normale,Autre collision,3,2,2,0,2,4,1,0,3,80,1,1,0,0,1,0,19.0,,deux_roues,,1,1,1,1,6
201900050648,2019-03-28 15:20:00,2019,3,28,15,20,78,78440,PIERRE BÉRÉGOVOY (RUE),48.982849,1.905013,Plein jour,En agglomération,Hors intersection,Normale,Sans collision,4,2,2,0,1,1,1,0,1,50,1,1,0,0,1,0,19.0,,deux_roues,,1,2,1,1,7
201900050649,2019-07-14 17:15:00,2019,7,14,17,15,32,32208,48 avenue Alsace Lorraine,43.934138,0.630359,Plein jour,En agglomération,Hors intersection,Normale,Autre collision,2,2,2,0,2,2,1,0,4,50,1,5,2,0,2,1,64.0,,voiture,,1,2,1,1,6
201900050650,2019-07-13 11:25:00,2019,7,13,11,25,11,11020,D 613,42.955944,2.494139,Plein jour,Hors agglomération,Hors intersection,Normale,Deux véhicules - frontale,3,2,2,0,2,3,1,0,1,80,2,2,0,0,0,2,29.0,58.0,deux_roues,deux_roues,1,1,1,1,1
201900050651,2019-03-29 16:39:00,2019,3,29,16,39,77,77514,VOLTAIRE (AVENUE),48.94245,2.60696,Plein jour,En agglomération,Hors intersection,Normale,Autre collision,4,2,2,0,2,1,1,0,1,50,1,3,2,0,1,0,37.0,,voiture,,1,2,1,1,6
201900050652,2019-07-14 06:00:00,2019,7,14,6,0,11,11425,d 118,43.274804,2.357577,Plein jour,Hors agglomération,Hors intersection,Normale,Autre collision,3,2,2,0,1,1,1,0,1,80,1,4,2,0,1,1,31.0,,voiture,,1,1,1,1,6
201900050653,2019-07-14 16:30:00,2019,7,14,16,30,89,89344,Départemntale 18,47.635233,3.06755,Plein jour,En agglomération,Hors intersection,Normale,Deux véhicules - arrière,3,2,2,0,1,1,1,0,1,50,2,2,1,0,0,1,17.0,50.0,deux_roues,voiture,1,2,1,1,2
201900050654,2019-03-27 09:30:00,2019,3,27,9,30,77,77118,ROUTE NATIONALE 3,48.94309,2.65782,Plein jour,Hors agglomération,Hors intersection,Normale,Trois véhicules et plus - collisions multiples,2,3,4,0,1,3,1,8,1,50,3,3,2,1,0,0,30.0,50.0,deux_roues,voiture,1,1,1,1,5
201900050655,2019-07-13 23:40:00,2019,7,13,23,40,63,63267,D7,45.899507,3.632621,Nuit sans éclairage public,Hors agglomération,Hors intersection,Normale,Deux véhicules - côté,3,2,2,0,1,1,1,0,1,80,2,3,0,0,1,2,40.0,,voiture,,3,1,1,1,3
201900050656,2019-03-27 05:25:00,2019,3,27,5,25,77,77118,ROUTE NATIONALE 3,48.9426291,2.6517497,Nuit sans éclairage public,Hors agglomération,Hors intersection,Normale,Autre collision,2,3,4,0,1,4,1,8,1,50,1,1,0,0,1,0,45.0,,deux_roues,,3,1,1,1,6
201900050657,2019-07-14 21:00:00,2019,7,14,21,0,61,61394,La Grande Vallee,48.252604,0.614463,Crépuscule ou aube,Hors agglomération,Hors intersection,Normale,Autre collision,3,2,2,0,1,1,1,0,1,70,1,1,0,0,1,0,46.0,,voiture,,2,1,1,1,6
201900050658,2019-03-24 13:50:00,2019,3,24,13,50,77,77114,D35,48.70695,2.67164,Plein jour,Hors agglomération,Hors intersection,Normale,Sans collision,3,2,2,0,1,1,1,0,1,80,1,1,0,0,1,0,47.0,,deux_roues,,1,1,1,1,7
201900050659,2019-07-15 05:55:00,2019,7,15,5,55,12,12248,route départementale 999,43.881523,2.616233,Plein jour,Hors agglomération,Hors intersection,Normale,Deux véhicules - frontale,3,2,2,0,2,1,1,0,1,80,2,2,1,0,1,0,23.0,43.0,voiture,voiture,1,1,1,1,1
201900050660,2019-03-30 14:30:00,2019,3,30,14,30,77,77255,D39 X  RUE DU FOUR A CHAUX,48.50523,2.68243,Plein jour,Hors agglomération,Intersection en T,Normale,Deux véhicules - frontale,3,2,2,0,2,1,1,1,1,70,2,4,0,0,2,2,31.0,29.0,voiture,voiture,1,1,3,1,1
201900050661,2019-03-29 16:25:00,2019,3,29,16,25,77,77243,SAINT DENIS  (RUE   ),48.88,2.71,Plein jour,En agglomération,Hors intersection,Normale,Deux véhicules - côté,4,2,2,0,2,1,1,0,1,50,2,2,1,0,0,1,28.0,64.0,deux_roues,voiture,1,2,1,1,3
201900050662,2019-07-15 11:05:00,2019,7,15,11,5,47,47320,"LIEU-DIT PEYREBLANQUE""""",44.274548,0.191725,Plein jour,Hors agglomération,Hors intersection,Normale,Deux véhicules - frontale,3,2,2,0,2,4,1,0,1,80,2,2,1,0,1,0,23.0,49.0,voiture,deux_roues,1,1,1,1,1
201900050663,2019-07-15 15:25:00,2019,7,15,15,25,68,68082,RD 2,47.865032,7.345316,Plein jour,En agglomération,Intersection en T,Normale,Deux véhicules - côté,3,2,2,1,1,1,1,5,1,50,2,2,1,0,0,1,23.0,59.0,voiture,deux_roues,1,2,3,1,3
201900050664,2019-03-26 14:00:00,2019,3,26,14,0,76,76351,BOIS AU COQ (AVENUE),49.51602,0.12098,Plein jour,En agglomération,Intersection en X,Normale,Deux véhicules - arrière,4,3,4,0,1,1,1,0,1,50,2,2,1,0,0,1,30.0,50.0,voiture,voiture,1,2,2,1,2
201900050665,2019-07-14 23:15:00,2019,7,14,23,15,68,68332,47 A Grand-Rue,47.655763,7.27515,Nuit avec éclairage allumé,En agglomération,Hors intersection,Pluie légère,Sans collision,3,2,2,0,2,2,2,0,4,50,1,3,0,0,3,0,24.0,,voiture,,5,2,1,2,7
201900050666,2019-07-15 07:40:00,2019,7,15,7,40,22,22333,Les Barres,48.2641241,-2.4694561,Plein jour,Hors agglomération,Intersection en X,Normale,Deux véhicules - côté,3,2,2,0,2,3,1,0,1,80,2,3,1,0,1,1,39.0,50.0,voiture,voiture,1,1,2,1,3
201900050667,2019-07-15 11:51:00,2019,7,15,11,51,39,39006,,46.967431,5.799208,Plein jour,Hors agglomération,Hors intersection,Normale,Deux véhicules - arrière,2,2,2,0,2,2,1,8,1,80,2,3,1,0,1,1,39.0,46.0,utilitaire_camion,utilitaire_camion,1,1,1,1,2
201900050668,2019-03-29 17:10:00,2019,3,29,17,10,76,76217,AVENUE DE BREAUTE,49.91403,1.09228,Plein jour,En agglomération,Giratoire,Normale,Trois véhicules et plus - en chaîne,3,3,4,0,1,1,1,0,1,50,5,11,10,0,0,1,59.0,35.0,voiture,voiture,1,2,6,1,4
201900050669,2019-07-15 06:15:00,2019,7,15,6,15,44,44069,Rue de Pradel,47.315338,-2.441996,Crépuscule ou aube,Hors agglomération,Hors intersection,Normale,Deux véhicules - frontale,4,2,2,0,1,2,1,0,1,50,2,5,3,0,1,1,20.0,34.0,voiture,voiture,2,1,1,1,1
201900050670,2019-03-24 20:59:00,2019,3,24,20,59,76,76217,CANADIENS (AVENUE DES)  RN27,49.90838,1.07605,Nuit avec éclairage allumé,En agglomération,Hors intersection,Normale,Deux véhicules - frontale,2,3,4,0,2,1,1,0,1,50,2,2,1,0,1,0,77.0,51.0,deux_roues,voiture,5,2,1,1,1
201900050671,2019-07-15 15:25:00,2019,7,15,15,25,44,44154,avenue des sableaux,47.245634,-2.167556,Plein jour,En agglomération,Hors intersection,Normale,Autre collision,4,2,2,0,1,1,1,0,1,50,1,2,1,1,0,0,65.0,,voiture,,1,2,1,1,6
201900050672,2019-03-27 22:45:00,2019,3,27,22,45,71,71270,CHARMILLES (RUE DES),46.30506,4.82007,Nuit avec éclairage allumé,En agglomération,Intersection en X,Normale,Autre collision,4,2,4,0,1,1,1,6,1,50,1,1,0,0,1,0,,,,,5,2,2,1,6
201900050673,2019-07-13 18:30:00,2019,7,13,18,30,35,35039,Route de Rennes,48.1137397,-1.5171642,Plein jour,Hors agglomération,Hors intersection,Normale,Sans collision,3,2,2,0,2,2,1,0,1,80,1,1,0,1,0,0,37.0,,voiture,,1,1,1,1,7
201900050674,2019-07-02 10:47:00,2019,7,2,10,47,35,35161,Rue des Frères Amyot l'Inville,48.04585,-1.337921,Plein jour,Hors agglomération,Intersection en X,Normale,Trois véhicules et plus - collisions multiples,3,2,2,0,1,1,1,0,1,80,3,3,2,0,0,1,37.0,52.0,voiture,voiture,1,1,2,1,5
201900050675,2019-07-14 21:30:00,2019,7,14,21,30,35,35044,D87,48.477238,-1.649402,Crépuscule ou aube,Hors agglomération,Hors intersection,Normale,Autre collision,3,2,2,0,1,3,1,0,8,80,1,1,0,0,1,0,,,,,2,1,1,1,6
201900050676,2019-07-15 18:15:00,2019,7,15,18,15,38,38476,D53 B,45.50481,5.06231,Plein jour,Hors agglomération,Intersection en X,Normale,Deux véhicules - côté,3,2,2,0,1,1,1,0,1,80,2,2,1,0,1,0,18.0,34.0,voiture,deux_roues,1,1,2,1,3
201900050677,2019-07-14 17:50:00,2019,7,14,17,50,2,02355,Départementale 1044,49.889281,3.265437,Plein jour,Hors agglomération,Hors intersection,Normale,Autre collision,3,2,2,0,1,1,1,0,3,80,1,1,0,0,0,1,30.0,,voiture,,1,1,1,1,6
201900050678,2019-03-29 11:10:00,2019,3,29,11,10,69,69282,REPUBLIQUE (DE)                     (R ),45.76843,4.99116,Plein jour,En agglomération,Giratoire,Normale,Deux véhicules - côté,4,3,4,2,1,1,1,0,1,50,2,2,1,0,0,1,73.0,78.0,voiture,deux_roues,1,2,6,1,3
201900050679,2019-03-26 08:10:00,2019,3,26,8,10,69,69275,EMILE BERTRAND                      (R ),45.7711,4.9548,Plein jour,En agglomération,Hors intersection,Normale,Autre collision,4,2,2,0,1,4,1,0,1,50,1,2,1,0,1,0,51.0,,voiture,,1,2,1,1,6
201900050680,2019-07-14 11:10:00,2019,7,14,11,10,1,01204,867 Route de Geneve (Lalleyriat),46.166921,5.690307,Plein jour,Hors agglomération,Autre intersection,Normale,Deux véhicules - côté,3,2,2,3,1,1,1,0,6,70,2,4,2,0,2,0,55.0,28.0,deux_roues,voiture,1,1,9,1,3
201900050681,2019-07-08 14:00:00,2019,7,8,14,0,66,66149,route nationale 116,42.624336,2.444078,Plein jour,Hors agglomération,Hors intersection,Temps couvert,Autre collision,2,-1,1,0,1,1,1,0,3,90,1,2,0,1,1,0,75.0,,voiture,,1,1,1,8,6
201900050682,2019-03-27 10:25:00,2019,3,27,10,25,69,69290,CHARLES DE GAULLE                   (AV),45.70358,4.93432,Plein jour,En agglomération,Hors intersection,Normale,Autre collision,4,2,2,0,1,1,1,0,2,50,1,1,0,0,0,1,38.0,,voiture,,1,2,1,1,6
201900050683,2019-07-15 04:15:00,2019,7,15,4,15,14,14731,D118 Lieu-dit les Aunais,49.296089,0.069223,Nuit sans éclairage public,Hors agglomération,Hors intersection,Normale,Autre collision,3,2,2,0,1,1,1,0,1,80,1,1,0,0,1,0,22.0,,voiture,,3,1,1,1,6
201900050684,2019-03-28 17:50:00,2019,3,28,17,50,69,69264,REMPARTS RUE DES,45.9925,4.7173,Plein jour,En agglomération,Hors intersection,Normale,Autre collision,4,1,1,0,1,1,1,0,1,50,1,2,1,0,0,1,36.0,,voiture,,1,2,1,1,6
201900050685,2019-07-14 20:45:00,2019,7,14,20,45,5,05164,rn94,44.533347,6.376034,Crépuscule ou aube,Hors agglomération,Hors intersection,Normale,Deux véhicules - frontale,2,2,2,0,2,1,1,0,1,80,2,2,0,0,2,0,29.0,37.0,voiture,utilitaire_camion,2,1,1,1,1
201900050686,2019-03-29 18:47:00,2019,3,29,18,47,68,68224,FRANKLIN (RUE),47.75097,7.33167,Plein jour,En agglomération,Hors intersection,Normale,Autre collision,4,2,2,0,1,1,1,0,1,50,1,1,0,0,0,1,,,,,1,2,1,1,6
201900050687,2019-07-14 15:46:00,2019,7,14,15,46,5,05009,RN 85,44.805567,5.956,Plein jour,Hors agglomération,Hors intersection,Normale,Sans collision,2,2,2,0,2,2,1,0,3,80,1,1,0,0,1,0,54.0,,deux_roues,,1,1,1,1,7
201900050688,2019-03-28 17:00:00,2019,3,28,17,0,67,67482,CHRISTIAN PFISTER (AVENUE),48.555145,7.753625,Plein jour,En agglomération,Intersection en T,Normale,Deux véhicules - côté,4,2,2,0,1,1,1,0,1,50,2,2,1,0,0,1,50.0,26.0,voiture,deux_roues,1,2,3,1,3
201900050689,2019-07-15 14:20:00,2019,7,15,14,20,50,50523,Route de la Fière,49.404644,-1.352953,Plein jour,Hors agglomération,Autre intersection,Normale,Deux véhicules - frontale,3,2,2,0,1,1,1,0,1,80,2,2,0,0,0,2,20.0,23.0,voiture,voiture,1,1,9,1,1
201900050690,2019-03-28 17:00:00,2019,3,28,17,0,67,67482,ILL (RUE DE L ),48.61297,7.77657,Plein jour,En agglomération,Hors intersection,Normale,Autre collision,4,1,1,0,1,1,1,0,2,50,1,2,1,0,1,0,52.0,,voiture,,1,2,1,1,6
201900050691,2019-07-15 00:45:00,2019,7,15,0,45,16,16148,Ld Le Penché des Tanges,45.8047637,0.0009172,Nuit sans éclairage public,Hors agglomération,Hors intersection,Normale,Autre collision,4,2,2,0,2,1,1,0,1,80,1,1,0,0,1,0,,,,,3,1,1,1,6