accident_id,datetime,annee,mois,jour,heure,minute,departement,commune_insee,adresse,latitude,longitude,luminosite,agglomeration,intersection,meteo,collision,catr,circ,nbv,vosp,prof,plan,surf,infra,situ,vma,nb_vehicules,nb_usagers,nb_indemnes,nb_tues,nb_blesses_hosp,nb_blesses_legers,age_cond_1,age_cond_2,veh_type_cond_1,veh_type_cond_2,lum_code,agg_code,int_code,atm_code,col_code
201900050692,2019-07-14 19:25:00,2019,7,14,19,25,7,07039,Carrefour de l'homme D 578 - D234,45.066571,4.664802,Plein jour,Hors agglomération,Intersection en X,Normale,Deux véhicules - côté,3,2,2,0,2,1,1,0,1,80,2,2,1,0,0,1,20.0,80.0,voiture,voiture,1,1,2,1,3
201900050693,2019-07-14 14:09:00,2019,7,14,14,9,7,07294,Le Sauzet,44.293722,4.275827,Plein jour,Hors agglomération,Hors intersection,Normale,Sans collision,3,2,2,0,1,1,1,0,3,80,1,1,0,0,1,0,68.0,,voiture,,1,1,1,1,7
201900050694,2019-03-27 18:58:00,2019,3,27,18,58,67,67482,LANDSBERG (RUE DU),48.570493,7.763879,Nuit avec éclairage allumé,En agglomération,Hors intersection,Normale,Deux véhicules - arrière,4,2,2,0,1,1,1,0,1,50,2,2,1,0,0,1,47.0,20.0,voiture,voiture,5,2,1,1,2
201900050695,2019-07-12 15:40:00,2019,7,12,15,40,40,40267,D933 N,43.989815,-0.218075,Plein jour,Hors agglomération,Hors intersection,Normale,Deux véhicules - côté,3,2,2,0,1,1,1,0,1,80,2,3,2,0,1,0,74.0,73.0,voiture,voiture,1,1,1,1,3
201900050696,2019-03-27 16:25:00,2019,3,27,16,25,67,67482,HOCHFELDEN (RUE DE),48.60137,7.7234,Plein jour,En agglomération,Hors intersection,Normale,Autre collision,4,2,3,3,1,1,1,0,1,50,2,2,1,0,0,1,63.0,14.0,voiture,deux_roues,1,2,1,1,6
201900050697,2019-07-14 10:20:00,2019,7,14,10,20,24,24284,La trémouille,45.186392,0.954881,Plein jour,Hors agglomération,Hors intersection,Normale,Autre collision,4,2,2,0,1,3,1,0,1,80,2,2,1,0,1,0,44.0,86.0,voiture,voiture,1,1,1,1,6
201900050698,2019-03-27 11:59:00,2019,3,27,11,59,67,67482,MOLIERE (AVENUE),48.595146,7.707064,Plein jour,En agglomération,Intersection en T,Normale,Autre collision,4,2,3,0,1,3,1,0,1,50,2,1,0,0,0,1,38.0,,voiture,,1,2,3,1,6
201900050699,2019-07-09 09:15:00,2019,7,9,9,15,85,85284,Route de Bageonne,46.80155,-1.88435,Plein jour,Hors agglomération,Hors intersection,Normale,Deux véhicules - frontale,4,-1,2,0,1,1,1,0,1,80,2,2,1,0,1,0,22.0,90.0,voiture,voiture,1,1,1,1,1
201900050700,2019-07-13 20:30:00,2019,7,13,20,30,23,23073,"route départementale 4,  Pk 89+700",45.986767,2.558203,Nuit sans éclairage public,Hors agglomération,Hors intersection,Normale,Sans collision,3,2,2,0,1,3,1,0,3,80,1,1,0,0,1,0,40.0,,deux_roues,,3,1,1,1,7
201900050701,2019-03-27 11:20:00,2019,3,27,11,20,67,67267,MARECHAL FOCH (RUE DU),48.55894,7.68804,Plein jour,En agglomération,Hors intersection,Normale,Autre collision,4,2,2,0,1,1,1,0,1,50,2,2,1,0,0,1,70.0,23.0,deux_roues,voiture,1,2,1,1,6
201900050702,2019-07-13 10:45:00,2019,7,13,10,45,23,23045,RD 917,46.188781,2.424324,Plein jour,Hors agglomération,Autre intersection,Normale,Autre collision,3,2,2,0,2,4,1,0,3,80,1,1,0,0,1,0,21.0,,deux_roues,,1,1,9,1,6
201900050703,2019-03-26 10:25:00,2019,3,26,10,25,67,67180,RD 72,48.8605513,7.6608444,Plein jour,Hors agglomération,Hors intersection,Normale,Autre collision,3,2,2,0,2,4,1,0,1,80,1,1,0,0,0,1,41.0,,voiture,,1,1,1,1,6
201900050704,2019-07-14 20:15:00,2019,7,14,20,15,37,37086,Nallay,47.484058,0.342958,Plein jour,Hors agglomération,Hors intersection,Normale,Sans collision,4,2,2,0,1,1,1,0,3,80,1,1,0,0,1,0,21.0,,voiture,,1,1,1,1,7
201900050705,2019-03-23 14:42:00,2019,3,23,14,42,67,67458,WINTERSHOUSE (ROUTE DE),48.8043214,7.7466196,Plein jour,Hors agglomération,Giratoire,Normale,Deux véhicules - côté,3,1,1,0,1,3,1,3,1,80,2,2,1,0,0,1,48.0,51.0,voiture,deux_roues,1,1,6,1,3
201900050706,2019-07-14 17:20:00,2019,7,14,17,20,30,30235,RD6086,43.926692,4.544128,Plein jour,Hors agglomération,Hors intersection,Normale,Deux véhicules - frontale,3,2,2,0,2,3,1,0,1,70,2,2,0,0,0,2,25.0,45.0,deux_roues,deux_roues,1,1,1,1,1
201900050707,2019-07-15 11:20:00,2019,7,15,11,20,48,48034,LA TIEULE,44.474026,3.214641,Plein jour,Hors agglomération,Hors intersection,Normale,Sans collision,4,2,2,0,2,1,9,0,1,50,1,1,0,0,0,1,37.0,,utilitaire_camion,,1,1,1,1,7
201900050708,2019-03-30 11:55:00,2019,3,30,11,55,65,65047,JAURES (AVE JEAN),43.234866,0.092552,Plein jour,En agglomération,Hors intersection,Normale,Deux véhicules - côté,2,2,2,1,1,1,1,0,1,50,2,2,1,1,0,0,50.0,79.0,deux_roues,voiture,1,2,1,1,3
201900050709,2019-07-15 11:15:00,2019,7,15,11,15,48,48080,3 Rue des Ribes,44.726929,3.856428,Plein jour,En agglomération,Intersection en T,Normale,Autre collision,2,2,2,-1,1,1,1,0,-1,50,1,2,1,0,1,0,61.0,,utilitaire_camion,,1,2,3,1,6
201900050710,2019-03-29 15:40:00,2019,3,29,15,40,64,64545,PAUL GELOS (RUE),43.3783437,-1.6710348,Plein jour,En agglomération,Hors intersection,Normale,Deux véhicules - arrière,3,2,2,0,1,3,1,0,1,30,2,2,1,0,0,1,25.0,19.0,deux_roues,voiture,1,2,1,1,2
201900050711,2019-07-14 02:20:00,2019,7,14,2,20,88,88500,Cd 43 le Daval,47.94244,6.845485,Nuit sans éclairage public,Hors agglomération,Hors intersection,Normale,Deux véhicules - frontale,3,2,2,0,1,1,1,0,1,80,2,3,0,0,2,1,52.0,44.0,voiture,voiture,3,1,1,1,1
201900050712,2019-07-08 13:10:00,2019,7,8,13,10,74,74268,"196, Route de Sacconges (Seynod)",45.8727107,6.1003979,Plein jour,En agglomération,Intersection en T,Normale,Deux véhicules - côté,3,2,2,0,2,1,1,5,1,50,2,2,1,0,0,1,46.0,63.0,voiture,voiture,1,2,3,1,3
201900050713,2019-03-29 12:20:00,2019,3,29,12,20,64,64445,FOUCHET,43.31301,-0.3699,Plein jour,En agglomération,Hors intersection,Normale,Deux véhicules - arrière,4,2,2,0,1,1,1,0,1,50,2,3,2,0,0,1,16.0,23.0,voiture,voiture,1,2,1,1,2
201900050714,2019-07-14 13:20:00,2019,7,14,13,20,33,33199,a.660 pk 021+700,44.61515,-1.09658,Plein jour,Hors agglomération,Hors intersection,Normale,Deux véhicules - arrière,1,3,4,0,1,1,1,0,1,90,2,5,3,0,0,2,18.0,22.0,voiture,voiture,1,1,1,1,2
201900050715,2019-07-12 18:40:00,2019,7,12,18,40,34,34172,A709,43.601972,3.922429,Plein jour,Hors agglomération,Hors intersection,Normale,Deux véhicules - arrière,1,1,5,0,1,1,1,0,8,90,2,2,1,0,0,1,26.0,24.0,voiture,voiture,1,1,1,1,2
201900050716,2019-07-15 04:30:00,2019,7,15,4,30,38,38053,A43,45.5956,5.2831,Crépuscule ou aube,Hors agglomération,Hors intersection,Normale,Sans collision,1,3,3,0,1,3,1,0,2,130,1,5,1,1,1,2,22.0,,voiture,,2,1,1,1,7
201900050717,2019-07-14 16:25:00,2019,7,14,16,25,60,60149,Autoroute A1 - PK 56.800 - Sens Paris / Lille,49.327832,2.6907151,Plein jour,Hors agglomération,Hors intersection,Normale,Autre collision,1,1,3,0,1,1,1,0,1,130,1,1,0,0,0,1,43.0,,voiture,,1,1,1,1,6
201900050718,2019-07-14 18:00:00,2019,7,14,18,0,976,97615,Boulevard du General de Gaulle,-12.798923,45.283558,Nuit avec éclairage allumé,En agglomération,Hors intersection,Normale,Sans collision,3,3,1,0,1,1,1,0,1,50,1,1,0,0,1,0,41.0,,deux_roues,,5,2,1,1,7
201900050719,2019-03-29 07:40:00,2019,3,29,7,40,64,64445,LEON BLUM,43.31762,-0.32997,Plein jour,En agglomération,Hors intersection,Normale,Deux véhicules - arrière,4,2,2,0,1,1,1,0,1,50,2,2,1,0,0,1,37.0,46.0,voiture,voiture,1,2,1,1,2
201900050720,2019-07-14 17:50:00,2019,7,14,17,50,973,97311,Route de Saint-Jean,5.4431373,-54.0381652,Plein jour,Hors agglomération,Hors intersection,Normale,Sans collision,3,2,2,0,1,2,1,0,3,90,1,3,0,0,3,0,27.0,,voiture,,1,1,1,1,7
201900050721,2019-03-29 06:15:00,2019,3,29,6,15,64,64445,CHANOINE LABORDE DU,43.30354,-0.36041,Crépuscule ou aube,En agglomération,Hors intersection,Normale,Deux véhicules - frontale,4,2,2,0,1,1,1,0,1,50,2,2,1,0,0,1,44.0,23.0,voiture,deux_roues,2,2,1,1,1
201900050722,2019-03-28 15:45:00,2019,3,28,15,45,64,64024,BAB (BOULEVARD DU),43.4941573,-1.5192585,Plein jour,En agglomération,Hors intersection,Normale,Deux véhicules - arrière,3,2,4,0,1,3,1,0,1,50,2,2,1,0,0,1,29.0,54.0,voiture,deux_roues,1,2,1,1,2
201900050723,2019-07-13 21:40:00,2019,7,13,21,40,973,97305,pk 16,4.9421281,-52.4138832,Nuit sans éclairage public,Hors agglomération,Hors intersection,Normale,Deux véhicules - frontale,2,2,2,0,1,1,1,0,6,80,2,2,1,0,1,0,43.0,23.0,deux_roues,voiture,3,1,1,1,1
201900050724,2019-03-27 18:45:00,2019,3,27,18,45,64,64024,BAYONNE (AVENUE DE),43.4804533,-1.5148753,Plein jour,En agglomération,Hors intersection,Normale,Deux véhicules - côté,3,2,2,0,1,1,1,8,1,50,2,2,1,0,1,0,39.0,45.0,voiture,voiture,1,2,1,1,3
201900050725,2019-07-15 07:50:00,2019,7,15,7,50,973,97305,PK11+900 - RN1,4.9192961,-52.3825121,Plein jour,Hors agglomération,Hors intersection,Normale,Trois véhicules et plus - collisions multiples,2,2,2,0,1,1,1,0,1,80,3,6,1,0,2,3,44.0,32.0,voiture,voiture,1,1,1,1,5
201900050726,2019-07-14 14:45:00,2019,7,14,14,45,37,37072,RD 751 PK PR 079.100,47.16674,0.241754,Plein jour,Hors agglomération,Hors intersection,Normale,Deux véhicules - frontale,3,2,2,0,1,1,1,0,1,80,2,3,1,0,1,1,54.0,56.0,voiture,voiture,1,1,1,1,1
201900050727,2019-07-14 09:15:00,2019,7,14,9,15,37,37089,12 Les Coteaux de Sonnay,47.160631,0.32995,Plein jour,En agglomération,Hors intersection,Normale,Deux véhicules - côté,3,2,2,0,2,3,1,0,1,50,2,2,1,0,1,0,32.0,27.0,deux_roues,voiture,1,2,1,1,3
201900050728,2019-03-24 11:55:00,2019,3,24,11,55,63,63193,RD 52/rue Dallet,45.77197,3.20828,Plein jour,Hors agglomération,Intersection en X,Normale,Deux véhicules - côté,7,2,4,0,2,1,1,0,1,80,2,2,0,0,1,1,40.0,75.0,voiture,voiture,1,1,2,1,3
201900050729,2019-06-25 08:30:00,2019,6,25,8,30,77,77448,D603 X RUE DU HAINAULT,48.94472,3.11033,Plein jour,Hors agglomération,Intersection en T,Normale,Deux véhicules - arrière,3,2,2,0,1,1,1,5,1,70,2,2,1,0,0,1,38.0,41.0,voiture,utilitaire_camion,1,1,3,1,2
201900050730,2019-03-27 21:10:00,2019,3,27,21,10,62,62617,COQUELICOTS (RUE DES),50.474,2.6748,Nuit avec éclairage allumé,En agglomération,Intersection en X,Normale,Deux véhicules - côté,4,2,2,0,1,1,1,5,1,50,2,3,1,0,0,2,56.0,16.0,voiture,deux_roues,5,2,2,1,3
201900050731,2019-07-13 09:50:00,2019,7,13,9,50,66,66182,Route Départementale 81,42.72187,3.0298,Plein jour,Hors agglomération,Hors intersection,Normale,Trois véhicules et plus - collisions multiples,3,2,2,0,1,1,1,0,1,80,5,6,2,0,1,3,22.0,65.0,voiture,voiture,1,1,1,1,5
201900050732,2019-07-14 11:00:00,2019,7,14,11,0,30,30080,Departementale 906,44.301377,3.977687,Plein jour,Hors agglomération,Hors intersection,Normale,Sans collision,3,2,2,0,2,2,1,0,1,80,1,1,0,0,1,0,21.0,,deux_roues,,1,1,1,1,7
201900050733,2019-03-25 19:45:00,2019,3,25,19,45,62,62065,VOLTAIRE,50.41728,2.84553,Nuit avec éclairage allumé,En agglomération,Hors intersection,Normale,Deux véhicules - frontale,3,2,2,0,1,3,1,0,1,50,2,5,0,0,1,4,36.0,35.0,voiture,voiture,5,2,1,1,1
201900050734,2019-03-30 20:50:00,2019,3,30,20,50,62,62480,F.T.P.F. (RUE DES ),50.49895,2.67796,Plein jour,En agglomération,Hors intersection,Temps éblouissant,Autre collision,7,2,2,0,1,1,1,5,1,50,1,1,0,0,1,0,21.0,,deux_roues,,1,2,1,7,6
201900050735,2019-03-28 15:00:00,2019,3,28,15,0,62,62193,CHAROST,50.9494,1.8567,Plein jour,En agglomération,Hors intersection,Normale,Deux véhicules - côté,4,1,1,0,1,1,1,0,2,50,2,2,0,0,0,2,37.0,23.0,deux_roues,deux_roues,1,2,1,1,3
201900050736,2019-07-14 18:40:00,2019,7,14,18,40,4,04152,RD 06 Valgas ,43.823593,5.752344,Plein jour,Hors agglomération,Hors intersection,Normale,Sans collision,3,2,2,0,3,3,1,0,8,70,1,1,0,0,1,0,23.0,,voiture,,1,1,1,1,7
201900050737,2019-03-30 13:50:00,2019,3,30,13,50,62,62480,F.T.P.F. (RUE DES ),50.49895,2.67796,Plein jour,En agglomération,Hors intersection,Temps éblouissant,Autre collision,4,2,2,0,1,1,1,0,1,50,1,2,1,0,1,0,28.0,,voiture,,1,2,1,7,6
201900050738,2019-07-15 16:40:00,2019,7,15,16,40,70,70279,RD 475 PK 4,47.424259,5.589115,Plein jour,Hors agglomération,Hors intersection,Normale,Sans collision,3,2,2,0,1,1,1,0,3,80,1,1,0,0,1,0,22.0,,utilitaire_camion,,1,1,1,1,7
201900050739,2019-03-30 15:40:00,2019,3,30,15,40,59,59279,LILLE (RUE DE),50.78606,3.127,Plein jour,En agglomération,Hors intersection,Normale,Deux véhicules - côté,7,2,2,0,1,1,1,0,1,10,2,2,1,0,0,1,,50.0,voiture,deux_roues,1,2,1,1,3
201900050740,2019-07-14 12:50:00,2019,7,14,12,50,70,70279,4 Rue de l'Aspirant Edmond Drouot,47.435892,5.594756,Plein jour,En agglomération,Hors intersection,Normale,Autre collision,4,2,2,0,4,1,1,0,8,50,1,1,0,1,0,0,41.0,,voiture,,1,2,1,1,6
201900050741,2019-07-15 07:10:00,2019,7,15,7,10,71,71382,Palissard,46.494096,3.89874,Plein jour,Hors agglomération,Hors intersection,Normale,Sans collision,3,1,1,0,1,2,1,0,3,80,1,1,0,1,0,0,19.0,,voiture,,1,1,1,1,7
201900050742,2019-07-13 01:30:00,2019,7,13,1,30,14,14060,Route départementale 35,49.247832,-0.276065,Nuit avec éclairage non allumé,En agglomération,Intersection en T,Normale,Autre collision,3,2,2,0,1,3,1,5,8,50,1,4,0,0,1,3,20.0,,voiture,,4,2,3,1,6
201900050743,2019-07-14 19:50:00,2019,7,14,19,50,80,80386,D935,49.715458,2.591214,Plein jour,Hors agglomération,Hors intersection,Normale,Autre collision,3,2,2,0,1,1,1,0,1,-1,1,3,0,0,0,3,19.0,,voiture,,1,1,1,1,6
201900050744,2019-03-18 13:00:00,2019,3,18,13,0,59,59343,DELORY GUSTAVE RUE,50.58545,3.10518,Plein jour,En agglomération,Intersection en X,Normale,Trois véhicules et plus - collisions multiples,7,2,2,0,1,1,1,0,1,50,3,3,0,0,0,3,21.0,20.0,voiture,voiture,1,2,2,1,5
201900050745,2019-07-14 23:45:00,2019,7,14,23,45,62,62014,Route Départementale 943,50.632789,2.38964,Nuit avec éclairage allumé,En agglomération,Hors intersection,Normale,Deux véhicules - arrière,3,3,2,0,1,1,1,0,1,50,2,3,0,0,0,3,31.0,19.0,voiture,voiture,5,2,1,1,2
201900050746,2019-07-09 14:30:00,2019,7,9,14,30,59,59268,45 rue du génral de Gaulle,50.639954,2.720191,Plein jour,En agglomération,Hors intersection,Normale,Autre collision,3,2,2,0,1,1,1,0,1,50,2,2,1,0,1,0,24.0,21.0,voiture,deux_roues,1,2,1,1,6
201900050747,2019-03-29 20:30:00,2019,3,29,20,30,59,59253,C.D. 935 (NOUVEAU ),50.43544,3.60344,Nuit sans éclairage public,En agglomération,Autre intersection,Normale,Autre collision,3,2,2,0,1,2,1,0,1,50,1,2,0,1,0,1,44.0,,voiture,,3,2,9,1,6
201900050748,2019-07-14 20:50:00,2019,7,14,20,50,13,13206,Tunnel Prado Carénage,43.28213,5.39411,Plein jour,Hors agglomération,Hors intersection,Normale,Sans collision,1,1,2,0,1,1,1,1,1,60,1,1,0,0,0,1,21.0,,voiture,,1,1,1,1,7
201900050749,2019-07-13 20:00:00,2019,7,13,20,0,13,13203,A557-Liaison A7 Marseille-A55 Marseille,43.320283,5.372343,Plein jour,Hors agglomération,Hors intersection,Normale,Autre collision,1,1,3,0,1,2,1,1,1,70,2,3,2,0,0,1,56.0,48.0,voiture,voiture,1,1,1,1,6
201900050750,2019-07-13 20:00:00,2019,7,13,20,0,13,13203,A557-Liaison A7 Marseille-A55 Marseille,43.320185,5.371937,Plein jour,Hors agglomération,Hors intersection,Normale,Deux véhicules - côté,1,1,3,0,1,2,1,1,1,70,2,6,4,0,0,2,55.0,20.0,voiture,voiture,1,1,1,1,3
201900050751,2019-07-14 20:20:00,2019,7,14,20,20,69,69081,A6   449.510 A 451.640,45.77614,4.78278,Plein jour,Hors agglomération,Hors intersection,Normale,Deux véhicules - arrière,1,1,4,0,2,1,1,0,1,70,2,2,1,0,1,0,30.0,48.0,deux_roues,voiture,1,1,1,1,2
201900050752,2019-07-14 07:20:00,2019,7,14,7,20,92,92036,A86,48.9335355,2.2742065,Plein jour,Hors agglomération,Hors intersection,Normale,Autre collision,1,1,1,0,1,3,1,3,1,50,1,2,0,0,0,2,31.0,,voiture,,1,1,1,1,6
201900050753,2019-07-12 16:15:00,2019,7,12,16,15,93,93051,A4,48.836351,2.553248,Plein jour,Hors agglomération,Hors intersection,Normale,Deux véhicules - arrière,1,3,4,0,1,1,1,0,1,110,2,4,2,0,0,2,40.0,44.0,voiture,voiture,1,1,1,1,2
201900050754,2019-07-11 19:00:00,2019,7,11,19,0,91,91027,MORANGIS (AVENUE DE),48.7056,2.35812,Plein jour,En agglomération,Intersection en Y,Normale,Deux véhicules - côté,4,2,2,1,1,1,1,0,3,50,2,2,1,0,0,1,61.0,27.0,utilitaire_camion,deux_roues,1,2,4,1,3
201900050755,2019-07-11 17:35:00,2019,7,11,17,35,91,91333,FAURE RAYMOND (RUE),48.61059,2.256657,Plein jour,En agglomération,Hors intersection,Normale,Sans collision,4,2,2,0,1,1,1,0,3,50,1,1,0,0,0,1,44.0,,voiture,,1,2,1,1,7
201900050756,2019-07-10 19:15:00,2019,7,10,19,15,83,83137,MARCHAND (AVE COMMANDANT),43.1262,5.9365,Plein jour,En agglomération,Hors intersection,Normale,Deux véhicules - arrière,4,1,2,1,2,2,1,0,1,50,2,2,1,0,0,1,51.0,69.0,voiture,voiture,1,2,1,1,2
201900050757,2019-07-11 20:30:00,2019,7,11,20,30,71,71040,FELIX CLERC (RUE),46.69682,4.3862,Plein jour,En agglomération,Hors intersection,Normale,Autre collision,4,2,2,0,1,1,1,0,1,50,1,1,0,0,0,1,38.0,,voiture,,1,2,1,1,6
201900050758,2019-07-12 09:30:00,2019,7,12,9,30,59,59350,TELL GUILLAUME RUE,50.63,3.02,Plein jour,En agglomération,Place,Normale,Deux véhicules - arrière,4,1,1,0,1,1,1,0,1,50,2,2,1,0,0,1,35.0,37.0,deux_roues,voiture,1,2,7,1,2
201900050759,2019-07-11 09:15:00,2019,7,11,9,15,51,51454,RUE ROGER SALENGRO,49.271691,4.02465,Plein jour,En agglomération,Intersection en X,Pluie légère,Deux véhicules - côté,4,2,2,0,1,1,2,0,1,50,2,3,2,0,0,1,24.0,67.0,utilitaire_camion,voiture,1,2,2,2,3
201900050760,2019-07-11 09:00:00,2019,7,11,9,0,44,44020,ROUTE DE PORNIC,47.18661,-1.59784,Plein jour,Hors agglomération,Giratoire,Normale,Deux véhicules - côté,7,4,0,0,1,2,2,5,1,30,2,2,0,1,0,1,20.0,22.0,utilitaire_camion,deux_roues,1,1,6,1,3
201900050761,2019-07-10 10:50:00,2019,7,10,10,50,34,34172,CHENAIE (RUE DE LA),43.6355119,3.8696222,Plein jour,En agglomération,Hors intersection,Normale,Autre collision,4,2,2,0,1,1,1,0,1,50,2,2,1,0,0,1,51.0,51.0,voiture,voiture,1,2,1,1,6
201900050762,2019-07-10 10:05:00,2019,7,10,10,5,27,27229,BENET (RUE ARMAND),49.02566,1.159179,Plein jour,En agglomération,Hors intersection,Normale,Deux véhicules - arrière,4,-1,2,0,1,1,1,0,1,50,2,2,1,0,0,1,65.0,49.0,deux_roues,voiture,1,2,1,1,2
201900050763,2019-06-10 08:55:00,2019,6,10,8,55,14,14118,ECHANGEUR N° 5 ( COTE DE NACRE ),49.20317,-0.3612,Plein jour,En agglomération,Hors intersection,Normale,Sans collision,4,1,2,0,1,2,1,9,1,50,1,1,0,0,0,1,18.0,,deux_roues,,1,2,1,1,7
201900050764,2019-07-10 14:15:00,2019,7,10,14,15,13,13201,LEVERRIER (PLACE),43.305996,5.393562,Plein jour,En agglomération,Giratoire,Normale,Deux véhicules - côté,4,1,1,0,1,2,1,5,1,50,2,2,1,0,0,1,62.0,18.0,voiture,deux_roues,1,2,6,1,3
201900050765,2019-07-07 18:18:00,2019,7,7,18,18,7,07281,C.D. 533 (VERS LE PUY),44.92838,4.79541,Plein jour,Hors agglomération,Hors intersection,Pluie légère,Autre collision,3,2,1,0,2,4,2,0,1,70,1,2,1,0,0,1,64.0,,voiture,,1,1,1,2,6
201900050766,2019-04-18 12:30:00,2019,4,18,12,30,63,63352,RD 720,45.468106,3.226984,Plein jour,Hors agglomération,Hors intersection,Normale,Deux véhicules - frontale,3,2,2,0,1,2,1,0,1,80,2,2,0,0,0,2,57.0,31.0,voiture,voiture,1,1,1,1,1
201900050767,2019-05-07 11:20:00,2019,5,7,11,20,63,63448,Place Saint-Roch/D999,45.473878,3.450765,Plein jour,En agglomération,Intersection en T,Normale,Autre collision,3,2,2,0,1,1,1,0,1,50,1,2,1,0,1,0,66.0,,voiture,,1,2,3,1,6
201900050768,2019-05-29 19:23:00,2019,5,29,19,23,63,63027,CD205,45.4776128,3.8196948,Plein jour,Hors agglomération,Hors intersection,Temps éblouissant,Sans collision,3,2,2,0,1,3,1,0,3,80,1,1,0,0,0,1,54.0,,deux_roues,,1,1,1,7,7
201900050769,2019-05-15 07:10:00,2019,5,15,7,10,63,63229,RD 10,45.7801069,3.344789,Plein jour,Hors agglomération,Hors intersection,Normale,Sans collision,3,2,2,0,1,1,1,0,8,80,1,1,0,0,1,0,44.0,,voiture,,1,1,1,1,7
201900050770,2019-05-01 14:55:00,2019,5,1,14,55,63,63155,Coutarade,45.6933106,3.4409048,Plein jour,Hors agglomération,Hors intersection,Normale,Sans collision,3,2,2,0,2,2,1,0,3,80,1,2,0,1,0,1,49.0,,voiture,,1,1,1,1,7
201900050771,2019-05-23 17:15:00,2019,5,23,17,15,61,61230,D8 LD LA SAUTELLERIE,48.525821,0.711924,Plein jour,Hors agglomération,Hors intersection,Normale,Deux véhicules - frontale,3,2,2,0,1,2,1,0,1,80,2,3,1,0,1,1,27.0,74.0,voiture,voiture,1,1,1,1,1
201900050772,2019-05-31 01:45:00,2019,5,31,1,45,61,61405,La Massuette,48.297755,0.752651,Nuit sans éclairage public,Hors agglomération,Intersection en T,Brouillard / fumée,Autre collision,3,2,2,0,2,3,1,0,3,80,1,2,0,1,1,0,24.0,,voiture,,3,1,3,5,6
201900050773,2019-05-04 07:35:00,2019,5,4,7,35,61,61208,D918,48.671332,0.672485,Plein jour,Hors agglomération,Hors intersection,Pluie forte,Autre collision,3,2,2,0,1,1,2,0,3,80,1,1,0,0,1,0,60.0,,voiture,,1,1,1,3,6
201900050774,2019-05-18 17:30:00,2019,5,18,17,30,61,61211,la bretonnière,48.514689,-0.553282,Plein jour,Hors agglomération,Hors intersection,Normale,Autre collision,3,2,2,0,1,2,1,0,3,80,1,1,0,0,1,0,52.0,,deux_roues,,1,1,1,1,6
201900050775,2019-05-05 15:30:00,2019,5,5,15,30,61,61063,Les Buissons,48.707113,-0.366004,Plein jour,Hors agglomération,Hors intersection,Normale,Deux véhicules - frontale,3,2,2,0,1,3,1,0,1,80,2,2,1,0,1,0,75.0,20.0,voiture,deux_roues,1,1,1,1,1
201900050776,2019-05-03 16:52:00,2019,5,3,16,52,61,61332,le cheney,48.705612,-0.338131,Plein jour,Hors agglomération,Hors intersection,Normale,Trois véhicules et plus - collisions multiples,3,2,2,0,2,1,1,0,1,80,3,3,2,0,0,1,79.0,22.0,voiture,utilitaire_camion,1,1,1,1,5
201900050777,2019-05-25 13:35:00,2019,5,25,13,35,61,61287,RD 962,48.816763,-0.564746,Plein jour,Hors agglomération,Hors intersection,Normale,Autre collision,3,2,3,0,2,3,1,0,3,80,1,1,0,0,1,0,19.0,,voiture,,1,1,1,1,6
201900050778,2019-05-14 19:10:00,2019,5,14,19,10,61,61069,D 1,48.872195,-0.434297,Plein jour,Hors agglomération,Hors intersection,Temps éblouissant,Deux véhicules - frontale,3,2,2,0,2,3,1,0,1,70,2,2,1,0,1,0,49.0,23.0,voiture,deux_roues,1,1,1,7,1
201900050779,2019-05-11 12:45:00,2019,5,11,12,45,61,61443,La Pannetière,48.73513,-0.639836,Plein jour,Hors agglomération,Autre intersection,Normale,Autre collision,3,2,2,0,1,1,1,0,3,70,1,1,0,0,0,1,19.0,,voiture,,1,1,9,1,6
201900050780,2019-05-04 18:35:00,2019,5,4,18,35,61,61011,"Route des Tisserands, LA VILLIERE",48.782965,-0.555943,Plein jour,Hors agglomération,Hors intersection,Normale,Trois véhicules et plus - collisions multiples,4,2,2,0,2,1,1,0,1,50,3,3,1,0,1,1,13.0,13.0,deux_roues,deux_roues,1,1,1,1,5
201900050781,2019-04-30 16:40:00,2019,4,30,16,40,61,61007,Les Clos (Athis-de-l'Orne),48.772197,-0.533965,Plein jour,Hors agglomération,Hors intersection,Normale,Deux véhicules - frontale,3,2,2,0,2,3,1,0,1,70,2,2,1,1,0,0,50.0,60.0,deux_roues,utilitaire_camion,1,1,1,1,1
201900050782,2019-05-05 01:25:00,2019,5,5,1,25,61,61163,Les Novalles,48.644399,-0.482325,Nuit sans éclairage public,Hors agglomération,Hors intersection,Normale,Autre collision,3,2,2,0,1,1,1,0,3,80,1,2,1,0,1,0,32.0,,voiture,,3,1,1,1,6
201900050783,2019-04-20 17:03:00,2019,4,20,17,3,61,61145,Le Pont de Caen (La Haute-Chapelle),48.602441,-0.643051,Plein jour,Hors agglomération,Intersection en T,Normale,Deux véhicules - arrière,3,2,3,1,2,1,1,5,1,80,2,2,1,0,1,0,26.0,61.0,deux_roues,voiture,1,1,3,1,2
201900050784,2019-05-24 17:20:00,2019,5,24,17,20,61,61072,"ROUTE DÉPARTEMENTALE 33, PK 15.500",48.964415,0.268475,Plein jour,Hors agglomération,Hors intersection,Normale,Deux véhicules - arrière,3,2,2,0,4,1,1,0,1,80,2,2,0,0,1,1,64.0,62.0,deux_roues,deux_roues,1,1,1,1,2