accident_id,datetime,annee,mois,jour,heure,minute,departement,commune_insee,adresse,latitude,longitude,luminosite,agglomeration,intersection,meteo,collision,catr,circ,nbv,vosp,prof,plan,surf,infra,situ,vma,nb_vehicules,nb_usagers,nb_indemnes,nb_tues,nb_blesses_hosp,nb_blesses_legers,age_cond_1,age_cond_2,veh_type_cond_1,veh_type_cond_2,lum_code,agg_code,int_code,atm_code,col_code
201900050785,2019-05-19 03:00:00,2019,5,19,3,0,61,61481,La Morandiere,48.63385,0.399155,Nuit sans éclairage public,Hors agglomération,Hors intersection,Brouillard / fumée,Autre collision,3,2,2,0,1,1,2,0,3,80,1,1,0,0,1,0,24.0,,voiture,,3,1,1,5,6
201900050786,2019-05-04 17:15:00,2019,5,4,17,15,55,55181,,49.238528,5.664199,Plein jour,Hors agglomération,Hors intersection,Normale,Autre collision,3,2,2,0,1,3,1,0,8,70,1,1,0,0,1,0,51.0,,deux_roues,,1,1,1,1,6
201900050787,2019-05-24 10:30:00,2019,5,24,10,30,55,55502,rond-point de la bécasse,49.491952,5.192909,Plein jour,En agglomération,Giratoire,Normale,Deux véhicules - côté,3,1,1,0,1,3,1,0,1,50,2,3,2,0,0,1,56.0,29.0,voiture,deux_roues,1,2,6,1,3
201900050788,2019-05-14 09:40:00,2019,5,14,9,40,55,55014,rue Bergère,49.147252,5.088807,Plein jour,En agglomération,Intersection en X,Normale,Deux véhicules - côté,3,2,2,0,1,1,1,0,1,50,2,3,1,0,1,1,65.0,52.0,deux_roues,deux_roues,1,2,2,1,3
201900050789,2019-05-07 17:41:00,2019,5,7,17,41,55,55523,route déparemntale 905,49.220682,5.35964,Plein jour,Hors agglomération,Hors intersection,Normale,Deux véhicules - frontale,3,2,2,0,1,2,1,0,1,80,2,5,1,0,1,3,43.0,38.0,utilitaire_camion,voiture,1,1,1,1,1
201900050790,2019-05-17 18:30:00,2019,5,17,18,30,55,55504,RN135,48.730146,5.233368,Plein jour,Hors agglomération,Autre intersection,Normale,Deux véhicules - côté,2,1,1,0,1,2,1,9,1,80,2,1,0,0,1,0,72.0,,deux_roues,,1,1,9,1,3
201900050791,2019-05-11 17:20:00,2019,5,11,17,20,55,55466,chemin rural,48.75077,5.326947,Plein jour,En agglomération,Hors intersection,Normale,Autre collision,4,2,2,0,1,1,1,0,8,50,1,1,0,1,0,0,37.0,,deux_roues,,1,2,1,1,6
201900050792,2019-05-01 04:35:00,2019,5,1,4,35,55,55488,2 Grand-Rue,48.734784,5.244036,Nuit sans éclairage public,En agglomération,Autre intersection,Brouillard / fumée,Autre collision,3,2,2,0,1,3,1,0,8,80,1,1,0,1,0,0,18.0,,voiture,,3,2,9,5,6
201900050793,2019-05-12 05:15:00,2019,5,12,5,15,49,49170,D308,47.656128,-0.503184,Nuit sans éclairage public,Hors agglomération,Autre intersection,Normale,Autre collision,3,2,2,0,1,1,1,5,1,80,1,2,0,0,1,1,18.0,,voiture,,3,1,9,1,6
201900050794,2019-05-03 17:40:00,2019,5,3,17,40,49,49176,5 rue du chemin de fer,47.628002,-0.723506,Plein jour,En agglomération,Autre intersection,Normale,Autre collision,4,2,2,0,1,1,1,0,1,30,2,2,1,0,1,0,33.0,13.0,voiture,deux_roues,1,2,9,1,6
201900050795,2019-05-07 18:45:00,2019,5,7,18,45,49,49367,CARREFOUR D 770 ET D 961,47.600496,-0.834384,Plein jour,En agglomération,Intersection en X,Normale,Trois véhicules et plus - collisions multiples,3,2,2,0,1,1,1,0,1,50,3,8,7,0,1,0,34.0,52.0,deux_roues,voiture,1,2,2,1,5
201900050796,2019-05-02 12:15:00,2019,5,2,12,15,49,49364,Fierbois,47.1611235,-0.2547939,Plein jour,Hors agglomération,Hors intersection,Normale,Deux véhicules - arrière,3,2,2,0,1,1,1,0,1,70,2,2,1,0,1,0,15.0,25.0,deux_roues,voiture,1,1,1,1,2
201900050797,2019-05-29 11:45:00,2019,5,29,11,45,49,49086,6 Rue du Commerce (Chavagnes),47.269267,-0.453776,Plein jour,En agglomération,Hors intersection,Normale,Autre collision,3,2,2,0,1,1,1,0,4,50,1,2,1,0,1,0,56.0,,voiture,,1,2,1,1,6
201900050798,2019-05-17 15:00:00,2019,5,17,15,0,49,49160,rue du pont,47.4029912,-0.920789,Plein jour,En agglomération,Intersection en X,Normale,Autre collision,3,2,2,0,2,1,1,5,1,50,2,2,1,0,1,0,53.0,52.0,voiture,deux_roues,1,2,2,1,6
201900050799,2019-05-18 17:20:00,2019,5,18,17,20,49,49160,Place du Champ de Foire (Ingrandes),47.40498,-0.921323,Plein jour,En agglomération,Hors intersection,Normale,Trois véhicules et plus - collisions multiples,4,2,2,0,2,3,1,9,1,50,3,3,2,0,1,0,47.0,17.0,voiture,deux_roues,1,2,1,1,5
201900050800,2019-05-22 10:00:00,2019,5,22,10,0,49,49129,La Petite Plesse,47.522551,-0.5099523,Plein jour,Hors agglomération,Hors intersection,Normale,Deux véhicules - frontale,3,2,2,0,1,1,1,0,1,70,2,2,1,0,1,0,45.0,18.0,deux_roues,voiture,1,1,1,1,1
201900050801,2019-05-17 17:30:00,2019,5,17,17,30,49,49149,D751 - D21 - proche de la Genaudière,47.357785,-0.326372,Plein jour,Hors agglomération,Intersection en X,Normale,Deux véhicules - côté,3,2,2,0,1,1,1,5,1,80,2,2,1,0,1,0,66.0,53.0,deux_roues,voiture,1,1,2,1,3
201900050802,2019-05-14 17:20:00,2019,5,14,17,20,12,12069,Route départementale 999,43.873762,2.666015,Plein jour,Hors agglomération,Hors intersection,Normale,Autre collision,3,2,2,0,1,1,1,0,3,80,1,1,0,0,1,0,55.0,,voiture,,1,1,1,1,6
201900050803,2019-05-04 10:15:00,2019,5,4,10,15,12,12186,route départementale 999,43.869988,2.587373,Plein jour,Hors agglomération,Hors intersection,Normale,Autre collision,3,2,2,0,2,2,1,0,3,80,1,1,0,0,1,0,54.0,,deux_roues,,1,1,1,1,6
201900050804,2019-05-09 18:30:00,2019,5,9,18,30,12,12006,Intersection D56 et D25,44.14147,2.651188,Plein jour,Hors agglomération,Intersection en T,Normale,Deux véhicules - côté,3,2,2,0,1,1,1,0,1,80,2,5,3,0,1,1,74.0,82.0,voiture,voiture,1,1,3,1,3
201900050805,2019-05-13 08:40:00,2019,5,13,8,40,12,12090,D994,44.368737,2.530118,Crépuscule ou aube,Hors agglomération,Intersection en X,Temps éblouissant,Deux véhicules - frontale,3,2,2,0,2,1,1,5,1,80,2,4,3,0,1,0,16.0,47.0,voiture,deux_roues,2,1,2,7,1
201900050806,2019-05-03 16:20:00,2019,5,3,16,20,42,42052,route de fleury,46.17481,4.147435,Plein jour,Hors agglomération,Hors intersection,Normale,Deux véhicules - arrière,3,2,2,0,2,1,1,0,1,80,2,2,1,0,1,0,15.0,50.0,deux_roues,voiture,1,1,1,1,2
201900050807,2019-05-03 09:00:00,2019,5,3,9,0,42,42254,Route NATIONALE 82,45.849157,4.171032,Plein jour,Hors agglomération,Hors intersection,Temps couvert,Deux véhicules - arrière,2,2,4,0,1,1,2,0,1,-1,2,3,0,0,0,3,37.0,48.0,voiture,voiture,1,1,1,8,2
201900050808,2019-05-30 15:10:00,2019,5,30,15,10,42,42264,rd 6,45.58834,4.371664,Plein jour,Hors agglomération,Intersection en X,Normale,Trois véhicules et plus - en chaîne,3,2,1,0,1,1,1,0,1,80,3,5,4,0,1,0,24.0,24.0,deux_roues,deux_roues,1,1,2,1,4
201900050809,2019-05-24 15:25:00,2019,5,24,15,25,42,42222,boulevard thilolliere de l'isle,45.588647,4.318582,Plein jour,En agglomération,Hors intersection,Temps éblouissant,Autre collision,3,2,2,0,2,3,1,0,1,30,1,2,1,0,1,0,30.0,,voiture,,1,2,1,7,6
201900050810,2019-05-14 18:30:00,2019,5,14,18,30,42,42323,7 Avenue Irénée Laurent,45.566729,4.293828,Plein jour,En agglomération,Hors intersection,Normale,Autre collision,3,2,2,0,1,1,1,0,1,50,1,2,1,0,1,0,61.0,,voiture,,1,2,1,1,6
201900050811,2019-05-31 15:00:00,2019,5,31,15,0,42,42006,245 Route de Saint-Maurice,45.383074,3.997678,Plein jour,En agglomération,Hors intersection,Normale,Autre collision,3,2,2,0,1,2,1,0,1,50,1,1,0,0,0,1,25.0,,deux_roues,,1,2,1,1,6
201900050812,2019-05-26 17:00:00,2019,5,26,17,0,42,42050,Route départementale 96,45.476222,3.969256,Plein jour,Hors agglomération,Hors intersection,Normale,Autre collision,3,2,2,0,2,3,1,0,1,80,1,2,0,0,1,1,41.0,,voiture,,1,1,1,1,6
201900050813,2019-05-04 13:20:00,2019,5,4,13,20,46,46028,"D20, PK 27.200",44.929506,1.740058,Plein jour,Hors agglomération,Intersection en X,Pluie légère,Deux véhicules - côté,3,2,2,0,1,1,2,0,1,80,2,2,1,0,1,0,28.0,77.0,voiture,voiture,1,1,2,2,3
201900050814,2019-05-28 18:45:00,2019,5,28,18,45,46,46240,RD 840,44.820843,1.659934,Plein jour,Hors agglomération,Hors intersection,Pluie forte,Deux véhicules - frontale,3,2,2,0,1,3,2,0,1,80,2,2,1,0,1,0,54.0,27.0,voiture,utilitaire_camion,1,1,1,3,1
201900050815,2019-05-25 21:45:00,2019,5,25,21,45,46,46297,D673 - PK 82 + 250,44.552729,1.588583,Nuit sans éclairage public,Hors agglomération,Hors intersection,Normale,Deux véhicules - frontale,3,2,2,0,1,1,1,0,1,80,2,6,4,0,1,1,47.0,35.0,voiture,voiture,3,1,1,1,1
201900050816,2019-05-11 07:30:00,2019,5,11,7,30,46,46072,D12,44.689138,1.363032,Crépuscule ou aube,Hors agglomération,Hors intersection,Normale,Autre collision,3,2,2,0,1,2,1,0,3,80,1,1,0,0,1,0,30.0,,voiture,,2,1,1,1,6
201900050817,2019-05-04 18:20:00,2019,5,4,18,20,46,46194,Le Baillargal,44.787554,1.36811,Plein jour,Hors agglomération,Hors intersection,Pluie légère,Autre collision,3,2,2,0,1,3,2,0,3,80,1,1,0,1,0,0,19.0,,voiture,,1,1,1,2,6
201900050818,2019-05-03 17:50:00,2019,5,3,17,50,46,46284,la croix blanche,44.90205,1.853527,Plein jour,Hors agglomération,Hors intersection,Temps couvert,Deux véhicules - arrière,3,2,2,0,3,1,1,0,1,80,2,3,1,0,1,1,27.0,37.0,deux_roues,utilitaire_camion,1,1,1,8,2
201900050819,2019-05-06 15:00:00,2019,5,6,15,0,46,46203,La vitarelle,44.739775,2.01705,Plein jour,En agglomération,Hors intersection,Normale,Autre collision,3,2,2,0,1,1,1,0,1,50,1,1,0,0,1,0,79.0,,deux_roues,,1,2,1,1,6
201900050820,2019-05-07 12:20:00,2019,5,7,12,20,46,46231,48 Rue Ernest Marcouly,44.504912,1.138493,Plein jour,En agglomération,Hors intersection,Normale,Autre collision,3,2,2,0,1,3,1,0,1,30,1,2,1,0,0,1,64.0,,voiture,,1,2,1,1,6
201900050821,2019-05-02 11:20:00,2019,5,2,11,20,46,46231,Carrefour RD811-RD44,44.5018,1.145865,Plein jour,Hors agglomération,Intersection en T,Normale,Autre collision,3,2,2,0,1,1,1,0,4,70,1,1,0,1,0,0,29.0,,voiture,,1,1,3,1,6
201900050822,2019-05-27 14:00:00,2019,5,27,14,0,47,47252,Le Bousquet,44.3805285,0.5737756,Plein jour,Hors agglomération,Intersection en X,Normale,Deux véhicules - côté,4,2,2,0,1,1,1,0,1,80,2,2,1,0,1,0,17.0,83.0,deux_roues,voiture,1,1,2,1,3
201900050823,2019-05-21 12:00:00,2019,5,21,12,0,47,47252,Route d'Agen Zone de Nombel,44.389004,0.584444,Plein jour,Hors agglomération,Hors intersection,Normale,Autre collision,4,2,2,0,1,1,1,0,3,80,1,2,1,0,1,0,24.0,,voiture,,1,1,1,1,6
201900050824,2019-05-29 16:40:00,2019,5,29,16,40,47,47315,Michounet,44.4279984,0.847889,Plein jour,Hors agglomération,Hors intersection,Normale,Deux véhicules - frontale,3,2,2,0,1,3,1,0,1,80,2,4,1,0,0,3,47.0,57.0,utilitaire_camion,voiture,1,1,1,1,1
201900050825,2019-05-27 17:45:00,2019,5,27,17,45,47,47195,9 Avenue Jean Jaurès,44.133552,0.3454441,Plein jour,En agglomération,Intersection en T,Pluie légère,Deux véhicules - côté,3,2,2,0,1,1,2,0,1,50,2,2,1,0,0,1,21.0,47.0,voiture,voiture,1,2,3,2,3
201900050826,2019-05-27 06:55:00,2019,5,27,6,55,47,47127,D666,44.351807,0.425163,Crépuscule ou aube,Hors agglomération,Hors intersection,Normale,Deux véhicules - arrière,3,2,1,0,1,1,1,0,1,80,2,2,1,0,1,0,19.0,59.0,voiture,deux_roues,2,1,1,1,2
201900050827,2019-05-23 11:15:00,2019,5,23,11,15,47,47065,RD 911,44.368008,0.362335,Plein jour,Hors agglomération,Intersection en T,Normale,Deux véhicules - côté,3,2,2,0,3,3,1,0,1,80,2,2,1,0,1,0,54.0,44.0,voiture,deux_roues,1,1,3,1,3
201900050828,2019-05-11 06:40:00,2019,5,11,6,40,47,47310,D813,44.3837412,0.3183334,Plein jour,En agglomération,Intersection en X,Normale,Autre collision,3,2,2,0,2,3,1,5,1,50,1,3,0,1,1,1,26.0,,voiture,,1,2,2,1,6
201900050829,2019-05-25 11:00:00,2019,5,25,11,0,47,47289,le bourg,44.225286,0.797562,Plein jour,En agglomération,Hors intersection,Normale,Autre collision,3,2,2,0,1,1,1,0,1,50,1,2,1,0,1,0,27.0,,utilitaire_camion,,1,2,1,1,6
201900050830,2019-05-02 11:00:00,2019,5,2,11,0,47,47128,Bout de l'Ile,44.157636,0.707075,Plein jour,Hors agglomération,Hors intersection,Temps couvert,Autre collision,3,2,2,0,1,1,1,2,1,15,1,2,1,0,1,0,89.0,,voiture,,1,1,1,8,6
201900050831,2019-05-12 15:18:00,2019,5,12,15,18,47,47038,d205,44.318771,0.400975,Plein jour,Hors agglomération,Hors intersection,Normale,Autre collision,3,2,2,0,3,2,1,0,3,80,1,1,0,1,0,0,22.0,,voiture,,1,1,1,1,6
201900050832,2019-05-03 15:30:00,2019,5,3,15,30,41,41143,Rue Leroy,47.982436,0.902511,Plein jour,En agglomération,Hors intersection,Normale,Autre collision,6,-1,-1,0,1,1,1,0,8,30,1,2,1,0,1,0,28.0,,voiture,,1,2,1,1,6
201900050833,2019-05-01 14:45:00,2019,5,1,14,45,41,41014,La Croix d'Aigre,47.933645,0.97122,Plein jour,Hors agglomération,Hors intersection,Normale,Sans collision,3,2,2,0,1,1,1,0,3,80,1,1,0,0,0,1,33.0,,deux_roues,,1,1,1,1,7
201900050834,2019-05-13 18:40:00,2019,5,13,18,40,41,41296,Le Rabot,47.652288,1.987522,Plein jour,Hors agglomération,Hors intersection,Normale,Deux véhicules - côté,3,2,2,0,1,1,1,0,1,80,2,3,2,0,1,0,22.0,58.0,voiture,deux_roues,1,1,1,1,3
201900050835,2019-05-04 18:15:00,2019,5,4,18,15,41,41249,d724,47.443121,2.246656,Plein jour,Hors agglomération,Hors intersection,Temps couvert,Sans collision,3,2,2,0,1,1,8,0,1,80,1,1,0,0,1,0,46.0,,deux_roues,,1,1,1,8,7
201900050836,2019-05-26 17:50:00,2019,5,26,17,50,41,41146,RD 85,47.361395,1.270622,Plein jour,Hors agglomération,Hors intersection,Normale,Sans collision,3,2,2,0,1,2,1,0,3,80,1,2,0,0,1,1,49.0,,voiture,,1,1,1,1,7
201900050837,2019-05-14 17:45:00,2019,5,14,17,45,41,41059,Départementale 122,47.418152,1.479367,Plein jour,Hors agglomération,Hors intersection,Normale,Deux véhicules - arrière,3,2,2,0,1,1,1,0,1,80,2,2,1,0,0,1,18.0,60.0,deux_roues,utilitaire_camion,1,1,1,1,2
201900050838,2019-05-12 05:30:00,2019,5,12,5,30,29,29043,Route de Saint-Urbain,48.368273,-4.25625,Nuit sans éclairage public,Hors agglomération,Hors intersection,Normale,Sans collision,4,2,2,0,2,2,1,0,1,70,1,1,0,0,1,0,17.0,,deux_roues,,3,1,1,1,7
201900050839,2019-05-22 11:45:00,2019,5,22,11,45,86,86300,RD 62,46.674687,0.223396,Plein jour,Hors agglomération,Intersection en X,Normale,Deux véhicules - côté,3,2,2,0,1,1,1,0,1,80,2,5,3,0,2,0,38.0,86.0,utilitaire_camion,voiture,1,1,2,1,3
201900050840,2019-05-19 18:50:00,2019,5,19,18,50,86,86002,boudet,46.763578,0.154474,Plein jour,Hors agglomération,Intersection en X,Temps éblouissant,Deux véhicules - côté,3,2,2,0,1,1,1,0,1,80,2,2,1,0,1,0,23.0,77.0,voiture,voiture,1,1,2,7,3
201900050841,2019-05-16 10:25:00,2019,5,16,10,25,86,86277,RD18 / RD24,46.732814,0.192318,Plein jour,Hors agglomération,Intersection en X,Temps éblouissant,Deux véhicules - côté,3,2,2,0,1,1,1,0,1,80,2,2,1,0,1,0,29.0,62.0,utilitaire_camion,voiture,1,1,2,7,3
201900050842,2019-05-02 09:30:00,2019,5,2,9,30,86,86178,Allée du Champ de Foire,46.485394,0.454904,Plein jour,En agglomération,Hors intersection,Normale,Autre collision,3,2,2,0,1,1,1,0,1,50,1,2,1,0,1,0,37.0,,voiture,,1,2,1,1,6
201900050843,2019-05-10 17:00:00,2019,5,10,17,0,34,34239,Rue Pierre de Coubertin,43.65369,3.499326,Plein jour,En agglomération,Hors intersection,Normale,Autre collision,4,2,2,0,1,1,1,0,1,50,1,2,1,0,1,0,50.0,,voiture,,1,2,1,1,6
201900050844,2019-05-07 08:30:00,2019,5,7,8,30,34,34241,RD131,43.60819,3.54558,Plein jour,Hors agglomération,Hors intersection,Normale,Autre collision,3,2,2,0,1,1,1,0,3,80,1,3,1,0,0,2,39.0,,transport_commun,,1,1,1,1,6
201900050845,2019-05-02 18:45:00,2019,5,2,18,45,34,34281,Route de Villeveyrac,43.52745,3.546447,Plein jour,Hors agglomération,Hors intersection,Normale,Deux véhicules - frontale,3,2,2,0,1,4,1,0,1,80,2,2,1,0,1,0,29.0,57.0,voiture,voiture,1,1,1,1,1
201900050846,2019-05-01 15:30:00,2019,5,1,15,30,34,34079,Route de Bédarieux,43.608017,3.379678,Plein jour,Hors agglomération,Hors intersection,Normale,Deux véhicules - côté,3,2,2,0,2,3,1,0,1,80,2,2,1,0,1,0,38.0,20.0,voiture,deux_roues,1,1,1,1,3
201900050847,2019-05-21 17:20:00,2019,5,21,17,20,34,34188,D157,43.7065599,3.2875306,Plein jour,Hors agglomération,Intersection en Y,Normale,Sans collision,3,2,2,0,2,2,9,0,1,50,1,2,1,0,1,0,35.0,,deux_roues,,1,1,4,1,7
201900050848,2019-05-11 11:50:00,2019,5,11,11,50,34,34305,Départementale 907 - hameau La Roque,43.546739,2.741782,Plein jour,Hors agglomération,Intersection en Y,Pluie légère,Deux véhicules - côté,3,2,2,0,2,1,2,0,1,80,2,2,1,0,1,0,41.0,28.0,deux_roues,utilitaire_camion,1,1,4,2,3
201900050849,2019-05-25 21:00:00,2019,5,25,21,0,34,34094,RD15,43.43266,3.256103,Crépuscule ou aube,Hors agglomération,Hors intersection,Normale,Autre collision,3,2,2,0,3,2,1,0,1,80,1,2,0,0,1,1,27.0,,voiture,,2,1,1,1,6
201900050850,2019-05-06 08:40:00,2019,5,6,8,40,34,34223,D909,43.443411,3.214324,Plein jour,Hors agglomération,Hors intersection,Normale,Deux véhicules - frontale,3,2,2,0,1,2,1,0,1,80,2,2,0,0,0,2,54.0,77.0,voiture,voiture,1,1,1,1,1
201900050851,2019-05-26 13:00:00,2019,5,26,13,0,34,34235,D22,43.6659802,3.0036008,Plein jour,Hors agglomération,Hors intersection,Normale,Sans collision,3,2,2,0,2,3,1,0,8,90,1,2,0,0,1,1,42.0,,voiture,,1,1,1,1,7
201900050852,2019-05-25 14:30:00,2019,5,25,14,30,68,68201,23 Rue du Lieutenant-Colonel Gambiez (Masevaux),47.769301,6.993272,Plein jour,En agglomération,Intersection en X,Normale,Deux véhicules - côté,3,2,2,0,2,1,1,0,1,50,2,3,1,0,2,0,51.0,60.0,voiture,deux_roues,1,2,2,1,3
201900050853,2019-05-16 14:10:00,2019,5,16,14,10,68,68082,ROUTE DÉPARTEMENTALE 2,47.850538,7.324531,Plein jour,Hors agglomération,Hors intersection,Normale,Deux véhicules - frontale,3,2,2,0,1,2,1,0,1,80,2,2,1,1,0,0,72.0,56.0,voiture,voiture,1,1,1,1,1
201900050854,2019-05-13 07:00:00,2019,5,13,7,0,68,68228,Cd Route Departementale 201,47.923901,7.357464,Plein jour,Hors agglomération,Intersection en T,Temps éblouissant,Deux véhicules - côté,1,1,-1,-1,2,3,1,3,1,70,2,2,1,0,1,0,48.0,16.0,voiture,deux_roues,1,1,3,7,3
201900050855,2019-05-10 23:55:00,2019,5,10,23,55,68,68039,rue d'ALTKIRCH,47.537788,7.222434,Nuit sans éclairage public,Hors agglomération,Hors intersection,Pluie légère,Sans collision,4,2,2,0,2,3,2,0,3,50,1,1,0,0,1,0,26.0,,deux_roues,,3,1,1,2,7
201900050856,2019-05-23 01:00:00,2019,5,23,1,0,68,68085,D483,47.715688,7.061195,Nuit sans éclairage public,Hors agglomération,Autre intersection,Normale,Deux véhicules - arrière,3,2,3,0,1,2,1,9,6,80,2,2,1,1,0,0,25.0,20.0,voiture,utilitaire_camion,3,1,9,1,2
201900050857,2019-05-15 18:15:00,2019,5,15,18,15,68,68052,RD 483,47.714834,7.063079,Plein jour,Hors agglomération,Hors intersection,Normale,Sans collision,3,2,3,0,1,1,1,0,3,90,1,1,0,0,0,1,23.0,,voiture,,1,1,1,1,7
201900050858,2019-04-30 11:52:00,2019,4,30,11,52,68,68077,44 Rue de la Croix,47.662622,7.184248,Plein jour,En agglomération,Hors intersection,Normale,Autre collision,4,2,2,0,2,2,1,0,3,50,1,1,0,0,0,1,23.0,,deux_roues,,1,2,1,1,6
201900050859,2019-04-26 13:30:00,2019,4,26,13,30,68,68374,Route d'Eguisheim,48.085336,7.310374,Plein jour,En agglomération,Intersection en T,Pluie légère,Deux véhicules - côté,3,-1,2,0,1,1,2,5,1,50,2,2,1,0,0,1,31.0,16.0,voiture,deux_roues,1,2,3,2,3
201900050860,2019-04-11 15:55:00,2019,4,11,15,55,68,68374,Rue Acker,48.088217,7.316191,Plein jour,En agglomération,Intersection en T,Normale,Deux véhicules - côté,4,2,2,0,1,1,1,0,1,50,2,3,2,0,0,1,40.0,31.0,deux_roues,voiture,1,2,3,1,3
201900050861,2019-05-11 23:20:00,2019,5,11,23,20,22,22247,GARDENN MARICHAL,48.7235247,-3.2375014,Nuit sans éclairage public,En agglomération,Hors intersection,Normale,Sans collision,4,-1,2,0,1,1,1,0,1,50,1,2,0,0,1,1,38.0,,deux_roues,,3,2,1,1,7
201900050862,2019-05-10 17:00:00,2019,5,10,17,0,22,22152,Chemin de la Corderie,48.778755,-3.238631,Plein jour,En agglomération,Hors intersection,Normale,Deux véhicules - arrière,9,2,2,0,1,1,1,0,1,50,2,3,2,0,0,1,40.0,15.0,voiture,deux_roues,1,2,1,1,2
201900050863,2019-05-09 17:50:00,2019,5,9,17,50,22,22322,bois meur D24,48.4855649,-3.0739814,Plein jour,Hors agglomération,Hors intersection,Normale,Sans collision,3,2,2,0,1,1,1,0,3,80,1,1,0,0,1,0,24.0,,voiture,,1,1,1,1,7
201900050864,2019-05-05 11:00:00,2019,5,5,11,0,22,22031,Toull Blei,48.3735939,-3.5474569,Plein jour,Hors agglomération,Hors intersection,Normale,Deux véhicules - côté,3,2,2,0,2,1,1,0,1,80,2,2,1,0,1,0,75.0,56.0,voiture,utilitaire_camion,1,1,1,1,3
201900050865,2019-05-25 00:15:00,2019,5,25,0,15,22,22258,Saint-Blaise,48.406888,-2.623658,Nuit sans éclairage public,Hors agglomération,Hors intersection,Normale,Deux véhicules - frontale,3,2,2,0,1,2,1,0,1,80,2,6,3,0,1,2,20.0,35.0,voiture,voiture,3,1,1,1,1
201900050866,2019-05-10 17:35:00,2019,5,10,17,35,22,22236,Route Départementale 7,48.677459,-3.019513,Plein jour,Hors agglomération,Hors intersection,Pluie légère,Deux véhicules - arrière,3,3,4,0,1,3,2,0,1,110,2,2,1,0,0,1,32.0,31.0,utilitaire_camion,voiture,1,1,1,2,2
201900050867,2019-05-01 16:25:00,2019,5,1,16,25,39,39258,,46.500802,5.91509,Plein jour,Hors agglomération,Intersection en Y,Normale,Deux véhicules - côté,3,-1,2,0,1,1,1,0,1,80,2,3,2,0,1,0,72.0,24.0,voiture,deux_roues,1,1,4,1,3
201900050868,2019-05-27 16:15:00,2019,5,27,16,15,39,39478,28 Avenue de la Gare,46.391596,5.860971,Plein jour,En agglomération,Hors intersection,Normale,Autre collision,4,2,2,0,1,1,1,0,1,50,1,2,1,0,0,1,89.0,,voiture,,1,2,1,1,6
201900050869,2019-05-25 13:27:00,2019,5,25,13,27,39,39286,,46.386033,5.778243,Plein jour,Hors agglomération,Hors intersection,Normale,Trois véhicules et plus - en chaîne,3,2,2,0,2,1,1,0,1,80,3,3,1,0,1,1,24.0,23.0,deux_roues,deux_roues,1,1,1,1,4
201900050870,2019-05-09 10:05:00,2019,5,9,10,5,39,39286,,46.384539,5.774802,Plein jour,Hors agglomération,Hors intersection,Normale,Deux véhicules - frontale,3,2,2,0,2,3,1,0,1,80,2,2,0,0,1,1,19.0,49.0,voiture,voiture,1,1,1,1,1
201900050871,2019-05-11 18:30:00,2019,5,11,18,30,39,39189,,47.076648,5.412699,Plein jour,En agglomération,Hors intersection,Normale,Autre collision,3,2,2,0,2,1,1,0,3,50,1,2,0,0,1,1,26.0,,voiture,,1,2,1,1,6
201900050872,2019-05-04 17:50:00,2019,5,4,17,50,39,39338,,47.013462,5.414793,Plein jour,Hors agglomération,Hors intersection,Pluie forte,Deux véhicules - arrière,9,2,1,0,1,1,2,2,1,30,2,4,1,1,1,1,20.0,19.0,voiture,voiture,1,1,1,3,2
201900050873,2019-05-10 08:00:00,2019,5,10,8,0,25,25411,29 Rue de la Louhière,47.060662,6.605924,Plein jour,En agglomération,Giratoire,Pluie légère,Autre collision,3,2,2,0,1,1,2,5,1,50,1,2,1,0,0,1,58.0,,voiture,,1,2,6,2,6
201900050874,2019-05-04 19:30:00,2019,5,4,19,30,25,25042,CD 437,47.118771,6.696248,Crépuscule ou aube,Hors agglomération,Hors intersection,Neige / grêle,Deux véhicules - côté,3,2,2,0,1,4,5,0,1,80,2,5,0,3,0,2,39.0,31.0,voiture,voiture,2,1,1,4,3
201900050875,2019-05-29 14:30:00,2019,5,29,14,30,25,25052,D30 PK 35+400,47.219608,6.361272,Plein jour,Hors agglomération,Hors intersection,Normale,Deux véhicules - côté,3,2,2,0,1,3,1,0,1,80,2,2,1,0,1,0,59.0,29.0,deux_roues,utilitaire_camion,1,1,1,1,3
201900050876,2019-05-14 06:30:00,2019,5,14,6,30,25,25022,RD33 - PK 00+500,47.531594,6.648869,Crépuscule ou aube,Hors agglomération,Hors intersection,Normale,Sans collision,3,2,2,0,2,3,1,0,1,80,1,1,0,0,1,0,48.0,,deux_roues,,2,1,1,1,7
201900050877,2019-05-19 16:40:00,2019,5,19,16,40,25,25084,D105-D107,47.144423,5.889981,Plein jour,Hors agglomération,Intersection en X,Pluie légère,Deux véhicules - côté,3,2,2,0,1,1,2,0,1,80,2,2,1,1,0,0,82.0,51.0,deux_roues,voiture,1,1,2,2,3
201900050878,2019-04-30 17:35:00,2019,4,30,17,35,25,25466,D673,47.194849,5.854161,Plein jour,Hors agglomération,Autre intersection,Normale,Deux véhicules - arrière,3,2,2,0,3,1,1,0,1,80,2,3,2,0,1,0,27.0,51.0,voiture,deux_roues,1,1,9,1,2