accident_id,datetime,annee,mois,jour,heure,minute,departement,commune_insee,adresse,latitude,longitude,luminosite,agglomeration,intersection,meteo,collision,catr,circ,nbv,vosp,prof,plan,surf,infra,situ,vma,nb_vehicules,nb_usagers,nb_indemnes,nb_tues,nb_blesses_hosp,nb_blesses_legers,age_cond_1,age_cond_2,veh_type_cond_1,veh_type_cond_2,lum_code,agg_code,int_code,atm_code,col_code
201900050879,2019-05-13 15:00:00,2019,5,13,15,0,44,44139,RD 3,47.468142,-1.923127,Plein jour,Hors agglomération,Hors intersection,Normale,Autre collision,3,2,2,0,1,2,1,0,3,80,1,2,0,0,2,0,19.0,,voiture,,1,1,1,1,6
201900050880,2019-05-05 20:30:00,2019,5,5,20,30,44,44152,hessin,47.466974,-2.005192,Crépuscule ou aube,Hors agglomération,Intersection en X,Normale,Deux véhicules - côté,3,2,2,0,1,1,1,0,1,70,2,2,0,0,1,1,58.0,23.0,voiture,deux_roues,2,1,2,1,3
201900050881,2019-05-21 16:20:00,2019,5,21,16,20,44,44010,Rue Olivier Guichard,47.278445,-2.464434,Plein jour,En agglomération,Hors intersection,Normale,Deux véhicules - arrière,3,2,2,2,1,1,1,0,5,50,2,2,1,0,1,0,50.0,72.0,utilitaire_camion,deux_roues,1,2,1,1,2
201900050882,2019-05-12 20:25:00,2019,5,12,20,25,44,44030,Rue de la Brière,47.446553,-2.242933,Plein jour,En agglomération,Intersection en X,Normale,Deux véhicules - côté,4,1,1,0,1,1,1,0,1,30,2,3,2,1,0,0,15.0,74.0,deux_roues,autre,1,2,2,1,3
201900050883,2019-05-07 17:00:00,2019,5,7,17,0,44,44069,Route de Cogea,47.3445702,-2.3527449,Plein jour,Hors agglomération,Intersection en X,Normale,Deux véhicules - côté,3,2,2,0,1,3,1,0,1,70,2,2,1,0,1,0,17.0,33.0,deux_roues,voiture,1,1,2,1,3
201900050884,2019-05-03 18:05:00,2019,5,3,18,5,44,44081,le breuil - rue du puits,46.8899616,-1.6280142,Plein jour,Hors agglomération,Hors intersection,Normale,Autre collision,4,2,2,0,1,3,1,0,3,50,1,1,0,1,0,0,78.0,,voiture,,1,1,1,1,6
201900050885,2019-05-15 22:25:00,2019,5,15,22,25,44,44120,Rue de la Jouardais,47.197169,-1.758175,Nuit avec éclairage allumé,En agglomération,Hors intersection,Normale,Sans collision,4,2,2,0,1,1,1,0,1,50,1,2,1,0,1,0,33.0,,deux_roues,,5,2,1,1,7
201900050886,2019-05-06 17:40:00,2019,5,6,17,40,44,44084,Rue de Saint-Barthélemy,47.246454,-1.350978,Plein jour,Hors agglomération,Intersection en X,Normale,Trois véhicules et plus - collisions multiples,3,2,2,0,2,1,1,0,1,80,3,3,2,0,1,0,37.0,19.0,voiture,deux_roues,1,1,2,1,5
201900050887,2019-05-25 10:00:00,2019,5,25,10,0,44,44002,Rue du Fief,47.07476,-1.414845,Plein jour,En agglomération,Hors intersection,Normale,Autre collision,6,-1,0,0,1,1,1,0,8,-1,1,1,0,0,1,0,52.0,,deux_roues,,1,2,1,1,6
201900050888,2019-05-18 17:10:00,2019,5,18,17,10,44,44131,Avenue de la Noeveillard,47.11131,-2.112063,Plein jour,En agglomération,Hors intersection,Normale,Deux véhicules - côté,9,1,1,1,1,1,1,0,1,-1,2,2,1,0,0,1,59.0,50.0,deux_roues,deux_roues,1,2,1,1,3
201900050889,2019-05-12 10:18:00,2019,5,12,10,18,44,44012,rue jean du plessis,47.080457,-2.037089,Plein jour,En agglomération,Hors intersection,Normale,Autre collision,4,2,2,0,1,1,1,0,1,30,1,2,0,0,1,1,68.0,,voiture,,1,2,1,1,6
201900050890,2019-05-20 11:50:00,2019,5,20,11,50,44,44023,La Gare,47.424985,-1.852832,Plein jour,Hors agglomération,Hors intersection,Normale,Autre collision,3,2,2,0,1,3,1,0,3,80,1,1,0,0,1,0,60.0,,voiture,,1,1,1,1,6
201900050891,2019-05-01 16:10:00,2019,5,1,16,10,44,44199,domaine rené,47.746255,-1.302473,Plein jour,Hors agglomération,Intersection en X,Normale,Deux véhicules - côté,4,2,2,0,1,1,1,5,1,80,2,2,1,0,0,1,19.0,53.0,deux_roues,utilitaire_camion,1,1,2,1,3
201900050892,2019-05-29 18:30:00,2019,5,29,18,30,44,44180,La Cocaudiere Neuve (Maumusson),47.4738834,-1.0959287,Plein jour,Hors agglomération,Hors intersection,Normale,Deux véhicules - côté,3,2,2,0,1,1,1,0,1,80,2,2,1,0,0,1,28.0,42.0,voiture,deux_roues,1,1,1,1,3
201900050893,2019-05-29 07:45:00,2019,5,29,7,45,44,44003,Avenue Francis Robert,47.3732555,-1.1790481,Plein jour,En agglomération,Giratoire,Normale,Deux véhicules - côté,3,1,1,0,1,2,1,5,1,50,2,2,1,0,1,0,51.0,46.0,deux_roues,voiture,1,2,6,1,3
201900050894,2019-05-09 17:35:00,2019,5,9,17,35,44,44180,96 RUE DE L'ESPÉRANCE,47.575186,-1.205872,Plein jour,En agglomération,Hors intersection,Normale,Autre collision,3,2,2,0,1,1,1,0,1,50,1,1,0,0,1,0,18.0,,deux_roues,,1,2,1,1,6
201900050895,2019-04-29 18:35:00,2019,4,29,18,35,35,35068,Rue du Maréchal Leclerc,48.108698,-1.405159,Plein jour,En agglomération,Hors intersection,Normale,Autre collision,4,1,1,0,2,1,1,0,4,30,1,1,0,0,1,0,16.0,,deux_roues,,1,2,1,1,6
201900050896,2019-05-30 17:20:00,2019,5,30,17,20,35,35360,59 chemin du pavillion,48.117084,-1.224929,Plein jour,En agglomération,Hors intersection,Normale,Deux véhicules - côté,4,2,2,0,2,4,1,0,1,50,2,3,0,0,0,3,48.0,18.0,voiture,deux_roues,1,2,1,1,3
201900050897,2019-05-18 21:20:00,2019,5,18,21,20,35,35246,La Halte,48.5342664,-1.8077762,Crépuscule ou aube,Hors agglomération,Intersection en X,Normale,Deux véhicules - côté,3,2,2,0,1,1,1,0,1,80,2,3,1,0,0,2,33.0,22.0,voiture,voiture,2,1,2,1,3
201900050898,2019-05-12 14:55:00,2019,5,12,14,55,35,35263,Route de la Touesse d201,48.679771,-1.914201,Plein jour,En agglomération,Hors intersection,Normale,Deux véhicules - côté,3,2,2,0,1,2,1,0,1,50,2,2,1,0,1,0,77.0,25.0,voiture,deux_roues,1,2,1,1,3
201900050899,2019-05-14 17:00:00,2019,5,14,17,0,35,35243,Les Vilhates,48.359948,-1.271156,Plein jour,Hors agglomération,Intersection en X,Normale,Deux véhicules - côté,3,2,2,0,1,3,1,0,1,80,2,2,0,1,0,1,32.0,29.0,voiture,deux_roues,1,1,2,1,3
201900050900,2019-05-15 18:45:00,2019,5,15,18,45,35,35081,La Métairie,48.174417,-1.846322,Plein jour,Hors agglomération,Intersection en T,Normale,Deux véhicules - frontale,3,2,2,0,1,1,1,5,1,80,2,2,0,0,1,1,92.0,55.0,voiture,voiture,1,1,3,1,1
201900050901,2019-05-23 08:10:00,2019,5,23,8,10,35,35117,route départementale 166,48.1342048,-2.2303952,Plein jour,Hors agglomération,Intersection en X,Temps éblouissant,Deux véhicules - côté,3,2,2,0,1,1,1,0,1,80,2,2,1,0,1,0,21.0,28.0,deux_roues,utilitaire_camion,1,1,2,7,3
201900050902,2019-05-15 13:30:00,2019,5,15,13,30,29,29241,rue des saules 29140,47.963287,-3.834607,Plein jour,En agglomération,Hors intersection,Normale,Deux véhicules - côté,4,2,2,0,1,2,1,0,1,50,2,2,1,0,1,0,45.0,14.0,voiture,deux_roues,1,2,1,1,3
201900050903,2019-05-02 08:45:00,2019,5,2,8,45,29,29272,RN 165 PK39,47.954045,-3.9482105,Plein jour,Hors agglomération,Hors intersection,Normale,Trois véhicules et plus - en chaîne,2,1,4,0,1,1,1,0,1,110,3,3,2,0,0,1,38.0,59.0,voiture,voiture,1,1,1,1,4
201900050904,2019-05-01 06:30:00,2019,5,1,6,30,29,29272,Entre PK 40+600 et PK 40+700,47.963755,-3.968091,Crépuscule ou aube,Hors agglomération,Hors intersection,Normale,Deux véhicules - arrière,2,3,4,0,1,1,1,0,2,110,2,2,1,0,0,1,43.0,29.0,voiture,voiture,2,1,1,1,2
201900050905,2019-05-04 18:00:00,2019,5,4,18,0,29,29004,Route de Pont Aven,47.923458,-3.708954,Plein jour,En agglomération,Hors intersection,Normale,Deux véhicules - frontale,3,2,2,0,2,1,1,0,1,50,2,6,5,0,0,1,35.0,36.0,voiture,voiture,1,2,1,1,1
201900050906,2019-05-13 01:40:00,2019,5,13,1,40,29,29236,Kernezet,47.8868132,-3.7166811,Nuit sans éclairage public,Hors agglomération,Hors intersection,Normale,Sans collision,2,3,4,0,1,1,1,0,1,110,1,5,2,0,2,1,20.0,,voiture,,3,1,1,1,7
201900050907,2019-05-24 11:45:00,2019,5,24,11,45,29,29259,Barrière de la Croix,48.7032762,-3.9879065,Plein jour,Hors agglomération,Hors intersection,Normale,Deux véhicules - côté,3,3,2,0,1,1,1,0,1,70,2,2,1,0,1,0,55.0,78.0,deux_roues,voiture,1,1,1,1,3
201900050908,2019-05-14 16:45:00,2019,5,14,16,45,29,29259,avenue de la gare,48.6783749,-3.9884139,Plein jour,En agglomération,Hors intersection,Normale,Autre collision,4,2,2,0,1,1,1,0,1,50,1,3,2,0,0,1,61.0,,voiture,,1,2,1,1,6
201900050909,2019-05-25 12:35:00,2019,5,25,12,35,29,29105,Avenue Maréchal Foch,48.5143011,-4.0576735,Plein jour,En agglomération,Hors intersection,Normale,Sans collision,4,2,2,0,2,1,1,0,1,50,1,2,0,0,1,1,38.0,,voiture,,1,2,1,1,7
201900050910,2019-05-27 19:55:00,2019,5,27,19,55,29,29106,ty pin,48.089314,-4.0758561,Plein jour,Hors agglomération,Hors intersection,Normale,Sans collision,3,2,2,0,2,2,1,0,3,80,1,1,0,0,1,0,55.0,,deux_roues,,1,1,1,1,7
201900050911,2019-05-14 13:35:00,2019,5,14,13,35,29,29261,Penn Ar Guer,48.3437088,-4.014626,Plein jour,Hors agglomération,Hors intersection,Normale,Sans collision,3,2,2,0,2,3,1,0,1,80,1,1,0,0,1,0,35.0,,deux_roues,,1,1,1,1,7
201900050912,2019-05-18 04:30:00,2019,5,18,4,30,29,29302,81 Rue de Quimper,48.248891,-4.085055,Nuit avec éclairage non allumé,En agglomération,Hors intersection,Normale,Sans collision,3,3,2,0,1,1,1,0,1,50,1,2,0,0,2,0,37.0,,voiture,,4,2,1,1,7
201900050913,2019-05-03 23:15:00,2019,5,3,23,15,29,29177,Kerarc'Hreac'H Braz,48.43607,-4.660232,Nuit sans éclairage public,Hors agglomération,Hors intersection,Normale,Deux véhicules - arrière,3,2,2,0,3,1,1,0,1,80,2,2,0,0,0,2,47.0,47.0,voiture,voiture,3,1,1,1,2
201900050914,2019-05-27 13:25:00,2019,5,27,13,25,29,29212,Rond point François ARZEL,48.381978,-4.609447,Plein jour,En agglomération,Giratoire,Normale,Deux véhicules - arrière,4,2,2,1,1,1,1,9,1,50,2,2,1,0,1,0,67.0,31.0,voiture,deux_roues,1,2,6,1,2
201900050915,2019-05-20 17:45:00,2019,5,20,17,45,29,29212,Avenue du Technopole,48.360647,-4.568822,Plein jour,En agglomération,Intersection en X,Normale,Deux véhicules - côté,4,2,2,0,2,1,1,0,1,50,2,3,2,0,1,0,20.0,48.0,deux_roues,voiture,1,2,2,1,3
201900050916,2019-05-15 11:00:00,2019,5,15,11,0,29,29069,route départementale 105,48.418862,-4.559745,Plein jour,Hors agglomération,Giratoire,Normale,Deux véhicules - arrière,3,1,1,1,2,2,1,0,1,80,2,3,2,0,0,1,29.0,60.0,voiture,deux_roues,1,1,6,1,2
201900050917,2019-05-29 19:15:00,2019,5,29,19,15,29,29195,Kerféré,48.6050644,-4.5159407,Plein jour,En agglomération,Hors intersection,Temps couvert,Deux véhicules - frontale,3,2,2,0,1,3,1,0,1,50,2,2,1,0,1,0,30.0,15.0,voiture,deux_roues,1,2,1,8,1
201900050918,2019-05-22 12:50:00,2019,5,22,12,50,29,29075,boulevard de coataudon,48.413902,-4.444303,Plein jour,En agglomération,Hors intersection,Normale,Autre collision,3,2,2,0,1,1,1,0,1,50,1,2,1,0,1,0,51.0,,voiture,,1,2,1,1,6
201900050919,2019-05-17 18:25:00,2019,5,17,18,25,29,29075,rue de Normandie guipavas,48.4396421,-4.3927269,Plein jour,En agglomération,Giratoire,Normale,Deux véhicules - côté,4,2,2,0,1,1,1,5,1,50,2,2,1,0,0,1,21.0,15.0,voiture,deux_roues,1,2,6,1,3
201900050920,2019-05-03 10:31:00,2019,5,3,10,31,29,29235,Boulevard Charles de Gaulle,48.40068,-4.406343,Plein jour,En agglomération,Hors intersection,Normale,Autre collision,4,2,2,0,2,1,1,8,1,50,1,2,1,0,1,0,33.0,,utilitaire_camion,,1,2,1,1,6
201900050921,2019-04-29 00:55:00,2019,4,29,0,55,29,29075,68 rue de Paris,48.4354777,-4.3967281,Nuit avec éclairage allumé,En agglomération,Hors intersection,Normale,Autre collision,4,2,2,0,2,1,1,0,4,50,1,9,0,0,2,7,44.0,,voiture,,5,2,1,1,6
201900050922,2019-05-11 14:15:00,2019,5,11,14,15,29,29037,Pen ar garn,47.8837398,-4.1635946,Plein jour,Hors agglomération,Intersection en X,Normale,Deux véhicules - côté,3,2,2,0,3,1,1,9,1,70,2,2,0,0,0,2,33.0,17.0,deux_roues,deux_roues,1,1,2,1,3
201900050923,2019-05-26 15:00:00,2019,5,26,15,0,31,31396,36 avenue francois mittterrand,43.359499,1.637617,Plein jour,En agglomération,Hors intersection,Normale,Deux véhicules - côté,3,2,2,0,2,1,2,0,1,50,2,2,1,0,0,1,28.0,39.0,voiture,voiture,1,2,1,1,3
201900050924,2019-05-10 17:36:00,2019,5,10,17,36,31,31552,Le village,43.241464,0.963151,Plein jour,En agglomération,Intersection en T,Normale,Deux véhicules - frontale,3,2,2,0,2,1,1,2,1,50,2,4,0,0,1,3,62.0,59.0,voiture,voiture,1,2,3,1,1
201900050925,2019-05-20 17:05:00,2019,5,20,17,5,31,31187,D68 PR 11+780,43.527598,1.250631,Plein jour,Hors agglomération,Hors intersection,Normale,Deux véhicules - frontale,3,2,2,0,1,1,9,0,1,80,2,3,1,0,1,1,50.0,45.0,voiture,voiture,1,1,1,1,1
201900050926,2019-05-08 13:30:00,2019,5,8,13,30,31,31424,RD 632,43.55972,1.282357,Plein jour,En agglomération,Autre intersection,Pluie légère,Autre collision,3,3,2,0,1,1,2,5,4,50,1,2,1,0,1,0,29.0,,voiture,,1,2,9,2,6
201900050927,2019-05-27 17:45:00,2019,5,27,17,45,31,31107,Chemin de Laveran,43.284558,1.18847,Plein jour,En agglomération,Hors intersection,Normale,Sans collision,4,2,2,0,1,1,1,4,1,50,1,1,0,0,0,1,14.0,,deux_roues,,1,2,1,1,7
201900050928,2019-05-10 16:40:00,2019,5,10,16,40,31,31375,Route de la Morère,43.231448,1.185657,Plein jour,Hors agglomération,Intersection en T,Normale,Deux véhicules - côté,3,2,2,0,1,1,1,0,1,80,2,3,2,0,1,0,75.0,69.0,deux_roues,voiture,1,1,3,1,3
201900050929,2019-05-10 17:15:00,2019,5,10,17,15,31,31052,D4,43.379858,1.357039,Plein jour,Hors agglomération,Hors intersection,Normale,Deux véhicules - frontale,3,2,2,0,1,1,1,0,1,80,2,2,0,0,0,2,33.0,62.0,voiture,voiture,1,1,1,1,1
201900050930,2019-05-09 17:00:00,2019,5,9,17,0,31,31507,Route de Montaigut,43.694883,1.226438,Plein jour,En agglomération,Hors intersection,Normale,Deux véhicules - frontale,3,2,2,0,1,1,1,0,1,50,2,2,1,0,1,0,55.0,21.0,utilitaire_camion,voiture,1,2,1,1,1
201900050931,2019-05-03 16:10:00,2019,5,3,16,10,31,31118,Route Départementale 20,43.779223,1.325401,Plein jour,Hors agglomération,Hors intersection,Normale,Sans collision,3,2,2,0,1,1,1,0,3,80,1,1,0,0,1,0,56.0,,deux_roues,,1,1,1,1,7
201900050932,2019-05-11 18:30:00,2019,5,11,18,30,31,31066,route de montauban,43.808559,1.571875,Plein jour,Hors agglomération,Hors intersection,Normale,Deux véhicules - arrière,3,2,2,0,1,1,1,0,1,80,2,5,2,1,0,2,41.0,65.0,voiture,voiture,1,1,1,1,2
201900050933,2019-05-09 09:55:00,2019,5,9,9,55,31,31358,1 Avenue du Mur de Ronde,43.717626,1.591213,Plein jour,En agglomération,Hors intersection,Normale,Autre collision,4,2,2,0,1,1,1,0,1,30,1,2,1,0,1,0,43.0,,voiture,,1,2,1,1,6
201900050934,2019-05-20 23:00:00,2019,5,20,23,0,31,31579,RD15,43.734502,1.488651,Nuit sans éclairage public,Hors agglomération,Hors intersection,Normale,Autre collision,3,2,2,0,1,1,1,0,3,80,1,1,0,0,1,0,24.0,,voiture,,3,1,1,1,6
201900050935,2019-05-22 22:10:00,2019,5,22,22,10,38,38074,D 1092,45.25401,5.45591,Nuit sans éclairage public,Hors agglomération,Hors intersection,Normale,Deux véhicules - côté,3,2,2,0,1,1,1,0,1,80,2,2,1,0,1,0,55.0,17.0,deux_roues,deux_roues,3,1,1,1,3
201900050936,2019-05-26 11:35:00,2019,5,26,11,35,38,38018,D 518,45.06941,5.32164,Plein jour,Hors agglomération,Intersection en X,Normale,Deux véhicules - côté,3,2,2,0,1,3,1,5,1,80,2,2,1,0,1,0,52.0,75.0,deux_roues,voiture,1,1,2,1,3
201900050937,2019-04-30 08:38:00,2019,4,30,8,38,38,38416,rue gambetta,45.153519,5.322868,Plein jour,En agglomération,Hors intersection,Normale,Deux véhicules - arrière,3,2,2,0,1,1,1,0,1,50,2,3,1,0,0,2,55.0,54.0,utilitaire_camion,voiture,1,2,1,1,2
201900050938,2019-04-19 18:00:00,2019,4,19,18,0,38,38409,D 1532,45.06453,5.26872,Plein jour,Hors agglomération,Hors intersection,Normale,Deux véhicules - frontale,3,2,2,0,1,1,1,0,1,80,2,5,3,0,0,2,30.0,45.0,voiture,voiture,1,1,1,1,1
201900050939,2019-05-20 10:50:00,2019,5,20,10,50,38,38175,D10A,45.26717,5.90941,Plein jour,Hors agglomération,Hors intersection,Pluie légère,Deux véhicules - frontale,3,2,2,0,2,2,2,0,1,80,2,2,0,0,1,1,31.0,28.0,voiture,voiture,1,1,1,2,1
201900050940,2019-05-17 22:30:00,2019,5,17,22,30,38,38175,d10a,45.266776,5.909071,Nuit sans éclairage public,Hors agglomération,Hors intersection,Pluie forte,Sans collision,3,2,2,0,1,3,2,0,8,80,1,3,0,0,0,3,24.0,,voiture,,3,1,1,3,7
201900050941,2019-05-02 08:00:00,2019,5,2,8,0,38,38140,RD10,45.266066,5.898214,Plein jour,Hors agglomération,Intersection en T,Normale,Deux véhicules - côté,3,2,2,1,3,1,1,0,1,50,2,2,1,0,0,1,56.0,28.0,deux_roues,voiture,1,1,3,1,3
201900050942,2019-05-24 11:30:00,2019,5,24,11,30,38,38104,Route de Bolland,45.58977,5.58165,Plein jour,Hors agglomération,Hors intersection,Normale,Deux véhicules - frontale,3,2,2,0,1,1,1,0,1,80,2,5,0,0,5,0,33.0,19.0,voiture,voiture,1,1,1,1,1
201900050943,2019-05-16 09:30:00,2019,5,16,9,30,38,38315,Place Flandrin,45.536181,5.66995,Plein jour,En agglomération,Hors intersection,Normale,Autre collision,3,2,2,0,1,1,1,0,1,50,1,2,1,0,1,0,51.0,,utilitaire_camion,,1,2,1,1,6
201900050944,2019-05-25 22:30:00,2019,5,25,22,30,38,38497,La Sauze,44.91416,5.79978,Nuit sans éclairage public,Hors agglomération,Hors intersection,Normale,Autre collision,3,2,2,0,1,2,1,0,3,80,1,4,1,0,2,1,22.0,,voiture,,3,1,1,1,6
201900050945,2019-05-08 12:00:00,2019,5,8,12,0,38,38269,51 Avenue Chion Ducollet,44.903525,5.786434,Plein jour,En agglomération,Hors intersection,Pluie légère,Autre collision,4,2,2,0,1,1,2,0,1,30,2,2,1,0,1,0,37.0,43.0,voiture,voiture,1,2,1,2,6
201900050946,2019-05-01 15:25:00,2019,5,1,15,25,13,13010,RD 35,43.899403,4.732137,Plein jour,Hors agglomération,Hors intersection,Normale,Deux véhicules - frontale,3,2,2,0,1,2,1,0,1,90,2,3,0,1,1,1,20.0,52.0,voiture,deux_roues,1,1,1,1,1
201900050947,2019-05-30 05:30:00,2019,5,30,5,30,2,02801,Vigneux,49.750269,3.98146,Crépuscule ou aube,Hors agglomération,Hors intersection,Pluie légère,Autre collision,3,2,2,0,4,2,2,0,3,80,1,1,0,0,1,0,25.0,,voiture,,2,1,1,2,6
201900050948,2019-05-31 17:43:00,2019,5,31,17,43,2,02110,D 22 Pk 26+700,49.348409,3.546788,Plein jour,Hors agglomération,Autre intersection,Normale,Deux véhicules - frontale,3,2,2,0,2,1,1,0,1,80,2,2,1,0,1,0,21.0,83.0,deux_roues,voiture,1,1,9,1,1
201900050949,2019-05-27 19:29:00,2019,5,27,19,29,2,02589,Ferme du Panthéon CD 18 CD pk 3+300,49.452401,3.535246,Plein jour,Hors agglomération,Hors intersection,Normale,Deux véhicules - frontale,3,2,2,0,3,1,1,0,1,80,2,2,0,1,1,0,34.0,59.0,voiture,voiture,1,1,1,1,1
201900050950,2019-05-18 22:00:00,2019,5,18,22,0,2,02230,Ferme de la siège,49.319131,3.478941,Nuit sans éclairage public,Hors agglomération,Autre intersection,Pluie légère,Sans collision,4,-1,2,0,1,1,2,0,1,80,1,1,0,0,1,0,50.0,,deux_roues,,3,1,9,2,7
201900050951,2019-05-24 17:35:00,2019,5,24,17,35,2,02643,RN31,49.397438,3.14699,Plein jour,Hors agglomération,Hors intersection,Normale,Deux véhicules - arrière,2,2,2,0,1,1,1,0,1,80,2,3,2,0,1,0,19.0,46.0,voiture,deux_roues,1,1,1,1,2
201900050952,2019-05-11 21:35:00,2019,5,11,21,35,2,02420,DEPARTEMENTALE 71 PK12+800,49.905425,3.311206,Nuit sans éclairage public,Hors agglomération,Hors intersection,Normale,Sans collision,3,2,2,0,2,1,1,0,3,80,1,1,0,0,1,0,22.0,,voiture,,3,1,1,1,7
201900050953,2019-05-28 15:45:00,2019,5,28,15,45,2,02164,Route de Jaulgonne,49.109776,3.549687,Plein jour,Hors agglomération,Intersection en Y,Normale,Deux véhicules - frontale,3,2,2,0,2,2,1,0,1,80,2,3,2,0,1,0,27.0,78.0,voiture,voiture,1,1,4,1,1
201900050954,2019-05-18 04:15:00,2019,5,18,4,15,2,02085,CD 1,49.104803,3.398303,Nuit sans éclairage public,Hors agglomération,Hors intersection,Normale,Deux véhicules - frontale,3,2,2,0,1,2,1,5,1,80,2,3,0,2,1,0,24.0,25.0,utilitaire_camion,utilitaire_camion,3,1,1,1,1
201900050955,2019-05-16 16:53:00,2019,5,16,16,53,2,02187,79  avenue charles degaulle,49.039466,3.433966,Plein jour,En agglomération,Hors intersection,Normale,Deux véhicules - frontale,3,2,2,0,2,1,1,0,1,50,2,2,1,0,1,0,18.0,20.0,deux_roues,voiture,1,2,1,1,1
201900050956,2019-05-15 13:45:00,2019,5,15,13,45,2,02114,45 Avenue de Château-Thierry,49.044048,3.413162,Plein jour,En agglomération,Autre intersection,Normale,Deux véhicules - arrière,4,2,2,0,1,1,1,0,1,50,2,2,1,0,1,0,70.0,28.0,voiture,deux_roues,1,2,9,1,2
201900050957,2019-05-03 19:30:00,2019,5,3,19,30,2,02560,12 Rue de la Cense,49.695466,3.459336,Plein jour,En agglomération,Hors intersection,Normale,Sans collision,4,2,2,0,1,1,1,0,1,50,1,1,0,0,1,0,47.0,,deux_roues,,1,2,1,1,7
201900050958,2019-05-25 12:10:00,2019,5,25,12,10,84,84066,Route de Javon,43.945782,5.300952,Plein jour,Hors agglomération,Hors intersection,Normale,Deux véhicules - frontale,3,2,2,0,2,3,1,0,1,80,2,2,1,0,1,0,35.0,63.0,voiture,deux_roues,1,1,1,1,1
201900050959,2019-05-25 12:25:00,2019,5,25,12,25,84,84085,D4,43.96887,5.241307,Plein jour,Hors agglomération,Hors intersection,Normale,Deux véhicules - côté,3,2,2,0,2,1,1,0,1,80,2,1,0,0,0,1,54.0,,deux_roues,,1,1,1,1,3
201900050960,2019-05-29 17:00:00,2019,5,29,17,0,3,03083,Les Boursons,46.3361797,3.3130566,Plein jour,Hors agglomération,Intersection en T,Normale,Deux véhicules - frontale,3,2,2,0,1,2,1,0,1,80,2,2,1,0,0,1,21.0,27.0,deux_roues,voiture,1,1,3,1,1
201900050961,2019-05-14 14:50:00,2019,5,14,14,50,3,03148,Les Bonichons,46.2780956,3.3305956,Plein jour,Hors agglomération,Hors intersection,Vent fort / tempête,Autre collision,3,3,2,0,1,3,1,0,8,80,1,1,0,0,1,0,40.0,,deux_roues,,1,1,1,6,6
201900050962,2019-12-06 14:30:00,2019,12,6,14,30,94,94002,ETIENNE DOLET (R),48.79878,2.42334,Plein jour,En agglomération,Intersection en X,Pluie légère,Deux véhicules - côté,3,2,2,0,1,1,2,5,1,50,2,2,1,0,0,1,43.0,48.0,voiture,voiture,1,2,2,2,3
201900050963,2019-12-06 08:50:00,2019,12,6,8,50,93,93066,"""PERI GABRIEL, NR 2  A 114 ET 1 A 133""",48.93351,2.35556,Plein jour,En agglomération,Hors intersection,Temps couvert,Autre collision,4,1,2,1,1,1,2,8,1,30,1,2,1,0,0,1,39.0,,deux_roues,,1,2,1,8,6
201900050964,2019-12-04 09:20:00,2019,12,4,9,20,93,93066,STADE DE FRANCE (AVENUE DU),48.9196,2.3617,Plein jour,En agglomération,Hors intersection,Normale,Deux véhicules - côté,4,2,4,3,1,1,1,0,1,20,2,3,2,0,0,1,25.0,26.0,voiture,deux_roues,1,2,1,1,3
201900050965,2019-12-05 15:00:00,2019,12,5,15,0,93,93066,ELUARD PAUL NR 2 A 36 ET 1 A 49,48.9392125,2.3466003,Plein jour,En agglomération,Hors intersection,Temps couvert,Deux véhicules - côté,3,2,2,0,1,1,1,0,1,50,2,2,1,0,0,1,27.0,41.0,voiture,deux_roues,1,2,1,8,3
201900050966,2019-12-04 11:00:00,2019,12,4,11,0,93,93066,"""BONNEVIDE, NR 2-56 ET 3-11""",48.93888,2.36037,Plein jour,En agglomération,Intersection en T,Normale,Autre collision,4,-1,0,0,1,1,1,0,1,50,1,1,0,0,0,1,41.0,,voiture,,1,2,3,1,6
201900050967,2019-12-06 00:50:00,2019,12,6,0,50,93,93077,GRANDE RUE,48.88257,2.51716,Nuit avec éclairage allumé,En agglomération,Hors intersection,Normale,Autre collision,3,2,2,0,1,1,1,0,4,50,1,3,0,0,0,3,36.0,,voiture,,5,2,1,1,6
201900050968,2019-12-06 13:15:00,2019,12,6,13,15,93,93055,JEAN LOLIVE (AVENUE)(137/FIN ET 134/FIN),48.893152,2.412733,Plein jour,En agglomération,Hors intersection,Pluie légère,Deux véhicules - frontale,3,2,4,0,1,1,2,0,1,50,2,2,1,0,0,1,17.0,46.0,deux_roues,utilitaire_camion,1,2,1,2,1
201900050969,2019-12-03 08:05:00,2019,12,3,8,5,93,93050,LOUIS ARMAND (RUE),48.860512,2.520206,Plein jour,En agglomération,Hors intersection,Normale,Deux véhicules - frontale,4,3,2,0,1,2,2,0,1,50,2,2,1,0,1,0,24.0,52.0,voiture,voiture,1,2,1,1,1
201900050970,2019-12-03 12:40:00,2019,12,3,12,40,93,93051,SOUCHET (BOULEVARD),48.839853,2.540872,Plein jour,En agglomération,Hors intersection,Normale,Deux véhicules - arrière,3,1,1,0,2,1,1,0,1,50,2,2,1,0,0,1,52.0,20.0,voiture,voiture,1,2,1,1,2
201900050971,2019-12-05 22:10:00,2019,12,5,22,10,93,93063,BARBUSSE HENRI BOULEVARD,48.881139,2.441076,Nuit avec éclairage allumé,En agglomération,Intersection en Y,Brouillard / fumée,Deux véhicules - côté,3,2,2,0,1,1,1,6,1,50,2,2,1,0,0,1,40.0,39.0,deux_roues,voiture,5,2,4,5,3