accident_id,datetime,annee,mois,jour,heure,minute,departement,commune_insee,adresse,latitude,longitude,luminosite,agglomeration,intersection,meteo,collision,catr,circ,nbv,vosp,prof,plan,surf,infra,situ,vma,nb_vehicules,nb_usagers,nb_indemnes,nb_tues,nb_blesses_hosp,nb_blesses_legers,age_cond_1,age_cond_2,veh_type_cond_1,veh_type_cond_2,lum_code,agg_code,int_code,atm_code,col_code
201900051152,2019-06-09 17:07:00,2019,6,9,17,7,37,37261,DANIEL MAYER,47.4185828,0.6900273,Plein jour,En agglomération,Hors intersection,Normale,Sans collision,4,2,2,0,1,1,1,0,1,50,1,1,0,0,0,1,44.0,,voiture,,1,2,1,1,7
201900051153,2019-06-07 10:23:00,2019,6,7,10,23,37,37122,RD 37,47.3737246,0.6526921,Plein jour,En agglomération,Hors intersection,Pluie légère,Sans collision,3,3,4,0,1,1,2,0,1,90,1,1,0,0,0,1,25.0,,voiture,,1,2,1,2,7
201900051154,2019-06-07 09:40:00,2019,6,7,9,40,37,37261,PONT CHER (AVENUE DE),47.3689062,0.6765911,Plein jour,En agglomération,Hors intersection,Pluie forte,Deux véhicules - côté,4,3,4,0,1,1,2,0,1,50,2,2,1,0,0,1,44.0,46.0,utilitaire_camion,voiture,1,2,1,3,3
201900051155,2019-06-06 07:37:00,2019,6,6,7,37,37,37122,RD 37,47.341885,0.6480866,Plein jour,En agglomération,Hors intersection,Normale,Autre collision,3,3,4,0,1,3,1,3,1,90,1,1,0,0,0,1,27.0,,voiture,,1,2,1,1,6
201900051156,2019-06-05 16:10:00,2019,6,5,16,10,37,37261,BOISDENIER (RUE DE),47.3840994,0.689568,Plein jour,En agglomération,Hors intersection,Temps couvert,Autre collision,4,2,2,0,1,1,2,0,1,50,1,2,1,0,0,1,56.0,,voiture,,1,2,1,8,6
201900051157,2019-06-05 12:10:00,2019,6,5,12,10,37,37261,TRIBUT (RUE MARCEL),47.3894,0.69767,Plein jour,En agglomération,Hors intersection,Pluie forte,Autre collision,4,2,2,0,1,1,2,0,1,50,1,2,1,0,0,1,25.0,,voiture,,1,2,1,3,6
201900051158,2019-06-04 18:00:00,2019,6,4,18,0,37,37261,PROUDHON (AVENUE),47.3946345,0.6700816,Plein jour,En agglomération,Hors intersection,Normale,Autre collision,4,2,2,1,1,1,1,0,1,50,3,3,2,0,0,1,62.0,34.0,voiture,voiture,1,2,1,1,6
201900051159,2019-06-03 16:00:00,2019,6,3,16,0,37,37261,CLUZEL (RUE DU),47.3825745,0.6848018,Plein jour,En agglomération,Intersection en X,Normale,Deux véhicules - côté,4,1,1,0,1,1,1,0,1,50,2,2,1,0,0,1,21.0,35.0,deux_roues,voiture,1,2,2,1,3
201900051160,2019-06-02 17:01:00,2019,6,2,17,1,37,37261,BERT (QUAI PAUL),47.4016918,0.6887643,Plein jour,En agglomération,Hors intersection,Normale,Trois véhicules et plus - collisions multiples,4,2,2,1,1,1,1,0,1,50,3,3,2,0,1,0,48.0,25.0,voiture,voiture,1,2,1,1,5
201900051161,2019-06-02 09:20:00,2019,6,2,9,20,37,37233,FOUSSIER (IMPASSE ANDRE),47.39145,0.71298,Plein jour,En agglomération,Hors intersection,Normale,Sans collision,4,2,2,0,1,1,1,0,1,50,1,1,0,0,0,1,59.0,,deux_roues,,1,2,1,1,7
201900051162,2019-06-01 15:05:00,2019,6,1,15,5,37,37261,MAINE (RUE DU),47.4256278,0.6795265,Plein jour,En agglomération,Intersection en T,Normale,Trois véhicules et plus - collisions multiples,4,2,2,0,1,1,1,0,1,50,3,4,3,0,0,1,40.0,21.0,utilitaire_camion,voiture,1,2,3,1,5
201900051163,2019-06-01 06:50:00,2019,6,1,6,50,37,37261,PROUDHON (AVENUE),47.3947148,0.6704221,Plein jour,En agglomération,Hors intersection,Normale,Sans collision,3,2,2,0,2,2,1,0,1,50,1,2,1,0,0,1,22.0,,voiture,,1,2,1,1,7
201900051164,2019-05-31 12:34:00,2019,5,31,12,34,37,37122,CHINON (BOULEVARD DE),47.3503436,0.676849,Plein jour,En agglomération,Hors intersection,Normale,Deux véhicules - arrière,4,3,1,0,1,1,1,5,1,50,2,2,1,0,0,1,70.0,34.0,voiture,voiture,1,2,1,1,2
201900051165,2019-05-30 18:00:00,2019,5,30,18,0,37,37233,PERI (RUE GABRIEL),47.38978,0.7152,Plein jour,En agglomération,Intersection en X,Normale,Deux véhicules - arrière,4,2,2,0,1,1,1,0,1,50,2,4,3,0,0,1,65.0,,voiture,,1,2,2,1,2
201900051166,2019-05-30 16:00:00,2019,5,30,16,0,37,37261,SUEDE (RUE DE),47.4354538,0.6931806,Plein jour,En agglomération,Intersection en X,Normale,Deux véhicules - côté,4,2,2,0,1,1,1,0,1,50,2,2,1,0,0,1,39.0,42.0,voiture,voiture,1,2,2,1,3
201900051167,2019-06-05 17:05:00,2019,6,5,17,5,36,36202,16 ROUTE DE CHATELLERAULT,46.7982564,1.6386527,Plein jour,Hors agglomération,Hors intersection,Pluie légère,Autre collision,4,2,2,0,1,2,2,0,1,50,1,3,0,0,0,3,32.0,,voiture,,1,1,1,2,6
201900051168,2019-06-04 20:20:00,2019,6,4,20,20,35,35288,GREVES DE CHASLES (CARREFOUR),48.63996,-2.00876,Plein jour,En agglomération,Giratoire,Normale,Autre collision,4,1,2,0,1,3,1,0,1,50,2,2,1,0,1,0,63.0,58.0,voiture,deux_roues,1,2,6,1,6
201900051169,2019-06-17 15:45:00,2019,6,17,15,45,35,35238,ALMA (DE L'),48.09926,-1.67574,Plein jour,En agglomération,Autre intersection,Normale,Deux véhicules - côté,4,2,3,1,1,1,1,0,1,50,2,2,1,0,0,1,24.0,49.0,deux_roues,voiture,1,2,9,1,3
201900051170,2019-06-14 10:00:00,2019,6,14,10,0,35,35238,CHATEAUGIRON (DE),48.095131,-1.63757,Plein jour,En agglomération,Intersection en X,Normale,Deux véhicules - côté,4,2,4,0,1,1,1,0,1,50,2,2,1,0,0,1,59.0,32.0,deux_roues,voiture,1,2,2,1,3
201900051171,2019-06-14 08:45:00,2019,6,14,8,45,35,35207,RN157,48.11334,-1.54904,Plein jour,Hors agglomération,Hors intersection,Normale,Trois véhicules et plus - en chaîne,2,3,4,0,1,1,1,0,1,90,4,4,2,0,0,2,51.0,31.0,utilitaire_camion,voiture,1,1,1,1,4
201900051172,2019-06-14 08:30:00,2019,6,14,8,30,35,35238,PAVIE (AUGUSTE),48.104564,-1.648969,Plein jour,En agglomération,Hors intersection,Normale,Autre collision,4,2,4,1,1,1,1,0,1,50,1,2,1,0,0,1,31.0,,voiture,,1,2,1,1,6
201900051173,2019-06-12 12:16:00,2019,6,12,12,16,35,35281,DODIN (AVENUE ROGER),48.087069,-1.707359,Plein jour,Hors agglomération,Giratoire,Pluie légère,Deux véhicules - côté,3,3,4,0,1,1,2,0,1,50,2,2,1,0,0,1,67.0,19.0,voiture,deux_roues,1,1,6,2,3
201900051174,2019-06-11 19:00:00,2019,6,11,19,0,35,35238,RN136,48.11184,-1.71828,Plein jour,Hors agglomération,Hors intersection,Pluie forte,Trois véhicules et plus - en chaîne,2,3,4,0,1,1,2,0,1,90,3,6,4,0,0,2,48.0,33.0,voiture,voiture,1,1,1,3,4
201900051175,2019-06-10 11:10:00,2019,6,10,11,10,35,35238,SAINT-HELIER,48.10707,-1.67103,Plein jour,En agglomération,Hors intersection,Normale,Deux véhicules - côté,4,2,2,0,1,1,1,0,1,50,2,2,1,0,0,1,62.0,42.0,deux_roues,voiture,1,2,1,1,3
201900051176,2019-06-07 20:15:00,2019,6,7,20,15,35,35238,SOLFERINO (BD),48.10434,-1.67026,Plein jour,En agglomération,Hors intersection,Vent fort / tempête,Deux véhicules - côté,4,2,2,0,1,1,1,0,1,50,2,3,2,0,0,1,82.0,52.0,voiture,transport_commun,1,2,1,6,3
201900051177,2019-06-07 10:15:00,2019,6,7,10,15,35,35238,LAMARTINE (QUAI),48.11019,-1.67794,Plein jour,En agglomération,Intersection en X,Normale,Autre collision,4,1,1,0,1,1,1,0,1,50,2,2,1,0,0,1,66.0,52.0,voiture,deux_roues,1,2,2,1,6
201900051178,2019-06-06 18:08:00,2019,6,6,18,8,35,35238,RN136,48.0839828,-1.6421247,Plein jour,Hors agglomération,Hors intersection,Normale,Deux véhicules - arrière,2,3,4,0,1,1,1,0,1,90,2,2,0,0,0,2,20.0,42.0,voiture,voiture,1,1,1,1,2
201900051179,2019-06-06 12:10:00,2019,6,6,12,10,35,35238,TILLON (AVENUE CHARLES),48.12548,-1.69648,Plein jour,En agglomération,Hors intersection,Normale,Deux véhicules - arrière,4,3,4,0,1,1,1,0,1,50,2,2,1,0,0,1,40.0,37.0,voiture,deux_roues,1,2,1,1,2
201900051180,2019-06-05 07:00:00,2019,6,5,7,0,35,35238,PATTON (AVENUE DU GENERAL SIR GEORGES),48.13377,-1.66032,Plein jour,En agglomération,Hors intersection,Normale,Autre collision,4,3,4,0,1,1,1,0,1,50,1,1,0,0,0,1,20.0,,voiture,,1,2,1,1,6
201900051181,2019-06-01 02:20:00,2019,6,1,2,20,35,35238,176 FOUGERES (RUE DE),48.124263,-1.658347,Nuit avec éclairage allumé,En agglomération,Hors intersection,Normale,Autre collision,4,2,2,0,1,1,1,0,4,50,1,2,0,0,1,1,20.0,,voiture,,5,2,1,1,6
201900051182,2019-05-30 18:00:00,2019,5,30,18,0,35,35238,MUSSAT (AVENUE ANDRE),48.1313,-1.6951,Plein jour,En agglomération,Hors intersection,Normale,Deux véhicules - côté,4,2,2,1,1,1,1,0,1,50,2,1,0,0,1,0,30.0,,deux_roues,,1,2,1,1,3
201900051183,2019-05-16 08:00:00,2019,5,16,8,0,35,35051,PORTE DE LA RIGOURDIERE,48.11399,-1.57903,Plein jour,Hors agglomération,Hors intersection,Normale,Deux véhicules - arrière,2,-1,4,0,1,1,1,0,1,90,2,2,0,0,0,2,35.0,22.0,voiture,voiture,1,1,1,1,2
201900051184,2019-05-30 13:45:00,2019,5,30,13,45,35,35238,PORTE DE LORIENT,48.1084,-1.71754,Plein jour,Hors agglomération,Hors intersection,Normale,Trois véhicules et plus - en chaîne,2,3,4,0,1,1,1,0,1,90,3,2,1,0,0,1,64.0,,utilitaire_camion,,1,1,1,1,4
201900051185,2019-06-18 07:45:00,2019,6,18,7,45,35,35115,GROSLAY (BD DE JUSQU'AU N°23),48.35963,-1.18692,Plein jour,En agglomération,Hors intersection,Normale,Trois véhicules et plus - collisions multiples,4,2,2,0,2,3,1,0,1,50,3,4,1,0,0,3,40.0,38.0,voiture,voiture,1,2,1,1,5
201900051186,2019-06-18 08:20:00,2019,6,18,8,20,34,34129,VERDUN (PLACE DE),43.56749,3.90162,Plein jour,En agglomération,Hors intersection,Normale,Deux véhicules - arrière,4,2,2,0,1,1,1,0,1,50,2,3,2,0,0,1,44.0,45.0,voiture,voiture,1,2,1,1,2
201900051187,2019-06-17 11:04:00,2019,6,17,11,4,34,34172,BRINGUIER (AVENUE PAUL),43.6136863,3.8391666,Plein jour,En agglomération,Intersection en X,Normale,Deux véhicules - côté,4,4,2,0,1,1,1,2,1,50,2,4,3,0,0,1,18.0,84.0,voiture,voiture,1,2,2,1,3
201900051188,2019-06-14 17:40:00,2019,6,14,17,40,34,34172,PALAVAS (AVENUE DE),43.59635,3.88753,Plein jour,En agglomération,Hors intersection,Pluie légère,Deux véhicules - côté,4,2,2,0,1,1,2,0,1,50,2,3,2,0,0,1,55.0,27.0,deux_roues,voiture,1,2,1,2,3
201900051189,2019-06-14 06:15:00,2019,6,14,6,15,34,34172,CHAPTAL (RUE),43.60496,3.86994,Crépuscule ou aube,En agglomération,Intersection en X,Normale,Deux véhicules - côté,4,1,1,0,1,1,1,5,1,50,2,2,0,0,0,2,50.0,29.0,voiture,utilitaire_camion,2,2,2,1,3
201900051190,2019-06-13 09:30:00,2019,6,13,9,30,34,34129,D132,43.57248,3.89365,Plein jour,En agglomération,Hors intersection,Normale,Deux véhicules - côté,3,3,3,1,1,1,1,0,1,50,2,2,1,0,1,0,66.0,67.0,voiture,deux_roues,1,2,1,1,3
201900051191,2019-06-12 13:00:00,2019,6,12,13,0,34,34172,BERTHELOT (BOULEVARD),43.60142,3.869031,Plein jour,En agglomération,Hors intersection,Normale,Autre collision,4,2,3,0,1,1,1,0,1,50,1,2,1,0,0,1,60.0,,voiture,,1,2,1,1,6
201900051192,2019-06-11 11:30:00,2019,6,11,11,30,34,34172,PELLICIER (RUE GUILLAUME),43.60904,3.86695,Plein jour,En agglomération,Intersection en X,Pluie légère,Deux véhicules - côté,4,1,1,0,1,1,2,5,1,50,2,2,1,0,0,1,26.0,50.0,deux_roues,voiture,1,2,2,2,3
201900051193,2019-06-10 15:50:00,2019,6,10,15,50,34,34172,RABELAIS (BOULEVARD),43.6010843,3.8812208,Plein jour,En agglomération,Hors intersection,Normale,Deux véhicules - côté,4,1,2,0,1,1,1,0,1,50,2,2,1,0,0,1,39.0,30.0,voiture,voiture,1,2,1,1,3
201900051194,2019-06-04 16:10:00,2019,6,4,16,10,34,34172,CARDONILLE (RUE DE LA),43.63628,3.84799,Plein jour,En agglomération,Intersection en X,Normale,Trois véhicules et plus - en chaîne,4,3,4,0,1,1,1,5,1,50,3,3,2,0,0,1,24.0,40.0,voiture,voiture,1,2,2,1,4
201900051195,2019-06-05 09:45:00,2019,6,5,9,45,34,34172,MOULARES (CHEMIN DE,43.59549,3.89142,Plein jour,En agglomération,Hors intersection,Normale,Deux véhicules - côté,4,2,2,0,1,1,1,0,1,50,2,2,1,0,0,1,28.0,32.0,deux_roues,utilitaire_camion,1,2,1,1,3
201900051196,2019-06-03 13:30:00,2019,6,3,13,30,34,34172,LIBERTE (AVENUE DE LA,43.61136,3.828,Plein jour,En agglomération,Intersection en X,Normale,Deux véhicules - frontale,4,2,4,0,1,1,1,0,1,50,2,2,1,0,0,1,24.0,41.0,deux_roues,voiture,1,2,2,1,1
201900051197,2019-06-02 11:10:00,2019,6,2,11,10,34,34172,LIBERTE (AVENUE DE LA,43.60886,3.8428,Plein jour,En agglomération,Hors intersection,Normale,Deux véhicules - arrière,4,2,2,0,1,1,1,0,1,50,2,2,1,0,0,1,25.0,40.0,deux_roues,utilitaire_camion,1,2,1,1,2
201900051198,2019-06-01 19:20:00,2019,6,1,19,20,34,34172,GANGES (ROUTE DE,43.63639,3.84786,Plein jour,En agglomération,Hors intersection,Normale,Deux véhicules - arrière,4,1,3,0,1,1,1,0,1,50,2,3,2,0,0,1,41.0,65.0,voiture,voiture,1,2,1,1,2
201900051199,2019-05-28 16:00:00,2019,5,28,16,0,34,34172,MOULIN DE SEMALEN (RUE DU),43.60976,3.89551,Plein jour,En agglomération,Intersection en T,Normale,Deux véhicules - côté,4,1,1,0,1,1,1,5,1,50,2,2,1,0,0,1,51.0,37.0,voiture,deux_roues,1,2,3,1,3
201900051200,2019-05-31 18:00:00,2019,5,31,18,0,34,34172,BERTHELOT (BOULEVARD),43.59972,3.87559,Plein jour,En agglomération,Intersection en T,Normale,Autre collision,4,2,3,0,1,1,1,0,1,50,2,2,1,0,0,1,60.0,26.0,deux_roues,deux_roues,1,2,3,1,6
201900051201,2019-05-31 16:45:00,2019,5,31,16,45,34,34172,CITADELLE (ALLEE DE LA),43.6121,3.88273,Plein jour,En agglomération,Hors intersection,Normale,Deux véhicules - côté,4,1,2,0,2,3,1,0,1,50,2,2,1,0,0,1,22.0,20.0,deux_roues,deux_roues,1,2,1,1,3
201900051202,2019-06-06 07:50:00,2019,6,6,7,50,34,34032,MOULIN JEAN (AV),43.35332,3.2339,Plein jour,En agglomération,Hors intersection,Normale,Sans collision,4,2,2,0,1,1,1,0,1,50,1,3,1,0,1,1,74.0,,voiture,,1,2,1,1,7
201900051203,2019-06-01 15:35:00,2019,6,1,15,35,34,34032,STRASBOURG (BD DE),43.34729,3.21843,Plein jour,En agglomération,Hors intersection,Temps éblouissant,Sans collision,4,2,2,0,1,1,1,0,1,50,1,2,1,0,1,0,72.0,,voiture,,1,2,1,7,7
201900051204,2019-06-19 00:06:00,2019,6,19,0,6,33,33167,AVE H. DUBEDOUT,44.84707,-0.5103,Nuit avec éclairage allumé,En agglomération,Intersection en X,Pluie forte,Deux véhicules - côté,4,2,2,0,1,1,3,0,1,50,2,2,1,0,0,1,39.0,28.0,voiture,voiture,5,2,2,3,3
201900051205,2019-05-29 21:30:00,2019,5,29,21,30,33,33039,Rte de Toulouse / Chem de l'Epargne,44.793647,-0.567481,Plein jour,En agglomération,Autre intersection,Normale,Deux véhicules - côté,4,2,2,0,1,1,1,0,1,50,2,3,1,0,0,2,24.0,19.0,voiture,deux_roues,1,2,9,1,3
201900051206,2019-06-17 08:00:00,2019,6,17,8,0,33,33075,RUE DES REDUITS,44.88418,-0.59907,Plein jour,En agglomération,Intersection en X,Normale,Deux véhicules - côté,4,2,4,2,1,2,1,0,1,50,2,2,1,0,0,1,29.0,53.0,voiture,deux_roues,1,2,2,1,3
201900051207,2019-05-30 17:00:00,2019,5,30,17,0,33,33069,AVE PIERRE BROSSOLETTE,44.85809,-0.60035,Plein jour,En agglomération,Intersection en X,Normale,Deux véhicules - côté,4,2,2,0,1,1,1,0,1,30,2,5,1,0,0,4,27.0,70.0,voiture,voiture,1,2,2,1,3
201900051208,2019-06-16 02:20:00,2019,6,16,2,20,33,33318,AVE DE BEUTRE,44.8018,-0.67904,Nuit avec éclairage allumé,En agglomération,Hors intersection,Normale,Autre collision,4,2,2,0,1,3,1,0,1,50,1,1,0,0,1,0,27.0,,deux_roues,,5,2,1,1,6
201900051209,2019-06-16 00:45:00,2019,6,16,0,45,33,33063,BD JOLIOT-CURIE sens Cenon - Bordeaux,44.84065,-0.54365,Nuit avec éclairage allumé,En agglomération,Hors intersection,Normale,Autre collision,4,2,3,0,1,2,1,0,1,70,1,2,1,0,0,1,31.0,,voiture,,5,2,1,1,6
201900051210,2019-06-15 19:45:00,2019,6,15,19,45,33,33281,AVE PIERRE MENDES FRANCE,44.81479,-0.63479,Plein jour,En agglomération,Intersection en T,Normale,Deux véhicules - côté,4,3,4,2,1,1,1,0,1,50,2,3,2,0,1,0,48.0,24.0,deux_roues,voiture,1,2,3,1,3
201900051211,2019-06-14 16:55:00,2019,6,14,16,55,33,33063,38 RTE DE TOULOUSE,44.81318,-0.57331,Plein jour,En agglomération,Intersection en T,Normale,Deux véhicules - côté,4,2,2,0,1,1,1,0,1,50,2,2,1,0,0,1,33.0,42.0,deux_roues,deux_roues,1,2,3,1,3
201900051212,2019-05-29 15:40:00,2019,5,29,15,40,33,33063,PCE RENE MARAN,44.8756,-0.55349,Plein jour,En agglomération,Giratoire,Normale,Autre collision,4,1,2,0,1,2,1,0,1,50,2,2,1,0,0,1,35.0,66.0,utilitaire_camion,deux_roues,1,2,6,1,6
201900051213,2019-05-26 06:50:00,2019,5,26,6,50,33,33318,AVE DU GENERAL LECLERC,44.7991,-0.66318,Plein jour,En agglomération,Intersection en Y,Normale,Deux véhicules - côté,4,3,6,0,1,1,1,0,1,50,2,2,1,0,0,1,65.0,23.0,voiture,voiture,1,2,4,1,3
201900051214,2019-05-22 11:30:00,2019,5,22,11,30,33,33063,RUE BLANQUI,44.869918,-0.550713,Plein jour,En agglomération,Intersection en X,Normale,Autre collision,4,1,0,2,1,1,1,0,1,50,2,2,1,0,0,1,50.0,58.0,voiture,deux_roues,1,2,2,1,6
201900051215,2019-06-12 13:00:00,2019,6,12,13,0,33,33063,RUE BERNARD ADOUR CAUD,44.83824,-0.609304,Plein jour,En agglomération,Intersection en T,Pluie forte,Deux véhicules - arrière,4,1,1,0,1,1,2,0,1,50,2,2,1,0,0,1,19.0,13.0,utilitaire_camion,deux_roues,1,2,3,3,2
201900051216,2019-05-21 20:30:00,2019,5,21,20,30,33,33063,LOUIS XVIII (QUAI ),44.8484,-0.57036,Plein jour,En agglomération,Hors intersection,Normale,Autre collision,4,2,0,1,1,1,1,0,5,20,2,2,0,0,0,2,37.0,23.0,deux_roues,deux_roues,1,2,1,1,6
201900051217,2019-05-23 17:40:00,2019,5,23,17,40,33,33065,RUE DE LA GABARE,44.8151,-0.5224,Plein jour,Hors agglomération,Hors intersection,Normale,Autre collision,6,-1,-1,0,1,3,1,0,1,50,2,2,0,0,0,2,24.0,41.0,voiture,utilitaire_camion,1,1,1,1,6
201900051218,2019-05-17 08:30:00,2019,5,17,8,30,33,33063,BD DU PRESIDENT WILSON,44.836599,-0.5988884,Plein jour,En agglomération,Intersection en X,Pluie légère,Autre collision,4,3,7,2,1,1,2,0,1,40,2,2,1,0,0,1,32.0,51.0,deux_roues,voiture,1,2,2,2,6
201900051219,2019-06-11 15:20:00,2019,6,11,15,20,33,33075,Rte du Médoc / Accès parking centre commercial,44.8752,-0.61956,Plein jour,En agglomération,Intersection en T,Normale,Autre collision,4,1,1,0,1,1,1,9,8,50,1,2,0,0,2,0,47.0,,voiture,,1,2,3,1,6
201900051220,2019-06-11 13:00:00,2019,6,11,13,0,33,33550,RUE DE LA CROIX DE MONJOUS,44.78053,-0.58618,Plein jour,En agglomération,Intersection en Y,Normale,Deux véhicules - arrière,1,1,1,0,1,3,1,3,1,50,2,3,2,0,0,1,57.0,30.0,voiture,voiture,1,2,4,1,2
201900051221,2019-05-13 09:30:00,2019,5,13,9,30,33,33063,CRS MARECHAL JUIN,44.83451,-0.58845,Plein jour,En agglomération,Intersection en X,Normale,Autre collision,4,3,6,2,1,1,1,0,1,50,1,2,1,0,1,0,42.0,,deux_roues,,1,2,2,1,6
201900051222,2019-05-16 14:40:00,2019,5,16,14,40,33,33075,RUE PIERRE DUCASSE,44.8836,-0.5936,Plein jour,En agglomération,Intersection en T,Normale,Deux véhicules - arrière,4,2,2,0,1,1,1,0,1,50,2,2,1,0,0,1,50.0,33.0,voiture,voiture,1,2,3,1,2
201900051223,2019-06-09 01:05:00,2019,6,9,1,5,33,33063,CRS D'ALSACE ET LORRAINE,44.83799,-0.56772,Nuit avec éclairage allumé,En agglomération,Intersection en Y,Normale,Deux véhicules - côté,4,2,3,2,1,1,1,0,1,30,2,2,1,0,0,1,19.0,30.0,voiture,deux_roues,5,2,4,1,3
201900051224,2019-06-09 00:15:00,2019,6,9,0,15,33,33119,AVE JEAN JAURES,44.857,-0.53232,Nuit avec éclairage allumé,En agglomération,Intersection en X,Normale,Deux véhicules - côté,4,3,7,2,1,1,1,0,1,50,2,3,1,0,0,2,70.0,33.0,voiture,voiture,5,2,2,1,3
201900051225,2019-06-08 20:35:00,2019,6,8,20,35,33,33249,QUAI ELISABETH DUPEYRON,44.8712,-0.53747,Plein jour,En agglomération,Hors intersection,Normale,Autre collision,4,2,3,1,2,1,1,0,1,50,1,1,0,0,0,1,27.0,,deux_roues,,1,2,1,1,6
201900051226,2019-06-08 08:25:00,2019,6,8,8,25,33,33063,PCE BIR HAKEIM,44.83659,-0.56533,Plein jour,En agglomération,Intersection en T,Temps éblouissant,Autre collision,4,1,2,1,1,1,1,0,8,50,2,2,1,0,0,1,47.0,46.0,deux_roues,utilitaire_camion,1,2,3,7,6
201900051227,2019-06-07 17:35:00,2019,6,7,17,35,33,33318,RUE DE LA MIRANTE,44.80215,-0.67197,Plein jour,En agglomération,Hors intersection,Normale,Autre collision,4,2,2,0,1,1,1,0,1,50,1,1,0,0,0,1,77.0,,voiture,,1,2,1,1,6
201900051228,2019-06-07 16:25:00,2019,6,7,16,25,33,33522,Bd du Président Franklin Roosevelt / R. de la Fraternité,44.820236,-0.581384,Plein jour,En agglomération,Intersection en Y,Normale,Trois véhicules et plus - en chaîne,4,3,6,2,1,1,1,0,1,50,4,4,3,0,0,1,22.0,20.0,voiture,voiture,1,2,4,1,4
201900051229,2019-06-07 11:27:00,2019,6,7,11,27,33,33249,RUE DES CAVAILLES,44.86408,-0.52485,Plein jour,Hors agglomération,Hors intersection,Normale,Autre collision,4,2,0,2,3,1,2,4,6,70,1,2,1,0,0,1,39.0,,transport_commun,,1,1,1,1,6
201900051230,2019-07-13 02:30:00,2019,7,13,2,30,33,33063,RUE DE BEGLES,44.81784,-0.5662,Nuit avec éclairage allumé,En agglomération,Hors intersection,Normale,Deux véhicules - côté,4,2,2,0,1,1,1,0,1,50,2,2,0,0,0,2,24.0,32.0,deux_roues,deux_roues,5,2,1,1,3
201900051231,2019-05-15 17:05:00,2019,5,15,17,5,33,33522,AVE ROUL,44.80594,-0.59838,Plein jour,En agglomération,Intersection en T,Normale,Autre collision,4,2,4,2,1,1,1,0,1,50,1,3,2,0,0,1,16.0,,deux_roues,,1,2,3,1,6
201900051232,2019-06-07 07:35:00,2019,6,7,7,35,33,33063,QUAI DES CHARTRONS,44.85071,-0.56942,Plein jour,En agglomération,Hors intersection,Pluie forte,Deux véhicules - côté,4,3,7,2,1,1,2,0,1,50,2,2,1,0,1,0,62.0,41.0,deux_roues,voiture,1,2,1,3,3
201900051233,2019-05-15 11:20:00,2019,5,15,11,20,33,33063,BD ALFRED DANEY,44.86879,-0.56893,Plein jour,En agglomération,Hors intersection,Normale,Trois véhicules et plus - collisions multiples,4,3,6,2,1,1,1,0,1,50,3,3,1,0,0,2,49.0,52.0,voiture,voiture,1,2,1,1,5
201900051234,2019-06-06 15:20:00,2019,6,6,15,20,33,33200,Av  Pasteur / Av de l'Aiglon,44.867006,-0.668571,Plein jour,En agglomération,Intersection en T,Normale,Deux véhicules - côté,4,2,4,2,1,1,1,0,1,50,2,2,1,0,0,1,32.0,65.0,deux_roues,voiture,1,2,3,1,3
201900051235,2019-06-06 13:50:00,2019,6,6,13,50,33,33063,AVE DE NONTRASTE,44.87737,-0.56503,Plein jour,En agglomération,Hors intersection,Normale,Trois véhicules et plus - en chaîne,4,2,2,0,2,1,1,0,1,50,3,4,1,0,0,3,33.0,37.0,voiture,voiture,1,2,1,1,4
201900051236,2019-06-05 11:20:00,2019,6,5,11,20,33,33069,RUE PASTEUR,44.85927,-0.60173,Plein jour,En agglomération,Hors intersection,Pluie forte,Autre collision,4,1,1,0,1,1,2,0,1,30,1,1,0,0,0,1,62.0,,voiture,,1,2,1,3,6
201900051237,2019-06-06 07:55:00,2019,6,6,7,55,33,33162,AVE DE SAINT-MEDARD,44.86304,-0.65524,Plein jour,En agglomération,Intersection en T,Normale,Deux véhicules - côté,4,2,2,0,1,1,1,0,1,50,2,2,0,0,0,2,29.0,18.0,deux_roues,voiture,1,2,3,1,3
201900051238,2019-05-29 19:10:00,2019,5,29,19,10,33,33281,AVE FRANCOIS MITTERRAND,44.8152,-0.68331,Plein jour,Hors agglomération,Hors intersection,Normale,Autre collision,4,2,2,0,1,1,1,0,1,70,2,2,1,0,0,1,19.0,33.0,voiture,voiture,1,1,1,1,6
201900051239,2019-05-26 21:20:00,2019,5,26,21,20,33,33069,65 AVE DE L'HIPPODROME - cyclo sort du parking coté n°impairs vers Rte du Médoc puis est percuté par VT A ne respectant pas feu rouge chantier,44.87406,-0.62878,Nuit avec éclairage allumé,En agglomération,Hors intersection,Normale,Deux véhicules - côté,4,2,2,0,1,1,1,8,1,50,2,2,1,0,0,1,24.0,28.0,voiture,deux_roues,5,2,1,1,3
201900051240,2019-05-22 17:15:00,2019,5,22,17,15,33,33063,RUE ROBERT SCHUMAN,44.85816,-0.58459,Plein jour,En agglomération,Intersection en X,Normale,Autre collision,4,2,2,2,1,1,1,0,1,50,1,1,0,0,0,1,,,,,1,2,2,1,6
201900051241,2019-05-30 01:55:00,2019,5,30,1,55,33,33063,RUE JUDAIQUE,44.840771,-0.592277,Nuit avec éclairage allumé,En agglomération,Intersection en X,Normale,Autre collision,4,1,1,2,1,1,1,0,1,50,1,1,0,0,0,1,32.0,,deux_roues,,5,2,2,1,6
201900051242,2019-05-21 14:30:00,2019,5,21,14,30,33,33281,Av Roland Garros/Accès Hôtel/R. des Avions Antoinette,44.83229,-0.69088,Plein jour,En agglomération,Intersection en X,Normale,Deux véhicules - côté,4,2,3,0,1,1,1,0,1,50,2,2,1,0,0,1,55.0,41.0,voiture,voiture,1,2,2,1,3