accident_id,datetime,annee,mois,jour,heure,minute,departement,commune_insee,adresse,latitude,longitude,luminosite,agglomeration,intersection,meteo,collision,catr,circ,nbv,vosp,prof,plan,surf,infra,situ,vma,nb_vehicules,nb_usagers,nb_indemnes,nb_tues,nb_blesses_hosp,nb_blesses_legers,age_cond_1,age_cond_2,veh_type_cond_1,veh_type_cond_2,lum_code,agg_code,int_code,atm_code,col_code
201900051243,2019-06-04 12:00:00,2019,6,4,12,0,33,33200,Av.DE MAGUDAS,44.85817,-0.67969,Plein jour,En agglomération,Hors intersection,Normale,Autre collision,4,3,2,0,1,1,1,0,1,50,1,1,0,0,0,1,70.0,,deux_roues,,1,2,1,1,6
201900051244,2019-06-04 19:47:00,2019,6,4,19,47,33,33249,DUPIN (RUE ANDRE),44.8797,-0.52296,Plein jour,En agglomération,Intersection en T,Normale,Autre collision,4,2,2,0,1,1,1,0,1,50,1,2,1,0,0,1,20.0,,utilitaire_camion,,1,2,3,1,6
201900051245,2019-06-04 17:45:00,2019,6,4,17,45,33,33063,RUE DE L'EGLISE CAUD,44.85066,-0.61402,Plein jour,En agglomération,Intersection en T,Normale,Autre collision,4,2,2,0,1,1,1,0,1,50,1,4,2,0,0,2,70.0,,voiture,,1,2,3,1,6
201900051246,2019-05-19 18:00:00,2019,5,19,18,0,33,33069,Av de Tivoli/R. Bourbaki,44.860702,-0.592661,Plein jour,En agglomération,Intersection en T,Normale,Deux véhicules - côté,4,2,2,0,1,1,1,0,1,50,2,2,1,0,0,1,59.0,18.0,voiture,deux_roues,1,2,3,1,3
201900051247,2019-06-04 14:15:00,2019,6,4,14,15,33,33069,GODARD (BD ),44.86573,-0.57639,Plein jour,En agglomération,Intersection en T,Normale,Deux véhicules - côté,4,3,6,0,1,1,1,0,1,50,2,3,1,0,0,2,29.0,35.0,voiture,utilitaire_camion,1,2,3,1,3
201900051248,2019-05-14 12:00:00,2019,5,14,12,0,33,33119,R. Jules Guesde/R. Albert Dupeyron,44.856998,-0.537395,Plein jour,En agglomération,Intersection en T,Normale,Deux véhicules - frontale,4,2,2,0,1,1,1,0,8,50,2,4,2,0,1,1,29.0,34.0,voiture,voiture,1,2,3,1,1
201900051249,2019-05-10 02:00:00,2019,5,10,2,0,33,33063,CRS BALGUERIE STUTTENBERG,44.8599767,-0.5645395,Nuit avec éclairage allumé,En agglomération,Intersection en T,Normale,Autre collision,4,1,2,1,1,1,1,0,1,50,2,1,0,0,0,1,36.0,,deux_roues,,5,2,3,1,6
201900051250,2019-06-04 00:30:00,2019,6,4,0,30,33,33069,BD PIERRE 1ER,44.85697,-0.5911,Nuit avec éclairage allumé,En agglomération,Intersection en X,Normale,Deux véhicules - frontale,4,2,7,2,1,1,1,0,1,5,2,2,1,0,0,1,60.0,24.0,voiture,deux_roues,5,2,2,1,1
201900051251,2019-06-01 02:30:00,2019,6,1,2,30,33,33063,PONT SAINT JEAN,44.83023,-0.55522,Nuit avec éclairage allumé,En agglomération,Hors intersection,Normale,Autre collision,4,1,3,0,4,3,1,2,1,50,1,2,0,0,0,2,31.0,,voiture,,5,2,1,1,6
201900051252,2019-05-30 21:00:00,2019,5,30,21,0,33,33200,AVE DE LA REPUBLIQUE,44.87282,-0.68147,Crépuscule ou aube,En agglomération,Intersection en T,Normale,Deux véhicules - côté,4,2,2,0,1,1,1,0,1,30,2,2,1,0,1,0,42.0,23.0,deux_roues,voiture,2,2,3,1,3
201900051253,2019-06-06 09:30:00,2019,6,6,9,30,33,33075,RUE DE LA TOUR DE GASSIES,44.88193,-0.62079,Plein jour,En agglomération,Intersection en X,Normale,Deux véhicules - côté,4,2,2,0,4,1,1,0,1,50,2,2,0,0,0,2,73.0,35.0,voiture,deux_roues,1,2,2,1,3
201900051254,2019-05-29 07:10:00,2019,5,29,7,10,33,33249,RTE DE CARBON-BLANC,44.8807,-0.52375,Plein jour,En agglomération,Hors intersection,Normale,Autre collision,6,-1,0,1,2,2,1,0,1,30,2,2,1,0,0,1,29.0,37.0,deux_roues,deux_roues,1,2,1,1,6
201900051255,2019-06-09 17:10:00,2019,6,9,17,10,33,33009,PLAGE (BD DE LA)  53,44.65893,-1.15183,Plein jour,En agglomération,Hors intersection,Normale,Autre collision,3,2,2,0,1,1,1,0,1,50,1,1,0,0,0,1,27.0,,voiture,,1,2,1,1,6
201900051256,2019-06-12 16:10:00,2019,6,12,16,10,33,33529,RN250 (BONNEVAL - LA HUME) - Z.A.,44.61658,-1.13821,Plein jour,Hors agglomération,Autre intersection,Normale,Deux véhicules - arrière,2,2,4,0,1,1,1,9,1,80,2,3,2,0,0,1,30.0,52.0,voiture,voiture,1,1,9,1,2
201900051257,2019-06-11 17:25:00,2019,6,11,17,25,33,33529,INDUSTRIE (BD DE L') DU 02 ET +,44.61255,-1.12844,Plein jour,En agglomération,Autre intersection,Pluie légère,Deux véhicules - arrière,4,2,2,0,1,1,1,0,1,50,2,3,1,0,0,2,22.0,51.0,deux_roues,deux_roues,1,2,9,2,2
201900051258,2019-06-07 12:25:00,2019,6,7,12,25,33,33529,Av de l'Europe / Av.Curie ,44.61665,-1.11338,Plein jour,En agglomération,Intersection en T,Normale,Deux véhicules - côté,4,2,2,0,1,1,1,0,1,50,2,2,1,0,0,1,54.0,30.0,voiture,deux_roues,1,2,3,1,3
201900051259,2019-05-31 10:20:00,2019,5,31,10,20,33,33529,PARC DES EXPOSITIONS (Ave du),44.61486,-1.11874,Plein jour,En agglomération,Intersection en X,Normale,Deux véhicules - côté,4,2,2,0,1,1,1,0,1,50,2,2,1,0,0,1,71.0,65.0,voiture,deux_roues,1,2,2,1,3
201900051260,2019-06-04 10:20:00,2019,6,4,10,20,32,32013,ARCADIE (CHEMIN D'),43.64954,0.56068,Plein jour,Hors agglomération,Hors intersection,Normale,Autre collision,5,4,1,0,2,1,9,0,1,30,1,2,0,0,0,2,25.0,,voiture,,1,1,1,1,6
201900051261,2019-06-18 06:15:00,2019,6,18,6,15,31,31555,VA007331 A620,43.61234,1.41743,Plein jour,Hors agglomération,Hors intersection,Normale,Trois véhicules et plus - collisions multiples,1,3,6,0,1,1,1,0,1,90,3,8,5,0,0,3,46.0,52.0,voiture,voiture,1,1,1,1,5
201900051262,2019-06-17 07:55:00,2019,6,17,7,55,31,31555,RUE DU DR MARCEL BOUVIER,43.62474,1.4568,Plein jour,En agglomération,Hors intersection,Normale,Deux véhicules - côté,4,2,2,0,1,1,1,0,1,50,2,2,1,0,1,0,59.0,28.0,deux_roues,voiture,1,2,1,1,3
201900051263,2019-06-17 10:20:00,2019,6,17,10,20,31,31555,RUE DE LIMAYRAC,43.59285,1.475,Plein jour,En agglomération,Hors intersection,Normale,Autre collision,4,2,2,0,2,1,1,0,1,50,2,2,1,0,0,1,53.0,53.0,deux_roues,utilitaire_camion,1,2,1,1,6
201900051264,2019-06-16 03:10:00,2019,6,16,3,10,31,31555,RTE D AGDE,43.62813,1.47936,Nuit avec éclairage non allumé,En agglomération,Intersection en X,Normale,Deux véhicules - côté,3,3,6,0,1,1,1,0,1,50,2,9,4,0,0,5,26.0,23.0,voiture,voiture,4,2,2,1,3
201900051265,2019-06-16 00:01:00,2019,6,16,0,1,31,31555,BD DE STRASBOURG,43.60759,1.44674,Nuit avec éclairage allumé,En agglomération,Hors intersection,Normale,Autre collision,4,2,4,3,1,1,1,0,1,50,1,1,0,0,0,1,,,,,5,2,1,1,6
201900051266,2019-06-15 19:10:00,2019,6,15,19,10,31,31555,CHE DE CROIX BENITE,43.66397,1.43302,Plein jour,En agglomération,Intersection en X,Normale,Deux véhicules - côté,4,2,2,0,1,1,1,0,1,50,2,2,1,0,0,1,57.0,24.0,voiture,utilitaire_camion,1,2,2,1,3
201900051267,2019-06-15 14:15:00,2019,6,15,14,15,31,31555,RTE DE LAUNAGUET,43.66006,1.43896,Plein jour,En agglomération,Hors intersection,Normale,Deux véhicules - côté,3,2,2,0,1,4,1,0,1,50,2,2,1,0,0,1,38.0,42.0,voiture,deux_roues,1,2,1,1,3
201900051268,2019-06-15 03:30:00,2019,6,15,3,30,31,31149,SAINT GRANIER (AVENUE DE),43.59756,1.36339,Nuit avec éclairage allumé,En agglomération,Hors intersection,Normale,Autre collision,4,3,2,0,2,1,1,0,1,50,1,2,0,0,1,1,32.0,,voiture,,5,2,1,1,6
201900051269,2019-06-14 20:15:00,2019,6,14,20,15,31,31555,GLOIRE (AV DE LA) DU 2AU 160,43.60552,1.45895,Plein jour,En agglomération,Hors intersection,Normale,Deux véhicules - arrière,4,2,2,0,1,2,1,0,1,50,2,2,1,0,0,1,37.0,14.0,voiture,deux_roues,1,2,1,1,2
201900051270,2019-06-14 19:15:00,2019,6,14,19,15,31,31555,PL ROQUELAINE,43.61275,1.44875,Plein jour,En agglomération,Hors intersection,Normale,Deux véhicules - côté,4,2,4,0,1,1,1,0,1,50,2,2,1,0,0,1,45.0,68.0,voiture,deux_roues,1,2,1,1,3
201900051271,2019-06-14 16:00:00,2019,6,14,16,0,31,31555,VA007331 A620,43.57498,1.40914,Plein jour,Hors agglomération,Hors intersection,Normale,Trois véhicules et plus - en chaîne,1,3,6,0,1,1,1,0,1,90,4,4,2,0,0,2,35.0,29.0,voiture,voiture,1,1,1,1,4
201900051272,2019-06-13 18:30:00,2019,6,13,18,30,31,31555,SALADE PONSAN (CHE DE LA) DU 19AU 181,43.59871,1.45143,Plein jour,En agglomération,Intersection en T,Normale,Deux véhicules - côté,4,2,2,0,1,1,1,0,1,50,2,2,1,0,0,1,24.0,18.0,voiture,deux_roues,1,2,3,1,3
201900051273,2019-06-12 20:50:00,2019,6,12,20,50,31,31555,MARCAISSONNE (AV DE LA) DU 1AU 157,43.57328,1.50034,Crépuscule ou aube,En agglomération,Intersection en T,Normale,Deux véhicules - côté,3,2,2,0,1,1,1,0,1,50,2,2,1,0,1,0,21.0,19.0,deux_roues,voiture,2,2,3,1,3
201900051274,2019-06-12 13:55:00,2019,6,12,13,55,31,31555,RUE DU CHER,43.58179,1.40645,Plein jour,En agglomération,Hors intersection,Normale,Deux véhicules - arrière,4,1,1,0,1,1,1,0,1,50,2,2,1,0,0,1,27.0,16.0,utilitaire_camion,deux_roues,1,2,1,1,2
201900051275,2019-06-11 15:00:00,2019,6,11,15,0,31,31555,VA008482 A624,43.60516,1.39728,Plein jour,Hors agglomération,Hors intersection,Normale,Autre collision,1,3,3,0,1,1,1,0,1,90,3,3,2,0,0,1,22.0,55.0,voiture,utilitaire_camion,1,1,1,1,6
201900051276,2019-06-11 08:35:00,2019,6,11,8,35,31,31555,CHE DU SEMINAIRE,43.6394,1.43918,Plein jour,En agglomération,Intersection en T,Pluie légère,Deux véhicules - côté,3,2,2,0,1,1,2,0,1,50,2,2,1,0,0,1,28.0,48.0,voiture,deux_roues,1,2,3,2,3
201900051277,2019-06-10 18:05:00,2019,6,10,18,5,31,31555,ALL DE BRIENNE,43.60564,1.43169,Plein jour,En agglomération,Hors intersection,Normale,Deux véhicules - côté,4,2,2,0,1,1,1,0,1,50,2,2,1,0,0,1,25.0,32.0,voiture,voiture,1,2,1,1,3
201900051278,2019-06-10 07:45:00,2019,6,10,7,45,31,31555,VA007331 A620,43.57359,1.4657,Plein jour,Hors agglomération,Hors intersection,Pluie forte,Sans collision,1,3,3,0,1,2,2,0,1,90,1,3,0,1,0,2,37.0,,utilitaire_camion,,1,1,1,3,7
201900051279,2019-06-08 19:00:00,2019,6,8,19,0,31,31555,CHE DU CHAPITRE,43.5594,1.41094,Plein jour,En agglomération,Hors intersection,Normale,Deux véhicules - frontale,4,2,2,1,1,1,1,0,1,50,2,2,1,0,1,0,30.0,53.0,deux_roues,deux_roues,1,2,1,1,1
201900051280,2019-06-07 17:16:00,2019,6,7,17,16,31,31555,IMP DES VERGERS,43.5913,1.39861,Plein jour,En agglomération,Hors intersection,Normale,Deux véhicules - frontale,4,2,2,0,1,4,9,0,1,50,2,2,1,0,1,0,14.0,22.0,deux_roues,voiture,1,2,1,1,1
201900051281,2019-06-07 13:20:00,2019,6,7,13,20,31,31555,RUE DE LA CHARENTE,43.58289,1.40939,Plein jour,En agglomération,Hors intersection,Normale,Deux véhicules - côté,4,2,2,0,1,1,1,0,1,50,2,3,1,0,2,0,17.0,19.0,deux_roues,voiture,1,2,1,1,3
201900051282,2019-06-07 08:40:00,2019,6,7,8,40,31,31555,RUE MICHEL ANGE,43.62719,1.44584,Plein jour,En agglomération,Hors intersection,Normale,Deux véhicules - côté,4,3,2,0,1,3,1,0,1,50,2,2,1,0,0,1,29.0,53.0,deux_roues,voiture,1,2,1,1,3
201900051283,2019-06-06 17:08:00,2019,6,6,17,8,31,31555,RTE DE REVEL,43.5667,1.50891,Plein jour,En agglomération,Giratoire,Normale,Deux véhicules - côté,3,2,2,0,1,1,1,0,1,50,2,1,0,0,0,1,40.0,,deux_roues,,1,2,6,1,3
201900051284,2019-06-06 13:30:00,2019,6,6,13,30,31,31555,REYNERIE (AV DE) DU 66AU 85,43.57503,1.40566,Plein jour,En agglomération,Hors intersection,Normale,Autre collision,4,3,2,0,1,3,1,0,1,50,1,2,1,0,0,1,24.0,,voiture,,1,2,1,1,6
201900051285,2019-06-03 17:14:00,2019,6,3,17,14,31,31069,VOIE LACTEE (RD902),43.64983,1.36551,Plein jour,Hors agglomération,Hors intersection,Normale,Sans collision,3,3,2,3,1,1,1,0,1,90,1,1,0,0,1,0,55.0,,voiture,,1,1,1,1,7
201900051286,2019-06-04 19:25:00,2019,6,4,19,25,31,31555,VA007473 A62,43.64995,1.43209,Plein jour,Hors agglomération,Hors intersection,Normale,Deux véhicules - côté,1,3,3,0,1,1,1,0,1,90,2,2,1,0,1,0,30.0,45.0,deux_roues,voiture,1,1,1,1,3
201900051287,2019-06-02 03:00:00,2019,6,2,3,0,31,31555,PL ROGER SALENGRO,43.60296,1.44484,Nuit avec éclairage allumé,En agglomération,Place,Normale,Deux véhicules - côté,4,1,1,0,1,1,1,0,1,50,2,2,1,0,0,1,24.0,24.0,deux_roues,deux_roues,5,2,7,1,3
201900051288,2019-06-01 06:25:00,2019,6,1,6,25,31,31555,CHE DE MOULIS,43.66559,1.43885,Crépuscule ou aube,En agglomération,Hors intersection,Normale,Autre collision,3,2,2,0,1,3,1,0,1,50,1,2,0,0,0,2,20.0,,voiture,,2,2,1,1,6
201900051289,2019-06-01 18:29:00,2019,6,1,18,29,31,31555,SAINT SIMON (RTE DE) DU 3 AU 108,43.58578,1.40378,Plein jour,Hors agglomération,Hors intersection,Normale,Deux véhicules - côté,4,2,2,0,1,1,1,0,1,50,2,3,1,0,0,2,52.0,33.0,voiture,voiture,1,1,1,1,3
201900051290,2019-05-31 19:23:00,2019,5,31,19,23,31,31555,CHE DE RISPET,43.64866,1.43947,Plein jour,En agglomération,Hors intersection,Normale,Trois véhicules et plus - en chaîne,4,4,2,0,1,1,1,0,1,30,3,2,1,0,0,1,36.0,36.0,voiture,deux_roues,1,2,1,1,4
201900051291,2019-05-31 15:00:00,2019,5,31,15,0,31,31555,AV DE BIARRITZ,43.60747,1.40965,Plein jour,En agglomération,Intersection en X,Normale,Deux véhicules - côté,4,2,2,0,1,1,1,0,1,50,2,3,1,0,0,2,46.0,17.0,voiture,deux_roues,1,2,2,1,3
201900051292,2019-05-31 02:00:00,2019,5,31,2,0,31,31555,PORT DE L EMBOUCHURE,43.61091,1.4187,Nuit avec éclairage allumé,En agglomération,Hors intersection,Normale,Deux véhicules - frontale,4,1,2,0,1,1,1,0,1,50,2,6,4,0,0,2,29.0,34.0,voiture,voiture,5,2,1,1,1
201900051293,2019-05-30 11:50:00,2019,5,30,11,50,31,31555,VA007553 A61,43.62022,1.48186,Plein jour,Hors agglomération,Hors intersection,Normale,Deux véhicules - arrière,1,3,3,0,1,1,1,0,1,90,2,2,1,0,0,1,38.0,32.0,utilitaire_camion,voiture,1,1,1,1,2
201900051294,2019-05-29 15:50:00,2019,5,29,15,50,31,31149,AMPERE (AVENUE ANDRE MARIE),43.61112,1.30588,Plein jour,En agglomération,Hors intersection,Normale,Autre collision,4,2,2,0,1,1,1,0,1,50,1,1,0,0,0,1,48.0,,voiture,,1,2,1,1,6
201900051295,2019-06-14 01:05:00,2019,6,14,1,5,30,30189,ALOUETTE (CHEMIN),43.83645,4.33701,Nuit avec éclairage allumé,En agglomération,Intersection en T,Normale,Autre collision,4,2,2,0,2,1,1,0,1,50,1,5,4,0,0,1,23.0,,voiture,,5,2,3,1,6
201900051296,2019-06-12 22:40:00,2019,6,12,22,40,30,30189,ALLENDE SALVADOR (RUE),43.8326,4.385,Nuit avec éclairage allumé,En agglomération,Hors intersection,Normale,Autre collision,4,3,2,0,1,2,1,0,2,30,2,3,2,0,0,1,44.0,46.0,voiture,voiture,5,2,1,1,6
201900051297,2019-06-09 02:50:00,2019,6,9,2,50,30,30189,FAITA VINCENT (RUE),43.84569,4.37165,Nuit avec éclairage allumé,En agglomération,Intersection en T,Normale,Deux véhicules - côté,4,2,1,0,1,1,1,0,1,50,2,1,0,0,1,0,25.0,,deux_roues,,5,2,3,1,3
201900051298,2019-06-17 08:42:00,2019,6,17,8,42,30,30028,ROUTE D'AVIGNON,44.155486,4.639816,Plein jour,En agglomération,Hors intersection,Normale,Deux véhicules - côté,2,2,2,0,1,1,1,0,1,70,2,2,1,0,1,0,20.0,35.0,deux_roues,voiture,1,2,1,1,3
201900051299,2019-05-31 08:40:00,2019,5,31,8,40,30,30007,BAGNOLS (ROUTE DE),44.13064,4.11325,Plein jour,Hors agglomération,Intersection en X,Normale,Deux véhicules - côté,3,2,2,0,1,1,1,0,1,70,2,2,1,0,1,0,63.0,34.0,deux_roues,utilitaire_camion,1,1,2,1,3
201900051300,2019-06-17 16:00:00,2019,6,17,16,0,29,29232,ERGUE ARMEL  ROND POINT D',47.9836633,-4.0746596,Plein jour,En agglomération,Giratoire,Normale,Autre collision,4,1,2,0,1,1,1,0,1,50,1,2,1,0,0,1,31.0,,voiture,,1,2,6,1,6
201900051301,2019-06-12 20:23:00,2019,6,12,20,23,29,29232,RN 165,48.02726,-4.08604,Plein jour,Hors agglomération,Autre intersection,Pluie légère,Sans collision,2,3,4,0,1,1,2,9,1,110,1,1,0,0,1,0,21.0,,voiture,,1,1,9,2,7
201900051302,2019-06-14 14:32:00,2019,6,14,14,32,29,29232,TREQUEFFELEC  ROND POINT DE,48.0034499,-4.083877,Plein jour,En agglomération,Autre intersection,Normale,Sans collision,3,1,1,0,1,3,1,5,1,50,1,1,0,0,0,1,85.0,,voiture,,1,2,9,1,7
201900051303,2019-06-11 17:00:00,2019,6,11,17,0,29,29232,LE DEAN AIME JEAN RUE,47.99278,-4.0918,Plein jour,En agglomération,Hors intersection,Pluie légère,Autre collision,4,2,1,0,1,1,2,6,1,50,1,2,1,0,0,1,60.0,,voiture,,1,2,1,2,6
201900051304,2019-06-08 18:35:00,2019,6,8,18,35,29,29232,FLANDRES DUNKERQUE 1940 BOULEVARD,47.9793,-4.094,Plein jour,En agglomération,Giratoire,Normale,Deux véhicules - côté,3,1,2,0,1,1,1,0,2,70,2,2,1,0,0,1,29.0,29.0,deux_roues,voiture,1,2,6,1,3
201900051305,2019-06-05 20:20:00,2019,6,5,20,20,29,29051,STANGALA ROUTE,48.0049768,-4.0572765,Plein jour,Hors agglomération,Hors intersection,Normale,Deux véhicules - frontale,4,2,2,0,2,1,1,0,1,50,2,2,0,0,0,2,39.0,23.0,voiture,voiture,1,1,1,1,1
201900051306,2019-06-05 10:20:00,2019,6,5,10,20,29,29232,PONT L'ABBE ROUTE DE,47.98804,-4.11967,Plein jour,En agglomération,Hors intersection,Normale,Autre collision,4,2,2,0,1,1,2,0,1,50,1,2,1,0,1,0,36.0,,voiture,,1,2,1,1,6
201900051307,2019-06-16 12:05:00,2019,6,16,12,5,29,29254,ROUTE NATIONALE 12,48.5646,-3.86095,Plein jour,Hors agglomération,Hors intersection,Pluie légère,Deux véhicules - arrière,2,3,4,0,1,1,2,0,1,110,2,3,2,0,0,1,57.0,24.0,voiture,voiture,1,1,1,2,2
201900051308,2019-06-06 17:00:00,2019,6,6,17,0,29,29039,CHARLEMAGNE ( COURS),47.86452,-3.9025,Plein jour,En agglomération,Autre intersection,Normale,Deux véhicules - arrière,4,2,2,0,1,1,1,0,2,30,2,2,1,0,0,1,15.0,15.0,deux_roues,deux_roues,1,2,9,1,2
201900051309,2019-05-30 20:20:00,2019,5,30,20,20,29,29039,KEROSE ( RUE DE ),47.8742,-3.89829,Plein jour,Hors agglomération,Intersection en X,Normale,Deux véhicules - côté,3,4,3,0,2,1,1,0,1,50,2,2,1,0,0,1,67.0,17.0,voiture,deux_roues,1,1,2,1,3
201900051310,2019-06-13 13:45:00,2019,6,13,13,45,29,29019,PEN AR CH'LEUZ (ROND POINT),48.4145,-4.4787,Plein jour,En agglomération,Giratoire,Normale,Deux véhicules - arrière,4,1,2,0,1,3,1,0,1,50,2,2,1,0,0,1,46.0,25.0,voiture,voiture,1,2,6,1,2
201900051311,2019-06-11 14:46:00,2019,6,11,14,46,29,29019,PLYMOUTH (DE 89 A 135 ET 54 A 118),48.3846,-4.53572,Plein jour,En agglomération,Hors intersection,Normale,Deux véhicules - côté,4,-1,2,0,1,1,1,0,1,50,2,2,1,0,0,1,46.0,49.0,transport_commun,voiture,1,2,1,1,3
201900051312,2019-06-17 19:48:00,2019,6,17,19,48,29,29019,EUSEN VICTOR,48.4,-4.49,Plein jour,En agglomération,Hors intersection,Normale,Autre collision,4,2,2,0,1,1,1,0,1,50,1,2,1,0,0,1,70.0,,voiture,,1,2,1,1,6
201900051313,2019-05-31 19:10:00,2019,5,31,19,10,29,29019,MAISSIN,48.3877889,-4.5033564,Plein jour,En agglomération,Hors intersection,Normale,Deux véhicules - frontale,4,-1,2,0,1,1,1,0,1,30,2,2,0,0,1,1,26.0,82.0,voiture,voiture,1,2,1,1,1
201900051314,2019-05-27 08:48:00,2019,5,27,8,48,29,29019,GOUESNOU (DE 221 ET 214 A FIN),48.4153631,-4.4683709,Plein jour,En agglomération,Hors intersection,Normale,Deux véhicules - arrière,4,2,2,0,1,1,1,0,1,30,2,2,1,0,0,1,38.0,15.0,voiture,deux_roues,1,2,1,1,2
201900051315,2019-06-15 18:45:00,2019,6,15,18,45,28,28134,D 929,48.7318645,1.3758888,Plein jour,En agglomération,Autre intersection,Normale,Deux véhicules - côté,3,3,2,0,1,1,1,3,1,50,2,3,0,0,1,2,50.0,26.0,voiture,voiture,1,2,9,1,3
201900051316,2019-06-01 20:05:00,2019,6,1,20,5,28,28134,LIVRAINDIERES (RUE DES),48.7485,1.35523,Plein jour,En agglomération,Hors intersection,Normale,Deux véhicules - arrière,4,2,2,0,1,1,1,0,1,50,2,2,1,0,1,0,66.0,27.0,voiture,deux_roues,1,2,1,1,2
201900051317,2019-05-28 20:55:00,2019,5,28,20,55,28,28085,CHASLES (BOULEVARD),48.44219,1.48868,Plein jour,En agglomération,Hors intersection,Normale,Autre collision,4,2,4,0,1,1,1,9,1,30,1,2,1,0,1,0,45.0,,voiture,,1,2,1,1,6
201900051318,2019-06-10 19:15:00,2019,6,10,19,15,28,28229,CHATEAU D'EAU (RUE DU),48.44976,1.45696,Plein jour,En agglomération,Autre intersection,Normale,Deux véhicules - frontale,4,2,2,0,1,1,1,0,1,50,2,2,1,0,1,0,33.0,26.0,deux_roues,voiture,1,2,9,1,1
201900051319,2019-06-01 21:40:00,2019,6,1,21,40,28,28218,EUROPE (AVENUE DE L'),48.44151,1.45178,Nuit avec éclairage allumé,En agglomération,Hors intersection,Normale,Autre collision,3,3,4,0,2,4,1,0,1,50,1,2,0,0,1,1,19.0,,voiture,,5,2,1,1,6
201900051320,2019-06-07 17:05:00,2019,6,7,17,5,27,27681,ROUTE DEPARTEMENTALE 313 Route de Magny,49.09909,1.50511,Plein jour,En agglomération,Hors intersection,Pluie légère,Deux véhicules - arrière,3,2,1,0,2,3,2,0,1,50,2,3,2,0,0,1,40.0,39.0,voiture,voiture,1,2,1,2,2
201900051321,2019-06-06 18:25:00,2019,6,6,18,25,27,27562,ROUEN (ROUTE DE ),49.10847,1.45468,Plein jour,En agglomération,Hors intersection,Normale,Deux véhicules - arrière,4,2,2,0,1,1,1,0,1,50,2,2,1,0,0,1,16.0,27.0,deux_roues,voiture,1,2,1,1,2
201900051322,2019-06-19 00:35:00,2019,6,19,0,35,27,27701,LOUVIERS (ROUTE DE) BLANCHE A LERY,49.271518,1.2061288,Nuit sans éclairage public,En agglomération,Intersection en X,Normale,Deux véhicules - côté,3,2,2,0,1,1,1,0,1,30,2,2,1,0,1,0,21.0,36.0,voiture,deux_roues,3,2,2,1,3
201900051323,2019-06-16 06:55:00,2019,6,16,6,55,27,27701,RD6015,49.26515,1.16147,Crépuscule ou aube,Hors agglomération,Hors intersection,Normale,Autre collision,3,2,3,0,3,1,1,0,1,90,1,1,0,0,1,0,25.0,,voiture,,2,1,1,1,6
201900051324,2019-06-06 12:20:00,2019,6,6,12,20,27,27375,DUNANT (AVENUE HENRI),49.2054,1.16822,Plein jour,En agglomération,Hors intersection,Normale,Autre collision,3,2,2,0,2,1,1,0,1,50,1,2,1,0,0,1,34.0,,voiture,,1,2,1,1,6
201900051325,2019-06-06 22:25:00,2019,6,6,22,25,27,27375,MENDES FRANCE (RUE PIERRE),49.21341,1.16946,Nuit avec éclairage allumé,En agglomération,Hors intersection,Normale,Autre collision,4,1,1,0,2,1,1,0,1,50,1,1,0,0,0,1,,,,,5,2,1,1,6
201900051326,2019-06-01 02:45:00,2019,6,1,2,45,27,27375,MONTFORT (ROUTE DE),49.212593,1.155618,Nuit avec éclairage allumé,En agglomération,Hors intersection,Normale,Autre collision,4,2,3,0,2,1,1,0,1,50,1,1,0,0,0,1,21.0,,voiture,,5,2,1,1,6
201900051327,2019-06-17 09:25:00,2019,6,17,9,25,26,26362,VERDUN AVENUE DE (301),44.9384,4.9005,Plein jour,En agglomération,Hors intersection,Normale,Autre collision,4,2,-1,-1,1,1,1,0,1,50,1,2,0,1,0,1,21.0,,deux_roues,,1,2,1,1,6
201900051328,2019-02-13 19:05:00,2019,2,13,19,5,91,91345,CORBEIL (ROUTE DE),48.68865,2.30234,Nuit avec éclairage allumé,En agglomération,Hors intersection,Normale,Autre collision,3,3,2,0,1,3,1,0,1,50,1,2,0,0,1,1,29.0,,deux_roues,,5,2,1,1,6
201900051329,2019-02-19 13:50:00,2019,2,19,13,50,91,91223,R.N.20,48.43387,2.16766,Plein jour,Hors agglomération,Autre intersection,Normale,Trois véhicules et plus - en chaîne,2,1,1,0,2,3,1,3,1,50,3,3,2,0,0,1,48.0,19.0,voiture,voiture,1,1,9,1,4
201900051330,2019-02-18 22:25:00,2019,2,18,22,25,86,86194,BEL AIR (RUE),46.59375,0.33495,Nuit avec éclairage allumé,En agglomération,Hors intersection,Temps couvert,Deux véhicules - frontale,4,-1,2,0,2,1,1,0,1,50,2,2,1,0,0,1,22.0,27.0,deux_roues,voiture,5,2,1,8,1
201900051331,2019-02-19 15:20:00,2019,2,19,15,20,80,80021,"342, R DE ROUEN",49.88636,2.27714,Plein jour,En agglomération,Hors intersection,Normale,Deux véhicules - côté,4,2,2,0,2,1,1,0,1,50,2,2,1,0,0,1,18.0,71.0,deux_roues,voiture,1,2,1,1,3
201900051332,2019-02-20 17:30:00,2019,2,20,17,30,77,77514,D105 X CH. DE LA COURONNEAURES (RUE),48.93927,2.60937,Plein jour,En agglomération,Autre intersection,Normale,Deux véhicules - côté,3,2,2,0,1,1,1,9,1,50,2,3,2,0,0,1,47.0,39.0,voiture,deux_roues,1,2,9,1,3
201900051333,2019-02-20 12:10:00,2019,2,20,12,10,77,77514,D84 X BD MARCEL SEMBAT,48.95138,2.6052,Plein jour,En agglomération,Giratoire,Normale,Deux véhicules - côté,3,2,2,0,4,1,1,5,1,50,2,2,1,0,1,0,80.0,79.0,voiture,deux_roues,1,2,6,1,3
201900051334,2019-01-28 19:05:00,2019,1,28,19,5,76,76575,ROUSSILLON. RUE DU,49.37145,1.10746,Nuit sans éclairage public,En agglomération,Hors intersection,Normale,Deux véhicules - arrière,4,2,2,0,1,1,1,0,1,50,2,2,1,0,0,1,43.0,,voiture,,3,2,1,1,2
201900051335,2019-02-19 19:55:00,2019,2,19,19,55,74,74012,VALLEES (ROUTE DES),46.194107,6.24073,Nuit avec éclairage allumé,En agglomération,Giratoire,Normale,Autre collision,3,2,2,0,1,1,1,0,1,50,1,2,1,0,0,1,70.0,,voiture,,5,2,6,1,6