accident_id,datetime,annee,mois,jour,heure,minute,departement,commune_insee,adresse,latitude,longitude,luminosite,agglomeration,intersection,meteo,collision,catr,circ,nbv,vosp,prof,plan,surf,infra,situ,vma,nb_vehicules,nb_usagers,nb_indemnes,nb_tues,nb_blesses_hosp,nb_blesses_legers,age_cond_1,age_cond_2,veh_type_cond_1,veh_type_cond_2,lum_code,agg_code,int_code,atm_code,col_code
201900051519,2019-10-27 21:30:00,2019,10,27,21,30,69,69383,ALBERT THOMAS                       (CO),45.748022,4.86415,Nuit avec éclairage allumé,En agglomération,Intersection en X,Normale,Deux véhicules - arrière,4,2,6,1,1,1,1,0,1,50,2,2,1,0,0,1,49.0,21.0,deux_roues,voiture,5,2,2,1,2
201900051520,2019-10-28 15:05:00,2019,10,28,15,5,972,97213,DUCHESNES 1,14.6594,-60.96791,Plein jour,Hors agglomération,Hors intersection,Normale,Deux véhicules - frontale,3,2,1,0,2,2,1,0,1,30,2,2,1,0,0,1,55.0,12.0,voiture,autre,1,1,1,1,1
201900051521,2019-10-27 03:45:00,2019,10,27,3,45,972,97213,ROUTE NATIONALE 5,14.5949,-60.9846,Nuit sans éclairage public,Hors agglomération,Hors intersection,Pluie légère,Sans collision,2,1,3,0,1,3,2,0,1,90,1,1,0,0,0,1,26.0,,voiture,,3,1,1,2,7
201900051522,2019-09-27 08:50:00,2019,9,27,8,50,972,97209,TIVOLI (ROUTE DE ),14.64129,-61.07085,Plein jour,Hors agglomération,Hors intersection,Normale,Deux véhicules - frontale,4,2,2,0,2,3,1,0,2,30,2,2,0,0,0,2,54.0,54.0,voiture,voiture,1,1,1,1,1
201900051523,2019-10-28 18:30:00,2019,10,28,18,30,69,69389,ROGER SALENGRO                      (R ),45.7781,4.80575,Nuit avec éclairage allumé,En agglomération,Intersection en T,Pluie légère,Deux véhicules - côté,7,2,2,0,1,1,2,0,1,50,2,2,1,0,0,1,26.0,20.0,voiture,voiture,5,2,3,2,3
201900051524,2019-10-28 09:00:00,2019,10,28,9,0,69,69389,SERGENT MICHEL BERTHET (DU)         (R ),45.76692,4.80548,Plein jour,En agglomération,Hors intersection,Pluie légère,Autre collision,4,2,4,1,1,1,2,0,1,50,2,2,1,0,0,1,24.0,52.0,voiture,deux_roues,1,2,1,2,6
201900051525,2019-10-28 18:10:00,2019,10,28,18,10,91,91691,HUIT MAI 1945 (PLACE DU),48.71233,2.48786,Nuit avec éclairage allumé,En agglomération,Hors intersection,Normale,Autre collision,4,2,2,0,2,2,1,0,1,50,1,1,0,0,0,1,70.0,,voiture,,5,2,1,1,6
201900051526,2019-10-28 10:30:00,2019,10,28,10,30,91,91021,GRANDE (RUE),48.5878,2.2468,Plein jour,En agglomération,Hors intersection,Normale,Deux véhicules - côté,4,1,1,0,1,3,1,0,1,50,2,2,1,0,0,1,36.0,61.0,voiture,deux_roues,1,2,1,1,3
201900051527,2019-10-26 16:40:00,2019,10,26,16,40,88,88160,GAULLE (AV. ET PL. GEN. DE),48.176315,6.442673,Plein jour,En agglomération,Intersection en X,Normale,Deux véhicules - côté,4,2,1,0,1,1,1,0,1,50,2,3,1,0,1,1,19.0,34.0,deux_roues,autre,1,2,2,1,3
201900051528,2019-10-28 10:57:00,2019,10,28,10,57,87,87085,ABBE PIERRE (Rue),45.84022,1.19429,Plein jour,En agglomération,Hors intersection,Pluie légère,Autre collision,4,2,2,0,1,1,2,0,1,30,1,2,1,0,0,1,55.0,,utilitaire_camion,,1,2,1,2,6
201900051529,2019-10-26 17:08:00,2019,10,26,17,8,87,87065,VANNIERS (RUE),45.78817,1.31938,Plein jour,En agglomération,Intersection en T,Normale,Deux véhicules - côté,4,2,2,0,1,1,1,0,1,30,2,2,1,0,1,0,72.0,63.0,voiture,deux_roues,1,2,3,1,3
201900051530,2019-10-26 13:13:00,2019,10,26,13,13,87,87085,BLANC LOUIS (BOULEVARD),45.82764,1.26,Plein jour,En agglomération,Hors intersection,Normale,Autre collision,4,2,2,0,1,1,1,0,1,50,2,2,1,0,0,1,29.0,40.0,deux_roues,voiture,1,2,1,1,6
201900051531,2019-10-27 21:00:00,2019,10,27,21,0,85,85194,RUE DES SAUNIERS ,46.50533,-1.79821,Nuit avec éclairage non allumé,En agglomération,Hors intersection,Normale,Autre collision,4,2,0,0,1,1,1,0,1,30,1,1,0,0,1,0,73.0,,voiture,,4,2,1,1,6
201900051532,2019-10-28 17:00:00,2019,10,28,17,0,83,83144,UNIVERSITE (AVE DE L'),43.13712,6.00451,Nuit avec éclairage allumé,En agglomération,Autre intersection,Normale,Deux véhicules - côté,4,2,1,0,1,1,1,6,1,50,2,3,1,0,1,1,20.0,17.0,voiture,deux_roues,5,2,9,1,3
201900051533,2019-10-27 14:30:00,2019,10,27,14,30,83,83137,LECLERC (AVE GENERAL),43.12577,5.92824,Plein jour,En agglomération,Hors intersection,Normale,Autre collision,4,2,6,0,1,1,1,0,1,50,1,2,1,0,0,1,83.0,,voiture,,1,2,1,1,6
201900051534,2019-10-25 15:20:00,2019,10,25,15,20,80,80021,PIERRE ROLLIN (RUE),49.87734,2.31263,Plein jour,En agglomération,Hors intersection,Normale,Deux véhicules - arrière,4,3,2,0,1,1,1,0,1,50,2,2,1,0,0,1,27.0,49.0,deux_roues,voiture,1,2,1,1,2
201900051535,2019-10-25 07:10:00,2019,10,25,7,10,78,78208,DEPARTEMENTALE 912 (ROUTE),48.789426,1.973731,Crépuscule ou aube,Hors agglomération,Giratoire,Normale,Autre collision,3,3,4,0,1,1,1,0,1,50,1,2,1,0,1,0,55.0,,voiture,,2,1,6,1,6
201900051536,2019-10-28 08:15:00,2019,10,28,8,15,77,77291,NATIONALE 1104 (ROUTE),49.02133,2.58342,Plein jour,Hors agglomération,Hors intersection,Normale,Deux véhicules - arrière,2,2,2,0,1,1,1,0,1,50,2,2,1,0,0,1,32.0,22.0,voiture,utilitaire_camion,1,1,1,1,2
201900051537,2019-10-27 19:00:00,2019,10,27,19,0,77,77350,RN4 HORS AGGLOMERATION,48.75823,2.66891,Nuit sans éclairage public,Hors agglomération,Hors intersection,Temps couvert,Trois véhicules et plus - en chaîne,2,3,4,0,1,1,2,0,1,110,4,8,5,0,0,3,25.0,31.0,voiture,voiture,3,1,1,8,4
201900051538,2019-10-26 06:45:00,2019,10,26,6,45,76,76540,CAEN. AVENUE DE,49.42996,1.07596,Nuit avec éclairage allumé,En agglomération,Hors intersection,Normale,Deux véhicules - côté,3,1,2,0,1,1,1,0,1,50,2,3,2,0,0,1,22.0,31.0,deux_roues,voiture,5,2,1,1,3
201900051539,2019-10-25 17:20:00,2019,10,25,17,20,76,76351,PIERRE MENDES FRANCE,49.5157,0.155,Plein jour,En agglomération,Hors intersection,Pluie légère,Deux véhicules - arrière,3,2,2,0,1,1,2,0,1,50,2,3,1,0,0,2,19.0,43.0,deux_roues,voiture,1,2,1,2,2
201900051540,2019-10-28 08:05:00,2019,10,28,8,5,74,74008,JURA (RUE DU),46.19923,6.226,Plein jour,En agglomération,Intersection en T,Pluie légère,Autre collision,4,2,2,0,1,1,2,0,1,50,1,2,1,0,1,0,43.0,,voiture,,1,2,3,2,6
201900051541,2019-10-28 20:45:00,2019,10,28,20,45,72,72181,CLEMENCEAU GEORGES ( BD) N° IMP,47.97856,0.21394,Nuit avec éclairage allumé,En agglomération,Hors intersection,Pluie légère,Autre collision,4,2,5,0,2,3,2,1,1,50,3,4,2,0,0,2,20.0,33.0,voiture,voiture,5,2,1,2,6
201900051542,2019-10-28 11:40:00,2019,10,28,11,40,72,72003,GRAND CHENE (RUE DU),47.95474,0.13418,Plein jour,Hors agglomération,Hors intersection,Pluie légère,Autre collision,4,2,2,0,1,2,9,0,1,80,1,4,0,0,0,4,38.0,,utilitaire_camion,,1,1,1,2,6
201900051543,2019-10-27 18:10:00,2019,10,27,18,10,72,72181,JAURES JEAN (AV) N° PAIRS 60 ET >,47.98,0.2,Nuit avec éclairage allumé,En agglomération,Hors intersection,Pluie légère,Autre collision,4,3,4,1,1,1,2,0,1,50,1,2,1,0,0,1,48.0,,voiture,,5,2,1,2,6
201900051544,2019-10-27 18:50:00,2019,10,27,18,50,69,69266,POIZAT      (Rue),45.7582,4.8933,Nuit avec éclairage allumé,En agglomération,Intersection en X,Normale,Deux véhicules - côté,4,1,1,0,1,1,1,0,1,50,2,6,3,0,0,3,36.0,34.0,voiture,voiture,5,2,2,1,3
201900051545,2019-10-25 16:00:00,2019,10,25,16,0,66,66136,FERMAT (PIERRE DE),42.7091,2.89257,Plein jour,En agglomération,Intersection en X,Normale,Autre collision,4,2,2,0,1,1,1,0,1,50,2,2,1,0,1,0,78.0,65.0,voiture,deux_roues,1,2,2,1,6
201900051546,2019-10-26 11:00:00,2019,10,26,11,0,66,66136,LAVOISIER (ANTOINE),42.66253,2.90719,Plein jour,En agglomération,Hors intersection,Normale,Autre collision,4,2,1,1,1,1,1,0,1,50,2,2,1,0,0,1,54.0,49.0,deux_roues,voiture,1,2,1,1,6
201900051547,2019-10-28 17:30:00,2019,10,28,17,30,64,64335,SAULT DE NAVAILLES DE,43.3470347,-0.4359556,Crépuscule ou aube,Hors agglomération,Hors intersection,Normale,Deux véhicules - côté,3,2,2,0,1,1,1,0,1,70,2,2,0,0,0,2,63.0,33.0,voiture,voiture,2,1,1,1,3
201900051548,2019-10-28 17:35:00,2019,10,28,17,35,64,64445,ROGER SALENGRO,43.315494,-0.3267532,Plein jour,En agglomération,Hors intersection,Normale,Deux véhicules - côté,4,2,2,0,1,1,1,0,1,50,2,2,1,0,0,1,23.0,29.0,voiture,deux_roues,1,2,1,1,3
201900051549,2019-10-27 20:45:00,2019,10,27,20,45,64,64102,SOULT (AVENUE MARECHAL),43.4872105,-1.4851292,Nuit avec éclairage allumé,En agglomération,Hors intersection,Normale,Deux véhicules - côté,3,3,4,3,2,1,1,0,1,50,2,2,1,0,0,1,25.0,18.0,deux_roues,voiture,5,2,1,1,3
201900051550,2019-10-17 18:00:00,2019,10,17,18,0,62,62215,RUE DE TOULOUSE,50.44026,2.84345,Plein jour,En agglomération,Hors intersection,Normale,Autre collision,4,2,1,0,1,1,1,0,1,30,1,2,1,0,1,0,20.0,,voiture,,1,2,1,1,6
201900051551,2019-10-25 09:30:00,2019,10,25,9,30,60,60463,PAIX (RUE DE LA),49.27558,2.46502,Plein jour,En agglomération,Hors intersection,Normale,Autre collision,4,2,2,0,1,1,1,0,1,50,1,2,1,0,1,0,38.0,,voiture,,1,2,1,1,6
201900051552,2019-10-28 14:00:00,2019,10,28,14,0,59,59009,TRADITION RUE DE LA,50.61468,3.14216,Plein jour,En agglomération,Intersection en X,Normale,Deux véhicules - côté,4,2,2,0,1,1,1,5,1,50,2,2,1,0,0,1,32.0,40.0,voiture,deux_roues,1,2,2,1,3
201900051553,2019-10-21 20:45:00,2019,10,21,20,45,59,59560,GONDECOURT RUE DE,50.5432959,3.0223829,Nuit avec éclairage allumé,En agglomération,Intersection en X,Normale,Deux véhicules - côté,7,2,2,0,1,1,1,0,1,50,2,2,1,0,0,1,42.0,33.0,transport_commun,deux_roues,5,2,2,1,3
201900051554,2019-10-24 15:25:00,2019,10,24,15,25,54,54274,CARNOT (RUE),48.671837,6.204936,Plein jour,En agglomération,Intersection en T,Normale,Deux véhicules - frontale,4,-1,2,0,1,1,1,0,1,50,2,2,1,0,0,1,41.0,38.0,voiture,voiture,1,2,3,1,1
201900051555,2019-10-23 17:00:00,2019,10,23,17,0,54,54395,VINGTIEME CORPS (AVENUE DU),48.69753,6.19892,Plein jour,En agglomération,Hors intersection,Normale,Sans collision,4,2,4,3,1,1,1,0,1,50,1,1,0,0,0,1,,,,,1,2,1,1,7
201900051556,2019-10-23 15:40:00,2019,10,23,15,40,54,54323,GIRAUD (PLACE),49.5149,5.76881,Plein jour,En agglomération,Intersection en Y,Normale,Deux véhicules - côté,4,2,1,0,1,1,1,0,1,50,2,2,1,0,0,1,74.0,88.0,voiture,voiture,1,2,4,1,3
201900051557,2019-10-27 13:00:00,2019,10,27,13,0,49,49007,BIRGE BOULEVARD,47.48114,-0.52212,Plein jour,En agglomération,Hors intersection,Pluie légère,Deux véhicules - côté,4,2,2,0,1,1,2,0,1,60,2,2,1,0,0,1,24.0,41.0,deux_roues,voiture,1,2,1,2,3
201900051558,2019-10-24 16:44:00,2019,10,24,16,44,49,49007,PYRAMIDE ROUTE,47.4519,-0.5222,Plein jour,En agglomération,Hors intersection,Normale,Deux véhicules - frontale,4,2,2,0,1,1,1,0,1,60,2,2,1,0,0,1,20.0,23.0,voiture,deux_roues,1,2,1,1,1
201900051559,2019-10-27 13:35:00,2019,10,27,13,35,44,44184,BD VICTOR HUGO / RUE ARISTIDE BRIAND,47.27777,-2.21722,Plein jour,Hors agglomération,Intersection en X,Normale,Autre collision,4,2,2,0,1,1,1,0,1,50,2,2,1,0,0,1,21.0,,utilitaire_camion,,1,1,2,1,6
201900051560,2019-10-28 18:30:00,2019,10,28,18,30,37,37122,CHERISY (RUE DE),47.356677,0.6892114,Nuit avec éclairage allumé,En agglomération,Intersection en T,Pluie légère,Sans collision,4,2,2,0,1,3,2,0,1,50,1,1,0,0,1,0,30.0,,deux_roues,,5,2,3,2,7
201900051561,2019-10-28 10:14:00,2019,10,28,10,14,37,37261,MALRAUX (QUAI ANDRE),47.3974432,0.6924427,Plein jour,En agglomération,Intersection en T,Normale,Deux véhicules - côté,4,2,2,0,1,1,2,0,2,50,2,3,2,0,0,1,38.0,23.0,voiture,voiture,1,2,3,1,3
201900051562,2019-10-28 19:50:00,2019,10,28,19,50,35,35051,PIED (LIEU-DIT MOUILLE),48.118128,-1.565467,Nuit sans éclairage public,Hors agglomération,Hors intersection,Pluie légère,Deux véhicules - côté,4,2,2,0,2,3,2,0,1,80,2,2,0,0,0,2,55.0,23.0,voiture,voiture,3,1,1,2,3
201900051563,2019-10-28 09:30:00,2019,10,28,9,30,35,35238,MOUNIER (BD EMMANUEL),48.1245,-1.6619,Plein jour,En agglomération,Giratoire,Pluie légère,Deux véhicules - côté,4,2,2,0,2,2,2,0,1,50,2,2,1,0,0,1,22.0,67.0,deux_roues,voiture,1,2,6,2,3
201900051564,2019-10-13 22:25:00,2019,10,13,22,25,33,33119,CRS DE VERDUN,44.8517,-0.5379,Nuit avec éclairage allumé,En agglomération,Hors intersection,Normale,Autre collision,4,1,2,0,1,1,1,0,1,50,1,1,0,0,0,1,,,,,5,2,1,1,6
201900051565,2019-10-17 15:45:00,2019,10,17,15,45,33,33063,RUE D'ARMAGNAC,44.82134,-0.55163,Plein jour,En agglomération,Hors intersection,Normale,Deux véhicules - côté,4,2,3,0,1,1,1,0,1,50,2,2,1,0,0,1,38.0,30.0,voiture,deux_roues,1,2,1,1,3
201900051566,2019-10-27 21:00:00,2019,10,27,21,0,33,33249,Rue Joachim du BELLAY,44.87319,-0.51189,Nuit avec éclairage allumé,En agglomération,Intersection en X,Normale,Deux véhicules - côté,4,2,2,0,2,1,1,0,1,50,2,2,1,0,0,1,14.0,29.0,deux_roues,voiture,5,2,2,1,3
201900051567,2019-10-27 18:50:00,2019,10,27,18,50,31,31555,VA007331 A620,43.6488,1.42174,Nuit avec éclairage allumé,Hors agglomération,Hors intersection,Normale,Trois véhicules et plus - en chaîne,1,3,6,0,1,1,1,0,1,90,3,7,5,0,0,2,47.0,24.0,voiture,voiture,5,1,1,1,4
201900051568,2019-10-27 05:45:00,2019,10,27,5,45,31,31555,VA007331 A620,43.59864,1.39725,Nuit avec éclairage non allumé,Hors agglomération,Hors intersection,Normale,Deux véhicules - arrière,1,3,3,0,1,2,1,0,1,90,2,1,0,0,0,1,45.0,,utilitaire_camion,,4,1,1,1,2
201900051569,2019-10-25 20:00:00,2019,10,25,20,0,31,31555,CHE DE RISPET,43.64791,1.4422,Crépuscule ou aube,En agglomération,Hors intersection,Normale,Deux véhicules - frontale,3,2,2,0,1,1,1,0,1,50,2,2,1,0,1,0,50.0,28.0,voiture,deux_roues,2,2,1,1,1
201900051570,2019-10-28 17:30:00,2019,10,28,17,30,17,17300,MOITESSIER  PLACE BERNARD,46.14885,-1.15107,Plein jour,En agglomération,Hors intersection,Normale,Deux véhicules - côté,4,2,2,3,1,2,1,0,1,30,2,2,1,0,0,1,22.0,24.0,deux_roues,voiture,1,2,1,1,3
201900051571,2019-10-28 17:10:00,2019,10,28,17,10,14,14101,RN 814,49.16447,-0.42844,Plein jour,Hors agglomération,Hors intersection,Pluie forte,Trois véhicules et plus - en chaîne,2,3,-1,-1,1,1,2,0,1,-1,4,4,3,0,0,1,31.0,52.0,voiture,voiture,1,1,1,3,4
201900051572,2019-10-25 19:20:00,2019,10,25,19,20,13,13077,MILLAT JOSEPH (avenue),43.41348,4.98575,Nuit avec éclairage allumé,En agglomération,Hors intersection,Normale,Autre collision,4,2,2,0,1,1,1,0,1,50,1,3,1,0,0,2,20.0,,voiture,,5,2,1,1,6
201900051573,2019-10-28 22:40:00,2019,10,28,22,40,13,13211,SAINT MARCEL (BOULEVARD DE ),43.28877,5.46183,Nuit avec éclairage allumé,En agglomération,Hors intersection,Normale,Deux véhicules - arrière,4,2,2,0,1,1,1,0,1,50,2,2,1,0,0,1,18.0,,voiture,,5,2,1,1,2
201900051574,2019-10-27 05:20:00,2019,10,27,5,20,13,13063,MARECHAL JUIN AVENUE,43.5821,4.99659,Nuit avec éclairage allumé,En agglomération,Hors intersection,Normale,Sans collision,4,-1,2,0,1,1,1,0,1,50,1,2,0,0,0,2,22.0,,voiture,,5,2,1,1,7
201900051575,2019-10-27 11:45:00,2019,10,27,11,45,12,12089,ESTAQUES (LES),44.58588,2.24776,Plein jour,Hors agglomération,Hors intersection,Normale,Sans collision,3,2,2,0,2,2,1,0,1,80,1,1,0,0,1,0,67.0,,deux_roues,,1,1,1,1,7
201900051576,2019-10-26 14:21:00,2019,10,26,14,21,11,11262,LECLERC (AVENUE DU GENERAL),43.18062,3.00688,Plein jour,En agglomération,Hors intersection,Normale,Deux véhicules - arrière,4,2,2,0,1,1,1,0,1,50,2,2,1,0,0,1,17.0,17.0,voiture,deux_roues,1,2,1,1,2
201900051577,2019-10-28 11:05:00,2019,10,28,11,5,6,06088,CASSIN (BD RENE),43.669774,7.216355,Plein jour,En agglomération,Hors intersection,Normale,Deux véhicules - côté,4,1,3,0,1,1,1,4,6,50,2,3,2,0,0,1,31.0,43.0,transport_commun,utilitaire_camion,1,2,1,1,3
201900051578,2019-10-26 13:50:00,2019,10,26,13,50,5,05061,PARKING DECATHLON,44.56735,6.09521,Plein jour,En agglomération,Autre intersection,Normale,Deux véhicules - côté,6,-1,0,0,1,2,1,0,8,50,2,3,2,0,0,1,48.0,46.0,voiture,voiture,1,2,9,1,3
201900051579,2019-10-26 13:00:00,2019,10,26,13,0,5,05061,SAGNIERES ( RUE DES ),44.54976,6.06515,Plein jour,En agglomération,Intersection en T,Normale,Trois véhicules et plus - collisions multiples,4,2,2,0,1,1,1,0,1,50,3,4,3,0,0,1,22.0,52.0,voiture,voiture,1,2,3,1,5
201900051580,2019-10-28 15:20:00,2019,10,28,15,20,75,75116,ECHANGEUR SAINT CLOUD,48.8411157,2.2539462,Plein jour,En agglomération,Intersection en Y,Normale,Deux véhicules - côté,4,1,4,0,2,1,1,0,1,70,2,2,1,0,0,1,32.0,46.0,deux_roues,voiture,1,2,4,1,3
201900051581,2019-10-28 18:00:00,2019,10,28,18,0,75,75120,AVENUE DE LA PORTE DES LILAS,48.8770891,2.4069,Nuit avec éclairage allumé,En agglomération,Intersection en X,Normale,Autre collision,4,2,4,0,1,1,1,8,1,50,1,2,1,0,0,1,20.0,,deux_roues,,5,2,2,1,6
201900051582,2019-01-09 19:45:00,2019,1,9,19,45,74,74042,3326 route de Genève,46.095475,6.368755,Nuit sans éclairage public,Hors agglomération,Hors intersection,Autre,Deux véhicules - arrière,3,2,2,0,1,1,7,0,1,70,2,2,1,0,0,1,33.0,51.0,voiture,voiture,3,1,1,9,2
201900051583,2019-10-28 08:35:00,2019,10,28,8,35,75,75120,AVENUE GAMBETTA,48.86356,2.390032,Plein jour,En agglomération,Hors intersection,Normale,Deux véhicules - côté,4,2,2,0,2,1,1,0,1,30,2,2,1,0,0,1,20.0,35.0,deux_roues,voiture,1,2,1,1,3
201900051584,2019-01-11 14:40:00,2019,1,11,14,40,42,42147,boulevard Carnot,45.608155,4.067983,Plein jour,En agglomération,Hors intersection,Normale,Autre collision,4,2,2,0,1,1,1,6,1,50,1,2,1,0,1,0,82.0,,voiture,,1,2,1,1,6
201900051585,2019-10-28 20:45:00,2019,10,28,20,45,75,75118,RUE ORDENER,48.893365,2.3382625,Nuit avec éclairage allumé,En agglomération,Intersection en X,Normale,Autre collision,4,2,3,3,1,1,1,0,1,50,1,2,1,0,0,1,25.0,,deux_roues,,5,2,2,1,6
201900051586,2019-01-10 18:35:00,2019,1,10,18,35,42,42299,lieu-dit LA BRUYÈRE - D496,45.610623,4.098208,Nuit avec éclairage allumé,En agglomération,Hors intersection,Autre,Deux véhicules - frontale,3,2,2,0,1,1,2,0,1,70,2,2,0,0,1,1,58.0,31.0,voiture,voiture,5,2,1,9,1
201900051587,2019-10-28 09:20:00,2019,10,28,9,20,75,75118,BOULEVARD NEY,48.898613,2.36204,Plein jour,En agglomération,Hors intersection,Normale,Deux véhicules - côté,4,3,4,0,2,1,1,0,1,50,2,2,1,0,0,1,27.0,45.0,deux_roues,utilitaire_camion,1,2,1,1,3
201900051588,2019-10-27 23:50:00,2019,10,27,23,50,75,75115,QUAI BRANLY,48.8545784,2.2888558,Nuit avec éclairage allumé,En agglomération,Intersection en X,Normale,Autre collision,4,2,2,0,1,1,1,0,1,50,1,1,0,0,0,1,66.0,,deux_roues,,5,2,2,1,6
201900051589,2019-01-09 17:45:00,2019,1,9,17,45,38,38051,Route de Chanas - D519 Grange Neuve,45.327156,4.87533,Nuit avec éclairage allumé,Hors agglomération,Intersection en X,Pluie légère,Deux véhicules - côté,3,2,2,0,1,1,2,0,1,70,2,3,0,0,1,2,19.0,61.0,voiture,voiture,5,1,2,2,3
201900051590,2019-01-09 07:50:00,2019,1,9,7,50,38,38247,D1075 - Grande Rue,45.81754,5.40491,Crépuscule ou aube,En agglomération,Hors intersection,Pluie légère,Autre collision,3,2,2,0,1,1,2,0,1,50,1,2,1,1,0,0,29.0,,voiture,,2,2,1,2,6
201900051591,2019-10-28 19:00:00,2019,10,28,19,0,75,75111,BOULEVARD VOLTAIRE,48.8503712,2.3925573,Nuit avec éclairage allumé,En agglomération,Intersection à plus de 4 branches,Normale,Deux véhicules - côté,4,2,2,0,1,1,1,0,1,50,2,3,1,0,0,2,62.0,29.0,voiture,voiture,5,2,5,1,3
201900051592,2019-01-12 20:40:00,2019,1,12,20,40,7,07156,cd536,44.691467,4.261691,Nuit sans éclairage public,Hors agglomération,Hors intersection,Normale,Autre collision,3,2,2,0,1,3,1,0,3,-1,1,1,0,0,1,0,46.0,,voiture,,3,1,1,1,6
201900051593,2019-01-12 06:10:00,2019,1,12,6,10,7,07156,Route du gerbier de jonc- Champagne de Meyras,44.697273,4.242901,Nuit sans éclairage public,En agglomération,Hors intersection,Normale,Autre collision,3,2,2,0,1,3,1,0,4,50,1,1,0,0,1,0,48.0,,voiture,,3,2,1,1,6
201900051594,2019-10-28 16:20:00,2019,10,28,16,20,75,75107,BOULEVARD RASPAIL,48.8534139,2.3261957,Plein jour,En agglomération,Intersection en X,Temps couvert,Deux véhicules - côté,4,1,2,0,1,1,1,0,1,50,2,2,1,0,0,1,68.0,48.0,voiture,deux_roues,1,2,2,8,3
201900051595,2019-01-09 09:00:00,2019,1,9,9,0,1,01012,Route départementale 8,46.005226,5.536451,Plein jour,Hors agglomération,Hors intersection,Neige / grêle,Trois véhicules et plus - en chaîne,3,3,2,0,2,1,5,0,1,80,3,4,2,0,0,2,58.0,33.0,voiture,utilitaire_camion,1,1,1,4,4
201900051596,2019-10-28 17:40:00,2019,10,28,17,40,75,75103,PLACE DE LA REPUBLIQUE,48.8673292,2.3633995,Nuit avec éclairage allumé,En agglomération,Place,Normale,Deux véhicules - côté,4,2,4,0,1,1,1,0,1,30,2,2,1,0,0,1,58.0,39.0,voiture,deux_roues,5,2,7,1,3
201900051597,2019-10-28 02:40:00,2019,10,28,2,40,75,75104,PLACE DE LA BASTILLE,48.8529291,2.3684186,Nuit avec éclairage allumé,En agglomération,Place,Normale,Sans collision,4,1,2,-1,1,2,1,0,1,50,1,1,0,0,0,1,20.0,,deux_roues,,5,2,7,1,7
201900051598,2019-01-11 17:45:00,2019,1,11,17,45,69,69163,Lieu dit Chamalan,45.93551,4.77452,Nuit sans éclairage public,Hors agglomération,Intersection en X,Normale,Deux véhicules - côté,3,2,2,0,1,1,1,0,1,90,2,2,0,0,1,1,15.0,35.0,voiture,voiture,3,1,2,1,3
201900051599,2019-01-09 03:30:00,2019,1,9,3,30,69,69163,Route départementale 51,45.917894,4.766084,Nuit sans éclairage public,Hors agglomération,Hors intersection,Temps couvert,Autre collision,3,2,2,0,1,1,2,0,3,90,1,1,0,0,1,0,22.0,,voiture,,3,1,1,8,6
201900051600,2019-01-07 18:15:00,2019,1,7,18,15,69,69069,1 Avenue Edouard Millaud,45.74736,4.747455,Nuit avec éclairage allumé,En agglomération,Hors intersection,Normale,Deux véhicules - frontale,3,2,2,0,1,1,1,0,1,50,2,2,1,0,1,0,45.0,48.0,voiture,deux_roues,5,2,1,1,1
201900051601,2019-10-27 12:30:00,2019,10,27,12,30,94,94052,GENERAL FAIDHERBE (R DU),48.83711,2.4765,Plein jour,En agglomération,Intersection en X,Pluie légère,Autre collision,3,2,2,0,2,1,2,0,1,50,1,2,1,0,0,1,82.0,,voiture,,1,2,2,2,6
201900051602,2019-01-10 08:50:00,2019,1,10,8,50,9,09262,D117 route de Bélesta,42.924295,1.866955,Nuit sans éclairage public,Hors agglomération,Hors intersection,Normale,Deux véhicules - frontale,3,2,2,0,1,1,1,0,1,70,2,3,0,0,2,1,61.0,35.0,voiture,voiture,3,1,1,1,1
201900051603,2019-10-28 07:05:00,2019,10,28,7,5,94,94037,DOCTEUR TENINE (R DU),48.815,2.347,Plein jour,En agglomération,Hors intersection,Normale,Autre collision,4,2,2,0,2,1,1,0,1,50,1,2,1,0,0,1,83.0,,voiture,,1,2,1,1,6
201900051604,2019-01-10 22:20:00,2019,1,10,22,20,47,47326,Lieu-dit Le Moulin d'Ané,44.493663,0.245907,Nuit sans éclairage public,Hors agglomération,Hors intersection,Normale,Autre collision,3,2,2,0,1,3,1,2,3,80,1,1,0,0,1,0,75.0,,voiture,,3,1,1,1,6
201900051605,2019-10-28 13:40:00,2019,10,28,13,40,94,94073,RENE PANHARD (AV),48.7638,2.39393,Plein jour,En agglomération,Hors intersection,Normale,Deux véhicules - arrière,3,2,2,0,2,2,1,0,1,50,2,2,1,0,0,1,45.0,57.0,deux_roues,voiture,1,2,1,1,2
201900051606,2019-01-09 11:45:00,2019,1,9,11,45,24,24242,"route départementale 32, pk 38",44.898899,0.647466,Plein jour,Hors agglomération,Hors intersection,Temps couvert,Autre collision,3,2,2,0,2,2,2,0,3,80,1,1,0,1,0,0,94.0,,voiture,,1,1,1,8,6
201900051607,2019-10-28 10:00:00,2019,10,28,10,0,94,94073,ROUTE NATIONALE 186,48.75399,2.3698,Plein jour,Hors agglomération,Hors intersection,Normale,Deux véhicules - côté,2,1,3,0,1,1,1,0,1,70,2,2,1,0,0,1,38.0,42.0,utilitaire_camion,utilitaire_camion,1,1,1,1,3
201900051608,2019-10-27 16:45:00,2019,10,27,16,45,94,94011,PARIS(AVENUE DE),48.7767,2.4794,Plein jour,En agglomération,Intersection en T,Normale,Deux véhicules - côté,3,2,2,0,1,1,1,0,1,50,2,2,1,0,0,1,24.0,29.0,voiture,deux_roues,1,2,3,1,3