accident_id,datetime,annee,mois,jour,heure,minute,departement,commune_insee,adresse,latitude,longitude,luminosite,agglomeration,intersection,meteo,collision,catr,circ,nbv,vosp,prof,plan,surf,infra,situ,vma,nb_vehicules,nb_usagers,nb_indemnes,nb_tues,nb_blesses_hosp,nb_blesses_legers,age_cond_1,age_cond_2,veh_type_cond_1,veh_type_cond_2,lum_code,agg_code,int_code,atm_code,col_code
201900051609,2019-01-13 00:40:00,2019,1,13,0,40,33,33362,intersection D.910 / D.910 E.1,45.035016,-0.185009,Nuit sans éclairage public,Hors agglomération,Intersection en T,Temps couvert,Deux véhicules - côté,3,2,2,0,1,1,2,5,8,80,2,4,3,0,1,0,85.0,34.0,voiture,voiture,3,1,3,8,3
201900051610,2019-10-27 22:00:00,2019,10,27,22,0,94,94028,SAVAR.(RUE JULIETTE),48.78223,2.46443,Nuit avec éclairage allumé,En agglomération,Hors intersection,Temps couvert,Deux véhicules - frontale,4,2,2,0,1,1,1,0,1,50,2,3,1,0,0,2,30.0,21.0,voiture,voiture,5,2,1,8,1
201900051611,2019-01-09 18:30:00,2019,1,9,18,30,33,33433,D242,44.92235,-0.46146,Nuit sans éclairage public,Hors agglomération,Hors intersection,Normale,Deux véhicules - côté,3,2,2,0,1,1,1,0,1,80,2,2,1,0,0,1,32.0,38.0,voiture,deux_roues,3,1,1,1,3
201900051612,2019-10-27 17:25:00,2019,10,27,17,25,94,94054,PIERRE CURIE (AV),48.73991,2.40377,Nuit avec éclairage allumé,En agglomération,Autre intersection,Autre,Autre collision,4,2,1,0,2,1,2,9,-1,50,1,3,1,0,0,2,38.0,,voiture,,5,2,9,9,6
201900051613,2019-01-11 01:00:00,2019,1,11,1,0,33,33422,D211 E2 - rte de boulac,44.81798,-0.75242,Nuit sans éclairage public,Hors agglomération,Hors intersection,Normale,Autre collision,3,2,2,0,1,2,1,0,3,80,1,3,0,0,3,0,24.0,,voiture,,3,1,1,1,6
201900051614,2019-10-28 07:55:00,2019,10,28,7,55,94,94017,GENERAL DE GAULLE (AV DU),48.82085,2.48749,Plein jour,En agglomération,Hors intersection,Normale,Deux véhicules - côté,3,2,4,0,1,1,1,0,1,50,2,2,1,0,0,1,22.0,46.0,deux_roues,voiture,1,2,1,1,3
201900051615,2019-10-27 14:50:00,2019,10,27,14,50,94,94002,BLANQUI (QU),48.80572,2.41082,Plein jour,En agglomération,Hors intersection,Normale,Deux véhicules - côté,3,2,2,0,1,1,1,0,1,50,2,1,0,0,0,1,18.0,,deux_roues,,1,2,1,1,3
201900051616,2019-01-11 18:30:00,2019,1,11,18,30,14,14762,D407,48.863602,-0.868567,Nuit sans éclairage public,Hors agglomération,Hors intersection,Pluie légère,Trois véhicules et plus - collisions multiples,3,2,3,0,2,1,2,0,1,80,4,4,1,0,2,1,25.0,58.0,voiture,voiture,3,1,1,2,5
201900051617,2019-10-28 02:40:00,2019,10,28,2,40,94,94002,GENERAL CHARLES DE GAULLE (R DU),48.81454,2.41183,Nuit avec éclairage allumé,En agglomération,Intersection en X,Normale,Deux véhicules - côté,3,4,3,0,2,1,1,5,1,50,2,7,6,0,0,1,39.0,62.0,voiture,voiture,5,2,2,1,3
201900051618,2019-10-28 20:05:00,2019,10,28,20,5,93,93077,ROSNY (AVENUE DE),48.88297,2.4987,Nuit avec éclairage allumé,En agglomération,Hors intersection,Normale,Sans collision,3,1,2,0,1,1,1,0,1,50,1,2,1,0,0,1,32.0,,deux_roues,,5,2,1,1,7
201900051619,2019-01-09 10:20:00,2019,1,9,10,20,22,22259,rue de cassepot,48.4475998,-2.0725441,Plein jour,En agglomération,Hors intersection,Normale,Autre collision,3,3,2,0,2,1,1,9,1,50,1,2,1,0,1,0,90.0,,voiture,,1,2,1,1,6
201900051620,2019-01-13 17:30:00,2019,1,13,17,30,76,76057,Rue des martyrs de la résistance,49.542862,0.947265,Nuit avec éclairage non allumé,En agglomération,Hors intersection,Normale,Autre collision,3,2,2,0,1,1,1,9,1,50,1,2,1,0,1,0,55.0,,voiture,,4,2,1,1,6
201900051621,2019-10-27 14:45:00,2019,10,27,14,45,93,93001,FELIX FAURE (BLD) =>174,48.90569,2.38103,Plein jour,En agglomération,Hors intersection,Pluie légère,Deux véhicules - arrière,3,-1,2,0,1,1,2,0,1,50,2,2,1,0,0,1,17.0,31.0,deux_roues,voiture,1,2,1,2,2
201900051622,2019-10-28 16:35:00,2019,10,28,16,35,92,92073,SELLIER (BOULEVARD HENRI),48.8623,2.2163,Plein jour,En agglomération,Hors intersection,Normale,Autre collision,3,1,2,0,2,2,1,0,1,50,1,1,0,0,0,1,23.0,,deux_roues,,1,2,1,1,6
201900051623,2019-01-09 17:30:00,2019,1,9,17,30,13,13207,Tunnel Prado Carénage,43.31266,5.36822,Nuit avec éclairage allumé,En agglomération,Hors intersection,Normale,Deux véhicules - arrière,1,1,2,0,1,1,1,0,1,50,2,3,1,0,0,2,29.0,20.0,voiture,voiture,5,2,1,1,2
201900051624,2019-01-09 09:00:00,2019,1,9,9,0,13,13202,A55-Sens Marseille vers Martigues,43.2922,5.36561,Plein jour,En agglomération,Hors intersection,Normale,Deux véhicules - arrière,1,-1,1,0,2,1,1,1,1,50,2,2,1,0,0,1,32.0,60.0,voiture,deux_roues,1,2,1,1,2
201900051625,2019-10-28 18:20:00,2019,10,28,18,20,92,92044,CHARLES PASQUA (QUAI) 32 A 58,48.9008363,2.2844171,Nuit avec éclairage allumé,En agglomération,Intersection en T,Normale,Trois véhicules et plus - collisions multiples,3,1,2,0,1,1,1,0,5,50,3,3,2,0,0,1,30.0,21.0,deux_roues,utilitaire_camion,5,2,3,1,5
201900051626,2019-10-25 13:30:00,2019,10,25,13,30,92,92025,STALINGRAD (AV DE),48.928798,2.2688651,Plein jour,En agglomération,Hors intersection,Normale,Deux véhicules - côté,3,2,2,0,1,1,1,0,1,50,2,2,1,0,0,1,20.0,33.0,voiture,deux_roues,1,2,1,1,3
201900051627,2019-01-09 12:30:00,2019,1,9,12,30,13,13056,A55-Sens Martigues vers Marseille,43.40951,5.03712,Plein jour,Hors agglomération,Hors intersection,Normale,Trois véhicules et plus - en chaîne,1,1,1,0,1,1,1,8,1,50,3,3,1,0,0,2,62.0,29.0,voiture,voiture,1,1,1,1,4
201900051628,2019-10-28 16:20:00,2019,10,28,16,20,29,29038,D764,48.404754,-3.94702,Plein jour,Hors agglomération,Hors intersection,Normale,Deux véhicules - côté,3,2,2,0,3,1,2,0,1,70,2,2,1,0,0,1,51.0,63.0,utilitaire_camion,voiture,1,1,1,1,3
201900051629,2019-10-13 18:20:00,2019,10,13,18,20,47,47178,Route de Saint Aubin,44.485311,0.878554,Plein jour,Hors agglomération,Hors intersection,Normale,Deux véhicules - côté,4,2,2,0,1,1,1,0,1,80,2,2,1,0,1,0,82.0,42.0,deux_roues,voiture,1,1,1,1,3
201900051630,2019-10-28 17:30:00,2019,10,28,17,30,38,38134,D38,45.4556,4.996909,Crépuscule ou aube,Hors agglomération,Intersection en T,Pluie légère,Deux véhicules - arrière,3,2,2,0,1,1,2,0,1,80,2,5,1,0,0,4,75.0,48.0,voiture,voiture,2,1,3,2,2
201900051631,2019-10-28 20:10:00,2019,10,28,20,10,38,38160,D538,45.47185,4.9734,Nuit avec éclairage allumé,Hors agglomération,Hors intersection,Pluie légère,Deux véhicules - côté,3,2,2,0,1,2,2,0,1,80,2,2,0,0,0,2,72.0,25.0,voiture,voiture,5,1,1,2,3
201900051632,2019-10-28 07:35:00,2019,10,28,7,35,13,13078,D268,43.417674,4.805844,Crépuscule ou aube,Hors agglomération,Giratoire,Brouillard / fumée,Autre collision,3,2,2,0,1,1,1,5,8,80,1,1,0,0,1,0,29.0,,deux_roues,,2,1,6,5,6
201900051633,2019-10-28 19:05:00,2019,10,28,19,5,22,22225,Guingamp,48.5497216,-3.1480624,Nuit sans éclairage public,Hors agglomération,Autre intersection,Pluie légère,Deux véhicules - arrière,2,1,1,0,2,1,2,3,1,110,2,2,1,0,0,1,31.0,63.0,voiture,voiture,3,1,9,2,2
201900051634,2019-10-20 11:55:00,2019,10,20,11,55,58,58215,A77,47.292377,2.955909,Plein jour,Hors agglomération,Hors intersection,Pluie forte,Autre collision,1,3,4,0,2,1,2,0,1,130,1,2,1,0,0,1,73.0,,voiture,,1,1,1,3,6
201900051635,2019-10-29 18:30:00,2019,10,29,18,30,62,62341,Route départementale 6,50.1462,2.604367,Nuit sans éclairage public,Hors agglomération,Hors intersection,Normale,Autre collision,3,2,2,0,1,4,1,0,1,80,2,7,0,0,1,6,58.0,32.0,voiture,voiture,3,1,1,1,6
201900051636,2019-01-10 08:30:00,2019,1,10,8,30,13,13071,A7-Sens Lyon vers Marseille,43.284861,5.418068,Crépuscule ou aube,En agglomération,Hors intersection,Normale,Deux véhicules - arrière,1,1,3,0,1,1,1,1,1,90,2,2,0,0,0,2,24.0,26.0,utilitaire_camion,utilitaire_camion,2,2,1,1,2
201900051637,2019-10-17 11:00:00,2019,10,17,11,0,51,51569,RD 275,49.2615274,3.9615764,Plein jour,En agglomération,Giratoire,Normale,Deux véhicules - côté,3,1,2,0,1,1,1,5,1,50,2,2,1,0,1,0,27.0,85.0,deux_roues,voiture,1,2,6,1,3
201900051638,2019-01-09 22:45:00,2019,1,9,22,45,13,13001,A51-Sens Marseille vers Aix en Provence,43.51132,5.42071,Nuit sans éclairage public,Hors agglomération,Hors intersection,Normale,Deux véhicules - frontale,1,1,3,0,1,1,1,0,1,70,2,2,0,1,1,0,82.0,25.0,utilitaire_camion,utilitaire_camion,3,1,1,1,1
201900051639,2019-10-27 22:30:00,2019,10,27,22,30,51,51193,98 RUE SAINT JULIEN,48.988106,4.557577,Nuit avec éclairage allumé,En agglomération,Hors intersection,Normale,Sans collision,4,2,2,0,1,1,1,0,1,50,1,1,0,0,1,0,16.0,,deux_roues,,5,2,1,1,7
201900051640,2019-01-09 10:50:00,2019,1,9,10,50,13,13081,A7-Sens Lyon vers Marseille,43.461932,5.234859,Plein jour,En agglomération,Hors intersection,Normale,Deux véhicules - arrière,1,1,2,0,1,1,1,0,1,90,2,3,1,0,0,2,54.0,24.0,utilitaire_camion,utilitaire_camion,1,2,1,1,2
201900051641,2019-10-28 15:25:00,2019,10,28,15,25,67,67134,D655,48.857756,7.119298,Plein jour,Hors agglomération,Intersection en Y,Normale,Sans collision,3,-1,1,0,1,1,1,0,3,80,1,1,0,0,1,0,62.0,,deux_roues,,1,1,4,1,7
201900051642,2019-09-14 17:10:00,2019,9,14,17,10,79,79126,,46.178026,-0.36646,Plein jour,Hors agglomération,Intersection en X,Normale,Deux véhicules - côté,3,2,2,0,1,1,1,0,1,80,2,5,3,0,2,0,25.0,21.0,voiture,voiture,1,1,2,1,3
201900051643,2019-01-08 12:00:00,2019,1,8,12,0,13,13055,A507 sens Aubagne- Marseille,43.32125,5.42266,Plein jour,Hors agglomération,Hors intersection,Vent fort / tempête,Deux véhicules - arrière,1,3,4,0,2,1,1,0,1,70,2,4,3,0,0,1,25.0,46.0,voiture,voiture,1,1,1,6,2
201900051644,2019-01-07 18:50:00,2019,1,7,18,50,13,13022,A50-Sens Aubagne vers Toulon,43.2143,5.60688,Nuit sans éclairage public,Hors agglomération,Hors intersection,Normale,Autre collision,1,1,3,0,2,1,1,0,1,90,1,1,0,0,0,1,35.0,,utilitaire_camion,,3,1,1,1,6
201900051645,2019-09-25 14:15:00,2019,9,25,14,15,49,49018,Route des Sourches (Saint-Quentin-lès-Beaurepaire),47.625252,-0.095073,Plein jour,Hors agglomération,Hors intersection,Pluie légère,Deux véhicules - frontale,4,-1,2,0,1,3,2,0,1,80,2,4,3,0,1,0,14.0,50.0,deux_roues,voiture,1,1,1,2,1
201900051646,2019-10-29 09:15:00,2019,10,29,9,15,12,12044,18 Avenue de Saint Affrique,43.828508,2.87552,Plein jour,En agglomération,Hors intersection,Normale,Autre collision,3,2,2,0,1,1,1,0,1,50,1,2,1,1,0,0,23.0,,voiture,,1,2,1,1,6
201900051647,2019-01-07 18:10:00,2019,1,7,18,10,13,13055,A507 sens Marseille - Aubagne,43.295915,5.424728,Nuit sans éclairage public,Hors agglomération,Hors intersection,Normale,Trois véhicules et plus - en chaîne,1,1,3,0,1,1,1,1,1,70,3,5,4,0,0,1,28.0,53.0,voiture,voiture,3,1,1,1,4
201900051648,2019-10-28 20:30:00,2019,10,28,20,30,68,68374,avenue de l'europe logelbach,48.082686,7.316687,Nuit avec éclairage allumé,En agglomération,Hors intersection,Normale,Sans collision,3,2,2,0,1,1,1,0,1,50,1,1,0,0,1,0,17.0,,deux_roues,,5,2,1,1,7
201900051649,2019-10-27 20:55:00,2019,10,27,20,55,22,22251,Aéroport de Saint-Brieuc (Aérodrome),48.536465,-2.84788,Nuit sans éclairage public,Hors agglomération,Hors intersection,Temps couvert,Autre collision,3,2,2,0,1,1,2,0,1,80,1,3,1,2,0,0,34.0,,voiture,,3,1,1,8,6
201900051650,2019-01-07 21:50:00,2019,1,7,21,50,83,83035,,43.16144,5.76743,Nuit sans éclairage public,Hors agglomération,Hors intersection,Normale,Trois véhicules et plus - collisions multiples,1,3,6,0,1,1,1,0,1,130,3,3,2,0,0,1,27.0,65.0,voiture,voiture,3,1,1,1,5
201900051651,2019-10-28 17:15:00,2019,10,28,17,15,35,35263,LE HINDRE,48.678721,-1.888559,Crépuscule ou aube,Hors agglomération,Hors intersection,Pluie légère,Deux véhicules - frontale,3,2,2,0,1,1,2,0,1,80,2,4,3,0,1,0,48.0,74.0,voiture,voiture,2,1,1,2,1
201900051652,2019-10-26 01:45:00,2019,10,26,1,45,29,29075,133 Rue de Brest,48.4298,-4.409219,Nuit avec éclairage non allumé,En agglomération,Hors intersection,Normale,Sans collision,4,2,2,0,2,1,1,0,4,50,1,2,1,0,0,1,20.0,,voiture,,4,2,1,1,7
201900051653,2019-01-11 03:00:00,2019,1,11,3,0,69,69266,RD383   3.750 A 7.640,45.78122,4.8935,Nuit avec éclairage allumé,En agglomération,Autre intersection,Normale,Autre collision,3,1,1,0,2,3,1,3,1,50,1,2,0,0,2,0,35.0,,voiture,,5,2,9,1,6
201900051654,2019-10-13 09:05:00,2019,10,13,9,5,31,31563,Chemin des Sudres,43.801614,1.496097,Plein jour,Hors agglomération,Hors intersection,Normale,Deux véhicules - frontale,4,2,2,0,2,4,1,0,1,80,2,2,1,0,1,0,58.0,52.0,voiture,voiture,1,1,1,1,1
201900051655,2019-01-06 04:05:00,2019,1,6,4,5,69,69382,A7   0.000 A 2.278,45.74778,4.83008,Nuit avec éclairage allumé,En agglomération,Intersection en Y,Normale,Autre collision,7,1,2,0,2,2,1,2,1,50,1,4,0,2,2,0,28.0,,voiture,,5,2,4,1,6
201900051656,2019-10-28 08:40:00,2019,10,28,8,40,1,01024,Route de Montrevel,46.296171,5.154049,Plein jour,Hors agglomération,Intersection en T,Pluie légère,Trois véhicules et plus - collisions multiples,3,2,2,0,1,1,2,0,1,80,3,5,1,0,0,4,54.0,29.0,voiture,utilitaire_camion,1,1,3,2,5
201900051657,2019-01-10 22:15:00,2019,1,10,22,15,54,54312,Autoroute 31,48.93333,6.11156,Nuit sans éclairage public,Hors agglomération,Hors intersection,Normale,Deux véhicules - arrière,1,3,4,0,1,1,1,0,1,110,2,2,1,0,0,1,42.0,44.0,utilitaire_camion,voiture,3,1,1,1,2
201900051658,2019-01-08 11:55:00,2019,1,8,11,55,67,67482,Bretelle sortie autoroute,48.59295,7.74015,Plein jour,Hors agglomération,Hors intersection,Normale,Autre collision,1,1,1,0,2,3,2,9,1,50,1,1,0,0,0,1,56.0,,voiture,,1,1,1,1,6
201900051659,2019-10-29 08:00:00,2019,10,29,8,0,64,64023,Chemin du Pont de Boeil,43.228435,-0.23936,Plein jour,Hors agglomération,Intersection en X,Normale,Deux véhicules - côté,3,2,2,0,1,1,1,0,1,80,2,2,0,0,0,2,43.0,76.0,voiture,voiture,1,1,2,1,3
201900051660,2019-01-07 18:50:00,2019,1,7,18,50,67,67482,N.4 CONTOURNEMENT-SUD,48.57246,7.72974,Nuit sans éclairage public,Hors agglomération,Hors intersection,Pluie légère,Deux véhicules - arrière,2,4,4,0,1,1,2,3,1,70,2,2,1,0,0,1,22.0,31.0,deux_roues,utilitaire_camion,3,1,1,2,2
201900051661,2019-10-29 08:15:00,2019,10,29,8,15,18,18111,Lieu Dit Cevry,47.269817,2.651392,Crépuscule ou aube,Hors agglomération,Hors intersection,Brouillard / fumée,Autre collision,4,2,2,0,3,3,2,0,3,80,1,1,0,0,1,0,68.0,,voiture,,2,1,1,5,6
201900051662,2019-10-26 12:20:00,2019,10,26,12,20,36,36035,,46.43465,1.302355,Plein jour,Hors agglomération,Hors intersection,Normale,Deux véhicules - côté,3,2,2,0,2,3,1,0,1,70,2,6,5,0,1,0,28.0,79.0,deux_roues,voiture,1,1,1,1,3
201900051663,2019-10-29 12:15:00,2019,10,29,12,15,16,16107,D40,45.809808,0.28512,Plein jour,En agglomération,Giratoire,Normale,Deux véhicules - côté,3,1,1,0,1,2,1,5,1,50,2,2,1,0,1,0,36.0,16.0,utilitaire_camion,deux_roues,1,2,6,1,3
201900051664,2019-10-27 16:45:00,2019,10,27,16,45,21,21129,D22,47.800809,4.895773,Crépuscule ou aube,Hors agglomération,Hors intersection,Pluie légère,Autre collision,3,2,2,0,1,3,2,0,3,80,1,1,0,0,0,1,55.0,,voiture,,2,1,1,2,6
201900051665,2019-01-12 20:20:00,2019,1,12,20,20,33,33249,AUTOROUTE A 10,44.88645,-0.50698,Nuit sans éclairage public,Hors agglomération,Hors intersection,Normale,Trois véhicules et plus - collisions multiples,1,3,8,0,4,3,1,3,1,70,3,5,1,0,2,2,78.0,53.0,voiture,voiture,3,1,1,1,5
201900051666,2019-10-28 08:20:00,2019,10,28,8,20,40,40175,Route de Mont de Marsan,43.834429,-0.36697,Plein jour,Hors agglomération,Intersection en T,Normale,Deux véhicules - côté,3,2,2,0,1,1,1,5,1,70,2,2,1,0,1,0,77.0,67.0,voiture,deux_roues,1,1,3,1,3
201900051667,2019-10-27 11:30:00,2019,10,27,11,30,4,04135,RD 952,43.8058097,6.2540637,Plein jour,Hors agglomération,Hors intersection,Normale,Deux véhicules - côté,3,2,2,0,1,1,1,0,1,80,2,2,1,0,0,1,47.0,67.0,deux_roues,voiture,1,1,1,1,3
201900051668,2019-01-12 08:30:00,2019,1,12,8,30,33,33003,AUTOROUTE A 10,44.92679,-0.47164,Plein jour,Hors agglomération,Hors intersection,Normale,Deux véhicules - côté,1,3,8,0,1,1,1,0,1,110,2,2,1,0,0,1,38.0,29.0,utilitaire_camion,voiture,1,1,1,1,3
201900051669,2019-10-28 16:40:00,2019,10,28,16,40,973,97307,route nationale 1,4.892403,-52.348456,Plein jour,Hors agglomération,Intersection en T,Temps éblouissant,Deux véhicules - côté,2,2,2,3,1,1,1,5,1,80,2,2,1,0,1,0,75.0,48.0,deux_roues,voiture,1,1,3,7,3
201900051670,2019-01-10 01:35:00,2019,1,10,1,35,33,33080,AUTOROUTE A 62,44.72719,-0.52746,Nuit sans éclairage public,Hors agglomération,Hors intersection,Normale,Deux véhicules - arrière,1,3,5,0,1,1,1,0,1,130,2,2,1,0,0,1,51.0,35.0,voiture,voiture,3,1,1,1,2
201900051671,2019-10-24 10:00:00,2019,10,24,10,0,82,82050,"A62 - PK 143+100, SENS Bordeaux/Toulouse",44.083799,0.796174,Plein jour,Hors agglomération,Hors intersection,Normale,Autre collision,1,3,4,0,3,1,2,0,3,130,1,1,0,0,0,1,61.0,,voiture,,1,1,1,1,6
201900051672,2019-10-29 16:35:00,2019,10,29,16,35,67,67089,A4,48.773593,7.445498,Crépuscule ou aube,Hors agglomération,Hors intersection,Normale,Autre collision,1,3,4,0,1,1,1,8,1,90,1,2,1,0,1,0,52.0,,utilitaire_camion,,2,1,1,1,6
201900051673,2019-01-08 14:55:00,2019,1,8,14,55,33,33039,ROCADE A 630,44.79428,-0.53955,Plein jour,Hors agglomération,Hors intersection,Pluie légère,Trois véhicules et plus - collisions multiples,1,3,6,0,1,1,8,3,1,90,5,5,4,0,0,1,41.0,61.0,utilitaire_camion,voiture,1,1,1,2,5
201900051674,2019-01-08 09:00:00,2019,1,8,9,0,33,33039,ROCADE A 630,44.78813,-0.54115,Plein jour,Hors agglomération,Hors intersection,Normale,Deux véhicules - côté,1,3,6,0,1,1,1,0,1,90,2,2,1,0,0,1,48.0,26.0,deux_roues,voiture,1,1,1,1,3
201900051675,2019-10-28 20:30:00,2019,10,28,20,30,988,98821,Rond point de la Karikouie,-22.13087,166.371082,Nuit avec éclairage allumé,En agglomération,Giratoire,Normale,Sans collision,2,2,2,0,1,1,1,2,3,50,1,3,0,0,2,1,19.0,,deux_roues,,5,2,6,1,7
201900051676,2019-10-29 14:20:00,2019,10,29,14,20,978,97801,rue de hollande,18.0736052,-63.0801286,Plein jour,En agglomération,Intersection en T,Normale,Deux véhicules - côté,2,2,2,0,1,1,1,0,1,50,2,2,1,0,0,1,43.0,19.0,voiture,deux_roues,1,2,3,1,3
201900051677,2019-01-08 07:30:00,2019,1,8,7,30,33,33090,AUTOROUTE A 63,44.7715,-0.65924,Nuit sans éclairage public,Hors agglomération,Hors intersection,Normale,Trois véhicules et plus - en chaîne,1,3,4,0,1,1,2,0,1,110,3,3,2,0,0,1,38.0,20.0,voiture,voiture,3,1,1,1,4
201900051678,2019-01-08 14:00:00,2019,1,8,14,0,59,59646,ROUTE DEPARTEMENTALE 656,50.67377,3.11845,Plein jour,Hors agglomération,Hors intersection,Normale,Trois véhicules et plus - collisions multiples,7,3,6,0,1,1,1,0,1,90,4,4,3,0,0,1,58.0,36.0,voiture,voiture,1,1,1,1,5
201900051679,2019-10-28 18:00:00,2019,10,28,18,0,91,91041,D19,48.573377,2.245766,Crépuscule ou aube,Hors agglomération,Hors intersection,Pluie légère,Trois véhicules et plus - en chaîne,3,3,4,0,1,1,1,0,1,90,3,3,2,0,1,0,22.0,38.0,voiture,voiture,2,1,1,2,4
201900051680,2019-10-25 19:35:00,2019,10,25,19,35,30,30258,4492 Route de Beaucaire,43.701041,4.450623,Nuit sans éclairage public,Hors agglomération,Hors intersection,Normale,Sans collision,3,2,2,0,1,1,1,0,3,80,1,1,0,0,1,0,46.0,,deux_roues,,3,1,1,1,7
201900051681,2019-10-29 12:10:00,2019,10,29,12,10,71,71106,D985 PR 52+500,46.423276,4.272619,Plein jour,Hors agglomération,Hors intersection,Temps couvert,Deux véhicules - frontale,3,2,2,0,1,3,2,0,1,80,2,3,1,0,1,1,58.0,59.0,voiture,voiture,1,1,1,8,1
201900051682,2019-10-23 18:50:00,2019,10,23,18,50,68,68193,Rue de la Mairie,48.031492,7.118456,Nuit avec éclairage allumé,En agglomération,Hors intersection,Temps couvert,Sans collision,4,2,2,0,2,1,2,0,1,50,1,1,0,0,1,0,16.0,,deux_roues,,5,2,1,8,7
201900051683,2019-10-29 17:55:00,2019,10,29,17,55,55,55351,2 Avenue de Verdun,49.515293,5.371593,Nuit avec éclairage allumé,En agglomération,Hors intersection,Normale,Deux véhicules - côté,3,2,2,0,1,1,1,5,1,50,2,2,1,0,0,1,33.0,25.0,voiture,voiture,5,2,1,1,3
201900051684,2019-10-29 12:00:00,2019,10,29,12,0,57,57752,Rue de Nancy,49.072229,7.004861,Plein jour,En agglomération,Hors intersection,Normale,Deux véhicules - frontale,3,2,2,0,1,1,1,0,1,50,2,2,1,0,0,1,24.0,40.0,voiture,deux_roues,1,2,1,1,1
201900051685,2019-10-25 14:10:00,2019,10,25,14,10,57,57337,D656,49.067773,6.893166,Plein jour,Hors agglomération,Intersection en T,Temps couvert,Deux véhicules - côté,3,2,2,0,1,1,1,0,1,80,2,2,1,0,1,0,89.0,24.0,voiture,voiture,1,1,3,8,3
201900051686,2019-10-28 10:30:00,2019,10,28,10,30,74,74124,Route de Présilly,46.108649,6.078679,Plein jour,En agglomération,Intersection en T,Pluie légère,Deux véhicules - côté,3,2,2,0,1,1,2,0,1,80,2,2,1,0,1,0,56.0,21.0,deux_roues,voiture,1,2,3,2,3
201900051687,2019-01-11 18:15:00,2019,1,11,18,15,94,94038,AUTOROUTE A6A,48.7802,2.34659,Crépuscule ou aube,Hors agglomération,Hors intersection,Normale,Trois véhicules et plus - en chaîne,1,3,6,0,1,1,1,0,1,90,3,3,2,0,0,1,25.0,34.0,voiture,voiture,2,1,1,1,4
201900051688,2019-10-29 00:40:00,2019,10,29,0,40,38,38507,Chemin de Vavres,45.731101,5.200055,Nuit sans éclairage public,Hors agglomération,Hors intersection,Pluie légère,Autre collision,4,2,2,0,1,3,2,0,8,80,1,3,0,0,1,2,19.0,,voiture,,3,1,1,2,6
201900051689,2019-01-11 15:30:00,2019,1,11,15,30,91,91161,AUTOROUTE A126,48.71072,2.29941,Plein jour,Hors agglomération,Hors intersection,Temps couvert,Deux véhicules - côté,1,2,2,0,1,1,1,0,1,90,2,2,1,0,0,1,57.0,23.0,autre,voiture,1,1,1,8,3
201900051690,2019-10-29 02:35:00,2019,10,29,2,35,38,38557,d142z,45.771284,5.126047,Nuit sans éclairage public,Hors agglomération,Hors intersection,Pluie légère,Deux véhicules - frontale,3,2,2,0,1,1,2,0,1,80,2,2,1,0,0,1,51.0,38.0,utilitaire_camion,voiture,3,1,1,2,1
201900051691,2019-01-09 19:52:00,2019,1,9,19,52,94,94003,AUTOROUTE A6A,48.80014,2.34204,Nuit sans éclairage public,Hors agglomération,Hors intersection,Normale,Deux véhicules - côté,1,3,6,0,1,1,2,0,1,90,2,3,1,0,0,2,38.0,45.0,deux_roues,voiture,3,1,1,1,3
201900051692,2019-01-09 16:00:00,2019,1,9,16,0,91,91377,AUTOROUTE A10,48.714575,2.289153,Plein jour,Hors agglomération,Hors intersection,Pluie légère,Deux véhicules - frontale,1,1,8,0,1,3,2,0,1,90,2,2,1,0,0,1,45.0,24.0,voiture,voiture,1,1,1,2,1
201900051693,2019-10-28 22:50:00,2019,10,28,22,50,56,56176,Route de Kerzuhen,47.66099,-2.9357,Nuit sans éclairage public,Hors agglomération,Hors intersection,Normale,Autre collision,4,2,2,0,1,1,1,0,3,80,1,2,0,1,1,0,18.0,,voiture,,3,1,1,1,6
201900051694,2019-01-09 12:15:00,2019,1,9,12,15,94,94037,AUTOROUTE A6A,48.81388,2.33638,Plein jour,Hors agglomération,Hors intersection,Pluie légère,Sans collision,1,3,6,0,1,1,2,0,1,70,1,1,0,0,0,1,27.0,,deux_roues,,1,1,1,2,7
201900051695,2019-10-27 19:31:00,2019,10,27,19,31,59,59268,1210 Rue de la Lys,50.641771,2.750864,Nuit sans éclairage public,En agglomération,Hors intersection,Normale,Autre collision,3,2,2,0,1,2,1,0,4,50,2,1,0,0,1,0,33.0,,voiture,,3,2,1,1,6
201900051696,2019-01-09 09:45:00,2019,1,9,9,45,94,94037,AUTOROUTE A6B,48.80949,2.349168,Plein jour,Hors agglomération,Hors intersection,Normale,Sans collision,1,3,4,0,1,1,1,1,1,70,1,1,0,0,0,1,51.0,,deux_roues,,1,1,1,1,7
201900051697,2019-10-29 11:00:00,2019,10,29,11,0,59,59497,32 Rue Gaston Robbe,50.729259,2.37264,Plein jour,En agglomération,Hors intersection,Normale,Autre collision,3,2,2,0,1,3,1,0,4,50,1,1,0,0,1,0,,,,,1,2,1,1,6