accident_id,datetime,annee,mois,jour,heure,minute,departement,commune_insee,adresse,latitude,longitude,luminosite,agglomeration,intersection,meteo,collision,catr,circ,nbv,vosp,prof,plan,surf,infra,situ,vma,nb_vehicules,nb_usagers,nb_indemnes,nb_tues,nb_blesses_hosp,nb_blesses_legers,age_cond_1,age_cond_2,veh_type_cond_1,veh_type_cond_2,lum_code,agg_code,int_code,atm_code,col_code
201900052065,2019-08-21 18:00:00,2019,8,21,18,0,67,67118,rue de Lingolsheim,48.574712,7.686855,Plein jour,En agglomération,Intersection en X,Normale,Deux véhicules - côté,7,3,2,1,1,1,1,0,1,50,2,2,1,0,1,0,53.0,65.0,deux_roues,voiture,1,2,2,1,3
201900052066,2019-08-23 16:42:00,2019,8,23,16,42,67,67397,CD20,48.319423,7.702629,Plein jour,Hors agglomération,Hors intersection,Normale,Autre collision,3,2,2,0,1,1,1,0,3,80,1,1,0,0,1,0,71.0,,voiture,,1,1,1,1,6
201900052067,2019-08-23 09:15:00,2019,8,23,9,15,55,55514,82 Rue Raymod POINCARÉ,48.746074,5.051508,Plein jour,En agglomération,Hors intersection,Normale,Autre collision,3,2,2,0,1,1,1,0,1,50,1,2,1,0,1,0,61.0,,voiture,,1,2,1,1,6
201900052068,2019-08-23 14:45:00,2019,8,23,14,45,3,03256,,46.348732,2.9107532,Plein jour,Hors agglomération,Hors intersection,Normale,Deux véhicules - frontale,3,2,2,0,1,1,1,0,1,80,2,2,1,0,1,0,51.0,19.0,utilitaire_camion,voiture,1,1,1,1,1
201900052069,2019-08-24 00:15:00,2019,8,24,0,15,74,74032,D236,46.214134,6.566558,Nuit sans éclairage public,Hors agglomération,Hors intersection,Temps couvert,Autre collision,3,2,2,0,2,2,1,0,1,80,1,1,0,0,0,1,19.0,,voiture,,3,1,1,8,6
201900052070,2019-08-24 11:30:00,2019,8,24,11,30,42,42056,Grande rue,45.413741,4.729801,Plein jour,En agglomération,Hors intersection,Normale,Autre collision,3,2,2,0,1,2,1,0,4,50,1,3,1,0,1,1,24.0,,voiture,,1,2,1,1,6
201900052071,2019-08-22 17:05:00,2019,8,22,17,5,38,38475,Rue des etraits,45.692859,5.129397,Plein jour,Hors agglomération,Hors intersection,Normale,Autre collision,4,2,2,0,1,3,1,0,3,80,1,1,0,0,1,0,48.0,,deux_roues,,1,1,1,1,6
201900052072,2019-08-23 07:45:00,2019,8,23,7,45,26,26313,rue de la roche- rue emile zola,44.964257,4.941178,Plein jour,En agglomération,Intersection en X,Normale,Deux véhicules - côté,4,2,2,0,1,1,1,0,1,30,2,2,1,0,1,0,50.0,54.0,voiture,deux_roues,1,2,2,1,3
201900052073,2019-08-20 16:50:00,2019,8,20,16,50,26,26313,ZA de Laye,44.958662,4.934698,Plein jour,En agglomération,Hors intersection,Pluie légère,Autre collision,6,2,2,0,1,1,2,0,1,30,1,2,1,0,0,1,70.0,,voiture,,1,2,1,2,6
201900052074,2019-08-24 20:25:00,2019,8,24,20,25,1,01386,Route du Port via rhona,45.8851614,5.3502828,Crépuscule ou aube,Hors agglomération,Hors intersection,Normale,Autre collision,3,-1,2,1,1,3,1,0,5,20,1,1,0,0,1,0,27.0,,voiture,,2,1,1,1,6
201900052075,2019-08-23 03:50:00,2019,8,23,3,50,1,01224,02 Rue du Bugey,45.773924,5.205508,Nuit avec éclairage allumé,En agglomération,Hors intersection,Normale,Sans collision,3,2,2,0,1,2,1,0,1,50,1,2,1,0,0,1,20.0,,voiture,,5,2,1,1,7
201900052076,2019-08-23 23:30:00,2019,8,23,23,30,69,69273,5 Avenue des Dauphins,45.66531,4.90509,Nuit avec éclairage allumé,En agglomération,Hors intersection,Normale,Autre collision,4,2,2,0,1,1,1,0,4,50,1,2,1,0,1,0,74.0,,voiture,,5,2,1,1,6
201900052077,2019-08-23 17:30:00,2019,8,23,17,30,81,81038,Avenue de la Fedarie,43.8855313,1.9086732,Plein jour,En agglomération,Hors intersection,Normale,Autre collision,3,2,2,0,1,1,1,0,3,50,1,1,0,0,1,0,89.0,,voiture,,1,2,1,1,6
201900052078,2019-08-23 18:15:00,2019,8,23,18,15,81,81140,route du pech,43.690314,1.814809,Plein jour,En agglomération,Hors intersection,Normale,Autre collision,4,2,2,0,1,1,1,0,4,50,1,2,1,0,0,1,34.0,,voiture,,1,2,1,1,6
201900052079,2019-08-23 20:15:00,2019,8,23,20,15,64,64460,D24 Sens OLORON-LASEUBE PR33,43.2073095,-0.5656949,Plein jour,Hors agglomération,Hors intersection,Normale,Sans collision,3,2,2,0,4,4,1,2,1,50,1,1,0,1,0,0,63.0,,voiture,,1,1,1,1,7
201900052080,2019-08-23 17:00:00,2019,8,23,17,0,33,33436,Intersection D110 E6 et D651,44.52141,-0.62686,Plein jour,Hors agglomération,Intersection en X,Normale,Deux véhicules - côté,3,2,2,0,1,1,1,5,8,80,2,4,2,0,2,0,39.0,38.0,voiture,voiture,1,1,2,1,3
201900052081,2019-08-22 15:15:00,2019,8,22,15,15,85,85222,Rue Ambroise Paré,46.69476,-1.91672,Plein jour,En agglomération,Intersection en X,Normale,Deux véhicules - côté,3,2,2,0,1,1,1,0,1,50,2,2,1,0,1,0,87.0,15.0,voiture,deux_roues,1,2,2,1,3
201900052082,2019-08-23 17:20:00,2019,8,23,17,20,22,22170,route du petit moulin,48.447788,-2.857611,Plein jour,En agglomération,Intersection en X,Normale,Deux véhicules - côté,4,2,2,0,2,1,1,0,1,50,2,2,1,0,1,0,60.0,71.0,deux_roues,voiture,1,2,2,1,3
201900052083,2019-08-24 20:30:00,2019,8,24,20,30,27,27147,1 Rue du Champ du Four,49.104207,1.176549,Plein jour,En agglomération,Intersection en X,Normale,Autre collision,4,2,-1,-1,-1,-1,-1,-1,-1,-1,1,1,0,0,0,1,40.0,,voiture,,1,2,2,1,6
201900052084,2019-08-24 17:50:00,2019,8,24,17,50,76,76718,Route Départementale 6015,49.615196,0.689072,Plein jour,Hors agglomération,Hors intersection,Normale,Deux véhicules - frontale,3,2,2,0,1,1,1,0,1,80,2,5,3,0,0,2,25.0,26.0,voiture,voiture,1,1,1,1,1
201900052085,2019-08-25 11:30:00,2019,8,25,11,30,60,60446,Route nationale 2,49.13198,2.796609,Plein jour,Hors agglomération,Hors intersection,Temps éblouissant,Sans collision,2,3,4,0,1,2,1,0,3,110,1,1,0,0,0,1,27.0,,voiture,,1,1,1,7,7
201900052086,2019-08-22 16:20:00,2019,8,22,16,20,2,02381,Rue Alfred Godon Prolongée,49.914821,4.089592,Plein jour,En agglomération,Hors intersection,Normale,Sans collision,4,2,2,0,1,1,1,0,1,50,1,2,1,0,1,0,17.0,,deux_roues,,1,2,1,1,7
201900052087,2019-08-22 17:25:00,2019,8,22,17,25,2,02381,rd 3050,49.928347,4.104627,Plein jour,Hors agglomération,Autre intersection,Normale,Deux véhicules - côté,3,2,2,0,1,1,1,0,1,80,2,3,1,2,0,0,41.0,55.0,utilitaire_camion,voiture,1,1,9,1,3
201900052088,2019-08-25 01:40:00,2019,8,25,1,40,80,80101,Autoroute A PK 093.100 sens Lille/Paris,49.644414,2.767518,Nuit sans éclairage public,Hors agglomération,Hors intersection,Normale,Autre collision,1,2,3,0,1,1,1,0,1,130,2,4,2,0,0,2,40.0,58.0,voiture,utilitaire_camion,3,1,1,1,6
201900052089,2019-08-21 10:05:00,2019,8,21,10,5,62,62226,D77,50.645837,2.276488,Plein jour,Hors agglomération,Hors intersection,Normale,Trois véhicules et plus - collisions multiples,2,2,2,0,1,1,1,0,1,80,3,6,2,1,2,1,40.0,30.0,voiture,voiture,1,1,1,1,5
201900052090,2019-08-25 11:15:00,2019,8,25,11,15,62,62054,Hameau d'Haringzelle,50.8389662,1.598182,Plein jour,Hors agglomération,Intersection en T,Normale,Deux véhicules - côté,3,2,2,0,2,1,1,0,1,80,2,2,1,0,1,0,55.0,21.0,deux_roues,voiture,1,1,3,1,3
201900052091,2019-08-24 01:15:00,2019,8,24,1,15,62,62865,Départementale 950,50.334475,2.940288,Nuit sans éclairage public,Hors agglomération,Hors intersection,Normale,Autre collision,3,2,4,0,1,1,1,9,3,110,1,1,0,1,0,0,47.0,,voiture,,3,1,1,1,6
201900052092,2019-08-24 01:20:00,2019,8,24,1,20,59,59659,Rue Léo Lagrange,50.018071,4.015357,Nuit sans éclairage public,En agglomération,Autre intersection,Normale,Deux véhicules - côté,4,2,2,0,1,3,2,0,3,50,2,4,3,0,1,0,23.0,,voiture,,3,2,9,1,3
201900052093,2019-08-25 09:55:00,2019,8,25,9,55,59,59374,d962,50.128224,3.841027,Plein jour,En agglomération,Intersection en X,Normale,Deux véhicules - côté,3,2,2,0,2,1,1,0,1,50,2,3,1,0,0,2,40.0,57.0,deux_roues,voiture,1,2,2,1,3
201900052094,2019-08-24 04:15:00,2019,8,24,4,15,59,59387,Route d'Abscon,50.296384,3.268611,Nuit sans éclairage public,En agglomération,Hors intersection,Normale,Sans collision,4,2,2,0,1,3,1,0,3,50,1,1,0,0,1,0,20.0,,voiture,,3,2,1,1,7
201900052095,2019-08-24 12:30:00,2019,8,24,12,30,13,13203,A557-Liaison A7 Marseille-A55 Marseille,43.31711,5.36395,Plein jour,Hors agglomération,Hors intersection,Normale,Sans collision,1,1,2,0,2,2,1,2,1,70,1,1,0,0,0,1,21.0,,voiture,,1,1,1,1,7
201900052096,2019-08-23 04:30:00,2019,8,23,4,30,13,13085,A50-Sens Aubagne vers Toulon,43.25761,5.592519,Nuit sans éclairage public,Hors agglomération,Hors intersection,Normale,Autre collision,1,3,3,0,2,3,1,0,1,110,1,1,0,0,0,1,19.0,,voiture,,3,1,1,1,6
201900052097,2019-08-21 08:45:00,2019,8,21,8,45,13,13056,A55-Sens Marseille vers Martigues,43.399129,5.089966,Plein jour,Hors agglomération,Hors intersection,Normale,Trois véhicules et plus - collisions multiples,1,1,2,0,1,1,1,0,1,110,3,4,2,0,0,2,50.0,53.0,voiture,voiture,1,1,1,1,5
201900052098,2019-08-21 23:00:00,2019,8,21,23,0,54,54265,Autoroute 33,48.64046,6.17032,Nuit sans éclairage public,Hors agglomération,Hors intersection,Normale,Autre collision,1,3,5,3,2,3,1,0,1,90,1,1,0,1,0,0,28.0,,voiture,,3,1,1,1,6
201900052099,2019-08-24 15:10:00,2019,8,24,15,10,33,33065,ROUTE NATIONALE 230,44.81812,-0.52061,Plein jour,Hors agglomération,Hors intersection,Normale,Deux véhicules - arrière,2,3,6,0,1,1,1,0,1,90,2,7,6,0,0,1,36.0,35.0,voiture,voiture,1,1,1,1,2
201900052100,2019-08-16 02:05:00,2019,8,16,2,5,59,59447,AUTOROUTE A2,50.38658,3.6118,Nuit sans éclairage public,Hors agglomération,Hors intersection,Normale,Deux véhicules - arrière,1,3,4,0,1,1,1,0,3,130,2,2,1,1,0,0,32.0,46.0,voiture,utilitaire_camion,3,1,1,1,2
201900052101,2019-08-24 02:40:00,2019,8,24,2,40,91,91216,AUTOROUTE A6,48.68348,2.32851,Nuit sans éclairage public,Hors agglomération,Hors intersection,Normale,Deux véhicules - arrière,1,3,3,0,2,1,1,0,1,110,2,2,1,0,0,1,54.0,23.0,voiture,voiture,3,1,1,1,2
201900052102,2019-08-23 13:00:00,2019,8,23,13,0,91,91689,RN 385 INT,48.746235,2.325325,Plein jour,Hors agglomération,Hors intersection,Normale,Deux véhicules - arrière,1,3,6,0,1,1,1,0,1,110,2,2,1,0,0,1,38.0,54.0,deux_roues,voiture,1,1,1,1,2
201900052103,2019-08-22 18:00:00,2019,8,22,18,0,91,91434,AUTOROUTE A6,48.6693,2.3508,Plein jour,Hors agglomération,Hors intersection,Normale,Deux véhicules - arrière,1,1,3,0,2,2,1,8,3,70,2,2,1,0,0,1,44.0,51.0,utilitaire_camion,utilitaire_camion,1,1,1,1,2
201900052104,2019-08-22 08:25:00,2019,8,22,8,25,94,94037,AUTOROUTE A6B,48.8158735,2.359469,Plein jour,Hors agglomération,Hors intersection,Normale,Trois véhicules et plus - collisions multiples,1,1,2,0,1,1,1,1,1,50,4,4,3,0,0,1,36.0,42.0,utilitaire_camion,utilitaire_camion,1,1,1,1,5
201900052105,2019-08-24 14:20:00,2019,8,24,14,20,92,92050,A86,48.9017136,2.2029617,Plein jour,Hors agglomération,Hors intersection,Normale,Sans collision,1,1,1,0,1,3,1,1,2,50,1,1,0,0,0,1,49.0,,deux_roues,,1,1,1,1,7
201900052106,2019-08-22 13:50:00,2019,8,22,13,50,92,92050,A86,48.9017031,2.2029449,Plein jour,Hors agglomération,Hors intersection,Normale,Deux véhicules - côté,1,3,2,0,1,1,1,0,1,90,2,2,1,0,0,1,43.0,43.0,voiture,utilitaire_camion,1,1,1,1,3
201900052107,2019-08-21 23:25:00,2019,8,21,23,25,78,78545,A12 Y,48.819467,2.06719,Nuit sans éclairage public,Hors agglomération,Hors intersection,Normale,Trois véhicules et plus - en chaîne,1,1,3,0,1,1,1,0,1,110,4,8,6,0,0,2,26.0,30.0,voiture,voiture,3,1,1,1,4
201900052108,2019-08-21 18:40:00,2019,8,21,18,40,92,92064,A13,48.8380067,2.1903289,Plein jour,Hors agglomération,Hors intersection,Normale,Deux véhicules - arrière,1,1,3,0,1,1,1,0,1,110,2,2,1,0,1,0,27.0,22.0,deux_roues,utilitaire_camion,1,1,1,1,2
201900052109,2019-08-24 02:45:00,2019,8,24,2,45,93,93053,AUTOROUTE A3,48.89286,2.47275,Nuit sans éclairage public,Hors agglomération,Hors intersection,Normale,Deux véhicules - arrière,1,3,10,0,1,2,1,2,1,70,2,2,0,0,0,2,54.0,30.0,voiture,utilitaire_camion,3,1,1,1,2
201900052110,2019-08-23 18:15:00,2019,8,23,18,15,93,93010,AUTOROUTE A3,48.90607,2.47284,Plein jour,Hors agglomération,Hors intersection,Normale,Autre collision,1,1,2,0,2,2,1,0,1,50,1,1,0,0,0,1,19.0,,voiture,,1,1,1,1,6
201900052111,2019-08-22 18:15:00,2019,8,22,18,15,95,95351,RN 104,49.02831,2.52419,Plein jour,Hors agglomération,Hors intersection,Normale,Deux véhicules - arrière,2,3,6,0,1,1,1,0,1,110,2,2,1,0,0,1,48.0,69.0,deux_roues,voiture,1,1,1,1,2
201900052112,2019-08-22 10:15:00,2019,8,22,10,15,93,93066,AUTOROUTE A86,48.92236,2.35455,Plein jour,Hors agglomération,Hors intersection,Normale,Deux véhicules - côté,1,3,9,0,1,1,1,0,1,90,2,1,0,0,1,0,37.0,,deux_roues,,1,1,1,1,3
201900052113,2019-08-21 19:40:00,2019,8,21,19,40,60,60631,AUTOROUTE A1,49.14574,2.57735,Plein jour,Hors agglomération,Hors intersection,Normale,Deux véhicules - côté,1,3,6,0,1,1,1,8,1,90,2,3,2,0,0,1,36.0,59.0,voiture,utilitaire_camion,1,1,1,1,3
201900052114,2019-08-23 15:00:00,2019,8,23,15,0,75,75112,A4,48.8246274,2.4635285,Plein jour,Hors agglomération,Hors intersection,Normale,Deux véhicules - arrière,1,3,4,0,3,1,1,0,1,90,2,2,1,0,1,0,35.0,43.0,voiture,voiture,1,1,1,1,2
201900052115,2019-08-23 12:15:00,2019,8,23,12,15,77,77083,A4.W,48.833245,2.593567,Plein jour,Hors agglomération,Hors intersection,Normale,Deux véhicules - arrière,1,-1,6,0,1,1,1,0,3,110,2,1,0,0,0,1,42.0,,voiture,,1,1,1,1,2
201900052116,2019-08-22 19:00:00,2019,8,22,19,0,94,94018,A4,48.8176712,2.4171617,Plein jour,Hors agglomération,Hors intersection,Normale,Deux véhicules - arrière,1,3,5,0,1,1,1,0,1,90,2,2,0,0,0,2,23.0,28.0,deux_roues,voiture,1,1,1,1,2
201900052117,2019-08-22 10:50:00,2019,8,22,10,50,94,94052,A86.EXT,48.84539,2.49262,Plein jour,Hors agglomération,Hors intersection,Normale,Deux véhicules - côté,1,3,6,0,1,1,1,1,1,90,2,2,1,0,0,1,62.0,71.0,utilitaire_camion,voiture,1,1,1,1,3
201900052118,2019-08-19 18:00:00,2019,8,19,18,0,58,58194,MARECHAL JUIN,47.00302,3.15461,Plein jour,En agglomération,Hors intersection,Normale,Deux véhicules - arrière,4,2,2,0,1,1,1,0,1,50,2,3,1,0,0,2,32.0,66.0,voiture,voiture,1,2,1,1,2
201900052119,2019-06-19 01:20:00,2019,6,19,1,20,6,06088,NOTRE-DAME (AV.),43.70414,7.26846,Nuit avec éclairage allumé,En agglomération,Intersection en X,Normale,Deux véhicules - côté,4,1,2,0,1,1,1,0,1,50,2,2,1,0,1,0,28.0,38.0,transport_commun,deux_roues,5,2,2,1,3
201900052120,2019-08-21 16:50:00,2019,8,21,16,50,974,97416,LEBLOND 2 (RUE MARIUS ET ARY),-21.33414,55.46085,Plein jour,En agglomération,Autre intersection,Normale,Autre collision,5,-1,0,0,1,1,1,0,1,10,1,2,1,0,1,0,38.0,,voiture,,1,2,9,1,6
201900052121,2019-08-21 15:25:00,2019,8,21,15,25,974,97411,CHAUDRON  (BLD 1 DU),-20.89606,55.49533,Plein jour,En agglomération,Intersection en T,Normale,Deux véhicules - côté,4,1,1,0,1,1,1,0,1,50,2,4,0,0,0,4,32.0,24.0,voiture,voiture,1,2,3,1,3
201900052122,2019-08-21 11:15:00,2019,8,21,11,15,974,97411,JAURES (BOULEVARD JEAN),-20.8887,55.4463,Plein jour,En agglomération,Intersection en X,Normale,Deux véhicules - côté,2,3,3,0,1,1,1,0,1,70,2,2,1,0,0,1,40.0,56.0,deux_roues,voiture,1,2,2,1,3
201900052123,2019-08-21 22:20:00,2019,8,21,22,20,69,69387,TONY GARNIER                        (AV),45.72667,4.82846,Nuit avec éclairage allumé,En agglomération,Autre intersection,Normale,Deux véhicules - arrière,4,3,3,0,1,1,1,0,1,50,2,3,2,0,0,1,19.0,37.0,voiture,voiture,5,2,9,1,2
201900052124,2019-08-18 18:55:00,2019,8,18,18,55,971,97107,LEOPOLD DORVAL ( RUE ),16.0453563,-61.5652853,Nuit avec éclairage allumé,En agglomération,Intersection à plus de 4 branches,Normale,Deux véhicules - côté,4,2,2,0,2,1,1,0,1,30,2,3,1,1,1,0,26.0,23.0,deux_roues,utilitaire_camion,5,2,5,1,3
201900052125,2019-08-20 07:40:00,2019,8,20,7,40,971,97105,GOUVERNEUR DU LYON (AVE),16.0029293,-61.7387914,Plein jour,En agglomération,Autre intersection,Normale,Deux véhicules - frontale,2,2,2,0,1,1,1,0,1,50,2,2,1,0,1,0,27.0,36.0,deux_roues,voiture,1,2,9,1,1
201900052126,2019-08-12 08:00:00,2019,8,12,8,0,91,91421,NATIONALE 6 (GLACIERE),48.70516,2.4435,Plein jour,Hors agglomération,Hors intersection,Normale,Deux véhicules - arrière,2,3,2,0,1,1,1,0,1,90,2,2,1,0,1,0,39.0,33.0,deux_roues,voiture,1,1,1,1,2
201900052127,2019-08-20 17:52:00,2019,8,20,17,52,91,91103,MOINEAUX (SQUARE DES),48.602,2.308,Plein jour,En agglomération,Hors intersection,Normale,Autre collision,4,-1,0,0,1,1,1,0,1,50,1,2,1,0,0,1,26.0,,voiture,,1,2,1,1,6
201900052128,2019-08-21 13:45:00,2019,8,21,13,45,88,88413,Résistance ( Quai de la ),48.28589,6.96536,Plein jour,En agglomération,Intersection en T,Normale,Trois véhicules et plus - collisions multiples,4,2,2,0,1,1,1,0,1,50,3,4,3,0,1,0,59.0,34.0,voiture,voiture,1,2,3,1,5
201900052129,2019-08-21 11:24:00,2019,8,21,11,24,87,87085,MATISSE (RUE HENRI),45.85171,1.27266,Plein jour,En agglomération,Intersection en T,Normale,Deux véhicules - côté,4,2,2,0,2,1,1,0,1,50,2,2,1,0,0,1,37.0,41.0,voiture,voiture,1,2,3,1,3
201900052130,2019-08-20 11:50:00,2019,8,20,11,50,85,85194,RUE BEAUSEJOUR,46.49848,-1.77665,Plein jour,En agglomération,Hors intersection,Normale,Autre collision,4,1,1,3,1,1,1,0,1,50,1,2,0,0,0,2,19.0,,deux_roues,,1,2,1,1,6
201900052131,2019-08-20 10:30:00,2019,8,20,10,30,83,83062,FERRY (RUE ET AVENUE JULES),43.12466,6.01733,Plein jour,En agglomération,Hors intersection,Normale,Deux véhicules - côté,4,2,3,1,1,1,1,0,1,50,2,2,1,0,1,0,71.0,53.0,deux_roues,utilitaire_camion,1,2,1,1,3
201900052132,2019-08-20 23:00:00,2019,8,20,23,0,82,82121,ARLETTY (rue),44.00975,1.37686,Nuit avec éclairage allumé,En agglomération,Hors intersection,Normale,Autre collision,4,2,2,0,1,1,1,0,1,50,1,1,0,0,1,0,30.0,,deux_roues,,5,2,1,1,6
201900052133,2019-08-09 16:48:00,2019,8,9,16,48,81,81065,LAUTREC RD 83 (RTE DE),43.63947,2.19408,Plein jour,Hors agglomération,Hors intersection,Normale,Trois véhicules et plus - en chaîne,3,2,2,0,2,1,1,0,1,80,3,4,1,1,1,1,26.0,63.0,voiture,voiture,1,1,1,1,4
201900052134,2019-08-10 12:20:00,2019,8,10,12,20,78,78486,RN 10,48.71005,1.86896,Plein jour,Hors agglomération,Hors intersection,Normale,Deux véhicules - arrière,2,3,4,0,1,1,1,0,1,110,2,2,1,0,1,0,31.0,24.0,deux_roues,voiture,1,1,1,1,2
201900052135,2019-08-12 18:35:00,2019,8,12,18,35,78,78335,R.D 146,48.989,1.73208,Plein jour,Hors agglomération,Intersection en T,Normale,Autre collision,3,2,2,0,1,1,1,0,1,70,1,1,0,0,1,0,,,,,1,1,3,1,6
201900052136,2019-08-19 17:30:00,2019,8,19,17,30,78,78335,AVENUE J.B COROT,48.99336,1.72641,Plein jour,En agglomération,Hors intersection,Normale,Deux véhicules - arrière,3,2,2,0,1,1,1,0,1,50,2,3,1,0,1,1,25.0,62.0,voiture,deux_roues,1,2,1,1,2
201900052137,2019-08-21 00:00:00,2019,8,21,0,0,64,64122,MARECHAL JOFFRE (RUE DU),43.4780799,-1.5622805,Nuit avec éclairage allumé,En agglomération,Hors intersection,Normale,Deux véhicules - côté,4,1,1,0,1,1,1,0,1,50,2,2,1,0,0,1,52.0,18.0,voiture,deux_roues,5,2,1,1,3
201900052138,2019-08-20 18:40:00,2019,8,20,18,40,62,62200,NOYELLES ( RUE DE ),50.50433,2.73537,Plein jour,Hors agglomération,Intersection en T,Normale,Deux véhicules - arrière,3,2,2,0,1,1,1,0,1,80,2,2,0,0,1,1,32.0,25.0,voiture,deux_roues,1,1,3,1,2
201900052139,2019-07-10 11:35:00,2019,7,10,11,35,62,62041,FAIDHERBE ( BOULEVARD ),50.292177,2.782309,Plein jour,En agglomération,Hors intersection,Normale,Autre collision,6,-1,0,0,1,1,1,0,1,50,1,3,1,0,2,0,38.0,,utilitaire_camion,,1,2,1,1,6
201900052140,2019-08-21 19:55:00,2019,8,21,19,55,59,59457,LOMME RUE DE,50.65949,2.97618,Plein jour,En agglomération,Hors intersection,Normale,Deux véhicules - côté,7,2,2,0,1,1,1,0,1,30,2,3,1,2,0,0,30.0,42.0,voiture,deux_roues,1,2,1,1,3
201900052141,2019-08-21 04:35:00,2019,8,21,4,35,59,59355,LAVOISIER RUE,50.644151,3.008237,Nuit sans éclairage public,En agglomération,Hors intersection,Normale,Deux véhicules - frontale,4,2,2,0,1,1,1,0,1,50,2,2,1,0,0,1,28.0,,utilitaire_camion,,3,2,1,1,1
201900052142,2019-08-20 17:00:00,2019,8,20,17,0,59,59350,MOSELLE BOULEVARD N°IMPAIRS,50.62939,3.0341,Plein jour,En agglomération,Hors intersection,Normale,Deux véhicules - arrière,7,1,1,1,1,1,1,0,1,50,2,1,0,0,0,1,26.0,,deux_roues,,1,2,1,1,2
201900052143,2019-07-21 02:20:00,2019,7,21,2,20,59,59295,CD 916,50.7453,2.55091,Nuit avec éclairage allumé,Hors agglomération,Intersection en X,Normale,Deux véhicules - côté,3,2,2,0,2,1,1,0,3,80,2,4,3,0,0,1,45.0,24.0,voiture,voiture,5,1,2,1,3
201900052144,2019-08-20 20:45:00,2019,8,20,20,45,49,49099,LYAUTEY (RUE DU MARECHAL),47.05634,-0.86383,Plein jour,En agglomération,Giratoire,Normale,Deux véhicules - côté,7,2,2,0,1,1,1,0,1,50,2,2,1,0,0,1,18.0,28.0,autre,voiture,1,2,6,1,3
201900052145,2019-08-20 21:58:00,2019,8,20,21,58,35,35238,FOUGERES (RUE DE),48.12894,-1.64568,Nuit avec éclairage allumé,En agglomération,Intersection en T,Normale,Deux véhicules - frontale,4,2,-1,-1,1,1,1,0,1,50,2,2,1,0,0,1,47.0,27.0,voiture,deux_roues,5,2,3,1,1
201900052146,2019-08-21 12:50:00,2019,8,21,12,50,34,34172,MARIE DE MONTPELLIER,43.60075,3.8975,Plein jour,En agglomération,Hors intersection,Normale,Deux véhicules - côté,4,1,2,0,1,1,1,0,1,50,2,2,1,0,0,1,20.0,23.0,voiture,deux_roues,1,2,1,1,3
201900052147,2019-08-08 15:20:00,2019,8,8,15,20,34,34003,ROCHELONGUE (H7 A L6,43.28008,3.48095,Plein jour,En agglomération,Hors intersection,Normale,Deux véhicules - côté,4,2,1,1,1,1,1,0,1,50,2,2,1,0,1,0,86.0,43.0,voiture,deux_roues,1,2,1,1,3
201900052148,2019-08-11 17:50:00,2019,8,11,17,50,34,34003,NOTRE DAME A ST. MARTIN (O8 A Q13,43.29156,3.46089,Plein jour,En agglomération,Hors intersection,Normale,Deux véhicules - côté,4,1,1,0,1,1,1,0,1,50,2,2,1,0,1,0,34.0,18.0,voiture,deux_roues,1,2,1,1,3
201900052149,2019-08-21 00:50:00,2019,8,21,0,50,33,33063,Quai Louis XVIII / All de Munich,44.84497,-0.57057,Nuit avec éclairage allumé,En agglomération,Intersection en T,Normale,Deux véhicules - côté,4,3,9,0,1,1,1,5,1,50,2,2,1,0,0,1,66.0,28.0,voiture,deux_roues,5,2,3,1,3
201900052150,2019-08-20 15:10:00,2019,8,20,15,10,33,33063,R. Camille Godard / Crs Portal / Crs Saint Louis,44.855024,-0.571823,Plein jour,En agglomération,Intersection en X,Normale,Deux véhicules - côté,4,2,2,-1,1,1,1,0,8,50,2,2,1,0,0,1,22.0,35.0,deux_roues,utilitaire_camion,1,2,2,1,3
201900052151,2019-08-20 15:15:00,2019,8,20,15,15,31,31555,3 COLOMIERS EST (A624),43.60957,1.38658,Plein jour,Hors agglomération,Hors intersection,Normale,Trois véhicules et plus - en chaîne,1,3,3,0,1,1,1,0,1,70,5,6,4,0,0,2,18.0,43.0,voiture,voiture,1,1,1,1,4
201900052152,2019-08-21 13:25:00,2019,8,21,13,25,29,29151,LANNION (ROUTE DE),48.59175,-3.82338,Plein jour,Hors agglomération,Hors intersection,Normale,Sans collision,3,3,2,0,2,2,1,0,1,50,1,1,0,0,1,0,38.0,,deux_roues,,1,1,1,1,7
201900052153,2019-08-21 18:20:00,2019,8,21,18,20,29,29019,SAUPIN L'ANSE,48.39696,-4.51446,Plein jour,En agglomération,Giratoire,Normale,Deux véhicules - arrière,4,2,2,0,1,1,1,0,1,50,2,2,1,0,0,1,33.0,40.0,voiture,voiture,1,2,6,1,2
201900052154,2019-08-22 00:50:00,2019,8,22,0,50,27,27375,FOCH (RUE DU ML),49.2103,1.17075,Nuit avec éclairage allumé,En agglomération,Giratoire,Normale,Autre collision,4,-1,2,0,1,3,1,0,1,50,1,1,0,0,0,1,,,,,5,2,6,1,6
201900052155,2019-08-18 08:55:00,2019,8,18,8,55,22,22106,croix sanson (RUE DE LA),48.492423,-2.709223,Plein jour,En agglomération,Autre intersection,Normale,Deux véhicules - frontale,4,-1,2,0,1,1,1,0,1,50,2,2,1,0,0,1,37.0,52.0,voiture,deux_roues,1,2,9,1,1
201900052156,2019-08-20 11:45:00,2019,8,20,11,45,19,19031,DOUMER (AVENUE PAUL),45.16588,1.51797,Plein jour,En agglomération,Intersection en X,Normale,Deux véhicules - côté,4,2,2,0,1,1,1,0,1,30,2,2,1,0,0,1,20.0,44.0,deux_roues,voiture,1,2,2,1,3