accident_id,datetime,annee,mois,jour,heure,minute,departement,commune_insee,adresse,latitude,longitude,luminosite,agglomeration,intersection,meteo,collision,catr,circ,nbv,vosp,prof,plan,surf,infra,situ,vma,nb_vehicules,nb_usagers,nb_indemnes,nb_tues,nb_blesses_hosp,nb_blesses_legers,age_cond_1,age_cond_2,veh_type_cond_1,veh_type_cond_2,lum_code,agg_code,int_code,atm_code,col_code
201900052157,2019-08-20 15:30:00,2019,8,20,15,30,17,17028,GAULLE   AVENUE DU GENERAL DE,46.12977,-1.11693,Plein jour,En agglomération,Intersection en X,Normale,Trois véhicules et plus - collisions multiples,4,3,2,0,1,1,1,0,1,50,4,5,3,0,0,2,73.0,78.0,voiture,voiture,1,2,2,1,5
201900052158,2019-08-21 17:20:00,2019,8,21,17,20,13,13216,LITTORAL (CHEMIN DU),43.358245,5.3217414,Plein jour,En agglomération,Hors intersection,Normale,Autre collision,4,2,4,0,2,2,1,0,4,50,1,1,0,0,0,1,35.0,,deux_roues,,1,2,1,1,6
201900052159,2019-08-21 09:00:00,2019,8,21,9,0,13,13213,ROSE (AVENUE DE LA),43.32897,5.42745,Plein jour,En agglomération,Intersection en X,Normale,Deux véhicules - côté,3,2,0,0,1,1,1,0,1,50,2,2,1,0,0,1,45.0,38.0,voiture,deux_roues,1,2,2,1,3
201900052160,2019-08-21 09:40:00,2019,8,21,9,40,6,06088,CAL DE SPAGNOL SOUBRAN (CH.),43.6952891,7.2021168,Plein jour,Hors agglomération,Hors intersection,Normale,Deux véhicules - frontale,9,2,2,0,2,4,9,0,1,30,2,2,1,0,1,0,32.0,24.0,voiture,deux_roues,1,1,1,1,1
201900052161,2019-08-21 15:50:00,2019,8,21,15,50,6,06069,MARCEL PAGNOL (AVENUE),43.645298,6.943441,Plein jour,En agglomération,Hors intersection,Normale,Deux véhicules - côté,4,2,2,0,2,1,1,0,1,50,2,2,1,0,1,0,23.0,22.0,voiture,deux_roues,1,2,1,1,3
201900052162,2019-08-21 16:10:00,2019,8,21,16,10,75,75116,PORTE D AUTEUIL,48.8499248,2.2523582,Plein jour,En agglomération,Intersection en Y,Normale,Trois véhicules et plus - collisions multiples,4,1,1,0,1,1,1,0,1,50,4,5,3,0,0,2,30.0,42.0,utilitaire_camion,voiture,1,2,4,1,5
201900052163,2019-08-20 23:25:00,2019,8,20,23,25,75,75116,BD PERIPHERIQUE INTERIEUR,48.8750509,2.2766032,Nuit avec éclairage allumé,En agglomération,Intersection en Y,Normale,Deux véhicules - arrière,4,1,5,0,1,1,1,0,1,70,2,2,1,0,0,1,24.0,26.0,voiture,voiture,5,2,4,1,2
201900052164,2019-08-20 20:15:00,2019,8,20,20,15,75,75112,RUE CROZATIER,48.8496531,2.3794419,Crépuscule ou aube,En agglomération,Intersection en T,Normale,Autre collision,4,2,2,0,1,1,1,0,1,50,1,2,1,0,1,0,34.0,,deux_roues,,2,2,3,1,6
201900052165,2019-08-21 19:50:00,2019,8,21,19,50,75,75117,AVENUE DE LA PORTE D ASNIERES,48.890113,2.3038325,Plein jour,En agglomération,Intersection en X,Normale,Deux véhicules - arrière,4,2,5,0,1,1,1,0,1,50,2,2,1,0,0,1,64.0,29.0,deux_roues,voiture,1,2,2,1,2
201900052166,2019-08-20 07:10:00,2019,8,20,7,10,75,75116,VOIE GEORGES POMPIDOU,48.8412117,2.2690251,Plein jour,En agglomération,Hors intersection,Normale,Autre collision,4,1,2,0,1,1,1,0,1,50,1,1,0,0,0,1,45.0,,voiture,,1,2,1,1,6
201900052167,2019-08-21 08:45:00,2019,8,21,8,45,75,75112,AVENUE DE GRAVELLE,48.8242006,2.4226909,Plein jour,En agglomération,Hors intersection,Normale,Deux véhicules - arrière,4,2,2,1,1,1,1,0,5,30,2,2,1,0,0,1,47.0,27.0,deux_roues,deux_roues,1,2,1,1,2
201900052168,2019-08-21 19:35:00,2019,8,21,19,35,75,75104,RUE FRANCOIS MIRON,48.855518,2.357748,Plein jour,En agglomération,Intersection en X,Normale,Deux véhicules - côté,4,2,2,1,1,1,1,0,5,30,2,2,1,0,0,1,28.0,24.0,voiture,deux_roues,1,2,2,1,3
201900052169,2019-08-21 08:30:00,2019,8,21,8,30,94,94058,FONTENAY (BD DE),48.8488,2.49422,Plein jour,En agglomération,Autre intersection,Normale,Deux véhicules - arrière,9,1,1,0,1,1,1,0,1,40,2,2,0,0,0,2,22.0,43.0,utilitaire_camion,utilitaire_camion,1,2,9,1,2
201900052170,2019-08-21 08:50:00,2019,8,21,8,50,93,93078,AUDAT (RUE),48.9589,2.5443,Plein jour,En agglomération,Autre intersection,Normale,Deux véhicules - côté,9,2,2,0,1,1,1,0,1,50,2,2,1,0,1,0,34.0,29.0,voiture,utilitaire_camion,1,2,9,1,3
201900052171,2019-08-21 18:30:00,2019,8,21,18,30,93,93051,RU DE NESLE (BOULEVARD),48.8315,2.58414,Plein jour,En agglomération,Hors intersection,Normale,Deux véhicules - côté,3,2,2,0,1,1,1,0,1,50,2,3,2,0,0,1,24.0,36.0,voiture,utilitaire_camion,1,2,1,1,3
201900052172,2019-08-21 11:15:00,2019,8,21,11,15,93,93050,GASTON NAVAILLE (RUE),48.87082,2.53307,Plein jour,En agglomération,Hors intersection,Normale,Autre collision,4,2,1,0,1,1,1,0,1,50,1,2,1,0,0,1,65.0,,voiture,,1,2,1,1,6
201900052173,2019-08-21 12:11:00,2019,8,21,12,11,93,93046,JEAN JAURES BOULEVARD,48.92256,2.52436,Plein jour,En agglomération,Intersection en X,Normale,Deux véhicules - côté,3,-1,2,0,1,1,1,0,1,50,2,2,0,0,0,2,31.0,39.0,utilitaire_camion,utilitaire_camion,1,2,2,1,3
201900052174,2019-08-20 22:00:00,2019,8,20,22,0,93,93046,JEAN JAURES BOULEVARD,48.91619,2.53077,Crépuscule ou aube,En agglomération,Intersection en T,Normale,Deux véhicules - côté,3,1,2,0,1,1,1,0,1,50,2,4,3,0,0,1,45.0,20.0,utilitaire_camion,voiture,2,2,3,1,3
201900052175,2019-08-21 20:05:00,2019,8,21,20,5,93,93005,NONNEVILLE (AVENUE DE),48.923936,2.501148,Plein jour,En agglomération,Hors intersection,Temps éblouissant,Autre collision,4,-1,2,0,1,1,1,0,1,50,1,2,1,0,0,1,21.0,,voiture,,1,2,1,7,6
201900052176,2019-08-19 12:46:00,2019,8,19,12,46,92,92050,BOULEVARD DE LA DEFENSE,48.897258,2.2243019,Plein jour,En agglomération,Intersection en X,Normale,Deux véhicules - côté,3,1,3,0,1,1,1,0,1,50,2,3,2,0,0,1,36.0,37.0,utilitaire_camion,utilitaire_camion,1,2,2,1,3
201900052177,2019-08-21 18:30:00,2019,8,21,18,30,92,92026,SAINT-DENIS BD DE (01 A 197 / 02 A 118),48.898006,2.263722,Plein jour,En agglomération,Intersection en T,Normale,Deux véhicules - côté,3,2,2,0,1,1,1,0,1,50,2,2,1,0,0,1,18.0,29.0,deux_roues,deux_roues,1,2,3,1,3
201900052178,2019-08-18 12:30:00,2019,8,18,12,30,92,92025,EUROPE (AV DE L'),48.926384,2.243636,Plein jour,En agglomération,Hors intersection,Pluie légère,Trois véhicules et plus - en chaîne,4,2,0,0,1,1,2,0,1,50,3,3,2,0,0,1,43.0,47.0,voiture,voiture,1,2,1,2,4
201900052179,2019-08-21 17:45:00,2019,8,21,17,45,92,92060,MOULIN DE LA TOUR (BOULEVARD DU),48.78885,2.26629,Plein jour,En agglomération,Intersection en T,Normale,Deux véhicules - côté,4,2,2,0,1,1,1,0,1,30,2,2,1,0,0,1,21.0,39.0,utilitaire_camion,voiture,1,2,3,1,3
201900052180,2019-08-21 13:50:00,2019,8,21,13,50,92,92004,CHANZY ( RUE DE ),48.91004,2.27249,Plein jour,En agglomération,Hors intersection,Normale,Autre collision,4,2,2,0,1,1,1,0,1,50,1,2,1,0,0,1,44.0,,utilitaire_camion,,1,2,1,1,6
201900052181,2019-08-06 19:45:00,2019,8,6,19,45,86,86165,32 Rue Charles Dubois,46.42189,0.866236,Plein jour,En agglomération,Hors intersection,Normale,Deux véhicules - frontale,3,2,2,0,2,3,1,0,1,50,2,2,1,0,1,0,16.0,79.0,deux_roues,voiture,1,2,1,1,1
201900052182,2019-08-21 23:55:00,2019,8,21,23,55,2A,2A189,Vigna Maggiore,41.698269,8.898583,Nuit sans éclairage public,Hors agglomération,Hors intersection,Normale,Sans collision,2,2,2,0,2,2,1,0,1,80,1,2,0,0,1,1,30.0,,deux_roues,,3,1,1,1,7
201900052183,2019-08-21 12:20:00,2019,8,21,12,20,68,68156,83,47.894671,7.257147,Plein jour,Hors agglomération,Hors intersection,Normale,Deux véhicules - arrière,3,3,4,0,1,1,1,0,1,110,2,3,2,0,0,1,24.0,22.0,voiture,voiture,1,1,1,1,2
201900052184,2019-08-21 11:58:00,2019,8,21,11,58,67,67116,D210,48.310522,7.537241,Plein jour,Hors agglomération,Hors intersection,Normale,Deux véhicules - frontale,3,2,2,0,1,3,1,0,1,80,2,2,0,0,1,1,37.0,48.0,voiture,voiture,1,1,1,1,1
201900052185,2019-08-15 15:45:00,2019,8,15,15,45,83,83019,Route du Baguier,43.156702,6.344977,Plein jour,En agglomération,Hors intersection,Normale,Deux véhicules - frontale,9,2,2,0,2,2,1,0,1,-1,2,5,3,0,1,1,57.0,22.0,voiture,voiture,1,2,1,1,1
201900052186,2019-08-19 17:30:00,2019,8,19,17,30,63,63052,A 75 - PK 40+800 sens sud Nord  - Echangeur 17,45.46317,3.255909,Plein jour,Hors agglomération,Autre intersection,Normale,Sans collision,1,3,4,0,4,1,1,3,1,90,1,1,0,0,0,1,19.0,,voiture,,1,1,9,1,7
201900052187,2019-08-20 20:00:00,2019,8,20,20,0,22,22175,Saint-Aubin,48.484335,-2.374168,Crépuscule ou aube,Hors agglomération,Hors intersection,Normale,Sans collision,3,2,2,0,1,1,1,0,1,80,1,1,0,0,1,0,48.0,,deux_roues,,2,1,1,1,7
201900052188,2019-08-21 17:25:00,2019,8,21,17,25,37,37166,A10,47.513176,0.903263,Plein jour,Hors agglomération,Hors intersection,Normale,Autre collision,1,3,5,0,3,2,1,0,8,130,2,2,1,0,1,0,51.0,52.0,voiture,utilitaire_camion,1,1,1,1,6
201900052189,2019-08-21 16:50:00,2019,8,21,16,50,34,34217,D68,43.728168,3.864815,Plein jour,Hors agglomération,Hors intersection,Normale,Autre collision,3,2,2,0,1,1,1,0,1,80,2,3,2,0,1,0,56.0,33.0,deux_roues,voiture,1,1,1,1,6
201900052190,2019-08-21 16:30:00,2019,8,21,16,30,83,83031,"RD17, PR 12b",43.391186,6.340372,Plein jour,Hors agglomération,Hors intersection,Normale,Autre collision,3,2,2,0,1,1,1,0,8,80,1,1,0,0,1,0,51.0,,deux_roues,,1,1,1,1,6
201900052191,2019-08-22 08:55:00,2019,8,22,8,55,19,19202,D44,45.219321,1.585619,Plein jour,Hors agglomération,Intersection en X,Normale,Deux véhicules - côté,3,2,2,0,3,1,1,5,1,80,2,2,0,0,1,1,40.0,69.0,voiture,voiture,1,1,2,1,3
201900052192,2019-08-18 16:14:00,2019,8,18,16,14,56,56063,Rue de Kergornet,47.8078,-3.435,Plein jour,Hors agglomération,Hors intersection,Normale,Sans collision,3,2,2,0,1,2,1,0,1,80,1,1,0,0,1,0,30.0,,deux_roues,,1,1,1,1,7
201900052193,2019-08-22 11:30:00,2019,8,22,11,30,74,74215,120 Route de Megève,45.8382793,6.5728734,Plein jour,En agglomération,Intersection en T,Normale,Deux véhicules - côté,3,2,2,0,1,1,1,0,1,30,2,3,2,0,0,1,33.0,72.0,deux_roues,voiture,1,2,3,1,3
201900052194,2019-08-21 21:15:00,2019,8,21,21,15,2A,2A031,ROUTE DÉPARTEMENTALE 27,41.982916,9.019862,Nuit sans éclairage public,Hors agglomération,Hors intersection,Normale,Deux véhicules - frontale,3,2,2,0,2,1,1,0,1,80,2,3,0,0,0,3,23.0,36.0,voiture,voiture,3,1,1,1,1
201900052195,2019-08-22 18:00:00,2019,8,22,18,0,61,61389,Grande Rue,48.714262,0.429154,Plein jour,En agglomération,Intersection en X,Temps éblouissant,Deux véhicules - côté,3,2,2,0,3,1,1,0,1,50,2,2,1,0,1,0,67.0,24.0,voiture,deux_roues,1,2,2,7,3
201900052196,2019-08-22 10:30:00,2019,8,22,10,30,34,34018,d909,43.497898,3.187631,Plein jour,Hors agglomération,Hors intersection,Normale,Deux véhicules - frontale,3,2,2,0,1,4,1,0,1,80,2,6,1,0,5,0,31.0,66.0,voiture,voiture,1,1,1,1,1
201900052197,2019-08-22 10:15:00,2019,8,22,10,15,15,15153,21 avenue du puy mary,45.139501,2.230269,Plein jour,En agglomération,Hors intersection,Normale,Deux véhicules - frontale,3,2,2,0,1,1,1,0,1,50,2,2,1,0,0,1,72.0,54.0,voiture,deux_roues,1,2,1,1,1
201900052198,2019-08-21 15:00:00,2019,8,21,15,0,1,01073,RD 37,45.845274,5.736079,Plein jour,Hors agglomération,Hors intersection,Normale,Deux véhicules - côté,3,2,2,0,1,1,1,0,1,80,2,5,0,1,2,2,25.0,59.0,voiture,voiture,1,1,1,1,3
201900052199,2019-08-22 16:10:00,2019,8,22,16,10,1,01337,D933,46.446331,4.947122,Plein jour,Hors agglomération,Intersection en X,Normale,Deux véhicules - côté,3,2,2,0,1,1,1,0,1,80,2,2,1,1,0,0,26.0,40.0,voiture,deux_roues,1,1,2,1,3
201900052200,2019-08-16 10:15:00,2019,8,16,10,15,58,58271,"D128 - lieu-dit ""vaux""",47.340833,3.686995,Plein jour,Hors agglomération,Hors intersection,Temps éblouissant,Deux véhicules - frontale,3,2,2,0,2,2,1,0,3,80,2,3,1,0,1,1,69.0,44.0,voiture,voiture,1,1,1,7,1
201900052201,2019-08-21 10:45:00,2019,8,21,10,45,58,58095,11 Rue Joseph Boigues,46.82806,3.473323,Plein jour,En agglomération,Hors intersection,Normale,Deux véhicules - côté,4,2,2,0,1,1,1,0,1,50,2,2,1,0,0,1,77.0,70.0,voiture,voiture,1,2,1,1,3
201900052202,2019-08-22 08:15:00,2019,8,22,8,15,58,58095,115 BIS Avenue de Verdun,46.82803,3.48165,Plein jour,En agglomération,Hors intersection,Temps éblouissant,Deux véhicules - frontale,4,2,2,0,1,1,1,0,1,50,2,2,0,0,0,2,22.0,88.0,voiture,voiture,1,2,1,7,1
201900052203,2019-08-22 17:30:00,2019,8,22,17,30,50,50082,rd 50,49.459794,-1.63083,Plein jour,Hors agglomération,Hors intersection,Normale,Deux véhicules - frontale,3,2,2,0,2,3,1,0,1,80,2,2,0,1,1,0,26.0,34.0,deux_roues,deux_roues,1,1,1,1,1
201900052204,2019-08-22 15:10:00,2019,8,22,15,10,50,50639,8 Rue Carnot (Villedieu-les-Poêles),48.839339,-1.221358,Plein jour,En agglomération,Hors intersection,Normale,Autre collision,3,2,2,0,2,3,1,0,4,-1,1,2,1,0,0,1,68.0,,voiture,,1,2,1,1,6
201900052205,2019-08-22 14:45:00,2019,8,22,14,45,50,50483,6 La Landette,49.102696,-1.15773,Plein jour,Hors agglomération,Hors intersection,Normale,Deux véhicules - frontale,3,2,2,0,1,3,1,0,1,80,2,2,1,1,0,0,40.0,20.0,deux_roues,voiture,1,1,1,1,1
201900052206,2019-08-21 23:18:00,2019,8,21,23,18,43,43038,Route de Brioude,45.362621,3.313068,Nuit avec éclairage allumé,En agglomération,Hors intersection,Normale,Autre collision,2,2,2,0,2,1,1,9,1,50,1,1,0,0,1,0,24.0,,deux_roues,,5,2,1,1,6
201900052207,2019-08-22 09:50:00,2019,8,22,9,50,10,10401,Rue du Pont Chevallier,48.237484,4.467,Plein jour,En agglomération,Autre intersection,Normale,Autre collision,4,2,2,0,1,1,1,0,4,50,1,2,1,0,1,0,56.0,,voiture,,1,2,9,1,6
201900052208,2019-08-22 00:10:00,2019,8,22,0,10,36,36018,La Petite Planchette,46.617003,1.11435,Nuit sans éclairage public,Hors agglomération,Hors intersection,Normale,Autre collision,3,2,2,0,1,1,1,0,3,80,1,1,0,1,0,0,39.0,,voiture,,3,1,1,1,6
201900052209,2019-08-21 13:00:00,2019,8,21,13,0,7,07018,PK75 ,44.682581,4.068278,Plein jour,Hors agglomération,Hors intersection,Normale,Sans collision,2,2,2,0,2,2,1,0,1,80,1,1,0,0,1,0,63.0,,deux_roues,,1,1,1,1,7
201900052210,2019-08-22 00:10:00,2019,8,22,0,10,24,24413,La Fargue Basse,44.9054,0.37553,Nuit sans éclairage public,Hors agglomération,Hors intersection,Normale,Sans collision,3,2,2,0,1,1,1,0,3,80,1,2,1,0,1,0,37.0,,utilitaire_camion,,3,1,1,1,7
201900052211,2019-08-22 18:00:00,2019,8,22,18,0,28,28310,RD 318,48.605841,0.96276,Plein jour,Hors agglomération,Hors intersection,Normale,Autre collision,3,2,2,0,1,2,1,0,3,80,1,2,0,0,1,1,69.0,,voiture,,1,1,1,1,6
201900052212,2019-08-21 18:20:00,2019,8,21,18,20,17,17050,Rue des Burettes,45.492363,-0.613546,Plein jour,Hors agglomération,Intersection en T,Normale,Deux véhicules - côté,3,2,2,0,4,1,1,2,1,80,2,2,1,0,1,0,38.0,80.0,utilitaire_camion,voiture,1,1,3,1,3
201900052213,2019-08-18 15:06:00,2019,8,18,15,6,31,31587,Autoroute A 62,43.770593,1.384495,Plein jour,Hors agglomération,Hors intersection,Normale,Trois véhicules et plus - collisions multiples,1,3,5,0,1,1,1,0,1,130,7,24,16,0,1,7,53.0,41.0,voiture,voiture,1,1,1,1,5
201900052214,2019-08-22 12:55:00,2019,8,22,12,55,973,97309,Route de Montjoly,4.9131066,-52.273041,Plein jour,En agglomération,Hors intersection,Normale,Deux véhicules - arrière,3,2,2,0,1,1,1,0,1,50,2,2,1,0,1,0,24.0,22.0,deux_roues,voiture,1,2,1,1,2
201900052215,2019-08-21 20:00:00,2019,8,21,20,0,68,68300,autoroute A36,47.776106,7.390539,Plein jour,Hors agglomération,Hors intersection,Normale,Deux véhicules - côté,1,3,5,0,1,1,1,3,1,110,2,5,2,0,0,3,51.0,25.0,voiture,voiture,1,1,1,1,3
201900052216,2019-08-18 11:30:00,2019,8,18,11,30,57,57630,"ROUTE NATIONAL 4 - PR 18+200 - sens ""SARREBOURG-PHALSBOURG""",48.716996,7.048477,Plein jour,Hors agglomération,Hors intersection,Normale,Autre collision,2,3,4,0,1,1,1,0,3,50,1,1,0,0,1,0,82.0,,voiture,,1,1,1,1,6
201900052217,2019-08-22 16:20:00,2019,8,22,16,20,13,13114,A8 PK 5+500 sens Aix / Salon,43.555004,5.285242,Plein jour,Hors agglomération,Hors intersection,Normale,Sans collision,1,3,5,0,1,1,1,0,2,130,1,2,0,1,1,0,52.0,,voiture,,1,1,1,1,7
201900052218,2019-08-20 14:15:00,2019,8,20,14,15,988,98817,route du col de la fontaine de PLUM,-22.25972,166.61855,Plein jour,Hors agglomération,Hors intersection,Normale,Sans collision,3,2,2,0,2,2,1,0,8,70,1,2,1,0,1,0,76.0,,voiture,,1,1,1,1,7
201900052219,2019-08-21 18:05:00,2019,8,21,18,5,33,33097,RD207,45.079343,-1.02923,Plein jour,Hors agglomération,Hors intersection,Normale,Autre collision,3,2,2,0,1,2,1,0,3,80,1,1,0,0,0,1,65.0,,voiture,,1,1,1,1,6
201900052220,2019-08-22 19:05:00,2019,8,22,19,5,77,77392,D401 X RTE DE ROUVRES,49.05505,2.71559,Plein jour,Hors agglomération,Intersection en T,Normale,Deux véhicules - côté,3,2,2,0,1,1,1,0,1,50,2,3,2,0,0,1,37.0,54.0,voiture,deux_roues,1,1,3,1,3
201900052221,2019-08-22 15:00:00,2019,8,22,15,0,95,95483,Route départemenale 51,49.107202,1.926968,Plein jour,Hors agglomération,Intersection en X,Normale,Deux véhicules - côté,3,2,2,0,1,1,1,0,1,80,2,4,3,0,1,0,67.0,28.0,deux_roues,utilitaire_camion,1,1,2,1,3
201900052222,2019-08-21 05:30:00,2019,8,21,5,30,83,83042,rond poin st maure,43.251914,6.529395,Nuit avec éclairage allumé,En agglomération,Giratoire,Normale,Sans collision,3,2,2,0,1,1,1,0,1,50,1,1,0,0,1,0,23.0,,deux_roues,,5,2,6,1,7
201900052223,2019-08-22 07:00:00,2019,8,22,7,0,5,05173,RD 51,44.320038,5.885575,Plein jour,Hors agglomération,Hors intersection,Normale,Autre collision,3,2,2,0,2,3,1,0,3,80,1,1,0,0,1,0,36.0,,deux_roues,,1,1,1,1,6
201900052224,2019-03-27 16:00:00,2019,3,27,16,0,59,59043,ESTAIRES (ROUTE D'),50.72632,2.71144,Plein jour,Hors agglomération,Hors intersection,Normale,Deux véhicules - côté,3,2,1,0,1,1,1,0,1,70,2,2,1,0,1,0,23.0,45.0,voiture,voiture,1,1,1,1,3
201900052225,2019-03-26 16:00:00,2019,3,26,16,0,57,57672,GENERAL DE CASTELNAU (RUE DU),49.35269,6.16085,Plein jour,En agglomération,Hors intersection,Normale,Autre collision,4,2,2,0,1,1,1,6,1,50,1,2,1,0,1,0,33.0,,voiture,,1,2,1,1,6
201900052226,2019-03-27 19:15:00,2019,3,27,19,15,56,56121,LANVEUR (rue de),47.74214,-3.38625,Crépuscule ou aube,En agglomération,Hors intersection,Normale,Autre collision,4,1,1,0,1,2,1,0,1,50,1,1,0,0,1,0,31.0,,deux_roues,,2,2,1,1,6
201900052227,2019-03-27 14:30:00,2019,3,27,14,30,54,54547,AIGUILLETTES (BD 1 A 3),48.66723,6.1646,Plein jour,En agglomération,Hors intersection,Normale,Deux véhicules - arrière,4,1,1,0,1,1,1,0,1,50,2,2,1,0,0,1,52.0,42.0,voiture,deux_roues,1,2,1,1,2
201900052228,2019-03-29 15:54:00,2019,3,29,15,54,54,54323,AVIATION (AVENUE DE L'),49.5183,5.7582,Plein jour,En agglomération,Hors intersection,Normale,Autre collision,4,2,2,0,1,1,1,0,2,30,1,2,1,0,1,0,47.0,,voiture,,1,2,1,1,6
201900052229,2019-03-28 17:10:00,2019,3,28,17,10,54,54367,RN52,49.505475,5.765073,Plein jour,Hors agglomération,Hors intersection,Normale,Deux véhicules - frontale,2,2,2,0,1,1,1,0,1,80,2,2,0,0,0,2,67.0,19.0,voiture,voiture,1,1,1,1,1
201900052230,2019-03-27 17:05:00,2019,3,27,17,5,52,52121,SIMON (RUE PIERRE),48.11119,5.12806,Plein jour,En agglomération,Intersection en T,Normale,Deux véhicules - arrière,4,2,2,0,1,1,1,0,1,50,2,2,1,0,0,1,62.0,46.0,voiture,deux_roues,1,2,3,1,2
201900052231,2019-03-30 17:55:00,2019,3,30,17,55,51,51172,AVENUE DU ROUSSILLON,49.22112,4.04123,Plein jour,En agglomération,Intersection en X,Normale,Deux véhicules - côté,4,2,2,0,2,1,1,0,1,50,2,2,1,0,0,1,23.0,31.0,deux_roues,voiture,1,2,2,1,3
201900052232,2019-03-29 18:00:00,2019,3,29,18,0,51,51454,BOULEVARD CHARLES ARNOULD,49.26924,4.02009,Plein jour,En agglomération,Intersection en X,Normale,Deux véhicules - frontale,4,2,3,0,1,1,1,0,1,50,2,2,1,0,0,1,67.0,26.0,voiture,voiture,1,2,2,1,1
201900052233,2019-03-29 16:15:00,2019,3,29,16,15,51,51454,RUE DE LA MAISON BLANCHE,49.23504,4.02506,Plein jour,En agglomération,Place,Normale,Deux véhicules - côté,4,2,0,1,2,1,1,0,1,50,2,2,1,0,0,1,28.0,35.0,utilitaire_camion,deux_roues,1,2,7,1,3
201900052234,2019-03-30 14:00:00,2019,3,30,14,0,50,50218,VILLEDIEU LES POELES (ROUTE),48.837657,-1.544253,Plein jour,En agglomération,Hors intersection,Normale,Autre collision,6,-1,0,3,1,2,1,9,1,30,1,2,1,0,1,0,21.0,,voiture,,1,2,1,1,6
201900052235,2019-03-30 09:28:00,2019,3,30,9,28,50,50218,VILLEDIEU LES POELES (ROUTE),48.83762,-1.55101,Plein jour,En agglomération,Autre intersection,Normale,Deux véhicules - côté,3,-1,2,0,1,3,1,9,1,50,2,2,1,0,0,1,15.0,80.0,deux_roues,voiture,1,2,9,1,3
201900052236,2019-03-27 11:40:00,2019,3,27,11,40,50,50129,LEMONNIER (AVENUE AMIRAL),49.63378,-1.60626,Plein jour,En agglomération,Intersection en T,Normale,Deux véhicules - côté,3,3,4,0,1,1,1,5,1,50,2,2,1,0,0,1,38.0,14.0,utilitaire_camion,deux_roues,1,2,3,1,3
201900052237,2019-03-27 17:36:00,2019,3,27,17,36,49,49007,MILLET,47.4719,-0.55604,Plein jour,En agglomération,Intersection en T,Normale,Sans collision,4,1,1,0,1,1,1,0,1,30,1,2,1,0,0,1,28.0,,voiture,,1,2,3,1,7
201900052238,2019-03-27 17:21:00,2019,3,27,17,21,49,49246,EUROPE AVENUE,47.44073,-0.52885,Plein jour,En agglomération,Intersection en T,Normale,Deux véhicules - côté,4,2,4,2,1,1,1,5,1,50,2,2,1,0,0,1,21.0,31.0,deux_roues,voiture,1,2,3,1,3
201900052239,2019-03-27 18:50:00,2019,3,27,18,50,49,49353,DAUTEL BOULEVARD,47.44248,-0.48346,Plein jour,En agglomération,Hors intersection,Normale,Deux véhicules - arrière,4,2,2,0,1,1,1,0,1,50,2,2,1,0,0,1,57.0,42.0,voiture,voiture,1,2,1,1,2
201900052240,2019-03-29 17:40:00,2019,3,29,17,40,45,45285,Chemin de Halage,47.89589,1.86497,Plein jour,En agglomération,Hors intersection,Normale,Deux véhicules - arrière,4,2,1,0,1,1,1,0,1,50,2,4,2,0,0,2,27.0,32.0,voiture,voiture,1,2,1,1,2
201900052241,2019-03-29 09:00:00,2019,3,29,9,0,45,45286,RTE DE SANDILLON - RTE DE ST CYR,47.88014,1.93455,Plein jour,En agglomération,Intersection en T,Normale,Deux véhicules - côté,3,2,2,0,1,1,1,5,1,50,2,1,0,0,0,1,13.0,,deux_roues,,1,2,3,1,3
201900052242,2019-03-28 14:40:00,2019,3,28,14,40,45,45285,PARKING AUCHAN,47.90434,1.86314,Plein jour,En agglomération,Hors intersection,Normale,Deux véhicules - côté,6,-1,-1,0,1,1,1,0,1,10,2,3,2,0,0,1,48.0,27.0,voiture,voiture,1,2,1,1,3
201900052243,2019-03-28 13:00:00,2019,3,28,13,0,45,45234,AVENUE DES DROITS DE L'HOMME,47.9183889,1.9244903,Plein jour,En agglomération,Hors intersection,Normale,Autre collision,4,-1,0,0,1,1,1,0,1,10,1,2,1,0,0,1,61.0,,voiture,,1,2,1,1,6
201900052244,2019-03-27 14:48:00,2019,3,27,14,48,45,45004,RUE DES HAUTS DE VIROY,47.9892237,2.7642141,Plein jour,En agglomération,Hors intersection,Normale,Deux véhicules - côté,4,2,2,0,1,2,1,0,1,50,2,3,0,0,0,3,16.0,67.0,voiture,voiture,1,2,1,1,3
201900052245,2019-03-29 07:35:00,2019,3,29,7,35,44,44109,FOSSE ( QUAI DE LA ),47.20702,-1.5723,Plein jour,En agglomération,Hors intersection,Normale,Trois véhicules et plus - collisions multiples,7,3,0,0,1,1,1,0,1,50,3,3,2,0,1,0,30.0,33.0,deux_roues,voiture,1,2,1,1,5
201900052246,2019-03-29 00:30:00,2019,3,29,0,30,44,44109,RUES DE STRASBOURG / GAL LECLERC HAUTECLOQUE,47.217976,-1.5529273,Nuit avec éclairage allumé,En agglomération,Intersection en X,Normale,Deux véhicules - côté,7,-1,0,0,2,1,1,0,1,30,2,2,1,0,1,0,63.0,37.0,transport_commun,deux_roues,5,2,2,1,3
201900052247,2019-03-25 17:50:00,2019,3,25,17,50,44,44162,PLACE DE LA REVOLUTION FRANCAISE,47.228698,-1.605235,Plein jour,En agglomération,Hors intersection,Normale,Autre collision,7,2,0,0,1,1,1,0,1,50,1,2,1,1,0,0,68.0,,voiture,,1,2,1,1,6