accident_id,datetime,annee,mois,jour,heure,minute,departement,commune_insee,adresse,latitude,longitude,luminosite,agglomeration,intersection,meteo,collision,catr,circ,nbv,vosp,prof,plan,surf,infra,situ,vma,nb_vehicules,nb_usagers,nb_indemnes,nb_tues,nb_blesses_hosp,nb_blesses_legers,age_cond_1,age_cond_2,veh_type_cond_1,veh_type_cond_2,lum_code,agg_code,int_code,atm_code,col_code
201900052522,2019-07-12 12:30:00,2019,7,12,12,30,35,35238,ROCHESTER (AVENUE DE),48.127,-1.652,Plein jour,En agglomération,Giratoire,Normale,Deux véhicules - côté,4,2,2,1,1,1,1,0,1,50,2,2,1,0,0,1,59.0,62.0,voiture,deux_roues,1,2,6,1,3
201900052523,2019-07-11 16:15:00,2019,7,11,16,15,35,35206,ROCADE 6-7,48.07949,-1.68621,Plein jour,Hors agglomération,Hors intersection,Normale,Trois véhicules et plus - en chaîne,2,3,4,0,1,1,1,0,1,90,3,4,3,0,0,1,50.0,23.0,voiture,utilitaire_camion,1,1,1,1,4
201900052524,2019-07-11 17:30:00,2019,7,11,17,30,35,35278,RN 136,48.139954,-1.695483,Plein jour,Hors agglomération,Hors intersection,Normale,Deux véhicules - côté,2,3,4,0,1,1,1,0,1,90,2,4,2,0,0,2,32.0,35.0,utilitaire_camion,voiture,1,1,1,1,3
201900052525,2019-07-10 14:20:00,2019,7,10,14,20,35,35238,RN136,48.107201,-1.717239,Plein jour,Hors agglomération,Hors intersection,Normale,Deux véhicules - arrière,2,3,4,0,1,1,1,3,1,90,2,3,1,1,0,1,26.0,33.0,voiture,utilitaire_camion,1,1,1,1,2
201900052526,2019-07-10 10:00:00,2019,7,10,10,0,35,35238,GAYEULLES (AVENUE DES),48.13133,-1.65187,Plein jour,En agglomération,Autre intersection,Normale,Deux véhicules - côté,4,3,1,0,1,1,1,0,1,30,2,3,1,0,1,1,16.0,51.0,deux_roues,utilitaire_camion,1,2,9,1,3
201900052527,2019-07-13 06:55:00,2019,7,13,6,55,34,34129,CALADE (ALLEE DE LA),43.58039,3.89788,Plein jour,Hors agglomération,Hors intersection,Normale,Deux véhicules - frontale,4,2,2,0,1,3,1,0,1,50,2,3,2,0,0,1,28.0,52.0,voiture,voiture,1,1,1,1,1
201900052528,2019-07-10 20:40:00,2019,7,10,20,40,34,34172,PAVELET (AVENUE DU COLONEL),43.58174,3.86424,Plein jour,En agglomération,Intersection en T,Normale,Trois véhicules et plus - collisions multiples,4,3,4,0,2,1,1,5,1,50,3,4,3,0,0,1,26.0,21.0,utilitaire_camion,voiture,1,2,3,1,5
201900052529,2019-07-11 22:24:00,2019,7,11,22,24,34,34172,HEIDELBERG (AVENUE DE),43.62352,3.81145,Nuit avec éclairage allumé,En agglomération,Hors intersection,Normale,Autre collision,4,2,2,0,1,2,1,0,1,50,1,4,0,1,2,1,21.0,,voiture,,5,2,1,1,6
201900052530,2019-07-13 16:40:00,2019,7,13,16,40,33,33162,AVE DU MEDOC,44.8851,-0.63658,Plein jour,En agglomération,Intersection en Y,Normale,Deux véhicules - frontale,4,2,4,2,1,1,1,0,1,50,2,4,1,0,0,3,25.0,31.0,voiture,voiture,1,2,4,1,1
201900052531,2019-07-12 13:10:00,2019,7,12,13,10,33,33063,Crs de la Somme / R. Pascal Mothes,44.824708,-0.572601,Plein jour,En agglomération,Intersection en T,Normale,Deux véhicules - côté,4,2,2,0,1,1,1,0,1,50,2,2,1,0,0,1,47.0,54.0,voiture,deux_roues,1,2,3,1,3
201900052532,2019-06-22 23:30:00,2019,6,22,23,30,33,33039,RUE LEON GAMBETTA,44.8076,-0.551536,Nuit avec éclairage allumé,En agglomération,Intersection en X,Normale,Deux véhicules - côté,4,2,2,0,1,1,1,0,8,50,2,2,1,0,0,1,46.0,21.0,deux_roues,deux_roues,5,2,2,1,3
201900052533,2019-07-08 05:49:00,2019,7,8,5,49,33,33281,AVE DE LA LIBERATION,44.85804,-0.64351,Nuit sans éclairage public,En agglomération,Hors intersection,Normale,Autre collision,4,2,2,0,1,1,1,0,1,50,1,1,0,0,1,0,,,,,3,2,1,1,6
201900052534,2019-07-12 00:00:00,2019,7,12,0,0,33,33063,PALUDATE (QUAI DE),44.83076,-0.55788,Nuit avec éclairage allumé,En agglomération,Hors intersection,Normale,Autre collision,4,3,6,0,1,1,1,0,1,50,1,1,0,0,0,1,48.0,,deux_roues,,5,2,1,1,6
201900052535,2019-07-11 22:15:00,2019,7,11,22,15,33,33063,R. Mandron / R. Henri Expert,44.858002,-0.587793,Nuit avec éclairage allumé,En agglomération,Intersection en X,Normale,Deux véhicules - côté,4,1,2,1,1,1,1,0,1,50,2,3,1,0,0,2,38.0,66.0,deux_roues,voiture,5,2,2,1,3
201900052536,2019-06-21 20:15:00,2019,6,21,20,15,33,33192,RUE SAINT-FRANCOIS XAVIER,44.77557,-0.5906,Plein jour,En agglomération,Hors intersection,Normale,Autre collision,4,-1,2,0,1,2,1,0,1,50,1,2,1,0,0,1,30.0,,voiture,,1,2,1,1,6
201900052537,2019-07-01 09:20:00,2019,7,1,9,20,33,33063,RUE DES FRANCAIS LIBRES,44.87541,-0.56885,Plein jour,En agglomération,Intersection en X,Normale,Deux véhicules - côté,4,2,2,0,1,1,1,0,1,50,2,2,1,0,0,1,27.0,30.0,voiture,voiture,1,2,2,1,3
201900052538,2019-07-07 15:20:00,2019,7,7,15,20,33,33063,CRS DU MEDOC,44.85711,-0.56539,Plein jour,En agglomération,Hors intersection,Normale,Deux véhicules - arrière,4,2,2,2,1,1,1,0,1,50,2,2,1,0,0,1,21.0,21.0,voiture,deux_roues,1,2,1,1,2
201900052539,2019-07-08 16:45:00,2019,7,8,16,45,33,33063,R. Tastet / Crs d'Albret,44.835658,-0.58073,Plein jour,En agglomération,Intersection en T,Normale,Deux véhicules - côté,4,2,3,0,1,1,1,0,1,50,2,2,1,0,0,1,27.0,30.0,deux_roues,voiture,1,2,3,1,3
201900052540,2019-07-07 17:00:00,2019,7,7,17,0,33,33039,R.GASTON MONMOUSSEAU / Cycliste traverse entre 2 buissons sans regarder,44.80135,-0.54003,Plein jour,En agglomération,Hors intersection,Temps éblouissant,Autre collision,4,2,2,0,1,4,1,0,1,30,2,3,2,0,0,1,19.0,16.0,voiture,deux_roues,1,2,1,7,6
201900052541,2019-07-01 09:20:00,2019,7,1,9,20,33,33063,RUE EDMOND BESSE,44.88719,-0.54697,Plein jour,En agglomération,Intersection en T,Normale,Deux véhicules - côté,4,2,2,0,1,1,1,0,1,50,2,2,1,0,0,1,44.0,33.0,voiture,voiture,1,2,3,1,3
201900052542,2019-06-28 20:20:00,2019,6,28,20,20,33,33063,BD DU PRESIDENT WILSON,44.849865,-0.596341,Crépuscule ou aube,En agglomération,Intersection en T,Normale,Deux véhicules - arrière,4,2,6,0,1,1,1,0,1,50,2,2,1,0,0,1,52.0,40.0,voiture,voiture,2,2,3,1,2
201900052543,2019-07-13 18:50:00,2019,7,13,18,50,33,33529,SEMAPHORE (AVE DU),44.63106,-1.20205,Plein jour,En agglomération,Hors intersection,Normale,Deux véhicules - côté,4,2,2,0,1,1,1,0,1,50,2,2,1,0,1,0,72.0,53.0,deux_roues,voiture,1,2,1,1,3
201900052544,2019-07-11 17:00:00,2019,7,11,17,0,31,31555,VA007331 A620,43.57438,1.43969,Plein jour,Hors agglomération,Hors intersection,Normale,Deux véhicules - arrière,1,3,6,0,1,1,1,0,1,90,2,2,1,0,0,1,53.0,52.0,voiture,deux_roues,1,1,1,1,2
201900052545,2019-07-12 08:26:00,2019,7,12,8,26,31,31149,PIBRAC (BOULEVARD DE),43.61623,1.33181,Plein jour,En agglomération,Giratoire,Normale,Deux véhicules - côté,3,3,0,0,1,1,1,0,1,50,2,2,1,0,0,1,30.0,54.0,deux_roues,voiture,1,2,6,1,3
201900052546,2019-07-11 22:50:00,2019,7,11,22,50,31,31149,AUCH (RUE D'),43.60829,1.33922,Nuit avec éclairage allumé,En agglomération,Intersection en T,Normale,Deux véhicules - côté,4,2,2,0,1,1,1,0,1,50,2,2,1,0,0,1,17.0,27.0,deux_roues,voiture,5,2,3,1,3
201900052547,2019-07-11 16:20:00,2019,7,11,16,20,31,31555,RTE D AGDE,43.62036,1.46889,Plein jour,En agglomération,Hors intersection,Normale,Trois véhicules et plus - collisions multiples,3,2,4,0,1,1,1,0,1,50,3,6,3,0,0,3,26.0,41.0,voiture,voiture,1,2,1,1,5
201900052548,2019-07-11 15:30:00,2019,7,11,15,30,31,31555,RUE DU PETIT CASTELET,43.63324,1.45781,Plein jour,En agglomération,Hors intersection,Normale,Autre collision,4,2,2,0,1,3,1,0,1,50,1,2,1,0,0,1,19.0,,utilitaire_camion,,1,2,1,1,6
201900052549,2019-07-10 16:50:00,2019,7,10,16,50,31,31555,RUE DES FRERES LION,43.6003,1.45233,Plein jour,En agglomération,Hors intersection,Normale,Deux véhicules - arrière,4,2,3,0,1,1,1,0,1,50,2,2,1,0,1,0,76.0,27.0,deux_roues,voiture,1,2,1,1,2
201900052550,2019-07-11 10:25:00,2019,7,11,10,25,29,29232,PRESIDENT ALLENDE BOULEVARD,47.99153,-4.07346,Plein jour,En agglomération,Giratoire,Normale,Sans collision,3,1,4,0,1,1,1,5,1,50,1,1,0,0,0,1,48.0,,deux_roues,,1,2,6,1,7
201900052551,2019-07-09 12:14:00,2019,7,9,12,14,29,29019,GUILERS (DE 39 A 137 ET 32 A 134),48.38865,-4.51696,Plein jour,En agglomération,Intersection en T,Normale,Deux véhicules - côté,4,2,2,0,2,1,1,0,3,50,2,2,1,0,1,0,47.0,62.0,deux_roues,voiture,1,2,3,1,3
201900052552,2019-07-06 04:10:00,2019,7,6,4,10,29,29019,SAINT POL ROUX,48.4007724,-4.4832356,Nuit avec éclairage allumé,En agglomération,Hors intersection,Normale,Autre collision,4,2,2,0,3,1,1,0,1,50,1,1,0,0,1,0,,,,,5,2,1,1,6
201900052553,2019-07-11 11:50:00,2019,7,11,11,50,28,28404,SAINT THIBAULT (RUE),48.7335353,1.3517071,Plein jour,En agglomération,Hors intersection,Normale,Deux véhicules - arrière,3,2,1,0,1,1,1,0,1,50,2,3,0,0,0,3,21.0,22.0,voiture,voiture,1,2,1,1,2
201900052554,2019-07-11 09:00:00,2019,7,11,9,0,28,28134,MELSUNGEN  (AVENUE DE),48.7309,1.36509,Plein jour,En agglomération,Autre intersection,Normale,Autre collision,4,2,1,0,1,1,1,9,1,50,1,2,1,0,0,1,68.0,,voiture,,1,2,9,1,6
201900052555,2019-07-13 09:00:00,2019,7,13,9,0,27,27229,LUXEMBOURG (RUE DU),49.03037,1.18345,Plein jour,En agglomération,Intersection en X,Normale,Deux véhicules - côté,4,2,8,0,1,1,1,0,1,50,2,4,3,0,0,1,71.0,31.0,utilitaire_camion,voiture,1,2,2,1,3
201900052556,2019-07-11 12:50:00,2019,7,11,12,50,27,27229,NATIONALE 13 (ROUTE),49.01541,1.18688,Plein jour,En agglomération,Hors intersection,Normale,Deux véhicules - arrière,4,2,4,0,1,1,1,0,1,70,2,2,1,0,0,1,49.0,18.0,voiture,utilitaire_camion,1,2,1,1,2
201900052557,2019-07-11 10:50:00,2019,7,11,10,50,27,27229,Chemin de Huest,49.03322,1.16896,Plein jour,En agglomération,Hors intersection,Normale,Autre collision,4,2,2,0,2,2,1,0,1,50,1,2,1,0,0,1,87.0,,voiture,,1,2,1,1,6
201900052558,2019-07-10 09:50:00,2019,7,10,9,50,26,26057,PATRIOTES (AVENUE DES),45.034708,5.05245,Plein jour,En agglomération,Intersection en X,Normale,Deux véhicules - côté,4,2,2,0,1,1,1,0,1,50,2,2,1,0,0,1,39.0,39.0,voiture,voiture,1,2,2,1,3
201900052559,2019-07-13 23:30:00,2019,7,13,23,30,18,18033,LATTRE DE TASSIGNY (AVENUE DU MARECHAL D,47.0988,2.41665,Nuit avec éclairage allumé,En agglomération,Intersection en X,Normale,Autre collision,4,2,3,0,1,1,1,0,1,50,1,2,1,0,0,1,19.0,,voiture,,5,2,2,1,6
201900052560,2019-07-11 23:50:00,2019,7,11,23,50,18,18205,MALITORNE (RUE DE),47.10682,2.38848,Nuit avec éclairage allumé,En agglomération,Intersection en X,Normale,Deux véhicules - frontale,3,2,2,0,1,1,1,0,1,50,2,1,0,0,0,1,44.0,,voiture,,5,2,2,1,1
201900052561,2019-07-10 09:15:00,2019,7,10,9,15,17,17306,Boulevard Frédéric Garnier,45.6145,-1.01147,Plein jour,En agglomération,Intersection en T,Normale,Deux véhicules - arrière,3,2,2,0,1,1,1,5,1,50,2,2,1,0,0,1,39.0,22.0,voiture,voiture,1,2,3,1,2
201900052562,2019-07-12 15:45:00,2019,7,12,15,45,17,17300,CHAUDRIER   RUE,46.16073,-1.15331,Plein jour,En agglomération,Intersection en X,Normale,Deux véhicules - arrière,4,1,1,1,1,1,1,0,1,30,2,2,1,0,0,1,30.0,58.0,voiture,deux_roues,1,2,2,1,2
201900052563,2019-07-11 15:50:00,2019,7,11,15,50,17,17142,RN11 PK35,46.178777,-1.097641,Plein jour,Hors agglomération,Hors intersection,Normale,Autre collision,2,2,4,0,1,1,1,0,1,90,1,1,0,0,0,1,49.0,,voiture,,1,1,1,1,6
201900052564,2019-07-08 11:55:00,2019,7,8,11,55,14,14069,LOGES (CHEMIN DES),49.13026,0.247595,Plein jour,En agglomération,Intersection en T,Normale,Deux véhicules - côté,3,2,2,0,1,1,1,0,1,30,2,2,1,0,0,1,64.0,85.0,deux_roues,voiture,1,2,3,1,3
201900052565,2019-07-13 04:45:00,2019,7,13,4,45,14,14327,VILLAGE DU CITIS (LOTISSEMENT LE),49.20911,-0.35163,Nuit avec éclairage allumé,En agglomération,Intersection en X,Normale,Deux véhicules - côté,3,2,0,0,1,1,1,0,1,50,2,2,1,0,0,1,32.0,61.0,voiture,voiture,5,2,2,1,3
201900052566,2019-07-12 19:30:00,2019,7,12,19,30,14,14167,CD N°  513,49.20029,-0.29148,Plein jour,En agglomération,Hors intersection,Normale,Deux véhicules - arrière,3,-1,2,0,1,1,1,0,1,50,2,4,2,0,0,2,25.0,30.0,voiture,voiture,1,2,1,1,2
201900052567,2019-07-10 15:30:00,2019,7,10,15,30,13,13077,MILLE CLEMENT (avenue),43.41246,4.99959,Plein jour,En agglomération,Hors intersection,Normale,Deux véhicules - côté,4,2,2,0,1,1,1,0,1,50,2,2,1,0,0,1,55.0,63.0,deux_roues,voiture,1,2,1,1,3
201900052568,2019-07-13 12:00:00,2019,7,13,12,0,13,13211,SABLIERE (ROUTE DE LA),43.293823,5.480401,Plein jour,En agglomération,Hors intersection,Normale,Deux véhicules - côté,9,2,2,0,1,1,1,0,1,30,2,2,1,0,0,1,36.0,,voiture,voiture,1,2,1,1,3
201900052569,2019-07-12 21:00:00,2019,7,12,21,0,13,13208,pointe rouge (ave),43.24552,5.37336,Plein jour,En agglomération,Hors intersection,Normale,Deux véhicules - arrière,4,2,2,0,1,1,1,0,1,50,2,3,1,0,0,2,21.0,48.0,deux_roues,voiture,1,2,1,1,2
201900052570,2019-12-04 14:00:00,2019,12,4,14,0,94,94046,REPUBLIQUE (AV DE LA),48.8060263,2.4415251,Plein jour,En agglomération,Hors intersection,Normale,Sans collision,3,-1,1,0,1,1,1,0,1,50,1,1,0,0,1,0,28.0,,deux_roues,,1,2,1,1,7
201900052571,2019-12-05 18:00:00,2019,12,5,18,0,94,94003,ARISTIDE BRIAND (AV),48.80524,2.32551,Nuit avec éclairage allumé,En agglomération,Hors intersection,Temps couvert,Autre collision,3,-1,6,3,1,1,1,9,-1,50,1,2,1,0,0,1,63.0,,voiture,,5,2,1,8,6
201900052572,2019-12-05 13:00:00,2019,12,5,13,0,94,94041,GABRIEL PERI (R),48.8133331,2.3832017,Plein jour,En agglomération,Hors intersection,Normale,Autre collision,4,1,1,0,1,1,1,0,3,50,1,2,1,0,0,1,41.0,,voiture,,1,2,1,1,6
201900052573,2019-11-29 17:50:00,2019,11,29,17,50,94,94028,HALPERN.(AVENUE BERNARD),48.77091,2.46331,Crépuscule ou aube,En agglomération,Hors intersection,Normale,Trois véhicules et plus - en chaîne,3,3,4,0,2,1,1,0,1,2,3,3,1,0,0,2,29.0,46.0,voiture,voiture,2,2,1,1,4
201900052574,2019-12-04 14:00:00,2019,12,4,14,0,94,94028,FOCH(AVENUE DU MARECHAL),48.7812,2.43726,Plein jour,En agglomération,Hors intersection,Normale,Deux véhicules - côté,2,1,3,0,1,1,1,3,1,50,2,3,2,0,0,1,34.0,39.0,voiture,voiture,1,2,1,1,3
201900052575,2019-12-04 22:25:00,2019,12,4,22,25,94,94004,GENERAL LECLERC (AV DU),48.753661,2.506631,Nuit avec éclairage allumé,En agglomération,Intersection en Y,Autre,Deux véhicules - côté,2,2,4,0,4,1,2,5,1,50,2,2,1,0,1,0,50.0,30.0,deux_roues,utilitaire_camion,5,2,4,9,3
201900052576,2019-12-04 02:20:00,2019,12,4,2,20,94,94002,MARCELIN BERTHELOT (R),48.80575,2.4204,Nuit avec éclairage allumé,En agglomération,Hors intersection,Normale,Sans collision,4,1,1,0,1,1,1,0,1,50,1,1,0,0,0,1,54.0,,deux_roues,,5,2,1,1,7
201900052577,2019-12-02 09:30:00,2019,12,2,9,30,93,93073,CHAPIT RE ( RUE DU),49.002972,2.536885,Plein jour,En agglomération,Hors intersection,Normale,Trois véhicules et plus - en chaîne,9,1,1,0,3,1,1,2,1,50,3,3,2,0,0,1,65.0,30.0,voiture,voiture,1,2,1,1,4
201900052578,2019-12-05 20:30:00,2019,12,5,20,30,93,93066,"""STRASBOURG, NR 36 ET SUIV ET 73 ET SUIV",48.93593,2.36606,Nuit avec éclairage allumé,En agglomération,Hors intersection,Normale,Deux véhicules - arrière,4,2,2,0,1,1,1,0,1,50,2,1,0,0,0,1,30.0,,deux_roues,,5,2,1,1,2
201900052579,2019-12-05 18:00:00,2019,12,5,18,0,93,93077,GALLIENI (AVENUE DU GENERAL),48.88998,2.51071,Nuit avec éclairage allumé,En agglomération,Hors intersection,Temps couvert,Autre collision,4,3,2,0,1,1,1,0,1,50,1,2,1,0,0,1,24.0,,deux_roues,,5,2,1,8,6
201900052580,2019-11-28 21:30:00,2019,11,28,21,30,93,93050,MARECHAL LECLERCQ (AVENUE) COTE IMPAIR,48.858655,2.535181,Nuit avec éclairage allumé,En agglomération,Intersection en T,Normale,Autre collision,3,2,4,0,1,1,1,0,1,50,1,4,2,0,0,2,53.0,,voiture,,5,2,3,1,6
201900052581,2019-12-05 11:45:00,2019,12,5,11,45,93,93005,VERCINGETORIX (AVENUE),48.925,2.5013,Plein jour,En agglomération,Intersection en X,Normale,Deux véhicules - côté,4,1,1,0,1,1,1,0,1,50,2,6,1,0,0,5,28.0,34.0,voiture,utilitaire_camion,1,2,2,1,3
201900052582,2019-12-03 09:30:00,2019,12,3,9,30,93,93007,ABBE NIORT (RUE DE L'),48.94048,2.43205,Plein jour,En agglomération,Hors intersection,Autre,Deux véhicules - côté,3,2,2,0,1,1,2,0,1,50,2,3,2,0,0,1,41.0,52.0,deux_roues,voiture,1,2,1,9,3
201900052583,2019-12-05 15:40:00,2019,12,5,15,40,92,92025,PAUL BERT (RUE),48.930654,2.244995,Plein jour,En agglomération,Hors intersection,Normale,Deux véhicules - côté,3,2,7,0,1,1,1,2,1,50,2,2,1,0,0,1,25.0,72.0,voiture,voiture,1,2,1,1,3
201900052584,2019-12-05 20:10:00,2019,12,5,20,10,92,92012,CHATEAU (RUE DU) 1/125 - 2/136,48.842795,2.242891,Nuit avec éclairage allumé,En agglomération,Intersection en T,Pluie légère,Deux véhicules - côté,4,2,2,0,1,1,1,0,1,50,2,2,1,0,1,0,24.0,37.0,voiture,deux_roues,5,2,3,2,3
201900052585,2019-12-05 17:40:00,2019,12,5,17,40,92,92012,TRAVERSIERE (RUE),48.8255,2.24724,Nuit avec éclairage allumé,En agglomération,Intersection en X,Normale,Autre collision,4,1,1,0,1,1,1,6,1,50,1,2,1,0,0,1,33.0,,voiture,,5,2,2,1,6
201900052586,2019-12-05 15:40:00,2019,12,5,15,40,92,92012,REPUBLIQUE (BOULEVARD DE LA) 79/FIN - 76,48.83317,2.245643,Plein jour,En agglomération,Hors intersection,Normale,Autre collision,3,2,2,0,1,1,1,0,1,50,2,2,1,0,0,1,47.0,55.0,deux_roues,utilitaire_camion,1,2,1,1,6
201900052587,2019-12-06 13:40:00,2019,12,6,13,40,71,71301,D42,46.624608,3.81514,Plein jour,En agglomération,Intersection en X,Normale,Deux véhicules - côté,3,2,2,0,3,1,1,5,1,50,2,2,1,0,1,0,35.0,86.0,utilitaire_camion,voiture,1,2,2,1,3
201900052588,2019-10-15 19:00:00,2019,10,15,19,0,84,84037,27 Avenue General de Gaulle,44.058498,4.834511,Crépuscule ou aube,En agglomération,Intersection en T,Normale,Deux véhicules - côté,3,2,2,0,2,1,1,0,1,30,2,2,1,0,0,1,58.0,54.0,deux_roues,voiture,2,2,3,1,3
201900052589,2019-12-06 15:40:00,2019,12,6,15,40,63,63257,D2089,45.738095,2.848041,Plein jour,Hors agglomération,Intersection en T,Normale,Deux véhicules - côté,3,2,2,0,1,1,1,5,1,80,2,3,0,0,1,2,73.0,18.0,voiture,voiture,1,1,3,1,3
201900052590,2019-12-03 07:00:00,2019,12,3,7,0,63,63012,2 Rue de la Combe Ronde,46.000227,3.147521,Nuit avec éclairage allumé,En agglomération,Intersection en X,Temps couvert,Deux véhicules - côté,3,2,2,0,1,1,7,5,1,50,2,2,1,0,1,0,42.0,43.0,voiture,voiture,5,2,2,8,3
201900052591,2019-11-19 19:15:00,2019,11,19,19,15,47,47233,569 Lieu Dit Font de Lauque,44.536635,0.109595,Nuit sans éclairage public,Hors agglomération,Intersection en T,Normale,Deux véhicules - côté,4,2,2,0,1,1,1,0,1,70,2,3,2,0,1,0,44.0,18.0,voiture,deux_roues,3,1,3,1,3
201900052592,2019-12-05 17:30:00,2019,12,5,17,30,63,63163,A89,45.767583,2.730925,Nuit sans éclairage public,Hors agglomération,Hors intersection,Normale,Sans collision,1,3,4,0,4,2,1,2,2,130,1,1,0,0,1,0,62.0,,voiture,,3,1,1,1,7
201900052593,2019-12-06 10:35:00,2019,12,6,10,35,51,51343,64 AVENUE DES TILLEULS,48.5551472,3.7030158,Plein jour,En agglomération,Hors intersection,Normale,Deux véhicules - côté,3,2,2,0,1,1,1,0,1,50,2,2,1,1,0,0,54.0,87.0,utilitaire_camion,voiture,1,2,1,1,3
201900052594,2019-12-01 02:30:00,2019,12,1,2,30,56,56164,RN 165 - PK 54,47.66105,-2.869853,Nuit sans éclairage public,Hors agglomération,Hors intersection,Normale,Deux véhicules - arrière,2,3,4,0,1,1,1,0,1,110,2,5,2,0,0,3,29.0,51.0,voiture,voiture,3,1,1,1,2
201900052595,2019-12-06 17:20:00,2019,12,6,17,20,74,74002,Route de Saint - Sylvestre,45.82708,6.024198,Nuit sans éclairage public,Hors agglomération,Hors intersection,Normale,Sans collision,3,2,2,0,1,1,1,0,3,80,1,1,0,0,0,1,85.0,,voiture,,3,1,1,1,7
201900052596,2019-12-04 11:45:00,2019,12,4,11,45,67,67325,D392,48.5252476,7.3553982,Plein jour,Hors agglomération,Hors intersection,Temps éblouissant,Deux véhicules - frontale,3,2,2,0,1,2,1,0,1,70,2,3,2,0,0,1,58.0,47.0,voiture,voiture,1,1,1,7,1
201900052597,2019-12-03 07:05:00,2019,12,3,7,5,11,11201,Avenue de Carcassonne,43.150363,2.320261,Crépuscule ou aube,En agglomération,Intersection en T,Normale,Trois véhicules et plus - en chaîne,3,2,2,0,1,3,2,0,1,50,3,3,2,0,1,0,28.0,42.0,voiture,voiture,2,2,3,1,4
201900052598,2019-12-06 09:30:00,2019,12,6,9,30,12,12190,LE TRAVERS,44.36346,2.233937,Plein jour,Hors agglomération,Hors intersection,Temps éblouissant,Deux véhicules - frontale,3,2,2,0,2,4,1,0,1,80,2,2,1,0,1,0,63.0,45.0,voiture,utilitaire_camion,1,1,1,7,1
201900052599,2019-12-05 15:55:00,2019,12,5,15,55,12,12238,CD 911  lieu dit la FARE,44.225394,2.992999,Plein jour,Hors agglomération,Hors intersection,Normale,Autre collision,3,2,2,0,1,3,1,9,8,80,1,3,0,0,2,1,74.0,,voiture,,1,1,1,1,6
201900052600,2019-12-06 07:30:00,2019,12,6,7,30,46,46169,D47,44.722068,1.312698,Crépuscule ou aube,Hors agglomération,Hors intersection,Normale,Autre collision,3,2,2,0,2,3,1,0,3,80,1,1,0,1,0,0,36.0,,voiture,,2,1,1,1,6
201900052601,2019-12-04 15:40:00,2019,12,4,15,40,86,86160,29 Avenue du General de Gaulle,46.783049,0.185901,Plein jour,En agglomération,Hors intersection,Normale,Autre collision,4,2,2,0,2,1,1,0,1,30,1,3,2,0,1,0,18.0,,voiture,,1,2,1,1,6
201900052602,2019-11-27 07:30:00,2019,11,27,7,30,68,68257,1 Rue de Moos,47.50179,7.167458,Crépuscule ou aube,En agglomération,Intersection en X,Normale,Deux véhicules - frontale,3,2,2,0,3,1,2,0,1,50,2,2,1,0,1,0,14.0,61.0,deux_roues,voiture,2,2,2,1,1
201900052603,2019-12-06 07:30:00,2019,12,6,7,30,25,25356,19 Rue de Saint Hippolyte,47.255735,6.800583,Nuit avec éclairage allumé,En agglomération,Hors intersection,Normale,Deux véhicules - frontale,3,2,2,0,1,1,1,0,1,50,2,2,1,0,1,0,21.0,,voiture,,5,2,1,1,1
201900052604,2019-12-05 16:20:00,2019,12,5,16,20,44,44130,7 Rue des 3 Moulins,47.147313,-1.563024,Plein jour,Hors agglomération,Hors intersection,Normale,Autre collision,3,2,2,0,1,1,1,5,1,70,1,3,2,0,1,0,72.0,,voiture,,1,1,1,1,6
201900052605,2019-12-05 18:50:00,2019,12,5,18,50,44,44029,D7,47.29862,-1.329435,Nuit sans éclairage public,Hors agglomération,Hors intersection,Brouillard / fumée,Autre collision,3,2,2,0,2,2,2,0,3,80,1,1,0,1,0,0,66.0,,voiture,,3,1,1,5,6
201900052606,2019-12-06 08:15:00,2019,12,6,8,15,29,29272,Saint-Yvi,47.963296,-3.967104,Plein jour,Hors agglomération,Hors intersection,Pluie légère,Deux véhicules - côté,2,3,4,0,1,1,2,0,1,110,2,2,1,0,0,1,24.0,35.0,voiture,voiture,1,1,1,2,3
201900052607,2019-12-05 14:10:00,2019,12,5,14,10,29,29135,place des anciens combattants,47.8329096,-4.1750976,Plein jour,En agglomération,Hors intersection,Normale,Deux véhicules - frontale,3,2,2,0,1,1,1,0,1,50,2,2,1,0,0,1,42.0,49.0,deux_roues,voiture,1,2,1,1,1
201900052608,2019-12-06 05:25:00,2019,12,6,5,25,70,70005,RD 486,47.584952,6.428763,Nuit sans éclairage public,Hors agglomération,Hors intersection,Brouillard / fumée,Trois véhicules et plus - collisions multiples,3,2,2,0,1,3,7,0,1,-1,3,4,1,0,0,3,60.0,52.0,utilitaire_camion,voiture,3,1,1,5,5
201900052609,2019-12-06 18:15:00,2019,12,6,18,15,72,72128,Rue du Godet,47.900565,0.630487,Nuit avec éclairage allumé,En agglomération,Giratoire,Pluie légère,Autre collision,3,2,2,0,4,1,2,5,1,50,1,3,0,0,0,3,39.0,,voiture,,5,2,6,2,6
201900052610,2019-12-05 19:00:00,2019,12,5,19,0,50,50147,D2,49.065084,-1.453933,Nuit sans éclairage public,Hors agglomération,Hors intersection,Normale,Deux véhicules - arrière,3,2,2,0,1,1,1,0,1,70,2,2,1,0,1,0,23.0,27.0,deux_roues,voiture,3,1,1,1,2
201900052611,2019-12-05 19:00:00,2019,12,5,19,0,83,83025,Route de Barjols,43.532778,5.981899,Nuit sans éclairage public,Hors agglomération,Hors intersection,Normale,Deux véhicules - côté,3,3,2,0,1,1,2,0,1,80,2,1,0,0,0,1,32.0,,deux_roues,,3,1,1,1,3