accident_id,datetime,annee,mois,jour,heure,minute,departement,commune_insee,adresse,latitude,longitude,luminosite,agglomeration,intersection,meteo,collision,catr,circ,nbv,vosp,prof,plan,surf,infra,situ,vma,nb_vehicules,nb_usagers,nb_indemnes,nb_tues,nb_blesses_hosp,nb_blesses_legers,age_cond_1,age_cond_2,veh_type_cond_1,veh_type_cond_2,lum_code,agg_code,int_code,atm_code,col_code
201900052794,2019-05-15 16:10:00,2019,5,15,16,10,58,58060,Route de Geneve,46.785298,3.608589,Plein jour,Hors agglomération,Hors intersection,Normale,Autre collision,3,2,2,0,1,1,1,0,8,80,1,1,0,0,0,1,51.0,,voiture,,1,1,1,1,6
201900052795,2019-05-14 20:00:00,2019,5,14,20,0,58,58151,Rue Louis-Henri Roblin,46.889956,3.468641,Plein jour,En agglomération,Hors intersection,Normale,Deux véhicules - côté,3,1,1,0,1,1,1,0,1,50,2,2,1,0,1,0,23.0,34.0,voiture,deux_roues,1,2,1,1,3
201900052796,2019-05-17 20:30:00,2019,5,17,20,30,66,66105,cd 118 - PR 11+145,42.58452,2.115946,Crépuscule ou aube,Hors agglomération,Hors intersection,Temps couvert,Sans collision,3,2,2,0,1,3,1,0,8,80,1,1,0,1,0,0,47.0,,voiture,,2,1,1,8,7
201900052797,2019-05-12 10:25:00,2019,5,12,10,25,66,66192,Route Nationale 116,42.507358,2.13087,Plein jour,Hors agglomération,Hors intersection,Normale,Sans collision,2,2,2,0,2,3,1,0,3,80,1,1,0,0,1,0,59.0,,deux_roues,,1,1,1,1,7
201900052798,2019-05-26 19:50:00,2019,5,26,19,50,66,66196,21 Avenue de la Vallée Heureuse,42.528119,2.950946,Plein jour,En agglomération,Autre intersection,Normale,Autre collision,4,2,2,0,1,3,1,0,1,50,1,2,0,0,2,0,58.0,,deux_roues,,1,2,9,1,6
201900052799,2019-05-14 17:30:00,2019,5,14,17,30,66,66049,D115,42.500484,2.75485,Plein jour,Hors agglomération,Hors intersection,Normale,Trois véhicules et plus - en chaîne,3,2,2,0,1,1,1,0,1,80,4,4,1,0,0,3,47.0,41.0,voiture,voiture,1,1,1,1,4
201900052800,2019-04-09 15:25:00,2019,4,9,15,25,54,54055,Moulin d'Ecorse,49.015688,6.000589,Plein jour,Hors agglomération,Hors intersection,Normale,Deux véhicules - côté,3,2,2,0,1,1,1,0,1,70,2,2,1,0,1,0,72.0,60.0,deux_roues,voiture,1,1,1,1,3
201900052801,2019-05-30 13:30:00,2019,5,30,13,30,72,72132,Avenue du Général de Gaulle,48.180116,0.652226,Plein jour,En agglomération,Intersection en T,Normale,Deux véhicules - côté,4,2,2,0,1,2,1,0,1,50,2,4,3,0,0,1,19.0,27.0,voiture,voiture,1,2,3,1,3
201900052802,2019-05-19 07:10:00,2019,5,19,7,10,72,72080,La Bretonniere,48.196658,0.667748,Crépuscule ou aube,Hors agglomération,Giratoire,Brouillard / fumée,Sans collision,3,-1,1,0,1,2,2,5,1,80,1,2,1,0,0,1,23.0,,deux_roues,,2,1,6,5,7
201900052803,2019-05-15 08:25:00,2019,5,15,8,25,72,72180,Rue du Docteur Godard,48.351564,0.363817,Plein jour,En agglomération,Hors intersection,Temps éblouissant,Autre collision,3,2,2,1,1,1,1,9,1,50,1,2,0,0,1,1,83.0,,voiture,,1,2,1,7,6
201900052804,2019-05-23 18:40:00,2019,5,23,18,40,72,72239,Les grandes barres,47.914449,-0.292383,Plein jour,Hors agglomération,Hors intersection,Normale,Deux véhicules - côté,3,2,2,0,1,3,1,0,1,80,2,2,1,0,1,0,25.0,53.0,utilitaire_camion,deux_roues,1,1,1,1,3
201900052805,2019-05-18 02:45:00,2019,5,18,2,45,72,72223,départementale 35,47.861468,-0.086775,Nuit sans éclairage public,Hors agglomération,Hors intersection,Pluie légère,Autre collision,3,2,2,0,1,3,2,0,3,80,1,1,0,0,0,1,19.0,,voiture,,3,1,1,2,6
201900052806,2019-05-13 09:27:00,2019,5,13,9,27,72,72134,"Lieu-dit ""bertre""",47.727754,0.450526,Plein jour,Hors agglomération,Hors intersection,Normale,Sans collision,3,2,2,0,2,3,1,0,1,80,1,1,0,0,1,0,37.0,,deux_roues,,1,1,1,1,7
201900052807,2019-05-19 16:50:00,2019,5,19,16,50,72,72320,D338,48.056445,0.172733,Plein jour,Hors agglomération,Hors intersection,Normale,Trois véhicules et plus - collisions multiples,3,2,3,0,1,1,1,3,1,-1,4,6,2,1,1,2,61.0,75.0,voiture,voiture,1,1,1,1,5
201900052808,2019-05-20 12:00:00,2019,5,20,12,0,72,72122,RD323,48.066758,0.518998,Plein jour,Hors agglomération,Hors intersection,Normale,Trois véhicules et plus - en chaîne,3,1,3,0,3,1,1,0,1,80,3,3,2,0,0,1,34.0,67.0,voiture,deux_roues,1,1,1,1,4
201900052809,2019-03-19 18:10:00,2019,3,19,18,10,72,72129,la maladrie,48.038573,0.345727,Plein jour,Hors agglomération,Autre intersection,Normale,Deux véhicules - côté,3,2,2,0,1,2,1,5,1,70,2,2,1,0,1,0,31.0,25.0,voiture,voiture,1,1,9,1,3
201900052810,2019-05-30 10:15:00,2019,5,30,10,15,72,72381,lieu dit les courterus,47.938447,0.112374,Plein jour,Hors agglomération,Hors intersection,Normale,Sans collision,3,2,2,0,1,3,8,5,1,80,1,1,0,0,0,1,20.0,,deux_roues,,1,1,1,1,7
201900052811,2019-05-25 18:35:00,2019,5,25,18,35,72,72004,D21,48.052825,-0.069253,Plein jour,Hors agglomération,Hors intersection,Normale,Deux véhicules - côté,3,2,2,0,1,1,1,0,1,80,2,2,0,0,1,1,80.0,41.0,voiture,deux_roues,1,1,1,1,3
201900052812,2019-05-19 17:10:00,2019,5,19,17,10,72,72166,D357,48.02098,-0.081754,Plein jour,En agglomération,Hors intersection,Normale,Deux véhicules - côté,3,2,2,0,1,1,1,0,1,50,2,3,0,0,1,2,34.0,34.0,deux_roues,deux_roues,1,2,1,1,3
201900052813,2019-05-15 11:30:00,2019,5,15,11,30,72,72346,D23,47.890656,0.043173,Plein jour,Hors agglomération,Giratoire,Normale,Deux véhicules - côté,3,2,2,0,1,1,1,5,1,80,2,2,1,0,1,0,51.0,63.0,voiture,autre,1,1,6,1,3
201900052814,2019-05-09 16:00:00,2019,5,9,16,0,72,72278,bresteau,48.017794,-0.288735,Plein jour,Hors agglomération,Hors intersection,Normale,Autre collision,3,2,2,0,2,2,1,0,3,-1,1,1,0,1,0,0,57.0,,voiture,,1,1,1,1,6
201900052815,2019-05-31 00:00:00,2019,5,31,0,0,6,06032,M6007,43.72474,7.392053,Nuit avec éclairage allumé,En agglomération,Intersection en T,Normale,Deux véhicules - côté,3,4,2,0,2,1,1,5,1,50,2,2,1,0,0,1,41.0,24.0,deux_roues,voiture,5,2,3,1,3
201900052816,2019-05-12 21:24:00,2019,5,12,21,24,6,06150,avenue du général de Gaulle,43.7454532,7.3999779,Nuit avec éclairage allumé,En agglomération,Hors intersection,Normale,Autre collision,3,2,2,0,1,3,1,0,1,30,1,2,1,0,0,1,75.0,,voiture,,5,2,1,1,6
201900052817,2019-05-08 07:45:00,2019,5,8,7,45,6,06150,route de cap d'ail,43.736191,7.3966423,Plein jour,Hors agglomération,Intersection en T,Normale,Deux véhicules - côté,3,2,2,0,2,2,1,0,1,30,2,2,1,0,1,0,50.0,38.0,voiture,deux_roues,1,1,3,1,3
201900052818,2019-05-12 18:21:00,2019,5,12,18,21,6,06023,RD 6204 PK 03+200 (Pont de Piene),43.921571,7.51898,Plein jour,Hors agglomération,Hors intersection,Normale,Sans collision,3,2,2,0,1,2,2,2,1,80,1,1,0,0,1,0,57.0,,deux_roues,,1,1,1,1,7
201900052819,2019-03-23 15:20:00,2019,3,23,15,20,6,06023,PK 3+000 RD6204,43.9084629,7.5248804,Plein jour,Hors agglomération,Intersection en Y,Normale,Deux véhicules - côté,3,2,2,0,1,3,1,0,1,70,2,5,4,0,1,0,66.0,49.0,voiture,deux_roues,1,1,4,1,3
201900052820,2019-05-13 19:25:00,2019,5,13,19,25,6,06067,Route de Menton,43.785614,7.450788,Plein jour,Hors agglomération,Intersection en Y,Normale,Deux véhicules - côté,3,2,2,0,1,3,1,0,1,70,2,2,1,0,1,0,57.0,54.0,deux_roues,voiture,1,1,4,1,3
201900052821,2019-05-25 15:20:00,2019,5,25,15,20,6,06068,Route départementale 03,43.717591,6.971746,Plein jour,Hors agglomération,Hors intersection,Normale,Sans collision,3,2,2,0,1,1,1,0,8,80,1,1,0,0,1,0,62.0,,deux_roues,,1,1,1,1,7
201900052822,2019-05-13 14:05:00,2019,5,13,14,5,6,06112,route départementale 2085,43.674246,7.005626,Plein jour,En agglomération,Autre intersection,Normale,Deux véhicules - côté,3,4,3,0,1,1,1,0,1,50,2,2,1,0,0,1,21.0,49.0,deux_roues,voiture,1,2,9,1,3
201900052823,2019-05-11 08:20:00,2019,5,11,8,20,6,06112,chemin des princes,43.673123,7.006578,Plein jour,En agglomération,Hors intersection,Normale,Deux véhicules - côté,4,2,1,0,2,3,1,0,1,50,2,2,1,0,0,1,8.0,41.0,deux_roues,utilitaire_camion,1,2,1,1,3
201900052824,2019-05-10 13:45:00,2019,5,10,13,45,6,06089,Route de Cannes,43.6577482,6.9987153,Plein jour,Hors agglomération,Hors intersection,Normale,Trois véhicules et plus - collisions multiples,3,2,2,0,1,3,1,0,1,70,3,3,2,0,1,0,55.0,59.0,deux_roues,voiture,1,1,1,1,5
201900052825,2019-05-03 05:30:00,2019,5,3,5,30,6,06105,Route de la Colle-Sur-Loup,43.6879398,7.0697964,Nuit sans éclairage public,Hors agglomération,Hors intersection,Normale,Autre collision,3,-1,2,0,2,4,1,0,1,70,1,1,0,0,0,1,,,,,3,1,1,1,6
201900052826,2019-05-12 07:00:00,2019,5,12,7,0,6,06079,Avenue de Beausite,43.5523408,6.9347291,Plein jour,En agglomération,Hors intersection,Normale,Sans collision,4,2,2,0,2,3,1,0,1,30,1,1,0,0,0,1,20.0,,voiture,,1,2,1,1,7
201900052827,2019-05-04 12:20:00,2019,5,4,12,20,6,06138,Boulevard de la Corniche d'Or,43.504742,6.948758,Plein jour,En agglomération,Hors intersection,Normale,Deux véhicules - côté,3,2,2,0,2,1,1,0,1,50,2,5,4,0,0,1,61.0,75.0,voiture,voiture,1,2,1,1,3
201900052828,2019-05-12 12:00:00,2019,5,12,12,0,14,14431,Route de Caen Vieux Fume (Mézidon-Canon),49.074886,-0.136257,Plein jour,Hors agglomération,Hors intersection,Normale,Autre collision,3,2,2,0,1,1,1,0,1,80,1,2,0,0,0,2,47.0,,deux_roues,,1,1,1,1,6
201900052829,2019-05-26 17:45:00,2019,5,26,17,45,14,14303,RD613,49.14488,0.283221,Plein jour,Hors agglomération,Hors intersection,Normale,Trois véhicules et plus - collisions multiples,3,2,3,0,1,1,1,0,1,80,3,4,2,0,1,1,26.0,48.0,voiture,voiture,1,1,1,1,5
201900052830,2019-05-13 07:10:00,2019,5,13,7,10,14,14740,RD 4 pk 00+100,49.030265,0.427288,Plein jour,Hors agglomération,Intersection en T,Normale,Deux véhicules - côté,3,2,2,0,1,1,1,0,1,80,2,3,2,0,1,0,47.0,34.0,voiture,deux_roues,1,1,3,1,3
201900052831,2019-05-31 15:30:00,2019,5,31,15,30,14,14473,D613,49.114713,0.039986,Plein jour,Hors agglomération,Hors intersection,Normale,Deux véhicules - frontale,3,2,2,0,1,1,1,0,1,80,2,4,0,0,3,1,80.0,68.0,voiture,voiture,1,1,1,1,1
201900052832,2019-05-30 18:00:00,2019,5,30,18,0,14,14731,617 la cour notre dame,49.318871,0.056232,Plein jour,Hors agglomération,Hors intersection,Normale,Deux véhicules - arrière,3,2,2,0,1,1,1,0,1,80,2,3,2,0,1,0,65.0,71.0,deux_roues,voiture,1,1,1,1,2
201900052833,2019-05-21 12:35:00,2019,5,21,12,35,14,14398,Chemin de Repinville,49.18456,0.174067,Plein jour,Hors agglomération,Hors intersection,Normale,Autre collision,4,2,2,0,1,2,1,0,1,80,2,2,1,0,1,0,19.0,29.0,utilitaire_camion,voiture,1,1,1,1,6
201900052834,2019-05-26 10:00:00,2019,5,26,10,0,14,14055,D58,49.262233,0.107133,Plein jour,Hors agglomération,Hors intersection,Normale,Deux véhicules - arrière,3,2,2,0,2,3,1,0,1,80,2,2,1,0,1,0,56.0,53.0,deux_roues,deux_roues,1,1,1,1,2
201900052835,2019-05-25 15:10:00,2019,5,25,15,10,14,14269,Route de Blangy-Le-Château,49.249003,0.23344,Plein jour,Hors agglomération,Autre intersection,Normale,Deux véhicules - arrière,3,2,2,0,1,3,1,0,1,70,2,3,0,0,0,3,41.0,40.0,voiture,voiture,1,1,9,1,2
201900052836,2019-05-22 04:45:00,2019,5,22,4,45,14,14086,"Route de Deauville, RD 677",49.3372288,0.1058101,Nuit sans éclairage public,Hors agglomération,Hors intersection,Brouillard / fumée,Deux véhicules - arrière,3,2,3,0,1,1,1,0,1,90,2,2,1,0,1,0,27.0,31.0,deux_roues,voiture,3,1,1,5,2
201900052837,2019-05-19 17:30:00,2019,5,19,17,30,14,14492,RD62,49.406309,0.177187,Plein jour,Hors agglomération,Hors intersection,Temps couvert,Autre collision,3,2,2,0,2,2,1,0,8,80,1,2,0,0,2,0,51.0,,deux_roues,,1,1,1,8,6
201900052838,2019-05-02 07:20:00,2019,5,2,7,20,14,14399,CD 579,49.27396,0.216508,Plein jour,Hors agglomération,Hors intersection,Normale,Sans collision,3,2,2,0,2,1,1,0,3,80,1,1,0,1,0,0,36.0,,utilitaire_camion,,1,1,1,1,7
201900052839,2019-05-31 19:00:00,2019,5,31,19,0,14,14026,Rue du Moutier,49.210786,-0.593306,Plein jour,En agglomération,Intersection en T,Normale,Deux véhicules - côté,3,2,2,0,1,1,1,0,1,50,2,2,1,0,0,1,48.0,17.0,voiture,deux_roues,1,2,3,1,3
201900052840,2019-05-31 16:45:00,2019,5,31,16,45,14,14692,Rue Jean de la Varende,49.177504,-0.620879,Plein jour,En agglomération,Hors intersection,Normale,Autre collision,3,2,2,0,2,1,1,0,4,50,1,3,1,0,1,1,25.0,,voiture,,1,2,1,1,6
201900052841,2019-05-02 15:15:00,2019,5,2,15,15,14,14342,RUPALLEY,49.302889,-1.112444,Plein jour,Hors agglomération,Intersection en X,Pluie légère,Deux véhicules - côté,3,2,2,0,1,1,2,0,1,80,2,5,3,0,2,0,74.0,31.0,voiture,voiture,1,1,2,2,3
201900052842,2019-05-30 02:15:00,2019,5,30,2,15,50,50481, -,49.239052,-1.619629,Nuit sans éclairage public,Hors agglomération,Hors intersection,Pluie légère,Autre collision,3,2,2,0,1,2,2,5,1,80,1,1,0,0,1,0,21.0,,deux_roues,,3,1,1,2,6
201900052843,2019-03-30 18:30:00,2019,3,30,18,30,50,50215,Rue du Nord,49.097427,-1.583838,Plein jour,En agglomération,Autre intersection,Normale,Deux véhicules - côté,3,2,2,0,1,1,1,0,1,50,2,2,1,0,0,1,46.0,63.0,deux_roues,voiture,1,2,9,1,3
201900052844,2019-05-08 16:20:00,2019,5,8,16,20,50,50610,Route des Maurouards,49.444352,-1.445242,Plein jour,Hors agglomération,Hors intersection,Normale,Sans collision,3,2,2,0,1,2,1,0,1,80,1,1,0,0,0,1,21.0,,deux_roues,,1,1,1,1,7
201900052845,2019-05-24 16:25:00,2019,5,24,16,25,50,50402,Route de Flamanville,49.51282,-1.809466,Plein jour,En agglomération,Hors intersection,Normale,Sans collision,3,2,2,0,1,1,1,9,1,-1,1,2,1,0,0,1,51.0,,deux_roues,,1,2,1,1,7
201900052846,2019-05-11 15:00:00,2019,5,11,15,0,50,50579,RD50,49.523449,-1.590897,Plein jour,Hors agglomération,Hors intersection,Normale,Deux véhicules - frontale,3,2,2,0,2,2,1,0,1,80,2,5,3,0,0,2,47.0,39.0,voiture,voiture,1,1,1,1,1
201900052847,2019-05-08 19:30:00,2019,5,8,19,30,50,50087,RD 56,49.559525,-1.637074,Plein jour,Hors agglomération,Hors intersection,Normale,Deux véhicules - frontale,3,2,2,0,2,1,1,0,1,80,2,3,0,0,2,1,55.0,52.0,voiture,voiture,1,1,1,1,1
201900052848,2019-05-05 18:05:00,2019,5,5,18,5,50,50142,116,49.693364,-1.369614,Plein jour,Hors agglomération,Hors intersection,Normale,Deux véhicules - côté,3,2,2,0,4,2,1,0,1,80,2,3,2,1,0,0,35.0,34.0,utilitaire_camion,deux_roues,1,1,1,1,3
201900052849,2019-05-31 07:55:00,2019,5,31,7,55,50,50456,La Métairie,48.654098,-0.882642,Plein jour,Hors agglomération,Hors intersection,Normale,Deux véhicules - frontale,4,2,2,0,1,1,1,0,1,80,2,2,1,0,1,0,23.0,76.0,voiture,voiture,1,1,1,1,1
201900052850,2019-05-20 12:45:00,2019,5,20,12,45,50,50628,les tabouries,48.714907,-1.225017,Plein jour,Hors agglomération,Hors intersection,Normale,Autre collision,3,2,2,0,2,1,1,0,3,-1,1,2,0,0,1,1,26.0,,voiture,,1,1,1,1,6
201900052851,2019-05-20 16:00:00,2019,5,20,16,0,90,90057,Route Départementale 13,47.716971,6.810446,Plein jour,Hors agglomération,Hors intersection,Temps couvert,Autre collision,3,2,2,0,1,1,2,0,3,80,1,1,0,0,0,1,30.0,,voiture,,1,1,1,8,6
201900052852,2019-05-11 16:30:00,2019,5,11,16,30,90,90086,50 BIS Rue des Vosges,47.719838,6.969684,Plein jour,En agglomération,Hors intersection,Pluie légère,Autre collision,3,2,2,0,1,2,2,0,4,50,1,1,0,0,1,0,39.0,,voiture,,1,2,1,2,6
201900052853,2019-05-01 17:00:00,2019,5,1,17,0,90,90065,Route départementale 465,47.810831,6.839307,Plein jour,Hors agglomération,Hors intersection,Normale,Deux véhicules - frontale,3,2,2,0,3,3,1,0,1,80,2,2,0,1,0,1,27.0,53.0,deux_roues,voiture,1,1,1,1,1
201900052854,2019-05-26 14:15:00,2019,5,26,14,15,90,90042,33 Rue de la Forêt,47.657738,6.783868,Plein jour,En agglomération,Hors intersection,Normale,Deux véhicules - frontale,4,2,2,0,1,3,1,0,1,50,2,2,1,0,1,0,62.0,37.0,voiture,deux_roues,1,2,1,1,1
201900052855,2019-03-20 12:50:00,2019,3,20,12,50,90,90012,RD 419,47.650144,6.943398,Plein jour,Hors agglomération,Hors intersection,Normale,Autre collision,3,2,2,0,1,1,1,0,8,80,1,1,0,0,1,0,74.0,,voiture,,1,1,1,1,6
201900052856,2019-05-13 16:50:00,2019,5,13,16,50,83,83082,RD955 - PR 032+200,43.605399,6.47974,Plein jour,Hors agglomération,Hors intersection,Normale,Deux véhicules - frontale,3,2,2,0,1,1,1,0,1,80,2,4,0,1,2,1,64.0,60.0,voiture,voiture,1,1,1,1,1
201900052857,2019-03-23 16:40:00,2019,3,23,16,40,83,83056,,43.56456,6.508708,Plein jour,Hors agglomération,Hors intersection,Normale,Trois véhicules et plus - en chaîne,3,2,2,0,1,1,1,0,1,70,3,6,1,1,4,0,36.0,70.0,voiture,voiture,1,1,1,1,4
201900052858,2019-05-26 12:30:00,2019,5,26,12,30,83,83122,D957,43.738262,6.221968,Plein jour,Hors agglomération,Hors intersection,Normale,Deux véhicules - frontale,3,2,2,0,1,1,2,0,1,80,2,4,0,1,3,0,76.0,59.0,voiture,voiture,1,1,1,1,1
201900052859,2019-05-12 21:40:00,2019,5,12,21,40,9,09324,Laborie,43.063304,1.634123,Nuit sans éclairage public,Hors agglomération,Hors intersection,Normale,Sans collision,3,2,2,0,1,1,1,0,1,80,1,1,0,0,1,0,35.0,,deux_roues,,3,1,1,1,7
201900052860,2019-05-24 17:20:00,2019,5,24,17,20,60,60509,rue Goerges Decroze,49.3014808,2.6044301,Plein jour,En agglomération,Intersection en X,Normale,Deux véhicules - arrière,3,2,2,1,1,1,1,0,1,50,2,4,1,0,1,2,50.0,62.0,deux_roues,voiture,1,2,2,1,2
201900052861,2019-05-15 10:55:00,2019,5,15,10,55,60,60667,Rue saint pierre,49.31047,2.7301253,Plein jour,En agglomération,Hors intersection,Normale,Autre collision,3,2,2,0,1,1,1,0,1,50,1,2,1,0,0,1,43.0,,voiture,,1,2,1,1,6
201900052862,2019-05-25 06:55:00,2019,5,25,6,55,60,60119,Rue séverine,49.5043446,2.9187914,Crépuscule ou aube,En agglomération,Hors intersection,Normale,Autre collision,4,2,2,0,2,1,1,1,3,50,1,1,0,0,1,0,37.0,,deux_roues,,2,2,1,1,6
201900052863,2019-05-07 09:00:00,2019,5,7,9,0,60,60368,Rue des Efaloises,49.4704531,2.8707761,Plein jour,En agglomération,Hors intersection,Normale,Deux véhicules - côté,4,2,2,0,1,2,1,0,1,50,2,2,1,0,0,1,57.0,54.0,voiture,deux_roues,1,2,1,1,3
201900052864,2019-05-14 18:15:00,2019,5,14,18,15,60,60465,D 34,49.550327,2.2158146,Plein jour,Hors agglomération,Hors intersection,Normale,Deux véhicules - frontale,3,2,2,0,1,4,1,0,1,80,2,2,0,0,1,1,68.0,43.0,voiture,voiture,1,1,1,1,1
201900052865,2019-05-29 15:45:00,2019,5,29,15,45,60,60086,D603,49.1801788,2.3628299,Plein jour,Hors agglomération,Hors intersection,Normale,Deux véhicules - côté,3,2,2,0,2,4,1,0,1,80,2,1,0,0,0,1,60.0,,deux_roues,,1,1,1,1,3
201900052866,2019-05-15 17:40:00,2019,5,15,17,40,60,60513,Sente de Sorel,49.2101106,2.3782787,Plein jour,En agglomération,Intersection en X,Normale,Deux véhicules - frontale,4,2,2,0,1,1,1,5,1,50,2,2,1,0,0,1,47.0,11.0,voiture,deux_roues,1,2,2,1,1
201900052867,2019-05-25 16:00:00,2019,5,25,16,0,60,60029,Route de Beauvais,49.375313,1.99088,Plein jour,En agglomération,Hors intersection,Normale,Sans collision,3,2,2,0,2,1,1,0,1,50,1,1,0,0,1,0,58.0,,voiture,,1,2,1,1,7
201900052868,2019-05-01 09:30:00,2019,5,1,9,30,60,60235,Rue de la Tremblée,49.3426332,1.8316849,Plein jour,Hors agglomération,Hors intersection,Normale,Sans collision,4,2,2,0,1,3,1,0,1,80,1,1,0,1,0,0,88.0,,voiture,,1,1,1,1,7
201900052869,2019-05-05 16:00:00,2019,5,5,16,0,45,45095,GRANDE RUE - RUE DE LA GARE,48.0737511,2.136529,Plein jour,En agglomération,Intersection en T,Normale,Deux véhicules - côté,3,2,2,0,1,1,1,0,1,50,2,5,4,0,1,0,30.0,57.0,voiture,deux_roues,1,2,3,1,3
201900052870,2019-05-27 12:25:00,2019,5,27,12,25,45,45272,RUE DE LA GARE-RUE DES IRIS,47.827571,1.964641,Plein jour,En agglomération,Intersection en X,Pluie légère,Deux véhicules - côté,3,2,2,1,1,1,1,0,5,-1,2,2,1,0,1,0,61.0,20.0,voiture,deux_roues,1,2,2,2,3
201900052871,2019-05-08 13:50:00,2019,5,8,13,50,45,45182,RD 19 - PK 18+800,47.672372,1.781678,Plein jour,Hors agglomération,Hors intersection,Pluie légère,Sans collision,3,2,2,0,1,1,2,0,1,80,1,1,0,0,0,1,45.0,,deux_roues,,1,1,1,2,7
201900052872,2019-05-16 18:00:00,2019,5,16,18,0,45,45067,R DE LA GROUE - R DE LA GALINIERE,47.8859412,1.7777645,Plein jour,En agglomération,Intersection en T,Temps éblouissant,Autre collision,4,2,2,0,1,1,1,0,1,50,2,2,1,0,1,0,47.0,58.0,deux_roues,voiture,1,2,3,7,6
201900052873,2019-05-01 09:50:00,2019,5,1,9,50,64,64437,RD933,43.2416108,-1.0800819,Plein jour,Hors agglomération,Hors intersection,Normale,Deux véhicules - côté,3,2,2,0,1,1,1,0,1,80,2,2,1,0,0,1,20.0,19.0,utilitaire_camion,voiture,1,1,1,1,3
201900052874,2019-05-14 08:00:00,2019,5,14,8,0,64,64484,D2933,43.1662482,-1.187863,Plein jour,En agglomération,Hors intersection,Normale,Deux véhicules - frontale,3,2,2,0,2,1,1,5,1,50,2,4,1,0,0,3,51.0,21.0,utilitaire_camion,voiture,1,2,1,1,1
201900052875,2019-05-03 19:15:00,2019,5,3,19,15,64,64066,D 918 - PK 58+100,43.1900776,-1.2531242,Plein jour,Hors agglomération,Hors intersection,Pluie légère,Deux véhicules - frontale,3,2,2,0,1,2,2,0,1,80,2,2,0,0,1,1,45.0,29.0,voiture,voiture,1,1,1,2,1
201900052876,2019-05-01 15:15:00,2019,5,1,15,15,64,64047,D933,43.108495,-1.281444,Plein jour,Hors agglomération,Hors intersection,Normale,Sans collision,3,2,2,0,4,3,1,0,1,80,1,2,0,0,0,2,50.0,,deux_roues,,1,1,1,1,7
201900052877,2019-05-10 10:30:00,2019,5,10,10,30,64,64537,parking,43.1328097,-0.8767003,Plein jour,En agglomération,Autre intersection,Normale,Autre collision,6,-1,0,0,1,1,1,9,8,30,1,1,0,0,0,1,49.0,,voiture,,1,2,9,1,6
201900052878,2019-05-01 13:40:00,2019,5,1,13,40,64,64038,Départementale 3,43.4405939,-1.5189248,Plein jour,En agglomération,Intersection en T,Normale,Deux véhicules - côté,3,2,2,0,1,1,1,0,1,50,2,2,0,0,1,1,73.0,56.0,utilitaire_camion,deux_roues,1,2,3,1,3
201900052879,2019-05-14 11:00:00,2019,5,14,11,0,64,64495,Quartier Ibarron,43.356179,-1.566878,Plein jour,En agglomération,Intersection en T,Normale,Deux véhicules - côté,3,2,2,0,2,1,1,8,1,50,2,2,1,0,0,1,58.0,47.0,deux_roues,voiture,1,2,3,1,3
201900052880,2019-05-03 14:00:00,2019,5,3,14,0,64,64495,Parking de la poste,43.355995,-1.551752,Plein jour,En agglomération,Place,Temps couvert,Sans collision,6,-1,0,0,1,1,1,9,1,-1,1,2,1,0,1,0,64.0,,voiture,,1,2,7,8,7
201900052881,2019-05-26 09:45:00,2019,5,26,9,45,64,64256,Route départementale 10 (D10),43.3822287,-1.3276239,Plein jour,Hors agglomération,Hors intersection,Pluie légère,Autre collision,3,2,2,0,1,1,2,0,1,80,1,1,0,0,0,1,74.0,,voiture,,1,1,1,2,6
201900052882,2019-05-24 15:30:00,2019,5,24,15,30,64,64256,D22 PK 025.500,43.3812446,-1.2918957,Plein jour,Hors agglomération,Hors intersection,Temps couvert,Deux véhicules - frontale,3,2,2,0,2,3,2,0,1,80,2,2,0,0,1,1,70.0,19.0,voiture,voiture,1,1,1,8,1
201900052883,2019-05-24 15:45:00,2019,5,24,15,45,64,64191,27 avenue de la gare,43.177692,-0.2390066,Plein jour,En agglomération,Autre intersection,Pluie forte,Deux véhicules - frontale,3,2,2,0,1,1,2,0,1,50,2,2,1,0,0,1,48.0,28.0,voiture,voiture,1,2,9,3,1
201900052884,2019-05-30 11:30:00,2019,5,30,11,30,64,64331,rue joseph peyre,43.4524612,-0.1097947,Plein jour,En agglomération,Intersection à plus de 4 branches,Normale,Autre collision,3,2,2,0,1,1,1,5,1,50,3,3,2,0,1,0,76.0,86.0,utilitaire_camion,voiture,1,2,5,1,6
201900052885,2019-05-29 18:15:00,2019,5,29,18,15,64,64503,RD295,43.44192,-0.1175823,Plein jour,Hors agglomération,Hors intersection,Normale,Sans collision,3,2,2,0,2,4,1,0,1,80,1,2,0,0,0,2,48.0,,deux_roues,,1,1,1,1,7
201900052886,2019-05-24 23:00:00,2019,5,24,23,0,64,64405,AVENUE DE LA RESISTANCE,43.3306661,-0.2830274,Nuit sans éclairage public,Hors agglomération,Hors intersection,Pluie forte,Deux véhicules - frontale,3,3,2,0,2,2,1,0,1,50,2,2,1,0,0,1,39.0,29.0,voiture,voiture,3,1,1,3,1