accident_id,datetime,annee,mois,jour,heure,minute,departement,commune_insee,adresse,latitude,longitude,luminosite,agglomeration,intersection,meteo,collision,catr,circ,nbv,vosp,prof,plan,surf,infra,situ,vma,nb_vehicules,nb_usagers,nb_indemnes,nb_tues,nb_blesses_hosp,nb_blesses_legers,age_cond_1,age_cond_2,veh_type_cond_1,veh_type_cond_2,lum_code,agg_code,int_code,atm_code,col_code
201900053162,2019-02-20 11:40:00,2019,2,20,11,40,19,19255,CARREFOUR DU CHATEAU -D44 et AVENUE NATIONALE -,45.36974,1.70208,Plein jour,En agglomération,Intersection en X,Normale,Deux véhicules - côté,3,2,2,0,1,1,1,5,1,50,2,2,1,0,0,1,65.0,70.0,voiture,voiture,1,2,2,1,3
201900053163,2019-02-18 13:50:00,2019,2,18,13,50,77,77227,D18,48.48179,3.31833,Plein jour,Hors agglomération,Hors intersection,Normale,Deux véhicules - côté,3,2,2,0,1,1,1,0,1,80,2,2,1,0,0,1,58.0,71.0,deux_roues,voiture,1,1,1,1,3
201900053164,2019-02-20 17:45:00,2019,2,20,17,45,80,80723,Rue du Moulin,49.890719,2.114595,Plein jour,Hors agglomération,Intersection en X,Temps éblouissant,Deux véhicules - frontale,3,2,2,0,1,2,1,0,1,80,2,3,1,0,1,1,60.0,26.0,voiture,voiture,1,1,2,7,1
201900053165,2019-02-20 17:20:00,2019,2,20,17,20,32,32213,LIEU DIT DEZE,43.448655,0.884986,Plein jour,Hors agglomération,Hors intersection,Temps éblouissant,Deux véhicules - frontale,3,2,2,0,1,1,1,0,1,80,2,2,1,0,1,0,71.0,58.0,voiture,deux_roues,1,1,1,7,1
201900053166,2019-02-19 08:18:00,2019,2,19,8,18,89,89369,D26,48.225252,3.178655,Plein jour,Hors agglomération,Hors intersection,Normale,Sans collision,3,2,2,0,1,1,1,0,3,80,1,2,1,0,1,0,34.0,,voiture,,1,1,1,1,7
201900053167,2019-02-20 01:00:00,2019,2,20,1,0,49,49140,RD 145,47.194365,0.002321,Nuit sans éclairage public,Hors agglomération,Hors intersection,Normale,Sans collision,3,2,2,0,2,3,1,0,3,80,1,1,0,1,0,0,34.0,,voiture,,3,1,1,1,7
201900053168,2019-02-15 16:05:00,2019,2,15,16,5,68,68248,D21 B PK 4+500,47.496525,7.394845,Plein jour,Hors agglomération,Hors intersection,Normale,Sans collision,3,2,2,0,1,2,1,0,8,80,1,1,0,0,0,1,60.0,,voiture,,1,1,1,1,7
201900053169,2019-02-19 19:30:00,2019,2,19,19,30,22,22194,CD 786 - Saint Efflam,48.669778,-3.611583,Crépuscule ou aube,Hors agglomération,Hors intersection,Autre,Autre collision,3,2,2,0,2,3,2,9,3,50,1,1,0,0,1,0,25.0,,deux_roues,,2,1,1,9,6
201900053170,2019-02-20 07:30:00,2019,2,20,7,30,29,29173,Kergaben,48.012153,-4.1972013,Crépuscule ou aube,Hors agglomération,Giratoire,Brouillard / fumée,Sans collision,3,3,4,0,1,3,1,9,8,70,1,1,0,0,1,0,22.0,,voiture,,2,1,6,5,7
201900053171,2019-02-19 09:10:00,2019,2,19,9,10,31,31033,D35,43.359429,1.476483,Plein jour,Hors agglomération,Hors intersection,Normale,Deux véhicules - côté,3,2,2,0,1,1,1,0,1,80,2,2,1,0,0,1,23.0,54.0,voiture,voiture,1,1,1,1,3
201900053172,2019-02-19 11:15:00,2019,2,19,11,15,15,15119,30 avenue du général de Gaulle,45.254216,3.198119,Plein jour,En agglomération,Hors intersection,Temps éblouissant,Autre collision,2,2,2,0,1,1,1,0,1,50,1,2,1,0,1,0,65.0,,voiture,,1,2,1,7,6
201900053173,2019-02-20 06:10:00,2019,2,20,6,10,72,72385,D307 - lieu-dit Le Rafeu,47.81131,0.169182,Nuit sans éclairage public,Hors agglomération,Hors intersection,Normale,Deux véhicules - frontale,3,2,2,0,1,3,1,0,1,80,2,4,0,1,2,1,29.0,20.0,voiture,voiture,3,1,1,1,1
201900053174,2019-02-20 15:45:00,2019,2,20,15,45,72,72045,RD357,48.018422,-0.03395,Plein jour,Hors agglomération,Hors intersection,Normale,Deux véhicules - frontale,3,2,2,0,1,1,1,0,1,-1,2,2,1,0,0,1,73.0,68.0,voiture,voiture,1,1,1,1,1
201900053175,2019-02-20 15:50:00,2019,2,20,15,50,14,14174,Rue Saint Jacques,48.849913,-0.549575,Plein jour,En agglomération,Hors intersection,Normale,Autre collision,3,2,2,0,2,1,1,0,1,50,1,2,1,0,1,0,91.0,,voiture,,1,2,1,1,6
201900053176,2019-01-14 14:30:00,2019,1,14,14,30,60,60308,Croisement D26 / D1017,49.474317,2.664699,Plein jour,Hors agglomération,Intersection en T,Normale,Deux véhicules - frontale,3,2,2,0,1,1,1,5,1,70,2,2,1,0,0,1,63.0,73.0,voiture,voiture,1,1,3,1,1
201900053177,2019-02-20 00:05:00,2019,2,20,0,5,10,10323,37 rue Aristide Briand,48.50836,3.738569,Nuit avec éclairage allumé,En agglomération,Hors intersection,Normale,Autre collision,3,2,2,1,1,1,1,0,8,50,1,2,0,0,2,0,28.0,,voiture,,5,2,1,1,6
201900053178,2019-02-18 17:45:00,2019,2,18,17,45,27,27034,D1,49.326298,1.38758,Plein jour,Hors agglomération,Hors intersection,Normale,Sans collision,3,2,2,0,1,3,1,0,3,80,1,1,0,0,1,0,25.0,,deux_roues,,1,1,1,1,7
201900053179,2019-02-20 07:10:00,2019,2,20,7,10,30,30305,rue du centenaire péchiney,44.16915,4.159721,Crépuscule ou aube,En agglomération,Intersection en T,Normale,Autre collision,4,2,2,0,1,1,1,0,1,50,1,2,1,0,1,0,33.0,,utilitaire_camion,,2,2,3,1,6
201900053180,2019-01-31 19:00:00,2019,1,31,19,0,30,30255,quai de l'Agau,43.946474,4.218261,Nuit sans éclairage public,En agglomération,Hors intersection,Pluie légère,Autre collision,4,2,2,0,1,1,2,0,1,50,1,2,1,0,1,0,38.0,,voiture,,3,2,1,2,6
201900053181,2019-02-19 18:20:00,2019,2,19,18,20,88,88258,rue du faubourg de France /  Place Jules Ferry,48.070534,5.782091,Crépuscule ou aube,En agglomération,Intersection en Y,Normale,Autre collision,3,2,2,0,1,1,1,0,1,50,1,2,1,0,1,0,35.0,,voiture,,2,2,4,1,6
201900053182,2019-02-18 17:45:00,2019,2,18,17,45,973,97309,N3,4.890109,-52.287595,Plein jour,Hors agglomération,Intersection en T,Normale,Deux véhicules - frontale,3,2,2,0,1,1,1,0,1,90,2,2,1,0,1,0,68.0,57.0,deux_roues,voiture,1,1,3,1,1
201900053183,2019-02-19 20:45:00,2019,2,19,20,45,13,13086,Autoroute A52,43.334803,5.605838,Nuit sans éclairage public,Hors agglomération,Hors intersection,Normale,Trois véhicules et plus - collisions multiples,1,1,5,0,1,1,1,9,1,90,4,4,2,0,0,2,40.0,56.0,voiture,voiture,3,1,1,1,5
201900053184,2019-02-20 16:15:00,2019,2,20,16,15,84,84007,A7 PK198+000,43.896821,4.915911,Plein jour,Hors agglomération,Hors intersection,Normale,Deux véhicules - arrière,1,1,3,0,2,2,1,2,1,130,2,4,1,2,0,1,44.0,47.0,utilitaire_camion,voiture,1,1,1,1,2
201900053185,2019-02-20 15:20:00,2019,2,20,15,20,971,97128,130 route de Douville,16.263514,-61.375935,Plein jour,Hors agglomération,Hors intersection,Normale,Autre collision,3,2,2,0,2,2,1,0,3,70,1,2,1,0,1,0,34.0,,voiture,,1,1,1,1,6
201900053186,2019-02-19 20:30:00,2019,2,19,20,30,971,97115,route de vincent,16.269844,-61.653287,Nuit sans éclairage public,En agglomération,Hors intersection,Normale,Autre collision,3,2,2,0,2,1,1,0,3,50,1,1,0,0,1,0,29.0,,deux_roues,,3,2,1,1,6
201900053187,2019-02-14 19:39:00,2019,2,14,19,39,83,83104,D23,43.639901,5.805296,Nuit sans éclairage public,Hors agglomération,Intersection en Y,Normale,Deux véhicules - frontale,3,2,2,0,1,1,1,0,1,80,2,5,0,0,2,3,65.0,19.0,voiture,voiture,3,1,4,1,1
201900053188,2019-02-20 12:31:00,2019,2,20,12,31,4,04242,RD 4096 / Ch de la Tuilisse ,43.8959738,5.8774567,Plein jour,Hors agglomération,Intersection en T,Normale,Deux véhicules - arrière,3,2,2,0,1,1,1,0,1,80,2,4,3,0,1,0,42.0,66.0,voiture,voiture,1,1,3,1,2
201900053189,2019-02-19 18:17:00,2019,2,19,18,17,68,68163,4 rue de Habsheim,47.690842,7.502634,Nuit sans éclairage public,En agglomération,Hors intersection,Normale,Autre collision,3,2,2,0,1,1,1,9,1,50,1,2,1,0,1,0,65.0,,voiture,,3,2,1,1,6
201900053190,2019-02-20 17:08:00,2019,2,20,17,8,74,74220,carrefour route de findrol et route de l'Eculaz,46.131766,6.297506,Plein jour,En agglomération,Intersection en X,Normale,Deux véhicules - côté,3,2,2,0,2,1,1,0,1,50,2,2,1,0,1,0,39.0,53.0,voiture,deux_roues,1,2,2,1,3
201900053191,2019-02-20 17:20:00,2019,2,20,17,20,81,81076,RN126,43.565796,1.905392,Plein jour,Hors agglomération,Hors intersection,Temps éblouissant,Deux véhicules - frontale,2,2,2,0,1,1,1,0,1,80,2,3,0,0,1,2,41.0,71.0,utilitaire_camion,voiture,1,1,1,7,1
201900053192,2019-02-20 09:35:00,2019,2,20,9,35,80,80342,Autoroute A29 sens AMIENS vers ST QUENTIN pk 224+600,49.853559,2.714252,Plein jour,Hors agglomération,Hors intersection,Brouillard / fumée,Autre collision,1,3,2,0,1,1,1,0,3,130,1,1,0,0,1,0,62.0,,voiture,,1,1,1,5,6
201900053193,2019-02-19 15:15:00,2019,2,19,15,15,59,59568,Départementale 106,50.704116,2.441268,Plein jour,Hors agglomération,Intersection en T,Normale,Deux véhicules - côté,3,2,2,0,1,1,1,0,1,80,2,2,1,0,1,0,86.0,60.0,voiture,deux_roues,1,1,3,1,3
201900053194,2019-02-18 21:10:00,2019,2,18,21,10,13,13056,A55-Sens Marseille vers Martigues,43.39877,5.08509,Nuit avec éclairage non allumé,Hors agglomération,Autre intersection,Normale,Autre collision,1,1,3,0,1,1,1,3,1,110,1,1,0,0,0,1,25.0,,voiture,,4,1,9,1,6
201900053195,2019-02-17 18:30:00,2019,2,17,18,30,59,59343,AUTOROUTE A22,50.60049,3.11699,Crépuscule ou aube,Hors agglomération,Hors intersection,Normale,Deux véhicules - arrière,1,3,8,0,1,1,1,0,1,90,2,2,1,0,0,1,20.0,22.0,voiture,deux_roues,2,1,1,1,2
201900053196,2019-02-19 08:45:00,2019,2,19,8,45,92,92063,A86,48.8714566,2.1572573,Plein jour,Hors agglomération,Hors intersection,Normale,Trois véhicules et plus - collisions multiples,1,3,3,0,1,1,1,1,1,70,3,4,2,0,0,2,46.0,39.0,deux_roues,voiture,1,1,1,1,5
201900053197,2019-02-18 20:05:00,2019,2,18,20,5,92,92025,A86,48.9320904,2.2474485,Nuit avec éclairage allumé,Hors agglomération,Hors intersection,Normale,Trois véhicules et plus - en chaîne,1,-1,3,0,4,1,1,0,1,90,3,4,2,0,0,2,41.0,40.0,utilitaire_camion,voiture,5,1,1,1,4
201900053198,2019-02-18 19:10:00,2019,2,18,19,10,92,92064,A13,48.8406055,2.2204096,Nuit avec éclairage allumé,Hors agglomération,Hors intersection,Normale,Deux véhicules - arrière,1,3,2,0,1,1,1,0,1,110,2,2,1,0,0,1,64.0,29.0,voiture,voiture,5,1,1,1,2
201900053199,2019-02-18 17:10:00,2019,2,18,17,10,95,95394,RN 184,49.05139,2.15138,Plein jour,Hors agglomération,Hors intersection,Normale,Trois véhicules et plus - en chaîne,2,3,4,0,1,1,1,0,1,90,3,3,2,0,0,1,19.0,29.0,voiture,utilitaire_camion,1,1,1,1,4
201900053200,2019-02-18 08:00:00,2019,2,18,8,0,93,93053,AUTOROUTE A3,48.89492,2.47107,Plein jour,Hors agglomération,Hors intersection,Normale,Sans collision,1,3,10,0,1,1,1,2,1,70,1,1,0,0,0,1,24.0,,deux_roues,,1,1,1,1,7
201900053201,2019-02-18 19:15:00,2019,2,18,19,15,94,94069,A4,48.82368,2.39506,Nuit sans éclairage public,Hors agglomération,Hors intersection,Normale,Deux véhicules - côté,1,3,4,0,1,1,1,0,1,90,2,2,1,0,0,1,42.0,44.0,voiture,deux_roues,3,1,1,1,3
201900053202,2019-02-18 18:30:00,2019,2,18,18,30,94,94015,A4,48.8312964,2.5308997,Nuit sans éclairage public,Hors agglomération,Hors intersection,Normale,Deux véhicules - côté,1,-1,4,0,1,1,1,0,1,110,2,2,1,0,0,1,22.0,37.0,voiture,deux_roues,3,1,1,1,3
201900053203,2019-02-18 17:40:00,2019,2,18,17,40,974,97407,LAUDE E(RUE),-20.93732,55.29945,Plein jour,En agglomération,Intersection en X,Normale,Deux véhicules - arrière,4,2,2,0,1,1,1,0,1,50,2,2,1,0,0,1,31.0,19.0,voiture,utilitaire_camion,1,2,2,1,2
201900053204,2019-02-18 17:50:00,2019,2,18,17,50,973,97302,HEDER (place),4.9413158,-52.3323601,Plein jour,En agglomération,Intersection en X,Normale,Autre collision,4,1,1,0,1,1,1,0,1,50,1,2,1,0,0,1,37.0,,voiture,,1,2,2,1,6
201900053205,2019-02-18 16:30:00,2019,2,18,16,30,973,97302,MONTABO (ROUTE DE) 2,4.9300923,-52.2904801,Plein jour,En agglomération,Hors intersection,Normale,Deux véhicules - côté,3,2,0,0,1,1,1,0,1,50,2,2,1,0,0,1,18.0,42.0,deux_roues,voiture,1,2,1,1,3
201900053206,2019-02-19 00:20:00,2019,2,19,0,20,69,69387,GAMBETTA                            (CO),45.75422,4.84608,Nuit avec éclairage allumé,En agglomération,Hors intersection,Normale,Autre collision,4,2,4,3,1,1,1,0,1,50,1,4,3,0,0,1,37.0,,voiture,,5,2,1,1,6
201900053207,2019-02-18 11:05:00,2019,2,18,11,5,69,69387,CHALLEMEL LACOUR                    (R ),45.72999,4.83807,Plein jour,En agglomération,Intersection en X,Normale,Sans collision,4,2,3,0,1,1,1,8,1,50,1,2,1,1,0,0,37.0,,utilitaire_camion,,1,2,2,1,7
201900053208,2019-02-18 09:25:00,2019,2,18,9,25,69,69386,"5, rue JULIETTE RECAMIER                   (R )",45.76391,4.85304,Plein jour,En agglomération,Hors intersection,Normale,Autre collision,4,1,1,0,1,1,1,0,1,50,1,2,1,0,1,0,39.0,,deux_roues,,1,2,1,1,6
201900053209,2019-02-18 17:58:00,2019,2,18,17,58,2B,2B033,LES CAPUCINS,42.68995,9.44495,Nuit avec éclairage allumé,En agglomération,Hors intersection,Normale,Deux véhicules - côté,4,2,2,0,2,3,1,0,2,30,2,2,1,0,1,0,54.0,21.0,voiture,deux_roues,5,2,1,1,3
201900053210,2019-02-18 22:00:00,2019,2,18,22,0,2A,2A004,MONTEE SAINT JEAN,41.9320813,8.7375983,Nuit avec éclairage allumé,En agglomération,Hors intersection,Normale,Autre collision,4,2,2,0,2,2,1,0,1,50,1,3,1,0,0,2,61.0,,voiture,,5,2,1,1,6
201900053211,2019-02-18 19:00:00,2019,2,18,19,0,91,91201,HENRI BARBUSSE(BOULEVARD),48.68439,2.40862,Nuit avec éclairage allumé,En agglomération,Hors intersection,Normale,Sans collision,4,2,2,0,1,1,1,0,2,50,1,1,0,0,0,1,20.0,,deux_roues,,5,2,1,1,7
201900053212,2019-02-17 08:30:00,2019,2,17,8,30,91,91479,MAXIME VEDY (PLACE),48.70929,2.35904,Plein jour,En agglomération,Place,Normale,Deux véhicules - côté,4,-1,0,0,1,1,1,0,1,30,2,3,2,0,0,1,54.0,34.0,voiture,voiture,1,2,7,1,3
201900053213,2019-02-15 17:20:00,2019,2,15,17,20,85,85194,RUE CHATEAUBRIAND ,46.51221,-1.77526,Plein jour,En agglomération,Hors intersection,Normale,Autre collision,4,2,2,0,1,3,1,0,2,30,1,3,1,0,2,0,33.0,,voiture,,1,2,1,1,6
201900053214,2019-02-11 20:10:00,2019,2,11,20,10,83,83137,LECLERC (AVE GENERAL),43.12574,5.9279,Nuit avec éclairage allumé,En agglomération,Hors intersection,Normale,Autre collision,4,-1,4,0,1,1,1,0,1,50,1,2,1,1,0,0,34.0,,transport_commun,,5,2,1,1,6
201900053215,2019-02-16 16:30:00,2019,2,16,16,30,80,80021,"13, R JEAN CATELAS",49.89551,2.29057,Crépuscule ou aube,En agglomération,Intersection en T,Normale,Deux véhicules - côté,4,2,2,0,1,1,1,0,1,50,2,2,1,0,0,1,34.0,44.0,deux_roues,voiture,2,2,3,1,3
201900053216,2019-02-16 23:55:00,2019,2,16,23,55,78,78490,DEUX PLATEAUX (ROUTE DES),48.81388,1.95979,Nuit avec éclairage allumé,En agglomération,Hors intersection,Normale,Deux véhicules - arrière,3,2,4,0,2,2,1,0,1,70,2,5,1,0,0,4,24.0,41.0,voiture,voiture,5,2,1,1,2
201900053217,2019-02-15 03:35:00,2019,2,15,3,35,77,77495,N105 X D605,48.55999,2.6454,Nuit sans éclairage public,Hors agglomération,Giratoire,Normale,Autre collision,2,3,4,0,1,1,1,5,1,70,1,3,0,0,0,3,20.0,,voiture,,3,1,6,1,6
201900053218,2019-02-12 08:15:00,2019,2,12,8,15,77,77059,AVENUE DE L'EUROPE,48.84219,2.66719,Plein jour,En agglomération,Giratoire,Normale,Autre collision,4,1,2,0,1,2,1,0,1,50,1,2,1,0,1,0,55.0,,voiture,,1,2,6,1,6
201900053219,2019-02-17 10:00:00,2019,2,17,10,0,76,76457,rue du lieutenant j Hergault,49.34068,0.95781,Plein jour,Hors agglomération,Hors intersection,Normale,Deux véhicules - frontale,3,-1,2,0,2,1,1,0,1,80,2,4,1,0,1,2,35.0,56.0,voiture,voiture,1,1,1,1,1
201900053220,2019-02-17 07:26:00,2019,2,17,7,26,74,74118,DE GAULLE (RUE CHARLES),46.1642055,6.1857839,Crépuscule ou aube,En agglomération,Hors intersection,Normale,Autre collision,3,2,2,0,1,1,1,0,1,50,1,1,0,0,0,1,38.0,,voiture,,2,2,1,1,6
201900053221,2019-02-02 09:05:00,2019,2,2,9,5,73,73065,CHEVALIERE (SQUARE DE LA) D14,45.5816887,5.887307,Plein jour,En agglomération,Giratoire,Temps couvert,Deux véhicules - côté,3,2,2,1,1,1,2,9,5,50,2,2,1,0,0,1,80.0,16.0,voiture,deux_roues,1,2,6,8,3
201900053222,2019-02-17 11:05:00,2019,2,17,11,5,71,71153,Industrie ( Boulevard de l'),46.79448,4.43584,Plein jour,En agglomération,Hors intersection,Normale,Sans collision,4,2,2,0,1,1,1,0,1,50,1,1,0,0,0,1,25.0,,voiture,,1,2,1,1,7
201900053223,2019-02-07 07:40:00,2019,2,7,7,40,70,70261,RN 57,47.62987,6.17532,Crépuscule ou aube,En agglomération,Hors intersection,Normale,Deux véhicules - frontale,2,2,2,0,2,2,1,0,1,50,2,4,3,1,0,0,30.0,75.0,utilitaire_camion,voiture,2,2,1,1,1
201900053224,2019-02-16 13:40:00,2019,2,16,13,40,69,69266,BIENVENUS   (Rue des),45.77374,4.88475,Plein jour,En agglomération,Intersection en X,Normale,Deux véhicules - côté,4,1,1,0,1,1,1,0,1,50,2,2,1,0,0,1,19.0,44.0,utilitaire_camion,utilitaire_camion,1,2,2,1,3
201900053225,2019-02-16 02:30:00,2019,2,16,2,30,67,67482,ROMAINS (ROUTE DES),48.578153,7.706279,Nuit avec éclairage allumé,En agglomération,Hors intersection,Normale,Autre collision,4,-1,2,0,1,1,1,9,1,50,1,2,0,0,0,2,18.0,,voiture,,5,2,1,1,6
201900053226,2019-02-15 16:05:00,2019,2,15,16,5,67,67482,ROBERTSAU (ALLEE DE LA),48.587773,7.764933,Plein jour,En agglomération,Hors intersection,Normale,Autre collision,4,3,2,0,1,1,1,0,1,50,1,4,2,0,0,2,25.0,,voiture,,1,2,1,1,6
201900053227,2019-02-15 22:00:00,2019,2,15,22,0,67,67180,QUATRE VENTS (RUE DES),48.811916,7.816937,Nuit sans éclairage public,En agglomération,Hors intersection,Normale,Autre collision,4,2,2,0,1,2,1,0,1,50,1,1,0,0,1,0,28.0,,voiture,,3,2,1,1,6
201900053228,2019-02-17 05:00:00,2019,2,17,5,0,66,66136,BRIAND BOULEVARD ARISTIDE,42.69529,2.90225,Nuit sans éclairage public,En agglomération,Intersection en X,Normale,Deux véhicules - côté,4,2,1,0,1,1,1,0,1,50,2,2,1,0,1,0,29.0,30.0,voiture,deux_roues,3,2,2,1,3
201900053229,2019-02-18 10:05:00,2019,2,18,10,5,64,64483,JALDAY III (AVENUE DE),43.40525,-1.62558,Plein jour,En agglomération,Autre intersection,Normale,Deux véhicules - côté,4,2,2,0,1,1,1,9,1,50,2,3,1,0,0,2,50.0,34.0,utilitaire_camion,voiture,1,2,9,1,3
201900053230,2019-02-16 16:47:00,2019,2,16,16,47,61,61006,CARNOT (BOULEVARD),48.738091,-0.023508,Plein jour,En agglomération,Hors intersection,Normale,Deux véhicules - côté,3,2,2,0,1,1,1,0,1,50,2,3,2,1,0,0,56.0,51.0,deux_roues,voiture,1,2,1,1,3
201900053231,2019-02-15 15:45:00,2019,2,15,15,45,60,60159,RD 332 ,49.40377,2.8393,Plein jour,Hors agglomération,Hors intersection,Normale,Deux véhicules - frontale,3,2,2,0,1,1,1,0,1,80,2,2,0,0,2,0,31.0,73.0,voiture,voiture,1,1,1,1,1
201900053232,2019-02-06 18:00:00,2019,2,6,18,0,59,59350,SOLFERINO RUE N°1 - 159,50.63078,3.05571,Nuit avec éclairage allumé,En agglomération,Intersection en X,Normale,Deux véhicules - côté,4,-1,2,0,1,1,1,0,1,50,2,2,1,0,0,1,69.0,28.0,utilitaire_camion,deux_roues,5,2,2,1,3
201900053233,2019-02-17 14:35:00,2019,2,17,14,35,59,59361,JAURES (RES. JEAN),50.316594,3.359386,Plein jour,En agglomération,Hors intersection,Normale,Autre collision,3,2,2,0,1,1,1,0,1,50,1,1,0,1,0,0,19.0,,deux_roues,,1,2,1,1,6
201900053234,2019-02-15 16:05:00,2019,2,15,16,5,57,57463,SENTE A MY (RUE ),49.09583,6.17741,Plein jour,En agglomération,Hors intersection,Normale,Autre collision,4,-1,2,0,1,1,1,0,1,10,1,2,1,0,1,0,61.0,,voiture,,1,2,1,1,6
201900053235,2019-02-17 14:00:00,2019,2,17,14,0,56,56098,PEROS (RUE DE),47.76124,-3.32069,Plein jour,En agglomération,Hors intersection,Normale,Sans collision,4,2,2,0,1,1,1,0,1,50,1,1,0,0,0,1,72.0,,voiture,,1,2,1,1,7
201900053236,2019-02-17 05:25:00,2019,2,17,5,25,56,56121,MARNE ( AV DE LA ),47.743551,-3.36828,Nuit avec éclairage allumé,En agglomération,Intersection en T,Temps couvert,Deux véhicules - frontale,4,2,2,0,1,1,2,0,1,50,2,2,1,0,0,1,57.0,21.0,voiture,deux_roues,5,2,3,8,1
201900053237,2019-02-14 14:15:00,2019,2,14,14,15,51,51454,BOULEVARD DU MARECHAL DE LATTRE DE TASSIGNY,49.2563691,4.0618999,Plein jour,En agglomération,Intersection en T,Normale,Deux véhicules - côté,4,2,2,0,1,1,1,0,1,50,2,3,2,0,1,0,41.0,74.0,voiture,deux_roues,1,2,3,1,3
201900053238,2019-02-17 16:00:00,2019,2,17,16,0,50,50129,NORMANDIE (AVENUE DE),49.62811,-1.62445,Plein jour,En agglomération,Hors intersection,Normale,Deux véhicules - arrière,4,2,2,0,1,1,1,0,1,50,2,3,1,0,1,1,53.0,50.0,deux_roues,voiture,1,2,1,1,2
201900053239,2019-02-15 06:17:00,2019,2,15,6,17,49,49015,MENDES FRANCE AVENUE PIERRE,47.51035,-0.59404,Nuit avec éclairage allumé,En agglomération,Hors intersection,Normale,Sans collision,4,3,-1,3,1,1,1,4,1,50,1,1,0,0,1,0,18.0,,deux_roues,,5,2,1,1,7
201900053240,2019-02-14 07:20:00,2019,2,14,7,20,49,49007,MONTAIGNE AVENUE,47.46594,-0.52299,Nuit avec éclairage allumé,Hors agglomération,Hors intersection,Normale,Sans collision,4,-1,2,0,1,3,1,0,1,70,1,1,0,0,0,1,21.0,,voiture,,5,1,1,1,7
201900053241,2019-02-18 18:30:00,2019,2,18,18,30,45,45338,RUE DU PONT DE FEUILLET,47.99752,2.68761,Nuit sans éclairage public,Hors agglomération,Hors intersection,Normale,Autre collision,4,2,2,0,1,4,1,0,1,80,1,3,2,0,1,0,19.0,,utilitaire_camion,,3,1,1,1,6
201900053242,2019-02-15 16:15:00,2019,2,15,16,15,44,44184,G. ANDRÉ/G. SAND,47.26885,-2.22813,Plein jour,En agglomération,Intersection en T,Normale,Deux véhicules - côté,4,2,2,1,1,1,1,0,1,50,2,2,0,0,0,2,25.0,,voiture,,1,2,3,1,3
201900053243,2019-02-18 09:15:00,2019,2,18,9,15,38,38318,RD 75,45.5373,4.927,Plein jour,Hors agglomération,Hors intersection,Normale,Deux véhicules - frontale,3,2,2,0,1,1,1,9,1,80,2,2,0,0,0,2,20.0,55.0,voiture,voiture,1,1,1,1,1
201900053244,2019-02-16 18:16:00,2019,2,16,18,16,36,36202,AVENUE D'OCCITANIE,46.7891,1.66044,Plein jour,En agglomération,Hors intersection,Normale,Trois véhicules et plus - en chaîne,4,2,2,0,1,1,1,0,1,50,3,3,2,0,1,0,17.0,17.0,deux_roues,deux_roues,1,2,1,1,4
201900053245,2019-02-09 00:50:00,2019,2,9,0,50,33,33075,AVE DE L EUROPE,44.88517,-0.61109,Nuit avec éclairage allumé,En agglomération,Intersection en Y,Normale,Deux véhicules - frontale,4,3,4,2,1,1,1,0,1,50,2,1,0,0,0,1,33.0,,voiture,,5,2,4,1,1
201900053246,2019-02-08 13:50:00,2019,2,8,13,50,33,33162,RTE DE PAUILLAC,44.89151,-0.63808,Plein jour,En agglomération,Intersection en X,Normale,Deux véhicules - côté,4,2,3,0,1,1,1,0,1,50,2,2,1,0,0,1,69.0,54.0,voiture,utilitaire_camion,1,2,2,1,3
201900053247,2019-02-12 16:50:00,2019,2,12,16,50,33,33167,Piétonne traversant Av.SALVADOR ALLENDE depuis centre commercial percutée par VTA R.jules Vernes tournant à gauche,44.84474,-0.51083,Plein jour,En agglomération,Intersection en X,Normale,Autre collision,4,2,3,0,1,1,1,0,1,50,1,2,1,0,1,0,64.0,,voiture,,1,2,2,1,6
201900053248,2019-02-14 19:54:00,2019,2,14,19,54,33,33318,AVE COLONEL ROBERT JACQUI,44.81131,-0.6315,Nuit avec éclairage allumé,En agglomération,Hors intersection,Normale,Autre collision,4,2,2,0,1,1,1,0,4,30,1,1,0,1,0,0,19.0,,deux_roues,,5,2,1,1,6
201900053249,2019-02-18 13:20:00,2019,2,18,13,20,31,31555,BD DES MINIMES,43.61637,1.43948,Plein jour,En agglomération,Hors intersection,Normale,Deux véhicules - côté,4,1,3,0,1,1,1,0,1,50,2,2,1,0,0,1,42.0,65.0,deux_roues,deux_roues,1,2,1,1,3
201900053250,2019-02-18 10:30:00,2019,2,18,10,30,31,31555,AV CAMILLE PUJOL,43.60076,1.46336,Plein jour,En agglomération,Hors intersection,Normale,Autre collision,4,2,2,0,2,3,1,0,1,50,1,1,0,0,0,1,49.0,,deux_roues,,1,2,1,1,6
201900053251,2019-02-17 07:00:00,2019,2,17,7,0,31,31069,VOIE LACTEE (RD902),43.64195,1.373,Nuit sans éclairage public,Hors agglomération,Hors intersection,Normale,Autre collision,3,3,4,0,1,2,1,0,1,90,1,2,0,1,1,0,34.0,,voiture,,3,1,1,1,6
201900053252,2019-02-16 06:30:00,2019,2,16,6,30,31,31069,VA001490 A621,43.620571,1.394601,Crépuscule ou aube,Hors agglomération,Hors intersection,Brouillard / fumée,Sans collision,1,2,2,0,1,3,1,0,1,50,1,1,0,1,0,0,64.0,,deux_roues,,2,1,1,5,7
201900053253,2019-02-17 17:55:00,2019,2,17,17,55,31,31557,PETIT TRAIN (RUE DU),43.57929,1.32645,Plein jour,En agglomération,Hors intersection,Normale,Deux véhicules - côté,4,2,2,1,1,1,1,0,1,50,2,2,1,0,0,1,12.0,32.0,deux_roues,voiture,1,2,1,1,3