accident_id,datetime,annee,mois,jour,heure,minute,departement,commune_insee,adresse,latitude,longitude,luminosite,agglomeration,intersection,meteo,collision,catr,circ,nbv,vosp,prof,plan,surf,infra,situ,vma,nb_vehicules,nb_usagers,nb_indemnes,nb_tues,nb_blesses_hosp,nb_blesses_legers,age_cond_1,age_cond_2,veh_type_cond_1,veh_type_cond_2,lum_code,agg_code,int_code,atm_code,col_code
201900053254,2019-02-15 18:30:00,2019,2,15,18,30,31,31149,Av Edouard Serres,43.61156,1.35203,Plein jour,En agglomération,Hors intersection,Normale,Deux véhicules - côté,4,2,2,0,1,1,1,0,1,50,2,2,1,0,0,1,42.0,26.0,voiture,deux_roues,1,2,1,1,3
201900053255,2019-02-15 16:30:00,2019,2,15,16,30,31,31555,VA007331 A620,43.60134,1.39863,Plein jour,Hors agglomération,Hors intersection,Normale,Deux véhicules - arrière,1,3,6,0,1,1,1,0,1,90,2,2,1,0,0,1,21.0,23.0,voiture,utilitaire_camion,1,1,1,1,2
201900053256,2019-02-15 12:20:00,2019,2,15,12,20,31,31555,BD D ARCOLE,43.61057,1.44333,Plein jour,En agglomération,Hors intersection,Normale,Deux véhicules - côté,4,2,4,3,1,1,1,0,1,50,2,2,1,0,0,1,61.0,24.0,voiture,deux_roues,1,2,1,1,3
201900053257,2019-02-15 22:46:00,2019,2,15,22,46,25,25388,COMBE AUX BICHES (RUE DE LA),47.51596,6.81054,Nuit avec éclairage allumé,En agglomération,Intersection à plus de 4 branches,Normale,Autre collision,3,2,1,0,3,1,1,0,1,50,1,2,1,0,0,1,39.0,,voiture,,5,2,5,1,6
201900053258,2019-02-18 17:35:00,2019,2,18,17,35,25,25056,LANCHY  RUE NARCISSE,47.25916,6.0286,Plein jour,En agglomération,Hors intersection,Normale,Autre collision,4,2,2,0,2,1,1,0,1,50,1,1,0,0,1,0,,,,,1,2,1,1,6
201900053259,2019-02-16 12:50:00,2019,2,16,12,50,22,22187,RN12,48.54517,-2.80127,Plein jour,Hors agglomération,Hors intersection,Normale,Deux véhicules - arrière,2,3,4,0,1,1,1,0,1,110,2,3,2,0,0,1,32.0,57.0,voiture,voiture,1,1,1,1,2
201900053260,2019-02-16 19:00:00,2019,2,16,19,0,19,19031,MISTRAL (RUE FREDERIC),45.15694,1.51366,Nuit avec éclairage allumé,En agglomération,Hors intersection,Normale,Autre collision,4,2,2,0,1,1,1,0,1,50,1,1,0,0,0,1,30.0,,deux_roues,,5,2,1,1,6
201900053261,2019-02-18 17:50:00,2019,2,18,17,50,17,17028,ANVILLE   RUE D',46.14038,-1.10992,Plein jour,En agglomération,Hors intersection,Normale,Deux véhicules - arrière,4,2,2,0,1,1,1,0,1,50,2,2,1,0,1,0,40.0,37.0,deux_roues,voiture,1,2,1,1,2
201900053262,2019-02-18 17:19:00,2019,2,18,17,19,13,13210,PAUL CLAUDEL (BOULEVARD),43.26827,5.41557,Plein jour,En agglomération,Hors intersection,Normale,Deux véhicules - côté,4,2,3,0,1,1,1,0,1,50,2,2,1,0,0,1,76.0,45.0,voiture,voiture,1,2,1,1,3
201900053263,2019-02-18 15:45:00,2019,2,18,15,45,13,13210,PAUL CLAUDEL (BOULEVARD),43.26901,5.42019,Plein jour,En agglomération,Hors intersection,Normale,Deux véhicules - arrière,4,2,2,0,1,1,1,0,1,50,2,3,1,0,0,2,22.0,52.0,voiture,utilitaire_camion,1,2,1,1,2
201900053264,2019-02-18 15:30:00,2019,2,18,15,30,13,13202,LAZARET (QUAI DU),43.308769,5.366337,Plein jour,En agglomération,Hors intersection,Normale,Deux véhicules - côté,9,3,4,0,1,1,1,0,1,50,2,2,1,0,1,0,43.0,43.0,deux_roues,voiture,1,2,1,1,3
201900053265,2019-02-18 16:30:00,2019,2,18,16,30,13,13201,STALINGRAD (SQUARE),43.299424,5.384996,Plein jour,En agglomération,Hors intersection,Normale,Autre collision,4,1,3,0,1,1,1,0,1,50,1,2,0,0,2,0,31.0,,deux_roues,,1,2,1,1,6
201900053266,2019-02-18 09:40:00,2019,2,18,9,40,13,13205,SAKAKINI (BOULEVARD),43.29265,5.40116,Plein jour,En agglomération,Hors intersection,Normale,Deux véhicules - arrière,4,3,6,0,1,1,1,0,1,50,2,3,2,0,0,1,39.0,30.0,voiture,utilitaire_camion,1,2,1,1,2
201900053267,2019-02-17 13:40:00,2019,2,17,13,40,13,13207,Corniche John Fitzgérald Kennedy,43.277308,5.356721,Plein jour,En agglomération,Intersection en T,Normale,Trois véhicules et plus - collisions multiples,4,2,2,0,1,1,1,8,1,50,3,3,1,0,2,0,46.0,42.0,deux_roues,utilitaire_camion,1,2,3,1,5
201900053268,2019-02-17 03:20:00,2019,2,17,3,20,12,12176,ESPALION (ROUTE D'),44.37496,2.59233,Nuit avec éclairage non allumé,En agglomération,Hors intersection,Normale,Deux véhicules - arrière,3,2,2,0,1,1,1,0,1,50,2,3,2,0,1,0,34.0,22.0,voiture,voiture,4,2,1,1,2
201900053269,2019-02-18 11:25:00,2019,2,18,11,25,6,06123,MAICON PROMENADE,43.66664,7.19608,Plein jour,En agglomération,Autre intersection,Normale,Deux véhicules - côté,4,1,1,0,1,2,1,9,1,50,2,2,1,0,0,1,72.0,67.0,voiture,deux_roues,1,2,9,1,3
201900053270,2019-02-16 11:50:00,2019,2,16,11,50,3,03310,avenue thermale prolongée,46.1380321,3.4183212,Plein jour,En agglomération,Intersection en Y,Normale,Autre collision,4,2,2,0,3,2,1,0,1,50,1,2,0,0,1,1,44.0,,voiture,,1,2,4,1,6
201900053271,2019-02-18 17:25:00,2019,2,18,17,25,75,75116,PORTE D AUTEUIL,48.846628,2.254607,Plein jour,En agglomération,Intersection en Y,Normale,Deux véhicules - arrière,4,1,4,0,1,1,1,1,1,70,2,2,1,0,0,1,41.0,78.0,deux_roues,voiture,1,2,4,1,2
201900053272,2019-02-17 20:05:00,2019,2,17,20,5,75,75119,BOULEVARD PERIPHERIQUE,48.8835,2.399945,Nuit avec éclairage allumé,En agglomération,Hors intersection,Normale,Autre collision,4,1,4,0,1,1,1,0,1,70,2,4,3,0,0,1,52.0,,voiture,,5,2,1,1,6
201900053273,2019-02-18 14:40:00,2019,2,18,14,40,75,75112,AVENUE DE NOGENT,48.839932,2.45658,Plein jour,En agglomération,Hors intersection,Normale,Deux véhicules - côté,4,2,4,0,1,1,1,0,1,50,2,2,0,0,1,1,72.0,42.0,voiture,deux_roues,1,2,1,1,3
201900053274,2019-02-16 19:10:00,2019,2,16,19,10,75,75112,AVENUE DU GENERAL MICHEL BIZOT,48.834963,2.401222,Nuit avec éclairage allumé,En agglomération,Hors intersection,Normale,Deux véhicules - côté,4,2,2,0,1,1,1,0,1,50,2,2,1,0,1,0,50.0,46.0,utilitaire_camion,voiture,5,2,1,1,3
201900053275,2019-02-17 21:55:00,2019,2,17,21,55,75,75120,COURS DE VINCENNES,48.847177,2.411278,Nuit avec éclairage allumé,En agglomération,Place,Normale,Autre collision,4,2,6,0,1,1,1,9,1,50,1,2,0,0,1,1,32.0,,deux_roues,,5,2,7,1,6
201900053276,2019-02-18 14:25:00,2019,2,18,14,25,75,75119,SOUTERRAIN PANTIN VILLETTE,48.892337,2.395502,Plein jour,En agglomération,Hors intersection,Normale,Autre collision,4,1,2,0,1,1,1,1,1,50,1,1,0,0,0,1,30.0,,deux_roues,,1,2,1,1,6
201900053277,2019-02-18 16:40:00,2019,2,18,16,40,75,75117,RUE DE COURCELLES,48.889538,2.292757,Plein jour,En agglomération,Hors intersection,Normale,Autre collision,4,2,0,0,1,1,1,0,1,50,1,1,0,0,0,1,60.0,,voiture,,1,2,1,1,6
201900053278,2019-02-18 12:05:00,2019,2,18,12,5,75,75113,RUE DE PATAY,48.827413,2.371784,Plein jour,En agglomération,Hors intersection,Normale,Autre collision,4,2,2,0,2,1,1,0,1,50,1,1,0,0,0,1,,,,,1,2,1,1,6
201900053279,2019-02-18 09:05:00,2019,2,18,9,5,75,75112,AVENUE DE SAINT MAURICE,48.827468,2.419394,Plein jour,En agglomération,Intersection en T,Normale,Autre collision,4,2,4,0,1,1,1,6,1,50,2,1,0,0,0,1,14.0,,deux_roues,,1,2,3,1,6
201900053280,2019-02-18 12:15:00,2019,2,18,12,15,75,75110,BOULEVARD DE MAGENTA,48.87286,2.359124,Plein jour,En agglomération,Hors intersection,Normale,Deux véhicules - côté,4,2,6,0,1,1,1,0,1,50,2,2,0,0,0,2,32.0,17.0,deux_roues,deux_roues,1,2,1,1,3
201900053281,2019-02-18 08:20:00,2019,2,18,8,20,75,75108,RUE D ARTOIS,48.8737,2.306509,Plein jour,En agglomération,Intersection en X,Normale,Deux véhicules - côté,4,1,1,0,1,1,1,9,1,50,2,2,1,0,0,1,36.0,28.0,voiture,voiture,1,2,2,1,3
201900053282,2019-02-17 23:03:00,2019,2,17,23,3,93,93008,VAILLANT COUTURIER (AVENUE PAUL),48.9064986,2.4605942,Nuit avec éclairage non allumé,En agglomération,Autre intersection,Normale,Deux véhicules - côté,3,4,5,0,1,1,1,0,3,50,2,5,2,0,0,3,32.0,46.0,voiture,voiture,4,2,9,1,3
201900053283,2019-02-18 08:40:00,2019,2,18,8,40,92,92073,DASSAULT (QUAI MARCEL),48.86091,2.2246,Plein jour,En agglomération,Hors intersection,Normale,Deux véhicules - côté,3,2,3,0,1,1,1,0,1,50,2,2,1,0,0,1,37.0,29.0,voiture,deux_roues,1,2,1,1,3
201900053284,2019-02-07 20:15:00,2019,2,7,20,15,92,92062,RUE PIERRE GAUDIN,48.8870379,2.2467953,Nuit sans éclairage public,En agglomération,Autre intersection,Temps couvert,Deux véhicules - arrière,3,1,3,0,1,3,1,3,3,70,2,2,1,0,0,1,26.0,22.0,voiture,deux_roues,3,2,9,8,2
201900053285,2019-02-17 16:40:00,2019,2,17,16,40,92,92023,GENERAL DE GAULLE (AV DU) N°440 A 544 ET,48.7771221,2.2308045,Plein jour,En agglomération,Intersection en X,Normale,Deux véhicules - côté,3,2,4,0,1,3,1,0,1,50,2,2,1,0,0,1,43.0,64.0,voiture,voiture,1,2,2,1,3
201900053286,2019-02-17 04:30:00,2019,2,17,4,30,35,35135,D21 - carrefour du quengo,48.243917,-1.942461,Nuit sans éclairage public,En agglomération,Intersection en X,Normale,Autre collision,3,2,2,0,1,1,1,0,3,50,1,1,0,0,1,0,36.0,,voiture,,3,2,2,1,6
201900053287,2019-02-15 18:20:00,2019,2,15,18,20,84,84142,D31,43.9571736,5.0284366,Crépuscule ou aube,Hors agglomération,Hors intersection,Normale,Trois véhicules et plus - en chaîne,3,2,2,0,1,1,1,5,1,80,3,3,2,0,1,0,34.0,83.0,voiture,voiture,2,1,1,1,4
201900053288,2019-02-18 18:00:00,2019,2,18,18,0,33,33138,92 avenue Justin LUQUOT,45.03995,-0.11451,Plein jour,En agglomération,Hors intersection,Normale,Deux véhicules - côté,3,2,2,0,1,1,1,0,1,50,2,5,2,1,0,2,24.0,32.0,voiture,deux_roues,1,2,1,1,3
201900053289,2019-02-19 16:40:00,2019,2,19,16,40,83,83004,voie jacques prévert,43.451319,6.487659,Plein jour,En agglomération,Hors intersection,Normale,Autre collision,4,2,2,0,1,1,1,0,1,50,1,2,1,1,0,0,72.0,,voiture,,1,2,1,1,6
201900053290,2019-02-19 07:15:00,2019,2,19,7,15,40,40246,CD DEPARTEMENTALE 626,44.123959,-0.677013,Nuit sans éclairage public,Hors agglomération,Hors intersection,Brouillard / fumée,Autre collision,3,2,2,0,1,1,1,0,3,80,1,1,0,1,0,0,44.0,,voiture,,3,1,1,5,6
201900053291,2019-02-17 12:35:00,2019,2,17,12,35,19,19087,RD 32,45.553142,1.881552,Plein jour,Hors agglomération,Hors intersection,Normale,Sans collision,3,2,2,0,2,3,9,0,1,80,1,1,0,0,1,0,19.0,,deux_roues,,1,1,1,1,7
201900053292,2019-01-04 13:00:00,2019,1,4,13,0,67,67248,Échangeur 10,48.475044,7.565722,Plein jour,Hors agglomération,Giratoire,Normale,Autre collision,3,-1,2,0,1,1,1,3,8,80,1,2,0,1,0,1,73.0,,voiture,,1,1,6,1,6
201900053293,2019-01-08 07:31:00,2019,1,8,7,31,55,55288,rue nationale,48.793124,5.541532,Nuit avec éclairage allumé,En agglomération,Hors intersection,Pluie forte,Sans collision,3,2,2,0,1,2,2,0,1,50,1,2,1,1,0,0,64.0,,transport_commun,,5,2,1,3,7
201900053294,2019-01-08 18:30:00,2019,1,8,18,30,54,54090, rue raymond poincaré,48.749367,6.163442,Nuit sans éclairage public,En agglomération,Intersection en T,Pluie légère,Sans collision,3,-1,2,0,1,1,2,0,1,50,1,2,1,0,1,0,44.0,,voiture,,3,2,3,2,7
201900053295,2019-01-07 18:25:00,2019,1,7,18,25,63,63263,15 route de limoge,45.7811499,3.0216318,Nuit avec éclairage allumé,En agglomération,Hors intersection,Normale,Autre collision,3,2,2,0,1,1,1,0,1,50,1,2,1,0,1,0,40.0,,voiture,,5,2,1,1,6
201900053296,2019-01-07 05:50:00,2019,1,7,5,50,74,74250,Avenue des digues,46.0667436,6.389223,Nuit avec éclairage allumé,Hors agglomération,Hors intersection,Normale,Deux véhicules - arrière,3,2,2,0,1,1,1,0,1,70,2,3,0,0,1,2,36.0,20.0,voiture,voiture,5,1,1,1,2
201900053297,2019-01-08 01:50:00,2019,1,8,1,50,73,73024,D95 - L'orée du bois,45.4661456,6.4464422,Nuit sans éclairage public,Hors agglomération,Hors intersection,Normale,Autre collision,3,2,2,0,2,2,2,0,3,80,1,2,1,0,1,0,28.0,,voiture,,3,1,1,1,6
201900053298,2019-01-07 19:00:00,2019,1,7,19,0,24,24497,D676,44.689449,0.753151,Nuit sans éclairage public,En agglomération,Autre intersection,Normale,Sans collision,3,2,2,0,1,1,1,0,1,50,1,1,0,1,0,0,38.0,,voiture,,3,2,9,1,7
201900053299,2019-01-04 07:30:00,2019,1,4,7,30,44,44047,M26,47.233203,-1.704493,Nuit sans éclairage public,Hors agglomération,Hors intersection,Normale,Autre collision,7,2,2,0,1,1,1,0,1,70,1,2,1,0,1,0,56.0,,voiture,,3,1,1,1,6
201900053300,2019-01-06 06:25:00,2019,1,6,6,25,83,83090,,43.12655,5.89131,Nuit sans éclairage public,Hors agglomération,Hors intersection,Normale,Trois véhicules et plus - en chaîne,1,3,6,0,1,1,1,0,1,110,3,3,1,0,0,2,22.0,22.0,voiture,voiture,3,1,1,1,4
201900053301,2019-01-07 02:15:00,2019,1,7,2,15,69,69276,A7  PR 10+800,45.66234,4.84268,Nuit avec éclairage non allumé,Hors agglomération,Hors intersection,Normale,Autre collision,1,3,0,0,1,1,1,0,1,110,1,1,0,0,0,1,30.0,,voiture,,4,1,1,1,6
201900053302,2019-01-06 18:20:00,2019,1,6,18,20,91,91434,AUTOROUTE A6,48.668,2.3559,Nuit sans éclairage public,Hors agglomération,Autre intersection,Pluie légère,Deux véhicules - arrière,1,3,6,0,1,1,2,0,1,90,2,3,2,0,0,1,28.0,32.0,voiture,voiture,3,1,9,2,2
201900053303,2019-01-06 23:00:00,2019,1,6,23,0,93,93010,AUTOROUTE A3,48.9161,2.47812,Nuit avec éclairage allumé,Hors agglomération,Hors intersection,Normale,Trois véhicules et plus - collisions multiples,1,3,8,0,1,1,1,0,1,110,3,3,1,0,0,2,31.0,19.0,voiture,voiture,5,1,1,1,5
201900053304,2019-01-06 19:40:00,2019,1,6,19,40,93,93007,AUTOROUTE A3,48.9172,2.47814,Nuit sans éclairage public,Hors agglomération,Hors intersection,Normale,Sans collision,1,3,6,0,1,1,1,0,1,110,1,2,0,0,0,2,44.0,,deux_roues,,3,1,1,1,7
201900053305,2019-01-06 04:57:00,2019,1,6,4,57,95,95154,AUTOROUTE A1,49.03541,2.54102,Nuit avec éclairage non allumé,Hors agglomération,Hors intersection,Normale,Trois véhicules et plus - collisions multiples,1,3,6,0,1,1,1,0,1,110,4,5,1,0,0,4,29.0,36.0,voiture,voiture,4,1,1,1,5
201900053306,2019-01-06 18:40:00,2019,1,6,18,40,976,97611,cavani-Mosquée (rue de la),-12.78074,45.22106,Nuit sans éclairage public,En agglomération,Hors intersection,Normale,Autre collision,4,2,2,0,1,1,1,0,1,50,1,1,0,0,0,1,,,,,3,2,1,1,6
201900053307,2019-01-05 23:35:00,2019,1,5,23,35,973,97302,PLACE DU COQ,4.9362492,-52.3342538,Nuit avec éclairage allumé,En agglomération,Place,Normale,Deux véhicules - côté,4,1,2,0,1,1,2,0,1,50,2,4,1,0,1,2,43.0,34.0,voiture,deux_roues,5,2,7,1,3
201900053308,2019-01-07 00:16:00,2019,1,7,0,16,69,69386,MARECHAL LYAUTEY (DU)               (PL),45.76878,4.84287,Nuit avec éclairage allumé,En agglomération,Intersection en T,Normale,Autre collision,4,1,3,0,1,1,1,0,1,50,1,3,2,0,0,1,20.0,,voiture,,5,2,3,1,6
201900053309,2019-01-06 18:00:00,2019,1,6,18,0,972,97209,BISHOP (Avenue Maurice),14.60322,-61.06335,Crépuscule ou aube,En agglomération,Hors intersection,Normale,Deux véhicules - frontale,2,2,6,3,1,3,1,0,1,50,2,3,2,0,1,0,38.0,27.0,voiture,deux_roues,2,2,1,1,1
201900053310,2019-01-06 09:40:00,2019,1,6,9,40,972,97209,RD 41 (ROCADE),14.61616,-61.06065,Plein jour,Hors agglomération,Hors intersection,Normale,Autre collision,3,3,4,0,4,2,2,0,1,70,1,1,0,0,0,1,27.0,,voiture,,1,1,1,1,6
201900053311,2019-01-05 02:30:00,2019,1,5,2,30,83,83144,UNIVERSITE (AVE DE L'),43.1384,6.01651,Nuit avec éclairage non allumé,En agglomération,Giratoire,Normale,Sans collision,4,1,2,0,1,2,1,5,1,50,1,3,2,0,1,0,20.0,,voiture,,4,2,6,1,7
201900053312,2019-01-06 16:00:00,2019,1,6,16,0,69,69266,ROGER SALENGRO     (Avenue),45.78127,4.88538,Plein jour,En agglomération,Hors intersection,Temps couvert,Trois véhicules et plus - en chaîne,4,2,4,3,1,1,1,0,1,50,3,7,3,0,0,4,32.0,68.0,voiture,voiture,1,2,1,8,4
201900053313,2019-01-06 12:00:00,2019,1,6,12,0,59,59299,LECLERC (RUE DU GENERAL),50.65299,3.18627,Plein jour,En agglomération,Hors intersection,Normale,Autre collision,7,2,1,0,1,1,1,0,1,50,1,2,1,0,1,0,24.0,,voiture,,1,2,1,1,6
201900053314,2019-01-02 19:14:00,2019,1,2,19,14,54,54431,GAMBETTA (RUE),48.90498,6.05859,Nuit avec éclairage allumé,En agglomération,Intersection en X,Normale,Deux véhicules - côté,4,2,1,1,1,1,1,0,1,50,2,3,2,0,0,1,68.0,18.0,voiture,deux_roues,5,2,2,1,3
201900053315,2019-01-05 19:00:00,2019,1,5,19,0,42,42207,ORIOL BENOIT RUE,45.47613,4.5162,Nuit avec éclairage allumé,En agglomération,Hors intersection,Normale,Autre collision,4,2,2,0,2,1,1,0,1,50,1,2,1,0,1,0,69.0,,voiture,,5,2,1,1,6
201900053316,2019-01-05 13:55:00,2019,1,5,13,55,35,35238,MITTERAND (MAIL FRANCOIS),48.10988,-1.68735,Plein jour,En agglomération,Hors intersection,Normale,Deux véhicules - côté,4,2,3,3,1,1,1,9,1,50,2,2,1,0,0,1,28.0,26.0,voiture,deux_roues,1,2,1,1,3
201900053317,2019-01-06 15:45:00,2019,1,6,15,45,34,34172,ERNEST HEMINGWAY (AVENUE),43.63123,3.84137,Plein jour,En agglomération,Hors intersection,Normale,Autre collision,4,1,2,0,1,1,1,6,1,50,1,1,0,0,0,1,,,,,1,2,1,1,6
201900053318,2019-01-05 06:45:00,2019,1,5,6,45,31,31483,D921,43.09331,0.73313,Nuit sans éclairage public,Hors agglomération,Hors intersection,Normale,Deux véhicules - frontale,3,2,2,0,1,2,1,0,1,80,2,2,0,0,0,2,40.0,26.0,voiture,voiture,3,1,1,1,1
201900053319,2019-01-06 15:10:00,2019,1,6,15,10,29,29039,KERVIGOT,47.9169566,-3.9295091,Plein jour,Hors agglomération,Intersection en T,Normale,Sans collision,3,2,2,0,2,2,1,0,3,70,1,2,0,0,0,2,69.0,,voiture,,1,1,3,1,7
201900053320,2019-01-06 13:30:00,2019,1,6,13,30,13,13207,Corniche John Fitzgérald Kennedy,43.28235,5.35087,Plein jour,En agglomération,Intersection en T,Normale,Deux véhicules - arrière,4,2,2,0,1,1,1,0,1,50,2,3,2,0,0,1,35.0,33.0,voiture,voiture,1,2,3,1,2
201900053321,2019-01-06 03:05:00,2019,1,6,3,5,13,13210,SCHLOESING (BOULEVARD),43.27278,5.40097,Nuit sans éclairage public,En agglomération,Hors intersection,Normale,Deux véhicules - arrière,4,1,3,0,1,1,1,0,1,50,2,2,1,0,0,1,21.0,20.0,voiture,voiture,3,2,1,1,2
201900053322,2019-01-06 02:15:00,2019,1,6,2,15,13,13001,CHATEAU D'ALPHERAN (CH DU),43.58743,5.41971,Nuit sans éclairage public,Hors agglomération,Hors intersection,Normale,Autre collision,4,2,1,0,1,1,1,0,1,50,1,1,0,0,0,1,25.0,,voiture,,3,1,1,1,6
201900053323,2019-01-05 12:16:00,2019,1,5,12,16,10,10387,JULES GUESDE (RUE),48.28487,4.08361,Plein jour,En agglomération,Hors intersection,Temps couvert,Trois véhicules et plus - en chaîne,4,1,1,0,1,1,1,0,1,50,3,3,2,0,0,1,27.0,44.0,voiture,transport_commun,1,2,1,8,4
201900053324,2019-01-05 19:45:00,2019,1,5,19,45,6,06088,PARIS (R. DE),43.705316,7.269246,Nuit avec éclairage allumé,En agglomération,Intersection en X,Normale,Deux véhicules - côté,4,1,1,0,1,1,1,0,1,50,2,2,1,0,0,1,36.0,37.0,deux_roues,voiture,5,2,2,1,3
201900053325,2019-01-06 20:50:00,2019,1,6,20,50,6,06069,POISSONNIERS (CHEMIN DES),43.64806,6.94348,Nuit avec éclairage allumé,En agglomération,Hors intersection,Normale,Autre collision,9,2,1,0,2,1,1,0,1,30,1,1,0,0,0,1,46.0,,deux_roues,,5,2,1,1,6
201900053326,2019-01-06 09:40:00,2019,1,6,9,40,6,06069,ZILLER (AVENUE PIERRE),43.67636,6.94687,Plein jour,En agglomération,Hors intersection,Normale,Deux véhicules - frontale,3,2,2,0,1,3,1,0,1,50,2,2,0,0,0,2,26.0,56.0,voiture,voiture,1,2,1,1,1
201900053327,2019-01-06 04:35:00,2019,1,6,4,35,75,75118,BOULEVARD BARBES,48.884486,2.34949,Nuit avec éclairage allumé,En agglomération,Intersection en T,Normale,Autre collision,4,3,4,0,1,1,1,0,1,50,1,1,0,0,0,1,33.0,,voiture,,5,2,3,1,6
201900053328,2019-01-06 19:50:00,2019,1,6,19,50,75,75115,RUE DE VAUGIRARD,48.834852,2.291708,Nuit avec éclairage allumé,En agglomération,Intersection en T,Normale,Deux véhicules - côté,4,1,3,0,1,1,1,0,1,50,2,2,1,0,0,1,60.0,52.0,voiture,deux_roues,5,2,3,1,3
201900053329,2019-01-06 18:10:00,2019,1,6,18,10,75,75115,RUE CAMBRONNE,48.841814,2.30326,Nuit avec éclairage allumé,En agglomération,Intersection en X,Normale,Autre collision,4,2,1,0,1,1,1,0,1,50,1,2,1,0,0,1,74.0,,voiture,,5,2,2,1,6
201900053330,2019-01-06 18:15:00,2019,1,6,18,15,75,75104,BOULEVARD MORLAND,48.848758,2.36462,Nuit avec éclairage allumé,En agglomération,Hors intersection,Temps couvert,Deux véhicules - frontale,4,1,3,1,1,1,2,0,5,50,2,2,1,0,0,1,6.0,25.0,deux_roues,deux_roues,5,2,1,8,1
201900053331,2019-01-06 05:30:00,2019,1,6,5,30,75,75104,QUAI DE L HOTEL DE VILLE,48.856073,2.350701,Nuit avec éclairage allumé,En agglomération,Place,Normale,Autre collision,4,2,4,0,1,1,1,9,1,50,1,1,0,0,0,1,31.0,,voiture,,5,2,7,1,6
201900053332,2019-01-05 22:37:00,2019,1,5,22,37,94,94077,BALU (R),48.73625,2.41011,Nuit avec éclairage allumé,En agglomération,Intersection en X,Normale,Deux véhicules - côté,4,1,0,0,1,1,1,0,1,50,2,2,1,0,0,1,38.0,58.0,deux_roues,voiture,5,2,2,1,3
201900053333,2019-01-05 14:25:00,2019,1,5,14,25,94,94018,BERCY (QU DE),48.82518,2.39432,Plein jour,En agglomération,Hors intersection,Normale,Deux véhicules - côté,3,2,2,0,1,2,1,0,1,50,2,1,0,0,0,1,37.0,,voiture,,1,2,1,1,3
201900053334,2019-01-06 01:00:00,2019,1,6,1,0,93,93008,ROBESPIERRE (RUE) D20,48.913172,2.4689,Nuit avec éclairage allumé,En agglomération,Autre intersection,Normale,Deux véhicules - frontale,4,2,0,0,1,1,1,5,1,50,2,2,1,0,0,1,20.0,28.0,utilitaire_camion,voiture,5,2,9,1,1
201900053335,2019-01-06 06:00:00,2019,1,6,6,0,92,92062,GENERAL DE GAULLE (AVENUE DU),48.8892882,2.2372092,Nuit avec éclairage allumé,En agglomération,Autre intersection,Normale,Deux véhicules - arrière,2,2,4,0,3,1,1,0,3,50,2,2,1,0,0,1,29.0,42.0,deux_roues,voiture,5,2,9,1,2
201900053336,2019-01-05 21:40:00,2019,1,5,21,40,92,92026,AVENUE GAMBETTA,48.89278,2.24553,Nuit avec éclairage allumé,En agglomération,Intersection en X,Normale,Trois véhicules et plus - collisions multiples,3,1,3,0,1,1,1,0,1,50,3,4,3,0,0,1,51.0,69.0,voiture,voiture,5,2,2,1,5
201900053337,2019-01-07 04:15:00,2019,1,7,4,15,74,74191,1461 route de la plagne,46.191498,6.69233,Nuit avec éclairage allumé,En agglomération,Hors intersection,Normale,Autre collision,3,2,2,0,1,1,1,0,1,50,1,2,1,1,0,0,30.0,,voiture,,5,2,1,1,6
201900053338,2019-01-06 18:50:00,2019,1,6,18,50,972,97207,RN5,14.589987,-60.982881,Nuit avec éclairage allumé,Hors agglomération,Hors intersection,Normale,Trois véhicules et plus - collisions multiples,2,3,2,0,1,1,1,0,6,90,3,3,1,0,1,1,28.0,32.0,voiture,autre,5,1,1,1,5
201900053339,2019-01-06 11:10:00,2019,1,6,11,10,21,21128,Autoroute A6,47.282201,4.509288,Plein jour,Hors agglomération,Hors intersection,Pluie légère,Deux véhicules - arrière,1,3,4,0,1,1,1,0,1,130,2,3,0,0,1,2,22.0,23.0,voiture,voiture,1,1,1,2,2
201900053340,2019-01-07 13:15:00,2019,1,7,13,15,41,41172,RD 924 / C7,47.944898,1.321254,Plein jour,Hors agglomération,Intersection en X,Temps couvert,Deux véhicules - côté,3,2,2,0,1,1,1,0,1,80,2,2,0,1,0,1,40.0,56.0,voiture,utilitaire_camion,1,1,2,8,3
201900053341,2019-01-06 19:15:00,2019,1,6,19,15,33,33266,Route départementale 18,45.066144,-0.342913,Nuit sans éclairage public,Hors agglomération,Hors intersection,Normale,Deux véhicules - frontale,3,2,2,0,1,3,1,0,1,80,2,4,3,0,1,0,60.0,42.0,voiture,voiture,3,1,1,1,1
201900053342,2019-01-05 17:45:00,2019,1,5,17,45,89,89189,Intersection D606 - D 25,48.276193,3.222825,Nuit sans éclairage public,Hors agglomération,Intersection en T,Temps couvert,Deux véhicules - frontale,3,2,2,3,1,1,2,5,1,80,2,4,2,0,0,2,23.0,72.0,voiture,voiture,3,1,3,8,1
201900053343,2019-01-06 17:10:00,2019,1,6,17,10,41,41256,D60- PK45+300,47.324296,2.029501,Crépuscule ou aube,Hors agglomération,Hors intersection,Normale,Trois véhicules et plus - collisions multiples,3,2,2,0,1,1,1,0,1,80,3,3,1,0,2,0,56.0,62.0,voiture,voiture,2,1,1,1,5