accident_id,datetime,annee,mois,jour,heure,minute,departement,commune_insee,adresse,latitude,longitude,luminosite,agglomeration,intersection,meteo,collision,catr,circ,nbv,vosp,prof,plan,surf,infra,situ,vma,nb_vehicules,nb_usagers,nb_indemnes,nb_tues,nb_blesses_hosp,nb_blesses_legers,age_cond_1,age_cond_2,veh_type_cond_1,veh_type_cond_2,lum_code,agg_code,int_code,atm_code,col_code
201900053344,2019-01-07 07:00:00,2019,1,7,7,0,41,41194,d922,47.370698,1.738452,Nuit avec éclairage allumé,Hors agglomération,Giratoire,Brouillard / fumée,Sans collision,3,2,2,0,1,3,1,0,1,70,1,1,0,0,0,1,56.0,,deux_roues,,5,1,6,5,7
201900053345,2019-01-04 14:30:00,2019,1,4,14,30,29,29260,rue des jardins,48.432196,-4.619354,Plein jour,En agglomération,Hors intersection,Temps éblouissant,Autre collision,4,2,2,0,4,1,1,0,1,50,1,2,1,0,0,1,64.0,,voiture,,1,2,1,7,6
201900053346,2019-01-06 20:45:00,2019,1,6,20,45,31,31481,D632,43.49099,1.1315,Nuit sans éclairage public,Hors agglomération,Hors intersection,Normale,Autre collision,3,2,2,0,1,1,1,0,1,80,1,2,1,1,0,0,62.0,,voiture,,3,1,1,1,6
201900053347,2019-01-07 19:15:00,2019,1,7,19,15,2,02201,rue du ru du retz - D17,49.342253,3.161152,Nuit sans éclairage public,En agglomération,Hors intersection,Pluie légère,Autre collision,3,2,2,0,1,2,2,0,1,50,1,2,1,1,0,0,29.0,,voiture,,3,2,1,2,6
201900053348,2019-01-07 18:15:00,2019,1,7,18,15,1,01372,RD 31 C,45.841253,5.675044,Nuit sans éclairage public,Hors agglomération,Hors intersection,Normale,Trois véhicules et plus - collisions multiples,3,2,2,0,3,1,1,0,1,80,3,4,0,0,2,2,49.0,41.0,voiture,voiture,3,1,1,1,5
201900053349,2019-01-06 22:09:00,2019,1,6,22,9,5,05054,Lieu-dit LES BARRAQUES,44.675316,6.072128,Nuit avec éclairage allumé,En agglomération,Hors intersection,Normale,Autre collision,2,2,2,0,1,1,1,0,6,50,1,1,0,0,0,1,74.0,,voiture,,5,2,1,1,6
201900053350,2019-01-07 07:45:00,2019,1,7,7,45,83,83046,route de carces,43.495306,6.163723,Plein jour,Hors agglomération,Hors intersection,Normale,Sans collision,3,2,2,0,1,2,2,0,1,-1,1,1,0,0,0,1,56.0,,voiture,,1,1,1,1,7
201900053351,2019-01-07 10:15:00,2019,1,7,10,15,73,73129,Grande rue D201,45.6016218,6.2539239,Plein jour,En agglomération,Intersection en X,Normale,Autre collision,3,2,2,0,2,1,1,0,1,30,1,2,1,0,1,0,57.0,,utilitaire_camion,,1,2,2,1,6
201900053352,2019-01-06 06:00:00,2019,1,6,6,0,43,43216,cd 906 PK 22+150,45.120032,3.82115,Nuit sans éclairage public,Hors agglomération,Hors intersection,Normale,Autre collision,3,2,2,0,3,2,1,0,1,80,1,2,0,0,2,0,26.0,,utilitaire_camion,,3,1,1,1,6
201900053353,2019-01-07 07:10:00,2019,1,7,7,10,21,21327,RD 906/ RD 17,47.019184,4.649331,Nuit sans éclairage public,Hors agglomération,Intersection en T,Temps couvert,Trois véhicules et plus - collisions multiples,3,2,2,0,1,1,1,0,1,80,3,3,2,1,0,0,55.0,56.0,voiture,utilitaire_camion,3,1,3,8,5
201900053354,2019-01-06 23:00:00,2019,1,6,23,0,24,24069,cd 2,45.262237,0.624724,Nuit sans éclairage public,Hors agglomération,Hors intersection,Normale,Sans collision,3,2,2,0,2,2,1,0,3,80,1,2,0,0,2,0,49.0,,voiture,,3,1,1,1,7
201900053355,2019-01-07 06:15:00,2019,1,7,6,15,28,28114,R927 PK/PR 26+600,48.140039,1.641771,Nuit sans éclairage public,Hors agglomération,Hors intersection,Normale,Autre collision,3,2,2,0,1,1,2,0,1,80,1,3,2,0,1,0,,,,,3,1,1,1,6
201900053356,2019-01-04 19:00:00,2019,1,4,19,0,30,30133,rue du levant,43.53478,4.13801,Nuit avec éclairage allumé,En agglomération,Hors intersection,Normale,Autre collision,7,2,2,0,1,1,1,0,1,50,1,2,1,0,0,1,62.0,,voiture,,5,2,1,1,6
201900053357,2019-01-07 08:05:00,2019,1,7,8,5,8,08198,RD 946,49.355878,4.865197,Crépuscule ou aube,Hors agglomération,Intersection en X,Brouillard / fumée,Deux véhicules - côté,3,2,2,0,2,1,1,0,1,80,2,2,1,0,0,1,54.0,22.0,voiture,voiture,2,1,2,5,3
201900053358,2019-01-07 06:40:00,2019,1,7,6,40,73,73151,autoroute A43,45.4942304,6.0220557,Nuit sans éclairage public,Hors agglomération,Hors intersection,Normale,Autre collision,1,3,7,0,1,3,1,0,2,130,1,2,0,0,1,1,55.0,,voiture,,3,1,1,1,6
201900053359,2019-01-06 18:30:00,2019,1,6,18,30,17,17444,A 10,45.679897,-0.642959,Nuit sans éclairage public,Hors agglomération,Hors intersection,Normale,Trois véhicules et plus - collisions multiples,1,3,4,0,1,1,1,0,1,130,5,9,4,2,2,1,20.0,41.0,voiture,voiture,3,1,1,1,5
201900053360,2019-01-07 07:25:00,2019,1,7,7,25,62,62121,Autoroute A1 sens Paris Lille,50.133814,2.871899,Nuit sans éclairage public,Hors agglomération,Hors intersection,Normale,Trois véhicules et plus - en chaîne,1,3,5,0,1,1,1,0,1,130,3,5,2,0,0,3,51.0,46.0,voiture,utilitaire_camion,3,1,1,1,4
201900053361,2019-01-06 00:35:00,2019,1,6,0,35,987,98722,"PK 37.500, route territoriale numéro 2",-17.594031,-149.396227,Nuit avec éclairage allumé,En agglomération,Hors intersection,Pluie forte,Trois véhicules et plus - collisions multiples,2,2,2,0,2,1,2,0,1,40,3,4,3,0,0,1,55.0,28.0,deux_roues,voiture,5,2,1,3,5
201900053362,2019-01-03 08:00:00,2019,1,3,8,0,77,77193,D9 - Route de forfry,49.054658,2.850579,Crépuscule ou aube,Hors agglomération,Hors intersection,Normale,Sans collision,3,2,2,0,1,1,9,0,3,80,1,1,0,0,1,0,47.0,,voiture,,2,1,1,1,7
201900053363,2019-01-06 14:00:00,2019,1,6,14,0,77,77141,D406 X BRET. A4,48.85547,2.85547,Plein jour,Hors agglomération,Autre intersection,Temps couvert,Deux véhicules - arrière,2,1,1,0,3,1,1,9,1,50,2,2,1,0,0,1,52.0,22.0,voiture,voiture,1,1,9,8,2
201900053364,2019-01-06 21:00:00,2019,1,6,21,0,78,78349,D149 - le plessis mornay,48.566813,1.987288,Nuit sans éclairage public,Hors agglomération,Hors intersection,Normale,Autre collision,3,2,2,0,3,4,1,0,3,50,1,3,2,0,0,1,21.0,,voiture,,3,1,1,1,6
201900053365,2019-01-04 15:47:00,2019,1,4,15,47,84,84092,AVENUE JULES VERNE,43.984032,4.879539,Plein jour,En agglomération,Hors intersection,Normale,Deux véhicules - côté,7,-1,2,0,1,3,1,0,1,50,2,2,1,0,0,1,61.0,,voiture,,1,2,1,1,3
201900053366,2019-01-06 19:05:00,2019,1,6,19,5,89,89196,A6- Pk143+500 - Guerchy,47.885431,3.424568,Nuit sans éclairage public,Hors agglomération,Hors intersection,Normale,Deux véhicules - arrière,1,3,6,0,1,1,1,0,1,130,2,3,1,0,0,2,21.0,67.0,voiture,voiture,3,1,1,1,2
201900053367,2019-01-07 07:45:00,2019,1,7,7,45,67,67526,rue de kertzfeld,48.394798,7.58298,Crépuscule ou aube,En agglomération,Hors intersection,Normale,Deux véhicules - arrière,3,2,2,0,1,1,2,0,3,80,2,2,1,1,0,0,80.0,38.0,deux_roues,voiture,2,2,1,1,2
201900053368,2019-01-04 15:20:00,2019,1,4,15,20,69,69278,34 route de St André de Corcy,45.90184,4.855487,Plein jour,En agglomération,Hors intersection,Temps éblouissant,Autre collision,4,2,2,0,1,1,1,0,1,50,1,3,2,0,1,0,22.0,,voiture,,1,2,1,7,6
201900053369,2019-01-07 14:00:00,2019,1,7,14,0,33,33228,lamartine,45.062578,-0.533131,Plein jour,En agglomération,Hors intersection,Normale,Deux véhicules - frontale,3,2,2,0,1,1,1,0,1,70,2,2,1,0,1,0,37.0,55.0,deux_roues,voiture,1,2,1,1,1
201900053370,2019-01-06 13:05:00,2019,1,6,13,5,33,33436,D110E6 / RD651,44.52144,-0.62686,Plein jour,Hors agglomération,Intersection en X,Temps couvert,Deux véhicules - côté,3,2,2,0,1,1,1,5,1,80,2,5,2,0,1,2,33.0,31.0,voiture,voiture,1,1,2,8,3
201900053371,2019-01-06 17:35:00,2019,1,6,17,35,35,35294,la couplais,47.707497,-1.993553,Crépuscule ou aube,Hors agglomération,Hors intersection,Normale,Sans collision,3,2,2,0,1,2,1,0,3,80,1,1,0,0,0,1,15.0,,deux_roues,,2,1,1,1,7
201900053372,2019-01-05 22:30:00,2019,1,5,22,30,59,59218,Route Nationale 2,50.062034,3.943576,Nuit sans éclairage public,Hors agglomération,Hors intersection,Pluie légère,Sans collision,2,2,2,0,1,1,2,0,3,80,1,1,0,0,1,0,31.0,,voiture,,3,1,1,2,7
201900053373,2019-01-05 17:40:00,2019,1,5,17,40,67,67482,Autoroute A.35,48.58185,7.72402,Nuit sans éclairage public,Hors agglomération,Hors intersection,Temps couvert,Deux véhicules - côté,1,3,3,0,1,3,2,0,1,90,2,3,2,0,0,1,40.0,55.0,utilitaire_camion,voiture,3,1,1,8,3
201900053374,2019-01-01 05:50:00,2019,1,1,5,50,67,67218,Autoroute A.35,48.54605,7.72759,Nuit sans éclairage public,Hors agglomération,Hors intersection,Normale,Deux véhicules - arrière,1,3,3,0,1,1,1,0,1,90,2,4,0,0,0,4,38.0,23.0,voiture,voiture,3,1,1,1,2
201900053375,2019-01-06 07:10:00,2019,1,6,7,10,33,33122,AUTOROUTE A 63,44.75487,-0.6869,Nuit sans éclairage public,Hors agglomération,Hors intersection,Normale,Autre collision,1,1,1,0,1,1,1,3,1,50,1,1,0,0,0,1,34.0,,voiture,,3,1,1,1,6
201900053376,2019-01-06 02:25:00,2019,1,6,2,25,92,92036,AUTOROUTE A86,48.9387,2.3009,Nuit avec éclairage non allumé,Hors agglomération,Hors intersection,Normale,Deux véhicules - arrière,1,3,6,0,1,2,1,0,1,90,2,3,1,0,0,2,36.0,40.0,voiture,voiture,4,1,1,1,2
201900053377,2019-09-24 08:40:00,2019,9,24,8,40,75,75113,QUAI D AUSTERLITZ,48.840175,2.370308,Plein jour,En agglomération,Hors intersection,Pluie légère,Autre collision,4,2,3,-1,1,1,2,0,1,50,1,2,1,0,0,1,26.0,,voiture,,1,2,1,2,6
201900053378,2019-01-06 10:00:00,2019,1,6,10,0,94,94042,A4,48.8294519,2.483216,Plein jour,Hors agglomération,Hors intersection,Normale,Deux véhicules - arrière,1,3,8,0,1,1,1,2,1,90,2,3,2,0,0,1,32.0,47.0,utilitaire_camion,voiture,1,1,1,1,2
201900053379,2019-09-24 08:00:00,2019,9,24,8,0,75,75113,AVENUE D ITALIE,48.8204289,2.3590657,Plein jour,En agglomération,Intersection en T,Pluie légère,Autre collision,4,3,4,0,1,1,2,0,1,50,2,1,0,0,0,1,18.0,,deux_roues,,1,2,3,2,6
201900053380,2019-01-01 22:34:00,2019,1,1,22,34,976,97611,mgombani-Mahabou (rond point),-12.7828899,45.23441,Nuit sans éclairage public,En agglomération,Giratoire,Normale,Sans collision,2,2,2,0,1,2,1,0,1,50,1,1,0,0,0,1,35.0,,deux_roues,,3,2,6,1,7
201900053381,2019-09-24 20:35:00,2019,9,24,20,35,75,75111,RUE SAINT MAUR,48.865639,2.37736,Nuit avec éclairage allumé,En agglomération,Intersection en X,Normale,Autre collision,4,1,1,0,1,1,2,0,1,50,2,1,0,0,0,1,26.0,,deux_roues,,5,2,2,1,6
201900053382,2019-09-24 18:15:00,2019,9,24,18,15,75,75111,RUE SEDAINE,48.8583441,2.3778232,Plein jour,En agglomération,Hors intersection,Pluie forte,Autre collision,4,1,2,1,2,1,2,0,5,30,1,3,1,0,0,2,18.0,,deux_roues,,1,2,1,3,6
201900053383,2019-09-24 08:40:00,2019,9,24,8,40,75,75111,BOULEVARD VOLTAIRE,48.864591,2.368798,Plein jour,En agglomération,Hors intersection,Pluie légère,Autre collision,4,2,4,1,1,1,2,0,5,50,1,1,0,0,0,1,,,,,1,2,1,2,6
201900053384,2019-01-01 12:50:00,2019,1,1,12,50,49,49007,BEDIER BOULEVARD,47.45199,-0.54364,Plein jour,En agglomération,Hors intersection,Normale,Autre collision,4,3,4,0,1,1,1,0,1,30,3,6,5,0,0,1,27.0,38.0,voiture,voiture,1,2,1,1,6
201900053385,2019-09-24 18:55:00,2019,9,24,18,55,75,75110,BOULEVARD DE MAGENTA,48.8770469,2.3553874,Plein jour,En agglomération,Hors intersection,Pluie légère,Autre collision,4,2,4,0,1,1,2,0,1,50,2,2,0,0,0,2,27.0,,deux_roues,,1,2,1,2,6
201900053386,2019-01-02 22:05:00,2019,1,2,22,5,95,95582,AUTOROUTE A15,48.9679,2.2523,Nuit sans éclairage public,Hors agglomération,Hors intersection,Normale,Autre collision,1,3,8,0,1,1,1,9,1,110,1,1,0,0,0,1,21.0,,voiture,,3,1,1,1,6
201900053387,2019-09-24 18:10:00,2019,9,24,18,10,75,75118,BOULEVARD DE CLICHY,48.8846951,2.3295093,Plein jour,En agglomération,Intersection en X,Pluie légère,Deux véhicules - arrière,4,1,3,0,1,1,2,0,1,50,2,2,1,0,0,1,27.0,54.0,deux_roues,voiture,1,2,2,2,2
201900053388,2019-01-01 17:25:00,2019,1,1,17,25,988,98818,RUE GABRIEL LAROQUE/RUE NUNGESSER,-22.30353,166.4495,Plein jour,En agglomération,Intersection en T,Normale,Sans collision,4,2,2,0,1,1,1,0,1,50,1,2,1,0,1,0,21.0,,deux_roues,,1,2,3,1,7
201900053389,2019-01-04 15:50:00,2019,1,4,15,50,976,97611,passamanty-Sada ( rue de ),-12.80371,45.21235,Plein jour,En agglomération,Hors intersection,Normale,Autre collision,3,2,2,0,1,1,1,0,1,50,1,1,0,0,0,1,53.0,,deux_roues,,1,2,1,1,6
201900053390,2019-01-01 13:55:00,2019,1,1,13,55,974,97416,Rue Adrien Recherchant,-21.28337,55.47722,Plein jour,En agglomération,Intersection en T,Normale,Deux véhicules - frontale,3,2,2,0,1,3,1,0,1,50,2,2,1,1,0,0,28.0,46.0,deux_roues,voiture,1,2,3,1,1
201900053391,2019-09-24 15:10:00,2019,9,24,15,10,75,75108,AVENUE DES CHAMPS ELYSEES,48.8658568,2.3198935,Plein jour,En agglomération,Intersection en X,Normale,Deux véhicules - côté,4,2,8,0,1,1,2,5,1,50,2,3,1,0,0,2,52.0,35.0,voiture,voiture,1,2,2,1,3
201900053392,2019-01-02 11:20:00,2019,1,2,11,20,974,97411,Rue Saint Marie,-20.88285,55.4583,Plein jour,En agglomération,Intersection en T,Normale,Autre collision,4,1,1,0,1,1,1,0,1,50,1,2,1,0,0,1,48.0,,voiture,,1,2,3,1,6
201900053393,2019-09-24 13:00:00,2019,9,24,13,0,75,75107,BOULEVARD SAINT GERMAIN,48.8611803,2.3206059,Plein jour,En agglomération,Intersection en Y,Pluie légère,Deux véhicules - côté,4,2,4,-1,1,1,2,0,1,50,2,2,1,0,0,1,41.0,35.0,deux_roues,voiture,1,2,4,2,3
201900053394,2019-01-01 05:40:00,2019,1,1,5,40,974,97411,Rue Sainte Marie,-20.88285,55.4583,Plein jour,En agglomération,Intersection en T,Normale,Deux véhicules - frontale,4,1,0,0,1,1,1,0,1,50,2,3,1,0,1,1,51.0,23.0,voiture,deux_roues,1,2,3,1,1
201900053395,2019-01-01 00:10:00,2019,1,1,0,10,974,97409,RN2,-20.961112,55.657738,Nuit sans éclairage public,Hors agglomération,Hors intersection,Normale,Deux véhicules - arrière,2,3,2,0,2,1,2,0,5,110,2,3,2,1,0,0,21.0,19.0,deux_roues,voiture,3,1,1,1,2
201900053396,2019-09-22 23:45:00,2019,9,22,23,45,75,75104,BOULEVARD BEAUMARCHAIS,48.854385,2.368804,Nuit avec éclairage allumé,En agglomération,Hors intersection,Normale,Autre collision,4,2,5,-1,1,1,1,0,1,50,2,2,1,0,0,1,53.0,,deux_roues,,5,2,1,1,6
201900053397,2019-01-04 11:40:00,2019,1,4,11,40,974,97407,DIERX(RUE,-20.9475662,55.2913409,Plein jour,En agglomération,Hors intersection,Normale,Autre collision,4,2,2,0,1,1,1,0,1,50,1,2,1,0,0,1,31.0,,voiture,,1,2,1,1,6
201900053398,2019-09-24 10:00:00,2019,9,24,10,0,94,94067,GENERAL DE GAULLE (AV DU),48.83567,2.41933,Plein jour,En agglomération,Hors intersection,Temps couvert,Autre collision,3,2,4,1,1,1,1,0,1,50,1,2,1,0,0,1,80.0,,voiture,,1,2,1,8,6
201900053399,2019-01-03 18:30:00,2019,1,3,18,30,974,97407,Boulevard des Mascareignes,-20.94,55.30767,Plein jour,En agglomération,Giratoire,Normale,Deux véhicules - côté,2,1,1,0,1,1,1,0,1,50,2,3,2,0,0,1,25.0,26.0,deux_roues,voiture,1,2,6,1,3
201900053400,2019-01-05 00:45:00,2019,1,5,0,45,973,97302,ROUTE NATIONALE II,4.90178,-52.32496,Nuit avec éclairage allumé,Hors agglomération,Hors intersection,Normale,Deux véhicules - arrière,2,3,4,0,1,1,1,0,1,90,2,2,1,0,0,1,22.0,62.0,deux_roues,voiture,5,1,1,1,2
201900053401,2019-01-02 17:02:00,2019,1,2,17,2,973,97302,MADELEINE (ROUTE DE LA),4.9221181,-52.3230314,Plein jour,En agglomération,Hors intersection,Pluie légère,Deux véhicules - côté,3,2,2,0,1,1,1,0,1,50,2,2,1,0,0,1,38.0,23.0,voiture,deux_roues,1,2,1,2,3
201900053402,2019-01-02 09:00:00,2019,1,2,9,0,973,97302,MONT LUCAS 1 (CITE),4.9247477,-52.3020512,Plein jour,En agglomération,Hors intersection,Normale,Deux véhicules - côté,4,1,2,0,1,1,1,0,1,30,2,2,1,0,0,1,38.0,40.0,deux_roues,voiture,1,2,1,1,3
201900053403,2019-09-23 16:40:00,2019,9,23,16,40,94,94043,GABRIEL PERI (R),48.80615,2.34582,Plein jour,En agglomération,Intersection en T,Normale,Deux véhicules - côté,3,3,2,0,1,1,1,0,1,50,2,3,1,0,0,2,36.0,33.0,voiture,voiture,1,2,3,1,3
201900053404,2019-09-23 18:15:00,2019,9,23,18,15,94,94043,FONTAINEBLEAU (AV DE),48.80717,2.36311,Plein jour,En agglomération,Intersection en X,Normale,Deux véhicules - côté,3,2,4,0,1,1,1,5,1,50,2,1,0,0,1,0,49.0,,deux_roues,,1,2,2,1,3
201900053405,2019-09-24 19:00:00,2019,9,24,19,0,94,94041,MAURICE THOREZ (AV),48.81693,2.37613,Plein jour,En agglomération,Intersection en X,Normale,Autre collision,3,1,2,0,1,1,2,0,3,50,1,2,1,0,0,1,56.0,,voiture,,1,2,2,1,6
201900053406,2019-09-24 09:10:00,2019,9,24,9,10,94,94041,MARCEL LAMANT (R),48.80563,2.38442,Plein jour,En agglomération,Intersection en X,Pluie légère,Deux véhicules - côté,4,2,2,0,1,1,2,0,3,50,2,2,1,0,0,1,35.0,34.0,deux_roues,voiture,1,2,2,2,3
201900053407,2019-09-24 16:45:00,2019,9,24,16,45,94,94034,WISSOUS (R DE),48.7522,2.32369,Plein jour,En agglomération,Intersection en Y,Normale,Deux véhicules - côté,4,2,2,0,2,3,2,0,1,50,2,1,0,0,0,1,31.0,,deux_roues,,1,2,4,1,3
201900053408,2019-09-23 21:28:00,2019,9,23,21,28,94,94011,MOULIN(RUE JEAN),48.7677,2.48348,Nuit avec éclairage non allumé,En agglomération,Autre intersection,Normale,Deux véhicules - côté,4,2,1,0,1,1,1,9,1,50,2,2,1,0,0,1,45.0,32.0,voiture,deux_roues,4,2,9,1,3
201900053409,2019-01-01 11:00:00,2019,1,1,11,0,973,97302,CATAYEE (JUSTIN),4.939969,-52.3307562,Plein jour,En agglomération,Hors intersection,Normale,Sans collision,4,1,1,0,1,1,2,0,1,50,1,1,0,0,0,1,27.0,,deux_roues,,1,2,1,1,7
201900053410,2019-09-23 23:30:00,2019,9,23,23,30,94,94017,MARX DORMOY (AV),48.809056,2.523724,Nuit avec éclairage allumé,En agglomération,Hors intersection,Normale,Autre collision,3,1,2,0,2,1,1,0,3,50,1,1,0,1,0,0,27.0,,deux_roues,,5,2,1,1,6
201900053411,2019-01-04 09:35:00,2019,1,4,9,35,69,69387,TONY GARNIER                        (AV),45.72654,4.82692,Plein jour,En agglomération,Intersection en X,Normale,Deux véhicules - côté,4,3,7,0,1,1,1,0,1,50,2,2,1,0,0,1,43.0,38.0,deux_roues,voiture,1,2,2,1,3
201900053412,2019-09-17 19:00:00,2019,9,17,19,0,94,94071,CITE VERTE (R DE LA),48.77157,2.52498,Plein jour,En agglomération,Intersection en T,Normale,Deux véhicules - côté,3,2,2,0,1,1,1,0,1,50,2,3,2,0,0,1,40.0,45.0,voiture,voiture,1,2,3,1,3
201900053413,2019-01-03 15:25:00,2019,1,3,15,25,69,69383,RICHARD VITTON                      (CO),45.75322,4.89359,Plein jour,En agglomération,Hors intersection,Normale,Trois véhicules et plus - collisions multiples,4,1,1,0,1,1,1,0,1,50,3,3,2,0,0,1,36.0,56.0,voiture,voiture,1,2,1,1,5
201900053414,2019-09-24 18:55:00,2019,9,24,18,55,93,93078,CLEMENCEAU (AVENUE GEORGES),48.958169,2.558375,Plein jour,En agglomération,Intersection en X,Pluie forte,Deux véhicules - côté,3,-1,4,0,1,1,2,5,1,50,2,2,1,0,0,1,60.0,59.0,voiture,voiture,1,2,2,3,3
201900053415,2019-01-03 13:15:00,2019,1,3,13,15,69,69388,JEAN SARRAZIN                       (R ),45.73007,4.86295,Plein jour,En agglomération,Hors intersection,Normale,Deux véhicules - frontale,4,-1,2,0,1,1,1,0,1,50,2,2,1,0,0,1,22.0,33.0,deux_roues,utilitaire_camion,1,2,1,1,1
201900053416,2019-01-02 14:45:00,2019,1,2,14,45,69,69383,FELIX FAURE                         (AV),45.75492,4.87042,Plein jour,En agglomération,Hors intersection,Normale,Deux véhicules - arrière,4,1,1,0,1,1,1,0,1,50,2,2,1,0,0,1,65.0,36.0,voiture,voiture,1,2,1,1,2
201900053417,2019-01-02 14:30:00,2019,1,2,14,30,69,69383,CHATEAU (DU)                        (AV),45.748729,4.88422,Plein jour,En agglomération,Hors intersection,Normale,Autre collision,4,1,1,0,1,1,1,0,1,50,1,2,1,0,0,1,77.0,,voiture,,1,2,1,1,6
201900053418,2019-01-02 08:45:00,2019,1,2,8,45,69,69383,DUGUESCLIN                          (R ),45.75488,4.84988,Plein jour,En agglomération,Intersection en X,Temps couvert,Deux véhicules - côté,4,1,2,1,1,1,1,0,1,50,2,2,1,0,0,1,25.0,33.0,deux_roues,voiture,1,2,2,8,3
201900053419,2019-09-24 15:30:00,2019,9,24,15,30,93,93073,CHAPIT RE ( RUE DU),49.003592,2.53679,Nuit avec éclairage allumé,En agglomération,Intersection en T,Pluie légère,Deux véhicules - côté,6,1,1,0,1,1,2,1,1,5,2,4,3,0,0,1,54.0,24.0,voiture,voiture,5,2,3,2,3
201900053420,2019-01-01 05:40:00,2019,1,1,5,40,69,69387,JEAN JAURES                         (AV),45.7278,4.83154,Nuit avec éclairage allumé,En agglomération,Autre intersection,Normale,Deux véhicules - côté,4,2,4,0,1,1,1,0,1,50,2,2,1,0,0,1,23.0,25.0,voiture,voiture,5,2,9,1,3
201900053421,2019-09-23 14:10:00,2019,9,23,14,10,93,93070,CHARLES SCHMIDT(RUE) : DU 1 AU 47,48.90611,2.33219,Plein jour,En agglomération,Hors intersection,Normale,Autre collision,4,2,1,0,1,1,1,0,1,50,1,2,1,0,0,1,74.0,,voiture,,1,2,1,1,6
201900053422,2019-01-01 01:30:00,2019,1,1,1,30,69,69259,PIERRE SEMARD                       (AV),45.70729,4.87689,Nuit avec éclairage allumé,En agglomération,Intersection en T,Pluie légère,Deux véhicules - arrière,4,3,3,0,1,1,2,0,1,50,2,4,2,0,0,2,23.0,24.0,voiture,voiture,5,2,3,2,2
201900053423,2019-01-04 19:14:00,2019,1,4,19,14,972,97213,AUTOROUTE A1,14.61845,-61.02581,Nuit sans éclairage public,Hors agglomération,Hors intersection,Normale,Deux véhicules - arrière,1,1,3,0,1,1,1,0,1,90,2,2,1,0,0,1,55.0,23.0,voiture,voiture,3,1,1,1,2
201900053424,2019-09-24 14:30:00,2019,9,24,14,30,93,93066,VAILLANT COUTURIER PAUL (AV) NR 2 A 110,48.93209,2.365,Plein jour,En agglomération,Hors intersection,Pluie légère,Trois véhicules et plus - en chaîne,3,2,2,0,1,1,2,0,1,50,3,5,4,0,0,1,57.0,25.0,voiture,voiture,1,2,1,2,4
201900053425,2019-09-23 18:40:00,2019,9,23,18,40,93,93055,EDOUARD VAILLANT DU 64/130,48.90255,2.39292,Crépuscule ou aube,En agglomération,Intersection en T,Normale,Autre collision,3,2,2,0,1,1,1,0,1,50,1,2,1,0,0,1,19.0,,deux_roues,,2,2,3,1,6
201900053426,2019-10-27 13:10:00,2019,10,27,13,10,35,35238,PAYS-BAS (AVENUE DES),48.0835,-1.66091,Plein jour,En agglomération,Intersection en T,Normale,Deux véhicules - côté,4,2,1,0,1,1,1,0,1,50,2,3,0,0,0,3,35.0,53.0,voiture,voiture,1,2,3,1,3
201900053427,2019-09-24 16:25:00,2019,9,24,16,25,93,93046,POSTES CHEMIN DES,48.916697,2.5423917,Plein jour,En agglomération,Hors intersection,Temps couvert,Deux véhicules - frontale,4,2,2,0,2,2,2,0,1,50,2,2,0,0,2,0,27.0,35.0,voiture,voiture,1,2,1,8,1
201900053428,2019-01-04 17:00:00,2019,1,4,17,0,972,97209,BISHOP (Avenue Maurice),14.6116,-61.0533,Plein jour,En agglomération,Hors intersection,Normale,Autre collision,6,-1,-1,0,1,1,1,0,1,50,1,2,1,0,0,1,63.0,,voiture,,1,2,1,1,6
201900053429,2019-09-24 08:00:00,2019,9,24,8,0,93,93074,COURTRY RUE DE,48.935949,2.601778,Plein jour,En agglomération,Hors intersection,Temps couvert,Deux véhicules - côté,7,2,2,0,1,1,1,0,1,50,2,2,1,0,0,1,40.0,45.0,deux_roues,voiture,1,2,1,8,3
201900053430,2019-01-04 16:25:00,2019,1,4,16,25,972,97209,22 MAI 1848 (PLACE DU),14.61339,-61.07084,Plein jour,En agglomération,Hors intersection,Normale,Deux véhicules - arrière,4,2,2,0,2,1,1,6,2,50,2,2,1,0,0,1,15.0,63.0,deux_roues,voiture,1,2,1,1,2
201900053431,2019-01-04 03:05:00,2019,1,4,3,5,69,69382,DOCTEUR GAILLETON (DU)              (QU),45.74971,4.83126,Nuit avec éclairage allumé,En agglomération,Hors intersection,Normale,Autre collision,4,1,2,0,1,1,1,0,1,50,1,1,0,0,0,1,19.0,,voiture,,5,2,1,1,6
201900053432,2019-09-23 22:30:00,2019,9,23,22,30,93,93029,MARCEAU (AVENUE) N° 29-FIN,48.92994,2.43212,Nuit avec éclairage allumé,En agglomération,Hors intersection,Pluie légère,Deux véhicules - frontale,3,2,2,0,1,1,1,0,1,50,2,2,1,0,0,1,36.0,23.0,voiture,deux_roues,5,2,1,2,1
201900053433,2019-09-24 21:20:00,2019,9,24,21,20,93,93027,VAILLANT-COUTURIER (AVENUE PAUL),48.91832,2.40788,Nuit avec éclairage allumé,En agglomération,Hors intersection,Pluie légère,Autre collision,3,1,2,0,1,1,2,0,3,50,1,1,0,0,0,1,48.0,,voiture,,5,2,1,2,6
201900053434,2019-01-03 16:30:00,2019,1,3,16,30,69,69152,MURIERS (DES)                       (CH),45.69518,4.82585,Plein jour,En agglomération,Hors intersection,Normale,Autre collision,4,2,2,0,1,1,1,0,1,50,1,5,4,0,0,1,47.0,,voiture,,1,2,1,1,6