accident_id,datetime,annee,mois,jour,heure,minute,departement,commune_insee,adresse,latitude,longitude,luminosite,agglomeration,intersection,meteo,collision,catr,circ,nbv,vosp,prof,plan,surf,infra,situ,vma,nb_vehicules,nb_usagers,nb_indemnes,nb_tues,nb_blesses_hosp,nb_blesses_legers,age_cond_1,age_cond_2,veh_type_cond_1,veh_type_cond_2,lum_code,agg_code,int_code,atm_code,col_code
201900053708,2019-09-21 17:55:00,2019,9,21,17,55,64,64024,PLAGES (BOULEVARD DES),43.51813,-1.52371,Plein jour,Hors agglomération,Intersection en X,Normale,Deux véhicules - côté,4,2,2,0,1,4,1,0,3,500,2,3,1,0,0,2,32.0,39.0,voiture,deux_roues,1,1,2,1,3
201900053709,2019-10-26 19:05:00,2019,10,26,19,5,77,77058,A4,48.83072,2.69414,Plein jour,Hors agglomération,Hors intersection,Normale,Autre collision,1,3,6,0,1,1,1,0,1,130,6,14,6,0,0,8,24.0,57.0,voiture,voiture,1,1,1,1,6
201900053710,2019-09-21 15:04:00,2019,9,21,15,4,63,63063,GERZAT (ROUTE DE),45.8287676,3.1140458,Plein jour,Hors agglomération,Giratoire,Normale,Deux véhicules - côté,7,1,3,0,1,2,1,9,1,30,2,3,0,0,0,3,34.0,41.0,voiture,deux_roues,1,1,6,1,3
201900053711,2019-10-26 14:50:00,2019,10,26,14,50,77,77373,RN104,48.783717,2.616463,Plein jour,Hors agglomération,Hors intersection,Normale,Trois véhicules et plus - collisions multiples,2,3,4,0,1,1,1,0,1,110,3,3,2,0,0,1,37.0,18.0,deux_roues,voiture,1,1,1,1,5
201900053712,2019-08-30 13:35:00,2019,8,30,13,35,59,59560,FLANDRE RUE DES COMTESSES DE,50.547,3.0269,Plein jour,En agglomération,Hors intersection,Normale,Autre collision,4,2,2,0,1,1,1,0,1,50,1,2,1,0,1,0,57.0,,voiture,,1,2,1,1,6
201900053713,2019-09-21 16:00:00,2019,9,21,16,0,59,59178,COMEDIE (RUE DE LA),50.36658,3.07759,Plein jour,En agglomération,Hors intersection,Temps éblouissant,Autre collision,4,1,1,0,1,1,1,0,1,50,1,2,1,0,1,0,63.0,,voiture,,1,2,1,7,6
201900053714,2019-10-25 15:40:00,2019,10,25,15,40,71,71540,HUIT MAI (AVENUE DU),46.778463,4.441239,Plein jour,En agglomération,Giratoire,Normale,Autre collision,4,1,1,0,1,2,1,5,1,50,1,1,0,0,0,1,34.0,,voiture,,1,2,6,1,6
201900053715,2019-09-20 17:00:00,2019,9,20,17,0,59,59327,POILUS (RUE DES),50.39375,3.16528,Plein jour,En agglomération,Hors intersection,Normale,Deux véhicules - frontale,3,2,2,0,1,3,1,0,3,50,2,4,1,0,0,3,54.0,55.0,voiture,voiture,1,2,1,1,1
201900053716,2019-09-23 10:05:00,2019,9,23,10,5,57,57240,METZ (RUE DE),49.1413,6.809,Plein jour,En agglomération,Hors intersection,Normale,Autre collision,3,2,0,0,1,1,2,9,1,50,1,2,1,0,1,0,69.0,,utilitaire_camion,,1,2,1,1,6
201900053717,2019-10-26 10:50:00,2019,10,26,10,50,974,97416,SUFFREN(RUE),-21.3386692,55.4722357,Plein jour,En agglomération,Hors intersection,Normale,Deux véhicules - côté,9,1,1,0,2,1,1,9,1,50,2,2,1,0,0,1,30.0,48.0,voiture,deux_roues,1,2,1,1,3
201900053718,2019-09-20 13:35:00,2019,9,20,13,35,56,56121,JOFFRE ( BD MARECHAL ),47.75276,-3.36211,Plein jour,En agglomération,Intersection en X,Normale,Autre collision,4,3,2,0,1,1,1,0,1,50,1,2,1,0,0,1,19.0,,voiture,,1,2,2,1,6
201900053719,2019-10-26 11:00:00,2019,10,26,11,0,974,97407,Route Nationale 1,-20.95563,55.31169,Plein jour,Hors agglomération,Hors intersection,Normale,Deux véhicules - arrière,2,1,2,0,1,1,1,0,1,70,2,3,1,0,0,2,44.0,25.0,voiture,deux_roues,1,1,1,1,2
201900053720,2019-09-19 13:20:00,2019,9,19,13,20,54,54382,METZ (BOULEVARD DE),49.545086,5.781638,Plein jour,En agglomération,Hors intersection,Normale,Sans collision,4,2,2,0,2,1,1,0,1,50,1,3,1,0,0,2,40.0,,voiture,,1,2,1,1,7
201900053721,2019-09-22 11:14:00,2019,9,22,11,14,50,50218,VOIE DE LIASON OUEST (D971),48.82176,-1.55087,Plein jour,Hors agglomération,Hors intersection,Temps couvert,Sans collision,3,3,2,0,2,1,2,0,1,80,1,1,0,0,0,1,19.0,,voiture,,1,1,1,8,7
201900053722,2019-10-26 11:00:00,2019,10,26,11,0,974,97407,Route Nationale 1,-20.955,55.312,Plein jour,Hors agglomération,Hors intersection,Normale,Trois véhicules et plus - en chaîne,2,1,2,0,1,1,1,8,1,70,5,6,5,0,0,1,21.0,33.0,voiture,voiture,1,1,1,1,4
201900053723,2019-10-27 02:30:00,2019,10,27,2,30,69,69388,JEAN MERMOZ                         (AV),45.73569,4.87118,Nuit avec éclairage allumé,En agglomération,Hors intersection,Normale,Deux véhicules - arrière,7,-1,4,0,1,1,1,0,1,50,2,2,1,0,0,1,24.0,22.0,deux_roues,voiture,5,2,1,1,2
201900053724,2019-09-22 10:00:00,2019,9,22,10,0,50,50129,CALIGNY (QUAI DE),49.64167,-1.62129,Plein jour,En agglomération,Hors intersection,Pluie légère,Deux véhicules - frontale,4,3,3,0,1,3,2,0,1,50,2,2,1,0,0,1,24.0,21.0,voiture,voiture,1,2,1,2,1
201900053725,2019-10-26 20:55:00,2019,10,26,20,55,69,69259,MARCEL CACHIN                       (AV),45.69345,4.87583,Nuit avec éclairage allumé,En agglomération,Hors intersection,Normale,Autre collision,4,1,1,1,1,1,1,0,1,30,1,2,1,0,0,1,36.0,,voiture,,5,2,1,1,6
201900053726,2019-09-20 12:47:00,2019,9,20,12,47,49,49007,PORTET BOULEVARD,47.45072,-0.56051,Plein jour,En agglomération,Intersection en X,Normale,Deux véhicules - côté,4,3,4,0,1,1,1,0,1,50,2,2,1,0,0,1,20.0,21.0,deux_roues,voiture,1,2,2,1,3
201900053727,2019-10-26 12:12:00,2019,10,26,12,12,69,69387,JEAN MARIE CHAVANT                  (R ),45.75292,4.84775,Plein jour,En agglomération,Hors intersection,Normale,Autre collision,4,1,1,0,1,1,1,0,1,30,1,5,2,0,0,3,61.0,,transport_commun,,1,2,1,1,6
201900053728,2019-09-22 15:30:00,2019,9,22,15,30,49,49267,PLESSIS GRAMMOIRE ROUTE,47.47774,-0.49109,Plein jour,En agglomération,Hors intersection,Normale,Sans collision,4,2,-1,0,1,1,1,0,1,50,1,1,0,0,1,0,31.0,,deux_roues,,1,2,1,1,7
201900053729,2019-10-26 02:30:00,2019,10,26,2,30,69,69081,TROUILLAT                               ,45.77528,4.77072,Nuit avec éclairage allumé,En agglomération,Hors intersection,Normale,Autre collision,4,1,1,0,1,3,1,0,1,50,1,1,0,0,0,1,21.0,,voiture,,5,2,1,1,6
201900053730,2019-09-20 16:00:00,2019,9,20,16,0,49,49015,POMPIDOU AVENUE GEORGES,47.49673,-0.59164,Plein jour,En agglomération,Intersection en X,Normale,Deux véhicules - côté,4,2,2,0,1,3,1,0,1,50,2,3,2,0,1,0,24.0,38.0,voiture,voiture,1,2,2,1,3
201900053731,2019-10-26 12:45:00,2019,10,26,12,45,2B,2B037,TOUTES RUES,42.5947,9.439,Plein jour,Hors agglomération,Giratoire,Normale,Deux véhicules - arrière,2,2,4,0,1,2,1,0,1,50,2,3,1,0,0,2,45.0,21.0,voiture,voiture,1,1,6,1,2
201900053732,2019-09-23 18:35:00,2019,9,23,18,35,42,42187,ALSACE - LORRAINE (RUE),46.036419,4.068356,Plein jour,En agglomération,Hors intersection,Normale,Deux véhicules - côté,4,1,1,0,1,1,1,0,1,50,2,3,1,0,0,2,16.0,65.0,deux_roues,voiture,1,2,1,1,3
201900053733,2019-10-26 12:10:00,2019,10,26,12,10,91,91687,MARMONT (AVENUE),48.6631,2.3748,Plein jour,En agglomération,Autre intersection,Normale,Deux véhicules - arrière,3,3,4,0,1,1,1,1,1,50,2,4,3,0,0,1,43.0,57.0,voiture,voiture,1,2,9,1,2
201900053734,2019-09-23 18:15:00,2019,9,23,18,15,42,42095,FAYOL (BOULEVARD),45.3883244,4.2960529,Plein jour,En agglomération,Hors intersection,Normale,Autre collision,4,2,2,0,1,1,1,0,1,50,1,2,1,0,1,0,20.0,,voiture,,1,2,1,1,6
201900053735,2019-10-26 12:35:00,2019,10,26,12,35,91,91223,COQUERIVE (AVENUE DE),48.43366,2.17311,Plein jour,En agglomération,Hors intersection,Normale,Sans collision,3,2,2,0,1,1,1,0,1,50,1,1,0,0,0,1,28.0,,deux_roues,,1,2,1,1,7
201900053736,2019-09-23 17:55:00,2019,9,23,17,55,37,37122,RD 37,47.34428,0.64617,Plein jour,En agglomération,Hors intersection,Normale,Trois véhicules et plus - en chaîne,3,2,4,0,1,1,1,2,1,90,3,4,2,0,2,0,44.0,40.0,utilitaire_camion,voiture,1,2,1,1,4
201900053737,2019-10-26 12:09:00,2019,10,26,12,9,91,91223,ROND POINT CHARLES DE GAULLES,48.42712,2.15492,Plein jour,Hors agglomération,Giratoire,Normale,Autre collision,3,2,2,0,1,1,1,5,1,50,1,1,0,0,0,1,18.0,,deux_roues,,1,1,6,1,6
201900053738,2019-10-25 15:50:00,2019,10,25,15,50,91,91223,R.N.20,48.42805,2.1565,Plein jour,Hors agglomération,Hors intersection,Normale,Deux véhicules - arrière,2,3,4,0,1,1,1,0,1,90,2,2,1,0,0,1,27.0,71.0,voiture,voiture,1,1,1,1,2
201900053739,2019-09-22 21:20:00,2019,9,22,21,20,37,37261,CALAIS (RUE DE),47.42144,0.68603,Nuit avec éclairage allumé,En agglomération,Intersection en X,Normale,Deux véhicules - côté,4,2,2,0,1,1,1,0,1,50,2,3,2,0,0,1,34.0,43.0,voiture,voiture,5,2,2,1,3
201900053740,2019-10-26 08:10:00,2019,10,26,8,10,78,78440,CROIX VERTE (RUE DE LA),48.98905,1.92432,Crépuscule ou aube,En agglomération,Hors intersection,Normale,Autre collision,4,2,1,0,1,1,1,0,1,50,1,1,0,0,0,1,22.0,,voiture,,2,2,1,1,6
201900053741,2019-10-26 00:55:00,2019,10,26,0,55,77,77305,SURVILLE (AVENUE DE),48.39448,2.95629,Nuit avec éclairage allumé,En agglomération,Hors intersection,Normale,Deux véhicules - frontale,4,2,2,0,1,1,1,0,1,30,2,2,1,0,1,0,33.0,41.0,voiture,deux_roues,5,2,1,1,1
201900053742,2019-10-21 12:20:00,2019,10,21,12,20,77,77518,D607,48.48443,2.59211,Plein jour,Hors agglomération,Hors intersection,Normale,Autre collision,3,-1,2,0,1,1,1,0,3,80,1,1,0,0,1,0,57.0,,voiture,,1,1,1,1,6
201900053743,2019-10-26 16:45:00,2019,10,26,16,45,72,72181,NATIONALE (RUE),47.99523,0.20272,Plein jour,En agglomération,Hors intersection,Normale,Deux véhicules - côté,7,1,2,0,1,2,1,0,2,50,2,2,1,0,0,1,44.0,20.0,utilitaire_camion,deux_roues,1,2,1,1,3
201900053744,2019-09-23 09:20:00,2019,9,23,9,20,34,34172,TOULOUSE (AVENUE DE,43.58676,3.8529,Plein jour,En agglomération,Intersection en T,Normale,Deux véhicules - côté,3,2,3,0,2,1,1,5,1,50,2,2,1,0,0,1,57.0,18.0,deux_roues,voiture,1,2,3,1,3
201900053745,2019-10-26 17:35:00,2019,10,26,17,35,71,71486,RD 974,46.64653,4.33608,Plein jour,En agglomération,Hors intersection,Normale,Sans collision,3,2,2,0,1,1,1,0,1,50,1,1,0,0,0,1,16.0,,deux_roues,,1,2,1,1,7
201900053746,2019-10-26 23:05:00,2019,10,26,23,5,69,69271,EUREXPO (PARC DES EXPOSITIONS)          ,45.72402,4.95177,Nuit sans éclairage public,Hors agglomération,Hors intersection,Normale,Deux véhicules - arrière,6,2,4,0,1,1,1,0,1,50,2,5,3,0,0,2,30.0,28.0,voiture,voiture,3,1,1,1,2
201900053747,2019-09-23 08:15:00,2019,9,23,8,15,34,34172,TRAIN PETIT,43.59967,3.89411,Plein jour,En agglomération,Intersection en T,Normale,Sans collision,4,1,1,0,1,1,1,5,1,50,1,4,1,0,0,3,25.0,,voiture,,1,2,3,1,7
201900053748,2019-10-26 14:00:00,2019,10,26,14,0,69,69266,EMILE ZOLA     (Cours),45.76743,4.89073,Plein jour,En agglomération,Intersection en T,Normale,Deux véhicules - côté,4,2,2,1,1,1,1,0,1,50,2,3,2,0,0,1,16.0,41.0,deux_roues,utilitaire_camion,1,2,3,1,3
201900053749,2019-09-22 20:30:00,2019,9,22,20,30,33,33550,PYRENEES (AVE DES),44.7622,-0.55895,Nuit avec éclairage allumé,En agglomération,Intersection en X,Normale,Deux véhicules - côté,4,2,4,2,1,1,1,0,1,50,2,3,1,0,1,1,18.0,25.0,deux_roues,voiture,5,2,2,1,3
201900053750,2019-10-15 10:27:00,2019,10,15,10,27,67,67462,HOPITAL (RUE DE L'),48.2584125,7.4558824,Plein jour,En agglomération,Hors intersection,Normale,Autre collision,4,1,1,0,1,1,1,0,1,30,1,2,1,0,0,1,24.0,,voiture,,1,2,1,1,6
201900053751,2019-09-23 06:45:00,2019,9,23,6,45,31,31555,A624 (PURPAN),43.6095,1.38657,Nuit sans éclairage public,Hors agglomération,Hors intersection,Pluie légère,Trois véhicules et plus - en chaîne,1,3,3,0,1,1,1,0,1,90,4,4,2,0,1,1,31.0,54.0,voiture,voiture,3,1,1,2,4
201900053752,2019-09-21 23:58:00,2019,9,21,23,58,31,31555,AV DE FRONTON,43.63246,1.43347,Nuit sans éclairage public,En agglomération,Hors intersection,Normale,Deux véhicules - côté,3,2,2,0,1,1,1,0,1,50,2,2,1,0,0,1,43.0,28.0,voiture,deux_roues,3,2,1,1,3
201900053753,2019-09-20 21:05:00,2019,9,20,21,5,31,31557,TARBES (ROUTE DE),43.5803,1.33336,Nuit avec éclairage allumé,En agglomération,Hors intersection,Normale,Deux véhicules - côté,3,2,2,0,1,1,1,0,1,50,2,2,1,0,1,0,46.0,17.0,deux_roues,deux_roues,5,2,1,1,3
201900053754,2019-09-23 17:45:00,2019,9,23,17,45,29,29019,FOCH MARECHAL,48.39717,-4.48885,Plein jour,En agglomération,Intersection à plus de 4 branches,Pluie légère,Deux véhicules - frontale,4,2,2,0,4,3,2,5,1,50,2,2,1,0,1,0,31.0,23.0,transport_commun,deux_roues,1,2,5,2,1
201900053755,2019-09-23 17:00:00,2019,9,23,17,0,24,24037,AVENUE ARISTIDE BRIAND,44.8518,0.4649,Plein jour,En agglomération,Intersection en T,Normale,Deux véhicules - côté,3,2,2,0,1,1,1,0,1,30,2,2,0,0,2,0,13.0,50.0,deux_roues,deux_roues,1,2,3,1,3
201900053756,2019-09-22 19:20:00,2019,9,22,19,20,21,21231,CHAMPOLLION (AVENUE),47.32967,5.0708,Nuit avec éclairage allumé,En agglomération,Intersection en X,Pluie forte,Deux véhicules - côté,4,3,4,0,1,1,2,0,1,50,2,2,1,0,0,1,22.0,19.0,deux_roues,voiture,5,2,2,3,3
201900053757,2019-09-20 12:15:00,2019,9,20,12,15,19,19031,SALAN (BOULEVARD DU),45.1598,1.53539,Plein jour,En agglomération,Hors intersection,Normale,Deux véhicules - arrière,4,1,2,0,2,1,1,0,2,50,2,2,1,0,0,1,28.0,14.0,voiture,deux_roues,1,2,1,1,2
201900053758,2019-09-23 13:55:00,2019,9,23,13,55,17,17306,ROCHEFORT (DE)  (AVENUE),45.64233,-1.02469,Plein jour,En agglomération,Hors intersection,Normale,Deux véhicules - frontale,3,2,2,0,1,1,1,0,1,500,2,3,1,0,0,2,50.0,83.0,voiture,autre,1,2,1,1,1
201900053759,2019-09-22 11:00:00,2019,9,22,11,0,16,16102,Place d'ARMES,45.69566,-0.32777,Plein jour,En agglomération,Intersection en T,Normale,Autre collision,4,1,1,0,1,1,1,0,1,50,1,2,1,0,1,0,25.0,,utilitaire_camion,,1,2,3,1,6
201900053760,2019-09-23 18:00:00,2019,9,23,18,0,14,14536,BOURG (RUE DU),49.40768,0.26873,Plein jour,En agglomération,Intersection en T,Pluie légère,Sans collision,4,2,2,0,1,1,2,5,1,30,1,1,0,0,0,1,16.0,,deux_roues,,1,2,3,2,7
201900053761,2019-09-23 19:25:00,2019,9,23,19,25,14,14118,BAYEUX (RUE DU143 IMPAIR . 160 PAIR,49.18253,-0.37517,Plein jour,En agglomération,Hors intersection,Normale,Deux véhicules - côté,4,2,2,0,1,1,1,0,1,50,2,2,1,0,0,1,20.0,37.0,deux_roues,utilitaire_camion,1,2,1,1,3
201900053762,2019-09-23 18:00:00,2019,9,23,18,0,13,13210,ROGER LUCCIONI (RUE PROFESSEUR),43.27302,5.43095,Plein jour,En agglomération,Hors intersection,Normale,Sans collision,4,2,2,0,1,1,1,0,1,50,1,1,0,0,1,0,26.0,,deux_roues,,1,2,1,1,7
201900053763,2019-09-23 16:30:00,2019,9,23,16,30,13,13213,TAILLIS (RUE DES),43.3293766,5.4467887,Plein jour,En agglomération,Hors intersection,Normale,Deux véhicules - côté,4,2,2,0,1,1,1,0,1,50,2,2,1,0,0,1,52.0,78.0,deux_roues,utilitaire_camion,1,2,1,1,3
201900053764,2019-09-23 11:00:00,2019,9,23,11,0,13,13209,COL DE LA GINESTE D559,43.232557,5.515548,Plein jour,En agglomération,Hors intersection,Normale,Deux véhicules - frontale,3,-1,2,0,2,1,1,0,1,70,2,2,0,0,2,0,45.0,22.0,voiture,voiture,1,2,1,1,1
201900053765,2019-09-23 06:25:00,2019,9,23,6,25,13,13210,CAPELETTE (AVENUE DE LA),43.28225,5.40311,Nuit avec éclairage allumé,En agglomération,Intersection en T,Normale,Deux véhicules - frontale,4,2,2,0,1,1,1,0,1,50,2,2,1,0,0,1,56.0,32.0,deux_roues,voiture,5,2,3,1,1
201900053766,2019-09-23 11:40:00,2019,9,23,11,40,13,13028,Rond Point DULAC/ROVARCH,43.19248,5.60899,Plein jour,En agglomération,Giratoire,Normale,Deux véhicules - côté,4,1,4,0,1,2,1,0,1,50,2,2,1,0,0,1,49.0,48.0,deux_roues,voiture,1,2,6,1,3
201900053767,2019-10-26 18:40:00,2019,10,26,18,40,64,64260,CORNICHE (ROUTE DE LA),43.37728,-1.74359,Crépuscule ou aube,Hors agglomération,Hors intersection,Normale,Deux véhicules - arrière,3,2,2,0,1,1,1,0,1,50,2,3,2,0,0,1,46.0,21.0,voiture,voiture,2,1,1,1,2
201900053768,2019-10-26 12:55:00,2019,10,26,12,55,64,64445,MANESCAU,43.30197,-0.37415,Plein jour,En agglomération,Hors intersection,Normale,Deux véhicules - côté,4,1,1,0,1,1,1,0,1,50,2,2,1,0,0,1,11.0,20.0,deux_roues,voiture,1,2,1,1,3
201900053769,2019-10-26 20:38:00,2019,10,26,20,38,64,64102,SOULT (AVENUE MARECHAL),43.4870162,-1.4859982,Nuit avec éclairage allumé,En agglomération,Hors intersection,Normale,Sans collision,3,3,2,0,1,1,1,0,1,50,1,1,0,0,0,1,18.0,,deux_roues,,5,2,1,1,7
201900053770,2019-10-26 21:25:00,2019,10,26,21,25,62,62160,PORTE NEUVE (Rue ),50.727084,1.61631,Nuit avec éclairage allumé,En agglomération,Giratoire,Pluie légère,Sans collision,4,3,4,0,1,1,2,0,1,50,1,1,0,0,1,0,75.0,,voiture,,5,2,6,2,7
201900053771,2019-10-26 15:20:00,2019,10,26,15,20,61,61169,BRISOULIERE (LA),48.7234,-0.5935,Plein jour,Hors agglomération,Hors intersection,Normale,Sans collision,3,2,2,0,1,1,1,0,1,80,1,1,0,0,0,1,46.0,,voiture,,1,1,1,1,7
201900053772,2019-10-25 22:50:00,2019,10,25,22,50,60,60665,D 202,49.42344,2.79812,Nuit sans éclairage public,Hors agglomération,Hors intersection,Normale,Deux véhicules - arrière,3,2,2,0,2,1,1,0,1,80,2,2,1,1,0,0,29.0,22.0,voiture,voiture,3,1,1,1,2
201900053773,2019-10-14 09:40:00,2019,10,14,9,40,59,59350,DOREZ BARTHELEMY PLACE,50.61805,3.04942,Plein jour,En agglomération,Giratoire,Normale,Deux véhicules - côté,1,-1,2,0,1,1,1,6,1,50,2,2,1,0,0,1,25.0,32.0,voiture,deux_roues,1,2,6,1,3
201900053774,2019-10-25 13:25:00,2019,10,25,13,25,58,58194,CARNOT (PLACE),46.98857,3.15735,Plein jour,En agglomération,Intersection en T,Normale,Deux véhicules - côté,4,2,3,0,1,1,1,0,1,30,2,2,1,0,0,1,45.0,31.0,voiture,voiture,1,2,3,1,3
201900053775,2019-10-26 22:40:00,2019,10,26,22,40,54,54197,RD71,48.626493,6.21712,Nuit avec éclairage allumé,Hors agglomération,Hors intersection,Normale,Autre collision,3,2,2,0,1,1,1,0,8,90,1,1,0,0,0,1,37.0,,voiture,,5,1,1,1,6
201900053776,2019-10-26 11:15:00,2019,10,26,11,15,54,54257,LEMAIRE (RUE GUSTAVE),48.650458,6.194084,Plein jour,En agglomération,Hors intersection,Normale,Sans collision,4,-1,2,0,1,1,1,0,1,50,1,2,1,0,0,1,54.0,,voiture,,1,2,1,1,7
201900053777,2019-10-26 14:30:00,2019,10,26,14,30,51,51454,AVENUE DE CHAMPAGNE,49.2347118,4.0411516,Plein jour,En agglomération,Hors intersection,Normale,Deux véhicules - arrière,2,1,3,0,1,1,1,0,1,70,2,4,0,0,0,4,60.0,37.0,voiture,voiture,1,2,1,1,2
201900053778,2019-10-26 12:05:00,2019,10,26,12,5,51,51454,RUE DE NICE,49.26274,4.06151,Plein jour,En agglomération,Hors intersection,Normale,Deux véhicules - côté,4,2,2,0,1,1,1,0,1,50,2,2,1,0,0,1,51.0,40.0,utilitaire_camion,deux_roues,1,2,1,1,3
201900053779,2019-10-25 11:45:00,2019,10,25,11,45,51,51454,BOULEVARD ALBERT 1ER,49.2645926,4.0097125,Plein jour,En agglomération,Giratoire,Normale,Deux véhicules - arrière,4,1,2,0,1,2,1,9,1,50,2,2,1,0,0,1,40.0,48.0,voiture,deux_roues,1,2,6,1,2
201900053780,2019-10-24 18:30:00,2019,10,24,18,30,50,50647,VILLEDIEU (ROUTE DE),48.83775,-1.55723,Crépuscule ou aube,En agglomération,Autre intersection,Autre,Deux véhicules - côté,3,2,2,0,1,1,2,0,1,50,2,2,1,0,0,1,18.0,55.0,deux_roues,voiture,2,2,9,9,3
201900053781,2019-10-26 14:00:00,2019,10,26,14,0,45,45068,R DU 23 AOUT 1944,48.003552,2.724996,Plein jour,En agglomération,Hors intersection,Normale,Deux véhicules - arrière,3,2,2,0,1,1,1,0,1,50,2,3,1,0,0,2,45.0,32.0,voiture,voiture,1,2,1,1,2
201900053782,2019-10-25 18:10:00,2019,10,25,18,10,42,42207,GAMBETTA RUE,45.473455,4.51105,Plein jour,En agglomération,Hors intersection,Normale,Autre collision,3,2,2,0,1,1,1,0,1,50,1,2,1,0,1,0,41.0,,voiture,,1,2,1,1,6
201900053783,2019-10-27 00:05:00,2019,10,27,0,5,35,35281,DODIN (AVENUE ROGER),48.089088,-1.706232,Nuit sans éclairage public,Hors agglomération,Autre intersection,Pluie forte,Deux véhicules - côté,3,3,4,0,1,1,2,3,1,50,2,4,3,0,0,1,26.0,18.0,voiture,deux_roues,3,1,9,3,3
201900053784,2019-10-26 18:55:00,2019,10,26,18,55,35,35238,STRASBOURG (BOULEVARD DE),48.11439,-1.657,Nuit avec éclairage allumé,En agglomération,Autre intersection,Normale,Deux véhicules - côté,4,1,1,2,2,1,1,0,1,50,2,2,1,0,0,1,28.0,20.0,voiture,deux_roues,5,2,9,1,3
201900053785,2019-10-25 20:30:00,2019,10,25,20,30,34,34172,SORBES (RUE DE LAS,43.61395,3.84799,Nuit avec éclairage allumé,En agglomération,Intersection en T,Normale,Deux véhicules - côté,4,2,-1,0,1,1,1,0,1,50,2,2,0,0,0,2,28.0,,deux_roues,,5,2,3,1,3
201900053786,2019-10-26 11:40:00,2019,10,26,11,40,34,34003,DE GAULLE (E14 A F15,43.31174,3.47604,Plein jour,En agglomération,Hors intersection,Normale,Autre collision,4,2,1,0,1,1,1,0,1,50,1,2,1,0,1,0,50.0,,voiture,,1,2,1,1,6
201900053787,2019-10-27 02:30:00,2019,10,27,2,30,33,33063,BOUDET (RUE ),44.846,-0.57664,Nuit avec éclairage allumé,En agglomération,Intersection en X,Normale,Deux véhicules - côté,4,1,1,0,1,1,1,0,1,50,2,2,1,0,1,0,37.0,27.0,deux_roues,voiture,5,2,2,1,3
201900053788,2019-10-23 08:35:00,2019,10,23,8,35,33,33281,AVE DE VERDUN,44.83931,-0.62906,Plein jour,En agglomération,Intersection en T,Pluie légère,Autre collision,4,2,4,2,1,1,2,0,1,50,1,1,0,0,0,1,42.0,,deux_roues,,1,2,3,2,6
201900053789,2019-10-26 08:05:00,2019,10,26,8,5,32,32013,ROCADE (RN 124 EST),43.6634,0.6231,Plein jour,Hors agglomération,Hors intersection,Normale,Deux véhicules - côté,2,2,2,0,1,1,2,0,1,80,2,3,2,0,0,1,31.0,29.0,voiture,deux_roues,1,1,1,1,3
201900053790,2019-10-26 10:45:00,2019,10,26,10,45,29,29019,COLLIERE JULES (DE 1 A 27 ET 2 A 40),48.399,-4.4497,Plein jour,En agglomération,Autre intersection,Normale,Autre collision,4,2,2,0,1,1,1,0,1,50,1,2,1,0,0,1,38.0,,voiture,,1,2,9,1,6
201900053791,2019-10-26 14:17:00,2019,10,26,14,17,26,26057,MARTYRS DE LA LIBERATION (AVENUE DES),45.040316,5.051724,Plein jour,En agglomération,Hors intersection,Normale,Autre collision,4,2,-1,-1,1,1,1,0,1,30,1,3,1,0,0,2,39.0,,voiture,,1,2,1,1,6
201900053792,2019-10-25 20:15:00,2019,10,25,20,15,25,25056,boulevard Charles DE GAULLE,47.232341,6.018995,Crépuscule ou aube,En agglomération,Hors intersection,Normale,Autre collision,4,1,1,1,2,3,1,0,1,50,2,2,1,0,1,0,46.0,,voiture,,2,2,1,1,6
201900053793,2019-10-23 18:10:00,2019,10,23,18,10,24,24557,AVENUE MICHEL GRANDOU,45.1893,0.7513,Crépuscule ou aube,Hors agglomération,Hors intersection,Temps couvert,Autre collision,3,2,2,0,1,1,1,0,1,50,1,2,1,0,1,0,70.0,,voiture,,2,1,1,8,6
201900053794,2019-10-26 10:50:00,2019,10,26,10,50,17,17291,RN 11,46.17303,-1.11734,Plein jour,Hors agglomération,Hors intersection,Normale,Trois véhicules et plus - en chaîne,2,1,3,0,1,1,1,3,1,50,3,3,2,0,0,1,47.0,32.0,voiture,voiture,1,1,1,1,4
201900053795,2019-10-26 19:00:00,2019,10,26,19,0,13,13204,BLANCARDE (BOULEVARD),43.30275,5.3982514,Nuit avec éclairage allumé,En agglomération,Hors intersection,Normale,Deux véhicules - côté,4,1,-1,0,1,1,1,0,1,50,2,2,1,0,0,1,18.0,38.0,voiture,deux_roues,5,2,1,1,3
201900053796,2019-10-26 07:27:00,2019,10,26,7,27,13,13215,LITTORAL (CHEMIN DU),43.355654,5.327691,Nuit sans éclairage public,En agglomération,Hors intersection,Normale,Deux véhicules - arrière,4,1,3,0,1,1,1,0,1,50,2,2,0,0,0,2,38.0,53.0,voiture,transport_commun,3,2,1,1,2
201900053797,2019-10-25 21:50:00,2019,10,25,21,50,13,13213,BREMOND (RUE),43.320015,5.40849,Nuit avec éclairage allumé,En agglomération,Autre intersection,Normale,Trois véhicules et plus - collisions multiples,7,1,0,0,1,1,1,0,1,50,3,3,2,0,0,1,19.0,18.0,voiture,voiture,5,2,9,1,5
201900053798,2019-10-22 18:45:00,2019,10,22,18,45,13,13098,MASSANE AVENUE DES,43.46947,5.01493,Nuit avec éclairage allumé,En agglomération,Hors intersection,Normale,Autre collision,3,2,1,0,1,1,1,0,1,50,1,1,0,0,0,1,45.0,,voiture,,5,2,1,1,6
201900053799,2019-10-26 02:40:00,2019,10,26,2,40,13,13005,PAGNOL (AVENUE MARCEL),43.2962614,5.5705351,Nuit avec éclairage allumé,En agglomération,Hors intersection,Normale,Autre collision,4,2,2,0,1,1,1,0,1,50,1,1,0,0,0,1,19.0,,deux_roues,,5,2,1,1,6