accident_id,datetime,annee,mois,jour,heure,minute,departement,commune_insee,adresse,latitude,longitude,luminosite,agglomeration,intersection,meteo,collision,catr,circ,nbv,vosp,prof,plan,surf,infra,situ,vma,nb_vehicules,nb_usagers,nb_indemnes,nb_tues,nb_blesses_hosp,nb_blesses_legers,age_cond_1,age_cond_2,veh_type_cond_1,veh_type_cond_2,lum_code,agg_code,int_code,atm_code,col_code
201900053891,2019-07-11 00:26:00,2019,7,11,0,26,75,75114,AVENUE PAUL APPELL,48.822054,2.3254,Nuit avec éclairage allumé,En agglomération,Place,Normale,Autre collision,4,3,3,0,1,1,1,0,1,50,2,1,0,0,0,1,43.0,,deux_roues,,5,2,7,1,6
201900053892,2019-03-29 12:05:00,2019,3,29,12,5,92,92036,LOUVRESSES (AVENUE),48.94479,2.30591,Plein jour,En agglomération,Hors intersection,Normale,Deux véhicules - arrière,4,2,2,0,1,1,1,0,1,50,2,2,1,0,0,1,33.0,22.0,utilitaire_camion,deux_roues,1,2,1,1,2
201900053893,2019-07-13 18:10:00,2019,7,13,18,10,75,75113,AVENUE D IVRY,48.822267,2.367827,Plein jour,En agglomération,Hors intersection,Normale,Autre collision,4,1,2,0,1,1,1,0,1,50,2,2,1,0,0,1,27.0,66.0,deux_roues,voiture,1,2,1,1,6
201900053894,2019-07-13 01:50:00,2019,7,13,1,50,75,75113,BOULEVARD AUGUSTE BLANQUI,48.829717,2.349568,Nuit avec éclairage allumé,En agglomération,Intersection en T,Normale,Autre collision,4,1,3,0,2,3,1,0,4,30,1,1,0,0,0,1,28.0,,deux_roues,,5,2,3,1,6
201900053895,2019-03-29 16:35:00,2019,3,29,16,35,92,92035,République ( boulevard de la ),48.906613,2.246415,Plein jour,En agglomération,Hors intersection,Normale,Autre collision,4,2,2,0,1,1,1,0,1,50,1,2,1,0,0,1,52.0,,voiture,,1,2,1,1,6
201900053896,2019-07-13 08:00:00,2019,7,13,8,0,75,75111,PLACE DE LA BASTILLE,48.853249,2.370214,Plein jour,En agglomération,Place,Normale,Deux véhicules - côté,4,1,4,3,1,1,1,0,1,50,2,2,1,0,0,1,47.0,53.0,deux_roues,voiture,1,2,7,1,3
201900053897,2019-07-12 16:15:00,2019,7,12,16,15,75,75112,RUE VILLIOT,48.840884,2.37388,Plein jour,En agglomération,Intersection en T,Normale,Deux véhicules - côté,4,2,2,0,1,1,1,0,1,50,2,2,1,0,0,1,48.0,12.0,voiture,deux_roues,1,2,3,1,3
201900053898,2019-07-12 11:02:00,2019,7,12,11,2,75,75111,BOULEVARD BEAUMARCHAIS,48.859497,2.36765,Plein jour,En agglomération,Intersection en T,Normale,Deux véhicules - côté,4,2,4,0,1,1,1,0,1,50,2,2,1,0,0,1,24.0,23.0,deux_roues,voiture,1,2,3,1,3
201900053899,2019-03-28 08:07:00,2019,3,28,8,7,92,92023,CONSTANT PAPE (RUE),48.807664,2.253005,Plein jour,En agglomération,Hors intersection,Normale,Deux véhicules - côté,4,2,2,0,1,1,1,0,1,50,2,2,1,0,0,1,54.0,27.0,voiture,voiture,1,2,1,1,3
201900053900,2019-07-11 19:30:00,2019,7,11,19,30,75,75111,BOULEVARD BEAUMARCHAIS,48.855001,2.368686,Plein jour,En agglomération,Hors intersection,Normale,Sans collision,4,2,4,3,1,1,1,0,6,30,1,1,0,0,0,1,49.0,,deux_roues,,1,2,1,1,7
201900053901,2019-03-27 18:00:00,2019,3,27,18,0,92,92023,MOULIN DE LA TOUR (BOULEVARD),48.78736,2.26127,Plein jour,En agglomération,Hors intersection,Normale,Autre collision,4,2,2,0,1,1,1,9,1,50,1,2,1,0,0,1,46.0,,voiture,,1,2,1,1,6
201900053902,2019-03-27 17:00:00,2019,3,27,17,0,92,92023,GENERAL LECLERC (PLACE DU),48.7771782,2.2313096,Plein jour,En agglomération,Intersection à plus de 4 branches,Normale,Deux véhicules - côté,3,1,2,0,1,1,1,0,1,50,2,2,1,0,0,1,60.0,59.0,voiture,voiture,1,2,5,1,3
201900053903,2019-07-13 18:30:00,2019,7,13,18,30,75,75109,BOULEVARD DE LA CHAPELLE,48.883605,2.349534,Plein jour,En agglomération,Intersection en X,Normale,Autre collision,4,1,2,1,1,1,1,0,5,50,1,1,0,0,0,1,56.0,,deux_roues,,1,2,2,1,6
201900053904,2019-01-20 17:50:00,2019,1,20,17,50,92,92023,PETIT CLAMART (ROND POINT DU),48.77701,2.23102,Nuit avec éclairage allumé,En agglomération,Intersection à plus de 4 branches,Normale,Deux véhicules - côté,3,2,2,0,1,1,1,0,1,50,2,2,1,0,0,1,41.0,27.0,voiture,voiture,5,2,5,1,3
201900053905,2019-07-12 08:35:00,2019,7,12,8,35,75,75110,RUE DES PETITS HOTELS,48.877325,2.355145,Plein jour,En agglomération,Intersection en X,Normale,Deux véhicules - côté,4,1,1,2,2,1,1,9,5,30,2,2,1,0,0,1,56.0,31.0,deux_roues,deux_roues,1,2,2,1,3
201900053906,2019-07-12 22:30:00,2019,7,12,22,30,75,75109,BOULEVARD HAUSSMANN,48.872612,2.335742,Nuit avec éclairage allumé,En agglomération,Intersection en T,Normale,Autre collision,4,1,2,0,1,1,1,0,1,50,1,3,2,0,0,1,65.0,,deux_roues,,5,2,3,1,6
201900053907,2019-07-11 23:00:00,2019,7,11,23,0,75,75108,AVENUE GEORGE V,48.870046,2.300901,Nuit avec éclairage allumé,En agglomération,Intersection en X,Normale,Deux véhicules - côté,4,2,1,0,2,1,1,0,1,50,2,3,2,0,0,1,23.0,40.0,deux_roues,voiture,5,2,2,1,3
201900053908,2019-03-29 15:30:00,2019,3,29,15,30,92,92012,MARCEL SEMBAT (PLACE),48.8337154,2.2434433,Plein jour,En agglomération,Hors intersection,Normale,Deux véhicules - arrière,3,2,2,0,2,1,1,1,1,50,2,2,1,0,1,0,39.0,39.0,voiture,deux_roues,1,2,1,1,2
201900053909,2019-03-28 13:05:00,2019,3,28,13,5,92,92012,BILLANCOURT (RUE DE) 106/FIN - COTE PAIR,48.83318,2.23773,Plein jour,En agglomération,Hors intersection,Normale,Deux véhicules - côté,4,1,1,0,1,1,1,0,1,50,2,2,1,0,0,1,19.0,,autre,,1,2,1,1,3
201900053910,2019-03-28 07:15:00,2019,3,28,7,15,92,92012,GENERAL LECLERC (AVENUE DU) 1/33 - 2/58,48.8322515,2.2391905,Plein jour,En agglomération,Hors intersection,Normale,Autre collision,3,3,4,0,1,1,1,0,1,50,1,2,1,0,0,1,26.0,,deux_roues,,1,2,1,1,6
201900053911,2019-03-29 13:30:00,2019,3,29,13,30,35,35177,La Cornillère,48.21319,-1.768903,Plein jour,Hors agglomération,Hors intersection,Normale,Autre collision,3,2,2,0,2,3,1,0,8,80,1,1,0,0,1,0,24.0,,deux_roues,,1,1,1,1,6
201900053912,2019-03-28 14:40:00,2019,3,28,14,40,1,01244,RD 65,45.897222,5.196391,Plein jour,En agglomération,Intersection en Y,Normale,Deux véhicules - côté,3,2,2,0,1,1,1,0,1,50,2,2,1,0,0,1,43.0,47.0,deux_roues,voiture,1,2,4,1,3
201900053913,2019-07-11 20:00:00,2019,7,11,20,0,75,75108,PLACE CHARLES DE GAULLE,48.874115,2.295815,Plein jour,En agglomération,Place,Normale,Deux véhicules - côté,4,1,6,0,1,1,1,0,1,50,2,2,1,0,0,1,33.0,50.0,deux_roues,voiture,1,2,7,1,3
201900053914,2019-03-30 16:35:00,2019,3,30,16,35,52,52274,intersection D65/D3,47.98108,4.893821,Plein jour,Hors agglomération,Intersection en X,Normale,Deux véhicules - côté,3,2,2,0,1,1,1,5,1,80,2,3,2,0,0,1,38.0,75.0,voiture,voiture,1,1,2,1,3
201900053915,2019-03-31 16:00:00,2019,3,31,16,0,41,41157,D63 - Les quatre Routes,47.384117,1.559526,Plein jour,Hors agglomération,Intersection en X,Normale,Deux véhicules - côté,3,2,2,0,1,1,1,5,1,80,2,3,2,0,1,0,74.0,20.0,voiture,deux_roues,1,1,2,1,3
201900053916,2019-03-31 05:20:00,2019,3,31,5,20,41,41194,66 Rue Auguste Vacher,47.364711,1.732507,Nuit avec éclairage allumé,En agglomération,Hors intersection,Normale,Autre collision,4,2,2,0,1,3,1,0,8,50,1,1,0,0,1,0,22.0,,voiture,,5,2,1,1,6
201900053917,2019-03-26 16:35:00,2019,3,26,16,35,95,95116,rue de boran,49.1575,2.332909,Plein jour,En agglomération,Hors intersection,Normale,Autre collision,4,2,2,0,1,1,1,0,1,50,1,2,0,0,1,1,66.0,,voiture,,1,2,1,1,6
201900053918,2019-03-29 20:45:00,2019,3,29,20,45,86,86123,Route de Vouillé,46.582951,0.104392,Nuit sans éclairage public,Hors agglomération,Hors intersection,Normale,Autre collision,3,2,2,0,1,1,1,0,3,80,1,1,0,0,1,0,41.0,,voiture,,3,1,1,1,6
201900053919,2019-03-29 19:08:00,2019,3,29,19,8,57,57026,Rue Nationale,49.459148,6.374473,Nuit avec éclairage allumé,En agglomération,Hors intersection,Normale,Autre collision,3,2,2,0,4,1,1,0,1,30,1,2,1,1,0,0,41.0,,voiture,,5,2,1,1,6
201900053920,2019-03-29 02:20:00,2019,3,29,2,20,40,40065,51 Avenue Jean Lartigau,43.633624,-1.428289,Nuit sans éclairage public,En agglomération,Hors intersection,Normale,Autre collision,3,2,2,1,1,3,1,0,5,50,1,1,0,1,0,0,24.0,,deux_roues,,3,2,1,1,6
201900053921,2019-03-27 09:05:00,2019,3,27,9,5,83,83148,Avenue du Maréchal Gallieni,43.42384,6.431264,Plein jour,En agglomération,Hors intersection,Normale,Deux véhicules - côté,4,2,2,0,2,1,1,0,1,50,2,2,1,0,1,0,94.0,53.0,voiture,voiture,1,2,1,1,3
201900053922,2019-03-28 21:15:00,2019,3,28,21,15,11,11098,D 611 pk14+26 croissant,43.165038,2.73277,Nuit sans éclairage public,Hors agglomération,Hors intersection,Normale,Autre collision,3,2,2,0,1,1,1,0,1,80,2,4,3,0,1,0,35.0,71.0,voiture,voiture,3,1,1,1,6
201900053923,2019-03-30 16:55:00,2019,3,30,16,55,88,88085,route du plateau,48.130686,6.761232,Plein jour,Hors agglomération,Hors intersection,Normale,Deux véhicules - côté,3,2,2,0,1,3,1,0,1,80,2,2,1,0,0,1,53.0,49.0,utilitaire_camion,deux_roues,1,1,1,1,3
201900053924,2019-03-31 08:00:00,2019,3,31,8,0,46,46103,RD 19 - Lieu Dit Vilas  à FLAUGNAC,44.288074,1.383567,Plein jour,Hors agglomération,Hors intersection,Normale,Autre collision,3,2,2,0,1,3,1,0,3,80,1,1,0,0,1,0,26.0,,voiture,,1,1,1,1,6
201900053925,2019-03-31 12:05:00,2019,3,31,12,5,68,68300,route départementale 55,47.795548,7.376179,Plein jour,Hors agglomération,Hors intersection,Normale,Deux véhicules - frontale,3,2,2,0,1,1,1,0,1,70,2,5,1,0,0,4,55.0,65.0,voiture,voiture,1,1,1,1,1
201900053926,2019-03-28 16:30:00,2019,3,28,16,30,1,01419,Chemin de Pré Jacquet,46.229663,5.997606,Plein jour,En agglomération,Intersection en Y,Normale,Deux véhicules - côté,4,2,2,0,1,1,1,0,1,70,2,2,1,0,1,0,38.0,37.0,deux_roues,voiture,1,2,4,1,3
201900053927,2019-03-28 09:00:00,2019,3,28,9,0,22,22081,route nationale 12,48.4812368,-2.638224,Plein jour,Hors agglomération,Hors intersection,Normale,Trois véhicules et plus - en chaîne,2,3,4,0,1,1,1,0,1,110,3,7,5,0,1,1,37.0,30.0,voiture,utilitaire_camion,1,1,1,1,4
201900053928,2019-03-29 00:45:00,2019,3,29,0,45,22,22354,RN 12 PR 099+500,48.569282,-3.278453,Nuit sans éclairage public,Hors agglomération,Hors intersection,Brouillard / fumée,Deux véhicules - arrière,2,2,2,0,1,1,1,0,1,110,2,2,1,0,0,1,29.0,48.0,voiture,voiture,3,1,1,5,2
201900053929,2019-07-10 12:45:00,2019,7,10,12,45,75,75108,RUE PIERRE CHARRON,48.870526,2.30531,Plein jour,En agglomération,Intersection en X,Normale,Autre collision,4,2,2,0,1,1,1,0,1,50,1,2,1,0,0,1,30.0,,voiture,,1,2,2,1,6
201900053930,2019-03-22 15:30:00,2019,3,22,15,30,974,97410,RN2 PK 101,-21.080094,55.744929,Plein jour,En agglomération,Intersection en T,Normale,Autre collision,2,2,2,0,1,1,1,9,1,50,1,2,1,0,1,0,28.0,,voiture,,1,2,3,1,6
201900053931,2019-03-30 15:54:00,2019,3,30,15,54,62,62233,Rue de Nempont,50.369306,1.680483,Plein jour,Hors agglomération,Hors intersection,Normale,Sans collision,3,2,2,0,1,1,1,0,3,80,1,1,0,0,1,0,68.0,,deux_roues,,1,1,1,1,7
201900053932,2019-07-12 16:30:00,2019,7,12,16,30,75,75107,QUAI D ORSAY,48.862401,2.310401,Plein jour,En agglomération,Intersection en X,Normale,Deux véhicules - côté,4,2,2,0,1,1,1,0,1,50,2,2,0,0,0,2,42.0,18.0,deux_roues,deux_roues,1,2,2,1,3
201900053933,2019-03-31 06:30:00,2019,3,31,6,30,60,60661,70 D1324,49.2352094,2.9799139,Crépuscule ou aube,En agglomération,Hors intersection,Normale,Autre collision,3,2,2,0,1,1,1,0,4,50,1,1,0,0,1,0,22.0,,voiture,,2,2,1,1,6
201900053934,2019-03-28 19:20:00,2019,3,28,19,20,85,85064,8 Lotissement des Acacias,46.83168,-1.27756,Crépuscule ou aube,En agglomération,Hors intersection,Normale,Sans collision,4,2,2,0,1,1,1,0,1,50,1,1,0,0,1,0,31.0,,deux_roues,,2,2,1,1,7
201900053935,2019-07-12 16:30:00,2019,7,12,16,30,75,75101,AVENUE GENERAL LEMONNIER,48.860944,2.330054,Plein jour,En agglomération,Intersection en T,Normale,Deux véhicules - côté,4,1,3,0,1,1,1,0,1,50,2,2,1,0,0,1,39.0,52.0,voiture,voiture,1,2,3,1,3
201900053936,2019-03-30 02:45:00,2019,3,30,2,45,44,44089,N165,47.340514,-1.825044,Nuit sans éclairage public,Hors agglomération,Hors intersection,Normale,Autre collision,2,3,4,0,1,1,1,0,3,110,1,1,0,0,1,0,30.0,,voiture,,3,1,1,1,6
201900053937,2019-07-11 06:30:00,2019,7,11,6,30,75,75103,RUE DU TEMPLE,48.860734,2.355317,Plein jour,En agglomération,Hors intersection,Pluie légère,Autre collision,4,1,1,0,1,1,2,0,1,50,1,2,1,0,0,1,44.0,,utilitaire_camion,,1,2,1,2,6
201900053938,2019-03-21 13:25:00,2019,3,21,13,25,44,44098,RN 165,47.480441,-2.187165,Plein jour,Hors agglomération,Hors intersection,Normale,Deux véhicules - frontale,2,3,4,0,2,1,1,0,1,110,2,2,0,1,1,0,89.0,56.0,voiture,voiture,1,1,1,1,1
201900053939,2019-07-13 03:20:00,2019,7,13,3,20,75,75103,RUE SAINT MARTIN,48.86309,2.352405,Nuit avec éclairage allumé,En agglomération,Intersection en X,Normale,Deux véhicules - côté,4,1,1,0,1,1,1,0,1,50,2,2,1,0,0,1,35.0,35.0,voiture,deux_roues,5,2,2,1,3
201900053940,2019-03-30 03:44:00,2019,3,30,3,44,44,44066,"Route Nationale 137, PR 041.650",47.370139,-1.647009,Nuit sans éclairage public,Hors agglomération,Hors intersection,Normale,Autre collision,2,1,4,3,1,1,1,8,3,70,1,3,1,0,1,1,25.0,,voiture,,3,1,1,1,6
201900053941,2019-07-12 23:14:00,2019,7,12,23,14,75,75101,RUE SAINT HONORE,48.86223,2.339167,Nuit avec éclairage allumé,En agglomération,Intersection en T,Normale,Deux véhicules - côté,4,2,3,0,1,1,1,0,1,50,2,3,2,0,0,1,49.0,19.0,deux_roues,voiture,5,2,3,1,3
201900053942,2019-03-28 15:20:00,2019,3,28,15,20,30,30221,N 580,44.030514,4.73572,Plein jour,Hors agglomération,Hors intersection,Normale,Deux véhicules - côté,2,2,2,0,2,1,1,0,1,80,2,3,1,0,1,1,21.0,56.0,deux_roues,voiture,1,1,1,1,3
201900053943,2019-07-11 14:45:00,2019,7,11,14,45,75,75101,RUE DE ROHAN,48.863205,2.335538,Plein jour,En agglomération,Place,Normale,Deux véhicules - côté,4,2,4,0,1,1,1,5,1,50,2,2,1,0,0,1,55.0,71.0,voiture,deux_roues,1,2,7,1,3
201900053944,2019-03-30 04:36:00,2019,3,30,4,36,83,83043,,43.231675,6.260763,Nuit sans éclairage public,Hors agglomération,Hors intersection,Normale,Autre collision,3,2,2,0,1,1,1,0,3,80,1,1,0,0,1,0,39.0,,voiture,,3,1,1,1,6
201900053945,2019-07-11 10:55:00,2019,7,11,10,55,94,94081,FONTAINEBLEAU (RTE DE),48.773,2.36783,Plein jour,En agglomération,Hors intersection,Normale,Autre collision,3,2,4,0,1,1,1,0,1,50,3,2,1,0,0,1,47.0,54.0,voiture,deux_roues,1,2,1,1,6
201900053946,2019-07-12 11:15:00,2019,7,12,11,15,94,94080,REPUBLIQUE (AV DE LA),48.85165,2.43721,Plein jour,En agglomération,Hors intersection,Normale,Trois véhicules et plus - collisions multiples,4,2,2,0,1,1,1,0,1,50,3,4,2,0,0,2,49.0,26.0,voiture,deux_roues,1,2,1,1,5
201900053947,2019-03-30 17:35:00,2019,3,30,17,35,66,66096,Avenue du Général de Gaulle,42.76781,2.65931,Nuit sans éclairage public,Hors agglomération,Hors intersection,Normale,Deux véhicules - côté,3,2,2,0,1,1,1,0,1,80,2,4,2,0,0,2,37.0,38.0,voiture,voiture,3,1,1,1,3
201900053948,2019-07-10 02:45:00,2019,7,10,2,45,94,94076,PAUL VAILLANT COUTURIER (AV),48.794,2.36,Nuit avec éclairage allumé,En agglomération,Hors intersection,Normale,Autre collision,3,2,2,0,1,1,1,0,1,50,1,1,0,0,0,1,25.0,,deux_roues,,5,2,1,1,6
201900053949,2019-03-28 17:30:00,2019,3,28,17,30,66,66050,Sant Jaume du Crest,42.77296,2.91176,Plein jour,Hors agglomération,Autre intersection,Temps éblouissant,Deux véhicules - côté,4,2,2,0,1,2,1,0,1,50,2,2,1,0,1,0,55.0,47.0,utilitaire_camion,deux_roues,1,1,9,7,3
201900053950,2019-07-12 12:00:00,2019,7,12,12,0,94,94003,CONVENTION (AV DE LA),48.80165,2.33356,Plein jour,En agglomération,Hors intersection,Normale,Autre collision,4,2,2,0,1,1,1,0,1,50,1,2,1,0,0,1,50.0,,voiture,,1,2,1,1,6
201900053951,2019-03-31 08:50:00,2019,3,31,8,50,91,91617,RN6,48.639411,2.535509,Plein jour,Hors agglomération,Hors intersection,Normale,Autre collision,2,1,4,0,1,2,1,3,1,70,1,1,0,1,0,0,35.0,,deux_roues,,1,1,1,1,6
201900053952,2019-03-30 19:45:00,2019,3,30,19,45,56,56122,RD157 rue Haute,47.994594,-2.390412,Nuit sans éclairage public,Hors agglomération,Hors intersection,Normale,Sans collision,3,2,2,0,1,2,1,0,3,80,1,1,0,0,1,0,37.0,,deux_roues,,3,1,1,1,7
201900053953,2019-07-11 14:40:00,2019,7,11,14,40,94,94076,MAXIME GORKI (BD),48.79197,2.3699,Plein jour,En agglomération,Intersection en X,Normale,Deux véhicules - côté,3,2,4,0,1,1,1,6,1,50,2,2,1,0,0,1,48.0,27.0,voiture,voiture,1,2,2,1,3
201900053954,2019-03-30 18:20:00,2019,3,30,18,20,56,56034,Keriaval,47.615469,-3.085385,Plein jour,Hors agglomération,Intersection en X,Temps éblouissant,Trois véhicules et plus - collisions multiples,3,2,2,0,2,1,1,5,1,80,3,3,1,0,1,1,81.0,22.0,voiture,deux_roues,1,1,2,7,5
201900053955,2019-03-26 01:30:00,2019,3,26,1,30,56,56034,Avenue des Druides,47.576147,-3.057763,Nuit avec éclairage allumé,En agglomération,Giratoire,Normale,Sans collision,4,2,2,0,1,1,1,0,1,50,1,1,0,0,1,0,28.0,,voiture,,5,2,6,1,7
201900053956,2019-03-30 17:30:00,2019,3,30,17,30,56,56147,Bel Essor,47.538765,-2.227484,Plein jour,Hors agglomération,Intersection en T,Normale,Deux véhicules - côté,3,2,2,0,1,1,1,0,1,80,2,2,1,0,1,0,17.0,30.0,deux_roues,voiture,1,1,3,1,3
201900053957,2019-03-29 17:30:00,2019,3,29,17,30,56,56052,Route de Muzillac,47.52654,-2.56625,Plein jour,Hors agglomération,Intersection en T,Normale,Deux véhicules - côté,3,2,2,0,1,1,1,0,1,80,2,2,1,0,1,0,75.0,27.0,voiture,utilitaire_camion,1,1,3,1,3
201900053958,2019-07-12 15:15:00,2019,7,12,15,15,94,94073,GEORGES HALGOULT (R),48.7603961,2.3995417,Plein jour,En agglomération,Intersection en T,Normale,Autre collision,3,2,1,3,1,1,1,9,1,50,1,2,1,0,0,1,52.0,,transport_commun,,1,2,3,1,6
201900053959,2019-03-31 00:30:00,2019,3,31,0,30,74,74282,Route des Noyers (Thorens-Glières),46.008991,6.272565,Nuit sans éclairage public,Hors agglomération,Intersection en T,Normale,Autre collision,4,2,2,0,3,3,1,0,8,80,1,5,4,0,1,0,21.0,,voiture,,3,1,3,1,6
201900053960,2019-03-29 10:20:00,2019,3,29,10,20,67,67401,Rd 1061,48.92097,7.118579,Plein jour,Hors agglomération,Hors intersection,Normale,Sans collision,3,2,2,0,2,1,1,0,1,80,1,1,0,0,1,0,16.0,,deux_roues,,1,1,1,1,7
201900053961,2019-07-13 04:40:00,2019,7,13,4,40,94,94028,BASSE QUINTE.(RUE DE LA),48.77464,2.44155,Nuit avec éclairage allumé,En agglomération,Hors intersection,Normale,Autre collision,4,1,1,0,1,3,1,0,1,50,1,1,0,0,0,1,34.0,,voiture,,5,2,1,1,6
201900053962,2019-03-30 23:30:00,2019,3,30,23,30,76,76317,route de Bretteville -RD 10a,49.65322,0.403384,Nuit sans éclairage public,Hors agglomération,Hors intersection,Normale,Autre collision,3,2,2,0,1,1,1,0,3,80,1,3,1,0,1,1,19.0,,voiture,,3,1,1,1,6
201900053963,2019-07-11 11:50:00,2019,7,11,11,50,94,94028,HALPERN.(AVENUE BERNARD),48.7927,2.4435,Plein jour,En agglomération,Hors intersection,Normale,Sans collision,3,1,2,0,1,2,1,3,1,50,1,1,0,0,1,0,40.0,,deux_roues,,1,2,1,1,7
201900053964,2019-03-31 05:15:00,2019,3,31,5,15,79,79076,D 19,46.734922,-0.504428,Nuit sans éclairage public,Hors agglomération,Hors intersection,Normale,Sans collision,3,2,2,0,1,4,1,0,8,80,1,1,0,0,1,0,37.0,,voiture,,3,1,1,1,7
201900053965,2019-03-31 18:05:00,2019,3,31,18,5,2B,2B319,Figaretto,42.41689,9.529333,Plein jour,En agglomération,Hors intersection,Normale,Autre collision,2,2,2,0,1,1,1,5,1,50,1,1,0,0,1,0,56.0,,deux_roues,,1,2,1,1,6
201900053966,2019-07-11 13:35:00,2019,7,11,13,35,94,94022,HUIT MAI 1945 (AV DU),48.76481,2.41065,Plein jour,En agglomération,Hors intersection,Normale,Trois véhicules et plus - en chaîne,4,2,2,0,4,3,1,2,1,50,5,6,5,0,0,1,38.0,37.0,utilitaire_camion,voiture,1,2,1,1,4
201900053967,2019-07-12 18:10:00,2019,7,12,18,10,94,94079,GENERAL JOUBERT (AV DU),48.8212,2.5629,Plein jour,En agglomération,Hors intersection,Normale,Deux véhicules - côté,4,2,2,0,1,1,1,0,1,50,2,1,0,0,0,1,24.0,,deux_roues,,1,2,1,1,3
201900053968,2019-03-30 18:05:00,2019,3,30,18,5,80,80303,D940,50.2163966,1.6543651,Plein jour,Hors agglomération,Hors intersection,Normale,Autre collision,3,2,2,0,1,1,1,0,1,80,1,2,0,0,0,2,64.0,,deux_roues,,1,1,1,1,6
201900053969,2019-03-29 21:00:00,2019,3,29,21,0,82,82127,RD 957 - hauteur LA TUQUE ST THÈCLE,44.182811,1.085461,Nuit sans éclairage public,En agglomération,Hors intersection,Normale,Autre collision,3,2,2,0,1,3,1,0,8,50,1,1,0,0,0,1,27.0,,voiture,,3,2,1,1,6
201900053970,2019-07-11 10:45:00,2019,7,11,10,45,94,94055,PROVINS (RTE DE),48.794577,2.5517,Plein jour,En agglomération,Hors intersection,Normale,Deux véhicules - arrière,3,2,4,0,1,1,1,9,1,50,2,2,1,0,0,1,32.0,24.0,voiture,voiture,1,2,1,1,2
201900053971,2019-07-12 16:06:00,2019,7,12,16,6,94,94069,GRAVELLE (AV DE),48.82407,2.41999,Plein jour,En agglomération,Intersection en X,Normale,Deux véhicules - côté,3,2,3,0,1,1,1,0,1,30,2,4,0,0,0,4,26.0,60.0,voiture,voiture,1,2,2,1,3
201900053972,2019-07-11 10:00:00,2019,7,11,10,0,94,94017,MARX DORMOY (AV),48.80631,2.53119,Plein jour,En agglomération,Hors intersection,Normale,Sans collision,3,2,2,0,1,1,1,0,1,50,1,1,0,0,0,1,20.0,,deux_roues,,1,2,1,1,7
201900053973,2019-07-12 17:20:00,2019,7,12,17,20,94,94071,PARIS (R DE),48.7727,2.50106,Plein jour,En agglomération,Hors intersection,Normale,Deux véhicules - arrière,3,3,2,0,1,1,1,5,1,50,2,2,1,0,0,1,30.0,58.0,utilitaire_camion,deux_roues,1,2,1,1,2
201900053974,2019-03-31 11:30:00,2019,3,31,11,30,33,33490,Mirambeau,45.43279,-1.04744,Plein jour,Hors agglomération,Intersection en X,Normale,Deux véhicules - côté,3,2,3,-1,1,1,1,5,1,80,2,2,1,0,1,0,79.0,68.0,voiture,deux_roues,1,1,2,1,3
201900053975,2019-07-11 17:10:00,2019,7,11,17,10,94,94004,GENERAL LECLERC (AV DU),48.7563,2.50498,Plein jour,Hors agglomération,Hors intersection,Normale,Deux véhicules - côté,2,1,2,0,1,1,1,0,1,70,2,2,1,0,0,1,21.0,40.0,voiture,deux_roues,1,1,1,1,3
201900053976,2019-03-24 12:05:00,2019,3,24,12,5,69,69267,route du cru,46.16472,4.68031,Plein jour,Hors agglomération,Hors intersection,Normale,Deux véhicules - frontale,3,2,2,0,2,1,1,0,1,80,2,2,1,0,0,1,61.0,31.0,deux_roues,voiture,1,1,1,1,1
201900053977,2019-03-30 22:30:00,2019,3,30,22,30,81,81219,D84,43.518068,2.182272,Nuit sans éclairage public,Hors agglomération,Hors intersection,Pluie forte,Autre collision,3,2,2,0,2,1,1,0,3,80,1,1,0,1,0,0,32.0,,voiture,,3,1,1,3,6
201900053978,2019-07-11 13:50:00,2019,7,11,13,50,93,93078,CLEMENCEAU (AVENUE GEORGES),48.9532,2.56304,Plein jour,En agglomération,Hors intersection,Normale,Deux véhicules - côté,3,2,4,0,1,1,1,0,1,50,2,2,1,0,0,1,19.0,80.0,utilitaire_camion,deux_roues,1,2,1,1,3
201900053979,2019-03-29 16:00:00,2019,3,29,16,0,32,32369,CD 931,43.790558,0.016953,Plein jour,Hors agglomération,Hors intersection,Normale,Deux véhicules - frontale,3,2,2,0,1,2,1,0,1,80,2,4,3,0,1,0,71.0,67.0,voiture,voiture,1,1,1,1,1
201900053980,2019-07-13 13:00:00,2019,7,13,13,0,93,93071,GENERAL LECLERC (AVENUE DU),48.93895,2.52641,Plein jour,En agglomération,Autre intersection,Temps éblouissant,Deux véhicules - frontale,3,2,0,0,1,1,1,9,1,50,2,2,1,0,0,1,65.0,,voiture,,1,2,9,7,1
201900053981,2019-07-12 16:15:00,2019,7,12,16,15,93,93071,ANDRE TOUTAIN (AVENUE),48.94,2.52,Plein jour,En agglomération,Intersection en X,Normale,Deux véhicules - côté,4,2,2,0,1,1,1,0,1,50,2,4,1,0,0,3,40.0,29.0,voiture,voiture,1,2,2,1,3
201900053982,2019-07-12 00:55:00,2019,7,12,0,55,93,93055,JULES AUFFRET (51/FIN ET 56/FIN),48.8847,2.41137,Nuit avec éclairage allumé,En agglomération,Hors intersection,Normale,Deux véhicules - côté,3,-1,2,0,2,1,1,0,1,50,2,1,0,0,0,1,36.0,,deux_roues,,5,2,1,1,3