accident_id,datetime,annee,mois,jour,heure,minute,departement,commune_insee,adresse,latitude,longitude,luminosite,agglomeration,intersection,meteo,collision,catr,circ,nbv,vosp,prof,plan,surf,infra,situ,vma,nb_vehicules,nb_usagers,nb_indemnes,nb_tues,nb_blesses_hosp,nb_blesses_legers,age_cond_1,age_cond_2,veh_type_cond_1,veh_type_cond_2,lum_code,agg_code,int_code,atm_code,col_code
201900054074,2019-08-20 10:00:00,2019,8,20,10,0,974,97416,LIGNE DES BAMBOUS(ROUTE),-21.30324,55.4946,Plein jour,En agglomération,Intersection en T,Normale,Deux véhicules - côté,4,2,2,0,1,1,1,0,1,50,2,2,1,0,0,1,63.0,29.0,voiture,voiture,1,2,3,1,3
201900054075,2019-03-29 08:30:00,2019,3,29,8,30,6,06038,354 chemin du Camp de Tende,43.661044,6.97433,Plein jour,En agglomération,Autre intersection,Normale,Deux véhicules - frontale,4,2,2,0,1,1,1,0,1,50,2,2,1,0,1,0,39.0,45.0,deux_roues,voiture,1,2,9,1,1
201900054076,2019-07-13 11:52:00,2019,7,13,11,52,9,09253,Cap de la Coste,43.106127,1.401412,Plein jour,Hors agglomération,Hors intersection,Normale,Sans collision,3,2,2,0,1,2,1,0,3,80,1,1,0,0,1,0,59.0,,deux_roues,,1,1,1,1,7
201900054077,2019-08-16 17:40:00,2019,8,16,17,40,974,97416,BOISSY(CHEMIN),-21.34079,55.50838,Plein jour,Hors agglomération,Intersection en X,Normale,Deux véhicules - frontale,4,2,1,0,1,1,1,0,1,50,2,2,1,0,0,1,62.0,18.0,voiture,deux_roues,1,1,2,1,1
201900054078,2019-03-29 20:35:00,2019,3,29,20,35,6,06090,Intersection route de la Fénerie et chemin de Cabrol,43.589048,6.927515,Nuit sans éclairage public,En agglomération,Intersection en T,Normale,Deux véhicules - côté,3,3,2,1,1,1,1,2,6,50,2,2,1,1,0,0,45.0,50.0,voiture,deux_roues,3,2,3,1,3
201900054079,2019-08-20 16:50:00,2019,8,20,16,50,69,69276,BARTON (DE)                             ,45.66514,4.85363,Plein jour,En agglomération,Hors intersection,Pluie forte,Sans collision,4,2,4,1,2,2,2,0,1,50,1,3,0,0,0,3,61.0,,voiture,,1,2,1,3,7
201900054080,2019-07-14 09:20:00,2019,7,14,9,20,9,09181,route de la grotte D119,43.068049,1.354333,Nuit sans éclairage public,Hors agglomération,Hors intersection,Normale,Deux véhicules - frontale,3,2,2,0,2,3,2,1,1,80,2,2,1,0,1,0,54.0,28.0,voiture,deux_roues,3,1,1,1,1
201900054081,2019-03-28 16:55:00,2019,3,28,16,55,83,83032,RD562,43.466043,6.144527,Plein jour,Hors agglomération,Hors intersection,Normale,Sans collision,3,2,2,0,1,1,1,0,1,80,1,1,0,0,1,0,41.0,,voiture,,1,1,1,1,7
201900054082,2019-08-20 15:40:00,2019,8,20,15,40,69,69383,PIERRE CORNEILLE                    (R ),45.75864,4.8448,Plein jour,En agglomération,Intersection en X,Pluie forte,Autre collision,4,-1,1,0,1,1,2,0,1,50,1,2,1,0,0,1,38.0,,voiture,,1,2,2,3,6
201900054083,2019-03-29 19:40:00,2019,3,29,19,40,83,83012,,43.577199,6.016339,Nuit sans éclairage public,Hors agglomération,Hors intersection,Normale,Autre collision,3,2,2,0,1,2,1,0,3,80,1,1,0,0,1,0,31.0,,deux_roues,,3,1,1,1,6
201900054084,2019-07-14 13:00:00,2019,7,14,13,0,22,22177,Le Plessix,48.63276,-2.954428,Plein jour,Hors agglomération,Hors intersection,Normale,Sans collision,3,2,2,0,1,2,1,0,4,70,1,3,0,2,0,1,32.0,,voiture,,1,1,1,1,7
201900054085,2019-08-20 12:35:00,2019,8,20,12,35,69,69259,URBAIN EST                              ,45.68783,4.88678,Plein jour,Hors agglomération,Autre intersection,Pluie forte,Sans collision,7,1,2,0,1,3,2,9,1,50,1,1,0,0,0,1,18.0,,deux_roues,,1,1,9,3,7
201900054086,2019-03-30 15:25:00,2019,3,30,15,25,60,60105,55 rue saint hubert,49.5686226,3.1138247,Plein jour,En agglomération,Hors intersection,Normale,Autre collision,3,2,2,0,1,1,1,0,1,50,1,2,1,0,1,0,22.0,,voiture,,1,2,1,1,6
201900054087,2019-07-12 18:46:00,2019,7,12,18,46,22,22237,la rougeraie,48.521231,-2.283574,Crépuscule ou aube,Hors agglomération,Hors intersection,Normale,Deux véhicules - frontale,4,2,2,0,2,4,1,0,1,80,2,2,1,0,0,1,81.0,16.0,voiture,deux_roues,2,1,1,1,1
201900054088,2019-08-20 06:00:00,2019,8,20,6,0,69,69388,JEAN MERMOZ                         (AV),45.7305,4.88751,Nuit sans éclairage public,En agglomération,Intersection en X,Pluie légère,Autre collision,4,1,6,0,1,1,2,5,1,50,1,2,1,0,0,1,23.0,,voiture,,3,2,2,2,6
201900054089,2019-03-31 01:50:00,2019,3,31,1,50,60,60044,Rue du Général de Gaulle,49.291581,2.339522,Nuit avec éclairage allumé,En agglomération,Hors intersection,Normale,Sans collision,3,2,2,0,1,1,1,0,4,50,1,1,0,0,0,1,19.0,,voiture,,5,2,1,1,7
201900054090,2019-07-12 18:45:00,2019,7,12,18,45,11,11418,A61,43.239601,2.086678,Plein jour,Hors agglomération,Hors intersection,Normale,Deux véhicules - arrière,1,3,4,0,1,1,1,0,1,130,2,4,3,0,1,0,35.0,36.0,voiture,deux_roues,1,1,1,1,2
201900054091,2019-08-20 06:50:00,2019,8,20,6,50,972,97209,AUTOROUTE (A1),14.61824,-61.03553,Plein jour,Hors agglomération,Hors intersection,Normale,Trois véhicules et plus - collisions multiples,1,3,6,0,2,1,1,3,1,80,3,5,0,0,0,5,45.0,30.0,voiture,voiture,1,1,1,1,5
201900054092,2019-03-28 17:00:00,2019,3,28,17,0,60,60626,26 Rue de Dieppe,49.38866,1.735791,Plein jour,En agglomération,Intersection en T,Normale,Trois véhicules et plus - collisions multiples,3,2,2,0,1,1,1,0,1,50,3,3,1,0,0,2,47.0,35.0,voiture,voiture,1,2,3,1,5
201900054093,2019-07-11 10:44:00,2019,7,11,10,44,49,49220,RD135,47.70389,-0.352293,Plein jour,Hors agglomération,Hors intersection,Normale,Sans collision,3,2,2,0,1,1,1,0,3,80,1,2,1,0,0,1,72.0,,voiture,,1,1,1,1,7
201900054094,2019-08-20 16:15:00,2019,8,20,16,15,69,69382,DENUZIERE                           (R ),45.74458,4.81953,Plein jour,En agglomération,Intersection en X,Pluie légère,Deux véhicules - côté,4,2,2,0,1,1,2,0,1,50,2,2,0,0,0,2,51.0,21.0,voiture,voiture,1,2,2,2,3
201900054095,2019-03-31 18:00:00,2019,3,31,18,0,45,45245,RD 122 PK 09 + 900,47.6931237,2.7557818,Plein jour,Hors agglomération,Hors intersection,Normale,Autre collision,3,2,2,0,1,1,1,0,3,80,1,3,0,1,1,1,18.0,,voiture,,1,1,1,1,6
201900054096,2019-07-10 23:45:00,2019,7,10,23,45,17,17310,18 Route de Saint-Seurin d'Uzet,45.591789,-0.757844,Nuit sans éclairage public,Hors agglomération,Hors intersection,Normale,Autre collision,3,2,2,0,1,3,1,0,1,80,1,4,3,0,1,0,21.0,,voiture,,3,1,1,1,6
201900054097,2019-07-12 18:25:00,2019,7,12,18,25,81,81109,D83,43.6794286,2.1542868,Plein jour,Hors agglomération,Hors intersection,Normale,Autre collision,3,2,2,0,2,1,1,2,3,80,1,1,0,1,0,0,85.0,,voiture,,1,1,1,1,6
201900054098,2019-03-30 20:30:00,2019,3,30,20,30,45,45046,D 955,47.976894,1.763634,Nuit sans éclairage public,Hors agglomération,Hors intersection,Normale,Deux véhicules - frontale,3,3,2,0,1,3,1,0,1,70,2,3,0,1,2,0,33.0,69.0,voiture,voiture,3,1,1,1,1
201900054099,2019-08-19 15:18:00,2019,8,19,15,18,69,69389,CHAMPAGNE (DE)                      (AV),45.78981,4.79747,Plein jour,En agglomération,Intersection en X,Normale,Deux véhicules - côté,4,2,4,1,1,1,1,0,1,50,2,3,1,0,0,2,54.0,43.0,voiture,transport_commun,1,2,2,1,3
201900054100,2019-03-27 15:40:00,2019,3,27,15,40,64,64416,Chemin de Bererenx,43.315789,-0.754411,Plein jour,En agglomération,Hors intersection,Normale,Sans collision,4,2,2,0,2,1,1,0,8,30,1,1,0,1,0,0,69.0,,voiture,,1,2,1,1,7
201900054101,2019-07-14 12:10:00,2019,7,14,12,10,10,10406,10 Rue des Tilleuls,48.239134,4.145696,Plein jour,En agglomération,Hors intersection,Normale,Deux véhicules - arrière,9,2,2,0,1,1,1,0,4,50,2,2,1,0,1,0,33.0,71.0,deux_roues,voiture,1,2,1,1,2
201900054102,2019-08-20 22:45:00,2019,8,20,22,45,2B,2B033,SAMPIERO CORSO - AV,42.67123,9.44363,Nuit avec éclairage allumé,Hors agglomération,Giratoire,Normale,Deux véhicules - côté,2,1,2,0,1,1,1,5,1,70,2,2,1,0,0,1,62.0,21.0,voiture,deux_roues,5,1,6,1,3
201900054103,2019-08-20 13:45:00,2019,8,20,13,45,95,95582,9 RUE JACQUES TROYNES,48.9679,2.2404,Plein jour,En agglomération,Hors intersection,Normale,Autre collision,4,1,2,0,1,2,1,0,1,50,1,2,0,1,0,1,36.0,,utilitaire_camion,,1,2,1,1,6
201900054104,2019-07-10 21:55:00,2019,7,10,21,55,972,97231,D7 - PK 9+700,14.538385,-61.058989,Nuit sans éclairage public,En agglomération,Hors intersection,Normale,Autre collision,3,2,2,0,2,3,1,0,3,50,1,1,0,1,0,0,22.0,,voiture,,3,2,1,1,6
201900054105,2019-03-31 05:30:00,2019,3,31,5,30,36,36094,D44,46.4747343,1.2244299,Crépuscule ou aube,Hors agglomération,Hors intersection,Normale,Autre collision,3,2,2,0,1,3,1,0,3,80,1,1,0,1,0,0,47.0,,voiture,,2,1,1,1,6
201900054106,2019-07-13 10:50:00,2019,7,13,10,50,972,97204,Avenue du Général de Gaulle,14.707099,-61.183265,Plein jour,En agglomération,Hors intersection,Normale,Autre collision,2,2,2,0,1,2,1,0,1,50,1,2,1,0,1,0,65.0,,voiture,,1,2,1,1,6
201900054107,2019-08-20 21:35:00,2019,8,20,21,35,91,91377,BOURGOGNE (AVENUE DE),48.73451,2.29274,Nuit avec éclairage allumé,En agglomération,Intersection en X,Normale,Deux véhicules - côté,4,2,2,0,1,1,1,0,1,50,2,5,0,0,0,5,24.0,23.0,voiture,voiture,5,2,2,1,3
201900054108,2019-03-28 16:45:00,2019,3,28,16,45,7,07222,Le Bail,44.914612,4.452886,Plein jour,Hors agglomération,Hors intersection,Normale,Deux véhicules - arrière,3,2,2,0,2,2,1,0,1,80,2,2,1,0,0,1,68.0,53.0,voiture,deux_roues,1,1,1,1,2
201900054109,2019-07-11 12:45:00,2019,7,11,12,45,83,83086,Boulevard de la Libération,43.47288,6.56115,Plein jour,En agglomération,Intersection en X,Normale,Autre collision,3,2,2,0,1,1,1,5,1,50,1,2,1,0,0,1,22.0,,voiture,,1,2,2,1,6
201900054110,2019-08-19 19:30:00,2019,8,19,19,30,91,91223,GUETTARD (RUE J.E.),48.44438,2.16389,Plein jour,En agglomération,Hors intersection,Normale,Autre collision,9,-1,0,0,1,1,1,9,1,30,2,2,1,0,0,1,20.0,20.0,deux_roues,deux_roues,1,2,1,1,6
201900054111,2019-07-12 08:40:00,2019,7,12,8,40,35,35085,Avenue de la Libération,48.414989,-1.734039,Plein jour,En agglomération,Hors intersection,Pluie légère,Autre collision,4,2,2,1,1,1,1,0,5,50,1,2,1,0,0,1,17.0,,deux_roues,,1,2,1,2,6
201900054112,2019-03-29 18:40:00,2019,3,29,18,40,7,07035,D14,44.920738,4.722155,Plein jour,Hors agglomération,Hors intersection,Normale,Trois véhicules et plus - collisions multiples,3,2,2,0,1,3,1,0,1,80,3,4,0,2,0,2,47.0,76.0,voiture,voiture,1,1,1,1,5
201900054113,2019-08-19 11:15:00,2019,8,19,11,15,91,91223,AVENUE DE LA LIBERATION,48.43213,2.15631,Plein jour,En agglomération,Hors intersection,Normale,Trois véhicules et plus - collisions multiples,4,2,2,0,2,1,1,0,1,50,3,3,2,0,0,1,34.0,50.0,voiture,voiture,1,2,1,1,5
201900054114,2019-07-12 22:00:00,2019,7,12,22,0,84,84127,1872 Route de Sainte-Cécile,44.195223,4.864749,Nuit sans éclairage public,Hors agglomération,Hors intersection,Normale,Autre collision,3,2,2,0,1,1,1,0,3,70,1,1,0,0,1,0,22.0,,voiture,,3,1,1,1,6
201900054115,2019-03-08 15:00:00,2019,3,8,15,0,7,07302,RD2,44.670957,4.709498,Plein jour,Hors agglomération,Hors intersection,Temps couvert,Autre collision,3,2,2,0,2,1,1,0,8,80,1,2,1,0,1,0,23.0,,deux_roues,,1,1,1,8,6
201900054116,2019-08-17 00:58:00,2019,8,17,0,58,86,86066,WILSON (AVENUE DU PRESIDENT),46.81449,0.54365,Nuit avec éclairage allumé,En agglomération,Intersection en T,Normale,Deux véhicules - côté,3,1,1,0,1,1,1,5,1,50,2,2,1,0,0,1,22.0,53.0,deux_roues,deux_roues,5,2,3,1,3
201900054117,2019-03-31 16:50:00,2019,3,31,16,50,53,53127,Les Yvets la Baroche,48.463238,-0.452174,Plein jour,Hors agglomération,Hors intersection,Normale,Autre collision,3,2,2,0,1,1,1,9,3,80,1,1,0,0,1,0,70.0,,voiture,,1,1,1,1,6
201900054118,2019-07-13 18:00:00,2019,7,13,18,0,63,63327,74 Rue Jeanne D'Arc,45.932178,3.120404,Plein jour,En agglomération,Intersection en T,Normale,Sans collision,4,2,2,0,1,1,1,0,8,50,1,1,0,0,1,0,41.0,,deux_roues,,1,2,3,1,7
201900054119,2019-08-20 23:10:00,2019,8,20,23,10,81,81060,JAURES ( AVENUE JEAN ),44.0499703,2.1523304,Nuit avec éclairage allumé,En agglomération,Hors intersection,Normale,Autre collision,3,1,1,0,1,1,1,0,1,50,1,3,2,0,1,0,17.0,,deux_roues,,5,2,1,1,6
201900054120,2019-03-29 15:00:00,2019,3,29,15,0,21,21272,Départementale 980 PK 35+700,47.437404,4.311293,Plein jour,Hors agglomération,Intersection en T,Normale,Deux véhicules - frontale,1,2,2,0,1,1,1,7,8,50,2,2,1,0,1,0,44.0,70.0,utilitaire_camion,voiture,1,1,3,1,1
201900054121,2019-07-13 19:30:00,2019,7,13,19,30,1,01238,Route de la Genêtière,45.908705,4.81579,Plein jour,En agglomération,Hors intersection,Normale,Deux véhicules - frontale,3,2,2,0,1,1,1,0,1,50,2,3,2,0,0,1,21.0,65.0,voiture,voiture,1,2,1,1,1
201900054122,2019-08-20 00:20:00,2019,8,20,0,20,81,81060,TORCATIS ( AV. BOULOC),44.05604,2.14825,Nuit avec éclairage allumé,En agglomération,Intersection en X,Pluie légère,Deux véhicules - côté,3,2,2,0,2,1,2,5,1,50,2,3,2,0,1,0,15.0,45.0,deux_roues,voiture,5,2,2,2,3
201900054123,2019-08-16 22:30:00,2019,8,16,22,30,80,80131,,49.8603,2.38288,Nuit sans éclairage public,En agglomération,Hors intersection,Normale,Sans collision,3,2,2,0,1,1,1,0,1,90,1,1,0,0,1,0,32.0,,deux_roues,,3,2,1,1,7
201900054124,2019-07-12 10:10:00,2019,7,12,10,10,68,68300,25 Roue Départemetale 201,47.787899,7.388126,Plein jour,En agglomération,Hors intersection,Normale,Autre collision,6,-1,-1,0,1,1,1,9,8,-1,1,5,2,0,0,3,72.0,,voiture,,1,2,1,1,6
201900054125,2019-08-18 02:55:00,2019,8,18,2,55,80,80021,JULES FERRY (CHAUSSEE),49.88371,2.32428,Nuit avec éclairage allumé,En agglomération,Hors intersection,Pluie légère,Sans collision,4,2,2,0,1,1,2,0,1,50,1,1,0,0,0,1,25.0,,deux_roues,,5,2,1,2,7
201900054126,2019-07-13 18:14:00,2019,7,13,18,14,12,12033,RD 988,44.463781,2.7274,Plein jour,En agglomération,Hors intersection,Normale,Autre collision,3,2,2,0,2,1,1,9,1,70,1,3,2,0,1,0,77.0,,voiture,,1,2,1,1,6
201900054127,2019-03-30 14:23:00,2019,3,30,14,23,40,40284,d810,43.649331,-1.326602,Plein jour,Hors agglomération,Hors intersection,Normale,Deux véhicules - frontale,3,2,3,0,1,1,1,0,1,80,2,2,1,0,1,0,41.0,45.0,voiture,voiture,1,1,1,1,1
201900054128,2019-08-20 15:55:00,2019,8,20,15,55,78,78299,GUILLAUME DE BEAUMONT (RUE),49.0066,1.89807,Plein jour,En agglomération,Hors intersection,Normale,Sans collision,4,-1,1,0,2,3,1,0,1,50,1,1,0,0,1,0,16.0,,autre,,1,2,1,1,7
201900054129,2019-07-14 01:50:00,2019,7,14,1,50,35,35239,D41 - PK 33,47.886325,-1.327976,Nuit sans éclairage public,Hors agglomération,Hors intersection,Normale,Autre collision,3,2,2,0,1,1,1,0,3,80,1,1,0,0,1,0,18.0,,voiture,,3,1,1,1,6
201900054130,2019-03-30 14:05:00,2019,3,30,14,5,24,24540,Les 04 Routes - CD8,45.2681,0.8332,Plein jour,Hors agglomération,Intersection en X,Normale,Autre collision,3,2,2,0,3,1,1,0,3,80,2,3,1,0,2,0,27.0,18.0,voiture,voiture,1,1,2,1,6
201900054131,2019-07-12 03:30:00,2019,7,12,3,30,29,29075,N12,48.444918,-4.398611,Nuit sans éclairage public,Hors agglomération,Hors intersection,Pluie légère,Sans collision,2,3,4,0,1,1,2,0,3,110,1,1,0,1,0,0,55.0,,voiture,,3,1,1,2,7
201900054132,2019-08-20 00:50:00,2019,8,20,0,50,77,77215,RN4 HORS AGGLOMERATION,48.7347757,2.7368821,Nuit sans éclairage public,Hors agglomération,Hors intersection,Normale,Deux véhicules - arrière,2,1,3,0,1,1,1,0,3,90,2,2,0,0,0,2,23.0,,voiture,,3,1,1,1,2
201900054133,2019-03-29 18:40:00,2019,3,29,18,40,85,85103,Rue des Lavandières,46.53857,-1.6151,Plein jour,En agglomération,Intersection en X,Normale,Deux véhicules - côté,4,2,2,0,2,2,9,9,1,50,2,2,1,0,1,0,19.0,20.0,deux_roues,voiture,1,2,2,1,3
201900054134,2019-07-13 05:55:00,2019,7,13,5,55,74,74272,RD 1508,45.948778,6.046165,Crépuscule ou aube,Hors agglomération,Hors intersection,Normale,Deux véhicules - frontale,3,2,2,0,1,1,1,0,1,70,2,2,0,1,1,0,30.0,28.0,deux_roues,voiture,2,1,1,1,1
201900054135,2019-03-23 14:10:00,2019,3,23,14,10,85,85216,RD 137,46.44371,-1.10168,Plein jour,Hors agglomération,Hors intersection,Normale,Deux véhicules - arrière,3,2,2,0,1,1,1,0,1,80,2,3,1,0,0,2,26.0,54.0,voiture,voiture,1,1,1,1,2
201900054136,2019-07-12 00:05:00,2019,7,12,0,5,74,74112,Route de Bellegarde (Épagny),45.927511,6.084675,Nuit avec éclairage allumé,En agglomération,Hors intersection,Normale,Deux véhicules - arrière,3,2,2,1,1,1,1,2,1,50,2,5,4,1,0,0,23.0,49.0,deux_roues,voiture,5,2,1,1,2
201900054137,2019-08-17 16:06:00,2019,8,17,16,6,67,67482,CASTELNAU (RUE DU GENERAL DE),48.58786,7.748591,Plein jour,En agglomération,Hors intersection,Normale,Autre collision,4,2,3,1,1,2,1,0,1,30,1,2,1,0,0,1,57.0,,voiture,,1,2,1,1,6
201900054138,2019-03-31 05:50:00,2019,3,31,5,50,85,85261,D19,46.564498,-1.114321,Nuit sans éclairage public,Hors agglomération,Hors intersection,Normale,Sans collision,3,2,2,0,1,1,1,0,3,80,1,3,0,0,2,1,26.0,,voiture,,3,1,1,1,7
201900054139,2019-08-16 18:40:00,2019,8,16,18,40,67,67482,FOUDAY (RUE DE),48.574652,7.730934,Plein jour,En agglomération,Hors intersection,Normale,Deux véhicules - côté,4,3,2,0,1,1,1,0,1,50,2,2,1,0,0,1,38.0,9.0,voiture,deux_roues,1,2,1,1,3
201900054140,2019-08-15 04:20:00,2019,8,15,4,20,67,67482,RHIN (AVENUE DU),48.572674,7.792746,Nuit avec éclairage allumé,En agglomération,Hors intersection,Normale,Autre collision,4,3,4,3,1,2,1,4,1,50,1,1,0,1,0,0,21.0,,voiture,,5,2,1,1,6
201900054141,2019-08-14 18:10:00,2019,8,14,18,10,67,67482,LA FONTAINE (BOULEVARD),48.58907,7.70542,Plein jour,En agglomération,Hors intersection,Normale,Deux véhicules - frontale,6,-1,-1,0,1,1,1,0,1,30,2,3,2,0,1,0,56.0,16.0,voiture,deux_roues,1,2,1,1,1
201900054142,2019-07-09 23:15:00,2019,7,9,23,15,87,87019,A20 PK 191.600,45.763152,1.329413,Nuit sans éclairage public,Hors agglomération,Hors intersection,Normale,Sans collision,1,3,4,0,1,2,1,0,3,130,1,2,0,0,2,0,64.0,,voiture,,3,1,1,1,7
201900054143,2019-08-14 17:20:00,2019,8,14,17,20,67,67482,ROTTERDAM (RUE DE),48.58206,7.77905,Plein jour,En agglomération,Intersection en T,Pluie légère,Deux véhicules - côté,4,1,1,0,1,4,1,0,1,50,2,2,1,0,0,1,33.0,29.0,voiture,deux_roues,1,2,3,2,3
201900054144,2019-07-13 21:15:00,2019,7,13,21,15,1,01033,Rue Antoine Jacquet,46.117571,5.815161,Nuit avec éclairage allumé,En agglomération,Hors intersection,Normale,Autre collision,4,2,2,0,2,1,1,0,4,50,1,1,0,0,1,0,15.0,,deux_roues,,5,2,1,1,6
201900054145,2019-08-20 12:20:00,2019,8,20,12,20,66,66136,FRANCE LIBRE (BOULEVARD DE LA),42.70102,2.88557,Plein jour,En agglomération,Hors intersection,Normale,Deux véhicules - arrière,4,3,2,0,1,2,1,0,1,50,2,2,1,0,0,1,46.0,31.0,voiture,voiture,1,2,1,1,2
201900054146,2019-07-13 14:10:00,2019,7,13,14,10,1,01033,rd1206,46.095229,5.854655,Plein jour,Hors agglomération,Hors intersection,Normale,Trois véhicules et plus - collisions multiples,3,2,2,0,2,1,1,0,1,80,3,6,1,0,1,4,21.0,70.0,voiture,voiture,1,1,1,1,5
201900054147,2019-03-29 19:30:00,2019,3,29,19,30,27,27518,"D810, accès A131",49.450839,0.547644,Nuit sans éclairage public,Hors agglomération,Intersection à plus de 4 branches,Normale,Deux véhicules - côté,1,1,-1,-1,1,1,1,3,1,-1,2,3,1,0,2,0,46.0,49.0,voiture,deux_roues,3,1,5,1,3
201900054148,2019-08-18 15:35:00,2019,8,18,15,35,60,60175,BOURSIER (RUE),49.26179,2.47765,Plein jour,En agglomération,Hors intersection,Temps couvert,Deux véhicules - frontale,4,2,2,0,2,3,2,0,1,30,2,4,1,0,0,3,23.0,34.0,voiture,utilitaire_camion,1,2,1,8,1
201900054149,2019-07-12 01:45:00,2019,7,12,1,45,1,01257,RD14,46.18132,5.807156,Nuit sans éclairage public,Hors agglomération,Hors intersection,Normale,Sans collision,3,-1,2,0,1,2,1,0,3,80,1,5,3,0,1,1,18.0,,voiture,,3,1,1,1,7
201900054150,2019-03-29 23:50:00,2019,3,29,23,50,28,28319,Route départementale 2020,48.275645,1.976342,Nuit sans éclairage public,Hors agglomération,Hors intersection,Normale,Deux véhicules - côté,3,4,3,0,1,1,1,0,1,80,2,3,0,1,1,1,23.0,37.0,voiture,voiture,3,1,1,1,3
201900054151,2019-08-20 16:20:00,2019,8,20,16,20,59,59352,VILLAS (HAMEAU DES),50.74037,3.08348,Plein jour,En agglomération,Hors intersection,Normale,Deux véhicules - arrière,7,2,2,0,1,1,1,0,1,50,2,3,1,0,0,2,23.0,49.0,voiture,voiture,1,2,1,1,2
201900054152,2019-07-11 19:05:00,2019,7,11,19,5,85,85153,La Bonnière,46.7915,-1.10018,Plein jour,Hors agglomération,Hors intersection,Normale,Deux véhicules - arrière,3,2,2,0,3,1,1,0,1,80,2,2,0,0,2,0,62.0,30.0,utilitaire_camion,voiture,1,1,1,1,2
201900054153,2019-03-29 18:25:00,2019,3,29,18,25,37,37085,Le Bas Vau,47.24621,0.886918,Plein jour,Hors agglomération,Hors intersection,Normale,Deux véhicules - frontale,3,2,2,0,1,2,1,0,1,80,2,2,0,1,1,0,39.0,33.0,voiture,voiture,1,1,1,1,1
201900054154,2019-07-12 19:00:00,2019,7,12,19,0,34,34259,RN109,43.628864,3.77468,Plein jour,Hors agglomération,Hors intersection,Normale,Autre collision,2,3,4,0,1,2,1,0,3,110,1,1,0,0,1,0,31.0,,voiture,,1,1,1,1,6
201900054155,2019-08-19 19:22:00,2019,8,19,19,22,59,59486,NATIONALE (RUE),50.41634,3.13679,Plein jour,En agglomération,Intersection en T,Normale,Deux véhicules - côté,3,2,2,0,1,1,1,0,3,50,2,3,2,0,1,0,71.0,37.0,voiture,deux_roues,1,2,3,1,3
201900054156,2019-03-28 13:00:00,2019,3,28,13,0,37,37139,29 Avenue Louis-Charles d'Albert Duc de Luynes,47.390184,0.5468972,Plein jour,En agglomération,Intersection en X,Normale,Deux véhicules - côté,3,2,2,0,2,1,1,0,1,30,2,2,1,0,1,0,32.0,55.0,deux_roues,voiture,1,2,2,1,3
201900054157,2019-07-12 11:15:00,2019,7,12,11,15,38,38113,D1075,44.83228,5.60467,Plein jour,Hors agglomération,Hors intersection,Normale,Deux véhicules - frontale,3,2,2,0,2,4,1,0,1,80,2,3,2,1,0,0,58.0,23.0,utilitaire_camion,deux_roues,1,1,1,1,1
201900054158,2019-03-30 11:45:00,2019,3,30,11,45,37,37054,Route de Vernou,47.475452,0.722503,Plein jour,Hors agglomération,Hors intersection,Normale,Sans collision,3,2,2,0,1,2,1,0,8,80,1,1,0,0,0,1,18.0,,deux_roues,,1,1,1,1,7
201900054159,2019-08-18 12:05:00,2019,8,18,12,5,57,57757,MARGUERITE (RUE),49.34737,6.20044,Plein jour,En agglomération,Intersection en T,Normale,Autre collision,4,2,2,0,1,1,2,0,1,50,1,2,1,0,0,1,50.0,,voiture,,1,2,3,1,6
201900054160,2019-07-13 18:30:00,2019,7,13,18,30,23,23080,RD26,45.750119,2.126607,Plein jour,Hors agglomération,Hors intersection,Normale,Autre collision,3,2,2,0,2,2,1,0,1,80,2,2,1,0,1,0,35.0,60.0,deux_roues,deux_roues,1,1,1,1,6
201900054161,2019-03-31 09:45:00,2019,3,31,9,45,48,48032,La Brousse,44.628914,3.237477,Plein jour,En agglomération,Intersection en T,Normale,Deux véhicules - frontale,4,2,2,0,2,1,1,0,1,50,2,2,1,0,1,0,33.0,15.0,voiture,deux_roues,1,2,3,1,1
201900054162,2019-08-19 17:23:00,2019,8,19,17,23,56,56121,KENNEDY (RD-PT du Président),47.76372,-3.37964,Plein jour,En agglomération,Giratoire,Normale,Autre collision,4,1,1,0,1,2,1,5,1,50,1,1,0,0,0,1,30.0,,voiture,,1,2,6,1,6
201900054163,2019-03-16 16:35:00,2019,3,16,16,35,87,87001,D2000,45.818512,1.125865,Plein jour,Hors agglomération,Hors intersection,Normale,Deux véhicules - côté,3,2,2,0,1,1,1,0,2,80,2,2,1,0,1,0,61.0,25.0,deux_roues,voiture,1,1,1,1,3
201900054164,2019-08-19 13:10:00,2019,8,19,13,10,56,56121,Av du Général de Gaulle,47.73971,-3.37812,Plein jour,En agglomération,Hors intersection,Normale,Deux véhicules - arrière,4,2,2,0,1,1,1,0,1,50,2,1,0,0,0,1,53.0,,deux_roues,,1,2,1,1,2
201900054165,2019-03-29 19:45:00,2019,3,29,19,45,8,08381,RD 50,49.524354,4.10864,Nuit sans éclairage public,Hors agglomération,Hors intersection,Normale,Sans collision,3,2,2,0,3,2,1,0,3,80,1,2,0,1,1,0,29.0,,voiture,,3,1,1,1,7