accident_id,datetime,annee,mois,jour,heure,minute,departement,commune_insee,adresse,latitude,longitude,luminosite,agglomeration,intersection,meteo,collision,catr,circ,nbv,vosp,prof,plan,surf,infra,situ,vma,nb_vehicules,nb_usagers,nb_indemnes,nb_tues,nb_blesses_hosp,nb_blesses_legers,age_cond_1,age_cond_2,veh_type_cond_1,veh_type_cond_2,lum_code,agg_code,int_code,atm_code,col_code
201900054258,2019-08-20 07:55:00,2019,8,20,7,55,75,75119,RUE D AUBERVILLIERS,48.8986303,2.3704988,Plein jour,En agglomération,Intersection en X,Normale,Deux véhicules - côté,4,2,4,0,1,1,1,0,1,50,2,2,0,0,0,2,42.0,44.0,deux_roues,deux_roues,1,2,2,1,3
201900054259,2019-03-31 07:15:00,2019,3,31,7,15,42,42179,Route départementale 8,45.661387,4.045339,Plein jour,Hors agglomération,Hors intersection,Temps éblouissant,Sans collision,3,2,2,0,1,1,1,0,3,80,1,1,0,0,0,1,21.0,,voiture,,1,1,1,7,7
201900054260,2019-08-19 19:10:00,2019,8,19,19,10,75,75117,BOULEVARD DE DOUAUMONT,48.8962749,2.3100009,Plein jour,En agglomération,Intersection en X,Normale,Deux véhicules - côté,4,1,4,0,1,1,1,0,1,50,2,3,2,0,1,0,25.0,36.0,deux_roues,voiture,1,2,2,1,3
201900054261,2019-03-30 16:40:00,2019,3,30,16,40,38,38215,D36,45.586069,4.958037,Plein jour,En agglomération,Hors intersection,Normale,Deux véhicules - côté,3,2,2,0,1,1,1,0,1,70,2,2,1,0,0,1,27.0,26.0,voiture,deux_roues,1,2,1,1,3
201900054262,2019-08-20 17:40:00,2019,8,20,17,40,75,75113,BOULEVARD DE L HOPITAL,48.8427872,2.3640556,Plein jour,En agglomération,Hors intersection,Normale,Autre collision,4,2,6,3,1,1,1,0,6,50,1,2,1,0,0,1,37.0,,voiture,,1,2,1,1,6
201900054263,2019-03-30 06:50:00,2019,3,30,6,50,38,38374,Route des Vignes,45.649967,5.381958,Plein jour,Hors agglomération,Autre intersection,Normale,Autre collision,4,2,2,0,1,1,1,0,1,80,1,2,0,0,1,1,32.0,,voiture,,1,1,9,1,6
201900054264,2019-08-20 16:30:00,2019,8,20,16,30,75,75113,RUE DE LA GLACIERE,48.8293495,2.3434085,Plein jour,En agglomération,Hors intersection,Normale,Deux véhicules - côté,4,2,2,0,1,1,1,0,1,30,2,3,1,0,0,2,33.0,59.0,deux_roues,voiture,1,2,1,1,3
201900054265,2019-03-31 14:35:00,2019,3,31,14,35,1,01160,Rue de Meyrin,46.2496315,6.1016653,Plein jour,En agglomération,Intersection en Y,Normale,Deux véhicules - côté,3,2,2,0,1,2,1,0,1,50,2,2,1,0,0,1,54.0,38.0,deux_roues,voiture,1,2,4,1,3
201900054266,2019-08-20 19:30:00,2019,8,20,19,30,75,75111,BOULEVARD VOLTAIRE,48.8609951,2.3747903,Plein jour,En agglomération,Intersection en T,Normale,Autre collision,4,2,2,0,1,1,1,0,1,50,1,2,1,0,0,1,61.0,,voiture,,1,2,3,1,6
201900054267,2019-03-29 14:00:00,2019,3,29,14,0,69,69278,Rue du Bas Perron,45.89256,4.83262,Plein jour,En agglomération,Intersection en X,Normale,Deux véhicules - côté,4,1,1,0,1,1,1,0,1,50,2,2,1,0,0,1,25.0,22.0,deux_roues,voiture,1,2,2,1,3
201900054268,2019-08-20 14:10:00,2019,8,20,14,10,75,75107,PONT DE L ALMA,48.8624421,2.3015982,Plein jour,En agglomération,Intersection en X,Normale,Deux véhicules - côté,4,2,6,0,1,1,1,8,1,50,2,2,0,0,0,2,45.0,26.0,deux_roues,deux_roues,1,2,2,1,3
201900054269,2019-03-29 19:15:00,2019,3,29,19,15,69,69040,Avenue de Lanessan,45.798316,4.788989,Nuit avec éclairage allumé,En agglomération,Intersection en T,Normale,Deux véhicules - côté,3,2,2,0,1,1,1,0,1,50,2,2,1,0,0,1,26.0,33.0,deux_roues,voiture,5,2,3,1,3
201900054270,2019-08-20 08:15:00,2019,8,20,8,15,75,75107,QUAI D ORSAY,48.8628373,2.3134536,Plein jour,En agglomération,Intersection en X,Normale,Deux véhicules - côté,4,2,3,0,1,1,1,8,1,50,2,2,1,0,0,1,39.0,56.0,voiture,deux_roues,1,2,2,1,3
201900054271,2019-03-30 14:00:00,2019,3,30,14,0,81,81046,la bouffie,43.8440385,2.0372949,Plein jour,Hors agglomération,Intersection en X,Normale,Deux véhicules - côté,3,2,2,0,2,1,1,0,1,80,2,2,1,0,0,1,28.0,57.0,voiture,voiture,1,1,2,1,3
201900054272,2019-03-30 17:15:00,2019,3,30,17,15,81,81140,48 route de gaillac,43.711652,1.821461,Plein jour,En agglomération,Hors intersection,Normale,Autre collision,3,2,2,0,1,1,1,0,4,50,1,1,0,0,1,0,48.0,,deux_roues,,1,2,1,1,6
201900054273,2019-03-29 18:50:00,2019,3,29,18,50,79,79049,Place Émile Zola,46.837748,-0.493812,Plein jour,En agglomération,Giratoire,Normale,Deux véhicules - côté,4,1,1,0,1,1,1,5,1,50,2,3,2,0,1,0,17.0,57.0,deux_roues,voiture,1,2,6,1,3
201900054274,2019-03-26 13:15:00,2019,3,26,13,15,79,79024,La Borne,46.4148,-0.2467,Plein jour,Hors agglomération,Hors intersection,Normale,Deux véhicules - côté,4,2,2,0,1,1,1,0,1,50,2,2,1,0,0,1,77.0,24.0,voiture,deux_roues,1,1,1,1,3
201900054275,2019-03-30 07:00:00,2019,3,30,7,0,17,17348,la dechetterie,45.833644,-0.938625,Plein jour,Hors agglomération,Hors intersection,Normale,Sans collision,3,1,1,0,2,3,1,3,3,80,1,1,0,1,0,0,31.0,,voiture,,1,1,1,1,7
201900054276,2019-03-26 19:30:00,2019,3,26,19,30,16,16388,Carrefour D53 et D72,45.6450333,0.0351507,Nuit sans éclairage public,Hors agglomération,Intersection en X,Normale,Deux véhicules - côté,3,2,2,0,1,1,1,5,1,80,2,2,1,0,1,0,55.0,23.0,voiture,voiture,3,1,2,1,3
201900054277,2019-08-19 09:00:00,2019,8,19,9,0,94,94078,HUIT MAI 1945 (AV DU),48.72944,2.44675,Plein jour,En agglomération,Autre intersection,Normale,Deux véhicules - côté,2,2,8,3,2,1,1,2,1,50,2,2,1,0,0,1,42.0,65.0,deux_roues,voiture,1,2,9,1,3
201900054278,2019-03-31 18:35:00,2019,3,31,18,35,16,16078,La Chignolle ,45.744535,0.187118,Crépuscule ou aube,Hors agglomération,Intersection en T,Normale,Deux véhicules - frontale,3,2,2,0,2,3,1,5,1,80,2,2,1,0,1,0,71.0,42.0,voiture,deux_roues,2,1,3,1,1
201900054279,2019-08-20 15:50:00,2019,8,20,15,50,94,94068,MAHIEU (AV),48.810546,2.476214,Plein jour,En agglomération,Intersection en X,Normale,Deux véhicules - côté,4,2,2,0,1,1,1,0,1,50,2,2,1,0,0,1,42.0,20.0,voiture,voiture,1,2,2,1,3
201900054280,2019-03-30 16:30:00,2019,3,30,16,30,33,33029,RD5 course poursuite avec GN,44.5668,-0.71443,Plein jour,Hors agglomération,Hors intersection,Normale,Autre collision,3,2,2,0,1,1,1,0,3,80,1,1,0,1,0,0,21.0,,voiture,,1,1,1,1,6
201900054281,2019-03-29 15:30:00,2019,3,29,15,30,50,50505,la Herfrais,48.656274,-1.335491,Plein jour,Hors agglomération,Hors intersection,Normale,Autre collision,3,2,2,0,2,1,1,0,1,80,2,3,2,0,1,0,40.0,54.0,voiture,deux_roues,1,1,1,1,6
201900054282,2019-03-29 23:45:00,2019,3,29,23,45,35,35257,La Goudellerie (Saint-Brice-en-Coglès),48.419154,-1.376856,Nuit sans éclairage public,Hors agglomération,Hors intersection,Normale,Autre collision,4,2,2,0,1,3,1,0,3,50,1,1,0,0,1,0,27.0,,voiture,,3,1,1,1,6
201900054283,2019-03-29 19:30:00,2019,3,29,19,30,27,27394,rue de la mairie,49.296351,1.065065,Nuit avec éclairage allumé,En agglomération,Intersection en X,Normale,Deux véhicules - côté,3,2,2,0,1,1,1,5,1,50,2,2,1,0,1,0,68.0,28.0,deux_roues,voiture,5,2,2,1,3
201900054284,2019-03-29 17:20:00,2019,3,29,17,20,27,27168,19 Route d'Amfreville-Sous-Les-Monts,49.256144,1.270524,Plein jour,En agglomération,Hors intersection,Normale,Deux véhicules - côté,3,3,2,0,1,4,1,0,5,50,2,2,1,0,1,0,36.0,61.0,voiture,deux_roues,1,2,1,1,3
201900054285,2019-03-29 15:00:00,2019,3,29,15,0,60,60338,RD200,49.366189,2.775321,Plein jour,Hors agglomération,Hors intersection,Normale,Sans collision,3,3,4,0,1,1,1,0,8,110,1,2,0,0,1,1,23.0,,voiture,,1,1,1,1,7
201900054286,2019-03-30 14:35:00,2019,3,30,14,35,59,59611,2 Chemin de la Vierge,50.678602,2.97666,Plein jour,Hors agglomération,Hors intersection,Normale,Deux véhicules - côté,4,2,2,0,1,2,1,0,1,50,2,2,1,0,1,0,54.0,31.0,deux_roues,voiture,1,1,1,1,3
201900054287,2019-08-18 21:55:00,2019,8,18,21,55,94,94046,GENERAL LECLERC - CAR DE LA RESISTANCE (,48.815406,2.420463,Nuit avec éclairage allumé,En agglomération,Intersection à plus de 4 branches,Temps couvert,Deux véhicules - côté,3,4,8,0,2,1,1,5,1,50,2,2,1,0,1,0,25.0,37.0,deux_roues,transport_commun,5,2,5,8,3
201900054288,2019-03-29 20:00:00,2019,3,29,20,0,13,13071,A7-Sens Marseille vers Lyon,43.41296,5.2814,Nuit sans éclairage public,Hors agglomération,Hors intersection,Normale,Deux véhicules - arrière,1,1,3,0,1,1,1,0,1,110,2,3,2,0,0,1,38.0,29.0,voiture,voiture,3,1,1,1,2
201900054289,2019-08-19 07:45:00,2019,8,19,7,45,94,94076,ALEXANDRE DUMAS (IMP),48.79693,2.353,Plein jour,En agglomération,Hors intersection,Normale,Deux véhicules - côté,4,-1,0,0,1,1,1,0,1,50,2,2,1,0,0,1,42.0,39.0,deux_roues,voiture,1,2,1,1,3
201900054290,2019-03-26 08:50:00,2019,3,26,8,50,13,13215,A7-Sens Lyon vers Marseille,43.36264,5.36102,Plein jour,Hors agglomération,Hors intersection,Normale,Trois véhicules et plus - en chaîne,1,1,3,0,1,1,1,0,1,90,3,3,2,0,1,0,59.0,23.0,voiture,deux_roues,1,1,1,1,4
201900054291,2019-03-21 21:30:00,2019,3,21,21,30,13,13210,A50-Sens Marseille vers Aubagne,43.28582,5.42862,Nuit sans éclairage public,Hors agglomération,Hors intersection,Normale,Deux véhicules - arrière,1,1,4,0,1,1,1,0,1,90,2,2,1,0,0,1,24.0,33.0,voiture,voiture,3,1,1,1,2
201900054292,2019-08-20 15:55:00,2019,8,20,15,55,94,94021,GENERAL DE GAULLE (AV DU),48.77143,2.34779,Plein jour,En agglomération,Hors intersection,Normale,Deux véhicules - arrière,4,3,2,0,1,1,1,0,1,50,2,2,1,0,0,1,55.0,45.0,deux_roues,voiture,1,2,1,1,2
201900054293,2019-03-30 02:10:00,2019,3,30,2,10,69,69266,RD383   3.750 A 7.640,45.78123,4.89355,Nuit avec éclairage allumé,Hors agglomération,Hors intersection,Normale,Sans collision,3,1,2,0,1,3,1,0,1,50,1,3,0,0,1,2,49.0,,voiture,,5,1,1,1,7
201900054294,2019-03-28 14:40:00,2019,3,28,14,40,69,69272,A46S   57.400 A 61.010,45.59118,4.83395,Plein jour,Hors agglomération,Hors intersection,Normale,Autre collision,1,3,4,0,1,1,1,0,1,110,1,2,1,0,1,0,31.0,,utilitaire_camion,,1,1,1,1,6
201900054295,2019-08-19 22:30:00,2019,8,19,22,30,94,94073,RESISTANCE (R DE LA),48.75676,2.38788,Nuit avec éclairage allumé,En agglomération,Giratoire,Normale,Deux véhicules - côté,3,2,2,0,2,4,1,0,1,50,2,6,2,0,0,4,28.0,41.0,voiture,transport_commun,5,2,6,1,3
201900054296,2019-03-23 21:00:00,2019,3,23,21,0,69,69290,A43   3.865 A 9.894,45.71644,4.9416,Nuit sans éclairage public,Hors agglomération,Hors intersection,Normale,Sans collision,1,1,3,0,1,1,1,0,1,90,1,1,0,0,0,1,31.0,,voiture,,3,1,1,1,7
201900054297,2019-03-28 16:40:00,2019,3,28,16,40,57,57303,Autoroute A31,49.21481,6.17441,Plein jour,Hors agglomération,Hors intersection,Normale,Deux véhicules - arrière,1,3,6,0,1,1,1,0,1,110,2,4,3,0,0,1,34.0,21.0,voiture,deux_roues,1,1,1,1,2
201900054298,2019-08-19 15:25:00,2019,8,19,15,25,94,94054,NOUVELET (R DU),48.741421,2.405006,Plein jour,En agglomération,Hors intersection,Normale,Autre collision,4,1,0,0,2,1,1,0,1,50,1,2,0,0,0,2,43.0,,deux_roues,,1,2,1,1,6
201900054299,2019-08-20 17:30:00,2019,8,20,17,30,93,93066,CROIZAT AMBROISE RD 29 BIS,48.9327,2.3486,Plein jour,En agglomération,Hors intersection,Normale,Autre collision,3,2,2,0,1,1,1,0,1,50,1,1,0,0,0,1,,,,,1,2,1,1,6
201900054300,2019-03-28 07:15:00,2019,3,28,7,15,67,67447,Autoroute A.4,48.5999,7.75,Plein jour,Hors agglomération,Hors intersection,Normale,Autre collision,1,3,3,0,1,1,1,0,1,90,1,2,1,0,0,1,60.0,,voiture,,1,1,1,1,6
201900054301,2019-08-20 16:27:00,2019,8,20,16,27,93,93050,PIERRE BROSSOLETTE (RUE),48.856185,2.536915,Plein jour,En agglomération,Hors intersection,Normale,Autre collision,4,2,2,0,1,1,1,0,1,50,1,1,0,0,0,1,24.0,,voiture,,1,2,1,1,6
201900054302,2019-03-29 16:40:00,2019,3,29,16,40,33,33281,ROCADE A 630,44.85207,-0.6662,Plein jour,Hors agglomération,Hors intersection,Normale,Deux véhicules - côté,1,3,6,0,1,1,1,0,1,90,2,3,2,0,0,1,22.0,27.0,deux_roues,voiture,1,1,1,1,3
201900054303,2019-08-19 16:05:00,2019,8,19,16,5,93,93048,ARISTIDE BRIAND (BOULEVARD),48.87135,2.45236,Plein jour,En agglomération,Hors intersection,Normale,Autre collision,3,2,2,0,2,1,1,0,1,50,1,1,0,0,0,1,23.0,,deux_roues,,1,2,1,1,6
201900054304,2019-03-28 17:40:00,2019,3,28,17,40,33,33162,ROCADE A 630,44.86683,-0.64974,Plein jour,Hors agglomération,Hors intersection,Normale,Deux véhicules - côté,1,3,4,0,1,1,2,0,1,90,2,2,1,0,0,1,29.0,46.0,voiture,deux_roues,1,1,1,1,3
201900054305,2019-08-20 14:20:00,2019,8,20,14,20,93,93046,BENOIT MALON AVENUE,48.91668,2.53514,Plein jour,En agglomération,Hors intersection,Normale,Deux véhicules - frontale,4,2,2,0,1,1,1,0,2,30,2,2,0,0,0,2,44.0,83.0,voiture,voiture,1,2,1,1,1
201900054306,2019-08-20 11:40:00,2019,8,20,11,40,93,93029,GASTON LANDRY,48.92,2.45,Plein jour,En agglomération,Intersection en X,Normale,Deux véhicules - côté,4,1,1,0,1,1,1,0,1,30,2,3,2,0,0,1,63.0,73.0,voiture,voiture,1,2,2,1,3
201900054307,2019-08-19 17:14:00,2019,8,19,17,14,93,93001,GOULET (RUE DU)  => 24/31,48.90895,2.37804,Plein jour,En agglomération,Hors intersection,Normale,Autre collision,4,1,0,0,1,1,1,0,1,50,2,2,1,0,0,1,54.0,62.0,voiture,utilitaire_camion,1,2,1,1,6
201900054308,2019-08-19 08:52:00,2019,8,19,8,52,92,92026,EDITH CAVELL (DE 47 A FIN),48.90084,2.27007,Plein jour,En agglomération,Hors intersection,Normale,Deux véhicules - arrière,4,2,2,0,1,1,1,0,1,50,2,2,1,0,0,1,28.0,31.0,voiture,voiture,1,2,1,1,2
201900054309,2019-08-15 02:30:00,2019,8,15,2,30,92,92004,DOCTEUR DERVAUX  ( QUAI DU ),48.9086857,2.293052,Nuit avec éclairage allumé,En agglomération,Hors intersection,Normale,Autre collision,3,-1,2,0,1,1,1,0,1,50,1,1,0,0,0,1,21.0,,deux_roues,,5,2,1,1,6
201900054310,2019-08-20 10:30:00,2019,8,20,10,30,92,92004,BAS ( RUE DES ),48.918666,2.290974,Plein jour,En agglomération,Hors intersection,Normale,Deux véhicules - côté,3,-1,2,0,1,1,1,0,1,50,2,2,1,0,0,1,24.0,50.0,deux_roues,voiture,1,2,1,1,3
201900054311,2019-08-21 09:30:00,2019,8,21,9,30,54,54109,D913,48.546693,6.187013,Plein jour,Hors agglomération,Hors intersection,Normale,Trois véhicules et plus - collisions multiples,3,2,2,0,1,1,1,0,1,50,4,9,2,0,7,0,50.0,36.0,voiture,voiture,1,1,1,1,5
201900054312,2019-08-19 12:30:00,2019,8,19,12,30,9,09109,RD 14,43.20389,1.464016,Plein jour,Hors agglomération,Intersection en T,Normale,Deux véhicules - côté,3,2,2,0,1,1,1,0,1,80,2,2,1,0,1,0,38.0,59.0,deux_roues,utilitaire_camion,1,1,3,1,3
201900054313,2019-08-21 08:25:00,2019,8,21,8,25,31,31389,intersection chemin mireille / D66,43.632902,1.520151,Plein jour,Hors agglomération,Hors intersection,Temps éblouissant,Deux véhicules - frontale,3,2,2,0,1,3,1,5,1,80,2,2,1,0,1,0,24.0,61.0,utilitaire_camion,deux_roues,1,1,1,7,1
201900054314,2019-08-16 06:35:00,2019,8,16,6,35,13,13078,Rue Émile Serris,43.390478,4.802489,Crépuscule ou aube,En agglomération,Hors intersection,Normale,Autre collision,4,2,2,0,1,3,1,0,1,50,1,1,0,0,1,0,,,,,2,2,1,1,6
201900054315,2019-08-21 17:00:00,2019,8,21,17,0,28,28103,"Place de l'Église (Romilly-sur-Aigre, Autheuil)",48.007052,1.290348,Plein jour,En agglomération,Intersection en Y,Normale,Autre collision,3,2,2,0,1,2,1,0,1,50,1,2,1,0,1,0,67.0,,deux_roues,,1,2,4,1,6
201900054316,2019-08-18 03:30:00,2019,8,18,3,30,1,01157,Le Poulet,46.022325,4.752952,Nuit sans éclairage public,Hors agglomération,Hors intersection,Normale,Trois véhicules et plus - collisions multiples,3,2,2,0,1,1,1,0,1,70,3,3,1,0,1,1,44.0,22.0,voiture,voiture,3,1,1,1,5
201900054317,2019-08-20 14:30:00,2019,8,20,14,30,57,57163,8 Rue Belle Vue,48.649219,7.275547,Plein jour,En agglomération,Intersection en T,Normale,Deux véhicules - côté,3,2,2,0,1,1,1,0,1,50,2,2,1,1,0,0,80.0,78.0,deux_roues,voiture,1,2,3,1,3
201900054318,2019-08-16 11:50:00,2019,8,16,11,50,57,57174,D999,48.940128,6.591148,Plein jour,Hors agglomération,Hors intersection,Normale,Autre collision,3,2,2,0,2,2,1,0,8,80,1,1,0,0,1,0,53.0,,voiture,,1,1,1,1,6
201900054319,2019-08-19 14:35:00,2019,8,19,14,35,91,91534,Intersection CD 36 - rue de la martiière,48.72878,2.175459,Plein jour,Hors agglomération,Intersection en X,Normale,Deux véhicules - côté,3,4,3,0,1,1,1,5,1,50,2,5,3,0,0,2,59.0,35.0,utilitaire_camion,voiture,1,1,2,1,3
201900054320,2019-08-20 03:50:00,2019,8,20,3,50,51,51516,RD 76,48.626717,3.895911,Nuit sans éclairage public,Hors agglomération,Hors intersection,Normale,Autre collision,3,2,2,0,1,1,1,0,3,80,1,1,0,0,1,0,29.0,,voiture,,3,1,1,1,6
201900054321,2019-08-19 17:45:00,2019,8,19,17,45,56,56186,Rue de Saint-Julien,47.488442,-3.118926,Plein jour,En agglomération,Hors intersection,Normale,Autre collision,4,2,2,2,1,3,1,0,5,50,1,2,0,0,0,2,31.0,,deux_roues,,1,2,1,1,6
201900054322,2019-08-21 10:45:00,2019,8,21,10,45,77,77236,D411 X D2411,48.41237,3.26899,Plein jour,Hors agglomération,Intersection en Y,Normale,Sans collision,3,2,2,0,1,3,1,5,3,80,1,1,0,0,0,1,27.0,,deux_roues,,1,1,4,1,7
201900054323,2019-08-18 02:00:00,2019,8,18,2,0,2A,2A228,Route Départementale 55,41.819454,8.774643,Nuit sans éclairage public,Hors agglomération,Autre intersection,Normale,Trois véhicules et plus - collisions multiples,3,2,2,0,1,1,1,2,1,80,3,3,0,0,1,2,21.0,68.0,voiture,voiture,3,1,9,1,5
201900054324,2019-08-20 19:00:00,2019,8,20,19,0,2B,2B343,RT 10,42.493737,9.471912,Plein jour,Hors agglomération,Hors intersection,Normale,Deux véhicules - côté,2,2,2,0,1,1,1,0,1,70,2,2,0,0,2,0,67.0,21.0,voiture,deux_roues,1,1,1,1,3
201900054325,2019-08-20 17:50:00,2019,8,20,17,50,2B,2B077,corso,42.46389,9.496138,Plein jour,Hors agglomération,Hors intersection,Normale,Trois véhicules et plus - collisions multiples,2,2,2,0,1,3,1,0,1,70,3,6,2,2,2,0,31.0,51.0,voiture,voiture,1,1,1,1,5
201900054326,2019-08-21 17:20:00,2019,8,21,17,20,80,80570,Départementale 935,49.793659,2.471351,Plein jour,Hors agglomération,Hors intersection,Normale,Deux véhicules - frontale,3,2,2,0,3,1,1,0,1,80,2,2,1,0,1,0,74.0,27.0,voiture,deux_roues,1,1,1,1,1
201900054327,2019-08-21 14:20:00,2019,8,21,14,20,80,80235,4 Rue de la République,50.040925,1.524423,Plein jour,En agglomération,Hors intersection,Normale,Deux véhicules - arrière,4,2,2,0,2,3,1,0,1,50,2,2,1,0,0,1,57.0,20.0,voiture,deux_roues,1,2,1,1,2
201900054328,2019-08-20 18:50:00,2019,8,20,18,50,61,61440,Les Fosses,48.735664,0.645478,Plein jour,Hors agglomération,Intersection en T,Normale,Deux véhicules - côté,3,2,2,0,1,1,1,5,1,80,2,6,3,0,1,2,42.0,87.0,voiture,voiture,1,1,3,1,3
201900054329,2019-08-10 14:08:00,2019,8,10,14,8,47,47049,Rond point de la route de casseneuil e de l'avenue de Belire,44.439067,0.614439,Nuit avec éclairage allumé,En agglomération,Giratoire,Autre,Autre collision,3,2,2,0,1,1,2,0,3,-1,1,2,1,0,1,0,66.0,,voiture,,5,2,6,9,6
201900054330,2019-08-20 14:55:00,2019,8,20,14,55,41,41043,Rue du Cher,47.276232,1.493253,Plein jour,En agglomération,Intersection en X,Normale,Deux véhicules - côté,4,2,2,0,1,1,1,0,1,50,2,2,1,0,0,1,14.0,58.0,deux_roues,voiture,1,2,2,1,3
201900054331,2019-08-20 11:45:00,2019,8,20,11,45,34,34284,avenue de la gare,43.4874704,2.7676427,Plein jour,En agglomération,Hors intersection,Pluie légère,Autre collision,3,1,1,0,1,3,2,9,1,-1,1,1,0,0,1,0,94.0,,voiture,,1,2,1,2,6
201900054332,2019-08-15 16:35:00,2019,8,15,16,35,34,34070,Departementale 36,43.4066,2.988319,Plein jour,Hors agglomération,Hors intersection,Normale,Sans collision,3,2,2,0,1,2,1,0,8,80,1,1,0,0,1,0,52.0,,deux_roues,,1,1,1,1,7
201900054333,2019-08-14 19:23:00,2019,8,14,19,23,22,22218,Hent Sant Gonery,48.841719,-3.228948,Plein jour,En agglomération,Hors intersection,Normale,Sans collision,3,2,2,0,1,1,1,0,1,-1,1,1,0,0,1,0,14.0,,deux_roues,,1,2,1,1,7
201900054334,2019-08-18 16:30:00,2019,8,18,16,30,29,29187,Créac'h,48.5735781,-4.1347511,Plein jour,Hors agglomération,Autre intersection,Normale,Deux véhicules - arrière,3,2,2,0,2,3,1,0,1,80,2,4,2,0,0,2,25.0,17.0,voiture,deux_roues,1,1,9,1,2
201900054335,2019-03-29 13:15:00,2019,3,29,13,15,29,29076,Guevric (Milizac),48.466201,-4.589671,Plein jour,Hors agglomération,Intersection en T,Normale,Deux véhicules - côté,4,2,2,0,4,1,1,0,1,80,2,2,1,0,1,0,28.0,32.0,voiture,deux_roues,1,1,3,1,3
201900054336,2019-08-19 18:20:00,2019,8,19,18,20,29,29075,Boulevard de Coataudon,48.413208,-4.450069,Plein jour,En agglomération,Hors intersection,Normale,Deux véhicules - arrière,3,2,2,0,1,1,1,0,1,50,2,2,1,0,0,1,44.0,40.0,voiture,voiture,1,2,1,1,2
201900054337,2019-08-20 07:50:00,2019,8,20,7,50,60,60667,rue pasteur,49.312081,2.737201,Plein jour,En agglomération,Intersection en T,Pluie légère,Sans collision,4,2,2,0,1,1,2,0,1,50,1,1,0,0,1,0,40.0,,deux_roues,,1,2,3,2,7
201900054338,2019-08-18 16:30:00,2019,8,18,16,30,43,43051,Les Chatoux,45.051318,4.317249,Plein jour,En agglomération,Hors intersection,Normale,Autre collision,4,2,2,0,2,3,9,0,3,50,1,1,0,0,1,0,39.0,,voiture,,1,2,1,1,6
201900054339,2019-07-30 12:45:00,2019,7,30,12,45,7,07319,Boulevard Pasteur,44.558599,4.68735,Plein jour,En agglomération,Intersection en T,Normale,Deux véhicules - côté,4,4,2,0,2,2,1,9,1,50,2,2,1,0,1,0,36.0,48.0,voiture,deux_roues,1,2,3,1,3
201900054340,2019-08-18 16:27:00,2019,8,18,16,27,21,21420,7 Grande Rue,47.014794,4.587469,Plein jour,En agglomération,Hors intersection,Normale,Autre collision,3,2,2,0,2,1,1,0,3,50,1,1,0,1,0,0,82.0,,voiture,,1,2,1,1,6
201900054341,2019-08-20 17:50:00,2019,8,20,17,50,48,48188,Route Départementale 806,44.716838,3.372597,Plein jour,Hors agglomération,Hors intersection,Normale,Deux véhicules - frontale,3,2,2,0,1,1,1,0,1,80,2,2,1,0,0,1,46.0,50.0,voiture,voiture,1,1,1,1,1
201900054342,2019-08-20 18:15:00,2019,8,20,18,15,17,17464,A 10,46.083993,-0.531207,Plein jour,Hors agglomération,Hors intersection,Normale,Deux véhicules - arrière,1,3,4,0,1,1,1,0,1,130,2,3,1,0,2,0,36.0,60.0,utilitaire_camion,voiture,1,1,1,1,2
201900054343,2019-08-21 08:00:00,2019,8,21,8,0,62,62718,autoroute A1,50.302142,2.889072,Plein jour,Hors agglomération,Hors intersection,Normale,Trois véhicules et plus - collisions multiples,1,3,3,0,1,1,1,2,1,130,3,5,2,0,0,3,47.0,59.0,voiture,utilitaire_camion,1,1,1,1,5
201900054344,2019-08-20 23:13:00,2019,8,20,23,13,973,97311,avenue paul castaing,5.4856224,-54.0160793,Nuit avec éclairage allumé,En agglomération,Hors intersection,Normale,Autre collision,4,2,2,0,1,1,1,0,1,50,2,1,0,0,1,0,26.0,,deux_roues,,5,2,1,1,6
201900054345,2019-07-21 07:30:00,2019,7,21,7,30,971,97125,N4,16.257012,-61.308791,Plein jour,Hors agglomération,Intersection en T,Normale,Trois véhicules et plus - collisions multiples,2,2,2,0,1,1,1,0,1,80,3,3,2,0,0,1,29.0,23.0,voiture,voiture,1,1,3,1,5
201900054346,2019-08-21 00:40:00,2019,8,21,0,40,41,41252,Chemin de Montcellereux 41500 Suèvres,47.667597,1.471346,Nuit sans éclairage public,Hors agglomération,Autre intersection,Normale,Sans collision,4,2,2,0,1,1,1,0,8,50,1,1,0,0,0,1,18.0,,deux_roues,,3,1,9,1,7
201900054347,2019-08-16 17:35:00,2019,8,16,17,35,66,66065,Avenue Paul Reig,42.597004,2.974865,Plein jour,En agglomération,Hors intersection,Normale,Deux véhicules - frontale,4,2,2,0,1,1,1,0,1,50,2,2,1,0,1,0,38.0,63.0,voiture,deux_roues,1,2,1,1,1
201900054348,2019-08-19 19:30:00,2019,8,19,19,30,21,21038,65 Avenue Général de Gaulle,47.18475,5.399294,Plein jour,En agglomération,Hors intersection,Normale,Deux véhicules - côté,3,2,2,0,1,1,1,0,1,50,2,2,1,0,1,0,17.0,69.0,deux_roues,voiture,1,2,1,1,3
201900054349,2019-08-19 17:58:00,2019,8,19,17,58,63,63284,Départementale 2,45.7974631,3.2066569,Plein jour,Hors agglomération,Intersection en T,Normale,Deux véhicules - arrière,3,2,2,0,2,1,1,0,1,80,2,2,0,0,1,1,63.0,26.0,voiture,voiture,1,1,3,1,2