accident_id,datetime,annee,mois,jour,heure,minute,departement,commune_insee,adresse,latitude,longitude,luminosite,agglomeration,intersection,meteo,collision,catr,circ,nbv,vosp,prof,plan,surf,infra,situ,vma,nb_vehicules,nb_usagers,nb_indemnes,nb_tues,nb_blesses_hosp,nb_blesses_legers,age_cond_1,age_cond_2,veh_type_cond_1,veh_type_cond_2,lum_code,agg_code,int_code,atm_code,col_code
201900054350,2019-08-13 01:00:00,2019,8,13,1,0,7,07182,Route de Largentière,44.636896,4.319806,Nuit sans éclairage public,Hors agglomération,Hors intersection,Normale,Autre collision,3,2,2,0,2,2,1,0,8,80,1,3,2,0,1,0,38.0,,voiture,,3,1,1,1,6
201900054351,2019-08-20 23:45:00,2019,8,20,23,45,1,01160,Route de Meyrin,46.251041,6.114851,Nuit sans éclairage public,En agglomération,Hors intersection,Autre,Deux véhicules - frontale,3,2,2,0,1,1,2,0,1,80,2,6,1,0,1,4,32.0,35.0,voiture,voiture,3,2,1,9,1
201900054352,2019-08-20 16:50:00,2019,8,20,16,50,81,81219,N126,43.5713499,2.0110773,Plein jour,Hors agglomération,Hors intersection,Normale,Autre collision,2,3,4,0,1,1,1,0,8,110,1,3,2,0,1,0,29.0,,voiture,,1,1,1,1,6
201900054353,2019-08-21 14:30:00,2019,8,21,14,30,31,31161,intersection chemin du rival et RD 813,43.484044,1.535322,Plein jour,Hors agglomération,Intersection en T,Normale,Deux véhicules - côté,3,2,2,0,1,1,1,0,1,80,2,2,1,0,1,0,27.0,15.0,voiture,deux_roues,1,1,3,1,3
201900054354,2019-08-19 06:00:00,2019,8,19,6,0,86,86255,D36/D27,46.19289,0.340083,Nuit sans éclairage public,Hors agglomération,Intersection en X,Normale,Deux véhicules - côté,3,2,2,0,1,1,1,0,1,80,2,4,2,0,1,1,59.0,45.0,voiture,voiture,3,1,2,1,3
201900054355,2019-08-17 14:45:00,2019,8,17,14,45,33,33449,Route de Lacanau,44.907257,-0.751857,Plein jour,Hors agglomération,Hors intersection,Normale,Deux véhicules - côté,4,2,2,0,1,1,1,0,1,80,2,2,1,0,1,0,21.0,22.0,voiture,deux_roues,1,1,1,1,3
201900054356,2019-08-21 10:55:00,2019,8,21,10,55,44,44210,rue de la gare,47.317748,-2.189099,Plein jour,En agglomération,Intersection en T,Normale,Deux véhicules - côté,4,2,2,0,1,1,1,0,5,50,2,2,1,0,1,0,39.0,30.0,deux_roues,voiture,1,2,3,1,3
201900054357,2019-08-20 15:45:00,2019,8,20,15,45,35,35041,D777,47.9275,-1.551274,Plein jour,Hors agglomération,Hors intersection,Normale,Deux véhicules - frontale,3,2,2,0,1,1,1,0,1,80,2,3,1,2,0,0,90.0,64.0,voiture,utilitaire_camion,1,1,1,1,1
201900054358,2019-08-20 20:04:00,2019,8,20,20,4,13,13081,A7-Sens Marseille vers Lyon,43.49275,5.23999,Crépuscule ou aube,Hors agglomération,Hors intersection,Normale,Deux véhicules - côté,1,1,2,0,1,1,1,0,1,110,2,3,2,0,0,1,26.0,28.0,voiture,utilitaire_camion,2,1,1,1,3
201900054359,2019-08-19 08:10:00,2019,8,19,8,10,13,13211,Sens Aubagne vers Marseille,43.28854,5.49868,Plein jour,Hors agglomération,Hors intersection,Normale,Sans collision,1,-1,3,0,1,1,1,0,2,90,1,1,0,0,0,1,67.0,,voiture,,1,1,1,1,7
201900054360,2019-08-19 14:30:00,2019,8,19,14,30,13,13055,A507 sens Aubagne- Marseille,43.3119859,5.4245371,Plein jour,Hors agglomération,Hors intersection,Temps couvert,Deux véhicules - arrière,1,1,3,0,1,1,1,0,1,70,2,3,1,0,0,2,24.0,50.0,voiture,voiture,1,1,1,8,2
201900054361,2019-08-20 13:25:00,2019,8,20,13,25,69,69279,RD302   5.000 A 6.350,45.76869,5.04012,Plein jour,Hors agglomération,Hors intersection,Pluie forte,Autre collision,3,3,2,0,1,2,2,0,1,70,1,1,0,0,0,1,18.0,,voiture,,1,1,1,3,6
201900054362,2019-08-10 21:30:00,2019,8,10,21,30,69,69256,A42     0.560 A 4.020,45.79127,4.91014,Nuit sans éclairage public,Hors agglomération,Hors intersection,Normale,Autre collision,1,3,4,0,1,1,1,0,1,90,1,2,1,0,0,1,38.0,,voiture,,3,1,1,1,6
201900054363,2019-08-20 09:45:00,2019,8,20,9,45,33,33063,ROCADE A 630,44.88168,-0.54647,Plein jour,Hors agglomération,Hors intersection,Normale,Deux véhicules - côté,1,3,6,0,2,1,1,2,1,70,2,2,1,0,0,1,21.0,52.0,voiture,transport_commun,1,1,1,1,3
201900054364,2019-08-20 18:00:00,2019,8,20,18,0,91,91136,RD 188,48.70864,2.26008,Plein jour,Hors agglomération,Hors intersection,Normale,Deux véhicules - côté,3,3,2,0,2,1,1,0,1,70,2,4,1,0,0,3,55.0,35.0,utilitaire_camion,voiture,1,1,1,1,3
201900054365,2019-08-20 17:55:00,2019,8,20,17,55,94,94069,Autoroute A4,48.81723,2.42999,Plein jour,Hors agglomération,Hors intersection,Normale,Sans collision,1,1,0,0,1,1,1,0,1,90,1,1,0,0,0,1,33.0,,deux_roues,,1,1,1,1,7
201900054366,2019-08-20 09:15:00,2019,8,20,9,15,94,94069,A86 EXT,48.8148,2.4484,Plein jour,Hors agglomération,Hors intersection,Normale,Deux véhicules - arrière,1,3,2,0,1,1,1,0,1,70,2,2,1,0,0,1,28.0,41.0,deux_roues,voiture,1,1,1,1,2
201900054367,2019-06-18 21:05:00,2019,6,18,21,5,80,80021,GENERAL FOY (AVENUE DU ),49.887336,2.27949,Crépuscule ou aube,En agglomération,Hors intersection,Normale,Trois véhicules et plus - en chaîne,4,2,2,0,1,1,1,0,1,50,3,4,2,0,0,2,19.0,31.0,voiture,voiture,2,2,1,1,4
201900054368,2019-06-18 17:04:00,2019,6,18,17,4,80,80021,R EDOUARD LUCAS,49.899054,2.269411,Plein jour,En agglomération,Hors intersection,Normale,Deux véhicules - côté,4,2,2,0,1,1,1,0,1,50,2,2,1,0,0,1,30.0,47.0,voiture,deux_roues,1,2,1,1,3
201900054369,2019-06-18 07:40:00,2019,6,18,7,40,80,80021,R FRANKLIN ROOSEVELT ,49.917589,2.293132,Plein jour,En agglomération,Hors intersection,Normale,Deux véhicules - arrière,4,2,2,0,1,1,1,0,1,50,2,2,1,0,0,1,38.0,50.0,utilitaire_camion,utilitaire_camion,1,2,1,1,2
201900054370,2019-06-01 17:40:00,2019,6,1,17,40,80,80724,,49.850578,2.216082,Plein jour,Hors agglomération,Hors intersection,Normale,Sans collision,3,2,2,0,1,1,1,0,1,80,1,3,0,2,1,0,72.0,,voiture,,1,1,1,1,7
201900054371,2019-08-17 15:40:00,2019,8,17,15,40,63,63032,MONT-DORE (AVENUE DU),45.7493,3.07896,Plein jour,En agglomération,Hors intersection,Normale,Deux véhicules - côté,4,2,2,0,1,1,1,0,1,50,2,3,2,0,0,1,27.0,57.0,voiture,voiture,1,2,1,1,3
201900054372,2019-08-14 19:45:00,2019,8,14,19,45,63,63014,COURNON (AVENUE DE),45.75537,3.14598,Plein jour,En agglomération,Giratoire,Normale,Deux véhicules - arrière,7,1,2,0,1,1,1,0,1,50,2,2,1,0,0,1,31.0,47.0,deux_roues,voiture,1,2,6,1,2
201900054373,2019-08-17 23:35:00,2019,8,17,23,35,51,51454,ROUTE DE CERNAY,49.2600098,4.0674216,Nuit sans éclairage public,En agglomération,Hors intersection,Pluie forte,Sans collision,6,-1,-1,0,1,2,2,9,1,50,1,2,1,0,0,1,20.0,,voiture,,3,2,1,3,7
201900054374,2019-06-08 13:45:00,2019,6,8,13,45,69,69246,D96,45.939171,4.616045,Plein jour,Hors agglomération,Hors intersection,Normale,Sans collision,3,2,2,0,2,3,1,0,3,50,1,1,0,0,1,0,33.0,,deux_roues,,1,1,1,1,7
201900054375,2019-06-08 16:30:00,2019,6,8,16,30,95,95585,PERRET (AVENUE AUGUSTE ),48.9758045,2.3829225,Plein jour,En agglomération,Intersection en X,Normale,Autre collision,4,2,2,0,1,1,1,0,1,50,2,3,2,0,0,1,22.0,29.0,voiture,voiture,1,2,2,1,6
201900054376,2019-08-18 21:31:00,2019,8,18,21,31,91,91421,CHARLES DE GAULLE (AVENUE),48.69485,2.45139,Nuit avec éclairage allumé,En agglomération,Intersection en X,Normale,Autre collision,4,2,2,0,3,1,1,0,3,30,1,1,0,0,0,1,50.0,,voiture,,5,2,2,1,6
201900054377,2019-08-18 20:20:00,2019,8,18,20,20,89,89024,MONTARDOINS (RUE DES),47.78932,3.58031,Plein jour,En agglomération,Intersection en X,Pluie légère,Deux véhicules - côté,4,2,2,0,1,1,2,0,1,50,2,2,1,0,1,0,26.0,29.0,deux_roues,voiture,1,2,2,2,3
201900054378,2019-08-16 15:55:00,2019,8,16,15,55,89,89346,LINDRY ( RUE DE ),47.80095,3.51025,Plein jour,Hors agglomération,Hors intersection,Normale,Deux véhicules - frontale,3,2,2,0,2,4,1,0,1,70,2,2,0,0,1,1,67.0,47.0,voiture,utilitaire_camion,1,1,1,1,1
201900054379,2019-08-17 19:31:00,2019,8,17,19,31,87,87075,COURRIERES (ROUTE DES),45.81587,1.21504,Plein jour,En agglomération,Hors intersection,Normale,Deux véhicules - frontale,4,2,2,0,2,3,1,0,1,50,2,2,1,0,0,1,20.0,45.0,voiture,voiture,1,2,1,1,1
201900054380,2019-08-17 15:11:00,2019,8,17,15,11,87,87114,FONSALADE - LIEU DIT,45.83811,1.34113,Plein jour,Hors agglomération,Hors intersection,Normale,Autre collision,4,2,2,0,1,2,1,0,3,50,1,1,0,0,1,0,69.0,,deux_roues,,1,1,1,1,6
201900054381,2019-08-17 15:21:00,2019,8,17,15,21,87,87085,PONT NEUF,45.82583,1.26917,Plein jour,En agglomération,Hors intersection,Normale,Autre collision,3,2,4,0,1,1,1,2,1,50,2,2,1,0,0,1,42.0,52.0,deux_roues,utilitaire_camion,1,2,1,1,6
201900054382,2019-08-18 09:00:00,2019,8,18,9,0,85,85194, RUE DES CAPUCINES ,46.51617,-1.77621,Plein jour,En agglomération,Giratoire,Normale,Deux véhicules - côté,4,1,0,0,1,2,1,0,1,50,2,2,1,0,0,1,79.0,18.0,voiture,deux_roues,1,2,6,1,3
201900054383,2019-08-19 10:20:00,2019,8,19,10,20,83,83137,MOUTTET FELY (RUE),43.12012,5.95934,Plein jour,En agglomération,Autre intersection,Normale,Deux véhicules - côté,4,-1,2,0,2,3,1,0,2,50,2,2,1,0,0,1,50.0,50.0,voiture,voiture,1,2,9,1,3
201900054384,2019-08-18 21:00:00,2019,8,18,21,0,83,83126,FABRE (QUAI SATURNIN),43.10172,5.88166,Nuit avec éclairage allumé,En agglomération,Hors intersection,Normale,Autre collision,4,3,4,0,1,1,1,0,1,30,1,3,1,0,0,2,84.0,,voiture,,5,2,1,1,6
201900054385,2019-08-17 10:35:00,2019,8,17,10,35,83,83061,D37,43.455679,6.743598,Plein jour,En agglomération,Hors intersection,Normale,Deux véhicules - côté,3,2,1,0,1,1,1,0,1,50,2,2,1,0,1,0,45.0,69.0,deux_roues,voiture,1,2,1,1,3
201900054386,2019-08-13 18:45:00,2019,8,13,18,45,83,83050,MENDES FRANCE(BOULEVARD PIERRE),43.53216,6.46495,Plein jour,En agglomération,Hors intersection,Normale,Autre collision,4,2,4,0,1,1,1,0,1,50,1,2,1,0,0,1,39.0,,voiture,,1,2,1,1,6
201900054387,2019-08-18 18:40:00,2019,8,18,18,40,77,77305,PEPINIERE ROYALE (RUE DE LA),48.38611,2.95192,Plein jour,En agglomération,Intersection en X,Normale,Deux véhicules - côté,4,1,1,0,1,1,1,0,1,50,2,2,0,0,2,0,27.0,35.0,voiture,voiture,1,2,2,1,3
201900054388,2019-08-19 00:20:00,2019,8,19,0,20,77,77475,D603 X D17,48.95775,2.94709,Nuit avec éclairage allumé,En agglomération,Intersection en X,Normale,Deux véhicules - côté,3,2,3,0,4,1,1,5,1,50,2,3,0,0,1,2,37.0,69.0,voiture,voiture,5,2,2,1,3
201900054389,2019-08-16 16:00:00,2019,8,16,16,0,76,76351,PONT V (DU),49.48465,0.15191,Plein jour,En agglomération,Hors intersection,Normale,Trois véhicules et plus - en chaîne,4,2,2,0,1,1,1,2,1,50,3,3,2,0,0,1,19.0,27.0,deux_roues,voiture,1,2,1,1,4
201900054390,2019-04-17 16:50:00,2019,4,17,16,50,36,36121,L'Orte,46.822774,1.953554,Plein jour,Hors agglomération,Hors intersection,Normale,Sans collision,3,2,2,0,1,1,1,0,1,80,1,1,0,0,1,0,49.0,,voiture,,1,1,1,1,7
201900054391,2019-05-17 14:30:00,2019,5,17,14,30,36,36139,LA FERRANDIERE,46.791278,1.486205,Plein jour,Hors agglomération,Intersection en T,Normale,Deux véhicules - côté,3,2,2,0,1,2,1,5,1,80,2,3,2,0,0,1,20.0,58.0,deux_roues,voiture,1,1,3,1,3
201900054392,2019-05-13 14:20:00,2019,5,13,14,20,36,36118,D27,46.7387129,1.4259297,Plein jour,Hors agglomération,Hors intersection,Normale,Deux véhicules - côté,3,2,2,0,1,1,1,0,1,80,2,3,2,1,0,0,26.0,78.0,voiture,voiture,1,1,1,1,3
201900054393,2019-05-01 20:40:00,2019,5,1,20,40,36,36139,La Croix Blanche,46.7612216,1.5065987,Crépuscule ou aube,Hors agglomération,Intersection en T,Normale,Deux véhicules - arrière,3,2,2,0,1,1,1,0,1,80,2,2,1,0,1,0,39.0,23.0,voiture,deux_roues,2,1,3,1,2
201900054394,2019-05-16 18:35:00,2019,5,16,18,35,16,16378,Ld Boisvert,46.055187,0.226186,Crépuscule ou aube,Hors agglomération,Hors intersection,Normale,Deux véhicules - frontale,3,2,2,0,2,1,1,0,1,80,2,2,0,0,2,0,43.0,46.0,deux_roues,deux_roues,2,1,1,1,1
201900054395,2019-05-13 09:39:00,2019,5,13,9,39,16,16192,Rue des 4 Vents,45.886678,0.57938,Plein jour,En agglomération,Hors intersection,Normale,Autre collision,4,2,2,0,2,1,1,0,1,50,1,2,1,0,0,1,70.0,,voiture,,1,2,1,1,6
201900054396,2019-05-16 14:20:00,2019,5,16,14,20,16,16226,RD 15 PK 013+900,45.773695,0.09648,Plein jour,Hors agglomération,Hors intersection,Normale,Deux véhicules - frontale,3,2,2,0,2,3,1,0,1,80,2,2,1,0,1,0,55.0,28.0,utilitaire_camion,voiture,1,1,1,1,1
201900054397,2019-05-26 12:15:00,2019,5,26,12,15,16,16016,Ld Ris MARTIN,45.985334,0.643539,Plein jour,Hors agglomération,Hors intersection,Normale,Sans collision,3,2,2,0,1,4,1,0,1,80,1,1,0,0,1,0,47.0,,deux_roues,,1,1,1,1,7
201900054398,2019-05-22 17:59:00,2019,5,22,17,59,16,16001,,46.07478,0.699871,Plein jour,Hors agglomération,Hors intersection,Normale,Autre collision,3,2,2,-1,4,1,1,0,1,80,1,1,0,0,1,0,24.0,,utilitaire_camion,,1,1,1,1,6
201900054399,2019-05-17 18:00:00,2019,5,17,18,0,16,16337,Ld Les Pettites Brosses,45.985227,0.677586,Plein jour,Hors agglomération,Hors intersection,Normale,Deux véhicules - arrière,3,2,2,0,2,1,1,0,1,80,2,3,0,0,3,0,62.0,69.0,voiture,voiture,1,1,1,1,2
201900054400,2019-05-13 08:00:00,2019,5,13,8,0,16,16106,Ld l'Alouette,46.03201,0.641392,Plein jour,Hors agglomération,Intersection en T,Normale,Trois véhicules et plus - collisions multiples,3,2,3,1,2,1,1,5,1,80,3,3,2,0,1,0,22.0,22.0,voiture,voiture,1,1,3,1,5
201900054401,2019-05-22 17:15:00,2019,5,22,17,15,16,16088,luchac,45.717226,-0.211051,Plein jour,En agglomération,Autre intersection,Normale,Deux véhicules - frontale,3,2,2,0,1,1,1,9,1,30,2,2,1,0,1,0,24.0,29.0,deux_roues,utilitaire_camion,1,2,9,1,1
201900054402,2019-05-18 21:45:00,2019,5,18,21,45,16,16276,Ld  Chez Rouyer,45.430686,-0.155628,Nuit sans éclairage public,Hors agglomération,Hors intersection,Temps couvert,Autre collision,3,2,2,0,2,1,1,0,1,80,1,1,0,0,1,0,34.0,,voiture,,3,1,1,8,6
201900054403,2019-05-01 22:50:00,2019,5,1,22,50,16,16179,Ld Le Mureau,45.408966,-0.231146,Nuit sans éclairage public,Hors agglomération,Hors intersection,Pluie légère,Autre collision,3,2,2,0,2,3,2,0,1,80,1,1,0,0,1,0,48.0,,voiture,,3,1,1,2,6
201900054404,2019-05-15 08:05:00,2019,5,15,8,5,16,16003,La Petite Rivière,45.783617,0.343525,Plein jour,Hors agglomération,Intersection en T,Normale,Deux véhicules - arrière,3,2,2,-1,1,1,1,0,1,80,2,2,1,0,1,0,46.0,17.0,voiture,deux_roues,1,1,3,1,2
201900054405,2019-05-14 10:30:00,2019,5,14,10,30,16,16344,Route de Chazelles,45.719919,0.381978,Plein jour,Hors agglomération,Hors intersection,Normale,Autre collision,3,2,2,0,1,2,1,0,1,30,1,1,0,0,1,0,62.0,,deux_roues,,1,1,1,1,6
201900054406,2019-05-11 12:00:00,2019,5,11,12,0,16,16082,Ld La Bourgne (Charmant),45.501767,0.168647,Plein jour,Hors agglomération,Intersection en Y,Pluie légère,Deux véhicules - frontale,3,2,2,0,4,2,2,0,1,80,2,6,2,0,1,3,67.0,39.0,voiture,voiture,1,1,4,2,1
201900054407,2019-05-29 15:10:00,2019,5,29,15,10,7,07276,Le bouchet,44.903442,4.484064,Plein jour,Hors agglomération,Hors intersection,Normale,Sans collision,3,2,2,0,1,2,1,0,1,80,1,1,0,0,0,1,30.0,,deux_roues,,1,1,1,1,7
201900054408,2019-05-11 15:45:00,2019,5,11,15,45,7,07338,Gauthier,44.94476,4.60353,Plein jour,Hors agglomération,Autre intersection,Normale,Autre collision,3,2,2,0,1,1,1,0,3,80,1,1,0,0,1,0,55.0,,voiture,,1,1,9,1,6
201900054409,2019-05-20 16:30:00,2019,5,20,16,30,7,07010,Avenue de l'Europe,45.243159,4.668783,Plein jour,En agglomération,Hors intersection,Normale,Autre collision,4,2,2,0,2,2,1,0,1,50,1,1,0,0,0,1,,,,,1,2,1,1,6
201900054410,2019-05-07 16:25:00,2019,5,7,16,25,7,07009,Avenue de Beaucaire,45.237137,4.797787,Plein jour,En agglomération,Intersection en T,Normale,Deux véhicules - côté,3,2,2,0,2,1,1,0,1,50,2,2,1,0,0,1,64.0,22.0,deux_roues,voiture,1,2,3,1,3
201900054411,2019-05-08 11:50:00,2019,5,8,11,50,7,07330,Avenue Jean Jaurès,44.407279,4.389071,Plein jour,En agglomération,Hors intersection,Pluie légère,Deux véhicules - côté,4,2,2,0,1,1,2,0,1,50,2,2,1,0,0,1,59.0,50.0,voiture,deux_roues,1,2,1,2,3
201900054412,2019-05-14 09:05:00,2019,5,14,9,5,7,07155,,44.628569,4.355403,Plein jour,Hors agglomération,Intersection en T,Normale,Deux véhicules - frontale,3,2,2,0,2,4,1,0,1,80,2,2,0,0,0,2,29.0,72.0,voiture,voiture,1,1,3,1,1
201900054413,2019-05-22 11:45:00,2019,5,22,11,45,7,07132,la calade du tribunal,44.543793,4.295064,Plein jour,En agglomération,Hors intersection,Normale,Deux véhicules - frontale,3,2,2,0,2,2,1,0,1,50,2,2,1,0,0,1,75.0,34.0,voiture,voiture,1,2,1,1,1
201900054414,2019-05-13 17:25:00,2019,5,13,17,25,7,07134,104,44.504831,4.306469,Plein jour,Hors agglomération,Hors intersection,Normale,Deux véhicules - côté,3,2,2,0,1,2,1,0,1,80,2,3,0,0,0,3,72.0,86.0,voiture,voiture,1,1,1,1,3
201900054415,2019-05-13 18:00:00,2019,5,13,18,0,7,07117,104A,44.45083,4.211272,Plein jour,Hors agglomération,Hors intersection,Vent fort / tempête,Autre collision,3,2,2,0,1,2,1,0,1,80,1,2,1,0,1,0,27.0,,deux_roues,,1,1,1,6,6
201900054416,2019-05-08 15:30:00,2019,5,8,15,30,53,53126,Chevaille,48.349578,-0.956441,Plein jour,Hors agglomération,Hors intersection,Normale,Sans collision,4,2,2,0,1,2,1,0,8,80,1,1,0,0,1,0,21.0,,voiture,,1,1,1,1,7
201900054417,2019-05-17 14:00:00,2019,5,17,14,0,53,53249,La Gauchardière,48.214771,-0.157135,Plein jour,Hors agglomération,Hors intersection,Normale,Sans collision,3,2,2,0,2,3,1,0,3,80,1,1,0,0,1,0,62.0,,deux_roues,,1,1,1,1,7
201900054418,2019-05-15 21:25:00,2019,5,15,21,25,53,53098,la blohinère,47.908711,-1.131015,Crépuscule ou aube,Hors agglomération,Hors intersection,Normale,Autre collision,9,-1,2,0,1,3,1,0,3,80,1,1,0,0,1,0,36.0,,deux_roues,,2,1,1,1,6
201900054419,2019-05-20 06:45:00,2019,5,20,6,45,53,53247,rue du maine,48.113153,-1.020244,Crépuscule ou aube,En agglomération,Giratoire,Normale,Sans collision,3,-1,2,0,1,3,1,0,1,50,1,1,0,0,1,0,19.0,,deux_roues,,2,2,6,1,7
201900054420,2019-05-18 11:55:00,2019,5,18,11,55,53,53161,D 32,48.129226,-0.57601,Plein jour,Hors agglomération,Hors intersection,Normale,Deux véhicules - arrière,3,2,2,0,1,1,1,0,1,80,2,2,1,0,1,0,55.0,17.0,voiture,deux_roues,1,1,1,1,2
201900054421,2019-05-06 10:40:00,2019,5,6,10,40,53,53141,bouge,48.063345,-1.221116,Plein jour,Hors agglomération,Hors intersection,Normale,Deux véhicules - frontale,3,2,2,0,1,1,1,0,1,80,2,3,0,0,1,2,71.0,46.0,voiture,utilitaire_camion,1,1,1,1,1
201900054422,2019-05-15 20:10:00,2019,5,15,20,10,21,21505,"RD 10 L, PK 01+750",47.405281,4.33107,Plein jour,Hors agglomération,Intersection en X,Normale,Deux véhicules - côté,3,2,2,0,1,1,1,0,1,80,2,2,1,0,1,0,24.0,36.0,voiture,voiture,1,1,2,1,3
201900054423,2019-05-03 13:40:00,2019,5,3,13,40,21,21154,Place Marmont,47.861595,4.574786,Plein jour,En agglomération,Giratoire,Normale,Autre collision,3,2,2,0,1,3,1,0,1,50,1,2,1,0,0,1,55.0,,voiture,,1,2,6,1,6
201900054424,2019-05-05 09:30:00,2019,5,5,9,30,21,21250,chemin de la forge,47.75529,4.786744,Plein jour,En agglomération,Hors intersection,Temps couvert,Autre collision,4,2,2,0,1,2,1,0,1,50,1,1,0,1,0,0,72.0,,voiture,,1,2,1,8,6
201900054425,2019-05-30 15:00:00,2019,5,30,15,0,21,21408,RD 7 PR 32+690 - Parking de JOUVENCE,47.415345,4.983385,Plein jour,Hors agglomération,Autre intersection,Normale,Trois véhicules et plus - collisions multiples,3,2,2,0,1,1,1,9,1,80,5,5,1,0,2,2,34.0,39.0,voiture,deux_roues,1,1,9,1,5
201900054426,2019-05-28 23:50:00,2019,5,28,23,50,21,21567,d906,47.104802,4.51992,Nuit sans éclairage public,Hors agglomération,Hors intersection,Normale,Deux véhicules - frontale,3,2,2,0,2,1,1,0,1,80,2,2,1,0,0,1,68.0,38.0,voiture,voiture,3,1,1,1,1
201900054427,2019-05-12 16:15:00,2019,5,12,16,15,21,21210,VC 8 des Bordes,47.240769,4.614865,Plein jour,Hors agglomération,Intersection en Y,Normale,Sans collision,4,2,2,0,1,1,9,0,1,80,1,1,0,0,0,1,25.0,,deux_roues,,1,1,4,1,7
201900054428,2019-05-12 11:35:00,2019,5,12,11,35,21,21210,"RD 18, PR 0+600 - zone d'activité le pré raby",47.251781,4.573441,Plein jour,Hors agglomération,Intersection en T,Normale,Deux véhicules - frontale,3,2,2,0,1,1,1,0,1,70,2,2,0,0,1,1,32.0,62.0,voiture,deux_roues,1,1,3,1,1
201900054429,2019-05-01 03:00:00,2019,5,1,3,0,21,21630,D977 BIS,47.267705,4.524655,Nuit sans éclairage public,Hors agglomération,Hors intersection,Brouillard / fumée,Autre collision,3,2,1,0,1,1,1,0,3,80,1,2,0,2,0,0,21.0,,voiture,,3,1,1,5,6
201900054430,2019-05-24 12:10:00,2019,5,24,12,10,21,21327,RD 906,47.032887,4.638723,Plein jour,Hors agglomération,Intersection en X,Normale,Deux véhicules - côté,3,2,2,0,4,1,1,0,1,80,2,2,1,0,1,0,56.0,29.0,deux_roues,voiture,1,1,2,1,3
201900054431,2019-05-08 03:00:00,2019,5,8,3,0,21,21534,rd 973,47.01118,4.917145,Nuit sans éclairage public,Hors agglomération,Hors intersection,Pluie légère,Sans collision,3,2,2,0,1,3,2,0,3,80,1,4,0,0,2,2,21.0,,voiture,,3,1,1,2,7
201900054432,2019-05-14 10:20:00,2019,5,14,10,20,40,40031,RD 41,43.84989,-0.828633,Plein jour,Hors agglomération,Hors intersection,Normale,Deux véhicules - frontale,3,2,2,0,1,3,1,0,1,80,2,2,1,0,1,0,50.0,40.0,utilitaire_camion,voiture,1,1,1,1,1
201900054433,2019-05-23 00:20:00,2019,5,23,0,20,40,40061,D824,43.867312,-0.636822,Nuit sans éclairage public,Hors agglomération,Hors intersection,Normale,Autre collision,3,3,4,0,1,1,1,0,2,110,1,1,0,0,1,0,45.0,,deux_roues,,3,1,1,1,6
201900054434,2019-05-27 13:30:00,2019,5,27,13,30,40,40333,RD38 - route de mont de marsan,43.975431,-0.737651,Plein jour,Hors agglomération,Hors intersection,Pluie légère,Deux véhicules - arrière,3,2,2,0,1,1,2,0,1,80,2,2,1,0,1,0,71.0,33.0,deux_roues,voiture,1,1,1,2,2
201900054435,2019-05-31 10:00:00,2019,5,31,10,0,40,40248,1526 Route de Saubrigues,43.579483,-1.350821,Plein jour,Hors agglomération,Hors intersection,Normale,Deux véhicules - frontale,3,2,2,0,2,3,1,0,1,80,2,4,2,1,1,0,17.0,56.0,deux_roues,voiture,1,1,1,1,1
201900054436,2019-05-12 13:55:00,2019,5,12,13,55,40,40284,RD 810 -,43.656535,-1.313619,Plein jour,En agglomération,Intersection en Y,Normale,Deux véhicules - côté,3,2,2,0,1,1,1,0,1,50,2,2,1,0,1,0,59.0,18.0,voiture,deux_roues,1,2,4,1,3
201900054437,2019-05-21 08:25:00,2019,5,21,8,25,40,40034,Route de Bélus,43.591328,-1.146894,Plein jour,Hors agglomération,Autre intersection,Normale,Deux véhicules - côté,3,-1,2,0,1,1,1,5,1,80,2,2,1,0,1,0,57.0,18.0,voiture,deux_roues,1,1,9,1,3
201900054438,2019-03-27 16:10:00,2019,3,27,16,10,40,40183,893 Route d'Orthez,43.650905,-0.950486,Plein jour,Hors agglomération,Hors intersection,Normale,Deux véhicules - arrière,3,2,2,0,1,1,1,0,1,80,2,2,1,0,1,0,75.0,29.0,voiture,voiture,1,1,1,1,2
201900054439,2019-04-30 18:10:00,2019,4,30,18,10,40,40267,Lahoueille,43.976844,-0.239551,Plein jour,Hors agglomération,Intersection en T,Normale,Deux véhicules - côté,3,2,3,3,1,1,1,5,1,50,2,2,1,0,1,0,51.0,22.0,deux_roues,voiture,1,1,3,1,3
201900054440,2019-05-09 16:30:00,2019,5,9,16,30,40,40250,CD 932,43.92069,-0.446422,Plein jour,Hors agglomération,Hors intersection,Normale,Deux véhicules - frontale,3,2,2,0,1,1,1,0,1,80,2,2,1,0,1,0,47.0,50.0,utilitaire_camion,voiture,1,1,1,1,1
201900054441,2019-05-29 13:15:00,2019,5,29,13,15,24,24326,Route Départementale 706,44.989538,1.061664,Plein jour,Hors agglomération,Hors intersection,Normale,Autre collision,3,2,2,0,2,3,1,0,1,80,3,3,1,0,2,0,42.0,41.0,deux_roues,utilitaire_camion,1,1,1,1,6
201900054442,2019-05-19 15:30:00,2019,5,19,15,30,24,24377,Voie commuale C201,44.944471,0.881333,Plein jour,Hors agglomération,Hors intersection,Temps couvert,Deux véhicules - frontale,4,2,2,0,1,1,1,0,1,80,2,2,0,0,1,1,73.0,29.0,voiture,voiture,1,1,1,8,1