accident_id,datetime,annee,mois,jour,heure,minute,departement,commune_insee,adresse,latitude,longitude,luminosite,agglomeration,intersection,meteo,collision,catr,circ,nbv,vosp,prof,plan,surf,infra,situ,vma,nb_vehicules,nb_usagers,nb_indemnes,nb_tues,nb_blesses_hosp,nb_blesses_legers,age_cond_1,age_cond_2,veh_type_cond_1,veh_type_cond_2,lum_code,agg_code,int_code,atm_code,col_code
201900054628,2019-12-04 16:50:00,2019,12,4,16,50,75,75115,RUE DE LA CONVENTION,48.841102,2.287892,Plein jour,En agglomération,Intersection en X,Normale,Deux véhicules - côté,4,2,3,-1,1,1,1,5,1,50,2,3,2,0,0,1,31.0,23.0,deux_roues,voiture,1,2,2,1,3
201900054629,2019-12-03 08:50:00,2019,12,3,8,50,75,75115,RUE DE LA CROIX NIVERT,48.8463265,2.2992316,Plein jour,En agglomération,Intersection en T,Normale,Trois véhicules et plus - collisions multiples,4,2,2,0,1,1,1,0,1,50,3,3,2,0,0,1,41.0,53.0,voiture,utilitaire_camion,1,2,3,1,5
201900054630,2019-12-04 11:00:00,2019,12,4,11,0,75,75114,BOULEVARD ARAGO,48.834473,2.334069,Plein jour,En agglomération,Hors intersection,Normale,Deux véhicules - côté,4,2,2,0,1,1,1,0,1,50,2,2,1,0,0,1,44.0,51.0,deux_roues,voiture,1,2,1,1,3
201900054631,2019-12-02 22:30:00,2019,12,2,22,30,75,75114,RUE FROIDEVAUX,48.83602,2.327638,Nuit avec éclairage allumé,En agglomération,Intersection en X,Normale,Deux véhicules - côté,4,2,3,-1,1,1,1,0,1,50,2,2,1,0,0,1,59.0,61.0,voiture,deux_roues,5,2,2,1,3
201900054632,2019-12-04 20:00:00,2019,12,4,20,0,75,75113,AVENUE DE LA PORTE DE VITRY,48.822832,2.3779177,Nuit avec éclairage allumé,En agglomération,Intersection en T,Normale,Autre collision,4,2,4,0,1,1,1,0,1,50,1,1,0,0,0,1,,,,,5,2,3,1,6
201900054633,2019-12-04 05:45:00,2019,12,4,5,45,75,75112,AVENUE LEDRU ROLLIN,48.848636,2.372569,Nuit avec éclairage allumé,En agglomération,Intersection en X,Normale,Autre collision,4,1,3,0,1,1,1,0,1,30,1,2,1,0,0,1,32.0,,voiture,,5,2,2,1,6
201900054634,2019-12-04 20:40:00,2019,12,4,20,40,75,75111,RUE AMELOT,48.85591,2.36918,Nuit avec éclairage allumé,En agglomération,Intersection en X,Normale,Deux véhicules - côté,4,1,2,-1,1,1,1,0,1,30,2,2,1,0,0,1,47.0,30.0,deux_roues,voiture,5,2,2,1,3
201900054635,2019-12-04 14:30:00,2019,12,4,14,30,75,75111,AVENUE DE LA REPUBLIQUE,48.8651523,2.3751605,Plein jour,En agglomération,Intersection en X,Normale,Deux véhicules - côté,4,1,2,0,1,1,1,0,1,50,2,2,1,0,0,1,41.0,35.0,deux_roues,deux_roues,1,2,2,1,3
201900054636,2019-12-04 12:30:00,2019,12,4,12,30,75,75111,BOULEVARD VOLTAIRE,48.864452,2.368997,Plein jour,En agglomération,Intersection en T,Normale,Autre collision,4,2,2,-1,1,1,1,0,1,50,1,2,1,0,0,1,44.0,,deux_roues,,1,2,3,1,6
201900054637,2019-12-02 12:38:00,2019,12,2,12,38,75,75108,PLACE CLEMENCEAU,48.867795,2.313867,Plein jour,En agglomération,Intersection en T,Normale,Deux véhicules - côté,4,2,6,0,1,1,1,0,1,50,2,2,1,0,0,1,43.0,32.0,voiture,deux_roues,1,2,3,1,3
201900054638,2019-12-04 14:40:00,2019,12,4,14,40,75,75107,PLACE DE LA RESISTANCE,48.86245,2.301942,Plein jour,En agglomération,Place,Normale,Deux véhicules - côté,4,2,4,0,1,1,1,0,1,50,2,2,1,0,0,1,54.0,74.0,deux_roues,voiture,1,2,7,1,3
201900054639,2019-12-04 18:15:00,2019,12,4,18,15,75,75104,QUAI DE L HOTEL DE VILLE,48.855329,2.352769,Crépuscule ou aube,En agglomération,Intersection en T,Normale,Sans collision,4,3,4,-1,1,1,1,0,1,50,1,1,0,0,0,1,49.0,,deux_roues,,2,2,3,1,7
201900054640,2019-12-04 18:00:00,2019,12,4,18,0,94,94077,HAUTE SEINE (R DE LA),48.73101,2.43331,Crépuscule ou aube,En agglomération,Hors intersection,Normale,Deux véhicules - arrière,4,2,2,0,1,1,1,0,1,50,2,2,1,0,0,1,43.0,24.0,voiture,voiture,2,2,1,1,2
201900054641,2019-12-03 11:50:00,2019,12,3,11,50,94,94068,FOUR (R DU),48.81109,2.46953,Plein jour,En agglomération,Intersection en T,Normale,Autre collision,3,2,4,0,1,1,1,0,1,50,1,2,1,0,0,1,55.0,,voiture,,1,2,3,1,6
201900054642,2019-12-02 21:10:00,2019,12,2,21,10,94,94068,CRETEIL (BD DE),48.798,2.489,Nuit avec éclairage allumé,En agglomération,Intersection en X,Normale,Deux véhicules - côté,3,2,2,0,1,1,1,0,1,50,2,2,1,0,0,1,47.0,57.0,voiture,deux_roues,5,2,2,1,3
201900054643,2019-12-04 12:00:00,2019,12,4,12,0,94,94046,JEAN JAURES (R),48.794723,2.434139,Plein jour,En agglomération,Autre intersection,Normale,Autre collision,3,2,4,0,1,1,1,0,-1,50,1,1,0,0,0,1,,,,,1,2,9,1,6
201900054644,2019-12-04 08:50:00,2019,12,4,8,50,94,94065,VANNE (R DE LA),48.75973,2.34676,Plein jour,En agglomération,Hors intersection,Normale,Deux véhicules - frontale,9,2,2,3,1,3,7,2,1,50,2,24,0,0,0,24,46.0,54.0,transport_commun,transport_commun,1,2,1,1,1
201900054645,2019-12-04 10:50:00,2019,12,4,10,50,94,94002,JEAN COLLY (R),48.8095,2.4158,Plein jour,En agglomération,Hors intersection,Normale,Autre collision,4,1,1,0,1,1,1,0,1,50,1,2,1,0,0,1,38.0,,utilitaire_camion,,1,2,1,1,6
201900054646,2019-12-04 17:20:00,2019,12,4,17,20,93,93062,THIERS (AVENUE),48.89879,2.51878,Crépuscule ou aube,En agglomération,Hors intersection,Normale,Autre collision,4,2,2,0,1,1,1,0,1,30,1,3,2,0,0,1,66.0,,voiture,,2,2,1,1,6
201900054647,2019-12-03 11:30:00,2019,12,3,11,30,93,93077,ROSNY (AVENUE DE),48.884232,2.500913,Plein jour,En agglomération,Hors intersection,Normale,Deux véhicules - côté,3,2,4,0,1,1,1,0,1,50,2,2,1,0,0,1,23.0,26.0,voiture,deux_roues,1,2,1,1,3
201900054648,2019-12-04 19:05:00,2019,12,4,19,5,93,93053,BREMENT (RUE DE) 1 A 83 - 2 A 78,48.8994066,2.4587288,Nuit avec éclairage allumé,En agglomération,Autre intersection,Normale,Deux véhicules - arrière,3,1,3,0,1,3,1,9,1,50,2,1,0,0,0,1,54.0,,deux_roues,,5,2,9,1,2
201900054649,2019-11-29 11:49:00,2019,11,29,11,49,93,93053,PARIS (RUE DE),48.90386,2.47055,Plein jour,En agglomération,Intersection en X,Normale,Deux véhicules - côté,3,1,2,0,1,1,2,5,1,50,2,2,1,0,0,1,20.0,20.0,utilitaire_camion,voiture,1,2,2,1,3
201900054650,2019-12-04 20:40:00,2019,12,4,20,40,93,93010,GALLIENI (AV.) DE 1 A 109,48.9067807,2.4873626,Nuit avec éclairage allumé,En agglomération,Autre intersection,Normale,Sans collision,3,1,0,0,1,1,1,0,1,50,1,1,0,0,0,1,59.0,,voiture,,5,2,9,1,7
201900054651,2019-12-04 16:23:00,2019,12,4,16,23,93,93007,"""PAUL VAILLANT COUTURIER (AVENUE """"DU 01",48.9275,2.4739,Crépuscule ou aube,En agglomération,Hors intersection,Normale,Autre collision,3,2,4,0,1,1,1,0,1,50,1,2,1,0,0,1,24.0,,voiture,,2,2,1,1,6
201900054652,2019-12-04 09:20:00,2019,12,4,9,20,92,92078,CHARLES DE GAULLE (BD)(72 AU 308),48.93988,2.32374,Plein jour,En agglomération,Autre intersection,Normale,Deux véhicules - arrière,3,3,6,0,1,3,1,0,1,50,2,2,1,0,0,1,38.0,38.0,voiture,voiture,1,2,9,1,2
201900054653,2019-12-04 11:30:00,2019,12,4,11,30,92,92073,WASHINGTON (BOULEVARD),48.8764,2.2175,Plein jour,En agglomération,Hors intersection,Normale,Deux véhicules - frontale,3,-1,4,0,1,1,1,0,1,50,2,2,1,0,0,1,23.0,56.0,deux_roues,utilitaire_camion,1,2,1,1,1
201900054654,2019-12-04 10:05:00,2019,12,4,10,5,92,92020,BROSSOLETTE RUE PIERRE AUTRES N°,48.8017,2.27618,Plein jour,En agglomération,Hors intersection,Normale,Sans collision,3,2,2,0,1,3,1,0,1,50,1,1,0,0,0,1,33.0,,deux_roues,,1,2,1,1,7
201900054655,2019-12-04 08:38:00,2019,12,4,8,38,92,92019,FAYO VINCENT (RUE),48.7648676,2.2812987,Plein jour,En agglomération,Intersection en X,Normale,Deux véhicules - côté,4,2,2,0,2,1,1,0,1,50,2,2,1,0,0,1,51.0,17.0,voiture,deux_roues,1,2,2,1,3
201900054656,2019-12-05 15:50:00,2019,12,5,15,50,12,12029,chemin communal n°1,44.185435,2.069273,Plein jour,Hors agglomération,Hors intersection,Normale,Autre collision,4,2,2,0,1,1,1,0,3,80,1,1,0,1,0,0,67.0,,deux_roues,,1,1,1,1,6
201900054657,2019-12-05 13:30:00,2019,12,5,13,30,54,54157,2 Rue de la Gare,48.843502,6.069792,Plein jour,En agglomération,Intersection en Y,Temps éblouissant,Sans collision,3,2,2,0,1,2,1,5,1,50,1,3,2,1,0,0,34.0,,utilitaire_camion,,1,2,4,7,7
201900054658,2019-12-04 14:15:00,2019,12,4,14,15,2A,2A048,D81,42.043356,8.753422,Plein jour,Hors agglomération,Hors intersection,Normale,Autre collision,3,2,2,0,2,1,1,0,1,70,1,1,0,0,1,0,86.0,,voiture,,1,1,1,1,6
201900054659,2019-12-04 15:30:00,2019,12,4,15,30,84,84088,COURS DE LA RÉPUBLIQUE,43.99736,5.062108,Plein jour,En agglomération,Giratoire,Normale,Autre collision,4,2,2,0,2,1,1,5,1,50,1,2,1,0,1,0,40.0,,voiture,,1,2,6,1,6
201900054660,2019-12-04 16:50:00,2019,12,4,16,50,22,22237,D768,48.526837,-2.320331,Plein jour,Hors agglomération,Hors intersection,Normale,Deux véhicules - frontale,3,2,2,0,1,1,1,0,1,80,2,2,1,1,0,0,52.0,33.0,utilitaire_camion,voiture,1,1,1,1,1
201900054661,2019-12-04 19:15:00,2019,12,4,19,15,972,97212,Chemin Courbaril,14.711467,-61.031544,Nuit avec éclairage allumé,En agglomération,Hors intersection,Normale,Autre collision,4,2,2,0,1,1,2,0,1,50,1,1,0,0,1,0,27.0,,deux_roues,,5,2,1,1,6
201900054662,2019-12-04 14:45:00,2019,12,4,14,45,972,97221,Chemin Pois Doux,14.508078,-60.945595,Plein jour,Hors agglomération,Hors intersection,Normale,Deux véhicules - frontale,3,2,2,0,4,1,1,0,1,80,2,2,0,0,1,1,55.0,28.0,voiture,voiture,1,1,1,1,1
201900054663,2019-12-05 10:14:00,2019,12,5,10,14,12,12033,18 Avenue Arsène Ratier,44.470113,2.726665,Plein jour,En agglomération,Hors intersection,Normale,Autre collision,3,2,2,0,1,1,1,0,1,50,1,2,1,0,1,0,57.0,,utilitaire_camion,,1,2,1,1,6
201900054664,2019-12-04 12:30:00,2019,12,4,12,30,67,67472,14 Rue de Sessenheim,48.820185,7.965701,Plein jour,En agglomération,Autre intersection,Temps éblouissant,Autre collision,6,-1,-1,0,1,1,1,9,8,-1,1,2,1,0,1,0,67.0,,voiture,,1,2,9,7,6
201900054665,2019-12-02 22:50:00,2019,12,2,22,50,34,34123,N109,43.617249,3.795821,Nuit sans éclairage public,Hors agglomération,Hors intersection,Normale,Autre collision,2,3,4,0,1,1,1,0,1,110,1,1,0,0,0,1,43.0,,voiture,,3,1,1,1,6
201900054666,2019-12-02 08:55:00,2019,12,2,8,55,34,34300,A75,43.403097,3.344573,Plein jour,Hors agglomération,Hors intersection,Normale,Autre collision,1,3,4,0,1,1,1,0,1,130,1,1,0,0,0,1,36.0,,voiture,,1,1,1,1,6
201900054667,2019-12-05 07:55:00,2019,12,5,7,55,57,57146,D66,49.0320507,6.1666122,Crépuscule ou aube,Hors agglomération,Hors intersection,Autre,Deux véhicules - frontale,3,2,2,0,1,1,1,0,1,80,2,3,0,1,1,1,19.0,37.0,voiture,voiture,2,1,1,9,1
201900054668,2019-12-04 08:00:00,2019,12,4,8,0,56,56036,819 Route de Caudan,47.788885,-3.353146,Crépuscule ou aube,En agglomération,Hors intersection,Normale,Deux véhicules - côté,9,2,2,0,1,1,1,0,1,50,2,2,1,0,1,0,57.0,32.0,voiture,deux_roues,2,2,1,1,3
201900054669,2019-12-04 07:35:00,2019,12,4,7,35,49,49055,Route départementale 191,47.552626,-0.581075,Crépuscule ou aube,Hors agglomération,Autre intersection,Normale,Sans collision,3,2,2,0,1,2,7,0,3,80,1,1,0,0,1,0,18.0,,voiture,,2,1,9,1,7
201900054670,2019-12-04 20:15:00,2019,12,4,20,15,41,41185,"PK 35+200, R.D. 765",47.358432,1.7172892,Nuit sans éclairage public,Hors agglomération,Hors intersection,Brouillard / fumée,Autre collision,3,2,2,0,1,1,1,0,3,80,1,7,1,0,1,5,25.0,,voiture,,3,1,1,5,6
201900054671,2019-12-04 18:30:00,2019,12,4,18,30,34,34300,D18,43.392475,3.312987,Nuit sans éclairage public,Hors agglomération,Hors intersection,Pluie légère,Deux véhicules - frontale,3,2,2,0,2,3,2,0,1,80,2,2,0,0,2,0,35.0,23.0,voiture,voiture,3,1,1,2,1
201900054672,2019-12-03 13:45:00,2019,12,3,13,45,22,22258,D765,48.433386,-2.63483,Plein jour,Hors agglomération,Intersection en T,Normale,Trois véhicules et plus - en chaîne,3,2,2,0,1,1,1,5,1,80,4,5,3,0,1,1,36.0,43.0,utilitaire_camion,voiture,1,1,3,1,4
201900054673,2019-12-04 17:50:00,2019,12,4,17,50,22,22241,Lieu Dit Bellevue,48.0979757,-2.5629387,Nuit sans éclairage public,Hors agglomération,Hors intersection,Normale,Autre collision,3,2,2,0,2,1,1,0,1,80,1,1,0,1,0,0,,,,,3,1,1,1,6
201900054674,2019-11-29 10:10:00,2019,11,29,10,10,44,44102,La Noisetterie,47.0420093,-1.4739259,Plein jour,Hors agglomération,Hors intersection,Temps éblouissant,Deux véhicules - côté,3,2,2,0,1,1,1,0,1,70,2,2,1,0,0,1,73.0,74.0,deux_roues,voiture,1,1,1,7,3
201900054675,2019-12-03 17:20:00,2019,12,3,17,20,2,02456,D922,49.575523,3.168841,Nuit sans éclairage public,Hors agglomération,Hors intersection,Brouillard / fumée,Deux véhicules - frontale,3,2,2,0,1,1,1,0,1,80,2,2,1,0,0,1,62.0,74.0,voiture,utilitaire_camion,3,1,1,5,1
201900054676,2019-12-04 18:35:00,2019,12,4,18,35,3,03278,,46.2168361,3.1622324,Nuit sans éclairage public,Hors agglomération,Hors intersection,Brouillard / fumée,Sans collision,3,2,2,0,2,3,2,0,1,80,1,1,0,0,0,1,15.0,,deux_roues,,3,1,1,5,7
201900054677,2019-12-05 14:15:00,2019,12,5,14,15,15,15027,D66,44.7391697,2.3639445,Plein jour,Hors agglomération,Hors intersection,Normale,Sans collision,3,2,2,0,1,1,1,0,3,80,1,1,0,0,0,1,51.0,,deux_roues,,1,1,1,1,7
201900054678,2019-12-05 13:55:00,2019,12,5,13,55,58,58118,25 Route de Luzy,46.815868,3.725557,Plein jour,En agglomération,Hors intersection,Normale,Deux véhicules - frontale,3,2,2,0,3,2,1,0,1,50,2,2,0,1,0,1,24.0,43.0,voiture,voiture,1,2,1,1,1
201900054679,2019-12-05 00:50:00,2019,12,5,0,50,72,72132,Rue Marceau,48.179507,0.634526,Nuit avec éclairage allumé,En agglomération,Hors intersection,Normale,Autre collision,3,2,2,0,1,2,1,0,3,50,1,1,0,0,0,1,28.0,,voiture,,5,2,1,1,6
201900054680,2019-12-04 18:30:00,2019,12,4,18,30,72,72386,D314,48.012871,0.273886,Nuit sans éclairage public,Hors agglomération,Giratoire,Normale,Deux véhicules - côté,3,1,2,0,1,2,1,0,1,70,2,2,1,0,0,1,54.0,17.0,voiture,deux_roues,3,1,6,1,3
201900054681,2019-12-05 16:45:00,2019,12,5,16,45,60,60648,D61,49.608954,2.24774,Nuit sans éclairage public,Hors agglomération,Hors intersection,Normale,Autre collision,3,2,2,0,1,1,6,0,3,80,1,2,0,0,0,2,20.0,,voiture,,3,1,1,1,6
201900054682,2019-12-05 20:00:00,2019,12,5,20,0,60,60063,D35,49.378303,2.053075,Nuit sans éclairage public,Hors agglomération,Hors intersection,Brouillard / fumée,Autre collision,3,2,2,0,3,2,2,0,3,80,1,1,0,0,0,1,42.0,,voiture,,3,1,1,5,6
201900054683,2019-12-05 07:28:00,2019,12,5,7,28,45,45176,2 Avenue de la Liberation,48.060333,2.483587,Crépuscule ou aube,En agglomération,Intersection en X,Brouillard / fumée,Deux véhicules - côté,3,2,2,0,1,1,9,0,1,70,2,2,1,0,1,0,70.0,25.0,transport_commun,voiture,2,2,2,5,3
201900054684,2019-12-04 18:35:00,2019,12,4,18,35,10,10049,"RD444,",48.178055,4.1219,Nuit sans éclairage public,Hors agglomération,Hors intersection,Normale,Deux véhicules - frontale,3,2,2,0,1,3,1,0,1,80,2,2,1,0,1,0,24.0,33.0,deux_roues,voiture,3,1,1,1,1
201900054685,2019-12-04 18:25:00,2019,12,4,18,25,7,07122,,44.551867,4.358515,Nuit sans éclairage public,Hors agglomération,Hors intersection,Normale,Deux véhicules - frontale,3,2,2,0,1,1,1,0,1,80,2,2,0,1,0,1,38.0,39.0,voiture,voiture,3,1,1,1,1
201900054686,2019-12-04 13:10:00,2019,12,4,13,10,7,07240,route de Vernoux,44.858993,4.829276,Plein jour,Hors agglomération,Hors intersection,Normale,Autre collision,3,-1,2,0,2,2,1,0,3,80,1,1,0,0,1,0,92.0,,voiture,,1,1,1,1,6
201900054687,2019-12-05 12:45:00,2019,12,5,12,45,24,24199,D100e2,45.414652,0.442212,Plein jour,Hors agglomération,Hors intersection,Normale,Deux véhicules - frontale,3,2,2,0,2,3,1,0,1,80,2,2,0,0,1,1,39.0,16.0,voiture,deux_roues,1,1,1,1,1
201900054688,2019-12-05 17:25:00,2019,12,5,17,25,85,85146,Bd du Président Auguste Durand,46.97525,-1.30384,Nuit avec éclairage allumé,En agglomération,Intersection en T,Brouillard / fumée,Autre collision,4,2,2,1,2,1,1,0,1,50,1,2,1,0,1,0,32.0,,voiture,,5,2,3,5,6
201900054689,2019-12-04 19:20:00,2019,12,4,19,20,30,30006,6 Boulevard Fanfonne Guillerme,43.686233,4.210492,Nuit avec éclairage allumé,En agglomération,Hors intersection,Normale,Autre collision,4,2,2,0,1,3,1,6,1,50,1,2,1,0,1,0,72.0,,voiture,,5,2,1,1,6
201900054690,2019-12-05 11:20:00,2019,12,5,11,20,1,01373,A40,46.132536,5.599093,Nuit avec éclairage allumé,Hors agglomération,Hors intersection,Normale,Deux véhicules - arrière,1,1,4,0,2,2,1,1,1,110,2,3,2,0,0,1,21.0,56.0,utilitaire_camion,voiture,5,1,1,1,2
201900054691,2019-11-18 15:47:00,2019,11,18,15,47,39,39031,,47.166088,5.641193,Plein jour,Hors agglomération,Hors intersection,Normale,Autre collision,1,3,4,0,1,1,1,0,1,130,1,1,0,0,1,0,66.0,,voiture,,1,1,1,1,6
201900054692,2019-12-05 10:18:00,2019,12,5,10,18,72,72375,A11,48.122479,0.612146,Plein jour,Hors agglomération,Hors intersection,Brouillard / fumée,Autre collision,1,3,5,0,1,1,1,0,2,130,1,2,0,1,1,0,59.0,,voiture,,1,1,1,5,6
201900054693,2019-12-05 09:45:00,2019,12,5,9,45,6,06079,A8,43.547952,6.943795,Plein jour,Hors agglomération,Hors intersection,Temps couvert,Sans collision,1,3,3,0,1,1,1,9,2,110,1,1,0,1,0,0,62.0,,voiture,,1,1,1,8,7
201900054694,2019-12-05 08:15:00,2019,12,5,8,15,77,77414,A4,48.6294601,3.2450625,Nuit sans éclairage public,Hors agglomération,Hors intersection,Normale,Sans collision,3,2,2,0,1,3,7,0,4,50,1,1,0,0,0,1,36.0,,transport_commun,,3,1,1,1,7
201900054695,2019-12-05 07:10:00,2019,12,5,7,10,78,78389,route nationale 12,48.80054,1.837275,Nuit sans éclairage public,Hors agglomération,Hors intersection,Brouillard / fumée,Sans collision,2,3,4,0,1,1,2,0,3,110,1,1,0,1,0,0,55.0,,voiture,,3,1,1,5,7
201900054696,2019-12-05 17:12:00,2019,12,5,17,12,2A,2A247,Route de l'Ospedale,41.616459,9.25961,Nuit sans éclairage public,Hors agglomération,Hors intersection,Normale,Deux véhicules - frontale,3,2,2,0,2,3,1,0,1,80,2,2,0,0,0,2,43.0,32.0,voiture,voiture,3,1,1,1,1
201900054697,2019-12-03 12:30:00,2019,12,3,12,30,5,05173,D22,44.304507,5.887174,Plein jour,Hors agglomération,Hors intersection,Normale,Sans collision,3,2,2,0,2,2,1,0,8,80,1,1,0,0,1,0,73.0,,deux_roues,,1,1,1,1,7
201900054698,2019-12-05 05:10:00,2019,12,5,5,10,74,74280,45 Route de Morette,45.899399,6.291883,Nuit sans éclairage public,Hors agglomération,Hors intersection,Brouillard / fumée,Deux véhicules - frontale,3,2,2,2,1,3,7,2,1,70,2,2,1,1,0,0,35.0,35.0,voiture,deux_roues,3,1,1,5,1
201900054699,2019-12-05 09:50:00,2019,12,5,9,50,69,69072,Chemin des Pins,45.79242,4.74022,Plein jour,Hors agglomération,Hors intersection,Brouillard / fumée,Sans collision,4,2,2,0,2,1,7,0,1,50,1,1,0,0,0,1,24.0,,voiture,,1,1,1,5,7
201900054700,2019-12-05 16:25:00,2019,12,5,16,25,64,64430,Rue Jeanne d'Albret,43.487539,-0.773015,Plein jour,En agglomération,Hors intersection,Normale,Autre collision,4,2,2,0,1,1,1,0,4,50,1,3,0,2,1,0,69.0,,voiture,,1,2,1,1,6
201900054701,2019-12-04 08:10:00,2019,12,4,8,10,33,33177,Route de Bassot,45.302572,-0.95077,Plein jour,Hors agglomération,Hors intersection,Normale,Autre collision,4,2,2,0,1,1,1,0,1,70,1,2,1,0,0,1,50.0,,voiture,,1,1,1,1,6
201900054702,2019-12-04 18:25:00,2019,12,4,18,25,33,33433,38 Chemin des Anglais,44.91388,-0.44062,Nuit sans éclairage public,En agglomération,Hors intersection,Normale,Deux véhicules - frontale,4,2,2,0,1,1,1,0,1,50,2,3,1,0,1,1,40.0,40.0,voiture,voiture,3,2,1,1,1
201900054703,2019-12-04 20:35:00,2019,12,4,20,35,27,27347,D57,49.043255,1.211963,Nuit sans éclairage public,Hors agglomération,Hors intersection,Brouillard / fumée,Autre collision,3,2,2,0,1,1,1,0,3,80,1,1,0,0,0,1,26.0,,voiture,,3,1,1,5,6
201900054704,2019-12-01 05:30:00,2019,12,1,5,30,62,62810,N17,50.35073,2.787064,Nuit sans éclairage public,Hors agglomération,Hors intersection,Normale,Deux véhicules - frontale,2,1,4,0,1,1,1,0,1,90,2,2,0,0,1,1,39.0,34.0,voiture,voiture,3,1,1,1,1
201900054705,2019-12-02 07:05:00,2019,12,2,7,5,83,83137,A57,43.12132,5.95331,Nuit avec éclairage allumé,Hors agglomération,Hors intersection,Pluie légère,Deux véhicules - arrière,1,3,5,0,1,1,2,0,1,90,2,2,1,0,0,1,39.0,30.0,utilitaire_camion,utilitaire_camion,5,1,1,2,2
201900054706,2019-11-29 17:05:00,2019,11,29,17,5,67,67482,Autoroute A.351,48.5875,7.71116,Crépuscule ou aube,Hors agglomération,Hors intersection,Pluie légère,Trois véhicules et plus - en chaîne,1,1,3,0,1,1,2,0,1,90,3,3,2,0,0,1,23.0,25.0,voiture,voiture,2,1,1,2,4
201900054707,2019-12-03 16:20:00,2019,12,3,16,20,67,67482,Autoroute A4,48.5962757,7.740257,Plein jour,Hors agglomération,Hors intersection,Normale,Deux véhicules - côté,1,3,3,0,1,1,1,0,1,90,2,2,1,0,0,1,49.0,54.0,utilitaire_camion,voiture,1,1,1,1,3
201900054708,2019-12-04 20:05:00,2019,12,4,20,5,92,92050,A14,48.8935271,2.2331357,Nuit avec éclairage allumé,Hors agglomération,Hors intersection,Normale,Deux véhicules - côté,1,1,2,0,1,1,1,1,1,70,2,2,1,0,0,1,30.0,47.0,voiture,deux_roues,5,1,1,1,3
201900054709,2019-12-04 14:15:00,2019,12,4,14,15,78,78545,A12 Y,48.809055,2.054421,Plein jour,Hors agglomération,Hors intersection,Normale,Deux véhicules - frontale,1,1,3,0,1,1,1,1,1,90,2,2,1,0,0,1,45.0,22.0,voiture,voiture,1,1,1,1,1
201900054710,2019-12-03 20:40:00,2019,12,3,20,40,78,78646,RN12 INT,48.790328,2.113668,Nuit sans éclairage public,Hors agglomération,Hors intersection,Normale,Deux véhicules - arrière,2,3,4,0,1,1,1,0,1,110,2,2,1,0,0,1,22.0,37.0,voiture,voiture,3,1,1,1,2
201900054711,2019-12-02 20:50:00,2019,12,2,20,50,93,93064,AUTOROUTE A86,48.88191,2.47394,Nuit sans éclairage public,Hors agglomération,Hors intersection,Normale,Deux véhicules - arrière,1,3,8,0,1,1,1,0,1,90,2,2,1,0,0,1,38.0,41.0,voiture,utilitaire_camion,3,1,1,1,2
201900054712,2019-12-02 18:25:00,2019,12,2,18,25,93,93066,AUTOROUTE A1,48.91571,2.35787,Nuit avec éclairage non allumé,Hors agglomération,Hors intersection,Normale,Deux véhicules - arrière,1,3,8,0,1,1,1,1,2,90,2,2,1,0,0,1,33.0,54.0,voiture,voiture,4,1,1,1,2
201900054713,2019-12-02 16:30:00,2019,12,2,16,30,95,95212,AUTOROUTE A1,49.02418,2.53589,Plein jour,Hors agglomération,Hors intersection,Normale,Deux véhicules - arrière,1,3,9,0,1,1,1,1,1,90,2,2,1,0,0,1,45.0,59.0,voiture,utilitaire_camion,1,1,1,1,2
201900054714,2019-12-04 18:15:00,2019,12,4,18,15,94,94081,A86 INT,48.7764477,2.4216274,Crépuscule ou aube,Hors agglomération,Hors intersection,Normale,Deux véhicules - arrière,1,1,3,0,1,1,1,0,1,90,2,2,1,0,0,1,23.0,35.0,voiture,voiture,2,1,1,1,2
201900054715,2019-12-04 14:20:00,2019,12,4,14,20,77,77337,RN104,48.828179,2.617909,Plein jour,Hors agglomération,Hors intersection,Normale,Trois véhicules et plus - en chaîne,2,3,4,0,1,1,1,0,1,70,3,3,2,0,0,1,35.0,50.0,utilitaire_camion,utilitaire_camion,1,1,1,1,4
201900054716,2019-12-02 20:18:00,2019,12,2,20,18,94,94038,LEO LAGRANGE (R),48.76863,2.32217,Nuit sans éclairage public,En agglomération,Hors intersection,Normale,Autre collision,4,1,1,0,4,3,1,0,2,50,1,2,1,0,0,1,44.0,,voiture,,3,2,1,1,6
201900054717,2019-12-02 02:30:00,2019,12,2,2,30,92,92078,AUTOROUTE A86,48.9301881,2.3258724,Plein jour,Hors agglomération,Hors intersection,Normale,Sans collision,1,1,1,0,2,3,7,0,1,70,1,1,0,0,0,1,20.0,,deux_roues,,1,1,1,1,7
201900054718,2019-12-03 08:10:00,2019,12,3,8,10,75,75114,BD PERIPHERIQUE INTERIEUR,48.81682,2.337573,Plein jour,En agglomération,Hors intersection,Normale,Deux véhicules - côté,4,1,4,0,1,1,1,0,1,70,2,2,1,0,0,1,47.0,28.0,deux_roues,voiture,1,2,1,1,3
201900054719,2019-12-02 08:30:00,2019,12,2,8,30,75,75116,BD PERIPHERIQUE INTERIEUR,48.872794,2.274637,Crépuscule ou aube,En agglomération,Hors intersection,Normale,Deux véhicules - côté,4,1,4,0,1,1,1,1,1,70,2,2,1,0,0,1,23.0,31.0,deux_roues,voiture,2,2,1,1,3