accident_id,datetime,annee,mois,jour,heure,minute,departement,commune_insee,adresse,latitude,longitude,luminosite,agglomeration,intersection,meteo,collision,catr,circ,nbv,vosp,prof,plan,surf,infra,situ,vma,nb_vehicules,nb_usagers,nb_indemnes,nb_tues,nb_blesses_hosp,nb_blesses_legers,age_cond_1,age_cond_2,veh_type_cond_1,veh_type_cond_2,lum_code,agg_code,int_code,atm_code,col_code
201900054720,2019-12-01 00:00:00,2019,12,1,0,0,75,75117,BD PERIPHERIQUE EXTERIEUR,48.884658,2.286128,Nuit avec éclairage non allumé,En agglomération,Hors intersection,Normale,Deux véhicules - arrière,4,1,4,0,1,1,1,1,1,70,2,4,3,0,0,1,20.0,31.0,voiture,voiture,4,2,1,1,2
201900054721,2019-12-02 19:31:00,2019,12,2,19,31,75,75110,BOULEVARD DE STRASBOURG,48.872269,2.355902,Nuit avec éclairage allumé,En agglomération,Intersection en X,Normale,Autre collision,4,2,4,3,1,1,1,0,6,50,1,2,1,0,0,1,78.0,,voiture,,5,2,2,1,6
201900054722,2019-12-03 08:25:00,2019,12,3,8,25,75,75120,AVENUE GAMBETTA,48.8676482,2.4008675,Plein jour,En agglomération,Hors intersection,Normale,Sans collision,4,2,2,0,2,1,1,0,1,50,1,2,0,0,0,2,54.0,,deux_roues,,1,2,1,1,7
201900054723,2019-12-03 00:20:00,2019,12,3,0,20,75,75120,RUE BELGRAND,48.8645354,2.4078335,Nuit avec éclairage allumé,En agglomération,Hors intersection,Normale,Autre collision,4,2,4,1,1,1,1,0,5,30,2,1,0,0,0,1,33.0,,deux_roues,,5,2,1,1,6
201900054724,2019-12-03 18:00:00,2019,12,3,18,0,75,75116,AVENUE D IENA,48.8717439,2.2953808,Crépuscule ou aube,En agglomération,Intersection en Y,Normale,Deux véhicules - côté,4,2,2,0,1,1,1,0,1,50,2,2,1,0,0,1,48.0,38.0,voiture,deux_roues,2,2,4,1,3
201900054725,2019-12-03 10:30:00,2019,12,3,10,30,75,75116,VOIE GEORGES POMPIDOU,48.8465657,2.2741163,Plein jour,En agglomération,Hors intersection,Normale,Autre collision,4,1,1,0,1,1,1,0,1,50,1,1,0,0,1,0,55.0,,deux_roues,,1,2,1,1,6
201900054726,2019-12-03 11:15:00,2019,12,3,11,15,75,75116,BOULEVARD EXELMANS,48.843565,2.2593749,Plein jour,En agglomération,Intersection en X,Normale,Autre collision,4,1,2,-1,1,2,1,0,1,50,1,2,1,0,0,1,76.0,,voiture,,1,2,2,1,6
201900054727,2019-12-03 08:30:00,2019,12,3,8,30,75,75112,RUE VILLIOT,48.841909,2.375954,Plein jour,En agglomération,Hors intersection,Normale,Autre collision,4,2,2,0,1,1,1,0,1,50,2,1,0,0,0,1,50.0,,deux_roues,,1,2,1,1,6
201900054728,2019-12-03 18:00:00,2019,12,3,18,0,75,75111,RUE JEAN PIERRE TIMBAUD,48.86783,2.377137,Nuit avec éclairage allumé,En agglomération,Intersection en X,Normale,Autre collision,4,1,1,0,1,1,1,5,1,30,1,1,0,0,0,1,,,,,5,2,2,1,6
201900054729,2019-12-03 10:30:00,2019,12,3,10,30,75,75111,AVENUE LEDRU ROLLIN,48.8543056,2.3778927,Plein jour,En agglomération,Hors intersection,Normale,Autre collision,4,2,2,0,1,1,1,0,1,30,2,1,0,0,0,1,23.0,,deux_roues,,1,2,1,1,6
201900054730,2019-12-03 05:00:00,2019,12,3,5,0,75,75109,BOULEVARD DE CLICHY,48.8827539,2.3356151,Nuit avec éclairage allumé,En agglomération,Hors intersection,Normale,Sans collision,4,1,1,0,1,1,1,0,1,30,1,1,0,0,0,1,22.0,,deux_roues,,5,2,1,1,7
201900054731,2019-12-03 13:25:00,2019,12,3,13,25,75,75107,RUE DE VARENNE,48.853982,2.323866,Plein jour,En agglomération,Intersection en X,Normale,Autre collision,4,1,1,-1,1,1,1,0,1,50,1,2,1,0,0,1,26.0,,utilitaire_camion,,1,2,2,1,6
201900054732,2019-12-03 16:00:00,2019,12,3,16,0,75,75103,RUE DE TURENNE,48.858158,2.364485,Plein jour,En agglomération,Intersection en X,Normale,Autre collision,4,2,2,3,1,1,1,0,1,50,1,1,0,0,0,1,,,,,1,2,2,1,6
201900054733,2019-12-02 21:56:00,2019,12,2,21,56,94,94081,EDITH CAVELL (R),48.797,2.41,Nuit avec éclairage allumé,En agglomération,Intersection en T,Normale,Trois véhicules et plus - collisions multiples,4,2,2,0,1,1,1,0,1,50,3,4,3,0,0,1,57.0,41.0,voiture,utilitaire_camion,5,2,3,1,5
201900054734,2019-12-02 17:30:00,2019,12,2,17,30,94,94081,EUGENE HENAFF (R),48.794,2.415,Nuit avec éclairage allumé,En agglomération,Hors intersection,Normale,Deux véhicules - côté,4,2,2,0,1,1,1,0,1,50,2,2,1,0,0,1,33.0,50.0,voiture,deux_roues,5,2,1,1,3
201900054735,2019-12-03 13:40:00,2019,12,3,13,40,94,94041,WESTERMEYER (R),48.81832,2.39542,Plein jour,En agglomération,Hors intersection,Normale,Deux véhicules - côté,3,-1,0,0,1,1,1,6,1,5,2,2,1,0,0,1,30.0,44.0,deux_roues,deux_roues,1,2,1,1,3
201900054736,2019-12-01 14:35:00,2019,12,1,14,35,94,94028,TASSIGNY(AVE DU MARECHAL DE LATTRE DE),48.79653,2.45728,Plein jour,En agglomération,Autre intersection,Temps couvert,Trois véhicules et plus - en chaîne,3,2,2,0,1,1,2,9,1,50,3,3,1,0,0,2,53.0,29.0,voiture,voiture,1,2,9,8,4
201900054737,2019-11-30 15:00:00,2019,11,30,15,0,93,93078,DAMBEL (AVENUE EMILE),48.95307,2.54986,Plein jour,En agglomération,Intersection en T,Normale,Deux véhicules - côté,4,1,2,0,1,1,1,0,1,50,2,2,1,0,1,0,74.0,22.0,utilitaire_camion,deux_roues,1,2,3,1,3
201900054738,2019-11-30 11:15:00,2019,11,30,11,15,93,93074,MEAUX RUE DE,48.936137,2.578776,Plein jour,En agglomération,Intersection en T,Normale,Deux véhicules - côté,3,2,2,0,1,1,1,0,1,30,2,3,2,0,0,1,31.0,16.0,voiture,deux_roues,1,2,3,1,3
201900054739,2019-12-02 08:00:00,2019,12,2,8,0,93,93032,MUGUETS   (AVENUE DES),48.89476,2.54375,Plein jour,En agglomération,Intersection en T,Autre,Autre collision,4,2,2,0,1,1,7,0,1,50,1,2,1,0,0,1,24.0,,voiture,,1,2,3,9,6
201900054740,2019-12-03 08:35:00,2019,12,3,8,35,93,93001,FELIX FAURE (BLD)  => 118/119,48.90815,2.37826,Plein jour,En agglomération,Hors intersection,Normale,Deux véhicules - frontale,3,2,1,0,1,1,1,0,1,50,2,1,0,0,0,1,28.0,,deux_roues,,1,2,1,1,1
201900054741,2019-12-03 19:15:00,2019,12,3,19,15,92,92062,WALLACE (BD RICHARD) DU 17 AU 91 ET DU 3,48.88,2.23,Nuit avec éclairage allumé,En agglomération,Hors intersection,Normale,Autre collision,4,2,1,0,2,1,1,0,1,30,1,2,1,0,0,1,25.0,,voiture,,5,2,1,1,6
201900054742,2019-12-02 16:00:00,2019,12,2,16,0,92,92024,VICTOR HUGO (BD),48.89845,2.31206,Plein jour,En agglomération,Hors intersection,Normale,Autre collision,3,2,2,0,1,1,1,0,1,50,1,2,1,0,0,1,38.0,,deux_roues,,1,2,1,1,6
201900054743,2019-12-03 18:15:00,2019,12,3,18,15,92,92060,DESCARTES (AVENUE),48.77656,2.24841,Nuit avec éclairage allumé,En agglomération,Hors intersection,Pluie légère,Autre collision,4,-1,2,1,1,1,2,9,1,50,1,2,1,0,0,1,78.0,,voiture,,5,2,1,2,6
201900054744,2019-12-03 16:20:00,2019,12,3,16,20,92,92002,FONTAINE MOUTON (AVENUE DE LA),48.7392821,2.2899686,Plein jour,En agglomération,Hors intersection,Normale,Autre collision,4,2,2,0,2,1,1,0,1,50,1,2,1,0,0,1,24.0,,voiture,,1,2,1,1,6
201900054745,2019-12-04 07:30:00,2019,12,4,7,30,2,02576,1 Route de Fontenoy,49.398861,3.238039,Nuit sans éclairage public,Hors agglomération,Hors intersection,Brouillard / fumée,Deux véhicules - arrière,3,2,2,0,1,1,9,0,1,80,2,3,2,1,0,0,29.0,49.0,utilitaire_camion,utilitaire_camion,3,1,1,5,2
201900054746,2019-10-28 18:00:00,2019,10,28,18,0,44,44180,La Dandelière (Freigné),47.543516,-1.13447,Nuit sans éclairage public,Hors agglomération,Intersection en T,Pluie légère,Deux véhicules - côté,3,2,2,0,1,1,2,0,1,80,2,2,0,0,0,2,48.0,35.0,voiture,voiture,3,1,3,2,3
201900054747,2019-12-03 16:40:00,2019,12,3,16,40,62,62364,Rue d'Hesdin,50.509508,2.132864,Plein jour,En agglomération,Hors intersection,Autre,Autre collision,3,2,2,0,2,1,1,0,1,50,1,2,1,0,1,0,37.0,,voiture,,1,2,1,9,6
201900054748,2019-12-03 07:00:00,2019,12,3,7,0,974,97412,Rue Hubert Delisle,-21.373953,55.615142,Plein jour,En agglomération,Giratoire,Normale,Autre collision,4,2,2,0,1,1,1,5,1,50,1,2,1,0,1,0,63.0,,voiture,,1,2,6,1,6
201900054749,2019-12-04 05:07:00,2019,12,4,5,7,60,60370,D927,49.267513,2.115,Nuit sans éclairage public,Hors agglomération,Hors intersection,Brouillard / fumée,Sans collision,3,2,2,0,1,1,1,0,1,80,1,1,0,0,0,1,25.0,,deux_roues,,3,1,1,5,7
201900054750,2019-12-03 15:35:00,2019,12,3,15,35,6,06033,2621 1ère Avenue,43.785435,7.213401,Plein jour,En agglomération,Giratoire,Normale,Deux véhicules - frontale,3,2,2,0,1,3,1,9,1,70,2,2,1,0,1,0,53.0,48.0,voiture,deux_roues,1,2,6,1,1
201900054751,2019-12-03 09:15:00,2019,12,3,9,15,84,84099,chemin des mulets,43.860791,5.079816,Crépuscule ou aube,En agglomération,Intersection en X,Brouillard / fumée,Deux véhicules - frontale,4,2,2,0,1,1,1,0,1,70,2,2,1,0,0,1,84.0,41.0,voiture,voiture,2,2,2,5,1
201900054752,2019-11-01 12:35:00,2019,11,1,12,35,34,34254,A750,43.657625,3.466635,Plein jour,Hors agglomération,Hors intersection,Normale,Trois véhicules et plus - en chaîne,1,3,4,0,1,1,1,0,2,110,4,7,4,0,1,2,55.0,19.0,voiture,voiture,1,1,1,1,4
201900054753,2019-12-03 02:50:00,2019,12,3,2,50,63,63404,A75,45.594272,3.227272,Nuit sans éclairage public,Hors agglomération,Hors intersection,Temps couvert,Autre collision,1,3,4,0,1,2,2,0,1,90,1,1,0,0,1,0,40.0,,voiture,,3,1,1,8,6
201900054754,2019-12-04 01:00:00,2019,12,4,1,0,56,56102,lieu-dit queroux,47.974889,-2.564788,Nuit sans éclairage public,Hors agglomération,Hors intersection,Brouillard / fumée,Autre collision,4,-1,2,0,1,1,7,2,3,80,1,1,0,0,1,0,23.0,,voiture,,3,1,1,5,6
201900054755,2019-12-02 06:20:00,2019,12,2,6,20,67,67025,Route du Rhin,48.8570567,8.0869518,Nuit avec éclairage allumé,En agglomération,Hors intersection,Normale,Trois véhicules et plus - collisions multiples,3,2,2,0,1,1,1,0,1,50,3,4,3,0,1,0,19.0,48.0,deux_roues,voiture,5,2,1,1,5
201900054756,2019-12-04 07:43:00,2019,12,4,7,43,76,76272,Rue Albert Perne,49.808537,0.842366,Crépuscule ou aube,Hors agglomération,Hors intersection,Brouillard / fumée,Trois véhicules et plus - en chaîne,3,2,2,0,1,1,1,0,1,70,3,3,1,0,1,1,35.0,52.0,voiture,utilitaire_camion,2,1,1,5,4
201900054757,2019-12-03 13:20:00,2019,12,3,13,20,76,76312,24 Boulevard de Verdun,49.484954,1.730005,Plein jour,En agglomération,Intersection en T,Brouillard / fumée,Autre collision,2,2,2,0,1,1,1,0,4,50,1,1,0,0,1,0,59.0,,utilitaire_camion,,1,2,3,5,6
201900054758,2019-12-02 17:50:00,2019,12,2,17,50,80,80599,D56,50.205731,2.000568,Nuit sans éclairage public,Hors agglomération,Hors intersection,Normale,Deux véhicules - côté,3,2,2,0,1,1,1,0,1,80,2,2,1,0,1,0,39.0,26.0,deux_roues,voiture,3,1,1,1,3
201900054759,2019-12-04 13:15:00,2019,12,4,13,15,80,80036,D167,49.889456,2.466455,Plein jour,Hors agglomération,Hors intersection,Brouillard / fumée,Autre collision,3,2,2,0,4,1,2,0,3,50,1,1,0,1,0,0,23.0,,voiture,,1,1,1,5,6
201900054760,2019-12-03 18:30:00,2019,12,3,18,30,33,33071,Rue du Fort Bayard,44.82556,-0.18416,Nuit avec éclairage allumé,En agglomération,Intersection en T,Normale,Autre collision,3,2,2,0,2,1,1,0,1,50,1,2,1,0,1,0,64.0,,voiture,,5,2,3,1,6
201900054761,2019-11-29 14:30:00,2019,11,29,14,30,49,49305,Lieu Dit la Gateliere,47.704799,-0.729048,Plein jour,Hors agglomération,Intersection en T,Normale,Deux véhicules - côté,3,2,2,0,1,1,1,0,1,80,2,2,1,0,0,1,36.0,22.0,deux_roues,voiture,1,1,3,1,3
201900054762,2019-12-01 16:56:00,2019,12,1,16,56,49,49003,D761,47.25512,-0.332938,Plein jour,Hors agglomération,Hors intersection,Normale,Autre collision,3,3,4,0,1,1,1,2,1,110,1,1,0,0,1,0,74.0,,voiture,,1,1,1,1,6
201900054763,2019-12-03 18:43:00,2019,12,3,18,43,49,49218,D92,47.244291,-1.088915,Nuit sans éclairage public,Hors agglomération,Hors intersection,Normale,Deux véhicules - frontale,3,2,2,0,1,1,1,0,1,80,2,3,2,0,1,0,29.0,34.0,voiture,deux_roues,3,1,1,1,1
201900054764,2019-12-03 13:10:00,2019,12,3,13,10,29,29259,D58,48.6504326,-3.96009,Plein jour,Hors agglomération,Intersection à plus de 4 branches,Normale,Deux véhicules - frontale,3,3,4,0,2,1,1,0,1,90,2,4,0,0,1,3,84.0,76.0,voiture,voiture,1,1,5,1,1
201900054765,2019-12-04 01:30:00,2019,12,4,1,30,38,38517,Route de Saint Quentin,45.28821,5.52133,Nuit avec éclairage non allumé,Hors agglomération,Giratoire,Normale,Autre collision,3,2,2,0,1,1,1,5,1,80,1,2,0,1,1,0,37.0,,voiture,,4,1,6,1,6
201900054766,2019-12-03 16:25:00,2019,12,3,16,25,3,03076,,46.5912077,3.4012275,Crépuscule ou aube,Hors agglomération,Hors intersection,Temps éblouissant,Deux véhicules - arrière,3,2,2,0,1,1,1,0,1,80,2,3,2,0,1,0,61.0,63.0,voiture,deux_roues,2,1,1,7,2
201900054767,2019-12-04 06:30:00,2019,12,4,6,30,14,14252,D43,48.996221,-0.257149,Nuit sans éclairage public,Hors agglomération,Intersection en T,Brouillard / fumée,Sans collision,3,2,2,0,1,1,1,5,1,80,1,2,0,0,0,2,22.0,,voiture,,3,1,3,5,7
201900054768,2019-12-03 14:30:00,2019,12,3,14,30,60,60222,D938,49.469047,2.262063,Plein jour,Hors agglomération,Intersection en X,Brouillard / fumée,Deux véhicules - côté,3,-1,2,0,1,1,2,0,1,70,2,3,2,0,0,1,66.0,70.0,voiture,voiture,1,1,2,5,3
201900054769,2019-12-04 07:20:00,2019,12,4,7,20,60,60584,D12,49.227262,2.413801,Nuit sans éclairage public,Hors agglomération,Hors intersection,Brouillard / fumée,Sans collision,3,2,2,0,1,1,7,0,3,80,1,1,0,0,1,0,54.0,,deux_roues,,3,1,1,5,7
201900054770,2019-12-04 09:03:00,2019,12,4,9,3,10,10339,D33,48.389011,3.756046,Crépuscule ou aube,Hors agglomération,Hors intersection,Brouillard / fumée,Deux véhicules - frontale,3,2,2,0,1,1,1,0,1,80,2,2,0,1,0,1,32.0,60.0,utilitaire_camion,voiture,2,1,1,5,1
201900054771,2019-12-03 12:55:00,2019,12,3,12,55,53,53163,CD 32 - PK 16.400,48.158048,-0.45353,Plein jour,Hors agglomération,Hors intersection,Normale,Deux véhicules - frontale,3,2,2,0,1,1,1,0,1,80,2,5,0,0,4,1,35.0,40.0,voiture,voiture,1,1,1,1,1
201900054772,2019-12-03 09:55:00,2019,12,3,9,55,40,40312,22 Rue du Muguet,43.548885,-1.489295,Plein jour,En agglomération,Autre intersection,Normale,Autre collision,4,2,2,1,1,1,1,0,5,50,1,2,1,0,1,0,48.0,,voiture,,1,2,9,1,6
201900054773,2019-12-03 16:00:00,2019,12,3,16,0,24,24094,D44,45.0942,0.67635,Plein jour,Hors agglomération,Hors intersection,Normale,Sans collision,3,2,2,0,1,1,1,0,1,80,1,2,1,0,0,1,22.0,,utilitaire_camion,,1,1,1,1,7
201900054774,2019-12-04 11:00:00,2019,12,4,11,0,85,85277,D19,46.50228,-1.34789,Plein jour,Hors agglomération,Intersection en X,Normale,Deux véhicules - côté,3,2,2,0,2,3,1,0,1,70,2,2,1,0,1,0,69.0,53.0,voiture,deux_roues,1,1,2,1,3
201900054775,2019-12-03 18:06:00,2019,12,3,18,6,85,85111,58 Rue des Faïenciers,46.32511,-0.95634,Nuit avec éclairage allumé,En agglomération,Hors intersection,Normale,Autre collision,4,2,2,0,1,1,1,0,4,50,1,7,1,0,2,4,38.0,,voiture,,5,2,1,1,6
201900054776,2019-02-19 09:50:00,2019,2,19,9,50,76,76669,route des loges,49.6849082,0.3172731,Plein jour,Hors agglomération,Intersection en X,Normale,Deux véhicules - frontale,3,2,2,0,2,1,2,5,1,80,2,2,1,0,0,1,41.0,38.0,deux_roues,voiture,1,1,2,1,1
201900054777,2019-02-18 14:00:00,2019,2,18,14,0,82,82060,St Romain,44.248159,1.027232,Plein jour,Hors agglomération,Hors intersection,Normale,Autre collision,3,2,2,0,1,1,1,0,3,80,1,1,0,0,1,0,52.0,,voiture,,1,1,1,1,6
201900054778,2019-02-19 16:15:00,2019,2,19,16,15,63,63249,CD 906 - LD CHAMP DES BRUGERETTES,45.813666,3.5111189,Plein jour,Hors agglomération,Hors intersection,Normale,Trois véhicules et plus - collisions multiples,3,2,2,0,1,1,1,0,1,80,3,6,1,0,0,5,28.0,49.0,voiture,voiture,1,1,1,1,5
201900054779,2019-02-16 18:40:00,2019,2,16,18,40,63,63125,route de CLERMONT FERRAND D906,45.781642,3.532922,Nuit avec éclairage allumé,En agglomération,Hors intersection,Normale,Autre collision,3,2,2,0,1,1,1,9,8,50,1,1,0,0,1,0,58.0,,deux_roues,,5,2,1,1,6
201900054780,2019-02-17 18:00:00,2019,2,17,18,0,42,42224,lieu dit la Blache,45.347009,4.436795,Crépuscule ou aube,Hors agglomération,Hors intersection,Normale,Deux véhicules - frontale,3,2,2,0,1,3,1,0,1,80,2,3,1,0,0,2,46.0,43.0,voiture,voiture,2,1,1,1,1
201900054781,2019-02-19 16:35:00,2019,2,19,16,35,86,86235,Lieu dit Mossais,46.3782946,0.4118108,Plein jour,Hors agglomération,Hors intersection,Normale,Autre collision,4,2,2,0,1,1,1,0,3,80,1,1,0,0,1,0,81.0,,voiture,,1,1,1,1,6
201900054782,2019-02-18 13:10:00,2019,2,18,13,10,39,39132,,46.82759,5.467357,Plein jour,Hors agglomération,Intersection en X,Normale,Deux véhicules - côté,3,2,2,0,1,1,1,0,1,80,2,2,1,0,1,0,16.0,64.0,deux_roues,voiture,1,1,2,1,3
201900054783,2019-02-18 09:00:00,2019,2,18,9,0,31,31468,RD 52,43.283754,0.847766,Plein jour,Hors agglomération,Intersection en X,Normale,Deux véhicules - côté,3,2,1,0,1,4,1,5,1,80,2,2,0,0,0,2,72.0,75.0,voiture,utilitaire_camion,1,1,2,1,3
201900054784,2019-02-14 16:30:00,2019,2,14,16,30,26,26374,route départementale 116,44.31778,5.616167,Crépuscule ou aube,Hors agglomération,Hors intersection,Temps éblouissant,Autre collision,3,2,2,0,2,1,1,2,1,80,1,1,0,0,1,0,89.0,,voiture,,2,1,1,7,6
201900054785,2019-02-17 08:14:00,2019,2,17,8,14,50,50550,route départementale D971,49.127396,-1.41258,Crépuscule ou aube,Hors agglomération,Hors intersection,Normale,Autre collision,3,2,2,0,1,3,1,0,3,80,1,1,0,0,1,0,19.0,,voiture,,2,1,1,1,6
201900054786,2019-01-19 06:30:00,2019,1,19,6,30,18,18231,D951,46.728491,2.576188,Nuit sans éclairage public,Hors agglomération,Hors intersection,Normale,Autre collision,3,2,2,0,1,3,1,0,3,80,1,1,0,0,1,0,38.0,,voiture,,3,1,1,1,6
201900054787,2019-02-18 16:45:00,2019,2,18,16,45,7,07191,1205 Chemin de l'Île Blanc,44.590243,4.736643,Plein jour,Hors agglomération,Hors intersection,Temps couvert,Deux véhicules - frontale,4,2,2,0,1,2,1,0,1,30,2,4,3,0,0,1,19.0,21.0,voiture,voiture,1,1,1,8,1
201900054788,2019-02-19 09:30:00,2019,2,19,9,30,7,07319,Avenue Paul Langevin,44.534033,4.686219,Plein jour,En agglomération,Hors intersection,Normale,Deux véhicules - côté,4,2,2,0,1,1,1,0,1,50,2,2,0,0,0,2,42.0,38.0,voiture,voiture,1,2,1,1,3
201900054789,2019-02-19 20:15:00,2019,2,19,20,15,7,07066,chemin du pont,44.712013,4.664145,Nuit avec éclairage allumé,En agglomération,Hors intersection,Normale,Sans collision,4,2,2,0,2,1,1,0,1,50,1,1,0,0,1,0,27.0,,deux_roues,,5,2,1,1,7
201900054790,2019-02-18 20:45:00,2019,2,18,20,45,24,24376,La Poste - Puymangou,45.1695,0.08918,Nuit sans éclairage public,Hors agglomération,Hors intersection,Normale,Sans collision,3,2,2,0,1,1,1,0,3,70,1,1,0,1,0,0,58.0,,utilitaire_camion,,3,1,1,1,7
201900054791,2019-02-19 09:56:00,2019,2,19,9,56,4,04178,D951,44.028629,5.75273,Plein jour,Hors agglomération,Hors intersection,Normale,Deux véhicules - frontale,3,2,2,0,1,1,1,0,1,80,2,2,0,0,0,2,71.0,56.0,voiture,voiture,1,1,1,1,1
201900054792,2019-02-18 17:43:00,2019,2,18,17,43,4,04230,chemin de l'espigaous,43.831366,5.990323,Crépuscule ou aube,En agglomération,Hors intersection,Normale,Autre collision,4,2,2,0,2,1,1,0,1,50,1,2,1,0,0,1,15.0,,deux_roues,,2,2,1,1,6
201900054793,2019-02-17 15:40:00,2019,2,17,15,40,4,04110,Ch de St Clement,44.041356,6.103242,Plein jour,Hors agglomération,Hors intersection,Normale,Deux véhicules - frontale,4,2,2,0,2,1,1,0,1,80,2,3,2,0,1,0,34.0,14.0,autre,deux_roues,1,1,1,1,1
201900054794,2019-02-03 08:35:00,2019,2,3,8,35,27,27214,D20,49.307935,1.406921,Plein jour,Hors agglomération,Hors intersection,Normale,Sans collision,3,2,2,0,1,1,7,0,8,80,1,1,0,0,1,0,45.0,,voiture,,1,1,1,1,7
201900054795,2019-02-18 17:00:00,2019,2,18,17,0,27,27398,19 route de Beaumont,49.097049,0.616179,Plein jour,En agglomération,Hors intersection,Normale,Autre collision,4,2,2,0,1,2,1,0,1,50,1,2,0,1,1,0,29.0,,voiture,,1,2,1,1,6
201900054796,2019-02-19 14:07:00,2019,2,19,14,7,28,28227,Avenue du général de GAULLE,48.586835,1.585651,Plein jour,En agglomération,Hors intersection,Temps couvert,Autre collision,3,2,2,0,2,1,1,0,1,50,1,2,1,0,1,0,64.0,,voiture,,1,2,1,8,6
201900054797,2019-02-19 11:30:00,2019,2,19,11,30,37,37108,D764,47.146792,1.036323,Plein jour,Hors agglomération,Hors intersection,Normale,Sans collision,3,2,2,0,1,1,1,0,3,80,1,1,0,0,1,0,20.0,,voiture,,1,1,1,1,7
201900054798,2019-02-19 18:25:00,2019,2,19,18,25,988,98805,VE2,-22.19046,166.44109,Crépuscule ou aube,Hors agglomération,Hors intersection,Pluie légère,Autre collision,1,3,4,0,1,3,2,0,1,110,1,2,0,0,1,1,20.0,,utilitaire_camion,,2,1,1,2,6
201900054799,2019-02-16 08:15:00,2019,2,16,8,15,63,63300,A 71,45.899193,3.154029,Crépuscule ou aube,Hors agglomération,Hors intersection,Normale,Deux véhicules - arrière,1,3,4,0,1,1,1,0,1,130,2,7,4,0,2,1,56.0,80.0,voiture,voiture,2,1,1,1,2
201900054800,2019-01-29 03:00:00,2019,1,29,3,0,13,13001,A8 pk 21+500 sens sud,43.520494,5.417554,Nuit sans éclairage public,Hors agglomération,Hors intersection,Normale,Sans collision,1,1,5,0,1,1,1,0,3,110,1,1,0,0,0,1,29.0,,utilitaire_camion,,3,1,1,1,7
201900054801,2019-01-16 09:00:00,2019,1,16,9,0,13,13086,A52,43.340045,5.609309,Plein jour,Hors agglomération,Hors intersection,Normale,Deux véhicules - arrière,1,1,3,0,1,1,1,0,1,110,2,4,3,0,0,1,34.0,39.0,utilitaire_camion,voiture,1,1,1,1,2
201900054802,2019-02-18 17:15:00,2019,2,18,17,15,90,90015,Autoroute A36 - Pk 38.200 - en direction de MONTBELIARD,47.594055,6.857119,Plein jour,Hors agglomération,Autre intersection,Normale,Deux véhicules - côté,1,3,5,0,1,1,1,0,1,110,2,2,0,0,0,2,32.0,47.0,voiture,utilitaire_camion,1,1,9,1,3
201900054803,2019-02-18 07:35:00,2019,2,18,7,35,27,27580,"autoroute A13, point kilométrique 123+907 en direction de Paris",49.348759,0.903583,Crépuscule ou aube,Hors agglomération,Hors intersection,Normale,Deux véhicules - arrière,1,1,2,0,1,1,1,0,1,130,2,2,1,0,0,1,44.0,48.0,utilitaire_camion,voiture,2,1,1,1,2
201900054804,2019-02-19 15:00:00,2019,2,19,15,0,13,13051,A7 pk 240+200 sens sud nord,43.592878,5.17807,Plein jour,Hors agglomération,Hors intersection,Normale,Autre collision,1,3,5,0,1,1,1,9,8,30,2,4,3,0,0,1,19.0,61.0,voiture,voiture,1,1,1,1,6
201900054805,2019-02-17 21:40:00,2019,2,17,21,40,972,97228,RD 15 carrefour rue fonds cacao,14.753832,-61.02819,Nuit sans éclairage public,Hors agglomération,Hors intersection,Normale,Autre collision,3,2,2,0,2,2,1,0,1,80,1,1,0,0,1,0,32.0,,autre,,3,1,1,1,6
201900054806,2019-02-17 19:10:00,2019,2,17,19,10,972,97228,RN1,14.781694,-60.992397,Nuit avec éclairage allumé,Hors agglomération,Hors intersection,Normale,Autre collision,2,2,2,0,1,1,1,0,1,80,1,1,0,0,1,0,19.0,,deux_roues,,5,1,1,1,6
201900054807,2019-02-19 10:15:00,2019,2,19,10,15,2B,2B134,avenue charles de gaulle,42.629962,8.936986,Plein jour,En agglomération,Hors intersection,Normale,Deux véhicules - côté,3,3,1,0,1,1,1,0,1,50,2,3,2,0,1,0,16.0,66.0,deux_roues,voiture,1,2,1,1,3
201900054808,2019-02-19 01:51:00,2019,2,19,1,51,26,26252,A7 PK 076.500 sens sud-nord,44.871714,4.864896,Nuit sans éclairage public,Hors agglomération,Hors intersection,Normale,Deux véhicules - arrière,1,3,5,0,1,1,1,0,1,130,2,2,0,0,1,1,33.0,58.0,utilitaire_camion,utilitaire_camion,3,1,1,1,2
201900054809,2019-02-19 17:35:00,2019,2,19,17,35,55,55120,,48.753039,5.126783,Plein jour,Hors agglomération,Hors intersection,Normale,Deux véhicules - arrière,3,2,2,0,1,1,1,0,1,80,2,2,1,0,1,0,54.0,82.0,deux_roues,voiture,1,1,1,1,2
201900054810,2019-02-17 16:33:00,2019,2,17,16,33,69,69255,7 route de Bordeaux,45.73675,4.68366,Crépuscule ou aube,En agglomération,Intersection en X,Temps éblouissant,Deux véhicules - côté,3,2,2,0,2,1,1,0,1,70,2,2,1,0,0,1,47.0,67.0,deux_roues,voiture,2,2,2,7,3