accident_id,datetime,annee,mois,jour,heure,minute,departement,commune_insee,adresse,latitude,longitude,luminosite,agglomeration,intersection,meteo,collision,catr,circ,nbv,vosp,prof,plan,surf,infra,situ,vma,nb_vehicules,nb_usagers,nb_indemnes,nb_tues,nb_blesses_hosp,nb_blesses_legers,age_cond_1,age_cond_2,veh_type_cond_1,veh_type_cond_2,lum_code,agg_code,int_code,atm_code,col_code
201900054811,2019-06-13 07:45:00,2019,6,13,7,45,10,10357,Prolongement Bd POMPIDOU,48.2978,4.0953,Plein jour,En agglomération,Hors intersection,Normale,Deux véhicules - arrière,3,1,2,0,1,1,1,0,1,70,2,2,1,0,0,1,35.0,20.0,voiture,deux_roues,1,2,1,1,2
201900054812,2019-02-18 14:50:00,2019,2,18,14,50,69,69072,D 307,45.806072,4.736525,Plein jour,Hors agglomération,Hors intersection,Normale,Deux véhicules - arrière,3,2,2,0,1,1,1,0,1,70,2,2,1,0,0,1,39.0,67.0,deux_roues,deux_roues,1,1,1,1,2
201900054813,2019-06-12 17:19:00,2019,6,12,17,19,10,10387,ROBERT SCHUMANN (RUE),48.3072,4.0954,Plein jour,En agglomération,Hors intersection,Temps couvert,Deux véhicules - arrière,4,2,4,2,1,1,1,0,1,50,2,2,1,0,1,0,16.0,47.0,deux_roues,transport_commun,1,2,1,8,2
201900054814,2019-06-12 16:40:00,2019,6,12,16,40,10,10387,VICTOR HUGO (RUE),48.29407,4.06792,Plein jour,En agglomération,Hors intersection,Normale,Deux véhicules - arrière,7,2,1,0,1,1,1,0,1,50,2,2,1,0,0,1,48.0,19.0,voiture,voiture,1,2,1,1,2
201900054815,2019-06-11 19:50:00,2019,6,11,19,50,10,10081,MARIE NOEL (RUE),48.30907,4.03297,Plein jour,En agglomération,Hors intersection,Normale,Deux véhicules - frontale,7,2,1,0,1,1,1,0,1,50,2,2,1,0,0,1,21.0,18.0,voiture,deux_roues,1,2,1,1,1
201900054816,2019-02-19 11:45:00,2019,2,19,11,45,16,16385,route de la Sablière,45.6578844,0.2502822,Plein jour,En agglomération,Hors intersection,Temps couvert,Autre collision,3,2,2,0,2,1,1,0,1,50,1,4,3,0,1,0,37.0,,voiture,,1,2,1,8,6
201900054817,2019-06-10 17:11:00,2019,6,10,17,11,10,10387,CHARMILLES (MAIL DES),48.29867,4.08718,Plein jour,En agglomération,Hors intersection,Pluie légère,Autre collision,4,1,2,2,1,2,2,0,1,50,1,1,0,0,0,1,20.0,,voiture,,1,2,1,2,6
201900054818,2019-02-19 17:50:00,2019,2,19,17,50,22,22339,D2,48.4737915,-2.0608207,Plein jour,Hors agglomération,Intersection en T,Normale,Deux véhicules - arrière,3,2,2,0,1,1,1,0,1,80,2,2,1,0,1,0,19.0,52.0,deux_roues,voiture,1,1,3,1,2
201900054819,2019-02-18 17:40:00,2019,2,18,17,40,22,22339,2 route de ploubalay,48.4634466,-2.0583665,Plein jour,En agglomération,Hors intersection,Pluie légère,Deux véhicules - arrière,3,3,2,2,2,1,2,9,1,50,2,2,1,0,0,1,31.0,70.0,deux_roues,voiture,1,2,1,2,2
201900054820,2019-06-08 04:10:00,2019,6,8,4,10,10,10333,ROCADE OUEST (RD 610),48.26892,4.05188,Nuit sans éclairage public,Hors agglomération,Hors intersection,Normale,Sans collision,3,1,1,0,2,3,1,3,1,80,1,1,0,0,0,1,52.0,,voiture,,3,1,1,1,7
201900054821,2019-02-19 16:00:00,2019,2,19,16,0,80,80421,D132,49.782405,2.790898,Plein jour,Hors agglomération,Hors intersection,Normale,Deux véhicules - côté,3,2,2,0,1,1,1,0,1,80,2,1,0,0,1,0,47.0,,deux_roues,,1,1,1,1,3
201900054822,2019-02-19 13:00:00,2019,2,19,13,0,62,62354,D 113,50.568313,1.698722,Plein jour,Hors agglomération,Hors intersection,Normale,Autre collision,3,2,2,0,1,1,1,0,3,80,1,1,0,0,1,0,20.0,,voiture,,1,1,1,1,6
201900054823,2019-02-16 04:55:00,2019,2,16,4,55,83,83144,,43.13349,5.98476,Nuit sans éclairage public,Hors agglomération,Hors intersection,Normale,Deux véhicules - côté,1,3,4,0,1,1,1,0,1,110,2,3,1,0,0,2,34.0,19.0,voiture,voiture,3,1,1,1,3
201900054824,2019-06-05 12:25:00,2019,6,5,12,25,8,08105,MONTHERME,49.81509,4.70176,Plein jour,Hors agglomération,Hors intersection,Normale,Deux véhicules - frontale,3,2,2,0,2,2,1,0,1,80,2,3,1,0,1,1,46.0,30.0,voiture,voiture,1,1,1,1,1
201900054825,2019-02-15 08:55:00,2019,2,15,8,55,69,69029,A43   3.353 A 3.865,45.72416,4.92674,Plein jour,Hors agglomération,Hors intersection,Normale,Deux véhicules - arrière,1,3,9,0,1,1,1,0,1,90,2,2,1,0,1,0,29.0,60.0,voiture,deux_roues,1,1,1,1,2
201900054826,2019-06-08 10:10:00,2019,6,8,10,10,7,07316,rue des sabotiers,44.91921,4.86191,Plein jour,En agglomération,Autre intersection,Normale,Deux véhicules - côté,4,2,1,0,1,2,1,0,1,50,2,2,1,0,0,1,76.0,52.0,voiture,deux_roues,1,2,9,1,3
201900054827,2019-05-18 14:20:00,2019,5,18,14,20,7,07019,RN 102,44.6218,4.394081,Plein jour,Hors agglomération,Hors intersection,Normale,Deux véhicules - frontale,2,2,2,0,1,1,1,1,1,70,2,2,1,0,0,1,62.0,55.0,utilitaire_camion,utilitaire_camion,1,1,1,1,1
201900054828,2019-02-18 17:50:00,2019,2,18,17,50,33,33075,ROCADE A 630,44.88987,-0.61132,Plein jour,Hors agglomération,Hors intersection,Normale,Deux véhicules - côté,1,3,4,0,1,1,1,0,1,90,2,2,1,0,0,1,60.0,23.0,voiture,deux_roues,1,1,1,1,3
201900054829,2019-06-10 18:25:00,2019,6,10,18,25,7,07019,D 104 (DEVIATION ST PRIVAS),44.61252,4.40774,Plein jour,Hors agglomération,Giratoire,Temps couvert,Deux véhicules - côté,2,1,2,0,1,2,1,5,1,80,2,3,2,0,1,0,18.0,23.0,voiture,deux_roues,1,1,6,8,3
201900054830,2019-02-17 13:35:00,2019,2,17,13,35,94,94034,AUTOROUTE A86,48.7588,2.325,Plein jour,Hors agglomération,Hors intersection,Normale,Trois véhicules et plus - en chaîne,1,3,4,0,1,1,1,1,1,70,4,5,4,0,0,1,25.0,34.0,voiture,voiture,1,1,1,1,4
201900054831,2019-05-22 15:00:00,2019,5,22,15,0,7,07019,PONSON (ZA),44.6165,4.40456,Plein jour,En agglomération,Intersection en T,Normale,Deux véhicules - côté,4,2,2,0,1,1,1,0,1,50,2,2,1,0,1,0,37.0,51.0,voiture,deux_roues,1,2,3,1,3
201900054832,2019-06-18 20:20:00,2019,6,18,20,20,6,06088,THIERS (AV.),43.7047128,7.263306,Plein jour,En agglomération,Hors intersection,Normale,Autre collision,4,1,1,0,2,1,1,0,1,50,2,2,1,0,0,1,31.0,34.0,deux_roues,deux_roues,1,2,1,1,6
201900054833,2019-06-18 09:25:00,2019,6,18,9,25,6,06088,JOLY (CORNICHE ANDRE DE),43.704287,7.29948,Plein jour,En agglomération,Hors intersection,Normale,Deux véhicules - côté,7,2,0,0,2,1,1,0,1,50,2,2,1,0,0,1,28.0,41.0,deux_roues,voiture,1,2,1,1,3
201900054834,2019-02-18 15:20:00,2019,2,18,15,20,92,92050,A14,48.8973167,2.220684,Nuit avec éclairage allumé,Hors agglomération,Hors intersection,Normale,Deux véhicules - côté,1,3,3,0,1,1,1,1,1,70,2,2,1,0,0,1,30.0,46.0,deux_roues,voiture,5,1,1,1,3
201900054835,2019-02-18 11:30:00,2019,2,18,11,30,78,78402,A13,48.965393,1.805537,Plein jour,Hors agglomération,Hors intersection,Normale,Trois véhicules et plus - collisions multiples,1,3,2,0,1,1,1,0,1,130,8,14,10,0,0,4,28.0,26.0,voiture,voiture,1,1,1,1,5
201900054836,2019-02-17 07:00:00,2019,2,17,7,0,78,78402,A13,48.964067,1.775729,Nuit sans éclairage public,Hors agglomération,Hors intersection,Normale,Trois véhicules et plus - collisions multiples,1,1,3,0,1,1,1,0,1,110,3,7,6,1,0,0,33.0,23.0,voiture,voiture,3,1,1,1,5
201900054837,2019-06-15 15:30:00,2019,6,15,15,30,6,06088,TERRON (CH. DE),43.69298,7.21776,Plein jour,Hors agglomération,Hors intersection,Normale,Deux véhicules - frontale,4,-1,2,0,2,3,1,0,1,50,2,3,0,0,2,1,20.0,41.0,deux_roues,voiture,1,1,1,1,1
201900054838,2019-06-06 03:30:00,2019,6,6,3,30,6,06088,ANGLAIS (DU N° 114 AU N° 263),43.684307,7.235093,Nuit avec éclairage allumé,En agglomération,Hors intersection,Normale,Deux véhicules - arrière,7,1,6,0,1,1,1,8,1,30,2,2,0,0,1,1,43.0,23.0,voiture,deux_roues,5,2,1,1,2
201900054839,2019-06-10 19:20:00,2019,6,10,19,20,6,06088,MERCANTOUR (BD),43.71068,7.18774,Crépuscule ou aube,Hors agglomération,Hors intersection,Normale,Deux véhicules - arrière,7,1,2,0,2,1,1,0,1,90,2,3,0,1,1,1,46.0,54.0,voiture,deux_roues,2,1,1,1,2
201900054840,2019-06-10 13:20:00,2019,6,10,13,20,6,06088,MERCANTOUR (BD),43.7327224,7.1845152,Plein jour,Hors agglomération,Hors intersection,Temps couvert,Sans collision,7,1,2,0,1,1,1,0,1,90,1,1,0,1,0,0,62.0,,deux_roues,,1,1,1,8,7
201900054841,2019-02-15 17:10:00,2019,2,15,17,10,78,78640,RN12 INT,48.781827,2.164803,Plein jour,Hors agglomération,Hors intersection,Normale,Trois véhicules et plus - en chaîne,2,1,0,0,2,1,1,0,1,90,4,4,3,0,0,1,33.0,47.0,voiture,voiture,1,1,1,1,4
201900054842,2019-06-09 18:15:00,2019,6,9,18,15,6,06088,MERCANTOUR (BD),43.67655,7.20096,Plein jour,En agglomération,Hors intersection,Normale,Deux véhicules - arrière,7,1,3,0,1,1,1,0,1,50,2,4,3,0,0,1,37.0,47.0,autre,voiture,1,2,1,1,2
201900054843,2019-02-17 11:40:00,2019,2,17,11,40,93,93005,AUTOROUTE A3,48.94558,2.47661,Plein jour,Hors agglomération,Hors intersection,Normale,Trois véhicules et plus - en chaîne,1,3,7,0,1,1,1,0,1,110,3,3,2,0,0,1,23.0,22.0,voiture,voiture,1,1,1,1,4
201900054844,2019-06-05 22:20:00,2019,6,5,22,20,6,06088,PASTEUR (BD),43.72024,7.28173,Nuit avec éclairage allumé,En agglomération,Autre intersection,Normale,Autre collision,4,-1,1,0,1,1,1,0,1,50,1,3,1,0,1,1,20.0,,utilitaire_camion,,5,2,9,1,6
201900054845,2019-02-16 20:00:00,2019,2,16,20,0,93,93010,AUTOROUTE A3,48.88938,2.47383,Nuit avec éclairage allumé,Hors agglomération,Hors intersection,Normale,Autre collision,1,3,9,0,1,2,1,0,1,90,1,1,0,0,0,1,37.0,,voiture,,5,1,1,1,6
201900054846,2019-06-05 13:45:00,2019,6,5,13,45,6,06088,DIABLES BLEUS (AV. DES),43.70793,7.2843,Plein jour,En agglomération,Hors intersection,Normale,Autre collision,4,1,2,0,1,3,1,0,1,50,1,2,1,0,0,1,69.0,,voiture,,1,2,1,1,6
201900054847,2019-06-04 12:36:00,2019,6,4,12,36,6,06088,TURIN (RTE DE),43.7307631,7.2884899,Plein jour,En agglomération,Giratoire,Normale,Deux véhicules - côté,4,1,2,0,1,1,1,5,1,50,2,2,1,0,1,0,27.0,18.0,voiture,voiture,1,2,6,1,3
201900054848,2019-02-18 12:40:00,2019,2,18,12,40,94,94018,A4,48.81811,2.41154,Plein jour,Hors agglomération,Hors intersection,Normale,Trois véhicules et plus - collisions multiples,1,3,10,0,1,1,1,0,1,90,3,3,2,0,0,1,39.0,46.0,utilitaire_camion,utilitaire_camion,1,1,1,1,5
201900054849,2019-05-31 12:17:00,2019,5,31,12,17,6,06088,ROQUEBILLIERE (R. DE),43.707403,7.286235,Plein jour,En agglomération,Hors intersection,Normale,Deux véhicules - arrière,4,1,2,0,1,1,1,0,1,50,2,2,1,0,0,1,22.0,22.0,voiture,deux_roues,1,2,1,1,2
201900054850,2019-05-31 09:47:00,2019,5,31,9,47,6,06088,QUAI DES ETATS UNIS,43.6952,7.2731,Plein jour,En agglomération,Autre intersection,Normale,Deux véhicules - arrière,7,1,1,0,1,1,1,0,1,50,2,3,2,0,1,0,78.0,68.0,deux_roues,deux_roues,1,2,9,1,2
201900054851,2019-02-18 12:15:00,2019,2,18,12,15,77,77438,A104,48.85784,2.66546,Plein jour,Hors agglomération,Hors intersection,Normale,Deux véhicules - arrière,1,3,7,0,2,1,1,0,1,90,2,2,1,0,0,1,55.0,57.0,voiture,voiture,1,1,1,1,2
201900054852,2019-05-31 09:05:00,2019,5,31,9,5,6,06088,DIABLES BLEUS (AV. DES),43.708308,7.290133,Plein jour,En agglomération,Hors intersection,Normale,Autre collision,4,-1,2,0,1,1,1,9,1,50,1,2,1,1,0,0,49.0,,deux_roues,,1,2,1,1,6
201900054853,2019-05-29 12:55:00,2019,5,29,12,55,6,06088,MADELEINE (BD DE LA),43.702263,7.236371,Plein jour,En agglomération,Hors intersection,Normale,Deux véhicules - côté,4,3,4,0,1,1,1,0,1,50,2,2,1,0,0,1,73.0,38.0,voiture,deux_roues,1,2,1,1,3
201900054854,2019-02-18 10:45:00,2019,2,18,10,45,77,77517,A104.EXT,48.90576,2.64171,Plein jour,Hors agglomération,Hors intersection,Normale,Trois véhicules et plus - en chaîne,1,-1,4,0,1,1,1,0,1,90,3,3,2,0,0,1,54.0,28.0,utilitaire_camion,utilitaire_camion,1,1,1,1,4
201900054855,2019-06-16 11:22:00,2019,6,16,11,22,6,06083,PARTOUNEAUX (RUE),43.774831,7.498632,Plein jour,En agglomération,Hors intersection,Normale,Autre collision,4,2,2,0,1,1,1,0,1,50,1,2,1,0,1,0,38.0,,voiture,,1,2,1,1,6
201900054856,2019-02-18 09:25:00,2019,2,18,9,25,93,93051,A4,48.83617,2.55094,Plein jour,Hors agglomération,Hors intersection,Normale,Deux véhicules - arrière,1,-1,6,0,1,1,1,0,1,110,2,2,1,0,0,1,60.0,37.0,voiture,voiture,1,1,1,1,2
201900054857,2019-06-07 23:00:00,2019,6,7,23,0,6,06104,MONLEON (AVENUE SYLVIO DE),43.755287,7.482979,Nuit avec éclairage allumé,En agglomération,Hors intersection,Normale,Autre collision,3,2,2,0,2,1,1,0,1,50,2,2,1,0,0,1,35.0,33.0,deux_roues,deux_roues,5,2,1,1,6
201900054858,2019-02-18 09:00:00,2019,2,18,9,0,77,77018,A4,48.83602,2.80878,Plein jour,Hors agglomération,Hors intersection,Normale,Deux véhicules - côté,1,3,6,0,1,1,1,0,1,130,2,3,0,0,0,3,52.0,21.0,voiture,voiture,1,1,1,1,3
201900054859,2019-06-14 10:30:00,2019,6,14,10,30,6,06069,PAOUTE (ROUTE ET TRAVERSE DE LA),43.6322876,6.9595452,Plein jour,En agglomération,Autre intersection,Normale,Deux véhicules - côté,4,2,1,0,1,3,1,0,1,30,2,2,1,0,0,1,59.0,26.0,deux_roues,voiture,1,2,9,1,3
201900054860,2019-02-18 00:35:00,2019,2,18,0,35,77,77058,A4,48.830593,2.696114,Nuit sans éclairage public,Hors agglomération,Hors intersection,Normale,Trois véhicules et plus - collisions multiples,1,3,3,0,3,1,1,0,1,110,3,3,1,0,2,0,19.0,23.0,voiture,voiture,3,1,1,1,5
201900054861,2019-06-11 12:50:00,2019,6,11,12,50,6,06069,PROVENCE (AVENUE DE),43.650954,6.922826,Plein jour,En agglomération,Hors intersection,Normale,Deux véhicules - côté,4,2,2,0,1,2,1,0,1,50,2,3,2,0,0,1,18.0,26.0,deux_roues,voiture,1,2,1,1,3
201900054862,2019-06-08 07:30:00,2019,6,8,7,30,6,06069,ZILLER (AVENUE PIERRE),43.67722,6.94719,Plein jour,En agglomération,Autre intersection,Normale,Deux véhicules - frontale,3,2,2,0,1,1,1,0,1,50,2,2,1,0,1,0,41.0,39.0,deux_roues,voiture,1,2,9,1,1
201900054863,2019-06-07 15:25:00,2019,6,7,15,25,6,06069,PLAN (ROUTE DU) -D304-,43.6432336,6.9559819,Plein jour,En agglomération,Hors intersection,Normale,Trois véhicules et plus - collisions multiples,4,2,2,0,1,2,1,0,1,50,3,3,2,0,0,1,16.0,71.0,deux_roues,voiture,1,2,1,1,5
201900054864,2019-02-11 14:00:00,2019,2,11,14,0,42,42071,LIBERATION (AVENUE DE LA),46.02898,4.08411,Plein jour,En agglomération,Hors intersection,Normale,Trois véhicules et plus - en chaîne,4,2,2,0,1,1,1,0,1,50,3,4,2,0,0,2,40.0,68.0,voiture,voiture,1,2,1,1,4
201900054865,2019-02-15 09:21:00,2019,2,15,9,21,29,29232,REPUBLIQUE RUE DE LA,48.00337,-4.08801,Plein jour,En agglomération,Hors intersection,Normale,Autre collision,4,1,2,0,2,1,1,0,1,50,1,2,1,0,1,0,94.0,,voiture,,1,2,1,1,6
201900054866,2019-06-18 21:45:00,2019,6,18,21,45,6,06029,BLANC (RUE LOUIS),43.5531856,7.0127002,Nuit avec éclairage allumé,En agglomération,Intersection en T,Normale,Deux véhicules - côté,4,1,3,0,2,1,1,0,1,50,2,4,3,0,1,0,51.0,42.0,deux_roues,voiture,5,2,3,1,3
201900054867,2019-06-08 16:00:00,2019,6,8,16,0,6,06029,LORRAINE (BOULEVARD DE),43.552848,7.027985,Plein jour,En agglomération,Autre intersection,Normale,Deux véhicules - arrière,4,3,4,0,1,1,1,0,1,50,2,2,1,0,0,1,84.0,80.0,deux_roues,voiture,1,2,9,1,2
201900054868,2019-06-06 15:45:00,2019,6,6,15,45,6,06029,CROISETTE (BOULEVARD DE LA),43.545941,7.033916,Plein jour,En agglomération,Intersection en X,Normale,Deux véhicules - côté,4,-1,0,0,1,1,1,0,1,50,2,2,1,0,0,1,22.0,22.0,deux_roues,voiture,1,2,2,1,3
201900054869,2019-02-09 21:30:00,2019,2,9,21,30,14,14715,FERNAND MOUREAUX (BOULEVARD),49.3643615,0.0827146,Nuit avec éclairage allumé,En agglomération,Intersection en X,Pluie légère,Deux véhicules - arrière,4,3,4,0,1,1,2,5,1,30,2,2,1,0,0,1,25.0,19.0,voiture,deux_roues,5,2,2,2,2
201900054870,2019-06-05 12:00:00,2019,6,5,12,0,6,06029,DIX HUIT JUIN (PLACE DU),43.553998,7.017057,Plein jour,En agglomération,Hors intersection,Normale,Deux véhicules - côté,4,-1,2,0,1,1,1,0,1,50,2,2,1,0,0,1,63.0,55.0,deux_roues,utilitaire_camion,1,2,1,1,3
201900054871,2019-02-12 07:15:00,2019,2,12,7,15,6,06123,DE GAULLE GENERAL AVENUE,43.66242,7.19408,Crépuscule ou aube,En agglomération,Hors intersection,Normale,Autre collision,7,2,2,0,1,2,1,9,1,20,1,2,1,0,0,1,52.0,,voiture,,2,2,1,1,6
201900054872,2019-05-31 21:50:00,2019,5,31,21,50,6,06029,ANTIBES (RUE D'),43.5513486,7.0295298,Nuit avec éclairage allumé,En agglomération,Giratoire,Normale,Deux véhicules - côté,9,1,1,0,1,2,1,0,1,50,2,1,0,0,1,0,57.0,,deux_roues,,5,2,6,1,3
201900054873,2019-02-14 15:30:00,2019,2,14,15,30,93,93072,MAXIME GORKI (BOULEVARD) N°72 AU 80,48.94978,2.386,Plein jour,En agglomération,Intersection en X,Normale,Deux véhicules - côté,3,2,6,3,1,1,1,9,1,50,2,2,1,0,0,1,46.0,22.0,utilitaire_camion,voiture,1,2,2,1,3
201900054874,2019-06-15 22:15:00,2019,6,15,22,15,6,06123,PONANT AVENUE DU,43.658502,7.188336,Nuit avec éclairage allumé,En agglomération,Autre intersection,Normale,Deux véhicules - côté,7,-1,2,0,1,1,1,0,1,50,2,2,1,0,0,1,17.0,19.0,deux_roues,voiture,5,2,9,1,3
201900054875,2019-06-15 09:35:00,2019,6,15,9,35,6,06123,LIBERATION AVENUE DE LA,43.66928,7.18935,Plein jour,En agglomération,Hors intersection,Normale,Autre collision,7,2,2,0,1,1,1,0,1,50,1,2,1,0,0,1,88.0,,voiture,,1,2,1,1,6
201900054876,2019-02-13 16:05:00,2019,2,13,16,5,93,93048,CHANZY (BOULEVARD),48.85824,2.43431,Plein jour,En agglomération,Hors intersection,Normale,Autre collision,3,2,2,1,1,1,1,0,1,50,1,2,1,0,1,0,57.0,,voiture,,1,2,1,1,6
201900054877,2019-06-14 11:15:00,2019,6,14,11,15,6,06123,11 NOVEMBRE AVENUE DU,43.6764,7.1909,Plein jour,En agglomération,Hors intersection,Normale,Deux véhicules - frontale,7,2,2,0,1,1,1,0,1,50,2,2,1,0,0,1,32.0,53.0,deux_roues,voiture,1,2,1,1,1
201900054878,2019-06-12 08:40:00,2019,6,12,8,40,6,06123,BORD DE MER RN 98,43.65691,7.1805,Plein jour,En agglomération,Hors intersection,Normale,Autre collision,7,1,3,0,1,1,1,0,1,50,1,2,1,0,1,0,52.0,,voiture,,1,2,1,1,6
201900054879,2019-06-11 18:55:00,2019,6,11,18,55,6,06027,NICE AVENUE DE (RN7),43.65512,7.15162,Plein jour,En agglomération,Hors intersection,Normale,Autre collision,7,3,1,0,1,1,1,0,1,50,1,2,1,0,0,1,27.0,,voiture,,1,2,1,1,6
201900054880,2019-02-12 19:45:00,2019,2,12,19,45,95,95252,AUTOROUTE A115,48.98499,2.24186,Nuit sans éclairage public,Hors agglomération,Hors intersection,Normale,Deux véhicules - arrière,1,3,4,0,1,3,1,0,1,90,2,2,1,0,0,1,27.0,47.0,voiture,deux_roues,3,1,1,1,2
201900054881,2019-02-12 19:00:00,2019,2,12,19,0,95,95219,AUTOROUTE A115,48.98929,2.24394,Nuit sans éclairage public,Hors agglomération,Hors intersection,Normale,Deux véhicules - arrière,1,3,4,0,1,1,1,0,1,90,2,2,1,0,0,1,34.0,29.0,voiture,deux_roues,3,1,1,1,2
201900054882,2019-06-11 08:00:00,2019,6,11,8,0,6,06123,BORD DE MER RN 98,43.66351,7.19826,Plein jour,En agglomération,Hors intersection,Normale,Deux véhicules - arrière,7,2,3,0,1,1,1,2,1,70,2,2,1,0,0,1,28.0,36.0,utilitaire_camion,utilitaire_camion,1,2,1,1,2
201900054883,2019-02-16 00:20:00,2019,2,16,0,20,988,98818,VE1 SENS SUD/NORD,-22.24968,166.45035,Nuit avec éclairage allumé,Hors agglomération,Hors intersection,Pluie légère,Autre collision,1,3,4,0,1,3,2,0,1,70,1,1,0,0,0,1,45.0,,voiture,,5,1,1,2,6
201900054884,2019-06-08 02:50:00,2019,6,8,2,50,6,06027,FRANCE ROUTE DE,43.660816,7.129476,Nuit sans éclairage public,En agglomération,Hors intersection,Normale,Deux véhicules - frontale,4,2,2,0,1,2,1,0,1,50,2,3,1,0,0,2,17.0,57.0,deux_roues,voiture,3,2,1,1,1
201900054885,2019-02-14 06:00:00,2019,2,14,6,0,988,98818,VE1,-22.24993,166.44987,Plein jour,Hors agglomération,Hors intersection,Pluie légère,Autre collision,1,3,4,0,1,2,2,0,1,70,1,1,0,0,0,1,43.0,,voiture,,1,1,1,2,6
201900054886,2019-06-06 09:25:00,2019,6,6,9,25,6,06027,GARE AVENUE DE LA,43.6615,7.14888,Plein jour,En agglomération,Autre intersection,Normale,Autre collision,7,1,2,0,1,1,1,0,1,50,1,2,1,0,0,1,71.0,,voiture,,1,2,9,1,6
201900054887,2019-02-02 17:00:00,2019,2,2,17,0,987,98736,AFARERII (RUE),-17.52921,-149.55363,Plein jour,En agglomération,Intersection en T,Normale,Deux véhicules - côté,4,2,2,0,1,1,1,0,2,50,2,2,1,0,0,1,47.0,28.0,deux_roues,utilitaire_camion,1,2,3,1,3
201900054888,2019-06-06 10:50:00,2019,6,6,10,50,6,06027,VAL FLEURI CHEMIN DU,43.665578,7.170228,Plein jour,En agglomération,Autre intersection,Normale,Deux véhicules - côté,4,2,2,0,1,1,1,0,1,50,2,2,1,0,0,1,41.0,31.0,voiture,deux_roues,1,2,9,1,3
201900054889,2019-02-16 15:25:00,2019,2,16,15,25,976,97611,doujani-Carrière ( route de la ),-12.79322,45.2142,Plein jour,En agglomération,Hors intersection,Normale,Deux véhicules - arrière,9,2,2,0,1,1,1,9,1,50,2,2,1,0,0,1,33.0,27.0,voiture,deux_roues,1,2,1,1,2
201900054890,2019-06-06 08:50:00,2019,6,6,8,50,6,06027,NICE AVENUE DE (RN7),43.65742,7.15806,Plein jour,En agglomération,Intersection en T,Normale,Deux véhicules - côté,7,2,2,0,1,1,1,5,1,50,2,2,1,0,0,1,28.0,48.0,deux_roues,deux_roues,1,2,3,1,3
201900054891,2019-02-16 10:50:00,2019,2,16,10,50,976,97611,kaweni-Madrasse (rue),-12.77525,45.22195,Plein jour,En agglomération,Hors intersection,Normale,Deux véhicules - côté,7,1,1,0,1,1,1,0,1,50,2,2,0,0,0,2,44.0,28.0,voiture,deux_roues,1,2,1,1,3
201900054892,2019-06-04 17:20:00,2019,6,4,17,20,6,06123,DE GAULLE GENERAL AVENUE,43.667563,7.192384,Plein jour,En agglomération,Hors intersection,Normale,Deux véhicules - côté,7,2,1,0,1,1,1,0,1,50,2,3,2,0,0,1,15.0,19.0,deux_roues,voiture,1,2,1,1,3
201900054893,2019-02-15 06:38:00,2019,2,15,6,38,976,97611,cavani-Belle vue (rue),-12.78636,45.22007,Plein jour,En agglomération,Hors intersection,Normale,Autre collision,4,2,2,0,2,1,1,9,1,50,1,2,1,0,0,1,47.0,,voiture,,1,2,1,1,6
201900054894,2019-06-01 06:30:00,2019,6,1,6,30,6,06123,VESPINS ROUTE DES,43.66002,7.18803,Plein jour,En agglomération,Autre intersection,Normale,Deux véhicules - frontale,7,2,2,0,1,1,1,8,1,50,2,2,1,0,0,1,26.0,42.0,voiture,voiture,1,2,9,1,1
201900054895,2019-02-16 18:10:00,2019,2,16,18,10,974,97416,RN3 (ANCIENNE ROUTE),-21.33156,55.46573,Plein jour,Hors agglomération,Autre intersection,Normale,Sans collision,2,1,2,0,2,1,1,0,1,110,1,1,0,0,1,0,33.0,,deux_roues,,1,1,9,1,7
201900054896,2019-06-01 05:20:00,2019,6,1,5,20,6,06123,GARE ROUTE DE LA,43.66193,7.19368,Nuit avec éclairage allumé,En agglomération,Autre intersection,Normale,Deux véhicules - frontale,7,2,3,0,1,1,1,5,1,50,2,2,1,0,0,1,29.0,59.0,deux_roues,utilitaire_camion,5,2,9,1,1
201900054897,2019-02-15 07:50:00,2019,2,15,7,50,974,97411,RN2/081,-20.88625,55.49384,Plein jour,En agglomération,Hors intersection,Normale,Trois véhicules et plus - en chaîne,2,1,2,0,1,1,1,0,1,90,3,3,2,0,0,1,45.0,39.0,voiture,voiture,1,2,1,1,4
201900054898,2019-05-31 14:40:00,2019,5,31,14,40,6,06123,LECLERC GENERAL AVENUE,43.674047,7.18969,Plein jour,En agglomération,Autre intersection,Normale,Trois véhicules et plus - collisions multiples,7,2,2,0,1,1,1,9,1,50,4,2,1,0,0,1,17.0,42.0,deux_roues,voiture,1,2,9,1,5
201900054899,2019-02-15 19:50:00,2019,2,15,19,50,974,97409,CRESSONNIERE (rue de la),-20.9689,55.65678,Nuit avec éclairage allumé,En agglomération,Hors intersection,Normale,Deux véhicules - côté,4,2,2,0,1,2,1,0,1,50,2,2,1,0,0,1,30.0,38.0,voiture,deux_roues,5,2,1,1,3
201900054900,2019-06-08 08:39:00,2019,6,8,8,39,6,06004,BORD DE MER RN.98 LA SIESTA,43.5999,7.12549,Plein jour,En agglomération,Hors intersection,Normale,Autre collision,3,2,4,1,1,1,1,0,1,50,3,4,1,0,2,1,60.0,66.0,deux_roues,deux_roues,1,2,1,1,6
201900054901,2019-06-12 19:05:00,2019,6,12,19,5,5,05061,EMBRUN ( AVENUE D'),44.5683,6.09923,Plein jour,En agglomération,Hors intersection,Normale,Deux véhicules - arrière,2,2,2,0,1,1,1,0,1,50,2,2,1,0,0,1,15.0,70.0,deux_roues,deux_roues,1,2,1,1,2
201900054902,2019-02-14 17:50:00,2019,2,14,17,50,973,97302,GALMOT (AVENUE),4.9318881,-52.328589,Plein jour,En agglomération,Hors intersection,Normale,Deux véhicules - côté,4,2,2,0,1,1,1,0,1,50,2,2,1,0,0,1,59.0,32.0,voiture,deux_roues,1,2,1,1,3