accident_id,datetime,annee,mois,jour,heure,minute,departement,commune_insee,adresse,latitude,longitude,luminosite,agglomeration,intersection,meteo,collision,catr,circ,nbv,vosp,prof,plan,surf,infra,situ,vma,nb_vehicules,nb_usagers,nb_indemnes,nb_tues,nb_blesses_hosp,nb_blesses_legers,age_cond_1,age_cond_2,veh_type_cond_1,veh_type_cond_2,lum_code,agg_code,int_code,atm_code,col_code
201900055085,2019-06-19 14:00:00,2019,6,19,14,0,75,75119,AVENUE DE FLANDRE,48.888379,2.374156,Plein jour,En agglomération,Intersection en X,Normale,Autre collision,4,1,2,0,1,1,1,0,1,50,1,2,1,0,0,1,27.0,,deux_roues,,1,2,2,1,6
201900055086,2019-02-17 15:55:00,2019,2,17,15,55,74,74012,BLANC (RUE RENE),46.19329,6.23609,Plein jour,En agglomération,Intersection en T,Normale,Autre collision,4,1,1,0,1,1,1,0,1,50,1,2,1,0,0,1,93.0,,voiture,,1,2,3,1,6
201900055087,2019-06-12 14:30:00,2019,6,12,14,30,75,75119,RUE D AUBERVILLIERS,48.897614,2.37111,Plein jour,En agglomération,Intersection en T,Pluie forte,Deux véhicules - côté,4,1,2,3,1,1,2,0,6,50,2,2,1,0,0,1,61.0,42.0,voiture,deux_roues,1,2,3,3,3
201900055088,2019-02-16 18:25:00,2019,2,16,18,25,74,74012,GLIERES (RUE DES),46.19417,6.24536,Nuit avec éclairage allumé,En agglomération,Intersection en X,Normale,Deux véhicules - côté,4,2,2,0,1,1,1,0,1,50,2,2,1,0,0,1,24.0,53.0,deux_roues,voiture,5,2,2,1,3
201900055089,2019-02-15 14:35:00,2019,2,15,14,35,74,74133,POSTE (RUE DE LA),46.19129,6.20967,Plein jour,En agglomération,Hors intersection,Normale,Autre collision,4,2,0,0,1,1,1,0,1,30,1,2,1,0,0,1,28.0,,voiture,,1,2,1,1,6
201900055090,2019-06-11 18:00:00,2019,6,11,18,0,75,75119,AVENUE JEAN JAURES,48.887226,2.387165,Plein jour,En agglomération,Intersection en T,Pluie légère,Deux véhicules - côté,4,2,2,0,1,1,2,0,1,50,2,2,1,0,0,1,33.0,41.0,voiture,deux_roues,1,2,3,2,3
201900055091,2019-06-09 19:45:00,2019,6,9,19,45,75,75119,RUE MANIN,48.884022,2.390483,Plein jour,En agglomération,Intersection en T,Normale,Deux véhicules - côté,4,2,2,0,1,1,1,0,1,30,2,2,1,0,0,1,67.0,28.0,voiture,deux_roues,1,2,3,1,3
201900055092,2019-02-13 12:55:00,2019,2,13,12,55,74,74012,ETREMBIERES (ROUTE D'),46.19007,6.23331,Plein jour,En agglomération,Giratoire,Normale,Deux véhicules - arrière,3,2,4,0,3,1,1,0,1,50,2,2,1,0,0,1,68.0,40.0,voiture,voiture,1,2,6,1,2
201900055093,2019-06-08 16:10:00,2019,6,8,16,10,75,75119,QUAI DE LA MARNE,48.889646,2.382605,Plein jour,En agglomération,Intersection en Y,Normale,Autre collision,4,2,2,1,1,1,1,0,5,20,1,2,0,0,0,2,24.0,,deux_roues,,1,2,4,1,6
201900055094,2019-02-13 07:30:00,2019,2,13,7,30,74,74298,TANINGES (ROUTE DE ),46.188829,6.265091,Plein jour,En agglomération,Hors intersection,Normale,Autre collision,3,2,2,0,1,1,1,0,1,50,1,2,1,0,0,1,37.0,,voiture,,1,2,1,1,6
201900055095,2019-06-08 15:40:00,2019,6,8,15,40,75,75119,AVENUE DE FLANDRE,48.887073,2.372167,Plein jour,En agglomération,Hors intersection,Normale,Deux véhicules - côté,4,1,3,3,1,1,2,0,6,50,2,2,1,0,0,1,17.0,62.0,deux_roues,voiture,1,2,1,1,3
201900055096,2019-02-12 07:05:00,2019,2,12,7,5,74,74012,DUSSONCHET (RUE CLAUDE PHILIPPE),46.18699,6.24736,Crépuscule ou aube,En agglomération,Hors intersection,Pluie légère,Autre collision,4,2,2,0,2,1,2,0,1,50,1,2,1,0,0,1,48.0,,voiture,,2,2,1,2,6
201900055097,2019-06-08 10:20:00,2019,6,8,10,20,75,75119,PLACE DU COLONEL FABIEN,48.878018,2.370691,Plein jour,En agglomération,Place,Normale,Autre collision,4,1,4,0,1,2,1,9,1,50,2,1,0,0,0,1,48.0,,voiture,,1,2,7,1,6
201900055098,2019-02-15 19:40:00,2019,2,15,19,40,72,72181,LIBERATION (AV DE LA) N° PAIRS 124 ET+,48.0009,0.18343,Nuit avec éclairage allumé,En agglomération,Intersection en X,Normale,Deux véhicules - côté,4,2,4,1,1,1,1,5,1,50,2,1,0,0,0,1,46.0,,deux_roues,,5,2,2,1,3
201900055099,2019-06-08 09:10:00,2019,6,8,9,10,75,75119,AVENUE JEAN JAURES,48.887129,2.386782,Plein jour,En agglomération,Intersection en T,Normale,Sans collision,4,3,2,0,1,1,1,0,1,50,1,1,0,0,0,1,38.0,,deux_roues,,1,2,3,1,7
201900055100,2019-06-07 19:10:00,2019,6,7,19,10,75,75119,AVENUE JEAN JAURES,48.885248,2.379897,Crépuscule ou aube,En agglomération,Hors intersection,Pluie légère,Deux véhicules - arrière,4,4,4,0,1,1,2,0,1,30,2,2,1,0,0,1,29.0,46.0,deux_roues,utilitaire_camion,2,2,1,2,2
201900055101,2019-02-14 12:45:00,2019,2,14,12,45,71,71270,RD 906 - PR 48+100 - LYON (ROUTE DE),46.28874,4.81137,Plein jour,En agglomération,Hors intersection,Normale,Autre collision,3,2,4,0,1,1,1,0,1,70,2,3,2,0,0,1,23.0,32.0,voiture,voiture,1,2,1,1,6
201900055102,2019-06-07 07:45:00,2019,6,7,7,45,75,75119,RUE MANIN,48.883081,2.386137,Plein jour,En agglomération,Hors intersection,Temps couvert,Trois véhicules et plus - en chaîne,4,2,2,0,1,1,1,0,1,50,3,3,2,0,0,1,66.0,24.0,utilitaire_camion,voiture,1,2,1,8,4
201900055103,2019-06-07 09:01:00,2019,6,7,9,1,75,75119,AVENUE DE FLANDRE,48.885419,2.370556,Plein jour,En agglomération,Hors intersection,Temps couvert,Autre collision,4,1,3,3,1,1,1,0,6,50,2,1,0,0,0,1,52.0,,deux_roues,,1,2,1,8,6
201900055104,2019-06-03 15:30:00,2019,6,3,15,30,75,75119,RUE BOTZARIS,48.879523,2.38854,Plein jour,En agglomération,Hors intersection,Normale,Autre collision,4,2,2,0,1,1,1,0,1,30,1,2,1,0,0,1,63.0,,voiture,,1,2,1,1,6
201900055105,2019-06-02 20:05:00,2019,6,2,20,5,75,75119,AVENUE JEAN JAURES,48.887097,2.386567,Plein jour,En agglomération,Hors intersection,Normale,Deux véhicules - côté,4,2,2,0,1,1,1,0,1,50,2,3,2,0,0,1,28.0,48.0,deux_roues,voiture,1,2,1,1,3
201900055106,2019-06-02 15:40:00,2019,6,2,15,40,75,75119,RUE MANIN,48.884754,2.392227,Plein jour,En agglomération,Intersection en X,Normale,Autre collision,4,2,2,0,1,1,1,6,1,50,1,1,0,0,0,1,,,,,1,2,2,1,6
201900055107,2019-06-01 09:48:00,2019,6,1,9,48,75,75119,QUAI DE LA MARNE,48.89013,2.383566,Plein jour,En agglomération,Intersection en T,Normale,Autre collision,4,2,2,1,1,1,1,0,5,30,1,2,1,0,0,1,28.0,,deux_roues,,1,2,3,1,6
201900055108,2019-05-31 12:55:00,2019,5,31,12,55,75,75119,RUE GASTON TESSIER,48.896109,2.374644,Plein jour,En agglomération,Hors intersection,Normale,Autre collision,4,2,2,0,1,1,1,0,1,30,2,2,1,0,0,1,65.0,,voiture,,1,2,1,1,6
201900055109,2019-05-31 08:30:00,2019,5,31,8,30,75,75119,RUE EMILE REYNAUD,48.901902,2.385186,Plein jour,En agglomération,Intersection en Y,Normale,Autre collision,4,1,2,0,1,1,1,0,1,30,1,2,1,0,0,1,30.0,,utilitaire_camion,,1,2,4,1,6
201900055110,2019-05-29 14:30:00,2019,5,29,14,30,75,75119,BOULEVARD PERIPHERIQUE,48.879032,2.408116,Plein jour,En agglomération,Hors intersection,Normale,Deux véhicules - arrière,4,1,4,0,2,1,1,0,1,70,2,2,1,0,0,1,41.0,56.0,voiture,utilitaire_camion,1,2,1,1,2
201900055111,2019-06-15 15:50:00,2019,6,15,15,50,75,75118,AVENUE DE LA PORTE DE MONTMARTRE,48.900794,2.335324,Plein jour,En agglomération,Hors intersection,Normale,Autre collision,4,3,4,0,1,1,1,2,1,50,1,2,1,0,0,1,60.0,,voiture,,1,2,1,1,6
201900055112,2019-06-14 16:15:00,2019,6,14,16,15,75,75118,RUE GERMAIN PILON,48.883593,2.33659,Plein jour,En agglomération,Hors intersection,Normale,Autre collision,4,1,1,0,2,1,1,0,1,30,1,1,0,0,0,1,,,,,1,2,1,1,6
201900055113,2019-02-17 17:50:00,2019,2,17,17,50,69,69290,EGALITE (DE L')                     (R ),45.68923,4.94678,Plein jour,En agglomération,Hors intersection,Normale,Deux véhicules - côté,4,3,2,0,1,1,1,0,1,50,2,6,5,0,0,1,46.0,32.0,voiture,deux_roues,1,2,1,1,3
201900055114,2019-02-17 15:00:00,2019,2,17,15,0,69,69266,CUSSET   (Pont de),45.768,4.905,Plein jour,En agglomération,Hors intersection,Normale,Autre collision,4,2,4,0,1,3,1,2,1,50,1,2,1,1,0,0,48.0,,voiture,,1,2,1,1,6
201900055115,2019-02-17 08:00:00,2019,2,17,8,0,69,69266,NORD      (Rue du),45.76379,4.88261,Plein jour,En agglomération,Hors intersection,Normale,Autre collision,4,1,1,0,1,1,1,0,1,50,1,1,0,0,0,1,29.0,,voiture,,1,2,1,1,6
201900055116,2019-02-16 12:30:00,2019,2,16,12,30,69,69282,POMMIER (DE)                        (CH),45.77619,4.99747,Plein jour,En agglomération,Hors intersection,Normale,Deux véhicules - côté,4,2,2,0,1,1,1,0,2,50,2,3,1,0,0,2,17.0,43.0,deux_roues,voiture,1,2,1,1,3
201900055117,2019-06-12 19:35:00,2019,6,12,19,35,75,75118,RUE MARX DORMOY,48.889056,2.359879,Plein jour,En agglomération,Intersection en X,Pluie légère,Autre collision,4,2,2,0,1,1,2,5,1,50,2,1,0,0,0,1,44.0,,deux_roues,,1,2,2,2,6
201900055118,2019-02-11 11:45:00,2019,2,11,11,45,69,69290,COLETTE                             (R ),45.68956,4.94422,Plein jour,En agglomération,Autre intersection,Normale,Autre collision,4,3,2,0,1,1,1,9,2,30,1,2,1,0,0,1,50.0,,voiture,,1,2,9,1,6
201900055119,2019-02-15 17:15:00,2019,2,15,17,15,69,69271,AUGUSTE DELAGE                          ,45.741,4.9786,Plein jour,En agglomération,Giratoire,Normale,Autre collision,4,2,2,0,1,3,1,0,2,50,1,3,1,0,0,2,57.0,,voiture,,1,2,6,1,6
201900055120,2019-02-15 13:25:00,2019,2,15,13,25,69,69290,ARISTIDE BRIAND (D 518)             (R ),45.69256,4.93258,Plein jour,En agglomération,Hors intersection,Normale,Trois véhicules et plus - collisions multiples,3,2,2,0,1,1,1,0,1,50,3,3,2,0,0,1,48.0,37.0,deux_roues,voiture,1,2,1,1,5
201900055121,2019-02-17 18:50:00,2019,2,17,18,50,69,69091,MONTROND (DE) ( R ),45.58805,4.76042,Crépuscule ou aube,En agglomération,Giratoire,Normale,Autre collision,4,3,2,0,1,3,1,2,1,50,1,3,1,0,0,2,25.0,,voiture,,2,2,6,1,6
201900055122,2019-01-02 12:52:00,2019,1,2,12,52,49,49007,GUICHARD,47.44833,-0.55026,Plein jour,En agglomération,Intersection en T,Normale,Deux véhicules - côté,4,2,2,0,1,1,1,5,1,50,2,2,1,0,0,1,28.0,45.0,deux_roues,voiture,1,2,3,1,3
201900055123,2019-01-01 05:45:00,2019,1,1,5,45,49,49007,LEROY PLACE,47.46477,-0.54877,Nuit avec éclairage allumé,En agglomération,Giratoire,Normale,Sans collision,4,2,2,0,1,1,2,5,1,50,1,2,0,0,1,1,29.0,,voiture,,5,2,6,1,7
201900055124,2019-01-01 08:18:00,2019,1,1,8,18,45,45075,RUE DES TROIS FOSSES,47.894627,1.843658,Crépuscule ou aube,En agglomération,Hors intersection,Normale,Autre collision,4,3,2,0,1,1,2,0,4,50,1,2,1,0,0,1,23.0,,voiture,,2,2,1,1,6
201900055125,2019-01-03 15:30:00,2019,1,3,15,30,44,44184,VILLE HALLUARD (RUE DE LA),47.2843,-2.2019,Plein jour,En agglomération,Hors intersection,Normale,Deux véhicules - côté,4,2,-1,0,1,1,1,0,1,50,2,2,1,0,0,1,70.0,57.0,voiture,deux_roues,1,2,1,1,3
201900055126,2019-01-02 11:40:00,2019,1,2,11,40,44,44162,PLACE OCEANE,47.22562,-1.62986,Plein jour,En agglomération,Hors intersection,Temps couvert,Autre collision,6,-1,0,0,1,1,1,0,1,10,1,2,1,0,0,1,36.0,,voiture,,1,2,1,8,6
201900055127,2019-01-02 16:05:00,2019,1,2,16,5,42,42187,POLYGONE (AVENUE DU ),46.05484,4.08078,Plein jour,En agglomération,Passage à niveau,Normale,Deux véhicules - côté,4,3,2,0,1,1,1,4,1,50,2,2,1,0,1,0,75.0,35.0,voiture,deux_roues,1,2,8,1,3
201900055128,2019-01-03 22:27:00,2019,1,3,22,27,38,38516,D 590 - AVENUE DU GRESIVAUDAN,45.20481,5.74724,Nuit avec éclairage allumé,En agglomération,Hors intersection,Normale,Autre collision,3,2,2,0,1,3,1,0,1,50,1,1,0,0,1,0,57.0,,deux_roues,,5,2,1,1,6
201900055129,2019-01-02 17:30:00,2019,1,2,17,30,38,38421,RUE RABELAIS,45.17577,5.76379,Nuit avec éclairage allumé,En agglomération,Hors intersection,Normale,Sans collision,4,-1,0,0,1,1,1,0,1,50,1,2,1,0,0,1,,,voiture,,5,2,1,1,7
201900055130,2019-01-02 18:25:00,2019,1,2,18,25,38,38185,RUE DE LA LIBERTE,45.18835,5.72905,Nuit avec éclairage allumé,En agglomération,Hors intersection,Normale,Autre collision,4,1,1,0,1,1,1,0,1,30,1,2,1,0,0,1,22.0,,voiture,,5,2,1,1,6
201900055131,2019-01-03 17:10:00,2019,1,3,17,10,37,37261,JUIN (BOULEVARD DU MARECHAL),47.41287,0.70302,Plein jour,En agglomération,Hors intersection,Normale,Deux véhicules - côté,4,3,4,0,1,1,1,0,1,50,2,2,1,0,0,1,53.0,33.0,utilitaire_camion,voiture,1,2,1,1,3
201900055132,2019-01-01 07:25:00,2019,1,1,7,25,35,35238,RUE DE ST MALO,48.11851,-1.68053,Nuit avec éclairage allumé,En agglomération,Hors intersection,Normale,Autre collision,4,2,3,1,3,3,1,0,1,50,1,1,0,0,0,1,37.0,,voiture,,5,2,1,1,6
201900055133,2019-01-01 01:15:00,2019,1,1,1,15,35,35051,LIN (RUE DU),48.112092,-1.620026,Nuit sans éclairage public,En agglomération,Hors intersection,Normale,Autre collision,4,2,2,0,1,3,1,9,1,50,1,1,0,0,0,1,27.0,,voiture,,3,2,1,1,6
201900055134,2019-01-05 15:35:00,2019,1,5,15,35,34,34172,MONDIAL 98 (AVENUE DU),43.60402,3.91241,Plein jour,En agglomération,Hors intersection,Normale,Deux véhicules - arrière,4,2,4,0,1,1,1,0,1,50,2,2,1,0,0,1,21.0,31.0,voiture,deux_roues,1,2,1,1,2
201900055135,2019-01-04 13:00:00,2019,1,4,13,0,34,34172,POMPIGNANE (AVENUE DE LA),43.60748,3.8986,Plein jour,En agglomération,Hors intersection,Normale,Sans collision,4,2,4,0,1,1,1,0,1,50,1,2,1,0,1,0,48.0,,voiture,,1,2,1,1,7
201900055136,2019-01-01 04:30:00,2019,1,1,4,30,34,34172,COMTE (RUE AUGUSTE),43.61049,3.8686,Nuit avec éclairage allumé,En agglomération,Hors intersection,Normale,Autre collision,4,2,2,0,2,3,1,0,1,50,1,1,0,0,0,1,,,,,5,2,1,1,6
201900055137,2019-01-02 16:55:00,2019,1,2,16,55,34,34032,GAY- LUSSAC LOUIS JOSEPH (RUE),43.346841,3.257899,Plein jour,En agglomération,Hors intersection,Normale,Autre collision,4,1,1,0,1,2,1,0,1,50,1,2,1,0,1,0,48.0,,voiture,,1,2,1,1,6
201900055138,2019-01-24 17:55:00,2019,1,24,17,55,33,33063,112 BD MARECHAL LECLERC - Ligne 9 ou retour dépot autobus à soufflet KEOLIS ,44.82845,-0.5939,Nuit avec éclairage allumé,En agglomération,Hors intersection,Normale,Deux véhicules - côté,4,3,6,2,2,1,1,0,5,50,2,1,0,0,1,0,40.0,,deux_roues,,5,2,1,1,3
201900055139,2019-01-05 14:40:00,2019,1,5,14,40,32,32013,VICTOR HUGO (RUE),43.65079,0.57699,Plein jour,En agglomération,Hors intersection,Normale,Deux véhicules - arrière,4,2,0,0,1,1,1,0,1,50,2,2,1,0,1,0,22.0,21.0,deux_roues,deux_roues,1,2,1,1,2
201900055140,2019-01-04 02:00:00,2019,1,4,2,0,31,31555,108 AV FREDERIC ESTEBE,43.62529,1.43711,Nuit avec éclairage allumé,En agglomération,Hors intersection,Normale,Sans collision,3,1,2,3,1,1,1,0,1,50,1,1,0,0,0,1,50.0,,deux_roues,,5,2,1,1,7
201900055141,2019-10-26 14:03:00,2019,10,26,14,3,93,93074,BOUCHER RUE ALEXANDRE,48.93347,2.56699,Plein jour,En agglomération,Autre intersection,Normale,Deux véhicules - côté,4,2,2,0,1,1,1,0,1,50,2,2,1,0,0,1,76.0,25.0,voiture,deux_roues,1,2,9,1,3
201900055142,2019-01-03 16:30:00,2019,1,3,16,30,31,31555,5 AV DU MIRAIL,43.57001,1.39038,Plein jour,En agglomération,Hors intersection,Normale,Autre collision,4,1,2,0,1,1,1,0,1,50,1,2,1,0,1,0,54.0,,voiture,,1,2,1,1,6
201900055143,2019-10-26 22:10:00,2019,10,26,22,10,93,93027,VAILLANT-COUTURIER (AVENUE PAUL),48.91902,2.40868,Nuit sans éclairage public,En agglomération,Hors intersection,Normale,Autre collision,3,3,4,0,2,1,1,1,3,50,1,2,1,0,1,0,43.0,,voiture,,3,2,1,1,6
201900055144,2019-01-03 13:50:00,2019,1,3,13,50,31,31555,RUE DANIEL FAUCHER,43.57295,1.4011,Plein jour,En agglomération,Hors intersection,Normale,Deux véhicules - frontale,4,2,2,0,1,1,1,0,1,50,2,2,1,0,0,1,21.0,54.0,voiture,voiture,1,2,1,1,1
201900055145,2019-10-26 10:22:00,2019,10,26,10,22,93,93013,JAURES (AVENUE JEAN) DE 28 A 62,48.93282,2.42495,Plein jour,En agglomération,Hors intersection,Normale,Autre collision,3,2,2,0,1,1,1,0,1,50,1,2,1,0,0,1,45.0,,voiture,,1,2,1,1,6
201900055146,2019-01-04 23:06:00,2019,1,4,23,6,30,30189,ALLENDE SALVADOR (RUE),43.84349,4.39209,Nuit avec éclairage allumé,En agglomération,Autre intersection,Normale,Deux véhicules - arrière,4,-1,4,0,1,1,1,0,1,70,2,2,0,0,0,2,33.0,30.0,voiture,voiture,5,2,9,1,2
201900055147,2019-10-26 12:25:00,2019,10,26,12,25,93,93010,GALLIENI (AV.) DE 2 A 96,48.904762,2.474739,Plein jour,En agglomération,Autre intersection,Normale,Deux véhicules - côté,3,1,4,3,1,1,1,3,1,50,2,2,1,0,0,1,37.0,27.0,voiture,voiture,1,2,9,1,3
201900055148,2019-10-26 02:30:00,2019,10,26,2,30,93,93055,NOISY LE SEC (ROUTE DE),48.89552,2.42598,Nuit avec éclairage allumé,En agglomération,Giratoire,Normale,Deux véhicules - côté,3,-1,1,0,1,2,1,9,1,50,2,1,0,0,0,1,,,,,5,2,6,1,3
201900055149,2019-10-26 14:00:00,2019,10,26,14,0,93,93007,"""DESCARTES (AVENUE """"DU 1 AU 41"""")  Z1""",48.95049,2.4437,Plein jour,En agglomération,Intersection en T,Normale,Deux véhicules - côté,3,2,2,0,1,1,1,0,1,50,2,2,1,0,0,1,61.0,20.0,voiture,deux_roues,1,2,3,1,3
201900055150,2019-10-25 08:10:00,2019,10,25,8,10,92,92046,DE STALINGRAD/ youri GAGARINE (rond point),48.8121118,2.2933968,Plein jour,En agglomération,Giratoire,Normale,Autre collision,3,3,1,1,1,1,1,0,1,50,1,2,1,0,0,1,48.0,,utilitaire_camion,,1,2,6,1,6
201900055151,2019-01-05 19:05:00,2019,1,5,19,5,27,27229,QUATORZE JUILLET (BOULEVARD),49.01068,1.16757,Nuit avec éclairage allumé,En agglomération,Hors intersection,Normale,Trois véhicules et plus - en chaîne,4,3,2,0,1,1,1,0,1,50,3,4,2,0,0,2,62.0,54.0,voiture,voiture,5,2,1,1,4
201900055152,2019-10-26 16:50:00,2019,10,26,16,50,92,92022,PAVE DES GARDES (RUE DU),48.8074234,2.1880811,Plein jour,En agglomération,Hors intersection,Normale,Autre collision,3,2,2,0,2,1,1,0,1,50,1,2,1,0,0,1,29.0,,voiture,,1,2,1,1,6
201900055153,2019-01-05 11:00:00,2019,1,5,11,0,27,27229,JOSEPHINE (RUE),49.02363,1.14333,Plein jour,En agglomération,Hors intersection,Normale,Autre collision,4,1,2,0,1,1,1,0,1,50,1,2,1,0,0,1,69.0,,voiture,,1,2,1,1,6
201900055154,2019-10-26 20:40:00,2019,10,26,20,40,92,92062,PDT WILSON (Avenue),48.8852,2.22489,Nuit avec éclairage allumé,En agglomération,Hors intersection,Normale,Deux véhicules - côté,3,2,5,0,1,1,1,0,1,50,2,2,1,0,0,1,46.0,51.0,deux_roues,voiture,5,2,1,1,3
201900055155,2019-01-02 18:35:00,2019,1,2,18,35,26,26058,LYON AVENUE DE,44.94853,4.89279,Crépuscule ou aube,En agglomération,Giratoire,Normale,Deux véhicules - côté,4,2,2,0,1,1,1,0,1,50,2,2,1,0,1,0,57.0,41.0,deux_roues,voiture,2,2,6,1,3
201900055156,2019-10-26 19:20:00,2019,10,26,19,20,92,92044,BINEAU (BOULEVARD),48.8866649,2.2835643,Nuit avec éclairage allumé,En agglomération,Hors intersection,Normale,Autre collision,3,3,2,0,1,3,1,5,1,50,1,1,0,0,0,1,69.0,,utilitaire_camion,,5,2,1,1,6
201900055157,2019-10-26 17:45:00,2019,10,26,17,45,92,92044,ANATOLE.FRANCE(RUE) 141+ ET 126 +,48.8962464,2.2812877,Plein jour,En agglomération,Hors intersection,Normale,Sans collision,3,1,1,2,1,1,1,0,1,50,1,1,0,0,1,0,66.0,,deux_roues,,1,2,1,1,7
201900055158,2019-10-26 10:16:00,2019,10,26,10,16,92,92012,GENERAL LECLERC (AVENUE DU) 1/33 - 2/58,48.8333299,2.242512,Plein jour,En agglomération,Hors intersection,Normale,Autre collision,3,3,4,0,3,1,1,1,1,50,1,1,0,0,0,1,47.0,,voiture,,1,2,1,1,6
201900055159,2019-01-04 05:25:00,2019,1,4,5,25,17,17300,ROMPSAY   AVENUE DE,46.1616,-1.13992,Nuit avec éclairage allumé,En agglomération,Giratoire,Normale,Deux véhicules - côté,4,1,1,1,1,2,1,5,1,50,2,2,1,0,0,1,47.0,39.0,deux_roues,voiture,5,2,6,1,3
201900055160,2019-10-26 21:40:00,2019,10,26,21,40,92,92004,MAURICE BOKANOWSKI,48.907105,2.2858134,Nuit avec éclairage non allumé,En agglomération,Intersection en Y,Normale,Deux véhicules - côté,3,-1,2,0,1,1,1,0,1,50,2,2,1,0,0,1,30.0,49.0,deux_roues,deux_roues,4,2,4,1,3
201900055161,2019-01-02 20:00:00,2019,1,2,20,0,17,17300,VERDUN   PLACE DE,46.16308,-1.15432,Nuit avec éclairage allumé,En agglomération,Intersection en T,Normale,Deux véhicules - côté,4,1,2,0,1,1,1,0,1,30,2,2,1,0,0,1,27.0,18.0,voiture,deux_roues,5,2,3,1,3
201900055162,2019-10-26 12:50:00,2019,10,26,12,50,51,51295,RD 14,48.6866684,4.4958196,Plein jour,Hors agglomération,Hors intersection,Normale,Sans collision,3,2,2,0,1,1,1,0,3,80,1,1,0,0,1,0,28.0,,voiture,,1,1,1,1,7
201900055163,2019-01-03 13:08:00,2019,1,3,13,8,13,13039,FOSSETTE (Rond-point de la),43.48763,4.88463,Plein jour,Hors agglomération,Hors intersection,Normale,Deux véhicules - arrière,2,1,2,0,1,1,1,0,1,90,2,3,1,0,0,2,57.0,57.0,utilitaire_camion,utilitaire_camion,1,1,1,1,2
201900055164,2019-10-26 18:10:00,2019,10,26,18,10,1,01333,Rue du Mont Blanc,45.926178,4.955211,Plein jour,En agglomération,Intersection en T,Normale,Deux véhicules - frontale,3,2,2,0,1,1,1,0,1,50,2,2,1,0,1,0,20.0,58.0,voiture,deux_roues,1,2,3,1,1
201900055165,2019-01-05 12:40:00,2019,1,5,12,40,13,13204,CHAVE (BOULEVARD),43.295537,5.396039,Plein jour,En agglomération,Hors intersection,Normale,Autre collision,4,2,3,3,1,1,1,0,1,50,1,2,1,0,1,0,49.0,,voiture,,1,2,1,1,6
201900055166,2019-10-27 10:15:00,2019,10,27,10,15,74,74034,D332,46.254736,6.630502,Plein jour,Hors agglomération,Hors intersection,Normale,Deux véhicules - côté,3,2,2,0,2,3,1,0,1,80,2,4,3,0,1,0,38.0,19.0,utilitaire_camion,deux_roues,1,1,1,1,3
201900055167,2019-01-05 04:35:00,2019,1,5,4,35,13,13205,ROGER BRUN (RUE),43.2857281,5.3927095,Nuit avec éclairage allumé,En agglomération,Intersection en X,Normale,Deux véhicules - côté,4,1,1,0,1,1,1,0,1,50,2,4,3,0,0,1,20.0,42.0,voiture,voiture,5,2,2,1,3
201900055168,2019-01-04 14:00:00,2019,1,4,14,0,13,13203,GÉNÉRAL LECLERC (RUE),43.304501,5.376287,Plein jour,En agglomération,Hors intersection,Normale,Deux véhicules - côté,4,3,4,0,1,1,1,0,1,50,2,3,1,0,0,2,39.0,37.0,voiture,deux_roues,1,2,1,1,3
201900055169,2019-01-04 01:26:00,2019,1,4,1,26,13,13205,JEAN MOULIN (BOULEVARD),43.29039,5.40005,Nuit avec éclairage allumé,En agglomération,Place,Normale,Deux véhicules - arrière,3,3,6,0,1,1,1,0,1,50,2,2,1,0,0,1,24.0,,voiture,,5,2,7,1,2
201900055170,2019-01-03 16:00:00,2019,1,3,16,0,13,13213,COROT (AVENUE),43.3188,5.37307,Plein jour,En agglomération,Hors intersection,Normale,Sans collision,4,2,2,0,2,1,1,0,1,50,1,2,0,0,0,2,18.0,,deux_roues,,1,2,1,1,7
201900055171,2019-01-03 12:20:00,2019,1,3,12,20,13,13002,QUATRE SAISONS (ROUTE DES),43.3129,5.49936,Plein jour,Hors agglomération,Hors intersection,Normale,Autre collision,4,2,2,0,2,1,1,0,1,50,1,1,0,0,1,0,48.0,,voiture,,1,1,1,1,6
201900055172,2019-01-02 23:45:00,2019,1,2,23,45,13,13204,ALEX. FLEMING (BOULEVARD),43.31778,5.37428,Nuit avec éclairage allumé,En agglomération,Hors intersection,Normale,Deux véhicules - côté,4,3,5,0,2,3,1,0,1,50,2,3,1,0,1,1,27.0,27.0,voiture,voiture,5,2,1,1,3
201900055173,2019-01-02 18:00:00,2019,1,2,18,0,13,13209,MORGIOU (chemin de ),43.2251,5.40361,Crépuscule ou aube,En agglomération,Hors intersection,Normale,Deux véhicules - côté,7,2,2,0,2,1,1,0,1,50,2,2,1,0,0,1,54.0,58.0,voiture,voiture,2,2,1,1,3
201900055174,2019-01-02 18:15:00,2019,1,2,18,15,13,13209,AUGUSTIN AUBERT (RUE),43.266368,5.403047,Nuit avec éclairage allumé,En agglomération,Hors intersection,Normale,Trois véhicules et plus - en chaîne,4,2,0,0,1,1,1,0,1,50,3,3,2,0,0,1,27.0,34.0,voiture,voiture,5,2,1,1,4
201900055175,2019-10-26 16:25:00,2019,10,26,16,25,81,81109,D59,43.6468311,2.1384421,Plein jour,Hors agglomération,Intersection en X,Normale,Deux véhicules - frontale,3,2,2,0,1,1,1,9,1,80,2,4,0,0,1,3,56.0,18.0,voiture,voiture,1,1,2,1,1
201900055176,2019-01-02 16:30:00,2019,1,2,16,30,13,13202,RUFFI (RUE DE),43.31493,5.36944,Plein jour,En agglomération,Intersection en X,Normale,Deux véhicules - côté,4,2,3,0,1,1,1,0,1,50,2,2,1,0,1,0,17.0,,deux_roues,,1,2,2,1,3