accident_id,datetime,annee,mois,jour,heure,minute,departement,commune_insee,adresse,latitude,longitude,luminosite,agglomeration,intersection,meteo,collision,catr,circ,nbv,vosp,prof,plan,surf,infra,situ,vma,nb_vehicules,nb_usagers,nb_indemnes,nb_tues,nb_blesses_hosp,nb_blesses_legers,age_cond_1,age_cond_2,veh_type_cond_1,veh_type_cond_2,lum_code,agg_code,int_code,atm_code,col_code
201900055452,2019-09-23 22:20:00,2019,9,23,22,20,71,71001,Route des Sables,46.557509,4.96696,Nuit sans éclairage public,Hors agglomération,Hors intersection,Normale,Sans collision,3,2,2,0,1,1,1,0,3,80,1,1,0,0,1,0,34.0,,voiture,,3,1,1,1,7
201900055453,2019-01-02 07:20:00,2019,1,2,7,20,92,92050,CLEMENCEAU GEORGES AVENUE N° PAIR,48.88604,2.21411,Nuit avec éclairage allumé,En agglomération,Hors intersection,Normale,Deux véhicules - arrière,3,3,6,0,1,1,1,0,1,50,2,2,1,0,0,1,41.0,37.0,deux_roues,voiture,5,2,1,1,2
201900055454,2019-09-24 09:00:00,2019,9,24,9,0,71,71248,D975,46.555797,4.928106,Plein jour,Hors agglomération,Hors intersection,Pluie légère,Deux véhicules - frontale,3,2,2,0,1,1,2,0,1,80,2,2,1,1,0,0,42.0,84.0,utilitaire_camion,utilitaire_camion,1,1,1,2,1
201900055455,2019-09-23 23:30:00,2019,9,23,23,30,89,89169,chemin des patis,47.9373082,3.8825586,Nuit sans éclairage public,Hors agglomération,Hors intersection,Pluie légère,Sans collision,4,2,1,0,4,1,2,0,8,80,1,2,1,0,1,0,20.0,,voiture,,3,1,1,2,7
201900055456,2019-01-02 19:15:00,2019,1,2,19,15,92,92026,REPUBLIQUE (DE 29 A FIN),48.90067,2.2488,Nuit avec éclairage allumé,En agglomération,Autre intersection,Normale,Deux véhicules - côté,7,2,2,0,1,1,1,0,1,50,2,2,1,0,0,1,44.0,56.0,deux_roues,voiture,5,2,9,1,3
201900055457,2019-10-25 18:35:00,2019,10,25,18,35,64,64102,BARTHES (CHEMIN DES),43.4974493,-1.4937899,Plein jour,En agglomération,Hors intersection,Normale,Sans collision,4,2,2,0,2,3,1,0,1,50,1,2,0,0,0,2,15.0,,deux_roues,,1,2,1,1,7
201900055458,2019-09-18 17:30:00,2019,9,18,17,30,63,63180,RD1093 Face école,45.86363,3.302087,Plein jour,En agglomération,Hors intersection,Normale,Deux véhicules - frontale,3,2,2,0,1,1,1,0,1,50,2,2,1,0,0,1,31.0,29.0,deux_roues,voiture,1,2,1,1,1
201900055459,2019-01-02 12:45:00,2019,1,2,12,45,92,92012,GENERAL LECLERC (AVENUE DU) 1/33 - 2/58,48.8324024,2.2397206,Plein jour,En agglomération,Hors intersection,Normale,Deux véhicules - arrière,3,1,4,0,1,1,1,9,1,50,2,2,1,0,0,1,25.0,25.0,utilitaire_camion,deux_roues,1,2,1,1,2
201900055460,2019-09-24 10:40:00,2019,9,24,10,40,63,63073,rue du Cross/rue de la Combes,45.586586,3.1824785,Plein jour,Hors agglomération,Intersection en Y,Pluie légère,Deux véhicules - côté,3,2,2,0,2,3,2,0,1,80,2,2,1,0,1,0,17.0,38.0,deux_roues,utilitaire_camion,1,1,4,2,3
201900055461,2019-09-15 12:30:00,2019,9,15,12,30,63,63146,La Boissiere - D997,45.7083221,3.4091681,Plein jour,Hors agglomération,Intersection en X,Normale,Deux véhicules - arrière,3,2,2,0,1,1,1,0,1,80,2,2,1,0,1,0,47.0,45.0,voiture,deux_roues,1,1,2,1,2
201900055462,2019-01-02 10:45:00,2019,1,2,10,45,92,92012,ALPHONSE LE GALLO (QUAI) 1/34,48.8329378,2.2272794,Plein jour,En agglomération,Hors intersection,Temps couvert,Deux véhicules - côté,3,2,4,0,1,1,1,0,1,50,2,3,1,0,0,2,57.0,27.0,voiture,voiture,1,2,1,8,3
201900055463,2019-01-03 18:10:00,2019,1,3,18,10,80,80523,Route Départementale 929,49.994282,2.668135,Nuit avec éclairage allumé,Hors agglomération,Hors intersection,Normale,Autre collision,3,2,2,0,1,1,1,0,1,80,2,2,1,0,1,0,67.0,17.0,voiture,deux_roues,5,1,1,1,6
201900055464,2019-09-24 14:45:00,2019,9,24,14,45,61,61092,Route de Paris,48.752718,0.743956,Plein jour,En agglomération,Hors intersection,Pluie légère,Deux véhicules - frontale,3,2,2,0,1,1,1,0,1,50,2,2,1,0,1,0,37.0,68.0,voiture,voiture,1,2,1,2,1
201900055465,2019-10-25 10:29:00,2019,10,25,10,29,64,64024,BARRE (PROMENADE DE LA),43.5212719,-1.5218346,Plein jour,En agglomération,Hors intersection,Normale,Sans collision,4,2,4,1,1,1,2,0,5,30,1,1,0,0,1,0,28.0,,deux_roues,,1,2,1,1,7
201900055466,2019-09-14 14:00:00,2019,9,14,14,0,61,61508,Route d'Orbec,48.934476,0.211809,Plein jour,Hors agglomération,Hors intersection,Normale,Autre collision,3,2,2,0,2,3,1,0,3,80,1,1,0,0,1,0,28.0,,deux_roues,,1,1,1,1,6
201900055467,2019-01-05 12:30:00,2019,1,5,12,30,37,37153,D910,47.485118,0.769374,Plein jour,Hors agglomération,Hors intersection,Normale,Deux véhicules - frontale,3,2,2,0,1,1,1,0,1,80,2,5,0,0,1,4,23.0,53.0,voiture,voiture,1,1,1,1,1
201900055468,2019-01-01 00:40:00,2019,1,1,0,40,12,12300,18 avenue Etienne Soulié,44.355826,2.038829,Nuit avec éclairage allumé,En agglomération,Hors intersection,Normale,Sans collision,4,2,2,0,2,1,1,0,1,50,1,1,0,0,1,0,27.0,,deux_roues,,5,2,1,1,7
201900055469,2019-09-23 18:40:00,2019,9,23,18,40,38,38269,RN85,44.89977,5.80105,Plein jour,Hors agglomération,Hors intersection,Normale,Sans collision,2,2,2,0,2,4,1,0,1,80,1,1,0,0,1,0,26.0,,deux_roues,,1,1,1,1,7
201900055470,2019-01-05 02:35:00,2019,1,5,2,35,81,81131,A68,43.8845916,2.0040105,Nuit sans éclairage public,Hors agglomération,Hors intersection,Normale,Deux véhicules - arrière,1,3,2,0,1,2,1,0,1,130,2,3,2,0,0,1,44.0,44.0,utilitaire_camion,voiture,3,1,1,1,2
201900055471,2019-09-23 08:45:00,2019,9,23,8,45,58,58134,Bois de Landré,46.955472,3.29184,Plein jour,Hors agglomération,Hors intersection,Temps couvert,Autre collision,3,2,2,0,2,2,2,0,8,80,1,1,0,0,1,0,22.0,,voiture,,1,1,1,8,6
201900055472,2019-01-01 05:15:00,2019,1,1,5,15,2A,2A249,RT402,41.6688085,8.9209281,Nuit avec éclairage allumé,En agglomération,Hors intersection,Normale,Deux véhicules - frontale,2,3,2,0,1,2,1,9,1,50,2,7,2,0,1,4,24.0,24.0,voiture,voiture,5,2,1,1,1
201900055473,2019-09-23 18:00:00,2019,9,23,18,0,72,72341,La Roche,48.018233,0.464597,Plein jour,Hors agglomération,Hors intersection,Temps couvert,Deux véhicules - côté,3,-1,2,0,1,1,2,5,1,70,2,3,1,0,0,2,40.0,29.0,voiture,voiture,1,1,1,8,3
201900055474,2019-01-04 15:30:00,2019,1,4,15,30,26,26294,Route de Gaudillan,45.076315,4.986259,Plein jour,Hors agglomération,Hors intersection,Normale,Autre collision,4,2,2,0,1,1,1,0,1,80,1,3,2,0,0,1,17.0,,voiture,,1,1,1,1,6
201900055475,2019-09-23 23:00:00,2019,9,23,23,0,14,14399,D579,49.262965,0.217474,Nuit sans éclairage public,Hors agglomération,Hors intersection,Normale,Autre collision,3,2,3,0,1,1,2,0,3,90,1,1,0,0,1,0,20.0,,voiture,,3,1,1,1,6
201900055476,2019-01-01 16:10:00,2019,1,1,16,10,66,66172,A9 PK 250+697,42.703884,2.865401,Plein jour,Hors agglomération,Hors intersection,Normale,Sans collision,1,1,5,0,1,1,1,2,1,130,1,2,0,0,1,1,31.0,,voiture,,1,1,1,1,7
201900055477,2019-08-24 19:50:00,2019,8,24,19,50,83,83135,,43.593376,6.016389,Plein jour,Hors agglomération,Hors intersection,Normale,Autre collision,3,2,2,0,3,2,1,0,3,80,1,1,0,0,1,0,31.0,,voiture,,1,1,1,1,6
201900055478,2019-01-04 17:15:00,2019,1,4,17,15,1,01004,Avenue de la libération,45.966371,5.338294,Crépuscule ou aube,En agglomération,Hors intersection,Normale,Deux véhicules - côté,4,2,2,0,1,1,1,0,1,50,2,2,1,0,1,0,31.0,18.0,voiture,deux_roues,2,2,1,1,3
201900055479,2019-09-23 09:55:00,2019,9,23,9,55,60,60636,RD 932,49.487547,2.872556,Plein jour,Hors agglomération,Hors intersection,Normale,Sans collision,3,2,2,0,2,1,1,0,3,50,1,1,0,0,0,1,59.0,,utilitaire_camion,,1,1,1,1,7
201900055480,2019-09-14 11:00:00,2019,9,14,11,0,43,43062,Fontannes,45.067954,3.773363,Plein jour,En agglomération,Hors intersection,Normale,Autre collision,4,2,2,0,2,1,1,0,1,50,1,1,0,0,1,0,71.0,,deux_roues,,1,2,1,1,6
201900055481,2019-01-04 14:00:00,2019,1,4,14,0,80,80332,.,50.233569,1.751884,Plein jour,Hors agglomération,Hors intersection,Normale,Deux véhicules - arrière,1,1,2,0,1,1,1,0,1,130,2,5,4,0,0,1,75.0,35.0,utilitaire_camion,voiture,1,1,1,1,2
201900055482,2019-01-01 20:30:00,2019,1,1,20,30,973,97353,rue Léonard Domerger,3.6435651,-54.0317488,Nuit avec éclairage allumé,En agglomération,Intersection en T,Normale,Sans collision,4,2,2,0,2,1,1,0,1,50,1,1,0,0,0,1,20.0,,deux_roues,,5,2,3,1,7
201900055483,2019-09-23 15:00:00,2019,9,23,15,0,53,53097,Boulevard Foch,48.150573,-0.395925,Plein jour,En agglomération,Giratoire,Normale,Deux véhicules - côté,4,1,1,0,1,2,1,5,1,50,2,2,1,0,0,1,73.0,55.0,voiture,deux_roues,1,2,6,1,3
201900055484,2019-01-02 11:45:00,2019,1,2,11,45,84,84088,N°4268 route de mazan,44.0192313,5.0836834,Plein jour,Hors agglomération,Hors intersection,Normale,Autre collision,3,2,2,0,1,1,1,0,3,80,1,1,0,1,0,0,76.0,,voiture,,1,1,1,1,6
201900055485,2019-09-14 11:00:00,2019,9,14,11,0,40,40248,D54,43.568229,-1.360624,Plein jour,Hors agglomération,Intersection en T,Normale,Deux véhicules - frontale,3,2,2,0,1,1,1,5,1,50,2,2,1,0,1,0,50.0,16.0,utilitaire_camion,deux_roues,1,1,3,1,1
201900055486,2019-01-05 07:00:00,2019,1,5,7,0,41,41194,12 rue Georges Clémenceau,47.358334,1.74451,Nuit sans éclairage public,En agglomération,Hors intersection,Normale,Autre collision,4,2,2,0,1,1,1,0,4,30,1,2,1,0,0,1,29.0,,voiture,,3,2,1,1,6
201900055487,2019-10-25 02:45:00,2019,10,25,2,45,64,64102,MAUBEC (RUE),43.500795,-1.466971,Nuit avec éclairage allumé,En agglomération,Hors intersection,Normale,Sans collision,4,3,2,0,2,1,3,0,4,50,1,2,1,1,0,0,19.0,,utilitaire_camion,,5,2,1,1,7
201900055488,2019-08-07 11:10:00,2019,8,7,11,10,24,24547,Rue du Gouverneur Général Cournarie,45.12897,1.30247,Plein jour,En agglomération,Hors intersection,Normale,Sans collision,3,2,2,0,1,1,1,9,1,50,1,2,1,0,1,0,28.0,,utilitaire_camion,,1,2,1,1,7
201900055489,2019-01-02 14:35:00,2019,1,2,14,35,86,86166,D6 PK 12+800,46.565327,0.153513,Plein jour,Hors agglomération,Intersection en X,Normale,Deux véhicules - côté,3,2,2,0,1,3,1,0,1,80,2,2,1,1,0,0,58.0,36.0,deux_roues,utilitaire_camion,1,1,2,1,3
201900055490,2019-02-09 21:50:00,2019,2,9,21,50,4,04122,RN85 - Tarelle,44.032887,6.093071,Nuit sans éclairage public,Hors agglomération,Hors intersection,Normale,Deux véhicules - frontale,2,2,2,0,2,2,1,0,1,80,2,2,1,0,0,1,38.0,59.0,voiture,voiture,3,1,1,1,1
201900055491,2019-09-23 23:10:00,2019,9,23,23,10,27,27067,D14B,49.288056,1.720373,Nuit sans éclairage public,En agglomération,Hors intersection,Pluie légère,Autre collision,3,2,2,0,3,2,1,0,3,50,1,2,0,0,1,1,33.0,,voiture,,3,2,1,2,6
201900055492,2019-01-01 02:00:00,2019,1,1,2,0,74,74238,D 902 ROUTE DES GRANDES ALPES,46.2227787,6.663556,Nuit sans éclairage public,Hors agglomération,Hors intersection,Normale,Deux véhicules - frontale,3,2,2,0,2,3,1,0,1,80,2,2,1,0,1,0,51.0,30.0,voiture,voiture,3,1,1,1,1
201900055493,2019-09-24 08:05:00,2019,9,24,8,5,37,37234,Les Piaux,47.1958211,1.0285369,Plein jour,Hors agglomération,Hors intersection,Pluie légère,Sans collision,3,2,2,0,2,2,2,0,3,80,1,3,0,0,0,3,31.0,,voiture,,1,1,1,2,7
201900055494,2019-01-01 13:00:00,2019,1,1,13,0,42,42338,AIGUILLY,46.07427,4.099273,Plein jour,En agglomération,Giratoire,Normale,Deux véhicules - côté,3,2,2,0,1,1,2,0,1,80,2,4,0,0,0,4,38.0,44.0,voiture,voiture,1,2,6,1,3
201900055495,2019-01-01 07:15:00,2019,1,1,7,15,31,31512,LE COURANJOU,43.556542,1.624204,Nuit sans éclairage public,Hors agglomération,Hors intersection,Brouillard / fumée,Autre collision,3,2,2,0,2,2,2,0,3,90,1,5,2,0,1,2,19.0,,utilitaire_camion,,3,1,1,5,6
201900055496,2019-09-23 18:15:00,2019,9,23,18,15,73,73151,A43 Barrière de péage de Chignin Les Marches,45.512752,6.002327,Plein jour,Hors agglomération,Hors intersection,Normale,Autre collision,1,3,-1,-1,1,1,1,7,1,30,1,1,0,0,1,0,57.0,,voiture,,1,1,1,1,6
201900055497,2019-01-05 07:38:00,2019,1,5,7,38,57,57210,route de niederstinzel,48.85219,7.026858,Nuit sans éclairage public,En agglomération,Hors intersection,Neige / grêle,Autre collision,3,2,2,0,3,2,5,1,3,-1,1,1,0,0,0,1,32.0,,voiture,,3,2,1,4,6
201900055498,2019-10-25 07:40:00,2019,10,25,7,40,63,63124,rt du Cendre/av du midi,45.7305814,3.184406,Crépuscule ou aube,En agglomération,Intersection en X,Normale,Deux véhicules - frontale,7,2,3,0,1,1,1,0,1,50,2,3,2,0,1,0,37.0,36.0,voiture,deux_roues,2,2,2,1,1
201900055499,2019-09-17 10:25:00,2019,9,17,10,25,6,06152,route du parc,43.614153,7.043885,Plein jour,Hors agglomération,Hors intersection,Normale,Sans collision,3,1,2,0,2,1,1,0,1,70,1,1,0,0,1,0,28.0,,deux_roues,,1,1,1,1,7
201900055500,2019-10-25 19:25:00,2019,10,25,19,25,59,59426,VERTUQUET (RUE DU),50.756135,3.163629,Nuit sans éclairage public,Hors agglomération,Hors intersection,Normale,Deux véhicules - arrière,7,2,0,0,1,1,1,9,1,20,2,2,1,0,0,1,19.0,29.0,deux_roues,voiture,3,1,1,1,2
201900055501,2019-10-22 17:40:00,2019,10,22,17,40,59,59291,JEAN (RUE),50.24267,3.90169,Plein jour,En agglomération,Hors intersection,Normale,Deux véhicules - côté,4,-1,2,0,2,1,1,0,1,50,2,2,0,0,1,1,21.0,62.0,deux_roues,voiture,1,2,1,1,3
201900055502,2019-10-24 15:25:00,2019,10,24,15,25,59,59327,TOURBIERES (CHEMIN DES),50.3868,3.1811,Plein jour,En agglomération,Hors intersection,Normale,Autre collision,4,2,2,0,1,4,1,0,1,50,1,1,0,1,0,0,66.0,,voiture,,1,2,1,1,6
201900055503,2019-09-17 11:55:00,2019,9,17,11,55,6,06018,Route des Lucioles,43.61708,7.060558,Plein jour,En agglomération,Hors intersection,Normale,Autre collision,3,1,1,0,1,1,1,0,1,-1,1,2,1,0,1,0,24.0,,deux_roues,,1,2,1,1,6
201900055504,2019-01-03 14:15:00,2019,1,3,14,15,974,97404,Rue du Stade,-21.26645,55.371611,Plein jour,En agglomération,Hors intersection,Normale,Autre collision,4,2,2,0,2,2,1,0,1,50,1,2,1,0,1,0,51.0,,voiture,,1,2,1,1,6
201900055505,2019-10-25 10:20:00,2019,10,25,10,20,53,53130,HILARD ( RUE D' ),48.07719,-0.77653,Plein jour,En agglomération,Intersection en T,Pluie légère,Autre collision,4,2,2,0,4,1,2,0,8,50,1,2,1,0,1,0,49.0,,transport_commun,,1,2,3,2,6
201900055506,2019-09-21 21:45:00,2019,9,21,21,45,69,69234,A89-PK 523.100,45.8763,4.529297,Nuit sans éclairage public,Hors agglomération,Hors intersection,Normale,Autre collision,1,3,4,0,1,1,1,3,2,130,1,1,0,0,0,1,23.0,,voiture,,3,1,1,1,6
201900055507,2019-10-24 12:55:00,2019,10,24,12,55,52,52121,RD 674,48.12308,5.18551,Plein jour,Hors agglomération,Hors intersection,Normale,Sans collision,3,-1,0,0,1,1,1,0,1,80,1,2,1,1,0,0,91.0,,voiture,,1,1,1,1,7
201900055508,2019-09-17 15:20:00,2019,9,17,15,20,45,45024,A10 - PK 115+770,47.8300367,1.6601886,Plein jour,Hors agglomération,Hors intersection,Normale,Autre collision,1,3,3,0,1,1,1,0,1,130,1,1,0,0,1,0,61.0,,voiture,,1,1,1,1,6
201900055509,2019-10-22 05:45:00,2019,10,22,5,45,49,49099,MOINIE(BOULEVARD DE LA ),47.05873,-0.90421,Nuit avec éclairage allumé,En agglomération,Hors intersection,Temps couvert,Deux véhicules - arrière,7,3,6,1,2,4,1,0,1,50,2,1,0,0,0,1,18.0,,deux_roues,,5,2,1,8,2
201900055510,2019-09-23 16:50:00,2019,9,23,16,50,974,97415,Giratoire route du Trou d'Eau / Avenue de la Mer - HERMITAGE LES BAINS,-21.07516,55.227369,Crépuscule ou aube,En agglomération,Giratoire,Normale,Deux véhicules - côté,4,2,2,2,1,1,1,0,1,50,2,2,1,0,1,0,57.0,49.0,deux_roues,voiture,2,2,6,1,3
201900055511,2019-10-24 08:26:00,2019,10,24,8,26,49,49007,PONTS DE CE,47.45304,-0.5387,Plein jour,En agglomération,Hors intersection,Normale,Deux véhicules - côté,4,2,2,0,1,1,1,0,1,60,2,2,0,0,0,2,49.0,25.0,voiture,voiture,1,2,1,1,3
201900055512,2019-09-24 12:20:00,2019,9,24,12,20,45,45324,D11 - Lieu dit LES GRAZINS,47.8068913,2.2033665,Plein jour,Hors agglomération,Hors intersection,Pluie forte,Trois véhicules et plus - collisions multiples,3,2,2,0,1,1,2,0,1,70,3,3,1,1,0,1,39.0,56.0,voiture,voiture,1,1,1,3,5
201900055513,2019-10-26 00:55:00,2019,10,26,0,55,44,44162,AVENUE DE L'ANGEVINIERE,47.24447,-1.61381,Nuit avec éclairage allumé,En agglomération,Hors intersection,Pluie légère,Autre collision,4,2,0,0,1,1,1,0,1,50,1,2,0,0,0,2,15.0,,deux_roues,,5,2,1,2,6
201900055514,2019-09-24 11:30:00,2019,9,24,11,30,77,77443,D228,48.88,2.974,Plein jour,Hors agglomération,Autre intersection,Pluie forte,Deux véhicules - côté,3,2,2,0,1,2,2,0,1,80,2,2,1,1,0,0,52.0,75.0,utilitaire_camion,voiture,1,1,9,3,3
201900055515,2019-10-20 23:30:00,2019,10,20,23,30,44,44009,PERIPHERIQUE SUD,47.2307,-1.4703,Nuit sans éclairage public,Hors agglomération,Hors intersection,Normale,Sans collision,2,3,0,0,1,2,2,0,1,90,1,1,0,0,1,0,38.0,,voiture,,3,1,1,1,7
201900055516,2019-09-23 21:00:00,2019,9,23,21,0,2B,2B148,Casamozza,42.525815,9.44082,Nuit avec éclairage allumé,En agglomération,Hors intersection,Normale,Deux véhicules - côté,2,2,2,0,1,1,1,0,1,50,2,3,0,0,2,1,23.0,19.0,deux_roues,voiture,5,2,1,1,3
201900055517,2019-01-02 16:27:00,2019,1,2,16,27,974,97404,Intersection RD 11 / RD 110,-21.269774,55.377858,Plein jour,Hors agglomération,Intersection en T,Normale,Deux véhicules - côté,3,2,2,0,1,1,1,0,1,80,2,2,1,0,1,0,41.0,18.0,voiture,deux_roues,1,1,3,1,3
201900055518,2019-09-24 17:25:00,2019,9,24,17,25,30,30258,Avenue des Costières,43.674555,4.421688,Plein jour,En agglomération,Hors intersection,Normale,Autre collision,4,2,2,0,2,1,1,0,1,70,1,2,1,0,1,0,26.0,,voiture,,1,2,1,1,6
201900055519,2019-01-04 23:10:00,2019,1,4,23,10,972,97231,départementale 7,14.528816,-61.016865,Nuit sans éclairage public,Hors agglomération,Hors intersection,Normale,Deux véhicules - frontale,3,2,2,0,1,1,1,0,1,80,2,4,0,0,1,3,21.0,65.0,voiture,voiture,3,1,1,1,1
201900055520,2019-10-19 09:45:00,2019,10,19,9,45,42,42218,MITTERAND FRANCOIS,45.46751,4.37803,Plein jour,En agglomération,Hors intersection,Normale,Autre collision,3,2,4,0,1,1,1,0,1,50,1,2,1,0,0,1,49.0,,voiture,,1,2,1,1,6
201900055521,2019-01-04 14:50:00,2019,1,4,14,50,11,11203,Boulevard Marx Dormoy,43.201663,2.756408,Plein jour,En agglomération,Hors intersection,Normale,Sans collision,7,1,1,0,1,1,1,0,1,50,1,2,1,0,1,0,79.0,,voiture,,1,2,1,1,7
201900055522,2019-10-05 08:14:00,2019,10,5,8,14,42,42218,NAUTIN LEON,45.43479,4.39001,Plein jour,En agglomération,Hors intersection,Normale,Sans collision,4,1,1,0,1,1,1,6,1,50,1,1,0,0,1,0,34.0,,deux_roues,,1,2,1,1,7
201900055523,2019-01-03 02:40:00,2019,1,3,2,40,52,52147,A 31 PK 108+800,47.863178,5.223231,Nuit sans éclairage public,Hors agglomération,Autre intersection,Normale,Deux véhicules - arrière,1,3,5,0,1,1,1,0,1,130,2,3,1,0,1,1,54.0,25.0,utilitaire_camion,voiture,3,1,9,1,2
201900055524,2019-09-23 11:50:00,2019,9,23,11,50,13,13015,Rue de la Vierge,43.451308,5.411279,Plein jour,En agglomération,Place,Normale,Autre collision,4,-1,1,0,2,1,1,0,1,30,1,2,1,0,1,0,60.0,,voiture,,1,2,7,1,6
201900055525,2019-01-03 20:30:00,2019,1,3,20,30,35,35206,RN137,48.052077,-1.681967,Nuit sans éclairage public,Hors agglomération,Hors intersection,Normale,Deux véhicules - arrière,2,3,4,0,1,1,1,0,1,110,2,1,0,0,0,1,37.0,,voiture,,3,1,1,1,2
201900055526,2019-10-04 09:42:00,2019,10,4,9,42,42,42218,MOMEY,45.46071,4.36942,Plein jour,En agglomération,Hors intersection,Pluie légère,Deux véhicules - frontale,4,2,2,0,2,3,2,0,1,50,2,3,0,0,2,1,40.0,35.0,voiture,voiture,1,2,1,2,1
201900055527,2019-09-24 07:30:00,2019,9,24,7,30,88,88086,31 Rue du Coq de Bruyères,48.192874,6.73689,Plein jour,Hors agglomération,Hors intersection,Normale,Deux véhicules - frontale,3,2,2,0,1,3,1,0,1,80,2,2,0,0,2,0,20.0,57.0,voiture,voiture,1,1,1,1,1
201900055528,2019-09-23 19:40:00,2019,9,23,19,40,38,38317,11 Rue Mozart,45.129867,5.695518,Crépuscule ou aube,En agglomération,Hors intersection,Normale,Deux véhicules - côté,7,2,2,0,1,1,1,0,1,50,2,2,1,0,0,1,19.0,12.0,voiture,deux_roues,2,2,1,1,3
201900055529,2019-10-25 15:20:00,2019,10,25,15,20,42,42187,CARNOT (AVENUE),46.04047,4.0677,Plein jour,En agglomération,Intersection en T,Normale,Deux véhicules - côté,4,2,1,0,1,1,1,0,1,50,2,2,1,0,0,1,38.0,34.0,deux_roues,voiture,1,2,3,1,3
201900055530,2019-01-03 10:25:00,2019,1,3,10,25,71,71384,A6,46.690834,4.843954,Plein jour,Hors agglomération,Hors intersection,Temps éblouissant,Deux véhicules - arrière,1,3,5,0,1,1,1,0,1,130,2,5,2,0,3,0,60.0,37.0,utilitaire_camion,voiture,1,1,1,7,2
201900055531,2019-09-17 09:35:00,2019,9,17,9,35,7,07324,20 avenue Foch,45.071626,4.824404,Plein jour,En agglomération,Hors intersection,Normale,Autre collision,3,2,2,1,1,1,1,0,1,50,1,2,1,0,1,0,88.0,,voiture,,1,2,1,1,6
201900055532,2019-01-05 08:05:00,2019,1,5,8,5,41,41208,"A.10 PK 170.800, sens 2",47.579278,1.064697,Crépuscule ou aube,Hors agglomération,Hors intersection,Normale,Autre collision,1,3,5,0,1,1,1,0,1,130,1,5,1,0,2,2,48.0,,voiture,,2,1,1,1,6
201900055533,2019-09-23 00:15:00,2019,9,23,0,15,69,69208,411 Route de Chessy,45.8695,4.60405,Nuit avec éclairage allumé,Hors agglomération,Hors intersection,Temps couvert,Sans collision,3,2,2,0,2,2,2,0,8,70,1,1,0,0,1,0,21.0,,voiture,,5,1,1,8,7
201900055534,2019-01-02 10:45:00,2019,1,2,10,45,62,62849,D142E2,50.4015739,1.6723007,Plein jour,Hors agglomération,Hors intersection,Normale,Deux véhicules - côté,3,2,2,0,2,1,1,0,1,80,2,2,1,0,0,1,39.0,15.0,utilitaire_camion,deux_roues,1,1,1,1,3
201900055535,2019-09-24 17:45:00,2019,9,24,17,45,19,19098,rd1120,45.195238,1.83706,Plein jour,Hors agglomération,Hors intersection,Pluie légère,Deux véhicules - côté,3,2,2,0,2,4,2,0,1,80,2,2,1,0,1,0,58.0,19.0,utilitaire_camion,voiture,1,1,1,2,3
201900055536,2019-09-23 16:30:00,2019,9,23,16,30,79,79049,Rue de Niort,46.82444,-0.49312,Plein jour,Hors agglomération,Hors intersection,Pluie forte,Autre collision,3,-1,2,0,2,2,2,0,3,80,1,1,0,0,0,1,36.0,,voiture,,1,1,1,3,6
201900055537,2019-09-18 18:30:00,2019,9,18,18,30,33,33213,Avenue de l'Esprit des Loïs,44.68794,-0.53862,Plein jour,En agglomération,Intersection en X,Normale,Deux véhicules - côté,3,2,2,0,2,1,1,0,1,50,2,2,1,0,1,0,52.0,26.0,voiture,deux_roues,1,2,2,1,3
201900055538,2019-10-26 00:45:00,2019,10,26,0,45,37,37261,MAGINOT (AV. ANDRE),47.41376,0.68672,Nuit avec éclairage allumé,En agglomération,Intersection en T,Normale,Autre collision,4,2,2,0,1,1,1,0,1,50,2,2,1,0,0,1,19.0,26.0,voiture,deux_roues,5,2,3,1,6
201900055539,2019-09-20 16:05:00,2019,9,20,16,5,33,33433,26 Rue du Suisse,44.90992,-0.42387,Plein jour,En agglomération,Giratoire,Normale,Deux véhicules - côté,4,2,2,0,1,1,1,5,1,50,2,2,1,0,1,0,32.0,56.0,voiture,voiture,1,2,6,1,3
201900055540,2019-08-31 15:15:00,2019,8,31,15,15,33,33312,68 Rue de Macau,44.9561,-0.60714,Plein jour,En agglomération,Hors intersection,Normale,Deux véhicules - côté,4,2,2,0,1,1,1,0,1,50,2,2,1,0,1,0,72.0,29.0,voiture,deux_roues,1,2,1,1,3
201900055541,2019-10-25 16:16:00,2019,10,25,16,16,37,37233,DUCLOS (AVENUE JACQUES),47.3810911,0.7379408,Plein jour,En agglomération,Intersection en T,Normale,Trois véhicules et plus - en chaîne,4,2,2,0,1,1,1,5,1,50,3,7,5,0,0,2,30.0,20.0,voiture,voiture,1,2,3,1,4
201900055542,2019-09-24 07:35:00,2019,9,24,7,35,85,85243,Rue du Huit Mai,46.60196,-1.82723,Crépuscule ou aube,En agglomération,Intersection en T,Pluie légère,Deux véhicules - côté,3,2,2,0,1,1,2,0,1,50,2,2,1,0,1,0,18.0,80.0,deux_roues,voiture,2,2,3,2,3
201900055543,2019-10-25 10:40:00,2019,10,25,10,40,37,37233,LOIRE (LEVEE DE LA),47.3968122,0.710347,Plein jour,En agglomération,Intersection en T,Temps couvert,Deux véhicules - arrière,4,2,2,0,1,1,2,0,1,50,2,2,1,0,0,1,29.0,20.0,voiture,voiture,1,2,3,8,2