accident_id,datetime,annee,mois,jour,heure,minute,departement,commune_insee,adresse,latitude,longitude,luminosite,agglomeration,intersection,meteo,collision,catr,circ,nbv,vosp,prof,plan,surf,infra,situ,vma,nb_vehicules,nb_usagers,nb_indemnes,nb_tues,nb_blesses_hosp,nb_blesses_legers,age_cond_1,age_cond_2,veh_type_cond_1,veh_type_cond_2,lum_code,agg_code,int_code,atm_code,col_code
201900055544,2019-10-24 19:20:00,2019,10,24,19,20,37,37261,PONT CHER (AVENUE DE),47.3688732,0.6766254,Nuit sans éclairage public,En agglomération,Hors intersection,Normale,Trois véhicules et plus - en chaîne,3,3,4,1,1,1,1,0,1,50,3,4,2,0,0,2,19.0,55.0,voiture,voiture,3,2,1,1,4
201900055545,2019-10-24 18:52:00,2019,10,24,18,52,37,37261,PAS NOTRE-DAME (RUE DU),47.4141805,0.6966753,Crépuscule ou aube,En agglomération,Intersection en X,Normale,Deux véhicules - arrière,4,2,2,0,1,1,1,0,1,50,2,3,2,0,0,1,25.0,21.0,voiture,voiture,2,2,2,1,2
201900055546,2019-01-06 00:35:00,2019,1,6,0,35,974,97413,RN1,-21.214167,55.295833,Nuit sans éclairage public,Hors agglomération,Hors intersection,Normale,Autre collision,2,3,4,0,1,1,1,3,1,110,1,2,1,1,0,0,23.0,,voiture,,3,1,1,1,6
201900055547,2019-01-05 02:45:00,2019,1,5,2,45,974,97413,2 Rue du Général Lambert,-21.159336,55.286776,Nuit sans éclairage public,En agglomération,Hors intersection,Normale,Sans collision,2,2,2,0,1,1,1,2,4,50,1,2,1,0,1,0,16.0,,deux_roues,,3,2,1,1,7
201900055548,2019-01-01 10:45:00,2019,1,1,10,45,974,97413,RN1A,-21.143998,55.272366,Plein jour,Hors agglomération,Hors intersection,Normale,Trois véhicules et plus - en chaîne,2,2,2,1,1,1,1,0,5,90,3,3,1,0,2,0,50.0,48.0,deux_roues,deux_roues,1,1,1,1,4
201900055549,2019-01-03 10:10:00,2019,1,3,10,10,14,14760,A84,49.093889,-0.626406,Plein jour,Hors agglomération,Hors intersection,Normale,Autre collision,1,3,4,0,1,1,1,0,3,130,1,5,2,0,1,2,38.0,,voiture,,1,1,1,1,6
201900055550,2019-10-25 11:00:00,2019,10,25,11,0,35,35238,PATTON (AVENUE DU GENERAL SIR GEORGES),48.13206,-1.66174,Plein jour,En agglomération,Intersection en T,Pluie légère,Deux véhicules - côté,4,3,4,2,1,1,1,5,1,50,2,3,1,0,0,2,28.0,47.0,voiture,transport_commun,1,2,3,2,3
201900055551,2019-09-23 12:50:00,2019,9,23,12,50,14,14061,D577,48.8842936,-0.8541308,Plein jour,Hors agglomération,Hors intersection,Pluie légère,Deux véhicules - côté,3,2,2,0,3,1,2,0,1,80,2,2,1,0,1,0,46.0,88.0,utilitaire_camion,voiture,1,1,1,2,3
201900055552,2019-01-02 15:15:00,2019,1,2,15,15,48,48009,Autoroute A75 PK 132+180 direction PARIS,44.7455598,3.2884821,Plein jour,Hors agglomération,Hors intersection,Normale,Autre collision,1,1,4,0,2,1,1,0,3,130,2,5,3,0,2,0,23.0,,voiture,,1,1,1,1,6
201900055553,2019-01-01 13:40:00,2019,1,1,13,40,34,34259,A750 PK 11+100 en direction de Montpellier,43.633799,3.755817,Plein jour,Hors agglomération,Hors intersection,Normale,Autre collision,1,3,4,0,1,3,1,3,1,130,1,3,0,0,3,0,53.0,,voiture,,1,1,1,1,6
201900055554,2019-10-24 10:15:00,2019,10,24,10,15,34,34172,VERT-BOIS (AVENUE DU),43.636231,3.868571,Plein jour,En agglomération,Intersection en T,Normale,Deux véhicules - côté,4,2,2,0,2,2,1,0,1,50,2,2,1,0,0,1,20.0,60.0,deux_roues,voiture,1,2,3,1,3
201900055555,2019-10-24 23:20:00,2019,10,24,23,20,34,34172,SABATIER D'ESPEYRAN (AVENUE FREDERIC),43.6243717,3.8627235,Nuit avec éclairage allumé,En agglomération,Intersection en T,Normale,Deux véhicules - côté,4,2,5,0,1,1,1,0,1,50,2,2,1,0,0,1,65.0,19.0,deux_roues,voiture,5,2,3,1,3
201900055556,2019-01-01 18:34:00,2019,1,1,18,34,15,15005,A75 PK 101+800,44.992424,3.183958,Nuit sans éclairage public,Hors agglomération,Hors intersection,Normale,Trois véhicules et plus - collisions multiples,1,3,4,0,4,3,1,0,1,130,4,11,10,1,0,0,21.0,26.0,voiture,voiture,3,1,1,1,5
201900055557,2019-09-24 13:10:00,2019,9,24,13,10,76,76099,Route du Manoir,49.550995,0.85294,Plein jour,Hors agglomération,Hors intersection,Pluie légère,Deux véhicules - côté,3,2,2,0,1,2,2,0,1,70,2,4,3,0,1,0,44.0,45.0,utilitaire_camion,voiture,1,1,1,2,3
201900055558,2019-10-25 12:10:00,2019,10,25,12,10,33,33063,ALL HAUSMANN,44.86593,-0.57518,Plein jour,En agglomération,Giratoire,Normale,Deux véhicules - côté,4,3,2,0,1,1,1,0,1,50,2,2,1,0,1,0,24.0,32.0,deux_roues,utilitaire_camion,1,2,6,1,3
201900055559,2019-01-01 04:00:00,2019,1,1,4,0,87,87201,RD 941 2x2 voies,45.84769,1.1694,Nuit sans éclairage public,Hors agglomération,Hors intersection,Normale,Autre collision,3,3,4,0,1,1,1,0,2,110,1,1,0,0,1,0,32.0,,voiture,,3,1,1,1,6
201900055560,2019-09-23 18:40:00,2019,9,23,18,40,13,13055,A507 sens Marseille - Aubagne,43.336309,5.380094,Plein jour,Hors agglomération,Hors intersection,Normale,Deux véhicules - arrière,1,-1,4,0,1,1,1,1,1,70,2,2,0,0,0,2,21.0,28.0,voiture,voiture,1,1,1,1,2
201900055561,2019-01-04 20:00:00,2019,1,4,20,0,83,83054,chemin de Hyères,43.171992,6.050056,Nuit avec éclairage allumé,En agglomération,Hors intersection,Normale,Trois véhicules et plus - en chaîne,3,2,2,0,2,1,1,2,1,50,3,3,2,0,1,0,36.0,37.0,voiture,voiture,5,2,1,1,4
201900055562,2019-10-24 18:20:00,2019,10,24,18,20,33,33281,AVE DU PHARE,44.85247,-0.69334,Nuit avec éclairage non allumé,En agglomération,Intersection en Y,Pluie légère,Trois véhicules et plus - collisions multiples,4,2,2,0,1,1,2,0,1,70,3,3,2,0,1,0,39.0,41.0,voiture,voiture,4,2,4,2,5
201900055563,2019-09-19 08:00:00,2019,9,19,8,0,69,69199,RD383   14.250 A 18.000,45.71112,4.84393,Plein jour,Hors agglomération,Hors intersection,Normale,Deux véhicules - côté,3,3,3,0,1,1,1,0,1,70,2,2,1,0,0,1,51.0,23.0,deux_roues,voiture,1,1,1,1,3
201900055564,2019-01-02 19:10:00,2019,1,2,19,10,83,83130,rue de la république,43.185439,6.041616,Nuit avec éclairage allumé,En agglomération,Hors intersection,Normale,Sans collision,3,4,2,0,2,1,1,5,4,70,1,1,0,0,1,0,36.0,,deux_roues,,5,2,1,1,7
201900055565,2019-10-25 11:15:00,2019,10,25,11,15,33,33318,RUE DU ROYAUME-UNI,44.79608,-0.70731,Plein jour,En agglomération,Hors intersection,Normale,Autre collision,4,2,2,0,1,1,1,0,1,30,1,1,0,0,0,1,19.0,,deux_roues,,1,2,1,1,6
201900055566,2019-01-04 18:30:00,2019,1,4,18,30,62,62199,CD 341,50.384774,2.628717,Nuit sans éclairage public,Hors agglomération,Hors intersection,Normale,Deux véhicules - frontale,3,2,2,0,1,1,1,0,1,80,2,6,4,1,0,1,43.0,30.0,voiture,voiture,3,1,1,1,1
201900055567,2019-10-07 15:10:00,2019,10,7,15,10,33,33281,AVE DE KAOLACK,44.82219,-0.66512,Plein jour,En agglomération,Intersection en T,Normale,Deux véhicules - côté,4,3,4,2,1,1,1,0,1,50,2,2,1,0,0,1,85.0,25.0,voiture,deux_roues,1,2,3,1,3
201900055568,2019-01-01 18:35:00,2019,1,1,18,35,66,66141,CD 900 - niveau PK16,42.75306,2.89549,Nuit sans éclairage public,Hors agglomération,Hors intersection,Normale,Autre collision,3,3,2,0,2,1,1,3,2,110,1,5,3,0,2,0,32.0,,voiture,,3,1,1,1,6
201900055569,2019-09-22 18:45:00,2019,9,22,18,45,59,59350,AUTOROUTE A25,50.61,3.04,Plein jour,Hors agglomération,Hors intersection,Pluie forte,Deux véhicules - arrière,1,3,6,0,1,1,2,0,3,70,2,2,1,0,1,0,71.0,22.0,voiture,deux_roues,1,1,1,3,2
201900055570,2019-01-03 16:55:00,2019,1,3,16,55,61,61192,"autoroute A 28, PR 188+155, sens 2",48.680562,0.230885,Plein jour,Hors agglomération,Hors intersection,Temps couvert,Sans collision,1,3,4,0,1,1,1,0,3,130,1,1,0,0,0,1,48.0,,utilitaire_camion,,1,1,1,8,7
201900055571,2019-10-07 22:00:00,2019,10,7,22,0,33,33192,CRS DU GENERAL DE GAULLE,44.77847,-0.60974,Nuit avec éclairage allumé,En agglomération,Intersection en X,Normale,Deux véhicules - arrière,4,2,2,0,1,1,1,0,1,50,2,2,1,0,0,1,19.0,36.0,deux_roues,voiture,5,2,2,1,2
201900055572,2019-01-04 20:20:00,2019,1,4,20,20,69,69133,rue du rivat,45.628413,4.777429,Nuit avec éclairage allumé,En agglomération,Hors intersection,Normale,Autre collision,3,2,2,0,2,4,1,9,3,-1,1,2,0,0,0,2,18.0,,voiture,,5,2,1,1,6
201900055573,2019-10-25 07:30:00,2019,10,25,7,30,33,33318,RUE PAULIN DE NOLE,44.79334,-0.61364,Crépuscule ou aube,En agglomération,Hors intersection,Normale,Autre collision,4,2,2,0,1,1,1,0,1,50,1,1,0,0,0,1,,,,,2,2,1,1,6
201900055574,2019-09-22 04:05:00,2019,9,22,4,5,95,95176,AUTOROUTE A15,48.98908,2.20175,Nuit sans éclairage public,Hors agglomération,Hors intersection,Normale,Deux véhicules - côté,1,3,8,0,1,1,1,0,1,110,2,4,2,0,0,2,66.0,24.0,voiture,voiture,3,1,1,1,3
201900055575,2019-01-02 06:00:00,2019,1,2,6,0,83,83116,649 avenue du 8 mai 1945,43.452926,5.869689,Nuit avec éclairage allumé,En agglomération,Hors intersection,Normale,Autre collision,3,2,2,0,1,2,7,0,3,50,1,2,1,0,1,0,28.0,,voiture,,5,2,1,1,6
201900055576,2019-10-24 23:10:00,2019,10,24,23,10,33,33119,BD ENTRE DEUX MERS,44.84381,-0.52961,Nuit avec éclairage allumé,En agglomération,Intersection en X,Temps couvert,Deux véhicules - côté,4,3,6,0,2,1,1,0,1,50,2,2,0,0,0,2,56.0,21.0,voiture,voiture,5,2,2,8,3
201900055577,2019-09-22 21:35:00,2019,9,22,21,35,95,95252,AUTOROUTE A15,48.97644,2.23624,Nuit sans éclairage public,Hors agglomération,Hors intersection,Normale,Trois véhicules et plus - en chaîne,1,3,8,0,1,1,2,0,1,110,3,3,2,0,0,1,56.0,59.0,voiture,voiture,3,1,1,1,4
201900055578,2019-01-04 19:15:00,2019,1,4,19,15,51,51030,RUE DU PONT,49.046362,4.090087,Nuit avec éclairage allumé,En agglomération,Hors intersection,Normale,Sans collision,4,2,1,0,1,1,1,2,8,50,1,1,0,0,1,0,47.0,,deux_roues,,5,2,1,1,7
201900055579,2019-09-22 21:20:00,2019,9,22,21,20,93,93053,AUTOROUTE A3,48.89344,2.47221,Nuit sans éclairage public,Hors agglomération,Hors intersection,Normale,Trois véhicules et plus - collisions multiples,1,3,10,0,1,3,2,2,1,70,3,3,2,0,0,1,34.0,45.0,voiture,voiture,3,1,1,1,5
201900055580,2019-01-03 12:30:00,2019,1,3,12,30,19,19187,La Bonnefougie,45.290042,1.337843,Plein jour,Hors agglomération,Hors intersection,Normale,Deux véhicules - frontale,3,2,2,0,1,1,1,0,1,80,2,2,1,0,1,0,68.0,28.0,voiture,voiture,1,1,1,1,1
201900055581,2019-10-24 17:20:00,2019,10,24,17,20,33,33075,AVE DE TERREFORT,44.88815,-0.61058,Plein jour,En agglomération,Intersection en T,Pluie légère,Trois véhicules et plus - en chaîne,4,2,5,2,1,1,2,0,1,50,3,3,2,0,0,1,22.0,54.0,voiture,voiture,1,2,3,2,4
201900055582,2019-01-03 12:15:00,2019,1,3,12,15,56,56122,RD 766 La Ville Cadio,47.98035,-2.37377,Plein jour,Hors agglomération,Hors intersection,Normale,Sans collision,3,2,2,0,1,2,1,0,3,80,1,1,0,1,0,0,82.0,,voiture,,1,1,1,1,7
201900055583,2019-09-22 19:40:00,2019,9,22,19,40,93,93007,AUTOROUTE A1,48.95039,2.44888,Plein jour,Hors agglomération,Hors intersection,Normale,Trois véhicules et plus - en chaîne,1,3,8,0,1,1,2,0,1,110,3,3,2,0,0,1,70.0,60.0,voiture,voiture,1,1,1,1,4
201900055584,2019-10-24 17:40:00,2019,10,24,17,40,33,33318,BD DU HAUT LIVRAC,44.79853,-0.67349,Plein jour,En agglomération,Intersection en X,Normale,Deux véhicules - côté,4,2,4,2,1,1,1,0,1,50,2,2,1,0,0,1,49.0,26.0,voiture,voiture,1,2,2,1,3
201900055585,2019-01-04 09:10:00,2019,1,4,9,10,74,74173,273 rue de la poste,45.857686,6.61643,Plein jour,En agglomération,Hors intersection,Normale,Autre collision,4,2,2,0,1,1,1,0,1,50,1,2,1,0,0,1,89.0,,voiture,,1,2,1,1,6
201900055586,2019-09-22 16:00:00,2019,9,22,16,0,95,95582,AUTOROUTE A15,48.96347,2.26429,Plein jour,Hors agglomération,Hors intersection,Pluie légère,Deux véhicules - côté,1,3,10,0,1,1,2,0,1,110,2,4,1,0,0,3,48.0,47.0,voiture,utilitaire_camion,1,1,1,2,3
201900055587,2019-01-02 09:20:00,2019,1,2,9,20,79,79063,2 rue du moulin,47.046026,-0.353638,Plein jour,En agglomération,Intersection en X,Normale,Autre collision,3,2,2,0,1,1,1,0,1,50,1,2,1,0,1,0,69.0,,voiture,,1,2,2,1,6
201900055588,2019-10-24 13:50:00,2019,10,24,13,50,33,33281,KENNEDY (AVE PRESIDENT J.F.),44.83266,-0.65593,Plein jour,En agglomération,Intersection en T,Pluie légère,Deux véhicules - arrière,4,2,6,2,1,1,2,0,1,50,2,4,2,0,0,2,62.0,27.0,utilitaire_camion,voiture,1,2,3,2,2
201900055589,2019-09-22 08:00:00,2019,9,22,8,0,93,93008,AUTOROUTE A86,48.90642,2.45847,Plein jour,Hors agglomération,Hors intersection,Normale,Deux véhicules - arrière,1,3,4,0,1,2,1,0,1,90,2,1,0,0,0,1,69.0,,voiture,,1,1,1,1,2
201900055590,2019-01-05 05:40:00,2019,1,5,5,40,2A,2A271,RT 20,41.981186,8.837093,Nuit sans éclairage public,Hors agglomération,Hors intersection,Normale,Deux véhicules - frontale,2,2,2,0,1,1,1,0,1,80,2,2,0,0,2,0,29.0,20.0,voiture,voiture,3,1,1,1,1
201900055591,2019-10-24 10:30:00,2019,10,24,10,30,33,33063,QUAI DES CHARTRONS,44.8524,-0.56775,Plein jour,En agglomération,Intersection en T,Pluie légère,Deux véhicules - frontale,4,2,9,-1,1,1,2,0,1,50,2,2,1,0,0,1,67.0,21.0,deux_roues,voiture,1,2,3,2,1
201900055592,2019-01-06 04:45:00,2019,1,6,4,45,2B,2B318,RT 10,42.438283,9.51606,Nuit sans éclairage public,Hors agglomération,Hors intersection,Normale,Deux véhicules - frontale,2,2,2,0,2,1,1,0,1,70,2,6,5,0,1,0,26.0,25.0,voiture,voiture,3,1,1,1,1
201900055593,2019-09-22 04:35:00,2019,9,22,4,35,95,95527,AUTOROUTE A1,49.01127,2.52913,Nuit avec éclairage allumé,Hors agglomération,Hors intersection,Normale,Autre collision,1,3,6,0,1,1,1,0,1,110,1,5,2,0,0,3,25.0,,voiture,,5,1,1,1,6
201900055594,2019-01-02 17:45:00,2019,1,2,17,45,2B,2B346,rt 10,42.526283,9.504785,Nuit avec éclairage allumé,En agglomération,Giratoire,Normale,Deux véhicules - arrière,2,2,2,0,1,1,1,6,1,50,2,2,0,0,0,2,25.0,38.0,voiture,voiture,5,2,6,1,2
201900055595,2019-10-24 00:15:00,2019,10,24,0,15,33,33119,BD ENTRE DEUX MERS,44.8452,-0.5322,Nuit avec éclairage allumé,En agglomération,Intersection en X,Pluie légère,Deux véhicules - côté,4,3,4,0,1,1,2,0,1,50,2,2,1,0,0,1,19.0,24.0,voiture,voiture,5,2,2,2,3
201900055596,2019-09-23 20:45:00,2019,9,23,20,45,94,94022,A86 EXT,48.7741,2.4075,Nuit avec éclairage non allumé,Hors agglomération,Hors intersection,Normale,Autre collision,1,3,3,0,1,1,1,0,1,90,1,1,0,0,0,1,25.0,,voiture,,4,1,1,1,6
201900055597,2019-01-03 14:15:00,2019,1,3,14,15,80,80318,"29b, Rue Roger Godard",50.014913,2.080953,Plein jour,En agglomération,Hors intersection,Normale,Autre collision,3,2,2,0,1,1,1,0,1,50,1,2,1,0,1,0,25.0,,voiture,,1,2,1,1,6
201900055598,2019-09-22 20:50:00,2019,9,22,20,50,77,77122,RN104,48.646366,2.597438,Nuit avec éclairage allumé,Hors agglomération,Hors intersection,Temps couvert,Autre collision,2,1,2,0,1,2,1,0,1,110,1,1,0,0,0,1,29.0,,voiture,,5,1,1,8,6
201900055599,2019-10-24 20:06:00,2019,10,24,20,6,31,31555,RUE LEON JOULIN,43.55386,1.42243,Nuit avec éclairage non allumé,En agglomération,Hors intersection,Normale,Autre collision,4,2,2,0,1,1,1,0,1,50,1,2,1,0,1,0,23.0,,voiture,,4,2,1,1,6
201900055600,2019-01-05 18:10:00,2019,1,5,18,10,80,80234,départementale 1,49.902607,2.455962,Nuit avec éclairage allumé,En agglomération,Hors intersection,Normale,Deux véhicules - frontale,3,2,2,0,3,1,1,2,1,50,2,3,0,0,1,2,54.0,79.0,voiture,voiture,5,2,1,1,1
201900055601,2019-10-24 16:30:00,2019,10,24,16,30,31,31555,VA007331 A620,43.56982,1.41333,Plein jour,Hors agglomération,Hors intersection,Pluie légère,Deux véhicules - arrière,1,3,3,0,1,1,2,0,1,90,2,3,2,0,0,1,57.0,28.0,utilitaire_camion,voiture,1,1,1,2,2
201900055602,2019-01-02 18:45:00,2019,1,2,18,45,82,82103,D928,43.83865,0.92699,Nuit sans éclairage public,Hors agglomération,Hors intersection,Normale,Autre collision,3,2,2,0,1,1,1,0,3,80,1,1,0,1,0,0,48.0,,voiture,,3,1,1,1,6
201900055603,2019-09-20 12:40:00,2019,9,20,12,40,974,97416,LEBLOND 1 (RUE MARIUS ET ARY),-21.33653,55.47074,Plein jour,En agglomération,Hors intersection,Normale,Autre collision,4,2,3,0,1,1,1,0,1,50,1,2,1,0,0,1,,,,,1,2,1,1,6
201900055604,2019-10-24 15:30:00,2019,10,24,15,30,31,31555,ALL JULES GUESDE,43.59463,1.44909,Plein jour,En agglomération,Hors intersection,Normale,Deux véhicules - frontale,4,2,2,0,1,1,1,0,1,50,2,3,1,0,1,1,50.0,51.0,deux_roues,voiture,1,2,1,1,1
201900055605,2019-01-03 23:40:00,2019,1,3,23,40,69,69214,avenue victor hugo,46.00269,4.325484,Nuit avec éclairage allumé,En agglomération,Hors intersection,Normale,Autre collision,3,2,2,0,1,2,1,0,3,50,1,1,0,0,0,1,28.0,,voiture,,5,2,1,1,6
201900055606,2019-10-25 10:06:00,2019,10,25,10,6,30,30189,VOULAND (RUE),43.8366,4.35669,Plein jour,En agglomération,Intersection en T,Normale,Autre collision,4,1,1,0,1,1,1,0,1,30,1,2,1,0,1,0,25.0,,utilitaire_camion,,1,2,3,1,6
201900055607,2019-09-22 22:45:00,2019,9,22,22,45,69,69388,ALBERT THOMAS                       (CO),45.74696,4.86714,Nuit avec éclairage allumé,En agglomération,Intersection en T,Temps couvert,Deux véhicules - côté,7,1,4,3,1,1,2,5,1,50,2,2,1,0,1,0,57.0,30.0,voiture,deux_roues,5,2,3,8,3
201900055608,2019-01-04 15:00:00,2019,1,4,15,0,32,32129,Départementale 40,43.837451,0.82448,Plein jour,Hors agglomération,Hors intersection,Normale,Deux véhicules - frontale,3,-1,2,0,1,1,1,0,1,80,2,4,3,0,1,0,66.0,69.0,voiture,voiture,1,1,1,1,1
201900055609,2019-01-01 07:00:00,2019,1,1,7,0,32,32346,lieu dit la plaine,43.685175,0.267763,Nuit sans éclairage public,Hors agglomération,Hors intersection,Brouillard / fumée,Autre collision,3,2,2,0,1,3,2,0,3,80,1,3,0,0,2,1,22.0,,voiture,,3,1,1,5,6
201900055610,2019-01-01 16:20:00,2019,1,1,16,20,32,32262,D39,43.66364,1.027578,Plein jour,Hors agglomération,Hors intersection,Brouillard / fumée,Autre collision,3,2,2,0,1,1,2,0,3,80,1,1,0,0,1,0,70.0,,voiture,,1,1,1,5,6
201900055611,2019-09-22 22:15:00,2019,9,22,22,15,69,69383,MAZENOD                             (R ),45.75851,4.84299,Nuit avec éclairage allumé,En agglomération,Hors intersection,Pluie forte,Deux véhicules - côté,4,1,1,0,1,1,2,0,1,50,2,2,1,0,0,1,20.0,51.0,deux_roues,voiture,5,2,1,3,3
201900055612,2019-09-22 19:25:00,2019,9,22,19,25,69,69387,BERTHELOT                           (AV),45.74212,4.85143,Crépuscule ou aube,En agglomération,Hors intersection,Pluie forte,Deux véhicules - arrière,4,-1,2,3,1,1,2,4,6,50,2,1,0,0,0,1,13.0,,deux_roues,,2,2,1,3,2
201900055613,2019-10-25 15:45:00,2019,10,25,15,45,29,29019,LE GORGEU (N°29 (TOTAL)-UBO(ALBERT 1ER ),48.39884,-4.49449,Plein jour,En agglomération,Hors intersection,Normale,Deux véhicules - côté,4,2,0,3,1,1,1,0,1,50,2,2,1,0,0,1,28.0,47.0,deux_roues,transport_commun,1,2,1,1,3
201900055614,2019-09-22 15:50:00,2019,9,22,15,50,69,69388,ETATS UNIS (DES)                    (BD),45.72627,4.8699,Plein jour,En agglomération,Hors intersection,Normale,Sans collision,4,1,2,2,1,1,1,0,1,50,1,1,0,0,0,1,16.0,,deux_roues,,1,2,1,1,7
201900055615,2019-10-25 09:35:00,2019,10,25,9,35,29,29019,GILOUX YVES (DE 13 A 63 ET 52 A 114),48.4155,-4.4808,Plein jour,En agglomération,Intersection en X,Normale,Deux véhicules - côté,4,2,2,0,1,1,2,0,1,50,2,3,0,0,0,3,26.0,35.0,voiture,voiture,1,2,2,1,3
201900055616,2019-09-22 12:10:00,2019,9,22,12,10,69,69387,JEAN JAURES                         (AV),45.74519,4.84183,Plein jour,En agglomération,Intersection en X,Normale,Deux véhicules - côté,4,2,6,0,1,1,1,0,1,50,2,2,1,0,0,1,23.0,36.0,voiture,voiture,1,2,2,1,3
201900055617,2019-10-25 01:15:00,2019,10,25,1,15,29,29019,PROVENCE (AVENUE ET ROND POINT),48.4073018,-4.5133801,Nuit sans éclairage public,En agglomération,Giratoire,Normale,Autre collision,4,1,1,0,2,2,1,0,1,50,1,3,1,0,1,1,29.0,,voiture,,3,2,6,1,6
201900055618,2019-09-22 08:30:00,2019,9,22,8,30,972,97213,ROUTE NATIONALE 1,14.620995,-60.99178,Plein jour,En agglomération,Hors intersection,Pluie légère,Deux véhicules - côté,2,2,4,0,1,1,2,0,1,70,2,2,1,0,0,1,54.0,54.0,deux_roues,deux_roues,1,2,1,2,3
201900055619,2019-09-22 20:45:00,2019,9,22,20,45,69,69382,CHARLEMAGNE                         (CO),45.7468,4.8243,Nuit avec éclairage allumé,En agglomération,Hors intersection,Pluie légère,Autre collision,7,4,5,3,1,1,2,6,6,30,1,2,0,0,0,2,37.0,,voiture,,5,2,1,2,6
201900055620,2019-09-22 16:30:00,2019,9,22,16,30,69,69142,STEPHANE DECHANT                    (R ),45.72532,4.81395,Plein jour,En agglomération,Hors intersection,Normale,Sans collision,3,3,2,3,1,1,1,0,1,50,1,1,0,0,0,1,56.0,,deux_roues,,1,2,1,1,7
201900055621,2019-10-25 18:00:00,2019,10,25,18,0,26,26281,RD 532 (DIRECTION TAIN),45.05713,5.02245,Plein jour,Hors agglomération,Hors intersection,Normale,Sans collision,3,1,2,0,1,2,1,0,1,90,1,2,0,0,0,2,46.0,,voiture,,1,1,1,1,7
201900055622,2019-09-21 11:00:00,2019,9,21,11,0,76,76217,D485,49.92458,1.11352,Plein jour,Hors agglomération,Hors intersection,Normale,Deux véhicules - arrière,3,1,4,0,1,2,1,9,1,50,2,8,3,0,0,5,69.0,44.0,voiture,voiture,1,1,1,1,2
201900055623,2019-09-22 06:05:00,2019,9,22,6,5,69,69266,EMILE ZOLA     (Cours),45.77077,4.87264,Nuit avec éclairage allumé,En agglomération,Hors intersection,Normale,Autre collision,4,2,4,1,1,1,1,0,1,50,1,2,1,0,1,0,40.0,,voiture,,5,2,1,1,6
201900055624,2019-09-19 15:50:00,2019,9,19,15,50,69,69013,JOUX (avenue de),46.00553,4.73165,Plein jour,En agglomération,Intersection en T,Normale,Deux véhicules - côté,3,1,1,0,1,1,1,0,1,70,2,2,1,0,1,0,40.0,23.0,voiture,deux_roues,1,2,3,1,3
201900055625,2019-09-22 05:30:00,2019,9,22,5,30,59,59421,ROUBAIX (RUE DE),50.6978,3.140092,Nuit avec éclairage allumé,En agglomération,Hors intersection,Normale,Autre collision,7,2,2,0,1,1,1,0,1,50,1,1,0,0,0,1,19.0,,deux_roues,,5,2,1,1,6
201900055626,2019-09-22 16:05:00,2019,9,22,16,5,59,59512,VERDUN (AVENUE DE),50.6865,3.1993,Plein jour,En agglomération,Hors intersection,Normale,Autre collision,4,1,4,0,1,1,1,0,1,50,1,1,0,0,1,0,,,,,1,2,1,1,6
201900055627,2019-09-22 23:45:00,2019,9,22,23,45,59,59392,ALPHONSE LAMARTINE (BOULEVARD),50.28753,3.96501,Nuit avec éclairage allumé,En agglomération,Hors intersection,Pluie légère,Autre collision,4,3,4,0,1,1,2,0,1,50,1,2,0,0,2,0,28.0,,voiture,,5,2,1,2,6
201900055628,2019-09-22 15:10:00,2019,9,22,15,10,51,51454,ALLEE BEETHOVEN,49.238254,4.020528,Plein jour,En agglomération,Autre intersection,Pluie légère,Deux véhicules - côté,4,1,2,0,1,1,2,0,1,50,2,3,1,0,0,2,18.0,30.0,deux_roues,voiture,1,2,9,2,3
201900055629,2019-09-22 03:00:00,2019,9,22,3,0,50,50218,SHERBONE (ROND POINT),48.83286,-1.57384,Nuit avec éclairage allumé,En agglomération,Giratoire,Normale,Sans collision,4,2,1,2,1,3,1,0,1,50,1,1,0,0,0,1,18.0,,deux_roues,,5,2,6,1,7
201900055630,2019-09-21 14:30:00,2019,9,21,14,30,43,43157,VALETTE (RUE ANTOINE),45.02018,3.89385,Plein jour,En agglomération,Autre intersection,Normale,Deux véhicules - arrière,3,2,2,0,2,2,1,0,1,50,2,2,1,0,1,0,14.0,23.0,deux_roues,voiture,1,2,9,1,2
201900055631,2019-09-22 15:25:00,2019,9,22,15,25,37,37261,CHOISEUL (PLACE),47.40184,0.68426,Plein jour,En agglomération,Hors intersection,Normale,Deux véhicules - côté,4,2,4,2,2,1,1,0,1,50,2,2,1,0,0,1,58.0,24.0,voiture,deux_roues,1,2,1,1,3
201900055632,2019-09-22 09:42:00,2019,9,22,9,42,37,37261,ALOUETTE (AVENUE),47.3625858,0.6961263,Plein jour,En agglomération,Hors intersection,Pluie légère,Sans collision,4,3,4,0,2,3,2,0,1,50,1,1,0,0,0,1,26.0,,voiture,,1,2,1,2,7
201900055633,2019-09-22 06:56:00,2019,9,22,6,56,37,37261,FRANCAIS LIBRES (CARREFOUR DES),47.3969767,0.7037219,Nuit avec éclairage allumé,En agglomération,Giratoire,Temps couvert,Sans collision,4,1,2,0,1,2,1,5,1,50,1,1,0,0,0,1,16.0,,deux_roues,,5,2,6,8,7