accident_id,datetime,annee,mois,jour,heure,minute,departement,commune_insee,adresse,latitude,longitude,luminosite,agglomeration,intersection,meteo,collision,catr,circ,nbv,vosp,prof,plan,surf,infra,situ,vma,nb_vehicules,nb_usagers,nb_indemnes,nb_tues,nb_blesses_hosp,nb_blesses_legers,age_cond_1,age_cond_2,veh_type_cond_1,veh_type_cond_2,lum_code,agg_code,int_code,atm_code,col_code
201900055634,2019-09-22 08:20:00,2019,9,22,8,20,34,34172,MARCHE GARE (AVENUE DU),43.58527,3.88213,Crépuscule ou aube,En agglomération,Intersection en X,Pluie légère,Deux véhicules - côté,4,2,2,0,1,1,2,5,1,50,2,3,2,0,0,1,34.0,31.0,voiture,voiture,2,2,2,2,3
201900055635,2019-09-22 10:40:00,2019,9,22,10,40,29,29019,AIGUILLON (DE 1 A 37 ET 2 A 46),48.384767,-4.4870589,Plein jour,En agglomération,Hors intersection,Normale,Autre collision,4,2,2,0,1,1,1,0,1,50,1,2,1,0,0,1,48.0,,voiture,,1,2,1,1,6
201900055636,2019-09-22 20:00:00,2019,9,22,20,0,13,13211,VALBARELLE (BOULEVARD DE LA ),43.2869371,5.4457378,Nuit avec éclairage allumé,En agglomération,Hors intersection,Normale,Deux véhicules - côté,4,2,2,0,1,1,1,0,1,50,2,2,1,0,1,0,51.0,21.0,deux_roues,utilitaire_camion,5,2,1,1,3
201900055637,2019-09-22 17:55:00,2019,9,22,17,55,13,13202,PARIS (BOULEVARD DE),43.30881,5.37078,Plein jour,En agglomération,Hors intersection,Normale,Deux véhicules - côté,4,-1,3,0,2,1,1,0,1,50,2,2,0,0,1,1,42.0,33.0,deux_roues,voiture,1,2,1,1,3
201900055638,2019-09-22 17:15:00,2019,9,22,17,15,13,13213,TAOUME (RUE DU),43.326954,5.457676,Plein jour,En agglomération,Hors intersection,Normale,Deux véhicules - frontale,4,2,2,0,2,1,1,0,1,50,2,2,0,0,0,2,15.0,19.0,voiture,voiture,1,2,1,1,1
201900055639,2019-09-22 17:30:00,2019,9,22,17,30,13,13206,PRADO (AVENUE DU),43.2849038,5.3843107,Plein jour,En agglomération,Hors intersection,Normale,Autre collision,4,2,4,0,1,2,1,6,1,50,1,1,0,0,1,0,,,,,1,2,1,1,6
201900055640,2019-09-22 02:30:00,2019,9,22,2,30,13,13215,LYON (RUE DE),43.329216,5.365593,Nuit avec éclairage allumé,En agglomération,Intersection en X,Temps couvert,Deux véhicules - côté,7,2,2,0,1,1,2,0,1,50,2,1,0,0,0,1,36.0,,voiture,,5,2,2,8,3
201900055641,2019-09-14 12:10:00,2019,9,14,12,10,1,01283,VERDUN (COURS DE DU 59-86 AU 151),46.259266,5.646912,Plein jour,En agglomération,Hors intersection,Normale,Autre collision,4,2,2,0,1,1,1,0,1,50,1,2,1,0,1,0,41.0,,voiture,,1,2,1,1,6
201900055642,2019-09-22 06:18:00,2019,9,22,6,18,75,75106,BOULEVARD DU MONTPARNASSE,48.839752,2.3365635,Nuit avec éclairage allumé,En agglomération,Intersection à plus de 4 branches,Normale,Autre collision,4,2,4,-1,1,1,1,0,1,50,2,3,2,0,0,1,23.0,,voiture,,5,2,5,1,6
201900055643,2019-09-22 14:00:00,2019,9,22,14,0,75,75117,RUE DE TOCQUEVILLE,48.8878429,2.3070866,Plein jour,En agglomération,Intersection en X,Pluie légère,Deux véhicules - côté,4,1,1,0,1,1,2,0,1,30,2,2,1,0,0,1,47.0,56.0,voiture,deux_roues,1,2,2,2,3
201900055644,2019-09-19 08:30:00,2019,9,19,8,30,75,75116,AVENUE DE L HIPPODROME,48.8622868,2.2383142,Plein jour,En agglomération,Intersection en X,Normale,Deux véhicules - côté,4,-1,2,1,1,1,1,0,5,50,2,2,1,0,0,1,41.0,18.0,deux_roues,deux_roues,1,2,2,1,3
201900055645,2019-09-22 12:00:00,2019,9,22,12,0,75,75107,PONT DES INVALIDES,48.8633879,2.3104012,Plein jour,En agglomération,Hors intersection,Pluie légère,Autre collision,4,2,4,0,1,1,2,2,1,50,1,2,1,0,0,1,34.0,,deux_roues,,1,2,1,2,6
201900055646,2019-09-22 01:36:00,2019,9,22,1,36,75,75116,ALLEE DE LONGCHAMP,48.867686,2.250951,Nuit avec éclairage allumé,En agglomération,Intersection en X,Normale,Deux véhicules - côté,4,2,4,0,1,1,1,0,1,50,2,3,2,0,0,1,16.0,58.0,deux_roues,voiture,5,2,2,1,3
201900055647,2019-09-21 11:25:00,2019,9,21,11,25,75,75115,RUE DES MORILLONS,48.8332625,2.2993017,Plein jour,En agglomération,Hors intersection,Normale,Autre collision,4,2,2,0,1,1,1,0,1,50,1,2,1,0,0,1,46.0,,deux_roues,,1,2,1,1,6
201900055648,2019-09-21 08:15:00,2019,9,21,8,15,75,75115,RUE DE LA CONVENTION,48.8399731,2.2903582,Plein jour,En agglomération,Intersection en X,Normale,Sans collision,4,2,3,0,1,1,1,5,1,50,1,1,0,0,0,1,59.0,,deux_roues,,1,2,2,1,7
201900055649,2019-09-22 10:16:00,2019,9,22,10,16,75,75113,QUAI D AUSTERLITZ,48.8419153,2.3678797,Plein jour,En agglomération,Intersection en X,Temps couvert,Deux véhicules - côté,4,2,4,3,3,1,1,0,6,50,2,2,1,0,0,1,76.0,35.0,voiture,deux_roues,1,2,2,8,3
201900055650,2019-09-22 04:30:00,2019,9,22,4,30,75,75113,BOULEVARD VINCENT AURIOL,48.833019,2.3618259,Nuit avec éclairage allumé,En agglomération,Place,Normale,Deux véhicules - arrière,4,3,2,0,2,1,1,0,1,50,2,3,1,0,0,2,59.0,23.0,voiture,deux_roues,5,2,7,1,2
201900055651,2019-09-22 13:10:00,2019,9,22,13,10,75,75107,RUE DE GRENELLE,48.8544183,2.3259139,Plein jour,En agglomération,Intersection en X,Pluie légère,Autre collision,4,1,1,0,1,1,2,0,1,50,1,2,1,0,0,1,27.0,,deux_roues,,1,2,2,2,6
201900055652,2019-09-22 07:00:00,2019,9,22,7,0,75,75104,QUAI HENRI IV,48.8493846,2.3618112,Crépuscule ou aube,En agglomération,Hors intersection,Normale,Autre collision,4,1,2,0,1,1,1,8,1,50,1,1,0,0,0,1,27.0,,voiture,,2,2,1,1,6
201900055653,2019-09-22 20:57:00,2019,9,22,20,57,94,94081,YOURI GAGARINE (AV),48.7859815,2.3915116,Nuit avec éclairage allumé,En agglomération,Intersection en T,Pluie légère,Deux véhicules - côté,3,1,1,0,1,1,2,9,1,50,2,4,2,0,0,2,49.0,44.0,voiture,voiture,5,2,3,2,3
201900055654,2019-09-22 14:45:00,2019,9,22,14,45,94,94067,GENERAL LECLERC (CENTRE (PL DU),48.8464996,2.4179527,Plein jour,En agglomération,Autre intersection,Pluie légère,Deux véhicules - côté,4,3,4,0,1,1,2,0,1,50,2,2,1,0,0,1,28.0,22.0,deux_roues,voiture,1,2,9,2,3
201900055655,2019-09-22 19:55:00,2019,9,22,19,55,94,94074,RASPAIL (R),48.76501,2.44509,Crépuscule ou aube,En agglomération,Intersection en T,Pluie légère,Deux véhicules - côté,4,-1,2,0,1,1,2,5,1,50,2,4,2,0,0,2,42.0,26.0,voiture,voiture,2,2,3,2,3
201900055656,2019-09-22 18:15:00,2019,9,22,18,15,94,94046,GEORGES CLEMENCEAU (AV),48.8120243,2.4436181,Plein jour,En agglomération,Intersection en X,Pluie légère,Deux véhicules - frontale,4,2,2,0,1,1,2,5,1,50,2,2,1,0,0,1,18.0,49.0,deux_roues,utilitaire_camion,1,2,2,2,1
201900055657,2019-09-21 16:40:00,2019,9,21,16,40,94,94022,HUIT MAI 1945 (AV DU),48.76511,2.41072,Plein jour,En agglomération,Hors intersection,Normale,Autre collision,4,2,2,0,1,1,1,0,1,30,1,3,2,0,0,1,44.0,,voiture,,1,2,1,1,6
201900055658,2019-09-22 18:20:00,2019,9,22,18,20,94,94017,François Mittérrand (avenue),48.81565,2.51435,Plein jour,En agglomération,Hors intersection,Temps couvert,Trois véhicules et plus - collisions multiples,4,2,3,0,2,1,2,0,1,50,4,5,4,0,0,1,20.0,42.0,voiture,voiture,1,2,1,8,5
201900055659,2019-09-22 21:15:00,2019,9,22,21,15,93,93078,DAMBEL (AVENUE EMILE),48.95587,2.54599,Nuit avec éclairage allumé,En agglomération,Hors intersection,Pluie légère,Autre collision,4,-1,0,0,1,1,2,0,1,50,1,1,0,0,0,1,43.0,,voiture,,5,2,1,2,6
201900055660,2019-09-22 17:00:00,2019,9,22,17,0,93,93008,VAILLANT COUTURIER (AVENUE PAUL),48.90758,2.45449,Plein jour,En agglomération,Hors intersection,Pluie légère,Autre collision,3,1,3,0,1,4,3,0,1,50,1,4,1,0,0,3,23.0,,voiture,,1,2,1,2,6
201900055661,2019-09-22 19:45:00,2019,9,22,19,45,93,93001,REPUBLIQUE (AVE DE LA ) => NO 41/50,48.91318,2.38292,Nuit avec éclairage allumé,En agglomération,Autre intersection,Normale,Autre collision,3,-1,2,0,1,1,1,0,1,50,1,2,1,0,0,1,24.0,,autre,,5,2,9,1,6
201900055662,2019-09-22 10:45:00,2019,9,22,10,45,93,93001,VICTOR HUGO (AVE)  => 120,48.90532,2.37429,Plein jour,En agglomération,Hors intersection,Normale,Deux véhicules - frontale,3,-1,4,0,1,1,1,0,1,50,2,1,0,0,0,1,38.0,,voiture,,1,2,1,1,1
201900055663,2019-09-22 14:00:00,2019,9,22,14,0,92,92046,Coulée Verte,48.820189,2.295961,Plein jour,En agglomération,Intersection en T,Pluie forte,Deux véhicules - côté,4,2,2,0,1,1,2,0,1,50,2,2,1,0,0,1,71.0,24.0,voiture,deux_roues,1,2,3,3,3
201900055664,2019-09-22 10:25:00,2019,9,22,10,25,92,92046,GABRIEL PERI,48.8193,2.295745,Plein jour,En agglomération,Intersection en T,Normale,Deux véhicules - frontale,3,2,4,2,1,1,1,0,1,50,2,2,1,0,0,1,42.0,25.0,voiture,deux_roues,1,2,3,1,1
201900055665,2019-09-22 14:55:00,2019,9,22,14,55,92,92012,SILLY (RUE DE) 1/87 - 2/88,48.8414,2.2313,Plein jour,En agglomération,Intersection en X,Pluie légère,Sans collision,7,2,4,0,1,1,2,0,1,50,1,2,1,0,0,1,75.0,,voiture,,1,2,2,2,7
201900055666,2019-10-04 21:25:00,2019,10,4,21,25,92,92012,REINE (ROUTE DE LA) 1/37- 6/80,48.840261,2.2338831,Nuit avec éclairage allumé,En agglomération,Intersection en X,Normale,Deux véhicules - côté,3,2,1,0,1,1,1,0,1,50,2,1,0,0,0,1,75.0,,deux_roues,,5,2,2,1,3
201900055667,2019-09-21 03:30:00,2019,9,21,3,30,92,92014,PASTEUR (RUE),48.7734,2.3138,Nuit avec éclairage allumé,En agglomération,Hors intersection,Normale,Autre collision,4,1,1,0,1,1,1,0,1,50,1,1,0,0,0,1,23.0,,voiture,,5,2,1,1,6
201900055668,2019-09-19 18:00:00,2019,9,19,18,0,54,54563,RD 5D PK 0+900,48.478846,6.082664,Plein jour,Hors agglomération,Hors intersection,Normale,Sans collision,3,2,2,0,2,4,1,0,3,80,1,1,0,0,1,0,46.0,,deux_roues,,1,1,1,1,7
201900055669,2019-09-22 19:27:00,2019,9,22,19,27,1,01052,D2,46.038335,4.994147,Nuit sans éclairage public,Hors agglomération,Hors intersection,Pluie forte,Deux véhicules - côté,3,2,2,0,1,1,2,0,1,-1,2,4,1,0,0,3,45.0,58.0,voiture,voiture,3,1,1,3,3
201900055670,2019-09-23 14:15:00,2019,9,23,14,15,68,68315,35 rue du fossé,47.885417,7.227546,Plein jour,En agglomération,Hors intersection,Normale,Deux véhicules - frontale,4,1,1,0,4,1,1,0,1,30,2,2,1,0,0,1,46.0,15.0,voiture,deux_roues,1,2,1,1,1
201900055671,2019-09-19 10:45:00,2019,9,19,10,45,95,95445,RN 184,49.099219,2.265582,Plein jour,En agglomération,Hors intersection,Normale,Autre collision,2,3,1,0,1,1,1,3,3,70,2,1,0,0,0,1,41.0,,deux_roues,,1,2,1,1,6
201900055672,2019-09-22 20:10:00,2019,9,22,20,10,95,95487,RD301,49.152562,2.270792,Nuit avec éclairage allumé,Hors agglomération,Autre intersection,Normale,Autre collision,3,2,2,0,1,4,1,8,1,80,1,1,0,1,0,0,47.0,,deux_roues,,5,1,9,1,6
201900055673,2019-09-23 09:00:00,2019,9,23,9,0,33,33138,Les Mougneaux,45.05895,-0.1042,Plein jour,Hors agglomération,Hors intersection,Normale,Deux véhicules - frontale,3,2,2,0,1,2,1,0,1,70,2,2,1,0,1,0,43.0,71.0,utilitaire_camion,voiture,1,1,1,1,1
201900055674,2019-09-23 06:40:00,2019,9,23,6,40,13,13078,avenue du port,43.393925,4.797883,Crépuscule ou aube,En agglomération,Intersection en X,Normale,Autre collision,4,2,2,0,1,1,2,0,1,50,1,2,1,0,1,0,60.0,,voiture,,2,2,2,1,6
201900055675,2019-09-15 14:20:00,2019,9,15,14,20,972,97232,chemin cadette,14.57253,-60.862114,Plein jour,Hors agglomération,Hors intersection,Normale,Deux véhicules - frontale,2,2,2,0,1,1,1,5,1,90,2,5,4,0,1,0,74.0,33.0,voiture,voiture,1,1,1,1,1
201900055676,2019-09-21 20:40:00,2019,9,21,20,40,27,27478,ROUTE DE SAINT ANDRE CD52 PR17+500,48.948806,1.224594,Crépuscule ou aube,Hors agglomération,Hors intersection,Normale,Deux véhicules - frontale,3,2,2,0,1,1,1,0,1,80,2,3,1,0,1,1,45.0,19.0,voiture,voiture,2,1,1,1,1
201900055677,2019-09-21 12:05:00,2019,9,21,12,5,35,35176,Place Bonabry (Messac),47.82417,-1.810003,Plein jour,En agglomération,Giratoire,Normale,Deux véhicules - arrière,9,1,1,0,1,3,1,9,1,50,2,2,1,0,0,1,80.0,48.0,voiture,deux_roues,1,2,6,1,2
201900055678,2019-09-23 12:20:00,2019,9,23,12,20,22,22193,Le Rocher,48.387928,-2.450665,Plein jour,Hors agglomération,Hors intersection,Pluie légère,Sans collision,3,2,2,0,1,2,2,0,1,80,1,1,0,0,1,0,52.0,,utilitaire_camion,,1,1,1,2,7
201900055679,2019-07-12 16:00:00,2019,7,12,16,0,76,76058,Route de Mesnil Reaume,49.979374,1.421231,Plein jour,Hors agglomération,Hors intersection,Normale,Deux véhicules - côté,3,2,2,0,1,2,1,0,1,80,2,2,1,0,0,1,42.0,49.0,deux_roues,voiture,1,1,1,1,3
201900055680,2019-07-14 11:30:00,2019,7,14,11,30,61,61362,Le Champ Guide,48.702448,-0.528937,Plein jour,Hors agglomération,Hors intersection,Normale,Deux véhicules - frontale,3,2,2,0,2,1,1,0,1,80,2,2,0,0,2,0,35.0,52.0,voiture,voiture,1,1,1,1,1
201900055681,2019-07-12 05:50:00,2019,7,12,5,50,42,42092,route départemental 1498,45.482055,4.353751,Plein jour,Hors agglomération,Hors intersection,Normale,Deux véhicules - frontale,3,2,2,0,2,3,1,0,1,70,2,2,0,0,0,2,25.0,27.0,voiture,voiture,1,1,1,1,1
201900055682,2019-07-13 21:30:00,2019,7,13,21,30,46,46029,8 Avenue de la République,44.931309,1.848264,Plein jour,En agglomération,Hors intersection,Normale,Autre collision,3,2,2,0,1,1,1,0,3,50,1,2,0,0,2,0,20.0,,voiture,,1,2,1,1,6
201900055683,2019-07-09 18:00:00,2019,7,9,18,0,86,86263,"les eulets, 86240 smarves",46.504871,0.347433,Plein jour,En agglomération,Hors intersection,Normale,Deux véhicules - frontale,4,2,2,0,1,1,1,0,1,30,2,3,1,0,1,1,63.0,43.0,voiture,voiture,1,2,1,1,1
201900055684,2019-07-10 18:25:00,2019,7,10,18,25,86,86209,Croisement D95 (pk 29+200) et D95A (PK 0),46.470766,0.39671,Crépuscule ou aube,Hors agglomération,Intersection en X,Temps éblouissant,Deux véhicules - côté,3,2,2,0,2,1,1,0,1,80,2,2,1,0,0,1,41.0,59.0,voiture,deux_roues,2,1,2,7,3
201900055685,2019-07-13 03:15:00,2019,7,13,3,15,34,34051,D2,43.602066,3.481774,Nuit sans éclairage public,Hors agglomération,Hors intersection,Normale,Autre collision,3,2,2,0,1,1,1,0,3,80,1,1,0,0,1,0,24.0,,voiture,,3,1,1,1,6
201900055686,2019-07-12 17:50:00,2019,7,12,17,50,68,68115,rue de soppe,47.749096,7.092541,Plein jour,En agglomération,Intersection en T,Normale,Deux véhicules - frontale,3,2,2,0,1,1,1,0,1,50,2,2,1,0,0,1,73.0,20.0,deux_roues,voiture,1,2,3,1,1
201900055687,2019-07-11 11:55:00,2019,7,11,11,55,22,22204,kervulguen,48.71861,-3.156646,Plein jour,Hors agglomération,Hors intersection,Normale,Deux véhicules - frontale,4,2,2,0,1,2,1,0,1,80,2,2,1,0,0,1,27.0,24.0,voiture,utilitaire_camion,1,1,1,1,1
201900055688,2019-07-14 08:00:00,2019,7,14,8,0,39,39222,,46.747881,5.731926,Nuit sans éclairage public,Hors agglomération,Hors intersection,Normale,Sans collision,3,2,2,0,1,3,1,0,3,80,1,1,0,1,0,0,65.0,,voiture,,3,1,1,1,7
201900055689,2019-07-14 09:40:00,2019,7,14,9,40,25,25222,Rue de l'Epine,47.155321,6.276535,Plein jour,Hors agglomération,Hors intersection,Normale,Deux véhicules - côté,3,2,2,0,1,1,1,0,1,80,2,3,0,0,2,1,28.0,84.0,voiture,voiture,1,1,1,1,3
201900055690,2019-07-12 19:15:00,2019,7,12,19,15,44,44152,La Turcaudais,47.464312,-1.982651,Plein jour,Hors agglomération,Hors intersection,Normale,Deux véhicules - frontale,3,2,2,0,1,3,1,0,1,70,2,3,0,1,2,0,29.0,20.0,voiture,voiture,1,1,1,1,1
201900055691,2019-07-05 16:30:00,2019,7,5,16,30,44,44063,Rue du Pont Jean Vay,47.076289,-1.248501,Plein jour,En agglomération,Intersection en T,Normale,Deux véhicules - côté,4,2,2,0,2,1,1,0,1,30,2,2,1,0,0,1,12.0,23.0,deux_roues,voiture,1,2,3,1,3
201900055692,2019-07-11 22:05:00,2019,7,11,22,5,44,44015,Les Freshes,47.474903,-1.851272,Crépuscule ou aube,Hors agglomération,Hors intersection,Normale,Autre collision,4,2,2,0,1,1,1,0,8,70,1,4,3,0,1,0,87.0,,voiture,,2,1,1,1,6
201900055693,2019-07-12 14:30:00,2019,7,12,14,30,35,35095,Rue des Ponts,48.547076,-1.759308,Plein jour,En agglomération,Hors intersection,Normale,Autre collision,3,2,2,0,1,1,1,0,1,50,1,2,1,0,1,0,55.0,,voiture,,1,2,1,1,6
201900055694,2019-07-13 05:26:00,2019,7,13,5,26,29,29041,Rue de Pen Pavé,48.059077,-3.829261,Crépuscule ou aube,En agglomération,Giratoire,Normale,Autre collision,3,2,2,0,1,1,1,0,4,50,1,3,0,0,0,3,47.0,,voiture,,2,2,6,1,6
201900055695,2019-07-12 20:05:00,2019,7,12,20,5,29,29209,Tariec,48.5452215,-4.5045989,Plein jour,Hors agglomération,Hors intersection,Normale,Trois véhicules et plus - collisions multiples,3,2,2,3,2,1,1,0,1,80,3,5,1,1,1,2,21.0,40.0,voiture,deux_roues,1,1,1,1,5
201900055696,2019-07-10 09:45:00,2019,7,10,9,45,31,31561,Avenue Hermès,43.639494,1.496762,Plein jour,En agglomération,Hors intersection,Normale,Deux véhicules - côté,4,2,2,0,1,1,1,0,1,50,2,2,1,0,1,0,36.0,53.0,deux_roues,utilitaire_camion,1,2,1,1,3
201900055697,2019-07-13 18:00:00,2019,7,13,18,0,38,38075,RD 1090,45.465337,5.993078,Plein jour,Hors agglomération,Intersection en T,Normale,Deux véhicules - côté,3,2,2,0,1,1,1,0,1,80,2,3,1,0,0,2,56.0,35.0,deux_roues,voiture,1,1,3,1,3
201900055698,2019-06-21 14:20:00,2019,6,21,14,20,38,38039,192 Route Départementale 1090,45.271896,5.868795,Plein jour,En agglomération,Hors intersection,Normale,Deux véhicules - arrière,3,2,2,0,2,1,1,0,1,30,2,2,1,0,0,1,60.0,19.0,deux_roues,voiture,1,2,1,1,2
201900055699,2019-07-11 08:50:00,2019,7,11,8,50,38,38229,Boulevard des Alpes,45.20367,5.77347,Plein jour,En agglomération,Hors intersection,Normale,Deux véhicules - côté,4,2,2,0,1,1,1,0,1,50,2,3,2,0,1,0,45.0,40.0,deux_roues,voiture,1,2,1,1,3
201900055700,2019-07-13 12:30:00,2019,7,13,12,30,15,15092,Départemenatle 49,45.416634,2.543005,Plein jour,Hors agglomération,Intersection en X,Normale,Deux véhicules - côté,3,2,2,0,1,1,1,0,1,70,2,4,2,0,0,2,67.0,62.0,voiture,voiture,1,1,2,1,3
201900055701,2019-07-13 19:45:00,2019,7,13,19,45,15,15205,D35 - PK43+600 sens croissant,45.14129,2.505511,Crépuscule ou aube,Hors agglomération,Hors intersection,Normale,Autre collision,3,2,2,0,2,4,9,9,3,80,1,1,0,0,1,0,23.0,,deux_roues,,2,1,1,1,6
201900055702,2019-07-13 15:50:00,2019,7,13,15,50,1,01229,Route de Bourg,46.312714,5.143757,Plein jour,Hors agglomération,Intersection en X,Normale,Deux véhicules - frontale,3,2,2,0,1,1,1,0,1,80,2,2,1,0,0,1,69.0,29.0,voiture,deux_roues,1,1,2,1,1
201900055703,2019-07-11 17:30:00,2019,7,11,17,30,58,58215,D38,47.282406,2.956343,Plein jour,Hors agglomération,Hors intersection,Normale,Deux véhicules - frontale,3,2,2,0,1,1,9,0,1,80,2,2,0,0,1,1,25.0,77.0,voiture,voiture,1,1,1,1,1
201900055704,2019-07-13 15:45:00,2019,7,13,15,45,58,58301,bourg,46.912901,3.760831,Plein jour,En agglomération,Hors intersection,Normale,Autre collision,3,2,2,0,2,2,1,5,1,50,1,1,0,0,1,0,28.0,,deux_roues,,1,2,1,1,6
201900055705,2019-07-12 17:00:00,2019,7,12,17,0,66,66205,d69,42.802219,2.673268,Plein jour,Hors agglomération,Hors intersection,Normale,Sans collision,3,2,2,0,1,3,1,0,1,80,1,1,0,0,1,0,38.0,,deux_roues,,1,1,1,1,7
201900055706,2019-07-12 19:40:00,2019,7,12,19,40,66,66154,D118,42.66028,2.12685,Crépuscule ou aube,Hors agglomération,Hors intersection,Normale,Sans collision,3,2,2,0,1,4,1,0,1,80,1,1,0,0,0,1,47.0,,deux_roues,,2,1,1,1,7
201900055707,2019-07-10 20:00:00,2019,7,10,20,0,54,54583,Rue de Maron,48.658875,5.980054,Plein jour,En agglomération,Hors intersection,Normale,Sans collision,3,2,2,0,1,1,1,0,1,30,1,1,0,0,1,0,26.0,,deux_roues,,1,2,1,1,7
201900055708,2019-07-11 17:00:00,2019,7,11,17,0,72,72262,La Foctière (Ruillé-sur-Loir),47.749355,0.599609,Plein jour,Hors agglomération,Hors intersection,Normale,Deux véhicules - côté,3,2,2,0,1,1,1,0,1,80,2,2,1,0,0,1,50.0,39.0,deux_roues,voiture,1,1,1,1,3
201900055709,2019-07-13 18:50:00,2019,7,13,18,50,6,06023,Rd 6204 beil sur roya PK 2,43.904636,7.524181,Plein jour,Hors agglomération,Hors intersection,Normale,Trois véhicules et plus - collisions multiples,3,2,2,0,1,1,1,0,1,80,3,6,4,0,2,0,73.0,49.0,voiture,voiture,1,1,1,1,5
201900055710,2019-07-12 18:30:00,2019,7,12,18,30,6,06104,Chemin de la Coupière,43.770427,7.45538,Plein jour,Hors agglomération,Hors intersection,Normale,Deux véhicules - frontale,4,2,2,0,2,3,1,0,1,50,2,2,1,0,1,0,81.0,31.0,voiture,deux_roues,1,1,1,1,1
201900055711,2019-07-12 23:15:00,2019,7,12,23,15,6,06138,avenue de lerins,43.51354,6.937068,Nuit avec éclairage allumé,En agglomération,Hors intersection,Normale,Deux véhicules - frontale,3,2,2,0,1,4,1,0,1,50,2,3,1,0,2,0,28.0,40.0,voiture,deux_roues,5,2,1,1,1
201900055712,2019-07-13 01:05:00,2019,7,13,1,5,14,14471,La gaillardière,48.990602,0.259112,Nuit sans éclairage public,Hors agglomération,Hors intersection,Normale,Autre collision,3,2,2,0,4,3,1,0,3,80,1,1,0,0,0,1,47.0,,voiture,,3,1,1,1,6
201900055713,2019-07-13 15:30:00,2019,7,13,15,30,14,14739,VER SUR MER RD514,49.339925,-0.540906,Plein jour,Hors agglomération,Hors intersection,Normale,Sans collision,3,2,2,0,1,1,1,0,1,80,1,1,0,0,1,0,27.0,,deux_roues,,1,1,1,1,7
201900055714,2019-07-08 11:30:00,2019,7,8,11,30,14,14367,Route Départementale 11,49.229434,-1.050828,Plein jour,Hors agglomération,Hors intersection,Normale,Deux véhicules - arrière,3,2,2,0,1,1,1,0,1,80,2,2,1,0,1,0,18.0,15.0,deux_roues,deux_roues,1,1,1,1,2
201900055715,2019-07-13 05:10:00,2019,7,13,5,10,14,14738,Rue Saint-Manvieu,49.155337,-0.460284,Crépuscule ou aube,Hors agglomération,Intersection en T,Normale,Deux véhicules - arrière,3,2,2,0,4,1,1,0,1,80,2,1,0,0,0,1,58.0,,deux_roues,,2,1,3,1,2
201900055716,2019-07-14 12:15:00,2019,7,14,12,15,50,50109,RD 13 le pont au ferrey,48.912439,-1.445071,Plein jour,Hors agglomération,Hors intersection,Normale,Deux véhicules - frontale,3,2,2,0,2,1,1,0,1,80,2,4,1,0,2,1,72.0,34.0,voiture,deux_roues,1,1,1,1,1
201900055717,2019-07-13 17:00:00,2019,7,13,17,0,50,50523,La Fière,49.404546,-1.353875,Plein jour,Hors agglomération,Hors intersection,Normale,Sans collision,3,2,2,0,1,1,1,0,3,80,1,1,0,0,0,1,28.0,,voiture,,1,1,1,1,7
201900055718,2019-07-12 22:30:00,2019,7,12,22,30,60,60151,Départmentale 81,49.4315695,2.9176208,Nuit sans éclairage public,Hors agglomération,Hors intersection,Normale,Autre collision,3,2,2,0,1,3,1,0,1,80,1,1,0,0,0,1,23.0,,deux_roues,,3,1,1,1,6
201900055719,2019-07-13 00:40:00,2019,7,13,0,40,60,60628,N31,49.4222996,2.1527905,Nuit sans éclairage public,Hors agglomération,Hors intersection,Normale,Autre collision,2,3,2,0,1,1,1,0,1,80,1,1,0,0,1,0,69.0,,voiture,,3,1,1,1,6
201900055720,2019-07-13 09:10:00,2019,7,13,9,10,45,45146,R G BEAUMARIE - R DE LA ROTONDE,47.71884,1.937482,Plein jour,En agglomération,Intersection en X,Temps éblouissant,Deux véhicules - côté,4,2,2,0,1,1,1,0,1,50,2,3,2,0,0,1,51.0,32.0,voiture,voiture,1,2,2,7,3
201900055721,2019-07-12 18:15:00,2019,7,12,18,15,64,64040,Route de Lanne - CD 918,43.1004767,-0.724538,Plein jour,Hors agglomération,Hors intersection,Temps éblouissant,Deux véhicules - frontale,3,2,2,0,1,3,1,0,1,80,2,4,1,1,1,1,16.0,70.0,deux_roues,voiture,1,1,1,7,1
201900055722,2019-07-12 09:55:00,2019,7,12,9,55,73,73159,D202 Villarbet,45.4710523,6.0785374,Plein jour,Hors agglomération,Intersection en X,Normale,Deux véhicules - côté,3,2,2,0,3,1,1,0,1,80,2,2,1,0,0,1,49.0,20.0,deux_roues,voiture,1,1,2,1,3
201900055723,2019-07-14 04:49:00,2019,7,14,4,49,18,18235,RD 955,47.159844,2.523708,Crépuscule ou aube,Hors agglomération,Hors intersection,Normale,Autre collision,3,2,2,0,1,1,1,0,3,80,1,3,1,0,1,1,18.0,,voiture,,2,1,1,1,6
201900055724,2019-07-13 02:30:00,2019,7,13,2,30,18,18166,Rue des Alouettes,47.099157,2.56452,Nuit sans éclairage public,Hors agglomération,Hors intersection,Normale,Sans collision,3,2,2,0,1,1,1,0,8,50,1,2,1,0,0,1,19.0,,voiture,,3,1,1,1,7
201900055725,2019-07-13 23:15:00,2019,7,13,23,15,43,43186,chaudeyrac,44.969032,4.165545,Nuit sans éclairage public,Hors agglomération,Hors intersection,Normale,Autre collision,3,2,2,0,2,1,9,0,8,50,1,2,1,0,1,0,40.0,,voiture,,3,1,1,1,6