accident_id,datetime,annee,mois,jour,heure,minute,departement,commune_insee,adresse,latitude,longitude,luminosite,agglomeration,intersection,meteo,collision,catr,circ,nbv,vosp,prof,plan,surf,infra,situ,vma,nb_vehicules,nb_usagers,nb_indemnes,nb_tues,nb_blesses_hosp,nb_blesses_legers,age_cond_1,age_cond_2,veh_type_cond_1,veh_type_cond_2,lum_code,agg_code,int_code,atm_code,col_code
201900056094,2019-08-19 19:15:00,2019,8,19,19,15,14,14338,LECLERC (RUE DU GAL),49.3,0.076,Plein jour,En agglomération,Intersection en T,Normale,Deux véhicules - frontale,4,1,1,0,1,1,1,0,1,30,2,2,1,0,0,1,86.0,16.0,voiture,deux_roues,1,2,3,1,1
201900056095,2019-08-19 16:25:00,2019,8,19,16,25,14,14167,CD N°  226 A,49.2022,-0.3052,Plein jour,En agglomération,Intersection en X,Normale,Deux véhicules - arrière,3,2,-1,-1,1,1,1,0,1,-1,2,2,0,0,0,2,54.0,25.0,autre,autre,1,2,2,1,2
201900056096,2019-08-19 13:40:00,2019,8,19,13,40,13,13071,ROUTE NATIONALE 368 (PLAN DES PENNES),43.40113,5.2687,Plein jour,Hors agglomération,Hors intersection,Normale,Deux véhicules - côté,3,2,2,0,1,1,1,0,1,80,2,2,0,1,0,1,34.0,28.0,deux_roues,voiture,1,1,1,1,3
201900056097,2019-08-19 12:50:00,2019,8,19,12,50,13,13117,CD20 E,43.445592,5.230936,Plein jour,Hors agglomération,Hors intersection,Normale,Deux véhicules - arrière,3,3,2,0,1,1,1,0,1,80,2,1,0,0,1,0,47.0,,deux_roues,,1,1,1,1,2
201900056098,2019-08-19 17:40:00,2019,8,19,17,40,13,13214,PLOMBIERES (BOULEVARD DES),43.3154938,5.3863738,Plein jour,En agglomération,Hors intersection,Normale,Deux véhicules - arrière,4,3,2,0,1,1,1,0,1,50,2,3,2,0,0,1,20.0,23.0,voiture,voiture,1,2,1,1,2
201900056099,2019-08-19 15:10:00,2019,8,19,15,10,13,13212,AIGUILLETTE (RUE DE L'),43.315555,5.427731,Plein jour,En agglomération,Intersection en X,Normale,Deux véhicules - côté,4,2,2,0,1,1,1,0,1,50,2,3,1,0,0,2,37.0,36.0,voiture,voiture,1,2,2,1,3
201900056100,2019-08-19 03:30:00,2019,8,19,3,30,13,13205,BRUYS (RUE DE),43.29693,5.38876,Nuit avec éclairage allumé,En agglomération,Intersection en X,Normale,Deux véhicules - côté,4,1,1,0,1,1,1,0,1,50,2,2,0,0,0,2,24.0,,voiture,,5,2,2,1,3
201900056101,2019-08-18 05:20:00,2019,8,18,5,20,8,08105,SOUS LES ROCHES CHEMIN,49.78449,4.723135,Nuit sans éclairage public,Hors agglomération,Hors intersection,Normale,Autre collision,3,2,2,0,1,3,1,0,1,80,1,1,0,0,1,0,34.0,,voiture,,3,1,1,1,6
201900056102,2019-08-17 17:37:00,2019,8,17,17,37,3,03095,boulevard du 8 mai 1945,46.1288616,3.4389572,Plein jour,En agglomération,Hors intersection,Normale,Deux véhicules - arrière,4,2,2,0,1,1,1,0,1,50,2,2,1,0,1,0,24.0,66.0,deux_roues,voiture,1,2,1,1,2
201900056103,2019-08-18 16:10:00,2019,8,18,16,10,75,75117,BOULEVARD PERSHING,48.8818519,2.2855592,Plein jour,En agglomération,Intersection en T,Normale,Deux véhicules - côté,4,2,5,0,1,1,1,0,1,50,2,3,2,0,0,1,67.0,42.0,deux_roues,voiture,1,2,3,1,3
201900056104,2019-08-19 20:30:00,2019,8,19,20,30,75,75115,AVENUE EMILE ZOLA,48.846866,2.292393,Crépuscule ou aube,En agglomération,Intersection en X,Normale,Deux véhicules - côté,4,2,2,0,1,1,1,0,1,30,2,2,1,0,0,1,35.0,28.0,voiture,deux_roues,2,2,2,1,3
201900056105,2019-08-19 11:15:00,2019,8,19,11,15,75,75115,RUE DE LA CROIX NIVERT,48.84746,2.300906,Plein jour,En agglomération,Hors intersection,Normale,Autre collision,4,2,3,0,1,1,1,0,1,50,1,2,1,0,0,1,44.0,,voiture,,1,2,1,1,6
201900056106,2019-08-19 14:20:00,2019,8,19,14,20,75,75112,AVENUE DU BEL AIR,48.8433885,2.4206883,Plein jour,En agglomération,Hors intersection,Normale,Deux véhicules - côté,4,2,2,0,1,1,1,0,1,50,2,2,1,0,0,1,26.0,70.0,deux_roues,voiture,1,2,1,1,3
201900056107,2019-08-19 18:15:00,2019,8,19,18,15,75,75111,BOULEVARD VOLTAIRE,48.8553199,2.3842639,Plein jour,En agglomération,Intersection en X,Normale,Sans collision,4,2,2,0,1,1,1,0,1,50,1,3,1,0,0,2,23.0,,transport_commun,,1,2,2,1,7
201900056108,2019-08-19 09:50:00,2019,8,19,9,50,75,75109,BOULEVARD DE MAGENTA,48.8836191,2.3494755,Plein jour,En agglomération,Intersection en X,Normale,Autre collision,4,2,6,1,1,1,1,0,5,50,1,2,1,0,0,1,44.0,,deux_roues,,1,2,2,1,6
201900056109,2019-08-19 00:10:00,2019,8,19,0,10,75,75114,RUE JULES GUESDE,48.836765,2.32076,Nuit avec éclairage allumé,En agglomération,Intersection en X,Normale,Deux véhicules - côté,4,1,1,0,1,1,1,0,1,30,2,2,1,0,0,1,27.0,28.0,voiture,voiture,5,2,2,1,3
201900056110,2019-08-18 17:40:00,2019,8,18,17,40,94,94081,NORIETS (R DES),48.79442,2.37914,Plein jour,En agglomération,Intersection en T,Normale,Deux véhicules - côté,4,1,1,0,1,1,1,0,1,50,2,3,1,0,0,2,36.0,22.0,voiture,deux_roues,1,2,3,1,3
201900056111,2019-08-18 00:05:00,2019,8,18,0,5,94,94052,CHARLES DE GAULLE (GRAND RUE),48.8382,2.49387,Nuit avec éclairage allumé,En agglomération,Intersection en Y,Pluie légère,Deux véhicules - frontale,2,2,4,0,2,2,2,0,1,50,2,5,3,0,0,2,35.0,27.0,voiture,voiture,5,2,4,2,1
201900056112,2019-08-19 18:15:00,2019,8,19,18,15,94,94043,FONTAINEBLEAU (AV DE),48.81498,2.36041,Plein jour,En agglomération,Intersection en T,Normale,Deux véhicules - côté,3,2,2,0,1,1,1,0,1,50,2,1,0,0,0,1,25.0,,deux_roues,,1,2,3,1,3
201900056113,2019-08-18 22:42:00,2019,8,18,22,42,94,94022,JEAN JAURES (R),48.7646416,2.4060702,Nuit avec éclairage allumé,En agglomération,Hors intersection,Normale,Autre collision,3,1,2,0,1,1,1,0,1,30,1,2,1,0,0,1,,,deux_roues,,5,2,1,1,6
201900056114,2019-08-18 03:45:00,2019,8,18,3,45,93,93073,CHAPIT RE ( RUE DU),49.002764,2.53691,Nuit avec éclairage allumé,En agglomération,Autre intersection,Pluie forte,Sans collision,9,1,1,0,2,3,2,0,1,70,1,3,1,0,0,2,39.0,,utilitaire_camion,,5,2,9,3,7
201900056115,2019-08-18 23:10:00,2019,8,18,23,10,93,93048,PASTEUR S2  (AVENUE),48.87042,2.43164,Nuit avec éclairage allumé,En agglomération,Intersection en X,Temps couvert,Deux véhicules - côté,7,4,2,0,1,1,1,0,1,50,2,2,1,0,0,1,21.0,64.0,voiture,voiture,5,2,2,8,3
201900056116,2019-08-19 18:10:00,2019,8,19,18,10,93,93074,COURTRY RUE DE,48.93565,2.602,Plein jour,En agglomération,Hors intersection,Normale,Deux véhicules - frontale,4,2,2,0,1,1,1,0,1,50,2,4,1,0,0,3,42.0,74.0,voiture,voiture,1,2,1,1,1
201900056117,2019-08-19 13:50:00,2019,8,19,13,50,93,93031,MARNE (AVENUE DE LA),48.95277,2.32754,Plein jour,En agglomération,Intersection en X,Normale,Deux véhicules - côté,4,2,2,0,1,1,1,5,1,50,2,2,1,0,0,1,23.0,43.0,voiture,voiture,1,2,2,1,3
201900056118,2019-08-18 22:30:00,2019,8,18,22,30,93,93046,ROSNY ALLEE DE,48.904128,2.513599,Nuit avec éclairage allumé,En agglomération,Autre intersection,Normale,Autre collision,4,3,2,0,2,1,1,0,1,30,1,1,0,0,0,1,31.0,,deux_roues,,5,2,9,1,6
201900056119,2019-08-19 18:55:00,2019,8,19,18,55,93,93001,SAINT GOBAIN (RUE DE),48.9122,2.3726,Plein jour,Hors agglomération,Hors intersection,Normale,Autre collision,9,-1,1,0,1,1,1,0,1,30,1,2,1,0,0,1,66.0,,voiture,,1,1,1,1,6
201900056120,2019-08-18 08:10:00,2019,8,18,8,10,92,92046,Charles de gaulle,48.8197,2.2957,Plein jour,En agglomération,Hors intersection,Pluie légère,Autre collision,3,3,4,0,1,1,2,0,1,50,1,1,0,0,0,1,34.0,,voiture,,1,2,1,2,6
201900056121,2019-08-17 13:15:00,2019,8,17,13,15,92,92036,BONGARDE (RUE DE LA) (35/107),48.924891,2.325472,Plein jour,En agglomération,Intersection en X,Normale,Autre collision,4,2,-1,0,1,1,1,0,1,50,1,2,1,0,0,1,37.0,,utilitaire_camion,,1,2,2,1,6
201900056122,2019-08-16 18:10:00,2019,8,16,18,10,92,92023,GENERAL DE GAULLE (AVENUE DU),48.78508,2.25036,Plein jour,En agglomération,Hors intersection,Normale,Autre collision,3,1,1,1,1,1,1,9,1,10,1,3,2,1,0,0,31.0,,utilitaire_camion,,1,2,1,1,6
201900056123,2019-08-19 01:40:00,2019,8,19,1,40,22,22035,337 LA VILLE GROMIL,48.412422,-1.981952,Nuit sans éclairage public,En agglomération,Hors intersection,Normale,Sans collision,4,2,2,0,1,3,1,0,3,50,1,1,0,0,1,0,22.0,,voiture,,3,2,1,1,7
201900056124,2019-08-19 19:10:00,2019,8,19,19,10,47,47246,d107,44.245776,0.544146,Plein jour,Hors agglomération,Hors intersection,Pluie légère,Deux véhicules - frontale,3,2,2,0,2,3,2,0,1,70,2,2,1,0,1,0,18.0,69.0,voiture,voiture,1,1,1,2,1
201900056125,2019-08-17 17:50:00,2019,8,17,17,50,87,87125,Avenue du 14 Juillet,45.900485,1.313588,Plein jour,En agglomération,Hors intersection,Normale,Deux véhicules - côté,3,2,2,0,1,1,1,0,1,50,2,3,2,0,1,0,77.0,57.0,voiture,voiture,1,2,1,1,3
201900056126,2019-08-19 17:10:00,2019,8,19,17,10,2,02124,A26,49.746817,3.393153,Plein jour,Hors agglomération,Hors intersection,Normale,Deux véhicules - arrière,1,3,4,0,1,1,1,0,1,130,2,2,1,0,0,1,33.0,50.0,voiture,voiture,1,1,1,1,2
201900056127,2019-07-13 15:05:00,2019,7,13,15,5,2A,2A362,D368,41.7519639,9.1838877,Plein jour,Hors agglomération,Hors intersection,Normale,Sans collision,3,2,2,0,1,3,9,0,1,80,1,1,0,0,1,0,44.0,,deux_roues,,1,1,1,1,7
201900056128,2019-07-14 01:25:00,2019,7,14,1,25,2A,2A254,criviccia,41.7659957,9.1386777,Nuit sans éclairage public,Hors agglomération,Hors intersection,Normale,Autre collision,3,2,2,0,1,3,1,2,8,80,1,2,0,0,0,2,20.0,,deux_roues,,3,1,1,1,6
201900056129,2019-08-20 16:00:00,2019,8,20,16,0,71,71448,A6 PK 380+100 sens Lyon-Paris,46.375509,4.843277,Plein jour,Hors agglomération,Hors intersection,Temps couvert,Deux véhicules - côté,1,1,5,0,1,1,2,0,1,130,2,3,2,1,0,0,75.0,45.0,deux_roues,voiture,1,1,1,8,3
201900056130,2019-08-19 07:40:00,2019,8,19,7,40,10,10191,D610,48.32,4.08,Plein jour,Hors agglomération,Hors intersection,Normale,Deux véhicules - arrière,3,1,4,0,1,1,1,0,1,110,2,2,0,0,1,1,20.0,54.0,voiture,utilitaire_camion,1,1,1,1,2
201900056131,2019-08-18 17:40:00,2019,8,18,17,40,63,63100,RD231 PR 0+300,46.020152,2.893016,Plein jour,Hors agglomération,Hors intersection,Normale,Sans collision,3,2,2,0,2,1,1,0,1,80,1,1,0,0,1,0,32.0,,deux_roues,,1,1,1,1,7
201900056132,2019-08-20 14:30:00,2019,8,20,14,30,83,83070,Boulevard de l'Hubac du Bleu,43.159079,6.432396,Plein jour,En agglomération,Hors intersection,Temps éblouissant,Deux véhicules - arrière,4,2,2,0,2,3,1,0,1,50,2,2,0,0,0,2,66.0,34.0,deux_roues,deux_roues,1,2,1,7,2
201900056133,2019-08-19 18:40:00,2019,8,19,18,40,974,97413,Rue du Général Lambert,-21.168325,55.28788,Crépuscule ou aube,En agglomération,Intersection en T,Normale,Deux véhicules - frontale,2,2,2,0,1,1,1,0,1,50,2,2,1,0,1,0,23.0,25.0,deux_roues,voiture,2,2,3,1,1
201900056134,2019-08-19 20:20:00,2019,8,19,20,20,62,62773,Rue de Neufchâtel,50.635467,1.735855,Plein jour,En agglomération,Hors intersection,Normale,Autre collision,3,2,2,0,4,2,1,0,8,50,1,5,0,1,2,2,35.0,,voiture,,1,2,1,1,6
201900056135,2019-08-19 12:45:00,2019,8,19,12,45,56,56251,Rond-point de Saint Léonard,47.64799,-2.70424,Plein jour,Hors agglomération,Giratoire,Normale,Deux véhicules - côté,4,-1,1,0,1,3,1,5,1,50,2,2,1,0,0,1,17.0,34.0,deux_roues,voiture,1,1,6,1,3
201900056136,2019-08-20 20:30:00,2019,8,20,20,30,59,59094,D11,50.926883,2.236989,Plein jour,Hors agglomération,Hors intersection,Normale,Sans collision,3,2,2,0,1,1,1,0,8,70,1,1,0,0,1,0,26.0,,deux_roues,,1,1,1,1,7
201900056137,2019-08-20 17:55:00,2019,8,20,17,55,80,80410,D930,49.762247,3.079892,Plein jour,Hors agglomération,Hors intersection,Normale,Deux véhicules - côté,3,2,2,0,1,1,1,0,5,-1,2,2,1,0,1,0,18.0,55.0,deux_roues,utilitaire_camion,1,1,1,1,3
201900056138,2019-08-19 23:00:00,2019,8,19,23,0,63,63372,D224,45.9058747,3.3008337,Nuit sans éclairage public,Hors agglomération,Hors intersection,Normale,Sans collision,3,-1,2,0,1,2,1,0,8,80,1,1,0,0,1,0,21.0,,voiture,,3,1,1,1,7
201900056139,2019-08-19 21:45:00,2019,8,19,21,45,63,63426,CD 922,45.545853,2.621769,Nuit sans éclairage public,Hors agglomération,Hors intersection,Normale,Sans collision,3,2,3,0,2,1,1,0,1,80,1,2,1,0,0,1,21.0,,voiture,,3,1,1,1,7
201900056140,2019-08-17 17:40:00,2019,8,17,17,40,61,61431,D386,48.571319,-0.413469,Plein jour,Hors agglomération,Intersection en Y,Normale,Deux véhicules - arrière,3,2,2,0,1,1,1,0,1,80,2,4,3,0,1,0,31.0,46.0,voiture,voiture,1,1,4,1,2
201900056141,2019-08-18 17:45:00,2019,8,18,17,45,39,39441,,46.456181,6.063824,Plein jour,Hors agglomération,Hors intersection,Normale,Sans collision,3,2,2,0,2,4,1,0,1,70,1,2,1,0,0,1,64.0,,deux_roues,,1,1,1,1,7
201900056142,2019-08-19 19:30:00,2019,8,19,19,30,25,25381,RD108 PK 12+00,47.279262,5.979624,Plein jour,Hors agglomération,Intersection en X,Normale,Deux véhicules - côté,3,2,2,0,2,2,1,5,1,70,2,3,1,0,1,1,78.0,21.0,voiture,voiture,1,1,2,1,3
201900056143,2019-08-19 12:30:00,2019,8,19,12,30,3,03105,les Charpes,46.2177836,3.7210363,Plein jour,Hors agglomération,Hors intersection,Normale,Sans collision,4,2,2,0,1,3,1,0,3,80,1,1,0,0,1,0,22.0,,deux_roues,,1,1,1,1,7
201900056144,2019-08-19 15:30:00,2019,8,19,15,30,15,15045,D13,44.865678,3.014051,Plein jour,Hors agglomération,Hors intersection,Normale,Sans collision,3,2,2,0,2,2,1,0,8,80,1,1,0,0,1,0,23.0,,utilitaire_camion,,1,1,1,1,7
201900056145,2019-08-18 17:30:00,2019,8,18,17,30,15,15113,D17,45.060681,2.670493,Plein jour,Hors agglomération,Hors intersection,Normale,Sans collision,3,2,2,0,2,2,1,0,1,-1,1,2,1,0,0,1,27.0,,deux_roues,,1,1,1,1,7
201900056146,2019-08-17 16:29:00,2019,8,17,16,29,70,70460,D 136,47.859467,6.488151,Plein jour,Hors agglomération,Hors intersection,Pluie légère,Sans collision,3,2,2,0,2,2,2,0,3,80,1,1,0,0,1,0,43.0,,deux_roues,,1,1,1,2,7
201900056147,2019-08-20 05:30:00,2019,8,20,5,30,26,26178,D181 Route de RECOUBEAU,44.666627,5.428438,Nuit sans éclairage public,Hors agglomération,Hors intersection,Normale,Deux véhicules - côté,3,2,2,0,1,1,2,0,1,70,2,2,0,0,1,1,19.0,29.0,voiture,deux_roues,3,1,1,1,3
201900056148,2019-08-18 23:05:00,2019,8,18,23,5,26,26166,3055 Boulevard Frédéric Mistral,44.753388,4.817623,Nuit sans éclairage public,En agglomération,Intersection en T,Normale,Deux véhicules - côté,2,2,2,0,1,2,1,0,3,50,2,2,1,0,0,1,28.0,43.0,utilitaire_camion,voiture,3,2,3,1,3
201900056149,2019-08-19 16:30:00,2019,8,19,16,30,58,58301,75 Le Mousseau,46.911206,3.771267,Plein jour,Hors agglomération,Hors intersection,Normale,Trois véhicules et plus - collisions multiples,3,2,2,0,1,3,1,0,1,80,3,6,3,0,1,2,62.0,38.0,voiture,voiture,1,1,1,1,5
201900056150,2019-08-16 08:00:00,2019,8,16,8,0,54,54426,RD 121,48.643423,5.936688,Plein jour,Hors agglomération,Hors intersection,Normale,Deux véhicules - côté,3,2,2,0,1,3,1,0,1,50,2,2,1,0,1,0,21.0,83.0,voiture,autre,1,1,1,1,3
201900056151,2019-08-15 01:38:00,2019,8,15,1,38,64,64425,Quartier de Laharanne,43.3773574,-1.1362468,Nuit sans éclairage public,Hors agglomération,Hors intersection,Normale,Sans collision,3,2,2,0,1,2,1,2,8,80,1,1,0,1,0,0,35.0,,deux_roues,,3,1,1,1,7
201900056152,2019-08-19 04:35:00,2019,8,19,4,35,73,73298,RN 90,45.654942,6.4331491,Nuit sans éclairage public,Hors agglomération,Hors intersection,Pluie forte,Autre collision,2,3,4,0,1,1,2,0,2,110,1,4,3,0,1,0,40.0,,voiture,,3,1,1,3,6
201900056153,2019-08-17 16:00:00,2019,8,17,16,0,18,18237,D23,47.076892,2.162805,Plein jour,Hors agglomération,Hors intersection,Normale,Sans collision,3,2,2,0,1,1,1,0,3,80,1,1,0,0,1,0,70.0,,deux_roues,,1,1,1,1,7
201900056154,2019-08-19 11:15:00,2019,8,19,11,15,10,10359,N77,48.134933,3.990944,Plein jour,Hors agglomération,Hors intersection,Normale,Deux véhicules - côté,2,2,2,0,1,1,1,0,1,80,2,4,2,0,0,2,69.0,35.0,voiture,voiture,1,1,1,1,3
201900056155,2019-08-14 17:00:00,2019,8,14,17,0,10,10104,rd444,48.160223,4.128381,Plein jour,Hors agglomération,Hors intersection,Normale,Sans collision,3,2,1,0,2,3,9,0,1,80,1,2,0,0,2,0,45.0,,deux_roues,,1,1,1,1,7
201900056156,2019-08-19 17:30:00,2019,8,19,17,30,85,85280,D119,46.85814,-2.01192,Plein jour,Hors agglomération,Intersection en X,Normale,Deux véhicules - côté,3,2,2,0,1,1,1,5,1,80,2,10,8,0,1,1,19.0,87.0,voiture,voiture,1,1,2,1,3
201900056157,2019-08-19 18:30:00,2019,8,19,18,30,28,28391,route départementale 2020,48.197797,1.929822,Plein jour,Hors agglomération,Hors intersection,Normale,Deux véhicules - arrière,3,1,3,0,1,1,1,0,1,80,2,4,2,0,1,1,56.0,57.0,voiture,utilitaire_camion,1,1,1,1,2
201900056158,2019-08-17 15:45:00,2019,8,17,15,45,17,17434,RD 114,46.083085,-0.753016,Plein jour,Hors agglomération,Hors intersection,Normale,Deux véhicules - frontale,3,2,2,0,1,1,1,0,1,80,2,3,1,0,1,1,46.0,47.0,voiture,voiture,1,1,1,1,1
201900056159,2019-08-16 10:00:00,2019,8,16,10,0,87,87059,D675,46.214579,1.081304,Plein jour,En agglomération,Hors intersection,Normale,Deux véhicules - frontale,3,2,2,0,1,3,1,0,1,50,2,3,2,0,1,0,19.0,50.0,voiture,deux_roues,1,2,1,1,1
201900056160,2019-08-19 07:50:00,2019,8,19,7,50,37,37267,carrefour route départementale 85 et chemin communal 4,47.358901,0.804481,Plein jour,Hors agglomération,Intersection en X,Temps éblouissant,Deux véhicules - frontale,3,2,2,0,1,1,1,5,1,-1,2,2,0,0,0,2,50.0,57.0,voiture,voiture,1,1,2,7,1
201900056161,2019-08-17 05:30:00,2019,8,17,5,30,49,49022,A87,47.310799,-0.607168,Nuit avec éclairage non allumé,Hors agglomération,Hors intersection,Pluie légère,Trois véhicules et plus - collisions multiples,1,3,4,0,2,1,2,2,1,110,3,8,4,0,0,4,26.0,36.0,voiture,voiture,4,1,1,2,5
201900056162,2019-08-17 17:00:00,2019,8,17,17,0,13,13050,RD7N - CHEMIN DE ST MARC,43.653141,5.260691,Plein jour,Hors agglomération,Autre intersection,Normale,Deux véhicules - côté,3,2,2,0,1,1,1,0,1,80,2,3,1,0,0,2,53.0,49.0,voiture,voiture,1,1,9,1,3
201900056163,2019-08-19 22:55:00,2019,8,19,22,55,13,13044,D569,43.6177359,5.0140141,Nuit sans éclairage public,Hors agglomération,Hors intersection,Normale,Deux véhicules - frontale,2,2,2,0,1,1,1,0,1,80,2,2,0,0,2,0,61.0,27.0,voiture,voiture,3,1,1,1,1
201900056164,2019-08-18 10:30:00,2019,8,18,10,30,42,42106,Autoroute A89 - PK 469+450,45.869917,3.946054,Plein jour,Hors agglomération,Hors intersection,Normale,Sans collision,1,3,4,3,1,2,1,0,8,110,1,5,1,0,0,4,46.0,,voiture,,1,1,1,1,7
201900056165,2019-08-19 08:30:00,2019,8,19,8,30,34,34116,D102,43.651326,3.780336,Plein jour,Hors agglomération,Hors intersection,Pluie légère,Sans collision,3,2,2,0,2,2,2,0,3,70,1,1,0,0,1,0,54.0,,voiture,,1,1,1,2,7
201900056166,2019-08-19 20:10:00,2019,8,19,20,10,78,78431,15 Rue de la Vallée Maria,48.933699,1.945438,Crépuscule ou aube,Hors agglomération,Hors intersection,Normale,Autre collision,4,2,2,0,2,3,1,0,4,50,1,1,0,0,1,0,52.0,,deux_roues,,2,1,1,1,6
201900056167,2019-08-18 22:00:00,2019,8,18,22,0,976,97606,Quartier Lotissement,-12.919737,45.15667,Nuit avec éclairage allumé,En agglomération,Hors intersection,Normale,Autre collision,4,-1,1,0,2,1,1,0,1,50,1,2,1,1,0,0,43.0,,voiture,,5,2,1,1,6
201900056168,2019-08-19 23:09:00,2019,8,19,23,9,57,57303,Autoroute A31,49.202964,6.175759,Nuit sans éclairage public,Hors agglomération,Hors intersection,Normale,Autre collision,1,1,1,0,1,2,1,3,1,70,1,1,0,0,1,0,23.0,,deux_roues,,3,1,1,1,6
201900056169,2019-08-20 08:40:00,2019,8,20,8,40,60,60533,Aire de repos - EST - A1,49.5229343,2.7225514,Plein jour,Hors agglomération,Autre intersection,Normale,Deux véhicules - côté,6,-1,-1,0,1,1,1,9,1,50,2,2,1,0,0,1,43.0,24.0,voiture,voiture,1,1,9,1,3
201900056170,2019-08-20 10:00:00,2019,8,20,10,0,988,98808,Tribu de Nédivin,-21.28737,165.55961,Plein jour,Hors agglomération,Hors intersection,Normale,Sans collision,2,2,2,0,1,2,1,0,3,110,1,4,2,1,1,0,47.0,,voiture,,1,1,1,1,7
201900056171,2019-08-20 14:05:00,2019,8,20,14,5,974,97418,Rue André Lardy,-20.89778,55.533525,Plein jour,En agglomération,Intersection en Y,Normale,Deux véhicules - côté,4,2,2,0,2,1,1,0,1,50,2,2,1,0,1,0,31.0,18.0,utilitaire_camion,deux_roues,1,2,4,1,3
201900056172,2019-08-19 11:35:00,2019,8,19,11,35,978,97801,Rue de Friar's Bay,18.086014,-63.077555,Plein jour,En agglomération,Intersection en X,Normale,Autre collision,9,2,2,0,1,1,1,0,1,50,1,1,0,0,1,0,43.0,,deux_roues,,1,2,2,1,6
201900056173,2019-08-19 20:30:00,2019,8,19,20,30,971,97114,RN1,16.144985,-61.582809,Nuit avec éclairage allumé,Hors agglomération,Hors intersection,Normale,Sans collision,2,3,2,0,2,1,1,5,1,90,1,1,0,0,1,0,28.0,,deux_roues,,5,1,1,1,7
201900056174,2019-08-18 19:25:00,2019,8,18,19,25,77,77420,Route Nationale 2 77230 SAINT MARD,49.0443041,2.6893679,Plein jour,Hors agglomération,Hors intersection,Normale,Autre collision,2,3,4,0,4,1,1,0,2,110,1,2,1,0,1,0,25.0,,utilitaire_camion,,1,1,1,1,6
201900056175,2019-08-17 21:25:00,2019,8,17,21,25,78,78310,RN 12 Sens Province / Paris PK 61.500,48.782021,1.600864,Nuit sans éclairage public,Hors agglomération,Hors intersection,Pluie légère,Deux véhicules - côté,2,3,4,0,1,1,2,0,1,110,2,6,2,0,1,3,25.0,23.0,voiture,voiture,3,1,1,2,3
201900056176,2019-08-18 16:00:00,2019,8,18,16,0,2B,2B182,RT 30,42.637913,8.985251,Plein jour,Hors agglomération,Hors intersection,Normale,Deux véhicules - côté,2,2,2,0,1,1,1,0,1,80,2,4,2,0,1,1,78.0,49.0,voiture,voiture,1,1,1,1,3
201900056177,2019-08-18 16:50:00,2019,8,18,16,50,2B,2B168,Ballaccia Sottana,42.630494,8.947464,Plein jour,En agglomération,Hors intersection,Normale,Sans collision,4,2,2,0,1,1,1,0,1,50,1,1,0,0,1,0,35.0,,deux_roues,,1,2,1,1,7
201900056178,2019-08-20 04:15:00,2019,8,20,4,15,2A,2A041,D58,41.387826,9.177909,Nuit sans éclairage public,Hors agglomération,Hors intersection,Normale,Deux véhicules - frontale,3,2,2,0,2,1,1,0,1,80,2,2,1,0,1,0,49.0,32.0,utilitaire_camion,deux_roues,3,1,1,1,1
201900056179,2019-08-19 08:15:00,2019,8,19,8,15,13,13066,D7n,43.873331,4.914551,Plein jour,Hors agglomération,Intersection en T,Normale,Deux véhicules - côté,3,2,2,0,1,1,1,0,1,80,2,2,0,0,1,1,44.0,61.0,deux_roues,voiture,1,1,3,1,3
201900056180,2019-08-17 18:30:00,2019,8,17,18,30,68,68334,85 R: Kléber 68800,47.801847,7.101881,Plein jour,En agglomération,Hors intersection,Temps couvert,Sans collision,3,2,2,0,2,1,1,0,1,50,1,1,0,0,0,1,69.0,,voiture,,1,2,1,8,7
201900056181,2019-08-18 10:05:00,2019,8,18,10,5,74,74155,D22,46.282489,6.520466,Plein jour,En agglomération,Intersection en X,Normale,Deux véhicules - côté,3,2,2,0,2,1,1,0,1,50,2,4,3,0,0,1,67.0,20.0,deux_roues,voiture,1,2,2,1,3
201900056182,2019-08-17 19:35:00,2019,8,17,19,35,26,26072,440 route de Claveyson,45.117223,4.896649,Plein jour,Hors agglomération,Hors intersection,Normale,Autre collision,3,2,-1,-1,1,3,1,0,8,80,1,1,0,0,1,0,32.0,,voiture,,1,1,1,1,6
201900056183,2019-08-01 16:40:00,2019,8,1,16,40,24,24022,départementale 29,44.849386,0.80121,Plein jour,Hors agglomération,Hors intersection,Normale,Deux véhicules - frontale,3,2,2,0,1,1,1,0,1,80,2,3,2,0,1,0,64.0,77.0,voiture,voiture,1,1,1,1,1
201900056184,2019-08-19 13:10:00,2019,8,19,13,10,14,14658,D524,48.840448,-0.991873,Plein jour,Hors agglomération,Hors intersection,Normale,Deux véhicules - arrière,3,2,2,0,2,1,1,8,1,80,2,3,2,0,1,0,28.0,83.0,utilitaire_camion,voiture,1,1,1,1,2
201900056185,2019-08-20 00:00:00,2019,8,20,0,0,14,14040,le Pont Roch,49.266497,-0.744669,Nuit sans éclairage public,Hors agglomération,Hors intersection,Normale,Sans collision,3,2,2,0,2,2,1,0,1,80,1,1,0,0,1,0,23.0,,voiture,,3,1,1,1,7
201900056186,2019-08-20 14:00:00,2019,8,20,14,0,56,56023,Kerberhuët,47.692567,-3.006914,Plein jour,Hors agglomération,Intersection en T,Normale,Sans collision,3,2,2,0,1,1,9,0,1,80,1,1,0,0,0,1,32.0,,deux_roues,,1,1,3,1,7