accident_id,datetime,annee,mois,jour,heure,minute,departement,commune_insee,adresse,latitude,longitude,luminosite,agglomeration,intersection,meteo,collision,catr,circ,nbv,vosp,prof,plan,surf,infra,situ,vma,nb_vehicules,nb_usagers,nb_indemnes,nb_tues,nb_blesses_hosp,nb_blesses_legers,age_cond_1,age_cond_2,veh_type_cond_1,veh_type_cond_2,lum_code,agg_code,int_code,atm_code,col_code
201900056187,2019-08-18 10:45:00,2019,8,18,10,45,29,29198,Coatiguinou,48.584195,-4.281803,Plein jour,Hors agglomération,Hors intersection,Normale,Deux véhicules - arrière,3,2,2,0,1,1,1,0,1,80,2,2,1,0,1,0,72.0,74.0,deux_roues,deux_roues,1,1,1,1,2
201900056188,2019-08-19 15:25:00,2019,8,19,15,25,27,27203,RD 181,49.043277,1.407809,Plein jour,Hors agglomération,Intersection en T,Normale,Deux véhicules - côté,3,2,1,0,1,1,1,5,1,80,2,4,3,0,0,1,68.0,18.0,voiture,voiture,1,1,3,1,3
201900056189,2019-08-19 17:15:00,2019,8,19,17,15,33,33096,AUTOROUTE A10,44.89811,-0.49544,Plein jour,Hors agglomération,Hors intersection,Normale,Trois véhicules et plus - en chaîne,1,-1,8,0,1,1,1,2,1,90,3,5,2,0,0,3,54.0,30.0,voiture,voiture,1,1,1,1,4
201900056190,2019-08-19 16:10:00,2019,8,19,16,10,33,33167,ROUTE NATIONALE 230,44.82217,-0.5145,Plein jour,Hors agglomération,Hors intersection,Normale,Deux véhicules - arrière,2,3,6,0,2,2,1,0,1,90,2,2,1,0,0,1,40.0,41.0,utilitaire_camion,utilitaire_camion,1,1,1,1,2
201900056191,2019-08-19 00:15:00,2019,8,19,0,15,33,33397,AUTOROUTE A 10,44.908207,-0.48933,Nuit avec éclairage allumé,Hors agglomération,Hors intersection,Pluie légère,Autre collision,1,1,2,0,1,3,2,3,1,70,1,2,1,0,0,1,22.0,,voiture,,5,1,1,2,6
201900056192,2019-08-18 06:00:00,2019,8,18,6,0,94,94065,AUTOROUTE A86,48.7548,2.3484,Nuit sans éclairage public,Hors agglomération,Hors intersection,Normale,Deux véhicules - arrière,1,1,1,0,4,3,2,3,1,50,2,4,1,0,0,3,35.0,22.0,voiture,voiture,3,1,1,1,2
201900056193,2019-08-18 01:50:00,2019,8,18,1,50,91,91161,AUTOROUTE A126,48.7079,2.30606,Nuit sans éclairage public,Hors agglomération,Hors intersection,Pluie légère,Sans collision,1,1,1,0,2,3,2,0,3,50,1,2,1,0,0,1,,,,,3,1,1,2,7
201900056194,2019-08-19 00:30:00,2019,8,19,0,30,92,92036,A86,48.9356,2.2623,Nuit avec éclairage allumé,Hors agglomération,Hors intersection,Normale,Trois véhicules et plus - en chaîne,1,1,2,0,1,3,1,9,1,90,4,9,8,0,0,1,48.0,25.0,voiture,voiture,5,1,1,1,4
201900056195,2019-08-18 22:00:00,2019,8,18,22,0,92,92064,A13,48.8395738,2.2129393,Nuit avec éclairage allumé,Hors agglomération,Hors intersection,Normale,Deux véhicules - arrière,1,1,3,0,2,1,1,1,1,70,2,3,1,0,0,2,21.0,28.0,voiture,voiture,5,1,1,1,2
201900056196,2019-08-18 18:01:00,2019,8,18,18,1,78,78029,A13Y,48.967936,1.858032,Plein jour,Hors agglomération,Hors intersection,Normale,Deux véhicules - arrière,1,1,3,0,1,1,1,0,1,130,2,4,3,0,0,1,64.0,37.0,voiture,voiture,1,1,1,1,2
201900056197,2019-08-18 13:00:00,2019,8,18,13,0,92,92036,A86,48.9370001,2.3180011,Plein jour,Hors agglomération,Hors intersection,Pluie légère,Autre collision,1,3,8,0,1,2,2,0,1,90,1,2,1,0,0,1,43.0,,voiture,,1,1,1,2,6
201900056198,2019-08-18 12:40:00,2019,8,18,12,40,92,92036,A15,48.9472531,2.2819062,Plein jour,Hors agglomération,Hors intersection,Normale,Autre collision,1,3,8,0,3,3,2,2,1,110,1,1,0,0,0,1,27.0,,voiture,,1,1,1,1,6
201900056199,2019-08-18 10:05:00,2019,8,18,10,5,93,93027,BDL,48.92641,2.40285,Plein jour,Hors agglomération,Hors intersection,Pluie forte,Autre collision,1,1,2,0,4,2,2,2,1,50,1,1,0,0,0,1,53.0,,voiture,,1,1,1,3,6
201900056200,2019-08-17 17:45:00,2019,8,17,17,45,95,95488,AUTOROUTE A15,49.02385,2.13319,Plein jour,Hors agglomération,Hors intersection,Pluie légère,Autre collision,1,3,6,0,1,1,2,0,1,110,1,1,0,0,0,1,25.0,,voiture,,1,1,1,2,6
201900056201,2019-08-19 13:00:00,2019,8,19,13,0,94,94017,A4,48.82987,2.48387,Plein jour,Hors agglomération,Hors intersection,Normale,Sans collision,1,1,4,0,1,3,1,0,1,90,1,1,0,0,0,1,45.0,,utilitaire_camion,,1,1,1,1,7
201900056202,2019-08-18 07:50:00,2019,8,18,7,50,77,77249,RN104,48.75286,2.61442,Plein jour,Hors agglomération,Hors intersection,Pluie légère,Autre collision,2,3,2,0,1,1,2,0,3,110,1,2,0,0,0,2,21.0,,voiture,,1,1,1,2,6
201900056203,2019-06-19 08:55:00,2019,6,19,8,55,91,91657,PIERRE MARIN (RUE),48.69939,2.41708,Plein jour,En agglomération,Hors intersection,Normale,Deux véhicules - arrière,4,1,2,0,2,1,1,0,1,50,2,2,1,0,0,1,44.0,60.0,voiture,deux_roues,1,2,1,1,2
201900056204,2019-08-18 13:10:00,2019,8,18,13,10,974,97416,L'ENTRE DEUX(ROUTE DE),-21.298326,55.438235,Plein jour,En agglomération,Hors intersection,Normale,Sans collision,3,2,2,0,1,1,1,0,1,70,1,1,0,0,0,1,27.0,,deux_roues,,1,2,1,1,7
201900056205,2019-08-18 21:10:00,2019,8,18,21,10,69,69388,PAUL CAZENEUVE                      (R ),45.73899,4.86654,Nuit avec éclairage allumé,En agglomération,Intersection en X,Pluie légère,Deux véhicules - frontale,9,3,4,1,1,1,2,0,1,50,2,2,1,0,0,1,21.0,28.0,deux_roues,voiture,5,2,2,2,1
201900056206,2019-08-17 11:55:00,2019,8,17,11,55,972,97213,ROUTE DEPARTEMENTALE 3,14.649082,-60.98882,Plein jour,Hors agglomération,Hors intersection,Normale,Deux véhicules - côté,3,2,2,0,1,3,1,0,1,50,2,5,0,0,0,5,57.0,28.0,utilitaire_camion,autre,1,1,1,1,3
201900056207,2019-08-18 17:58:00,2019,8,18,17,58,2A,2A004,ASPRETTO ROUTE,41.93085,8.75706,Plein jour,En agglomération,Hors intersection,Normale,Deux véhicules - arrière,2,3,2,0,3,3,1,0,1,50,2,2,1,0,0,1,53.0,20.0,voiture,voiture,1,2,1,1,2
201900056208,2019-08-18 18:25:00,2019,8,18,18,25,2A,2A004,AVENUE DU DOCTEUR NOEL FRANCHINI,41.9360058,8.7534975,Plein jour,En agglomération,Hors intersection,Normale,Deux véhicules - côté,2,2,2,0,1,1,1,0,1,50,2,2,1,0,0,1,58.0,26.0,voiture,deux_roues,1,2,1,1,3
201900056209,2019-08-17 15:50:00,2019,8,17,15,50,91,91201,HENRI BARBUSSE(BOULEVARD),48.68731,2.40922,Plein jour,En agglomération,Hors intersection,Pluie légère,Deux véhicules - arrière,3,2,2,0,1,1,2,0,3,50,2,4,3,0,0,1,30.0,27.0,voiture,voiture,1,2,1,2,2
201900056210,2019-08-17 11:00:00,2019,8,17,11,0,74,74281,GENEVE (AVE DE) JUSQUE CROISEE ANTHY,46.3521349,6.4396622,Plein jour,Hors agglomération,Hors intersection,Normale,Trois véhicules et plus - collisions multiples,3,2,2,0,2,2,1,2,1,70,3,3,1,0,0,2,65.0,64.0,voiture,voiture,1,1,1,1,5
201900056211,2019-08-14 18:15:00,2019,8,14,18,15,73,73011,PIQUAND (RUE EDOUARD),45.6777795,6.3820492,Plein jour,En agglomération,Hors intersection,Temps éblouissant,Deux véhicules - arrière,4,2,2,1,2,1,1,0,1,50,2,2,0,0,0,2,16.0,60.0,deux_roues,deux_roues,1,2,1,7,2
201900056212,2019-08-18 17:00:00,2019,8,18,17,0,69,69256,DROITS DE L'HOMME (DES)             (R ),45.76041,4.93383,Plein jour,En agglomération,Hors intersection,Normale,Deux véhicules - côté,4,2,4,0,1,1,1,5,1,50,2,6,4,0,0,2,79.0,54.0,voiture,voiture,1,2,1,1,3
201900056213,2019-08-18 11:50:00,2019,8,18,11,50,64,64189,JAURES JEAN  (AVENUE),43.38339,-1.66749,Plein jour,En agglomération,Hors intersection,Normale,Deux véhicules - arrière,4,2,2,0,1,1,1,0,1,50,2,2,1,0,0,1,55.0,67.0,voiture,deux_roues,1,2,1,1,2
201900056214,2019-08-18 01:50:00,2019,8,18,1,50,51,51454,AVENUE DU MARECHAL JUIN,49.2245,4.0179,Nuit avec éclairage allumé,En agglomération,Hors intersection,Pluie légère,Sans collision,4,3,0,0,1,1,2,0,1,50,1,2,1,0,0,1,25.0,,voiture,,5,2,1,2,7
201900056215,2019-08-17 11:10:00,2019,8,17,11,10,45,45298,PLACE CLOVIS,47.8798,1.87042,Plein jour,En agglomération,Hors intersection,Pluie forte,Deux véhicules - côté,4,2,2,0,1,1,2,0,1,50,2,2,1,0,0,1,30.0,51.0,voiture,voiture,1,2,1,3,3
201900056216,2019-08-18 03:02:00,2019,8,18,3,2,41,41018,VERDUN (AVENUE DE),47.59743,1.34948,Nuit avec éclairage allumé,En agglomération,Hors intersection,Normale,Sans collision,4,2,2,0,3,3,2,0,1,50,1,2,0,0,0,2,46.0,,voiture,,5,2,1,1,7
201900056217,2019-08-18 21:20:00,2019,8,18,21,20,37,37122,DOMAINE (RUE DU),47.35833,0.68949,Nuit sans éclairage public,En agglomération,Hors intersection,Normale,Deux véhicules - frontale,4,2,2,0,1,3,1,0,1,30,2,2,1,0,0,1,61.0,28.0,voiture,deux_roues,3,2,1,1,1
201900056218,2019-08-18 18:00:00,2019,8,18,18,0,37,37261,HEURTELOUP (BOULEVARD),47.3922468,0.700719,Plein jour,En agglomération,Autre intersection,Normale,Deux véhicules - côté,9,1,2,0,1,1,1,5,1,50,2,4,3,0,0,1,38.0,82.0,voiture,voiture,1,2,9,1,3
201900056219,2019-08-15 04:25:00,2019,8,15,4,25,37,37214,MAISONS BLANCHES (QUAI DES),47.39411,0.65031,Nuit avec éclairage allumé,En agglomération,Hors intersection,Normale,Autre collision,4,2,2,0,1,1,2,0,1,50,1,2,1,0,1,0,22.0,,voiture,,5,2,1,1,6
201900056220,2019-08-18 22:10:00,2019,8,18,22,10,35,35238,BORON (CHEMIN DE),48.09366,-1.72429,Nuit sans éclairage public,Hors agglomération,Hors intersection,Normale,Autre collision,4,2,1,0,1,1,9,0,1,30,1,2,1,0,1,0,25.0,,deux_roues,,3,1,1,1,6
201900056221,2019-08-19 00:25:00,2019,8,19,0,25,34,34003,NICOLAS-FOUQUET (ROND-POINT),43.28476,3.50369,Nuit avec éclairage allumé,En agglomération,Giratoire,Normale,Deux véhicules - arrière,4,1,1,0,1,2,1,0,1,50,2,2,1,0,0,1,18.0,58.0,voiture,deux_roues,5,2,6,1,2
201900056222,2019-08-18 16:15:00,2019,8,18,16,15,29,29019,CHATEAU (DE 37 A 55 ET 34 A 50),48.38633,-4.48725,Plein jour,En agglomération,Giratoire,Normale,Sans collision,4,2,2,0,1,1,1,0,1,50,1,2,0,0,0,2,17.0,,deux_roues,,1,2,6,1,7
201900056223,2019-08-18 21:20:00,2019,8,18,21,20,25,25462,ROCADE G.POMPIDOU (DU 25 A LA FIN),46.9107,6.3328,Nuit avec éclairage allumé,En agglomération,Giratoire,Autre,Deux véhicules - côté,2,1,2,0,1,2,1,5,1,50,2,2,1,0,0,1,25.0,24.0,voiture,deux_roues,5,2,6,9,3
201900056224,2019-08-17 19:50:00,2019,8,17,19,50,25,25056,DOLE RUE DE (entre 82 et 185),47.22848,5.98604,Plein jour,En agglomération,Hors intersection,Normale,Deux véhicules - arrière,4,2,1,0,2,1,1,0,1,50,2,2,1,0,1,0,36.0,41.0,deux_roues,voiture,1,2,1,1,2
201900056225,2019-08-18 21:30:00,2019,8,18,21,30,13,13208,JOSEPH VIDAL (AVENUE),43.25274,5.38006,Nuit avec éclairage allumé,En agglomération,Hors intersection,Normale,Deux véhicules - frontale,4,2,2,0,1,1,1,0,1,50,2,2,0,0,0,2,78.0,,voiture,,5,2,1,1,1
201900056226,2019-08-18 21:00:00,2019,8,18,21,0,13,13201,VOLTAIRE    PAIRS (BOULEVARD),43.30295,5.38483,Plein jour,En agglomération,Hors intersection,Normale,Autre collision,4,2,2,0,1,1,1,0,1,50,1,1,0,0,0,1,,,,,1,2,1,1,6
201900056227,2019-08-18 14:06:00,2019,8,18,14,6,13,13202,CAISSERIE (RUE),43.29714,5.36852,Plein jour,En agglomération,Hors intersection,Normale,Autre collision,4,2,2,0,1,1,1,0,1,50,1,1,0,0,1,0,,,,,1,2,1,1,6
201900056228,2019-08-18 05:35:00,2019,8,18,5,35,13,13201,THUBANEAU (RUE),43.29807,5.3798,Nuit sans éclairage public,En agglomération,Hors intersection,Normale,Autre collision,4,1,1,0,3,1,1,0,1,30,1,1,0,1,0,0,,,,,3,2,1,1,6
201900056229,2019-08-14 15:35:00,2019,8,14,15,35,7,07019,PAIX (PLACE DE LA),44.61789,4.38919,Plein jour,En agglomération,Hors intersection,Temps éblouissant,Autre collision,4,1,1,0,1,1,1,0,1,50,1,2,1,0,0,1,37.0,,utilitaire_camion,,1,2,1,7,6
201900056230,2019-08-18 07:30:00,2019,8,18,7,30,6,06088,ST LAMBERT A PARTIR DU N° 131),43.7184035,7.2630676,Crépuscule ou aube,En agglomération,Intersection en X,Normale,Deux véhicules - frontale,4,-1,2,0,2,1,1,0,1,50,2,2,1,0,1,0,29.0,60.0,voiture,deux_roues,2,2,2,1,1
201900056231,2019-08-17 13:45:00,2019,8,17,13,45,3,03185,22-28 avenue Pierre Villon,46.3527198,2.5878609,Plein jour,En agglomération,Hors intersection,Normale,Autre collision,4,2,4,2,1,1,1,0,1,50,2,2,1,0,1,0,64.0,58.0,deux_roues,voiture,1,2,1,1,6
201900056232,2019-08-17 20:35:00,2019,8,17,20,35,75,75113,AVENUE DE CHOISY,48.8297716,2.3571119,Crépuscule ou aube,En agglomération,Intersection en T,Pluie forte,Autre collision,4,2,4,0,1,1,2,0,1,50,1,2,1,0,1,0,,,,,2,2,3,3,6
201900056233,2019-08-18 19:15:00,2019,8,18,19,15,75,75120,AVENUE DE LA PORTE DE BAGNOLET,48.864775,2.410136,Plein jour,En agglomération,Intersection en T,Normale,Autre collision,4,2,5,0,1,1,1,0,1,50,2,1,0,0,0,1,34.0,,deux_roues,,1,2,3,1,6
201900056234,2019-08-18 05:00:00,2019,8,18,5,0,75,75112,BOULEVARD PONIATOWSKI,48.8323299,2.398898,Nuit avec éclairage allumé,En agglomération,Hors intersection,Normale,Autre collision,4,3,4,0,2,2,2,0,1,50,1,3,1,0,0,2,49.0,,voiture,,5,2,1,1,6
201900056235,2019-08-17 22:15:00,2019,8,17,22,15,75,75103,PLACE DE LA REPUBLIQUE,48.8677848,2.362656,Nuit avec éclairage allumé,En agglomération,Place,Pluie légère,Autre collision,4,2,4,0,1,1,2,5,1,50,1,2,1,0,0,1,29.0,,voiture,,5,2,7,2,6
201900056236,2019-08-17 22:20:00,2019,8,17,22,20,94,94076,MARCEL GROSMESNIL (R),48.797781,2.354919,Nuit avec éclairage allumé,En agglomération,Hors intersection,Pluie légère,Autre collision,4,2,2,0,1,1,2,0,1,50,1,4,3,0,0,1,20.0,,voiture,,5,2,1,2,6
201900056237,2019-08-18 09:00:00,2019,8,18,9,0,93,93073,CHAPIT RE ( RUE DU),49.00251,2.536954,Plein jour,En agglomération,Hors intersection,Pluie légère,Autre collision,9,1,3,0,1,1,2,0,1,70,1,1,0,0,0,1,66.0,,voiture,,1,2,1,2,6
201900056238,2019-08-18 00:30:00,2019,8,18,0,30,93,93046,CONSUL GENERAL NORDLING AVENUE,48.91615,2.5307,Nuit avec éclairage allumé,En agglomération,Intersection en T,Pluie forte,Autre collision,3,3,4,0,1,1,2,0,1,50,1,1,0,0,0,1,30.0,,voiture,,5,2,3,3,6
201900056239,2019-05-17 20:40:00,2019,5,17,20,40,6,06152,Route des Macarons,43.632747,7.048691,Crépuscule ou aube,Hors agglomération,Hors intersection,Normale,Sans collision,3,2,2,0,2,3,1,0,1,70,1,1,0,0,0,1,44.0,,deux_roues,,2,1,1,1,7
201900056240,2019-05-13 12:30:00,2019,5,13,12,30,6,06152,route de Biot,43.6444471,7.0492435,Plein jour,Hors agglomération,Giratoire,Normale,Deux véhicules - côté,3,-1,2,0,1,2,1,0,1,50,2,2,1,0,1,0,53.0,52.0,voiture,deux_roues,1,1,6,1,3
201900056241,2019-05-06 15:08:00,2019,5,6,15,8,6,06018,Route d'Antibes,43.623682,7.098268,Plein jour,En agglomération,Hors intersection,Normale,Deux véhicules - frontale,3,2,2,0,1,2,1,0,1,50,2,2,0,0,0,2,50.0,51.0,voiture,voiture,1,2,1,1,1
201900056242,2019-05-03 13:00:00,2019,5,3,13,0,6,06018,Route Départemental 535,43.61384,7.079805,Plein jour,Hors agglomération,Hors intersection,Normale,Deux véhicules - arrière,3,3,4,1,2,3,1,0,1,70,2,2,1,0,0,1,23.0,31.0,voiture,voiture,1,1,1,1,2
201900056243,2019-05-11 22:45:00,2019,5,11,22,45,35,35219,D177 PK 60.200,47.8172789,-1.9184978,Nuit sans éclairage public,Hors agglomération,Hors intersection,Normale,Autre collision,3,3,4,0,3,3,1,0,1,110,1,3,2,0,1,0,44.0,,voiture,,3,1,1,1,6
201900056244,2019-04-25 12:55:00,2019,4,25,12,55,33,33351,Autoroute A10 sens PARIS - BORDEAUX PK 501.600,45.22473,-0.51465,Plein jour,Hors agglomération,Hors intersection,Neige / grêle,Deux véhicules - côté,1,3,4,0,1,1,9,0,1,130,2,3,1,0,1,1,43.0,24.0,utilitaire_camion,voiture,1,1,1,4,3
201900056245,2019-05-02 10:25:00,2019,5,2,10,25,79,79189,autoroute A10,46.401085,-0.15956,Plein jour,Hors agglomération,Hors intersection,Normale,Deux véhicules - frontale,1,3,4,-1,1,1,1,0,1,130,2,2,1,0,1,0,29.0,47.0,utilitaire_camion,utilitaire_camion,1,1,1,1,1
201900056246,2019-05-30 18:20:00,2019,5,30,18,20,67,67411,RD 500 sens Molsheim vers Obernai au PR 003+400,48.496085,7.469007,Plein jour,Hors agglomération,Hors intersection,Normale,Autre collision,3,3,4,0,1,1,1,0,1,110,1,3,0,0,2,1,15.0,,voiture,,1,1,1,1,6
201900056247,2019-05-29 09:30:00,2019,5,29,9,30,67,67481,a35 pk 432.300,48.3699454,7.4842085,Plein jour,Hors agglomération,Hors intersection,Normale,Deux véhicules - arrière,1,3,2,0,1,1,1,0,1,130,2,2,1,0,0,1,35.0,43.0,voiture,voiture,1,1,1,1,2
201900056248,2019-05-17 18:45:00,2019,5,17,18,45,67,67445,a35,48.274645,7.434029,Plein jour,Hors agglomération,Hors intersection,Normale,Autre collision,1,3,4,0,3,1,1,0,2,110,1,1,0,1,0,0,50.0,,utilitaire_camion,,1,1,1,1,6
201900056249,2019-05-06 12:30:00,2019,5,6,12,30,67,67045,rd500 pk 4.2,48.488304,7.508037,Plein jour,Hors agglomération,Hors intersection,Normale,Deux véhicules - arrière,3,3,4,0,1,1,1,2,1,110,2,2,1,0,1,0,50.0,42.0,voiture,utilitaire_camion,1,1,1,1,2
201900056250,2019-12-01 00:00:00,2019,12,1,0,0,38,38530,D1006,45.613786,5.197152,Nuit sans éclairage public,Hors agglomération,Giratoire,Normale,Deux véhicules - côté,3,-1,2,0,1,2,1,5,1,70,2,7,4,0,0,3,37.0,25.0,voiture,voiture,3,1,6,1,3
201900056251,2019-05-14 11:20:00,2019,5,14,11,20,33,33122,Parking (erreur manoeuvre),44.76638,-0.69041,Plein jour,Hors agglomération,Hors intersection,Normale,Autre collision,9,-1,-1,0,1,1,1,0,6,-1,1,2,1,1,0,0,76.0,,voiture,,1,1,1,1,6
201900056252,2019-12-04 14:01:00,2019,12,4,14,1,67,67155,A35 PK 423.800,48.412403,7.482481,Plein jour,Hors agglomération,Hors intersection,Normale,Deux véhicules - arrière,1,3,2,0,1,1,1,0,1,130,2,2,1,0,1,0,50.0,54.0,utilitaire_camion,utilitaire_camion,1,1,1,1,2
201900056253,2019-12-04 17:54:00,2019,12,4,17,54,58,58296,Nationale 7,46.711486,3.192346,Nuit sans éclairage public,Hors agglomération,Hors intersection,Normale,Deux véhicules - frontale,2,2,2,0,1,1,1,0,1,80,2,2,1,0,1,0,28.0,33.0,voiture,utilitaire_camion,3,1,1,1,1
201900056254,2019-05-22 16:13:00,2019,5,22,16,13,53,53175,Les Planches,48.022057,-0.684265,Plein jour,Hors agglomération,Intersection en T,Normale,Deux véhicules - côté,3,2,2,0,1,1,1,0,1,80,2,2,1,0,1,0,36.0,25.0,utilitaire_camion,deux_roues,1,1,3,1,3
201900056255,2019-11-01 07:00:00,2019,11,1,7,0,974,97415,Le Moulin à Eau,-21.091097,55.277387,Plein jour,Hors agglomération,Hors intersection,Normale,Deux véhicules - frontale,3,2,2,0,2,3,1,0,1,50,2,3,2,0,0,1,60.0,19.0,voiture,voiture,1,1,1,1,1
201900056256,2019-05-21 12:05:00,2019,5,21,12,5,33,33284,A63 PK 27+500,44.60889,-0.85026,Plein jour,Hors agglomération,Hors intersection,Normale,Deux véhicules - arrière,1,1,4,0,1,1,1,0,1,130,2,3,2,0,1,0,39.0,25.0,utilitaire_camion,utilitaire_camion,1,1,1,1,2
201900056257,2019-05-05 04:40:00,2019,5,5,4,40,33,33284,A660-PK 011+800,44.61913,-0.9741,Nuit sans éclairage public,Hors agglomération,Hors intersection,Normale,Deux véhicules - arrière,1,3,4,0,1,1,2,0,1,130,2,3,1,0,0,2,27.0,32.0,voiture,voiture,3,1,1,1,2
201900056258,2019-12-03 11:22:00,2019,12,3,11,22,30,30307,N106,44.195548,4.043998,Plein jour,Hors agglomération,Hors intersection,Normale,Deux véhicules - côté,2,2,2,0,1,1,1,0,1,70,2,2,1,0,1,0,65.0,58.0,deux_roues,voiture,1,1,1,1,3
201900056259,2019-12-03 17:45:00,2019,12,3,17,45,34,34299,D64,43.294475,3.291293,Nuit sans éclairage public,Hors agglomération,Hors intersection,Normale,Autre collision,3,2,2,0,1,1,1,0,3,80,1,2,0,0,2,0,59.0,,voiture,,3,1,1,1,6
201900056260,2019-04-05 11:05:00,2019,4,5,11,5,33,33284,A63-PK22,44.6554,-0.83082,Plein jour,Hors agglomération,Hors intersection,Pluie légère,Deux véhicules - arrière,1,3,4,0,1,1,2,0,1,130,2,5,3,0,0,2,39.0,24.0,voiture,voiture,1,1,1,2,2
201900056261,2019-12-03 18:20:00,2019,12,3,18,20,34,34327,D68,43.675208,3.952706,Nuit sans éclairage public,Hors agglomération,Hors intersection,Normale,Deux véhicules - frontale,3,2,2,0,1,1,1,0,1,80,2,2,0,0,0,2,79.0,70.0,voiture,voiture,3,1,1,1,1
201900056262,2019-05-04 19:45:00,2019,5,4,19,45,38,38253,Les Touches,45.02691,6.09455,Plein jour,Hors agglomération,Hors intersection,Normale,Sans collision,3,2,2,0,2,1,1,0,1,80,1,1,0,0,0,1,37.0,,voiture,,1,1,1,1,7
201900056263,2019-12-03 19:19:00,2019,12,3,19,19,84,84132,2374 Route de Cavaillon,43.900694,5.004816,Nuit sans éclairage public,Hors agglomération,Intersection en T,Normale,Deux véhicules - côté,3,2,2,0,1,1,1,0,1,80,2,3,0,0,1,2,19.0,52.0,voiture,voiture,3,1,3,1,3
201900056264,2019-05-25 22:10:00,2019,5,25,22,10,89,89277,Autoroute A6,47.6780659,3.8600667,Nuit sans éclairage public,Hors agglomération,Hors intersection,Normale,Trois véhicules et plus - collisions multiples,1,3,4,0,1,1,1,0,1,130,3,6,4,1,1,0,88.0,44.0,voiture,voiture,3,1,1,1,5
201900056265,2019-05-14 23:30:00,2019,5,14,23,30,72,72080,Autoroute A11- PK 134.000,48.171818,0.657644,Nuit sans éclairage public,Hors agglomération,Hors intersection,Normale,Deux véhicules - côté,1,3,3,0,1,1,1,0,1,130,2,4,3,0,0,1,24.0,24.0,voiture,voiture,3,1,1,1,3
201900056266,2019-05-16 16:00:00,2019,5,16,16,0,74,74014,Route de la Barliette,46.040294,6.634922,Plein jour,Hors agglomération,Hors intersection,Normale,Sans collision,3,2,2,0,2,2,1,0,1,70,1,1,0,0,0,1,27.0,,utilitaire_camion,,1,1,1,1,7
201900056267,2019-05-26 01:40:00,2019,5,26,1,40,6,06004,Autoroute A8 pk 175 voie sud PK 175.000,43.6086181,7.0978432,Nuit sans éclairage public,Hors agglomération,Hors intersection,Normale,Deux véhicules - arrière,1,1,3,0,1,1,1,0,1,110,2,2,1,0,0,1,28.0,75.0,voiture,voiture,3,1,1,1,2
201900056268,2019-12-03 15:20:00,2019,12,3,15,20,13,13059,Rd 96,43.64024,5.523401,Plein jour,En agglomération,Hors intersection,Normale,Deux véhicules - côté,3,3,2,0,2,1,1,3,1,50,2,3,1,0,1,1,82.0,82.0,voiture,voiture,1,2,1,1,3
201900056269,2019-12-04 11:00:00,2019,12,4,11,0,71,71433,D985,46.36225,4.259441,Plein jour,Hors agglomération,Hors intersection,Normale,Sans collision,3,2,2,0,2,1,1,0,3,80,1,1,0,0,1,0,39.0,,utilitaire_camion,,1,1,1,1,7
201900056270,2019-05-24 13:30:00,2019,5,24,13,30,6,06079,A8 PK 159.100 chaussée Sud direction Nice,43.557429,6.949089,Plein jour,Hors agglomération,Hors intersection,Normale,Deux véhicules - arrière,1,3,3,0,1,3,1,0,1,110,2,4,1,0,3,0,50.0,69.0,transport_commun,voiture,1,1,1,1,2
201900056271,2019-05-15 08:10:00,2019,5,15,8,10,13,13001,AUTOROUTE A8 PK 020+000 SENS NORD,43.514193,5.435864,Plein jour,Hors agglomération,Hors intersection,Temps couvert,Trois véhicules et plus - en chaîne,1,1,5,0,1,1,1,3,1,110,3,3,2,0,0,1,26.0,34.0,voiture,voiture,1,1,1,8,4
201900056272,2019-12-04 16:25:00,2019,12,4,16,25,57,57683,D112d,49.299286,6.131352,Crépuscule ou aube,Hors agglomération,Hors intersection,Normale,Trois véhicules et plus - collisions multiples,3,2,2,0,1,1,1,0,1,80,4,5,3,0,1,1,71.0,36.0,voiture,voiture,2,1,1,1,5
201900056273,2019-12-04 05:45:00,2019,12,4,5,45,74,74124,Route du Châble,46.101928,6.065032,Nuit avec éclairage allumé,En agglomération,Hors intersection,Normale,Autre collision,3,2,2,0,1,3,1,0,1,50,1,4,0,0,2,2,23.0,,voiture,,5,2,1,1,6
201900056274,2019-12-04 15:30:00,2019,12,4,15,30,17,17369,RD 735,46.198134,-1.354954,Plein jour,En agglomération,Giratoire,Normale,Autre collision,3,2,2,1,1,3,1,5,1,50,1,2,1,0,1,0,46.0,,voiture,,1,2,6,1,6
201900056275,2019-05-12 08:30:00,2019,5,12,8,30,13,13001,A8 PK021.000 sens NICE-LYON,43.513182,5.47923,Plein jour,Hors agglomération,Hors intersection,Normale,Deux véhicules - arrière,1,1,5,0,1,1,1,0,1,110,2,2,1,0,0,1,29.0,27.0,voiture,voiture,1,1,1,1,2
201900056276,2019-12-04 07:00:00,2019,12,4,7,0,16,16359,Ld Montperron,45.644286,-0.328876,Nuit sans éclairage public,Hors agglomération,Hors intersection,Normale,Autre collision,3,2,2,0,1,1,1,0,3,80,1,1,0,0,1,0,48.0,,voiture,,3,1,1,1,6
201900056277,2019-12-04 13:16:00,2019,12,4,13,16,24,24445,D32,44.921473,0.718018,Plein jour,Hors agglomération,Hors intersection,Normale,Trois véhicules et plus - collisions multiples,3,2,2,0,1,1,1,0,1,80,3,3,2,0,1,0,48.0,35.0,deux_roues,voiture,1,1,1,1,5
201900056278,2019-05-27 11:55:00,2019,5,27,11,55,77,77137,N4 / D204,48.6971417,3.2922272,Plein jour,En agglomération,Autre intersection,Normale,Deux véhicules - arrière,2,2,1,0,1,1,1,5,1,70,2,19,1,0,0,18,29.0,47.0,utilitaire_camion,transport_commun,1,2,9,1,2