accident_id,datetime,annee,mois,jour,heure,minute,departement,commune_insee,adresse,latitude,longitude,luminosite,agglomeration,intersection,meteo,collision,catr,circ,nbv,vosp,prof,plan,surf,infra,situ,vma,nb_vehicules,nb_usagers,nb_indemnes,nb_tues,nb_blesses_hosp,nb_blesses_legers,age_cond_1,age_cond_2,veh_type_cond_1,veh_type_cond_2,lum_code,agg_code,int_code,atm_code,col_code
201900056279,2019-12-04 07:50:00,2019,12,4,7,50,33,33238,D109,44.734,-0.61084,Plein jour,En agglomération,Intersection en T,Normale,Deux véhicules - côté,3,2,2,0,2,1,1,5,1,50,2,2,1,0,1,0,55.0,57.0,deux_roues,voiture,1,2,3,1,3
201900056280,2019-05-01 09:05:00,2019,5,1,9,5,44,44072,D774,47.422561,-2.340459,Plein jour,Hors agglomération,Intersection en T,Temps couvert,Deux véhicules - arrière,3,2,2,0,1,1,1,0,1,80,2,2,1,1,0,0,35.0,27.0,utilitaire_camion,deux_roues,1,1,3,8,2
201900056281,2019-12-02 19:00:00,2019,12,2,19,0,76,76420,Route de Rouen,49.602355,1.481506,Nuit sans éclairage public,Hors agglomération,Intersection en T,Normale,Deux véhicules - arrière,3,2,2,0,1,1,1,0,1,70,2,2,1,0,1,0,54.0,32.0,voiture,utilitaire_camion,3,1,3,1,2
201900056282,2019-12-03 19:20:00,2019,12,3,19,20,59,59035,rue de l'ancienne gare,50.106586,3.951281,Nuit avec éclairage allumé,En agglomération,Hors intersection,Normale,Autre collision,6,-1,-1,0,1,1,1,9,8,-1,1,2,1,0,1,0,31.0,,voiture,,5,2,1,1,6
201900056283,2019-05-24 12:20:00,2019,5,24,12,20,68,68129,Autoroute A36 P 004+100,47.736168,7.212113,Plein jour,Hors agglomération,Hors intersection,Normale,Trois véhicules et plus - en chaîne,1,3,4,0,1,1,1,0,1,-1,4,4,2,0,1,1,32.0,55.0,utilitaire_camion,voiture,1,1,1,1,4
201900056284,2019-05-28 22:30:00,2019,5,28,22,30,6,06067,A8 PK 216+000 NORD,43.776512,7.448878,Nuit avec éclairage allumé,Hors agglomération,Autre intersection,Normale,Sans collision,1,1,2,0,2,1,1,1,1,110,1,1,0,0,1,0,49.0,,deux_roues,,5,1,9,1,7
201900056285,2019-12-03 22:00:00,2019,12,3,22,0,59,59252,Rue au Vent,50.71135,2.938743,Nuit avec éclairage allumé,En agglomération,Giratoire,Normale,Autre collision,7,2,2,0,1,3,2,9,8,50,1,1,0,0,0,1,19.0,,voiture,,5,2,6,1,6
201900056286,2019-05-19 21:55:00,2019,5,19,21,55,6,06088,A8 PK 196+420 SUD,43.7350204,7.2477525,Nuit avec éclairage allumé,Hors agglomération,Hors intersection,Pluie légère,Deux véhicules - arrière,1,3,4,0,2,1,1,1,1,90,2,2,1,0,0,1,19.0,36.0,voiture,voiture,5,1,1,2,2
201900056287,2019-12-04 09:45:00,2019,12,4,9,45,59,59034,Rue de Pont a Marcq,50.53759,3.08075,Plein jour,En agglomération,Giratoire,Temps éblouissant,Autre collision,3,4,2,0,1,1,1,0,1,30,1,2,1,0,1,0,49.0,,voiture,,1,2,6,7,6
201900056288,2019-05-10 18:50:00,2019,5,10,18,50,6,06088,A8 PK 187.200 NORD,43.689127,7.190055,Plein jour,Hors agglomération,Hors intersection,Normale,Sans collision,1,3,3,0,1,1,1,0,1,110,1,1,0,0,0,1,55.0,,deux_roues,,1,1,1,1,7
201900056289,2019-05-10 09:50:00,2019,5,10,9,50,6,06104,A8 PK 215.800 SUD,43.7748923,7.4495797,Plein jour,Hors agglomération,Hors intersection,Normale,Deux véhicules - arrière,1,1,2,0,2,1,1,1,1,110,2,2,1,0,1,0,21.0,52.0,utilitaire_camion,utilitaire_camion,1,1,1,1,2
201900056290,2019-12-03 07:45:00,2019,12,3,7,45,13,13215,A7-Sens Lyon vers Marseille,43.3688926,5.3610084,Crépuscule ou aube,Hors agglomération,Hors intersection,Normale,Deux véhicules - côté,1,1,3,0,1,1,1,0,1,90,2,2,1,0,0,1,55.0,57.0,deux_roues,utilitaire_camion,2,1,1,1,3
201900056291,2019-12-02 10:00:00,2019,12,2,10,0,13,13071,A7-Sens Marseille vers Lyon,43.4099926,5.2851317,Crépuscule ou aube,Hors agglomération,Hors intersection,Normale,Deux véhicules - arrière,1,1,3,0,1,1,1,1,1,110,2,2,1,0,0,1,36.0,31.0,utilitaire_camion,voiture,2,1,1,1,2
201900056292,2019-05-16 18:20:00,2019,5,16,18,20,2,02227,AUTOROUTE A4 PK 100+400,49.128251,3.584942,Plein jour,Hors agglomération,Hors intersection,Normale,Deux véhicules - arrière,1,1,4,0,3,1,1,0,2,130,2,2,1,0,1,0,43.0,24.0,utilitaire_camion,voiture,1,1,1,1,2
201900056293,2019-12-02 07:45:00,2019,12,2,7,45,13,13211,A50-Sens Aubagne vers Marseille,43.286551,5.432955,Plein jour,Hors agglomération,Hors intersection,Normale,Deux véhicules - arrière,1,3,4,0,1,1,2,3,1,70,2,2,1,0,0,1,42.0,27.0,voiture,voiture,1,1,1,1,2
201900056294,2019-05-04 13:45:00,2019,5,4,13,45,2,02465,autoroute A4  Sens Strasbourg Paris PK 71+100,49.040183,3.218745,Plein jour,Hors agglomération,Hors intersection,Neige / grêle,Sans collision,1,3,4,0,1,1,7,0,3,130,1,1,0,0,1,0,63.0,,voiture,,1,1,1,4,7
201900056295,2019-11-28 17:40:00,2019,11,28,17,40,13,13071,A7-Sens Marseille vers Lyon,43.4055,5.295111,Nuit sans éclairage public,Hors agglomération,Hors intersection,Normale,Deux véhicules - arrière,1,-1,2,0,1,1,1,0,1,110,2,2,1,0,0,1,28.0,35.0,voiture,utilitaire_camion,3,1,1,1,2
201900056296,2019-05-28 07:15:00,2019,5,28,7,15,976,97603,CD 3,-12.897605,45.195142,Plein jour,Hors agglomération,Hors intersection,Normale,Autre collision,3,2,2,0,1,1,1,0,1,-1,2,3,2,0,0,1,39.0,28.0,deux_roues,voiture,1,1,1,1,6
201900056297,2019-10-17 16:01:00,2019,10,17,16,1,69,69290,RN346   38.960 A 40.883,45.70558,4.96707,Plein jour,Hors agglomération,Hors intersection,Normale,Autre collision,2,3,6,0,1,1,1,3,1,90,1,1,0,0,0,1,69.0,,voiture,,1,1,1,1,6
201900056298,2019-05-07 06:45:00,2019,5,7,6,45,49,49068,D723,47.412092,-0.846593,Crépuscule ou aube,Hors agglomération,Giratoire,Normale,Deux véhicules - côté,3,2,1,0,1,1,1,5,1,80,2,2,1,0,1,0,26.0,26.0,deux_roues,utilitaire_camion,2,1,6,1,3
201900056299,2019-12-03 16:10:00,2019,12,3,16,10,33,33249,ROUTE NATIONALE 230,44.87368,-0.50671,Plein jour,Hors agglomération,Hors intersection,Normale,Trois véhicules et plus - en chaîne,2,3,6,0,1,1,1,0,1,90,3,3,2,0,0,1,43.0,25.0,voiture,utilitaire_camion,1,1,1,1,4
201900056300,2019-05-14 13:40:00,2019,5,14,13,40,17,17104,RN 10,45.287508,-0.241614,Plein jour,Hors agglomération,Hors intersection,Normale,Trois véhicules et plus - en chaîne,2,3,4,0,1,1,1,0,1,80,3,3,1,0,0,2,48.0,43.0,utilitaire_camion,utilitaire_camion,1,1,1,1,4
201900056301,2019-05-20 14:25:00,2019,5,20,14,25,86,86116,A10 PK 333.280 sens Bordeaux Paris,46.472465,0.044654,Plein jour,Hors agglomération,Hors intersection,Normale,Deux véhicules - arrière,1,3,4,3,1,1,1,0,1,130,2,4,1,1,1,1,41.0,47.0,utilitaire_camion,voiture,1,1,1,1,2
201900056302,2019-05-13 16:40:00,2019,5,13,16,40,86,86096,ROUTE DÉPARTEMENTALE 41,46.81375,0.316845,Plein jour,Hors agglomération,Intersection en X,Normale,Deux véhicules - côté,3,2,2,0,1,1,1,5,1,80,2,2,1,0,1,0,47.0,71.0,utilitaire_camion,deux_roues,1,1,2,1,3
201900056303,2019-05-30 04:55:00,2019,5,30,4,55,57,57129,A4 - PK321+100,49.184643,6.238254,Crépuscule ou aube,Hors agglomération,Hors intersection,Normale,Deux véhicules - arrière,1,3,4,0,1,2,1,0,1,130,2,2,1,0,1,0,21.0,37.0,voiture,voiture,2,1,1,1,2
201900056304,2019-05-17 10:56:00,2019,5,17,10,56,6,06066,"D17, Pr 2+900",43.841982,7.186235,Plein jour,Hors agglomération,Hors intersection,Normale,Trois véhicules et plus - collisions multiples,7,2,2,0,2,2,1,0,1,80,3,3,2,0,0,1,28.0,42.0,voiture,transport_commun,1,1,1,1,5
201900056305,2019-12-03 13:25:00,2019,12,3,13,25,33,33192,ROCADE A 630,44.78995,-0.60637,Plein jour,Hors agglomération,Hors intersection,Normale,Trois véhicules et plus - en chaîne,1,3,6,0,1,1,1,0,1,90,3,3,2,0,0,1,23.0,26.0,voiture,utilitaire_camion,1,1,1,1,4
201900056306,2019-04-30 16:20:00,2019,4,30,16,20,51,51515,A4,49.0356546,4.6054756,Plein jour,Hors agglomération,Hors intersection,Normale,Sans collision,1,3,4,0,1,1,1,0,3,130,1,1,0,0,1,0,70.0,,voiture,,1,1,1,1,7
201900056307,2019-12-03 10:50:00,2019,12,3,10,50,33,33249,ROUTE NATIONALE 230,44.88068,-0.51055,Plein jour,Hors agglomération,Hors intersection,Normale,Deux véhicules - arrière,2,-1,8,0,1,1,1,0,1,90,2,2,1,0,1,0,46.0,47.0,utilitaire_camion,utilitaire_camion,1,1,1,1,2
201900056308,2019-12-03 09:00:00,2019,12,3,9,0,33,33162,ROCADE A 630,44.87394,-0.63744,Plein jour,Hors agglomération,Hors intersection,Normale,Deux véhicules - côté,1,3,4,0,1,1,1,0,1,90,2,2,1,0,0,1,38.0,28.0,voiture,deux_roues,1,1,1,1,3
201900056309,2019-11-26 18:35:00,2019,11,26,18,35,62,62907,AUTOROUTE A1,50.488832,2.988367,Nuit sans éclairage public,Hors agglomération,Hors intersection,Normale,Deux véhicules - côté,1,3,6,0,1,1,2,0,1,130,2,2,1,0,1,0,30.0,30.0,voiture,voiture,3,1,1,1,3
201900056310,2019-05-23 18:30:00,2019,5,23,18,30,38,38005,75 Route des Chabottes,45.201997,6.040381,Plein jour,Hors agglomération,Hors intersection,Normale,Autre collision,4,2,2,0,2,3,1,0,8,50,1,1,0,0,1,0,44.0,,deux_roues,,1,1,1,1,6
201900056311,2019-05-21 08:20:00,2019,5,21,8,20,38,38534,Rampe des commères,45.03082,6.08521,Plein jour,Hors agglomération,Hors intersection,Normale,Autre collision,3,2,2,0,2,1,1,0,1,80,1,1,0,0,0,1,79.0,,voiture,,1,1,1,1,6
201900056312,2019-12-03 13:00:00,2019,12,3,13,0,91,91216,AUTOROUTE A6,48.6862,2.3265,Plein jour,Hors agglomération,Hors intersection,Normale,Trois véhicules et plus - en chaîne,1,2,6,0,1,1,1,0,1,110,3,3,2,0,0,1,51.0,38.0,voiture,utilitaire_camion,1,1,1,1,4
201900056313,2019-05-03 15:00:00,2019,5,3,15,0,38,38052,Rochetaillée,45.11604,5.99144,Plein jour,Hors agglomération,Hors intersection,Normale,Sans collision,3,2,2,0,1,1,1,0,1,80,1,1,0,0,0,1,57.0,,deux_roues,,1,1,1,1,7
201900056314,2019-12-03 10:00:00,2019,12,3,10,0,91,91363,RN 104,48.6619,2.1874,Plein jour,Hors agglomération,Hors intersection,Normale,Deux véhicules - arrière,2,1,6,0,1,1,1,0,1,110,2,2,1,0,0,1,49.0,55.0,utilitaire_camion,voiture,1,1,1,1,2
201900056315,2019-05-15 09:43:00,2019,5,15,9,43,7,07188,RD578,45.203569,4.674973,Plein jour,Hors agglomération,Hors intersection,Normale,Deux véhicules - frontale,3,2,2,0,2,1,1,0,1,80,2,3,1,0,0,2,49.0,86.0,utilitaire_camion,voiture,1,1,1,1,1
201900056316,2019-12-03 08:50:00,2019,12,3,8,50,91,91363,RN 104,48.649009,2.168444,Plein jour,Hors agglomération,Hors intersection,Normale,Deux véhicules - arrière,2,1,4,0,1,1,1,0,1,110,2,2,1,0,0,1,22.0,32.0,deux_roues,utilitaire_camion,1,1,1,1,2
201900056317,2019-05-24 15:29:00,2019,5,24,15,29,51,51571,A4,49.159468,4.1943647,Plein jour,Hors agglomération,Hors intersection,Normale,Sans collision,1,1,4,0,1,1,1,0,2,130,1,4,0,0,0,4,70.0,,voiture,,1,1,1,1,7
201900056318,2019-05-16 09:00:00,2019,5,16,9,0,51,51454,A344,49.2258815,4.0588452,Plein jour,Hors agglomération,Hors intersection,Normale,Deux véhicules - arrière,1,3,3,0,1,1,1,0,1,90,2,2,0,0,0,2,47.0,53.0,utilitaire_camion,voiture,1,1,1,1,2
201900056319,2019-12-02 17:40:00,2019,12,2,17,40,92,92050,A86,48.9046715,2.2083247,Nuit sans éclairage public,Hors agglomération,Hors intersection,Normale,Trois véhicules et plus - en chaîne,1,-1,3,0,1,1,1,1,1,90,3,4,2,0,0,2,23.0,39.0,utilitaire_camion,voiture,3,1,1,1,4
201900056320,2019-05-11 07:00:00,2019,5,11,7,0,51,51571, A4,49.1504424,4.2048384,Crépuscule ou aube,Hors agglomération,Hors intersection,Pluie forte,Deux véhicules - côté,1,3,4,0,1,1,3,0,1,130,2,5,3,0,1,1,20.0,53.0,voiture,utilitaire_camion,2,1,1,3,3
201900056321,2019-12-02 12:20:00,2019,12,2,12,20,92,92050,A86,48.9064294,2.2107174,Plein jour,Hors agglomération,Hors intersection,Normale,Trois véhicules et plus - en chaîne,1,1,3,0,2,1,1,0,1,90,3,3,2,0,0,1,33.0,42.0,utilitaire_camion,voiture,1,1,1,1,4
201900056322,2019-12-03 11:30:00,2019,12,3,11,30,95,95491,AUTOROUTE A115,48.9991,2.24645,Plein jour,Hors agglomération,Hors intersection,Normale,Trois véhicules et plus - en chaîne,1,3,4,0,1,1,2,0,1,90,3,3,2,0,0,1,45.0,26.0,voiture,voiture,1,1,1,1,4
201900056323,2019-12-02 10:00:00,2019,12,2,10,0,92,92036,AUTOROUTE A15,48.9436437,2.2877633,Plein jour,Hors agglomération,Hors intersection,Pluie légère,Autre collision,1,3,11,0,1,1,1,0,1,90,3,3,2,0,0,1,61.0,37.0,voiture,deux_roues,1,1,1,2,6
201900056324,2019-12-02 07:40:00,2019,12,2,7,40,93,93005,AUTOROUTE A3,48.957,2.47371,Nuit sans éclairage public,Hors agglomération,Hors intersection,Normale,Deux véhicules - côté,1,3,10,0,4,3,1,0,1,90,2,2,1,0,0,1,23.0,32.0,voiture,utilitaire_camion,3,1,1,1,3
201900056325,2019-12-02 06:30:00,2019,12,2,6,30,93,93006,AUTOROUTE A3,48.86562,2.41882,Nuit sans éclairage public,Hors agglomération,Hors intersection,Normale,Deux véhicules - arrière,1,3,10,0,1,3,1,0,1,70,2,2,1,0,0,1,37.0,59.0,voiture,voiture,3,1,1,1,2
201900056326,2019-12-01 19:00:00,2019,12,1,19,0,93,93048,AUTOROUTE A86,48.86375,2.48245,Nuit avec éclairage non allumé,Hors agglomération,Hors intersection,Temps couvert,Deux véhicules - côté,1,3,6,0,2,3,1,1,1,90,2,2,1,0,0,1,20.0,43.0,deux_roues,voiture,4,1,1,8,3
201900056327,2019-12-03 09:04:00,2019,12,3,9,4,77,77294,A104,48.97037,2.57048,Plein jour,Hors agglomération,Hors intersection,Brouillard / fumée,Deux véhicules - arrière,1,3,6,0,1,1,2,0,1,110,2,2,1,0,0,1,58.0,40.0,deux_roues,voiture,1,1,1,5,2
201900056328,2019-12-02 11:00:00,2019,12,2,11,0,94,94069,A4,48.8176057,2.4212441,Plein jour,Hors agglomération,Hors intersection,Normale,Autre collision,1,-1,1,0,1,4,2,9,1,50,1,1,0,0,0,1,46.0,,deux_roues,,1,1,1,1,6
201900056329,2019-02-15 17:55:00,2019,2,15,17,55,67,67482,LA FONTAINE (BOULEVARD),48.59072,7.70227,Crépuscule ou aube,Hors agglomération,Hors intersection,Normale,Autre collision,4,1,1,0,1,3,1,0,1,50,1,2,1,0,0,1,57.0,,deux_roues,,2,1,1,1,6
201900056330,2019-05-08 16:30:00,2019,5,8,16,30,51,51305,A4,49.2384946,3.8753731,Plein jour,Hors agglomération,Hors intersection,Neige / grêle,Sans collision,1,3,4,0,1,1,9,0,1,130,1,3,0,1,2,0,62.0,,voiture,,1,1,1,4,7
201900056331,2019-02-13 11:15:00,2019,2,13,11,15,67,67482,MAROQUIN (RUE DU),48.58031,7.751138,Plein jour,En agglomération,Hors intersection,Normale,Autre collision,4,-1,1,3,2,1,9,0,1,5,1,2,1,0,0,1,50.0,,voiture,,1,2,1,1,6
201900056332,2019-04-16 00:30:00,2019,4,16,0,30,51,51569,A26,49.2611646,3.9612711,Nuit sans éclairage public,Hors agglomération,Hors intersection,Normale,Sans collision,1,1,4,0,1,1,1,0,3,110,1,1,0,0,1,0,21.0,,voiture,,3,1,1,1,7
201900056333,2019-12-01 17:28:00,2019,12,1,17,28,75,75120,AVENUE GAMBETTA,48.868311,2.401422,Nuit avec éclairage allumé,En agglomération,Intersection à plus de 4 branches,Pluie légère,Deux véhicules - côté,4,2,3,0,2,1,2,0,1,50,2,6,0,0,0,6,23.0,60.0,voiture,voiture,5,2,5,2,3
201900056334,2019-02-13 08:52:00,2019,2,13,8,52,67,67482,VIRGILE (RUE),48.581365,7.699235,Plein jour,En agglomération,Intersection en T,Temps éblouissant,Deux véhicules - côté,4,2,2,0,1,1,1,0,1,50,2,3,1,0,0,2,41.0,30.0,voiture,utilitaire_camion,1,2,3,7,3
201900056335,2019-05-18 07:55:00,2019,5,18,7,55,33,33547,CD 03 - PR 156+072,44.457031,-0.390531,Plein jour,Hors agglomération,Hors intersection,Normale,Deux véhicules - frontale,3,-1,2,0,1,2,1,0,1,80,2,4,1,3,0,0,24.0,42.0,voiture,utilitaire_camion,1,1,1,1,1
201900056336,2019-02-12 22:20:00,2019,2,12,22,20,67,67204,FONTAINE (RUE DE LA),48.6237,7.74834,Nuit sans éclairage public,Hors agglomération,Hors intersection,Normale,Autre collision,7,2,2,0,1,1,1,0,1,70,1,1,0,0,0,1,21.0,,voiture,,3,1,1,1,6
201900056337,2019-05-15 15:01:00,2019,5,15,15,1,34,34143,"Autoroute A, PK 126+500",43.4695139,3.6401975,Plein jour,Hors agglomération,Hors intersection,Normale,Deux véhicules - arrière,1,2,5,0,1,1,1,0,1,130,2,2,1,0,1,0,55.0,28.0,utilitaire_camion,utilitaire_camion,1,1,1,1,2
201900056338,2019-05-04 03:57:00,2019,5,4,3,57,69,69043,20 Route de la Gare,45.70044,4.7541,Nuit avec éclairage allumé,En agglomération,Giratoire,Normale,Autre collision,4,2,2,0,2,1,1,5,4,50,1,2,0,0,1,1,23.0,,voiture,,5,2,6,1,6
201900056339,2019-12-01 02:48:00,2019,12,1,2,48,75,75112,BOULEVARD DIDEROT,48.847,2.3837744,Nuit avec éclairage allumé,En agglomération,Intersection en X,Pluie légère,Deux véhicules - côté,4,2,2,0,1,1,2,0,1,50,2,6,4,0,0,2,26.0,25.0,utilitaire_camion,voiture,5,2,2,2,3
201900056340,2019-02-12 18:20:00,2019,2,12,18,20,67,67218,ALTENHEIM (ROUTE D ),48.54302,7.73605,Nuit avec éclairage allumé,En agglomération,Intersection en T,Normale,Autre collision,4,2,2,0,1,1,1,0,1,30,1,3,2,0,0,1,59.0,,voiture,,5,2,3,1,6
201900056341,2019-02-15 15:35:00,2019,2,15,15,35,67,67462,COLMAR (ROUTE DE),48.25804,7.44434,Plein jour,En agglomération,Hors intersection,Normale,Autre collision,4,2,2,0,1,1,1,0,1,50,1,2,1,0,1,0,52.0,,voiture,,1,2,1,1,6
201900056342,2019-12-01 00:10:00,2019,12,1,0,10,75,75107,QUAI ANATOLE FRANCE,48.8620433,2.3210563,Nuit avec éclairage allumé,En agglomération,Hors intersection,Normale,Deux véhicules - arrière,4,1,3,0,1,1,1,0,1,50,2,3,2,0,0,1,32.0,28.0,voiture,voiture,5,2,1,1,2
201900056343,2019-02-15 11:13:00,2019,2,15,11,13,66,66136,SAINT-ASSISCLE (BOULEVARD DE),42.6959,2.87833,Crépuscule ou aube,En agglomération,Hors intersection,Normale,Autre collision,4,2,4,0,1,1,1,4,1,30,1,2,1,0,0,1,61.0,,voiture,,2,2,1,1,6
201900056344,2019-05-02 14:05:00,2019,5,2,14,5,14,14593,"A13, PK 184.960, sens CAEN-PARIS",49.2671608,0.1685998,Plein jour,Hors agglomération,Hors intersection,Normale,Autre collision,1,3,4,0,1,1,1,8,2,90,1,1,0,0,0,1,24.0,,utilitaire_camion,,1,1,1,1,6
201900056345,2019-02-14 13:45:00,2019,2,14,13,45,64,64483,chemin d'Aguérria,43.41125,-1.62305,Plein jour,En agglomération,Hors intersection,Normale,Autre collision,4,2,2,0,1,1,1,0,1,50,1,2,1,0,1,0,27.0,,voiture,,1,2,1,1,6
201900056346,2019-12-02 08:50:00,2019,12,2,8,50,75,75117,BD PERIPHERIQUE INTERIEUR,48.9003654,2.3225355,Plein jour,En agglomération,Intersection en Y,Normale,Deux véhicules - arrière,4,1,4,0,1,1,1,0,1,70,2,2,1,0,0,1,37.0,49.0,voiture,voiture,1,2,4,1,2
201900056347,2019-05-27 20:25:00,2019,5,27,20,25,21,21295,A 31 PK023.000 SENS sud-nord,47.207241,4.998105,Crépuscule ou aube,Hors agglomération,Hors intersection,Pluie légère,Deux véhicules - arrière,1,1,4,0,1,1,2,0,1,130,2,3,1,0,1,1,38.0,87.0,utilitaire_camion,voiture,2,1,1,2,2
201900056348,2019-02-13 17:00:00,2019,2,13,17,0,64,64348,RD 834,43.3172023,-0.3949286,Plein jour,Hors agglomération,Hors intersection,Normale,Deux véhicules - arrière,3,2,2,0,1,1,1,0,1,50,2,2,1,0,0,1,30.0,57.0,voiture,voiture,1,1,1,1,2
201900056349,2019-12-01 20:30:00,2019,12,1,20,30,75,75117,BOULEVARD DES BATIGNOLLES,48.883329,2.325802,Nuit avec éclairage allumé,En agglomération,Intersection en T,Pluie légère,Deux véhicules - côté,4,3,2,3,1,1,2,0,6,50,2,2,1,0,0,1,62.0,27.0,deux_roues,voiture,5,2,3,2,3
201900056350,2019-05-29 10:00:00,2019,5,29,10,0,45,45067,A10 PK 104+560 aire de Bellevue,47.894868,1.771445,Plein jour,Hors agglomération,Hors intersection,Normale,Autre collision,1,1,1,0,1,1,1,0,1,30,1,1,0,0,1,0,66.0,,deux_roues,,1,1,1,1,6
201900056351,2019-05-27 16:35:00,2019,5,27,16,35,28,28303,A10 PK 76+900 sens Paris vers province,48.105675,1.851072,Plein jour,Hors agglomération,Hors intersection,Normale,Deux véhicules - arrière,1,3,5,0,1,1,1,0,1,130,2,5,3,0,0,2,34.0,55.0,utilitaire_camion,voiture,1,1,1,1,2
201900056352,2019-05-18 15:49:00,2019,5,18,15,49,28,28392,autoroute 10 - P.K. 61 + 250,48.238858,1.850943,Plein jour,Hors agglomération,Hors intersection,Temps couvert,Autre collision,1,3,5,0,1,1,1,0,3,130,1,2,1,1,0,0,61.0,,voiture,,1,1,1,8,6
201900056353,2019-02-13 08:35:00,2019,2,13,8,35,64,64284,BEAUVALLON,43.2857279,-0.3995755,Plein jour,En agglomération,Giratoire,Normale,Deux véhicules - arrière,3,2,2,0,1,1,1,0,1,50,2,2,1,0,0,1,41.0,62.0,deux_roues,voiture,1,2,6,1,2
201900056354,2019-05-18 02:24:00,2019,5,18,2,24,28,28367,Autoroute A10 PK 070+150 Sens 2,48.145571,1.87189,Nuit sans éclairage public,Hors agglomération,Hors intersection,Normale,Autre collision,1,3,5,0,1,1,1,0,3,130,1,3,0,0,1,2,20.0,,voiture,,3,1,1,1,6
201900056355,2019-02-14 10:40:00,2019,2,14,10,40,64,64102,4 BOULEVARD ALSACE LORRAINE ,43.494956,-1.469246,Plein jour,En agglomération,Hors intersection,Normale,Autre collision,4,2,2,0,1,1,1,0,1,50,1,2,1,0,1,0,59.0,,voiture,,1,2,1,1,6
201900056356,2019-02-13 16:55:00,2019,2,13,16,55,64,64024,JOUANETOTE (RUE DE),43.491699,-1.506191,Plein jour,En agglomération,Hors intersection,Normale,Deux véhicules - côté,4,2,2,0,2,1,1,0,1,50,2,2,1,0,0,1,57.0,25.0,deux_roues,voiture,1,2,1,1,3
201900056357,2019-05-28 05:00:00,2019,5,28,5,0,11,11014,A9 - PK 186.660  sens sud/nord,43.188338,3.063412,Nuit sans éclairage public,Hors agglomération,Hors intersection,Vent fort / tempête,Deux véhicules - arrière,1,3,5,0,1,1,1,9,1,130,2,3,2,0,1,0,45.0,19.0,utilitaire_camion,utilitaire_camion,3,1,1,6,2
201900056358,2019-12-02 18:45:00,2019,12,2,18,45,75,75116,AVENUE PAUL DOUMER,48.8625197,2.2868621,Nuit sans éclairage public,En agglomération,Place,Normale,Autre collision,4,2,2,0,1,1,1,0,1,50,1,2,1,0,0,1,32.0,,deux_roues,,3,2,7,1,6
201900056359,2019-02-14 18:45:00,2019,2,14,18,45,62,62826,LOUIS QUETELART (AVENUE),50.5168229,1.6008341,Nuit avec éclairage allumé,En agglomération,Giratoire,Normale,Autre collision,4,2,2,0,1,1,1,0,1,50,1,2,1,0,1,0,37.0,,voiture,,5,2,6,1,6
201900056360,2019-05-29 16:25:00,2019,5,29,16,25,30,30169,autoroute A9 - PK 59.000,43.789382,4.30685,Plein jour,Hors agglomération,Hors intersection,Normale,Deux véhicules - arrière,1,3,5,0,1,1,1,0,1,130,2,2,1,0,0,1,57.0,34.0,deux_roues,voiture,1,1,1,1,2
201900056361,2019-12-02 15:21:00,2019,12,2,15,21,75,75116,PLACE DE VARSOVIE,48.8607552,2.2917116,Plein jour,En agglomération,Place,Normale,Deux véhicules - côté,4,1,6,0,1,1,1,5,1,50,2,3,2,0,0,1,27.0,48.0,voiture,voiture,1,2,7,1,3
201900056362,2019-12-02 11:30:00,2019,12,2,11,30,75,75116,AVENUE DE L HIPPODROME,48.858211,2.255027,Plein jour,En agglomération,Hors intersection,Normale,Deux véhicules - côté,4,2,2,1,1,1,1,0,5,50,2,2,1,0,0,1,56.0,44.0,voiture,deux_roues,1,2,1,1,3
201900056363,2019-02-14 16:40:00,2019,2,14,16,40,62,62626,CAMBRIN ( ROUTE DE ),50.49769,2.73053,Plein jour,Hors agglomération,Hors intersection,Normale,Autre collision,4,2,2,0,1,1,1,5,1,80,1,1,0,0,1,0,69.0,,deux_roues,,1,1,1,1,6
201900056364,2019-05-06 06:57:00,2019,5,6,6,57,30,30189,Autoroute A9 la Catalane,43.836447,4.358905,Plein jour,Hors agglomération,Hors intersection,Normale,Autre collision,1,3,3,0,1,1,1,3,1,130,1,1,0,0,1,0,58.0,,voiture,,1,1,1,1,6
201900056365,2019-02-14 16:10:00,2019,2,14,16,10,62,62126,DELBECQUE ( RUE ),50.51527,2.67036,Plein jour,En agglomération,Hors intersection,Normale,Autre collision,5,1,10,0,1,2,1,0,1,10,1,2,1,0,1,0,68.0,,voiture,,1,2,1,1,6
201900056366,2019-05-01 12:45:00,2019,5,1,12,45,30,30123,AUTOROUTE A9 - PK 71+000 SENS 1 VERS MONTPELLIER,43.720713,4.172511,Plein jour,Hors agglomération,Autre intersection,Normale,Trois véhicules et plus - collisions multiples,1,3,5,0,1,1,1,0,1,130,3,5,2,0,0,3,39.0,28.0,voiture,voiture,1,1,9,1,5
201900056367,2019-02-05 14:15:00,2019,2,5,14,15,62,62516,CD 943,50.56862,2.46103,Plein jour,Hors agglomération,Giratoire,Normale,Autre collision,3,1,2,0,1,2,1,0,1,50,1,2,1,0,0,1,36.0,,voiture,,1,1,6,1,6
201900056368,2019-12-01 15:30:00,2019,12,1,15,30,75,75116,BOULEVARD LANNES,48.866235,2.271278,Plein jour,En agglomération,Hors intersection,Normale,Trois véhicules et plus - collisions multiples,4,2,4,0,1,1,1,0,1,50,3,9,7,0,0,2,12.0,42.0,deux_roues,voiture,1,2,1,1,5