accident_id,datetime,annee,mois,jour,heure,minute,departement,commune_insee,adresse,latitude,longitude,luminosite,agglomeration,intersection,meteo,collision,catr,circ,nbv,vosp,prof,plan,surf,infra,situ,vma,nb_vehicules,nb_usagers,nb_indemnes,nb_tues,nb_blesses_hosp,nb_blesses_legers,age_cond_1,age_cond_2,veh_type_cond_1,veh_type_cond_2,lum_code,agg_code,int_code,atm_code,col_code
201900056460,2019-02-14 16:50:00,2019,2,14,16,50,42,42186,MAI RUE DU PREMIER,45.53294,4.62676,Plein jour,En agglomération,Hors intersection,Temps éblouissant,Autre collision,4,1,1,0,1,1,1,0,2,50,1,3,1,0,0,2,22.0,,voiture,,1,2,1,7,6
201900056461,2019-05-11 12:10:00,2019,5,11,12,10,971,97112,Ducos,15.886011,-61.305881,Plein jour,En agglomération,Hors intersection,Normale,Autre collision,2,2,2,0,2,2,1,0,3,80,1,1,0,0,1,0,58.0,,deux_roues,,1,2,1,1,6
201900056462,2019-12-02 07:50:00,2019,12,2,7,50,92,92012,PIERRE GRENIER (AVENUE),48.83327,2.25395,Plein jour,En agglomération,Hors intersection,Normale,Autre collision,3,2,1,1,1,1,1,0,1,50,1,1,0,0,0,1,60.0,,voiture,,1,2,1,1,6
201900056463,2019-02-13 08:08:00,2019,2,13,8,8,42,42218,JOMAYERE,45.41365,4.38859,Plein jour,En agglomération,Intersection en Y,Autre,Autre collision,4,1,1,0,2,1,7,0,1,50,1,2,1,0,1,0,20.0,,voiture,,1,2,4,9,6
201900056464,2019-12-02 19:25:00,2019,12,2,19,25,92,92009,ARGENTEUIL ( AVENUE D' ),48.92111,2.27838,Nuit avec éclairage allumé,En agglomération,Intersection en T,Normale,Deux véhicules - frontale,3,2,3,0,1,1,1,5,1,50,2,2,0,0,0,2,21.0,39.0,deux_roues,deux_roues,5,2,3,1,1
201900056465,2019-05-28 19:35:00,2019,5,28,19,35,971,97129,RD 18 - RN 2,16.349247,-61.723834,Nuit avec éclairage allumé,En agglomération,Intersection en T,Normale,Deux véhicules - frontale,2,2,2,0,1,1,1,0,1,80,2,3,1,0,1,1,17.0,76.0,deux_roues,voiture,5,2,3,1,1
201900056466,2019-02-15 17:30:00,2019,2,15,17,30,42,42127,Route nationale 7,46.08069,4.02989,Plein jour,Hors agglomération,Hors intersection,Normale,Trois véhicules et plus - en chaîne,2,2,2,0,1,1,1,0,1,70,3,5,4,0,0,1,33.0,67.0,voiture,voiture,1,1,1,1,4
201900056467,2019-12-03 09:15:00,2019,12,3,9,15,35,35216,Launay Milon,48.184676,-1.813864,Plein jour,Hors agglomération,Hors intersection,Temps éblouissant,Autre collision,4,-1,2,0,1,1,1,0,1,70,1,2,1,0,1,0,41.0,,voiture,,1,1,1,7,6
201900056468,2019-12-03 02:25:00,2019,12,3,2,25,11,11148,A61,43.171674,2.696957,Nuit sans éclairage public,Hors agglomération,Hors intersection,Normale,Deux véhicules - arrière,1,1,4,0,1,1,1,0,2,90,2,2,0,0,1,1,25.0,26.0,utilitaire_camion,utilitaire_camion,3,1,1,1,2
201900056469,2019-02-15 13:55:00,2019,2,15,13,55,42,42071,ABATTOIR (RUE DE L'),46.03087,4.08618,Plein jour,En agglomération,Intersection en X,Normale,Deux véhicules - côté,4,2,2,0,1,1,1,0,1,50,2,2,1,0,0,1,18.0,73.0,deux_roues,voiture,1,2,2,1,3
201900056470,2019-05-14 13:15:00,2019,5,14,13,15,971,97129,Nolivier,16.297855,-61.670877,Plein jour,Hors agglomération,Intersection en T,Normale,Deux véhicules - frontale,2,2,2,0,1,1,1,0,1,70,2,2,0,0,1,1,20.0,41.0,voiture,deux_roues,1,1,3,1,1
201900056471,2019-02-16 08:28:00,2019,2,16,8,28,42,42044,CROZET FRERES (RUE),45.39604,4.33108,Plein jour,En agglomération,Hors intersection,Normale,Autre collision,4,-1,2,0,1,1,1,0,1,50,1,1,0,0,0,1,24.0,,voiture,,1,2,1,1,6
201900056472,2019-11-28 22:27:00,2019,11,28,22,27,28,28024,D910,48.412546,1.46243,Nuit avec éclairage allumé,Hors agglomération,Hors intersection,Pluie légère,Deux véhicules - frontale,3,2,2,0,2,1,8,0,1,80,2,3,2,0,1,0,34.0,35.0,utilitaire_camion,deux_roues,5,1,1,2,1
201900056473,2019-05-07 16:00:00,2019,5,7,16,0,971,97129,Les Galbas,16.302242,-61.671328,Plein jour,Hors agglomération,Hors intersection,Normale,Trois véhicules et plus - collisions multiples,2,2,2,0,1,2,1,0,1,-1,3,3,2,0,0,1,55.0,41.0,voiture,voiture,1,1,1,1,5
201900056474,2019-02-15 11:30:00,2019,2,15,11,30,41,41018,TOURVILLE (RUE DU MARECHAL DE),47.59088,1.30683,Plein jour,En agglomération,Autre intersection,Normale,Deux véhicules - côté,4,2,2,0,1,1,1,0,1,50,2,2,1,0,1,0,23.0,22.0,voiture,deux_roues,1,2,9,1,3
201900056475,2019-12-02 08:15:00,2019,12,2,8,15,35,35024,37 Rue du Mont Saint-michel,48.1885168,-1.6269473,Crépuscule ou aube,En agglomération,Hors intersection,Normale,Autre collision,3,2,2,0,1,1,1,0,1,50,1,2,1,0,1,0,42.0,,voiture,,2,2,1,1,6
201900056476,2019-03-20 09:00:00,2019,3,20,9,0,971,97118,Section BAROTTEAU,16.170866,-61.661011,Plein jour,Hors agglomération,Hors intersection,Normale,Deux véhicules - frontale,3,2,2,0,3,4,1,0,1,-1,2,4,2,0,0,2,43.0,29.0,voiture,voiture,1,1,1,1,1
201900056477,2019-05-25 18:30:00,2019,5,25,18,30,971,97115,Rn ZI LA JAULA,16.244732,-61.65575,Crépuscule ou aube,Hors agglomération,Hors intersection,Pluie légère,Trois véhicules et plus - collisions multiples,2,2,2,0,2,1,2,0,1,70,3,3,1,0,1,1,27.0,28.0,voiture,voiture,2,1,1,2,5
201900056478,2019-11-28 07:40:00,2019,11,28,7,40,51,51391,RN 31,49.2702827,3.9064722,Crépuscule ou aube,Hors agglomération,Hors intersection,Normale,Trois véhicules et plus - collisions multiples,2,2,2,0,1,1,1,0,1,80,3,3,1,0,0,2,56.0,47.0,utilitaire_camion,voiture,2,1,1,1,5
201900056479,2019-02-12 10:35:00,2019,2,12,10,35,39,39300,,46.67671,5.55971,Plein jour,En agglomération,Hors intersection,Normale,Deux véhicules - arrière,4,2,3,0,2,1,1,0,1,50,2,2,1,0,0,1,73.0,74.0,deux_roues,voiture,1,2,1,1,2
201900056480,2019-12-02 18:00:00,2019,12,2,18,0,56,56017,Kersalouz Bas,47.882897,-2.795679,Nuit sans éclairage public,Hors agglomération,Hors intersection,Normale,Deux véhicules - côté,3,2,2,0,1,1,1,0,1,80,2,2,0,0,0,2,52.0,26.0,voiture,voiture,3,1,1,1,3
201900056481,2019-02-14 17:10:00,2019,2,14,17,10,38,38563,HUIT-MAI 1945 (AVENUE DU),45.37564,5.58072,Plein jour,En agglomération,Hors intersection,Normale,Autre collision,4,3,2,0,2,1,1,6,1,50,1,4,1,0,1,2,55.0,,transport_commun,,1,2,1,1,6
201900056482,2019-12-03 12:15:00,2019,12,3,12,15,2A,2A271,Rue Paul Picard,41.968304,8.817022,Plein jour,Hors agglomération,Hors intersection,Normale,Deux véhicules - frontale,2,2,2,0,1,1,1,0,1,70,2,2,1,0,1,0,59.0,53.0,voiture,deux_roues,1,1,1,1,1
201900056483,2019-05-13 21:10:00,2019,5,13,21,10,971,97115,Route de la Lézarde,16.236121,-61.653711,Nuit avec éclairage non allumé,En agglomération,Autre intersection,Normale,Deux véhicules - côté,3,2,2,0,1,1,1,0,1,50,2,2,1,0,0,1,30.0,23.0,voiture,deux_roues,4,2,9,1,3
201900056484,2019-02-14 15:20:00,2019,2,14,15,20,38,38563,BUTTERLIN (RUE DU DR.),45.36312,5.58775,Plein jour,En agglomération,Hors intersection,Normale,Autre collision,4,2,2,0,1,2,1,0,1,50,1,2,1,0,0,1,84.0,,voiture,,1,2,1,1,6
201900056485,2019-02-17 06:00:00,2019,2,17,6,0,37,37122,DOUZILLIERE (RUE DE LA),47.3378937,0.6534346,Nuit avec éclairage allumé,En agglomération,Hors intersection,Autre,Autre collision,9,2,4,1,1,1,1,9,1,50,1,1,0,0,0,1,20.0,,voiture,,5,2,1,9,6
201900056486,2019-02-17 01:15:00,2019,2,17,1,15,37,37003,D751- D31,47.4141291,0.9936025,Nuit sans éclairage public,Hors agglomération,Hors intersection,Normale,Deux véhicules - côté,4,1,1,1,1,1,1,0,1,50,2,1,0,0,0,1,30.0,,deux_roues,,3,1,1,1,3
201900056487,2019-02-15 14:50:00,2019,2,15,14,50,37,37122,CHATEAU DU GENET(ROUTE DU),47.338137,0.6268418,Plein jour,En agglomération,Intersection en X,Normale,Deux véhicules - côté,4,2,2,0,1,1,1,0,1,50,2,4,2,0,1,1,34.0,68.0,utilitaire_camion,utilitaire_camion,1,2,2,1,3
201900056488,2019-02-15 11:25:00,2019,2,15,11,25,37,37261,JEMMAPES (RUE),47.42338,0.68307,Plein jour,En agglomération,Hors intersection,Temps éblouissant,Deux véhicules - côté,4,2,2,2,1,1,1,0,1,50,2,2,1,0,0,1,35.0,68.0,deux_roues,voiture,1,2,1,7,3
201900056489,2019-02-14 22:50:00,2019,2,14,22,50,37,37261,HEURTELOUP (BOULEVARD),47.39029,0.69075,Nuit avec éclairage allumé,En agglomération,Hors intersection,Normale,Autre collision,4,1,3,0,1,1,1,0,1,50,2,2,1,0,1,0,27.0,22.0,deux_roues,voiture,5,2,1,1,6
201900056490,2019-12-02 18:10:00,2019,12,2,18,10,82,82075,1166 rue de la paix,43.836689,1.296004,Nuit avec éclairage allumé,En agglomération,Hors intersection,Normale,Autre collision,4,2,2,0,1,1,1,4,8,50,2,1,0,1,0,0,36.0,,voiture,,5,2,1,1,6
201900056491,2019-02-14 16:15:00,2019,2,14,16,15,37,37214,DE GAULLE (BD CHARLES),47.4246,0.65691,Plein jour,En agglomération,Autre intersection,Normale,Deux véhicules - côté,6,-1,-1,0,1,1,1,9,1,15,2,2,1,0,0,1,56.0,32.0,deux_roues,voiture,1,2,9,1,3
201900056492,2019-04-10 13:16:00,2019,4,10,13,16,971,97115,rue de bréfort,16.267886,-61.639699,Plein jour,En agglomération,Intersection en X,Normale,Deux véhicules - côté,3,2,2,0,1,1,1,0,1,50,2,2,1,0,0,1,16.0,80.0,deux_roues,voiture,1,2,2,1,3
201900056493,2019-12-03 07:50:00,2019,12,3,7,50,61,61293,Rue de Paris,48.526917,0.551182,Crépuscule ou aube,Hors agglomération,Intersection en Y,Normale,Deux véhicules - côté,3,2,2,0,2,2,1,5,1,50,2,2,1,0,1,0,90.0,42.0,voiture,utilitaire_camion,2,1,4,1,3
201900056494,2019-05-26 23:15:00,2019,5,26,23,15,977,97701,D 209 - Face à laéroport de ST Jean,43.834099,5.976635,Nuit avec éclairage allumé,Hors agglomération,Hors intersection,Normale,Autre collision,3,2,2,0,1,3,1,0,4,-1,1,1,0,0,1,0,46.0,,deux_roues,,5,1,1,1,6
201900056495,2019-02-13 12:40:00,2019,2,13,12,40,37,37261,BREGUET (RUE LOUIS),47.4203092,0.6891738,Plein jour,En agglomération,Intersection en X,Normale,Deux véhicules - côté,4,2,2,0,1,1,1,0,1,50,2,3,1,0,0,2,21.0,28.0,voiture,utilitaire_camion,1,2,2,1,3
201900056496,2019-05-08 00:06:00,2019,5,8,0,6,971,97107,Cambrefort RN1 PK 10+900,16.065834,-61.567687,Nuit avec éclairage non allumé,Hors agglomération,Hors intersection,Normale,Sans collision,2,2,2,0,1,1,1,0,3,80,1,1,0,1,0,0,21.0,,deux_roues,,4,1,1,1,7
201900056497,2019-12-03 15:00:00,2019,12,3,15,0,61,61145,Le Gue Thiboux,48.580795,-0.641103,Plein jour,Hors agglomération,Intersection en T,Temps éblouissant,Deux véhicules - côté,3,2,3,1,1,1,1,5,1,70,2,2,1,1,0,0,91.0,47.0,voiture,utilitaire_camion,1,1,3,7,3
201900056498,2019-12-03 03:45:00,2019,12,3,3,45,42,42228,Chemin des Perrières,45.545516,4.097219,Nuit sans éclairage public,Hors agglomération,Hors intersection,Autre,Sans collision,4,2,2,0,4,1,7,0,8,80,1,1,0,0,0,1,57.0,,voiture,,3,1,1,9,7
201900056499,2019-04-13 19:15:00,2019,4,13,19,15,971,97107,Roseau,16.090782,-61.56376,Nuit sans éclairage public,Hors agglomération,Intersection en X,Normale,Deux véhicules - côté,2,2,2,0,1,1,1,0,1,90,2,3,0,0,1,2,62.0,27.0,voiture,voiture,3,1,2,1,3
201900056500,2019-02-15 22:35:00,2019,2,15,22,35,35,35238,RN136,48.081652,-1.650553,Nuit sans éclairage public,Hors agglomération,Autre intersection,Normale,Autre collision,2,3,4,0,1,3,1,0,1,90,1,1,0,0,0,1,26.0,,voiture,,3,1,9,1,6
201900056501,2019-05-04 04:45:00,2019,5,4,4,45,971,97124,Saint-Phy,16.006678,-61.712763,Nuit sans éclairage public,En agglomération,Hors intersection,Pluie légère,Deux véhicules - frontale,2,2,1,0,2,2,2,0,1,80,2,2,0,0,1,1,53.0,46.0,voiture,voiture,3,2,1,2,1
201900056502,2019-02-15 13:30:00,2019,2,15,13,30,35,35051,RIGOURDIERE (RUE DE LA),48.115703,-1.586739,Plein jour,En agglomération,Hors intersection,Normale,Sans collision,4,2,2,0,1,1,1,0,1,50,1,1,0,0,0,1,78.0,,voiture,,1,2,1,1,7
201900056503,2019-02-12 09:30:00,2019,2,12,9,30,35,35238,Loriettes (Rue des),48.084032,-1.677577,Plein jour,En agglomération,Hors intersection,Normale,Autre collision,4,3,2,0,1,4,1,9,1,20,1,1,0,0,0,1,21.0,,voiture,,1,2,1,1,6
201900056504,2019-05-03 17:45:00,2019,5,3,17,45,21,21515,Avenue de l'Université,47.313476,5.093978,Plein jour,En agglomération,Intersection en X,Temps couvert,Trois véhicules et plus - en chaîne,3,3,5,0,1,1,2,0,1,50,4,4,2,0,0,2,52.0,25.0,voiture,voiture,1,2,2,8,4
201900056505,2019-02-14 17:30:00,2019,2,14,17,30,35,35238,GROS MALHON (AVENUE),48.13353,-1.68512,Plein jour,En agglomération,Giratoire,Normale,Deux véhicules - côté,4,3,2,1,1,2,1,0,1,50,2,2,1,0,0,1,17.0,21.0,deux_roues,utilitaire_camion,1,2,6,1,3
201900056506,2019-02-14 10:35:00,2019,2,14,10,35,35,35281,HAIE-DES-COGNETS (BOUL DE LA),48.08043,-1.73689,Plein jour,Hors agglomération,Hors intersection,Normale,Deux véhicules - frontale,4,2,2,0,1,1,1,0,1,50,2,2,1,0,0,1,50.0,83.0,voiture,voiture,1,1,1,1,1
201900056507,2019-05-22 19:30:00,2019,5,22,19,30,33,33199,RD650E3 Avenue de Cesarée,44.62191,-1.07305,Plein jour,Hors agglomération,Giratoire,Normale,Trois véhicules et plus - collisions multiples,3,2,2,0,1,1,1,0,1,50,4,5,2,0,0,3,39.0,48.0,voiture,voiture,1,1,6,1,5
201900056508,2019-05-03 22:30:00,2019,5,3,22,30,33,33199,49 Rue Jules Barat,44.640846,-1.064053,Nuit avec éclairage allumé,En agglomération,Intersection en X,Normale,Deux véhicules - côté,4,1,1,0,1,1,1,0,1,50,2,2,1,0,1,0,17.0,,deux_roues,,5,2,2,1,3
201900056509,2019-02-16 14:35:00,2019,2,16,14,35,34,34172,VIEILLE POSTE (RUE DE LA,43.61613,3.91035,Plein jour,En agglomération,Intersection en T,Normale,Deux véhicules - côté,4,2,3,0,1,1,1,0,1,50,2,3,2,0,0,1,52.0,41.0,deux_roues,voiture,1,2,3,1,3
201900056510,2019-05-25 12:45:00,2019,5,25,12,45,13,13033,départementale D5,43.3555,5.203377,Plein jour,Hors agglomération,Hors intersection,Normale,Deux véhicules - frontale,3,2,2,0,2,2,1,0,1,80,2,2,1,0,1,0,30.0,31.0,deux_roues,voiture,1,1,1,1,1
201900056511,2019-05-16 15:05:00,2019,5,16,15,5,33,33203,RD 205,45.18836,-0.99663,Plein jour,Hors agglomération,Hors intersection,Normale,Autre collision,3,2,2,0,1,1,1,0,3,80,1,1,0,1,0,0,41.0,,utilitaire_camion,,1,1,1,1,6
201900056512,2019-12-03 07:18:00,2019,12,3,7,18,68,68004,Rue des Alliés,47.625731,7.240165,Plein jour,En agglomération,Giratoire,Normale,Autre collision,4,2,2,0,1,1,1,0,1,50,1,2,1,0,0,1,22.0,,voiture,,1,2,6,1,6
201900056513,2019-02-15 14:35:00,2019,2,15,14,35,34,34172,RAYMOND DUGRAND (AVENUE),43.59226,3.9069,Plein jour,En agglomération,Hors intersection,Normale,Deux véhicules - côté,4,2,4,0,1,1,1,0,1,50,2,2,1,0,0,1,69.0,34.0,deux_roues,voiture,1,2,1,1,3
201900056514,2019-05-26 17:00:00,2019,5,26,17,0,37,37171,Les Ormeaux,47.4042559,0.8876363,Plein jour,Hors agglomération,Hors intersection,Normale,Deux véhicules - frontale,3,2,2,0,1,1,1,0,1,80,2,4,0,0,0,4,49.0,60.0,voiture,voiture,1,1,1,1,1
201900056515,2019-12-03 18:05:00,2019,12,3,18,5,68,68338,45 Route de Colmar,48.084629,7.301619,Nuit sans éclairage public,Hors agglomération,Intersection en T,Normale,Deux véhicules - côté,3,2,2,0,1,1,1,0,1,70,2,2,1,0,1,0,40.0,15.0,voiture,deux_roues,3,1,3,1,3
201900056516,2019-05-22 16:40:00,2019,5,22,16,40,37,37003,Boulevard Saint-Denis Hors,47.406937,1.020916,Plein jour,Hors agglomération,Intersection en X,Normale,Deux véhicules - côté,3,2,2,0,4,2,1,0,1,70,2,3,2,0,0,1,34.0,34.0,deux_roues,deux_roues,1,1,2,1,3
201900056517,2019-02-14 20:55:00,2019,2,14,20,55,34,34172,GLAIZE (RUE),43.6111,3.81921,Nuit avec éclairage allumé,En agglomération,Intersection en X,Normale,Deux véhicules - côté,4,-1,1,0,2,2,1,6,1,50,2,2,0,0,0,2,35.0,20.0,deux_roues,deux_roues,5,2,2,1,3
201900056518,2019-12-03 08:00:00,2019,12,3,8,0,22,22245,D33,48.650129,-3.347062,Crépuscule ou aube,Hors agglomération,Hors intersection,Normale,Deux véhicules - côté,3,2,2,0,1,1,1,0,1,80,2,2,1,0,1,0,59.0,72.0,utilitaire_camion,voiture,2,1,1,1,3
201900056519,2019-05-16 07:55:00,2019,5,16,7,55,37,37003,D 31 Boulevard Saint-Denis Hors,47.39346,1.002777,Plein jour,Hors agglomération,Hors intersection,Normale,Autre collision,3,2,2,0,1,1,1,9,3,80,1,1,0,0,1,0,57.0,,voiture,,1,1,1,1,6
201900056520,2019-12-01 08:10:00,2019,12,1,8,10,25,25287,10 Rue du Crot,47.196693,5.898922,Crépuscule ou aube,En agglomération,Hors intersection,Pluie légère,Autre collision,3,2,2,0,1,2,2,9,8,50,1,1,0,0,1,0,26.0,,voiture,,2,2,1,2,6
201900056521,2019-02-14 18:30:00,2019,2,14,18,30,34,34172,CLEMENCEAU (AVENUE GEORGES),43.6041,3.87324,Nuit avec éclairage allumé,En agglomération,Hors intersection,Normale,Deux véhicules - frontale,4,1,2,0,1,1,1,0,1,50,2,2,1,0,0,1,16.0,23.0,deux_roues,deux_roues,5,2,1,1,1
201900056522,2019-05-05 13:10:00,2019,5,5,13,10,37,37131,D952,47.4458323,1.0477848,Plein jour,Hors agglomération,Autre intersection,Temps couvert,Sans collision,3,2,2,0,1,1,1,0,3,-1,1,2,0,0,1,1,68.0,,voiture,,1,1,9,8,7
201900056523,2019-12-03 11:15:00,2019,12,3,11,15,31,31138,D98,43.236802,0.705133,Plein jour,Hors agglomération,Hors intersection,Normale,Deux véhicules - côté,3,2,1,0,4,1,1,0,3,80,2,1,0,0,0,1,15.0,,deux_roues,,1,1,1,1,3
201900056524,2019-02-14 09:10:00,2019,2,14,9,10,34,34172,LIBERTE (AVENUE DE LA,43.61171,3.82688,Plein jour,En agglomération,Hors intersection,Temps couvert,Deux véhicules - arrière,4,2,4,0,1,1,1,0,1,50,2,2,1,0,0,1,59.0,41.0,voiture,deux_roues,1,2,1,8,2
201900056525,2019-05-05 12:00:00,2019,5,5,12,0,28,28180,rue de la champagne,48.916296,1.516085,Plein jour,En agglomération,Hors intersection,Pluie légère,Autre collision,4,-1,1,0,2,3,6,0,3,50,1,2,0,0,2,0,56.0,,deux_roues,,1,2,1,2,6
201900056526,2019-11-30 15:25:00,2019,11,30,15,25,84,84089,Boulevard Ledru Rollin,43.691327,5.503677,Plein jour,En agglomération,Intersection en X,Normale,Deux véhicules - côté,3,2,2,0,1,1,1,0,1,50,2,3,2,0,1,0,27.0,47.0,deux_roues,voiture,1,2,2,1,3
201900056527,2019-12-03 13:05:00,2019,12,3,13,5,60,60076,Route de Formerie,49.660011,1.757765,Plein jour,En agglomération,Hors intersection,Normale,Deux véhicules - frontale,3,2,2,0,1,1,2,0,1,50,2,2,0,0,1,1,60.0,63.0,voiture,voiture,1,2,1,1,1
201900056528,2019-02-13 16:20:00,2019,2,13,16,20,34,34172,PAVELET (AVENUE DU COLONEL),43.58175,3.86438,Plein jour,En agglomération,Intersection en T,Normale,Autre collision,4,3,4,0,1,1,1,9,1,50,2,2,1,0,0,1,18.0,43.0,deux_roues,voiture,1,2,3,1,6
201900056529,2019-05-02 18:45:00,2019,5,2,18,45,45,45253,FBG D ORLEANS,48.162485,2.239457,Plein jour,Hors agglomération,Hors intersection,Temps couvert,Autre collision,4,2,2,0,2,3,2,0,3,70,1,1,0,0,1,0,19.0,,voiture,,1,1,1,8,6
201900056530,2019-06-18 08:55:00,2019,6,18,8,55,987,98734,PK 36+800 - route territoriale n°01,-17.76471,-149.496276,Plein jour,En agglomération,Hors intersection,Normale,Autre collision,2,2,2,0,1,1,1,0,3,60,1,1,0,0,1,0,85.0,,voiture,,1,2,1,1,6
201900056531,2019-05-30 07:30:00,2019,5,30,7,30,45,45315,RD 951 - RTE D ORLEANS,47.782486,2.306577,Plein jour,Hors agglomération,Hors intersection,Normale,Deux véhicules - arrière,3,2,2,0,1,1,1,0,1,80,2,3,0,0,1,2,70.0,33.0,voiture,voiture,1,1,1,1,2
201900056532,2019-12-03 05:45:00,2019,12,3,5,45,34,34154,A709,43.609392,3.937906,Nuit sans éclairage public,Hors agglomération,Hors intersection,Normale,Autre collision,1,1,1,0,1,1,1,3,1,70,1,2,1,1,0,0,49.0,,utilitaire_camion,,3,1,1,1,6
201900056533,2019-05-17 11:45:00,2019,5,17,11,45,45,45315,R des terres et RTE d'ISDES,47.752978,2.361782,Plein jour,En agglomération,Intersection en X,Normale,Autre collision,3,2,2,0,1,1,1,0,3,70,1,2,1,0,1,0,37.0,,utilitaire_camion,,1,2,2,1,6
201900056534,2019-05-13 19:15:00,2019,5,13,19,15,45,45244,La Pinede,47.786754,2.494439,Plein jour,Hors agglomération,Hors intersection,Normale,Autre collision,3,2,2,0,1,3,1,0,1,70,1,1,0,0,1,0,24.0,,deux_roues,,1,1,1,1,6
201900056535,2019-12-03 09:16:00,2019,12,3,9,16,60,60100,A1,49.25652,2.684265,Plein jour,Hors agglomération,Hors intersection,Brouillard / fumée,Trois véhicules et plus - en chaîne,1,3,3,0,1,1,2,0,1,130,4,5,2,1,2,0,40.0,64.0,utilitaire_camion,utilitaire_camion,1,1,1,5,4
201900056536,2019-05-29 16:50:00,2019,5,29,16,50,45,45241,Forcelles,47.820746,2.162789,Plein jour,Hors agglomération,Hors intersection,Normale,Sans collision,3,2,2,0,1,3,1,0,3,80,1,1,0,1,0,0,68.0,,deux_roues,,1,1,1,1,7
201900056537,2019-12-03 11:15:00,2019,12,3,11,15,988,98822,R.T.3,-20.936471,165.345054,Plein jour,En agglomération,Hors intersection,Normale,Deux véhicules - frontale,2,2,2,0,1,1,1,0,1,50,2,2,1,0,1,0,43.0,50.0,deux_roues,utilitaire_camion,1,2,1,1,1
201900056538,2019-04-21 12:05:00,2019,4,21,12,5,45,45028,Promenade des accruaux,47.780381,1.640851,Plein jour,En agglomération,Hors intersection,Temps éblouissant,Autre collision,4,2,2,0,1,1,1,9,1,20,1,2,1,0,1,0,66.0,,voiture,,1,2,1,7,6
201900056539,2019-05-12 19:00:00,2019,5,12,19,0,77,77283,D147,49.06192,3.0214,Plein jour,Hors agglomération,Hors intersection,Normale,Autre collision,3,2,2,0,1,3,1,0,3,80,1,1,0,0,1,0,41.0,,deux_roues,,1,1,1,1,6
201900056540,2019-12-03 13:30:00,2019,12,3,13,30,976,97608,Rue Mangamagari,-12.787712,45.271617,Plein jour,En agglomération,Hors intersection,Normale,Trois véhicules et plus - collisions multiples,4,2,2,0,1,1,1,0,1,-1,3,3,2,0,1,0,44.0,28.0,voiture,voiture,1,2,1,1,5
201900056541,2019-05-08 19:00:00,2019,5,8,19,0,77,77120,D401,49.024004,3.140295,Plein jour,Hors agglomération,Hors intersection,Pluie légère,Autre collision,3,2,2,0,1,1,2,0,3,80,2,2,1,0,1,0,28.0,65.0,voiture,voiture,1,1,1,2,6
201900056542,2019-12-02 23:10:00,2019,12,2,23,10,974,97418,Route Emile de la Giroday,-20.915301,55.535438,Nuit sans éclairage public,En agglomération,Hors intersection,Normale,Deux véhicules - frontale,3,2,2,0,1,1,1,0,1,70,2,2,0,0,1,1,29.0,23.0,deux_roues,voiture,3,2,1,1,1
201900056543,2019-05-16 09:10:00,2019,5,16,9,10,77,77474,Route Nationale 3,48.95818,2.80967,Plein jour,Hors agglomération,Hors intersection,Normale,Deux véhicules - arrière,2,3,3,0,1,1,1,0,2,90,2,2,1,0,0,1,30.0,31.0,voiture,voiture,1,1,1,1,2
201900056544,2019-02-16 16:15:00,2019,2,16,16,15,34,34003,LOUBATIERE (BD JEAN MONNET,43.30288,3.48513,Plein jour,En agglomération,Hors intersection,Normale,Deux véhicules - côté,4,3,2,1,1,1,1,0,1,30,2,2,1,0,1,0,68.0,89.0,deux_roues,voiture,1,2,1,1,3
201900056545,2019-05-20 03:45:00,2019,5,20,3,45,77,77322,Route Départementale26 A,49.06043,2.59441,Nuit sans éclairage public,Hors agglomération,Hors intersection,Normale,Deux véhicules - frontale,3,2,2,0,2,1,1,0,1,70,2,3,0,0,3,0,24.0,55.0,voiture,voiture,3,1,1,1,1
201900056546,2019-02-07 17:40:00,2019,2,7,17,40,33,33281,RTE JEAN BRIAUD,44.82184,-0.67232,Plein jour,En agglomération,Intersection en T,Normale,Deux véhicules - côté,4,2,2,0,1,1,1,0,8,30,2,2,1,0,0,1,32.0,20.0,voiture,deux_roues,1,2,3,1,3
201900056547,2019-05-17 00:15:00,2019,5,17,0,15,77,77360,ROUTE DEPARTEMENTALE 231,48.73299,3.00035,Nuit sans éclairage public,Hors agglomération,Hors intersection,Normale,Autre collision,3,2,2,0,1,1,1,0,3,80,1,1,0,1,0,0,74.0,,voiture,,3,1,1,1,6
201900056548,2019-05-29 18:10:00,2019,5,29,18,10,77,77440,D603-55 rue de metz,48.947401,3.082703,Plein jour,En agglomération,Hors intersection,Normale,Deux véhicules - arrière,3,2,2,0,1,3,1,0,1,50,2,2,1,0,0,1,19.0,61.0,voiture,utilitaire_camion,1,2,1,1,2
201900056549,2019-02-12 11:45:00,2019,2,12,11,45,33,33069,BD GODARD,44.86578,-0.57645,Plein jour,En agglomération,Intersection en T,Normale,Deux véhicules - côté,4,2,6,0,1,1,1,0,8,50,2,2,1,0,0,1,18.0,31.0,deux_roues,utilitaire_camion,1,2,3,1,3
201900056550,2019-11-30 10:30:00,2019,11,30,10,30,973,97305,N1,4.907465,-52.367923,Plein jour,Hors agglomération,Hors intersection,Normale,Trois véhicules et plus - en chaîne,2,2,2,0,1,1,1,2,1,70,3,4,2,0,1,1,32.0,25.0,voiture,voiture,1,1,1,1,4