accident_id,datetime,annee,mois,jour,heure,minute,departement,commune_insee,adresse,latitude,longitude,luminosite,agglomeration,intersection,meteo,collision,catr,circ,nbv,vosp,prof,plan,surf,infra,situ,vma,nb_vehicules,nb_usagers,nb_indemnes,nb_tues,nb_blesses_hosp,nb_blesses_legers,age_cond_1,age_cond_2,veh_type_cond_1,veh_type_cond_2,lum_code,agg_code,int_code,atm_code,col_code
201900056551,2019-02-17 01:57:00,2019,2,17,1,57,32,32013,ROCADE (RN 124 EST),43.660404,0.638868,Nuit sans éclairage public,Hors agglomération,Autre intersection,Normale,Sans collision,2,-1,2,0,1,3,1,5,1,50,1,1,0,0,0,1,45.0,,deux_roues,,3,1,9,1,7
201900056552,2019-02-14 17:20:00,2019,2,14,17,20,31,31069,CARRIERE (RUE),43.6391,1.39311,Plein jour,En agglomération,Autre intersection,Normale,Sans collision,4,2,2,0,1,1,1,0,1,50,1,1,0,0,0,1,37.0,,deux_roues,,1,2,9,1,7
201900056553,2019-05-08 12:23:00,2019,5,8,12,23,77,77183,D3-Rue Pierre Marx,48.94988,3.11359,Plein jour,En agglomération,Hors intersection,Normale,Deux véhicules - frontale,3,2,2,0,1,1,2,6,1,30,2,3,2,0,1,0,92.0,67.0,voiture,voiture,1,2,1,1,1
201900056554,2019-02-14 17:00:00,2019,2,14,17,0,31,31555,CHE DU MIRAIL,43.5819,1.40013,Plein jour,En agglomération,Hors intersection,Normale,Deux véhicules - côté,4,1,2,0,1,1,1,0,1,50,2,2,1,0,0,1,30.0,21.0,utilitaire_camion,deux_roues,1,2,1,1,3
201900056555,2019-05-22 14:00:00,2019,5,22,14,0,77,77413,D8A-rue louis douvizie,48.88035,2.8522,Plein jour,En agglomération,Hors intersection,Normale,Sans collision,3,2,2,0,1,3,1,0,1,50,1,1,0,0,0,1,16.0,,deux_roues,,1,2,1,1,7
201900056556,2019-05-01 16:20:00,2019,5,1,16,20,77,77128,D8A - 1223 rue de condé,48.89081,2.84143,Plein jour,En agglomération,Hors intersection,Normale,Autre collision,3,2,2,0,1,1,1,0,1,50,1,1,0,0,1,0,82.0,,voiture,,1,2,1,1,6
201900056557,2019-02-14 07:35:00,2019,2,14,7,35,31,31149,GRAMONT (CHEMIN DE),43.61821,1.33897,Crépuscule ou aube,En agglomération,Intersection en T,Normale,Deux véhicules - côté,4,2,2,1,1,1,1,0,1,50,2,2,1,0,0,1,31.0,53.0,voiture,deux_roues,2,2,3,1,3
201900056558,2019-05-20 07:50:00,2019,5,20,7,50,77,77100,D605 X Rue des Dames de Poissy,48.503441,2.793624,Plein jour,En agglomération,Autre intersection,Normale,Deux véhicules - côté,3,2,2,0,2,1,1,0,1,50,2,2,1,0,1,0,42.0,55.0,voiture,deux_roues,1,2,9,1,3
201900056559,2019-02-13 11:25:00,2019,2,13,11,25,31,31555,CHE CARROSSE,43.57218,1.47872,Plein jour,En agglomération,Hors intersection,Normale,Autre collision,4,2,2,0,1,1,1,0,1,50,1,2,1,0,0,1,42.0,,deux_roues,,1,2,1,1,6
201900056560,2019-11-29 20:10:00,2019,11,29,20,10,77,77153,175b avenue du general de Gaulle,49.05734,2.683666,Nuit avec éclairage allumé,En agglomération,Hors intersection,Pluie légère,Autre collision,4,2,2,0,1,1,2,0,1,50,1,2,1,0,0,1,43.0,,voiture,,5,2,1,2,6
201900056561,2019-02-14 07:00:00,2019,2,14,7,0,31,31555,RUE SAINT CHARLES,43.61016,1.44063,Nuit avec éclairage allumé,En agglomération,Hors intersection,Normale,Autre collision,4,1,2,0,1,1,1,0,1,30,1,2,1,0,1,0,16.0,,deux_roues,,5,2,1,1,6
201900056562,2019-05-03 14:00:00,2019,5,3,14,0,77,77179,D227 X ROUTE DE BOISSY,48.45008,2.80741,Plein jour,Hors agglomération,Intersection en X,Normale,Autre collision,3,2,2,0,1,1,1,0,1,80,2,3,2,0,0,1,58.0,58.0,utilitaire_camion,voiture,1,1,2,1,6
201900056563,2019-02-13 18:10:00,2019,2,13,18,10,31,31555,PLACE DES TIBAOUS,43.55047,1.38549,Plein jour,En agglomération,Intersection en T,Normale,Deux véhicules - côté,4,2,2,0,1,1,1,9,1,30,2,2,1,0,0,1,54.0,8.0,voiture,deux_roues,1,2,3,1,3
201900056564,2019-05-22 19:30:00,2019,5,22,19,30,95,95351,Avenue du Général Leclerc,49.048044,2.50645,Plein jour,En agglomération,Intersection en T,Normale,Deux véhicules - côté,3,2,2,0,2,1,1,0,1,50,2,2,1,0,1,0,46.0,66.0,deux_roues,utilitaire_camion,1,2,3,1,3
201900056565,2019-02-13 13:39:00,2019,2,13,13,39,31,31069,A621,43.62143,1.39944,Plein jour,Hors agglomération,Hors intersection,Normale,Trois véhicules et plus - en chaîne,1,3,5,0,1,1,1,0,1,90,5,6,4,0,0,2,28.0,50.0,voiture,utilitaire_camion,1,1,1,1,4
201900056566,2019-05-02 22:15:00,2019,5,2,22,15,91,91579,Avenue CHARLES RNE DE MORTEMART,48.54003,2.342261,Nuit avec éclairage non allumé,En agglomération,Hors intersection,Normale,Trois véhicules et plus - en chaîne,3,2,2,0,1,1,1,0,1,50,3,3,2,1,0,0,55.0,61.0,voiture,voiture,4,2,1,1,4
201900056567,2019-05-26 20:30:00,2019,5,26,20,30,91,91041,RN 20,48.559312,2.225359,Plein jour,Hors agglomération,Hors intersection,Temps couvert,Sans collision,2,3,4,0,1,1,1,3,1,70,1,1,0,0,1,0,19.0,,voiture,,1,1,1,8,7
201900056568,2019-06-10 19:20:00,2019,6,10,19,20,75,75118,RUE POULET,48.886519,2.347976,Plein jour,En agglomération,Hors intersection,Normale,Deux véhicules - arrière,4,1,1,0,2,1,1,0,1,50,2,2,1,0,0,1,34.0,35.0,deux_roues,utilitaire_camion,1,2,1,1,2
201900056569,2019-06-09 20:40:00,2019,6,9,20,40,75,75118,RUE CUSTINE,48.889325,2.344685,Crépuscule ou aube,En agglomération,Intersection à plus de 4 branches,Normale,Autre collision,4,2,2,0,2,1,1,0,1,50,1,1,0,0,0,1,57.0,,deux_roues,,2,2,5,1,6
201900056570,2019-06-05 11:25:00,2019,6,5,11,25,75,75118,AVENUE DE LA PORTE DE CLIGNANCOURT,48.900686,2.344209,Plein jour,En agglomération,Intersection en Y,Normale,Deux véhicules - côté,4,-1,0,0,1,1,1,0,1,50,2,2,1,0,0,1,54.0,33.0,deux_roues,voiture,1,2,4,1,3
201900056571,2019-05-22 19:40:00,2019,5,22,19,40,91,91136,RN20,48.702663,2.285564,Plein jour,Hors agglomération,Hors intersection,Normale,Sans collision,2,3,4,0,2,1,1,0,2,90,1,1,0,1,0,0,48.0,,deux_roues,,1,1,1,1,7
201900056572,2019-02-15 16:10:00,2019,2,15,16,10,30,30189,CANAUX (CHEMIN),43.7859047,4.358758,Plein jour,Hors agglomération,Autre intersection,Normale,Trois véhicules et plus - collisions multiples,3,3,3,0,1,1,1,0,1,80,3,3,1,1,0,1,74.0,31.0,voiture,voiture,1,1,9,1,5
201900056573,2019-06-03 19:35:00,2019,6,3,19,35,75,75118,RUE LAMARCK,48.887539,2.344547,Plein jour,En agglomération,Intersection en X,Normale,Deux véhicules - frontale,4,1,1,0,3,1,1,0,1,50,2,2,1,0,1,0,36.0,45.0,deux_roues,voiture,1,2,2,1,1
201900056574,2019-05-26 01:30:00,2019,5,26,1,30,91,91038,d148,48.485189,2.201852,Nuit sans éclairage public,Hors agglomération,Hors intersection,Pluie légère,Deux véhicules - frontale,3,2,2,0,1,3,2,2,1,70,2,4,0,0,0,4,23.0,26.0,voiture,voiture,3,1,1,2,1
201900056575,2019-12-02 18:15:00,2019,12,2,18,15,78,78193,Grande Rue,48.706316,1.987608,Nuit avec éclairage allumé,En agglomération,Intersection en T,Normale,Autre collision,3,2,2,0,1,1,1,0,1,50,1,2,1,0,1,0,50.0,,voiture,,5,2,3,1,6
201900056576,2019-02-13 11:30:00,2019,2,13,11,30,30,30189,TALABOT (BOULEVARD),43.8338,4.3674,Plein jour,En agglomération,Intersection à plus de 4 branches,Normale,Deux véhicules - côté,4,1,2,3,1,1,1,5,1,50,2,2,1,0,0,1,31.0,23.0,utilitaire_camion,voiture,1,2,5,1,3
201900056577,2019-05-01 16:25:00,2019,5,1,16,25,91,91200,Rue de Chartres,48.530349,2.011359,Plein jour,En agglomération,Hors intersection,Normale,Autre collision,4,1,1,0,2,1,9,6,1,30,1,2,1,0,1,0,42.0,,deux_roues,,1,2,1,1,6
201900056578,2019-05-31 09:54:00,2019,5,31,9,54,75,75118,RUE GUSTAVE ROUANET,48.896403,2.34176,Plein jour,En agglomération,Intersection en T,Normale,Autre collision,4,1,1,0,1,1,1,0,1,50,1,2,1,0,0,1,39.0,,voiture,,1,2,3,1,6
201900056579,2019-06-19 09:00:00,2019,6,19,9,0,75,75118,AVENUE DE SAINT OUEN,48.896167,2.328552,Plein jour,En agglomération,Hors intersection,Normale,Autre collision,4,2,2,0,2,1,1,0,1,50,1,2,0,0,0,2,26.0,,deux_roues,,1,2,1,1,6
201900056580,2019-06-18 20:40:00,2019,6,18,20,40,75,75117,RUE DU CAPITAINE LAGACHE,48.892101,2.325641,Plein jour,En agglomération,Hors intersection,Normale,Deux véhicules - frontale,4,1,2,2,1,1,1,0,5,30,2,3,0,0,0,3,37.0,37.0,deux_roues,deux_roues,1,2,1,1,1
201900056581,2019-05-23 10:10:00,2019,5,23,10,10,91,91405,D837,48.406535,2.454935,Plein jour,Hors agglomération,Intersection en X,Normale,Trois véhicules et plus - collisions multiples,3,2,3,0,1,1,1,0,1,70,3,4,2,0,1,1,87.0,25.0,voiture,voiture,1,1,2,1,5
201900056582,2019-02-15 00:35:00,2019,2,15,0,35,29,29232,GUTENBERG BOULEVARD,47.98121,-4.07772,Nuit avec éclairage allumé,Hors agglomération,Hors intersection,Normale,Trois véhicules et plus - collisions multiples,4,2,2,0,2,1,1,0,1,70,3,6,3,0,1,2,36.0,57.0,voiture,voiture,5,1,1,1,5
201900056583,2019-12-03 16:00:00,2019,12,3,16,0,84,84141,Av Maurice et Marguerite Vidier,43.973248,4.894593,Plein jour,Hors agglomération,Intersection en T,Normale,Deux véhicules - côté,3,2,2,0,1,1,1,5,1,50,2,2,1,0,1,0,74.0,34.0,voiture,deux_roues,1,1,3,1,3
201900056584,2019-05-01 20:00:00,2019,5,1,20,0,91,91386,Rue du Parc,48.56718,2.438977,Crépuscule ou aube,En agglomération,Hors intersection,Normale,Sans collision,7,2,2,0,1,1,1,0,1,50,1,1,0,0,1,0,21.0,,deux_roues,,2,2,1,1,7
201900056585,2019-06-17 15:55:00,2019,6,17,15,55,75,75117,BOULEVARD GOUVION SAINT CYR,48.885391,2.291303,Plein jour,En agglomération,Place,Normale,Autre collision,4,3,2,0,1,1,1,0,1,30,1,1,0,0,0,1,47.0,,deux_roues,,1,2,7,1,6
201900056586,2019-02-17 17:50:00,2019,2,17,17,50,29,29039,RD 783,47.91633,-3.94138,Plein jour,Hors agglomération,Hors intersection,Normale,Sans collision,3,2,2,0,2,2,1,0,1,50,1,1,0,0,0,1,58.0,,voiture,,1,1,1,1,7
201900056587,2019-12-02 18:00:00,2019,12,2,18,0,4,04019,Rue Manuel,44.386719,6.650012,Nuit avec éclairage allumé,En agglomération,Hors intersection,Autre,Autre collision,4,1,1,0,1,1,1,0,1,30,1,1,0,0,0,1,,,,,5,2,1,9,6
201900056588,2019-02-16 04:50:00,2019,2,16,4,50,29,29039,CABELLOU ( AVENUE DU),47.85648,-3.90136,Nuit sans éclairage public,En agglomération,Hors intersection,Pluie légère,Autre collision,4,-1,2,0,2,1,2,0,1,30,1,3,2,0,0,1,30.0,,utilitaire_camion,,3,2,1,2,6
201900056589,2019-06-16 17:00:00,2019,6,16,17,0,75,75117,AVENUE DE WAGRAM,48.88673,2.304444,Plein jour,En agglomération,Hors intersection,Normale,Trois véhicules et plus - collisions multiples,4,2,2,0,1,1,1,0,1,50,3,3,2,0,0,1,43.0,23.0,voiture,voiture,1,2,1,1,5
201900056590,2019-06-16 16:45:00,2019,6,16,16,45,75,75117,BOULEVARD BERTHIER,48.893749,2.311747,Plein jour,En agglomération,Intersection en T,Normale,Deux véhicules - arrière,4,2,4,0,1,1,1,4,1,50,2,3,1,0,0,2,58.0,49.0,utilitaire_camion,voiture,1,2,3,1,2
201900056591,2019-04-30 07:30:00,2019,4,30,7,30,91,91468,Avenue des Roissys Haut,48.57172,2.467708,Plein jour,En agglomération,Hors intersection,Normale,Deux véhicules - frontale,3,2,2,1,1,1,1,0,1,50,2,2,0,0,2,0,82.0,24.0,voiture,voiture,1,2,1,1,1
201900056592,2019-02-15 11:55:00,2019,2,15,11,55,29,29019,ROCH GLAS (ROUTE ET CHEMIN),48.43152,-4.48664,Plein jour,Hors agglomération,Hors intersection,Temps éblouissant,Trois véhicules et plus - en chaîne,4,2,2,0,1,1,1,0,1,50,3,3,2,0,0,1,31.0,42.0,voiture,voiture,1,1,1,7,4
201900056593,2019-05-17 07:55:00,2019,5,17,7,55,78,78683,Place de la Gare,48.820496,1.888619,Crépuscule ou aube,En agglomération,Place,Normale,Autre collision,4,1,1,0,1,2,1,0,1,-1,1,2,1,0,0,1,45.0,,voiture,,2,2,7,1,6
201900056594,2019-12-02 18:30:00,2019,12,2,18,30,89,89013,21 Grande Rue,47.876417,3.524689,Nuit avec éclairage allumé,En agglomération,Intersection en T,Normale,Autre collision,3,1,1,0,1,2,1,0,1,50,1,2,1,0,1,0,68.0,,voiture,,5,2,3,1,6
201900056595,2019-02-13 17:46:00,2019,2,13,17,46,29,29019,GUYNEMER CAPITAINE (DE 1 A 61 ET 2 A 72),48.3949,-4.4637,Plein jour,En agglomération,Hors intersection,Normale,Autre collision,4,-1,0,0,1,1,1,0,1,50,1,2,1,0,0,1,52.0,,voiture,,1,2,1,1,6
201900056596,2019-06-15 18:40:00,2019,6,15,18,40,75,75117,BOULEVARD DES BATIGNOLLES,48.883248,2.32532,Plein jour,En agglomération,Intersection en X,Normale,Deux véhicules - arrière,4,1,2,0,1,1,1,1,1,50,2,2,1,0,0,1,23.0,34.0,deux_roues,voiture,1,2,2,1,2
201900056597,2019-02-14 13:30:00,2019,2,14,13,30,29,29019,GOUESNOU (DE 221 ET 214 A FIN),48.4275303,-4.4674668,Plein jour,En agglomération,Hors intersection,Normale,Autre collision,4,2,2,0,1,1,1,4,1,50,1,2,1,0,1,0,47.0,,transport_commun,,1,2,1,1,6
201900056598,2019-06-13 09:45:00,2019,6,13,9,45,75,75117,BOULEVARD DU FORT DE VAUX,48.892277,2.301012,Plein jour,En agglomération,Intersection en X,Normale,Deux véhicules - arrière,4,1,4,0,1,1,2,0,1,50,2,2,1,0,0,1,64.0,65.0,deux_roues,utilitaire_camion,1,2,2,1,2
201900056599,2019-12-02 17:20:00,2019,12,2,17,20,71,71583,ROUTE DES ALLEMANDS,46.269912,4.77995,Nuit sans éclairage public,Hors agglomération,Intersection en X,Normale,Deux véhicules - côté,3,2,2,0,1,1,1,0,1,80,2,2,0,0,0,2,39.0,42.0,voiture,voiture,3,1,2,1,3
201900056600,2019-05-12 10:35:00,2019,5,12,10,35,78,78062,D 119,48.850651,1.894942,Plein jour,Hors agglomération,Intersection en T,Normale,Deux véhicules - côté,3,2,2,0,2,1,1,5,1,70,2,2,1,0,1,0,93.0,30.0,voiture,deux_roues,1,1,3,1,3
201900056601,2019-02-16 15:05:00,2019,2,16,15,5,27,27681,MAGNY (ROUTE DE),49.0989349,1.5107727,Plein jour,Hors agglomération,Autre intersection,Normale,Autre collision,3,2,2,0,4,3,1,9,1,50,1,1,0,0,0,1,70.0,,autre,,1,1,9,1,6
201900056602,2019-12-02 15:29:00,2019,12,2,15,29,88,88196,28 Boulevard de la Jamagne,48.075905,6.876399,Plein jour,En agglomération,Intersection en X,Normale,Deux véhicules - côté,3,2,2,2,1,1,1,0,5,50,2,2,1,0,0,1,39.0,64.0,deux_roues,voiture,1,2,2,1,3
201900056603,2019-05-18 17:20:00,2019,5,18,17,20,78,78398,2 chemin des fontenelles,48.756142,1.836933,Plein jour,Hors agglomération,Hors intersection,Normale,Sans collision,5,-1,1,0,1,1,6,0,8,-1,1,1,0,0,1,0,47.0,,deux_roues,,1,1,1,1,7
201900056604,2019-02-14 08:40:00,2019,2,14,8,40,27,27701,CHAUSSE DU VEXIN,49.25787,1.18299,Plein jour,En agglomération,Hors intersection,Normale,Deux véhicules - frontale,3,2,2,0,1,2,1,0,1,50,2,2,1,0,0,1,56.0,48.0,voiture,voiture,1,2,1,1,1
201900056605,2019-12-03 08:49:00,2019,12,3,8,49,38,38442,D512,45.2971,5.76963,Plein jour,Hors agglomération,Hors intersection,Neige / grêle,Deux véhicules - arrière,3,2,2,0,2,2,5,0,1,80,2,2,1,0,0,1,40.0,40.0,voiture,voiture,1,1,1,4,2
201900056606,2019-06-12 17:30:00,2019,6,12,17,30,75,75117,RUE LANTIEZ,48.896469,2.32512,Plein jour,En agglomération,Intersection en X,Pluie légère,Autre collision,4,1,1,0,1,1,2,0,1,50,4,4,3,0,0,1,34.0,43.0,utilitaire_camion,voiture,1,2,2,2,6
201900056607,2019-05-12 13:55:00,2019,5,12,13,55,78,78128,1 Rue de Limours,48.673484,1.974528,Plein jour,En agglomération,Intersection en Y,Normale,Deux véhicules - côté,3,2,2,0,1,1,1,0,1,50,2,2,1,0,1,0,26.0,49.0,voiture,deux_roues,1,2,4,1,3
201900056608,2019-02-14 14:00:00,2019,2,14,14,0,26,26198,AURIOL ( Bd du président Vincent),44.54306,4.77124,Plein jour,Hors agglomération,Hors intersection,Normale,Autre collision,3,2,2,0,1,1,1,0,1,70,1,2,1,0,0,1,82.0,,voiture,,1,1,1,1,6
201900056609,2019-06-11 18:45:00,2019,6,11,18,45,75,75117,BOULEVARD GOUVION SAINT CYR,48.878397,2.284351,Plein jour,En agglomération,Hors intersection,Pluie légère,Autre collision,4,1,1,0,1,1,2,0,1,50,1,2,1,0,0,1,57.0,,voiture,,1,2,1,2,6
201900056610,2019-05-12 12:00:00,2019,5,12,12,0,78,78590,rue de dampierre,48.686398,1.981136,Plein jour,Hors agglomération,Hors intersection,Normale,Autre collision,3,2,2,0,1,2,1,0,1,70,2,2,0,0,0,2,42.0,22.0,deux_roues,deux_roues,1,1,1,1,6
201900056611,2019-06-07 19:10:00,2019,6,7,19,10,75,75117,RUE DE COURCELLES,48.886695,2.295536,Plein jour,En agglomération,Hors intersection,Vent fort / tempête,Autre collision,4,2,1,0,1,1,1,0,1,50,1,2,1,0,1,0,55.0,,voiture,,1,2,1,6,6
201900056612,2019-06-11 15:10:00,2019,6,11,15,10,75,75117,AVENUE DE SAINT OUEN,48.891608,2.32696,Plein jour,En agglomération,Intersection en T,Normale,Autre collision,4,2,2,0,2,1,1,6,6,50,2,2,1,0,0,1,28.0,,deux_roues,,1,2,3,1,6
201900056613,2019-06-11 11:05:00,2019,6,11,11,5,75,75117,RUE LECLUSE,48.88491,2.325034,Plein jour,En agglomération,Intersection en T,Normale,Autre collision,4,1,1,0,1,1,1,0,1,30,1,2,1,0,0,1,26.0,,deux_roues,,1,2,3,1,6
201900056614,2019-04-28 18:30:00,2019,4,28,18,30,78,78472,Intersection RD 116 / RN191,48.483799,1.848556,Crépuscule ou aube,Hors agglomération,Intersection en X,Pluie légère,Trois véhicules et plus - collisions multiples,2,2,2,0,1,1,2,0,1,80,3,3,1,0,0,2,47.0,79.0,utilitaire_camion,voiture,2,1,2,2,5
201900056615,2019-12-02 16:05:00,2019,12,2,16,5,7,07127,69 Avenue de la Gare,44.6474432,4.3250393,Plein jour,En agglomération,Hors intersection,Normale,Autre collision,2,2,2,0,1,1,1,0,1,50,1,2,1,1,0,0,24.0,,voiture,,1,2,1,1,6
201900056616,2019-12-02 16:15:00,2019,12,2,16,15,79,79283,Route de la Crêche,46.36744,-0.280324,Plein jour,Hors agglomération,Hors intersection,Temps éblouissant,Autre collision,3,2,2,0,1,3,1,0,3,80,1,1,0,0,1,0,39.0,,deux_roues,,1,1,1,7,6
201900056617,2019-05-18 12:05:00,2019,5,18,12,5,78,78283,RD983,48.726961,1.628835,Plein jour,Hors agglomération,Intersection en X,Pluie légère,Autre collision,3,2,2,0,2,1,2,0,3,80,1,1,0,0,1,0,,,,,1,1,2,2,6
201900056618,2019-06-08 11:45:00,2019,6,8,11,45,75,75117,AVENUE DE LA PORTE D ASNIERES,48.890616,2.303099,Plein jour,En agglomération,Intersection en T,Normale,Deux véhicules - côté,4,2,4,3,1,1,1,0,6,50,2,2,1,0,0,1,21.0,32.0,voiture,deux_roues,1,2,3,1,3
201900056619,2019-03-24 12:19:00,2019,3,24,12,19,78,78531,A13 Pk 055.050,49.005259,1.602377,Plein jour,Hors agglomération,Hors intersection,Normale,Sans collision,1,1,5,0,3,1,1,0,1,130,1,1,0,0,0,1,23.0,,voiture,,1,1,1,1,7
201900056620,2019-02-14 18:15:00,2019,2,14,18,15,25,25462,SALINS DE (DU 16 AU 63),46.90677,6.34633,Nuit avec éclairage allumé,En agglomération,Hors intersection,Normale,Autre collision,4,2,2,0,1,1,1,0,1,50,1,3,2,0,0,1,19.0,,voiture,,5,2,1,1,6
201900056621,2019-12-02 15:40:00,2019,12,2,15,40,64,64430,Route de Bayonne,43.4898863,-0.7887777,Plein jour,En agglomération,Hors intersection,Temps couvert,Deux véhicules - arrière,3,2,2,0,1,1,1,0,1,70,2,2,0,0,1,1,72.0,74.0,voiture,voiture,1,2,1,8,2
201900056622,2019-06-08 11:00:00,2019,6,8,11,0,75,75117,BOULEVARD MALESHERBES,48.880857,2.312566,Plein jour,En agglomération,Intersection en X,Temps couvert,Sans collision,4,2,2,0,1,1,1,0,1,50,1,1,0,0,0,1,35.0,,deux_roues,,1,2,2,8,7
201900056623,2019-05-23 23:50:00,2019,5,23,23,50,2B,2B332,Pietra d'Urtaca,42.593965,9.165486,Nuit sans éclairage public,Hors agglomération,Intersection en T,Normale,Sans collision,2,2,2,0,1,1,1,5,1,80,1,1,0,0,1,0,61.0,,deux_roues,,3,1,3,1,7
201900056624,2019-11-29 06:45:00,2019,11,29,6,45,33,33295,2 Piece de l'Eglise,45.01227,-0.35626,Nuit sans éclairage public,Hors agglomération,Hors intersection,Temps couvert,Autre collision,3,2,2,0,2,2,2,0,3,70,1,2,0,0,1,1,19.0,,voiture,,3,1,1,8,6
201900056625,2019-02-14 19:55:00,2019,2,14,19,55,24,24037,AVENUE DU GENERAL DE GAULLE,44.8403,0.4619,Nuit avec éclairage allumé,En agglomération,Intersection en X,Normale,Deux véhicules - côté,3,2,2,0,1,1,1,0,1,50,2,3,1,0,1,1,27.0,18.0,voiture,deux_roues,5,2,2,1,3
201900056626,2019-05-23 11:50:00,2019,5,23,11,50,2B,2B162,D47,42.486031,9.113877,Plein jour,Hors agglomération,Hors intersection,Normale,Sans collision,3,2,2,0,1,2,1,0,1,80,1,1,0,0,0,1,37.0,,deux_roues,,1,1,1,1,7
201900056627,2019-12-02 12:24:00,2019,12,2,12,24,72,72154,Avenue d'Obernkirchen,47.70133,-0.054959,Plein jour,En agglomération,Hors intersection,Normale,Deux véhicules - arrière,3,2,2,0,1,1,1,0,5,70,2,2,1,0,1,0,28.0,34.0,voiture,deux_roues,1,2,1,1,2
201900056628,2019-06-08 05:40:00,2019,6,8,5,40,75,75117,RUE DE TOCQUEVILLE,48.88285,2.313311,Plein jour,En agglomération,Hors intersection,Normale,Autre collision,4,2,1,0,1,1,1,0,1,50,1,1,0,0,0,1,,,,,1,2,1,1,6
201900056629,2019-12-02 20:30:00,2019,12,2,20,30,50,50575,2 Route des Roches,49.585793,-1.69022,Nuit sans éclairage public,Hors agglomération,Giratoire,Normale,Autre collision,3,2,2,0,2,1,1,5,8,80,1,1,0,0,1,0,48.0,,voiture,,3,1,6,1,6
201900056630,2019-06-06 20:00:00,2019,6,6,20,0,75,75117,PLACE PAUL LEAUTAUD,48.887152,2.297414,Plein jour,En agglomération,Place,Normale,Autre collision,4,2,2,0,1,1,1,9,1,50,2,1,0,0,0,1,29.0,,deux_roues,,1,2,7,1,6
201900056631,2019-12-03 07:00:00,2019,12,3,7,0,27,27683,RD 313,49.220097,1.395026,Nuit sans éclairage public,Hors agglomération,Hors intersection,Brouillard / fumée,Deux véhicules - frontale,3,2,2,0,1,1,7,0,1,80,2,2,0,0,1,1,43.0,22.0,voiture,voiture,3,1,1,5,1
201900056632,2019-05-16 14:40:00,2019,5,16,14,40,2B,2B193,RT 20,42.411821,9.195236,Plein jour,Hors agglomération,Hors intersection,Normale,Deux véhicules - frontale,2,2,2,0,1,1,1,0,1,80,2,3,0,1,1,1,72.0,55.0,voiture,voiture,1,1,1,1,1
201900056633,2019-02-15 19:20:00,2019,2,15,19,20,17,17291,RN 237 ,46.178787,-1.128816,Nuit sans éclairage public,Hors agglomération,Hors intersection,Normale,Deux véhicules - côté,2,3,4,0,1,2,1,0,1,90,2,4,2,0,0,2,47.0,73.0,utilitaire_camion,voiture,3,1,1,1,3
201900056634,2019-02-14 17:55:00,2019,2,14,17,55,17,17300,GUITON   AVENUE JEAN (167-341),46.160839,-1.172796,Crépuscule ou aube,En agglomération,Intersection en T,Normale,Deux véhicules - arrière,4,2,2,0,1,1,1,0,1,30,2,2,1,0,0,1,49.0,59.0,voiture,voiture,2,2,3,1,2
201900056635,2019-06-02 23:47:00,2019,6,2,23,47,75,75117,RUE CARDINET,48.891109,2.318052,Nuit avec éclairage allumé,En agglomération,Intersection en T,Normale,Deux véhicules - côté,4,2,2,0,1,1,1,0,1,30,2,3,2,0,0,1,32.0,28.0,voiture,deux_roues,5,2,3,1,3
201900056636,2019-05-06 17:00:00,2019,5,6,17,0,2B,2B047,Scardacciole,42.334176,9.009198,Plein jour,En agglomération,Hors intersection,Normale,Deux véhicules - arrière,3,2,2,0,1,1,1,0,1,50,2,2,1,0,0,1,42.0,44.0,deux_roues,deux_roues,1,2,1,1,2
201900056637,2019-02-15 09:15:00,2019,2,15,9,15,14,14333,VASES (RUE DES),49.4180818,0.2391003,Plein jour,En agglomération,Hors intersection,Temps éblouissant,Autre collision,3,2,4,0,1,1,1,0,1,50,1,2,1,1,0,0,64.0,,voiture,,1,2,1,7,6
201900056638,2019-06-01 13:00:00,2019,6,1,13,0,75,75117,AVENUE DE VILLIERS,48.884701,2.299184,Plein jour,En agglomération,Intersection en Y,Normale,Autre collision,4,2,2,0,1,1,1,0,1,50,1,1,0,0,0,1,33.0,,utilitaire_camion,,1,2,4,1,6
201900056639,2019-06-01 10:25:00,2019,6,1,10,25,75,75117,BOULEVARD DES BATIGNOLLES,48.883548,2.326864,Plein jour,En agglomération,Intersection en T,Normale,Deux véhicules - côté,4,2,2,3,1,1,1,0,6,50,2,2,1,0,0,1,38.0,22.0,deux_roues,utilitaire_camion,1,2,3,1,3
201900056640,2019-12-02 18:15:00,2019,12,2,18,15,2,02555,D86,48.964748,3.300712,Nuit sans éclairage public,Hors agglomération,Hors intersection,Normale,Deux véhicules - frontale,3,2,2,0,2,1,1,0,1,90,2,2,0,0,1,1,26.0,19.0,voiture,voiture,3,1,1,1,1
201900056641,2019-02-15 07:45:00,2019,2,15,7,45,13,13103,BOULEVARD DU ROY RENE,43.63249,5.09825,Crépuscule ou aube,En agglomération,Hors intersection,Normale,Autre collision,4,2,3,0,1,3,1,0,1,50,1,2,1,0,1,0,26.0,,voiture,,2,2,1,1,6
201900056642,2019-05-31 12:30:00,2019,5,31,12,30,75,75117,BOULEVARD MALESHERBES,48.888531,2.304369,Plein jour,En agglomération,Hors intersection,Normale,Deux véhicules - côté,4,2,3,0,1,1,1,0,1,30,2,2,1,0,0,1,38.0,41.0,voiture,deux_roues,1,2,1,1,3