accident_id,datetime,annee,mois,jour,heure,minute,departement,commune_insee,adresse,latitude,longitude,luminosite,agglomeration,intersection,meteo,collision,catr,circ,nbv,vosp,prof,plan,surf,infra,situ,vma,nb_vehicules,nb_usagers,nb_indemnes,nb_tues,nb_blesses_hosp,nb_blesses_legers,age_cond_1,age_cond_2,veh_type_cond_1,veh_type_cond_2,lum_code,agg_code,int_code,atm_code,col_code
201900056643,2019-05-26 16:00:00,2019,5,26,16,0,2B,2B314,Piste de Saleccia,42.711351,9.20442,Plein jour,Hors agglomération,Hors intersection,Pluie légère,Sans collision,5,2,2,0,1,1,6,0,8,-1,1,1,0,0,0,1,53.0,,deux_roues,,1,1,1,2,7
201900056644,2019-11-24 12:40:00,2019,11,24,12,40,13,13071,A51-Sens Marseille vers Aix en Provence,43.4149,5.365,Plein jour,Hors agglomération,Hors intersection,Pluie légère,Trois véhicules et plus - en chaîne,1,1,2,0,1,1,2,0,1,90,3,3,2,0,0,1,44.0,21.0,voiture,voiture,1,1,1,2,4
201900056645,2019-02-17 12:30:00,2019,2,17,12,30,13,13213,ROSE (AVENUE DE LA),43.3266,5.422,Plein jour,En agglomération,Hors intersection,Normale,Deux véhicules - frontale,4,2,2,0,1,1,1,0,1,50,2,2,1,0,0,1,23.0,57.0,voiture,voiture,1,2,1,1,1
201900056646,2019-05-30 15:00:00,2019,5,30,15,0,75,75117,AVENUE NIEL,48.881883,2.295879,Plein jour,En agglomération,Intersection en X,Normale,Deux véhicules - côté,4,2,2,0,1,1,1,0,1,50,2,2,1,0,0,1,36.0,24.0,deux_roues,voiture,1,2,2,1,3
201900056647,2019-05-23 12:50:00,2019,5,23,12,50,2B,2B148,RT205,42.536046,9.442944,Plein jour,Hors agglomération,Hors intersection,Temps couvert,Deux véhicules - frontale,3,2,2,0,3,1,1,0,1,70,2,3,1,0,2,0,81.0,44.0,voiture,voiture,1,1,1,8,1
201900056648,2019-02-17 11:10:00,2019,2,17,11,10,13,13209,REDON (BOULEVARD DU),43.253027,5.421895,Plein jour,En agglomération,Hors intersection,Normale,Autre collision,4,2,2,0,1,2,1,0,1,30,1,3,1,0,2,0,44.0,,voiture,,1,2,1,1,6
201900056649,2019-05-18 20:30:00,2019,5,18,20,30,2B,2B355,RT 20 - ieu dit FOSSA,42.511407,9.39342,Crépuscule ou aube,Hors agglomération,Autre intersection,Pluie légère,Autre collision,2,2,2,0,2,1,2,0,1,80,1,2,0,0,0,2,20.0,,voiture,,2,1,9,2,6
201900056650,2019-12-02 08:00:00,2019,12,2,8,0,83,83062,A57,43.1434,6.0142,Plein jour,Hors agglomération,Hors intersection,Normale,Deux véhicules - côté,1,3,4,0,1,1,1,0,1,90,2,2,1,0,0,1,51.0,57.0,deux_roues,voiture,1,1,1,1,3
201900056651,2019-06-18 18:20:00,2019,6,18,18,20,75,75116,RUE DU BUIS,48.847222,2.267796,Plein jour,En agglomération,Intersection en Y,Normale,Autre collision,4,1,1,0,1,1,1,0,1,20,1,3,2,0,0,1,17.0,,deux_roues,,1,2,4,1,6
201900056652,2019-05-13 15:15:00,2019,5,13,15,15,2B,2B355,T205,42.522526,9.406681,Plein jour,Hors agglomération,Hors intersection,Pluie légère,Autre collision,2,2,2,0,2,3,8,0,3,80,1,1,0,0,1,0,79.0,,voiture,,1,1,1,2,6
201900056653,2019-02-17 07:10:00,2019,2,17,7,10,13,13212,TROIS LUCS (AVENUE DES),43.311,5.464,Crépuscule ou aube,En agglomération,Hors intersection,Normale,Deux véhicules - côté,4,2,2,0,1,1,1,0,1,50,2,2,1,0,0,1,43.0,23.0,voiture,voiture,2,2,1,1,3
201900056654,2019-06-17 08:00:00,2019,6,17,8,0,75,75116,ROUTE DES TRIBUNES,48.853294,2.229854,Plein jour,En agglomération,Hors intersection,Normale,Deux véhicules - arrière,4,1,2,0,1,1,1,0,1,50,2,2,1,0,0,1,61.0,57.0,voiture,deux_roues,1,2,1,1,2
201900056655,2019-05-22 15:00:00,2019,5,22,15,0,2A,2A114,D622,41.484137,9.102067,Plein jour,Hors agglomération,Hors intersection,Normale,Deux véhicules - côté,3,2,2,0,2,4,1,0,1,80,2,3,2,0,0,1,35.0,48.0,deux_roues,utilitaire_camion,1,1,1,1,3
201900056656,2019-06-15 09:45:00,2019,6,15,9,45,75,75116,AVENUE RAYMOND POINCARE,48.870692,2.285097,Plein jour,En agglomération,Hors intersection,Normale,Autre collision,4,2,2,0,1,1,1,0,1,50,2,3,2,0,0,1,41.0,33.0,voiture,voiture,1,2,1,1,6
201900056657,2019-05-05 01:15:00,2019,5,5,1,15,66,66017,D83 sortie 12,42.80982,3.03211,Nuit sans éclairage public,Hors agglomération,Hors intersection,Pluie légère,Deux véhicules - frontale,3,3,4,0,1,3,2,3,8,70,2,3,2,0,1,0,21.0,,voiture,,3,1,1,2,1
201900056658,2019-12-02 07:00:00,2019,12,2,7,0,83,83137,A57,43.1213587,5.9532832,Nuit sans éclairage public,Hors agglomération,Hors intersection,Pluie légère,Trois véhicules et plus - collisions multiples,1,3,4,0,1,1,1,0,1,90,5,6,5,0,0,1,25.0,40.0,voiture,voiture,3,1,1,2,5
201900056659,2019-06-14 17:00:00,2019,6,14,17,0,75,75116,BOULEVARD SUCHET,48.860625,2.266802,Plein jour,En agglomération,Hors intersection,Normale,Deux véhicules - arrière,4,3,4,0,1,1,1,0,1,50,2,2,1,0,0,1,35.0,60.0,voiture,voiture,1,2,1,1,2
201900056660,2019-05-19 17:45:00,2019,5,19,17,45,66,66011,D612,42.605354,2.896555,Plein jour,En agglomération,Giratoire,Normale,Deux véhicules - côté,3,2,2,0,1,1,1,0,1,50,2,3,0,0,1,2,40.0,37.0,voiture,voiture,1,2,6,1,3
201900056661,2019-02-17 02:15:00,2019,2,17,2,15,13,13075,L'ENJOLRAS (AVE DE),43.33729,5.45251,Nuit avec éclairage allumé,En agglomération,Hors intersection,Normale,Sans collision,3,2,2,0,1,1,1,0,1,50,1,3,0,0,0,3,19.0,,voiture,,5,2,1,1,7
201900056662,2019-06-12 12:30:00,2019,6,12,12,30,75,75116,RUE POUSSIN,48.848825,2.264744,Plein jour,En agglomération,Intersection en X,Pluie légère,Autre collision,4,1,2,0,1,1,2,0,1,50,1,2,1,0,0,1,48.0,,deux_roues,,1,2,2,2,6
201900056663,2019-05-09 08:50:00,2019,5,9,8,50,66,66037,Avenue de la Méditerranée,42.697049,3.029858,Plein jour,En agglomération,Giratoire,Normale,Deux véhicules - côté,4,2,2,2,1,2,1,0,1,50,2,2,1,0,0,1,64.0,70.0,deux_roues,voiture,1,2,6,1,3
201900056664,2019-02-16 20:15:00,2019,2,16,20,15,13,13208,ROUET (RUE DU),43.27742,5.39324,Nuit avec éclairage allumé,En agglomération,Hors intersection,Normale,Autre collision,4,1,1,0,1,1,1,0,1,50,1,2,0,0,0,2,27.0,,deux_roues,,5,2,1,1,6
201900056665,2019-05-07 21:30:00,2019,5,7,21,30,66,66037,Rue de Belgique,42.7052,3.006095,Nuit avec éclairage allumé,En agglomération,Hors intersection,Normale,Autre collision,7,3,2,0,1,1,1,0,4,30,1,2,1,0,1,0,26.0,,voiture,,5,2,1,1,6
201900056666,2019-06-13 13:30:00,2019,6,13,13,30,75,75116,PLACE DU MARECHAL DE LATTRE DE TASSIGNY,48.872081,2.27553,Plein jour,En agglomération,Place,Normale,Deux véhicules - côté,4,1,1,0,1,1,1,0,1,50,2,3,2,0,0,1,77.0,35.0,deux_roues,voiture,1,2,7,1,3
201900056667,2019-11-27 20:40:00,2019,11,27,20,40,42,42218,RN88,45.40737,4.38337,Nuit sans éclairage public,Hors agglomération,Hors intersection,Normale,Deux véhicules - arrière,2,3,4,0,2,3,2,3,1,70,2,2,0,0,1,1,91.0,27.0,voiture,voiture,3,1,1,1,2
201900056668,2019-05-16 10:40:00,2019,5,16,10,40,48,48198,8 Avenue des Cevennes,44.438513,3.932198,Plein jour,En agglomération,Hors intersection,Normale,Autre collision,3,2,2,0,1,1,1,0,1,30,1,2,1,0,1,0,65.0,,voiture,,1,2,1,1,6
201900056669,2019-02-16 21:30:00,2019,2,16,21,30,13,13213,POILUS (AVENUE DES),43.32049,5.45835,Nuit avec éclairage allumé,En agglomération,Hors intersection,Normale,Trois véhicules et plus - collisions multiples,4,2,2,0,1,1,1,0,1,50,3,3,1,0,0,2,43.0,39.0,voiture,voiture,5,2,1,1,5
201900056670,2019-06-11 12:15:00,2019,6,11,12,15,75,75108,PLACE CHARLES DE GAULLE,48.874114,2.295836,Plein jour,En agglomération,Place,Normale,Deux véhicules - côté,4,1,5,0,1,2,1,0,1,50,2,2,1,0,0,1,71.0,52.0,deux_roues,voiture,1,2,7,1,3
201900056671,2019-02-16 15:30:00,2019,2,16,15,30,13,13216,LITTORAL (CHEMIN DU),43.35409,5.33232,Plein jour,En agglomération,Hors intersection,Normale,Autre collision,4,2,2,0,1,1,1,0,1,50,2,2,1,0,1,0,46.0,,voiture,,1,2,1,1,6
201900056672,2019-05-01 14:40:00,2019,5,1,14,40,30,30153,D901,44.425977,4.035576,Plein jour,Hors agglomération,Hors intersection,Normale,Sans collision,3,2,2,0,1,2,1,0,3,80,1,1,0,0,1,0,55.0,,deux_roues,,1,1,1,1,7
201900056673,2019-06-09 02:15:00,2019,6,9,2,15,75,75116,AVENUE DE VERSAILLES,48.842614,2.268681,Nuit avec éclairage allumé,En agglomération,Intersection en T,Normale,Autre collision,4,3,4,0,1,1,1,0,1,30,2,2,1,0,0,1,32.0,29.0,deux_roues,voiture,5,2,3,1,6
201900056674,2019-05-01 17:30:00,2019,5,1,17,30,30,30258,N 572 Routede Montpellier,43.671149,4.404263,Plein jour,Hors agglomération,Hors intersection,Temps éblouissant,Deux véhicules - frontale,3,2,2,0,1,1,1,0,1,80,2,3,1,0,1,1,52.0,45.0,voiture,deux_roues,1,1,1,7,1
201900056675,2019-12-02 07:30:00,2019,12,2,7,30,33,33397,AUTOROUTE A 10,44.92352,-0.47391,Crépuscule ou aube,Hors agglomération,Hors intersection,Normale,Deux véhicules - côté,1,3,6,0,1,1,1,0,1,110,2,3,2,0,0,1,35.0,33.0,deux_roues,utilitaire_camion,2,1,1,1,3
201900056676,2019-02-16 09:45:00,2019,2,16,9,45,13,13204,SAKAKINI (BOULEVARD),43.29879,5.40104,Plein jour,En agglomération,Intersection en T,Normale,Trois véhicules et plus - en chaîne,4,3,7,0,1,1,1,0,1,50,3,4,3,0,0,1,37.0,42.0,voiture,voiture,1,2,3,1,4
201900056677,2019-05-02 12:30:00,2019,5,2,12,30,11,11076,rue des jardins,43.319486,1.950915,Plein jour,En agglomération,Hors intersection,Normale,Sans collision,4,2,2,0,1,1,1,0,1,50,1,3,2,0,1,0,83.0,,voiture,,1,2,1,1,7
201900056678,2019-05-07 11:30:00,2019,5,7,11,30,11,11190,Avenue de la République,43.249526,2.672517,Plein jour,Hors agglomération,Intersection en T,Normale,Deux véhicules - côté,3,2,2,0,1,1,1,0,1,80,2,2,1,0,1,0,49.0,47.0,voiture,deux_roues,1,1,3,1,3
201900056679,2019-12-02 07:55:00,2019,12,2,7,55,33,33143,AUTOROUTE A 10,44.95541,-0.4538,Crépuscule ou aube,Hors agglomération,Hors intersection,Normale,Deux véhicules - arrière,1,3,6,0,2,1,1,2,1,130,2,2,1,0,0,1,33.0,29.0,utilitaire_camion,voiture,2,1,1,1,2
201900056680,2019-02-16 06:25:00,2019,2,16,6,25,13,13212,CAILLOLS (AVENUE DES),43.303899,5.436228,Nuit avec éclairage allumé,En agglomération,Hors intersection,Normale,Trois véhicules et plus - en chaîne,4,1,2,0,2,1,1,0,1,50,3,3,2,0,0,1,33.0,44.0,utilitaire_camion,voiture,5,2,1,1,4
201900056681,2019-05-16 08:30:00,2019,5,16,8,30,34,34113,Rue de l'Embosque,43.489406,3.699983,Plein jour,En agglomération,Hors intersection,Normale,Deux véhicules - frontale,4,2,2,0,1,2,1,0,1,50,2,4,2,0,0,2,36.0,53.0,voiture,voiture,1,2,1,1,1
201900056682,2019-11-29 17:10:00,2019,11,29,17,10,59,59234,AUTOROUTE A21,50.4054255,3.0430147,Plein jour,Hors agglomération,Hors intersection,Pluie légère,Trois véhicules et plus - en chaîne,1,3,4,0,1,1,2,0,1,110,3,3,2,0,1,0,33.0,42.0,voiture,voiture,1,1,1,2,4
201900056683,2019-02-16 00:10:00,2019,2,16,0,10,13,13209,MORGIOU (chemin de ),43.24554,5.40417,Nuit avec éclairage allumé,En agglomération,Hors intersection,Normale,Deux véhicules - côté,4,2,2,0,1,1,1,0,1,30,2,5,3,0,0,2,34.0,18.0,voiture,deux_roues,5,2,1,1,3
201900056684,2019-02-15 16:15:00,2019,2,15,16,15,13,13216,RUISSEAU MI (RUE),43.350165,5.348494,Plein jour,En agglomération,Hors intersection,Normale,Deux véhicules - frontale,4,2,2,0,2,1,1,0,1,50,2,3,2,0,1,0,19.0,20.0,deux_roues,voiture,1,2,1,1,1
201900056685,2019-11-28 12:20:00,2019,11,28,12,20,62,62274,AUTOROUTE A1,50.43,2.97,Plein jour,Hors agglomération,Hors intersection,Pluie légère,Trois véhicules et plus - collisions multiples,1,3,8,0,1,1,2,0,1,130,3,3,2,0,0,1,35.0,43.0,utilitaire_camion,voiture,1,1,1,2,5
201900056686,2019-05-26 08:30:00,2019,5,26,8,30,34,34199,place Bobby LAPOINTE,43.459183,3.4209209,Plein jour,En agglomération,Autre intersection,Normale,Autre collision,6,-1,-1,0,2,2,1,0,8,20,1,2,0,0,1,1,77.0,,voiture,,1,2,9,1,6
201900056687,2019-06-09 02:27:00,2019,6,9,2,27,75,75116,BOULEVARD SUCHET,48.853022,2.261879,Nuit avec éclairage allumé,En agglomération,Intersection en X,Normale,Deux véhicules - côté,4,2,2,0,1,1,1,0,1,50,2,3,2,0,0,1,49.0,26.0,voiture,deux_roues,5,2,2,1,3
201900056688,2019-02-15 15:45:00,2019,2,15,15,45,13,13208,COMMANDANT ROLLAND,43.27104,5.38287,Plein jour,En agglomération,Hors intersection,Normale,Autre collision,4,1,1,0,2,1,1,0,1,50,1,2,1,0,0,1,44.0,,voiture,,1,2,1,1,6
201900056689,2019-12-02 06:30:00,2019,12,2,6,30,91,91617,RN 104,48.631512,2.515065,Nuit sans éclairage public,Hors agglomération,Hors intersection,Normale,Autre collision,2,2,4,0,1,1,1,0,1,90,1,1,0,0,0,1,41.0,,deux_roues,,3,1,1,1,6
201900056690,2019-05-17 17:30:00,2019,5,17,17,30,34,34009,Rue de Brescou,43.4690662,3.344146,Plein jour,En agglomération,Hors intersection,Pluie légère,Deux véhicules - arrière,3,2,2,0,1,1,2,0,1,50,2,4,1,0,0,3,46.0,38.0,voiture,utilitaire_camion,1,2,1,2,2
201900056691,2019-02-15 10:45:00,2019,2,15,10,45,13,13209,REDON (BOULEVARD DU),43.25093,5.422074,Plein jour,En agglomération,Hors intersection,Normale,Deux véhicules - côté,4,2,2,0,1,1,1,0,1,50,2,2,1,0,1,0,85.0,67.0,voiture,deux_roues,1,2,1,1,3
201900056692,2019-12-01 08:05:00,2019,12,1,8,5,95,95572,AUTOROUTE A15,49.03468,2.09964,Crépuscule ou aube,Hors agglomération,Hors intersection,Pluie légère,Deux véhicules - arrière,1,1,1,0,2,3,2,0,1,50,2,3,1,0,0,2,45.0,32.0,voiture,voiture,2,1,1,2,2
201900056693,2019-06-08 07:50:00,2019,6,8,7,50,75,75116,AVENUE MOZART,48.85271,2.268286,Plein jour,En agglomération,Hors intersection,Normale,Autre collision,4,1,2,0,2,1,1,0,1,50,1,2,0,0,0,2,37.0,,deux_roues,,1,2,1,1,6
201900056694,2019-05-06 16:30:00,2019,5,6,16,30,34,34063,D13 E 5,43.486173,3.389781,Plein jour,Hors agglomération,Hors intersection,Normale,Sans collision,3,2,2,0,1,1,1,0,8,80,1,4,2,1,1,0,29.0,,voiture,,1,1,1,1,7
201900056695,2019-12-01 05:30:00,2019,12,1,5,30,93,93027,AUTOROUTE A86,48.92421,2.38719,Nuit sans éclairage public,Hors agglomération,Hors intersection,Pluie légère,Autre collision,1,3,7,0,1,1,2,0,2,90,1,1,0,0,0,1,,,,,3,1,1,2,6
201900056696,2019-06-07 17:00:00,2019,6,7,17,0,75,75116,ROUTE DE SEVRES A NEUILLY,48.869758,2.244699,Plein jour,En agglomération,Hors intersection,Pluie légère,Autre collision,4,2,2,0,1,1,1,6,1,50,3,3,2,0,0,1,26.0,41.0,voiture,deux_roues,1,2,1,2,6
201900056697,2019-11-30 23:15:00,2019,11,30,23,15,93,93066,AUTOROUTE A1,48.9332,2.37586,Nuit sans éclairage public,Hors agglomération,Hors intersection,Normale,Deux véhicules - côté,1,3,11,0,1,1,1,0,1,90,2,2,1,0,0,1,54.0,,voiture,,3,1,1,1,3
201900056698,2019-05-03 11:45:00,2019,5,3,11,45,34,34199,RD913,43.47172,3.43123,Plein jour,Hors agglomération,Hors intersection,Pluie légère,Deux véhicules - frontale,3,2,2,0,1,3,2,0,1,80,2,3,2,1,0,0,33.0,74.0,utilitaire_camion,voiture,1,1,1,2,1
201900056699,2019-06-07 14:30:00,2019,6,7,14,30,75,75116,AVENUE KLEBER,48.868463,2.291197,Plein jour,En agglomération,Hors intersection,Normale,Trois véhicules et plus - en chaîne,4,2,3,0,1,1,1,0,1,50,3,3,2,0,0,1,53.0,27.0,voiture,deux_roues,1,2,1,1,4
201900056700,2019-11-30 19:50:00,2019,11,30,19,50,93,93005,AUTOROUTE A3,48.95271,2.47416,Nuit sans éclairage public,Hors agglomération,Hors intersection,Normale,Deux véhicules - arrière,1,3,10,0,1,1,1,0,1,90,2,4,2,0,0,2,25.0,37.0,voiture,voiture,3,1,1,1,2
201900056701,2019-05-09 18:35:00,2019,5,9,18,35,34,34189,INTERSECTION D 11 - D52 E3,43.266638,2.742136,Plein jour,Hors agglomération,Intersection en T,Normale,Deux véhicules - frontale,3,2,2,0,1,1,1,5,1,80,2,3,0,0,1,2,58.0,58.0,deux_roues,voiture,1,1,3,1,1
201900056702,2019-06-07 11:00:00,2019,6,7,11,0,75,75116,BOULEVARD FLANDRIN,48.867054,2.27307,Plein jour,En agglomération,Hors intersection,Pluie légère,Deux véhicules - arrière,4,1,1,0,1,1,2,0,1,50,2,2,1,0,0,1,26.0,53.0,voiture,voiture,1,2,1,2,2
201900056703,2019-11-30 19:15:00,2019,11,30,19,15,95,95306,AUTOROUTE A15,48.99543,2.18221,Nuit sans éclairage public,Hors agglomération,Hors intersection,Normale,Trois véhicules et plus - en chaîne,1,3,10,0,1,1,1,0,1,110,3,6,2,0,0,4,54.0,30.0,utilitaire_camion,voiture,3,1,1,1,4
201900056704,2019-05-09 15:30:00,2019,5,9,15,30,34,34141,D272,43.289415,2.646725,Plein jour,Hors agglomération,Hors intersection,Normale,Sans collision,3,2,2,0,1,1,1,0,1,80,1,6,1,0,0,5,30.0,,voiture,,1,1,1,1,7
201900056705,2019-06-07 08:35:00,2019,6,7,8,35,75,75116,ALLEE DE LONGCHAMP,48.874681,2.270424,Plein jour,En agglomération,Hors intersection,Pluie légère,Deux véhicules - côté,4,2,4,0,1,1,2,0,1,50,2,2,1,0,0,1,48.0,47.0,voiture,deux_roues,1,2,1,2,3
201900056706,2019-02-15 03:10:00,2019,2,15,3,10,13,13213,JEAN PAUL SARTRE (AVENUE),43.32352,5.41947,Nuit avec éclairage allumé,En agglomération,Hors intersection,Normale,Deux véhicules - arrière,4,1,2,0,1,1,1,0,1,90,2,1,0,0,0,1,24.0,,voiture,,5,2,1,1,2
201900056707,2019-06-06 23:00:00,2019,6,6,23,0,75,75116,AVENUE DE LA PORTE DE SAINT CLOUD,48.838638,2.254658,Nuit avec éclairage allumé,En agglomération,Intersection en Y,Normale,Deux véhicules - côté,4,1,3,0,1,1,1,0,1,50,2,2,1,0,0,1,66.0,31.0,utilitaire_camion,deux_roues,5,2,4,1,3
201900056708,2019-02-14 08:45:00,2019,2,14,8,45,13,13209,GUSTAVE GANAY (BOULEVARD),43.265735,5.399297,Plein jour,En agglomération,Hors intersection,Normale,Deux véhicules - côté,4,2,3,0,1,1,1,0,1,50,2,2,1,0,0,1,34.0,20.0,voiture,voiture,1,2,1,1,3
201900056709,2019-02-14 05:30:00,2019,2,14,5,30,13,13204,CASSINI (BOULEVARD),43.306159,5.396518,Nuit avec éclairage allumé,En agglomération,Hors intersection,Normale,Autre collision,4,2,2,0,2,1,1,0,1,50,1,1,0,0,1,0,48.0,,deux_roues,,5,2,1,1,6
201900056710,2019-06-06 21:00:00,2019,6,6,21,0,75,75116,BOULEVARD PERIPHERIQUE EXTERIEUR OUEST,48.865708,2.267989,Plein jour,En agglomération,Intersection en Y,Normale,Autre collision,4,3,3,0,1,1,1,0,1,70,3,2,1,0,0,1,30.0,37.0,deux_roues,voiture,1,2,4,1,6
201900056711,2019-02-16 14:40:00,2019,2,16,14,40,13,13047,R.N 569,43.54991,4.97332,Plein jour,Hors agglomération,Intersection en T,Normale,Deux véhicules - arrière,3,2,2,0,1,1,1,0,1,80,2,2,0,0,0,2,52.0,51.0,voiture,voiture,1,1,3,1,2
201900056712,2019-06-05 18:00:00,2019,6,5,18,0,75,75116,RUE LEKAIN,48.856624,2.278477,Crépuscule ou aube,En agglomération,Hors intersection,Pluie forte,Deux véhicules - côté,4,1,1,0,1,1,2,0,1,30,2,2,1,0,0,1,25.0,53.0,deux_roues,voiture,2,2,1,3,3
201900056713,2019-02-13 12:24:00,2019,2,13,12,24,13,13005,NATIONALE 8,43.28778,5.57897,Plein jour,En agglomération,Intersection en T,Normale,Deux véhicules - côté,3,2,2,0,1,1,1,5,1,50,2,2,1,0,0,1,39.0,50.0,utilitaire_camion,utilitaire_camion,1,2,3,1,3
201900056714,2019-06-05 17:00:00,2019,6,5,17,0,75,75116,RUE RAYNOUARD,48.854148,2.278079,Plein jour,En agglomération,Hors intersection,Pluie légère,Autre collision,4,1,2,0,2,1,2,0,1,50,1,1,0,0,0,1,45.0,,deux_roues,,1,2,1,2,6
201900056715,2019-02-17 15:45:00,2019,2,17,15,45,13,13001,RD 7N,43.56224,5.409,Plein jour,En agglomération,Hors intersection,Normale,Deux véhicules - côté,3,2,2,0,1,1,1,0,1,70,2,2,1,0,0,1,68.0,51.0,utilitaire_camion,deux_roues,1,2,1,1,3
201900056716,2019-05-09 11:20:00,2019,5,9,11,20,34,34081,D612E2,43.310743,3.156566,Plein jour,Hors agglomération,Hors intersection,Normale,Autre collision,3,2,2,0,1,1,1,0,1,80,2,2,1,0,1,0,72.0,69.0,utilitaire_camion,deux_roues,1,1,1,1,6
201900056717,2019-02-17 01:45:00,2019,2,17,1,45,13,13001,RD 7,43.54282,5.43152,Nuit avec éclairage non allumé,Hors agglomération,Hors intersection,Normale,Deux véhicules - arrière,3,1,2,0,2,1,1,0,1,90,2,1,0,0,1,0,23.0,,voiture,,4,1,1,1,2
201900056718,2019-06-05 15:30:00,2019,6,5,15,30,75,75116,AVENUE KLEBER,48.865898,2.289523,Plein jour,En agglomération,Hors intersection,Pluie légère,Deux véhicules - côté,4,1,1,0,1,1,2,0,1,50,2,2,1,0,0,1,23.0,56.0,deux_roues,voiture,1,2,1,2,3
201900056719,2019-12-02 17:05:00,2019,12,2,17,5,77,77146,A4.Y,48.83214,2.65297,Crépuscule ou aube,Hors agglomération,Hors intersection,Normale,Trois véhicules et plus - en chaîne,1,3,4,0,1,1,2,0,1,110,3,4,2,0,0,2,34.0,66.0,utilitaire_camion,voiture,2,1,1,1,4
201900056720,2019-06-05 14:40:00,2019,6,5,14,40,75,75116,AVENUE GEORGES MANDEL,48.863959,2.277351,Plein jour,En agglomération,Intersection en X,Pluie forte,Autre collision,4,3,2,0,1,1,2,0,1,50,1,2,1,0,1,0,54.0,,voiture,,1,2,2,3,6
201900056721,2019-05-25 01:20:00,2019,5,25,1,20,34,34276,D17,43.758607,3.861661,Nuit sans éclairage public,Hors agglomération,Hors intersection,Normale,Autre collision,3,2,2,0,1,1,1,0,3,-1,1,1,0,0,1,0,24.0,,voiture,,3,1,1,1,6
201900056722,2019-05-19 05:35:00,2019,5,19,5,35,34,34242,RD 21,43.762644,3.955646,Nuit sans éclairage public,Hors agglomération,Hors intersection,Normale,Autre collision,3,2,2,0,1,1,1,0,3,80,1,1,0,1,0,0,27.0,,voiture,,3,1,1,1,6
201900056723,2019-06-05 11:40:00,2019,6,5,11,40,75,75116,PLACE POSSOZ,48.859243,2.277418,Plein jour,En agglomération,Place,Pluie légère,Deux véhicules - côté,4,2,2,0,2,1,2,0,1,50,2,2,1,0,0,1,71.0,20.0,voiture,deux_roues,1,2,7,2,3
201900056724,2019-12-02 10:40:00,2019,12,2,10,40,94,94017,A4,48.8265243,2.5170091,Plein jour,Hors agglomération,Hors intersection,Normale,Deux véhicules - côté,1,3,9,0,1,1,1,0,1,90,2,2,1,0,0,1,29.0,28.0,utilitaire_camion,voiture,1,1,1,1,3
201900056725,2019-02-15 01:35:00,2019,2,15,1,35,13,13001,SOLARI PHILIPPE (AV),43.53642,5.44471,Nuit avec éclairage allumé,En agglomération,Hors intersection,Normale,Deux véhicules - côté,3,2,3,0,4,1,1,0,1,50,2,2,1,0,1,0,48.0,42.0,utilitaire_camion,deux_roues,5,2,1,1,3
201900056726,2019-12-02 07:48:00,2019,12,2,7,48,93,93051,A4,48.8358,2.5634,Crépuscule ou aube,Hors agglomération,Hors intersection,Normale,Deux véhicules - arrière,1,3,6,0,1,1,1,0,1,110,2,2,1,0,0,1,45.0,29.0,utilitaire_camion,deux_roues,2,1,1,1,2
201900056727,2019-06-04 12:50:00,2019,6,4,12,50,75,75116,AVENUE DE VERSAILLES,48.850079,2.276411,Plein jour,En agglomération,Intersection en T,Normale,Autre collision,4,2,3,0,1,1,1,8,1,50,1,2,1,0,0,1,28.0,,deux_roues,,1,2,3,1,6
201900056728,2019-02-16 21:04:00,2019,2,16,21,4,10,10081,GENERAL SARRAIL (AVE),48.30289,4.02887,Nuit avec éclairage allumé,En agglomération,Hors intersection,Normale,Autre collision,4,2,2,0,1,1,1,0,1,50,1,2,1,0,0,1,65.0,,voiture,,5,2,1,1,6
201900056729,2019-11-30 16:15:00,2019,11,30,16,15,59,59271,ANCIEN VILLAGE - AVENUE,51.00741,2.27789,Plein jour,En agglomération,Hors intersection,Normale,Autre collision,3,2,2,3,1,1,1,9,1,30,1,2,1,0,1,0,38.0,,transport_commun,,1,2,1,1,6
201900056730,2019-11-30 03:00:00,2019,11,30,3,0,13,13047,ANCIENS COMBATTANTS AVENUE DES,43.49084,4.99298,Nuit avec éclairage allumé,En agglomération,Hors intersection,Normale,Autre collision,4,3,2,0,1,1,1,5,1,50,1,3,0,0,0,3,42.0,,voiture,,5,2,1,1,6
201900056731,2019-02-15 18:57:00,2019,2,15,18,57,10,10387,CHOMEDEY DE MAISONNEUVE (AVE),48.30357,4.07298,Nuit avec éclairage allumé,En agglomération,Intersection en X,Normale,Deux véhicules - côté,4,2,4,0,1,1,1,0,1,50,2,3,1,0,0,2,53.0,22.0,voiture,deux_roues,5,2,2,1,3
201900056732,2019-06-04 10:20:00,2019,6,4,10,20,75,75116,ALLEE DE LA REINE MARGUERITE,48.860655,2.24626,Plein jour,En agglomération,Intersection en X,Normale,Deux véhicules - côté,4,2,2,0,1,1,1,0,1,50,2,2,1,0,0,1,63.0,30.0,voiture,deux_roues,1,2,2,1,3
201900056733,2019-02-15 15:51:00,2019,2,15,15,51,10,10387,EDOUARD VAILLANT (RUE),48.2764,4.08,Plein jour,En agglomération,Hors intersection,Normale,Sans collision,4,2,2,0,4,1,1,0,1,50,1,1,0,0,0,1,39.0,,deux_roues,,1,2,1,1,7
201900056734,2019-12-01 13:37:00,2019,12,1,13,37,976,97611,mamoudzou centre-Haladi Selemani ( rue ),-12.780485,45.230175,Plein jour,En agglomération,Hors intersection,Normale,Autre collision,4,1,0,0,1,4,1,0,1,50,1,2,1,0,0,1,24.0,,voiture,,1,2,1,1,6