accident_id,datetime,annee,mois,jour,heure,minute,departement,commune_insee,adresse,latitude,longitude,luminosite,agglomeration,intersection,meteo,collision,catr,circ,nbv,vosp,prof,plan,surf,infra,situ,vma,nb_vehicules,nb_usagers,nb_indemnes,nb_tues,nb_blesses_hosp,nb_blesses_legers,age_cond_1,age_cond_2,veh_type_cond_1,veh_type_cond_2,lum_code,agg_code,int_code,atm_code,col_code
201900057008,2019-07-10 16:10:00,2019,7,10,16,10,69,69382,CHARLEMAGNE                         (CO),45.73911,4.81776,Plein jour,En agglomération,Hors intersection,Normale,Deux véhicules - côté,4,1,1,0,1,1,1,0,1,50,2,2,1,0,0,1,22.0,25.0,autre,voiture,1,2,1,1,3
201900057009,2019-07-10 14:45:00,2019,7,10,14,45,69,69081,JEAN MARIE VIANNEY              CH,45.78645,4.78371,Plein jour,En agglomération,Giratoire,Normale,Deux véhicules - arrière,4,1,2,0,1,1,1,0,1,50,2,3,1,0,0,2,43.0,65.0,voiture,voiture,1,2,6,1,2
201900057010,2019-07-09 19:00:00,2019,7,9,19,0,69,69286,ROUTE DE STRASBOURG D 483           (RO),45.8139011,4.8881905,Plein jour,En agglomération,Intersection en X,Normale,Autre collision,3,2,1,0,1,1,1,0,1,50,3,3,1,0,0,2,55.0,37.0,deux_roues,deux_roues,1,2,2,1,6
201900057011,2019-07-09 19:45:00,2019,7,9,19,45,2B,2B033,ROUTE ROYALE,42.67602,9.43642,Crépuscule ou aube,En agglomération,Autre intersection,Normale,Deux véhicules - frontale,4,2,2,0,2,3,1,0,1,50,2,2,1,0,0,1,71.0,48.0,voiture,deux_roues,2,2,9,1,1
201900057012,2019-07-09 07:50:00,2019,7,9,7,50,91,91223,R.D.721,48.4168,2.17797,Plein jour,Hors agglomération,Hors intersection,Normale,Deux véhicules - arrière,3,2,2,0,1,1,1,0,3,80,2,2,1,0,0,1,28.0,19.0,voiture,voiture,1,1,1,1,2
201900057013,2019-07-09 15:05:00,2019,7,9,15,5,91,91657,CONCORDE (AVENUE),48.70486,2.42192,Plein jour,En agglomération,Hors intersection,Normale,Autre collision,4,2,2,0,1,1,1,0,1,50,1,3,1,0,0,2,38.0,,voiture,,1,2,1,1,6
201900057014,2019-07-09 20:30:00,2019,7,9,20,30,88,88160,ENTRE-LES-DEUX-PORTES (RUE D'),48.17592,6.45198,Crépuscule ou aube,En agglomération,Hors intersection,Temps éblouissant,Deux véhicules - arrière,3,2,2,0,1,1,1,0,1,50,2,2,1,0,1,0,49.0,21.0,deux_roues,voiture,2,2,1,7,2
201900057015,2019-07-09 17:40:00,2019,7,9,17,40,87,87085,54 BEAUBREUIL (AVENUE DE),45.87533,1.30109,Plein jour,En agglomération,Hors intersection,Normale,Autre collision,4,1,2,0,1,1,1,0,1,50,1,2,1,0,0,1,63.0,,voiture,,1,2,1,1,6
201900057016,2019-01-01 01:25:00,2019,1,1,1,25,71,71263,RD 971 - carrefour Kirchheimbolanden,46.6259,5.215376,Nuit avec éclairage allumé,En agglomération,Giratoire,Normale,Autre collision,3,2,2,0,1,1,2,5,4,50,1,2,0,2,0,0,43.0,,voiture,,5,2,6,1,6
201900057017,2019-07-09 11:12:00,2019,7,9,11,12,87,87085,VANTEAUX (BOULEVARD DE),45.82408,1.22595,Plein jour,En agglomération,Intersection en X,Normale,Autre collision,4,1,2,0,1,2,1,5,1,50,2,2,1,0,0,1,35.0,37.0,deux_roues,voiture,1,2,2,1,6
201900057018,2019-01-01 00:20:00,2019,1,1,0,20,71,71154,D5B - 37 rue Principale,46.815475,4.877098,Nuit avec éclairage non allumé,En agglomération,Hors intersection,Normale,Deux véhicules - frontale,4,2,2,0,1,1,1,0,1,50,2,2,0,0,2,0,37.0,31.0,deux_roues,deux_roues,4,2,1,1,1
201900057019,2019-01-03 19:50:00,2019,1,3,19,50,71,71014,30 boulevard mazagrand,46.955526,4.305928,Nuit avec éclairage allumé,En agglomération,Hors intersection,Normale,Autre collision,4,2,2,0,1,1,1,0,4,50,1,1,0,0,1,0,44.0,,voiture,,5,2,1,1,6
201900057020,2019-07-06 18:00:00,2019,7,6,18,0,86,86194,8 MAI 1945 (AVENUE DU),46.5527664,0.3049028,Plein jour,En agglomération,Autre intersection,Normale,Deux véhicules - côté,6,1,2,0,1,1,1,9,1,30,2,2,1,0,1,0,46.0,32.0,deux_roues,voiture,1,2,9,1,3
201900057021,2019-01-02 08:00:00,2019,1,2,8,0,89,89407,CD 905,47.823475,4.056749,Crépuscule ou aube,Hors agglomération,Hors intersection,Normale,Autre collision,3,2,2,0,1,1,2,0,1,80,2,3,1,1,0,1,64.0,47.0,utilitaire_camion,utilitaire_camion,2,1,1,1,6
201900057022,2019-06-26 13:10:00,2019,6,26,13,10,85,85191,AVENUE PABLO PICASSO ,46.65738,-1.42388,Plein jour,En agglomération,Hors intersection,Temps éblouissant,Deux véhicules - côté,4,-1,2,0,1,1,1,0,1,50,2,2,1,0,0,1,34.0,21.0,voiture,deux_roues,1,2,1,7,3
201900057023,2019-01-01 07:00:00,2019,1,1,7,0,89,89119,RN 151 - PK 0+522,47.520965,3.539889,Nuit avec éclairage allumé,En agglomération,Hors intersection,Temps couvert,Autre collision,2,2,2,0,1,1,1,2,1,50,1,2,0,1,1,0,38.0,,voiture,,5,2,1,8,6
201900057024,2019-01-02 11:42:00,2019,1,2,11,42,63,63430,AVENUE LÉO LAGRANGE,45.8480912,3.5318631,Plein jour,En agglomération,Autre intersection,Normale,Autre collision,3,1,1,0,1,1,2,6,4,50,1,2,1,0,1,0,56.0,,voiture,,1,2,9,1,6
201900057025,2019-01-05 10:50:00,2019,1,5,10,50,61,61061,D928,48.429793,0.959706,Plein jour,Hors agglomération,Hors intersection,Normale,Autre collision,3,2,2,0,1,2,1,0,1,80,1,2,0,0,1,1,49.0,,voiture,,1,1,1,1,6
201900057026,2019-01-04 05:15:00,2019,1,4,5,15,61,61428,RD18,48.606974,-0.374824,Nuit sans éclairage public,En agglomération,Giratoire,Normale,Autre collision,3,2,2,0,1,1,1,0,8,70,1,1,0,0,1,0,43.0,,voiture,,3,2,6,1,6
201900057027,2019-01-01 17:25:00,2019,1,1,17,25,61,61175,D438,48.507589,0.127224,Nuit sans éclairage public,Hors agglomération,Hors intersection,Normale,Autre collision,3,3,4,0,1,1,1,0,1,110,1,1,0,0,0,1,36.0,,voiture,,3,1,1,1,6
201900057028,2019-07-09 14:35:00,2019,7,9,14,35,77,77333,D607 - LYON (AVENUE DE),48.2618007,2.7000424,Plein jour,En agglomération,Hors intersection,Normale,Deux véhicules - côté,3,2,2,0,1,1,1,0,1,50,2,3,1,0,2,0,45.0,64.0,utilitaire_camion,utilitaire_camion,1,2,1,1,3
201900057029,2019-01-02 14:35:00,2019,1,2,14,35,55,55191,7 route d'ETAIN,49.22962,5.61149,Plein jour,En agglomération,Hors intersection,Normale,Deux véhicules - côté,3,2,2,0,1,1,1,0,1,50,2,3,1,0,1,1,56.0,16.0,voiture,deux_roues,1,2,1,1,3
201900057030,2019-07-10 21:17:00,2019,7,10,21,17,77,77186,RD607,48.44231,2.64739,Plein jour,Hors agglomération,Hors intersection,Normale,Deux véhicules - frontale,3,3,3,0,4,1,1,0,1,90,2,3,0,0,3,0,18.0,59.0,voiture,voiture,1,1,1,1,1
201900057031,2019-07-09 17:40:00,2019,7,9,17,40,76,76212,CARNOT. RUE SADI,49.44088,1.14784,Plein jour,En agglomération,Hors intersection,Normale,Sans collision,3,2,2,0,1,1,1,0,1,50,1,1,0,0,0,1,26.0,,deux_roues,,1,2,1,1,7
201900057032,2019-01-03 18:20:00,2019,1,3,18,20,49,49215,d166,47.134378,-0.101754,Nuit sans éclairage public,Hors agglomération,Hors intersection,Normale,Sans collision,3,2,2,0,1,2,1,0,1,80,1,1,0,0,0,1,16.0,,deux_roues,,3,1,1,1,7
201900057033,2019-07-09 17:20:00,2019,7,9,17,20,76,76540,A150,49.45092,1.05745,Plein jour,Hors agglomération,Hors intersection,Normale,Deux véhicules - côté,1,3,4,0,1,1,1,2,1,70,2,1,0,0,0,1,32.0,,voiture,,1,1,1,1,3
201900057034,2019-01-02 12:00:00,2019,1,2,12,0,12,12006,RD25 - PR 17+0440,44.132839,2.660344,Plein jour,Hors agglomération,Hors intersection,Normale,Sans collision,3,2,2,0,2,4,7,0,8,80,1,2,0,0,0,2,76.0,,voiture,,1,1,1,1,7
201900057035,2019-01-02 15:20:00,2019,1,2,15,20,12,12224,Place du Général De Gaulle,44.464213,2.973892,Plein jour,En agglomération,Place,Normale,Autre collision,6,-1,0,0,1,1,1,0,1,50,1,4,3,0,1,0,20.0,,voiture,,1,2,7,1,6
201900057036,2019-07-09 08:15:00,2019,7,9,8,15,74,74010,CHAMBERY,45.8994,6.1213,Plein jour,En agglomération,Hors intersection,Normale,Autre collision,4,2,2,0,1,1,1,0,1,30,1,1,0,1,0,0,22.0,,deux_roues,,1,2,1,1,6
201900057037,2019-01-05 15:20:00,2019,1,5,15,20,42,42228,Route départementale 5- lieu dit la roche,45.56177,4.09391,Plein jour,Hors agglomération,Intersection en X,Normale,Deux véhicules - côté,3,2,2,0,1,1,2,0,1,50,2,3,0,0,0,3,24.0,89.0,voiture,voiture,1,1,2,1,3
201900057038,2019-07-09 10:35:00,2019,7,9,10,35,72,72181,JAURES JEAN (AV) N° PAIRS 60 ET >,47.99011,0.20638,Plein jour,En agglomération,Hors intersection,Normale,Deux véhicules - côté,4,3,2,2,1,1,1,0,1,50,2,2,1,0,0,1,63.0,42.0,voiture,deux_roues,1,2,1,1,3
201900057039,2019-01-03 17:50:00,2019,1,3,17,50,42,42023,Boulevard d'Almandet,45.297935,4.567667,Nuit avec éclairage allumé,En agglomération,Hors intersection,Normale,Autre collision,3,2,2,0,1,1,1,0,1,50,1,3,2,0,1,0,83.0,,voiture,,5,2,1,1,6
201900057040,2019-07-10 07:50:00,2019,7,10,7,50,71,71540,MARQUISE (LA),46.76299,4.4722,Plein jour,Hors agglomération,Intersection en T,Normale,Deux véhicules - côté,3,2,2,0,1,1,1,0,1,80,2,2,1,0,0,1,69.0,56.0,voiture,deux_roues,1,1,3,1,3
201900057041,2019-01-03 14:00:00,2019,1,3,14,0,47,47312,RD 656,44.39602,1.020365,Plein jour,Hors agglomération,Hors intersection,Temps éblouissant,Trois véhicules et plus - collisions multiples,3,2,2,0,2,3,1,0,1,80,3,4,2,0,1,1,59.0,65.0,voiture,utilitaire_camion,1,1,1,7,5
201900057042,2019-07-11 00:20:00,2019,7,11,0,20,69,69256,ALEXANDRE DUMAS                     (R ),45.75345,4.93239,Nuit avec éclairage allumé,En agglomération,Intersection en X,Normale,Deux véhicules - côté,4,3,4,0,1,1,1,5,1,50,2,5,3,0,0,2,52.0,20.0,utilitaire_camion,voiture,5,2,2,1,3
201900057043,2019-01-06 04:10:00,2019,1,6,4,10,47,47004,vinzelle,44.3054396,0.3508202,Nuit avec éclairage allumé,Hors agglomération,Hors intersection,Normale,Autre collision,3,2,2,0,1,3,1,0,3,80,1,4,0,0,3,1,36.0,,voiture,,5,1,1,1,6
201900057044,2019-01-05 17:20:00,2019,1,5,17,20,47,47213,brandou,44.29708,0.525304,Plein jour,Hors agglomération,Hors intersection,Temps éblouissant,Deux véhicules - frontale,3,2,2,0,3,4,1,0,1,80,2,2,1,0,1,0,58.0,47.0,voiture,deux_roues,1,1,1,7,1
201900057045,2019-07-10 16:35:00,2019,7,10,16,35,69,69266,4 AOUT 1789    (Rue du),45.76487,4.89354,Plein jour,En agglomération,Intersection en Y,Normale,Deux véhicules - côté,4,1,1,1,1,1,1,5,1,50,2,2,1,0,0,1,54.0,23.0,deux_roues,voiture,1,2,4,1,3
201900057046,2019-01-01 00:30:00,2019,1,1,0,30,86,86298,carrefour de la  D15 et de  la D15b,46.719939,0.5501659,Nuit sans éclairage public,Hors agglomération,Intersection en Y,Normale,Autre collision,3,2,2,0,4,1,1,0,3,50,1,2,1,0,1,0,35.0,,voiture,,3,1,4,1,6
201900057047,2019-07-08 19:00:00,2019,7,8,19,0,69,69275,LEON TOLSTOI                        (AV),45.7722816,4.9599023,Plein jour,En agglomération,Hors intersection,Normale,Deux véhicules - frontale,4,2,2,0,2,1,1,0,1,50,2,2,1,0,1,0,48.0,11.0,voiture,deux_roues,1,2,1,1,1
201900057048,2019-01-06 02:45:00,2019,1,6,2,45,68,68184,CD 473,47.475487,7.22201,Nuit sans éclairage public,Hors agglomération,Hors intersection,Pluie légère,Autre collision,3,2,2,0,1,2,2,0,3,80,1,1,0,0,1,0,27.0,,voiture,,3,1,1,2,6
201900057049,2019-07-09 18:00:00,2019,7,9,18,0,67,67482,BELGES (QUAI DES),48.57578,7.77827,Plein jour,En agglomération,Hors intersection,Normale,Deux véhicules - côté,4,3,4,2,1,1,1,0,1,50,2,2,1,0,1,0,22.0,19.0,voiture,deux_roues,1,2,1,1,3
201900057050,2019-01-01 21:45:00,2019,1,1,21,45,22,22217,Louch,48.518616,-3.543887,Nuit sans éclairage public,Hors agglomération,Intersection en Y,Normale,Autre collision,4,2,2,0,1,1,1,0,3,80,1,2,1,0,1,0,54.0,,voiture,,3,1,4,1,6
201900057051,2019-01-02 22:00:00,2019,1,2,22,0,39,39197,,46.521043,5.372588,Nuit sans éclairage public,Hors agglomération,Hors intersection,Normale,Autre collision,4,2,2,0,1,1,2,0,3,80,1,1,0,0,0,1,35.0,,voiture,,3,1,1,1,6
201900057052,2019-07-06 04:10:00,2019,7,6,4,10,67,67482,FRANCOIS EPAILLY (RUE),48.571619,7.79396,Nuit avec éclairage allumé,En agglomération,Hors intersection,Normale,Deux véhicules - frontale,4,3,4,0,1,2,1,0,1,50,2,5,2,0,1,2,21.0,20.0,voiture,voiture,5,2,1,1,1
201900057053,2019-06-19 08:37:00,2019,6,19,8,37,67,67267,PEUPLIERS (RUE DES),48.553812,7.688687,Plein jour,En agglomération,Intersection en T,Temps éblouissant,Autre collision,4,2,2,0,1,2,1,0,1,30,1,2,1,0,0,1,57.0,,voiture,,1,2,3,7,6
201900057054,2019-01-02 10:05:00,2019,1,2,10,5,25,25050,"CD 461, PK 49+755",47.107149,6.620558,Plein jour,Hors agglomération,Hors intersection,Temps couvert,Deux véhicules - frontale,3,2,2,0,2,1,2,0,1,80,2,4,2,0,2,0,55.0,22.0,voiture,voiture,1,1,1,8,1
201900057055,2019-07-09 11:40:00,2019,7,9,11,40,64,64102,PONT GRENET,43.4971362,-1.4831367,Plein jour,En agglomération,Hors intersection,Pluie forte,Sans collision,4,2,2,0,2,1,2,2,3,50,1,1,0,0,0,1,18.0,,deux_roues,,1,2,1,3,7
201900057056,2019-01-03 10:00:00,2019,1,3,10,0,25,25495,route nationale,47.275549,6.112787,Plein jour,En agglomération,Intersection en X,Normale,Autre collision,3,2,2,0,1,1,1,0,1,50,1,1,0,0,1,0,43.0,,voiture,,1,2,2,1,6
201900057057,2019-07-09 09:45:00,2019,7,9,9,45,64,64102,BERNARD (CHEMIN DE SAINT),43.5006331,-1.4815856,Plein jour,En agglomération,Hors intersection,Pluie forte,Sans collision,4,2,2,0,1,1,2,0,3,50,1,1,0,0,1,0,31.0,,voiture,,1,2,1,3,7
201900057058,2019-01-04 13:45:00,2019,1,4,13,45,44,44151,D47 route de Saint-Lyphard,47.333901,-2.331001,Plein jour,Hors agglomération,Intersection en T,Normale,Deux véhicules - arrière,3,2,2,0,1,1,1,0,1,70,2,2,1,0,1,0,54.0,70.0,voiture,deux_roues,1,1,3,1,2
201900057059,2019-01-05 16:00:00,2019,1,5,16,0,31,31462,D 888,43.670551,1.517941,Plein jour,En agglomération,Hors intersection,Temps éblouissant,Deux véhicules - arrière,3,2,2,0,2,1,1,0,1,50,2,2,1,0,1,0,68.0,73.0,deux_roues,voiture,1,2,1,7,2
201900057060,2019-01-01 02:20:00,2019,1,1,2,20,31,31344,VERDUN (RUE DE),43.095172,0.74835,Plein jour,En agglomération,Hors intersection,Normale,Sans collision,3,2,2,0,1,3,1,0,4,50,1,1,0,0,1,0,23.0,,voiture,,1,2,1,1,7
201900057061,2019-07-05 16:15:00,2019,7,5,16,15,59,59183,DUMEZ LOUIS,51.02256,2.34898,Plein jour,En agglomération,Intersection en X,Normale,Deux véhicules - côté,4,1,1,0,1,1,1,0,1,50,2,2,1,0,1,0,67.0,84.0,deux_roues,voiture,1,2,2,1,3
201900057062,2019-01-01 18:20:00,2019,1,1,18,20,38,38218,D156,45.34201,5.18301,Nuit avec éclairage allumé,En agglomération,Hors intersection,Pluie légère,Autre collision,3,2,2,0,1,4,1,0,4,50,1,1,0,0,1,0,72.0,,voiture,,5,2,1,2,6
201900057063,2019-01-04 14:45:00,2019,1,4,14,45,2,02810,Route NATIONALE 2,49.266238,3.099465,Plein jour,Hors agglomération,Hors intersection,Normale,Autre collision,2,3,4,0,1,1,1,0,3,110,1,1,0,0,1,0,38.0,,voiture,,1,1,1,1,6
201900057064,2019-01-01 04:00:00,2019,1,1,4,0,3,03044,,46.0845778,3.3741541,Nuit sans éclairage public,Hors agglomération,Hors intersection,Pluie légère,Autre collision,3,2,2,0,2,2,2,0,3,80,1,1,0,0,0,1,33.0,,voiture,,3,1,1,2,6
201900057065,2019-07-07 02:50:00,2019,7,7,2,50,54,54395,GEBHART (RUE EMILE),48.674499,6.172644,Nuit avec éclairage allumé,En agglomération,Hors intersection,Normale,Deux véhicules - côté,4,-1,2,0,1,1,1,0,1,50,2,1,0,0,0,1,46.0,,deux_roues,,5,2,1,1,3
201900057066,2019-01-03 10:45:00,2019,1,3,10,45,1,01306,RD 933 PK 30+100,46.265293,4.88821,Plein jour,En agglomération,Hors intersection,Temps éblouissant,Autre collision,3,2,2,0,1,1,1,0,1,30,1,2,1,0,1,0,43.0,,voiture,,1,2,1,7,6
201900057067,2019-01-02 10:30:00,2019,1,2,10,30,26,26124,RN 7 - PR 54+400 - iles du chez,44.847472,4.851949,Plein jour,Hors agglomération,Intersection en T,Vent fort / tempête,Trois véhicules et plus - en chaîne,2,2,2,0,1,1,1,5,1,80,3,3,1,0,1,1,27.0,67.0,voiture,voiture,1,1,3,6,4
201900057068,2019-07-10 12:35:00,2019,7,10,12,35,51,51454,RUE DE VESLE,49.252,4.02513,Plein jour,En agglomération,Intersection en X,Normale,Deux véhicules - côté,4,2,0,3,1,1,1,6,1,30,2,2,1,0,0,1,29.0,26.0,deux_roues,voiture,1,2,2,1,3
201900057069,2019-07-09 19:30:00,2019,7,9,19,30,51,51454,ALLEE DES VEUVES,49.25225,4.01216,Plein jour,En agglomération,Intersection en Y,Normale,Deux véhicules - côté,4,1,1,2,1,1,1,0,1,50,2,3,1,0,1,1,55.0,32.0,voiture,deux_roues,1,2,4,1,3
201900057070,2019-01-06 05:30:00,2019,1,6,5,30,58,58060,Intersection RD 979 / RD 151,46.791975,3.600842,Nuit sans éclairage public,Hors agglomération,Hors intersection,Pluie légère,Autre collision,3,2,2,0,2,2,2,0,3,80,1,1,0,0,0,1,19.0,,voiture,,3,1,1,2,6
201900057071,2019-07-10 08:53:00,2019,7,10,8,53,50,50218,ARISTIDE BRIAND (AVENUE),48.836695,-1.582034,Plein jour,En agglomération,Autre intersection,Normale,Sans collision,4,2,2,0,1,1,1,0,1,50,1,3,2,0,1,0,57.0,,voiture,,1,2,9,1,7
201900057072,2019-01-05 21:20:00,2019,1,5,21,20,54,54426,RD 121 - PK 1 +37 (décroissant),48.644712,5.912653,Nuit sans éclairage public,Hors agglomération,Hors intersection,Pluie légère,Autre collision,3,2,2,0,1,4,2,0,3,70,1,1,0,0,1,0,49.0,,voiture,,3,1,1,2,6
201900057073,2019-07-07 11:00:00,2019,7,7,11,0,49,49099,BOIS LAVAU (BOULEVARD DES),47.07582,-0.88806,Plein jour,En agglomération,Hors intersection,Normale,Deux véhicules - arrière,7,3,4,0,2,1,1,0,1,70,2,1,0,0,1,0,64.0,,deux_roues,,1,2,1,1,2
201900057074,2019-07-09 08:58:00,2019,7,9,8,58,49,49007,LETANDUERE,47.45821,-0.55424,Plein jour,En agglomération,Hors intersection,Normale,Sans collision,4,1,1,0,1,1,1,4,1,50,1,1,0,0,0,1,24.0,,deux_roues,,1,2,1,1,7
201900057075,2019-07-10 13:50:00,2019,7,10,13,50,45,45284,ROUTE DE BOIGNY,47.92384,2.0039,Plein jour,En agglomération,Hors intersection,Normale,Deux véhicules - frontale,4,2,2,0,1,1,1,0,1,50,2,5,3,0,1,1,38.0,53.0,voiture,transport_commun,1,2,1,1,1
201900057076,2019-07-10 05:45:00,2019,7,10,5,45,45,45004,AV D ANTIBES - R ST JACQUES,47.977197,2.733239,Crépuscule ou aube,En agglomération,Intersection en T,Normale,Sans collision,3,2,3,0,1,1,1,0,1,50,1,1,0,0,0,1,32.0,,deux_roues,,2,2,3,1,7
201900057077,2019-07-10 17:40:00,2019,7,10,17,40,44,44109,CHAUSSEE DE LA MADELEINE,47.211206,-1.551788,Plein jour,En agglomération,Hors intersection,Normale,Deux véhicules - frontale,4,2,0,0,1,1,1,0,1,30,2,2,1,0,1,0,39.0,47.0,deux_roues,utilitaire_camion,1,2,1,1,1
201900057078,2019-07-10 14:30:00,2019,7,10,14,30,42,42123,GREZIEUX PLAINE DE,45.517285,4.591866,Plein jour,En agglomération,Intersection en T,Normale,Deux véhicules - côté,4,2,2,0,4,1,1,0,1,50,2,2,0,0,2,0,16.0,16.0,voiture,deux_roues,1,2,3,1,3
201900057079,2019-07-10 20:00:00,2019,7,10,20,0,38,38544,ERNEST BIZOT(RUE),45.509226,4.8563701,Plein jour,En agglomération,Hors intersection,Normale,Autre collision,4,2,1,0,1,2,1,0,1,30,1,1,0,0,1,0,,,,,1,2,1,1,6
201900057080,2019-01-02 17:30:00,2019,1,2,17,30,72,72320,5 RUE DE VILLENEUVE,48.050509,0.177059,Nuit avec éclairage allumé,En agglomération,Hors intersection,Normale,Deux véhicules - côté,4,2,2,0,1,1,1,0,1,50,2,2,1,0,1,0,22.0,21.0,deux_roues,voiture,5,2,1,1,3
201900057081,2019-07-10 19:40:00,2019,7,10,19,40,38,38053,TIXIER (AVENUE),45.5889263,5.2840837,Plein jour,En agglomération,Hors intersection,Normale,Autre collision,4,2,4,1,1,1,1,6,1,50,1,2,1,0,1,0,34.0,,utilitaire_camion,,1,2,1,1,6
201900057082,2019-01-02 21:30:00,2019,1,2,21,30,14,14589,Route départementale 167,49.015412,-0.292229,Nuit sans éclairage public,Hors agglomération,Hors intersection,Normale,Deux véhicules - arrière,3,2,2,0,1,1,1,0,1,80,2,2,1,0,1,0,20.0,16.0,voiture,deux_roues,3,1,1,1,2
201900057083,2019-06-18 16:35:00,2019,6,18,16,35,35,35238,TURQUETY (EDOUARD),48.10509,-1.6948,Plein jour,En agglomération,Intersection en X,Normale,Deux véhicules - arrière,4,2,2,0,1,1,1,0,1,30,2,2,1,0,0,1,45.0,39.0,voiture,deux_roues,1,2,2,1,2
201900057084,2019-01-02 19:00:00,2019,1,2,19,0,14,14203,RD675,49.224858,-0.066646,Nuit sans éclairage public,Hors agglomération,Hors intersection,Normale,Deux véhicules - côté,3,2,-1,-1,1,1,1,0,1,-1,2,2,1,0,0,1,26.0,54.0,voiture,voiture,3,1,1,1,3
201900057085,2019-07-10 16:25:00,2019,7,10,16,25,34,34172,PETIT BARD (AVENUE DU),43.61619,3.83605,Plein jour,En agglomération,Hors intersection,Normale,Sans collision,4,2,2,0,1,1,1,0,1,50,1,2,1,0,0,1,33.0,,deux_roues,,1,2,1,1,7
201900057086,2019-07-14 09:20:00,2019,7,14,9,20,33,33063,Q. Louis XVIII / All de Munich,44.844967,-0.570685,Plein jour,En agglomération,Intersection en T,Normale,Deux véhicules - côté,4,2,6,2,1,1,1,0,1,50,2,2,0,0,0,2,43.0,,deux_roues,,1,2,3,1,3
201900057087,2019-01-02 12:30:00,2019,1,2,12,30,14,14492,Aire de la Sergenterie,49.406085,0.170372,Plein jour,Hors agglomération,Intersection en X,Normale,Deux véhicules - côté,3,-1,2,0,1,1,1,5,1,70,2,3,2,0,1,0,64.0,61.0,deux_roues,voiture,1,1,2,1,3
201900057088,2019-01-01 07:30:00,2019,1,1,7,30,14,14578,RD74,49.356148,0.168782,Nuit sans éclairage public,Hors agglomération,Hors intersection,Normale,Autre collision,3,2,2,0,1,1,2,0,3,70,1,1,0,1,0,0,27.0,,voiture,,3,1,1,1,6
201900057089,2019-07-07 18:15:00,2019,7,7,18,15,33,33063,Crs Aristide Briand / R. Edmond Costedoat,44.832013,-0.577905,Plein jour,En agglomération,Intersection en X,Normale,Deux véhicules - côté,4,2,3,1,1,1,1,0,1,50,2,2,1,0,1,0,24.0,37.0,deux_roues,deux_roues,1,2,2,1,3
201900057090,2019-01-02 10:00:00,2019,1,2,10,0,14,14021,Rue des Costils saint Pierre,49.337018,-0.625942,Plein jour,En agglomération,Hors intersection,Normale,Autre collision,4,2,2,0,2,1,1,0,4,50,1,1,0,1,0,0,56.0,,voiture,,1,2,1,1,6
201900057091,2019-07-04 05:46:00,2019,7,4,5,46,33,33063,PCE PAUL DOUMER,44.85199,-0.57406,Crépuscule ou aube,En agglomération,Hors intersection,Normale,Autre collision,4,-1,2,3,1,1,1,0,6,10,1,2,1,0,0,1,42.0,,transport_commun,,2,2,1,1,6
201900057092,2019-01-04 16:50:00,2019,1,4,16,50,5,05106,RN 94 - PK 93+930,44.530069,6.332682,Plein jour,Hors agglomération,Hors intersection,Normale,Autre collision,2,2,2,0,1,1,1,0,1,80,1,3,2,0,0,1,18.0,,voiture,,1,1,1,1,6
201900057093,2019-01-04 17:05:00,2019,1,4,17,5,5,05132,D23,44.688461,6.076397,Nuit sans éclairage public,Hors agglomération,Hors intersection,Normale,Autre collision,3,2,2,0,2,3,1,0,3,80,1,1,0,0,0,1,76.0,,voiture,,3,1,1,1,6
201900057094,2019-07-09 21:10:00,2019,7,9,21,10,33,33063,Crs Charles Bricaud / Av de la Jallère,44.89542,-0.56571,Crépuscule ou aube,En agglomération,Intersection en X,Normale,Deux véhicules - côté,4,3,8,-1,1,1,1,0,1,50,2,2,0,0,0,2,27.0,26.0,voiture,deux_roues,2,2,2,1,3
201900057095,2019-01-02 20:25:00,2019,1,2,20,25,50,50328,D900 intersection rue de l'Hotel Ruel,49.199752,-1.457456,Nuit sans éclairage public,Hors agglomération,Hors intersection,Normale,Deux véhicules - arrière,3,2,2,0,3,1,1,0,1,80,2,3,0,0,0,3,23.0,54.0,voiture,voiture,3,1,1,1,2
201900057096,2019-07-09 17:20:00,2019,7,9,17,20,33,33039,RUE CHARLES LAMOUREUX,44.80369,-0.56117,Plein jour,En agglomération,Hors intersection,Normale,Deux véhicules - frontale,4,2,0,0,1,1,1,0,1,30,2,2,1,0,1,0,44.0,17.0,deux_roues,voiture,1,2,1,1,1
201900057097,2019-01-04 18:20:00,2019,1,4,18,20,50,50410,chaussée villechérel,48.551825,-1.520445,Nuit avec éclairage allumé,En agglomération,Hors intersection,Normale,Deux véhicules - côté,3,2,2,0,1,1,1,0,1,50,2,2,1,0,1,0,17.0,52.0,deux_roues,voiture,5,2,1,1,3
201900057098,2019-07-07 21:20:00,2019,7,7,21,20,33,33063,THIERS (AVE ),44.84504,-0.55217,Crépuscule ou aube,En agglomération,Hors intersection,Normale,Deux véhicules - arrière,4,3,6,-1,1,1,1,0,1,50,2,2,1,0,1,0,36.0,24.0,voiture,deux_roues,2,2,1,1,2
201900057099,2019-01-05 10:30:00,2019,1,5,10,30,45,45009,RD 11 PK 38+800,48.095517,2.02741,Plein jour,Hors agglomération,Hors intersection,Normale,Deux véhicules - frontale,3,2,2,0,2,2,1,0,1,80,2,2,1,0,1,0,52.0,53.0,voiture,voiture,1,1,1,1,1