accident_id,datetime,annee,mois,jour,heure,minute,departement,commune_insee,adresse,latitude,longitude,luminosite,agglomeration,intersection,meteo,collision,catr,circ,nbv,vosp,prof,plan,surf,infra,situ,vma,nb_vehicules,nb_usagers,nb_indemnes,nb_tues,nb_blesses_hosp,nb_blesses_legers,age_cond_1,age_cond_2,veh_type_cond_1,veh_type_cond_2,lum_code,agg_code,int_code,atm_code,col_code
201900057375,2019-04-30 16:50:00,2019,4,30,16,50,84,84003,"RD943,  après le pont de la piste cyclabe",43.885582,5.380975,Plein jour,En agglomération,Intersection en T,Normale,Deux véhicules - côté,3,2,2,0,1,2,1,5,1,50,2,4,2,0,0,2,18.0,33.0,voiture,utilitaire_camion,1,2,3,1,3
201900057376,2019-09-22 22:35:00,2019,9,22,22,35,51,51545,A26,48.7100776,4.2115056,Nuit sans éclairage public,Hors agglomération,Hors intersection,Pluie légère,Sans collision,1,3,4,0,1,1,2,0,1,130,1,5,0,0,1,4,24.0,,voiture,,3,1,1,2,7
201900057377,2019-09-23 11:30:00,2019,9,23,11,30,988,98804,Tribu Nakety mission,-21.54859,166.04291,Plein jour,En agglomération,Intersection en T,Normale,Sans collision,3,2,2,0,1,1,1,0,1,50,1,2,1,1,0,0,16.0,,utilitaire_camion,,1,2,3,1,7
201900057378,2019-09-19 23:30:00,2019,9,19,23,30,91,91412,route départementale 87,48.48499,2.407364,Nuit sans éclairage public,Hors agglomération,Hors intersection,Normale,Autre collision,3,2,2,0,1,1,1,0,3,80,1,2,0,1,1,0,19.0,,utilitaire_camion,,3,1,1,1,6
201900057379,2019-09-16 20:55:00,2019,9,16,20,55,78,78264,D111,48.742303,1.747217,Nuit sans éclairage public,Hors agglomération,Hors intersection,Normale,Autre collision,3,2,2,0,1,1,1,0,1,80,1,1,0,0,1,0,50.0,,deux_roues,,3,1,1,1,6
201900057380,2019-09-20 05:45:00,2019,9,20,5,45,34,34145,Avenue du Vidourle,43.692711,4.163807,Nuit sans éclairage public,En agglomération,Hors intersection,Normale,Sans collision,2,2,2,0,1,1,1,2,1,-1,1,1,0,1,0,0,60.0,,deux_roues,,3,2,1,1,7
201900057381,2019-09-20 14:28:00,2019,9,20,14,28,68,68353,RD19 bis,47.630975,7.345802,Plein jour,Hors agglomération,Hors intersection,Temps éblouissant,Deux véhicules - côté,3,2,2,0,1,3,1,0,1,80,2,2,1,0,1,0,72.0,61.0,voiture,deux_roues,1,1,1,7,3
201900057382,2019-09-21 12:45:00,2019,9,21,12,45,68,68008,1 Rue de Sundhoffen,48.029165,7.440587,Plein jour,En agglomération,Intersection en Y,Normale,Deux véhicules - frontale,3,2,2,0,1,3,1,0,1,50,2,3,2,0,0,1,39.0,74.0,voiture,voiture,1,2,4,1,1
201900057383,2019-09-21 18:55:00,2019,9,21,18,55,67,67130,route de Krafft,48.429335,7.679817,Plein jour,Hors agglomération,Intersection en X,Normale,Deux véhicules - côté,3,2,2,1,1,1,1,0,1,70,2,3,2,0,0,1,18.0,59.0,voiture,voiture,1,1,2,1,3
201900057384,2019-09-19 15:27:00,2019,9,19,15,27,3,03229,La Limite,46.6971319,3.4306738,Plein jour,Hors agglomération,Hors intersection,Normale,Sans collision,3,2,2,0,2,4,1,0,3,-1,1,1,0,0,1,0,34.0,,utilitaire_camion,,1,1,1,1,7
201900057385,2019-09-23 09:30:00,2019,9,23,9,30,38,38317,Cours Saint - André,45.132369,5.70031,Plein jour,En agglomération,Hors intersection,Normale,Autre collision,3,3,4,3,1,1,1,0,1,-1,1,2,1,0,1,0,20.0,,voiture,,1,2,1,1,6
201900057386,2019-09-22 19:45:00,2019,9,22,19,45,26,26196,laye,44.868317,4.921383,Nuit sans éclairage public,Hors agglomération,Hors intersection,Pluie forte,Deux véhicules - frontale,3,2,2,0,2,2,2,0,1,70,2,4,0,1,0,3,21.0,22.0,voiture,voiture,3,1,1,3,1
201900057387,2019-09-20 14:20:00,2019,9,20,14,20,17,17019,15 Route de Saint-Clément,46.220151,-1.528328,Plein jour,Hors agglomération,Hors intersection,Normale,Autre collision,3,2,2,0,1,1,1,0,3,80,1,2,0,0,2,0,79.0,,voiture,,1,1,1,1,6
201900057388,2019-01-01 08:00:00,2019,1,1,8,0,14,14328,RD 513,49.2151092,-0.25518,Nuit sans éclairage public,Hors agglomération,Hors intersection,Normale,Autre collision,3,2,2,0,1,1,1,0,1,80,1,2,1,0,1,0,50.0,,voiture,,3,1,1,1,6
201900057389,2019-10-25 16:30:00,2019,10,25,16,30,93,93031,REPUBLIQUE (AVENUE),48.949712,2.330508,Plein jour,En agglomération,Hors intersection,Normale,Deux véhicules - arrière,3,3,2,0,1,1,1,0,4,50,2,3,2,0,0,1,62.0,61.0,voiture,voiture,1,2,1,1,2
201900057390,2019-07-10 18:30:00,2019,7,10,18,30,33,33318,ROCADE A 630,44.78775,-0.63608,Plein jour,Hors agglomération,Hors intersection,Normale,Deux véhicules - arrière,1,3,6,0,1,1,1,0,1,90,2,2,1,0,0,1,43.0,53.0,voiture,deux_roues,1,1,1,1,2
201900057391,2019-09-08 13:00:00,2019,9,8,13,0,85,85222,Route du Sel,46.70113,-1.93381,Plein jour,En agglomération,Giratoire,Normale,Deux véhicules - côté,3,-1,1,0,1,1,1,0,1,50,2,3,2,0,1,0,56.0,14.0,voiture,deux_roues,1,2,6,1,3
201900057392,2019-07-09 09:16:00,2019,7,9,9,16,59,59195,AUTOROUTE A25,50.62771,2.95993,Plein jour,Hors agglomération,Hors intersection,Normale,Trois véhicules et plus - en chaîne,1,3,4,0,1,1,1,0,3,90,4,4,2,1,1,0,45.0,28.0,utilitaire_camion,utilitaire_camion,1,1,1,1,4
201900057393,2019-09-22 18:45:00,2019,9,22,18,45,76,76566,Route de Clères,49.590518,0.992275,Plein jour,Hors agglomération,Intersection en X,Normale,Deux véhicules - côté,3,2,2,0,1,1,1,5,1,80,2,3,2,0,1,0,35.0,24.0,voiture,deux_roues,1,1,2,1,3
201900057394,2019-07-04 17:00:00,2019,7,4,17,0,59,59586,AUTOROUTE A23,50.53332,3.19902,Plein jour,Hors agglomération,Hors intersection,Normale,Deux véhicules - arrière,1,3,4,0,1,1,1,0,3,130,2,2,1,0,1,0,71.0,29.0,voiture,voiture,1,1,1,1,2
201900057395,2019-09-22 09:20:00,2019,9,22,9,20,60,60141,Rue d'Aumale,49.19336,2.467724,Plein jour,En agglomération,Hors intersection,Normale,Autre collision,4,1,1,0,1,1,1,0,1,50,1,3,2,0,1,0,47.0,,voiture,,1,2,1,1,6
201900057396,2019-07-10 02:37:00,2019,7,10,2,37,91,91689,AUTOROUTE A6A,48.738231,2.318082,Nuit sans éclairage public,Hors agglomération,Hors intersection,Normale,Deux véhicules - arrière,1,1,3,0,1,1,1,0,3,110,2,3,1,0,0,2,26.0,58.0,utilitaire_camion,utilitaire_camion,3,1,1,1,2
201900057397,2019-07-09 19:40:00,2019,7,9,19,40,94,94034,AUTOROUTE A86,48.7556102,2.3403996,Plein jour,Hors agglomération,Hors intersection,Normale,Deux véhicules - arrière,1,1,4,0,1,1,1,0,1,90,2,2,1,0,0,1,78.0,57.0,voiture,deux_roues,1,1,1,1,2
201900057398,2019-09-22 19:30:00,2019,9,22,19,30,59,59323,RD 649 PK 73.500,50.305757,3.6309546,Crépuscule ou aube,Hors agglomération,Hors intersection,Normale,Deux véhicules - arrière,3,3,4,3,1,1,1,0,1,110,2,4,1,1,2,0,55.0,21.0,voiture,voiture,2,1,1,1,2
201900057399,2019-09-23 09:30:00,2019,9,23,9,30,59,59416,3 Avenue des Flandres,50.693506,2.517297,Plein jour,En agglomération,Hors intersection,Normale,Sans collision,3,2,2,0,1,1,1,0,1,50,1,1,0,1,0,0,63.0,,voiture,,1,2,1,1,7
201900057400,2019-04-18 17:10:00,2019,4,18,17,10,84,84003,Avenue Philippe de Girard,43.876469,5.392434,Plein jour,En agglomération,Intersection en T,Normale,Deux véhicules - côté,3,2,2,0,1,1,1,0,1,50,2,2,1,0,0,1,46.0,40.0,voiture,deux_roues,1,2,3,1,3
201900057401,2019-01-01 04:40:00,2019,1,1,4,40,29,29022,34 Route de Crozon,48.266184,-4.576539,Nuit sans éclairage public,Hors agglomération,Hors intersection,Normale,Deux véhicules - frontale,3,2,2,0,2,4,1,0,1,80,2,6,1,0,0,5,32.0,60.0,voiture,voiture,3,1,1,1,1
201900057402,2019-05-12 14:05:00,2019,5,12,14,5,84,84016,RD 907,44.03995,4.897875,Plein jour,Hors agglomération,Hors intersection,Vent fort / tempête,Deux véhicules - frontale,3,2,2,0,1,1,1,0,1,80,2,5,0,1,0,4,34.0,41.0,utilitaire_camion,voiture,1,1,1,6,1
201900057403,2019-01-04 19:10:00,2019,1,4,19,10,35,35257,06 bd du Maréchéal LECLERC,48.4099232,-1.366387,Nuit avec éclairage allumé,En agglomération,Hors intersection,Normale,Deux véhicules - côté,3,2,2,0,1,1,1,0,1,50,2,2,1,0,0,1,17.0,71.0,deux_roues,voiture,5,2,1,1,3
201900057404,2019-07-09 07:10:00,2019,7,9,7,10,91,91340,AUTOROUTE A6,48.59738,2.44163,Plein jour,Hors agglomération,Hors intersection,Normale,Deux véhicules - arrière,1,3,6,0,1,1,1,0,3,130,2,3,1,0,0,2,63.0,54.0,utilitaire_camion,utilitaire_camion,1,1,1,1,2
201900057405,2019-10-24 23:32:00,2019,10,24,23,32,93,93010,SAKHAROV (RUE ANDREI),48.9177,2.4851,Nuit avec éclairage allumé,En agglomération,Intersection en T,Normale,Deux véhicules - arrière,3,1,1,0,1,3,1,5,1,50,2,1,0,0,0,1,45.0,,voiture,,5,2,3,1,2
201900057406,2019-05-18 07:20:00,2019,5,18,7,20,84,84132,intersection Lotissement Le Bastidon // Route des vignères,43.928412,4.993813,Crépuscule ou aube,En agglomération,Hors intersection,Normale,Sans collision,4,2,2,0,1,1,1,0,8,50,1,1,0,0,1,0,29.0,,voiture,,2,2,1,1,7
201900057407,2019-01-01 01:11:00,2019,1,1,1,11,27,27188,D321,49.303296,1.101911,Nuit sans éclairage public,Hors agglomération,Hors intersection,Normale,Autre collision,3,2,2,0,1,1,2,0,1,80,1,2,1,0,1,0,26.0,,voiture,,3,1,1,1,6
201900057408,2019-07-09 05:44:00,2019,7,9,5,44,91,91377,AUTOROUTE A10,48.72112,2.29475,Crépuscule ou aube,Hors agglomération,Hors intersection,Normale,Sans collision,1,1,3,0,1,1,1,0,3,110,1,2,1,0,0,1,69.0,,autre,,2,1,1,1,7
201900057409,2019-10-25 13:45:00,2019,10,25,13,45,93,93008,BARBUSSE (AVENUE HENRI) A30,48.9038433,2.4179458,Plein jour,En agglomération,Hors intersection,Pluie légère,Deux véhicules - côté,3,2,4,0,1,1,1,0,1,50,2,2,1,0,0,1,22.0,40.0,utilitaire_camion,voiture,1,2,1,2,3
201900057410,2019-07-10 15:10:00,2019,7,10,15,10,92,92072,N118,48.82623,2.22347,Plein jour,Hors agglomération,Hors intersection,Normale,Autre collision,2,-1,2,0,2,4,1,0,1,50,3,5,1,0,0,4,73.0,62.0,voiture,voiture,1,1,1,1,6
201900057411,2019-10-25 18:28:00,2019,10,25,18,28,93,93007,DIDEROT,48.9428,2.439,Crépuscule ou aube,En agglomération,Hors intersection,Normale,Deux véhicules - côté,4,2,0,0,1,1,1,0,1,50,2,2,1,0,0,1,51.0,43.0,voiture,deux_roues,2,2,1,1,3
201900057412,2019-10-25 16:25:00,2019,10,25,16,25,92,92078,VERDUN (AVENUE) (PAIRS 92 ET PLUS),48.9356476,2.3347878,Plein jour,En agglomération,Autre intersection,Normale,Deux véhicules - côté,3,4,0,0,1,1,1,9,1,50,2,3,1,0,0,2,32.0,17.0,voiture,deux_roues,1,2,9,1,3
201900057413,2019-07-09 15:15:00,2019,7,9,15,15,92,92025,A86,48.921992,2.226702,Plein jour,Hors agglomération,Hors intersection,Normale,Trois véhicules et plus - collisions multiples,1,1,4,0,1,1,1,0,1,110,3,3,2,0,0,1,33.0,41.0,voiture,deux_roues,1,1,1,1,5
201900057414,2019-09-12 17:00:00,2019,9,12,17,0,13,13071,A7-Sens Marseille vers Lyon,43.41257,5.28185,Plein jour,Hors agglomération,Hors intersection,Normale,Trois véhicules et plus - en chaîne,1,3,3,0,1,1,1,0,1,110,4,5,4,0,0,1,35.0,37.0,voiture,voiture,1,1,1,1,4
201900057415,2019-05-25 17:10:00,2019,5,25,17,10,83,83016,RD N8,43.200274,5.807898,Plein jour,En agglomération,Hors intersection,Normale,Sans collision,3,2,2,0,2,1,1,0,1,70,1,1,0,0,1,0,37.0,,deux_roues,,1,2,1,1,7
201900057416,2019-01-01 01:40:00,2019,1,1,1,40,60,60028,PK 5 D1330,49.219568,2.551967,Nuit sans éclairage public,Hors agglomération,Hors intersection,Normale,Sans collision,3,3,4,0,1,1,1,0,3,110,1,2,0,0,1,1,20.0,,voiture,,3,1,1,1,7
201900057417,2019-10-25 13:25:00,2019,10,25,13,25,92,92063,LABICHE (RUE EUGENE),48.87225,2.17953,Plein jour,En agglomération,Hors intersection,Normale,Deux véhicules - côté,4,1,1,0,2,1,1,0,1,50,2,2,1,0,1,0,54.0,48.0,deux_roues,voiture,1,2,1,1,3
201900057418,2019-07-09 23:50:00,2019,7,9,23,50,95,95424,AUTOROUTE A15,48.9909,2.19397,Nuit sans éclairage public,Hors agglomération,Hors intersection,Normale,Deux véhicules - côté,1,3,7,0,1,1,1,0,1,110,2,1,0,0,0,1,35.0,,deux_roues,,3,1,1,1,3
201900057419,2019-07-09 10:45:00,2019,7,9,10,45,93,93007,AUTOROUTE A1,48.95378,2.45517,Plein jour,Hors agglomération,Hors intersection,Normale,Deux véhicules - arrière,1,3,8,0,1,1,1,0,1,110,2,2,0,0,0,2,28.0,53.0,utilitaire_camion,utilitaire_camion,1,1,1,1,2
201900057420,2019-10-25 11:35:00,2019,10,25,11,35,92,92063,EMPEREUR (ROUTE DE L') EST,48.8638582,2.1809392,Plein jour,En agglomération,Hors intersection,Normale,Trois véhicules et plus - en chaîne,3,2,2,0,4,1,1,0,1,50,3,3,2,0,0,1,49.0,69.0,utilitaire_camion,voiture,1,2,1,1,4
201900057421,2019-07-09 09:40:00,2019,7,9,9,40,92,92036,AUTOROUTE A15,48.9370979,2.2922429,Plein jour,Hors agglomération,Hors intersection,Normale,Autre collision,1,3,8,0,2,3,1,3,1,50,1,1,0,0,0,1,41.0,,deux_roues,,1,1,1,1,6
201900057422,2019-07-09 09:10:00,2019,7,9,9,10,95,95018,RD 170,48.96079,2.2596,Plein jour,Hors agglomération,Hors intersection,Normale,Deux véhicules - arrière,3,3,2,0,1,3,1,0,1,70,2,2,1,0,0,1,30.0,28.0,voiture,voiture,1,1,1,1,2
201900057423,2019-10-04 15:30:00,2019,10,4,15,30,92,92044,LEON JAMIN(RUE),48.9004334,2.286486,Plein jour,En agglomération,Intersection en X,Normale,Deux véhicules - côté,4,2,2,0,1,1,1,0,1,50,2,2,1,0,0,1,27.0,60.0,voiture,deux_roues,1,2,2,1,3
201900057424,2019-07-10 17:30:00,2019,7,10,17,30,94,94069,A4,48.817702,2.414713,Plein jour,Hors agglomération,Hors intersection,Normale,Deux véhicules - arrière,1,3,6,0,1,1,1,3,1,90,2,3,1,0,0,2,52.0,47.0,utilitaire_camion,voiture,1,1,1,1,2
201900057425,2019-10-25 19:35:00,2019,10,25,19,35,92,92007,BRIAND (AVENUE ARISTIDE) N° 2 A 98,48.8038264,2.3247536,Nuit avec éclairage allumé,En agglomération,Hors intersection,Normale,Deux véhicules - côté,3,3,3,0,1,1,1,0,1,50,2,1,0,0,0,1,39.0,,deux_roues,,5,2,1,1,3
201900057426,2019-10-26 00:30:00,2019,10,26,0,30,35,35219,La Cariais,47.829767,-1.950347,Nuit sans éclairage public,Hors agglomération,Hors intersection,Temps couvert,Autre collision,3,2,2,0,1,2,2,0,3,80,1,1,0,0,1,0,35.0,,voiture,,3,1,1,8,6
201900057427,2019-10-26 09:35:00,2019,10,26,9,35,60,60699,Route 30 de Rouen,49.5293921,1.8542648,Plein jour,Hors agglomération,Hors intersection,Normale,Sans collision,3,2,2,0,2,2,2,0,3,80,1,2,1,0,0,1,31.0,,voiture,,1,1,1,1,7
201900057428,2019-10-26 02:40:00,2019,10,26,2,40,14,14405,Route le Quinquefougere Rd 511,48.883549,-0.293091,Nuit sans éclairage public,Hors agglomération,Hors intersection,Normale,Autre collision,3,2,2,0,1,1,1,0,3,80,1,1,0,0,1,0,32.0,,voiture,,3,1,1,1,6
201900057429,2019-10-25 17:45:00,2019,10,25,17,45,24,24309,D6089,45.088999,0.476422,Plein jour,Hors agglomération,Hors intersection,Normale,Autre collision,3,3,4,0,1,1,1,0,3,110,1,1,0,0,1,0,16.0,,deux_roues,,1,1,1,1,6
201900057430,2019-07-09 23:15:00,2019,7,9,23,15,77,77438,A104,48.855849,2.664227,Nuit sans éclairage public,Hors agglomération,Hors intersection,Normale,Sans collision,1,3,3,0,2,1,1,0,3,90,1,1,0,0,0,1,47.0,,voiture,,3,1,1,1,7
201900057431,2019-10-26 10:11:00,2019,10,26,10,11,6,06149,45 Boulevard Général de Gaulle,43.743703,7.313821,Plein jour,En agglomération,Hors intersection,Normale,Autre collision,7,2,2,0,1,1,1,0,1,30,1,2,1,0,0,1,58.0,,transport_commun,,1,2,1,1,6
201900057432,2019-07-09 14:30:00,2019,7,9,14,30,77,77146,A4.Y,48.83181,2.64956,Plein jour,Hors agglomération,Hors intersection,Normale,Trois véhicules et plus - en chaîne,1,3,8,0,1,1,1,0,3,110,3,4,3,0,0,1,32.0,54.0,utilitaire_camion,utilitaire_camion,1,1,1,1,4
201900057433,2019-10-11 18:55:00,2019,10,11,18,55,31,31113,Avenue Pierre Mendes France,43.5183,1.50459,Plein jour,En agglomération,Hors intersection,Normale,Deux véhicules - frontale,3,2,2,0,1,1,1,9,1,30,2,4,1,0,1,2,50.0,18.0,transport_commun,voiture,1,2,1,1,1
201900057434,2019-05-11 16:38:00,2019,5,11,16,38,83,83016,dn 8,43.238678,5.802748,Plein jour,Hors agglomération,Hors intersection,Normale,Deux véhicules - côté,3,2,2,0,2,3,1,0,1,80,2,3,2,0,1,0,66.0,47.0,deux_roues,voiture,1,1,1,1,3
201900057435,2019-01-04 11:35:00,2019,1,4,11,35,60,60644,Départementale 981,49.2800791,1.8278451,Plein jour,Hors agglomération,Hors intersection,Normale,Deux véhicules - frontale,3,2,2,0,1,1,1,0,1,80,2,3,0,1,1,1,73.0,68.0,voiture,voiture,1,1,1,1,1
201900057436,2019-09-11 14:30:00,2019,9,11,14,30,13,13215,A7-Sens Marseille vers Lyon,43.33686,5.37705,Plein jour,Hors agglomération,Hors intersection,Normale,Deux véhicules - arrière,1,3,3,0,3,1,1,0,1,90,2,3,2,0,0,1,44.0,44.0,voiture,utilitaire_camion,1,1,1,1,2
201900057437,2019-09-22 10:50:00,2019,9,22,10,50,13,13203,A557-Liaison A7 Marseille-A55 Marseille,43.319015,5.367587,Plein jour,Hors agglomération,Hors intersection,Normale,Autre collision,1,1,1,0,3,2,8,0,1,50,1,1,0,0,0,1,29.0,,deux_roues,,1,1,1,1,6
201900057438,2019-09-21 23:15:00,2019,9,21,23,15,13,13056,A55-Sens Martigues vers Marseille,43.39663,5.0450077,Nuit sans éclairage public,Hors agglomération,Hors intersection,Temps couvert,Autre collision,1,1,2,0,1,3,2,0,1,70,1,2,0,0,0,2,19.0,,voiture,,3,1,1,8,6
201900057439,2019-09-22 03:07:00,2019,9,22,3,7,69,69199,RD383   14.250 A 18.000,45.70585,4.84378,Nuit avec éclairage allumé,Hors agglomération,Hors intersection,Normale,Deux véhicules - arrière,3,3,3,0,1,1,1,0,1,70,2,5,0,1,4,0,35.0,,voiture,,5,1,1,1,2
201900057440,2019-03-28 10:40:00,2019,3,28,10,40,82,82014,D6,43.820044,1.134062,Plein jour,Hors agglomération,Hors intersection,Normale,Autre collision,3,2,2,0,4,1,1,0,3,80,1,1,0,0,1,0,83.0,,voiture,,1,1,1,1,6
201900057441,2019-09-20 17:45:00,2019,9,20,17,45,69,69382,A7   0.000 A 2.278,45.7389,4.82228,Plein jour,Hors agglomération,Hors intersection,Normale,Deux véhicules - côté,1,3,6,0,1,1,1,0,1,70,2,2,1,0,0,1,30.0,23.0,deux_roues,voiture,1,1,1,1,3
201900057442,2019-03-27 15:45:00,2019,3,27,15,45,61,61484,CD 635/CD 286,48.282683,0.719488,Plein jour,Hors agglomération,Intersection en X,Normale,Deux véhicules - côté,3,-1,2,0,1,1,1,0,1,80,2,2,1,0,0,1,73.0,16.0,voiture,voiture,1,1,2,1,3
201900057443,2019-09-12 18:35:00,2019,9,12,18,35,42,42218,A72,45.45031,4.42025,Plein jour,Hors agglomération,Hors intersection,Normale,Deux véhicules - arrière,1,3,4,0,1,1,1,0,1,90,2,2,1,0,1,0,21.0,55.0,voiture,voiture,1,1,1,1,2
201900057444,2019-03-16 14:45:00,2019,3,16,14,45,42,42323,Avenue Henri Planchet,45.565573,4.29265,Plein jour,En agglomération,Hors intersection,Normale,Sans collision,3,2,2,0,1,1,1,0,1,50,1,1,0,0,1,0,88.0,,deux_roues,,1,2,1,1,7
201900057445,2019-09-22 17:30:00,2019,9,22,17,30,94,94034,AUTOROUTE A86,48.7522,2.3281,Plein jour,Hors agglomération,Hors intersection,Pluie légère,Sans collision,1,1,2,0,1,2,2,2,1,70,1,2,1,0,0,1,29.0,,voiture,,1,1,1,2,7
201900057446,2019-03-27 09:40:00,2019,3,27,9,40,46,46185,RD 803 PK 13+100,44.943066,1.624693,Plein jour,Hors agglomération,Hors intersection,Normale,Autre collision,3,2,2,0,2,3,1,0,3,80,1,4,2,0,2,0,79.0,,voiture,,1,1,1,1,6
201900057447,2019-09-22 16:00:00,2019,9,22,16,0,91,91347,RN 104,48.622932,2.292097,Plein jour,Hors agglomération,Hors intersection,Pluie légère,Deux véhicules - côté,2,1,2,0,1,1,2,0,1,110,2,3,1,0,0,2,53.0,18.0,voiture,voiture,1,1,1,2,3
201900057448,2019-03-27 18:35:00,2019,3,27,18,35,29,29175,Rue des Frères Floch,48.2491125,-3.8224304,Plein jour,En agglomération,Giratoire,Normale,Deux véhicules - côté,3,2,2,0,1,2,1,5,1,50,2,2,1,0,0,1,18.0,61.0,deux_roues,voiture,1,2,6,1,3
201900057449,2019-09-22 15:30:00,2019,9,22,15,30,91,91521,RN 104,48.6361,2.4025,Plein jour,Hors agglomération,Hors intersection,Pluie légère,Sans collision,2,-1,2,0,2,3,2,0,1,70,1,1,0,0,0,1,30.0,,voiture,,1,1,1,2,7
201900057450,2019-03-23 17:14:00,2019,3,23,17,14,1,01426,RD 52,46.272151,5.366491,Plein jour,En agglomération,Intersection en X,Normale,Deux véhicules - côté,3,2,2,0,1,1,1,5,1,50,2,2,1,0,1,0,18.0,30.0,deux_roues,voiture,1,2,2,1,3
201900057451,2019-01-04 18:30:00,2019,1,4,18,30,80,80646,A1,49.799973,2.80907,Nuit sans éclairage public,Hors agglomération,Hors intersection,Normale,Trois véhicules et plus - en chaîne,1,3,3,0,2,1,1,0,1,-1,5,6,5,0,1,0,57.0,48.0,voiture,voiture,3,1,1,1,4
201900057452,2019-04-30 11:05:00,2019,4,30,11,5,83,83127,,43.277605,5.916152,Plein jour,Hors agglomération,Hors intersection,Normale,Deux véhicules - côté,3,2,2,0,1,2,1,0,1,70,2,3,2,0,0,1,38.0,63.0,utilitaire_camion,voiture,1,1,1,1,3
201900057453,2019-09-22 14:20:00,2019,9,22,14,20,94,94034,AUTOROUTE A86,48.7595,2.3231,Plein jour,Hors agglomération,Hors intersection,Pluie forte,Trois véhicules et plus - en chaîne,1,3,2,0,1,1,2,0,1,70,5,7,5,0,0,2,37.0,39.0,voiture,voiture,1,1,1,3,4
201900057454,2019-05-14 13:45:00,2019,5,14,13,45,83,83065,RD98a,43.22417,6.588487,Plein jour,Hors agglomération,Hors intersection,Normale,Deux véhicules - côté,3,2,2,1,1,1,1,0,3,70,2,2,1,1,0,0,38.0,38.0,utilitaire_camion,deux_roues,1,1,1,1,3
201900057455,2019-05-27 17:45:00,2019,5,27,17,45,83,83042,carrefour de la bastide,43.245181,6.533963,Plein jour,En agglomération,Hors intersection,Pluie légère,Deux véhicules - côté,3,2,2,0,1,1,2,5,1,70,2,3,1,0,1,1,76.0,39.0,voiture,voiture,1,2,1,2,3
201900057456,2019-09-22 15:30:00,2019,9,22,15,30,93,93078,AUTOROUTE A104,48.96343,2.55084,Plein jour,Hors agglomération,Hors intersection,Pluie légère,Trois véhicules et plus - en chaîne,1,3,8,0,4,1,2,9,1,70,3,4,3,0,0,1,21.0,58.0,voiture,voiture,1,1,1,2,4
201900057457,2019-05-24 11:20:00,2019,5,24,11,20,83,83068,RD 14 Carrefour du chemin du cadeous,43.279152,6.571729,Plein jour,Hors agglomération,Hors intersection,Normale,Deux véhicules - arrière,3,2,2,0,1,1,1,0,1,80,2,2,1,0,1,0,53.0,68.0,voiture,deux_roues,1,1,1,1,2
201900057458,2019-05-29 18:45:00,2019,5,29,18,45,83,83077,Route de Signes,43.278777,5.948876,Plein jour,Hors agglomération,Hors intersection,Normale,Autre collision,3,2,2,0,2,1,1,0,8,80,1,2,0,0,1,1,53.0,,deux_roues,,1,1,1,1,6
201900057459,2019-09-03 09:45:00,2019,9,3,9,45,95,95018,RD 170,48.96205,2.26318,Plein jour,Hors agglomération,Hors intersection,Normale,Trois véhicules et plus - en chaîne,3,1,3,0,1,1,1,0,1,70,4,4,2,0,0,2,30.0,23.0,voiture,voiture,1,1,1,1,4
201900057460,2019-09-22 18:05:00,2019,9,22,18,5,77,77258,A4.Y,48.8333,2.6167,Plein jour,Hors agglomération,Hors intersection,Pluie forte,Autre collision,1,3,5,0,1,3,2,3,1,110,1,1,0,0,0,1,19.0,,voiture,,1,1,1,3,6
201900057461,2019-05-11 10:15:00,2019,5,11,10,15,83,83104,D3,43.609446,5.752773,Plein jour,En agglomération,Hors intersection,Normale,Autre collision,3,2,2,0,1,1,1,0,1,50,1,3,0,1,0,2,72.0,,voiture,,1,2,1,1,6
201900057462,2019-10-25 12:25:00,2019,10,25,12,25,972,97210,Chopotte,14.633609,-60.919948,Plein jour,Hors agglomération,Hors intersection,Normale,Sans collision,3,2,2,0,1,1,1,0,1,50,1,1,0,0,0,1,32.0,,voiture,,1,1,1,1,7
201900057463,2019-03-27 18:00:00,2019,3,27,18,0,70,70001,7 Grand-Rue,47.783148,6.292738,Crépuscule ou aube,En agglomération,Hors intersection,Normale,Deux véhicules - frontale,3,2,2,0,1,3,1,0,1,50,2,3,0,0,2,1,65.0,47.0,voiture,voiture,2,2,1,1,1
201900057464,2019-01-02 10:30:00,2019,1,2,10,30,62,62889,d 232,50.778094,1.731077,Plein jour,En agglomération,Hors intersection,Pluie légère,Sans collision,3,2,2,0,1,1,1,0,3,50,1,1,0,0,1,0,55.0,,voiture,,1,2,1,2,7
201900057465,2019-09-22 11:00:00,2019,9,22,11,0,77,77249,RN104,48.735426,2.611606,Plein jour,Hors agglomération,Hors intersection,Normale,Autre collision,2,1,1,0,2,3,1,0,-1,50,1,1,0,0,0,1,36.0,,deux_roues,,1,1,1,1,6
201900057466,2019-05-22 03:15:00,2019,5,22,3,15,83,83151,RD24,43.439048,6.171607,Nuit sans éclairage public,Hors agglomération,Hors intersection,Normale,Sans collision,3,2,2,0,1,3,1,0,3,70,1,1,0,0,1,0,21.0,,voiture,,3,1,1,1,7
201900057467,2019-05-22 13:54:00,2019,5,22,13,54,83,83023,dn7,43.405753,6.060888,Plein jour,Hors agglomération,Hors intersection,Normale,Deux véhicules - frontale,3,2,2,0,1,1,1,0,1,80,2,3,0,0,1,2,36.0,20.0,voiture,voiture,1,1,1,1,1