accident_id,datetime,annee,mois,jour,heure,minute,departement,commune_insee,adresse,latitude,longitude,luminosite,agglomeration,intersection,meteo,collision,catr,circ,nbv,vosp,prof,plan,surf,infra,situ,vma,nb_vehicules,nb_usagers,nb_indemnes,nb_tues,nb_blesses_hosp,nb_blesses_legers,age_cond_1,age_cond_2,veh_type_cond_1,veh_type_cond_2,lum_code,agg_code,int_code,atm_code,col_code
201900057743,2019-02-15 09:10:00,2019,2,15,9,10,92,92044,VIC. HUGO(RUE)115A149 ET 148A178,48.8984962,2.2941829,Plein jour,En agglomération,Intersection à plus de 4 branches,Normale,Autre collision,3,2,2,3,1,1,1,0,1,50,1,2,1,0,1,0,33.0,,deux_roues,,1,2,5,1,6
201900057744,2019-10-25 14:30:00,2019,10,25,14,30,34,34162,Rue du Prêche,43.4789882,3.4836704,Plein jour,En agglomération,Intersection en T,Normale,Deux véhicules - côté,4,1,1,0,2,1,1,0,1,50,2,2,1,0,0,1,25.0,57.0,voiture,deux_roues,1,2,3,1,3
201900057745,2019-09-19 08:34:00,2019,9,19,8,34,37,37233,LOIRE (LEVEE DE LA),47.39673,0.72645,Plein jour,En agglomération,Intersection en X,Normale,Deux véhicules - côté,4,2,2,2,1,1,1,5,1,50,2,2,1,0,0,1,25.0,17.0,autre,deux_roues,1,2,2,1,3
201900057746,2019-09-21 12:50:00,2019,9,21,12,50,37,37122,CHINON (BOULEVARD DE),47.3520136,0.6867943,Plein jour,En agglomération,Hors intersection,Normale,Deux véhicules - côté,4,2,1,1,3,3,1,5,5,50,2,3,1,0,0,2,47.0,50.0,deux_roues,deux_roues,1,2,1,1,3
201900057747,2019-10-26 19:30:00,2019,10,26,19,30,83,83023,Route Departementale 43,43.370205,6.08996,Nuit sans éclairage public,Hors agglomération,Hors intersection,Normale,Deux véhicules - frontale,3,2,2,0,1,1,1,0,1,80,2,3,0,0,3,0,18.0,35.0,deux_roues,voiture,3,1,1,1,1
201900057748,2019-08-18 18:30:00,2019,8,18,18,30,29,29049,PEN PRAT,48.0416801,-3.9159285,Plein jour,Hors agglomération,Hors intersection,Normale,Sans collision,3,-1,2,0,1,3,1,0,8,80,1,1,0,0,1,0,26.0,,deux_roues,,1,1,1,1,7
201900057749,2019-03-26 12:45:00,2019,3,26,12,45,972,97209,FRANCOIS ARAGO (RUE),14.6058,-61.0725,Plein jour,En agglomération,Intersection en X,Normale,Autre collision,4,1,1,0,1,1,1,0,1,30,2,2,1,0,0,1,,,autre,,1,2,2,1,6
201900057750,2019-05-30 21:30:00,2019,5,30,21,30,89,89206,D955,47.965436,3.384484,Crépuscule ou aube,Hors agglomération,Hors intersection,Normale,Deux véhicules - arrière,3,2,2,0,3,1,1,2,1,80,2,2,1,0,0,1,41.0,29.0,voiture,voiture,2,1,1,1,2
201900057751,2019-10-26 01:30:00,2019,10,26,1,30,83,83055,Rue Comtesse de Villeneuve,43.623579,6.692252,Nuit avec éclairage allumé,En agglomération,Hors intersection,Normale,Autre collision,9,1,1,0,2,2,1,0,4,30,1,2,0,0,1,1,15.0,,deux_roues,,5,2,1,1,6
201900057752,2019-02-17 14:10:00,2019,2,17,14,10,92,92040,GALLIENI (BOULEVARD),48.8315,2.26721,Plein jour,En agglomération,Hors intersection,Normale,Deux véhicules - côté,3,2,2,0,1,1,1,0,3,50,2,2,1,0,0,1,39.0,51.0,voiture,deux_roues,1,2,1,1,3
201900057753,2019-08-18 12:45:00,2019,8,18,12,45,29,29274,Brenelio,48.0042,-3.666181,Plein jour,Hors agglomération,Hors intersection,Normale,Autre collision,3,2,2,0,1,1,1,0,1,80,1,2,1,0,1,0,65.0,,voiture,,1,1,1,1,6
201900057754,2019-03-26 16:45:00,2019,3,26,16,45,69,69389,MONTRIBLOUD (DE)                    (R ),45.76657,4.78925,Plein jour,En agglomération,Intersection en T,Normale,Deux véhicules - côté,4,2,2,0,1,1,1,0,1,50,2,2,1,0,0,1,30.0,73.0,voiture,voiture,1,2,3,1,3
201900057755,2019-10-25 23:45:00,2019,10,25,23,45,83,83138,,43.610052,6.72086,Nuit sans éclairage public,Hors agglomération,Hors intersection,Normale,Autre collision,3,2,2,0,1,1,1,0,3,80,1,2,0,1,0,1,34.0,,voiture,,3,1,1,1,6
201900057756,2019-08-19 12:35:00,2019,8,19,12,35,2,02422,"Lieu dit ""les fiolles""",49.917599,3.60861,Plein jour,Hors agglomération,Hors intersection,Normale,Sans collision,4,2,1,0,1,1,3,0,1,-1,1,2,0,0,0,2,16.0,,deux_roues,,1,1,1,1,7
201900057757,2019-03-26 17:15:00,2019,3,26,17,15,69,69149,JACQUARD                            (R ),45.70997,4.81387,Plein jour,En agglomération,Hors intersection,Normale,Autre collision,4,2,2,0,2,1,1,0,1,30,1,2,1,0,0,1,56.0,,voiture,,1,2,1,1,6
201900057758,2019-10-26 11:30:00,2019,10,26,11,30,89,89037,D943,47.9727021,3.354324,Plein jour,Hors agglomération,Giratoire,Normale,Deux véhicules - côté,3,1,1,0,1,2,1,0,1,30,2,2,1,0,0,1,20.0,28.0,voiture,deux_roues,1,1,6,1,3
201900057759,2019-08-17 03:20:00,2019,8,17,3,20,2,02057,Place Jeanne d'Arc,49.995526,3.307933,Nuit avec éclairage allumé,En agglomération,Place,Pluie légère,Autre collision,9,2,2,0,1,3,2,0,1,50,1,2,1,0,1,0,22.0,,voiture,,5,2,7,2,6
201900057760,2019-08-19 01:00:00,2019,8,19,1,0,2,02187,54 Rue Maurice Clausse,49.035397,3.435152,Nuit avec éclairage allumé,En agglomération,Hors intersection,Normale,Sans collision,3,2,2,0,1,1,1,0,4,50,1,1,0,0,1,0,29.0,,deux_roues,,5,2,1,1,7
201900057761,2019-10-26 00:10:00,2019,10,26,0,10,71,71342,14 Rue de Bourgogne,46.45937,4.108237,Nuit avec éclairage allumé,En agglomération,Intersection en X,Normale,Deux véhicules - côté,3,2,2,0,1,1,1,0,1,50,2,2,1,0,1,0,21.0,23.0,deux_roues,voiture,5,2,2,1,3
201900057762,2019-10-26 18:20:00,2019,10,26,18,20,52,52449,D974,47.827618,5.327567,Crépuscule ou aube,Hors agglomération,Hors intersection,Normale,Deux véhicules - côté,3,2,2,0,1,1,1,3,1,80,2,3,2,0,1,0,30.0,76.0,deux_roues,voiture,2,1,1,1,3
201900057763,2019-05-25 14:30:00,2019,5,25,14,30,89,89466,AUTOROUTE A 19 PK 12.860,48.1891189,3.1857182,Plein jour,Hors agglomération,Hors intersection,Normale,Autre collision,1,3,4,0,1,1,1,0,3,130,1,5,0,1,1,3,27.0,,voiture,,1,1,1,1,6
201900057764,2019-08-15 16:01:00,2019,8,15,16,1,1,01239,Route départementale 37,45.765597,5.761262,Plein jour,Hors agglomération,Intersection en T,Normale,Deux véhicules - côté,3,2,2,1,1,1,1,0,1,-1,2,2,1,0,1,0,82.0,14.0,deux_roues,deux_roues,1,1,3,1,3
201900057765,2019-05-06 16:30:00,2019,5,6,16,30,71,71342,82 Rue Louis Desrichard,46.456996,4.11191,Plein jour,En agglomération,Hors intersection,Normale,Autre collision,9,2,2,0,1,1,1,0,1,50,1,2,1,0,1,0,80.0,,voiture,,1,2,1,1,6
201900057766,2019-08-18 08:35:00,2019,8,18,8,35,1,01305,Rue Maréchal de Lattre de Tassigny,46.431018,4.937658,Plein jour,En agglomération,Hors intersection,Normale,Autre collision,3,2,2,0,1,2,1,0,1,50,1,2,1,0,1,0,67.0,,voiture,,1,2,1,1,6
201900057767,2019-10-24 15:40:00,2019,10,24,15,40,9,09282,Grande Rue,43.234977,1.575539,Plein jour,En agglomération,Hors intersection,Normale,Trois véhicules et plus - collisions multiples,3,1,2,0,1,1,1,0,1,50,3,4,3,0,0,1,75.0,68.0,voiture,voiture,1,2,1,1,5
201900057768,2019-08-13 20:40:00,2019,8,13,20,40,54,54129,Rue de la Verrerie,48.580532,6.949566,Crépuscule ou aube,En agglomération,Hors intersection,Normale,Autre collision,3,2,2,0,1,1,1,0,4,50,1,2,0,0,0,2,41.0,,deux_roues,,2,2,1,1,6
201900057769,2019-08-19 17:30:00,2019,8,19,17,30,72,72133,la petite pelouse,47.89796,0.123416,Plein jour,Hors agglomération,Hors intersection,Normale,Sans collision,3,2,2,0,1,1,1,2,3,80,1,1,0,0,1,0,40.0,,voiture,,1,1,1,1,7
201900057770,2019-09-18 20:30:00,2019,9,18,20,30,34,34172,ZENITH (ROND POINT DU),43.6084,3.9294,Nuit avec éclairage allumé,En agglomération,Giratoire,Pluie forte,Deux véhicules - côté,4,1,3,0,1,2,2,5,1,50,2,2,1,0,0,1,59.0,32.0,voiture,deux_roues,5,2,6,3,3
201900057771,2019-10-25 12:40:00,2019,10,25,12,40,9,09282,Allée de Madron,43.246981,1.571868,Plein jour,Hors agglomération,Hors intersection,Normale,Deux véhicules - côté,3,2,2,0,1,1,1,0,1,80,2,3,2,0,0,1,33.0,,voiture,voiture,1,1,1,1,3
201900057772,2019-01-03 11:40:00,2019,1,3,11,40,94,94074,RN406.Y,48.7571404,2.472829,Plein jour,Hors agglomération,Hors intersection,Normale,Trois véhicules et plus - en chaîne,2,1,3,0,1,1,1,0,1,90,3,4,1,0,0,3,34.0,44.0,voiture,voiture,1,1,1,1,4
201900057773,2019-01-03 09:00:00,2019,1,3,9,0,94,94017,A4,48.826587,2.518173,Plein jour,Hors agglomération,Hors intersection,Normale,Deux véhicules - arrière,1,1,3,0,1,1,1,0,1,90,2,2,1,0,0,1,38.0,47.0,voiture,utilitaire_camion,1,1,1,1,2
201900057774,2019-03-25 18:42:00,2019,3,25,18,42,91,91692,TROPIQUES (AVENUE DES),48.68463,2.19406,Plein jour,En agglomération,Intersection en T,Normale,Deux véhicules - frontale,3,2,3,0,1,1,1,0,1,45,2,2,1,0,0,1,34.0,23.0,deux_roues,voiture,1,2,3,1,1
201900057775,2019-10-25 16:05:00,2019,10,25,16,5,17,17307,Route du Silo,45.699711,-0.920523,Plein jour,Hors agglomération,Intersection en X,Normale,Deux véhicules - côté,3,-1,2,0,1,1,1,0,1,80,2,3,1,0,2,0,55.0,35.0,deux_roues,voiture,1,1,2,1,3
201900057776,2019-05-27 19:40:00,2019,5,27,19,40,71,71176,36 avenue des platanes,46.48139,3.980265,Plein jour,En agglomération,Hors intersection,Normale,Autre collision,3,2,2,0,1,3,1,0,3,70,1,2,0,0,2,0,47.0,,voiture,,1,2,1,1,6
201900057777,2019-08-18 10:15:00,2019,8,18,10,15,5,05017,RN94,44.5622263,6.2048239,Plein jour,Hors agglomération,Hors intersection,Normale,Autre collision,2,2,2,0,1,1,1,0,3,80,1,1,0,0,1,0,30.0,,voiture,,1,1,1,1,6
201900057778,2019-09-20 23:40:00,2019,9,20,23,40,34,34172,LIBERTE (AVENUE DE LA,43.6088801,3.8529169,Nuit avec éclairage allumé,En agglomération,Intersection en X,Normale,Autre collision,4,3,5,0,1,1,1,5,1,50,1,1,0,1,0,0,,,,,5,2,2,1,6
201900057779,2019-01-01 17:25:00,2019,1,1,17,25,77,77122,RN104,48.64642,2.594854,Nuit sans éclairage public,Hors agglomération,Hors intersection,Temps couvert,Autre collision,2,3,4,0,1,1,1,0,1,110,1,1,0,0,0,1,20.0,,voiture,,3,1,1,8,6
201900057780,2019-09-21 12:35:00,2019,9,21,12,35,30,30189,GENERAC (ROUTE),43.8001,4.3535,Plein jour,Hors agglomération,Hors intersection,Pluie légère,Deux véhicules - frontale,4,2,2,0,1,1,2,0,1,70,2,4,1,1,0,2,41.0,43.0,voiture,voiture,1,1,1,2,1
201900057781,2019-09-21 11:55:00,2019,9,21,11,55,17,17306,BOUCHET LOUIS (AVENUE),45.62431,-1.00283,Plein jour,En agglomération,Hors intersection,Normale,Deux véhicules - arrière,4,2,2,0,1,1,1,0,1,50,2,2,1,0,0,1,54.0,79.0,deux_roues,voiture,1,2,1,1,2
201900057782,2019-02-12 13:40:00,2019,2,12,13,40,92,92024,VICTOR HUGO (BD),48.8974677,2.3104824,Plein jour,En agglomération,Intersection en Y,Normale,Autre collision,3,2,4,0,1,1,1,0,1,50,1,2,1,0,0,1,30.0,,deux_roues,,1,2,4,1,6
201900057783,2019-09-20 19:30:00,2019,9,20,19,30,72,72343,Le Chatelais,47.811722,-0.412552,Crépuscule ou aube,Hors agglomération,Hors intersection,Normale,Deux véhicules - frontale,3,2,2,0,2,1,1,0,1,80,2,6,5,0,0,1,19.0,39.0,utilitaire_camion,voiture,2,1,1,1,1
201900057784,2019-03-26 17:30:00,2019,3,26,17,30,91,91691,CD 94,48.73291,2.4976,Plein jour,Hors agglomération,Hors intersection,Normale,Deux véhicules - côté,3,2,0,0,1,1,1,0,1,50,2,2,1,0,0,1,23.0,55.0,voiture,deux_roues,1,1,1,1,3
201900057785,2019-05-09 12:17:00,2019,5,9,12,17,71,71176,Route de Roanne,46.474571,3.993154,Plein jour,En agglomération,Hors intersection,Temps couvert,Autre collision,3,2,2,0,2,1,2,0,1,70,1,2,1,0,1,0,53.0,,voiture,,1,2,1,8,6
201900057786,2019-09-21 16:32:00,2019,9,21,16,32,14,14333,REVEL (RUE JEAN),49.41732,0.24036,Plein jour,En agglomération,Hors intersection,Normale,Deux véhicules - côté,4,2,2,0,2,4,1,0,1,50,2,3,2,0,0,1,22.0,42.0,utilitaire_camion,transport_commun,1,2,1,1,3
201900057787,2019-08-19 16:50:00,2019,8,19,16,50,73,73019,D1006,45.4797873,6.2916287,Plein jour,Hors agglomération,Hors intersection,Normale,Autre collision,3,2,2,0,1,1,1,0,3,80,1,1,0,0,1,0,28.0,,voiture,,1,1,1,1,6
201900057788,2019-09-21 20:40:00,2019,9,21,20,40,13,13213,BARRY (BOULEVARD),43.318074,5.409851,Nuit avec éclairage allumé,En agglomération,Hors intersection,Pluie légère,Deux véhicules - frontale,7,2,2,0,1,1,2,0,1,50,2,1,0,0,0,1,24.0,,voiture,,5,2,1,2,1
201900057789,2019-02-08 20:45:00,2019,2,8,20,45,92,92024,CLICHY (QUAI DE) DE (8 A 60),48.9082646,2.2998578,Nuit avec éclairage allumé,En agglomération,Intersection en X,Normale,Deux véhicules - côté,3,2,4,0,1,1,1,0,1,50,2,3,2,0,0,1,44.0,21.0,voiture,voiture,5,2,2,1,3
201900057790,2019-08-17 21:45:00,2019,8,17,21,45,10,10055,Route Départementale 671,48.128424,4.345769,Nuit sans éclairage public,Hors agglomération,Hors intersection,Normale,Autre collision,3,2,2,0,1,1,2,0,3,80,1,5,0,0,2,3,37.0,,voiture,,3,1,1,1,6
201900057791,2019-09-21 21:15:00,2019,9,21,21,15,13,13203,JOBIN (RUE),43.3112783,5.3884544,Nuit avec éclairage allumé,En agglomération,Hors intersection,Pluie légère,Deux véhicules - frontale,4,2,2,0,2,1,2,0,1,50,2,2,1,0,1,0,44.0,25.0,voiture,deux_roues,5,2,1,2,1
201900057792,2019-09-21 14:20:00,2019,9,21,14,20,13,13212,CAILLOLS (AVENUE DES),43.30374,5.42871,Plein jour,En agglomération,Hors intersection,Pluie forte,Sans collision,4,1,3,0,2,1,2,0,1,50,1,1,0,0,1,0,68.0,,deux_roues,,1,2,1,3,7
201900057793,2019-05-10 10:38:00,2019,5,10,10,38,71,71106,Place de l'Église,46.434066,4.274733,Plein jour,En agglomération,Hors intersection,Normale,Autre collision,3,2,2,0,1,1,1,0,1,30,1,2,1,0,1,0,91.0,,voiture,,1,2,1,1,6
201900057794,2019-08-17 20:30:00,2019,8,17,20,30,21,21131,D976,47.024858,5.169231,Crépuscule ou aube,Hors agglomération,Hors intersection,Normale,Deux véhicules - frontale,3,2,2,0,1,1,1,0,3,80,2,3,0,0,2,1,27.0,20.0,voiture,voiture,2,1,1,1,1
201900057795,2019-08-16 18:45:00,2019,8,16,18,45,24,24074,Le gard,44.858848,1.347202,Plein jour,Hors agglomération,Hors intersection,Normale,Deux véhicules - frontale,3,2,2,0,3,3,1,0,1,80,2,3,2,0,1,0,20.0,56.0,deux_roues,voiture,1,1,1,1,1
201900057796,2019-08-16 12:00:00,2019,8,16,12,0,24,24564,Le Pauly,45.240781,0.283485,Plein jour,Hors agglomération,Autre intersection,Normale,Deux véhicules - frontale,3,2,2,0,1,2,1,0,1,50,2,2,1,0,1,0,76.0,26.0,voiture,deux_roues,1,1,9,1,1
201900057797,2019-02-16 10:00:00,2019,2,16,10,0,92,92012,CHARLES DE GAULLE (AVENUE) - COTE PAIR,48.8483565,2.237256,Plein jour,En agglomération,Intersection en X,Normale,Deux véhicules - côté,4,1,1,0,1,1,1,0,2,50,2,3,2,0,0,1,38.0,32.0,voiture,deux_roues,1,2,2,1,3
201900057798,2019-10-26 12:30:00,2019,10,26,12,30,50,50404,D253,49.030462,-0.905838,Plein jour,En agglomération,Hors intersection,Normale,Deux véhicules - côté,3,2,2,0,1,1,1,0,1,50,2,2,1,0,1,0,47.0,59.0,deux_roues,voiture,1,2,1,1,3
201900057799,2019-04-30 19:20:00,2019,4,30,19,20,71,71219,RD 18,46.66329,4.944783,Plein jour,En agglomération,Intersection en T,Normale,Deux véhicules - frontale,3,2,2,0,1,4,1,0,1,-1,2,2,1,0,1,0,55.0,53.0,voiture,deux_roues,1,2,3,1,1
201900057800,2019-03-26 11:00:00,2019,3,26,11,0,91,91201,HENRI BARBUSSE(BOULEVARD),48.667826,2.416254,Plein jour,En agglomération,Hors intersection,Normale,Deux véhicules - arrière,3,2,2,0,1,3,1,0,1,50,2,2,1,0,0,1,21.0,50.0,voiture,utilitaire_camion,1,2,1,1,2
201900057801,2019-05-21 10:01:00,2019,5,21,10,1,71,71251,"LIEU DIT LES QUATRES VENTS, RD 681 PK 009+575",46.904193,4.16297,Plein jour,Hors agglomération,Hors intersection,Normale,Deux véhicules - frontale,3,2,2,0,1,1,1,0,1,80,2,2,1,1,0,0,49.0,22.0,utilitaire_camion,voiture,1,1,1,1,1
201900057802,2019-09-21 03:10:00,2019,9,21,3,10,13,13213,JEAN PAUL SARTRE (AVENUE),43.32682,5.42553,Nuit avec éclairage non allumé,En agglomération,Hors intersection,Normale,Deux véhicules - frontale,3,2,2,0,1,1,1,0,1,50,2,4,0,1,3,0,22.0,42.0,voiture,voiture,4,2,1,1,1
201900057803,2019-02-15 14:05:00,2019,2,15,14,5,92,92012,JEAN BAPTISTE CLEMENT (AVENUE) 49/FIN -,48.8424853,2.2307986,Plein jour,En agglomération,Intersection en Y,Normale,Autre collision,4,2,2,0,1,1,1,0,1,50,1,1,0,0,0,1,,,,,1,2,4,1,6
201900057804,2019-09-20 22:15:00,2019,9,20,22,15,75,75119,BD PERIPHERIQUE INTERIEUR,48.884129,2.39887,Nuit avec éclairage allumé,En agglomération,Hors intersection,Normale,Deux véhicules - arrière,4,1,4,0,1,2,1,0,1,70,2,2,1,0,0,1,27.0,26.0,voiture,deux_roues,5,2,1,1,2
201900057805,2019-02-14 15:45:00,2019,2,14,15,45,92,92012,EDOUARD VAILLANT (AVENUE) DEBUT/56 - COT,48.8356134,2.2497004,Plein jour,En agglomération,Hors intersection,Temps éblouissant,Deux véhicules - côté,3,2,4,0,1,1,1,0,1,50,2,2,1,0,0,1,41.0,40.0,voiture,deux_roues,1,2,1,7,3
201900057806,2019-02-14 15:58:00,2019,2,14,15,58,92,92007,RAVERA (AVENUE HENRI) N° 1 A 109 ET 2 A,48.80599,2.31372,Plein jour,En agglomération,Intersection en T,Temps éblouissant,Autre collision,3,3,1,0,1,1,1,0,1,50,1,2,1,0,0,1,45.0,,voiture,,1,2,3,7,6
201900057807,2019-08-17 19:05:00,2019,8,17,19,5,85,85020,Route de Fontenay le Comte,46.37723,-0.59651,Plein jour,En agglomération,Giratoire,Pluie légère,Autre collision,3,-1,1,0,1,3,2,0,4,50,1,1,0,0,0,1,73.0,,voiture,,1,2,6,2,6
201900057808,2019-08-19 18:20:00,2019,8,19,18,20,27,27085,rue du site gallo-romain,49.328886,0.744932,Plein jour,Hors agglomération,Hors intersection,Normale,Autre collision,4,2,2,0,2,1,1,0,3,80,1,1,0,1,0,0,21.0,,voiture,,1,1,1,1,6
201900057809,2019-05-15 18:30:00,2019,5,15,18,30,71,71360,D89,46.328322,4.742157,Plein jour,Hors agglomération,Intersection en X,Normale,Deux véhicules - côté,3,2,2,0,1,1,1,5,1,50,2,2,1,0,0,1,50.0,68.0,deux_roues,voiture,1,1,2,1,3
201900057810,2019-03-23 12:45:00,2019,3,23,12,45,91,91027,EDOUARD VAILLANT (RUE),48.707823,2.397339,Plein jour,En agglomération,Intersection en T,Normale,Deux véhicules - arrière,3,2,2,0,1,1,1,0,1,50,2,2,1,0,0,1,35.0,20.0,utilitaire_camion,deux_roues,1,2,3,1,2
201900057811,2019-08-18 10:45:00,2019,8,18,10,45,37,37281,La Frillière,47.39591,0.827287,Plein jour,Hors agglomération,Hors intersection,Pluie légère,Deux véhicules - frontale,3,2,2,0,1,3,2,0,1,70,2,8,0,0,2,6,39.0,54.0,voiture,voiture,1,1,1,2,1
201900057812,2019-05-09 12:50:00,2019,5,9,12,50,71,71169,"lieu-dit la patte d'oie, D172",46.297329,4.765416,Plein jour,En agglomération,Hors intersection,Pluie légère,Deux véhicules - côté,3,2,2,0,2,3,2,0,1,70,2,3,2,0,0,1,48.0,38.0,voiture,utilitaire_camion,1,2,1,2,3
201900057813,2019-02-14 16:20:00,2019,2,14,16,20,29,29277,KERFEOS,48.400096,-4.020877,Plein jour,Hors agglomération,Intersection en Y,Normale,Deux véhicules - côté,4,2,1,0,2,1,1,5,1,80,2,2,1,0,1,0,70.0,78.0,deux_roues,voiture,1,1,4,1,3
201900057814,2019-03-31 19:00:00,2019,3,31,19,0,21,21407,Rue des Vignes,47.16218,4.871845,Plein jour,En agglomération,Intersection en T,Normale,Deux véhicules - côté,4,2,2,0,1,1,1,0,1,50,2,2,1,0,1,0,34.0,24.0,voiture,deux_roues,1,2,3,1,3
201900057815,2019-02-17 14:50:00,2019,2,17,14,50,50,50027,La Tréhannière,48.685234,-1.427261,Plein jour,Hors agglomération,Hors intersection,Normale,Deux véhicules - côté,3,2,2,0,2,2,1,0,1,-1,2,6,3,0,0,3,19.0,69.0,voiture,voiture,1,1,1,1,3
201900057816,2019-05-27 23:05:00,2019,5,27,23,5,21,21370,Cd 905,47.252644,5.179809,Nuit sans éclairage public,Hors agglomération,Hors intersection,Normale,Deux véhicules - côté,3,2,2,0,1,2,1,0,1,80,2,2,0,0,1,1,37.0,36.0,voiture,voiture,3,1,1,1,3
201900057817,2019-02-16 15:15:00,2019,2,16,15,15,49,49123,CD 205,47.22121,-0.120242,Plein jour,Hors agglomération,Hors intersection,Normale,Sans collision,3,2,2,0,2,2,1,0,3,80,1,1,0,0,1,0,16.0,,deux_roues,,1,1,1,1,7
201900057818,2019-02-16 20:15:00,2019,2,16,20,15,83,83003,,43.606018,6.370171,Nuit sans éclairage public,Hors agglomération,Hors intersection,Normale,Autre collision,3,2,2,0,1,1,1,0,1,80,1,1,0,0,1,0,17.0,,deux_roues,,3,1,1,1,6
201900057819,2019-04-01 17:50:00,2019,4,1,17,50,21,21699,D976,47.20211,5.345956,Plein jour,Hors agglomération,Intersection en T,Normale,Sans collision,3,2,2,0,1,3,9,0,1,80,1,1,0,0,0,1,37.0,,deux_roues,,1,1,3,1,7
201900057820,2019-02-15 16:30:00,2019,2,15,16,30,38,38425,rue Francois Truffaut / rue Romain Rolland,45.38058,4.78493,Plein jour,En agglomération,Intersection en T,Normale,Deux véhicules - côté,4,2,2,0,1,2,1,5,1,50,2,2,1,1,0,0,78.0,37.0,voiture,deux_roues,1,2,3,1,3
201900057821,2019-05-18 11:20:00,2019,5,18,11,20,52,52105,50 rue du lac,47.913737,5.37913,Plein jour,En agglomération,Hors intersection,Normale,Sans collision,3,-1,2,0,1,2,1,0,1,50,1,1,0,0,0,1,78.0,,voiture,,1,2,1,1,7
201900057822,2019-05-27 18:30:00,2019,5,27,18,30,52,52401,route départementale 107,48.038573,5.264868,Plein jour,Hors agglomération,Hors intersection,Pluie légère,Autre collision,3,2,2,0,1,1,2,0,3,80,1,1,0,0,0,1,18.0,,voiture,,1,1,1,2,6
201900057823,2019-02-15 16:00:00,2019,2,15,16,0,86,86128,Intersection de la rue de la lande et de la rue boussageau,46.8049555,0.3141958,Plein jour,En agglomération,Intersection en T,Normale,Deux véhicules - côté,3,2,2,0,1,1,1,0,1,50,2,2,1,0,1,0,35.0,19.0,deux_roues,voiture,1,2,3,1,3
201900057824,2019-05-01 06:50:00,2019,5,1,6,50,10,10004,route départementale 677,48.579596,4.152098,Crépuscule ou aube,Hors agglomération,Hors intersection,Brouillard / fumée,Sans collision,3,2,2,0,1,1,1,0,3,80,1,4,3,0,1,0,23.0,,voiture,,2,1,1,5,7
201900057825,2019-02-18 12:00:00,2019,2,18,12,0,95,95229,3 Rue de la Mairie,49.030809,2.361609,Plein jour,En agglomération,Hors intersection,Normale,Autre collision,4,2,2,0,1,1,1,0,8,50,1,2,1,0,0,1,61.0,,voiture,,1,2,1,1,6
201900057826,2019-05-23 20:40:00,2019,5,23,20,40,8,08081,R JOURDES,49.859217,4.748337,Crépuscule ou aube,En agglomération,Hors intersection,Normale,Deux véhicules - côté,4,2,2,0,1,1,1,0,1,50,2,2,1,0,1,0,21.0,20.0,voiture,deux_roues,2,2,1,1,3
201900057827,2019-01-18 07:22:00,2019,1,18,7,22,85,85303,D938TER,46.38543,-0.87443,Crépuscule ou aube,Hors agglomération,Hors intersection,Normale,Deux véhicules - frontale,3,2,2,0,2,2,2,0,1,80,2,2,1,0,1,0,35.0,29.0,utilitaire_camion,voiture,2,1,1,1,1
201900057828,2019-09-20 17:35:00,2019,9,20,17,35,75,75112,ECHANGEUR BERCY,48.827649,2.3939519,Plein jour,En agglomération,Intersection en Y,Normale,Deux véhicules - arrière,4,1,4,0,1,1,1,0,1,70,2,3,2,0,0,1,27.0,34.0,deux_roues,utilitaire_camion,1,2,4,1,2
201900057829,2019-10-16 16:12:00,2019,10,16,16,12,60,60450,Hameau du Bois des Cauches,49.248484,2.274578,Plein jour,En agglomération,Autre intersection,Pluie forte,Trois véhicules et plus - en chaîne,3,2,2,0,1,3,2,0,1,50,3,3,2,0,0,1,58.0,69.0,voiture,voiture,1,2,9,3,4
201900057830,2019-05-01 15:30:00,2019,5,1,15,30,68,68247,CD 27,47.947823,6.995615,Plein jour,Hors agglomération,Hors intersection,Normale,Sans collision,3,2,2,0,3,2,1,0,3,-1,1,1,0,0,0,1,27.0,,deux_roues,,1,1,1,1,7
201900057831,2019-09-20 22:28:00,2019,9,20,22,28,75,75119,BOULEVARD D ALGERIE,48.88257,2.39982,Nuit avec éclairage allumé,En agglomération,Hors intersection,Normale,Deux véhicules - frontale,4,2,2,0,2,3,1,0,1,50,2,3,1,0,1,1,50.0,17.0,voiture,voiture,5,2,1,1,1
201900057832,2019-02-16 14:45:00,2019,2,16,14,45,91,91016,N20 PK55.600,48.3192,2.001828,Plein jour,Hors agglomération,Hors intersection,Normale,Autre collision,2,3,4,0,1,1,1,0,1,90,2,3,0,0,1,2,26.0,34.0,deux_roues,deux_roues,1,1,1,1,6
201900057833,2019-05-13 16:30:00,2019,5,13,16,30,68,68072,Route Nationale,47.696638,7.422444,Plein jour,Hors agglomération,Hors intersection,Normale,Sans collision,3,2,2,0,1,1,1,0,1,80,1,1,0,0,1,0,59.0,,deux_roues,,1,1,1,1,7
201900057834,2019-10-17 17:00:00,2019,10,17,17,0,60,60612,Rue Yves Carlier,49.20943,2.57953,Plein jour,En agglomération,Intersection en T,Temps éblouissant,Autre collision,4,2,2,0,1,1,1,0,1,50,1,2,1,0,0,1,92.0,,voiture,,1,2,3,7,6