accident_id,datetime,annee,mois,jour,heure,minute,departement,commune_insee,adresse,latitude,longitude,luminosite,agglomeration,intersection,meteo,collision,catr,circ,nbv,vosp,prof,plan,surf,infra,situ,vma,nb_vehicules,nb_usagers,nb_indemnes,nb_tues,nb_blesses_hosp,nb_blesses_legers,age_cond_1,age_cond_2,veh_type_cond_1,veh_type_cond_2,lum_code,agg_code,int_code,atm_code,col_code
201900057926,2019-10-24 13:00:00,2019,10,24,13,0,95,95641,AUTOROUTE A1,49.07849,2.55179,Plein jour,Hors agglomération,Hors intersection,Normale,Trois véhicules et plus - collisions multiples,1,3,8,0,1,1,1,0,1,130,4,4,2,0,0,2,44.0,29.0,voiture,voiture,1,1,1,1,5
201900057927,2019-02-17 17:45:00,2019,2,17,17,45,6,06006,3396 route de nice,43.761946,7.245587,Plein jour,En agglomération,Hors intersection,Normale,Deux véhicules - frontale,7,2,2,0,2,3,1,0,1,50,2,2,0,0,1,1,37.0,17.0,deux_roues,deux_roues,1,2,1,1,1
201900057928,2019-10-24 09:45:00,2019,10,24,9,45,93,93066,AUTOROUTE A1,48.91749,2.35742,Plein jour,Hors agglomération,Hors intersection,Normale,Deux véhicules - arrière,1,3,8,0,1,1,1,1,1,90,2,2,1,0,1,0,49.0,40.0,deux_roues,deux_roues,1,1,1,1,2
201900057929,2019-03-24 17:10:00,2019,3,24,17,10,76,76157,A150,49.47129,1.03167,Plein jour,Hors agglomération,Hors intersection,Normale,Deux véhicules - côté,1,3,4,0,2,1,1,0,1,110,2,3,1,0,1,1,22.0,33.0,deux_roues,deux_roues,1,1,1,1,3
201900057930,2019-02-08 16:55:00,2019,2,8,16,55,62,62866,07 route de Berck,50.380017,1.649875,Plein jour,En agglomération,Hors intersection,Normale,Autre collision,3,2,2,0,1,1,2,0,4,50,1,2,1,0,1,0,73.0,,voiture,,1,2,1,1,6
201900057931,2019-10-24 09:05:00,2019,10,24,9,5,93,93066,AUTOROUTE A1,48.9103,2.35797,Plein jour,Hors agglomération,Hors intersection,Normale,Deux véhicules - arrière,1,3,8,0,1,1,1,1,1,90,2,2,1,0,0,1,48.0,43.0,voiture,voiture,1,1,1,1,2
201900057932,2019-05-08 17:00:00,2019,5,8,17,0,3,03042,Mailland,46.1472464,3.667336,Plein jour,Hors agglomération,Hors intersection,Normale,Autre collision,4,2,2,0,2,1,2,0,1,50,1,1,0,0,0,1,56.0,,voiture,,1,1,1,1,6
201900057933,2019-02-15 00:00:00,2019,2,15,0,0,62,62571,471 rue Camille Delacroix,50.455812,1.606806,Nuit avec éclairage non allumé,En agglomération,Hors intersection,Normale,Autre collision,3,2,2,0,1,2,1,0,4,50,1,1,0,0,1,0,25.0,,deux_roues,,4,2,1,1,6
201900057934,2019-05-10 15:39:00,2019,5,10,15,39,3,03086,,46.472671,3.851266,Plein jour,Hors agglomération,Hors intersection,Normale,Deux véhicules - côté,2,2,2,0,1,1,1,0,1,80,2,2,1,0,1,0,37.0,37.0,utilitaire_camion,voiture,1,1,1,1,3
201900057935,2019-08-18 17:50:00,2019,8,18,17,50,88,88196,Chemin de la Rayée,48.063098,6.878392,Plein jour,En agglomération,Hors intersection,Normale,Deux véhicules - frontale,4,2,2,0,2,2,1,0,1,50,2,4,3,0,0,1,16.0,55.0,deux_roues,voiture,1,2,1,1,1
201900057936,2019-09-21 17:15:00,2019,9,21,17,15,75,75115,RUE DE L ABBE GROULT,48.8396525,2.296533,Plein jour,En agglomération,Intersection en X,Normale,Deux véhicules - côté,4,1,1,0,1,1,1,0,1,50,2,2,1,0,0,1,71.0,17.0,voiture,deux_roues,1,2,2,1,3
201900057937,2019-03-25 21:55:00,2019,3,25,21,55,76,76351,PARIS (DE),49.4886,0.10751,Nuit avec éclairage allumé,En agglomération,Intersection en X,Normale,Deux véhicules - côté,4,2,2,0,1,1,1,0,1,50,2,2,1,0,0,1,38.0,29.0,deux_roues,voiture,5,2,2,1,3
201900057938,2019-02-16 10:20:00,2019,2,16,10,20,59,59319,route d'Hondschoote,50.9827416,2.4673681,Plein jour,En agglomération,Intersection en X,Temps éblouissant,Deux véhicules - côté,3,2,2,0,1,1,1,9,1,50,2,2,1,0,1,0,68.0,47.0,voiture,deux_roues,1,2,2,7,3
201900057939,2019-05-12 18:00:00,2019,5,12,18,0,63,63092,d90,45.8907674,2.9470316,Plein jour,Hors agglomération,Hors intersection,Normale,Deux véhicules - frontale,3,2,2,0,2,3,1,0,1,80,2,2,1,1,0,0,46.0,76.0,deux_roues,voiture,1,1,1,1,1
201900057940,2019-08-16 13:50:00,2019,8,16,13,50,88,88102,départementale 3,48.412859,5.583987,Plein jour,Hors agglomération,Hors intersection,Normale,Deux véhicules - frontale,3,2,2,0,2,4,1,0,1,80,2,3,2,1,0,0,43.0,19.0,voiture,deux_roues,1,1,1,1,1
201900057941,2019-02-16 00:30:00,2019,2,16,0,30,26,26333,10 rue picpus,45.176267,4.819606,Nuit avec éclairage allumé,En agglomération,Hors intersection,Normale,Autre collision,3,2,2,0,1,1,1,0,1,50,1,2,1,0,1,0,21.0,,voiture,,5,2,1,1,6
201900057942,2019-05-13 12:00:00,2019,5,13,12,0,63,63226,Route Départementale 1,45.747627,3.239097,Plein jour,Hors agglomération,Hors intersection,Vent fort / tempête,Autre collision,3,2,2,0,2,2,1,0,1,80,1,1,0,0,1,0,61.0,,voiture,,1,1,1,6,6
201900057943,2019-08-03 10:45:00,2019,8,3,10,45,38,38382,Rue de la Biolle,45.237397,5.66913,Plein jour,En agglomération,Intersection en Y,Temps éblouissant,Deux véhicules - côté,4,2,2,1,1,1,1,0,5,50,2,2,1,0,1,0,71.0,38.0,deux_roues,voiture,1,2,4,7,3
201900057944,2019-02-15 23:45:00,2019,2,15,23,45,72,72350,La Vaugoudière,47.89954,0.296814,Nuit sans éclairage public,Hors agglomération,Hors intersection,Normale,Autre collision,3,2,2,0,1,1,1,0,3,80,1,1,0,0,0,1,25.0,,deux_roues,,3,1,1,1,6
201900057945,2019-07-29 18:40:00,2019,7,29,18,40,69,69023,D20,46.04602,4.660425,Crépuscule ou aube,Hors agglomération,Hors intersection,Normale,Autre collision,3,2,2,0,1,1,1,0,1,80,1,2,1,0,0,1,38.0,,voiture,,2,1,1,1,6
201900057946,2019-05-04 22:20:00,2019,5,4,22,20,74,74154,RD 1005,46.407581,6.710603,Nuit sans éclairage public,Hors agglomération,Hors intersection,Pluie légère,Deux véhicules - frontale,3,2,2,0,1,1,2,0,1,80,2,3,0,1,2,0,26.0,61.0,voiture,voiture,3,1,1,2,1
201900057947,2019-02-16 12:10:00,2019,2,16,12,10,44,44149,"Lieu-dit ""Le Thély""",47.473644,-1.640718,Plein jour,Hors agglomération,Hors intersection,Temps éblouissant,Sans collision,4,2,2,0,1,1,1,0,1,50,1,1,0,0,1,0,11.0,,deux_roues,,1,1,1,7,7
201900057948,2019-08-18 10:50:00,2019,8,18,10,50,81,81140,D112,43.687389,1.763525,Plein jour,Hors agglomération,Hors intersection,Normale,Trois véhicules et plus - collisions multiples,3,-1,2,0,1,2,1,0,1,80,3,5,2,0,1,2,52.0,84.0,utilitaire_camion,voiture,1,1,1,1,5
201900057949,2019-03-22 23:45:00,2019,3,22,23,45,76,76351,BALZAC (DE),49.50457,0.15718,Nuit avec éclairage allumé,En agglomération,Intersection en X,Normale,Deux véhicules - côté,4,2,2,0,2,1,1,0,1,50,2,1,0,0,0,1,26.0,,voiture,,5,2,2,1,3
201900057950,2019-02-15 14:25:00,2019,2,15,14,25,50,50448,A84,48.590782,-1.328625,Plein jour,Hors agglomération,Hors intersection,Normale,Autre collision,1,3,4,0,1,1,-1,-1,1,130,1,4,3,0,0,1,38.0,,voiture,,1,1,1,1,6
201900057951,2019-03-25 20:55:00,2019,3,25,20,55,69,69266,ROGER SALENGRO     (Avenue),45.77661,4.87419,Nuit avec éclairage allumé,En agglomération,Intersection en T,Normale,Deux véhicules - arrière,7,2,5,3,1,1,1,0,1,50,2,2,1,0,0,1,40.0,21.0,deux_roues,utilitaire_camion,5,2,3,1,2
201900057952,2019-08-17 11:45:00,2019,8,17,11,45,33,33238,RD651/RD651E3 2 avenue de cadaujac,44.72708,-0.5974,Plein jour,En agglomération,Intersection en Y,Normale,Deux véhicules - arrière,3,2,2,0,1,1,1,0,1,50,2,4,0,0,0,4,38.0,19.0,deux_roues,deux_roues,1,2,4,1,2
201900057953,2019-02-17 21:00:00,2019,2,17,21,0,71,71004,Route de Saint-Martin RD35,46.814029,4.943852,Nuit sans éclairage public,Hors agglomération,Hors intersection,Normale,Autre collision,3,2,2,0,1,1,1,0,8,80,1,1,0,0,1,0,44.0,,voiture,,3,1,1,1,6
201900057954,2019-08-18 18:00:00,2019,8,18,18,0,22,22002,Ville Herve,48.5035081,-2.5198608,Plein jour,Hors agglomération,Intersection en T,Normale,Deux véhicules - arrière,3,2,2,0,2,1,1,0,1,80,2,2,1,0,1,0,74.0,24.0,voiture,deux_roues,1,1,3,1,2
201900057955,2019-03-24 23:25:00,2019,3,24,23,25,67,67482,MITTELHAUSBERGEN (ROUTE DE),48.59438,7.71951,Nuit avec éclairage allumé,En agglomération,Intersection en T,Normale,Deux véhicules - côté,4,2,2,0,1,1,1,0,1,30,2,3,2,0,0,1,55.0,39.0,voiture,deux_roues,5,2,3,1,3
201900057956,2019-02-14 19:05:00,2019,2,14,19,5,71,71215,Route de CHALON,46.874789,4.946996,Nuit sans éclairage public,Hors agglomération,Intersection en T,Normale,Deux véhicules - frontale,3,2,2,0,1,1,1,0,1,80,2,1,0,0,0,1,47.0,,voiture,,3,1,3,1,1
201900057957,2019-03-26 17:45:00,2019,3,26,17,45,64,64445,DOYEN ROBERT POPLAWSKI DU,43.31566,-0.3685,Plein jour,En agglomération,Hors intersection,Normale,Autre collision,6,-1,0,0,1,1,1,0,1,30,1,2,1,0,0,1,19.0,,voiture,,1,2,1,1,6
201900057958,2019-08-18 10:45:00,2019,8,18,10,45,27,27275,Rue de Sarstedt,49.162492,1.338426,Plein jour,En agglomération,Giratoire,Pluie légère,Autre collision,4,3,2,0,1,1,2,0,1,50,1,2,1,0,0,1,61.0,,utilitaire_camion,,1,2,6,2,6
201900057959,2019-02-13 13:00:00,2019,2,13,13,0,30,30251,458 avenue du Mistral,44.1840573,4.7087917,Plein jour,En agglomération,Hors intersection,Normale,Autre collision,3,2,2,0,1,1,1,8,1,50,1,2,1,0,1,0,37.0,,voiture,,1,2,1,1,6
201900057960,2019-10-24 03:30:00,2019,10,24,3,30,93,93005,AUTOROUTE A3,48.95801,2.47336,Nuit sans éclairage public,Hors agglomération,Hors intersection,Normale,Trois véhicules et plus - collisions multiples,1,3,7,0,1,3,1,0,1,90,4,4,3,0,0,1,22.0,48.0,utilitaire_camion,voiture,3,1,1,1,5
201900057961,2019-05-18 18:15:00,2019,5,18,18,15,74,74155,D22,46.2837939,6.522677,Plein jour,En agglomération,Intersection en Y,Normale,Deux véhicules - frontale,3,2,2,0,1,2,1,0,1,30,2,2,1,0,0,1,16.0,67.0,deux_roues,voiture,1,2,4,1,1
201900057962,2019-03-23 20:05:00,2019,3,23,20,5,64,64122,RUE GAMBETTA ,43.48066,-1.56324,Crépuscule ou aube,En agglomération,Hors intersection,Normale,Sans collision,4,1,1,0,2,1,1,0,1,30,1,1,0,0,1,0,21.0,,deux_roues,,2,2,1,1,7
201900057963,2019-02-16 16:30:00,2019,2,16,16,30,21,21513,D35,47.226181,4.869895,Plein jour,Hors agglomération,Hors intersection,Normale,Sans collision,3,2,2,0,3,2,1,0,1,80,1,1,0,0,1,0,22.0,,deux_roues,,1,1,1,1,7
201900057964,2019-03-24 08:00:00,2019,3,24,8,0,60,60159,Départementale 1131,49.39466,2.79081,Plein jour,Hors agglomération,Hors intersection,Normale,Sans collision,3,3,4,0,1,3,1,0,1,50,1,1,0,0,1,0,55.0,,voiture,,1,1,1,1,7
201900057965,2019-02-16 22:20:00,2019,2,16,22,20,62,62486,"814, RUE DE LILLERS ""HAMEAU DE TREZENNES""",50.6267908,2.4198817,Nuit avec éclairage allumé,En agglomération,Autre intersection,Normale,Autre collision,4,2,2,0,1,2,1,0,4,50,1,1,0,1,0,0,58.0,,voiture,,5,2,9,1,6
201900057966,2019-05-18 06:00:00,2019,5,18,6,0,74,74128,Route des Vallées,46.15519,6.345309,Crépuscule ou aube,Hors agglomération,Hors intersection,Normale,Deux véhicules - frontale,3,2,2,0,2,3,2,0,1,80,2,4,0,1,2,1,51.0,25.0,utilitaire_camion,utilitaire_camion,2,1,1,1,1
201900057967,2019-08-19 12:30:00,2019,8,19,12,30,27,27495,D150,49.258197,1.347374,Plein jour,Hors agglomération,Intersection en T,Normale,Deux véhicules - côté,3,2,2,0,1,1,1,0,1,80,2,2,1,0,1,0,70.0,44.0,voiture,deux_roues,1,1,3,1,3
201900057968,2019-10-25 17:57:00,2019,10,25,17,57,94,94065,A86 INT,48.7546264,2.347866,Plein jour,Hors agglomération,Hors intersection,Normale,Trois véhicules et plus - en chaîne,1,-1,3,0,1,1,1,0,1,90,3,3,2,0,0,1,51.0,55.0,voiture,voiture,1,1,1,1,4
201900057969,2019-09-20 17:35:00,2019,9,20,17,35,75,75115,AVENUE ALBERT BARTHOLOME,48.8289399,2.2941148,Plein jour,En agglomération,Intersection en X,Normale,Deux véhicules - côté,4,2,2,0,1,1,1,0,1,50,2,2,1,0,0,1,34.0,71.0,voiture,deux_roues,1,2,2,1,3
201900057970,2019-02-16 19:15:00,2019,2,16,19,15,62,62559,D15,50.204584,3.092526,Nuit sans éclairage public,Hors agglomération,Hors intersection,Normale,Autre collision,3,2,2,0,1,1,1,0,1,80,1,2,1,0,1,0,60.0,,voiture,,3,1,1,1,6
201900057971,2019-05-27 12:20:00,2019,5,27,12,20,74,74243,Route de Thairy,46.140814,6.070294,Plein jour,En agglomération,Intersection en X,Normale,Deux véhicules - côté,4,2,2,0,2,1,1,0,1,30,2,2,1,0,1,0,18.0,24.0,deux_roues,utilitaire_camion,1,2,2,1,3
201900057972,2019-02-17 16:55:00,2019,2,17,16,55,77,77278,D111,48.779419,3.170465,Plein jour,Hors agglomération,Hors intersection,Normale,Sans collision,3,2,2,0,2,2,1,0,3,80,1,1,0,0,0,1,30.0,,deux_roues,,1,1,1,1,7
201900057973,2019-09-20 22:45:00,2019,9,20,22,45,75,75113,PONT CHARLES DE GAULLE,48.842464,2.368989,Nuit avec éclairage allumé,En agglomération,Hors intersection,Normale,Trois véhicules et plus - en chaîne,4,1,6,-1,1,1,1,2,1,50,3,4,2,0,0,2,32.0,48.0,voiture,voiture,5,2,1,1,4
201900057974,2019-03-25 12:25:00,2019,3,25,12,25,59,59512,SEBASTOPOL (RUE DE),50.6892,3.170858,Plein jour,En agglomération,Intersection en T,Normale,Deux véhicules - côté,4,1,1,1,1,1,1,0,1,50,2,2,1,0,1,0,50.0,34.0,deux_roues,voiture,1,2,3,1,3
201900057975,2019-03-26 20:50:00,2019,3,26,20,50,59,59527,DE LATTRE TASSIGNY AVN°270A620,50.66225,3.03383,Nuit avec éclairage allumé,En agglomération,Hors intersection,Normale,Autre collision,4,2,2,0,1,1,1,0,1,50,1,2,1,0,0,1,39.0,,voiture,,5,2,1,1,6
201900057976,2019-03-07 15:30:00,2019,3,7,15,30,54,54395,VINGTIEME CORPS (AVENUE DU),48.697066,6.198096,Plein jour,En agglomération,Hors intersection,Normale,Deux véhicules - côté,4,-1,2,0,1,1,1,0,1,50,2,2,1,0,0,1,22.0,59.0,deux_roues,voiture,1,2,1,1,3
201900057977,2019-03-21 15:55:00,2019,3,21,15,55,54,54274,REPUBLIQUE (RUE DE LA),48.671357,6.205726,Plein jour,En agglomération,Hors intersection,Normale,Autre collision,4,-1,2,0,1,1,1,0,1,50,1,2,1,0,1,0,42.0,,deux_roues,,1,2,1,1,6
201900057978,2019-06-27 09:20:00,2019,6,27,9,20,54,54329,RUE RENE BASSET,48.59198,6.49604,Plein jour,En agglomération,Hors intersection,Normale,Autre collision,4,1,1,2,1,1,1,0,2,30,1,2,1,1,0,0,87.0,,voiture,,1,2,1,1,6
201900057979,2019-10-25 08:50:00,2019,10,25,8,50,94,94017,A4,48.8266,2.5215,Plein jour,Hors agglomération,Hors intersection,Normale,Deux véhicules - arrière,1,1,4,0,1,1,1,0,1,110,2,2,1,0,0,1,43.0,26.0,voiture,deux_roues,1,1,1,1,2
201900057980,2019-05-30 13:00:00,2019,5,30,13,0,74,74116,Route du Col d'Évires,46.0455088,6.2571437,Plein jour,Hors agglomération,Intersection en T,Normale,Deux véhicules - arrière,3,2,2,0,1,1,1,0,1,80,2,2,1,0,1,0,19.0,41.0,deux_roues,voiture,1,1,3,1,2
201900057981,2019-02-17 15:15:00,2019,2,17,15,15,77,77182,D46,48.80937,3.31609,Plein jour,Hors agglomération,Hors intersection,Normale,Deux véhicules - arrière,3,2,2,0,1,1,1,0,1,80,2,2,0,0,0,2,51.0,45.0,deux_roues,deux_roues,1,1,1,1,2
201900057982,2019-08-17 21:50:00,2019,8,17,21,50,13,13085,A50-Sens Aubagne vers Toulon,43.2399615,5.5923217,Nuit sans éclairage public,Hors agglomération,Hors intersection,Normale,Deux véhicules - côté,1,1,3,0,2,1,1,0,1,90,2,5,3,0,0,2,21.0,21.0,voiture,voiture,3,1,1,1,3
201900057983,2019-05-15 21:30:00,2019,5,15,21,30,74,74056,Avenue de Courmayeur,45.917337,6.867114,Nuit avec éclairage allumé,En agglomération,Giratoire,Normale,Autre collision,4,2,2,0,1,2,1,0,4,50,1,3,0,0,1,2,42.0,,voiture,,5,2,6,1,6
201900057984,2019-02-15 18:05:00,2019,2,15,18,5,77,77385,D204,48.83531,3.23764,Crépuscule ou aube,Hors agglomération,Hors intersection,Normale,Sans collision,3,2,2,0,1,1,1,0,8,80,1,1,0,0,0,1,46.0,,voiture,,2,1,1,1,7
201900057985,2019-05-28 14:05:00,2019,5,28,14,5,74,74003,D 16,45.90527,6.205936,Plein jour,Hors agglomération,Hors intersection,Pluie forte,Autre collision,3,2,2,2,2,4,2,0,1,70,2,2,0,0,1,1,40.0,30.0,voiture,voiture,1,1,1,3,6
201900057986,2019-08-17 15:30:00,2019,8,17,15,30,69,69091,A47   1.809 A 5.620,45.58686,4.755352,Plein jour,Hors agglomération,Hors intersection,Normale,Trois véhicules et plus - en chaîne,1,3,2,0,1,1,1,0,1,90,3,5,2,0,0,3,73.0,52.0,voiture,voiture,1,1,1,1,4
201900057987,2019-02-01 05:00:00,2019,2,1,5,0,41,41228,D917,47.765028,0.930415,Nuit sans éclairage public,Hors agglomération,Hors intersection,Normale,Deux véhicules - arrière,3,2,2,0,1,1,1,0,1,80,2,2,1,0,1,0,43.0,31.0,deux_roues,voiture,3,1,1,1,2
201900057988,2019-05-16 18:25:00,2019,5,16,18,25,73,73249,Chemin de la Viager,45.5340174,5.9826006,Plein jour,Hors agglomération,Hors intersection,Normale,Sans collision,4,2,2,0,1,1,9,0,1,80,1,1,0,0,1,0,52.0,,deux_roues,,1,1,1,1,7
201900057989,2019-02-17 08:30:00,2019,2,17,8,30,83,83073,3640 RD97,43.362093,6.294753,Plein jour,Hors agglomération,Hors intersection,Normale,Autre collision,3,2,2,1,1,1,1,0,3,80,1,1,0,0,0,1,24.0,,voiture,,1,1,1,1,6
201900057990,2019-02-15 06:10:00,2019,2,15,6,10,83,83073,BOULEVARD CHARLES GAUDIN,43.392763,6.316394,Nuit avec éclairage allumé,En agglomération,Hors intersection,Normale,Autre collision,4,2,1,0,1,1,1,0,1,50,1,2,1,0,1,0,26.0,,utilitaire_camion,,5,2,1,1,6
201900057991,2019-10-23 10:35:00,2019,10,23,10,35,63,63113,BONNABAUD (RUE),45.7767696,3.0787111,Plein jour,En agglomération,Intersection en X,Normale,Autre collision,4,2,2,0,1,2,2,0,1,50,1,2,1,0,1,0,48.0,,voiture,,1,2,2,1,6
201900057992,2019-02-14 23:15:00,2019,2,14,23,15,83,83140,,43.41703,5.87024,Nuit sans éclairage public,Hors agglomération,Hors intersection,Normale,Autre collision,3,2,2,0,1,3,1,0,3,80,1,2,1,0,1,0,31.0,,voiture,,3,1,1,1,6
201900057993,2019-02-13 18:00:00,2019,2,13,18,0,57,57294,RUE PRINCIPALE,49.094614,7.454008,Nuit avec éclairage allumé,En agglomération,Hors intersection,Normale,Deux véhicules - côté,3,2,2,0,1,1,1,0,1,50,2,2,1,0,1,0,59.0,41.0,voiture,voiture,5,2,1,1,3
201900057994,2019-05-27 10:08:00,2019,5,27,10,8,73,73124,A430 - PK139.965,45.6500972,6.3454918,Plein jour,Hors agglomération,Hors intersection,Normale,Trois véhicules et plus - en chaîne,1,2,2,0,1,1,1,8,1,70,3,3,2,0,1,0,46.0,46.0,utilitaire_camion,utilitaire_camion,1,1,1,1,4
201900057995,2019-02-16 14:00:00,2019,2,16,14,0,57,57505,RD45 PK5+700,48.702737,7.118965,Plein jour,Hors agglomération,Intersection en T,Normale,Deux véhicules - côté,3,2,2,0,1,1,1,0,1,80,2,2,1,0,0,1,64.0,81.0,deux_roues,voiture,1,1,3,1,3
201900057996,2019-05-26 21:00:00,2019,5,26,21,0,42,42327,Symperieux,45.456408,4.737909,Plein jour,Hors agglomération,Hors intersection,Normale,Sans collision,4,2,1,0,1,1,1,0,1,50,1,1,0,0,1,0,50.0,,deux_roues,,1,1,1,1,7
201900057997,2019-02-17 08:55:00,2019,2,17,8,55,57,57572,rue auguste rolland,49.011569,6.39637,Plein jour,En agglomération,Hors intersection,Temps éblouissant,Autre collision,3,2,2,0,2,1,1,9,8,50,1,2,1,0,0,1,42.0,,voiture,,1,2,1,7,6
201900057998,2019-08-18 13:50:00,2019,8,18,13,50,94,94021,AUTOROUTE A6B,48.7603,2.339,Plein jour,Hors agglomération,Hors intersection,Pluie légère,Deux véhicules - côté,1,1,3,0,1,1,2,0,1,90,2,3,2,0,0,1,49.0,29.0,voiture,voiture,1,1,1,2,3
201900057999,2019-05-29 14:30:00,2019,5,29,14,30,42,42151,Route de Saint-Paul d'Uzore,45.682582,4.108934,Plein jour,Hors agglomération,Hors intersection,Normale,Deux véhicules - frontale,3,2,2,0,1,1,1,0,1,80,2,2,0,0,2,0,40.0,39.0,voiture,utilitaire_camion,1,1,1,1,1
201900058000,2019-03-22 21:05:00,2019,3,22,21,5,50,50532,ECUTOT (ROUTE),48.81651,-1.5569,Nuit avec éclairage allumé,En agglomération,Hors intersection,Normale,Sans collision,3,2,2,0,1,1,1,0,1,50,1,1,0,0,0,1,18.0,,deux_roues,,5,2,1,1,7
201900058001,2019-10-22 09:52:00,2019,10,22,9,52,63,63113,BANVILLE (RUE THEODORE DE),45.777854,3.105192,Plein jour,En agglomération,Intersection en X,Normale,Autre collision,4,2,2,0,1,2,1,0,1,50,1,2,1,0,1,0,76.0,,voiture,,1,2,2,1,6
201900058002,2019-08-17 21:00:00,2019,8,17,21,0,94,94037,AUTOROUTE A6B,48.8142,2.3551,Nuit avec éclairage allumé,Hors agglomération,Hors intersection,Autre,Sans collision,1,1,2,0,1,2,2,1,1,50,1,5,0,0,0,5,43.0,,voiture,,5,1,1,9,7
201900058003,2019-05-24 19:15:00,2019,5,24,19,15,38,38556,40 route de la chapelle,45.36162,4.862461,Plein jour,Hors agglomération,Intersection en X,Normale,Deux véhicules - frontale,3,2,2,0,1,1,1,0,1,80,2,2,0,0,1,1,22.0,19.0,voiture,deux_roues,1,1,2,1,1
201900058004,2019-03-25 09:12:00,2019,3,25,9,12,49,49015,BRUYERES RUE DES,47.49727,-0.58332,Plein jour,En agglomération,Intersection en X,Normale,Autre collision,4,-1,2,0,1,1,1,9,1,50,2,3,1,0,0,2,30.0,26.0,voiture,voiture,1,2,2,1,6
201900058005,2019-08-17 19:05:00,2019,8,17,19,5,94,94037,AUTOROUTE A6B,48.8138,2.355,Plein jour,Hors agglomération,Hors intersection,Pluie légère,Sans collision,1,1,2,0,1,2,2,1,1,50,1,1,0,0,0,1,27.0,,voiture,,1,1,1,2,7
201900058006,2019-10-17 20:08:00,2019,10,17,20,8,63,63113,BERTHELOT (BOULEVARD),45.7816235,3.070854,Plein jour,En agglomération,Hors intersection,Normale,Autre collision,4,1,2,0,1,1,1,0,1,50,1,2,1,0,0,1,71.0,,voiture,,1,2,1,1,6
201900058007,2019-05-15 17:30:00,2019,5,15,17,30,38,38072,N7,45.319852,4.807933,Plein jour,En agglomération,Hors intersection,Normale,Deux véhicules - frontale,2,-1,2,0,1,1,1,0,1,50,2,2,1,0,0,1,27.0,31.0,deux_roues,voiture,1,2,1,1,1
201900058008,2019-03-26 13:45:00,2019,3,26,13,45,45,45285,RUE DES MARCHAIS,47.91043,1.864519,Plein jour,En agglomération,Hors intersection,Normale,Deux véhicules - arrière,4,2,4,0,1,1,1,0,1,50,2,2,0,0,0,2,26.0,32.0,voiture,voiture,1,2,1,1,2
201900058009,2019-08-18 18:15:00,2019,8,18,18,15,93,93005,AUTOROUTE A1,48.95947,2.46576,Plein jour,Hors agglomération,Hors intersection,Normale,Deux véhicules - arrière,1,3,-1,0,1,1,1,0,1,110,2,3,1,0,1,1,25.0,26.0,voiture,voiture,1,1,1,1,2
201900058010,2019-10-19 14:10:00,2019,10,19,14,10,63,63113,BLANZAT (RUE DE),45.78452,3.08464,Plein jour,En agglomération,Hors intersection,Normale,Deux véhicules - côté,4,2,2,0,1,1,1,0,1,50,2,2,1,0,0,1,27.0,42.0,deux_roues,utilitaire_camion,1,2,1,1,3
201900058011,2019-05-29 12:25:00,2019,5,29,12,25,38,38487,Route de l'Abbé Peyssonneau,45.560293,4.846474,Plein jour,En agglomération,Hors intersection,Normale,Deux véhicules - arrière,3,2,2,0,1,1,1,8,1,50,2,2,1,0,0,1,6.0,19.0,deux_roues,voiture,1,2,1,1,2
201900058012,2019-03-25 19:00:00,2019,3,25,19,0,45,45338,60 R DES COLOMBIERS,47.9755804,2.7059618,Crépuscule ou aube,En agglomération,Hors intersection,Normale,Sans collision,4,2,2,0,1,3,1,0,1,50,1,1,0,0,0,1,20.0,,deux_roues,,2,2,1,1,7
201900058013,2019-08-18 18:30:00,2019,8,18,18,30,93,93005,AUTOROUTE A1,48.95947,2.46576,Plein jour,Hors agglomération,Hors intersection,Normale,Deux véhicules - arrière,1,3,-1,0,1,1,1,0,1,110,2,2,1,0,0,1,29.0,36.0,voiture,voiture,1,1,1,1,2
201900058014,2019-10-24 09:00:00,2019,10,24,9,0,34,34172,CLEMENCEAU (AVENUE GEORGES),43.603128,3.871658,Plein jour,En agglomération,Hors intersection,Normale,Deux véhicules - côté,4,1,-1,0,1,1,1,0,1,50,2,3,1,0,0,2,20.0,33.0,utilitaire_camion,deux_roues,1,2,1,1,3
201900058015,2019-09-21 23:00:00,2019,9,21,23,0,75,75111,PLACE DE LA REPUBLIQUE,48.866726,2.3651507,Nuit avec éclairage allumé,En agglomération,Place,Normale,Autre collision,4,2,6,0,1,1,1,0,1,50,1,1,0,0,0,1,,,,,5,2,7,1,6
201900058016,2019-05-07 18:30:00,2019,5,7,18,30,44,44035,Route d'Orvault,47.283163,-1.586455,Plein jour,En agglomération,Intersection en X,Normale,Deux véhicules - côté,7,2,2,0,1,1,1,0,1,50,2,2,1,0,1,0,26.0,55.0,deux_roues,voiture,1,2,2,1,3
201900058017,2019-08-18 11:00:00,2019,8,18,11,0,95,95572,AUTOROUTE A15,49.03311,2.10663,Plein jour,Hors agglomération,Autre intersection,Pluie forte,Deux véhicules - arrière,1,3,8,0,1,1,2,0,1,90,2,2,1,0,0,1,29.0,30.0,utilitaire_camion,voiture,1,1,9,3,2
201900058018,2019-10-24 07:50:00,2019,10,24,7,50,34,34172,GOSSEC (RUE FRANCOIS-JOSEPH),43.57496,3.85986,Plein jour,En agglomération,Hors intersection,Normale,Deux véhicules - arrière,3,1,-1,0,1,1,1,0,1,50,2,2,1,0,0,1,29.0,54.0,utilitaire_camion,deux_roues,1,2,1,1,2