accident_id,datetime,annee,mois,jour,heure,minute,departement,commune_insee,adresse,latitude,longitude,luminosite,agglomeration,intersection,meteo,collision,catr,circ,nbv,vosp,prof,plan,surf,infra,situ,vma,nb_vehicules,nb_usagers,nb_indemnes,nb_tues,nb_blesses_hosp,nb_blesses_legers,age_cond_1,age_cond_2,veh_type_cond_1,veh_type_cond_2,lum_code,agg_code,int_code,atm_code,col_code
201900058019,2019-02-17 12:21:00,2019,2,17,12,21,51,51380,59 RUE FAUBOURG DE PARIS,48.8767236,3.538128,Plein jour,En agglomération,Hors intersection,Normale,Sans collision,3,2,2,0,1,1,1,0,8,50,1,1,0,1,0,0,22.0,,voiture,,1,2,1,1,7
201900058020,2019-08-18 01:00:00,2019,8,18,1,0,93,93066,AUTOROUTE A1,48.92813,2.35798,Nuit sans éclairage public,Hors agglomération,Hors intersection,Pluie légère,Deux véhicules - arrière,1,3,6,0,3,3,2,2,1,90,2,2,1,0,0,1,40.0,24.0,voiture,voiture,3,1,1,2,2
201900058021,2019-03-26 08:30:00,2019,3,26,8,30,45,45004,R DU DOCT TRIOSON-R DE LA CROIX ST JACQUES,47.999033,2.748446,Plein jour,En agglomération,Intersection en T,Normale,Deux véhicules - côté,4,2,2,0,1,1,1,0,1,50,2,2,1,0,0,1,44.0,16.0,voiture,deux_roues,1,2,3,1,3
201900058022,2019-05-29 20:45:00,2019,5,29,20,45,38,38509,434 Chemin de l'Étang,45.588343,5.446926,Crépuscule ou aube,En agglomération,Hors intersection,Normale,Deux véhicules - frontale,4,2,2,0,1,1,1,0,1,50,2,2,1,0,1,0,11.0,31.0,deux_roues,voiture,2,2,1,1,1
201900058023,2019-03-26 07:50:00,2019,3,26,7,50,45,45068,RUE DE LA PONTONNERIE,48.004556,2.711847,Plein jour,En agglomération,Intersection en Y,Normale,Autre collision,4,2,2,0,1,1,1,0,1,50,1,1,0,0,0,1,,,,,1,2,4,1,6
201900058024,2019-09-21 00:20:00,2019,9,21,0,20,75,75111,RUE DE LA ROQUETTE,48.8563717,2.3767912,Nuit avec éclairage allumé,En agglomération,Intersection en T,Normale,Autre collision,4,1,1,0,1,1,1,0,4,30,1,2,1,0,0,1,25.0,,deux_roues,,5,2,3,1,6
201900058025,2019-02-15 17:25:00,2019,2,15,17,25,56,56010,Route de Pontivy,47.886955,-3.014833,Plein jour,En agglomération,Hors intersection,Temps éblouissant,Deux véhicules - côté,4,2,2,2,2,1,1,9,5,30,2,2,1,0,0,1,47.0,44.0,deux_roues,voiture,1,2,1,7,3
201900058026,2019-05-30 16:00:00,2019,5,30,16,0,38,38071,RD 529,45.068977,5.732357,Plein jour,En agglomération,Hors intersection,Normale,Deux véhicules - frontale,3,2,2,0,1,3,1,0,1,50,2,3,1,0,2,0,75.0,69.0,voiture,voiture,1,2,1,1,1
201900058027,2019-02-15 13:25:00,2019,2,15,13,25,56,56144,6 rue de la république,47.988428,-2.832703,Plein jour,En agglomération,Hors intersection,Normale,Autre collision,3,2,2,0,1,2,1,0,4,50,1,1,0,0,1,0,37.0,,deux_roues,,1,2,1,1,6
201900058028,2019-09-21 19:12:00,2019,9,21,19,12,75,75108,RUE SAINT LAZARE,48.8754239,2.3254216,Crépuscule ou aube,En agglomération,Hors intersection,Normale,Deux véhicules - côté,4,2,4,0,1,1,1,0,1,50,2,6,5,0,0,1,36.0,26.0,deux_roues,voiture,2,2,1,1,3
201900058029,2019-05-01 18:30:00,2019,5,1,18,30,38,38388,RUE DE LA TOUR,45.03938,5.70523,Plein jour,En agglomération,Hors intersection,Normale,Deux véhicules - côté,3,2,2,0,1,2,1,0,1,50,2,4,3,0,1,0,41.0,51.0,deux_roues,voiture,1,2,1,1,3
201900058030,2019-03-26 07:50:00,2019,3,26,7,50,44,44215,ROUTE DE CLISSON,47.18924,-1.51173,Plein jour,En agglomération,Hors intersection,Normale,Autre collision,7,2,0,0,1,1,1,0,1,50,1,2,1,0,0,1,48.0,,voiture,,1,2,1,1,6
201900058031,2019-02-16 20:35:00,2019,2,16,20,35,56,56126,bois marzan,47.549758,-2.364321,Nuit sans éclairage public,Hors agglomération,Hors intersection,Normale,Deux véhicules - frontale,4,2,2,0,1,3,1,0,1,80,2,4,3,0,0,1,26.0,82.0,voiture,voiture,3,1,1,1,1
201900058032,2019-09-21 11:50:00,2019,9,21,11,50,75,75107,QUAI D ORSAY,48.862253,2.303469,Plein jour,En agglomération,Hors intersection,Normale,Deux véhicules - arrière,4,2,4,0,1,1,1,0,1,50,2,2,1,0,0,1,23.0,42.0,utilitaire_camion,utilitaire_camion,1,2,1,1,2
201900058033,2019-05-14 11:00:00,2019,5,14,11,0,38,38565,Quai des Chartreux,45.30962,5.64016,Plein jour,Hors agglomération,Hors intersection,Normale,Autre collision,3,2,2,0,2,1,1,0,1,70,1,1,0,0,0,1,29.0,,deux_roues,,1,1,1,1,6
201900058034,2019-03-26 08:18:00,2019,3,26,8,18,44,44114,PLACE DE HEUSWEILER,47.25343,-1.59718,Plein jour,En agglomération,Giratoire,Normale,Deux véhicules - côté,7,2,0,0,2,1,1,0,1,50,2,2,1,0,0,1,61.0,51.0,voiture,deux_roues,1,2,6,1,3
201900058035,2019-02-15 10:55:00,2019,2,15,10,55,59,59536,chemin Saint Pierre,50.782762,2.501371,Plein jour,En agglomération,Intersection en X,Normale,Deux véhicules - côté,4,2,2,0,1,1,1,0,1,50,2,4,2,0,1,1,21.0,60.0,utilitaire_camion,voiture,1,2,2,1,3
201900058036,2019-09-21 07:10:00,2019,9,21,7,10,75,75107,RUE DU BAC,48.8571482,2.3276103,Plein jour,En agglomération,Hors intersection,Normale,Autre collision,4,2,2,0,1,2,1,0,1,50,1,2,1,0,0,1,22.0,,deux_roues,,1,2,1,1,6
201900058037,2019-02-17 23:30:00,2019,2,17,23,30,59,59402,997 route de lederzeele,50.84835,2.262046,Nuit avec éclairage allumé,En agglomération,Hors intersection,Normale,Autre collision,3,2,2,0,1,2,1,0,1,50,1,1,0,0,1,0,28.0,,deux_roues,,5,2,1,1,6
201900058038,2019-10-23 09:40:00,2019,10,23,9,40,34,34172,RECAMBALE (AVENUE DE LA),43.60826,3.83813,Plein jour,En agglomération,Hors intersection,Pluie forte,Deux véhicules - frontale,4,2,4,0,2,3,2,0,1,50,2,2,0,0,0,2,50.0,34.0,voiture,voiture,1,2,1,3,1
201900058039,2019-08-17 17:10:00,2019,8,17,17,10,92,92036,AUTOROUTE A15,48.939729,2.2951471,Plein jour,Hors agglomération,Hors intersection,Pluie forte,Autre collision,1,3,4,0,4,3,2,0,1,50,1,1,0,0,0,1,22.0,,voiture,,1,1,1,3,6
201900058040,2019-05-27 04:00:00,2019,5,27,4,0,38,38225,Rd 106 C,45.171341,5.549933,Nuit sans éclairage public,Hors agglomération,Hors intersection,Normale,Autre collision,3,2,2,0,2,1,1,0,3,80,1,1,0,0,1,0,38.0,,voiture,,3,1,1,1,6
201900058041,2019-05-20 14:25:00,2019,5,20,14,25,38,38205,croix de lichou,45.145036,5.608159,Plein jour,Hors agglomération,Hors intersection,Pluie forte,Deux véhicules - frontale,3,2,2,0,1,3,2,0,1,80,2,3,1,0,1,1,23.0,22.0,voiture,voiture,1,1,1,3,1
201900058042,2019-03-26 10:24:00,2019,3,26,10,24,37,37261,VICTOIRE (RUE DE LA),47.3962839,0.6769289,Plein jour,En agglomération,Giratoire,Normale,Deux véhicules - côté,4,2,2,0,1,2,1,5,1,50,2,2,1,0,0,1,57.0,75.0,deux_roues,voiture,1,2,6,1,3
201900058043,2019-05-06 15:40:00,2019,5,6,15,40,38,38540,Route de Valence,45.271832,5.61343,Plein jour,Hors agglomération,Hors intersection,Normale,Deux véhicules - côté,3,2,2,0,1,1,1,0,1,80,2,2,1,0,0,1,31.0,30.0,voiture,deux_roues,1,1,1,1,3
201900058044,2019-03-26 07:58:00,2019,3,26,7,58,37,37261,HEURTELOUP (BOULEVARD),47.393395,0.7022001,Plein jour,Hors agglomération,Hors intersection,Normale,Deux véhicules - arrière,4,1,1,0,2,1,1,0,1,50,2,5,3,0,0,2,43.0,20.0,voiture,voiture,1,1,1,1,2
201900058045,2019-05-02 06:20:00,2019,5,2,6,20,38,38382,route de Grenoble,45.229522,5.682843,Crépuscule ou aube,En agglomération,Intersection en X,Normale,Deux véhicules - côté,3,2,2,0,1,1,1,5,1,50,2,2,1,0,1,0,22.0,18.0,voiture,deux_roues,2,2,2,1,3
201900058046,2019-03-26 08:30:00,2019,3,26,8,30,37,37214,GROSSE BORNE (RUE DE LA),47.4215934,0.6521021,Plein jour,En agglomération,Hors intersection,Normale,Deux véhicules - côté,4,2,2,0,1,1,1,0,1,50,2,2,1,0,0,1,11.0,38.0,deux_roues,voiture,1,2,1,1,3
201900058047,2019-05-24 21:20:00,2019,5,24,21,20,26,26271,Route du Dauphine,45.037673,4.867429,Nuit sans éclairage public,Hors agglomération,Hors intersection,Normale,Deux véhicules - côté,2,2,-1,0,4,1,1,0,1,80,2,2,1,0,1,0,25.0,17.0,voiture,deux_roues,3,1,1,1,3
201900058048,2019-05-16 19:50:00,2019,5,16,19,50,26,26367,RD 538,44.39322,5.086554,Plein jour,Hors agglomération,Hors intersection,Normale,Autre collision,3,2,2,0,1,2,1,0,1,80,1,1,0,1,0,0,25.0,,deux_roues,,1,1,1,1,6
201900058049,2019-02-16 20:20:00,2019,2,16,20,20,74,74256,ANCIENNE ROUTE DE COMBLOUX,45.923295,6.627516,Nuit avec éclairage allumé,En agglomération,Hors intersection,Normale,Autre collision,4,2,2,0,4,3,1,0,4,50,1,2,1,0,0,1,31.0,,utilitaire_camion,,5,2,1,1,6
201900058050,2019-09-20 20:15:00,2019,9,20,20,15,75,75107,QUAI ANATOLE FRANCE,48.8613999,2.3232189,Nuit avec éclairage allumé,En agglomération,Hors intersection,Normale,Deux véhicules - arrière,4,1,3,0,1,1,1,0,1,50,2,2,1,0,0,1,57.0,32.0,deux_roues,voiture,5,2,1,1,2
201900058051,2019-10-23 15:43:00,2019,10,23,15,43,34,34172,MONSIEUR TESTE (AVENUE DE,43.61116,3.82906,Plein jour,En agglomération,Hors intersection,Pluie légère,Deux véhicules - arrière,4,2,2,0,1,1,2,0,1,50,2,2,1,0,0,1,48.0,50.0,deux_roues,voiture,1,2,1,2,2
201900058052,2019-05-04 14:15:00,2019,5,4,14,15,26,26220,Avenue Frédéric Misral,44.358226,5.128954,Plein jour,En agglomération,Hors intersection,Normale,Deux véhicules - frontale,4,2,2,0,1,1,1,0,1,50,2,2,1,0,1,0,43.0,69.0,deux_roues,voiture,1,2,1,1,1
201900058053,2019-10-24 09:50:00,2019,10,24,9,50,13,13201,CAPUCINES (PLACE DES),43.29898,5.38034,Plein jour,En agglomération,Hors intersection,Temps couvert,Sans collision,4,1,1,0,3,1,2,0,1,50,1,1,0,0,0,1,70.0,,deux_roues,,1,2,1,8,7
201900058054,2019-03-25 18:35:00,2019,3,25,18,35,35,35238,VITRE (BLD DE),48.12025,-1.6506,Plein jour,En agglomération,Intersection en T,Normale,Deux véhicules - côté,4,3,2,0,2,1,1,0,1,50,2,2,1,0,0,1,9.0,29.0,deux_roues,voiture,1,2,3,1,3
201900058055,2019-10-23 14:50:00,2019,10,23,14,50,10,10387,PIERRE GILLON (RUE),48.2866531,4.0751821,Plein jour,En agglomération,Hors intersection,Normale,Deux véhicules - arrière,4,2,2,0,2,1,1,0,1,50,2,2,1,0,0,1,20.0,69.0,deux_roues,voiture,1,2,1,1,2
201900058056,2019-08-17 21:20:00,2019,8,17,21,20,94,94033,A86.INT,48.85998,2.48543,Nuit avec éclairage allumé,Hors agglomération,Hors intersection,Pluie légère,Deux véhicules - arrière,1,1,2,0,1,1,2,0,1,90,2,2,1,0,0,1,26.0,22.0,voiture,voiture,5,1,1,2,2
201900058057,2019-10-23 15:35:00,2019,10,23,15,35,92,92049,PERI RUE GABRIEL N°37 A 99,48.818755,2.318144,Plein jour,En agglomération,Hors intersection,Temps couvert,Autre collision,3,2,2,0,1,1,2,0,1,50,1,2,1,0,0,1,58.0,,voiture,,1,2,1,8,6
201900058058,2019-08-15 14:25:00,2019,8,15,14,25,973,97302,GRANT (CITE),4.94525,-52.30688,Plein jour,En agglomération,Intersection en X,Normale,Deux véhicules - côté,4,1,1,0,1,1,2,0,1,50,2,3,1,0,0,2,19.0,42.0,deux_roues,voiture,1,2,2,1,3
201900058059,2019-07-27 08:25:00,2019,7,27,8,25,987,98738,"PK 16.100, RT1",-17.618416,-149.570803,Plein jour,Hors agglomération,Hors intersection,Normale,Deux véhicules - côté,2,2,2,0,1,3,1,0,1,60,2,4,2,1,0,1,31.0,28.0,voiture,deux_roues,1,1,1,1,3
201900058060,2019-04-05 19:00:00,2019,4,5,19,0,987,98738,RT1 PK 9,-17.627616,-149.557994,Nuit avec éclairage allumé,En agglomération,Hors intersection,Pluie forte,Autre collision,2,3,4,0,1,1,2,0,1,50,1,1,0,0,1,0,16.0,,deux_roues,,5,2,1,3,6
201900058061,2019-08-14 21:15:00,2019,8,14,21,15,973,97302,MADELEINE (ROUTE DE LA),4.9144004,-52.3208857,Nuit avec éclairage non allumé,En agglomération,Hors intersection,Normale,Deux véhicules - côté,3,2,0,0,1,1,1,9,1,50,2,2,1,0,1,0,29.0,67.0,deux_roues,voiture,4,2,1,1,3
201900058062,2019-10-24 16:37:00,2019,10,24,16,37,976,97611,kaweni-Kaweni nord ( Z I ),-12.75856,45.23095,Plein jour,En agglomération,Hors intersection,Normale,Deux véhicules - frontale,2,2,0,0,1,1,1,0,1,50,2,2,1,0,0,1,47.0,,voiture,,1,2,1,1,1
201900058063,2019-03-25 18:10:00,2019,3,25,18,10,35,35238,LORIENT (DE),48.10689,-1.72792,Plein jour,Hors agglomération,Hors intersection,Normale,Deux véhicules - côté,2,3,4,3,1,1,1,0,1,50,2,2,1,0,0,1,43.0,35.0,deux_roues,voiture,1,1,1,1,3
201900058064,2019-09-21 15:45:00,2019,9,21,15,45,75,75103,BOULEVARD SAINT MARTIN,48.8681932,2.3607257,Plein jour,En agglomération,Hors intersection,Normale,Deux véhicules - côté,4,2,4,0,1,1,1,0,1,50,2,3,1,0,0,2,56.0,30.0,utilitaire_camion,deux_roues,1,2,1,1,3
201900058065,2019-05-04 05:30:00,2019,5,4,5,30,26,26226,ROUTE DE VALREAS,44.428153,5.046782,Crépuscule ou aube,Hors agglomération,Hors intersection,Normale,Autre collision,3,2,-1,-1,1,1,1,0,1,70,1,1,0,1,0,0,32.0,,voiture,,2,1,1,1,6
201900058066,2019-06-18 13:45:00,2019,6,18,13,45,82,82121,GARRISSON (BOULEVARD GUSTAVE),44.01664,1.36149,Plein jour,En agglomération,Hors intersection,Normale,Deux véhicules - côté,4,2,3,0,1,1,1,0,1,50,2,2,1,0,1,0,19.0,56.0,voiture,deux_roues,1,2,1,1,3
201900058067,2019-03-25 07:45:00,2019,3,25,7,45,35,35137,N12,48.337098,-1.202203,Plein jour,Hors agglomération,Hors intersection,Normale,Trois véhicules et plus - collisions multiples,2,2,2,0,1,1,1,0,1,80,3,3,2,0,0,1,42.0,42.0,voiture,utilitaire_camion,1,1,1,1,5
201900058068,2019-10-24 15:15:00,2019,10,24,15,15,973,97302,TROUBIRAN (CHEMIN DE),4.9290127,-52.3042131,Plein jour,En agglomération,Autre intersection,Normale,Autre collision,4,-1,1,0,1,1,1,9,1,5,1,2,1,0,0,1,20.0,,voiture,,1,2,9,1,6
201900058069,2019-05-30 21:55:00,2019,5,30,21,55,26,26235,RD59,44.361335,4.713511,Nuit sans éclairage public,Hors agglomération,Hors intersection,Normale,Autre collision,3,2,2,0,1,1,1,0,1,80,1,2,1,0,1,0,28.0,,voiture,,3,1,1,1,6
201900058070,2019-10-24 20:40:00,2019,10,24,20,40,69,69388,VOLNEY                              (R ),45.74185,4.88284,Nuit avec éclairage allumé,En agglomération,Autre intersection,Normale,Autre collision,9,2,0,3,2,1,1,4,6,50,1,2,1,0,1,0,48.0,,transport_commun,,5,2,9,1,6
201900058071,2019-09-20 23:50:00,2019,9,20,23,50,75,75104,BOULEVARD HENRI IV,48.8501027,2.3589169,Nuit avec éclairage allumé,En agglomération,Intersection en T,Normale,Deux véhicules - arrière,4,2,4,1,1,1,1,0,5,30,2,2,1,0,0,1,18.0,32.0,deux_roues,voiture,5,2,3,1,2
201900058072,2019-05-01 07:10:00,2019,5,1,7,10,26,26085,ROUTE DE MONTELIMAR,44.495266,4.743128,Plein jour,Hors agglomération,Hors intersection,Normale,Autre collision,3,2,-1,-1,1,2,1,5,1,80,1,1,0,0,0,1,37.0,,voiture,,1,1,1,1,6
201900058073,2019-10-24 19:50:00,2019,10,24,19,50,69,69387,MARSEILLE (DE)                      (R ),45.74771,4.83739,Nuit avec éclairage allumé,En agglomération,Hors intersection,Normale,Autre collision,4,1,2,0,1,1,1,0,1,30,1,2,1,0,0,1,34.0,,deux_roues,,5,2,1,1,6
201900058074,2019-10-23 18:15:00,2019,10,23,18,15,69,69387,MARCEL MERIEUX                      (R ),45.73297,4.82976,Plein jour,En agglomération,Hors intersection,Pluie légère,Autre collision,7,2,2,0,1,1,2,6,1,20,1,2,1,0,0,1,30.0,,voiture,,1,2,1,2,6
201900058075,2019-09-21 15:50:00,2019,9,21,15,50,94,94067,DAUMESNIL (AV),48.83497,2.41979,Plein jour,En agglomération,Intersection en X,Normale,Deux véhicules - côté,3,2,2,0,1,1,1,0,1,50,2,3,2,0,0,1,21.0,46.0,voiture,deux_roues,1,2,2,1,3
201900058076,2019-05-07 14:30:00,2019,5,7,14,30,26,26037,Route Départementale 538A,44.847394,4.960404,Plein jour,Hors agglomération,Hors intersection,Normale,Deux véhicules - côté,3,2,2,1,1,1,1,0,1,80,2,2,0,0,0,2,20.0,68.0,deux_roues,voiture,1,1,1,1,3
201900058077,2019-10-28 06:35:00,2019,10,28,6,35,972,97209,KERLYS (RUE DE ),14.611403,-61.05224,Plein jour,En agglomération,Hors intersection,Normale,Autre collision,4,1,1,0,1,1,1,0,1,50,1,2,1,0,0,1,62.0,,voiture,,1,2,1,1,6
201900058078,2019-02-17 05:30:00,2019,2,17,5,30,74,74123,RD 1508,45.755892,6.309237,Nuit sans éclairage public,Hors agglomération,Hors intersection,Normale,Autre collision,3,2,4,0,1,1,1,0,3,110,1,1,0,0,1,0,27.0,,voiture,,3,1,1,1,6
201900058079,2019-08-02 19:15:00,2019,8,2,19,15,76,76497,RN 338 (VOIE RAPIDE SUD 3),49.40175,1.03283,Plein jour,Hors agglomération,Hors intersection,Normale,Deux véhicules - côté,2,1,2,0,1,1,1,0,1,90,2,2,1,0,0,1,63.0,59.0,deux_roues,voiture,1,1,1,1,3
201900058080,2019-03-26 15:35:00,2019,3,26,15,35,34,34172,ARCEAUX (BOULEVARD DES),43.61192,3.86478,Plein jour,En agglomération,Hors intersection,Normale,Deux véhicules - arrière,4,2,3,0,1,1,1,0,1,50,2,2,1,0,1,0,26.0,29.0,voiture,deux_roues,1,2,1,1,2
201900058081,2019-05-23 19:00:00,2019,5,23,19,0,7,07217,RD 534,45.0577909,4.7818695,Plein jour,Hors agglomération,Autre intersection,Normale,Deux véhicules - frontale,3,2,2,0,2,2,1,0,1,80,2,2,0,1,0,1,49.0,17.0,deux_roues,deux_roues,1,1,9,1,1
201900058082,2019-08-09 20:00:00,2019,8,9,20,0,76,76561,REPUBLIQUE. RUE DE LA,49.29828,1.01138,Plein jour,En agglomération,Hors intersection,Normale,Trois véhicules et plus - en chaîne,4,2,2,0,1,1,1,0,1,50,3,3,2,0,0,1,33.0,25.0,voiture,voiture,1,2,1,1,4
201900058083,2019-03-26 08:58:00,2019,3,26,8,58,34,34172,CROIX DE LAVIT (RUE DE LA),43.6425228,3.8359199,Plein jour,En agglomération,Intersection en X,Normale,Autre collision,4,2,2,0,1,1,1,0,1,50,1,2,1,0,0,1,52.0,,voiture,,1,2,2,1,6
201900058084,2019-05-04 10:00:00,2019,5,4,10,0,7,07324,Avenue Hélène de Tournon,45.055006,4.838874,Plein jour,En agglomération,Intersection en T,Temps couvert,Deux véhicules - frontale,4,2,-1,-1,-1,-1,-1,-1,-1,-1,2,2,1,0,1,0,38.0,47.0,deux_roues,voiture,1,2,3,8,1
201900058085,2019-08-07 14:15:00,2019,8,7,14,15,76,76322,BROSSOLETTE. BOULEVARD PIERRE,49.41675,1.03719,Plein jour,En agglomération,Intersection en X,Normale,Deux véhicules - côté,3,2,2,0,1,1,1,0,1,50,2,2,1,0,0,1,71.0,59.0,voiture,deux_roues,1,2,2,1,3
201900058086,2019-03-19 13:50:00,2019,3,19,13,50,33,33063,AVE DU GENERAL LECLERC CAUD,44.85428,-0.59831,Plein jour,En agglomération,Intersection en X,Normale,Deux véhicules - côté,4,2,2,0,1,1,1,0,1,50,2,3,1,0,0,2,27.0,27.0,deux_roues,voiture,1,2,2,1,3
201900058087,2019-05-22 16:20:00,2019,5,22,16,20,1,01142,1910b roue de Genève,45.850737,5.086186,Plein jour,En agglomération,Hors intersection,Normale,Deux véhicules - côté,3,2,2,0,1,1,1,0,1,50,2,2,1,0,0,1,29.0,41.0,deux_roues,voiture,1,2,1,1,3
201900058088,2019-03-22 19:25:00,2019,3,22,19,25,33,33281,20 AVE GUSTAVE EIFFEL - VTA sort d'un chemin en contre-sens,44.85484,-0.66931,Nuit avec éclairage allumé,En agglomération,Hors intersection,Normale,Deux véhicules - frontale,4,2,2,0,1,1,1,0,1,50,2,3,1,0,0,2,22.0,25.0,voiture,voiture,5,2,1,1,1
201900058089,2019-09-21 06:20:00,2019,9,21,6,20,94,94042,EUROPE (BD DE L),48.81272,2.46697,Nuit avec éclairage allumé,En agglomération,Intersection en Y,Normale,Deux véhicules - côté,3,2,4,0,1,1,1,0,3,50,2,2,0,0,0,2,23.0,39.0,voiture,voiture,5,2,4,1,3
201900058090,2019-08-13 20:45:00,2019,8,13,20,45,72,72181,PATTON GENERAL RTE ST-AUBIN A AV RUBILLA,48.01112,0.17088,Plein jour,Hors agglomération,Hors intersection,Pluie légère,Sans collision,7,1,1,0,2,3,2,0,1,90,1,1,0,0,0,1,25.0,,voiture,,1,1,1,2,7
201900058091,2019-05-29 18:40:00,2019,5,29,18,40,1,01043,395 Route de Geneve,45.83781,5.009217,Plein jour,En agglomération,Hors intersection,Normale,Deux véhicules - côté,3,3,2,0,1,1,1,0,3,50,2,2,1,0,0,1,24.0,33.0,voiture,deux_roues,1,2,1,1,3
201900058092,2019-06-18 18:20:00,2019,6,18,18,20,56,56098,RN 165,47.77451,-3.36782,Plein jour,Hors agglomération,Hors intersection,Normale,Deux véhicules - arrière,2,3,8,0,1,1,1,0,1,90,2,2,0,0,0,2,39.0,42.0,voiture,voiture,1,1,1,1,2
201900058093,2019-03-26 08:15:00,2019,3,26,8,15,31,31555,RTE DE REVEL,43.57599,1.48813,Plein jour,En agglomération,Hors intersection,Normale,Trois véhicules et plus - collisions multiples,3,2,2,3,1,1,1,0,1,50,3,4,3,0,0,1,54.0,37.0,voiture,voiture,1,2,1,1,5
201900058094,2019-09-21 20:30:00,2019,9,21,20,30,94,94043,FONTAINEBLEAU (AV DE),48.81,2.3609,Nuit avec éclairage allumé,En agglomération,Hors intersection,Normale,Deux véhicules - arrière,3,3,1,0,1,1,1,0,1,50,2,2,1,0,0,1,26.0,42.0,voiture,deux_roues,5,2,1,1,2
201900058095,2019-10-26 04:50:00,2019,10,26,4,50,972,97209,Bretelle sortie A1,14.61852,-61.03827,Nuit avec éclairage allumé,Hors agglomération,Hors intersection,Normale,Sans collision,1,3,8,0,4,1,1,3,1,90,1,1,0,0,0,1,30.0,,voiture,,5,1,1,1,7
201900058096,2019-06-18 17:00:00,2019,6,18,17,0,56,56098,SEMBAT (RUE MARCEL),47.767234,-3.345033,Plein jour,En agglomération,Intersection en T,Normale,Deux véhicules - côté,4,2,2,0,2,1,1,0,1,50,2,2,1,0,0,1,49.0,37.0,deux_roues,voiture,1,2,3,1,3
201900058097,2019-09-21 14:00:00,2019,9,21,14,0,94,94017,JEAN JAURES (R),48.81,2.51,Plein jour,En agglomération,Hors intersection,Normale,Deux véhicules - arrière,3,2,2,0,1,1,1,0,1,50,2,2,1,0,0,1,25.0,61.0,deux_roues,voiture,1,2,1,1,2
201900058098,2019-02-16 15:45:00,2019,2,16,15,45,74,74123,route de favergettes,45.7475523,6.2893264,Plein jour,En agglomération,Hors intersection,Normale,Autre collision,6,-1,-1,3,1,1,1,0,1,50,1,2,1,0,0,1,26.0,,voiture,,1,2,1,1,6
201900058099,2019-05-27 17:55:00,2019,5,27,17,55,1,01376,2 Rue des Folliets,45.830967,4.977241,Plein jour,En agglomération,Intersection en T,Normale,Deux véhicules - côté,4,2,2,0,1,1,1,0,1,50,2,2,1,0,1,0,32.0,48.0,voiture,deux_roues,1,2,3,1,3
201900058100,2019-08-12 16:30:00,2019,8,12,16,30,45,45302,RUE NATIONALE 20,47.9505945,1.8917044,Plein jour,Hors agglomération,Hors intersection,Normale,Deux véhicules - arrière,4,3,4,0,1,1,1,0,1,50,2,3,2,0,0,1,19.0,27.0,voiture,utilitaire_camion,1,1,1,1,2
201900058101,2019-05-20 07:15:00,2019,5,20,7,15,1,01249,"RUE DU PONT DE L'ILE,01700",45.820518,4.947098,Plein jour,En agglomération,Hors intersection,Normale,Autre collision,4,1,1,0,1,1,1,0,1,50,1,2,1,0,0,1,22.0,,voiture,,1,2,1,1,6
201900058102,2019-09-21 12:00:00,2019,9,21,12,0,94,94075,REVEILLON (R DE),48.71907,2.54541,Plein jour,En agglomération,Intersection en T,Temps éblouissant,Deux véhicules - frontale,4,2,2,0,2,1,1,0,1,50,2,2,1,0,0,1,65.0,28.0,deux_roues,utilitaire_camion,1,2,3,7,1
201900058103,2019-02-15 07:28:00,2019,2,15,7,28,76,76318,Route de Trouville,49.55606,0.600151,Crépuscule ou aube,Hors agglomération,Intersection en X,Normale,Deux véhicules - côté,3,2,2,0,1,2,1,0,1,80,2,3,1,0,1,1,29.0,22.0,voiture,utilitaire_camion,2,1,2,1,3
201900058104,2019-08-12 08:10:00,2019,8,12,8,10,45,45234,RUE PIERRE MAC ORLAN,47.88191,1.90554,Plein jour,En agglomération,Hors intersection,Normale,Deux véhicules - côté,4,2,2,0,1,2,1,0,1,30,2,2,1,0,0,1,22.0,51.0,voiture,deux_roues,1,2,1,1,3
201900058105,2019-05-01 15:10:00,2019,5,1,15,10,1,01275,190 Route de Geneve,45.808566,4.920986,Plein jour,Hors agglomération,Hors intersection,Normale,Sans collision,3,1,2,0,1,1,1,0,3,80,1,1,0,0,1,0,72.0,,voiture,,1,1,1,1,7
201900058106,2019-10-24 14:00:00,2019,10,24,14,0,69,69034,PASTEUR                             (R ),45.78644,4.83781,Plein jour,En agglomération,Hors intersection,Normale,Deux véhicules - côté,4,2,2,0,1,1,1,0,1,50,2,2,1,0,0,1,70.0,54.0,voiture,deux_roues,1,2,1,1,3
201900058107,2019-03-25 06:55:00,2019,3,25,6,55,31,31555,CHE DE TUCAUT,43.54569,1.38712,Crépuscule ou aube,En agglomération,Giratoire,Normale,Deux véhicules - côté,4,1,2,0,1,1,1,0,1,50,2,2,1,0,0,1,53.0,56.0,voiture,deux_roues,2,2,6,1,3
201900058108,2019-02-16 17:08:00,2019,2,16,17,8,76,76334,rue des canadiens,49.8429,0.9665,Plein jour,En agglomération,Hors intersection,Normale,Autre collision,3,2,2,0,1,1,1,0,1,50,1,2,1,0,1,0,72.0,,voiture,,1,2,1,1,6
201900058109,2019-08-12 13:30:00,2019,8,12,13,30,45,45208,BD DU CHINCHON,47.99509,2.73203,Plein jour,En agglomération,Hors intersection,Pluie forte,Sans collision,4,2,2,0,1,2,2,0,1,50,1,1,0,0,0,1,39.0,,deux_roues,,1,2,1,3,7