accident_id,datetime,annee,mois,jour,heure,minute,departement,commune_insee,adresse,latitude,longitude,luminosite,agglomeration,intersection,meteo,collision,catr,circ,nbv,vosp,prof,plan,surf,infra,situ,vma,nb_vehicules,nb_usagers,nb_indemnes,nb_tues,nb_blesses_hosp,nb_blesses_legers,age_cond_1,age_cond_2,veh_type_cond_1,veh_type_cond_2,lum_code,agg_code,int_code,atm_code,col_code
201900058295,2019-02-16 15:40:00,2019,2,16,15,40,68,68355,Zone commerciale Eberlin,47.554146,7.312986,Plein jour,En agglomération,Autre intersection,Normale,Autre collision,6,-1,-1,0,1,1,1,0,3,50,1,1,0,0,0,1,17.0,,deux_roues,,1,2,9,1,6
201900058296,2019-03-25 12:40:00,2019,3,25,12,40,93,93006,COLOMBIER MARIE-ANNE,48.871645,2.415286,Plein jour,En agglomération,Autre intersection,Normale,Deux véhicules - frontale,4,2,2,0,1,3,1,0,1,50,2,2,1,0,0,1,31.0,47.0,voiture,deux_roues,1,2,9,1,1
201900058297,2019-05-07 22:05:00,2019,5,7,22,5,9,09229,D 620 PK 0+900,42.953973,1.931818,Nuit sans éclairage public,Hors agglomération,Hors intersection,Normale,Autre collision,3,2,2,0,1,1,1,0,3,80,1,1,0,1,0,0,40.0,,voiture,,3,1,1,1,6
201900058298,2019-02-15 17:15:00,2019,2,15,17,15,39,39441,,46.42511,6.015002,Plein jour,Hors agglomération,Hors intersection,Temps éblouissant,Deux véhicules - frontale,3,2,2,0,1,2,1,0,1,80,2,2,1,0,0,1,85.0,44.0,voiture,transport_commun,1,1,1,7,1
201900058299,2019-10-24 17:35:00,2019,10,24,17,35,64,64545,CORNICHE (ROUTE DE LA),43.3843902,-1.721004,Plein jour,Hors agglomération,Hors intersection,Pluie légère,Deux véhicules - frontale,3,2,2,0,1,3,2,0,1,50,2,3,0,0,1,2,55.0,78.0,voiture,voiture,1,1,1,2,1
201900058300,2019-03-26 20:40:00,2019,3,26,20,40,93,93031,PARIS (RUE DE),48.95283,2.3156,Nuit avec éclairage allumé,En agglomération,Autre intersection,Normale,Autre collision,3,2,2,0,1,3,1,9,1,50,1,1,0,0,0,1,,,,,5,2,9,1,6
201900058301,2019-05-04 10:55:00,2019,5,4,10,55,9,09206,D9 - Lieu dit ''Régnis' - Route e Montseur,42.883984,1.805566,Plein jour,Hors agglomération,Hors intersection,Temps couvert,Autre collision,3,2,2,0,2,2,1,0,3,80,1,1,0,0,1,0,23.0,,voiture,,1,1,1,8,6
201900058302,2019-02-15 14:30:00,2019,2,15,14,30,39,39034,,46.958458,5.466979,Plein jour,Hors agglomération,Hors intersection,Normale,Deux véhicules - côté,3,2,2,0,1,1,1,0,1,80,2,2,1,0,1,0,87.0,82.0,voiture,deux_roues,1,1,1,1,3
201900058303,2019-08-12 08:08:00,2019,8,12,8,8,972,97209,FONTAINE DIDIER (RUE DE LA),14.63182,-61.07973,Plein jour,En agglomération,Hors intersection,Normale,Deux véhicules - frontale,4,2,2,0,1,4,1,0,1,50,2,3,0,0,0,3,30.0,28.0,voiture,voiture,1,2,1,1,1
201900058304,2019-09-20 19:15:00,2019,9,20,19,15,17,17337,rue de la Gibertière,45.97078,-1.289609,Crépuscule ou aube,En agglomération,Intersection en X,Normale,Trois véhicules et plus - collisions multiples,3,2,2,0,1,1,1,0,1,50,3,3,1,0,1,1,64.0,21.0,voiture,deux_roues,2,2,2,1,5
201900058305,2019-10-24 23:30:00,2019,10,24,23,30,64,64102,GRENET (AVENUE HENRI),43.5010596,-1.4792139,Nuit avec éclairage allumé,En agglomération,Hors intersection,Temps couvert,Trois véhicules et plus - en chaîne,4,2,4,0,2,1,2,2,1,50,3,4,3,0,0,1,35.0,29.0,voiture,voiture,5,2,1,8,4
201900058306,2019-02-14 21:50:00,2019,2,14,21,50,39,39355,,46.942418,5.779445,Nuit sans éclairage public,Hors agglomération,Hors intersection,Normale,Deux véhicules - frontale,2,2,2,0,1,1,1,0,1,80,2,2,1,1,0,0,52.0,51.0,voiture,utilitaire_camion,3,1,1,1,1
201900058307,2019-03-26 09:00:00,2019,3,26,9,0,93,93047,JEAN JAURES (AVENUE),48.89882,2.54667,Plein jour,En agglomération,Intersection en X,Normale,Deux véhicules - côté,3,2,3,3,1,1,1,5,1,50,2,3,2,0,0,1,35.0,34.0,transport_commun,utilitaire_camion,1,2,2,1,3
201900058308,2019-05-30 04:50:00,2019,5,30,4,50,79,79049,Route de Fontenay le Comte,46.823787,-0.506756,Nuit sans éclairage public,En agglomération,Hors intersection,Normale,Autre collision,3,2,2,0,1,2,1,0,1,50,1,3,0,1,1,1,22.0,,voiture,,3,2,1,1,6
201900058309,2019-02-16 16:30:00,2019,2,16,16,30,25,25527,Rue de Besançon,47.182807,5.813538,Plein jour,En agglomération,Hors intersection,Temps éblouissant,Autre collision,3,2,2,0,1,1,1,0,1,50,1,2,1,0,1,0,72.0,,voiture,,1,2,1,7,6
201900058310,2019-03-26 17:55:00,2019,3,26,17,55,92,92046,DOUZE FEVRIER 1934 (AVENUE DU),48.81947,2.3062,Plein jour,En agglomération,Hors intersection,Normale,Autre collision,3,2,2,0,1,1,1,0,1,50,1,2,1,0,0,1,63.0,,voiture,,1,2,1,1,6
201900058311,2019-09-20 15:25:00,2019,9,20,15,25,17,17209,Rue de Marignan,45.594976,-0.393352,Plein jour,En agglomération,Intersection en X,Normale,Deux véhicules - côté,3,2,2,0,1,1,1,0,1,50,2,2,1,0,1,0,19.0,68.0,voiture,deux_roues,1,2,2,1,3
201900058312,2019-08-14 12:30:00,2019,8,14,12,30,972,97209,BEAUSEJOUR JAMBETTE (ROUTE),14.63926,-61.0412,Plein jour,Hors agglomération,Hors intersection,Normale,Trois véhicules et plus - collisions multiples,3,2,2,0,2,1,1,0,1,50,3,4,1,0,0,3,75.0,23.0,voiture,voiture,1,1,1,1,5
201900058313,2019-10-23 09:55:00,2019,10,23,9,55,62,62516,CANTRAINE - RUE-,50.57086,2.51584,Plein jour,En agglomération,Intersection en Y,Normale,Deux véhicules - côté,4,2,2,0,1,2,1,0,1,50,2,2,1,0,1,0,82.0,39.0,deux_roues,voiture,1,2,4,1,3
201900058314,2019-09-22 12:30:00,2019,9,22,12,30,37,37133,Le Rein du Bois,47.089063,1.230536,Plein jour,Hors agglomération,Autre intersection,Pluie légère,Deux véhicules - côté,3,2,2,0,1,1,2,0,1,80,2,3,0,0,1,2,75.0,20.0,voiture,voiture,1,1,9,2,3
201900058315,2019-02-15 07:30:00,2019,2,15,7,30,92,92064,MARCEL DASSAULT,48.85537,2.2229,Plein jour,En agglomération,Hors intersection,Normale,Deux véhicules - côté,3,2,2,0,1,1,1,0,1,50,2,2,1,0,0,1,60.0,41.0,deux_roues,voiture,1,2,1,1,3
201900058316,2019-08-12 19:50:00,2019,8,12,19,50,972,97209,BISHOP (Avenue Maurice),14.61247,-61.05315,Nuit avec éclairage allumé,En agglomération,Giratoire,Pluie légère,Deux véhicules - côté,2,2,4,3,1,2,2,5,1,50,2,7,1,0,0,6,54.0,54.0,utilitaire_camion,transport_commun,5,2,6,2,3
201900058317,2019-10-24 23:10:00,2019,10,24,23,10,59,59646,TRIEZ (RUE DU),50.68451,3.1296,Nuit avec éclairage allumé,En agglomération,Giratoire,Normale,Autre collision,4,3,1,1,2,1,2,0,1,50,1,2,1,0,0,1,56.0,,utilitaire_camion,,5,2,6,1,6
201900058318,2019-09-22 15:15:00,2019,9,22,15,15,8,08214,D989,50.0354628,4.7932749,Plein jour,Hors agglomération,Hors intersection,Normale,Deux véhicules - frontale,3,2,2,0,2,3,1,0,1,80,2,2,0,0,1,1,69.0,39.0,voiture,deux_roues,1,1,1,1,1
201900058319,2019-03-26 20:10:00,2019,3,26,20,10,92,92050,CLEMENCEAU GEORGES AVENUE N° PAIR,48.8857737,2.2192403,Nuit avec éclairage allumé,En agglomération,Intersection en T,Normale,Deux véhicules - côté,3,1,2,0,1,1,1,0,1,50,2,2,1,0,0,1,35.0,34.0,deux_roues,voiture,5,2,3,1,3
201900058320,2019-09-21 19:25:00,2019,9,21,19,25,42,42011,A 89 PK 489.50,45.841044,4.164451,Nuit avec éclairage allumé,Hors agglomération,Autre intersection,Normale,Autre collision,1,3,5,0,1,1,1,7,1,50,1,2,1,0,0,1,26.0,,voiture,,5,1,9,1,6
201900058321,2019-08-12 14:30:00,2019,8,12,14,30,972,97213,AUTOROUTE (A1),14.61803,-61.03412,Plein jour,Hors agglomération,Hors intersection,Normale,Trois véhicules et plus - en chaîne,3,3,6,3,1,1,1,0,1,70,4,4,3,0,0,1,20.0,74.0,voiture,voiture,1,1,1,1,4
201900058322,2019-03-26 08:50:00,2019,3,26,8,50,92,92048,GENERAL DE GAULLE (AVENUE DU),48.78894,2.23221,Plein jour,En agglomération,Hors intersection,Normale,Autre collision,4,2,2,0,1,1,1,0,1,50,1,2,1,0,0,1,34.0,,utilitaire_camion,,1,2,1,1,6
201900058323,2019-08-17 03:20:00,2019,8,17,3,20,69,69382,BREST (DE)                          (R ),45.76364,4.83329,Nuit avec éclairage allumé,En agglomération,Hors intersection,Normale,Autre collision,4,1,-1,3,1,1,1,0,1,30,1,1,0,0,0,1,28.0,,voiture,,5,2,1,1,6
201900058324,2019-10-23 20:15:00,2019,10,23,20,15,56,56121,GUIEYSSE (RUE  PAUL ),47.75711,-3.3674,Nuit avec éclairage allumé,En agglomération,Hors intersection,Normale,Deux véhicules - côté,4,2,2,0,1,1,1,0,1,50,2,2,1,0,0,1,64.0,43.0,voiture,deux_roues,5,2,1,1,3
201900058325,2019-03-26 11:30:00,2019,3,26,11,30,92,92025,VOIES DU BOIS (RUE DES),48.91522,2.246682,Plein jour,En agglomération,Intersection en X,Normale,Deux véhicules - côté,4,2,2,0,1,1,1,8,1,30,2,2,1,0,1,0,69.0,39.0,voiture,deux_roues,1,2,2,1,3
201900058326,2019-08-16 19:45:00,2019,8,16,19,45,69,69381,JEAN MOULIN                         (QU),45.76673,4.83797,Plein jour,En agglomération,Autre intersection,Normale,Deux véhicules - côté,4,1,4,0,1,1,1,0,1,5,2,2,1,0,0,1,58.0,28.0,deux_roues,voiture,1,2,9,1,3
201900058327,2019-09-21 17:30:00,2019,9,21,17,30,39,39413,,46.279007,5.836115,Plein jour,Hors agglomération,Hors intersection,Normale,Autre collision,3,2,2,0,2,1,1,0,1,80,2,2,1,0,0,1,57.0,20.0,deux_roues,voiture,1,1,1,1,6
201900058328,2019-02-01 17:20:00,2019,2,1,17,20,92,92025,CHARLES DE GAULLE (BD),48.9167507,2.2257239,Plein jour,En agglomération,Hors intersection,Normale,Deux véhicules - côté,3,2,2,0,2,1,1,0,1,50,2,2,1,0,0,1,37.0,18.0,deux_roues,voiture,1,2,1,1,3
201900058329,2019-03-25 08:15:00,2019,3,25,8,15,92,92023,MOULIN DE PIERRE (RUE DU),48.80962,2.26698,Plein jour,En agglomération,Hors intersection,Normale,Autre collision,4,2,2,0,1,3,1,0,1,50,1,1,0,0,0,1,38.0,,voiture,,1,2,1,1,6
201900058330,2019-09-22 03:15:00,2019,9,22,3,15,67,67089,A4 PK 443+700 sens STRASBOURG / PARIS,48.772179,7.462396,Nuit sans éclairage public,Hors agglomération,Hors intersection,Normale,Autre collision,1,1,4,3,2,2,1,8,1,90,1,5,0,0,3,2,33.0,,voiture,,3,1,1,1,6
201900058331,2019-08-16 08:35:00,2019,8,16,8,35,69,69152,EUROPE (DE L')                      (BD),45.69943,4.8235,Plein jour,En agglomération,Hors intersection,Normale,Deux véhicules - côté,4,3,2,0,1,1,1,0,1,50,2,2,1,0,0,1,39.0,23.0,voiture,deux_roues,1,2,1,1,3
201900058332,2019-10-04 12:02:00,2019,10,4,12,2,49,49007,RENNES,47.47783,-0.54849,Plein jour,En agglomération,Hors intersection,Normale,Autre collision,4,-1,2,0,1,1,1,0,1,50,1,2,1,0,1,0,30.0,,utilitaire_camion,,1,2,1,1,6
201900058333,2019-08-10 01:00:00,2019,8,10,1,0,6,06088,AUTOROUTE A8 PK 193.000 - NORD,43.7203001,7.215731,Nuit avec éclairage allumé,Hors agglomération,Hors intersection,Normale,Deux véhicules - arrière,1,3,4,0,2,2,1,1,1,90,2,2,1,0,0,1,46.0,31.0,voiture,voiture,5,1,1,1,2
201900058334,2019-03-22 22:35:00,2019,3,22,22,35,92,92060,PAUL LANGEVIN (AVENUE) (RD 2),48.782135,2.2531264,Nuit avec éclairage allumé,En agglomération,Intersection en X,Normale,Deux véhicules - frontale,3,2,2,0,1,1,1,5,1,50,2,2,1,0,0,1,20.0,24.0,deux_roues,voiture,5,2,2,1,1
201900058335,2019-08-16 08:00:00,2019,8,16,8,0,69,69142,MULATIERE (DE LA)                   (PT),45.73116,4.81559,Plein jour,Hors agglomération,Hors intersection,Normale,Deux véhicules - frontale,9,-1,1,0,1,1,1,2,1,10,2,2,0,0,1,1,42.0,29.0,deux_roues,deux_roues,1,1,1,1,1
201900058336,2019-10-18 17:45:00,2019,10,18,17,45,40,40192,HAUSSEZ (BD D'),43.89412,-0.50736,Plein jour,En agglomération,Hors intersection,Normale,Autre collision,4,2,2,0,1,1,1,0,1,50,1,2,1,0,1,0,23.0,,voiture,,1,2,1,1,6
201900058337,2019-02-18 19:44:00,2019,2,18,19,44,92,92023,GENERAL DE GAULLE (AV DU) N°130 A 340 ET,48.78487,2.24971,Nuit avec éclairage allumé,En agglomération,Autre intersection,Normale,Deux véhicules - côté,3,1,1,1,1,1,1,0,1,30,2,2,1,0,0,1,58.0,37.0,voiture,deux_roues,5,2,9,1,3
201900058338,2019-09-21 14:45:00,2019,9,21,14,45,73,73182,A41,45.687148,5.9324961,Plein jour,Hors agglomération,Hors intersection,Normale,Deux véhicules - arrière,1,3,4,0,1,1,1,0,1,130,2,3,1,0,1,1,46.0,22.0,utilitaire_camion,voiture,1,1,1,1,2
201900058339,2019-08-15 22:30:00,2019,8,15,22,30,69,69382,RAMBAUD                             (QU),45.74851,4.81951,Nuit avec éclairage allumé,En agglomération,Hors intersection,Normale,Deux véhicules - côté,4,-1,1,0,1,1,1,6,1,30,2,1,0,0,0,1,25.0,,deux_roues,,5,2,1,1,3
201900058340,2019-10-24 08:10:00,2019,10,24,8,10,37,37261,MALRAUX (QUAI ANDRE),47.3973,0.68964,Plein jour,En agglomération,Intersection en X,Normale,Autre collision,4,2,2,2,1,1,1,0,1,50,2,2,1,0,0,1,53.0,57.0,voiture,deux_roues,1,2,2,1,6
201900058341,2019-01-18 21:13:00,2019,1,18,21,13,92,92023,GENERAL DE GAULLE (AV DU) N°130 A 340 ET,48.7900364,2.2629191,Nuit avec éclairage allumé,En agglomération,Intersection en X,Normale,Deux véhicules - frontale,3,2,2,0,1,1,1,0,1,50,2,2,1,0,0,1,33.0,38.0,voiture,deux_roues,5,2,2,1,1
201900058342,2019-10-25 00:50:00,2019,10,25,0,50,35,35238,SERGENT MAGINOT (AVENUE),48.1098,-1.67,Nuit avec éclairage allumé,En agglomération,Hors intersection,Temps couvert,Autre collision,4,1,0,0,1,1,2,0,1,50,1,1,0,0,0,1,27.0,,deux_roues,,5,2,1,8,6
201900058343,2019-02-20 10:45:00,2019,2,20,10,45,92,92023,JEAN BAPTISTE CLEMENT (AVENUE),48.79099,2.26287,Plein jour,En agglomération,Hors intersection,Normale,Deux véhicules - côté,3,2,2,0,1,1,1,0,1,50,2,2,1,0,0,1,50.0,52.0,deux_roues,voiture,1,2,1,1,3
201900058344,2019-10-24 09:45:00,2019,10,24,9,45,35,35278,RD 137,48.15435,-1.7017,Plein jour,Hors agglomération,Hors intersection,Pluie forte,Autre collision,3,3,4,0,1,1,2,2,1,90,1,1,0,0,0,1,44.0,,utilitaire_camion,,1,1,1,3,6
201900058345,2019-10-15 19:30:00,2019,10,15,19,30,33,33063,RUE JUDAIQUE,44.84094,-0.59093,Nuit avec éclairage allumé,En agglomération,Hors intersection,Pluie forte,Deux véhicules - côté,4,1,2,1,1,1,2,0,5,30,2,2,1,0,0,1,18.0,23.0,deux_roues,deux_roues,5,2,1,3,3
201900058346,2019-08-14 11:15:00,2019,8,14,11,15,69,69385,DOCTEUR ALBERIC PONT (DU)           (R ),45.75439,4.79614,Plein jour,En agglomération,Intersection en X,Normale,Autre collision,4,2,3,0,1,1,1,5,1,50,1,2,1,0,0,1,81.0,,voiture,,1,2,2,1,6
201900058347,2019-08-13 17:25:00,2019,8,13,17,25,69,69382,PRESIDENT EDOUARD HERRIOT (DU)      (R ),45.75872,4.83393,Plein jour,En agglomération,Intersection en X,Normale,Deux véhicules - côté,4,1,2,3,1,1,1,5,1,30,2,1,0,0,1,0,20.0,,autre,,1,2,2,1,3
201900058348,2019-02-17 01:00:00,2019,2,17,1,0,44,44174,ROUTE DÉPARTEMENTALE 61,47.043069,-1.715302,Nuit sans éclairage public,Hors agglomération,Hors intersection,Normale,Deux véhicules - arrière,3,2,2,0,2,1,1,0,1,80,2,2,1,1,0,0,31.0,50.0,voiture,deux_roues,3,1,1,1,2
201900058349,2019-03-26 16:53:00,2019,3,26,16,53,92,92012,ALPHONSE LE GALLO (QUAI) 35/FIN,48.8410536,2.2247494,Plein jour,En agglomération,Hors intersection,Normale,Deux véhicules - arrière,3,3,4,0,1,1,1,2,1,50,2,2,1,0,0,1,49.0,26.0,transport_commun,utilitaire_camion,1,2,1,1,2
201900058350,2019-09-21 23:15:00,2019,9,21,23,15,974,97408,116 Rue Ho Chi Minh,-20.96406,55.333225,Nuit sans éclairage public,En agglomération,Autre intersection,Normale,Autre collision,3,2,2,0,2,1,1,0,1,50,1,1,0,0,1,0,32.0,,deux_roues,,3,2,9,1,6
201900058351,2019-10-10 10:00:00,2019,10,10,10,0,33,33063,RUE DES SABLIERES,44.82522,-0.57525,Plein jour,En agglomération,Intersection en X,Normale,Deux véhicules - côté,4,1,1,0,1,1,1,0,1,50,2,2,1,0,0,1,37.0,20.0,voiture,deux_roues,1,2,2,1,3
201900058352,2019-02-13 21:45:00,2019,2,13,21,45,44,44160,,47.372662,-1.194955,Nuit avec éclairage allumé,En agglomération,Hors intersection,Normale,Autre collision,6,-1,-1,0,1,1,1,0,1,-1,1,1,0,0,1,0,16.0,,deux_roues,,5,2,1,1,6
201900058353,2019-09-21 18:15:00,2019,9,21,18,15,971,97107,D5,16.004584,-61.614315,Nuit sans éclairage public,Hors agglomération,Hors intersection,Normale,Autre collision,3,2,2,0,1,1,1,0,1,50,1,1,0,0,1,0,30.0,,deux_roues,,3,1,1,1,6
201900058354,2019-08-13 18:00:00,2019,8,13,18,0,2B,2B033,SAMPIERO CORSO - AV,42.67485,9.44397,Plein jour,En agglomération,Hors intersection,Normale,Deux véhicules - frontale,2,1,2,0,1,1,1,0,1,70,2,1,0,0,0,1,54.0,,voiture,,1,2,1,1,1
201900058355,2019-10-18 20:00:00,2019,10,18,20,0,33,33063,BD DES FRERES MOGA,44.82668,-0.54758,Nuit sans éclairage public,En agglomération,Intersection en T,Normale,Deux véhicules - arrière,4,3,5,0,1,1,1,0,1,50,2,2,0,0,2,0,62.0,19.0,voiture,deux_roues,3,2,3,1,2
201900058356,2019-09-21 15:20:00,2019,9,21,15,20,95,95341,Rue du Vaunay,49.09277,2.083545,Plein jour,Hors agglomération,Hors intersection,Normale,Sans collision,3,2,2,0,1,2,1,0,1,80,1,1,0,0,1,0,21.0,,deux_roues,,1,1,1,1,7
201900058357,2019-10-23 18:00:00,2019,10,23,18,0,33,33063,GODARD (RUE CAMILLE),44.85507,-0.57191,Plein jour,En agglomération,Intersection en X,Normale,Autre collision,4,2,2,0,1,1,1,0,1,50,1,2,1,0,0,1,47.0,,voiture,,1,2,2,1,6
201900058358,2019-09-22 08:55:00,2019,9,22,8,55,2B,2B029,Col de Teghime (Point de vue),42.677707,9.384107,Plein jour,Hors agglomération,Hors intersection,Brouillard / fumée,Autre collision,2,2,2,0,2,2,2,0,1,80,1,2,1,0,1,0,45.0,,voiture,,1,1,1,5,6
201900058359,2019-03-26 14:40:00,2019,3,26,14,40,92,92012,JEAN JAURES (BOULEVARD) 63/215 - 70/208,48.83901,2.24037,Plein jour,En agglomération,Hors intersection,Normale,Deux véhicules - côté,3,1,1,0,1,1,1,0,1,50,2,2,1,0,0,1,18.0,83.0,deux_roues,voiture,1,2,1,1,3
201900058360,2019-10-23 08:30:00,2019,10,23,8,30,33,33192,CRS DU GENERAL DE GAULLE,44.78786,-0.60478,Plein jour,En agglomération,Hors intersection,Normale,Deux véhicules - côté,4,2,4,2,1,1,1,0,1,50,2,3,1,0,0,2,27.0,56.0,deux_roues,voiture,1,2,1,1,3
201900058361,2019-03-26 11:45:00,2019,3,26,11,45,92,92012,GENERAL LECLERC (AVENUE DU) 35/FIN - 60/,48.8320323,2.2381382,Plein jour,En agglomération,Intersection en T,Normale,Deux véhicules - arrière,3,1,4,0,1,1,1,0,1,50,2,2,1,0,0,1,15.0,52.0,deux_roues,utilitaire_camion,1,2,3,1,2
201900058362,2019-09-19 13:50:00,2019,9,19,13,50,34,34024,D2,43.482288,3.699559,Plein jour,En agglomération,Hors intersection,Normale,Deux véhicules - côté,3,2,2,0,1,3,9,0,1,50,2,2,1,0,1,0,20.0,46.0,utilitaire_camion,deux_roues,1,2,1,1,3
201900058363,2019-03-26 16:30:00,2019,3,26,16,30,92,92004,REDOUTE ( AVENUE DE LA  ),48.930171,2.2839808,Plein jour,En agglomération,Hors intersection,Normale,Deux véhicules - arrière,3,-1,2,0,1,1,1,0,1,50,2,2,1,0,0,1,48.0,29.0,voiture,voiture,1,2,1,1,2
201900058364,2019-09-22 16:20:00,2019,9,22,16,20,83,83035,Route des Hauts du Camp,43.24744,5.789727,Plein jour,Hors agglomération,Hors intersection,Normale,Sans collision,3,2,2,0,1,1,1,9,1,80,1,1,0,0,1,0,35.0,,deux_roues,,1,1,1,1,7
201900058365,2019-08-16 19:30:00,2019,8,16,19,30,2A,2A004,ILES SANGUINAIRES ROUTE DES,41.9074,8.6669,Plein jour,En agglomération,Hors intersection,Normale,Deux véhicules - frontale,3,2,2,0,1,1,1,0,1,50,2,4,0,0,1,3,33.0,20.0,voiture,voiture,1,2,1,1,1
201900058366,2019-10-23 20:20:00,2019,10,23,20,20,33,33281,AV DE VERDUN,44.83967,-0.63806,Plein jour,En agglomération,Intersection en T,Pluie légère,Deux véhicules - côté,4,2,4,2,1,1,1,0,1,50,2,1,0,0,0,1,42.0,,deux_roues,,1,2,3,2,3
201900058367,2019-10-24 08:30:00,2019,10,24,8,30,31,31555,BD DELACOURTIE,43.5841,1.44885,Plein jour,En agglomération,Hors intersection,Normale,Deux véhicules - côté,4,-1,2,0,1,1,1,0,1,50,2,2,1,0,0,1,51.0,45.0,deux_roues,voiture,1,2,1,1,3
201900058368,2019-03-23 08:45:00,2019,3,23,8,45,42,42338,Intersectio D17/D39,46.072971,4.118907,Plein jour,Hors agglomération,Intersection en X,Normale,Deux véhicules - frontale,3,2,2,0,1,1,1,5,1,70,2,4,3,0,1,0,30.0,31.0,voiture,deux_roues,1,1,2,1,1
201900058369,2019-03-27 14:21:00,2019,3,27,14,21,28,28161,autoroute A11 PK 095+300 sens PARIS-Province,48.254033,1.126745,Plein jour,Hors agglomération,Hors intersection,Normale,Autre collision,1,3,5,0,1,1,1,0,3,90,1,1,0,1,0,0,42.0,,utilitaire_camion,,1,1,1,1,6
201900058370,2019-10-24 07:30:00,2019,10,24,7,30,31,31557,BD VINCENT AURIOL,43.58787,1.35535,Nuit avec éclairage allumé,En agglomération,Hors intersection,Pluie légère,Deux véhicules - côté,3,3,3,3,1,1,2,0,1,50,2,2,1,0,1,0,22.0,62.0,voiture,deux_roues,5,2,1,2,3
201900058371,2019-03-27 09:25:00,2019,3,27,9,25,35,35337,place tanouarn,48.328276,-1.840161,Plein jour,En agglomération,Hors intersection,Normale,Autre collision,3,3,2,0,1,1,1,0,4,50,1,2,1,0,1,0,85.0,,voiture,,1,2,1,1,6
201900058372,2019-10-22 16:45:00,2019,10,22,16,45,31,31555,CUGNAUX (RUE DE) DU 41AU 149,43.59132,1.41945,Plein jour,En agglomération,Hors intersection,Pluie forte,Deux véhicules - côté,4,2,2,0,1,1,2,0,1,50,2,2,1,0,0,1,55.0,29.0,deux_roues,voiture,1,2,1,3,3
201900058373,2019-02-27 16:30:00,2019,2,27,16,30,54,54378,D17,49.477429,5.667871,Plein jour,En agglomération,Intersection en T,Normale,Deux véhicules - frontale,3,2,2,0,1,1,1,0,1,50,2,2,1,0,0,1,53.0,42.0,deux_roues,voiture,1,2,3,1,1
201900058374,2019-10-18 15:38:00,2019,10,18,15,38,29,29232,STANGALA ROUTE DU,48.0267129,-4.0612024,Plein jour,Hors agglomération,Hors intersection,Normale,Deux véhicules - frontale,4,2,2,0,1,2,1,0,1,70,2,2,1,0,1,0,21.0,57.0,voiture,voiture,1,1,1,1,1
201900058375,2019-03-27 06:00:00,2019,3,27,6,0,1,01109,RD 984,46.137152,5.909061,Crépuscule ou aube,Hors agglomération,Intersection en T,Normale,Deux véhicules - côté,3,2,2,0,1,2,1,0,1,80,2,2,1,0,1,0,52.0,28.0,voiture,deux_roues,2,1,3,1,3
201900058376,2019-08-14 22:10:00,2019,8,14,22,10,2A,2A004,MARECHAL JUIN AVENUE,41.93645,8.75094,Nuit avec éclairage allumé,En agglomération,Hors intersection,Normale,Autre collision,4,1,1,0,4,1,1,0,2,50,1,2,1,0,0,1,39.0,,voiture,,5,2,1,1,6
201900058377,2019-08-17 18:20:00,2019,8,17,18,20,95,95585,VALERY (AVEUE PAUL),48.97852,2.38554,Crépuscule ou aube,En agglomération,Intersection en X,Pluie légère,Autre collision,4,3,1,0,1,1,2,0,1,50,2,2,1,0,0,1,33.0,28.0,voiture,voiture,2,2,2,2,6
201900058378,2019-02-15 15:30:00,2019,2,15,15,30,29,29184,Lieu dit Milinou,48.627218,-3.961298,Plein jour,Hors agglomération,Hors intersection,Normale,Sans collision,3,2,2,0,1,2,1,0,1,80,1,1,0,0,1,0,24.0,,deux_roues,,1,1,1,1,7
201900058379,2019-03-25 18:11:00,2019,3,25,18,11,38,38177,Route de l'Alpe d'Huez,45.06806,6.04194,Plein jour,Hors agglomération,Hors intersection,Normale,Autre collision,3,2,2,0,2,2,1,0,1,80,1,1,0,1,0,0,68.0,,utilitaire_camion,,1,1,1,1,6
201900058380,2019-08-15 17:15:00,2019,8,15,17,15,95,95680,RUE DE PARIS,49.01094,2.38416,Plein jour,En agglomération,Hors intersection,Normale,Trois véhicules et plus - en chaîne,3,3,5,-1,2,1,1,0,1,50,3,3,2,0,0,1,35.0,57.0,voiture,deux_roues,1,2,1,1,4
201900058381,2019-10-24 21:35:00,2019,10,24,21,35,26,26198,ESPOULETTE (Avenue d'),44.55461,4.75956,Nuit avec éclairage allumé,En agglomération,Hors intersection,Normale,Autre collision,3,2,2,0,1,1,1,0,1,50,1,2,1,0,1,0,65.0,,voiture,,5,2,1,1,6
201900058382,2019-02-16 15:15:00,2019,2,16,15,15,29,29048,langelin,48.1015176,-3.9861466,Plein jour,Hors agglomération,Giratoire,Normale,Sans collision,3,1,1,0,1,2,1,5,3,50,1,1,0,0,1,0,89.0,,voiture,,1,1,6,1,7
201900058383,2019-02-14 13:25:00,2019,2,14,13,25,29,29076,Carrefour D26 carrefour de la récrée des 3 curés,48.477359,-4.52802,Plein jour,Hors agglomération,Intersection en X,Normale,Deux véhicules - côté,3,2,2,0,2,1,1,5,1,80,2,2,1,0,0,1,55.0,37.0,voiture,voiture,1,1,2,1,3
201900058384,2019-10-24 07:45:00,2019,10,24,7,45,26,26198,DESCHAMPS (Allée Louis),44.56406,4.73879,Crépuscule ou aube,En agglomération,Intersection en T,Temps couvert,Deux véhicules - côté,4,2,2,0,1,1,2,0,1,50,2,2,1,0,1,0,45.0,21.0,voiture,deux_roues,2,2,3,8,3