accident_id,datetime,annee,mois,jour,heure,minute,departement,commune_insee,adresse,latitude,longitude,luminosite,agglomeration,intersection,meteo,collision,catr,circ,nbv,vosp,prof,plan,surf,infra,situ,vma,nb_vehicules,nb_usagers,nb_indemnes,nb_tues,nb_blesses_hosp,nb_blesses_legers,age_cond_1,age_cond_2,veh_type_cond_1,veh_type_cond_2,lum_code,agg_code,int_code,atm_code,col_code
201900058569,2019-06-13 12:00:00,2019,6,13,12,0,94,94033,CLOS D ORLEANS (R DU),48.8426,2.47209,Plein jour,En agglomération,Intersection en X,Normale,Autre collision,4,1,1,1,1,1,1,0,1,50,1,2,1,0,0,1,47.0,,voiture,,1,2,2,1,6
201900058570,2019-06-19 00:45:00,2019,6,19,0,45,94,94028,TASSIGNY(AVE DU MARECHAL DE LATTRE DE),48.80038,2.45122,Nuit avec éclairage allumé,En agglomération,Intersection en T,Normale,Deux véhicules - côté,3,-1,2,1,1,1,1,0,1,50,2,2,1,0,0,1,24.0,51.0,voiture,deux_roues,5,2,3,1,3
201900058571,2019-06-17 15:55:00,2019,6,17,15,55,94,94028,POMPADOUR(CARREFOUR),48.7743505,2.4391325,Plein jour,En agglomération,Giratoire,Normale,Deux véhicules - côté,3,1,1,0,1,3,1,0,1,50,2,2,1,0,0,1,62.0,20.0,deux_roues,utilitaire_camion,1,2,6,1,3
201900058572,2019-06-13 11:50:00,2019,6,13,11,50,94,94071,MAURICE BERTEAUX (R),48.7736,2.51741,Plein jour,En agglomération,Intersection en T,Normale,Trois véhicules et plus - collisions multiples,3,4,3,0,2,1,1,0,1,50,3,6,2,0,0,4,60.0,81.0,voiture,voiture,1,2,3,1,5
201900058573,2019-06-07 13:10:00,2019,6,7,13,10,94,94028,BROSSOLETTE(AVENUE PIERRE),48.790134,2.46382,Plein jour,En agglomération,Hors intersection,Normale,Autre collision,3,1,0,0,1,1,1,0,2,50,1,2,1,0,0,1,39.0,,voiture,,1,2,1,1,6
201900058574,2019-06-06 18:20:00,2019,6,6,18,20,94,94028,SAINT-SIMON.(RUE ET VILLA),48.79492,2.44492,Plein jour,En agglomération,Hors intersection,Normale,Autre collision,4,3,2,0,1,1,1,0,2,50,1,2,1,0,0,1,47.0,,voiture,,1,2,1,1,6
201900058575,2019-06-06 01:25:00,2019,6,6,1,25,94,94028,FALKIRK(RUE),48.772,2.4588,Nuit avec éclairage allumé,En agglomération,Intersection en X,Temps couvert,Deux véhicules - côté,4,2,2,0,1,1,2,0,1,50,2,2,1,0,0,1,33.0,27.0,voiture,deux_roues,5,2,2,8,3
201900058576,2019-05-31 18:40:00,2019,5,31,18,40,94,94028,POMPADOUR(CARREFOUR),48.77433,2.43969,Plein jour,En agglomération,Autre intersection,Normale,Deux véhicules - côté,4,1,0,0,1,2,1,0,1,50,2,2,1,0,0,1,52.0,23.0,deux_roues,voiture,1,2,9,1,3
201900058577,2019-05-30 19:30:00,2019,5,30,19,30,94,94028,GAULLE(AVENUE DU GENERAL DE),48.78466,2.4518,Plein jour,En agglomération,Giratoire,Normale,Deux véhicules - arrière,3,1,2,0,1,1,1,0,1,50,2,2,1,0,0,1,58.0,27.0,voiture,deux_roues,1,2,6,1,2
201900058578,2019-05-30 12:30:00,2019,5,30,12,30,94,94028,ECOLES.(RUE DES),48.78906,2.46811,Plein jour,En agglomération,Autre intersection,Normale,Deux véhicules - côté,4,2,2,0,1,1,1,0,1,50,2,2,1,0,0,1,27.0,26.0,utilitaire_camion,utilitaire_camion,1,2,9,1,3
201900058579,2019-06-16 23:25:00,2019,6,16,23,25,94,94022,HUIT MAI 1945 (AV DU),48.7646,2.4104,Nuit avec éclairage allumé,En agglomération,Hors intersection,Normale,Autre collision,4,2,2,0,2,3,1,0,1,30,1,2,1,0,0,1,24.0,,deux_roues,,5,2,1,1,6
201900058580,2019-06-15 05:05:00,2019,6,15,5,5,94,94054,CHARLES TILLON (route),48.74538,2.38455,Crépuscule ou aube,En agglomération,Autre intersection,Pluie légère,Deux véhicules - frontale,3,2,2,0,1,1,2,0,1,50,2,3,2,0,0,1,30.0,35.0,voiture,voiture,2,2,9,2,1
201900058581,2019-06-14 20:08:00,2019,6,14,20,8,94,94054,FER A CHEVAL (R DU),48.74405,2.40794,Plein jour,En agglomération,Hors intersection,Normale,Autre collision,4,2,2,0,1,1,1,0,1,50,1,1,0,0,0,1,,,,,1,2,1,1,6
201900058582,2019-06-13 15:10:00,2019,6,13,15,10,94,94022,STALINGRAD (BD DE),48.77442,2.399,Plein jour,En agglomération,Hors intersection,Normale,Autre collision,3,2,2,0,1,1,1,0,1,50,1,2,1,0,0,1,62.0,,voiture,,1,2,1,1,6
201900058583,2019-06-09 11:00:00,2019,6,9,11,0,94,94022,ANATOLE FRANCE (AV),48.7584715,2.4128714,Plein jour,En agglomération,Intersection en T,Normale,Autre collision,4,2,2,0,1,1,1,0,1,50,1,2,1,0,0,1,42.0,,voiture,,1,2,3,1,6
201900058584,2019-06-06 12:15:00,2019,6,6,12,15,94,94022,REPUBLIQUE (AV DE LA),48.760018,2.4082433,Plein jour,En agglomération,Hors intersection,Normale,Autre collision,3,2,4,0,1,1,1,0,1,50,1,2,1,0,0,1,44.0,,transport_commun,,1,2,1,1,6
201900058585,2019-06-05 15:40:00,2019,6,5,15,40,94,94054,VICTOIRE (AV DE LA),48.744981,2.40005,Plein jour,En agglomération,Intersection en X,Pluie légère,Deux véhicules - côté,3,2,4,0,1,1,2,5,1,50,2,2,0,0,0,2,84.0,29.0,voiture,voiture,1,2,2,2,3
201900058586,2019-06-01 17:00:00,2019,6,1,17,0,94,94022,VILLENEUVE ST GEORGES (AV),48.76678,2.4144,Plein jour,En agglomération,Intersection en X,Temps éblouissant,Deux véhicules - frontale,3,2,2,0,1,1,1,2,1,50,2,5,4,0,0,1,22.0,22.0,voiture,deux_roues,1,2,2,7,1
201900058587,2019-05-30 16:50:00,2019,5,30,16,50,94,94022,VICTOR HUGO (AV),48.76874,2.42066,Plein jour,En agglomération,Intersection en X,Normale,Deux véhicules - côté,3,3,4,0,1,1,1,9,6,50,2,3,1,0,2,0,22.0,47.0,deux_roues,voiture,1,2,2,1,3
201900058588,2019-06-14 16:20:00,2019,6,14,16,20,94,94019,CONDORCET (R),48.7966,2.5444,Plein jour,En agglomération,Hors intersection,Normale,Deux véhicules - côté,4,-1,2,0,1,1,1,0,1,50,2,2,1,0,0,1,81.0,55.0,voiture,voiture,1,2,1,1,3
201900058589,2019-06-13 10:10:00,2019,6,13,10,10,94,94079,ROBERT SCHUMAN (R),48.82259,2.54141,Plein jour,En agglomération,Hors intersection,Normale,Deux véhicules - côté,3,2,2,0,1,1,1,0,1,50,2,2,1,0,0,1,27.0,67.0,utilitaire_camion,deux_roues,1,2,1,1,3
201900058590,2019-06-12 18:50:00,2019,6,12,18,50,94,94079,JEAN JAURES (R),48.82732,2.52832,Plein jour,En agglomération,Hors intersection,Normale,Deux véhicules - côté,4,2,3,0,1,1,1,0,1,50,2,2,1,0,0,1,44.0,37.0,voiture,utilitaire_camion,1,2,1,1,3
201900058591,2019-06-12 07:20:00,2019,6,12,7,20,94,94019,LIBERATION (RTE DE LA),48.802751,2.538645,Crépuscule ou aube,En agglomération,Intersection en X,Brouillard / fumée,Deux véhicules - côté,3,3,4,0,1,1,1,0,1,50,2,2,1,1,0,0,23.0,67.0,deux_roues,voiture,2,2,2,5,3
201900058592,2019-06-08 12:05:00,2019,6,8,12,5,94,94019,LIBERATION (RTE DE LA),48.80499,2.53492,Plein jour,En agglomération,Hors intersection,Normale,Deux véhicules - arrière,3,2,4,0,1,1,1,0,1,50,2,2,1,0,0,1,53.0,45.0,utilitaire_camion,voiture,1,2,1,1,2
201900058593,2019-06-08 11:32:00,2019,6,8,11,32,94,94053,GRANDE RUE PIERRE MENDES-FRANCE (R),48.7714,2.54448,Plein jour,En agglomération,Hors intersection,Normale,Deux véhicules - arrière,4,2,2,0,1,1,1,0,1,50,2,2,1,0,0,1,46.0,61.0,voiture,voiture,1,2,1,1,2
201900058594,2019-06-10 17:55:00,2019,6,10,17,55,94,94069,GRAVELLE (AV DE),48.82402,2.42006,Plein jour,En agglomération,Intersection en X,Normale,Deux véhicules - côté,3,2,4,0,1,1,1,0,1,30,2,5,4,0,1,0,39.0,46.0,voiture,deux_roues,1,2,2,1,3
201900058595,2019-06-05 13:14:00,2019,6,5,13,14,94,94018,GRAVELLE (AV DE),48.82463,2.41286,Plein jour,En agglomération,Intersection en X,Pluie légère,Deux véhicules - côté,4,2,2,1,1,1,2,0,1,30,2,2,1,0,1,0,31.0,31.0,deux_roues,voiture,1,2,2,2,3
201900058596,2019-06-02 14:50:00,2019,6,2,14,50,94,94018,GRAVELLE (AV DE),48.82684,2.40703,Plein jour,En agglomération,Hors intersection,Normale,Deux véhicules - côté,4,2,2,1,1,1,1,0,1,30,2,3,2,0,0,1,24.0,30.0,deux_roues,voiture,1,2,1,1,3
201900058597,2019-05-31 17:50:00,2019,5,31,17,50,94,94018,GRAVELLE (AV DE),48.8295651,2.4022722,Plein jour,En agglomération,Hors intersection,Normale,Deux véhicules - côté,4,2,2,1,1,1,1,0,1,30,2,2,1,0,0,1,36.0,42.0,voiture,deux_roues,1,2,1,1,3
201900058598,2019-06-18 00:00:00,2019,6,18,0,0,94,94017,CHARLES FLOQUET (R),48.81992,2.48253,Nuit avec éclairage allumé,En agglomération,Intersection en T,Normale,Deux véhicules - côté,3,-1,2,0,1,1,1,0,1,50,2,3,2,0,0,1,36.0,64.0,voiture,deux_roues,5,2,3,1,3
201900058599,2019-06-16 17:30:00,2019,6,16,17,30,94,94017,ROGER SALENGRO (AV),48.82002,2.48409,Plein jour,En agglomération,Intersection en Y,Normale,Deux véhicules - côté,3,3,0,0,1,2,1,5,1,50,2,2,1,0,0,1,17.0,28.0,deux_roues,voiture,1,2,4,1,3
201900058600,2019-06-12 00:30:00,2019,6,12,0,30,94,94017,GENERAL DE GAULLE (AV DU),48.82003,2.48406,Nuit avec éclairage allumé,En agglomération,Intersection en X,Normale,Deux véhicules - côté,3,1,0,0,1,1,2,5,1,50,2,3,2,0,0,1,44.0,22.0,voiture,voiture,5,2,2,1,3
201900058601,2019-06-07 15:50:00,2019,6,7,15,50,94,94017,BOILEAU (AV),48.80326,2.55041,Plein jour,En agglomération,Hors intersection,Temps couvert,Autre collision,4,2,2,0,1,1,1,0,1,30,1,2,1,0,0,1,50.0,,voiture,,1,2,1,8,6
201900058602,2019-06-06 18:15:00,2019,6,6,18,15,94,94017,MAURICE THOREZ (AV),48.81463,2.53778,Plein jour,En agglomération,Hors intersection,Normale,Autre collision,3,2,2,0,1,1,1,0,1,30,1,2,1,0,0,1,23.0,,voiture,,1,2,1,1,6
201900058603,2019-06-19 07:40:00,2019,6,19,7,40,94,94004,PARIS (R DE),48.75323,2.50758,Plein jour,En agglomération,Hors intersection,Normale,Deux véhicules - côté,4,2,2,0,2,1,1,0,1,50,2,2,1,0,0,1,44.0,22.0,voiture,deux_roues,1,2,1,1,3
201900058604,2019-06-14 09:05:00,2019,6,14,9,5,94,94048,NATIONALE 19,48.7275355,2.5397641,Plein jour,En agglomération,Intersection en X,Normale,Trois véhicules et plus - collisions multiples,2,3,5,0,4,1,1,5,1,50,3,3,2,0,0,1,28.0,37.0,deux_roues,voiture,1,2,2,1,5
201900058605,2019-06-12 22:50:00,2019,6,12,22,50,94,94044,GABRIEL PERI (AV),48.75186,2.4863,Nuit avec éclairage allumé,En agglomération,Hors intersection,Normale,Deux véhicules - arrière,3,3,2,0,1,1,2,0,1,50,2,2,1,0,0,1,40.0,28.0,voiture,deux_roues,5,2,1,1,2
201900058606,2019-06-13 09:00:00,2019,6,13,9,0,94,94004,GENERAL LECLERC (AV DU),48.74937,2.50843,Plein jour,En agglomération,Hors intersection,Normale,Deux véhicules - côté,2,2,4,0,2,1,1,0,1,50,2,2,1,0,0,1,50.0,50.0,voiture,deux_roues,1,2,1,1,3
201900058607,2019-06-05 23:00:00,2019,6,5,23,0,94,94071,FOSSE ROUGE (R DE LA),48.77534,2.52388,Nuit avec éclairage allumé,En agglomération,Hors intersection,Pluie légère,Autre collision,4,2,2,0,1,1,2,0,1,50,1,1,0,0,0,1,,,,,5,2,1,2,6
201900058608,2019-06-11 15:25:00,2019,6,11,15,25,94,94075,MARECHAL DE LATTRE DE TASSIGNY (AV),48.731044,2.524233,Plein jour,En agglomération,Autre intersection,Normale,Deux véhicules - arrière,2,3,4,0,2,3,1,5,1,50,2,2,1,0,0,1,73.0,87.0,voiture,voiture,1,2,9,1,2
201900058609,2019-06-11 01:50:00,2019,6,11,1,50,94,94004,FFI (ALL DES),48.7563202,2.5073315,Nuit sans éclairage public,En agglomération,Hors intersection,Normale,Deux véhicules - arrière,3,1,2,0,1,3,1,0,2,50,2,2,1,0,0,1,41.0,,utilitaire_camion,,3,2,1,1,2
201900058610,2019-06-08 20:50:00,2019,6,8,20,50,94,94075,BRUNOY (R DE),48.71262,2.52811,Plein jour,En agglomération,Intersection en T,Normale,Deux véhicules - côté,4,2,2,0,2,1,1,0,1,50,2,2,1,0,0,1,34.0,18.0,voiture,deux_roues,1,2,3,1,3
201900058611,2019-06-03 16:30:00,2019,6,3,16,30,94,94071,QUEUE EN BRIE (RTE DE LA),48.7604,2.53202,Plein jour,En agglomération,Autre intersection,Autre,Autre collision,4,2,2,0,1,1,2,9,2,30,1,1,0,0,0,1,48.0,,voiture,,1,2,9,9,6
201900058612,2019-06-02 16:40:00,2019,6,2,16,40,94,94004,GENERAL LECLERC (AV DU),48.752626,2.506572,Plein jour,En agglomération,Hors intersection,Normale,Trois véhicules et plus - collisions multiples,2,3,4,3,1,1,1,8,1,50,3,4,2,0,0,2,68.0,65.0,voiture,voiture,1,2,1,1,5
201900058613,2019-06-06 08:45:00,2019,6,6,8,45,94,94002,EMILE ZOLA (R),48.79,2.4,Plein jour,En agglomération,Intersection en T,Normale,Deux véhicules - côté,3,2,2,0,1,1,1,0,1,50,2,2,1,0,0,1,74.0,74.0,deux_roues,voiture,1,2,3,1,3
201900058614,2019-06-04 18:30:00,2019,6,4,18,30,94,94028,DIGUE D'ALFORTVILLE.,48.7831,2.432,Plein jour,En agglomération,Hors intersection,Pluie forte,Sans collision,3,2,2,0,1,2,2,0,1,50,1,1,0,0,1,0,28.0,,deux_roues,,1,2,1,3,7
201900058615,2019-12-01 14:15:00,2019,12,1,14,15,92,92050,ARAGO FRANCOIS AVENUE,48.9012176,2.2252744,Plein jour,En agglomération,Intersection en T,Normale,Deux véhicules - côté,3,2,5,0,1,1,2,0,1,50,2,2,1,0,0,1,25.0,23.0,deux_roues,voiture,1,2,3,1,3
201900058616,2019-06-03 21:10:00,2019,6,3,21,10,94,94002,REVOLUTION (QU DE LA),48.78206,2.41978,Crépuscule ou aube,En agglomération,Intersection en T,Normale,Deux véhicules - arrière,3,2,2,0,1,1,1,0,1,50,2,2,1,0,0,1,45.0,29.0,voiture,deux_roues,2,2,3,1,2
201900058617,2019-12-01 22:10:00,2019,12,1,22,10,1,01333,685 Route de Bourg En Bresse,45.930792,4.957401,Nuit avec éclairage allumé,En agglomération,Hors intersection,Normale,Trois véhicules et plus - collisions multiples,3,2,2,0,1,1,1,0,1,80,3,6,2,0,0,4,36.0,33.0,voiture,voiture,5,2,1,1,5
201900058618,2019-06-18 18:48:00,2019,6,18,18,48,93,93073,RESISTANCE (RUE DE LA),48.9477,2.56631,Plein jour,En agglomération,Giratoire,Normale,Deux véhicules - côté,3,-1,0,0,1,3,1,5,1,50,2,3,1,0,0,2,33.0,33.0,deux_roues,voiture,1,2,6,1,3
201900058619,2019-06-18 17:45:00,2019,6,18,17,45,93,93078,DAMBEL (AVENUE EMILE),48.9525,2.55027,Plein jour,En agglomération,Hors intersection,Normale,Autre collision,4,2,2,0,1,1,1,0,1,50,1,2,1,0,0,1,24.0,,voiture,,1,2,1,1,6
201900058620,2019-12-02 05:00:00,2019,12,2,5,0,45,45339,Lieu Dit la Merlerie,47.997628,2.588097,Nuit sans éclairage public,Hors agglomération,Hors intersection,Normale,Autre collision,3,2,2,0,1,1,1,0,3,80,1,1,0,1,0,0,24.0,,voiture,,3,1,1,1,6
201900058621,2019-06-17 18:00:00,2019,6,17,18,0,93,93078,DELACROIX (RUE EUGENE),48.95036,2.55209,Plein jour,En agglomération,Hors intersection,Normale,Autre collision,4,2,2,0,1,1,1,9,1,30,1,2,1,0,0,1,77.0,,voiture,,1,2,1,1,6
201900058622,2019-06-17 10:15:00,2019,6,17,10,15,93,93073,CHAPIT RE ( RUE DU),49.00385,2.56674,Plein jour,Hors agglomération,Hors intersection,Normale,Deux véhicules - arrière,5,1,2,0,1,1,1,2,1,50,2,2,1,0,0,1,47.0,64.0,voiture,voiture,1,1,1,1,2
201900058623,2019-11-28 18:10:00,2019,11,28,18,10,83,83054,La Farlède (Embranchement d'autoroute),43.15481,6.041837,Nuit avec éclairage allumé,Hors agglomération,Hors intersection,Normale,Deux véhicules - côté,1,3,2,0,1,1,1,0,1,110,2,2,1,0,0,1,60.0,37.0,voiture,deux_roues,5,1,1,1,3
201900058624,2019-12-02 12:45:00,2019,12,2,12,45,28,28326,D941,48.277416,1.255556,Plein jour,Hors agglomération,Hors intersection,Normale,Autre collision,3,2,2,0,1,2,1,0,3,80,1,1,0,1,0,0,22.0,,deux_roues,,1,1,1,1,6
201900058625,2019-06-15 22:28:00,2019,6,15,22,28,93,93078,BALLANGER (BD ROBERT),48.957627,2.545014,Nuit avec éclairage allumé,En agglomération,Intersection en X,Normale,Trois véhicules et plus - collisions multiples,3,3,4,3,1,1,1,0,2,50,4,4,2,0,0,2,17.0,20.0,deux_roues,voiture,5,2,2,1,5
201900058626,2019-12-02 15:00:00,2019,12,2,15,0,76,76404,D925,49.58218,0.242805,Plein jour,Hors agglomération,Hors intersection,Normale,Deux véhicules - frontale,3,2,2,0,1,2,1,0,1,80,2,4,0,2,2,0,51.0,47.0,voiture,voiture,1,1,1,1,1
201900058627,2019-06-14 23:55:00,2019,6,14,23,55,93,93078,NATIONS (AVENUE DES),48.9703,2.5033,Nuit avec éclairage non allumé,En agglomération,Giratoire,Normale,Deux véhicules - côté,4,2,2,0,1,1,1,9,1,50,2,9,5,0,0,4,54.0,19.0,voiture,voiture,4,2,6,1,3
201900058628,2019-11-30 22:00:00,2019,11,30,22,0,1,01360,D884,46.2167699,5.9762893,Nuit sans éclairage public,Hors agglomération,Hors intersection,Pluie légère,Autre collision,3,3,4,0,2,1,2,0,1,110,1,1,0,0,1,0,,,,,3,1,1,2,6
201900058629,2019-12-01 23:15:00,2019,12,1,23,15,22,22305,Saint-Jouan-de-l'Isle,48.2728547,-2.1776316,Nuit sans éclairage public,Hors agglomération,Hors intersection,Pluie légère,Sans collision,2,3,4,0,1,1,2,0,1,110,1,1,0,0,1,0,82.0,,voiture,,3,1,1,2,7
201900058630,2019-06-13 14:45:00,2019,6,13,14,45,93,93078,CLEMENCEAU (AVENUE GEORGES),48.95451,2.56193,Plein jour,En agglomération,Hors intersection,Pluie légère,Deux véhicules - arrière,3,1,2,0,1,1,2,0,1,50,2,3,1,0,0,2,30.0,33.0,deux_roues,voiture,1,2,1,2,2
201900058631,2019-11-29 17:55:00,2019,11,29,17,55,57,57655,D955,48.959547,6.298443,Nuit sans éclairage public,Hors agglomération,Hors intersection,Normale,Deux véhicules - frontale,3,2,2,0,2,1,1,0,1,80,2,2,0,1,1,0,61.0,46.0,voiture,voiture,3,1,1,1,1
201900058632,2019-12-01 22:05:00,2019,12,1,22,5,74,74289,D14,45.906329,5.942393,Nuit sans éclairage public,Hors agglomération,Hors intersection,Autre,Autre collision,3,2,2,0,2,3,2,0,8,80,1,1,0,1,0,0,21.0,,voiture,,3,1,1,9,6
201900058633,2019-06-13 16:10:00,2019,6,13,16,10,93,93073,BARBUSSE (RUE HENRI),48.96427,2.57047,Plein jour,En agglomération,Intersection en X,Normale,Deux véhicules - côté,4,2,2,0,1,1,1,0,1,50,2,2,1,0,0,1,23.0,59.0,voiture,voiture,1,2,2,1,3
201900058634,2019-12-02 13:25:00,2019,12,2,13,25,2B,2B346,Arena Soprana,42.499017,9.467272,Plein jour,En agglomération,Hors intersection,Normale,Deux véhicules - côté,2,2,2,0,1,1,1,0,1,70,2,2,0,0,0,2,31.0,26.0,utilitaire_camion,utilitaire_camion,1,2,1,1,3
201900058635,2019-06-12 04:45:00,2019,6,12,4,45,93,93073,CHAPIT RE ( RUE DU),49.005,2.549,Crépuscule ou aube,En agglomération,Autre intersection,Pluie légère,Autre collision,4,2,3,0,2,2,2,0,1,50,1,1,0,0,0,1,35.0,,voiture,,2,2,9,2,6
201900058636,2019-06-11 10:52:00,2019,6,11,10,52,93,93078,DELATTRE DE TASSIGNY (AVENUE),48.96368,2.5378,Plein jour,En agglomération,Autre intersection,Normale,Autre collision,4,2,2,0,1,1,1,0,1,50,1,2,1,0,0,1,44.0,,voiture,,1,2,9,1,6
201900058637,2019-11-28 19:10:00,2019,11,28,19,10,60,60102,D200,49.3062888,2.5316892,Nuit sans éclairage public,Hors agglomération,Hors intersection,Normale,Trois véhicules et plus - collisions multiples,3,2,3,0,4,1,2,0,1,90,3,3,2,0,0,1,27.0,54.0,voiture,voiture,3,1,1,1,5
201900058638,2019-06-11 09:30:00,2019,6,11,9,30,93,93073,CHAPIT RE ( RUE DU),48.99429,2.52296,Plein jour,En agglomération,Hors intersection,Normale,Autre collision,6,2,1,0,1,2,1,0,1,30,1,2,1,0,0,1,53.0,,voiture,,1,2,1,1,6
201900058639,2019-11-30 18:00:00,2019,11,30,18,0,46,46128,D 807,44.792326,1.74668,Nuit sans éclairage public,Hors agglomération,Hors intersection,Pluie légère,Deux véhicules - frontale,3,2,2,0,2,1,2,0,1,80,2,3,2,0,1,0,56.0,20.0,voiture,voiture,3,1,1,2,1
201900058640,2019-06-07 19:00:00,2019,6,7,19,0,93,93073,ROISSY (ROUTE DE),48.980528,2.555519,Plein jour,En agglomération,Autre intersection,Pluie légère,Deux véhicules - côté,3,1,2,0,1,1,2,0,1,50,2,2,1,0,0,1,42.0,42.0,voiture,voiture,1,2,9,2,3
201900058641,2019-12-02 00:24:00,2019,12,2,0,24,47,47310,Ayet,44.35259,0.319677,Nuit sans éclairage public,Hors agglomération,Hors intersection,Brouillard / fumée,Autre collision,3,2,2,0,1,3,1,0,1,80,1,1,0,1,0,0,23.0,,voiture,,3,1,1,5,6
201900058642,2019-06-07 23:45:00,2019,6,7,23,45,93,93073,BERGER (RUE GILBERT),48.94593,2.56934,Nuit avec éclairage allumé,En agglomération,Hors intersection,Normale,Deux véhicules - arrière,4,2,3,0,1,1,1,0,1,50,2,2,1,0,0,1,29.0,26.0,voiture,voiture,5,2,1,1,2
201900058643,2019-12-01 00:05:00,2019,12,1,0,5,29,29080,Rue Emile Salaun,48.33082,-4.24528,Nuit avec éclairage non allumé,En agglomération,Hors intersection,Normale,Deux véhicules - frontale,3,2,2,0,2,1,2,0,1,50,2,3,1,0,0,2,46.0,15.0,voiture,deux_roues,4,2,1,1,1
201900058644,2019-12-01 04:55:00,2019,12,1,4,55,68,68139,D17,47.581158,7.216043,Nuit sans éclairage public,Hors agglomération,Hors intersection,Normale,Autre collision,3,2,2,0,1,3,1,0,3,80,1,1,0,0,0,1,22.0,,voiture,,3,1,1,1,6
201900058645,2019-06-06 20:00:00,2019,6,6,20,0,93,93073,CHAPIT RE ( RUE DU),48.9496,2.5684,Plein jour,Hors agglomération,Hors intersection,Normale,Autre collision,4,2,2,1,1,1,1,0,1,70,1,2,0,0,0,2,20.0,,voiture,,1,1,1,1,6
201900058646,2019-12-02 17:10:00,2019,12,2,17,10,68,68134,1 Cour Sainte Marthe,48.024224,7.321789,Nuit sans éclairage public,Hors agglomération,Hors intersection,Normale,Deux véhicules - frontale,3,2,2,0,3,1,1,2,1,80,2,6,1,1,4,0,27.0,63.0,voiture,utilitaire_camion,3,1,1,1,1
201900058647,2019-06-05 15:05:00,2019,6,5,15,5,93,93073,CHAPIT RE ( RUE DU),48.9872,2.5441,Plein jour,En agglomération,Hors intersection,Pluie légère,Autre collision,4,2,2,0,1,3,2,0,1,50,1,3,0,0,0,3,19.0,,voiture,,1,2,1,2,6
201900058648,2019-12-01 02:15:00,2019,12,1,2,15,44,44127,15 Rue des acacias ,47.0163084,-1.4301897,Nuit sans éclairage public,En agglomération,Hors intersection,Brouillard / fumée,Sans collision,4,2,2,0,1,1,2,0,1,50,1,1,0,0,0,1,17.0,,deux_roues,,3,2,1,5,7
201900058649,2019-06-18 13:24:00,2019,6,18,13,24,93,93072,ROLL TANGUY,48.95819,2.36755,Plein jour,En agglomération,Intersection en T,Normale,Deux véhicules - arrière,4,3,2,0,1,1,1,9,1,50,2,2,1,0,0,1,20.0,40.0,voiture,voiture,1,2,3,1,2
201900058650,2019-12-02 04:40:00,2019,12,2,4,40,31,31451,7 Rue Georges Brassens,43.466548,1.995405,Nuit sans éclairage public,En agglomération,Hors intersection,Brouillard / fumée,Autre collision,4,2,2,0,1,3,2,0,3,50,1,1,0,0,1,0,27.0,,voiture,,3,2,1,5,6
201900058651,2019-06-17 10:15:00,2019,6,17,10,15,93,93072,MAXIME GORKI (BOULEVARD) N°72 AU 80,48.94647,2.38643,Plein jour,En agglomération,Autre intersection,Normale,Autre collision,3,1,3,3,1,1,1,0,6,50,1,2,1,0,1,0,25.0,,utilitaire_camion,,1,2,9,1,6
201900058652,2019-12-02 18:17:00,2019,12,2,18,17,38,38012,Route des Savoie,45.61282,5.61471,Nuit sans éclairage public,Hors agglomération,Hors intersection,Normale,Deux véhicules - arrière,3,2,2,0,1,1,1,0,1,80,2,2,1,1,0,0,19.0,44.0,voiture,deux_roues,3,1,1,1,2
201900058653,2019-06-15 13:50:00,2019,6,15,13,50,93,93072,MARCEL CACHIN (AVENUE) COTE N°16 AU 50,48.95738,2.38281,Plein jour,En agglomération,Autre intersection,Normale,Deux véhicules - côté,3,1,2,0,3,3,1,0,1,50,2,3,2,0,0,1,31.0,23.0,voiture,deux_roues,1,2,9,1,3
201900058654,2019-12-02 13:55:00,2019,12,2,13,55,70,70163,N57 PR 39Colombier,47.6637511,6.2202804,Plein jour,Hors agglomération,Hors intersection,Normale,Deux véhicules - frontale,2,2,2,0,2,2,1,0,1,80,2,2,0,0,2,0,60.0,75.0,utilitaire_camion,voiture,1,1,1,1,1
201900058655,2019-06-01 12:30:00,2019,6,1,12,30,93,93066,"""STALINGRAND (AV), NR 2-86 ET 1 SUIVANTS",48.94547,2.36384,Plein jour,En agglomération,Autre intersection,Normale,Deux véhicules - côté,3,3,4,0,1,1,1,5,1,50,2,2,1,0,0,1,48.0,52.0,voiture,voiture,1,2,9,1,3
201900058656,2019-12-02 08:15:00,2019,12,2,8,15,26,26246,Route de DIE,44.764045,5.309687,Crépuscule ou aube,Hors agglomération,Hors intersection,Normale,Deux véhicules - côté,3,2,2,0,1,2,2,0,1,80,2,2,1,0,0,1,38.0,55.0,utilitaire_camion,utilitaire_camion,2,1,1,1,3
201900058657,2019-12-02 16:05:00,2019,12,2,16,5,45,45081,36 Rue de la Libération,47.928963,1.577369,Plein jour,En agglomération,Autre intersection,Normale,Autre collision,3,2,2,0,1,3,1,0,4,50,1,1,0,0,1,0,24.0,,voiture,,1,2,9,1,6
201900058658,2019-06-15 20:58:00,2019,6,15,20,58,93,93071,THIERS (RUE),48.9333,2.5333,Plein jour,En agglomération,Hors intersection,Normale,Autre collision,4,1,1,0,1,2,1,0,1,50,1,1,0,0,0,1,,,,,1,2,1,1,6
201900058659,2019-12-02 13:00:00,2019,12,2,13,0,53,53016,"D20, au niveau de l'intersection de la Loirie",48.258733,-0.353611,Plein jour,Hors agglomération,Intersection en T,Normale,Deux véhicules - côté,3,2,2,0,4,3,1,0,1,80,2,2,1,0,1,0,50.0,47.0,utilitaire_camion,deux_roues,1,1,3,1,3